ts,x,y,yaw,x_des,y_des,yaw_des,v_ff,w_ff,v_actual,w_actual,omega_l_cmd,omega_r_cmd,omega_l_meas,omega_r_meas,duty_l,duty_r,x_err,y_err,yaw_err,x_raw,y_raw,yaw_raw,acc_x,acc_y,acc_z,gyro_x,gyro_y,gyro_z
181979,,,,,,,,,,,,,0.000000,0.000000,0.000000,0.000000,,,,,,,,,,,,
181982,,,,,,,,,,,,,,,,,,,,-0.066525,-0.983068,1.298801,,,,,,
181988,,,,,,,,,,,,,,,,,,,,,,,,,,,,-0.350000
181989,,,,,,,,,,,,,0.000000,0.000000,0.000000,0.000000,,,,,,,,,,,,
181993,,,,,,,,,,,,,,,,,,,,-0.066535,-0.983056,1.298801,,,,,,
181998,,,,,,,,,,,,,,,,,,,,,,,,,,,,-0.210000
181999,,,,,,,,,,,,,0.000000,0.000000,0.000000,0.000000,,,,,,,,,,,,
182002,,,,,,,,,,,,,,,,,,,,-0.066520,-0.983078,1.298815,,,,,,
182008,,,,,,,,,,,,,,,,,,,,,,,,,,,,-0.420000
182009,,,,,,,,,,,,,0.000000,0.000000,0.000000,0.000000,,,,,,,,,,,,
182012,,,,,,,,,,,,,,,,,,,,-0.066517,-0.983065,1.298815,,,,,,
182018,,,,,,,,,,,,,,,,,,,,,,,,,,,,-0.280000
182019,,,,,,,,,,,,,0.000000,0.000000,0.000000,0.000000,,,,,,,,,,,,
182022,,,,,,,,,,,,,,,,,,,,-0.066521,-0.983076,1.298815,,,,,,
182027,,,,,,,,,,,,,,,,,,,,,,,,,,,,-0.350000
182030,,,,-0.001836,-0.971674,1.682211,0.286078,1.123658,,,18.490078,30.626114,0.000000,0.000000,0.188599,0.312386,0.028360,-0.059244,0.383397,,,,,,,,,
182033,,,,,,,,,,,,,,,,,,,,-0.066525,-0.983088,1.298801,,,,,,
182038,,,,,,,,,,,,,,,,,,,,,,,,,,,,-0.350000
182039,,,,,,,,,,,,,0.636297,1.272595,0.185807,0.305531,,,,,,,,,,,,
182042,,,,,,,,,,,,,,,,,,,,-0.066491,-0.983108,1.298828,,,,,,
182048,,,,,,,,,,,,,,,,,,,,,,,,,,,,7.770000
182049,,,,,,,,,,,,,0.535380,3.817927,0.190407,0.285439,,,,,,,,,,,,
182052,,,,,,,,,,,,,,,,,,,,-0.066427,-0.983213,1.302279,,,,,,
182058,,,,,,,,,,,,,,,,,,,,,,,,,,,,18.129999
182059,,,,,,,,,,,,,1.547233,7.051077,0.183677,0.257823,,,,,,,,,,,,
182062,,,,,,,,,,,,,,,,,,,,-0.066161,-0.982733,1.305774,,,,,,
182068,,,,,,,,,,,,,,,,,,,,,,,,,,,,21.000000
182069,,,,,,,,,,,,,1.849617,10.314976,0.183981,0.229246,,,,,,,,,,,,
182073,,,,,,,,,,,,,,,,,,,,-0.065834,-0.981877,1.309243,,,,,,
182078,,,,,,,,,,,,,,,,,,,,,,,,,,,,37.240002
182080,,,,-0.004685,-0.950614,1.725241,0.381561,0.954157,,,27.637804,41.649471,,,,,0.045419,-0.051291,0.410164,,,,,,,,,
182081,,,,,,,,,,,,,2.507767,12.009268,0.273903,0.328465,,,,,,,,,,,,
182082,,,,,,,,,,,,,,,,,,,,-0.065471,-0.980754,1.316234,,,,,,
182088,,,,,,,,,,,,,,,,,,,,,,,,,,,,71.680000
182089,,,,,,,,,,,,,4.044698,13.973923,0.263252,0.314353,,,,,,,,,,,,
182093,,,,,,,,,,,,,,,,,,,,-0.064949,-0.979376,1.326745,,,,,,
182098,,,,,,,,,,,,,,,,,,,,,,,,,,,,73.290001
182099,,,,,,,,,,,,,6.143462,17.238163,0.246563,0.286593,,,,,,,,,,,,
182102,,,,,,,,,,,,,,,,,,,,-0.064375,-0.977692,1.340834,,,,,,
182108,,,,,,,,,,,,,,,,,,,,,,,,,,,,74.690002
182109,,,,,,,,,,,,,8.457743,19.985247,0.227256,0.263455,,,,,,,,,,,,
182112,,,,,,,,,,,,,,,,,,,,-0.063845,-0.975639,1.355008,,,,,,
182118,,,,,,,,,,,,,,,,,,,,,,,,,,,,71.889999
182119,,,,,,,,,,,,,9.857425,21.749531,0.216816,0.249792,,,,,,,,,,,,
182123,,,,,,,,,,,,,,,,,,,,-0.063116,-0.973012,1.369258,,,,,,
182128,,,,,,,,,,,,,,,,,,,,,,,,,,,,66.080002
182130,,,,-0.009029,-0.925637,1.758086,0.467199,0.762906,,,35.817104,50.234936,,,,,0.056716,-0.043863,0.383894,,,,,,,,,
182131,,,,,,,,,,,,,11.136861,23.511898,0.290750,0.323368,,,,,,,,,,,,
182133,,,,,,,,,,,,,,,,,,,,-0.062242,-0.970439,1.376436,,,,,,
182138,,,,,,,,,,,,,,,,,,,,,,,,,,,,72.660004
182139,,,,,,,,,,,,,12.611110,24.319687,0.280649,0.320473,,,,,,,,,,,,
182142,,,,,,,,,,,,,,,,,,,,-0.061229,-0.967177,1.390783,,,,,,
182148,,,,,,,,,,,,,,,,,,,,,,,,,,,,80.919998
182149,,,,,,,,,,,,,14.446183,26.489319,0.266573,0.303526,,,,,,,,,,,,
182152,,,,,,,,,,,,,,,,,,,,-0.060279,-0.963685,1.405245,,,,,,
182158,,,,,,,,,,,,,,,,,,,,,,,,,,,,76.860001
182159,,,,,,,,,,,,,17.081524,28.856785,0.243966,0.284127,,,,,,,,,,,,
182163,,,,,,,,,,,,,,,,,,,,-0.059684,-0.960015,1.423474,,,,,,
182168,,,,,,,,,,,,,,,,,,,,,,,,,,,,83.089996
182169,,,,,,,,,,,,,18.760773,30.314117,0.230585,0.273538,,,,,,,,,,,,
182172,,,,,,,,,,,,,,,,,,,,-0.058967,-0.955858,1.434562,,,,,,
182178,,,,,,,,,,,,,,,,,,,,,,,,,,,,83.720001
182180,,,,-0.014805,-0.897035,1.779629,0.545988,0.547042,,,43.247631,57.031277,,,,,0.063926,-0.036168,0.340923,,,,,,,,,
182181,,,,,,,,,,,,,20.056240,31.200865,0.296574,0.337800,,,,,,,,,,,,
182183,,,,,,,,,,,,,,,,,,,,-0.058070,-0.951412,1.449229,,,,,,
182188,,,,,,,,,,,,,,,,,,,,,,,,,,,,87.919998
182189,,,,,,,,,,,,,22.049126,32.719662,0.280885,0.327474,,,,,,,,,,,,
182192,,,,,,,,,,,,,,,,,,,,-0.057385,-0.946668,1.464020,,,,,,
182198,,,,,,,,,,,,,,,,,,,,,,,,,,,,96.459999
182199,,,,,,,,,,,,,23.482603,34.652111,0.270503,0.312626,,,,,,,,,,,,
182202,,,,,,,,,,,,,,,,,,,,-0.056365,-0.941719,1.482721,,,,,,
182208,,,,,,,,,,,,,,,,,,,,,,,,,,,,96.529999
182209,,,,,,,,,,,,,25.243734,36.835949,0.256492,0.294826,,,,,,,,,,,,
182213,,,,,,,,,,,,,,,,,,,,-0.055657,-0.936663,1.501535,,,,,,
182218,,,,,,,,,,,,,,,,,,,,,,,,,,,,97.930000
182219,,,,,,,,,,,,,26.172531,37.570370,0.250620,0.291374,,,,,,,,,,,,
182223,,,,,,,,,,,,,,,,,,,,-0.055056,-0.930741,1.516729,,,,,,
182228,,,,,,,,,,,,,,,,,,,,,,,,,,,,108.709999
182230,,,,-0.021809,-0.864917,1.789212,0.620786,0.312391,,,50.598995,62.109829,,,,,0.067415,-0.029981,0.269946,,,,,,,,,
182231,,,,,,,,,,,,,27.711670,38.724339,0.313319,0.335297,,,,,,,,,,,,
182232,,,,,,,,,,,,,,,,,,,,-0.054294,-0.924958,1.535933,,,,,,
182238,,,,,,,,,,,,,,,,,,,,,,,,,,,,115.639999
182239,,,,,,,,,,,,,29.792315,40.353516,0.296674,0.323357,,,,,,,,,,,,
182242,,,,,,,,,,,,,,,,,,,,-0.053658,-0.918670,1.555235,,,,,,
182248,,,,,,,,,,,,,,,,,,,,,,,,,,,,113.190002
182249,,,,,,,,,,,,,31.640551,42.170067,0.281983,0.309179,,,,,,,,,,,,
182253,,,,,,,,,,,,,,,,,,,,-0.053277,-0.912268,1.574703,,,,,,
182258,,,,,,,,,,,,,,,,,,,,,,,,,,,,113.470001
182259,,,,,,,,,,,,,,,0.269967,0.297644,,,,,,,,,,,,
182293,,,,,,,,,,,,,,,,,,,,-0.052668,-0.883341,1.647543,,,,,,
182299,,,,,,,,,,,,,39.246906,48.692291,0.299891,0.295530,,,,,,,,,,,,
182302,,,,,,,,,,,,,,,,,,,,-0.052883,-0.875661,1.666356,,,,,,
182312,,,,,,,,,,,,,40.593620,49.802845,0.289927,0.287559,,,,,,,,,,,,
182313,,,,,,,,,,,,,,,,,,,,-0.053351,-0.867739,1.677553,,,,,,77.000000
182321,,,,,,,,,,,,,42.067684,51.033588,0.278395,0.278140,,,,,,,,,,,,
182324,,,,,,,,,,,,,,,,,,,,,,,,,,,,61.040001
182323,,,,,,,,,,,,,,,,,,,,-0.054037,-0.859452,1.692380,,,,,,
182330,,,,-0.038114,-0.789875,1.773337,0.767646,-0.162389,,,65.506172,67.954285,,,,,0.067227,-0.024462,0.080447,,,,,,,,,
182331,,,,,,,,,,,,,,,,,,,,,,,,,,,,57.470001
182332,,,,,,,,,,,,,44.152943,52.211983,0.335792,0.294271,,,,-0.054713,-0.851598,1.703458,,,,,,
182337,,,,,,,,,,,,,,,,,,,,,,,,,,,,59.639999
182339,,,,,,,,,,,,,45.429443,52.210320,0.327043,0.297437,,,,,,,,,,,,
182342,,,,,,,,,,,,,,,,,,,,-0.055695,-0.843105,1.710784,,,,,,53.060001
182348,,,,,,,,,,,,,,,,,,,,,,,,,,,,50.750000
182349,,,,,,,,,,,,,46.997555,53.251308,0.315063,0.289968,,,,,,,,,,,,
182352,,,,,,,,,,,,,,,,,,,,-0.056658,-0.834205,1.718125,,,,,,
182358,,,,,,,,,,,,,,,,,,,,,,,,,,,,37.939999
182359,,,,,,,,,,,,,48.828827,53.544552,0.300086,0.289917,,,,,,,,,,,,
182363,,,,,,,,,,,,,,,,,,,,-0.057708,-0.825650,1.729061,,,,,,
182368,,,,,,,,,,,,,,,,,,,,,,,,,,,,32.900002
182369,,,,,,,,,,,,,49.871952,54.388973,0.292781,0.284186,,,,,,,,,,,,
182372,,,,,,,,,,,,,,,,,,,,-0.058851,-0.816413,1.728982,,,,,,
182380,,,,-0.046502,-0.746596,1.749995,0.842989,-0.374039,,,72.306015,70.804039,,,,,0.067126,-0.023364,0.020444,,,,,,,,,
182381,,,,,,,,,,,,,51.266708,55.532551,0.351040,0.304302,,,,,,,,,,,,
182385,,,,,,,,,,,,,,,,,,,,,,,,,,,,11.060000
182382,,,,,,,,,,,,,,,,,,,,-0.059852,-0.807222,1.732673,,,,,,
182389,,,,,,,,,,,,,53.159298,56.748577,0.335944,0.294953,,,,,,,,,,,,
182390,,,,,,,,,,,,,,,,,,,,,,,,,,,,11.830000
182392,,,,,,,,,,,,,,,,,,,,-0.061067,-0.798388,1.736333,,,,,,
182398,,,,,,,,,,,,,,,,,,,,,,,,,,,,13.020000
182399,,,,,,,,,,,,,54.560486,57.034267,0.325481,0.294850,,,,,,,,,,,,
182402,,,,,,,,,,,,,,,,,,,,-0.062487,-0.789192,1.739965,,,,,,
182408,,,,,,,,,,,,,,,,,,,,,,,,,,,,-7.770000
182409,,,,,,,,,,,,,55.799976,57.881416,0.316387,0.288963,,,,,,,,,,,,
182412,,,,,,,,,,,,,,,,,,,,-0.063914,-0.779156,1.732696,,,,,,
182418,,,,,,,,,,,,,,,,,,,,,,,,,,,,-23.100000
182419,,,,,,,,,,,,,57.363056,58.566330,0.303745,0.284561,,,,,,,,,,,,
182422,,,,,,,,,,,,,,,,,,,,-0.065524,-0.769518,1.729038,,,,,,
182428,,,,,,,,,,,,,,,,,,,,,,,,,,,,-29.889999
182430,,,,-0.054341,-0.699187,1.718589,0.920912,-0.553737,,,78.725479,74.497498,,,,,0.067763,-0.022292,-0.011447,,,,,,,,,
182431,,,,,,,,,,,,,58.579475,59.123081,0.359805,0.319003,,,,,,,,,,,,
182432,,,,,,,,,,,,,,,,,,,,-0.067102,-0.759802,1.725414,,,,,,
182439,,,,,,,,,,,,,59.826611,59.625385,0.351113,0.316955,,,,,,,,,,,,
182443,,,,,,,,,,,,,,,,,,,,-0.068672,-0.749919,1.721747,,,,,,-30.450001
182448,,,,,,,,,,,,,,,,,,,,,,,,,,,,-31.500000
182449,,,,,,,,,,,,,61.312370,60.045631,0.339738,0.315643,,,,,,,,,,,,
182452,,,,,,,,,,,,,,,,,,,,-0.070040,-0.740046,1.718121,,,,,,
182458,,,,,,,,,,,,,,,,,,,,,,,,,,,,-35.419998
182459,,,,,,,,,,,,,63.068401,60.909214,0.325309,0.309724,,,,,,,,,,,,
182462,,,,,,,,,,,,,,,,,,,,-0.071377,-0.729923,1.710797,,,,,,
182468,,,,,,,,,,,,,,,,,,,,,,,,,,,,-38.150002
182469,,,,,,,,,,,,,64.067726,61.150791,0.318247,0.309978,,,,,,,,,,,,
182472,,,,,,,,,,,,,,,,,,,,-0.072848,-0.719398,1.703467,,,,,,
182478,,,,,,,,,,,,,,,,,,,,,,,,,,,,-39.270000
182480,,,,-0.061061,-0.647458,1.681023,1.001749,-0.696081,,,,,,,,,,,,,,,,,,,,
182481,,,,,,,,,,,85.100334,79.352959,64.886192,61.974400,0.377854,0.353772,0.069806,-0.021202,-0.022348,,,,,,,,,
182482,,,,,,,,,,,,,,,,,,,,-0.074132,-0.708761,1.692369,,,,,,
182488,,,,,,,,,,,,,,,,,,,,,,,,,,,,-47.180000
182489,,,,,,,,,,,,,66.168221,63.037476,0.368820,0.346404,,,,,,,,,,,,
182493,,,,,,,,,,,,,,,,,,,,-0.075371,-0.697860,1.684936,,,,,,
182498,,,,,,,,,,,,,,,,,,,,,,,,,,,,-48.090000
182499,,,,,,,,,,,,,67.191109,64.008461,0.362173,0.339764,,,,,,,,,,,,
182502,,,,,,,,,,,,,,,,,,,,-0.076470,-0.686816,1.677510,,,,,,
182508,,,,,,,,,,,,,,,,,,,,,,,,,,,,-49.700001
182509,,,,,,,,,,,,,68.573532,64.801201,0.351654,0.334746,,,,,,,,,,,,
182512,,,,,,,,,,,,,,,,,,,,-0.077481,-0.675905,1.670055,,,,,,
182519,,,,,,,,,,,,,69.256851,65.532379,0.347990,0.330199,,,,,,,,,,,,
182523,,,,,,,,,,,,,,,,,,,,-0.078596,-0.664966,1.658853,,,,,,-52.150002
182528,,,,,,,,,,,,,,,,,,,,,,,,,,,,-51.240002
182530,,,,-0.066091,-0.591288,1.639138,1.085320,-0.800367,,,91.301300,85.033669,,,,,0.072353,-0.019031,-0.020480,,,,,,,,,
182531,,,,,,,,,,,,,70.504349,66.429680,0.401684,0.381754,,,,,,,,,,,,
182532,,,,,,,,,,,,,,,,,,,,-0.079660,-0.653415,1.651332,,,,,,
182538,,,,,,,,,,,,,,,,,,,,,,,,,,,,-54.669998
182539,,,,,,,,,,,,,71.753349,67.670662,0.393104,0.372816,,,,,,,,,,,,
182542,,,,,,,,,,,,,,,,,,,,-0.080817,-0.642259,1.643810,,,,,,
182548,,,,,,,,,,,,,,,,,,,,,,,,,,,,-57.959999
182549,,,,,,,,,,,,,73.010223,68.476181,0.384193,0.368073,,,,,,,,,,,,
182553,,,,,,,,,,,,,,,,,,,,-0.081641,-0.630812,1.632463,,,,,,
182558,,,,,,,,,,,,,,,,,,,,,,,,,,,,-49.349998
182559,,,,,,,,,,,,,74.552315,69.643913,0.372122,0.359473,,,,,,,,,,,,
182562,,,,,,,,,,,,,,,,,,,,-0.082302,-0.618504,1.621047,,,,,,
182568,,,,,,,,,,,,,,,,,,,,,,,,,,,,-54.599998
182569,,,,,,,,,,,,,75.860374,70.636108,0.362130,0.352431,,,,,,,,,,,,
182573,,,,,,,,,,,,,,,,,,,,-0.082910,-0.606288,1.613366,,,,,,
182580,,,,-0.068880,-0.530647,1.594562,1.170943,-0.869581,,,97.556931,90.976265,,,,,0.075005,-0.017173,-0.018522,,,,,,,,,
182581,,,,,,,,,,,,,76.420044,71.558006,0.423317,0.406522,,,,,,,,,,,,
182585,,,,,,,,,,,,,,,,,,,,,,,,,,,,-59.500000
182583,,,,,,,,,,,,,,,,,,,,-0.083502,-0.593665,1.605629,,,,,,
182589,,,,,,,,,,,,,77.635025,72.210587,0.415151,0.403749,,,,,,,,,,,,
182590,,,,,,,,,,,,,,,,,,,,,,,,,,,,-62.790001
182593,,,,,,,,,,,,,,,,,,,,-0.083940,-0.581277,1.590179,,,,,,
182598,,,,,,,,,,,,,,,,,,,,,,,,,,,,-59.290001
182599,,,,,,,,,,,,,79.023369,73.363144,0.404974,0.395746,,,,,,,,,,,,
182602,,,,,,,,,,,,,,,,,,,,-0.084280,-0.568918,1.582409,,,,,,
182608,,,,,,,,,,,,,,,,,,,,,,,,,,,,-58.939999
182609,,,,,,,,,,,,,80.166740,74.857170,0.397019,0.384030,,,,,,,,,,,,
182612,,,,,,,,,,,,,,,,,,,,-0.084576,-0.556677,1.574691,,,,,,
182618,,,,,,,,,,,,,,,,,,,,,,,,,,,,-57.959999
182619,,,,,,,,,,,,,81.704475,76.140678,0.384812,0.374162,,,,,,,,,,,,
182623,,,,,,,,,,,,,,,,,,,,-0.084726,-0.544033,1.562999,,,,,,
182628,,,,,,,,,,,,,,,,,,,,,,,,,,,,-62.790001
182630,,,,-0.068920,-0.465625,1.548635,1.257475,-0.908977,,,103.904144,97.398445,,,,,0.078460,-0.015106,-0.014135,,,,,,,,,
182631,,,,,,,,,,,,,82.340965,77.190796,0.446232,0.431924,,,,,,,,,,,,
182632,,,,,,,,,,,,,,,,,,,,-0.084706,-0.530762,1.551321,,,,,,
182639,,,,,,,,,,,,,83.813393,78.819511,0.435526,0.419352,,,,,,,,,,,,
182643,,,,,,,,,,,,,,,,,,,,-0.084679,-0.517443,1.543587,,,,,,-50.189999
182649,,,,,,,,,,,,,85.322418,80.024132,0.424152,0.410781,,,,,,,,,,,,-53.200001
182652,,,,,,,,,,,,,,,,,,,,-0.084438,-0.503547,1.535876,,,,,,
182658,,,,,,,,,,,,,,,,,,,,,,,,,,,,-63.490002
182659,,,,,,,,,,,,,86.088516,81.080605,0.420054,0.403480,,,,,,,,,,,,
182662,,,,,,,,,,,,,,,,,,,,-0.084072,-0.489640,1.524374,,,,,,
182668,,,,,,,,,,,,,,,,,,,,,,,,,,,,-65.589996
182669,,,,,,,,,,,,,87.202507,81.894951,0.412254,0.398437,,,,,,,,,,,,
182673,,,,,,,,,,,,,,,,,,,,-0.083298,-0.475711,1.516735,,,,,,
182678,,,,,,,,,,,,,,,,,,,,,,,,,,,,-55.369999
182680,,,,-0.065768,-0.396432,1.502387,1.343390,-0.924698,,,109.804497,103.195747,,,,,0.080165,-0.013116,-0.013983,,,,,,,,,
182681,,,,,,,,,,,,,88.365623,82.962753,0.463914,0.449779,,,,,,,,,,,,
182682,,,,,,,,,,,,,,,,,,,,-0.082604,-0.461789,1.501531,,,,,,
182688,,,,,,,,,,,,,,,,,,,,,,,,,,,,-54.599998
182689,,,,,,,,,,,,,89.561531,84.354218,0.456004,0.439632,,,,,,,,,,,,
182692,,,,,,,,,,,,,,,,,,,,-0.081861,-0.447988,1.493978,,,,,,
182698,,,,,,,,,,,,,,,,,,,,,,,,,,,,-59.430000
182699,,,,,,,,,,,,,90.704025,85.774483,0.448399,0.428914,,,,,,,,,,,,
182702,,,,,,,,,,,,,,,,,,,,-0.080798,-0.433646,1.482704,,,,,,
182708,,,,,,,,,,,,,,,,,,,,,,,,,,,,-63.980000
182709,,,,,,,,,,,,,92.758224,86.966515,0.431266,0.420240,,,,,,,,,,,,
182713,,,,,,,,,,,,,,,,,,,,-0.079584,-0.419191,1.475196,,,,,,
182719,,,,,,,,,,,,,93.420029,87.997841,0.427925,0.412966,,,,,,,,,,,,
182723,,,,,,,,,,,,,,,,,,,,,,,,,,,,-62.369999
182722,,,,,,,,,,,,,,,,,,,,-0.078322,-0.404111,1.467728,,,,,,
182729,,,,,,,,,,,,,94.148193,89.049942,0.423775,0.405274,,,,,,,,,,,,-60.900002
182731,,,,-0.059060,-0.323400,1.456573,1.426896,-0.922710,,,115.451973,109.102676,,,,,0.082140,-0.010799,-0.011176,,,,,,,,,
182732,,,,,,,,,,,,,,,,,,,,-0.076711,-0.388984,1.452937,,,,,,
182738,,,,,,,,,,,,,,,,,,,,,,,,,,,,-61.459999
182739,,,,,,,,,,,,,94.922096,89.510582,0.476617,0.463655,,,,,,,,,,,,
182743,,,,,,,,,,,,,,,,,,,,-0.074856,-0.374148,1.445504,,,,,,
182748,,,,,,,,,,,,,,,,,,,,,,,,,,,,-54.040001
182749,,,,,,,,,,,,,95.791359,90.689011,0.471856,0.455554,,,,,,,,,,,,
182752,,,,,,,,,,,,,,,,,,,,-0.072985,-0.359160,1.434440,,,,,,
182758,,,,,,,,,,,,,,,,,,,,,,,,,,,,-55.230000
182759,,,,,,,,,,,,,97.557686,92.170456,0.457772,0.444126,,,,,,,,,,,,
182762,,,,,,,,,,,,,,,,,,,,-0.071043,-0.344798,1.427120,,,,,,
182768,,,,,,,,,,,,,,,,,,,,,,,,,,,,-57.049999
182769,,,,,,,,,,,,,98.586334,93.503479,0.450858,0.433915,,,,,,,,,,,,
182773,,,,,,,,,,,,,,,,,,,,-0.068841,-0.329660,1.416234,,,,,,
182780,,,,-0.048529,-0.246972,1.411713,1.506065,-0.908155,,,120.732841,115.148033,,,,,,,,,,,,,,,,
182781,,,,,,,,,,,,,99.679970,94.473839,0.496941,0.488800,0.084667,-0.007358,-0.004792,,,,,,,,,
182782,,,,,,,,,,,,,,,,,,,,-0.066273,-0.313623,1.401620,,,,,,
182785,,,,,,,,,,,,,,,,,,,,,,,,,,,,-63.910000
182789,,,,,,,,,,,,,100.543808,96.163368,0.492341,0.475702,,,,,,,,,,,,
182790,,,,,,,,,,,,,,,,,,,,,,,,,,,,-65.660004
182792,,,,,,,,,,,,,,,,,,,,-0.063706,-0.297669,1.390790,,,,,,
182798,,,,,,,,,,,,,,,,,,,,,,,,,,,,-67.970001
182799,,,,,,,,,,,,,101.556396,96.776573,0.486050,0.473244,,,,,,,,,,,,
182802,,,,,,,,,,,,,,,,,,,,-0.061001,-0.282206,1.380020,,,,,,
182808,,,,,,,,,,,,,,,,,,,,,,,,,,,,-63.209999
182809,,,,,,,,,,,,,103.081215,97.957489,0.474332,0.464873,,,,,,,,,,,,
182813,,,,,,,,,,,,,,,,,,,,-0.058092,-0.266123,1.372822,,,,,,
182818,,,,,,,,,,,,,,,,,,,,,,,,,,,,-58.799999
182819,,,,,,,,,,,,,104.206833,98.803581,0.466381,0.459681,,,,,,,,,,,,
182822,,,,,,,,,,,,,,,,,,,,-0.054989,-0.250204,1.362121,,,,,,
182828,,,,,,,,,,,,,,,,,,,,,,,,,,,,-52.570000
182830,,,,-0.034010,-0.167691,1.368159,1.578967,-0.885073,,,124.717606,120.466583,,,,,0.085007,-0.003402,0.005780,,,,,,,,,
182831,,,,,,,,,,,,,105.078667,100.062126,0.501438,0.504362,,,,,,,,,,,,
182832,,,,,,,,,,,,,,,,,,,,-0.051795,-0.234373,1.351545,,,,,,
182838,,,,,,,,,,,,,,,,,,,,,,,,,,,,-62.509998
182839,,,,,,,,,,,,,106.872269,101.992096,0.487071,0.488757,,,,,,,,,,,,
182843,,,,,,,,,,,,,,,,,,,,-0.048353,-0.218521,1.344423,,,,,,
182848,,,,,,,,,,,,,,,,,,,,,,,,,,,,-53.340000
182849,,,,,,,,,,,,,108.020737,102.817688,0.478926,0.484031,,,,,,,,,,,,
182852,,,,,,,,,,,,,,,,,,,,-0.044652,-0.201050,1.340850,,,,,,
182859,,,,,,,,,,,,,108.392784,103.467934,0.478470,0.480928,,,,,,,,,,,,
182862,,,,,,,,,,,,,,,,,,,,,,,,,,,,-59.080002
182863,,,,,,,,,,,,,,,,,,,,-0.040589,-0.184026,1.319722,,,,,,
182868,,,,,,,,,,,,,,,,,,,,,,,,,,,,-55.509998
182869,,,,,,,,,,,,,109.298279,104.057747,0.472499,0.478312,,,,,,,,,,,,
182873,,,,,,,,,,,,,,,,,,,,-0.036569,-0.167884,1.312735,,,,,,
182878,,,,,,,,,,,,,,,,,,,,,,,,,,,,-47.180000
182880,,,,-0.015447,-0.086170,1.326139,1.643806,-0.856364,,,127.983910,124.896591,,,,,0.084308,0.000527,0.013410,,,,,,,,,
182881,,,,,,,,,,,,,110.241539,105.363487,0.499278,0.513461,,,,,,,,,,,,
182882,,,,,,,,,,,,,,,,,,,,-0.032367,-0.151316,1.305758,,,,,,
182888,,,,,,,,,,,,,,,,,,,,,,,,,,,,-42.000000
182889,,,,,,,,,,,,,111.324203,107.219810,0.491784,0.498433,,,,,,,,,,,,
182893,,,,,,,,,,,,,,,,,,,,-0.028113,-0.135051,1.302478,,,,,,
182898,,,,,,,,,,,,,,,,,,,,,,,,,,,,-51.799999
182899,,,,,,,,,,,,,112.292526,108.291313,0.485239,0.491039,,,,,,,,,,,,
182902,,,,,,,,,,,,,,,,,,,,-0.023283,-0.118078,1.295582,,,,,,
182908,,,,,,,,,,,,,,,,,,,,,,,,,,,,-36.610001
182909,,,,,,,,,,,,,113.150459,109.783844,0.479626,0.479137,,,,,,,,,,,,
182912,,,,,,,,,,,,,,,,,,,,-0.018312,-0.100438,1.281481,,,,,,
182919,,,,,,,,,,,,,113.221550,110.388878,0.481868,0.475988,,,,,,,,,,,,
182923,,,,,,,,,,,,,,,,,,,,,,,,,,,,-43.959999
182922,,,,,,,,,,,,,,,,,,,,-0.013107,-0.082660,1.274578,,,,,,
182928,,,,,,,,,,,,,,,,,,,,,,,,,,,,-38.500000
182930,,,,0.007108,-0.003076,1.285812,1.699018,-0.823915,,,,,,,,,,,,,,,,,,,,
182931,,,,,,,,,,,130.737274,127.711945,113.819611,110.508446,0.506804,0.506386,0.081926,0.003852,0.010289,,,,,,,,,
182932,,,,,,,,,,,,,,,,,,,,-0.007874,-0.065570,1.271128,,,,,,
182938,,,,,,,,,,,,,,,,,,,,,,,,,,,,-27.440001
182939,,,,,,,,,,,,,114.640450,111.180412,0.501815,0.502973,,,,,,,,,,,,
182943,,,,,,,,,,,,,,,,,,,,-0.002688,-0.048553,1.264289,,,,,,
182948,,,,,,,,,,,,,,,,,,,,,,,,,,,,-38.639999
182949,,,,,,,,,,,,,115.626732,112.167793,0.494974,0.496208,,,,,,,,,,,,
182952,,,,,,,,,,,,,,,,,,,,0.002845,-0.031646,1.260901,,,,,,
182958,,,,,,,,,,,,,,,,,,,,,,,,,,,,-23.100000
182959,,,,,,,,,,,,,116.475883,113.017319,0.489335,0.490652,,,,,,,,,,,,
182962,,,,,,,,,,,,,,,,,,,,0.008860,-0.013820,1.257425,,,,,,
182968,,,,,,,,,,,,,,,,,,,,,,,,,,,,-25.059999
182969,,,,,,,,,,,,,117.186501,113.728355,0.484939,0.486338,,,,,,,,,,,,
182972,,,,,,,,,,,,,,,,,,,,0.015070,0.004806,1.247254,,,,,,
182978,,,,,,,,,,,,,,,,,,,,,,,,,,,,-32.200001
182980,,,,0.033496,0.080902,1.247301,1.743348,-0.788767,,,,,,,,,,,,,,,,,,,,
182981,,,,,,,,,,,132.749969,129.018356,117.321373,114.411690,0.506803,0.495490,0.077955,0.006753,0.000432,,,,,,,,,
182983,,,,,,,,,,,,,,,,,,,,0.020932,0.022282,1.250586,,,,,,
182988,,,,,,,,,,,,,,,,,,,,,,,,,,,,-18.059999
182989,,,,,,,,,,,,,117.893066,114.759903,0.504058,0.494860,,,,,,,,,,,,
182992,,,,,,,,,,,,,,,,,,,,0.026997,0.040086,1.237031,,,,,,
182999,,,,,,,,,,,,,118.932983,115.748466,0.496422,0.487628,,,,,,,,,,,,
183003,,,,,,,,,,,,,,,,,,,,,,,,,,,,-17.990000
183002,,,,,,,,,,,,,,,,,,,,0.032983,0.057026,1.240351,,,,,,
183008,,,,,,,,,,,,,,,,,,,,,,,,,,,,-22.889999
183009,,,,,,,,,,,,,119.778206,117.098755,0.490564,0.476509,,,,,,,,,,,,
183012,,,,,,,,,,,,,,,,,,,,0.039221,0.074565,1.237002,,,,,,
183018,,,,,,,,,,,,,,,,,,,,,,,,,,,,-23.799999
183019,,,,,,,,,,,,,119.967003,117.164352,0.491233,0.478224,,,,,,,,,,,,
183022,,,,,,,,,,,,,,,,,,,,0.045703,0.092800,1.236946,,,,,,
183028,,,,,,,,,,,,,,,,,,,,,,,,,,,,-30.240000
183030,,,,0.063460,0.165076,1.210724,1.775899,-0.751291,,,134.929596,128.586136,,,,,0.073950,0.007018,-0.024821,,,,,,,,,
183031,,,,,,,,,,,,,120.198624,117.370758,0.513659,0.474081,,,,,,,,,,,,
183033,,,,,,,,,,,,,,,,,,,,0.052812,0.112262,1.223527,,,,,,
183038,,,,,,,,,,,,,,,,,,,,,,,,,,,,-31.219999
183039,,,,,,,,,,,,,120.939079,117.899582,0.509052,0.470930,,,,,,,,,,,,
183042,,,,,,,,,,,,,,,,,,,,0.059800,0.130192,1.220146,,,,,,
183048,,,,,,,,,,,,,,,,,,,,,,,,,,,,-20.860001
183049,,,,,,,,,,,,,121.491928,117.838173,0.506211,0.473693,,,,,,,,,,,,
183052,,,,,,,,,,,,,,,,,,,,0.066645,0.148518,1.210359,,,,,,
183059,,,,,,,,,,,,,122.576965,118.952599,0.497832,0.464476,,,,,,,,,,,,
183062,,,,,,,,,,,,,,,,,,,,0.073645,0.166441,1.206887,,,,,,-41.090000
183068,,,,,,,,,,,,,,,,,,,,,,,,,,,,-45.150002
183069,,,,,,,,,,,,,122.866066,119.268478,0.497353,0.463181,,,,,,,,,,,,
183073,,,,,,,,,,,,,,,,,,,,0.080505,0.184064,1.200076,,,,,,
183078,,,,,,,,,,,,,,,,,,,,,,,,,,,,-57.750000
183080,,,,0.096654,0.248785,1.176217,1.796155,-0.711340,,,133.850952,127.860359,,,,,0.066234,0.008293,-0.023961,,,,,,,,,
183081,,,,,,,,,,,,,123.478508,119.516663,0.482517,0.455110,,,,,,,,,,,,
183082,,,,,,,,,,,,,,,,,,,,0.087545,0.201931,1.189787,,,,,,
183088,,,,,,,,,,,,,,,,,,,,,,,,,,,,-69.089996
183089,,,,,,,,,,,,,124.443604,119.784378,0.474747,0.454048,,,,,,,,,,,,
183092,,,,,,,,,,,,,,,,,,,,0.094670,0.220022,1.183096,,,,,,
183098,,,,,,,,,,,,,,,,,,,,,,,,,,,,-55.790001
183099,,,,,,,,,,,,,124.954140,119.939423,0.471421,0.454082,,,,,,,,,,,,
183103,,,,,,,,,,,,,,,,,,,,0.101881,0.237999,1.166485,,,,,,
183108,,,,,,,,,,,,,,,,,,,,,,,,,,,,-63.560001
183109,,,,,,,,,,,,,125.406113,120.091072,0.468591,0.454119,,,,,,,,,,,,
183112,,,,,,,,,,,,,,,,,,,,0.109490,0.256233,1.159849,,,,,,
183119,,,,,,,,,,,,,125.298279,119.727226,0.471380,0.459384,,,,,,,,,,,,
183123,,,,,,,,,,,,,,,,,,,,0.117483,0.274530,1.140251,,,,,,-63.490002
183130,,,,0.132657,0.331417,1.143949,1.803975,-0.668383,,,130.361511,127.766884,,,,,,,,,,,,,,,,
183131,,,,,,,,,,,,,125.348831,119.734703,0.436982,0.459981,0.058014,0.009989,0.003106,,,,,,,,,
183132,,,,,,,,,,,,,,,,,,,,0.125911,0.293361,1.130311,,,,,,-74.129997
183138,,,,,,,,,,,,,,,,,,,,,,,,,,,,-78.750000
183139,,,,,,,,,,,,,124.871063,120.147331,0.442858,0.457379,,,,,,,,,,,,
183143,,,,,,,,,,,,,,,,,,,,0.133816,0.311101,1.123594,,,,,,
183148,,,,,,,,,,,,,,,,,,,,,,,,,,,,-74.690002
183149,,,,,,,,,,,,,124.840103,119.767021,0.444272,0.462782,,,,,,,,,,,,
183153,,,,,,,,,,,,,,,,,,,,0.142105,0.329223,1.104193,,,,,,
183158,,,,,,,,,,,,,,,,,,,,,,,,,,,,-53.759998
183159,,,,,,,,,,,,,124.794128,119.976929,0.445845,0.462241,,,,,,,,,,,,
183163,,,,,,,,,,,,,,,,,,,,0.150871,0.347214,1.094412,,,,,,
183168,,,,,,,,,,,,,,,,,,,,,,,,,,,,-54.810001
183169,,,,,,,,,,,,,125.257217,120.656578,0.442235,0.456866,,,,,,,,,,,,
183172,,,,,,,,,,,,,,,,,,,,0.159969,0.364897,1.081723,,,,,,
183178,,,,,,,,,,,,,,,,,,,,,,,,,,,,-41.509998
183180,,,,0.170987,0.412426,1.114138,1.799565,-0.621597,,,125.220650,126.204247,,,,,0.047268,0.012664,0.031113,,,,,,,,,
183181,,,,,,,,,,,,,124.989365,120.651764,0.393551,0.442398,,,,,,,,,,,,
183182,,,,,,,,,,,,,,,,,,,,0.168706,0.381478,1.081494,,,,,,
183188,,,,,,,,,,,,,,,,,,,,,,,,,,,,-38.639999
183189,,,,,,,,,,,,,125.015724,121.366066,0.393329,0.436223,,,,,,,,,,,,
183192,,,,,,,,,,,,,,,,,,,,0.177673,0.398776,1.078182,,,,,,
183199,,,,,,,,,,,,,123.874596,120.803772,0.405009,0.442926,,,,,,,,,,,,
183202,,,,,,,,,,,,,,,,,,,,0.186922,0.416321,1.065336,,,,,,-26.459999
183208,,,,,,,,,,,,,,,,,,,,,,,,,,,,-18.620001
183209,,,,,,,,,,,,,123.407913,120.824120,0.410038,0.443799,,,,,,,,,,,,
183212,,,,,,,,,,,,,,,,,,,,0.196548,0.433563,1.059034,,,,,,
183218,,,,,,,,,,,,,,,,,,,,,,,,,,,,-2.590000
183219,,,,,,,,,,,,,122.480385,120.854767,0.419862,0.444562,,,,,,,,,,,,
183222,,,,,,,,,,,,,,,,,,,,0.206240,0.450744,1.065321,,,,,,
183228,,,,,,,,,,,,,,,,,,,,,,,,,,,,5.390000
183230,,,,0.211115,0.491344,1.087055,1.783426,-0.569947,,,121.953720,122.248108,,,,,0.037912,0.015408,0.021543,,,,,,,,,
183231,,,,,,,,,,,,,122.230682,120.862885,0.389634,0.405196,,,,,,,,,,,,
183232,,,,,,,,,,,,,,,,,,,,0.216056,0.467844,1.065374,,,,,,
183238,,,,,,,,,,,,,,,,,,,,,,,,,,,,7.420000
183239,,,,,,,,,,,,,122.014282,120.863419,0.391786,0.405468,,,,,,,,,,,,
183243,,,,,,,,,,,,,,,,,,,,0.225775,0.484471,1.065370,,,,,,
183248,,,,,,,,,,,,,,,,,,,,,,,,,,,,9.940000
183249,,,,,,,,,,,,,120.781296,120.362007,0.404350,0.410859,,,,,,,,,,,,
183252,,,,,,,,,,,,,,,,,,,,0.235345,0.501435,1.068569,,,,,,
183259,,,,,,,,,,,,,120.749397,119.850212,0.404910,0.416457,,,,,,,,,,,,
183263,,,,,,,,,,,,,,,,,,,,0.244807,0.518150,1.074979,,,,,,27.299999
183268,,,,,,,,,,,,,,,,,,,,,,,,,,,,25.549999
183269,,,,,,,,,,,,,120.251022,119.494453,0.410234,0.420565,,,,,,,,,,,,
183273,,,,,,,,,,,,,,,,,,,,0.254164,0.534425,1.081448,,,,,,
183278,,,,,,,,,,,,,,,,,,,,,,,,,,,,5.670000
183280,,,,0.252483,0.567796,1.063034,1.756323,-0.512259,,,119.606422,116.034035,,,,,0.028675,0.017122,-0.016466,,,,,,,,,
183281,,,,,,,,,,,,,119.463470,119.764549,0.394666,0.354977,,,,,,,,,,,,
183282,,,,,,,,,,,,,,,,,,,,0.263893,0.551345,1.084651,,,,,,
183288,,,,,,,,,,,,,,,,,,,,,,,,,,,,-0.070000
183289,,,,,,,,,,,,,118.993530,119.246864,0.399488,0.359512,,,,,,,,,,,,
183292,,,,,,,,,,,,,,,,,,,,0.273696,0.568843,1.081534,,,,,,
183298,,,,,,,,,,,,,,,,,,,,,,,,,,,,-1.050000
183299,,,,,,,,,,,,,118.732391,117.850761,0.402274,0.373109,,,,,,,,,,,,
183303,,,,,,,,,,,,,,,,,,,,0.282935,0.585755,1.081429,,,,,,
183308,,,,,,,,,,,,,,,,,,,,,,,,,,,,-7.350000
183309,,,,,,,,,,,,,118.038200,116.746796,0.409529,0.384006,,,,,,,,,,,,
183312,,,,,,,,,,,,,,,,,,,,0.292224,0.602865,1.081603,,,,,,
183318,,,,,,,,,,,,,,,,,,,,,,,,,,,,-21.139999
183319,,,,,,,,,,,,,117.397537,115.763069,0.416378,0.393898,,,,,,,,,,,,
183322,,,,,,,,,,,,,,,,,,,,0.301607,0.619521,1.081640,,,,,,
183328,,,,,,,,,,,,,,,,,,,,,,,,,,,,-31.850000
183330,,,,0.294514,0.641495,1.042472,1.719211,-0.447265,,,114.758171,109.211067,,,,,0.016392,0.016511,-0.037678,,,,,,,,,
183331,,,,,,,,,,,,,117.495918,115.184799,0.366364,0.330256,,,,,,,,,,,,
183332,,,,,,,,,,,,,,,,,,,,0.311157,0.636310,1.078484,,,,,,
183339,,,,,,,,,,,,,116.684624,114.079918,0.374092,0.340331,,,,,,,,,,,,
183343,,,,,,,,,,,,,,,,,,,,,,,,,,,,-55.090000
183342,,,,,,,,,,,,,,,,,,,,0.320755,0.652874,1.069458,,,,,,
183348,,,,,,,,,,,,,,,,,,,,,,,,,,,,-59.290001
183349,,,,,,,,,,,,,116.276848,112.988380,0.377866,0.350491,,,,,,,,,,,,
183353,,,,,,,,,,,,,,,,,,,,0.330237,0.669492,1.056774,,,,,,
183358,,,,,,,,,,,,,,,,,,,,,,,,,,,,-68.320000
183359,,,,,,,,,,,,,115.431389,111.564720,0.386185,0.364257,,,,,,,,,,,,
183362,,,,,,,,,,,,,,,,,,,,0.339742,0.686098,1.044084,,,,,,
183368,,,,,,,,,,,,,,,,,,,,,,,,,,,,-74.760002
183369,,,,,,,,,,,,,115.144341,110.798782,0.388979,0.371599,,,,,,,,,,,,
183372,,,,,,,,,,,,,,,,,,,,0.349167,0.702118,1.025632,,,,,,
183378,,,,,,,,,,,,,,,,,,,,,,,,,,,,-67.339996
183380,,,,0.336635,0.712252,1.025832,1.673183,-0.373666,,,105.924583,104.702393,,,,,0.002630,0.015894,-0.000904,,,,,,,,,
183381,,,,,,,,,,,,,115.139984,109.611061,0.298843,0.337408,,,,,,,,,,,,
183384,,,,,,,,,,,,,,,,,,,,0.358404,0.717370,1.012488,,,,,,
183388,,,,,,,,,,,,,,,,,,,,,,,,,,,,-76.440002
183389,,,,,,,,,,,,,114.123741,109.471703,0.307366,0.337847,,,,,,,,,,,,
183392,,,,,,,,,,,,,,,,,,,,0.366906,0.731449,1.002368,,,,,,
183399,,,,,,,,,,,,,113.442116,108.983566,0.312679,0.341872,,,,,,,,,,,,
183402,,,,,,,,,,,,,,,,,,,,,,,,,,,,-75.459999
183403,,,,,,,,,,,,,,,,,,,,0.375910,0.745921,0.986479,,,,,,
183408,,,,,,,,,,,,,,,,,,,,,,,,,,,,-68.110001
183409,,,,,,,,,,,,,112.496368,108.195068,0.320822,0.349059,,,,,,,,,,,,
183412,,,,,,,,,,,,,,,,,,,,0.384793,0.759830,0.973420,,,,,,
183418,,,,,,,,,,,,,,,,,,,,,,,,,,,,-45.990002
183419,,,,,,,,,,,,,111.122467,106.954422,0.333521,0.361015,,,,,,,,,,,,
183422,,,,,,,,,,,,,,,,,,,,0.393978,0.773685,0.967214,,,,,,
183428,,,,,,,,,,,,,,,,,,,,,,,,,,,,-34.090000
183430,,,,0.378278,0.779959,1.013640,1.619428,-0.290173,,,98.064903,101.957848,,,,,-0.003917,0.016522,0.044752,,,,,,,,,
183431,,,,,,,,,,,,,109.872147,106.365158,0.265066,0.338581,,,,,,,,,,,,
183433,,,,,,,,,,,,,,,,,,,,0.403488,0.787788,0.960858,,,,,,
183438,,,,,,,,,,,,,,,,,,,,,,,,,,,,-27.580000
183439,,,,,,,,,,,,,108.935730,105.325371,0.272256,0.348305,,,,,,,,,,,,
183443,,,,,,,,,,,,,,,,,,,,0.413058,0.801535,0.957702,,,,,,
183448,,,,,,,,,,,,,,,,,,,,,,,,,,,,0.630000
183449,,,,,,,,,,,,,107.039536,104.551102,0.289423,0.355529,,,,,,,,,,,,
183452,,,,,,,,,,,,,,,,,,,,0.423143,0.815026,0.960869,,,,,,
183459,,,,,,,,,,,,,105.231384,104.221069,0.306071,0.358377,,,,,,,,,,,,
183462,,,,,,,,,,,,,,,,,,,,0.432962,0.828399,0.961115,,,,,,18.270000
183468,,,,,,,,,,,,,,,,,,,,,,,,,,,,21.629999
183469,,,,,,,,,,,,,103.500130,103.758087,0.322297,0.362647,,,,,,,,,,,,
183472,,,,,,,,,,,,,,,,,,,,0.442688,0.841865,0.964468,,,,,,
183478,,,,,,,,,,,,,,,,,,,,,,,,,,,,40.250000
183480,,,,0.418904,0.844591,1.006480,1.559172,-0.195565,,,,,,,,,,,,,,,,,,,,
183481,,,,,,,,,,,92.160736,96.243530,102.127625,103.712181,0.274987,0.304469,-0.011244,0.020973,0.041443,,,,,,,,,
183482,,,,,,,,,,,,,,,,,,,,0.452318,0.855513,0.976757,,,,,,
183488,,,,,,,,,,,,,,,,,,,,,,,,,,,,60.480000
183489,,,,,,,,,,,,,101.039200,102.372444,0.284095,0.316640,,,,,,,,,,,,
183493,,,,,,,,,,,,,,,,,,,,0.461653,0.868686,0.986134,,,,,,
183498,,,,,,,,,,,,,,,,,,,,,,,,,,,,74.339996
183499,,,,,,,,,,,,,99.308289,101.529610,0.299975,0.324011,,,,,,,,,,,,
183502,,,,,,,,,,,,,,,,,,,,0.471221,0.882114,0.999154,,,,,,
183508,,,,,,,,,,,,,,,,,,,,,,,,,,,,72.379997
183509,,,,,,,,,,,,,98.328590,100.744675,0.308539,0.330961,,,,,,,,,,,,
183512,,,,,,,,,,,,,,,,,,,,0.480792,0.895739,1.012006,,,,,,
183518,,,,,,,,,,,,,,,,,,,,,,,,,,,,64.330002
183519,,,,,,,,,,,,,97.013161,100.144478,0.320722,0.336182,,,,,,,,,,,,
183522,,,,,,,,,,,,,,,,,,,,0.489947,0.909221,1.022338,,,,,,
183528,,,,,,,,,,,,,,,,,,,,,,,,,,,,50.330002
183530,,,,0.458001,0.906190,1.004987,1.493658,-0.088731,,,88.335876,87.652000,,,,,-0.019019,0.025455,-0.015028,,,,,,,,,
183531,,,,,,,,,,,,,96.153008,99.724869,0.289512,0.252049,,,,,,,,,,,,
183533,,,,,,,,,,,,,,,,,,,,0.498221,0.921497,1.031293,,,,,,
183539,,,,,,,,,,,,,95.302109,98.961967,0.296628,0.257416,,,,,,,,,,,,
183543,,,,,,,,,,,,,,,,,,,,0.506262,0.934102,1.040514,,,,,,50.049999
183548,,,,,,,,,,,,,,,,,,,,,,,,,,,,50.889999
183549,,,,,,,,,,,,,94.525970,97.605377,0.303151,0.268991,,,,,,,,,,,,
183552,,,,,,,,,,,,,,,,,,,,0.514074,0.946891,1.049826,,,,,,
183558,,,,,,,,,,,,,,,,,,,,,,,,,,,,23.730000
183556,,,,,,,,,,,,,,,,,,,,0.514074,0.946891,1.049826,,,,,,
183559,,,,,,,,,,,,,93.810760,96.401772,0.309208,0.279277,,,,,,,,,,,,
183562,,,,,,,,,,,,,,,,,,,,0.521983,0.959290,1.053012,,,,,,
183568,,,,,,,,,,,,,,,,,,,,,,,,,,,,11.060000
183569,,,,,,,,,,,,,93.177383,94.809570,0.314574,0.293767,,,,,,,,,,,,
183572,,,,,,,,,,,,,,,,,,,,0.530049,0.972281,1.053562,,,,,,
183578,,,,,,,,,,,,,,,,,,,,,,,,,,,,-0.980000
183580,,,,0.495101,0.964846,1.009838,1.424108,0.031269,,,83.451271,81.013130,,,,,-0.023806,0.026494,-0.042200,,,,,,,,,
183581,,,,,,,,,,,,,92.415993,93.322098,0.271548,0.239792,,,,,,,,,,,,
183583,,,,,,,,,,,,,,,,,,,,0.537830,0.984862,1.053352,,,,,,
183588,,,,,,,,,,,,,,,,,,,,,,,,,,,,-30.940001
183589,,,,,,,,,,,,,92.241333,92.345436,0.271537,0.247292,,,,,,,,,,,,
183593,,,,,,,,,,,,,,,,,,,,0.545219,0.997200,1.047214,,,,,,
183599,,,,,,,,,,,,,91.378235,90.915169,0.278583,0.259614,,,,,,,,,,,,
183603,,,,,,,,,,,,,,,,,,,,,,,,,,,,-54.040001
183602,,,,,,,,,,,,,,,,,,,,0.552780,1.009391,1.043960,,,,,,
183608,,,,,,,,,,,,,,,,,,,,,,,,,,,,-59.990002
183609,,,,,,,,,,,,,90.570374,89.085968,0.285237,0.276291,,,,,,,,,,,,
183612,,,,,,,,,,,,,,,,,,,,0.560000,1.021816,1.028013,,,,,,
183618,,,,,,,,,,,,,,,,,,,,,,,,,,,,-56.139999
183619,,,,,,,,,,,,,89.933418,88.135338,0.290311,0.284373,,,,,,,,,,,,
183623,,,,,,,,,,,,,,,,,,,,0.567207,1.033718,1.018603,,,,,,
183628,,,,,,,,,,,,,,,,,,,,,,,,,,,,-58.169998
183630,,,,0.529779,1.020693,1.021741,1.351714,0.165158,,,74.821487,76.907608,,,,,-0.030640,0.024970,0.001772,,,,,,,,,
183631,,,,,,,,,,,,,89.235596,86.787132,0.208108,0.254824,,,,,,,,,,,,
183632,,,,,,,,,,,,,,,,,,,,0.574126,1.045263,1.008596,,,,,,
183638,,,,,,,,,,,,,,,,,,,,,,,,,,,,-55.299999
183639,,,,,,,,,,,,,88.293472,85.572800,0.214835,0.265235,,,,,,,,,,,,
183643,,,,,,,,,,,,,,,,,,,,0.581545,1.056967,0.996149,,,,,,
183648,,,,,,,,,,,,,,,,,,,,,,,,,,,,-49.700001
183649,,,,,,,,,,,,,86.933456,84.094574,0.226013,0.278579,,,,,,,,,,,,
183652,,,,,,,,,,,,,,,,,,,,0.588914,1.068174,0.989659,,,,,,
183659,,,,,,,,,,,,,85.718063,83.329430,0.235987,0.284947,,,,,,,,,,,,
183662,,,,,,,,,,,,,,,,,,,,,,,,,,,,-16.450001
183663,,,,,,,,,,,,,,,,,,,,0.596268,1.079043,0.983866,,,,,,
183668,,,,,,,,,,,,,,,,,,,,,,,,,,,,-9.310000
183669,,,,,,,,,,,,,84.185135,82.723610,0.249444,0.289842,,,,,,,,,,,,
183673,,,,,,,,,,,,,,,,,,,,0.603768,1.089833,0.983782,,,,,,
183678,,,,,,,,,,,,,,,,,,,,,,,,,,,,2.730000
183680,,,,0.561661,1.073882,1.041415,1.277625,0.313371,,,65.852097,73.054466,,,,,-0.036530,0.026182,0.055767,,,,,,,,,
183681,,,,,,,,,,,,,83.049171,82.759125,0.167670,0.249014,,,,,,,,,,,,
183682,,,,,,,,,,,,,,,,,,,,0.610964,1.100351,0.984049,,,,,,
183688,,,,,,,,,,,,,,,,,,,,,,,,,,,,4.410000
183689,,,,,,,,,,,,,81.706886,82.120026,0.177922,0.253592,,,,,,,,,,,,
183692,,,,,,,,,,,,,,,,,,,,0.617705,1.110375,0.986814,,,,,,
183698,,,,,,,,,,,,,,,,,,,,,,,,,,,,42.070000
183699,,,,,,,,,,,,,79.723541,80.619919,0.194981,0.267080,,,,,,,,,,,,
183702,,,,,,,,,,,,,,,,,,,,0.624737,1.120819,0.993037,,,,,,
183708,,,,,,,,,,,,,,,,,,,,,,,,,,,,75.389999
183709,,,,,,,,,,,,,78.022766,79.871323,0.209555,0.273202,,,,,,,,,,,,
183712,,,,,,,,,,,,,,,,,,,,0.631515,1.131228,1.008478,,,,,,
183718,,,,,,,,,,,,,,,,,,,,,,,,,,,,87.570000
183719,,,,,,,,,,,,,76.076004,79.277847,0.226978,0.277893,,,,,,,,,,,,
183722,,,,,,,,,,,,,,,,,,,,0.638574,1.141519,1.021655,,,,,,
183728,,,,,,,,,,,,,,,,,,,,,,,,,,,,95.550003
183730,,,,0.590429,1.124573,1.069574,1.202937,0.475982,,,60.262688,67.660606,,,,,-0.039587,0.032073,0.048394,,,,,,,,,
183731,,,,,,,,,,,,,74.847488,78.955063,0.180452,0.224923,,,,,,,,,,,,
183732,,,,,,,,,,,,,,,,,,,,0.645154,1.151343,1.040589,,,,,,
183739,,,,,,,,,,,,,73.446136,78.865273,0.191829,0.223580,,,,,,,,,,,,
183743,,,,,,,,,,,,,,,,,,,,,,,,,,,,109.129997
183742,,,,,,,,,,,,,,,,,,,,0.651039,1.160368,1.059743,,,,,,
183748,,,,,,,,,,,,,,,,,,,,,,,,,,,,111.510002
183749,,,,,,,,,,,,,72.216827,77.873253,0.201731,0.231458,,,,,,,,,,,,
183752,,,,,,,,,,,,,,,,,,,,0.657021,1.169635,1.075896,,,,,,
183758,,,,,,,,,,,,,,,,,,,,,,,,,,,,96.459999
183759,,,,,,,,,,,,,70.626160,77.577232,0.215565,0.232434,,,,,,,,,,,,
183762,,,,,,,,,,,,,,,,,,,,0.662651,1.179041,1.095163,,,,,,
183768,,,,,,,,,,,,,,,,,,,,,,,,,,,,91.139999
183769,,,,,,,,,,,,,69.287773,76.780220,0.227144,0.238581,,,,,,,,,,,,
183772,,,,,,,,,,,,,,,,,,,,0.668080,1.188870,1.108230,,,,,,
183778,,,,,,,,,,,,,,,,,,,,,,,,,,,,92.260002
183780,,,,0.615816,1.172916,1.106898,1.128684,0.652628,,,57.466984,62.306053,,,0.206585,0.194278,-0.037889,0.039394,0.000010,,,,,,,,,
183781,,,,,,,,,,,,,68.330666,75.590225,,,,,,,,,,,,,,
183782,,,,,,,,,,,,,,,,,,,,0.673279,1.198493,1.127751,,,,,,
183788,,,,,,,,,,,,,,,,,,,,,,,,,,,,90.860001
183789,,,,,,,,,,,,,67.115448,73.865112,0.216808,0.209218,,,,,,,,,,,,
183793,,,,,,,,,,,,,,,,,,,,0.678164,1.208325,1.140758,,,,,,
183799,,,,,,,,,,,,,65.798119,72.574600,0.228315,0.220069,,,,,,,,,,,,
183803,,,,,,,,,,,,,,,,,,,,,,,,,,,,61.810001
183802,,,,,,,,,,,,,,,,,,,,0.682965,1.218141,1.154281,,,,,,
183809,,,,,,,,,,,,,65.250328,71.501381,0.232236,0.228962,,,,,,,,,,,,50.610001
183813,,,,,,,,,,,,,,,,,,,,0.687450,1.227664,1.164243,,,,,,
183818,,,,,,,,,,,,,,,,,,,,,,,,,,,,39.410000
183819,,,,,,,,,,,,,64.756615,70.563744,0.235715,0.236687,,,,,,,,,,,,
183822,,,,,,,,,,,,,,,,,,,,0.692045,1.237564,1.171283,,,,,,
183828,,,,,,,,,,,,,,,,,,,,,,,,,,,,33.180000
183830,,,,0.637610,1.219036,1.154009,1.055828,0.842412,,,52.831345,57.591484,,,,,-0.038289,0.042796,-0.016495,,,,,,,,,
183831,,,,,,,,,,,,,64.341766,69.697197,0.191205,0.195786,,,,,,,,,,,,
183832,,,,,,,,,,,,,,,,,,,,0.696281,1.246859,1.174546,,,,,,
183838,,,,,,,,,,,,,,,,,,,,,,,,,,,,30.520000
183839,,,,,,,,,,,,,64.000877,68.506935,0.192380,0.205505,,,,,,,,,,,,
183842,,,,,,,,,,,,,,,,,,,,0.700303,1.255480,1.177454,,,,,,
183848,,,,,,,,,,,,,,,,,,,,,,,,,,,,22.610001
183849,,,,,,,,,,,,,63.691471,67.482872,0.193302,0.213767,,,,,,,,,,,,
183852,,,,,,,,,,,,,,,,,,,,0.704482,1.264583,1.184278,,,,,,
183858,,,,,,,,,,,,,,,,,,,,,,,,,,,,10.430000
183859,,,,,,,,,,,,,62.941681,66.681870,0.198778,0.219959,,,,,,,,,,,,
183863,,,,,,,,,,,,,,,,,,,,0.708151,1.273247,1.187242,,,,,,
183868,,,,,,,,,,,,,,,,,,,,,,,,,,,,11.270000
183869,,,,,,,,,,,,,62.248871,65.942322,0.203823,0.225685,,,,,,,,,,,,
183872,,,,,,,,,,,,,,,,,,,,0.711985,1.282157,1.187242,,,,,,
183880,,,,0.655659,1.263032,1.211441,0.985248,1.043842,,,46.455402,54.757927,,,,,-0.038953,0.044978,0.022665,,,,,,,,,
183881,,,,,,,,,,,,,61.248016,65.289558,0.147113,0.201770,,,,,,,,,,,,
183882,,,,,,,,,,,,,,,,,,,,0.715643,1.291196,1.190535,,,,,,
183885,,,,,,,,,,,,,,,,,,,,,,,,,,,,22.889999
183889,,,,,,,,,,,,,60.783775,64.184326,0.148890,0.210937,,,,,,,,,,,,
183890,,,,,,,,,,,,,,,,,,,,,,,,,,,,26.040001
183893,,,,,,,,,,,,,,,,,,,,0.719213,1.300086,1.190535,,,,,,
183898,,,,,,,,,,,,,,,,,,,,,,,,,,,,32.689999
183899,,,,,,,,,,,,,59.380802,62.791180,0.160334,0.223262,,,,,,,,,,,,
183903,,,,,,,,,,,,,,,,,,,,0.722797,1.308850,1.200498,,,,,,
183908,,,,,,,,,,,,,,,,,,,,,,,,,,,,60.689999
183909,,,,,,,,,,,,,58.192043,62.158741,0.169875,0.228106,,,,,,,,,,,,
183913,,,,,,,,,,,,,,,,,,,,0.726463,1.317749,1.214115,,,,,,
183918,,,,,,,,,,,,,,,,,,,,,,,,,,,,68.669998
183919,,,,,,,,,,,,,57.181057,62.162292,0.177839,0.226590,,,,,,,,,,,,
183923,,,,,,,,,,,,,,,,,,,,0.730158,1.326666,1.224708,,,,,,
183928,,,,,,,,,,,,,,,,,,,,,,,,,,,,75.669998
183930,,,,0.669859,1.304957,1.279606,0.917716,1.254817,,,40.214581,51.370663,,,,,-0.040822,0.049271,0.053946,,,,,,,,,
183931,,,,,,,,,,,,,56.136086,61.743290,0.122697,0.194833,,,,,,,,,,,,
183932,,,,,,,,,,,,,,,,,,,,0.733471,1.335455,1.238685,,,,,,
183939,,,,,,,,,,,,,55.052109,61.073215,0.130569,0.199593,,,,,,,,,,,,
183943,,,,,,,,,,,,,,,,,,,,,,,,,,,,95.059998
183942,,,,,,,,,,,,,,,,,,,,0.736858,1.344238,1.249360,,,,,,
183948,,,,,,,,,,,,,,,,,,,,,,,,,,,,105.139999
183949,,,,,,,,,,,,,53.468517,60.184139,0.143754,0.206721,,,,,,,,,,,,
183953,,,,,,,,,,,,,,,,,,,,0.739771,1.352369,1.269918,,,,,,
183958,,,,,,,,,,,,,,,,,,,,,,,,,,,,122.779999
183959,,,,,,,,,,,,,52.108047,59.949230,0.154980,0.207355,,,,,,,,,,,,
183962,,,,,,,,,,,,,,,,,,,,0.742488,1.360439,1.293630,,,,,,
183968,,,,,,,,,,,,,,,,,,,,,,,,,,,,120.889999
183969,,,,,,,,,,,,,50.962631,59.750641,0.164285,0.207664,,,,,,,,,,,,
183972,,,,,,,,,,,,,,,,,,,,0.744998,1.368162,1.314643,,,,,,
183978,,,,,,,,,,,,,,,,,,,,,,,,,,,,117.599998
183980,,,,0.680166,1.344821,1.358777,0.853882,1.472697,,,,,,,,,,,,,,,,,,,,
183981,,,,,,,,,,,36.488380,48.169319,50.242374,59.477211,0.131474,0.176124,-0.039060,0.056625,0.044600,,,,,,,,,
183983,,,,,,,,,,,,,,,,,,,,0.747112,1.375862,1.335310,,,,,,
183988,,,,,,,,,,,,,,,,,,,,,,,,,,,,131.250000
183989,,,,,,,,,,,,,49.041801,58.842354,0.140969,0.180338,,,,,,,,,,,,
183992,,,,,,,,,,,,,,,,,,,,0.749325,1.383946,1.360405,,,,,,
183999,,,,,,,,,,,,,47.860291,57.755604,0.150510,0.189288,,,,,,,,,,,,
184003,,,,,,,,,,,,,,,,,,,,,,,,,,,,136.779999
184002,,,,,,,,,,,,,,,,,,,,0.751212,1.391611,1.385186,,,,,,
184008,,,,,,,,,,,,,,,,,,,,,,,,,,,,142.449997
184009,,,,,,,,,,,,,46.828426,56.794041,0.158761,0.197179,,,,,,,,,,,,
184012,,,,,,,,,,,,,,,,,,,,0.752810,1.399384,1.407028,,,,,,
184018,,,,,,,,,,,,,,,,,,,,,,,,,,,,135.100006
184019,,,,,,,,,,,,,45.428169,56.552662,0.170975,0.197916,,,,,,,,,,,,
184022,,,,,,,,,,,,,,,,,,,,0.754349,1.407134,1.432675,,,,,,
184028,,,,,,,,,,,,,,,,,,,,,,,,,,,,132.160004
184030,,,,0.686584,1.382583,1.449079,0.794251,1.694541,,,34.435631,45.824535,,,,,-0.033789,0.063584,0.017482,,,,,,,,,
184031,,,,,,,,,,,,,44.816929,56.060982,0.154484,0.177337,,,,,,,,,,,,
184033,,,,,,,,,,,,,,,,,,,,0.755762,1.414917,1.455470,,,,,,
184038,,,,,,,,,,,,,,,,,,,,,,,,,,,,125.300003
184039,,,,,,,,,,,,,44.263401,55.690479,0.158054,0.179069,,,,,,,,,,,,
184042,,,,,,,,,,,,,,,,,,,,0.756930,1.422235,1.477403,,,,,,
184048,,,,,,,,,,,,,,,,,,,,,,,,,,,,117.879997
184049,,,,,,,,,,,,,43.811234,55.067982,0.160700,0.183446,,,,,,,,,,,,
184052,,,,,,,,,,,,,,,,,,,,0.757855,1.429418,1.499726,,,,,,
184058,,,,,,,,,,,,,,,,,,,,,,,,,,,,115.080002
184059,,,,,,,,,,,,,43.457958,54.578186,0.162429,0.186593,,,,,,,,,,,,
184064,,,,,,,,,,,,,,,,,,,,0.758658,1.436656,1.518496,,,,,,
184068,,,,,,,,,,,,,,,,,,,,,,,,,,,,105.209999
184069,,,,,,,,,,,,,42.576534,53.572460,0.169615,0.195100,,,,,,,,,,,,
184072,,,,,,,,,,,,,,,,,,,,0.759306,1.443644,1.541133,,,,,,
184080,,,,0.689167,1.418153,1.550506,0.739174,1.917494,,,32.311573,44.474785,,,,,-0.027744,0.069190,0.009802,,,,,,,,,
184081,,,,,,,,,,,,,42.367195,53.488682,0.148456,0.180638,,,,,,,,,,,,
184082,,,,,,,,,,,,,,,,,,,,0.759622,1.450816,1.556671,,,,,,
184085,,,,,,,,,,,,,,,,,,,,,,,,,,,,96.250000
184089,,,,,,,,,,,,,42.277203,52.960712,0.147363,0.184220,,,,,,,,,,,,
184090,,,,,,,,,,,,,,,,,,,,,,,,,,,,92.750000
184092,,,,,,,,,,,,,,,,,,,,0.759868,1.457680,1.572123,,,,,,
184098,,,,,,,,,,,,,,,,,,,,,,,,,,,,88.970001
184099,,,,,,,,,,,,,41.612141,52.248547,0.152154,0.189787,,,,,,,,,,,,
184103,,,,,,,,,,,,,,,,,,,,0.759900,1.464507,1.587547,,,,,,
184108,,,,,,,,,,,,,,,,,,,,,,,,,,,,92.330002
184109,,,,,,,,,,,,,41.581787,51.626144,0.150603,0.194581,,,,,,,,,,,,
184113,,,,,,,,,,,,,,,,,,,,0.759940,1.471264,1.607285,,,,,,
184118,,,,,,,,,,,,,,,,,,,,,,,,,,,,106.820000
184119,,,,,,,,,,,,,41.010014,51.103996,0.154581,0.198477,,,,,,,,,,,,
184122,,,,,,,,,,,,,,,,,,,,0.759908,1.478081,1.622630,,,,,,
184128,,,,,,,,,,,,,,,,,,,,,,,,,,,,106.050003
184130,,,,0.688024,1.451400,1.662960,0.688850,2.139242,,,29.260258,43.810890,,,,,-0.023056,0.073094,0.039160,,,,,,,,,
184131,,,,,,,,,,,,,40.641251,50.550198,0.125479,0.196028,,,,,,,,,,,,
184132,,,,,,,,,,,,,,,,,,,,0.759677,1.484803,1.641992,,,,,,
184139,,,,,,,,,,,,,39.392807,50.328823,0.135937,0.196938,,,,,,,,,,,,
184142,,,,,,,,,,,,,,,,,,,,,,,,,,,,111.790001
184143,,,,,,,,,,,,,,,,,,,,0.759524,1.491393,1.661286,,,,,,
184148,,,,,,,,,,,,,,,,,,,,,,,,,,,,114.589996
184149,,,,,,,,,,,,,39.201698,50.055061,0.135860,0.198427,,,,,,,,,,,,
184152,,,,,,,,,,,,,,,,,,,,0.759222,1.497967,1.680106,,,,,,
184158,,,,,,,,,,,,,,,,,,,,,,,,,,,,136.149994
184159,,,,,,,,,,,,,38.460953,49.783630,0.141427,0.199947,,,,,,,,,,,,
184162,,,,,,,,,,,,,,,,,,,,0.758901,1.504212,1.706335,,,,,,
184168,,,,,,,,,,,,,,,,,,,,,,,,,,,,143.570007
184169,,,,,,,,,,,,,37.849834,49.572250,0.145821,0.200908,,,,,,,,,,,,
184172,,,,,,,,,,,,,,,,,,,,0.758322,1.510641,1.728380,,,,,,
184178,,,,,,,,,,,,,,,,,,,,,,,,,,,,145.949997
184180,,,,0.683305,1.482151,1.786306,0.643348,2.358465,,,27.321512,43.654839,,,,,-0.016551,0.078408,0.057361,,,,,,,,,
184181,,,,,,,,,,,,,37.507870,49.729866,0.127816,0.196556,,,,,,,,,,,,
184182,,,,,,,,,,,,,,,,,,,,0.757731,1.516793,1.753961,,,,,,
184188,,,,,,,,,,,,,,,,,,,,,,,,,,,,155.889999
184189,,,,,,,,,,,,,37.412323,49.646976,0.126753,0.196187,,,,,,,,,,,,
184192,,,,,,,,,,,,,,,,,,,,0.756921,1.523130,1.782784,,,,,,
184198,,,,,,,,,,,,,,,,,,,,,,,,,,,,155.399994
184199,,,,,,,,,,,,,36.414162,49.998688,0.134916,0.191401,,,,,,,,,,,,
184203,,,,,,,,,,,,,,,,,,,,0.755786,1.529700,1.811026,,,,,,
184208,,,,,,,,,,,,,,,,,,,,,,,,,,,,158.339996
184209,,,,,,,,,,,,,35.586765,49.765614,0.141537,0.192510,,,,,,,,,,,,
184213,,,,,,,,,,,,,,,,,,,,0.754416,1.536324,1.838968,,,,,,
184219,,,,,,,,,,,,,34.867722,49.533924,0.147218,0.193651,,,,,,,,,,,,
184223,,,,,,,,,,,,,,,,,,,,,,,,,,,,159.600006
184222,,,,,,,,,,,,,,,,,,,,0.752974,1.542769,1.866617,,,,,,
184228,,,,,,,,,,,,,,,,,,,,,,,,,,,,156.940002
184230,,,,0.675210,1.510198,1.920413,0.602646,2.574929,,,26.596691,43.781258,,,,,-0.008612,0.083708,0.053660,,,,,,,,,
184231,,,,,,,,,,,,,34.481514,49.159752,0.142255,0.197581,,,,,,,,,,,,
184232,,,,,,,,,,,,,,,,,,,,0.751238,1.549092,1.894023,,,,,,
184238,,,,,,,,,,,,,,,,,,,,,,,,,,,,162.750000
184239,,,,,,,,,,,,,34.301495,48.635044,0.142514,0.201857,,,,,,,,,,,,
184243,,,,,,,,,,,,,,,,,,,,0.749215,1.555106,1.924441,,,,,,
184248,,,,,,,,,,,,,,,,,,,,,,,,,,,,168.279999
184249,,,,,,,,,,,,,34.330223,48.578049,0.140680,0.201468,,,,,,,,,,,,
184253,,,,,,,,,,,,,,,,,,,,0.747149,1.560941,1.954484,,,,,,
184258,,,,,,,,,,,,,,,,,,,,,,,,,,,,167.860001
184259,,,,,,,,,,,,,33.831841,48.567959,0.144217,0.200611,,,,,,,,,,,,
184262,,,,,,,,,,,,,,,,,,,,0.744965,1.566619,1.984588,,,,,,
184268,,,,,,,,,,,,,,,,,,,,,,,,,,,,171.429993
184269,,,,,,,,,,,,,33.391129,47.978992,0.147265,0.205662,,,,,,,,,,,,
184272,,,,,,,,,,,,,,,,,,,,0.742951,1.572209,2.014313,,,,,,
184280,,,,0.663982,1.535313,2.065163,0.566699,2.789005,,,26.429749,44.510647,,,,,0.000351,0.087060,0.051604,,,,,,,,,
184281,,,,,,,,,,,,,33.241318,48.322468,0.145732,0.208758,,,,,,,,,,,,
184282,,,,,,,,,,,,,,,,,,,,0.740709,1.577743,2.043821,,,,,,
184285,,,,,,,,,,,,,,,,,,,,,,,,,,,,169.259995
184289,,,,,,,,,,,,,33.266998,48.605152,0.144107,0.205113,,,,,,,,,,,,
184290,,,,,,,,,,,,,,,,,,,,,,,,,,,,168.699997
184293,,,,,,,,,,,,,,,,,,,,0.738284,1.583196,2.072957,,,,,,
184298,,,,,,,,,,,,,,,,,,,,,,,,,,,,170.240005
184299,,,,,,,,,,,,,32.370403,48.013149,0.151885,0.210332,,,,,,,,,,,,
184302,,,,,,,,,,,,,,,,,,,,0.735400,1.589167,2.101718,,,,,,
184308,,,,,,,,,,,,,,,,,,,,,,,,,,,,177.100006
184309,,,,,,,,,,,,,32.163456,48.062481,0.152808,0.209128,,,,,,,,,,,,
184312,,,,,,,,,,,,,,,,,,,,0.732499,1.595013,2.133439,,,,,,
184318,,,,,,,,,,,,,,,,,,,,,,,,,,,,182.979996
184319,,,,,,,,,,,,,31.446733,47.564426,0.158972,0.213498,,,,,,,,,,,,
184323,,,,,,,,,,,,,,,,,,,,0.729384,1.600875,2.164839,,,,,,
184328,,,,,,,,,,,,,,,,,,,,,,,,,,,,180.809998
184330,,,,0.649903,1.557255,2.220372,0.535506,3.000461,,,26.167082,45.351826,,,,,0.008326,0.090067,0.055382,,,,,,,,,
184331,,,,,,,,,,,,,31.635544,47.549816,0.153363,0.221616,,,,,,,,,,,,
184332,,,,,,,,,,,,,,,,,,,,0.726091,1.606290,2.196008,,,,,,
184339,,,,,,,,,,,,,31.220100,47.897480,0.156507,0.217631,,,,,,,,,,,,
184343,,,,,,,,,,,,,,,,,,,,0.722771,1.611575,2.227010,,,,,,182.699997
184349,,,,,,,,,,,,,31.209000,48.534954,0.155610,0.210619,,,,,,,,,,,,181.160004
184352,,,,,,,,,,,,,,,,,,,,0.719217,1.616784,2.257781,,,,,,
184358,,,,,,,,,,,,,,,,,,,,,,,,,,,,187.809998
184359,,,,,,,,,,,,,31.190216,48.507698,0.154793,0.210261,,,,,,,,,,,,
184362,,,,,,,,,,,,,,,,,,,,0.715539,1.621794,2.291349,,,,,,
184368,,,,,,,,,,,,,,,,,,,,,,,,,,,,185.360001
184369,,,,,,,,,,,,,31.173916,48.483994,0.153955,0.209871,,,,,,,,,,,,
184373,,,,,,,,,,,,,,,,,,,,0.711797,1.626626,2.324670,,,,,,
184378,,,,,,,,,,,,,,,,,,,,,,,,,,,,194.320007
184380,,,,0.633298,1.575781,2.385602,0.509177,3.206496,,,26.289827,46.585392,,,,,0.016613,0.091812,0.060535,,,,,,,,,
184381,,,,,,,,,,,,,30.923662,48.774113,0.156758,0.218868,,,,,,,,,,,,
184382,,,,,,,,,,,,,,,,,,,,0.707819,1.631427,2.357785,,,,,,
184388,,,,,,,,,,,,,,,,,,,,,,,,,,,,185.500000
184389,,,,,,,,,,,,,30.607828,48.249287,0.159053,0.223784,,,,,,,,,,,,
184393,,,,,,,,,,,,,,,,,,,,0.703515,1.636159,2.390594,,,,,,
184398,,,,,,,,,,,,,,,,,,,,,,,,,,,,193.550003
184399,,,,,,,,,,,,,30.690849,48.277382,0.157342,0.223164,,,,,,,,,,,,
184403,,,,,,,,,,,,,,,,,,,,0.699097,1.640804,2.423188,,,,,,
184408,,,,,,,,,,,,,,,,,,,,,,,,,,,,189.000000
184409,,,,,,,,,,,,,30.752260,48.287891,0.155836,0.222719,,,,,,,,,,,,
184412,,,,,,,,,,,,,,,,,,,,0.694484,1.645284,2.458527,,,,,,
184419,,,,,,,,,,,,,30.810385,48.855152,0.154350,0.216592,,,,,,,,,,,,
184423,,,,,,,,,,,,,,,,,,,,,,,,,,,,191.169998
184422,,,,,,,,,,,,,,,,,,,,0.689703,1.649799,2.490781,,,,,,
184428,,,,,,,,,,,,,,,,,,,,,,,,,,,,199.429993
184430,,,,0.614523,1.590656,2.559895,0.487975,3.399604,,,,,,,,,,,,,,,,,,,,
184431,,,,,,,,,,,26.464033,47.891045,30.564583,48.995956,0.157730,0.228020,0.024003,0.092364,0.068638,,,,,,,,,
184433,,,,,,,,,,,,,,,,,,,,0.684764,1.653979,2.525712,,,,,,
184438,,,,,,,,,,,,,,,,,,,,,,,,,,,,198.800003
184439,,,,,,,,,,,,,30.392946,49.241039,0.158661,0.225299,,,,,,,,,,,,
184443,,,,,,,,,,,,,,,,,,,,0.679735,1.657972,2.560477,,,,,,
184448,,,,,,,,,,,,,,,,,,,,,,,,,,,,198.800003
184449,,,,,,,,,,,,,30.513531,49.117264,0.156645,0.226291,,,,,,,,,,,,
184452,,,,,,,,,,,,,,,,,,,,0.674557,1.661924,2.595076,,,,,,
184458,,,,,,,,,,,,,,,,,,,,,,,,,,,,205.029999
184459,,,,,,,,,,,,,30.603065,49.542233,0.154922,0.221711,,,,,,,,,,,,
184462,,,,,,,,,,,,,,,,,,,,0.669179,1.665672,2.629474,,,,,,
184468,,,,,,,,,,,,,,,,,,,,,,,,,,,,204.050003
184469,,,,,,,,,,,,,30.675922,49.348282,0.153351,0.223359,,,,,,,,,,,,
184472,,,,,,,,,,,,,,,,,,,,0.663557,1.669186,2.666617,,,,,,
184478,,,,,,,,,,,,,,,,,,,,,,,,,,,,203.910004
184480,,,,0.593968,1.601664,2.741484,0.472318,3.566296,,,,,,,,,,,,,,,,,,,,
184481,,,,,,,,,,,26.986202,49.346481,30.872810,49.805065,0.155826,0.233254,0.031036,0.091638,0.074700,,,,,,,,,
184483,,,,,,,,,,,,,,,,,,,,0.657933,1.672516,2.700784,,,,,,
184488,,,,,,,,,,,,,,,,,,,,,,,,,,,,201.250000
184489,,,,,,,,,,,,,30.725105,50.046650,0.156556,0.230698,,,,,,,,,,,,
184493,,,,,,,,,,,,,,,,,,,,0.652196,1.675459,2.734708,,,,,,
184499,,,,,,,,,,,,,30.786543,50.333317,0.155181,0.227634,,,,,,,,,,,,
184503,,,,,,,,,,,,,,,,,,,,,,,,,,,,209.369995
184502,,,,,,,,,,,,,,,,,,,,0.646400,1.678242,2.771295,,,,,,
184508,,,,,,,,,,,,,,,,,,,,,,,,,,,,214.690002
184509,,,,,,,,,,,,,30.844206,50.584465,0.153833,0.224875,,,,,,,,,,,,
184513,,,,,,,,,,,,,,,,,,,,0.640620,1.680799,2.810637,,,,,,
184518,,,,,,,,,,,,,,,,,,,,,,,,,,,,217.000000
184519,,,,,,,,,,,,,30.887749,50.787491,0.152617,0.222557,,,,,,,,,,,,
184523,,,,,,,,,,,,,,,,,,,,0.634557,1.683278,2.849876,,,,,,
184528,,,,,,,,,,,,,,,,,,,,,,,,,,,,217.979996
184530,,,,0.572049,1.608623,2.927643,0.462714,3.688153,,,28.143072,51.111588,,,,,0.038379,0.089252,0.077271,,,,,,,,,
184531,,,,,,,,,,,,,30.704832,50.749592,0.165503,0.240659,,,,,,,,,,,,
184532,,,,,,,,,,,,,,,,,,,,0.628504,1.685537,2.886260,,,,,,
184538,,,,,,,,,,,,,,,,,,,,,,,,,,,,216.160004
184539,,,,,,,,,,,,,30.415434,50.552799,0.167942,0.242739,,,,,,,,,,,,
184542,,,,,,,,,,,,,,,,,,,,0.622207,1.687623,2.925346,,,,,,
184548,,,,,,,,,,,,,,,,,,,,,,,,,,,,217.839996
184549,,,,,,,,,,,,,30.520527,51.297756,0.166416,0.235252,,,,,,,,,,,,
184552,,,,,,,,,,,,,,,,,,,,0.615652,1.689560,2.964237,,,,,,
184559,,,,,,,,,,,,,30.617393,51.390968,0.164952,0.234264,,,,,,,,,,,,
184562,,,,,,,,,,,,,,,,,,,,,,,,,,,,222.880005
184563,,,,,,,,,,,,,,,,,,,,0.609196,1.691124,3.003187,,,,,,
184568,,,,,,,,,,,,,,,,,,,,,,,,,,,,228.339996
184569,,,,,,,,,,,,,30.688969,52.000351,0.163727,0.227992,,,,,,,,,,,,
184572,,,,,,,,,,,,,,,,,,,,0.602636,1.692627,3.042021,,,,,,
184578,,,,,,,,,,,,,,,,,,,,,,,,,,,,227.429993
184580,,,,0.549198,1.611382,3.114826,0.459658,3.746228,,,29.828678,52.874359,,,,,0.045145,0.085836,0.071903,,,,,,,,,
184581,,,,,,,,,,,,,30.987692,51.736904,0.177364,0.248482,,,,,,,,,,,,
184582,,,,,,,,,,,,,,,,,,,,0.596051,1.693817,3.083627,,,,,,
184588,,,,,,,,,,,,,,,,,,,,,,,,,,,,225.330002
184589,,,,,,,,,,,,,30.667233,52.063499,0.180401,0.245378,,,,,,,,,,,,
184592,,,,,,,,,,,,,,,,,,,,0.589148,1.694736,3.122360,,,,,,
184598,,,,,,,,,,,,,,,,,,,,,,,,,,,,221.759995
184599,,,,,,,,,,,,,31.282810,52.573269,0.173955,0.240341,,,,,,,,,,,,
184603,,,,,,,,,,,,,,,,,,,,0.582284,1.695203,-3.122061,,,,,,
184608,,,,,,,,,,,,,,,,,,,,,,,,,,,,213.220001
184609,,,,,,,,,,,,,31.263260,53.020752,0.173863,0.235837,,,,,,,,,,,,
184612,,,,,,,,,,,,,,,,,,,,0.575578,1.695267,-3.088829,,,,,,
184619,,,,,,,,,,,,,31.786512,53.382229,0.168239,0.232120,,,,,,,,,,,,
184623,,,,,,,,,,,,,,,,,,,,,,,,,,,,215.110001
184622,,,,,,,,,,,,,,,,,,,,0.568703,1.695217,-3.050089,,,,,,
184628,,,,,,,,,,,,,,,,,,,,,,,,,,,,219.380005
184630,,,,0.525867,1.609836,-2.984052,0.463490,3.727845,,,31.768961,54.464085,,,,,0.050521,0.080801,0.064784,,,,,,,,,
184631,,,,,,,,,,,,,31.930843,53.401455,0.186166,0.248038,,,,,,,,,,,,
184632,,,,,,,,,,,,,,,,,,,,0.561817,1.694814,-3.011351,,,,,,
184638,,,,,,,,,,,,,,,,,,,,,,,,,,,,213.710007
184639,,,,,,,,,,,,,32.750732,53.431271,0.177771,0.247946,,,,,,,,,,,,
184643,,,,,,,,,,,,,,,,,,,,0.555178,1.694174,-2.975288,,,,,,
184648,,,,,,,,,,,,,,,,,,,,,,,,,,,,214.270004
184649,,,,,,,,,,,,,32.481483,53.165432,0.180321,0.250864,,,,,,,,,,,,
184652,,,,,,,,,,,,,,,,,,,,0.548519,1.693577,-2.939166,,,,,,
184658,,,,,,,,,,,,,,,,,,,,,,,,,,,,216.720001
184659,,,,,,,,,,,,,32.813183,53.506615,0.176795,0.247644,,,,,,,,,,,,
184662,,,,,,,,,,,,,,,,,,,,0.541389,1.692548,-2.900191,,,,,,
184668,,,,,,,,,,,,,,,,,,,,,,,,,,,,208.179993
184669,,,,,,,,,,,,,33.090618,53.791035,0.173757,0.244935,,,,,,,,,,,,
184672,,,,,,,,,,,,,,,,,,,,0.534025,1.691287,-2.861088,,,,,,
184678,,,,,,,,,,,,,,,,,,,,,,,,,,,,214.970001
184680,,,,0.502509,1.603930,-2.806232,0.474284,3.632220,,,33.999184,55.855835,,,,,0.054500,0.074931,0.054113,,,,,,,,,
184681,,,,,,,,,,,,,33.499542,54.216846,0.192070,0.254922,,,,,,,,,,,,
184683,,,,,,,,,,,,,,,,,,,,0.526986,1.689739,-2.824655,,,,,,
184688,,,,,,,,,,,,,,,,,,,,,,,,,,,,216.929993
184689,,,,,,,,,,,,,33.421246,54.124493,0.192968,0.256192,,,,,,,,,,,,
184693,,,,,,,,,,,,,,,,,,,,0.519942,1.687961,-2.785323,,,,,,
184699,,,,,,,,,,,,,34.151619,54.860954,0.185634,0.249026,,,,,,,,,,,,
184703,,,,,,,,,,,,,,,,,,,,,,,,,,,,215.320007
184702,,,,,,,,,,,,,,,,,,,,0.512933,1.685797,-2.745875,,,,,,
184708,,,,,,,,,,,,,,,,,,,,,,,,,,,,214.970001
184709,,,,,,,,,,,,,34.216225,54.929695,0.184944,0.248524,,,,,,,,,,,,
184712,,,,,,,,,,,,,,,,,,,,0.505969,1.683347,-2.711940,,,,,,
184718,,,,,,,,,,,,,,,,,,,,,,,,,,,,206.710007
184719,,,,,,,,,,,,,34.271137,55.536575,0.184341,0.242519,,,,,,,,,,,,
184722,,,,,,,,,,,,,,,,,,,,0.499227,1.680602,-2.677905,,,,,,
184728,,,,,,,,,,,,,,,,,,,,,,,,,,,,202.509995
184730,,,,0.479576,1.593657,-2.637695,0.491799,3.471181,,,36.361916,56.892036,,,,,0.056577,0.068609,0.038572,,,,,,,,,
184731,,,,,,,,,,,,,34.938896,55.648479,0.201575,0.252010,,,,,,,,,,,,
184733,,,,,,,,,,,,,,,,,,,,0.492649,1.677669,-2.640850,,,,,,
184738,,,,,,,,,,,,,,,,,,,,,,,,,,,,202.509995
184739,,,,,,,,,,,,,35.323689,55.382553,0.197935,0.254972,,,,,,,,,,,,
184742,,,,,,,,,,,,,,,,,,,,0.486160,1.674611,-2.606563,,,,,,
184748,,,,,,,,,,,,,,,,,,,,,,,,,,,,207.339996
184749,,,,,,,,,,,,,35.752941,55.372101,0.193764,0.255380,,,,,,,,,,,,
184753,,,,,,,,,,,,,,,,,,,,0.479752,1.671256,-2.569202,,,,,,
184759,,,,,,,,,,,,,36.036179,55.791187,0.190997,0.251409,,,,,,,,,,,,
184762,,,,,,,,,,,,,,,,,,,,0.473182,1.667594,-2.531585,,,,,,201.809998
184768,,,,,,,,,,,,,,,,,,,,,,,,,,,,207.130005
184769,,,,,,,,,,,,,35.858189,55.802460,0.192878,0.251515,,,,,,,,,,,,
184772,,,,,,,,,,,,,,,,,,,,0.466498,1.663565,-2.496650,,,,,,
184778,,,,,,,,,,,,,,,,,,,,,,,,,,,,201.039993
184780,,,,0.457509,1.579062,-2.480195,0.515511,3.264480,,,39.185913,57.880222,,,,,0.058018,0.061810,0.015633,,,,,,,,,
184781,,,,,,,,,,,,,36.255356,55.844593,0.217732,0.261382,,,,,,,,,,,,
184782,,,,,,,,,,,,,,,,,,,,0.460054,1.659303,-2.461477,,,,,,
184788,,,,,,,,,,,,,,,,,,,,,,,,,,,,193.059998
184789,,,,,,,,,,,,,36.427776,56.200447,0.216559,0.258160,,,,,,,,,,,,
184792,,,,,,,,,,,,,,,,,,,,0.453631,1.654673,-2.426065,,,,,,
184798,,,,,,,,,,,,,,,,,,,,,,,,,,,,198.869995
184799,,,,,,,,,,,,,37.225613,56.602036,0.208973,0.254399,,,,,,,,,,,,
184802,,,,,,,,,,,,,,,,,,,,0.447574,1.650222,-2.393458,,,,,,
184808,,,,,,,,,,,,,,,,,,,,,,,,,,,,190.399994
184809,,,,,,,,,,,,,37.360516,56.957775,0.207989,0.251027,,,,,,,,,,,,
184812,,,,,,,,,,,,,,,,,,,,0.441544,1.645420,-2.357625,,,,,,
184818,,,,,,,,,,,,,,,,,,,,,,,,,,,,187.179993
184819,,,,,,,,,,,,,38.029663,56.716969,0.201529,0.253667,,,,,,,,,,,,
184822,,,,,,,,,,,,,,,,,,,,0.435346,1.640156,-2.327509,,,,,,
184828,,,,,,,,,,,,,,,,,,,,,,,,,,,,180.600006
184830,,,,0.436727,1.560239,-2.334527,0.544706,3.032976,,,41.820480,58.468445,,,,,0.057249,0.055507,-0.007784,,,,,,,,,
184831,,,,,,,,,,,,,38.560608,57.096584,0.223217,0.256028,,,,,,,,,,,,
184833,,,,,,,,,,,,,,,,,,,,0.429521,1.634719,-2.291192,,,,,,
184839,,,,,,,,,,,,,39.011189,57.890507,0.219273,0.248204,,,,,,,,,,,,
184843,,,,,,,,,,,,,,,,,,,,,,,,,,,,177.449997
184842,,,,,,,,,,,,,,,,,,,,0.423930,1.628818,-2.260644,,,,,,
184848,,,,,,,,,,,,,,,,,,,,,,,,,,,,172.059998
184849,,,,,,,,,,,,,39.405918,58.033436,0.215809,0.246862,,,,,,,,,,,,
184852,,,,,,,,,,,,,,,,,,,,0.418905,1.623168,-2.233213,,,,,,
184858,,,,,,,,,,,,,,,,,,,,,,,,,,,,168.350006
184859,,,,,,,,,,,,,40.285816,57.604317,0.207317,0.251326,,,,,,,,,,,,
184862,,,,,,,,,,,,,,,,,,,,0.413955,1.617363,-2.202336,,,,,,
184868,,,,,,,,,,,,,,,,,,,,,,,,,,,,164.360001
184866,,,,,,,,,,,,,,,,,,,,0.413955,1.617363,-2.202336,,,,,,
184869,,,,,,,,,,,,,41.031910,57.799213,0.200014,0.249511,,,,,,,,,,,,
184872,,,,,,,,,,,,,,,,,,,,0.409091,1.611538,-2.177512,,,,,,
184878,,,,,,,,,,,,,,,,,,,,,,,,,,,,160.089996
184880,,,,0.417616,1.537327,-2.200798,0.578579,2.793474,,,44.561737,59.276821,,,,,0.056066,0.049035,-0.024125,,,,,,,,,
184881,,,,,,,,,,,,,41.092918,57.546879,0.227510,0.260464,,,,,,,,,,,,
184883,,,,,,,,,,,,,,,,,,,,0.403966,1.605068,-2.146154,,,,,,
184888,,,,,,,,,,,,,,,,,,,,,,,,,,,,158.339996
184889,,,,,,,,,,,,,41.130810,58.252785,0.227817,0.253610,,,,,,,,,,,,
184892,,,,,,,,,,,,,,,,,,,,0.399009,1.598385,-2.117649,,,,,,
184899,,,,,,,,,,,,,41.741451,58.342953,0.222275,0.252895,,,,,,,,,,,,
184903,,,,,,,,,,,,,,,,,,,,,,,,,,,,151.690002
184902,,,,,,,,,,,,,,,,,,,,0.394202,1.591537,-2.092066,,,,,,
184908,,,,,,,,,,,,,,,,,,,,,,,,,,,,142.869995
184909,,,,,,,,,,,,,42.250935,58.413181,0.217642,0.252365,,,,,,,,,,,,
184912,,,,,,,,,,,,,,,,,,,,0.389643,1.584792,-2.066321,,,,,,
184918,,,,,,,,,,,,,,,,,,,,,,,,,,,,148.960007
184919,,,,,,,,,,,,,42.686802,58.481674,0.213658,0.251839,,,,,,,,,,,,
184923,,,,,,,,,,,,,,,,,,,,0.385231,1.577741,-2.040474,,,,,,
184928,,,,,,,,,,,,,,,,,,,,,,,,,,,,135.309998
184930,,,,0.400524,1.510504,-2.078718,0.616316,2.556743,,,47.044296,59.816536,,,,,0.053122,0.043698,-0.039398,,,,,,,,,
184931,,,,,,,,,,,,,43.412102,58.575764,0.231957,0.256544,,,,,,,,,,,,
184938,,,,,,,,,,,,,,,,,,,,,,,,,,,,136.850006
184936,,,,,,,,,,,,,,,,,,,,0.381128,1.570428,-2.017630,,,,,,
184939,,,,,,,,,,,,,43.777843,58.514069,0.228953,0.257421,,,,0.381128,1.570428,-2.017630,,,,,,
184943,,,,,,,,,,,,,,,,,,,,0.381128,1.570428,-2.017630,,,,,,
184944,,,,,,,,,,,,,,,,,,,,0.377218,1.562919,-1.991457,,,,,,
184948,,,,,,,,,,,,,,,,,,,,,,,,,,,,130.619995
184949,,,,,,,,,,,,,43.952168,58.541225,0.227828,0.257404,,,,,,,,,,,,
184952,,,,,,,,,,,,,,,,,,,,0.373555,1.555475,-1.971614,,,,,,
184959,,,,,,,,,,,,,44.664883,58.586590,0.221177,0.257197,,,,,,,,,,,,
184963,,,,,,,,,,,,,,,,,,,,0.370060,1.547865,-1.948369,,,,,,124.320000
184968,,,,,,,,,,,,,,,,,,,,,,,,,,,,118.089996
184969,,,,,,,,,,,,,45.240631,58.595699,0.215780,0.257350,,,,,,,,,,,,
184972,,,,,,,,,,,,,,,,,,,,0.366599,1.539918,-1.928172,,,,,,
184978,,,,,,,,,,,,,,,,,,,,,,,,,,,,122.919998
184980,,,,0.385744,1.479985,-1.967845,0.657142,2.327987,,,,,,,,,,,,,,,,,,,,
184981,,,,,,,,,,,49.293797,60.645863,45.411125,58.484493,0.237347,0.267188,0.049539,0.038626,-0.040987,,,,,,,,,
184982,,,,,,,,,,,,,,,,,,,,0.363178,1.531791,-1.907853,,,,,,
184988,,,,,,,,,,,,,,,,,,,,,,,,,,,,122.709999
184989,,,,,,,,,,,,,46.384216,58.746696,0.228198,0.264945,,,,,,,,,,,,
184993,,,,,,,,,,,,,,,,,,,,0.360028,1.523815,-1.883960,,,,,,
184998,,,,,,,,,,,,,,,,,,,,,,,,,,,,115.709999
184999,,,,,,,,,,,,,46.704247,58.751015,0.225516,0.265281,,,,,,,,,,,,
185003,,,,,,,,,,,,,,,,,,,,0.356922,1.515177,-1.863132,,,,,,
185008,,,,,,,,,,,,,,,,,,,,,,,,,,,,109.900002
185009,,,,,,,,,,,,,46.970428,59.299004,0.223319,0.260071,,,,,,,,,,,,
185013,,,,,,,,,,,,,,,,,,,,0.354002,1.506805,-1.842526,,,,,,
185019,,,,,,,,,,,,,47.710354,59.721504,0.216236,0.256030,,,,,,,,,,,,
185023,,,,,,,,,,,,,,,,,,,,,,,,,,,,110.389999
185022,,,,,,,,,,,,,,,,,,,,0.351166,1.498387,-1.824935,,,,,,
185028,,,,,,,,,,,,,,,,,,,,,,,,,,,,115.849998
185030,,,,0.373509,1.446003,-1.867738,0.700329,2.108443,,,,,,,,,,,,,,,,,,,,
185031,,,,,,,,,,,51.484962,61.406647,47.986607,59.938225,0.236085,0.261765,0.045217,0.034520,-0.043819,,,,,,,,,
185032,,,,,,,,,,,,,,,,,,,,0.348506,1.490189,-1.804041,,,,,,
185038,,,,,,,,,,,,,,,,,,,,,,,,,,,,113.120003
185039,,,,,,,,,,,,,48.519642,59.933018,0.231347,0.262112,,,,,,,,,,,,
185042,,,,,,,,,,,,,,,,,,,,0.346150,1.481522,-1.786298,,,,,,
185048,,,,,,,,,,,,,,,,,,,,,,,,,,,,112.980003
185049,,,,,,,,,,,,,48.507957,60.306465,0.232060,0.258597,,,,,,,,,,,,
185053,,,,,,,,,,,,,,,,,,,,0.343955,1.473184,-1.764805,,,,,,
185058,,,,,,,,,,,,,,,,,,,,,,,,,,,,106.610001
185059,,,,,,,,,,,,,49.011425,60.578056,0.227520,0.256047,,,,,,,,,,,,
185063,,,,,,,,,,,,,,,,,,,,0.341848,1.464584,-1.746886,,,,,,
185068,,,,,,,,,,,,,,,,,,,,,,,,,,,,106.190002
185069,,,,,,,,,,,,,49.479706,60.860165,0.223238,0.253335,,,,,,,,,,,,
185072,,,,,,,,,,,,,,,,,,,,0.340116,1.455976,-1.728933,,,,,,
185078,,,,,,,,,,,,,,,,,,,,,,,,,,,,108.360001
185080,,,,0.363982,1.408815,-1.778041,0.745181,1.897032,,,54.384254,62.728916,,,,,0.042814,0.030728,-0.050203,,,,,,,,,
185081,,,,,,,,,,,,,50.090778,60.606133,0.246979,0.269523,,,,,,,,,,,,
185082,,,,,,,,,,,,,,,,,,,,0.338351,1.447466,-1.710739,,,,,,
185088,,,,,,,,,,,,,,,,,,,,,,,,,,,,108.919998
185089,,,,,,,,,,,,,50.662025,60.819744,0.242011,0.267768,,,,,,,,,,,,
185093,,,,,,,,,,,,,,,,,,,,0.336676,1.438795,-1.688632,,,,,,
185099,,,,,,,,,,,,,50.855236,61.047581,0.240785,0.265826,,,,,,,,,,,,
185103,,,,,,,,,,,,,,,,,,,,,,,,,,,,100.730003
185102,,,,,,,,,,,,,,,,,,,,0.335047,1.429511,-1.670007,,,,,,
185108,,,,,,,,,,,,,,,,,,,,,,,,,,,,94.290001
185109,,,,,,,,,,,,,51.054436,61.283241,0.239459,0.263759,,,,,,,,,,,,
185113,,,,,,,,,,,,,,,,,,,,0.333674,1.420226,-1.654980,,,,,,
185118,,,,,,,,,,,,,,,,,,,,,,,,,,,,90.510002
185119,,,,,,,,,,,,,51.688221,61.931805,0.233660,0.257433,,,,,,,,,,,,
185122,,,,,,,,,,,,,,,,,,,,0.332550,1.410931,-1.639832,,,,,,
185128,,,,,,,,,,,,,,,,,,,,,,,,,,,,94.570000
185130,,,,0.357247,1.368682,-1.698514,0.791012,1.691632,,,57.424095,64.039543,,,,,0.040466,0.027284,-0.059456,,,,,,,,,
185131,,,,,,,,,,,,,51.934448,61.960728,0.262694,0.270665,,,,,,,,,,,,
185133,,,,,,,,,,,,,,,,,,,,0.331561,1.401823,-1.620817,,,,,,
185138,,,,,,,,,,,,,,,,,,,,,,,,,,,,87.570000
185139,,,,,,,,,,,,,52.272083,62.027340,0.260348,0.270402,,,,,,,,,,,,
185143,,,,,,,,,,,,,,,,,,,,0.330732,1.393091,-1.609470,,,,,,
185148,,,,,,,,,,,,,,,,,,,,,,,,,,,,86.239998
185149,,,,,,,,,,,,,52.746124,62.049747,0.256543,0.270576,,,,,,,,,,,,
185153,,,,,,,,,,,,,,,,,,,,0.330065,1.383932,-1.594084,,,,,,
185159,,,,,,,,,,,,,53.169739,62.645771,0.253158,0.264894,,,,,,,,,,,,
185163,,,,,,,,,,,,,,,,,,,,0.329495,1.374639,-1.578575,,,,,,75.389999
185168,,,,,,,,,,,,,,,,,,,,,,,,,,,,69.230003
185169,,,,,,,,,,,,,53.512005,62.582012,0.250518,0.265823,,,,,,,,,,,,
185172,,,,,,,,,,,,,,,,,,,,0.329148,1.365029,-1.566901,,,,,,
185178,,,,,,,,,,,,,,,,,,,,,,,,,,,,73.779999
185180,,,,0.353305,1.325872,-1.629027,0.837115,1.489899,,,60.686733,65.811470,,,,,0.039233,0.023756,-0.063295,,,,,,,,,
185181,,,,,,,,,,,,,53.958096,62.059765,0.280029,0.289515,,,,,,,,,,,,
185182,,,,,,,,,,,,,,,,,,,,0.328943,1.355257,-1.555216,,,,,,
185188,,,,,,,,,,,,,,,,,,,,,,,,,,,,70.209999
185189,,,,,,,,,,,,,54.585400,62.058220,0.274976,0.290281,,,,,,,,,,,,
185193,,,,,,,,,,,,,,,,,,,,0.328726,1.345517,-1.539782,,,,,,
185198,,,,,,,,,,,,,,,,,,,,,,,,,,,,65.239998
185199,,,,,,,,,,,,,55.253456,62.089634,0.269382,0.290712,,,,,,,,,,,,
185202,,,,,,,,,,,,,,,,,,,,0.328584,1.335815,-1.532158,,,,,,
185208,,,,,,,,,,,,,,,,,,,,,,,,,,,,58.590000
185205,,,,,,,,,,,,,,,,,,,,0.328584,1.335815,-1.532158,,,,,,
185209,,,,,,,,,,,,,55.779999,62.624870,0.265098,0.285997,,,,0.328584,1.335815,-1.532158,,,,,,
185212,,,,,,,,,,,,,,,,,,,,0.328652,1.325940,-1.520664,,,,,,
185219,,,,,,,,,,,,,56.252022,63.107616,0.261265,0.281710,,,,,,,,,,,,
185223,,,,,,,,,,,,,,,,,,,,0.328676,1.316361,-1.512965,,,,,,54.389999
185228,,,,,,,,,,,,,,,,,,,,,,,,,,,,55.580002
185230,,,,0.352065,1.280643,-1.569551,0.882742,1.289678,,,,,,,,,,,,,,,,,,,,
185231,,,,,,,,,,,63.431461,67.594803,56.909443,63.590023,0.283442,0.295520,0.037096,0.021040,-0.057616,,,,,,,,,
185232,,,,,,,,,,,,,,,,,,,,0.328875,1.306419,-1.501574,,,,,,
185238,,,,,,,,,,,,,,,,,,,,,,,,,,,,60.270000
185239,,,,,,,,,,,,,57.514225,63.823166,0.278578,0.293943,,,,,,,,,,,,
185242,,,,,,,,,,,,,,,,,,,,0.329205,1.296389,-1.494046,,,,,,
185248,,,,,,,,,,,,,,,,,,,,,,,,,,,,56.980000
185249,,,,,,,,,,,,,58.251423,64.107483,0.272242,0.291797,,,,,,,,,,,,
185253,,,,,,,,,,,,,,,,,,,,0.329646,1.286538,-1.482730,,,,,,
185258,,,,,,,,,,,,,,,,,,,,,,,,,,,,55.439999
185259,,,,,,,,,,,,,58.336170,64.908768,0.272414,0.284322,,,,,,,,,,,,
185262,,,,,,,,,,,,,,,,,,,,0.330216,1.276565,-1.475195,,,,,,
185268,,,,,,,,,,,,,,,,,,,,,,,,,,,,53.340000
185269,,,,,,,,,,,,,58.924202,65.001060,0.267435,0.283918,,,,,,,,,,,,
185273,,,,,,,,,,,,,,,,,,,,0.330852,1.266646,-1.464004,,,,,,
185278,,,,,,,,,,,,,,,,,,,,,,,,,,,,51.380001
185280,,,,0.353344,1.233244,-1.520141,0.927093,1.089154,,,66.400894,69.343819,,,,,0.035637,0.018576,-0.056952,,,,,,,,,
185281,,,,,,,,,,,,,59.498497,65.083931,0.292767,0.301431,,,,,,,,,,,,
185282,,,,,,,,,,,,,,,,,,,,0.331688,1.256511,-1.456580,,,,,,
185288,,,,,,,,,,,,,,,,,,,,,,,,,,,,49.490002
185289,,,,,,,,,,,,,59.823196,65.173523,0.290835,0.301369,,,,,,,,,,,,
185292,,,,,,,,,,,,,,,,,,,,0.332596,1.246221,-1.445485,,,,,,
185299,,,,,,,,,,,,,60.187252,65.236351,0.288437,0.301562,,,,,,,,,,,,
185302,,,,,,,,,,,,,,,,,,,,0.333581,1.235467,-1.438144,,,,,,47.810001
185308,,,,,,,,,,,,,,,,,,,,,,,,,,,,42.910000
185309,,,,,,,,,,,,,61.094486,65.892952,0.280426,0.295686,,,,,,,,,,,,
185313,,,,,,,,,,,,,,,,,,,,0.334659,1.224707,-1.427156,,,,,,
185318,,,,,,,,,,,,,,,,,,,,,,,,,,,,35.980000
185319,,,,,,,,,,,,,61.275768,66.409958,0.279638,0.291103,,,,,,,,,,,,
185322,,,,,,,,,,,,,,,,,,,,0.335925,1.214280,-1.423573,,,,,,
185328,,,,,,,,,,,,,,,,,,,,,,,,,,,,35.910000
185330,,,,0.356865,1.183912,-1.480918,0.969324,0.886839,,,69.029472,70.633133,,,,,0.033247,0.016062,-0.058107,,,,,,,,,
185331,,,,,,,,,,,,,62.348820,67.137917,0.296530,0.297416,,,,,,,,,,,,
185333,,,,,,,,,,,,,,,,,,,,0.337168,1.203804,-1.416272,,,,,,
185338,,,,,,,,,,,,,,,,,,,,,,,,,,,,37.099998
185339,,,,,,,,,,,,,62.996861,67.026405,0.291256,0.299252,,,,,,,,,,,,
185342,,,,,,,,,,,,,,,,,,,,0.338634,1.193393,-1.409003,,,,,,
185348,,,,,,,,,,,,,,,,,,,,,,,,,,,,37.029999
185349,,,,,,,,,,,,,63.400726,67.338303,0.288343,0.296792,,,,,,,,,,,,
185352,,,,,,,,,,,,,,,,,,,,0.340137,1.182831,-1.405345,,,,,,
185359,,,,,,,,,,,,,63.733234,67.593040,0.286077,0.294853,,,,,,,,,,,,
185362,,,,,,,,,,,,,,,,,,,,0.341726,1.171852,-1.398094,,,,,,25.690001
185368,,,,,,,,,,,,,,,,,,,,,,,,,,,,27.230000
185369,,,,,,,,,,,,,64.051743,67.848152,0.283888,0.292859,,,,,,,,,,,,
185373,,,,,,,,,,,,,,,,,,,,0.343358,1.161116,-1.394505,,,,,,
185378,,,,,,,,,,,,,,,,,,,,,,,,,,,,32.060001
185380,,,,0.362258,1.132866,-1.452062,1.008565,0.681482,,,71.553543,71.864769,,,,,0.031220,0.013498,-0.058203,,,,,,,,,
185381,,,,,,,,,,,,,64.677086,68.340256,0.304250,0.300959,,,,,,,,,,,,
185382,,,,,,,,,,,,,,,,,,,,0.344953,1.150403,-1.387302,,,,,,
185388,,,,,,,,,,,,,,,,,,,,,,,,,,,,34.650002
185389,,,,,,,,,,,,,64.973732,68.055923,0.302600,0.304564,,,,,,,,,,,,
185393,,,,,,,,,,,,,,,,,,,,0.346666,1.139410,-1.383741,,,,,,
185398,,,,,,,,,,,,,,,,,,,,,,,,,,,,31.290001
185399,,,,,,,,,,,,,65.615578,68.756271,0.297369,0.298182,,,,,,,,,,,,
185402,,,,,,,,,,,,,,,,,,,,0.348362,1.128463,-1.376486,,,,,,
185408,,,,,,,,,,,,,,,,,,,,,,,,,,,,15.120000
185409,,,,,,,,,,,,,66.726120,69.368698,0.287229,0.292557,,,,,,,,,,,,
185412,,,,,,,,,,,,,,,,,,,,0.350193,1.117541,-1.372863,,,,,,
185419,,,,,,,,,,,,,66.987579,69.753258,0.285527,0.289134,,,,,,,,,,,,
185423,,,,,,,,,,,,,,,,,,,,,,,,,,,,14.070000
185422,,,,,,,,,,,,,,,,,,,,0.352056,1.106748,-1.372846,,,,,,
185428,,,,,,,,,,,,,,,,,,,,,,,,,,,,17.080000
185430,,,,0.369063,1.080318,-1.433810,1.043957,0.471959,,,,,,,,,,,,,,,,,,,,
185431,,,,,,,,,,,73.958626,72.769852,67.377190,70.163147,0.306998,0.294607,0.029297,0.011310,-0.061399,,,,,,,,,
185433,,,,,,,,,,,,,,,,,,,,0.354117,1.095692,-1.369277,,,,,,
185438,,,,,,,,,,,,,,,,,,,,,,,,,,,,17.360001
185439,,,,,,,,,,,,,68.375160,70.031967,0.298135,0.296467,,,,,,,,,,,,
185443,,,,,,,,,,,,,,,,,,,,0.356012,1.084952,-1.369277,,,,,,
185448,,,,,,,,,,,,,,,,,,,,,,,,,,,,11.060000
185449,,,,,,,,,,,,,68.518402,70.461823,0.297791,0.292630,,,,,,,,,,,,
185452,,,,,,,,,,,,,,,,,,,,0.358147,1.073634,-1.365698,,,,,,
185458,,,,,,,,,,,,,,,,,,,,,,,,,,,,2.450000
185459,,,,,,,,,,,,,69.152336,70.239868,0.292413,0.295355,,,,,,,,,,,,
185462,,,,,,,,,,,,,,,,,,,,0.360175,1.062494,-1.362167,,,,,,
185468,,,,,,,,,,,,,,,,,,,,,,,,,,,,5.110000
185469,,,,,,,,,,,,,69.133659,70.596153,0.293565,0.292227,,,,,,,,,,,,
185472,,,,,,,,,,,,,,,,,,,,0.362230,1.051070,-1.362122,,,,,,
185478,,,,,,,,,,,,,,,,,,,,,,,,,,,,8.820000
185480,,,,0.376740,1.026470,-1.426449,1.074699,0.257184,,,,,,,,,,,,,,,,,,,,
185481,,,,,,,,,,,76.022964,73.297661,69.632156,70.404175,0.310501,0.300004,0.027135,0.008962,-0.064625,,,,,,,,,
185482,,,,,,,,,,,,,,,,,,,,0.364193,1.040086,-1.358549,,,,,,
185488,,,,,,,,,,,,,,,,,,,,,,,,,,,,7.350000
185489,,,,,,,,,,,,,70.155693,70.805267,0.306439,0.296491,,,,,,,,,,,,
185492,,,,,,,,,,,,,,,,,,,,0.366242,1.028326,-1.358547,,,,,,
185499,,,,,,,,,,,,,70.452972,71.543526,0.304581,0.289459,,,,,,,,,,,,
185502,,,,,,,,,,,,,,,,,,,,0.368234,1.017269,-1.362090,,,,,,-9.520000
185508,,,,,,,,,,,,,,,,,,,,,,,,,,,,-11.550000
185509,,,,,,,,,,,,,70.842888,71.760475,0.301718,0.287597,,,,,,,,,,,,
185513,,,,,,,,,,,,,,,,,,,,0.370362,1.005943,-1.362090,,,,,,
185518,,,,,,,,,,,,,,,,,,,,,,,,,,,,-8.610000
185519,,,,,,,,,,,,,71.672813,71.347992,0.294288,0.292112,,,,,,,,,,,,
185522,,,,,,,,,,,,,,,,,,,,0.372640,0.994458,-1.362100,,,,,,
185528,,,,,,,,,,,,,,,,,,,,,,,,,,,,-10.430000
185530,,,,0.384672,0.971520,-1.430325,1.100102,0.036078,,,77.763855,73.473824,,,,,0.024965,0.006890,-0.067983,,,,,,,,,
185531,,,,,,,,,,,,,72.072784,71.328789,0.308836,0.294495,,,,,,,,,,,,
185532,,,,,,,,,,,,,,,,,,,,0.374812,0.983230,-1.365664,,,,,,
185538,,,,,,,,,,,,,,,,,,,,,,,,,,,,-17.150000
185539,,,,,,,,,,,,,72.440033,71.814034,0.306228,0.289974,,,,,,,,,,,,
185543,,,,,,,,,,,,,,,,,,,,0.376991,0.972058,-1.369251,,,,,,
185548,,,,,,,,,,,,,,,,,,,,,,,,,,,,-19.459999
185549,,,,,,,,,,,,,72.497284,71.970566,0.306709,0.288710,,,,,,,,,,,,
185552,,,,,,,,,,,,,,,,,,,,0.379032,0.960776,-1.372819,,,,,,
185559,,,,,,,,,,,,,73.055107,71.515938,0.302072,0.293648,,,,,,,,,,,,
185563,,,,,,,,,,,,,,,,,,,,,,,,,,,,-19.320000
185562,,,,,,,,,,,,,,,,,,,,0.381224,0.948898,-1.376400,,,,,,
185568,,,,,,,,,,,,,,,,,,,,,,,,,,,,-20.860001
185569,,,,,,,,,,,,,72.948738,71.653679,0.304099,0.292634,,,,,,,,,,,,
185572,,,,,,,,,,,,,,,,,,,,0.383316,0.937297,-1.379976,,,,,,
185578,,,,,,,,,,,,,,,,,,,,,,,,,,,,-24.430000
185580,,,,0.392182,0.915681,-1.445830,1.119646,-0.192413,,,79.043816,73.506187,,,,,0.022936,0.004500,-0.066297,,,,,,,,,
185581,,,,,,,,,,,,,73.153473,71.592834,0.316029,0.293949,,,,,,,,,,,,
185582,,,,,,,,,,,,,,,,,,,,0.385389,0.925326,-1.387179,,,,,,
185588,,,,,,,,,,,,,,,,,,,,,,,,,,,,-36.889999
185589,,,,,,,,,,,,,74.021278,72.051842,0.308356,0.289650,,,,,,,,,,,,
185593,,,,,,,,,,,,,,,,,,,,0.387481,0.913371,-1.394398,,,,,,
185598,,,,,,,,,,,,,,,,,,,,,,,,,,,,-43.680000
185599,,,,,,,,,,,,,74.333755,72.128845,0.306173,0.289155,,,,,,,,,,,,
185602,,,,,,,,,,,,,,,,,,,,0.389420,0.901595,-1.401648,,,,,,
185608,,,,,,,,,,,,,,,,,,,,,,,,,,,,-42.070000
185609,,,,,,,,,,,,,74.620972,72.216827,0.304185,0.288533,,,,,,,,,,,,
185613,,,,,,,,,,,,,,,,,,,,0.391338,0.890409,-1.405263,,,,,,
185618,,,,,,,,,,,,,,,,,,,,,,,,,,,,-43.189999
185616,,,,,,,,,,,,,,,,,,,,0.391338,0.890409,-1.405263,,,,,,
185619,,,,,,,,,,,,,75.325615,72.212379,0.297883,0.288836,,,,,,,,,,,,
185623,,,,,,,,,,,,,,,,,,,,0.393280,0.878669,-1.412501,,,,,,
185628,,,,,,,,,,,,,,,,,,,,,,,,,,,,-46.130001
185630,,,,0.398547,0.859182,-1.473397,1.133038,-0.429227,,,79.619530,73.060379,,,,,0.020116,0.002077,-0.061178,,,,,,,,,
185631,,,,,,,,,,,,,75.153381,72.062927,0.306255,0.286072,,,,,,,,,,,,
185632,,,,,,,,,,,,,,,,,,,,0.395162,0.867135,-1.419789,,,,,,
185639,,,,,,,,,,,,,75.548164,72.299744,0.303122,0.283856,,,,,,,,,,,,
185642,,,,,,,,,,,,,,,,,,,,,,,,,,,,-51.869999
185643,,,,,,,,,,,,,,,,,,,,0.396959,0.855180,-1.430774,,,,,,
185648,,,,,,,,,,,,,,,,,,,,,,,,,,,,-46.480000
185649,,,,,,,,,,,,,75.755829,71.914459,0.301818,0.287938,,,,,,,,,,,,
185652,,,,,,,,,,,,,,,,,,,,0.398738,0.843420,-1.438131,,,,,,
185658,,,,,,,,,,,,,,,,,,,,,,,,,,,,-46.549999
185659,,,,,,,,,,,,,75.795631,71.467628,0.302185,0.292725,,,,,,,,,,,,
185663,,,,,,,,,,,,,,,,,,,,0.400247,0.831284,-1.445514,,,,,,
185668,,,,,,,,,,,,,,,,,,,,,,,,,,,,-51.799999
185669,,,,,,,,,,,,,76.346703,71.611885,0.297329,0.291572,,,,,,,,,,,,
185673,,,,,,,,,,,,,,,,,,,,0.401585,0.819058,-1.452974,,,,,,
185678,,,,,,,,,,,,,,,,,,,,,,,,,,,,-59.009998
185680,,,,0.403017,0.802292,-1.513483,1.140252,-0.675012,,,79.841858,71.941391,,,,,0.016906,-0.000535,-0.060155,,,,,,,,,
185681,,,,,,,,,,,,,76.441284,71.988052,0.299286,0.276612,,,,,,,,,,,,
185683,,,,,,,,,,,,,,,,,,,,0.402827,0.807132,-1.464069,,,,,,
185688,,,,,,,,,,,,,,,,,,,,,,,,,,,,-62.509998
185689,,,,,,,,,,,,,76.822304,72.417221,0.296080,0.272225,,,,,,,,,,,,
185692,,,,,,,,,,,,,,,,,,,,0.403905,0.795244,-1.475263,,,,,,
185699,,,,,,,,,,,,,76.605064,72.354683,0.298900,0.272767,,,,,,,,,,,,
185702,,,,,,,,,,,,,,,,,,,,,,,,,,,,-53.410000
185703,,,,,,,,,,,,,,,,,,,,0.405178,0.783511,-1.486521,,,,,,
185708,,,,,,,,,,,,,,,,,,,,,,,,,,,,-51.029999
185709,,,,,,,,,,,,,76.633949,71.950546,0.299252,0.276807,,,,,,,,,,,,
185713,,,,,,,,,,,,,,,,,,,,0.405936,0.771799,-1.494024,,,,,,
185718,,,,,,,,,,,,,,,,,,,,,,,,,,,,-60.200001
185719,,,,,,,,,,,,,77.033165,72.000946,0.295822,0.276291,,,,,,,,,,,,
185722,,,,,,,,,,,,,,,,,,,,0.406938,0.759785,-1.501560,,,,,,
185728,,,,,,,,,,,,,,,,,,,,,,,,,,,,-66.639999
185730,,,,0.404835,0.745330,-1.566530,1.141563,-0.929909,,,80.056007,70.367195,,,,,0.014274,-0.003115,-0.065005,,,,,,,,,
185731,,,,,,,,,,,,,77.033615,71.389748,0.298563,0.266457,,,,,,,,,,,,
185733,,,,,,,,,,,,,,,,,,,,0.407653,0.747474,-1.516770,,,,,,
185738,,,,,,,,,,,,,,,,,,,,,,,,,,,,-62.439999
185739,,,,,,,,,,,,,76.688385,71.280060,0.302689,0.267371,,,,,,,,,,,,
185744,,,,,,,,,,,,,,,,,,,,0.408285,0.735362,-1.528358,,,,,,
185748,,,,,,,,,,,,,,,,,,,,,,,,,,,,-63.840000
185749,,,,,,,,,,,,,77.099129,70.908539,0.299173,0.270978,,,,,,,,,,,,
185752,,,,,,,,,,,,,,,,,,,,0.408631,0.722849,-1.536155,,,,,,
185759,,,,,,,,,,,,,76.947762,70.641129,0.301308,0.273597,,,,,,,,,,,,
185762,,,,,,,,,,,,,,,,,,,,,,,,,,,,-76.720001
185763,,,,,,,,,,,,,,,,,,,,0.408940,0.710652,-1.551614,,,,,,
185768,,,,,,,,,,,,,,,,,,,,,,,,,,,,-78.260002
185769,,,,,,,,,,,,,77.330002,70.929153,0.298031,0.270604,,,,,,,,,,,,
185772,,,,,,,,,,,,,,,,,,,,0.409280,0.698725,-1.563223,,,,,,
185778,,,,,,,,,,,,,,,,,,,,,,,,,,,,-82.180000
185780,,,,0.403262,0.688679,-1.632924,1.137555,-1.193272,,,79.532516,68.025703,,,,,0.010151,-0.006094,-0.069775,,,,,,,,,
185781,,,,,,,,,,,,,77.239250,70.917130,0.294163,0.246732,,,,,,,,,,,,
185782,,,,,,,,,,,,,,,,,,,,0.409172,0.686751,-1.577867,,,,,,
185788,,,,,,,,,,,,,,,,,,,,,,,,,,,,-91.209999
185789,,,,,,,,,,,,,77.580452,70.272911,0.291141,0.252724,,,,,,,,,,,,
185792,,,,,,,,,,,,,,,,,,,,0.409249,0.674868,-1.593612,,,,,,
185798,,,,,,,,,,,,,,,,,,,,,,,,,,,,-92.260002
185799,,,,,,,,,,,,,77.823257,70.038124,0.289055,0.254670,,,,,,,,,,,,
185802,,,,,,,,,,,,,,,,,,,,0.409017,0.663440,-1.609128,,,,,,
185808,,,,,,,,,,,,,,,,,,,,,,,,,,,,-94.639999
185809,,,,,,,,,,,,,77.582657,69.932053,0.291851,0.255349,,,,,,,,,,,,
185813,,,,,,,,,,,,,,,,,,,,0.408644,0.651903,-1.624586,,,,,,
185818,,,,,,,,,,,,,,,,,,,,,,,,,,,,-96.040001
185819,,,,,,,,,,,,,77.874329,69.246452,0.289266,0.261961,,,,,,,,,,,,
185823,,,,,,,,,,,,,,,,,,,,0.408051,0.640332,-1.643669,,,,,,
185828,,,,,,,,,,,,,,,,,,,,,,,,,,,,-95.970001
185830,,,,0.397604,0.632809,-1.712939,1.129094,-1.463420,,,79.205338,66.227646,,,,,0.008237,-0.009811,-0.069150,,,,,,,,,
185831,,,,,,,,,,,,,78.247520,69.102982,0.282453,0.244840,,,,,,,,,,,,
185833,,,,,,,,,,,,,,,,,,,,0.407192,0.628486,-1.658736,,,,,,
185839,,,,,,,,,,,,,77.518753,69.175575,0.290078,0.243524,,,,,,,,,,,,
185842,,,,,,,,,,,,,,,,,,,,,,,,,,,,-104.300003
185843,,,,,,,,,,,,,,,,,,,,0.405867,0.615959,-1.677019,,,,,,
185848,,,,,,,,,,,,,,,,,,,,,,,,,,,,-109.690002
185849,,,,,,,,,,,,,77.373085,68.696480,0.291902,0.247822,,,,,,,,,,,,
185852,,,,,,,,,,,,,,,,,,,,0.404583,0.604079,-1.699259,,,,,,
185858,,,,,,,,,,,,,,,,,,,,,,,,,,,,-107.099998
185859,,,,,,,,,,,,,77.685341,68.196388,0.289083,0.252429,,,,,,,,,,,,
185862,,,,,,,,,,,,,,,,,,,,0.402750,0.592100,-1.713430,,,,,,
185868,,,,,,,,,,,,,,,,,,,,,,,,,,,,-110.040001
185869,,,,,,,,,,,,,77.440994,67.810188,0.291879,0.255974,,,,,,,,,,,,
185872,,,,,,,,,,,,,,,,,,,,0.401066,0.580454,-1.735334,,,,,,
185878,,,,,,,,,,,,,,,,,,,,,,,,,,,,-131.110001
185880,,,,0.387244,0.578284,-1.806681,1.117275,-1.737533,,,78.261902,63.620571,,,,,0.004584,-0.013253,-0.071352,,,,,,,,,
185881,,,,,,,,,,,,,77.425453,67.434921,0.282768,0.232893,,,,,,,,,,,,
185883,,,,,,,,,,,,,,,,,,,,0.399402,0.568957,-1.760638,,,,,,
185888,,,,,,,,,,,,,,,,,,,,,,,,,,,,-135.800003
185889,,,,,,,,,,,,,77.549934,67.185356,0.281665,0.234676,,,,,,,,,,,,
185892,,,,,,,,,,,,,,,,,,,,0.397492,0.557275,-1.782126,,,,,,
185899,,,,,,,,,,,,,77.324631,66.957405,0.284106,0.236288,,,,,,,,,,,,
185902,,,,,,,,,,,,,,,,,,,,0.395382,0.545936,-1.806965,,,,,,-142.169998
185908,,,,,,,,,,,,,,,,,,,,,,,,,,,,-140.559998
185909,,,,,,,,,,,,,77.633202,66.177116,0.281146,0.243580,,,,,,,,,,,,
185912,,,,,,,,,,,,,,,,,,,,0.392824,0.534558,-1.831458,,,,,,
185918,,,,,,,,,,,,,,,,,,,,,,,,,,,,-142.800003
185919,,,,,,,,,,,,,77.416641,65.578201,0.283480,0.249177,,,,,,,,,,,,
185922,,,,,,,,,,,,,,,,,,,,0.390196,0.523521,-1.856148,,,,,,
185928,,,,,,,,,,,,,,,,,,,,,,,,,,,,-145.389999
185930,,,,0.371670,0.525775,-1.914057,1.103324,-2.011831,,,77.364868,62.060211,,,,,0.003105,-0.018247,-0.058616,,,,,,,,,
185931,,,,,,,,,,,,,77.291245,64.993294,0.275779,0.238836,,,,,,,,,,,,
185933,,,,,,,,,,,,,,,,,,,,0.387090,0.512530,-1.883607,,,,,,
185938,,,,,,,,,,,,,,,,,,,,,,,,,,,,-153.300003
185939,,,,,,,,,,,,,77.551079,65.227020,0.273143,0.235866,,,,,,,,,,,,
185943,,,,,,,,,,,,,,,,,,,,0.383857,0.501822,-1.910938,,,,,,
185948,,,,,,,,,,,,,,,,,,,,,,,,,,,,-158.830002
185949,,,,,,,,,,,,,77.334122,64.767815,0.275319,0.239916,,,,,,,,,,,,
185952,,,,,,,,,,,,,,,,,,,,0.380180,0.491294,-1.938109,,,,,,
185959,,,,,,,,,,,,,77.651291,64.889763,0.272090,0.238131,,,,,,,,,,,,
185963,,,,,,,,,,,,,,,,,,,,,,,,,,,,-154.210007
185962,,,,,,,,,,,,,,,,,,,,0.376445,0.481148,-1.964811,,,,,,
185968,,,,,,,,,,,,,,,,,,,,,,,,,,,,-151.130005
185969,,,,,,,,,,,,,77.425751,64.490028,0.274333,0.241642,,,,,,,,,,,,
185972,,,,,,,,,,,,,,,,,,,,0.372467,0.470851,-1.988145,,,,,,
185978,,,,,,,,,,,,,,,,,,,,,,,,,,,,-150.710007
185980,,,,0.350514,0.476067,-2.034784,1.088478,-2.282232,,,,,,,,,,,,,,,,,,,,
185981,,,,,,,,,,,77.095490,61.065044,77.469093,63.846519,0.271131,0.237569,0.004007,-0.022076,-0.047466,,,,,,,,,
185983,,,,,,,,,,,,,,,,,,,,0.367942,0.460465,-2.017720,,,,,,
185988,,,,,,,,,,,,,,,,,,,,,,,,,,,,-153.509995
185989,,,,,,,,,,,,,76.844406,64.010384,0.277428,0.235342,,,,,,,,,,,,
185993,,,,,,,,,,,,,,,,,,,,0.363517,0.450743,-2.043868,,,,,,
185998,,,,,,,,,,,,,,,,,,,,,,,,,,,,-155.119995
185999,,,,,,,,,,,,,76.704285,63.715305,0.278908,0.237762,,,,,,,,,,,,
186002,,,,,,,,,,,,,,,,,,,,0.358742,0.440781,-2.069723,,,,,,
186008,,,,,,,,,,,,,,,,,,,,,,,,,,,,-151.759995
186009,,,,,,,,,,,,,76.630165,62.953239,0.279742,0.245005,,,,,,,,,,,,
186013,,,,,,,,,,,,,,,,,,,,0.353769,0.431020,-2.098588,,,,,,
186018,,,,,,,,,,,,,,,,,,,,,,,,,,,,-149.169998
186019,,,,,,,,,,,,,77.050140,62.809002,0.275551,0.246099,,,,,,,,,,,,
186023,,,,,,,,,,,,,,,,,,,,0.348297,0.421419,-2.124034,,,,,,
186028,,,,,,,,,,,,,,,,,,,,,,,,,,,,-148.050003
186030,,,,0.323581,0.430061,-2.168463,1.073857,-2.545466,,,77.244583,59.966370,,,,,0.005533,-0.025432,-0.044554,,,,,,,,,
186031,,,,,,,,,,,,,76.568855,62.708145,0.281990,0.235572,,,,,,,,,,,,
186033,,,,,,,,,,,,,,,,,,,,0.342627,0.412107,-2.149179,,,,,,
186039,,,,,,,,,,,,,76.295898,61.995525,0.284910,0.242293,,,,,,,,,,,,
186043,,,,,,,,,,,,,,,,,,,,0.336673,0.402975,-2.174254,,,,,,-142.940002
186048,,,,,,,,,,,,,,,,,,,,,,,,,,,,-142.520004
186049,,,,,,,,,,,,,76.279228,61.500565,0.285269,0.246936,,,,,,,,,,,,
186053,,,,,,,,,,,,,,,,,,,,0.330609,0.393995,-2.202246,,,,,,
186058,,,,,,,,,,,,,,,,,,,,,,,,,,,,-150.570007
186059,,,,,,,,,,,,,75.673050,61.596611,0.291645,0.245649,,,,,,,,,,,,
186062,,,,,,,,,,,,,,,,,,,,0.324488,0.385155,-2.227068,,,,,,
186068,,,,,,,,,,,,,,,,,,,,,,,,,,,,-157.570007
186069,,,,,,,,,,,,,75.740555,61.702232,0.291271,0.244246,,,,,,,,,,,,
186073,,,,,,,,,,,,,,,,,,,,0.317977,0.376230,-2.254719,,,,,,
186078,,,,,,,,,,,,,,,,,,,,,,,,,,,,-157.360001
186080,,,,0.290889,0.388764,-2.314724,1.060373,-2.800437,,,78.070396,58.367970,,,,,0.007340,-0.028776,-0.059795,,,,,,,,,
186081,,,,,,,,,,,,,75.948120,61.316269,0.297878,0.231532,,,,,,,,,,,,
186083,,,,,,,,,,,,,,,,,,,,0.311373,0.367637,-2.282247,,,,,,
186088,,,,,,,,,,,,,,,,,,,,,,,,,,,,-160.720001
186089,,,,,,,,,,,,,75.695061,60.763306,0.300884,0.236582,,,,,,,,,,,,
186092,,,,,,,,,,,,,,,,,,,,0.304352,0.359340,-2.309529,,,,,,
186099,,,,,,,,,,,,,75.736015,60.434669,0.300941,0.239455,,,,,,,,,,,,
186102,,,,,,,,,,,,,,,,,,,,0.297506,0.351255,-2.339692,,,,,,-162.470001
186108,,,,,,,,,,,,,,,,,,,,,,,,,,,,-166.320007
186109,,,,,,,,,,,,,75.800835,60.181614,0.300747,0.241623,,,,,,,,,,,,
186113,,,,,,,,,,,,,,,,,,,,0.290426,0.343336,-2.366768,,,,,,
186118,,,,,,,,,,,,,,,,,,,,,,,,,,,,-169.820007
186119,,,,,,,,,,,,,75.855377,59.968693,0.300644,0.243432,,,,,,,,,,,,
186123,,,,,,,,,,,,,,,,,,,,0.282762,0.335533,-2.396521,,,,,,
186128,,,,,,,,,,,,,,,,,,,,,,,,,,,,-174.929993
186130,,,,0.252695,0.353276,-2.473376,1.048699,-3.049284,,,79.264359,57.084358,,,,,0.010028,-0.033209,-0.076079,,,,,,,,,
186131,,,,,,,,,,,,,75.509178,59.805229,0.316797,0.231686,,,,,,,,,,,,
186133,,,,,,,,,,,,,,,,,,,,0.274912,0.327855,-2.426124,,,,,,
186138,,,,,,,,,,,,,,,,,,,,,,,,,,,,-184.589996
186139,,,,,,,,,,,,,75.434547,59.576553,0.318309,0.233475,,,,,,,,,,,,
186143,,,,,,,,,,,,,,,,,,,,0.266727,0.320380,-2.458464,,,,,,
186148,,,,,,,,,,,,,,,,,,,,,,,,,,,,-190.750000
186149,,,,,,,,,,,,,76.065643,58.889462,0.312638,0.239985,,,,,,,,,,,,
186152,,,,,,,,,,,,,,,,,,,,0.258539,0.313267,-2.493573,,,,,,
186158,,,,,,,,,,,,,,,,,,,,,,,,,,,,-201.740005
186159,,,,,,,,,,,,,76.063591,58.870201,0.313299,0.239820,,,,,,,,,,,,
186163,,,,,,,,,,,,,,,,,,,,0.250136,0.306437,-2.525534,,,,,,
186168,,,,,,,,,,,,,,,,,,,,,,,,,,,,-208.529999
186169,,,,,,,,,,,,,76.634308,58.871857,0.308118,0.239446,,,,,,,,,,,,
186172,,,,,,,,,,,,,,,,,,,,0.241708,0.299972,-2.563339,,,,,,
186180,,,,0.209530,0.324762,-2.644544,1.039374,-3.297262,,,,,,,,,,,,,,,,,,,,
186181,,,,,,,,,,,80.466667,56.555099,76.966438,58.321457,0.317519,0.239304,0.013379,-0.038084,-0.080987,,,,,,,,,
186182,,,,,,,,,,,,,,,,,,,,0.232682,0.293612,-2.600776,,,,,,
186185,,,,,,,,,,,,,,,,,,,,,,,,,,,,-218.470001
186189,,,,,,,,,,,,,76.826248,58.456875,0.319649,0.237570,,,,,,,,,,,,
186190,,,,,,,,,,,,,,,,,,,,,,,,,,,,-225.679993
186193,,,,,,,,,,,,,,,,,,,,0.223673,0.287788,-2.640875,,,,,,
186198,,,,,,,,,,,,,,,,,,,,,,,,,,,,-228.690002
186199,,,,,,,,,,,,,77.223969,58.485622,0.316321,0.236896,,,,,,,,,,,,
186202,,,,,,,,,,,,,,,,,,,,0.214766,0.282336,-2.677909,,,,,,
186208,,,,,,,,,,,,,,,,,,,,,,,,,,,,-228.270004
186209,,,,,,,,,,,,,77.603004,57.993637,0.313103,0.241528,,,,,,,,,,,,
186212,,,,,,,,,,,,,,,,,,,,0.205465,0.276995,-2.720546,,,,,,
186218,,,,,,,,,,,,,,,,,,,,,,,,,,,,-234.779999
186219,,,,,,,,,,,,,77.878792,57.002560,0.310863,0.251349,,,,,,,,,,,,
186222,,,,,,,,,,,,,,,,,,,,0.195862,0.272061,-2.760122,,,,,,
186228,,,,,,,,,,,,,,,,,,,,,,,,,,,,-235.899994
186230,,,,0.162218,0.304415,-2.828607,1.033032,-3.550783,,,82.049767,57.531006,,,,,0.019117,-0.042230,-0.068348,,,,,,,,,
186231,,,,,,,,,,,,,77.788506,56.922127,0.328449,0.262035,,,,,,,,,,,,
186233,,,,,,,,,,,,,,,,,,,,0.185932,0.267512,-2.805092,,,,,,
186239,,,,,,,,,,,,,78.500443,57.028713,0.322039,0.261069,,,,,,,,,,,,
186243,,,,,,,,,,,,,,,,,,,,0.175867,0.263174,-2.844345,,,,,,-236.460007
186248,,,,,,,,,,,,,,,,,,,,,,,,,,,,-241.009995
186249,,,,,,,,,,,,,78.191689,56.814083,0.325899,0.263359,,,,,,,,,,,,
186252,,,,,,,,,,,,,,,,,,,,0.165355,0.259323,-2.886227,,,,,,
186258,,,,,,,,,,,,,,,,,,,,,,,,,,,,-242.059998
186259,,,,,,,,,,,,,78.897522,57.087521,0.319471,0.260713,,,,,,,,,,,,
186263,,,,,,,,,,,,,,,,,,,,0.155434,0.255950,-2.928031,,,,,,
186268,,,,,,,,,,,,,,,,,,,,,,,,,,,,-237.929993
186269,,,,,,,,,,,,,79.027702,57.378510,0.318773,0.257834,,,,,,,,,,,,
186272,,,,,,,,,,,,,,,,,,,,0.144732,0.253059,-2.969732,,,,,,
186278,,,,,,,,,,,,,,,,,,,,,,,,,,,,-238.910004
186280,,,,0.111892,0.293405,-3.025908,1.030753,-3.813105,,,84.060226,58.852806,,,,,0.025377,-0.045001,-0.056509,,,,,,,,,
186281,,,,,,,,,,,,,78.731880,57.221413,0.342902,0.272949,,,,,,,,,,,,
186283,,,,,,,,,,,,,,,,,,,,0.133857,0.250574,-3.011342,,,,,,
186288,,,,,,,,,,,,,,,,,,,,,,,,,,,,-235.759995
186289,,,,,,,,,,,,,79.353882,57.322311,0.337623,0.272246,,,,,,,,,,,,
186292,,,,,,,,,,,,,,,,,,,,0.123340,0.248518,-3.052911,,,,,,
186299,,,,,,,,,,,,,79.291588,57.487293,0.339200,0.270869,,,,,,,,,,,,
186302,,,,,,,,,,,,,,,,,,,,,,,,,,,,-242.199997
186303,,,,,,,,,,,,,,,,,,,,0.112776,0.246802,-3.094490,,,,,,
186308,,,,,,,,,,,,,,,,,,,,,,,,,,,,-246.399994
186309,,,,,,,,,,,,,79.879745,57.694172,0.334154,0.269032,,,,,,,,,,,,
186313,,,,,,,,,,,,,,,,,,,,0.102294,0.245517,-3.138813,,,,,,
186318,,,,,,,,,,,,,,,,,,,,,,,,,,,,-244.789993
186319,,,,,,,,,,,,,79.856697,57.890835,0.335225,0.267258,,,,,,,,,,,,
186322,,,,,,,,,,,,,,,,,,,,0.091139,0.244606,3.102860,,,,,,
186328,,,,,,,,,,,,,,,,,,,,,,,,,,,,-238.770004
186330,,,,0.059997,0.292813,3.047071,1.034453,-4.078121,,,87.105072,60.467518,,,,,0.032833,-0.046551,-0.055994,,,,,,,,,
186331,,,,,,,,,,,,,80.358261,57.643986,0.362008,0.286438,,,,,,,,,,,,
186333,,,,,,,,,,,,,,,,,,,,0.079943,0.244177,3.058554,,,,,,
186338,,,,,,,,,,,,,,,,,,,,,,,,,,,,-237.789993
186339,,,,,,,,,,,,,80.698692,57.661327,0.359885,0.286826,,,,,,,,,,,,
186342,,,,,,,,,,,,,,,,,,,,0.069150,0.244378,3.019756,,,,,,
186348,,,,,,,,,,,,,,,,,,,,,,,,,,,,-240.589996
186349,,,,,,,,,,,,,81.071648,57.846241,0.357362,0.285501,,,,,,,,,,,,
186352,,,,,,,,,,,,,,,,,,,,0.058089,0.244878,2.975363,,,,,,
186358,,,,,,,,,,,,,,,,,,,,,,,,,,,,-246.960007
186359,,,,,,,,,,,,,81.352348,58.525826,0.355705,0.279094,,,,,,,,,,,,
186363,,,,,,,,,,,,,,,,,,,,0.046833,0.246011,2.933675,,,,,,
186368,,,,,,,,,,,,,,,,,,,,,,,,,,,,-248.779999
186369,,,,,,,,,,,,,81.583244,59.093666,0.354501,0.273690,,,,,,,,,,,,
186388,,,,,,,,,,,,,81.812195,59.085358,0.353270,0.274050,,,,,,,,,,,,
186390,,,,0.008275,0.303557,2.825797,1.047130,-4.324263,,,94.394173,63.193794,,,,,0.048718,-0.047782,-0.103991,,,,,,,,,
186383,,,,,,,,,,,,,,,,,,,,0.024394,0.249346,2.847204,,,,,,
186393,,,,,,,,,,,,,,,,,,,,0.012824,0.251776,2.802375,,,,,,
186396,,,,,,,,,,,,,,,,,,,,,,,,,,,,-260.820007
186399,,,,,,,,,,,,,82.413979,58.927521,0.422539,0.303744,,,,,,,,,,,,
186401,,,,,,,,,,,,,,,,,,,,,,,,,,,,-261.450012
186402,,,,,,,,,,,,,,,,,,,,0.001894,0.254455,2.757300,,,,,,
186407,,,,,,,,,,,,,,,,,,,,,,,,,,,,-268.029999
186409,,,,,,,,,,,,,83.055420,59.454472,0.418392,0.299223,,,,,,,,,,,,
186412,,,,,,,,,,,,,,,,,,,,-0.009186,0.257736,2.711965,,,,,,-272.720001
186418,,,,,,,,,,,,,,,,,,,,,,,,,,,,-277.200012
186416,,,,,,,,,,,,,,,,,,,,-0.009186,0.257736,2.711965,,,,,,
186419,,,,,,,,,,,,,84.137878,59.893871,0.409619,0.295488,,,,,,,,,,,,
186422,,,,,,,,,,,,,,,,,,,,-0.019901,0.261438,2.660851,,,,,,
186428,,,,,,,,,,,,,,,,,,,,,,,,,,,,-285.459991
186430,,,,-0.041267,0.326299,2.597422,1.072771,-4.513456,,,95.744438,65.883080,,,,,0.049474,-0.047070,-0.066694,,,,,,,,,
186431,,,,,,,,,,,,,84.898499,60.268127,0.417685,0.319762,,,,,,,,,,,,
186433,,,,,,,,,,,,,,,,,,,,-0.030365,0.265376,2.612320,,,,,,
186439,,,,,,,,,,,,,86.499741,60.535347,0.403521,0.318159,,,,,,,,,,,,
186443,,,,,,,,,,,,,,,,,,,,,,,,,,,,-299.040009
186442,,,,,,,,,,,,,,,,,,,,-0.041091,0.269968,2.557607,,,,,,
186448,,,,,,,,,,,,,,,,,,,,,,,,,,,,-299.880005
186449,,,,,,,,,,,,,87.593147,60.809284,0.394217,0.316435,,,,,,,,,,,,
186452,,,,,,,,,,,,,,,,,,,,-0.051670,0.275311,2.505428,,,,,,
186458,,,,,,,,,,,,,,,,,,,,,,,,,,,,-299.320007
186459,,,,,,,,,,,,,87.978920,61.598888,0.391913,0.309395,,,,,,,,,,,,
186462,,,,,,,,,,,,,,,,,,,,-0.061991,0.280919,2.455647,,,,,,
186468,,,,,,,,,,,,,,,,,,,,,,,,,,,,-308.980011
186469,,,,,,,,,,,,,88.283379,62.248550,0.390360,0.303626,,,,,,,,,,,,
186473,,,,,,,,,,,,,,,,,,,,-0.072456,0.287161,2.399447,,,,,,
186478,,,,,,,,,,,,,,,,,,,,,,,,,,,,-313.459991
186480,,,,-0.086411,0.361350,2.367845,1.115664,-4.601423,,,,,,,,,,,,,,,,,,,,
186481,,,,,,,,,,,100.654083,72.537727,88.859871,62.398468,0.436051,0.370701,0.060107,-0.044579,-0.033091,,,,,,,,,
186483,,,,,,,,,,,,,,,,,,,,-0.082242,0.293820,2.345791,,,,,,
186488,,,,,,,,,,,,,,,,,,,,,,,,,,,,-304.779999
186489,,,,,,,,,,,,,89.822548,62.767422,0.428590,0.368965,,,,,,,,,,,,
186492,,,,,,,,,,,,,,,,,,,,-0.091945,0.300906,2.291478,,,,,,
186498,,,,,,,,,,,,,,,,,,,,,,,,,,,,-309.609985
186499,,,,,,,,,,,,,90.426361,64.362251,0.424598,0.354652,,,,,,,,,,,,
186502,,,,,,,,,,,,,,,,,,,,-0.101160,0.308334,2.236463,,,,,,
186508,,,,,,,,,,,,,,,,,,,,,,,,,,,,-308.839996
186509,,,,,,,,,,,,,91.450249,65.129761,0.416200,0.348459,,,,,,,,,,,,
186514,,,,,,,,,,,,,,,,,,,,-0.110300,0.316159,2.180698,,,,,,
186519,,,,,,,,,,,,,92.187340,66.775330,0.410522,0.333155,,,,,,,,,,,,
186523,,,,,,,,,,,,,,,,,,,,,,,,,,,,-304.570007
186522,,,,,,,,,,,,,,,,,,,,-0.119340,0.324718,2.130397,,,,,,
186528,,,,,,,,,,,,,,,,,,,,,,,,,,,,-306.040009
186530,,,,-0.124821,0.408564,2.143619,1.179129,-4.559114,,,,,,,,,,,,,,,,,,,,
186531,,,,,,,,,,,106.635651,81.985939,92.353737,67.275246,0.471530,0.425580,0.073314,-0.039118,0.010731,,,,,,,,,
186532,,,,,,,,,,,,,,,,,,,,-0.128148,0.333420,2.076163,,,,,,
186538,,,,,,,,,,,,,,,,,,,,,,,,,,,,-306.809998
186539,,,,,,,,,,,,,92.612419,68.123657,0.471748,0.419869,,,,,,,,,,,,
186542,,,,,,,,,,,,,,,,,,,,-0.136413,0.342733,2.021080,,,,,,
186548,,,,,,,,,,,,,,,,,,,,,,,,,,,,-301.559998
186549,,,,,,,,,,,,,93.894699,69.434883,0.461473,0.409267,,,,,,,,,,,,
186552,,,,,,,,,,,,,,,,,,,,-0.144148,0.352434,1.971695,,,,,,
186558,,,,,,,,,,,,,,,,,,,,,,,,,,,,-304.709991
186559,,,,,,,,,,,,,94.923698,71.598259,0.453526,0.389711,,,,,,,,,,,,
186563,,,,,,,,,,,,,,,,,,,,-0.151446,0.362375,1.918150,,,,,,
186568,,,,,,,,,,,,,,,,,,,,,,,,,,,,-306.809998
186569,,,,,,,,,,,,,95.781479,72.863174,0.447119,0.378886,,,,,,,,,,,,
186572,,,,,,,,,,,,,,,,,,,,-0.158253,0.372635,1.863560,,,,,,
186580,,,,-0.154156,0.467239,1.930155,1.264017,-4.391523,,,113.392975,94.028259,,,,,,,,,,,,,,,,
186581,,,,,,,,,,,,,96.816483,74.287834,0.507657,0.489011,0.088399,-0.030471,0.062201,,,,,,,,,
186582,,,,,,,,,,,,,,,,,,,,-0.164890,0.383368,1.811327,,,,,,
186585,,,,,,,,,,,,,,,,,,,,,,,,,,,,-292.040009
186589,,,,,,,,,,,,,97.489136,75.862244,0.504111,0.476900,,,,,,,,,,,,
186590,,,,,,,,,,,,,,,,,,,,,,,,,,,,-293.510010
186592,,,,,,,,,,,,,,,,,,,,-0.171668,0.394619,1.761551,,,,,,
186598,,,,,,,,,,,,,,,,,,,,,,,,,,,,-312.899994
186599,,,,,,,,,,,,,98.460594,78.072632,0.497383,0.457987,,,,,,,,,,,,
186602,,,,,,,,,,,,,,,,,,,,-0.177821,0.406021,1.707039,,,,,,
186608,,,,,,,,,,,,,,,,,,,,,,,,,,,,-305.130005
186609,,,,,,,,,,,,,99.336044,79.982773,0.491440,0.441695,,,,,,,,,,,,
186612,,,,,,,,,,,,,,,,,,,,-0.183508,0.417637,1.651256,,,,,,
186618,,,,,,,,,,,,,,,,,,,,,,,,,,,,-314.089996
186619,,,,,,,,,,,,,100.558945,82.632111,0.481778,0.417481,,,,,,,,,,,,
186623,,,,,,,,,,,,,,,,,,,,-0.188528,0.429607,1.597874,,,,,,
186628,,,,,,,,,,,,,,,,,,,,,,,,,,,,-306.320007
186630,,,,-0.172232,0.536022,1.730538,1.367596,-4.136711,,,120.139839,108.263451,,,,,0.104481,-0.018662,0.124201,,,,,,,,,
186631,,,,,,,,,,,,,101.480812,84.054047,0.543760,0.550455,,,,,,,,,,,,
186640,,,,,,,,,,,,,102.845039,86.376045,0.533576,0.531612,,,,,,,,,,,,
186632,,,,,,,,,,,,,,,,,,,,-0.193130,0.441837,1.543583,,,,,,
186642,,,,,,,,,,,,,,,,,,,,-0.197419,0.454463,1.490205,,,,,,
186645,,,,,,,,,,,,,,,,,,,,,,,,,,,,-311.989990
186649,,,,,,,,,,,,,104.387680,88.745277,0.521300,0.511824,,,,,,,,,,,,
186651,,,,,,,,,,,,,,,,,,,,,,,,,,,,-319.549988
186652,,,,,,,,,,,,,,,,,,,,-0.201321,0.467285,1.438116,,,,,,
186658,,,,,,,,,,,,,,,,,,,,,,,,,,,,-321.230011
186659,,,,,,,,,,,,,105.403000,91.143288,0.514095,0.491268,,,,,,,,,,,,
186662,,,,,,,,,,,,,,,,,,,,-0.204554,0.480202,1.383577,,,,,,
186668,,,,,,,,,,,,,,,,,,,,,,,,,,,,-319.760010
186669,,,,,,,,,,,,,106.786316,93.691216,0.502932,0.468703,,,,,,,,,,,,
186672,,,,,,,,,,,,,,,,,,,,-0.207322,0.493236,1.326761,,,,,,
186678,,,,,,,,,,,,,,,,,,,,,,,,,,,,-309.119995
186680,,,,-0.177218,0.612855,1.545382,1.483144,-3.846208,,,125.473045,124.324913,,,,,0.121431,-0.000382,0.205482,,,,,,,,,
186681,,,,,,,,,,,,,108.541939,96.589127,0.542094,0.605886,,,,,,,,,,,,
186683,,,,,,,,,,,,,,,,,,,,-0.209830,0.506603,1.274598,,,,,,
186688,,,,,,,,,,,,,,,,,,,,,,,,,,,,-321.510010
186689,,,,,,,,,,,,,109.822090,99.104462,0.532423,0.585776,,,,,,,,,,,,
186692,,,,,,,,,,,,,,,,,,,,-0.211805,0.520345,1.216649,,,,,,
186698,,,,,,,,,,,,,,,,,,,,,,,,,,,,-318.570007
186699,,,,,,,,,,,,,111.013672,101.995857,0.523399,0.561328,,,,,,,,,,,,
186702,,,,,,,,,,,,,,,,,,,,-0.213245,0.534276,1.159864,,,,,,
186708,,,,,,,,,,,,,,,,,,,,,,,,,,,,-321.230011
186709,,,,,,,,,,,,,111.008286,104.520782,0.526346,0.540040,,,,,,,,,,,,
186713,,,,,,,,,,,,,,,,,,,,-0.214224,0.547965,1.107358,,,,,,
186719,,,,,,,,,,,,,110.789490,105.874252,0.531470,0.530195,,,,,,,,,,,,
186723,,,,,,,,,,,,,,,,,,,,,,,,,,,,-311.920013
186722,,,,,,,,,,,,,,,,,,,,-0.214802,0.561001,1.052498,,,,,,
186728,,,,,,,,,,,,,,,,,,,,,,,,,,,,-304.640015
186730,,,,-0.167879,0.694939,1.373515,1.600205,-3.564197,,,,,,,,,,,,,,,,,,,,
186731,,,,,,,,,,,127.996185,140.402863,111.921677,107.786003,0.548595,0.678380,0.137505,0.024462,0.300664,,,,,,,,,
186733,,,,,,,,,,,,,,,,,,,,-0.214782,0.574556,0.998558,,,,,,
186738,,,,,,,,,,,,,,,,,,,,,,,,,,,,-305.059998
186739,,,,,,,,,,,,,113.608940,110.823402,0.534600,0.653922,,,,,,,,,,,,
186744,,,,,,,,,,,,,,,,,,,,-0.214268,0.587769,0.948453,,,,,,
186748,,,,,,,,,,,,,,,,,,,,,,,,,,,,-303.799988
186749,,,,,,,,,,,,,114.834297,115.239655,0.524979,0.614792,,,,,,,,,,,,
186752,,,,,,,,,,,,,,,,,,,,-0.213002,0.602117,0.895901,,,,,,
186758,,,,,,,,,,,,,,,,,,,,,,,,,,,,-295.260010
186759,,,,,,,,,,,,,114.712700,118.343063,0.528851,0.588170,,,,,,,,,,,,
186763,,,,,,,,,,,,,,,,,,,,-0.211495,0.615996,0.844015,,,,,,
186768,,,,,,,,,,,,,,,,,,,,,,,,,,,,-287.700012
186769,,,,,,,,,,,,,114.026917,120.364197,0.538503,0.571967,,,,,,,,,,,,
186772,,,,,,,,,,,,,,,,,,,,-0.209542,0.629553,0.798722,,,,,,
186778,,,,,,,,,,,,,,,,,,,,,,,,,,,,-292.809998
186780,,,,-0.143854,0.778795,1.212870,1.705120,-3.317627,,,128.192184,154.192444,,,,,0.150968,0.054408,0.385906,,,,,,,,,
186781,,,,,,,,,,,,,114.642204,122.311890,0.537020,0.696762,,,,,,,,,,,,
186783,,,,,,,,,,,,,,,,,,,,-0.207124,0.642769,0.747957,,,,,,
186788,,,,,,,,,,,,,,,,,,,,,,,,,,,,-281.049988
186789,,,,,,,,,,,,,115.671310,125.436890,0.529233,0.671263,,,,,,,,,,,,
186792,,,,,,,,,,,,,,,,,,,,-0.204090,0.656399,0.700596,,,,,,
186799,,,,,,,,,,,,,116.459457,129.049622,0.523698,0.640164,,,,,,,,,,,,
186802,,,,,,,,,,,,,,,,,,,,-0.200459,0.670187,0.653637,,,,,,-281.049988
186808,,,,,,,,,,,,,,,,,,,,,,,,,,,,-269.429993
186809,,,,,,,,,,,,,116.096512,131.079590,0.529747,0.624487,,,,,,,,,,,,
186813,,,,,,,,,,,,,,,,,,,,-0.196615,0.683857,0.604140,,,,,,
186818,,,,,,,,,,,,,,,,,,,,,,,,,,,,-272.929993
186819,,,,,,,,,,,,,115.214157,132.751389,0.541166,0.612057,,,,,,,,,,,,
186822,,,,,,,,,,,,,,,,,,,,-0.192280,0.696876,0.557923,,,,,,
186828,,,,,,,,,,,,,,,,,,,,,,,,,,,,-274.959991
186830,,,,-0.105974,0.860400,1.061346,1.781588,-3.115525,,,124.604881,163.816071,,,,,0.159170,0.088703,0.466651,,,,,,,,,
186831,,,,,,,,,,,,,115.604294,134.559326,0.503192,0.696065,,,,,,,,,,,,
186833,,,,,,,,,,,,,,,,,,,,-0.187344,0.709517,0.509198,,,,,,
186838,,,,,,,,,,,,,,,,,,,,,,,,,,,,-275.029999
186839,,,,,,,,,,,,,117.206337,137.807037,0.488651,0.668790,,,,,,,,,,,,
186842,,,,,,,,,,,,,,,,,,,,-0.181783,0.722343,0.463548,,,,,,
186848,,,,,,,,,,,,,,,,,,,,,,,,,,,,-263.690002
186849,,,,,,,,,,,,,116.681252,139.488571,0.495487,0.656840,,,,,,,,,,,,
186852,,,,,,,,,,,,,,,,,,,,-0.175836,0.735104,0.420994,,,,,,
186859,,,,,,,,,,,,,114.658585,139.892426,0.517702,0.657587,,,,,,,,,,,,
186863,,,,,,,,,,,,,,,,,,,,-0.169857,0.747308,0.375823,,,,,,-239.190002
186868,,,,,,,,,,,,,,,,,,,,,,,,,,,,-244.440002
186869,,,,,,,,,,,,,113.963814,141.754349,0.526778,0.643380,,,,,,,,,,,,
186872,,,,,,,,,,,,,,,,,,,,-0.163311,0.759240,0.336533,,,,,,
186878,,,,,,,,,,,,,,,,,,,,,,,,,,,,-250.529999
186880,,,,-0.056606,0.935482,0.917796,1.811117,-2.949735,,,117.217117,167.395279,,,,,0.160201,0.125407,0.537218,,,,,,,,,
186881,,,,,,,,,,,,,115.025391,144.009201,0.442723,0.661300,,,,,,,,,,,,
186883,,,,,,,,,,,,,,,,,,,,-0.156042,0.771018,0.294432,,,,,,
186888,,,,,,,,,,,,,,,,,,,,,,,,,,,,-243.809998
186889,,,,,,,,,,,,,115.433372,145.815308,0.439000,0.647555,,,,,,,,,,,,
186892,,,,,,,,,,,,,,,,,,,,-0.148434,0.782703,0.252513,,,,,,
186898,,,,,,,,,,,,,,,,,,,,,,,,,,,,-224.559998
186899,,,,,,,,,,,,,112.469498,145.156799,0.469589,0.658588,,,,,,,,,,,,
186902,,,,,,,,,,,,,,,,,,,,-0.140292,0.794389,0.207868,,,,,,
186908,,,,,,,,,,,,,,,,,,,,,,,,,,,,-225.679993
186909,,,,,,,,,,,,,109.966438,145.136841,0.496069,0.663239,,,,,,,,,,,,
186913,,,,,,,,,,,,,,,,,,,,-0.132471,0.804673,0.171796,,,,,,
186919,,,,,,,,,,,,,109.541008,146.268814,0.501859,0.656145,,,,,,,,,,,,
186923,,,,,,,,,,,,,,,,,,,,-0.124519,0.814753,0.135750,,,,,,-214.059998
186929,,,,,,,,,,,,,,,,,,,,,,,,,,,,-202.580002
186930,,,,0.000000,1.000000,0.783802,1.773268,-2.788429,,,,,,,,,,,,,,,,,,,,
186931,,,,,,,,,,,105.710258,163.057739,109.591026,147.641800,0.385514,0.602123,0.152134,0.160328,0.598000,,,,,,,,,
186933,,,,,,,,,,,,,,,,,,,,-0.115175,0.825037,0.099675,,,,,,
186938,,,,,,,,,,,,,,,,,,,,,,,,,,,,-197.330002
186939,,,,,,,,,,,,,107.804710,146.909180,0.402958,0.612679,,,,,,,,,,,,
186942,,,,,,,,,,,,,,,,,,,,-0.106044,0.834901,0.063664,,,,,,
186948,,,,,,,,,,,,,,,,,,,,,,,,,,,,-197.889999
186949,,,,,,,,,,,,,104.977730,146.113419,0.431374,0.624025,,,,,,,,,,,,
186952,,,,,,,,,,,,,,,,,,,,-0.096565,0.843977,0.030491,,,,,,
186958,,,,,,,,,,,,,,,,,,,,,,,,,,,,-185.990005
186959,,,,,,,,,,,,,104.189789,146.458649,0.439558,0.623893,,,,,,,,,,,,
186962,,,,,,,,,,,,,,,,,,,,-0.087268,0.852330,0.000023,,,,,,
186968,,,,,,,,,,,,,,,,,,,,,,,,,,,,-179.059998
186969,,,,,,,,,,,,,104.131653,147.380981,0.440455,0.617805,,,,,,,,,,,,
186972,,,,,,,,,,,,,,,,,,,,-0.076856,0.860951,-0.022133,,,,,,
186978,,,,,,,,,,,,,,,,,,,,,,,,,,,,-150.779999
186980,,,,0.000000,1.000000,0.783802,0.000000,0.000000,,,,,,,,,,,,,,,,,,,,
186981,,,,,,,,,,,21.568018,21.568018,102.378632,146.611069,-0.399599,-0.814402,0.076686,0.137859,0.753796,,,,,,,,,
186983,,,,,,,,,,,,,,,,,,,,-0.065669,0.869532,-0.052663,,,,,,
186988,,,,,,,,,,,,,,,,,,,,,,,,,,,,-151.199997
186989,,,,,,,,,,,,,94.233650,140.891815,-0.332683,-0.781074,,,,,,,,,,,,
186992,,,,,,,,,,,,,,,,,,,,-0.054881,0.876955,-0.080386,,,,,,
186999,,,,,,,,,,,,,80.383842,126.215973,-0.205948,-0.655245,,,,,,,,,,,,
187002,,,,,,,,,,,,,,,,,,,,-0.044097,0.883609,-0.099751,,,,,,-93.519997
187008,,,,,,,,,,,,,,,,,,,,,,,,,,,,-61.389999
187009,,,,,,,,,,,,,67.085968,104.002144,-0.082073,-0.449594,,,,,,,,,,,,
187013,,,,,,,,,,,,,,,,,,,,-0.033593,0.889865,-0.110815,,,,,,
187018,,,,,,,,,,,,,,,,,,,,,,,,,,,,-28.350000
187019,,,,,,,,,,,,,56.446125,81.483078,0.017350,-0.236386,,,,,,,,,,,,
187022,,,,,,,,,,,,,,,,,,,,-0.022599,0.895889,-0.116342,,,,,,
187028,,,,,,,,,,,,,,,,,,,,,,,,,,,,-9.730000
187030,,,,0.000000,1.000000,0.783802,0.000000,0.000000,,,3.704080,3.704080,,,,,0.013170,0.108061,0.867792,,,,,,,,,
187031,,,,,,,,,,,,,48.918148,63.337097,-0.095052,-0.245492,,,,,,,,,,,,
187033,,,,,,,,,,,,,,,,,,,,-0.011219,0.901275,-0.116713,,,,,,
187038,,,,,,,,,,,,,,,,,,,,,,,,,,,,-19.670000
187039,,,,,,,,,,,,,41.159721,48.098282,-0.024959,-0.101983,,,,,,,,,,,,
187042,,,,,,,,,,,,,,,,,,,,-0.000808,0.906376,-0.125576,,,,,,
187048,,,,,,,,,,,,,,,,,,,,,,,,,,,,-37.099998
187049,,,,,,,,,,,,,34.631783,35.004234,0.034135,0.022697,,,,,,,,,,,,
187052,,,,,,,,,,,,,,,,,,,,0.006172,0.911733,-0.122498,,,,,,
187059,,,,,,,,,,,,,29.139177,26.161272,0.083974,0.106636,,,,,,,,,,,,
187062,,,,,,,,,,,,,,,,,,,,,,,,,,,,-30.660000
187063,,,,,,,,,,,,,,,,,,,,0.013942,0.916830,-0.131100,,,,,,
187068,,,,,,,,,,,,,,,,,,,,,,,,,,,,-8.750000
187069,,,,,,,,,,,,,26.712996,22.560915,0.103634,0.138868,,,,,,,,,,,,
187072,,,,,,,,,,,,,,,,,,,,0.021154,0.921516,-0.136340,,,,,,
187078,,,,,,,,,,,,,,,,,,,,,,,,,,,,-3.430000
187080,,,,0.000000,1.000000,0.783802,0.000000,0.000000,,,-8.411524,-8.411524,,,,,-0.029908,0.077691,0.919018,,,,,,,,,
187081,,,,,,,,,,,,,27.194239,22.285299,-0.029456,0.014329,,,,,,,,,,,,
187082,,,,,,,,,,,,,,,,,,,,0.028025,0.925678,-0.131035,,,,,,
187088,,,,,,,,,,,,,,,,,,,,,,,,,,,,31.709999
187089,,,,,,,,,,,,,26.138456,21.356628,-0.025808,0.017662,,,,,,,,,,,,
187093,,,,,,,,,,,,,,,,,,,,0.034665,0.928804,-0.130894,,,,,,
187098,,,,,,,,,,,,,,,,,,,,,,,,,,,,11.900000
187099,,,,,,,,,,,,,24.187527,20.164097,-0.012818,0.023872,,,,,,,,,,,,
187102,,,,,,,,,,,,,,,,,,,,0.040432,0.932071,-0.122789,,,,,,
187108,,,,,,,,,,,,,,,,,,,,,,,,,,,,37.730000
187109,,,,,,,,,,,,,22.540501,19.155188,-0.002539,0.028448,,,,,,,,,,,,
187112,,,,,,,,,,,,,,,,,,,,0.046941,0.934715,-0.120052,,,,,,
187118,,,,,,,,,,,,,,,,,,,,,,,,,,,,57.889999
187119,,,,,,,,,,,,,20.608568,18.307831,0.010977,0.031577,,,,,,,,,,,,
187122,,,,,,,,,,,,,,,,,,,,0.051367,0.937030,-0.100524,,,,,,
187128,,,,,,,,,,,,,,,,,,,,,,,,,,,,75.040001
187130,,,,0.000000,1.000000,0.783802,0.000000,0.000000,,,-15.883544,-15.883544,,,,,-0.056475,0.059063,0.889049,,,,,,,,,
187131,,,,,,,,,,,,,19.236584,16.826609,-0.057048,-0.034873,,,,,,,,,,,,
187132,,,,,,,,,,,,,,,,,,,,0.056320,0.938752,-0.092547,,,,,,
187139,,,,,,,,,,,,,17.481882,16.102240,-0.046174,-0.034026,,,,,,,,,,,,
187142,,,,,,,,,,,,,,,,,,,,0.060359,0.940300,-0.075576,,,,,,91.070000
187148,,,,,,,,,,,,,,,,,,,,,,,,,,,,101.360001
187149,,,,,,,,,,,,,15.258188,14.097357,-0.030165,-0.019973,,,,,,,,,,,,
187153,,,,,,,,,,,,,,,,,,,,0.063911,0.941361,-0.058856,,,,,,
187158,,,,,,,,,,,,,,,,,,,,,,,,,,,,103.809998
187159,,,,,,,,,,,,,13.386233,11.861514,-0.017300,-0.003164,,,,,,,,,,,,
187162,,,,,,,,,,,,,,,,,,,,0.067108,0.942273,-0.039592,,,,,,
187168,,,,,,,,,,,,,,,,,,,,,,,,,,,,118.019997
187169,,,,,,,,,,,,,12.358284,9.980276,-0.012668,0.010476,,,,,,,,,,,,
187172,,,,,,,,,,,,,,,,,,,,0.069766,0.942944,-0.020099,,,,,,
187178,,,,,,,,,,,,,,,,,,,,,,,,,,,,126.349998
187180,,,,0.000000,1.000000,0.783802,0.000000,0.000000,,,-19.829100,-19.829100,,,,,-0.070503,0.055746,0.812937,,,,,,,,,
187181,,,,,,,,,,,,,10.871939,8.397403,-0.043401,-0.018797,,,,,,,,,,,,
187184,,,,,,,,,,,,,,,,,,,,0.071714,0.943320,0.001972,,,,,,
187188,,,,,,,,,,,,,,,,,,,,,,,,,,,,126.139999
187189,,,,,,,,,,,,,9.147648,7.065574,-0.031953,-0.010857,,,,,,,,,,,,
187192,,,,,,,,,,,,,,,,,,,,0.073265,0.943489,0.024239,,,,,,
187199,,,,,,,,,,,,,7.696830,5.944973,-0.022950,-0.004806,,,,,,,,,,,,
187203,,,,,,,,,,,,,,,,,,,,,,,,,,,,121.589996
187202,,,,,,,,,,,,,,,,,,,,0.074315,0.943274,0.046332,,,,,,
187208,,,,,,,,,,,,,,,,,,,,,,,,,,,,111.089996
187209,,,,,,,,,,,,,6.476111,5.551311,-0.016004,-0.005946,,,,,,,,,,,,
187213,,,,,,,,,,,,,,,,,,,,0.074751,0.943034,0.060097,,,,,,
187218,,,,,,,,,,,,,,,,,,,,,,,,,,,,62.930000
187219,,,,,,,,,,,,,5.448999,5.217712,-0.010789,-0.007619,,,,,,,,,,,,
187222,,,,,,,,,,,,,,,,,,,,0.074848,0.942921,0.071386,,,,,,
187228,,,,,,,,,,,,,,,,,,,,,,,,,,,,19.809999
187230,,,,0.000000,1.000000,0.783802,0.000000,0.000000,,,-19.960535,-19.960535,,,,,-0.070971,0.061718,0.721036,,,,,,,,,
187231,,,,,,,,,,,,,4.584787,4.390182,-0.008370,-0.005528,,,,,,,,,,,,
187232,,,,,,,,,,,,,,,,,,,,0.074507,0.943038,0.074027,,,,,,
187238,,,,,,,,,,,,,,,,,,,,,,,,,,,,-2.800000
187239,,,,,,,,,,,,,3.857640,3.693899,-0.005862,-0.003296,,,,,,,,,,,,
187242,,,,,,,,,,,,,,,,,,,,0.074211,0.943103,0.074181,,,,,,
187248,,,,,,,,,,,,,,,,,,,,,,,,,,,,-13.160000
187249,,,,,,,,,,,,,3.245817,3.108046,-0.004385,-0.002051,,,,,,,,,,,,
187253,,,,,,,,,,,,,,,,,,,,0.073771,0.943016,0.071417,,,,,,
187259,,,,,,,,,,,,,2.731030,2.615109,-0.003776,-0.001637,,,,,,,,,,,,
187263,,,,,,,,,,,,,,,,,,,,0.073408,0.942987,0.068658,,,,,,-4.900000
187268,,,,,,,,,,,,,,,,,,,,,,,,,,,,-2.450000
187269,,,,,,,,,,,,,2.297889,2.200353,-0.003896,-0.001922,,,,,,,,,,,,
187272,,,,,,,,,,,,,,,,,,,,0.072829,0.943042,0.071466,,,,,,
187278,,,,,,,,,,,,,,,,,,,,,,,,,,,,2.380000
187280,,,,0.000000,1.000000,0.783802,0.000000,0.000000,,,-19.387449,-19.387449,,,,,-0.068933,0.061986,0.713144,,,,,,,,,
187281,,,,,,,,,,,,,1.933443,1.851376,0.001215,0.003051,,,,,,,,,,,,
187282,,,,,,,,,,,,,,,,,,,,0.072328,0.942960,0.071500,,,,,,
187288,,,,,,,,,,,,,,,,,,,,,,,,,,,,5.040000
187289,,,,,,,,,,,,,1.626799,1.557748,0.000079,0.001798,,,,,,,,,,,,
187292,,,,,,,,,,,,,,,,,,,,0.071737,0.942905,0.071621,,,,,,
187298,,,,,,,,,,,,,,,,,,,,,,,,,,,,5.320000
187299,,,,,,,,,,,,,1.368788,1.310689,-0.001492,0.000129,,,,,,,,,,,,
187303,,,,,,,,,,,,,,,,,,,,0.071062,0.942939,0.068836,,,,,,
187308,,,,,,,,,,,,,,,,,,,,,,,,,,,,3.640000
187309,,,,,,,,,,,,,1.151698,1.102813,-0.003429,-0.001890,,,,,,,,,,,,
187312,,,,,,,,,,,,,,,,,,,,0.070281,0.942910,0.071639,,,,,,
187318,,,,,,,,,,,,,,,,,,,,,,,,,,,,-4.410000
187319,,,,,,,,,,,,,0.969039,0.927907,-0.005674,-0.004204,,,,,,,,,,,,
187323,,,,,,,,,,,,,,,,,,,,0.069448,0.942881,0.071785,,,,,,
187328,,,,,,,,,,,,,,,,,,,,,,,,,,,,-1.330000
187330,,,,0.000000,1.000000,0.783802,0.000000,0.000000,,,-18.436974,-18.436974,,,0.001517,0.002929,-0.065554,0.061954,0.712145,,,,,,,,,
187331,,,,,,,,,,,,,0.815349,0.780741,,,,,,,,,,,,,,
187333,,,,,,,,,,,,,,,,,,,,0.068572,0.942919,0.071874,,,,,,
187339,,,,,,,,,,,,,0.686035,0.656915,-0.001014,0.000348,,,,,,,,,,,,
187343,,,,,,,,,,,,,,,,,,,,,,,,,,,,-0.840000
187342,,,,,,,,,,,,,,,,,,,,0.068012,0.942839,0.071927,,,,,,
187348,,,,,,,,,,,,,,,,,,,,,,,,,,,,0.350000
187349,,,,,,,,,,,,,0.577229,0.552728,-0.003729,-0.002408,,,,,,,,,,,,
187352,,,,,,,,,,,,,,,,,,,,0.068166,0.942833,0.069092,,,,,,
187358,,,,,,,,,,,,,,,,,,,,,,,,,,,,0.700000
187359,,,,,,,,,,,,,0.485681,0.465066,-0.006598,-0.005311,,,,,,,,,,,,
187363,,,,,,,,,,,,,,,,,,,,0.068270,0.942840,0.071815,,,,,,
187368,,,,,,,,,,,,,,,,,,,,,,,,,,,,1.120000
187369,,,,,,,,,,,,,0.408652,0.391306,-0.009597,-0.008340,,,,,,,,,,,,
187372,,,,,,,,,,,,,,,,,,,,0.068397,0.942823,0.071799,,,,,,
187378,,,,,,,,,,,,,,,,,,,,,,,,,,,,0.070000
187380,,,,0.000000,1.000000,0.783802,0.000000,0.000000,,,-18.075043,-18.075043,,,-0.009013,-0.007780,-0.064267,0.061937,0.712028,,,,,,,,,
187381,,,,,,,,,,,,,0.343840,0.329245,,,,,,,,,,,,,,
187383,,,,,,,,,,,,,,,,,,,,0.068334,0.942857,0.071815,,,,,,
187388,,,,,,,,,,,,,,,,,,,,,,,,,,,,1.050000
187389,,,,,,,,,,,,,0.289307,0.277027,-0.012141,-0.010929,,,,,,,,,,,,
187392,,,,,,,,,,,,,,,,,,,,0.068215,0.942854,0.071815,,,,,,
187399,,,,,,,,,,,,,0.243422,0.233090,-0.015345,-0.014151,,,,,,,,,,,,
187402,,,,,,,,,,,,,,,,,,,,0.068193,0.942837,0.071850,,,,,,2.520000
187408,,,,,,,,,,,,,,,,,,,,,,,,,,,,-0.210000
187409,,,,,,,,,,,,,0.204816,0.196122,-0.018615,-0.017435,,,,,,,,,,,,
187412,,,,,,,,,,,,,,,,,,,,0.068135,0.942825,0.071861,,,,,,
187418,,,,,,,,,,,,,,,,,,,,,,,,,,,,-1.750000
187419,,,,,,,,,,,,,0.172332,0.165017,-0.021940,-0.020772,,,,,,,,,,,,
187422,,,,,,,,,,,,,,,,,,,,0.068196,0.942826,0.071850,,,,,,
187428,,,,,,,,,,,,,,,,,,,,,,,,,,,,0.210000
187430,,,,0.000000,1.000000,0.783802,0.000000,0.000000,,,-17.987961,-17.987961,0.145000,0.138845,-0.024422,-0.023265,-0.063957,0.061923,0.711965,,,,,,,,,
187432,,,,,,,,,,,,,,,,,,,,0.068195,0.942844,0.071861,,,,,,
187438,,,,,,,,,,,,,,,,,,,,,,,,,,,,0.490000
187439,,,,,,,,,,,,,0.122003,0.116824,-0.027815,-0.026666,,,,,,,,,,,,
187442,,,,,,,,,,,,,,,,,,,,0.068208,0.942842,0.071861,,,,,,
187448,,,,,,,,,,,,,,,,,,,,,,,,,,,,-0.840000
187449,,,,,,,,,,,,,0.102653,0.098296,-0.031239,-0.030098,,,,,,,,,,,,
187453,,,,,,,,,,,,,,,,,,,,0.068211,0.942835,0.071861,,,,,,
187458,,,,,,,,,,,,,,,,,,,,,,,,,,,,-0.350000
187459,,,,,,,,,,,,,0.086372,0.082706,-0.034691,-0.033556,,,,,,,,,,,,
187462,,,,,,,,,,,,,,,,,,,,0.068188,0.942830,0.071861,,,,,,
187468,,,,,,,,,,,,,,,,,,,,,,,,,,,,-0.140000
187469,,,,,,,,,,,,,0.072674,0.069589,-0.038166,-0.037037,,,,,,,,,,,,
187472,,,,,,,,,,,,,,,,,,,,0.068202,0.942828,0.071861,,,,,,
187480,,,,0.000000,1.000000,0.783802,0.000000,0.000000,,,-17.980040,-17.980040,,,,,-0.063929,0.061921,0.711945,,,,,,,,,
187481,,,,,,,,,,,,,0.061148,0.058552,-0.041580,-0.040455,,,,,,,,,,,,
187484,,,,,,,,,,,,,,,,,,,,,,,,,,,,-0.280000
187482,,,,,,,,,,,,,,,,,,,,0.068185,0.942831,0.071861,,,,,,
187489,,,,,,,,,,,,,0.051450,0.049266,-0.045089,-0.043968,,,,,,,,,,,,
187490,,,,,,,,,,,,,,,,,,,,,,,,,,,,0.000000
187493,,,,,,,,,,,,,,,,,,,,0.068210,0.942832,0.071850,,,,,,
187498,,,,,,,,,,,,,,,,,,,,,,,,,,,,-0.420000
187499,,,,,,,,,,,,,0.043290,0.041452,-0.048612,-0.047494,,,,,,,,,,,,
187503,,,,,,,,,,,,,,,,,,,,0.068199,0.942835,0.071861,,,,,,
187508,,,,,,,,,,,,,,,,,,,,,,,,,,,,-0.350000
187509,,,,,,,,,,,,,0.036424,0.034878,-0.052147,-0.051031,,,,,,,,,,,,
187512,,,,,,,,,,,,,,,,,,,,0.068198,0.942830,0.071861,,,,,,
187518,,,,,,,,,,,,,,,,,,,,,,,,,,,,-0.420000
187519,,,,,,,,,,,,,0.030647,0.029346,-0.055692,-0.054578,,,,,,,,,,,,
187522,,,,,,,,,,,,,,,,,,,,0.068203,0.942831,0.071861,,,,,,
187528,,,,,,,,,,,,,,,,,,,,,,,,,,,,-0.280000
187529,,,,0.000000,1.000000,0.783802,0.000000,0.000000,,,,,,,,,,,,,,,,,,,,
187530,,,,,,,,,,,-17.978868,-17.978868,0.025787,0.024692,-0.059232,-0.058120,-0.063925,0.061918,0.711942,,,,,,,,,
187533,,,,,,,,,,,,,,,,,,,,0.068203,0.942829,0.071861,,,,,,
187539,,,,,,,,,,,,,0.021697,0.020776,-0.062791,-0.061681,,,,,,,,,,,,
187543,,,,,,,,,,,,,,,,,,,,,,,,,,,,-0.420000
187542,,,,,,,,,,,,,,,,,,,,0.068210,0.942836,0.071861,,,,,,
187548,,,,,,,,,,,,,,,,,,,,,,,,,,,,-0.210000
187549,,,,,,,,,,,,,0.018256,0.017481,-0.066356,-0.065247,,,,,,,,,,,,
187553,,,,,,,,,,,,,,,,,,,,0.068203,0.942827,0.071861,,,,,,
187558,,,,,,,,,,,,,,,,,,,,,,,,,,,,-0.280000
187559,,,,,,,,,,,,,0.015360,0.014708,-0.069926,-0.068818,,,,,,,,,,,,
187564,,,,,,,,,,,,,,,,,,,,0.068209,0.942854,0.071815,,,,,,
187568,,,,,,,,,,,,,,,,,,,,,,,,,,,,-0.350000
187569,,,,,,,,,,,,,-0.535789,0.012376,-0.067903,-0.072393,,,,,,,,,,,,
187572,,,,,,,,,,,,,,,,,,,,0.068207,0.942848,0.071815,,,,,,
187578,,,,,,,,,,,,,,,,,,,,,,,,,,,,0.350000
187580,,,,0.000000,1.000000,0.783802,0.000000,0.000000,,,-17.967747,-17.967747,,,,,-0.063885,0.061928,0.711546,,,,,,,,,
187581,,,,,,,,,,,,,-0.450813,0.010413,-0.072145,-0.075858,,,,,,,,,,,,
187584,,,,,,,,,,,,,,,,,,,,0.068212,0.942832,0.071861,,,,,,
187588,,,,,,,,,,,,,,,,,,,,,,,,,,,,11.340000
187589,,,,,,,,,,,,,-0.379314,0.008761,-0.076378,-0.079437,,,,,,,,,,,,
187593,,,,,,,,,,,,,,,,,,,,0.068208,0.942828,0.074620,,,,,,
187599,,,,,,,,,,,,,-0.319155,0.007372,-0.080509,-0.083018,,,,,,,,,,,,
187603,,,,,,,,,,,,,,,,,,,,0.068154,0.942807,0.074585,,,,,,5.250000
187608,,,,,,,,,,,,,,,,,,,,,,,,,,,,8.470000
187609,,,,,,,,,,,,,-0.816863,0.006203,-0.078962,-0.086601,,,,,,,,,,,,
187613,,,,,,,,,,,,,,,,,,,,0.068019,0.942842,0.077390,,,,,,
187618,,,,,,,,,,,,,,,,,,,,,,,,,,,,15.190000
187619,,,,,,,,,,,,,-0.687309,0.005219,-0.083714,-0.090186,,,,,,,,,,,,
187622,,,,,,,,,,,,,,,,,,,,0.067852,0.942825,0.082942,,,,,,
187628,,,,,,,,,,,,,,,,,,,,,,,,,,,,12.040000
187630,,,,0.000000,1.000000,0.783802,0.000000,0.000000,,,-17.693130,-17.693130,,,,,-0.062909,0.062579,0.701205,,,,,,,,,
187631,,,,,,,,,,,,,-1.052601,0.004391,-0.080643,-0.090971,,,,,,,,,,,,
187633,,,,,,,,,,,,,,,,,,,,0.067685,0.942789,0.082942,,,,,,
187638,,,,,,,,,,,,,,,,,,,,,,,,,,,,11.620000
187639,,,,,,,,,,,,,-0.885658,0.003695,-0.085674,-0.094503,,,,,,,,,,,,
187643,,,,,,,,,,,,,,,,,,,,0.067484,0.942772,0.088483,,,,,,
187648,,,,,,,,,,,,,,,,,,,,,,,,,,,,15.400000
187649,,,,,,,,,,,,,-1.293906,0.003109,-0.084871,-0.098037,,,,,,,,,,,,
187652,,,,,,,,,,,,,,,,,,,,0.067403,0.942757,0.091254,,,,,,
187658,,,,,,,,,,,,,,,,,,,,,,,,,,,,16.309999
187659,,,,,,,,,,,,,-1.088693,0.002616,-0.090244,-0.101571,,,,,,,,,,,,
187662,,,,,,,,,,,,,,,,,,,,0.067376,0.942732,0.094014,,,,,,
187668,,,,,,,,,,,,,,,,,,,,,,,,,,,,21.840000
187669,,,,,,,,,,,,,-1.463470,0.002201,-0.089742,-0.105106,,,,,,,,,,,,
187673,,,,,,,,,,,,,,,,,,,,0.067315,0.942712,0.096766,,,,,,
187680,,,,0.000000,1.000000,0.783802,0.000000,0.000000,,,-17.286703,-17.286703,,,-0.091210,-0.104496,-0.061464,0.063517,0.687056,,,,,,,,,
187681,,,,,,,,,,,,,-1.231364,0.001852,,,,,,,,,,,,,,
187682,,,,,,,,,,,,,,,,,,,,0.067263,0.942662,0.099547,,,,,,
187685,,,,,,,,,,,,,,,,,,,,,,,,,,,,24.990000
187689,,,,,,,,,,,,,-1.677086,0.001558,-0.089875,-0.107950,,,,,,,,,,,,
187690,,,,,,,,,,,,,,,,,,,,,,,,,,,,25.129999
187692,,,,,,,,,,,,,,,,,,,,0.067126,0.942640,0.102319,,,,,,
187698,,,,,,,,,,,,,,,,,,,,,,,,,,,,27.719999
187699,,,,,,,,,,,,,-1.959481,0.001311,-0.090117,-0.111405,,,,,,,,,,,,
187702,,,,,,,,,,,,,,,,,,,,0.066909,0.942565,0.107825,,,,,,
187708,,,,,,,,,,,,,,,,,,,,,,,,,,,,21.350000
187709,,,,,,,,,,,,,-1.648707,-0.548496,-0.096352,-0.109255,,,,,,,,,,,,
187713,,,,,,,,,,,,,,,,,,,,0.066671,0.942545,0.110597,,,,,,
187718,,,,,,,,,,,,,,,,,,,,,,,,,,,,16.940001
187719,,,,,,,,,,,,,-1.935273,-0.461505,-0.096557,-0.113490,,,,,,,,,,,,
187723,,,,,,,,,,,,,,,,,,,,0.066362,0.942568,0.113427,,,,,,
187728,,,,,,,,,,,,,,,,,,,,,,,,,,,,12.180000
187730,,,,0.000000,1.000000,0.783802,0.000000,0.000000,,,-16.720280,-16.720280,,,-0.092113,-0.106957,-0.059450,0.064556,0.670599,,,,,,,,,
187731,,,,,,,,,,,,,-2.105505,-0.865477,,,,,,,,,,,,,,
187732,,,,,,,,,,,,,,,,,,,,0.065987,0.942548,0.116169,,,,,,
187739,,,,,,,,,,,,,-1.771572,-0.728212,-0.098442,-0.111528,,,,,,,,,,,,
187743,,,,,,,,,,,,,,,,,,,,0.065669,0.942509,0.113383,,,,,,-3.640000
187748,,,,,,,,,,,,,,,,,,,,,,,,,,,,-6.370000
187749,,,,,,,,,,,,,-2.037880,-1.707277,-0.098715,-0.104740,,,,,,,,,,,,
187752,,,,,,,,,,,,,,,,,,,,0.065372,0.942446,0.110542,,,,,,
187758,,,,,,,,,,,,,,,,,,,,,,,,,,,,-21.910000
187759,,,,,,,,,,,,,-2.262557,-1.984388,-0.099360,-0.104916,,,,,,,,,,,,
187762,,,,,,,,,,,,,,,,,,,,0.065109,0.942426,0.107738,,,,,,
187768,,,,,,,,,,,,,,,,,,,,,,,,,,,,-20.160000
187769,,,,,,,,,,,,,-2.451490,-2.217439,-0.100325,-0.105486,,,,,,,,,,,,
187773,,,,,,,,,,,,,,,,,,,,0.064752,0.942387,0.104951,,,,,,
187778,,,,,,,,,,,,,,,,,,,,,,,,,,,,-25.200001
187780,,,,0.000000,1.000000,0.783802,0.000000,0.000000,,,-16.392164,-16.392164,,,,,-0.058283,0.064130,0.677972,,,,,,,,,
187781,,,,,,,,,,,,,-2.538558,-2.817502,-0.098943,-0.098919,,,,,,,,,,,,
187783,,,,,,,,,,,,,,,,,,,,0.064349,0.942370,0.102222,,,,,,
187788,,,,,,,,,,,,,,,,,,,,,,,,,,,,-29.400000
187789,,,,,,,,,,,,,-2.781212,-3.661185,-0.099239,-0.093029,,,,,,,,,,,,
187792,,,,,,,,,,,,,,,,,,,,0.063913,0.942297,0.096716,,,,,,
187798,,,,,,,,,,,,,,,,,,,,,,,,,,,,-22.820000
187799,,,,,,,,,,,,,-2.888659,-4.177616,-0.100865,-0.090307,,,,,,,,,,,,
187804,,,,,,,,,,,,,,,,,,,,0.063317,0.942245,0.091164,,,,,,
187808,,,,,,,,,,,,,,,,,,,,,,,,,,,,-24.639999
187809,,,,,,,,,,,,,-3.526619,-4.063097,-0.097059,-0.093918,,,,,,,,,,,,
187812,,,,,,,,,,,,,,,,,,,,0.062719,0.942124,0.085517,,,,,,
187819,,,,,,,,,,,,,-3.512494,-4.509084,-0.099776,-0.091835,,,,,,,,,,,,
187822,,,,,,,,,,,,,,,,,,,,,,,,,,,,-17.430000
187825,,,,,,,,,,,,,,,,,,,,0.062127,0.942084,0.085517,,,,,,
187828,,,,,,,,,,,,,,,,,,,,,,,,,,,,-19.950001
187830,,,,0.000000,1.000000,0.783802,0.000000,0.000000,,,-15.988140,-15.988140,,,-0.094150,-0.087622,-0.056847,0.063060,0.697375,,,,,,,,,
187831,,,,,,,,,,,,,-3.912598,-4.751129,,,,,,,,,,,,,,
187833,,,,,,,,,,,,,,,,,,,,0.061506,0.942061,0.082634,,,,,,
187838,,,,,,,,,,,,,,,,,,,,,,,,,,,,-21.280001
187839,,,,,,,,,,,,,-3.934134,-5.281748,-0.096345,-0.084457,,,,,,,,,,,,
187842,,,,,,,,,,,,,,,,,,,,0.060721,0.941991,0.077073,,,,,,
187848,,,,,,,,,,,,,,,,,,,,,,,,,,,,-22.120001
187849,,,,,,,,,,,,,-3.859447,-5.542596,-0.099518,-0.083937,,,,,,,,,,,,
187852,,,,,,,,,,,,,,,,,,,,0.059883,0.941917,0.074404,,,,,,
187858,,,,,,,,,,,,,,,,,,,,,,,,,,,,-24.010000
187859,,,,,,,,,,,,,-4.343770,-5.759972,-0.097004,-0.083809,,,,,,,,,,,,
187863,,,,,,,,,,,,,,,,,,,,0.059045,0.941901,0.068837,,,,,,
187868,,,,,,,,,,,,,,,,,,,,,,,,,,,,-19.320000
187869,,,,,,,,,,,,,-4.202898,-5.942541,-0.100769,-0.083993,,,,,,,,,,,,
187872,,,,,,,,,,,,,,,,,,,,0.058059,0.941866,0.068837,,,,,,
187880,,,,0.000000,1.000000,0.783802,0.000000,0.000000,,,-15.163560,-15.163560,,,,,-0.053915,0.062003,0.714876,,,,,,,,,
187881,,,,,,,,,,,,,-4.476320,-6.410056,-0.091927,-0.072822,,,,,,,,,,,,
187884,,,,,,,,,,,,,,,,,,,,,,,,,,,,-12.320000
187883,,,,,,,,,,,,,,,,,,,,0.057153,0.941766,0.066163,,,,,,
187890,,,,,,,,,,,,,-4.959502,-5.989984,-0.089136,-0.078858,,,,,,,,,,,,-11.830000
187893,,,,,,,,,,,,,,,,,,,,0.056018,0.941763,0.063298,,,,,,
187898,,,,,,,,,,,,,,,,,,,,,,,,,,,,-7.700000
187899,,,,,,,,,,,,,-4.769031,-6.232184,-0.093119,-0.078222,,,,,,,,,,,,
187902,,,,,,,,,,,,,,,,,,,,0.055006,0.941619,0.063288,,,,,,
187908,,,,,,,,,,,,,,,,,,,,,,,,,,,,-0.560000
187909,,,,,,,,,,,,,-5.108102,-6.339199,-0.091740,-0.078917,,,,,,,,,,,,
187913,,,,,,,,,,,,,,,,,,,,0.053793,0.941461,0.063319,,,,,,
187918,,,,,,,,,,,,,,,,,,,,,,,,,,,,-14.280000
187919,,,,,,,,,,,,,-5.392515,-5.881081,-0.090850,-0.085355,,,,,,,,,,,,
187922,,,,,,,,,,,,,,,,,,,,0.052575,0.941419,0.060546,,,,,,
187928,,,,,,,,,,,,,,,,,,,,,,,,,,,,-5.460000
187930,,,,0.000000,1.000000,0.783802,0.000000,0.000000,,,-13.780716,-13.780716,,,,,-0.048998,0.061663,0.722942,,,,,,,,,
187931,,,,,,,,,,,,,-5.490010,-5.901089,-0.077705,-0.072902,,,,,,,,,,,,
187933,,,,,,,,,,,,,,,,,,,,0.051324,0.941355,0.057870,,,,,,
187939,,,,,,,,,,,,,-5.264181,-6.254951,-0.081666,-0.070869,,,,,,,,,,,,
187943,,,,,,,,,,,,,,,,,,,,0.049983,0.941329,0.055133,,,,,,-16.100000
187948,,,,,,,,,,,,,,,,,,,,,,,,,,,,-16.030001
187949,,,,,,,,,,,,,-4.977057,-6.358465,-0.086298,-0.071318,,,,,,,,,,,,
187952,,,,,,,,,,,,,,,,,,,,0.048563,0.941237,0.052444,,,,,,
187958,,,,,,,,,,,,,,,,,,,,,,,,,,,,-13.370000
187959,,,,,,,,,,,,,-4.737017,-5.899333,-0.090507,-0.077485,,,,,,,,,,,,
187963,,,,,,,,,,,,,,,,,,,,0.047046,0.941251,0.049703,,,,,,
187968,,,,,,,,,,,,,,,,,,,,,,,,,,,,-12.880000
187969,,,,,,,,,,,,,-5.078747,-5.510209,-0.088830,-0.083031,,,,,,,,,,,,
187973,,,,,,,,,,,,,,,,,,,,0.045535,0.941245,0.047000,,,,,,
187978,,,,,,,,,,,,,,,,,,,,,,,,,,,,-2.870000
187980,,,,0.000000,1.000000,0.783802,0.000000,0.000000,,,-12.070318,-12.070318,,,,,,,,,,,,,,,,
187981,,,,,,,,,,,,,-5.205056,-6.033988,-0.071836,-0.061896,-0.042917,0.060881,0.735983,,,,,,,,,
187982,,,,,,,,,,,,,,,,,,,,0.044272,0.941176,0.047005,,,,,,
187988,,,,,,,,,,,,,,,,,,,,,,,,,,,,-5.040000
187989,,,,,,,,,,,,,-5.043691,-5.741154,-0.074855,-0.066090,,,,,,,,,,,,
187993,,,,,,,,,,,,,,,,,,,,0.043645,0.941084,0.044182,,,,,,
187998,,,,,,,,,,,,,,,,,,,,,,,,,,,,-4.270000
187999,,,,,,,,,,,,,-4.793083,-5.929251,-0.078817,-0.065438,,,,,,,,,,,,
188002,,,,,,,,,,,,,,,,,,,,0.042869,0.941050,0.046969,,,,,,
188008,,,,,,,,,,,,,,,,,,,,,,,,,,,,-5.810000
188009,,,,,,,,,,,,,-5.127679,-6.083650,-0.076859,-0.065091,,,,,,,,,,,,
188012,,,,,,,,,,,,,,,,,,,,0.042146,0.941040,0.044164,,,,,,
188019,,,,,,,,,,,,,-4.863419,-5.667772,-0.080943,-0.070530,,,,,,,,,,,,
188023,,,,,,,,,,,,,,,,,,,,0.041298,0.940969,0.046942,,,,,,-3.850000
188028,,,,,,,,,,,,,,,,,,,,,,,,,,,,-13.300000
188030,,,,0.000000,1.000000,0.783802,0.000000,0.000000,,,-10.839497,-10.839497,,,,,-0.038540,0.060876,0.737428,,,,,,,,,
188031,,,,,,,,,,,,,-5.041671,-5.718454,-0.068012,-0.058739,,,,,,,,,,,,
188033,,,,,,,,,,,,,,,,,,,,0.040460,0.940913,0.044215,,,,,,
188038,,,,,,,,,,,,,,,,,,,,,,,,,,,,-8.540000
188039,,,,,,,,,,,,,-4.888020,-5.457465,-0.070739,-0.062426,,,,,,,,,,,,
188042,,,,,,,,,,,,,,,,,,,,0.039564,0.940889,0.038672,,,,,,
188048,,,,,,,,,,,,,,,,,,,,,,,,,,,,-10.500000
188049,,,,,,,,,,,,,-4.660665,-5.139796,-0.074248,-0.066742,,,,,,,,,,,,
188052,,,,,,,,,,,,,,,,,,,,0.038679,0.941033,0.038723,,,,,,
188058,,,,,,,,,,,,,,,,,,,,,,,,,,,,-9.800000
188059,,,,,,,,,,,,,-4.469699,-5.421056,-0.077432,-0.065013,,,,,,,,,,,,
188062,,,,,,,,,,,,,,,,,,,,0.038042,0.940960,0.035992,,,,,,
188068,,,,,,,,,,,,,,,,,,,,,,,,,,,,-10.290000
188069,,,,,,,,,,,,,-4.309186,-5.109657,-0.080343,-0.069273,,,,,,,,,,,,
188072,,,,,,,,,,,,,,,,,,,,0.037443,0.940942,0.033181,,,,,,
188080,,,,0.000000,1.000000,0.783802,0.000000,0.000000,,,-9.968706,-9.968706,,,,,-0.035444,0.060295,0.750152,,,,,,,,,
188081,,,,,,,,,,,,,-4.098360,-5.244488,-0.074918,-0.060162,,,,,,,,,,,,
188084,,,,,,,,,,,,,,,,,,,,,,,,,,,,-15.470000
188082,,,,,,,,,,,,,,,,,,,,0.036869,0.940868,0.033139,,,,,,
188090,,,,,,,,,,,,,-4.040898,-4.412712,-0.076678,-0.069591,,,,,,,,,,,,-20.650000
188093,,,,,,,,,,,,,,,,,,,,0.036297,0.940820,0.030413,,,,,,
188098,,,,,,,,,,,,,,,,,,,,,,,,,,,,-17.290001
188099,,,,,,,,,,,,,-3.400011,-4.310466,-0.084400,-0.071745,,,,,,,,,,,,
188102,,,,,,,,,,,,,,,,,,,,0.035712,0.940816,0.027644,,,,,,
188108,,,,,,,,,,,,,,,,,,,,,,,,,,,,-12.950000
188109,,,,,,,,,,,,,-3.409981,-3.626825,-0.085612,-0.079850,,,,,,,,,,,,
188112,,,,,,,,,,,,,,,,,,,,0.035228,0.940744,0.024875,,,,,,
188118,,,,,,,,,,,,,,,,,,,,,,,,,,,,2.240000
188119,,,,,,,,,,,,,-3.415394,-4.144083,-0.086869,-0.075842,,,,,,,,,,,,
188124,,,,,,,,,,,,,,,,,,,,0.034746,0.940765,0.024877,,,,,,
188128,,,,,,,,,,,,,,,,,,,,,,,,,,,,7.770000
188130,,,,0.000000,1.000000,0.783802,0.000000,0.000000,,,-9.344759,-9.344759,,,-0.082459,-0.067584,-0.033226,0.060079,0.758770,,,,,,,,,
188131,,,,,,,,,,,,,-3.352263,-4.443933,,,,,,,,,,,,,,
188132,,,,,,,,,,,,,,,,,,,,0.034329,0.940849,0.024875,,,,,,
188138,,,,,,,,,,,,,,,,,,,,,,,,,,,,3.920000
188139,,,,,,,,,,,,,-3.462895,-3.739125,-0.082529,-0.075754,,,,,,,,,,,,
188142,,,,,,,,,,,,,,,,,,,,0.033895,0.940829,0.024873,,,,,,
188148,,,,,,,,,,,,,,,,,,,,,,,,,,,,-8.960000
188149,,,,,,,,,,,,,-3.461344,-4.241429,-0.083722,-0.071751,,,,,,,,,,,,
188152,,,,,,,,,,,,,,,,,,,,0.033494,0.940709,0.027608,,,,,,
188159,,,,,,,,,,,,,-2.912375,-4.117064,-0.090498,-0.074040,,,,,,,,,,,,
188162,,,,,,,,,,,,,,,,,,,,0.033047,0.940631,0.027614,,,,,,-16.379999
188168,,,,,,,,,,,,,,,,,,,,,,,,,,,,-16.379999
188169,,,,,,,,,,,,,-2.997476,-3.464097,-0.090916,-0.081746,,,,,,,,,,,,
188172,,,,,,,,,,,,,,,,,,,,0.032708,0.940751,0.024875,,,,,,
188178,,,,,,,,,,,,,,,,,,,,,,,,,,,,-5.460000
188180,,,,0.000000,1.000000,0.783802,0.000000,0.000000,,,-8.774281,-8.774281,,,,,-0.031197,0.060035,0.759286,,,,,,,,,
188181,,,,,,,,,,,,,-2.998742,-3.868023,-0.086354,-0.072983,,,,,,,,,,,,
188183,,,,,,,,,,,,,,,,,,,,0.032227,0.940757,0.022104,,,,,,
188188,,,,,,,,,,,,,,,,,,,,,,,,,,,,2.170000
188189,,,,,,,,,,,,,-3.166581,-3.897994,-0.085797,-0.073659,,,,,,,,,,,,
188193,,,,,,,,,,,,,,,,,,,,0.031711,0.940721,0.022106,,,,,,
188198,,,,,,,,,,,,,,,,,,,,,,,,,,,,-16.450001
188199,,,,,,,,,,,,,-3.213960,-3.829371,-0.086435,-0.075334,,,,,,,,,,,,
188203,,,,,,,,,,,,,,,,,,,,0.031155,0.940710,0.019335,,,,,,
188208,,,,,,,,,,,,,,,,,,,,,,,,,,,,-3.570000
188209,,,,,,,,,,,,,-3.251781,-3.222033,-0.087162,-0.082518,,,,,,,,,,,,
188212,,,,,,,,,,,,,,,,,,,,0.030513,0.940713,0.019302,,,,,,
188219,,,,,,,,,,,,,-2.736048,-3.806017,-0.093527,-0.077672,,,,,,,,,,,,
188223,,,,,,,,,,,,,,,,,,,,,,,,,,,,10.850000
188222,,,,,,,,,,,,,,,,,,,,0.029969,0.940737,0.019295,,,,,,
188228,,,,,,,,,,,,,,,,,,,,,,,,,,,,1.540000
188230,,,,0.000000,1.000000,0.783802,0.000000,0.000000,,,-8.114342,-8.114342,,,,,-0.028851,0.059822,0.764922,,,,,,,,,
188231,,,,,,,,,,,,,-3.252282,-3.677468,-0.082737,-0.073245,,,,,,,,,,,,
188233,,,,,,,,,,,,,,,,,,,,0.029431,0.940635,0.019343,,,,,,
188238,,,,,,,,,,,,,,,,,,,,,,,,,,,,-7.630000
188239,,,,,,,,,,,,,-2.736469,-3.094221,-0.088971,-0.080082,,,,,,,,,,,,
188244,,,,,,,,,,,,,,,,,,,,0.028859,0.940694,0.019346,,,,,,
188248,,,,,,,,,,,,,,,,,,,,,,,,,,,,-8.890000
188249,,,,,,,,,,,,,-2.849524,-3.697597,-0.088893,-0.074931,,,,,,,,,,,,
188252,,,,,,,,,,,,,,,,,,,,0.028222,0.940736,0.013765,,,,,,
188258,,,,,,,,,,,,,,,,,,,,,,,,,,,,-4.620000
188259,,,,,,,,,,,,,-2.946303,-3.659871,-0.088959,-0.076200,,,,,,,,,,,,
188263,,,,,,,,,,,,,,,,,,,,0.027655,0.940651,0.016540,,,,,,
188268,,,,,,,,,,,,,,,,,,,,,,,,,,,,3.500000
188269,,,,,,,,,,,,,-3.027070,-3.627465,-0.089169,-0.077421,,,,,,,,,,,,
188272,,,,,,,,,,,,,,,,,,,,0.027103,0.940767,0.016572,,,,,,
188278,,,,,,,,,,,,,,,,,,,,,,,,,,,,-5.390000
188280,,,,0.000000,1.000000,0.783802,0.000000,0.000000,,,-7.355292,-7.355292,,,-0.082485,-0.071588,-0.026152,0.059673,0.767515,,,,,,,,,
188281,,,,,,,,,,,,,-3.023100,-3.528273,,,,,,,,,,,,,,
188282,,,,,,,,,,,,,,,,,,,,0.026617,0.940732,0.016572,,,,,,
188288,,,,,,,,,,,,,,,,,,,,,,,,,,,,-7.560000
188289,,,,,,,,,,,,,-3.187456,-3.612509,-0.081675,-0.071494,,,,,,,,,,,,
188292,,,,,,,,,,,,,,,,,,,,0.026083,0.940745,0.016534,,,,,,
188299,,,,,,,,,,,,,-3.227833,-3.585472,-0.082096,-0.072518,,,,,,,,,,,,
188302,,,,,,,,,,,,,,,,,,,,,,,,,,,,0.770000
188303,,,,,,,,,,,,,,,,,,,,0.025507,0.940670,0.016575,,,,,,
188308,,,,,,,,,,,,,,,,,,,,,,,,,,,,-4.830000
188309,,,,,,,,,,,,,-3.265831,-3.566748,-0.082534,-0.073463,,,,,,,,,,,,
188312,,,,,,,,,,,,,,,,,,,,0.024866,0.940605,0.013772,,,,,,
188318,,,,,,,,,,,,,,,,,,,,,,,,,,,,-11.130000
188319,,,,,,,,,,,,,-3.295590,-3.548782,-0.083049,-0.074404,,,,,,,,,,,,
188323,,,,,,,,,,,,,,,,,,,,0.024354,0.940598,0.013772,,,,,,
188328,,,,,,,,,,,,,,,,,,,,,,,,,,,,-6.860000
188330,,,,0.000000,1.000000,0.783802,0.000000,0.000000,,,-6.619466,-6.619466,-2.772909,-3.466947,-0.081686,-0.068495,-0.023536,0.059722,0.770021,,,,,,,,,
188334,,,,,,,,,,,,,,,,,,,,0.023850,0.940628,0.011011,,,,,,
188338,,,,,,,,,,,,,,,,,,,,,,,,,,,,1.820000
188339,,,,,,,,,,,,,-2.967569,-3.551533,-0.080470,-0.068263,,,,,,,,,,,,
188342,,,,,,,,,,,,,,,,,,,,0.023339,0.940641,0.011011,,,,,,
188348,,,,,,,,,,,,,,,,,,,,,,,,,,,,0.910000
188349,,,,,,,,,,,,,-3.044632,-3.535979,-0.080415,-0.069035,,,,,,,,,,,,
188353,,,,,,,,,,,,,,,,,,,,0.022803,0.940623,0.013779,,,,,,
188359,,,,,,,,,,,,,-3.110798,-3.524218,-0.080455,-0.069772,,,,,,,,,,,,
188363,,,,,,,,,,,,,,,,,,,,,,,,,,,,-8.680000
188362,,,,,,,,,,,,,,,,,,,,0.022363,0.940641,0.011004,,,,,,
188368,,,,,,,,,,,,,,,,,,,,,,,,,,,,-11.270000
188369,,,,,,,,,,,,,-2.617425,-2.965276,-0.086189,-0.076092,,,,,,,,,,,,
188372,,,,,,,,,,,,,,,,,,,,0.021839,0.940599,0.010980,,,,,,
188378,,,,,,,,,,,,,,,,,,,,,,,,,,,,-11.550000
188380,,,,0.000000,1.000000,0.783802,0.000000,0.000000,,,-5.965833,-5.965833,-2.680139,-2.972820,-0.079682,-0.070079,-0.021212,0.059638,0.772864,,,,,,,,,
188383,,,,,,,,,,,,,,,,,,,,0.021353,0.940628,0.011011,,,,,,
188388,,,,,,,,,,,,,,,,,,,,,,,,,,,,-6.370000
188389,,,,,,,,,,,,,-2.255068,-3.141518,-0.084675,-0.068957,,,,,,,,,,,,
188392,,,,,,,,,,,,,,,,,,,,0.020986,0.940657,0.005502,,,,,,
188398,,,,,,,,,,,,,,,,,,,,,,,,,,,,-12.740000
188399,,,,,,,,,,,,,-2.445299,-3.191158,-0.083477,-0.069015,,,,,,,,,,,,
188403,,,,,,,,,,,,,,,,,,,,0.020714,0.940602,0.002699,,,,,,
188408,,,,,,,,,,,,,,,,,,,,,,,,,,,,-11.900000
188409,,,,,,,,,,,,,-2.057475,-3.233643,-0.088137,-0.069137,,,,,,,,,,,,
188412,,,,,,,,,,,,,,,,,,,,0.020459,0.940688,0.002699,,,,,,
188419,,,,,,,,,,,,,-2.279872,-2.720787,-0.086650,-0.074914,,,,,,,,,,,,
188423,,,,,,,,,,,,,,,,,,,,,,,,,,,,-1.400000
188422,,,,,,,,,,,,,,,,,,,,0.020181,0.940730,-0.000038,,,,,,
188428,,,,,,,,,,,,,,,,,,,,,,,,,,,,4.340000
188430,,,,0.000000,1.000000,0.783802,0.000000,0.000000,,,-5.659459,-5.659459,,,-0.087951,-0.071966,-0.020123,0.059293,0.783271,,,,,,,,,
188431,,,,,,,,,,,,,-1.918284,-2.767107,,,,,,,,,,,,,,
188432,,,,,,,,,,,,,,,,,,,,0.019784,0.940673,-0.000115,,,,,,
188438,,,,,,,,,,,,,,,,,,,,,,,,,,,,7.700000
188439,,,,,,,,,,,,,-2.256043,-2.328243,-0.085254,-0.077021,,,,,,,,,,,,
188442,,,,,,,,,,,,,,,,,,,,0.019332,0.940639,0.002687,,,,,,
188448,,,,,,,,,,,,,,,,,,,,,,,,,,,,8.680000
188449,,,,,,,,,,,,,-1.898234,-2.507752,-0.089584,-0.075856,,,,,,,,,,,,
188452,,,,,,,,,,,,,,,,,,,,0.018958,0.940625,0.005478,,,,,,
188458,,,,,,,,,,,,,,,,,,,,,,,,,,,,-5.810000
188459,,,,,,,,,,,,,-2.144839,-2.110022,-0.087821,-0.080543,,,,,,,,,,,,
188462,,,,,,,,,,,,,,,,,,,,0.018876,0.940618,0.002714,,,,,,
188468,,,,,,,,,,,,,,,,,,,,,,,,,,,,-9.450000
188469,,,,,,,,,,,,,-1.804667,-2.323258,-0.091994,-0.079078,,,,,,,,,,,,
188472,,,,,,,,,,,,,,,,,,,,0.018673,0.940613,0.002665,,,,,,
188478,,,,,,,,,,,,,,,,,,,,,,,,,,,,-16.799999
188480,,,,0.000000,1.000000,0.783802,0.000000,0.000000,,,-5.213186,-5.213186,,,,,-0.018536,0.059417,0.781730,,,,,,,,,
188481,,,,,,,,,,,,,-1.983590,-2.419932,-0.086388,-0.074207,,,,,,,,,,,,
188483,,,,,,,,,,,,,,,,,,,,0.018488,0.940817,-0.005538,,,,,,
188488,,,,,,,,,,,,,,,,,,,,,,,,,,,,-10.010000
188489,,,,,,,,,,,,,-1.668992,-2.036130,-0.090242,-0.078681,,,,,,,,,,,,
188492,,,,,,,,,,,,,,,,,,,,0.018180,0.940748,-0.002807,,,,,,
188499,,,,,,,,,,,,,-1.953779,-2.262688,-0.088046,-0.077005,,,,,,,,,,,,
188503,,,,,,,,,,,,,,,,,,,,0.017887,0.940739,-0.005575,,,,,,-0.770000
188508,,,,,,,,,,,,,,,,,,,,,,,,,,,,7.560000
188509,,,,,,,,,,,,,-2.191298,-2.451215,-0.086276,-0.075672,,,,,,,,,,,,
188512,,,,,,,,,,,,,,,,,,,,0.017472,0.940713,-0.002845,,,,,,
188518,,,,,,,,,,,,,,,,,,,,,,,,,,,,1.960000
188519,,,,,,,,,,,,,-2.393247,-2.611941,-0.084820,-0.074585,,,,,,,,,,,,
188522,,,,,,,,,,,,,,,,,,,,0.017051,0.940713,-0.002837,,,,,,
188528,,,,,,,,,,,,,,,,,,,,,,,,,,,,-1.120000
188530,,,,0.000000,1.000000,0.783802,0.000000,0.000000,,,-4.829649,-4.829649,,,,,-0.017172,0.059250,0.786402,,,,,,,,,
188531,,,,,,,,,,,,,-2.490678,-2.197687,-0.080478,-0.075419,,,,,,,,,,,,
188533,,,,,,,,,,,,,,,,,,,,0.016616,0.940787,-0.002837,,,,,,
188538,,,,,,,,,,,,,,,,,,,,,,,,,,,,6.720000
188539,,,,,,,,,,,,,-2.739781,-2.493258,-0.078405,-0.072930,,,,,,,,,,,,
188543,,,,,,,,,,,,,,,,,,,,0.016089,0.940751,-0.002807,,,,,,
188548,,,,,,,,,,,,,,,,,,,,,,,,,,,,16.520000
188549,,,,,,,,,,,,,-2.305251,-2.097827,-0.083255,-0.077431,,,,,,,,,,,,
188553,,,,,,,,,,,,,,,,,,,,0.015547,0.940772,0.002734,,,,,,
188559,,,,,,,,,,,,,-2.486643,-2.312116,-0.081910,-0.075792,,,,,,,,,,,,
188562,,,,,,,,,,,,,,,,,,,,0.014925,0.940709,0.008212,,,,,,25.549999
188568,,,,,,,,,,,,,,,,,,,,,,,,,,,,25.549999
188569,,,,,,,,,,,,,-2.640532,-1.945414,-0.080809,-0.080035,,,,,,,,,,,,
188573,,,,,,,,,,,,,,,,,,,,0.014333,0.940702,0.013770,,,,,,
188578,,,,,,,,,,,,,,,,,,,,,,,,,,,,20.160000
188580,,,,0.000000,1.000000,0.783802,0.000000,0.000000,,,-3.834976,-3.834976,,,-0.070500,-0.073614,-0.013635,0.059479,0.770851,,,,,,,,,
188581,,,,,,,,,,,,,-2.699455,-1.636871,,,,,,,,,,,,,,
188582,,,,,,,,,,,,,,,,,,,,0.013978,0.940663,0.016549,,,,,,
188588,,,,,,,,,,,,,,,,,,,,,,,,,,,,12.180000
188589,,,,,,,,,,,,,-2.913017,-2.018959,-0.068549,-0.070156,,,,,,,,,,,,
188592,,,,,,,,,,,,,,,,,,,,0.013873,0.940630,0.016561,,,,,,
188598,,,,,,,,,,,,,,,,,,,,,,,,,,,,7.280000
188599,,,,,,,,,,,,,-2.451012,-1.698752,-0.073446,-0.073785,,,,,,,,,,,,
188602,,,,,,,,,,,,,,,,,,,,0.013670,0.940624,0.016554,,,,,,
188608,,,,,,,,,,,,,,,,,,,,,,,,,,,,-2.100000
188609,,,,,,,,,,,,,-2.062281,-1.976554,-0.077688,-0.071379,,,,,,,,,,,,
188613,,,,,,,,,,,,,,,,,,,,0.013499,0.940617,0.016485,,,,,,
188618,,,,,,,,,,,,,,,,,,,,,,,,,,,,-18.270000
188619,,,,,,,,,,,,,-2.284193,-1.663073,-0.075779,-0.074948,,,,,,,,,,,,
188623,,,,,,,,,,,,,,,,,,,,0.013208,0.940614,0.010969,,,,,,
188628,,,,,,,,,,,,,,,,,,,,,,,,,,,,-17.920000
188630,,,,0.000000,1.000000,0.783802,0.000000,0.000000,,,-3.511171,-3.511171,,,,,-0.012484,0.059530,0.772171,,,,,,,,,
188631,,,,,,,,,,,,,-1.921920,-1.876225,-0.076481,-0.069906,,,,,,,,,,,,
188633,,,,,,,,,,,,,,,,,,,,0.012954,0.940631,0.008201,,,,,,
188639,,,,,,,,,,,,,-1.617103,-1.578656,-0.079908,-0.073268,,,,,,,,,,,,
188642,,,,,,,,,,,,,,,,,,,,,,,,,,,,-16.940001
188643,,,,,,,,,,,,,,,,,,,,0.012597,0.940668,0.005444,,,,,,
188648,,,,,,,,,,,,,,,,,,,,,,,,,,,,-13.650000
188649,,,,,,,,,,,,,-1.360630,-1.876939,-0.082903,-0.070612,,,,,,,,,,,,
188652,,,,,,,,,,,,,,,,,,,,0.012201,0.940715,0.005478,,,,,,
188658,,,,,,,,,,,,,,,,,,,,,,,,,,,,-6.580000
188659,,,,,,,,,,,,,-1.144834,-1.579256,-0.085534,-0.073975,,,,,,,,,,,,
188664,,,,,,,,,,,,,,,,,,,,0.011936,0.940714,0.005478,,,,,,
188668,,,,,,,,,,,,,,,,,,,,,,,,,,,,-0.420000
188669,,,,,,,,,,,,,-0.963263,-1.876231,-0.087859,-0.071332,,,,,,,,,,,,
188674,,,,,,,,,,,,,,,,,,,,0.011902,0.940713,0.005467,,,,,,
188678,,,,,,,,,,,,,,,,,,,,,,,,,,,,-14.490000
188680,,,,0.000000,1.000000,0.783802,0.000000,0.000000,,,-3.263033,-3.263033,,,,,-0.011602,0.059357,0.778546,,,,,,,,,
188681,,,,,,,,,,,,,-1.287030,-2.055201,-0.082536,-0.067303,,,,,,,,,,,,
188683,,,,,,,,,,,,,,,,,,,,0.012005,0.940715,0.002687,,,,,,
188688,,,,,,,,,,,,,,,,,,,,,,,,,,,,-25.340000
188689,,,,,,,,,,,,,-1.082907,-1.729246,-0.085013,-0.070869,,,,,,,,,,,,
188692,,,,,,,,,,,,,,,,,,,,0.012057,0.940753,-0.002853,,,,,,
188699,,,,,,,,,,,,,-0.911158,-2.002322,-0.087201,-0.068391,,,,,,,,,,,,
188703,,,,,,,,,,,,,,,,,,,,,,,,,,,,-18.690001
188702,,,,,,,,,,,,,,,,,,,,0.012057,0.940752,-0.008406,,,,,,
188708,,,,,,,,,,,,,,,,,,,,,,,,,,,,-13.930000
188709,,,,,,,,,,,,,-0.766648,-1.684753,-0.089145,-0.071882,,,,,,,,,,,,
188712,,,,,,,,,,,,,,,,,,,,0.011932,0.940765,-0.011121,,,,,,
188718,,,,,,,,,,,,,,,,,,,,,,,,,,,,-11.410000
188719,,,,,,,,,,,,,-0.645058,-1.417551,-0.090885,-0.074923,,,,,,,,,,,,
188723,,,,,,,,,,,,,,,,,,,,0.011691,0.940814,-0.011167,,,,,,
188728,,,,,,,,,,,,,,,,,,,,,,,,,,,,-1.050000
188730,,,,0.000000,1.000000,0.783802,0.000000,0.000000,,,-3.446799,-3.446799,,,,,-0.012255,0.059071,0.794206,,,,,,,,,
188731,,,,,,,,,,,,,-0.542751,-1.192727,-0.094326,-0.079460,,,,,,,,,,,,
188732,,,,,,,,,,,,,,,,,,,,0.011333,0.940761,-0.011125,,,,,,
188738,,,,,,,,,,,,,,,,,,,,,,,,,,,,3.710000
188739,,,,,,,,,,,,,-0.456671,-1.003561,-0.095785,-0.081840,,,,,,,,,,,,
188742,,,,,,,,,,,,,,,,,,,,0.010904,0.940748,-0.011128,,,,,,
188748,,,,,,,,,,,,,,,,,,,,,,,,,,,,-1.540000
188749,,,,,,,,,,,,,-0.384243,-0.844396,-0.097122,-0.083952,,,,,,,,,,,,
188753,,,,,,,,,,,,,,,,,,,,0.010566,0.940759,-0.011093,,,,,,
188759,,,,,,,,,,,,,-0.323302,-1.256437,-0.098356,-0.080270,,,,,,,,,,,,
188763,,,,,,,,,,,,,,,,,,,,0.010572,0.940737,-0.011117,,,,,,4.270000
188768,,,,,,,,,,,,,,,,,,,,,,,,,,,,4.620000
188769,,,,,,,,,,,,,-0.821626,-1.057166,-0.093898,-0.082740,,,,,,,,,,,,
188772,,,,,,,,,,,,,,,,,,,,0.010681,0.940731,-0.011117,,,,,,
188778,,,,,,,,,,,,,,,,,,,,,,,,,,,,10.290000
188780,,,,0.000000,1.000000,0.783802,0.000000,0.000000,,,-3.196131,-3.196131,,,,,-0.011364,0.059138,0.795047,,,,,,,,,
188781,,,,,,,,,,,,,-0.691316,-0.889500,-0.093195,-0.082372,,,,,,,,,,,,
188783,,,,,,,,,,,,,,,,,,,,0.010787,0.940730,-0.008361,,,,,,
188788,,,,,,,,,,,,,,,,,,,,,,,,,,,,12.880000
188789,,,,,,,,,,,,,-0.581673,-0.748425,-0.094814,-0.084272,,,,,,,,,,,,
188792,,,,,,,,,,,,,,,,,,,,0.010835,0.940732,-0.005582,,,,,,
188798,,,,,,,,,,,,,,,,,,,,,,,,,,,,15.050000
188799,,,,,,,,,,,,,-1.035930,-0.629725,-0.090704,-0.085972,,,,,,,,,,,,
188802,,,,,,,,,,,,,,,,,,,,0.010846,0.940723,-0.005589,,,,,,
188808,,,,,,,,,,,,,,,,,,,,,,,,,,,,20.440001
188809,,,,,,,,,,,,,-0.871632,-0.529850,-0.092812,-0.087504,,,,,,,,,,,,
188812,,,,,,,,,,,,,,,,,,,,0.010834,0.940714,-0.000061,,,,,,
188818,,,,,,,,,,,,,,,,,,,,,,,,,,,,19.809999
188819,,,,,,,,,,,,,-1.282768,-0.445816,-0.089083,-0.088895,,,,,,,,,,,,
188822,,,,,,,,,,,,,,,,,,,,0.010760,0.940711,0.002707,,,,,,
188828,,,,,,,,,,,,,,,,,,,,,,,,,,,,22.469999
188830,,,,0.000000,1.000000,0.783802,0.000000,0.000000,,,-2.971677,-2.971677,,,-0.084384,-0.087877,-0.010566,0.059309,0.781599,,,,,,,,,
188831,,,,,,,,,,,,,-1.556530,-0.375109,,,,,,,,,,,,,,
188832,,,,,,,,,,,,,,,,,,,,0.010589,0.940767,0.008243,,,,,,
188839,,,,,,,,,,,,,-1.309664,-0.315617,-0.087185,-0.089003,,,,,,,,,,,,
188843,,,,,,,,,,,,,,,,,,,,,,,,,,,,17.709999
188842,,,,,,,,,,,,,,,,,,,,0.010343,0.940717,0.011004,,,,,,
188848,,,,,,,,,,,,,,,,,,,,,,,,,,,,12.390000
188849,,,,,,,,,,,,,-1.650775,-0.265560,-0.084038,-0.090044,,,,,,,,,,,,
188852,,,,,,,,,,,,,,,,,,,,0.010112,0.940723,0.013727,,,,,,
188858,,,,,,,,,,,,,,,,,,,,,,,,,,,,6.510000
188859,,,,,,,,,,,,,-1.938229,-0.772709,-0.081370,-0.085413,,,,,,,,,,,,
188862,,,,,,,,,,,,,,,,,,,,0.009783,0.940710,0.013803,,,,,,
188868,,,,,,,,,,,,,,,,,,,,,,,,,,,,0.420000
188869,,,,,,,,,,,,,-1.630826,-1.197712,-0.084712,-0.081518,,,,,,,,,,,,
188872,,,,,,,,,,,,,,,,,,,,0.009465,0.940752,0.013842,,,,,,
188878,,,,,,,,,,,,,,,,,,,,,,,,,,,,-12.390000
188880,,,,0.000000,1.000000,0.783802,0.000000,0.000000,,,-2.444032,-2.444032,,,,,-0.008690,0.059371,0.770591,,,,,,,,,
188881,,,,,,,,,,,,,-1.848217,-1.483796,-0.077381,-0.073572,,,,,,,,,,,,
188883,,,,,,,,,,,,,,,,,,,,0.009140,0.940742,0.011029,,,,,,
188888,,,,,,,,,,,,,,,,,,,,,,,,,,,,-15.820000
188889,,,,,,,,,,,,,-1.555090,-1.894808,-0.080490,-0.069572,,,,,,,,,,,,
188893,,,,,,,,,,,,,,,,,,,,0.008769,0.940747,0.008263,,,,,,
188899,,,,,,,,,,,,,-1.855787,-1.594291,-0.077601,-0.072747,,,,,,,,,,,,
188903,,,,,,,,,,,,,,,,,,,,,,,,,,,,-14.980000
188902,,,,,,,,,,,,,,,,,,,,0.008274,0.940783,0.008274,,,,,,
188908,,,,,,,,,,,,,,,,,,,,,,,,,,,,-10.780000
188909,,,,,,,,,,,,,-1.561459,-1.890925,-0.080721,-0.069891,,,,,,,,,,,,
188912,,,,,,,,,,,,,,,,,,,,0.007683,0.940789,0.008250,,,,,,
188918,,,,,,,,,,,,,,,,,,,,,,,,,,,,-15.120000
188919,,,,,,,,,,,,,-1.313811,-2.139295,-0.083423,-0.067469,,,,,,,,,,,,
188922,,,,,,,,,,,,,,,,,,,,0.007035,0.940774,0.005444,,,,,,
188928,,,,,,,,,,,,,,,,,,,,,,,,,,,,-23.030001
188930,,,,0.000000,1.000000,0.783802,0.000000,0.000000,,,-1.912867,-1.912867,-1.585045,-2.279608,-0.075465,-0.060681,-0.006801,0.059267,0.778365,,,,,,,,,
188933,,,,,,,,,,,,,,,,,,,,0.006355,0.940794,-0.000057,,,,,,
188938,,,,,,,,,,,,,,,,,,,,,,,,,,,,-22.469999
188939,,,,,,,,,,,,,-1.333657,-1.918061,-0.078094,-0.064295,,,,,,,,,,,,
188944,,,,,,,,,,,,,,,,,,,,0.005937,0.940809,-0.005566,,,,,,
188948,,,,,,,,,,,,,,,,,,,,,,,,,,,,-5.250000
188949,,,,,,,,,,,,,-1.122139,-1.613857,-0.080368,-0.067397,,,,,,,,,,,,
188952,,,,,,,,,,,,,,,,,,,,0.005739,0.940812,-0.005593,,,,,,
188958,,,,,,,,,,,,,,,,,,,,,,,,,,,,1.680000
188959,,,,,,,,,,,,,-1.491337,-1.357899,-0.076760,-0.070067,,,,,,,,,,,,
188963,,,,,,,,,,,,,,,,,,,,0.005559,0.940829,-0.005593,,,,,,
188968,,,,,,,,,,,,,,,,,,,,,,,,,,,,14.350000
188969,,,,,,,,,,,,,-1.254811,-1.142536,-0.079257,-0.072375,,,,,,,,,,,,
188973,,,,,,,,,,,,,,,,,,,,0.005349,0.940837,-0.002806,,,,,,
188980,,,,0.000001,1.000001,0.783802,0.000000,0.000000,,,,,,,,,,,,,,,,,,,,
188981,,,,,,,,,,,-1.557029,-1.557029,-1.515522,-0.961329,-0.073100,-0.070748,-0.005536,0.059159,0.785827,,,,,,,,,
188982,,,,,,,,,,,,,,,,,,,,0.005168,0.940842,-0.000031,,,,,,
188985,,,,,,,,,,,,,,,,,,,,,,,,,,,,18.969999
188989,,,,,,,,,,,,,-1.953634,-0.808862,-0.068639,-0.072422,,,,,,,,,,,,
188990,,,,,,,,,,,,,,,,,,,,,,,,,,,,23.170000
188993,,,,,,,,,,,,,,,,,,,,0.005089,0.940815,0.005505,,,,,,
188998,,,,,,,,,,,,,,,,,,,,,,,,,,,,20.370001
188999,,,,,,,,,,,,,-1.643787,-0.680577,-0.071721,-0.073880,,,,,,,,,,,,
189003,,,,,,,,,,,,,,,,,,,,0.005003,0.940783,0.008265,,,,,,
189008,,,,,,,,,,,,,,,,,,,,,,,,,,,,18.200001
189009,,,,,,,,,,,,,-1.383082,-0.572637,-0.074362,-0.075157,,,,,,,,,,,,
189012,,,,,,,,,,,,,,,,,,,,0.004875,0.940747,0.011047,,,,,,
189018,,,,,,,,,,,,,,,,,,,,,,,,,,,,10.640000
189019,,,,,,,,,,,,,-1.711721,-0.481817,-0.071045,-0.076280,,,,,,,,,,,,
189022,,,,,,,,,,,,,,,,,,,,0.004742,0.940739,0.013804,,,,,,
189028,,,,,,,,,,,,,,,,,,,,,,,,,,,,11.340000
189030,,,,0.000007,1.000007,0.783802,0.000074,-0.000000,,,-1.100924,-1.097531,,,-0.069131,-0.072587,-0.003920,0.059319,0.770346,,,,,,,,,
189031,,,,,,,,,,,,,-1.440242,-0.405401,,,,,,,,,,,,,,
189033,,,,,,,,,,,,,,,,,,,,0.004684,0.940725,0.016560,,,,,,
189039,,,,,,,,,,,,,-1.211819,-0.341104,-0.071393,-0.073382,,,,,,,,,,,,
189043,,,,,,,,,,,,,,,,,,,,,,,,,,,,11.620000
189042,,,,,,,,,,,,,,,,,,,,0.004611,0.940707,0.019328,,,,,,
189048,,,,,,,,,,,,,,,,,,,,,,,,,,,,9.660000
189049,,,,,,,,,,,,,-1.566629,-0.287005,-0.067752,-0.074085,,,,,,,,,,,,
189053,,,,,,,,,,,,,,,,,,,,0.004533,0.940701,0.019328,,,,,,
189058,,,,,,,,,,,,,,,,,,,,,,,,,,,,10.640000
189059,,,,,,,,,,,,,-1.318162,-0.241486,-0.070193,-0.074711,,,,,,,,,,,,
189062,,,,,,,,,,,,,,,,,,,,0.004470,0.940682,0.022096,,,,,,
189068,,,,,,,,,,,,,,,,,,,,,,,,,,,,11.760000
189069,,,,,,,,,,,,,-1.109101,-0.203186,-0.072282,-0.075273,,,,,,,,,,,,
189072,,,,,,,,,,,,,,,,,,,,0.004428,0.940675,0.024864,,,,,,
189078,,,,,,,,,,,,,,,,,,,,,,,,,,,,8.190000
189080,,,,0.000023,1.000023,0.783802,0.000294,-0.000000,,,-0.815569,-0.802237,,,-0.071164,-0.072769,-0.002923,0.059433,0.759174,,,,,,,,,
189081,,,,,,,,,,,,,-0.933197,-0.170961,,,,,,,,,,,,,,
189084,,,,,,,,,,,,,,,,,,,,0.004322,0.940683,0.024864,,,,,,
189088,,,,,,,,,,,,,,,,,,,,,,,,,,,,5.390000
189089,,,,,,,,,,,,,-1.428632,-0.143846,-0.066087,-0.073171,,,,,,,,,,,,
189092,,,,,,,,,,,,,,,,,,,,0.004202,0.940678,0.027647,,,,,,
189099,,,,,,,,,,,,,-1.202051,-0.121032,-0.068275,-0.073536,,,,,,,,,,,,
189102,,,,,,,,,,,,,,,,,,,,,,,,,,,,3.780000
189103,,,,,,,,,,,,,,,,,,,,0.004145,0.940669,0.027647,,,,,,
189108,,,,,,,,,,,,,,,,,,,,,,,,,,,,4.480000
189109,,,,,,,,,,,,,-1.011405,-0.101837,-0.070143,-0.073868,,,,,,,,,,,,
189113,,,,,,,,,,,,,,,,,,,,0.004140,0.940664,0.027647,,,,,,
189118,,,,,,,,,,,,,,,,,,,,,,,,,,,,4.900000
189119,,,,,,,,,,,,,-0.850996,-0.085685,-0.071740,-0.074173,,,,,,,,,,,,
189122,,,,,,,,,,,,,,,,,,,,0.004129,0.940671,0.030415,,,,,,
189128,,,,,,,,,,,,,,,,,,,,,,,,,,,,2.660000
189130,,,,0.000055,1.000055,0.783802,0.000655,-0.000002,,,-0.618080,-0.588567,,,-0.071095,-0.072275,-0.002251,0.059480,0.753263,,,,,,,,,
189131,,,,,,,,,,,,,-0.716028,-0.072096,,,,,,,,,,,,,,
189133,,,,,,,,,,,,,,,,,,,,0.004121,0.940671,0.030415,,,,,,
189138,,,,,,,,,,,,,,,,,,,,,,,,,,,,0.420000
189139,,,,,,,,,,,,,-0.602466,-0.060661,-0.072234,-0.072495,,,,,,,,,,,,
189143,,,,,,,,,,,,,,,,,,,,0.004109,0.940672,0.030415,,,,,,
189148,,,,,,,,,,,,,,,,,,,,,,,,,,,,-0.420000
189149,,,,,,,,,,,,,-0.506915,-0.051040,-0.073211,-0.072699,,,,,,,,,,,,
189152,,,,,,,,,,,,,,,,,,,,0.004110,0.940672,0.030415,,,,,,
189158,,,,,,,,,,,,,,,,,,,,,,,,,,,,-0.070000
189159,,,,,,,,,,,,,-0.426518,-0.042945,-0.074054,-0.072889,,,,,,,,,,,,
189162,,,,,,,,,,,,,,,,,,,,0.004118,0.940668,0.030415,,,,,,
189168,,,,,,,,,,,,,,,,,,,,,,,,,,,,-0.280000
189169,,,,,,,,,,,,,-0.358872,-0.036134,-0.074782,-0.073068,,,,,,,,,,,,
189172,,,,,,,,,,,,,,,,,,,,0.004128,0.940666,0.030415,,,,,,
189180,,,,0.000107,1.000106,0.783801,0.001152,-0.000009,,,-0.586953,-0.535081,,,,,-0.002181,0.059535,0.753119,,,,,,,,,
189181,,,,,,,,,,,,,-0.301955,-0.030403,-0.075097,-0.072691,,,,,,,,,,,,
189184,,,,,,,,,,,,,,,,,,,,,,,,,,,,-0.350000
189183,,,,,,,,,,,,,,,,,,,,0.004131,0.940670,0.030415,,,,,,
189189,,,,,,,,,,,,,-0.254065,-0.025581,-0.075642,-0.072841,,,,,,,,,,,,
189190,,,,,,,,,,,,,,,,,,,,,,,,,,,,-0.280000
189193,,,,,,,,,,,,,,,,,,,,0.004122,0.940670,0.030415,,,,,,
189198,,,,,,,,,,,,,,,,,,,,,,,,,,,,-0.420000
189199,,,,,,,,,,,,,-0.213770,-0.021524,-0.076120,-0.072984,,,,,,,,,,,,
189202,,,,,,,,,,,,,,,,,,,,0.004125,0.940666,0.030415,,,,,,
189208,,,,,,,,,,,,,,,,,,,,,,,,,,,,-0.280000
189209,,,,,,,,,,,,,-0.179866,-0.018110,-0.076540,-0.073122,,,,,,,,,,,,
189213,,,,,,,,,,,,,,,,,,,,0.004128,0.940670,0.030415,,,,,,
189218,,,,,,,,,,,,,,,,,,,,,,,,,,,,-0.210000
189219,,,,,,,,,,,,,-0.151339,-0.015238,-0.076913,-0.073255,,,,,,,,,,,,
189223,,,,,,,,,,,,,,,,,,,,0.004135,0.940672,0.030415,,,,,,
189228,,,,,,,,,,,,,,,,,,,,,,,,,,,,-0.280000
189230,,,,0.000183,1.000182,0.783799,0.001782,-0.000027,,,-0.556490,-0.476304,-0.127337,-0.012821,-0.076934,-0.072784,-0.002125,0.059604,0.753253,,,,,,,,,
189232,,,,,,,,,,,,,,,,,,,,0.004133,0.940672,0.030415,,,,,,
189239,,,,,,,,,,,,,-0.107141,-0.010788,-0.077226,-0.072897,,,,,,,,,,,,
189242,,,,,,,,,,,,,,,,,,,,0.004130,0.940668,0.030415,,,,,,-0.280000
189248,,,,,,,,,,,,,,,,,,,,,,,,,,,,-0.280000
189249,,,,,,,,,,,,,-0.090149,-0.009077,-0.077489,-0.073008,,,,,,,,,,,,
189253,,,,,,,,,,,,,,,,,,,,0.004130,0.940672,0.030415,,,,,,
189258,,,,,,,,,,,,,,,,,,,,,,,,,,,,-0.280000
189259,,,,,,,,,,,,,-0.075851,-0.007637,-0.077728,-0.073116,,,,,,,,,,,,
189262,,,,,,,,,,,,,,,,,,,,0.004131,0.940670,0.030399,,,,,,
189268,,,,,,,,,,,,,,,,,,,,,,,,,,,,-0.210000
189269,,,,,,,,,,,,,-0.063821,-0.006426,-0.077947,-0.073222,,,,,,,,,,,,
189273,,,,,,,,,,,,,,,,,,,,0.004133,0.940668,0.030415,,,,,,
189278,,,,,,,,,,,,,,,,,,,,,,,,,,,,-0.070000
189280,,,,0.000288,1.000287,0.783794,0.002540,-0.000067,,,-0.510537,-0.396376,,,-0.077680,-0.072511,-0.002024,0.059708,0.753322,,,,,,,,,
189281,,,,,,,,,,,,,-0.053699,-0.005407,,,,,,,,,,,,,,
189283,,,,,,,,,,,,,,,,,,,,0.004132,0.940668,0.030415,,,,,,
189288,,,,,,,,,,,,,,,,,,,,,,,,,,,,0.070000
189289,,,,,,,,,,,,,-0.045182,-0.004549,-0.077858,-0.072598,,,,,,,,,,,,
189292,,,,,,,,,,,,,,,,,,,,0.004134,0.940669,0.030415,,,,,,
189298,,,,,,,,,,,,,,,,,,,,,,,,,,,,-0.070000
189299,,,,,,,,,,,,,-0.038016,-0.003828,-0.078024,-0.072684,,,,,,,,,,,,
189302,,,,,,,,,,,,,,,,,,,,0.004128,0.940671,0.030415,,,,,,
189308,,,,,,,,,,,,,,,,,,,,,,,,,,,,-0.280000
189309,,,,,,,,,,,,,-0.031987,-0.003221,-0.078180,-0.072768,,,,,,,,,,,,
189312,,,,,,,,,,,,,,,,,,,,0.004129,0.940668,0.030415,,,,,,
189319,,,,,,,,,,,,,-0.026914,-0.002710,-0.078328,-0.072852,,,,,,,,,,,,
189322,,,,,,,,,,,,,,,,,,,,,,,,,,,,-0.350000
189323,,,,,,,,,,,,,,,,,,,,0.004134,0.940669,0.030415,,,,,,
189328,,,,,,,,,,,,,,,,,,,,,,,,,,,,-0.350000
189330,,,,0.000427,1.000425,0.783784,0.003422,-0.000142,,,-0.450969,-0.297420,,,-0.077861,-0.071926,-0.001885,0.059841,0.753345,,,,,,,,,
189331,,,,,,,,,,,,,-0.022645,-0.002280,,,,,,,,,,,,,,
189332,,,,,,,,,,,,,,,,,,,,0.004139,0.940672,0.030415,,,,,,
189338,,,,,,,,,,,,,,,,,,,,,,,,,,,,-0.280000
189339,,,,,,,,,,,,,-0.019054,-0.001918,-0.077983,-0.071989,,,,,,,,,,,,
189343,,,,,,,,,,,,,,,,,,,,0.004138,0.940673,0.030415,,,,,,
189348,,,,,,,,,,,,,,,,,,,,,,,,,,,,-0.350000
189349,,,,,,,,,,,,,-0.016032,-0.001614,-0.078100,-0.072051,,,,,,,,,,,,
189353,,,,,,,,,,,,,,,,,,,,0.004133,0.940676,0.030415,,,,,,
189358,,,,,,,,,,,,,,,,,,,,,,,,,,,,-0.350000
189359,,,,,,,,,,,,,-0.013489,-0.001358,-0.078213,-0.072113,,,,,,,,,,,,
189362,,,,,,,,,,,,,,,,,,,,0.004137,0.940671,0.030415,,,,,,
189368,,,,,,,,,,,,,,,,,,,,,,,,,,,,-0.280000
189369,,,,,,,,,,,,,-0.011350,-0.001143,-0.078322,-0.072174,,,,,,,,,,,,
189373,,,,,,,,,,,,,,,,,,,,0.004136,0.940671,0.030415,,,,,,
189380,,,,0.000603,1.000601,0.783765,0.004424,-0.000271,,,-0.377630,-0.179559,,,-0.077681,-0.071033,-0.001708,0.060010,0.753340,,,,,,,,,
189381,,,,,,,,,,,,,-0.009550,-0.000962,,,,,,,,,,,,,,
189385,,,,,,,,,,,,,,,,,,,,0.004140,0.940671,0.030415,,,,,,-0.210000
189389,,,,,,,,,,,,,-0.008035,-0.000809,-0.077770,-0.071070,,,,,,,,,,,,
189390,,,,,,,,,,,,,,,,,,,,,,,,,,,,-0.280000
189393,,,,,,,,,,,,,,,,,,,,0.004141,0.940668,0.030415,,,,,,
189398,,,,,,,,,,,,,,,,,,,,,,,,,,,,-0.350000
189399,,,,,,,,,,,,,-0.006761,-0.000681,-0.077857,-0.071107,,,,,,,,,,,,
189403,,,,,,,,,,,,,,,,,,,,0.004139,0.940673,0.030415,,,,,,
189408,,,,,,,,,,,,,,,,,,,,,,,,,,,,-0.350000
189409,,,,,,,,,,,,,-0.005689,-0.000573,-0.077942,-0.071144,,,,,,,,,,,,
189412,,,,,,,,,,,,,,,,,,,,0.004142,0.940672,0.030399,,,,,,
189418,,,,,,,,,,,,,,,,,,,,,,,,,,,,-0.280000
189419,,,,,,,,,,,,,-0.004786,-0.000482,-0.078025,-0.071181,,,,,,,,,,,,
189422,,,,,,,,,,,,,,,,,,,,0.004142,0.940670,0.030415,,,,,,
189428,,,,,,,,,,,,,,,,,,,,,,,,,,,,-0.350000
189430,,,,0.000820,1.000818,0.783734,0.005540,-0.000480,,,-0.290217,-0.042889,-0.004027,-0.000405,-0.077216,-0.069823,-0.001490,0.060221,0.753315,,,,,,,,,
189433,,,,,,,,,,,,,,,,,,,,0.004144,0.940674,0.030415,,,,,,
189439,,,,,,,,,,,,,-0.003388,-0.000341,-0.077280,-0.069833,,,,,,,,,,,,
189443,,,,,,,,,,,,,,,,,,,,0.004141,0.940675,0.030415,,,,,,-0.350000
189448,,,,,,,,,,,,,,,,,,,,,,,,,,,,-0.280000
189449,,,,,,,,,,,,,-0.002851,-0.000287,-0.077342,-0.069842,,,,,,,,,,,,
189452,,,,,,,,,,,,,,,,,,,,0.004141,0.940672,0.030415,,,,,,
189458,,,,,,,,,,,,,,,,,,,,,,,,,,,,-0.280000
189459,,,,,,,,,,,,,-0.002399,-0.000242,-0.077405,-0.069851,,,,,,,,,,,,
189462,,,,,,,,,,,,,,,,,,,,0.004146,0.940671,0.030415,,,,,,
189468,,,,,,,,,,,,,,,,,,,,,,,,,,,,-0.350000
189469,,,,,,,,,,,,,-0.002018,-0.000203,-0.077466,-0.069860,,,,,,,,,,,,
189472,,,,,,,,,,,,,,,,,,,,0.004148,0.940670,0.030415,,,,,,
189478,,,,,,,,,,,,,,,,,,,,,,,,,,,,-0.350000
189480,,,,0.001083,1.001080,0.783683,0.006768,-0.000797,,,-0.186808,0.114273,,,,,-0.001226,0.060476,0.753267,,,,,,,,,
189481,,,,,,,,,,,,,-0.001698,-0.000171,-0.076472,-0.068265,,,,,,,,,,,,
189483,,,,,,,,,,,,,,,,,,,,0.004146,0.940672,0.030415,,,,,,
189488,,,,,,,,,,,,,,,,,,,,,,,,,,,,-0.350000
189489,,,,,,,,,,,,,-0.001429,-0.000144,-0.076512,-0.068243,,,,,,,,,,,,
189493,,,,,,,,,,,,,,,,,,,,0.004151,0.940668,0.030399,,,,,,
189498,,,,,,,,,,,,,,,,,,,,,,,,,,,,-0.280000
189499,,,,,,,,,,,,,-0.001202,-0.000121,-0.076551,-0.068220,,,,,,,,,,,,
189502,,,,,,,,,,,,,,,,,,,,0.004151,0.940670,0.030415,,,,,,
189508,,,,,,,,,,,,,,,,,,,,,,,,,,,,-0.350000
189509,,,,,,,,,,,,,-0.001012,-0.000102,-0.076590,-0.068197,,,,,,,,,,,,
189512,,,,,,,,,,,,,,,,,,,,0.004149,0.940675,0.030415,,,,,,
189519,,,,,,,,,,,,,-0.000851,-0.000086,-0.076629,-0.068175,,,,,,,,,,,,
189523,,,,,,,,,,,,,,,,,,,,,,,,,,,,-0.350000
189522,,,,,,,,,,,,,,,,,,,,0.004154,0.940672,0.030399,,,,,,
189528,,,,,,,,,,,,,,,,,,,,,,,,,,,,-0.350000
189530,,,,0.001395,1.001391,0.783605,0.008103,-0.001258,,,-0.066413,0.292511,,,,,-0.000912,0.060775,0.753203,,,,,,,,,
189531,,,,,,,,,,,,,-0.000716,-0.000072,-0.075440,-0.066334,,,,,,,,,,,,
189532,,,,,,,,,,,,,,,,,,,,0.004151,0.940672,0.030399,,,,,,
189538,,,,,,,,,,,,,,,,,,,,,,,,,,,,-0.280000
189539,,,,,,,,,,,,,-0.000603,-0.000061,-0.075454,-0.066276,,,,,,,,,,,,
189542,,,,,,,,,,,,,,,,,,,,0.004154,0.940672,0.030415,,,,,,
189548,,,,,,,,,,,,,,,,,,,,,,,,,,,,-0.350000
189549,,,,,,,,,,,,,-0.000507,-0.000051,-0.075468,-0.066217,,,,,,,,,,,,
189552,,,,,,,,,,,,,,,,,,,,0.004152,0.940673,0.030415,,,,,,
189558,,,,,,,,,,,,,,,,,,,,,,,,,,,,-0.280000
189559,,,,,,,,,,,,,-0.000427,-0.000043,-0.075482,-0.066159,,,,,,,,,,,,
189562,,,,,,,,,,,,,,,,,,,,0.004155,0.940669,0.030415,,,,,,
189568,,,,,,,,,,,,,,,,,,,,,,,,,,,,-0.350000
189569,,,,,,,,,,,,,-0.000359,-0.000036,-0.075496,-0.066100,,,,,,,,,,,,
189574,,,,,,,,,,,,,,,,,,,,0.004154,0.940674,0.030415,,,,,,
189578,,,,,,,,,,,,,,,,,,,,,,,,,,,,-0.280000
189579,,,,0.001760,1.001754,0.783489,0.009540,-0.001907,,,,,,,,,,,,,,,,,,,,
189580,,,,,,,,,,,0.074249,0.494633,-0.000302,-0.000030,-0.074075,-0.063980,-0.000535,0.061124,0.753075,,,,,,,,,
189582,,,,,,,,,,,,,,,,,,,,0.004158,0.940675,0.030415,,,,,,
189588,,,,,,,,,,,,,,,,,,,,,,,,,,,,-0.350000
189589,,,,,,,,,,,,,-0.000254,-0.000026,-0.074061,-0.063881,,,,,,,,,,,,
189592,,,,,,,,,,,,,,,,,,,,0.004160,0.940671,0.030415,,,,,,
189599,,,,,,,,,,,,,-0.000214,-0.000022,-0.074046,-0.063782,,,,,,,,,,,,
189602,,,,,,,,,,,,,,,,,,,,0.004158,0.940672,0.030415,,,,,,-0.280000
189608,,,,,,,,,,,,,,,,,,,,,,,,,,,,-0.280000
189609,,,,,,,,,,,,,-0.000180,-0.000018,-0.074032,-0.063684,,,,,,,,,,,,
189613,,,,,,,,,,,,,,,,,,,,0.004160,0.940677,0.030399,,,,,,
189618,,,,,,,,,,,,,,,,,,,,,,,,,,,,-0.280000
189619,,,,,,,,,,,,,-0.000151,-0.000015,-0.074017,-0.063585,,,,,,,,,,,,
189622,,,,,,,,,,,,,,,,,,,,0.004156,0.940674,0.030399,,,,,,
189628,,,,,,,,,,,,,,,,,,,,,,,,,,,,-0.350000
189630,,,,0.002181,1.002174,0.783321,0.011076,-0.002789,,,0.233118,0.718224,-0.000127,-0.000013,-0.072382,-0.061205,-0.000105,0.061532,0.752920,,,,,,,,,
189633,,,,,,,,,,,,,,,,,,,,0.004161,0.940672,0.030399,,,,,,
189638,,,,,,,,,,,,,,,,,,,,,,,,,,,,-0.350000
189639,,,,,,,,,,,,,-0.000107,-0.000011,-0.072335,-0.061061,,,,,,,,,,,,
189642,,,,,,,,,,,,,,,,,,,,0.004160,0.940673,0.030415,,,,,,
189648,,,,,,,,,,,,,,,,,,,,,,,,,,,,-0.350000
189649,,,,,,,,,,,,,-0.000090,-0.000009,-0.072289,-0.060918,,,,,,,,,,,,
189653,,,,,,,,,,,,,,,,,,,,0.004163,0.940669,0.030415,,,,,,
189659,,,,,,,,,,,,,-0.000076,-0.000008,-0.072243,-0.060774,,,,,,,,,,,,
189662,,,,,,,,,,,,,,,,,,,,,,,,,,,,-0.350000
189663,,,,,,,,,,,,,,,,,,,,0.004163,0.940673,0.030399,,,,,,
189668,,,,,,,,,,,,,,,,,,,,,,,,,,,,-0.350000
189669,,,,,,,,,,,,,-0.000064,-0.000006,-0.072196,-0.060631,,,,,,,,,,,,
189673,,,,,,,,,,,,,,,,,,,,0.004163,0.940670,0.030399,,,,,,
189678,,,,,,,,,,,,,,,,,,,,,,,,,,,,-0.350000
189680,,,,0.002662,1.002652,0.783087,0.012706,-0.003960,,,0.411308,0.963853,-0.000054,-0.000005,-0.070332,-0.057981,0.000384,0.061999,0.752687,,,,,,,,,
189683,,,,,,,,,,,,,,,,,,,,0.004163,0.940672,0.030399,,,,,,
189688,,,,,,,,,,,,,,,,,,,,,,,,,,,,-0.350000
189689,,,,,,,,,,,,,-0.000045,-0.000005,-0.070250,-0.057789,,,,,,,,,,,,
189692,,,,,,,,,,,,,,,,,,,,0.004166,0.940672,0.030415,,,,,,
189698,,,,,,,,,,,,,,,,,,,,,,,,,,,,-0.280000
189699,,,,,,,,,,,,,-0.000038,-0.000004,-0.070168,-0.057596,,,,,,,,,,,,
189702,,,,,,,,,,,,,,,,,,,,0.004170,0.940672,0.030415,,,,,,
189708,,,,,,,,,,,,,,,,,,,,,,,,,,,,-0.280000
189709,,,,,,,,,,,,,-0.000032,-0.000003,-0.070085,-0.057403,,,,,,,,,,,,
189712,,,,,,,,,,,,,,,,,,,,0.004171,0.940671,0.030415,,,,,,
189719,,,,,,,,,,,,,-0.000027,-0.000003,-0.070003,-0.057210,,,,,,,,,,,,
189722,,,,,,,,,,,,,,,,,,,,,,,,,,,,-0.280000
189723,,,,,,,,,,,,,,,,,,,,0.004166,0.940669,0.030415,,,,,,
189728,,,,,,,,,,,,,,,,,,,,,,,,,,,,-0.280000
189730,,,,0.003205,1.003192,0.782766,0.014425,-0.005480,,,0.611761,1.233897,-0.000023,-0.000002,-0.067876,-0.054263,0.000941,0.062523,0.752352,,,,,,,,,
189732,,,,,,,,,,,,,,,,,,,,0.004163,0.940676,0.030415,,,,,,
189738,,,,,,,,,,,,,,,,,,,,,,,,,,,,-0.350000
189739,,,,,,,,,,,,,-0.000019,-0.000002,-0.067754,-0.054016,,,,,,,,,,,,
189742,,,,,,,,,,,,,,,,,,,,0.004164,0.940673,0.030415,,,,,,
189748,,,,,,,,,,,,,,,,,,,,,,,,,,,,-0.280000
189749,,,,,,,,,,,,,-0.000016,-0.000002,-0.067632,-0.053770,,,,,,,,,,,,
189753,,,,,,,,,,,,,,,,,,,,0.004169,0.940673,0.030399,,,,,,
189758,,,,,,,,,,,,,,,,,,,,,,,,,,,,-0.350000
189759,,,,,,,,,,,,,-0.000013,-0.000001,-0.067509,-0.053523,,,,,,,,,,,,
189762,,,,,,,,,,,,,,,,,,,,0.004170,0.940670,0.030399,,,,,,
189768,,,,,,,,,,,,,,,,,,,,,,,,,,,,-0.280000
189769,,,,,,,,,,,,,-0.000011,-0.000001,-0.067387,-0.053276,,,,,,,,,,,,
189773,,,,,,,,,,,,,,,,,,,,0.004165,0.940673,0.030399,,,,,,
189778,,,,,,,,,,,,,,,,,,,,,,,,,,,,-0.350000
189779,,,,0.003813,1.003797,0.782337,0.016228,-0.007415,,,,,,,,,,,,,,,,,,,,
189780,,,,,,,,,,,0.834780,1.528087,-0.000010,-0.000001,-0.064990,-0.050029,0.001567,0.063106,0.751936,,,,,,,,,
189783,,,,,,,,,,,,,,,,,,,,0.004162,0.940673,0.030399,,,,,,
189788,,,,,,,,,,,,,,,,,,,,,,,,,,,,-0.280000
189789,,,,,,,,,,,,,-0.000008,-0.000001,-0.064823,-0.049723,,,,,,,,,,,,
189792,,,,,,,,,,,,,,,,,,,,0.004166,0.940674,0.030415,,,,,,
189799,,,,,,,,,,,,,-0.000007,-0.000001,-0.064656,-0.049417,,,,,,,,,,,,
189802,,,,,,,,,,,,,,,,,,,,0.004166,0.940673,0.030415,,,,,,-0.350000
189808,,,,,,,,,,,,,,,,,,,,,,,,,,,,-0.280000
189809,,,,,,,,,,,,,-0.000006,-0.000001,-0.064489,-0.049112,,,,,,,,,,,,
189812,,,,,,,,,,,,,,,,,,,,0.004169,0.940671,0.030399,,,,,,
189818,,,,,,,,,,,,,,,,,,,,,,,,,,,,-0.350000
189819,,,,,,,,,,,,,-0.000005,-0.000000,-0.064322,-0.048806,,,,,,,,,,,,
189822,,,,,,,,,,,,,,,,,,,,0.004169,0.940670,0.030415,,,,,,
189828,,,,,,,,,,,,,,,,,,,,,,,,,,,,-0.350000
189830,,,,0.004490,1.004470,0.781773,0.018111,-0.009839,,,1.080344,1.845762,-0.000004,-0.000000,-0.061650,-0.045260,0.002261,0.063760,0.751359,,,,,,,,,
189833,,,,,,,,,,,,,,,,,,,,0.004169,0.940673,0.030399,,,,,,
189838,,,,,,,,,,,,,,,,,,,,,,,,,,,,-0.280000
189839,,,,,,,,,,,,,-0.000003,-0.000000,-0.061434,-0.044891,,,,,,,,,,,,
189842,,,,,,,,,,,,,,,,,,,,0.004166,0.940672,0.030399,,,,,,
189848,,,,,,,,,,,,,,,,,,,,,,,,,,,,-0.350000
189849,,,,,,,,,,,,,-0.000003,-0.000000,-0.061218,-0.044522,,,,,,,,,,,,
189853,,,,,,,,,,,,,,,,,,,,0.004169,0.940672,0.030399,,,,,,
189859,,,,,,,,,,,,,-0.000002,-0.000000,-0.061002,-0.044153,,,,,,,,,,,,
189863,,,,,,,,,,,,,,,,,,,,,,,,,,,,-0.350000
189862,,,,,,,,,,,,,,,,,,,,0.004170,0.940671,0.030399,,,,,,
189868,,,,,,,,,,,,,,,,,,,,,,,,,,,,-0.350000
189869,,,,,,,,,,,,,-0.000002,-0.000000,-0.060786,-0.043784,,,,,,,,,,,,
189872,,,,,,,,,,,,,,,,,,,,0.004173,0.940670,0.030415,,,,,,
189878,,,,,,,,,,,,,,,,,,,,,,,,,,,,-0.350000
189880,,,,0.005238,1.005212,0.781043,0.020068,-0.012829,,,1.349823,2.187587,-0.000002,-0.000000,-0.057821,-0.039928,0.003028,0.064480,0.750628,,,,,,,,,
189882,,,,,,,,,,,,,,,,,,,,0.004174,0.940670,0.030415,,,,,,
189888,,,,,,,,,,,,,,,,,,,,,,,,,,,,-0.280000
189889,,,,,,,,,,,,,-0.000001,-0.000000,-0.057551,-0.039490,,,,,,,,,,,,
189893,,,,,,,,,,,,,,,,,,,,0.004171,0.940670,0.030399,,,,,,
189898,,,,,,,,,,,,,,,,,,,,,,,,,,,,-0.350000
189899,,,,,,,,,,,,,-0.000001,-0.000000,-0.057281,-0.039053,,,,,,,,,,,,
189903,,,,,,,,,,,,,,,,,,,,0.004173,0.940674,0.030399,,,,,,
189908,,,,,,,,,,,,,,,,,,,,,,,,,,,,-0.280000
189909,,,,,,,,,,,,,-0.000001,-0.000000,-0.057011,-0.038615,,,,,,,,,,,,
189912,,,,,,,,,,,,,,,,,,,,0.004170,0.940673,0.030399,,,,,,
189918,,,,,,,,,,,,,,,,,,,,,,,,,,,,-0.280000
189919,,,,,,,,,,,,,-0.000001,-0.000000,-0.056742,-0.038178,,,,,,,,,,,,
189922,,,,,,,,,,,,,,,,,,,,0.004170,0.940675,0.030415,,,,,,
189928,,,,,,,,,,,,,,,,,,,,,,,,,,,,-0.350000
189929,,,,0.006060,1.006026,0.780113,0.022093,-0.016472,,,,,,,,,,,,,,,,,,,,
189930,,,,,,,,,,,1.646157,2.555696,-0.000001,-0.000000,-0.053449,-0.033986,0.003877,0.065264,0.749698,,,,,,,,,
189933,,,,,,,,,,,,,,,,,,,,0.004172,0.940672,0.030415,,,,,,
189939,,,,,,,,,,,,,-0.000001,-0.000000,-0.053120,-0.033474,,,,,,,,,,,,
189943,,,,,,,,,,,,,,,,,,,,,,,,,,,,-0.350000
189942,,,,,,,,,,,,,,,,,,,,0.004176,0.940677,0.030415,,,,,,
189948,,,,,,,,,,,,,,,,,,,,,,,,,,,,-0.280000
189949,,,,,,,,,,,,,-0.000001,-0.000000,-0.052790,-0.032963,,,,,,,,,,,,
189953,,,,,,,,,,,,,,,,,,,,0.004174,0.940675,0.030399,,,,,,
189958,,,,,,,,,,,,,,,,,,,,,,,,,,,,-0.350000
189959,,,,,,,,,,,,,-0.000000,-0.000000,-0.052461,-0.032452,,,,,,,,,,,,
189963,,,,,,,,,,,,,,,,,,,,0.004171,0.940675,0.030399,,,,,,
189968,,,,,,,,,,,,,,,,,,,,,,,,,,,,-0.280000
189969,,,,,,,,,,,,,-0.000000,-0.000000,-0.052132,-0.031941,,,,,,,,,,,,
189972,,,,,,,,,,,,,,,,,,,,0.004169,0.940675,0.030399,,,,,,
189978,,,,,,,,,,,,,,,,,,,,,,,,,,,,-0.350000
189980,,,,0.006958,1.006913,0.778943,0.024180,-0.020861,,,1.967704,2.947617,,,,,0.004801,0.066122,0.748543,,,,,,,,,
189981,,,,,,,,,,,,,-0.000000,-0.000000,-0.048523,-0.027432,,,,,,,,,,,,
189983,,,,,,,,,,,,,,,,,,,,0.004171,0.940676,0.030399,,,,,,
189988,,,,,,,,,,,,,,,,,,,,,,,,,,,,-0.280000
189989,,,,,,,,,,,,,-0.000000,-0.000000,-0.048129,-0.026843,,,,,,,,,,,,
189992,,,,,,,,,,,,,,,,,,,,0.004173,0.940679,0.030399,,,,,,
189999,,,,,,,,,,,,,-0.000000,-0.000000,-0.047736,-0.026253,,,,,,,,,,,,
190002,,,,,,,,,,,,,,,,,,,,,,,,,,,,-0.280000
190003,,,,,,,,,,,,,,,,,,,,0.004176,0.940675,0.030399,,,,,,
190008,,,,,,,,,,,,,,,,,,,,,,,,,,,,-0.350000
190009,,,,,,,,,,,,,-0.000000,-0.000000,-0.047342,-0.025664,,,,,,,,,,,,
190013,,,,,,,,,,,,,,,,,,,,0.004177,0.940675,0.030415,,,,,,
190018,,,,,,,,,,,,,,,,,,,,,,,,,,,,-0.350000
190019,,,,,,,,,,,,,-0.000000,-0.000000,-0.046949,-0.025074,,,,,,,,,,,,
190023,,,,,,,,,,,,,,,,,,,,0.004177,0.940675,0.030415,,,,,,
190028,,,,,,,,,,,,,,,,,,,,,,,,,,,,-0.350000
190030,,,,0.007934,1.007875,0.777488,0.026321,-0.026095,,,2.314150,3.361990,-0.000000,-0.000000,-0.043022,-0.020258,0.005800,0.067055,0.747074,,,,,,,,,
190032,,,,,,,,,,,,,,,,,,,,0.004178,0.940674,0.030399,,,,,,
190038,,,,,,,,,,,,,,,,,,,,,,,,,,,,-0.350000
190039,,,,,,,,,,,,,-0.000000,-0.000000,-0.042559,-0.019586,,,,,,,,,,,,
190042,,,,,,,,,,,,,,,,,,,,0.004177,0.940674,0.030399,,,,,,
190048,,,,,,,,,,,,,,,,,,,,,,,,,,,,-0.350000
190049,,,,,,,,,,,,,-0.000000,-0.000000,-0.042096,-0.018913,,,,,,,,,,,,
190053,,,,,,,,,,,,,,,,,,,,0.004173,0.940679,0.030399,,,,,,
190059,,,,,,,,,,,,,-0.000000,-0.000000,-0.041633,-0.018241,,,,,,,,,,,,
190063,,,,,,,,,,,,,,,,,,,,,,,,,,,,-0.280000
190062,,,,,,,,,,,,,,,,,,,,0.004172,0.940676,0.030399,,,,,,
190068,,,,,,,,,,,,,,,,,,,,,,,,,,,,-0.350000
190069,,,,,,,,,,,,,-0.000000,-0.000000,-0.041170,-0.017568,,,,,,,,,,,,
190072,,,,,,,,,,,,,,,,,,,,0.004176,0.940676,0.030399,,,,,,
190078,,,,,,,,,,,,,,,,,,,,,,,,,,,,-0.350000
190080,,,,0.008990,1.008913,0.775697,0.028511,-0.032285,,,2.690000,3.802428,-0.000000,-0.000000,-0.036874,-0.012404,0.006886,0.068059,0.745296,,,,,,,,,
190083,,,,,,,,,,,,,,,,,,,,0.004175,0.940675,0.030399,,,,,,
190088,,,,,,,,,,,,,,,,,,,,,,,,,,,,-0.350000
190089,,,,,,,,,,,,,-0.000000,-0.000000,-0.036336,-0.011643,,,,,,,,,,,,
190093,,,,,,,,,,,,,,,,,,,,0.004176,0.940675,0.030399,,,,,,
190098,,,,,,,,,,,,,,,,,,,,,,,,,,,,-0.280000
190099,,,,,,,,,,,,,-0.000000,-0.000000,-0.035798,-0.010883,,,,,,,,,,,,
190103,,,,,,,,,,,,,,,,,,,,0.004183,0.940670,0.030399,,,,,,
190108,,,,,,,,,,,,,,,,,,,,,,,,,,,,-0.350000
190109,,,,,,,,,,,,,-0.000000,-0.000000,-0.035260,-0.010122,,,,,,,,,,,,
190112,,,,,,,,,,,,,,,,,,,,0.004185,0.940674,0.030399,,,,,,
190118,,,,,,,,,,,,,,,,,,,,,,,,,,,,-0.280000
190119,,,,,,,,,,,,,-0.000000,-0.000000,-0.034722,-0.009362,,,,,,,,,,,,
190122,,,,,,,,,,,,,,,,,,,,0.004182,0.940674,0.030389,,,,,,
190128,,,,,,,,,,,,,,,,,,,,,,,,,,,,-0.350000
190130,,,,0.010129,1.010028,0.773513,0.030739,-0.039548,,,3.093037,4.265400,-0.000000,-0.000000,-0.030073,-0.003879,0.008052,0.069141,0.743124,,,,,,,,,
190132,,,,,,,,,,,,,,,,,,,,0.004179,0.940675,0.030399,,,,,,
190139,,,,,,,,,,,,,-0.000000,-0.000000,-0.029454,-0.003026,,,,,,,,,,,,
190142,,,,,,,,,,,,,,,,,,,,,,,,,,,,-0.350000
190143,,,,,,,,,,,,,,,,,,,,0.004185,0.940672,0.030399,,,,,,
190148,,,,,,,,,,,,,,,,,,,,,,,,,,,,-0.350000
190149,,,,,,,,,,,,,-0.000000,-0.000000,-0.028836,-0.002173,,,,,,,,,,,,
190153,,,,,,,,,,,,,,,,,,,,0.004183,0.940676,0.030415,,,,,,
190158,,,,,,,,,,,,,,,,,,,,,,,,,,,,-0.210000
190159,,,,,,,,,,,,,-0.000000,-0.000000,-0.028217,-0.001320,,,,,,,,,,,,
190162,,,,,,,,,,,,,,,,,,,,0.004182,0.940681,0.030415,,,,,,
190168,,,,,,,,,,,,,,,,,,,,,,,,,,,,-0.350000
190169,,,,,,,,,,,,,-0.000000,-0.000000,-0.027598,-0.000467,,,,,,,,,,,,
190173,,,,,,,,,,,,,,,,,,,,0.004182,0.940679,0.030415,,,,,,
190178,,,,,,,,,,,,,,,,,,,,,,,,,,,,-0.350000
190180,,,,0.011352,1.011219,0.770873,0.032997,-0.048015,,,3.528040,4.754357,-0.000000,-0.000000,-0.022543,0.005374,0.009312,0.070289,0.740460,,,,,,,,,
190183,,,,,,,,,,,,,,,,,,,,0.004181,0.940675,0.030399,,,,,,
190188,,,,,,,,,,,,,,,,,,,,,,,,,,,,-0.280000
190189,,,,,,,,,,,,,-0.000000,-0.000000,-0.021837,0.006325,,,,,,,,,,,,
190192,,,,,,,,,,,,,,,,,,,,0.004183,0.940672,0.030399,,,,,,
190199,,,,,,,,,,,,,-0.000000,-0.000000,-0.021131,0.007276,,,,,,,,,,,,
190202,,,,,,,,,,,,,,,,,,,,,,,,,,,,-0.420000
190203,,,,,,,,,,,,,,,,,,,,0.004180,0.940678,0.030399,,,,,,
190208,,,,,,,,,,,,,,,,,,,,,,,,,,,,-0.350000
190209,,,,,,,,,,,,,-0.000000,-0.000000,-0.020426,0.008226,,,,,,,,,,,,
190212,,,,,,,,,,,,,,,,,,,,0.004185,0.940679,0.030399,,,,,,
190218,,,,,,,,,,,,,,,,,,,,,,,,,,,,-0.350000
190219,,,,,,,,,,,,,-0.000000,-0.000000,-0.019720,0.009177,,,,,,,,,,,,
190223,,,,,,,,,,,,,,,,,,,,0.004185,0.940677,0.030415,,,,,,
190228,,,,,,,,,,,,,,,,,,,,,,,,,,,,-0.280000
190230,,,,0.012660,1.012485,0.767705,0.035275,-0.057831,,,3.992253,5.265165,-0.000000,-0.000000,-0.014280,0.015338,0.010655,0.071517,0.737290,,,,,,,,,
190233,,,,,,,,,,,,,,,,,,,,0.004186,0.940673,0.030399,,,,,,
190238,,,,,,,,,,,,,,,,,,,,,,,,,,,,-0.350000
190239,,,,,,,,,,,,,-0.000000,-0.000000,-0.013481,0.016392,,,,,,,,,,,,
190242,,,,,,,,,,,,,,,,,,,,0.004200,0.940692,0.030389,,,,,,
190248,,,,,,,,,,,,,,,,,,,,,,,,,,,,-0.350000
190249,,,,,,,,,,,,,-0.000000,-0.000000,-0.012683,0.017445,,,,,,,,,,,,
190253,,,,,,,,,,,,,,,,,,,,0.004191,0.940681,0.030399,,,,,,
190258,,,,,,,,,,,,,,,,,,,,,,,,,,,,-0.280000
190259,,,,,,,,,,,,,-0.000000,-0.000000,-0.011884,0.018498,,,,,,,,,,,,
190263,,,,,,,,,,,,,,,,,,,,0.004182,0.940677,0.030399,,,,,,
190268,,,,,,,,,,,,,,,,,,,,,,,,,,,,-0.350000
190269,,,,,,,,,,,,,-0.000000,-0.000000,-0.011086,0.019551,,,,,,,,,,,,
190272,,,,,,,,,,,,,,,,,,,,0.004182,0.940670,0.030399,,,,,,
190280,,,,0.014055,1.013827,0.763929,0.037562,-0.069155,,,4.489369,5.799879,,,-0.005217,0.026058,0.012092,0.072822,0.733529,,,,,,,,,
190281,,,,,,,,,,,,,-0.000000,-0.000000,,,,,,,,,,,,,,
190284,,,,,,,,,,,,,,,,,,,,,,,,,,,,-0.280000
190283,,,,,,,,,,,,,,,,,,,,0.004184,0.940675,0.030399,,,,,,
190289,,,,,,,,,,,,,,,,,,,,,,,,,,,,-0.350000
190290,,,,,,,,,,,,,-0.000000,-0.000000,-0.004319,0.027218,,,,,,,,,,,,
190292,,,,,,,,,,,,,,,,,,,,0.004184,0.940676,0.030399,,,,,,
190298,,,,,,,,,,,,,,,,,,,,,,,,,,,,-0.420000
190299,,,,,,,,,,,,,-0.000000,-0.000000,-0.003421,0.028378,,,,,,,,,,,,
190303,,,,,,,,,,,,,,,,,,,,0.004200,0.940688,0.030408,,,,,,
190308,,,,,,,,,,,,,,,,,,,,,,,,,,,,-0.350000
190309,,,,,,,,,,,,,-0.000000,-0.000000,-0.002523,0.029538,,,,,,,,,,,,
190312,,,,,,,,,,,,,,,,,,,,0.004192,0.940676,0.030399,,,,,,
190318,,,,,,,,,,,,,,,,,,,,,,,,,,,,-0.420000
190319,,,,,,,,,,,,,-0.000000,-0.000000,-0.001625,0.030698,,,,,,,,,,,,
190322,,,,,,,,,,,,,,,,,,,,0.004184,0.940682,0.030399,,,,,,
190328,,,,,,,,,,,,,,,,,,,,,,,,,,,,-0.350000
190330,,,,0.015537,1.015241,0.759456,0.039846,-0.082171,,,5.017674,6.354836,-0.000000,-0.000000,0.004661,0.037518,0.013614,0.074181,0.729057,,,,,,,,,
190333,,,,,,,,,,,,,,,,,,,,0.004189,0.940677,0.030399,,,,,,
190339,,,,,,,,,,,,,-0.000000,-0.000000,0.005665,0.038789,,,,,,,,,,,,
190343,,,,,,,,,,,,,,,,,,,,0.004185,0.940675,0.030389,,,,,,-0.420000
190348,,,,,,,,,,,,,,,,,,,,,,,,,,,,-0.420000
190349,,,,,,,,,,,,,-0.000000,-0.000000,0.006668,0.040060,,,,,,,,,,,,
190353,,,,,,,,,,,,,,,,,,,,0.004189,0.940678,0.030399,,,,,,
190358,,,,,,,,,,,,,,,,,,,,,,,,,,,,-0.280000
190359,,,,,,,,,,,,,-0.000000,-0.000000,0.007672,0.041331,,,,,,,,,,,,
190363,,,,,,,,,,,,,,,,,,,,0.004190,0.940677,0.030389,,,,,,
190368,,,,,,,,,,,,,,,,,,,,,,,,,,,,-0.420000
190369,,,,,,,,,,,,,-0.000000,-0.000000,0.008675,0.042602,,,,,,,,,,,,
190372,,,,,,,,,,,,,,,,,,,,0.004192,0.940677,0.030399,,,,,,
190378,,,,,,,,,,,,,,,,,,,,,,,,,,,,-0.350000
190380,,,,0.017109,1.016725,0.754185,0.042115,-0.097083,,,5.578256,6.929145,-0.000000,-0.000000,0.015397,0.049731,0.015223,0.075620,0.723786,,,,,,,,,
190382,,,,,,,,,,,,,,,,,,,,0.004188,0.940676,0.030399,,,,,,
190388,,,,,,,,,,,,,,,,,,,,,,,,,,,,-0.350000
190389,,,,,,,,,,,,,-0.000000,-0.000000,0.016512,0.051117,,,,,,,,,,,,
190392,,,,,,,,,,,,,,,,,,,,0.004192,0.940678,0.030399,,,,,,
190399,,,,,,,,,,,,,-0.000000,-0.000000,0.017628,0.052503,,,,,,,,,,,,
190402,,,,,,,,,,,,,,,,,,,,,,,,,,,,1.050000
190403,,,,,,,,,,,,,,,,,,,,0.004192,0.940679,0.030399,,,,,,
190408,,,,,,,,,,,,,,,,,,,,,,,,,,,,2.240000
190409,,,,,,,,,,,,,-0.000000,-0.000000,0.018744,0.053888,,,,,,,,,,,,
190412,,,,,,,,,,,,,,,,,,,,0.004196,0.940678,0.030415,,,,,,
190418,,,,,,,,,,,,,,,,,,,,,,,,,,,,2.590000
190419,,,,,,,,,,,,,-0.000000,-0.000000,0.019859,0.055274,,,,,,,,,,,,
190423,,,,,,,,,,,,,,,,,,,,0.004225,0.940677,0.030389,,,,,,
190428,,,,,,,,,,,,,,,,,,,,,,,,,,,,2.310000
190430,,,,0.018770,1.018276,0.748003,0.044352,-0.114131,,,6.166635,7.515815,-0.000000,-0.000000,0.026977,0.062644,0.016899,0.077121,0.717613,,,,,,,,,
190433,,,,,,,,,,,,,,,,,,,,0.004266,0.940676,0.030399,,,,,,
190438,,,,,,,,,,,,,,,,,,,,,,,,,,,,4.270000
190439,,,,,,,,,,,,,-0.000000,-0.000000,0.028210,0.064147,,,,,,,,,,,,
190442,,,,,,,,,,,,,,,,,,,,0.004304,0.940673,0.033167,,,,,,
190448,,,,,,,,,,,,,,,,,,,,,,,,,,,,5.320000
190449,,,,,,,,,,,,,-0.000000,-0.000000,0.029443,0.065650,,,,,,,,,,,,
190453,,,,,,,,,,,,,,,,,,,,0.004343,0.940655,0.033157,,,,,,
190458,,,,,,,,,,,,,,,,,,,,,,,,,,,,3.990000
190459,,,,,,,,,,,,,-0.000000,0.545963,0.030677,0.061585,,,,,,,,,,,,
190462,,,,,,,,,,,,,,,,,,,,0.004451,0.940653,0.033157,,,,,,
190468,,,,,,,,,,,,,,,,,,,,,,,,,,,,3.780000
190469,,,,,,,,,,,,,-0.000000,0.459373,0.031910,0.063862,,,,,,,,,,,,
190472,,,,,,,,,,,,,,,,,,,,0.004542,0.940637,0.033146,,,,,,
190480,,,,0.020521,1.019890,0.740781,0.046545,-0.133590,,,,,,,,,,,,,,,,,,,,
190481,,,,,,,,,,,6.785839,8.108812,-0.000000,0.386516,0.039459,0.072065,0.018619,0.078674,0.707500,,,,,,,,,
190485,,,,,,,,,,,,,,,,,,,,,,,,,,,,1.610000
190482,,,,,,,,,,,,,,,,,,,,0.004580,0.940635,0.033169,,,,,,
190489,,,,,,,,,,,,,-0.000000,0.325215,0.040816,0.074235,,,,,,,,,,,,
190490,,,,,,,,,,,,,,,,,,,,,,,,,,,,1.050000
190492,,,,,,,,,,,,,,,,,,,,0.004585,0.940632,0.033169,,,,,,
190498,,,,,,,,,,,,,,,,,,,,,,,,,,,,0.630000
190499,,,,,,,,,,,,,-0.000000,0.273636,0.042173,0.076318,,,,,,,,,,,,
190503,,,,,,,,,,,,,,,,,,,,0.004567,0.940630,0.033169,,,,,,
190508,,,,,,,,,,,,,,,,,,,,,,,,,,,,-0.140000
190509,,,,,,,,,,,,,0.549489,0.230237,0.037926,0.078327,,,,,,,,,,,,
190512,,,,,,,,,,,,,,,,,,,,0.004551,0.940623,0.033169,,,,,,
190518,,,,,,,,,,,,,,,,,,,,,,,,,,,,-0.420000
190519,,,,,,,,,,,,,0.462340,0.193721,0.040062,0.080275,,,,,,,,,,,,
190522,,,,,,,,,,,,,,,,,,,,0.004559,0.940623,0.033169,,,,,,
190528,,,,,,,,,,,,,,,,,,,,,,,,,,,,0.070000
190530,,,,0.022362,1.021559,0.732373,0.048676,-0.155784,,,7.435713,8.718184,,,,,0.020441,0.080303,0.699409,,,,,,,,,
190531,,,,,,,,,,,,,0.389013,0.162997,0.048703,0.088387,,,,,,,,,,,,
190533,,,,,,,,,,,,,,,,,,,,0.004569,0.940626,0.033169,,,,,,
190539,,,,,,,,,,,,,0.327315,0.137146,0.050742,0.090362,,,,,,,,,,,,
190543,,,,,,,,,,,,,,,,,,,,0.004573,0.940625,0.033169,,,,,,0.910000
190548,,,,,,,,,,,,,,,,,,,,,,,,,,,,3.080000
190549,,,,,,,,,,,,,0.275403,0.115394,0.052693,0.092300,,,,,,,,,,,,
190553,,,,,,,,,,,,,,,,,,,,0.004575,0.940624,0.033169,,,,,,
190558,,,,,,,,,,,,,,,,,,,,,,,,,,,,4.830000
190559,,,,,,,,,,,,,0.231724,0.097093,0.054571,0.094207,,,,,,,,,,,,
190563,,,,,,,,,,,,,,,,,,,,0.004590,0.940599,0.033176,,,,,,
190568,,,,,,,,,,,,,,,,,,,,,,,,,,,,6.720000
190569,,,,,,,,,,,,,0.194972,0.081694,0.056386,0.096089,,,,,,,,,,,,
190573,,,,,,,,,,,,,,,,,,,,0.004651,0.940588,0.035938,,,,,,
190578,,,,,,,,,,,,,,,,,,,,,,,,,,,,8.050000
190580,,,,0.024293,1.023279,0.722612,0.050728,-0.181093,,,8.193932,9.403914,,,,,0.022570,0.081936,0.687014,,,,,,,,,
190581,,,,,,,,,,,,,0.639550,0.544238,0.061034,0.100093,,,,,,,,,,,,
190582,,,,,,,,,,,,,,,,,,,,0.004724,0.940575,0.035938,,,,,,
190588,,,,,,,,,,,,,,,,,,,,,,,,,,,,8.120000
190589,,,,,,,,,,,,,0.538118,0.457922,0.063579,0.102745,,,,,,,,,,,,
190593,,,,,,,,,,,,,,,,,,,,0.004798,0.940572,0.038706,,,,,,
190598,,,,,,,,,,,,,,,,,,,,,,,,,,,,-6.370000
190599,,,,,,,,,,,,,0.452772,0.385295,0.065981,0.105275,,,,,,,,,,,,
190603,,,,,,,,,,,,,,,,,,,,0.004872,0.940566,0.038706,,,,,,
190608,,,,,,,,,,,,,,,,,,,,,,,,,,,,-4.130000
190609,,,,,,,,,,,,,0.929179,0.324187,0.062670,0.107702,,,,,,,,,,,,
190612,,,,,,,,,,,,,,,,,,,,0.004948,0.940566,0.035944,,,,,,
190619,,,,,,,,,,,,,0.781811,0.819611,0.065626,0.104465,,,,,,,,,,,,
190622,,,,,,,,,,,,,,,,,,,,0.005053,0.940578,0.041487,,,,,,20.580000
190628,,,,,,,,,,,,,,,,,,,,,,,,,,,,25.549999
190630,,,,0.026314,1.025041,0.711307,0.052683,-0.209971,,,8.973028,10.073702,,,0.076320,0.109460,0.024686,0.083517,0.670284,,,,,,,,,
190631,,,,,,,,,,,,,0.657815,1.167961,,,,,,,,,,,,,,
190633,,,,,,,,,,,,,,,,,,,,0.005348,0.940558,0.047017,,,,,,
190638,,,,,,,,,,,,,,,,,,,,,,,,,,,,35.910000
190639,,,,,,,,,,,,,0.553486,1.625252,0.079047,0.106577,,,,,,,,,,,,
190642,,,,,,,,,,,,,,,,,,,,0.005722,0.940547,0.055304,,,,,,
190648,,,,,,,,,,,,,,,,,,,,,,,,,,,,33.880001
190649,,,,,,,,,,,,,0.465703,1.915758,0.081626,0.105303,,,,,,,,,,,,
190653,,,,,,,,,,,,,,,,,,,,0.006135,0.940531,0.060842,,,,,,
190658,,,,,,,,,,,,,,,,,,,,,,,,,,,,32.130001
190659,,,,,,,,,,,,,0.391842,2.705488,0.084081,0.098880,,,,,,,,,,,,
190662,,,,,,,,,,,,,,,,,,,,0.006587,0.940546,0.066405,,,,,,
190668,,,,,,,,,,,,,,,,,,,,,,,,,,,,49.419998
190669,,,,,,,,,,,,,0.329696,2.824173,0.086431,0.099143,,,,,,,,,,,,
190673,,,,,,,,,,,,,,,,,,,,0.006977,0.940515,0.074720,,,,,,
190680,,,,0.028423,1.026835,0.698237,0.054524,-0.242959,,,10.147055,11.026737,,,,,0.027812,0.084486,0.624356,,,,,,,,,
190681,,,,,,,,,,,,,0.277406,3.323043,0.100668,0.105225,,,,,,,,,,,,
190685,,,,,,,,,,,,,,,,,,,,,,,,,,,,48.720001
190683,,,,,,,,,,,,,,,,,,,,0.007421,0.940513,0.083023,,,,,,
190689,,,,,,,,,,,,,0.883766,3.446364,0.096457,0.105508,,,,,,,,,,,,
190690,,,,,,,,,,,,,,,,,,,,,,,,,,,,43.189999
190693,,,,,,,,,,,,,,,,,,,,0.007880,0.940509,0.091334,,,,,,
190698,,,,,,,,,,,,,,,,,,,,,,,,,,,,45.290001
190699,,,,,,,,,,,,,0.743600,3.993560,0.099740,0.101443,,,,,,,,,,,,
190702,,,,,,,,,,,,,,,,,,,,0.008506,0.940497,0.099631,,,,,,
190708,,,,,,,,,,,,,,,,,,,,,,,,,,,,40.040001
190709,,,,,,,,,,,,,1.173661,4.456172,0.097234,0.098131,,,,,,,,,,,,
190713,,,,,,,,,,,,,,,,,,,,0.009030,0.940541,0.105193,,,,,,
190718,,,,,,,,,,,,,,,,,,,,,,,,,,,,39.689999
190719,,,,,,,,,,,,,0.987518,4.298246,0.100927,0.101056,,,,,,,,,,,,
190723,,,,,,,,,,,,,,,,,,,,0.009736,0.940540,0.113498,,,,,,
190728,,,,,,,,,,,,,,,,,,,,,,,,,,,,42.070000
190730,,,,0.030620,1.028652,0.683144,0.056230,-0.280706,,,11.304669,11.895867,,,0.111291,0.103599,0.030728,0.085179,0.570331,,,,,,,,,
190731,,,,,,,,,,,,,1.308693,5.049930,,,,,,,,,,,,,,
190748,,,,,,,,,,,,,1.735615,5.200731,0.108935,0.103430,,,,,,,,,,,,
190743,,,,,,,,,,,,,,,,,,,,0.011306,0.940625,0.124571,,,,,,
190753,,,,,,,,,,,,,,,,,,,,0.012093,0.940680,0.130152,,,,,,24.219999
190759,,,,,,,,,,,,,2.406308,5.321857,0.104008,0.103534,,,,,,,,,,,,19.950001
190764,,,,,,,,,,,,,,,,,,,,,,,,,,,,25.969999
190762,,,,,,,,,,,,,,,,,,,,0.013013,0.940699,0.135694,,,,,,
190769,,,,,,,,,,,,,,,,,,,,,,,,,,,,24.920000
190770,,,,,,,,,,,,,2.556968,6.074711,0.104251,0.097170,,,,,,,,,,,,
190773,,,,,,,,,,,,,,,,,,,,0.014009,0.940840,0.138447,,,,,,
190778,,,,,,,,,,,,,,,,,,,,,,,,,,,,26.040001
190780,,,,0.032904,1.030478,0.665730,0.057784,-0.323990,,,11.758072,12.044315,,,,,0.031214,0.086128,0.526629,,,,,,,,,
190781,,,,,,,,,,,,,3.151879,6.111708,0.104557,0.099471,,,,,,,,,,,,
190783,,,,,,,,,,,,,,,,,,,,0.015159,0.940936,0.144005,,,,,,
190788,,,,,,,,,,,,,,,,,,,,,,,,,,,,22.190001
190789,,,,,,,,,,,,,3.297643,6.433695,0.104792,0.097373,,,,,,,,,,,,
190792,,,,,,,,,,,,,,,,,,,,0.016167,0.941002,0.146787,,,,,,
190798,,,,,,,,,,,,,,,,,,,,,,,,,,,,19.600000
190799,,,,,,,,,,,,,3.870738,6.509411,0.100638,0.097723,,,,,,,,,,,,
190804,,,,,,,,,,,,,,,,,,,,0.017333,0.941056,0.152285,,,,,,
190808,,,,,,,,,,,,,,,,,,,,,,,,,,,,19.670000
190809,,,,,,,,,,,,,4.350518,7.117537,0.097322,0.092627,,,,,,,,,,,,
190812,,,,,,,,,,,,,,,,,,,,0.018412,0.941237,0.155061,,,,,,
190819,,,,,,,,,,,,,4.202953,7.073551,0.100309,0.094061,,,,,,,,,,,,
190822,,,,,,,,,,,,,,,,,,,,,,,,,,,,17.709999
190823,,,,,,,,,,,,,,,,,,,,0.019720,0.941422,0.155106,,,,,,
190828,,,,,,,,,,,,,,,,,,,,,,,,,,,,9.590000
190830,,,,0.035273,1.032301,0.645642,0.059167,-0.373751,,,11.610980,11.564360,,,,,0.029597,0.087330,0.489590,,,,,,,,,
190831,,,,,,,,,,,,,4.976193,7.391513,0.092432,0.086916,,,,,,,,,,,,
190834,,,,,,,,,,,,,,,,,,,,0.020959,0.941618,0.157828,,,,,,
190838,,,,,,,,,,,,,,,,,,,,,,,,,,,,9.590000
190839,,,,,,,,,,,,,5.474152,7.506402,0.088680,0.086579,,,,,,,,,,,,
190842,,,,,,,,,,,,,,,,,,,,0.022302,0.941784,0.160661,,,,,,
190848,,,,,,,,,,,,,,,,,,,,,,,,,,,,5.740000
190849,,,,,,,,,,,,,5.705261,7.415195,0.087550,0.088321,,,,,,,,,,,,
190853,,,,,,,,,,,,,,,,,,,,0.023593,0.941935,0.160659,,,,,,
190858,,,,,,,,,,,,,,,,,,,,,,,,,,,,11.410000
190859,,,,,,,,,,,,,5.896176,7.882801,0.086784,0.084381,,,,,,,,,,,,
190863,,,,,,,,,,,,,,,,,,,,0.024760,0.942102,0.160659,,,,,,
190868,,,,,,,,,,,,,,,,,,,,,,,,,,,,14.280000
190869,,,,,,,,,,,,,6.056482,7.728027,0.086292,0.086696,,,,,,,,,,,,
190872,,,,,,,,,,,,,,,,,,,,0.025968,0.942254,0.166214,,,,,,
190878,,,,,,,,,,,,,,,,,,,,,,,,,,,,5.670000
190880,,,,0.037725,1.034105,0.622469,0.060363,-0.431116,,,11.166920,10.744905,,,0.078067,0.077003,0.026910,0.088608,0.455775,,,,,,,,,
190881,,,,,,,,,,,,,6.527676,7.934114,,,,,,,,,,,,,,
190882,,,,,,,,,,,,,,,,,,,,0.027276,0.942476,0.166214,,,,,,
190888,,,,,,,,,,,,,,,,,,,,,,,,,,,,8.120000
190889,,,,,,,,,,,,,6.134459,7.959910,0.083006,0.077302,,,,,,,,,,,,
190893,,,,,,,,,,,,,,,,,,,,0.028624,0.942808,0.166214,,,,,,
190899,,,,,,,,,,,,,6.803867,8.339802,0.077184,0.073984,,,,,,,,,,,,
190903,,,,,,,,,,,,,,,,,,,,0.029983,0.943062,0.169022,,,,,,3.360000
190908,,,,,,,,,,,,,,,,,,,,,,,,,,,,-1.470000
190909,,,,,,,,,,,,,6.821758,8.114093,0.077874,0.076767,,,,,,,,,,,,
190913,,,,,,,,,,,,,,,,,,,,0.031266,0.943321,0.166214,,,,,,
190918,,,,,,,,,,,,,,,,,,,,,,,,,,,,-0.210000
190919,,,,,,,,,,,,,6.835156,7.922526,0.078607,0.079247,,,,,,,,,,,,
190922,,,,,,,,,,,,,,,,,,,,0.032445,0.943509,0.166214,,,,,,
190928,,,,,,,,,,,,,,,,,,,,,,,,,,,,-7.980000
190930,,,,0.040257,1.035873,0.595723,0.061357,-0.497436,,,10.410558,9.577071,,,0.068213,0.070981,0.023132,0.089787,0.428602,,,,,,,,,
190931,,,,,,,,,,,,,7.182726,7.620430,,,,,,,,,,,,,,
190933,,,,,,,,,,,,,,,,,,,,0.033626,0.943776,0.166213,,,,,,
190938,,,,,,,,,,,,,,,,,,,,,,,,,,,,-7.770000
190939,,,,,,,,,,,,,7.330121,7.698405,0.067355,0.070577,,,,,,,,,,,,
190944,,,,,,,,,,,,,,,,,,,,0.034885,0.943891,0.166214,,,,,,
190948,,,,,,,,,,,,,,,,,,,,,,,,,,,,-5.390000
190949,,,,,,,,,,,,,7.264326,7.574201,0.068642,0.072220,,,,,,,,,,,,
190953,,,,,,,,,,,,,,,,,,,,0.036004,0.944090,0.163405,,,,,,
190959,,,,,,,,,,,,,7.207313,7.468041,0.069853,0.073703,,,,,,,,,,,,
190963,,,,,,,,,,,,,,,,,,,,,,,,,,,,-6.650000
190962,,,,,,,,,,,,,,,,,,,,0.037277,0.944313,0.163401,,,,,,
190968,,,,,,,,,,,,,,,,,,,,,,,,,,,,-5.110000
190969,,,,,,,,,,,,,7.161217,7.380593,0.070964,0.075017,,,,,,,,,,,,
190973,,,,,,,,,,,,,,,,,,,,0.038393,0.944622,0.160704,,,,,,
190978,,,,,,,,,,,,,,,,,,,,,,,,,,,,1.960000
190980,,,,0.042867,1.037585,0.564831,0.062139,-0.574311,,,9.674565,8.371325,,,,,,,,,,,,,,,,
190981,,,,,,,,,,,,,6.953593,7.138176,0.066224,0.065630,0.019381,0.091045,0.403413,,,,,,,,,
190982,,,,,,,,,,,,,,,,,,,,0.039529,0.944702,0.163399,,,,,,
190988,,,,,,,,,,,,,,,,,,,,,,,,,,,,-4.690000
190989,,,,,,,,,,,,,7.189518,7.344827,0.064362,0.063769,,,,,,,,,,,,
190993,,,,,,,,,,,,,,,,,,,,0.040623,0.944845,0.160659,,,,,,
190998,,,,,,,,,,,,,,,,,,,,,,,,,,,,0.980000
190999,,,,,,,,,,,,,7.143050,6.726831,0.065333,0.070278,,,,,,,,,,,,
191003,,,,,,,,,,,,,,,,,,,,0.041605,0.945084,0.160660,,,,,,
191008,,,,,,,,,,,,,,,,,,,,,,,,,,,,0.280000
191009,,,,,,,,,,,,,7.106925,6.756719,0.066208,0.070302,,,,,,,,,,,,
191012,,,,,,,,,,,,,,,,,,,,0.042737,0.945157,0.163401,,,,,,
191018,,,,,,,,,,,,,,,,,,,,,,,,,,,,-10.080000
191019,,,,,,,,,,,,,7.073446,6.778782,0.067063,0.070400,,,,,,,,,,,,
191022,,,,,,,,,,,,,,,,,,,,0.043736,0.945325,0.160621,,,,,,
191028,,,,,,,,,,,,,,,,,,,,,,,,,,,,-8.260000
191030,,,,0.045552,1.039222,0.529120,0.062701,-0.663608,,,9.317125,7.434714,6.909793,6.661863,0.065607,0.062358,0.016784,0.092388,0.368667,,,,,,,,,
191033,,,,,,,,,,,,,,,,,,,,0.044713,0.945510,0.157844,,,,,,
191039,,,,,,,,,,,,,6.454990,6.246382,0.070727,0.066750,,,,,,,,,,,,
191043,,,,,,,,,,,,,,,,,,,,,,,,,,,,-4.830000
191042,,,,,,,,,,,,,,,,,,,,0.045812,0.945694,0.157777,,,,,,
191048,,,,,,,,,,,,,,,,,,,,,,,,,,,,-6.650000
191049,,,,,,,,,,,,,6.528544,5.804363,0.070549,0.071496,,,,,,,,,,,,
191054,,,,,,,,,,,,,,,,,,,,0.046780,0.945968,0.160621,,,,,,
191058,,,,,,,,,,,,,,,,,,,,,,,,,,,,-9.660000
191059,,,,,,,,,,,,,6.584713,5.975388,0.070534,0.070078,,,,,,,,,,,,
191062,,,,,,,,,,,,,,,,,,,,0.047798,0.946203,0.155067,,,,,,
191068,,,,,,,,,,,,,,,,,,,,,,,,,,,,-18.129999
191069,,,,,,,,,,,,,6.637362,6.124675,0.070543,0.068847,,,,,,,,,,,,
191073,,,,,,,,,,,,,,,,,,,,0.048653,0.946262,0.152246,,,,,,
191078,,,,,,,,,,,,,,,,,,,,,,,,,,,,-4.900000
191080,,,,0.048308,1.040760,0.487805,0.063045,-0.767452,,,8.931735,6.389051,,,,,0.014007,0.093466,0.335279,,,,,,,,,
191081,,,,,,,,,,,,,6.540517,5.631222,0.068136,0.063477,,,,,,,,,,,,
191083,,,,,,,,,,,,,,,,,,,,0.049420,0.946460,0.152294,,,,,,
191088,,,,,,,,,,,,,,,,,,,,,,,,,,,,-17.850000
191089,,,,,,,,,,,,,6.788400,6.023319,0.066086,0.059629,,,,,,,,,,,,
191092,,,,,,,,,,,,,,,,,,,,0.050214,0.946626,0.149522,,,,,,
191099,,,,,,,,,,,,,6.259093,5.615354,0.071914,0.063863,,,,,,,,,,,,
191102,,,,,,,,,,,,,,,,,,,,,,,,,,,,-10.360000
191103,,,,,,,,,,,,,,,,,,,,0.051049,0.946739,0.149509,,,,,,
191108,,,,,,,,,,,,,,,,,,,,,,,,,,,,-17.430000
191109,,,,,,,,,,,,,6.365267,4.724758,0.071365,0.073102,,,,,,,,,,,,
191113,,,,,,,,,,,,,,,,,,,,0.051932,0.946884,0.143940,,,,,,
191118,,,,,,,,,,,,,,,,,,,,,,,,,,,,-23.730000
191119,,,,,,,,,,,,,6.450844,4.522965,0.071006,0.075493,,,,,,,,,,,,
191122,,,,,,,,,,,,,,,,,,,,0.052786,0.947041,0.138374,,,,,,
191128,,,,,,,,,,,,,,,,,,,,,,,,,,,,-36.470001
191130,,,,0.051132,1.042174,0.439987,0.063181,-0.888137,,,8.635489,5.336702,6.384169,4.762052,0.069160,0.062694,0.011434,0.094472,0.301963,,,,,,,,,
191133,,,,,,,,,,,,,,,,,,,,0.053566,0.947119,0.132774,,,,,,
191138,,,,,,,,,,,,,,,,,,,,,,,,,,,,-35.770000
191139,,,,,,,,,,,,,6.011977,4.006790,0.073407,0.070512,,,,,,,,,,,,
191144,,,,,,,,,,,,,,,,,,,,0.054308,0.947252,0.127276,,,,,,
191148,,,,,,,,,,,,,,,,,,,,,,,,,,,,-23.240000
191149,,,,,,,,,,,,,6.155351,3.919750,0.072469,0.071666,,,,,,,,,,,,
191152,,,,,,,,,,,,,,,,,,,,0.055000,0.947400,0.124545,,,,,,
191159,,,,,,,,,,,,,6.273120,3.298077,0.071764,0.078290,,,,,,,,,,,,
191163,,,,,,,,,,,,,,,,,,,,0.055580,0.947503,0.119004,,,,,,-35.419998
191168,,,,,,,,,,,,,,,,,,,,,,,,,,,,-39.410000
191169,,,,,,,,,,,,,6.375077,4.420313,0.071196,0.067251,,,,,,,,,,,,
191172,,,,,,,,,,,,,,,,,,,,0.056094,0.947562,0.110666,,,,,,
191178,,,,,,,,,,,,,,,,,,,,,,,,,,,,-47.180000
191180,,,,0.054019,1.043439,0.384662,0.063132,-1.027937,,,8.265459,4.122269,,,0.068437,0.062198,0.008514,0.095521,0.273259,,,,,,,,,
191181,,,,,,,,,,,,,6.319915,3.719251,,,,,,,,,,,,,,
191182,,,,,,,,,,,,,,,,,,,,0.056684,0.947703,0.102385,,,,,,
191188,,,,,,,,,,,,,,,,,,,,,,,,,,,,-23.590000
191189,,,,,,,,,,,,,5.959877,3.129377,0.072498,0.068296,,,,,,,,,,,,
191192,,,,,,,,,,,,,,,,,,,,0.057524,0.947777,0.099599,,,,,,
191198,,,,,,,,,,,,,,,,,,,,,,,,,,,,-31.990000
191199,,,,,,,,,,,,,6.109859,3.180667,0.071430,0.067971,,,,,,,,,,,,
191202,,,,,,,,,,,,,,,,,,,,0.058320,0.947885,0.094014,,,,,,
191208,,,,,,,,,,,,,,,,,,,,,,,,,,,,-37.939999
191209,,,,,,,,,,,,,5.688059,3.223438,0.076163,0.067723,,,,,,,,,,,,
191214,,,,,,,,,,,,,,,,,,,,0.058944,0.948001,0.085723,,,,,,
191218,,,,,,,,,,,,,,,,,,,,,,,,,,,,-45.220001
191219,,,,,,,,,,,,,5.884023,3.261245,0.074680,0.067517,,,,,,,,,,,,
191222,,,,,,,,,,,,,,,,,,,,0.059607,0.947997,0.077368,,,,,,
191228,,,,,,,,,,,,,,,,,,,,,,,,,,,,-26.740000
191230,,,,0.056964,1.044526,0.320757,0.062935,-1.188691,,,7.745855,2.636865,,,0.069650,0.057814,0.004882,0.096448,0.242624,,,,,,,,,
191231,,,,,,,,,,,,,5.904232,2.744011,,,,,,,,,,,,,,
191232,,,,,,,,,,,,,,,,,,,,0.060052,0.948082,0.071799,,,,,,
191239,,,,,,,,,,,,,5.611032,2.952023,0.073009,0.055671,,,,,,,,,,,,
191242,,,,,,,,,,,,,,,,,,,,,,,,,,,,-26.670000
191244,,,,,,,,,,,,,,,,,,,,0.060479,0.948197,0.069092,,,,,,
191248,,,,,,,,,,,,,,,,,,,,,,,,,,,,-28.000000
191249,,,,,,,,,,,,,5.814033,2.483832,0.071365,0.060383,,,,,,,,,,,,
191253,,,,,,,,,,,,,,,,,,,,0.061026,0.948265,0.066310,,,,,,
191258,,,,,,,,,,,,,,,,,,,,,,,,,,,,-39.200001
191259,,,,,,,,,,,,,5.440032,2.638001,0.075566,0.058842,,,,,,,,,,,,
191263,,,,,,,,,,,,,,,,,,,,0.061787,0.948316,0.057978,,,,,,
191268,,,,,,,,,,,,,,,,,,,,,,,,,,,,-43.959999
191269,,,,,,,,,,,,,5.125293,2.219614,0.079238,0.063109,,,,,,,,,,,,
191273,,,,,,,,,,,,,,,,,,,,0.062450,0.948395,0.049681,,,,,,
191278,,,,,,,,,,,,,,,,,,,,,,,,,,,,-52.290001
191280,,,,0.059963,1.045404,0.247221,0.062651,-1.371067,,,7.619023,1.371930,,,,,0.002332,0.097031,0.197469,,,,,,,,,
191281,,,,,,,,,,,,,5.267006,1.867583,0.077023,0.053881,,,,,,,,,,,,
191282,,,,,,,,,,,,,,,,,,,,0.062979,0.948479,0.041374,,,,,,
191288,,,,,,,,,,,,,,,,,,,,,,,,,,,,-59.360001
191289,,,,,,,,,,,,,5.716261,1.571384,0.072911,0.056803,,,,,,,,,,,,
191292,,,,,,,,,,,,,,,,,,,,0.063475,0.948539,0.030299,,,,,,
191299,,,,,,,,,,,,,5.356886,1.322162,0.076957,0.059305,,,,,,,,,,,,
191302,,,,,,,,,,,,,,,,,,,,,,,,,,,,-61.950001
191304,,,,,,,,,,,,,,,,,,,,0.063824,0.948573,0.019211,,,,,,
191308,,,,,,,,,,,,,,,,,,,,,,,,,,,,-61.950001
191309,,,,,,,,,,,,,5.606371,1.112467,0.074865,0.061454,,,,,,,,,,,,
191312,,,,,,,,,,,,,,,,,,,,0.064148,0.948576,0.008190,,,,,,
191318,,,,,,,,,,,,,,,,,,,,,,,,,,,,-62.509998
191319,,,,,,,,,,,,,5.812640,0.936030,0.073163,0.063305,,,,,,,,,,,,
191322,,,,,,,,,,,,,,,,,,,,0.064342,0.948643,-0.002860,,,,,,
191328,,,,,,,,,,,,,,,,,,,,,,,,,,,,-61.810001
191330,,,,0.063009,1.046041,0.163180,0.062366,-1.573367,,,7.106183,-0.332952,,,0.072825,0.047517,-0.001628,0.097411,0.165513,,,,,,,,,
191331,,,,,,,,,,,,,5.368382,0.787575,,,,,,,,,,,,,,
191332,,,,,,,,,,,,,,,,,,,,0.064696,0.948736,-0.013908,,,,,,
191338,,,,,,,,,,,,,,,,,,,,,,,,,,,,-54.599998
191339,,,,,,,,,,,,,5.158199,0.662666,0.075316,0.048567,,,,,,,,,,,,
191342,,,,,,,,,,,,,,,,,,,,0.065069,0.948785,-0.022212,,,,,,
191348,,,,,,,,,,,,,,,,,,,,,,,,,,,,-41.580002
191349,,,,,,,,,,,,,5.440973,0.557567,0.072822,0.049440,,,,,,,,,,,,
191352,,,,,,,,,,,,,,,,,,,,0.065561,0.948780,-0.030572,,,,,,
191358,,,,,,,,,,,,,,,,,,,,,,,,,,,,-45.709999
191359,,,,,,,,,,,,,5.125314,0.469137,0.076375,0.050164,,,,,,,,,,,,
191362,,,,,,,,,,,,,,,,,,,,0.065929,0.948815,-0.038860,,,,,,
191368,,,,,,,,,,,,,,,,,,,,,,,,,,,,-47.040001
191369,,,,,,,,,,,,,4.859443,0.394732,0.079483,0.050762,,,,,,,,,,,,
191372,,,,,,,,,,,,,,,,,,,,0.066238,0.948836,-0.044432,,,,,,
191380,,,,0.066098,1.046403,0.068188,0.062198,-1.789854,,,6.990303,-1.795833,,,,,-0.004500,0.097485,0.112647,,,,,,,,,
191381,,,,,,,,,,,,,5.033630,0.332127,0.076973,0.036334,,,,,,,,,,,,
191384,,,,,,,,,,,,,,,,,,,,0.066612,0.948797,-0.055446,,,,,,-52.360001
191389,,,,,,,,,,,,,,,,,,,,,,,,,,,,-49.840000
191390,,,,,,,,,,,,,4.831337,0.279452,0.079428,0.036446,,,,,,,,,,,,
191393,,,,,,,,,,,,,,,,,,,,0.066948,0.948863,-0.063737,,,,,,
191398,,,,,,,,,,,,,,,,,,,,,,,,,,,,-46.689999
191399,,,,,,,,,,,,,4.661258,0.235131,0.081595,0.036483,,,,,,,,,,,,
191403,,,,,,,,,,,,,,,,,,,,0.067248,0.948870,-0.069276,,,,,,
191408,,,,,,,,,,,,,,,,,,,,,,,,,,,,-47.669998
191409,,,,,,,,,,,,,5.014565,0.197839,0.078457,0.036457,,,,,,,,,,,,
191412,,,,,,,,,,,,,,,,,,,,0.067540,0.948870,-0.077575,,,,,,
191418,,,,,,,,,,,,,,,,,,,,,,,,,,,,-47.389999
191419,,,,,,,,,,,,,4.768521,0.166462,0.081361,0.036378,,,,,,,,,,,,
191422,,,,,,,,,,,,,,,,,,,,0.067929,0.948837,-0.085912,,,,,,
191428,,,,,,,,,,,,,,,,,,,,,,,,,,,,-45.360001
191430,,,,0.069222,1.046453,-0.037448,0.062297,-2.008916,,,6.977369,-3.211677,,,0.079638,0.021813,-0.007133,0.097376,0.048654,,,,,,,,,
191431,,,,,,,,,,,,,4.968075,0.140061,,,,,,,,,,,,,,
191432,,,,,,,,,,,,,,,,,,,,0.068348,0.948849,-0.094209,,,,,,
191439,,,,,,,,,,,,,4.814065,0.117847,0.081611,0.021370,,,,,,,,,,,,
191442,,,,,,,,,,,,,,,,,,,,0.068677,0.948851,-0.105309,,,,,,-49.139999
191448,,,,,,,,,,,,,,,,,,,,,,,,,,,,-48.509998
191449,,,,,,,,,,,,,4.602772,0.099157,0.084199,0.020894,,,,,,,,,,,,
191452,,,,,,,,,,,,,,,,,,,,0.069023,0.948820,-0.110869,,,,,,
191458,,,,,,,,,,,,,,,,,,,,,,,,,,,,-43.820000
191459,,,,,,,,,,,,,4.422205,0.083430,0.086516,0.020393,,,,,,,,,,,,
191462,,,,,,,,,,,,,,,,,,,,0.069329,0.948833,-0.119170,,,,,,
191468,,,,,,,,,,,,,,,,,,,,,,,,,,,,-45.500000
191469,,,,,,,,,,,,,4.816613,0.070198,0.083004,0.019868,,,,,,,,,,,,
191473,,,,,,,,,,,,,,,,,,,,0.069676,0.948797,-0.124716,,,,,,
191478,,,,,,,,,,,,,,,,,,,,,,,,,,,,-46.900002
191480,,,,0.072376,1.046155,-0.152343,0.062848,-2.212000,,,7.031275,-4.524468,,,,,,,,,,,,,,,,
191481,,,,,,,,,,,,,4.517008,0.059065,0.087042,0.005935,-0.009505,0.096946,-0.027083,,,,,,,,,
191482,,,,,,,,,,,,,,,,,,,,0.070098,0.948696,-0.135811,,,,,,
191488,,,,,,,,,,,,,,,,,,,,,,,,,,,,-41.439999
191489,,,,,,,,,,,,,4.465335,0.049697,0.088072,0.005114,,,,,,,,,,,,
191492,,,,,,,,,,,,,,,,,,,,0.070339,0.948735,-0.141322,,,,,,
191499,,,,,,,,,,,,,4.306954,0.041815,0.090200,0.004280,,,,,,,,,,,,
191503,,,,,,,,,,,,,,,,,,,,0.070638,0.948701,-0.149647,,,,,,-46.759998
191508,,,,,,,,,,,,,,,,,,,,,,,,,,,,-49.000000
191509,,,,,,,,,,,,,4.721629,0.035183,0.086516,0.003434,,,,,,,,,,,,
191512,,,,,,,,,,,,,,,,,,,,0.070895,0.948639,-0.155221,,,,,,
191518,,,,,,,,,,,,,,,,,,,,,,,,,,,,-41.930000
191519,,,,,,,,,,,,,4.519783,0.029603,0.089036,0.002579,,,,,,,,,,,,
191523,,,,,,,,,,,,,,,,,,,,0.071230,0.948644,-0.163550,,,,,,
191528,,,,,,,,,,,,,,,,,,,,,,,,,,,,-40.040001
191530,,,,0.075552,1.045468,-0.273856,0.064062,-2.374927,,,7.102237,-5.645013,,,0.092704,-0.009714,-0.011559,0.096238,-0.109939,,,,,,,,,
191531,,,,,,,,,,,,,4.280447,0.024908,,,,,,,,,,,,,,
191532,,,,,,,,,,,,,,,,,,,,0.071661,0.948671,-0.171848,,,,,,
191538,,,,,,,,,,,,,,,,,,,,,,,,,,,,-46.970001
191539,,,,,,,,,,,,,4.245463,0.020958,0.093625,-0.010807,,,,,,,,,,,,
191543,,,,,,,,,,,,,,,,,,,,0.072059,0.948592,-0.180184,,,,,,
191548,,,,,,,,,,,,,,,,,,,,,,,,,,,,-48.090000
191549,,,,,,,,,,,,,4.668234,0.017634,0.089884,-0.011907,,,,,,,,,,,,
191554,,,,,,,,,,,,,,,,,,,,0.072430,0.948522,-0.188535,,,,,,
191558,,,,,,,,,,,,,,,,,,,,,,,,,,,,-49.560001
191559,,,,,,,,,,,,,4.474691,0.014837,0.092345,-0.013011,,,,,,,,,,,,
191562,,,,,,,,,,,,,,,,,,,,0.072728,0.948483,-0.196864,,,,,,
191568,,,,,,,,,,,,,,,,,,,,,,,,,,,,-51.590000
191569,,,,,,,,,,,,,4.314771,0.012484,0.094502,-0.014118,,,,,,,,,,,,
191572,,,,,,,,,,,,,,,,,,,,0.073080,0.948459,-0.205227,,,,,,
191580,,,,0.078743,1.044352,-0.398267,0.066158,-2.472996,,,6.932956,-6.684282,,,,,-0.013987,0.095049,-0.193077,,,,,,,,,
191581,,,,,,,,,,,,,4.577397,0.010504,0.090654,-0.025830,,,,,,,,,,,,
191582,,,,,,,,,,,,,,,,,,,,0.073512,0.948398,-0.216342,,,,,,
191585,,,,,,,,,,,,,,,,,,,,,,,,,,,,-61.180000
191589,,,,,,,,,,,,,5.148880,0.008838,0.085296,-0.027152,,,,,,,,,,,,
191590,,,,,,,,,,,,,,,,,,,,,,,,,,,,-62.790001
191593,,,,,,,,,,,,,,,,,,,,0.074064,0.948382,-0.227468,,,,,,
191598,,,,,,,,,,,,,,,,,,,,,,,,,,,,-62.580002
191599,,,,,,,,,,,,,5.427596,0.007436,0.082810,-0.028477,,,,,,,,,,,,
191604,,,,,,,,,,,,,,,,,,,,0.074532,0.948371,-0.238628,,,,,,
191608,,,,,,,,,,,,,,,,,,,,,,,,,,,,-60.270000
191609,,,,,,,,,,,,,5.114333,0.006257,0.086306,-0.029803,,,,,,,,,,,,
191612,,,,,,,,,,,,,,,,,,,,0.075046,0.948226,-0.249799,,,,,,
191618,,,,,,,,,,,,,,,,,,,,,,,,,,,,-60.970001
191619,,,,,,,,,,,,,5.400626,0.005265,0.083749,-0.031131,,,,,,,,,,,,
191622,,,,,,,,,,,,,,,,,,,,0.075593,0.948083,-0.260958,,,,,,
191628,,,,,,,,,,,,,,,,,,,,,,,,,,,,-61.110001
191630,,,,0.081941,1.042764,-0.521343,0.069343,-2.489058,,,6.072518,-7.951206,5.501441,0.004430,0.074251,-0.045383,-0.018229,0.093139,-0.260763,,,,,,,,,
191632,,,,,,,,,,,,,,,,,,,,0.076008,0.947982,-0.272129,,,,,,
191639,,,,,,,,,,,,,5.270003,0.003727,0.076726,-0.046967,,,,,,,,,,,,
191642,,,,,,,,,,,,,,,,,,,,,,,,,,,,-61.599998
191643,,,,,,,,,,,,,,,,,,,,0.076369,0.947890,-0.280512,,,,,,
191648,,,,,,,,,,,,,,,,,,,,,,,,,,,,-57.540001
191649,,,,,,,,,,,,,5.525996,-0.542772,0.074275,-0.042984,,,,,,,,,,,,
191652,,,,,,,,,,,,,,,,,,,,0.076727,0.947777,-0.291698,,,,,,
191658,,,,,,,,,,,,,,,,,,,,,,,,,,,,-60.270000
191659,,,,,,,,,,,,,5.198120,-0.456688,0.077729,-0.045343,,,,,,,,,,,,
191663,,,,,,,,,,,,,,,,,,,,0.077183,0.947688,-0.302892,,,,,,
191668,,,,,,,,,,,,,,,,,,,,,,,,,,,,-53.340000
191669,,,,,,,,,,,,,5.468256,-0.384257,0.075148,-0.047581,,,,,,,,,,,,
191672,,,,,,,,,,,,,,,,,,,,0.077529,0.947612,-0.311259,,,,,,
191678,,,,,,,,,,,,,,,,,,,,,,,,,,,,-49.209999
191680,,,,0.085138,1.040662,-0.639124,0.073786,-2.420534,,,5.390499,-8.634425,,,0.072279,-0.056685,-0.021293,0.090910,-0.327451,,,,,,,,,
191681,,,,,,,,,,,,,5.079373,-0.323314,,,,,,,,,,,,,,
191683,,,,,,,,,,,,,,,,,,,,0.077946,0.947542,-0.322484,,,,,,
191688,,,,,,,,,,,,,,,,,,,,,,,,,,,,-45.919998
191689,,,,,,,,,,,,,5.557630,-0.272037,0.067463,-0.058870,,,,,,,,,,,,
191694,,,,,,,,,,,,,,,,,,,,0.078262,0.947503,-0.328094,,,,,,
191698,,,,,,,,,,,,,,,,,,,,,,,,,,,,-49.349998
191699,,,,,,,,,,,,,5.223689,-0.228891,0.070836,-0.060983,,,,,,,,,,,,
191702,,,,,,,,,,,,,,,,,,,,0.078572,0.947385,-0.336534,,,,,,
191708,,,,,,,,,,,,,,,,,,,,,,,,,,,,-45.080002
191709,,,,,,,,,,,,,4.944201,-0.192589,0.073720,-0.063034,,,,,,,,,,,,
191713,,,,,,,,,,,,,,,,,,,,0.078930,0.947345,-0.344959,,,,,,
191719,,,,,,,,,,,,,4.707605,-0.162045,0.076223,-0.065034,,,,,,,,,,,,
191723,,,,,,,,,,,,,,,,,,,,0.079207,0.947330,-0.347735,,,,,,-38.360001
191728,,,,,,,,,,,,,,,,,,,,,,,,,,,,-42.139999
191730,,,,0.088327,1.038001,-0.748593,0.079602,-2.280547,,,5.147482,-8.589380,,,,,-0.022412,0.088357,-0.400002,,,,,,,,,
191731,,,,,,,,,,,,,4.437686,-0.613052,0.076634,-0.061669,,,,,,,,,,,,
191732,,,,,,,,,,,,,,,,,,,,0.079503,0.947163,-0.356184,,,,,,
191738,,,,,,,,,,,,,,,,,,,,,,,,,,,,-36.959999
191739,,,,,,,,,,,,,4.377765,-0.515822,0.077387,-0.064256,,,,,,,,,,,,
191743,,,,,,,,,,,,,,,,,,,,0.079790,0.947008,-0.361810,,,,,,
191748,,,,,,,,,,,,,,,,,,,,,,,,,,,,-35.349998
191749,,,,,,,,,,,,,4.232662,-0.434012,0.079021,-0.066705,,,,,,,,,,,,
191753,,,,,,,,,,,,,,,,,,,,0.080065,0.946921,-0.367422,,,,,,
191758,,,,,,,,,,,,,,,,,,,,,,,,,,,,-34.090000
191759,,,,,,,,,,,,,4.110352,-0.365178,0.080451,-0.069038,,,,,,,,,,,,
191762,,,,,,,,,,,,,,,,,,,,0.080388,0.946871,-0.373040,,,,,,
191768,,,,,,,,,,,,,,,,,,,,,,,,,,,,-34.580002
191769,,,,,,,,,,,,,4.006445,-0.307261,0.081719,-0.071274,,,,,,,,,,,,
191773,,,,,,,,,,,,,,,,,,,,0.080628,0.946868,-0.381493,,,,,,
191780,,,,0.091498,1.034736,-0.847975,0.086848,-2.092346,,,5.089666,-8.149885,,,,,-0.022684,0.085591,-0.465804,,,,,,,,,
191781,,,,,,,,,,,,,3.842325,-0.258529,0.083031,-0.068944,,,,,,,,,,,,
191785,,,,,,,,,,,,,,,,,,,,,,,,,,,,-33.320000
191783,,,,,,,,,,,,,,,,,,,,0.080872,0.946767,-0.387145,,,,,,
191789,,,,,,,,,,,,,3.885079,-0.217526,0.082845,-0.070941,,,,,,,,,,,,
191790,,,,,,,,,,,,,,,,,,,,,,,,,,,,-34.509998
191793,,,,,,,,,,,,,,,,,,,,0.081031,0.946710,-0.392774,,,,,,
191798,,,,,,,,,,,,,,,,,,,,,,,,,,,,-31.360001
191799,,,,,,,,,,,,,3.817342,-0.183027,0.083776,-0.072879,,,,,,,,,,,,
191802,,,,,,,,,,,,,,,,,,,,0.081227,0.946651,-0.398406,,,,,,
191808,,,,,,,,,,,,,,,,,,,,,,,,,,,,-36.259998
191809,,,,,,,,,,,,,3.760680,-0.153999,0.084609,-0.074769,,,,,,,,,,,,
191812,,,,,,,,,,,,,,,,,,,,0.081496,0.946586,-0.406890,,,,,,
191818,,,,,,,,,,,,,,,,,,,,,,,,,,,,-49.139999
191819,,,,,,,,,,,,,3.711790,-0.129574,0.085373,-0.076617,,,,,,,,,,,,
191823,,,,,,,,,,,,,,,,,,,,0.081770,0.946496,-0.415406,,,,,,
191828,,,,,,,,,,,,,,,,,,,,,,,,,,,,-47.250000
191830,,,,0.094644,1.030821,-0.936654,0.095535,-1.880993,,,5.235240,-7.417865,,,,,-0.022294,0.082352,-0.520974,,,,,,,,,
191831,,,,,,,,,,,,,3.598642,-0.109024,0.088288,-0.070964,,,,,,,,,,,,
191832,,,,,,,,,,,,,,,,,,,,0.081999,0.946414,-0.421064,,,,,,
191839,,,,,,,,,,,,,3.675161,-0.091733,0.087835,-0.072602,,,,,,,,,,,,
191842,,,,,,,,,,,,,,,,,,,,,,,,,,,,-42.840000
191843,,,,,,,,,,,,,,,,,,,,0.082194,0.946333,-0.429542,,,,,,
191848,,,,,,,,,,,,,,,,,,,,,,,,,,,,-41.720001
191849,,,,,,,,,,,,,3.639724,-0.077184,0.088508,-0.074216,,,,,,,,,,,,
191853,,,,,,,,,,,,,,,,,,,,0.082449,0.946220,-0.438045,,,,,,
191858,,,,,,,,,,,,,,,,,,,,,,,,,,,,-37.730000
191859,,,,,,,,,,,,,3.611067,-0.064943,0.089120,-0.075809,,,,,,,,,,,,
191862,,,,,,,,,,,,,,,,,,,,0.082717,0.946121,-0.443717,,,,,,
191868,,,,,,,,,,,,,,,,,,,,,,,,,,,,-40.389999
191869,,,,,,,,,,,,,3.586512,-0.054643,0.089695,-0.077384,,,,,,,,,,,,
191873,,,,,,,,,,,,,,,,,,,,0.082978,0.946027,-0.449366,,,,,,
191878,,,,,,,,,,,,,,,,,,,,,,,,,,,,-39.130001
191880,,,,0.097754,1.026211,-1.014874,0.105637,-1.667089,,,5.558975,-6.525926,,,,,-0.021540,0.078648,-0.565431,,,,,,,,,
191881,,,,,,,,,,,,,3.491660,-0.045976,0.094294,-0.069848,,,,,,,,,,,,
191882,,,,,,,,,,,,,,,,,,,,0.083271,0.945938,-0.455046,,,,,,
191888,,,,,,,,,,,,,,,,,,,,,,,,,,,,-39.480000
191889,,,,,,,,,,,,,3.585454,-0.038684,0.093751,-0.071218,,,,,,,,,,,,
191892,,,,,,,,,,,,,,,,,,,,0.083629,0.945766,-0.463582,,,,,,
191898,,,,,,,,,,,,,,,,,,,,,,,,,,,,-42.349998
191899,,,,,,,,,,,,,4.112020,-0.032549,0.088775,-0.072578,,,,,,,,,,,,
191903,,,,,,,,,,,,,,,,,,,,0.083952,0.945598,-0.472108,,,,,,
191907,,,,,,,,,,,,,,,,,,,,,,,,,,,,-47.529999
191909,,,,,,,,,,,,,4.009286,-0.027387,0.090112,-0.073929,,,,,,,,,,,,
191913,,,,,,,,,,,,,,,,,,,,0.084266,0.945432,-0.480665,,,,,,
191919,,,,,,,,,,,,,3.921409,-0.023043,0.091318,-0.075273,,,,,,,,,,,,
191923,,,,,,,,,,,,,,,,,,,,0.084586,0.945301,-0.489218,,,,,,-47.669998
191928,,,,,,,,,,,,,,,,,,,,,,,,,,,,-48.090000
191930,,,,0.100821,1.020859,-1.083402,0.117109,-1.464366,,,5.902944,-5.669797,,,,,-0.021147,0.074336,-0.594377,,,,,,,,,
191931,,,,,,,,,,,,,4.250391,-0.019389,0.091799,-0.067879,,,,,,,,,,,,
191933,,,,,,,,,,,,,,,,,,,,0.084961,0.945277,-0.497767,,,,,,
191938,,,,,,,,,,,,,,,,,,,,,,,,,,,,-47.459999
191939,,,,,,,,,,,,,4.222160,-0.016314,0.092417,-0.069040,,,,,,,,,,,,
191943,,,,,,,,,,,,,,,,,,,,0.085260,0.945213,-0.503480,,,,,,
191948,,,,,,,,,,,,,,,,,,,,,,,,,,,,-54.180000
191949,,,,,,,,,,,,,4.101681,-0.013726,0.093982,-0.070197,,,,,,,,,,,,
191952,,,,,,,,,,,,,,,,,,,,0.085546,0.945008,-0.512058,,,,,,
191958,,,,,,,,,,,,,,,,,,,,,,,,,,,,-50.470001
191959,,,,,,,,,,,,,4.545493,-0.011549,0.089816,-0.071351,,,,,,,,,,,,
191963,,,,,,,,,,,,,,,,,,,,0.085890,0.944864,-0.523523,,,,,,
191968,,,,,,,,,,,,,,,,,,,,,,,,,,,,-55.230000
191969,,,,,,,,,,,,,4.372463,-0.009718,0.091852,-0.072501,,,,,,,,,,,,
191972,,,,,,,,,,,,,,,,,,,,0.086197,0.944662,-0.532110,,,,,,
191980,,,,0.103835,1.014719,-1.143250,0.129894,-1.280196,,,,,,,,,,,,,,,,,,,,
191981,,,,,,,,,,,6.508488,-4.651740,4.598904,-0.008176,0.096025,-0.063265,-0.020338,0.069342,-0.611261,,,,,,,,,
191985,,,,,,,,,,,,,,,,,,,,,,,,,,,,-52.290001
191983,,,,,,,,,,,,,,,,,,,,0.086586,0.944437,-0.543607,,,,,,
191989,,,,,,,,,,,,,4.548160,-0.006880,0.096924,-0.064207,,,,,,,,,,,,
191990,,,,,,,,,,,,,,,,,,,,,,,,,,,,-53.689999
191992,,,,,,,,,,,,,,,,,,,,0.086927,0.944254,-0.549356,,,,,,
191998,,,,,,,,,,,,,,,,,,,,,,,,,,,,-51.520000
191999,,,,,,,,,,,,,4.924248,-0.005788,0.093480,-0.065147,,,,,,,,,,,,
192002,,,,,,,,,,,,,,,,,,,,0.087417,0.944069,-0.560854,,,,,,
192008,,,,,,,,,,,,,,,,,,,,,,,,,,,,-60.130001
192009,,,,,,,,,,,,,4.691478,-0.004870,0.096171,-0.066085,,,,,,,,,,,,
192013,,,,,,,,,,,,,,,,,,,,0.087780,0.943844,-0.569479,,,,,,
192018,,,,,,,,,,,,,,,,,,,,,,,,,,,,-58.240002
192019,,,,,,,,,,,,,5.043510,-0.004098,0.092944,-0.067022,,,,,,,,,,,,
192022,,,,,,,,,,,,,,,,,,,,0.088182,0.943686,-0.581024,,,,,,
192028,,,,,,,,,,,,,,,,,,,,,,,,,,,,-64.190002
192030,,,,0.106786,1.007746,-1.195489,0.143933,-1.117327,,,7.255836,-3.575121,,,,,-0.019589,0.063781,-0.614556,,,,,,,,,
192031,,,,,,,,,,,,,5.196524,-0.003448,0.099299,-0.056977,,,,,,,,,,,,
192032,,,,,,,,,,,,,,,,,,,,0.088465,0.943397,-0.589690,,,,,,
192038,,,,,,,,,,,,,,,,,,,,,,,,,,,,-60.270000
192039,,,,,,,,,,,,,5.014807,-0.002901,0.101565,-0.057697,,,,,,,,,,,,
192043,,,,,,,,,,,,,,,,,,,,0.088810,0.943103,-0.601285,,,,,,
192048,,,,,,,,,,,,,,,,,,,,,,,,,,,,-62.580002
192049,,,,,,,,,,,,,5.320324,-0.002441,0.098897,-0.058416,,,,,,,,,,,,
192053,,,,,,,,,,,,,,,,,,,,0.089237,0.942956,-0.612876,,,,,,
192059,,,,,,,,,,,,,5.562132,-0.002054,0.096817,-0.059135,,,,,,,,,,,,
192062,,,,,,,,,,,,,,,,,,,,0.089736,0.942727,-0.624498,,,,,,-64.889999
192068,,,,,,,,,,,,,,,,,,,,,,,,,,,,-64.610001
192069,,,,,,,,,,,,,5.782403,-0.001728,0.094909,-0.059853,,,,,,,,,,,,
192072,,,,,,,,,,,,,,,,,,,,0.090193,0.942367,-0.636142,,,,,,
192078,,,,,,,,,,,,,,,,,,,,,,,,,,,,-72.449997
192080,,,,0.109666,0.999895,-1.241144,0.159166,-0.975664,,,8.258419,-2.302274,,,0.105040,-0.047587,-0.018503,0.057852,-0.605023,,,,,,,,,
192081,,,,,,,,,,,,,5.820652,-0.001454,,,,,,,,,,,,,,
192083,,,,,,,,,,,,,,,,,,,,0.090567,0.942106,-0.647818,,,,,,
192088,,,,,,,,,,,,,,,,,,,,,,,,,,,,-71.260002
192089,,,,,,,,,,,,,6.182857,-0.001223,0.101833,-0.048050,,,,,,,,,,,,
192093,,,,,,,,,,,,,,,,,,,,0.091027,0.941840,-0.659508,,,,,,
192098,,,,,,,,,,,,,,,,,,,,,,,,,,,,-74.059998
192099,,,,,,,,,,,,,6.296594,-0.001029,0.101088,-0.048512,,,,,,,,,,,,
192102,,,,,,,,,,,,,,,,,,,,0.091605,0.941591,-0.674143,,,,,,
192108,,,,,,,,,,,,,,,,,,,,,,,,,,,,-80.570000
192109,,,,,,,,,,,,,6.395159,-0.000866,0.100475,-0.048974,,,,,,,,,,,,
192112,,,,,,,,,,,,,,,,,,,,0.092145,0.941290,-0.685895,,,,,,
192119,,,,,,,,,,,,,7.026363,-0.000729,0.094410,-0.049435,,,,,,,,,,,,
192123,,,,,,,,,,,,,,,,,,,,0.092642,0.940931,-0.700598,,,,,,-81.129997
192128,,,,,,,,,,,,,,,,,,,,,,,,,,,,-83.580002
192130,,,,0.112465,0.991123,-1.281141,0.175531,-0.853618,,,9.476375,-0.810109,,,,,-0.017214,0.051180,-0.580351,,,,,,,,,
192131,,,,,,,,,,,,,6.847703,-0.000613,0.108901,-0.034677,,,,,,,,,,,,
192132,,,,,,,,,,,,,,,,,,,,0.093107,0.940649,-0.718306,,,,,,
192138,,,,,,,,,,,,,,,,,,,,,,,,,,,,-86.099998
192139,,,,,,,,,,,,,7.084005,-0.000516,0.107017,-0.034840,,,,,,,,,,,,
192142,,,,,,,,,,,,,,,,,,,,0.093725,0.940121,-0.733120,,,,,,
192148,,,,,,,,,,,,,,,,,,,,,,,,,,,,-83.930000
192149,,,,,,,,,,,,,7.606123,-0.000434,0.102170,-0.035002,,,,,,,,,,,,
192153,,,,,,,,,,,,,,,,,,,,0.094180,0.939809,-0.744992,,,,,,
192158,,,,,,,,,,,,,,,,,,,,,,,,,,,,-91.279999
192159,,,,,,,,,,,,,7.499101,-0.000365,0.103635,-0.035165,,,,,,,,,,,,
192162,,,,,,,,,,,,,,,,,,,,0.094723,0.939325,-0.762852,,,,,,
192168,,,,,,,,,,,,,,,,,,,,,,,,,,,,-91.349998
192169,,,,,,,,,,,,,7.952903,-0.000307,0.099402,-0.035328,,,,,,,,,,,,
192172,,,,,,,,,,,,,,,,,,,,0.095342,0.938827,-0.777772,,,,,,
192178,,,,,,,,,,,,,,,,,,,,,,,,,,,,-96.669998
192180,,,,0.115174,0.981388,-1.316292,0.192969,-0.748975,,,10.895566,0.972778,,,,,-0.015711,0.044267,-0.538639,,,,,,,,,
192181,,,,,,,,,,,,,8.118197,-0.000259,0.112497,-0.017305,,,,,,,,,,,,
192183,,,,,,,,,,,,,,,,,,,,0.095868,0.938375,-0.795766,,,,,,
192188,,,,,,,,,,,,,,,,,,,,,,,,,,,,-97.860001
192187,,,,,,,,,,,,,,,,,,,,0.095868,0.938375,-0.795766,,,,,,
192189,,,,,,,,,,,,,8.731988,-0.000218,0.106791,-0.017110,,,,,,,,,,,,
192192,,,,,,,,,,,,,,,,,,,,0.096460,0.937898,-0.813798,,,,,,
192199,,,,,,,,,,,,,8.457273,-0.000183,0.110026,-0.016916,,,,,,,,,,,,
192202,,,,,,,,,,,,,,,,,,,,0.097085,0.937427,-0.831916,,,,,,-107.870003
192208,,,,,,,,,,,,,,,,,,,,,,,,,,,,-109.199997
192209,,,,,,,,,,,,,8.760929,-0.000154,0.107417,-0.016722,,,,,,,,,,,,
192213,,,,,,,,,,,,,,,,,,,,0.097684,0.936779,-0.850107,,,,,,
192218,,,,,,,,,,,,,,,,,,,,,,,,,,,,-109.199997
192219,,,,,,,,,,,,,9.561003,-0.000130,0.099683,-0.016527,,,,,,,,,,,,
192223,,,,,,,,,,,,,,,,,,,,0.098297,0.936243,-0.871424,,,,,,
192228,,,,,,,,,,,,,,,,,,,,,,,,,,,,-113.889999
192230,,,,0.117785,0.970649,-1.347295,0.211420,-0.659401,,,12.542533,3.200850,,,,,-0.013769,0.037102,-0.476117,,,,,,,,,
192231,,,,,,,,,,,,,9.465051,-0.000109,0.117727,0.006393,,,,,,,,,,,,
192233,,,,,,,,,,,,,,,,,,,,0.098935,0.935613,-0.889776,,,,,,
192238,,,,,,,,,,,,,,,,,,,,,,,,,,,,-111.790001
192239,,,,,,,,,,,,,9.913331,-0.000092,0.113770,0.007033,,,,,,,,,,,,
192242,,,,,,,,,,,,,,,,,,,,0.099559,0.935041,-0.911294,,,,,,
192248,,,,,,,,,,,,,,,,,,,,,,,,,,,,-117.599998
192249,,,,,,,,,,,,,9.984070,-0.000077,0.113575,0.007673,,,,,,,,,,,,
192252,,,,,,,,,,,,,,,,,,,,0.100101,0.934347,-0.929834,,,,,,
192259,,,,,,,,,,,,,10.598771,-0.000065,0.107816,0.008313,,,,,,,,,,,,
192263,,,,,,,,,,,,,,,,,,,,,,,,,,,,-126.139999
192262,,,,,,,,,,,,,,,,,,,,0.100837,0.933588,-0.951567,,,,,,
192268,,,,,,,,,,,,,,,,,,,,,,,,,,,,-126.769997
192269,,,,,,,,,,,,,10.564443,-0.000055,0.108555,0.008953,,,,,,,,,,,,
192273,,,,,,,,,,,,,,,,,,,,0.101570,0.932763,-0.976561,,,,,,
192278,,,,,,,,,,,,,,,,,,,,,,,,,,,,-130.410004
192280,,,,0.120287,0.958868,-1.374742,0.230822,-0.582686,,,14.426519,5.922537,,,,,-0.011096,0.030177,-0.398601,,,,,,,,,
192281,,,,,,,,,,,,,11.245231,-0.000046,0.121224,0.037355,,,,,,,,,,,,
192282,,,,,,,,,,,,,,,,,,,,0.102224,0.931977,-0.998583,,,,,,
192288,,,,,,,,,,,,,,,,,,,,,,,,,,,,-129.289993
192289,,,,,,,,,,,,,11.423818,-0.000039,0.120038,0.038539,,,,,,,,,,,,
192292,,,,,,,,,,,,,,,,,,,,0.102780,0.931293,-1.017521,,,,,,
192298,,,,,,,,,,,,,,,,,,,,,,,,,,,,-133.630005
192299,,,,,,,,,,,,,11.804422,-0.000033,0.116757,0.039724,,,,,,,,,,,,
192303,,,,,,,,,,,,,,,,,,,,0.103373,0.930384,-1.042956,,,,,,
192308,,,,,,,,,,,,,,,,,,,,,,,,,,,,-138.600006
192309,,,,,,,,,,,,,12.119160,-0.000027,0.114071,0.040908,,,,,,,,,,,,
192312,,,,,,,,,,,,,,,,,,,,0.104010,0.929465,-1.068602,,,,,,
192319,,,,,,,,,,,,,12.381129,-0.000023,0.111860,0.042093,,,,,,,,,,,,
192322,,,,,,,,,,,,,,,,,,,,,,,,,,,,-141.050003
192323,,,,,,,,,,,,,,,,,,,,0.104618,0.928543,-1.091180,,,,,,
192328,,,,,,,,,,,,,,,,,,,,,,,,,,,,-142.520004
192330,,,,0.122674,0.946008,-1.399135,0.251111,-0.516862,,,16.612890,9.280822,,,,,-0.007148,0.024121,-0.307737,,,,,,,,,
192331,,,,,,,,,,,,,12.316167,-0.000019,0.135233,0.077532,,,,,,,,,,,,
192333,,,,,,,,,,,,,,,,,,,,0.105296,0.927542,-1.113923,,,,,,
192338,,,,,,,,,,,,,,,,,,,,,,,,,,,,-143.149994
192339,,,,,,,,,,,,,12.970474,-0.000016,0.129418,0.079388,,,,,,,,,,,,
192343,,,,,,,,,,,,,,,,,,,,0.105851,0.926560,-1.140125,,,,,,
192348,,,,,,,,,,,,,,,,,,,,,,,,,,,,-142.449997
192349,,,,,,,,,,,,,13.106662,-0.000014,0.128758,0.081244,,,,,,,,,,,,
192352,,,,,,,,,,,,,,,,,,,,0.106413,0.925560,-1.166519,,,,,,
192358,,,,,,,,,,,,,,,,,,,,,,,,,,,,-149.380005
192359,,,,,,,,,,,,,13.222355,-0.000012,0.128279,0.083100,,,,,,,,,,,,
192362,,,,,,,,,,,,,,,,,,,,0.106978,0.924568,-1.189813,,,,,,
192368,,,,,,,,,,,,,,,,,,,,,,,,,,,,-145.809998
192369,,,,,,,,,,,,,13.867197,0.548372,0.122379,0.079363,,,,,,,,,,,,
192373,,,,,,,,,,,,,,,,,,,,0.107594,0.923265,-1.216671,,,,,,
192378,,,,,,,,,,,,,,,,,,,,,,,,,,,,-140.910004
192380,,,,0.124935,0.932035,-1.420894,0.272220,-0.460225,,,18.913437,13.173322,,,,,-0.002194,0.019361,-0.204117,,,,,,,,,
192381,,,,,,,,,,,,,14.019690,0.461400,0.144839,0.121700,,,,,,,,,,,,
192383,,,,,,,,,,,,,,,,,,,,0.108176,0.922045,-1.240389,,,,,,
192388,,,,,,,,,,,,,,,,,,,,,,,,,,,,-142.449997
192389,,,,,,,,,,,,,14.417943,1.043666,0.141755,0.118303,,,,,,,,,,,,
192393,,,,,,,,,,,,,,,,,,,,0.108707,0.920723,-1.267748,,,,,,
192399,,,,,,,,,,,,,14.861616,0.878141,0.138129,0.122417,,,,,,,,,,,,
192402,,,,,,,,,,,,,,,,,,,,0.109241,0.919440,-1.291861,,,,,,-143.779999
192408,,,,,,,,,,,,,,,,,,,,,,,,,,,,-148.539993
192409,,,,,,,,,,,,,15.256170,1.289189,0.134915,0.120684,,,,,,,,,,,,
192412,,,,,,,,,,,,,,,,,,,,0.109719,0.918179,-1.316236,,,,,,
192418,,,,,,,,,,,,,,,,,,,,,,,,,,,,-131.389999
192419,,,,,,,,,,,,,15.568544,1.631125,0.132460,0.119573,,,,,,,,,,,,
192423,,,,,,,,,,,,,,,,,,,,0.110198,0.916658,-1.340843,,,,,,
192428,,,,,,,,,,,,,,,,,,,,,,,,,,,,-121.800003
192430,,,,0.127063,0.916920,-1.440377,0.294079,-0.411334,,,21.222183,17.378681,,,,,0.003592,0.016540,-0.098833,,,,,,,,,
192431,,,,,,,,,,,,,15.473143,2.321937,0.157651,0.157730,,,,,,,,,,,,
192432,,,,,,,,,,,,,,,,,,,,0.110808,0.914836,-1.358594,,,,,,
192438,,,,,,,,,,,,,,,,,,,,,,,,,,,,-119.000000
192439,,,,,,,,,,,,,15.612164,2.601943,0.157383,0.157885,,,,,,,,,,,,
192442,,,,,,,,,,,,,,,,,,,,0.111303,0.912917,-1.380020,,,,,,
192448,,,,,,,,,,,,,,,,,,,,,,,,,,,,-120.050003
192449,,,,,,,,,,,,,16.427691,3.835083,0.150187,0.148262,,,,,,,,,,,,
192452,,,,,,,,,,,,,,,,,,,,0.111715,0.911159,-1.401640,,,,,,
192459,,,,,,,,,,,,,16.556181,4.320408,0.149835,0.146021,,,,,,,,,,,,
192462,,,,,,,,,,,,,,,,,,,,0.112061,0.909384,-1.419801,,,,,,-99.889999
192468,,,,,,,,,,,,,,,,,,,,,,,,,,,,-94.010002
192469,,,,,,,,,,,,,16.676426,5.282825,0.149542,0.138816,,,,,,,,,,,,
192473,,,,,,,,,,,,,,,,,,,,0.112412,0.907226,-1.434435,,,,,,
192478,,,,,,,,,,,,,,,,,,,,,,,,,,,,-83.089996
192480,,,,0.129050,0.900634,-1.457883,0.316615,-0.368976,,,,,,,,,,,,,,,,,,,,
192481,,,,,,,,,,,23.385725,21.157427,17.242292,6.279683,0.166747,0.169610,0.008846,0.015650,-0.022159,,,,,,,,,
192482,,,,,,,,,,,,,,,,,,,,0.112730,0.904855,-1.445479,,,,,,
192488,,,,,,,,,,,,,,,,,,,,,,,,,,,,-79.029999
192489,,,,,,,,,,,,,17.220545,7.318386,0.168198,0.161991,,,,,,,,,,,,
192493,,,,,,,,,,,,,,,,,,,,0.113016,0.902471,-1.460295,,,,,,
192498,,,,,,,,,,,,,,,,,,,,,,,,,,,,-69.930000
192499,,,,,,,,,,,,,17.786297,8.355643,0.163660,0.154179,,,,,,,,,,,,
192502,,,,,,,,,,,,,,,,,,,,0.113318,0.899912,-1.471467,,,,,,
192508,,,,,,,,,,,,,,,,,,,,,,,,,,,,-69.790001
192509,,,,,,,,,,,,,18.251707,9.221317,0.160033,0.147909,,,,,,,,,,,,
192512,,,,,,,,,,,,,,,,,,,,0.113637,0.897264,-1.482685,,,,,,
192519,,,,,,,,,,,,,18.639671,9.947274,0.157102,0.142891,,,,,,,,,,,,
192523,,,,,,,,,,,,,,,,,,,,,,,,,,,,-64.260002
192522,,,,,,,,,,,,,,,,,,,,0.113875,0.894420,-1.493983,,,,,,
192528,,,,,,,,,,,,,,,,,,,,,,,,,,,,-59.990002
192530,,,,0.130888,0.883154,-1.473669,0.339751,-0.332142,,,25.329723,24.234682,,,,,0.012633,0.016151,0.022355,,,,,,,,,
192531,,,,,,,,,,,,,18.975697,11.191590,0.174453,0.163829,,,,,,,,,,,,
192533,,,,,,,,,,,,,,,,,,,,0.114053,0.891420,-1.505329,,,,,,
192538,,,,,,,,,,,,,,,,,,,,,,,,,,,,-58.029999
192539,,,,,,,,,,,,,19.906879,12.043756,0.166226,0.157746,,,,,,,,,,,,
192543,,,,,,,,,,,,,,,,,,,,0.114324,0.888284,-1.512941,,,,,,
192548,,,,,,,,,,,,,,,,,,,,,,,,,,,,-56.770000
192549,,,,,,,,,,,,,20.037289,12.873318,0.165980,0.151723,,,,,,,,,,,,
192552,,,,,,,,,,,,,,,,,,,,0.114537,0.885087,-1.524393,,,,,,
192558,,,,,,,,,,,,,,,,,,,,,,,,,,,,-57.540001
192559,,,,,,,,,,,,,20.693798,13.570483,0.160342,0.146884,,,,,,,,,,,,
192563,,,,,,,,,,,,,,,,,,,,0.114708,0.881729,-1.532059,,,,,,
192568,,,,,,,,,,,,,,,,,,,,,,,,,,,,-52.430000
192569,,,,,,,,,,,,,21.245413,14.156528,0.155643,0.143039,,,,,,,,,,,,
192573,,,,,,,,,,,,,,,,,,,,0.114766,0.878354,-1.543638,,,,,,
192578,,,,,,,,,,,,,,,,,,,,,,,,,,,,-51.799999
192580,,,,0.132572,0.864459,-1.487949,0.363405,-0.299990,,,26.789850,26.726896,,,,,0.014517,0.017469,0.057345,,,,,,,,,
192581,,,,,,,,,,,,,21.646963,15.210991,0.167257,0.159720,,,,,,,,,,,,
192582,,,,,,,,,,,,,,,,,,,,0.114747,0.874774,-1.551377,,,,,,
192588,,,,,,,,,,,,,,,,,,,,,,,,,,,,-50.400002
192589,,,,,,,,,,,,,22.779879,16.060045,0.156730,0.153363,,,,,,,,,,,,
192592,,,,,,,,,,,,,,,,,,,,0.114755,0.871201,-1.559120,,,,,,
192599,,,,,,,,,,,,,23.013020,16.809519,0.155154,0.147851,,,,,,,,,,,,
192602,,,,,,,,,,,,,,,,,,,,,,,,,,,,-49.980000
192603,,,,,,,,,,,,,,,,,,,,0.114776,0.867563,-1.566946,,,,,,
192608,,,,,,,,,,,,,,,,,,,,,,,,,,,,-46.410000
192609,,,,,,,,,,,,,23.193338,17.426544,0.154070,0.143541,,,,,,,,,,,,
192613,,,,,,,,,,,,,,,,,,,,0.114754,0.863771,-1.574397,,,,,,
192618,,,,,,,,,,,,,,,,,,,,,,,,,,,,-43.959999
192619,,,,,,,,,,,,,23.901043,17.952320,0.147571,0.140038,,,,,,,,,,,,
192622,,,,,,,,,,,,,,,,,,,,0.114622,0.859927,-1.586149,,,,,,
192628,,,,,,,,,,,,,,,,,,,,,,,,,,,,-39.060001
192630,,,,0.134093,0.844533,-1.500908,0.387491,-0.271821,,,27.945877,28.872070,,,,,0.015223,0.019720,0.086555,,,,,,,,,
192631,,,,,,,,,,,,,24.337425,18.392817,0.155489,0.159181,,,,,,,,,,,,
192633,,,,,,,,,,,,,,,,,,,,0.114540,0.856084,-1.589966,,,,,,
192638,,,,,,,,,,,,,,,,,,,,,,,,,,,,-47.599998
192639,,,,,,,,,,,,,24.418236,19.416443,0.155386,0.150836,,,,,,,,,,,,
192643,,,,,,,,,,,,,,,,,,,,0.114387,0.852176,-1.597707,,,,,,
192648,,,,,,,,,,,,,,,,,,,,,,,,,,,,-35.279999
192649,,,,,,,,,,,,,24.933882,20.176826,0.150832,0.144971,,,,,,,,,,,,
192653,,,,,,,,,,,,,,,,,,,,0.114203,0.848270,-1.605480,,,,,,
192659,,,,,,,,,,,,,25.351450,20.802353,0.147176,0.140330,,,,,,,,,,,,
192663,,,,,,,,,,,,,,,,,,,,,,,,,,,,-35.070000
192662,,,,,,,,,,,,,,,,,,,,0.113987,0.844368,-1.609380,,,,,,
192668,,,,,,,,,,,,,,,,,,,,,,,,,,,,-38.639999
192669,,,,,,,,,,,,,25.730167,21.352625,0.143832,0.136331,,,,,,,,,,,,
192672,,,,,,,,,,,,,,,,,,,,0.113748,0.840103,-1.620754,,,,,,
192678,,,,,,,,,,,,,,,,,,,,,,,,,,,,-43.540001
192680,,,,0.135446,0.823364,-1.512703,0.411920,-0.247053,,,29.105362,30.921240,,,,,0.015717,0.022507,0.108748,,,,,,,,,
192681,,,,,,,,,,,,,25.881561,21.728052,0.154557,0.154907,,,,,,,,,,,,
192683,,,,,,,,,,,,,,,,,,,,0.113612,0.836012,-1.624426,,,,,,
192688,,,,,,,,,,,,,,,,,,,,,,,,,,,,-42.419998
192689,,,,,,,,,,,,,26.360991,22.211336,0.150312,0.151816,,,,,,,,,,,,
192693,,,,,,,,,,,,,,,,,,,,0.113414,0.831993,-1.635983,,,,,,
192698,,,,,,,,,,,,,,,,,,,,,,,,,,,,-45.570000
192699,,,,,,,,,,,,,26.567631,22.527676,0.148753,0.150331,,,,,,,,,,,,
192702,,,,,,,,,,,,,,,,,,,,0.113294,0.827973,-1.643669,,,,,,
192708,,,,,,,,,,,,,,,,,,,,,,,,,,,,-45.150002
192709,,,,,,,,,,,,,26.737965,22.790752,0.147523,0.149327,,,,,,,,,,,,
192715,,,,,,,,,,,,,,,,,,,,0.113083,0.824070,-1.651298,,,,,,
192718,,,,,,,,,,,,,,,,,,,,,,,,,,,,-37.240002
192719,,,,,,,,,,,,,26.871161,23.003246,0.146638,0.148785,,,,,,,,,,,,
192722,,,,,,,,,,,,,,,,,,,,0.112629,0.819799,-1.654977,,,,,,
192728,,,,,,,,,,,,,,,,,,,,,,,,,,,,-37.730000
192730,,,,0.136626,0.800945,-1.523469,0.436600,-0.225197,,,30.381918,33.171478,,,,,0.016803,0.025525,0.131778,,,,,,,,,
192731,,,,,,,,,,,,,27.324459,23.126984,0.155482,0.172059,,,,,,,,,,,,
192732,,,,,,,,,,,,,,,,,,,,0.112229,0.815658,-1.662566,,,,,,
192739,,,,,,,,,,,,,27.569538,23.383677,0.153594,0.171450,,,,,,,,,,,,
192742,,,,,,,,,,,,,,,,,,,,0.111857,0.811507,-1.670075,,,,,,-34.860001
192748,,,,,,,,,,,,,,,,,,,,,,,,,,,,-29.820000
192749,,,,,,,,,,,,,27.585386,24.063402,0.153995,0.166474,,,,,,,,,,,,
192753,,,,,,,,,,,,,,,,,,,,0.111471,0.807251,-1.673806,,,,,,
192758,,,,,,,,,,,,,,,,,,,,,,,,,,,,-26.950001
192759,,,,,,,,,,,,,28.143789,24.084070,0.148858,0.168085,,,,,,,,,,,,
192762,,,,,,,,,,,,,,,,,,,,0.111062,0.802758,-1.677532,,,,,,
192768,,,,,,,,,,,,,,,,,,,,,,,,,,,,-18.760000
192769,,,,,,,,,,,,,28.061499,24.645653,0.150145,0.164174,,,,,,,,,,,,
192772,,,,,,,,,,,,,,,,,,,,0.110550,0.798365,-1.681250,,,,,,
192778,,,,,,,,,,,,,,,,,,,,,,,,,,,,-15.610000
192780,,,,0.137628,0.777272,-1.533323,0.461432,-0.205848,,,31.759380,35.412758,,,,,0.018005,0.029256,0.148468,,,,,,,,,
192781,,,,,,,,,,,,,28.310545,25.436453,0.162119,0.180674,,,,,,,,,,,,
192782,,,,,,,,,,,,,,,,,,,,0.110005,0.793995,-1.681247,,,,,,
192788,,,,,,,,,,,,,,,,,,,,,,,,,,,,-15.050000
192789,,,,,,,,,,,,,28.419117,25.343908,0.161701,0.183614,,,,,,,,,,,,
192792,,,,,,,,,,,,,,,,,,,,0.109453,0.789384,-1.684961,,,,,,
192799,,,,,,,,,,,,,28.249535,26.204266,0.164099,0.176852,,,,,,,,,,,,
192802,,,,,,,,,,,,,,,,,,,,0.108658,0.784543,-1.684894,,,,,,-3.920000
192808,,,,,,,,,,,,,,,,,,,,,,,,,,,,2.730000
192809,,,,,,,,,,,,,28.204449,27.037971,0.165261,0.170190,,,,,,,,,,,,
192813,,,,,,,,,,,,,,,,,,,,0.108032,0.780000,-1.684894,,,,,,
192818,,,,,,,,,,,,,,,,,,,,,,,,,,,,1.750000
192819,,,,,,,,,,,,,28.664669,27.135035,0.161278,0.170875,,,,,,,,,,,,
192822,,,,,,,,,,,,,,,,,,,,0.107348,0.775336,-1.681218,,,,,,
192828,,,,,,,,,,,,,,,,,,,,,,,,,,,,4.550000
192830,,,,0.138447,0.752348,-1.542366,0.486320,-0.188661,,,33.665356,37.474987,,,,,0.019460,0.033426,0.140120,,,,,,,,,
192831,,,,,,,,,,,,,28.825365,28.009024,0.179699,0.184650,,,,,,,,,,,,
192833,,,,,,,,,,,,,,,,,,,,0.106652,0.770392,-1.684894,,,,,,
192838,,,,,,,,,,,,,,,,,,,,,,,,,,,,8.820000
192839,,,,,,,,,,,,,29.487762,28.146631,0.173910,0.185140,,,,,,,,,,,,
192843,,,,,,,,,,,,,,,,,,,,0.105948,0.765196,-1.681084,,,,,,
192848,,,,,,,,,,,,,,,,,,,,,,,,,,,,3.990000
192849,,,,,,,,,,,,,29.744946,28.616518,0.172122,0.182213,,,,,,,,,,,,
192852,,,,,,,,,,,,,,,,,,,,0.105176,0.760322,-1.681079,,,,,,
192859,,,,,,,,,,,,,29.958361,29.556787,0.170730,0.174394,,,,,,,,,,,,
192862,,,,,,,,,,,,,,,,,,,,,,,,,,,,13.440000
192863,,,,,,,,,,,,,,,,,,,,0.104430,0.755362,-1.677365,,,,,,
192868,,,,,,,,,,,,,,,,,,,,,,,,,,,,15.120000
192869,,,,,,,,,,,,,30.123583,29.785700,0.169786,0.173642,,,,,,,,,,,,
192873,,,,,,,,,,,,,,,,,,,,0.103584,0.750043,-1.677310,,,,,,
192878,,,,,,,,,,,,,,,,,,,,,,,,,,,,12.320000
192880,,,,0.139080,0.726180,-1.550685,0.511159,-0.173349,,,35.434570,39.230930,,,,,0.020067,0.037766,0.127330,,,,,,,,,
192881,,,,,,,,,,,,,30.530310,30.717318,0.184391,0.183588,,,,,,,,,,,,
192882,,,,,,,,,,,,,,,,,,,,0.102871,0.744901,-1.673576,,,,,,
192888,,,,,,,,,,,,,,,,,,,,,,,,,,,,8.400000
192889,,,,,,,,,,,,,30.914768,31.072117,0.181451,0.181672,,,,,,,,,,,,
192894,,,,,,,,,,,,,,,,,,,,0.102268,0.739787,-1.673576,,,,,,
192898,,,,,,,,,,,,,,,,,,,,,,,,,,,,3.570000
192899,,,,,,,,,,,,,31.512119,31.644512,0.176262,0.177465,,,,,,,,,,,,
192903,,,,,,,,,,,,,,,,,,,,0.101475,0.734552,-1.669776,,,,,,
192908,,,,,,,,,,,,,,,,,,,,,,,,,,,,-2.800000
192909,,,,,,,,,,,,,31.991493,32.102890,0.172157,0.174307,,,,,,,,,,,,
192913,,,,,,,,,,,,,,,,,,,,0.100916,0.729282,-1.669845,,,,,,
192918,,,,,,,,,,,,,,,,,,,,,,,,,,,,-0.980000
192919,,,,,,,,,,,,,31.847614,32.489117,0.174313,0.171793,,,,,,,,,,,,
192922,,,,,,,,,,,,,,,,,,,,0.100479,0.723844,-1.669963,,,,,,
192928,,,,,,,,,,,,,,,,,,,,,,,,,,,,-2.800000
192930,,,,0.139523,0.698779,-1.558357,0.535847,-0.159668,,,37.409264,41.042091,,,,,0.021135,0.041299,0.111771,,,,,,,,,
192931,,,,,,,,,,,,,32.434158,32.504120,0.189189,0.191462,,,,,,,,,,,,
192933,,,,,,,,,,,,,,,,,,,,0.099761,0.718362,-1.669849,,,,,,
192939,,,,,,,,,,,,,32.534912,33.249382,0.189157,0.185568,,,,,,,,,,,,
192942,,,,,,,,,,,,,,,,,,,,,,,,,,,,-3.920000
192943,,,,,,,,,,,,,,,,,,,,0.099133,0.712955,-1.673645,,,,,,
192948,,,,,,,,,,,,,,,,,,,,,,,,,,,,-5.040000
192949,,,,,,,,,,,,,33.425350,32.926418,0.181049,0.190421,,,,,,,,,,,,
192953,,,,,,,,,,,,,,,,,,,,0.098573,0.707562,-1.673641,,,,,,
192958,,,,,,,,,,,,,,,,,,,,,,,,,,,,-4.970000
192959,,,,,,,,,,,,,33.580429,33.160629,0.180264,0.189655,,,,,,,,,,,,
192962,,,,,,,,,,,,,,,,,,,,0.097999,0.701788,-1.673645,,,,,,
192968,,,,,,,,,,,,,,,,,,,,,,,,,,,,-8.540000
192969,,,,,,,,,,,,,34.296505,33.394016,0.173726,0.188851,,,,,,,,,,,,
192973,,,,,,,,,,,,,,,,,,,,0.097350,0.696308,-1.673694,,,,,,
192978,,,,,,,,,,,,,,,,,,,,,,,,,,,,-0.070000
192980,,,,0.139776,0.670163,-1.565447,0.560278,-0.147411,,,,,,,,,,,,,,,,,,,,
192981,,,,,,,,,,,38.983116,42.838432,34.358437,34.057529,0.189770,0.201935,0.021689,0.044870,0.108668,,,,,,,,,
192982,,,,,,,,,,,,,,,,,,,,0.096741,0.690665,-1.677503,,,,,,
192988,,,,,,,,,,,,,,,,,,,,,,,,,,,,-3.290000
192989,,,,,,,,,,,,,34.363480,34.110294,0.190644,0.203153,,,,,,,,,,,,
192992,,,,,,,,,,,,,,,,,,,,0.095962,0.684620,-1.677370,,,,,,
192999,,,,,,,,,,,,,34.938953,34.725922,0.185698,0.198620,,,,,,,,,,,,
193002,,,,,,,,,,,,,,,,,,,,,,,,,,,,-0.560000
193003,,,,,,,,,,,,,,,,,,,,0.095174,0.678659,-1.677315,,,,,,
193008,,,,,,,,,,,,,,,,,,,,,,,,,,,,7.210000
193009,,,,,,,,,,,,,35.409248,35.230003,0.181709,0.195101,,,,,,,,,,,,
193013,,,,,,,,,,,,,,,,,,,,0.094352,0.672836,-1.673645,,,,,,
193018,,,,,,,,,,,,,,,,,,,,,,,,,,,,6.790000
193019,,,,,,,,,,,,,35.834053,35.683235,0.178091,0.191999,,,,,,,,,,,,
193023,,,,,,,,,,,,,,,,,,,,0.093504,0.667058,-1.669967,,,,,,
193028,,,,,,,,,,,,,,,,,,,,,,,,,,,,10.150000
193030,,,,0.139836,0.640354,-1.572015,0.584345,-0.136400,,,40.640568,44.447166,,,,,0.022041,0.048689,0.098422,,,,,,,,,
193031,,,,,,,,,,,,,35.798092,36.141804,0.195994,0.205162,,,,,,,,,,,,
193032,,,,,,,,,,,,,,,,,,,,0.092777,0.661182,-1.669960,,,,,,
193038,,,,,,,,,,,,,,,,,,,,,,,,,,,,13.790000
193039,,,,,,,,,,,,,36.651371,36.940571,0.188259,0.198676,,,,,,,,,,,,
193042,,,,,,,,,,,,,,,,,,,,0.091888,0.654751,-1.669854,,,,,,
193048,,,,,,,,,,,,,,,,,,,,,,,,,,,,12.040000
193049,,,,,,,,,,,,,36.876129,37.119465,0.186764,0.198352,,,,,,,,,,,,
193052,,,,,,,,,,,,,,,,,,,,0.091205,0.648709,-1.666116,,,,,,
193058,,,,,,,,,,,,,,,,,,,,,,,,,,,,15.750000
193059,,,,,,,,,,,,,37.056736,37.809582,0.185675,0.192779,,,,,,,,,,,,
193063,,,,,,,,,,,,,,,,,,,,0.090428,0.642455,-1.662309,,,,,,
193068,,,,,,,,,,,,,,,,,,,,,,,,,,,,12.320000
193069,,,,,,,,,,,,,37.226959,37.860401,0.184655,0.193588,,,,,,,,,,,,
193074,,,,,,,,,,,,,,,,,,,,0.089697,0.636251,-1.662368,,,,,,
193080,,,,0.139702,0.609379,-1.578112,0.607942,-0.126486,,,42.337059,45.910625,,,,,,,,,,,,,,,,
193081,,,,,,,,,,,,,37.355705,38.816830,0.201329,0.200077,0.022268,0.052181,0.084430,,,,,,,,,
193082,,,,,,,,,,,,,,,,,,,,0.088986,0.629915,-1.658622,,,,,,
193085,,,,,,,,,,,,,,,,,,,,,,,,,,,,6.020000
193089,,,,,,,,,,,,,38.115059,39.344448,0.194580,0.196114,,,,,,,,,,,,
193090,,,,,,,,,,,,,,,,,,,,,,,,,,,,10.220000
193093,,,,,,,,,,,,,,,,,,,,0.088480,0.623637,-1.658683,,,,,,
193098,,,,,,,,,,,,,,,,,,,,,,,,,,,,10.220000
193099,,,,,,,,,,,,,38.102207,39.136616,0.195555,0.199547,,,,,,,,,,,,
193102,,,,,,,,,,,,,,,,,,,,0.087663,0.617451,-1.658614,,,,,,
193108,,,,,,,,,,,,,,,,,,,,,,,,,,,,13.300000
193109,,,,,,,,,,,,,38.637787,39.508137,0.190940,0.197112,,,,,,,,,,,,
193112,,,,,,,,,,,,,,,,,,,,0.086915,0.610882,-1.654865,,,,,,
193118,,,,,,,,,,,,,,,,,,,,,,,,,,,,10.850000
193119,,,,,,,,,,,,,38.542030,39.822723,0.192656,0.195184,,,,,,,,,,,,
193123,,,,,,,,,,,,,,,,,,,,0.086215,0.604432,-1.651160,,,,,,
193128,,,,,,,,,,,,,,,,,,,,,,,,,,,,14.910000
193130,,,,0.139374,0.577271,-1.583783,0.630962,-0.117539,,,44.198734,47.357929,,,,,0.022871,0.055097,0.067313,,,,,,,,,
193131,,,,,,,,,,,,,39.005867,39.613686,0.207673,0.213296,,,,,,,,,,,,
193132,,,,,,,,,,,,,,,,,,,,0.085637,0.597784,-1.651034,,,,,,
193139,,,,,,,,,,,,,39.254692,40.409626,0.206174,0.206727,,,,,,,,,,,,
193142,,,,,,,,,,,,,,,,,,,,0.084989,0.591338,-1.647448,,,,,,12.040000
193148,,,,,,,,,,,,,,,,,,,,,,,,,,,,9.310000
193149,,,,,,,,,,,,,39.694046,40.665810,0.202681,0.205503,,,,,,,,,,,,
193153,,,,,,,,,,,,,,,,,,,,0.084397,0.584612,-1.643617,,,,,,
193158,,,,,,,,,,,,,,,,,,,,,,,,,,,,8.050000
193159,,,,,,,,,,,,,39.975174,40.792816,0.200714,0.205546,,,,,,,,,,,,
193162,,,,,,,,,,,,,,,,,,,,0.083681,0.577604,-1.643415,,,,,,
193168,,,,,,,,,,,,,,,,,,,,,,,,,,,,4.620000
193169,,,,,,,,,,,,,40.207085,41.442715,0.199194,0.200230,,,,,,,,,,,,
193173,,,,,,,,,,,,,,,,,,,,0.083143,0.570843,-1.643491,,,,,,
193178,,,,,,,,,,,,,,,,,,,,,,,,,,,,1.610000
193180,,,,0.138854,0.544068,-1.589069,0.653299,-0.109447,,,45.756638,48.595562,,,,,0.022772,0.057448,0.054076,,,,,,,,,
193181,,,,,,,,,,,,,40.883904,41.453320,0.208979,0.213929,,,,,,,,,,,,
193182,,,,,,,,,,,,,,,,,,,,0.082444,0.563956,-1.643495,,,,,,
193188,,,,,,,,,,,,,,,,,,,,,,,,,,,,4.620000
193189,,,,,,,,,,,,,40.968388,42.104359,0.209092,0.208717,,,,,,,,,,,,
193192,,,,,,,,,,,,,,,,,,,,0.081775,0.557131,-1.643419,,,,,,
193199,,,,,,,,,,,,,41.578289,41.987362,0.203829,0.211208,,,,,,,,,,,,
193203,,,,,,,,,,,,,,,,,,,,0.081208,0.550403,-1.639716,,,,,,5.250000
193208,,,,,,,,,,,,,,,,,,,,,,,,,,,,4.620000
193209,,,,,,,,,,,,,42.109344,42.453537,0.199247,0.207775,,,,,,,,,,,,
193212,,,,,,,,,,,,,,,,,,,,0.080602,0.543452,-1.639708,,,,,,
193218,,,,,,,,,,,,,,,,,,,,,,,,,,,,1.400000
193219,,,,,,,,,,,,,42.561199,42.850800,0.195368,0.204951,,,,,,,,,,,,
193223,,,,,,,,,,,,,,,,,,,,0.079956,0.536561,-1.639835,,,,,,
193228,,,,,,,,,,,,,,,,,,,,,,,,,,,,3.430000
193230,,,,0.138142,0.509813,-1.594006,0.674849,-0.102115,,,47.171246,49.863125,,,,,0.022697,0.059826,0.045877,,,,,,,,,
193231,,,,,,,,,,,,,42.388165,43.571430,0.212201,0.211679,,,,,,,,,,,,
193232,,,,,,,,,,,,,,,,,,,,0.079375,0.529523,-1.639777,,,,,,
193238,,,,,,,,,,,,,,,,,,,,,,,,,,,,-2.520000
193239,,,,,,,,,,,,,42.873547,43.869148,0.208207,0.209901,,,,,,,,,,,,
193243,,,,,,,,,,,,,,,,,,,,0.078812,0.522536,-1.639886,,,,,,
193248,,,,,,,,,,,,,,,,,,,,,,,,,,,,0.630000
193249,,,,,,,,,,,,,43.218590,44.056290,0.205547,0.209191,,,,,,,,,,,,
193252,,,,,,,,,,,,,,,,,,,,0.078197,0.515520,-1.639889,,,,,,
193258,,,,,,,,,,,,,,,,,,,,,,,,,,,,2.730000
193259,,,,,,,,,,,,,43.485191,43.642258,0.203618,0.214575,,,,,,,,,,,,
193262,,,,,,,,,,,,,,,,,,,,0.077582,0.508458,-1.639835,,,,,,
193268,,,,,,,,,,,,,,,,,,,,,,,,,,,,4.200000
193269,,,,,,,,,,,,,43.710228,43.842381,0.202060,0.213778,,,,,,,,,,,,
193273,,,,,,,,,,,,,,,,,,,,0.077080,0.501090,-1.636147,,,,,,
193280,,,,0.137240,0.474552,-1.598625,0.695510,-0.095458,,,48.536602,51.046646,,,,,,,,,,,,,,,,
193281,,,,,,,,,,,,,43.745407,43.856598,0.216320,0.226909,0.022589,0.061726,0.037732,,,,,,,,,
193285,,,,,,,,,,,,,,,,,,,,,,,,,,,,10.150000
193283,,,,,,,,,,,,,,,,,,,,0.076478,0.493866,-1.636106,,,,,,
193289,,,,,,,,,,,,,44.156139,44.249695,0.213089,0.224337,,,,,,,,,,,,
193290,,,,,,,,,,,,,,,,,,,,,,,,,,,,11.270000
193294,,,,,,,,,,,,,,,,,,,,0.075839,0.486177,-1.632309,,,,,,
193298,,,,,,,,,,,,,,,,,,,,,,,,,,,,12.530000
193299,,,,,,,,,,,,,44.274048,44.900539,0.212762,0.219058,,,,,,,,,,,,
193302,,,,,,,,,,,,,,,,,,,,0.075064,0.478622,-1.632128,,,,,,
193308,,,,,,,,,,,,,,,,,,,,,,,,,,,,11.690000
193309,,,,,,,,,,,,,44.901791,45.428921,0.207212,0.214898,,,,,,,,,,,,
193312,,,,,,,,,,,,,,,,,,,,0.074454,0.471069,-1.632052,,,,,,
193318,,,,,,,,,,,,,,,,,,,,,,,,,,,,9.380000
193319,,,,,,,,,,,,,44.927319,45.920612,0.207678,0.211006,,,,,,,,,,,,
193323,,,,,,,,,,,,,,,,,,,,0.073923,0.463639,-1.632065,,,,,,
193328,,,,,,,,,,,,,,,,,,,,,,,,,,,,12.950000
193330,,,,0.136153,0.438340,-1.602956,0.715184,-0.089406,,,49.618828,51.879101,,,,,0.021576,0.063577,0.028679,,,,,,,,,
193331,,,,,,,,,,,,,45.330956,46.166710,0.215322,0.218012,,,,,,,,,,,,
193332,,,,,,,,,,,,,,,,,,,,0.073360,0.456286,-1.632197,,,,,,
193339,,,,,,,,,,,,,45.972858,46.023445,0.209632,0.220616,,,,,,,,,,,,
193343,,,,,,,,,,,,,,,,,,,,0.072755,0.448665,-1.628462,,,,,,11.410000
193348,,,,,,,,,,,,,,,,,,,,,,,,,,,,11.410000
193349,,,,,,,,,,,,,45.833569,46.976440,0.211782,0.212067,,,,,,,,,,,,
193353,,,,,,,,,,,,,,,,,,,,0.072114,0.441147,-1.624513,,,,,,
193358,,,,,,,,,,,,,,,,,,,,,,,,,,,,9.310000
193359,,,,,,,,,,,,,46.237843,47.199451,0.208415,0.210772,,,,,,,,,,,,
193363,,,,,,,,,,,,,,,,,,,,0.071503,0.433546,-1.624644,,,,,,
193368,,,,,,,,,,,,,,,,,,,,,,,,,,,,9.450000
193369,,,,,,,,,,,,,46.584953,47.394051,0.205551,0.209723,,,,,,,,,,,,
193373,,,,,,,,,,,,,,,,,,,,0.070827,0.425809,-1.624510,,,,,,
193378,,,,,,,,,,,,,,,,,,,,,,,,,,,,-2.170000
193380,,,,0.134882,0.401233,-1.607023,0.733774,-0.083894,,,50.861820,52.739056,,,,,0.021143,0.065196,0.017442,,,,,,,,,
193381,,,,,,,,,,,,,46.701691,47.851536,0.217645,0.214726,,,,,,,,,,,,
193382,,,,,,,,,,,,,,,,,,,,0.070413,0.418336,-1.624696,,,,,,
193388,,,,,,,,,,,,,,,,,,,,,,,,,,,,6.230000
193389,,,,,,,,,,,,,47.156345,47.468693,0.213840,0.219608,,,,,,,,,,,,
193392,,,,,,,,,,,,,,,,,,,,0.069853,0.410873,-1.624694,,,,,,
193398,,,,,,,,,,,,,,,,,,,,,,,,,,,,5.600000
193399,,,,,,,,,,,,,47.365528,47.628338,0.212447,0.219034,,,,,,,,,,,,
193403,,,,,,,,,,,,,,,,,,,,0.069409,0.403325,-1.624812,,,,,,
193408,,,,,,,,,,,,,,,,,,,,,,,,,,,,5.600000
193409,,,,,,,,,,,,,47.536884,47.758015,0.211399,0.218733,,,,,,,,,,,,
193412,,,,,,,,,,,,,,,,,,,,0.068928,0.395604,-1.620965,,,,,,
193419,,,,,,,,,,,,,47.634113,47.820175,0.211072,0.219095,,,,,,,,,,,,
193422,,,,,,,,,,,,,,,,,,,,,,,,,,,,8.680000
193423,,,,,,,,,,,,,,,,,,,,0.068481,0.387679,-1.620997,,,,,,
193428,,,,,,,,,,,,,,,,,,,,,,,,,,,,5.250000
193430,,,,0.133434,0.363292,-1.610850,0.751190,-0.078868,,,52.058968,53.699032,,,,,0.021092,0.066063,0.010291,,,,,,,,,
193431,,,,,,,,,,,,,47.623447,47.779999,0.224037,0.230281,,,,,,,,,,,,
193433,,,,,,,,,,,,,,,,,,,,0.068019,0.379754,-1.617145,,,,,,
193438,,,,,,,,,,,,,,,,,,,,,,,,,,,,4.480000
193439,,,,,,,,,,,,,47.955627,48.744453,0.221536,0.221627,,,,,,,,,,,,
193442,,,,,,,,,,,,,,,,,,,,0.067514,0.371786,-1.613169,,,,,,
193448,,,,,,,,,,,,,,,,,,,,,,,,,,,,0.770000
193449,,,,,,,,,,,,,48.006386,48.670105,0.221839,0.223376,,,,,,,,,,,,
193452,,,,,,,,,,,,,,,,,,,,0.066963,0.363749,-1.609203,,,,,,
193458,,,,,,,,,,,,,,,,,,,,,,,,,,,,1.330000
193459,,,,,,,,,,,,,48.637390,49.195847,0.216213,0.219020,,,,,,,,,,,,
193462,,,,,,,,,,,,,,,,,,,,0.066458,0.356003,-1.613107,,,,,,
193468,,,,,,,,,,,,,,,,,,,,,,,,,,,,2.870000
193469,,,,,,,,,,,,,48.580021,49.049908,0.217483,0.221409,,,,,,,,,,,,
193473,,,,,,,,,,,,,,,,,,,,0.065866,0.348138,-1.613271,,,,,,
193480,,,,0.131812,0.324582,-1.614457,0.767346,-0.074280,,,,,,,,,,,,,,,,,,,,
193481,,,,,,,,,,,53.206287,54.391037,49.002060,49.397423,0.225577,0.225852,0.020763,0.066829,-0.000899,,,,,,,,,
193485,,,,,,,,,,,,,,,,,,,,,,,,,,,,2.380000
193483,,,,,,,,,,,,,,,,,,,,0.065286,0.340011,-1.613167,,,,,,
193489,,,,,,,,,,,,,48.895042,49.227699,0.227509,0.228582,,,,,,,,,,,,
193490,,,,,,,,,,,,,,,,,,,,,,,,,,,,5.810000
193493,,,,,,,,,,,,,,,,,,,,0.064686,0.331867,-1.613112,,,,,,
193498,,,,,,,,,,,,,,,,,,,,,,,,,,,,0.560000
193499,,,,,,,,,,,,,49.356083,49.635979,0.223669,0.225451,,,,,,,,,,,,
193502,,,,,,,,,,,,,,,,,,,,0.064187,0.323781,-1.617003,,,,,,
193508,,,,,,,,,,,,,,,,,,,,,,,,,,,,1.050000
193509,,,,,,,,,,,,,49.200912,49.984467,0.226021,0.222847,,,,,,,,,,,,
193512,,,,,,,,,,,,,,,,,,,,0.063822,0.315774,-1.616950,,,,,,
193518,,,,,,,,,,,,,,,,,,,,,,,,,,,,-3.220000
193519,,,,,,,,,,,,,49.634983,50.294266,0.222395,0.220568,,,,,,,,,,,,
193523,,,,,,,,,,,,,,,,,,,,0.063321,0.308085,-1.613227,,,,,,
193528,,,,,,,,,,,,,,,,,,,,,,,,,,,,1.050000
193530,,,,0.130022,0.285174,-1.617865,0.782160,-0.070088,,,54.018085,55.063171,,,,,0.020111,0.067519,-0.005134,,,,,,,,,
193531,,,,,,,,,,,,,49.741867,50.296589,0.230299,0.228220,,,,,,,,,,,,
193532,,,,,,,,,,,,,,,,,,,,0.062876,0.299743,-1.613177,,,,,,
193539,,,,,,,,,,,,,50.312481,50.128479,0.225334,0.230888,,,,,,,,,,,,
193542,,,,,,,,,,,,,,,,,,,,,,,,,,,,5.600000
193543,,,,,,,,,,,,,,,,,,,,0.062437,0.291522,-1.613271,,,,,,
193548,,,,,,,,,,,,,,,,,,,,,,,,,,,,-2.310000
193549,,,,,,,,,,,,,50.639786,49.931175,0.222737,0.233887,,,,,,,,,,,,
193552,,,,,,,,,,,,,,,,,,,,0.061978,0.283372,-1.613271,,,,,,
193558,,,,,,,,,,,,,,,,,,,,,,,,,,,,0.910000
193559,,,,,,,,,,,,,50.824108,50.227882,0.221533,0.231887,,,,,,,,,,,,
193563,,,,,,,,,,,,,,,,,,,,0.061470,0.275162,-1.617141,,,,,,
193567,,,,,,,,,,,,,,,,,,,,,,,,,,,,-2.310000
193569,,,,,,,,,,,,,50.992439,51.039379,0.220454,0.224577,,,,,,,,,,,,
193573,,,,,,,,,,,,,,,,,,,,0.061059,0.266671,-1.617101,,,,,,
193578,,,,,,,,,,,,,,,,,,,,,,,,,,,,-3.150000
193580,,,,0.128071,0.245139,-1.621088,0.795556,-0.066254,,,54.354530,55.490440,,,,,0.018491,0.067879,-0.004390,,,,,,,,,
193581,,,,,,,,,,,,,50.901260,50.940758,0.225421,0.230746,,,,,,,,,,,,
193582,,,,,,,,,,,,,,,,,,,,0.060404,0.258592,-1.613339,,,,,,
193587,,,,,,,,,,,,,,,,,,,,,,,,,,,,2.870000
193589,,,,,,,,,,,,,51.314362,51.347595,0.221898,0.227506,,,,,,,,,,,,
193592,,,,,,,,,,,,,,,,,,,,0.059832,0.250118,-1.617097,,,,,,
193598,,,,,,,,,,,,,,,,,,,,,,,,,,,,2.800000
193599,,,,,,,,,,,,,51.409088,51.437050,0.221540,0.227422,,,,,,,,,,,,
193603,,,,,,,,,,,,,,,,,,,,0.059269,0.241535,-1.613221,,,,,,
193608,,,,,,,,,,,,,,,,,,,,,,,,,,,,6.090000
193609,,,,,,,,,,,,,51.478016,51.501541,0.221426,0.227575,,,,,,,,,,,,
193614,,,,,,,,,,,,,,,,,,,,0.058676,0.233093,-1.613167,,,,,,
193619,,,,,,,,,,,,,51.961430,51.981220,0.217071,0.223480,,,,,,,,,,,,
193623,,,,,,,,,,,,,,,,,,,,,,,,,,,,1.610000
193625,,,,,,,,,,,,,,,,,,,,0.058325,0.224752,-1.613169,,,,,,
193628,,,,,,,,,,,,,,,,,,,,,,,,,,,,-1.050000
193630,,,,0.125965,0.204555,-1.624144,0.807468,-0.062746,,,,,,,,,,,,,,,,,,,,
193631,,,,,,,,,,,54.905388,55.773067,51.984211,52.000862,0.222936,0.226864,0.017335,0.068366,-0.010692,,,,,,,,,
193632,,,,,,,,,,,,,,,,,,,,0.058035,0.216663,-1.613271,,,,,,
193638,,,,,,,,,,,,,,,,,,,,,,,,,,,,-2.520000
193639,,,,,,,,,,,,,52.033096,52.738239,0.223021,0.220098,,,,,,,,,,,,
193642,,,,,,,,,,,,,,,,,,,,0.057612,0.208308,-1.613346,,,,,,
193648,,,,,,,,,,,,,,,,,,,,,,,,,,,,-2.380000
193649,,,,,,,,,,,,,52.009682,52.602989,0.223834,0.222084,,,,,,,,,,,,
193652,,,,,,,,,,,,,,,,,,,,0.057180,0.200351,-1.613384,,,,,,
193658,,,,,,,,,,,,,,,,,,,,,,,,,,,,6.300000
193659,,,,,,,,,,,,,51.999943,51.949886,0.224513,0.229380,,,,,,,,,,,,
193662,,,,,,,,,,,,,,,,,,,,0.056658,0.191902,-1.613313,,,,,,
193668,,,,,,,,,,,,,,,,,,,,,,,,,,,,0.980000
193669,,,,,,,,,,,,,51.977646,51.935528,0.225321,0.230291,,,,,,,,,,,,
193672,,,,,,,,,,,,,,,,,,,,0.056184,0.183123,-1.609504,,,,,,
193678,,,,,,,,,,,,,,,,,,,,,,,,,,,,1.820000
193680,,,,0.123712,0.163499,-1.627046,0.817833,-0.059536,,,55.603313,56.164314,,,,,0.016984,0.068206,-0.017175,,,,,,,,,
193681,,,,,,,,,,,,,52.185978,52.150539,0.230901,0.232856,,,,,,,,,,,,
193682,,,,,,,,,,,,,,,,,,,,0.055483,0.174461,-1.609385,,,,,,
193688,,,,,,,,,,,,,,,,,,,,,,,,,,,,3.220000
193689,,,,,,,,,,,,,52.433128,52.403313,0.229063,0.231080,,,,,,,,,,,,
193692,,,,,,,,,,,,,,,,,,,,0.054867,0.165588,-1.609385,,,,,,
193699,,,,,,,,,,,,,52.343784,52.867134,0.230609,0.227102,,,,,,,,,,,,
193703,,,,,,,,,,,,,,,,,,,,,,,,,,,,-7.350000
193702,,,,,,,,,,,,,,,,,,,,0.054288,0.156963,-1.609200,,,,,,
193708,,,,,,,,,,,,,,,,,,,,,,,,,,,,-3.080000
193709,,,,,,,,,,,,,52.833870,52.724728,0.226262,0.229214,,,,,,,,,,,,
193712,,,,,,,,,,,,,,,,,,,,0.053740,0.148429,-1.609268,,,,,,
193718,,,,,,,,,,,,,,,,,,,,,,,,,,,,-0.070000
193719,,,,,,,,,,,,,52.666908,52.575073,0.228519,0.231428,,,,,,,,,,,,
193723,,,,,,,,,,,,,,,,,,,,0.053176,0.139561,-1.612873,,,,,,
193728,,,,,,,,,,,,,,,,,,,,,,,,,,,,-2.310000
193730,,,,0.121320,0.122053,-1.629808,0.826597,-0.056598,,,55.507473,56.109795,,,,,0.014769,0.068708,-0.017110,,,,,,,,,
193731,,,,,,,,,,,,,53.242409,52.695217,0.222258,0.230364,,,,,,,,,,,,
193732,,,,,,,,,,,,,,,,,,,,0.052714,0.130811,-1.612956,,,,,,
193738,,,,,,,,,,,,,,,,,,,,,,,,,,,,2.940000
193739,,,,,,,,,,,,,53.294388,53.487537,0.222181,0.222966,,,,,,,,,,,,
193743,,,,,,,,,,,,,,,,,,,,0.052125,0.122140,-1.612953,,,,,,
193748,,,,,,,,,,,,,,,,,,,,,,,,,,,,-5.950000
193749,,,,,,,,,,,,,53.105900,53.268417,0.224546,0.225725,,,,,,,,,,,,
193753,,,,,,,,,,,,,,,,,,,,0.051654,0.113459,-1.612956,,,,,,
193759,,,,,,,,,,,,,53.430977,53.567722,0.221711,0.223240,,,,,,,,,,,,
193763,,,,,,,,,,,,,,,,,,,,,,,,,,,,-8.610000
193762,,,,,,,,,,,,,,,,,,,,0.051212,0.105022,-1.613100,,,,,,
193768,,,,,,,,,,,,,,,,,,,,,,,,,,,,-3.080000
193769,,,,,,,,,,,,,53.739773,53.854828,0.218976,0.220820,,,,,,,,,,,,
193773,,,,,,,,,,,,,,,,,,,,0.050804,0.096499,-1.613163,,,,,,
193778,,,,,,,,,,,,,,,,,,,,,,,,,,,,-3.220000
193780,,,,0.118798,0.080301,-1.632441,0.833714,-0.053910,,,55.596851,56.096279,,,,,0.013331,0.068559,-0.019406,,,,,,,,,
193781,,,,,,,,,,,,,53.660622,53.757431,0.221049,0.222127,,,,,,,,,,,,
193783,,,,,,,,,,,,,,,,,,,,0.050298,0.088279,-1.613219,,,,,,
193788,,,,,,,,,,,,,,,,,,,,,,,,,,,,-0.420000
193789,,,,,,,,,,,,,53.707901,53.131058,0.220954,0.228984,,,,,,,,,,,,
193792,,,,,,,,,,,,,,,,,,,,0.049897,0.079658,-1.613307,,,,,,
193798,,,,,,,,,,,,,,,,,,,,,,,,,,,,0.350000
193799,,,,,,,,,,,,,53.942776,53.457420,0.218936,0.226248,,,,,,,,,,,,
193802,,,,,,,,,,,,,,,,,,,,0.049412,0.070863,-1.613267,,,,,,
193808,,,,,,,,,,,,,,,,,,,,,,,,,,,,-6.370000
193809,,,,,,,,,,,,,53.604069,53.743469,0.222722,0.223858,,,,,,,,,,,,
193813,,,,,,,,,,,,,,,,,,,,0.048846,0.062302,-1.613219,,,,,,
193819,,,,,,,,,,,,,53.901375,54.018669,0.220088,0.221521,,,,,,,,,,,,
193823,,,,,,,,,,,,,,,,,,,,,,,,,,,,-7.000000
193822,,,,,,,,,,,,,,,,,,,,0.048384,0.053702,-1.613306,,,,,,
193829,,,,,,,,,,,,,54.136452,53.686150,0.218029,0.225329,,,,,,,,,,,,-7.910000
193831,,,,0.116154,0.038327,-1.634957,0.839145,-0.051453,,,55.727650,56.137665,,,,,0.012437,0.068317,-0.021313,,,,,,,,,
193833,,,,,,,,,,,,,,,,,,,,0.047708,0.044965,-1.613266,,,,,,
193838,,,,,,,,,,,,,,,,,,,,,,,,,,,,-2.030000
193839,,,,,,,,,,,,,54.319214,53.940331,0.217791,0.223640,,,,,,,,,,,,
193842,,,,,,,,,,,,,,,,,,,,0.047130,0.036345,-1.617094,,,,,,
193848,,,,,,,,,,,,,,,,,,,,,,,,,,,,-6.580000
193849,,,,,,,,,,,,,54.473873,53.606976,0.216495,0.227480,,,,,,,,,,,,
193852,,,,,,,,,,,,,,,,,,,,0.046691,0.027879,-1.617096,,,,,,
193858,,,,,,,,,,,,,,,,,,,,,,,,,,,,2.730000
193859,,,,,,,,,,,,,54.055069,53.873714,0.221018,0.225265,,,,,,,,,,,,
193862,,,,,,,,,,,,,,,,,,,,0.046274,0.019117,-1.620993,,,,,,
193868,,,,,,,,,,,,,,,,,,,,,,,,,,,,-3.220000
193869,,,,,,,,,,,,,54.256039,54.103447,0.219302,0.223375,,,,,,,,,,,,
193873,,,,,,,,,,,,,,,,,,,,0.045626,0.010586,-1.620994,,,,,,
193878,,,,,,,,,,,,,,,,,,,,,,,,,,,,-3.360000
193880,,,,0.113397,-0.003783,-1.637366,0.842861,-0.049209,,,55.425819,56.087631,,,,,0.010970,0.068325,-0.016864,,,,,,,,,
193881,,,,,,,,,,,,,54.128605,54.000214,0.217818,0.224324,,,,,,,,,,,,
193884,,,,,,,,,,,,,,,,,,,,0.045008,0.002071,-1.617214,,,,,,
193888,,,,,,,,,,,,,,,,,,,,,,,,,,,,-3.920000
193889,,,,,,,,,,,,,54.046158,53.938129,0.218918,0.225375,,,,,,,,,,,,
193893,,,,,,,,,,,,,,,,,,,,0.044641,-0.006492,-1.621036,,,,,,
193899,,,,,,,,,,,,,54.231785,54.140888,0.217301,0.223737,,,,,,,,,,,,
193903,,,,,,,,,,,,,,,,,,,,,,,,,,,,3.850000
193902,,,,,,,,,,,,,,,,,,,,0.044092,-0.014757,-1.617216,,,,,,
193908,,,,,,,,,,,,,,,,,,,,,,,,,,,,4.410000
193909,,,,,,,,,,,,,53.853031,53.776550,0.221403,0.227842,,,,,,,,,,,,
193913,,,,,,,,,,,,,,,,,,,,0.043426,-0.023927,-1.621036,,,,,,
193918,,,,,,,,,,,,,,,,,,,,,,,,,,,,7.840000
193919,,,,,,,,,,,,,54.086044,53.473309,0.219341,0.231398,,,,,,,,,,,,
193922,,,,,,,,,,,,,,,,,,,,0.042678,-0.033098,-1.617046,,,,,,
193928,,,,,,,,,,,,,,,,,,,,,,,,,,,,4.690000
193930,,,,0.110537,-0.045941,-1.639676,0.844841,-0.047164,,,55.313858,55.722679,,,,,0.009701,0.068325,-0.021849,,,,,,,,,
193931,,,,,,,,,,,,,53.488365,53.911678,0.224563,0.223727,,,,,,,,,,,,
193932,,,,,,,,,,,,,,,,,,,,0.042037,-0.041918,-1.616994,,,,,,
193938,,,,,,,,,,,,,,,,,,,,,,,,,,,,0.000000
193939,,,,,,,,,,,,,54.216805,53.915005,0.217498,0.224055,,,,,,,,,,,,
193942,,,,,,,,,,,,,,,,,,,,0.041443,-0.051063,-1.616782,,,,,,
193948,,,,,,,,,,,,,,,,,,,,,,,,,,,,1.890000
193949,,,,,,,,,,,,,53.860340,54.155895,0.221353,0.221959,,,,,,,,,,,,
193953,,,,,,,,,,,,,,,,,,,,0.040736,-0.059808,-1.616994,,,,,,
193959,,,,,,,,,,,,,54.083366,54.332047,0.219369,0.220476,,,,,,,,,,,,
193963,,,,,,,,,,,,,,,,,,,,,,,,,,,,4.760000
193962,,,,,,,,,,,,,,,,,,,,0.040144,-0.068300,-1.616927,,,,,,
193968,,,,,,,,,,,,,,,,,,,,,,,,,,,,7.980000
193969,,,,,,,,,,,,,54.268375,54.477615,0.217728,0.219269,,,,,,,,,,,,
193973,,,,,,,,,,,,,,,,,,,,0.039546,-0.077010,-1.616931,,,,,,
193978,,,,,,,,,,,,,,,,,,,,,,,,,,,,1.120000
193980,,,,0.107584,-0.088060,-1.641899,0.845072,-0.045304,,,,,,,,,,,,,,,,,,,,
193981,,,,,,,,,,,54.913090,55.162148,54.331020,54.507076,0.213211,0.213500,0.007954,0.068376,-0.025056,,,,,,,,,
193983,,,,,,,,,,,,,,,,,,,,0.039222,-0.085388,-1.613218,,,,,,
193988,,,,,,,,,,,,,,,,,,,,,,,,,,,,0.000000
193989,,,,,,,,,,,,,54.619713,54.767849,0.210382,0.210972,,,,,,,,,,,,
193992,,,,,,,,,,,,,,,,,,,,0.038699,-0.093918,-1.613264,,,,,,
193998,,,,,,,,,,,,,,,,,,,,,,,,,,,,-6.510000
193999,,,,,,,,,,,,,54.173645,54.846062,0.214991,0.210253,,,,,,,,,,,,
194002,,,,,,,,,,,,,,,,,,,,0.038341,-0.102760,-1.617136,,,,,,
194008,,,,,,,,,,,,,,,,,,,,,,,,,,,,-5.950000
194009,,,,,,,,,,,,,54.371742,54.388134,0.213118,0.214987,,,,,,,,,,,,
194012,,,,,,,,,,,,,,,,,,,,0.038002,-0.111476,-1.613267,,,,,,
194018,,,,,,,,,,,,,,,,,,,,,,,,,,,,-5.180000
194019,,,,,,,,,,,,,53.960045,53.973839,0.217426,0.219367,,,,,,,,,,,,
194022,,,,,,,,,,,,,,,,,,,,0.037376,-0.120343,-1.617095,,,,,,
194028,,,,,,,,,,,,,,,,,,,,,,,,,,,,-1.050000
194030,,,,0.104548,-0.130054,-1.644041,0.843551,-0.043617,,,54.497456,54.629570,,,,,0.006616,0.067526,-0.026978,,,,,,,,,
194031,,,,,,,,,,,,,54.327374,53.869221,0.209630,0.215240,,,,,,,,,,,,
194032,,,,,,,,,,,,,,,,,,,,0.036746,-0.129235,-1.617094,,,,,,
194039,,,,,,,,,,,,,54.217487,53.831997,0.210785,0.215772,,,,,,,,,,,,
194042,,,,,,,,,,,,,,,,,,,,0.036075,-0.138141,-1.620752,,,,,,-1.120000
194048,,,,,,,,,,,,,,,,,,,,,,,,,,,,-3.990000
194049,,,,,,,,,,,,,53.894318,53.569965,0.214137,0.218604,,,,,,,,,,,,
194052,,,,,,,,,,,,,,,,,,,,0.035506,-0.146722,-1.616860,,,,,,
194058,,,,,,,,,,,,,,,,,,,,,,,,,,,,-3.290000
194059,,,,,,,,,,,,,54.113720,53.840809,0.212020,0.216053,,,,,,,,,,,,
194064,,,,,,,,,,,,,,,,,,,,0.034954,-0.155766,-1.620687,,,,,,
194068,,,,,,,,,,,,,,,,,,,,,,,,,,,,-1.960000
194069,,,,,,,,,,,,,54.290390,54.060764,0.210295,0.213967,,,,,,,,,,,,
194072,,,,,,,,,,,,,,,,,,,,0.034172,-0.164613,-1.620518,,,,,,
194078,,,,,,,,,,,,,,,,,,,,,,,,,,,,-7.000000
194080,,,,0.101438,-0.171835,-1.646111,0.840284,-0.042095,,,53.513355,53.717957,,,,,0.003965,0.067448,-0.025696,,,,,,,,,
194081,,,,,,,,,,,,,53.696236,53.974579,0.206359,0.205662,,,,,,,,,,,,
194083,,,,,,,,,,,,,,,,,,,,0.033395,-0.173512,-1.620331,,,,,,
194088,,,,,,,,,,,,,,,,,,,,,,,,,,,,-1.960000
194089,,,,,,,,,,,,,54.318829,53.900253,0.199972,0.206368,,,,,,,,,,,,
194094,,,,,,,,,,,,,,,,,,,,0.032861,-0.182182,-1.620431,,,,,,
194099,,,,,,,,,,,,,53.962017,53.609829,0.203450,0.209294,,,,,,,,,,,,
194103,,,,,,,,,,,,,,,,,,,,0.032338,-0.190637,-1.620435,,,,,,1.190000
194108,,,,,,,,,,,,,,,,,,,,,,,,,,,,2.310000
194109,,,,,,,,,,,,,53.642639,53.346306,0.206618,0.212004,,,,,,,,,,,,
194112,,,,,,,,,,,,,,,,,,,,0.031826,-0.199100,-1.620328,,,,,,
194118,,,,,,,,,,,,,,,,,,,,,,,,,,,,0.630000
194119,,,,,,,,,,,,,53.892262,53.095592,0.204046,0.214636,,,,,,,,,,,,
194123,,,,,,,,,,,,,,,,,,,,0.031413,-0.207630,-1.620527,,,,,,
194128,,,,,,,,,,,,,,,,,,,,,,,,,,,,0.350000
194130,,,,0.098266,-0.213317,-1.648116,0.835284,-0.040729,,,52.781174,52.912056,,,,,0.002348,0.067006,-0.026962,,,,,,,,,
194131,,,,,,,,,,,,,53.765713,53.095394,0.197793,0.206542,,,,,,,,,,,,
194133,,,,,,,,,,,,,,,,,,,,0.030913,-0.215767,-1.620815,,,,,,
194138,,,,,,,,,,,,,,,,,,,,,,,,,,,,0.490000
194139,,,,,,,,,,,,,53.814987,53.250980,0.197093,0.204918,,,,,,,,,,,,
194142,,,,,,,,,,,,,,,,,,,,0.030407,-0.224173,-1.620749,,,,,,
194148,,,,,,,,,,,,,,,,,,,,,,,,,,,,-0.700000
194149,,,,,,,,,,,,,53.508965,53.034409,0.200008,0.207059,,,,,,,,,,,,
194153,,,,,,,,,,,,,,,,,,,,0.029781,-0.232882,-1.620682,,,,,,
194159,,,,,,,,,,,,,53.208591,53.355045,0.202926,0.203764,,,,,,,,,,,,
194163,,,,,,,,,,,,,,,,,,,,,,,,,,,,-1.610000
194162,,,,,,,,,,,,,,,,,,,,0.029371,-0.241775,-1.620537,,,,,,
194168,,,,,,,,,,,,,,,,,,,,,,,,,,,,-3.150000
194169,,,,,,,,,,,,,53.034550,53.157776,0.204616,0.205688,,,,,,,,,,,,
194173,,,,,,,,,,,,,,,,,,,,0.028844,-0.250220,-1.624174,,,,,,
194178,,,,,,,,,,,,,,,,,,,,,,,,,,,,-3.220000
194180,,,,0.095042,-0.254417,-1.650064,0.828574,-0.039512,,,51.888481,52.041950,,,,,0.000701,0.066288,-0.026240,,,,,,,,,
194181,,,,,,,,,,,,,52.577579,52.681263,0.200121,0.201624,,,,,,,,,,,,
194183,,,,,,,,,,,,,,,,,,,,0.028146,-0.258674,-1.624348,,,,,,
194188,,,,,,,,,,,,,,,,,,,,,,,,,,,,-2.450000
194189,,,,,,,,,,,,,52.791458,52.878696,0.197801,0.199483,,,,,,,,,,,,
194192,,,,,,,,,,,,,,,,,,,,0.027759,-0.267283,-1.620454,,,,,,
194198,,,,,,,,,,,,,,,,,,,,,,,,,,,,-3.360000
194199,,,,,,,,,,,,,52.633698,52.707100,0.199230,0.201065,,,,,,,,,,,,
194202,,,,,,,,,,,,,,,,,,,,0.027103,-0.275909,-1.616712,,,,,,
194208,,,,,,,,,,,,,,,,,,,,,,,,,,,,-4.410000
194209,,,,,,,,,,,,,52.509228,52.570992,0.200351,0.202321,,,,,,,,,,,,
194213,,,,,,,,,,,,,,,,,,,,0.026777,-0.284037,-1.620441,,,,,,
194218,,,,,,,,,,,,,,,,,,,,,,,,,,,,-9.170000
194219,,,,,,,,,,,,,52.410301,51.913666,0.201235,0.208920,,,,,,,,,,,,
194223,,,,,,,,,,,,,,,,,,,,0.026319,-0.292239,-1.624273,,,,,,
194228,,,,,,,,,,,,,,,,,,,,,,,,,,,,-6.930000
194230,,,,0.091775,-0.295051,-1.651962,0.820187,-0.038438,,,51.011402,51.089821,,,,,-0.000682,0.065492,-0.027330,,,,,,,,,
194231,,,,,,,,,,,,,52.566811,52.148941,0.190588,0.196834,,,,,,,,,,,,
194232,,,,,,,,,,,,,,,,,,,,0.025693,-0.300320,-1.627882,,,,,,
194239,,,,,,,,,,,,,51.981213,52.275574,0.196250,0.195330,,,,,,,,,,,,
194242,,,,,,,,,,,,,,,,,,,,0.025041,-0.308526,-1.624513,,,,,,-9.800000
194248,,,,,,,,,,,,,,,,,,,,,,,,,,,,-9.100000
194249,,,,,,,,,,,,,52.068428,51.760674,0.195167,0.200345,,,,,,,,,,,,
194253,,,,,,,,,,,,,,,,,,,,0.024658,-0.316710,-1.624579,,,,,,
194258,,,,,,,,,,,,,,,,,,,,,,,,,,,,-8.050000
194259,,,,,,,,,,,,,52.024513,51.765572,0.195403,0.200161,,,,,,,,,,,,
194264,,,,,,,,,,,,,,,,,,,,0.024059,-0.324895,-1.624579,,,,,,
194268,,,,,,,,,,,,,,,,,,,,,,,,,,,,-6.160000
194269,,,,,,,,,,,,,51.460827,51.242954,0.200950,0.205357,,,,,,,,,,,,
194273,,,,,,,,,,,,,,,,,,,,0.023561,-0.333123,-1.628384,,,,,,
194278,,,,,,,,,,,,,,,,,,,,,,,,,,,,-4.620000
194280,,,,0.088477,-0.335140,-1.653817,0.810161,-0.037503,,,50.057671,50.211792,,,,,-0.001720,0.064880,-0.025573,,,,,,,,,
194281,,,,,,,,,,,,,51.267830,51.084511,0.193101,0.197986,,,,,,,,,,,,
194283,,,,,,,,,,,,,,,,,,,,0.022859,-0.341351,-1.632040,,,,,,
194288,,,,,,,,,,,,,,,,,,,,,,,,,,,,-3.780000
194289,,,,,,,,,,,,,51.690468,51.536224,0.188548,0.193204,,,,,,,,,,,,
194293,,,,,,,,,,,,,,,,,,,,0.022253,-0.349612,-1.635983,,,,,,
194299,,,,,,,,,,,,,51.170471,51.040691,0.193526,0.197994,,,,,,,,,,,,
194303,,,,,,,,,,,,,,,,,,,,,,,,,,,,-0.840000
194304,,,,,,,,,,,,,,,,,,,,0.021522,-0.357796,-1.632111,,,,,,
194308,,,,,,,,,,,,,,,,,,,,,,,,,,,,-1.120000
194309,,,,,,,,,,,,,50.736816,50.627617,0.197726,0.202041,,,,,,,,,,,,
194312,,,,,,,,,,,,,,,,,,,,0.020932,-0.365916,-1.628237,,,,,,
194318,,,,,,,,,,,,,,,,,,,,,,,,,,,,4.760000
194319,,,,,,,,,,,,,50.907402,50.815521,0.195850,0.200041,,,,,,,,,,,,
194322,,,,,,,,,,,,,,,,,,,,0.020191,-0.373787,-1.628317,,,,,,
194328,,,,,,,,,,,,,,,,,,,,,,,,,,,,3.780000
194330,,,,0.085156,-0.374605,-1.655635,0.798546,-0.036704,,,49.037125,49.104340,,,,,-0.002915,0.064815,-0.027248,,,,,,,,,
194331,,,,,,,,,,,,,50.797379,50.720070,0.186393,0.189598,,,,,,,,,,,,
194332,,,,,,,,,,,,,,,,,,,,0.019657,-0.381548,-1.628493,,,,,,
194338,,,,,,,,,,,,,,,,,,,,,,,,,,,,-2.870000
194339,,,,,,,,,,,,,50.631886,50.566837,0.187729,0.190838,,,,,,,,,,,,
194343,,,,,,,,,,,,,,,,,,,,0.019186,-0.389617,-1.632242,,,,,,
194348,,,,,,,,,,,,,,,,,,,,,,,,,,,,-3.710000
194349,,,,,,,,,,,,,50.278236,50.223503,0.191017,0.194048,,,,,,,,,,,,
194353,,,,,,,,,,,,,,,,,,,,0.018599,-0.397232,-1.632387,,,,,,
194358,,,,,,,,,,,,,,,,,,,,,,,,,,,,-4.060000
194359,,,,,,,,,,,,,49.974495,49.928444,0.193867,0.196833,,,,,,,,,,,,
194362,,,,,,,,,,,,,,,,,,,,0.018078,-0.405253,-1.628618,,,,,,
194368,,,,,,,,,,,,,,,,,,,,,,,,,,,,-5.460000
194369,,,,,,,,,,,,,49.728973,50.238831,0.196184,0.193503,,,,,,,,,,,,
194372,,,,,,,,,,,,,,,,,,,,0.017546,-0.412941,-1.632419,,,,,,
194380,,,,0.081825,-0.413373,-1.657423,0.785397,-0.036040,,,48.013042,48.137104,,,,,-0.003541,0.064140,-0.025748,,,,,,,,,
194381,,,,,,,,,,,,,49.731190,49.696114,0.185578,0.188946,,,,,,,,,,,,
194385,,,,,,,,,,,,,,,,,,,,,,,,,,,,-3.570000
194383,,,,,,,,,,,,,,,,,,,,0.016993,-0.420518,-1.632384,,,,,,
194389,,,,,,,,,,,,,49.874439,49.844929,0.183773,0.187116,,,,,,,,,,,,
194390,,,,,,,,,,,,,,,,,,,,,,,,,,,,-4.060000
194392,,,,,,,,,,,,,,,,,,,,0.016419,-0.428371,-1.636269,,,,,,
194398,,,,,,,,,,,,,,,,,,,,,,,,,,,,3.150000
194399,,,,,,,,,,,,,49.635513,49.062740,0.185838,0.194753,,,,,,,,,,,,
194402,,,,,,,,,,,,,,,,,,,,0.015679,-0.436426,-1.636141,,,,,,
194408,,,,,,,,,,,,,,,,,,,,,,,,,,,,3.780000
194409,,,,,,,,,,,,,49.435253,48.953320,0.187556,0.195684,,,,,,,,,,,,
194413,,,,,,,,,,,,,,,,,,,,0.015043,-0.444073,-1.636180,,,,,,
194418,,,,,,,,,,,,,,,,,,,,,,,,,,,,3.640000
194419,,,,,,,,,,,,,49.265984,48.312542,0.188998,0.202056,,,,,,,,,,,,
194423,,,,,,,,,,,,,,,,,,,,0.014383,-0.451975,-1.636095,,,,,,
194428,,,,,,,,,,,,,,,,,,,,,,,,,,,,4.480000
194430,,,,0.078491,-0.451371,-1.659188,0.770777,-0.035510,,,46.678299,46.941029,,,,,-0.004805,0.063874,-0.022702,,,,,,,,,
194431,,,,,,,,,,,,,48.963333,48.630539,0.178220,0.186578,,,,,,,,,,,,
194432,,,,,,,,,,,,,,,,,,,,0.013845,-0.459606,-1.632299,,,,,,
194439,,,,,,,,,,,,,48.436382,48.814426,0.183138,0.184364,,,,,,,,,,,,
194443,,,,,,,,,,,,,,,,,,,,,,,,,,,,3.710000
194442,,,,,,,,,,,,,,,,,,,,0.013283,-0.467183,-1.632387,,,,,,
194448,,,,,,,,,,,,,,,,,,,,,,,,,,,,4.620000
194449,,,,,,,,,,,,,48.448757,48.217247,0.182660,0.190081,,,,,,,,,,,,
194452,,,,,,,,,,,,,,,,,,,,0.012592,-0.474843,-1.632244,,,,,,
194458,,,,,,,,,,,,,,,,,,,,,,,,,,,,3.290000
194459,,,,,,,,,,,,,47.876553,48.228821,0.188142,0.189707,,,,,,,,,,,,
194462,,,,,,,,,,,,,,,,,,,,0.011963,-0.482621,-1.632031,,,,,,
194468,,,,,,,,,,,,,,,,,,,,,,,,,,,,2.940000
194469,,,,,,,,,,,,,47.942928,48.239330,0.187226,0.189343,,,,,,,,,,,,
194472,,,,,,,,,,,,,,,,,,,,0.011631,-0.490356,-1.632124,,,,,,
194478,,,,,,,,,,,,,,,,,,,,,,,,,,,,-0.910000
194480,,,,0.075165,-0.488532,-1.660937,0.754756,-0.035115,,,,,,,,,,,,,,,,,,,,
194481,,,,,,,,,,,45.565392,45.521610,47.684216,47.933609,0.178260,0.177723,-0.005722,0.063274,-0.028682,,,,,,,,,
194482,,,,,,,,,,,,,,,,,,,,0.011135,-0.497693,-1.628387,,,,,,
194488,,,,,,,,,,,,,,,,,,,,,,,,,,,,-0.770000
194489,,,,,,,,,,,,,47.611771,47.821609,0.178575,0.178383,,,,,,,,,,,,
194494,,,,,,,,,,,,,,,,,,,,0.010749,-0.505262,-1.628446,,,,,,
194499,,,,,,,,,,,,,47.173744,47.350300,0.182634,0.182731,,,,,,,,,,,,
194503,,,,,,,,,,,,,,,,,,,,0.010220,-0.512666,-1.632306,,,,,,-1.470000
194508,,,,,,,,,,,,,,,,,,,,,,,,,,,,-1.890000
194509,,,,,,,,,,,,,46.841827,46.990379,0.185698,0.186036,,,,,,,,,,,,
194513,,,,,,,,,,,,,,,,,,,,0.009792,-0.519878,-1.632359,,,,,,
194518,,,,,,,,,,,,,,,,,,,,,,,,,,,,-2.590000
194519,,,,,,,,,,,,,47.065392,46.643764,0.183162,0.189278,,,,,,,,,,,,
194523,,,,,,,,,,,,,,,,,,,,0.009250,-0.527168,-1.632425,,,,,,
194528,,,,,,,,,,,,,,,,,,,,,,,,,,,,-2.870000
194530,,,,0.071856,-0.524792,-1.662676,0.737410,-0.034857,,,44.359127,44.233532,,,,,-0.006297,0.062333,-0.029929,,,,,,,,,
194531,,,,,,,,,,,,,46.677704,46.322948,0.174512,0.179187,,,,,,,,,,,,
194532,,,,,,,,,,,,,,,,,,,,0.008731,-0.534397,-1.628645,,,,,,
194538,,,,,,,,,,,,,,,,,,,,,,,,,,,,-0.420000
194539,,,,,,,,,,,,,46.472374,46.173882,0.176143,0.180290,,,,,,,,,,,,
194543,,,,,,,,,,,,,,,,,,,,0.008076,-0.542122,-1.632351,,,,,,
194548,,,,,,,,,,,,,,,,,,,,,,,,,,,,-4.060000
194549,,,,,,,,,,,,,46.243038,45.991886,0.178060,0.181758,,,,,,,,,,,,
194553,,,,,,,,,,,,,,,,,,,,0.007514,-0.549437,-1.632351,,,,,,
194558,,,,,,,,,,,,,,,,,,,,,,,,,,,,-3.430000
194559,,,,,,,,,,,,,46.014950,45.803631,0.180009,0.183327,,,,,,,,,,,,
194563,,,,,,,,,,,,,,,,,,,,0.006837,-0.556740,-1.632197,,,,,,
194568,,,,,,,,,,,,,,,,,,,,,,,,,,,,-3.150000
194569,,,,,,,,,,,,,45.302197,45.673164,0.186948,0.184344,,,,,,,,,,,,
194573,,,,,,,,,,,,,,,,,,,,0.006275,-0.563990,-1.632252,,,,,,
194580,,,,0.068573,-0.560092,-1.664414,0.718822,-0.034741,,,42.873245,42.623726,,,,,-0.007660,0.061880,-0.032415,,,,,,,,,
194581,,,,,,,,,,,,,45.577396,45.423271,0.168797,0.170184,,,,,,,,,,,,
194585,,,,,,,,,,,,,,,,,,,,,,,,,,,,-2.100000
194582,,,,,,,,,,,,,,,,,,,,0.005702,-0.571237,-1.632304,,,,,,
194589,,,,,,,,,,,,,44.987968,45.522202,0.174268,0.168615,,,,,,,,,,,,
194590,,,,,,,,,,,,,,,,,,,,,,,,,,,,-3.850000
194593,,,,,,,,,,,,,,,,,,,,0.005181,-0.578120,-1.632306,,,,,,
194598,,,,,,,,,,,,,,,,,,,,,,,,,,,,-3.780000
194599,,,,,,,,,,,,,44.971798,45.421303,0.174010,0.169065,,,,,,,,,,,,
194603,,,,,,,,,,,,,,,,,,,,0.004613,-0.585208,-1.632389,,,,,,
194608,,,,,,,,,,,,,,,,,,,,,,,,,,,,-2.660000
194609,,,,,,,,,,,,,44.953899,44.784832,0.173773,0.174997,,,,,,,,,,,,
194613,,,,,,,,,,,,,,,,,,,,0.004156,-0.592535,-1.636103,,,,,,
194618,,,,,,,,,,,,,,,,,,,,,,,,,,,,-12.110000
194619,,,,,,,,,,,,,44.950298,44.808044,0.173393,0.174328,,,,,,,,,,,,
194623,,,,,,,,,,,,,,,,,,,,0.003541,-0.599389,-1.636189,,,,,,
194628,,,,,,,,,,,,,,,,,,,,,,,,,,,,-13.790000
194630,,,,0.065324,-0.594376,-1.666156,0.699078,-0.034772,,,41.207390,41.043766,,,,,-0.009056,0.061276,-0.030204,,,,,,,,,
194631,,,,,,,,,,,,,44.390415,44.270725,0.161697,0.163257,,,,,,,,,,,,
194632,,,,,,,,,,,,,,,,,,,,0.002990,-0.606589,-1.639939,,,,,,
194639,,,,,,,,,,,,,44.539207,44.438503,0.159543,0.160900,,,,,,,,,,,,
194642,,,,,,,,,,,,,,,,,,,,,,,,,,,,-16.450001
194643,,,,,,,,,,,,,,,,,,,,0.002632,-0.613553,-1.640008,,,,,,
194648,,,,,,,,,,,,,,,,,,,,,,,,,,,,-13.440000
194649,,,,,,,,,,,,,44.105946,44.021214,0.163296,0.164477,,,,,,,,,,,,
194652,,,,,,,,,,,,,,,,,,,,0.002048,-0.620422,-1.643763,,,,,,
194658,,,,,,,,,,,,,,,,,,,,,,,,,,,,-1.820000
194659,,,,,,,,,,,,,43.679413,43.060730,0.167067,0.173679,,,,,,,,,,,,
194663,,,,,,,,,,,,,,,,,,,,0.001445,-0.627365,-1.643719,,,,,,
194668,,,,,,,,,,,,,,,,,,,,,,,,,,,,0.210000
194669,,,,,,,,,,,,,43.860771,42.793373,0.164722,0.176002,,,,,,,,,,,,
194673,,,,,,,,,,,,,,,,,,,,0.000795,-0.633906,-1.643760,,,,,,
194678,,,,,,,,,,,,,,,,,,,,,,,,,,,,3.080000
194680,,,,0.062117,-0.627595,-1.667912,0.678272,-0.034957,,,39.302792,39.392139,,,,,-0.010782,0.060666,-0.023954,,,,,,,,,
194681,,,,,,,,,,,,,43.475952,43.047237,0.148690,0.156216,,,,,,,,,,,,
194682,,,,,,,,,,,,,,,,,,,,0.000075,-0.640803,-1.643754,,,,,,
194688,,,,,,,,,,,,,,,,,,,,,,,,,,,,-4.130000
194689,,,,,,,,,,,,,43.170799,42.810078,0.150968,0.157905,,,,,,,,,,,,
194693,,,,,,,,,,,,,,,,,,,,-0.000617,-0.647319,-1.643785,,,,,,
194698,,,,,,,,,,,,,,,,,,,,,,,,,,,,0.140000
194699,,,,,,,,,,,,,42.880058,42.576546,0.153160,0.159603,,,,,,,,,,,,
194703,,,,,,,,,,,,,,,,,,,,-0.001213,-0.654087,-1.643756,,,,,,
194708,,,,,,,,,,,,,,,,,,,,,,,,,,,,8.260000
194709,,,,,,,,,,,,,42.134037,41.878662,0.160054,0.166084,,,,,,,,,,,,
194712,,,,,,,,,,,,,,,,,,,,-0.001834,-0.660634,-1.643785,,,,,,
194719,,,,,,,,,,,,,42.017609,41.802734,0.160675,0.166362,,,,,,,,,,,,
194723,,,,,,,,,,,,,,,,,,,,-0.002469,-0.667220,-1.639892,,,,,,9.240000
194728,,,,,,,,,,,,,,,,,,,,,,,,,,,,10.010000
194730,,,,0.058961,-0.659702,-1.669690,0.656498,-0.035308,,,37.771496,37.629868,,,,,-0.011779,0.060689,-0.029283,,,,,,,,,
194731,,,,,,,,,,,,,41.471546,41.761360,0.150083,0.148326,,,,,,,,,,,,
194732,,,,,,,,,,,,,,,,,,,,-0.003102,-0.673934,-1.639886,,,,,,
194738,,,,,,,,,,,,,,,,,,,,,,,,,,,,8.050000
194739,,,,,,,,,,,,,41.454124,41.041977,0.149521,0.154838,,,,,,,,,,,,
194743,,,,,,,,,,,,,,,,,,,,-0.003470,-0.680400,-1.636145,,,,,,
194748,,,,,,,,,,,,,,,,,,,,,,,,,,,,2.240000
194749,,,,,,,,,,,,,40.929363,41.132572,0.154137,0.153231,,,,,,,,,,,,
194753,,,,,,,,,,,,,,,,,,,,-0.004140,-0.686869,-1.636052,,,,,,
194758,,,,,,,,,,,,,,,,,,,,,,,,,,,,-5.390000
194759,,,,,,,,,,,,,40.451389,40.622368,0.158380,0.157735,,,,,,,,,,,,
194762,,,,,,,,,,,,,,,,,,,,-0.004495,-0.693211,-1.639892,,,,,,
194768,,,,,,,,,,,,,,,,,,,,,,,,,,,,-1.960000
194769,,,,,,,,,,,,,40.077728,40.221592,0.161656,0.161224,,,,,,,,,,,,
194773,,,,,,,,,,,,,,,,,,,,-0.004931,-0.699372,-1.636103,,,,,,
194780,,,,0.055861,-0.690658,-1.671499,0.633857,-0.035835,,,36.225296,35.832172,,,,,-0.012668,0.060064,-0.035149,,,,,,,,,
194781,,,,,,,,,,,,,39.770840,40.357231,0.148553,0.140986,,,,,,,,,,,,
194783,,,,,,,,,,,,,,,,,,,,-0.005500,-0.705705,-1.636145,,,,,,
194785,,,,,,,,,,,,,,,,,,,,,,,,,,,,0.560000
194789,,,,,,,,,,,,,39.446442,39.939831,0.151153,0.144338,,,,,,,,,,,,
194791,,,,,,,,,,,,,,,,,,,,,,,,,,,,-0.210000
194793,,,,,,,,,,,,,,,,,,,,-0.005988,-0.711659,-1.636106,,,,,,
194798,,,,,,,,,,,,,,,,,,,,,,,,,,,,-0.910000
194799,,,,,,,,,,,,,39.229729,39.095821,0.152719,0.152126,,,,,,,,,,,,
194803,,,,,,,,,,,,,,,,,,,,-0.006354,-0.717593,-1.639976,,,,,,
194808,,,,,,,,,,,,,,,,,,,,,,,,,,,,-1.120000
194809,,,,,,,,,,,,,39.025543,38.365814,0.154201,0.158919,,,,,,,,,,,,
194812,,,,,,,,,,,,,,,,,,,,-0.006840,-0.723536,-1.636242,,,,,,
194818,,,,,,,,,,,,,,,,,,,,,,,,,,,,-4.620000
194819,,,,,,,,,,,,,38.864643,38.309547,0.155282,0.158986,,,,,,,,,,,,
194823,,,,,,,,,,,,,,,,,,,,-0.007305,-0.729183,-1.640048,,,,,,
194828,,,,,,,,,,,,,,,,,,,,,,,,,,,,-2.730000
194830,,,,0.052826,-0.720427,-1.673349,0.610450,-0.036554,,,34.643692,34.316868,,,,,-0.012984,0.059348,-0.033168,,,,,,,,,
194831,,,,,,,,,,,,,38.810719,38.343662,0.139172,0.142687,,,,,,,,,,,,
194833,,,,,,,,,,,,,,,,,,,,-0.007899,-0.735238,-1.636242,,,,,,
194839,,,,,,,,,,,,,38.576427,38.183445,0.140729,0.143516,,,,,,,,,,,,
194843,,,,,,,,,,,,,,,,,,,,,,,,,,,,-3.220000
194842,,,,,,,,,,,,,,,,,,,,-0.008394,-0.741396,-1.639974,,,,,,
194848,,,,,,,,,,,,,,,,,,,,,,,,,,,,-3.500000
194849,,,,,,,,,,,,,37.933750,37.603092,0.146497,0.148662,,,,,,,,,,,,
194853,,,,,,,,,,,,,,,,,,,,-0.008906,-0.747485,-1.639892,,,,,,
194858,,,,,,,,,,,,,,,,,,,,,,,,,,,,-3.710000
194859,,,,,,,,,,,,,37.393551,37.115334,0.151349,0.152980,,,,,,,,,,,,
194863,,,,,,,,,,,,,,,,,,,,-0.009448,-0.753534,-1.643621,,,,,,
194868,,,,,,,,,,,,,,,,,,,,,,,,,,,,-5.250000
194869,,,,,,,,,,,,,36.937927,36.703835,0.155447,0.156617,,,,,,,,,,,,
194873,,,,,,,,,,,,,,,,,,,,-0.009968,-0.759394,-1.639784,,,,,,
194878,,,,,,,,,,,,,,,,,,,,,,,,,,,,-5.040000
194880,,,,0.049860,-0.748979,-1.675251,0.586381,-0.037484,,,32.764481,32.353188,,,,,-0.014461,0.058917,-0.035246,,,,,,,,,
194881,,,,,,,,,,,,,36.719093,36.522125,0.138052,0.137964,,,,,,,,,,,,
194883,,,,,,,,,,,,,,,,,,,,-0.010507,-0.765317,-1.639720,,,,,,
194888,,,,,,,,,,,,,,,,,,,,,,,,,,,,-5.040000
194889,,,,,,,,,,,,,36.800838,36.635109,0.136427,0.135978,,,,,,,,,,,,
194893,,,,,,,,,,,,,,,,,,,,-0.011030,-0.771116,-1.639725,,,,,,
194898,,,,,,,,,,,,,,,,,,,,,,,,,,,,-4.480000
194899,,,,,,,,,,,,,36.437016,36.297573,0.139331,0.138564,,,,,,,,,,,,
194902,,,,,,,,,,,,,,,,,,,,-0.011612,-0.776781,-1.643429,,,,,,
194908,,,,,,,,,,,,,,,,,,,,,,,,,,,,-2.940000
194909,,,,,,,,,,,,,36.136951,36.019627,0.141657,0.140610,,,,,,,,,,,,
194913,,,,,,,,,,,,,,,,,,,,-0.012006,-0.782474,-1.643560,,,,,,
194919,,,,,,,,,,,,,36.440865,35.793491,0.137883,0.142184,,,,,,,,,,,,
194923,,,,,,,,,,,,,,,,,,,,,,,,,,,,-8.470000
194922,,,,,,,,,,,,,,,,,,,,-0.012550,-0.788093,-1.647268,,,,,,
194928,,,,,,,,,,,,,,,,,,,,,,,,,,,,-12.460000
194930,,,,0.046970,-0.776289,-1.677218,0.561757,-0.038649,,,30.622528,30.389402,,,,,-0.016313,0.058400,-0.030043,,,,,,,,,
194931,,,,,,,,,,,,,35.793255,35.248558,0.121905,0.127023,,,,,,,,,,,,
194933,,,,,,,,,,,,,,,,,,,,-0.013019,-0.793608,-1.647282,,,,,,
194938,,,,,,,,,,,,,,,,,,,,,,,,,,,,-14.560000
194939,,,,,,,,,,,,,35.440742,34.982437,0.124467,0.128766,,,,,,,,,,,,
194942,,,,,,,,,,,,,,,,,,,,-0.013395,-0.798907,-1.647354,,,,,,
194948,,,,,,,,,,,,,,,,,,,,,,,,,,,,-11.830000
194949,,,,,,,,,,,,,35.301998,34.916382,0.124918,0.128521,,,,,,,,,,,,
194952,,,,,,,,,,,,,,,,,,,,-0.013976,-0.804394,-1.651106,,,,,,
194958,,,,,,,,,,,,,,,,,,,,,,,,,,,,-7.070000
194959,,,,,,,,,,,,,34.635551,34.311096,0.130780,0.133789,,,,,,,,,,,,
194963,,,,,,,,,,,,,,,,,,,,-0.014458,-0.809668,-1.651047,,,,,,
194968,,,,,,,,,,,,,,,,,,,,,,,,,,,,-5.950000
194969,,,,,,,,,,,,,34.075798,33.802803,0.135687,0.138190,,,,,,,,,,,,
194972,,,,,,,,,,,,,,,,,,,,-0.014998,-0.814944,-1.650983,,,,,,
194980,,,,0.044161,-0.802338,-1.679264,0.536682,-0.040076,,,,,,,,,,,,,,,,,,,,
194981,,,,,,,,,,,28.754864,28.563820,34.129539,33.444996,0.115398,0.122536,-0.017315,0.057928,-0.028382,,,,,,,,,
194982,,,,,,,,,,,,,,,,,,,,-0.015499,-0.820109,-1.654817,,,,,,
194985,,,,,,,,,,,,,,,,,,,,,,,,,,,,-5.600000
194989,,,,,,,,,,,,,33.532513,32.956535,0.120413,0.126542,,,,,,,,,,,,
194991,,,,,,,,,,,,,,,,,,,,,,,,,,,,-5.880000
194993,,,,,,,,,,,,,,,,,,,,-0.015907,-0.825120,-1.654884,,,,,,
194998,,,,,,,,,,,,,,,,,,,,,,,,,,,,-1.610000
194999,,,,,,,,,,,,,33.135315,32.650688,0.123509,0.128783,,,,,,,,,,,,
195003,,,,,,,,,,,,,,,,,,,,-0.016350,-0.830163,-1.654935,,,,,,
195008,,,,,,,,,,,,,,,,,,,,,,,,,,,,6.510000
195009,,,,,,,,,,,,,32.814991,32.407227,0.125900,0.130449,,,,,,,,,,,,
195012,,,,,,,,,,,,,,,,,,,,-0.016838,-0.834997,-1.654935,,,,,,
195018,,,,,,,,,,,,,,,,,,,,,,,,,,,,2.870000
195019,,,,,,,,,,,,,32.543484,32.200390,0.127857,0.131790,,,,,,,,,,,,
195022,,,,,,,,,,,,,,,,,,,,-0.017358,-0.839886,-1.654879,,,,,,
195028,,,,,,,,,,,,,,,,,,,,,,,,,,,,-0.070000
195030,,,,0.041437,-0.827111,-1.681404,0.511262,-0.041801,,,27.029394,26.879137,,,,,-0.017736,0.057486,-0.026587,,,,,,,,,
195031,,,,,,,,,,,,,32.093071,31.804392,0.114094,0.117918,,,,,,,,,,,,
195032,,,,,,,,,,,,,,,,,,,,-0.017878,-0.844774,-1.654926,,,,,,
195039,,,,,,,,,,,,,31.537188,31.294292,0.118751,0.122136,,,,,,,,,,,,
195042,,,,,,,,,,,,,,,,,,,,,,,,,,,,-0.140000
195044,,,,,,,,,,,,,,,,,,,,-0.018345,-0.849613,-1.654935,,,,,,
195048,,,,,,,,,,,,,,,,,,,,,,,,,,,,-4.550000
195049,,,,,,,,,,,,,30.967972,31.317673,0.123656,0.121014,,,,,,,,,,,,
195052,,,,,,,,,,,,,,,,,,,,-0.018839,-0.854229,-1.651274,,,,,,
195058,,,,,,,,,,,,,,,,,,,,,,,,,,,,-0.140000
195059,,,,,,,,,,,,,30.976524,30.724087,0.122781,0.126181,,,,,,,,,,,,
195063,,,,,,,,,,,,,,,,,,,,-0.019416,-0.858905,-1.651274,,,,,,
195068,,,,,,,,,,,,,,,,,,,,,,,,,,,,1.750000
195069,,,,,,,,,,,,,30.454678,30.242277,0.127314,0.130327,,,,,,,,,,,,
195072,,,,,,,,,,,,,,,,,,,,-0.019856,-0.863588,-1.651233,,,,,,
195078,,,,,,,,,,,,,,,,,,,,,,,,,,,,4.690000
195080,,,,0.038802,-0.850599,-1.683657,0.485603,-0.043865,,,25.513258,25.182419,,,,,-0.017731,0.057373,-0.031953,,,,,,,,,
195081,,,,,,,,,,,,,30.333107,30.154392,0.112404,0.113244,,,,,,,,,,,,
195082,,,,,,,,,,,,,,,,,,,,-0.020367,-0.868276,-1.654870,,,,,,
195088,,,,,,,,,,,,,,,,,,,,,,,,,,,,3.850000
195089,,,,,,,,,,,,,30.085119,29.934748,0.113970,0.114490,,,,,,,,,,,,
195093,,,,,,,,,,,,,,,,,,,,-0.020973,-0.872838,-1.651220,,,,,,
195098,,,,,,,,,,,,,,,,,,,,,,,,,,,,3.220000
195099,,,,,,,,,,,,,29.701553,29.575031,0.116968,0.117209,,,,,,,,,,,,
195103,,,,,,,,,,,,,,,,,,,,-0.021409,-0.877284,-1.651115,,,,,,
195108,,,,,,,,,,,,,,,,,,,,,,,,,,,,3.850000
195109,,,,,,,,,,,,,28.828011,29.269716,0.125040,0.119444,,,,,,,,,,,,
195129,,,,,,,,,,,,,28.674532,28.770018,0.125943,0.123724,,,,,,,,,,,,
195131,,,,0.036260,-0.872799,-1.686044,0.459809,-0.046321,,,26.158861,25.729059,,,,,-0.009872,0.057082,-0.034955,,,,,,,,,
195122,,,,,,,,,,,,,,,,,,,,-0.022276,-0.886430,-1.650972,,,,,,
195132,,,,,,,,,,,,,,,,,,,,-0.022747,-0.890902,-1.651115,,,,,,
195136,,,,,,,,,,,,,,,,,,,,,,,,,,,,-2.240000
195139,,,,,,,,,,,,,28.422947,28.503288,0.134462,0.131303,,,,,,,,,,,,
195142,,,,,,,,,,,,,,,,,,,,-0.023045,-0.895272,-1.651171,,,,,,-5.880000
195147,,,,,,,,,,,,,,,,,,,,,,,,,,,,-9.100000
195149,,,,,,,,,,,,,28.842562,28.362661,0.129729,0.132182,,,,,,,,,,,,
195152,,,,,,,,,,,,,,,,,,,,,,,,,,,,-10.430000
195153,,,,,,,,,,,,,,,,,,,,-0.023365,-0.899535,-1.655034,,,,,,
195158,,,,,,,,,,,,,,,,,,,,,,,,,,,,-11.690000
195159,,,,,,,,,,,,,28.651651,28.247864,0.131140,0.132826,,,,,,,,,,,,
195162,,,,,,,,,,,,,,,,,,,,-0.023794,-0.903588,-1.655006,,,,,,
195168,,,,,,,,,,,,,,,,,,,,,,,,,,,,-22.400000
195169,,,,,,,,,,,,,27.942694,28.150831,0.137872,0.133312,,,,,,,,,,,,
195174,,,,,,,,,,,,,,,,,,,,-0.024170,-0.907785,-1.662571,,,,,,
195178,,,,,,,,,,,,,,,,,,,,,,,,,,,,-9.730000
195180,,,,0.033813,-0.893711,-1.688589,0.433981,-0.049234,,,21.985334,21.755856,,,,,-0.018643,0.056448,-0.027147,,,,,,,,,
195181,,,,,,,,,,,,,28.226048,27.929667,0.092056,0.094557,,,,,,,,,,,,
195182,,,,,,,,,,,,,,,,,,,,-0.024473,-0.911566,-1.662575,,,,,,
195188,,,,,,,,,,,,,,,,,,,,,,,,,,,,-9.870000
195189,,,,,,,,,,,,,27.680166,27.430792,0.096375,0.098411,,,,,,,,,,,,
195192,,,,,,,,,,,,,,,,,,,,-0.024873,-0.915453,-1.658906,,,,,,
195199,,,,,,,,,,,,,27.118353,26.361633,0.100967,0.108181,,,,,,,,,,,,
195202,,,,,,,,,,,,,,,,,,,,,,,,,,,,-15.400000
195203,,,,,,,,,,,,,,,,,,,,-0.025183,-0.919561,-1.662603,,,,,,
195208,,,,,,,,,,,,,,,,,,,,,,,,,,,,-16.379999
195209,,,,,,,,,,,,,26.103037,26.013943,0.110297,0.110807,,,,,,,,,,,,
195213,,,,,,,,,,,,,,,,,,,,-0.025566,-0.923861,-1.666398,,,,,,
195218,,,,,,,,,,,,,,,,,,,,,,,,,,,,-15.120000
195219,,,,,,,,,,,,,26.350147,25.178419,0.106952,0.118477,,,,,,,,,,,,
195222,,,,,,,,,,,,,,,,,,,,-0.025947,-0.927811,-1.670101,,,,,,
195228,,,,,,,,,,,,,,,,,,,,,,,,,,,,-0.910000
195230,,,,0.031463,-0.913340,-1.691322,0.408217,-0.052682,,,19.907227,19.806259,,,,,-0.020093,0.055699,-0.021013,,,,,,,,,
195231,,,,,,,,,,,,,25.929720,24.943829,0.089171,0.100300,,,,,,,,,,,,
195233,,,,,,,,,,,,,,,,,,,,-0.026499,-0.932012,-1.666390,,,,,,
195238,,,,,,,,,,,,,,,,,,,,,,,,,,,,-0.140000
195239,,,,,,,,,,,,,25.763227,24.933699,0.089665,0.099376,,,,,,,,,,,,
195243,,,,,,,,,,,,,,,,,,,,-0.027035,-0.936005,-1.666303,,,,,,
195248,,,,,,,,,,,,,,,,,,,,,,,,,,,,2.030000
195249,,,,,,,,,,,,,24.961843,24.811323,0.096668,0.099598,,,,,,,,,,,,
195252,,,,,,,,,,,,,,,,,,,,-0.027502,-0.940118,-1.666330,,,,,,
195259,,,,,,,,,,,,,24.833078,24.159262,0.096970,0.105248,,,,,,,,,,,,
195262,,,,,,,,,,,,,,,,,,,,,,,,,,,,10.710000
195263,,,,,,,,,,,,,,,,,,,,-0.028024,-0.943929,-1.666126,,,,,,
195268,,,,,,,,,,,,,,,,,,,,,,,,,,,,11.620000
195269,,,,,,,,,,,,,24.185171,24.166658,0.102594,0.104302,,,,,,,,,,,,
195272,,,,,,,,,,,,,,,,,,,,-0.028623,-0.947747,-1.666084,,,,,,
195278,,,,,,,,,,,,,,,,,,,,,,,,,,,,7.700000
195280,,,,0.029213,-0.931699,-1.694279,0.382615,-0.056768,,,18.023106,17.728458,,,,,-0.021434,0.055981,-0.027825,,,,,,,,,
195281,,,,,,,,,,,,,23.641680,24.096430,0.088064,0.082953,,,,,,,,,,,,
195282,,,,,,,,,,,,,,,,,,,,-0.029057,-0.951409,-1.662339,,,,,,
195288,,,,,,,,,,,,,,,,,,,,,,,,,,,,10.360000
195289,,,,,,,,,,,,,23.176443,23.559071,0.091685,0.087161,,,,,,,,,,,,
195292,,,,,,,,,,,,,,,,,,,,-0.029532,-0.955104,-1.662273,,,,,,
195298,,,,,,,,,,,,,,,,,,,,,,,,,,,,4.130000
195296,,,,,,,,,,,,,,,,,,,,-0.029532,-0.955104,-1.662273,,,,,,
195299,,,,,,,,,,,,,22.789291,23.111235,0.094604,0.090562,,,,,,,,,,,,
195302,,,,,,,,,,,,,,,,,,,,-0.029990,-0.958718,-1.662018,,,,,,
195308,,,,,,,,,,,,,,,,,,,,,,,,,,,,2.380000
195309,,,,,,,,,,,,,22.463873,22.734756,0.096970,0.093326,,,,,,,,,,,,
195313,,,,,,,,,,,,,,,,,,,,-0.030360,-0.962254,-1.662192,,,,,,
195318,,,,,,,,,,,,,,,,,,,,,,,,,,,,-1.890000
195319,,,,,,,,,,,,,22.747520,22.425953,0.093188,0.095474,,,,,,,,,,,,
195322,,,,,,,,,,,,,,,,,,,,-0.030735,-0.965682,-1.658600,,,,,,
195328,,,,,,,,,,,,,,,,,,,,,,,,,,,,1.120000
195330,,,,0.027063,-0.948801,-1.697500,0.357266,-0.061619,,,16.419048,15.870164,,,,,-0.021932,0.056038,-0.037984,,,,,,,,,
195331,,,,,,,,,,,,,22.438595,22.168028,0.079033,0.078211,,,,,,,,,,,,
195332,,,,,,,,,,,,,,,,,,,,-0.031229,-0.969066,-1.658535,,,,,,
195339,,,,,,,,,,,,,21.495626,21.921921,0.087447,0.079462,,,,,,,,,,,,
195342,,,,,,,,,,,,,,,,,,,,,,,,,,,,-1.120000
195344,,,,,,,,,,,,,,,,,,,,-0.031596,-0.972383,-1.658527,,,,,,
195348,,,,,,,,,,,,,,,,,,,,,,,,,,,,-1.260000
195349,,,,,,,,,,,,,21.372076,21.183151,0.087692,0.085787,,,,,,,,,,,,
195352,,,,,,,,,,,,,,,,,,,,-0.031963,-0.975677,-1.658527,,,,,,
195358,,,,,,,,,,,,,,,,,,,,,,,,,,,,-3.990000
195359,,,,,,,,,,,,,20.722164,21.111143,0.093331,0.085459,,,,,,,,,,,,
195362,,,,,,,,,,,,,,,,,,,,-0.032315,-0.979004,-1.662185,,,,,,
195368,,,,,,,,,,,,,,,,,,,,,,,,,,,,-5.670000
195369,,,,,,,,,,,,,20.716665,20.497112,0.092526,0.090674,,,,,,,,,,,,
195373,,,,,,,,,,,,,,,,,,,,-0.032705,-0.982109,-1.662113,,,,,,
195378,,,,,,,,,,,,,,,,,,,,,,,,,,,,-6.650000
195380,,,,0.025014,-0.964665,-1.701037,0.332259,-0.067396,,,14.679428,14.093230,,,,,-0.022628,0.055845,-0.038967,,,,,,,,,
195381,,,,,,,,,,,,,20.261755,20.077024,0.078563,0.075909,,,,,,,,,,,,
195382,,,,,,,,,,,,,,,,,,,,-0.033054,-0.985166,-1.662027,,,,,,
195388,,,,,,,,,,,,,,,,,,,,,,,,,,,,-4.620000
195389,,,,,,,,,,,,,20.314451,19.505777,0.076909,0.080539,,,,,,,,,,,,
195392,,,,,,,,,,,,,,,,,,,,-0.033426,-0.988233,-1.665684,,,,,,
195400,,,,,,,,,,,,,19.648638,18.968220,0.082573,0.084939,,,,,,,,,,,,
195405,,,,,,,,,,,,,,,,,,,,,,,,,,,,-10.920000
195403,,,,,,,,,,,,,,,,,,,,-0.033821,-0.991147,-1.665575,,,,,,
195409,,,,,,,,,,,,,18.897114,18.915796,0.089245,0.084499,,,,,,,,,,,,
195410,,,,,,,,,,,,,,,,,,,,,,,,,,,,-12.530000
195412,,,,,,,,,,,,,,,,,,,,-0.034284,-0.994167,-1.665094,,,,,,
195418,,,,,,,,,,,,,,,,,,,,,,,,,,,,-4.970000
195419,,,,,,,,,,,,,18.636976,18.652697,0.091055,0.086218,,,,,,,,,,,,
195422,,,,,,,,,,,,,,,,,,,,-0.034646,-0.996964,-1.668695,,,,,,
195428,,,,,,,,,,,,,,,,,,,,,,,,,,,,-8.680000
195430,,,,0.023067,-0.979316,-1.704954,0.307676,-0.074310,,,12.983696,12.418124,,,,,-0.023167,0.055673,-0.036827,,,,,,,,,
195431,,,,,,,,,,,,,18.507254,18.049463,0.074290,0.074373,,,,,,,,,,,,
195432,,,,,,,,,,,,,,,,,,,,-0.034874,-0.999732,-1.668682,,,,,,
195438,,,,,,,,,,,,,,,,,,,,,,,,,,,,-10.500000
195439,,,,,,,,,,,,,18.191887,17.806702,0.076402,0.075723,,,,,,,,,,,,
195442,,,,,,,,,,,,,,,,,,,,-0.035119,-1.002412,-1.668839,,,,,,
195448,,,,,,,,,,,,,,,,,,,,,,,,,,,,-11.620000
195449,,,,,,,,,,,,,18.044975,17.173216,0.076859,0.081107,,,,,,,,,,,,
195453,,,,,,,,,,,,,,,,,,,,-0.035481,-1.005079,-1.672714,,,,,,
195459,,,,,,,,,,,,,17.379221,16.645723,0.082637,0.085536,,,,,,,,,,,,
195463,,,,,,,,,,,,,,,,,,,,,,,,,,,,-18.059999
195462,,,,,,,,,,,,,,,,,,,,-0.035790,-1.007592,-1.676182,,,,,,
195468,,,,,,,,,,,,,,,,,,,,,,,,,,,,-14.000000
195469,,,,,,,,,,,,,16.816181,16.747343,0.087501,0.083654,,,,,,,,,,,,
195472,,,,,,,,,,,,,,,,,,,,-0.036211,-1.010104,-1.676212,,,,,,
195478,,,,,,,,,,,,,,,,,,,,,,,,,,,,-8.890000
195480,,,,0.021221,-0.992780,-1.709330,0.283596,-0.082637,,,,,,,,,,,,,,,,,,,,
195481,,,,,,,,,,,11.447057,10.903008,16.900972,16.384411,0.070196,0.071036,-0.023252,0.055278,-0.033741,,,,,,,,,
195483,,,,,,,,,,,,,,,,,,,,-0.036615,-1.012464,-1.680051,,,,,,
195488,,,,,,,,,,,,,,,,,,,,,,,,,,,,-5.320000
195489,,,,,,,,,,,,,16.939114,15.824820,0.068716,0.075647,,,,,,,,,,,,
195492,,,,,,,,,,,,,,,,,,,,-0.036808,-1.014727,-1.679761,,,,,,
195498,,,,,,,,,,,,,,,,,,,,,,,,,,,,-6.090000
195499,,,,,,,,,,,,,15.899040,15.510297,0.078227,0.077871,,,,,,,,,,,,
195502,,,,,,,,,,,,,,,,,,,,-0.037044,-1.016991,-1.683467,,,,,,
195508,,,,,,,,,,,,,,,,,,,,,,,,,,,,-6.720000
195509,,,,,,,,,,,,,15.563712,15.236624,0.080756,0.079741,,,,,,,,,,,,
195513,,,,,,,,,,,,,,,,,,,,-0.037303,-1.019157,-1.683757,,,,,,
195518,,,,,,,,,,,,,,,,,,,,,,,,,,,,-7.070000
195519,,,,,,,,,,,,,15.290159,15.014947,0.082723,0.081136,,,,,,,,,,,,
195522,,,,,,,,,,,,,,,,,,,,-0.037523,-1.021276,-1.683772,,,,,,
195528,,,,,,,,,,,,,,,,,,,,,,,,,,,,-8.050000
195530,,,,0.019475,-1.005087,-1.714266,0.260092,-0.092740,,,10.176060,9.629673,,,,,-0.022560,0.054808,-0.030961,,,,,,,,,
195531,,,,,,,,,,,,,15.221040,14.518296,0.069696,0.072391,,,,,,,,,,,,
195532,,,,,,,,,,,,,,,,,,,,-0.037746,-1.023256,-1.683757,,,,,,
195539,,,,,,,,,,,,,14.764361,14.173073,0.073345,0.074935,,,,,,,,,,,,
195542,,,,,,,,,,,,,,,,,,,,,,,,,,,,-12.950000
195543,,,,,,,,,,,,,,,,,,,,-0.037988,-1.025124,-1.687456,,,,,,
195548,,,,,,,,,,,,,,,,,,,,,,,,,,,,-13.370000
195549,,,,,,,,,,,,,14.621573,14.124063,0.073884,0.074526,,,,,,,,,,,,
195552,,,,,,,,,,,,,,,,,,,,-0.038193,-1.027001,-1.691424,,,,,,
195558,,,,,,,,,,,,,,,,,,,,,,,,,,,,-12.880000
195559,,,,,,,,,,,,,14.493470,14.074865,0.074301,0.074129,,,,,,,,,,,,
195563,,,,,,,,,,,,,,,,,,,,-0.038453,-1.028871,-1.691821,,,,,,
195568,,,,,,,,,,,,,,,,,,,,,,,,,,,,-11.760000
195569,,,,,,,,,,,,,14.383702,13.484263,0.074557,0.079264,,,,,,,,,,,,
195572,,,,,,,,,,,,,,,,,,,,-0.038640,-1.030486,-1.695519,,,,,,
195578,,,,,,,,,,,,,,,,,,,,,,,,,,,,-8.610000
195580,,,,0.017828,-1.016271,-1.719891,0.237232,-0.105115,,,9.096860,8.580458,,,,,-0.021276,0.054263,-0.024680,,,,,,,,,
195581,,,,,,,,,,,,,13.993876,13.237089,0.066684,0.070312,,,,,,,,,,,,
195582,,,,,,,,,,,,,,,,,,,,-0.038776,-1.032053,-1.695761,,,,,,
195588,,,,,,,,,,,,,,,,,,,,,,,,,,,,-7.280000
195589,,,,,,,,,,,,,13.726913,13.090153,0.068428,0.070880,,,,,,,,,,,,
195593,,,,,,,,,,,,,,,,,,,,-0.039052,-1.033587,-1.695934,,,,,,
195599,,,,,,,,,,,,,13.744455,13.208685,0.067323,0.068769,,,,,,,,,,,,
195603,,,,,,,,,,,,,,,,,,,,-0.039219,-1.035037,-1.696050,,,,,,0.210000
195608,,,,,,,,,,,,,,,,,,,,,,,,,,,,2.450000
195609,,,,,,,,,,,,,13.211221,12.760424,0.071832,0.072415,,,,,,,,,,,,
195613,,,,,,,,,,,,,,,,,,,,-0.039371,-1.036489,-1.696096,,,,,,
195618,,,,,,,,,,,,,,,,,,,,,,,,,,,,5.180000
195619,,,,,,,,,,,,,13.304598,12.378127,0.070057,0.075479,,,,,,,,,,,,
195623,,,,,,,,,,,,,,,,,,,,-0.039592,-1.038059,-1.696092,,,,,,
195628,,,,,,,,,,,,,,,,,,,,,,,,,,,,7.560000
195630,,,,0.016280,-1.026369,-1.726375,0.215077,-0.120439,,,8.469154,7.799598,,,,,-0.018852,0.053963,-0.029618,,,,,,,,,
195631,,,,,,,,,,,,,13.085426,12.305894,0.065048,0.067491,,,,,,,,,,,,
195632,,,,,,,,,,,,,,,,,,,,-0.039891,-1.039796,-1.696013,,,,,,
195638,,,,,,,,,,,,,,,,,,,,,,,,,,,,9.660000
195639,,,,,,,,,,,,,12.311565,11.655666,0.072018,0.073222,,,,,,,,,,,,
195642,,,,,,,,,,,,,,,,,,,,-0.040178,-1.041537,-1.692325,,,,,,
195648,,,,,,,,,,,,,,,,,,,,,,,,,,,,1.750000
195649,,,,,,,,,,,,,12.001284,11.449410,0.074415,0.074555,,,,,,,,,,,,
195652,,,,,,,,,,,,,,,,,,,,-0.040415,-1.043160,-1.692319,,,,,,
195658,,,,,,,,,,,,,,,,,,,,,,,,,,,,6.230000
195659,,,,,,,,,,,,,11.741534,11.277188,0.076358,0.075581,,,,,,,,,,,,
195663,,,,,,,,,,,,,,,,,,,,-0.040706,-1.044863,-1.692356,,,,,,
195668,,,,,,,,,,,,,,,,,,,,,,,,,,,,9.940000
195669,,,,,,,,,,,,,10.979857,11.139422,0.083472,0.076291,,,,,,,,,,,,
195672,,,,,,,,,,,,,,,,,,,,-0.040860,-1.046429,-1.688642,,,,,,
195680,,,,0.014827,-1.035419,-1.733945,0.193684,-0.139665,,,7.629463,6.677437,,,,,-0.017563,0.053979,-0.044749,,,,,,,,,
195681,,,,,,,,,,,,,11.100455,11.234713,0.073175,0.063205,,,,,,,,,,,,
195684,,,,,,,,,,,,,,,,,,,,,,,,,,,,4.480000
195682,,,,,,,,,,,,,,,,,,,,-0.041063,-1.047971,-1.688651,,,,,,
195689,,,,,,,,,,,,,10.669698,10.782661,0.076875,0.066905,,,,,,,,,,,,
195690,,,,,,,,,,,,,,,,,,,,,,,,,,,,-1.960000
195692,,,,,,,,,,,,,,,,,,,,-0.041284,-1.049484,-1.688624,,,,,,
195698,,,,,,,,,,,,,,,,,,,,,,,,,,,,-2.730000
195699,,,,,,,,,,,,,10.620147,10.715194,0.076772,0.066772,,,,,,,,,,,,
195703,,,,,,,,,,,,,,,,,,,,-0.041521,-1.051056,-1.688646,,,,,,
195708,,,,,,,,,,,,,,,,,,,,,,,,,,,,-0.910000
195709,,,,,,,,,,,,,10.580935,10.112526,0.076574,0.072111,,,,,,,,,,,,
195713,,,,,,,,,,,,,,,,,,,,-0.041819,-1.052627,-1.688619,,,,,,
195718,,,,,,,,,,,,,,,,,,,,,,,,,,,,-6.790000
195719,,,,,,,,,,,,,10.539373,10.145253,0.076408,0.071091,,,,,,,,,,,,
195723,,,,,,,,,,,,,,,,,,,,-0.042036,-1.054222,-1.692325,,,,,,
195728,,,,,,,,,,,,,,,,,,,,,,,,,,,,-12.390000
195730,,,,0.013467,-1.043463,-1.742913,0.173101,-0.164169,,,6.458626,5.336367,,,,,-0.017449,0.053767,-0.050536,,,,,,,,,
195731,,,,,,,,,,,,,10.286525,9.954912,0.066462,0.058660,,,,,,,,,,,,
195733,,,,,,,,,,,,,,,,,,,,-0.042222,-1.055732,-1.692282,,,,,,
195739,,,,,,,,,,,,,9.957348,10.329463,0.069054,0.053916,,,,,,,,,,,,
195743,,,,,,,,,,,,,,,,,,,,-0.042433,-1.057173,-1.696013,,,,,,-6.160000
195748,,,,,,,,,,,,,,,,,,,,,,,,,,,,-5.600000
195749,,,,,,,,,,,,,10.026078,9.789853,0.067654,0.058421,,,,,,,,,,,,
195752,,,,,,,,,,,,,,,,,,,,-0.042626,-1.058714,-1.692319,,,,,,
195758,,,,,,,,,,,,,,,,,,,,,,,,,,,,-9.870000
195759,,,,,,,,,,,,,10.078605,9.332291,0.066404,0.062197,,,,,,,,,,,,
195762,,,,,,,,,,,,,,,,,,,,-0.042814,-1.060126,-1.696044,,,,,,
195768,,,,,,,,,,,,,,,,,,,,,,,,,,,,-10.010000
195769,,,,,,,,,,,,,9.578781,8.950832,0.070778,0.065289,,,,,,,,,,,,
195772,,,,,,,,,,,,,,,,,,,,-0.043023,-1.061615,-1.699665,,,,,,
195778,,,,,,,,,,,,,,,,,,,,,,,,,,,,-10.640000
195780,,,,0.012199,-1.050544,-1.753716,0.153372,-0.195984,,,5.138523,3.841130,,,,,-0.018069,0.053337,-0.054162,,,,,,,,,
195781,,,,,,,,,,,,,9.472515,8.944160,0.057773,0.049383,,,,,,,,,,,,
195782,,,,,,,,,,,,,,,,,,,,-0.043206,-1.062946,-1.699696,,,,,,
195788,,,,,,,,,,,,,,,,,,,,,,,,,,,,-14.700000
195789,,,,,,,,,,,,,9.934614,8.180429,0.052193,0.056152,,,,,,,,,,,,
195793,,,,,,,,,,,,,,,,,,,,-0.043409,-1.064375,-1.703378,,,,,,
195799,,,,,,,,,,,,,9.452333,7.976362,0.056153,0.057366,,,,,,,,,,,,
195803,,,,,,,,,,,,,,,,,,,,-0.043607,-1.065720,-1.707054,,,,,,-9.450000
195808,,,,,,,,,,,,,,,,,,,,,,,,,,,,-7.560000
195809,,,,,,,,,,,,,9.052613,7.810730,0.059368,0.058228,,,,,,,,,,,,
195813,,,,,,,,,,,,,,,,,,,,-0.043768,-1.066991,-1.707017,,,,,,
195818,,,,,,,,,,,,,,,,,,,,,,,,,,,,-9.030000
195819,,,,,,,,,,,,,8.710109,7.665188,0.062078,0.058919,,,,,,,,,,,,
195822,,,,,,,,,,,,,,,,,,,,-0.044010,-1.068229,-1.707017,,,,,,
195828,,,,,,,,,,,,,,,,,,,,,,,,,,,,-8.330000
195830,,,,0.011019,-1.056707,-1.766990,0.134537,-0.238227,,,3.849532,2.313293,,,,,-0.018888,0.052942,-0.059766,,,,,,,,,
195831,,,,,,,,,,,,,8.746765,7.867569,0.047842,0.040506,,,,,,,,,,,,
195832,,,,,,,,,,,,,,,,,,,,-0.044282,-1.069446,-1.710681,,,,,,
195838,,,,,,,,,,,,,,,,,,,,,,,,,,,,-3.990000
195839,,,,,,,,,,,,,8.660395,7.270205,0.047744,0.045488,,,,,,,,,,,,
195843,,,,,,,,,,,,,,,,,,,,-0.044480,-1.070566,-1.710724,,,,,,
195848,,,,,,,,,,,,,,,,,,,,,,,,,,,,0.840000
195849,,,,,,,,,,,,,8.385388,7.215684,0.049587,0.045053,,,,,,,,,,,,
195853,,,,,,,,,,,,,,,,,,,,-0.044699,-1.071738,-1.710760,,,,,,
195858,,,,,,,,,,,,,,,,,,,,,,,,,,,,-9.310000
195859,,,,,,,,,,,,,7.602085,7.164516,0.056669,0.044594,,,,,,,,,,,,
195863,,,,,,,,,,,,,,,,,,,,-0.044861,-1.072706,-1.710760,,,,,,
195868,,,,,,,,,,,,,,,,,,,,,,,,,,,,-9.310000
195869,,,,,,,,,,,,,7.492274,6.576164,0.057039,0.049625,,,,,,,,,,,,
195872,,,,,,,,,,,,,,,,,,,,-0.045060,-1.073792,-1.714296,,,,,,
195880,,,,0.009924,-1.061999,-1.783693,0.116627,-0.295860,,,2.712569,0.840007,,,,,-0.019539,0.052707,-0.069260,,,,,,,,,
195881,,,,,,,,,,,,,7.241815,6.471000,0.047268,0.034818,,,,,,,,,,,,
195882,,,,,,,,,,,,,,,,,,,,-0.045133,-1.074789,-1.717782,,,,,,
195885,,,,,,,,,,,,,,,,,,,,,,,,,,,,-18.340000
195889,,,,,,,,,,,,,7.410811,6.103473,0.044638,0.037440,,,,,,,,,,,,
195890,,,,,,,,,,,,,,,,,,,,,,,,,,,,-16.730000
195892,,,,,,,,,,,,,,,,,,,,-0.045327,-1.075735,-1.717715,,,,,,
195898,,,,,,,,,,,,,,,,,,,,,,,,,,,,-14.000000
195899,,,,,,,,,,,,,6.784114,5.684120,0.050091,0.040665,,,,,,,,,,,,
195904,,,,,,,,,,,,,,,,,,,,-0.045396,-1.076597,-1.721382,,,,,,
195908,,,,,,,,,,,,,,,,,,,,,,,,,,,,-18.620001
195909,,,,,,,,,,,,,6.804585,4.782618,0.049068,0.048892,,,,,,,,,,,,
195913,,,,,,,,,,,,,,,,,,,,-0.045516,-1.077416,-1.724949,,,,,,
195918,,,,,,,,,,,,,,,,,,,,,,,,,,,,-40.320000
195919,,,,,,,,,,,,,6.273042,4.571759,0.053671,0.050254,,,,,,,,,,,,
195922,,,,,,,,,,,,,,,,,,,,-0.045753,-1.078177,-1.728593,,,,,,
195928,,,,,,,,,,,,,,,,,,,,,,,,,,,,-40.529999
195930,,,,0.008912,-1.066465,-1.805339,0.099671,-0.377166,,,1.693231,-0.609051,,,,,-0.020157,0.052138,-0.076578,,,,,,,,,
195931,,,,,,,,,,,,,5.752106,4.794616,0.047875,0.032454,,,,,,,,,,,,
195933,,,,,,,,,,,,,,,,,,,,-0.045805,-1.078908,-1.739112,,,,,,
195939,,,,,,,,,,,,,6.135119,4.034189,0.043157,0.039130,,,,,,,,,,,,
195943,,,,,,,,,,,,,,,,,,,,,,,,,,,,-17.920000
195942,,,,,,,,,,,,,,,,,,,,-0.045861,-1.079547,-1.742638,,,,,,
195948,,,,,,,,,,,,,,,,,,,,,,,,,,,,-17.430000
195949,,,,,,,,,,,,,5.710526,3.394366,0.046599,0.044727,,,,,,,,,,,,
195952,,,,,,,,,,,,,,,,,,,,-0.045984,-1.080091,-1.746354,,,,,,
195958,,,,,,,,,,,,,,,,,,,,,,,,,,,,-16.940001
195959,,,,,,,,,,,,,5.353107,2.856019,0.049442,0.049418,,,,,,,,,,,,
195962,,,,,,,,,,,,,,,,,,,,-0.046079,-1.080543,-1.749984,,,,,,
195968,,,,,,,,,,,,,,,,,,,,,,,,,,,,-25.549999
195969,,,,,,,,,,,,,5.053592,2.403054,0.051765,0.053345,,,,,,,,,,,,
195973,,,,,,,,,,,,,,,,,,,,-0.046197,-1.080929,-1.753458,,,,,,
195978,,,,,,,,,,,,,,,,,,,,,,,,,,,,-35.840000
195980,,,,0.007978,-1.070155,-1.834458,0.083694,-0.496781,,,,,,,,,,,,,,,,,,,,
195981,,,,,,,,,,,0.914290,-1.991829,4.711971,2.021930,0.046632,0.042525,-0.020453,0.051318,-0.080959,,,,,,,,,
195982,,,,,,,,,,,,,,,,,,,,-0.046179,-1.081346,-1.764149,,,,,,
195988,,,,,,,,,,,,,,,,,,,,,,,,,,,,-38.150002
195989,,,,,,,,,,,,,4.641356,2.377954,0.046593,0.038091,,,,,,,,,,,,
195993,,,,,,,,,,,,,,,,,,,,-0.046214,-1.081576,-1.767736,,,,,,
195998,,,,,,,,,,,,,,,,,,,,,,,,,,,,-37.380001
195999,,,,,,,,,,,,,4.452846,2.000811,0.047770,0.041064,,,,,,,,,,,,
196003,,,,,,,,,,,,,,,,,,,,-0.046242,-1.081735,-1.775102,,,,,,
196008,,,,,,,,,,,,,,,,,,,,,,,,,,,,-35.980000
196009,,,,,,,,,,,,,4.294785,1.683482,0.048675,0.043502,,,,,,,,,,,,
196013,,,,,,,,,,,,,,,,,,,,-0.046277,-1.081846,-1.782321,,,,,,
196019,,,,,,,,,,,,,4.163120,1.416481,0.049341,0.045491,,,,,,,,,,,,
196023,,,,,,,,,,,,,,,,,,,,,,,,,,,,-36.330002
196022,,,,,,,,,,,,,,,,,,,,-0.046255,-1.081896,-1.785959,,,,,,
196028,,,,,,,,,,,,,,,,,,,,,,,,,,,,-34.160000
196030,,,,0.007120,-1.073116,-1.875611,0.068720,-0.682476,,,,,,,,,,,,,,,,,,,,
196031,,,,,,,,,,,0.573758,-3.299498,3.965148,1.191827,0.047238,0.033762,-0.020055,0.050289,-0.090186,,,,,,,,,
196032,,,,,,,,,,,,,,,,,,,,-0.046164,-1.081826,-1.793220,,,,,,
196038,,,,,,,,,,,,,,,,,,,,,,,,,,,,-30.030001
196039,,,,,,,,,,,,,3.336275,1.002803,0.052974,0.034792,,,,,,,,,,,,
196042,,,,,,,,,,,,,,,,,,,,-0.046083,-1.081710,-1.796882,,,,,,
196048,,,,,,,,,,,,,,,,,,,,,,,,,,,,-25.410000
196049,,,,,,,,,,,,,3.353597,0.843759,0.052245,0.035554,,,,,,,,,,,,
196053,,,,,,,,,,,,,,,,,,,,-0.045974,-1.081539,-1.800622,,,,,,
196058,,,,,,,,,,,,,,,,,,,,,,,,,,,,-16.100000
196059,,,,,,,,,,,,,3.371482,0.709938,0.051506,0.036090,,,,,,,,,,,,
196062,,,,,,,,,,,,,,,,,,,,-0.045960,-1.081443,-1.804220,,,,,,
196068,,,,,,,,,,,,,,,,,,,,,,,,,,,,-12.460000
196069,,,,,,,,,,,,,2.836765,0.597342,0.056401,0.036437,,,,,,,,,,,,
196072,,,,,,,,,,,,,,,,,,,,-0.045986,-1.081513,-1.804227,,,,,,
196080,,,,0.006333,-1.075396,-1.937843,0.054779,-0.991903,,,1.064820,-4.529593,,,,,-0.018225,0.049495,-0.133409,,,,,,,,,
196081,,,,,,,,,,,,,2.386853,0.502603,0.065546,0.024077,,,,,,,,,,,,
196082,,,,,,,,,,,,,,,,,,,,-0.046034,-1.081647,-1.807678,,,,,,
196085,,,,,,,,,,,,,,,,,,,,,,,,,,,,-4.060000
196089,,,,,,,,,,,,,2.008298,0.422890,0.069143,0.023883,,,,,,,,,,,,
196090,,,,,,,,,,,,,,,,,,,,,,,,,,,,-1.820000
196094,,,,,,,,,,,,,,,,,,,,-0.046084,-1.081795,-1.807577,,,,,,
196098,,,,,,,,,,,,,,,,,,,,,,,,,,,,-4.340000
196099,,,,,,,,,,,,,2.237006,0.355820,0.066621,0.023577,,,,,,,,,,,,
196103,,,,,,,,,,,,,,,,,,,,-0.046103,-1.081841,-1.807577,,,,,,
196108,,,,,,,,,,,,,,,,,,,,,,,,,,,,-7.490000
196109,,,,,,,,,,,,,1.882217,0.299387,0.070006,0.023176,,,,,,,,,,,,
196112,,,,,,,,,,,,,,,,,,,,-0.046033,-1.081809,-1.811198,,,,,,
196118,,,,,,,,,,,,,,,,,,,,,,,,,,,,-7.420000
196119,,,,,,,,,,,,,1.583697,0.251904,0.072887,0.022694,,,,,,,,,,,,
196123,,,,,,,,,,,,,,,,,,,,-0.046091,-1.081849,-1.811152,,,,,,
196128,,,,,,,,,,,,,,,,,,,,,,,,,,,,-0.700000
196130,,,,0.005614,-1.077045,-2.041547,0.041920,-1.559432,,,2.129709,-6.615106,,,,,-0.017044,0.049066,-0.229898,,,,,,,,,
196131,,,,,,,,,,,,,1.332523,0.211952,0.086207,0.000873,,,,,,,,,,,,
196132,,,,,,,,,,,,,,,,,,,,-0.046129,-1.081913,-1.811098,,,,,,
196139,,,,,,,,,,,,,1.121184,0.178336,0.088522,-0.000149,,,,,,,,,,,,
196143,,,,,,,,,,,,,,,,,,,,-0.046124,-1.081938,-1.811038,,,,,,-0.350000
196148,,,,,,,,,,,,,,,,,,,,,,,,,,,,-3.010000
196149,,,,,,,,,,,,,0.943364,0.150052,0.090538,-0.001220,,,,,,,,,,,,
196152,,,,,,,,,,,,,,,,,,,,-0.046116,-1.081932,-1.811098,,,,,,
196158,,,,,,,,,,,,,,,,,,,,,,,,,,,,-3.850000
196159,,,,,,,,,,,,,0.793747,0.126254,0.092301,-0.002330,,,,,,,,,,,,
196162,,,,,,,,,,,,,,,,,,,,-0.046115,-1.081925,-1.811098,,,,,,
196168,,,,,,,,,,,,,,,,,,,,,,,,,,,,-3.710000
196169,,,,,,,,,,,,,0.667858,0.106230,0.093853,-0.003474,,,,,,,,,,,,
196172,,,,,,,,,,,,,,,,,,,,-0.046122,-1.081939,-1.814614,,,,,,
196178,,,,,,,,,,,,,,,,,,,,,,,,,,,,-4.620000
196180,,,,0.004960,-1.078108,-2.240803,0.030252,-2.747985,,,4.801025,-10.403208,,,,,-0.016081,0.048642,-0.425990,,,,,,,,,
196181,,,,,,,,,,,,,1.032099,0.089382,0.117677,-0.043285,,,,,,,,,,,,
196182,,,,,,,,,,,,,,,,,,,,-0.046135,-1.081977,-1.814614,,,,,,
196188,,,,,,,,,,,,,,,,,,,,,,,,,,,,-8.610000
196189,,,,,,,,,,,,,0.868408,0.075206,0.120101,-0.045239,,,,,,,,,,,,
196193,,,,,,,,,,,,,,,,,,,,-0.046144,-1.082083,-1.814626,,,,,,
196198,,,,,,,,,,,,,,,,,,,,,,,,,,,,-18.410000
196199,,,,,,,,,,,,,1.279890,-0.485933,0.116690,-0.041611,,,,,,,,,,,,
196202,,,,,,,,,,,,,,,,,,,,-0.046151,-1.082252,-1.818092,,,,,,
196208,,,,,,,,,,,,,,,,,,,,,,,,,,,,-27.160000
196209,,,,,,,,,,,,,1.076899,-0.408864,0.119465,-0.044380,,,,,,,,,,,,
196213,,,,,,,,,,,,,,,,,,,,-0.046182,-1.082508,-1.825022,,,,,,
196219,,,,,,,,,,,,,1.999783,-0.344018,0.110796,-0.047041,,,,,,,,,,,,
196223,,,,,,,,,,,,,,,,,,,,,,,,,,,,-52.570000
196222,,,,,,,,,,,,,,,,,,,,-0.046248,-1.082768,-1.835564,,,,,,
196228,,,,,,,,,,,,,,,,,,,,,,,,,,,,-54.950001
196230,,,,0.004366,-1.078635,-2.691550,0.020086,-5.701325,,,11.443173,-19.487585,,,,,,,,,,,,,,,,
196231,,,,,,,,,,,,,2.609262,-0.289457,0.172890,-0.142270,-0.017227,0.047774,-0.855858,,,,,,,,,
196233,,,,,,,,,,,,,,,,,,,,-0.046329,-1.082975,-1.842526,,,,,,
196238,,,,,,,,,,,,,,,,,,,,,,,,,,,,-58.939999
196239,,,,,,,,,,,,,2.867128,-0.915244,0.172026,-0.139726,,,,,,,,,,,,
196243,,,,,,,,,,,,,,,,,,,,-0.046385,-1.083250,-1.852991,,,,,,
196248,,,,,,,,,,,,,,,,,,,,,,,,,,,,-95.480003
196249,,,,,,,,,,,,,3.508503,-1.318137,0.167199,-0.139331,,,,,,,,,,,,
196253,,,,,,,,,,,,,,,,,,,,-0.046403,-1.083607,-1.870208,,,,,,
196258,,,,,,,,,,,,,,,,,,,,,,,,,,,,-132.929993
196259,,,,,,,,,,,,,4.598692,-1.657960,0.157666,-0.139499,,,,,,,,,,,,
196262,,,,,,,,,,,,,,,,,,,,-0.046520,-1.084171,-1.894170,,,,,,
196268,,,,,,,,,,,,,,,,,,,,,,,,,,,,-174.580002
196269,,,,,,,,,,,,,6.062645,-2.491660,0.144103,-0.134561,,,,,,,,,,,,
196272,,,,,,,,,,,,,,,,,,,,-0.046563,-1.084659,-1.924798,,,,,,
196280,,,,0.003828,-1.078669,2.775445,0.012550,-13.309912,,,28.925179,-41.892773,,,,,,,,,,,,,,,,
196281,,,,,,,,,,,,,7.421869,-3.488939,0.309631,-0.356321,-0.023018,0.045230,-1.583599,,,,,,,,,
196285,,,,,,,,,,,,,,,,,,,,,,,,,,,,-223.440002
196282,,,,,,,,,,,,,,,,,,,,-0.046586,-1.085149,-1.964986,,,,,,
196289,,,,,,,,,,,,,9.583877,-5.606886,0.291879,-0.342399,,,,,,,,,,,,
196290,,,,,,,,,,,,,,,,,,,,,,,,,,,,-252.350006
196294,,,,,,,,,,,,,,,,,,,,-0.046575,-1.085673,-2.004727,,,,,,
196298,,,,,,,,,,,,,,,,,,,,,,,,,,,,-308.980011
196299,,,,,,,,,,,,,11.346889,-8.000650,0.277765,-0.325240,,,,,,,,,,,,
196302,,,,,,,,,,,,,,,,,,,,-0.046665,-1.086277,-2.066486,,,,,,
196308,,,,,,,,,,,,,,,,,,,,,,,,,,,,-447.019989
196309,,,,,,,,,,,,,14.479232,-10.567715,0.249331,-0.305834,,,,,,,,,,,,
196313,,,,,,,,,,,,,,,,,,,,-0.046541,-1.086899,-2.149255,,,,,,
196318,,,,,,,,,,,,,,,,,,,,,,,,,,,,-549.710022
196319,,,,,,,,,,,,,17.108835,-13.817686,0.225398,-0.278949,,,,,,,,,,,,
196322,,,,,,,,,,,,,,,,,,,,-0.046338,-1.087537,-2.248641,,,,,,
196328,,,,,,,,,,,,,,,,,,,,,,,,,,,,-671.440002
196330,,,,0.003344,-1.078258,2.208184,0.010927,-15.944475,,,31.355528,-53.208012,,,,,-0.038229,0.033128,-1.828934,,,,,,,,,
196331,,,,,,,,,,,,,20.022270,-17.253098,0.222834,-0.364938,,,,,,,,,,,,
196333,,,,,,,,,,,,,,,,,,,,-0.046282,-1.088240,-2.366685,,,,,,
196338,,,,,,,,,,,,,,,,,,,,,,,,,,,,-730.380005
196339,,,,,,,,,,,,,22.764969,-21.092567,0.197125,-0.332967,,,,,,,,,,,,
196343,,,,,,,,,,,,,,,,,,,,-0.046239,-1.088827,-2.496651,,,,,,
196348,,,,,,,,,,,,,,,,,,,,,,,,,,,,-801.710022
196349,,,,,,,,,,,,,25.770336,-24.363178,0.168188,-0.306030,,,,,,,,,,,,
196352,,,,,,,,,,,,,,,,,,,,-0.046122,-1.089483,-2.646650,,,,,,
196359,,,,,,,,,,,,,27.706261,-27.617388,0.149559,-0.278606,,,,,,,,,,,,
196362,,,,,,,,,,,,,,,,,,,,,,,,,,,,-868.419983
196363,,,,,,,,,,,,,,,,,,,,-0.046167,-1.090126,-2.793824,,,,,,
196368,,,,,,,,,,,,,,,,,,,,,,,,,,,,-886.130005
196369,,,,,,,,,,,,,29.339994,-30.361208,0.133625,-0.255737,,,,,,,,,,,,
196373,,,,,,,,,,,,,,,,,,,,-0.046225,-1.090733,-2.953159,,,,,,
196378,,,,,,,,,,,,,,,,,,,,,,,,,,,,-908.179993
196380,,,,0.002909,-1.077444,1.960726,0.015422,-7.239670,,,5.444315,-33.612309,,,,,-0.050723,-0.002963,-1.381038,,,,,,,,,
196381,,,,,,,,,,,,,30.295696,-33.024620,-0.140015,-0.033263,,,,,,,,,,,,
196383,,,,,,,,,,,,,,,,,,,,-0.046369,-1.091099,-3.108419,,,,,,
196388,,,,,,,,,,,,,,,,,,,,,,,,,,,,-912.520020
196389,,,,,,,,,,,,,30.115086,-34.393040,-0.143143,-0.019423,,,,,,,,,,,,
196393,,,,,,,,,,,,,,,,,,,,-0.046472,-1.091339,3.016814,,,,,,
196398,,,,,,,,,,,,,,,,,,,,,,,,,,,,-856.169983
196399,,,,,,,,,,,,,26.980337,-34.409996,-0.116102,-0.019094,,,,,,,,,,,,
196402,,,,,,,,,,,,,,,,,,,,-0.046646,-1.091410,2.872073,,,,,,
196408,,,,,,,,,,,,,,,,,,,,,,,,,,,,-688.239990
196409,,,,,,,,,,,,,22.701252,-33.335648,-0.076763,-0.029893,,,,,,,,,,,,
196412,,,,,,,,,,,,,,,,,,,,-0.046704,-1.091281,2.761956,,,,,,
196419,,,,,,,,,,,,,19.100830,-31.892315,-0.043490,-0.044670,,,,,,,,,,,,
196423,,,,,,,,,,,,,,,,,,,,-0.046260,-1.091115,2.676622,,,,,,-455.420013
196428,,,,,,,,,,,,,,,,,,,,,,,,,,,,-359.660004
196430,,,,0.002521,-1.076271,1.838216,0.021638,-3.313073,,,,,,,,,,,,,,,,,,,,
196431,,,,,,,,,,,-0.301044,-18.789354,16.071436,-30.055794,-0.073924,0.087448,-0.037099,-0.034359,-0.853566,,,,,,,,,
196433,,,,,,,,,,,,,,,,,,,,-0.044937,-1.091545,2.613677,,,,,,
196438,,,,,,,,,,,,,,,,,,,,,,,,,,,,-234.570007
196439,,,,,,,,,,,,,13.522504,-26.643526,-0.051200,0.054896,,,,,,,,,,,,
196443,,,,,,,,,,,,,,,,,,,,-0.043688,-1.092223,2.573684,,,,,,
196448,,,,,,,,,,,,,,,,,,,,,,,,,,,,-69.510002
196449,,,,,,,,,,,,,11.377832,-23.517612,-0.032089,0.024582,,,,,,,,,,,,
196452,,,,,,,,,,,,,,,,,,,,-0.042732,-1.092897,2.556516,,,,,,
196458,,,,,,,,,,,,,,,,,,,,,,,,,,,,6.370000
196459,,,,,,,,,,,,,9.573307,-19.787716,-0.016018,-0.012517,,,,,,,,,,,,
196462,,,,,,,,,,,,,,,,,,,,-0.041374,-1.093833,2.562436,,,,,,
196468,,,,,,,,,,,,,,,,,,,,,,,,,,,,39.480000
196469,,,,,,,,,,,,,8.054979,-16.649382,-0.002506,-0.044328,,,,,,,,,,,,
196472,,,,,,,,,,,,,,,,,,,,-0.040108,-1.094699,2.568511,,,,,,
196478,,,,,,,,,,,,,,,,,,,,,,,,,,,,9.800000
196480,,,,0.002174,-1.074778,1.767362,0.027789,-1.801958,,,,,,,,,,,,,,,,,,,,
196481,,,,,,,,,,,-0.324359,-11.090968,6.777459,-14.008787,0.008615,0.006833,-0.024633,-0.039898,-0.791797,,,,,,,,,
196482,,,,,,,,,,,,,,,,,,,,-0.038506,-1.095657,2.577531,,,,,,
196488,,,,,,,,,,,,,,,,,,,,,,,,,,,,4.830000
196489,,,,,,,,,,,,,5.702553,-11.786991,0.018159,-0.015246,,,,,,,,,,,,
196493,,,,,,,,,,,,,,,,,,,,-0.036990,-1.096656,2.574977,,,,,,
196499,,,,,,,,,,,,,4.798127,-9.917573,0.026179,-0.034175,,,,,,,,,,,,
196503,,,,,,,,,,,,,,,,,,,,-0.036604,-1.097029,2.574977,,,,,,-12.600000
196508,,,,,,,,,,,,,,,,,,,,,,,,,,,,-13.650000
196509,,,,,,,,,,,,,4.037144,-8.892200,0.032916,-0.044868,,,,,,,,,,,,
196513,,,,,,,,,,,,,,,,,,,,-0.037029,-1.096851,2.566253,,,,,,
196518,,,,,,,,,,,,,,,,,,,,,,,,,,,,-12.250000
196519,,,,,,,,,,,,,3.396852,-7.481895,0.038575,-0.059693,,,,,,,,,,,,
196522,,,,,,,,,,,,,,,,,,,,-0.037174,-1.096696,2.569178,,,,,,
196528,,,,,,,,,,,,,,,,,,,,,,,,,,,,-6.790000
196530,,,,0.001866,-1.073004,1.721751,0.033434,-1.111866,,,-0.432098,-7.896101,,,,,-0.019776,-0.041252,-0.837912,,,,,,,,,
196531,,,,,,,,,,,,,2.858111,-6.295266,0.042227,-0.039931,,,,,,,,,,,,
196533,,,,,,,,,,,,,,,,,,,,-0.037882,-1.096162,2.566084,,,,,,
196538,,,,,,,,,,,,,,,,,,,,,,,,,,,,-4.550000
196539,,,,,,,,,,,,,3.060574,-5.296836,0.039504,-0.050435,,,,,,,,,,,,
196543,,,,,,,,,,,,,,,,,,,,-0.038076,-1.096029,2.566035,,,,,,
196548,,,,,,,,,,,,,,,,,,,,,,,,,,,,-4.340000
196549,,,,,,,,,,,,,2.575167,-4.456757,0.043757,-0.059523,,,,,,,,,,,,
196552,,,,,,,,,,,,,,,,,,,,-0.038296,-1.095752,2.566084,,,,,,
196559,,,,,,,,,,,,,2.166745,-3.749915,0.047321,-0.067421,,,,,,,,,,,,
196562,,,,,,,,,,,,,,,,,,,,,,,,,,,,-1.190000
196563,,,,,,,,,,,,,,,,,,,,-0.038462,-1.095683,2.566135,,,,,,
196568,,,,,,,,,,,,,,,,,,,,,,,,,,,,0.490000
196569,,,,,,,,,,,,,1.823099,-3.155178,0.050306,-0.074317,,,,,,,,,,,,
196572,,,,,,,,,,,,,,,,,,,,-0.038557,-1.095617,2.569022,,,,,,
196578,,,,,,,,,,,,,,,,,,,,,,,,,,,,3.710000
196580,,,,0.001595,-1.070988,1.690166,0.038452,-0.747376,,,-1.166719,-7.013849,,,,,-0.020026,-0.042565,-0.874102,,,,,,,,,
196581,,,,,,,,,,,,,1.533955,-2.654766,0.045311,-0.071370,,,,,,,,,,,,
196582,,,,,,,,,,,,,,,,,,,,-0.038702,-1.095542,2.569059,,,,,,
196588,,,,,,,,,,,,,,,,,,,,,,,,,,,,1.260000
196589,,,,,,,,,,,,,1.290670,-2.233720,0.047253,-0.076537,,,,,,,,,,,,
196593,,,,,,,,,,,,,,,,,,,,-0.038680,-1.095595,2.571898,,,,,,
196598,,,,,,,,,,,,,,,,,,,,,,,,,,,,-6.720000
196599,,,,,,,,,,,,,1.085969,-1.879452,0.048849,-0.081106,,,,,,,,,,,,
196602,,,,,,,,,,,,,,,,,,,,-0.038706,-1.095580,2.569022,,,,,,
196608,,,,,,,,,,,,,,,,,,,,,,,,,,,,-0.630000
196609,,,,,,,,,,,,,0.913734,-1.581370,0.050156,-0.085173,,,,,,,,,,,,
196612,,,,,,,,,,,,,,,,,,,,-0.038547,-1.095656,2.569059,,,,,,
196619,,,,,,,,,,,,,0.768816,-1.330565,0.051218,-0.088818,,,,,,,,,,,,
196623,,,,,,,,,,,,,,,,,,,,,,,,,,,,-1.120000
196624,,,,,,,,,,,,,,,,,,,,-0.038494,-1.095667,2.566187,,,,,,
196628,,,,,,,,,,,,,,,,,,,,,,,,,,,,-2.590000
196630,,,,0.001356,-1.068765,1.667130,0.042818,-0.533375,,,-1.095764,-6.075933,,,,,-0.018685,-0.044290,-0.897222,,,,,,,,,
196631,,,,,,,,,,,,,0.646882,-1.588688,0.052798,-0.077755,,,,,,,,,,,,
196633,,,,,,,,,,,,,,,,,,,,-0.038301,-1.095804,2.566035,,,,,,
196638,,,,,,,,,,,,,,,,,,,,,,,,,,,,-1.260000
196639,,,,,,,,,,,,,0.544286,-1.336722,0.053496,-0.081223,,,,,,,,,,,,
196643,,,,,,,,,,,,,,,,,,,,-0.038072,-1.095990,2.566035,,,,,,
196648,,,,,,,,,,,,,,,,,,,,,,,,,,,,-1.750000
196649,,,,,,,,,,,,,0.457962,-1.124717,0.054048,-0.084333,,,,,,,,,,,,
196653,,,,,,,,,,,,,,,,,,,,-0.037930,-1.096139,2.566124,,,,,,
196658,,,,,,,,,,,,,,,,,,,,,,,,,,,,-11.340000
196659,,,,,,,,,,,,,0.385329,-0.946337,0.054479,-0.087143,,,,,,,,,,,,
196662,,,,,,,,,,,,,,,,,,,,-0.037894,-1.096187,2.563236,,,,,,
196668,,,,,,,,,,,,,,,,,,,,,,,,,,,,-25.969999
196669,,,,,,,,,,,,,0.324216,-1.344574,0.054806,-0.084107,,,,,,,,,,,,
196672,,,,,,,,,,,,,,,,,,,,-0.037945,-1.096117,2.560428,,,,,,
196678,,,,,,,,,,,,,,,,,,,,,,,,,,,,-34.790001
196680,,,,0.001146,-1.066367,1.649678,0.046540,-0.397568,,,-0.563258,-5.043451,,,,,-0.016317,-0.046337,-0.909749,,,,,,,,,
196681,,,,,,,,,,,,,0.272795,-1.601772,0.060478,-0.071898,,,,,,,,,,,,
196682,,,,,,,,,,,,,,,,,,,,-0.037996,-1.096102,2.554646,,,,,,
196688,,,,,,,,,,,,,,,,,,,,,,,,,,,,-39.549999
196689,,,,,,,,,,,,,0.229530,-2.001366,0.060752,-0.068511,,,,,,,,,,,,
196692,,,,,,,,,,,,,,,,,,,,-0.038037,-1.096181,2.548871,,,,,,
196699,,,,,,,,,,,,,0.193126,-2.232220,0.060965,-0.066764,,,,,,,,,,,,
196702,,,,,,,,,,,,,,,,,,,,,,,,,,,,-31.850000
196703,,,,,,,,,,,,,,,,,,,,-0.037936,-1.096254,2.540131,,,,,,
196708,,,,,,,,,,,,,,,,,,,,,,,,,,,,-28.910000
196709,,,,,,,,,,,,,0.711708,-1.878190,0.055524,-0.070938,,,,,,,,,,,,
196713,,,,,,,,,,,,,,,,,,,,-0.037808,-1.096353,2.537184,,,,,,
196718,,,,,,,,,,,,,,,,,,,,,,,,,,,,-21.490000
196719,,,,,,,,,,,,,0.598831,-2.126765,0.056420,-0.069035,,,,,,,,,,,,
196722,,,,,,,,,,,,,,,,,,,,-0.037611,-1.096422,2.534323,,,,,,
196728,,,,,,,,,,,,,,,,,,,,,,,,,,,,-28.910000
196730,,,,0.000963,-1.063826,1.636069,0.049641,-0.306152,,,0.329113,-3.810522,,,,,-0.013062,-0.048774,-0.898188,,,,,,,,,
196731,,,,,,,,,,,,,0.503856,-2.260640,0.066259,-0.055677,,,,,,,,,,,,
196732,,,,,,,,,,,,,,,,,,,,-0.037392,-1.096578,2.528553,,,,,,
196738,,,,,,,,,,,,,,,,,,,,,,,,,,,,-34.020000
196739,,,,,,,,,,,,,0.423945,-1.902102,0.067039,-0.059644,,,,,,,,,,,,
196742,,,,,,,,,,,,,,,,,,,,-0.037104,-1.096852,2.522706,,,,,,
196748,,,,,,,,,,,,,,,,,,,,,,,,,,,,-33.180000
196749,,,,,,,,,,,,,0.356707,-2.146829,0.067706,-0.057530,,,,,,,,,,,,
196753,,,,,,,,,,,,,,,,,,,,-0.036798,-1.097131,2.516926,,,,,,
196759,,,,,,,,,,,,,0.300133,-1.806342,0.068277,-0.061335,,,,,,,,,,,,
196762,,,,,,,,,,,,,,,,,,,,,,,,,,,,-20.650000
196763,,,,,,,,,,,,,,,,,,,,-0.036549,-1.097414,2.511139,,,,,,
196768,,,,,,,,,,,,,,,,,,,,,,,,,,,,-15.610000
196769,,,,,,,,,,,,,0.252532,-1.519856,0.068769,-0.064658,,,,,,,,,,,,
196772,,,,,,,,,,,,,,,,,,,,-0.036327,-1.097548,2.508191,,,,,,
196778,,,,,,,,,,,,,,,,,,,,,,,,,,,,-18.830000
196780,,,,0.000805,-1.061172,1.625219,0.052154,-0.241722,,,1.617746,-2.285050,,,,,-0.008537,-0.051278,-0.883746,,,,,,,,,
196781,,,,,,,,,,,,,0.212480,-1.278806,0.082336,-0.052015,,,,,,,,,,,,
196782,,,,,,,,,,,,,,,,,,,,-0.036294,-1.097585,2.505239,,,,,,
196788,,,,,,,,,,,,,,,,,,,,,,,,,,,,-12.950000
196789,,,,,,,,,,,,,0.178781,-1.075988,0.082961,-0.054285,,,,,,,,,,,,
196793,,,,,,,,,,,,,,,,,,,,-0.036264,-1.097578,2.505198,,,,,,
196798,,,,,,,,,,,,,,,,,,,,,,,,,,,,-5.810000
196799,,,,,,,,,,,,,0.150426,-0.905336,0.083538,-0.056268,,,,,,,,,,,,
196802,,,,,,,,,,,,,,,,,,,,-0.036325,-1.097567,2.502324,,,,,,
196808,,,,,,,,,,,,,,,,,,,,,,,,,,,,-1.750000
196809,,,,,,,,,,,,,0.126569,-0.761749,0.084075,-0.058008,,,,,,,,,,,,
196813,,,,,,,,,,,,,,,,,,,,-0.036342,-1.097558,2.502362,,,,,,
196818,,,,,,,,,,,,,,,,,,,,,,,,,,,,-2.800000
196819,,,,,,,,,,,,,0.106495,-0.640936,0.084578,-0.059545,,,,,,,,,,,,
196822,,,,,,,,,,,,,,,,,,,,-0.036348,-1.097557,2.505312,,,,,,
196828,,,,,,,,,,,,,,,,,,,,,,,,,,,,-4.620000
196830,,,,0.000668,-1.058432,1.616414,0.054112,-0.194612,,,2.188728,-1.579156,,,,,-0.006498,-0.053462,-0.888609,,,,,,,,,
196831,,,,,,,,,,,,,0.089605,-0.539283,0.090877,-0.053711,,,,,,,,,,,,
196832,,,,,,,,,,,,,,,,,,,,-0.036370,-1.097550,2.505377,,,,,,
196839,,,,,,,,,,,,,0.729342,-0.453753,0.084771,-0.054791,,,,,,,,,,,,
196842,,,,,,,,,,,,,,,,,,,,,,,,,,,,-8.820000
196843,,,,,,,,,,,,,,,,,,,,-0.036436,-1.097512,2.502461,,,,,,
196848,,,,,,,,,,,,,,,,,,,,,,,,,,,,-12.250000
196849,,,,,,,,,,,,,0.613669,-0.381788,0.086243,-0.055751,,,,,,,,,,,,
196853,,,,,,,,,,,,,,,,,,,,-0.036537,-1.097456,2.499545,,,,,,
196858,,,,,,,,,,,,,,,,,,,,,,,,,,,,-11.480000
196859,,,,,,,,,,,,,0.516341,-0.321236,0.087551,-0.056608,,,,,,,,,,,,
196863,,,,,,,,,,,,,,,,,,,,-0.036639,-1.097382,2.499516,,,,,,
196868,,,,,,,,,,,,,,,,,,,,,,,,,,,,-19.879999
196869,,,,,,,,,,,,,0.983162,-0.270288,0.083123,-0.057379,,,,,,,,,,,,
196873,,,,,,,,,,,,,,,,,,,,-0.036741,-1.097285,2.493707,,,,,,
196878,,,,,,,,,,,,,,,,,,,,,,,,,,,,-25.900000
196880,,,,0.000551,-1.055630,1.609172,0.055554,-0.159116,,,2.737578,-0.911436,,,,,-0.004577,-0.055718,-0.884485,,,,,,,,,
196881,,,,,,,,,,,,,1.295657,-0.227420,0.085775,-0.051267,,,,,,,,,,,,
196882,,,,,,,,,,,,,,,,,,,,-0.036911,-1.097162,2.490753,,,,,,
196888,,,,,,,,,,,,,,,,,,,,,,,,,,,,-27.790001
196889,,,,,,,,,,,,,1.748303,-0.191351,0.081447,-0.051772,,,,,,,,,,,,
196892,,,,,,,,,,,,,,,,,,,,-0.037072,-1.097091,2.484935,,,,,,
196899,,,,,,,,,,,,,1.471022,-0.161003,0.084473,-0.052225,,,,,,,,,,,,
196903,,,,,,,,,,,,,,,,,,,,,,,,,,,,-34.230000
196902,,,,,,,,,,,,,,,,,,,,-0.037298,-1.096980,2.479055,,,,,,
196908,,,,,,,,,,,,,,,,,,,,,,,,,,,,-32.270000
196909,,,,,,,,,,,,,1.786100,-0.135468,0.081512,-0.052636,,,,,,,,,,,,
196913,,,,,,,,,,,,,,,,,,,,-0.037468,-1.096801,2.473197,,,,,,
196918,,,,,,,,,,,,,,,,,,,,,,,,,,,,-34.230000
196919,,,,,,,,,,,,,2.049170,-0.113983,0.079019,-0.053010,,,,,,,,,,,,
196922,,,,,,,,,,,,,,,,,,,,-0.037666,-1.096668,2.467333,,,,,,
196928,,,,,,,,,,,,,,,,,,,,,,,,,,,,-38.220001
196930,,,,0.000451,-1.052791,1.603150,0.056517,-0.131696,,,3.378577,-0.133706,,,,,-0.002381,-0.058064,-0.864667,,,,,,,,,
196931,,,,,,,,,,,,,2.665473,-0.095905,0.079409,-0.045421,,,,,,,,,,,,
196932,,,,,,,,,,,,,,,,,,,,-0.037967,-1.096478,2.461351,,,,,,
196938,,,,,,,,,,,,,,,,,,,,,,,,,,,,-37.099998
196939,,,,,,,,,,,,,2.242729,-0.080694,0.083864,-0.045584,,,,,,,,,,,,
196942,,,,,,,,,,,,,,,,,,,,-0.038146,-1.096360,2.455515,,,,,,
196948,,,,,,,,,,,,,,,,,,,,,,,,,,,,-39.549999
196949,,,,,,,,,,,,,2.980492,-0.067896,0.076566,-0.045725,,,,,,,,,,,,
196952,,,,,,,,,,,,,,,,,,,,-0.038378,-1.096248,2.449631,,,,,,
196959,,,,,,,,,,,,,3.055341,-0.057128,0.075882,-0.045848,,,,,,,,,,,,
196963,,,,,,,,,,,,,,,,,,,,-0.038671,-1.096061,2.440796,,,,,,-47.599998
196968,,,,,,,,,,,,,,,,,,,,,,,,,,,,-40.950001
196969,,,,,,,,,,,,,3.119808,-0.048067,0.075289,-0.045956,,,,,,,,,,,,
196973,,,,,,,,,,,,,,,,,,,,-0.038950,-1.095860,2.435004,,,,,,
196978,,,,,,,,,,,,,,,,,,,,,,,,,,,,-36.470001
196980,,,,0.000366,-1.049936,1.598095,0.057040,-0.110067,,,,,,,,,,,,,,,,,,,,
196981,,,,,,,,,,,4.047533,0.684091,3.082298,-0.040444,0.082547,-0.037709,-0.000076,-0.060437,-0.837136,,,,,,,,,
196982,,,,,,,,,,,,,,,,,,,,-0.039341,-1.095599,2.426147,,,,,,
196988,,,,,,,,,,,,,,,,,,,,,,,,,,,,-36.119999
196989,,,,,,,,,,,,,3.277459,-0.034030,0.080749,-0.037630,,,,,,,,,,,,
196993,,,,,,,,,,,,,,,,,,,,-0.039584,-1.095401,2.420232,,,,,,
196998,,,,,,,,,,,,,,,,,,,,,,,,,,,,-40.250000
196999,,,,,,,,,,,,,3.304713,-0.028632,0.080625,-0.037541,,,,,,,,,,,,
197003,,,,,,,,,,,,,,,,,,,,-0.039768,-1.095223,2.414309,,,,,,
197008,,,,,,,,,,,,,,,,,,,,,,,,,,,,-40.669998
197009,,,,,,,,,,,,,3.330074,-0.024091,0.080515,-0.037445,,,,,,,,,,,,
197013,,,,,,,,,,,,,,,,,,,,-0.039984,-1.095002,2.405314,,,,,,
197018,,,,,,,,,,,,,,,,,,,,,,,,,,,,-38.709999
197019,,,,,,,,,,,,,3.350527,-0.020270,0.080450,-0.037342,,,,,,,,,,,,
197023,,,,,,,,,,,,,,,,,,,,-0.040244,-1.094747,2.402339,,,,,,
197028,,,,,,,,,,,,,,,,,,,,,,,,,,,,-37.169998
197030,,,,0.000294,-1.047084,1.593826,0.057162,-0.092700,,,4.687295,1.475606,,,,,0.002185,-0.062530,-0.808586,,,,,,,,,
197031,,,,,,,,,,,,,3.760435,-0.017056,0.082934,-0.029161,,,,,,,,,,,,
197033,,,,,,,,,,,,,,,,,,,,-0.040467,-1.094631,2.393465,,,,,,
197039,,,,,,,,,,,,,3.819947,-0.014351,0.082512,-0.028890,,,,,,,,,,,,
197043,,,,,,,,,,,,,,,,,,,,,,,,,,,,-40.250000
197042,,,,,,,,,,,,,,,,,,,,-0.040675,-1.094458,2.387581,,,,,,
197048,,,,,,,,,,,,,,,,,,,,,,,,,,,,-38.779999
197049,,,,,,,,,,,,,3.763758,-0.012075,0.083259,-0.028615,,,,,,,,,,,,
197053,,,,,,,,,,,,,,,,,,,,-0.040907,-1.094296,2.381585,,,,,,
197058,,,,,,,,,,,,,,,,,,,,,,,,,,,,-38.639999
197059,,,,,,,,,,,,,3.714711,-0.010160,0.083944,-0.028337,,,,,,,,,,,,
197062,,,,,,,,,,,,,,,,,,,,-0.041199,-1.094097,2.372551,,,,,,
197068,,,,,,,,,,,,,,,,,,,,,,,,,,,,-39.270000
197069,,,,,,,,,,,,,3.673829,-0.008548,0.084555,-0.028056,,,,,,,,,,,,
197073,,,,,,,,,,,,,,,,,,,,-0.041389,-1.093968,2.366525,,,,,,
197078,,,,,,,,,,,,,,,,,,,,,,,,,,,,-42.279999
197080,,,,0.000234,-1.044251,1.590200,0.056919,-0.078543,,,5.481059,2.432905,,,,,0.005045,-0.064624,-0.776401,,,,,,,,,
197081,,,,,,,,,,,,,3.561973,-0.007192,0.093995,-0.018009,,,,,,,,,,,,
197084,,,,,,,,,,,,,,,,,,,,-0.041531,-1.093789,2.360540,,,,,,
197088,,,,,,,,,,,,,,,,,,,,,,,,,,,,-40.320000
197089,,,,,,,,,,,,,3.649191,-0.006052,0.093489,-0.017533,,,,,,,,,,,,
197092,,,,,,,,,,,,,,,,,,,,-0.041703,-1.093591,2.351637,,,,,,
197099,,,,,,,,,,,,,3.619198,-0.005092,0.094162,-0.017055,,,,,,,,,,,,
197102,,,,,,,,,,,,,,,,,,,,,,,,,,,,-43.330002
197103,,,,,,,,,,,,,,,,,,,,-0.041907,-1.093423,2.345714,,,,,,
197108,,,,,,,,,,,,,,,,,,,,,,,,,,,,-43.330002
197109,,,,,,,,,,,,,4.138104,-0.004284,0.089241,-0.016575,,,,,,,,,,,,
197112,,,,,,,,,,,,,,,,,,,,-0.042150,-1.093203,2.339706,,,,,,
197118,,,,,,,,,,,,,,,,,,,,,,,,,,,,-42.419998
197119,,,,,,,,,,,,,4.030735,-0.003605,0.090605,-0.016095,,,,,,,,,,,,
197122,,,,,,,,,,,,,,,,,,,,-0.042497,-1.092916,2.330743,,,,,,
197128,,,,,,,,,,,,,,,,,,,,,,,,,,,,-47.250000
197130,,,,0.000184,-1.041455,1.587109,0.056348,-0.066852,,,6.255414,3.377142,,,,,0.007907,-0.066381,-0.743426,,,,,,,,,
197131,,,,,,,,,,,,,3.862477,-0.003033,0.100510,-0.005982,,,,,,,,,,,,
197133,,,,,,,,,,,,,,,,,,,,-0.042778,-1.092690,2.324743,,,,,,
197138,,,,,,,,,,,,,,,,,,,,,,,,,,,,-50.750000
197139,,,,,,,,,,,,,4.559515,-0.002552,0.093878,-0.005311,,,,,,,,,,,,
197142,,,,,,,,,,,,,,,,,,,,-0.042984,-1.092466,2.315624,,,,,,
197148,,,,,,,,,,,,,,,,,,,,,,,,,,,,-51.730000
197149,,,,,,,,,,,,,4.385089,-0.002147,0.095997,-0.004639,,,,,,,,,,,,
197153,,,,,,,,,,,,,,,,,,,,-0.043276,-1.092226,2.303517,,,,,,
197158,,,,,,,,,,,,,,,,,,,,,,,,,,,,-50.889999
197159,,,,,,,,,,,,,4.784283,-0.001807,0.092299,-0.003967,,,,,,,,,,,,
197163,,,,,,,,,,,,,,,,,,,,-0.043570,-1.091984,2.294447,,,,,,
197168,,,,,,,,,,,,,,,,,,,,,,,,,,,,-52.709999
197169,,,,,,,,,,,,,4.574319,-0.001520,0.094735,-0.003294,,,,,,,,,,,,
197172,,,,,,,,,,,,,,,,,,,,-0.043752,-1.091733,2.285358,,,,,,
197180,,,,0.000143,-1.038708,1.584465,0.055485,-0.057089,,,7.159561,4.480149,,,,,0.011271,-0.067895,-0.701035,,,,,,,,,
197181,,,,,,,,,,,,,4.780949,-0.001279,0.102186,0.008630,,,,,,,,,,,,
197185,,,,,,,,,,,,,,,,,,,,,,,,,,,,-56.560001
197182,,,,,,,,,,,,,,,,,,,,-0.044142,-1.091354,2.273141,,,,,,
197189,,,,,,,,,,,,,4.687497,-0.001076,0.103615,0.009524,,,,,,,,,,,,
197190,,,,,,,,,,,,,,,,,,,,,,,,,,,,-57.680000
197193,,,,,,,,,,,,,,,,,,,,-0.044421,-1.090994,2.263926,,,,,,
197198,,,,,,,,,,,,,,,,,,,,,,,,,,,,-58.450001
197199,,,,,,,,,,,,,5.039389,-0.000906,0.100520,0.010419,,,,,,,,,,,,
197202,,,,,,,,,,,,,,,,,,,,-0.044697,-1.090719,2.254702,,,,,,
197208,,,,,,,,,,,,,,,,,,,,,,,,,,,,-66.779999
197209,,,,,,,,,,,,,5.336574,-0.000762,0.097913,0.011314,,,,,,,,,,,,
197213,,,,,,,,,,,,,,,,,,,,-0.045034,-1.090376,2.239369,,,,,,
197218,,,,,,,,,,,,,,,,,,,,,,,,,,,,-71.750000
197219,,,,,,,,,,,,,5.583982,-0.000641,0.095754,0.012209,,,,,,,,,,,,
197222,,,,,,,,,,,,,,,,,,,,-0.045447,-1.089996,2.227028,,,,,,
197228,,,,,,,,,,,,,,,,,,,,,,,,,,,,-66.430000
197230,,,,0.000110,-1.036023,1.582202,0.054363,-0.048859,,,8.139276,5.698995,,,,,0.014950,-0.069014,-0.645280,,,,,,,,,
197231,,,,,,,,,,,,,5.644653,-0.000539,0.105443,0.025536,,,,,,,,,,,,
197232,,,,,,,,,,,,,,,,,,,,-0.045793,-1.089620,2.217886,,,,,,
197239,,,,,,,,,,,,,6.041327,-0.000454,0.101896,0.026675,,,,,,,,,,,,
197242,,,,,,,,,,,,,,,,,,,,,,,,,,,,-72.940002
197243,,,,,,,,,,,,,,,,,,,,-0.046118,-1.089170,2.205488,,,,,,
197248,,,,,,,,,,,,,,,,,,,,,,,,,,,,-76.089996
197249,,,,,,,,,,,,,6.184372,-0.000382,0.100856,0.027814,,,,,,,,,,,,
197253,,,,,,,,,,,,,,,,,,,,-0.046555,-1.088638,2.193037,,,,,,
197258,,,,,,,,,,,,,,,,,,,,,,,,,,,,-77.629997
197259,,,,,,,,,,,,,6.847517,-0.000321,0.094483,0.028953,,,,,,,,,,,,
197262,,,,,,,,,,,,,,,,,,,,-0.047004,-1.088153,2.177472,,,,,,
197268,,,,,,,,,,,,,,,,,,,,,,,,,,,,-81.480003
197269,,,,,,,,,,,,,6.857821,-0.000270,0.094636,0.030093,,,,,,,,,,,,
197273,,,,,,,,,,,,,,,,,,,,-0.047404,-1.087642,2.164943,,,,,,
197278,,,,,,,,,,,,,,,,,,,,,,,,,,,,-85.330002
197280,,,,0.000082,-1.033410,1.580262,0.053015,-0.041866,,,9.029837,6.845670,,,,,0.018398,-0.069684,-0.584460,,,,,,,,,
197281,,,,,,,,,,,,,7.184323,-0.000227,0.100646,0.042928,,,,,,,,,,,,
197284,,,,,,,,,,,,,,,,,,,,-0.047741,-1.087171,2.152354,,,,,,
197288,,,,,,,,,,,,,,,,,,,,,,,,,,,,-86.449997
197289,,,,,,,,,,,,,7.351217,-0.000191,0.099313,0.044297,,,,,,,,,,,,
197292,,,,,,,,,,,,,,,,,,,,-0.048142,-1.086641,2.133473,,,,,,
197299,,,,,,,,,,,,,7.284069,-0.000161,0.100334,0.045666,,,,,,,,,,,,
197302,,,,,,,,,,,,,,,,,,,,,,,,,,,,-86.589996
197303,,,,,,,,,,,,,,,,,,,,-0.048590,-1.086114,2.117666,,,,,,
197308,,,,,,,,,,,,,,,,,,,,,,,,,,,,-86.239998
197309,,,,,,,,,,,,,7.769169,-0.000135,0.095735,0.047035,,,,,,,,,,,,
197313,,,,,,,,,,,,,,,,,,,,-0.048962,-1.085620,2.104973,,,,,,
197318,,,,,,,,,,,,,,,,,,,,,,,,,,,,-91.839996
197319,,,,,,,,,,,,,7.632859,-0.000114,0.097377,0.048404,,,,,,,,,,,,
197322,,,,,,,,,,,,,,,,,,,,-0.049326,-1.085044,2.088971,,,,,,
197328,,,,,,,,,,,,,,,,,,,,,,,,,,,,-90.720001
197330,,,,0.000061,-1.030879,1.578599,0.051471,-0.035885,,,10.105332,8.214597,,,,,0.022590,-0.069713,-0.510643,,,,,,,,,
197331,,,,,,,,,,,,,7.840367,-0.000096,0.106510,0.063736,,,,,,,,,,,,
197332,,,,,,,,,,,,,,,,,,,,-0.049840,-1.084378,2.072926,,,,,,
197338,,,,,,,,,,,,,,,,,,,,,,,,,,,,-95.830002
197339,,,,,,,,,,,,,8.554029,-0.000081,0.099684,0.065379,,,,,,,,,,,,
197343,,,,,,,,,,,,,,,,,,,,-0.050283,-1.083733,2.053587,,,,,,
197348,,,,,,,,,,,,,,,,,,,,,,,,,,,,-94.779999
197349,,,,,,,,,,,,,8.847823,-0.000068,0.096997,0.067021,,,,,,,,,,,,
197352,,,,,,,,,,,,,,,,,,,,-0.050816,-1.082995,2.037403,,,,,,
197358,,,,,,,,,,,,,,,,,,,,,,,,,,,,-97.300003
197359,,,,,,,,,,,,,8.537579,-0.000057,0.100413,0.068664,,,,,,,,,,,,
197362,,,,,,,,,,,,,,,,,,,,-0.051243,-1.082373,2.021075,,,,,,
197368,,,,,,,,,,,,,,,,,,,,,,,,,,,,-99.959999
197369,,,,,,,,,,,,,8.830487,-0.000048,0.097739,0.070307,,,,,,,,,,,,
197372,,,,,,,,,,,,,,,,,,,,-0.051568,-1.081689,2.004711,,,,,,
197380,,,,0.000043,-1.028436,1.577176,0.049759,-0.030741,,,11.113544,9.540052,,,,,,,,,,,,,,,,
197381,,,,,,,,,,,,,8.821596,-0.000040,0.108369,0.085470,0.026655,-0.069177,-0.427588,,,,,,,,,
197385,,,,,,,,,,,,,,,,,,,,,,,,,,,,-95.269997
197383,,,,,,,,,,,,,,,,,,,,-0.051992,-1.080867,1.988244,,,,,,
197389,,,,,,,,,,,,,9.425468,0.667626,0.102667,0.080567,,,,,,,,,,,,
197390,,,,,,,,,,,,,,,,,,,,,,,,,,,,-89.459999
197393,,,,,,,,,,,,,,,,,,,,-0.052393,-1.080125,1.971707,,,,,,
197398,,,,,,,,,,,,,,,,,,,,,,,,,,,,-93.029999
197399,,,,,,,,,,,,,9.575236,0.561740,0.101477,0.083422,,,,,,,,,,,,
197402,,,,,,,,,,,,,,,,,,,,-0.052839,-1.079309,1.955074,,,,,,
197408,,,,,,,,,,,,,,,,,,,,,,,,,,,,-98.070000
197409,,,,,,,,,,,,,9.700093,0.472648,0.100512,0.086126,,,,,,,,,,,,
197413,,,,,,,,,,,,,,,,,,,,-0.053198,-1.078513,1.938348,,,,,,
197418,,,,,,,,,,,,,,,,,,,,,,,,,,,,-96.879997
197419,,,,,,,,,,,,,9.809292,0.946898,0.099680,0.083102,,,,,,,,,,,,
197422,,,,,,,,,,,,,,,,,,,,-0.053539,-1.077705,1.918131,,,,,,
197428,,,,,,,,,,,,,,,,,,,,,,,,,,,,-98.419998
197430,,,,0.000030,-1.026090,1.575959,0.047906,-0.026298,,,11.969805,10.713020,,,,,0.030297,-0.067916,-0.342376,,,,,,,,,
197431,,,,,,,,,,,,,10.147271,0.796719,0.105228,0.098317,,,,,,,,,,,,
197433,,,,,,,,,,,,,,,,,,,,-0.053923,-1.076912,1.901162,,,,,,
197439,,,,,,,,,,,,,9.834908,0.670360,0.108778,0.101589,,,,,,,,,,,,
197443,,,,,,,,,,,,,,,,,,,,,,,,,,,,-108.639999
197442,,,,,,,,,,,,,,,,,,,,-0.054202,-1.076020,1.884054,,,,,,
197448,,,,,,,,,,,,,,,,,,,,,,,,,,,,-108.080002
197449,,,,,,,,,,,,,10.475265,0.564040,0.102674,0.104682,,,,,,,,,,,,
197452,,,,,,,,,,,,,,,,,,,,-0.054650,-1.075162,1.870367,,,,,,
197458,,,,,,,,,,,,,,,,,,,,,,,,,,,,-95.690002
197459,,,,,,,,,,,,,10.459529,1.023131,0.103133,0.102029,,,,,,,,,,,,
197463,,,,,,,,,,,,,,,,,,,,-0.055034,-1.074190,1.853145,,,,,,
197468,,,,,,,,,,,,,,,,,,,,,,,,,,,,-89.529999
197469,,,,,,,,,,,,,10.445792,1.409244,0.103575,0.100029,,,,,,,,,,,,
197472,,,,,,,,,,,,,,,,,,,,-0.055426,-1.073255,1.839270,,,,,,
197478,,,,,,,,,,,,,,,,,,,,,,,,,,,,-76.510002
197480,,,,0.000019,-1.023844,1.574923,0.045939,-0.022450,,,,,,,,,,,,,,,,,,,,
197481,,,,,,,,,,,12.532124,11.561125,10.171061,1.646395,0.112418,0.108121,0.032977,-0.066505,-0.263777,,,,,,,,,
197482,,,,,,,,,,,,,,,,,,,,-0.055771,-1.072113,1.821830,,,,,,
197488,,,,,,,,,,,,,,,,,,,,,,,,,,,,-71.820000
197489,,,,,,,,,,,,,10.584011,2.060637,0.108678,0.105879,,,,,,,,,,,,
197493,,,,,,,,,,,,,,,,,,,,-0.056187,-1.070885,1.811272,,,,,,
197498,,,,,,,,,,,,,,,,,,,,,,,,,,,,-80.849998
197499,,,,,,,,,,,,,11.098692,2.282147,0.103818,0.105520,,,,,,,,,,,,
197502,,,,,,,,,,,,,,,,,,,,-0.056481,-1.069701,1.797155,,,,,,
197508,,,,,,,,,,,,,,,,,,,,,,,,,,,,-68.389999
197509,,,,,,,,,,,,,10.981763,3.015748,0.105297,0.099893,,,,,,,,,,,,
197513,,,,,,,,,,,,,,,,,,,,-0.056722,-1.068525,1.786485,,,,,,
197519,,,,,,,,,,,,,10.881233,3.084510,0.106633,0.100901,,,,,,,,,,,,
197523,,,,,,,,,,,,,,,,,,,,,,,,,,,,-71.400002
197524,,,,,,,,,,,,,,,,,,,,-0.057085,-1.067212,1.772282,,,,,,
197528,,,,,,,,,,,,,,,,,,,,,,,,,,,,-74.339996
197530,,,,0.000012,-1.021703,1.574042,0.043878,-0.019110,,,12.410571,11.675980,,,,,0.033260,-0.065003,-0.197598,,,,,,,,,
197531,,,,,,,,,,,,,11.046572,3.540858,0.104037,0.099113,,,,,,,,,,,,
197532,,,,,,,,,,,,,,,,,,,,-0.057410,-1.065878,1.757947,,,,,,
197538,,,,,,,,,,,,,,,,,,,,,,,,,,,,-68.389999
197539,,,,,,,,,,,,,11.248453,3.630567,0.102250,0.099825,,,,,,,,,,,,
197542,,,,,,,,,,,,,,,,,,,,-0.057778,-1.064601,1.747180,,,,,,
197548,,,,,,,,,,,,,,,,,,,,,,,,,,,,-67.970001
197549,,,,,,,,,,,,,11.666178,4.155624,0.098222,0.096078,,,,,,,,,,,,
197552,,,,,,,,,,,,,,,,,,,,-0.058119,-1.063191,1.732693,,,,,,
197558,,,,,,,,,,,,,,,,,,,,,,,,,,,,-73.150002
197559,,,,,,,,,,,,,11.456440,4.590221,0.100510,0.093149,,,,,,,,,,,,
197563,,,,,,,,,,,,,,,,,,,,-0.058362,-1.061790,1.721716,,,,,,
197568,,,,,,,,,,,,,,,,,,,,,,,,,,,,-66.010002
197569,,,,,,,,,,,,,11.836514,4.960745,0.096824,0.090787,,,,,,,,,,,,
197572,,,,,,,,,,,,,,,,,,,,-0.058591,-1.060447,1.710776,,,,,,
197580,,,,0.000006,-1.019670,1.573296,0.041747,-0.016207,,,,,,,,,,,,,,,,,,,,
197581,,,,,,,,,,,11.918951,11.389412,11.799070,5.093884,0.092306,0.087849,0.032247,-0.063669,-0.137106,,,,,,,,,
197585,,,,,,,,,,,,,,,,,,,,,,,,,,,,-67.410004
197582,,,,,,,,,,,,,,,,,,,,-0.058922,-1.058872,1.699747,,,,,,
197589,,,,,,,,,,,,,11.951057,4.960434,0.090780,0.090469,,,,,,,,,,,,
197590,,,,,,,,,,,,,,,,,,,,,,,,,,,,-62.439999
197594,,,,,,,,,,,,,,,,,,,,-0.059102,-1.057443,1.688693,,,,,,
197598,,,,,,,,,,,,,,,,,,,,,,,,,,,,-61.599998
197599,,,,,,,,,,,,,12.250472,5.271135,0.087720,0.088586,,,,,,,,,,,,
197602,,,,,,,,,,,,,,,,,,,,-0.059311,-1.055934,1.677541,,,,,,
197608,,,,,,,,,,,,,,,,,,,,,,,,,,,,-64.750000
197609,,,,,,,,,,,,,11.949220,5.529582,0.090726,0.087174,,,,,,,,,,,,
197613,,,,,,,,,,,,,,,,,,,,-0.059456,-1.054561,1.670107,,,,,,
197618,,,,,,,,,,,,,,,,,,,,,,,,,,,,-66.639999
197619,,,,,,,,,,,,,12.243410,5.747258,0.087719,0.086125,,,,,,,,,,,,
197622,,,,,,,,,,,,,,,,,,,,-0.059682,-1.052920,1.658832,,,,,,
197628,,,,,,,,,,,,,,,,,,,,,,,,,,,,-59.150002
197630,,,,0.000002,-1.017747,1.572667,0.039565,-0.013685,,,11.048244,10.685255,,,,,0.029877,-0.062495,-0.085313,,,,,,,,,
197631,,,,,,,,,,,,,12.196985,5.783433,0.079247,0.079702,,,,,,,,,,,,
197633,,,,,,,,,,,,,,,,,,,,-0.059855,-1.051550,1.647592,,,,,,
197639,,,,,,,,,,,,,12.213144,5.516380,0.078852,0.083407,,,,,,,,,,,,
197643,,,,,,,,,,,,,,,,,,,,-0.060088,-1.050112,1.636216,,,,,,-63.419998
197648,,,,,,,,,,,,,,,,,,,,,,,,,,,,-64.190002
197649,,,,,,,,,,,,,11.922278,5.738908,0.081586,0.082171,,,,,,,,,,,,
197652,,,,,,,,,,,,,,,,,,,,-0.060240,-1.048558,1.624781,,,,,,
197658,,,,,,,,,,,,,,,,,,,,,,,,,,,,-49.980000
197659,,,,,,,,,,,,,12.215035,5.920533,0.078425,0.081307,,,,,,,,,,,,
197663,,,,,,,,,,,,,,,,,,,,-0.060304,-1.047117,1.617199,,,,,,
197668,,,,,,,,,,,,,,,,,,,,,,,,,,,,-58.799999
197669,,,,,,,,,,,,,11.926195,6.080513,0.081138,0.080628,,,,,,,,,,,,
197673,,,,,,,,,,,,,,,,,,,,-0.060354,-1.045640,1.605661,,,,,,
197678,,,,,,,,,,,,,,,,,,,,,,,,,,,,-57.330002
197680,,,,-0.000001,-1.015936,1.572142,0.037348,-0.011496,,,10.203712,9.992496,,,,,0.027609,-0.061322,-0.033249,,,,,,,,,
197681,,,,,,,,,,,,,11.454629,6.062762,0.077158,0.074664,,,,,,,,,,,,
197683,,,,,,,,,,,,,,,,,,,,-0.060458,-1.044388,1.594111,,,,,,
197688,,,,,,,,,,,,,,,,,,,,,,,,,,,,-46.270000
197689,,,,,,,,,,,,,11.584110,5.749937,0.075587,0.078641,,,,,,,,,,,,
197692,,,,,,,,,,,,,,,,,,,,-0.060565,-1.043021,1.586256,,,,,,
197698,,,,,,,,,,,,,,,,,,,,,,,,,,,,-53.970001
197699,,,,,,,,,,,,,11.394005,5.936087,0.077250,0.077591,,,,,,,,,,,,
197702,,,,,,,,,,,,,,,,,,,,-0.060631,-1.041573,1.578514,,,,,,
197708,,,,,,,,,,,,,,,,,,,,,,,,,,,,-41.369999
197709,,,,,,,,,,,,,11.232557,6.091718,0.078659,0.076815,,,,,,,,,,,,
197712,,,,,,,,,,,,,,,,,,,,-0.060680,-1.040227,1.574646,,,,,,
197719,,,,,,,,,,,,,11.092746,6.220020,0.079879,0.076286,,,,,,,,,,,,
197723,,,,,,,,,,,,,,,,,,,,-0.060590,-1.038726,1.567023,,,,,,-35.980000
197728,,,,,,,,,,,,,,,,,,,,,,,,,,,,-39.410000
197730,,,,-0.000003,-1.014236,1.571703,0.035114,-0.009599,,,9.210801,9.105102,,,,,0.024759,-0.060463,0.005345,,,,,,,,,
197731,,,,,,,,,,,,,11.201508,6.167560,0.068464,0.068524,,,,,,,,,,,,
197732,,,,,,,,,,,,,,,,,,,,-0.060652,-1.037315,1.559273,,,,,,
197738,,,,,,,,,,,,,,,,,,,,,,,,,,,,-42.700001
197739,,,,,,,,,,,,,10.751645,5.852733,0.072655,0.072323,,,,,,,,,,,,
197743,,,,,,,,,,,,,,,,,,,,-0.060674,-1.035898,1.551454,,,,,,
197748,,,,,,,,,,,,,,,,,,,,,,,,,,,,-30.450001
197749,,,,,,,,,,,,,10.692904,6.022137,0.072946,0.071246,,,,,,,,,,,,
197753,,,,,,,,,,,,,,,,,,,,-0.060620,-1.034686,1.543712,,,,,,
197758,,,,,,,,,,,,,,,,,,,,,,,,,,,,-34.369999
197759,,,,,,,,,,,,,10.643480,6.164673,0.073154,0.070408,,,,,,,,,,,,
197762,,,,,,,,,,,,,,,,,,,,-0.060640,-1.033499,1.540024,,,,,,
197768,,,,,,,,,,,,,,,,,,,,,,,,,,,,-42.139999
197769,,,,,,,,,,,,,10.596601,6.281075,0.073345,0.069809,,,,,,,,,,,,
197773,,,,,,,,,,,,,,,,,,,,-0.060599,-1.032350,1.536110,,,,,,
197780,,,,-0.000004,-1.012648,1.571342,0.032878,-0.007961,,,8.203055,8.174047,,,,,0.021813,-0.059841,0.036134,,,,,,,,,
197781,,,,,,,,,,,,,10.321252,6.221744,0.065598,0.061482,,,,,,,,,,,,
197785,,,,,,,,,,,,,,,,,,,,,,,,,,,,-35.490002
197783,,,,,,,,,,,,,,,,,,,,-0.060541,-1.031123,1.528637,,,,,,
197789,,,,,,,,,,,,,10.004565,5.895107,0.068404,0.065205,,,,,,,,,,,,
197790,,,,,,,,,,,,,,,,,,,,,,,,,,,,-34.580002
197792,,,,,,,,,,,,,,,,,,,,-0.060544,-1.029915,1.520978,,,,,,
197798,,,,,,,,,,,,,,,,,,,,,,,,,,,,-33.950001
197799,,,,,,,,,,,,,9.511849,5.507147,0.073070,0.069618,,,,,,,,,,,,
197803,,,,,,,,,,,,,,,,,,,,-0.060537,-1.028617,1.516891,,,,,,
197808,,,,,,,,,,,,,,,,,,,,,,,,,,,,-34.509998
197809,,,,,,,,,,,,,9.651568,5.732579,0.071383,0.067851,,,,,,,,,,,,
197812,,,,,,,,,,,,,,,,,,,,-0.060526,-1.027303,1.513261,,,,,,
197818,,,,,,,,,,,,,,,,,,,,,,,,,,,,-29.889999
197819,,,,,,,,,,,,,9.217592,5.371773,0.075519,0.072020,,,,,,,,,,,,
197823,,,,,,,,,,,,,,,,,,,,-0.060420,-1.026304,1.505541,,,,,,
197828,,,,,,,,,,,,,,,,,,,,,,,,,,,,-31.290001
197830,,,,-0.000005,-1.011171,1.571044,0.030652,-0.006551,,,7.262447,7.298420,,,,,0.019089,-0.059276,0.066080,,,,,,,,,
197831,,,,,,,,,,,,,9.170937,4.991561,0.066198,0.067527,,,,,,,,,,,,
197833,,,,,,,,,,,,,,,,,,,,-0.060235,-1.025246,1.497914,,,,,,
197838,,,,,,,,,,,,,,,,,,,,,,,,,,,,-41.439999
197839,,,,,,,,,,,,,9.019004,5.502478,0.067366,0.062777,,,,,,,,,,,,
197842,,,,,,,,,,,,,,,,,,,,-0.060177,-1.024191,1.490326,,,,,,
197848,,,,,,,,,,,,,,,,,,,,,,,,,,,,-43.959999
197849,,,,,,,,,,,,,8.685684,5.178331,0.070415,0.066443,,,,,,,,,,,,
197853,,,,,,,,,,,,,,,,,,,,-0.060225,-1.023237,1.482807,,,,,,
197859,,,,,,,,,,,,,8.952783,5.453480,0.067406,0.064060,,,,,,,,,,,,
197862,,,,,,,,,,,,,,,,,,,,,,,,,,,,-36.540001
197863,,,,,,,,,,,,,,,,,,,,-0.060164,-1.022271,1.479021,,,,,,
197868,,,,,,,,,,,,,,,,,,,,,,,,,,,,-36.750000
197869,,,,,,,,,,,,,8.628090,5.136167,0.070380,0.067666,,,,,,,,,,,,
197873,,,,,,,,,,,,,,,,,,,,-0.060190,-1.021227,1.471664,,,,,,
197878,,,,,,,,,,,,,,,,,,,,,,,,,,,,-34.020000
197880,,,,-0.000005,-1.009803,1.570805,0.028448,-0.005345,,,6.583449,6.680351,,,,,0.017289,-0.058743,0.099131,,,,,,,,,
197881,,,,,,,,,,,,,8.215432,4.799449,0.067390,0.065228,,,,,,,,,,,,
197883,,,,,,,,,,,,,,,,,,,,-0.060063,-1.020214,1.467985,,,,,,
197888,,,,,,,,,,,,,,,,,,,,,,,,,,,,-39.200001
197889,,,,,,,,,,,,,8.195704,4.679876,0.067265,0.066824,,,,,,,,,,,,
197893,,,,,,,,,,,,,,,,,,,,-0.059972,-1.019290,1.460442,,,,,,
197898,,,,,,,,,,,,,,,,,,,,,,,,,,,,-44.029999
197899,,,,,,,,,,,,,7.990864,4.485147,0.069032,0.069211,,,,,,,,,,,,
197902,,,,,,,,,,,,,,,,,,,,-0.059775,-1.018415,1.453075,,,,,,
197908,,,,,,,,,,,,,,,,,,,,,,,,,,,,-35.630001
197909,,,,,,,,,,,,,7.819393,4.321743,0.070499,0.071316,,,,,,,,,,,,
197913,,,,,,,,,,,,,,,,,,,,-0.059724,-1.017598,1.449374,,,,,,
197919,,,,,,,,,,,,,7.675448,4.184420,0.071720,0.073189,,,,,,,,,,,,
197923,,,,,,,,,,,,,,,,,,,,,,,,,,,,-30.170000
197922,,,,,,,,,,,,,,,,,,,,-0.059657,-1.016825,1.441902,,,,,,
197928,,,,,,,,,,,,,,,,,,,,,,,,,,,,-32.410000
197930,,,,-0.000005,-1.008542,1.570610,0.026277,-0.004318,,,6.020710,6.163248,,,,,0.015870,-0.058089,0.128993,,,,,,,,,
197931,,,,,,,,,,,,,7.875833,3.993341,0.063718,0.070363,,,,,,,,,,,,
197933,,,,,,,,,,,,,,,,,,,,-0.059527,-1.015996,1.438220,,,,,,
197938,,,,,,,,,,,,,,,,,,,,,,,,,,,,-37.310001
197939,,,,,,,,,,,,,7.280046,4.013318,0.069424,0.070593,,,,,,,,,,,,
197943,,,,,,,,,,,,,,,,,,,,-0.059522,-1.015352,1.430808,,,,,,
197948,,,,,,,,,,,,,,,,,,,,,,,,,,,,-13.230000
197949,,,,,,,,,,,,,7.223188,3.925684,0.069752,0.071917,,,,,,,,,,,,
197953,,,,,,,,,,,,,,,,,,,,-0.059514,-1.014579,1.427210,,,,,,
197958,,,,,,,,,,,,,,,,,,,,,,,,,,,,-20.719999
197959,,,,,,,,,,,,,6.624539,3.850020,0.075618,0.073136,,,,,,,,,,,,
197963,,,,,,,,,,,,,,,,,,,,-0.059384,-1.013598,1.423638,,,,,,
197968,,,,,,,,,,,,,,,,,,,,,,,,,,,,-21.000000
197969,,,,,,,,,,,,,6.670319,3.787622,0.075030,0.074235,,,,,,,,,,,,
197973,,,,,,,,,,,,,,,,,,,,-0.059219,-1.012871,1.419899,,,,,,
197978,,,,,,,,,,,,,,,,,,,,,,,,,,,,-22.469999
197980,,,,-0.000005,-1.007387,1.570457,0.024149,-0.003451,,,,,,,,,,,,,,,,,,,,
197981,,,,,,,,,,,5.438878,5.606174,6.534032,4.108532,0.070355,0.065755,0.014330,-0.057699,0.151034,,,,,,,,,
197982,,,,,,,,,,,,,,,,,,,,-0.059130,-1.012187,1.416252,,,,,,
197988,,,,,,,,,,,,,,,,,,,,,,,,,,,,-15.680000
197989,,,,,,,,,,,,,6.173681,4.132865,0.073812,0.065806,,,,,,,,,,,,
197993,,,,,,,,,,,,,,,,,,,,-0.059074,-1.011360,1.412535,,,,,,
197999,,,,,,,,,,,,,6.288764,4.024507,0.072491,0.067206,,,,,,,,,,,,
198003,,,,,,,,,,,,,,,,,,,,-0.058961,-1.010540,1.408866,,,,,,-22.750000
198008,,,,,,,,,,,,,,,,,,,,,,,,,,,,-24.080000
198009,,,,,,,,,,,,,6.389013,3.935044,0.071299,0.068435,,,,,,,,,,,,
198013,,,,,,,,,,,,,,,,,,,,-0.058735,-1.009824,1.405249,,,,,,
198018,,,,,,,,,,,,,,,,,,,,,,,,,,,,-14.490000
198019,,,,,,,,,,,,,5.924318,3.859548,0.075849,0.069539,,,,,,,,,,,,
198023,,,,,,,,,,,,,,,,,,,,-0.058520,-1.009176,1.405256,,,,,,
198028,,,,,,,,,,,,,,,,,,,,,,,,,,,,-15.960000
198030,,,,-0.000004,-1.006334,1.570336,0.022072,-0.002725,,,4.776591,4.952033,,,,,0.012457,-0.057249,0.165537,,,,,,,,,
198031,,,,,,,,,,,,,5.930436,3.720281,0.068934,0.064637,,,,,,,,,,,,
198033,,,,,,,,,,,,,,,,,,,,-0.058467,-1.008334,1.401679,,,,,,
198038,,,,,,,,,,,,,,,,,,,,,,,,,,,,-10.570000
198039,,,,,,,,,,,,,5.639759,3.780134,0.071668,0.064273,,,,,,,,,,,,
198043,,,,,,,,,,,,,,,,,,,,-0.058344,-1.007514,1.398066,,,,,,
198048,,,,,,,,,,,,,,,,,,,,,,,,,,,,-9.310000
198049,,,,,,,,,,,,,5.842056,4.277369,0.069432,0.059435,,,,,,,,,,,,
198052,,,,,,,,,,,,,,,,,,,,-0.058089,-1.006828,1.398094,,,,,,
198059,,,,,,,,,,,,,5.462950,4.146422,0.073086,0.060906,,,,,,,,,,,,
198062,,,,,,,,,,,,,,,,,,,,-0.058034,-1.006112,1.398053,,,,,,-4.760000
198068,,,,,,,,,,,,,,,,,,,,,,,,,,,,-3.710000
198069,,,,,,,,,,,,,5.144852,4.037126,0.076193,0.062182,,,,,,,,,,,,
198073,,,,,,,,,,,,,,,,,,,,-0.057901,-1.005442,1.398094,,,,,,
198078,,,,,,,,,,,,,,,,,,,,,,,,,,,,-9.100000
198080,,,,-0.000004,-1.005380,1.570242,0.020054,-0.002122,,,3.972546,4.142607,,,,,0.010037,-0.057020,0.172468,,,,,,,,,
198081,,,,,,,,,,,,,5.275744,3.870270,0.066583,0.055810,,,,,,,,,,,,
198082,,,,,,,,,,,,,,,,,,,,-0.057622,-1.004674,1.398128,,,,,,
198088,,,,,,,,,,,,,,,,,,,,,,,,,,,,-7.490000
198089,,,,,,,,,,,,,5.089056,3.906491,0.068226,0.055495,,,,,,,,,,,,
198093,,,,,,,,,,,,,,,,,,,,-0.057452,-1.004127,1.394522,,,,,,
198098,,,,,,,,,,,,,,,,,,,,,,,,,,,,0.000000
198099,,,,,,,,,,,,,4.828772,3.286921,0.070658,0.061862,,,,,,,,,,,,
198103,,,,,,,,,,,,,,,,,,,,-0.057308,-1.003413,1.394635,,,,,,
198108,,,,,,,,,,,,,,,,,,,,,,,,,,,,-7.070000
198109,,,,,,,,,,,,,5.161572,3.314937,0.067092,0.061748,,,,,,,,,,,,
198113,,,,,,,,,,,,,,,,,,,,-0.057215,-1.002734,1.394707,,,,,,
198119,,,,,,,,,,,,,4.890997,3.337238,0.069614,0.061686,,,,,,,,,,,,
198123,,,,,,,,,,,,,,,,,,,,-0.057055,-1.002147,1.394643,,,,,,-16.030001
198129,,,,,,,,,,,,,,,,,,,,,,,,,,,,-15.540000
198130,,,,-0.000003,-1.004523,1.570172,0.018102,-0.001627,,,,,,,,,,,,,,,,,,,,
198131,,,,,,,,,,,3.205940,3.365751,4.567638,3.712659,0.064910,0.050094,0.007723,-0.056599,0.176505,,,,,,,,,
198133,,,,,,,,,,,,,,,,,,,,-0.056940,-1.001642,1.391026,,,,,,
198138,,,,,,,,,,,,,,,,,,,,,,,,,,,,-18.059999
198139,,,,,,,,,,,,,4.533729,3.123831,0.064983,0.056030,,,,,,,,,,,,
198143,,,,,,,,,,,,,,,,,,,,-0.056942,-1.001240,1.387243,,,,,,
198148,,,,,,,,,,,,,,,,,,,,,,,,,,,,-6.300000
198149,,,,,,,,,,,,,4.363448,3.177160,0.066454,0.055535,,,,,,,,,,,,
198153,,,,,,,,,,,,,,,,,,,,-0.056936,-1.000787,1.383587,,,,,,
198158,,,,,,,,,,,,,,,,,,,,,,,,,,,,-11.130000
198159,,,,,,,,,,,,,4.218629,2.673262,0.067700,0.060712,,,,,,,,,,,,
198163,,,,,,,,,,,,,,,,,,,,-0.056750,-1.000229,1.383652,,,,,,
198168,,,,,,,,,,,,,,,,,,,,,,,,,,,,-18.200001
198169,,,,,,,,,,,,,4.099375,2.249282,0.068714,0.065175,,,,,,,,,,,,
198173,,,,,,,,,,,,,,,,,,,,-0.056728,-0.999822,1.383786,,,,,,
198178,,,,,,,,,,,,,,,,,,,,,,,,,,,,-32.759998
198180,,,,-0.000003,-1.003757,1.570118,0.016222,-0.001227,,,2.803331,2.958387,,,,,0.006701,-0.056456,0.186978,,,,,,,,,
198181,,,,,,,,,,,,,3.921088,1.892545,0.066247,0.064882,,,,,,,,,,,,
198183,,,,,,,,,,,,,,,,,,,,-0.056644,-0.999268,1.376656,,,,,,
198188,,,,,,,,,,,,,,,,,,,,,,,,,,,,-36.889999
198189,,,,,,,,,,,,,3.949870,2.893722,0.065730,0.054883,,,,,,,,,,,,
198193,,,,,,,,,,,,,,,,,,,,-0.056605,-0.998945,1.369433,,,,,,
198199,,,,,,,,,,,,,3.871471,2.434777,0.066300,0.059577,,,,,,,,,,,,
198203,,,,,,,,,,,,,,,,,,,,-0.056596,-0.998641,1.362286,,,,,,-18.200001
198208,,,,,,,,,,,,,,,,,,,,,,,,,,,,-7.980000
198209,,,,,,,,,,,,,3.805782,2.596948,0.066757,0.058028,,,,,,,,,,,,
198213,,,,,,,,,,,,,,,,,,,,-0.056564,-0.998596,1.358655,,,,,,
198218,,,,,,,,,,,,,,,,,,,,,,,,,,,,-9.030000
198219,,,,,,,,,,,,,3.202184,2.185071,0.072713,0.062301,,,,,,,,,,,,
198222,,,,,,,,,,,,,,,,,,,,-0.056458,-0.998411,1.358705,,,,,,
198228,,,,,,,,,,,,,,,,,,,,,,,,,,,,-12.810000
198230,,,,-0.000002,-1.003079,1.570079,0.014421,-0.000907,,,2.823776,2.983383,,,,,0.007190,-0.056183,0.210135,,,,,,,,,
198231,,,,,,,,,,,,,3.167627,1.838519,0.073194,0.066246,,,,,,,,,,,,
198234,,,,,,,,,,,,,,,,,,,,-0.056219,-0.997839,1.358725,,,,,,
198238,,,,,,,,,,,,,,,,,,,,,,,,,,,,-16.730000
198239,,,,,,,,,,,,,3.316687,2.198375,0.071605,0.062804,,,,,,,,,,,,
198243,,,,,,,,,,,,,,,,,,,,-0.056255,-0.997490,1.355133,,,,,,
198248,,,,,,,,,,,,,,,,,,,,,,,,,,,,-11.550000
198249,,,,,,,,,,,,,2.790660,1.849712,0.076872,0.066518,,,,,,,,,,,,
198253,,,,,,,,,,,,,,,,,,,,-0.056213,-0.997119,1.351582,,,,,,
198259,,,,,,,,,,,,,2.896332,1.556348,0.075801,0.069737,,,,,,,,,,,,
198263,,,,,,,,,,,,,,,,,,,,-0.056148,-0.996935,1.348037,,,,,,-22.540001
198268,,,,,,,,,,,,,,,,,,,,,,,,,,,,-22.190001
198269,,,,,,,,,,,,,2.983594,1.309511,0.074896,0.072540,,,,,,,,,,,,
198272,,,,,,,,,,,,,,,,,,,,-0.056087,-0.996763,1.344457,,,,,,
198278,,,,,,,,,,,,,,,,,,,,,,,,,,,,-31.850000
198280,,,,-0.000002,-1.002485,1.570052,0.012704,-0.000655,,,2.667180,2.820776,,,,,0.007005,-0.055939,0.225631,,,,,,,,,
198281,,,,,,,,,,,,,2.984571,1.101822,0.073257,0.073335,,,,,,,,,,,,
198282,,,,,,,,,,,,,,,,,,,,-0.056047,-0.996554,1.337421,,,,,,
198288,,,,,,,,,,,,,,,,,,,,,,,,,,,,-29.680000
198289,,,,,,,,,,,,,3.161885,0.927073,0.071385,0.075461,,,,,,,,,,,,
198292,,,,,,,,,,,,,,,,,,,,-0.056042,-0.996402,1.333905,,,,,,
198298,,,,,,,,,,,,,,,,,,,,,,,,,,,,-23.520000
198299,,,,,,,,,,,,,2.660409,0.780039,0.076401,0.077339,,,,,,,,,,,,
198302,,,,,,,,,,,,,,,,,,,,-0.055994,-0.996352,1.330394,,,,,,
198308,,,,,,,,,,,,,,,,,,,,,,,,,,,,-20.299999
198309,,,,,,,,,,,,,2.786298,1.204155,0.075118,0.073421,,,,,,,,,,,,
198313,,,,,,,,,,,,,,,,,,,,-0.055948,-0.996273,1.330403,,,,,,
198318,,,,,,,,,,,,,,,,,,,,,,,,,,,,-10.500000
198319,,,,,,,,,,,,,2.344391,1.013176,0.079602,0.075693,,,,,,,,,,,,
198323,,,,,,,,,,,,,,,,,,,,-0.055857,-0.996019,1.326887,,,,,,
198328,,,,,,,,,,,,,,,,,,,,,,,,,,,,0.980000
198330,,,,-0.000002,-1.001970,1.570032,0.011075,-0.000462,,,2.748493,2.894706,,,,,0.007643,-0.055647,0.242735,,,,,,,,,
198331,,,,,,,,,,,,,2.446994,1.326909,0.079449,0.073608,,,,,,,,,,,,
198333,,,,,,,,,,,,,,,,,,,,-0.055764,-0.995675,1.326878,,,,,,
198339,,,,,,,,,,,,,2.058900,1.116461,0.083468,0.076068,,,,,,,,,,,,
198343,,,,,,,,,,,,,,,,,,,,-0.055752,-0.995359,1.326878,,,,,,11.550000
198348,,,,,,,,,,,,,,,,,,,,,,,,,,,,10.780000
198349,,,,,,,,,,,,,2.279968,1.487000,0.081351,0.072645,,,,,,,,,,,,
198352,,,,,,,,,,,,,,,,,,,,-0.055725,-0.994868,1.330394,,,,,,
198358,,,,,,,,,,,,,,,,,,,,,,,,,,,,7.420000
198359,,,,,,,,,,,,,1.918365,1.799488,0.085133,0.069739,,,,,,,,,,,,
198363,,,,,,,,,,,,,,,,,,,,-0.055639,-0.994503,1.333841,,,,,,
198368,,,,,,,,,,,,,,,,,,,,,,,,,,,,8.190000
198369,,,,,,,,,,,,,2.162881,1.514089,0.082805,0.072869,,,,,,,,,,,,
198373,,,,,,,,,,,,,,,,,,,,-0.055484,-0.994136,1.333794,,,,,,
198378,,,,,,,,,,,,,,,,,,,,,,,,,,,,1.890000
198380,,,,-0.000001,-1.001529,1.570019,0.009540,-0.000316,,,2.186670,2.309859,,,,,0.005933,-0.055654,0.237288,,,,,,,,,
198381,,,,,,,,,,,,,2.290946,1.745053,0.075885,0.064824,,,,,,,,,,,,
198382,,,,,,,,,,,,,,,,,,,,-0.055370,-0.993840,1.333794,,,,,,
198388,,,,,,,,,,,,,,,,,,,,,,,,,,,,13.370000
198389,,,,,,,,,,,,,1.927602,2.121295,0.079571,0.061099,,,,,,,,,,,,
198392,,,,,,,,,,,,,,,,,,,,-0.055263,-0.993527,1.333794,,,,,,
198399,,,,,,,,,,,,,2.170487,2.333461,0.077145,0.058973,,,,,,,,,,,,
198402,,,,,,,,,,,,,,,,,,,,-0.055178,-0.993038,1.340979,,,,,,13.580000
198408,,,,,,,,,,,,,,,,,,,,,,,,,,,,8.820000
198409,,,,,,,,,,,,,1.826247,2.511755,0.080659,0.057149,,,,,,,,,,,,
198413,,,,,,,,,,,,,,,,,,,,-0.055060,-0.992620,1.341027,,,,,,
198418,,,,,,,,,,,,,,,,,,,,,,,,,,,,-2.800000
198419,,,,,,,,,,,,,2.085041,2.113390,0.078092,0.061172,,,,,,,,,,,,
198423,,,,,,,,,,,,,,,,,,,,-0.055044,-0.992171,1.341027,,,,,,
198428,,,,,,,,,,,,,,,,,,,,,,,,,,,,-12.600000
198430,,,,-0.000001,-1.001158,1.570011,0.008103,-0.000208,,,1.526303,1.627461,,,,,0.003853,-0.055637,0.229658,,,,,,,,,
198431,,,,,,,,,,,,,2.227129,2.250982,0.069927,0.052848,,,,,,,,,,,,
198433,,,,,,,,,,,,,,,,,,,,-0.054902,-0.991813,1.337407,,,,,,
198438,,,,,,,,,,,,,,,,,,,,,,,,,,,,-16.379999
198439,,,,,,,,,,,,,2.525196,2.545266,0.066747,0.049721,,,,,,,,,,,,
198443,,,,,,,,,,,,,,,,,,,,-0.054823,-0.991406,1.333841,,,,,,
198448,,,,,,,,,,,,,,,,,,,,,,,,,,,,-7.280000
198449,,,,,,,,,,,,,2.671759,2.141586,0.065052,0.053655,,,,,,,,,,,,
198453,,,,,,,,,,,,,,,,,,,,-0.054709,-0.991091,1.330300,,,,,,
198459,,,,,,,,,,,,,2.248018,2.350478,0.069145,0.051422,,,,,,,,,,,,
198463,,,,,,,,,,,,,,,,,,,,,,,,,,,,-7.070000
198462,,,,,,,,,,,,,,,,,,,,-0.054632,-0.990824,1.330300,,,,,,
198468,,,,,,,,,,,,,,,,,,,,,,,,,,,,0.280000
198469,,,,,,,,,,,,,2.439202,1.977692,0.067051,0.055079,,,,,,,,,,,,
198472,,,,,,,,,,,,,,,,,,,,-0.054432,-0.990581,1.333841,,,,,,
198478,,,,,,,,,,,,,,,,,,,,,,,,,,,,-7.070000
198480,,,,-0.000001,-1.000851,1.570007,0.006768,-0.000132,,,,,,,,,,,,,,,,,,,,
198481,,,,,,,,,,,1.149581,1.236988,2.512885,1.664030,0.062274,0.054226,0.002780,-0.055340,0.235987,,,,,,,,,
198483,,,,,,,,,,,,,,,,,,,,-0.054281,-0.990311,1.333820,,,,,,
198488,,,,,,,,,,,,,,,,,,,,,,,,,,,,-10.010000
198489,,,,,,,,,,,,,2.114341,1.400114,0.066066,0.056832,,,,,,,,,,,,
198492,,,,,,,,,,,,,,,,,,,,-0.054191,-0.989973,1.330287,,,,,,
198498,,,,,,,,,,,,,,,,,,,,,,,,,,,,-13.090000
198499,,,,,,,,,,,,,2.325901,1.724951,0.063716,0.053487,,,,,,,,,,,,
198502,,,,,,,,,,,,,,,,,,,,-0.054187,-0.989683,1.326753,,,,,,
198508,,,,,,,,,,,,,,,,,,,,,,,,,,,,-20.020000
198509,,,,,,,,,,,,,1.957013,1.451373,0.067243,0.056179,,,,,,,,,,,,
198513,,,,,,,,,,,,,,,,,,,,-0.054180,-0.989454,1.323249,,,,,,
198518,,,,,,,,,,,,,,,,,,,,,,,,,,,,-20.370001
198519,,,,,,,,,,,,,2.195178,1.221185,0.064652,0.058484,,,,,,,,,,,,
198523,,,,,,,,,,,,,,,,,,,,-0.054159,-0.989252,1.319743,,,,,,
198528,,,,,,,,,,,,,,,,,,,,,,,,,,,,-24.639999
198530,,,,-0.000000,-1.000602,1.570004,0.005540,-0.000079,,,0.982407,1.058821,,,,,0.002436,-0.055279,0.249839,,,,,,,,,
198531,,,,,,,,,,,,,2.319675,1.027505,0.061468,0.058646,,,,,,,,,,,,
198533,,,,,,,,,,,,,,,,,,,,-0.054126,-0.989120,1.316262,,,,,,
198539,,,,,,,,,,,,,1.951774,0.864543,0.064953,0.060314,,,,,,,,,,,,
198543,,,,,,,,,,,,,,,,,,,,-0.054061,-0.989040,1.312799,,,,,,-21.280001
198548,,,,,,,,,,,,,,,,,,,,,,,,,,,,-16.590000
198549,,,,,,,,,,,,,2.189667,0.727426,0.062333,0.061752,,,,,,,,,,,,
198553,,,,,,,,,,,,,,,,,,,,-0.054090,-0.988904,1.309341,,,,,,
198558,,,,,,,,,,,,,,,,,,,,,,,,,,,,-15.050000
198559,,,,,,,,,,,,,1.842386,0.612056,0.065634,0.062995,,,,,,,,,,,,
198562,,,,,,,,,,,,,,,,,,,,-0.054057,-0.988807,1.309349,,,,,,
198568,,,,,,,,,,,,,,,,,,,,,,,,,,,,-14.420000
198569,,,,,,,,,,,,,1.550183,0.514984,0.068442,0.064074,,,,,,,,,,,,
198573,,,,,,,,,,,,,,,,,,,,-0.054099,-0.988687,1.305828,,,,,,
198578,,,,,,,,,,,,,,,,,,,,,,,,,,,,-8.540000
198580,,,,-0.000000,-1.000407,1.570002,0.004424,-0.000045,,,1.025593,1.090482,,,,,0.002813,-0.055274,0.263796,,,,,,,,,
198581,,,,,,,,,,,,,1.304324,0.433308,0.071277,0.065339,,,,,,,,,,,,
198583,,,,,,,,,,,,,,,,,,,,-0.054084,-0.988595,1.305862,,,,,,
198588,,,,,,,,,,,,,,,,,,,,,,,,,,,,-6.860000
198589,,,,,,,,,,,,,1.748748,0.364585,0.066688,0.066172,,,,,,,,,,,,
198593,,,,,,,,,,,,,,,,,,,,-0.054044,-0.988548,1.302372,,,,,,
198599,,,,,,,,,,,,,1.471396,0.306762,0.069372,0.066907,,,,,,,,,,,,
198603,,,,,,,,,,,,,,,,,,,,-0.054068,-0.988456,1.298868,,,,,,-11.060000
198608,,,,,,,,,,,,,,,,,,,,,,,,,,,,-8.540000
198609,,,,,,,,,,,,,1.238032,0.258109,0.071663,0.067560,,,,,,,,,,,,
198613,,,,,,,,,,,,,,,,,,,,-0.054077,-0.988392,1.298868,,,,,,
198618,,,,,,,,,,,,,,,,,,,,,,,,,,,,-1.610000
198619,,,,,,,,,,,,,1.041680,0.217173,0.073624,0.068144,,,,,,,,,,,,
198623,,,,,,,,,,,,,,,,,,,,-0.053983,-0.988359,1.298894,,,,,,
198628,,,,,,,,,,,,,,,,,,,,,,,,,,,,0.770000
198630,,,,-0.000000,-1.000258,1.570001,0.003422,-0.000023,,,1.030585,1.082380,,,,,0.003024,-0.055197,0.271151,,,,,,,,,
198631,,,,,,,,,,,,,0.876470,0.182729,0.075357,0.068587,,,,,,,,,,,,
198633,,,,,,,,,,,,,,,,,,,,-0.053995,-0.988359,1.298934,,,,,,
198638,,,,,,,,,,,,,,,,,,,,,,,,,,,,-0.070000
198639,,,,,,,,,,,,,0.737461,0.153748,0.076805,0.069062,,,,,,,,,,,,
198643,,,,,,,,,,,,,,,,,,,,-0.054069,-0.988388,1.298894,,,,,,
198648,,,,,,,,,,,,,,,,,,,,,,,,,,,,-1.190000
198649,,,,,,,,,,,,,0.620500,0.129364,0.078057,0.069497,,,,,,,,,,,,
198653,,,,,,,,,,,,,,,,,,,,-0.054085,-0.988386,1.298868,,,,,,
198658,,,,,,,,,,,,,,,,,,,,,,,,,,,,-0.630000
198659,,,,,,,,,,,,,0.522089,0.108847,0.079143,0.069897,,,,,,,,,,,,
198663,,,,,,,,,,,,,,,,,,,,-0.054083,-0.988387,1.298868,,,,,,
198668,,,,,,,,,,,,,,,,,,,,,,,,,,,,-0.280000
198669,,,,,,,,,,,,,0.439285,0.091584,0.080089,0.070268,,,,,,,,,,,,
198673,,,,,,,,,,,,,,,,,,,,-0.054063,-0.988374,1.298868,,,,,,
198680,,,,-0.000000,-1.000150,1.570001,0.002540,-0.000011,,,1.025492,1.064007,,,,,0.003171,-0.055233,0.271411,,,,,,,,,
198681,,,,,,,,,,,,,0.369615,0.542878,0.080866,0.065675,,,,,,,,,,,,
198682,,,,,,,,,,,,,,,,,,,,-0.054115,-0.988354,1.298841,,,,,,
198685,,,,,,,,,,,,,,,,,,,,,,,,,,,,2.730000
198689,,,,,,,,,,,,,0.310994,0.456778,0.081595,0.066658,,,,,,,,,,,,
198690,,,,,,,,,,,,,,,,,,,,,,,,,,,,12.950000
198693,,,,,,,,,,,,,,,,,,,,-0.054047,-0.988398,1.302339,,,,,,
198698,,,,,,,,,,,,,,,,,,,,,,,,,,,,9.940000
198699,,,,,,,,,,,,,0.261670,0.384333,0.082241,0.067518,,,,,,,,,,,,
198703,,,,,,,,,,,,,,,,,,,,-0.053975,-0.988356,1.302372,,,,,,
198708,,,,,,,,,,,,,,,,,,,,,,,,,,,,11.760000
198709,,,,,,,,,,,,,0.220169,0.872478,0.082817,0.062675,,,,,,,,,,,,
198713,,,,,,,,,,,,,,,,,,,,-0.053867,-0.988163,1.305846,,,,,,
198718,,,,,,,,,,,,,,,,,,,,,,,,,,,,21.070000
198719,,,,,,,,,,,,,0.185250,0.734103,0.083334,0.064125,,,,,,,,,,,,
198722,,,,,,,,,,,,,,,,,,,,-0.053790,-0.988024,1.309300,,,,,,
198728,,,,,,,,,,,,,,,,,,,,,,,,,,,,17.850000
198730,,,,-0.000000,-1.000078,1.570001,0.001782,-0.000005,,,0.738356,0.764287,,,,,0.002289,-0.055090,0.261162,,,,,,,,,
198731,,,,,,,,,,,,,0.155870,1.092180,0.080873,0.057481,,,,,,,,,,,,
198733,,,,,,,,,,,,,,,,,,,,-0.053709,-0.987832,1.312824,,,,,,
198739,,,,,,,,,,,,,0.131149,0.918960,0.081242,0.059182,,,,,,,,,,,,
198743,,,,,,,,,,,,,,,,,,,,-0.053666,-0.987713,1.316321,,,,,,14.840000
198748,,,,,,,,,,,,,,,,,,,,,,,,,,,,10.920000
198749,,,,,,,,,,,,,0.110348,0.773213,0.081576,0.060638,,,,,,,,,,,,
198753,,,,,,,,,,,,,,,,,,,,-0.053628,-0.987584,1.316321,,,,,,
198758,,,,,,,,,,,,,,,,,,,,,,,,,,,,1.260000
198759,,,,,,,,,,,,,0.641339,1.199074,0.076285,0.056292,,,,,,,,,,,,
198763,,,,,,,,,,,,,,,,,,,,-0.053598,-0.987498,1.316321,,,,,,
198768,,,,,,,,,,,,,,,,,,,,,,,,,,,,-8.540000
198769,,,,,,,,,,,,,0.539623,1.008901,0.077342,0.058145,,,,,,,,,,,,
198772,,,,,,,,,,,,,,,,,,,,-0.053590,-0.987423,1.312833,,,,,,
198778,,,,,,,,,,,,,,,,,,,,,,,,,,,,-18.480000
198780,,,,-0.000000,-1.000033,1.570001,0.001152,-0.000002,,,0.476866,0.493354,,,,,0.001477,-0.055038,0.257129,,,,,,,,,
198781,,,,,,,,,,,,,0.925138,0.848889,0.070782,0.056965,,,,,,,,,,,,
198783,,,,,,,,,,,,,,,,,,,,-0.053566,-0.987240,1.309381,,,,,,
198788,,,,,,,,,,,,,,,,,,,,,,,,,,,,-17.080000
198789,,,,,,,,,,,,,0.778411,0.714255,0.072189,0.058267,,,,,,,,,,,,
198792,,,,,,,,,,,,,,,,,,,,-0.053535,-0.987123,1.305903,,,,,,
198799,,,,,,,,,,,,,0.654955,0.600974,0.073388,0.059378,,,,,,,,,,,,
198802,,,,,,,,,,,,,,,,,,,,,,,,,,,,-10.850000
198803,,,,,,,,,,,,,,,,,,,,-0.053499,-0.986945,1.305903,,,,,,
198808,,,,,,,,,,,,,,,,,,,,,,,,,,,,-11.060000
198809,,,,,,,,,,,,,1.100290,0.505659,0.068810,0.060329,,,,,,,,,,,,
198813,,,,,,,,,,,,,,,,,,,,-0.053490,-0.986845,1.305912,,,,,,
198818,,,,,,,,,,,,,,,,,,,,,,,,,,,,-13.090000
198819,,,,,,,,,,,,,0.925784,0.425462,0.070465,0.061145,,,,,,,,,,,,
198823,,,,,,,,,,,,,,,,,,,,-0.053519,-0.986782,1.302429,,,,,,
198828,,,,,,,,,,,,,,,,,,,,,,,,,,,,-6.580000
198830,,,,-0.000000,-1.000010,1.570001,0.000655,-0.000000,,,0.433513,0.443290,,,,,0.001418,-0.055103,0.267094,,,,,,,,,
198831,,,,,,,,,,,,,0.778955,0.357983,0.071431,0.061336,,,,,,,,,,,,
198834,,,,,,,,,,,,,,,,,,,,-0.053528,-0.986743,1.302429,,,,,,
198838,,,,,,,,,,,,,,,,,,,,,,,,,,,,-3.150000
198839,,,,,,,,,,,,,0.655412,0.301207,0.072622,0.061932,,,,,,,,,,,,
198843,,,,,,,,,,,,,,,,,,,,-0.053516,-0.986725,1.302387,,,,,,
198848,,,,,,,,,,,,,,,,,,,,,,,,,,,,-1.610000
198849,,,,,,,,,,,,,0.551464,0.253436,0.073638,0.062448,,,,,,,,,,,,
198853,,,,,,,,,,,,,,,,,,,,-0.053516,-0.986719,1.302429,,,,,,
198858,,,,,,,,,,,,,,,,,,,,,,,,,,,,-0.280000
198859,,,,,,,,,,,,,0.464002,0.213241,0.074507,0.062896,,,,,,,,,,,,
198863,,,,,,,,,,,,,,,,,,,,-0.053495,-0.986761,1.302387,,,,,,
198868,,,,,,,,,,,,,,,,,,,,,,,,,,,,0.000000
198869,,,,,,,,,,,,,0.390411,0.179421,0.075251,0.063287,,,,,,,,,,,,
198873,,,,,,,,,,,,,,,,,,,,-0.053489,-0.986797,1.302387,,,,,,
198880,,,,-0.000000,-1.000001,1.570001,0.000294,-0.000000,,,0.421160,0.425560,,,,,0.001442,-0.055077,0.267738,,,,,,,,,
198881,,,,,,,,,,,,,0.328492,0.150965,0.075765,0.063449,,,,,,,,,,,,
198885,,,,,,,,,,,,,,,,,,,,,,,,,,,,-0.070000
198883,,,,,,,,,,,,,,,,,,,,-0.053488,-0.986812,1.302352,,,,,,
198889,,,,,,,,,,,,,0.276393,0.127022,0.076315,0.063748,,,,,,,,,,,,
198890,,,,,,,,,,,,,,,,,,,,,,,,,,,,-0.210000
198893,,,,,,,,,,,,,,,,,,,,-0.053521,-0.986778,1.302387,,,,,,
198898,,,,,,,,,,,,,,,,,,,,,,,,,,,,-0.560000
198899,,,,,,,,,,,,,0.232557,0.106876,0.076791,0.064013,,,,,,,,,,,,
198903,,,,,,,,,,,,,,,,,,,,-0.053492,-0.986721,1.298894,,,,,,
198908,,,,,,,,,,,,,,,,,,,,,,,,,,,,-0.280000
198909,,,,,,,,,,,,,0.195673,0.089925,0.077205,0.064250,,,,,,,,,,,,
198913,,,,,,,,,,,,,,,,,,,,-0.053531,-0.986751,1.302387,,,,,,
198918,,,,,,,,,,,,,,,,,,,,,,,,,,,,-0.210000
198919,,,,,,,,,,,,,0.164639,0.075663,0.077567,0.064462,,,,,,,,,,,,
198923,,,,,,,,,,,,,,,,,,,,-0.053499,-0.986788,1.302352,,,,,,
198928,,,,,,,,,,,,,,,,,,,,,,,,,,,,-0.350000
198930,,,,0.000000,-1.000000,1.570001,0.000074,-0.000000,,,0.410565,0.411673,,,,,0.001446,-0.055086,0.267727,,,,,,,,,
198931,,,,,,,,,,,,,0.138528,0.063663,0.077776,0.064513,,,,,,,,,,,,
198933,,,,,,,,,,,,,,,,,,,,-0.053479,-0.986794,1.302352,,,,,,
198939,,,,,,,,,,,,,0.116557,0.053566,0.078055,0.064686,,,,,,,,,,,,
198942,,,,,,,,,,,,,,,,,,,,,,,,,,,,-0.420000
198943,,,,,,,,,,,,,,,,,,,,-0.053473,-0.986781,1.302352,,,,,,
198948,,,,,,,,,,,,,,,,,,,,,,,,,,,,-0.420000
198949,,,,,,,,,,,,,0.098071,0.045070,0.078302,0.064844,,,,,,,,,,,,
198953,,,,,,,,,,,,,,,,,,,,-0.053528,-0.986767,1.302387,,,,,,
198958,,,,,,,,,,,,,,,,,,,,,,,,,,,,-0.350000
198959,,,,,,,,,,,,,0.082517,0.037922,0.078523,0.064990,,,,,,,,,,,,
198963,,,,,,,,,,,,,,,,,,,,-0.053530,-0.986758,1.302387,,,,,,
198968,,,,,,,,,,,,,,,,,,,,,,,,,,,,-0.280000
198969,,,,,,,,,,,,,0.069430,0.031908,0.078723,0.065126,,,,,,,,,,,,
198973,,,,,,,,,,,,,,,,,,,,-0.053491,-0.986776,1.302387,,,,,,
198978,,,,,,,,,,,,,,,,,,,,,,,,,,,,-0.280000
198980,,,,0.000000,-1.000000,1.570001,0.000074,-0.000000,,,,,,,,,,,,,,,,,,,,
198981,,,,,,,,,,,0.407345,0.408452,0.058418,0.026847,0.078870,0.065221,0.001434,-0.055083,0.267653,,,,,,,,,
198982,,,,,,,,,,,,,,,,,,,,-0.053523,-0.986782,1.302387,,,,,,
198988,,,,,,,,,,,,,,,,,,,,,,,,,,,,-0.280000
198989,,,,,,,,,,,,,0.049153,0.022589,0.079035,0.065341,,,,,,,,,,,,
198993,,,,,,,,,,,,,,,,,,,,-0.053530,-0.986759,1.302387,,,,,,
