ts,x,y,yaw,x_des,y_des,yaw_des,v_ff,w_ff,v_actual,w_actual,omega_l_cmd,omega_r_cmd,omega_l_meas,omega_r_meas,duty_l,duty_r,x_err,y_err,yaw_err,x_raw,y_raw,yaw_raw,acc_x,acc_y,acc_z,gyro_x,gyro_y,gyro_z
447121,,,,,,,,,-0.000000,0.000000,,,0.000000,0.000000,0.000000,0.000000,,,,,,,,,,,,
447124,,,,,,,,,,,,,,,,,,,,-0.044134,-0.998541,0.107986,,,,,,
447131,,,,,,,,,-0.000000,0.000000,,,0.000000,0.000000,0.000000,0.000000,,,,,,,,,,,,
447134,,,,,,,,,,,,,,,,,,,,-0.044137,-0.998543,0.107986,,,,,,
447141,,,,,,,,,-0.000000,0.000000,,,0.000000,0.000000,0.000000,0.000000,,,,,,,,,,,,
447144,,,,,,,,,,,,,,,,,,,,-0.044138,-0.998538,0.107986,,,,,,
447151,,,,,,,,,-0.000000,0.000000,,,0.000000,0.000000,0.000000,0.000000,,,,,,,,,,,,
447161,,,,,,,,,-0.000000,0.000000,,,0.000000,0.000000,0.000000,0.000000,,,,,,,,,,,,
447167,-0.044138,-0.998538,0.107715,-0.001836,-0.971674,1.682211,0.286078,1.123658,,,0.484991,24.664122,,,,,0.044945,0.022161,1.574496,,,,,,,,,
447171,,,,,,,,,-0.000000,0.000000,,,0.000000,0.000000,0.004947,0.251574,,,,,,,,,,,,
447174,,,,,,,,,,,,,,,,,,,,-0.044146,-0.998561,0.107986,,,,,,
447181,,,,,,,,,0.082402,1.957303,,,0.000000,1.633630,0.005044,0.239844,,,,,,,,,,,,
447184,,,,,,,,,,,,,,,,,,,,-0.044133,-0.998544,0.107986,,,,,,
447191,,,,,,,,,0.082402,1.957303,,,0.000000,3.008165,0.005141,0.230430,,,,,,,,,,,,
447199,,,,,,,,,0.082402,1.957303,,,0.000000,4.164700,0.005238,0.222964,,,,-0.044141,-0.998554,0.113527,,,,,,
447211,,,,,,,,,0.082402,1.957303,,,0.000000,5.137807,0.005335,0.217138,,,,,,,,,,,,
447217,-0.043801,-0.998502,0.121198,-0.004685,-0.950614,1.725241,0.381561,0.954157,,,-3.053280,26.565971,,,,,0.044619,0.042808,1.604043,,,,,,,,,
447221,,,,,,,,,0.109870,2.609737,,,0.000000,6.501123,-0.030658,0.226537,,,,,,,,,,,,
447224,,,,,,,,,,,,,,,,,,,,-0.042338,-0.998596,0.171793,,,,,,
447231,,,,,,,,,0.137337,3.262171,,,0.000000,8.192760,-0.031269,0.213295,,,,,,,,,,,,
447234,,,,,,,,,,,,,,,,,,,,-0.041180,-0.998511,0.196810,,,,,,
447241,,,,,,,,,0.137337,3.262171,,,0.000000,9.616103,-0.031880,0.202452,,,,,,,,,,,,
447244,,,,,,,,,,,,,,,,,,,,-0.039847,-0.998388,0.230217,,,,,,
447251,,,,,,,,,0.164805,3.914605,,,0.000000,11.358248,-0.032490,0.188072,,,,,,,,,,,,
447259,,,,,,,,,0.164805,3.914605,,,0.000000,12.824087,-0.033101,0.176162,,,,-0.038488,-0.998262,0.263660,,,,,,
447264,,,,,,,,,,,,,,,,,,,,-0.036749,-0.997999,0.302819,,,,,,
447267,-0.036666,-0.997891,0.304002,-0.009029,-0.925637,1.758086,0.467199,0.762906,,,-0.206498,34.006153,,,,,0.047998,0.060668,1.454084,,,,,,,,,
447271,,,,,,,,,0.192272,4.567039,,,0.000000,14.601988,-0.004675,0.236665,,,,,,,,,,,,
447274,,,,,,,,,,,,,,,,,,,,-0.034963,-0.997581,0.342069,,,,,,
447281,,,,,,,,,0.192272,4.567039,,,0.000000,16.097914,-0.004716,0.225288,,,,,,,,,,,,
447284,,,,,,,,,,,,,,,,,,,,-0.033131,-0.997100,0.381459,,,,,,
447291,,,,,,,,,0.219740,5.219473,,,0.000000,17.901129,-0.004757,0.210476,,,,,,,,,,,,
447299,,,,,,,,,0.219740,5.219473,,,0.000000,19.418354,-0.004798,0.198222,,,,-0.031264,-0.996715,0.426664,,,,,,
447311,,,,,,,,,0.247207,5.871908,,,0.000000,21.239489,-0.004840,0.182564,,,,,,,,,,,,
447317,-0.030778,-0.996374,0.441008,-0.014805,-0.897035,1.779629,0.545988,0.547042,,,4.908182,42.772163,,,,,0.056847,0.083016,1.338621,,,,,,,,,
447321,,,,,,,,,0.219740,5.219473,,,0.000000,22.227249,0.047289,0.264455,,,,,,,,,,,,
447324,,,,,,,,,,,,,,,,,,,,-0.025034,-0.994513,0.586798,,,,,,
447331,,,,,,,,,0.274675,6.524341,,,0.000000,24.147436,0.048270,0.248978,,,,,,,,,,,,
447334,,,,,,,,,,,,,,,,,,,,-0.022954,-0.993451,0.639091,,,,,,
447341,,,,,,,,,0.274675,6.524341,,,0.000000,25.763081,0.049252,0.236224,,,,,,,,,,,,
447344,,,,,,,,,,,,,,,,,,,,-0.020892,-0.992396,0.703580,,,,,,
447351,,,,,,,,,0.274675,6.524341,,,0.000000,27.122484,0.050234,0.225760,,,,,,,,,,,,
447361,,,,,,,,,0.302142,7.176775,,,0.000000,28.266287,0.051215,0.217223,,,,,,,,,,,,
447367,-0.020684,-0.992000,0.711656,-0.021809,-0.864917,1.789212,0.620786,0.312391,,,22.436724,60.511272,,,,,0.082145,0.096972,1.077556,,,,,,,,,
447371,,,,,,,,,0.302142,7.176775,,,0.000000,29.773226,0.230988,0.385692,,,,,,,,,,,,
447374,,,,,,,,,,,,,,,,,,,,-0.014335,-0.987466,0.902150,,,,,,
447381,,,,,,,,,0.329610,7.829210,,,0.000000,32.130249,0.235475,0.367798,,,,,,,,,,,,
447384,,,,,,,,,,,,,,,,,,,,-0.012185,-0.985447,0.973512,,,,,,
447391,,,,,,,,,0.466947,8.481643,,,1.089086,34.657993,0.228854,0.347691,,,,,,,,,,,,
447394,,,,,,,,,,,,,,,,,,,,-0.010268,-0.983260,1.046362,,,,,,
447401,,,,,,,,,0.494415,7.829209,,,2.549987,37.873924,0.218222,0.320059,,,,,,,,,,,,
447411,,,,,,,,,0.494415,7.829209,,,3.779188,40.035263,0.209662,0.302541,,,,,,,,,,,,
447417,-0.009857,-0.982364,1.051120,-0.029719,-0.829246,1.786863,0.694035,0.071010,,,50.845768,82.678406,,,,,0.123041,0.093278,0.735743,,,,,,,,,
447421,,,,,,,,,0.439480,7.829209,,,4.268895,41.309269,0.498171,0.519746,,,,,,,,,,,,
447424,,,,,,,,,,,,,,,,,,,,-0.003654,-0.973952,1.257627,,,,,,
447431,,,,,,,,,0.686687,5.871908,,,7.948194,44.014847,0.469957,0.500423,,,,,,,,,,,,
447439,,,,,,,,,0.961362,3.262171,,,14.855757,47.380409,0.408079,0.473827,,,,-0.001571,-0.969925,1.334045,,,,,,
447444,,,,,,,,,,,,,,,,,,,,0.000308,-0.965529,1.405457,,,,,,
447451,,,,,,,,,1.098699,2.609736,,,22.301411,52.390362,0.339332,0.429785,,,,,,,,,,,,
447454,,,,,,,,,,,,,,,,,,,,0.002289,-0.960864,1.475558,,,,,,
447461,,,,,,,,,1.153634,5.219473,,,28.021639,57.150280,0.286694,0.387292,,,,,,,,,,,,
447464,,,,,,,,,,,,,,,,,,,,0.004182,-0.955598,1.547755,,,,,,
447467,0.004760,-0.953332,1.527964,-0.038114,-0.789875,1.773337,0.767646,-0.162389,,,85.890045,98.019272,,,,,0.161472,0.049833,0.245373,,,,,,,,,
447471,,,,,,,,,1.043764,2.609737,,,32.834637,59.521645,0.599618,0.524686,,,,,,,,,,,,
447474,,,,,,,,,,,,,,,,,,,,0.005887,-0.949979,1.617231,,,,,,
447481,,,,,,,,,1.016297,-0.652434,,,37.428837,59.883282,0.563368,0.528697,,,,,,,,,,,,
447484,,,,,,,,,,,,,,,,,,,,0.007433,-0.943694,1.692432,,,,,,
447491,,,,,,,,,1.345907,-0.652434,,,45.650742,63.999367,0.489197,0.494340,,,,,,,,,,,,
447494,,,,,,,,,,,,,,,,,,,,0.008489,-0.937246,1.768774,,,,,,
447501,,,,,,,,,1.565646,-1.957302,,,54.202282,68.551727,0.410019,0.454710,,,,,,,,,,,,
447511,,,,,,,,,1.455776,-0.652433,,,60.308460,71.837540,0.354074,0.427088,,,,,,,,,,,,
447517,0.008409,-0.932491,1.745807,-0.046502,-0.746596,1.749995,0.842989,-0.374039,,,107.443520,106.275810,,,,,0.192616,0.021705,0.004188,,,,,,,,,
447521,,,,,,,,,1.318439,1.304869,,,63.812569,73.513130,0.543294,0.499450,,,,,,,,,,,,
447524,,,,,,,,,,,,,,,,,,,,0.010185,-0.915926,1.994944,,,,,,
447531,,,,,,,,,1.455776,-0.652433,,,67.850014,76.012062,0.510838,0.480514,,,,,,,,,,,,
447534,,,,,,,,,,,,,,,,,,,,0.010201,-0.908532,2.069832,,,,,,
447541,,,,,,,,,1.263504,-2.609736,,,70.702576,75.936485,0.489661,0.487337,,,,,,,,,,,,
447544,,,,,,,,,,,,,,,,,,,,0.009572,-0.900468,2.149373,,,,,,
447551,,,,,,,,,1.400841,-0.652435,,,74.191803,77.506531,0.461419,0.477391,,,,,,,,,,,,
447561,,,,,,,,,1.510712,-1.957302,,,78.216728,79.372108,0.427015,0.464116,,,,,,,,,,,,
447567,0.008436,-0.896897,2.107253,-0.054341,-0.699187,1.718589,0.920912,-0.553737,,,123.243546,96.922058,,,,,0.202022,-0.047090,-0.388663,,,,,,,,,
447571,,,,,,,,,1.538179,0.000000,,,81.058754,82.030891,0.565032,0.346969,,,,,,,,,,,,
447574,,,,,,,,,,,,,,,,,,,,0.005017,-0.876155,2.384809,,,,,,
447581,,,,,,,,,1.538179,-1.304869,,,83.994576,83.178909,0.543523,0.338237,,,,,,,,,,,,
447584,,,,,,,,,,,,,,,,,,,,0.002499,-0.867487,2.458709,,,,,,
447591,,,,,,,,,1.428309,-6.524341,,,87.553864,81.966675,0.515068,0.353351,,,,,,,,,,,,
447599,,,,,,,,,1.290972,-3.262171,,,87.281387,79.857613,0.524986,0.377854,,,,-0.000692,-0.858845,2.537459,,,,,,
447611,,,,,,,,,1.455776,-7.176775,,,90.863930,79.172134,0.495636,0.388259,,,,,,,,,,,,
447617,-0.002408,-0.856444,2.471199,-0.061061,-0.647458,1.681023,1.001749,-0.696081,,,119.821075,67.185852,,,,,0.175801,-0.127315,-0.790175,,,,,,,,,
447621,,,,,,,,,1.483244,-5.219474,,,93.878281,78.595375,0.436456,0.094382,,,,,,,,,,,,
447624,,,,,,,,,,,,,,,,,,,,-0.012876,-0.835261,2.743256,,,,,,
447631,,,,,,,,,1.373374,-9.134078,,,95.870010,76.476456,0.421329,0.113714,,,,,,,,,,,,
447634,,,,,,,,,,,,,,,,,,,,-0.017853,-0.828025,2.805275,,,,,,
447641,,,,,,,,,1.153634,-7.829210,,,95.912224,71.970886,0.425689,0.157812,,,,,,,,,,,,
447644,,,,,,,,,,,,,,,,,,,,-0.022990,-0.820868,2.858457,,,,,,
447651,,,,,,,,,1.126167,-11.091381,,,95.947739,67.635353,0.430108,0.201078,,,,,,,,,,,,
447661,,,,,,,,,1.016297,-4.567039,,,92.710365,64.531982,0.467904,0.232642,,,,,,,,,,,,
447667,-0.024424,-0.820983,2.806751,-0.066091,-0.591288,1.639138,1.085320,-0.800367,,,96.020988,21.801661,,,,,0.114835,-0.203246,-1.167614,,,,,,,,,
447671,,,,,,,,,1.043764,-6.524342,,,91.620071,62.465347,0.241687,-0.208666,,,,,,,,,,,,
447674,,,,,,,,,,,,,,,,,,,,-0.040991,-0.802398,2.936485,,,,,,
447681,,,,,,,,,0.878959,-10.438948,,,90.158150,56.914680,0.257478,-0.160182,,,,,,,,,,,,
447684,,,,,,,,,,,,,,,,,,,,-0.047200,-0.797486,2.936519,,,,,,
447691,,,,,,,,,0.549350,-11.743815,,,86.205376,48.432549,0.298969,-0.080687,,,,,,,,,,,,
447694,,,,,,,,,,,,,,,,,,,,-0.053928,-0.793044,2.930965,,,,,,
447701,,,,,,,,,0.521882,-11.091381,,,82.334969,41.295685,0.340411,-0.013217,,,,,,,,,,,,
447711,,,,,,,,,0.549350,-10.438947,,,78.533867,35.290726,0.381919,0.044135,,,,,,,,,,,,
447720,-0.053425,-0.794191,2.876725,-0.068880,-0.530647,1.594562,1.170943,-0.869581,0.466947,-8.481643,86.788445,2.071541,74.791077,31.871784,0.329421,-0.124937,0.083907,-0.250307,-1.282164,,,,,,,,,
447724,,,,,,,,,,,,,,,,,,,,-0.075931,-0.781522,2.751109,,,,,,
447731,,,,,,,,,0.686687,-15.005987,,,75.998238,26.816916,0.319507,-0.079338,,,,,,,,,,,,
447734,,,,,,,,,,,,,,,,,,,,-0.083294,-0.778215,2.651347,,,,,,
447741,,,,,,,,,0.549350,-13.048682,,,74.835770,22.563749,0.333523,-0.040904,,,,,,,,,,,,
447744,,,,,,,,,,,,,,,,,,,,-0.090754,-0.774731,2.529152,,,,,,
447751,,,,,,,,,0.576817,-13.701118,,,74.402214,18.985136,0.340335,-0.008501,,,,,,,,,,,,
447761,,,,,,,,,0.631752,-15.005984,,,74.581963,15.974091,0.340979,0.018829,,,,,,,,,,,,
447767,-0.089797,-0.774847,2.495367,-0.068920,-0.465625,1.548635,1.257475,-0.908977,,,133.370392,53.844105,,,,,0.169539,-0.259443,-0.946733,,,,,,,,,
447771,,,,,,,,,0.576817,-13.701118,,,74.733200,13.440598,0.817014,0.569970,,,,,,,,,,,,
447779,,,,,,,,,0.824024,-9.134078,,,74.860458,15.665262,0.827443,0.555359,,,,-0.106460,-0.766071,2.137956,,,,,,
447787,,,,,,,,,,,,,,,,,,,,-0.110312,-0.763481,2.000413,,,,,,
447791,,,,,,,,,1.455776,-13.701117,,,83.135681,21.893440,0.754738,0.499468,,,,,,,,,,,,
447794,,,,,,,,,,,,,,,,,,,,-0.113956,-0.760372,1.849575,,,,,,
447801,,,,,,,,,1.785386,-15.005982,,,92.821167,29.856546,0.665993,0.424634,,,,,,,,,,,,
447811,,,,,,,,,2.005126,-12.396248,,,104.237793,39.823959,0.557653,0.327764,,,,,,,,,,,,
447817,-0.116773,-0.754708,1.851830,-0.065768,-0.396432,1.502387,1.343390,-0.924698,,,191.823425,151.618332,,,,,0.330074,-0.148371,-0.349442,,,,,,,,,
447821,,,,,,,,,2.005126,-11.091381,,,111.121025,48.210541,1.000000,1.000000,,,,,,,,,,,,
447824,,,,,,,,,,,,,,,,,,,,-0.126679,-0.746474,1.416379,,,,,,
447831,,,,,,,,,1.922724,-9.134081,,,117.457115,55.267010,1.000000,1.000000,,,,,,,,,,,,
447839,,,,,,,,,1.593114,-5.219473,,,115.709244,61.204323,1.000000,1.000000,,,,-0.130899,-0.740574,1.281875,,,,,,
447844,,,,,,,,,,,,,,,,,,,,-0.134250,-0.734578,1.133785,,,,,,
447851,,,,,,,,,2.993955,-4.567042,,,128.396698,79.269012,0.959516,0.983560,,,,,,,,,,,,
447861,,,,,,,,,3.433435,-1.957303,,,144.517365,99.914070,0.807771,0.787451,,,,,,,,,,,,
447867,-0.135461,-0.722096,1.186057,-0.059060,-0.323400,1.456573,1.426896,-0.922710,,,186.550873,209.325867,,,,,0.398224,0.078821,0.270515,,,,,,,,,
447871,,,,,,,,,3.131293,-1.304871,,,152.091309,113.473015,0.686198,1.000000,,,,,,,,,,,,
447874,,,,,,,,,,,,,,,,,,,,-0.142464,-0.713245,0.697894,,,,,,
447881,,,,,,,,,2.939020,1.957300,,,157.374939,126.515144,0.639197,1.000000,,,,,,,,,,,,
447884,,,,,,,,,,,,,,,,,,,,-0.143737,-0.705334,0.540816,,,,,,
447891,,,,,,,,,3.241163,7.829210,,,161.276047,141.845139,0.605241,0.994444,,,,,,,,,,,,
447899,,,,,,,,,2.060061,1.957303,,,153.667572,140.585663,0.687902,1.000000,,,,-0.145041,-0.697894,0.395591,,,,,,
447911,,,,,,,,,3.048890,16.310856,,,154.344864,155.317703,0.687570,0.884268,,,,,,,,,,,,
447917,-0.142980,-0.687097,0.530644,-0.048529,-0.246972,1.411713,1.506065,-0.908155,,,103.270615,187.638000,,,,,0.304204,0.331799,0.881069,,,,,,,,,
447921,,,,,,,,,2.801683,11.743811,,,152.736557,163.356888,-0.139042,0.591854,,,,,,,,,,,,
447924,,,,,,,,,,,,,,,,,,,,-0.144166,-0.674840,-0.049921,,,,,,
447931,,,,,,,,,2.609411,18.920591,,,146.482437,171.210144,-0.085144,0.516607,,,,,,,,,,,,
447934,,,,,,,,,,,,,,,,,,,,-0.142999,-0.667773,-0.196918,,,,,,
447941,,,,,,,,,1.895256,25.444933,,,131.418457,173.461517,0.059867,0.496929,,,,,,,,,,,,
447944,,,,,,,,,,,,,,,,,,,,-0.141476,-0.661059,-0.342170,,,,,,
447951,,,,,,,,,1.510711,26.749802,,,114.387276,172.088577,0.227955,0.513768,,,,,,,,,,,,
447961,,,,,,,,,1.126167,15.005984,,,100.601784,161.131607,0.366344,0.628639,,,,,,,,,,,,
447967,-0.138215,-0.659886,-0.205874,-0.034010,-0.167691,1.368159,1.578967,-0.885073,,,-59.996960,60.139259,,,,,0.001389,0.503104,1.574033,,,,,,,,,
447971,,,,,,,,,1.318439,16.963289,,,90.636299,156.813293,-1.000000,-0.622500,,,,,,,,,,,,
447974,,,,,,,,,,,,,,,,,,,,-0.134647,-0.644072,-0.753821,,,,,,
447981,,,,,,,,,0.686687,17.615723,,,76.805916,146.100815,-1.000000,-0.532568,,,,,,,,,,,,
447984,,,,,,,,,,,,,,,,,,,,-0.132879,-0.639387,-0.871381,,,,,,
447991,,,,,,,,,-0.521882,13.701117,,,53.733624,123.473747,-0.877884,-0.318964,,,,,,,,,,,,
447994,,,,,,,,,,,,,,,,,,,,-0.130959,-0.635383,-0.985892,,,,,,
448001,,,,,,,,,-1.236037,12.396250,,,27.786081,96.811729,-0.635965,-0.059678,,,,,,,,,,,,
448011,,,,,,,,,-1.181102,12.396250,,,6.498363,74.922859,-0.436387,0.156254,,,,,,,,,,,,
448020,-0.136550,-0.637423,-0.868484,-0.015447,-0.086170,1.326139,1.643806,-0.856364,-0.576817,7.176776,-207.875595,-104.847038,-3.789514,60.317368,-1.000000,-1.000000,-0.342569,0.448544,2.194623,,,,,,,,,
448024,,,,,,,,,,,,,,,,,,,,-0.126462,-0.626686,-1.181312,,,,,,
448031,,,,,,,,,-1.208569,13.048682,,,-20.069336,44.216507,-1.000000,-1.000000,,,,,,,,,,,,
448034,,,,,,,,,,,,,,,,,,,,-0.126034,-0.624058,-1.199573,,,,,,
448041,,,,,,,,,-2.169931,7.176775,,,-40.846237,19.233837,-1.000000,-1.000000,,,,,,,,,,,,
448044,,,,,,,,,,,,,,,,,,,,-0.126836,-0.618728,-1.202404,,,,,,
448051,,,,,,,,,-2.527008,3.914604,,,-62.139721,-7.232012,-1.000000,-0.779245,,,,,,,,,,,,
448061,,,,,,,,,-2.581943,5.219471,,,-80.056053,-30.044914,-1.000000,-0.566077,,,,,,,,,,,,
448067,-0.135324,-0.612630,-1.152597,0.007108,-0.003076,1.285812,1.699018,-0.823915,,,-264.047577,-178.739944,,,,,-0.499180,0.377706,2.438410,,,,,,,,,
448071,,,,,,,,,-2.636878,7.829207,,,-96.764481,-48.150604,-1.000000,-1.000000,,,,,,,,,,,,
448079,,,,,,,,,,,,,-104.288437,-59.572922,-1.000000,-1.000000,,,,-0.129113,-0.603532,-1.235810,,,,,,
448082,,,,,,,,,-2.169931,3.262173,,,,,,,,,,-0.130022,-0.597309,-1.253245,,,,,,
448091,,,,,,,,,-3.241163,7.829210,,,-123.143585,-80.074524,-1.000000,-0.874394,,,,,,,,,,,,
448094,,,,,,,,,,,,,,,,,,,,-0.131037,-0.591027,-1.267121,,,,,,
448101,,,,,,,,,-3.351032,5.219474,,,-139.008301,-98.413658,-1.000000,-0.707068,,,,,,,,,,,,
448111,,,,,,,,,-3.460902,7.829207,,,-153.445953,-113.299660,-1.000000,-0.571296,,,,,,,,,,,,
448117,-0.139286,-0.580633,-1.224758,0.033496,0.080902,1.247301,1.743348,-0.788767,,,-286.718506,-201.245514,,,,,-0.563719,0.386916,2.472058,,,,,,,,,
448121,,,,,,,,,-2.829150,7.176778,,,-161.237457,-120.923851,-1.000000,-0.736174,,,,,,,,,,,,
448124,,,,,,,,,,,,,,,,,,,,-0.135814,-0.568573,-1.315992,,,,,,
448131,,,,,,,,,-3.241163,11.743816,,,-172.694122,-127.883385,-1.000000,-0.681251,,,,,,,,,,,,
448134,,,,,,,,,,,,,,,,,,,,-0.137710,-0.560015,-1.326418,,,,,,
448141,,,,,,,,,-2.114996,8.481645,,,-169.809250,-126.115532,-1.000000,-0.713956,,,,,,,,,,,,
448144,,,,,,,,,,,,,,,,,,,,-0.139858,-0.551178,-1.340058,,,,,,
448151,,,,,,,,,-3.103825,15.005988,,,-179.906418,-130.618042,-1.000000,-0.683056,,,,,,,,,,,,
448161,,,,,,,,,-3.076358,14.353553,,,-187.857635,-133.317368,-1.000000,-0.669649,,,,,,,,,,,,
448167,-0.147530,-0.543271,-1.270240,0.063460,0.165076,1.210724,1.775899,-0.751291,,,-304.326080,-216.404510,,,,,-0.614129,0.411238,2.480965,,,,,,,,,
448171,,,,,,,,,-2.801683,14.353553,,,-191.825073,-135.044037,-1.000000,-0.820244,,,,,,,,,,,,
448174,,,,,,,,,,,,,,,,,,,,-0.146191,-0.521812,-1.401028,,,,,,
448181,,,,,,,,,-3.241163,16.963291,,,-199.519608,-138.675018,-1.000000,-0.799480,,,,,,,,,,,,
448185,,,,,,,,,,,,,,,,,,,,-0.148530,-0.511041,-1.419867,,,,,,
448191,,,,,,,,,-3.131293,13.048681,,,-205.449249,-142.274673,-1.000000,-0.778309,,,,,,,,,,,,
448199,,,,,,,,,-1.950191,7.176775,,,-195.191238,-136.046188,-1.000000,-0.856666,,,,-0.151171,-0.499511,-1.445732,,,,,,
448211,,,,,,,,,-3.433435,11.091381,,,-202.896454,-142.240952,-1.000000,-0.809551,,,,,,,,,,,,
448217,-0.158037,-0.490660,-1.384585,0.096654,0.248785,1.176217,1.796155,-0.711340,,,-325.189941,-244.738708,,,,,-0.679509,0.387187,2.560802,,,,,,,,,
448221,,,,,,,,,-3.021423,9.134078,,,-204.478729,-146.364136,-1.000000,-1.000000,,,,,,,,,,,,
448224,,,,,,,,,,,,,,,,,,,,-0.158248,-0.462550,-1.516162,,,,,,
448231,,,,,,,,,-3.323565,9.786513,,,-209.077316,-152.011551,-1.000000,-1.000000,,,,,,,,,,,,
448234,,,,,,,,,,,,,,,,,,,,-0.160353,-0.449089,-1.547322,,,,,,
448241,,,,,,,,,-3.460902,6.524342,,,-212.946564,-158.941467,-1.000000,-0.981268,,,,,,,,,,,,
448244,,,,,,,,,,,,,,,,,,,,-0.162889,-0.435914,-1.576741,,,,,,
448251,,,,,,,,,-3.735577,6.524342,,,-217.291229,-168.039551,-1.000000,-0.905627,,,,,,,,,,,,
448261,,,,,,,,,-2.169931,1.957300,,,-206.788712,-163.714722,-1.000000,-0.965080,,,,,,,,,,,,
448267,-0.164401,-0.431605,-1.552440,0.132657,0.331417,1.143949,1.803975,-0.668383,,,-346.416779,-283.159515,,,,,-0.757440,0.311013,2.696389,,,,,,,,,
448271,,,,,,,,,-3.268630,3.262171,,,-207.753677,-168.788513,-1.000000,-1.000000,,,,,,,,,,,,
448275,,,,,,,,,,,,,,,,,,,,-0.168953,-0.392046,-1.669288,,,,,,
448281,,,,,,,,,-3.900382,1.304871,,,-214.011032,-179.047577,-1.000000,-1.000000,,,,,,,,,,,,
448284,,,,,,,,,,,,,,,,,,,,-0.170570,-0.376526,-1.702865,,,,,,
448291,,,,,,,,,-3.708110,3.262168,,,-218.186874,-187.135010,-1.000000,-1.000000,,,,,,,,,,,,
448294,,,,,,,,,,,,,,,,,,,,-0.172157,-0.360918,-1.739876,,,,,,
448301,,,,,,,,,-3.817980,1.957300,,,-222.244980,-194.484314,-1.000000,-1.000000,,,,,,,,,,,,
448311,,,,,,,,,-3.900382,1.304871,,,-226.204010,-201.757095,-1.000000,-1.000000,,,,,,,,,,,,
448320,-0.172040,-0.350490,-1.718572,0.170987,0.412426,1.114138,1.799565,-0.621597,-1.730451,-0.652434,-355.672119,-311.500610,-206.119781,-185.550140,-1.000000,-1.000000,-0.805108,0.226957,2.832710,,,,,,,,,
448324,,,,,,,,,,,,,,,,,,,,-0.175635,-0.310481,-1.857345,,,,,,
448331,,,,,,,,,-3.598240,0.652433,,,-210.458099,-193.150803,-1.000000,-1.000000,,,,,,,,,,,,
448334,,,,,,,,,,,,,,,,,,,,-0.176089,-0.293410,-1.907929,,,,,,
448341,,,,,,,,,-3.982784,-0.652433,,,-216.286530,-200.635086,-1.000000,-1.000000,,,,,,,,,,,,
448344,,,,,,,,,,,,,,,,,,,,-0.176624,-0.275565,-1.948344,,,,,,
448351,,,,,,,,,-3.955317,2.609739,,,-222.279648,-208.565994,-1.000000,-1.000000,,,,,,,,,,,,
448361,,,,,,,,,-3.982784,0.652433,,,-226.777725,-214.694519,-1.000000,-1.000000,,,,,,,,,,,,
448367,-0.173756,-0.265323,-1.926091,0.211115,0.491344,1.087055,1.783426,-0.569947,,,-356.183899,-339.260010,,,,,-0.843293,0.097614,3.013145,,,,,,,,,
448371,,,,,,,,,-3.296098,1.304865,,,-224.027878,-212.771988,-1.000000,-1.000000,,,,,,,,,,,,
448379,,,,,,,,,-2.444606,-0.652435,,,-212.456924,-203.530762,-1.000000,-1.000000,,,,-0.175421,-0.220087,-2.102967,,,,,,
448385,,,,,,,,,,,,,,,,,,,,-0.174203,-0.201406,-2.156757,,,,,,
448391,,,,,,,,,-4.120122,2.609739,,,-219.057419,-211.002411,-1.000000,-1.000000,,,,,,,,,,,,
448394,,,,,,,,,,,,,,,,,,,,-0.172930,-0.181938,-2.215453,,,,,,
448401,,,,,,,,,-4.037719,-0.652435,,,-225.700165,-217.833603,-1.000000,-1.000000,,,,,,,,,,,,
448411,,,,,,,,,-3.955317,1.304868,,,-229.655746,-221.947739,-1.000000,-1.000000,,,,,,,,,,,,
448417,-0.167374,-0.173317,-2.185303,0.252483,0.567796,1.063034,1.756323,-0.512259,,,-337.941406,-357.125916,,,,,-0.847603,-0.084246,-3.034847,,,,,,,,,
448421,,,,,,,,,-3.296098,1.304865,,,-226.449448,-218.874847,-1.000000,-1.000000,,,,,,,,,,,,
448424,,,,,,,,,,,,,,,,,,,,-0.164592,-0.122401,-2.401762,,,,,,
448431,,,,,,,,,-3.927849,3.262174,,,-229.197098,-221.734741,-1.000000,-1.000000,,,,,,,,,,,,
448439,,,,,,,,,-2.499541,-0.652433,,,-218.984482,-211.616562,-1.000000,-1.000000,,,,-0.161381,-0.103701,-2.475259,,,,,,
448444,,,,,,,,,,,,,,,,,,,,-0.157308,-0.083525,-2.542087,,,,,,
448451,,,,,,,,,-4.120122,1.304868,,,-225.638794,-218.350342,-1.000000,-1.000000,,,,,,,,,,,,
448461,,,,,,,,,-3.955317,1.304868,,,-229.604111,-222.382523,-1.000000,-1.000000,,,,,,,,,,,,
448467,-0.148671,-0.077432,-2.506075,0.294514,0.641495,1.042472,1.719211,-0.447265,,,-287.782867,-350.235840,,,,,-0.783410,-0.315495,-2.734638,,,,,,,,,
448471,,,,,,,,,-3.351032,2.609733,,,-227.495087,-219.240677,-1.000000,-1.000000,,,,,,,,,,,,
448474,,,,,,,,,,,,,,,,,,,,-0.141055,-0.023913,-2.760155,,,,,,
448481,,,,,,,,,-3.872915,1.957306,,,-230.621445,-222.042557,-1.000000,-1.000000,,,,,,,,,,,,
448484,,,,,,,,,,,,,,,,,,,,-0.134957,-0.005095,-2.850423,,,,,,
448491,,,,,,,,,-3.955317,1.304868,,,-233.796509,-225.489151,-1.000000,-1.000000,,,,,,,,,,,,
448499,,,,,,,,,-2.636878,0.000000,,,-222.854431,-213.686447,-1.000000,-1.000000,,,,-0.128458,0.014042,-2.932042,,,,,,
448511,,,,,,,,,-4.037720,1.957306,,,-228.350433,-221.181030,-1.000000,-1.000000,,,,,,,,,,,,
448517,-0.116695,0.016670,-2.887234,0.336635,0.712252,1.025832,1.673183,-0.373666,,,-195.004150,-300.176331,,,,,-0.613770,-0.559133,-2.370120,,,,,,,,,
448521,,,,,,,,,-3.680642,1.304871,,,-227.529327,-220.407913,-0.652885,-1.000000,,,,,,,,,,,,
448524,,,,,,,,,,,,,,,,,,,,-0.102906,0.071452,3.110690,,,,,,
448531,,,,,,,,,-3.653175,0.652435,,,-228.472092,-223.024673,-0.636764,-1.000000,,,,,,,,,,,,
448534,,,,,,,,,,,,,,,,,,,,-0.094127,0.089062,3.021733,,,,,,
448541,,,,,,,,,-3.405967,-6.524342,,,-224.364441,-224.137329,-0.671968,-1.000000,,,,,,,,,,,,
448544,,,,,,,,,,,,,,,,,,,,-0.085631,0.106379,2.929958,,,,,,
448551,,,,,,,,,-3.433435,-8.481643,,,-219.274628,-226.162598,-0.718012,-1.000000,,,,,,,,,,,,
448561,,,,,,,,,-2.334736,-4.567036,,,-205.734833,-215.342163,-0.851264,-1.000000,,,,,,,,,,,,
448567,-0.078522,0.100113,2.950557,0.378278,0.779959,1.013640,1.619428,-0.290173,,,-58.275818,-193.857361,,,,,-0.319404,-0.754214,-1.936917,,,,,,,,,
448571,,,,,,,,,-3.213695,-9.786513,,,-200.876968,-215.495087,0.495961,-0.614680,,,,,,,,,,,,
448574,,,,,,,,,,,,,,,,,,,,-0.054656,0.156029,2.648155,,,,,,
448581,,,,,,,,,-2.581943,-14.353553,,,-188.621414,-214.534668,0.399475,-0.620148,,,,,,,,,,,,
448584,,,,,,,,,,,,,,,,,,,,-0.044018,0.170975,2.541166,,,,,,
448591,,,,,,,,,-1.730451,-30.664406,,,-163.062378,-210.459320,0.164842,-0.657581,,,,,,,,,,,,
448594,,,,,,,,,,,,,,,,,,,,-0.033583,0.185546,2.435577,,,,,,
448601,,,,,,,,,-1.400841,-37.188747,,,-135.567032,-205.941238,-0.094654,-0.700345,,,,,,,,,,,,
448611,,,,,,,,,-1.263504,-33.926579,,,-112.432449,-200.506088,-0.315168,-0.753367,,,,,,,,,,,,
448620,-0.034237,0.174067,2.336754,0.418904,0.844591,1.006480,1.559172,-0.195565,-0.659219,-14.353551,138.590149,2.971701,-95.145187,-181.230286,1.000000,1.000000,0.169130,-0.791413,-1.330274,,,,,,,,,
448624,,,,,,,,,,,,,,,,,,,,0.000207,0.226412,2.100025,,,,,,
448631,,,,,,,,,-0.686687,-25.444933,,,-76.787888,-169.912521,1.000000,0.980405,,,,,,,,,,,,
448634,,,,,,,,,,,,,,,,,,,,0.011006,0.239048,1.966687,,,,,,
448641,,,,,,,,,0.741622,-13.701117,,,-50.995739,-141.330750,1.000000,0.723448,,,,,,,,,,,,
448644,,,,,,,,,,,,,,,,,,,,0.021275,0.251086,1.822850,,,,,,
448651,,,,,,,,,1.675516,-13.701116,,,-20.581537,-108.024811,0.894557,0.412588,,,,,,,,,,,,
448661,,,,,,,,,2.169931,-16.310858,,,10.998947,-76.733932,0.604270,0.115620,,,,,,,,,,,,
448667,0.013280,0.253096,1.796972,0.458001,0.906190,1.004987,1.493658,-0.088731,,,264.004974,169.055481,,,,,0.536731,-0.579852,-0.791986,,,,,,,,,
448671,,,,,,,,,1.757919,-20.877895,,,34.303497,-55.306686,1.000000,1.000000,,,,,,,,,,,,
448674,,,,,,,,,,,,,,,,,,,,0.049781,0.282144,1.401720,,,,,,
448681,,,,,,,,,1.510711,-9.786511,,,49.011055,-35.644173,1.000000,1.000000,,,,,,,,,,,,
448684,,,,,,,,,,,,,,,,,,,,0.057266,0.291840,1.267989,,,,,,
448691,,,,,,,,,2.746748,-13.048681,,,73.910492,-8.209272,1.000000,1.000000,,,,,,,,,,,,
448694,,,,,,,,,,,,,,,,,,,,0.063832,0.303914,1.134547,,,,,,
448701,,,,,,,,,3.378500,-9.786510,,,99.761757,22.498053,1.000000,0.934715,,,,,,,,,,,,
448711,,,,,,,,,3.680642,-6.524342,,,123.146645,52.691540,0.924920,0.656053,,,,,,,,,,,,
448717,0.059112,0.315095,1.162194,0.495101,0.964846,1.009838,1.424108,0.031269,,,314.328552,294.462036,,,,,0.769492,-0.141933,-0.152357,,,,,,,,,
448721,,,,,,,,,3.021423,-2.609736,,,134.654541,72.106354,1.000000,1.000000,,,,,,,,,,,,
448724,,,,,,,,,,,,,,,,,,,,0.087202,0.344409,0.706489,,,,,,
448731,,,,,,,,,2.993955,-7.176775,,,145.970901,88.441978,1.000000,1.000000,,,,,,,,,,,,
448734,,,,,,,,,,,,,,,,,,,,0.095227,0.357388,0.566810,,,,,,
448741,,,,,,,,,2.114996,-1.957302,,,144.601624,94.563171,1.000000,1.000000,,,,,,,,,,,,
448744,,,,,,,,,,,,,,,,,,,,0.105443,0.371331,0.406848,,,,,,
448751,,,,,,,,,3.900382,-2.609739,,,161.419434,115.505295,1.000000,1.000000,,,,,,,,,,,,
448761,,,,,,,,,3.845447,-2.609736,,,175.025406,134.215088,1.000000,1.000000,,,,,,,,,,,,
448767,0.109623,0.380611,0.459215,0.529779,1.020693,1.021741,1.351714,0.165158,,,225.718018,288.652405,,,,,0.660341,0.387538,0.562526,,,,,,,,,
448771,,,,,,,,,3.351032,1.304871,,,179.938950,146.690231,0.145277,1.000000,,,,,,,,,,,,
448774,,,,,,,,,,,,,,,,,,,,0.136334,0.412248,-0.033216,,,,,,
448781,,,,,,,,,3.488370,3.262171,,,182.984116,160.998627,0.123372,1.000000,,,,,,,,,,,,
448784,,,,,,,,,,,,,,,,,,,,0.148169,0.425154,-0.191233,,,,,,
448791,,,,,,,,,2.884085,21.530325,,,175.199997,173.037704,0.211317,0.919102,,,,,,,,,,,,
448799,,,,,,,,,1.840321,12.396250,,,160.482285,169.009262,0.371541,0.983315,,,,0.159589,0.438064,-0.350525,,,,,,
448811,,,,,,,,,2.691813,30.011969,,,149.187897,181.411484,0.499791,0.880741,,,,,,,,,,,,
448817,0.161284,0.443090,-0.156659,0.561661,1.073882,1.041415,1.277625,0.313371,,,60.402523,164.849106,,,,,0.297058,0.685534,1.198074,,,,,,,,,
448821,,,,,,,,,2.499541,24.140064,,,139.684799,187.490356,-1.000000,-0.422609,,,,,,,,,,,,
448824,,,,,,,,,,,,,,,,,,,,0.196597,0.471523,-0.813796,,,,,,
448831,,,,,,,,,2.060061,26.749802,,,127.332550,189.337875,-0.964053,-0.445982,,,,,,,,,,,,
448834,,,,,,,,,,,,,,,,,,,,0.209015,0.480974,-0.967137,,,,,,
448841,,,,,,,,,0.878959,15.658419,,,109.315765,174.556076,-0.793668,-0.300105,,,,,,,,,,,,
448844,,,,,,,,,,,,,,,,,,,,0.221079,0.490073,-1.113889,,,,,,
448851,,,,,,,,,-0.137337,7.176776,,,87.621925,149.049637,-0.582173,-0.041881,,,,,,,,,,,,
448861,,,,,,,,,-0.659220,10.438947,,,63.378754,122.687630,-0.340337,0.230172,,,,,,,,,,,,
448867,0.213286,0.486154,-0.989838,0.590429,1.124573,1.069574,1.202937,0.475982,,,-174.606018,-79.741776,,,,,-0.326693,0.665648,2.059412,,,,,,,,,
448871,,,,,,,,,-0.521882,11.091381,,,42.980553,102.684814,-1.000000,-1.000000,,,,,,,,,,,,
448874,,,,,,,,,,,,,,,,,,,,0.253743,0.515422,-1.482803,,,,,,
448881,,,,,,,,,-0.906427,7.176775,,,24.183882,80.409012,-1.000000,-1.000000,,,,,,,,,,,,
448884,,,,,,,,,,,,,,,,,,,,0.262927,0.523363,-1.555333,,,,,,
448891,,,,,,,,,-1.757919,1.304868,,,2.922934,50.775291,-1.000000,-1.000000,,,,,,,,,,,,
448894,,,,,,,,,,,,,,,,,,,,0.271617,0.531335,-1.612886,,,,,,
448901,,,,,,,,,-2.169931,-1.957300,,,-18.777830,20.396051,-1.000000,-1.000000,,,,,,,,,,,,
448911,,,,,,,,,-2.636878,-3.914604,,,-40.304108,-10.610470,-1.000000,-1.000000,,,,,,,,,,,,
448920,0.261966,0.537544,-1.577598,0.615816,1.172916,1.106898,1.128684,0.652628,-1.345907,-0.652434,-266.345917,-218.997742,-42.624561,-18.184883,-1.000000,-1.000000,-0.637764,0.349520,2.684496,,,,,,,,,
448924,,,,,,,,,,,,,,,,,,,,0.293820,0.555260,-1.736725,,,,,,
448931,,,,,,,,,-3.213695,-1.957300,,,-71.259613,-52.329700,-1.000000,-1.000000,,,,,,,,,,,,
448935,,,,,,,,,,,,,,,,,,,,0.301144,0.567278,-1.769772,,,,,,
448941,,,,,,,,,-3.763045,-0.652430,,,-96.986771,-81.603683,-1.000000,-1.000000,,,,,,,,,,,,
448944,,,,,,,,,,,,,,,,,,,,0.308889,0.578062,-1.818597,,,,,,
448951,,,,,,,,,-3.296098,-2.609736,,,-113.188164,-102.423004,-1.000000,-1.000000,,,,,,,,,,,,
448961,,,,,,,,,-3.378500,-4.567039,,,-126.820015,-119.940384,-1.000000,-1.000000,,,,,,,,,,,,
448967,0.306744,0.588725,-1.817977,0.637610,1.219036,1.154009,1.055828,0.842412,,,-270.318176,-249.076782,,,,,-0.692107,0.166590,2.971986,,,,,,,,,
448971,,,,,,,,,-3.296098,-2.609736,,,-138.289856,-135.224045,-1.000000,-1.000000,,,,,,,,,,,,
448974,,,,,,,,,,,,,,,,,,,,0.330155,0.612549,-1.933461,,,,,,
448981,,,,,,,,,-2.444606,0.652435,,,-140.861511,-138.826477,-1.000000,-1.000000,,,,,,,,,,,,
448984,,,,,,,,,,,,,,,,,,,,0.337430,0.625790,-1.971243,,,,,,
448991,,,,,,,,,-4.147590,-0.652430,,,-159.361603,-158.193863,-1.000000,-1.000000,,,,,,,,,,,,
448994,,,,,,,,,,,,,,,,,,,,0.344485,0.638583,-2.013579,,,,,,
449001,,,,,,,,,-3.955317,0.000000,,,-173.293945,-172.311401,-1.000000,-1.000000,,,,,,,,,,,,
449011,,,,,,,,,-3.625707,-2.609739,,,-180.660263,-182.011734,-1.000000,-1.000000,,,,,,,,,,,,
449017,0.346103,0.648841,-2.008339,0.655659,1.263032,1.211441,0.985248,1.043842,,,-255.378052,-254.117661,,,,,-0.687495,0.020152,-3.063405,,,,,,,,,
449021,,,,,,,,,-3.378500,-3.262168,,,-184.135574,-186.906326,-1.000000,-1.000000,,,,,,,,,,,,
449024,,,,,,,,,,,,,,,,,,,,0.369744,0.681645,-2.144598,,,,,,
449031,,,,,,,,,-3.927849,1.957303,,,-193.594208,-196.470062,-1.000000,-1.000000,,,,,,,,,,,,
449039,,,,,,,,,-2.472073,-1.304868,,,-187.939133,-190.358871,-1.000000,-1.000000,,,,0.377901,0.696062,-2.190951,,,,,,
449044,,,,,,,,,,,,,,,,,,,,0.386833,0.711795,-2.228936,,,,,,
449051,,,,,,,,,-3.790512,0.000000,,,-195.705444,-197.741409,-1.000000,-1.000000,,,,,,,,,,,,
449061,,,,,,,,,-3.708110,-0.652435,,,-201.150925,-203.408539,-1.000000,-1.000000,,,,,,,,,,,,
449067,0.390451,0.720392,-2.213234,0.669859,1.304957,1.279606,0.917716,1.254817,,,-224.068832,-241.072113,,,,,-0.635432,-0.126537,-2.790345,,,,,,,,,
449071,,,,,,,,,-3.296097,0.000000,,,-201.920959,-203.820511,-1.000000,-0.994888,,,,,,,,,,,,
449074,,,,,,,,,,,,,,,,,,,,0.415835,0.759703,-2.370322,,,,,,
449081,,,,,,,,,-3.872915,1.957306,,,-209.103378,-209.068024,-0.995326,-0.948813,,,,,,,,,,,,
449084,,,,,,,,,,,,,,,,,,,,0.426261,0.775896,-2.421366,,,,,,
449091,,,,,,,,,-3.955317,1.304868,,,-214.057571,-212.938751,-0.947787,-0.915733,,,,,,,,,,,,
449099,,,,,,,,,-2.334735,1.957303,,,-205.701538,-203.126541,-1.000000,-1.000000,,,,0.437561,0.792368,-2.483799,,,,,,
449111,,,,,,,,,-3.680642,3.914604,,,-211.195267,-205.761414,-0.982658,-1.000000,,,,,,,,,,,,
449117,0.442079,0.799254,-2.444624,0.680166,1.344821,1.358777,0.853882,1.472697,,,-175.666611,-208.212891,,,,,-0.532761,-0.265509,-2.479784,,,,,,,,,
449121,,,,,,,,,-3.241163,0.000000,,,-209.827713,-205.255676,-0.505479,-0.679214,,,,,,,,,,,,
449124,,,,,,,,,,,,,,,,,,,,0.474282,0.843023,-2.674863,,,,,,
449131,,,,,,,,,-3.625707,1.304868,,,-213.033401,-208.097412,-0.465949,-0.650820,,,,,,,,,,,,
449134,,,,,,,,,,,,,,,,,,,,0.487676,0.859948,-2.746054,,,,,,
449141,,,,,,,,,-3.186228,-1.304871,,,-210.285233,-207.221191,-0.486507,-0.659780,,,,,,,,,,,,
449144,,,,,,,,,,,,,,,,,,,,0.501641,0.876461,-2.828086,,,,,,
449151,,,,,,,,,-2.774215,-3.262171,,,-201.982956,-203.216675,-0.564266,-0.700825,,,,,,,,,,,,
449161,,,,,,,,,-1.812854,-2.609736,,,-187.918365,-190.045502,-0.702462,-0.836170,,,,,,,,,,,,
449167,0.502862,0.874365,-2.806686,0.686584,1.382583,1.449079,0.794251,1.694541,,,-94.357269,-140.980743,,,,,-0.340556,-0.419596,-2.027420,,,,,,,,,
449171,,,,,,,,,-2.554476,-5.871904,,,-180.985306,-186.586884,0.058627,-0.189313,,,,,,,,,,,,
449174,,,,,,,,,,,,,,,,,,,,0.546413,0.923818,-3.076466,,,,,,
449181,,,,,,,,,-2.224866,-4.567038,,,-171.884567,-182.043167,-0.016875,-0.226538,,,,,,,,,,,,
449184,,,,,,,,,,,,,,,,,,,,0.562080,0.938936,3.118340,,,,,,
449191,,,,,,,,,-1.593114,-10.438947,,,-156.603607,-172.774658,-0.157236,-0.312864,,,,,,,,,,,,
449194,,,,,,,,,,,,,,,,,,,,0.578320,0.953117,3.026775,,,,,,
449201,,,,,,,,,-1.290972,-9.786512,,,-139.934402,-162.253418,-0.314812,-0.413822,,,,,,,,,,,,
449211,,,,,,,,,-1.263504,-9.134077,,,-126.453476,-152.856293,-0.443202,-0.505418,,,,,,,,,,,,
449220,0.577257,0.947092,3.026477,0.689167,1.418153,1.550506,0.739174,1.917494,-0.357077,-1.957303,12.125341,-35.474522,-109.665199,-133.514160,0.478099,0.375831,-0.057062,-0.480798,-1.475971,,,,,,,,,
449224,,,,,,,,,,,,,,,,,,,,0.626999,0.990094,2.756136,,,,,,
449231,,,,,,,,,-1.263504,-6.524341,,,-102.074059,-127.586006,0.425028,0.334971,,,,,,,,,,,,
449234,,,,,,,,,,,,,,,,,,,,0.642659,1.001383,2.662873,,,,,,
449241,,,,,,,,,-0.027467,-7.176776,,,-83.162384,-110.618103,0.254968,0.180321,,,,,,,,,,,,
449244,,,,,,,,,,,,,,,,,,,,0.658276,1.011597,2.574239,,,,,,
449251,,,,,,,,,0.302142,-7.176775,,,-64.527390,-93.074059,0.083949,0.016400,,,,,,,,,,,,
449261,,,,,,,,,0.247207,-5.871908,,,-48.847904,-78.312500,-0.060651,-0.122648,,,,,,,,,,,,
449267,0.650479,1.006465,2.587487,0.688024,1.451400,1.662960,0.688850,2.139242,,,98.857849,66.728104,,,,,0.202190,-0.398116,-0.924527,,,,,,,,,
449271,,,,,,,,,0.027467,-4.567039,,,-38.922447,-66.981216,0.734975,0.812808,,,,,,,,,,,,
449274,,,,,,,,,,,,,,,,,,,,0.701543,1.036435,2.358164,,,,,,
449281,,,,,,,,,0.549350,-1.304868,,,-26.759365,-52.001640,0.638468,0.686758,,,,,,,,,,,,
449284,,,,,,,,,,,,,,,,,,,,0.713182,1.045334,2.285571,,,,,,
449291,,,,,,,,,1.290972,-0.652435,,,-9.446287,-31.774223,0.486998,0.504184,,,,,,,,,,,,
449294,,,,,,,,,,,,,,,,,,,,0.724371,1.054099,2.217928,,,,,,
449301,,,,,,,,,1.208569,-6.524341,,,6.754562,-16.933048,0.343410,0.372505,,,,,,,,,,,,
449311,,,,,,,,,1.290972,-4.567039,,,20.385956,-3.356600,0.222791,0.250757,,,,,,,,,,,,
449317,0.713967,1.053521,2.229435,0.683305,1.482151,1.786306,0.643348,2.358465,,,141.862000,132.017166,,,,,0.357739,-0.238091,-0.443129,,,,,,,,,
449321,,,,,,,,,1.208569,-2.609737,,,30.221779,7.522079,0.576802,0.819760,,,,,,,,,,,,
449324,,,,,,,,,,,,,,,,,,,,0.755093,1.079985,2.069835,,,,,,
449331,,,,,,,,,1.290972,-3.262171,,,39.586723,18.309025,0.503608,0.734632,,,,,,,,,,,,
449339,,,,,,,,,1.236037,-1.957302,,,45.832756,26.840618,0.460353,0.670351,,,,0.764279,1.089157,2.027686,,,,,,
449344,,,,,,,,,,,,,,,,,,,,0.772417,1.098234,1.994814,,,,,,
449351,,,,,,,,,1.702984,2.609736,,,54.355431,40.009075,0.392628,0.557068,,,,,,,,,,,,
449361,,,,,,,,,1.593114,2.609737,,,60.981861,51.089012,0.342539,0.462455,,,,,,,,,,,,
449367,0.763246,1.099633,2.025089,0.675210,1.510198,1.920413,0.602646,2.574929,,,148.258301,155.909485,,,,,0.407554,-0.101060,-0.104675,,,,,,,,,
449371,,,,,,,,,1.593114,2.609737,,,66.012794,59.867126,0.372642,0.632805,,,,,,,,,,,,
449374,,,,,,,,,,,,,,,,,,,,0.793503,1.126033,1.941770,,,,,,
449381,,,,,,,,,1.510711,3.262170,,,69.156738,66.708488,0.357023,0.582232,,,,,,,,,,,,
449384,,,,,,,,,,,,,,,,,,,,0.799372,1.135885,1.938346,,,,,,
449391,,,,,,,,,1.483244,3.914604,,,71.257507,72.464806,0.351415,0.541358,,,,,,,,,,,,
449394,,,,,,,,,,,,,,,,,,,,0.804657,1.145739,1.938377,,,,,,
449401,,,,,,,,,1.208569,2.609737,,,70.846924,74.040916,0.371004,0.541970,,,,,,,,,,,,
449411,,,,,,,,,1.428309,5.219473,,,71.590546,78.634315,0.378901,0.511491,,,,,,,,,,,,
449417,0.798023,1.146966,1.967286,0.663982,1.535313,2.065163,0.566699,2.789005,,,141.705719,159.408829,,,,,0.409984,-0.026331,0.097877,,,,,,,,,
449421,,,,,,,,,1.428309,3.914606,,,72.760765,81.954659,0.315462,0.528772,,,,,,,,,,,,
449424,,,,,,,,,,,,,,,,,,,,0.816553,1.176575,2.008156,,,,,,
449431,,,,,,,,,1.400841,3.262171,,,73.200851,84.203850,0.324762,0.521321,,,,,,,,,,,,
449434,,,,,,,,,,,,,,,,,,,,0.819257,1.186904,2.044095,,,,,,
449441,,,,,,,,,1.318439,6.524342,,,72.482048,86.096313,0.345795,0.517059,,,,,,,,,,,,
449444,,,,,,,,,,,,,,,,,,,,0.821383,1.197737,2.089229,,,,,,
449451,,,,,,,,,1.318439,3.914604,,,72.421791,87.688637,0.360254,0.515480,,,,,,,,,,,,
449461,,,,,,,,,1.263504,2.609736,,,72.371094,86.850243,0.374628,0.538376,,,,,,,,,,,,
449467,0.817074,1.198229,2.089768,0.649903,1.557255,2.220372,0.535506,3.000461,,,134.365616,154.003143,,,,,0.394668,-0.032913,0.130604,,,,,,,,,
449471,,,,,,,,,1.290972,4.567039,,,71.783890,87.778450,0.319615,0.488282,,,,,,,,,,,,
449474,,,,,,,,,,,,,,,,,,,,0.823559,1.230382,2.251923,,,,,,
449481,,,,,,,,,1.263504,3.914606,,,71.289818,88.559441,0.337171,0.493560,,,,,,,,,,,,
449484,,,,,,,,,,,,,,,,,,,,0.822854,1.240997,2.318852,,,,,,
449491,,,,,,,,,1.318439,5.219473,,,70.874107,89.761108,0.354027,0.494392,,,,,,,,,,,,
449494,,,,,,,,,,,,,,,,,,,,0.821506,1.251434,2.387861,,,,,,
449501,,,,,,,,,1.428309,6.524341,,,70.524330,91.861282,0.370293,0.485819,,,,,,,,,,,,
449511,,,,,,,,,1.263504,5.219473,,,70.230026,91.994736,0.386063,0.496886,,,,,,,,,,,,
449520,0.817922,1.251188,2.384599,0.633298,1.575781,2.385602,0.509177,3.206496,1.016297,-1.957302,124.686409,139.837875,69.982399,86.117050,0.302688,0.424754,0.357115,-0.109159,0.001003,,,,,,,,,
449524,,,,,,,,,,,,,,,,,,,,0.814027,1.282488,2.615188,,,,,,
449531,,,,,,,,,1.236037,3.262171,,,69.229500,86.616997,0.321308,0.430399,,,,,,,,,,,,
449534,,,,,,,,,,,,,,,,,,,,0.810188,1.292276,2.700702,,,,,,
449541,,,,,,,,,1.208569,5.219474,,,68.596016,87.037651,0.338861,0.436752,,,,,,,,,,,,
449544,,,,,,,,,,,,,,,,,,,,0.805684,1.301296,2.788212,,,,,,
449551,,,,,,,,,1.153634,5.219473,,,66.973915,86.847046,0.366625,0.449257,,,,,,,,,,,,
449561,,,,,,,,,1.236037,3.262171,,,66.698166,86.686676,0.380980,0.461491,,,,,,,,,,,,
449567,0.802608,1.300265,2.767898,0.614523,1.590656,2.559895,0.487975,3.399604,,,104.694672,113.113892,,,,,0.281114,-0.201688,-0.208003,,,,,,,,,
449571,,,,,,,,,1.181102,3.262171,,,66.466148,86.551735,0.191028,0.200913,,,,,,,,,,,,
449579,,,,,,,,,1.016297,3.262172,,,65.181847,83.715485,0.211774,0.235155,,,,0.789398,1.325254,3.061333,,,,,,
449584,,,,,,,,,,,,,,,,,,,,0.783100,1.332235,-3.130522,,,,,,
449591,,,,,,,,,0.906427,1.957303,,,63.012146,80.784515,0.241807,0.270930,,,,,,,,,,,,
449594,,,,,,,,,,,,,,,,,,,,0.776442,1.338413,-3.039081,,,,,,
449601,,,,,,,,,0.878959,3.914604,,,59.552929,77.773857,0.285428,0.308105,,,,,,,,,,,,
449611,,,,,,,,,0.796557,4.567040,,,56.642345,75.240692,0.324144,0.341011,,,,,,,,,,,,
449617,0.775392,1.336010,-3.059961,0.593968,1.601664,2.741484,0.472318,3.566296,,,70.533867,71.312798,,,,,0.159158,-0.279563,-0.481740,,,,,,,,,
449621,,,,,,,,,0.824024,2.609737,,,54.737923,73.109283,0.004740,-0.056045,,,,,,,,,,,,
449624,,,,,,,,,,,,,,,,,,,,0.755072,1.352803,-2.788301,,,,,,
449631,,,,,,,,,0.659220,2.609737,,,50.957371,68.593201,0.046460,-0.010340,,,,,,,,,,,,
449639,,,,,,,,,0.302142,1.957302,,,45.598240,62.070656,0.105039,0.056734,,,,0.748483,1.356259,-2.714870,,,,,,
449644,,,,,,,,,,,,,,,,,,,,0.741426,1.358548,-2.646672,,,,,,
449651,,,,,,,,,0.302142,1.957302,,,40.544525,56.038044,0.161574,0.120115,,,,,,,,,,,,
449661,,,,,,,,,0.329610,2.609737,,,36.292332,51.506748,0.210944,0.169389,,,,,,,,,,,,
449667,0.742913,1.356425,-2.670435,0.572049,1.608623,2.927643,0.462714,3.688153,,,34.765045,31.268227,,,,,0.037770,-0.302278,-0.685108,,,,,,,,,
449671,,,,,,,,,0.439480,2.609737,,,33.803623,48.238659,-0.121665,-0.201770,,,,,,,,,,,,
449674,,,,,,,,,,,,,,,,,,,,0.722337,1.361474,-2.502763,,,,,,
449681,,,,,,,,,0.164805,1.304868,,,29.531450,43.310719,-0.077896,-0.154899,,,,,,,,,,,,
449684,,,,,,,,,,,,,,,,,,,,0.717129,1.360933,-2.467388,,,,,,
449691,,,,,,,,,0.027467,0.652434,,,24.847759,36.986176,-0.029076,-0.092797,,,,,,,,,,,,
449699,,,,,,,,,-0.000000,0.000000,,,20.906900,31.120163,0.013104,-0.034107,,,,0.712449,1.360020,-2.440546,,,,,,
449711,,,,,,,,,-0.000000,0.000000,,,17.591063,26.184502,0.049697,0.016266,,,,,,,,,,,,
449717,0.715006,1.359718,-2.459838,0.549198,1.611382,3.114826,0.459658,3.746228,,,15.184287,11.657779,,,,,-0.029843,-0.299894,-0.708521,,,,,,,,,
449721,,,,,,,,,-0.000000,0.000000,,,14.801118,22.031635,-0.118134,-0.140385,,,,,,,,,,,,
449724,,,,,,,,,,,,,,,,,,,,0.703599,1.357460,-2.410467,,,,,,
449731,,,,,,,,,0.054935,0.000000,,,12.998201,19.081959,-0.099668,-0.112373,,,,,,,,,,,,
449734,,,,,,,,,,,,,,,,,,,,0.702001,1.357017,-2.413243,,,,,,
449741,,,,,,,,,-0.000000,0.000000,,,10.936685,16.055557,-0.078203,-0.082988,,,,,,,,,,,,
449744,,,,,,,,,,,,,,,,,,,,0.701251,1.356902,-2.407373,,,,,,
449751,,,,,,,,,-0.027467,-0.652434,,,9.202125,12.964601,-0.059661,-0.052340,,,,,,,,,,,,
449761,,,,,,,,,-0.000000,0.000000,,,7.742666,10.908413,-0.043578,-0.031628,,,,,,,,,,,,
449767,0.702405,1.357138,-2.411776,0.525867,1.609836,-2.984052,0.463490,3.727845,,,14.328014,13.616279,,,,,-0.036908,-0.306038,-0.572276,,,,,,,,,
449771,,,,,,,,,-0.000000,0.000000,,,6.514678,9.178337,-0.038298,0.006145,,,,,,,,,,,,
449774,,,,,,,,,,,,,,,,,,,,0.701880,1.356640,-2.422293,,,,,,
449781,,,,,,,,,-0.000000,0.000000,,,5.481450,7.722651,-0.026197,0.021881,,,,,,,,,,,,
449784,,,,,,,,,,,,,,,,,,,,0.702735,1.357597,-2.417004,,,,,,
449791,,,,,,,,,-0.000000,0.000000,,,4.612091,6.497838,-0.015560,0.035552,,,,,,,,,,,,
449794,,,,,,,,,,,,,,,,,,,,0.703500,1.358146,-2.413887,,,,,,
449801,,,,,,,,,-0.000000,0.000000,,,3.880613,5.467280,-0.006156,0.047488,,,,,,,,,,,,
449811,,,,,,,,,-0.000000,0.000000,,,3.265147,4.600169,0.002212,0.057962,,,,,,,,,,,,
449817,0.703408,1.358062,-2.413710,0.502509,1.603930,-2.806232,0.474284,3.632220,,,22.113771,25.020966,,,,,-0.013586,-0.317218,-0.392522,,,,,,,,,
449821,,,,,,,,,0.027467,0.652434,,,2.747294,3.870581,0.089121,0.183535,,,,,,,,,,,,
449825,,,,,,,,,,,,,,,,,,,,0.706354,1.360589,-2.405610,,,,,,
449831,,,,,,,,,0.054935,1.304868,,,2.311573,4.890336,0.097439,0.177364,,,,,,,,,,,,
449839,,,,,,,,,0.082402,1.957303,,,1.944957,5.203815,0.105139,0.178192,,,,0.707323,1.361651,-2.402615,,,,,,
449844,,,,,,,,,,,,,,,,,,,,0.708101,1.362270,-2.399570,,,,,,
449851,,,,,,,,,0.054935,1.304868,,,1.636487,6.012118,0.112319,0.173911,,,,,,,,,,,,
449861,,,,,,,,,0.054935,0.000000,,,1.921483,5.603139,0.113507,0.181884,,,,,,,,,,,,
449867,0.707535,1.361764,-2.400757,0.479576,1.593657,-2.637695,0.491799,3.471181,,,30.205534,36.136410,,,,,0.011706,-0.324966,-0.236938,,,,,,,,,
449871,,,,,,,,,0.082402,1.957303,,,1.616735,6.348110,0.203190,0.291547,,,,,,,,,,,,
449879,,,,,,,,,0.137337,0.652434,,,2.449407,6.974929,0.200415,0.291111,,,,0.706784,1.361120,-2.387732,,,,,,
449884,,,,,,,,,,,,,,,,,,,,0.706158,1.360627,-2.381794,,,,,,
449891,,,,,,,,,0.192272,1.957303,,,3.150017,8.591420,0.198820,0.280455,,,,,,,,,,,,
449894,,,,,,,,,,,,,,,,,,,,0.705517,1.360020,-2.366854,,,,,,
449901,,,,,,,,,0.219740,2.609737,,,3.739511,9.951536,0.198218,0.272091,,,,,,,,,,,,
449911,,,,,,,,,0.219740,2.609737,,,4.235510,12.185023,0.198452,0.254546,,,,,,,,,,,,
449917,0.705043,1.359505,-2.358748,0.457509,1.579062,-2.480195,0.515511,3.264480,,,33.853283,41.713421,,,,,0.020627,-0.330231,-0.121447,,,,,,,,,
449921,,,,,,,,,0.247207,1.957303,,,5.197388,13.519736,0.231042,0.302608,,,,,,,,,,,,
449924,,,,,,,,,,,,,,,,,,,,0.701175,1.356218,-2.318789,,,,,,
449931,,,,,,,,,0.302142,1.957302,,,6.006711,15.187306,0.228518,0.291237,,,,,,,,,,,,
449939,,,,,,,,,0.329610,2.609737,,,7.776762,17.134943,0.216033,0.276677,,,,0.699338,1.354453,-2.300622,,,,,,
449944,,,,,,,,,,,,,,,,,,,,0.697439,1.352441,-2.276300,,,,,,
449951,,,,,,,,,0.384545,2.609737,,,8.721539,19.318228,0.211611,0.259323,,,,,,,,,,,,
449961,,,,,,,,,0.357077,3.262171,,,10.061018,21.155243,0.202975,0.245064,,,,,,,,,,,,
449967,0.697097,1.351900,-2.269532,0.436727,1.560239,-2.334527,0.544706,3.032976,,,32.216427,40.209694,,,,,0.007967,-0.333368,-0.064995,,,,,,,,,
449971,,,,,,,,,0.412012,1.957303,,,11.732598,22.700907,0.173987,0.218072,,,,,,,,,,,,
449974,,,,,,,,,,,,,,,,,,,,0.690236,1.344525,-2.202468,,,,,,
449981,,,,,,,,,0.439480,2.609737,,,12.594522,24.545971,0.169292,0.202754,,,,0.687676,1.341399,-2.177558,,,,,,
449991,,,,,,,,,0.412012,3.262171,,,13.864288,26.098408,0.160265,0.190052,,,,0.685091,1.337932,-2.152469,,,,,,
450001,,,,,,,,,0.466947,1.957303,,,14.932670,27.404629,0.153038,0.179551,,,,,,,,,,,,
450004,,,,,,,,,,,,,,,,,,,,0.682621,1.334479,-2.127239,,,,,,
450011,,,,,,,,,0.439480,2.609737,,,16.376148,28.503683,0.141771,0.170902,,,,,,,,,,,,
450014,,,,,,,,,,,,,,,,,,,,0.680172,1.330653,-2.105021,,,,,,
450017,0.680505,1.330947,-2.107878,0.417616,1.537327,-2.200798,0.578579,2.793474,,,21.334332,26.589409,,,,,-0.042821,-0.331466,-0.092920,,,,,,,,,
450021,,,,,,,,,0.412012,1.957303,,,17.046148,28.883884,0.027108,0.030438,,,,,,,,,,,,
450024,,,,,,,,,,,,,,,,,,,,0.677687,1.326761,-2.079397,,,,,,
450031,,,,,,,,,0.384545,2.609737,,,17.065342,28.659243,0.027770,0.032270,,,,,,,,,,,,
450034,,,,,,,,,,,,,,,,,,,,0.675387,1.322894,-2.056850,,,,,,
450041,,,,,,,,,0.274675,1.304868,,,16.536949,27.925686,0.034013,0.039339,,,,,,,,,,,,
450044,,,,,,,,,,,,,,,,,,,,0.673073,1.318919,-2.034181,,,,,,
450051,,,,,,,,,0.329610,2.609737,,,16.092360,27.308470,0.039508,0.045367,,,,,,,,,,,,
450061,,,,,,,,,0.247207,0.652434,,,15.718282,26.244602,0.044372,0.056075,,,,,,,,,,,,
450067,0.673183,1.319027,-2.037629,0.400524,1.510504,-2.078718,0.616316,2.556743,,,22.189299,27.630138,,,,,-0.048276,-0.329661,-0.041090,,,,,,,,,
450071,,,,,,,,,0.247207,1.957303,,,14.858990,25.349464,0.062980,0.075889,,,,,,,,,,,,
450075,,,,,,,,,,,,,,,,,,,,0.666464,1.305964,-1.983437,,,,,,
450081,,,,,,,,,0.274675,1.304868,,,14.680525,24.051752,0.066267,0.089582,,,,,,,,,,,,
450084,,,,,,,,,,,,,,,,,,,,0.664492,1.301356,-1.968542,,,,,,
450091,,,,,,,,,0.247207,0.652434,,,14.530364,23.504400,0.069300,0.095881,,,,,,,,,,,,
450094,,,,,,,,,,,,,,,,,,,,0.663115,1.298056,-1.960925,,,,,,
450101,,,,,,,,,0.274675,1.304868,,,13.859476,23.043858,0.077675,0.101404,,,,,,,,,,,,
450111,,,,,,,,,0.274675,1.304868,,,14.384077,22.656359,0.073990,0.106273,,,,,,,,,,,,
450120,0.663476,1.298770,-1.961887,0.385744,1.479985,-1.967845,0.657142,2.327987,0.302142,1.957302,21.106918,26.349751,14.280933,22.874859,0.065563,0.091979,-0.061662,-0.325841,-0.005958,,,,,,,,,
450124,,,,,,,,,,,,,,,,,,,,0.661114,1.293168,-1.919918,,,,,,
450131,,,,,,,,,0.274675,1.304868,,,14.194148,22.514162,0.067813,0.096354,,,,,,,,,,,,
450134,,,,,,,,,,,,,,,,,,,,0.660539,1.291267,-1.909881,,,,,,
450141,,,,,,,,,0.219740,1.304868,,,13.576584,21.666128,0.075495,0.105771,,,,,,,,,,,,
450144,,,,,,,,,,,,,,,,,,,,0.659882,1.289922,-1.893411,,,,,,
450151,,,,,,,,,0.247207,1.957303,,,13.056966,21.497137,0.082301,0.108431,,,,,,,,,,,,
450161,,,,,,,,,0.274675,1.304868,,,13.164302,21.354948,0.082816,0.110852,,,,,,,,,,,,
450167,0.659779,1.289585,-1.893682,0.373509,1.446003,-1.867738,0.700329,2.108443,,,25.012896,30.155209,,,,,-0.057500,-0.321109,0.025944,,,,,,,,,
450171,,,,,,,,,0.274675,1.304868,,,13.254615,21.235310,0.123325,0.151887,,,,,,,,,,,,
450174,,,,,,,,,,,,,,,,,,,,0.658072,1.285656,-1.842647,,,,,,
450181,,,,,,,,,0.274675,1.304868,,,13.330604,21.134645,0.124901,0.154698,,,,,,,,,,,,
450184,,,,,,,,,,,,,,,,,,,,0.657530,1.284050,-1.828760,,,,,,
450191,,,,,,,,,0.219740,2.609737,,,12.305454,21.049948,0.137694,0.157366,,,,,,,,,,,,
450194,,,,,,,,,,,,,,,,,,,,0.656876,1.281810,-1.811152,,,,,,
450201,,,,,,,,,0.247207,1.957303,,,11.987437,20.434139,0.143479,0.165468,,,,,,,,,,,,
450211,,,,,,,,,0.274675,1.304868,,,12.264400,20.460541,0.143259,0.167143,,,,,,,,,,,,
450217,0.656791,1.281358,-1.812603,0.363982,1.408815,-1.778041,0.745181,1.897032,,,29.360392,33.562397,,,,,-0.053634,-0.314811,0.034562,,,,,,,,,
450221,,,,,,,,,0.219740,1.304868,,,11.952894,20.482756,0.193331,0.203608,,,,,,,,,,,,
450225,,,,,,,,,,,,,,,,,,,,0.654843,1.274350,-1.761369,,,,,,
450231,,,,,,,,,0.329610,1.304868,,,12.779880,21.045990,0.188377,0.200479,,,,,,,,,,,,
450239,,,,,,,,,0.302142,1.957302,,,12.931162,21.519896,0.190150,0.198149,,,,0.654187,1.271657,-1.747006,,,,,,
450244,,,,,,,,,,,,,,,,,,,,0.653538,1.268798,-1.728882,,,,,,
450251,,,,,,,,,0.329610,1.304868,,,13.602994,21.918640,0.186583,0.196490,,,,,,,,,,,,
450254,,,,,,,,,,,,,,,,,,,,0.652879,1.265727,-1.714296,,,,,,
450261,,,,,,,,,0.384545,1.304868,,,14.168273,22.798687,0.183969,0.189842,,,,,,,,,,,,
450264,,,,,,,,,,,,,,,,,,,,0.652275,1.262476,-1.699595,,,,,,
450267,0.652325,1.262481,-1.703604,0.357247,1.368682,-1.698514,0.791012,1.691632,,,30.070946,31.571140,,,,,-0.066192,-0.306542,0.005090,,,,,,,,,
450271,,,,,,,,,0.357077,1.957303,,,15.188442,23.539158,0.183849,0.164132,,,,,,,,,,,,
450275,,,,,,,,,,,,,,,,,,,,0.651718,1.259008,-1.688447,,,,,,
450281,,,,,,,,,0.384545,1.304868,,,16.046812,24.162189,0.178071,0.159383,,,,,,,,,,,,
450284,,,,,,,,,,,,,,,,,,,,0.651170,1.255477,-1.673655,,,,,,
450291,,,,,,,,,0.357077,0.652434,,,16.769045,24.141865,0.173509,0.161072,,,,,,,,,,,,
450299,,,,,,,,,0.412012,0.652434,,,17.921274,24.669308,0.164416,0.157178,,,,0.650669,1.251615,-1.662314,,,,,,
450311,,,,,,,,,0.412012,0.652434,,,18.890760,25.113098,0.156957,0.154032,,,,,,,,,,,,
450317,0.650608,1.250810,-1.663042,0.353305,1.325872,-1.629027,0.837115,1.489899,,,38.154938,39.785721,,,,,-0.047357,-0.302953,0.034015,,,,,,,,,
450321,,,,,,,,,0.412012,0.652434,,,19.161943,25.486504,0.238884,0.235303,,,,,,,,,,,,
450325,,,,,,,,,,,,,,,,,,,,0.649514,1.239873,-1.643617,,,,,,
450331,,,,,,,,,0.412012,0.652434,,,20.479202,25.800686,0.229247,0.234959,,,,,,,,,,,,
450334,,,,,,,,,,,,,,,,,,,,0.649099,1.235725,-1.632353,,,,,,
450341,,,,,,,,,0.521882,0.652434,,,18.864828,23.342323,0.249248,0.262831,,,,,,,,,,,,
450344,,,,,,,,,,,,,,,,,,,,0.648813,1.231517,-1.628504,,,,,,
450351,,,,,,,,,0.466947,0.652434,,,23.496468,28.352919,0.205864,0.215011,,,,,,,,,,,,
450361,,,,,,,,,0.494415,1.304868,,,24.126270,29.301575,0.202371,0.207622,,,,,,,,,,,,
450367,0.648835,1.231066,-1.625928,0.352065,1.280643,-1.569551,0.882742,1.289678,,,44.964252,46.556961,,,,,-0.033149,-0.299051,0.056377,,,,,,,,,
450371,,,,,,,,,0.521882,0.652434,,,25.200729,29.555229,0.263673,0.276198,,,,,,,,,,,,
450374,,,,,,,,,,,,,,,,,,,,0.647815,1.217432,-1.617049,,,,,,
450381,,,,,,,,,0.549350,0.000000,,,26.649323,30.857740,0.252850,0.266313,,,,,,,,,,,,
450384,,,,,,,,,,,,,,,,,,,,0.647506,1.212210,-1.609385,,,,,,
450391,,,,,,,,,0.576817,0.652434,,,27.868168,31.953674,0.244081,0.258274,,,,,,,,,,,,
450394,,,,,,,,,,,,,,,,,,,,0.647186,1.206628,-1.605588,,,,,,
450401,,,,,,,,,0.631752,0.652435,,,29.438248,32.875793,0.231485,0.251789,,,,,,,,,,,,
450411,,,,,,,,,0.576817,0.652434,,,30.214769,34.196205,0.226670,0.241057,,,,,,,,,,,,
450417,0.647228,1.206260,-1.604559,0.353344,1.233244,-1.520141,0.927093,1.089154,,,51.920525,53.964054,,,,,-0.017048,-0.294628,0.084418,,,,,,,,,
450421,,,,,,,,,0.604285,0.000000,,,31.412678,34.762657,0.288355,0.313304,,,,,,,,,,,,
450425,,,,,,,,,,,,,,,,,,,,0.646382,1.189221,-1.582369,,,,,,
450431,,,,,,,,,0.659220,1.304869,,,32.420597,36.328358,0.282176,0.301174,,,,,,,,,,,,
450434,,,,,,,,,,,,,,,,,,,,0.646157,1.182908,-1.574463,,,,,,
450441,,,,,,,,,0.714155,0.000000,,,33.813206,37.645737,0.271871,0.291264,,,,,,,,,,,,
450444,,,,,,,,,,,,,,,,,,,,0.645894,1.176423,-1.566981,,,,,,
450451,,,,,,,,,0.686687,1.957303,,,34.984947,39.298721,0.263541,0.277667,,,,,,,,,,,,
450461,,,,,,,,,0.741622,0.652433,,,36.515392,40.689545,0.251317,0.266414,,,,,,,,,,,,
450467,0.645952,1.175816,-1.567399,0.356865,1.183912,-1.480918,0.969324,0.886839,,,57.249481,58.356564,,,,,-0.009078,-0.289058,0.086481,,,,,,,,,
450471,,,,,,,,,0.741622,1.957302,,,37.258564,42.404324,0.301173,0.296381,,,,,,,,,,,,
450478,,,,,,,,,,,,,,,,,,,,0.645872,1.155407,-1.539853,,,,,,
450481,,,,,,,,,0.796557,-0.652434,,,38.972954,43.302597,0.287685,0.290409,,,,,,,,,,,,
450484,,,,,,,,,,,,,,,,,,,,0.645863,1.148120,-1.532158,,,,,,
450491,,,,,,,,,0.796557,1.957302,,,40.415443,45.147491,0.276627,0.274602,,,,,,,,,,,,
450494,,,,,,,,,,,,,,,,,,,,0.645890,1.140899,-1.524418,,,,,,
450501,,,,,,,,,0.851492,0.652435,,,41.629154,46.155243,0.267614,0.266965,,,,,,,,,,,,
450511,,,,,,,,,0.741622,0.652433,,,42.650368,47.003162,0.260321,0.260757,,,,,,,,,,,,
450517,0.645959,1.140718,-1.525290,0.362258,1.132866,-1.452062,1.008565,0.681482,,,61.837852,61.047325,,,,,-0.005062,-0.283765,0.073228,,,,,,,,,
450521,,,,,,,,,0.851492,0.652435,,,44.054161,48.261147,0.295724,0.277642,,,,,,,,,,,,
450524,,,,,,,,,,,,,,,,,,,,0.646617,1.116826,-1.505369,,,,,,
450531,,,,,,,,,0.878959,0.000000,,,45.235313,49.319614,0.287233,0.269402,,,,,,,,,,,,
450538,,,,,,,,,,,,,,,,,,,,0.647093,1.108637,-1.497829,,,,,,
450541,,,,,,,,,0.796557,0.652434,,,46.229134,49.665665,0.280416,0.268218,,,,,,,,,,,,
450544,,,,,,,,,,,,,,,,,,,,0.647429,1.100621,-1.494024,,,,,,
450551,,,,,,,,,0.906427,0.652435,,,47.609879,51.045918,0.269454,0.256416,,,,,,,,,,,,
450561,,,,,,,,,0.878959,0.000000,,,48.771637,51.662720,0.260450,0.252125,,,,,,,,,,,,
450567,0.647482,1.100302,-1.496650,0.369063,1.080318,-1.433810,1.043957,0.471959,,,66.211494,63.634102,,,,,-0.000696,-0.279135,0.062840,,,,,,,,,
450571,,,,,,,,,0.878959,0.000000,,,49.749142,52.181698,0.297704,0.275093,,,,,,,,,,,,
450574,,,,,,,,,,,,,,,,,,,,0.649105,1.074306,-1.486490,,,,,,
450581,,,,,,,,,0.933894,-1.304869,,,51.116158,52.618366,0.287053,0.272930,,,,,,,,,,,,
450584,,,,,,,,,,,,,,,,,,,,0.649712,1.065604,-1.486469,,,,,,
450591,,,,,,,,,0.906427,0.652435,,,52.266361,53.530323,0.278340,0.265831,,,,,,,,,,,,
450594,,,,,,,,,,,,,,,,,,,,0.650373,1.057037,-1.486444,,,,,,
450601,,,,,,,,,0.961362,0.652434,,,52.689602,54.297642,0.276812,0.260025,,,,,,,,,,,,
450611,,,,,,,,,0.906427,-0.652435,,,54.134804,54.943264,0.264775,0.255307,,,,,,,,,,,,
450617,0.650363,1.056871,-1.490037,0.376740,1.026470,-1.426449,1.074699,0.257184,,,71.183159,67.511261,,,,,0.008229,-0.275183,0.063588,,,,,,,,,
450621,,,,,,,,,0.878959,0.000000,,,54.261707,54.941948,0.316607,0.296606,,,,,,,,,,,,
450624,,,,,,,,,,,,,,,,,,,,0.652288,1.030017,-1.490209,,,,,,
450631,,,,,,,,,0.988829,0.000000,,,55.457573,55.485382,0.307793,0.293577,,,,,,,,,,,,
450634,,,,,,,,,,,,,,,,,,,,0.652962,1.020083,-1.494000,,,,,,
450641,,,,,,,,,0.961362,-0.652434,,,56.463772,56.487171,0.300675,0.285763,,,,,,,,,,,,
450644,,,,,,,,,,,,,,,,,,,,0.653657,1.010678,-1.497829,,,,,,
450651,,,,,,,,,0.988829,0.000000,,,57.310387,56.785534,0.294984,0.284925,,,,,,,,,,,,
450661,,,,,,,,,0.988829,-1.304868,,,58.022728,57.581120,0.290492,0.278955,,,,,,,,,,,,
450667,0.653599,1.010411,-1.502648,0.384672,0.971520,-1.430325,1.100102,0.036078,,,76.439835,72.237999,,,,,0.020488,-0.270951,0.072323,,,,,,,,,
450671,,,,,,,,,0.961362,-0.652434,,,59.166637,57.705982,0.335075,0.327880,,,,,,,,,,,,
450674,,,,,,,,,,,,,,,,,,,,0.655133,0.981571,-1.509125,,,,,,
450681,,,,,,,,,1.016297,0.652434,,,59.584579,58.900127,0.334266,0.318606,,,,,,,,,,,,
450684,,,,,,,,,,,,,,,,,,,,0.655701,0.971122,-1.512989,,,,,,
450691,,,,,,,,,1.016297,-0.652434,,,60.480778,59.360336,0.328496,0.316580,,,,,,,,,,,,
450694,,,,,,,,,,,,,,,,,,,,0.656369,0.960796,-1.516807,,,,,,
450701,,,,,,,,,1.098699,-1.304869,,,61.779381,60.292099,0.318442,0.309651,,,,,,,,,,,,
450711,,,,,,,,,1.098699,0.000000,,,62.872028,61.620628,0.310229,0.298490,,,,,,,,,,,,
450720,0.656445,0.960360,-1.515621,0.392182,0.915681,-1.445830,1.119646,-0.192413,0.824024,1.304869,81.004341,75.507034,61.068665,60.560280,0.377895,0.344773,0.030038,-0.266325,0.069791,,,,,,,,,
450724,,,,,,,,,,,,,,,,,,,,0.657847,0.930410,-1.532062,,,,,,
450731,,,,,,,,,1.098699,-1.304869,,,62.274029,61.301731,0.369588,0.340199,,,,,,,,,,,,
450734,,,,,,,,,,,,,,,,,,,,0.658189,0.919492,-1.539782,,,,,,
450741,,,,,,,,,1.126167,-0.652435,,,63.832767,62.470131,0.357435,0.331123,,,,,,,,,,,,
450744,,,,,,,,,,,,,,,,,,,,0.658493,0.908411,-1.547539,,,,,,
450751,,,,,,,,,1.126167,0.652435,,,65.144287,63.453224,0.347491,0.323703,,,,,,,,,,,,
450761,,,,,,,,,1.126167,-1.957302,,,66.792343,64.280396,0.333853,0.317676,,,,,,,,,,,,
450767,0.658375,0.908045,-1.553068,0.398547,0.859182,-1.473397,1.133038,-0.429227,,,85.980042,80.090714,,,,,0.044249,-0.260654,0.079671,,,,,,,,,
450771,,,,,,,,,1.181102,-0.652433,,,68.179016,65.520927,0.373304,0.354022,,,,,,,,,,,,
450779,,,,,,,,,1.153634,0.000000,,,68.256676,66.564705,0.376072,0.346289,,,,0.658755,0.874461,-1.566946,,,,,,
450784,,,,,,,,,,,,,,,,,,,,0.658886,0.862513,-1.578302,,,,,,
450791,,,,,,,,,1.236036,-0.652434,,,69.955650,67.442940,0.362287,0.340036,,,,,,,,,,,,
450794,,,,,,,,,,,,,,,,,,,,0.658829,0.851125,-1.586152,,,,,,
450801,,,,,,,,,1.181102,-0.652433,,,71.385170,68.726433,0.350911,0.329474,,,,,,,,,,,,
450811,,,,,,,,,1.236037,-1.957302,,,72.587967,69.261818,0.341561,0.326286,,,,,,,,,,,,
450817,0.658656,0.850717,-1.591581,0.403017,0.802292,-1.513483,1.140252,-0.675012,,,89.709450,82.609390,,,,,0.053728,-0.254577,0.078097,,,,,,,,,
450821,,,,,,,,,1.263504,0.000000,,,74.144547,70.256836,0.366402,0.343993,,,,,,,,,,,,
450825,,,,,,,,,,,,,,,,,,,,0.658136,0.815408,-1.620994,,,,,,
450831,,,,,,,,,1.236036,-0.652434,,,74.909706,71.094040,0.361711,0.337924,,,,,,,,,,,,
450839,,,,,,,,,1.071232,-0.652434,,,73.919884,70.709381,0.374767,0.344151,,,,0.657442,0.803046,-1.628585,,,,,,
450844,,,,,,,,,,,,,,,,,,,,0.656774,0.790600,-1.643669,,,,,,
450851,,,,,,,,,1.345907,-1.957305,,,75.809761,72.019356,0.358648,0.333169,,,,,,,,,,,,
450861,,,,,,,,,1.236036,0.652434,,,76.310814,72.577026,0.356317,0.329599,,,,,,,,,,,,
450867,0.656875,0.790459,-1.636565,0.404835,0.745330,-1.566530,1.141563,-0.929909,,,92.900040,84.092888,,,,,0.061595,-0.248529,0.070035,,,,,,,,,
450871,,,,,,,,,1.263504,-2.609736,,,77.821487,73.046249,0.376132,0.341951,,,,,,,,,,,,
450874,,,,,,,,,,,,,,,,,,,,0.653423,0.752484,-1.677361,,,,,,
450881,,,,,,,,,1.126167,0.652435,,,76.369850,72.896515,0.393954,0.345688,,,,,,,,,,,,
450884,,,,,,,,,,,,,,,,,,,,0.652321,0.739904,-1.688550,,,,,,
450891,,,,,,,,,1.400841,-1.957302,,,78.415703,73.859612,0.376393,0.338103,,,,,,,,,,,,
450894,,,,,,,,,,,,,,,,,,,,0.651059,0.726858,-1.703452,,,,,,
450901,,,,,,,,,1.290972,-0.652435,,,79.592545,74.669960,0.367286,0.331884,,,,,,,,,,,,
450911,,,,,,,,,1.373374,-2.609737,,,81.127281,75.351784,0.354293,0.326814,,,,,,,,,,,,
450917,0.650823,0.726479,-1.708780,0.403262,0.688679,-1.632924,1.137555,-1.193272,,,95.727882,86.271568,,,,,0.071492,-0.240009,0.075856,,,,,,,,,
450921,,,,,,,,,1.290972,-0.652435,,,81.874062,75.925476,0.377874,0.344933,,,,,,,,,,,,
450924,,,,,,,,,,,,,,,,,,,,0.646311,0.687019,-1.750728,,,,,,
450931,,,,,,,,,1.373374,-2.609737,,,83.046951,76.408180,0.368682,0.342079,,,,,,,,,,,,
450934,,,,,,,,,,,,,,,,,,,,0.643907,0.673557,-1.768514,,,,,,
450950,,,,,,,,,0.549350,0.000000,,,68.362434,63.204319,0.525190,0.482256,,,,0.641222,0.659999,-1.786364,,,,,,
450961,,,,,,,,,1.455776,-0.652433,,,72.222809,66.793686,0.491288,0.450258,,,,,,,,,,,,
450967,0.641068,0.659545,-1.782586,0.397604,0.632809,-1.712939,1.129094,-1.463420,,,97.655128,86.630417,,,,,0.077317,-0.232404,0.069647,,,,,,,,,
450971,,,,,,,,,1.565646,-3.262170,,,77.104553,70.358322,0.465853,0.421455,,,,,,,,,,,,
450974,,,,,,,,,,,,,,,,,,,,0.632950,0.621474,-1.842798,,,,,,
450981,,,,,,,,,1.593114,-1.304868,,,81.756599,74.446693,0.422512,0.383008,,,,,,,,,,,,
450984,,,,,,,,,,,,,,,,,,,,0.629521,0.607830,-1.860109,,,,,,
450991,,,,,,,,,1.593114,-3.914604,,,85.670830,77.342102,0.385766,0.355911,,,,,,,,,,,,
450994,,,,,,,,,,,,,,,,,,,,0.625806,0.593199,-1.877288,,,,,,
451001,,,,,,,,,1.400841,-0.652435,,,86.786095,78.689217,0.376788,0.344028,,,,,,,,,,,,
451004,,,,,,,,,,,,,,,,,,,,0.621817,0.578892,-1.897783,,,,,,
451011,,,,,,,,,1.483244,-2.609737,,,88.269020,79.822678,0.363836,0.334055,,,,,,,,,,,,
451020,0.621738,0.579672,-1.899050,0.387244,0.578284,-1.806681,1.117275,-1.737533,0.604285,6.524341,96.388985,85.938126,78.081345,75.875481,0.456712,0.368617,0.076912,-0.221527,0.092369,0.617215,0.564768,-1.921381,,,,,,
451024,,,,,,,,,,,,,,,,,,,,0.612487,0.550651,-1.941580,,,,,,
451031,,,,,,,,,1.785386,-1.957303,,,84.212105,80.722458,0.397840,0.321190,,,,,,,,,,,,
451034,,,,,,,,,,,,,,,,,,,,0.607618,0.537158,-1.961647,,,,,,
451041,,,,,,,,,1.538179,-3.914605,,,87.192352,81.533447,0.369877,0.313961,,,,,,,,,,,,
451044,,,,,,,,,,,,,,,,,,,,0.602375,0.523453,-1.984940,,,,,,
451051,,,,,,,,,1.483244,-2.609737,,,88.610840,82.215813,0.357248,0.307882,,,,,,,,,,,,
451061,,,,,,,,,1.263504,-1.304869,,,88.170731,80.611778,0.363293,0.324988,,,,,,,,,,,,
451067,0.602121,0.523214,-1.983200,0.371670,0.525775,-1.914057,1.103324,-2.011831,,,100.693626,87.529060,,,,,0.090021,-0.212156,0.069143,,,,,,,,,
451071,,,,,,,,,1.400841,-1.957302,,,89.434052,80.895775,0.395958,0.339384,,,,,,,,,,,,
451074,,,,,,,,,,,,,,,,,,,,0.584778,0.481748,-2.063310,,,,,,
451081,,,,,,,,,1.483244,-5.219474,,,91.041550,81.134735,0.381813,0.338273,,,,,,,,,,,,
451084,,,,,,,,,,,,,,,,,,,,0.578354,0.468271,-2.092130,,,,,,
451091,,,,,,,,,1.428309,-1.304868,,,92.394104,81.880333,0.369947,0.331947,,,,,,,,,,,,
451094,,,,,,,,,,,,,,,,,,,,0.571351,0.454769,-2.120902,,,,,,
451101,,,,,,,,,1.538179,-3.914605,,,94.076683,82.507683,0.354445,0.326678,,,,,,,,,,,,
451111,,,,,,,,,1.483244,-2.609737,,,94.947861,83.035530,0.346882,0.322298,,,,,,,,,,,,
451117,0.571070,0.454986,-2.120276,0.350514,0.476067,-2.034784,1.088478,-2.282232,,,101.612633,88.629013,,,,,0.097207,-0.199099,0.085493,,,,,,,,,
451121,,,,,,,,,1.455776,-0.652433,,,95.136330,83.479668,0.355483,0.329886,,,,,,,,,,,,
451124,,,,,,,,,,,,,,,,,,,,0.549121,0.417211,-2.208742,,,,,,
451131,,,,,,,,,1.483244,-2.609737,,,95.839447,83.853363,0.349607,0.327104,,,,,,,,,,,,
451139,,,,,,,,,1.236037,-3.262171,,,94.252876,81.989616,0.366944,0.347069,,,,0.540925,0.405112,-2.236509,,,,,,
451144,,,,,,,,,,,,,,,,,,,,0.532027,0.393061,-2.267183,,,,,,
451151,,,,,,,,,1.483244,-1.304866,,,94.551567,82.055092,0.365370,0.347729,,,,,,,,,,,,
451161,,,,,,,,,1.455776,-4.567039,,,95.347427,82.654724,0.358664,0.342928,,,,,,,,,,,,
451167,0.531573,0.393421,-2.273985,0.323581,0.430061,-2.168463,1.073857,-2.545466,,,102.927803,90.492088,,,,,0.106550,-0.182346,0.105522,,,,,,,,,
451171,,,,,,,,,1.428309,-1.304868,,,95.472519,83.159256,0.372056,0.357980,,,,,,,,,,,,
451174,,,,,,,,,,,,,,,,,,,,0.503889,0.358094,-2.339905,,,,,,
451181,,,,,,,,,1.345907,-1.957305,,,93.399605,81.950134,0.394691,0.371780,,,,,,,,,,,,
451184,,,,,,,,,,,,,,,,,,,,0.494073,0.347060,-2.363875,,,,,,
451191,,,,,,,,,1.400841,-1.957302,,,94.378166,82.566414,0.386615,0.367202,,,,,,,,,,,,
451194,,,,,,,,,,,,,,,,,,,,0.483750,0.336042,-2.387752,,,,,,
451201,,,,,,,,,1.565646,-1.957302,,,95.201530,83.629494,0.379927,0.357944,,,,,,,,,,,,
451211,,,,,,,,,1.400841,-1.957302,,,95.349762,83.979424,0.379960,0.355747,,,,,,,,,,,,
451217,0.483743,0.336569,-2.386398,0.290889,0.388764,-2.314724,1.060373,-2.800437,,,103.355568,87.715309,,,,,0.104648,-0.170193,0.071673,,,,,,,,,
451221,,,,,,,,,1.620581,-1.957303,,,96.563576,85.362946,0.373458,0.314614,,,,,,,,,,,,
451224,,,,,,,,,,,,,,,,,,,,0.451195,0.304563,-2.455822,,,,,,
451231,,,,,,,,,1.428309,-2.609736,,,97.040337,85.437950,0.369953,0.314320,,,,,,,,,,,,
451239,,,,,,,,,1.181102,0.652433,,,93.085136,83.867432,0.411559,0.330794,,,,0.440155,0.295007,-2.476325,,,,,,
451244,,,,,,,,,,,,,,,,,,,,0.429082,0.285539,-2.499700,,,,,,
451251,,,,,,,,,1.565646,-3.262170,,,94.658119,84.179626,0.397569,0.328380,,,,,,,,,,,,
451261,,,,,,,,,1.538179,-2.609734,,,95.981621,84.442307,0.385809,0.326407,,,,,,,,,,,,
451267,0.428698,0.285706,-2.501120,0.252695,0.353276,-2.473376,1.048699,-3.049284,,,103.595650,84.109283,,,,,0.100743,-0.159353,0.027744,,,,,,,,,
451271,,,,,,,,,1.428309,-3.914606,,,96.550674,84.663322,0.383928,0.288026,,,,,,,,,,,,
451274,,,,,,,,,,,,,,,,,,,,0.393801,0.258295,-2.580776,,,,,,
451281,,,,,,,,,1.483244,-1.304866,,,97.029480,84.849289,0.380453,0.286019,,,,,,,,,,,,
451284,,,,,,,,,,,,,,,,,,,,0.381373,0.249379,-2.609516,,,,,,
451291,,,,,,,,,1.455776,-5.871908,,,97.976891,83.916672,0.372103,0.295383,,,,,,,,,,,,
451299,,,,,,,,,1.208569,0.000000,,,94.962234,82.587425,0.403976,0.308980,,,,0.368383,0.240939,-2.641105,,,,,,
451311,,,,,,,,,1.483244,-5.219474,,,96.237503,82.013542,0.392695,0.315138,,,,,,,,,,,,
451317,0.368043,0.241604,-2.651216,0.209530,0.324762,-2.644544,1.039374,-3.297262,,,104.158348,82.386963,,,,,0.100669,-0.148011,0.006672,,,,,,,,,
451321,,,,,,,,,1.483244,-3.914604,,,97.310516,82.075218,0.388961,0.297360,,,,,,,,,,,,
451324,,,,,,,,,,,,,,,,,,,,0.328736,0.218015,-2.754781,,,,,,
451331,,,,,,,,,1.483244,-2.609737,,,98.213348,82.671661,0.381122,0.291339,,,,,,,,,,,,
451334,,,,,,,,,,,,,,,,,,,,0.315620,0.211623,-2.797010,,,,,,
451341,,,,,,,,,1.483244,-3.914604,,,98.972992,82.084419,0.374563,0.297272,,,,,,,,,,,,
451344,,,,,,,,,,,,,,,,,,,,0.302184,0.205409,-2.844455,,,,,,
451351,,,,,,,,,1.510711,-5.871908,,,100.156700,81.590309,0.363526,0.302372,,,,,,,,,,,,
451361,,,,,,,,,1.181102,-0.652433,,,96.796326,80.085480,0.398602,0.317881,,,,,,,,,,,,
451367,0.303274,0.206239,-2.830965,0.162218,0.304415,-2.828607,1.033032,-3.550783,,,105.391624,82.404129,,,,,0.104297,-0.136592,0.002358,,,,,,,,,
451371,,,,,,,,,1.455776,-4.567039,,,97.780708,79.908401,0.402613,0.320323,,,,,,,,,,,,
451374,,,,,,,,,,,,,,,,,,,,0.260467,0.190260,-2.983738,,,,,,
451381,,,,,,,,,1.455776,-4.567039,,,98.608971,79.759415,0.395687,0.322341,,,,,,,,,,,,
451384,,,,,,,,,,,,,,,,,,,,0.246485,0.186310,-3.030847,,,,,,
451391,,,,,,,,,1.510711,-5.871908,,,99.305870,79.634056,0.389935,0.324149,,,,,,,,,,,,
451394,,,,,,,,,,,,,,,,,,,,0.232257,0.183119,-3.078019,,,,,,
451401,,,,,,,,,1.428309,-5.219473,,,100.436783,79.528580,0.379617,0.325779,,,,,,,,,,,,
451411,,,,,,,,,1.483244,-3.914604,,,100.843788,79.984375,0.376457,0.321705,,,,,,,,,,,,
451417,0.232129,0.183767,-3.073674,0.111892,0.293405,-3.025908,1.030753,-3.813105,,,106.386581,85.602531,,,,,0.112519,-0.117545,0.047767,,,,,,,,,
451421,,,,,,,,,1.428309,-2.609736,,,100.641701,79.823334,0.389576,0.356455,,,,,,,,,,,,
451424,,,,,,,,,,,,,,,,,,,,0.189319,0.176497,3.058645,,,,,,
451431,,,,,,,,,1.428309,-3.914606,,,100.471664,79.687836,0.392459,0.358993,,,,,,,,,,,,
451438,,,,,,,,,,,,,,,,,,,,0.174450,0.175614,3.008626,,,,,,
451441,,,,,,,,,1.236037,-3.262171,,,97.605881,78.484741,0.422873,0.372448,,,,,,,,,,,,
451444,,,,,,,,,,,,,,,,,,,,0.159817,0.175309,2.961391,,,,,,
451451,,,,,,,,,1.483244,-2.609737,,,98.461868,79.650635,0.415899,0.361979,,,,,,,,,,,,
451461,,,,,,,,,1.483244,-3.914604,,,99.182098,80.087074,0.410137,0.358718,,,,,,,,,,,,
451467,0.159665,0.176227,2.965840,0.059997,0.292813,3.047071,1.034453,-4.078121,,,107.443626,88.102989,,,,,0.118518,-0.097363,0.081231,,,,,,,,,
451471,,,,,,,,,1.483244,-3.914604,,,99.788101,80.454292,0.416179,0.381580,,,,,,,,,,,,
451474,,,,,,,,,,,,,,,,,,,,0.116917,0.178369,2.822150,,,,,,
451481,,,,,,,,,1.290972,-3.262171,,,97.575272,79.129639,0.440281,0.396621,,,,,,,,,,,,
451484,,,,,,,,,,,,,,,,,,,,0.102826,0.180512,2.777158,,,,,,
451491,,,,,,,,,1.510711,-3.262170,,,98.436119,80.193245,0.433474,0.387567,,,,,,,,,,,,
451494,,,,,,,,,,,,,,,,,,,,0.088778,0.183042,2.732166,,,,,,
451501,,,,,,,,,1.538179,-1.304869,,,99.160431,81.632713,0.427887,0.374466,,,,,,,,,,,,
451511,,,,,,,,,1.510711,-4.567039,,,100.314415,82.299332,0.417773,0.368961,,,,,,,,,,,,
451517,0.088652,0.184280,2.732680,0.008275,0.303557,2.825797,1.047130,-4.324263,,,108.827591,89.657921,,,,,0.121176,-0.077484,0.093118,,,,,,,,,
451521,,,,,,,,,1.620581,-3.262171,,,101.285378,83.404770,0.423412,0.374706,,,,,,,,,,,,
451524,,,,,,,,,,,,,,,,,,,,0.046506,0.195054,2.592424,,,,,,
451531,,,,,,,,,1.510711,-3.262170,,,101.557800,83.790344,0.422141,0.372024,,,,,,,,,,,,
451534,,,,,,,,,,,,,,,,,,,,0.032373,0.200128,2.543235,,,,,,
451541,,,,,,,,,1.181102,-3.262171,,,98.519760,81.392052,0.454583,0.397660,,,,,,,,,,,,
451544,,,,,,,,,,,,,,,,,,,,0.018470,0.205850,2.496612,,,,,,
451551,,,,,,,,,1.593114,-2.609737,,,99.775352,82.641388,0.443838,0.386570,,,,,,,,,,,,
451561,,,,,,,,,1.538179,-3.914605,,,100.831810,83.692574,0.434872,0.377251,,,,,,,,,,,,
451567,0.018724,0.207185,2.500074,-0.041267,0.326299,2.597422,1.072771,-4.513456,,,109.888054,90.703934,,,,,0.119343,-0.059533,0.097348,,,,,,,,,
451571,,,,,,,,,1.510711,-3.262170,,,101.720711,84.032501,0.438222,0.385647,,,,,,,,,,,,
451574,,,,,,,,,,,,,,,,,,,,-0.019826,0.225861,2.357964,,,,,,
451581,,,,,,,,,1.620581,-3.262171,,,102.468636,84.863060,0.432226,0.378509,,,,,,,,,,,,
451584,,,,,,,,,,,,,,,,,,,,-0.032576,0.233842,2.306665,,,,,,
451591,,,,,,,,,1.455776,-3.262171,,,102.553391,85.017349,0.432846,0.378104,,,,,,,,,,,,
451599,,,,,,,,,1.290972,-1.957303,,,99.357445,83.513535,0.466911,0.394580,,,,-0.044507,0.242183,2.261071,,,,,,
451611,,,,,,,,,1.538179,-2.609734,,,100.480179,84.426399,0.457565,0.386707,,,,,,,,,,,,
451617,-0.044077,0.243474,2.270253,-0.086411,0.361350,2.367845,1.115664,-4.601423,,,111.871819,92.989487,,,,,0.117452,-0.043495,0.097592,,,,,,,,,
451621,,,,,,,,,1.620581,-3.262171,,,100.880302,85.194489,0.475600,0.403440,,,,,,,,,,,,
451624,,,,,,,,,,,,,,,,,,,,-0.079530,0.270252,2.108099,,,,,,
451631,,,,,,,,,1.593114,-3.914604,,,102.850601,85.840759,0.457701,0.398407,,,,,,,,,,,,
451634,,,,,,,,,,,,,,,,,,,,-0.089905,0.280628,2.056868,,,,,,
451641,,,,,,,,,1.593114,-3.914604,,,103.963867,86.384529,0.448150,0.394291,,,,,,,,,,,,
451644,,,,,,,,,,,,,,,,,,,,-0.100170,0.291041,2.008101,,,,,,
451647,,,,,,,,,,,,,,,,,,,,-0.100170,0.291041,2.008101,,,,,,
451651,,,,,,,,,1.565646,-3.262170,,,104.356026,86.842056,0.445732,0.390945,,,,,,,,,,,,
451661,,,,,,,,,1.236037,-1.957302,,,100.874184,85.048843,0.482750,0.410465,,,,,,,,,,,,
451667,-0.098554,0.291214,2.021955,-0.124821,0.408564,2.143619,1.179129,-4.559114,,,114.064331,98.084160,,,,,0.117061,-0.027527,0.121664,,,,,,,,,
451671,,,,,,,,,1.620581,-1.957303,,,102.300911,86.262749,0.492760,0.451637,,,,,,,,,,,,
451674,,,,,,,,,,,,,,,,,,,,-0.126886,0.325205,1.846297,,,,,,
451677,,,,,,,,,,,,,,,,,,,,-0.126886,0.325205,1.846297,,,,,,
451681,,,,,,,,,1.593114,-3.914604,,,103.501358,87.284134,0.482868,0.443583,,,,,,,,,,,,
451684,,,,,,,,,,,,,,,,,,,,-0.135306,0.337521,1.793698,,,,,,
451691,,,,,,,,,1.730451,-1.957303,,,105.055954,89.232613,0.469124,0.425869,,,,,,,,,,,,
451694,,,,,,,,,,,,,,,,,,,,-0.143192,0.350147,1.736344,,,,,,
451701,,,,,,,,,1.648049,-3.914605,,,106.363991,90.327515,0.457584,0.416471,,,,-0.150843,0.362917,1.684986,,,,,,
451711,,,,,,,,,1.702984,-1.304869,,,106.920029,91.793312,0.453452,0.403071,,,,,,,,,,,,
451719,-0.155525,0.375925,1.656331,-0.154156,0.467239,1.930155,1.264017,-4.391523,,,102.558647,100.667747,,,,,0.090864,-0.009165,0.273824,-0.157745,0.376481,1.628684,,,,,,
451722,,,,,,,,,0.988829,-1.304868,,,100.308823,87.036659,0.404958,0.479200,,,,-0.164291,0.390173,1.571107,,,,,,
451731,,,,,,,,,1.483244,-2.609737,,,99.647041,86.846214,0.412158,0.483869,,,,,,,,,,,,
451734,,,,,,,,,,,,,,,,,,,,-0.170032,0.403850,1.513101,,,,,,
451741,,,,,,,,,1.675516,0.652435,,,100.179306,89.408691,0.407311,0.460496,,,,,,,,,,,,
451744,,,,,,,,,,,,,,,,,,,,-0.174895,0.417363,1.456805,,,,,,
451751,,,,,,,,,1.648049,0.000000,,,100.627151,91.564758,0.403219,0.440756,,,,,,,,,,,,
451761,,,,,,,,,1.620581,1.957303,,,100.459427,93.378868,0.405316,0.424072,,,,,,,,,,,,
451767,-0.174032,0.420645,1.481844,-0.172232,0.536022,1.730538,1.367596,-4.136711,,,115.285019,115.138153,,,,,0.115081,0.008456,0.248694,,,,,,,,,
451771,,,,,,,,,1.593114,-1.304868,,,100.318298,94.905266,0.536984,0.557559,,,,,,,,,,,,
451779,,,,,,,,,1.290972,0.652435,,,96.932297,92.377769,0.574515,0.587386,,,,-0.186286,0.459078,1.302487,,,,,,
451784,,,,,,,,,,,,,,,,,,,,-0.188950,0.472728,1.257673,,,,,,
451791,,,,,,,,,1.757919,1.304868,,,98.984207,95.696571,0.557256,0.558086,,,,,,,,,,,,
451794,,,,,,,,,,,,,,,,,,,,-0.190776,0.486788,1.210192,,,,,,
451801,,,,,,,,,1.922724,-1.304868,,,102.888855,99.578094,0.520688,0.522383,,,,,,,,,,,,
451811,,,,,,,,,2.032593,1.304868,,,106.174225,103.933098,0.489657,0.481074,,,,,,,,,,,,
451817,-0.188683,0.489741,1.238616,-0.177218,0.612855,1.545382,1.483144,-3.846208,,,117.445923,126.861160,,,,,0.120123,0.029310,0.306766,,,,,,,,,
451821,,,,,,,,,1.840321,0.652435,,,107.304901,106.508308,0.501987,0.576623,,,,,,,,,,,,
451824,,,,,,,,,,,,,,,,,,,,-0.194050,0.530312,1.075220,,,,,,
451831,,,,,,,,,1.840321,1.957302,,,107.711716,108.130547,0.499866,0.564146,,,,,,,,,,,,
451839,,,,,,,,,1.318439,0.000000,,,103.697662,104.594604,0.542756,0.603959,,,,-0.193925,0.544908,1.027121,,,,,,
451844,,,,,,,,,,,,,,,,,,,,-0.193245,0.558654,0.973555,,,,,,
451851,,,,,,,,,1.977659,1.304869,,,105.765671,108.153984,0.524412,0.572107,,,,,,,,,,,,
451861,,,,,,,,,1.977659,2.609736,,,108.050232,111.693390,0.503446,0.539746,,,,,,,,,,,,
451867,-0.190443,0.560812,1.006913,-0.167879,0.694939,1.373515,1.600205,-3.564197,,,118.579971,138.703857,,,,,0.125422,0.052617,0.366602,,,,,,,,,
451871,,,,,,,,,2.087528,3.914604,,,109.972466,115.760529,0.497285,0.622090,,,,,,,,,,,,
451874,,,,,,,,,,,,,,,,,,,,-0.187593,0.601339,0.835226,,,,,,
451881,,,,,,,,,2.032593,2.609739,,,111.045288,118.093536,0.488064,0.602883,,,,,,,,,,,,
451884,,,,,,,,,,,,,,,,,,,,-0.184537,0.615792,0.792847,,,,,,
451891,,,,,,,,,1.922724,3.914605,,,110.858871,121.145615,0.491473,0.575873,,,,,,,,,,,,
451898,,,,,,,,,,,,,,,,,,,,-0.180972,0.630423,0.744993,,,,,,
451901,,,,,,,,,1.400841,0.652435,,,106.890221,116.090027,0.533497,0.630952,,,,,,,,,,,,
451911,,,,,,,,,1.950191,4.567040,,,107.362801,118.915321,0.531015,0.606657,,,,,,,,,,,,
451917,-0.177943,0.631822,0.786297,-0.143854,0.778795,1.212870,1.705120,-3.317627,,,117.356667,148.741135,,,,,0.128102,0.079706,0.426572,,,,,,,,,
451921,,,,,,,,,2.005126,5.871905,,,108.304970,121.837067,0.511170,0.683193,,,,,,,,,,,,
451924,,,,,,,,,,,,,,,,,,,,-0.167557,0.670140,0.607270,,,,,,
451931,,,,,,,,,2.060061,4.567036,,,109.642258,125.384506,0.499340,0.652390,,,,,,,,,,,,
451934,,,,,,,,,,,,,,,,,,,,-0.161993,0.682929,0.560997,,,,,,
451941,,,,,,,,,2.169931,5.871907,,,110.222908,129.458405,0.494960,0.615507,,,,,,,,,,,,
451944,,,,,,,,,,,,,,,,,,,,-0.155626,0.695883,0.514918,,,,,,
451951,,,,,,,,,2.032593,6.524344,,,110.711464,131.797104,0.491404,0.595509,,,,,,,,,,,,
451961,,,,,,,,,1.400841,4.567040,,,105.677101,125.596733,0.544083,0.662142,,,,,,,,,,,,
451967,-0.153675,0.694977,0.556970,-0.105974,0.860400,1.061346,1.781588,-3.115525,,,111.237831,155.693604,,,,,0.127936,0.115206,0.504377,,,,,,,,,
451971,,,,,,,,,2.060061,4.567036,,,107.431168,129.092438,0.466116,0.702030,,,,,,,,,,,,
451974,,,,,,,,,,,,,,,,,,,,-0.133787,0.732710,0.386943,,,,,,
451981,,,,,,,,,2.252333,7.829213,,,108.907043,133.667343,0.451823,0.660686,,,,,,,,,,,,
451984,,,,,,,,,,,,,,,,,,,,-0.125523,0.745009,0.350476,,,,,,
451991,,,,,,,,,2.005126,8.481646,,,108.515213,136.427582,0.456286,0.636937,,,,,,,,,,,,
451994,,,,,,,,,,,,,,,,,,,,-0.116399,0.756781,0.305613,,,,,,
452001,,,,,,,,,2.087528,7.829209,,,108.185524,138.750046,0.460193,0.617101,,,,,,,,,,,,
452011,,,,,,,,,2.032593,9.134078,,,107.363579,140.704163,0.469188,0.600557,,,,,,,,,,,,
452020,-0.113176,0.757305,0.365184,-0.056606,0.935482,0.917796,1.811117,-2.949735,0.988829,5.219473,102.666428,155.540787,98.503845,130.368408,0.472904,0.707421,0.116470,0.146225,0.552612,,,,,,,,,
452024,,,,,,,,,,,,,,,,,,,,-0.087859,0.788882,0.196820,,,,,,
452031,,,,,,,,,2.389671,7.176775,,,103.573761,136.374573,0.422023,0.651193,,,,,,,,,,,,
452034,,,,,,,,,,,,,,,,,,,,-0.077723,0.798887,0.163474,,,,,,
452041,,,,,,,,,2.060061,9.786513,,,103.483246,139.249985,0.422765,0.625697,,,,,,,,,,,,
452044,,,,,,,,,,,,,,,,,,,,-0.067240,0.808541,0.132926,,,,,,
452051,,,,,,,,,2.087528,10.438947,,,102.862541,141.669357,0.428933,0.604277,,,,,,,,,,,,
452061,,,,,,,,,1.950191,8.481646,,,102.340279,142.615936,0.434220,0.597397,,,,,,,,,,,,
452067,-0.064017,0.808370,0.188150,0.000000,1.000000,0.783802,1.773268,-2.788429,,,90.498993,148.521912,,,,,0.098730,0.176274,0.595652,,,,,,,,,
452071,,,,,,,,,1.922724,9.134081,,,101.356308,142.867844,0.320214,0.525820,,,,,,,,,,,,
452079,,,,,,,,,,,,,96.716591,135.456192,0.365368,0.602549,,,,-0.032998,0.834182,0.049849,,,,,,
452082,,,,,,,,,1.373374,3.914605,,,,,,,,,,-0.021157,0.841779,0.027693,,,,,,
452091,,,,,,,,,1.757919,9.134080,,,95.535454,135.210007,0.376172,0.607674,,,,,,,,,,,,
452094,,,,,,,,,,,,,,,,,,,,-0.009417,0.848261,0.008280,,,,,,
452101,,,,,,,,,1.812854,10.438944,,,94.541641,136.091949,0.385302,0.601340,,,,,,,,,,,,
452111,,,,,,,,,1.922724,10.438948,,,93.705452,137.378571,0.393022,0.590703,,,,,,,,,,,,
452117,-0.006545,0.848031,0.067285,0.000000,1.000000,0.783802,0.000000,0.000000,,,4.710210,4.710210,,,,,0.016747,0.151185,0.716517,,,,,,,,,
452121,,,,,,,,,1.730451,7.176775,,,93.001877,136.282959,-0.475488,-0.862773,,,,,,,,,,,,
452124,,,,,,,,,,,,,,,,,,,,0.028850,0.865920,-0.013830,,,,,,
452131,,,,,,,,,1.263504,13.048681,,,85.875374,132.638382,-0.420456,-0.851913,,,,,,,,,,,,
452139,,,,,,,,,0.604285,14.353551,,,72.255524,123.037323,-0.297767,-0.779567,,,,0.041355,0.870631,-0.013838,,,,,,
452143,,,,,,,,,,,,,,,,,,,,0.054488,0.874649,-0.005558,,,,,,
452151,,,,,,,,,0.274675,7.829209,,,60.251244,109.513565,-0.188832,-0.665291,,,,,,,,,,,,
452161,,,,,,,,,-0.054935,-1.304868,,,50.695389,91.600159,-0.102471,-0.503535,,,,,,,,,,,,
452167,0.049136,0.872408,-0.004925,0.000000,1.000000,0.783802,0.000000,0.000000,,,-13.996119,-13.996119,,,,,-0.049764,0.127349,0.788727,,,,,,,,,
452171,,,,,,,,,-0.302142,-7.176775,,,42.655094,71.082382,-0.220461,-0.502436,,,,,,,,,,,,
452174,,,,,,,,,,,,,,,,,,,,0.096388,0.885232,0.083735,,,,,,
452181,,,,,,,,,-0.604285,-10.438947,,,34.256363,49.462387,-0.146124,-0.298928,,,,,,,,,,,,
452184,,,,,,,,,,,,,,,,,,,,0.107858,0.888499,0.103350,,,,,,
452191,,,,,,,,,-0.851492,-12.396250,,,25.556040,28.548609,-0.067032,-0.098299,,,,,,,,,,,,
452199,,,,,,,,,-0.686687,-8.481645,,,18.780132,13.674475,-0.005828,0.044909,,,,0.115585,0.891323,0.135945,,,,,,
452211,,,,,,,,,-0.329610,-7.829210,,,15.257057,4.426639,0.023552,0.133702,,,,,,,,,,,,
452217,0.108642,0.889956,0.091238,0.000000,1.000000,0.783802,0.000000,0.000000,,,-27.608572,-27.608572,,,,,-0.098164,0.119484,0.692564,,,,,,,,,
452221,,,,,,,,,0.439480,-1.304869,,,17.738174,7.536375,-0.146453,-0.040549,,,,,,,,,,,,
452224,,,,,,,,,,,,,,,,,,,,0.143667,0.899125,0.233605,,,,,,
452231,,,,,,,,,0.439480,2.609737,,,18.192158,11.786537,-0.160153,-0.090929,,,,,,,,,,,,
452234,,,,,,,,,,,,,,,,,,,,0.152551,0.901725,0.264112,,,,,,
452241,,,,,,,,,0.054935,2.609737,,,14.762336,11.550820,-0.134329,-0.096404,,,,,,,,,,,,
452244,,,,,,,,,,,,,,,,,,,,0.159875,0.903659,0.286346,,,,,,
452251,,,,,,,,,-0.137337,1.957303,,,10.242855,9.174315,-0.096704,-0.079995,,,,,,,,,,,,
452259,,,,,,,,,-0.164805,1.304868,,,6.440164,6.630181,-0.065487,-0.061402,,,,0.166894,0.905554,0.311793,,,,,,
452264,,,,,,,,,,,,,,,,,,,,0.173704,0.907340,0.336845,,,,,,
452267,0.167559,0.905787,0.321704,0.000000,1.000000,0.783802,0.000000,0.000000,,,-36.330296,-36.330296,,,,,-0.129174,0.142360,0.462098,,,,,,,,,
452271,,,,,,,,,-0.000000,0.000000,,,5.418753,5.578634,-0.150840,-0.146485,,,,,,,,,,,,
452274,,,,,,,,,,,,,,,,,,,,0.179645,0.908578,0.365113,,,,,,
452281,,,,,,,,,0.164805,1.304868,,,5.648425,6.872035,-0.161532,-0.168060,,,,,,,,,,,,
452284,,,,,,,,,,,,,,,,,,,,0.184522,0.909351,0.396146,,,,,,
452291,,,,,,,,,0.000000,1.304868,,,4.208040,6.326672,-0.155236,-0.171138,,,,,,,,,,,,
452299,,,,,,,,,-0.082402,-0.652434,,,2.996101,4.234175,-0.150982,-0.158326,,,,0.189475,0.910766,0.421460,,,,,,
452311,,,,,,,,,-0.054935,0.000000,,,1.976376,3.018091,-0.148446,-0.154034,,,,,,,,,,,,
452317,0.187418,0.910274,0.413089,0.000000,1.000000,0.783802,0.000000,0.000000,,,-38.146835,-38.146835,,,,,-0.135633,0.157416,0.370713,,,,,,,,,
452321,,,,,,,,,-0.000000,0.000000,,,1.662923,2.539421,-0.171439,-0.175550,,,,,,,,,,,,
452324,,,,,,,,,,,,,,,,,,,,0.199917,0.913412,0.475596,,,,,,
452331,,,,,,,,,-0.000000,0.000000,,,1.399183,2.136669,-0.176711,-0.179580,,,,,,,,,,,,
452334,,,,,,,,,,,,,,,,,,,,0.202234,0.914021,0.489842,,,,,,
452341,,,,,,,,,-0.000000,0.000000,,,1.177272,1.797793,-0.182356,-0.184180,,,,,,,,,,,,
452344,,,,,,,,,,,,,,,,,,,,0.203967,0.914620,0.498383,,,,,,
452351,,,,,,,,,-0.000000,0.000000,,,0.990557,1.512663,-0.188317,-0.189260,,,,,,,,,,,,
452361,,,,,,,,,-0.000000,0.000000,,,0.833454,1.272754,-0.194542,-0.194745,,,,,,,,,,,,
452367,0.202578,0.914256,0.491225,0.000000,1.000000,0.783802,0.000000,0.000000,,,-38.862663,-38.862663,,,,,-0.138178,0.171163,0.292577,,,,,,,,,
452371,,,,,,,,,-0.000000,0.000000,,,0.701268,1.070895,-0.208291,-0.207872,,,,,,,,,,,,
452374,,,,,,,,,,,,,,,,,,,,0.204994,0.914704,0.509656,,,,,,
452381,,,,,,,,,-0.054935,-1.304868,,,0.590047,-0.188035,-0.215069,-0.203017,,,,,,,,,,,,
452384,,,,,,,,,,,,,,,,,,,,0.204130,0.914418,0.506782,,,,,,
452391,,,,,,,,,-0.109870,0.000000,,,-0.592621,-1.247299,-0.210897,-0.199948,,,,,,,,,,,,
452394,,,,,,,,,,,,,,,,,,,,0.203240,0.913878,0.498119,,,,,,
452401,,,,,,,,,-0.137337,-0.652434,,,-1.587718,-2.683107,-0.208401,-0.192825,,,,,,,,,,,,
452411,,,,,,,,,-0.164805,-1.304868,,,-2.424992,-4.435739,-0.207316,-0.182184,,,,,,,,,,,,
452417,0.202566,0.913600,0.492065,0.000000,1.000000,0.783802,0.000000,0.000000,,,-38.731998,-38.731998,,,,,-0.137714,0.171851,0.291737,,,,,,,,,
452421,,,,,,,,,-0.219740,0.000000,,,-4.218560,-5.910403,-0.194976,-0.172695,,,,,,,,,,,,
452424,,,,,,,,,,,,,,,,,,,,0.199569,0.911924,0.481188,,,,,,
452431,,,,,,,,,-0.192272,-0.652434,,,-5.183125,-7.151186,-0.192040,-0.166604,,,,,,,,,,,,
452439,,,,,,,,,-0.219740,0.000000,,,-6.539254,-8.195179,-0.184917,-0.162271,,,,0.197579,0.910838,0.475348,,,,,,
452444,,,,,,,,,,,,,,,,,,,,0.195527,0.909757,0.475291,,,,,,
452451,,,,,,,,,-0.274675,0.000000,,,-8.224844,-9.618138,-0.174163,-0.153864,,,,,,,,,,,,
452461,,,,,,,,,-0.247207,-0.652434,,,-9.098556,-10.815416,-0.171352,-0.147475,,,,,,,,,,,,
452467,0.195196,0.909604,0.473961,0.000000,1.000000,0.783802,0.000000,0.000000,,,-37.243336,-37.243336,,,,,-0.132421,0.169522,0.309841,,,,,,,,,
452471,,,,,,,,,-0.302142,0.652434,,,-10.922783,-11.822805,-0.143488,-0.127599,,,,,,,,,,,,
452474,,,,,,,,,,,,,,,,,,,,0.188572,0.906120,0.467074,,,,,,
452481,,,,,,,,,-0.302142,-0.652434,,,-11.913144,-13.214966,-0.138650,-0.118483,,,,,,,,,,,,
452484,,,,,,,,,,,,,,,,,,,,0.185907,0.904657,0.464159,,,,,,
452491,,,,,,,,,-0.274675,0.000000,,,-12.746434,-13.841786,-0.135217,-0.116895,,,,,,,,,,,,
452494,,,,,,,,,,,,,,,,,,,,0.183195,0.903318,0.464047,,,,,,
452501,,,,,,,,,-0.302142,0.652434,,,-13.992107,-14.369193,-0.127410,-0.116196,,,,,,,,,,,,
452511,,,,,,,,,-0.302142,-0.652434,,,-14.495673,-15.357496,-0.126924,-0.110690,,,,,,,,,,,,
452517,0.183066,0.903284,0.462141,0.000000,1.000000,0.783802,0.000000,0.000000,,,-33.958092,-33.958092,,,,,-0.120740,0.168194,0.321661,,,,,,,,,
452521,,,,,,,,,-0.302142,0.652434,,,-15.463917,-15.644511,-0.088088,-0.078630,,,,,,,,,,,,
452524,,,,,,,,,,,,,,,,,,,,0.174247,0.899076,0.466787,,,,,,
452531,,,,,,,,,-0.274675,0.000000,,,-15.734054,-15.886005,-0.089031,-0.079829,,,,,,,,,,,,
452534,,,,,,,,,,,,,,,,,,,,0.171154,0.897587,0.469496,,,,,,
452541,,,,,,,,,-0.274675,0.000000,,,-15.961347,-16.089199,-0.090358,-0.081371,,,,,,,,,,,,
452544,,,,,,,,,,,,,,,,,,,,0.168049,0.895977,0.472345,,,,,,
452551,,,,,,,,,-0.247207,0.652434,,,-16.152592,-15.715623,-0.092006,-0.088755,,,,,,,,,,,,
452561,,,,,,,,,-0.247207,0.652434,,,-16.313505,-15.401296,-0.093926,-0.095610,,,,,,,,,,,,
452567,0.168388,0.896114,0.474226,0.000000,1.000000,0.783802,0.000000,0.000000,,,-28.790491,-28.790491,,,,,-0.102366,0.169316,0.309576,,,,,,,,,
452571,,,,,,,,,-0.247207,-0.652434,,,-15.904354,-15.681364,-0.048919,-0.043755,,,,,,,,,,,,
452574,,,,,,,,,,,,,,,,,,,,0.158125,0.891133,0.474979,,,,,,
452581,,,,,,,,,-0.247207,0.652434,,,-15.560094,-15.372471,-0.055008,-0.049528,,,,,,,,,,,,
452584,,,,,,,,,,,,,,,,,,,,0.154644,0.889363,0.474933,,,,,,
452591,,,,,,,,,-0.192272,-0.652434,,,-15.270433,-15.112568,-0.060608,-0.054862,,,,,,,,,,,,
452594,,,,,,,,,,,,,,,,,,,,0.151470,0.887695,0.477823,,,,,,
452601,,,,,,,,,-0.274675,0.000000,,,-15.571257,-14.893886,-0.060244,-0.059828,,,,,,,,,,,,
452611,,,,,,,,,-0.192272,0.652434,,,-15.279826,-14.709887,-0.065860,-0.064485,,,,,,,,,,,,
452617,0.152178,0.888023,0.480258,0.000000,1.000000,0.783802,0.000000,0.000000,,,-23.407999,-23.407999,,,,,-0.083228,0.169617,0.303544,,,,,,,,,
452621,,,,,,,,,-0.192272,-0.652434,,,-14.490073,-14.555069,-0.021716,-0.013978,,,,,,,,,,,,
452624,,,,,,,,,,,,,,,,,,,,0.145920,0.884851,0.483502,,,,,,
452631,,,,,,,,,-0.164805,0.000000,,,-13.825575,-13.880262,-0.030278,-0.022632,,,,,,,,,,,,
452635,,,,,,,,,,,,,,,,,,,,0.144348,0.884015,0.480631,,,,,,
452641,,,,,,,,,-0.164805,0.000000,,,-13.266466,-13.312481,-0.037897,-0.030329,,,,,,,,,,,,
452644,,,,,,,,,,,,,,,,,,,,0.142535,0.883167,0.483502,,,,,,
452651,,,,,,,,,-0.109870,0.000000,,,-12.251490,-12.290206,-0.050278,-0.042775,,,,,,,,,,,,
452661,,,,,,,,,-0.109870,0.000000,,,-11.397488,-11.430064,-0.061220,-0.053772,,,,,,,,,,,,
452667,0.142935,0.883361,0.483230,0.000000,1.000000,0.783802,0.000000,0.000000,,,-20.355196,-20.355196,,,,,-0.072374,0.169697,0.300572,,,,,,,,,
452671,,,,,,,,,-0.109870,0.000000,,,-10.678931,-10.706341,-0.039813,-0.032411,,,,,,,,,,,,
452679,,,,,,,,,-0.082402,0.652434,,,-10.074338,-9.552856,-0.047915,-0.046106,,,,0.138960,0.881362,0.486380,,,,,,
452685,,,,,,,,,,,,,,,,,,,,0.138271,0.881003,0.486348,,,,,,
452691,,,,,,,,,-0.082402,-0.652434,,,-9.021090,-9.126859,-0.060715,-0.052612,,,,,,,,,,,,
452694,,,,,,,,,,,,,,,,,,,,0.137499,0.880653,0.483497,,,,,,
452701,,,,,,,,,-0.082402,0.652434,,,-8.679430,-8.223881,-0.066466,-0.064068,,,,,,,,,,,,
452711,,,,,,,,,-0.082402,-0.652434,,,-7.847414,-8.008658,-0.077288,-0.068690,,,,0.136732,0.880279,0.483514,,,,,,
452714,,,,,,,,,,,,,,,,,,,,0.136088,0.879933,0.486365,,,,,,
452717,0.136354,0.880064,0.483364,0.000000,1.000000,0.783802,0.000000,0.000000,,,-18.278885,-18.278885,,,,,-0.064992,0.169567,0.300438,,,,,,,,,
452721,,,,,,,,,-0.109870,0.000000,,,-7.691900,-7.827570,-0.060198,-0.051828,,,,,,,,,,,,
452724,,,,,,,,,,,,,,,,,,,,0.135576,0.879674,0.492070,,,,,,
452731,,,,,,,,,-0.054935,1.304868,,,-7.561050,-6.586117,-0.063650,-0.066581,,,,,,,,,,,,
452739,,,,,,,,,-0.082402,-0.652434,,,-6.906410,-6.630644,-0.072470,-0.068465,,,,0.135139,0.879424,0.492048,,,,,,
452744,,,,,,,,,,,,,,,,,,,,0.134643,0.879216,0.489205,,,,,,
452751,,,,,,,,,-0.054935,0.000000,,,-6.355596,-6.123567,-0.080363,-0.075967,,,,,,,,,,,,
452761,,,,,,,,,-0.054935,0.000000,,,-5.892140,-5.696911,-0.087475,-0.082750,,,,,,,,,,,,
452767,0.134582,0.879180,0.488715,0.000000,1.000000,0.783802,0.000000,0.000000,,,-17.466652,-17.466652,,,,,-0.062104,0.169862,0.295087,,,,,,,,,
452771,,,,,,,,,-0.082402,0.652434,,,-6.046732,-5.337924,-0.080091,-0.080643,,,,,,,,,,,,
452779,,,,,,,,,-0.054935,0.000000,,,-5.632263,-5.035872,-0.086602,-0.086150,,,,0.132989,0.878399,0.492058,,,,,,
452784,,,,,,,,,,,,,,,,,,,,0.132379,0.877998,0.494912,,,,,,
452791,,,,,,,,,-0.109870,0.000000,,,-5.828072,-5.326268,-0.086972,-0.085674,,,,,,,,,,,,
452794,,,,,,,,,,,,,,,,,,,,0.131725,0.877752,0.494937,,,,,,
452801,,,,,,,,,-0.054935,0.000000,,,-5.448282,-5.026064,-0.093174,-0.091164,,,,,,,,,,,,
452811,,,,,,,,,-0.109870,0.000000,,,-5.673270,-5.318017,-0.093282,-0.090674,,,,,,,,,,,,
452817,0.131558,0.877655,0.494415,0.000000,1.000000,0.783802,0.000000,0.000000,,,-16.241800,-16.241800,,,,,-0.057749,0.170120,0.289387,,,,,,,,,
452821,,,,,,,,,-0.082402,-0.652434,,,-5.318032,-5.563665,-0.086771,-0.078105,,,,,,,,,,,,
452824,,,,,,,,,,,,,,,,,,,,0.129519,0.876608,0.494902,,,,,,
452831,,,,,,,,,-0.082402,0.652434,,,-5.563678,-5.225810,-0.086450,-0.083687,,,,,,,,,,,,
452839,,,,,,,,,-0.109870,0.000000,,,-5.770364,-5.486082,-0.086478,-0.083235,,,,0.128710,0.876152,0.492048,,,,,,
452844,,,,,,,,,,,,,,,,,,,,0.127800,0.875797,0.492053,,,,,,
452851,,,,,,,,,-0.109870,0.000000,,,-5.944270,-5.705075,-0.086798,-0.083153,,,,,,,,,,,,
452861,,,,,,,,,-0.082402,-0.652434,,,-5.546052,-5.889336,-0.092919,-0.083381,,,,,,,,,,,,
452867,0.127809,0.875793,0.489514,0.000000,1.000000,0.783802,0.000000,0.000000,,,-15.299370,-15.299370,,,,,-0.054398,0.169715,0.294288,,,,,,,,,
452871,,,,,,,,,-0.109870,0.000000,,,-5.755533,-6.044373,-0.083309,-0.074257,,,,,,,,,,,,
452874,,,,,,,,,,,,,,,,,,,,0.125023,0.874367,0.489189,,,,,,
452877,,,,,,,,,,,,,,,,,,,,0.125023,0.874367,0.489189,,,,,,
452881,,,,,,,,,-0.137337,0.652434,,,-6.476335,-6.174821,-0.077866,-0.074777,,,,,,,,,,,,
452884,,,,,,,,,,,,,,,,,,,,0.123934,0.873826,0.489214,,,,,,
452891,,,,,,,,,-0.082402,-0.652434,,,-5.993730,-6.284580,-0.084553,-0.075483,,,,,,,,,,,,
452899,,,,,,,,,-0.109870,0.000000,,,-6.132210,-6.376931,-0.085002,-0.076344,,,,0.122854,0.873302,0.489205,,,,,,
452911,,,,,,,,,-0.109870,0.000000,,,-6.248727,-6.454636,-0.085646,-0.077336,,,,,,,,,,,,
452917,0.122863,0.873295,0.489231,0.000000,1.000000,0.783802,0.000000,0.000000,,,-13.754703,-13.754703,,,,,-0.048906,0.169581,0.294571,,,,,,,,,
452921,,,,,,,,,-0.137337,0.652434,,,-6.346765,-6.520016,-0.070701,-0.062682,,,,,,,,,,,,
452924,,,,,,,,,,,,,,,,,,,,0.119547,0.871558,0.489234,,,,,,
452931,,,,,,,,,-0.109870,0.000000,,,-6.429253,-6.575027,-0.071341,-0.063568,,,,,,,,,,,,
452934,,,,,,,,,,,,,,,,,,,,0.118612,0.871086,0.492083,,,,,,
452941,,,,,,,,,-0.109870,0.000000,,,-7.043202,-6.621313,-0.066544,-0.064532,,,,,,,,,,,,
452944,,,,,,,,,,,,,,,,,,,,0.117661,0.870564,0.492071,,,,,,
452951,,,,,,,,,-0.109870,0.000000,,,-7.015236,-6.660258,-0.068172,-0.065561,,,,,,,,,,,,
452961,,,,,,,,,-0.082402,-0.652434,,,-6.447162,-6.693027,-0.075314,-0.066646,,,,,,,,,,,,
452967,0.117791,0.870634,0.489095,0.000000,1.000000,0.783802,0.000000,0.000000,,,-12.150323,-12.150323,,,,,-0.043201,0.169540,0.294707,,,,,,,,,
452971,,,,,,,,,-0.109870,0.000000,,,-6.513727,-6.720598,-0.059732,-0.051412,,,,,,,,,,,,
452974,,,,,,,,,,,,,,,,,,,,0.114721,0.868937,0.489234,,,,,,
452981,,,,,,,,,-0.109870,0.000000,,,-6.569736,-6.743797,-0.060288,-0.052261,,,,,,,,,,,,
452984,,,,,,,,,,,,,,,,,,,,0.113772,0.868462,0.486366,,,,,,
452991,,,,,,,,,-0.054935,0.000000,,,-6.072318,-6.218773,-0.066478,-0.058698,,,,,,,,,,,,
452994,,,,,,,,,,,,,,,,,,,,0.112990,0.868031,0.483515,,,,,,
453001,,,,,,,,,-0.082402,-0.652434,,,-5.653790,-6.321561,-0.071962,-0.058836,,,,,,,,,,,,
453011,,,,,,,,,-0.109870,0.000000,,,-5.846185,-6.408047,-0.071299,-0.059119,,,,,,,,,,,,
453020,0.112986,0.868033,0.483983,0.000000,1.000000,0.783802,0.000000,0.000000,-0.082402,0.652434,-10.857453,-10.857453,-6.008065,-5.936273,-0.057721,-0.051893,-0.038604,0.169383,0.299819,,,,,,,,,
453024,,,,,,,,,,,,,,,,,,,,0.110325,0.866672,0.480699,,,,,,
453031,,,,,,,,,-0.109870,-1.304868,,,-5.599729,-6.628408,-0.062856,-0.045817,,,,,,,,,,,,
453034,,,,,,,,,,,,,,,,,,,,0.109708,0.866357,0.480699,,,,,,
453041,,,,,,,,,-0.054935,0.000000,,,-5.256154,-6.121685,-0.067412,-0.051832,,,,,,,,,,,,
453044,,,,,,,,,,,,,,,,,,,,0.109204,0.866054,0.477816,,,,,,
453051,,,,,,,,,-0.054935,0.000000,,,-4.967071,-5.695328,-0.071481,-0.057128,,,,,,,,,,,,
453061,,,,,,,,,-0.054935,0.000000,,,-4.723836,-5.336592,-0.075140,-0.061819,,,,,,,,,,,,
453067,0.109318,0.866113,0.478333,0.000000,1.000000,0.783802,0.000000,0.000000,,,-9.961941,-9.961941,,,,,-0.035420,0.169179,0.305469,,,,,,,,,
453071,,,,,,,,,-0.109870,0.000000,,,-5.063721,-5.579294,-0.063766,-0.051314,,,,,,,,,,,,
453079,,,,,,,,,-0.054935,0.000000,,,-4.805158,-5.238961,-0.067383,-0.055661,,,,0.107105,0.865047,0.474967,,,,,,
453084,,,,,,,,,,,,,,,,,,,,0.106603,0.864804,0.475001,,,,,,
453091,,,,,,,,,-0.082402,0.652434,,,-5.132145,-4.952604,-0.065079,-0.059527,,,,,,,,,,,,
453094,,,,,,,,,,,,,,,,,,,,0.106184,0.864572,0.474968,,,,,,
453101,,,,,,,,,-0.082402,-0.652434,,,-4.862730,-5.256207,-0.068793,-0.057432,,,,,,,,,,,,
453111,,,,,,,,,-0.027467,-0.652434,,,-4.091500,-4.967115,-0.077679,-0.061322,,,,,,,,,,,,
453117,0.106344,0.864650,0.472513,0.000000,1.000000,0.783802,0.000000,0.000000,,,-9.306581,-9.306581,,,,,-0.033090,0.168919,0.311290,,,,,,,,,
453121,,,,,,,,,-0.054935,0.000000,,,-3.987131,-4.723873,-0.073233,-0.058117,,,,,,,,,,,,
453124,,,,,,,,,,,,,,,,,,,,0.104215,0.863594,0.480661,,,,,,
453131,,,,,,,,,-0.082402,0.652434,,,-4.443858,-4.519209,-0.069639,-0.061121,,,,,,,,,,,,
453139,,,,,,,,,-0.082402,0.652434,,,-4.828148,-4.347005,-0.066691,-0.063835,,,,0.103683,0.863264,0.480677,,,,,,
453144,,,,,,,,,,,,,,,,,,,,0.103260,0.863047,0.477812,,,,,,
453151,,,,,,,,,-0.027467,-0.652434,,,-4.062403,-4.202113,-0.075398,-0.066305,,,,,,,,,,,,
453161,,,,,,,,,-0.109870,0.000000,,,-4.507192,-4.624744,-0.071910,-0.063015,,,,,,,,,,,,
453167,0.103108,0.862971,0.477367,0.000000,1.000000,0.783802,0.000000,0.000000,,,-8.050721,-8.050721,,,,,-0.028625,0.169082,0.306435,,,,,,,,,
453171,,,,,,,,,-0.054935,0.000000,,,-4.336894,-4.435802,-0.061797,-0.053069,,,,,,,,,,,,
453174,,,,,,,,,,,,,,,,,,,,0.101898,0.862354,0.474937,,,,,,
453181,,,,,,,,,-0.027467,-0.652434,,,-3.649062,-4.276826,-0.069556,-0.055414,,,,,,,,,,,,
453184,,,,,,,,,,,,,,,,,,,,0.101446,0.862120,0.474931,,,,,,
453191,,,,,,,,,-0.054935,0.000000,,,-3.614863,-4.143064,-0.070785,-0.057533,,,,,,,,,,,,
453199,,,,,,,,,-0.054935,0.000000,,,-3.586089,-4.030517,-0.071965,-0.059462,,,,0.100850,0.861767,0.474940,,,,,,
453211,,,,,,,,,-0.054935,0.000000,,,-3.561878,-3.935820,-0.073105,-0.061232,,,,,,,,,,,,
453217,0.100835,0.861763,0.475143,0.000000,1.000000,0.783802,0.000000,0.000000,,,-7.432351,-7.432351,,,,,-0.026426,0.169053,0.308659,,,,,,,,,
453221,,,,,,,,,-0.054935,-1.304868,,,-2.996964,-4.400685,-0.073458,-0.051006,,,,,,,,,,,,
453224,,,,,,,,,,,,,,,,,,,,0.099245,0.860960,0.463555,,,,,,
453231,,,,,,,,,-0.054935,0.000000,,,-3.066188,-4.247279,-0.073639,-0.053177,,,,,,,,,,,,
453234,,,,,,,,,,,,,,,,,,,,0.098848,0.860779,0.460712,,,,,,
453241,,,,,,,,,-0.027467,-0.652434,,,-2.579890,-4.118203,-0.079472,-0.055131,,,,,,,,,,,,
453244,,,,,,,,,,,,,,,,,,,,0.098448,0.860574,0.457877,,,,,,
453251,,,,,,,,,-0.054935,0.000000,,,-2.715262,-4.009599,-0.079062,-0.056901,,,,,,,,,,,,
453261,,,,,,,,,-0.082402,0.652434,,,-2.829165,-3.918219,-0.078844,-0.058518,,,,,,,,,,,,
453267,0.098343,0.860512,0.462064,0.000000,1.000000,0.783802,0.000000,0.000000,,,-7.269349,-7.269349,,,,,-0.025847,0.168702,0.321738,,,,,,,,,
453271,,,,,,,,,-0.027467,-0.652434,,,-2.925002,-3.841332,-0.077124,-0.058342,,,,,,,,,,,,
453274,,,,,,,,,,,,,,,,,,,,0.097182,0.860041,0.443673,,,,,,
453281,,,,,,,,,-0.082402,-0.652434,,,-3.005640,-4.321183,-0.077170,-0.054134,,,,,,,,,,,,
453284,,,,,,,,,,,,,,,,,,,,0.096936,0.859868,0.443666,,,,,,
453291,,,,,,,,,-0.027467,-0.652434,,,-2.528945,-4.180386,-0.082885,-0.056159,,,,,,,,,,,,
453294,,,,,,,,,,,,,,,,,,,,0.096574,0.859646,0.440830,,,,,,
453301,,,,,,,,,-0.054935,0.000000,,,-2.672397,-4.061919,-0.082370,-0.057985,,,,,,,,,,,,
453311,,,,,,,,,-0.054935,0.000000,,,-2.793097,-3.962241,-0.082058,-0.059644,,,,,,,,,,,,
453320,0.096516,0.859616,0.442612,0.000000,1.000000,0.783802,0.000000,0.000000,-0.027467,-0.652434,-7.618627,-7.618627,-2.350112,-3.878373,-0.091035,-0.064723,-0.027088,0.168194,0.341190,,,,,,,,,
453324,,,,,,,,,,,,,,,,,,,,0.095041,0.858989,0.429495,,,,,,
453331,,,,,,,,,-0.054935,0.000000,,,-2.521927,-3.807806,-0.090336,-0.066191,,,,,,,,,,,,
453334,,,,,,,,,,,,,,,,,,,,0.094472,0.858738,0.429496,,,,,,
453341,,,,,,,,,-0.054935,0.000000,,,-2.666492,-3.748430,-0.089881,-0.067559,,,,,,,,,,,,
453344,,,,,,,,,,,,,,,,,,,,0.093928,0.858446,0.429496,,,,,,
453351,,,,,,,,,-0.082402,-0.652434,,,-2.788130,-4.243015,-0.089631,-0.063288,,,,,,,,,,,,
453361,,,,,,,,,-0.082402,0.652434,,,-3.435018,-4.114616,-0.083998,-0.065273,,,,,,,,,,,,
453367,0.093834,0.858392,0.433334,0.000000,1.000000,0.783802,0.000000,0.000000,,,-7.228147,-7.228147,,,,,-0.025700,0.167920,0.350468,,,,,,,,,
453371,,,,,,,,,-0.054935,0.000000,,,-2.890224,-4.006580,-0.086409,-0.063093,,,,,,,,,,,,
453379,,,,,,,,,-0.082402,-0.652434,,,-3.520921,-4.460223,-0.080844,-0.059110,,,,0.092509,0.857644,0.426664,,,,,,
453385,,,,,,,,,,,,,,,,,,,,0.091992,0.857404,0.423836,,,,,,
453391,,,,,,,,,-0.054935,0.000000,,,-3.507045,-4.297374,-0.081727,-0.061325,,,,,,,,,,,,
453394,,,,,,,,,,,,,,,,,,,,0.091400,0.857119,0.421008,,,,,,
453401,,,,,,,,,-0.082402,-0.652434,,,-3.495371,-4.704896,-0.082590,-0.057754,,,,,,,,,,,,
453411,,,,,,,,,-0.054935,0.000000,,,-3.485548,-4.503242,-0.083437,-0.060316,,,,,,,,,,,,
453417,0.091395,0.857129,0.422042,0.000000,1.000000,0.783802,0.000000,0.000000,,,-6.989674,-6.989674,,,,,-0.024852,0.167772,0.361760,,,,,,,,,
453421,,,,,,,,,-0.054935,0.000000,,,-3.477283,-4.333570,-0.081837,-0.060159,,,,,,,,,,,,
453424,,,,,,,,,,,,,,,,,,,,0.089315,0.856101,0.412521,,,,,,
453431,,,,,,,,,-0.082402,-0.652434,,,-3.470328,-4.735352,-0.082610,-0.056592,,,,,,,,,,,,
453439,,,,,,,,,-0.054935,0.000000,,,-3.464477,-4.528868,-0.083374,-0.059149,,,,0.088614,0.855793,0.412513,,,,,,
453444,,,,,,,,,,,,,,,,,,,,0.087991,0.855516,0.412519,,,,,,
453451,,,,,,,,,-0.082402,0.652434,,,-4.004097,-4.355132,-0.078575,-0.061413,,,,,,,,,,,,
453461,,,,,,,,,-0.082402,-0.652434,,,-3.913590,-4.753494,-0.080095,-0.057877,,,,,,,,,,,,
453467,0.087960,0.855515,0.410581,0.000000,1.000000,0.783802,0.000000,0.000000,,,-6.462876,-6.462876,,,,,-0.022979,0.167585,0.373221,,,,,,,,,
453471,,,,,,,,,-0.054935,0.000000,,,-3.837437,-4.544132,-0.076114,-0.055086,,,,,,,,,,,,
453474,,,,,,,,,,,,,,,,,,,,0.086200,0.854778,0.412521,,,,,,
453481,,,,,,,,,-0.082402,0.652434,,,-4.317905,-4.367975,-0.071738,-0.057267,,,,,,,,,,,,
453484,,,,,,,,,,,,,,,,,,,,0.085544,0.854509,0.415360,,,,,,
453491,,,,,,,,,-0.054935,0.000000,,,-4.177628,-4.219757,-0.073598,-0.059197,,,,,,,,,,,,
453499,,,,,,,,,-0.082402,0.652434,,,-4.604142,-4.095046,-0.069705,-0.060918,,,,0.084741,0.854118,0.418189,,,,,,
453511,,,,,,,,,-0.054935,0.000000,,,-4.418468,-3.990114,-0.071970,-0.062462,,,,,,,,,,,,
453517,0.084800,0.854144,0.417550,0.000000,1.000000,0.783802,0.000000,0.000000,,,-5.165515,-5.165515,,,,,-0.018366,0.167714,0.366252,,,,,,,,,
453521,,,,,,,,,-0.054935,0.000000,,,-4.262241,-3.901825,-0.060739,-0.050624,,,,,,,,,,,,
453524,,,,,,,,,,,,,,,,,,,,0.082956,0.853296,0.421046,,,,,,
453531,,,,,,,,,-0.109870,0.000000,,,-4.675336,-4.372081,-0.056707,-0.046080,,,,,,,,,,,,
453534,,,,,,,,,,,,,,,,,,,,0.082350,0.853035,0.423877,,,,,,
453541,,,,,,,,,-0.000000,0.000000,,,-3.933827,-3.678668,-0.064368,-0.053312,,,,,,,,,,,,
453544,,,,,,,,,,,,,,,,,,,,0.081712,0.852751,0.426680,,,,,,
453551,,,,,,,,,-0.054935,0.000000,,,-3.854465,-3.639774,-0.065424,-0.054006,,,,,,,,,,,,
453561,,,,,,,,,-0.054935,0.000000,,,-3.787689,-3.607049,-0.066367,-0.054645,,,,,,,,,,,,
453567,0.081760,0.852774,0.425914,0.000000,1.000000,0.783802,0.000000,0.000000,,,-3.833205,-3.833205,,,,,-0.013629,0.167852,0.357888,,,,,,,,,
453571,,,,,,,,,-0.054935,1.304868,,,-4.276048,-3.034970,-0.048072,-0.047202,,,,,,,,,,,,
453574,,,,,,,,,,,,,,,,,,,,0.080019,0.851952,0.426684,,,,,,
453581,,,,,,,,,-0.082402,-0.652434,,,-4.142409,-3.642710,-0.049346,-0.041163,,,,,,,,,,,,
453584,,,,,,,,,,,,,,,,,,,,0.079689,0.851832,0.426696,,,,,,
453591,,,,,,,,,-0.027467,-0.652434,,,-3.485423,-3.609519,-0.055986,-0.041539,,,,,,,,,,,,
453594,,,,,,,,,,,,,,,,,,,,0.079374,0.851726,0.426696,,,,,,
453601,,,,,,,,,-0.027467,-0.652434,,,-2.932634,-3.581592,-0.061694,-0.041869,,,,,,,,,,,,
453611,,,,,,,,,-0.027467,0.652434,,,-3.012061,-3.013551,-0.061064,-0.047713,,,,,,,,,,,,
453620,0.079470,0.851765,0.429368,0.000000,1.000000,0.783802,0.000000,0.000000,-0.054935,0.000000,-2.966271,-2.966271,-3.078891,-3.080145,-0.051704,-0.038355,-0.010547,0.167863,0.354434,,,,,,,,,
453624,,,,,,,,,,,,,,,,,,,,0.078404,0.851320,0.421018,,,,,,
453631,,,,,,,,,-0.027467,-0.652434,,,-2.590579,-3.136177,-0.056662,-0.037761,,,,,,,,,,,,
453634,,,,,,,,,,,,,,,,,,,,0.078329,0.851279,0.421031,,,,,,
453641,,,,,,,,,-0.000000,0.000000,,,-2.179713,-2.638778,-0.060928,-0.042800,,,,,,,,,,,,
453644,,,,,,,,,,,,,,,,,,,,0.078274,0.851279,0.421064,,,,,,
453651,,,,,,,,,-0.000000,0.000000,,,-1.834010,-2.220268,-0.064611,-0.047135,,,,,,,,,,,,
453661,,,,,,,,,-0.000000,0.000000,,,-1.543136,-1.868133,-0.067805,-0.050876,,,,,,,,,,,,
453667,0.078374,0.851319,0.421761,0.000000,1.000000,0.783802,0.000000,0.000000,,,-2.992786,-2.992786,,,,,-0.010641,0.167735,0.362041,,,,,,,,,
453671,,,,,,,,,-0.000000,0.000000,,,-1.298394,-1.571847,-0.070856,-0.054388,,,,,,,,,,,,
453679,,,,,,,,,-0.027467,0.652434,,,-1.637012,-1.322552,-0.067741,-0.057215,,,,0.077523,0.850941,0.421031,,,,,,
453684,,,,,,,,,,,,,,,,,,,,0.077540,0.850947,0.421046,,,,,,
453691,,,,,,,,,-0.000000,0.000000,,,-1.377381,-1.112795,-0.070661,-0.059688,,,,,,,,,,,,
453694,,,,,,,,,,,,,,,,,,,,0.077616,0.850981,0.421046,,,,,,
453701,,,,,,,,,-0.027467,-0.652434,,,-1.158929,-1.480849,-0.073212,-0.056310,,,,,,,,,,,,
453711,,,,,,,,,-0.000000,0.000000,,,-0.975122,-1.245986,-0.075453,-0.059008,,,,,,,,,,,,
453717,0.077680,0.851010,0.421106,0.000000,1.000000,0.783802,0.000000,0.000000,,,-2.809831,-2.809831,,,,,-0.009991,0.167727,0.362695,,,,,,,,,
453721,,,,,,,,,-0.000000,0.000000,,,-0.820468,-1.048372,-0.075568,-0.059507,,,,,,,,,,,,
453724,,,,,,,,,,,,,,,,,,,,0.077717,0.851043,0.418255,,,,,,
453731,,,,,,,,,-0.000000,0.000000,,,-0.690341,-0.882100,-0.077293,-0.061555,,,,,,,,,,,,
453734,,,,,,,,,,,,,,,,,,,,0.077623,0.851023,0.415406,,,,,,
453741,,,,,,,,,-0.000000,0.000000,,,-0.580853,-0.742199,-0.078834,-0.063368,,,,,,,,,,,,
453745,,,,,,,,,,,,,,,,,,,,0.077527,0.850975,0.415406,,,,,,
453751,,,,,,,,,-0.027467,-0.652434,,,-0.488730,-1.169029,-0.080220,-0.059428,,,,,,,,,,,,
453761,,,,,,,,,-0.000000,0.000000,,,-0.411217,-0.983621,-0.081474,-0.061647,,,,,,,,,,,,
453767,0.077540,0.850978,0.415884,0.000000,1.000000,0.783802,0.000000,0.000000,,,-3.016474,-3.016474,,,,,-0.010725,0.167645,0.367918,,,,,,,,,
453771,,,,,,,,,-0.000000,0.000000,,,-0.345998,-0.827619,-0.084727,-0.065711,,,,,,,,,,,,
453774,,,,,,,,,,,,,,,,,,,,0.077462,0.850962,0.409750,,,,,,
453781,,,,,,,,,-0.000000,0.000000,,,-0.291123,-0.696358,-0.085821,-0.067488,,,,,,,,,,,,
453784,,,,,,,,,,,,,,,,,,,,0.077356,0.850936,0.409720,,,,,,
453791,,,,,,,,,-0.000000,0.000000,,,-0.244951,-0.585916,-0.086837,-0.069079,,,,,,,,,,,,
453798,,,,,,,,,,,,,,,,,,,,0.077201,0.850866,0.409718,,,,,,
453801,,,,,,,,,-0.027467,-0.652434,,,-0.206101,-1.037533,-0.087788,-0.064958,,,,,,,,,,,,
453811,,,,,,,,,-0.027467,-0.652434,,,-0.173414,-1.417523,-0.088683,-0.061478,,,,,,,,,,,,
453817,0.077123,0.850830,0.407498,0.000000,1.000000,0.783802,0.000000,0.000000,,,-3.287747,-3.287747,,,,,-0.011690,0.167520,0.376304,,,,,,,,,
453821,,,,,,,,,-0.000000,0.000000,,,-0.145910,-1.192704,-0.092299,-0.066858,,,,,,,,,,,,
453824,,,,,,,,,,,,,,,,,,,,0.076946,0.850796,0.401243,,,,,,
453831,,,,,,,,,-0.054935,0.000000,,,-0.667312,-1.548084,-0.087609,-0.063652,,,,,,,,,,,,
453834,,,,,,,,,,,,,,,,,,,,0.076871,0.850782,0.398433,,,,,,
453841,,,,,,,,,-0.000000,0.000000,,,-0.561476,-1.302558,-0.089213,-0.066504,,,,,,,,,,,,
453844,,,,,,,,,,,,,,,,,,,,0.076687,0.850731,0.395610,,,,,,
453851,,,,,,,,,-0.027467,0.652434,,,-1.016969,-1.095972,-0.085112,-0.069009,,,,,,,,,,,,
453861,,,,,,,,,-0.027467,-0.652434,,,-0.855678,-1.466694,-0.087211,-0.065666,,,,,,,,,,,,
453867,0.076618,0.850695,0.393870,0.000000,1.000000,0.783802,0.000000,0.000000,,,-3.783673,-3.783673,,,,,-0.013453,0.167276,0.389932,,,,,,,,,
453871,,,,,,,,,-0.027467,0.652434,,,-1.264510,-1.234076,-0.088586,-0.073461,,,,,,,,,,,,
453874,,,,,,,,,,,,,,,,,,,,0.075970,0.850443,0.401257,,,,,,
453881,,,,,,,,,-0.027467,0.652434,,,-1.608502,-1.038351,-0.085581,-0.075967,,,,,,,,,,,,
453884,,,,,,,,,,,,,,,,,,,,0.075680,0.850281,0.406908,,,,,,
453891,,,,,,,,,-0.027467,0.652434,,,-1.897937,-0.873669,-0.083064,-0.078196,,,,0.075377,0.850103,0.412547,,,,,,
453901,,,,,,,,,-0.054935,0.000000,,,-2.141467,-1.279648,-0.080957,-0.074637,,,,,,,,,,,,
453911,,,,,,,,,-0.027467,0.652434,,,-2.346373,-1.076696,-0.079196,-0.077208,,,,,,,,,,,,
453920,0.075375,0.850107,0.413717,0.000000,1.000000,0.783802,0.000000,0.000000,-0.054935,0.000000,-2.462852,-2.462852,-2.518781,-1.450475,-0.064252,-0.060465,-0.008757,0.167549,0.370085,,,,,,,,,
453924,,,,,,,,,,,,,,,,,,,,0.074132,0.849528,0.421034,,,,,,
453931,,,,,,,,,-0.054935,0.000000,,,-2.663845,-1.764972,-0.062761,-0.057459,,,,,,,,,,,,
453934,,,,,,,,,,,,,,,,,,,,0.073738,0.849359,0.423864,,,,,,
453941,,,,,,,,,-0.054935,0.000000,,,-2.785902,-2.029591,-0.061476,-0.054900,,,,,,,,,,,,
453944,,,,,,,,,,,,,,,,,,,,0.073359,0.849187,0.421046,,,,,,
453951,,,,,,,,,-0.000000,0.000000,,,-2.344058,-1.707697,-0.065918,-0.058270,,,,,,,,,,,,
453961,,,,,,,,,-0.054935,0.000000,,,-2.516833,-1.981400,-0.064180,-0.055629,,,,,,,,,,,,
453967,0.073317,0.849171,0.420431,0.000000,1.000000,0.783802,0.000000,0.000000,,,-1.510453,-1.510453,,,,,-0.005371,0.167618,0.363371,,,,,,,,,
453971,,,,,,,,,-0.027467,0.652434,,,-2.662206,-1.667149,-0.052972,-0.049216,,,,,,,,,,,,
453979,,,,,,,,,-0.027467,-0.652434,,,-2.239980,-1.947282,-0.057048,-0.046327,,,,0.072269,0.848651,0.423877,,,,,,
453984,,,,,,,,,,,,,,,,,,,,0.071914,0.848501,0.423862,,,,,,
453991,,,,,,,,,-0.000000,0.000000,,,-1.884719,-1.638443,-0.060526,-0.049390,,,,,,,,,,,,
453994,,,,,,,,,,,,,,,,,,,,0.071526,0.848372,0.423862,,,,,,
454001,,,,,,,,,-0.027467,-0.652434,,,-1.585802,-1.923129,-0.063500,-0.046461,,,,,,,,,,,,
454011,,,,,,,,,-0.000000,0.000000,,,-1.334294,-1.618121,-0.066050,-0.049489,,,,,,,,,,,,
454017,0.071677,0.848439,0.423574,0.000000,1.000000,0.783802,0.000000,0.000000,,,-0.857079,-0.857079,,,,,-0.003047,0.167628,0.360228,,,,,,,,,
454021,,,,,,,,,-0.000000,0.000000,,,-1.122675,-1.361486,-0.061580,-0.045421,,,,,,,,,,,,
454024,,,,,,,,,,,,,,,,,,,,0.071116,0.848207,0.421018,,,,,,
454031,,,,,,,,,-0.000000,0.000000,,,-0.944618,-1.145555,-0.063343,-0.047523,,,,,,,,,,,,
454039,,,,,,,,,-0.000000,0.000000,,,-0.794802,-0.963869,-0.064853,-0.049318,,,,0.071118,0.848224,0.421018,,,,,,
454044,,,,,,,,,,,,,,,,,,,,0.071170,0.848239,0.421031,,,,,,
454051,,,,,,,,,-0.000000,0.000000,,,-0.668746,-0.811000,-0.066151,-0.050856,,,,,,,,,,,,
454061,,,,,,,,,-0.000000,0.000000,,,-0.562683,-0.682375,-0.067271,-0.052177,,,,,,,,,,,,
454067,0.071212,0.848256,0.421245,0.000000,1.000000,0.783802,0.000000,0.000000,,,-0.826678,-0.826678,,,,,-0.002939,0.167597,0.362557,,,,,,,,,
454071,,,,,,,,,-0.000000,0.000000,,,-0.473441,-0.574150,-0.067930,-0.053006,,,,,,,,,,,,
454074,,,,,,,,,,,,,,,,,,,,0.071253,0.848280,0.418202,,,,,,
454081,,,,,,,,,-0.000000,0.000000,,,-0.398353,-0.483090,-0.068767,-0.053985,,,,,,,,,,,,
454084,,,,,,,,,,,,,,,,,,,,0.071223,0.848269,0.421031,,,,,,
454091,,,,,,,,,-0.000000,0.000000,,,-0.335175,-0.406472,-0.069497,-0.054835,,,,,,,,,,,,
454099,,,,,,,,,-0.000000,0.000000,,,-0.282016,-0.342005,-0.070137,-0.055577,,,,0.071206,0.848261,0.418202,,,,,,
454111,,,,,,,,,-0.000000,0.000000,,,-0.237288,-0.287763,-0.070702,-0.056227,,,,,,,,,,,,
454117,0.071206,0.848261,0.418457,0.000001,1.000001,0.783802,0.000000,0.000000,,,-0.956706,-0.956706,,,,,-0.003402,0.167582,0.365345,,,,,,,,,
454121,,,,,,,,,-0.000000,0.000000,,,-0.199654,-0.242124,-0.072530,-0.058127,,,,,,,,,,,,
454125,,,,,,,,,,,,,,,,,,,,0.071240,0.848282,0.418202,,,,,,
454131,,,,,,,,,-0.000000,0.000000,,,-0.167989,-0.203723,-0.073005,-0.058661,,,,,,,,,,,,
454134,,,,,,,,,,,,,,,,,,,,0.071241,0.848285,0.418202,,,,,,
454141,,,,,,,,,-0.000000,0.000000,,,-0.141346,-0.171413,-0.073434,-0.059142,,,,,,,,,,,,
454145,,,,,,,,,,,,,,,,,,,,0.071241,0.848285,0.418202,,,,,,
454151,,,,,,,,,-0.000000,0.000000,,,-0.118928,-0.144227,-0.073826,-0.059576,,,,,,,,,,,,
454161,,,,,,,,,-0.000000,0.000000,,,-0.100066,-0.121352,-0.074186,-0.059972,,,,,,,,,,,,
454167,0.071238,0.848283,0.418223,0.000007,1.000007,0.783802,0.000074,-0.000000,,,-0.972820,-0.970758,,,,,-0.003471,0.167577,0.365579,,,,,,,,,
454171,,,,,,,,,-0.000000,0.000000,,,-0.084196,-0.102106,-0.074684,-0.060479,,,,,,,,,,,,
454175,,,,,,,,,,,,,,,,,,,,0.071220,0.848257,0.421022,,,,,,
454181,,,,,,,,,-0.000000,0.000000,,,-0.070842,-0.085912,-0.074997,-0.060817,,,,,,,,,,,,
454184,,,,,,,,,,,,,,,,,,,,0.071222,0.848269,0.421022,,,,,,
454191,,,,,,,,,-0.000000,0.000000,,,-0.059607,-0.072286,-0.075292,-0.061133,,,,,,,,,,,,
454194,,,,,,,,,,,,,,,,,,,,0.071220,0.848264,0.418192,,,,,,
454201,,,,,,,,,-0.000000,0.000000,,,-0.050153,-0.060822,-0.075572,-0.061430,,,,,,,,,,,,
454211,,,,,,,,,-0.000000,0.000000,,,-0.042199,-0.051175,-0.075837,-0.061710,,,,,,,,,,,,
454219,0.071222,0.848266,0.418195,0.000023,1.000023,0.783802,0.000294,-0.000000,-0.000000,0.000000,-0.952437,-0.944244,-0.035506,-0.043059,-0.075884,-0.061707,-0.003433,0.167594,0.365607,,,,,,,,,
454224,,,,,,,,,,,,,,,,,,,,0.071244,0.848289,0.418217,,,,,,
454231,,,,,,,,,-0.000000,0.000000,,,-0.029875,-0.036230,-0.076125,-0.061957,,,,,,,,,,,,
454234,,,,,,,,,,,,,,,,,,,,0.071239,0.848283,0.418217,,,,,,
454241,,,,,,,,,-0.000000,0.000000,,,-0.025137,-0.030484,-0.076357,-0.062197,,,,,,,,,,,,
454245,,,,,,,,,,,,,,,,,,,,0.071228,0.848280,0.418217,,,,,,
454251,,,,,,,,,-0.000000,0.000000,,,-0.021150,-0.025649,-0.076583,-0.062429,,,,,,,,,,,,
454261,,,,,,,,,-0.027467,-0.652434,,,-0.017796,-0.566124,-0.076804,-0.057100,,,,,,,,,,,,
454267,0.071122,0.848234,0.415477,0.000055,1.000055,0.783802,0.000655,-0.000002,,,-1.023299,-1.004950,,,,,-0.003742,0.167589,0.368325,,,,,,,,,
454271,,,,,,,,,-0.000000,0.000000,,,-0.014973,-0.476337,-0.077742,-0.058710,,,,,,,,,,,,
454278,,,,,,,,,,,,,,,,,,,,0.071201,0.848281,0.415388,,,,,,
454281,,,,,,,,,-0.000000,0.000000,,,-0.012598,-0.400790,-0.077968,-0.059587,,,,,,,,,,,,
454284,,,,,,,,,,,,,,,,,,,,0.071164,0.848267,0.415375,,,,,,
454291,,,,,,,,,-0.000000,0.000000,,,-0.010600,-0.337224,-0.078191,-0.060356,,,,,,,,,,,,
454294,,,,,,,,,,,,,,,,,,,,0.071154,0.848260,0.415375,,,,,,
454301,,,,,,,,,-0.000000,0.000000,,,-0.008919,-0.283741,-0.078411,-0.061035,,,,,,,,,,,,
454311,,,,,,,,,-0.000000,0.000000,,,-0.007505,-0.238739,-0.078628,-0.061638,,,,,,,,,,,,
454317,0.071151,0.848258,0.415384,0.000107,1.000106,0.783801,0.001152,-0.000009,,,-0.996863,-0.964614,,,,,-0.003726,0.167605,0.368417,,,,,,,,,
454321,,,,,,,,,-0.000000,0.000000,,,-0.006314,-0.200875,-0.078574,-0.061766,,,,,,,,,,,,
454324,,,,,,,,,,,,,,,,,,,,0.071123,0.848257,0.415363,,,,,,
454331,,,,,,,,,-0.000000,0.000000,,,-0.005313,-0.169016,-0.078782,-0.062244,,,,,,,,,,,,
454339,,,,,,,,,-0.000000,0.000000,,,-0.004470,-0.142210,-0.078989,-0.062676,,,,0.071111,0.848253,0.415363,,,,,,
454345,,,,,,,,,,,,,,,,,,,,0.071119,0.848254,0.415363,,,,,,
454351,,,,,,,,,-0.000000,0.000000,,,-0.003761,-0.119656,-0.079194,-0.063071,,,,,,,,,,,,
454361,,,,,,,,,-0.000000,0.000000,,,-0.003165,-0.100678,-0.079399,-0.063434,,,,,,,,,,,,
454367,0.071122,0.848255,0.415365,0.000183,1.000182,0.783799,0.001782,-0.000027,,,-0.933666,-0.883847,,,,,-0.003601,0.167634,0.368434,,,,,,,,,
454371,,,,,,,,,-0.000000,0.000000,,,-0.002663,-0.084711,-0.078958,-0.062945,,,,,,,,,,,,
454374,,,,,,,,,,,,,,,,,,,,0.071125,0.848264,0.415363,,,,,,
454381,,,,,,,,,-0.000000,0.000000,,,-0.002240,-0.071276,-0.079149,-0.063242,,,,,,,,,,,,
454384,,,,,,,,,,,,,,,,,,,,0.071116,0.848256,0.415363,,,,,,
454391,,,,,,,,,-0.000000,0.000000,,,-0.001885,-0.059971,-0.079339,-0.063520,,,,,,,,,,,,
454399,,,,,,,,,-0.000000,0.000000,,,-0.001586,-0.050460,-0.079528,-0.063782,,,,0.071111,0.848255,0.415363,,,,,,
454411,,,,,,,,,-0.000000,0.000000,,,-0.001335,-0.042457,-0.079717,-0.064030,,,,,,,,,,,,
454417,0.071112,0.848255,0.415364,0.000288,1.000287,0.783794,0.002540,-0.000067,,,-0.858668,-0.787804,,,,,-0.003454,0.167684,0.368430,,,,,,,,,
454421,,,,,,,,,-0.000000,0.000000,,,-0.001123,-0.035723,-0.079141,-0.063287,,,,,,,,,,,,
454424,,,,,,,,,,,,,,,,,,,,0.071120,0.848256,0.415363,,,,,,
454431,,,,,,,,,-0.000000,0.000000,,,-0.000945,-0.030058,-0.079314,-0.063496,,,,,,,,,,,,
454434,,,,,,,,,,,,,,,,,,,,0.071120,0.848256,0.415363,,,,,,
454441,,,,,,,,,-0.000000,0.000000,,,-0.000795,-0.025290,-0.079487,-0.063696,,,,,,,,,,,,
454445,,,,,,,,,,,,,,,,,,,,0.071123,0.848254,0.415363,,,,,,
454451,,,,,,,,,-0.000000,0.000000,,,-0.000669,-0.021279,-0.079660,-0.063889,,,,,,,,,,,,
454461,,,,,,,,,-0.000000,0.000000,,,-0.000563,-0.017904,-0.079833,-0.064077,,,,,,,,,,,,
454467,0.071122,0.848254,0.415363,0.000427,1.000425,0.783784,0.003422,-0.000142,,,-0.770324,-0.675119,,,,,-0.003279,0.167759,0.368421,,,,,,,,,
454471,,,,,,,,,-0.000000,0.000000,,,-0.000474,-0.015065,-0.079104,-0.063111,,,,,,,,,,,,
454474,,,,,,,,,,,,,,,,,,,,0.071137,0.848255,0.415388,,,,,,
454481,,,,,,,,,-0.000000,0.000000,,,-0.000398,-0.012676,-0.079259,-0.063267,,,,,,,,,,,,
454484,,,,,,,,,,,,,,,,,,,,0.071120,0.848248,0.415375,,,,,,
454491,,,,,,,,,-0.000000,0.000000,,,-0.000335,-0.010665,-0.079414,-0.063420,,,,,,,,,,,,
454494,,,,,,,,,,,,,,,,,,,,0.071122,0.848260,0.415363,,,,,,
454501,,,,,,,,,-0.000000,0.000000,,,-0.000282,-0.008974,-0.079568,-0.063570,,,,,,,,,,,,
454511,,,,,,,,,-0.000000,0.000000,,,-0.000237,-0.007550,-0.079723,-0.063718,,,,,,,,,,,,
454520,0.071122,0.848259,0.415363,0.000603,1.000601,0.783765,0.004424,-0.000271,-0.000000,0.000000,-0.661015,-0.538385,-0.000200,-0.006353,-0.078762,-0.062469,-0.003049,0.167844,0.368402,,,,,,,,,
454524,,,,,,,,,,,,,,,,,,,,0.071137,0.848255,0.415375,,,,,,
454531,,,,,,,,,-0.000000,0.000000,,,-0.000168,-0.005345,-0.078895,-0.062586,,,,,,,,,,,,
454534,,,,,,,,,,,,,,,,,,,,0.071126,0.848255,0.415375,,,,,,
454541,,,,,,,,,-0.000000,0.000000,,,-0.000141,-0.004498,-0.079027,-0.062701,,,,,,,,,,,,
454544,,,,,,,,,,,,,,,,,,,,0.071135,0.848253,0.415375,,,,,,
454551,,,,,,,,,-0.000000,0.000000,,,-0.000119,-0.003784,-0.079159,-0.062815,,,,,,,,,,,,
454561,,,,,,,,,-0.000000,0.000000,,,-0.000100,-0.003184,-0.079292,-0.062928,,,,,,,,,,,,
454567,0.071134,0.848254,0.415374,0.000820,1.000818,0.783734,0.005540,-0.000480,,,-0.532550,-0.379718,,,,,-0.002770,0.167965,0.368360,,,,,,,,,
454571,,,,,,,,,-0.000000,0.000000,,,-0.000084,-0.002679,-0.078114,-0.061422,,,,,,,,,,,,
454579,,,,,,,,,-0.000000,0.000000,,,-0.000071,-0.002254,-0.078220,-0.061501,,,,0.071141,0.848261,0.415388,,,,,,
454584,,,,,,,,,,,,,,,,,,,,0.071125,0.848253,0.415375,,,,,,
454591,,,,,,,,,-0.000000,0.000000,,,-0.000060,-0.001897,-0.078327,-0.061581,,,,,,,,,,,,
454594,,,,,,,,,,,,,,,,,,,,0.071117,0.848255,0.415375,,,,,,
454601,,,,,,,,,-0.000000,0.000000,,,-0.000050,-0.001596,-0.078434,-0.061659,,,,,,,,,,,,
454611,,,,,,,,,-0.000000,0.000000,,,-0.000042,-0.001343,-0.078540,-0.061737,,,,,,,,,,,,
454617,0.071119,0.848255,0.415375,0.001083,1.001080,0.783683,0.006768,-0.000797,,,-0.376023,-0.190417,,,,,-0.002410,0.168092,0.368308,,,,,,,,,
454621,,,,,,,,,-0.000000,0.000000,,,-0.000036,-0.001130,-0.077050,-0.059884,,,,,,,,,,,,
454624,,,,,,,,,,,,,,,,,,,,0.071130,0.848258,0.415375,,,,,,
454631,,,,,,,,,-0.000000,0.000000,,,-0.000030,-0.000951,-0.077125,-0.059924,,,,,,,,,,,,
454639,,,,,,,,,-0.000000,0.000000,,,-0.000025,-0.000800,-0.077201,-0.059964,,,,0.071143,0.848258,0.415375,,,,,,
454644,,,,,,,,,,,,,,,,,,,,0.071131,0.848258,0.415375,,,,,,
454651,,,,,,,,,-0.000000,0.000000,,,-0.000021,-0.000673,-0.077276,-0.060003,,,,,,,,,,,,
454661,,,,,,,,,-0.000000,0.000000,,,-0.000018,-0.000566,-0.077351,-0.060042,,,,,,,,,,,,
454667,0.071130,0.848258,0.415375,0.001395,1.001391,0.783605,0.008103,-0.001258,,,-0.203237,0.017385,,,,,-0.002010,0.168252,0.368230,,,,,,,,,
454671,,,,,,,,,-0.000000,0.000000,,,-0.000015,-0.000476,-0.075664,-0.057961,,,,,,,,,,,,
454674,,,,,,,,,,,,,,,,,,,,0.071126,0.848256,0.415375,,,,,,
454681,,,,,,,,,-0.000000,0.000000,,,-0.000013,-0.000401,-0.075705,-0.057958,,,,,,,,,,,,
454684,,,,,,,,,,,,,,,,,,,,0.071141,0.848256,0.415375,,,,,,
454691,,,,,,,,,-0.000000,0.000000,,,-0.000011,-0.000337,-0.075745,-0.057955,,,,,,,,,,,,
454699,,,,,,,,,-0.000000,0.000000,,,-0.000009,-0.000284,-0.075786,-0.057952,,,,0.071144,0.848253,0.415375,,,,,,
454711,,,,,,,,,-0.000000,0.000000,,,-0.000008,-0.000239,-0.075827,-0.057949,,,,,,,,,,,,
454717,0.071143,0.848254,0.415375,0.001760,1.001754,0.783489,0.009540,-0.001907,,,-0.005754,0.251746,,,,,-0.001541,0.168446,0.368114,,,,,,,,,
454721,,,,,,,,,-0.000000,0.000000,,,-0.000006,-0.000201,-0.073853,-0.055556,,,,,,,,,,,,
454724,,,,,,,,,,,,,,,,,,,,0.071147,0.848258,0.415375,,,,,,
454731,,,,,,,,,-0.000000,0.000000,,,-0.000005,-0.000169,-0.073854,-0.055506,,,,,,,,,,,,
454734,,,,,,,,,,,,,,,,,,,,0.071135,0.848261,0.415375,,,,,,
454741,,,,,,,,,-0.000000,0.000000,,,-0.000004,-0.000142,-0.073855,-0.055455,,,,,,,,,,,,
454745,,,,,,,,,,,,,,,,,,,,0.071123,0.848260,0.415375,,,,,,
454751,,,,,,,,,-0.000000,0.000000,,,-0.000004,-0.000120,-0.073856,-0.055405,,,,,,,,,,,,
454770,0.071125,0.848260,0.415375,0.002181,1.002174,0.783321,0.011076,-0.002789,-0.000000,0.000000,0.224666,0.520560,-0.000003,-0.000085,-0.071462,-0.052509,-0.000972,0.168647,0.367946,,,,,,,,,
454773,,,,,,,,,,,,,,,,,,,,0.071130,0.848260,0.415375,,,,,,
454781,,,,,,,,,-0.000000,0.000000,,,-0.000002,-0.000071,-0.071417,-0.052405,,,,,,,,,,,,
454784,,,,,,,,,,,,,,,,,,,,0.071144,0.848256,0.415375,,,,,,
454791,,,,,,,,,-0.000000,0.000000,,,-0.000002,-0.000060,-0.071372,-0.052301,,,,,,,,,,,,
454794,,,,,,,,,,,,,,,,,,,,0.071147,0.848260,0.415375,,,,,,
454801,,,,,,,,,-0.000000,0.000000,,,-0.000002,-0.000050,-0.071328,-0.052197,,,,,,,,,,,,
454811,,,,,,,,,-0.000000,0.000000,,,-0.000001,-0.000042,-0.071283,-0.052093,,,,,,,,,,,,
454819,0.071146,0.848260,0.415375,0.002662,1.002652,0.783087,0.012706,-0.003960,-0.000000,0.000000,0.472796,0.808159,-0.000001,-0.000036,-0.068707,-0.049056,-0.000358,0.168899,0.367712,,,,,,,,,
454824,,,,,,,,,,,,,,,,,,,,0.071136,0.848256,0.415375,,,,,,
454831,,,,,,,,,-0.000000,0.000000,,,-0.000001,-0.000030,-0.068612,-0.048894,,,,,,,,,,,,
454834,,,,,,,,,,,,,,,,,,,,0.071146,0.848259,0.415375,,,,,,
454841,,,,,,,,,-0.000000,0.000000,,,-0.000001,-0.000025,-0.068518,-0.048732,,,,,,,,,,,,
454844,,,,,,,,,,,,,,,,,,,,0.071137,0.848262,0.415375,,,,,,
454851,,,,,,,,,-0.000000,0.000000,,,-0.000001,-0.000021,-0.068423,-0.048571,,,,,,,,,,,,
454861,,,,,,,,,-0.000000,0.000000,,,-0.000001,-0.000018,-0.068329,-0.048409,,,,,,,,,,,,
454867,0.071137,0.848262,0.415375,0.003205,1.003192,0.782766,0.014425,-0.005480,,,0.755943,1.131348,,,,,0.000364,0.169168,0.367391,,,,,,,,,
454871,,,,,,,,,-0.000000,0.000000,,,-0.000000,-0.000015,-0.065346,-0.044951,,,,,,,,,,,,
454879,,,,,,,,,-0.000000,0.000000,,,-0.000000,-0.000013,-0.065195,-0.044725,,,,0.071132,0.848262,0.415375,,,,,,
454884,,,,,,,,,,,,,,,,,,,,0.071132,0.848260,0.415375,,,,,,
454891,,,,,,,,,-0.000000,0.000000,,,-0.000000,-0.000011,-0.065043,-0.044499,,,,,,,,,,,,
454894,,,,,,,,,,,,,,,,,,,,0.071147,0.848261,0.415375,,,,,,
454901,,,,,,,,,-0.000000,0.000000,,,-0.000000,-0.000009,-0.064892,-0.044272,,,,,,,,,,,,
454911,,,,,,,,,-0.000000,0.000000,,,-0.000000,-0.000008,-0.064741,-0.044046,,,,,,,,,,,,
454917,0.071146,0.848262,0.415375,0.003813,1.003797,0.782337,0.016228,-0.007415,,,1.064112,1.479610,,,,,0.001156,0.169481,0.366962,,,,,,,,,
454921,,,,,,,,,-0.000000,0.000000,,,-0.000000,-0.000006,-0.061447,-0.040268,,,,,,,,,,,,
454924,,,,,,,,,,,,,,,,,,,,0.071138,0.848261,0.415375,,,,,,
454931,,,,,,,,,-0.000000,0.000000,,,-0.000000,-0.000005,-0.061234,-0.039972,,,,,,,,,,,,
454939,,,,,,,,,-0.000000,0.000000,,,-0.000000,-0.000004,-0.061021,-0.039676,,,,0.071151,0.848262,0.415375,,,,,,
454944,,,,,,,,,,,,,,,,,,,,0.071156,0.848261,0.415375,,,,,,
454951,,,,,,,,,-0.000000,0.000000,,,-0.000000,-0.000004,-0.060808,-0.039380,,,,,,,,,,,,
454961,,,,,,,,,-0.000000,0.000000,,,-0.000000,-0.000003,-0.060595,-0.039084,,,,,,,,,,,,
454967,0.071155,0.848261,0.415375,0.004490,1.004470,0.781773,0.018111,-0.009839,,,1.402840,1.857918,,,,,0.002039,0.169827,0.366398,,,,,,,,,
454971,,,,,,,,,-0.000000,0.000000,,,-0.000000,-0.000003,-0.056927,-0.034929,,,,,,,,,,,,
454974,,,,,,,,,,,,,,,,,,,,0.071160,0.848257,0.415375,,,,,,
454981,,,,,,,,,-0.000000,0.000000,,,-0.000000,-0.000002,-0.056647,-0.034558,,,,,,,,,,,,
454984,,,,,,,,,,,,,,,,,,,,0.071157,0.848260,0.415375,,,,,,
454991,,,,,,,,,-0.000000,0.000000,,,-0.000000,-0.000002,-0.056366,-0.034186,,,,,,,,,,,,
454999,,,,,,,,,-0.000000,0.000000,,,-0.000000,-0.000002,-0.056086,-0.033815,,,,0.071155,0.848263,0.415375,,,,,,
455011,,,,,,,,,-0.000000,0.000000,,,-0.000000,-0.000001,-0.055805,-0.033443,,,,,,,,,,,,
455017,0.071155,0.848263,0.415375,0.005238,1.005212,0.781043,0.020068,-0.012829,,,1.774710,2.268195,,,,,0.003023,0.170202,0.365668,,,,,,,,,
455021,,,,,,,,,-0.000000,0.000000,,,-0.000000,-0.000001,-0.051732,-0.028887,,,,,,,,,,,,
455024,,,,,,,,,,,,,,,,,,,,0.071159,0.848267,0.415388,,,,,,
455031,,,,,,,,,-0.000000,0.000000,,,-0.000000,-0.000001,-0.051377,-0.028433,,,,,,,,,,,,
455034,,,,,,,,,,,,,,,,,,,,0.071156,0.848262,0.415375,,,,,,
455041,,,,,,,,,-0.000000,0.000000,,,-0.000000,-0.000001,-0.051022,-0.027979,,,,,,,,,,,,
455044,,,,,,,,,,,,,,,,,,,,0.071157,0.848263,0.415375,,,,,,
455051,,,,,,,,,-0.000000,0.000000,,,-0.000000,-0.000001,-0.050667,-0.027526,,,,,,,,,,,,
455061,,,,,,,,,-0.000000,0.000000,,,-0.000000,-0.000001,-0.050312,-0.027072,,,,,,,,,,,,
455067,0.071157,0.848263,0.415375,0.006060,1.006026,0.780113,0.022093,-0.016472,,,2.178528,2.708528,,,,,0.004102,0.170616,0.364738,,,,,,,,,
455071,,,,,,,,,-0.000000,0.000000,,,-0.000000,-0.000000,-0.045838,-0.022127,,,,,,,,,,,,
455074,,,,,,,,,,,,,,,,,,,,0.071154,0.848263,0.415375,,,,,,
455081,,,,,,,,,-0.000000,0.000000,,,-0.000000,-0.000000,-0.045402,-0.021585,,,,,,,,,,,,
455084,,,,,,,,,,,,,,,,,,,,0.071159,0.848261,0.415375,,,,,,
455091,,,,,,,,,-0.000000,0.000000,,,-0.000000,-0.000000,-0.044966,-0.021044,,,,,,,,,,,,
455094,,,,,,,,,,,,,,,,,,,,0.071160,0.848261,0.415375,,,,,,
455101,,,,,,,,,-0.000000,0.000000,,,-0.000000,-0.000000,-0.044531,-0.020502,,,,,,,,,,,,
455111,,,,,,,,,-0.000000,0.000000,,,-0.000000,-0.000000,-0.044095,-0.019960,,,,,,,,,,,,
455120,0.071159,0.848261,0.415375,0.006958,1.006913,0.778943,0.024180,-0.020861,-0.000000,0.000000,2.615299,3.179132,-0.000000,-0.000000,-0.039204,-0.014618,0.005279,0.171068,0.363568,,,,,,,,,
455124,,,,,,,,,,,,,,,,,,,,0.071162,0.848264,0.415375,,,,,,
455131,,,,,,,,,-0.000000,0.000000,,,-0.000000,-0.000000,-0.038681,-0.013982,,,,,,,,,,,,
455134,,,,,,,,,,,,,,,,,,,,0.071160,0.848261,0.415375,,,,,,
455141,,,,,,,,,-0.000000,0.000000,,,-0.000000,-0.000000,-0.038158,-0.013347,,,,,,,,,,,,
455144,,,,,,,,,,,,,,,,,,,,0.071161,0.848263,0.415375,,,,,,
455151,,,,,,,,,-0.000000,0.000000,,,-0.000000,-0.000000,-0.037635,-0.012711,,,,,,,,,,,,
455161,,,,,,,,,-0.000000,0.000000,,,-0.000000,-0.000000,-0.037112,-0.012075,,,,,,,,,,,,
455167,0.071161,0.848263,0.415375,0.007934,1.007875,0.777488,0.026321,-0.026095,,,3.085775,3.679851,,,,,0.006558,0.171553,0.362113,,,,,,,,,
455171,,,,,,,,,-0.000000,0.000000,,,-0.000000,-0.000000,-0.031790,-0.006332,,,,0.071163,0.848263,0.415375,,,,,,
455181,,,,,,,,,-0.000000,0.000000,,,-0.000000,-0.000000,-0.031173,-0.005596,,,,,,,,,,,,
455184,,,,,,,,,,,,,,,,,,,,0.071161,0.848264,0.415375,,,,,,
455191,,,,,,,,,-0.000000,0.000000,,,-0.000000,-0.000000,-0.030556,-0.004860,,,,,,,,,,,,
455194,,,,,,,,,,,,,,,,,,,,0.071158,0.848263,0.415375,,,,,,
455201,,,,,,,,,-0.000000,0.000000,,,-0.000000,-0.000000,-0.029939,-0.004124,,,,,,,,,,,,
455211,,,,,,,,,-0.000000,0.000000,,,-0.000000,-0.000000,-0.029322,-0.003388,,,,,,,,,,,,
455217,0.071158,0.848263,0.415375,0.008990,1.008913,0.775697,0.028511,-0.032285,,,3.592312,4.212122,,,,,0.007946,0.172076,0.360322,,,,,,,,,
455221,,,,,,,,,-0.000000,0.000000,,,-0.000000,-0.000000,-0.023538,0.002777,,,,,,,,,,,,
455224,,,,,,,,,,,,,,,,,,,,0.071164,0.848265,0.415375,,,,,,
455231,,,,,,,,,-0.000000,0.000000,,,-0.000000,-0.000000,-0.022819,0.003620,,,,,,,,,,,,
455234,,,,,,,,,,,,,,,,,,,,0.071165,0.848266,0.415375,,,,,,
455241,,,,,,,,,-0.000000,0.000000,,,-0.000000,-0.000000,-0.022101,0.004462,,,,,,,,,,,,
455244,,,,,,,,,,,,,,,,,,,,0.071167,0.848267,0.415375,,,,,,
455251,,,,,,,,,-0.000000,0.000000,,,-0.000000,-0.000000,-0.021382,0.005304,,,,,,,,,,,,
455261,,,,,,,,,-0.000000,0.000000,,,-0.000000,-0.000000,-0.020664,0.006147,,,,,,,,,,,,
455267,0.071167,0.848267,0.415375,0.010129,1.010028,0.773513,0.030739,-0.039548,,,4.131182,4.771058,,,,,0.009429,0.172637,0.358138,,,,,,,,,
455271,,,,,,,,,-0.000000,0.000000,,,-0.000000,-0.000000,-0.014449,0.012690,,,,,,,,,,,,
455274,,,,,,,,,,,,,,,,,,,,0.071162,0.848264,0.415375,,,,,,
455281,,,,,,,,,-0.000000,0.000000,,,-0.000000,-0.000000,-0.013623,0.013645,,,,,,,,,,,,
455284,,,,,,,,,,,,,,,,,,,,0.071160,0.848266,0.415375,,,,,,
455291,,,,,,,,,-0.000000,0.000000,,,-0.000000,-0.000000,-0.012796,0.014599,,,,,,,,,,,,
455299,,,,,,,,,-0.000000,0.000000,,,-0.000000,-0.000000,-0.011970,0.015553,,,,0.071164,0.848264,0.415375,,,,,,
455311,,,,,,,,,-0.000000,0.000000,,,-0.000000,-0.000000,-0.011144,0.016507,,,,,,,,,,,,
455317,0.071164,0.848264,0.415375,0.011352,1.011219,0.770873,0.032997,-0.048015,,,4.709502,5.362581,,,,,0.011032,0.173235,0.355498,,,,,,,,,
455321,,,,,,,,,-0.000000,0.000000,,,-0.000000,-0.000000,-0.004419,0.023495,,,,,,,,,,,,
455324,,,,,,,,,,,,,,,,,,,,0.071166,0.848265,0.415375,,,,,,
455331,,,,,,,,,-0.000000,0.000000,,,-0.000000,-0.000000,-0.003477,0.024568,,,,,,,,,,,,
455334,,,,,,,,,,,,,,,,,,,,0.071167,0.848265,0.415375,,,,,,
455341,,,,,,,,,-0.000000,0.000000,,,-0.000000,-0.000000,-0.002535,0.025640,,,,,,,,,,,,
455344,,,,,,,,,,,,,,,,,,,,0.071166,0.848265,0.415375,,,,,,
455351,,,,,,,,,-0.000000,0.000000,,,-0.000000,-0.000000,-0.001593,0.026713,,,,,,,,,,,,
455361,,,,,,,,,-0.000000,0.000000,,,-0.000000,-0.000000,-0.000651,0.027785,,,,,,,,,,,,
455367,0.071166,0.848265,0.415375,0.012660,1.012485,0.767705,0.035275,-0.057831,,,5.322616,5.980650,,,,,0.012737,0.173865,0.352330,,,,,,,,,
455371,,,,,,,,,-0.000000,0.000000,,,-0.000000,-0.000000,0.006544,0.035162,,,,,,,,,,,,
455374,,,,,,,,,,,,,,,,,,,,0.071163,0.848260,0.415375,,,,,,
455381,,,,,,,,,-0.000000,0.000000,,,-0.000000,-0.000000,0.007609,0.036358,,,,,,,,,,,,
455385,,,,,,,,,,,,,,,,,,,,0.071169,0.848263,0.415375,,,,,,
455391,,,,,,,,,-0.000000,0.000000,,,-0.000000,-0.000000,0.008673,0.037554,,,,,,,,,,,,
455394,,,,,,,,,,,,,,,,,,,,0.071170,0.848266,0.415375,,,,,,
455401,,,,,,,,,-0.000000,0.000000,,,-0.000000,-0.000000,0.009738,0.038750,,,,,,,,,,,,
455411,,,,,,,,,-0.000000,0.000000,,,-0.000000,-0.000000,0.010803,0.039946,,,,,,,,,,,,
455420,0.071170,0.848266,0.415375,0.014055,1.013827,0.763929,0.037562,-0.069155,-0.000000,0.000000,5.972349,6.625562,-0.000000,-0.000000,0.018494,0.047721,0.014551,0.174530,0.348554,,,,,,,,,
455424,,,,,,,,,,,,,,,,,,,,0.071189,0.848277,0.415388,,,,,,
455431,,,,,,,,,-0.000000,0.000000,,,-0.000000,-0.000000,0.019689,0.049046,,,,,,,,,,,,
455434,,,,,,,,,,,,,,,,,,,,0.071190,0.848277,0.415388,,,,,,
455441,,,,,,,,,-0.000000,0.000000,,,-0.000000,-0.000000,0.020883,0.050371,,,,,,,,,,,,
455444,,,,,,,,,,,,,,,,,,,,0.071193,0.848278,0.415388,,,,,,
455451,,,,,,,,,0.027467,0.652434,,,-0.000000,0.544543,0.022078,0.046142,,,,,,,,,,,,
455461,,,,,,,,,-0.000000,0.000000,,,-0.000000,0.458179,0.023272,0.048239,,,,,,,,,,,,
455467,0.071191,0.848277,0.415387,0.015537,1.015241,0.759456,0.039846,-0.082171,,,6.654347,7.291170,,,,,0.016456,0.175225,0.344069,,,,,,,,,
455471,,,,,,,,,0.027467,0.652434,,,-0.000000,0.930055,0.031423,0.051448,,,,,,,,,,,,
455479,,,,,,,,,-0.000000,0.000000,,,-0.000000,0.782548,0.032754,0.054225,,,,0.071193,0.848276,0.415388,,,,,,
455484,,,,,,,,,,,,,,,,,,,,0.071189,0.848278,0.418217,,,,,,
455491,,,,,,,,,-0.000000,0.000000,,,-0.000000,0.658436,0.034085,0.056793,,,,,,,,,,,,
455494,,,,,,,,,,,,,,,,,,,,0.071220,0.848286,0.418204,,,,,,
455501,,,,,,,,,-0.000000,0.000000,,,-0.000000,0.554008,0.035416,0.059184,,,,,,,,,,,,
455511,,,,,,,,,-0.000000,0.000000,,,-0.000000,0.466142,0.036747,0.061428,,,,,,,,,,,,
455517,0.071217,0.848286,0.417968,0.017109,1.016725,0.754185,0.042115,-0.097083,,,7.505772,8.106223,,,,,0.018920,0.175902,0.336217,,,,,,,,,
455521,,,,,,,,,0.027467,0.652434,,,-0.000000,0.936755,0.046762,0.066306,,,,,,,,,,,,
455524,,,,,,,,,,,,,,,,,,,,0.071485,0.848342,0.423864,,,,,,
455531,,,,,,,,,-0.000000,0.000000,,,-0.000000,0.788186,0.048263,0.069256,,,,,,,,,,,,
455534,,,,,,,,,,,,,,,,,,,,0.071572,0.848367,0.423862,,,,,,
455541,,,,,,,,,0.027467,0.652434,,,-0.000000,1.207722,0.049764,0.066440,,,,,,,,,,,,
455544,,,,,,,,,,,,,,,,,,,,0.071670,0.848395,0.426693,,,,,,
455551,,,,,,,,,0.027467,-0.652434,,,0.544543,1.016178,0.045711,0.069774,,,,,,,,,,,,
455561,,,,,,,,,0.027467,0.652434,,,0.458179,1.399555,0.047984,0.067281,,,,,,,,,,,,
455567,0.071736,0.848434,0.428698,0.018770,1.018276,0.748003,0.044352,-0.114131,,,8.676876,9.202619,,,,,0.022428,0.176490,0.319305,,,,,,,,,
455571,,,,,,,,,-0.000000,0.000000,,,0.385511,1.177585,0.062080,0.082070,,,,,,,,,,,,
455574,,,,,,,,,,,,,,,,,,,,0.072319,0.848611,0.435208,,,,,,
455581,,,,,,,,,0.027467,0.652434,,,0.324369,1.535363,0.064362,0.080025,,,,,,,,,,,,
455584,,,,,,,,,,,,,,,,,,,,0.072496,0.848681,0.438043,,,,,,
455591,,,,,,,,,0.027467,0.652434,,,0.272924,1.836398,0.066557,0.078488,,,,,,,,,,,,
455599,,,,,,,,,0.027467,0.652434,,,0.229638,2.089688,0.068680,0.077378,,,,0.072646,0.848733,0.446524,,,,,,
455611,,,,,,,,,0.027467,0.652434,,,0.193218,2.302806,0.070741,0.076627,,,,,,,,,,,,
455617,0.072674,0.848757,0.447765,0.020521,1.019890,0.740781,0.046545,-0.133590,,,10.198558,10.604430,,,,,0.027081,0.176842,0.293015,,,,,,,,,
455621,,,,,,,,,0.027467,0.652434,,,0.162573,2.482124,0.088271,0.090476,,,,,,,,,,,,
455624,,,,,,,,,,,,,,,,,,,,0.073277,0.848947,0.460720,,,,,,
455631,,,,,,,,,0.027467,0.652434,,,0.136789,2.633002,0.090541,0.090562,,,,,,,,,,,,
455634,,,,,,,,,,,,,,,,,,,,0.073571,0.849050,0.469252,,,,,,
455641,,,,,,,,,0.054935,0.000000,,,0.659638,2.759951,0.087221,0.090861,,,,,,,,,,,,
455644,,,,,,,,,,,,,,,,,,,,0.073909,0.849199,0.477786,,,,,,
455651,,,,,,,,,0.027467,0.652434,,,0.555019,2.866765,0.090195,0.091340,,,,,,,,,,,,
455661,,,,,,,,,0.054935,1.304868,,,0.466993,3.501183,0.093022,0.086417,,,,,,,,,,,,
455667,0.074010,0.849267,0.480742,0.022362,1.021559,0.732373,0.048676,-0.155784,,,12.366821,12.583853,,,,,0.033881,0.176646,0.251631,,,,,,,,,
455671,,,,,,,,,0.027467,0.652434,,,0.392928,3.490438,0.117840,0.108137,,,,,,,,,,,,
455674,,,,,,,,,,,,,,,,,,,,0.074975,0.849669,0.497756,,,,,,
455681,,,,,,,,,0.054935,1.304868,,,0.330609,4.025940,0.120871,0.104494,,,,,,,,,,,,
455684,,,,,,,,,,,,,,,,,,,,0.075474,0.849824,0.509211,,,,,,
455691,,,,,,,,,0.082402,0.652434,,,0.822718,4.476512,0.118258,0.101610,,,,,,,,,,,,
455694,,,,,,,,,,,,,,,,,,,,0.075936,0.850008,0.517795,,,,,,
455701,,,,,,,,,0.054935,0.000000,,,1.236778,4.311080,0.116344,0.104919,,,,,,,,,,,,
455704,,,,,,,,,,,,,,,,,,,,0.076394,0.850273,0.520628,,,,,,
455711,,,,,,,,,0.082402,0.652434,,,1.585168,4.716429,0.115016,0.102439,,,,,,,,,,,,
455719,0.076498,0.850353,0.520019,0.024293,1.023279,0.722612,0.050728,-0.181093,,,14.543858,14.517344,1.878304,5.057489,0.136388,0.120255,0.040622,0.176007,0.202593,0.076931,0.850608,0.523491,,,,,,
455722,,,,,,,,,0.082402,0.652434,,,,,,,,,,0.077615,0.851019,0.526352,,,,,,
455731,,,,,,,,,0.082402,-0.652434,,,2.669491,4.799914,0.130851,0.124774,,,,,,,,,,,,
455734,,,,,,,,,,,,,,,,,,,,0.078526,0.851518,0.529232,,,,,,
455741,,,,,,,,,0.137337,0.652434,,,3.335196,5.127733,0.126436,0.123374,,,,,,,,,,,,
455744,,,,,,,,,,,,,,,,,,,,0.079285,0.851956,0.529221,,,,,,
455751,,,,,,,,,0.082402,-0.652434,,,3.895319,5.403561,0.122964,0.122438,,,,,,,,,,,,
455761,,,,,,,,,0.164805,0.000000,,,4.911151,6.180185,0.114733,0.116339,,,,,,,,,,,,
455767,0.079651,0.852166,0.528449,0.026314,1.025041,0.711307,0.052683,-0.209971,,,14.901095,14.694174,,,,,0.041102,0.176185,0.182858,,,,,,,,,
455771,,,,,,,,,0.137337,0.652434,,,5.221328,6.833636,0.117139,0.113145,,,,,,,,,,,,
455779,,,,,,,,,0.137337,-0.652434,,,6.026855,6.838907,0.110859,0.114664,,,,0.082483,0.853784,0.529221,,,,,,
455784,,,,,,,,,,,,,,,,,,,,0.083641,0.854374,0.529221,,,,,,
455791,,,,,,,,,0.137337,0.652434,,,6.160081,7.387885,0.111275,0.110635,,,,,,,,,,,,
455794,,,,,,,,,,,,,,,,,,,,0.084795,0.855091,0.532089,,,,,,
455801,,,,,,,,,0.164805,0.000000,,,6.816721,7.849795,0.106325,0.107385,,,,,,,,,,,,
455811,,,,,,,,,0.164805,0.000000,,,7.369218,8.238446,0.102307,0.104790,,,,,,,,,,,,
455817,0.084961,0.855195,0.531783,0.028423,1.026835,0.698237,0.054524,-0.242959,,,14.335579,13.931540,,,,,0.038304,0.176606,0.166454,,,,,,,,,
455821,,,,,,,,,0.164805,0.000000,,,7.834089,8.565457,0.093303,0.094966,,,,,,,,,,,,
455824,,,,,,,,,,,,,,,,,,,,0.088634,0.857326,0.532086,,,,,,
455831,,,,,,,,,0.137337,-0.652434,,,8.225231,8.296062,0.090614,0.098787,,,,,,,,,,,,
455839,,,,,,,,,0.164805,0.000000,,,8.554338,8.613935,0.088479,0.096672,,,,0.089882,0.858086,0.532093,,,,,,
455844,,,,,,,,,,,,,,,,,,,,0.091199,0.858931,0.532086,,,,,,
455851,,,,,,,,,0.164805,0.000000,,,8.831249,8.881393,0.086811,0.095008,,,,,,,,,,,,
455861,,,,,,,,,0.164805,0.000000,,,9.064241,9.106433,0.085535,0.093722,,,,,,,,,,,,
455867,0.091272,0.858969,0.532061,0.030620,1.028652,0.683144,0.056230,-0.280706,,,13.299026,12.670507,,,,,0.033815,0.176996,0.151083,,,,,,,,,
455871,,,,,,,,,0.164805,0.000000,,,9.260282,9.295781,0.074017,0.079893,,,,,,,,,,,,
455874,,,,,,,,,,,,,,,,,,,,0.095067,0.861409,0.529243,,,,,,
455881,,,,,,,,,0.137337,-0.652434,,,8.880686,8.910556,0.078696,0.084498,,,,,,,,,,,,
455884,,,,,,,,,,,,,,,,,,,,0.096581,0.862319,0.526376,,,,,,
455891,,,,,,,,,0.164805,0.000000,,,9.105838,9.130970,0.077283,0.083001,,,,,,,,,,,,
455899,,,,,,,,,0.164805,0.000000,,,9.839824,9.316426,0.070635,0.081818,,,,0.097851,0.863194,0.523511,,,,,,
455911,,,,,,,,,0.137337,-0.652434,,,9.912856,8.927926,0.070582,0.086451,,,,,,,,,,,,
455917,0.097800,0.863125,0.521491,0.032904,1.030478,0.665730,0.057784,-0.323990,,,11.624557,10.767816,,,,,0.027101,0.177438,0.144239,,,,,,,,,
455921,,,,,,,,,0.137337,0.652434,,,9.429762,9.145585,0.059108,0.065572,,,,,,,,,,,,
455924,,,,,,,,,,,,,,,,,,,,0.101852,0.865570,0.517812,,,,,,
455931,,,,,,,,,0.137337,0.652434,,,9.023287,9.328724,0.063693,0.064029,,,,,,,,,,,,
455934,,,,,,,,,,,,,,,,,,,,0.103196,0.866385,0.517807,,,,,,
455941,,,,,,,,,0.137337,-0.652434,,,9.225822,8.938273,0.062147,0.068299,,,,,,,,,,,,
455944,,,,,,,,,,,,,,,,,,,,0.104504,0.867089,0.514928,,,,,,
455951,,,,,,,,,0.109870,0.000000,,,8.851692,8.609749,0.066443,0.072016,,,,,,,,,,,,
455961,,,,,,,,,0.164805,0.000000,,,9.081442,8.877872,0.064654,0.069713,,,,,,,,,,,,
455967,0.104541,0.867100,0.515479,0.035273,1.032301,0.645642,0.059167,-0.373751,,,10.195236,9.045656,,,,,0.021169,0.177880,0.130163,,,,,,,,,
455971,,,,,,,,,0.109870,0.000000,,,8.730210,8.558927,0.054166,0.055778,,,,,,,,,,,,
455974,,,,,,,,,,,,,,,,,,,,0.108046,0.868974,0.517812,,,,,,
455981,,,,,,,,,0.137337,0.652434,,,8.434684,8.835110,0.057473,0.053058,,,,,,,,,,,,
455984,,,,,,,,,,,,,,,,,,,,0.109039,0.869589,0.517831,,,,,,
455991,,,,,,,,,0.109870,0.000000,,,8.186028,8.522946,0.060362,0.056284,,,,,,,,,,,,
455994,,,,,,,,,,,,,,,,,,,,0.110038,0.870150,0.514933,,,,,,
456001,,,,,,,,,0.109870,0.000000,,,7.976810,8.260292,0.062898,0.059068,,,,,,,,,,,,
456011,,,,,,,,,0.082402,-0.652434,,,7.800773,7.494752,0.065137,0.067033,,,,,,,,,,,,
456020,0.109880,0.870060,0.512241,0.037725,1.034105,0.622469,0.060363,-0.431116,0.109870,0.000000,9.429228,7.919746,7.652656,7.395170,0.059313,0.056875,0.017510,0.178355,0.110228,,,,,,,,,
456024,,,,,,,,,,,,,,,,,,,,0.112927,0.871772,0.517795,,,,,,
456031,,,,,,,,,0.109870,0.000000,,,7.528030,7.311381,0.060940,0.057835,,,,,,,,,,,,
456034,,,,,,,,,,,,,,,,,,,,0.113788,0.872300,0.517782,,,,,,
456041,,,,,,,,,0.109870,0.000000,,,7.423170,7.240882,0.062390,0.058675,,,,,,,,,,,,
456044,,,,,,,,,,,,,,,,,,,,0.114549,0.872723,0.520675,,,,,,
456051,,,,,,,,,0.109870,0.000000,,,7.334940,7.181563,0.063691,0.059416,,,,,,,,,,,,
456061,,,,,,,,,0.082402,-0.652434,,,7.260705,6.587110,0.064867,0.065627,,,,,,,,,,,,
456067,0.114461,0.872665,0.517230,0.040257,1.035873,0.595723,0.061357,-0.497436,,,9.364655,7.396639,,,,,0.016205,0.178551,0.078493,,,,,,,,,
456071,,,,,,,,,0.082402,0.652434,,,6.653699,6.631480,0.070833,0.060106,,,,,,,,,,,,
456079,,,,,,,,,,,,,6.687508,6.124269,0.071031,0.065432,,,,0.116660,0.874056,0.514968,,,,,,
456082,,,,,,,,,0.082402,-0.652434,,,,,,,,,,0.117495,0.874475,0.514987,,,,,,
456091,,,,,,,,,0.054935,0.000000,,,6.171411,5.697503,0.076830,0.070040,,,,,,,,,,,,
456094,,,,,,,,,,,,,,,,,,,,0.118191,0.874840,0.512107,,,,,,
456101,,,,,,,,,0.082402,0.652434,,,5.737168,5.882964,0.081898,0.068488,,,,,,,,,,,,
456111,,,,,,,,,0.109870,-1.304868,,,5.916338,5.494468,0.080796,0.072753,,,,,,,,,,,,
456117,0.118285,0.874874,0.507061,0.042867,1.037585,0.564831,0.062139,-0.574311,,,8.780005,6.335193,,,,,0.013086,0.178861,0.057770,,,,,,,,,
456121,,,,,,,,,0.054935,1.304868,,,5.522550,5.712131,0.079539,0.060087,,,,,,,,,,,,
456124,,,,,,,,,,,,,,,,,,,,0.120241,0.875926,0.512107,,,,,,
456131,,,,,,,,,0.082402,-0.652434,,,5.735759,5.350729,0.078016,0.063898,,,,,,,,,,,,
456139,,,,,,,,,0.082402,-0.652434,,,5.915153,5.046646,0.076795,0.067196,,,,0.120888,0.876274,0.512182,,,,,,
456144,,,,,,,,,,,,,,,,,,,,0.121612,0.876661,0.515012,,,,,,
456151,,,,,,,,,0.082402,0.652434,,,5.521552,5.335334,0.081383,0.064509,,,,,,,,,,,,
456161,,,,,,,,,0.082402,-0.652434,,,5.734920,5.033692,0.079858,0.067786,,,,,,,,,,,,
456167,0.121638,0.876675,0.511608,0.045552,1.039222,0.529120,0.062701,-0.663608,,,9.175186,6.106637,,,,,0.013236,0.178984,0.017512,,,,,,,,,
456171,,,,,,,,,0.082402,0.652434,,,5.369904,5.324434,0.088221,0.062749,,,,,,,,,,,,
456174,,,,,,,,,,,,,,,,,,,,0.123890,0.877880,0.509227,,,,,,
456181,,,,,,,,,0.054935,0.000000,,,5.062779,5.024521,0.092115,0.065965,,,,,,,,,,,,
456184,,,,,,,,,,,,,,,,,,,,0.124586,0.878232,0.509243,,,,,,
456191,,,,,,,,,0.109870,-1.304868,,,5.893452,4.772175,0.084464,0.068755,,,,,,,,,,,,
456198,,,,,,,,,,,,,,,,,,,,0.125299,0.878595,0.509227,,,,,,
456201,,,,,,,,,0.082402,0.652434,,,5.503293,5.104393,0.089100,0.065634,,,,,,,,,,,,
456211,,,,,,,,,0.082402,-0.652434,,,5.719556,4.839379,0.087629,0.068537,,,,,,,,,,,,
456217,0.125296,0.878599,0.506689,0.048308,1.040760,0.487805,0.063045,-0.767452,,,9.018726,5.261451,,,,,0.011379,0.179148,-0.018884,,,,,,,,,
456221,,,,,,,,,0.054935,0.000000,,,5.356977,4.616396,0.090422,0.062444,,,,,,,,,,,,
456224,,,,,,,,,,,,,,,,,,,,0.127517,0.879891,0.497796,,,,,,
456231,,,,,,,,,0.109870,-1.304868,,,6.140989,4.428779,0.083158,0.064487,,,,,,,,,,,,
456234,,,,,,,,,,,,,,,,,,,,0.128266,0.880339,0.492058,,,,,,
456241,,,,,,,,,0.054935,0.000000,,,5.711570,4.270917,0.088113,0.066264,,,,,,,,,,,,
456244,,,,,,,,,,,,,,,,,,,,0.129021,0.880722,0.489217,,,,,,
456251,,,,,,,,,0.109870,-1.304868,,,5.894801,4.138092,0.086906,0.067816,,,,,,,,,,,,
456261,,,,,,,,,0.054935,0.000000,,,6.048971,4.026333,0.085958,0.069181,,,,,,,,,,,,
456267,0.128910,0.880656,0.490683,0.051132,1.042174,0.439987,0.063181,-0.888137,,,8.315574,3.796885,,,,,0.007511,0.179112,-0.050696,,,,,,,,,
456271,,,,,,,,,0.137337,-0.652434,,,6.723233,4.476843,0.072502,0.049894,,,,,,,,,,,,
456274,,,,,,,,,,,,,,,,,,,,0.131246,0.881920,0.472136,,,,,,
456281,,,,,,,,,0.054935,0.000000,,,6.201470,4.311358,0.078143,0.051446,,,,,,,,,,,,
456284,,,,,,,,,,,,,,,,,,,,0.132036,0.882357,0.466416,,,,,,
456291,,,,,,,,,0.082402,-0.652434,,,6.307003,4.172119,0.077489,0.052764,,,,,,,,,,,,
456294,,,,,,,,,,,,,,,,,,,,0.132737,0.882693,0.460740,,,,,,
456301,,,,,,,,,0.082402,-0.652434,,,6.395798,4.054964,0.076985,0.053884,,,,,,,,,,,,
456311,,,,,,,,,0.054935,-1.304868,,,6.470510,3.411846,0.076607,0.060392,,,,,,,,,,,,
456320,0.132622,0.882625,0.457778,0.054019,1.043439,0.384662,0.063132,-1.027937,0.082402,-0.652434,6.765420,1.421471,6.533372,3.415270,0.060523,0.036205,0.000563,0.178996,-0.073116,,,,,,,,,
456324,,,,,,,,,,,,,,,,,,,,0.135037,0.883969,0.440844,,,,,,
456331,,,,,,,,,0.082402,-0.652434,,,6.586265,3.418151,0.060030,0.035776,,,,,,,,,,,,
456334,,,,,,,,,,,,,,,,,,,,0.135688,0.884312,0.435162,,,,,,
456341,,,,,,,,,0.054935,-1.304868,,,6.630769,2.876031,0.059612,0.040907,,,,,,,,,,,,
456344,,,,,,,,,,,,,,,,,,,,0.136356,0.884645,0.426674,,,,,,
456351,,,,,,,,,0.054935,-1.304868,,,6.668214,2.419892,0.059257,0.045268,,,,,,,,,,,,
456361,,,,,,,,,0.054935,0.000000,,,6.155178,2.580640,0.064510,0.043429,,,,,,,,,,,,
456367,0.136250,0.884576,0.429284,0.056964,1.044526,0.320757,0.062935,-1.188691,,,5.524237,-0.807142,,,,,-0.005517,0.178437,-0.108527,,,,,,,,,
456371,,,,,,,,,0.027467,-0.652434,,,5.723509,2.171350,0.056375,0.024640,,,,,,,,,,,,
456379,,,,,,,,,0.027467,-0.652434,,,5.360303,1.826974,0.060039,0.027557,,,,0.138381,0.885637,0.406866,,,,,,
456384,,,,,,,,,,,,,,,,,,,,0.138944,0.885942,0.395569,,,,,,
456391,,,,,,,,,0.054935,-1.304868,,,5.599245,1.537216,0.057635,0.029986,,,,,,,,,,,,
456394,,,,,,,,,,,,,,,,,,,,0.139454,0.886205,0.387102,,,,,,
456401,,,,,,,,,0.054935,0.000000,,,5.255747,1.837956,0.061124,0.026449,,,,,,,,,,,,
456411,,,,,,,,,0.054935,-1.304868,,,5.511271,1.546456,0.058571,0.028894,,,,,,,,,,,,
456417,0.139397,0.886158,0.385166,0.059963,1.045404,0.247221,0.062651,-1.371067,,,3.705941,-3.702358,,,,,-0.013784,0.177424,-0.137945,,,,,,,,,
456421,,,,,,,,,0.054935,-1.304868,,,5.726269,1.301188,0.037834,0.001394,,,,,,,,,,,,
456424,,,,,,,,,,,,,,,,,,,,0.140667,0.886819,0.361750,,,,,,
456431,,,,,,,,,0.027467,-0.652434,,,5.362626,1.094819,0.041139,0.002498,,,,,,,,,,,,
456439,,,,,,,,,0.027467,-0.652434,,,5.056656,0.921181,0.043929,0.003309,,,,0.140953,0.886981,0.356121,,,,,,
456444,,,,,,,,,,,,,,,,,,,,0.141191,0.887107,0.347692,,,,,,
456451,,,,,,,,,0.027467,-0.652434,,,4.799213,0.775082,0.046285,0.003875,,,,0.141454,0.887254,0.342082,,,,,,
456461,,,,,,,,,-0.000000,0.000000,,,4.038057,0.652153,0.053830,0.004233,,,,0.141695,0.887397,0.336476,,,,,,
456467,0.141502,0.887293,0.340562,0.063009,1.046041,0.163180,0.062366,-1.573367,,,2.255755,-6.372753,,,,,-0.020961,0.175849,-0.177382,,,,,,,,,
456471,,,,,,,,,-0.000000,0.000000,,,3.397621,0.548722,0.045504,-0.022821,,,,,,,,,,,,
456474,,,,,,,,,,,,,,,,,,,,0.141953,0.887522,0.333670,,,,,,
456481,,,,,,,,,0.027467,-0.652434,,,3.403301,0.461694,0.045217,-0.023317,,,,,,,,,,,,
456484,,,,,,,,,,,,,,,,,,,,0.142222,0.887656,0.328047,,,,,,
456491,,,,,,,,,-0.000000,0.000000,,,2.863537,0.388470,0.050494,-0.023937,,,,0.142490,0.887737,0.325238,,,,,,
456501,,,,,,,,,-0.000000,0.000000,,,2.409380,0.326858,0.055004,-0.024661,,,,,,,,,,,,
456511,,,,,,,,,-0.000000,0.000000,,,2.027252,0.275019,0.058871,-0.025472,,,,,,,,,,,,
456517,0.142408,0.887699,0.326524,0.066098,1.046403,0.068188,0.062198,-1.789854,,,2.786827,-7.292443,,,,,-0.021373,0.174795,-0.258336,,,,,,,,,
456521,,,,,,,,,-0.000000,0.000000,,,1.705729,0.231401,0.067614,-0.035738,,,,,,,,,,,,
456524,,,,,,,,,,,,,,,,,,,,0.142771,0.887836,0.325235,,,,,,
456531,,,,,,,,,-0.000000,0.000000,,,1.435200,0.194700,0.070589,-0.036868,,,,,,,,,,,,
456539,,,,,,,,,-0.000000,0.000000,,,1.207577,0.163821,0.073181,-0.038051,,,,0.142712,0.887813,0.325234,,,,,,
456544,,,,,,,,,,,,,,,,,,,,0.142615,0.887780,0.325235,,,,,,
456551,,,,,,,,,-0.000000,0.000000,,,1.016055,0.137839,0.075451,-0.039277,,,,,,,,,,,,
456561,,,,,,,,,-0.000000,0.000000,,,0.854909,0.115978,0.077448,-0.040540,,,,,,,,,,,,
456567,0.142597,0.887773,0.325343,0.069222,1.046453,-0.037448,0.062297,-2.008916,,,4.163823,-7.462348,,,,,-0.018807,0.173809,-0.362791,,,,,,,,,
456571,,,,,,,,,-0.000000,0.000000,,,0.719320,0.097584,0.093263,-0.043567,,,,,,,,,,,,
456574,,,,,,,,,,,,,,,,,,,,0.141956,0.887598,0.325242,,,,,,
456581,,,,,,,,,-0.000000,0.000000,,,0.605236,0.082107,0.095116,-0.044921,,,,,,,,,,,,
456584,,,,,,,,,,,,,,,,,,,,0.141812,0.887532,0.328068,,,,,,
456591,,,,,,,,,0.027467,-0.652434,,,1.053789,0.069085,0.091252,-0.046297,,,,0.141811,0.887526,0.328068,,,,,,
456601,,,,,,,,,0.027467,-0.652434,,,1.431201,0.058128,0.088025,-0.047692,,,,,,,,,,,,
456611,,,,,,,,,0.027467,-0.652434,,,1.748755,0.048909,0.085332,-0.049102,,,,,,,,,,,,
456617,0.141987,0.887582,0.325102,0.072376,1.046155,-0.152343,0.062848,-2.212000,,,5.742309,-7.379759,,,,,-0.015315,0.172500,-0.477445,,,,,,,,,
456621,,,,,,,,,-0.000000,0.000000,,,1.471403,0.041152,0.104745,-0.049682,,,,,,,,,,,,
456624,,,,,,,,,,,,,,,,,,,,0.142230,0.887692,0.314025,,,,,,
456631,,,,,,,,,0.027467,-0.652434,,,1.782581,0.034625,0.102425,-0.051100,,,,,,,,,,,,
456634,,,,,,,,,,,,,,,,,,,,0.142602,0.887820,0.305614,,,,,,
456641,,,,,,,,,0.027467,-0.652434,,,2.044407,0.029134,0.100546,-0.052527,,,,,,,,,,,,
456644,,,,,,,,,,,,,,,,,,,,0.143045,0.888025,0.300018,,,,,,
456651,,,,,,,,,0.054935,-1.304868,,,2.809250,0.024513,0.093484,-0.053962,,,,,,,,,,,,
456661,,,,,,,,,0.027467,-0.652434,,,2.908246,0.020625,0.093061,-0.055403,,,,,,,,,,,,
456667,0.143066,0.888023,0.299385,0.075552,1.045468,-0.273856,0.064062,-2.374927,,,5.454116,-8.893471,,,,,-0.018075,0.170354,-0.573241,,,,,,,,,
456671,,,,,,,,,0.054935,-1.304868,,,3.536084,0.017354,0.084284,-0.072289,,,,0.144037,0.888461,0.269265,,,,,,
456681,,,,,,,,,0.054935,-1.304868,,,3.519804,0.014602,0.084834,-0.074043,,,,,,,,,,,,
456684,,,,,,,,,,,,,,,,,,,,0.144488,0.888656,0.260889,,,,,,
456691,,,,,,,,,0.027467,-0.652434,,,4.050649,0.012286,0.079806,-0.075801,,,,,,,,,,,,
456694,,,,,,,,,,,,,,,,,,,,0.145027,0.888874,0.249728,,,,,,
456701,,,,,,,,,0.027467,-1.957303,,,4.497302,-0.534206,0.075531,-0.072008,,,,,,,,,,,,
456711,,,,,,,,,0.027467,-0.652434,,,4.328573,-0.449481,0.077444,-0.074544,,,,,,,,,,,,
456717,0.144973,0.888835,0.251157,0.078743,1.044352,-0.398267,0.066158,-2.472996,,,3.716492,-11.475073,,,,,-0.025502,0.167098,-0.649425,,,,,,,,,
456721,,,,,,,,,0.054935,-1.304868,,,4.731147,-0.378193,0.055839,-0.103293,,,,,,,,,,,,
456724,,,,,,,,,,,,,,,,,,,,0.146241,0.889293,0.210723,,,,,,
456731,,,,,,,,,0.054935,-1.304868,,,5.069873,-0.318212,0.052181,-0.106124,,,,,,,,,,,,
456738,,,,,,,,,,,,,,,,,,,,0.146620,0.889412,0.199596,,,,,,
456741,,,,,,,,,-0.027467,-0.652434,,,4.265790,-0.812286,0.060112,-0.103316,,,,,,,,,,,,
456744,,,,,,,,,,,,,,,,,,,,0.147017,0.889569,0.185697,,,,,,
456751,,,,,,,,,0.027467,-1.957303,,,4.678322,-1.228001,0.055794,-0.101208,,,,,,,,,,,,
456761,,,,,,,,,0.027467,-1.957303,,,4.480883,-1.577783,0.057616,-0.099690,,,,,,,,,,,,
456767,0.146958,0.889531,0.182977,0.081941,1.042764,-0.521343,0.069343,-2.489058,,,0.952928,-14.625413,,,,,-0.036050,0.162505,-0.704320,,,,,,,,,
456771,,,,,,,,,-0.027467,-0.652434,,,4.314757,-1.872090,0.030969,-0.130801,,,,,,,,,,,,
456774,,,,,,,,,,,,,,,,,,,,0.148162,0.889904,0.141266,,,,,,
456781,,,,,,,,,-0.027467,-1.957303,,,4.174980,-2.664262,0.031722,-0.125271,,,,,,,,,,,,
456784,,,,,,,,,,,,,,,,,,,,0.148371,0.890014,0.127402,,,,,,
456791,,,,,,,,,-0.027467,-1.957303,,,4.057371,-3.330796,0.032277,-0.120865,,,,,,,,,,,,
456794,,,,,,,,,,,,,,,,,,,,0.148576,0.890134,0.108012,,,,,,
456801,,,,,,,,,-0.027467,-1.957303,,,3.958414,-3.891618,0.032666,-0.117403,,,,,,,,,,,,
456811,,,,,,,,,-0.082402,-1.957303,,,3.330609,-4.908037,0.038468,-0.109183,,,,,,,,,,,,
456817,0.148097,0.890036,0.106090,0.085138,1.040662,-0.639124,0.073786,-2.420534,,,-1.965908,-17.499281,,,,,-0.046656,0.156446,-0.745214,,,,,,,,,
456821,,,,,,,,,-0.082402,-1.957303,,,2.802374,-5.763251,0.013609,-0.131716,,,,0.148881,0.890409,0.044394,,,,,,
456831,,,,,,,,,-0.082402,-1.957303,,,2.357917,-6.482829,0.017189,-0.126724,,,,,,,,,,,,
456839,,,,,,,,,-0.082402,-1.957303,,,1.983951,-7.088281,0.020138,-0.122751,,,,0.148908,0.890447,0.025028,,,,,,
456844,,,,,,,,,,,,,,,,,,,,0.148918,0.890522,0.005754,,,,,,
456851,,,,,,,,,-0.109870,-2.609737,,,1.669296,-8.142251,0.022558,-0.114083,,,,,,,,,,,,
456854,,,,,,,,,,,,,,,,,,,,0.148888,0.890520,-0.013638,,,,,,
456861,,,,,,,,,-0.082402,-1.957303,,,1.404546,-8.484519,0.024531,-0.112463,,,,,,,,,,,,
456864,,,,,,,,,,,,,,,,,,,,0.148556,0.890588,-0.038616,,,,,,
456867,0.148172,0.890523,-0.034685,0.088327,1.038001,-0.748593,0.079602,-2.280547,,,-7.035584,-21.963280,,,,,-0.064923,0.145314,-0.713908,,,,,,,,,
456871,,,,,,,,,-0.054935,-1.304868,,,1.181785,-8.227960,-0.025581,-0.162416,,,,,,,,,,,,
456874,,,,,,,,,,,,,,,,,,,,0.147547,0.890679,-0.060960,,,,,,
456881,,,,,,,,,-0.109870,-2.609737,,,0.994353,-9.101177,-0.025313,-0.156256,,,,,,,,,,,,
456884,,,,,,,,,,,,,,,,,,,,0.146402,0.890792,-0.074710,,,,,,
456891,,,,,,,,,-0.109870,-2.609737,,,0.836649,-9.835902,-0.025311,-0.151335,,,,,,,,,,,,
456899,,,,,,,,,-0.109870,-2.609737,,,0.703956,-10.454100,-0.025532,-0.147454,,,,0.145120,0.890942,-0.094137,,,,,,
456911,,,,,,,,,-0.137337,-3.262171,,,0.592309,-10.974251,-0.025941,-0.144451,,,,,,,,,,,,
456917,0.144804,0.890969,-0.102836,0.091498,1.034736,-0.847975,0.086848,-2.092346,,,-7.897876,-22.250559,,,,,-0.067782,0.137535,-0.745139,,,,,,,,,
456921,,,,,,,,,-0.109870,-2.609737,,,0.498368,-11.956450,-0.035303,-0.139560,,,,,,,,,,,,
456924,,,,,,,,,,,,,,,,,,,,0.141342,0.891536,-0.180088,,,,,,
456931,,,,,,,,,-0.137337,-3.262171,,,0.419327,-12.782871,-0.036176,-0.133190,,,,,,,,,,,,
456934,,,,,,,,,,,,,,,,,,,,0.140060,0.891842,-0.213544,,,,,,
456941,,,,,,,,,-0.164805,-3.914605,,,0.352822,-14.022765,-0.037162,-0.122436,,,,,,,,,,,,
456944,,,,,,,,,,,,,,,,,,,,0.138779,0.892169,-0.247048,,,,,,
456951,,,,,,,,,-0.137337,-3.262171,,,0.296864,-14.521469,-0.038241,-0.118995,,,,,,,,,,,,
456961,,,,,,,,,-0.164805,-3.914605,,,0.249781,-15.485621,-0.039400,-0.110707,,,,,,,,,,,,
456967,0.138607,0.892204,-0.251371,0.094644,1.030821,-0.936654,0.095535,-1.880993,,,-10.377628,-23.722597,,,,,-0.077060,0.123326,-0.685282,,,,,,,,,
456971,,,,,,,,,-0.164805,-3.914605,,,0.210166,-16.296860,-0.065919,-0.118800,,,,,,,,,,,,
456974,,,,,,,,,,,,,,,,,,,,0.134696,0.893488,-0.356199,,,,,,
456981,,,,,,,,,-0.164805,-3.914605,,,0.176834,-16.434891,-0.067696,-0.118877,,,,,,,,,,,,
456984,,,,,,,,,,,,,,,,,,,,0.133239,0.894062,-0.395666,,,,,,
456991,,,,,,,,,-0.137337,-3.262171,,,0.148788,-17.095573,-0.069521,-0.113595,,,,,,,,,,,,
456994,,,,,,,,,,,,,,,,,,,,0.131676,0.894647,-0.429504,,,,,,
457001,,,,,,,,,-0.164805,-3.914605,,,0.125190,-17.651472,-0.071386,-0.109251,,,,,,,,,,,,
457011,,,,,,,,,-0.164805,-3.914605,,,0.105335,-18.119205,-0.073284,-0.105694,,,,,,,,,,,,
457020,0.131608,0.894678,-0.430980,0.097754,1.026211,-1.014874,0.105637,-1.667089,-0.137337,-3.262171,-12.547208,-24.646379,0.088629,-17.968212,-0.097339,-0.117777,-0.085708,0.105363,-0.583893,,,,,,,,,
457024,,,,,,,,,,,,,,,,,,,,0.126834,0.897082,-0.543749,,,,,,
457031,,,,,,,,,-0.164805,-3.914605,,,0.074572,-18.385710,-0.099723,-0.114855,,,,,,,,,,,,
457034,,,,,,,,,,,,,,,,,,,,0.125258,0.898035,-0.581094,,,,,,
457041,,,,,,,,,-0.164805,-3.914605,,,0.062745,-18.736994,-0.102127,-0.112524,,,,,,,,,,,,
457044,,,,,,,,,,,,,,,,,,,,0.123599,0.899220,-0.615824,,,,,,
457051,,,,,,,,,-0.137337,-3.262171,,,0.052794,-18.488020,-0.104547,-0.116245,,,,,,,,,,,,
457061,,,,,,,,,-0.192272,-3.262171,,,-0.500123,-18.823076,-0.101428,-0.114059,,,,,,,,,,,,
457067,0.123569,0.899236,-0.614000,0.100821,1.020859,-1.083402,0.117109,-1.464366,,,-13.043260,-23.775709,,,,,-0.088665,0.086303,-0.469402,,,,,,,,,
457071,,,,,,,,,-0.164805,-3.914605,,,-0.420803,-19.104994,-0.109706,-0.103467,,,,,,,,,,,,
457079,,,,,,,,,-0.164805,-2.609737,,,-0.898607,-18.797655,-0.107357,-0.107536,,,,0.118836,0.903167,-0.724307,,,,,,
457084,,,,,,,,,,,,,,,,,,,,0.117231,0.904750,-0.756896,,,,,,
457091,,,,,,,,,-0.192272,-3.262171,,,-0.756088,-19.083603,-0.111239,-0.105615,,,,,,,,,,,,
457094,,,,,,,,,,,,,,,,,,,,0.115681,0.906319,-0.789689,,,,,,
457101,,,,,,,,,-0.192272,-3.262171,,,-1.725259,-19.324200,-0.103811,-0.104100,,,,,,,,,,,,
457111,,,,,,,,,-0.164805,-2.609737,,,-1.996176,-18.982096,-0.103312,-0.108479,,,,,,,,,,,,
457117,0.115806,0.906160,-0.785896,0.103835,1.014719,-1.143250,0.129894,-1.280196,,,-11.711020,-21.037424,,,,,-0.085261,0.068255,-0.357354,,,,,,,,,
457121,,,,,,,,,-0.219740,-2.609737,,,-2.768668,-18.694248,-0.084053,-0.084444,,,,,,,,,,,,
457124,,,,,,,,,,,,,,,,,,,,0.111640,0.911392,-0.871394,,,,,,
457131,,,,,,,,,-0.192272,-1.957303,,,-3.418643,-18.996597,-0.079211,-0.081828,,,,,,,,,,,,
457138,,,,,,,,,,,,,,,,,,,,0.110572,0.912871,-0.895904,,,,,,
457141,,,,,,,,,-0.164805,-1.304868,,,-3.420989,-18.161907,-0.080846,-0.090750,,,,,,,,,,,,
457144,,,,,,,,,,,,,,,,,,,,0.109627,0.914209,-0.914391,,,,,,
457151,,,,,,,,,-0.219740,-2.609737,,,-4.512050,-18.004143,-0.071375,-0.092935,,,,,,,,,,,,
457161,,,,,,,,,-0.164805,-1.304868,,,-4.885524,-17.871399,-0.069006,-0.094895,,,,,,,,,,,,
457167,0.109676,0.914040,-0.909084,0.106786,1.007746,-1.195489,0.143933,-1.117327,,,-8.564078,-16.760496,,,,,-0.075704,0.055299,-0.286406,,,,,,,,,
457171,,,,,,,,,-0.164805,-2.609737,,,-4.655223,-17.759708,-0.040621,-0.053043,,,,,,,,,,,,
457174,,,,,,,,,,,,,,,,,,,,0.106469,0.919106,-0.973480,,,,,,
457181,,,,,,,,,-0.137337,-1.957303,,,-4.461447,-17.121189,-0.043379,-0.059356,,,,,,,,,,,,
457184,,,,,,,,,,,,,,,,,,,,0.105371,0.920847,-0.992282,,,,,,
457191,,,,,,,,,-0.109870,-1.304868,,,-4.298404,-16.039396,-0.045863,-0.070318,,,,,,,,,,,,
457199,,,,,,,,,-0.164805,-2.609737,,,-4.161220,-16.218262,-0.048115,-0.068638,,,,0.104444,0.922501,-1.011174,,,,,,
457211,,,,,,,,,-0.137337,-0.652434,,,-4.590336,-15.279673,-0.044619,-0.078320,,,,,,,,,,,,
457217,0.104539,0.922253,-1.005345,0.109666,0.999895,-1.241144,0.159166,-0.975664,,,-4.366671,-11.618469,,,,,-0.062809,0.045930,-0.235799,,,,,,,,,
457221,,,,,,,,,-0.109870,-2.609737,,,-3.862309,-15.034488,-0.010026,-0.028669,,,,,,,,,,,,
457224,,,,,,,,,,,,,,,,,,,,0.102432,0.926381,-1.068646,,,,,,
457231,,,,,,,,,-0.109870,-2.609737,,,-3.249746,-14.283646,-0.016375,-0.035644,,,,,,,,,,,,
457234,,,,,,,,,,,,,,,,,,,,0.101994,0.927434,-1.087988,,,,,,
457241,,,,,,,,,-0.054935,-1.304868,,,-2.734336,-13.651887,-0.021855,-0.041555,,,,,,,,,,,,
457244,,,,,,,,,,,,,,,,,,,,0.101582,0.928475,-1.110684,,,,,,
457251,,,,,,,,,-0.082402,-1.957303,,,-2.300670,-13.120325,-0.026605,-0.046570,,,,,,,,,,,,
457261,,,,,,,,,-0.054935,-1.304868,,,-1.935783,-12.128526,-0.030740,-0.056386,,,,,,,,,,,,
457267,0.101713,0.928152,-1.107319,0.112465,0.991123,-1.281141,0.175531,-0.853618,,,-0.584967,-6.784890,,,,,-0.051521,0.037769,-0.173822,,,,,,,,,
457271,,,,,,,,,-0.054935,-1.304868,,,-1.628768,-11.294026,0.004215,-0.015493,,,,,,,,,,,,
457274,,,,,,,,,,,,,,,,,,,,0.101129,0.930366,-1.159942,,,,,,
457281,,,,,,,,,-0.054935,-1.304868,,,-1.370445,-10.591879,0.001789,-0.021754,,,,,,,,,,,,
457284,,,,,,,,,,,,,,,,,,,,0.101084,0.930668,-1.173210,,,,,,
457291,,,,,,,,,-0.027467,-0.652434,,,-1.153092,-9.456549,-0.000271,-0.032572,,,,,,,,,,,,
457294,,,,,,,,,,,,,,,,,,,,0.100956,0.931000,-1.186597,,,,,,
457301,,,,,,,,,-0.027467,-0.652434,,,-0.970212,-8.501282,-0.002022,-0.041782,,,,,,,,,,,,
457311,,,,,,,,,-0.027467,-0.652434,,,-0.816336,-7.697520,-0.003515,-0.049637,,,,,,,,,,,,
457320,0.100970,0.930865,-1.182682,0.115174,0.981388,-1.316292,0.192969,-0.748975,-0.000000,0.000000,2.996248,-2.371960,-0.686865,-6.476692,0.031739,-0.016895,-0.041390,0.032267,-0.133610,,,,,,,,,
457324,,,,,,,,,,,,,,,,,,,,0.100716,0.931635,-1.196584,,,,,,
457331,,,,,,,,,-0.027467,-0.652434,,,-0.577928,-5.994031,0.031365,-0.020997,,,,,,,,,,,,
457334,,,,,,,,,,,,,,,,,,,,0.100767,0.931527,-1.199959,,,,,,
457341,,,,,,,,,-0.000000,0.000000,,,-0.486269,-5.043377,0.031145,-0.029969,,,,,,,,,,,,
457344,,,,,,,,,,,,,,,,,,,,0.100800,0.931517,-1.200003,,,,,,
457351,,,,,,,,,-0.000000,0.000000,,,-0.409146,-4.243497,0.031054,-0.037594,,,,,,,,,,,,
457361,,,,,,,,,-0.000000,0.000000,,,-0.344256,-3.570478,0.031074,-0.044084,,,,,,,,,,,,
457367,0.100814,0.931463,-1.198550,0.117785,0.970649,-1.347295,0.211420,-0.659401,,,7.161518,1.913482,,,,,-0.030330,0.030061,-0.148746,,,,,,,,,
457371,,,,,,,,,-0.000000,0.000000,,,-0.289657,-3.004200,0.073670,-0.005909,,,,,,,,,,,,
457379,,,,,,,,,-0.000000,0.000000,,,-0.243717,-2.527733,0.074692,-0.009786,,,,0.100766,0.931576,-1.199975,,,,,,
457384,,,,,,,,,,,,,,,,,,,,0.100763,0.931539,-1.199959,,,,,,
457391,,,,,,,,,-0.000000,0.000000,,,-0.205064,-2.126834,0.075779,-0.012987,,,,,,,,,,,,
457394,,,,,,,,,,,,,,,,,,,,0.100767,0.931523,-1.199975,,,,,,
457401,,,,,,,,,-0.000000,0.000000,,,-0.172540,-1.789518,0.076921,-0.015619,,,,,,,,,,,,
457411,,,,,,,,,0.027467,-0.652434,,,0.399368,-1.505700,0.072554,-0.017774,,,,,,,,,,,,
457417,0.100812,0.931410,-1.202593,0.120287,0.958868,-1.374742,0.230822,-0.582686,,,11.659184,6.300328,,,,,-0.018608,0.028053,-0.172148,,,,,,,,,
457421,,,,,,,,,-0.000000,0.000000,,,0.336028,-1.266896,0.120429,0.025220,,,,,,,,,,,,
457424,,,,,,,,,,,,,,,,,,,,0.100905,0.931299,-1.206691,,,,,,
457431,,,,,,,,,0.027467,-0.652434,,,0.827277,-1.065966,0.117682,0.024684,,,,,,,,,,,,
457439,,,,,,,,,-0.000000,0.000000,,,0.696071,-0.896904,0.121187,0.024433,,,,0.100957,0.931240,-1.206691,,,,,,
457444,,,,,,,,,,,,,,,,,,,,0.101015,0.931181,-1.213382,,,,,,
457451,,,,,,,,,0.027467,-0.652434,,,1.130217,-0.754655,0.118951,0.024422,,,,,,,,,,,,
457461,,,,,,,,,0.027467,-0.652434,,,1.495508,-0.634966,0.117331,0.024612,,,,,,,,,,,,
457467,0.101037,0.931092,-1.215215,0.122674,0.946008,-1.399135,0.251111,-0.516862,,,16.324665,10.906547,,,,,-0.006450,0.025476,-0.183920,,,,,,,,,
457471,,,,,,,,,0.054935,-1.304868,,,2.347406,-0.534261,0.158263,0.071955,,,,,,,,,,,,
457474,,,,,,,,,,,,,,,,,,,,0.101387,0.930378,-1.237108,,,,,,
457481,,,,,,,,,0.082402,-0.652434,,,3.064194,0.095016,0.153747,0.067825,,,,,,,,,,,,
457484,,,,,,,,,,,,,,,,,,,,0.101557,0.930055,-1.247320,,,,,,
457491,,,,,,,,,0.054935,-1.304868,,,3.667299,0.079947,0.150247,0.070141,,,,,,,,,,,,
457499,,,,,,,,,0.082402,-1.957303,,,4.174751,0.067267,0.147603,0.072435,,,,0.101730,0.929651,-1.260994,,,,,,
457511,,,,,,,,,0.054935,-1.304868,,,5.146265,0.056599,0.140123,0.074712,,,,,,,,,,,,
457517,0.101745,0.929554,-1.262628,0.124935,0.932035,-1.420894,0.272220,-0.460225,,,20.581770,15.646878,,,,,0.004669,0.022850,-0.158266,,,,,,,,,
457521,,,,,,,,,0.109870,-1.304868,,,5.963696,0.592165,0.177444,0.119771,,,,,,,,,,,,
457524,,,,,,,,,,,,,,,,,,,,0.102617,0.927381,-1.302380,,,,,,
457531,,,,,,,,,0.109870,-2.609737,,,7.196026,0.498248,0.167797,0.123739,,,,,,,,,,,,
457534,,,,,,,,,,,,,,,,,,,,0.102931,0.926480,-1.323392,,,,,,
457541,,,,,,,,,0.137337,-1.957303,,,8.232908,0.963769,0.159898,0.122021,,,,,,,,,,,,
457544,,,,,,,,,,,,,,,,,,,,0.103230,0.925587,-1.340961,,,,,,
457551,,,,,,,,,0.109870,-1.304868,,,8.560798,1.355458,0.159024,0.120962,,,,,,,,,,,,
457561,,,,,,,,,0.164805,-2.609737,,,9.925770,1.685026,0.147505,0.120459,,,,,,,,,,,,
457567,0.103274,0.925249,-1.345338,0.127063,0.916920,-1.440377,0.294079,-0.411334,,,23.940535,20.211571,,,,,0.013437,0.021324,-0.095039,,,,,,,,,
457571,,,,,,,,,0.164805,-1.304868,,,10.529715,2.506867,0.177736,0.161428,,,,,,,,,,,,
457575,,,,,,,,,,,,,,,,,,,,0.104572,0.921228,-1.398175,,,,,,
457581,,,,,,,,,0.192272,-1.957303,,,11.582417,3.198364,0.169680,0.157916,,,,,,,,,,,,
457584,,,,,,,,,,,,,,,,,,,,0.104888,0.919593,-1.416337,,,,,,
457591,,,,,,,,,0.192272,-1.957303,,,12.468160,3.780189,0.163117,0.155384,,,,,,,,,,,,
457594,,,,,,,,,,,,,,,,,,,,0.105137,0.917959,-1.434588,,,,,,
457601,,,,,,,,,0.247207,-1.957303,,,13.757967,4.814281,0.152256,0.148123,,,,,,,,,,,,
457611,,,,,,,,,0.219740,-1.304868,,,14.298668,5.684365,0.148777,0.142327,,,,,,,,,,,,
457620,0.105156,0.917665,-1.432573,0.129050,0.900634,-1.457883,0.316615,-0.368976,0.054935,0.000000,26.569725,24.335125,12.575440,5.327367,0.195100,0.190934,0.020161,0.021320,-0.025310,,,,,,,,,
457624,,,,,,,,,,,,,,,,,,,,0.105885,0.911443,-1.479018,,,,,,
457631,,,,,,,,,0.439480,-2.609737,,,16.026405,7.749705,0.162699,0.170028,,,,,,,,,,,,
457640,,,,,,,,,0.302142,-0.652434,,,16.751875,8.698774,0.157408,0.163665,,,,0.106174,0.909042,-1.490287,,,,,,
457644,,,,,,,,,,,,,,,,,,,,0.106398,0.906490,-1.501614,,,,,,
457651,,,,,,,,,0.274675,-1.304868,,,17.362286,10.041863,0.153145,0.153092,,,,,,,,,,,,
457661,,,,,,,,,0.302142,-0.652434,,,17.875885,11.171939,0.149748,0.144424,,,,,,,,,,,,
457667,0.106445,0.906169,-1.498558,0.130888,0.883154,-1.473669,0.339751,-0.332142,,,28.665247,27.695004,,,,,0.024719,0.022719,0.024889,,,,,,,,,
457671,,,,,,,,,0.302142,-0.652434,,,18.308027,12.122784,0.168453,0.171629,,,,,,,,,,,,
457679,,,,,,,,,0.329610,-1.304868,,,19.216173,12.922825,0.161262,0.166583,,,,0.106990,0.897479,-1.528318,,,,,,
457684,,,,,,,,,,,,,,,,,,,,0.107065,0.894427,-1.535960,,,,,,
457691,,,,,,,,,0.357077,-0.652434,,,19.435745,14.140522,0.160912,0.157117,,,,,,,,,,,,
457694,,,,,,,,,,,,,,,,,,,,0.107041,0.891254,-1.539781,,,,,,
457701,,,,,,,,,0.329610,0.000000,,,20.165035,15.165092,0.155319,0.149377,,,,,,,,,,,,
457711,,,,,,,,,0.357077,-0.652434,,,20.778660,16.027166,0.150760,0.143090,,,,,,,,,,,,
457717,0.107074,0.891010,-1.539059,0.132572,0.864459,-1.487949,0.363405,-0.299990,,,30.436050,30.312523,,,,,0.027346,0.024643,0.051110,,,,,,,,,
457721,,,,,,,,,0.357077,-0.652434,,,21.294964,16.752516,0.165133,0.164724,,,,,,,,,,,,
457724,,,,,,,,,,,,,,,,,,,,0.107168,0.880722,-1.559120,,,,,,
457731,,,,,,,,,0.357077,-0.652434,,,21.729382,17.362823,0.162530,0.161211,,,,,,,,,,,,
457734,,,,,,,,,,,,,,,,,,,,0.107101,0.877220,-1.563043,,,,,,
457741,,,,,,,,,0.384545,0.000000,,,22.094902,18.420879,0.160543,0.153008,,,,,,,,,,,,
457744,,,,,,,,,,,,,,,,,,,,0.107038,0.873479,-1.566920,,,,,,
457751,,,,,,,,,0.412012,-0.652434,,,22.946993,19.311129,0.153520,0.146306,,,,,,,,,,,,
457761,,,,,,,,,0.384545,0.000000,,,23.119400,20.060183,0.153260,0.140866,,,,,,,,,,,,
457767,0.107088,0.873337,-1.564583,0.134093,0.844533,-1.500908,0.387491,-0.271821,,,32.089828,32.544640,,,,,0.028971,0.026825,0.063674,,,,,,,,,
457771,,,,,,,,,0.384545,0.000000,,,23.264462,20.145895,0.170112,0.164810,,,,,,,,,,,,
457774,,,,,,,,,,,,,,,,,,,,0.106862,0.861825,-1.582262,,,,,,
457781,,,,,,,,,0.412012,-0.652434,,,23.931061,21.307098,0.165078,0.155445,,,,,,,,,,,,
457784,,,,,,,,,,,,,,,,,,,,0.106791,0.857898,-1.582318,,,,,,
457791,,,,,,,,,0.412012,-0.652434,,,24.491938,21.195049,0.160988,0.158836,,,,,,,,,,,,
457799,,,,,,,,,0.412012,-0.652434,,,24.963860,22.189857,0.157694,0.150959,,,,0.106732,0.853848,-1.590086,,,,,,
457811,,,,,,,,,0.412012,-0.652434,,,25.360933,22.482346,0.155069,0.150046,,,,,,,,,,,,
457817,0.106745,0.853755,-1.590684,0.135446,0.823364,-1.512703,0.411920,-0.247053,,,33.498234,34.605629,,,,,0.029814,0.029299,0.077981,,,,,,,,,
457821,,,,,,,,,0.439480,-1.304869,,,25.695032,22.728445,0.167373,0.170571,,,,,,,,,,,,
457824,,,,,,,,,,,,,,,,,,,,0.106455,0.841059,-1.605585,,,,,,
457831,,,,,,,,,0.439480,0.000000,,,26.520685,23.480057,0.160512,0.165280,,,,,,,,,,,,
457834,,,,,,,,,,,,,,,,,,,,0.106374,0.836877,-1.613266,,,,,,
457841,,,,,,,,,0.466947,-0.652434,,,26.670847,24.112463,0.160376,0.161054,,,,,,,,,,,,
457844,,,,,,,,,,,,,,,,,,,,0.106252,0.832651,-1.617136,,,,,,
457851,,,,,,,,,0.439480,0.000000,,,27.341736,24.644569,0.154898,0.157725,,,,,,,,,,,,
457861,,,,,,,,,0.439480,0.000000,,,27.361679,25.092283,0.155926,0.155151,,,,,,,,,,,,
457867,0.106253,0.832579,-1.614916,0.136626,0.800945,-1.523469,0.436600,-0.225197,,,34.799950,36.570179,,,,,0.030263,0.031738,0.091447,,,,,,,,,
457871,,,,,,,,,0.466947,-0.652434,,,27.923002,24.924446,0.164706,0.178804,,,,,,,,,,,,
457874,,,,,,,,,,,,,,,,,,,,0.105590,0.818543,-1.628504,,,,,,
457881,,,,,,,,,0.466947,-0.652434,,,28.395300,25.872314,0.161263,0.171465,,,,,,,,,,,,
457884,,,,,,,,,,,,,,,,,,,,0.105299,0.813847,-1.636106,,,,,,
457891,,,,,,,,,0.466947,-0.652434,,,28.248148,26.125307,0.164045,0.171024,,,,,,,,,,,,
457894,,,,,,,,,,,,,,,,,,,,0.105115,0.809151,-1.636106,,,,,,
457901,,,,,,,,,0.466947,0.652434,,,28.668877,26.882719,0.161064,0.165387,,,,,,,,,,,,
457911,,,,,,,,,0.494415,0.000000,,,29.022879,26.975462,0.158680,0.166379,,,,,,,,,,,,
457920,0.105115,0.809045,-1.634328,0.137628,0.777272,-1.533323,0.461432,-0.205848,0.521882,-0.652434,35.851482,38.208553,29.865278,27.598040,0.161968,0.178659,0.029644,0.034464,0.101005,,,,,,,,,
457924,,,,,,,,,,,,,,,,,,,,0.104158,0.794603,-1.647463,,,,,,
457931,,,,,,,,,0.439480,0.000000,,,29.484987,28.121876,0.167044,0.175438,,,,,,,,,,,,
457934,,,,,,,,,,,,,,,,,,,,0.103870,0.789758,-1.647504,,,,,,
457941,,,,,,,,,0.521882,-0.652434,,,30.254097,28.562632,0.160473,0.172959,,,,,,,,,,,,
457944,,,,,,,,,,,,,,,,,,,,0.103489,0.784975,-1.647539,,,,,,
457951,,,,,,,,,0.521882,0.652434,,,30.356682,28.933483,0.160546,0.171106,,,,,,,,,,,,
457954,,,,,,,,,,,,,,,,,,,,0.102985,0.779857,-1.651270,,,,,,
457961,,,,,,,,,0.494415,0.000000,,,30.442997,29.790060,0.160765,0.164224,,,,,,,,,,,,
457965,0.102595,0.775562,-1.649885,0.138447,0.752348,-1.542366,0.486320,-0.188661,,,,,,,,,,,,0.102511,0.774754,-1.651309,,,,,,
457968,,,,,,,,,,,34.491337,37.371120,,,,,0.020308,0.037574,0.107518,,,,,,,,,
457971,,,,,,,,,0.549350,0.000000,,,31.060165,29.966242,0.141678,0.155569,,,,,,,,,,,,
457981,,,,,,,,,0.494415,0.000000,,,31.034908,30.659023,0.142621,0.149983,,,,0.101964,0.769738,-1.647501,,,,,,
457984,,,,,,,,,,,,,,,,,,,,0.101354,0.764602,-1.647497,,,,,,
457991,,,,,,,,,0.494415,0.000000,,,31.013657,30.697388,0.143530,0.150934,,,,,,,,,,,,
457994,,,,,,,,,,,,,,,,,,,,0.100819,0.759304,-1.643675,,,,,,
458001,,,,,,,,,0.466947,0.652434,,,30.451233,30.729668,0.149962,0.151940,,,,,,,,,,,,
458011,,,,,,,,,0.549350,0.000000,,,31.067095,31.301371,0.144488,0.147437,,,,,,,,,,,,
458017,0.100787,0.758370,-1.644197,0.139080,0.726180,-1.550685,0.511159,-0.173349,,,38.669018,41.425369,,,,,0.029295,0.040550,0.093512,,,,,,,,,
458021,,,,,,,,,0.466947,0.652434,,,30.496195,31.237858,0.193608,0.190652,,,,,,,,,,,,
458024,,,,,,,,,,,,,,,,,,,,0.099498,0.743446,-1.639849,,,,,,
458031,,,,,,,,,0.576817,-0.652434,,,31.104927,31.728962,0.189034,0.187680,,,,,,,,,,,,
458034,,,,,,,,,,,,,,,,,,,,0.099113,0.738226,-1.639899,,,,,,
458041,,,,,,,,,0.521882,0.652434,,,31.617113,32.142178,0.185322,0.185405,,,,,,,,,,,,
458044,,,,,,,,,,,,,,,,,,,,0.098746,0.733226,-1.636055,,,,,,
458051,,,,,,,,,0.549350,0.000000,,,32.048065,32.489857,0.182337,0.183715,,,,,,,,,,,,
458061,,,,,,,,,0.549350,0.000000,,,32.410671,32.782394,0.179963,0.182518,,,,,,,,,,,,
458067,0.098750,0.733037,-1.636739,0.139523,0.698779,-1.558357,0.535847,-0.159668,,,40.978203,43.514118,,,,,0.031497,0.042942,0.078382,,,,,,,,,
458071,,,,,,,,,0.576817,-0.652434,,,32.715767,33.028534,0.201656,0.203041,,,,,,,,,,,,
458074,,,,,,,,,,,,,,,,,,,,0.097587,0.717859,-1.636242,,,,,,
458081,,,,,,,,,0.576817,0.652434,,,32.972473,33.780178,0.200690,0.197472,,,,,,,,,,,,
458084,,,,,,,,,,,,,,,,,,,,0.097288,0.712647,-1.632475,,,,,,
458091,,,,,,,,,0.521882,0.652434,,,33.188465,33.868069,0.200088,0.198522,,,,,,,,,,,,
458098,,,,,,,,,,,,,,,,,,,,0.096940,0.706860,-1.636244,,,,,,
458101,,,,,,,,,0.576817,-0.652434,,,33.914745,33.942020,0.194238,0.199697,,,,,,,,,,,,
458111,,,,,,,,,0.604285,0.000000,,,33.981293,34.548786,0.194972,0.195422,,,,,,,,,,,,
458117,0.096925,0.706527,-1.636286,0.139776,0.670163,-1.565447,0.560278,-0.147411,,,43.082676,45.609764,,,,,0.033481,0.045139,0.070839,,,,,,,,,
458121,,,,,,,,,0.576817,0.652434,,,34.581829,35.059319,0.211711,0.213384,,,,,,,,,,,,
458124,,,,,,,,,,,,,,,,,,,,0.095718,0.689789,-1.636272,,,,,,
458131,,,,,,,,,0.604285,0.000000,,,35.087120,34.944340,0.208258,0.216666,,,,,,,,,,,,
458134,,,,,,,,,,,,,,,,,,,,0.095255,0.684069,-1.636273,,,,,,
458141,,,,,,,,,0.604285,-1.304869,,,35.512272,35.392139,0.205520,0.214232,,,,,,,,,,,,
458144,,,,,,,,,,,,,,,,,,,,0.094682,0.677742,-1.636244,,,,,,
458151,,,,,,,,,0.631752,0.652435,,,36.414539,36.313461,0.197831,0.206878,,,,,,,,,,,,
458161,,,,,,,,,0.604285,0.000000,,,36.629162,36.544117,0.196976,0.206385,,,,,,,,,,,,
458167,0.094704,0.677627,-1.636248,0.139836,0.640354,-1.572015,0.584345,-0.136400,,,44.813313,47.340080,,,,,0.034242,0.047473,0.064233,,,,,,,,,
458171,,,,,,,,,0.631752,0.652435,,,36.809746,37.282734,0.214077,0.218313,,,,,,,,,,,,
458174,,,,,,,,,,,,,,,,,,,,0.093000,0.659520,-1.632464,,,,,,
458181,,,,,,,,,0.631752,0.652435,,,36.961689,37.904205,0.214128,0.213985,,,,,,,,,,,,
458184,,,,,,,,,,,,,,,,,,,,0.092517,0.653139,-1.632446,,,,,,
458191,,,,,,,,,0.659220,0.000000,,,37.634079,38.427113,0.208840,0.210539,,,,,,,,,,,,
458194,,,,,,,,,,,,,,,,,,,,0.092201,0.646440,-1.628620,,,,,,
458201,,,,,,,,,0.659220,0.000000,,,38.199829,38.867085,0.204505,0.207834,,,,,,,,,,,,
458211,,,,,,,,,0.659220,0.000000,,,38.675850,39.237278,0.200972,0.205752,,,,,,,,,,,,
458220,0.092231,0.646297,-1.629261,0.139702,0.609379,-1.578112,0.607942,-0.126486,0.714155,0.000000,46.407833,48.656113,39.620918,40.093304,0.208824,0.212065,0.034081,0.049547,0.051149,,,,,,,,,
458224,,,,,,,,,,,,,,,,,,,,0.091183,0.626835,-1.628677,,,,,,
458231,,,,,,,,,0.659220,0.000000,,,39.871555,39.724476,0.207625,0.217540,,,,,,,,,,,,
458234,,,,,,,,,,,,,,,,,,,,0.090671,0.620040,-1.628666,,,,,,
458241,,,,,,,,,0.714155,0.000000,,,40.082439,40.503231,0.206781,0.211383,,,,,,,,,,,,
458244,,,,,,,,,,,,,,,,,,,,0.090338,0.613246,-1.628677,,,,,,
458251,,,,,,,,,0.659220,0.000000,,,40.804420,41.158474,0.200682,0.206330,,,,,,,,,,,,
458261,,,,,,,,,0.659220,0.000000,,,40.867352,41.165253,0.201161,0.207760,,,,,,,,,,,,
458267,0.090336,0.613259,-1.628726,0.139374,0.577271,-1.583783,0.630962,-0.117539,,,47.607094,49.795547,,,,,0.033088,0.051040,0.044943,,,,,,,,,
458271,,,,,,,,,0.714155,0.000000,,,40.920303,41.715500,0.213961,0.215268,,,,,,,,,,,,
458279,,,,,,,,,0.686687,0.652435,,,41.509399,41.633934,0.209290,0.217716,,,,0.089126,0.591783,-1.628639,,,,,,
458284,,,,,,,,,,,,,,,,,,,,0.088602,0.584646,-1.628569,,,,,,
458291,,,,,,,,,0.714155,0.000000,,,42.005066,42.654392,0.205454,0.208940,,,,,,,,,,,,
458294,,,,,,,,,,,,,,,,,,,,0.088160,0.577699,-1.624797,,,,,,
458301,,,,,,,,,0.769089,0.000000,,,42.422119,42.968464,0.202320,0.207164,,,,,,,,,,,,
458311,,,,,,,,,0.714155,0.000000,,,42.773029,43.777264,0.199778,0.200280,,,,,,,,,,,,
458317,0.088170,0.577691,-1.625127,0.138854,0.544068,-1.589069,0.653299,-0.109447,,,48.476765,50.469677,,,,,0.030822,0.052435,0.036057,,,,,,,,,
458321,,,,,,,,,0.714154,1.304868,,,43.068283,43.913246,0.206604,0.206973,,,,,,,,,,,,
458324,,,,,,,,,,,,,,,,,,,,0.086136,0.556346,-1.617105,,,,,,
458331,,,,,,,,,0.714155,0.000000,,,43.316711,44.027660,0.205151,0.207117,,,,,,,,,,,,
458339,,,,,,,,,0.714155,0.000000,,,43.525738,44.668472,0.204051,0.201869,,,,0.085593,0.548809,-1.617003,,,,,,
458344,,,,,,,,,,,,,,,,,,,,0.085121,0.541189,-1.617008,,,,,,
458351,,,,,,,,,0.714155,0.000000,,,43.701611,44.663109,0.203248,0.203084,,,,,,,,,,,,
458361,,,,,,,,,0.769089,0.000000,,,43.849590,44.658596,0.202693,0.204292,,,,,,,,,,,,
458367,0.085204,0.541030,-1.617692,0.138142,0.509813,-1.594006,0.674849,-0.102115,,,49.423286,51.053211,,,,,0.028701,0.054343,0.023686,,,,,,,,,
458371,,,,,,,,,0.741622,0.652433,,,43.974102,45.199341,0.212003,0.205890,,,,,,,,,,,,
458374,,,,,,,,,,,,,,,,,,,,0.083731,0.518532,-1.609131,,,,,,
458381,,,,,,,,,0.741622,-0.652433,,,44.623409,45.654324,0.206470,0.202420,,,,,,,,,,,,
458384,,,,,,,,,,,,,,,,,,,,0.083240,0.510929,-1.609134,,,,,,
458391,,,,,,,,,0.741622,0.652433,,,45.169735,46.037148,0.201858,0.199595,,,,,,,,,,,,
458399,,,,,,,,,0.769089,0.000000,,,45.629414,46.359253,0.198020,0.197313,,,,0.082921,0.503560,-1.609211,,,,,,
458411,,,,,,,,,0.714155,0.000000,,,45.471645,46.085732,0.200388,0.201042,,,,,,,,,,,,
458417,0.082974,0.503711,-1.609924,0.137240,0.474552,-1.598625,0.695510,-0.095458,,,50.459473,51.669247,,,,,0.027014,0.055365,0.011299,,,,,,,,,
458421,,,,,,,,,0.769089,0.000000,,,45.338898,46.400131,0.213101,0.205112,,,,,,,,,,,,
458424,,,,,,,,,,,,,,,,,,,,0.081905,0.481052,-1.605284,,,,,,
458431,,,,,,,,,0.769089,0.000000,,,45.771748,46.120125,0.209710,0.209022,,,,,,,,,,,,
458434,,,,,,,,,,,,,,,,,,,,0.081562,0.473545,-1.601578,,,,,,
458441,,,,,,,,,0.769089,0.000000,,,46.135948,46.429073,0.206933,0.206980,,,,,,,,,,,,
458444,,,,,,,,,,,,,,,,,,,,0.081215,0.466144,-1.605430,,,,,,
458451,,,,,,,,,0.741622,0.652433,,,46.442387,46.689022,0.204672,0.205377,,,,,,,,,,,,
458461,,,,,,,,,0.769089,0.000000,,,46.700222,46.907742,0.202845,0.204142,,,,,,,,,,,,
458467,0.081237,0.466072,-1.605807,0.136153,0.438340,-1.602956,0.715184,-0.089406,,,51.493313,52.412865,,,,,0.025793,0.055853,0.002851,,,,,,,,,
458471,,,,,,,,,0.741622,-0.652433,,,46.917164,47.091774,0.211930,0.210802,,,,,,,,,,,,
458474,,,,,,,,,,,,,,,,,,,,0.080344,0.443730,-1.609479,,,,,,
458481,,,,,,,,,0.714155,0.000000,,,46.555157,46.702076,0.216537,0.215841,,,,,,,,,,,,
458484,,,,,,,,,,,,,,,,,,,,0.080001,0.435978,-1.609391,,,,,,
458491,,,,,,,,,0.769089,0.000000,,,46.795109,46.918724,0.215077,0.214773,,,,,,,,,,,,
458494,,,,,,,,,,,,,,,,,,,,0.079564,0.428347,-1.609477,,,,,,
458501,,,,,,,,,0.796557,0.652434,,,46.997002,47.645557,0.213958,0.208459,,,,,,,,,,,,
458511,,,,,,,,,0.796557,-0.652434,,,47.711418,47.712570,0.207570,0.208728,,,,,,,,,,,,
458520,0.079541,0.428175,-1.611906,0.134882,0.401233,-1.607023,0.733774,-0.083894,0.219740,0.000000,52.245899,53.337429,42.322556,42.323524,0.270969,0.274067,0.024645,0.056402,0.004883,,,,,,,,,
458524,,,,,,,,,,,,,,,,,,,,0.077886,0.405086,-1.609389,,,,,,
458531,,,,,,,,,1.263504,0.000000,,,47.590141,47.590958,0.219224,0.222542,,,,,,,,,,,,
458534,,,,,,,,,,,,,,,,,,,,0.077558,0.396989,-1.609203,,,,,,
458541,,,,,,,,,0.741622,-0.652433,,,47.665943,47.666630,0.219382,0.222920,,,,,,,,,,,,
458544,,,,,,,,,,,,,,,,,,,,0.077121,0.388865,-1.613048,,,,,,
458551,,,,,,,,,0.796557,0.652434,,,48.274265,48.274845,0.214094,0.217850,,,,,,,,,,,,
458561,,,,,,,,,0.796557,0.652434,,,48.241566,48.786594,0.215221,0.213643,,,,,,,,,,,,
458567,0.077232,0.388823,-1.610218,0.133434,0.363292,-1.610850,0.751190,-0.078868,,,53.045876,53.956715,,,,,0.023296,0.057165,-0.000632,,,,,,,,,
458571,,,,,,,,,0.796557,-0.652434,,,48.758595,48.672638,0.218908,0.222032,,,,,,,,,,,,
458590,,,,,,,,,0.549350,0.000000,,,41.796974,41.736122,0.292743,0.296006,,,,0.075353,0.357159,-1.609329,,,,,,
458594,,,,,,,,,,,,,,,,,,,,0.075108,0.349083,-1.609435,,,,,,
458601,,,,,,,,,0.851492,0.652435,,,43.336117,43.829460,0.279293,0.277098,,,,,,,,,,,,
458611,,,,,,,,,0.851492,0.652435,,,44.631149,45.046249,0.268026,0.266713,,,,,,,,,,,,
458617,0.075195,0.348846,-1.606766,0.131812,0.324582,-1.614457,0.767346,-0.074280,,,53.890659,54.519100,,,,,0.022212,0.057453,-0.007691,,,,,,,,,
458621,,,,,,,,,0.878959,0.000000,,,46.265335,46.614601,0.261657,0.258234,,,,,,,,,,,,
458624,,,,,,,,,,,,,,,,,,,,0.074281,0.323786,-1.609441,,,,,,
458631,,,,,,,,,0.906427,-0.652435,,,48.184883,47.934212,0.243603,0.246355,,,,,,,,,,,,
458639,,,,,,,,,0.878959,-1.304869,,,49.255447,49.044529,0.233824,0.236346,,,,0.073785,0.315472,-1.609389,,,,,,
458644,,,,,,,,,,,,,,,,,,,,0.073543,0.306917,-1.613315,,,,,,
458651,,,,,,,,,0.906427,0.652435,,,50.156219,50.523296,0.225563,0.222358,,,,,,,,,,,,
458661,,,,,,,,,0.851492,0.652435,,,50.914127,50.678444,0.218579,0.221575,,,,,,,,,,,,
458667,0.073601,0.306864,-1.610029,0.130022,0.285174,-1.617865,0.782160,-0.070088,,,54.027859,54.685368,,,,,0.019460,0.057229,-0.007835,,,,,,,,,
458671,,,,,,,,,0.851492,-0.652435,,,51.551830,51.353527,0.214070,0.217153,,,,,,,,,,,,
458674,,,,,,,,,,,,,,,,,,,,0.071894,0.279707,-1.613114,,,,,,
458681,,,,,,,,,0.878959,0.000000,,,52.088394,51.921543,0.209092,0.212025,,,,,,,,,,,,
458684,,,,,,,,,,,,,,,,,,,,0.071173,0.270725,-1.613112,,,,,,
458688,,,,,,,,,,,,,,,,,,,,0.071173,0.270725,-1.613112,,,,,,
458691,,,,,,,,,0.878959,0.000000,,,51.995316,52.399471,0.210429,0.207703,,,,,,,,,,,,
458699,,,,,,,,,0.851492,-0.652435,,,52.461544,52.257057,0.206080,0.209613,,,,0.070438,0.261993,-1.612879,,,,,,
458711,,,,,,,,,0.878959,1.304869,,,52.853828,52.681770,0.202392,0.205767,,,,,,,,,,,,
458717,0.070659,0.262070,-1.607172,0.128071,0.245139,-1.621088,0.795556,-0.066254,,,53.684547,54.093468,,,,,0.014832,0.057990,-0.013916,,,,,,,,,
458721,,,,,,,,,0.851492,-0.652435,,,52.639351,53.039127,0.201313,0.196485,,,,,,,,,,,,
458724,,,,,,,,,,,,,,,,,,,,0.069087,0.235221,-1.609203,,,,,,
458731,,,,,,,,,0.824024,0.000000,,,53.003433,52.795261,0.197808,0.199183,,,,,,,,,,,,
458734,,,,,,,,,,,,,,,,,,,,0.068862,0.226343,-1.609131,,,,,,
458741,,,,,,,,,0.824024,0.000000,,,52.765228,52.590073,0.200374,0.201536,,,,,,,,,,,,
458744,,,,,,,,,,,,,,,,,,,,0.068588,0.217616,-1.613121,,,,,,
458751,,,,,,,,,0.878959,0.000000,,,52.564804,52.961971,0.202602,0.198043,,,,,,,,,,,,
458761,,,,,,,,,0.851492,0.652435,,,52.940712,52.730343,0.198992,0.200632,,,,,,,,,,,,
458767,0.068679,0.217774,-1.609887,0.125965,0.204555,-1.624144,0.807468,-0.062746,,,53.339355,53.754791,,,,,0.010971,0.057759,-0.014257,,,,,,,,,
458771,,,,,,,,,0.824024,0.000000,,,52.712456,52.535450,0.197948,0.199438,,,,,,,,,,,,
458774,,,,,,,,,,,,,,,,,,,,0.067548,0.191717,-1.616950,,,,,,
458781,,,,,,,,,0.851492,-0.652435,,,53.064945,52.916012,0.194478,0.195800,,,,,,,,,,,,
458784,,,,,,,,,,,,,,,,,,,,0.067122,0.182902,-1.616891,,,,,,
458791,,,,,,,,,0.824024,0.000000,,,52.816986,52.691673,0.197062,0.198256,,,,,,,,,,,,
458794,,,,,,,,,,,,,,,,,,,,0.066646,0.174210,-1.620563,,,,,,
458801,,,,,,,,,0.824024,0.000000,,,52.608353,52.502914,0.199295,0.200394,,,,,,,,,,,,
458811,,,,,,,,,0.796557,-0.652434,,,52.432808,51.799549,0.201231,0.207819,,,,,,,,,,,,
458820,0.066637,0.174528,-1.622404,0.123712,0.163499,-1.627046,0.817833,-0.059536,0.824024,1.304869,52.917110,53.850636,51.196018,50.118652,0.209721,0.226333,0.008071,0.057568,-0.004642,,,,,,,,,
458824,,,,,,,,,,,,,,,,,,,,0.064803,0.149305,-1.624373,,,,,,
458831,,,,,,,,,0.851492,0.652435,,,51.244469,53.060692,0.209571,0.197070,,,,,,,,,,,,
458834,,,,,,,,,,,,,,,,,,,,0.064359,0.140983,-1.624533,,,,,,
458841,,,,,,,,,0.824024,0.000000,,,51.829781,52.813408,0.203935,0.199751,,,,,,,,,,,,
458844,,,,,,,,,,,,,,,,,,,,0.063870,0.132850,-1.624528,,,,,,
458851,,,,,,,,,0.851492,-0.652435,,,51.777718,52.605343,0.204684,0.202080,,,,,,,,,,,,
458861,,,,,,,,,0.851492,0.652435,,,52.278458,52.430275,0.199804,0.204115,,,,,,,,,,,,
458867,0.063966,0.132777,-1.621616,0.121320,0.122053,-1.629808,0.826597,-0.056598,,,53.461555,54.245296,,,,,0.007797,0.057824,-0.008192,,,,,,,,,
458871,,,,,,,,,0.824024,0.000000,,,52.155235,52.282974,0.206742,0.209927,,,,,,,,,,,,
458879,,,,,,,,,0.796557,0.652434,,,51.507011,52.159035,0.213615,0.211584,,,,0.062079,0.108549,-1.624696,,,,,,
458884,,,,,,,,,,,,,,,,,,,,0.061565,0.100238,-1.628509,,,,,,
458891,,,,,,,,,0.796557,-0.652434,,,51.506142,52.054752,0.214015,0.213065,,,,,,,,,,,,
458894,,,,,,,,,,,,,,,,,,,,0.061054,0.091893,-1.628516,,,,,,
458901,,,,,,,,,0.824024,0.000000,,,51.505409,51.967010,0.214414,0.214398,,,,,,,,,,,,
458911,,,,,,,,,0.824024,-1.304869,,,51.504791,51.348640,0.214811,0.221161,,,,,,,,,,,,
458917,0.061026,0.091877,-1.633411,0.118798,0.080301,-1.632441,0.833714,-0.053910,,,53.687653,54.991936,,,,,0.007938,0.058384,0.000970,,,,,,,,,
458921,,,,,,,,,0.824024,1.304869,,,51.504272,51.372887,0.217514,0.229109,,,,,,,,,,,,
458924,,,,,,,,,,,,,,,,,,,,0.059431,0.067341,-1.628400,,,,,,
458931,,,,,,,,,0.851492,-0.652435,,,51.503834,51.393288,0.217955,0.229624,,,,,,,,,,,,
458939,,,,,,,,,0.796557,0.652434,,,51.503468,51.954998,0.218396,0.224615,,,,0.058773,0.059286,-1.628509,,,,,,
458944,,,,,,,,,,,,,,,,,,,,0.058043,0.051066,-1.628504,,,,,,
458951,,,,,,,,,0.824024,0.000000,,,51.503159,51.883076,0.218836,0.225956,,,,,,,,,,,,
458961,,,,,,,,,0.851492,0.652435,,,51.502899,51.822559,0.219275,0.227195,,,,,,,,,,,,
458967,0.058120,0.050922,-1.626181,0.116154,0.038327,-1.634957,0.839145,-0.051453,,,54.668945,55.486893,,,,,0.009363,0.058642,-0.008776,,,,,,,,,
458971,,,,,,,,,0.796557,-0.652434,,,51.502682,51.771641,0.229724,0.233396,,,,,,,,,,,,
458974,,,,,,,,,,,,,,,,,,,,0.056629,0.025714,-1.628462,,,,,,
458981,,,,,,,,,0.878959,0.000000,,,51.502499,52.273342,0.230359,0.229022,,,,,,,,,,,,
458984,,,,,,,,,,,,,,,,,,,,0.056158,0.017516,-1.628512,,,,,,
458991,,,,,,,,,0.796557,0.652434,,,51.502342,52.150932,0.230994,0.230913,,,,,,,,,,,,
458994,,,,,,,,,,,,,,,,,,,,0.055536,0.009322,-1.624743,,,,,,
459001,,,,,,,,,0.933894,0.000000,,,52.046757,52.592480,0.226074,0.227077,,,,,,,,,,,,
459011,,,,,,,,,0.796557,0.652434,,,51.960281,52.963997,0.227480,0.223866,,,,,,,,,,,,
459017,0.055614,0.009474,-1.622129,0.113397,-0.003783,-1.637366,0.842861,-0.049209,,,55.320503,55.804417,,,,,0.010275,0.058387,-0.015237,,,,,,,,,
459021,,,,,,,,,0.878959,0.000000,,,52.432064,52.732048,0.229856,0.229975,,,,,,,,,,,,
459024,,,,,,,,,,,,,,,,,,,,0.053710,-0.016519,-1.620882,,,,,,
459031,,,,,,,,,0.824024,0.000000,,,52.284481,52.536884,0.231939,0.232581,,,,,,,,,,,,
459034,,,,,,,,,,,,,,,,,,,,0.053332,-0.025150,-1.620833,,,,,,
459041,,,,,,,,,0.878959,0.000000,,,52.704845,52.917217,0.228258,0.229355,,,,,,,,,,,,
459044,,,,,,,,,,,,,,,,,,,,0.052927,-0.033641,-1.620932,,,,,,
459051,,,,,,,,,0.824024,0.000000,,,52.513996,53.237232,0.230728,0.226668,,,,,,,,,,,,
459061,,,,,,,,,0.906427,-0.652435,,,52.897961,53.506493,0.227373,0.224435,,,,,,,,,,,,
459067,0.052905,-0.033818,-1.623769,0.110537,-0.045941,-1.639676,0.844841,-0.047164,,,55.114635,55.570156,,,,,0.009054,0.058193,-0.015907,,,,,,,,,
459071,,,,,,,,,0.851492,0.652435,,,53.221027,53.733047,0.222462,0.220194,,,,,,,,,,,,
459074,,,,,,,,,,,,,,,,,,,,0.051385,-0.059359,-1.620969,,,,,,
459081,,,,,,,,,0.878959,-1.304869,,,53.492855,53.379128,0.220068,0.224172,,,,,,,,,,,,
459084,,,,,,,,,,,,,,,,,,,,0.050982,-0.067937,-1.624815,,,,,,
459091,,,,,,,,,0.878959,1.304869,,,53.721573,53.625881,0.218060,0.222093,,,,,,,,,,,,
459094,,,,,,,,,,,,,,,,,,,,0.050428,-0.076661,-1.624815,,,,,,
459101,,,,,,,,,0.851492,-0.652435,,,53.914017,53.833500,0.216375,0.220364,,,,,,,,,,,,
459111,,,,,,,,,0.878959,0.000000,,,53.531395,54.008190,0.220518,0.218930,,,,,,,,,,,,
459120,0.050440,-0.076748,-1.624728,0.107584,-0.088060,-1.641899,0.845072,-0.045304,0.878959,0.000000,54.927631,55.311752,51.575829,51.432457,0.238874,0.242879,0.008215,0.057671,-0.017171,,,,,,,,,
459124,,,,,,,,,,,,,,,,,,,,0.049039,-0.102305,-1.624865,,,,,,
459131,,,,,,,,,0.851492,0.652435,,,54.286758,54.166126,0.211893,0.215771,,,,,,,,,,,,
459134,,,,,,,,,,,,,,,,,,,,0.048419,-0.111292,-1.628666,,,,,,
459141,,,,,,,,,0.796557,-0.652434,,,53.845020,53.743519,0.216527,0.220311,,,,,,,,,,,,
459144,,,,,,,,,,,,,,,,,,,,0.047828,-0.120218,-1.624815,,,,,,
459151,,,,,,,,,0.878959,0.000000,,,54.017883,53.932480,0.214980,0.218697,,,,,,,,,,,,
459154,,,,,,,,,,,,,,,,,,,,0.047285,-0.129111,-1.624785,,,,,,
459161,,,,,,,,,0.851492,-0.652435,,,53.618786,53.546928,0.219233,0.222906,,,,,,,,,,,,
459164,,,,,,,,,,,,,,,,,,,,0.046558,-0.137953,-1.624748,,,,,,
459167,0.046642,-0.136382,-1.627483,0.104548,-0.130054,-1.644041,0.843551,-0.043617,,,49.805813,50.224609,,,,,-0.009598,0.057454,-0.016557,,,,,,,,,
459171,,,,,,,,,0.851492,0.652435,,,53.827530,53.767071,0.165123,0.169124,,,,,,,,,,,,
459174,,,,,,,,,,,,,,,,,,,,0.045829,-0.146564,-1.624641,,,,,,
459181,,,,,,,,,0.851492,0.652435,,,53.458626,53.952297,0.168082,0.166526,,,,,,,,,,,,
459184,,,,,,,,,,,,,,,,,,,,0.045110,-0.155212,-1.624741,,,,,,
459191,,,,,,,,,0.769089,0.000000,,,52.603683,53.019062,0.176072,0.175300,,,,,,,,,,,,
459194,,,,,,,,,,,,,,,,,,,,0.044570,-0.163866,-1.620922,,,,,,
459201,,,,,,,,,0.824024,0.000000,,,52.428879,52.778378,0.177295,0.177196,,,,,,,,,,,,
459211,,,,,,,,,0.824024,0.000000,,,51.737255,52.031326,0.183825,0.184305,,,,,,,,,,,,
459217,0.044549,-0.165011,-1.621475,0.101438,-0.171835,-1.646111,0.840284,-0.042095,,,53.614014,53.601929,,,,,0.003933,0.057161,-0.024636,,,,,,,,,
459221,,,,,,,,,0.769089,0.000000,,,51.699867,51.402756,0.222664,0.224804,,,,,,,,,,,,
459224,,,,,,,,,,,,,,,,,,,,0.042910,-0.190195,-1.620629,,,,,,
459231,,,,,,,,,0.824024,0.000000,,,51.123867,51.962963,0.228922,0.219530,,,,,,,,,,,,
459239,,,,,,,,,0.851492,0.652435,,,51.728306,51.889778,0.223254,0.220604,,,,0.042143,-0.198572,-1.620263,,,,,,
459244,,,,,,,,,,,,,,,,,,,,0.041651,-0.207012,-1.620155,,,,,,
459251,,,,,,,,,0.796557,-0.652434,,,51.692337,51.828201,0.223998,0.221574,,,,,,,,,,,,
459261,,,,,,,,,0.878959,0.000000,,,51.662075,51.776390,0.224691,0.222458,,,,,,,,,,,,
459267,0.041708,-0.207170,-1.620268,0.098266,-0.213317,-1.648116,0.835284,-0.040729,,,53.217617,53.032387,,,,,0.003342,0.056793,-0.027848,,,,,,,,,
459271,,,,,,,,,0.796557,-0.652434,,,52.181156,51.732796,0.215744,0.217458,,,,,,,,,,,,
459274,,,,,,,,,,,,,,,,,,,,0.040389,-0.231734,-1.620273,,,,,,
459281,,,,,,,,,0.878959,0.000000,,,52.073364,52.240658,0.217051,0.212538,,,,,,,,,,,,
459284,,,,,,,,,,,,,,,,,,,,0.039917,-0.239691,-1.624373,,,,,,
459291,,,,,,,,,0.796557,0.652434,,,51.982670,52.123428,0.218205,0.213892,,,,,,,,,,,,
459299,,,,,,,,,0.906427,-0.652435,,,52.450901,52.569336,0.213676,0.209525,,,,0.039233,-0.247354,-1.628260,,,,,,
459311,,,,,,,,,0.824024,0.000000,,,52.300327,52.399979,0.215365,0.211345,,,,,,,,,,,,
459317,0.039267,-0.247435,-1.627591,0.095042,-0.254417,-1.650064,0.828574,-0.039512,,,52.801228,52.884697,,,,,0.003805,0.056081,-0.022473,,,,,,,,,
459321,,,,,,,,,0.824024,0.000000,,,52.173637,52.257484,0.212593,0.211419,,,,,,,,,,,,
459324,,,,,,,,,,,,,,,,,,,,0.037734,-0.271827,-1.628512,,,,,,
459331,,,,,,,,,0.824024,0.000000,,,52.611584,52.137589,0.208252,0.212767,,,,,,,,,,,,
459334,,,,,,,,,,,,,,,,,,,,0.037142,-0.280491,-1.632262,,,,,,
459341,,,,,,,,,0.796557,-0.652434,,,52.435528,51.492165,0.210086,0.219500,,,,,,,,,,,,
459344,,,,,,,,,,,,,,,,,,,,0.036435,-0.288912,-1.635929,,,,,,
459351,,,,,,,,,0.824024,0.000000,,,52.287395,51.493649,0.211670,0.219763,,,,,,,,,,,,
459361,,,,,,,,,0.878959,0.000000,,,52.162754,52.039440,0.213044,0.214475,,,,,,,,,,,,
459367,0.036461,-0.289113,-1.635231,0.091775,-0.295051,-1.651962,0.820187,-0.038438,,,51.734062,52.104652,,,,,0.002364,0.055582,-0.016731,,,,,,,,,
459371,,,,,,,,,0.824024,1.304869,,,52.057880,51.954124,0.203356,0.207557,,,,,,,,,,,,
459374,,,,,,,,,,,,,,,,,,,,0.034648,-0.313474,-1.636216,,,,,,
459381,,,,,,,,,0.824024,-1.304869,,,52.514183,51.882339,0.198637,0.208320,,,,,,,,,,,,
459384,,,,,,,,,,,,,,,,,,,,0.033941,-0.321803,-1.636185,,,,,,
459391,,,,,,,,,0.851492,0.652435,,,52.353573,52.366486,0.200119,0.203426,,,,,,,,,,,,
459394,,,,,,,,,,,,,,,,,,,,0.033305,-0.330091,-1.636217,,,,,,
459401,,,,,,,,,0.796557,-0.652434,,,51.673893,51.684757,0.206928,0.210327,,,,,,,,,,,,
459411,,,,,,,,,0.824024,1.304869,,,51.646553,51.655697,0.207219,0.210708,,,,,,,,,,,,
459420,0.033442,-0.330108,-1.630664,0.088477,-0.335140,-1.653817,0.810161,-0.037503,0.824024,0.000000,51.092598,51.123821,49.445377,49.453072,0.223146,0.223260,0.001731,0.055237,-0.023153,,,,,,,,,
459424,,,,,,,,,,,,,,,,,,,,0.031349,-0.355496,-1.636052,,,,,,
459431,,,,,,,,,0.796557,-0.652434,,,51.949654,51.956127,0.197931,0.198063,,,,,,,,,,,,
459434,,,,,,,,,,,,,,,,,,,,0.030716,-0.363767,-1.636103,,,,,,
459441,,,,,,,,,0.824024,0.000000,,,51.878578,51.884026,0.198485,0.198632,,,,,,,,,,,,
459444,,,,,,,,,,,,,,,,,,,,0.030149,-0.372337,-1.636106,,,,,,
459451,,,,,,,,,0.824024,1.304869,,,51.274235,51.823360,0.204492,0.199098,,,,,,,,,,,,
459461,,,,,,,,,0.824024,0.000000,,,51.310284,51.772316,0.204088,0.199479,,,,,,,,,,,,
459467,0.030217,-0.372245,-1.635651,0.085156,-0.374605,-1.655635,0.798546,-0.036704,,,49.467518,49.652874,,,,,-0.001205,0.054977,-0.019984,,,,,,,,,
459471,,,,,,,,,0.796557,-0.652434,,,51.340614,51.729366,0.187159,0.184784,,,,,,,,,,,,
459479,,,,,,,,,0.824024,0.000000,,,51.366135,51.148685,0.186524,0.190291,,,,0.028174,-0.397152,-1.639640,,,,,,
459484,,,,,,,,,,,,,,,,,,,,0.027513,-0.405482,-1.635929,,,,,,
459491,,,,,,,,,0.741622,-0.652433,,,50.843063,50.660103,0.191480,0.194976,,,,,,,,,,,,
459494,,,,,,,,,,,,,,,,,,,,0.026983,-0.413642,-1.636052,,,,,,
459501,,,,,,,,,0.796557,0.652434,,,50.402950,50.793552,0.195694,0.193413,,,,,,,,,,,,
459511,,,,,,,,,0.796557,-0.652434,,,50.577183,50.361294,0.193730,0.197594,,,,,,,,,,,,
459517,0.026992,-0.413500,-1.638756,0.081825,-0.413373,-1.657423,0.785397,-0.036040,,,47.875343,48.116310,,,,,-0.003850,0.054698,-0.018668,,,,,,,,,
459521,,,,,,,,,0.796557,-0.652434,,,50.723782,49.997589,0.175772,0.185489,,,,,,,,,,,,
459524,,,,,,,,,,,,,,,,,,,,0.025553,-0.438488,-1.639899,,,,,,
459531,,,,,,,,,0.796557,0.652434,,,50.302589,50.236111,0.179499,0.182680,,,,,,,,,,,,
459534,,,,,,,,,,,,,,,,,,,,0.024836,-0.446482,-1.643504,,,,,,
459541,,,,,,,,,0.796557,-0.652434,,,49.948196,49.892262,0.182628,0.185763,,,,0.024284,-0.454357,-1.647287,,,,,,
459551,,,,,,,,,0.769089,0.000000,,,49.650009,49.602947,0.185255,0.188359,,,,,,,,,,,,
459561,,,,,,,,,0.796557,0.652434,,,49.399117,49.359516,0.187459,0.190545,,,,,,,,,,,,
459567,0.024328,-0.454265,-1.643835,0.078491,-0.451371,-1.659188,0.770777,-0.035510,,,46.056698,46.432049,,,,,-0.006839,0.053808,-0.015354,,,,,,,,,
459571,,,,,,,,,0.741622,-0.652433,,,49.732559,49.154694,0.165203,0.175206,,,,,,,,,,,,
459574,,,,,,,,,,,,,,,,,,,,0.022560,-0.478114,-1.647543,,,,,,
459581,,,,,,,,,0.796557,0.652434,,,49.468575,48.982357,0.167161,0.176419,,,,,,,,,,,,
459584,,,,,,,,,,,,,,,,,,,,0.022020,-0.485776,-1.651278,,,,,,
459591,,,,,,,,,0.714155,0.000000,,,48.701916,48.837353,0.174298,0.177388,,,,,,,,,,,,
459594,,,,,,,,,,,,,,,,,,,,0.021242,-0.493499,-1.651274,,,,,,
459601,,,,,,,,,0.796557,-0.652434,,,48.601391,48.715347,0.174795,0.178152,,,,,,,,,,,,
459611,,,,,,,,,0.714155,0.000000,,,48.516808,48.068150,0.175148,0.184296,,,,,,,,,,,,
459617,0.021281,-0.493195,-1.650650,0.075165,-0.488532,-1.660937,0.754756,-0.035115,,,44.355633,44.951733,,,,,-0.008946,0.053341,-0.010287,,,,,,,,,
459621,,,,,,,,,0.741622,0.652433,,,47.901096,48.068138,0.163586,0.168870,,,,,,,,,,,,
459624,,,,,,,,,,,,,,,,,,,,0.019039,-0.516250,-1.647537,,,,,,
459631,,,,,,,,,0.714155,0.000000,,,47.383038,47.523586,0.168161,0.173801,,,,,,,,,,,,
459634,,,,,,,,,,,,,,,,,,,,0.018358,-0.523676,-1.647405,,,,,,
459641,,,,,,,,,0.741622,0.652433,,,46.947144,47.065403,0.172001,0.177960,,,,,,,,,,,,
459644,,,,,,,,,,,,,,,,,,,,0.017629,-0.531178,-1.643577,,,,,,
459651,,,,,,,,,0.686687,-0.652435,,,46.580383,46.679886,0.175224,0.181470,,,,,,,,,,,,
459661,,,,,,,,,0.741622,0.652433,,,46.271790,46.900055,0.177927,0.178879,,,,,,,,,,,,
459667,0.017731,-0.531096,-1.641436,0.071856,-0.524792,-1.662676,0.737410,-0.034857,,,43.197742,43.271980,,,,,-0.010108,0.053545,-0.021241,,,,,,,,,
459671,,,,,,,,,0.686687,0.652435,,,45.467598,46.540764,0.173936,0.165020,,,,,,,,,,,,
459674,,,,,,,,,,,,,,,,,,,,0.015519,-0.552986,-1.639162,,,,,,
459681,,,,,,,,,0.741622,-0.652433,,,45.335495,46.238453,0.174829,0.167450,,,,,,,,,,,,
459684,,,,,,,,,,,,,,,,,,,,0.014892,-0.560172,-1.635363,,,,,,
459691,,,,,,,,,0.659220,0.000000,,,45.224342,45.439548,0.175536,0.175006,,,,,,,,,,,,
459694,,,,,,,,,,,,,,,,,,,,0.014415,-0.567360,-1.631964,,,,,,
459701,,,,,,,,,0.741622,0.652433,,,45.130817,45.311893,0.176084,0.175874,,,,,,,,,,,,
459711,,,,,,,,,0.714155,0.000000,,,44.507584,45.204483,0.182055,0.176562,,,,,,,,,,,,
459717,0.014484,-0.567306,-1.632760,0.068573,-0.560092,-1.664414,0.718822,-0.034741,,,42.139011,41.734703,,,,,-0.010549,0.053539,-0.031654,,,,,,,,,
459721,,,,,,,,,0.686687,0.652435,,,44.527737,45.114109,0.170788,0.161417,,,,,,,,,,,,
459724,,,,,,,,,,,,,,,,,,,,0.013197,-0.588149,-1.639640,,,,,,
459731,,,,,,,,,0.686687,-0.652435,,,44.544693,44.493523,0.170137,0.167071,,,,,,,,,,,,
459734,,,,,,,,,,,,,,,,,,,,0.012713,-0.595297,-1.643419,,,,,,
459741,,,,,,,,,0.714154,-1.304868,,,44.558960,44.515907,0.169511,0.166291,,,,,,,,,,,,
459744,,,,,,,,,,,,,,,,,,,,0.012011,-0.602451,-1.643047,,,,,,
459751,,,,,,,,,0.631752,-0.652435,,,44.570965,43.445652,0.168904,0.176651,,,,,,,,,,,,
459761,,,,,,,,,0.659220,0.000000,,,44.036522,43.089684,0.173869,0.179940,,,,,,,,,,,,
459767,0.012045,-0.602263,-1.642185,0.065324,-0.594376,-1.666156,0.699078,-0.034772,,,40.438808,40.358299,,,,,-0.011667,0.052581,-0.023972,,,,,,,,,
459771,,,,,,,,,0.714155,0.000000,,,43.586842,43.334717,0.160734,0.163130,,,,,,,,,,,,
459779,,,,,,,,,0.659220,0.000000,,,43.208481,42.996342,0.163964,0.165986,,,,0.010275,-0.623384,-1.650627,,,,,,
459784,,,,,,,,,,,,,,,,,,,,0.009579,-0.630125,-1.654394,,,,,,
459791,,,,,,,,,0.631752,0.652435,,,42.890129,42.711636,0.166657,0.168363,,,,,,,,,,,,
459794,,,,,,,,,,,,,,,,,,,,0.009080,-0.636704,-1.654667,,,,,,
459801,,,,,,,,,0.686687,-0.652435,,,43.166813,42.472084,0.163345,0.170335,,,,,,,,,,,,
459811,,,,,,,,,0.659220,0.000000,,,42.855068,42.270523,0.165979,0.171969,,,,,,,,,,,,
459817,0.009128,-0.636572,-1.653620,0.062117,-0.627595,-1.667912,0.678272,-0.034957,,,38.479111,38.798046,,,,,-0.013330,0.052064,-0.014292,,,,,,,,,
459821,,,,,,,,,0.659220,0.000000,,,42.592766,42.100929,0.148182,0.157401,,,,,,,,,,,,
459824,,,,,,,,,,,,,,,,,,,,0.007056,-0.656191,-1.658478,,,,,,
459831,,,,,,,,,0.659220,0.000000,,,42.372066,41.958237,0.149611,0.158196,,,,,,,,,,,,
459839,,,,,,,,,0.631752,0.652435,,,41.641827,41.293629,0.156281,0.164343,,,,0.006422,-0.662419,-1.658774,,,,,,
459844,,,,,,,,,,,,,,,,,,,,0.005817,-0.669007,-1.655091,,,,,,
459851,,,,,,,,,0.604285,0.000000,,,41.027401,41.278973,0.161915,0.163994,,,,,,,,,,,,
459861,,,,,,,,,0.631752,-0.652435,,,41.054970,40.722095,0.161124,0.169178,,,,,,,,,,,,
459867,0.005839,-0.668923,-1.657706,0.058961,-0.659702,-1.669690,0.656498,-0.035308,,,36.948780,37.346558,,,,,-0.013797,0.052122,-0.011984,,,,,,,,,
459871,,,,,,,,,0.659220,0.000000,,,40.533623,40.798084,0.150317,0.153213,,,,,,,,,,,,
459874,,,,,,,,,,,,,,,,,,,,0.004073,-0.688724,-1.658631,,,,,,
459881,,,,,,,,,0.631752,0.652435,,,40.639503,40.862022,0.148521,0.151870,,,,,,,,,,,,
459884,,,,,,,,,,,,,,,,,,,,0.003493,-0.695124,-1.655030,,,,,,
459891,,,,,,,,,0.576817,0.652434,,,39.639503,40.371277,0.157982,0.156173,,,,,,,,,,,,
459894,,,,,,,,,,,,,,,,,,,,0.002940,-0.701473,-1.654870,,,,,,
459901,,,,,,,,,0.631752,-0.652435,,,39.887192,39.958363,0.154918,0.159779,,,,,,,,,,,,
459911,,,,,,,,,0.604285,0.000000,,,39.551052,39.610935,0.157759,0.162801,,,,,,,,,,,,
459917,0.002964,-0.701268,-1.655108,0.055861,-0.690658,-1.671499,0.633857,-0.035835,,,35.288372,35.480747,,,,,-0.015026,0.051815,-0.016391,,,,,,,,,
459921,,,,,,,,,0.631752,-0.652435,,,39.268227,39.318611,0.143187,0.146298,,,,,,,,,,,,
459924,,,,,,,,,,,,,,,,,,,,0.001508,-0.720163,-1.651270,,,,,,
459931,,,,,,,,,0.576817,0.652434,,,39.030254,39.072651,0.144818,0.148040,,,,,,,,,,,,
459934,,,,,,,,,,,,,,,,,,,,0.001007,-0.726216,-1.651175,,,,,,
459941,,,,,,,,,0.604285,0.000000,,,38.830025,38.865700,0.146112,0.149432,,,,,,,,,,,,
459944,,,,,,,,,,,,,,,,,,,,0.000585,-0.732368,-1.654935,,,,,,
459951,,,,,,,,,0.604285,0.000000,,,38.117008,38.691570,0.152677,0.150531,,,,0.000123,-0.738189,-1.651270,,,,,,
459961,,,,,,,,,0.549350,0.000000,,,38.061619,38.000515,0.152676,0.156938,,,,,,,,,,,,
459964,,,,,,,,,,,,,,,,,,,,-0.000449,-0.744229,-1.651270,,,,,,
459967,-0.000356,-0.742921,-1.651592,0.052826,-0.720427,-1.673349,0.610450,-0.036554,,,30.653248,30.608961,,,,,-0.026713,0.051193,-0.021757,,,,,,,,,
459971,,,,,,,,,0.631752,0.652435,,,38.015015,37.963604,0.105318,0.107118,,,,,,,,,,,,
459974,,,,,,,,,,,,,,,,,,,,-0.001043,-0.750069,-1.647414,,,,,,
459981,,,,,,,,,0.521882,-0.652434,,,37.431259,37.388004,0.109800,0.111518,,,,,,,,,,,,
459984,,,,,,,,,,,,,,,,,,,,-0.001632,-0.756011,-1.651111,,,,,,
459991,,,,,,,,,0.521882,0.652434,,,36.395546,36.903694,0.119009,0.115102,,,,,,,,,,,,
459994,,,,,,,,,,,,,,,,,,,,-0.002164,-0.761717,-1.651106,,,,,,
460001,,,,,,,,,0.549350,0.000000,,,36.068638,36.496197,0.121195,0.118000,,,,,,,,,,,,
460011,,,,,,,,,0.521882,-0.652434,,,35.249035,35.608784,0.128472,0.125874,,,,,,,,,,,,
460017,-0.002219,-0.762320,-1.653885,0.049860,-0.748979,-1.675251,0.586381,-0.037484,,,31.709583,31.661602,,,,,-0.017617,0.050793,-0.021367,,,,,,,,,
460021,,,,,,,,,0.494415,0.000000,,,35.103966,34.862114,0.139807,0.143227,,,,,,,,,,,,
460024,,,,,,,,,,,,,,,,,,,,-0.003508,-0.779296,-1.654193,,,,,,
460031,,,,,,,,,0.494415,0.000000,,,34.437363,34.233868,0.145928,0.148995,,,,,,,,,,,,
460034,,,,,,,,,,,,,,,,,,,,-0.003976,-0.785053,-1.653830,,,,,,
460041,,,,,,,,,0.549350,0.000000,,,34.421024,34.249805,0.145549,0.148318,,,,,,,,,,,,
460044,,,,,,,,,,,,,,,,,,,,-0.004317,-0.790667,-1.653854,,,,,,
460051,,,,,,,,,0.521882,0.652434,,,33.862736,34.263214,0.150701,0.147664,,,,,,,,,,,,
460061,,,,,,,,,0.521882,-0.652434,,,33.937534,33.729954,0.149507,0.152583,,,,,,,,,,,,
460067,-0.004353,-0.790467,-1.656593,0.046970,-0.776289,-1.677218,0.561757,-0.038649,,,29.917210,29.867628,,,,,-0.018524,0.049919,-0.020625,,,,,,,,,
460071,,,,,,,,,0.521882,0.652434,,,33.455925,33.281269,0.135692,0.138447,,,,,,,,,,,,
460074,,,,,,,,,,,,,,,,,,,,-0.005814,-0.806966,-1.656531,,,,,,
460081,,,,,,,,,0.466947,-0.652434,,,33.050701,32.903744,0.139117,0.141615,,,,,,,,,,,,
460084,,,,,,,,,,,,,,,,,,,,-0.006267,-0.811989,-1.660648,,,,,,
460091,,,,,,,,,0.549350,0.000000,,,33.254288,33.130638,0.136414,0.138694,,,,,,,,,,,,
460094,,,,,,,,,,,,,,,,,,,,-0.006735,-0.816971,-1.660664,,,,,,
460101,,,,,,,,,0.494415,0.000000,,,32.881042,32.777004,0.139554,0.141648,,,,,,,,,,,,
460111,,,,,,,,,0.521882,0.652434,,,32.566994,32.479454,0.142164,0.144101,,,,,,,,,,,,
460117,-0.006694,-0.816931,-1.657585,0.044161,-0.802338,-1.679264,0.536682,-0.040076,,,28.260378,28.151913,,,,,-0.018946,0.049398,-0.021678,,,,,,,,,
460121,,,,,,,,,0.494415,0.000000,,,32.302753,32.773640,0.127430,0.123078,,,,,,,,,,,,
460124,,,,,,,,,,,,,,,,,,,,-0.008391,-0.831545,-1.661354,,,,,,
460131,,,,,,,,,0.521882,-0.652434,,,32.624966,32.476624,0.123335,0.125183,,,,,,,,,,,,
460139,,,,,,,,,0.494415,0.000000,,,32.351532,32.226715,0.125251,0.126867,,,,-0.008817,-0.836347,-1.657965,,,,,,
460144,,,,,,,,,,,,,,,,,,,,-0.009271,-0.840855,-1.658171,,,,,,
460151,,,,,,,,,0.466947,-0.652434,,,32.121464,31.471899,0.126779,0.133751,,,,,,,,,,,,
460161,,,,,,,,,0.521882,0.652434,,,31.927885,31.925884,0.127982,0.128457,,,,,,,,,,,,
460167,-0.009215,-0.841031,-1.655385,0.041437,-0.827111,-1.681404,0.511262,-0.041801,,,26.970394,26.706238,,,,,-0.018150,0.049295,-0.026019,,,,,,,,,
460171,,,,,,,,,0.494415,0.000000,,,31.765007,31.763323,0.115752,0.114614,,,,,,,,,,,,
460174,,,,,,,,,,,,,,,,,,,,-0.010731,-0.854094,-1.655024,,,,,,
460181,,,,,,,,,0.466947,0.652434,,,31.083418,31.626545,0.121745,0.114998,,,,,,,,,,,,
460184,,,,,,,,,,,,,,,,,,,,-0.011242,-0.858780,-1.651163,,,,,,
460191,,,,,,,,,0.466947,-0.652434,,,30.509930,30.966917,0.126772,0.120742,,,,,,,,,,,,
460194,,,,,,,,,,,,,,,,,,,,-0.011752,-0.863842,-1.651167,,,,,,
460201,,,,,,,,,0.439480,0.000000,,,30.571939,30.411905,0.125432,0.125551,,,,,,,,,,,,
460211,,,,,,,,,0.466947,0.652434,,,30.079571,29.944920,0.129734,0.129573,,,,,,,,,,,,
460217,-0.011677,-0.863882,-1.648785,0.038802,-0.850599,-1.683657,0.485603,-0.043865,,,25.773247,25.229012,,,,,-0.017175,0.049291,-0.034872,,,,,,,,,
460221,,,,,,,,,0.439480,0.000000,,,29.665293,30.096540,0.121126,0.112311,,,,,,,,,,,,
460224,,,,,,,,,,,,,,,,,,,,-0.012931,-0.878021,-1.647349,,,,,,
460231,,,,,,,,,0.439480,0.000000,,,29.316719,29.679571,0.123903,0.115591,,,,,,,,,,,,
460234,,,,,,,,,,,,,,,,,,,,-0.013322,-0.882674,-1.647287,,,,,,
460241,,,,,,,,,0.412012,-0.652434,,,29.023430,28.784189,0.126186,0.123834,,,,,,,,,,,,
460244,,,,,,,,,,,,,,,,,,,,-0.013660,-0.887106,-1.647354,,,,,,
460251,,,,,,,,,0.439480,0.000000,,,28.776655,28.575359,0.128053,0.125253,,,,,,,,,,,,
460261,,,,,,,,,0.466947,0.652434,,,28.569019,28.399649,0.129571,0.126375,,,,,,,,,,,,
460267,-0.013619,-0.887112,-1.644737,0.036260,-0.872799,-1.686044,0.459809,-0.046321,,,24.030548,23.294550,,,,,-0.017959,0.048685,-0.041306,,,,,,,,,
460271,,,,,,,,,0.439480,0.000000,,,28.394314,28.796350,0.113018,0.101964,,,,,,,,,,,,
460274,,,,,,,,,,,,,,,,,,,,-0.014843,-0.899841,-1.654870,,,,,,
460281,,,,,,,,,0.439480,0.000000,,,28.247318,28.041048,0.113645,0.108567,,,,,,,,,,,,
460284,,,,,,,,,,,,,,,,,,,,-0.015268,-0.903924,-1.655030,,,,,,
460291,,,,,,,,,0.412012,-0.652434,,,28.123636,27.405537,0.114063,0.114100,,,,,,,,,,,,
460299,,,,,,,,,0.412012,-0.652434,,,27.475025,27.415361,0.119860,0.113178,,,,-0.015656,-0.908256,-1.654984,,,,,,
460311,,,,,,,,,0.384545,0.000000,,,27.473827,26.879084,0.119183,0.117824,,,,,,,,,,,,
460317,-0.015605,-0.908090,-1.654124,0.033813,-0.893711,-1.688589,0.433981,-0.049234,,,22.193237,21.648232,,,,,-0.018443,0.048050,-0.034464,,,,,,,,,
460321,,,,,,,,,0.384545,0.000000,,,26.928276,26.427860,0.105319,0.104917,,,,,,,,,,,,
460324,,,,,,,,,,,,,,,,,,,,-0.016757,-0.921139,-1.662447,,,,,,
460331,,,,,,,,,0.412012,-0.652434,,,26.469250,26.048201,0.109054,0.107833,,,,,,,,,,,,
460334,,,,,,,,,,,,,,,,,,,,-0.017176,-0.925356,-1.666196,,,,,,
460341,,,,,,,,,0.384545,0.000000,,,26.083025,25.728754,0.112138,0.110212,,,,,,,,,,,,
460344,,,,,,,,,,,,,,,,,,,,-0.017578,-0.929449,-1.669729,,,,,,
460351,,,,,,,,,0.384545,0.000000,,,26.302599,25.459972,0.109120,0.112137,,,,,,,,,,,,
460361,,,,,,,,,0.384545,0.000000,,,25.942806,25.233820,0.111968,0.113682,,,,,,,,,,,,
460367,-0.017549,-0.929264,-1.668420,0.031463,-0.913340,-1.691322,0.408217,-0.052682,,,19.835392,19.576538,,,,,-0.020625,0.047226,-0.022902,,,,,,,,,
460371,,,,,,,,,0.384545,0.000000,,,25.640076,25.043535,0.090256,0.093774,,,,,,,,,,,,
460374,,,,,,,,,,,,,,,,,,,,-0.018907,-0.941186,-1.673535,,,,,,
460381,,,,,,,,,0.357077,-0.652434,,,25.385359,24.338886,0.091693,0.099868,,,,,,,,,,,,
460384,,,,,,,,,,,,,,,,,,,,-0.019358,-0.944963,-1.673461,,,,,,
460391,,,,,,,,,0.357077,0.652434,,,24.626497,24.290539,0.098324,0.099409,,,,,,,,,,,,
460394,,,,,,,,,,,,,,,,,,,,-0.019747,-0.948627,-1.673529,,,,,,
460401,,,,,,,,,0.384545,0.000000,,,24.532534,24.249859,0.098324,0.098881,,,,,,,,,,,,
460404,,,,,,,,,,,,,,,,,,,,-0.020224,-0.952308,-1.673529,,,,,,
460411,,,,,,,,,0.329610,0.000000,,,23.908930,23.671087,0.103745,0.103850,,,,,,,,,,,,
460420,-0.020135,-0.951750,-1.673101,0.029213,-0.931699,-1.694279,0.382615,-0.056768,0.384545,0.000000,17.001812,16.759718,23.928772,23.728651,0.073826,0.073712,-0.024986,0.047042,-0.021178,-0.020685,-0.955804,-1.673448,,,,,,
460424,,,,,,,,,,,,,,,,,,,,-0.021077,-0.959227,-1.673523,,,,,,
460431,,,,,,,,,0.329610,0.000000,,,22.856382,23.232544,0.083379,0.077379,,,,,,,,,,,,
460434,,,,,,,,,,,,,,,,,,,,-0.021440,-0.962739,-1.669914,,,,,,
460441,,,,,,,,,0.274675,0.000000,,,22.498617,22.270575,0.085857,0.085896,,,,,,,,,,,,
460444,,,,,,,,,,,,,,,,,,,,-0.021777,-0.966167,-1.669919,,,,,,
460451,,,,,,,,,0.329610,0.000000,,,22.197594,22.005718,0.087828,0.087496,,,,,,,,,,,,
460461,,,,,,,,,0.302142,0.652434,,,21.399769,21.782867,0.094927,0.088719,,,,,,,,,,,,
460467,-0.021751,-0.966220,-1.667448,0.027063,-0.948801,-1.697500,0.357266,-0.061619,,,16.354429,15.881377,,,,,-0.022048,0.046905,-0.030052,,,,,,,,,
460471,,,,,,,,,0.302142,-0.652434,,,21.273022,21.050817,0.088737,0.086223,,,,,,,,,,,,
460478,,,,,,,,,,,,,,,,,,,,-0.022654,-0.976267,-1.673388,,,,,,
460481,,,,,,,,,0.274675,0.000000,,,20.621834,20.434872,0.094395,0.091471,,,,,,,,,,,,
460484,,,,,,,,,,,,,,,,,,,,-0.022965,-0.979497,-1.677122,,,,,,
460491,,,,,,,,,0.302142,-0.652434,,,20.618467,19.916615,0.093576,0.095847,,,,,,,,,,,,
460494,,,,,,,,,,,,,,,,,,,,-0.023281,-0.982581,-1.677053,,,,,,
460501,,,,,,,,,0.274675,0.000000,,,20.071091,19.480553,0.098306,0.099488,,,,,,,,,,,,
460511,,,,,,,,,0.329610,0.000000,,,19.610529,19.658194,0.102261,0.096956,,,,,,,,,,,,
460517,-0.023287,-0.982585,-1.676247,0.025014,-0.964665,-1.701037,0.332259,-0.067396,,,14.513331,14.122698,,,,,-0.022904,0.046147,-0.024790,,,,,,,,,
460521,,,,,,,,,0.274675,0.000000,,,19.767555,19.263117,0.081229,0.082292,,,,,,,,,,,,
460524,,,,,,,,,,,,,,,,,,,,-0.024103,-0.991504,-1.684585,,,,,,
460531,,,,,,,,,0.302142,-0.652434,,,19.899677,18.930700,0.078830,0.084654,,,,,,,,,,,,
460534,,,,,,,,,,,,,,,,,,,,-0.024354,-0.994171,-1.688210,,,,,,
460541,,,,,,,,,0.274675,0.000000,,,18.921759,18.651005,0.087728,0.086546,,,,,,,,,,,,
460544,,,,,,,,,,,,,,,,,,,,-0.024671,-0.996811,-1.691977,,,,,,
460551,,,,,,,,,0.274675,0.000000,,,19.188025,18.415668,0.084130,0.088040,,,,,,,,,,,,
460561,,,,,,,,,0.247207,-0.652434,,,18.867517,17.673115,0.086464,0.094756,,,,,,,,,,,,
460567,-0.024679,-0.996647,-1.693395,0.023067,-0.979316,-1.704954,0.307676,-0.074310,,,12.836519,12.660657,,,,,-0.023040,0.045269,-0.011559,,,,,,,,,
460571,,,,,,,,,0.274675,0.000000,,,18.053299,17.592873,0.076795,0.079951,,,,,,,,,,,,
460574,,,,,,,,,,,,,,,,,,,,-0.025794,-1.004195,-1.688613,,,,,,
460581,,,,,,,,,0.247207,0.652434,,,17.912760,17.525356,0.077185,0.079654,,,,,,,,,,,,
460584,,,,,,,,,,,,,,,,,,,,-0.026128,-1.006593,-1.688569,,,,,,
460591,,,,,,,,,0.247207,0.652434,,,17.249966,17.468548,0.082930,0.079260,,,,,,,,,,,,
460599,,,,,,,,,0.219740,0.000000,,,16.692291,16.876207,0.087736,0.084340,,,,-0.026443,-1.009075,-1.688609,,,,,,
460611,,,,,,,,,0.219740,0.000000,,,16.223064,16.377811,0.091751,0.088581,,,,,,,,,,,,
460617,-0.026408,-1.008947,-1.689011,0.021221,-0.992780,-1.709330,0.283596,-0.082637,,,11.822219,11.429908,,,,,-0.021671,0.045390,-0.020319,,,,,,,,,
460621,,,,,,,,,0.247207,-0.652434,,,16.372801,15.958461,0.079201,0.079561,,,,,,,,,,,,
460624,,,,,,,,,,,,,,,,,,,,-0.027206,-1.016657,-1.684831,,,,,,
460631,,,,,,,,,0.247207,0.652434,,,15.954246,16.150164,0.082560,0.076700,,,,,,,,,,,,
460634,,,,,,,,,,,,,,,,,,,,-0.027572,-1.019051,-1.681168,,,,,,
460641,,,,,,,,,0.247207,-0.652434,,,16.146616,15.766918,0.079771,0.079665,,,,,,,,,,,,
460644,,,,,,,,,,,,,,,,,,,,-0.027844,-1.021330,-1.681205,,,,,,
460651,,,,,,,,,0.219740,0.000000,,,15.763933,15.444456,0.082810,0.082087,,,,,,,,,,,,
460661,,,,,,,,,0.219740,0.000000,,,15.441944,15.173136,0.085306,0.084052,,,,,,,,,,,,
460667,-0.027832,-1.021207,-1.681860,0.019475,-1.005087,-1.714266,0.260092,-0.092740,,,10.591166,9.942389,,,,,-0.021264,0.045228,-0.032406,,,,,,,,,
460671,,,,,,,,,0.247207,0.652434,,,15.171022,15.489390,0.074788,0.064904,,,,,,,,,,,,
460674,,,,,,,,,,,,,,,,,,,,-0.028615,-1.027757,-1.677482,,,,,,
460681,,,,,,,,,0.219740,0.000000,,,14.943069,15.210944,0.076197,0.066635,,,,,,,,,,,,
460684,,,,,,,,,,,,,,,,,,,,-0.028857,-1.029652,-1.677468,,,,,,
460691,,,,,,,,,0.164805,0.000000,,,14.206726,14.432116,0.082838,0.073525,,,,,,,,,,,,
460694,,,,,,,,,,,,,,,,,,,,-0.029090,-1.031582,-1.681186,,,,,,
460701,,,,,,,,,0.192272,-0.652434,,,14.131710,13.776810,0.082880,0.079312,,,,,,,,,,,,
460711,,,,,,,,,0.192272,0.652434,,,13.524049,13.769979,0.088370,0.078614,,,,,,,,,,,,
460720,-0.029062,-1.031514,-1.678505,0.017828,-1.016271,-1.719891,0.237232,-0.105115,0.192272,-0.652434,9.552299,8.716228,13.557305,13.219687,0.076848,0.070955,-0.020196,0.044980,-0.041386,,,,,,,,,
460724,,,,,,,,,,,,,,,,,,,,-0.029817,-1.037990,-1.677386,,,,,,
460731,,,,,,,,,0.219740,0.000000,,,13.585288,13.301216,0.075761,0.069223,,,,,,,,,,,,
460734,,,,,,,,,,,,,,,,,,,,-0.030109,-1.039961,-1.681053,,,,,,
460741,,,,,,,,,0.164805,0.000000,,,13.064289,12.825272,0.080269,0.073160,,,,,,,,,,,,
460744,,,,,,,,,,,,,,,,,,,,-0.030316,-1.041943,-1.681053,,,,,,
460751,,,,,,,,,0.219740,0.000000,,,13.170464,12.969355,0.078483,0.070869,,,,,,,,,,,,
460761,,,,,,,,,0.164805,0.000000,,,12.715256,12.546042,0.082403,0.074336,,,,,,,,,,,,
460767,-0.030285,-1.041755,-1.680839,0.016280,-1.026369,-1.726375,0.215077,-0.120439,,,8.163572,7.214338,,,,,-0.020407,0.044594,-0.045536,,,,,,,,,
460771,,,,,,,,,0.164805,0.000000,,,12.332244,12.189868,0.071512,0.061884,,,,,,,,,,,,
460779,,,,,,,,,0.164805,0.000000,,,12.009978,11.890182,0.073965,0.063946,,,,-0.031060,-1.047229,-1.684806,,,,,,
460784,,,,,,,,,,,,,,,,,,,,-0.031261,-1.048916,-1.684801,,,,,,
460791,,,,,,,,,0.192272,-0.652434,,,12.283367,11.638027,0.070408,0.065582,,,,,,,,,,,,
460794,,,,,,,,,,,,,,,,,,,,-0.031535,-1.050589,-1.684853,,,,,,
460801,,,,,,,,,0.137337,0.652434,,,11.424310,11.425864,0.078346,0.066862,,,,,,,,,,,,
460811,,,,,,,,,0.164805,0.000000,,,11.246042,11.247351,0.079512,0.067840,,,,,,,,,,,,
460817,-0.031507,-1.050535,-1.684516,0.014827,-1.035419,-1.733945,0.193684,-0.139665,,,6.922002,5.853725,,,,,-0.020276,0.044319,-0.049429,,,,,,,,,
460821,,,,,,,,,0.164805,0.000000,,,11.096048,11.097149,0.067762,0.054687,,,,,,,,,,,,
460824,,,,,,,,,,,,,,,,,,,,-0.032296,-1.055682,-1.684680,,,,,,
460831,,,,,,,,,0.164805,0.000000,,,10.969843,10.970769,0.068214,0.054928,,,,,,,,,,,,
460834,,,,,,,,,,,,,,,,,,,,-0.032483,-1.057172,-1.684806,,,,,,
460841,,,,,,,,,0.137337,-0.652434,,,10.319111,10.319890,0.074042,0.060543,,,,,,,,,,,,
460844,,,,,,,,,,,,,,,,,,,,-0.032694,-1.058664,-1.684801,,,,,,
460851,,,,,,,,,0.137337,0.652434,,,10.316128,10.316784,0.073393,0.059682,,,,,,,,,,,,
460861,,,,,,,,,0.137337,-0.652434,,,10.313619,9.769627,0.072740,0.064370,,,,,,,,,,,,
460867,-0.032668,-1.058553,-1.687514,0.013467,-1.043463,-1.742913,0.173101,-0.164169,,,5.690060,4.461688,,,,,-0.020360,0.044063,-0.055398,,,,,,,,,
460871,,,,,,,,,0.164805,0.000000,,,10.311507,9.309249,0.059517,0.054084,,,,,,,,,,,,
460874,,,,,,,,,,,,,,,,,,,,-0.033254,-1.063173,-1.692081,,,,,,
460881,,,,,,,,,0.137337,-0.652434,,,10.309731,9.466431,0.058611,0.051511,,,,,,,,,,,,
460884,,,,,,,,,,,,,,,,,,,,-0.033421,-1.064499,-1.695896,,,,,,
460891,,,,,,,,,0.109870,0.000000,,,9.763692,9.054140,0.063257,0.054716,,,,,,,,,,,,
460899,,,,,,,,,0.109870,0.000000,,,9.304255,8.707239,0.067128,0.057336,,,,-0.033597,-1.065740,-1.695944,,,,,,
460911,,,,,,,,,0.137337,-0.652434,,,9.462229,8.415357,0.064794,0.059464,,,,,,,,,,,,
460917,-0.033595,-1.065708,-1.697974,0.012199,-1.050544,-1.753716,0.153372,-0.195984,,,4.386938,3.026633,,,,,-0.020850,0.043500,-0.055741,,,,,,,,,
460921,,,,,,,,,0.109870,0.000000,,,9.050605,8.169766,0.054946,0.046540,,,,,,,,,,,,
460924,,,,,,,,,,,,,,,,,,,,-0.034054,-1.069417,-1.703277,,,,,,
460931,,,,,,,,,0.109870,0.000000,,,8.704264,7.963127,0.057546,0.047620,,,,,,,,,,,,
460934,,,,,,,,,,,,,,,,,,,,-0.034158,-1.070525,-1.706954,,,,,,
460941,,,,,,,,,0.109870,-1.304868,,,8.412852,7.244717,0.059655,0.053960,,,,,,,,,,,,
460944,,,,,,,,,,,,,,,,,,,,-0.034213,-1.071513,-1.710669,,,,,,
460951,,,,,,,,,0.082402,0.652434,,,8.167659,7.184791,0.061351,0.053728,,,,,,,,,,,,
460961,,,,,,,,,0.082402,-0.652434,,,7.961353,6.589825,0.062699,0.058965,,,,,,,,,,,,
460967,-0.034210,-1.071368,-1.712341,0.011019,-1.056707,-1.766990,0.134537,-0.238227,,,3.287393,1.751084,,,,,-0.020895,0.042709,-0.054649,,,,,,,,,
460971,,,,,,,,,0.109870,0.000000,,,7.787768,6.633764,0.052539,0.044793,,,,,,,,,,,,
460974,,,,,,,,,,,,,,,,,,,,-0.034572,-1.074576,-1.725335,,,,,,
460981,,,,,,,,,0.082402,-0.652434,,,7.641713,6.126192,0.053129,0.048994,,,,,,,,,,,,
460984,,,,,,,,,,,,,,,,,,,,-0.034711,-1.075489,-1.728933,,,,,,
460991,,,,,,,,,0.082402,-0.652434,,,7.518823,5.699120,0.053512,0.052475,,,,,,,,,,,,
460994,,,,,,,,,,,,,,,,,,,,-0.034863,-1.076390,-1.736205,,,,,,
461001,,,,,,,,,0.082402,0.652434,,,6.870880,5.884325,0.059274,0.049796,,,,,,,,,,,,
461011,,,,,,,,,0.082402,-0.652434,,,6.870244,5.495614,0.058564,0.052935,,,,,,,,,,,,
461020,-0.034862,-1.076310,-1.736940,0.009924,-1.061999,-1.783693,0.116627,-0.295860,0.054935,0.000000,2.102180,0.354949,6.325165,5.168552,0.051318,0.041281,-0.021521,0.041803,-0.046752,,,,,,,,,
461024,,,,,,,,,,,,,,,,,,,,-0.035243,-1.078651,-1.743520,,,,,,
461031,,,,,,,,,0.137337,-0.652434,,,6.955623,5.437905,0.044043,0.037571,,,,,,,,,,,,
461034,,,,,,,,,,,,,,,,,,,,-0.035353,-1.079331,-1.747134,,,,,,
461041,,,,,,,,,0.027467,-0.652434,,,6.397003,4.575453,0.048770,0.045351,,,,,,,,,,,,
461044,,,,,,,,,,,,,,,,,,,,-0.035474,-1.080010,-1.750657,,,,,,
461051,,,,,,,,,0.054935,0.000000,,,5.926981,4.394329,0.052706,0.046355,,,,,,,,,,,,
461061,,,,,,,,,0.027467,-0.652434,,,5.531504,3.697387,0.055974,0.052656,,,,,,,,,,,,
461067,-0.035443,-1.079813,-1.752243,0.008912,-1.066465,-1.805339,0.099671,-0.377166,,,1.371679,-0.817478,,,,,-0.021133,0.041218,-0.053096,,,,,,,,,
461071,,,,,,,,,0.054935,0.000000,,,5.198750,3.655524,0.051232,0.040455,,,,,,,,,,,,
461074,,,,,,,,,,,,,,,,,,,,-0.035753,-1.081541,-1.750614,,,,,,
461081,,,,,,,,,0.027467,0.652434,,,4.374228,3.620301,0.058876,0.039920,,,,,,,,,,,,
461084,,,,,,,,,,,,,,,,,,,,-0.035783,-1.081978,-1.754217,,,,,,
461091,,,,,,,,,0.027467,-0.652434,,,4.225018,3.046121,0.059798,0.044889,,,,,,,,,,,,
461094,,,,,,,,,,,,,,,,,,,,-0.035801,-1.082315,-1.757822,,,,,,
461101,,,,,,,,,0.027467,0.652434,,,3.554929,3.107549,0.066062,0.043490,,,,,,,,,,,,
461111,,,,,,,,,0.027467,-0.652434,,,3.535660,2.614691,0.065822,0.047732,,,,,,,,,,,,
461117,-0.035794,-1.082218,-1.760092,0.007978,-1.070155,-1.834458,0.083694,-0.496781,,,1.017571,-1.881814,,,,,-0.020084,0.040720,-0.074366,,,,,,,,,
461121,,,,,,,,,0.082402,-0.652434,,,4.063991,2.744544,0.056388,0.034865,,,,,,,,,,,,
461124,,,,,,,,,,,,,,,,,,,,-0.035957,-1.083222,-1.761415,,,,,,
461131,,,,,,,,,-0.000000,0.000000,,,3.419441,2.309259,0.062353,0.038380,,,,,,,,,,,,
461139,,,,,,,,,-0.000000,0.000000,,,2.877117,1.943010,0.067405,0.041277,,,,-0.036001,-1.083325,-1.765042,,,,,,
461144,,,,,,,,,,,,,,,,,,,,-0.036006,-1.083418,-1.768665,,,,,,
461151,,,,,,,,,0.027467,-0.652434,,,2.965349,1.634848,0.066133,0.043655,,,,,,,,,,,,
461161,,,,,,,,,-0.000000,0.000000,,,2.495045,1.375561,0.070540,0.045597,,,,,,,,,,,,
461167,-0.035988,-1.083317,-1.767946,0.007120,-1.073116,-1.875611,0.068720,-0.682476,,,1.066986,-2.903485,,,,,-0.018448,0.040275,-0.107666,,,,,,,,,
461171,,,,,,,,,-0.000000,0.000000,,,2.099330,1.157397,0.074785,0.036750,,,,,,,,,,,,
461174,,,,,,,,,,,,,,,,,,,,-0.036042,-1.084168,-1.779297,,,,,,
461181,,,,,,,,,0.027467,-0.652434,,,2.310919,0.973834,0.072420,0.037810,,,,,,,,,,,,
461184,,,,,,,,,,,,,,,,,,,,-0.036030,-1.084253,-1.779297,,,,,,
461191,,,,,,,,,0.054935,-1.304868,,,3.033494,0.819384,0.064801,0.038610,,,,,,,,,,,,
461199,,,,,,,,,-0.000000,0.000000,,,2.552381,0.689429,0.069315,0.039191,,,,-0.036034,-1.084342,-1.782857,,,,,,
461211,,,,,,,,,-0.000000,0.000000,,,2.147573,0.580086,0.073147,0.039587,,,,,,,,,,,,
461217,-0.036030,-1.084256,-1.781606,0.006333,-1.075396,-1.937843,0.054779,-0.991903,,,1.296849,-4.392870,,,,,-0.017529,0.039571,-0.156237,,,,,,,,,
461221,,,,,,,,,0.027467,-0.652434,,,2.351511,0.488084,0.073196,0.024637,,,,,,,,,,,,
461224,,,,,,,,,,,,,,,,,,,,-0.036031,-1.084783,-1.797050,,,,,,
461231,,,,,,,,,0.027467,-0.652434,,,2.523104,0.410674,0.071235,0.024451,,,,,,,,,,,,
461234,,,,,,,,,,,,,,,,,,,,-0.036062,-1.084988,-1.800632,,,,,,
461241,,,,,,,,,0.027467,-0.652434,,,2.667483,0.345541,0.069517,0.024154,,,,,,,,,,,,
461244,,,,,,,,,,,,,,,,,,,,-0.036102,-1.085269,-1.807688,,,,,,
461251,,,,,,,,,0.027467,-0.652434,,,2.788963,0.290738,0.068003,0.023766,,,,,,,,,,,,
461261,,,,,,,,,0.027467,-0.652434,,,2.891176,0.244627,0.066662,0.023299,,,,,,,,,,,,
461267,-0.036122,-1.085297,-1.808236,0.005614,-1.077045,-2.041547,0.041920,-1.559432,,,1.916096,-6.851335,,,,,-0.017837,0.038624,-0.233311,,,,,,,,,
461271,,,,,,,,,0.027467,-0.652434,,,2.977179,0.205829,0.071783,-0.002309,,,,,,,,,,,,
461274,,,,,,,,,,,,,,,,,,,,-0.036189,-1.086301,-1.828694,,,,,,
461281,,,,,,,,,0.027467,-0.652434,,,3.049541,0.173185,0.070832,-0.003387,,,,,,,,,,,,
461284,,,,,,,,,,,,,,,,,,,,-0.036236,-1.086610,-1.832135,,,,,,
461291,,,,,,,,,0.027467,-0.652434,,,3.110426,0.145717,0.069985,-0.004512,,,,,,,,,,,,
461294,,,,,,,,,,,,,,,,,,,,-0.036237,-1.086795,-1.839157,,,,,,
461301,,,,,,,,,0.027467,-0.652434,,,3.161656,0.122607,0.069223,-0.005676,,,,,,,,,,,,
461304,,,,,,,,,,,,,,,,,,,,-0.036272,-1.086998,-1.846164,,,,,,
461311,,,,,,,,,-0.000000,0.000000,,,2.660217,0.103161,0.074089,-0.006872,,,,,,,,,,,,
461320,-0.036260,-1.086855,-1.842981,0.004960,-1.078108,-2.240803,0.030252,-2.747985,0.054935,-1.304868,3.839670,-11.326036,3.327392,0.086800,0.086755,-0.053738,-0.019507,0.037350,-0.397821,-0.036365,-1.087413,-1.853055,,,,,,
461324,,,,,,,,,,,,,,,,,,,,-0.036424,-1.087835,-1.856481,,,,,,
461331,,,,,,,,,0.027467,-0.652434,,,3.344211,0.073033,0.086686,-0.055880,,,,,,,,,,,,
461334,,,,,,,,,,,,,,,,,,,,-0.036421,-1.088112,-1.863388,,,,,,
461341,,,,,,,,,0.027467,-0.652434,,,3.358361,0.061450,0.086641,-0.058042,,,,,,,,,,,,
461344,,,,,,,,,,,,,,,,,,,,-0.036428,-1.088336,-1.873749,,,,,,
461351,,,,,,,,,0.027467,-1.957303,,,3.914811,-0.492839,0.081061,-0.054666,,,,,,,,,,,,
461361,,,,,,,,,0.000000,-1.304868,,,3.838465,-0.959218,0.081825,-0.052075,,,,,,,,,,,,
461367,-0.036414,-1.088212,-1.876642,0.004366,-1.078635,-2.691550,0.020086,-5.701325,,,10.290956,-20.612421,,,,,-0.021411,0.036004,-0.814908,,,,,,,,,
461371,,,,,,,,,0.054935,-1.304868,,,4.318770,-0.807086,0.142729,-0.150422,,,,,,,,,,,,
461379,,,,,,,,,0.027467,-1.957303,,,4.722899,-1.223625,0.139802,-0.150134,,,,-0.036684,-1.089362,-1.904516,,,,,,
461384,,,,,,,,,,,,,,,,,,,,-0.036770,-1.089713,-1.914675,,,,,,
461391,,,,,,,,,0.027467,-1.957303,,,5.062933,-1.574101,0.137447,-0.150437,,,,,,,,,,,,
461394,,,,,,,,,,,,,,,,,,,,-0.036728,-1.089945,-1.934988,,,,,,
461401,,,,,,,,,0.000000,-3.914605,,,5.893581,-2.958078,0.130020,-0.140128,,,,,,,,,,,,
461411,,,,,,,,,0.000000,-3.914605,,,6.592488,-3.578013,0.123770,-0.137335,,,,,,,,,,,,
461417,-0.036702,-1.089800,-1.946517,0.003828,-1.078669,2.775445,0.012550,-13.309912,,,28.323915,-42.498669,,,,,-0.025226,0.033618,-1.561223,,,,,,,,,
461421,,,,,,,,,0.054935,-3.914605,,,7.725091,-4.644169,0.296894,-0.353107,,,,,,,,,,,,
461424,,,,,,,,,,,,,,,,,,,,-0.036643,-1.090850,-2.037395,,,,,,
461431,,,,,,,,,-0.027467,-7.176776,,,9.222607,-7.174863,0.285739,-0.334865,,,,,,,,,,,,
461438,,,,,,,,,,,,,,,,,,,,-0.036494,-1.091021,-2.082629,,,,,,
461441,,,,,,,,,0.000000,-10.438947,,,11.571703,-10.393274,0.265598,-0.309102,,,,,,,,,,,,
461444,,,,,,,,,,,,,,,,,,,,-0.036250,-1.091297,-2.146204,,,,,,
461451,,,,,,,,,-0.027467,-11.091381,,,14.637319,-13.645788,0.237680,-0.282347,,,,,,,,,,,,
461454,,,,,,,,,,,,,,,,,,,,-0.035949,-1.091803,-2.230338,,,,,,
461461,,,,,,,,,-0.027467,-12.396250,,,17.216726,-16.926996,0.214107,-0.254650,,,,,,,,,,,,
461464,,,,,,,,,,,,,,,,,,,,-0.035775,-1.092381,-2.348844,,,,,,
461467,-0.035781,-1.092074,-2.367095,0.003344,-1.078258,2.208184,0.010927,-15.944475,,,31.616604,-52.968723,,,,,-0.037627,0.017487,-1.707906,,,,,,,,,
461471,,,,,,,,,-0.027467,-13.701117,,,19.931583,-19.687805,0.222222,-0.338398,,,,,,,,,,,,
461474,,,,,,,,,,,,,,,,,,,,-0.035544,-1.092978,-2.473371,,,,,,
461481,,,,,,,,,-0.027467,-13.701117,,,22.215864,-23.099834,0.201260,-0.310252,,,,,,,,,,,,
461484,,,,,,,,,,,,,,,,,,,,-0.035334,-1.093457,-2.609532,,,,,,
461491,,,,,,,,,-0.054935,-15.658421,,,24.682400,-26.515261,0.177981,-0.281388,,,,,,,,,,,,
461494,,,,,,,,,,,,,,,,,,,,-0.035076,-1.094041,-2.751734,,,,,,
461501,,,,,,,,,-0.082402,-16.310854,,,26.757744,-29.933542,0.158199,-0.251812,,,,,,,,,,,,
461511,,,,,,,,,-0.109870,-16.963289,,,28.503937,-32.809685,0.141360,-0.227083,,,,,,,,,,,,
461517,-0.034708,-1.093703,-2.790634,0.002909,-1.077444,1.960726,0.015422,-7.239670,,,8.067064,-31.005995,,,,,-0.040914,-0.002335,-1.531826,,,,,,,,,
461521,,,,,,,,,-0.054935,-15.658421,,,29.973183,-35.229668,-0.113209,0.017589,,,,,,,,,,,,
461524,,,,,,,,,,,,,,,,,,,,-0.034405,-1.095603,3.047149,,,,,,
461531,,,,,,,,,-0.109870,-11.743814,,,29.031235,-35.632214,-0.107982,0.022540,,,,,,,,,,,,
461534,,,,,,,,,,,,,,,,,,,,-0.034315,-1.096143,2.883058,,,,,,
461541,,,,,,,,,-0.192272,-7.176776,,,25.515963,-34.337284,-0.076319,0.010257,,,,,,,,,,,,
461544,,,,,,,,,,,,,,,,,,,,-0.034243,-1.096598,2.722862,,,,,,
461551,,,,,,,,,-0.164805,-3.914605,,,21.469128,-32.703190,-0.038532,-0.005745,,,,,,,,,,,,
461561,,,,,,,,,-0.164805,-3.914605,,,18.064121,-30.783718,-0.006481,-0.024984,,,,,,,,,,,,
461567,-0.033605,-1.096212,2.771027,0.002521,-1.076271,1.838216,0.021638,-3.313073,,,2.642805,-15.911537,,,,,-0.026453,-0.031670,-0.932811,,,,,,,,,
461571,,,,,,,,,-0.137337,-4.567039,,,15.743692,-29.168676,-0.040139,0.112462,,,,,,,,,,,,
461574,,,,,,,,,,,,,,,,,,,,-0.032863,-1.097598,2.422153,,,,,,
461581,,,,,,,,,-0.082402,-1.957303,,,13.246740,-26.176149,-0.017291,0.084589,,,,,,,,,,,,
461584,,,,,,,,,,,,,,,,,,,,-0.032386,-1.098016,2.380479,,,,,,
461591,,,,,,,,,-0.027467,-0.652434,,,11.145805,-22.569153,0.002018,0.049851,,,,,,,,,,,,
461599,,,,,,,,,-0.000000,0.000000,,,9.378079,-18.989681,0.018348,0.014672,,,,-0.031917,-1.098469,2.356125,,,,,,
461611,,,,,,,,,-0.000000,0.000000,,,7.890715,-15.977915,0.032172,-0.015433,,,,,,,,,,,,
461617,-0.032059,-1.098280,2.390944,0.002174,-1.074778,1.767362,0.027789,-1.801958,,,4.149843,-6.393282,,,,,-0.009001,-0.040536,-0.623582,,,,,,,,,
461621,,,,,,,,,-0.000000,0.000000,,,6.639246,-13.443815,0.059260,0.055819,,,,,,,,,,,,
461624,,,,,,,,,,,,,,,,,,,,-0.029531,-1.101041,2.375242,,,,,,
461631,,,,,,,,,-0.000000,0.000000,,,5.586261,-11.311625,0.069502,0.035481,,,,,,,,,,,,
461634,,,,,,,,,,,,,,,,,,,,-0.028428,-1.101985,2.381588,,,,,,
461641,,,,,,,,,0.027467,0.652434,,,4.700279,-8.973056,0.078252,0.012611,,,,,,,,,,,,
461644,,,,,,,,,,,,,,,,,,,,-0.027245,-1.102941,2.384863,,,,,,
461651,,,,,,,,,-0.000000,0.000000,,,3.954814,-7.549928,0.085746,-0.001389,,,,,,,,,,,,
461661,,,,,,,,,-0.000000,0.000000,,,3.327580,-6.352508,0.092182,-0.013371,,,,,,,,,,,,
461667,-0.027649,-1.102550,2.385373,0.001866,-1.073004,1.721751,0.033434,-1.111866,,,4.907651,-2.288154,,,,,-0.001196,-0.041745,-0.663622,,,,,,,,,
461671,,,,,,,,,-0.000000,0.000000,,,2.799826,-5.344999,0.105459,0.018216,,,,,,,,,,,,
461674,,,,,,,,,,,,,,,,,,,,-0.027764,-1.102526,2.378713,,,,,,
461681,,,,,,,,,0.027467,-0.652434,,,2.900316,-4.497282,0.104856,0.010181,,,,,,,,,,,,
461685,,,,,,,,,,,,,,,,,,,,-0.028233,-1.102103,2.375705,,,,,,
461691,,,,,,,,,0.027467,-0.652434,,,2.984869,-3.784012,0.104395,0.003347,,,,,,,,,,,,
461694,,,,,,,,,,,,,,,,,,,,-0.028479,-1.101880,2.372720,,,,,,
461701,,,,,,,,,0.027467,-0.652434,,,3.056012,-3.183867,0.104054,-0.002475,,,,,,,,,,,,
461711,,,,,,,,,0.054935,-1.304868,,,3.660414,-2.678905,0.098259,-0.007446,,,,,,,,,,,,
461717,-0.028572,-1.101773,2.368307,0.001595,-1.070988,1.690166,0.038452,-0.747376,,,4.601937,-0.906810,,,,,-0.000085,-0.043102,-0.678141,,,,,,,,,
461721,,,,,,,,,0.027467,-0.652434,,,3.624415,-2.254031,0.095758,0.002388,,,,,,,,,,,,
461724,,,,,,,,,,,,,,,,,,,,-0.029140,-1.101442,2.345805,,,,,,
461731,,,,,,,,,0.054935,-1.304868,,,4.138669,-1.896541,0.090708,-0.000989,,,,,,,,,,,,
461739,,,,,,,,,0.027467,-0.652434,,,4.026819,-1.595749,0.091941,-0.003859,,,,-0.029463,-1.101147,2.336791,,,,,,
461744,,,,,,,,,,,,,,,,,,,,-0.029889,-1.100788,2.324684,,,,,,
461751,,,,,,,,,0.054935,-1.304868,,,4.477251,-1.342663,0.087462,-0.006303,,,,,,,,,,,,
461761,,,,,,,,,0.054935,-1.304868,,,4.856245,-1.129717,0.083621,-0.008388,,,,,,,,,,,,
461767,-0.029938,-1.100704,2.322870,0.001356,-1.068765,1.667130,0.042818,-0.533375,,,4.926316,0.410308,,,,,0.001946,-0.044673,-0.655740,,,,,,,,,
461771,,,,,,,,,0.054935,-1.304868,,,5.175130,-0.950544,0.083626,0.003264,,,,,,,,,,,,
461779,,,,,,,,,0.054935,-1.304868,,,5.443440,-0.799787,0.080840,0.001998,,,,-0.031120,-1.099721,2.288414,,,,,,
461784,,,,,,,,,,,,,,,,,,,,-0.031638,-1.099316,2.273190,,,,,,
461791,,,,,,,,,0.054935,-1.304868,,,5.669197,-0.672941,0.078434,0.000946,,,,,,,,,,,,
461794,,,,,,,,,,,,,,,,,,,,-0.032079,-1.098874,2.260938,,,,,,
461801,,,,,,,,,0.054935,-1.304868,,,5.859148,-0.566212,0.076348,0.000074,,,,,,,,,,,,
461811,,,,,,,,,0.082402,-1.957303,,,6.563516,-0.476411,0.068977,-0.000646,,,,,,,,,,,,
461817,-0.032124,-1.098765,2.257922,0.001146,-1.066367,1.649678,0.046540,-0.397568,,,5.415589,1.575966,,,,,0.003942,-0.046270,-0.608245,,,,,,,,,
461821,,,,,,,,,0.027467,-0.652434,,,6.067084,-0.400852,0.078703,0.010650,,,,,,,,,,,,
461825,,,,,,,,,,,,,,,,,,,,-0.033428,-1.097490,2.220941,,,,,,
461831,,,,,,,,,0.054935,-1.304868,,,6.193930,-0.337277,0.077279,0.010397,,,,,,,,,,,,
461834,,,,,,,,,,,,,,,,,,,,-0.033884,-1.097085,2.205503,,,,,,
461841,,,,,,,,,0.082402,-1.957303,,,6.845201,-0.283785,0.070481,0.010234,,,,,,,,,,,,
461844,,,,,,,,,,,,,,,,,,,,-0.034250,-1.096615,2.193054,,,,,,
461851,,,,,,,,,0.054935,-1.304868,,,6.848638,-0.238776,0.070160,0.010147,,,,,,,,,,,,
461861,,,,,,,,,0.027467,-0.652434,,,6.306986,-0.200906,0.075398,0.010123,,,,,,,,,,,,
461867,-0.034143,-1.096705,2.195760,0.000963,-1.063826,1.636069,0.049641,-0.306152,,,6.026853,2.676593,,,,,0.006125,-0.047707,-0.559692,,,,,,,,,
461871,,,,,,,,,0.054935,-1.304868,,,6.395784,-0.169043,0.080549,0.021380,,,,,,,,,,,,
461874,,,,,,,,,,,,,,,,,,,,-0.035264,-1.095351,2.155571,,,,,,
461881,,,,,,,,,0.054935,-1.304868,,,6.470498,-0.142232,0.079713,0.021676,,,,,,,,,,,,
461885,,,,,,,,,,,,,,,,,,,,-0.035567,-1.094868,2.142954,,,,,,
461891,,,,,,,,,0.054935,-1.304868,,,6.533363,-0.119674,0.078983,0.022010,,,,,,,,,,,,
461894,,,,,,,,,,,,,,,,,,,,-0.035835,-1.094569,2.130355,,,,,,
461901,,,,,,,,,0.054935,-1.304868,,,6.586257,-0.100694,0.078342,0.022375,,,,,,,,,,,,
461911,,,,,,,,,0.027467,-0.652434,,,6.086219,-0.084724,0.083331,0.022768,,,,,,,,,,,,
461917,-0.035759,-1.094653,2.133106,0.000805,-1.061172,1.625219,0.052154,-0.241722,,,6.809351,3.855204,,,,,0.008832,-0.048784,-0.507888,,,,,,,,,
461921,,,,,,,,,0.054935,-1.304868,,,6.210030,-0.071287,0.090037,0.035205,,,,,,,,,,,,
461924,,,,,,,,,,,,,,,,,,,,-0.036798,-1.093373,2.098630,,,,,,
461931,,,,,,,,,0.054935,-1.304868,,,6.314205,-0.059981,0.089095,0.035875,,,,,,,,,,,,
461935,,,,,,,,,,,,,,,,,,,,-0.037043,-1.092945,2.085818,,,,,,
461941,,,,,,,,,0.054935,-1.304868,,,6.401857,-0.050468,0.088300,0.036561,,,,,,,,,,,,
461944,,,,,,,,,,,,,,,,,,,,-0.037375,-1.092561,2.073001,,,,,,
461951,,,,,,,,,0.027467,-0.652434,,,5.931065,-0.042464,0.093183,0.037260,,,,,,,,,,,,
461961,,,,,,,,,0.082402,-1.957303,,,6.624027,-0.035729,0.086291,0.037971,,,,,,,,,,,,
461967,-0.037410,-1.092436,2.069833,0.000668,-1.058432,1.616414,0.054112,-0.194612,,,7.615265,5.009328,,,,,0.011634,-0.049708,-0.453418,,,,,,,,,
461971,,,,,,,,,0.082402,-0.652434,,,6.662542,0.514481,0.094155,0.044909,,,,,,,,,,,,
461974,,,,,,,,,,,,,,,,,,,,-0.038430,-1.090957,2.034143,,,,,,
461981,,,,,,,,,0.054935,-1.304868,,,6.694948,0.432884,0.094015,0.046641,,,,,,,,,,,,
461984,,,,,,,,,,,,,,,,,,,,-0.038683,-1.090410,2.021126,,,,,,
461991,,,,,,,,,0.082402,-1.957303,,,6.722215,0.364229,0.093921,0.048256,,,,,,,,,,,,
461994,,,,,,,,,,,,,,,,,,,,-0.038972,-1.089906,2.007976,,,,,,
462001,,,,,,,,,0.054935,-1.304868,,,7.289700,0.306462,0.088311,0.049774,,,,,,,,,,,,
462011,,,,,,,,,0.054935,-1.304868,,,7.222639,0.257857,0.089060,0.051211,,,,,,,,,,,,
462017,-0.038944,-1.089913,2.007691,0.000551,-1.055630,1.609172,0.055554,-0.159116,,,8.379755,6.092804,,,,,0.014351,-0.050292,-0.398520,,,,,,,,,
462021,,,,,,,,,0.054935,-1.304868,,,7.166214,0.216961,0.097512,0.063630,,,,,,,,,,,,
462024,,,,,,,,,,,,,,,,,,,,-0.039847,-1.088228,1.968397,,,,,,
462031,,,,,,,,,0.082402,-1.957303,,,7.663281,0.182551,0.092685,0.065156,,,,,,,,,,,,
462039,,,,,,,,,0.054935,0.000000,,,6.992427,0.698142,0.099671,0.061079,,,,-0.040195,-1.087681,1.955071,,,,,,
462044,,,,,,,,,,,,,,,,,,,,-0.040501,-1.087064,1.941716,,,,,,
462051,,,,,,,,,0.082402,-1.957303,,,7.517056,0.587416,0.094597,0.063287,,,,,,,,,,,,
462061,,,,,,,,,0.054935,-1.304868,,,7.413937,0.494252,0.095822,0.065338,,,,,,,,,,,,
462067,-0.040461,-1.087091,1.941778,0.000451,-1.052791,1.603150,0.056517,-0.131696,,,9.135284,7.166388,,,,,0.017135,-0.050563,-0.338628,,,,,,,,,
462071,,,,,,,,,0.082402,-1.957303,,,7.871715,0.415863,0.099052,0.078208,,,,,,,,,,,,
462074,,,,,,,,,,,,,,,,,,,,-0.041350,-1.085214,1.901172,,,,,,
462081,,,,,,,,,0.109870,-1.304868,,,7.712347,0.894451,0.100930,0.074677,,,,,,,,,,,,
462084,,,,,,,,,,,,,,,,,,,,-0.041580,-1.084579,1.887559,,,,,,
462091,,,,,,,,,0.054935,-1.304868,,,8.122797,0.752591,0.097028,0.077378,,,,,,,,,,,,
462094,,,,,,,,,,,,,,,,,,,,-0.041846,-1.083797,1.873857,,,,,,
462101,,,,,,,,,0.082402,-0.652434,,,7.923607,1.177773,0.099262,0.074324,,,,,,,,,,,,
462111,,,,,,,,,0.082402,-1.957303,,,8.300551,0.990978,0.095660,0.077427,,,,,,,,,,,,
462117,-0.041840,-1.083745,1.871344,0.000366,-1.049936,1.598095,0.057040,-0.110067,,,9.822169,8.180247,,,,,0.019799,-0.050323,-0.273249,,,,,,,,,
462121,,,,,,,,,0.082402,-0.652434,,,8.073170,1.378352,0.105152,0.085052,,,,,,,,,,,,
462124,,,,,,,,,,,,,,,,,,,,-0.042913,-1.081251,1.835820,,,,,,
462131,,,,,,,,,0.137337,-1.957303,,,8.970937,1.704288,0.096345,0.083088,,,,,,,,,,,,
462140,,,,,,,,,0.109870,-1.304868,,,8.637232,1.978531,0.099919,0.081586,,,,-0.043327,-1.080367,1.821859,,,,,,
462144,,,,,,,,,,,,,,,,,,,,-0.043689,-1.079344,1.811297,,,,,,
462151,,,,,,,,,0.082402,-0.652434,,,8.900995,2.209279,0.097465,0.080473,,,,,,,,,,,,
462161,,,,,,,,,0.109870,-1.304868,,,9.122926,2.403430,0.095386,0.079687,,,,,,,,,,,,
462167,-0.043656,-1.079269,1.810861,0.000294,-1.047084,1.593826,0.057162,-0.092700,,,10.020312,8.664303,,,,,0.020812,-0.050342,-0.217035,,,,,,,,,
462171,,,,,,,,,0.164805,-1.304868,,,9.309658,3.111332,0.095642,0.078559,,,,,,,,,,,,
462174,,,,,,,,,,,,,,,,,,,,-0.044696,-1.075834,1.775897,,,,,,
462181,,,,,,,,,0.109870,-1.304868,,,10.011318,3.162418,0.088627,0.079148,,,,,,,,,,,,
462184,,,,,,,,,,,,,,,,,,,,-0.044968,-1.074587,1.765170,,,,,,
462191,,,,,,,,,0.109870,0.000000,,,9.512609,3.749944,0.093716,0.074256,,,,,,,,,,,,
462199,,,,,,,,,0.164805,-1.304868,,,10.182080,3.699746,0.086989,0.075751,,,,-0.045241,-1.073399,1.754397,,,,,,
462211,,,,,,,,,0.109870,-1.304868,,,10.200830,4.202052,0.086765,0.071620,,,,,,,,,,,,
462217,-0.045204,-1.073441,1.753660,0.000234,-1.044251,1.590200,0.056919,-0.078543,,,9.802962,8.714855,,,,,0.020441,-0.049988,-0.163460,,,,,,,,,
462221,,,,,,,,,0.137337,-0.652434,,,10.216607,4.624692,0.084351,0.068717,,,,,,,,,,,,
462224,,,,,,,,,,,,,,,,,,,,-0.046057,-1.069573,1.725429,,,,,,
462231,,,,,,,,,0.109870,-1.304868,,,10.229881,4.435759,0.084133,0.071462,,,,,,,,,,,,
462234,,,,,,,,,,,,,,,,,,,,-0.046267,-1.068358,1.718150,,,,,,
462241,,,,,,,,,0.137337,-0.652434,,,10.241051,4.821333,0.083934,0.068385,,,,,,,,,,,,
462244,,,,,,,,,,,,,,,,,,,,-0.046514,-1.067091,1.707159,,,,,,
462251,,,,,,,,,0.109870,-1.304868,,,10.250448,4.601212,0.083750,0.071409,,,,,,,,,,,,
462261,,,,,,,,,0.137337,-0.652434,,,10.258355,4.960546,0.083580,0.068567,,,,,,,,,,,,
462267,-0.046499,-1.067056,1.708324,0.000184,-1.041455,1.587109,0.056348,-0.066852,,,9.263400,8.392798,,,,,0.018959,-0.049752,-0.121215,,,,,,,,,
462271,,,,,,,,,0.109870,-1.304868,,,10.265008,4.718346,0.077918,0.068503,,,,,,,,,,,,
462279,,,,,,,,,0.137337,-0.652434,,,10.270606,5.059102,0.077660,0.065762,,,,-0.047121,-1.063078,1.681288,,,,,,
462284,,,,,,,,,,,,,,,,,,,,-0.047283,-1.061756,1.670117,,,,,,
462291,,,,,,,,,0.137337,-0.652434,,,10.275316,5.345814,0.077411,0.063505,,,,,,,,,,,,
462294,,,,,,,,,,,,,,,,,,,,-0.047443,-1.060492,1.662593,,,,,,
462301,,,,,,,,,0.109870,-1.304868,,,9.734736,5.042511,0.082722,0.067208,,,,,,,,,,,,
462311,,,,,,,,,0.137337,-0.652434,,,9.824435,5.331854,0.081713,0.064927,,,,,,,,,,,,
462317,-0.047433,-1.060471,1.663693,0.000143,-1.038708,1.584465,0.055485,-0.057089,,,8.642285,7.978014,,,,,0.017256,-0.049389,-0.079227,,,,,,,,,
462321,,,,,,,,,0.082402,-0.652434,,,9.899908,5.030765,0.074496,0.064379,,,,,,,,,,,,
462324,,,,,,,,,,,,,,,,,,,,-0.047806,-1.056855,1.636269,,,,,,
462331,,,,,,,,,0.137337,-0.652434,,,9.963411,5.321971,0.073597,0.061998,,,,,,,,,,,,
462338,,,,,,,,,,,,,,,,,,,,-0.047887,-1.055620,1.624867,,,,,,
462341,,,,,,,,,0.109870,-1.304868,,,10.016843,5.022449,0.072787,0.065584,,,,,,,,,,,,
462344,,,,,,,,,,,,,,,,,,,,-0.048000,-1.054489,1.617213,,,,,,
462351,,,,,,,,,0.109870,0.000000,,,9.517257,4.770431,0.077608,0.068746,,,,,,,,,,,,
462361,,,,,,,,,0.109870,-1.304868,,,9.641448,5.102926,0.076167,0.065996,,,,,,,,,,,,
462367,-0.047981,-1.054531,1.615638,0.000110,-1.036023,1.582202,0.054363,-0.048859,,,8.217458,7.761682,,,,,0.016333,-0.048872,-0.033436,,,,,,,,,
462371,,,,,,,,,0.109870,0.000000,,,9.201400,5.382688,0.076122,0.061511,,,,,,,,,,,,
462389,,,,,,,,,0.192272,-1.957303,,,9.150517,4.899781,0.076430,0.067559,,,,-0.048337,-1.050132,1.586392,,,,,,
462394,,,,,,,,,,,,,,,,,,,,-0.048296,-1.049028,1.578605,,,,,,
462401,,,,,,,,,0.109870,0.000000,,,9.332874,5.211761,0.074384,0.064949,,,,,,,,,,,,
462411,,,,,,,,,0.082402,-0.652434,,,8.941766,4.929718,0.078150,0.068336,,,,,,,,,,,,
462417,-0.048279,-1.049144,1.578975,0.000082,-1.033410,1.580262,0.053015,-0.041866,,,7.775910,7.478733,,,,,0.015338,-0.048488,0.001287,,,,,,,,,
462421,,,,,,,,,0.109870,-1.304868,,,8.612687,4.692408,0.076858,0.068437,,,,,,,,,,,,
462424,,,,,,,,,,,,,,,,,,,,-0.048315,-1.046037,1.555236,,,,,,
462431,,,,,,,,,0.109870,0.000000,,,8.880343,5.037278,0.073960,0.065477,,,,,,,,,,,,
462434,,,,,,,,,,,,,,,,,,,,-0.048373,-1.045085,1.551416,,,,,,
462441,,,,,,,,,0.082402,-0.652434,,,8.561007,4.782908,0.076997,0.068559,,,,,,,,,,,,
462444,,,,,,,,,,,,,,,,,,,,-0.048418,-1.044057,1.547482,,,,,,
462451,,,,,,,,,0.082402,-0.652434,,,8.292316,4.568882,0.079580,0.071282,,,,,,,,,,,,
462461,,,,,,,,,0.137337,-0.652434,,,8.610784,4.933343,0.076229,0.068146,,,,,,,,,,,,
462467,-0.048402,-1.043908,1.547388,0.000061,-1.030879,1.578599,0.051471,-0.035885,,,7.280630,7.114973,,,,,0.014160,-0.048145,0.031211,,,,,,,,,
462471,,,,,,,,,0.082402,-0.652434,,,8.334199,4.695457,0.073831,0.067371,,,,,,,,,,,,
462474,,,,,,,,,,,,,,,,,,,,-0.048330,-1.040980,1.528287,,,,,,
462481,,,,,,,,,0.082402,-0.652434,,,8.101480,4.495300,0.075994,0.069897,,,,,,,,,,,,
462484,,,,,,,,,,,,,,,,,,,,-0.048276,-1.040053,1.520675,,,,,,
462491,,,,,,,,,0.109870,0.000000,,,7.905671,4.871431,0.077827,0.066584,,,,,,,,,,,,
462494,,,,,,,,,,,,,,,,,,,,-0.048290,-1.038958,1.516860,,,,,,
462501,,,,,,,,,0.082402,-0.652434,,,7.740917,4.643365,0.079383,0.069359,,,,,,,,,,,,
462511,,,,,,,,,0.137337,-0.652434,,,7.602293,4.996013,0.080705,0.066256,,,,,,,,,,,,
462520,-0.048277,-1.038797,1.516685,0.000043,-1.028436,1.577176,0.049759,-0.030741,0.082402,-0.652434,6.772514,6.725780,8.030198,4.748188,0.071093,0.065238,0.012960,-0.047688,0.060492,,,,,,,,,
462524,,,,,,,,,,,,,,,,,,,,-0.048129,-1.035852,1.501590,,,,,,
462531,,,,,,,,,0.082402,-0.652434,,,7.845694,4.539668,0.072723,0.067761,,,,,,,,,,,,
462534,,,,,,,,,,,,,,,,,,,,-0.048082,-1.034785,1.494007,,,,,,
462541,,,,,,,,,0.137337,-0.652434,,,7.690453,4.908762,0.074092,0.064433,,,,,,,,,,,,
462544,,,,,,,,,,,,,,,,,,,,-0.048018,-1.033824,1.490298,,,,,,
462551,,,,,,,,,0.082402,-0.652434,,,8.104376,4.674775,0.069686,0.067183,,,,,,,,,,,,
462561,,,,,,,,,0.082402,-0.652434,,,7.908107,4.477899,0.071422,0.069602,,,,,,,,,,,,
462567,-0.048016,-1.033896,1.489775,0.000030,-1.026090,1.575959,0.047906,-0.026298,,,6.239632,6.290165,,,,,0.011669,-0.047256,0.086184,,,,,,,,,
462571,,,,,,,,,0.082402,-0.652434,,,7.742967,4.312246,0.067444,0.067298,,,,,,,,,,,,
462579,,,,,,,,,0.137337,-0.652434,,,8.148561,4.717410,0.063006,0.063561,,,,-0.047993,-1.030821,1.467861,,,,,,
462584,,,,,,,,,,,,,,,,,,,,-0.047923,-1.029908,1.464137,,,,,,
462591,,,,,,,,,0.082402,-0.652434,,,7.945284,4.513772,0.064698,0.065952,,,,,,,,,,,,
462594,,,,,,,,,,,,,,,,,,,,-0.047831,-1.029031,1.456668,,,,,,
462601,,,,,,,,,0.082402,-0.652434,,,7.774248,4.342430,0.066101,0.068055,,,,,,,,,,,,
462611,,,,,,,,,0.082402,-0.652434,,,7.630337,4.198263,0.067262,0.069915,,,,,,,,,,,,
462617,-0.047813,-1.029095,1.456709,0.000019,-1.023844,1.574923,0.045939,-0.022450,,,5.771864,5.927803,,,,,0.010662,-0.046923,0.118214,,,,,,,,,
462621,,,,,,,,,0.109870,0.000000,,,7.509251,4.621504,0.063448,0.062320,,,,,,,,,,,,
462624,,,,,,,,,,,,,,,,,,,,-0.047521,-1.026276,1.438171,,,,,,
462631,,,,,,,,,0.054935,0.000000,,,6.862826,4.433076,0.069694,0.064504,,,,,,,,,,,,
462639,,,,,,,,,0.082402,-0.652434,,,6.863468,4.274533,0.069469,0.066420,,,,-0.047399,-1.025440,1.434452,,,,,,
462644,,,,,,,,,,,,,,,,,,,,-0.047324,-1.024600,1.434450,,,,,,
462651,,,,,,,,,0.082402,-0.652434,,,6.864007,4.141135,0.069245,0.068111,,,,,,,,,,,,
462661,,,,,,,,,0.082402,0.652434,,,6.319918,4.573437,0.074577,0.064059,,,,,,,,,,,,
462667,-0.047330,-1.024633,1.439056,0.000012,-1.021703,1.574042,0.043878,-0.019110,,,5.179487,5.387330,,,,,0.009123,-0.046547,0.134986,,,,,,,,,
462671,,,,,,,,,0.082402,-0.652434,,,6.406664,4.392632,0.067540,0.060661,,,,,,,,,,,,
462674,,,,,,,,,,,,,,,,,,,,-0.047011,-1.022319,1.427229,,,,,,
462681,,,,,,,,,0.054935,0.000000,,,5.935110,4.240504,0.072104,0.062412,,,,,,,,,,,,
462684,,,,,,,,,,,,,,,,,,,,-0.046914,-1.021471,1.427274,,,,,,
462691,,,,,,,,,0.082402,0.652434,,,5.538343,4.657046,0.076000,0.058392,,,,,,,,,,,,
462694,,,,,,,,,,,,,,,,,,,,-0.046876,-1.020585,1.423532,,,,,,
462701,,,,,,,,,0.109870,-1.304868,,,6.293591,4.462981,0.068225,0.060518,,,,,,,,,,,,
462711,,,,,,,,,0.082402,-0.652434,,,6.384513,4.299695,0.067075,0.062368,,,,,,,,,,,,
462717,-0.046863,-1.020583,1.422097,0.000006,-1.019670,1.573296,0.041747,-0.016207,,,4.660732,4.911612,,,,,0.007846,-0.046217,0.151198,,,,,,,,,
462721,,,,,,,,,0.082402,-0.652434,,,6.461015,4.162306,0.060762,0.059135,,,,,,,,,,,,
462724,,,,,,,,,,,,,,,,,,,,-0.046523,-1.017976,1.412638,,,,,,
462731,,,,,,,,,0.054935,0.000000,,,5.980840,4.046707,0.065300,0.060464,,,,,,,,,,,,
462734,,,,,,,,,,,,,,,,,,,,-0.046406,-1.017207,1.405335,,,,,,
462741,,,,,,,,,0.082402,-0.652434,,,6.121365,3.949442,0.063603,0.061629,,,,,,,,,,,,
462745,,,,,,,,,,,,,,,,,,,,-0.046278,-1.016399,1.401676,,,,,,
462751,,,,,,,,,0.054935,0.000000,,,5.695058,3.867603,0.067659,0.062656,,,,,,,,,,,,
462761,,,,,,,,,0.082402,0.652434,,,5.336365,3.798744,0.071111,0.063567,,,,,,,,,,,,
462767,-0.046280,-1.016407,1.406128,0.000002,-1.017747,1.572667,0.039565,-0.013685,,,4.058247,4.343102,,,,,0.006265,-0.045876,0.166540,,,,,,,,,
462771,,,,,,,,,0.054935,-1.304868,,,5.579103,3.740806,0.062354,0.058582,,,,,,,,,,,,
462774,,,,,,,,,,,,,,,,,,,,-0.045970,-1.014393,1.390903,,,,,,
462781,,,,,,,,,0.109870,0.000000,,,5.783343,3.692057,0.059967,0.059200,,,,,,,,,,,,
462784,,,,,,,,,,,,,,,,,,,,-0.045872,-1.013698,1.390866,,,,,,
462791,,,,,,,,,-0.000000,0.000000,,,4.866104,3.651039,0.068978,0.059748,,,,,,,,,,,,
462794,,,,,,,,,,,,,,,,,,,,-0.045767,-1.013107,1.387263,,,,,,
462801,,,,,,,,,0.054935,0.000000,,,4.638883,3.616527,0.071134,0.060239,,,,,,,,,,,,
462811,,,,,,,,,0.109870,0.000000,,,4.992242,4.132032,0.067413,0.055126,,,,,,,,,,,,
462820,-0.045734,-1.012929,1.388847,-0.000001,-1.015936,1.572142,0.037348,-0.011496,0.054935,0.000000,3.632921,3.948631,4.745015,4.021235,0.065410,0.052275,0.005318,-0.045522,0.183295,,,,,,,,,
462824,,,,,,,,,,,,,,,,,,,,-0.045361,-1.011219,1.387213,,,,,,
462831,,,,,,,,,-0.000000,0.000000,,,3.992455,3.383466,0.072863,0.058765,,,,,,,,,,,,
462834,,,,,,,,,,,,,,,,,,,,-0.045290,-1.010956,1.390835,,,,,,
462841,,,,,,,,,0.027467,0.652434,,,3.359251,3.391391,0.079250,0.058798,,,,,,,,,,,,
462844,,,,,,,,,,,,,,,,,,,,-0.045178,-1.010557,1.390838,,,,,,
462851,,,,,,,,,0.054935,0.000000,,,3.371017,3.398059,0.079185,0.058841,,,,,,,,,,,,
462861,,,,,,,,,0.082402,-0.652434,,,3.925459,3.403670,0.073582,0.058894,,,,,,,,,,,,
462867,-0.045158,-1.010417,1.387933,-0.000003,-1.014236,1.571703,0.035114,-0.009599,,,3.258434,3.563131,,,,,0.004456,-0.045096,0.183770,,,,,,,,,
462871,,,,,,,,,0.027467,0.652434,,,3.302881,3.408391,0.076054,0.055023,,,,,,,,,,,,
462878,,,,,,,,,,,,,,,,,,,,-0.044908,-1.009215,1.394445,,,,,,
462881,,,,,,,,,0.054935,0.000000,,,3.323587,3.412363,0.075834,0.055013,,,,,,,,,,,,
462884,,,,,,,,,,,,,,,,,,,,-0.044831,-1.008970,1.394506,,,,,,
462891,,,,,,,,,0.027467,-0.652434,,,3.341009,2.871161,0.075643,0.060564,,,,,,,,,,,,
462894,,,,,,,,,,,,,,,,,,,,-0.044680,-1.008448,1.398060,,,,,,
462901,,,,,,,,,0.027467,0.652434,,,2.811124,2.960338,0.081032,0.059792,,,,,,,,,,,,
462911,,,,,,,,,0.054935,0.000000,,,2.909823,3.035371,0.080114,0.059148,,,,,,,,,,,,
462917,-0.044679,-1.008386,1.397210,-0.000004,-1.012648,1.571342,0.032878,-0.007961,,,2.877606,3.148982,,,,,0.003518,-0.044739,0.174131,,,,,,,,,
462921,,,,,,,,,0.054935,0.000000,,,2.992868,3.098504,0.075453,0.054385,,,,,,,,,,,,
462924,,,,,,,,,,,,,,,,,,,,-0.044432,-1.007273,1.398093,,,,,,
462931,,,,,,,,,0.027467,-0.652434,,,3.062742,2.607081,0.074717,0.059407,,,,,,,,,,,,
462939,,,,,,,,,0.054935,0.000000,,,3.121534,2.738141,0.074080,0.058179,,,,-0.044367,-1.006723,1.394477,,,,,,
462944,,,,,,,,,,,,,,,,,,,,-0.044224,-1.006174,1.398090,,,,,,
462951,,,,,,,,,0.054935,0.000000,,,3.171001,2.848415,0.073527,0.057136,,,,,,,,,,,,
462961,,,,,,,,,0.054935,0.000000,,,3.212623,2.941199,0.073043,0.056250,,,,,,,,,,,,
462967,-0.044222,-1.006132,1.398016,-0.000005,-1.011171,1.571044,0.030652,-0.006551,,,2.501325,2.757112,,,,,0.002638,-0.044425,0.173028,,,,,,,,,
462971,,,,,,,,,0.054935,0.000000,,,3.247644,3.019268,0.068781,0.051498,,,,,,,,,,,,
462974,,,,,,,,,,,,,,,,,,,,-0.043950,-1.004881,1.394506,,,,,,
462981,,,,,,,,,0.054935,0.000000,,,3.277111,3.084955,0.068331,0.050776,,,,,,,,,,,,
462984,,,,,,,,,,,,,,,,,,,,-0.043842,-1.004278,1.390866,,,,,,
462991,,,,,,,,,0.027467,-0.652434,,,3.301904,2.595680,0.067923,0.055701,,,,,,,,,,,,
462994,,,,,,,,,,,,,,,,,,,,-0.043767,-1.003711,1.390869,,,,,,
463001,,,,,,,,,0.082402,-0.652434,,,3.867308,2.728548,0.061996,0.054378,,,,,,,,,,,,
463011,,,,,,,,,-0.000000,0.000000,,,3.253952,2.295800,0.067979,0.058798,,,,,,,,,,,,
463017,-0.043805,-1.003914,1.391469,-0.000005,-1.009803,1.570805,0.028448,-0.005345,,,2.190607,2.443274,,,,,0.002018,-0.044148,0.179336,,,,,,,,,
463021,,,,,,,,,0.082402,-0.652434,,,3.826961,2.476229,0.058815,0.053848,,,,,,,,,,,,
463024,,,,,,,,,,,,,,,,,,,,-0.043591,-1.002383,1.372913,,,,,,
463031,,,,,,,,,0.027467,-0.652434,,,3.764548,2.083499,0.059124,0.057848,,,,,,,,,,,,
463034,,,,,,,,,,,,,,,,,,,,-0.043597,-1.001997,1.365800,,,,,,
463041,,,,,,,,,0.027467,-0.652434,,,3.712033,1.753056,0.059345,0.061290,,,,,,,,,,,,
463044,,,,,,,,,,,,,,,,,,,,-0.043554,-1.001585,1.362235,,,,,,
463051,,,,,,,,,0.027467,-0.652434,,,3.667847,1.475021,0.059491,0.064264,,,,,,,,,,,,
463059,,,,,,,,,0.054935,0.000000,,,3.630670,1.785626,0.059575,0.061290,,,,-0.043490,-1.001100,1.355088,,,,,,
463064,,,,,,,,,,,,,,,,,,,,-0.043440,-1.000694,1.351507,,,,,,
463067,-0.043429,-1.000738,1.354861,-0.000005,-1.008542,1.570610,0.026277,-0.004318,,,1.929102,2.225042,,,,,0.001681,-0.044087,0.215749,,,,,,,,,
463071,,,,,,,,,0.054935,-1.304868,,,4.143931,1.502425,0.051384,0.062084,,,,,,,,,,,,
463074,,,,,,,,,,,,,,,,,,,,-0.043377,-1.000299,1.344423,,,,,,
463081,,,,,,,,,-0.000000,0.000000,,,3.486703,1.264140,0.057645,0.064659,,,,,,,,,,,,
463084,,,,,,,,,,,,,,,,,,,,-0.043330,-0.999996,1.340889,,,,,,
463091,,,,,,,,,0.027467,0.652434,,,2.933712,1.608191,0.062974,0.061342,,,,,,,,,,,,
463099,,,,,,,,,0.027467,0.652434,,,2.468425,1.897675,0.067519,0.058512,,,,-0.043277,-0.999607,1.337355,,,,,,
463104,,,,,,,,,,,,,,,,,,,,-0.043190,-0.999128,1.337389,,,,,,
463111,,,,,,,,,0.054935,-1.304868,,,3.166019,1.596703,0.060296,0.061648,,,,,,,,,,,,
463114,,,,,,,,,,,,,,,,,,,,-0.043075,-0.998602,1.337320,,,,,,
463117,-0.043048,-0.998558,1.333317,-0.000005,-1.007387,1.570457,0.024149,-0.003451,,,1.748187,2.054803,,,,,0.001545,-0.043912,0.237140,,,,,,,,,
463121,,,,,,,,,0.054935,0.000000,,,3.208431,1.888009,0.057770,0.057066,,,,,,,,,,,,
463124,,,,,,,,,,,,,,,,,,,,-0.042973,-0.998263,1.340849,,,,,,
463131,,,,,,,,,0.027467,0.652434,,,2.699574,2.133114,0.062669,0.054599,,,,,,,,,,,,
463134,,,,,,,,,,,,,,,,,,,,-0.042947,-0.998051,1.340862,,,,,,
463141,,,,,,,,,-0.000000,0.000000,,,2.271421,1.794801,0.066846,0.058034,,,,,,,,,,,,
463144,,,,,,,,,,,,,,,,,,,,-0.042945,-0.997891,1.337379,,,,,,
463151,,,,,,,,,0.054935,0.000000,,,2.455716,2.054689,0.064861,0.055435,,,,,,,,,,,,
463161,,,,,,,,,-0.000000,0.000000,,,2.066239,1.728815,0.068692,0.058759,,,,,,,,,,,,
463167,-0.042954,-0.997947,1.337038,-0.000004,-1.006334,1.570336,0.022072,-0.002725,,,1.706790,1.984216,,,,,0.001790,-0.043724,0.233297,,,,,,,,,
463171,,,,,,,,,0.054935,0.000000,,,2.283077,1.999168,0.065995,0.055347,,,,,,,,,,,,
463174,,,,,,,,,,,,,,,,,,,,-0.042648,-0.996688,1.340849,,,,,,
463181,,,,,,,,,0.082402,-0.652434,,,3.010067,2.226643,0.058464,0.053023,,,,,,,,,,,,
463184,,,,,,,,,,,,,,,,,,,,-0.042560,-0.996411,1.344426,,,,,,
463191,,,,,,,,,0.027467,0.652434,,,2.532670,2.418040,0.063073,0.051023,,,,,,,,,,,,
463194,,,,,,,,,,,,,,,,,,,,-0.042472,-0.996113,1.344423,,,,,,
463201,,,,,,,,,0.027467,-0.652434,,,2.675531,2.034539,0.061451,0.054848,,,,,,,,,,,,
463211,,,,,,,,,0.027467,0.652434,,,2.251192,2.256404,0.065585,0.052575,,,,,,,,,,,,
463220,-0.042488,-0.996154,1.346541,-0.000004,-1.005380,1.570242,0.020054,-0.002122,-0.000000,0.000000,1.228325,1.470572,1.894152,1.898538,0.064238,0.050931,0.000453,-0.043472,0.223701,,,,,,,,,
463224,,,,,,,,,,,,,,,,,,,,-0.042270,-0.994814,1.340867,,,,,,
463231,,,,,,,,,0.027467,0.652434,,,1.593740,2.141973,0.067169,0.048363,,,,,,,,,,,,
463234,,,,,,,,,,,,,,,,,,,,-0.042177,-0.994510,1.340867,,,,,,
463241,,,,,,,,,0.054935,0.000000,,,1.885515,2.346799,0.064120,0.046139,,,,,,,,,,,,
463244,,,,,,,,,,,,,,,,,,,,-0.042068,-0.994280,1.344402,,,,,,
463251,,,,,,,,,0.027467,-0.652434,,,2.131016,1.974596,0.061484,0.049760,,,,,,,,,,,,
463261,,,,,,,,,0.054935,0.000000,,,2.337580,2.205968,0.059196,0.047300,,,,,,,,,,,,
463267,-0.042052,-0.994212,1.344581,-0.000003,-1.004523,1.570172,0.018102,-0.001627,,,0.818048,1.040442,,,,,-0.000617,-0.043290,0.225590,,,,,,,,,
463271,,,,,,,,,-0.000000,0.000000,,,1.966839,1.856101,0.058571,0.046334,,,,,,,,,,,,
463279,,,,,,,,,-0.000000,0.000000,,,1.654898,1.561723,0.061523,0.049173,,,,-0.041919,-0.993755,1.348031,,,,,,
463284,,,,,,,,,,,,,,,,,,,,-0.041823,-0.993360,1.344426,,,,,,
463291,,,,,,,,,0.054935,0.000000,,,1.936974,1.858577,0.058479,0.046041,,,,,,,,,,,,
463295,,,,,,,,,,,,,,,,,,,,-0.041761,-0.993051,1.340892,,,,,,
463301,,,,,,,,,-0.000000,0.000000,,,1.629770,1.563806,0.061389,0.048884,,,,,,,,,,,,
463311,,,,,,,,,-0.000000,0.000000,,,1.371288,1.315786,0.063863,0.051309,,,,,,,,,,,,
463317,-0.041786,-0.993149,1.341201,-0.000003,-1.003757,1.570118,0.016222,-0.001227,,,0.654577,0.858508,,,,,-0.000821,-0.043101,0.228917,,,,,,,,,
463321,,,,,,,,,0.027467,0.652434,,,1.153802,1.651646,0.064303,0.045973,,,,,,,,,,,,
463325,,,,,,,,,,,,,,,,,,,,-0.041610,-0.992550,1.344426,,,,,,
463331,,,,,,,,,-0.000000,0.000000,,,0.970809,1.389695,0.066070,0.048486,,,,,,,,,,,,
463334,,,,,,,,,,,,,,,,,,,,-0.041591,-0.992519,1.347993,,,,,,
463341,,,,,,,,,-0.000000,0.000000,,,0.816838,1.169289,0.067577,0.050628,,,,,,,,,,,,
463344,,,,,,,,,,,,,,,,,,,,-0.041526,-0.992448,1.347966,,,,,,
463351,,,,,,,,,0.027467,0.652434,,,0.687288,1.528383,0.068866,0.046903,,,,,,,,,,,,
463361,,,,,,,,,-0.000000,0.000000,,,0.578284,1.285981,0.069971,0.049241,,,,,,,,,,,,
463367,-0.041548,-0.992507,1.347398,-0.000002,-1.003079,1.570079,0.014421,-0.000907,,,0.479863,0.656697,,,,,-0.001105,-0.042855,0.222681,,,,,,,,,
463371,,,,,,,,,-0.000000,0.000000,,,0.486568,1.082024,0.069140,0.049178,,,,,,,,,,,,
463374,,,,,,,,,,,,,,,,,,,,-0.041451,-0.992289,1.355060,,,,,,
463381,,,,,,,,,-0.000000,0.000000,,,0.409398,0.910415,0.069926,0.050843,,,,,,,,,,,,
463384,,,,,,,,,,,,,,,,,,,,-0.041425,-0.992213,1.355035,,,,,,
463391,,,,,,,,,-0.000000,0.000000,,,0.344467,0.766023,0.070602,0.052265,,,,,,,,,,,,
463398,,,,,,,,,,,,,,,,,,,,-0.041411,-0.992171,1.355035,,,,,,
463401,,,,,,,,,-0.000000,0.000000,,,0.289835,0.644532,0.071186,0.053483,,,,,,,,,,,,
463411,,,,,,,,,-0.000000,0.000000,,,0.243867,0.542309,0.071693,0.054528,,,,,,,,,,,,
463417,-0.041422,-0.992199,1.354394,-0.000002,-1.002485,1.570052,0.012704,-0.000655,,,0.375854,0.526969,,,,,-0.001153,-0.042663,0.215658,,,,,,,,,
463421,,,,,,,,,-0.000000,0.000000,,,0.205190,0.456299,0.071074,0.054105,,,,,,,,,,,,
463424,,,,,,,,,,,,,,,,,,,,-0.041443,-0.992244,1.355057,,,,,,
463431,,,,,,,,,-0.000000,0.000000,,,0.172647,0.383930,0.071440,0.054857,,,,,,,,,,,,
463435,,,,,,,,,,,,,,,,,,,,-0.041449,-0.992281,1.355060,,,,,,
463441,,,,,,,,,-0.000000,0.000000,,,0.145265,0.323038,0.071760,0.055507,,,,,,,,,,,,
463444,,,,,,,,,,,,,,,,,,,,-0.041449,-0.992286,1.355060,,,,,,
463451,,,,,,,,,-0.000000,0.000000,,,0.122226,0.271804,0.072041,0.056070,,,,,,,,,,,,
463461,,,,,,,,,-0.000000,0.000000,,,0.102841,0.228696,0.072290,0.056561,,,,,,,,,,,,
463467,-0.041447,-0.992279,1.355004,-0.000002,-1.001970,1.570032,0.011075,-0.000462,,,0.443650,0.575568,,,,,-0.000592,-0.042558,0.215028,,,,,,,,,
463471,,,,,,,,,-0.000000,0.000000,,,0.086530,0.192425,0.073202,0.057486,,,,,,,,,,,,
463474,,,,,,,,,,,,,,,,,,,,-0.041427,-0.992229,1.355060,,,,,,
463481,,,,,,,,,-0.000000,0.000000,,,0.072806,0.161906,0.073414,0.057874,,,,,,,,,,,,
463484,,,,,,,,,,,,,,,,,,,,-0.041420,-0.992233,1.355057,,,,,,
463491,,,,,,,,,-0.000000,0.000000,,,0.061259,0.136228,0.073606,0.058219,,,,,,,,,,,,
463495,,,,,,,,,,,,,,,,,,,,-0.041426,-0.992230,1.355057,,,,,,
463501,,,,,,,,,-0.000000,0.000000,,,0.051544,0.114622,0.073781,0.058527,,,,,,,,,,,,
463511,,,,,,,,,-0.000000,0.000000,,,0.043369,0.096443,0.073943,0.058805,,,,,,,,,,,,
463520,-0.041427,-0.992234,1.355053,-0.000001,-1.001529,1.570019,0.009540,-0.000316,-0.000000,0.000000,0.466114,0.580174,0.036491,0.081147,0.074322,0.059103,-0.000211,-0.042456,0.214966,,,,,,,,,
463524,,,,,,,,,,,,,,,,,,,,-0.041425,-0.992233,1.355057,,,,,,
463531,,,,,,,,,-0.000000,0.000000,,,0.030703,0.068277,0.074467,0.059334,,,,,,,,,,,,
463534,,,,,,,,,,,,,,,,,,,,-0.041447,-0.992236,1.355060,,,,,,
463541,,,,,,,,,-0.000000,0.000000,,,0.025834,0.057448,0.074604,0.059547,,,,,,,,,,,,
463544,,,,,,,,,,,,,,,,,,,,-0.041430,-0.992231,1.355057,,,,,,
463551,,,,,,,,,-0.000000,0.000000,,,0.021736,0.048337,0.074734,0.059745,,,,,,,,,,,,
463561,,,,,,,,,-0.000000,0.000000,,,0.018289,0.040671,0.074858,0.059929,,,,,,,,,,,,
463567,-0.041430,-0.992231,1.355057,-0.000001,-1.001158,1.570011,0.008103,-0.000208,,,0.488099,0.585310,,,,,0.000149,-0.042380,0.214954,,,,,,,,,
463571,,,,,,,,,-0.000000,0.000000,,,0.015388,0.034220,0.075201,0.060155,,,,,,,,,,,,
463579,,,,,,,,,0.027467,0.652434,,,0.012948,0.573336,0.075321,0.054767,,,,-0.041407,-0.992194,1.355057,,,,,,
463584,,,,,,,,,,,,,,,,,,,,-0.041412,-0.992167,1.358615,,,,,,
463591,,,,,,,,,-0.000000,0.000000,,,0.010894,0.482405,0.075437,0.055697,,,,,,,,,,,,
463594,,,,,,,,,,,,,,,,,,,,-0.041396,-0.992134,1.358615,,,,,,
463601,,,,,,,,,-0.000000,0.000000,,,0.009166,0.405896,0.075550,0.056498,,,,,,,,,,,,
463611,,,,,,,,,-0.000000,0.000000,,,0.007713,0.341520,0.075660,0.057190,,,,,,,,,,,,
463617,-0.041399,-0.992142,1.358316,-0.000001,-1.000851,1.570007,0.006768,-0.000132,,,0.434672,0.514739,,,,,0.000217,-0.042303,0.211691,,,,,,,,,
463621,,,,,,,,,-0.000000,0.000000,,,0.006489,0.287355,0.075224,0.057071,,,,,,,,,,,,
463624,,,,,,,,,,,,,,,,,,,,-0.041390,-0.992055,1.358615,,,,,,
463631,,,,,,,,,-0.000000,0.000000,,,0.005460,0.241781,0.075320,0.057582,,,,,,,,,,,,
463639,,,,,,,,,-0.000000,0.000000,,,0.004594,0.203434,0.075415,0.058028,,,,-0.041386,-0.991990,1.362149,,,,,,
463644,,,,,,,,,,,,,,,,,,,,-0.041366,-0.991970,1.362149,,,,,,
463651,,,,,,,,,-0.000000,0.000000,,,0.003866,0.171170,0.075508,0.058419,,,,,,,,,,,,
463661,,,,,,,,,0.027467,0.652434,,,0.003252,0.688565,0.075601,0.053210,,,,,,,,,,,,
463667,-0.041346,-0.991872,1.364565,-0.000000,-1.000602,1.570004,0.005540,-0.000079,,,0.285011,0.348572,,,,,-0.000079,-0.042258,0.205439,,,,,,,,,
463671,,,,,,,,,-0.000000,0.000000,,,0.002737,0.579359,0.074166,0.052594,,,,,,,,,,,,
463674,,,,,,,,,,,,,,,,,,,,-0.041312,-0.991837,1.365739,,,,,,
463681,,,,,,,,,-0.000000,0.000000,,,0.002303,0.487472,0.074227,0.053485,,,,,,,,,,,,
463684,,,,,,,,,,,,,,,,,,,,-0.041296,-0.991845,1.365736,,,,,,
463691,,,,,,,,,-0.000000,0.000000,,,0.001937,0.410159,0.074287,0.054246,,,,,,,,,,,,
463699,,,,,,,,,-0.000000,0.000000,,,0.001630,0.345108,0.074347,0.054898,,,,-0.041288,-0.991821,1.369338,,,,,,
463711,,,,,,,,,-0.000000,0.000000,,,0.001372,0.290374,0.074406,0.055456,,,,,,,,,,,,
463717,-0.041293,-0.991825,1.368937,-0.000000,-1.000407,1.570002,0.004424,-0.000045,,,0.209882,0.259549,,,,,-0.000129,-0.042175,0.201065,,,,,,,,,
463721,,,,,,,,,0.027467,0.652434,,,0.001154,0.788864,0.073698,0.049475,,,,,,,,,,,,
463724,,,,,,,,,,,,,,,,,,,,-0.041195,-0.991560,1.372858,,,,,,
463731,,,,,,,,,-0.000000,0.000000,,,0.000971,0.663750,0.073742,0.050646,,,,,,,,,,,,
463734,,,,,,,,,,,,,,,,,,,,-0.041183,-0.991524,1.372858,,,,,,
463741,,,,,,,,,-0.000000,0.000000,,,0.000817,0.558479,0.073785,0.051639,,,,,,,,,,,,
463744,,,,,,,,,,,,,,,,,,,,-0.041161,-0.991471,1.376438,,,,,,
463751,,,,,,,,,0.027467,0.652434,,,0.000687,1.014447,0.073829,0.046928,,,,,,,,,,,,
463761,,,,,,,,,-0.000000,0.000000,,,0.000578,0.853556,0.073872,0.048418,,,,,,,,,,,,
463767,-0.041172,-0.991501,1.375809,-0.000000,-1.000258,1.570001,0.003422,-0.000023,,,0.018610,0.055643,,,,,-0.000614,-0.042089,0.194192,,,,,,,,,
463771,,,,,,,,,-0.000000,0.000000,,,0.000487,0.718182,0.071963,0.047600,,,,,,,,,,,,
463774,,,,,,,,,,,,,,,,,,,,-0.041094,-0.991165,1.380024,,,,,,
463781,,,,,,,,,-0.000000,0.000000,,,0.000409,0.604278,0.071968,0.048630,,,,,,,,,,,,
463784,,,,,,,,,,,,,,,,,,,,-0.041067,-0.991145,1.380024,,,,,,
463791,,,,,,,,,-0.000000,0.000000,,,0.000345,0.508439,0.071972,0.049497,,,,,,,,,,,,
463794,,,,,,,,,,,,,,,,,,,,-0.041054,-0.991128,1.383617,,,,,,
463801,,,,,,,,,-0.000000,0.000000,,,0.000290,0.427801,0.071976,0.050229,,,,,,,,,,,,
463811,,,,,,,,,-0.000000,0.000000,,,0.000244,0.359952,0.071980,0.050847,,,,,,,,,,,,
463819,-0.041064,-0.991159,1.382962,-0.000000,-1.000150,1.570001,0.002540,-0.000011,-0.000000,0.000000,-0.184789,-0.158390,0.000205,0.302863,0.069910,0.049185,-0.001165,-0.042020,0.187039,,,,,,,,,
463825,,,,,,,,,,,,,,,,,,,,-0.041069,-0.991190,1.380024,,,,,,
463831,,,,,,,,,-0.000000,0.000000,,,0.000173,0.254829,0.069873,0.049583,,,,,,,,,,,,
463834,,,,,,,,,,,,,,,,,,,,-0.041065,-0.991183,1.380024,,,,,,
463841,,,,,,,,,-0.000000,0.000000,,,0.000145,0.214413,0.069836,0.049913,,,,,,,,,,,,
463844,,,,,,,,,,,,,,,,,,,,-0.041061,-0.991167,1.380024,,,,,,
463851,,,,,,,,,-0.000000,0.000000,,,0.000122,0.180407,0.069800,0.050185,,,,,,,,,,,,
463861,,,,,,,,,-0.000000,0.000000,,,0.000103,0.151795,0.069763,0.050409,,,,,,,,,,,,
463867,-0.041062,-0.991166,1.380271,-0.000000,-1.000078,1.570001,0.001782,-0.000005,,,-0.174098,-0.155264,,,,,-0.000974,-0.042006,0.189730,,,,,,,,,
463871,,,,,,,,,-0.000000,0.000000,,,0.000087,0.127720,0.069835,0.050624,,,,,,,,,,,,
463874,,,,,,,,,,,,,,,,,,,,-0.041059,-0.991172,1.380024,,,,,,
463881,,,,,,,,,-0.000000,0.000000,,,0.000073,0.107464,0.069800,0.050774,,,,,,,,,,,,
463884,,,,,,,,,,,,,,,,,,,,-0.041084,-0.991177,1.380024,,,,,,
463891,,,,,,,,,-0.000000,0.000000,,,0.000061,0.090420,0.069766,0.050896,,,,,,,,,,,,
463894,,,,,,,,,,,,,,,,,,,,-0.041090,-0.991173,1.380048,,,,,,
463901,,,,,,,,,-0.000000,0.000000,,,0.000052,0.076079,0.069731,0.050993,,,,,,,,,,,,
463911,,,,,,,,,-0.000000,0.000000,,,0.000043,0.064013,0.069696,0.051070,,,,,,,,,,,,
463917,-0.041087,-0.991173,1.380067,-0.000000,-1.000033,1.570001,0.001152,-0.000002,,,-0.191513,-0.179318,,,,,-0.000911,-0.042022,0.189934,,,,,,,,,
463921,,,,,,,,,-0.000000,0.000000,,,0.000036,0.053861,0.069484,0.050884,,,,,,,,,,,,
463924,,,,,,,,,,,,,,,,,,,,-0.041061,-0.991163,1.380024,,,,,,
463931,,,,,,,,,-0.000000,0.000000,,,0.000031,0.045318,0.069446,0.050925,,,,-0.041059,-0.991160,1.380024,,,,,,
463941,,,,,,,,,-0.000000,0.000000,,,0.000026,0.038131,0.069407,0.050953,,,,,,,,,,,,
463944,,,,,,,,,,,,,,,,,,,,-0.041056,-0.991157,1.380024,,,,,,
463951,,,,,,,,,-0.000000,0.000000,,,0.000022,0.032083,0.069369,0.050971,,,,,,,,,,,,
463961,,,,,,,,,-0.000000,0.000000,,,0.000018,0.026995,0.069331,0.050981,,,,,,,,,,,,
463967,-0.041059,-0.991158,1.380028,-0.000000,-1.000010,1.570001,0.000655,-0.000000,,,-0.218005,-0.211062,,,,,-0.000906,-0.041992,0.189973,,,,,,,,,
463971,,,,,,,,,-0.000000,0.000000,,,0.000015,0.022713,0.069022,0.050659,,,,,,,,,,,,
463974,,,,,,,,,,,,,,,,,,,,-0.041074,-0.991161,1.380024,,,,,,
463981,,,,,,,,,-0.000000,0.000000,,,0.000013,0.019111,0.068979,0.050649,,,,,,,,,,,,
463984,,,,,,,,,,,,,,,,,,,,-0.041062,-0.991163,1.380024,,,,,,
463991,,,,,,,,,-0.000000,0.000000,,,0.000011,0.016080,0.068935,0.050634,,,,,,,,,,,,
463999,,,,,,,,,-0.000000,0.000000,,,0.000009,0.013530,0.068892,0.050615,,,,-0.041056,-0.991166,1.380024,,,,,,
464011,,,,,,,,,-0.000000,0.000000,,,0.000008,0.011384,0.068848,0.050592,,,,,,,,,,,,
464017,-0.041056,-0.991165,1.380024,-0.000000,-1.000001,1.570001,0.000294,-0.000000,,,-0.233925,-0.230809,,,,,-0.000890,-0.041986,0.189977,,,,,,,,,
464021,,,,,,,,,-0.000000,0.000000,,,0.000006,0.009578,0.068642,0.050364,,,,,,,,,,,,
464024,,,,,,,,,,,,,,,,,,,,-0.041056,-0.991164,1.380024,,,,,,
464031,,,,,,,,,-0.000000,0.000000,,,0.000005,0.008059,0.068595,0.050332,,,,,,,,,,,,
464034,,,,,,,,,,,,,,,,,,,,-0.041081,-0.991170,1.380024,,,,,,
464041,,,,,,,,,-0.000000,0.000000,,,0.000005,0.006781,0.068548,0.050297,,,,,,,,,,,,
464044,,,,,,,,,,,,,,,,,,,,-0.041091,-0.991171,1.380048,,,,,,
464051,,,,,,,,,-0.000000,0.000000,,,0.000004,0.005706,0.068502,0.050260,,,,,,,,,,,,
464061,,,,,,,,,-0.000000,0.000000,,,0.000003,0.004801,0.068455,0.050222,,,,,,,,,,,,
464067,-0.041088,-0.991171,1.380046,0.000000,-1.000000,1.570001,0.000074,-0.000000,,,-0.243134,-0.242350,,,,,-0.000879,-0.042017,0.189955,,,,,,,,,
464071,,,,,,,,,-0.000000,0.000000,,,0.000003,0.004039,0.068314,0.050065,,,,,,,,,,,,
464074,,,,,,,,,,,,,,,,,,,,-0.041086,-0.991167,1.380024,,,,,,
464081,,,,,,,,,-0.000000,0.000000,,,0.000002,0.003399,0.068266,0.050023,,,,,,,,,,,,
464084,,,,,,,,,,,,,,,,,,,,-0.041056,-0.991156,1.380024,,,,,,
464091,,,,,,,,,-0.000000,0.000000,,,0.000002,0.002860,0.068217,0.049979,,,,,,,,,,,,
464094,,,,,,,,,,,,,,,,,,,,-0.041076,-0.991159,1.380024,,,,,,
464101,,,,,,,,,-0.000000,0.000000,,,0.000002,0.002406,0.068168,0.049934,,,,,,,,,,,,
464111,,,,,,,,,,,,,0.000001,0.002024,0.068120,0.049889,,,,,,,,,,,,
