ts,x,y,yaw,x_des,y_des,yaw_des,v_ff,w_ff,v_actual,w_actual,omega_l_cmd,omega_r_cmd,omega_l_meas,omega_r_meas,duty_l,duty_r,x_err,y_err,yaw_err,x_raw,y_raw,yaw_raw,acc_x,acc_y,acc_z,gyro_x,gyro_y,gyro_z
313173,,,,,,,,,-0.000000,0.000000,,,0.000000,0.000000,0.000000,0.000000,,,,,,,,,,,,
313178,,,,,,,,,,,,,,,,,,,,0.027859,-0.990146,1.877316,,,,,,
313183,,,,,,,,,-0.000000,0.000000,,,0.000000,0.000000,0.000000,0.000000,,,,,,,,,,,,
313188,,,,,,,,,,,,,,,,,,,,0.027860,-0.990149,1.877316,,,,,,
313193,,,,,,,,,-0.000000,0.000000,,,0.000000,0.000000,0.000000,0.000000,,,,,,,,,,,,
313198,,,,,,,,,,,,,,,,,,,,0.027877,-0.990145,1.880744,,,,,,
313203,,,,,,,,,-0.000000,0.000000,,,0.000000,0.000000,0.000000,0.000000,,,,,,,,,,,,
313208,,,,,,,,,,,,,,,,,,,,0.027857,-0.990154,1.877316,,,,,,
313213,,,,,,,,,-0.000000,0.000000,,,0.000000,0.000000,0.000000,0.000000,,,,,,,,,,,,
313218,,,,,,,,,,,,,,,,,,,,0.027845,-0.990151,1.880744,,,,,,
313223,0.027845,-0.990151,1.880744,0.000000,-0.999996,1.565612,0.000034,-0.003466,-0.000000,0.000000,-0.236941,-0.255815,0.000000,0.000000,-0.002417,-0.002609,-0.000883,0.029522,-0.315132,,,,,,,,,
313229,,,,,,,,,,,,,,,,,,,,0.027841,-0.990151,1.877316,,,,,,
313233,,,,,,,,,-0.000000,0.000000,,,0.000000,0.000000,-0.002464,-0.002660,,,,,,,,,,,,
313238,,,,,,,,,,,,,,,,,,,,0.027825,-0.990180,1.880751,,,,,,
313244,,,,,,,,,-0.000000,0.000000,,,0.000000,0.000000,-0.002512,-0.002712,,,,,,,,,,,,
313248,,,,,,,,,,,,,,,,,,,,0.027841,-0.990165,1.880744,,,,,,
313253,,,,,,,,,-0.000000,0.000000,,,0.000000,0.000000,-0.002559,-0.002763,,,,,,,,,,,,
313258,,,,,,,,,,,,,,,,,,,,0.027856,-0.990145,1.880744,,,,,,
313263,,,,,,,,,-0.000000,0.000000,,,0.000000,0.000000,-0.002606,-0.002814,,,,,,,,,,,,
313269,,,,,,,,,,,,,,,,,,,,0.027856,-0.990146,1.877316,,,,,,
313273,0.027855,-0.990146,1.877602,0.000000,-0.999985,1.555486,0.000134,-0.083539,-0.000000,0.000000,-0.042839,-0.485017,0.000000,0.000000,-0.000674,-0.005203,-0.000967,0.029526,-0.322115,,,,,,,,,
313279,,,,,,,,,,,,,,,,,,,,0.027850,-0.990148,1.877316,,,,,,
313284,,,,,,,,,-0.000000,0.000000,,,0.000000,0.000000,-0.000682,-0.005300,,,,,,,,,,,,
313288,,,,,,,,,,,,,,,,,,,,0.027847,-0.990147,1.877316,,,,,,
313293,,,,,,,,,-0.000000,0.000000,,,0.000000,0.000000,-0.000691,-0.005397,,,,,,,,,,,,
313298,,,,,,,,,,,,,,,,,,,,0.027835,-0.990153,1.880744,,,,,,
313303,,,,,,,,,-0.000000,0.000000,,,0.000000,0.000000,-0.000700,-0.005494,,,,,,,,,,,,
313308,,,,,,,,,,,,,,,,,,,,0.027836,-0.990150,1.877316,,,,,,
313313,,,,,,,,,-0.000000,0.000000,,,0.000000,0.000000,-0.000708,-0.005591,,,,,,,,,,,,
313319,,,,,,,,,,,,,,,,,,,,0.027823,-0.990178,1.880751,,,,,,
313323,0.027826,-0.990175,1.880487,0.000001,-0.999965,1.536440,0.000298,-0.255090,-0.000000,0.000000,0.454268,-0.894213,0.000000,0.000000,0.004354,-0.009862,-0.000844,0.029485,-0.344047,,,,,,,,,
313328,,,,,,,,,,,,,,,,,,,,0.027853,-0.990162,1.880744,,,,,,
313333,,,,,,,,,-0.000000,0.000000,,,0.000000,0.000000,0.004445,-0.010041,,,,,,,,,,,,
313338,,,,,,,,,,,,,,,,,,,,0.027871,-0.990137,1.877316,,,,,,
313344,,,,,,,,,-0.000000,0.000000,,,0.000000,0.000000,0.004535,-0.010219,,,,,,,,,,,,
313353,,,,,,,,,-0.000000,0.000000,,,0.000000,0.000000,0.004626,-0.010398,,,,,,,,,,,,
313363,,,,,,,,,-0.000000,0.000000,,,0.000000,0.000000,0.004717,-0.010577,,,,,,,,,,,,
313369,,,,,,,,,,,,,,,,,,,,0.027828,-0.990152,1.880744,,,,,,
313373,0.027828,-0.990154,1.880723,0.000002,-0.999931,1.506435,0.000528,-0.468090,-0.000000,0.000000,1.036214,-1.438809,0.000000,0.000000,0.010744,-0.016311,-0.000825,0.029482,-0.374288,,,,,,,,,
313379,,,,,,,,,,,,,,,,,,,,0.027830,-0.990154,1.880744,,,,,,
313383,,,,,,,,,-0.000000,0.000000,,,0.000000,0.000000,0.010951,-0.016599,,,,,,,,,,,,
313389,,,,,,,,,,,,,,,,,,,,0.027813,-0.990185,1.880751,,,,,,
313393,,,,,,,,,-0.000000,0.000000,,,0.000000,0.000000,0.011158,-0.016886,,,,,,,,,,,,
313398,,,,,,,,,,,,,,,,,,,,0.027833,-0.990173,1.880744,,,,,,
313404,,,,,,,,,-0.000000,0.000000,,,0.000000,0.000000,0.011366,-0.017174,,,,,,,,,,,,
313408,,,,,,,,,,,,,,,,,,,,0.027824,-0.990184,1.880751,,,,,,
313413,,,,,,,,,-0.000000,0.000000,,,0.000000,0.000000,0.011573,-0.017462,,,,,,,,,,,,
313419,,,,,,,,,,,,,,,,,,,,0.027818,-0.990197,1.880751,,,,,,
313423,0.027819,-0.990193,1.880749,0.000007,-0.999880,1.464226,0.000829,-0.709204,-0.000000,0.000000,1.714864,-2.037732,0.000000,0.000000,0.018702,-0.023859,-0.000742,0.029441,-0.416523,,,,,,,,,
313429,,,,,,,,,,,,,,,,,,,,0.027829,-0.990174,1.880744,,,,,,
313433,,,,,,,,,-0.000000,0.000000,,,0.000000,0.000000,0.019045,-0.024266,,,,,,,,,,,,
313438,,,,,,,,,,,,,,,,,,,,0.027815,-0.990181,1.880751,,,,,,
313443,,,,,,,,,-0.000000,0.000000,,,0.000000,0.000000,0.019388,-0.024674,,,,,,,,,,,,
313448,,,,,,,,,,,,,,,,,,,,0.027821,-0.990163,1.880744,,,,,,
313453,,,,,,,,,-0.000000,0.000000,,,0.000000,0.000000,0.019731,-0.025081,,,,,,,,,,,,
313459,,,,,,,,,,,,,,,,,,,,0.027829,-0.990153,1.877316,,,,,,
313464,,,,,,,,,-0.000000,0.000000,,,0.000000,0.000000,0.020074,-0.025489,,,,,,,,,,,,
313469,,,,,,,,,,,,,,,,,,,,0.027840,-0.990145,1.877316,,,,,,
313473,0.027838,-0.990149,1.877604,0.000016,-0.999808,1.409546,0.001216,-0.963260,-0.000000,0.000000,2.392812,-2.709858,0.000000,0.000000,0.027332,-0.032752,-0.000805,0.029440,-0.468058,,,,,,,,,
313478,,,,,,,,,,,,,,,,,,,,0.027844,-0.990150,1.877316,,,,,,
313483,,,,,,,,,-0.000000,0.000000,,,0.000000,0.000000,0.027811,-0.033294,,,,,,,,,,,,
313489,,,,,,,,,,,,,,,,,,,,0.027848,-0.990149,1.877316,,,,,,
313493,,,,,,,,,-0.000000,0.000000,,,0.000000,0.000000,0.028289,-0.033836,,,,,,,,,,,,
313498,,,,,,,,,,,,,,,,,,,,0.027846,-0.990148,1.877316,,,,,,
313504,,,,,,,,,-0.000000,0.000000,,,0.000000,0.000000,0.028768,-0.034378,,,,,,,,,,,,
313508,,,,,,,,,,,,,,,,,,,,0.027869,-0.990117,1.877316,,,,,,
313513,,,,,,,,,-0.000000,0.000000,,,0.000000,0.000000,0.029246,-0.034920,,,,,,,,,,,,
313519,,,,,,,,,,,,,,,,,,,,0.027841,-0.990135,1.877316,,,,,,
313523,0.027841,-0.990137,1.877340,0.000036,-0.999710,1.343222,0.001709,-1.210521,-0.000000,0.000000,3.096637,-3.327085,0.000000,0.000000,0.036904,-0.041758,-0.000737,0.029398,-0.534118,,,,,,,,,
313528,,,,,,,,,,,,,,,,,,,,0.027829,-0.990144,1.877316,,,,,,
313533,,,,,,,,,-0.000000,0.000000,,,0.000000,0.000000,0.037523,-0.042423,,,,,,,,,,,,
313538,,,,,,,,,,,,,,,,,,,,0.027845,-0.990136,1.877316,,,,,,
313543,,,,,,,,,-0.000000,0.000000,,,0.000000,0.000000,0.038143,-0.043089,,,,,,,,,,,,
313549,,,,,,,,,,,,,,,,,,,,0.027844,-0.990133,1.877316,,,,,,
313553,,,,,,,,,-0.000000,0.000000,,,0.000000,0.000000,0.038762,-0.043754,,,,,,,,,,,,
313559,,,,,,,,,,,,,,,,,,,,0.027846,-0.990139,1.877316,,,,,,
313564,,,,,,,,,-0.000000,0.000000,,,0.000000,0.000000,0.039381,-0.044419,,,,,,,,,,,,
313568,,,,,,,,,,,,,,,,,,,,0.027848,-0.990142,1.880744,,,,,,
313573,0.027847,-0.990141,1.880458,0.000072,-0.999578,1.267179,0.002340,-1.429231,-0.000000,0.000000,3.774358,-3.829854,0.000000,0.000000,0.046913,-0.050213,-0.000524,0.029330,-0.613280,,,,,,,,,
313578,,,,,,,,,,,,,,,,,,,,0.027839,-0.990145,1.880744,,,,,,
313583,,,,,,,,,-0.000000,0.000000,,,0.000000,0.000000,0.047668,-0.050979,,,,,,,,,,,,
313588,,,,,,,,,,,,,,,,,,,,0.027829,-0.990140,1.877316,,,,,,
313593,,,,,,,,,-0.000000,0.000000,,,0.000000,0.000000,0.048423,-0.051745,,,,,,,,,,,,
313598,,,,,,,,,,,,,,,,,,,,0.027825,-0.990138,1.880744,,,,,,
313603,,,,,,,,,-0.000000,0.000000,,,0.000000,0.000000,0.049178,-0.052511,,,,,,,,,,,,
313609,,,,,,,,,,,,,,,,,,,,0.027830,-0.990140,1.880744,,,,,,
313613,,,,,,,,,-0.000000,0.000000,,,0.000000,0.000000,0.049933,-0.053277,,,,,,,,,,,,
313619,,,,,,,,,,,,,,,,,,,,0.027838,-0.990137,1.877316,,,,,,
313624,0.027838,-0.990138,1.877580,0.000134,-0.999406,1.184303,0.003156,-1.598576,-0.000000,0.000000,4.288241,-4.248719,0.000000,0.000000,0.055929,-0.058315,-0.000469,0.029210,-0.693276,,,,,,,,,
313629,,,,,,,,,,,,,,,,,,,,0.027862,-0.990137,1.880744,,,,,,
313633,,,,,,,,,-0.027467,-0.652434,,,0.000000,-0.544543,0.056787,-0.053611,,,,,,,,,,,,
313639,,,,,,,,,,,,,,,,,,,,0.027847,-0.990145,1.877316,,,,,,
313643,,,,,,,,,-0.000000,0.000000,,,0.000000,-0.458179,0.057645,-0.055232,,,,,,,,,,,,
313649,,,,,,,,,,,,,,,,,,,,0.027836,-0.990138,1.877316,,,,,,
313653,,,,,,,,,-0.027467,-0.652434,,,0.000000,-0.930055,0.058502,-0.051177,,,,,,,,,,,,
313659,,,,,,,,,,,,,,,,,,,,0.027835,-0.990138,1.877316,,,,,,
313664,,,,,,,,,-0.000000,0.000000,,,0.000000,-0.782548,0.059360,-0.053346,,,,,,,,,,,,
313669,,,,,,,,,,,,,,,,,,,,0.027821,-0.990173,1.873883,,,,,,
313673,0.027823,-0.990170,1.874194,0.000236,-0.999184,1.098155,0.004220,-1.701890,-0.000000,0.000000,4.656403,-4.482594,0.000000,-0.658436,0.063973,-0.057690,-0.000360,0.029020,-0.776038,,,,,,,,,
313679,,,,,,,,,,,,,,,,,,,,0.027835,-0.990245,1.873883,,,,,,
313683,,,,,,,,,-0.000000,0.000000,,,0.000000,-0.554008,0.064904,-0.059520,,,,,,,,,,,,
313688,,,,,,,,,,,,,,,,,,,,0.027905,-0.990336,1.873885,,,,,,
313693,,,,,,,,,-0.000000,0.000000,,,0.000000,-0.466142,0.065835,-0.061202,,,,,,,,,,,,
313699,,,,,,,,,,,,,,,,,,,,0.027930,-0.990352,1.873885,,,,,,
313703,,,,,,,,,-0.000000,0.000000,,,0.000000,-0.392212,0.066767,-0.062760,,,,,,,,,,,,
313709,,,,,,,,,,,,,,,,,,,,0.027916,-0.990321,1.873871,,,,,,
313713,,,,,,,,,-0.000000,0.000000,,,0.000000,-0.330007,0.067698,-0.064212,,,,,,,,,,,,
313718,,,,,,,,,,,,,,,,,,,,0.027895,-0.990281,1.870434,,,,,,
313724,0.027921,-0.990382,1.868012,0.000397,-0.998902,1.012557,0.005618,-1.729630,-0.027467,-0.652434,4.888674,-4.476203,0.000000,-0.822211,0.068629,-0.060022,-0.000086,0.028813,-0.855455,,,,,,,,,
313729,,,,,,,,,,,,,,,,,,,,0.027912,-0.990307,1.870434,,,,,,
313733,,,,,,,,,-0.000000,0.000000,,,0.000000,-0.691808,0.071930,-0.062019,,,,,,,,,,,,
313738,,,,,,,,,,,,,,,,,,,,0.027918,-0.990387,1.866992,,,,,,
313743,,,,,,,,,-0.027467,-0.652434,,,0.000000,-1.126631,0.072907,-0.058341,,,,,,,,,,,,
313748,,,,,,,,,,,,,,,,,,,,0.027939,-0.990476,1.863547,,,,,,
313753,,,,,,,,,-0.000000,0.000000,,,0.000000,-0.947947,0.073885,-0.060834,,,,,,,,,,,,
313758,,,,,,,,,,,,,,,,,,,,0.027944,-0.990610,1.860077,,,,,,
313763,,,,,,,,,-0.000000,0.000000,,,0.000000,-0.797602,0.074863,-0.063073,,,,,,,,,,,,
313768,,,,,,,,,,,,,,,,,,,,0.027960,-0.990845,1.856642,,,,,,
313773,0.027957,-0.990806,1.857596,0.000641,-0.998547,0.931143,0.007460,-1.681186,-0.027467,-0.652434,4.973742,-4.243453,0.000000,-1.215646,0.076708,-0.057170,0.000303,0.028390,-0.926453,,,,,,,,,
313778,,,,,,,,,,,,,,,,,,,,0.028027,-0.991136,1.856655,,,,,,
313784,,,,,,,,,-0.000000,0.000000,,,0.000000,-1.022844,0.077703,-0.059742,,,,,,,,,,,,
313788,,,,,,,,,,,,,,,,,,,,0.028070,-0.991344,1.853203,,,,,,
313793,,,,,,,,,-0.000000,0.000000,,,0.000000,-0.860621,0.078698,-0.062041,,,,,,,,,,,,
313799,,,,,,,,,,,,,,,,,,,,0.028062,-0.991379,1.853205,,,,,,
313803,,,,,,,,,-0.000000,0.000000,,,0.000000,-0.724126,0.079693,-0.064110,,,,,,,,,,,,
313808,,,,,,,,,,,,,,,,,,,,0.028065,-0.991345,1.853203,,,,,,
313813,,,,,,,,,-0.027467,-0.652434,,,0.000000,-1.153823,0.080687,-0.060431,,,,,,,,,,,,
313818,,,,,,,,,,,,,,,,,,,,0.028023,-0.991317,1.849733,,,,,,
313824,0.028017,-0.991274,1.850393,0.000998,-0.998103,0.856980,0.009881,-1.564603,-0.000000,0.000000,4.962179,-3.785686,0.000000,-0.970826,0.081564,-0.058246,0.000893,0.027854,-0.993412,,,,,,,,,
313829,,,,,,,,,,,,,,,,,,,,0.028020,-0.991311,1.849739,,,,,,
313833,,,,,,,,,-0.000000,0.000000,,,0.000000,-0.816853,0.082557,-0.060380,,,,,,,,,,,,
313838,,,,,,,,,,,,,,,,,,,,0.028031,-0.991328,1.849739,,,,,,
313843,,,,,,,,,-0.000000,0.000000,,,0.000000,-0.687300,0.083549,-0.062295,,,,,,,,,,,,
313848,,,,,,,,,,,,,,,,,,,,0.028040,-0.991343,1.849739,,,,,,
313853,,,,,,,,,-0.000000,0.000000,,,0.000000,-0.578294,0.084542,-0.064027,,,,,,,,,,,,
313859,,,,,,,,,,,,,,,,,,,,0.028046,-0.991340,1.849739,,,,,,
313863,,,,,,,,,-0.000000,0.000000,,,0.000000,-0.486577,0.085534,-0.065604,,,,,,,,,,,,
313868,,,,,,,,,,,,,,,,,,,,0.028037,-0.991324,1.849739,,,,,,
313873,0.028035,-0.991319,1.849794,0.001508,-0.997555,0.792350,0.013040,-1.394065,-0.000000,0.000000,4.790156,-3.252237,0.000000,-0.409406,0.084772,-0.061609,0.001311,0.027219,-1.057444,,,,,,,,,
313879,,,,,,,,,,,,,,,,,,,,0.028033,-0.991330,1.849739,,,,,,
313884,,,,,,,,,-0.000000,0.000000,,,0.000000,-0.344474,0.085730,-0.062840,,,,,,,,,,,,
313889,,,,,,,,,,,,,,,,,,,,0.028033,-0.991336,1.849739,,,,,,
313893,,,,,,,,,-0.000000,0.000000,,,0.000000,-0.289840,0.086688,-0.063979,,,,,,,,,,,,
313898,,,,,,,,,,,,,,,,,,,,0.028032,-0.991338,1.849739,,,,,,
313903,,,,,,,,,-0.000000,0.000000,,,0.000000,-0.243872,0.087646,-0.065040,,,,,,,,,,,,
313908,,,,,,,,,,,,,,,,,,,,0.028035,-0.991329,1.849739,,,,,,
313913,,,,,,,,,-0.000000,0.000000,,,0.000000,-0.205193,0.088604,-0.066037,,,,,,,,,,,,
313918,,,,,,,,,,,,,,,,,,,,0.028037,-0.991326,1.849739,,,,,,
313923,0.028037,-0.991325,1.849744,0.002216,-0.996877,0.738720,0.017114,-1.186176,-0.000000,0.000000,4.571505,-2.625023,0.000000,-0.172650,0.087332,-0.060580,0.001773,0.026352,-1.111024,,,,,,,,,
313928,,,,,,,,,,,,,,,,,,,,0.028044,-0.991334,1.849739,,,,,,
313933,,,,,,,,,-0.000000,0.000000,,,0.000000,-0.145267,0.088246,-0.061350,,,,,,,,,,,,
313938,,,,,,,,,,,,,,,,,,,,0.028050,-0.991333,1.849739,,,,,,
313944,,,,,,,,,-0.000000,0.000000,,,0.000000,-0.122228,0.089160,-0.062081,,,,,,,,,,,,
313949,,,,,,,,,,,,,,,,,,,,0.028035,-0.991330,1.849739,,,,,,
313953,,,,,,,,,-0.000000,0.000000,,,0.000000,-0.102843,0.090075,-0.062779,,,,,,,,,,,,
313958,,,,,,,,,,,,,,,,,,,,0.028030,-0.991332,1.849739,,,,,,
313963,,,,,,,,,-0.000000,0.000000,,,0.000000,-0.086532,0.090989,-0.063450,,,,,,,,,,,,
313968,,,,,,,,,,,,,,,,,,,,0.028031,-0.991328,1.849739,,,,,,
313973,0.028031,-0.991328,1.849740,0.003175,-0.996044,0.696859,0.022287,-0.956458,-0.000000,0.000000,4.366037,-1.935890,0.000000,-0.072808,0.089807,-0.057069,0.002310,0.025194,-1.152881,,,,,,,,,
313978,,,,,,,,,,,,,,,,,,,,0.028016,-0.991322,1.849739,,,,,,
313984,,,,,,,,,-0.000000,0.000000,,,0.000000,-0.061260,0.090681,-0.057559,,,,,,,,,,,,
313988,,,,,,,,,,,,,,,,,,,,0.028035,-0.991328,1.849739,,,,,,
313993,,,,,,,,,-0.000000,0.000000,,,0.000000,-0.051545,0.091554,-0.058033,,,,,,,,,,,,
313998,,,,,,,,,,,,,,,,,,,,0.028038,-0.991329,1.849739,,,,,,
314003,,,,,,,,,-0.000000,0.000000,,,0.000000,-0.043370,0.092427,-0.058493,,,,,,,,,,,,
314009,,,,,,,,,,,,,,,,,,,,0.028043,-0.991334,1.849739,,,,,,
314013,,,,,,,,,-0.000000,0.000000,,,0.000000,-0.036491,0.093300,-0.058942,,,,,,,,,,,,
314019,,,,,,,,,,,,,,,,,,,,0.028034,-0.991339,1.849739,,,,,,
314023,0.028033,-0.991338,1.849739,0.004440,-0.995020,0.667025,0.028741,-0.717152,-0.000000,0.000000,4.227591,-1.204943,0.000000,-0.030704,0.092761,-0.051925,0.002957,0.023695,-1.182714,,,,,,,,,
314029,,,,,,,,,,,,,,,,,,,,0.028029,-0.991328,1.849739,,,,,,
314033,,,,,,,,,-0.000000,0.000000,,,0.000000,-0.025834,0.093607,-0.052210,,,,,,,,,,,,
314039,,,,,,,,,,,,,,,,,,,,0.028034,-0.991333,1.849739,,,,,,
314044,,,,,,,,,-0.000000,0.000000,,,0.000000,-0.021737,0.094452,-0.052487,,,,,,,,,,,,
314048,,,,,,,,,,,,,,,,,,,,0.028029,-0.991335,1.849739,,,,,,
314053,,,,,,,,,-0.000000,0.000000,,,0.000000,-0.018289,0.095298,-0.052759,,,,,,,,,,,,
314058,,,,,,,,,,,,,,,,,,,,0.028032,-0.991327,1.849739,,,,,,
314063,,,,,,,,,-0.000000,0.000000,,,0.000000,-0.015389,0.096143,-0.053026,,,,,,,,,,,,
314069,,,,,,,,,,,,,,,,,,,,0.028037,-0.991333,1.849739,,,,,,
314073,0.028037,-0.991333,1.849739,0.006073,-0.993761,0.649162,0.036639,-0.476448,-0.000000,0.000000,4.192522,-0.446577,0.000000,-0.012948,0.096631,-0.045554,0.003714,0.021783,-1.200577,,,,,,,,,
314079,,,,,,,,,,,,,,,,,,,,0.028047,-0.991337,1.849739,,,,,,
314084,,,,,,,,,-0.000000,0.000000,,,0.000000,-0.010894,0.097470,-0.045661,,,,,,,,,,,,
314088,,,,,,,,,,,,,,,,,,,,0.028039,-0.991332,1.849739,,,,,,
314093,,,,,,,,,-0.000000,0.000000,,,0.000000,-0.009167,0.098308,-0.045766,,,,,,,,,,,,
314099,,,,,,,,,,,,,,,,,,,,0.028038,-0.991336,1.849739,,,,,,
314103,,,,,,,,,-0.000000,0.000000,,,0.000000,-0.007713,0.099147,-0.045868,,,,,,,,,,,,
314108,,,,,,,,,,,,,,,,,,,,0.028041,-0.991336,1.849739,,,,,,
314113,,,,,,,,,-0.000000,0.000000,,,0.000000,-0.006490,0.099985,-0.045969,,,,,,,,,,,,
314118,,,,,,,,,,,,,,,,,,,,0.028043,-0.991340,1.849739,,,,,,
314123,0.028043,-0.991339,1.849739,0.008131,-0.992212,0.643076,0.046105,-0.238747,0.027467,-0.652434,4.306674,0.357853,0.544543,-0.005460,0.096434,-0.037862,0.004644,0.019382,-1.206663,,,,,,,,,
314128,,,,,,,,,,,,,,,,,,,,0.028025,-0.991304,1.846274,,,,,,
314133,,,,,,,,,-0.000000,0.000000,,,0.458179,-0.004594,0.098067,-0.037798,,,,,,,,,,,,
314138,,,,,,,,,,,,,,,,,,,,0.027999,-0.991190,1.842801,,,,,,
314144,,,,,,,,,0.027467,-0.652434,,,0.930055,-0.003866,0.094024,-0.037733,,,,,,,,,,,,
314149,,,,,,,,,,,,,,,,,,,,0.027912,-0.990948,1.839321,,,,,,
314153,,,,,,,,,0.027467,-0.652434,,,1.327091,-0.003253,0.090649,-0.037667,,,,,,,,,,,,
314158,,,,,,,,,,,,,,,,,,,,0.027779,-0.990722,1.835833,,,,,,
314163,,,,,,,,,0.027467,-0.652434,,,1.661157,-0.002737,0.087838,-0.037600,,,,,,,,,,,,
314168,,,,,,,,,,,,,,,,,,,,0.027640,-0.990467,1.828855,,,,,,
314173,0.027644,-0.990429,1.827870,0.010667,-0.990305,0.648562,0.057212,-0.005412,-0.000000,0.000000,4.281329,0.942861,1.397698,-0.002303,0.090795,-0.031565,0.004436,0.016387,-1.179308,,,,,,,,,
314178,,,,,,,,,,,,,,,,,,,,0.027553,-0.990203,1.825359,,,,,,
314183,,,,,,,,,0.027467,-0.652434,,,1.720566,-0.001937,0.088079,-0.031380,,,,,,,,,,,,
314189,,,,,,,,,,,,,,,,,,,,0.027492,-0.989952,1.818353,,,,,,
314193,,,,,,,,,0.027467,-0.652434,,,1.992227,-0.001630,0.085820,-0.031194,,,,,,,,,,,,
314199,,,,,,,,,,,,,,,,,,,,0.027442,-0.989797,1.811328,,,,,,
314205,,,,,,,,,0.027467,-0.652434,,,2.220803,-0.001372,0.083947,-0.031008,,,,,,,,,,,,
314209,,,,,,,,,,,,,,,,,,,,0.027390,-0.989601,1.807809,,,,,,
314213,,,,,,,,,-0.000000,0.000000,,,1.868583,-0.001154,0.087951,-0.030821,,,,,,,,,,,,
314218,,,,,,,,,,,,,,,,,,,,0.027328,-0.989350,1.804284,,,,,,
314223,0.027354,-0.989440,1.806263,0.013717,-0.987955,0.665496,0.069965,0.224402,-0.000000,0.000000,4.527304,1.720729,1.572226,-0.000971,0.093966,-0.022700,0.004626,0.012914,-1.140767,,,,,,,,,
314229,,,,,,,,,,,,,,,,,,,,0.027257,-0.989096,1.800754,,,,,,
314233,,,,,,,,,0.027467,-0.652434,,,1.867414,-0.000817,0.091546,-0.022357,,,,,,,,,,,,
314239,,,,,,,,,,,,,,,,,,,,0.027201,-0.988860,1.797209,,,,,,
314244,,,,,,,,,-0.000000,0.000000,,,1.571242,-0.000687,0.095099,-0.022014,,,,,,,,,,,,
314249,,,,,,,,,,,,,,,,,,,,0.027143,-0.988706,1.797209,,,,,,
314253,,,,,,,,,0.027467,-0.652434,,,1.866586,-0.000578,0.092677,-0.021671,,,,,,,,,,,,
314258,,,,,,,,,,,,,,,,,,,,0.027124,-0.988630,1.790125,,,,,,
314263,,,,,,,,,0.027467,-0.652434,,,2.115088,-0.000487,0.090675,-0.021328,,,,,,,,,,,,
314269,,,,,,,,,,,,,,,,,,,,0.027119,-0.988723,1.786593,,,,,,
314273,0.027113,-0.988671,1.785506,0.017299,-0.985063,0.693892,0.084301,0.452994,0.027467,-0.652434,5.166989,2.850326,2.324178,-0.000409,0.095549,-0.009462,0.005616,0.008820,-1.091614,,,,,,,,,
314278,,,,,,,,,,,,,,,,,,,,0.027086,-0.988681,1.783033,,,,,,
314283,,,,,,,,,-0.000000,0.000000,,,1.955563,-0.000345,0.099878,-0.008893,,,,,,,,,,,,
314289,,,,,,,,,,,,,,,,,,,,0.027058,-0.988374,1.775896,,,,,,
314293,,,,,,,,,0.027467,-0.652434,,,2.189954,-0.000290,0.098129,-0.008323,,,,,,,,,,,,
314299,,,,,,,,,,,,,,,,,,,,0.026942,-0.988016,1.775896,,,,,,
314304,,,,,,,,,-0.000000,0.000000,,,1.842627,-0.000244,0.102267,-0.007754,,,,,,,,,,,,
314308,,,,,,,,,,,,,,,,,,,,0.026890,-0.987722,1.772326,,,,,,
314313,,,,,,,,,0.027467,-0.652434,,,1.550386,-0.000205,0.105913,-0.007184,,,,,,,,,,,,
314319,,,,,,,,,,,,,,,,,,,,0.026855,-0.987520,1.768733,,,,,,
314323,0.026853,-0.987503,1.767403,0.021401,-0.981513,0.733929,0.100082,0.683472,-0.000000,0.000000,6.063228,4.243647,1.849038,-0.000173,0.112732,0.007598,0.006940,0.004177,-1.033474,,,,,,,,,
314329,,,,,,,,,,,,,,,,,,,,0.026828,-0.987471,1.768751,,,,,,
314333,,,,,,,,,0.027467,-0.652434,,,2.100323,-0.000145,0.111012,0.008446,,,,,,,,,,,,
314338,,,,,,,,,,,,,,,,,,,,0.026763,-0.987496,1.761602,,,,,,
314343,,,,,,,,,0.027467,-0.652434,,,2.311755,-0.000122,0.109647,0.009295,,,,,,,,,,,,
314353,,,,,,,,,0.027467,-0.652434,,,2.489654,-0.000103,0.108583,0.010143,,,,,,,,,,,,
314364,,,,,,,,,0.027467,-0.652434,,,2.639337,-0.000087,0.107771,0.010992,,,,,,,,,,,,
314368,,,,,,,,,,,,,,,,,,,,0.026546,-0.986890,1.739975,,,,,,
314373,0.026551,-0.986828,1.739539,0.025972,-0.977172,0.785935,0.117122,0.919109,0.027467,-0.652434,7.540393,6.341621,2.765281,-0.000073,0.122238,0.033240,0.009616,-0.001051,-0.953604,,,,,,,,,
314379,,,,,,,,,,,,,,,,,,,,0.026433,-0.986614,1.732722,,,,,,
314383,,,,,,,,,0.054935,-1.304868,,,3.415794,-0.000061,0.116558,0.034508,,,,,,,,,,,,
314388,,,,,,,,,,,,,,,,,,,,0.026406,-0.986341,1.725446,,,,,,
314393,,,,,,,,,-0.000000,0.000000,,,2.874048,-0.000052,0.122909,0.035776,,,,,,,,,,,,
314398,,,,,,,,,,,,,,,,,,,,0.026291,-0.985998,1.718143,,,,,,
314403,,,,,,,,,0.054935,-1.304868,,,3.507310,-0.000043,0.117383,0.037044,,,,,,,,,,,,
314408,,,,,,,,,,,,,,,,,,,,0.026233,-0.985651,1.710826,,,,,,
314413,,,,,,,,,0.027467,-0.652434,,,3.495594,-0.000036,0.118309,0.038313,,,,,,,,,,,,
314418,,,,,,,,,,,,,,,,,,,,0.026235,-0.985324,1.699798,,,,,,
314426,0.026244,-0.985337,1.700395,0.030917,-0.971896,0.850332,0.135216,1.162557,0.027467,-0.652434,9.318111,8.993411,4.030278,-0.000031,0.131797,0.066629,0.012724,-0.006371,-0.850063,,,,,,,,,
314429,,,,,,,,,,,,,,,,,,,,0.026198,-0.984971,1.692421,,,,,,
314433,,,,,,,,,0.054935,-1.304868,,,3.935619,-0.000026,0.133820,0.068428,,,,,,,,,,,,
314438,,,,,,,,,,,,,,,,,,,,0.026132,-0.984537,1.685018,,,,,,
314443,,,,,,,,,0.082402,-0.652434,,,4.400516,0.544521,0.130155,0.064672,,,,,,,,,,,,
314448,,,,,,,,,,,,,,,,,,,,0.026074,-0.984089,1.670123,,,,,,
314453,,,,,,,,,0.082402,-0.652434,,,4.791679,1.002703,0.127148,0.061689,,,,,,,,,,,,
314458,,,,,,,,,,,,,,,,,,,,0.026042,-0.983548,1.658903,,,,,,
314464,,,,,,,,,0.027467,-0.652434,,,4.576262,0.843675,0.130251,0.064909,,,,,,,,,,,,
314469,,,,,,,,,,,,,,,,,,,,0.025933,-0.982969,1.651385,,,,,,
314473,0.025946,-0.983053,1.652760,0.036086,-0.965532,0.927514,0.154196,1.414718,0.109870,-1.304868,11.424889,12.354592,5.484096,1.254411,0.143428,0.096633,0.016632,-0.011540,-0.725246,,,,,,,,,
314479,,,,,,,,,,,,,,,,,,,,0.025766,-0.982181,1.640062,,,,,,
314483,,,,,,,,,0.054935,-1.304868,,,5.703403,1.055461,0.142380,0.100883,,,,,,,,,,,,
314488,,,,,,,,,,,,,,,,,,,,0.025613,-0.981384,1.624867,,,,,,
314493,,,,,,,,,0.109870,-1.304868,,,6.432473,1.432608,0.136087,0.099295,,,,,,,,,,,,
314499,,,,,,,,,,,,,,,,,,,,0.025467,-0.980546,1.613396,,,,,,
314503,,,,,,,,,0.109870,-1.304868,,,7.045911,1.749939,0.130829,0.098243,,,,,,,,,,,,
314509,,,,,,,,,,,,,,,,,,,,0.025405,-0.979616,1.601854,,,,,,
314513,,,,,,,,,0.109870,-1.304868,,,7.562058,2.016942,0.126440,0.097641,,,,,,,,,,,,
314518,,,,,,,,,,,,,,,,,,,,0.025309,-0.978462,1.594144,,,,,,
314524,0.025344,-0.978618,1.599063,0.041276,-0.957922,1.017622,0.174004,1.673129,0.054935,0.000000,13.440366,16.119377,6.907258,2.241598,0.133891,0.097417,0.020237,-0.016510,-0.581441,,,,,,,,,
314529,,,,,,,,,,,,,,,,,,,,0.025127,-0.977186,1.582504,,,,,,
314533,,,,,,,,,0.192272,-1.957303,,,8.534482,2.975167,0.138755,0.130358,,,,,,,,,,,,
314538,,,,,,,,,,,,,,,,,,,,0.025059,-0.976009,1.570793,,,,,,
314543,,,,,,,,,0.137337,-0.652434,,,8.814542,3.592391,0.136880,0.126691,,,,,,,,,,,,
314548,,,,,,,,,,,,,,,,,,,,0.025023,-0.974789,1.563171,,,,,,
314553,,,,,,,,,0.137337,-0.652434,,,9.050184,4.111724,0.135401,0.123899,,,,,,,,,,,,
314559,,,,,,,,,,,,,,,,,,,,0.025092,-0.973478,1.551458,,,,,,
314563,,,,,,,,,0.164805,0.000000,,,9.248453,5.093234,0.134257,0.116289,,,,,,,,,,,,
314569,,,,,,,,,,,,,,,,,,,,0.025025,-0.972147,1.547689,,,,,,
314573,0.025035,-0.971999,1.552001,0.046222,-0.948909,1.120231,0.194772,1.929920,0.137337,-0.652434,15.220293,20.101664,9.415277,5.374533,0.151549,0.156244,0.023484,-0.020749,-0.431770,,,,,,,,,
314578,,,,,,,,,,,,,,,,,,,,0.025069,-0.970490,1.543678,,,,,,
314584,,,,,,,,,0.109870,-1.304868,,,9.555642,5.066674,0.151278,0.162330,,,,,,,,,,,,
314589,,,,,,,,,,,,,,,,,,,,0.025081,-0.968581,1.539820,,,,,,
314593,,,,,,,,,0.274675,0.000000,,,10.762832,6.985815,0.140098,0.145762,,,,,,,,,,,,
314598,,,,,,,,,,,,,,,,,,,,0.025185,-0.966970,1.536009,,,,,,
314603,,,,,,,,,0.219740,0.000000,,,11.234018,8.056037,0.136183,0.137469,,,,,,,,,,,,
314608,,,,,,,,,,,,,,,,,,,,0.025156,-0.965161,1.532124,,,,,,
314613,,,,,,,,,0.192272,-0.652434,,,11.085931,8.411978,0.138491,0.136247,,,,,,,,,,,,
314619,,,,,,,,,,,,,,,,,,,,0.025209,-0.962983,1.532214,,,,,,
314626,0.025222,-0.962933,1.531137,0.050607,-0.938349,1.233966,0.216910,2.169968,0.137337,0.652434,16.533907,23.775360,10.961330,8.711467,0.153988,0.173002,0.025571,-0.024390,-0.297171,,,,,,,,,
314629,,,,,,,,,,,,,,,,,,,,0.025324,-0.960723,1.532166,,,,,,
314633,,,,,,,,,0.302142,0.652434,,,11.945578,10.597086,0.145063,0.156782,,,,,,,,,,,,
314638,,,,,,,,,,,,,,,,,,,,0.025368,-0.958380,1.536011,,,,,,
314643,,,,,,,,,0.247207,-0.652434,,,12.773724,11.094560,0.137533,0.154343,,,,,,,,,,,,
314648,,,,,,,,,,,,,,,,,,,,0.025493,-0.956042,1.539910,,,,,,
314653,,,,,,,,,0.274675,1.304868,,,12.925982,12.602221,0.136732,0.141501,,,,,,,,,,,,
314658,,,,,,,,,,,,,,,,,,,,0.025690,-0.953434,1.539786,,,,,,
314663,,,,,,,,,0.247207,0.652434,,,13.054092,13.326222,0.136147,0.136351,,,,,,,,,,,,
314668,,,,,,,,,,,,,,,,,,,,0.025845,-0.950803,1.547544,,,,,,
314673,0.025818,-0.950784,1.548904,0.054063,-0.926109,1.356197,0.241147,2.370686,0.219740,0.000000,17.230688,26.579033,13.161884,13.390855,0.142851,0.166379,0.025288,-0.027698,-0.192707,,,,,,,,,
314678,,,,,,,,,,,,,,,,,,,,0.025977,-0.948164,1.555262,,,,,,
314684,,,,,,,,,0.192272,0.652434,,,13.797124,15.078866,0.137185,0.151799,,,,,,,,,,,,
314688,,,,,,,,,,,,,,,,,,,,0.026062,-0.945402,1.559226,,,,,,
314693,,,,,,,,,0.412012,1.957303,,,13.787071,15.954616,0.137975,0.145166,,,,,,,,,,,,
314698,,,,,,,,,,,,,,,,,,,,0.026155,-0.942665,1.566982,,,,,,
314703,,,,,,,,,0.302142,0.652434,,,14.323156,16.691471,0.133195,0.139775,,,,,,,,,,,,
314708,,,,,,,,,,,,,,,,,,,,0.026188,-0.939649,1.574691,,,,,,
314713,,,,,,,,,0.302142,0.652434,,,14.774218,17.311460,0.129176,0.135429,,,,,,,,,,,,
314719,,,,,,,,,,,,,,,,,,,,0.026104,-0.936644,1.586357,,,,,,
314723,0.026087,-0.936563,1.585951,0.056186,-0.912081,1.483012,0.268514,2.505392,0.247207,0.652434,17.857779,29.041672,14.609198,17.288576,0.137747,0.162635,0.024023,-0.030467,-0.102939,,,,,,,,,
314728,,,,,,,,,,,,,,,,,,,,0.026065,-0.933480,1.594129,,,,,,
314733,,,,,,,,,0.357077,0.652434,,,15.559436,18.358408,0.128704,0.154073,,,,,,,,,,,,
314738,,,,,,,,,,,,,,,,,,,,0.026026,-0.930505,1.601833,,,,,,
314744,,,,,,,,,0.164805,1.304868,,,14.180794,17.624935,0.143226,0.163691,,,,,,,,,,,,
314749,,,,,,,,,,,,,,,,,,,,0.026033,-0.927538,1.609548,,,,,,
314753,,,,,,,,,0.494415,1.304868,,,16.288063,20.275051,0.122467,0.138943,,,,,,,,,,,,
314758,,,,,,,,,,,,,,,,,,,,0.025926,-0.924450,1.621049,,,,,,
314763,,,,,,,,,0.329610,1.304868,,,16.427490,20.326685,0.121359,0.140170,,,,,,,,,,,,
314768,,,,,,,,,,,,,,,,,,,,0.025840,-0.921181,1.628674,,,,,,
314773,0.025797,-0.921090,1.630564,0.056552,-0.896178,1.609620,0.300223,2.550949,0.274675,1.304868,18.876131,31.598324,16.000261,20.914673,0.136390,0.161993,0.023031,-0.032188,-0.020944,,,,,,,,,
314779,,,,,,,,,,,,,,,,,,,,0.025704,-0.917939,1.643828,,,,,,
314784,,,,,,,,,0.247207,0.652434,,,15.640791,20.320318,0.140632,0.170192,,,,,,,,,,,,
314788,,,,,,,,,,,,,,,,,,,,0.025652,-0.914543,1.658901,,,,,,
314793,,,,,,,,,0.466947,1.957303,,,16.971962,22.542946,0.127701,0.149777,,,,,,,,,,,,
314798,,,,,,,,,,,,,,,,,,,,0.025487,-0.911306,1.670118,,,,,,
314803,,,,,,,,,0.329610,1.304868,,,17.002922,22.779434,0.127766,0.149176,,,,,,,,,,,,
314809,,,,,,,,,,,,,,,,,,,,0.025280,-0.908108,1.685014,,,,,,
314813,,,,,,,,,0.357077,1.957303,,,17.028973,23.522959,0.127875,0.143356,,,,,,,,,,,,
314818,,,,,,,,,,,,,,,,,,,,0.024998,-0.904751,1.699800,,,,,,
314823,0.024906,-0.904632,1.702202,0.054737,-0.878346,1.731139,0.337450,2.496820,0.302142,0.652434,20.609663,34.013927,17.595434,23.059473,0.140148,0.174338,0.022151,-0.033018,0.028937,,,,,,,,,
314828,,,,,,,,,,,,,,,,,,,,0.024693,-0.901188,1.714478,,,,,,
314833,,,,,,,,,0.412012,1.957303,,,17.527512,24.303127,0.141444,0.163843,,,,,,,,,,,,
314839,,,,,,,,,,,,,,,,,,,,0.024335,-0.897540,1.729093,,,,,,
314844,,,,,,,,,0.192272,0.652434,,,16.381275,22.626822,0.153752,0.182884,,,,,,,,,,,,
314848,,,,,,,,,,,,,,,,,,,,0.023905,-0.893925,1.743591,,,,,,
314853,,,,,,,,,0.521882,3.262171,,,17.595005,25.572723,0.142218,0.155113,,,,,,,,,,,,
314858,,,,,,,,,,,,,,,,,,,,0.023338,-0.890278,1.761590,,,,,,
314863,,,,,,,,,0.384545,1.304868,,,18.071693,25.873232,0.137958,0.153736,,,,,,,,,,,,
314868,,,,,,,,,,,,,,,,,,,,0.022772,-0.886598,1.775897,,,,,,
314873,0.022686,-0.886519,1.775187,0.050341,-0.858555,1.843410,0.381071,2.349868,0.357077,0.652434,23.077847,36.690395,18.472780,25.581535,0.159550,0.185639,0.021769,-0.032755,0.068223,,,,,,,,,
314878,,,,,,,,,,,,,,,,,,,,0.022253,-0.882594,1.793651,,,,,,
314884,,,,,,,,,0.247207,1.957303,,,17.176624,24.791559,0.173692,0.195919,,,,,,,,,,,,
314888,,,,,,,,,,,,,,,,,,,,0.021472,-0.878701,1.811318,,,,,,
314893,,,,,,,,,0.576817,3.262172,,,18.808756,27.938677,0.158225,0.166198,,,,,,,,,,,,
314898,,,,,,,,,,,,,,,,,,,,0.020733,-0.875016,1.828856,,,,,,
314903,,,,,,,,,0.439480,1.304869,,,19.092943,28.408487,0.156180,0.163156,,,,,,,,,,,,
314908,,,,,,,,,,,,,,,,,,,,0.019875,-0.871186,1.849722,,,,,,
314913,,,,,,,,,0.357077,1.957303,,,19.332060,28.259243,0.154538,0.166335,,,,,,,,,,,,
314918,,,,,,,,,,,,,,,,,,,,0.018733,-0.867085,1.867017,,,,,,
314923,0.018690,-0.867265,1.867523,0.043016,-0.836799,1.943517,0.431431,2.131246,0.384545,1.304868,26.657295,39.503204,19.533253,28.133669,0.189745,0.197993,0.022022,-0.032171,0.075994,,,,,,,,,
314929,,,,,,,,,,,,,,,,,,,,0.017524,-0.862875,1.880684,,,,,,
314933,,,,,,,,,0.466947,1.957303,,,20.247078,29.117098,0.183889,0.190236,,,,,,,,,,,,
314938,,,,,,,,,,,,,,,,,,,,0.016384,-0.858699,1.897788,,,,,,
314944,,,,,,,,,0.274675,1.304868,,,19.214062,27.766382,0.195708,0.206090,,,,,,,,,,,,
314949,,,,,,,,,,,,,,,,,,,,0.015304,-0.854779,1.914762,,,,,,
314953,,,,,,,,,0.686687,1.957303,,,22.156685,30.986235,0.167182,0.175595,,,,,,,,,,,,
314959,,,,,,,,,,,,,,,,,,,,0.014083,-0.850824,1.931718,,,,,,
314963,,,,,,,,,0.466947,1.957303,,,22.454433,30.972702,0.165045,0.177437,,,,,,,,,,,,
314968,,,,,,,,,,,,,,,,,,,,0.012512,-0.846559,1.945109,,,,,,
314973,0.012369,-0.846452,1.946810,0.032488,-0.813093,2.029841,0.488215,1.867745,0.357077,0.652434,31.102810,43.011490,22.160416,30.416773,0.214228,0.220598,0.023640,-0.030963,0.083031,,,,,,,,,
314978,,,,,,,,,,,,,,,,,,,,0.010874,-0.842158,1.961829,,,,,,
314983,,,,,,,,,0.576817,1.957303,,,23.546659,32.127186,0.201877,0.205670,,,,,,,,,,,,
314988,,,,,,,,,,,,,,,,,,,,0.009273,-0.837693,1.978392,,,,,,
314993,,,,,,,,,0.494415,1.304868,,,24.168501,32.477242,0.197046,0.204277,,,,,,,,,,,,
314998,,,,,,,,,,,,,,,,,,,,0.007591,-0.833129,1.991648,,,,,,
315004,,,,,,,,,0.274675,1.304868,,,22.513546,30.593605,0.215313,0.225597,,,,,,,,,,,,
315009,,,,,,,,,,,,,,,,,,,,0.005971,-0.828666,2.008102,,,,,,
315013,,,,,,,,,0.769089,1.304867,,,26.021957,33.909603,0.181245,0.194257,,,,,,,,,,,,
315018,,,,,,,,,,,,,,,,,,,,0.004021,-0.823973,2.021190,,,,,,
315023,0.003438,-0.822899,2.020420,0.018590,-0.787464,2.101796,0.550428,1.583408,0.439480,1.304869,36.084671,46.738003,25.706675,33.432423,0.236292,0.238955,0.025328,-0.029048,0.081377,,,,,,,,,
315029,,,,,,,,,,,,,,,,,,,,0.001831,-0.819046,2.034207,,,,,,
315033,,,,,,,,,0.631752,1.957303,,,27.075024,35.209099,0.224411,0.223494,,,,,,,,,,,,
315038,,,,,,,,,,,,,,,,,,,,-0.000410,-0.814142,2.047207,,,,,,
315044,,,,,,,,,0.302142,0.652434,,,28.226353,36.703995,0.214469,0.210552,,,,,,,,,,,,
315049,,,,,,,,,,,,,,,,,,,,-0.002747,-0.809483,2.063410,,,,,,
315053,,,,,,,,,0.824024,2.609737,,,28.105995,36.328167,0.217268,0.216392,,,,,,,,,,,,
315059,,,,,,,,,,,,,,,,,,,,-0.005052,-0.804707,2.076261,,,,,,
315063,,,,,,,,,0.576817,0.652434,,,29.093813,36.556488,0.208788,0.216145,,,,,,,,,,,,
315069,,,,,,,,,,,,,,,,,,,,-0.007572,-0.799556,2.092266,,,,,,
315073,-0.007742,-0.799356,2.088973,0.001279,-0.759946,2.159439,0.616463,1.295081,0.494415,1.304868,42.293682,51.317509,28.835876,36.204056,0.276149,0.268487,0.029768,-0.027356,0.070466,,,,,,,,,
315079,,,,,,,,,,,,,,,,,,,,-0.010342,-0.794386,2.101847,,,,,,
315083,,,,,,,,,0.741622,0.652433,,,30.797022,38.085693,0.258837,0.252317,,,,,,,,,,,,
315088,,,,,,,,,,,,,,,,,,,,-0.013162,-0.789240,2.114582,,,,,,
315093,,,,,,,,,0.631752,1.957303,,,31.902586,39.124359,0.249860,0.244369,,,,,,,,,,,,
315099,,,,,,,,,,,,,,,,,,,,-0.016030,-0.783895,2.127277,,,,,,
315105,,,,,,,,,0.412012,0.652434,,,30.654634,37.275578,0.264667,0.265665,,,,,,,,,,,,
315109,,,,,,,,,,,,,,,,,,,,-0.019323,-0.778340,2.139920,,,,,,
315113,,,,,,,,,0.906427,0.652435,,,34.505497,40.620899,0.227716,0.234352,,,,,,,,,,,,
315118,,,,,,,,,,,,,,,,,,,,-0.022736,-0.772846,2.146238,,,,,,
315123,-0.023421,-0.771802,2.144168,-0.019342,-0.730565,2.203128,0.684239,1.011930,0.576817,1.957303,48.154312,55.468433,33.933811,40.712936,0.294883,0.277892,0.032429,-0.025796,0.058960,,,,,,,,,
315128,,,,,,,,,,,,,,,,,,,,-0.026400,-0.767269,2.155686,,,,,,
315133,,,,,,,,,0.796557,0.652434,,,36.175510,42.424007,0.274862,0.263390,,,,,,,,,,,,
315138,,,,,,,,,,,,,,,,,,,,-0.029926,-0.761747,2.165092,,,,,,
315143,,,,,,,,,0.769089,0.000000,,,37.517132,43.319160,0.263573,0.256868,,,,,,,,,,,,
315149,,,,,,,,,,,,,,,,,,,,-0.033712,-0.755806,2.174491,,,,,,
315153,,,,,,,,,0.741622,1.957302,,,38.645973,44.072342,0.254187,0.251615,,,,,,,,,,,,
315158,,,,,,,,,,,,,,,,,,,,-0.037459,-0.749964,2.180750,,,,,,
315164,,,,,,,,,0.384545,0.000000,,,36.328518,41.438808,0.279726,0.280757,,,,,,,,,,,,
315168,,,,,,,,,,,,,,,,,,,,-0.041667,-0.743731,2.190079,,,,,,
315173,-0.041015,-0.744735,2.186226,-0.043016,-0.699341,2.233263,0.751366,0.737018,0.988829,0.000000,54.894497,60.421112,40.368587,44.668385,0.309633,0.301138,0.038220,-0.024573,0.047037,,,,,,,,,
315178,,,,,,,,,,,,,,,,,,,,-0.046077,-0.737277,2.196286,,,,,,
315183,,,,,,,,,0.878959,1.304869,,,42.134274,46.841209,0.294528,0.282126,,,,,,,,,,,,
315189,,,,,,,,,,,,,,,,,,,,-0.050536,-0.730825,2.205558,,,,,,
315193,,,,,,,,,0.851492,0.652435,,,43.619919,48.124878,0.281926,0.271749,,,,,,,,,,,,
315198,,,,,,,,,,,,,,,,,,,,-0.054870,-0.724671,2.211812,,,,,,
315205,,,,,,,,,0.466947,0.652434,,,45.414486,49.749500,0.265877,0.257637,,,,,,,,,,,,
315208,,,,,,,,,,,,,,,,,,,,-0.059668,-0.717924,2.217976,,,,,,
315213,,,,,,,,,1.181102,0.652433,,,45.290806,49.482826,0.269034,0.262491,,,,,,,,,,,,
315218,,,,,,,,,,,,,,,,,,,,-0.064527,-0.711159,2.224149,,,,,,
315223,-0.065482,-0.709979,2.223701,-0.069324,-0.666276,2.250128,0.815337,0.469350,0.686687,0.652435,59.747742,62.973316,44.642197,48.713905,0.327074,0.298554,0.037048,-0.023497,0.026427,,,,,,,,,
315229,,,,,,,,,,,,,,,,,,,,-0.069465,-0.704467,2.230292,,,,,,
315233,,,,,,,,,0.988829,0.000000,,,47.363716,50.789650,0.302335,0.280233,,,,,,,,,,,,
315238,,,,,,,,,,,,,,,,,,,,-0.074771,-0.697512,2.233370,,,,,,
315243,,,,,,,,,0.906427,0.652435,,,48.564514,51.991638,0.292564,0.270410,,,,,,,,,,,,
315249,,,,,,,,,,,,,,,,,,,,-0.079944,-0.690771,2.239572,,,,,,
315253,,,,,,,,,0.906427,0.652435,,,49.574867,52.458450,0.284495,0.267845,,,,,,,,,,,,
315259,,,,,,,,,,,,,,,,,,,,-0.085321,-0.683935,2.242646,,,,,,
315264,,,,,,,,,0.494415,0.000000,,,46.613174,49.583965,0.316739,0.299268,,,,,,,,,,,,
315268,,,,,,,,,,,,,,,,,,,,-0.090669,-0.677115,2.242683,,,,,,
315273,-0.089818,-0.678227,2.241090,-0.097694,-0.631358,2.253808,0.873734,0.205556,1.181102,-0.652433,65.734627,66.885117,51.200268,53.155350,0.333644,0.305418,0.041621,-0.022944,0.012718,,,,,,,,,
315278,,,,,,,,,,,,,,,,,,,,-0.096151,-0.669877,2.245693,,,,,,
315283,,,,,,,,,1.098699,0.000000,,,53.970764,55.615768,0.308292,0.283067,,,,,,,,,,,,
315289,,,,,,,,,,,,,,,,,,,,-0.101744,-0.662798,2.245693,,,,,,
315293,,,,,,,,,0.961362,-0.652434,,,54.668228,56.052334,0.303530,0.280868,,,,,,,,,,,,
315298,,,,,,,,,,,,,,,,,,,,-0.107509,-0.655335,2.245693,,,,,,
315303,,,,,,,,,0.961362,0.652434,,,55.799618,56.964203,0.294203,0.273734,,,,,,,,,,,,
315308,,,,,,,,,,,,,,,,,,,,-0.113464,-0.647797,2.242599,,,,,,
315313,,,,,,,,,0.961362,-0.652434,,,56.207027,57.186909,0.292035,0.273446,,,,,,,,,,,,
315324,-0.112863,-0.648654,2.245208,-0.127408,-0.594558,2.244148,0.924442,-0.058893,0.521882,0.652434,,,52.738018,53.562489,0.329324,0.312355,,,,,,,,,,,,
315327,,,,,,,,,,,72.728668,71.702469,,,,,0.051335,-0.022419,-0.001060,-0.124920,-0.632941,2.236448,,,,,,
315333,,,,,,,,,1.126167,0.652435,,,55.264626,55.958336,0.377491,0.339719,,,,,,,,,,,,
315338,,,,,,,,,,,,,,,,,,,,-0.130973,-0.625262,2.236449,,,,,,
315343,,,,,,,,,1.043764,-1.304868,,,57.390511,57.429657,0.359300,0.327860,,,,,,,,,,,,
315353,,,,,,,,,1.043764,0.000000,,,58.634689,58.667625,0.349677,0.318088,,,,,,,,,,,,
315363,,,,,,,,,1.098699,0.000000,,,60.226082,59.709251,0.336264,0.310070,,,,,,,,,,,,
315368,,,,,,,,,,,,,,,,,,,,-0.149529,-0.601588,2.224205,,,,,,
315373,-0.149325,-0.601932,2.225965,-0.157629,-0.555840,2.220766,0.965863,-0.328791,0.906427,-0.652435,73.419418,70.716438,59.931454,59.496590,0.348815,0.304580,0.041608,-0.021499,-0.005198,,,,,,,,,
315379,,,,,,,,,,,,,,,,,,,,-0.155854,-0.593217,2.218040,,,,,,
315384,,,,,,,,,0.796557,-0.652434,,,63.495354,63.129459,0.315161,0.269769,,,,,,,,,,,,
315388,,,,,,,,,,,,,,,,,,,,-0.162490,-0.584157,2.214885,,,,,,
315393,,,,,,,,,1.483244,0.000000,,,63.226761,62.374355,0.319885,0.278988,,,,,,,,,,,,
315398,,,,,,,,,,,,,,,,,,,,-0.168775,-0.575367,2.205506,,,,,,
315403,,,,,,,,,1.071232,-1.957303,,,64.089851,62.283550,0.313120,0.281583,,,,,,,,,,,,
315409,,,,,,,,,,,,,,,,,,,,-0.175462,-0.566193,2.196196,,,,,,
315413,,,,,,,,,1.098699,0.000000,,,64.816055,63.296234,0.307579,0.272940,,,,,,,,,,,,
315418,,,,,,,,,,,,,,,,,,,,-0.181729,-0.557567,2.190001,,,,,,
315424,-0.180549,-0.559276,2.193017,-0.187428,-0.515167,2.183103,0.997115,-0.608380,0.604285,0.000000,75.754433,71.295197,,,,,0.039851,-0.020119,-0.009913,,,,,,,,,
315427,,,,,,,,,,,,,65.427086,64.148308,0.326884,0.271636,,,,-0.187846,-0.548812,2.180722,,,,,,
315433,,,,,,,,,1.236036,-0.652434,,,63.218491,61.053440,0.351477,0.304633,,,,,,,,,,,,
315439,,,,,,,,,,,,,,,,,,,,-0.194261,-0.540228,2.171418,,,,,,
315442,,,,,,,,,1.126167,-1.957302,,,64.627441,61.716679,0.339613,0.299917,,,,-0.194261,-0.540228,2.171418,,,,,,
315446,,,,,,,,,,,,,,,,,,,,-0.194261,-0.540228,2.171418,,,,,,
315453,,,,,,,,,1.098699,0.000000,,,65.812927,62.819267,0.329747,0.290586,,,,,,,,,,,,
315456,,,,,,,,,,,,,,,,,,,,-0.194261,-0.540228,2.171418,,,,,,
315460,,,,,,,,,,,,,,,,,,,,-0.194261,-0.540228,2.171418,,,,,,
315463,,,,,,,,,1.236037,-1.957302,,,66.810394,63.746986,0.321561,0.282818,,,,-0.200605,-0.531235,2.161943,,,,,,
315466,,,,,,,,,,,,,,,,,,,,-0.207284,-0.521747,2.149377,,,,,,
315469,,,,,,,,,,,,,,,,,,,,-0.213418,-0.512437,2.136789,,,,,,
315473,-0.213487,-0.512019,2.133302,-0.215816,-0.472513,2.130534,1.018201,-0.900315,0.878959,-1.304869,76.150818,70.620865,67.105118,62.349396,0.324387,0.291705,0.034661,-0.019099,-0.002769,,,,,,,,,
315479,,,,,,,,,,,,,,,,,,,,-0.219634,-0.502663,2.120955,,,,,,
315484,,,,,,,,,1.373374,0.000000,,,69.531273,65.529808,0.301449,0.260919,,,,,,,,,,,,
315489,,,,,,,,,,,,,,,,,,,,-0.225681,-0.492720,2.104990,,,,,,
315493,,,,,,,,,1.043764,-1.304868,,,69.394470,64.938553,0.304168,0.267968,,,,,,,,,,,,
315499,,,,,,,,,,,,,,,,,,,,-0.231687,-0.482801,2.095415,,,,,,
315503,,,,,,,,,1.098699,-1.304869,,,70.368446,65.530151,0.295585,0.263071,,,,,,,,,,,,
315509,,,,,,,,,,,,,,,,,,,,-0.237228,-0.472949,2.082658,,,,,,
315513,,,,,,,,,1.153634,-1.304868,,,71.187950,66.027924,0.288383,0.259011,,,,,,,,,,,,
315519,,,,,,,,,,,,,,,,,,,,-0.242810,-0.463249,2.066587,,,,,,
315524,-0.241720,-0.465073,2.069448,-0.241790,-0.427879,2.062584,1.030132,-1.204116,0.631752,-0.652435,77.258102,69.898369,,,,,0.032699,-0.017726,-0.006864,,,,,,,,,
315527,,,,,,,,,,,,,70.788399,66.446747,0.304745,0.248289,,,,-0.248350,-0.453508,2.053720,,,,,,
315533,,,,,,,,,1.263504,-1.304869,,,67.729500,62.987347,0.337240,0.284265,,,,,,,,,,,,
315538,,,,,,,,,,,,,,,,,,,,-0.253867,-0.443023,2.037468,,,,,,
315543,,,,,,,,,1.071232,-0.652434,,,68.423004,63.343864,0.332072,0.282011,,,,,,,,,,,,
315549,,,,,,,,,,,,,,,,,,,,-0.259202,-0.432595,2.024416,,,,,,
315553,,,,,,,,,1.181102,-3.262171,,,70.095596,63.643841,0.316778,0.280262,,,,,,,,,,,,
315559,,,,,,,,,,,,,,,,,,,,-0.264646,-0.422234,2.004755,,,,,,
315563,,,,,,,,,1.153634,-1.304868,,,71.502922,64.440781,0.303856,0.273384,,,,,,,,,,,,
315569,,,,,,,,,,,,,,,,,,,,-0.269631,-0.412313,1.988320,,,,,,
315573,-0.269459,-0.412413,1.989657,-0.264368,-0.381303,1.979239,1.034954,-1.514084,0.988829,-1.304868,76.699272,67.485008,70.508873,63.477699,0.309446,0.259682,0.026350,-0.017304,-0.010419,,,,,,,,,
315579,,,,,,,,,,,,,,,,,,,,-0.274622,-0.401989,1.971804,,,,,,
315584,,,,,,,,,0.796557,-0.652434,,,67.494301,61.033733,0.341433,0.285412,,,,,,,,,,,,
315589,,,,,,,,,,,,,,,,,,,,-0.279005,-0.391669,1.955223,,,,,,
315593,,,,,,,,,1.483244,-1.304866,,,72.036903,65.511902,0.296939,0.241025,,,,,,,,,,,,
315599,,,,,,,,,,,,,,,,,,,,-0.283386,-0.381254,1.935109,,,,,,
315603,,,,,,,,,1.153634,-2.609736,,,72.591789,65.468025,0.292212,0.241867,,,,,,,,,,,,
315609,,,,,,,,,,,,,,,,,,,,-0.287976,-0.370317,1.914865,,,,,,
315613,,,,,,,,,1.126167,-0.652435,,,73.058670,65.431107,0.288271,0.242647,,,,,,,,,,,,
315619,,,,,,,,,,,,,,,,,,,,-0.292196,-0.358612,1.897790,,,,,,
315624,-0.291254,-0.360535,1.894554,-0.282634,-0.332870,1.881369,1.035660,-1.816961,0.659220,-2.609737,,,,,,,,,,,,,,,,,,
315627,,,,,,,,,,,76.818077,65.838943,73.451508,66.489136,0.286204,0.215476,0.023486,-0.016973,-0.013186,-0.295998,-0.347429,1.877257,,,,,,
315633,,,,,,,,,1.236036,0.652434,,,69.425690,62.478470,0.327941,0.256255,,,,,,,,,,,,
315639,,,,,,,,,,,,,,,,,,,,-0.299717,-0.336399,1.856433,,,,,,
315643,,,,,,,,,1.126167,-3.262170,,,70.394714,62.915699,0.319535,0.252468,,,,,,,,,,,,
315648,,,,,,,,,,,,,,,,,,,,-0.303321,-0.325239,1.835495,,,,,,
315653,,,,,,,,,1.126167,-3.262170,,,71.754593,62.739040,0.306949,0.254854,,,,,,,,,,,,
315659,,,,,,,,,,,,,,,,,,,,-0.306751,-0.314070,1.814431,,,,,,
315663,,,,,,,,,1.126167,-0.652435,,,72.354256,63.679485,0.301845,0.245882,,,,-0.306751,-0.314070,1.814431,,,,,,
315668,,,,,,,,,,,,,,,,,,,,-0.309943,-0.303053,1.786080,,,,,,
315673,-0.309778,-0.303365,1.792449,-0.295777,-0.282723,1.771137,1.035924,-2.090684,0.961362,-1.957303,76.024010,63.032505,71.225182,62.292603,0.306155,0.231834,0.017059,-0.018197,-0.021312,,,,,,,,,
315678,,,,,,,,,,,,,,,,,,,,-0.312583,-0.292065,1.761247,,,,,,
315684,,,,,,,,,0.796557,-1.957302,,,68.641548,59.492050,0.333468,0.260548,,,,,,,,,,,,
315689,,,,,,,,,,,,,,,,,,,,-0.315101,-0.281057,1.732356,,,,,,
315693,,,,,,,,,1.510712,-1.957302,,,73.546745,64.214729,0.284912,0.213084,,,,,,,,,,,,
315698,,,,,,,,,,,,,,,,,,,,-0.317175,-0.270247,1.703342,,,,,,
315703,,,,,,,,,1.153634,-3.914605,,,74.406715,63.832043,0.276635,0.216751,,,,,,,,,,,,
315708,,,,,,,,,,,,,,,,,,,,-0.318996,-0.259338,1.677490,,,,,,
315713,,,,,,,,,1.071232,-1.957303,,,74.585747,63.510052,0.275133,0.219876,,,,,,,,,,,,
315718,,,,,,,,,,,,,,,,,,,,-0.320427,-0.248874,1.647629,,,,,,
315724,-0.320613,-0.250039,1.678927,-0.303126,-0.231065,1.652183,1.039616,-2.306379,0.851492,4.567039,76.992767,62.461964,69.290955,63.239128,0.329427,0.222544,0.016976,-0.019432,-0.026744,,,,,,,,,
315728,,,,,,,,,,,,,,,,,,,,-0.321741,-0.237892,1.617232,,,,,,
315733,,,,,,,,,1.098699,-5.219474,,,71.370438,62.466629,0.319444,0.224562,,,,,,,,,,,,
315738,,,,,,,,,,,,,,,,,,,,-0.322749,-0.226764,1.586377,,,,,,
315743,,,,,,,,,1.153634,-3.914605,,,72.575569,61.816647,0.308277,0.231191,,,,,,,,,,,,
315749,,,,,,,,,,,,,,,,,,,,-0.323267,-0.215309,1.555445,,,,,,
315753,,,,,,,,,1.071232,-3.262170,,,73.045021,61.269753,0.304372,0.236899,,,,,,,,,,,,
315758,,,,,,,,,,,,,,,,,,,,-0.323330,-0.204398,1.524425,,,,,,
315763,,,,,,,,,1.043764,-3.914604,,,73.440018,60.809597,0.301132,0.241831,,,,,,,,,,,,
315768,,,,,,,,,,,,,,,,,,,,-0.323168,-0.193174,1.486505,,,,,,
315773,-0.323000,-0.193567,1.486234,-0.304178,-0.178150,1.529356,1.050156,-2.435374,0.906427,-1.957303,75.609367,65.073357,72.138741,59.333336,0.301005,0.283855,0.016952,-0.017452,0.043122,,,,,,,,,
315779,,,,,,,,,,,,,,,,,,,,-0.322705,-0.182474,1.449350,,,,,,
315784,,,,,,,,,0.796557,-1.957302,,,69.410217,57.002125,0.329530,0.308782,,,,,,,,,,,,
315788,,,,,,,,,,,,,,,,,,,,-0.321917,-0.171714,1.416282,,,,,,
315793,,,,,,,,,1.483244,-1.304866,,,73.648956,61.575161,0.287535,0.263751,,,,,,,,,,,,
315798,,,,,,,,,,,,,,,,,,,,-0.320750,-0.161416,1.380323,,,,,,
315803,,,,,,,,,1.126167,-4.567039,,,74.492714,61.611111,0.279321,0.264084,,,,,,,,,,,,
315809,,,,,,,,,,,,,,,,,,,,-0.319423,-0.150801,1.351993,,,,,,
315813,,,,,,,,,1.071232,-0.652434,,,74.113571,61.641357,0.283411,0.264468,,,,,,,,,,,,
315819,,,,,,,,,,,,,,,,,,,,-0.317564,-0.140210,1.327081,,,,,,
315823,-0.317524,-0.140220,1.337702,-0.298624,-0.124283,1.407965,1.069807,-2.459647,0.906427,-3.262171,76.635826,67.938110,72.705467,60.033176,0.308543,0.310778,0.019872,-0.014707,0.070263,,,,,,,,,
315828,,,,,,,,,,,,,,,,,,,,-0.315349,-0.128504,1.291893,,,,,,
315833,,,,,,,,,1.263504,-1.304869,,,74.243408,61.947315,0.293642,0.292835,,,,,,,,,,,,
315838,,,,,,,,,,,,,,,,,,,,-0.312528,-0.117540,1.271179,,,,,,
315844,,,,,,,,,0.549350,-1.304868,,,68.458366,57.567894,0.353128,0.338703,,,,,,,,,,,,
315848,,,,,,,,,,,,,,,,,,,,-0.309541,-0.106615,1.247173,,,,,,
315853,,,,,,,,,1.510711,-0.652434,,,72.848068,62.595741,0.309988,0.289493,,,,,,,,,,,,
315858,,,,,,,,,,,,,,,,,,,,-0.306416,-0.096160,1.226808,,,,,,
315863,,,,,,,,,1.126167,-3.262170,,,73.274307,63.014370,0.306398,0.286292,,,,,,,,,,,,
315868,,,,,,,,,,,,,,,,,,,,-0.303093,-0.086041,1.209936,,,,,,
315873,-0.302854,-0.086090,1.206980,-0.286359,-0.069802,1.292821,1.099179,-2.379698,0.933894,0.000000,77.830612,70.924774,71.454773,62.277519,0.337817,0.325256,0.021091,-0.009620,0.085841,,,,,,,,,
315879,,,,,,,,,,,,,,,,,,,,-0.299546,-0.075850,1.189921,,,,,,
315885,,,,,,,,,0.878959,-1.304869,,,69.379272,60.568443,0.360262,0.344418,,,,,,,,,,,,
315888,,,,,,,,,,,,,,,,,,,,-0.295502,-0.065171,1.176592,,,,,,
315893,,,,,,,,,1.373374,-1.304869,,,72.533836,64.031319,0.329776,0.311168,,,,,,,,,,,,
315899,,,,,,,,,,,,,,,,,,,,-0.291340,-0.054197,1.156737,,,,,,
315903,,,,,,,,,1.153634,-1.304868,,,73.009911,64.766808,0.325979,0.305045,,,,,,,,,,,,
315908,,,,,,,,,,,,,,,,,,,,-0.286982,-0.043409,1.143455,,,,,,
315913,,,,,,,,,1.208569,0.000000,,,73.410477,65.930191,0.322857,0.294410,,,,,,,,,,,,
315918,,,,,,,,,,,,,,,,,,,,-0.282280,-0.032872,1.130310,,,,,,
315923,-0.282174,-0.032609,1.136744,-0.267492,-0.015055,1.187536,1.137106,-2.213955,0.988829,-1.304868,81.302567,73.084129,72.113884,65.275429,0.372381,0.324113,0.022101,-0.005938,0.050792,,,,,,,,,
315928,,,,,,,,,,,,,,,,,,,,-0.277446,-0.022287,1.117186,,,,,,
315933,,,,,,,,,1.400841,-1.957302,,,74.834740,67.991776,0.346466,0.297968,,,,,,,,,,,,
315938,,,,,,,,,,,,,,,,,,,,-0.272728,-0.011848,1.107510,,,,,,
315944,,,,,,,,,0.631752,-0.652435,,,70.044998,63.198246,0.396615,0.347880,,,,,,,,,,,,
315948,,,,,,,,,,,,,,,,,,,,-0.267500,-0.000928,1.091162,,,,,,
315953,,,,,,,,,1.565646,-1.957302,,,74.727608,67.877663,0.351103,0.302127,,,,,,,,,,,,
315959,,,,,,,,,,,,,,,,,,,,-0.261893,0.010178,1.081461,,,,,,
315963,,,,,,,,,1.181102,-0.652433,,,75.400291,68.547661,0.345557,0.296335,,,,,,,,,,,,
315968,,,,,,,,,,,,,,,,,,,,-0.256122,0.021295,1.071789,,,,,,
315973,-0.256139,0.021228,1.074503,-0.242338,0.039614,1.094313,1.180947,-1.990211,1.071232,-1.957303,84.751434,75.629112,74.877205,67.477768,0.387251,0.334114,0.022740,-0.003381,0.019810,,,,,,,,,
315978,,,,,,,,,,,,,,,,,,,,-0.250338,0.031729,1.055736,,,,,,
315984,,,,,,,,,0.851492,-0.652435,,,71.714363,64.943932,0.421487,0.361589,,,,,,,,,,,,
315988,,,,,,,,,,,,,,,,,,,,-0.244679,0.041941,1.043004,,,,,,
315993,,,,,,,,,1.675516,-3.262171,,,77.765839,69.891022,0.362370,0.313266,,,,,,,,,,,,
315998,,,,,,,,,,,,,,,,,,,,-0.238458,0.052543,1.027027,,,,,,
316003,,,,,,,,,1.236036,-0.652434,,,78.501205,70.786247,0.356266,0.305282,,,,,,,,,,,,
316009,,,,,,,,,,,,,,,,,,,,-0.232372,0.063196,1.008010,,,,,,
316013,,,,,,,,,1.236037,-1.957302,,,79.119942,70.994949,0.351205,0.304122,,,,,,,,,,,,
316018,,,,,,,,,,,,,,,,,,,,-0.226066,0.074338,0.992295,,,,,,
316023,-0.225906,0.074318,0.990988,-0.211411,0.093892,1.014172,1.227133,-1.735439,1.098699,-1.304869,87.209366,79.818680,78.006920,70.081459,0.388755,0.357100,0.024316,-0.001402,0.023183,,,,,,,,,
316028,,,,,,,,,,,,,,,,,,,,-0.219300,0.085515,0.976589,,,,,,
316033,,,,,,,,,1.510711,-3.262170,,,81.426765,72.580109,0.355713,0.333561,,,,,,,,,,,,
316038,,,,,,,,,,,,,,,,,,,,-0.212355,0.095985,0.957875,,,,,,
316044,,,,,,,,,0.714155,0.000000,,,76.136078,68.147957,0.410835,0.380217,,,,,,,,,,,,
316049,,,,,,,,,,,,,,,,,,,,-0.205587,0.106356,0.942325,,,,,,
316053,,,,,,,,,1.702984,-1.304869,,,81.486267,73.675980,0.358477,0.326165,,,,,,,,,,,,
316059,,,,,,,,,,,,,,,,,,,,-0.198389,0.116483,0.926930,,,,,,
316063,,,,,,,,,1.373374,-1.304869,,,82.720657,74.515450,0.347031,0.318831,,,,,,,,,,,,
316068,,,,,,,,,,,,,,,,,,,,-0.190561,0.127278,0.911405,,,,,,
316073,-0.190209,0.127545,0.912616,-0.175406,0.147514,0.947350,1.271763,-1.469538,1.208569,-5.219474,88.889069,83.964798,83.759277,73.043610,0.354468,0.377195,0.024852,0.000503,0.034734,,,,,,,,,
316079,,,,,,,,,,,,,,,,,,,,-0.182673,0.137870,0.895880,,,,,,
316083,,,,,,,,,1.318439,2.609739,,,82.454994,75.617004,0.368798,0.353131,,,,,,,,,,,,
316088,,,,,,,,,,,,,,,,,,,,-0.174434,0.148806,0.880574,,,,,,
316093,,,,,,,,,1.373374,0.000000,,,82.991203,76.693176,0.364615,0.343823,,,,,,,,,,,,
316098,,,,,,,,,,,,,,,,,,,,-0.165752,0.159982,0.874470,,,,,,
316104,,,,,,,,,0.769089,-1.304867,,,77.996933,72.153236,0.416736,0.391585,,,,,,,,,,,,
316108,,,,,,,,,,,,,,,,,,,,-0.157477,0.170240,0.862257,,,,,,
316113,,,,,,,,,1.702984,-1.304869,,,82.507446,77.046021,0.372907,0.344041,,,,,,,,,,,,
316118,,,,,,,,,,,,,,,,,,,,-0.148933,0.180658,0.853128,,,,,,
316123,-0.147847,0.181710,0.852656,-0.135171,0.200281,0.893693,1.311076,-1.203944,1.181102,0.652433,89.566322,86.737961,81.401703,76.806465,0.392370,0.376154,0.022325,0.002674,0.041037,,,,,,,,,
316128,,,,,,,,,,,,,,,,,,,,-0.140571,0.190431,0.841010,,,,,,
316133,,,,,,,,,1.648049,-1.304868,,,84.827675,79.872162,0.359058,0.346870,,,,,,,,,,,,
316138,,,,,,,,,,,,,,,,,,,,-0.131478,0.200736,0.832110,,,,,,
316144,,,,,,,,,0.988829,-6.524340,,,84.443031,74.828033,0.363929,0.399694,,,,,,,,,,,,
316149,,,,,,,,,,,,,,,,,,,,-0.122484,0.211012,0.819832,,,,,,
316153,,,,,,,,,1.455776,4.567039,,,83.574852,79.296593,0.373809,0.356496,,,,,,,,,,,,
316158,,,,,,,,,,,,,,,,,,,,-0.113250,0.221150,0.813882,,,,,,
316163,,,,,,,,,1.428309,-1.304868,,,84.477997,80.333725,0.365796,0.347406,,,,,,,,,,,,
316168,,,,,,,,,,,,,,,,,,,,-0.103355,0.231788,0.801743,,,,,,
316173,-0.103005,0.231972,0.800547,-0.091679,0.252064,0.852947,1.341798,-0.943198,1.181102,0.652433,90.159775,89.882538,83.059723,79.572739,0.387333,0.388523,0.022307,0.005861,0.052400,,,,,,,,,
316178,,,,,,,,,,,,,,,,,,,,-0.093355,0.242380,0.801739,,,,,,
316183,,,,,,,,,1.648049,0.000000,,,86.222733,82.744247,0.356490,0.358236,,,,,,,,,,,,
316189,,,,,,,,,,,,,,,,,,,,-0.083390,0.252981,0.795720,,,,,,
316193,,,,,,,,,1.428309,0.000000,,,86.705917,83.779121,0.352349,0.349108,,,,,,,,,,,,
316198,,,,,,,,,,,,,,,,,,,,-0.073829,0.262883,0.792761,,,,,,
316204,,,,,,,,,0.824024,-1.304869,,,81.667038,78.659889,0.404437,0.402545,,,,,,,,,,,,
316208,,,,,,,,,,,,,,,,,,,,-0.063982,0.272844,0.786776,,,,,,
316213,,,,,,,,,1.812854,0.000000,,,86.684563,83.065262,0.354956,0.359855,,,,,,,,,,,,
316219,,,,,,,,,,,,,,,,,,,,-0.054128,0.282462,0.786836,,,,,,
316223,-0.052927,0.283679,0.787988,-0.045994,0.302814,0.824922,1.361337,-0.687325,1.236036,-0.652434,90.252991,90.179260,85.460869,82.960136,0.369084,0.365317,0.018455,0.008581,0.036935,,,,,,,,,
316229,,,,,,,,,,,,,,,,,,,,-0.044422,0.292005,0.784049,,,,,,
316233,,,,,,,,,1.648049,0.000000,,,88.243057,86.138947,0.341664,0.334337,,,,,,,,,,,,
316238,,,,,,,,,,,,,,,,,,,,-0.033820,0.302207,0.780796,,,,,,
316243,,,,,,,,,1.483244,0.000000,,,88.405823,86.635422,0.340406,0.330081,,,,,,,,,,,,
316249,,,,,,,,,,,,,,,,,,,,-0.023298,0.312496,0.780788,,,,,,
316253,,,,,,,,,1.373374,1.304869,,,87.998230,87.053154,0.344933,0.326529,,,,,,,,,,,,
316258,,,,,,,,,,,,,,,,,,,,-0.012545,0.323096,0.783792,,,,,,
316264,,,,,,,,,0.714154,-1.304868,,,81.665306,80.325577,0.409979,0.395775,,,,,,,,,,,,
316268,,,,,,,,,,,,,,,,,,,,-0.002216,0.333232,0.780754,,,,,,
316273,-0.004299,0.331138,0.775889,0.000771,0.352552,0.809583,1.367903,-0.433840,1.593114,0.000000,90.114410,91.248207,84.504929,83.377686,0.381319,0.377518,0.018617,0.011734,0.033694,,,,,,,,,
316279,,,,,,,,,,,,,,,,,,,,0.008235,0.343200,0.783745,,,,,,
316283,,,,,,,,,1.702984,1.304869,,,87.438728,87.034813,0.352516,0.341789,,,,,,,,,,,,
316289,,,,,,,,,,,,,,,,,,,,0.018898,0.353348,0.780748,,,,,,
316293,,,,,,,,,1.455776,-0.652433,,,88.273598,87.389206,0.344536,0.339017,,,,,,,,,,,,
316298,,,,,,,,,,,,,,,,,,,,0.028848,0.363288,0.783787,,,,,,
316304,,,,,,,,,0.878959,0.000000,,,82.986084,82.786499,0.398837,0.386736,,,,,,,,,,,,
316308,,,,,,,,,,,,,,,,,,,,0.038895,0.372979,0.783755,,,,,,
316313,,,,,,,,,1.675516,0.652435,,,85.616234,86.537392,0.373435,0.350170,,,,,,,,,,,,
316319,,,,,,,,,,,,,,,,,,,,0.049604,0.383440,0.783812,,,,,,
316323,0.050028,0.384046,0.785877,0.047483,0.401351,0.807081,1.360560,-0.179206,1.428309,-3.914606,87.212517,88.693939,88.373779,85.337044,0.316608,0.337302,0.010444,0.014031,0.021204,,,,,,,,,
316328,,,,,,,,,,,,,,,,,,,,0.059934,0.393516,0.786866,,,,,,
316333,,,,,,,,,1.565646,4.567039,,,87.426720,88.683418,0.326036,0.303840,,,,,,,,,,,,
316338,,,,,,,,,,,,,,,,,,,,0.070243,0.403451,0.786730,,,,,,
316343,,,,,,,,,1.400841,0.652435,,,87.718956,88.776344,0.323012,0.302894,,,,,,,,,,,,
316349,,,,,,,,,,,,,,,,,,,,0.080626,0.413607,0.789839,,,,,,
316353,,,,,,,,,1.345907,-0.652434,,,87.420296,88.309982,0.325957,0.307635,,,,,,,,,,,,
316358,,,,,,,,,,,,,,,,,,,,0.091444,0.424346,0.789783,,,,,,
316364,,,,,,,,,0.769089,0.000000,,,86.624466,86.828499,0.334033,0.322823,,,,,,,,,,,,
316369,,,,,,,,,,,,,,,,,,,,0.102170,0.435012,0.789749,,,,,,
316373,0.100075,0.433019,0.789422,0.093032,0.449321,0.817740,1.339239,0.080241,1.620581,-0.652433,83.772110,87.285957,83.776680,83.948349,0.328106,0.338212,0.006614,0.016481,0.028318,,,,,,,,,
316379,,,,,,,,,,,,,,,,,,,,0.112912,0.445833,0.789738,,,,,,
316383,,,,,,,,,1.675516,0.652435,,,86.281441,86.970428,0.302557,0.308054,,,,,,,,,,,,
316388,,,,,,,,,,,,,,,,,,,,0.123242,0.456074,0.786725,,,,,,
316393,,,,,,,,,1.373374,1.304869,,,86.210770,87.335030,0.302776,0.304399,,,,,,,,,,,,
316398,,,,,,,,,,,,,,,,,,,,0.133856,0.466640,0.783734,,,,,,
316403,,,,,,,,,1.345907,-0.652434,,,86.151314,87.097260,0.302894,0.306814,,,,,,,,,,,,
316409,,,,,,,,,,,,,,,,,,,,0.144271,0.476989,0.780784,,,,,,
316413,,,,,,,,,1.373374,0.000000,,,86.101288,86.897202,0.302929,0.308892,,,,,,,,,,,,
316418,,,,,,,,,,,,,,,,,,,,0.154739,0.487250,0.783770,,,,,,
316424,0.152425,0.484989,0.784243,0.136370,0.496580,0.842016,1.304699,0.347664,0.769089,0.000000,76.817513,84.209633,80.069214,80.738899,0.363990,0.371785,-0.003179,0.019545,0.057773,,,,,,,,,
316429,,,,,,,,,,,,,,,,,,,,0.165372,0.497271,0.786833,,,,,,
316433,,,,,,,,,1.428309,-1.304868,,,82.072891,81.547279,0.273356,0.333470,,,,,,,,,,,,
316439,,,,,,,,,,,,,,,,,,,,0.175661,0.507383,0.789816,,,,,,
316443,,,,,,,,,1.483244,1.304866,,,82.669701,83.316536,0.266218,0.315956,,,,,,,,,,,,
316448,,,,,,,,,,,,,,,,,,,,0.185710,0.517154,0.792914,,,,,,
316453,,,,,,,,,1.318439,2.609739,,,82.082771,84.260643,0.271034,0.306505,,,,,,,,,,,,
316458,,,,,,,,,,,,,,,,,,,,0.195762,0.527139,0.795822,,,,,,
316464,,,,,,,,,0.741622,-0.652433,,,81.044380,83.421387,0.280572,0.315055,,,,,,,,,,,,
316469,,,,,,,,,,,,,,,,,,,,0.205764,0.537164,0.804845,,,,,,
316473,0.203518,0.534956,0.800379,0.176540,0.543228,0.880432,1.258476,0.625162,1.510712,1.957302,69.466499,80.109848,77.992508,81.081604,0.235876,0.297261,-0.012852,0.025121,0.080053,,,,,,,,,
316478,,,,,,,,,,,,,,,,,,,,0.215810,0.547215,0.816948,,,,,,
316483,,,,,,,,,1.538179,0.000000,,,80.325554,83.469261,0.210374,0.272712,,,,,,,,,,,,
316488,,,,,,,,,,,,,,,,,,,,0.225591,0.557137,0.832067,,,,,,
316493,,,,,,,,,1.318439,2.609739,,,79.565857,84.389153,0.215951,0.262658,,,,,,,,,,,,
316499,,,,,,,,,,,,,,,,,,,,0.235274,0.567145,0.847287,,,,,,
316503,,,,,,,,,1.263504,2.609736,,,78.382111,84.074059,0.226005,0.265016,,,,,,,,,,,,
316508,,,,,,,,,,,,,,,,,,,,0.244665,0.577085,0.865706,,,,,,
316513,,,,,,,,,1.181102,3.262171,,,76.841560,83.808937,0.239935,0.266927,,,,,,,,,,,,
316518,,,,,,,,,,,,,,,,,,,,0.254226,0.587608,0.884448,,,,,,
316525,0.253145,0.586995,0.891061,0.212707,0.589321,0.933479,1.202731,0.913166,0.659220,0.000000,63.824619,73.100876,71.188995,77.595894,0.238569,0.258069,-0.023610,0.032913,0.042418,,,,,,,,,
316529,,,,,,,,,,,,,,,,,,,,0.262857,0.597458,0.902952,,,,,,
316533,,,,,,,,,1.318439,1.304869,,,71.878365,78.902756,0.230065,0.243840,,,,,,,,,,,,
316539,,,,,,,,,,,,,,,,,,,,0.270707,0.606740,0.927040,,,,,,
316543,,,,,,,,,1.181102,3.262171,,,71.369308,78.913261,0.233647,0.242572,,,,,,,,,,,,
316549,,,,,,,,,,,,,,,,,,,,0.278462,0.616192,0.948591,,,,,,
316553,,,,,,,,,1.153634,1.304868,,,70.940994,78.922104,0.236506,0.241320,,,,,,,,,,,,
316559,,,,,,,,,,,,,,,,,,,,0.285584,0.625538,0.967275,,,,,,
316563,,,,,,,,,1.208569,1.304866,,,71.125153,78.384995,0.233205,0.245634,,,,,,,,,,,,
316569,,,,,,,,,,,,,,,,,,,,0.292678,0.635194,0.985990,,,,,,
316573,0.292409,0.635202,0.983489,0.244178,0.634840,1.001475,1.140099,1.209777,0.933894,1.304869,59.093594,68.193062,68.557388,76.299446,0.209679,0.215790,-0.027027,0.039948,0.017987,,,,,,,,,
316579,,,,,,,,,,,,,,,,,,,,0.299373,0.644867,1.001650,,,,,,
316595,,,,,,,,,-0.000000,0.000000,,,54.949963,60.889156,0.345340,0.370519,,,,0.306055,0.654445,1.014362,,,,,,
316598,,,,,,,,,,,,,,,,,,,,0.312585,0.664232,1.027216,,,,,,
316603,,,,,,,,,1.373374,1.304869,,,59.303928,64.845711,0.301758,0.331623,,,,,,,,,,,,
316608,,,,,,,,,,,,,,,,,,,,0.318977,0.674052,1.039992,,,,,,
316613,,,,,,,,,1.153634,1.304868,,,60.789181,67.085663,0.286566,0.309445,,,,,,,,,,,,
316619,,,,,,,,,,,,,,,,,,,,0.325243,0.683816,1.053166,,,,,,
316624,0.324038,0.682165,1.050053,0.270425,0.679685,1.084420,1.073452,1.510112,0.686687,0.652435,,,57.682526,63.524929,0.317915,0.345986,,,,,,,,,,,,
316627,,,,,,,,,,,53.038727,64.849411,,,,,-0.028825,0.045273,0.034367,0.330929,0.692998,1.069029,,,,,,
316633,,,,,,,,,1.318439,1.304869,,,60.514019,66.518906,0.227556,0.282276,,,,,,,,,,,,
316638,,,,,,,,,,,,,,,,,,,,0.336486,0.702353,1.082008,,,,,,
316643,,,,,,,,,1.098699,2.609736,,,61.262810,67.948952,0.218424,0.267355,,,,,,,,,,,,
316649,,,,,,,,,,,,,,,,,,,,0.341630,0.711654,1.100906,,,,,,
316653,,,,,,,,,1.126167,1.957302,,,61.892841,69.152191,0.210352,0.254462,,,,,,,,,,,,
316658,,,,,,,,,,,,,,,,,,,,0.346572,0.720720,1.120382,,,,,,
316663,,,,,,,,,1.071232,1.957303,,,61.878407,69.620056,0.208729,0.248829,,,,,,,,,,,,
316668,,,,,,,,,,,,,,,,,,,,0.351483,0.730241,1.140056,,,,,,
316673,0.351226,0.730209,1.140707,0.291094,0.723659,1.181844,1.005623,1.806151,0.933894,1.304869,47.189583,60.954872,60.777176,68.924629,0.158532,0.215244,-0.031026,0.051924,0.041137,,,,,,,,,
316679,,,,,,,,,,,,,,,,,,,,0.356304,0.739551,1.166567,,,,,,
316684,,,,,,,,,0.961362,-3.262171,,,62.028770,66.161324,0.143048,0.241836,,,,,,,,,,,,
316689,,,,,,,,,,,,,,,,,,,,0.361231,0.749987,1.186410,,,,,,
316693,,,,,,,,,1.071232,5.871908,,,60.359146,68.737167,0.157111,0.214521,,,,,,,,,,,,
316698,,,,,,,,,,,,,,,,,,,,0.365671,0.760367,1.209853,,,,,,
316703,,,,,,,,,0.961362,3.262171,,,58.954327,68.726311,0.168806,0.213076,,,,,,,,,,,,
316709,,,,,,,,,,,,,,,,,,,,0.369832,0.770697,1.233514,,,,,,
316713,,,,,,,,,0.988829,2.609737,,,58.316853,68.717171,0.172955,0.211615,,,,,,,,,,,,
316719,,,,,,,,,,,,,,,,,,,,0.374024,0.781477,1.261090,,,,,,
316723,0.373594,0.781049,1.261928,0.306009,0.766472,1.292727,0.939124,2.087376,0.769089,2.609737,41.688957,56.277874,55.602310,66.531311,0.142312,0.184652,-0.034432,0.059956,0.030798,,,,,,,,,
316729,,,,,,,,,,,,,,,,,,,,0.377803,0.791979,1.292533,,,,,,
316733,,,,,,,,,1.043764,2.609737,,,55.496468,67.414841,0.140609,0.173590,,,,,,,,,,,,
316744,,,,,,,,,0.412012,1.957303,,,54.318325,67.069160,0.149864,0.174888,,,,0.381364,0.802533,1.317714,,,,,,
316749,,,,,,,,,,,,,,,,,,,,0.384279,0.811511,1.346006,,,,,,
316753,,,,,,,,,1.208569,3.914605,,,51.693405,64.600128,0.174113,0.197914,,,,,,,,,,,,
316758,,,,,,,,,,,,,,,,,,,,0.386774,0.820174,1.370478,,,,,,
316763,,,,,,,,,0.906427,3.262171,,,51.662971,64.156319,0.172422,0.200777,,,,,,,,,,,,
316769,,,,,,,,,,,,,,,,,,,,0.389212,0.828381,1.395508,,,,,,
316773,0.388768,0.828112,1.397973,0.315165,0.807746,1.415535,0.875893,2.342718,0.686687,1.957303,37.928333,53.136650,49.459190,62.149265,0.154547,0.187632,-0.032720,0.069004,0.017562,,,,,,,,,
316779,,,,,,,,,,,,,,,,,,,,0.391120,0.836412,1.420596,,,,,,
316784,,,,,,,,,0.631752,1.957303,,,47.060387,59.371445,0.176709,0.214164,,,,,,,,,,,,
316789,,,,,,,,,,,,,,,,,,,,0.392592,0.844435,1.446130,,,,,,
316793,,,,,,,,,1.181102,3.262171,,,49.942924,62.479618,0.145481,0.181213,,,,,,,,,,,,
316799,,,,,,,,,,,,,,,,,,,,0.393876,0.852255,1.468360,,,,,,
316803,,,,,,,,,0.769089,2.609737,,,48.556488,61.283035,0.157220,0.191550,,,,,,,,,,,,
316809,,,,,,,,,,,,,,,,,,,,0.394960,0.860540,1.494652,,,,,,
316813,,,,,,,,,0.769089,2.609737,,,47.389942,60.276230,0.166993,0.200190,,,,,,,,,,,,
316819,,,,,,,,,,,,,,,,,,,,0.395885,0.868454,1.521093,,,,,,
316823,0.395637,0.868277,1.521705,0.318725,0.847050,1.548437,0.817157,2.563491,0.631752,1.957303,35.617359,52.442234,45.319324,58.340015,0.162649,0.211428,-0.024975,0.075777,0.026732,,,,,,,,,
316829,,,,,,,,,,,,,,,,,,,,0.396458,0.876566,1.544492,,,,,,
316833,,,,,,,,,0.878959,2.609737,,,45.755280,58.889061,0.156262,0.204649,,,,,,,,,,,,
316838,,,,,,,,,,,,,,,,,,,,0.396912,0.884402,1.567740,,,,,,
316844,,,,,,,,,0.384545,1.304868,,,41.765747,53.905594,0.194927,0.254191,,,,,,,,,,,,
316849,,,,,,,,,,,,,,,,,,,,0.397035,0.892418,1.592009,,,,,,
316853,,,,,,,,,1.126167,4.567039,,,44.398930,58.425198,0.166839,0.207798,,,,,,,,,,,,
316859,,,,,,,,,,,,,,,,,,,,0.397118,0.899821,1.618826,,,,,,
316863,,,,,,,,,0.796557,3.262171,,,43.891773,57.871643,0.170256,0.212248,,,,,,,,,,,,
316869,,,,,,,,,,,,,,,,,,,,0.396909,0.907368,1.649418,,,,,,
316874,0.396703,0.907428,1.652382,0.316998,0.883908,1.689568,0.763406,2.746250,0.631752,1.957303,33.810921,52.016376,42.375965,56.316799,0.165636,0.222677,-0.016947,0.081356,0.037185,0.396909,0.907368,1.649418,,,,,,
316879,,,,,,,,,,,,,,,,,,,,0.396496,0.914689,1.675681,,,,,,
316884,,,,,,,,,0.521882,1.957302,,,40.011478,53.374924,0.188041,0.251824,,,,,,,,,,,,
316888,,,,,,,,,,,,,,,,,,,,0.395985,0.921838,1.709403,,,,,,
316893,,,,,,,,,1.098699,5.219474,,,42.378345,57.978691,0.162659,0.204594,,,,,,,,,,,,
316903,,,,,,,,,0.769089,2.609737,,,41.647110,57.495953,0.168404,0.208326,,,,,,,,,,,,
316913,,,,,,,,,0.741622,3.262171,,,41.031849,56.545235,0.173113,0.216927,,,,,,,,,,,,
316919,,,,,,,,,,,,,,,,,,,,0.392680,0.942575,1.799729,,,,,,
316923,0.392516,0.942697,1.801048,0.310423,0.917848,1.837325,0.714564,2.893628,0.604285,2.609737,33.698132,52.493748,39.969624,55.200756,0.181353,0.234604,-0.005458,0.085597,0.036277,,,,,,,,,
316928,,,,,,,,,,,,,,,,,,,,0.391484,0.949096,1.828368,,,,,,
316933,,,,,,,,,0.851492,3.262170,,,40.709499,56.247688,0.172552,0.223384,,,,,,,,,,,,
316939,,,,,,,,,,,,,,,,,,,,0.390089,0.955804,1.863273,,,,,,
316944,,,,,,,,,0.412012,1.957303,,,37.520226,52.227688,0.203680,0.263637,,,,,,,,,,,,
316949,,,,,,,,,,,,,,,,,,,,0.388568,0.962067,1.897763,,,,,,
316953,,,,,,,,,1.153634,5.219473,,,40.826748,57.013405,0.169189,0.214876,,,,,,,,,,,,
316958,,,,,,,,,,,,,,,,,,,,0.386868,0.968630,1.931702,,,,,,
316962,,,,,,,,,0.686687,1.957303,,,39.797050,56.139217,0.178266,0.222889,,,,0.386868,0.968630,1.931702,,,,,,
316969,,,,,,,,,,,,,,,,,,,,0.384420,0.976052,1.961650,,,,,,
316973,0.384292,0.976019,1.956382,0.299540,0.948430,1.990444,0.670245,3.012373,0.604285,3.914605,34.053547,53.229092,38.386124,54.859135,0.195063,0.242717,0.006312,0.088906,0.034062,,,,,,,,,
316978,,,,,,,,,,,,,,,,,,,,0.382069,0.982810,1.998208,,,,,,
316984,,,,,,,,,0.521882,1.957302,,,36.654427,52.148445,0.211860,0.270040,,,,,,,,,,,,
316989,,,,,,,,,,,,,,,,,,,,0.379381,0.989749,2.030843,,,,,,
316993,,,,,,,,,1.071232,5.871908,,,39.009178,56.402187,0.187321,0.226868,,,,,,,,,,,,
316999,,,,,,,,,,,,,,,,,,,,0.376621,0.996276,2.063321,,,,,,
317003,,,,,,,,,0.686687,3.262170,,,38.267750,56.169483,0.193893,0.228607,,,,,,,,,,,,
317009,,,,,,,,,,,,,,,,,,,,0.373486,1.002873,2.098641,,,,,,
317013,,,,,,,,,0.769089,2.609737,,,38.188454,55.973686,0.193859,0.230016,,,,,,,,,,,,
317019,,,,,,,,,,,,,,,,,,,,0.370070,1.009416,2.133511,,,,,,
317023,0.369847,1.009513,2.129592,0.284969,0.975276,2.147850,0.630047,3.108811,0.604285,3.914605,34.423271,53.302601,37.032650,54.719856,0.208592,0.243006,0.015970,0.090119,0.018258,,,,,,,,,
317029,,,,,,,,,,,,,,,,,,,,0.366443,1.016025,2.168077,,,,,,
317033,,,,,,,,,0.878959,2.609737,,,38.238331,55.843060,0.195772,0.231266,,,,,,,,,,,,
317038,,,,,,,,,,,,,,,,,,,,0.362696,1.022269,2.202401,,,,,,
317044,,,,,,,,,0.412012,3.262171,,,35.440987,52.431774,0.223542,0.265553,,,,,,,,,,,,
317049,,,,,,,,,,,,,,,,,,,,0.358697,1.028425,2.236426,,,,,,
317053,,,,,,,,,1.098699,5.219474,,,38.532734,56.640579,0.191803,0.222797,,,,,,,,,,,,
317059,,,,,,,,,,,,,,,,,,,,0.354400,1.034687,2.270137,,,,,,
317062,,,,,,,,,0.741622,3.262171,,,38.411411,56.370068,0.192218,0.224889,,,,0.354400,1.034687,2.270137,,,,,,
317068,,,,,,,,,,,,,,,,,,,,0.350009,1.040780,2.306617,,,,,,
317073,0.349812,1.040650,2.305443,0.267376,0.998115,2.308333,0.593749,3.183820,0.631752,1.957303,34.501095,53.045704,37.764790,55.053371,0.198810,0.235086,0.023695,0.089685,0.002890,,,,,,,,,
317079,,,,,,,,,,,,,,,,,,,,0.345244,1.046663,2.339766,,,,,,
317083,,,,,,,,,0.824024,3.914605,,,38.309807,56.123676,0.192598,0.223767,,,,,,,,,,,,
317089,,,,,,,,,,,,,,,,,,,,0.340158,1.052659,2.369710,,,,,,
317093,,,,,,,,,0.796557,3.262171,,,38.223843,55.935146,0.192713,0.225074,,,,,,,,,,,,
317099,,,,,,,,,,,,,,,,,,,,0.334756,1.058355,2.405316,,,,,,
317104,,,,,,,,,0.384545,1.304868,,,35.973339,51.964714,0.214924,0.264995,,,,,,,,,,,,
317109,,,,,,,,,,,,,,,,,,,,0.329338,1.063839,2.437824,,,,,,
317113,,,,,,,,,1.098699,5.219474,,,38.980656,56.792141,0.183955,0.215971,,,,,,,,,,,,
317119,,,,,,,,,,,,,,,,,,,,0.323706,1.068923,2.470139,,,,,,
317123,0.322411,1.069567,2.478204,0.247451,1.016793,2.470096,0.561344,3.229789,0.631752,3.262170,33.421604,51.686100,37.699207,55.408504,0.185119,0.215467,0.026564,0.087741,-0.008108,,,,,,,,,
317129,,,,,,,,,,,,,,,,,,,,0.318108,1.073887,2.502318,,,,,,
317133,,,,,,,,,0.851492,3.262170,,,38.799171,56.422485,0.173044,0.204380,,,,,,,,,,,,
317139,,,,,,,,,,,,,,,,,,,,0.312448,1.078454,2.537268,,,,,,
317145,,,,,,,,,0.466947,1.957303,,,36.457420,52.919304,0.195854,0.239165,,,,,,,,,,,,
317149,,,,,,,,,,,,,,,,,,,,0.306663,1.082791,2.569175,,,,,,
317153,,,,,,,,,1.043764,3.914604,,,39.387959,56.506245,0.165355,0.202332,,,,,,,,,,,,
317159,,,,,,,,,,,,,,,,,,,,0.300800,1.086977,2.600924,,,,,,
317163,,,,,,,,,0.741622,3.262171,,,39.130997,56.257038,0.166783,0.203910,,,,,,,,,,,,
317169,,,,,,,,,,,,,,,,,,,,0.294502,1.091171,2.632386,,,,,,
317173,0.294246,1.091070,2.633129,0.225882,1.031287,2.630454,0.532905,3.231494,0.631752,3.262170,32.738403,51.092819,37.825703,54.958267,0.171987,0.210191,0.030610,0.085502,-0.002675,,,,,,,,,
317179,,,,,,,,,,,,,,,,,,,,0.288030,1.095096,2.660896,,,,,,
317183,,,,,,,,,0.824024,3.914605,,,38.361061,56.043655,0.165508,0.198347,,,,,,,,,,,,
317188,,,,,,,,,,,,,,,,,,,,0.281552,1.098912,2.692214,,,,,,
317193,,,,,,,,,0.714154,2.609737,,,38.266968,55.323273,0.165344,0.204705,,,,,,,,,,,,
317199,,,,,,,,,,,,,,,,,,,,0.275026,1.102483,2.720470,,,,,,
317205,,,,,,,,,0.412012,1.957303,,,35.465080,51.449883,0.192817,0.243368,,,,,,,,,,,,
317209,,,,,,,,,,,,,,,,,,,,0.268503,1.105785,2.754358,,,,,,
317213,,,,,,,,,0.988829,3.914606,,,38.008461,54.725334,0.166329,0.209887,,,,,,,,,,,,
317219,,,,,,,,,,,,,,,,,,,,0.262002,1.109022,2.785414,,,,,,
317223,0.260909,1.109185,2.789048,0.203328,1.041722,2.786060,0.508340,3.171760,0.659220,2.609737,31.452974,49.383793,37.425747,53.669495,0.158108,0.202498,0.030746,0.083196,-0.002988,,,,,,,,,
317229,,,,,,,,,,,,,,,,,,,,0.255367,1.111902,2.819095,,,,,,
317233,,,,,,,,,0.851492,3.262170,,,38.024536,54.959282,0.150806,0.188485,,,,,,,,,,,,
317239,,,,,,,,,,,,,,,,,,,,0.248715,1.114494,2.852710,,,,,,
317243,,,,,,,,,0.659220,3.914604,,,37.439270,54.410881,0.155461,0.192963,,,,,,,,,,,,
317248,,,,,,,,,,,,,,,,,,,,0.241990,1.116815,2.889033,,,,,,
317253,,,,,,,,,0.741622,3.262171,,,36.946827,53.949455,0.159287,0.196664,,,,,,,,,,,,
317258,,,,,,,,,,,,,,,,,,,,0.234902,1.118829,2.919598,,,,,,
317264,,,,,,,,,0.329610,1.304868,,,34.354313,49.749409,0.184631,0.238592,,,,,,,,,,,,
317269,,,,,,,,,,,,,,,,,,,,0.227985,1.120718,2.952985,,,,,,
317273,0.229432,1.120175,2.944701,0.180411,1.048351,2.933277,0.487151,3.039966,0.906427,4.567039,31.575388,48.452694,35.984776,52.750011,0.168669,0.198415,0.034023,0.080026,-0.011425,,,,,,,,,
317279,,,,,,,,,,,,,,,,,,,,0.221062,1.122287,2.983511,,,,,,
317283,,,,,,,,,0.851492,4.567039,,,36.812103,54.185631,0.159348,0.182912,,,,,,,,,,,,
317288,,,,,,,,,,,,,,,,,,,,0.214248,1.123609,3.016750,,,,,,
317293,,,,,,,,,0.686687,3.262170,,,36.419132,53.759930,0.162309,0.186108,,,,,,,,,,,,
317299,,,,,,,,,,,,,,,,,,,,0.207496,1.124806,3.047296,,,,,,
317305,,,,,,,,,0.604285,6.524341,,,33.910313,53.946289,0.186931,0.183146,,,,,,,,,,,,
317308,,,,,,,,,,,,,,,,,,,,0.200852,1.125695,3.080544,,,,,,
317313,,,,,,,,,0.714154,-2.609737,,,36.700279,51.924919,0.158006,0.202665,,,,,,,,,,,,
317319,,,,,,,,,,,,,,,,,,,,0.194380,1.126530,3.111096,,,,,,
317323,0.194409,1.126707,3.086186,0.157686,1.051550,3.068970,0.468317,2.838344,0.576817,3.262172,30.623739,46.191101,35.235954,50.768681,0.162210,0.190696,0.032505,0.077075,-0.017217,,,,,,,,,
317329,,,,,,,,,,,,,,,,,,,,0.187831,1.127105,-3.141562,,,,,,
317333,,,,,,,,,0.769089,3.914606,,,35.637501,51.973995,0.157192,0.177486,,,,,,,,,,,,
317338,,,,,,,,,,,,,,,,,,,,0.181091,1.127470,-3.113944,,,,,,
317343,,,,,,,,,0.659220,2.609737,,,35.430820,51.354519,0.158297,0.182648,,,,,,,,,,,,
317348,,,,,,,,,,,,,,,,,,,,0.174272,1.127622,-3.086290,,,,,,
317353,,,,,,,,,0.631752,1.957303,,,35.256920,50.288746,0.159110,0.192486,,,,,,,,,,,,
317359,,,,,,,,,,,,,,,,,,,,0.167354,1.127478,-3.061419,,,,,,
317364,,,,,,,,,0.357077,1.957303,,,35.110600,50.481091,0.159676,0.189705,,,,,,,,,,,,
317368,,,,,,,,,,,,,,,,,,,,0.160609,1.127167,-3.033737,,,,,,
317373,0.161948,1.127130,-3.039225,0.135643,1.051789,-3.092211,0.450373,2.582229,0.851492,3.262170,31.078453,44.188709,33.898399,48.464760,0.175781,0.188989,0.033866,0.072259,-0.052986,,,,,,,,,
317379,,,,,,,,,,,,,,,,,,,,0.153947,1.126673,-3.006081,,,,,,
317383,,,,,,,,,0.741622,3.262171,,,34.512085,49.490932,0.168957,0.177667,,,,,,,,,,,,
317389,,,,,,,,,,,,,,,,,,,,0.147426,1.125998,-2.978380,,,,,,
317393,,,,,,,,,0.631752,1.957303,,,34.483894,48.720726,0.168558,0.184463,,,,,,,,,,,,
317398,,,,,,,,,,,,,,,,,,,,0.140972,1.125232,-2.953372,,,,,,
317403,,,,,,,,,0.659220,2.609737,,,34.460175,48.617218,0.168119,0.184612,,,,,,,,,,,,
317408,,,,,,,,,,,,,,,,,,,,0.134671,1.124383,-2.928232,,,,,,
317413,,,,,,,,,0.631752,1.957303,,,34.440220,47.985584,0.167646,0.190169,,,,,,,,,,,,
317418,,,,,,,,,,,,,,,,,,,,0.128495,1.123341,-2.903143,,,,,,
317424,0.129822,1.123429,-2.906352,0.114694,1.049606,-2.984912,0.431659,2.294307,0.357077,1.957303,30.439856,41.304745,36.057060,50.176842,0.143968,0.137642,0.031918,0.068264,-0.078561,,,,,,,,,
317428,,,,,,,,,,,,,,,,,,,,0.122281,1.122041,-2.880826,,,,,,
317433,,,,,,,,,0.906427,3.262171,,,33.605663,47.119678,0.167849,0.167051,,,,,,,,,,,,
317438,,,,,,,,,,,,,,,,,,,,0.115749,1.120551,-2.861336,,,,,,
317443,,,,,,,,,0.631752,1.957303,,,33.176689,46.181011,0.171591,0.175462,,,,,,,,,,,,
317448,,,,,,,,,,,,,,,,,,,,0.109449,1.118897,-2.838955,,,,,,
317453,,,,,,,,,0.604285,1.304869,,,33.360294,45.935760,0.169171,0.176989,,,,,,,,,,,,
317459,,,,,,,,,,,,,,,,,,,,0.103201,1.117224,-2.819369,,,,,,
317464,,,,,,,,,0.329610,1.304868,,,31.336607,42.462147,0.189229,0.211493,,,,,,,,,,,,
317468,,,,,,,,,,,,,,,,,,,,0.097131,1.115430,-2.799746,,,,,,
317473,0.098542,1.115731,-2.803218,0.095181,1.045576,-2.892334,0.410612,1.997202,0.824024,2.609737,28.479906,37.525963,33.445679,44.984879,0.147545,0.146987,0.026459,0.065061,-0.089116,,,,,,,,,
317479,,,,,,,,,,,,,,,,,,,,0.091166,1.113522,-2.780048,,,,,,
317483,,,,,,,,,0.741622,1.957302,,,34.131165,46.018417,0.139560,0.134953,,,,,,,,,,,,
317488,,,,,,,,,,,,,,,,,,,,0.085295,1.111668,-2.763103,,,,,,
317493,,,,,,,,,0.549350,1.304868,,,34.163391,44.709866,0.138101,0.146601,,,,,,,,,,,,
317498,,,,,,,,,,,,,,,,,,,,0.079675,1.109657,-2.748961,,,,,,
317503,,,,,,,,,0.576817,1.957303,,,33.645962,44.153393,0.142242,0.150841,,,,,,,,,,,,
317508,,,,,,,,,,,,,,,,,,,,0.074113,1.107570,-2.732003,,,,,,
317513,,,,,,,,,0.604285,1.304869,,,33.210598,43.685177,0.145650,0.154291,,,,,,,,,,,,
317519,,,,,,,,,,,,,,,,,,,,0.068421,1.105262,-2.717883,,,,,,
317524,0.069762,1.105695,-2.722307,0.077354,1.040272,-2.813721,0.386053,1.708615,0.302142,0.652434,25.802124,33.334305,,,,,0.019700,0.062847,-0.091413,,,,,,,,,
317527,,,,,,,,,,,,,35.022453,44.924850,0.098910,0.097659,,,,0.062897,1.102856,-2.706560,,,,,,
317533,,,,,,,,,0.824024,2.609737,,,32.735146,41.611565,0.120396,0.129137,,,,,,,,,,,,
317539,,,,,,,,,,,,,,,,,,,,0.057466,1.100376,-2.695213,,,,,,
317543,,,,,,,,,0.494415,1.304868,,,31.899693,41.001942,0.127531,0.133700,,,,,,,,,,,,
317549,,,,,,,,,,,,,,,,,,,,0.052059,1.097827,-2.681090,,,,,,
317553,,,,,,,,,0.521882,0.652434,,,31.741285,39.944462,0.127927,0.142952,,,,,,,,,,,,
317558,,,,,,,,,,,,,,,,,,,,0.046733,1.095321,-2.672564,,,,,,
317563,,,,,,,,,0.549350,1.304868,,,31.608002,39.054695,0.128099,0.150706,,,,,,,,,,,,
317569,,,,,,,,,,,,,,,,,,,,0.041422,1.092777,-2.661139,,,,,,
317573,0.041726,1.092855,-2.660798,0.061399,1.034243,-2.747956,0.357346,1.439621,0.412012,0.652434,21.817167,28.117844,30.406771,37.761505,0.098544,0.109544,0.009665,0.061066,-0.087158,,,,,,,,,
317579,,,,,,,,,,,,,,,,,,,,0.036339,1.090163,-2.649814,,,,,,
317584,,,,,,,,,0.357077,0.652434,,,28.851513,35.584328,0.112689,0.129823,,,,0.036339,1.090163,-2.649814,,,,,,
317589,,,,,,,,,,,,,,,,,,,,0.031117,1.087552,-2.635511,,,,,,
317593,,,,,,,,,0.714154,1.304868,,,30.265635,37.564255,0.096859,0.108134,,,,,,,,,,,,
317598,,,,,,,,,,,,,,,,,,,,0.026137,1.084942,-2.624050,,,,,,
317603,,,,,,,,,0.439480,1.304869,,,29.821846,36.507446,0.099696,0.117025,,,,,,,,,,,,
317608,,,,,,,,,,,,,,,,,,,,0.021284,1.082438,-2.612469,,,,,,
317613,,,,,,,,,0.439480,1.304869,,,28.903900,35.618248,0.107458,0.124416,,,,,,,,,,,,
317618,,,,,,,,,,,,,,,,,,,,0.016371,1.079698,-2.600938,,,,,,
317624,0.017258,1.080191,-2.611436,0.047416,1.027980,-2.693709,0.324448,1.195718,0.329610,-1.304868,17.703983,22.930353,,,,,0.000383,0.060294,-0.082273,,,,,,,,,
317627,,,,,,,,,,,,,28.131540,36.503708,0.071964,0.060972,,,,0.011429,1.076828,-2.589296,,,,,,
317633,,,,,,,,,0.521882,4.567040,,,26.937134,33.981476,0.082061,0.083984,,,,,,,,,,,,
317639,,,,,,,,,,,,,,,,,,,,0.007160,1.074234,-2.577541,,,,,,
317643,,,,,,,,,0.412012,0.652434,,,26.476704,32.948357,0.084911,0.092312,,,,,,,,,,,,
317648,,,,,,,,,,,,,,,,,,,,0.003716,1.072146,-2.566488,,,,,,
317653,,,,,,,,,0.412012,0.652434,,,26.089296,32.079090,0.087108,0.099175,,,,,,,,,,,,
317658,,,,,,,,,,,,,,,,,,,,0.000362,1.070161,-2.554542,,,,,,
317663,,,,,,,,,0.384545,1.304868,,,25.218790,31.347689,0.094310,0.104805,,,,,,,,,,,,
317669,,,,,,,,,,,,,,,,,,,,-0.002503,1.068355,-2.540020,,,,,,
317673,-0.002209,1.068487,-2.540539,0.035453,1.021901,-2.649677,0.287875,0.978417,0.302142,0.652434,14.702784,18.414413,23.941803,29.643200,0.075220,0.074445,-0.004717,0.059719,-0.109138,,,,,,,,,
317679,,,,,,,,,,,,,,,,,,,,-0.005642,1.066201,-2.531339,,,,,,
317684,,,,,,,,,0.357077,3.262171,,,22.322803,27.664501,0.089886,0.092382,,,,,,,,,,,,
317688,,,,,,,,,,,,,,,,,,,,-0.008469,1.064283,-2.519815,,,,,,
317693,,,,,,,,,0.357077,-0.652434,,,22.594206,28.722340,0.085594,0.079742,,,,,,,,,,,,
317699,,,,,,,,,,,,,,,,,,,,-0.011497,1.062192,-2.511029,,,,,,
317703,,,,,,,,,0.329610,1.304868,,,21.733479,27.978775,0.092795,0.085265,,,,,,,,,,,,
317708,,,,,,,,,,,,,,,,,,,,-0.014267,1.060209,-2.499231,,,,,,
317713,,,,,,,,,0.302142,0.652434,,,21.009262,26.808598,0.098776,0.095288,,,,,,,,,,,,
317718,,,,,,,,,,,,,,,,,,,,-0.017056,1.058177,-2.493475,,,,,,
317723,-0.016843,1.058307,-2.494688,0.025490,1.016333,-2.614607,0.248596,0.787052,0.302142,-0.652434,11.676923,14.403874,20.944450,25.279467,0.067312,0.068299,-0.008481,0.059008,-0.119920,,,,,,,,,
317729,,,,,,,,,,,,,,,,,,,,-0.019674,1.056304,-2.484512,,,,,,
317733,,,,,,,,,0.302142,1.957302,,,19.800831,25.081942,0.077123,0.068138,,,,,,,,,,,,
317738,,,,,,,,,,,,,,,,,,,,-0.021986,1.054588,-2.478626,,,,,,
317744,,,,,,,,,0.137337,0.652434,,,19.383133,24.371202,0.079759,0.073252,,,,,,,,,,,,
317748,,,,,,,,,,,,,,,,,,,,-0.024076,1.053002,-2.469834,,,,,,
317753,,,,,,,,,0.357077,0.652434,,,17.942595,22.684099,0.092911,0.088467,,,,,,,,,,,,
317758,,,,,,,,,,,,,,,,,,,,-0.026201,1.051370,-2.463742,,,,,,
317763,,,,,,,,,0.302142,0.652434,,,17.819613,22.353657,0.092913,0.090182,,,,,,,,,,,,
317768,,,,,,,,,,,,,,,,,,,,-0.028333,1.049773,-2.457836,,,,,,
317773,-0.028368,1.049709,-2.458191,0.017452,1.011507,-2.587322,0.207925,0.619961,0.192272,0.652434,8.700533,10.656663,16.627048,20.986536,0.073489,0.064315,-0.011408,0.058555,-0.129131,,,,,,,,,
317778,,,,,,,,,,,,,,,,,,,,-0.030189,1.048166,-2.452065,,,,,,
317784,,,,,,,,,0.164805,0.000000,,,15.623626,19.291698,0.082139,0.079536,,,,,,,,,,,,
317788,,,,,,,,,,,,,,,,,,,,-0.032097,1.046741,-2.449106,,,,,,
317793,,,,,,,,,0.329610,1.304868,,,15.868433,20.043835,0.078257,0.070137,,,,,,,,,,,,
317798,,,,,,,,,,,,,,,,,,,,-0.033815,1.045348,-2.443343,,,,,,
317803,,,,,,,,,0.219740,0.000000,,,15.529870,19.043053,0.080277,0.078468,,,,,,,,,,,,
317808,,,,,,,,,,,,,,,,,,,,-0.035518,1.043957,-2.437496,,,,,,
317813,,,,,,,,,0.219740,0.000000,,,15.245004,18.200994,0.081817,0.085380,,,,,,,,,,,,
317818,,,,,,,,,,,,,,,,,,,,-0.037145,1.042506,-2.431489,,,,,,
317823,-0.037122,1.042527,-2.433730,0.011217,1.007558,-2.566762,0.167348,0.475177,0.164805,1.304868,5.729918,7.135248,13.916230,17.492487,0.063761,0.055179,-0.013988,0.057998,-0.133033,,,,,,,,,
317829,,,,,,,,,,,,,,,,,,,,-0.038706,1.041222,-2.428490,,,,,,
317833,,,,,,,,,0.247207,0.652434,,,13.887287,16.896349,0.062419,0.059188,,,,,,,,,,,,
317838,,,,,,,,,,,,,,,,,,,,-0.040135,1.039892,-2.422648,,,,,,
317844,,,,,,,,,0.082402,-0.652434,,,12.773848,15.305672,0.072144,0.073461,,,,,,,,,,,,
317848,,,,,,,,,,,,,,,,,,,,-0.041672,1.038528,-2.419580,,,,,,
317853,,,,,,,,,0.274675,1.304868,,,12.926086,16.145449,0.069183,0.063261,,,,,,,,,,,,
317858,,,,,,,,,,,,,,,,,,,,-0.043195,1.037320,-2.416704,,,,,,
317863,,,,,,,,,0.164805,0.000000,,,12.509637,15.218408,0.071991,0.070915,,,,,,,,,,,,
317869,,,,,,,,,,,,,,,,,,,,-0.044643,1.036022,-2.410576,,,,,,
317873,-0.044537,1.036117,-2.412519,0.006607,1.004522,-2.551884,0.128399,0.350941,0.137337,0.652434,2.662270,3.616383,11.614693,14.438396,0.048474,0.041362,-0.017094,0.057634,-0.139365,,,,,,,,,
317879,,,,,,,,,,,,,,,,,,,,-0.045889,1.034850,-2.407801,,,,,,
317884,,,,,,,,,0.109870,0.000000,,,10.861688,13.237551,0.054364,0.051446,,,,,,,,,,,,
317888,,,,,,,,,,,,,,,,,,,,-0.046985,1.033884,-2.404947,,,,,,
317893,,,,,,,,,0.219740,0.000000,,,11.317195,13.316246,0.048078,0.048719,,,,,,,,,,,,
317898,,,,,,,,,,,,,,,,,,,,-0.048014,1.032930,-2.399168,,,,,,
317903,,,,,,,,,0.137337,0.652434,,,10.611373,12.837917,0.053546,0.051658,,,,,,,,,,,,
317908,,,,,,,,,,,,,,,,,,,,-0.049138,1.031916,-2.393133,,,,,,
317913,,,,,,,,,0.109870,1.304868,,,9.472951,12.435452,0.063568,0.053919,,,,,,,,,,,,
317918,,,,,,,,,,,,,,,,,,,,-0.050134,1.030949,-2.389915,,,,,,
317923,-0.049999,1.031066,-2.386337,0.003448,1.002385,-2.541851,0.092564,0.245934,0.137337,-0.652434,0.021524,0.578478,9.604169,11.552274,0.033932,0.030177,-0.019255,0.057519,-0.155514,,,,,,,,,
317928,,,,,,,,,,,,,,,,,,,,-0.051067,1.030165,-2.386924,,,,,,
317933,,,,,,,,,0.082402,0.652434,,,8.625489,10.809168,0.041998,0.035562,,,,,,,,,,,,
317938,,,,,,,,,,,,,,,,,,,,-0.051792,1.029519,-2.384256,,,,,,
317944,,,,,,,,,0.027467,0.652434,,,7.257485,9.639376,0.054231,0.045448,,,,,,,,,,,,
317948,,,,,,,,,,,,,,,,,,,,-0.052366,1.028992,-2.381211,,,,,,
317953,,,,,,,,,0.137337,0.652434,,,7.195534,9.744199,0.053416,0.042566,,,,,,,,,,,,
317958,,,,,,,,,,,,,,,,,,,,-0.053013,1.028418,-2.375169,,,,,,
317963,,,,,,,,,0.054935,0.000000,,,6.598865,8.743311,0.058067,0.050942,,,,,,,,,,,,
317968,,,,,,,,,,,,,,,,,,,,-0.053518,1.028024,-2.369062,,,,,,
317973,-0.053390,1.028121,-2.370512,0.001481,1.001031,-2.535665,0.061174,0.159404,0.054935,0.000000,-2.143934,-1.828794,6.096827,7.901164,0.039785,0.033345,-0.020472,0.057668,-0.165153,,,,,,,,,
317978,,,,,,,,,,,,,,,,,,,,-0.053793,1.027664,-2.363157,,,,,,
317984,,,,,,,,,0.054935,1.304868,,,5.129869,7.737125,0.048000,0.033072,,,,,,,,,,,,
317988,,,,,,,,,,,,,,,,,,,,-0.054080,1.027423,-2.357223,,,,,,
317993,,,,,,,,,0.027467,0.652434,,,4.316271,7.054559,0.054844,0.038121,,,,,,,,,,,,
317998,,,,,,,,,,,,,,,,,,,,-0.054268,1.027135,-2.351300,,,,,,
318003,,,,,,,,,0.027467,0.652434,,,3.631710,6.480248,0.060534,0.042203,,,,,,,,,,,,
318009,,,,,,,,,,,,,,,,,,,,-0.054467,1.026912,-2.345308,,,,,,
318013,,,,,,,,,0.027467,0.652434,,,3.055720,5.997024,0.065254,0.045470,,,,,,,,,,,,
318018,,,,,,,,,,,,,,,,,,,,-0.054754,1.026772,-2.342310,,,,,,
318023,-0.054721,1.026803,-2.341939,0.000446,1.000311,-2.532430,0.035377,0.091072,0.027467,0.652434,-3.360031,-3.238948,2.571083,5.590438,0.056753,0.033668,-0.019451,0.058025,-0.190491,,,,,,,,,
318028,,,,,,,,,,,,,,,,,,,,-0.054815,1.026704,-2.339369,,,,,,
318033,,,,,,,,,-0.000000,0.000000,,,2.163309,4.703794,0.059726,0.040946,,,,,,,,,,,,
318039,,,,,,,,,,,,,,,,,,,,-0.054759,1.026698,-2.333307,,,,,,
318044,,,,,,,,,-0.000000,0.000000,,,1.820208,3.957771,0.062121,0.046967,,,,,,,,,,,,
318048,,,,,,,,,,,,,,,,,,,,-0.054718,1.026781,-2.330268,,,,,,
318053,,,,,,,,,-0.000000,0.000000,,,1.531522,3.330068,0.064030,0.051930,,,,,,,,,,,,
318058,,,,,,,,,,,,,,,,,,,,-0.054604,1.026911,-2.327337,,,,,,
318063,,,,,,,,,-0.000000,0.000000,,,1.288623,2.801919,0.065529,0.056003,,,,,,,,,,,,
318069,,,,,,,,,,,,,,,,,,,,-0.054489,1.027055,-2.327324,,,,,,
318073,-0.054508,1.027033,-2.328551,0.000055,1.000038,-2.531212,0.016103,0.041190,0.027467,0.652434,-4.067086,-4.025418,1.084247,2.902077,0.059472,0.045752,-0.017892,0.058187,-0.202662,,,,,,,,,
318078,,,,,,,,,,,,,,,,,,,,-0.054269,1.027254,-2.330423,,,,,,
318083,,,,,,,,,0.027467,0.652434,,,0.912285,2.986351,0.060196,0.043507,,,,,,,,,,,,
318088,,,,,,,,,,,,,,,,,,,,-0.054041,1.027502,-2.330581,,,,,,
318093,,,,,,,,,-0.000000,0.000000,,,0.767597,2.512715,0.060676,0.046935,,,,,,,,,,,,
318099,,,,,,,,,,,,,,,,,,,,-0.053733,1.027858,-2.330637,,,,,,
318105,,,,,,,,,-0.000000,0.000000,,,0.645856,2.114198,0.060950,0.049693,,,,,,,,,,,,
318108,,,,,,,,,,,,,,,,,,,,-0.053353,1.028255,-2.327712,,,,,,
318113,,,,,,,,,-0.000000,0.000000,,,0.543423,1.778886,0.061053,0.051885,,,,,,,,,,,,
318118,,,,,,,,,,,,,,,,,,,,-0.052889,1.028731,-2.324824,,,,,,
318123,-0.053025,1.028589,-2.325136,0.000000,1.000000,-2.531041,0.004113,0.010490,-0.000000,0.000000,-4.106531,-4.096870,0.457236,1.496755,0.060607,0.052873,-0.015479,0.058219,-0.205904,,,,,,,,,
318128,,,,,,,,,,,,,,,,,,,,-0.052345,1.029260,-2.324828,,,,,,
318133,,,,,,,,,-0.000000,0.000000,,,0.384718,1.259369,0.060434,0.054175,,,,,,,,,,,,
318138,,,,,,,,,,,,,,,,,,,,-0.051786,1.029876,-2.321833,,,,,,
318144,,,,,,,,,-0.000000,0.000000,,,0.323702,1.059633,0.060158,0.055142,,,,,,,,,,,,
318148,,,,,,,,,,,,,,,,,,,,-0.051199,1.030504,-2.321838,,,,,,
318153,,,,,,,,,-0.000000,0.000000,,,0.272363,0.891575,0.059796,0.055824,,,,,,,,,,,,
318158,,,,,,,,,,,,,,,,,,,,-0.050898,1.030788,-2.321822,,,,,,
318163,,,,,,,,,-0.000000,0.000000,,,0.229166,0.750171,0.059361,0.056269,,,,,,,,,,,,
318168,,,,,,,,,,,,,,,,,,,,-0.050940,1.030708,-2.321832,,,,,,
318173,-0.051115,1.030530,-2.322109,0.000000,1.000000,-2.531041,-0.000000,0.000000,-0.000000,0.000000,-3.538080,-3.538080,0.192820,0.631194,0.064663,0.062213,-0.012580,0.058194,-0.208932,,,,,,,,,
318178,,,,,,,,,,,,,,,,,,,,-0.050998,1.030703,-2.318802,,,,,,
318183,,,,,,,,,-0.000000,0.000000,,,0.162239,0.531086,0.064228,0.062400,,,,,,,,,,,,
318188,,,,,,,,,,,,,,,,,,,,-0.050987,1.030715,-2.318802,,,,,,
318193,,,,,,,,,0.027467,0.652434,,,0.136508,0.991399,0.063751,0.056891,,,,,,,,,,,,
318198,,,,,,,,,,,,,,,,,,,,-0.050939,1.030806,-2.315792,,,,,,
318204,,,,,,,,,-0.000000,0.000000,,,0.114858,0.834163,0.063237,0.057589,,,,,,,,,,,,
318208,,,,,,,,,,,,,,,,,,,,-0.050993,1.030757,-2.312768,,,,,,
318213,,,,,,,,,-0.000000,0.000000,,,0.096641,0.701865,0.062692,0.058064,,,,,,,,,,,,
318219,,,,,,,,,,,,,,,,,,,,-0.051069,1.030687,-2.312768,,,,,,
318223,-0.051073,1.030674,-2.313552,0.000000,1.000000,-2.531041,-0.000000,0.000000,-0.000000,0.000000,-3.360062,-3.360062,0.081314,0.590549,0.063937,0.060167,-0.011947,0.058366,-0.217489,,,,,,,,,
318228,,,,,,,,,,,,,,,,,,,,-0.051166,1.030590,-2.312757,,,,,,
318233,,,,,,,,,-0.000000,0.000000,,,0.068417,0.496888,0.063380,0.060332,,,,,,,,,,,,
318238,,,,,,,,,,,,,,,,,,,,-0.051243,1.030505,-2.309732,,,,,,
318243,,,,,,,,,0.027467,0.652434,,,0.057566,0.962625,0.062805,0.054811,,,,,,,,,,,,
318249,,,,,,,,,,,,,,,,,,,,-0.051296,1.030473,-2.309732,,,,,,
318253,,,,,,,,,-0.000000,0.000000,,,0.048436,0.809952,0.062215,0.055503,,,,,,,,,,,,
318258,,,,,,,,,,,,,,,,,,,,-0.051336,1.030438,-2.306705,,,,,,
318263,,,,,,,,,-0.000000,0.000000,,,0.040754,0.681494,0.061612,0.055980,,,,,,,,,,,,
318268,,,,,,,,,,,,,,,,,,,,-0.051349,1.030429,-2.306716,,,,,,
318273,-0.051326,1.030449,-2.307290,0.000000,1.000000,-2.531041,-0.000000,0.000000,-0.000000,0.000000,-3.351808,-3.351808,0.034291,0.573409,0.061082,0.056358,-0.011918,0.058476,-0.223751,,,,,,,,,
318279,,,,,,,,,,,,,,,,,,,,-0.051378,1.030399,-2.303687,,,,,,
318283,,,,,,,,,-0.000000,0.000000,,,0.028852,0.482466,0.060460,0.056500,,,,,,,,,,,,
318288,,,,,,,,,,,,,,,,,,,,-0.051409,1.030368,-2.303675,,,,,,
318293,,,,,,,,,-0.000000,0.000000,,,0.024276,0.405947,0.059830,0.056514,,,,,,,,,,,,
318298,,,,,,,,,,,,,,,,,,,,-0.051423,1.030356,-2.303675,,,,,,
318304,,,,,,,,,-0.000000,0.000000,,,0.020426,0.341564,0.059194,0.056419,,,,,,,,,,,,
318309,,,,,,,,,,,,,,,,,,,,-0.051408,1.030378,-2.303687,,,,,,
318313,,,,,,,,,-0.000000,0.000000,,,0.017186,0.287392,0.058553,0.056233,,,,,,,,,,,,
318319,,,,,,,,,,,,,,,,,,,,-0.051386,1.030405,-2.303687,,,,,,
318323,-0.051381,1.030409,-2.303989,0.000000,1.000000,-2.531041,-0.000000,0.000000,-0.000000,0.000000,-3.316352,-3.316352,0.014461,0.241811,0.058269,0.056332,-0.011791,0.058529,-0.227051,,,,,,,,,
318328,,,,,,,,,,,,,,,,,,,,-0.051374,1.030411,-2.303687,,,,,,
318333,,,,,,,,,-0.000000,0.000000,,,0.012167,0.203460,0.057626,0.056011,,,,,,,,,,,,
318338,,,,,,,,,,,,,,,,,,,,-0.051380,1.030408,-2.303687,,,,,,
318343,,,,,,,,,-0.000000,0.000000,,,0.010238,0.171191,0.056980,0.055637,,,,,,,,,,,,
318348,,,,,,,,,,,,,,,,,,,,-0.051399,1.030391,-2.303687,,,,,,
318353,,,,,,,,,-0.000000,0.000000,,,0.008614,0.144040,0.056331,0.055216,,,,,,,,,,,,
318358,,,,,,,,,,,,,,,,,,,,-0.051394,1.030388,-2.303687,,,,,,
318364,,,,,,,,,-0.000000,0.000000,,,0.007248,0.121195,0.055680,0.054757,,,,,,,,,,,,
318369,,,,,,,,,,,,,,,,,,,,-0.051387,1.030394,-2.303687,,,,,,
318373,-0.051387,1.030395,-2.303712,0.000000,1.000000,-2.531041,-0.000000,0.000000,-0.000000,0.000000,-3.315738,-3.315738,0.006098,0.101974,0.055033,0.054272,-0.011789,0.058528,-0.227329,,,,,,,,,
318379,,,,,,,,,,,,,,,,,,,,-0.051388,1.030398,-2.303687,,,,,,
318383,,,,,,,,,-0.000000,0.000000,,,0.005131,0.085801,0.054379,0.053753,,,,,,,,,,,,
318388,,,,,,,,,,,,,,,,,,,,-0.051389,1.030401,-2.303687,,,,,,
318393,,,,,,,,,-0.000000,0.000000,,,0.004317,0.072193,0.053723,0.053212,,,,,,,,,,,,
318399,,,,,,,,,,,,,,,,,,,,-0.051397,1.030390,-2.303687,,,,,,
318403,,,,,,,,,-0.000000,0.000000,,,0.003633,0.060743,0.053066,0.052651,,,,,,,,,,,,
318408,,,,,,,,,,,,,,,,,,,,-0.051393,1.030389,-2.303687,,,,,,
318413,,,,,,,,,-0.000000,0.000000,,,0.003056,0.051109,0.052408,0.052074,,,,,,,,,,,,
318418,,,,,,,,,,,,,,,,,,,,-0.051395,1.030393,-2.303687,,,,,,
318424,-0.051394,1.030393,-2.303689,0.000000,1.000000,-2.531041,-0.000000,0.000000,-0.000000,0.000000,-3.317230,-3.317230,0.002572,0.043003,0.051749,0.051483,-0.011795,0.058532,-0.227352,,,,,,,,,
318428,,,,,,,,,,,,,,,,,,,,-0.051389,1.030399,-2.303687,,,,,,
318433,,,,,,,,,-0.000000,0.000000,,,0.002164,0.036183,0.051074,0.050866,,,,,,,,,,,,
318438,,,,,,,,,,,,,,,,,,,,-0.051389,1.030396,-2.303687,,,,,,
318443,,,,,,,,,-0.000000,0.000000,,,0.001821,0.030444,0.050414,0.050254,,,,,,,,,,,,
318448,,,,,,,,,,,,,,,,,,,,-0.051391,1.030393,-2.303687,,,,,,
318453,,,,,,,,,-0.000000,0.000000,,,0.001532,0.025616,0.049753,0.049633,,,,,,,,,,,,
318458,,,,,,,,,,,,,,,,,,,,-0.051396,1.030391,-2.303675,,,,,,
318463,,,,,,,,,-0.000000,0.000000,,,0.001289,0.021553,0.049092,0.049006,,,,,,,,,,,,
318468,,,,,,,,,,,,,,,,,,,,-0.051397,1.030392,-2.303675,,,,,,
318473,-0.051397,1.030392,-2.303677,0.000000,1.000000,-2.531041,-0.000000,0.000000,-0.000000,0.000000,-3.317652,-3.317652,0.001084,0.018135,0.048426,0.048369,-0.011796,0.058534,-0.227364,,,,,,,,,
318478,,,,,,,,,,,,,,,,,,,,-0.051393,1.030395,-2.303687,,,,,,
318484,,,,,,,,,-0.000000,0.000000,,,0.000912,0.015259,0.047764,0.047731,,,,,,,,,,,,
318488,,,,,,,,,,,,,,,,,,,,-0.051393,1.030392,-2.303687,,,,,,
318493,,,,,,,,,-0.000000,0.000000,,,0.000768,0.012839,0.047102,0.047089,,,,,,,,,,,,
318498,,,,,,,,,,,,,,,,,,,,-0.051393,1.030395,-2.303687,,,,,,
318503,,,,,,,,,-0.000000,0.000000,,,0.000646,0.010802,0.046439,0.046444,,,,,,,,,,,,
318508,,,,,,,,,,,,,,,,,,,,-0.051395,1.030388,-2.303687,,,,,,
318513,,,,,,,,,-0.000000,0.000000,,,0.000544,0.009089,0.045777,0.045796,,,,,,,,,,,,
318518,,,,,,,,,,,,,,,,,,,,-0.051394,1.030393,-2.303687,,,,,,
318524,-0.051395,1.030393,-2.303686,0.000000,1.000000,-2.531041,-0.000000,0.000000,-0.000000,0.000000,-3.317253,-3.317253,0.000457,0.007648,0.045118,0.045149,-0.011795,0.058532,-0.227355,,,,,,,,,
318529,,,,,,,,,,,,,,,,,,,,-0.051396,1.030387,-2.303687,,,,,,
318533,,,,,,,,,-0.000000,0.000000,,,0.000385,0.006435,0.044455,0.044497,,,,,,,,,,,,
318538,,,,,,,,,,,,,,,,,,,,-0.051401,1.030385,-2.303675,,,,,,
318543,,,,,,,,,-0.000000,0.000000,,,0.000324,0.005414,0.043792,0.043842,,,,,,,,,,,,
318548,,,,,,,,,,,,,,,,,,,,-0.051402,1.030386,-2.303687,,,,,,
318553,,,,,,,,,-0.000000,0.000000,,,0.000272,0.004555,0.043129,0.043186,,,,,,,,,,,,
318559,,,,,,,,,,,,,,,,,,,,-0.051399,1.030383,-2.303687,,,,,,
318563,,,,,,,,,-0.000000,0.000000,,,0.000229,0.003833,0.042466,0.042529,,,,,,,,,,,,
318568,,,,,,,,,,,,,,,,,,,,-0.051399,1.030387,-2.303687,,,,,,
318573,-0.051398,1.030387,-2.303687,0.000000,1.000000,-2.531041,-0.000000,0.000000,-0.000000,0.000000,-3.319192,-3.319192,0.000193,0.003225,0.041783,0.041852,-0.011802,0.058531,-0.227354,,,,,,,,,
318578,,,,,,,,,,,,,,,,,,,,-0.051399,1.030383,-2.303675,,,,,,
318584,,,,,,,,,-0.000000,0.000000,,,0.000162,0.002714,0.041120,0.041192,,,,,,,,,,,,
318589,,,,,,,,,,,,,,,,,,,,-0.051398,1.030384,-2.303687,,,,,,
318593,,,,,,,,,-0.000000,0.000000,,,0.000137,0.002283,0.040456,0.040532,,,,,,,,,,,,
318598,,,,,,,,,,,,,,,,,,,,-0.051399,1.030383,-2.303687,,,,,,
318603,,,,,,,,,-0.000000,0.000000,,,0.000115,0.001921,0.039792,0.039872,,,,,,,,,,,,
318608,,,,,,,,,,,,,,,,,,,,-0.051403,1.030383,-2.303687,,,,,,
318613,,,,,,,,,-0.000000,0.000000,,,0.000097,0.001616,0.039129,0.039211,,,,,,,,,,,,
318619,,,,,,,,,,,,,,,,,,,,-0.051410,1.030380,-2.303687,,,,,,
318623,-0.051409,1.030380,-2.303687,0.000000,1.000000,-2.531041,-0.000000,0.000000,-0.000000,0.000000,-3.322586,-3.322586,0.000081,0.001360,0.038430,0.038515,-0.011814,0.058534,-0.227354,,,,,,,,,
318629,,,,,,,,,,,,,,,,,,,,-0.051403,1.030384,-2.303675,,,,,,
318633,,,,,,,,,-0.000000,0.000000,,,0.000068,0.001144,0.037766,0.037852,,,,,,,,,,,,
318638,,,,,,,,,,,,,,,,,,,,-0.051402,1.030383,-2.303687,,,,,,
318643,,,,,,,,,-0.000000,0.000000,,,0.000058,0.000963,0.037102,0.037189,,,,,,,,,,,,
318649,,,,,,,,,,,,,,,,,,,,-0.051404,1.030380,-2.303687,,,,,,
318653,,,,,,,,,-0.000000,0.000000,,,0.000048,0.000810,0.036437,0.036526,,,,,,,,,,,,
318658,,,,,,,,,,,,,,,,,,,,-0.051401,1.030387,-2.303687,,,,,,
318663,,,,,,,,,-0.000000,0.000000,,,0.000041,0.000682,0.035773,0.035863,,,,,,,,,,,,
318669,,,,,,,,,,,,,,,,,,,,-0.051406,1.030380,-2.303687,,,,,,
318673,-0.051406,1.030380,-2.303687,0.000000,1.000000,-2.531041,-0.000000,0.000000,-0.000000,0.000000,-3.322074,-3.322074,0.000034,0.000574,0.035114,0.035204,-0.011812,0.058532,-0.227354,,,,,,,,,
318679,,,,,,,,,,,,,,,,,,,,-0.051407,1.030378,-2.303687,,,,,,
318684,,,,,,,,,-0.000000,0.000000,,,0.000029,0.000483,0.034449,0.034541,,,,,,,,,,,,
318689,,,,,,,,,,,,,,,,,,,,-0.051411,1.030381,-2.303675,,,,,,
318693,,,,,,,,,-0.000000,0.000000,,,0.000024,0.000406,0.033785,0.033877,,,,,,,,,,,,
318699,,,,,,,,,,,,,,,,,,,,-0.051407,1.030380,-2.303675,,,,,,
318703,,,,,,,,,-0.000000,0.000000,,,0.000020,0.000342,0.033120,0.033213,,,,,,,,,,,,
318709,,,,,,,,,,,,,,,,,,,,-0.051409,1.030380,-2.303687,,,,,,
318713,,,,,,,,,-0.000000,0.000000,,,0.000017,0.000287,0.032456,0.032549,,,,,,,,,,,,
318718,,,,,,,,,,,,,,,,,,,,-0.051404,1.030381,-2.303687,,,,,,
318723,-0.051404,1.030381,-2.303687,0.000000,1.000000,-2.531041,-0.000000,0.000000,-0.000000,0.000000,-3.321580,-3.321580,0.000014,0.000242,0.031797,0.031890,-0.011810,0.058531,-0.227354,,,,,,,,,
318728,,,,,,,,,,,,,,,,,,,,-0.051406,1.030380,-2.303675,,,,,,
318733,,,,,,,,,-0.000000,0.000000,,,0.000012,0.000204,0.031132,0.031226,,,,,,,,,,,,
318739,,,,,,,,,,,,,,,,,,,,-0.051408,1.030382,-2.303687,,,,,,
318744,,,,,,,,,-0.000000,0.000000,,,0.000010,0.000171,0.030468,0.030562,,,,,,,,,,,,
318749,,,,,,,,,,,,,,,,,,,,-0.051413,1.030377,-2.303675,,,,,,
318753,,,,,,,,,-0.000000,0.000000,,,0.000009,0.000144,0.029804,0.029898,,,,,,,,,,,,
318758,,,,,,,,,,,,,,,,,,,,-0.051409,1.030375,-2.303675,,,,,,
318763,,,,,,,,,-0.000000,0.000000,,,0.000007,0.000121,0.029139,0.029234,,,,,,,,,,,,
318769,,,,,,,,,,,,,,,,,,,,-0.051407,1.030376,-2.303675,,,,,,
318773,-0.051407,1.030377,-2.303676,0.000000,1.000000,-2.531041,-0.000000,0.000000,-0.000000,0.000000,-3.322818,-3.322818,0.000006,0.000102,0.028463,0.028557,-0.011814,0.058531,-0.227365,,,,,,,,,
318779,,,,,,,,,,,,,,,,,,,,-0.051409,1.030376,-2.303687,,,,,,
318784,,,,,,,,,-0.000000,0.000000,,,0.000005,0.000086,0.027798,0.027893,,,,,,,,,,,,
318788,,,,,,,,,,,,,,,,,,,,-0.051412,1.030378,-2.303675,,,,,,
318793,,,,,,,,,-0.000000,0.000000,,,0.000004,0.000072,0.027133,0.027228,,,,,,,,,,,,
318799,,,,,,,,,,,,,,,,,,,,-0.051410,1.030375,-2.303675,,,,,,
318803,,,,,,,,,-0.000000,0.000000,,,0.000004,0.000061,0.026469,0.026564,,,,,,,,,,,,
318809,,,,,,,,,,,,,,,,,,,,-0.051407,1.030373,-2.303675,,,,,,
318813,,,,,,,,,-0.000000,0.000000,,,0.000003,0.000051,0.025804,0.025899,,,,,,,,,,,,
318819,,,,,,,,,,,,,,,,,,,,-0.051412,1.030371,-2.303675,,,,,,
318823,-0.051412,1.030371,-2.303675,0.000000,1.000000,-2.531041,-0.000000,0.000000,-0.000000,0.000000,-3.324881,-3.324881,0.000003,0.000043,0.025119,0.025214,-0.011822,0.058531,-0.227366,,,,,,,,,
318828,,,,,,,,,,,,,,,,,,,,-0.051417,1.030375,-2.303675,,,,,,
318833,,,,,,,,,-0.000000,0.000000,,,0.000002,0.000036,0.024454,0.024549,,,,,,,,,,,,
318839,,,,,,,,,,,,,,,,,,,,-0.051417,1.030375,-2.303687,,,,,,
318844,,,,,,,,,-0.000000,0.000000,,,0.000002,0.000030,0.023789,0.023884,,,,,,,,,,,,
318849,,,,,,,,,,,,,,,,,,,,-0.051417,1.030374,-2.303675,,,,,,
318853,,,,,,,,,-0.000000,0.000000,,,0.000002,0.000026,0.023124,0.023219,,,,,,,,,,,,
318859,,,,,,,,,,,,,,,,,,,,-0.051414,1.030373,-2.303675,,,,,,
318863,,,,,,,,,-0.000000,0.000000,,,0.000001,0.000022,0.022459,0.022554,,,,,,,,,,,,
318868,,,,,,,,,,,,,,,,,,,,-0.051410,1.030375,-2.303675,,,,,,
318873,-0.051411,1.030374,-2.303675,0.000000,1.000000,-2.531041,-0.000000,0.000000,-0.000000,0.000000,-3.323952,-3.323952,0.000001,0.000018,0.021803,0.021899,-0.011818,0.058532,-0.227366,,,,,,,,,
318879,,,,,,,,,,,,,,,,,,,,-0.051412,1.030370,-2.303675,,,,,,
318884,,,,,,,,,-0.000000,0.000000,,,0.000001,0.000015,0.021139,0.021234,,,,,,,,,,,,
318888,,,,,,,,,,,,,,,,,,,,-0.051415,1.030377,-2.303675,,,,,,
318893,,,,,,,,,-0.000000,0.000000,,,0.000001,0.000013,0.020474,0.020569,,,,,,,,,,,,
318903,,,,,,,,,-0.000000,0.000000,,,0.000001,0.000011,0.019809,0.019904,,,,,,,,,,,,
318913,,,,,,,,,-0.000000,0.000000,,,0.000001,0.000009,0.019144,0.019240,,,,,,,,,,,,
318918,,,,,,,,,,,,,,,,,,,,-0.051417,1.030373,-2.303675,,,,,,
318923,-0.051417,1.030373,-2.303675,0.000000,1.000000,-2.531041,-0.000000,0.000000,-0.000000,0.000000,-3.325452,-3.325452,0.000000,0.000008,0.018464,0.018560,-0.011824,0.058535,-0.227366,,,,,,,,,
318928,,,,,,,,,,,,,,,,,,,,-0.051418,1.030371,-2.303675,,,,,,
318933,,,,,,,,,-0.000000,0.000000,,,0.000000,0.000006,0.017799,0.017894,,,,,,,,,,,,
318939,,,,,,,,,,,,,,,,,,,,-0.051417,1.030371,-2.303675,,,,,,
318944,,,,,,,,,-0.000000,0.000000,,,0.000000,0.000005,0.017134,0.017229,,,,,,,,,,,,
318949,,,,,,,,,,,,,,,,,,,,-0.051419,1.030369,-2.303675,,,,,,
318953,,,,,,,,,-0.000000,0.000000,,,0.000000,0.000005,0.016469,0.016564,,,,,,,,,,,,
318958,,,,,,,,,,,,,,,,,,,,-0.051416,1.030368,-2.303675,,,,,,
318963,,,,,,,,,-0.000000,0.000000,,,0.000000,0.000004,0.015804,0.015899,,,,,,,,,,,,
318968,,,,,,,,,,,,,,,,,,,,-0.051416,1.030369,-2.303675,,,,,,
318973,-0.051416,1.030369,-2.303675,0.000000,1.000000,-2.531041,-0.000000,0.000000,-0.000000,0.000000,-3.326100,-3.326100,0.000000,0.000003,0.015132,0.015227,-0.011826,0.058533,-0.227366,,,,,,,,,
318978,,,,,,,,,,,,,,,,,,,,-0.051417,1.030370,-2.303675,,,,,,
318983,,,,,,,,,-0.000000,0.000000,,,0.000000,0.000003,0.014467,0.014562,,,,,,,,,,,,
318989,,,,,,,,,,,,,,,,,,,,-0.051420,1.030366,-2.303675,,,,,,
318993,,,,,,,,,-0.000000,0.000000,,,0.000000,0.000002,0.013802,0.013897,,,,,,,,,,,,
318999,,,,,,,,,,,,,,,,,,,,-0.051422,1.030364,-2.303675,,,,,,
319005,,,,,,,,,-0.000000,0.000000,,,0.000000,0.000002,0.013136,0.013232,,,,,,,,,,,,
319009,,,,,,,,,,,,,,,,,,,,-0.051420,1.030368,-2.303675,,,,,,
319013,,,,,,,,,-0.000000,0.000000,,,0.000000,0.000002,0.012471,0.012567,,,,,,,,,,,,
319019,,,,,,,,,,,,,,,,,,,,-0.051419,1.030371,-2.303675,,,,,,
319023,-0.051418,1.030370,-2.303675,0.000000,1.000000,-2.531041,-0.000000,0.000000,-0.000000,0.000000,-3.326252,-3.326252,0.000000,0.000001,0.011804,0.011900,-0.011827,0.058535,-0.227366,,,,,,,,,
319030,,,,,,,,,,,,,,,,,,,,-0.051417,1.030373,-2.303675,,,,,,
319033,,,,,,,,,-0.000000,0.000000,,,0.000000,0.000001,0.011139,0.011235,,,,,,,,,,,,
319039,,,,,,,,,,,,,,,,,,,,-0.051415,1.030372,-2.303675,,,,,,
319043,,,,,,,,,-0.000000,0.000000,,,0.000000,0.000001,0.010474,0.010569,,,,,,,,,,,,
319053,,,,,,,,,-0.000000,0.000000,,,0.000000,0.000001,0.009809,0.009904,,,,,,,,,,,,
319063,,,,,,,,,-0.000000,0.000000,,,0.000000,0.000001,0.009143,0.009239,,,,,,,,,,,,
319069,,,,,,,,,,,,,,,,,,,,-0.051420,1.030373,-2.303675,,,,,,
319073,-0.051420,1.030373,-2.303675,0.000000,1.000000,-2.531041,-0.000000,0.000000,-0.000000,0.000000,-3.325983,-3.325983,0.000000,0.000001,0.008481,0.008576,-0.011826,0.058537,-0.227366,,,,,,,,,
319078,,,,,,,,,,,,,,,,,,,,-0.051417,1.030369,-2.303675,,,,,,
319083,,,,,,,,,-0.000000,0.000000,,,0.000000,0.000000,0.007816,0.007911,,,,,,,,,,,,
319088,,,,,,,,,,,,,,,,,,,,-0.051417,1.030368,-2.303675,,,,,,
319093,,,,,,,,,-0.000000,0.000000,,,0.000000,0.000000,0.007150,0.007246,,,,,,,,,,,,
319099,,,,,,,,,,,,,,,,,,,,-0.051420,1.030368,-2.303675,,,,,,
319103,,,,,,,,,-0.000000,0.000000,,,0.000000,0.000000,0.006485,0.006581,,,,,,,,,,,,
319108,,,,,,,,,,,,,,,,,,,,-0.051423,1.030367,-2.303675,,,,,,
319113,,,,,,,,,-0.000000,0.000000,,,0.000000,0.000000,0.005820,0.005916,,,,,,,,,,,,
319118,,,,,,,,,,,,,,,,,,,,-0.051422,1.030371,-2.303675,,,,,,
319125,-0.051422,1.030371,-2.303675,0.000000,1.000000,-2.531041,-0.000000,0.000000,-0.000000,0.000000,-3.326750,-3.326750,0.000000,0.000000,0.005147,0.005243,-0.011828,0.058538,-0.227366,,,,,,,,,
319129,,,,,,,,,,,,,,,,,,,,-0.051425,1.030367,-2.303675,,,,,,
319133,,,,,,,,,-0.000000,0.000000,,,0.000000,0.000000,0.004482,0.004577,,,,,,,,,,,,
319138,,,,,,,,,,,,,,,,,,,,-0.051423,1.030369,-2.303675,,,,,,
319143,,,,,,,,,-0.000000,0.000000,,,0.000000,0.000000,0.003816,0.003912,,,,,,,,,,,,
319148,,,,,,,,,,,,,,,,,,,,-0.051426,1.030370,-2.303675,,,,,,
319153,,,,,,,,,-0.000000,0.000000,,,0.000000,0.000000,0.003151,0.003247,,,,,,,,,,,,
319158,,,,,,,,,,,,,,,,,,,,-0.051422,1.030367,-2.303675,,,,,,
319164,,,,,,,,,-0.000000,0.000000,,,0.000000,0.000000,0.002486,0.002581,,,,,,,,,,,,
319168,,,,,,,,,,,,,,,,,,,,-0.051419,1.030367,-2.303675,,,,,,
319173,-0.051420,1.030367,-2.303675,0.000000,1.000000,-2.531041,-0.000000,0.000000,-0.000000,0.000000,-3.327185,-3.327185,0.000000,0.000000,0.001816,0.001911,-0.011830,0.058534,-0.227366,,,,,,,,,
319178,,,,,,,,,,,,,,,,,,,,-0.051419,1.030369,-2.303675,,,,,,
319183,,,,,,,,,-0.000000,0.000000,,,0.000000,0.000000,0.001150,0.001246,,,,,,,,,,,,
319189,,,,,,,,,,,,,,,,,,,,-0.051420,1.030369,-2.303675,,,,,,
319193,,,,,,,,,-0.000000,0.000000,,,0.000000,0.000000,0.000485,0.000580,,,,,,,,,,,,
319198,,,,,,,,,,,,,,,,,,,,-0.051419,1.030367,-2.303675,,,,,,
319203,,,,,,,,,-0.000000,0.000000,,,0.000000,0.000000,-0.000180,-0.000085,,,,,,,,,,,,
319208,,,,,,,,,,,,,,,,,,,,-0.051420,1.030364,-2.303675,,,,,,
319213,,,,,,,,,-0.000000,0.000000,,,0.000000,0.000000,-0.000846,-0.000750,,,,,,,,,,,,
319219,,,,,,,,,,,,,,,,,,,,-0.051425,1.030367,-2.303675,,,,,,
319225,-0.051424,1.030367,-2.303675,0.000000,1.000000,-2.531041,-0.000000,0.000000,-0.000000,0.000000,-3.328030,-3.328030,0.000000,0.000000,-0.001520,-0.001424,-0.011833,0.058537,-0.227366,,,,,,,,,
319229,,,,,,,,,,,,,,,,,,,,-0.051422,1.030368,-2.303675,,,,,,
319233,,,,,,,,,-0.000000,0.000000,,,0.000000,0.000000,-0.002186,-0.002090,,,,,,,,,,,,
319239,,,,,,,,,,,,,,,,,,,,-0.051420,1.030367,-2.303675,,,,,,
319243,,,,,,,,,-0.000000,0.000000,,,0.000000,0.000000,-0.002851,-0.002756,,,,,,,,,,,,
319249,,,,,,,,,,,,,,,,,,,,-0.051418,1.030367,-2.303675,,,,,,
319253,,,,,,,,,-0.000000,0.000000,,,0.000000,0.000000,-0.003517,-0.003421,,,,,,,,,,,,
319259,,,,,,,,,,,,,,,,,,,,-0.051420,1.030371,-2.303675,,,,,,
319263,,,,,,,,,-0.000000,0.000000,,,0.000000,0.000000,-0.004182,-0.004087,,,,,,,,,,,,
319268,,,,,,,,,,,,,,,,,,,,-0.051421,1.030368,-2.303675,,,,,,
319273,-0.051422,1.030368,-2.303675,0.000000,1.000000,-2.531041,-0.000000,0.000000,-0.000000,0.000000,-3.327312,-3.327312,0.000000,0.000000,-0.004841,-0.004745,-0.011830,0.058536,-0.227366,,,,,,,,,
319279,,,,,,,,,,,,,,,,,,,,-0.051422,1.030372,-2.303675,,,,,,
319284,,,,,,,,,-0.000000,0.000000,,,0.000000,0.000000,-0.005506,-0.005411,,,,,,,,,,,,
319289,,,,,,,,,,,,,,,,,,,,-0.051423,1.030366,-2.303675,,,,,,
319293,,,,,,,,,-0.000000,0.000000,,,0.000000,0.000000,-0.006172,-0.006076,,,,,,,,,,,,
319299,,,,,,,,,,,,,,,,,,,,-0.051423,1.030365,-2.303675,,,,,,
319303,,,,,,,,,-0.000000,0.000000,,,0.000000,0.000000,-0.006837,-0.006742,,,,,,,,,,,,
319309,,,,,,,,,,,,,,,,,,,,-0.051421,1.030368,-2.303675,,,,,,
319313,,,,,,,,,-0.000000,0.000000,,,0.000000,0.000000,-0.007503,-0.007407,,,,,,,,,,,,
319319,,,,,,,,,,,,,,,,,,,,-0.051418,1.030369,-2.303675,,,,,,
319323,-0.051418,1.030369,-2.303675,0.000000,1.000000,-2.531041,-0.000000,0.000000,-0.000000,0.000000,-3.326513,-3.326513,0.000000,0.000000,-0.008160,-0.008064,-0.011828,0.058534,-0.227366,,,,,,,,,
319329,,,,,,,,,,,,,,,,,,,,-0.051419,1.030369,-2.303675,,,,,,
319333,,,,,,,,,-0.000000,0.000000,,,0.000000,0.000000,-0.008825,-0.008730,,,,,,,,,,,,
319339,,,,,,,,,,,,,,,,,,,,-0.051419,1.030370,-2.303675,,,,,,
319344,,,,,,,,,-0.000000,0.000000,,,0.000000,0.000000,-0.009490,-0.009395,,,,,,,,,,,,
319349,,,,,,,,,,,,,,,,,,,,-0.051419,1.030371,-2.303675,,,,,,
319353,,,,,,,,,-0.000000,0.000000,,,0.000000,0.000000,-0.010156,-0.010060,,,,,,,,,,,,
319358,,,,,,,,,,,,,,,,,,,,-0.051425,1.030366,-2.303675,,,,,,
319363,,,,,,,,,-0.000000,0.000000,,,0.000000,0.000000,-0.010821,-0.010726,,,,,,,,,,,,
319369,,,,,,,,,,,,,,,,,,,,-0.051423,1.030368,-2.303675,,,,,,
319373,-0.051422,1.030368,-2.303675,0.000000,1.000000,-2.531041,-0.000000,0.000000,-0.000000,0.000000,-3.327578,-3.327578,0.000000,0.000000,-0.011497,-0.011402,-0.011831,0.058536,-0.227366,,,,,,,,,
319378,,,,,,,,,,,,,,,,,,,,-0.051423,1.030366,-2.303675,,,,,,
319384,,,,,,,,,-0.000000,0.000000,,,0.000000,0.000000,-0.012163,-0.012067,,,,,,,,,,,,
319388,,,,,,,,,,,,,,,,,,,,-0.051426,1.030365,-2.303675,,,,,,
319393,,,,,,,,,-0.000000,0.000000,,,0.000000,0.000000,-0.012828,-0.012733,,,,,,,,,,,,
319399,,,,,,,,,,,,,,,,,,,,-0.051427,1.030365,-2.303675,,,,,,
319403,,,,,,,,,-0.000000,0.000000,,,0.000000,0.000000,-0.013494,-0.013398,,,,,,,,,,,,
319409,,,,,,,,,,,,,,,,,,,,-0.051427,1.030367,-2.303675,,,,,,
319413,,,,,,,,,-0.000000,0.000000,,,0.000000,0.000000,-0.014159,-0.014064,,,,,,,,,,,,
319418,,,,,,,,,,,,,,,,,,,,-0.051419,1.030367,-2.303675,,,,,,
319423,-0.051419,1.030367,-2.303675,0.000000,1.000000,-2.531041,-0.000000,0.000000,-0.000000,0.000000,-3.327158,-3.327158,0.000000,0.000000,-0.014820,-0.014725,-0.011830,0.058533,-0.227366,,,,,,,,,
319428,,,,,,,,,,,,,,,,,,,,-0.051417,1.030366,-2.303675,,,,,,
319433,,,,,,,,,-0.000000,0.000000,,,0.000000,0.000000,-0.015486,-0.015390,,,,,,,,,,,,
319439,,,,,,,,,,,,,,,,,,,,-0.051421,1.030361,-2.303675,,,,,,
319444,,,,,,,,,-0.000000,0.000000,,,0.000000,0.000000,-0.016151,-0.016056,,,,,,,,,,,,
319448,,,,,,,,,,,,,,,,,,,,-0.051419,1.030366,-2.303675,,,,,,
319453,,,,,,,,,-0.000000,0.000000,,,0.000000,0.000000,-0.016817,-0.016721,,,,,,,,,,,,
319458,,,,,,,,,,,,,,,,,,,,-0.051420,1.030366,-2.303675,,,,,,
319463,,,,,,,,,-0.000000,0.000000,,,0.000000,0.000000,-0.017482,-0.017387,,,,,,,,,,,,
319469,,,,,,,,,,,,,,,,,,,,-0.051416,1.030366,-2.303675,,,,,,
319473,-0.051417,1.030366,-2.303675,0.000000,1.000000,-2.531041,-0.000000,0.000000,-0.000000,0.000000,-3.326752,-3.326752,0.000000,0.000000,-0.018144,-0.018048,-0.011828,0.058531,-0.227366,,,,,,,,,
319478,,,,,,,,,,,,,,,,,,,,-0.051419,1.030367,-2.303675,,,,,,
319484,,,,,,,,,-0.000000,0.000000,,,0.000000,0.000000,-0.018809,-0.018713,,,,,,,,,,,,
319488,,,,,,,,,,,,,,,,,,,,-0.051419,1.030367,-2.303675,,,,,,
319493,,,,,,,,,-0.000000,0.000000,,,0.000000,0.000000,-0.019474,-0.019379,,,,,,,,,,,,
319503,,,,,,,,,-0.000000,0.000000,,,0.000000,0.000000,-0.020140,-0.020044,,,,,,,,,,,,
319513,,,,,,,,,-0.000000,0.000000,,,0.000000,0.000000,-0.020805,-0.020709,,,,,,,,,,,,
319518,,,,,,,,,,,,,,,,,,,,-0.051421,1.030373,-2.303675,,,,,,
319523,-0.051421,1.030372,-2.303675,0.000000,1.000000,-2.531041,-0.000000,0.000000,-0.000000,0.000000,-3.326340,-3.326340,0.000000,0.000000,-0.021466,-0.021371,-0.011827,0.058538,-0.227366,,,,,,,,,
319529,,,,,,,,,,,,,,,,,,,,-0.051424,1.030367,-2.303675,,,,,,
319533,,,,,,,,,-0.000000,0.000000,,,0.000000,0.000000,-0.022131,-0.022036,,,,,,,,,,,,
319538,,,,,,,,,,,,,,,,,,,,-0.051423,1.030367,-2.303675,,,,,,
319543,,,,,,,,,-0.000000,0.000000,,,0.000000,0.000000,-0.022797,-0.022701,,,,,,,,,,,,
319548,,,,,,,,,,,,,,,,,,,,-0.051420,1.030370,-2.303675,,,,,,
319553,,,,,,,,,-0.000000,0.000000,,,0.000000,0.000000,-0.023462,-0.023366,,,,,,,,,,,,
319559,,,,,,,,,,,,,,,,,,,,-0.051416,1.030367,-2.303675,,,,,,
319563,,,,,,,,,-0.000000,0.000000,,,0.000000,0.000000,-0.024127,-0.024032,,,,,,,,,,,,
319568,,,,,,,,,,,,,,,,,,,,-0.051414,1.030368,-2.303675,,,,,,
319573,-0.051415,1.030369,-2.303675,0.000000,1.000000,-2.531041,-0.000000,0.000000,-0.000000,0.000000,-3.325895,-3.325895,0.000000,0.000000,-0.024788,-0.024692,-0.011825,0.058531,-0.227366,,,,,,,,,
319578,,,,,,,,,,,,,,,,,,,,-0.051418,1.030366,-2.303675,,,,,,
319583,,,,,,,,,-0.000000,0.000000,,,0.000000,0.000000,-0.025453,-0.025358,,,,,,,,,,,,
319589,,,,,,,,,,,,,,,,,,,,-0.051420,1.030367,-2.303675,,,,,,
319593,,,,,,,,,-0.000000,0.000000,,,0.000000,0.000000,-0.026118,-0.026023,,,,,,,,,,,,
319599,,,,,,,,,,,,,,,,,,,,-0.051419,1.030365,-2.303675,,,,,,
319604,,,,,,,,,-0.000000,0.000000,,,0.000000,0.000000,-0.026783,-0.026688,,,,,,,,,,,,
319608,,,,,,,,,,,,,,,,,,,,-0.051419,1.030369,-2.303675,,,,,,
319613,,,,,,,,,-0.000000,0.000000,,,0.000000,0.000000,-0.027449,-0.027353,,,,,,,,,,,,
319619,,,,,,,,,,,,,,,,,,,,-0.051413,1.030367,-2.303675,,,,,,
319623,-0.051413,1.030367,-2.303675,0.000000,1.000000,-2.531041,-0.000000,0.000000,-0.000000,0.000000,-3.325860,-3.325860,0.000000,0.000000,-0.028113,-0.028018,-0.011825,0.058529,-0.227366,,,,,,,,,
319628,,,,,,,,,,,,,,,,,,,,-0.051412,1.030375,-2.303675,,,,,,
319633,,,,,,,,,-0.000000,0.000000,,,0.000000,0.000000,-0.028779,-0.028683,,,,,,,,,,,,
319638,,,,,,,,,,,,,,,,,,,,-0.051412,1.030377,-2.303675,,,,,,
319644,,,,,,,,,-0.000000,0.000000,,,0.000000,0.000000,-0.029444,-0.029348,,,,,,,,,,,,
319649,,,,,,,,,,,,,,,,,,,,-0.051406,1.030387,-2.306705,,,,,,
319653,,,,,,,,,-0.000000,0.000000,,,0.000000,0.000000,-0.030109,-0.030013,,,,,,,,,,,,
319658,,,,,,,,,,,,,,,,,,,,-0.051404,1.030384,-2.306705,,,,,,
319663,,,,,,,,,-0.000000,0.000000,,,0.000000,0.000000,-0.030774,-0.030679,,,,,,,,,,,,
319668,,,,,,,,,,,,,,,,,,,,-0.051400,1.030390,-2.306705,,,,,,
319673,-0.051402,1.030388,-2.306451,0.000000,1.000000,-2.531041,-0.000000,0.000000,-0.000000,0.000000,-3.365125,-3.365125,0.000000,0.000000,-0.031840,-0.031744,-0.011965,0.058501,-0.224590,,,,,,,,,
319679,,,,,,,,,,,,,,,,,,,,-0.051390,1.030398,-2.306705,,,,,,
319683,,,,,,,,,-0.000000,0.000000,,,0.000000,0.000000,-0.032513,-0.032417,,,,,,,,,,,,
319689,,,,,,,,,,,,,,,,,,,,-0.051391,1.030404,-2.306716,,,,,,
319693,,,,,,,,,-0.000000,0.000000,,,0.000000,0.000000,-0.033186,-0.033090,,,,,,,,,,,,
319699,,,,,,,,,,,,,,,,,,,,-0.051387,1.030405,-2.306716,,,,,,
319704,,,,,,,,,-0.000000,0.000000,,,0.000000,0.000000,-0.033859,-0.033763,,,,,,,,,,,,
319708,,,,,,,,,,,,,,,,,,,,-0.051389,1.030402,-2.306705,,,,,,
319713,,,,,,,,,-0.000000,0.000000,,,0.000000,0.000000,-0.034532,-0.034436,,,,,,,,,,,,
319719,,,,,,,,,,,,,,,,,,,,-0.051385,1.030405,-2.306705,,,,,,
319723,-0.051386,1.030404,-2.306684,0.000000,1.000000,-2.531041,-0.000000,0.000000,-0.000000,0.000000,-3.362718,-3.362718,0.000000,0.000000,-0.035180,-0.035085,-0.011956,0.058497,-0.224357,,,,,,,,,
319729,,,,,,,,,,,,,,,,,,,,-0.051390,1.030397,-2.306705,,,,,,
319733,,,,,,,,,-0.000000,0.000000,,,0.000000,0.000000,-0.035853,-0.035757,,,,,,,,,,,,
319739,,,,,,,,,,,,,,,,,,,,-0.051388,1.030405,-2.306705,,,,,,
319743,,,,,,,,,-0.000000,0.000000,,,0.000000,0.000000,-0.036525,-0.036430,,,,,,,,,,,,
319749,,,,,,,,,,,,,,,,,,,,-0.051386,1.030408,-2.306705,,,,,,
319753,,,,,,,,,-0.000000,0.000000,,,0.000000,0.000000,-0.037198,-0.037102,,,,,,,,,,,,
319758,,,,,,,,,,,,,,,,,,,,-0.051382,1.030405,-2.306705,,,,,,
319764,,,,,,,,,-0.000000,0.000000,,,0.000000,0.000000,-0.037871,-0.037775,,,,,,,,,,,,
319769,,,,,,,,,,,,,,,,,,,,-0.051374,1.030414,-2.306716,,,,,,
319773,-0.051375,1.030413,-2.306714,0.000000,1.000000,-2.531041,-0.000000,0.000000,-0.000000,0.000000,-3.359161,-3.359161,0.000000,0.000000,-0.038507,-0.038411,-0.011944,0.058496,-0.224328,,,,,,,,,
319779,,,,,,,,,,,,,,,,,,,,-0.051371,1.030417,-2.306716,,,,,,
319783,,,,,,,,,-0.000000,0.000000,,,0.000000,0.000000,-0.039179,-0.039083,,,,,,,,,,,,
319788,,,,,,,,,,,,,,,,,,,,-0.051365,1.030423,-2.306716,,,,,,
319793,,,,,,,,,-0.000000,0.000000,,,0.000000,0.000000,-0.039850,-0.039755,,,,,,,,,,,,
319798,,,,,,,,,,,,,,,,,,,,-0.051367,1.030419,-2.306716,,,,,,
319805,,,,,,,,,-0.000000,0.000000,,,0.000000,0.000000,-0.040522,-0.040427,,,,,,,,,,,,
319808,,,,,,,,,,,,,,,,,,,,-0.051361,1.030420,-2.306716,,,,,,
319813,,,,,,,,,-0.000000,0.000000,,,0.000000,0.000000,-0.041194,-0.041099,,,,,,,,,,,,
319819,,,,,,,,,,,,,,,,,,,,-0.051363,1.030419,-2.306716,,,,,,
319823,-0.051364,1.030419,-2.306716,0.000000,1.000000,-2.531041,-0.000000,0.000000,-0.000000,0.000000,-3.356013,-3.356013,0.000000,0.000000,-0.041834,-0.041738,-0.011932,0.058491,-0.224325,,,,,,,,,
319829,,,,,,,,,,,,,,,,,,,,-0.051364,1.030420,-2.306716,,,,,,
319833,,,,,,,,,-0.000000,0.000000,,,0.000000,0.000000,-0.042505,-0.042410,,,,,,,,,,,,
319838,,,,,,,,,,,,,,,,,,,,-0.051364,1.030419,-2.306716,,,,,,
319843,,,,,,,,,-0.000000,0.000000,,,0.000000,0.000000,-0.043176,-0.043081,,,,,,,,,,,,
319853,,,,,,,,,-0.000000,0.000000,,,0.000000,0.000000,-0.043847,-0.043752,,,,,,,,,,,,
319864,,,,,,,,,-0.000000,0.000000,,,0.000000,0.000000,-0.044519,-0.044423,,,,,,,,,,,,
319869,,,,,,,,,,,,,,,,,,,,-0.051361,1.030424,-2.306716,,,,,,
319873,-0.051361,1.030424,-2.306716,0.000000,1.000000,-2.531041,-0.000000,0.000000,-0.000000,0.000000,-3.354400,-3.354400,0.000000,0.000000,-0.045173,-0.045078,-0.011927,0.058492,-0.224325,,,,,,,,,
319878,,,,,,,,,,,,,,,,,,,,-0.051353,1.030436,-2.306716,,,,,,
319883,,,,,,,,,-0.000000,0.000000,,,0.000000,0.000000,-0.045844,-0.045749,,,,,,,,,,,,
319889,,,,,,,,,,,,,,,,,,,,-0.051344,1.030448,-2.306705,,,,,,
319893,,,,,,,,,-0.000000,0.000000,,,0.000000,0.000000,-0.046515,-0.046420,,,,,,,,,,,,
319899,,,,,,,,,,,,,,,,,,,,-0.051340,1.030453,-2.306716,,,,,,
319903,,,,,,,,,-0.000000,0.000000,,,0.000000,0.000000,-0.047186,-0.047091,,,,,,,,,,,,
319909,,,,,,,,,,,,,,,,,,,,-0.051335,1.030457,-2.306716,,,,,,
319913,,,,,,,,,-0.000000,0.000000,,,0.000000,0.000000,-0.047857,-0.047761,,,,,,,,,,,,
319919,,,,,,,,,,,,,,,,,,,,-0.051335,1.030453,-2.306716,,,,,,
319924,-0.051337,1.030451,-2.306716,0.000000,1.000000,-2.531041,-0.000000,0.000000,-0.000000,0.000000,-3.344224,-3.344224,0.000000,0.000000,-0.048424,-0.048328,-0.011891,0.058492,-0.224325,,,,,,,,,
319928,,,,,,,,,,,,,,,,,,,,-0.051343,1.030452,-2.306716,,,,,,
319933,,,,,,,,,-0.000000,0.000000,,,0.000000,0.000000,-0.049093,-0.048997,,,,,,,,,,,,
319938,,,,,,,,,,,,,,,,,,,,-0.051344,1.030451,-2.306716,,,,,,
319943,,,,,,,,,-0.000000,0.000000,,,0.000000,0.000000,-0.049762,-0.049666,,,,,,,,,,,,
319948,,,,,,,,,,,,,,,,,,,,-0.051340,1.030456,-2.306716,,,,,,
319953,,,,,,,,,-0.000000,0.000000,,,0.000000,0.000000,-0.050431,-0.050335,,,,,,,,,,,,
319958,,,,,,,,,,,,,,,,,,,,-0.051338,1.030455,-2.306716,,,,,,
319963,,,,,,,,,-0.000000,0.000000,,,0.000000,0.000000,-0.051099,-0.051004,,,,,,,,,,,,
319968,,,,,,,,,,,,,,,,,,,,-0.051341,1.030456,-2.306716,,,,,,
319973,-0.051341,1.030455,-2.306716,0.000000,1.000000,-2.531041,-0.000000,0.000000,-0.000000,0.000000,-3.344005,-3.344005,0.000000,0.000000,-0.051766,-0.051670,-0.011890,0.058498,-0.224325,,,,,,,,,
319979,,,,,,,,,,,,,,,,,,,,-0.051339,1.030454,-2.306716,,,,,,
319995,,,,,,,,,-0.000000,0.000000,,,0.000000,0.000000,-0.053104,-0.053008,,,,-0.051336,1.030455,-2.306716,,,,,,
319998,,,,,,,,,,,,,,,,,,,,-0.051336,1.030457,-2.306716,,,,,,
320003,,,,,,,,,-0.027467,-0.652434,,,0.000000,-0.544543,-0.053772,-0.048123,,,,,,,,,,,,
320009,,,,,,,,,,,,,,,,,,,,-0.051336,1.030451,-2.306716,,,,,,
320013,,,,,,,,,-0.000000,0.000000,,,0.000000,-0.458179,-0.054441,-0.049563,,,,,,,,,,,,
320019,,,,,,,,,,,,,,,,,,,,-0.051336,1.030456,-2.306716,,,,,,
320024,-0.051258,1.030540,-2.309454,0.000000,1.000000,-2.531041,-0.000000,0.000000,-0.027467,-0.652434,-3.355585,-3.355585,0.000000,-0.930055,-0.055228,-0.045445,-0.011931,0.058462,-0.221587,,,,,,,,,
320028,,,,,,,,,,,,,,,,,,,,-0.051335,1.030450,-2.306716,,,,,,
320033,,,,,,,,,-0.027467,0.652434,,,-0.544543,-0.782548,-0.050345,-0.047435,,,,,,,,,,,,
320039,,,,,,,,,,,,,,,,,,,,-0.051334,1.030451,-2.309732,,,,,,
320043,,,,,,,,,-0.000000,0.000000,,,-0.458179,-0.658436,-0.051788,-0.049216,,,,,,,,,,,,
320048,,,,,,,,,,,,,,,,,,,,-0.051298,1.030467,-2.309732,,,,,,
320053,,,,,,,,,-0.000000,0.000000,,,-0.385511,-0.554008,-0.053109,-0.050820,,,,,,,,,,,,
320058,,,,,,,,,,,,,,,,,,,,-0.051240,1.030542,-2.309732,,,,,,
320063,,,,,,,,,-0.000000,0.000000,,,-0.324369,-0.466142,-0.054326,-0.052277,,,,,,,,,,,,
320068,,,,,,,,,,,,,,,,,,,,-0.051193,1.030605,-2.309743,,,,,,
320073,-0.051199,1.030599,-2.309719,0.000000,1.000000,-2.531041,-0.000000,0.000000,-0.000000,0.000000,-3.336475,-3.336475,-0.272924,-0.392212,-0.055262,-0.053414,-0.011863,0.058454,-0.221322,,,,,,,,,
320079,,,,,,,,,,,,,,,,,,,,-0.051195,1.030583,-2.309732,,,,,,
320084,,,,,,,,,-0.000000,0.000000,,,-0.229638,-0.330007,-0.056317,-0.054637,,,,,,,,,,,,
320089,,,,,,,,,,,,,,,,,,,,-0.051228,1.030554,-2.309732,,,,,,
320093,,,,,,,,,-0.000000,0.000000,,,-0.193218,-0.277668,-0.057309,-0.055772,,,,,,,,,,,,
320098,,,,,,,,,,,,,,,,,,,,-0.051251,1.030529,-2.309732,,,,,,
320103,,,,,,,,,-0.000000,0.000000,,,-0.162573,-0.233630,-0.058251,-0.056833,,,,,,,,,,,,
320109,,,,,,,,,,,,,,,,,,,,-0.051244,1.030538,-2.309732,,,,,,
320113,,,,,,,,,-0.000000,0.000000,,,-0.136789,-0.196576,-0.059148,-0.057832,,,,,,,,,,,,
320119,,,,,,,,,,,,,,,,,,,,-0.051226,1.030564,-2.309732,,,,,,
320123,-0.051223,1.030567,-2.309731,0.000000,1.000000,-2.531041,-0.000000,0.000000,-0.000000,0.000000,-3.347975,-3.347975,-0.115094,-0.165399,-0.060127,-0.058895,-0.011904,0.058451,-0.221310,,,,,,,,,
320128,,,,,,,,,,,,,,,,,,,,-0.051218,1.030574,-2.309732,,,,,,
320133,,,,,,,,,-0.000000,0.000000,,,-0.096840,-0.139167,-0.060960,-0.059799,,,,,,,,,,,,
320139,,,,,,,,,,,,,,,,,,,,-0.051224,1.030553,-2.309732,,,,,,
320144,,,,,,,,,-0.000000,0.000000,,,-0.081482,-0.117095,-0.061767,-0.060666,,,,,,,,,,,,
320149,,,,,,,,,,,,,,,,,,,,-0.051239,1.030539,-2.309732,,,,,,
320153,,,,,,,,,-0.000000,0.000000,,,-0.068559,-0.098524,-0.062552,-0.061502,,,,,,,,,,,,
320158,,,,,,,,,,,,,,,,,,,,-0.051230,1.030550,-2.309732,,,,,,
320163,,,,,,,,,-0.000000,0.000000,,,-0.057685,-0.082898,-0.063319,-0.062311,,,,,,,,,,,,
320168,,,,,,,,,,,,,,,,,,,,-0.051215,1.030561,-2.309732,,,,,,
320173,-0.051216,1.030562,-2.309732,-0.000001,0.999999,-2.531041,-0.000000,0.000000,-0.000000,0.000000,-3.347434,-3.347434,-0.048536,-0.069750,-0.064064,-0.063093,-0.011902,0.058441,-0.221309,,,,,,,,,
320179,,,,,,,,,,,,,,,,,,,,-0.051219,1.030564,-2.312757,,,,,,
320184,,,,,,,,,-0.000000,0.000000,,,-0.040838,-0.058688,-0.064803,-0.063861,,,,,,,,,,,,
320188,,,,,,,,,,,,,,,,,,,,-0.051213,1.030553,-2.312757,,,,,,
320193,,,,,,,,,-0.000000,0.000000,,,-0.034361,-0.049380,-0.065530,-0.064614,,,,,,,,,,,,
320198,,,,,,,,,,,,,,,,,,,,-0.051211,1.030553,-2.312757,,,,,,
320203,,,,,,,,,-0.000000,0.000000,,,-0.028912,-0.041548,-0.066248,-0.065353,,,,,,,,,,,,
320209,,,,,,,,,,,,,,,,,,,,-0.051203,1.030559,-2.312757,,,,,,
320213,,,,,,,,,-0.027467,-0.652434,,,-0.024326,-0.579502,-0.066959,-0.060527,,,,,,,,,,,,
320218,,,,,,,,,,,,,,,,,,,,-0.051187,1.030560,-2.315765,,,,,,
320223,-0.051110,1.030644,-2.317997,-0.000008,0.999994,-2.531041,0.000074,0.000000,-0.000000,0.000000,-3.438608,-3.439459,-0.020468,-0.487593,-0.068593,-0.062957,-0.012244,0.058318,-0.213045,,,,,,,,,
320228,,,,,,,,,,,,,,,,,,,,-0.051173,1.030566,-2.318816,,,,,,
320233,,,,,,,,,-0.027467,-0.652434,,,-0.017222,-0.954804,-0.069309,-0.058782,,,,,,,,,,,,
320239,,,,,,,,,,,,,,,,,,,,-0.051126,1.030609,-2.318816,,,,,,
320244,,,,,,,,,-0.000000,0.000000,,,-0.014491,-0.803372,-0.070022,-0.060823,,,,,,,,,,,,
320248,,,,,,,,,,,,,,,,,,,,-0.051038,1.030702,-2.321836,,,,,,
320253,,,,,,,,,-0.000000,0.000000,,,-0.012192,-0.675957,-0.070730,-0.062650,,,,,,,,,,,,
320258,,,,,,,,,,,,,,,,,,,,-0.050888,1.030825,-2.321848,,,,,,
320263,,,,,,,,,-0.000000,0.000000,,,-0.010259,-0.568750,-0.071435,-0.064296,,,,,,,,,,,,
320269,,,,,,,,,,,,,,,,,,,,-0.050747,1.030944,-2.324838,,,,,,
320273,-0.050777,1.030919,-2.324264,-0.000027,0.999981,-2.531041,0.000294,0.000000,-0.027467,-0.652434,-3.399892,-3.403164,-0.008632,-1.023089,-0.071742,-0.059866,-0.012158,0.058180,-0.206777,,,,,,,,,
320278,,,,,,,,,,,,,,,,,,,,-0.050701,1.030953,-2.324813,,,,,,
320284,,,,,,,,,-0.000000,0.000000,,,-0.007263,-0.860827,-0.072434,-0.061997,,,,,,,,,,,,
320288,,,,,,,,,,,,,,,,,,,,-0.050718,1.030910,-2.327839,,,,,,
320293,,,,,,,,,-0.000000,0.000000,,,-0.006111,-0.724300,-0.073125,-0.063898,,,,,,,,,,,,
320299,,,,,,,,,,,,,,,,,,,,-0.050732,1.030879,-2.327839,,,,,,
320303,,,,,,,,,-0.000000,0.000000,,,-0.005142,-0.609426,-0.073813,-0.065606,,,,,,,,,,,,
320308,,,,,,,,,,,,,,,,,,,,-0.050711,1.030919,-2.330865,,,,,,
320313,,,,,,,,,-0.027467,-0.652434,,,-0.004326,-1.057314,-0.074501,-0.061596,,,,,,,,,,,,
320318,,,,,,,,,,,,,,,,,,,,-0.050651,1.030958,-2.333877,,,,,,
320323,-0.050581,1.031037,-2.335808,-0.000064,0.999955,-2.531041,0.000655,0.000003,-0.000000,0.000000,-3.489916,-3.496726,-0.003640,-0.889624,-0.076105,-0.064730,-0.012563,0.057968,-0.195233,,,,,,,,,
320328,,,,,,,,,,,,,,,,,,,,-0.050558,1.031027,-2.333845,,,,,,
320333,,,,,,,,,-0.000000,0.000000,,,-0.003063,-0.748529,-0.076808,-0.066690,,,,,,,,,,,,
320338,,,,,,,,,,,,,,,,,,,,-0.050432,1.031131,-2.336874,,,,,,
320344,,,,,,,,,-0.027467,-0.652434,,,-0.002577,-1.174356,-0.077510,-0.062897,,,,,,,,,,,,
320348,,,,,,,,,,,,,,,,,,,,-0.050383,1.031194,-2.339881,,,,,,
320353,,,,,,,,,-0.000000,0.000000,,,-0.002168,-0.988103,-0.078212,-0.065261,,,,,,,,,,,,
320358,,,,,,,,,,,,,,,,,,,,-0.050288,1.031242,-2.342887,,,,,,
320363,,,,,,,,,-0.027467,-0.652434,,,-0.001824,-1.375933,-0.078913,-0.061807,,,,,,,,,,,,
320368,,,,,,,,,,,,,,,,,,,,-0.050200,1.031276,-2.348923,,,,,,
320373,-0.050151,1.031338,-2.350560,-0.000123,0.999914,-2.531040,0.001152,0.000011,-0.000000,0.000000,-3.532321,-3.543224,-0.001535,-1.157710,-0.080046,-0.064931,-0.012831,0.057669,-0.180480,,,,,,,,,
320378,,,,,,,,,,,,,,,,,,,,-0.050061,1.031395,-2.351908,,,,,,
320383,,,,,,,,,-0.027467,-0.652434,,,-0.001292,-1.518640,-0.080755,-0.061727,,,,,,,,,,,,
320388,,,,,,,,,,,,,,,,,,,,-0.049890,1.031564,-2.354921,,,,,,
320393,,,,,,,,,-0.000000,0.000000,,,-0.001087,-1.277784,-0.081463,-0.064588,,,,,,,,,,,,
320398,,,,,,,,,,,,,,,,,,,,-0.049688,1.031740,-2.354905,,,,,,
320404,,,,,,,,,-0.000000,0.000000,,,-0.000914,-1.075127,-0.082171,-0.067109,,,,,,,,,,,,
320408,,,,,,,,,,,,,,,,,,,,-0.049587,1.031837,-2.354913,,,,,,
320413,,,,,,,,,-0.027467,-0.652434,,,-0.000769,-1.449155,-0.082879,-0.063787,,,,,,,,,,,,
320419,,,,,,,,,,,,,,,,,,,,-0.049553,1.031859,-2.354905,,,,,,
320423,-0.049521,1.031896,-2.357278,-0.000211,0.999852,-2.531037,0.001782,0.000032,-0.000000,0.000000,-3.333691,-3.349741,-0.000647,-1.219319,-0.081561,-0.064577,-0.012272,0.057513,-0.173759,,,,,,,,,
320428,,,,,,,,,,,,,,,,,,,,-0.049539,1.031866,-2.357901,,,,,,
320433,,,,,,,,,-0.000000,0.000000,,,-0.000545,-1.025935,-0.082228,-0.066975,,,,,,,,,,,,
320438,,,,,,,,,,,,,,,,,,,,-0.049488,1.031899,-2.357888,,,,,,
320444,,,,,,,,,-0.000000,0.000000,,,-0.000458,-0.863221,-0.082896,-0.069100,,,,,,,,,,,,
320449,,,,,,,,,,,,,,,,,,,,-0.049428,1.031949,-2.357888,,,,,,
320453,,,,,,,,,-0.000000,0.000000,,,-0.000386,-0.726314,-0.083563,-0.070993,,,,,,,,,,,,
320459,,,,,,,,,,,,,,,,,,,,-0.049410,1.031974,-2.357888,,,,,,
320463,,,,,,,,,-0.000000,0.000000,,,-0.000324,-0.611121,-0.084230,-0.072693,,,,,,,,,,,,
320468,,,,,,,,,,,,,,,,,,,,-0.049392,1.031972,-2.360882,,,,,,
320473,-0.049403,1.031965,-2.360580,-0.000333,0.999767,-2.531031,0.002540,0.000077,-0.000000,0.000000,-3.258631,-3.280830,-0.000273,-0.514197,-0.084132,-0.073527,-0.012182,0.057413,-0.170451,,,,,,,,,
320479,,,,,,,,,,,,,,,,,,,,-0.049410,1.031948,-2.360882,,,,,,
320483,,,,,,,,,-0.027467,-0.652434,,,-0.000230,-0.977188,-0.084784,-0.069357,,,,,,,,,,,,
320489,,,,,,,,,,,,,,,,,,,,-0.049388,1.031934,-2.363891,,,,,,
320493,,,,,,,,,-0.000000,0.000000,,,-0.000193,-0.822206,-0.085436,-0.071399,,,,,,,,,,,,
320499,,,,,,,,,,,,,,,,,,,,-0.049345,1.031948,-2.366863,,,,,,
320504,,,,,,,,,-0.027467,-0.652434,,,-0.000163,-1.236347,-0.086088,-0.067666,,,,,,,,,,,,
320509,,,,,,,,,,,,,,,,,,,,-0.049262,1.031976,-2.369853,,,,,,
320513,,,,,,,,,-0.000000,0.000000,,,-0.000137,-1.040262,-0.086740,-0.070075,,,,,,,,,,,,
320519,,,,,,,,,,,,,,,,,,,,-0.049146,1.032097,-2.372859,,,,,,
320523,-0.049167,1.032086,-2.371828,-0.000493,0.999655,-2.531020,0.003422,0.000164,-0.027467,-0.652434,-3.257319,-3.284535,-0.000115,-1.419820,-0.087379,-0.066690,-0.012381,0.057164,-0.159192,,,,,,,,,
320528,,,,,,,,,,,,,,,,,,,,-0.048961,1.032249,-2.378841,,,,,,
320533,,,,,,,,,-0.027467,-0.652434,,,-0.000097,-1.739179,-0.088030,-0.063805,,,,,,,,,,,,
320539,,,,,,,,,,,,,,,,,,,,-0.048714,1.032461,-2.381832,,,,,,
320543,,,,,,,,,-0.000000,0.000000,,,-0.000081,-1.463345,-0.088682,-0.066928,,,,,,,,,,,,
320549,,,,,,,,,,,,,,,,,,,,-0.048504,1.032638,-2.387762,,,,,,
320553,,,,,,,,,-0.027467,-0.652434,,,-0.000069,-1.775802,-0.089333,-0.064105,,,,,,,,,,,,
320558,,,,,,,,,,,,,,,,,,,,-0.048366,1.032746,-2.390746,,,,,,
320564,,,,,,,,,-0.000000,0.000000,,,-0.000058,-1.494159,-0.089985,-0.067280,,,,,,,,,,,,
320569,,,,,,,,,,,,,,,,,,,,-0.048209,1.032880,-2.393720,,,,,,
320573,-0.048289,1.032813,-2.391883,-0.000697,0.999512,-2.530998,0.004424,0.000314,-0.027467,-0.652434,-3.125880,-3.155032,-0.000049,-1.801729,-0.089296,-0.063180,-0.012140,0.056803,-0.139115,,,,,,,,,
320579,,,,,,,,,,,,,,,,,,,,-0.048073,1.032973,-2.396693,,,,,,
320583,,,,,,,,,-0.027467,-0.652434,,,-0.000041,-2.060518,-0.089921,-0.060811,,,,,,,,,,,,
320588,,,,,,,,,,,,,,,,,,,,-0.047951,1.033065,-2.402627,,,,,,
320593,,,,,,,,,-0.027467,-0.652434,,,-0.000034,-2.278262,-0.090546,-0.058808,,,,,,,,,,,,
320599,,,,,,,,,,,,,,,,,,,,-0.047806,1.033136,-2.405594,,,,,,
320605,,,,,,,,,-0.000000,0.000000,,,-0.000029,-1.916930,-0.091172,-0.062669,,,,,,,,,,,,
320609,,,,,,,,,,,,,,,,,,,,-0.047649,1.033238,-2.411553,,,,,,
320613,,,,,,,,,-0.027467,-0.652434,,,-0.000024,-2.157448,-0.091797,-0.060464,,,,,,,,,,,,
320618,,,,,,,,,,,,,,,,,,,,-0.047545,1.033327,-2.414519,,,,,,
320623,-0.047522,1.033361,-2.415357,-0.000949,0.999336,-2.530962,0.005541,0.000555,-0.000000,0.000000,-3.081051,-3.108630,-0.000020,-1.815276,-0.091965,-0.063680,-0.012227,0.056367,-0.115605,,,,,,,,,
320628,,,,,,,,,,,,,,,,,,,,-0.047448,1.033397,-2.417477,,,,,,
320633,,,,,,,,,-0.027467,-0.652434,,,-0.000017,-2.071916,-0.092581,-0.061321,,,,,,,,,,,,
320639,,,,,,,,,,,,,,,,,,,,-0.047373,1.033419,-2.423387,,,,,,
320643,,,,,,,,,-0.027467,-0.652434,,,-0.000014,-2.287853,-0.093197,-0.059326,,,,,,,,,,,,
320649,,,,,,,,,,,,,,,,,,,,-0.047212,1.033509,-2.429298,,,,,,
320653,,,,,,,,,-0.000000,0.000000,,,-0.000012,-1.924999,-0.093813,-0.063191,,,,,,,,,,,,
320658,,,,,,,,,,,,,,,,,,,,-0.047077,1.033625,-2.432251,,,,,,
320664,,,,,,,,,-0.027467,-0.652434,,,-0.000010,-2.164237,-0.094430,-0.060988,,,,,,,,,,,,
320669,,,,,,,,,,,,,,,,,,,,-0.046819,1.033846,-2.435208,,,,,,
320673,-0.046791,1.033880,-2.436280,-0.001253,0.999123,-2.530903,0.006769,0.000921,-0.000000,0.000000,-2.981571,-3.005146,-0.000009,-1.820989,-0.094031,-0.063622,-0.012141,0.055985,-0.094624,,,,,,,,,
320679,,,,,,,,,,,,,,,,,,,,-0.046670,1.033949,-2.438158,,,,,,
320683,,,,,,,,,-0.027467,-0.652434,,,-0.000007,-2.076723,-0.094628,-0.061250,,,,,,,,,,,,
320689,,,,,,,,,,,,,,,,,,,,-0.046590,1.034042,-2.441106,,,,,,
320693,,,,,,,,,-0.027467,-0.652434,,,-0.000006,-2.291898,-0.095224,-0.059241,,,,,,,,,,,,
320703,,,,,,,,,-0.000000,0.000000,,,-0.000005,-1.928402,-0.095820,-0.063092,,,,,,,,,,,,
320713,,,,,,,,,-0.027467,-0.652434,,,-0.000004,-2.167101,-0.096416,-0.060872,,,,,,,,,,,,
320718,,,,,,,,,,,,,,,,,,,,-0.046145,1.034262,-2.455817,,,,,,
320724,-0.046199,1.034230,-2.454178,-0.001614,0.998870,-2.530813,0.008105,0.001455,-0.000000,0.000000,-2.867501,-2.884796,-0.000004,-2.367941,-0.095849,-0.057764,-0.012022,0.055620,-0.076635,,,,,,,,,
320729,,,,,,,,,,,,,,,,,,,,-0.045952,1.034398,-2.461693,,,,,,
320733,,,,,,,,,-0.027467,-0.652434,,,-0.000003,-1.992386,-0.096423,-0.061698,,,,,,,,,,,,
320738,,,,,,,,,,,,,,,,,,,,-0.045774,1.034493,-2.464629,,,,,,
320743,,,,,,,,,-0.027467,-0.652434,,,-0.000003,-2.220936,-0.096996,-0.059545,,,,,,,,,,,,
320748,,,,,,,,,,,,,,,,,,,,-0.045595,1.034601,-2.470496,,,,,,
320753,,,,,,,,,-0.027467,-0.652434,,,-0.000002,-2.413239,-0.097570,-0.057716,,,,,,,,,,,,
320758,,,,,,,,,,,,,,,,,,,,-0.045435,1.034705,-2.476357,,,,,,
320763,,,,,,,,,-0.000000,0.000000,,,-0.000002,-2.030499,-0.098143,-0.061715,,,,,,,,,,,,
320768,,,,,,,,,,,,,,,,,,,,-0.045285,1.034811,-2.479288,,,,,,
320773,-0.045361,1.034762,-2.477181,-0.002036,0.998575,-2.530679,0.009544,0.002204,-0.027467,-0.652434,-2.720142,-2.724136,-0.000002,-2.253005,-0.097214,-0.057977,-0.011797,0.055203,-0.053498,,,,,,,,,
320779,,,,,,,,,,,,,,,,,,,,-0.045134,1.034897,-2.482244,,,,,,
320784,,,,,,,,,-0.000000,0.000000,,,-0.000001,-1.895678,-0.097758,-0.061716,,,,,,,,,,,,
320788,,,,,,,,,,,,,,,,,,,,-0.045031,1.034934,-2.485170,,,,,,
320793,,,,,,,,,-0.027467,-0.652434,,,-0.000001,-2.139566,-0.098302,-0.059394,,,,,,,,,,,,
320798,,,,,,,,,,,,,,,,,,,,-0.044960,1.034975,-2.485170,,,,,,
320803,,,,,,,,,-0.000000,0.000000,,,-0.000001,-1.800231,-0.098846,-0.062972,,,,,,,,,,,,
320808,,,,,,,,,,,,,,,,,,,,-0.044912,1.034988,-2.488093,,,,,,
320813,,,,,,,,,-0.000000,0.000000,,,-0.000001,-1.514714,-0.099390,-0.066069,,,,,,,,,,,,
320819,,,,,,,,,,,,,,,,,,,,-0.044825,1.035048,-2.491015,,,,,,
320825,-0.044870,1.035024,-2.489854,-0.002523,0.998234,-2.530485,0.011082,0.003223,-0.000000,0.000000,-2.504486,-2.496729,-0.000001,-1.274480,-0.097734,-0.066442,-0.011352,0.054935,-0.040631,,,,,,,,,
320829,,,,,,,,,,,,,,,,,,,,-0.044780,1.035082,-2.491015,,,,,,
320833,,,,,,,,,-0.027467,-0.652434,,,-0.000001,-1.616891,-0.098235,-0.063194,,,,,,,,,,,,
320838,,,,,,,,,,,,,,,,,,,,-0.044738,1.035086,-2.493936,,,,,,
320843,,,,,,,,,-0.027467,-0.652434,,,-0.000000,-1.904995,-0.098736,-0.060431,,,,,,,,,,,,
320848,,,,,,,,,,,,,,,,,,,,-0.044668,1.035112,-2.499774,,,,,,
320853,,,,,,,,,-0.000000,0.000000,,,-0.000000,-1.602862,-0.099237,-0.063631,,,,,,,,,,,,
320858,,,,,,,,,,,,,,,,,,,,-0.044562,1.035159,-2.502691,,,,,,
320863,,,,,,,,,-0.000000,0.000000,,,-0.000000,-1.348648,-0.099738,-0.066403,,,,,,,,,,,,
320869,,,,,,,,,,,,,,,,,,,,-0.044387,1.035295,-2.505575,,,,,,
320873,-0.044427,1.035273,-2.504256,-0.003079,0.997844,-2.530214,0.012717,0.004574,-0.027467,-0.652434,-2.300158,-2.274973,-0.000000,-1.679296,-0.098155,-0.060998,-0.010959,0.054685,-0.025959,,,,,,,,,
320878,,,,,,,,,,,,,,,,,,,,-0.044196,1.035444,-2.505573,,,,,,
320884,,,,,,,,,-0.000000,0.000000,,,-0.000000,-1.412959,-0.098615,-0.063834,,,,,,,,,,,,
320888,,,,,,,,,,,,,,,,,,,,-0.044087,1.035522,-2.508487,,,,,,
320893,,,,,,,,,-0.000000,0.000000,,,-0.000000,-1.188864,-0.099075,-0.066292,,,,,,,,,,,,
320898,,,,,,,,,,,,,,,,,,,,-0.044052,1.035531,-2.508487,,,,,,
320903,,,,,,,,,-0.000000,0.000000,,,-0.000000,-1.000310,-0.099535,-0.068433,,,,,,,,,,,,
320908,,,,,,,,,,,,,,,,,,,,-0.044050,1.035517,-2.508487,,,,,,
320913,,,,,,,,,-0.027467,-0.652434,,,-0.000000,-1.386204,-0.099995,-0.064751,,,,,,,,,,,,
320918,,,,,,,,,,,,,,,,,,,,-0.044059,1.035503,-2.511401,,,,,,
320923,-0.043997,1.035551,-2.513539,-0.003707,0.997404,-2.529845,0.014443,0.006324,-0.000000,0.000000,-1.984265,-1.940985,-0.000000,-1.166352,-0.097233,-0.063765,-0.010187,0.054540,-0.016306,,,,,,,,,
320928,,,,,,,,,,,,,,,,,,,,-0.044043,1.035507,-2.511401,,,,,,
320933,,,,,,,,,-0.000000,0.000000,,,-0.000000,-0.981368,-0.097629,-0.065807,,,,,,,,,,,,
320938,,,,,,,,,,,,,,,,,,,,-0.044026,1.035514,-2.511401,,,,,,
320944,,,,,,,,,-0.000000,0.000000,,,-0.000000,-0.825723,-0.098026,-0.067586,,,,,,,,,,,,
320948,,,,,,,,,,,,,,,,,,,,-0.044007,1.035539,-2.511401,,,,,,
320953,,,,,,,,,-0.000000,0.000000,,,-0.000000,-0.694763,-0.098423,-0.069145,,,,,,,,,,,,
320958,,,,,,,,,,,,,,,,,,,,-0.043999,1.035541,-2.511401,,,,,,
320963,,,,,,,,,-0.000000,0.000000,,,-0.000000,-0.584574,-0.098820,-0.070518,,,,,,,,,,,,
320968,,,,,,,,,,,,,,,,,,,,-0.044011,1.035534,-2.511401,,,,,,
320973,-0.044010,1.035535,-2.511580,-0.004411,0.996910,-2.529351,0.016259,0.008547,-0.000000,0.000000,-1.610225,-1.555492,-0.000000,-0.491860,-0.095402,-0.067803,-0.009240,0.054540,-0.017771,,,,,,,,,
320978,,,,,,,,,,,,,,,,,,,,-0.044030,1.035518,-2.511401,,,,,,
320984,,,,,,,,,-0.000000,0.000000,,,-0.000000,-0.413851,-0.095724,-0.068812,,,,,,,,,,,,
320988,,,,,,,,,,,,,,,,,,,,-0.044035,1.035509,-2.511401,,,,,,
320993,,,,,,,,,-0.000000,0.000000,,,-0.000000,-0.348214,-0.096046,-0.069709,,,,,,,,,,,,
320998,,,,,,,,,,,,,,,,,,,,-0.044032,1.035516,-2.511401,,,,,,
321003,,,,,,,,,-0.000000,0.000000,,,-0.000000,-0.292987,-0.096368,-0.070514,,,,,,,,,,,,
321009,,,,,,,,,,,,,,,,,,,,-0.044033,1.035518,-2.511401,,,,,,
321013,,,,,,,,,-0.000000,0.000000,,,-0.000000,-0.246520,-0.096690,-0.071241,,,,,,,,,,,,
321018,,,,,,,,,,,,,,,,,,,,-0.044020,1.035532,-2.511401,,,,,,
321023,-0.044019,1.035532,-2.511416,-0.005194,0.996359,-2.528702,0.018159,0.011322,-0.000000,0.000000,-1.230371,-1.159346,-0.000000,-0.207422,-0.093137,-0.067861,-0.008283,0.054528,-0.017286,,,,,,,,,
321028,,,,,,,,,,,,,,,,,,,,-0.044023,1.035525,-2.511401,,,,,,
321033,,,,,,,,,-0.000000,0.000000,,,-0.000000,-0.174524,-0.093383,-0.068386,,,,,,,,,,,,
321038,,,,,,,,,,,,,,,,,,,,-0.044032,1.035515,-2.511401,,,,,,
321044,,,,,,,,,-0.000000,0.000000,,,-0.000000,-0.146845,-0.093630,-0.068866,,,,,,,,,,,,
321048,,,,,,,,,,,,,,,,,,,,-0.044036,1.035512,-2.511401,,,,,,
321053,,,,,,,,,-0.000000,0.000000,,,-0.000000,-0.123555,-0.093876,-0.069306,,,,,,,,,,,,
321058,,,,,,,,,,,,,,,,,,,,-0.044034,1.035512,-2.511401,,,,,,
321063,,,,,,,,,-0.000000,0.000000,,,-0.000000,-0.103959,-0.094122,-0.069713,,,,,,,,,,,,
321068,,,,,,,,,,,,,,,,,,,,-0.044038,1.035517,-2.511401,,,,,,
321073,-0.044037,1.035518,-2.511402,-0.006060,0.995750,-2.527865,0.020141,0.014734,-0.000000,0.000000,-0.825143,-0.733879,-0.000000,-0.087471,-0.090234,-0.065752,-0.007247,0.054509,-0.016463,,,,,,,,,
321079,,,,,,,,,,,,,,,,,,,,-0.044035,1.035522,-2.511401,,,,,,
321084,,,,,,,,,-0.000000,0.000000,,,-0.000000,-0.073598,-0.090399,-0.066023,,,,,,,,,,,,
321089,,,,,,,,,,,,,,,,,,,,-0.044029,1.035524,-2.511401,,,,,,
321093,,,,,,,,,-0.000000,0.000000,,,-0.000000,-0.061926,-0.090564,-0.066274,,,,,,,,,,,,
321099,,,,,,,,,,,,,,,,,,,,-0.044034,1.035515,-2.511401,,,,,,
321103,,,,,,,,,-0.000000,0.000000,,,-0.000000,-0.052104,-0.090730,-0.066509,,,,,,,,,,,,
321109,,,,,,,,,,,,,,,,,,,,-0.044034,1.035526,-2.511401,,,,,,
321113,,,,,,,,,-0.000000,0.000000,,,-0.000000,-0.043841,-0.090895,-0.066729,,,,,,,,,,,,
321118,,,,,,,,,,,,,,,,,,,,-0.044026,1.035537,-2.511401,,,,,,
321123,-0.044027,1.035535,-2.511401,-0.007010,0.995080,-2.526802,0.022203,0.018868,-0.000000,0.000000,-0.376613,-0.260707,-0.000000,-0.036887,-0.086485,-0.062112,-0.006066,0.054499,-0.015402,,,,,,,,,
321128,,,,,,,,,,,,,,,,,,,,-0.044031,1.035522,-2.511401,,,,,,
321133,,,,,,,,,-0.000000,0.000000,,,-0.000000,-0.031037,-0.086560,-0.062216,,,,,,,,,,,,
321139,,,,,,,,,,,,,,,,,,,,-0.044036,1.035531,-2.511401,,,,,,
321144,,,,,,,,,-0.000000,0.000000,,,-0.000000,-0.026115,-0.086635,-0.062313,,,,,,,,,,,,
321149,,,,,,,,,,,,,,,,,,,,-0.044034,1.035523,-2.511401,,,,,,
321153,,,,,,,,,-0.000000,0.000000,,,-0.000000,-0.021973,-0.086711,-0.062402,,,,,,,,,,,,
321159,,,,,,,,,,,,,,,,,,,,-0.044034,1.035529,-2.511401,,,,,,
321163,,,,,,,,,-0.000000,0.000000,,,-0.000000,-0.018488,-0.086786,-0.062485,,,,,,,,,,,,
321169,,,,,,,,,,,,,,,,,,,,-0.044029,1.035529,-2.511401,,,,,,
321173,-0.044029,1.035529,-2.511401,-0.008049,0.994345,-2.525469,0.024341,0.023815,-0.000000,0.000000,0.098669,0.244240,-0.000000,-0.015556,-0.082013,-0.057413,-0.004799,0.054476,-0.014069,,,,,,,,,
321179,,,,,,,,,,,,,,,,,,,,-0.044031,1.035528,-2.511371,,,,,,
321183,,,,,,,,,-0.000000,0.000000,,,-0.000000,-0.013089,-0.081994,-0.057386,,,,,,,,,,,,
321189,,,,,,,,,,,,,,,,,,,,-0.044037,1.035518,-2.511401,,,,,,
321193,,,,,,,,,-0.000000,0.000000,,,-0.000000,-0.011013,-0.081974,-0.057356,,,,,,,,,,,,
321205,,,,,,,,,-0.000000,0.000000,,,-0.000000,-0.009266,-0.081954,-0.057323,,,,,,,,,,,,
321213,,,,,,,,,-0.000000,0.000000,,,-0.000000,-0.007797,-0.081934,-0.057287,,,,,,,,,,,,
321219,,,,,,,,,,,,,,,,,,,,-0.044039,1.035524,-2.511401,,,,,,
321223,-0.044039,1.035525,-2.511401,-0.009178,0.993544,-2.523818,0.026553,0.029666,-0.000000,0.000000,0.605619,0.786574,-0.000000,-0.006560,-0.076744,-0.051717,-0.003425,0.054460,-0.012418,,,,,,,,,
321228,,,,,,,,,,,,,,,,,,,,-0.044033,1.035529,-2.511401,,,,,,
321233,,,,,,,,,-0.000000,0.000000,,,-0.000000,-0.005520,-0.076623,-0.051569,,,,,,,,,,,,
321239,,,,,,,,,,,,,,,,,,,,-0.044035,1.035527,-2.511401,,,,,,
321243,,,,,,,,,-0.000000,0.000000,,,-0.000000,-0.004644,-0.076501,-0.051420,,,,,,,,,,,,
321249,,,,,,,,,,,,,,,,,,,,-0.044035,1.035527,-2.511401,,,,,,
321253,,,,,,,,,-0.000000,0.000000,,,-0.000000,-0.003908,-0.076380,-0.051269,,,,,,,,,,,,
321259,,,,,,,,,,,,,,,,,,,,-0.044039,1.035520,-2.511401,,,,,,
321264,,,,,,,,,-0.000000,0.000000,,,-0.000000,-0.003288,-0.076259,-0.051117,,,,,,,,,,,,
321269,,,,,,,,,,,,,,,,,,,,-0.044043,1.035517,-2.511401,,,,,,
321273,-0.044043,1.035518,-2.511401,-0.010400,0.992674,-2.521799,0.028836,0.036512,-0.000000,0.000000,1.147138,1.369914,-0.000000,-0.002766,-0.070615,-0.045015,-0.001933,0.054440,-0.010399,,,,,,,,,
321278,,,,,,,,,,,,,,,,,,,,-0.044041,1.035521,-2.511401,,,,,,
321283,,,,,,,,,-0.000000,0.000000,,,-0.000000,-0.002328,-0.070385,-0.044745,,,,,,,,,,,,
321288,,,,,,,,,,,,,,,,,,,,-0.044032,1.035533,-2.511401,,,,,,
321293,,,,,,,,,-0.000000,0.000000,,,-0.000000,-0.001958,-0.070156,-0.044474,,,,,,,,,,,,
321299,,,,,,,,,,,,,,,,,,,,-0.044035,1.035521,-2.511401,,,,,,
321304,,,,,,,,,-0.000000,0.000000,,,-0.000000,-0.001648,-0.069926,-0.044203,,,,,,,,,,,,
321308,,,,,,,,,,,,,,,,,,,,-0.044046,1.035517,-2.511401,,,,,,
321313,,,,,,,,,-0.000000,0.000000,,,-0.000000,-0.001387,-0.069697,-0.043931,,,,,,,,,,,,
321318,,,,,,,,,,,,,,,,,,,,-0.044049,1.035517,-2.511401,,,,,,
321323,-0.044048,1.035517,-2.511401,-0.011718,0.991732,-2.519355,0.031189,0.044441,-0.000000,0.000000,1.724017,1.995820,-0.000000,-0.001167,-0.063583,-0.037275,-0.000318,0.054427,-0.007955,,,,,,,,,
321329,,,,,,,,,,,,,,,,,,,,-0.044051,1.035517,-2.511401,,,,,,
321333,,,,,,,,,-0.000000,0.000000,,,-0.000000,-0.000982,-0.063239,-0.036877,,,,,,,,,,,,
321338,,,,,,,,,,,,,,,,,,,,-0.044049,1.035518,-2.511401,,,,,,
321343,,,,,,,,,-0.000000,0.000000,,,-0.000000,-0.000826,-0.062894,-0.036479,,,,,,,,,,,,
321348,,,,,,,,,,,,,,,,,,,,-0.044047,1.035520,-2.511401,,,,,,
321353,,,,,,,,,-0.000000,0.000000,,,-0.000000,-0.000695,-0.062549,-0.036081,,,,,,,,,,,,
321359,,,,,,,,,,,,,,,,,,,,-0.044041,1.035522,-2.511401,,,,,,
321364,,,,,,,,,-0.000000,0.000000,,,-0.000000,-0.000585,-0.062204,-0.035683,,,,,,,,,,,,
321368,,,,,,,,,,,,,,,,,,,,-0.044040,1.035531,-2.511401,,,,,,
321373,-0.044040,1.035530,-2.511401,-0.013132,0.990714,-2.516425,0.033611,0.053538,-0.000000,0.000000,2.340930,2.669766,-0.000000,-0.000492,-0.055567,-0.028411,0.001439,0.054422,-0.005024,,,,,,,,,
321378,,,,,,,,,,,,,,,,,,,,-0.044045,1.035524,-2.511401,,,,,,
321383,,,,,,,,,-0.000000,0.000000,,,-0.000000,-0.000414,-0.055099,-0.027877,,,,,,,,,,,,
321389,,,,,,,,,,,,,,,,,,,,-0.044042,1.035522,-2.511401,,,,,,
321393,,,,,,,,,-0.000000,0.000000,,,-0.000000,-0.000348,-0.054630,-0.027344,,,,,,,,,,,,
321398,,,,,,,,,,,,,,,,,,,,-0.044039,1.035523,-2.511371,,,,,,
321403,,,,,,,,,-0.000000,0.000000,,,-0.000000,-0.000293,-0.054162,-0.026811,,,,,,,,,,,,
321409,,,,,,,,,,,,,,,,,,,,-0.044042,1.035519,-2.511401,,,,,,
321413,,,,,,,,,-0.000000,0.000000,,,-0.000000,-0.000247,-0.053694,-0.026277,,,,,,,,,,,,
321424,-0.044042,1.035520,-2.511401,-0.014646,0.989618,-2.512945,0.036100,0.063882,-0.000000,0.000000,,,-0.000000,-0.000207,-0.053226,-0.025743,,,,,,,,,,,,
321427,,,,,,,,,,,2.987109,3.381784,,,,,0.003300,0.054408,-0.001544,-0.044039,1.035536,-2.511401,,,,,,
321433,,,,,,,,,-0.000000,0.000000,,,-0.000000,-0.000175,-0.046167,-0.017947,,,,,,,,,,,,
321438,,,,,,,,,,,,,,,,,,,,-0.044047,1.035519,-2.511401,,,,,,
321443,,,,,,,,,-0.000000,0.000000,,,-0.000000,-0.000147,-0.045569,-0.017271,,,,,,,,,,,,
321449,,,,,,,,,,,,,,,,,,,,-0.044046,1.035519,-2.511401,,,,,,
321453,,,,,,,,,-0.000000,0.000000,,,-0.000000,-0.000124,-0.044972,-0.016595,,,,,,,,,,,,
321459,,,,,,,,,,,,,,,,,,,,-0.044045,1.035524,-2.511371,,,,,,
321464,,,,,,,,,-0.000000,0.000000,,,-0.000000,-0.000104,-0.044374,-0.015919,,,,,,,,,,,,
321468,,,,,,,,,,,,,,,,,,,,-0.044044,1.035521,-2.511401,,,,,,
321473,-0.044044,1.035521,-2.511401,-0.016259,0.988440,-2.508848,0.038656,0.075542,-0.000000,0.000000,3.670584,4.140767,-0.000000,-0.000087,-0.036805,-0.007501,0.005297,0.054411,0.002553,,,,,,,,,
321479,,,,,,,,,,,,,,,,,,,,-0.044046,1.035520,-2.511401,,,,,,
321483,,,,,,,,,-0.000000,0.000000,,,-0.000000,-0.000074,-0.036071,-0.006673,,,,,,,,,,,,
321489,,,,,,,,,,,,,,,,,,,,-0.044051,1.035518,-2.511401,,,,,,
321493,,,,,,,,,-0.000000,0.000000,,,-0.000000,-0.000062,-0.035337,-0.005845,,,,,,,,,,,,
321498,,,,,,,,,,,,,,,,,,,,-0.044054,1.035519,-2.511401,,,,,,
321503,,,,,,,,,-0.000000,0.000000,,,-0.000000,-0.000052,-0.034603,-0.005017,,,,,,,,,,,,
321509,,,,,,,,,,,,,,,,,,,,-0.044050,1.035513,-2.511401,,,,,,
321513,,,,,,,,,-0.000000,0.000000,,,-0.000000,-0.000044,-0.033869,-0.004189,,,,,,,,,,,,
321518,,,,,,,,,,,,,,,,,,,,-0.044051,1.035515,-2.511401,,,,,,
321524,-0.044050,1.035515,-2.511401,-0.017975,0.987175,-2.504063,0.041279,0.088578,-0.000000,0.000000,4.388677,4.944878,-0.000000,-0.000037,-0.025810,0.004841,0.007420,0.054421,0.007338,,,,,,,,,
321528,,,,,,,,,,,,,,,,,,,,-0.044049,1.035517,-2.511401,,,,,,
321533,,,,,,,,,-0.000000,0.000000,,,-0.000000,-0.000031,-0.024933,0.005830,,,,,,,,,,,,
321539,,,,,,,,,,,,,,,,,,,,-0.044049,1.035518,-2.511401,,,,,,
321543,,,,,,,,,-0.000000,0.000000,,,-0.000000,-0.000026,-0.024055,0.006819,,,,,,,,,,,,
321549,,,,,,,,,,,,,,,,,,,,-0.044044,1.035522,-2.511401,,,,,,
321553,,,,,,,,,-0.000000,0.000000,,,-0.000000,-0.000022,-0.023177,0.007808,,,,,,,,,,,,
321558,,,,,,,,,,,,,,,,,,,,-0.044051,1.035514,-2.511401,,,,,,
321563,,,,,,,,,-0.000000,0.000000,,,-0.000000,-0.000018,-0.022299,0.008797,,,,,,,,,,,,
321568,,,,,,,,,,,,,,,,,,,,-0.044052,1.035523,-2.511401,,,,,,
321573,-0.044052,1.035523,-2.511401,-0.019793,0.985821,-2.498520,0.043970,0.103035,-0.000000,0.000000,5.146380,5.799962,-0.000000,-0.000016,-0.013693,0.018508,0.009690,0.054450,0.012880,,,,,,,,,
321578,,,,,,,,,,,,,,,,,,,,-0.044047,1.035526,-2.511401,,,,,,
321584,,,,,,,,,-0.000000,0.000000,,,-0.000000,-0.000013,-0.012664,0.019668,,,,,,,,,,,,
321588,,,,,,,,,,,,,,,,,,,,-0.044044,1.035526,-2.511371,,,,,,
321593,,,,,,,,,-0.000000,0.000000,,,-0.000000,-0.000011,-0.011635,0.020828,,,,,,,,,,,,
321598,,,,,,,,,,,,,,,,,,,,-0.044042,1.035534,-2.511401,,,,,,
321603,,,,,,,,,-0.000000,0.000000,,,-0.000000,-0.000009,-0.010605,0.021988,,,,,,,,,,,,
321608,,,,,,,,,,,,,,,,,,,,-0.044051,1.035515,-2.511401,,,,,,
321613,,,,,,,,,-0.000000,0.000000,,,-0.000000,-0.000008,-0.009576,0.023148,,,,,,,,,,,,
321618,,,,,,,,,,,,,,,,,,,,-0.044055,1.035516,-2.511401,,,,,,
321624,-0.044055,1.035517,-2.511401,-0.021715,0.984371,-2.492145,0.046731,0.118941,-0.000000,0.000000,5.939338,6.702482,-0.000000,-0.000007,-0.008547,0.024308,0.012092,0.054486,0.019256,,,,,,,,,
321628,,,,,,,,,,,,,,,,,,,,-0.044053,1.035518,-2.511371,,,,,,
321633,,,,,,,,,-0.000000,0.000000,,,-0.000000,-0.000006,0.000571,0.034673,,,,,,,,,,,,
321638,,,,,,,,,,,,,,,,,,,,-0.044053,1.035518,-2.511401,,,,,,
321643,,,,,,,,,-0.000000,0.000000,,,-0.000000,-0.000005,0.001759,0.036014,,,,,,,,,,,,
321648,,,,,,,,,,,,,,,,,,,,-0.044051,1.035520,-2.511401,,,,,,
321653,,,,,,,,,-0.000000,0.000000,,,-0.000000,-0.000004,0.002946,0.037354,,,,,,,,,,,,
321658,,,,,,,,,,,,,,,,,,,,-0.044052,1.035521,-2.511401,,,,,,
321663,,,,,,,,,-0.000000,0.000000,,,-0.000000,-0.000003,0.004134,0.038695,,,,,,,,,,,,
321668,,,,,,,,,,,,,,,,,,,,-0.044050,1.035519,-2.511371,,,,,,
321673,-0.044050,1.035519,-2.511374,-0.023740,0.982822,-2.484865,0.049563,0.136305,-0.000000,0.000000,6.773319,7.658941,-0.000000,-0.000003,0.013829,0.049791,0.014647,0.054543,0.026509,,,,,,,,,
321678,,,,,,,,,,,,,,,,,,,,-0.044055,1.035517,-2.511401,,,,,,
321683,,,,,,,,,-0.000000,0.000000,,,-0.000000,-0.000002,0.015183,0.051323,,,,,,,,,,,,
321688,,,,,,,,,,,,,,,,,,,,-0.044061,1.035518,-2.511401,,,,,,
321693,,,,,,,,,0.027467,0.652434,,,-0.000000,0.544541,0.016538,0.047300,,,,,,,,,,,,
321698,,,,,,,,,,,,,,,,,,,,-0.044058,1.035536,-2.511401,,,,,,
321703,,,,,,,,,0.027467,0.652434,,,-0.000000,1.002720,0.017893,0.044050,,,,,,,,,,,,
321709,,,,,,,,,,,,,,,,,,,,-0.044068,1.035533,-2.511371,,,,,,
321713,,,,,,,,,-0.000000,0.000000,,,-0.000000,0.843689,0.019247,0.047003,,,,,,,,,,,,
321719,,,,,,,,,,,,,,,,,,,,-0.044085,1.035525,-2.508488,,,,,,
321723,-0.044082,1.035524,-2.508731,-0.025870,0.981166,-2.476610,0.052469,0.155110,-0.000000,0.000000,7.683271,8.696408,-0.000000,0.709879,0.029884,0.060313,0.017466,0.054603,0.032121,,,,,,,,,
321728,,,,,,,,,,,,,,,,,,,,-0.044126,1.035519,-2.508487,,,,,,
321733,,,,,,,,,-0.000000,0.000000,,,-0.000000,0.597292,0.031420,0.063059,,,,,,,,,,,,
321743,,,,,,,,,-0.000000,0.000000,,,-0.000000,0.502562,0.032957,0.065645,,,,-0.044246,1.035438,-2.505575,,,,,,
321748,,,,,,,,,,,,,,,,,,,,-0.044335,1.035354,-2.505575,,,,,,
321753,,,,,,,,,0.027467,0.652434,,,-0.000000,0.967399,0.034494,0.062543,,,,,,,,,,,,
321758,,,,,,,,,,,,,,,,,,,,-0.044394,1.035324,-2.505573,,,,,,
321763,,,,,,,,,0.027467,0.652434,,,-0.000000,1.358512,0.036030,0.060099,,,,,,,,,,,,
321768,,,,,,,,,,,,,,,,,,,,-0.044416,1.035339,-2.502660,,,,,,
321773,-0.044480,1.035285,-2.500432,-0.028104,0.979398,-2.467312,0.055455,0.175315,-0.000000,0.000000,8.607341,9.741471,-0.000000,1.143052,0.046992,0.074424,0.020304,0.054583,0.033119,,,,,,,,,
321778,,,,,,,,,,,,,,,,,,,,-0.044441,1.035346,-2.499743,,,,,,
321784,,,,,,,,,0.027467,0.652434,,,-0.000000,0.961764,0.048714,0.077993,,,,,,,,,,,,
321789,,,,,,,,,,,,,,,,,,,,-0.044517,1.035264,-2.493906,,,,,,
321793,,,,,,,,,-0.000000,0.000000,,,-0.000000,1.353771,0.050435,0.075750,,,,,,,,,,,,
321799,,,,,,,,,,,,,,,,,,,,-0.044713,1.035156,-2.490985,,,,,,
321803,,,,,,,,,0.027467,0.652434,,,-0.000000,1.683606,0.052157,0.074063,,,,,,,,,,,,
321808,,,,,,,,,,,,,,,,,,,,-0.044896,1.035069,-2.485140,,,,,,
321813,,,,,,,,,0.027467,0.652434,,,-0.000000,1.961129,0.053878,0.072844,,,,,,,,,,,,
321818,,,,,,,,,,,,,,,,,,,,-0.045080,1.034961,-2.482244,,,,,,
321823,-0.045121,1.034918,-2.481033,-0.030442,0.977510,-2.456905,0.058525,0.196847,-0.000000,0.000000,9.690381,10.915868,-0.000000,1.650094,0.066647,0.089552,0.023632,0.054338,0.024128,,,,,,,,,
321828,,,,,,,,,,,,,,,,,,,,-0.045287,1.034851,-2.476357,,,,,,
321833,,,,,,,,,0.054935,1.304868,,,-0.000000,2.477475,0.068585,0.082966,,,,,,,,,,,,
321838,,,,,,,,,,,,,,,,,,,,-0.045490,1.034723,-2.470496,,,,,,
321844,,,,,,,,,-0.000000,0.000000,,,-0.000000,2.084547,0.070523,0.088661,,,,,,,,,,,,
321848,,,,,,,,,,,,,,,,,,,,-0.045735,1.034538,-2.461693,,,,,,
321853,,,,,,,,,0.054935,1.304868,,,-0.000000,2.843024,0.072461,0.082691,,,,,,,,,,,,
321858,,,,,,,,,,,,,,,,,,,,-0.046013,1.034387,-2.455817,,,,,,
321863,,,,,,,,,0.027467,0.652434,,,-0.000000,2.936663,0.074399,0.083350,,,,,,,,,,,,
321868,,,,,,,,,,,,,,,,,,,,-0.046275,1.034236,-2.446992,,,,,,
321873,-0.046268,1.034221,-2.447111,-0.032882,0.975494,-2.445333,0.061686,0.219602,0.027467,0.652434,10.899602,12.166761,-0.000000,3.015451,0.088671,0.096902,0.027299,0.053691,0.001778,,,,,,,,,
321878,,,,,,,,,,,,,,,,,,,,-0.046567,1.034033,-2.438152,,,,,,
321884,,,,,,,,,0.027467,0.652434,,,-0.000000,3.081744,0.090851,0.098056,,,,,,,,,,,,
321888,,,,,,,,,,,,,,,,,,,,-0.046884,1.033814,-2.429304,,,,,,
321893,,,,,,,,,0.082402,1.957303,,,-0.000000,4.226608,0.093031,0.088195,,,,,,,,,,,,
321899,,,,,,,,,,,,,,,,,,,,-0.047214,1.033530,-2.420436,,,,,,
321903,,,,,,,,,0.027467,0.652434,,,-0.000000,4.100811,0.095211,0.091066,,,,,,,,,,,,
321908,,,,,,,,,,,,,,,,,,,,-0.047558,1.033313,-2.408567,,,,,,
321913,,,,,,,,,0.054935,1.304868,,,-0.000000,4.539508,0.097391,0.088205,,,,,,,,,,,,
321918,,,,,,,,,,,,,,,,,,,,-0.048018,1.033003,-2.396714,,,,,,
321923,-0.048044,1.032953,-2.395468,-0.035424,0.973341,-2.432546,0.064945,0.243439,0.054935,1.304868,12.212250,13.448647,-0.000000,4.908628,0.112960,0.099041,0.031197,0.052341,-0.037078,,,,,,,,,
321929,,,,,,,,,,,,,,,,,,,,-0.048372,1.032747,-2.384792,,,,,,
321933,,,,,,,,,0.054935,1.304868,,,-0.000000,5.219205,0.115402,0.097581,,,,,,,,,,,,
321938,,,,,,,,,,,,,,,,,,,,-0.048741,1.032425,-2.372862,,,,,,
321944,,,,,,,,,0.027467,0.652434,,,-0.000000,4.935982,0.117845,0.102115,,,,,,,,,,,,
321948,,,,,,,,,,,,,,,,,,,,-0.049173,1.032129,-2.357901,,,,,,
321953,,,,,,,,,0.109870,2.609737,,,-0.000000,6.331307,0.120287,0.089586,,,,,,,,,,,,
321959,,,,,,,,,,,,,,,,,,,,-0.049711,1.031722,-2.345879,,,,,,
321963,,,,,,,,,0.054935,1.304868,,,-0.000000,6.416248,0.122730,0.090143,,,,,,,,,,,,
321968,,,,,,,,,,,,,,,,,,,,-0.050310,1.031280,-2.327828,,,,,,
321973,-0.050284,1.031259,-2.328029,-0.038066,0.971042,-2.418504,0.068314,0.268179,0.054935,1.304868,13.634801,14.764688,-0.000000,6.487717,0.139682,0.104244,0.035369,0.050243,-0.090475,,,,,,,,,
321978,,,,,,,,,,,,,,,,,,,,-0.050890,1.030847,-2.312757,,,,,,
321983,,,,,,,,,0.109870,1.304868,,,0.544543,7.092394,0.136855,0.099731,,,,,,,,,,,,
321989,,,,,,,,,,,,,,,,,,,,-0.051371,1.030427,-2.297622,,,,,,
321993,,,,,,,,,0.082402,1.957303,,,0.458179,7.601169,0.140354,0.096076,,,,,,,,,,,,
321998,,,,,,,,,,,,,,,,,,,,-0.051834,1.029962,-2.285477,,,,,,
322004,,,,,,,,,0.027467,0.652434,,,0.385511,6.940166,0.143730,0.104251,,,,,,,,,,,,
322008,,,,,,,,,,,,,,,,,,,,-0.052444,1.029378,-2.270237,,,,,,
322013,,,,,,,,,0.137337,0.652434,,,1.413456,7.473084,0.135895,0.100380,,,,,,,,,,,,
322019,,,,,,,,,,,,,,,,,,,,-0.053017,1.028724,-2.261068,,,,,,
322023,-0.053176,1.028511,-2.263950,-0.040807,0.968586,-2.403179,0.071803,0.293604,0.082402,0.652434,14.673925,15.698119,1.733825,7.376939,0.145671,0.112341,0.038193,0.047804,-0.139229,,,,,,,,,
322028,,,,,,,,,,,,,,,,,,,,-0.053600,1.027990,-2.254944,,,,,,
322033,,,,,,,,,0.137337,0.652434,,,2.547926,7.840585,0.139955,0.109276,,,,,,,,,,,,
322039,,,,,,,,,,,,,,,,,,,,-0.054273,1.027265,-2.248832,,,,,,
322044,,,,,,,,,0.082402,0.652434,,,2.688368,7.686153,0.140947,0.112422,,,,,,,,,,,,
322049,,,,,,,,,,,,,,,,,,,,-0.055139,1.026298,-2.242669,,,,,,
322053,,,,,,,,,0.192272,0.652434,,,3.895622,8.100759,0.131031,0.109796,,,,,,,,,,,,
322058,,,,,,,,,,,,,,,,,,,,-0.055941,1.025360,-2.239575,,,,,,
322063,,,,,,,,,0.109870,0.000000,,,4.366862,8.449607,0.128380,0.107757,,,,,,,,,,,,
322068,,,,,,,,,,,,,,,,,,,,-0.056770,1.024275,-2.236518,,,,,,
322073,-0.056762,1.024275,-2.238820,-0.043643,0.965961,-2.386556,0.075424,0.319459,0.109870,0.000000,14.707287,15.797879,4.763364,8.198585,0.126737,0.112785,0.037653,0.046421,-0.147736,,,,,,,,,
322079,,,,,,,,,,,,,,,,,,,,-0.057725,1.023106,-2.233444,,,,,,
322083,,,,,,,,,0.192272,0.652434,,,5.641523,9.076461,0.119769,0.105350,,,,,,,,,,,,
322089,,,,,,,,,,,,,,,,,,,,-0.058651,1.021850,-2.233438,,,,,,
322093,,,,,,,,,0.164805,0.000000,,,6.380407,9.270562,0.114045,0.104715,,,,,,,,,,,,
322098,,,,,,,,,,,,,,,,,,,,-0.059616,1.020565,-2.230370,,,,,,
322104,,,,,,,,,0.109870,0.000000,,,7.002103,9.433880,0.109369,0.104354,,,,,,,,,,,,
322108,,,,,,,,,,,,,,,,,,,,-0.060747,1.019162,-2.227309,,,,,,
322113,,,,,,,,,0.219740,0.000000,,,7.525198,9.571295,0.105575,0.104225,,,,,,,,,,,,
322118,,,,,,,,,,,,,,,,,,,,-0.061820,1.017806,-2.227286,,,,,,
322123,-0.061966,1.017625,-2.228254,-0.046573,0.963155,-2.368637,0.079194,0.345450,0.137337,0.652434,13.765601,14.997465,7.420787,9.686915,0.098471,0.096127,0.033709,0.045471,-0.140384,,,,,,,,,
322128,,,,,,,,,,,,,,,,,,,,-0.063015,1.016390,-2.224212,,,,,,
322133,,,,,,,,,0.219740,0.000000,,,8.422022,10.328742,0.089527,0.090643,,,,,,,,,,,,
322138,,,,,,,,,,,,,,,,,,,,-0.064102,1.015119,-2.218032,,,,,,
322143,,,,,,,,,0.164805,1.304868,,,8.175374,10.868775,0.093112,0.086068,,,,,,,,,,,,
322148,,,,,,,,,,,,,,,,,,,,-0.065180,1.013828,-2.214913,,,,,,
322153,,,,,,,,,0.164805,0.000000,,,8.512388,10.778616,0.090792,0.087813,,,,,,,,,,,,
322158,,,,,,,,,,,,,,,,,,,,-0.066255,1.012435,-2.205656,,,,,,
322163,,,,,,,,,0.082402,0.652434,,,7.706865,10.158213,0.100059,0.094985,,,,,,,,,,,,
322169,,,,,,,,,,,,,,,,,,,,-0.067264,1.011112,-2.202515,,,,,,
322173,-0.067026,1.011381,-2.201937,-0.049593,0.960152,-2.349440,0.083129,0.371250,0.247207,1.957303,13.229312,14.527781,8.118185,11.814378,0.091605,0.074269,0.031073,0.044304,-0.147502,,,,,,,,,
322178,,,,,,,,,,,,,,,,,,,,-0.068311,1.009849,-2.196316,,,,,,
322183,,,,,,,,,0.192272,-0.652434,,,9.008813,11.574245,0.083543,0.077261,,,,,,,,,,,,
322188,,,,,,,,,,,,,,,,,,,,-0.069340,1.008437,-2.190116,,,,,,
322193,,,,,,,,,0.137337,0.652434,,,8.669101,11.372198,0.087852,0.079913,,,,,,,,,,,,
322198,,,,,,,,,,,,,,,,,,,,-0.070195,1.007138,-2.183870,,,,,,
322204,,,,,,,,,0.082402,0.652434,,,7.838723,10.657652,0.097234,0.087833,,,,,,,,,,,,
322209,,,,,,,,,,,,,,,,,,,,-0.071183,1.005825,-2.177639,,,,,,
322213,,,,,,,,,0.247207,0.652434,,,8.773673,11.690063,0.088776,0.078076,,,,,,,,,,,,
322218,,,,,,,,,,,,,,,,,,,,-0.072186,1.004396,-2.174500,,,,,,
322223,-0.072351,1.004135,-2.174065,-0.052700,0.956938,-2.329002,0.087248,0.396506,0.109870,0.000000,12.505831,13.860545,8.471253,10.925103,0.085372,0.079640,0.027717,0.042959,-0.154937,,,,,,,,,
322229,,,,,,,,,,,,,,,,,,,,-0.073138,1.003119,-2.171386,,,,,,
322233,,,,,,,,,0.192272,0.652434,,,8.761341,11.370553,0.083220,0.075684,,,,,,,,,,,,
322238,,,,,,,,,,,,,,,,,,,,-0.073980,1.001825,-2.165146,,,,,,
322243,,,,,,,,,0.164805,0.000000,,,9.005421,11.200811,0.081479,0.077913,,,,,,,,,,,,
322248,,,,,,,,,,,,,,,,,,,,-0.074768,1.000584,-2.162035,,,,,,
322253,,,,,,,,,0.137337,0.652434,,,8.666246,11.057991,0.085639,0.079902,,,,,,,,,,,,
322259,,,,,,,,,,,,,,,,,,,,-0.075557,0.999337,-2.162017,,,,,,
322264,,,,,,,,,0.109870,1.304868,,,7.836322,9.848736,0.094872,0.092797,,,,,,,,,,,,
322269,,,,,,,,,,,,,,,,,,,,-0.076389,0.998127,-2.158879,,,,,,
322273,-0.076301,0.998244,-2.154678,-0.055888,0.953497,-2.307377,0.091573,0.420843,0.137337,-0.652434,12.264163,13.719812,8.227110,10.464898,0.089355,0.085879,0.026081,0.041699,-0.152699,,,,,,,,,
322278,,,,,,,,,,,,,,,,,,,,-0.077284,0.996802,-2.155755,,,,,,
322283,,,,,,,,,0.219740,0.000000,,,8.555919,10.983336,0.086809,0.081242,,,,,,,,,,,,
322288,,,,,,,,,,,,,,,,,,,,-0.078089,0.995711,-2.152617,,,,,,
322293,,,,,,,,,0.137337,0.652434,,,8.832579,10.875008,0.084728,0.082894,,,,,,,,,,,,
322298,,,,,,,,,,,,,,,,,,,,-0.078861,0.994566,-2.149440,,,,,,
322303,,,,,,,,,0.137337,0.652434,,,8.520817,10.783859,0.088595,0.084393,,,,,,,,,,,,
322308,,,,,,,,,,,,,,,,,,,,-0.079658,0.993431,-2.143147,,,,,,
322313,,,,,,,,,0.137337,0.652434,,,8.258500,10.162624,0.092019,0.091316,,,,,,,,,,,,
322318,,,,,,,,,,,,,,,,,,,,-0.080483,0.992194,-2.139984,,,,,,
322325,-0.080442,0.992216,-2.138479,-0.059155,0.949811,-2.284642,0.096127,0.443879,0.054935,0.000000,11.992867,13.568350,7.493244,9.639917,0.097858,0.095815,0.024308,0.040749,-0.146163,,,,,,,,,
322328,,,,,,,,,,,,,,,,,,,,-0.081204,0.991160,-2.136835,,,,,,
322333,,,,,,,,,0.219740,0.000000,,,8.482987,10.289198,0.088663,0.089978,,,,,,,,,,,,
322338,,,,,,,,,,,,,,,,,,,,-0.082012,0.989963,-2.127338,,,,,,
322343,,,,,,,,,0.109870,1.304868,,,7.682127,10.290959,0.097534,0.090615,,,,,,,,,,,,
322348,,,,,,,,,,,,,,,,,,,,-0.082821,0.988766,-2.124183,,,,,,
322353,,,,,,,,,0.192272,0.652434,,,8.097371,10.836985,0.094160,0.085701,,,,,,,,,,,,
322359,,,,,,,,,,,,,,,,,,,,-0.083563,0.987684,-2.117820,,,,,,
322364,,,,,,,,,0.027467,0.652434,,,6.813127,9.662781,0.108039,0.098225,,,,,,,,,,,,
322368,,,,,,,,,,,,,,,,,,,,-0.084364,0.986433,-2.111478,,,,,,
322373,-0.084095,0.986820,-2.111006,-0.062495,0.945862,-2.260888,0.100936,0.465234,0.219740,0.000000,12.181089,13.803766,7.910737,10.308435,0.099799,0.094821,0.024017,0.039590,-0.149882,,,,,,,,,
322378,,,,,,,,,,,,,,,,,,,,-0.085214,0.985262,-2.101902,,,,,,
322383,,,,,,,,,0.164805,1.304868,,,7.745180,10.851689,0.102342,0.089979,,,,,,,,,,,,
322388,,,,,,,,,,,,,,,,,,,,-0.086049,0.984045,-2.095517,,,,,,
322393,,,,,,,,,0.137337,0.652434,,,7.605879,10.764239,0.104650,0.091462,,,,,,,,,,,,
322398,,,,,,,,,,,,,,,,,,,,-0.086739,0.982726,-2.089140,,,,,,
322403,,,,,,,,,0.164805,0.000000,,,8.033216,10.690660,0.101206,0.092820,,,,,,,,,,,,
322408,,,,,,,,,,,,,,,,,,,,-0.087503,0.981377,-2.082711,,,,,,
322413,,,,,,,,,0.109870,1.304868,,,7.303689,10.628749,0.109477,0.094074,,,,,,,,,,,,
322419,,,,,,,,,,,,,,,,,,,,-0.088349,0.980071,-2.079522,,,,,,
322424,-0.088228,0.980242,-2.082164,-0.065903,0.941628,-2.236227,0.106025,0.484545,0.109870,0.000000,,,7.234410,10.032114,0.111159,0.100795,,,,,,,,,,,,
322427,,,,,,,,,,,12.120715,13.771620,,,,,0.022749,0.038366,-0.154063,-0.089192,0.978630,-2.073095,,,,,,
322433,,,,,,,,,0.247207,0.652434,,,8.265204,11.163735,0.101018,0.089679,,,,,,,,,,,,
322438,,,,,,,,,,,,,,,,,,,,-0.090007,0.977205,-2.069887,,,,,,
322443,,,,,,,,,0.164805,0.000000,,,8.043428,11.026795,0.104052,0.091597,,,,,,,,,,,,
322448,,,,,,,,,,,,,,,,,,,,-0.090764,0.975893,-2.066656,,,,,,
322453,,,,,,,,,0.137337,0.652434,,,8.401369,10.911573,0.101216,0.093321,,,,,,,,,,,,
322458,,,,,,,,,,,,,,,,,,,,-0.091549,0.974586,-2.060204,,,,,,
322463,,,,,,,,,0.192272,0.652434,,,8.702540,11.359169,0.098888,0.089328,,,,,,,,,,,,
322468,,,,,,,,,,,,,,,,,,,,-0.092381,0.973077,-2.056939,,,,,,
322473,-0.092416,0.972968,-2.056319,-0.069373,0.937089,-2.210784,0.111425,0.501481,0.137337,0.652434,11.937947,13.625023,8.411403,11.191233,0.100677,0.090028,0.020979,0.037124,-0.154466,,,,,,,,,
322478,,,,,,,,,,,,,,,,,,,,-0.093365,0.971523,-2.050470,,,,,,
322484,,,,,,,,,0.109870,0.000000,,,8.710982,11.594475,0.098327,0.086402,,,,,,,,,,,,
322488,,,,,,,,,,,,,,,,,,,,-0.094227,0.969964,-2.044006,,,,,,
322493,,,,,,,,,0.247207,0.652434,,,8.963049,11.389219,0.096401,0.088901,,,,,,,,,,,,
322498,,,,,,,,,,,,,,,,,,,,-0.095031,0.968471,-2.040781,,,,,,
322503,,,,,,,,,0.164805,1.304868,,,8.630594,11.216517,0.100387,0.091110,,,,,,,,,,,,
322509,,,,,,,,,,,,,,,,,,,,-0.095747,0.967100,-2.034256,,,,,,
322513,,,,,,,,,0.164805,0.000000,,,8.895411,11.615749,0.098347,0.087520,,,,,,,,,,,,
322519,,,,,,,,,,,,,,,,,,,,-0.096505,0.965647,-2.031000,,,,,,
322524,-0.096376,0.965853,-2.033124,-0.072898,0.932223,-2.184699,0.117163,0.515758,0.109870,0.000000,,,8.573684,10.862576,0.102237,0.095604,,,,,,,,,,,,
322527,,,,,,,,,,,11.893825,13.624038,,,,,0.019627,0.036013,-0.151575,-0.097286,0.964133,-2.024477,,,,,,
322533,,,,,,,,,0.219740,1.304868,,,8.847526,11.862487,0.099667,0.085947,,,,,,,,,,,,
322539,,,,,,,,,,,,,,,,,,,,-0.098098,0.962684,-2.021191,,,,,,
322543,,,,,,,,,0.164805,0.000000,,,9.077936,11.614724,0.097926,0.088827,,,,,,,,,,,,
322548,,,,,,,,,,,,,,,,,,,,-0.098875,0.961201,-2.017941,,,,,,
322553,,,,,,,,,0.164805,0.000000,,,9.271804,11.406257,0.096512,0.091355,,,,,,,,,,,,
322558,,,,,,,,,,,,,,,,,,,,-0.099711,0.959661,-2.011372,,,,,,
322563,,,,,,,,,0.164805,1.304868,,,8.890381,11.775395,0.100927,0.088033,,,,,,,,,,,,
322569,,,,,,,,,,,,,,,,,,,,-0.100521,0.958121,-2.004806,,,,,,
322573,-0.100463,0.958142,-2.001708,-0.076472,0.927005,-2.158120,0.123273,0.527149,0.192272,0.652434,11.900349,13.597273,9.113995,12.085989,0.099313,0.084962,0.018270,0.034804,-0.156413,,,,,,,,,
322578,,,,,,,,,,,,,,,,,,,,-0.101246,0.956633,-2.001542,,,,,,
322584,,,,,,,,,0.082402,-0.652434,,,8.757600,10.713693,0.103506,0.099262,,,,,,,,,,,,
322589,,,,,,,,,,,,,,,,,,,,-0.101950,0.955162,-1.998251,,,,,,
322593,,,,,,,,,0.247207,0.652434,,,9.002273,11.737216,0.101638,0.089398,,,,,,,,,,,,
322598,,,,,,,,,,,,,,,,,,,,-0.102624,0.953638,-1.994975,,,,,,
322603,,,,,,,,,0.164805,1.304868,,,9.208140,12.053864,0.100118,0.086541,,,,,,,,,,,,
322609,,,,,,,,,,,,,,,,,,,,-0.103440,0.952006,-1.988360,,,,,,
322613,,,,,,,,,0.164805,0.000000,,,9.381358,11.775749,0.098890,0.089686,,,,,,,,,,,,
322618,,,,,,,,,,,,,,,,,,,,-0.104148,0.950472,-1.985037,,,,,,
322623,-0.104127,0.950487,-1.986436,-0.080087,0.921411,-2.131202,0.129783,0.535496,0.164805,1.304868,11.890925,13.664875,8.982560,11.541743,0.103365,0.093127,0.016894,0.033733,-0.144766,,,,,,,,,
322628,,,,,,,,,,,,,,,,,,,,-0.104920,0.948902,-1.981704,,,,,,
322633,,,,,,,,,0.192272,-0.652434,,,9.736097,11.889394,0.096261,0.090005,,,,,,,,,,,,
322638,,,,,,,,,,,,,,,,,,,,-0.105672,0.947282,-1.978421,,,,,,
322644,,,,,,,,,0.082402,0.652434,,,8.736494,11.092821,0.106888,0.098485,,,,,,,,,,,,
322648,,,,,,,,,,,,,,,,,,,,-0.106431,0.945630,-1.975103,,,,,,
322653,,,,,,,,,0.274675,0.000000,,,10.073601,12.056214,0.093880,0.089173,,,,,,,,,,,,
322658,,,,,,,,,,,,,,,,,,,,-0.107103,0.944030,-1.971803,,,,,,
322663,,,,,,,,,0.137337,0.652434,,,9.565013,11.777727,0.099431,0.092336,,,,,,,,,,,,
322668,,,,,,,,,,,,,,,,,,,,-0.107853,0.942501,-1.968482,,,,,,
322673,-0.107765,0.942640,-1.967251,-0.083736,0.915415,-2.104101,0.136725,0.540717,0.164805,0.000000,12.014587,13.823283,10.226173,11.543407,0.094414,0.096719,0.015835,0.032678,-0.136850,,,,,,,,,
322679,,,,,,,,,,,,,,,,,,,,-0.108558,0.940872,-1.965136,,,,,,
322685,,,,,,,,,0.137337,0.652434,,,9.148844,11.346251,0.105760,0.099186,,,,,,,,,,,,
322688,,,,,,,,,,,,,,,,,,,,-0.109321,0.939084,-1.961825,,,,,,
322693,,,,,,,,,0.247207,0.652434,,,9.876009,12.269450,0.098916,0.090265,,,,,,,,,,,,
322698,,,,,,,,,,,,,,,,,,,,-0.110010,0.937491,-1.958494,,,,,,
322703,,,,,,,,,0.164805,0.000000,,,9.943302,11.957144,0.098658,0.093761,,,,,,,,,,,,
322709,,,,,,,,,,,,,,,,,,,,-0.110817,0.935661,-1.951787,,,,,,
322713,,,,,,,,,0.192272,0.652434,,,9.999923,12.238912,0.098494,0.091260,,,,,,,,,,,,
322719,,,,,,,,,,,,,,,,,,,,-0.111522,0.934008,-1.948468,,,,,,
322723,-0.111507,0.933983,-1.947307,-0.087412,0.908990,-2.076972,0.144129,0.542807,0.164805,0.000000,12.066032,13.889468,10.047564,11.931448,0.098936,0.095388,0.014383,0.031597,-0.129665,,,,,,,,,
322728,,,,,,,,,,,,,,,,,,,,-0.112164,0.932355,-1.945120,,,,,,
322733,,,,,,,,,0.192272,0.652434,,,10.087648,12.217292,0.098931,0.092864,,,,,,,,,,,,
322739,,,,,,,,,,,,,,,,,,,,-0.112977,0.930605,-1.941741,,,,,,
322744,,,,,,,,,0.109870,0.000000,,,9.576833,11.368714,0.104537,0.101854,,,,,,,,,,,,
322749,,,,,,,,,,,,,,,,,,,,-0.113628,0.929057,-1.935051,,,,,,
322753,,,,,,,,,0.274675,1.304868,,,10.236118,12.832894,0.098310,0.087424,,,,,,,,,,,,
322759,,,,,,,,,,,,,,,,,,,,-0.114279,0.927414,-1.931687,,,,,,
322763,,,,,,,,,0.164805,0.000000,,,10.246298,12.431225,0.098572,0.091732,,,,,,,,,,,,
322769,,,,,,,,,,,,,,,,,,,,-0.114987,0.925648,-1.928302,,,,,,
322773,-0.114948,0.925704,-1.929897,-0.091104,0.902109,-2.049965,0.152023,0.541840,0.137337,0.652434,12.364736,14.213215,9.710320,12.093261,0.107450,0.098773,0.013710,0.030615,-0.120068,,,,,,,,,
322778,,,,,,,,,,,,,,,,,,,,-0.115730,0.923779,-1.921544,,,,,,
322784,,,,,,,,,0.164805,0.000000,,,9.803892,11.808898,0.107026,0.102098,,,,,,,,,,,,
322789,,,,,,,,,,,,,,,,,,,,-0.116393,0.922075,-1.921563,,,,,,
322793,,,,,,,,,0.247207,0.652434,,,10.427166,12.658721,0.101181,0.093910,,,,,,,,,,,,
322798,,,,,,,,,,,,,,,,,,,,-0.117015,0.920316,-1.918209,,,,,,
322803,,,,,,,,,0.219740,0.000000,,,10.951589,12.829219,0.096220,0.092482,,,,,,,,,,,,
322808,,,,,,,,,,,,,,,,,,,,-0.117637,0.918703,-1.914825,,,,,,
322813,,,,,,,,,0.164805,1.304868,,,10.303752,12.972676,0.103110,0.091296,,,,,,,,,,,,
322819,,,,,,,,,,,,,,,,,,,,-0.118328,0.916964,-1.908000,,,,,,
322823,-0.118268,0.917044,-1.904362,-0.094805,0.894744,-2.023221,0.160435,0.537958,0.192272,0.652434,12.832459,14.611373,10.303205,12.548838,0.108299,0.099928,0.013388,0.029471,-0.118859,,,,,,,,,
322828,,,,,,,,,,,,,,,,,,,,-0.119020,0.915216,-1.904604,,,,,,
322833,,,,,,,,,0.192272,-0.652434,,,10.847288,12.736763,0.103255,0.098424,,,,,,,,,,,,
322839,,,,,,,,,,,,,,,,,,,,-0.119650,0.913516,-1.901232,,,,,,
322844,,,,,,,,,0.082402,0.652434,,,9.671450,11.805798,0.115646,0.108294,,,,,,,,,,,,
322849,,,,,,,,,,,,,,,,,,,,-0.120282,0.911774,-1.894390,,,,,,
322853,,,,,,,,,0.302142,0.652434,,,10.860272,12.656113,0.104152,0.100182,,,,,,,,,,,,
322858,,,,,,,,,,,,,,,,,,,,-0.120973,0.910114,-1.890978,,,,,,
322863,,,,,,,,,0.164805,0.000000,,,10.771461,12.827024,0.105452,0.098830,,,,,,,,,,,,
322869,,,,,,,,,,,,,,,,,,,,-0.121625,0.908305,-1.884154,,,,,,
322873,-0.121569,0.908385,-1.885850,-0.098506,0.886865,-1.996870,0.169390,0.531364,0.192272,1.957303,13.384157,15.148265,10.152193,12.970829,0.117808,0.103196,0.013314,0.028596,-0.111020,,,,,,,,,
322878,,,,,,,,,,,,,,,,,,,,-0.122298,0.906454,-1.880760,,,,,,
322883,,,,,,,,,0.192272,-0.652434,,,10.720226,13.091826,0.112661,0.102398,,,,,,,,,,,,
322888,,,,,,,,,,,,,,,,,,,,-0.122934,0.904633,-1.877301,,,,,,
322893,,,,,,,,,0.192272,0.652434,,,10.653626,13.193634,0.113873,0.101771,,,,,,,,,,,,
322898,,,,,,,,,,,,,,,,,,,,-0.123497,0.902818,-1.870412,,,,,,
322904,,,,,,,,,0.109870,0.000000,,,11.142133,13.279295,0.109436,0.101288,,,,,,,,,,,,
322908,,,,,,,,,,,,,,,,,,,,-0.124077,0.900875,-1.866949,,,,,,
322913,,,,,,,,,0.302142,0.652434,,,11.008618,13.351370,0.111246,0.100926,,,,,,,,,,,,
322918,,,,,,,,,,,,,,,,,,,,-0.124747,0.898849,-1.860070,,,,,,
322923,-0.124854,0.898438,-1.859496,-0.102196,0.878443,-1.971027,0.178908,0.522310,0.164805,0.000000,13.865703,15.511741,10.896279,12.867471,0.117779,0.109929,0.012716,0.027413,-0.111531,,,,,,,,,
322928,,,,,,,,,,,,,,,,,,,,-0.125433,0.896809,-1.860116,,,,,,
322933,,,,,,,,,0.247207,0.652434,,,11.346301,13.549404,0.113783,0.103502,,,,,,,,,,,,
322938,,,,,,,,,,,,,,,,,,,,-0.126019,0.894883,-1.853132,,,,,,
322944,,,,,,,,,0.109870,0.000000,,,11.180406,13.578640,0.115979,0.103596,,,,,,,,,,,,
322948,,,,,,,,,,,,,,,,,,,,-0.126629,0.892882,-1.849622,,,,,,
322953,,,,,,,,,0.302142,0.652434,,,11.585364,13.603239,0.112385,0.103732,,,,,,,,,,,,
322958,,,,,,,,,,,,,,,,,,,,-0.127253,0.890911,-1.846219,,,,,,
322963,,,,,,,,,0.192272,0.652434,,,11.381554,13.623937,0.114920,0.103903,,,,,,,,,,,,
322969,,,,,,,,,,,,,,,,,,,,-0.127947,0.888890,-1.842777,,,,,,
322973,-0.127905,0.888914,-1.841443,-0.105867,0.869448,-1.945792,0.189010,0.511085,0.219740,1.304868,14.565236,16.169369,11.210068,14.185894,0.124301,0.105256,0.012866,0.026441,-0.104349,,,,,,,,,
322978,,,,,,,,,,,,,,,,,,,,-0.128678,0.886917,-1.839266,,,,,,
322983,,,,,,,,,0.219740,0.000000,,,11.610322,14.114182,0.120890,0.106384,,,,,,,,,,,,
322988,,,,,,,,,,,,,,,,,,,,-0.129307,0.884900,-1.832294,,,,,,
322993,,,,,,,,,0.219740,0.000000,,,11.947096,14.053844,0.118046,0.107411,,,,,,,,,,,,
323004,,,,,,,,,0.137337,0.652434,,,11.141371,13.458532,0.126788,0.113906,,,,-0.129977,0.882748,-1.828788,,,,,,
323008,,,,,,,,,,,,,,,,,,,,-0.130617,0.880726,-1.828788,,,,,,
323013,,,,,,,,,0.329610,0.000000,,,12.641607,14.591267,0.112170,0.102894,,,,,,,,,,,,
323018,,,,,,,,,,,,,,,,,,,,-0.131216,0.878586,-1.821788,,,,,,
323023,-0.131306,0.878120,-1.823438,-0.109508,0.859850,-1.921253,0.199708,0.497998,0.247207,0.652434,15.089366,16.640339,12.814819,14.999805,0.116134,0.103847,0.012241,0.025673,-0.097815,,,,,,,,,
323028,,,,,,,,,,,,,,,,,,,,-0.131836,0.876378,-1.818282,,,,,,
323033,,,,,,,,,0.192272,0.652434,,,12.416017,14.799007,0.120657,0.106223,,,,,,,,,,,,
323038,,,,,,,,,,,,,,,,,,,,-0.132486,0.874140,-1.814770,,,,,,
323043,,,,,,,,,0.247207,0.652434,,,12.625008,14.630055,0.119060,0.108315,,,,,,,,,,,,
323048,,,,,,,,,,,,,,,,,,,,-0.133230,0.871902,-1.811211,,,,,,
323053,,,,,,,,,0.219740,0.000000,,,12.800853,15.032443,0.117759,0.104612,,,,,,,,,,,,
323058,,,,,,,,,,,,,,,,,,,,-0.133918,0.869688,-1.804150,,,,,,
323064,,,,,,,,,0.164805,-1.304868,,,12.948809,13.737382,0.116708,0.118143,,,,,,,,,,,,
323068,,,,,,,,,,,,,,,,,,,,-0.134521,0.867458,-1.800663,,,,,,
323073,-0.134442,0.867688,-1.808050,-0.113108,0.849619,-1.897476,0.211014,0.483365,0.357077,1.957303,15.904826,17.424927,13.617842,15.914977,0.118629,0.104515,0.012548,0.024983,-0.089426,,,,,,,,,
323078,,,,,,,,,,,,,,,,,,,,-0.135091,0.865290,-1.797116,,,,,,
323083,,,,,,,,,0.192272,0.652434,,,13.091680,15.569033,0.124453,0.108346,,,,,,,,,,,,
323089,,,,,,,,,,,,,,,,,,,,-0.135753,0.863022,-1.793543,,,,,,
323093,,,,,,,,,0.247207,0.652434,,,13.193510,15.822498,0.123977,0.106132,,,,,,,,,,,,
323099,,,,,,,,,,,,,,,,,,,,-0.136363,0.860525,-1.786479,,,,,,
323105,,,,,,,,,0.164805,0.000000,,,13.823733,16.035765,0.118091,0.104277,,,,,,,,,,,,
323109,,,,,,,,,,,,,,,,,,,,-0.137010,0.858166,-1.786434,,,,,,
323113,,,,,,,,,0.329610,0.000000,,,13.264917,15.670663,0.124208,0.108279,,,,,,,,,,,,
323119,,,,,,,,,,,,,,,,,,,,-0.137560,0.855859,-1.779317,,,,,,
323123,-0.137621,0.855507,-1.781728,-0.116658,0.838726,-1.874518,0.222934,0.467502,0.192272,0.652434,16.591663,17.916470,13.339272,15.363466,0.130983,0.116777,0.012020,0.024012,-0.092790,,,,,,,,,
323128,,,,,,,,,,,,,,,,,,,,-0.138190,0.853507,-1.775797,,,,,,
323133,,,,,,,,,0.302142,0.652434,,,13.946378,16.194078,0.125441,0.108815,,,,,,,,,,,,
323138,,,,,,,,,,,,,,,,,,,,-0.138705,0.851087,-1.772216,,,,,,
323143,,,,,,,,,0.247207,0.652434,,,13.912653,15.803868,0.126314,0.113140,,,,,,,,,,,,
323149,,,,,,,,,,,,,,,,,,,,-0.139263,0.848517,-1.768539,,,,,,
323153,,,,,,,,,0.247207,-0.652434,,,14.428821,16.020088,0.121585,0.111357,,,,,,,,,,,,
323159,,,,,,,,,,,,,,,,,,,,-0.139866,0.846021,-1.768603,,,,,,
323164,,,,,,,,,0.137337,0.652434,,,13.229494,16.746559,0.134250,0.104326,,,,,,,,,,,,
323168,,,,,,,,,,,,,,,,,,,,-0.140480,0.843521,-1.768549,,,,,,
323173,-0.140352,0.843962,-1.766918,-0.120147,0.827140,-1.852416,0.235469,0.450708,0.329610,0.000000,17.559225,18.832993,14.398554,15.724182,0.132868,0.124337,0.012562,0.023096,-0.085498,,,,,,,,,
323178,,,,,,,,,,,,,,,,,,,,-0.140992,0.840936,-1.765011,,,,,,
323183,,,,,,,,,0.329610,0.000000,,,15.382200,16.497583,0.123467,0.117070,,,,,,,,,,,,
323189,,,,,,,,,,,,,,,,,,,,-0.141533,0.838310,-1.765011,,,,,,
323193,,,,,,,,,0.274675,0.000000,,,15.665298,16.603781,0.121014,0.116454,,,,,,,,,,,,
323198,,,,,,,,,,,,,,,,,,,,-0.142225,0.835516,-1.764956,,,,,,
323203,,,,,,,,,0.274675,0.000000,,,15.358952,16.693134,0.124518,0.115988,,,,,,,,,,,,
323208,,,,,,,,,,,,,,,,,,,,-0.142728,0.832772,-1.761369,,,,,,
323213,,,,,,,,,0.247207,0.652434,,,15.645736,16.768316,0.122033,0.115649,,,,,,,,,,,,
323224,-0.142663,0.833032,-1.761835,-0.123564,0.814834,-1.831198,0.248616,0.433266,0.164805,0.000000,18.823212,20.189472,,,,,0.014241,0.022207,-0.069363,,,,,,,,,
323227,,,,,,,,,,,,,16.976122,17.920662,0.121738,0.118145,,,,-0.143981,0.827209,-1.764978,,,,,,
323232,,,,,,,,,0.384545,0.000000,,,15.917336,16.712072,0.132907,0.130926,,,,-0.143981,0.827209,-1.764978,,,,,,
323235,,,,,,,,,,,,,,,,,,,,-0.143981,0.827209,-1.764978,,,,,,
323238,,,,,,,,,,,,,,,,,,,,-0.144462,0.824620,-1.761380,,,,,,
323243,,,,,,,,,0.302142,0.652434,,,16.115561,17.328794,0.131467,0.125331,,,,,,,,,,,,
323249,,,,,,,,,,,,,,,,,,,,-0.145017,0.821854,-1.761380,,,,,,
323253,,,,,,,,,0.302142,-0.652434,,,16.282347,17.303162,0.130307,0.126164,,,,,,,,,,,,
323258,,,,,,,,,,,,,,,,,,,,-0.145552,0.818977,-1.761402,,,,,,
323264,,,,,,,,,0.137337,0.652434,,,16.967224,17.826138,0.123829,0.121407,,,,,,,,,,,,
323268,,,,,,,,,,,,,,,,,,,,-0.146134,0.816039,-1.761455,,,,,,
323273,-0.145944,0.816898,-1.758749,-0.126898,0.801779,-1.810876,0.262365,0.415428,0.384545,0.000000,18.801369,20.302696,16.454393,17.177082,0.129209,0.129655,0.011294,0.021536,-0.052127,,,,,,,,,
323279,,,,,,,,,,,,,,,,,,,,-0.146750,0.813228,-1.757809,,,,,,
323283,,,,,,,,,0.329610,0.000000,,,17.111984,17.720055,0.122970,0.124742,,,,,,,,,,,,
323288,,,,,,,,,,,,,,,,,,,,-0.147318,0.810432,-1.754253,,,,,,
323293,,,,,,,,,0.302142,0.652434,,,17.120737,18.176910,0.123219,0.120599,,,,,,,,,,,,
323298,,,,,,,,,,,,,,,,,,,,-0.147960,0.807628,-1.754253,,,,,,
323303,,,,,,,,,0.302142,0.652434,,,17.128101,18.561310,0.123480,0.117103,,,,,,,,,,,,
323309,,,,,,,,,,,,,,,,,,,,-0.148512,0.804864,-1.747071,,,,,,
323313,,,,,,,,,0.274675,0.000000,,,17.134298,18.340200,0.123752,0.119707,,,,,,,,,,,,
323318,,,,,,,,,,,,,,,,,,,,-0.149146,0.801948,-1.743417,,,,,,
323324,-0.149006,0.802523,-1.744704,-0.130140,0.787948,-1.791455,0.276704,0.397422,0.164805,0.000000,19.664928,21.124107,16.050426,17.065071,0.135140,0.133105,0.011091,0.021103,-0.046752,,,,,,,,,
323328,,,,,,,,,,,,,,,,,,,,-0.149631,0.798993,-1.739887,,,,,,
323333,,,,,,,,,0.466947,0.652434,,,17.861172,19.259438,0.126029,0.119749,,,,,,,,,,,,
323339,,,,,,,,,,,,,,,,,,,,-0.150099,0.796099,-1.736221,,,,,,
323343,,,,,,,,,0.274675,0.000000,,,17.751104,18.927605,0.127513,0.123506,,,,,,,,,,,,
323349,,,,,,,,,,,,,,,,,,,,-0.150653,0.793020,-1.732632,,,,,,
323353,,,,,,,,,0.329610,1.304868,,,17.658493,19.192944,0.128840,0.121239,,,,,,,,,,,,
323358,,,,,,,,,,,,,,,,,,,,-0.151230,0.790074,-1.728954,,,,,,
323375,-0.151243,0.789751,-1.724801,-0.133277,0.773316,-1.772929,0.291612,0.379443,-0.000000,0.000000,21.348301,22.645845,,,,,0.013484,0.020274,-0.048128,,,,,,,,,
323378,,,,,,,,,,,,,13.875933,14.962252,0.185965,0.181273,,,,-0.152296,0.783988,-1.721665,,,,,,
323383,,,,,,,,,0.659220,-1.304869,,,18.754271,18.579212,0.137701,0.145917,,,,,,,,,,,,
323388,,,,,,,,,,,,,,,,,,,,-0.152913,0.780947,-1.717962,,,,,,
323393,,,,,,,,,0.329610,0.000000,,,19.047100,18.899805,0.135233,0.143460,,,,,,,,,,,,
323399,,,,,,,,,,,,,,,,,,,,-0.153423,0.777993,-1.714353,,,,,,
323403,,,,,,,,,0.329610,1.304868,,,18.748943,19.714096,0.138734,0.135903,,,,,,,,,,,,
323408,,,,,,,,,,,,,,,,,,,,-0.154008,0.774647,-1.706960,,,,,,
323413,,,,,,,,,0.329610,0.000000,,,19.042618,19.854696,0.136259,0.135056,,,,,,,,,,,,
323419,,,,,,,,,,,,,,,,,,,,-0.154440,0.770986,-1.703234,,,,,,
323424,-0.154283,0.771762,-1.702306,-0.136301,0.757859,-1.755284,0.307066,0.361655,0.192272,0.652434,,,17.656086,18.883911,0.150862,0.145516,,,,,,,,,,,,
323427,,,,,,,,,,,21.844481,22.911379,,,,,0.011425,0.019650,-0.052978,-0.154996,0.767721,-1.695725,,,,,,
323433,,,,,,,,,0.466947,0.652434,,,19.212173,20.789810,0.140790,0.129536,,,,,,,,,,,,
323439,,,,,,,,,,,,,,,,,,,,-0.155557,0.764427,-1.688328,,,,,,
323443,,,,,,,,,0.357077,0.652434,,,19.432379,21.304346,0.139070,0.124713,,,,,,,,,,,,
323448,,,,,,,,,,,,,,,,,,,,-0.156126,0.761018,-1.680900,,,,,,
323453,,,,,,,,,0.357077,0.652434,,,19.617661,21.737276,0.137663,0.120618,,,,,,,,,,,,
323459,,,,,,,,,,,,,,,,,,,,-0.156642,0.757245,-1.677100,,,,,,
323463,,,,,,,,,0.329610,0.000000,,,19.773556,21.557001,0.136518,0.122692,,,,,,,,,,,,
323469,,,,,,,,,,,,,,,,,,,,-0.157255,0.753555,-1.669553,,,,,,
323473,-0.157183,0.753711,-1.672302,-0.139200,0.741554,-1.738502,0.323036,0.344196,0.302142,0.652434,22.706169,23.363079,19.360184,21.405317,0.149938,0.129117,0.010272,0.019123,-0.066200,,,,,,,,,
323479,,,,,,,,,,,,,,,,,,,,-0.157707,0.749851,-1.665732,,,,,,
323484,,,,,,,,,0.329610,2.609737,,,18.467829,22.366777,0.159709,0.119702,,,,,,,,,,,,
323489,,,,,,,,,,,,,,,,,,,,-0.158064,0.746374,-1.661979,,,,,,
323493,,,,,,,,,0.439480,-1.304869,,,20.439718,22.086662,0.140443,0.122758,,,,,,,,,,,,
323499,,,,,,,,,,,,,,,,,,,,-0.158431,0.742983,-1.658317,,,,,,
323503,,,,,,,,,0.357077,-0.652434,,,21.009779,22.395517,0.135082,0.119863,,,,,,,,,,,,
323508,,,,,,,,,,,,,,,,,,,,-0.158892,0.739250,-1.658233,,,,,,
323513,,,,,,,,,0.329610,0.000000,,,20.944885,22.110844,0.136083,0.122960,,,,,,,,,,,,
323519,,,,,,,,,,,,,,,,,,,,-0.159289,0.735402,-1.658233,,,,,,
323524,-0.159205,0.736021,-1.659414,-0.141964,0.724380,-1.722558,0.339486,0.327175,0.219740,0.000000,,,19.801197,20.782234,0.148101,0.136763,,,,,,,,,,,,
323527,,,,,,,,,,,23.725563,24.289631,,,,,0.010069,0.018204,-0.063144,-0.159485,0.731533,-1.661899,,,,,,
323533,,,,,,,,,0.494415,0.000000,,,21.561613,22.387058,0.141124,0.130360,,,,,,,,,,,,
323538,,,,,,,,,,,,,,,,,,,,-0.159715,0.727909,-1.665655,,,,,,
323543,,,,,,,,,0.412012,-0.652434,,,21.953741,22.648270,0.137557,0.128077,,,,,,,,,,,,
323548,,,,,,,,,,,,,,,,,,,,-0.159932,0.724365,-1.665757,,,,,,
323553,,,,,,,,,0.357077,0.652434,,,22.283678,22.868053,0.134546,0.126163,,,,,,,,,,,,
323558,,,,,,,,,,,,,,,,,,,,-0.160298,0.720707,-1.665851,,,,,,
323563,,,,,,,,,0.384545,0.000000,,,22.561287,22.508436,0.132002,0.130115,,,,,,,,,,,,
323569,,,,,,,,,,,,,,,,,,,,-0.160739,0.716747,-1.669507,,,,,,
323573,-0.160755,0.716757,-1.668659,-0.144584,0.706320,-1.707424,0.356378,0.310677,0.302142,-0.652434,24.256208,25.211525,22.250322,22.205854,0.140820,0.142961,0.008807,0.017113,-0.038764,,,,,,,,,
323579,,,,,,,,,,,,,,,,,,,,-0.161026,0.713024,-1.673421,,,,,,
323584,,,,,,,,,0.274675,0.000000,,,23.622307,23.040348,0.127227,0.135051,,,,,,,,,,,,
323588,,,,,,,,,,,,,,,,,,,,-0.161331,0.709145,-1.673344,,,,,,
323593,,,,,,,,,0.549350,0.000000,,,23.143064,22.653404,0.132242,0.139432,,,,,,,,,,,,
323598,,,,,,,,,,,,,,,,,,,,-0.161702,0.705260,-1.676991,,,,,,
323603,,,,,,,,,0.357077,-0.652434,,,22.739830,22.872374,0.136577,0.137710,,,,,,,,,,,,
323608,,,,,,,,,,,,,,,,,,,,-0.162158,0.701499,-1.676880,,,,,,
323613,,,,,,,,,0.384545,0.000000,,,23.489635,23.056614,0.129233,0.136298,,,,,,,,,,,,
323619,,,,,,,,,,,,,,,,,,,,-0.162588,0.697939,-1.673335,,,,,,
323623,-0.162593,0.697912,-1.672942,-0.147051,0.687357,-1.693071,0.373667,0.294768,0.302142,0.652434,25.221178,26.492559,22.486893,22.667091,0.149457,0.153769,0.008915,0.016537,-0.020129,,,,,,,,,
323628,,,,,,,,,,,,,,,,,,,,-0.163027,0.694127,-1.673421,,,,,,
323633,,,,,,,,,0.466947,0.652434,,,23.276814,23.972977,0.141946,0.141214,,,,,,,,,,,,
323638,,,,,,,,,,,,,,,,,,,,-0.163495,0.690006,-1.669516,,,,,,
323644,,,,,,,,,0.192272,-0.652434,,,21.763281,21.804489,0.157773,0.163837,,,,,,,,,,,,
323648,,,,,,,,,,,,,,,,,,,,-0.163931,0.686142,-1.669426,,,,,,
323653,,,,,,,,,0.631752,0.652435,,,23.757053,24.336269,0.138128,0.138950,,,,,,,,,,,,
323659,,,,,,,,,,,,,,,,,,,,-0.164348,0.682272,-1.665775,,,,,,
323663,,,,,,,,,0.357077,0.652434,,,23.800983,24.832880,0.137973,0.134316,,,,,,,,,,,,
323669,,,,,,,,,,,,,,,,,,,,-0.164818,0.678564,-1.662113,,,,,,
323673,-0.164762,0.678695,-1.660285,-0.149354,0.667478,-1.679464,0.391302,0.279491,0.357077,0.652434,26.607260,27.806170,23.293404,24.706184,0.157572,0.149339,0.009795,0.016349,-0.019179,,,,,,,,,
323678,,,,,,,,,,,,,,,,,,,,-0.165286,0.674942,-1.658587,,,,,,
323684,,,,,,,,,0.274675,0.000000,,,22.321783,23.510496,0.168146,0.162155,,,,,,,,,,,,
323688,,,,,,,,,,,,,,,,,,,,-0.165683,0.671149,-1.654895,,,,,,
323693,,,,,,,,,0.631752,0.652435,,,24.771521,25.771704,0.144015,0.139950,,,,,,,,,,,,
323698,,,,,,,,,,,,,,,,,,,,-0.166137,0.667149,-1.651180,,,,,,
323703,,,,,,,,,0.384545,0.000000,,,24.654556,26.040653,0.145576,0.137613,,,,,,,,,,,,
323709,,,,,,,,,,,,,,,,,,,,-0.166573,0.663118,-1.647410,,,,,,
323713,,,,,,,,,0.412012,0.652434,,,24.556143,26.266949,0.146970,0.135658,,,,,,,,,,,,
323719,,,,,,,,,,,,,,,,,,,,-0.166972,0.658909,-1.643568,,,,,,
323723,-0.166915,0.658845,-1.642234,-0.151486,0.646672,-1.666572,0.409230,0.264877,0.329610,0.000000,28.186993,29.162090,23.928795,25.368267,0.169892,0.158963,0.011041,0.016258,-0.024338,,,,,,,,,
323728,,,,,,,,,,,,,,,,,,,,-0.167455,0.654974,-1.639784,,,,,,
323733,,,,,,,,,0.466947,0.652434,,,24.490030,26.245745,0.165019,0.150772,,,,,,,,,,,,
323739,,,,,,,,,,,,,,,,,,,,-0.167867,0.651039,-1.635990,,,,,,
323744,,,,,,,,,0.274675,0.000000,,,23.328625,24.805882,0.177605,0.166041,,,,,,,,,,,,
323749,,,,,,,,,,,,,,,,,,,,-0.168252,0.646938,-1.632255,,,,,,
323753,,,,,,,,,0.631752,0.652435,,,25.618677,26.861641,0.155218,0.145944,,,,,,,,,,,,
323758,,,,,,,,,,,,,,,,,,,,-0.168496,0.642985,-1.632353,,,,,,
323763,,,,,,,,,0.412012,-0.652434,,,25.367353,26.957727,0.158296,0.145424,,,,,,,,,,,,
323768,,,,,,,,,,,,,,,,,,,,-0.168728,0.638776,-1.628591,,,,,,
323773,-0.168722,0.638738,-1.632473,-0.153439,0.624932,-1.654359,0.427393,0.250941,0.357077,0.652434,29.842653,30.789909,25.155890,26.494030,0.177904,0.167198,0.012838,0.016104,-0.021886,,,,,,,,,
323778,,,,,,,,,,,,,,,,,,,,-0.168959,0.634416,-1.628593,,,,,,
323784,,,,,,,,,0.384545,2.609737,,,23.888878,27.192963,0.191765,0.160928,,,,-0.168959,0.634416,-1.628593,,,,,,
323793,,,,,,,,,0.549350,-2.609737,,,26.634617,27.236502,0.164949,0.161204,,,,,,,,,,,,
323798,,,,,,,,,,,,,,,,,,,,-0.169392,0.625741,-1.628591,,,,,,
323803,,,,,,,,,0.439480,0.000000,,,26.766708,27.273134,0.164243,0.161541,,,,,,,,,,,,
323808,,,,,,,,,,,,,,,,,,,,-0.169657,0.621347,-1.628591,,,,,,
323813,,,,,,,,,0.466947,-0.652434,,,26.877850,27.303957,0.163725,0.161930,,,,,,,,,,,,
323819,,,,,,,,,,,,,,,,,,,,-0.169944,0.617014,-1.628623,,,,,,
323823,-0.169988,0.616883,-1.631683,-0.155204,0.602254,-1.642791,0.445728,0.237690,0.384545,1.304868,31.130877,32.289280,26.426821,27.329891,0.182058,0.177656,0.013702,0.015647,-0.011108,,,,,,,,,
323828,,,,,,,,,,,,,,,,,,,,-0.170147,0.612582,-1.632450,,,,,,
323833,,,,,,,,,0.521882,-0.652434,,,27.680956,27.896255,0.170207,0.172871,,,,,,,,,,,,
323838,,,,,,,,,,,,,,,,,,,,-0.170351,0.607707,-1.632428,,,,,,
323844,,,,,,,,,0.247207,0.652434,,,25.468925,26.194622,0.193460,0.191106,,,,,,,,,,,,
323849,,,,,,,,,,,,,,,,,,,,-0.170644,0.602907,-1.632398,,,,,,
323853,,,,,,,,,0.714155,0.000000,,,28.508614,28.574671,0.163587,0.168049,,,,,,,,,,,,
323858,,,,,,,,,,,,,,,,,,,,-0.170969,0.598257,-1.632398,,,,,,
323863,,,,,,,,,0.439480,0.000000,,,28.343489,28.943613,0.165796,0.165028,,,,,,,,,,,,
323869,,,,,,,,,,,,,,,,,,,,-0.171409,0.593351,-1.628509,,,,,,
323873,-0.171401,0.593485,-1.628775,-0.156775,0.578636,-1.631836,0.464170,0.225119,0.439480,0.000000,32.280659,33.602245,28.204554,28.709497,0.179498,0.181478,0.013977,0.015462,-0.003061,,,,,,,,,
323878,,,,,,,,,,,,,,,,,,,,-0.171713,0.588261,-1.624651,,,,,,
323883,,,,,,,,,0.549350,0.000000,,,29.176739,29.601599,0.170397,0.173357,,,,,,,,,,,,
323888,,,,,,,,,,,,,,,,,,,,-0.172038,0.583132,-1.624597,,,,,,
323893,,,,,,,,,0.466947,0.652434,,,28.905649,29.807671,0.173783,0.172055,,,,,,,,,,,,
323898,,,,,,,,,,,,,,,,,,,,-0.172579,0.577750,-1.620710,,,,,,
323904,,,,,,,,,0.274675,0.000000,,,27.043926,27.802887,0.193448,0.193263,,,,,,,,,,,,
323909,,,,,,,,,,,,,,,,,,,,-0.173054,0.572621,-1.616727,,,,,,
323913,,,,,,,,,0.769089,1.304867,,,29.833818,31.016951,0.166038,0.161639,,,,,,,,,,,,
323918,,,,,,,,,,,,,,,,,,,,-0.173432,0.567423,-1.612893,,,,,,
323923,-0.173356,0.566385,-1.608754,-0.158146,0.554080,-1.621459,0.482649,0.213218,0.412012,0.652434,32.972240,33.945801,28.913973,30.998547,0.182964,0.165848,0.011719,0.015666,-0.012705,,,,,,,,,
323928,,,,,,,,,,,,,,,,,,,,-0.173765,0.562353,-1.608956,,,,,,
323933,,,,,,,,,0.604285,0.000000,,,30.318188,32.072147,0.169453,0.155487,,,,,,,,,,,,
323938,,,,,,,,,,,,,,,,,,,,-0.174195,0.556827,-1.605012,,,,,,
323944,,,,,,,,,0.274675,0.000000,,,28.232435,29.708216,0.191258,0.179974,,,,,,,,,,,,
323948,,,,,,,,,,,,,,,,,,,,-0.174481,0.551535,-1.597187,,,,,,
323953,,,,,,,,,0.741622,0.652433,,,30.833830,32.620094,0.165672,0.151120,,,,,,,,,,,,
323958,,,,,,,,,,,,,,,,,,,,-0.174761,0.546296,-1.593422,,,,,,
323963,,,,,,,,,0.549350,0.000000,,,31.389011,32.891975,0.160437,0.148612,,,,,,,,,,,,
323969,,,,,,,,,,,,,,,,,,,,-0.174970,0.541252,-1.589645,,,,,,
323973,-0.174919,0.541057,-1.591250,-0.159311,0.528594,-1.611628,0.501092,0.201971,0.466947,0.652434,34.392052,35.061050,30.767056,32.576191,0.181580,0.163419,0.012142,0.015859,-0.020378,,,,,,,,,
323978,,,,,,,,,,,,,,,,,,,,-0.174981,0.536318,-1.589822,,,,,,
323983,,,,,,,,,0.631752,0.652435,,,31.877371,33.399578,0.170979,0.155518,,,,,,,,,,,,
323988,,,,,,,,,,,,,,,,,,,,-0.175064,0.531045,-1.586019,,,,,,
323993,,,,,,,,,0.494415,0.000000,,,31.722504,33.547832,0.173062,0.154338,,,,,,,,,,,,
323999,,,,,,,,,,,,,,,,,,,,-0.175032,0.525805,-1.586092,,,,,,
324004,,,,,,,,,0.302142,-0.652434,,,32.681286,34.217117,0.163816,0.147814,,,,,,,,,,,,
324008,,,,,,,,,,,,,,,,,,,,-0.175136,0.520373,-1.586092,,,,,,
324013,,,,,,,,,0.741622,0.652433,,,31.854376,33.146622,0.172593,0.158902,,,,,,,,,,,,
324018,,,,,,,,,,,,,,,,,,,,-0.175319,0.515203,-1.586092,,,,,,
324023,-0.175305,0.514261,-1.583787,-0.160265,0.502185,-1.602313,0.519427,0.191358,0.466947,-0.652434,35.475407,36.123985,31.703157,32.245907,0.185693,0.179314,0.011879,0.015195,-0.018526,,,,,,,,,
324029,,,,,,,,,,,,,,,,,,,,-0.175396,0.510013,-1.589973,,,,,,
324033,,,,,,,,,0.631752,0.652435,,,32.665009,33.121677,0.176637,0.171156,,,,,,,,,,,,
324039,,,,,,,,,,,,,,,,,,,,-0.175410,0.504837,-1.594016,,,,,,
324043,,,,,,,,,0.521882,-0.652434,,,32.929768,33.314007,0.174498,0.169795,,,,,,,,,,,,
324048,,,,,,,,,,,,,,,,,,,,-0.175592,0.499387,-1.590094,,,,,,
324053,,,,,,,,,0.549350,0.000000,,,33.152534,33.475834,0.172735,0.168706,,,,,,,,,,,,
324059,,,,,,,,,,,,,,,,,,,,-0.175762,0.494099,-1.590038,,,,,,
324064,,,,,,,,,0.274675,0.000000,,,33.884514,34.156536,0.165733,0.162293,,,,,,,,,,,,
324069,,,,,,,,,,,,,,,,,,,,-0.175908,0.488604,-1.590094,,,,,,
324073,-0.175873,0.489605,-1.589565,-0.161004,0.474868,-1.593483,0.537575,0.181357,0.714155,0.000000,37.124462,38.202888,32.322227,32.551105,0.198807,0.200267,0.014455,0.015143,-0.003918,,,,,,,,,
324079,,,,,,,,,,,,,,,,,,,,-0.175969,0.482845,-1.589977,,,,,,
324083,,,,,,,,,0.631752,0.652435,,,33.185894,33.378471,0.190958,0.192958,,,,,,,,,,,,
324089,,,,,,,,,,,,,,,,,,,,-0.176163,0.477252,-1.589979,,,,,,
324093,,,,,,,,,0.549350,0.000000,,,33.368038,34.074615,0.189888,0.186822,,,,,,,,,,,,
324099,,,,,,,,,,,,,,,,,,,,-0.176350,0.471612,-1.586095,,,,,,
324105,,,,,,,,,0.329610,0.000000,,,31.343122,31.937635,0.211294,0.209445,,,,,,,,,,,,
324109,,,,,,,,,,,,,,,,,,,,-0.176636,0.466006,-1.582203,,,,,,
324113,,,,,,,,,0.796557,0.652434,,,33.995705,35.040470,0.185394,0.179049,,,,,,,,,,,,
324119,,,,,,,,,,,,,,,,,,,,-0.176783,0.460429,-1.582132,,,,,,
324123,-0.176721,0.459536,-1.580020,-0.161524,0.446660,-1.585109,0.555458,0.171943,0.494415,0.000000,37.799847,38.794807,33.504871,34.383934,0.197915,0.192416,0.012735,0.015315,-0.005089,,,,,,,,,
324129,,,,,,,,,,,,,,,,,,,,-0.177017,0.454466,-1.578153,,,,,,
324133,,,,,,,,,0.659220,1.304869,,,34.180969,36.009701,0.191878,0.176715,,,,,,,,,,,,
324138,,,,,,,,,,,,,,,,,,,,-0.177216,0.448611,-1.574247,,,,,,
324143,,,,,,,,,0.604285,0.000000,,,34.749840,36.288532,0.186799,0.174428,,,,,,,,,,,,
324149,,,,,,,,,,,,,,,,,,,,-0.177481,0.442823,-1.567266,,,,,,
324153,,,,,,,,,0.631752,0.652435,,,34.683941,36.523140,0.188081,0.172536,,,,,,,,,,,,
324159,,,,,,,,,,,,,,,,,,,,-0.177610,0.437166,-1.563288,,,,,,
324164,,,,,,,,,0.329610,0.000000,,,35.717583,37.809628,0.178161,0.159869,,,,,,,,,,,,
324169,,,,,,,,,,,,,,,,,,,,-0.177576,0.431483,-1.559272,,,,,,
324173,-0.177515,0.432454,-1.561014,-0.161823,0.417582,-1.577165,0.572998,0.163090,0.741622,0.652433,39.755924,40.311050,34.409115,36.169361,0.211876,0.192262,0.015025,0.015546,-0.016151,,,,,,,,,
324179,,,,,,,,,,,,,,,,,,,,-0.177492,0.425607,-1.555384,,,,,,
324183,,,,,,,,,0.659220,0.000000,,,35.486343,36.967415,0.201958,0.184950,,,,,,,,,,,,
324189,,,,,,,,,,,,,,,,,,,,-0.177432,0.419795,-1.551503,,,,,,
324193,,,,,,,,,0.631752,0.652435,,,35.848179,37.638897,0.199121,0.178770,,,,,,,,,,,,
324199,,,,,,,,,,,,,,,,,,,,-0.177525,0.413924,-1.551454,,,,,,
324203,,,,,,,,,0.604285,0.000000,,,36.152626,37.659336,0.196797,0.179096,,,,,,,,,,,,
324208,,,,,,,,,,,,,,,,,,,,-0.177568,0.407974,-1.547539,,,,,,
324213,,,,,,,,,0.576817,0.652434,,,35.864246,37.676537,0.200459,0.179451,,,,,,,,,,,,
324224,-0.177549,0.408645,-1.548670,-0.161900,0.387659,-1.569623,0.590114,0.154772,0.329610,0.000000,,,33.443432,34.968292,0.225930,0.207602,,,,,,,,,,,,
324227,,,,,,,,,,,42.714092,43.030666,,,,,0.021327,0.015181,-0.020953,-0.177578,0.395709,-1.547538,,,,,,
324233,,,,,,,,,0.933894,0.000000,,,37.396534,38.679550,0.217044,0.198555,,,,,,,,,,,,
324240,,,,,,,,,,,,,,,,,,,,-0.177556,0.389814,-1.547505,,,,,,
324243,,,,,,,,,0.631752,-0.652435,,,37.455414,38.534943,0.217507,0.200901,,,,,,,,,,,,
324253,,,,,,,,,0.604285,0.000000,,,38.049500,38.413269,0.212499,0.203041,,,,,,,,,,,,
324258,,,,,,,,,,,,,,,,,,,,-0.177246,0.377253,-1.543675,,,,,,
324264,,,,,,,,,0.357077,0.652434,,,38.549362,39.399982,0.208333,0.193900,,,,,,,,,,,,
324269,,,,,,,,,,,,,,,,,,,,-0.177111,0.370689,-1.539853,,,,,,
324273,-0.177093,0.372377,-1.537857,-0.161752,0.356919,-1.562460,0.606726,0.146962,0.824024,0.000000,42.338860,42.453659,37.336319,38.052029,0.217712,0.202490,0.015955,0.014824,-0.024603,,,,,,,,,
324279,,,,,,,,,,,,,,,,,,,,-0.176950,0.364269,-1.543712,,,,,,
324283,,,,,,,,,0.769089,0.000000,,,38.493835,39.640575,0.206906,0.187167,,,,,,,,,,,,
324288,,,,,,,,,,,,,,,,,,,,-0.176862,0.357871,-1.539852,,,,,,
324293,,,,,,,,,0.604285,0.000000,,,38.923225,39.343552,0.203295,0.190759,,,,,,,,,,,,
324298,,,,,,,,,,,,,,,,,,,,-0.176831,0.350849,-1.539898,,,,,,
324303,,,,,,,,,0.659220,1.304869,,,38.739971,39.638176,0.205847,0.188376,,,,,,,,,,,,
324309,,,,,,,,,,,,,,,,,,,,-0.176789,0.343975,-1.540012,,,,,,
324313,,,,,,,,,0.686687,-0.652435,,,39.130325,39.886074,0.202585,0.186410,,,,,,,,,,,,
324318,,,,,,,,,,,,,,,,,,,,-0.176632,0.337318,-1.540010,,,,,,
324324,-0.176625,0.338877,-1.539830,-0.161381,0.325397,-1.555652,0.622753,0.139634,0.329610,0.000000,42.637493,43.041515,,,,,0.013946,0.014819,-0.015822,,,,,,,,,
324327,,,,,,,,,,,,,41.636940,42.272827,0.180706,0.168575,,,,-0.176497,0.330617,-1.536228,,,,,,
324333,,,,,,,,,0.988829,0.000000,,,39.389660,39.924698,0.203828,0.192680,,,,,,,,,,,,
324339,,,,,,,,,,,,,,,,,,,,-0.176251,0.323998,-1.540161,,,,,,
324343,,,,,,,,,0.631752,-0.652435,,,39.676971,40.127155,0.201547,0.191238,,,,,,,,,,,,
324349,,,,,,,,,,,,,,,,,,,,-0.175871,0.317220,-1.536309,,,,,,
324353,,,,,,,,,0.686687,0.652435,,,39.918716,40.842045,0.199673,0.184529,,,,,,,,,,,,
324358,,,,,,,,,,,,,,,,,,,,-0.175682,0.310700,-1.536309,,,,,,
324363,,,,,,,,,0.659220,0.000000,,,40.122120,40.899010,0.198142,0.184388,,,,,,,,,,,,
324369,,,,,,,,,,,,,,,,,,,,-0.175527,0.303885,-1.540249,,,,,,
324373,-0.175533,0.304057,-1.540213,-0.160786,0.293128,-1.549177,0.638119,0.132763,0.549350,0.000000,42.766029,43.393757,39.748722,39.857853,0.203765,0.199029,0.011374,0.014406,-0.008964,,,,,,,,,
324378,,,,,,,,,,,,,,,,,,,,-0.175487,0.297293,-1.536309,,,,,,
324384,,,,,,,,,0.466947,0.652434,,,37.800915,38.437283,0.224236,0.214226,,,,,,,,,,,,
324388,,,,,,,,,,,,,,,,,,,,-0.175440,0.290668,-1.536100,,,,,,
324393,,,,,,,,,0.988829,0.000000,,,41.607464,42.142902,0.186402,0.177420,,,,,,,,,,,,
324399,,,,,,,,,,,,,,,,,,,,-0.175262,0.283981,-1.536163,,,,,,
324403,,,,,,,,,0.686687,0.652435,,,41.543034,41.993549,0.187291,0.179194,,,,,,,,,,,,
324408,,,,,,,,,,,,,,,,,,,,-0.175087,0.277112,-1.532257,,,,,,
324413,,,,,,,,,0.631752,-0.652435,,,41.488823,41.867886,0.188089,0.180756,,,,,,,,,,,,
324418,,,,,,,,,,,,,,,,,,,,-0.174832,0.270162,-1.532320,,,,,,
324424,-0.174841,0.271394,-1.532983,-0.159970,0.260152,-1.543013,0.652744,0.126323,0.384545,0.000000,,,38.720493,39.039436,0.216581,0.209911,,,,,,,,,,,,
324427,,,,,,,,,,,43.837715,44.386555,,,,,0.011796,0.014435,-0.010030,-0.174803,0.263019,-1.528545,,,,,,
324432,,,,,,,,,0.961362,0.652434,,,41.836655,42.649555,0.196537,0.184085,,,,-0.174803,0.263019,-1.528545,,,,,,
324435,,,,,,,,,,,,,,,,,,,,-0.174803,0.263019,-1.528545,,,,,,
324438,,,,,,,,,,,,,,,,,,,,-0.174785,0.256348,-1.528472,,,,,,
324443,,,,,,,,,0.686687,0.652435,,,41.735874,42.964394,0.197965,0.181221,,,,,,,,,,,,
324448,,,,,,,,,,,,,,,,,,,,-0.174634,0.249489,-1.524705,,,,,,
324453,,,,,,,,,0.714155,0.000000,,,42.195621,43.229298,0.193696,0.178804,,,,,,,,,,,,
324458,,,,,,,,,,,,,,,,,,,,-0.174476,0.242908,-1.524584,,,,,,
324463,,,,,,,,,0.686687,0.652435,,,42.037910,42.907642,0.195633,0.182316,,,,,,,,,,,,
324469,,,,,,,,,,,,,,,,,,,,-0.174332,0.236334,-1.524530,,,,,,
324473,-0.174224,0.236399,-1.522504,-0.158935,0.226513,-1.537141,0.666555,0.120292,0.549350,0.000000,44.475746,44.804050,40.816124,42.092461,0.214963,0.195185,0.010612,0.014794,-0.014637,,,,,,,,,
324478,,,,,,,,,,,,,,,,,,,,-0.174003,0.229771,-1.520666,,,,,,
324484,,,,,,,,,0.494415,0.000000,,,39.243568,40.317478,0.231735,0.213832,,,,,,,,,,,,
324488,,,,,,,,,,,,,,,,,,,,-0.173516,0.223056,-1.516849,,,,,,
324493,,,,,,,,,0.988829,0.000000,,,42.821312,43.724899,0.196288,0.179974,,,,,,,,,,,,
324498,,,,,,,,,,,,,,,,,,,,-0.173073,0.216627,-1.520631,,,,,,
324503,,,,,,,,,0.714155,0.000000,,,42.564365,43.324642,0.199240,0.184272,,,,,,,,,,,,
324508,,,,,,,,,,,,,,,,,,,,-0.172784,0.209853,-1.516740,,,,,,
324513,,,,,,,,,0.659220,0.000000,,,42.892715,43.532410,0.196273,0.182449,,,,,,,,,,,,
324518,,,,,,,,,,,,,,,,,,,,-0.172483,0.203220,-1.516758,,,,,,
324525,-0.172494,0.203242,-1.517240,-0.157685,0.192259,-1.531543,0.679478,0.114646,0.384545,0.000000,45.623348,45.917618,39.901726,40.439964,0.238804,0.225605,0.011760,0.014200,-0.014303,,,,,,,,,
324529,,,,,,,,,,,,,,,,,,,,-0.172143,0.196520,-1.520575,,,,,,
324533,,,,,,,,,0.961362,0.652434,,,42.830544,43.827957,0.210074,0.192143,,,,,,,,,,,,
324538,,,,,,,,,,,,,,,,,,,,-0.171882,0.189467,-1.520631,,,,,,
324543,,,,,,,,,0.686687,-0.652435,,,43.116676,43.411354,0.207714,0.196810,,,,,,,,,,,,
324549,,,,,,,,,,,,,,,,,,,,-0.171480,0.182536,-1.520631,,,,,,
324553,,,,,,,,,0.686687,0.652435,,,42.812885,43.060825,0.211314,0.200886,,,,,,,,,,,,
324560,,,,,,,,,,,,,,,,,,,,-0.171001,0.175587,-1.520675,,,,,,
324563,,,,,,,,,0.659220,-1.304869,,,43.101818,42.765892,0.208929,0.204466,,,,,,,,,,,,
324569,,,,,,,,,,,,,,,,,,,,-0.170766,0.168281,-1.517016,,,,,,
324573,-0.170839,0.168450,-1.522509,-0.156223,0.157439,-1.526199,0.691444,0.109363,0.604285,0.000000,46.145832,46.867325,42.255840,41.973190,0.223392,0.222869,0.011704,0.014067,-0.003691,,,,,,,,,
324579,,,,,,,,,,,,,,,,,,,,-0.170531,0.161228,-1.516951,,,,,,
324584,,,,,,,,,0.521882,0.652434,,,40.454948,40.761669,0.242539,0.236205,,,,,,,,,,,,
324588,,,,,,,,,,,,,,,,,,,,-0.170227,0.154392,-1.516951,,,,,,
324593,,,,,,,,,1.016297,0.652434,,,43.840565,44.643185,0.209144,0.197835,,,,,,,,,,,,
324599,,,,,,,,,,,,,,,,,,,,-0.170062,0.147575,-1.516852,,,,,,
324602,,,,,,,,,0.714155,0.000000,,,43.966507,44.641830,0.208320,0.198294,,,,-0.170062,0.147575,-1.516852,,,,,,
324609,,,,,,,,,,,,,,,,,,,,-0.169774,0.140378,-1.513004,,,,,,
324613,,,,,,,,,0.741622,0.652433,,,43.527931,44.640694,0.213229,0.198750,,,,,,,,,,,,
324619,,,,,,,,,,,,,,,,,,,,-0.169540,0.133028,-1.509341,,,,,,
324623,-0.169453,0.132895,-1.507710,-0.154555,0.122108,-1.521095,0.702386,0.104425,0.549350,0.000000,47.051956,47.322472,42.614372,43.550648,0.232314,0.214957,0.011705,0.014188,-0.013385,,,,,,,,,
324629,,,,,,,,,,,,,,,,,,,,-0.169144,0.125817,-1.509286,,,,,,
324633,,,,,,,,,0.824024,0.000000,,,44.023876,44.811657,0.218824,0.202849,,,,,,,,,,,,
324639,,,,,,,,,,,,,,,,,,,,-0.168706,0.118624,-1.509341,,,,,,
324644,,,,,,,,,0.576817,4.567039,,,40.853485,45.328125,0.251768,0.198083,,,,,,,,,,,,
324648,,,,,,,,,,,,,,,,,,,,-0.168240,0.110906,-1.505667,,,,,,
324653,,,,,,,,,0.906427,-4.567039,,,44.720436,45.218140,0.213565,0.199604,,,,,,,,,,,,
324659,,,,,,,,,,,,,,,,,,,,-0.167815,0.103467,-1.501872,,,,,,
324663,,,,,,,,,0.686687,0.652435,,,44.706833,45.125599,0.214170,0.200969,,,,,,,,,,,,
324669,,,,,,,,,,,,,,,,,,,,-0.167439,0.096307,-1.501872,,,,,,
324673,-0.167386,0.096505,-1.499626,-0.152687,0.086322,-1.516213,0.712243,0.099811,0.659220,0.000000,47.613403,47.706089,44.150841,44.503193,0.226037,0.211669,0.011202,0.013937,-0.016587,,,,,,,,,
324679,,,,,,,,,,,,,,,,,,,,-0.167178,0.089026,-1.505484,,,,,,
324684,,,,,,,,,0.741622,-4.567040,,,45.861202,42.890411,0.209283,0.228760,,,,,,,,,,,,
324689,,,,,,,,,,,,,,,,,,,,-0.166942,0.081728,-1.501647,,,,,,
324693,,,,,,,,,0.851492,4.567039,,,45.666672,46.434307,0.211618,0.193576,,,,,,,,,,,,
324699,,,,,,,,,,,,,,,,,,,,-0.166502,0.074357,-1.505537,,,,,,
324703,,,,,,,,,0.769089,0.000000,,,45.502995,46.148884,0.213677,0.196741,,,,,,,,,,,,
324708,,,,,,,,,,,,,,,,,,,,-0.166192,0.067140,-1.497826,,,,,,
324713,,,,,,,,,0.659220,0.000000,,,45.365276,45.908726,0.215504,0.199502,,,,,,,,,,,,
324719,,,,,,,,,,,,,,,,,,,,-0.165968,0.059412,-1.494085,,,,,,
324723,-0.165890,0.059766,-1.494552,-0.150624,0.050140,-1.511539,0.720957,0.095505,0.659220,0.000000,48.050323,48.109398,44.704857,45.162113,0.227146,0.211591,0.010761,0.014488,-0.016986,,,,,,,,,
324729,,,,,,,,,,,,,,,,,,,,-0.165470,0.051744,-1.497956,,,,,,
324733,,,,,,,,,0.851492,0.652435,,,45.782806,46.712086,0.216820,0.196371,,,,,,,,,,,,
324738,,,,,,,,,,,,,,,,,,,,-0.165138,0.043916,-1.498223,,,,,,
324744,,,,,,,,,0.384545,0.000000,,,42.333450,43.115345,0.252457,0.233337,,,,,,,,,,,,
324749,,,,,,,,,,,,,,,,,,,,-0.164539,0.036358,-1.498073,,,,,,
324753,,,,,,,,,1.126167,0.652435,,,46.510223,47.168110,0.210997,0.192998,,,,,,,,,,,,
324759,,,,,,,,,,,,,,,,,,,,-0.163975,0.029069,-1.498011,,,,,,
324763,,,,,,,,,0.741622,-0.652433,,,46.757301,47.310844,0.208785,0.191730,,,,,,,,,,,,
324768,,,,,,,,,,,,,,,,,,,,-0.163362,0.021778,-1.497903,,,,,,
324773,-0.163381,0.021860,-1.500359,-0.148375,0.013623,-1.507060,0.728476,0.091489,0.604285,0.000000,47.884674,48.388817,45.331562,45.797314,0.221897,0.210178,0.009273,0.014389,-0.006701,,,,,,,,,
324779,,,,,,,,,,,,,,,,,,,,-0.162830,0.014326,-1.497911,,,,,,
324784,,,,,,,,,0.576817,-0.652434,,,44.131947,43.979286,0.234644,0.229240,,,,,,,,,,,,
324788,,,,,,,,,,,,,,,,,,,,-0.162073,0.006322,-1.501948,,,,,,
324793,,,,,,,,,1.098699,0.000000,,,47.478935,47.895031,0.201255,0.190181,,,,,,,,,,,,
324798,,,,,,,,,,,,,,,,,,,,-0.161452,-0.001317,-1.502121,,,,,,
324803,,,,,,,,,0.714155,0.000000,,,47.572376,47.377934,0.200383,0.195554,,,,,,,,,,,,
324808,,,,,,,,,,,,,,,,,,,,-0.160855,-0.008716,-1.501943,,,,,,
324813,,,,,,,,,0.741622,0.652433,,,47.106453,47.487392,0.205198,0.194640,,,,,,,,,,,,
324819,,,,,,,,,,,,,,,,,,,,-0.160305,-0.016004,-1.505606,,,,,,
324823,-0.160302,-0.015927,-1.502428,-0.145947,-0.023164,-1.502760,0.734751,0.087748,0.659220,0.000000,47.844791,48.611954,46.169884,46.490406,0.214500,0.207266,0.008201,0.013827,-0.000332,,,,,,,,,
324829,,,,,,,,,,,,,,,,,,,,-0.159818,-0.023431,-1.509289,,,,,,
324833,,,,,,,,,0.851492,-0.652435,,,47.560024,47.285168,0.200655,0.199583,,,,,,,,,,,,
324838,,,,,,,,,,,,,,,,,,,,-0.159433,-0.030467,-1.505352,,,,,,
324844,,,,,,,,,0.439480,0.000000,,,48.185146,47.953880,0.194336,0.193028,,,,,,,,,,,,
324849,,,,,,,,,,,,,,,,,,,,-0.159108,-0.038083,-1.505352,,,,,,
324853,,,,,,,,,1.071232,-0.652434,,,47.622040,46.882908,0.200011,0.204083,,,,,,,,,,,,
324858,,,,,,,,,,,,,,,,,,,,-0.158771,-0.045849,-1.505411,,,,,,
324863,,,,,,,,,0.741622,0.652433,,,47.148239,47.070877,0.204889,0.202512,,,,,,,,,,,,
324869,,,,,,,,,,,,,,,,,,,,-0.158438,-0.053259,-1.505450,,,,,,
324873,-0.158340,-0.053227,-1.502462,-0.143349,-0.060158,-1.498629,0.739743,0.084269,0.631752,0.652435,47.985821,48.946617,45.660496,46.139950,0.221642,0.215729,0.007938,0.014483,0.003833,,,,,,,,,
324879,,,,,,,,,,,,,,,,,,,,-0.158122,-0.060666,-1.501585,,,,,,
324884,,,,,,,,,0.741622,4.567040,,,47.675972,48.079384,0.201549,0.196508,,,,,,,,,,,,
324889,,,,,,,,,,,,,,,,,,,,-0.157714,-0.068105,-1.497800,,,,,,
324893,,,,,,,,,0.851492,-3.262170,,,46.104530,47.533051,0.217639,0.202254,,,,,,,,,,,,
324898,,,,,,,,,,,,,,,,,,,,-0.157118,-0.075612,-1.497841,,,,,,
324903,,,,,,,,,0.741622,-0.652433,,,46.415951,47.073364,0.214839,0.207226,,,,,,,,,,,,
324909,,,,,,,,,,,,,,,,,,,,-0.156563,-0.083021,-1.494031,,,,,,
324913,,,,,,,,,0.769089,1.304867,,,46.133438,47.231129,0.218035,0.205991,,,,,,,,,,,,
324918,,,,,,,,,,,,,,,,,,,,-0.156043,-0.090738,-1.486605,,,,,,
324923,-0.155923,-0.090802,-1.482464,-0.140590,-0.097290,-1.494652,0.743414,0.081039,0.604285,0.000000,48.558281,48.757660,44.806644,46.274784,0.237778,0.214162,0.007815,0.014701,-0.012188,,,,,,,,,
324928,,,,,,,,,,,,,,,,,,,,-0.155628,-0.098426,-1.482765,,,,,,
324933,,,,,,,,,0.878959,0.000000,,,46.412994,47.648289,0.222143,0.200649,,,,,,,,,,,,
324938,,,,,,,,,,,,,,,,,,,,-0.155176,-0.105868,-1.479015,,,,,,
324944,,,,,,,,,0.412012,0.652434,,,42.863689,44.447609,0.258775,0.233517,,,,,,,,,,,,
324948,,,,,,,,,,,,,,,,,,,,-0.154641,-0.113211,-1.478966,,,,,,
324953,,,,,,,,,1.126167,0.652435,,,46.956367,48.289078,0.218169,0.195196,,,,,,,,,,,,
324958,,,,,,,,,,,,,,,,,,,,-0.154151,-0.120741,-1.475198,,,,,,
324963,,,,,,,,,0.769089,-1.304867,,,47.132687,48.254028,0.216691,0.195648,,,,,,,,,,,,
324968,,,,,,,,,,,,,,,,,,,,-0.153425,-0.128295,-1.475209,,,,,,
324973,-0.153436,-0.128369,-1.481293,-0.137680,-0.134492,-1.490820,0.745736,0.078045,0.604285,0.000000,48.558228,48.876919,46.191956,46.590908,0.226571,0.213929,0.007506,0.015146,-0.009527,,,,,,,,,
324979,,,,,,,,,,,,,,,,,,,,-0.152900,-0.136407,-1.475278,,,,,,
324983,,,,,,,,,0.878959,1.304869,,,47.034054,47.914276,0.218455,0.200888,,,,,,,,,,,,
324988,,,,,,,,,,,,,,,,,,,,-0.152300,-0.144400,-1.471717,,,,,,
324993,,,,,,,,,0.741622,-0.652433,,,47.198051,47.938671,0.217087,0.200831,,,,,,,,,,,,
324998,,,,,,,,,,,,,,,,,,,,-0.151658,-0.152299,-1.471607,,,,,,
325004,,,,,,,,,0.439480,0.000000,,,44.068779,44.691936,0.249277,0.234136,,,,,,,,,,,,
325009,,,,,,,,,,,,,,,,,,,,-0.151019,-0.159925,-1.475391,,,,,,
325013,,,,,,,,,1.153634,0.000000,,,47.970329,48.494652,0.210379,0.196185,,,,,,,,,,,,
325019,,,,,,,,,,,,,,,,,,,,-0.150260,-0.167528,-1.475528,,,,,,
325023,-0.150092,-0.169063,-1.476013,-0.134628,-0.171697,-1.487121,0.746685,0.075279,0.604285,0.000000,47.699287,47.928783,46.896748,47.337914,0.212686,0.198389,0.004086,0.015146,-0.011107,,,,,,,,,
325029,,,,,,,,,,,,,,,,,,,,-0.149473,-0.175068,-1.475407,,,,,,
325033,,,,,,,,,0.906427,-0.652435,,,48.171608,48.542805,0.199843,0.186217,,,,,,,,,,,,
325039,,,,,,,,,,,,,,,,,,,,-0.148593,-0.182530,-1.475254,,,,,,
325044,,,,,,,,,0.604285,-3.914605,,,48.699734,45.200256,0.194362,0.220189,,,,,,,,,,,,
325048,,,,,,,,,,,,,,,,,,,,-0.147986,-0.190293,-1.475366,,,,,,
325053,,,,,,,,,0.906427,4.567039,,,48.055012,48.922356,0.200738,0.182769,,,,,,,,,,,,
325059,,,,,,,,,,,,,,,,,,,,-0.147486,-0.198219,-1.479015,,,,,,
325063,,,,,,,,,0.769089,0.000000,,,47.512543,48.242325,0.206200,0.189506,,,,,,,,,,,,
325068,,,,,,,,,,,,,,,,,,,,-0.146953,-0.205972,-1.475267,,,,,,
325073,-0.146911,-0.206087,-1.475331,-0.131446,-0.208833,-1.483544,0.746247,0.072730,0.604285,0.000000,47.646057,47.998299,46.511566,47.125603,0.215904,0.201543,0.004207,0.015132,-0.008214,,,,,,,,,
325079,,,,,,,,,,,,,,,,,,,,-0.146542,-0.213911,-1.475385,,,,,,
325083,,,,,,,,,0.851492,0.652435,,,47.302975,47.819622,0.208059,0.194639,,,,,,,,,,,,
325089,,,,,,,,,,,,,,,,,,,,-0.146159,-0.221474,-1.471690,,,,,,
325093,,,,,,,,,0.796557,-0.652434,,,47.424320,47.859028,0.206890,0.194273,,,,,,,,,,,,
325098,,,,,,,,,,,,,,,,,,,,-0.145443,-0.229167,-1.471639,,,,,,
325104,,,,,,,,,0.604285,5.219473,,,44.259163,44.624924,0.239219,0.227288,,,,,,,,,,,,
325109,,,,,,,,,,,,,,,,,,,,-0.144753,-0.236488,-1.467863,,,,,,
325113,,,,,,,,,0.906427,-4.567039,,,48.130516,48.982815,0.200408,0.183513,,,,,,,,,,,,
325119,,,,,,,,,,,,,,,,,,,,-0.144102,-0.243769,-1.467789,,,,,,
325123,-0.144339,-0.244411,-1.487578,-0.128145,-0.245831,-1.480078,0.744410,0.070390,0.659220,0.000000,46.751102,47.850628,47.031528,47.748653,0.202393,0.194398,0.002761,0.016020,0.007500,,,,,,,,,
325129,,,,,,,,,,,,,,,,,,,,-0.143339,-0.251520,-1.464040,,,,,,
325133,,,,,,,,,0.851492,-0.652435,,,47.740471,48.343857,0.195105,0.188347,,,,,,,,,,,,
325138,,,,,,,,,,,,,,,,,,,,-0.142561,-0.258945,-1.464106,,,,,,
325143,,,,,,,,,0.741622,1.957302,,,47.247887,48.300117,0.199932,0.188695,,,,,,,,,,,,
325148,,,,,,,,,,,,,,,,,,,,-0.141868,-0.266657,-1.464144,,,,,,
325153,,,,,,,,,0.741622,-0.652433,,,47.377972,48.263317,0.198506,0.188980,,,,,,,,,,,,
325159,,,,,,,,,,,,,,,,,,,,-0.141256,-0.274417,-1.464088,,,,,,
325164,,,,,,,,,0.412012,0.652434,,,43.675621,44.965096,0.236144,0.222540,,,,,,,,,,,,
325169,,,,,,,,,,,,,,,,,,,,-0.140508,-0.282102,-1.460582,,,,,,
325173,-0.140659,-0.280659,-1.460110,-0.124736,-0.282622,-1.476715,0.741174,0.068253,0.961362,-0.652434,47.386761,47.334053,46.550438,47.090858,0.213920,0.196165,0.003710,0.015608,-0.016605,,,,,,,,,
325179,,,,,,,,,,,,,,,,,,,,-0.139790,-0.289419,-1.464462,,,,,,
325183,,,,,,,,,0.851492,0.652435,,,47.335678,48.334934,0.206078,0.183524,,,,,,,,,,,,
325189,,,,,,,,,,,,,,,,,,,,-0.138996,-0.296741,-1.464453,,,,,,
325193,,,,,,,,,0.741622,-0.652433,,,47.451839,47.748070,0.204903,0.189310,,,,,,,,,,,,
325198,,,,,,,,,,,,,,,,,,,,-0.138278,-0.303869,-1.467920,,,,,,
325204,,,,,,,,,0.466947,0.652434,,,44.282318,45.076107,0.237219,0.216481,,,,,,,,,,,,
325209,,,,,,,,,,,,,,,,,,,,-0.137636,-0.311265,-1.467881,,,,,,
325213,,,,,,,,,1.071232,-0.652434,,,48.150002,48.273350,0.198390,0.184321,,,,,,,,,,,,
325219,,,,,,,,,,,,,,,,,,,,-0.136834,-0.318991,-1.464201,,,,,,
325223,-0.136721,-0.320248,-1.466595,-0.121230,-0.319137,-1.473444,0.736542,0.066313,0.604285,0.000000,45.979401,46.370796,46.503380,46.607166,0.200677,0.191303,0.000506,0.015523,-0.006849,,,,,,,,,
325229,,,,,,,,,,,,,,,,,,,,-0.136160,-0.326775,-1.468037,,,,,,
325233,,,,,,,,,0.851492,0.652435,,,47.296085,47.383411,0.192487,0.183338,,,,,,,,,,,,
325238,,,,,,,,,,,,,,,,,,,,-0.135260,-0.334194,-1.471704,,,,,,
325243,,,,,,,,,0.741622,-0.652433,,,47.418526,47.492001,0.190975,0.182027,,,,,,,,,,,,
325249,,,,,,,,,,,,,,,,,,,,-0.134482,-0.341910,-1.471658,,,,,,
325253,,,,,,,,,0.714155,0.000000,,,46.977005,47.038826,0.195190,0.186426,,,,,,,,,,,,
325258,,,,,,,,,,,,,,,,,,,,-0.133789,-0.349465,-1.471612,,,,,,
325264,,,,,,,,,0.384545,0.000000,,,43.338249,43.390263,0.232106,0.223507,,,,,,,,,,,,
325268,,,,,,,,,,,,,,,,,,,,-0.133156,-0.357030,-1.471790,,,,,,
325273,-0.133288,-0.355548,-1.471354,-0.117639,-0.355306,-1.470255,0.730527,0.064565,1.016297,-0.652434,45.651905,46.402122,46.811119,46.310341,0.193871,0.194638,0.001312,0.015596,0.001099,,,,,,,,,
325279,,,,,,,,,,,,,,,,,,,,-0.132586,-0.364297,-1.475589,,,,,,
325283,,,,,,,,,0.878959,0.000000,,,48.099560,47.678207,0.180497,0.180704,,,,,,,,,,,,
325288,,,,,,,,,,,,,,,,,,,,-0.131903,-0.371789,-1.475396,,,,,,
325293,,,,,,,,,0.741622,0.652433,,,47.550026,47.195499,0.185613,0.185373,,,,,,,,,,,,
325298,,,,,,,,,,,,,,,,,,,,-0.131292,-0.379066,-1.475396,,,,,,
325303,,,,,,,,,0.659220,0.000000,,,46.543102,46.789349,0.195504,0.189357,,,,,,,,,,,,
325309,,,,,,,,,,,,,,,,,,,,-0.130754,-0.386121,-1.475244,,,,,,
325313,,,,,,,,,0.741622,0.652433,,,46.240421,46.992157,0.198413,0.187211,,,,,,,,,,,,
325319,,,,,,,,,,,,,,,,,,,,-0.130216,-0.393567,-1.475275,,,,,,
325324,-0.130314,-0.391982,-1.474947,-0.113975,-0.391064,-1.467140,0.723146,0.063007,0.384545,0.000000,,,42.718487,43.350998,0.234219,0.224233,,,,,,,,,,,,
325327,,,,,,,,,,,44.847195,45.908642,,,,,0.000650,0.016352,0.007807,-0.129611,-0.401204,-1.475300,,,,,,
325333,,,,,,,,,0.961362,-0.652434,,,45.745106,45.732758,0.195726,0.195515,,,,,,,,,,,,
325339,,,,,,,,,,,,,,,,,,,,-0.128907,-0.408735,-1.471595,,,,,,
325343,,,,,,,,,0.741622,0.652433,,,45.568989,46.103142,0.197343,0.191773,,,,,,,,,,,,
325348,,,,,,,,,,,,,,,,,,,,-0.128362,-0.416195,-1.464245,,,,,,
325353,,,,,,,,,0.741622,-0.652433,,,45.420803,45.870239,0.198710,0.194109,,,,,,,,,,,,
325359,,,,,,,,,,,,,,,,,,,,-0.127852,-0.423133,-1.460431,,,,,,
325363,,,,,,,,,0.741622,1.957302,,,45.296120,46.218819,0.199867,0.190561,,,,,,,,,,,,
325369,,,,,,,,,,,,,,,,,,,,-0.127140,-0.430417,-1.460431,,,,,,
325373,-0.126977,-0.430273,-1.453442,-0.110251,-0.426344,-1.464089,0.714426,0.061635,0.631752,-0.652435,43.987835,44.216904,44.646667,45.423027,0.197636,0.181361,-0.001944,0.017071,-0.010648,,,,,,,,,
325379,,,,,,,,,,,,,,,,,,,,-0.126403,-0.437466,-1.460317,,,,,,
325384,,,,,,,,,0.466947,0.652434,,,41.922047,43.119820,0.225295,0.204612,,,,,,,,,,,,
325389,,,,,,,,,,,,,,,,,,,,-0.125786,-0.445321,-1.456599,,,,,,
325393,,,,,,,,,1.071232,-0.652434,,,45.619526,46.627331,0.187994,0.169055,,,,,,,,,,,,
325399,,,,,,,,,,,,,,,,,,,,-0.125152,-0.452848,-1.445485,,,,,,
325403,,,,,,,,,0.741622,0.652433,,,45.463326,46.311291,0.189261,0.171797,,,,,,,,,,,,
325408,,,,,,,,,,,,,,,,,,,,-0.124354,-0.460395,-1.445586,,,,,,
325413,,,,,,,,,0.659220,0.000000,,,45.331898,46.045376,0.190307,0.174090,,,,,,,,,,,,
325419,,,,,,,,,,,,,,,,,,,,-0.123600,-0.467820,-1.445586,,,,,,
325424,-0.123694,-0.466272,-1.446246,-0.106477,-0.461082,-1.461092,0.704398,0.060450,0.384545,0.000000,43.147255,43.199306,41.954056,42.554375,0.224492,0.209333,-0.003011,0.017728,-0.014846,,,,,,,,,
325429,,,,,,,,,,,,,,,,,,,,-0.122847,-0.474869,-1.445577,,,,,,
325433,,,,,,,,,1.043764,0.000000,,,45.646458,46.151566,0.178662,0.162594,,,,,,,,,,,,
325439,,,,,,,,,,,,,,,,,,,,-0.121759,-0.482105,-1.449281,,,,,,
325443,,,,,,,,,0.714155,0.000000,,,45.485985,45.910984,0.179799,0.164458,,,,,,,,,,,,
325448,,,,,,,,,,,,,,,,,,,,-0.120721,-0.489146,-1.449346,,,,,,
325453,,,,,,,,,0.686687,0.652435,,,44.806419,45.708557,0.186263,0.165980,,,,,,,,,,,,
325459,,,,,,,,,,,,,,,,,,,,-0.119616,-0.496008,-1.452968,,,,,,
325463,,,,,,,,,0.686687,-0.652435,,,44.779179,44.993694,0.186209,0.172770,,,,,,,,,,,,
325468,,,,,,,,,,,,,,,,,,,,-0.118768,-0.502743,-1.456643,,,,,,
325473,-0.118865,-0.502546,-1.458506,-0.102666,-0.495217,-1.458141,0.693100,0.059452,0.604285,0.000000,41.431393,42.130501,43.667171,43.847664,0.179723,0.173199,-0.005468,0.016919,0.000365,,,,,,,,,
325479,,,,,,,,,,,,,,,,,,,,-0.117994,-0.509640,-1.456656,,,,,,
325484,,,,,,,,,0.494415,0.000000,,,41.642441,41.794308,0.199928,0.193799,,,,,,,,,,,,
325489,,,,,,,,,,,,,,,,,,,,-0.117414,-0.516617,-1.460308,,,,,,
325493,,,,,,,,,1.043764,0.000000,,,45.384266,44.967503,0.161719,0.161500,,,,,,,,,,,,
325499,,,,,,,,,,,,,,,,,,,,-0.117000,-0.524071,-1.460382,,,,,,
325503,,,,,,,,,0.659220,0.000000,,,44.720833,44.914715,0.167696,0.161471,,,,,,,,,,,,
325509,,,,,,,,,,,,,,,,,,,,-0.116399,-0.531032,-1.456755,,,,,,
325513,,,,,,,,,0.686687,-0.652435,,,44.162621,44.325752,0.172732,0.166922,,,,,,,,,,,,
325519,,,,,,,,,,,,,,,,,,,,-0.115510,-0.538045,-1.460461,,,,,,
325523,-0.115509,-0.537933,-1.463035,-0.098830,-0.528689,-1.455225,0.680578,0.058643,0.521882,0.652434,39.943481,40.965431,42.603855,42.741116,0.172908,0.170762,-0.007397,0.017576,0.007810,,,,,,,,,
325529,,,,,,,,,,,,,,,,,,,,-0.114869,-0.544897,-1.460425,,,,,,
325533,,,,,,,,,0.796557,-0.652434,,,43.470482,43.585972,0.163537,0.161790,,,,,,,,,,,,
325539,,,,,,,,,,,,,,,,,,,,-0.114550,-0.551996,-1.460437,,,,,,
325544,,,,,,,,,0.494415,-3.914605,,,43.655121,39.940491,0.160948,0.198449,,,,,,,,,,,,
325549,,,,,,,,,,,,,,,,,,,,-0.113991,-0.558901,-1.456662,,,,,,
325553,,,,,,,,,0.796557,4.567040,,,42.721390,43.407700,0.169730,0.163289,,,,,,,,,,,,
325559,,,,,,,,,,,,,,,,,,,,-0.113302,-0.565590,-1.456705,,,,,,
325563,,,,,,,,,0.659220,1.304869,,,41.935745,43.602295,0.177188,0.160816,,,,,,,,,,,,
325569,,,,,,,,,,,,,,,,,,,,-0.112512,-0.572078,-1.453040,,,,,,
325573,-0.112389,-0.571953,-1.448407,-0.094980,-0.561442,-1.452334,0.666883,0.058028,0.549350,0.000000,39.078156,39.608986,40.730164,42.132397,0.180260,0.161445,-0.008307,0.018562,-0.003927,,,,,,,,,
325579,,,,,,,,,,,,,,,,,,,,-0.111790,-0.578572,-1.452983,,,,,,
325584,,,,,,,,,0.494415,0.000000,,,39.171242,40.351082,0.195830,0.179110,,,,,,,,,,,,
325589,,,,,,,,,,,,,,,,,,,,-0.111069,-0.584959,-1.445651,,,,,,
325593,,,,,,,,,0.933894,0.000000,,,42.215912,42.664085,0.164756,0.155369,,,,,,,,,,,,
325598,,,,,,,,,,,,,,,,,,,,-0.110269,-0.591206,-1.441855,,,,,,
325603,,,,,,,,,0.631752,-0.652435,,,42.054981,42.432076,0.165770,0.157125,,,,,,,,,,,,
325609,,,,,,,,,,,,,,,,,,,,-0.109293,-0.597472,-1.438215,,,,,,
325613,,,,,,,,,0.604285,0.000000,,,41.375031,41.692318,0.172110,0.164105,,,,,,,,,,,,
325618,,,,,,,,,,,,,,,,,,,,-0.108424,-0.603937,-1.441865,,,,,,
325622,-0.108446,-0.603769,-1.442414,-0.091127,-0.593422,-1.449460,0.652069,0.057611,0.549350,0.000000,38.293793,38.687748,,,,,-0.008045,0.018501,-0.007046,-0.108424,-0.603937,-1.441865,,,,,,
325625,,,,,,,,,,,,,40.258377,40.525341,0.175040,0.166195,,,,,,,,,,,,
325629,,,,,,,,,,,,,,,,,,,,-0.107673,-0.610408,-1.441977,,,,,,
325633,,,,,,,,,0.686687,0.652435,,,40.407913,41.177078,0.173122,0.159180,,,,,,,,,,,,
325639,,,,,,,,,,,,,,,,,,,,-0.106827,-0.616870,-1.441953,,,,,,
325644,,,,,,,,,0.384545,0.000000,,,37.811016,38.458191,0.199188,0.186415,,,,,,,,,,,,
325649,,,,,,,,,,,,,,,,,,,,-0.106101,-0.623427,-1.442029,,,,,,
325653,,,,,,,,,0.878959,0.000000,,,40.526875,41.071407,0.171582,0.159806,,,,,,,,,,,,
325659,,,,,,,,,,,,,,,,,,,,-0.105449,-0.629973,-1.442051,,,,,,
325663,,,,,,,,,0.659220,0.000000,,,40.633827,41.091995,0.170045,0.159119,,,,,,,,,,,,
325668,,,,,,,,,,,,,,,,,,,,-0.104599,-0.636368,-1.442051,,,,,,
325673,-0.104568,-0.636376,-1.442082,-0.087283,-0.624578,-1.446591,0.636199,0.057403,0.521882,0.652434,36.847492,37.343208,39.090187,40.020233,0.170570,0.155856,-0.009482,0.018656,-0.004508,,,,,,,,,
325679,,,,,,,,,,,,,,,,,,,,-0.103949,-0.642368,-1.441979,,,,,,
325684,,,,,,,,,0.439480,0.000000,,,37.246822,38.029366,0.188923,0.175628,,,,,,,,,,,,
325689,,,,,,,,,,,,,,,,,,,,-0.103319,-0.648698,-1.438204,,,,,,
325693,,,,,,,,,0.878959,0.000000,,,40.052162,40.710594,0.160229,0.148142,,,,,,,,,,,,
325698,,,,,,,,,,,,,,,,,,,,-0.102692,-0.654735,-1.438147,,,,,,
325703,,,,,,,,,0.604285,0.000000,,,39.689857,40.243862,0.163284,0.152229,,,,,,,,,,,,
325708,,,,,,,,,,,,,,,,,,,,-0.101969,-0.660625,-1.438181,,,,,,
325713,,,,,,,,,0.604285,0.000000,,,39.385017,39.851154,0.165825,0.155654,,,,,,,,,,,,
325718,,,,,,,,,,,,,,,,,,,,-0.101235,-0.666549,-1.438133,,,,,,
325723,-0.101188,-0.666532,-1.438466,-0.083458,-0.654863,-1.443715,0.619338,0.057412,0.494415,0.000000,35.877617,36.348248,38.039436,38.431644,0.169149,0.159483,-0.009227,0.019115,-0.005249,,,,,,,,,
325729,,,,,,,,,,,,,,,,,,,,-0.100501,-0.672740,-1.438133,,,,,,
325733,,,,,,,,,0.714155,0.000000,,,39.085438,39.415443,0.158048,0.149032,,,,,,,,,,,,
325739,,,,,,,,,,,,,,,,,,,,-0.099799,-0.678732,-1.438147,,,,,,
325744,,,,,,,,,0.329610,0.000000,,,36.153740,36.431408,0.187309,0.178856,,,,,,,,,,,,
325749,,,,,,,,,,,,,,,,,,,,-0.098947,-0.684511,-1.445525,,,,,,
325753,,,,,,,,,0.851492,-0.652435,,,38.587898,38.821529,0.162426,0.154460,,,,,,,,,,,,
325759,,,,,,,,,,,,,,,,,,,,-0.098089,-0.690349,-1.449186,,,,,,
325763,,,,,,,,,0.631752,0.652435,,,38.457829,39.198948,0.163210,0.150115,,,,,,,,,,,,
325769,,,,,,,,,,,,,,,,,,,,-0.097323,-0.696351,-1.449186,,,,,,
325773,-0.097264,-0.696472,-1.445550,-0.079662,-0.684235,-1.440821,0.601557,0.057652,0.466947,0.652434,34.378777,35.222546,37.259300,37.882877,0.159631,0.151487,-0.009942,0.018992,0.004729,,,,,,,,,
325779,,,,,,,,,,,,,,,,,,,,-0.096571,-0.702243,-1.449182,,,,,,
325784,,,,,,,,,0.412012,-0.652434,,,35.706314,35.686451,0.174896,0.173358,,,,,,,,,,,,
325789,,,,,,,,,,,,,,,,,,,,-0.095950,-0.708269,-1.449203,,,,,,
325793,,,,,,,,,0.824024,0.000000,,,38.211437,38.194721,0.149078,0.147681,,,,,,,,,,,,
325798,,,,,,,,,,,,,,,,,,,,-0.095237,-0.714071,-1.449255,,,,,,
325803,,,,,,,,,0.576817,-0.652434,,,37.596531,37.582466,0.154583,0.153332,,,,,,,,,,,,
325808,,,,,,,,,,,,,,,,,,,,-0.094529,-0.719856,-1.452932,,,,,,
325813,,,,,,,,,0.576817,0.652434,,,37.079147,37.611858,0.159217,0.152560,,,,,,,,,,,,
325819,,,,,,,,,,,,,,,,,,,,-0.093979,-0.725360,-1.452877,,,,,,
325823,-0.093920,-0.725333,-1.449526,-0.075906,-0.712652,-1.437897,0.582931,0.058139,0.439480,0.000000,32.957657,34.049053,36.099277,36.002956,0.154176,0.156523,-0.010408,0.019416,0.011629,,,,,,,,,
325829,,,,,,,,,,,,,,,,,,,,-0.093454,-0.731069,-1.452860,,,,,,
325833,,,,,,,,,0.659220,0.000000,,,36.908447,36.827400,0.145294,0.147723,,,,,,,,,,,,
325839,,,,,,,,,,,,,,,,,,,,-0.092756,-0.736801,-1.449171,,,,,,
325844,,,,,,,,,0.329610,0.000000,,,37.044739,37.521088,0.143114,0.140092,,,,,,,,,,,,
325853,,,,,,,,,0.769089,0.000000,,,35.525784,35.926582,0.157790,0.155662,,,,,,,,,,,,
325863,,,,,,,,,0.549350,1.304868,,,35.336823,35.674053,0.159204,0.157862,,,,,,,,,,,,
325869,,,,,,,,,,,,,,,,,,,,-0.091003,-0.753680,-1.441822,,,,,,
325873,-0.090904,-0.753580,-1.436996,-0.072198,-0.740080,-1.434927,0.563537,0.058893,0.439480,0.000000,31.787041,32.532509,34.088745,34.917034,0.159518,0.149790,-0.010884,0.020340,0.002069,,,,,,,,,
325879,,,,,,,,,,,,,,,,,,,,-0.090327,-0.759391,-1.441839,,,,,,
325883,,,,,,,,,0.659220,0.000000,,,35.216785,35.913708,0.147552,0.139147,,,,,,,,,,,,
325889,,,,,,,,,,,,,,,,,,,,-0.089574,-0.764858,-1.441806,,,,,,
325893,,,,,,,,,0.521882,0.652434,,,34.532288,35.663219,0.153848,0.141025,,,,,,,,,,,,
325898,,,,,,,,,,,,,,,,,,,,-0.088860,-0.770323,-1.438106,,,,,,
325905,,,,,,,,,0.302142,-0.652434,,,35.045437,35.997002,0.148064,0.136995,,,,,,,,,,,,
325909,,,,,,,,,,,,,,,,,,,,-0.088245,-0.775660,-1.434420,,,,,,
325913,,,,,,,,,0.769089,0.000000,,,33.843571,34.644218,0.159672,0.150100,,,,,,,,,,,,
325918,,,,,,,,,,,,,,,,,,,,-0.087617,-0.780822,-1.434468,,,,,,
325923,-0.087462,-0.781734,-1.434681,-0.068548,-0.766487,-1.431897,0.543455,0.059940,0.412012,0.652434,30.055052,30.823084,32.832321,33.505985,0.151909,0.143852,-0.012540,0.020808,0.002784,,,,,,,,,
325929,,,,,,,,,,,,,,,,,,,,-0.086810,-0.786082,-1.434454,,,,,,
325933,,,,,,,,,0.604285,0.000000,,,33.615086,34.181908,0.143369,0.136421,,,,,,,,,,,,
325939,,,,,,,,,,,,,,,,,,,,-0.086084,-0.791105,-1.430777,,,,,,
325943,,,,,,,,,0.549350,0.000000,,,33.184616,34.206085,0.147048,0.135502,,,,,,,,,,,,
325948,,,,,,,,,,,,,,,,,,,,-0.085329,-0.796246,-1.427122,,,,,,
325953,,,,,,,,,0.494415,0.000000,,,32.822422,33.681885,0.150117,0.140173,,,,,,,,,,,,
325958,,,,,,,,,,,,,,,,,,,,-0.084512,-0.801334,-1.430780,,,,,,
325964,,,,,,,,,0.247207,0.652434,,,30.339497,31.062649,0.174889,0.166317,,,,,,,,,,,,
325968,,,,,,,,,,,,,,,,,,,,-0.083782,-0.806614,-1.434462,,,,,,
325973,-0.083936,-0.805552,-1.431743,-0.064963,-0.791845,-1.428790,0.522768,0.061310,0.686687,-0.652435,29.213806,29.975458,32.606712,32.670628,0.143126,0.141222,-0.010945,0.020690,0.002953,,,,,,,,,
325979,,,,,,,,,,,,,,,,,,,,-0.083045,-0.811945,-1.434512,,,,,,
325983,,,,,,,,,0.604285,0.000000,,,33.425259,33.479038,0.134098,0.132437,,,,,,,,,,,,
325989,,,,,,,,,,,,,,,,,,,,-0.082374,-0.816897,-1.430856,,,,,,
325993,,,,,,,,,0.494415,0.000000,,,33.024899,33.070148,0.137339,0.135907,,,,,,,,,,,,
325999,,,,,,,,,,,,,,,,,,,,-0.081644,-0.821938,-1.430821,,,,,,
326005,,,,,,,,,0.274675,0.000000,,,33.232578,33.270649,0.134459,0.133243,,,,,,,,,,,,
326009,,,,,,,,,,,,,,,,,,,,-0.081042,-0.826740,-1.430807,,,,,,
326013,,,,,,,,,0.659220,0.000000,,,31.773689,31.805721,0.148536,0.147526,,,,,,,,,,,,
326018,,,,,,,,,,,,,,,,,,,,-0.080307,-0.831825,-1.427156,,,,,,
326023,-0.080227,-0.832360,-1.427541,-0.061451,-0.816131,-1.425587,0.501561,0.063037,0.412012,0.652434,27.221531,27.946159,30.546181,31.117676,0.140223,0.133480,-0.013382,0.020901,0.001954,,,,,,,,,
326029,,,,,,,,,,,,,,,,,,,,-0.079507,-0.836725,-1.427134,,,,,,
326033,,,,,,,,,0.549350,0.000000,,,31.146984,31.627840,0.133430,0.127642,,,,,,,,,,,,
326039,,,,,,,,,,,,,,,,,,,,-0.078812,-0.841541,-1.427149,,,,,,
326043,,,,,,,,,0.494415,0.000000,,,31.107958,31.512548,0.133043,0.128081,,,,,,,,,,,,
326048,,,,,,,,,,,,,,,,,,,,-0.078074,-0.846478,-1.427233,,,,,,
326053,,,,,,,,,0.494415,0.000000,,,30.530577,30.871000,0.138155,0.133912,,,,,,,,,,,,
326064,,,,,,,,,0.219740,0.000000,,,31.133856,31.420288,0.131340,0.127724,,,,-0.077452,-0.851555,-1.423573,,,,,,
326068,,,,,,,,,,,,,,,,,,,,-0.076768,-0.856206,-1.423565,,,,,,
326073,-0.076927,-0.855118,-1.423899,-0.058021,-0.839326,-1.422266,0.479920,0.065168,0.604285,0.000000,26.024231,26.735086,29.463282,29.704285,0.135385,0.132179,-0.012854,0.021014,0.001633,,,,,,,,,
326079,,,,,,,,,,,,,,,,,,,,-0.075932,-0.861030,-1.423659,,,,,,
326083,,,,,,,,,0.521882,0.652434,,,29.691290,30.438614,0.132371,0.124095,,,,,,,,,,,,
326089,,,,,,,,,,,,,,,,,,,,-0.075241,-0.865622,-1.420056,,,,,,
326093,,,,,,,,,0.494415,0.000000,,,29.338593,29.967392,0.135235,0.128161,,,,,,,,,,,,
326099,,,,,,,,,,,,,,,,,,,,-0.074593,-0.870270,-1.419941,,,,,,
326103,,,,,,,,,0.439480,0.000000,,,29.041834,30.115448,0.137599,0.126005,,,,,,,,,,,,
326108,,,,,,,,,,,,,,,,,,,,-0.073980,-0.874822,-1.419951,,,,,,
326113,,,,,,,,,0.439480,0.000000,,,29.336683,29.695480,0.133988,0.129612,,,,,,,,,,,,
326118,,,,,,,,,,,,,,,,,,,,-0.073385,-0.879255,-1.419894,,,,,,
326124,-0.073547,-0.878141,-1.420230,-0.054677,-0.861416,-1.418802,0.457932,0.067757,0.219740,0.000000,24.414131,25.118031,30.129313,30.975748,0.108818,0.099467,-0.013705,0.021165,0.001428,,,,,,,,,
326129,,,,,,,,,,,,,,,,,,,,-0.072745,-0.883594,-1.416255,,,,,,
326133,,,,,,,,,0.631752,0.652435,,,28.073515,28.785706,0.128644,0.120634,,,,,,,,,,,,
326138,,,,,,,,,,,,,,,,,,,,-0.072184,-0.887893,-1.416246,,,,,,
326143,,,,,,,,,0.439480,0.000000,,,27.977398,28.576635,0.128893,0.122033,,,,,,,,,,,,
326148,,,,,,,,,,,,,,,,,,,,-0.071511,-0.892115,-1.416264,,,,,,
326153,,,,,,,,,0.439480,0.000000,,,27.896524,28.400723,0.129005,0.123136,,,,,,,,,,,,
326159,,,,,,,,,,,,,,,,,,,,-0.070769,-0.896473,-1.416264,,,,,,
326164,,,,,,,,,0.219740,0.000000,,,27.828478,28.797253,0.129002,0.118435,,,,,,,,,,,,
326168,,,,,,,,,,,,,,,,,,,,-0.070119,-0.900711,-1.412669,,,,,,
326173,-0.070268,-0.899729,-1.413304,-0.051426,-0.882389,-1.415169,0.435681,0.070868,0.549350,0.000000,22.937244,23.552282,26.682137,26.952721,0.124948,0.120542,-0.014170,0.021328,-0.001865,,,,,,,,,
326179,,,,,,,,,,,,,,,,,,,,-0.069443,-0.904840,-1.412631,,,,,,
326183,,,,,,,,,0.466947,0.652434,,,26.806692,27.578905,0.122929,0.113475,,,,,,,,,,,,
326189,,,,,,,,,,,,,,,,,,,,-0.068852,-0.909049,-1.412622,,,,,,
326193,,,,,,,,,0.384545,0.000000,,,26.366949,27.016689,0.126640,0.118405,,,,,,,,,,,,
326198,,,,,,,,,,,,,,,,,,,,-0.068311,-0.913028,-1.412622,,,,,,
326203,,,,,,,,,0.439480,0.000000,,,25.996950,26.543640,0.129728,0.122537,,,,,,,,,,,,
326209,,,,,,,,,,,,,,,,,,,,-0.067673,-0.917215,-1.405380,,,,,,
326213,,,,,,,,,0.384545,0.000000,,,26.230177,26.690161,0.126737,0.120444,,,,,,,,,,,,
326219,,,,,,,,,,,,,,,,,,,,-0.066972,-0.921114,-1.405303,,,,,,
326225,-0.066995,-0.920913,-1.405975,-0.048273,-0.902241,-1.411332,0.413256,0.074585,0.219740,0.000000,21.244947,21.778599,24.248240,24.635271,0.129033,0.122685,-0.015347,0.021532,-0.005357,,,,,,,,,
326229,,,,,,,,,,,,,,,,,,,,-0.066447,-0.925077,-1.408945,,,,,,
326233,,,,,,,,,0.576817,0.652434,,,25.847897,26.718088,0.112116,0.100869,,,,,,,,,,,,
326238,,,,,,,,,,,,,,,,,,,,-0.065966,-0.929111,-1.408945,,,,,,
326243,,,,,,,,,0.384545,0.000000,,,25.560219,26.292398,0.114130,0.104223,,,,,,,,,,,,
326248,,,,,,,,,,,,,,,,,,,,-0.065372,-0.932976,-1.401706,,,,,,
326253,,,,,,,,,0.329610,0.000000,,,24.773624,25.389679,0.121290,0.112528,,,,,,,,,,,,
326258,,,,,,,,,,,,,,,,,,,,-0.064784,-0.936769,-1.398070,,,,,,
326263,,,,,,,,,0.384545,0.000000,,,24.656326,25.174675,0.121780,0.113999,,,,,,,,,,,,
326268,,,,,,,,,,,,,,,,,,,,-0.064109,-0.940590,-1.398100,,,,,,
326273,-0.064085,-0.940531,-1.398761,-0.045223,-0.920968,-1.407254,0.390742,0.079007,0.329610,0.000000,19.669497,20.146307,24.557632,24.449228,0.106035,0.104070,-0.016045,0.021933,-0.008493,,,,,,,,,
326279,,,,,,,,,,,,,,,,,,,,-0.063501,-0.944258,-1.398100,,,,,,
326284,,,,,,,,,0.247207,0.652434,,,24.474590,25.472466,0.105905,0.092772,,,,,,,,,,,,
326288,,,,,,,,,,,,,,,,,,,,-0.062877,-0.948058,-1.394485,,,,,,
326293,,,,,,,,,0.521882,0.652434,,,23.315634,24.155245,0.116765,0.105142,,,,,,,,,,,,
326298,,,,,,,,,,,,,,,,,,,,-0.062340,-0.951593,-1.390876,,,,,,
326303,,,,,,,,,0.329610,0.000000,,,22.885031,24.136023,0.120428,0.104537,,,,,,,,,,,,
326309,,,,,,,,,,,,,,,,,,,,-0.061776,-0.955092,-1.390838,,,,,,
326313,,,,,,,,,0.384545,0.000000,,,23.067265,23.575306,0.117926,0.109458,,,,,,,,,,,,
326318,,,,,,,,,,,,,,,,,,,,-0.061215,-0.958500,-1.390817,,,,,,
326324,-0.061337,-0.957673,-1.391484,-0.042279,-0.938573,-1.402890,0.368221,0.084259,0.164805,0.000000,,,21.042423,22.014433,0.137900,0.124693,,,,,,,,,,,,
326327,,,,,,,,,,,18.464558,18.900391,,,,,-0.015395,0.022159,-0.011406,-0.060509,-0.961940,-1.387253,,,,,,
326333,,,,,,,,,0.521882,0.652434,,,22.605982,23.423830,0.109387,0.097235,,,,,,,,,,,,
326339,,,,,,,,,,,,,,,,,,,,-0.059877,-0.965205,-1.387244,,,,,,
326343,,,,,,,,,0.357077,-0.652434,,,22.832472,23.520609,0.106248,0.095343,,,,,,,,,,,,
326349,,,,,,,,,,,,,,,,,,,,-0.059354,-0.968499,-1.387270,,,,,,
326353,,,,,,,,,0.329610,0.000000,,,22.478498,23.057497,0.108985,0.099143,,,,,,,,,,,,
326359,,,,,,,,,,,,,,,,,,,,-0.058801,-0.971688,-1.387221,,,,,,
326363,,,,,,,,,0.302142,-0.652434,,,22.180664,22.123291,0.111220,0.107841,,,,,,,,,,,,
326369,,,,,,,,,,,,,,,,,,,,-0.058289,-0.974825,-1.387203,,,,,,
326373,-0.058336,-0.974636,-1.390300,-0.039445,-0.955062,-1.398185,0.345777,0.090498,0.247207,0.652434,16.875763,17.421097,20.840981,21.337250,0.107936,0.100125,-0.015865,0.022098,-0.007885,,,,,,,,,
326379,,,,,,,,,,,,,,,,,,,,-0.057671,-0.978129,-1.387203,,,,,,
326384,,,,,,,,,0.219740,0.000000,,,19.713772,20.131332,0.118641,0.111642,,,,,,,,,,,,
326388,,,,,,,,,,,,,,,,,,,,-0.057172,-0.981203,-1.387203,,,,,,
326393,,,,,,,,,0.494415,0.000000,,,20.943510,21.839390,0.105530,0.093678,,,,,,,,,,,,
326399,,,,,,,,,,,,,,,,,,,,-0.056607,-0.984357,-1.383605,,,,,,
326403,,,,,,,,,0.274675,0.000000,,,20.889126,21.098375,0.105271,0.100352,,,,,,,,,,,,
326408,,,,,,,,,,,,,,,,,,,,-0.056099,-0.987360,-1.383605,,,,,,
326413,,,,,,,,,0.302142,0.652434,,,20.298824,21.019430,0.110489,0.100422,,,,,,,,,,,,
326418,,,,,,,,,,,,,,,,,,,,-0.055563,-0.990385,-1.383582,,,,,,
326423,-0.055550,-0.990307,-1.381408,-0.036724,-0.970445,-1.393074,0.323488,0.097924,0.274675,0.000000,15.475022,15.979077,19.802143,20.953005,0.100583,0.085671,-0.015963,0.022229,-0.011666,,,,,,,,,
326429,,,,,,,,,,,,,,,,,,,,-0.055023,-0.993486,-1.383590,,,,,,
326433,,,,,,,,,0.329610,0.000000,,,19.928780,20.352571,0.098426,0.090801,,,,,,,,,,,,
326438,,,,,,,,,,,,,,,,,,,,-0.054501,-0.996686,-1.376434,,,,,,
326444,,,,,,,,,0.192272,1.957303,,,17.857159,19.847366,0.118666,0.095080,,,,,,,,,,,,
326448,,,,,,,,,,,,,,,,,,,,-0.053840,-0.999716,-1.380023,,,,,,
326453,,,,,,,,,0.357077,-1.957303,,,19.381357,19.422287,0.102643,0.098642,,,,,,,,,,,,
326459,,,,,,,,,,,,,,,,,,,,-0.053237,-1.002565,-1.380114,,,,,,
326463,,,,,,,,,0.274675,0.000000,,,19.030188,19.064625,0.105443,0.101601,,,,,,,,,,,,
326469,,,,,,,,,,,,,,,,,,,,-0.052701,-1.005559,-1.383652,,,,,,
326473,-0.052724,-1.005411,-1.383463,-0.034117,-0.984735,-1.387476,0.301432,0.106790,0.247207,0.652434,13.752487,14.448723,18.190170,18.763689,0.095731,0.088444,-0.016849,0.022132,-0.004013,,,,,,,,,
326478,,,,,,,,,,,,,,,,,,,,-0.052194,-1.008366,-1.383652,,,,,,
326484,,,,,,,,,0.219740,0.000000,,,17.483379,17.965939,0.102052,0.095718,,,,,,,,,,,,
326489,,,,,,,,,,,,,,,,,,,,-0.051661,-1.011175,-1.387224,,,,,,
326493,,,,,,,,,0.384545,0.000000,,,18.522316,18.928341,0.090709,0.085198,,,,,,,,,,,,
326499,,,,,,,,,,,,,,,,,,,,-0.051215,-1.013903,-1.387194,,,,,,
326503,,,,,,,,,0.274675,0.000000,,,18.307390,18.649019,0.091947,0.087151,,,,,,,,,,,,
326509,,,,,,,,,,,,,,,,,,,,-0.050715,-1.016621,-1.383626,,,,,,
326513,,,,,,,,,0.247207,0.652434,,,17.582008,17.869455,0.098435,0.094263,,,,,,,,,,,,
326519,,,,,,,,,,,,,,,,,,,,-0.050220,-1.019201,-1.380033,,,,,,
326523,-0.050222,-1.019060,-1.377584,-0.031626,-0.997951,-1.381295,0.279682,0.117424,0.192272,-0.652434,12.283215,13.032572,16.971672,17.213530,0.088908,0.085824,-0.017145,0.022304,-0.003711,,,,,,,,,
326529,,,,,,,,,,,,,,,,,,,,-0.049672,-1.021697,-1.380023,,,,,,
326533,,,,,,,,,0.302142,0.652434,,,17.002678,17.750721,0.087654,0.079509,,,,,,,,,,,,
326539,,,,,,,,,,,,,,,,,,,,-0.049238,-1.024247,-1.380044,,,,,,
326544,,,,,,,,,0.137337,-0.652434,,,17.028767,17.658171,0.086444,0.079509,,,,,,,,,,,,
326548,,,,,,,,,,,,,,,,,,,,-0.048858,-1.026830,-1.376453,,,,,,
326553,,,,,,,,,0.329610,0.000000,,,16.506174,16.491213,0.090825,0.090487,,,,,,,,,,,,
326559,,,,,,,,,,,,,,,,,,,,-0.048383,-1.029409,-1.372900,,,,,,
326563,,,,,,,,,0.247207,0.652434,,,16.066465,16.598421,0.094466,0.088702,,,,,,,,,,,,
326568,,,,,,,,,,,,,,,,,,,,-0.047946,-1.031771,-1.369339,,,,,,
326573,-0.047924,-1.031720,-1.367294,-0.029251,-1.010111,-1.374405,0.258308,0.130257,0.192272,0.652434,10.876083,11.630328,15.151952,16.144083,0.088684,0.078320,-0.017389,0.022654,-0.007112,,,,,,,,,
326579,,,,,,,,,,,,,,,,,,,,-0.047493,-1.034169,-1.365815,,,,,,
326585,,,,,,,,,0.164805,0.000000,,,15.471566,16.850889,0.084569,0.070208,,,,,,,,,,,,
326589,,,,,,,,,,,,,,,,,,,,-0.047118,-1.036502,-1.362197,,,,,,
326593,,,,,,,,,0.302142,0.652434,,,14.651403,15.811966,0.092016,0.079761,,,,,,,,,,,,
326598,,,,,,,,,,,,,,,,,,,,-0.046592,-1.038755,-1.355067,,,,,,
326603,,,,,,,,,0.219740,0.000000,,,14.505861,15.482359,0.092745,0.082286,,,,,,,,,,,,
326609,,,,,,,,,,,,,,,,,,,,-0.046177,-1.040828,-1.355039,,,,,,
326613,,,,,,,,,0.219740,1.304868,,,13.838860,15.749571,0.098823,0.078790,,,,,,,,,,,,
326619,,,,,,,,,,,,,,,,,,,,-0.045720,-1.042921,-1.351543,,,,,,
326623,-0.045693,-1.042879,-1.347390,-0.026994,-1.021241,-1.366649,0.237377,0.145863,0.192272,-0.652434,9.738397,10.389913,13.822187,14.885317,0.086796,0.074130,-0.016957,0.023028,-0.019259,,,,,,,,,
326629,,,,,,,,,,,,,,,,,,,,-0.045233,-1.044904,-1.351480,,,,,,
326633,,,,,,,,,0.274675,0.000000,,,13.808160,15.247220,0.086122,0.069539,,,,,,,,,,,,
326639,,,,,,,,,,,,,,,,,,,,-0.044885,-1.046815,-1.347955,,,,,,
326644,,,,,,,,,0.082402,0.652434,,,12.707271,13.918096,0.096537,0.082125,,,,,,,,,,,,
326648,,,,,,,,,,,,,,,,,,,,-0.044502,-1.048769,-1.344393,,,,,,
326653,,,,,,,,,0.302142,-0.652434,,,13.959155,14.433400,0.083174,0.076163,,,,,,,,,,,,
326658,,,,,,,,,,,,,,,,,,,,-0.044056,-1.050806,-1.340881,,,,,,
326663,,,,,,,,,0.192272,0.652434,,,13.378860,14.322433,0.088249,0.076486,,,,,,,,,,,,
326668,,,,,,,,,,,,,,,,,,,,-0.043636,-1.052663,-1.340829,,,,,,
326673,-0.043619,-1.052626,-1.338642,-0.024853,-1.031365,-1.357826,0.216951,0.165016,0.219740,0.000000,8.569853,9.334051,13.435144,14.229067,0.075028,0.065882,-0.016373,0.023154,-0.019184,,,,,,,,,
326679,,,,,,,,,,,,,,,,,,,,-0.043265,-1.054488,-1.340891,,,,,,
326683,,,,,,,,,0.164805,0.000000,,,12.937959,13.605965,0.079126,0.071259,,,,,,,,,,,,
326689,,,,,,,,,,,,,,,,,,,,-0.042952,-1.056262,-1.340917,,,,,,
326693,,,,,,,,,0.164805,0.000000,,,11.975083,13.081686,0.088074,0.075752,,,,,,,,,,,,
326698,,,,,,,,,,,,,,,,,,,,-0.042572,-1.057877,-1.337338,,,,,,
326703,,,,,,,,,0.164805,0.000000,,,11.164920,11.551472,0.095656,0.090611,,,,,,,,,,,,
326708,,,,,,,,,,,,,,,,,,,,-0.042177,-1.059483,-1.337299,,,,,,
326713,,,,,,,,,0.164805,1.304868,,,11.572335,12.986666,0.090982,0.075528,,,,,,,,,,,,
326718,,,,,,,,,,,,,,,,,,,,-0.041770,-1.061089,-1.337289,,,,,,
326723,-0.041747,-1.061047,-1.331927,-0.022828,-1.040514,-1.347670,0.197087,0.188782,0.192272,0.652434,7.493352,8.435515,11.370591,13.105151,0.081459,0.064424,-0.015474,0.023240,-0.015743,,,,,,,,,
326729,,,,,,,,,,,,,,,,,,,,-0.041387,-1.062829,-1.333782,,,,,,
326733,,,,,,,,,0.164805,-1.304868,,,11.745387,12.115759,0.076860,0.073582,,,,,,,,,,,,
326738,,,,,,,,,,,,,,,,,,,,-0.040942,-1.064444,-1.333792,,,,,,
326755,,,,,,,,,-0.000000,0.000000,,,8.773370,9.493753,0.105738,0.099021,,,,,,,,,,,,
326758,,,,,,,,,,,,,,,,,,,,-0.040233,-1.067400,-1.337332,,,,,,
326763,,,,,,,,,0.357077,0.652434,,,10.649172,11.799845,0.086349,0.075287,,,,,,,,,,,,
326769,,,,,,,,,,,,,,,,,,,,-0.039950,-1.068971,-1.337317,,,,,,
326773,-0.039727,-1.069757,-1.334127,-0.020917,-1.048719,-1.335823,0.177841,0.218663,0.164805,0.000000,5.972521,7.234571,10.593842,11.562017,0.070769,0.064791,-0.016041,0.023219,-0.001696,,,,,,,,,
326778,,,,,,,,,,,,,,,,,,,,-0.039660,-1.070467,-1.333792,,,,,,
326783,,,,,,,,,0.137337,-0.652434,,,10.547287,10.817367,0.070320,0.071520,,,,,,,,,,,,
326789,,,,,,,,,,,,,,,,,,,,-0.039448,-1.071850,-1.330262,,,,,,
326793,,,,,,,,,0.137337,0.652434,,,9.963573,10.735360,0.075359,0.071640,,,,,,,,,,,,
326804,,,,,,,,,0.054935,0.000000,,,8.927892,9.577273,0.085125,0.082753,,,,,,,,,,,,
326813,,,,,,,,,0.219740,1.304868,,,9.145556,10.781033,0.082313,0.070006,,,,,,,,,,,,
326819,,,,,,,,,,,,,,,,,,,,-0.038532,-1.075872,-1.323215,,,,,,
326823,-0.038391,-1.076249,-1.318656,-0.019119,-1.056014,-1.321797,0.159260,0.256822,0.109870,0.000000,5.075317,6.514486,8.784157,10.160246,0.076214,0.068284,-0.014787,0.023711,-0.003141,,,,,,,,,
326829,,,,,,,,,,,,,,,,,,,,-0.038210,-1.077216,-1.316221,,,,,,
326833,,,,,,,,,0.137337,0.652434,,,8.480075,10.182459,0.078573,0.067328,,,,,,,,,,,,
326839,,,,,,,,,,,,,,,,,,,,-0.037946,-1.078382,-1.309215,,,,,,
326843,,,,,,,,,0.109870,0.000000,,,8.224220,9.656606,0.080502,0.071958,,,,,,,,,,,,
326848,,,,,,,,,,,,,,,,,,,,-0.037740,-1.079463,-1.309208,,,,,,
326853,,,,,,,,,0.137337,0.652434,,,8.008945,9.758697,0.082068,0.070288,,,,,,,,,,,,
326859,,,,,,,,,,,,,,,,,,,,-0.037445,-1.080589,-1.302260,,,,,,
326864,,,,,,,,,0.082402,0.652434,,,7.827811,9.844596,0.083329,0.068763,,,,,,,,,,,,
326868,,,,,,,,,,,,,,,,,,,,-0.037239,-1.081767,-1.295318,,,,,,
326873,-0.037244,-1.081637,-1.294539,-0.017432,-1.062434,-1.304905,0.141391,0.306463,0.137337,0.652434,4.345898,5.974586,7.130862,9.372328,0.082447,0.067407,-0.013071,0.024299,-0.010366,,,,,,,,,
326878,,,,,,,,,,,,,,,,,,,,-0.036967,-1.082993,-1.288386,,,,,,
326883,,,,,,,,,0.137337,0.652434,,,7.088993,9.519505,0.082317,0.065227,,,,,,,,,,,,
326889,,,,,,,,,,,,,,,,,,,,-0.036750,-1.084096,-1.284923,,,,,,
326893,,,,,,,,,0.082402,0.652434,,,6.509221,9.098796,0.087682,0.068809,,,,,,,,,,,,
326898,,,,,,,,,,,,,,,,,,,,-0.036502,-1.085152,-1.281465,,,,,,
326903,,,,,,,,,0.137337,0.652434,,,6.565944,8.744812,0.086671,0.071795,,,,,,,,,,,,
326908,,,,,,,,,,,,,,,,,,,,-0.036240,-1.086186,-1.274566,,,,,,
326913,,,,,,,,,0.109870,0.000000,,,6.613671,8.991513,0.085740,0.068724,,,,,,,,,,,,
326918,,,,,,,,,,,,,,,,,,,,-0.036001,-1.087199,-1.267687,,,,,,
326924,-0.036072,-1.086843,-1.267203,-0.015853,-1.068018,-1.284147,0.124275,0.372492,0.027467,0.652434,3.451121,5.376184,,,,,-0.011920,0.024922,-0.016944,,,,,,,,,
326927,,,,,,,,,,,,,6.109285,9.199088,0.081305,0.059900,,,,-0.035730,-1.088175,-1.264248,,,,,,
326933,,,,,,,,,0.164805,0.000000,,,6.229438,8.284655,0.079548,0.068463,,,,,,,,,,,,
326938,,,,,,,,,,,,,,,,,,,,-0.035490,-1.089144,-1.257395,,,,,,
326943,,,,,,,,,0.082402,0.652434,,,5.785991,8.059793,0.083515,0.070175,,,,,,,,,,,,
326948,,,,,,,,,,,,,,,,,,,,-0.035234,-1.090170,-1.253985,,,,,,
326953,,,,,,,,,0.082402,1.957303,,,4.868332,7.870595,0.092408,0.071568,,,,,,,,,,,,
326959,,,,,,,,,,,,,,,,,,,,-0.034953,-1.091161,-1.247157,,,,,,
326964,,,,,,,,,0.082402,-0.652434,,,4.640758,7.711404,0.094446,0.072692,,,,,,,,,,,,
326968,,,,,,,,,,,,,,,,,,,,-0.034728,-1.092034,-1.243750,,,,,,
326973,-0.034742,-1.091930,-1.248456,-0.014379,-1.072802,-1.258022,0.107951,0.462697,0.109870,0.000000,2.230193,4.686412,5.538363,7.577461,0.072599,0.066556,-0.011692,0.025373,-0.009566,,,,,,,,,
326978,,,,,,,,,,,,,,,,,,,,-0.034421,-1.093022,-1.240335,,,,,,
326983,,,,,,,,,0.137337,0.652434,,,5.749064,8.009304,0.069788,0.061573,,,,,,,,,,,,
326989,,,,,,,,,,,,,,,,,,,,-0.034125,-1.093846,-1.233541,,,,,,
326993,,,,,,,,,0.082402,0.652434,,,5.381805,7.828114,0.072831,0.062757,,,,,,,,,,,,
326998,,,,,,,,,,,,,,,,,,,,-0.033859,-1.094732,-1.233544,,,,,,
327003,,,,,,,,,0.054935,0.000000,,,5.072793,7.131117,0.075352,0.069238,,,,,,,,,,,,
327008,,,,,,,,,,,,,,,,,,,,-0.033508,-1.095668,-1.230165,,,,,,
327013,,,,,,,,,0.082402,0.652434,,,4.812790,7.089207,0.077436,0.069176,,,,,,,,,,,,
327024,-0.033258,-1.096331,-1.228610,-0.013007,-1.076828,-1.224161,0.092458,0.590009,0.054935,0.000000,,,4.594024,6.509401,0.079151,0.074610,,,,-0.033202,-1.096495,-1.226792,,,,,,
327027,,,,,,,,,,,0.919673,4.125370,,,,,-0.011577,0.025621,0.004449,-0.032991,-1.097414,-1.223383,,,,,,
327033,,,,,,,,,0.137337,0.652434,,,4.954498,7.110639,0.061634,0.062390,,,,,,,,,,,,
327038,,,,,,,,,,,,,,,,,,,,-0.032743,-1.098180,-1.219995,,,,,,
327043,,,,,,,,,0.082402,0.652434,,,4.713257,7.071977,0.063287,0.062187,,,,,,,,,,,,
327049,,,,,,,,,,,,,,,,,,,,-0.032484,-1.098960,-1.216625,,,,,,
327053,,,,,,,,,0.082402,-0.652434,,,5.054820,6.494904,0.059045,0.067484,,,,,,,,,,,,
327058,,,,,,,,,,,,,,,,,,,,-0.032235,-1.099651,-1.209892,,,,,,
327063,,,,,,,,,0.054935,1.304868,,,4.253125,6.553897,0.066395,0.066408,,,,,,,,,,,,
327068,,,,,,,,,,,,,,,,,,,,-0.032020,-1.100482,-1.203170,,,,,,
327073,-0.032040,-1.100348,-1.199829,-0.011733,-1.080136,-1.178641,0.077834,0.777048,0.082402,0.652434,-0.492962,3.764910,4.123122,6.603535,0.052645,0.061739,-0.011476,0.026253,0.021188,,,,,,,,,
327079,,,,,,,,,,,,,,,,,,,,-0.031770,-1.101141,-1.196471,,,,,,
327084,,,,,,,,,0.027467,0.652434,,,3.469194,6.100757,0.058392,0.066300,,,,,,,,,,,,
327088,,,,,,,,,,,,,,,,,,,,-0.031519,-1.101944,-1.189780,,,,,,
327093,,,,,,,,,0.082402,1.957303,,,2.918979,6.766806,0.063212,0.059039,,,,,,,,,,,,
327098,,,,,,,,,,,,,,,,,,,,-0.031272,-1.102710,-1.183087,,,,,,
327103,,,,,,,,,0.027467,0.652434,,,2.456029,6.238132,0.067252,0.063831,,,,,,,,,,,,
327109,,,,,,,,,,,,,,,,,,,,-0.031047,-1.103406,-1.173102,,,,,,
327113,,,,,,,,,0.054935,1.304868,,,2.066502,6.337850,0.070635,0.062320,,,,,,,,,,,,
327118,,,,,,,,,,,,,,,,,,,,-0.030880,-1.103989,-1.159831,,,,,,
327125,-0.030887,-1.103896,-1.157713,-0.010554,-1.082768,-1.114523,0.064127,1.065894,0.027467,0.652434,-2.062069,3.776926,1.738755,5.877210,0.057461,0.066626,-0.011189,0.027104,0.043190,,,,,,,,,
327128,,,,,,,,,,,,,,,,,,,,-0.030707,-1.104551,-1.149920,,,,,,
327133,,,,,,,,,0.082402,1.957303,,,1.462988,6.578713,0.059514,0.059051,,,,,,,,,,,,
327139,,,,,,,,,,,,,,,,,,,,-0.030545,-1.104980,-1.136769,,,,,,
327143,,,,,,,,,0.054935,1.304868,,,1.230958,6.624414,0.061176,0.058024,,,,,,,,,,,,
327149,,,,,,,,,,,,,,,,,,,,-0.030402,-1.105337,-1.123651,,,,,,
327153,,,,,,,,,0.027467,0.652434,,,1.035728,6.118325,0.062508,0.062617,,,,,,,,,,,,
327158,,,,,,,,,,,,,,,,,,,,-0.030307,-1.105645,-1.113854,,,,,,
327163,,,,,,,,,0.054935,1.304868,,,0.871461,6.237044,0.063564,0.060938,,,,,,,,,,,,
327169,,,,,,,,,,,,,,,,,,,,-0.030256,-1.105839,-1.104091,,,,,,
327173,-0.030210,-1.105884,-1.103116,-0.009467,-1.084765,-1.018577,0.051404,1.540643,0.054935,1.304868,-3.684231,4.743008,0.733247,6.336934,0.047841,0.069281,-0.009500,0.028036,0.084539,,,,,,,,,
327179,,,,,,,,,,,,,,,,,,,,-0.030198,-1.106033,-1.094373,,,,,,
327184,,,,,,,,,-0.000000,0.000000,,,0.616954,5.331895,0.048144,0.079213,,,,,,,,,,,,
327189,,,,,,,,,,,,,,,,,,,,-0.030052,-1.106370,-1.084665,,,,,,
327193,,,,,,,,,0.054935,1.304868,,,0.519105,5.575343,0.048282,0.076612,,,,,,,,,,,,
327199,,,,,,,,,,,,,,,,,,,,-0.029936,-1.106731,-1.074985,,,,,,
327203,,,,,,,,,0.027467,0.652434,,,0.436775,5.235636,0.048281,0.079911,,,,,,,,,,,,
327209,,,,,,,,,,,,,,,,,,,,-0.029859,-1.107123,-1.068537,,,,,,
327213,,,,,,,,,0.027467,0.652434,,,0.367502,4.949806,0.048163,0.082728,,,,,,,,,,,,
327218,,,,,,,,,,,,,,,,,,,,-0.029731,-1.107475,-1.058903,,,,,,
327223,-0.029718,-1.107444,-1.059876,-0.008466,-1.086169,-0.863598,0.039782,2.382500,0.054935,1.304868,-6.390151,6.674045,0.309216,5.253853,0.020347,0.099282,-0.008166,0.028941,0.196278,,,,,,,,,
327229,,,,,,,,,,,,,,,,,,,,-0.029608,-1.107738,-1.049314,,,,,,
327233,,,,,,,,,0.054935,1.304868,,,0.260175,5.509677,0.019508,0.096956,,,,,,,,,,,,
327244,,,,,,,,,0.027467,0.652434,,,0.218911,5.180385,0.018598,0.100548,,,,-0.029457,-1.108112,-1.039749,,,,,,
327248,,,,,,,,,,,,,,,,,,,,-0.029268,-1.108592,-1.027002,,,,,,
327253,,,,,,,,,0.082402,1.957303,,,0.184192,5.992405,0.017631,0.092564,,,,,,,,,,,,
327259,,,,,,,,,,,,,,,,,,,,-0.029012,-1.109128,-1.014306,,,,,,
327263,,,,,,,,,0.054935,1.304868,,,0.154979,6.131095,0.016614,0.091286,,,,,,,,,,,,
327268,,,,,,,,,,,,,,,,,,,,-0.028796,-1.109600,-1.001654,,,,,,
327273,-0.028754,-1.109616,-1.001065,-0.007548,-1.087022,-0.592791,0.029507,3.999657,0.054935,1.304868,-11.349131,10.466859,0.130399,6.247789,-0.035026,0.128891,-0.007587,0.030044,0.408273,,,,,,,,,
327279,,,,,,,,,,,,,,,,,,,,-0.028525,-1.110186,-0.989055,,,,,,
327284,,,,,,,,,0.027467,0.652434,,,0.109718,5.801432,-0.037111,0.134288,,,,,,,,,,,,
327288,,,,,,,,,,,,,,,,,,,,-0.028278,-1.110691,-0.973392,,,,,,
327293,,,,,,,,,0.109870,2.609737,,,0.092317,7.059497,-0.039225,0.122388,,,,,,,,,,,,
327299,,,,,,,,,,,,,,,,,,,,-0.028019,-1.111178,-0.957762,,,,,,
327303,,,,,,,,,0.082402,1.957303,,,0.077675,7.573489,-0.041364,0.117827,,,,,,,,,,,,
327308,,,,,,,,,,,,,,,,,,,,-0.027695,-1.111839,-0.936015,,,,,,
327313,,,,,,,,,0.082402,1.957303,,,0.065356,8.005962,-0.043524,0.113995,,,,,,,,,,,,
327319,,,,,,,,,,,,,,,,,,,,-0.027285,-1.112480,-0.917449,,,,,,
327323,-0.027208,-1.112521,-0.916253,-0.006709,-1.087365,-0.127075,0.021168,7.155221,0.109870,2.609737,-20.483175,18.141079,0.054990,8.914389,-0.138868,0.183498,-0.007477,0.031577,0.789178,,,,,,,,,
327329,,,,,,,,,,,,,,,,,,,,-0.026756,-1.113339,-0.895883,,,,,,
327333,,,,,,,,,0.054935,2.609737,,,-0.498274,9.134195,-0.137333,0.183101,,,,,,,,,,,,
327338,,,,,,,,,,,,,,,,,,,,-0.026344,-1.114136,-0.871368,,,,,,
327344,,,,,,,,,0.054935,1.304868,,,-0.963791,10.408227,-0.136581,0.171907,,,,,,,,,,,,
327348,,,,,,,,,,,,,,,,,,,,-0.025807,-1.114994,-0.840987,,,,,,
327353,,,,,,,,,0.164805,6.524341,,,-0.810934,11.480197,-0.142044,0.162520,,,,,,,,,,,,
327359,,,,,,,,,,,,,,,,,,,,-0.025283,-1.116025,-0.807736,,,,,,
327363,,,,,,,,,0.109870,3.914605,,,-1.771406,12.382153,-0.136182,0.154652,,,,,,,,,,,,
327368,,,,,,,,,,,,,,,,,,,,-0.024668,-1.116839,-0.762850,,,,,,
327373,-0.024567,-1.116814,-0.759299,-0.005944,-1.087240,0.442825,0.016158,11.270280,0.082402,4.567039,-31.702621,28.576527,-2.035004,13.141058,-0.251674,0.254505,-0.006851,0.034271,1.202124,,,,,,,,,
327378,,,,,,,,,,,,,,,,,,,,-0.023985,-1.117898,-0.712363,,,,,,
327384,,,,,,,,,0.109870,3.914605,,,-3.345882,15.957773,-0.244237,0.228861,,,,,,,,,,,,
327389,,,,,,,,,,,,,,,,,,,,-0.023160,-1.118991,-0.662415,,,,,,
327393,,,,,,,,,0.192272,9.786511,,,-4.448854,17.238670,-0.238658,0.218320,,,,,,,,,,,,
327398,,,,,,,,,,,,,,,,,,,,-0.022276,-1.120001,-0.598373,,,,,,
327403,,,,,,,,,0.109870,7.829210,,,-5.921438,18.860960,-0.229088,0.204040,,,,,,,,,,,,
327408,,,,,,,,,,,,,,,,,,,,-0.021433,-1.121014,-0.526317,,,,,,
327413,,,,,,,,,0.137337,8.481645,,,-7.160470,20.770498,-0.221606,0.186506,,,,,,,,,,,,
327419,,,,,,,,,,,,,,,,,,,,-0.020579,-1.121910,-0.438032,,,,,,
327423,-0.020424,-1.121786,-0.429405,-0.005249,-1.086687,0.850811,0.016142,10.328721,0.137337,8.481645,-27.615768,27.735243,-8.202991,22.377184,-0.174195,0.163098,-0.000815,0.038231,1.280216,,,,,,,,,
327429,,,,,,,,,,,,,,,,,,,,-0.019686,-1.122806,-0.344891,,,,,,
327433,,,,,,,,,0.109870,11.743814,,,-10.169255,24.818134,-0.158022,0.139272,,,,,,,,,,,,
327439,,,,,,,,,,,,,,,,,,,,-0.018741,-1.123599,-0.246982,,,,,,
327444,,,,,,,,,0.082402,4.567039,,,-10.190040,23.604691,-0.161299,0.152232,,,,,,,,,,,,
327449,,,,,,,,,,,,,,,,,,,,-0.017731,-1.124335,-0.149629,,,,,,
327453,,,,,,,,,0.137337,13.701118,,,-12.930243,26.940046,-0.136834,0.119038,,,,,,,,,,,,
327459,,,,,,,,,,,,,,,,,,,,-0.016773,-1.124951,-0.049836,,,,,,
327463,,,,,,,,,0.109870,9.134078,,,-13.602221,27.568241,-0.132917,0.112789,,,,,,,,,,,,
327468,,,,,,,,,,,,,,,,,,,,-0.015717,-1.125379,0.049798,,,,,,
327473,-0.015660,-1.125169,0.047909,-0.004620,-1.085745,1.081757,0.020062,6.094123,0.082402,8.481645,-12.317998,20.865561,-14.167624,27.552259,0.026085,0.042915,0.012915,0.038850,1.033848,,,,,,,,,
327479,,,,,,,,,,,,,,,,,,,,-0.014689,-1.125788,0.146805,,,,,,
327483,,,,,,,,,0.137337,8.481645,,,-14.098809,27.538813,0.025753,0.041715,,,,,,,,,,,,
327488,,,,,,,,,,,,,,,,,,,,-0.013629,-1.125949,0.238574,,,,,,
327493,,,,,,,,,0.109870,5.219473,,,-12.951822,26.982956,0.014410,0.046050,,,,,,,,,,,,
327498,,,,,,,,,,,,,,,,,,,,-0.012637,-1.126122,0.316823,,,,,,
327504,,,,,,,,,0.054935,2.609737,,,-11.442204,24.337086,-0.000862,0.071814,,,,,,,,,,,,
327508,,,,,,,,,,,,,,,,,,,,-0.011844,-1.126188,0.373019,,,,,,
327513,,,,,,,,,0.192272,5.871908,,,-10.172012,24.833567,-0.013993,0.066056,,,,,,,,,,,,
327518,,,,,,,,,,,,,,,,,,,,-0.011012,-1.126211,0.415342,,,,,,
327523,-0.010612,-1.125962,0.409145,-0.004052,-1.084452,1.216284,0.025454,3.437583,0.137337,3.262171,-2.202522,17.077328,-8.558730,23.617676,0.072300,0.039024,0.022532,0.035475,0.807139,,,,,,,,,
327528,,,,,,,,,,,,,,,,,,,,-0.009772,-1.125716,0.440837,,,,,,
327533,,,,,,,,,0.082402,1.957303,,,-7.201314,21.505539,0.059726,0.059260,,,,,,,,,,,,
327538,,,,,,,,,,,,,,,,,,,,-0.008490,-1.125193,0.460720,,,,,,
327544,,,,,,,,,0.054935,0.000000,,,-5.514642,18.639301,0.043522,0.087610,,,,,,,,,,,,
327548,,,,,,,,,,,,,,,,,,,,-0.007238,-1.124671,0.477774,,,,,,
327553,,,,,,,,,0.137337,3.262171,,,-4.640019,18.405821,0.035263,0.089679,,,,,,,,,,,,
327559,,,,,,,,,,,,,,,,,,,,-0.006016,-1.124175,0.494888,,,,,,
327563,,,,,,,,,0.109870,2.609737,,,-3.904111,17.664827,0.028244,0.096972,,,,,,,,,,,,
327568,,,,,,,,,,,,,,,,,,,,-0.004919,-1.123670,0.506309,,,,,,
327573,-0.004986,-1.123653,0.509105,-0.003541,-1.082847,1.301260,0.031030,2.092194,0.054935,1.304868,1.090867,13.530196,-3.284919,15.952270,0.055861,0.078141,0.021150,0.034927,0.792155,,,,,,,,,
327578,,,,,,,,,,,,,,,,,,,,-0.003929,-1.123148,0.523479,,,,,,
327583,,,,,,,,,0.109870,2.609737,,,-2.763930,15.600410,0.051422,0.081246,,,,,,,,,,,,
327588,,,,,,,,,,,,,,,,,,,,-0.002953,-1.122689,0.543555,,,,,,
327593,,,,,,,,,0.082402,1.957303,,,-2.325571,14.759813,0.047722,0.089406,,,,,,,,,,,,
327598,,,,,,,,,,,,,,,,,,,,-0.002140,-1.122360,0.569457,,,,,,
327604,,,,,,,,,0.054935,1.304868,,,-1.956735,14.597077,0.044643,0.090820,,,,,,,,,,,,
327609,,,,,,,,,,,,,,,,,,,,-0.001426,-1.122019,0.589698,,,,,,
327613,,,,,,,,,0.137337,3.262171,,,-1.646396,13.915608,0.042087,0.097558,,,,,,,,,,,,
327618,,,,,,,,,,,,,,,,,,,,-0.000815,-1.121740,0.612853,,,,,,
327623,-0.000685,-1.121581,0.617835,-0.003084,-1.080964,1.358881,0.036310,1.376500,0.082402,1.957303,3.325968,12.157248,-1.385278,13.342220,0.062769,0.089325,0.021573,0.034498,0.741046,,,,,,,,,
327628,,,,,,,,,,,,,,,,,,,,-0.000390,-1.121481,0.636154,,,,,,
327633,,,,,,,,,0.109870,2.609737,,,-1.165573,13.404315,0.061471,0.088455,,,,,,,,,,,,
327638,,,,,,,,,,,,,,,,,,,,0.000044,-1.121301,0.656632,,,,,,
327643,,,,,,,,,0.109870,2.609737,,,-0.980713,13.456562,0.060483,0.087672,,,,,,,,,,,,
327649,,,,,,,,,,,,,,,,,,,,0.000522,-1.121121,0.680129,,,,,,
327653,,,,,,,,,0.082402,1.957303,,,-0.825171,12.955979,0.059758,0.092518,,,,,,,,,,,,
327658,,,,,,,,,,,,,,,,,,,,0.001368,-1.120577,0.703625,,,,,,
327664,,,,,,,,,0.082402,1.957303,,,-0.694299,11.990246,0.059253,0.102209,,,,,,,,,,,,
327668,,,,,,,,,,,,,,,,,,,,0.002182,-1.120100,0.727217,,,,,,
327673,0.002213,-1.120010,0.726250,-0.002675,-1.078839,1.400150,0.041112,0.963195,0.109870,2.609737,5.302925,12.036052,-0.584183,12.811307,0.079099,0.092631,0.023686,0.034028,0.673900,,,,,,,,,
327678,,,,,,,,,,,,,,,,,,,,0.002951,-1.119571,0.747970,,,,,,
327683,,,,,,,,,0.082402,1.957303,,,-0.491532,12.413061,0.079332,0.096538,,,,,,,,,,,,
327688,,,,,,,,,,,,,,,,,,,,0.003527,-1.119096,0.768842,,,,,,
327693,,,,,,,,,0.082402,1.957303,,,-0.413575,12.077977,0.079695,0.099881,,,,,,,,,,,,
327699,,,,,,,,,,,,,,,,,,,,0.004173,-1.118531,0.789794,,,,,,
327704,,,,,,,,,0.054935,1.304868,,,-0.347982,11.251494,0.080170,0.108303,,,,,,,,,,,,
327708,,,,,,,,,,,,,,,,,,,,0.004942,-1.117980,0.810869,,,,,,
327713,,,,,,,,,0.137337,3.262171,,,-0.292792,12.189722,0.080737,0.098890,,,,,,,,,,,,
327719,,,,,,,,,,,,,,,,,,,,0.005638,-1.117385,0.835027,,,,,,
327723,0.005750,-1.117191,0.839586,-0.002312,-1.076504,1.430962,0.045369,0.706402,0.082402,1.957303,6.676606,12.038840,-0.246355,11.890060,0.095394,0.101944,0.024902,0.033171,0.591375,,,,,,,,,
327729,,,,,,,,,,,,,,,,,,,,0.006407,-1.116822,0.856221,,,,,,
327733,,,,,,,,,0.109870,2.609737,,,-0.207283,12.182468,0.096380,0.098991,,,,,,,,,,,,
327738,,,,,,,,,,,,,,,,,,,,0.007102,-1.116143,0.880650,,,,,,
327743,,,,,,,,,0.082402,1.957303,,,-0.174408,11.883957,0.097421,0.102007,,,,,,,,,,,,
327749,,,,,,,,,,,,,,,,,,,,0.007770,-1.115496,0.902121,,,,,,
327753,,,,,,,,,0.109870,2.609737,,,-0.146747,12.177333,0.098510,0.099046,,,,,,,,,,,,
327759,,,,,,,,,,,,,,,,,,,,0.008383,-1.114805,0.923687,,,,,,
327764,,,,,,,,,0.054935,1.304868,,,-0.123473,11.335093,0.099637,0.107609,,,,,,,,,,,,
327768,,,,,,,,,,,,,,,,,,,,0.009076,-1.114105,0.948555,,,,,,
327773,0.008945,-1.114187,0.944885,-0.001990,-1.073991,1.454716,0.049063,0.537056,0.137337,3.262171,7.842522,12.231063,-0.103890,12.260061,0.112689,0.100276,0.026170,0.032410,0.509831,,,,,,,,,
327778,,,,,,,,,,,,,,,,,,,,0.009642,-1.113439,0.970370,,,,,,
327783,,,,,,,,,0.109870,2.609737,,,-0.087413,12.493787,0.114111,0.097886,,,,,,,,,,,,
327789,,,,,,,,,,,,,,,,,,,,0.010341,-1.112722,0.995484,,,,,,
327793,,,,,,,,,0.109870,1.304868,,,0.470994,12.145900,0.110001,0.101382,,,,,,,,,,,,
327798,,,,,,,,,,,,,,,,,,,,0.010989,-1.112007,1.017649,,,,,,
327803,,,,,,,,,0.109870,2.609737,,,0.396294,12.397731,0.112237,0.098830,,,,,,,,,,,,
327808,,,,,,,,,,,,,,,,,,,,0.011589,-1.111260,1.039865,,,,,,
327813,,,,,,,,,0.109870,1.304868,,,0.877985,12.065079,0.108813,0.102190,,,,,,,,,,,,
327819,,,,,,,,,,,,,,,,,,,,0.012160,-1.110307,1.062310,,,,,,
327824,0.012018,-1.110441,1.057931,-0.001706,-1.071329,1.473494,0.052198,0.419883,0.054935,1.304868,8.879783,12.471491,,,,,0.027346,0.031150,0.415563,,,,,,,,,
327827,,,,,,,,,,,,,0.738737,12.874271,0.122206,0.096422,,,,0.012727,-1.109457,1.078397,,,,,,
327833,,,,,,,,,0.164805,2.609737,,,1.166116,11.921496,0.119475,0.106059,,,,,,,,,,,,
327838,,,,,,,,,,,,,,,,,,,,0.013272,-1.108604,1.094596,,,,,,
327843,,,,,,,,,0.137337,1.957303,,,1.525713,11.664375,0.117350,0.108792,,,,,,,,,,,,
327849,,,,,,,,,,,,,,,,,,,,0.013927,-1.107690,1.110950,,,,,,
327853,,,,,,,,,0.109870,1.304868,,,1.828278,11.992577,0.115735,0.105606,,,,,,,,,,,,
327858,,,,,,,,,,,,,,,,,,,,0.014543,-1.106580,1.127170,,,,,,
327864,,,,,,,,,0.082402,0.652434,,,2.082856,11.179639,0.114548,0.113994,,,,,,,,,,,,
327869,,,,,,,,,,,,,,,,,,,,0.015115,-1.105472,1.140315,,,,,,
327873,0.015018,-1.105585,1.136139,-0.001457,-1.068547,1.488634,0.054790,0.335584,0.164805,1.304868,9.204119,12.217491,2.841601,11.584720,0.111477,0.107529,0.026656,0.030540,0.352495,,,,,,,,,
327879,,,,,,,,,,,,,,,,,,,,0.015651,-1.104446,1.156841,,,,,,
327883,,,,,,,,,0.164805,1.304868,,,2.935466,11.925554,0.111792,0.104179,,,,,,,,,,,,
327888,,,,,,,,,,,,,,,,,,,,0.016163,-1.103343,1.170151,,,,,,
327893,,,,,,,,,0.137337,1.957303,,,3.558987,12.212333,0.106686,0.101313,,,,,,,,,,,,
327898,,,,,,,,,,,,,,,,,,,,0.016765,-1.102149,1.180208,,,,,,
327903,,,,,,,,,0.109870,1.304868,,,3.539075,11.909084,0.108018,0.104407,,,,,,,,,,,,
327908,,,,,,,,,,,,,,,,,,,,0.017420,-1.100846,1.196909,,,,,,
327913,,,,,,,,,0.164805,1.304868,,,4.066864,12.198475,0.103767,0.101517,,,,,,,,,,,,
327918,,,,,,,,,,,,,,,,,,,,0.018000,-1.099672,1.210258,,,,,,
327925,0.018020,-1.099532,1.209513,-0.001239,-1.065670,1.501035,0.056863,0.272957,0.109870,0.000000,9.137084,11.659419,4.510945,11.352881,0.099582,0.104453,0.024868,0.029985,0.291522,,,,,,,,,
327928,,,,,,,,,,,,,,,,,,,,0.018534,-1.098375,1.223678,,,,,,
327933,,,,,,,,,0.164805,2.609737,,,4.340052,12.275029,0.102250,0.095109,,,,,,,,,,,,
327939,,,,,,,,,,,,,,,,,,,,0.019108,-1.097118,1.240763,,,,,,
327943,,,,,,,,,0.137337,1.957303,,,4.196262,12.506381,0.104676,0.092626,,,,,,,,,,,,
327948,,,,,,,,,,,,,,,,,,,,0.019712,-1.095801,1.250986,,,,,,
327953,,,,,,,,,0.164805,1.304868,,,4.619821,12.701040,0.101344,0.090471,,,,,,,,,,,,
327958,,,,,,,,,,,,,,,,,,,,0.020184,-1.094533,1.268110,,,,,,
327963,,,,,,,,,0.164805,1.304868,,,4.976203,12.864826,0.098612,0.088592,,,,,,,,,,,,
327968,,,,,,,,,,,,,,,,,,,,0.020739,-1.093034,1.278447,,,,,,
327973,0.020733,-1.092925,1.278137,-0.001048,-1.062724,1.511324,0.058446,0.225167,0.109870,1.304868,8.873342,10.965733,4.731520,12.458093,0.099250,0.085424,0.022633,0.029568,0.233187,,,,,,,,,
327978,,,,,,,,,,,,,,,,,,,,0.021368,-1.091632,1.288684,,,,,,
327986,,,,,,,,,0.082402,0.652434,,,4.525643,11.571324,0.102178,0.094170,,,,0.021822,-1.090288,1.302705,,,,,,
327993,,,,,,,,,0.219740,1.304868,,,5.441505,12.458827,0.093706,0.084997,,,,,,,,,,,,
327999,,,,,,,,,,,,,,,,,,,,0.022223,-1.088925,1.313157,,,,,,
328003,,,,,,,,,0.164805,1.304868,,,5.667568,12.661028,0.092087,0.082636,,,,,,,,,,,,
328009,,,,,,,,,,,,,,,,,,,,0.022624,-1.087627,1.327090,,,,,,
328013,,,,,,,,,0.109870,1.304868,,,5.313234,12.286617,0.096342,0.086116,,,,,,,,,,,,
328018,,,,,,,,,,,,,,,,,,,,0.023070,-1.086353,1.337651,,,,,,
328024,0.022967,-1.086572,1.335394,-0.000884,-1.059731,1.519949,0.059568,0.187868,0.082402,0.652434,,,5.015098,11.427045,0.100095,0.094619,,,,,,,,,,,,
328027,,,,,,,,,,,8.568817,10.303182,,,,,0.020538,0.029454,0.184555,0.023552,-1.084795,1.348256,,,,,,
328033,,,,,,,,,0.192272,1.957303,,,5.308789,12.337430,0.094765,0.078483,,,,,,,,,,,,
328039,,,,,,,,,,,,,,,,,,,,0.023997,-1.083348,1.358782,,,,,,
328043,,,,,,,,,0.164805,0.000000,,,6.100444,12.014341,0.087342,0.081372,,,,,,,,,,,,
328048,,,,,,,,,,,,,,,,,,,,0.024425,-1.081893,1.369543,,,,,,
328053,,,,,,,,,0.137337,1.957303,,,5.677456,12.287038,0.092150,0.078248,,,,,,,,,,,,
328059,,,,,,,,,,,,,,,,,,,,0.024785,-1.080413,1.380352,,,,,,
328063,,,,,,,,,0.109870,1.304868,,,5.321554,11.971942,0.096358,0.081065,,,,,,,,,,,,
328069,,,,,,,,,,,,,,,,,,,,0.025203,-1.079089,1.391075,,,,,,
328073,0.025109,-1.079266,1.391878,-0.000741,-1.056713,1.527237,0.060261,0.158189,0.164805,1.304868,7.978675,9.380720,5.566641,12.251363,0.088489,0.068472,0.017592,0.029451,0.135360,,,,,,,,,
328079,,,,,,,,,,,,,,,,,,,,0.025649,-1.077644,1.401803,,,,,,
328084,,,,,,,,,0.054935,0.000000,,,5.228314,10.852839,0.092422,0.082163,,,,,,,,,,,,
328089,,,,,,,,,,,,,,,,,,,,0.025944,-1.076241,1.416242,,,,,,
328093,,,,,,,,,0.219740,1.304868,,,6.032732,11.309750,0.084767,0.077208,,,,,,,,,,,,
328099,,,,,,,,,,,,,,,,,,,,0.026236,-1.074971,1.423582,,,,,,
328103,,,,,,,,,0.109870,1.304868,,,5.620483,11.694195,0.089361,0.072901,,,,,,,,,,,,
328109,,,,,,,,,,,,,,,,,,,,0.026569,-1.073594,1.434803,,,,,,
328113,,,,,,,,,0.137337,0.652434,,,5.818161,11.473124,0.087816,0.074693,,,,,,,,,,,,
328119,,,,,,,,,,,,,,,,,,,,0.026841,-1.072065,1.442091,,,,,,
328123,0.026789,-1.072100,1.440615,-0.000619,-1.053687,1.533438,0.060557,0.134181,0.164805,1.304868,7.344156,8.461278,5.984486,11.831657,0.080080,0.061239,0.014699,0.029566,0.092823,,,,,,,,,
328129,,,,,,,,,,,,,,,,,,,,0.027200,-1.070629,1.449309,,,,,,
328133,,,,,,,,,0.082402,0.652434,,,5.579889,11.044241,0.084479,0.068597,,,,,,,,,,,,
328139,,,,,,,,,,,,,,,,,,,,0.027499,-1.069146,1.460351,,,,,,
328144,,,,,,,,,0.082402,-0.652434,,,5.784004,9.837166,0.082750,0.080392,,,,,,,,,,,,
328149,,,,,,,,,,,,,,,,,,,,0.027761,-1.067696,1.471556,,,,,,
328153,,,,,,,,,0.192272,1.957303,,,5.955747,10.999706,0.081310,0.068259,,,,,,,,,,,,
328159,,,,,,,,,,,,,,,,,,,,0.028014,-1.066286,1.482750,,,,,,
328163,,,,,,,,,0.137337,0.652434,,,6.100251,10.888781,0.080114,0.068883,,,,,,,,,,,,
328169,,,,,,,,,,,,,,,,,,,,0.028237,-1.064994,1.494035,,,,,,
328173,0.028180,-1.065018,1.492290,-0.000515,-1.050673,1.538741,0.060490,0.114482,0.082402,0.652434,6.747314,7.583939,5.677293,10.250905,0.078589,0.065955,0.012050,0.029732,0.046451,,,,,,,,,
328179,,,,,,,,,,,,,,,,,,,,0.028416,-1.063714,1.501626,,,,,,
328184,,,,,,,,,0.082402,0.652434,,,5.321417,9.714196,0.082433,0.070896,,,,,,,,,,,,
328189,,,,,,,,,,,,,,,,,,,,0.028551,-1.062334,1.509210,,,,,,
328193,,,,,,,,,0.164805,1.304868,,,5.566526,10.351696,0.080218,0.063967,,,,,,,,,,,,
328199,,,,,,,,,,,,,,,,,,,,0.028767,-1.061013,1.520576,,,,,,
328203,,,,,,,,,0.137337,0.652434,,,5.772760,10.343545,0.078350,0.063497,,,,,,,,,,,,
328208,,,,,,,,,,,,,,,,,,,,0.028968,-1.059670,1.532030,,,,,,
328213,,,,,,,,,0.109870,1.304868,,,5.401743,10.336687,0.082330,0.063015,,,,,,,,,,,,
328219,,,,,,,,,,,,,,,,,,,,0.029132,-1.058399,1.539729,,,,,,
328223,0.029074,-1.058494,1.541223,-0.000426,-1.047687,1.543294,0.060091,0.098118,0.109870,0.000000,6.258152,6.838913,5.634112,9.786373,0.075239,0.060478,0.009930,0.029806,0.002071,,,,,,,,,
328228,,,,,,,,,,,,,,,,,,,,0.029186,-1.057142,1.547464,,,,,,
328233,,,,,,,,,0.137337,1.957303,,,5.285085,10.412426,0.078924,0.053503,,,,,,,,,,,,
328239,,,,,,,,,,,,,,,,,,,,0.029259,-1.055953,1.555263,,,,,,
328244,,,,,,,,,0.027467,0.652434,,,4.446869,9.305557,0.087668,0.064079,,,,,,,,,,,,
328249,,,,,,,,,,,,,,,,,,,,0.029394,-1.054701,1.562984,,,,,,
328253,,,,,,,,,0.192272,0.652434,,,5.375225,10.007868,0.078561,0.056422,,,,,,,,,,,,
328258,,,,,,,,,,,,,,,,,,,,0.029404,-1.053492,1.566886,,,,,,
328263,,,,,,,,,0.109870,0.000000,,,5.611800,9.509705,0.076325,0.060869,,,,,,,,,,,,
328268,,,,,,,,,,,,,,,,,,,,0.029507,-1.052319,1.574645,,,,,,
328273,0.029483,-1.052376,1.571840,-0.000351,-1.044741,1.547214,0.059392,0.084379,0.109870,1.304868,5.663167,6.070789,5.266311,9.635094,0.073909,0.051221,0.007666,0.029826,-0.024627,,,,,,,,,
328279,,,,,,,,,,,,,,,,,,,,0.029534,-1.051371,1.578513,,,,,,
328284,,,,,,,,,0.054935,0.000000,,,4.975617,8.651509,0.076954,0.060541,,,,,,,,,,,,
328288,,,,,,,,,,,,,,,,,,,,0.029613,-1.050263,1.582408,,,,,,
328293,,,,,,,,,0.109870,1.304868,,,4.731027,8.913009,0.079586,0.057357,,,,,,,,,,,,
328298,,,,,,,,,,,,,,,,,,,,0.029589,-1.049190,1.582443,,,,,,
328303,,,,,,,,,0.109870,0.000000,,,5.069772,8.588490,0.076317,0.060099,,,,,,,,,,,,
328309,,,,,,,,,,,,,,,,,,,,0.029681,-1.048143,1.590177,,,,,,
328313,,,,,,,,,0.082402,0.652434,,,4.810248,8.315441,0.079083,0.062381,,,,,,,,,,,,
328318,,,,,,,,,,,,,,,,,,,,0.029757,-1.047203,1.597916,,,,,,
328323,0.029728,-1.047292,1.598465,-0.000288,-1.041850,1.550596,0.058423,0.072738,0.082402,-0.652434,5.279998,5.541312,5.136429,7.541154,0.072018,0.064429,0.006270,0.029854,-0.047869,,,,,,,,,
328328,,,,,,,,,,,,,,,,,,,,0.029760,-1.046261,1.601774,,,,,,
328333,,,,,,,,,0.137337,0.652434,,,5.410877,7.978756,0.069248,0.059565,,,,,,,,,,,,
328339,,,,,,,,,,,,,,,,,,,,0.029764,-1.045476,1.605658,,,,,,
328344,,,,,,,,,0.027467,0.652434,,,4.552711,7.257867,0.077975,0.066431,,,,,,,,,,,,
328348,,,,,,,,,,,,,,,,,,,,0.029802,-1.044709,1.609502,,,,,,
328353,,,,,,,,,0.137337,1.957303,,,4.375194,7.740398,0.079931,0.061166,,,,,,,,,,,,
328358,,,,,,,,,,,,,,,,,,,,0.029843,-1.044035,1.613338,,,,,,
328363,,,,,,,,,0.109870,0.000000,,,4.770374,8.146399,0.076081,0.056585,,,,,,,,,,,,
328369,,,,,,,,,,,,,,,,,,,,0.029827,-1.043234,1.617167,,,,,,
328373,0.029806,-1.043114,1.615598,-0.000235,-1.039024,1.553517,0.057215,0.062796,0.054935,0.000000,5.016532,5.176719,4.558335,7.398922,0.075658,0.059969,0.005431,0.029827,-0.062081,,,,,,,,,
328378,,,,,,,,,,,,,,,,,,,,0.029815,-1.042495,1.624832,,,,,,
328383,,,,,,,,,0.082402,0.652434,,,4.379926,7.314539,0.077570,0.060385,,,,,,,,,,,,
328389,,,,,,,,,,,,,,,,,,,,0.029808,-1.041608,1.628620,,,,,,
328393,,,,,,,,,0.082402,0.652434,,,4.229812,7.243538,0.079228,0.060682,,,,,,,,,,,,
328403,,,,,,,,,0.027467,0.652434,,,3.558963,6.639256,0.086228,0.066432,,,,0.029853,-1.040896,1.632419,,,,,,
328409,,,,,,,,,,,,,,,,,,,,0.029906,-1.040312,1.640028,,,,,,
328413,,,,,,,,,0.137337,0.652434,,,3.539054,6.675355,0.086723,0.065772,,,,,,,,,,,,
328418,,,,,,,,,,,,,,,,,,,,0.029897,-1.039674,1.643810,,,,,,
328423,0.029854,-1.039388,1.644179,-0.000191,-1.036274,1.556040,0.055796,0.054249,0.027467,0.652434,4.952757,4.980471,3.522303,6.705729,0.086539,0.063160,0.005308,0.029736,-0.088140,,,,,,,,,
328428,,,,,,,,,,,,,,,,,,,,0.029863,-1.038962,1.651374,,,,,,
328433,,,,,,,,,0.054935,1.304868,,,2.963665,6.731286,0.092523,0.062555,,,,,,,,,,,,
328439,,,,,,,,,,,,,,,,,,,,0.029861,-1.038200,1.658875,,,,,,
328444,,,,,,,,,0.027467,0.652434,,,2.493628,6.208246,0.097715,0.067539,,,,,,,,,,,,
328449,,,,,,,,,,,,,,,,,,,,0.029846,-1.037584,1.662623,,,,,,
328452,,,,,,,,,0.082402,0.652434,,,2.642681,6.312704,0.096687,0.066228,,,,0.029846,-1.037584,1.662623,,,,,,
328456,,,,,,,,,,,,,,,,,,,,0.029846,-1.037584,1.662623,,,,,,
328459,,,,,,,,,,,,,,,,,,,,0.029797,-1.036929,1.673832,,,,,,
328463,,,,,,,,,0.082402,0.652434,,,2.768095,6.400595,0.095869,0.065065,,,,,,,,,,,,
328468,,,,,,,,,,,,,,,,,,,,0.029769,-1.036352,1.684988,,,,,,
328473,0.029745,-1.036263,1.684301,-0.000154,-1.033608,1.558219,0.054194,0.046860,0.054935,0.000000,5.121240,4.987808,2.873618,5.930003,0.096949,0.069656,0.006024,0.029406,-0.126081,,,,,,,,,
328479,,,,,,,,,,,,,,,,,,,,0.029780,-1.035960,1.688708,,,,,,
328483,,,,,,,,,0.082402,0.652434,,,2.962405,6.078590,0.096493,0.067952,,,,,,,,,,,,
328489,,,,,,,,,,,,,,,,,,,,0.029787,-1.035441,1.696109,,,,,,
328493,,,,,,,,,0.054935,0.000000,,,3.037110,5.659068,0.096162,0.072013,,,,,,,,,,,,
328503,,,,,,,,,0.027467,0.652434,,,2.555424,5.306082,0.101492,0.075479,,,,0.029698,-1.034686,1.696097,,,,,,
328509,,,,,,,,,,,,,,,,,,,,0.029664,-1.034030,1.699784,,,,,,
328513,,,,,,,,,0.109870,0.000000,,,3.239220,5.553623,0.095031,0.072891,,,,,,,,,,,,
328518,,,,,,,,,,,,,,,,,,,,0.029544,-1.033311,1.703446,,,,,,
328523,0.029508,-1.033101,1.701840,-0.000124,-1.031033,1.560098,0.052433,0.040444,0.082402,0.652434,5.013203,4.806471,3.270023,5.761904,0.093991,0.068804,0.005922,0.029108,-0.141742,,,,,,,,,
328529,,,,,,,,,,,,,,,,,,,,0.029430,-1.032659,1.703465,,,,,,
328533,,,,,,,,,0.082402,-0.652434,,,3.840483,5.392609,0.088521,0.072379,,,,,,,,,,,,
328539,,,,,,,,,,,,,,,,,,,,0.029322,-1.031849,1.707121,,,,,,
328544,,,,,,,,,0.027467,0.652434,,,3.231382,5.081883,0.094968,0.075432,,,,,,,,,,,,
328549,,,,,,,,,,,,,,,,,,,,0.029248,-1.031143,1.707121,,,,,,
328553,,,,,,,,,0.109870,0.000000,,,3.807971,5.364983,0.089443,0.072489,,,,,,,,,,,,
328559,,,,,,,,,,,,,,,,,,,,0.029148,-1.030234,1.710793,,,,,,
328563,,,,,,,,,0.109870,0.000000,,,4.293113,5.603182,0.084736,0.069947,,,,,,,,,,,,
328569,,,,,,,,,,,,,,,,,,,,0.029065,-1.029355,1.710812,,,,,,
328573,0.029042,-1.029212,1.710059,-0.000100,-1.028556,1.561716,0.050538,0.034853,0.054935,0.000000,4.565577,4.323199,4.156768,5.259059,0.081705,0.068369,0.004695,0.028769,-0.148343,0.029065,-1.029355,1.710812,,,,,,
328579,,,,,,,,,,,,,,,,,,,,0.028999,-1.028597,1.710812,,,,,,
328583,,,,,,,,,0.082402,0.652434,,,4.042047,5.514058,0.082957,0.065581,,,,,,,,,,,,
328589,,,,,,,,,,,,,,,,,,,,0.028943,-1.027897,1.710809,,,,,,
328593,,,,,,,,,0.109870,0.000000,,,4.490064,5.728614,0.078492,0.063154,,,,,,,,,,,,
328604,,,,,,,,,0.054935,0.000000,,,4.322483,5.364599,0.080216,0.066586,,,,,,,,,,,,
328613,,,,,,,,,0.082402,0.652434,,,4.181479,5.602859,0.081703,0.063947,,,,,,,,,,,,
328618,,,,,,,,,,,,,,,,,,,,0.028558,-1.025440,1.714454,,,,,,
328623,0.028546,-1.025415,1.716822,-0.000080,-1.026182,1.563105,0.048532,0.029969,0.054935,0.000000,4.089612,3.821635,4.062840,5.258788,0.078135,0.062085,0.003407,0.028433,-0.153718,,,,,,,,,
328629,,,,,,,,,,,,,,,,,,,,0.028416,-1.024626,1.714454,,,,,,
328633,,,,,,,,,0.109870,0.000000,,,4.507559,5.513830,0.073604,0.059196,,,,,,,,,,,,
328639,,,,,,,,,,,,,,,,,,,,0.028329,-1.023838,1.718114,,,,,,
328643,,,,,,,,,0.027467,0.652434,,,3.792659,5.183879,0.080813,0.062223,,,,,,,,,,,,
328649,,,,,,,,,,,,,,,,,,,,0.028285,-1.023189,1.725412,,,,,,
328653,,,,,,,,,0.054935,1.304868,,,3.191143,5.450802,0.087008,0.059228,,,,,,,,,,,,
328664,,,,,,,,,0.082402,0.652434,,,3.229571,5.675390,0.086795,0.056611,,,,0.028269,-1.022553,1.725430,,,,,,
328669,,,,,,,,,,,,,,,,,,,,0.028181,-1.021830,1.732707,,,,,,
328673,0.028156,-1.021790,1.734111,-0.000064,-1.023914,1.564294,0.046437,0.025695,0.027467,0.652434,3.721140,3.402096,2.717360,5.319816,0.088434,0.055588,0.002493,0.028190,-0.169817,,,,,,,,,
328679,,,,,,,,,,,,,,,,,,,,0.028108,-1.021144,1.739938,,,,,,
328683,,,,,,,,,0.054935,0.000000,,,2.830930,5.020636,0.087476,0.058256,,,,,,,,,,,,
328689,,,,,,,,,,,,,,,,,,,,0.028080,-1.020495,1.747145,,,,,,
328693,,,,,,,,,0.109870,0.000000,,,3.471030,5.313448,0.081125,0.054946,,,,,,,,,,,,
328699,,,,,,,,,,,,,,,,,,,,0.028033,-1.019982,1.757973,,,,,,
328705,,,,,,,,,0.054935,1.304868,,,2.920524,5.559821,0.086790,0.052051,,,,,,,,,,,,
328709,,,,,,,,,,,,,,,,,,,,0.027979,-1.019622,1.765172,,,,,,
328713,,,,,,,,,0.054935,0.000000,,,3.001872,5.222576,0.086121,0.055059,,,,,,,,,,,,
328719,,,,,,,,,,,,,,,,,,,,0.027986,-1.019284,1.768766,,,,,,
328723,0.027963,-1.019267,1.765858,-0.000051,-1.021756,1.565308,0.044272,0.021953,0.027467,0.652434,3.753013,3.350690,2.525775,4.938818,0.091446,0.057065,0.002988,0.027965,-0.200550,,,,,,,,,
328729,,,,,,,,,,,,,,,,,,,,0.027763,-1.018803,1.772326,,,,,,
328733,,,,,,,,,0.054935,0.000000,,,2.669730,4.700064,0.090223,0.059183,,,,,,,,,,,,
328739,,,,,,,,,,,,,,,,,,,,0.027702,-1.018292,1.772338,,,,,,
328743,,,,,,,,,0.082402,0.652434,,,2.790854,5.043720,0.089204,0.055407,,,,,,,,,,,,
328753,,,,,,,,,0.027467,-0.652434,,,2.892767,4.243785,0.088357,0.063228,,,,,,,,,,,,
328763,,,,,,,,,0.054935,0.000000,,,2.978517,4.115263,0.087654,0.064361,,,,,,,,,,,,
328768,,,,,,,,,,,,,,,,,,,,0.027484,-1.016799,1.775896,,,,,,
328773,0.027479,-1.016780,1.775053,-0.000041,-1.019709,1.566169,0.042054,0.018678,0.054935,0.000000,3.542577,3.126731,3.050667,4.007125,0.084927,0.063026,0.002714,0.027542,-0.208884,,,,,,,,,
328779,,,,,,,,,,,,,,,,,,,,0.027418,-1.016363,1.775896,,,,,,
328784,,,,,,,,,0.027467,0.652434,,,2.566831,3.916138,0.089960,0.063778,,,,,,,,,,,,
328789,,,,,,,,,,,,,,,,,,,,0.027325,-1.015979,1.775908,,,,,,
328793,,,,,,,,,0.054935,0.000000,,,2.704274,3.839581,0.088754,0.064401,,,,,,,,,,,,
328798,,,,,,,,,,,,,,,,,,,,0.027251,-1.015576,1.775907,,,,,,
328803,,,,,,,,,0.054935,0.000000,,,2.819919,3.775166,0.087742,0.064916,,,,,,,,,,,,
328809,,,,,,,,,,,,,,,,,,,,0.027144,-1.015074,1.779472,,,,,,
328813,,,,,,,,,0.054935,0.000000,,,2.917223,3.720968,0.086894,0.065339,,,,,,,,,,,,
328819,,,,,,,,,,,,,,,,,,,,0.027091,-1.014589,1.779473,,,,,,
328824,0.027099,-1.014660,1.781840,-0.000032,-1.017776,1.566896,0.039802,0.015814,0.027467,0.652434,,,2.454551,3.675365,0.091738,0.065685,,,,,,,,,,,,
328827,,,,,,,,,,,3.381349,2.962620,,,,,0.002637,0.027181,-0.214944,0.027042,-1.014151,1.783034,,,,,,
328833,,,,,,,,,0.027467,0.652434,,,2.065259,3.636995,0.094282,0.064293,,,,,,,,,,,,
328839,,,,,,,,,,,,,,,,,,,,0.026945,-1.013692,1.783020,,,,,,
328843,,,,,,,,,0.027467,0.652434,,,1.737709,3.604710,0.097886,0.064487,,,,,,,,,,,,
328849,,,,,,,,,,,,,,,,,,,,0.026827,-1.013268,1.790137,,,,,,
328853,,,,,,,,,0.027467,0.652434,,,1.462108,3.577546,0.101026,0.064636,,,,,,,,,,,,
328858,,,,,,,,,,,,,,,,,,,,0.026773,-1.012793,1.797208,,,,,,
328863,,,,,,,,,0.054935,1.304868,,,1.230217,4.099233,0.103775,0.059192,,,,,,,,,,,,
328869,,,,,,,,,,,,,,,,,,,,0.026747,-1.012498,1.804285,,,,,,
328873,0.026722,-1.012455,1.807876,-0.000026,-1.015956,1.567506,0.037529,0.013314,0.054935,0.000000,3.319067,2.856719,1.579648,3.993637,0.100006,0.058961,0.002879,0.026822,-0.240370,,,,,,,,,
328879,,,,,,,,,,,,,,,,,,,,0.026676,-1.012261,1.814843,,,,,,
328884,,,,,,,,,0.054935,0.000000,,,1.873659,3.904789,0.097355,0.059640,,,,,,,,,,,,
328889,,,,,,,,,,,,,,,,,,,,0.026621,-1.011921,1.818353,,,,,,
328893,,,,,,,,,0.054935,0.000000,,,2.121039,3.830032,0.095121,0.060193,,,,,,,,,,,,
328898,,,,,,,,,,,,,,,,,,,,0.026576,-1.011614,1.821865,,,,,,
328903,,,,,,,,,0.054935,0.000000,,,2.329185,3.767132,0.093237,0.060640,,,,,,,,,,,,
328908,,,,,,,,,,,,,,,,,,,,0.026505,-1.011009,1.818341,,,,,,
328913,,,,,,,,,-0.000000,0.000000,,,1.959776,3.169664,0.097203,0.066552,,,,,,,,,,,,
328918,,,,,,,,,,,,,,,,,,,,0.026391,-1.010563,1.818341,,,,,,
328923,0.026418,-1.010721,1.817463,-0.000021,-1.014251,1.568014,0.035251,0.011138,0.054935,0.000000,3.218737,2.757290,2.193499,3.211498,0.094068,0.065049,0.003033,0.026501,-0.249449,,,,,,,,,
328928,,,,,,,,,,,,,,,,,,,,0.026258,-1.010152,1.818341,,,,,,
328933,,,,,,,,,0.054935,0.000000,,,2.390153,3.246697,0.092267,0.064599,,,,,,,,,,,,
328939,,,,,,,,,,,,,,,,,,,,0.026143,-1.009807,1.818360,,,,,,
328944,,,,,,,,,0.054935,0.000000,,,2.555618,3.276314,0.090745,0.064199,,,,,,,,,,,,
328948,,,,,,,,,,,,,,,,,,,,0.026043,-1.009307,1.814850,,,,,,
328953,,,,,,,,,0.054935,0.000000,,,2.694839,3.301233,0.089457,0.063841,,,,,,,,,,,,
328958,,,,,,,,,,,,,,,,,,,,0.025905,-1.008701,1.814831,,,,,,
328963,,,,,,,,,0.054935,0.000000,,,2.811981,3.322201,0.088367,0.063518,,,,,,,,,,,,
328969,,,,,,,,,,,,,,,,,,,,0.025778,-1.008203,1.814831,,,,,,
328973,0.025776,-1.008191,1.815052,-0.000017,-1.012658,1.568435,0.032980,0.009252,0.027467,-0.652434,2.750381,2.317820,2.910543,2.795299,0.082666,0.064297,0.001903,0.026107,-0.246617,,,,,,,,,
328978,,,,,,,,,,,,,,,,,,,,0.025608,-1.007743,1.811329,,,,,,
328984,,,,,,,,,0.054935,0.000000,,,2.993474,2.896508,0.081788,0.063169,,,,,,,,,,,,
328988,,,,,,,,,,,,,,,,,,,,0.025482,-1.007258,1.807815,,,,,,
328993,,,,,,,,,0.054935,0.000000,,,3.063252,2.981664,0.081028,0.062185,,,,,,,,,,,,
328999,,,,,,,,,,,,,,,,,,,,0.025304,-1.006647,1.804285,,,,,,
329003,,,,,,,,,0.054935,0.000000,,,3.121963,3.053315,0.080366,0.061321,,,,,,,,,,,,
329008,,,,,,,,,,,,,,,,,,,,0.025175,-1.006130,1.804285,,,,,,
329013,,,,,,,,,0.082402,-0.652434,,,3.715905,3.113602,0.074234,0.060559,,,,,,,,,,,,
329018,,,,,,,,,,,,,,,,,,,,0.024998,-1.005608,1.807813,,,,,,
329023,0.024985,-1.005488,1.805683,-0.000013,-1.011178,1.568781,0.030726,0.007624,0.054935,0.000000,2.141734,1.751341,3.671106,3.164328,0.068289,0.054105,0.000284,0.025636,-0.236902,,,,,,,,,
329029,,,,,,,,,,,,,,,,,,,,0.024896,-1.005076,1.807799,,,,,,
329033,,,,,,,,,0.027467,0.652434,,,3.088868,3.207008,0.073922,0.053387,,,,,,,,,,,,
329039,,,,,,,,,,,,,,,,,,,,0.024730,-1.004555,1.804253,,,,,,
329044,,,,,,,,,0.027467,-0.652434,,,3.688059,2.698376,0.067621,0.058283,,,,,,,,,,,,
329048,,,,,,,,,,,,,,,,,,,,0.024557,-1.003978,1.800743,,,,,,
329053,,,,,,,,,0.082402,-0.652434,,,3.647676,2.814957,0.067724,0.056905,,,,,,,,,,,,
329059,,,,,,,,,,,,,,,,,,,,0.024425,-1.003402,1.797208,,,,,,
329063,,,,,,,,,0.054935,0.000000,,,3.613697,2.913047,0.067769,0.055692,,,,,,,,,,,,
329069,,,,,,,,,,,,,,,,,,,,0.024342,-1.002835,1.797189,,,,,,
329073,0.024342,-1.002833,1.797902,-0.000011,-1.009807,1.569061,0.028502,0.006227,0.027467,0.652434,1.542493,1.189724,3.040564,2.995581,0.067209,0.048889,-0.001311,0.025298,-0.228841,,,,,,,,,
329078,,,,,,,,,,,,,,,,,,,,0.024231,-1.002422,1.793669,,,,,,
329084,,,,,,,,,-0.000000,0.000000,,,2.558330,3.065025,0.071828,0.047820,,,,,,,,,,,,
329089,,,,,,,,,,,,,,,,,,,,0.024128,-1.002004,1.797209,,,,,,
329093,,,,,,,,,0.054935,0.000000,,,2.697122,2.578911,0.070209,0.052403,,,,,,,,,,,,
329098,,,,,,,,,,,,,,,,,,,,0.024044,-1.001621,1.800743,,,,,,
329103,,,,,,,,,0.054935,0.000000,,,2.813901,2.714439,0.068787,0.050743,,,,,,,,,,,,
329109,,,,,,,,,,,,,,,,,,,,0.023990,-1.001271,1.807778,,,,,,
329113,,,,,,,,,0.027467,0.652434,,,2.367616,2.828472,0.073085,0.049275,,,,,,,,,,,,
329119,,,,,,,,,,,,,,,,,,,,0.023978,-1.001053,1.814813,,,,,,
329123,0.023981,-1.001090,1.816131,-0.000009,-1.008545,1.569287,0.026315,0.005035,0.054935,0.000000,1.379096,1.020383,2.536655,2.924419,0.069529,0.046241,-0.001405,0.025082,-0.246844,,,,,,,,,
329129,,,,,,,,,,,,,,,,,,,,0.023946,-1.000893,1.814845,,,,,,
329133,,,,,,,,,0.027467,0.652434,,,2.134341,3.005149,0.073401,0.045037,,,,,,,,,,,,
329139,,,,,,,,,,,,,,,,,,,,0.023848,-1.000477,1.814831,,,,,,
329144,,,,,,,,,-0.000000,0.000000,,,1.795834,3.073075,0.076703,0.043947,,,,,,,,,,,,
329149,,,,,,,,,,,,,,,,,,,,0.023765,-1.000161,1.818341,,,,,,
329153,,,,,,,,,0.027467,0.652434,,,1.511015,2.585685,0.079524,0.048508,,,,,,,,,,,,
329159,,,,,,,,,,,,,,,,,,,,0.023701,-0.999867,1.821846,,,,,,
329163,,,,,,,,,0.027467,0.652434,,,1.271368,2.720138,0.081942,0.046823,,,,,,,,,,,,
329168,,,,,,,,,,,,,,,,,,,,0.023679,-0.999708,1.825347,,,,,,
329173,0.023675,-0.999712,1.827311,-0.000007,-1.007389,1.569467,0.024175,0.004027,0.027467,-0.652434,1.236974,0.887848,1.614272,2.288724,0.077017,0.049532,-0.001417,0.024854,-0.257844,,,,,,,,,
329179,,,,,,,,,,,,,,,,,,,,0.023675,-0.999646,1.828843,,,,,,
329184,,,,,,,,,-0.000000,0.000000,,,1.358248,2.470275,0.079553,0.047400,,,,,,,,,,,,
329189,,,,,,,,,,,,,,,,,,,,0.023708,-0.999646,1.832336,,,,,,
329193,,,,,,,,,0.027467,0.652434,,,1.142830,2.078489,0.081726,0.051079,,,,,,,,,,,,
329198,,,,,,,,,,,,,,,,,,,,0.023713,-0.999590,1.832336,,,,,,
329203,,,,,,,,,-0.000000,0.000000,,,0.961577,1.748841,0.083593,0.054204,,,,,,,,,,,,
329209,,,,,,,,,,,,,,,,,,,,0.023690,-0.999436,1.835820,,,,,,
329213,,,,,,,,,-0.000000,0.000000,,,0.809070,1.471474,0.085204,0.056861,,,,,,,,,,,,
329219,,,,,,,,,,,,,,,,,,,,0.023693,-0.999294,1.835802,,,,,,
329223,0.023691,-0.999329,1.835089,-0.000006,-1.006335,1.569608,0.022090,0.003181,-0.000000,0.000000,1.337408,1.005372,0.680752,1.238098,0.087623,0.060323,-0.000572,0.024704,-0.265481,,,,,,,,,
329229,,,,,,,,,,,,,,,,,,,,0.023679,-0.999255,1.839302,,,,,,
329233,,,,,,,,,-0.000000,0.000000,,,0.572784,1.041736,0.088855,0.062280,,,,,,,,,,,,
329238,,,,,,,,,,,,,,,,,,,,0.023683,-0.999261,1.839302,,,,,,
329244,,,,,,,,,-0.000000,0.000000,,,0.481941,0.876516,0.089935,0.063957,,,,,,,,,,,,
329249,,,,,,,,,,,,,,,,,,,,0.023685,-0.999261,1.839302,,,,,,
329253,,,,,,,,,-0.000000,0.000000,,,0.405505,0.737501,0.090886,0.065401,,,,,,,,,,,,
329258,,,,,,,,,,,,,,,,,,,,0.023691,-0.999279,1.839302,,,,,,
329263,,,,,,,,,-0.000000,0.000000,,,0.341192,0.620533,0.091728,0.066648,,,,,,,,,,,,
329268,,,,,,,,,,,,,,,,,,,,0.023692,-0.999280,1.839302,,,,,,
329273,0.023692,-0.999284,1.838948,-0.000005,-1.005381,1.569717,0.020066,0.002478,-0.000000,0.000000,1.475494,1.166981,0.287079,0.522116,0.093888,0.069377,0.000399,0.024466,-0.269231,,,,,,,,,
329279,,,,,,,,,,,,,,,,,,,,0.023695,-0.999286,1.839302,,,,,,
329283,,,,,,,,,-0.000000,0.000000,,,0.241548,0.439309,0.094590,0.070351,,,,,,,,,,,,
329289,,,,,,,,,,,,,,,,,,,,0.023693,-0.999280,1.839302,,,,,,
329293,,,,,,,,,-0.000000,0.000000,,,0.203238,0.369634,0.095227,0.071207,,,,,,,,,,,,
329298,,,,,,,,,,,,,,,,,,,,0.023690,-0.999279,1.839302,,,,,,
329304,,,,,,,,,-0.000000,0.000000,,,0.171005,0.311010,0.095811,0.071964,,,,,,,,,,,,
329309,,,,,,,,,,,,,,,,,,,,0.023688,-0.999273,1.839302,,,,,,
329313,,,,,,,,,-0.000000,0.000000,,,0.143883,0.261684,0.096348,0.072639,,,,,,,,,,,,
329318,,,,,,,,,,,,,,,,,,,,0.023691,-0.999270,1.839302,,,,,,
329323,0.023691,-0.999271,1.839272,-0.000004,-1.004523,1.569800,0.018110,0.001901,-0.000000,0.000000,1.574974,1.294374,0.121063,0.220181,0.097862,0.074542,0.001222,0.024239,-0.269472,,,,,,,,,
329329,,,,,,,,,,,,,,,,,,,,0.023686,-0.999276,1.839302,,,,,,
329333,,,,,,,,,-0.000000,0.000000,,,0.101863,0.185260,0.098348,0.075113,,,,,,,,,,,,
329339,,,,,,,,,,,,,,,,,,,,0.023690,-0.999274,1.839302,,,,,,
329344,,,,,,,,,-0.000000,0.000000,,,0.085707,0.155878,0.098808,0.075635,,,,,,,,,,,,
329349,,,,,,,,,,,,,,,,,,,,0.023699,-0.999269,1.839302,,,,,,
329353,,,,,,,,,-0.000000,0.000000,,,0.072114,0.131156,0.099244,0.076115,,,,,,,,,,,,
329359,,,,,,,,,,,,,,,,,,,,0.023692,-0.999266,1.839302,,,,,,
329363,,,,,,,,,0.027467,0.652434,,,0.060677,0.654898,0.099662,0.071005,,,,,,,,,,,,
329368,,,,,,,,,,,,,,,,,,,,0.023691,-0.999264,1.839302,,,,,,
329373,0.023659,-0.999154,1.842037,-0.000003,-1.003757,1.569862,0.016227,0.001434,-0.000000,0.000000,1.640387,1.384770,0.051053,0.551031,0.100730,0.073115,0.001905,0.024031,-0.272175,,,,,,,,,
329379,,,,,,,,,,,,,,,,,,,,0.023692,-0.999257,1.839302,,,,,,
329383,,,,,,,,,-0.000000,0.000000,,,0.042956,0.463637,0.101130,0.074173,,,,,,,,,,,,
329389,,,,,,,,,,,,,,,,,,,,0.023683,-0.999218,1.839302,,,,,,
329393,,,,,,,,,-0.000000,0.000000,,,0.036144,0.390104,0.101519,0.075107,,,,,,,,,,,,
329398,,,,,,,,,,,,,,,,,,,,0.023675,-0.999166,1.842779,,,,,,
329404,,,,,,,,,-0.000000,0.000000,,,0.030411,0.328234,0.101899,0.075937,,,,,,,,,,,,
329409,,,,,,,,,,,,,,,,,,,,0.023658,-0.999094,1.842779,,,,,,
329413,,,,,,,,,0.027467,0.652434,,,0.025588,0.820719,0.102270,0.071125,,,,,,,,,,,,
329418,,,,,,,,,,,,,,,,,,,,0.023640,-0.998983,1.846252,,,,,,
329423,0.023610,-0.998887,1.848636,-0.000003,-1.003079,1.569907,0.014424,0.001060,-0.000000,0.000000,1.671384,1.437215,0.021530,0.690553,0.102950,0.073101,0.002445,0.023857,-0.278728,,,,,,,,,
329429,,,,,,,,,,,,,,,,,,,,0.023628,-0.998888,1.846232,,,,,,
329433,,,,,,,,,0.027467,0.652434,,,0.018115,1.125574,0.103315,0.068813,,,,,,,,,,,,
329439,,,,,,,,,,,,,,,,,,,,0.023612,-0.998793,1.853183,,,,,,
329443,,,,,,,,,0.027467,0.652434,,,0.015242,1.491601,0.103675,0.065142,,,,,,,,,,,,
329448,,,,,,,,,,,,,,,,,,,,0.023534,-0.998591,1.856622,,,,,,
329453,,,,,,,,,-0.000000,0.000000,,,0.012825,1.255033,0.104031,0.067544,,,,,,,,,,,,
329458,,,,,,,,,,,,,,,,,,,,0.023482,-0.998317,1.860076,,,,,,
329464,,,,,,,,,0.027467,0.652434,,,0.010791,1.600528,0.104383,0.064056,,,,,,,,,,,,
329469,,,,,,,,,,,,,,,,,,,,0.023439,-0.998087,1.863526,,,,,,
329473,0.023420,-0.998044,1.865014,-0.000002,-1.002485,1.569939,0.012706,0.000766,0.027467,0.652434,1.584565,1.364763,0.009079,1.891227,0.103847,0.060319,0.002542,0.023704,-0.295075,,,,,,,,,
329479,,,,,,,,,,,,,,,,,,,,0.023408,-0.997930,1.866972,,,,,,
329483,,,,,,,,,-0.000000,0.000000,,,0.007639,1.591278,0.104177,0.063273,,,,,,,,,,,,
329488,,,,,,,,,,,,,,,,,,,,0.023409,-0.997813,1.873850,,,,,,
329493,,,,,,,,,0.027467,0.652434,,,0.006428,1.883444,0.104505,0.060248,,,,,,,,,,,,
329498,,,,,,,,,,,,,,,,,,,,0.023391,-0.997677,1.877305,,,,,,
329504,,,,,,,,,-0.000000,0.000000,,,0.005408,1.584730,0.104831,0.063191,,,,,,,,,,,,
329509,,,,,,,,,,,,,,,,,,,,0.023347,-0.997507,1.880733,,,,,,
329513,,,,,,,,,0.027467,0.652434,,,0.004551,1.877935,0.105156,0.060157,,,,,,,,,,,,
329518,,,,,,,,,,,,,,,,,,,,0.023309,-0.997348,1.884135,,,,,,
329523,0.023284,-0.997297,1.885268,-0.000002,-1.001970,1.569962,0.011076,0.000540,-0.000000,0.000000,1.536857,1.331044,0.003829,1.580094,0.104992,0.062748,0.002758,0.023589,-0.315307,,,,,,,,,
329528,,,,,,,,,,,,,,,,,,,,0.023261,-0.997222,1.887555,,,,,,
329533,,,,,,,,,0.027467,0.652434,,,0.003222,1.874034,0.105305,0.059700,,,,,,,,,,,,
329538,,,,,,,,,,,,,,,,,,,,0.023230,-0.997160,1.890970,,,,,,
329543,,,,,,,,,-0.000000,0.000000,,,0.002711,1.576812,0.105617,0.062623,,,,,,,,,,,,
329548,,,,,,,,,,,,,,,,,,,,0.023225,-0.997112,1.890992,,,,,,
329553,,,,,,,,,0.027467,0.652434,,,0.002281,1.871273,0.105928,0.059570,,,,,,,,,,,,
329558,,,,,,,,,,,,,,,,,,,,0.023191,-0.996992,1.897811,,,,,,
329564,,,,,,,,,-0.000000,0.000000,,,0.001919,1.574489,0.106239,0.062489,,,,,,,,,,,,
329569,,,,,,,,,,,,,,,,,,,,0.023121,-0.996792,1.897789,,,,,,
329573,0.023134,-0.996834,1.896738,-0.000001,-1.001529,1.569977,0.009540,0.000369,0.027467,0.652434,1.489539,1.305163,0.001615,1.869318,0.106066,0.059170,0.002961,0.023420,-0.326761,,,,,,,,,
329578,,,,,,,,,,,,,,,,,,,,0.023077,-0.996633,1.901192,,,,,,
329583,,,,,,,,,-0.000000,0.000000,,,0.001359,1.572844,0.106367,0.062081,,,,,,,,,,,,
329588,,,,,,,,,,,,,,,,,,,,0.023056,-0.996487,1.904590,,,,,,
329593,,,,,,,,,0.027467,0.652434,,,0.001143,1.867934,0.106666,0.059017,,,,,,,,,,,,
329599,,,,,,,,,,,,,,,,,,,,0.023034,-0.996423,1.907986,,,,,,
329603,,,,,,,,,-0.000000,0.000000,,,0.000962,1.571679,0.106966,0.061927,,,,,,,,,,,,
329608,,,,,,,,,,,,,,,,,,,,0.023014,-0.996296,1.911376,,,,,,
329613,,,,,,,,,-0.000000,0.000000,,,0.000809,1.322411,0.107265,0.064416,,,,,,,,,,,,
329618,,,,,,,,,,,,,,,,,,,,0.022994,-0.996212,1.911376,,,,,,
329624,0.023005,-0.996264,1.910147,-0.000001,-1.001158,1.569987,0.008103,0.000244,-0.000000,0.000000,1.415089,1.251616,0.000681,1.112676,0.107564,0.066552,0.003043,0.023323,-0.340160,,,,,,,,,
329629,,,,,,,,,,,,,,,,,,,,0.022973,-0.996146,1.914762,,,,,,
329633,,,,,,,,,-0.000000,0.000000,,,0.000573,0.936206,0.107104,0.067844,,,,,,,,,,,,
329638,,,,,,,,,,,,,,,,,,,,0.022960,-0.996091,1.914762,,,,,,
329643,,,,,,,,,0.027467,0.652434,,,0.000482,1.332266,0.107388,0.063867,,,,,,,,,,,,
329648,,,,,,,,,,,,,,,,,,,,0.022955,-0.996051,1.914783,,,,,,
329653,,,,,,,,,-0.000000,0.000000,,,0.000406,1.120969,0.107671,0.066006,,,,,,,,,,,,
329659,,,,,,,,,,,,,,,,,,,,0.022948,-0.996023,1.918165,,,,,,
329664,,,,,,,,,-0.000000,0.000000,,,0.000341,0.943183,0.107955,0.067846,,,,,,,,,,,,
329668,,,,,,,,,,,,,,,,,,,,0.022944,-0.995995,1.918144,,,,,,
329673,0.022949,-0.996018,1.917473,-0.000001,-1.000851,1.569993,0.006768,0.000154,0.027467,0.652434,1.382308,1.242540,0.000287,1.338137,0.107904,0.063786,0.003252,0.023227,-0.347480,,,,,,,,,
329678,,,,,,,,,,,,,,,,,,,,0.022942,-0.995950,1.918167,,,,,,
329683,,,,,,,,,-0.000000,0.000000,,,0.000242,1.125908,0.108181,0.065932,,,,,,,,,,,,
329688,,,,,,,,,,,,,,,,,,,,0.022945,-0.995932,1.921545,,,,,,
329693,,,,,,,,,-0.000000,0.000000,,,0.000203,0.947339,0.108458,0.067777,,,,,,,,,,,,
329703,,,,,,,,,-0.000000,0.000000,,,0.000171,0.797091,0.108734,0.069368,,,,,,,,,,,,
329713,,,,,,,,,0.027467,0.652434,,,0.000144,1.215216,0.109011,0.065193,,,,,,,,,,,,
329719,,,,,,,,,,,,,,,,,,,,0.022893,-0.995669,1.928268,,,,,,
329723,0.022857,-0.995591,1.930100,-0.000000,-1.000602,1.569996,0.005540,0.000093,-0.000000,0.000000,1.324477,1.205740,0.000121,1.022482,0.108698,0.066789,0.003346,0.023160,-0.360104,,,,,,,,,
329729,,,,,,,,,,,,,,,,,,,,0.022855,-0.995537,1.931635,,,,,,
329733,,,,,,,,,0.027467,0.652434,,,0.000102,1.404860,0.108963,0.062925,,,,,,,,,,,,
329738,,,,,,,,,,,,,,,,,,,,0.022817,-0.995366,1.938356,,,,,,
329743,,,,,,,,,0.027467,0.652434,,,0.000086,1.726592,0.109228,0.059603,,,,,,,,,,,,
329749,,,,,,,,,,,,,,,,,,,,0.022779,-0.995187,1.941736,,,,,,
329753,,,,,,,,,-0.000000,0.000000,,,0.000072,1.452754,0.109493,0.062292,,,,,,,,,,,,
329758,,,,,,,,,,,,,,,,,,,,0.022756,-0.994962,1.948434,,,,,,
329763,,,,,,,,,0.027467,0.652434,,,0.000061,1.766890,0.109758,0.059039,,,,,,,,,,,,
329768,,,,,,,,,,,,,,,,,,,,0.022711,-0.994707,1.951753,,,,,,
329773,0.022682,-0.994673,1.952673,-0.000000,-1.000407,1.569998,0.004424,0.000053,0.027467,0.652434,1.187798,1.086995,0.000051,2.031204,0.108629,0.055019,0.003132,0.023184,-0.382675,,,,,,,,,
329779,,,,,,,,,,,,,,,,,,,,0.022679,-0.994544,1.955094,,,,,,
329784,,,,,,,,,-0.000000,0.000000,,,0.000043,1.709055,0.108867,0.058116,,,,,,,,,,,,
329788,,,,,,,,,,,,,,,,,,,,0.022603,-0.994349,1.958430,,,,,,
329793,,,,,,,,,0.027467,0.652434,,,0.000036,1.982542,0.109104,0.055202,,,,,,,,,,,,
329798,,,,,,,,,,,,,,,,,,,,0.022547,-0.994193,1.961789,,,,,,
329803,,,,,,,,,0.027467,0.652434,,,0.000030,2.212654,0.109342,0.052676,,,,,,,,,,,,
329809,,,,,,,,,,,,,,,,,,,,0.022519,-0.994023,1.968439,,,,,,
329813,,,,,,,,,-0.000000,0.000000,,,0.000026,1.861727,0.109579,0.056031,,,,,,,,,,,,
329819,,,,,,,,,,,,,,,,,,,,0.022491,-0.993844,1.971735,,,,,,
329823,0.022507,-0.993914,1.970135,-0.000000,-1.000258,1.569999,0.003422,0.000027,0.027467,0.652434,1.055100,0.973569,0.000022,2.111000,0.108463,0.052176,0.002906,0.023203,-0.400137,,,,,,,,,
329828,,,,,,,,,,,,,,,,,,,,0.022449,-0.993709,1.978392,,,,,,
329833,,,,,,,,,-0.000000,0.000000,,,0.000018,1.776195,0.108674,0.055364,,,,,,,,,,,,
329838,,,,,,,,,,,,,,,,,,,,0.022409,-0.993545,1.981678,,,,,,
329844,,,,,,,,,0.027467,0.652434,,,0.000015,2.039033,0.108886,0.052522,,,,,,,,,,,,
329849,,,,,,,,,,,,,,,,,,,,0.022361,-0.993373,1.984983,,,,,,
329853,,,,,,,,,-0.000000,0.000000,,,0.000013,1.715642,0.109097,0.055608,,,,,,,,,,,,
329858,,,,,,,,,,,,,,,,,,,,0.022319,-0.993227,1.988286,,,,,,
329863,,,,,,,,,0.027467,0.652434,,,0.000011,1.988085,0.109308,0.052680,,,,,,,,,,,,
329869,,,,,,,,,,,,,,,,,,,,0.022305,-0.993143,1.988286,,,,,,
329873,0.022276,-0.993102,1.989501,-0.000000,-1.000150,1.570000,0.002540,0.000013,-0.000000,0.000000,0.913005,0.849603,0.000009,1.672774,0.108069,0.054429,0.002618,0.023217,-0.419501,,,,,,,,,
329879,,,,,,,,,,,,,,,,,,,,0.022282,-0.993047,1.991586,,,,,,
329884,,,,,,,,,-0.000000,0.000000,,,0.000008,1.407472,0.108252,0.056971,,,,,,,,,,,,
329889,,,,,,,,,,,,,,,,,,,,0.022270,-0.993012,1.991586,,,,,,
329893,,,,,,,,,-0.000000,0.000000,,,0.000006,1.184247,0.108434,0.059136,,,,,,,,,,,,
329898,,,,,,,,,,,,,,,,,,,,0.022272,-0.992999,1.994882,,,,,,
329903,,,,,,,,,0.027467,0.652434,,,0.000005,1.540968,0.108617,0.055430,,,,,,,,,,,,
329909,,,,,,,,,,,,,,,,,,,,0.022282,-0.993015,1.994882,,,,,,
329913,,,,,,,,,-0.000000,0.000000,,,0.000005,1.296570,0.108800,0.057785,,,,,,,,,,,,
329918,,,,,,,,,,,,,,,,,,,,0.022284,-0.993009,1.994882,,,,,,
329923,0.022283,-0.993017,1.994430,-0.000000,-1.000078,1.570000,0.001782,0.000005,-0.000000,0.000000,0.890011,0.845003,0.000004,1.090934,0.108748,0.059746,0.002724,0.023216,-0.424430,,,,,,,,,
329928,,,,,,,,,,,,,,,,,,,,0.022274,-0.992976,1.994882,,,,,,
329933,,,,,,,,,-0.000000,0.000000,,,0.000003,0.917912,0.108926,0.061462,,,,,,,,,,,,
329938,,,,,,,,,,,,,,,,,,,,0.022263,-0.992970,1.994882,,,,,,
329944,,,,,,,,,-0.000000,0.000000,,,0.000003,0.772331,0.109104,0.062932,,,,,,,,,,,,
329948,,,,,,,,,,,,,,,,,,,,0.022274,-0.992990,1.994882,,,,,,
329953,,,,,,,,,-0.000000,0.000000,,,0.000002,0.649839,0.109282,0.064196,,,,,,,,,,,,
329958,,,,,,,,,,,,,,,,,,,,0.022286,-0.993003,1.994882,,,,,,
329963,,,,,,,,,-0.000000,0.000000,,,0.000002,0.546775,0.109460,0.065286,,,,,,,,,,,,
329969,,,,,,,,,,,,,,,,,,,,0.022290,-0.993000,1.994882,,,,,,
329973,0.022289,-0.993001,1.994844,-0.000000,-1.000033,1.570000,0.001152,0.000002,-0.000000,0.000000,0.857009,0.827878,0.000002,0.460056,0.109301,0.066056,0.002762,0.023208,-0.424844,,,,,,,,,
329978,,,,,,,,,,,,,,,,,,,,0.022281,-0.992997,1.994882,,,,,,
329984,,,,,,,,,-0.000000,0.000000,,,0.000001,0.387091,0.109473,0.066874,,,,,,,,,,,,
329989,,,,,,,,,,,,,,,,,,,,0.022278,-0.992975,1.994882,,,,,,
329993,,,,,,,,,-0.000000,0.000000,,,0.000001,0.325698,0.109644,0.067588,,,,,,,,,,,,
329999,,,,,,,,,,,,,,,,,,,,0.022282,-0.992984,1.994882,,,,,,
330003,,,,,,,,,-0.000000,0.000000,,,0.000001,0.274043,0.109815,0.068215,,,,,,,,,,,,
330008,,,,,,,,,,,,,,,,,,,,0.022284,-0.992987,1.994882,,,,,,
330013,,,,,,,,,-0.000000,0.000000,,,0.000001,0.230579,0.109987,0.068769,,,,,,,,,,,,
330018,,,,,,,,,,,,,,,,,,,,0.022277,-0.992952,1.998174,,,,,,
330023,0.022278,-0.992957,1.997895,-0.000000,-1.000010,1.570000,0.000655,0.000000,-0.000000,0.000000,0.835427,0.818742,0.000001,0.194009,0.109938,0.069169,0.002808,0.023198,-0.427895,,,,,,,,,
330029,,,,,,,,,,,,,,,,,,,,0.022265,-0.992920,1.998174,,,,,,
330033,,,,,,,,,-0.000000,0.000000,,,0.000001,0.163240,0.110105,0.069608,,,,,,,,,,,,
330038,,,,,,,,,,,,,,,,,,,,0.022243,-0.992839,1.998174,,,,,,
330044,,,,,,,,,0.027467,0.652434,,,0.000000,0.681893,0.110272,0.064448,,,,,,,,,,,,
330048,,,,,,,,,,,,,,,,,,,,0.022202,-0.992760,2.001463,,,,,,
330053,,,,,,,,,-0.000000,0.000000,,,0.000000,0.573745,0.110439,0.065579,,,,,,,,,,,,
330059,,,,,,,,,,,,,,,,,,,,0.022167,-0.992688,2.001463,,,,,,
330063,,,,,,,,,-0.000000,0.000000,,,0.000000,0.482749,0.110606,0.066556,,,,,,,,,,,,
330068,,,,,,,,,,,,,,,,,,,,0.022142,-0.992625,2.004749,,,,,,
330073,0.022154,-0.992652,2.004174,-0.000000,-1.000001,1.570000,0.000294,0.000000,-0.000000,0.000000,0.761284,0.753690,0.000000,0.406185,0.110017,0.066741,0.002634,0.023192,-0.434174,,,,,,,,,
330078,,,,,,,,,,,,,,,,,,,,0.022092,-0.992507,2.008031,,,,,,
330083,,,,,,,,,0.027467,0.652434,,,0.000000,0.886307,0.110169,0.061913,,,,,,,,,,,,
330088,,,,,,,,,,,,,,,,,,,,0.022021,-0.992407,2.011310,,,,,,
330093,,,,,,,,,0.027467,0.652434,,,0.000000,1.290282,0.110322,0.057766,,,,,,,,,,,,
330099,,,,,,,,,,,,,,,,,,,,0.021964,-0.992274,2.014585,,,,,,
330104,,,,,,,,,-0.000000,0.000000,,,0.000000,1.085643,0.110474,0.059746,,,,,,,,,,,,
330108,,,,,,,,,,,,,,,,,,,,0.021911,-0.992090,2.017857,,,,,,
330113,,,,,,,,,0.027467,0.652434,,,0.000000,1.458003,0.110626,0.055881,,,,,,,,,,,,
330119,,,,,,,,,,,,,,,,,,,,0.021867,-0.991909,2.021125,,,,,,
330123,0.021841,-0.991867,2.022440,-0.000000,-1.000000,1.570000,0.000074,0.000000,-0.000000,0.000000,0.628274,0.626285,0.000000,1.226763,0.109422,0.056800,0.002216,0.023201,-0.452440,,,,,,,,,
330129,,,,,,,,,,,,,,,,,,,,0.021832,-0.991768,2.024391,,,,,,
330133,,,,,,,,,-0.000000,0.000000,,,0.000000,1.032199,0.109547,0.058664,,,,,,,,,,,,
330138,,,,,,,,,,,,,,,,,,,,0.021802,-0.991683,2.027653,,,,,,
330155,,,,,,,,,-0.000000,0.000000,,,0.000000,1.188928,0.109799,0.056827,,,,,,,,,,,,
330159,,,,,,,,,,,,,,,,,,,,0.021777,-0.991586,2.030911,,,,,,
330163,,,,,,,,,0.027467,0.652434,,,0.000000,1.544907,0.109924,0.053083,,,,,,,,,,,,
330168,,,,,,,,,,,,,,,,,,,,0.021769,-0.991572,2.034167,,,,,,
330173,0.021723,-0.991494,2.035921,-0.000000,-1.000000,1.570000,0.000074,0.000000,-0.000000,0.000000,0.607334,0.605289,0.000000,1.299884,0.109837,0.055185,0.002141,0.023231,-0.465920,,,,,,,,,
330178,,,,,,,,,,,,,,,,,,,,0.021742,-0.991514,2.034167,,,,,,
330183,,,,,,,,,-0.000000,0.000000,,,0.000000,1.093722,0.109958,0.057149,,,,,,,,,,,,
330188,,,,,,,,,,,,,,,,,,,,0.021695,-0.991446,2.037419,,,,,,
330193,,,,,,,,,,,,,0.000000,0.920258,0.110079,0.058820,,,,,,,,,,,,
