ts,x,y,yaw,x_des,y_des,yaw_des,v_ff,w_ff,v_actual,w_actual,omega_l_cmd,omega_r_cmd,omega_l_meas,omega_r_meas,duty_l,duty_r,x_err,y_err,yaw_err,x_raw,y_raw,yaw_raw,acc_x,acc_y,acc_z,gyro_x,gyro_y,gyro_z
383188,,,,,,,,,-0.000000,0.000000,,,0.000000,0.000000,0.000000,0.000000,,,,,,,,,,,,
383194,,,,,,,,,,,,,,,,,,,,-0.046416,-0.991313,1.365697,,,,,,
383198,,,,,,,,,-0.000000,0.000000,,,0.000000,0.000000,0.000000,0.000000,,,,,,,,,,,,
383203,,,,,,,,,,,,,,,,,,,,-0.046418,-0.991297,1.365697,,,,,,
383208,,,,,,,,,-0.000000,0.000000,,,0.000000,0.000000,0.000000,0.000000,,,,,,,,,,,,
383214,,,,,,,,,,,,,,,,,,,,-0.046446,-0.991319,1.365716,,,,,,
383218,,,,,,,,,-0.000000,0.000000,,,0.000000,0.000000,0.000000,0.000000,,,,,,,,,,,,
383224,,,,,,,,,,,,,,,,,,,,-0.046466,-0.991355,1.365712,,,,,,
383228,,,,,,,,,-0.000000,0.000000,,,0.000000,0.000000,0.000000,0.000000,,,,,,,,,,,,
383235,-0.046466,-0.991355,1.365712,-0.001836,-0.971674,1.682211,0.286078,1.123658,,,19.378485,30.556080,,,,,0.028357,-0.039686,0.316499,-0.046407,-0.991331,1.365697,,,,,,
383238,,,,,,,,,-0.000000,0.000000,,,0.000000,0.000000,0.197661,0.311672,,,,,,,,,,,,
383244,,,,,,,,,,,,,,,,,,,,-0.046424,-0.991334,1.365695,,,,,,
383248,,,,,,,,,0.137337,0.652434,,,0.544543,1.633630,0.195982,0.301120,,,,,,,,,,,,
383254,,,,,,,,,,,,,,,,,,,,-0.046421,-0.991357,1.365712,,,,,,
383260,,,,,,,,,0.109870,1.304868,,,1.547265,3.008165,0.189521,0.292884,,,,,,,,,,,,
383264,,,,,,,,,,,,,,,,,,,,-0.046395,-0.991352,1.372909,,,,,,
383268,,,,,,,,,0.329610,3.914605,,,2.935498,7.431959,0.178927,0.253271,,,,,,,,,,,,
383274,,,,,,,,,,,,,,,,,,,,-0.046306,-0.990819,1.380113,,,,,,
383278,,,,,,,,,0.247207,4.567039,,,3.014471,10.609595,0.181410,0.225484,,,,,,,,,,,,
383284,-0.046056,-0.988911,1.401243,-0.004685,-0.950614,1.725241,0.381561,0.954157,,,29.047256,41.326111,,,,,0.044729,-0.034316,0.323997,-0.046141,-0.989806,1.383713,,,,,,
383288,,,,,,,,,0.192272,3.262171,,,3.080919,12.194172,0.282627,0.323165,,,,,,,,,,,,
383294,,,,,,,,,,,,,,,,,,,,-0.045807,-0.988576,1.394560,,,,,,
383299,,,,,,,,,0.192272,1.957303,,,3.681371,12.982891,0.281695,0.320947,,,,,,,,,,,,
383304,,,,,,,,,,,,,,,,,,,,-0.045324,-0.987101,1.408996,,,,,,
383308,,,,,,,,,0.494415,3.914605,,,6.364764,16.913778,0.259398,0.286520,,,,,,,,,,,,
383314,,,,,,,,,,,,,,,,,,,,-0.044958,-0.985477,1.427274,,,,,,
383318,,,,,,,,,0.412012,3.262171,,,8.078028,20.221226,0.246459,0.257667,,,,,,,,,,,,
383324,,,,,,,,,,,,,,,,,,,,-0.044573,-0.983316,1.442019,,,,,,
383328,,,,,,,,,0.412012,1.957303,,,10.064111,21.915026,0.230395,0.244611,,,,,,,,,,,,
383334,-0.044005,-0.979787,1.463702,-0.009029,-0.925637,1.758086,0.467199,0.762906,,,38.063969,50.211624,,,,,0.057579,-0.028988,0.294384,-0.044050,-0.980824,1.460460,,,,,,
383338,,,,,,,,,0.384545,2.609737,,,11.190658,23.340189,0.314671,0.324589,,,,,,,,,,,,
383343,,,,,,,,,,,,,,,,,,,,-0.043477,-0.977850,1.475424,,,,,,
383348,,,,,,,,,0.412012,3.262171,,,12.138534,25.083864,0.310378,0.312178,,,,,,,,,,,,
383354,,,,,,,,,,,,,,,,,,,,-0.042921,-0.974745,1.490436,,,,,,
383359,,,,,,,,,0.329610,1.304868,,,15.658792,28.184622,0.279656,0.285575,,,,,,,,,,,,
383364,,,,,,,,,,,,,,,,,,,,-0.042499,-0.971355,1.505756,,,,,,
383368,,,,,,,,,0.741622,1.957302,,,16.987108,28.615425,0.270588,0.285587,,,,,,,,,,,,
383374,,,,,,,,,,,,,,,,,,,,-0.042039,-0.967383,1.520672,,,,,,
383378,,,,,,,,,0.576817,1.957303,,,18.649296,30.611534,0.257849,0.269545,,,,,,,,,,,,
383384,-0.041695,-0.961987,1.538305,-0.014805,-0.897035,1.779629,0.545988,0.547042,,,46.293255,56.985233,,,,,0.065791,-0.024766,0.241324,-0.041643,-0.962994,1.536176,,,,,,
383388,,,,,,,,,0.466947,1.957303,,,20.047861,31.201973,0.331406,0.336534,,,,,,,,,,,,
383393,,,,,,,,,,,,,,,,,,,,-0.041260,-0.958411,1.555508,,,,,,
383398,,,,,,,,,0.631752,1.957303,,,21.769157,32.787853,0.319098,0.325515,,,,,,,,,,,,
383403,,,,,,,,,,,,,,,,,,,,-0.040882,-0.953442,1.567024,,,,,,
383408,,,,,,,,,0.604285,2.609737,,,23.761997,34.666756,0.303675,0.311189,,,,,,,,,,,,
383413,,,,,,,,,,,,,,,,,,,,-0.040561,-0.948215,1.578575,,,,,,
383419,,,,,,,,,0.576817,4.567039,,,27.072403,37.336750,0.274415,0.288419,,,,,,,,,,,,
383424,,,,,,,,,,,,,,,,,,,,-0.040449,-0.942548,1.594135,,,,,,
383428,,,,,,,,,0.741622,-1.957302,,,27.679605,37.949654,0.272066,0.286097,,,,,,,,,,,,
383433,,,,,,,,,,,,,,,,,,,,-0.040318,-0.936424,1.609561,,,,,,
383436,-0.040221,-0.935465,1.595369,-0.021809,-0.864917,1.789212,0.620786,0.312391,0.659220,1.304869,53.380363,62.181221,28.735048,39.009895,0.337312,0.332089,0.070074,-0.020140,0.193843,-0.040318,-0.936424,1.609561,,,,,,
383440,,,,,,,,,,,,,,,,,,,,-0.040318,-0.936424,1.609561,,,,,,
383444,,,,,,,,,,,,,,,,,,,,-0.040243,-0.929963,1.624868,,,,,,
383448,,,,,,,,,0.741622,0.652433,,,31.256729,40.446526,0.316520,0.322069,,,,,,,,,,,,
383454,,,,,,,,,,,,,,,,,,,,-0.040373,-0.923602,1.640058,,,,,,
383459,,,,,,,,,0.466947,0.652434,,,31.200296,38.932590,0.321520,0.341858,,,,,,,,,,,,
383464,,,,,,,,,,,,,,,,,,,,-0.040675,-0.917231,1.655122,,,,,,
383468,,,,,,,,,1.071232,1.957303,,,36.053703,44.193283,0.276451,0.292849,,,,,,,,,,,,
383474,,,,,,,,,,,,,,,,,,,,-0.041043,-0.909772,1.670143,,,,,,
383478,,,,,,,,,0.796557,1.957302,,,37.414642,45.352371,0.266035,0.284624,,,,,,,,,,,,
383483,,,,,,,,,,,,,,,,,,,,-0.041442,-0.902467,1.681308,,,,,,
383486,-0.041582,-0.901903,1.682305,-0.029719,-0.829246,1.786863,0.694035,0.071010,0.796557,0.652434,60.820618,65.333015,38.559738,46.872169,0.333439,0.304636,0.070885,-0.019874,0.104558,,,,,,,,,
383494,,,,,,,,,,,,,,,,,,,,-0.042013,-0.895132,1.696067,,,,,,
383498,,,,,,,,,0.796557,0.652434,,,40.067764,47.606384,0.322509,0.300839,,,,,,,,,,,,
383503,,,,,,,,,,,,,,,,,,,,-0.042647,-0.887305,1.707142,,,,,,
383508,,,,,,,,,0.824024,1.304869,,,41.881161,48.768696,0.308163,0.292529,,,,,,,,,,,,
383513,,,,,,,,,,,,,,,,,,,,-0.043405,-0.879310,1.721742,,,,,,
383519,,,,,,,,,0.576817,0.652434,,,40.684235,47.023949,0.324160,0.313638,,,,,,,,,,,,
383524,,,,,,,,,,,,,,,,,,,,-0.044314,-0.871096,1.732582,,,,,,
383528,,,,,,,,,1.208569,1.304866,,,45.667118,52.090439,0.277362,0.265622,,,,,,,,,,,,
383533,,,,,,,,,,,,,,,,,,,,-0.045425,-0.862551,1.739914,,,,,,
383536,-0.045828,-0.860835,1.740548,-0.038114,-0.789875,1.773337,0.767646,-0.162389,0.906427,0.652435,67.126236,67.386078,46.592453,52.541580,0.335271,0.284610,0.068637,-0.019591,0.032790,,,,,,,,,
383544,,,,,,,,,,,,,,,,,,,,-0.046727,-0.853785,1.747169,,,,,,
383548,,,,,,,,,0.878959,1.304869,,,47.915573,53.465714,0.325882,0.278153,,,,,,,,,,,,
383554,,,,,,,,,,,,,,,,,,,,-0.048131,-0.845020,1.750796,,,,,,
383559,,,,,,,,,0.576817,-0.652434,,,46.306133,55.876907,0.346141,0.256343,,,,,,,,,,,,
383563,,,,,,,,,,,,,,,,,,,,-0.049769,-0.836214,1.754414,,,,,,
383568,,,,,,,,,1.318439,-1.304869,,,52.031013,54.638428,0.291911,0.271277,,,,,,,,,,,,
383574,,,,,,,,,,,,,,,,,,,,-0.051431,-0.827488,1.757977,,,,,,
383578,,,,,,,,,0.961362,-0.652434,,,53.580666,55.230000,0.279123,0.267793,,,,,,,,,,,,
383583,,,,,,,,,,,,,,,,,,,,-0.053045,-0.818160,1.754423,,,,,,
383586,-0.053071,-0.817757,1.750523,-0.046502,-0.746596,1.749995,0.842989,-0.374039,0.906427,0.652435,73.301865,70.794754,54.340000,55.183205,0.337079,0.305470,0.068841,-0.019184,-0.000528,,,,,,,,,
383593,,,,,,,,,,,,,,,,,,,,-0.054726,-0.808742,1.750820,,,,,,
383598,,,,,,,,,0.961362,-0.652434,,,55.523445,56.232918,0.328800,0.297885,,,,,,,,,,,,
383604,,,,,,,,,,,,,,,,,,,,-0.056474,-0.798795,1.743593,,,,,,
383608,,,,,,,,,1.016297,-0.652434,,,57.063740,57.116146,0.316645,0.291788,,,,,,,,,,,,
383614,,,,,,,,,,,,,,,,,,,,-0.058177,-0.789609,1.739981,,,,,,
383619,,,,,,,,,0.631752,-0.652435,,,59.993374,58.948383,0.290010,0.275835,,,,,,,,,,,,
383624,,,,,,,,,,,,,,,,,,,,-0.059749,-0.779705,1.732719,,,,,,
383628,,,,,,,,,1.400841,-0.652435,,,59.191109,57.767311,0.300855,0.290251,,,,,,,,,,,,
383633,,,,,,,,,,,,,,,,,,,,-0.061377,-0.769774,1.729084,,,,,,
383636,-0.061641,-0.768002,1.728147,-0.054341,-0.699187,1.718589,0.920912,-0.553737,1.016297,-0.652434,78.344231,74.351151,60.149712,58.407185,0.345331,0.322605,0.066821,-0.017994,-0.009558,,,,,,,,,
383643,,,,,,,,,,,,,,,,,,,,-0.063201,-0.759489,1.721814,,,,,,
383648,,,,,,,,,0.988829,0.000000,,,60.411736,58.945576,0.346298,0.320303,,,,,,,,,,,,
383653,,,,,,,,,,,,,,,,,,,,-0.064918,-0.749030,1.714427,,,,,,
383658,,,,,,,,,1.098699,-1.304869,,,61.721291,60.487663,0.336527,0.307654,,,,,,,,,,,,
383664,,,,,,,,,,,,,,,,,,,,-0.066440,-0.738912,1.703419,,,,,,
383668,,,,,,,,,1.071232,-0.652434,,,63.367695,61.240631,0.323058,0.302747,,,,,,,,,,,,
383674,,,,,,,,,,,,,,,,,,,,-0.067775,-0.728998,1.696116,,,,,,
383679,,,,,,,,,0.769089,-1.304867,,,61.485718,58.606922,0.345249,0.332233,,,,,,,,,,,,
383684,-0.069031,-0.719690,1.686568,-0.061061,-0.647458,1.681023,1.001749,-0.696081,,,,,,,,,,,,-0.069262,-0.718759,1.688733,,,,,,
383687,,,,,,,,,1.345907,-0.652434,84.792809,80.264557,65.347656,62.380894,0.375005,0.357204,0.070828,-0.016260,-0.005546,,,,,,,,,
383694,,,,,,,,,,,,,,,,,,,,-0.070734,-0.707472,1.688689,,,,,,
383698,,,,,,,,,1.181102,-0.652433,,,66.418915,63.378139,0.367967,0.350609,,,,,,,,,,,,
383703,,,,,,,,,,,,,,,,,,,,-0.072080,-0.696228,1.677552,,,,,,
383708,,,,,,,,,1.126167,-1.957302,,,67.864815,64.217224,0.356894,0.345427,,,,,,,,,,,,
383714,,,,,,,,,,,,,,,,,,,,-0.073217,-0.685304,1.666383,,,,,,
383720,,,,,,,,,0.961362,-4.567040,,,69.081398,61.655968,0.347870,0.374762,,,,,,,,,,,,
383724,,,,,,,,,,,,,,,,,,,,-0.074350,-0.674337,1.658916,,,,,,
383728,,,,,,,,,1.236037,4.567040,,,68.471397,65.490906,0.357234,0.339367,,,,,,,,,,,,
383733,,,,,,,,,,,,,,,,,,,,-0.075354,-0.663018,1.651396,,,,,,
383736,-0.075901,-0.662700,1.673489,-0.066091,-0.591288,1.639138,1.085320,-0.800367,1.181102,0.652433,91.064034,83.912933,69.047234,67.083992,0.418591,0.363286,0.070030,-0.017079,-0.034351,,,,,,,,,
383744,,,,,,,,,,,,,,,,,,,,-0.076284,-0.651009,1.643842,,,,,,
383748,,,,,,,,,1.236037,-1.957302,,,70.620827,68.424416,0.406944,0.352979,,,,,,,,,,,,
383754,,,,,,,,,,,,,,,,,,,,-0.077155,-0.638873,1.632475,,,,,,
383758,,,,,,,,,1.236037,-1.957302,,,73.033936,69.007706,0.386419,0.350127,,,,,,,,,,,,
383764,,,,,,,,,,,,,,,,,,,,-0.077953,-0.627090,1.628661,,,,,,
383768,,,,,,,,,1.318439,0.000000,,,74.519783,70.587570,0.374870,0.336994,,,,,,,,,,,,
383774,,,,,,,,,,,,,,,,,,,,-0.078622,-0.615125,1.621030,,,,,,
383779,,,,,,,,,0.824024,-1.304869,,,75.769974,71.916862,0.365426,0.326100,,,,,,,,,,,,
383784,-0.079264,-0.604144,1.609423,-0.068880,-0.530647,1.594562,1.170943,-0.869581,,,96.800392,90.636780,,,,,0.073041,-0.013215,-0.014861,-0.079308,-0.602544,1.609533,,,,,,
383788,,,,,,,,,1.538179,-1.304869,,,74.643707,70.312614,0.438484,0.413446,,,,,,,,,,,,
383794,,,,,,,,,,,,,,,,,,,,-0.079825,-0.590171,1.597981,,,,,,
383798,,,,,,,,,1.290972,-0.652435,,,76.418785,71.685516,0.424810,0.403507,,,,,,,,,,,,
383804,,,,,,,,,,,,,,,,,,,,-0.080483,-0.577570,1.582375,,,,,,
383808,,,,,,,,,1.400841,-0.652435,,,78.456879,73.929764,0.408097,0.384406,,,,,,,,,,,,
383813,,,,,,,,,,,,,,,,,,,,-0.080905,-0.564655,1.570735,,,,,,
383818,,,,,,,,,1.373374,-2.609737,,,80.171730,75.273529,0.394275,0.374041,,,,,,,,,,,,
383824,,,,,,,,,,,,,,,,,,,,-0.081303,-0.551569,1.555509,,,,,,
383828,,,,,,,,,1.373374,0.000000,,,81.614609,76.404175,0.382883,0.365581,,,,,,,,,,,,
383833,,,,,,,,,,,,,,,,,,,,-0.081444,-0.538106,1.543892,,,,,,
383839,-0.081282,-0.540190,1.543921,-0.068920,-0.465625,1.548635,1.257475,-0.908977,0.824024,-1.304869,,,77.383209,72.454613,0.429080,0.408713,,,,,,,,,,,,
383842,,,,,,,,,,,102.058823,97.238564,,,,,0.074871,-0.010354,0.004714,-0.081258,-0.524063,1.532338,,,,,,
383848,,,,,,,,,1.675516,0.652435,,,81.446518,77.299599,0.445154,0.430269,,,,,,,,,,,,
383854,,,,,,,,,,,,,,,,,,,,-0.080902,-0.511130,1.517177,,,,,,
383858,,,,,,,,,1.455776,-0.652433,,,83.231758,79.197998,0.431067,0.414893,,,,,,,,,,,,
383863,,,,,,,,,,,,,,,,,,,,-0.080473,-0.497464,1.502057,,,,,,
383868,,,,,,,,,1.455776,-3.262171,,,85.278397,80.250763,0.413957,0.407763,,,,,,,,,,,,
383874,,,,,,,,,,,,,,,,,,,,-0.079811,-0.483663,1.494589,,,,,,
383879,,,,,,,,,0.961362,0.652434,,,81.555008,77.324760,0.455291,0.441006,,,,,,,,,,,,
383884,-0.079318,-0.471327,1.491515,-0.065768,-0.396432,1.502387,1.343390,-0.924698,,,107.389282,103.124031,,,,,0.075732,-0.007576,0.010872,-0.079217,-0.469421,1.483729,,,,,,
383888,,,,,,,,,1.702984,0.000000,,,85.501213,81.941879,0.473512,0.457925,,,,,,,,,,,,
383893,,,,,,,,,,,,,,,,,,,,-0.078109,-0.454750,1.472174,,,,,,
383898,,,,,,,,,1.620581,-0.652433,,,87.187920,84.193092,0.460685,0.439200,,,,,,,,,,,,
383904,,,,,,,,,,,,,,,,,,,,-0.076778,-0.440005,1.460895,,,,,,
383908,,,,,,,,,1.510712,-1.957302,,,89.696198,85.542725,0.439141,0.429219,,,,,,,,,,,,
383914,,,,,,,,,,,,,,,,,,,,-0.075442,-0.425702,1.453573,,,,,,
383918,,,,,,,,,1.565646,-0.652435,,,91.262123,87.222847,0.426707,0.415598,,,,,,,,,,,,
383924,,,,,,,,,,,,,,,,,,,,-0.073668,-0.410421,1.442473,,,,,,
383928,,,,,,,,,1.620581,0.652433,,,92.579689,89.181046,0.416493,0.398805,,,,,,,,,,,,
383934,,,,,,,,,,,,,,,,,,,,-0.071823,-0.395183,1.434930,,,,,,
383941,-0.071977,-0.394790,1.442405,-0.059060,-0.323400,1.456573,1.426896,-0.922710,0.961362,-0.652434,111.422539,107.678040,88.242859,84.838699,0.504830,0.492337,0.072456,-0.003670,0.014168,,,,,,,,,
383944,,,,,,,,,,,,,,,,,,,,-0.069938,-0.379766,1.423882,,,,,,
383948,,,,,,,,,1.263504,0.000000,,,86.772026,83.907761,0.524468,0.506400,,,,,,,,,,,,
383954,,,,,,,,,,,,,,,,,,,,-0.067734,-0.364191,1.412799,,,,,,
383958,,,,,,,,,1.730451,-0.652434,,,89.890808,86.936272,0.497587,0.480263,,,,,,,,,,,,
383964,,,,,,,,,,,,,,,,,,,,-0.065317,-0.348480,1.405420,,,,,,
383968,,,,,,,,,1.675516,-1.957302,,,93.059494,89.484467,0.469572,0.458420,,,,,,,,,,,,
383974,,,,,,,,,,,,,,,,,,,,-0.062783,-0.333035,1.394804,,,,,,
383978,,,,,,,,,1.730451,-0.652434,,,95.725632,92.173058,0.446050,0.434635,,,,,,,,,,,,
383983,,,,,,,,,,,,,,,,,,,,-0.059926,-0.317545,1.387889,,,,,,
383986,-0.059878,-0.316844,1.389723,-0.048529,-0.246972,1.411713,1.506065,-0.908155,1.757919,0.000000,115.321640,112.701225,97.968918,94.435242,0.466079,0.465898,0.070774,0.001420,0.021990,,,,,,,,,
383993,,,,,,,,,,,,,,,,,,,,-0.056941,-0.301126,1.380452,,,,,,
383999,,,,,,,,,1.043764,0.000000,,,97.678246,94.705009,0.472515,0.466800,,,,,,,,,,,,
384004,,,,,,,,,,,,,,,,,,,,-0.054166,-0.284653,1.369588,,,,,,
384008,,,,,,,,,1.895256,-1.957303,,,96.344589,93.298363,0.489647,0.484747,,,,,,,,,,,,
384014,,,,,,,,,,,,,,,,,,,,-0.050718,-0.267912,1.362329,,,,,,
384018,,,,,,,,,1.730451,-0.652434,,,99.034248,95.382072,0.466007,0.467374,,,,,,,,,,,,
384024,,,,,,,,,,,,,,,,,,,,-0.047147,-0.251145,1.355164,,,,,,
384028,,,,,,,,,1.730451,0.652434,,,100.752785,97.679848,0.451736,0.447400,,,,,,,,,,,,
384034,-0.044046,-0.234675,1.354390,-0.034010,-0.167691,1.368159,1.578967,-0.885073,,,119.210037,116.153641,,,,,0.067576,0.004581,0.013769,-0.043941,-0.234958,1.348176,,,,,,
384042,,,,,,,,,1.675516,-0.652435,,,106.555107,102.880455,0.435128,0.432573,,,,-0.040336,-0.218178,1.341382,,,,,,
384048,,,,,,,,,1.483244,-1.304866,,,99.457230,96.365379,0.510057,0.501681,,,,,,,,,,,,
384054,,,,,,,,,,,,,,,,,,,,-0.036446,-0.201103,1.334338,,,,,,
384058,,,,,,,,,1.840321,0.652435,,,101.653229,99.051743,0.491608,0.478238,,,,,,,,,,,,
384063,,,,,,,,,,,,,,,,,,,,-0.032349,-0.183514,1.327152,,,,,,
384068,,,,,,,,,1.730451,-0.652434,,,103.500938,100.767502,0.476273,0.464158,,,,,,,,,,,,
384074,,,,,,,,,,,,,,,,,,,,-0.027812,-0.166561,1.319972,,,,,,
384078,,,,,,,,,1.922724,-1.304868,,,106.144684,102.755692,0.452449,0.446955,,,,,,,,,,,,
384084,-0.023076,-0.148531,1.317318,-0.015447,-0.086170,1.326139,1.643806,-0.856364,,,121.831787,118.669128,,,,,0.062281,0.008253,0.008821,-0.023305,-0.149180,1.319894,,,,,,
384088,,,,,,,,,1.785386,0.652434,,,107.280052,104.428551,0.470223,0.458230,,,,,,,,,,,,
384093,,,,,,,,,,,,,,,,,,,,-0.019111,-0.131572,1.309503,,,,,,
384099,,,,,,,,,1.153634,-1.304868,,,107.690804,104.202461,0.468944,0.463384,,,,,,,,,,,,
384103,,,,,,,,,,,,,,,,,,,,-0.014298,-0.114191,1.298916,,,,,,
384108,,,,,,,,,2.087528,0.000000,,,105.858238,102.923149,0.490464,0.479326,,,,,,,,,,,,
384113,,,,,,,,,,,,,,,,,,,,-0.009488,-0.096513,1.288518,,,,,,
384118,,,,,,,,,1.867789,-2.609737,,,108.128120,104.569450,0.470506,0.465683,,,,,,,,,,,,
384124,,,,,,,,,,,,,,,,,,,,-0.004485,-0.078398,1.278121,,,,,,
384128,,,,,,,,,1.867789,1.304868,,,109.493454,106.499191,0.459320,0.448820,,,,,,,,,,,,
384133,,,,,,,,,,,,,,,,,,,,0.001143,-0.060090,1.271142,,,,,,
384136,0.000895,-0.059880,1.280472,0.007108,-0.003076,1.285812,1.699018,-0.823915,1.840321,-1.957302,123.599892,120.389984,111.186790,107.578331,0.462550,0.457799,0.056206,0.010308,0.005340,,,,,,,,,
384144,,,,,,,,,,,,,,,,,,,,0.006358,-0.042613,1.267681,,,,,,
384148,,,,,,,,,1.922724,-1.304868,,,112.611565,109.030861,0.450500,0.445546,,,,,,,,,,,,
384154,,,,,,,,,,,,,,,,,,,,0.011921,-0.024726,1.257423,,,,,,
384159,,,,,,,,,1.483244,-6.524342,,,112.176735,103.718498,0.457133,0.502004,,,,,,,,,,,,
384164,,,,,,,,,,,,,,,,,,,,0.017326,-0.007079,1.250680,,,,,,
384168,,,,,,,,,1.785386,4.567039,,,110.721786,106.327744,0.474258,0.478724,,,,,,,,,,,,
384174,,,,,,,,,,,,,,,,,,,,0.022870,0.010613,1.240578,,,,,,
384178,,,,,,,,,1.922724,-2.609737,,,112.220306,107.978622,0.461549,0.464697,,,,,,,,,,,,
384184,0.029542,0.028642,1.226659,0.033496,0.080902,1.247301,1.743348,-0.788767,,,,,,,,,,,,0.029156,0.028475,1.233659,,,,,,
384187,,,,,,,,,1.922724,1.304868,123.703918,122.591011,114.025703,109.912209,0.446471,0.469907,0.050530,0.013909,0.020642,,,,,,,,,
384194,,,,,,,,,,,,,,,,,,,,0.035133,0.046715,1.230358,,,,,,
384199,,,,,,,,,1.510711,4.567039,,,109.010246,105.004608,0.499564,0.522501,,,,,,,,,,,,
384204,,,,,,,,,,,,,,,,,,,,0.041385,0.065280,1.223400,,,,,,
384208,,,,,,,,,1.757919,-3.914604,,,110.235680,108.498962,0.490004,0.490376,,,,,,,,,,,,
384214,,,,,,,,,,,,,,,,,,,,0.048083,0.083404,1.223427,,,,,,
384218,,,,,,,,,1.922724,-1.304868,,,112.355843,110.350021,0.471072,0.474313,,,,,,,,,,,,
384224,,,,,,,,,,,,,,,,,,,,0.054428,0.101075,1.220070,,,,,,
384228,,,,,,,,,2.005126,0.652434,,,114.139748,112.452049,0.455145,0.455321,,,,,,,,,,,,
384234,0.061229,0.119648,1.217174,0.063460,0.165076,1.210724,1.775899,-0.751291,,,125.150940,121.238686,,,,,0.043390,0.013639,-0.006450,0.061143,0.119300,1.213320,,,,,,
384238,,,,,,,,,1.895256,0.652433,,,115.096184,113.676147,0.462062,0.431069,,,,,,,,,,,,
384244,,,,,,,,,,,,,,,,,,,,0.067976,0.137857,1.213359,,,,,,
384248,,,,,,,,,1.950191,-0.652435,,,116.445473,114.706108,0.450310,0.422076,,,,,,,,,,,,
384254,,,,,,,,,,,,,,,,,,,,0.075000,0.156489,1.209980,,,,,,
384260,,,,,,,,,1.812854,-1.304869,,,116.491676,114.483627,0.451580,0.425652,,,,,,,,,,,,
384264,,,,,,,,,,,,,,,,,,,,0.081977,0.174282,1.209937,,,,,,
384268,,,,,,,,,1.620581,-1.957303,,,114.352379,111.573715,0.475133,0.456684,,,,,,,,,,,,
384274,,,,,,,,,,,,,,,,,,,,0.088893,0.192648,1.199876,,,,,,
384278,,,,,,,,,1.922724,0.000000,,,115.819633,112.937119,0.462327,0.444710,,,,,,,,,,,,
384284,0.095732,0.210329,1.198263,0.096654,0.248785,1.176217,1.796155,-0.711340,,,125.150093,119.651352,,,,,0.036154,0.013139,-0.022047,0.095830,0.210379,1.196537,,,,,,
384288,,,,,,,,,1.950191,-0.652435,,,117.054176,114.084290,0.451592,0.418478,,,,,,,,,,,,
384294,,,,,,,,,,,,,,,,,,,,0.102656,0.228609,1.186623,,,,,,
384299,,,,,,,,,1.345907,-0.652434,,,112.102951,109.059540,0.503714,0.470844,,,,,,,,,,,,
384304,,,,,,,,,,,,,,,,,,,,0.109704,0.246440,1.180085,,,,,,
384308,,,,,,,,,1.922724,-1.304868,,,113.926964,110.277153,0.487718,0.460543,,,,,,,,,,,,
384314,,,,,,,,,,,,,,,,,,,,0.117446,0.264684,1.173290,,,,,,
384318,,,,,,,,,2.060061,-0.652434,,,116.550774,112.390739,0.463200,0.440859,,,,,,,,,,,,
384324,,,,,,,,,,,,,,,,,,,,0.124704,0.282616,1.166661,,,,,,
384328,,,,,,,,,1.977659,-1.304869,,,118.213905,113.624565,0.447956,0.429726,,,,,,,,,,,,
384334,0.132767,0.301965,1.151664,0.132657,0.331417,1.143949,1.803975,-0.668383,,,122.152657,118.444832,,,,,0.026857,0.012086,-0.007715,0.132604,0.302029,1.153357,,,,,,
384338,,,,,,,,,1.922724,-2.609737,,,119.068718,114.118164,0.410050,0.413590,,,,,,,,,,,,
384344,,,,,,,,,,,,,,,,,,,,0.140621,0.320294,1.150007,,,,,,
384348,,,,,,,,,1.867789,0.000000,,,119.243416,114.533478,0.408885,0.410220,,,,,,,,,,,,
384354,,,,,,,,,,,,,,,,,,,,0.148914,0.338645,1.130238,,,,,,
384359,,,,,,,,,1.785386,-0.652434,,,118.301323,113.793839,0.419076,0.418546,,,,,,,,,,,,
384364,,,,,,,,,,,,,,,,,,,,0.156836,0.356032,1.120427,,,,,,
384368,,,,,,,,,1.565646,-0.652435,,,115.330467,110.993332,0.450149,0.448041,,,,,,,,,,,,
384374,,,,,,,,,,,,,,,,,,,,0.165133,0.374505,1.110635,,,,,,
384378,,,,,,,,,2.032593,-1.304868,,,117.187141,111.904243,0.432576,0.440241,,,,,,,,,,,,
384384,0.173708,0.392190,1.102661,0.170987,0.412426,1.114138,1.799565,-0.621597,,,117.854332,116.544235,,,,,0.016832,0.011559,0.011477,0.173407,0.392072,1.104130,,,,,,
384388,,,,,,,,,1.950191,-0.652435,,,118.204803,113.759773,0.379346,0.403236,,,,,,,,,,,,
384394,,,,,,,,,,,,,,,,,,,,0.181785,0.409240,1.097596,,,,,,
384398,,,,,,,,,1.895256,0.652433,,,118.516518,114.776466,0.376096,0.393423,,,,,,,,,,,,
384404,,,,,,,,,,,,,,,,,,,,0.190139,0.426633,1.087924,,,,,,
384408,,,,,,,,,1.812854,-1.304869,,,118.234253,114.542831,0.378843,0.396159,,,,,,,,,,,,
384419,,,,,,,,,1.702984,0.000000,,,116.363121,113.257164,0.397852,0.409673,,,,0.198887,0.443813,1.078272,,,,,,
384423,,,,,,,,,,,,,,,,,,,,0.207975,0.460999,1.075114,,,,,,
384428,,,,,,,,,1.565646,-0.652435,,,113.699669,110.541771,0.425318,0.438028,,,,,,,,,,,,
384434,0.216473,0.476137,1.068740,0.211115,0.491344,1.087055,1.783426,-0.569947,,,114.599495,114.339325,,,,,0.010752,0.012014,0.018315,0.217050,0.477482,1.068613,,,,,,
384438,,,,,,,,,1.950191,0.652435,,,114.725899,112.068840,0.382482,0.401162,,,,,,,,,,,,
384444,,,,,,,,,,,,,,,,,,,,0.226462,0.494212,1.068576,,,,,,
384448,,,,,,,,,1.840321,-0.652435,,,115.044823,112.809174,0.379203,0.394065,,,,,,,,,,,,
384453,,,,,,,,,,,,,,,,,,,,0.235526,0.510964,1.065399,,,,,,
384459,,,,,,,,,1.208569,0.000000,,,108.778648,106.897575,0.443029,0.454669,,,,,,,,,,,,
384464,,,,,,,,,,,,,,,,,,,,0.244670,0.527645,1.058957,,,,,,
384468,,,,,,,,,2.087528,1.304869,,,111.129898,110.636246,0.420211,0.418023,,,,,,,,,,,,
384474,,,,,,,,,,,,,,,,,,,,0.254104,0.544110,1.058957,,,,,,
384478,,,,,,,,,1.812854,0.000000,,,112.019150,111.603790,0.411834,0.408895,,,,,,,,,,,,
384483,,,,,,,,,,,,,,,,,,,,0.263303,0.560528,1.055798,,,,,,
384486,0.263040,0.560110,1.056882,0.252483,0.567796,1.063034,1.756323,-0.512259,1.922724,-1.304868,110.837891,109.543831,113.311913,112.417885,0.360796,0.352224,0.001503,0.012972,0.006152,,,,,,,,,
384494,,,,,,,,,,,,,,,,,,,,0.272584,0.576482,1.058998,,,,,,
384498,,,,,,,,,1.785386,0.652434,,,113.310555,112.558319,0.360315,0.350217,,,,,,,,,,,,
384504,,,,,,,,,,,,,,,,,,,,0.281883,0.592621,1.059052,,,,,,
384508,,,,,,,,,1.812854,-1.304869,,,113.309410,112.131935,0.359832,0.353963,,,,,,,,,,,,
384514,,,,,,,,,,,,,,,,,,,,0.290904,0.608332,1.055836,,,,,,
384519,,,,,,,,,1.126167,0.652435,,,106.773933,105.783203,0.426000,0.418203,,,,,,,,,,,,
384523,,,,,,,,,,,,,,,,,,,,0.300206,0.624816,1.055993,,,,,,
384528,,,,,,,,,2.005126,0.652434,,,109.443130,108.609528,0.399586,0.390126,,,,,,,,,,,,
384534,0.309150,0.641304,1.053011,0.294514,0.641495,1.042472,1.719211,-0.447265,,,106.855240,104.052879,,,,,-0.007078,0.012812,-0.010539,0.308964,0.640685,1.049679,,,,,,
384538,,,,,,,,,1.867789,-1.304868,,,110.599907,109.353966,0.347443,0.326712,,,,,,,,,,,,
384545,,,,,,,,,,,,,,,,,,,,0.318380,0.656663,1.046281,,,,,,
384548,,,,,,,,,1.675516,-0.652435,,,110.484131,108.891251,0.347875,0.330372,,,,,,,,,,,,
384553,,,,,,,,,,,,,,,,,,,,0.327936,0.672496,1.043007,,,,,,
384558,,,,,,,,,1.785386,-0.652434,,,110.386719,108.501923,0.348143,0.333375,,,,,,,,,,,,
384564,,,,,,,,,,,,,,,,,,,,0.337428,0.688218,1.039792,,,,,,
384568,,,,,,,,,1.620581,-0.652433,,,109.760208,107.629799,0.353827,0.341381,,,,,,,,,,,,
384580,,,,,,,,,1.071232,-0.652434,,,108.688522,106.351456,0.364177,0.353705,,,,0.347032,0.704192,1.026994,,,,,,
384584,0.354678,0.717448,1.020566,0.336635,0.712252,1.025832,1.673183,-0.373666,,,101.043907,100.302933,,,,,-0.013863,0.012663,0.005266,0.356351,0.720200,1.020584,,,,,,
384588,,,,,,,,,1.812854,-1.304869,,,104.519547,101.464050,0.347059,0.364847,,,,,,,,,,,,
384594,,,,,,,,,,,,,,,,,,,,0.365747,0.736202,1.007927,,,,,,
384598,,,,,,,,,1.675516,-0.652435,,,104.823570,101.708138,0.343263,0.362125,,,,,,,,,,,,
384604,,,,,,,,,,,,,,,,,,,,0.375433,0.751755,0.998609,,,,,,
384608,,,,,,,,,1.730451,0.652434,,,105.079376,102.458054,0.339897,0.354195,,,,,,,,,,,,
384613,,,,,,,,,,,,,,,,,,,,0.385431,0.767453,0.992482,,,,,,
384619,,,,,,,,,1.043764,-1.304868,,,99.304634,96.554512,0.397993,0.413980,,,,,,,,,,,,
384624,,,,,,,,,,,,,,,,,,,,0.394789,0.781855,0.986401,,,,,,
384628,,,,,,,,,1.840321,0.652435,,,101.524834,99.210876,0.375694,0.387635,,,,,,,,,,,,
384634,0.403904,0.796046,0.989151,0.378278,0.779959,1.013640,1.619428,-0.290173,,,92.633667,94.253754,,,,,-0.027521,0.012573,0.024489,0.404083,0.796014,0.983298,,,,,,
384638,,,,,,,,,1.730451,-1.957303,,,102.848366,100.356857,0.276314,0.314463,,,,,,,,,,,,
384644,,,,,,,,,,,,,,,,,,,,0.413493,0.810238,0.976812,,,,,,
384648,,,,,,,,,1.648049,0.000000,,,102.872894,100.776543,0.274021,0.308961,,,,,,,,,,,,
384654,,,,,,,,,,,,,,,,,,,,0.422524,0.824048,0.973416,,,,,,
384658,,,,,,,,,1.593114,0.000000,,,102.348991,100.585121,0.277317,0.309609,,,,,,,,,,,,
384664,,,,,,,,,,,,,,,,,,,,0.431998,0.837821,0.973487,,,,,,
384668,,,,,,,,,1.565646,1.957302,,,101.363640,100.424065,0.285424,0.309986,,,,,,,,,,,,
384674,,,,,,,,,,,,,,,,,,,,0.441493,0.851304,0.976560,,,,,,
384680,,,,,,,,,1.071232,-0.652434,,,101.623650,100.288551,0.281026,0.310134,,,,,,,,,,,,
384684,0.449840,0.862847,0.981006,0.418904,0.844591,1.006480,1.559172,-0.195565,,,,,,,,,,,,0.451294,0.864906,0.983251,,,,,,
384687,,,,,,,,,1.730451,0.652434,87.188019,89.432579,96.941536,96.362724,0.271440,0.299794,-0.032378,0.015556,0.025474,,,,,,,,,
384694,,,,,,,,,,,,,,,,,,,,0.460695,0.878127,0.989780,,,,,,
384698,,,,,,,,,1.428309,0.000000,,,95.724716,95.782249,0.281901,0.304329,,,,,,,,,,,,
384703,,,,,,,,,,,,,,,,,,,,0.469890,0.891407,0.993078,,,,,,
384708,,,,,,,,,1.565646,0.652435,,,95.245430,95.838379,0.285082,0.302487,,,,,,,,,,,,
384714,,,,,,,,,,,,,,,,,,,,0.478760,0.904431,0.996454,,,,,,
384718,,,,,,,,,1.400841,0.652435,,,94.297615,95.341064,0.293139,0.306278,,,,,,,,,,,,
384724,,,,,,,,,,,,,,,,,,,,0.487283,0.916920,1.005540,,,,,,
384728,,,,,,,,,1.455776,0.652433,,,93.500122,94.922623,0.299851,0.309364,,,,,,,,,,,,
384733,,,,,,,,,,,,,,,,,,,,0.495474,0.929105,1.011725,,,,,,
384739,0.493834,0.926933,1.011878,0.458001,0.906190,1.004987,1.493658,-0.088731,0.961362,0.652434,,,87.928223,89.669662,0.355422,0.361847,,,,,,,,,,,,
384742,,,,,,,,,,,83.162521,82.959671,,,,,-0.036588,0.019381,-0.006891,0.503530,0.941443,1.017916,,,,,,
384748,,,,,,,,,1.730451,0.652434,,,90.319092,92.328880,0.289827,0.268652,,,,,,,,,,,,
384753,,,,,,,,,,,,,,,,,,,,0.511383,0.953771,1.024092,,,,,,
384758,,,,,,,,,1.400841,0.652435,,,90.152596,92.388176,0.290094,0.266173,,,,,,,,,,,,
384764,,,,,,,,,,,,,,,,,,,,0.519066,0.966195,1.030478,,,,,,
384768,,,,,,,,,1.428309,0.000000,,,90.012505,91.348976,0.290125,0.274887,,,,,,,,,,,,
384774,,,,,,,,,,,,,,,,,,,,0.526766,0.978462,1.033392,,,,,,
384779,,,,,,,,,0.851492,-0.652435,,,89.894630,91.019142,0.289957,0.276573,,,,,,,,,,,,
384783,,,,,,,,,,,,,,,,,,,,0.534229,0.990556,1.033518,,,,,,
384786,0.532770,0.988223,1.028966,0.495101,0.964846,1.009838,1.424108,0.031269,1.702984,0.000000,78.217018,77.570564,86.528191,87.474358,0.272504,0.256149,-0.039455,0.020218,-0.019128,,,,,,,,,
384794,,,,,,,,,,,,,,,,,,,,0.541989,1.003130,1.033605,,,,,,
384798,,,,,,,,,1.318439,0.000000,,,86.418388,86.669952,0.271962,0.262374,,,,,,,,,,,,
384804,,,,,,,,,,,,,,,,,,,,0.549547,1.015172,1.030533,,,,,,
384808,,,,,,,,,1.318439,-1.304869,,,85.781456,85.993126,0.276819,0.267457,,,,,,,,,,,,
384813,,,,,,,,,,,,,,,,,,,,0.556931,1.027550,1.027584,,,,,,
384818,,,,,,,,,1.263504,0.000000,,,85.245544,84.879097,0.280772,0.277136,,,,,,,,,,,,
384824,,,,,,,,,,,,,,,,,,,,0.564608,1.039807,1.021346,,,,,,
384828,,,,,,,,,1.345907,0.652434,,,84.794624,84.486298,0.283966,0.279681,,,,,,,,,,,,
384834,,,,,,,,,,,,,,,,,,,,0.571796,1.051802,1.015154,,,,,,
384839,0.570388,1.049376,1.010842,0.529779,1.020693,1.021741,1.351714,0.165158,0.824024,-1.304869,70.266586,72.884377,,,,,-0.045872,0.019172,0.010900,,,,,,,,,
384842,,,,,,,,,,,,,84.959763,84.700340,0.199871,0.228315,,,,0.578618,1.062822,1.011825,,,,,,
384848,,,,,,,,,1.428309,-3.914606,,,81.831451,78.345917,0.228841,0.290767,,,,,,,,,,,,
384853,,,,,,,,,,,,,,,,,,,,0.585603,1.074142,1.005361,,,,,,
384858,,,,,,,,,1.263504,1.304869,,,81.377464,78.989281,0.231159,0.283113,,,,,,,,,,,,
384864,,,,,,,,,,,,,,,,,,,,0.592474,1.084891,1.001949,,,,,,
384868,,,,,,,,,1.290972,-0.652435,,,80.995483,78.986061,0.232833,0.281924,,,,,,,,,,,,
384874,,,,,,,,,,,,,,,,,,,,0.599438,1.095530,1.002118,,,,,,
384878,,,,,,,,,1.208569,1.304866,,,80.129539,78.983353,0.239520,0.280732,,,,,,,,,,,,
384883,,,,,,,,,,,,,,,,,,,,0.606428,1.106000,1.005318,,,,,,
384886,0.605980,1.105616,1.011248,0.561661,1.073882,1.041415,1.277625,0.313371,1.208569,1.304866,63.175602,68.093979,78.856392,78.981079,0.178205,0.230673,-0.050419,0.020716,0.030167,,,,,,,,,
384893,,,,,,,,,,,,,,,,,,,,0.613578,1.116453,1.015100,,,,,,
384899,,,,,,,,,0.796557,0.652434,,,73.973358,74.622818,0.224876,0.272950,,,,,,,,,,,,
384904,,,,,,,,,,,,,,,,,,,,0.620304,1.126952,1.024436,,,,,,
384908,,,,,,,,,1.400841,0.652435,,,75.854752,76.945755,0.203526,0.247950,,,,,,,,,,,,
384913,,,,,,,,,,,,,,,,,,,,0.627165,1.137607,1.034171,,,,,,
384918,,,,,,,,,1.181102,1.957302,,,74.715042,76.722099,0.212616,0.248461,,,,,,,,,,,,
384923,,,,,,,,,,,,,,,,,,,,0.633677,1.148043,1.050565,,,,,,
384928,,,,,,,,,1.153634,1.304868,,,73.211548,76.533913,0.225643,0.248655,,,,,,,,,,,,
384934,0.639427,1.157914,1.064197,0.590429,1.124573,1.069574,1.202937,0.475982,,,58.333626,62.259827,,,,,-0.052927,0.026666,0.005377,0.639828,1.158140,1.063082,,,,,,
384942,,,,,,,,,0.988829,1.304868,,,71.401962,75.286491,0.192706,0.200182,,,,0.645512,1.167686,1.078911,,,,,,
384948,,,,,,,,,1.098699,0.000000,,,70.423920,73.692368,0.200068,0.213837,,,,,,,,,,,,
384953,,,,,,,,,,,,,,,,,,,,0.650882,1.177155,1.094884,,,,,,
384958,,,,,,,,,1.043764,1.304868,,,69.600998,73.440155,0.206044,0.214123,,,,,,,,,,,,
384963,,,,,,,,,,,,,,,,,,,,0.656112,1.186717,1.107902,,,,,,
384968,,,,,,,,,1.043764,1.304868,,,68.364052,72.683403,0.216407,0.219606,,,,,,,,,,,,
384974,,,,,,,,,,,,,,,,,,,,0.661288,1.196369,1.120810,,,,,,
384978,,,,,,,,,1.071232,0.652434,,,67.323280,71.502129,0.225017,0.229570,,,,,,,,,,,,
384983,,,,,,,,,,,,,,,,,,,,0.666098,1.206262,1.130632,,,,,,
384986,0.665966,1.206176,1.127791,0.615816,1.172916,1.106898,1.128684,0.652628,1.016297,0.652434,54.503998,57.555992,66.447578,71.052742,0.193089,0.184326,-0.051546,0.031052,-0.020894,,,,,,,,,
384994,,,,,,,,,,,,,,,,,,,,0.670924,1.215855,1.140450,,,,,,
384999,,,,,,,,,0.631752,0.652435,,,62.443501,66.318283,0.231542,0.229919,,,,,,,,,,,,
385004,,,,,,,,,,,,,,,,,,,,0.675512,1.225873,1.147324,,,,,,
385008,,,,,,,,,1.318439,1.304869,,,65.064445,69.413773,0.203220,0.196592,,,,,,,,,,,,
385014,,,,,,,,,,,,,,,,,,,,0.680174,1.235330,1.153991,,,,,,
385018,,,,,,,,,1.016297,-0.652434,,,64.546997,68.206520,0.206386,0.206535,,,,,,,,,,,,
385023,,,,,,,,,,,,,,,,,,,,0.684579,1.244378,1.157603,,,,,,
385028,,,,,,,,,0.933894,0.000000,,,63.567070,66.646194,0.214373,0.220320,,,,,,,,,,,,
385034,0.688266,1.252721,1.160719,0.637610,1.219036,1.154009,1.055828,0.842412,,,49.075844,54.162704,,,,,-0.051088,0.033026,-0.006710,0.688486,1.253115,1.163736,,,,,,
385038,,,,,,,,,0.988829,1.304868,,,63.287102,65.877876,0.160049,0.191727,,,,,,,,,,,,
385043,,,,,,,,,,,,,,,,,,,,0.692379,1.261736,1.163783,,,,,,
385048,,,,,,,,,0.878959,0.000000,,,61.962452,64.686874,0.170718,0.201532,,,,,,,,,,,,
385054,,,,,,,,,,,,,,,,,,,,0.696277,1.270354,1.170288,,,,,,
385059,,,,,,,,,0.631752,0.652435,,,58.125175,60.962048,0.207281,0.237421,,,,,,,,,,,,
385064,,,,,,,,,,,,,,,,,,,,0.700041,1.279126,1.170287,,,,,,
385068,,,,,,,,,1.208569,1.304866,,,60.341923,63.817951,0.182860,0.206931,,,,,,,,,,,,
385073,,,,,,,,,,,,,,,,,,,,0.703947,1.287820,1.177096,,,,,,
385078,,,,,,,,,0.933894,1.304869,,,59.484379,62.953651,0.189354,0.213815,,,,,,,,,,,,
385086,0.704089,1.288512,1.181192,0.655659,1.263032,1.211441,0.985248,1.043842,0.851492,-0.652435,45.513195,53.980824,58.762840,61.681885,0.158293,0.223174,-0.041966,0.035123,0.030249,0.707652,1.296712,1.180538,,,,,,
385093,,,,,,,,,,,,,,,,,,,,0.711131,1.305169,1.190418,,,,,,
385099,,,,,,,,,0.576817,0.652434,,,54.888477,57.889103,0.195162,0.260320,,,,,,,,,,,,
385104,,,,,,,,,,,,,,,,,,,,0.714543,1.313377,1.200385,,,,,,
385108,,,,,,,,,1.236037,1.957302,,,57.074020,61.776920,0.170994,0.219883,,,,,,,,,,,,
385114,,,,,,,,,,,,,,,,,,,,0.717773,1.321794,1.210441,,,,,,
385118,,,,,,,,,0.851492,1.957303,,,56.190220,61.236328,0.177697,0.223838,,,,,,,,,,,,
385124,,,,,,,,,,,,,,,,,,,,0.721130,1.329991,1.224179,,,,,,
385128,,,,,,,,,0.878959,2.609737,,,54.902046,61.326015,0.188701,0.221472,,,,,,,,,,,,
385134,0.723837,1.337627,1.243924,0.669859,1.304957,1.279606,0.917716,1.254817,,,38.820248,48.668507,,,,,-0.048272,0.040630,0.035682,0.724341,1.338318,1.237727,,,,,,
385138,,,,,,,,,0.851492,0.652435,,,53.818180,60.312393,0.129610,0.176156,,,,,,,,,,,,
385143,,,,,,,,,,,,,,,,,,,,0.727329,1.346316,1.254744,,,,,,
385148,,,,,,,,,0.769089,2.609737,,,52.361671,59.459530,0.141467,0.182526,,,,,,,,,,,,
385153,,,,,,,,,,,,,,,,,,,,0.730112,1.354447,1.275169,,,,,,
385159,,,,,,,,,0.521882,0.652434,,,48.957993,55.474670,0.173476,0.221014,,,,,,,,,,,,
385163,,,,,,,,,,,,,,,,,,,,0.732652,1.362536,1.299306,,,,,,
385168,,,,,,,,,1.126167,1.957302,,,50.995026,58.656330,0.150671,0.187200,,,,,,,,,,,,
385174,,,,,,,,,,,,,,,,,,,,0.735175,1.370529,1.317077,,,,,,
385178,,,,,,,,,0.769089,2.609737,,,49.986271,58.066120,0.158525,0.191222,,,,,,,,,,,,
385184,0.737063,1.377995,1.340877,0.680166,1.344821,1.358777,0.853882,1.472697,,,35.624924,45.629993,,,,,,,,0.737354,1.378293,1.337811,,,,,,
385187,,,,,,,,,0.824024,2.609737,,,49.137505,57.569515,0.132357,0.163415,-0.045268,0.047839,0.017900,,,,,,,,,
385194,,,,,,,,,,,,,,,,,,,,0.739517,1.385899,1.359356,,,,,,
385199,,,,,,,,,0.494415,1.304868,,,45.700634,54.428959,0.164711,0.193061,,,,,,,,,,,,
385203,,,,,,,,,,,,,,,,,,,,0.741416,1.393264,1.380849,,,,,,
385208,,,,,,,,,0.961362,1.957303,,,47.165199,56.142841,0.147757,0.173820,,,,,,,,,,,,
385214,,,,,,,,,,,,,,,,,,,,0.742958,1.400995,1.398533,,,,,,
385218,,,,,,,,,0.741622,3.262171,,,45.674767,55.406727,0.160651,0.179225,,,,,,,,,,,,
385224,,,,,,,,,,,,,,,,,,,,0.744347,1.408455,1.420484,,,,,,
385228,,,,,,,,,0.714154,1.304868,,,44.965260,54.787361,0.165878,0.183588,,,,,,,,,,,,
385233,,,,,,,,,,,,,,,,,,,,0.745789,1.416021,1.439175,,,,,,
385236,0.745637,1.415770,1.436398,0.686584,1.382583,1.449079,0.794251,1.694541,0.741622,1.957302,32.706764,43.616398,44.368282,53.721684,0.140334,0.172087,-0.040800,0.054074,0.012681,,,,,,,,,
385244,,,,,,,,,,,,,,,,,,,,0.746970,1.423296,1.457686,,,,,,
385248,,,,,,,,,0.686687,0.652435,,,43.321442,52.825024,0.148680,0.179212,,,,,,,,,,,,
385254,,,,,,,,,,,,,,,,,,,,0.747892,1.430541,1.476239,,,,,,
385259,,,,,,,,,0.466947,1.957303,,,40.806999,49.892399,0.172204,0.207283,,,,,,,,,,,,
385264,,,,,,,,,,,,,,,,,,,,0.748798,1.437387,1.491197,,,,,,
385268,,,,,,,,,0.906427,1.957303,,,42.503151,51.781235,0.153283,0.186762,,,,,,,,,,,,
385274,,,,,,,,,,,,,,,,,,,,0.749501,1.444516,1.513960,,,,,,
385278,,,,,,,,,0.714154,2.609737,,,41.752121,51.736870,0.158985,0.185581,,,,,,,,,,,,
385283,,,,,,,,,,,,,,,,,,,,0.750131,1.451412,1.533140,,,,,,
385286,0.749969,1.451410,1.535967,0.689167,1.418153,1.550506,0.739174,1.917494,0.686687,1.957303,30.169907,42.330536,41.120205,51.154999,0.137745,0.176777,-0.035354,0.059607,0.014539,,,,,,,,,
385294,,,,,,,,,,,,,,,,,,,,0.750517,1.458087,1.552369,,,,,,
385298,,,,,,,,,0.659220,2.609737,,,40.043968,50.120872,0.146533,0.185560,,,,,,,,,,,,
385304,,,,,,,,,,,,,,,,,,,,0.750825,1.464909,1.572506,,,,,,
385308,,,,,,,,,0.659220,1.304869,,,39.682964,49.795300,0.148240,0.187323,,,,,,,,,,,,
385313,,,,,,,,,,,,,,,,,,,,0.750968,1.471701,1.592347,,,,,,
385319,,,,,,,,,0.439480,1.304869,,,37.201042,46.798649,0.171653,0.216395,,,,,,,,,,,,
385324,,,,,,,,,,,,,,,,,,,,0.750933,1.478408,1.611811,,,,,,
385328,,,,,,,,,0.933894,2.609737,,,38.924557,49.722698,0.152667,0.185677,,,,,,,,,,,,
385334,0.750643,1.486072,1.633610,0.688024,1.451400,1.662960,0.688850,2.139242,,,27.437366,41.378353,,,,,-0.030673,0.064672,0.029350,0.750823,1.484971,1.630607,,,,,,
385338,,,,,,,,,0.659220,2.609737,,,38.741093,49.460278,0.124916,0.177163,,,,,,,,,,,,
385343,,,,,,,,,,,,,,,,,,,,0.750380,1.491382,1.649544,,,,,,
385348,,,,,,,,,0.714154,2.609737,,,38.042183,49.239475,0.129784,0.177798,,,,,,,,,,,,
385354,,,,,,,,,,,,,,,,,,,,0.750046,1.497765,1.672230,,,,,,
385359,,,,,,,,,0.384545,1.304868,,,38.543205,50.142780,0.122552,0.167012,,,,,,,,,,,,
385364,,,,,,,,,,,,,,,,,,,,0.749552,1.504137,1.691079,,,,,,
385368,,,,,,,,,0.824024,2.609737,,,36.786594,47.635559,0.138249,0.190833,,,,,,,,,,,,
385373,,,,,,,,,,,,,,,,,,,,0.748880,1.510398,1.716951,,,,,,
385378,,,,,,,,,0.631752,1.957303,,,36.397667,47.159615,0.140346,0.194436,,,,,,,,,,,,
385384,0.747893,1.516460,1.738174,0.683305,1.482151,1.786306,0.643348,2.358465,,,25.786558,41.562500,,,,,-0.023069,0.069401,0.048132,0.747966,1.516368,1.738790,,,,,,
385388,,,,,,,,,0.659220,3.914604,,,35.525883,47.303699,0.130608,0.193689,,,,,,,,,,,,
385394,,,,,,,,,,,,,,,,,,,,0.747038,1.522337,1.764139,,,,,,
385398,,,,,,,,,0.604285,2.609737,,,34.792362,47.424931,0.136142,0.191304,,,,,,,,,,,,
385404,,,,,,,,,,,,,,,,,,,,0.745927,1.528352,1.792748,,,,,,
385408,,,,,,,,,0.659220,2.609737,,,34.719723,47.526936,0.135081,0.189091,,,,,,,,,,,,
385413,,,,,,,,,,,,,,,,,,,,0.744811,1.534207,1.817515,,,,,,
385419,,,,,,,,,0.384545,2.609737,,,31.935886,44.890045,0.161690,0.214794,,,,,,,,,,,,
385423,,,,,,,,,,,,,,,,,,,,0.743535,1.539890,1.845770,,,,,,
385428,,,,,,,,,0.878959,2.609737,,,33.949913,47.572258,0.139917,0.186770,,,,,,,,,,,,
385434,0.741829,1.546607,1.873173,0.675210,1.510198,1.920413,0.602646,2.574929,,,25.045527,41.809711,,,,,-0.014918,0.074439,0.047240,0.742203,1.545451,1.873590,,,,,,
385438,,,,,,,,,0.659220,3.914604,,,34.010883,47.650898,0.130104,0.187288,,,,,,,,,,,,
385444,,,,,,,,,,,,,,,,,,,,0.740776,1.550879,1.904438,,,,,,
385448,,,,,,,,,0.576817,1.957303,,,33.517643,47.172520,0.133342,0.190999,,,,,,,,,,,,
385453,,,,,,,,,,,,,,,,,,,,0.739348,1.556182,1.934969,,,,,,
385458,,,,,,,,,0.631752,3.262170,,,33.102631,47.314556,0.135881,0.188478,,,,,,,,,,,,
385464,,,,,,,,,,,,,,,,,,,,0.737629,1.561540,1.968512,,,,,,
385467,,,,,,,,,0.576817,3.262172,,,32.208893,46.889523,0.143385,0.191712,,,,0.737629,1.561540,1.968512,,,,,,
385471,,,,,,,,,,,,,,,,,,,,0.737629,1.561540,1.968512,,,,,,
385480,,,,,,,,,0.384545,2.609737,,,32.545990,48.710072,0.138514,0.172127,,,,0.735481,1.567463,1.998199,,,,,,
385483,,,,,,,,,,,,,,,,,,,,0.733300,1.572950,2.030940,,,,,,
385486,0.733433,1.572244,2.028648,0.663982,1.535313,2.065163,0.566699,2.789005,0.769089,3.914606,26.016994,43.407410,30.651451,45.885536,0.166247,0.215853,-0.002428,0.078622,0.036514,,,,,,,,,
385494,,,,,,,,,,,,,,,,,,,,0.730747,1.578522,2.060025,,,,,,
385498,,,,,,,,,0.604285,3.914605,,,30.146473,46.231689,0.170471,0.211827,,,,,,,,,,,,
385504,,,,,,,,,,,,,,,,,,,,0.728132,1.583860,2.092152,,,,,,
385508,,,,,,,,,0.631752,3.262170,,,30.266127,45.978401,0.168425,0.213846,,,,,,,,,,,,
385514,,,,,,,,,,,,,,,,,,,,0.725186,1.589128,2.124053,,,,,,
385519,,,,,,,,,0.384545,1.304868,,,28.733173,43.587109,0.183211,0.237723,,,,,,,,,,,,
385524,,,,,,,,,,,,,,,,,,,,0.722379,1.594100,2.155645,,,,,,
385528,,,,,,,,,0.824024,3.914605,,,30.710608,46.475964,0.162498,0.208220,,,,,,,,,,,,
385534,0.718788,1.599848,2.190060,0.649903,1.557255,2.220372,0.535506,3.000461,,,25.853615,44.034931,,,,,0.005300,0.080816,0.030312,0.719428,1.599165,2.186923,,,,,,
385538,,,,,,,,,0.631752,3.262170,,,30.740789,46.728474,0.159585,0.211432,,,,,,,,,,,,
385544,,,,,,,,,,,,,,,,,,,,0.716166,1.604229,2.217985,,,,,,
385548,,,,,,,,,0.604285,2.609737,,,30.766186,46.396393,0.158349,0.214280,,,,,,,,,,,,
385554,,,,,,,,,,,,,,,,,,,,0.712619,1.609396,2.248747,,,,,,
385558,,,,,,,,,0.631752,4.567039,,,30.243010,46.661522,0.162703,0.211104,,,,,,,,,,,,
385564,,,,,,,,,,,,,,,,,,,,0.709059,1.614424,2.279339,,,,,,
385568,,,,,,,,,0.604285,2.609737,,,30.347353,46.884602,0.160760,0.208303,,,,,,,,,,,,
385574,,,,,,,,,,,,,,,,,,,,0.705361,1.619472,2.312721,,,,,,
385579,,,,,,,,,0.384545,2.609737,,,28.256975,44.349586,0.181183,0.233590,,,,,,,,,,,,
385584,0.701959,1.623490,2.343728,0.633298,1.575781,2.385602,0.509177,3.206496,,,25.900572,45.446609,,,,,0.013788,0.082464,0.041874,0.701533,1.624293,2.345854,,,,,,
385588,,,,,,,,,0.878959,5.219473,,,30.309935,47.662056,0.160242,0.214139,,,,,,,,,,,,
385594,,,,,,,,,,,,,,,,,,,,0.697332,1.628965,2.381749,,,,,,
385598,,,,,,,,,0.604285,2.609737,,,30.403664,47.726452,0.158404,0.213039,,,,,,,,,,,,
385604,,,,,,,,,,,,,,,,,,,,0.692905,1.633477,2.414369,,,,,,
385608,,,,,,,,,0.631752,3.262170,,,30.482527,47.780636,0.156699,0.212031,,,,,,,,,,,,
385614,,,,,,,,,,,,,,,,,,,,0.688376,1.637864,2.446841,,,,,,
385619,,,,,,,,,0.384545,2.609737,,,28.370710,45.103508,0.177323,0.238870,,,,,,,,,,,,
385624,,,,,,,,,,,,,,,,,,,,0.683741,1.642030,2.482047,,,,,,
385628,,,,,,,,,0.906427,4.567039,,,30.950174,48.840950,0.150518,0.200817,,,,,,,,,,,,
385634,0.677995,1.646511,2.521683,0.614523,1.590656,2.559895,0.487975,3.399604,,,25.711388,46.047657,,,,,0.019212,0.082337,0.038211,0.679007,1.645984,2.517076,,,,,,
385638,,,,,,,,,0.631752,3.262170,,,30.397818,48.718372,0.153213,0.207519,,,,,,,,,,,,
385644,,,,,,,,,,,,,,,,,,,,0.674082,1.649888,2.551933,,,,,,
385648,,,,,,,,,0.604285,3.914605,,,30.477608,48.615238,0.151462,0.208037,,,,,,,,,,,,
385654,,,,,,,,,,,,,,,,,,,,0.668773,1.653768,2.589335,,,,,,
385658,,,,,,,,,0.631752,3.262170,,,30.544744,48.528461,0.149823,0.208409,,,,,,,,,,,,
385664,,,,,,,,,,,,,,,,,,,,0.663541,1.657411,2.623739,,,,,,
385668,,,,,,,,,0.659220,3.914604,,,30.601233,48.455444,0.148281,0.208657,,,,,,,,,,,,
385679,,,,,,,,,0.357077,1.957303,,,28.470589,45.671295,0.169035,0.236574,,,,0.658259,1.660850,2.658009,,,,,,
385683,,,,,,,,,,,,,,,,,,,,0.652959,1.664121,2.697888,,,,,,
385686,0.653794,1.663445,2.691312,0.593968,1.601664,2.741484,0.472318,3.566296,0.906427,5.871908,26.328730,47.810043,30.489668,49.318687,0.154186,0.217422,0.026975,0.081660,0.050172,,,,,,,,,
385694,,,,,,,,,,,,,,,,,,,,0.647536,1.667048,2.734725,,,,,,
385698,,,,,,,,,0.631752,3.262170,,,30.010347,49.664886,0.158243,0.213589,,,,,,,,,,,,
385704,,,,,,,,,,,,,,,,,,,,0.642043,1.669888,2.771458,,,,,,
385708,,,,,,,,,0.631752,4.567039,,,30.151590,49.411633,0.156066,0.215801,,,,,,,,,,,,
385714,,,,,,,,,,,,,,,,,,,,0.636172,1.672584,2.807990,,,,,,
385718,,,,,,,,,0.604285,3.914605,,,29.725889,49.743088,0.159643,0.212100,,,,,,,,,,,,
385724,,,,,,,,,,,,,,,,,,,,0.630062,1.674949,2.847159,,,,,,
385728,,,,,,,,,0.659220,3.914604,,,29.912249,49.477432,0.157063,0.214423,,,,,,,,,,,,
385733,,,,,,,,,,,,,,,,,,,,0.623949,1.677122,2.886233,,,,,,
385739,0.625070,1.676549,2.878087,0.572049,1.608623,2.927643,0.462714,3.688153,0.357077,1.957303,27.297302,49.313595,27.890879,46.531193,0.176964,0.244142,0.033498,0.079392,0.049556,,,,,,,,,
385744,,,,,,,,,,,,,,,,,,,,0.617905,1.678995,2.922462,,,,,,
385748,,,,,,,,,0.933894,5.219474,,,30.546444,50.586746,0.159444,0.218367,,,,,,,,,,,,
385754,,,,,,,,,,,,,,,,,,,,0.611922,1.680530,2.961528,,,,,,
385758,,,,,,,,,0.659220,3.914604,,,30.602663,50.187286,0.158221,0.222187,,,,,,,,,,,,
385764,,,,,,,,,,,,,,,,,,,,0.605940,1.681904,3.000439,,,,,,
385768,,,,,,,,,0.631752,4.567039,,,30.105423,50.395725,0.162632,0.219886,,,,,,,,,,,,
385774,,,,,,,,,,,,,,,,,,,,0.599574,1.683165,3.039253,,,,,,
385779,,,,,,,,,0.412012,1.957303,,,28.597958,47.848389,0.177446,0.245652,,,,,,,,,,,,
385784,0.594048,1.683900,3.069377,0.549198,1.611382,3.114826,0.459658,3.746228,,,28.743635,50.873699,,,,,0.039501,0.075565,0.045449,0.593054,1.684186,3.077937,,,,,,
385788,,,,,,,,,0.906427,5.871908,,,30.596836,51.150494,0.171550,0.228177,,,,,,,,,,,,
385794,,,,,,,,,,,,,,,,,,,,0.586657,1.685051,3.119454,,,,,,
385798,,,,,,,,,0.631752,3.262170,,,30.645063,51.206165,0.170688,0.227554,,,,,,,,,,,,
385804,,,,,,,,,,,,,,,,,,,,0.580137,1.685542,-3.124989,,,,,,
385808,,,,,,,,,0.631752,4.567039,,,30.141098,51.253010,0.175448,0.227010,,,,,,,,,,,,
385813,,,,,,,,,,,,,,,,,,,,0.573493,1.685913,-3.083515,,,,,,
385818,,,,,,,,,0.659220,3.914604,,,30.261604,51.292423,0.173939,0.226532,,,,,,,,,,,,
385824,,,,,,,,,,,,,,,,,,,,0.566597,1.686005,-3.042077,,,,,,
385828,,,,,,,,,0.659220,3.914604,,,30.362999,51.325584,0.172601,0.226110,,,,,,,,,,,,
385834,,,,,,,,,,,,,,,,,,,,0.559770,1.685848,-3.003246,,,,,,
385840,0.559881,1.685610,-3.004497,0.525867,1.609836,-2.984052,0.463490,3.727845,0.439480,2.609737,30.728085,51.974735,28.814682,48.630772,0.208312,0.264737,0.044051,0.070415,0.020445,,,,,,,,,
385844,,,,,,,,,,,,,,,,,,,,0.552954,1.685377,-2.961684,,,,,,
385848,,,,,,,,,0.796557,3.262171,,,30.779188,49.630615,0.188656,0.255207,,,,,,,,,,,,
385854,,,,,,,,,,,,,,,,,,,,0.546240,1.684531,-2.922740,,,,,,
385858,,,,,,,,,0.714154,3.914605,,,31.343037,50.471886,0.182895,0.247095,,,,,,,,,,,,
385863,,,,,,,,,,,,,,,,,,,,0.539477,1.683264,-2.880977,,,,,,
385868,,,,,,,,,0.686687,4.567039,,,31.272915,51.179729,0.183487,0.240176,,,,,,,,,,,,
385873,,,,,,,,,,,,,,,,,,,,0.532805,1.681977,-2.841785,,,,,,
385878,,,,,,,,,0.686687,3.262170,,,31.758459,51.775311,0.178426,0.234260,,,,,,,,,,,,
385884,0.526106,1.680247,-2.800598,0.502509,1.603930,-2.806232,0.474284,3.632220,,,33.122482,53.027184,,,,,0.047760,0.064031,-0.005634,0.526080,1.680448,-2.796855,,,,,,
385888,,,,,,,,,0.686687,4.567039,,,31.622452,52.276432,0.204030,0.239923,,,,,,,,,,,,
385894,,,,,,,,,,,,,,,,,,,,0.519372,1.678626,-2.757449,,,,,,
385899,,,,,,,,,0.439480,2.609737,,,29.874386,49.430817,0.222160,0.269099,,,,,,,,,,,,
385904,,,,,,,,,,,,,,,,,,,,0.512761,1.676388,-2.715060,,,,,,
385908,,,,,,,,,1.016297,5.871907,,,32.759911,53.571033,0.193377,0.227588,,,,,,,,,,,,
385913,,,,,,,,,,,,,,,,,,,,0.506264,1.673922,-2.678133,,,,,,
385918,,,,,,,,,0.714154,3.914605,,,33.009617,53.787354,0.190903,0.225272,,,,,,,,,,,,
385924,,,,,,,,,,,,,,,,,,,,0.500164,1.671022,-2.638230,,,,,,
385928,,,,,,,,,0.686687,3.262170,,,33.219719,53.969364,0.188782,0.223264,,,,,,,,,,,,
385934,0.493870,1.667755,-2.604073,0.479576,1.593657,-2.637695,0.491799,3.471181,,,35.794609,53.892414,,,,,0.050217,0.056330,-0.033622,0.493782,1.667908,-2.601007,,,,,,
385942,,,,,,,,,0.659220,2.609737,,,33.396500,53.033421,0.214215,0.241447,,,,0.487602,1.664532,-2.563506,,,,,,
385948,,,,,,,,,0.824024,3.914605,,,34.634331,54.424091,0.202069,0.227434,,,,,,,,,,,,
385954,,,,,,,,,,,,,,,,,,,,0.481676,1.661045,-2.528746,,,,,,
385958,,,,,,,,,0.714154,3.914605,,,34.586754,54.505116,0.202787,0.226502,,,,,,,,,,,,
385963,,,,,,,,,,,,,,,,,,,,0.475564,1.657238,-2.496765,,,,,,
385968,,,,,,,,,0.741622,1.957302,,,35.091267,54.028744,0.197882,0.231238,,,,,,,,,,,,
385974,,,,,,,,,,,,,,,,,,,,0.469422,1.653012,-2.464550,,,,,,
385978,,,,,,,,,0.741622,4.567040,,,35.515762,54.172470,0.193693,0.229745,,,,,,,,,,,,
385983,,,,,,,,,,,,,,,,,,,,0.463617,1.648730,-2.432190,,,,,,
385986,0.463674,1.648450,-2.427458,0.457509,1.579062,-2.480195,0.515511,3.264480,0.741622,1.957302,38.141254,54.392303,35.872932,53.748856,0.214041,0.239109,0.050105,0.048396,-0.052737,,,,,,,,,
385994,,,,,,,,,,,,,,,,,,,,0.458047,1.644262,-2.399627,,,,,,
385999,,,,,,,,,0.604285,-1.304869,,,37.262543,51.214256,0.200321,0.265090,,,,,,,,,,,,
386004,,,,,,,,,,,,,,,,,,,,0.452398,1.639429,-2.369864,,,,,,
386008,,,,,,,,,0.851492,7.176777,,,36.798130,54.527077,0.205234,0.231935,,,,,,,,,,,,
386014,,,,,,,,,,,,,,,,,,,,0.446924,1.634553,-2.342905,,,,,,
386018,,,,,,,,,0.769089,2.609737,,,36.951916,54.591766,0.203934,0.231248,,,,,,,,,,,,
386024,,,,,,,,,,,,,,,,,,,,0.441640,1.629529,-2.312699,,,,,,
386028,,,,,,,,,0.741622,3.262171,,,37.625854,54.646194,0.197297,0.230653,,,,,,,,,,,,
386033,,,,,,,,,,,,,,,,,,,,0.436474,1.624335,-2.282359,,,,,,
386036,0.436576,1.624139,-2.280854,0.436727,1.560239,-2.334527,0.544706,3.032976,0.796557,3.262171,40.178951,55.013012,37.648365,54.691994,0.217955,0.236466,0.048359,0.041770,-0.053673,,,,,,,,,
386043,,,,,,,,,,,,,,,,,,,,0.431304,1.619109,-2.251847,,,,,,
386048,,,,,,,,,0.714154,2.609737,,,38.211849,54.730526,0.212714,0.236138,,,,,,,,,,,,
386054,,,,,,,,,,,,,,,,,,,,0.426150,1.613579,-2.224154,,,,,,
386059,,,,,,,,,0.466947,1.957303,,,39.775051,56.396580,0.197163,0.219200,,,,,,,,,,,,
386063,,,,,,,,,,,,,,,,,,,,0.420897,1.607714,-2.196273,,,,,,
386068,,,,,,,,,1.071232,3.262170,,,38.367611,54.531136,0.211599,0.237951,,,,,,,,,,,,
386073,,,,,,,,,,,,,,,,,,,,0.415921,1.601705,-2.171328,,,,,,
386078,,,,,,,,,0.741622,3.262171,,,38.817020,54.595181,0.207378,0.237394,,,,,,,,,,,,
386084,0.411339,1.595147,-2.143780,0.417616,1.537327,-2.200798,0.578579,2.793474,,,42.166294,55.453785,,,,,0.045183,0.036621,-0.057019,0.411031,1.595234,-2.146155,,,,,,
386088,,,,,,,,,0.741622,1.957302,,,39.195156,54.104527,0.224064,0.246978,,,,,,,,,,,,
386094,,,,,,,,,,,,,,,,,,,,0.406442,1.588551,-2.120854,,,,,,
386099,,,,,,,,,0.521882,1.957302,,,40.602406,55.869862,0.210304,0.229242,,,,,,,,,,,,
386103,,,,,,,,,,,,,,,,,,,,0.402059,1.582073,-2.098535,,,,,,
386108,,,,,,,,,1.071232,3.262170,,,40.152832,54.632500,0.215203,0.241780,,,,,,,,,,,,
386114,,,,,,,,,,,,,,,,,,,,0.398005,1.575668,-2.069692,,,,,,
386118,,,,,,,,,0.824024,2.609737,,,40.863651,54.680470,0.208355,0.241455,,,,,,,,,,,,
386124,,,,,,,,,,,,,,,,,,,,0.393809,1.568863,-2.047128,,,,,,
386128,,,,,,,,,0.769089,1.304867,,,40.917191,54.720833,0.208069,0.241198,,,,,,,,,,,,
386133,,,,,,,,,,,,,,,,,,,,0.389744,1.561753,-2.020964,,,,,,
386136,0.389909,1.561781,-2.025799,0.400524,1.510504,-2.078718,0.616316,2.556743,0.824024,3.914605,44.097961,56.118244,41.506783,55.299335,0.222008,0.242221,0.041395,0.032070,-0.052919,,,,,,,,,
386144,,,,,,,,,,,,,,,,,,,,0.385999,1.554660,-1.994756,,,,,,
386148,,,,,,,,,0.769089,1.304867,,,42.002865,55.241547,0.217467,0.242974,,,,,,,,,,,,
386153,,,,,,,,,,,,,,,,,,,,0.382501,1.547428,-1.971620,,,,,,
386159,,,,,,,,,0.521882,1.957302,,,42.964809,56.826550,0.208074,0.226983,,,,,,,,,,,,
386164,,,,,,,,,,,,,,,,,,,,0.379031,1.540009,-1.948252,,,,,,
386168,,,,,,,,,1.098699,3.914604,,,42.140560,55.437454,0.216708,0.241010,,,,,,,,,,,,
386173,,,,,,,,,,,,,,,,,,,,0.375668,1.532765,-1.924717,,,,,,
386178,,,,,,,,,0.824024,1.304869,,,43.080666,55.902302,0.207510,0.236404,,,,,,,,,,,,
386184,0.372504,1.525199,-1.905947,0.385744,1.479985,-1.967845,0.657142,2.327987,,,,,,,,,,,,0.372441,1.525297,-1.900941,,,,,,
386187,,,,,,,,,0.796557,1.957302,46.650791,56.902782,43.327129,55.748882,0.231239,0.246015,0.038343,0.027375,-0.061898,,,,,,,,,
386194,,,,,,,,,,,,,,,,,,,,0.369346,1.517565,-1.880330,,,,,,
386199,,,,,,,,,0.549350,2.609737,,,44.623589,57.797966,0.218679,0.225345,,,,,,,,,,,,
386204,,,,,,,,,,,,,,,,,,,,0.366565,1.509859,-1.856262,,,,,,
386208,,,,,,,,,1.098699,2.609736,,,43.536255,56.254807,0.230176,0.240906,,,,,,,,,,,,
386214,,,,,,,,,,,,,,,,,,,,0.363995,1.502198,-1.835564,,,,,,
386218,,,,,,,,,0.824024,1.304869,,,44.255005,56.045479,0.223467,0.243171,,,,,,,,,,,,
386223,,,,,,,,,,,,,,,,,,,,0.361558,1.494573,-1.814697,,,,,,
386227,,,,,,,,,0.878959,2.609737,,,44.315216,56.413895,0.223332,0.239584,,,,0.361558,1.494573,-1.814697,,,,,,
386233,,,,,,,,,,,,,,,,,,,,0.359403,1.486528,-1.793499,,,,,,
386236,0.359513,1.486220,-1.791992,0.373509,1.446003,-1.867738,0.700329,2.108443,0.824024,2.609737,49.693851,57.939854,44.910423,56.723877,0.248768,0.247098,0.036166,0.022478,-0.075746,,,,,,,,,
386243,,,,,,,,,,,,,,,,,,,,0.357271,1.478560,-1.775713,,,,,,
386248,,,,,,,,,0.824024,1.304869,,,45.411228,56.984699,0.244616,0.244681,,,,,,,,,,,,
386254,,,,,,,,,,,,,,,,,,,,0.355331,1.470147,-1.757777,,,,,,
386259,,,,,,,,,0.549350,1.304868,,,47.466236,58.837784,0.224512,0.225971,,,,,,,,,,,,
386264,,,,,,,,,,,,,,,,,,,,0.353611,1.462031,-1.739773,,,,,,
386268,,,,,,,,,1.181102,1.957302,,,46.472603,56.585167,0.235092,0.248768,,,,,,,,,,,,
386274,,,,,,,,,,,,,,,,,,,,0.351959,1.453923,-1.721688,,,,,,
386278,,,,,,,,,0.851492,0.652435,,,46.725647,56.867989,0.233155,0.246154,,,,,,,,,,,,
386284,0.350381,1.445163,-1.708029,0.363982,1.408815,-1.778041,0.745181,1.897032,,,52.500614,59.625797,,,,,0.034146,0.018445,-0.070012,0.350322,1.445224,-1.703323,,,,,,
386288,,,,,,,,,0.824024,1.304869,,,46.938557,56.561409,0.260206,0.266692,,,,,,,,,,,,
386294,,,,,,,,,,,,,,,,,,,,0.348746,1.436493,-1.688328,,,,,,
386300,,,,,,,,,0.576817,1.957303,,,49.295872,59.026169,0.237274,0.242165,,,,,,,,,,,,
386304,,,,,,,,,,,,,,,,,,,,0.347381,1.427443,-1.673300,,,,,,
386308,,,,,,,,,1.153634,2.609736,,,47.467514,57.288216,0.256564,0.260012,,,,,,,,,,,,
386313,,,,,,,,,,,,,,,,,,,,0.346322,1.418677,-1.658425,,,,,,
386318,,,,,,,,,0.878959,1.304869,,,48.107307,57.459534,0.251045,0.258732,,,,,,,,,,,,
386324,,,,,,,,,,,,,,,,,,,,0.345286,1.410201,-1.643346,,,,,,
386328,,,,,,,,,0.906427,0.652435,,,49.190174,57.603680,0.240878,0.257695,,,,,,,,,,,,
386334,0.344390,1.401796,-1.632335,0.357247,1.368682,-1.698514,0.791012,1.691632,,,55.418140,61.388348,,,,,0.032260,0.014869,-0.066179,0.344327,1.401946,-1.628387,,,,,,
386338,,,,,,,,,0.961362,1.957303,,,49.556755,58.269505,0.267560,0.269286,,,,,,,,,,,,
386344,,,,,,,,,,,,,,,,,,,,0.343538,1.393070,-1.613165,,,,,,
386348,,,,,,,,,0.824024,1.304869,,,49.865196,58.285187,0.265586,0.269749,,,,,,,,,,,,
386354,,,,,,,,,,,,,,,,,,,,0.342928,1.383834,-1.601567,,,,,,
386359,,,,,,,,,0.604285,1.304869,,,51.758347,60.476555,0.247387,0.248018,,,,,,,,,,,,
386364,,,,,,,,,,,,,,,,,,,,0.342414,1.374876,-1.589899,,,,,,
386368,,,,,,,,,1.236037,1.957302,,,50.628529,59.053112,0.259643,0.262720,,,,,,,,,,,,
386373,,,,,,,,,,,,,,,,,,,,0.341982,1.365379,-1.578152,,,,,,
386377,,,,,,,,,0.906427,0.652435,,,51.311527,58.944515,0.253634,0.264294,,,,0.341982,1.365379,-1.578152,,,,,,
386383,,,,,,,,,,,,,,,,,,,,0.341791,1.356293,-1.563361,,,,,,
386386,0.341847,1.356312,-1.566414,0.353305,1.325872,-1.629027,0.837115,1.489899,0.961362,0.652434,58.376389,63.208496,52.430748,59.397686,0.273214,0.278726,0.030490,0.011324,-0.062613,,,,,,,,,
386394,,,,,,,,,,,,,,,,,,,,0.341500,1.347304,-1.551450,,,,,,
386398,,,,,,,,,0.961362,1.957303,,,52.827915,60.323524,0.270352,0.270045,,,,,,,,,,,,
386403,,,,,,,,,,,,,,,,,,,,0.341445,1.338078,-1.536047,,,,,,
386408,,,,,,,,,0.961362,0.652434,,,53.706635,60.557983,0.262498,0.268230,,,,,,,,,,,,
386419,,,,,,,,,0.576817,0.652434,,,50.634186,56.943455,0.294771,0.305629,,,,0.341444,1.328607,-1.528361,,,,,,
386424,,,,,,,,,,,,,,,,,,,,0.341647,1.319098,-1.516891,,,,,,
386428,,,,,,,,,1.263504,-1.304869,,,55.128090,59.347622,0.250482,0.282359,,,,,,,,,,,,
386434,0.341939,1.308525,-1.519439,0.352065,1.280643,-1.569551,0.882742,1.289678,,,60.961552,65.198120,,,,,0.028365,0.008681,-0.050112,0.342056,1.309934,-1.509163,,,,,,
386438,,,,,,,,,0.961362,0.652434,,,55.642002,60.281403,0.272258,0.293901,,,,,,,,,,,,
386444,,,,,,,,,,,,,,,,,,,,0.342303,1.300307,-1.493981,,,,,,
386448,,,,,,,,,1.016297,1.957302,,,56.074409,61.067085,0.268912,0.286870,,,,,,,,,,,,
386453,,,,,,,,,,,,,,,,,,,,0.342721,1.290714,-1.482691,,,,,,
386459,,,,,,,,,0.604285,1.304869,,,53.170975,58.460899,0.299504,0.314280,,,,,,,,,,,,
386464,,,,,,,,,,,,,,,,,,,,0.343388,1.280671,-1.475241,,,,,,
386468,,,,,,,,,1.290972,-0.652435,,,57.262543,61.713486,0.259328,0.282451,,,,,,,,,,,,
386474,,,,,,,,,,,,,,,,,,,,0.344140,1.270767,-1.464052,,,,,,
386478,,,,,,,,,0.988829,2.609737,,,57.437931,62.816582,0.258279,0.271896,,,,,,,,,,,,
386484,0.345109,1.260605,-1.444132,0.353344,1.233244,-1.520141,0.927093,1.089154,,,64.990433,66.414314,,,,,0.028183,0.004713,-0.076009,0.344894,1.260717,-1.449178,,,,,,
386488,,,,,,,,,1.043764,1.304868,,,58.130047,63.200184,0.293019,0.280865,,,,,,,,,,,,
386494,,,,,,,,,,,,,,,,,,,,0.345733,1.250776,-1.438109,,,,,,
386498,,,,,,,,,0.988829,1.304868,,,58.167847,63.522945,0.294005,0.278215,,,,,,,,,,,,
386504,,,,,,,,,,,,,,,,,,,,0.346669,1.240262,-1.423457,,,,,,
386508,,,,,,,,,1.043764,0.000000,,,58.744198,64.339066,0.289491,0.270469,,,,,,,,,,,,
386514,,,,,,,,,,,,,,,,,,,,0.348050,1.229644,-1.412603,,,,,,
386519,,,,,,,,,0.631752,0.652435,,,60.862770,66.114830,0.269131,0.252772,,,,,,,,,,,,
386523,,,,,,,,,,,,,,,,,,,,0.349316,1.219359,-1.398123,,,,,,
386528,,,,,,,,,1.373374,1.304869,,,59.378075,64.341698,0.285100,0.270917,,,,,,,,,,,,
386533,,,,,,,,,,,,,,,,,,,,0.350756,1.209103,-1.390949,,,,,,
386536,0.351190,1.207734,-1.389948,0.356865,1.183912,-1.480918,0.969324,0.886839,1.071232,0.652434,67.637093,66.782959,60.307026,65.027962,0.303743,0.268092,0.024454,0.001298,-0.090970,,,,,,,,,
386544,,,,,,,,,,,,,,,,,,,,0.352332,1.198784,-1.383652,,,,,,
386548,,,,,,,,,1.071232,0.652434,,,60.544102,65.060837,0.302791,0.268108,,,,,,,,,,,,
386554,,,,,,,,,,,,,,,,,,,,0.354066,1.188095,-1.376500,,,,,,
386558,,,,,,,,,1.016297,-0.652434,,,61.288120,65.088501,0.296621,0.268170,,,,,,,,,,,,
386563,,,,,,,,,,,,,,,,,,,,0.355996,1.177684,-1.372966,,,,,,
386568,,,,,,,,,1.071232,0.652434,,,61.914139,65.656319,0.291505,0.262717,,,,,,,,,,,,
386574,,,,,,,,,,,,,,,,,,,,0.358159,1.167302,-1.369459,,,,,,
386591,0.358450,1.166286,-1.368444,0.362258,1.132866,-1.452062,1.008565,0.681482,-0.000000,0.000000,73.152107,71.323822,58.629066,66.678627,0.382411,0.298832,0.033504,-0.002986,-0.083618,,,,,,,,,
386594,,,,,,,,,,,,,49.330490,56.103386,0.480161,0.407628,,,,0.360079,1.157236,-1.369416,,,,,,
386598,,,,,,,,,0.961362,0.652434,,,50.219360,52.106270,0.475859,0.451443,,,,,,,,,,,,
386608,,,,,,,,,1.236036,0.652434,,,54.779057,56.366703,0.433936,0.411830,,,,,,,,,,,,
386614,,,,,,,,,,,,,,,,,,,,0.366177,1.126366,-1.376420,,,,,,
386618,,,,,,,,,1.290972,0.652435,,,58.615585,59.951431,0.398478,0.378257,,,,,,,,,,,,
386623,,,,,,,,,,,,,,,,,,,,0.368198,1.115533,-1.379992,,,,,,
386628,,,,,,,,,1.318439,-1.304869,,,62.388184,62.967621,0.362905,0.349767,,,,,,,,,,,,
386634,,,,,,,,,,,,,,,,,,,,0.370337,1.104045,-1.383597,,,,,,
386639,0.369938,1.106332,-1.382327,0.369063,1.080318,-1.433810,1.043957,0.471959,0.714155,0.000000,72.850578,71.752724,60.117012,60.604553,0.388224,0.375541,0.025389,-0.005734,-0.051483,,,,,,,,,
386643,,,,,,,,,,,,,,,,,,,,0.372489,1.092332,-1.390782,,,,,,
386648,,,,,,,,,1.455776,-0.652433,,,65.285110,65.150787,0.335041,0.335688,,,,,,,,,,,,
386654,,,,,,,,,,,,,,,,,,,,0.374603,1.080937,-1.397999,,,,,,
386658,,,,,,,,,1.263504,0.000000,,,67.455376,67.342354,0.314417,0.314655,,,,,,,,,,,,
386664,,,,,,,,,,,,,,,,,,,,0.376761,1.069283,-1.401620,,,,,,
386668,,,,,,,,,1.290972,-0.652435,,,69.281441,68.641800,0.296870,0.302282,,,,,,,,,,,,
386673,,,,,,,,,,,,,,,,,,,,0.378763,1.057153,-1.405247,,,,,,
386679,,,,,,,,,0.741622,-0.652433,,,71.362434,70.279694,0.276358,0.286198,,,,0.378763,1.057153,-1.405247,,,,,,
386684,0.380321,1.046906,-1.409382,0.376740,1.026470,-1.426449,1.074699,0.257184,,,,,,,,,,,,0.380689,1.044809,-1.408872,,,,,,
386687,,,,,,,,,1.483244,0.000000,72.688118,72.651917,69.301575,68.390556,0.296019,0.314934,0.019595,-0.006819,-0.017067,,,,,,,,,
386694,,,,,,,,,,,,,,,,,,,,0.382824,1.032131,-1.412532,,,,,,
386698,,,,,,,,,1.181102,-0.652433,,,70.290283,69.523758,0.286612,0.304227,,,,,,,,,,,,
386703,,,,,,,,,,,,,,,,,,,,0.384571,1.019654,-1.412541,,,,,,
386708,,,,,,,,,1.208569,1.304866,,,71.122185,71.021774,0.278606,0.289573,,,,,,,,,,,,
386714,,,,,,,,,,,,,,,,,,,,0.386312,1.007536,-1.412541,,,,,,
386718,,,,,,,,,1.181102,0.652433,,,71.277603,71.737663,0.277334,0.282597,,,,,,,,,,,,
386724,,,,,,,,,,,,,,,,,,,,0.387854,0.995020,-1.412509,,,,,,
386727,,,,,,,,,1.263504,0.000000,,,71.952919,72.340012,0.270728,0.276636,,,,0.387854,0.995020,-1.412509,,,,,,
386733,,,,,,,,,,,,,,,,,,,,0.389821,0.982296,-1.408976,,,,,,
386739,0.389526,0.984881,-1.406277,0.384672,0.971520,-1.430325,1.100102,0.036078,0.686687,0.652435,73.081383,71.358406,,,,,0.012385,-0.006977,-0.024048,,,,,,,,,
386742,,,,,,,,,,,,,72.521126,73.391373,0.269090,0.252781,,,,0.391692,0.969959,-1.409023,,,,,,
386748,,,,,,,,,1.208569,1.304866,,,67.553787,68.830551,0.319869,0.298894,,,,,,,,,,,,
386754,,,,,,,,,,,,,,,,,,,,0.393481,0.957581,-1.405409,,,,,,
386758,,,,,,,,,1.181102,-0.652433,,,68.819695,69.893967,0.308063,0.288553,,,,,,,,,,,,
386763,,,,,,,,,,,,,,,,,,,,0.395138,0.945526,-1.401743,,,,,,
386768,,,,,,,,,1.290972,-0.652435,,,70.429375,70.788727,0.292496,0.279720,,,,,,,,,,,,
386774,,,,,,,,,,,,,,,,,,,,0.397236,0.933467,-1.398175,,,,,,
386780,,,,,,,,,0.769089,0.000000,,,71.783760,72.086121,0.279212,0.266600,,,,,,,,,,,,
386783,,,,,,,,,,,,,,,,,,,,0.399197,0.921822,-1.394595,,,,,,
386786,0.398917,0.923931,-1.395577,0.392182,0.915681,-1.445830,1.119646,-0.192413,1.400841,0.652435,74.268936,69.419411,69.656082,70.455032,0.313287,0.263314,0.006950,-0.008070,-0.050253,,,,,,,,,
386794,,,,,,,,,,,,,,,,,,,,0.401265,0.909930,-1.394505,,,,,,
386798,,,,,,,,,1.208569,-1.304866,,,70.588570,70.716263,0.304698,0.260442,,,,,,,,,,,,
386804,,,,,,,,,,,,,,,,,,,,0.403274,0.897757,-1.394542,,,,,,
386808,,,,,,,,,1.181102,0.652433,,,71.373161,71.480606,0.297431,0.252387,,,,,,,,,,,,
386813,,,,,,,,,,,,,,,,,,,,0.405195,0.885427,-1.398156,,,,,,
386818,,,,,,,,,1.153634,-1.304868,,,72.033318,71.034637,0.291277,0.256523,,,,,,,,,,,,
386824,,,,,,,,,,,,,,,,,,,,0.407151,0.873391,-1.401776,,,,,,
386828,,,,,,,,,1.263504,-1.304869,,,73.133316,71.748482,0.280504,0.248919,,,,,,,,,,,,
386834,,,,,,,,,,,,,,,,,,,,0.408931,0.861637,-1.409033,,,,,,
386839,0.408609,0.863913,-1.407906,0.398547,0.859182,-1.473397,1.133038,-0.429227,0.714155,0.000000,,,69.157967,67.448227,0.321280,0.292316,,,,,,,,,,,,
386842,,,,,,,,,,,75.179138,67.855026,,,,,0.003037,-0.010696,-0.065491,0.410701,0.849621,-1.416255,,,,,,
386848,,,,,,,,,1.345906,-3.262171,,,72.347626,68.186340,0.299051,0.269224,,,,,,,,,,,,
386854,,,,,,,,,,,,,,,,,,,,0.412446,0.837762,-1.423557,,,,,,
386858,,,,,,,,,1.181102,-1.957302,,,73.397774,68.807388,0.288906,0.262824,,,,,,,,,,,,
386864,,,,,,,,,,,,,,,,,,,,0.414229,0.825984,-1.434512,,,,,,
386868,,,,,,,,,1.236036,-0.652434,,,74.281372,69.874481,0.280250,0.251749,,,,,,,,,,,,
386873,,,,,,,,,,,,,,,,,,,,0.415771,0.814269,-1.445504,,,,,,
386878,,,,,,,,,1.153634,-1.304868,,,74.480286,69.683243,0.278400,0.253295,,,,,,,,,,,,
386884,0.417047,0.802970,-1.457962,0.403017,0.802292,-1.513483,1.140252,-0.675012,,,74.927414,66.874649,,,,,-0.000906,-0.014018,-0.055521,0.417127,0.802625,-1.456573,,,,,,
386888,,,,,,,,,1.208569,0.000000,,,74.647652,70.066879,0.274265,0.239017,,,,,,,,,,,,
386894,,,,,,,,,,,,,,,,,,,,0.418506,0.791015,-1.467724,,,,,,
386899,,,,,,,,,0.906427,-5.871908,,,74.788475,71.478760,0.272885,0.223977,,,,,,,,,,,,
386903,,,,,,,,,,,,,,,,,,,,0.419946,0.779013,-1.478944,,,,,,
386908,,,,,,,,,1.290972,4.567039,,,73.273331,68.854912,0.288367,0.249820,,,,,,,,,,,,
386914,,,,,,,,,,,,,,,,,,,,0.421182,0.766893,-1.494046,,,,,,
386918,,,,,,,,,1.098699,-2.609736,,,73.632118,68.280838,0.285038,0.255279,,,,,,,,,,,,
386924,,,,,,,,,,,,,,,,,,,,0.422124,0.754893,-1.505392,,,,,,
386928,,,,,,,,,1.153634,-1.304868,,,73.934006,68.342354,0.282218,0.254370,,,,,,,,,,,,
386934,0.422702,0.743147,-1.520903,0.404835,0.745330,-1.566530,1.141563,-0.929909,,,74.820236,65.999214,,,,,-0.003071,-0.017736,-0.045627,0.422795,0.742934,-1.520695,,,,,,
386942,,,,,,,,,1.016297,-0.652434,,,73.098923,67.305023,0.289841,0.255728,,,,0.423583,0.731086,-1.536090,,,,,,
386948,,,,,,,,,1.153634,0.000000,,,72.396286,67.521301,0.297353,0.253261,,,,,,,,,,,,
386954,,,,,,,,,,,,,,,,,,,,0.424220,0.719403,-1.551764,,,,,,
386958,,,,,,,,,1.126167,-1.957302,,,72.894173,67.703278,0.292759,0.251100,,,,,,,,,,,,
386964,,,,,,,,,,,,,,,,,,,,0.424639,0.707776,-1.571444,,,,,,
386968,,,,,,,,,1.126167,-1.957302,,,73.313095,67.311852,0.288871,0.254752,,,,,,,,,,,,
386974,,,,,,,,,,,,,,,,,,,,0.424795,0.696604,-1.585855,,,,,,
386978,,,,,,,,,1.181102,-1.957302,,,74.210121,67.527046,0.280023,0.252295,,,,,,,,,,,,
386983,,,,,,,,,,,,,,,,,,,,0.424772,0.685197,-1.605284,,,,,,
386986,0.424609,0.685104,-1.606408,0.403262,0.688679,-1.632924,1.137555,-1.193272,1.153634,-1.304868,74.758652,65.803635,74.420334,67.163567,0.277373,0.253702,-0.002813,-0.021461,-0.026516,,,,,,,,,
386994,,,,,,,,,,,,,,,,,,,,0.424492,0.674047,-1.624586,,,,,,
387000,,,,,,,,,0.714154,-1.304868,,,70.785408,63.590477,0.314516,0.289875,,,,,,,,,,,,
387004,,,,,,,,,,,,,,,,,,,,0.423904,0.662906,-1.643621,,,,,,
387008,,,,,,,,,1.400841,-0.652435,,,73.172417,66.574059,0.290964,0.259885,,,,,,,,,,,,
387014,,,,,,,,,,,,,,,,,,,,0.423001,0.651856,-1.662480,,,,,,
387018,,,,,,,,,1.126167,-1.957302,,,74.091751,66.906265,0.281904,0.256343,,,,,,,,,,,,
387024,,,,,,,,,,,,,,,,,,,,0.422236,0.640602,-1.677461,,,,,,
387028,,,,,,,,,1.098699,-1.304869,,,73.776199,66.641243,0.285256,0.258825,,,,,,,,,,,,
387034,0.421138,0.629202,-1.690565,0.397604,0.632809,-1.712939,1.129094,-1.463420,,,75.406609,65.261841,,,,,-0.000770,-0.023796,-0.022374,0.421171,0.629101,-1.692300,,,,,,
387038,,,,,,,,,1.153634,-2.609736,,,74.055237,66.418251,0.289215,0.255406,,,,,,,,,,,,
387044,,,,,,,,,,,,,,,,,,,,0.419947,0.616845,-1.710526,,,,,,
387048,,,,,,,,,1.043764,-1.304868,,,73.745476,65.686089,0.292645,0.262643,,,,,,,,,,,,
387059,,,,,,,,,0.686687,-0.652435,,,74.029381,61.802784,0.290081,0.302168,,,,0.418321,0.605198,-1.728651,,,,,,
387064,,,,,,,,,,,,,,,,,,,,0.416645,0.593589,-1.746515,,,,,,
387068,,,,,,,,,1.373374,-1.304869,,,71.545547,64.525345,0.315692,0.275089,,,,,,,,,,,,
387073,,,,,,,,,,,,,,,,,,,,0.414882,0.581948,-1.764623,,,,,,
387078,,,,,,,,,1.126167,-1.957302,,,72.178368,64.637939,0.310009,0.274088,,,,,,,,,,,,
387083,,,,,,,,,,,,,,,,,,,,0.412853,0.570878,-1.782499,,,,,,
387086,0.412758,0.571113,-1.782991,0.387244,0.578284,-1.806681,1.117275,-1.737533,1.126167,-1.957302,75.223930,63.475712,72.710815,65.277214,0.303361,0.249474,-0.001636,-0.026452,-0.023690,,,,,,,,,
387093,,,,,,,,,,,,,,,,,,,,0.410532,0.559740,-1.796752,,,,,,
387099,,,,,,,,,0.769089,-1.304867,,,69.347015,62.003300,0.338174,0.282508,,,,,,,,,,,,
387104,,,,,,,,,,,,,,,,,,,,0.408195,0.548716,-1.810993,,,,,,
387108,,,,,,,,,1.483244,-1.304866,,,73.051239,65.783150,0.301566,0.244248,,,,,,,,,,,,
387114,,,,,,,,,,,,,,,,,,,,0.405615,0.537931,-1.828613,,,,,,
387118,,,,,,,,,1.126167,-1.957302,,,73.989799,66.240799,0.292428,0.239118,,,,,,,,,,,,
387124,,,,,,,,,,,,,,,,,,,,0.402904,0.526969,-1.846212,,,,,,
387128,,,,,,,,,1.126167,-1.957302,,,74.234955,66.081322,0.290174,0.240192,,,,,,,,,,,,
387134,0.399528,0.515506,-1.871175,0.371670,0.525775,-1.914057,1.103324,-2.011831,,,75.757217,61.150188,,,,,-0.001567,-0.029649,-0.042882,0.399643,0.515396,-1.870295,,,,,,
387138,,,,,,,,,1.098699,-2.609736,,,74.441231,65.402596,0.293707,0.222873,,,,,,,,,,,,
387144,,,,,,,,,,,,,,,,,,,,0.396743,0.504566,-1.890963,,,,,,
387148,,,,,,,,,1.153634,-2.609736,,,74.614792,65.376053,0.292200,0.222294,,,,,,,,,,,,
387154,,,,,,,,,,,,,,,,,,,,0.393400,0.493002,-1.914766,,,,,,
387159,,,,,,,,,0.659220,-1.304869,,,70.404480,60.997375,0.335374,0.266111,,,,,,,,,,,,
387164,,,,,,,,,,,,,,,,,,,,0.390114,0.482486,-1.938432,,,,,,
387168,,,,,,,,,1.400841,-3.262171,,,74.485527,63.847675,0.294818,0.237068,,,,,,,,,,,,
387174,,,,,,,,,,,,,,,,,,,,0.386228,0.471591,-1.968476,,,,,,
387178,,,,,,,,,1.126167,-1.957302,,,74.652061,64.067749,0.293373,0.234284,,,,,,,,,,,,
387184,0.382085,0.461087,-1.995835,0.350514,0.476067,-2.034784,1.088478,-2.282232,,,,,,,,,,,,0.382262,0.460945,-1.998300,,,,,,
387187,,,,,,,,,1.153634,-2.609736,75.745354,59.857712,75.336731,64.252914,0.286490,0.218629,-0.000628,-0.034938,-0.038949,,,,,,,,,
387194,,,,,,,,,,,,,,,,,,,,0.378212,0.450738,-2.024502,,,,,,
387200,,,,,,,,,0.769089,-2.609737,,,76.457352,66.042343,0.275141,0.199497,,,,,,,,,,,,
387204,,,,,,,,,,,,,,,,,,,,0.373654,0.440562,-2.056947,,,,,,
387208,,,,,,,,,1.290972,-1.957303,,,73.588440,62.102539,0.304262,0.238447,,,,,,,,,,,,
387214,,,,,,,,,,,,,,,,,,,,0.368446,0.430272,-2.089111,,,,,,
387218,,,,,,,,,1.098699,-3.914604,,,73.897255,61.510303,0.301543,0.244038,,,,,,,,,,,,
387223,,,,,,,,,,,,,,,,,,,,0.363056,0.420293,-2.120968,,,,,,
387228,,,,,,,,,1.098699,-2.609736,,,74.701630,61.556538,0.293708,0.243236,,,,,,,,,,,,
387234,0.357297,0.410536,-2.153196,0.323581,0.430061,-2.168463,1.073857,-2.545466,,,75.612488,59.862827,,,,,0.002238,-0.038897,-0.015267,0.357405,0.410339,-2.155667,,,,,,
387238,,,,,,,,,1.153634,-2.609736,,,74.833893,61.595440,0.291212,0.242552,,,,,,,,,,,,
387244,,,,,,,,,,,,,,,,,,,,0.351480,0.400642,-2.190085,,,,,,
387248,,,,,,,,,1.071232,-3.262170,,,75.489723,61.628174,0.284679,0.241871,,,,,,,,,,,,
387254,,,,,,,,,,,,,,,,,,,,0.345240,0.391283,-2.221060,,,,,,
387259,,,,,,,,,0.686687,-1.957303,,,75.496994,62.744801,0.284629,0.230129,,,,,,,,,,,,
387263,,,,,,,,,,,,,,,,,,,,0.338756,0.382319,-2.257915,,,,,,
387268,,,,,,,,,1.373374,-1.304869,,,73.324936,60.961613,0.306807,0.247741,,,,,,,,,,,,
387274,,,,,,,,,,,,,,,,,,,,0.332308,0.373492,-2.288523,,,,,,
387278,,,,,,,,,1.098699,-2.609736,,,73.675545,60.550327,0.303688,0.251716,,,,,,,,,,,,
387283,,,,,,,,,,,,,,,,,,,,0.325493,0.364943,-2.321821,,,,,,
387286,0.325370,0.365101,-2.318612,0.290889,0.388764,-2.314724,1.060373,-2.800437,1.126167,-4.567039,75.919273,60.057121,74.515083,60.204273,0.298642,0.257090,0.006099,-0.041373,0.003888,,,,,,,,,
387294,,,,,,,,,,,,,,,,,,,,0.318288,0.356378,-2.354921,,,,,,
387300,,,,,,,,,0.686687,-1.957303,,,75.221474,62.635818,0.291717,0.232259,,,,,,,,,,,,
387304,,,,,,,,,,,,,,,,,,,,0.310794,0.348342,-2.387782,,,,,,
387308,,,,,,,,,1.318439,-1.304869,,,72.004028,59.780830,0.324675,0.260864,,,,,,,,,,,,
387313,,,,,,,,,,,,,,,,,,,,0.303162,0.340498,-2.417470,,,,,,
387318,,,,,,,,,1.126167,-1.957302,,,73.108673,60.101360,0.314191,0.257650,,,,,,,,,,,,
387324,,,,,,,,,,,,,,,,,,,,0.295158,0.333060,-2.449891,,,,,,
387328,,,,,,,,,1.098699,-3.914604,,,74.038124,60.371056,0.305272,0.254890,,,,,,,,,,,,
387334,0.286586,0.325964,-2.484821,0.252695,0.353276,-2.473376,1.048699,-3.049284,,,76.743446,60.053059,,,,,0.010165,-0.042323,0.011445,0.286791,0.325726,-2.482131,,,,,,
387338,,,,,,,,,1.126167,-4.567039,,,74.820160,60.053432,0.306078,0.258026,,,,,,,,,,,,
387343,,,,,,,,,,,,,,,,,,,,0.278405,0.318871,-2.511300,,,,,,
387348,,,,,,,,,1.098699,-1.304869,,,74.933624,60.330727,0.305306,0.255197,,,,,,,,,,,,
387354,,,,,,,,,,,,,,,,,,,,0.269878,0.311862,-2.543279,,,,,,
387359,,,,,,,,,0.714154,-2.609737,,,71.217285,57.296783,0.343574,0.286088,,,,,,,,,,,,
387364,,,,,,,,,,,,,,,,,,,,0.260883,0.305339,-2.577916,,,,,,
387368,,,,,,,,,1.428309,-1.304868,,,74.080338,61.278542,0.315476,0.246025,,,,,,,,,,,,
387373,,,,,,,,,,,,,,,,,,,,0.251695,0.298975,-2.606689,,,,,,
387378,,,,,,,,,1.126167,-3.262170,,,74.855682,61.361534,0.308101,0.244934,,,,,,,,,,,,
387384,0.242138,0.293296,-2.638979,0.209530,0.324762,-2.644544,1.039374,-3.297262,,,78.302383,59.164841,,,,,0.013418,-0.043283,-0.005565,0.242392,0.293113,-2.638173,,,,,,
387388,,,,,,,,,1.043764,-2.609737,,,74.963509,61.431366,0.323279,0.234900,,,,,,,,,,,,
387394,,,,,,,,,,,,,,,,,,,,0.233010,0.287296,-2.669533,,,,,,
387398,,,,,,,,,1.153634,-3.914605,,,75.598778,60.945580,0.317468,0.239402,,,,,,,,,,,,
387404,,,,,,,,,,,,,,,,,,,,0.223085,0.281664,-2.703635,,,,,,
387408,,,,,,,,,1.071232,-4.567039,,,76.133293,60.536839,0.312556,0.243215,,,,,,,,,,,,
387414,,,,,,,,,,,,,,,,,,,,0.212908,0.276417,-2.737636,,,,,,
387419,,,,,,,,,0.714154,-1.304868,,,72.226692,57.470207,0.352837,0.274220,,,,,,,,,,,,
387423,,,,,,,,,,,,,,,,,,,,0.202594,0.271634,-2.771477,,,,,,
387428,,,,,,,,,1.428309,-2.609736,,,75.474197,61.424461,0.320928,0.234226,,,,,,,,,,,,
387434,0.191187,0.266652,-2.804792,0.162218,0.304415,-2.828607,1.033032,-3.550783,,,79.583237,57.868984,,,,,0.014862,-0.045214,-0.023815,0.192454,0.266966,-2.808043,,,,,,
387438,,,,,,,,,1.126167,-3.262170,,,76.028473,60.939770,0.328905,0.225500,,,,,,,,,,,,
387444,,,,,,,,,,,,,,,,,,,,0.181867,0.262850,-2.847270,,,,,,
387448,,,,,,,,,1.098699,-3.914604,,,77.039383,60.531948,0.319304,0.229045,,,,,,,,,,,,
387453,,,,,,,,,,,,,,,,,,,,0.171299,0.258934,-2.883682,,,,,,
387459,,,,,,,,,0.686687,-3.262170,,,72.989075,56.921547,0.361126,0.265339,,,,,,,,,,,,
387464,,,,,,,,,,,,,,,,,,,,0.160190,0.255431,-2.925516,,,,,,
387468,,,,,,,,,1.400841,-1.957302,,,76.115662,60.418274,0.330554,0.229862,,,,,,,,,,,,
387474,,,,,,,,,,,,,,,,,,,,0.149533,0.252130,-2.970073,,,,,,
387478,,,,,,,,,1.126167,-4.567039,,,77.112747,60.093163,0.321077,0.232668,,,,,,,,,,,,
387483,,,,,,,,,,,,,,,,,,,,0.138619,0.249322,-3.014460,,,,,,
387486,0.138423,0.249726,-3.016009,0.111892,0.293405,-3.025908,1.030753,-3.813105,1.098699,-5.219474,81.398026,59.168671,77.951691,59.819614,0.331525,0.248270,0.020851,-0.046659,-0.009899,,,,,,,,,
387494,,,,,,,,,,,,,,,,,,,,0.127551,0.247025,-3.061505,,,,,,
387498,,,,,,,,,1.098699,-5.219474,,,78.657578,59.044907,0.325014,0.256042,,,,,,,,,,,,
387504,,,,,,,,,,,,,,,,,,,,0.116398,0.245150,-3.111378,,,,,,
387508,,,,,,,,,1.126167,-4.567039,,,79.251511,58.937611,0.319504,0.257161,,,,,,,,,,,,
387513,,,,,,,,,,,,,,,,,,,,0.105513,0.243549,3.127587,,,,,,
387519,,,,,,,,,0.714154,-2.609737,,,74.850357,55.580074,0.364825,0.291454,,,,,,,,,,,,
387524,,,,,,,,,,,,,,,,,,,,0.093819,0.242703,3.077588,,,,,,
387528,,,,,,,,,1.483244,-3.914604,,,78.770836,59.289558,0.326146,0.254335,,,,,,,,,,,,
387533,,,,,,,,,,,,,,,,,,,,0.082490,0.242499,3.030520,,,,,,
387536,0.080962,0.242951,3.033983,0.059997,0.292813,3.047071,1.034453,-4.078121,1.126167,-4.567039,83.092262,60.940418,79.346809,59.688004,0.338078,0.268319,0.026199,-0.047322,0.013088,0.082490,0.242499,3.030520,,,,,,
387544,,,,,,,,,,,,,,,,,,,,0.071684,0.242734,2.983431,,,,,,
387548,,,,,,,,,1.126167,-4.567039,,,79.831429,59.478714,0.333883,0.270704,,,,,,,,,,,,
387553,,,,,,,,,,,,,,,,,,,,0.060570,0.243332,2.933541,,,,,,
387558,,,,,,,,,1.153634,-3.914605,,,80.239189,59.302616,0.330377,0.272793,,,,,,,,,,,,
387563,,,,,,,,,,,,,,,,,,,,0.049576,0.244411,2.886364,,,,,,
387568,,,,,,,,,1.126167,-4.567039,,,80.582283,59.154449,0.327448,0.274631,,,,,,,,,,,,
387573,,,,,,,,,,,,,,,,,,,,0.038513,0.245988,2.841569,,,,,,
387579,,,,,,,,,0.686687,-1.957303,,,80.870956,61.207954,0.325005,0.254043,,,,,,,,,,,,
387583,,,,,,,,,,,,,,,,,,,,0.027490,0.248086,2.793989,,,,,,
387586,0.029136,0.248135,2.805925,0.008275,0.303557,2.825797,1.047130,-4.324263,1.428309,-2.609736,87.579674,64.634300,78.391136,59.668510,0.396515,0.307369,0.037953,-0.045457,0.019873,,,,,,,,,
387593,,,,,,,,,,,,,,,,,,,,0.016509,0.250737,2.746071,,,,,,
387598,,,,,,,,,1.181102,-4.567039,,,79.571869,60.006855,0.386309,0.304911,,,,,,,,,,,,
387603,,,,,,,,,,,,,,,,,,,,0.005876,0.253728,2.703798,,,,,,
387608,,,,,,,,,1.181102,-4.567039,,,80.565338,60.291538,0.377778,0.302933,,,,,,,,,,,,
387613,,,,,,,,,,,,,,,,,,,,-0.004753,0.257481,2.655440,,,,,,
387619,,,,,,,,,0.769089,-2.609737,,,81.945786,62.709244,0.365100,0.279141,,,,,,,,,,,,
387623,,,,,,,,,,,,,,,,,,,,-0.015365,0.261290,2.612543,,,,,,
387628,,,,,,,,,1.565646,-3.262170,,,79.840034,61.476242,0.387705,0.292103,,,,,,,,,,,,
387634,-0.027557,0.267012,2.572896,-0.041267,0.326299,2.597422,1.072771,-4.513456,,,91.023186,67.490440,,,,,0.043480,-0.042572,0.024526,-0.026210,0.265800,2.566453,,,,,,
387638,,,,,,,,,1.181102,-4.567039,,,80.790977,61.527882,0.414677,0.321340,,,,,,,,,,,,
387644,,,,,,,,,,,,,,,,,,,,-0.037234,0.270884,2.514043,,,,,,
387648,,,,,,,,,1.181102,-3.262171,,,81.591095,61.571331,0.408563,0.322089,,,,,,,,,,,,
387654,,,,,,,,,,,,,,,,,,,,-0.047767,0.276409,2.467280,,,,,,
387658,,,,,,,,,1.236037,-4.567040,,,82.808861,62.152431,0.398028,0.317346,,,,,,,,,,,,
387664,,,,,,,,,,,,,,,,,,,,-0.058077,0.282064,2.411322,,,,,,
387668,,,,,,,,,1.236037,-5.871907,,,84.378029,62.641369,0.383665,0.313426,,,,,,,,,,,,
387674,,,,,,,,,,,,,,,,,,,,-0.067775,0.288084,2.363837,,,,,,
387679,,,,,,,,,0.796557,-1.957302,,,79.708351,59.785500,0.432625,0.343526,,,,,,,,,,,,
387684,-0.076272,0.294771,2.323421,-0.086411,0.361350,2.367845,1.115664,-4.601423,,,,,,,,,,,,-0.077787,0.295163,2.309514,,,,,,
387687,,,,,,,,,1.538179,-3.914605,96.491440,74.062698,83.402893,63.917091,0.452980,0.369962,0.055527,-0.038110,0.044423,,,,,,,,,
387694,,,,,,,,,,,,,,,,,,,,-0.087256,0.302562,2.254720,,,,,,
387698,,,,,,,,,1.290972,-4.567039,,,84.877846,64.670692,0.440553,0.364304,,,,,,,,,,,,
387704,,,,,,,,,,,,,,,,,,,,-0.096364,0.309902,2.202453,,,,,,
387708,,,,,,,,,1.290972,-3.262171,,,86.118874,65.849319,0.430217,0.354161,,,,,,,,,,,,
387714,,,,,,,,,,,,,,,,,,,,-0.105000,0.317692,2.143192,,,,,,
387718,,,,,,,,,1.428309,-5.219473,,,88.252159,67.385559,0.410532,0.340134,,,,,,,,,,,,
387724,,,,,,,,,,,,,,,,,,,,-0.113215,0.326622,2.085961,,,,,,
387727,,,,,,,,,1.400841,-4.567040,,,90.047112,68.678154,0.393872,0.328285,,,,-0.113215,0.326622,2.085961,,,,,,
387734,,,,,,,,,,,,,,,,,,,,-0.121444,0.335222,2.034298,,,,,,
387739,-0.119889,0.334466,2.053107,-0.124821,0.408564,2.143619,1.179129,-4.559114,0.824024,-1.304869,101.689453,83.310677,,,,,0.067933,-0.029999,0.090511,,,,,,,,,
387742,,,,,,,,,,,,,89.379211,69.765739,0.454993,0.412598,,,,-0.129732,0.344634,1.978487,,,,,,
387748,,,,,,,,,1.208569,-2.609737,,,83.916351,65.235405,0.513176,0.461516,,,,,,,,,,,,
387754,,,,,,,,,,,,,,,,,,,,-0.137343,0.354621,1.921589,,,,,,
387758,,,,,,,,,1.538179,-3.914605,,,86.943504,67.958099,0.485854,0.437360,,,,,,,,,,,,
387764,,,,,,,,,,,,,,,,,,,,-0.144543,0.364442,1.867042,,,,,,
387768,,,,,,,,,1.510712,-1.957302,,,89.490547,71.338058,0.462823,0.405955,,,,,,,,,,,,
387774,,,,,,,,,,,,,,,,,,,,-0.151712,0.374751,1.814862,,,,,,
387779,,,,,,,,,1.263504,3.914606,,,86.188202,69.281067,0.498947,0.429330,,,,,,,,,,,,
387783,,,,,,,,,,,,,,,,,,,,-0.158597,0.385903,1.758015,,,,,,
387786,-0.158088,0.386130,1.799231,-0.154156,0.467239,1.930155,1.264017,-4.391523,1.428309,-7.829210,107.081650,93.506180,89.944122,74.629379,0.518737,0.481578,0.078112,-0.022197,0.130924,,,,,,,,,
387794,,,,,,,,,,,,,,,,,,,,-0.165053,0.397114,1.699739,,,,,,
387798,,,,,,,,,1.565646,-1.957302,,,92.015266,77.495819,0.501039,0.456115,,,,,,,,,,,,
387804,,,,,,,,,,,,,,,,,,,,-0.170746,0.408379,1.640049,,,,,,
387808,,,,,,,,,1.648049,-1.304868,,,94.302475,80.452179,0.480722,0.429163,,,,,,,,,,,,
387813,,,,,,,,,,,,,,,,,,,,-0.175939,0.419993,1.578609,,,,,,
387818,,,,,,,,,1.620581,-4.567038,,,96.771469,82.395119,0.458095,0.411955,,,,,,,,,,,,
387824,,,,,,,,,,,,,,,,,,,,-0.180909,0.431454,1.517248,,,,,,
387828,,,,,,,,,1.620581,-1.957303,,,98.304344,84.574448,0.444521,0.391948,,,,,,,,,,,,
387834,,,,,,,,,,,,,,,,,,,,-0.185408,0.443604,1.457060,,,,,,
387840,-0.184210,0.445493,1.477657,-0.172232,0.536022,1.730538,1.367596,-4.136711,1.016297,-0.652434,108.577011,108.263878,93.604126,80.962708,0.509472,0.581103,0.091250,-0.003506,0.252881,,,,,,,,,
387844,,,,,,,,,,,,,,,,,,,,-0.189395,0.456108,1.398321,,,,,,
387848,,,,,,,,,1.400841,-0.652435,,,92.916626,81.191048,0.519479,0.584234,,,,,,,,,,,,
387854,,,,,,,,,,,,,,,,,,,,-0.192910,0.468730,1.337561,,,,,,
387858,,,,,,,,,1.702984,-1.304869,,,95.060875,84.650429,0.500739,0.554363,,,,,,,,,,,,
387864,,,,,,,,,,,,,,,,,,,,-0.195688,0.481101,1.274975,,,,,,
387868,,,,,,,,,1.757919,0.000000,,,97.409592,89.194786,0.479486,0.512733,,,,,,,,,,,,
387874,,,,,,,,,,,,,,,,,,,,-0.197922,0.493605,1.213625,,,,,,
387878,,,,,,,,,1.922724,1.304868,,,100.474884,94.107491,0.450453,0.466438,,,,,,,,,,,,
387884,-0.198030,0.510093,1.186387,-0.177218,0.612855,1.545382,1.483144,-3.846208,,,108.991608,122.558167,,,,,0.103068,0.019244,0.358994,-0.200080,0.507235,1.153576,,,,,,
387888,,,,,,,,,1.785386,0.652434,,,101.964935,97.696503,0.441104,0.578463,,,,,,,,,,,,
387894,,,,,,,,,,,,,,,,,,,,-0.201861,0.520891,1.094572,,,,,,
387899,,,,,,,,,1.043764,2.609737,,,95.595062,93.637230,0.507482,0.624840,,,,,,,,,,,,
387904,,,,,,,,,,,,,,,,,,,,-0.202760,0.533762,1.036633,,,,,,
387908,,,,,,,,,1.950191,4.567040,,,97.859055,99.478996,0.487069,0.571038,,,,,,,,,,,,
387914,,,,,,,,,,,,,,,,,,,,-0.203194,0.546968,0.973562,,,,,,
387918,,,,,,,,,1.867789,2.609737,,,99.219437,103.849716,0.475419,0.531072,,,,,,,,,,,,
387923,,,,,,,,,,,,,,,,,,,,-0.203082,0.559114,0.911461,,,,,,
387928,,,,,,,,,1.840321,4.567040,,,99.819519,106.438148,0.471253,0.508412,,,,,,,,,,,,
387934,-0.199871,0.573906,0.903529,-0.167879,0.694939,1.373515,1.600205,-3.564197,,,106.715294,136.237579,,,,,0.114871,0.049770,0.469985,-0.202628,0.571722,0.856537,,,,,,
387942,,,,,,,,,1.593114,2.609737,,,99.235336,107.526970,0.455828,0.640060,,,,-0.201608,0.584525,0.799065,,,,,,
387948,,,,,,,,,1.483244,2.609737,,,97.110176,106.264931,0.479000,0.658675,,,,,,,,,,,,
387953,,,,,,,,,,,,,,,,,,,,-0.200131,0.597305,0.748215,,,,,,
387958,,,,,,,,,1.950191,5.871907,,,98.589325,110.648483,0.465834,0.619957,,,,,,,,,,,,
387964,,,,,,,,,,,,,,,,,,,,-0.197740,0.610835,0.688984,,,,,,
387968,,,,,,,,,1.895256,5.871910,,,99.289337,114.881348,0.460319,0.581900,,,,,,,,,,,,
387973,,,,,,,,,,,,,,,,,,,,-0.195044,0.623458,0.633309,,,,,,
387978,,,,,,,,,1.867789,6.524342,,,99.333786,117.898338,0.461351,0.555398,,,,,,,,,,,,
387983,,,,,,,,,,,,,,,,,,,,-0.192145,0.635828,0.581181,,,,,,
387986,-0.188675,0.637311,0.635777,-0.143854,0.778795,1.212870,1.705120,-3.317627,1.840321,7.176778,100.090294,146.075607,98.826645,120.436829,0.400425,0.633521,0.120077,0.087225,0.577093,,,,,,,,,
387994,,,,,,,,,,,,,,,,,,,,-0.188868,0.647682,0.529398,,,,,,
387999,,,,,,,,,1.236037,4.567040,,,93.499046,115.493652,0.455019,0.689069,,,,,,,,,,,,
388003,,,,,,,,,,,,,,,,,,,,-0.184751,0.659363,0.472278,,,,,,
388008,,,,,,,,,1.977659,7.829213,,,95.006378,120.047157,0.440963,0.648740,,,,,,,,,,,,
388014,,,,,,,,,,,,,,,,,,,,-0.180459,0.670842,0.421130,,,,,,
388018,,,,,,,,,1.977659,9.134078,,,95.185562,124.423019,0.440152,0.609312,,,,,,,,,,,,
388024,,,,,,,,,,,,,,,,,,,,-0.175396,0.681987,0.367348,,,,,,
388028,,,,,,,,,1.840321,9.786509,,,94.791786,127.015785,0.445149,0.587196,,,,,,,,,,,,
388034,-0.166566,0.694114,0.389934,-0.105974,0.860400,1.061346,1.781588,-3.115525,,,90.244743,151.195602,,,,,0.119253,0.130771,0.671413,-0.170301,0.693142,0.322410,,,,,,
388042,,,,,,,,,1.730451,8.481645,,,93.371376,127.563705,0.360272,0.637643,,,,-0.164759,0.703630,0.274736,,,,,,
388048,,,,,,,,,1.428309,3.914606,,,90.542610,123.123840,0.388501,0.687656,,,,,,,,,,,,
388054,,,,,,,,,,,,,,,,,,,,-0.158426,0.713911,0.227199,,,,,,
388058,,,,,,,,,1.867789,10.438948,,,90.340668,126.467201,0.390501,0.659168,,,,,,,,,,,,
388064,,,,,,,,,,,,,,,,,,,,-0.151984,0.723846,0.188213,,,,,,
388068,,,,,,,,,1.867789,13.048681,,,89.626205,130.369385,0.397769,0.624311,,,,,,,,,,,,
388074,,,,,,,,,,,,,,,,,,,,-0.145034,0.733915,0.149443,,,,,,
388078,,,,,,,,,1.895256,11.091380,,,89.025055,133.108139,0.404025,0.600541,,,,,,,,,,,,
388084,-0.133742,0.743789,0.183296,-0.056606,0.935482,0.917796,1.811117,-2.949735,,,79.614738,150.720200,,,,,0.110784,0.174422,0.734499,-0.137891,0.743393,0.113383,,,,,,
388088,,,,,,,,,1.730451,11.091381,,,87.974709,133.778900,0.306556,0.592468,,,,,,,,,,,,
388093,,,,,,,,,,,,,,,,,,,,-0.129950,0.752490,0.077453,,,,,,
388099,,,,,,,,,1.208569,7.829209,,,82.734596,127.808762,0.358333,0.656752,,,,-0.129950,0.752490,0.077453,,,,,,
388104,,,,,,,,,,,,,,,,,,,,-0.121943,0.761184,0.047041,,,,,,
388108,,,,,,,,,1.812854,9.134077,,,83.771004,129.320007,0.347138,0.645919,,,,,,,,,,,,
388114,,,,,,,,,,,,,,,,,,,,-0.113705,0.769479,0.019373,,,,,,
388118,,,,,,,,,1.730451,13.701118,,,81.920319,131.680649,0.365184,0.626121,,,,,,,,,,,,
388123,,,,,,,,,,,,,,,,,,,,-0.105496,0.777034,-0.011070,,,,,,
388128,,,,,,,,,1.785386,12.396253,,,80.907692,133.666901,0.375051,0.609669,,,,,,,,,,,,
388134,-0.093485,0.783776,0.034554,0.000000,1.000000,0.783802,1.773268,-2.788429,,,72.770035,146.284012,,,,,0.100899,0.212865,0.749248,-0.097246,0.784024,-0.036004,,,,,,
388142,,,,,,,,,1.648049,13.048682,,,79.511131,134.249039,0.319222,0.561893,,,,-0.088543,0.790926,-0.055360,,,,,,
388147,,,,,,,,,1.373374,6.524341,,,77.791519,129.293411,0.335413,0.614847,,,,-0.088543,0.790926,-0.055360,,,,,,
388153,,,,,,,,,,,,,,,,,,,,-0.079398,0.797420,-0.074754,,,,,,
388158,,,,,,,,,1.730451,12.396248,,,76.889183,131.113724,0.343613,0.599678,,,,,,,,,,,,
388164,,,,,,,,,,,,,,,,,,,,-0.069968,0.803511,-0.091346,,,,,,
388168,,,,,,,,,1.675516,13.701116,,,75.585411,132.645340,0.356088,0.587090,,,,,,,,,,,,
388173,,,,,,,,,,,,,,,,,,,,-0.060487,0.808642,-0.110758,,,,,,
388178,,,,,,,,,1.730451,12.396248,,,75.577507,133.934036,0.355605,0.576673,,,,,,,,,,,,
388184,-0.047470,0.812928,-0.056602,0.000000,1.000000,0.783802,0.000000,0.000000,,,,,,,,,,,,-0.050873,0.813362,-0.121847,,,,,,
388187,,,,,,,,,1.730451,12.396248,10.353047,10.353047,75.570854,135.018356,-0.281542,-0.818413,0.036811,0.189458,0.840404,,,,,,,,,
388194,,,,,,,,,,,,,,,,,,,,-0.040691,0.817999,-0.127373,,,,,,
388199,,,,,,,,,0.878959,9.134077,,,69.030739,126.128922,-0.227876,-0.752674,,,,,,,,,,,,
388203,,,,,,,,,,,,,,,,,,,,-0.030202,0.821640,-0.135673,,,,,,
388208,,,,,,,,,0.714155,10.438948,,,60.805172,117.560265,-0.155711,-0.688429,,,,,,,,,,,,
388214,,,,,,,,,,,,,,,,,,,,-0.020025,0.824981,-0.116231,,,,,,
388218,,,,,,,,,-0.000000,0.000000,,,51.161465,99.459732,-0.067436,-0.525245,,,,,,,,,,,,
388223,,,,,,,,,,,,,,,,,,,,-0.009845,0.827593,-0.080221,,,,,,
388228,,,,,,,,,-0.247207,-5.871908,,,43.047249,78.239975,0.007168,-0.326625,,,,,,,,,,,,
388233,-0.004144,0.828875,-0.077500,,,,,,,,,,,,,,,,,0.000939,0.830131,-0.052495,,,,,,
388236,,,,0.000000,1.000000,0.783802,0.000000,0.000000,-0.357077,-8.481646,-2.564175,-2.564175,36.219948,58.752041,-0.061488,-0.273181,-0.009117,0.170933,0.861302,,,,,,,,,
388244,,,,,,,,,,,,,,,,,,,,0.011398,0.832413,-0.018915,,,,,,
388248,,,,,,,,,-0.412012,-9.786511,,,30.475460,41.265812,-0.010651,-0.107085,,,,,,,,,,,,
388253,,,,,,,,,,,,,,,,,,,,0.018442,0.834731,0.011515,,,,,,
388259,,,,,,,,,-0.274675,-6.524341,,,25.642048,29.275616,0.032042,0.006449,,,,,,,,,,,,
388263,,,,,,,,,,,,,,,,,,,,0.024247,0.836853,0.044615,,,,,,
388268,,,,,,,,,-0.412012,-9.786511,,,21.575216,16.464352,0.067882,0.130756,,,,,,,,,,,,
388274,,,,,,,,,,,,,,,,,,,,0.031035,0.839084,0.072288,,,,,,
388278,,,,,,,,,0.192272,-3.262171,,,21.420643,14.397646,0.064631,0.148031,,,,,,,,,,,,
388283,,,,,,,,,,,,,,,,,,,,0.036737,0.840601,0.108276,,,,,,
388286,0.034107,0.839511,0.079008,0.000000,1.000000,0.783802,0.000000,0.000000,0.521882,3.262171,-6.000029,-6.000029,21.835129,18.648697,0.020560,0.066232,-0.021333,0.162681,0.704794,,,,,,,,,
388293,,,,,,,,,,,,,,,,,,,,0.044296,0.841921,0.125451,,,,,,
388299,,,,,,,,,0.274675,1.304868,,,20.550247,18.958271,0.028099,0.058145,,,,,,,,,,,,
388304,,,,,,,,,,,,,,,,,,,,0.049240,0.841988,0.153326,,,,,,
388308,,,,,,,,,0.412012,4.567039,,,19.469149,21.941462,0.033816,0.022725,,,,,,,,,,,,
388314,,,,,,,,,,,,,,,,,,,,0.054970,0.842311,0.167716,,,,,,
388318,,,,,,,,,0.247207,3.262171,,,17.470425,22.273346,0.049109,0.013751,,,,,,,,,,,,
388323,,,,,,,,,,,,,,,,,,,,0.059016,0.843196,0.175158,,,,,,
388328,,,,,,,,,0.384545,1.304868,,,17.966873,23.097136,0.039351,-0.000306,,,,,,,,,,,,
388334,0.061963,0.843466,0.182974,0.000000,1.000000,0.783802,0.000000,0.000000,,,-9.125683,-9.125683,,,,,-0.032447,0.165196,0.600828,0.062766,0.843626,0.186520,,,,,,
388338,,,,,,,,,0.329610,0.000000,,,18.384584,22.701185,-0.001584,-0.033969,,,,,,,,,,,,
388344,,,,,,,,,,,,,,,,,,,,0.066130,0.844193,0.194756,,,,,,
388348,,,,,,,,,0.247207,0.652434,,,17.646959,21.823490,0.000437,-0.031382,,,,,,,,,,,,
388353,,,,,,,,,,,,,,,,,,,,0.069332,0.844700,0.202994,,,,,,
388359,,,,,,,,,0.137337,-0.652434,,,17.570866,20.540455,-0.004141,-0.024484,,,,,,,,,,,,
388363,,,,,,,,,,,,,,,,,,,,0.072321,0.845357,0.200211,,,,,,
388368,,,,,,,,,0.192272,-0.652434,,,15.873210,17.827280,0.007836,-0.002743,,,,,,,,,,,,
388374,,,,,,,,,,,,,,,,,,,,0.073980,0.845721,0.197547,,,,,,
388378,,,,,,,,,0.137337,-0.652434,,,14.989347,16.088957,0.011852,0.009597,,,,,,,,,,,,
388384,0.075113,0.845920,0.188510,0.000000,1.000000,0.783802,0.000000,0.000000,,,-12.630490,-12.630490,,,,,-0.044908,0.165427,0.595292,0.075698,0.846038,0.192005,,,,,,
388388,,,,,,,,,0.109870,0.000000,,,13.701120,14.626332,-0.015581,-0.016276,,,,,,,,,,,,
388393,,,,,,,,,,,,,,,,,,,,0.076618,0.846199,0.186309,,,,,,
388399,,,,,,,,,0.027467,-0.652434,,,12.072664,12.306594,-0.004237,0.001934,,,,,,,,,,,,
388403,,,,,,,,,,,,,,,,,,,,0.077423,0.846375,0.180861,,,,,,
388408,,,,,,,,,0.082402,-0.652434,,,11.247025,10.899309,-0.000756,0.011301,,,,,,,,,,,,
388414,,,,,,,,,,,,,,,,,,,,0.077991,0.846479,0.175325,,,,,,
388418,,,,,,,,,-0.000000,0.000000,,,9.463245,9.170677,0.012663,0.024227,,,,,,,,,,,,
388423,,,,,,,,,,,,,,,,,,,,0.078132,0.846540,0.175228,,,,,,
388428,,,,,,,,,-0.000000,0.000000,,,7.962373,7.716207,0.023553,0.034702,,,,,,,,,,,,
388433,0.077491,0.846366,0.176278,,,,,,,,,,,,,,,,,0.077709,0.846407,0.175157,,,,,,
388436,,,,0.000000,1.000000,0.783802,0.000000,0.000000,-0.000000,0.000000,-13.879213,-13.879213,6.699540,6.492415,0.019579,0.030379,-0.049348,0.164843,0.607524,,,,,,,,,
388444,,,,,,,,,,,,,,,,,,,,0.077291,0.846319,0.177998,,,,,,
388448,,,,,,,,,-0.000000,0.000000,,,5.636992,5.462718,0.026301,0.036807,,,,,,,,,,,,
388453,,,,,,,,,,,,,,,,,,,,0.076702,0.846227,0.177893,,,,,,
388459,,,,,,,,,-0.000000,0.000000,,,4.742964,4.596330,0.031517,0.041776,,,,,,,,,,,,
388464,,,,,,,,,,,,,,,,,,,,0.076103,0.846097,0.177673,,,,,,
388468,,,,,,,,,-0.000000,0.000000,,,3.990729,3.867351,0.035465,0.045516,,,,,,,,,,,,
388473,,,,,,,,,,,,,,,,,,,,0.075420,0.845989,0.177601,,,,,,
388478,,,,,,,,,-0.000000,0.000000,,,3.357799,3.253989,0.038347,0.048223,,,,,,,,,,,,
388484,0.074923,0.845919,0.177539,0.000000,1.000000,0.783802,0.000000,0.000000,,,-13.087603,-13.087603,,,,,-0.046534,0.164891,0.606263,0.074688,0.845879,0.177655,,,,,,
388488,,,,,,,,,0.027467,0.652434,,,2.825252,3.282449,0.048406,0.052581,,,,,,,,,,,,
388494,,,,,,,,,,,,,,,,,,,,0.073893,0.845756,0.177538,,,,,,
388498,,,,,,,,,0.027467,0.652434,,,2.377166,3.306395,0.049794,0.049063,,,,,,,,,,,,
388504,,,,,,,,,,,,,,,,,,,,0.073053,0.845612,0.177447,,,,,,
388508,,,,,,,,,0.054935,0.000000,,,2.544691,3.326544,0.044992,0.045578,,,,,,,,,,,,
388514,,,,,,,,,,,,,,,,,,,,0.072021,0.845412,0.180144,,,,,,
388519,,,,,,,,,0.027467,-0.652434,,,2.685646,2.798954,0.040428,0.047677,,,,,,,,,,,,
388524,,,,,,,,,,,,,,,,,,,,0.071410,0.845265,0.182894,,,,,,
388528,,,,,,,,,-0.000000,0.000000,,,2.259702,2.355039,0.041618,0.049027,,,,,,,,,,,,
388533,0.071899,0.845373,0.182455,,,,,,,,,,,,,,,,,0.071622,0.845323,0.182905,,,,,,
388536,,,,0.000000,1.000000,0.783802,0.000000,0.000000,-0.000000,0.000000,-11.995208,-11.995208,1.901313,1.981530,0.053347,0.060891,-0.042650,0.165106,0.601347,,,,,,,,,
388543,,,,,,,,,,,,,,,,,,,,0.072007,0.845404,0.182912,,,,,,
388548,,,,,,,,,-0.000000,0.000000,,,1.599764,1.667259,0.053643,0.061301,,,,,,,,,,,,
388554,,,,,,,,,,,,,,,,,,,,0.072545,0.845483,0.180160,,,,,,
388561,,,,,,,,,-0.000000,0.000000,,,1.346041,1.402831,0.053512,0.061266,,,,0.072875,0.845610,0.177393,,,,,,
388568,,,,,,,,,0.027467,0.652434,,,1.132559,1.724885,0.053021,0.055301,,,,,,,,,,,,
388573,,,,,,,,,,,,,,,,,,,,0.073168,0.845655,0.177418,,,,,,
388578,,,,,,,,,-0.000000,0.000000,,,0.952935,1.451318,0.052228,0.055348,,,,,,,,,,,,
388584,0.073156,0.845635,0.177828,0.000000,1.000000,0.783802,0.000000,0.000000,,,-12.570896,-12.570896,,,,,-0.044697,0.164871,0.605973,0.073271,0.845659,0.177405,,,,,,
388588,,,,,,,,,0.027467,0.652434,,,0.801799,1.765682,0.045308,0.043580,,,,,,,,,,,,
388593,,,,,,,,,,,,,,,,,,,,0.073404,0.845671,0.177393,,,,,,
388598,,,,,,,,,-0.000000,0.000000,,,0.674634,1.485645,0.043930,0.043569,,,,,,,,,,,,
388603,,,,,,,,,,,,,,,,,,,,0.073537,0.845673,0.180171,,,,,,
388608,,,,,,,,,0.027467,0.652434,,,0.567637,1.250021,0.042373,0.043161,,,,,,,,,,,,
388613,,,,,,,,,,,,,,,,,,,,0.073753,0.845675,0.185760,,,,,,
388619,,,,,,,,,-0.000000,0.000000,,,0.477610,1.596311,0.040663,0.036865,,,,,,,,,,,,
388623,,,,,,,,,,,,,,,,,,,,0.073887,0.845681,0.188540,,,,,,
388628,,,,,,,,,-0.000000,0.000000,,,0.401861,1.343136,0.038826,0.036614,,,,,,,,,,,,
388634,0.073905,0.845699,0.187641,0.000000,1.000000,0.783802,0.000000,0.000000,,,-12.325692,-12.325692,,,,,-0.043825,0.165379,0.596161,0.073974,0.845705,0.188540,,,,,,
388638,,,,,,,,,-0.000000,0.000000,,,0.338126,1.130114,0.039383,0.038505,,,,,,,,,,,,
388643,,,,,,,,,,,,,,,,,,,,0.073977,0.845691,0.191304,,,,,,
388648,,,,,,,,,-0.000000,0.000000,,,0.284499,0.950878,0.037397,0.037642,,,,,,,,,,,,
388653,,,,,,,,,,,,,,,,,,,,0.073968,0.845682,0.191304,,,,,,
388658,,,,,,,,,-0.000000,0.000000,,,0.239377,0.800069,0.035335,0.036525,,,,,,,,,,,,
388664,,,,,,,,,,,,,,,,,,,,0.073946,0.845681,0.191304,,,,,,
388668,,,,,,,,,-0.000000,0.000000,,,0.201412,0.673178,0.033210,0.035194,,,,,,,,,,,,
388673,,,,,,,,,,,,,,,,,,,,0.073939,0.845673,0.191304,,,,,,
388679,,,,,,,,,-0.000000,0.000000,,,0.169468,0.566412,0.031030,0.033683,,,,,,,,,,,,
388684,0.073919,0.845671,0.190997,0.000000,1.000000,0.783802,0.000000,0.000000,,,-12.171646,-12.171646,,,,,-0.043277,0.165555,0.592805,0.073920,0.845668,0.191304,,,,,,
388688,,,,,,,,,-0.000000,0.000000,,,0.142590,0.476579,0.030376,0.033592,,,,,,,,,,,,
388694,,,,,,,,,,,,,,,,,,,,0.073900,0.845667,0.191304,,,,,,
388698,,,,,,,,,-0.000000,0.000000,,,0.119976,0.400993,0.028144,0.031834,,,,,,,,,,,,
388703,,,,,,,,,,,,,,,,,,,,0.073904,0.845665,0.191304,,,,,,
388708,,,,,,,,,-0.000000,0.000000,,,0.100947,0.337396,0.025880,0.029968,,,,,,,,,,,,
388714,,,,,,,,,,,,,,,,,,,,0.073908,0.845667,0.191304,,,,,,
388719,,,,,,,,,-0.000000,0.000000,,,0.084937,0.283885,0.023589,0.028012,,,,,,,,,,,,
388723,,,,,,,,,,,,,,,,,,,,0.073921,0.845670,0.191304,,,,,,
388728,,,,,,,,,-0.000000,0.000000,,,0.071466,0.238861,0.021275,0.025980,,,,,,,,,,,,
388733,0.073917,0.845672,0.191278,,,,,,,,,,,,,,,,,0.073917,0.845672,0.191304,,,,,,
388736,,,,0.000000,1.000000,0.783802,0.000000,0.000000,-0.000000,0.000000,-12.158210,-12.158210,0.060132,0.200977,0.019079,0.024021,-0.043229,0.165566,0.592524,,,,,,,,,
388748,,,,,,,,,-0.000000,0.000000,,,0.050595,0.169102,0.016732,0.021875,,,,0.073913,0.845671,0.191290,,,,,,
388754,,,,,,,,,,,,,,,,,,,,0.073913,0.845669,0.191304,,,,,,
388758,,,,,,,,,-0.000000,0.000000,,,0.042570,0.142283,0.014373,0.019683,,,,,,,,,,,,
388763,,,,,,,,,,,,,,,,,,,,0.073918,0.845668,0.191304,,,,,,
388768,,,,,,,,,-0.000000,0.000000,,,0.035819,0.119717,0.012001,0.017453,,,,,,,,,,,,
388774,,,,,,,,,,,,,,,,,,,,0.073919,0.845669,0.191304,,,,,,
388779,,,,,,,,,-0.000000,0.000000,,,0.030138,0.100729,0.009620,0.015191,,,,,,,,,,,,
388783,0.073922,0.845671,0.191302,,,,,,,,,,,,,,,,,0.073923,0.845671,0.191304,,,,,,
388786,,,,0.000000,1.000000,0.783802,0.000000,0.000000,-0.000000,0.000000,-12.158505,-12.158505,0.025358,0.084754,0.007228,0.012899,-0.043230,0.165569,0.592500,,,,,,,,,
388794,,,,,,,,,,,,,,,,,,,,0.073923,0.845671,0.191290,,,,,,
388798,,,,,,,,,-0.000000,0.000000,,,0.021336,0.071312,0.004833,0.010587,,,,,,,,,,,,
388804,,,,,,,,,,,,,,,,,,,,0.073923,0.845671,0.191290,,,,,,
388808,,,,,,,,,-0.000000,0.000000,,,0.017952,0.060002,0.002431,0.008257,,,,,,,,,,,,
388813,,,,,,,,,,,,,,,,,,,,0.073923,0.845669,0.191304,,,,,,
388818,,,,,,,,,-0.000000,0.000000,,,0.015105,0.050485,0.000025,0.005910,,,,,,,,,,,,
388824,,,,,,,,,,,,,,,,,,,,0.073922,0.845671,0.191304,,,,,,
388828,,,,,,,,,-0.000000,0.000000,,,0.012709,0.042478,-0.002385,0.003550,,,,,,,,,,,,
388834,,,,,,,,,,,,,,,,,,,,0.073926,0.845667,0.191304,,,,,,
388840,0.073926,0.845667,0.191304,0.000000,1.000000,0.783802,0.000000,0.000000,-0.000000,0.000000,-12.159149,-12.159149,0.010694,0.035741,-0.004806,0.001172,-0.043233,0.165573,0.592498,,,,,,,,,
388843,,,,,,,,,,,,,,,,,,,,0.073923,0.845672,0.191304,,,,,,
388848,,,,,,,,,-0.000000,0.000000,,,0.008998,0.030073,-0.007222,-0.001209,,,,,,,,,,,,
388854,,,,,,,,,,,,,,,,,,,,0.073927,0.845670,0.191304,,,,,,
388858,,,,,,,,,-0.000000,0.000000,,,0.007571,0.025303,-0.009641,-0.003598,,,,,,,,,,,,
388864,,,,,,,,,,,,,,,,,,,,0.073926,0.845669,0.191304,,,,,,
388868,,,,,,,,,-0.000000,0.000000,,,0.006370,0.021290,-0.012062,-0.005994,,,,,,,,,,,,
388873,,,,,,,,,,,,,,,,,,,,0.073919,0.845668,0.191304,,,,,,
388879,,,,,,,,,-0.000000,0.000000,,,0.005360,0.017914,-0.014485,-0.008396,,,,,,,,,,,,
388884,0.073922,0.845667,0.191304,0.000000,1.000000,0.783802,0.000000,0.000000,,,-12.158009,-12.158009,,,,,-0.043228,0.165573,0.592498,0.073922,0.845667,0.191304,,,,,,
388888,,,,,,,,,-0.000000,0.000000,,,0.004510,0.015072,-0.016898,-0.010791,,,,,,,,,,,,
388893,,,,,,,,,,,,,,,,,,,,0.073929,0.845669,0.191304,,,,,,
388898,,,,,,,,,-0.000000,0.000000,,,0.003794,0.012682,-0.019323,-0.013201,,,,,,,,,,,,
388904,,,,,,,,,,,,,,,,,,,,0.073933,0.845670,0.191304,,,,,,
388908,,,,,,,,,-0.000000,0.000000,,,0.003193,0.010671,-0.021749,-0.015615,,,,,,,,,,,,
388914,,,,,,,,,,,,,,,,,,,,0.073931,0.845670,0.191304,,,,,,
388918,,,,,,,,,-0.000000,0.000000,,,0.002686,0.008978,-0.024176,-0.018031,,,,,,,,,,,,
388923,,,,,,,,,,,,,,,,,,,,0.073929,0.845669,0.191304,,,,,,
388928,,,,,,,,,-0.000000,0.000000,,,0.002260,0.007554,-0.026604,-0.020450,,,,,,,,,,,,
388934,,,,,,,,,,,,,,,,,,,,0.073926,0.845670,0.191304,,,,,,
388940,0.073925,0.845670,0.191304,0.000000,1.000000,0.783802,0.000000,0.000000,-0.000000,0.000000,-12.159172,-12.159172,0.001902,0.006356,-0.029044,-0.022883,-0.043233,0.165571,0.592498,,,,,,,,,
388944,,,,,,,,,,,,,,,,,,,,0.073927,0.845669,0.191304,,,,,,
388948,,,,,,,,,-0.000000,0.000000,,,0.001600,0.005348,-0.031473,-0.025305,,,,,,,,,,,,
388953,,,,,,,,,,,,,,,,,,,,0.073925,0.845670,0.191304,,,,,,
388958,,,,,,,,,-0.000000,0.000000,,,0.001346,0.004500,-0.033903,-0.027730,,,,,,,,,,,,
388964,,,,,,,,,,,,,,,,,,,,0.073932,0.845673,0.191304,,,,,,
388968,,,,,,,,,-0.000000,0.000000,,,0.001133,0.003786,-0.036333,-0.030155,,,,,,,,,,,,
388973,,,,,,,,,,,,,,,,,,,,0.073931,0.845671,0.191304,,,,,,
388978,,,,,,,,,-0.000000,0.000000,,,0.000953,0.003186,-0.038763,-0.032582,,,,,,,,,,,,
388983,0.073933,0.845669,0.191304,0.000000,1.000000,0.783802,0.000000,0.000000,,,,,,,,,,,,0.073933,0.845669,0.191304,,,,,,
388986,,,,,,,,,-0.000000,0.000000,-12.161135,-12.161135,0.000802,0.002680,-0.041214,-0.035029,-0.043240,0.165573,0.592498,,,,,,,,,
388993,,,,,,,,,,,,,,,,,,,,0.073933,0.845669,0.191304,,,,,,
388999,,,,,,,,,-0.000000,0.000000,,,0.000675,0.002255,-0.043645,-0.037457,,,,,,,,,,,,
389004,,,,,,,,,,,,,,,,,,,,0.073928,0.845673,0.191304,,,,,,
389008,,,,,,,,,-0.000000,0.000000,,,0.000568,0.001898,-0.046076,-0.039886,,,,,,,,,,,,
389014,,,,,,,,,,,,,,,,,,,,0.073927,0.845671,0.191304,,,,,,
389018,,,,,,,,,-0.000000,0.000000,,,0.000478,0.001597,-0.048507,-0.042316,,,,,,,,,,,,
389024,,,,,,,,,,,,,,,,,,,,0.073933,0.845672,0.191304,,,,,,
389028,,,,,,,,,-0.000000,0.000000,,,0.000402,0.001343,-0.050939,-0.044746,,,,,,,,,,,,
389035,0.073933,0.845672,0.191304,0.000000,1.000000,0.783802,0.000000,0.000000,,,-12.161459,-12.161459,,,,,-0.043241,0.165570,0.592498,0.073934,0.845674,0.191304,,,,,,
389041,,,,,,,,,-0.000000,0.000000,,,0.000338,0.001130,-0.053374,-0.047180,,,,,,,,,,,,
389044,,,,,,,,,,,,,,,,,,,,0.073932,0.845670,0.191304,,,,,,
389048,,,,,,,,,-0.000000,0.000000,,,0.000285,0.000951,-0.055806,-0.049610,,,,,,,,,,,,
389054,,,,,,,,,,,,,,,,,,,,0.073934,0.845671,0.191304,,,,,,
389058,,,,,,,,,-0.000000,0.000000,,,0.000239,0.000800,-0.058238,-0.052041,,,,,,,,,,,,
389064,,,,,,,,,,,,,,,,,,,,0.073932,0.845670,0.191304,,,,,,
389068,,,,,,,,,-0.000000,0.000000,,,0.000201,0.000673,-0.060670,-0.054472,,,,,,,,,,,,
389074,,,,,,,,,,,,,,,,,,,,0.073927,0.845673,0.191304,,,,,,
389078,,,,,,,,,-0.000000,0.000000,,,0.000170,0.000567,-0.063102,-0.056904,,,,,,,,,,,,
389084,0.073921,0.845673,0.191304,0.000000,1.000000,0.783802,0.000000,0.000000,,,-12.158195,-12.158195,,,,,-0.043229,0.165567,0.592498,0.073920,0.845673,0.191304,,,,,,
389088,,,,,,,,,-0.027467,-0.652434,,,0.000143,-0.544067,-0.065500,-0.053748,,,,,,,,,,,,
389094,,,,,,,,,,,,,,,,,,,,0.073913,0.845672,0.191304,,,,,,
389099,,,,,,,,,-0.000000,0.000000,,,0.000120,-0.457778,-0.067932,-0.056951,,,,,,,,,,,,
389104,,,,,,,,,,,,,,,,,,,,0.073906,0.845659,0.191290,,,,,,
389108,,,,,,,,,-0.027467,-0.652434,,,0.000101,-0.929717,-0.070363,-0.054477,,,,,,,,,,,,
389113,,,,,,,,,,,,,,,,,,,,0.073868,0.845635,0.188540,,,,,,
389118,,,,,,,,,-0.000000,0.000000,,,0.000085,-0.782264,-0.072795,-0.058227,,,,,,,,,,,,
389124,,,,,,,,,,,,,,,,,,,,0.073796,0.845667,0.188540,,,,,,
389128,,,,,,,,,-0.000000,0.000000,,,0.000071,-0.658197,-0.075226,-0.061767,,,,,,,,,,,,
389133,,,,,,,,,,,,,,,,,,,,0.073736,0.845659,0.185777,,,,,,
389136,0.073752,0.845660,0.186241,0.000000,1.000000,0.783802,0.000000,0.000000,-0.027467,-0.652434,-12.346228,-12.346228,0.000060,-1.098350,-0.079576,-0.061496,-0.043898,0.165327,0.597561,,,,,,,,,
389143,,,,,,,,,,,,,,,,,,,,0.073621,0.845642,0.182963,,,,,,
389148,,,,,,,,,-0.000000,0.000000,,,0.000051,-0.924151,-0.082045,-0.065522,,,,,,,,,,,,
389154,,,,,,,,,,,,,,,,,,,,0.073520,0.845628,0.182963,,,,,,
389159,,,,,,,,,-0.027467,-0.652434,,,0.000043,-1.322124,-0.084514,-0.063747,,,,,,,,,,,,
389164,,,,,,,,,,,,,,,,,,,,0.073419,0.845634,0.177418,,,,,,
389168,,,,,,,,,-0.000000,0.000000,,,0.000036,-1.112435,-0.086983,-0.068091,,,,,,,,,,,,
389174,,,,,,,,,,,,,,,,,,,,0.073284,0.845659,0.174639,,,,,,
389178,,,,,,,,,-0.000000,0.000000,,,0.000030,-0.936003,-0.089453,-0.072137,,,,,,,,,,,,
389183,,,,,,,,,,,,,,,,,,,,0.073058,0.845655,0.171848,,,,,,
389186,0.073116,0.845656,0.173056,0.000000,1.000000,0.783802,0.000000,0.000000,-0.027467,-0.652434,-12.781956,-12.781956,0.000025,-1.332096,-0.096366,-0.074823,-0.045447,0.164629,0.610746,,,,,,,,,
389193,,,,,,,,,,,,,,,,,,,,0.072762,0.845599,0.169048,,,,,,
389199,,,,,,,,,-0.027467,-0.652434,,,0.000021,-1.665368,-0.098923,-0.073714,,,,,,,,,,,,
389204,,,,,,,,,,,,,,,,,,,,0.072517,0.845553,0.169038,,,,,,
389208,,,,,,,,,-0.027467,0.652434,,,-0.544525,-1.401241,-0.095925,-0.078631,,,,,,,,,,,,
389214,,,,,,,,,,,,,,,,,,,,0.072371,0.845529,0.166260,,,,,,
389218,,,,,,,,,-0.027467,-0.652434,,,-0.458163,-1.723547,-0.099253,-0.077620,,,,,,,,,,,,
389224,,,,,,,,,,,,,,,,,,,,0.072252,0.845483,0.163493,,,,,,
389228,,,,,,,,,-0.000000,0.000000,,,-0.385499,-1.450192,-0.102459,-0.082620,,,,,,,,,,,,
389233,,,,,,,,,,,,,,,,,,,,0.072123,0.845468,0.160716,,,,,,
389236,0.072207,0.845484,0.161752,0.000000,1.000000,0.783802,0.000000,0.000000,-0.027467,-0.652434,-13.044291,-13.044291,-0.324359,-1.764735,-0.108238,-0.084354,-0.046380,0.164128,0.622050,,,,,,,,,
389244,,,,,,,,,,,,,,,,,,,,0.071950,0.845465,0.157940,,,,,,
389248,,,,,,,,,-0.027467,-0.652434,,,-0.272915,-2.029391,-0.111306,-0.083910,,,,,,,,,,,,
389254,,,,,,,,,,,,,,,,,,,,0.071717,0.845501,0.149623,,,,,,
389259,,,,,,,,,-0.027467,-0.652434,,,-0.229631,-2.252072,-0.114302,-0.083842,,,,,,,,,,,,
389264,,,,,,,,,,,,,,,,,,,,0.071458,0.845484,0.144084,,,,,,
389268,,,,,,,,,-0.027467,-0.652434,,,-0.193211,-2.439437,-0.117236,-0.084089,,,,,,,,,,,,
389274,,,,,,,,,,,,,,,,,,,,0.071190,0.845462,0.138535,,,,,,
389278,,,,,,,,,-0.027467,-0.652434,,,-0.162568,-2.597085,-0.120119,-0.084602,,,,,,,,,,,,
389284,0.070855,0.845462,0.127613,0.000000,1.000000,0.783802,0.000000,0.000000,,,-14.234501,-14.234501,,,,,-0.050612,0.162299,0.656189,0.070856,0.845479,0.127473,,,,,,
389288,,,,,,,,,-0.054935,-1.304868,,,-0.136785,-3.274273,-0.135099,-0.091924,,,,,,,,,,,,
389294,,,,,,,,,,,,,,,,,,,,0.070461,0.845463,0.119154,,,,,,
389300,,,,,,,,,-0.054935,-1.304868,,,-0.115091,-3.844060,-0.138140,-0.088305,,,,,,,,,,,,
389304,,,,,,,,,,,,,,,,,,,,0.069997,0.845451,0.110822,,,,,,
389308,,,,,,,,,-0.054935,0.000000,,,-0.641380,-3.778934,-0.135595,-0.091047,,,,,,,,,,,,
389313,,,,,,,,,,,,,,,,,,,,0.069554,0.845433,0.102507,,,,,,
389318,,,,,,,,,-0.027467,-0.652434,,,-0.539657,-3.724138,-0.139351,-0.093697,,,,,,,,,,,,
389324,,,,,,,,,,,,,,,,,,,,0.069110,0.845411,0.096965,,,,,,
389328,,,,,,,,,-0.082402,-0.652434,,,-0.998611,-4.222576,-0.137409,-0.090715,,,,,,,,,,,,
389333,,,,,,,,,,,,,,,,,,,,0.068606,0.845396,0.091415,,,,,,
389336,0.068451,0.845363,0.091715,0.000000,1.000000,0.783802,0.000000,0.000000,-0.109870,0.000000,-15.187615,-15.187615,-1.929317,-4.641961,-0.140285,-0.098161,-0.054000,0.160256,0.692086,,,,,,,,,
389343,,,,,,,,,,,,,,,,,,,,0.068181,0.845343,0.088679,,,,,,
389348,,,,,,,,,-0.082402,-0.652434,,,-2.167871,-4.994832,-0.140503,-0.096671,,,,,,,,,,,,
389354,,,,,,,,,,,,,,,,,,,,0.067678,0.845284,0.085947,,,,,,
389359,,,,,,,,,-0.054935,0.000000,,,-2.368589,-4.747194,-0.141060,-0.101236,,,,,,,,,,,,
389364,,,,,,,,,,,,,,,,,,,,0.067184,0.845192,0.083257,,,,,,
389368,,,,,,,,,-0.164805,0.000000,,,-3.626560,-5.627918,-0.130792,-0.094340,,,,,,,,,,,,
389374,,,,,,,,,,,,,,,,,,,,0.066679,0.845210,0.086085,,,,,,
389378,,,,,,,,,-0.109870,0.000000,,,-4.140474,-5.824416,-0.127863,-0.094248,,,,,,,,,,,,
389384,0.065768,0.845131,0.084055,0.000000,1.000000,0.783802,0.000000,0.000000,,,-14.774989,-14.774989,,,,,-0.052533,0.159844,0.699747,0.066023,0.845156,0.083353,,,,,,
389388,,,,,,,,,-0.137337,-0.652434,,,-4.572881,-6.534293,-0.121453,-0.084671,,,,,,,,,,,,
389394,,,,,,,,,,,,,,,,,,,,0.065405,0.845105,0.083371,,,,,,
389398,,,,,,,,,-0.137337,0.652434,,,-5.481251,-6.587039,-0.114228,-0.085781,,,,,,,,,,,,
389404,,,,,,,,,,,,,,,,,,,,0.064771,0.845053,0.083558,,,,,,
389408,,,,,,,,,-0.109870,0.000000,,,-5.701010,-6.631421,-0.113845,-0.086966,,,,,,,,,,,,
389414,,,,,,,,,,,,,,,,,,,,0.064095,0.845043,0.083540,,,,,,
389419,,,,,,,,,-0.109870,0.000000,,,-5.885916,-6.668763,-0.113774,-0.088214,,,,,,,,,,,,
389424,,,,,,,,,,,,,,,,,,,,0.063272,0.844986,0.086366,,,,,,
389428,,,,,,,,,-0.164805,0.000000,,,-6.586039,-7.244726,-0.108410,-0.083961,,,,,,,,,,,,
389434,0.061797,0.844843,0.086195,0.000000,1.000000,0.783802,0.000000,0.000000,,,-13.559184,-13.559184,,,,,-0.048210,0.159901,0.697607,0.062186,0.844880,0.086391,,,,,,
389438,,,,,,,,,-0.109870,0.000000,,,-6.630579,-7.184798,-0.097193,-0.073677,,,,,,,,,,,,
389443,,,,,,,,,,,,,,,,,,,,0.060711,0.844765,0.089146,,,,,,
389448,,,,,,,,,-0.109870,0.000000,,,-6.668054,-7.134374,-0.098196,-0.075466,,,,,,,,,,,,
389453,,,,,,,,,,,,,,,,,,,,0.059286,0.844687,0.089073,,,,,,
389459,,,,,,,,,-0.054935,0.000000,,,-6.155043,-6.547405,-0.104807,-0.082738,,,,,,,,,,,,
389464,,,,,,,,,,,,,,,,,,,,0.057725,0.844521,0.086157,,,,,,
389468,,,,,,,,,-0.164805,0.000000,,,-6.812482,-7.142615,-0.099582,-0.078069,,,,,,,,,,,,
389474,,,,,,,,,,,,,,,,,,,,0.056229,0.844414,0.086228,,,,,,
389478,,,,,,,,,-0.109870,0.000000,,,-6.821108,-7.098882,-0.100843,-0.079798,,,,,,,,,,,,
389483,0.054691,0.844348,0.086186,,,,,,,,,,,,,,,,,0.054542,0.844346,0.086186,,,,,,
389486,,,,0.000000,1.000000,0.783802,0.000000,0.000000,-0.109870,0.000000,-11.556463,-11.556463,-6.828366,-7.062085,-0.081689,-0.061038,-0.041090,0.159782,0.697616,,,,,,,,,
389493,,,,,,,,,,,,,,,,,,,,0.052898,0.844171,0.086107,,,,,,
389498,,,,,,,,,-0.109870,0.000000,,,-6.834473,-7.031124,-0.082573,-0.062253,,,,,,,,,,,,
389503,,,,,,,,,,,,,,,,,,,,0.051112,0.844029,0.088878,,,,,,
389508,,,,,,,,,-0.082402,-0.652434,,,-6.295068,-7.005073,-0.089019,-0.063424,,,,,,,,,,,,
389514,,,,,,,,,,,,,,,,,,,,0.049287,0.843896,0.088747,,,,,,
389519,,,,,,,,,-0.082402,-0.652434,,,-6.385756,-6.983154,-0.089146,-0.064557,,,,,,,,,,,,
389523,,,,,,,,,,,,,,,,,,,,0.047311,0.843669,0.088729,,,,,,
389528,,,,,,,,,-0.109870,1.304868,,,-6.462060,-6.420168,-0.089402,-0.071215,,,,,,,,,,,,
389533,,,,,,,,,,,,,,,,,,,,0.045240,0.843540,0.088613,,,,,,
389536,0.045575,0.843556,0.093885,0.000000,1.000000,0.783802,0.000000,0.000000,-0.109870,0.000000,-8.636679,-8.636679,-6.526263,-6.491015,-0.059984,-0.041737,-0.030708,0.160028,0.689917,,,,,,,,,
389544,,,,,,,,,,,,,,,,,,,,0.043572,0.843407,0.091338,,,,,,
389548,,,,,,,,,-0.109870,0.000000,,,-6.580284,-6.550625,-0.059855,-0.041558,,,,,,,,,,,,
389554,,,,,,,,,,,,,,,,,,,,0.042740,0.843307,0.088601,,,,,,
389558,,,,,,,,,-0.054935,0.000000,,,-6.081193,-6.056239,-0.065357,-0.047018,,,,,,,,,,,,
389564,,,,,,,,,,,,,,,,,,,,0.042024,0.843222,0.088606,,,,,,
389568,,,,,,,,,-0.054935,0.000000,,,-5.661258,-5.640262,-0.070152,-0.051777,,,,,,,,,,,,
389574,,,,,,,,,,,,,,,,,,,,0.041311,0.843139,0.091395,,,,,,
389579,,,,,,,,,-0.082402,-0.652434,,,-5.852468,-5.834802,-0.068796,-0.050392,,,,,,,,,,,,
389584,0.040429,0.843138,0.088866,0.000000,1.000000,0.783802,0.000000,0.000000,,,-7.410362,-7.410362,,,,,-0.026348,0.159831,0.694936,0.040334,0.843130,0.091395,,,,,,
389588,,,,,,,,,-0.137337,0.652434,,,-6.013352,-5.998488,-0.055204,-0.036775,,,,,,,,,,,,
389594,,,,,,,,,,,,,,,,,,,,0.039297,0.843086,0.088613,,,,,,
389598,,,,,,,,,-0.054935,0.000000,,,-5.604177,-5.591670,-0.059657,-0.041207,,,,,,,,,,,,
389604,,,,,,,,,,,,,,,,,,,,0.038722,0.842992,0.088613,,,,,,
389608,,,,,,,,,-0.027467,0.652434,,,-5.259897,-4.704830,-0.063530,-0.050616,,,,,,,,,,,,
389614,,,,,,,,,,,,,,,,,,,,0.038258,0.842936,0.088613,,,,,,
389619,,,,,,,,,-0.027467,-0.652434,,,-4.425676,-4.503187,-0.072469,-0.053214,,,,,,,,,,,,
389623,,,,,,,,,,,,,,,,,,,,0.037814,0.842893,0.088615,,,,,,
389628,,,,,,,,,-0.082402,0.652434,,,-4.812850,-4.333524,-0.069117,-0.055526,,,,,,,,,,,,
389633,,,,,,,,,,,,,,,,,,,,0.037258,0.842868,0.088613,,,,,,
389636,0.037180,0.842855,0.091372,0.000000,1.000000,0.783802,0.000000,0.000000,-0.027467,-0.652434,-6.380613,-6.380613,-4.049531,-4.190770,-0.066918,-0.047094,-0.022687,0.159882,0.692430,,,,,,,,,
389643,,,,,,,,,,,,,,,,,,,,0.036764,0.842852,0.088590,,,,,,
389648,,,,,,,,,-0.054935,-1.304868,,,-3.407275,-4.615200,-0.073936,-0.043203,,,,,,,,,,,,
389653,,,,,,,,,,,,,,,,,,,,0.036398,0.842790,0.088598,,,,,,
389658,,,,,,,,,-0.000000,0.000000,,,-2.866881,-3.883228,-0.080042,-0.051022,,,,,,,,,,,,
389663,,,,,,,,,,,,,,,,,,,,0.036136,0.842778,0.088606,,,,,,
389668,,,,,,,,,-0.027467,0.652434,,,-2.956736,-3.267348,-0.079829,-0.057804,,,,,,,,,,,,
389674,,,,,,,,,,,,,,,,,,,,0.035942,0.842809,0.085845,,,,,,
389679,,,,,,,,,-0.054935,0.000000,,,-3.032341,-3.293689,-0.079742,-0.058157,,,,,,,,,,,,
389684,0.035678,0.842808,0.086319,0.000000,1.000000,0.783802,0.000000,0.000000,,,-6.185550,-6.185550,,,,,-0.021993,0.159683,0.697483,0.035791,0.842826,0.085856,,,,,,
389688,,,,,,,,,-0.027467,0.652434,,,-3.095954,-2.771310,-0.077773,-0.062114,,,,,,,,,,,,
389694,,,,,,,,,,,,,,,,,,,,0.035760,0.842832,0.085869,,,,,,
389698,,,,,,,,,-0.027467,-0.652434,,,-2.604936,-2.876323,-0.083400,-0.061725,,,,,,,,,,,,
389703,,,,,,,,,,,,,,,,,,,,0.035771,0.842858,0.088653,,,,,,
389708,,,,,,,,,-0.027467,0.652434,,,-2.736336,-2.420138,-0.082776,-0.067040,,,,,,,,,,,,
389714,,,,,,,,,,,,,,,,,,,,0.035781,0.842779,0.091453,,,,,,
389718,,,,,,,,,-0.000000,0.000000,,,-2.302352,-2.036304,-0.087892,-0.071708,,,,,,,,,,,,
389724,,,,,,,,,,,,,,,,,,,,0.035711,0.842788,0.091453,,,,,,
389728,,,,,,,,,-0.027467,-0.652434,,,-1.937199,-2.257889,-0.092393,-0.070278,,,,,,,,,,,,
389733,,,,,,,,,,,,,,,,,,,,0.035514,0.842841,0.088697,,,,,,
389739,0.035528,0.842838,0.088498,0.000000,1.000000,0.783802,0.000000,0.000000,-0.000000,0.000000,-6.046447,-6.046447,,,,,-0.021498,0.159687,0.695304,,,,,,,,,
389742,,,,,,,,,,,,,-1.629959,-2.444330,-0.094958,-0.067743,,,,0.035266,0.842831,0.085912,,,,,,
389748,,,,,,,,,-0.027467,-0.652434,,,-1.371447,-2.056659,-0.098478,-0.072418,,,,,,,,,,,,
389754,,,,,,,,,,,,,,,,,,,,0.034956,0.842831,0.080343,,,,,,
389758,,,,,,,,,-0.054935,0.000000,,,-1.698479,-2.275016,-0.096077,-0.070988,,,,,,,,,,,,
389763,,,,,,,,,,,,,,,,,,,,0.034578,0.842830,0.074790,,,,,,
389768,,,,,,,,,-0.000000,0.000000,,,-1.429100,-1.914198,-0.099695,-0.075423,,,,,,,,,,,,
389774,,,,,,,,,,,,,,,,,,,,0.034196,0.842812,0.072020,,,,,,
389779,,,,,,,,,-0.054935,0.000000,,,-1.746988,-2.155149,-0.097376,-0.073792,,,,,,,,,,,,
389783,,,,,,,,,,,,,,,,,,,,0.033880,0.842804,0.072005,,,,,,
389786,0.033789,0.842787,0.073389,0.000000,1.000000,0.783802,0.000000,0.000000,-0.027467,-0.652434,-6.235408,-6.235408,-1.469915,-2.357885,-0.102989,-0.074430,-0.022170,0.159268,0.710413,,,,,,,,,
389794,,,,,,,,,,,,,,,,,,,,0.033550,0.842764,0.074775,,,,,,
389798,,,,,,,,,-0.027467,0.652434,,,-1.781330,-1.983924,-0.100766,-0.079019,,,,,,,,,,,,
389803,,,,,,,,,,,,,,,,,,,,0.033228,0.842708,0.074775,,,,,,
389808,,,,,,,,,-0.054935,0.000000,,,-2.043354,-2.213817,-0.098984,-0.077525,,,,,,,,,,,,
389813,,,,,,,,,,,,,,,,,,,,0.032845,0.842677,0.074775,,,,,,
389818,,,,,,,,,-0.027467,-0.652434,,,-1.719278,-2.407248,-0.103128,-0.076356,,,,,,,,,,,,
389824,,,,,,,,,,,,,,,,,,,,0.032458,0.842659,0.072005,,,,,,
389828,,,,,,,,,-0.054935,0.000000,,,-1.991143,-2.570002,-0.101258,-0.075462,,,,,,,,,,,,
389833,,,,,,,,,,,,,,,,,,,,0.032006,0.842650,0.069236,,,,,,
389839,0.031926,0.842644,0.069584,0.000000,1.000000,0.783802,0.000000,0.000000,-0.054935,0.000000,,,-2.219891,-2.706942,-0.099774,-0.074798,,,,,,,,,,,,
389842,,,,,,,,,,,-5.880345,-5.880345,,,,,-0.020908,0.159195,0.714218,0.031563,0.842631,0.066482,,,,,,
389848,,,,,,,,,-0.054935,0.000000,,,-2.412359,-2.822164,-0.094992,-0.070707,,,,,,,,,,,,
389854,,,,,,,,,,,,,,,,,,,,0.031097,0.842615,0.066508,,,,,,
389858,,,,,,,,,-0.054935,0.000000,,,-2.574302,-2.919112,-0.094034,-0.070330,,,,,,,,,,,,
389864,,,,,,,,,,,,,,,,,,,,0.030574,0.842562,0.066508,,,,,,
389868,,,,,,,,,-0.054935,0.000000,,,-2.710560,-3.000683,-0.093305,-0.070090,,,,,,,,,,,,
389873,,,,,,,,,,,,,,,,,,,,0.030045,0.842554,0.069278,,,,,,
389878,,,,,,,,,-0.054935,0.000000,,,-2.825208,-3.069318,-0.092770,-0.069966,,,,,,,,,,,,
389884,0.029383,0.842548,0.066728,0.000000,1.000000,0.783802,0.000000,0.000000,,,-5.292942,-5.292942,,,,,-0.018819,0.159061,0.717074,0.029402,0.842556,0.066467,,,,,,
389888,,,,,,,,,-0.054935,0.000000,,,-2.921673,-3.127067,-0.086405,-0.063947,,,,,,,,,,,,
389893,,,,,,,,,,,,,,,,,,,,0.028761,0.842554,0.066467,,,,,,
389899,,,,,,,,,-0.054935,0.000000,,,-3.002839,-3.175657,-0.086052,-0.063885,,,,,,,,,,,,
389903,,,,,,,,,,,,,,,,,,,,0.028102,0.842542,0.066482,,,,,,
389908,,,,,,,,,-0.027467,-0.652434,,,-2.526588,-3.216540,-0.091367,-0.063891,,,,,,,,,,,,
389914,,,,,,,,,,,,,,,,,,,,0.027428,0.842466,0.066482,,,,,,
389918,,,,,,,,,-0.054935,0.000000,,,-2.670414,-3.250940,-0.090454,-0.063956,,,,,,,,,,,,
389923,,,,,,,,,,,,,,,,,,,,0.026793,0.842451,0.066467,,,,,,
389928,,,,,,,,,-0.082402,0.652434,,,-3.335972,-3.279884,-0.084189,-0.064069,,,,,,,,,,,,
389934,,,,,,,,,,,,,,,,,,,,0.026246,0.842413,0.066458,,,,,,
389951,0.026165,0.842396,0.069218,0.000000,1.000000,0.783802,0.000000,0.000000,-0.000000,0.000000,-4.275563,-4.275563,-2.819893,-2.322006,-0.079652,-0.064168,-0.015202,0.159036,0.714584,,,,,,,,,
389954,,,,,,,,,,,,,,,,,,,,0.025521,0.842314,0.066467,,,,,,
389958,,,,,,,,,-0.109870,-1.304868,,,-2.917201,-3.587365,-0.078951,-0.051652,,,,,,,,,,,,
389964,,,,,,,,,,,,,,,,,,,,0.025046,0.842260,0.069236,,,,,,
389968,,,,,,,,,-0.027467,0.652434,,,-2.999075,-3.018409,-0.078388,-0.057593,,,,,,,,,,,,
389973,,,,,,,,,,,,,,,,,,,,0.024478,0.842293,0.066467,,,,,,
389978,,,,,,,,,-0.054935,0.000000,,,-3.067965,-3.084232,-0.077940,-0.057173,,,,,,,,,,,,
389983,0.023936,0.842298,0.064169,,,,,,,,,,,,,,,,,0.023982,0.842306,0.063707,,,,,,
389986,,,,0.000000,1.000000,0.783802,0.000000,0.000000,-0.027467,-0.652434,-3.873868,-3.873868,-2.581385,-3.139616,-0.079047,-0.052749,-0.013774,0.158912,0.719633,,,,,,,,,
389993,,,,,,,,,,,,,,,,,,,,0.023596,0.842265,0.066495,,,,,,
389999,,,,,,,,,-0.027467,0.652434,,,-2.716520,-2.641672,-0.077928,-0.057975,,,,,,,,,,,,
390004,,,,,,,,,,,,,,,,,,,,0.023237,0.842192,0.069245,,,,,,
390008,,,,,,,,,-0.054935,0.000000,,,-2.830223,-2.767246,-0.076999,-0.056940,,,,,,,,,,,,
390014,,,,,,,,,,,,,,,,,,,,0.022884,0.842149,0.069236,,,,,,
390018,,,,,,,,,-0.027467,0.652434,,,-2.925893,-2.328360,-0.076232,-0.061638,,,,,,,,,,,,
390024,,,,,,,,,,,,,,,,,,,,0.022524,0.842077,0.071985,,,,,,
390028,,,,,,,,,-0.054935,0.000000,,,-3.006389,-2.503625,-0.075601,-0.060160,,,,,,,,,,,,
390034,0.022122,0.842070,0.071334,0.000000,1.000000,0.783802,0.000000,0.000000,,,-3.040225,-3.040225,,,,,-0.010810,0.159105,0.712468,0.022207,0.842066,0.071990,,,,,,
390042,,,,,,,,,-0.054935,0.000000,,,-3.074118,-2.651093,-0.066580,-0.050426,,,,0.021838,0.842073,0.077524,,,,,,
390048,,,,,,,,,-0.000000,0.000000,,,-2.586563,-2.230629,-0.071547,-0.054793,,,,,,,,,,,,
390054,,,,,,,,,,,,,,,,,,,,0.021438,0.842053,0.077529,,,,,,
390058,,,,,,,,,-0.027467,-0.652434,,,-2.176334,-2.421394,-0.075822,-0.053009,,,,,,,,,,,,
390064,,,,,,,,,,,,,,,,,,,,0.020925,0.842055,0.077519,,,,,,
390068,,,,,,,,,-0.000000,0.000000,,,-1.831167,-2.037361,-0.079515,-0.057050,,,,,,,,,,,,
390073,,,,,,,,,,,,,,,,,,,,0.020491,0.842025,0.077519,,,,,,
390078,,,,,,,,,-0.027467,-0.652434,,,-1.540744,-2.258778,-0.082719,-0.054992,,,,,,,,,,,,
390084,0.020191,0.841985,0.074262,0.000000,1.000000,0.783802,0.000000,0.000000,,,-2.365655,-2.365655,,,,,-0.008411,0.159077,0.709540,0.020139,0.841985,0.077519,,,,,,
390088,,,,,,,,,-0.000000,0.000000,,,-1.296381,-1.900536,-0.078631,-0.051922,,,,,,,,,,,,
390094,,,,,,,,,,,,,,,,,,,,0.019952,0.841966,0.074749,,,,,,
390099,,,,,,,,,-0.027467,-0.652434,,,-1.090775,-2.143654,-0.080942,-0.049535,,,,,,,,,,,,
390104,,,,,,,,,,,,,,,,,,,,0.019829,0.841988,0.071976,,,,,,
390108,,,,,,,,,-0.027467,0.652434,,,-1.462321,-1.803670,-0.077407,-0.053047,,,,,,,,,,,,
390113,,,,,,,,,,,,,,,,,,,,0.019722,0.842056,0.066449,,,,,,
390118,,,,,,,,,-0.054935,0.000000,,,-1.774940,-2.062151,-0.074399,-0.050523,,,,,,,,,,,,
390123,,,,,,,,,,,,,,,,,,,,0.019648,0.842052,0.060920,,,,,,
390128,,,,,,,,,-0.027467,0.652434,,,-2.037978,-1.735094,-0.071834,-0.053920,,,,,,,,,,,,
390133,0.019482,0.842042,0.064777,,,,,,,,,,,,,,,,,0.019543,0.842058,0.060920,,,,,,
390136,,,,0.000000,1.000000,0.783802,0.000000,0.000000,-0.027467,-0.652434,-2.592214,-2.592214,-1.714754,-2.004451,-0.077508,-0.053609,-0.009217,0.158888,0.719025,,,,,,,,,
390144,,,,,,,,,,,,,,,,,,,,0.019401,0.842053,0.063697,,,,,,
390148,,,,,,,,,-0.000000,0.000000,,,-1.442794,-1.686545,-0.080457,-0.056970,,,,,,,,,,,,
390154,,,,,,,,,,,,,,,,,,,,0.019178,0.842030,0.066451,,,,,,
390159,,,,,,,,,-0.027467,0.652434,,,-1.758510,-1.419058,-0.077467,-0.059879,,,,,,,,,,,,
390164,,,,,,,,,,,,,,,,,,,,0.018880,0.842030,0.069221,,,,,,
390168,,,,,,,,,-0.000000,0.000000,,,-1.479610,-1.193996,-0.080478,-0.062409,,,,,,,,,,,,
390174,,,,,,,,,,,,,,,,,,,,0.018657,0.842034,0.071972,,,,,,
390178,,,,,,,,,-0.000000,0.000000,,,-1.244943,-1.004628,-0.083094,-0.064621,,,,,,,,,,,,
390184,0.018672,0.841989,0.071370,0.000001,1.000001,0.783802,0.000000,0.000000,,,-2.068847,-2.068847,,,,,-0.007356,0.158941,0.712433,0.018598,0.841984,0.071973,,,,,,
390188,,,,,,,,,-0.027467,-0.652434,,,-1.047495,-1.389837,-0.080039,-0.055671,,,,,,,,,,,,
390194,,,,,,,,,,,,,,,,,,,,0.018535,0.841986,0.069204,,,,,,
390199,,,,,,,,,-0.000000,0.000000,,,-0.881362,-1.169408,-0.081938,-0.058055,,,,,,,,,,,,
390204,,,,,,,,,,,,,,,,,,,,0.018414,0.841999,0.066435,,,,,,
390208,,,,,,,,,-0.027467,-0.652434,,,-0.741578,-1.528483,-0.083602,-0.054572,,,,,,,,,,,,
390214,,,,,,,,,,,,,,,,,,,,0.018299,0.842008,0.063667,,,,,,
390218,,,,,,,,,-0.000000,0.000000,,,-0.623964,-1.286066,-0.085067,-0.057153,,,,,,,,,,,,
390223,,,,,,,,,,,,,,,,,,,,0.018223,0.842013,0.060913,,,,,,
390228,,,,,,,,,-0.000000,0.000000,,,-0.525003,-1.082095,-0.086365,-0.059390,,,,,,,,,,,,
390233,0.018182,0.842026,0.059254,,,,,,,,,,,,,,,,,0.018137,0.842029,0.058144,,,,,,
390236,,,,0.000007,1.000007,0.783802,0.000074,-0.000000,-0.000000,0.000000,-2.469673,-2.466205,-0.441738,-0.910475,-0.091612,-0.065391,-0.008787,0.158781,0.724548,,,,,,,,,
390244,,,,,,,,,,,,,,,,,,,,0.018069,0.842030,0.055376,,,,,,
390248,,,,,,,,,-0.000000,0.000000,,,-0.371678,-0.766073,-0.092732,-0.067175,,,,,,,,,,,,
390254,,,,,,,,,,,,,,,,,,,,0.018025,0.842040,0.055376,,,,,,
390259,,,,,,,,,-0.027467,-0.652434,,,-0.312730,-1.189117,-0.093753,-0.063200,,,,,,,,,,,,
390263,,,,,,,,,,,,,,,,,,,,0.018011,0.842025,0.055376,,,,,,
390268,,,,,,,,,-0.027467,0.652434,,,-0.807674,-1.000523,-0.089136,-0.065379,,,,,,,,,,,,
390273,,,,,,,,,,,,,,,,,,,,0.018034,0.842029,0.055376,,,,,,
390278,,,,,,,,,-0.027467,0.652434,,,-1.224120,-0.841840,-0.085220,-0.067291,,,,,,,,,,,,
390283,,,,,,,,,,,,,,,,,,,,0.018072,0.842045,0.058150,,,,,,
390286,0.017966,0.842035,0.060980,0.000023,1.000023,0.783802,0.000294,-0.000000,-0.027467,0.652434,-2.322310,-2.308555,-1.574517,-0.708324,-0.080392,-0.067369,-0.008282,0.158788,0.722822,,,,,,,,,
390293,,,,,,,,,,,,,,,,,,,,0.018105,0.841978,0.063716,,,,,,
390298,,,,,,,,,-0.000000,0.000000,,,-1.324799,-0.595984,-0.083089,-0.068835,,,,,,,,,,,,
390304,,,,,,,,,,,,,,,,,,,,0.018074,0.841936,0.069265,,,,,,
390308,,,,,,,,,-0.027467,0.652434,,,-1.659229,-0.501461,-0.079877,-0.070142,,,,,,,,,,,,
390314,,,,,,,,,,,,,,,,,,,,0.017903,0.841900,0.077548,,,,,,
390319,,,,,,,,,-0.027467,0.652434,,,-1.940618,-0.421929,-0.077140,-0.071315,,,,,,,,,,,,
390324,,,,,,,,,,,,,,,,,,,,0.017597,0.841865,0.083082,,,,,,
390328,,,,,,,,,-0.027467,0.652434,,,-2.177379,-0.355011,-0.074801,-0.072374,,,,,,,,,,,,
390334,0.017182,0.841807,0.086491,0.000055,1.000055,0.783802,0.000655,-0.000002,,,-0.937945,-0.908102,,,,,-0.003393,0.159136,0.697311,0.017236,0.841796,0.085839,,,,,,
390338,,,,,,,,,-0.000000,0.000000,,,-1.832046,-0.298706,-0.064232,-0.059055,,,,,,,,,,,,
390344,,,,,,,,,,,,,,,,,,,,0.016860,0.841771,0.088610,,,,,,
390348,,,,,,,,,-0.000000,0.000000,,,-1.541484,-0.251331,-0.067017,-0.059660,,,,,,,,,,,,
390354,,,,,,,,,,,,,,,,,,,,0.016510,0.841726,0.088604,,,,,,
390359,,,,,,,,,-0.000000,0.000000,,,-1.297004,-0.211470,-0.069390,-0.060198,,,,,,,,,,,,
390364,,,,,,,,,,,,,,,,,,,,0.016206,0.841698,0.091369,,,,,,
390368,,,,,,,,,-0.027467,0.652434,,,-1.635842,-0.177931,-0.065862,-0.060679,,,,,,,,,,,,
390373,,,,,,,,,,,,,,,,,,,,0.016016,0.841673,0.091369,,,,,,
390378,,,,,,,,,-0.000000,0.000000,,,-1.376397,-0.149711,-0.068369,-0.061113,,,,,,,,,,,,
390384,0.016036,0.841666,0.093497,0.000107,1.000106,0.783801,0.001152,-0.000009,,,-0.270734,-0.218665,,,,,-0.001067,0.159235,0.690304,0.015931,0.841653,0.094139,,,,,,
390388,,,,,,,,,-0.000000,0.000000,,,-1.158101,-0.125967,-0.063702,-0.054475,,,,,,,,,,,,
390394,,,,,,,,,,,,,,,,,,,,0.015973,0.841635,0.094147,,,,,,
390398,,,,,,,,,-0.000000,0.000000,,,-0.974426,-0.105989,-0.065398,-0.054697,,,,,,,,,,,,
390404,,,,,,,,,,,,,,,,,,,,0.015967,0.841646,0.094140,,,,,,
390408,,,,,,,,,-0.000000,0.000000,,,-0.819882,-0.089179,-0.066834,-0.054891,,,,,,,,,,,,
390414,,,,,,,,,,,,,,,,,,,,0.015945,0.841665,0.094147,,,,,,
390419,,,,,,,,,-0.000000,0.000000,,,-0.689848,-0.075035,-0.068050,-0.055061,,,,,,,,,,,,
390423,,,,,,,,,,,,,,,,,,,,0.015911,0.841671,0.094147,,,,,,
390428,,,,,,,,,-0.000000,0.000000,,,-0.580438,-0.063134,-0.069082,-0.055211,,,,,,,,,,,,
390433,0.015934,0.841665,0.094093,,,,,,,,,,,,,,,,,0.015925,0.841665,0.094147,,,,,,
390436,,,,0.000183,1.000182,0.783799,0.001782,-0.000027,-0.000000,0.000000,-0.176000,-0.095573,-0.488381,-0.053121,-0.068993,-0.054089,-0.000788,0.159295,0.689706,,,,,,,,,
390444,,,,,,,,,,,,,,,,,,,,0.015936,0.841667,0.094147,,,,,,
390448,,,,,,,,,-0.000000,0.000000,,,-0.410923,-0.044696,-0.069721,-0.054184,,,,,,,,,,,,
390453,,,,,,,,,,,,,,,,,,,,0.015955,0.841676,0.094147,,,,,,
390458,,,,,,,,,-0.000000,0.000000,,,-0.345751,-0.037607,-0.070338,-0.054266,,,,,,,,,,,,
390464,,,,,,,,,,,,,,,,,,,,0.015950,0.841671,0.094147,,,,,,
390468,,,,,,,,,-0.000000,0.000000,,,-0.290915,-0.031643,-0.070864,-0.054338,,,,,,,,,,,,
390474,,,,,,,,,,,,,,,,,,,,0.015944,0.841669,0.094147,,,,,,
390479,,,,,,,,,-0.000000,0.000000,,,-0.244776,-0.026624,-0.071311,-0.054402,,,,,,,,,,,,
390483,0.015942,0.841671,0.094143,,,,,,,,,,,,,,,,,0.015942,0.841671,0.094147,,,,,,
390486,,,,0.000288,1.000287,0.783794,0.002540,-0.000067,-0.000000,0.000000,-0.124332,-0.009843,-0.205954,-0.022402,-0.071167,-0.053585,-0.000674,0.159385,0.689651,,,,,,,,,
390494,,,,,,,,,,,,,,,,,,,,0.015943,0.841671,0.094147,,,,,,
390498,,,,,,,,,-0.000000,0.000000,,,-0.173290,-0.018849,-0.071483,-0.053619,,,,,,,,,,,,
390504,,,,,,,,,,,,,,,,,,,,0.015952,0.841672,0.094147,,,,,,
390508,,,,,,,,,-0.000000,0.000000,,,-0.145806,-0.015859,-0.071754,-0.053647,,,,,,,,,,,,
390513,,,,,,,,,,,,,,,,,,,,0.015951,0.841668,0.094147,,,,,,
390518,,,,,,,,,-0.000000,0.000000,,,-0.122681,-0.013344,-0.071986,-0.053672,,,,,,,,,,,,
390523,,,,,,,,,,,,,,,,,,,,0.015951,0.841676,0.094147,,,,,,
390528,,,,,,,,,-0.000000,0.000000,,,-0.103224,-0.011228,-0.072184,-0.053693,,,,,,,,,,,,
390533,,,,,,,,,,,,,,,,,,,,0.015950,0.841666,0.094147,,,,,,
390539,0.015950,0.841666,0.094147,0.000427,1.000425,0.783784,0.003422,-0.000142,-0.000000,0.000000,-0.060874,0.093109,-0.086853,-0.009447,-0.072356,-0.053710,-0.000529,0.159515,0.689637,,,,,,,,,
390544,,,,,,,,,,,,,,,,,,,,0.015953,0.841670,0.094147,,,,,,
390548,,,,,,,,,-0.000000,0.000000,,,-0.073078,-0.007949,-0.071856,-0.052676,,,,,,,,,,,,
390554,,,,,,,,,,,,,,,,,,,,0.015954,0.841671,0.094147,,,,,,
390558,,,,,,,,,-0.000000,0.000000,,,-0.061488,-0.006688,-0.071972,-0.052668,,,,,,,,,,,,
390563,,,,,,,,,,,,,,,,,,,,0.015958,0.841669,0.094147,,,,,,
390568,,,,,,,,,-0.000000,0.000000,,,-0.051736,-0.005627,-0.072071,-0.052659,,,,,,,,,,,,
390574,,,,,,,,,,,,,,,,,,,,0.015956,0.841676,0.094147,,,,,,
390579,,,,,,,,,-0.000000,0.000000,,,-0.043530,-0.004735,-0.072157,-0.052649,,,,,,,,,,,,
390584,0.015952,0.841676,0.094147,0.000603,1.000601,0.783765,0.004424,-0.000271,,,0.018027,0.216655,,,,,-0.000341,0.159664,0.689618,0.015953,0.841677,0.094147,,,,,,
390588,,,,,,,,,-0.000000,0.000000,,,-0.036626,-0.003984,-0.071426,-0.051377,,,,,,,,,,,,
390593,,,,,,,,,,,,,,,,,,,,0.015954,0.841671,0.094147,,,,,,
390598,,,,,,,,,-0.000000,0.000000,,,-0.030818,-0.003352,-0.071474,-0.051339,,,,,,,,,,,,
390604,,,,,,,,,,,,,,,,,,,,0.015955,0.841676,0.094147,,,,,,
390608,,,,,,,,,-0.000000,0.000000,,,-0.025930,-0.002820,-0.071514,-0.051300,,,,,,,,,,,,
390614,,,,,,,,,,,,,,,,,,,,0.015962,0.841675,0.094147,,,,,,
390618,,,,,,,,,-0.000000,0.000000,,,-0.021817,-0.002373,-0.071548,-0.051261,,,,,,,,,,,,
390623,,,,,,,,,,,,,,,,,,,,0.015961,0.841673,0.094147,,,,,,
390628,,,,,,,,,-0.000000,0.000000,,,-0.018357,-0.001997,-0.071575,-0.051221,,,,,,,,,,,,
390634,0.015960,0.841673,0.094147,0.000820,1.000818,0.783734,0.005540,-0.000480,,,0.111547,0.359567,,,,,-0.000112,0.159863,0.689587,0.015961,0.841673,0.094147,,,,,,
390641,,,,,,,,,-0.000000,0.000000,,,-0.015446,-0.001680,-0.070643,-0.049723,,,,,,,,,,,,
390644,,,,,,,,,,,,,,,,,,,,0.015963,0.841673,0.094147,,,,,,
390648,,,,,,,,,-0.000000,0.000000,,,-0.012996,-0.001414,-0.070643,-0.049653,,,,,,,,,,,,
390653,,,,,,,,,,,,,,,,,,,,0.015962,0.841673,0.094147,,,,,,
390658,,,,,,,,,-0.000000,0.000000,,,-0.010935,-0.001189,-0.070639,-0.049583,,,,,,,,,,,,
390664,,,,,,,,,,,,,,,,,,,,0.015967,0.841674,0.094147,,,,,,
390668,,,,,,,,,-0.000000,0.000000,,,-0.009201,-0.001001,-0.070632,-0.049513,,,,,,,,,,,,
390673,,,,,,,,,,,,,,,,,,,,0.015971,0.841676,0.094147,,,,,,
390678,,,,,,,,,-0.000000,0.000000,,,-0.007741,-0.000842,-0.070623,-0.049443,,,,,,,,,,,,
390684,0.015972,0.841675,0.094147,0.001083,1.001080,0.783683,0.006768,-0.000797,,,0.221162,0.523083,,,,,0.000163,0.160099,0.689536,0.015973,0.841675,0.094147,,,,,,
390688,,,,,,,,,-0.000000,0.000000,,,-0.006514,-0.000708,-0.069494,-0.047704,,,,,,,,,,,,
390699,,,,,,,,,-0.000000,0.000000,,,-0.005481,-0.000596,-0.069459,-0.047600,,,,0.015978,0.841680,0.094147,,,,,,
390703,,,,,,,,,,,,,,,,,,,,0.015982,0.841675,0.094147,,,,,,
390708,,,,,,,,,-0.000000,0.000000,,,-0.004611,-0.000502,-0.069422,-0.047497,,,,,,,,,,,,
390714,,,,,,,,,,,,,,,,,,,,0.015977,0.841680,0.094147,,,,,,
390718,,,,,,,,,-0.000000,0.000000,,,-0.003880,-0.000422,-0.069385,-0.047393,,,,,,,,,,,,
390723,,,,,,,,,,,,,,,,,,,,0.015974,0.841685,0.094147,,,,,,
390728,,,,,,,,,-0.000000,0.000000,,,-0.003265,-0.000355,-0.069346,-0.047289,,,,,,,,,,,,
390733,,,,,,,,,,,,,,,,,,,,0.015971,0.841676,0.094147,,,,,,
390740,0.015971,0.841676,0.094147,0.001395,1.001391,0.783605,0.008103,-0.001258,-0.000000,0.000000,0.352238,0.712156,-0.002747,-0.000299,-0.067969,-0.045256,0.000503,0.160378,0.689458,,,,,,,,,
390744,,,,,,,,,,,,,,,,,,,,0.015978,0.841674,0.094147,,,,,,
390748,,,,,,,,,-0.000000,0.000000,,,-0.002311,-0.000251,-0.067903,-0.045114,,,,,,,,,,,,
390753,,,,,,,,,,,,,,,,,,,,0.015987,0.841681,0.094147,,,,,,
390758,,,,,,,,,-0.000000,0.000000,,,-0.001945,-0.000212,-0.067835,-0.044972,,,,,,,,,,,,
390763,,,,,,,,,,,,,,,,,,,,0.015984,0.841680,0.094147,,,,,,
390768,,,,,,,,,-0.000000,0.000000,,,-0.001636,-0.000178,-0.067768,-0.044830,,,,,,,,,,,,
390774,,,,,,,,,,,,,,,,,,,,0.015979,0.841683,0.094156,,,,,,
390778,,,,,,,,,-0.000000,0.000000,,,-0.001377,-0.000150,-0.067700,-0.044688,,,,,,,,,,,,
390784,0.015986,0.841679,0.094155,0.001760,1.001754,0.783489,0.009540,-0.001907,,,0.498843,0.920388,,,,,0.000887,0.160704,0.689334,0.015987,0.841679,0.094156,,,,,,
390788,,,,,,,,,-0.000000,0.000000,,,-0.001158,-0.000126,-0.066136,-0.042421,,,,,,,,,,,,
390794,,,,,,,,,,,,,,,,,,,,0.015987,0.841678,0.094147,,,,,,
390799,,,,,,,,,-0.000000,0.000000,,,-0.000975,-0.000106,-0.066038,-0.042238,,,,,,,,,,,,
390804,,,,,,,,,,,,,,,,,,,,0.015988,0.841680,0.094147,,,,,,
390808,,,,,,,,,-0.000000,0.000000,,,-0.000820,-0.000089,-0.065939,-0.042054,,,,,,,,,,,,
390813,,,,,,,,,,,,,,,,,,,,0.015989,0.841680,0.094140,,,,,,
390818,,,,,,,,,-0.000000,0.000000,,,-0.000690,-0.000075,-0.065841,-0.041870,,,,,,,,,,,,
390823,,,,,,,,,,,,,,,,,,,,0.015988,0.841682,0.094156,,,,,,
390828,,,,,,,,,-0.000000,0.000000,,,-0.000581,-0.000063,-0.065742,-0.041686,,,,,,,,,,,,
390834,0.015985,0.841686,0.094148,0.002181,1.002174,0.783321,0.011076,-0.002789,,,0.669150,1.155584,,,,,0.001344,0.161075,0.689173,0.015985,0.841686,0.094147,,,,,,
390841,,,,,,,,,-0.000000,0.000000,,,-0.000488,-0.000053,-0.063906,-0.039103,,,,0.015985,0.841683,0.094147,,,,,,
390848,,,,,,,,,-0.000000,0.000000,,,-0.000411,-0.000045,-0.063773,-0.038872,,,,,,,,,,,,
390853,,,,,,,,,,,,,,,,,,,,0.015993,0.841681,0.094147,,,,,,
390858,,,,,,,,,-0.000000,0.000000,,,-0.000346,-0.000038,-0.063639,-0.038641,,,,,,,,,,,,
390864,,,,,,,,,,,,,,,,,,,,0.015997,0.841682,0.094147,,,,,,
390868,,,,,,,,,-0.000000,0.000000,,,-0.000291,-0.000032,-0.063506,-0.038410,,,,,,,,,,,,
390874,,,,,,,,,,,,,,,,,,,,0.016000,0.841681,0.094147,,,,,,
390878,,,,,,,,,-0.000000,0.000000,,,-0.000245,-0.000027,-0.063373,-0.038178,,,,,,,,,,,,
390883,0.015997,0.841681,0.094147,0.002662,1.002652,0.783087,0.012706,-0.003960,,,,,,,,,,,,0.015999,0.841681,0.094147,,,,,,
390886,,,,,,,,,-0.000000,0.000000,0.858033,1.412082,-0.000206,-0.000022,-0.061313,-0.035331,0.001856,0.161511,0.688940,,,,,,,,,
390894,,,,,,,,,,,,,,,,,,,,0.015988,0.841692,0.094156,,,,,,
390899,,,,,,,,,-0.000000,0.000000,,,-0.000173,-0.000019,-0.061141,-0.035049,,,,,,,,,,,,
390904,,,,,,,,,,,,,,,,,,,,0.015990,0.841683,0.094156,,,,,,
390908,,,,,,,,,-0.000000,0.000000,,,-0.000146,-0.000016,-0.060970,-0.034766,,,,,,,,,,,,
390913,,,,,,,,,,,,,,,,,,,,0.015997,0.841685,0.094147,,,,,,
390918,,,,,,,,,-0.000000,0.000000,,,-0.000123,-0.000013,-0.060798,-0.034484,,,,,,,,,,,,
390923,,,,,,,,,,,,,,,,,,,,0.016007,0.841682,0.094140,,,,,,
390928,,,,,,,,,-0.000000,0.000000,,,-0.000103,-0.000011,-0.060627,-0.034202,,,,,,,,,,,,
390933,0.016004,0.841683,0.094140,0.003205,1.003192,0.782766,0.014425,-0.005480,,,,,,,,,,,,0.016005,0.841683,0.094140,,,,,,
390936,,,,,,,,,-0.000000,0.000000,1.070310,1.694137,-0.000087,-0.000009,-0.058290,-0.031042,0.002439,0.161997,0.688626,,,,,,,,,
390944,,,,,,,,,,,,,,,,,,,,0.016005,0.841680,0.094147,,,,,,
390948,,,,,,,,,-0.000000,0.000000,,,-0.000073,-0.000008,-0.058076,-0.030703,,,,,,,,,,,,
390953,,,,,,,,,,,,,,,,,,,,0.016005,0.841682,0.094140,,,,,,
390959,,,,,,,,,-0.000000,0.000000,,,-0.000062,-0.000007,-0.057862,-0.030365,,,,,,,,,,,,
390963,,,,,,,,,,,,,,,,,,,,0.016000,0.841684,0.094140,,,,,,
390968,,,,,,,,,-0.000000,0.000000,,,-0.000052,-0.000006,-0.057649,-0.030026,,,,,,,,,,,,
390973,,,,,,,,,,,,,,,,,,,,0.016000,0.841682,0.094140,,,,,,
390978,,,,,,,,,-0.000000,0.000000,,,-0.000044,-0.000005,-0.057435,-0.029687,,,,,,,,,,,,
390983,0.016002,0.841679,0.094147,0.003813,1.003797,0.782337,0.016228,-0.007415,,,,,,,,,,,,0.016002,0.841679,0.094147,,,,,,
390986,,,,,,,,,-0.000000,0.000000,1.309236,2.004393,-0.000037,-0.000004,-0.054783,-0.026183,0.003105,0.162546,0.688190,,,,,,,,,
390994,,,,,,,,,,,,,,,,,,,,0.016008,0.841682,0.094147,,,,,,
390999,,,,,,,,,-0.000000,0.000000,,,-0.000031,-0.000003,-0.054522,-0.025783,,,,,,,,,,,,
391004,,,,,,,,,,,,,,,,,,,,0.016010,0.841683,0.094140,,,,,,
391008,,,,,,,,,-0.000000,0.000000,,,-0.000026,-0.000003,-0.054260,-0.025382,,,,,,,,,,,,
391014,,,,,,,,,,,,,,,,,,,,0.016010,0.841684,0.094140,,,,,,
391018,,,,,,,,,-0.000000,0.000000,,,-0.000022,-0.000002,-0.053998,-0.024981,,,,,,,,,,,,
391023,,,,,,,,,,,,,,,,,,,,0.016010,0.841684,0.094147,,,,,,
391028,,,,,,,,,-0.000000,0.000000,,,-0.000018,-0.000002,-0.053736,-0.024580,,,,,,,,,,,,
391033,0.016007,0.841683,0.094147,0.004490,1.004470,0.781773,0.018111,-0.009839,,,,,,,,,,,,0.016007,0.841684,0.094147,,,,,,
391036,,,,,,,,,-0.000000,0.000000,1.570214,2.337651,-0.000015,-0.000002,-0.050812,-0.020780,0.003837,0.163148,0.687626,,,,,,,,,
391043,,,,,,,,,,,,,,,,,,,,0.016008,0.841681,0.094147,,,,,,
391048,,,,,,,,,-0.000000,0.000000,,,-0.000013,-0.000001,-0.050498,-0.020312,,,,,,,,,,,,
391054,,,,,,,,,,,,,,,,,,,,0.016004,0.841679,0.094147,,,,,,
391059,,,,,,,,,-0.000000,0.000000,,,-0.000011,-0.000001,-0.050184,-0.019845,,,,,,,,,,,,
391063,,,,,,,,,,,,,,,,,,,,0.016009,0.841679,0.094140,,,,,,
391068,,,,,,,,,-0.000000,0.000000,,,-0.000009,-0.000001,-0.049870,-0.019377,,,,,,,,,,,,
391073,,,,,,,,,,,,,,,,,,,,0.016010,0.841682,0.094147,,,,,,
391078,,,,,,,,,-0.000000,0.000000,,,-0.000008,-0.000001,-0.049556,-0.018910,,,,,,,,,,,,
391084,0.016010,0.841686,0.094140,0.005238,1.005212,0.781043,0.020068,-0.012829,,,1.856809,2.696746,,,,,0.004647,0.163815,0.686903,0.016011,0.841686,0.094140,,,,,,
391088,,,,,,,,,-0.000000,0.000000,,,-0.000007,-0.000001,-0.046319,-0.014779,,,,,,,,,,,,
391094,,,,,,,,,,,,,,,,,,,,0.016007,0.841683,0.094147,,,,,,
391099,,,,,,,,,-0.000000,0.000000,,,-0.000005,-0.000001,-0.045948,-0.014240,,,,,,,,,,,,
391104,,,,,,,,,,,,,,,,,,,,0.016013,0.841681,0.094147,,,,,,
391108,,,,,,,,,-0.000000,0.000000,,,-0.000005,-0.000001,-0.045576,-0.013701,,,,,,,,,,,,
391114,,,,,,,,,,,,,,,,,,,,0.016015,0.841682,0.094140,,,,,,
391118,,,,,,,,,-0.000000,0.000000,,,-0.000004,-0.000000,-0.045205,-0.013161,,,,,,,,,,,,
391124,,,,,,,,,,,,,,,,,,,,0.016011,0.841681,0.094140,,,,,,
391128,,,,,,,,,-0.000000,0.000000,,,-0.000003,-0.000000,-0.044834,-0.012622,,,,,,,,,,,,
391134,0.016013,0.841680,0.094147,0.006060,1.006026,0.780113,0.022093,-0.016472,,,2.171009,3.082847,,,,,0.005541,0.164554,0.685966,0.016013,0.841680,0.094147,,,,,,
391138,,,,,,,,,-0.000000,0.000000,,,-0.000003,-0.000000,-0.041257,-0.008145,,,,,,,,,,,,
391144,,,,,,,,,,,,,,,,,,,,0.016015,0.841684,0.094147,,,,,,
391148,,,,,,,,,-0.000000,0.000000,,,-0.000002,-0.000000,-0.040823,-0.007528,,,,,,,,,,,,
391154,,,,,,,,,,,,,,,,,,,,0.016016,0.841679,0.094147,,,,,,
391159,,,,,,,,,-0.000000,0.000000,,,-0.000002,-0.000000,-0.040389,-0.006911,,,,,,,,,,,,
391164,,,,,,,,,,,,,,,,,,,,0.016011,0.841681,0.094147,,,,,,
391168,,,,,,,,,-0.000000,0.000000,,,-0.000002,-0.000000,-0.039955,-0.006295,,,,,,,,,,,,
391174,,,,,,,,,,,,,,,,,,,,0.016010,0.841684,0.094140,,,,,,
391178,,,,,,,,,-0.000000,0.000000,,,-0.000001,-0.000000,-0.039521,-0.005678,,,,,,,,,,,,
391183,0.016012,0.841684,0.094147,,,,,,,,,,,,,,,,,0.016012,0.841685,0.094147,,,,,,
391186,,,,0.006958,1.006913,0.778943,0.024180,-0.020861,-0.000000,0.000000,2.512698,3.494987,-0.000001,-0.000000,-0.035601,-0.000858,0.006518,0.165348,0.684796,,,,,,,,,
391193,,,,,,,,,,,,,,,,,,,,0.016015,0.841683,0.094147,,,,,,
391198,,,,,,,,,-0.000000,0.000000,,,-0.000001,-0.000000,-0.035099,-0.000159,,,,,,,,,,,,
391204,,,,,,,,,,,,,,,,,,,,0.016016,0.841680,0.094147,,,,,,
391208,,,,,,,,,-0.000000,0.000000,,,-0.000001,-0.000000,-0.034596,0.000540,,,,,,,,,,,,
391213,,,,,,,,,,,,,,,,,,,,0.016016,0.841682,0.094147,,,,,,
391219,,,,,,,,,-0.000000,0.000000,,,-0.000001,-0.000000,-0.034094,0.001239,,,,,,,,,,,,
391223,,,,,,,,,,,,,,,,,,,,0.016010,0.841679,0.094147,,,,,,
391228,,,,,,,,,-0.000000,0.000000,,,-0.000001,-0.000000,-0.033591,0.001938,,,,,,,,,,,,
391233,0.016011,0.841683,0.094147,,,,,,,,,,,,,,,,,0.016011,0.841683,0.094147,,,,,,
391236,,,,0.007934,1.007875,0.777488,0.026321,-0.026095,-0.000000,0.000000,2.883036,3.933323,-0.000000,-0.000000,-0.029311,0.007108,0.007582,0.166215,0.683341,,,,,,,,,
391243,,,,,,,,,,,,,,,,,,,,0.016012,0.841680,0.094147,,,,,,
391248,,,,,,,,,-0.000000,0.000000,,,-0.000000,-0.000000,-0.028734,0.007895,,,,,,,,,,,,
391254,,,,,,,,,,,,,,,,,,,,0.016018,0.841683,0.094140,,,,,,
391259,,,,,,,,,-0.000000,0.000000,,,-0.000000,-0.000000,-0.028158,0.008682,,,,,,,,,,,,
391264,,,,,,,,,,,,,,,,,,,,0.016023,0.841681,0.094147,,,,,,
391268,,,,,,,,,-0.000000,0.000000,,,-0.000000,-0.000000,-0.027581,0.009468,,,,,,,,,,,,
391274,,,,,,,,,,,,,,,,,,,,0.016022,0.841682,0.094147,,,,,,
391278,,,,,,,,,-0.000000,0.000000,,,-0.000000,-0.000000,-0.027005,0.010255,,,,,,,,,,,,
391284,0.016011,0.841681,0.094147,0.008990,1.008913,0.775697,0.028511,-0.032285,,,3.282051,4.396918,,,,,0.008731,0.167151,0.681550,0.016011,0.841681,0.094147,,,,,,
391288,,,,,,,,,-0.000000,0.000000,,,-0.000000,-0.000000,-0.022358,0.015770,,,,,,,,,,,,
391293,,,,,,,,,,,,,,,,,,,,0.016015,0.841684,0.094147,,,,,,
391298,,,,,,,,,-0.000000,0.000000,,,-0.000000,-0.000000,-0.021702,0.016650,,,,,,,,,,,,
391303,,,,,,,,,,,,,,,,,,,,0.016014,0.841676,0.094147,,,,,,
391308,,,,,,,,,-0.000000,0.000000,,,-0.000000,-0.000000,-0.021045,0.017529,,,,,,,,,,,,
391314,,,,,,,,,,,,,,,,,,,,0.016016,0.841682,0.094147,,,,,,
391320,,,,,,,,,-0.000000,0.000000,,,-0.000000,-0.000000,-0.020389,0.018408,,,,,,,,,,,,
391323,,,,,,,,,,,,,,,,,,,,0.016020,0.841682,0.094147,,,,,,
391328,,,,,,,,,-0.000000,0.000000,,,-0.000000,-0.000000,-0.019732,0.019288,,,,,,,,,,,,
391333,0.016025,0.841680,0.094147,0.010129,1.010028,0.773513,0.030739,-0.039548,,,,,,,,,,,,0.016026,0.841679,0.094147,,,,,,
391336,,,,,,,,,-0.000000,0.000000,3.707529,4.882254,-0.000000,-0.000000,-0.014736,0.025118,0.009956,0.168157,0.679366,,,,,,,,,
391343,,,,,,,,,,,,,,,,,,,,0.016027,0.841681,0.094147,,,,,,
391348,,,,,,,,,-0.000000,0.000000,,,-0.000000,-0.000000,-0.013995,0.026094,,,,,,,,,,,,
391353,,,,,,,,,,,,,,,,,,,,0.016024,0.841679,0.094147,,,,,,
391358,,,,,,,,,-0.000000,0.000000,,,-0.000000,-0.000000,-0.013253,0.027070,,,,,,,,,,,,
391363,,,,,,,,,,,,,,,,,,,,0.016025,0.841683,0.094147,,,,,,
391368,,,,,,,,,-0.000000,0.000000,,,-0.000000,-0.000000,-0.012512,0.028047,,,,,,,,,,,,
391374,,,,,,,,,,,,,,,,,,,,0.016025,0.841680,0.094140,,,,,,
391379,,,,,,,,,-0.000000,0.000000,,,-0.000000,-0.000000,-0.011770,0.029023,,,,,,,,,,,,
391384,0.016023,0.841679,0.094147,0.011352,1.011219,0.770873,0.032997,-0.048015,,,4.168112,5.396690,,,,,0.011287,0.169228,0.676726,0.016023,0.841679,0.094147,,,,,,
391388,,,,,,,,,-0.000000,0.000000,,,-0.000000,-0.000000,-0.006331,0.035247,,,,,,,,,,,,
391394,,,,,,,,,,,,,,,,,,,,0.016028,0.841681,0.094147,,,,,,
391398,,,,,,,,,-0.000000,0.000000,,,-0.000000,-0.000000,-0.005497,0.036326,,,,,,,,,,,,
391404,,,,,,,,,,,,,,,,,,,,0.016032,0.841681,0.094147,,,,,,
391408,,,,,,,,,-0.000000,0.000000,,,-0.000000,-0.000000,-0.004663,0.037406,,,,,,,,,,,,
391413,,,,,,,,,,,,,,,,,,,,0.016040,0.841680,0.094147,,,,,,
391419,,,,,,,,,-0.000000,0.000000,,,-0.000000,0.544543,-0.003830,0.032931,,,,,,,,,,,,
391423,,,,,,,,,,,,,,,,,,,,0.016040,0.841679,0.094140,,,,,,
391428,,,,,,,,,0.027467,0.652434,,,-0.000000,0.458179,-0.002996,0.034782,,,,,,,,,,,,
391434,0.016152,0.841691,0.096878,0.012660,1.012485,0.767705,0.035275,-0.057831,,,4.760564,6.030706,,,,,0.013044,0.170331,0.670827,0.016039,0.841679,0.094140,,,,,,
391438,,,,,,,,,-0.000000,0.000000,,,-0.000000,0.385511,0.003880,0.042978,,,,,,,,,,,,
391444,,,,,,,,,,,,,,,,,,,,0.016041,0.841682,0.094147,,,,,,
391448,,,,,,,,,-0.000000,0.000000,,,-0.000000,0.324369,0.004833,0.044731,,,,,,,,,,,,
391453,,,,,,,,,,,,,,,,,,,,0.016053,0.841680,0.094147,,,,,,
391458,,,,,,,,,-0.000000,0.000000,,,-0.000000,0.272924,0.005785,0.046397,,,,,,,,,,,,
391464,,,,,,,,,,,,,,,,,,,,0.016063,0.841678,0.094145,,,,,,
391468,,,,,,,,,-0.000000,0.000000,,,-0.000000,0.229638,0.006737,0.047990,,,,,,,,,,,,
391473,,,,,,,,,,,,,,,,,,,,0.016069,0.841679,0.094140,,,,,,
391479,,,,,,,,,-0.000000,0.000000,,,-0.000000,0.193218,0.007689,0.049521,,,,,,,,,,,,
391483,0.016080,0.841682,0.094370,,,,,,,,,,,,,,,,,0.016073,0.841682,0.094140,,,,,,
391486,,,,0.014055,1.013827,0.763929,0.037562,-0.069155,-0.000000,0.000000,5.180212,6.491953,-0.000000,0.162573,0.012921,0.055706,0.014206,0.171569,0.669559,,,,,,,,,
391494,,,,,,,,,,,,,,,,,,,,0.016070,0.841682,0.094147,,,,,,
391498,,,,,,,,,-0.000000,0.000000,,,-0.000000,0.136789,0.013957,0.057235,,,,,,,,,,,,
391504,,,,,,,,,,,,,,,,,,,,0.016073,0.841683,0.094156,,,,,,
391508,,,,,,,,,-0.000000,0.000000,,,-0.000000,0.115094,0.014993,0.058727,,,,,,,,,,,,
391513,,,,,,,,,,,,,,,,,,,,0.016072,0.841682,0.094156,,,,,,
391518,,,,,,,,,-0.000000,0.000000,,,-0.000000,0.096840,0.016030,0.060189,,,,,,,,,,,,
391524,,,,,,,,,,,,,,,,,,,,0.016093,0.841675,0.094140,,,,,,
391528,,,,,,,,,-0.000000,0.000000,,,-0.000000,0.081482,0.017066,0.061625,,,,,,,,,,,,
391533,,,,,,,,,,,,,,,,,,,,0.016126,0.841670,0.094140,,,,,,
391539,0.016122,0.841671,0.094159,0.015537,1.015241,0.759456,0.039846,-0.082171,-0.000000,0.000000,5.715999,7.054329,-0.000000,0.068559,0.018102,0.063039,0.015737,0.172856,0.665297,,,,,,,,,
391544,,,,,,,,,,,,,,,,,,,,0.016169,0.841674,0.096910,,,,,,
391548,,,,,,,,,0.027467,0.652434,,,-0.000000,0.602228,0.024603,0.064616,,,,,,,,,,,,
391554,,,,,,,,,,,,,,,,,,,,0.016213,0.841670,0.096916,,,,,,
391558,,,,,,,,,-0.000000,0.000000,,,-0.000000,0.506715,0.025746,0.066881,,,,,,,,,,,,
391563,,,,,,,,,,,,,,,,,,,,0.016245,0.841683,0.096916,,,,,,
391568,,,,,,,,,-0.000000,0.000000,,,-0.000000,0.426350,0.026889,0.069010,,,,,,,,,,,,
391574,,,,,,,,,,,,,,,,,,,,0.016279,0.841682,0.096916,,,,,,
391579,,,,,,,,,-0.000000,0.000000,,,-0.000000,0.358731,0.028032,0.071025,,,,,,,,,,,,
391584,0.016292,0.841682,0.099223,0.017109,1.016725,0.754185,0.042115,-0.097083,,,6.522511,7.863146,,,,,0.018152,0.174101,0.654962,0.016308,0.841683,0.099687,,,,,,
391588,,,,,,,,,-0.000000,0.000000,,,-0.000000,0.301836,0.037402,0.081195,,,,,,,,,,,,
391594,,,,,,,,,,,,,,,,,,,,0.016352,0.841685,0.099687,,,,,,
391598,,,,,,,,,0.027467,0.652434,,,-0.000000,0.798508,0.038706,0.077641,,,,,,,,,,,,
391604,,,,,,,,,,,,,,,,,,,,0.016460,0.841685,0.102458,,,,,,
391608,,,,,,,,,-0.000000,0.000000,,,-0.000000,0.671864,0.040011,0.080345,,,,,,,,,,,,
391614,,,,,,,,,,,,,,,,,,,,0.016583,0.841668,0.105229,,,,,,
391618,,,,,,,,,0.027467,0.652434,,,-0.000000,1.109850,0.041315,0.077316,,,,,,,,,,,,
391623,,,,,,,,,,,,,,,,,,,,0.016755,0.841678,0.110778,,,,,,
391628,,,,,,,,,0.027467,0.652434,,,-0.000000,1.478371,0.042620,0.074908,,,,,,,,,,,,
391634,,,,,,,,,,,,,,,,,,,,0.016962,0.841669,0.113535,,,,,,
391639,0.017020,0.841683,0.115072,0.018770,1.018276,0.748003,0.044352,-0.114131,0.027467,0.652434,7.775886,9.077378,-0.000000,1.243901,0.043924,0.078577,0.022014,0.175224,0.632931,,,,,,,,,
391644,,,,,,,,,,,,,,,,,,,,0.017239,0.841670,0.121853,,,,,,
391648,,,,,,,,,-0.000000,0.000000,,,-0.000000,1.591161,0.058013,0.088744,,,,,,,,,,,,
391653,,,,,,,,,,,,,,,,,,,,0.017508,0.841668,0.124626,,,,,,
391658,,,,,,,,,0.027467,0.652434,,,-0.000000,1.883346,0.059568,0.087260,,,,,,,,,,,,
391664,,,,,,,,,,,,,,,,,,,,0.017740,0.841670,0.130195,,,,,,
391668,,,,,,,,,0.054935,1.304868,,,-0.000000,2.129190,0.061124,0.086192,,,,,,,,,,,,
391673,,,,,,,,,,,,,,,,,,,,0.017976,0.841705,0.138509,,,,,,
391678,,,,,,,,,0.027467,0.652434,,,-0.000000,2.880587,0.062679,0.079917,,,,,,,,,,,,
391684,0.018274,0.841743,0.144377,0.020521,1.019890,0.740781,0.046545,-0.133590,,,9.637607,10.844135,,,,,0.027854,0.175970,0.596404,0.018265,0.841732,0.144073,,,,,,
391688,,,,,,,,,0.027467,0.652434,,,-0.000000,2.968269,0.083224,0.098283,,,,,,,,,,,,
391694,,,,,,,,,,,,,,,,,,,,0.018629,0.841788,0.152384,,,,,,
391699,,,,,,,,,0.054935,1.304868,,,-0.000000,3.586587,0.085151,0.093551,,,,,,,,,,,,
391703,,,,,,,,,,,,,,,,,,,,0.019009,0.841790,0.160713,,,,,,
391708,,,,,,,,,0.027467,0.652434,,,-0.000000,3.562297,0.087079,0.095251,,,,,,,,,,,,
391714,,,,,,,,,,,,,,,,,,,,0.019343,0.841836,0.169044,,,,,,
391718,,,,,,,,,0.054935,0.000000,,,0.544543,3.541860,0.083452,0.096915,,,,,,,,,,,,
391723,,,,,,,,,,,,,,,,,,,,0.019766,0.841847,0.180157,,,,,,
391728,,,,,,,,,0.054935,1.304868,,,0.458179,4.069207,0.086151,0.092997,,,,,,,,,,,,
391733,,,,,,,,,,,,,,,,,,,,0.020211,0.841843,0.191268,,,,,,
391736,0.020276,0.841874,0.192808,0.022362,1.021559,0.732373,0.048676,-0.155784,0.054935,1.304868,12.354589,13.384459,0.385511,4.512917,0.116442,0.115737,0.036478,0.175955,0.539565,,,,,,,,,
391744,,,,,,,,,,,,,,,,,,,,0.020698,0.841852,0.202400,,,,,,
391748,,,,,,,,,0.054935,1.304868,,,0.324369,4.886254,0.119459,0.113704,,,,,,,,,,,,
391754,,,,,,,,,,,,,,,,,,,,0.021209,0.841907,0.216306,,,,,,
391759,,,,,,,,,0.054935,0.000000,,,0.817467,4.655837,0.116836,0.117754,,,,,,,,,,,,
391763,,,,,,,,,,,,,,,,,,,,0.021799,0.841947,0.230218,,,,,,
391768,,,,,,,,,0.109870,1.304868,,,1.232360,5.551050,0.114911,0.110368,,,,,,,,,,,,
391774,,,,,,,,,,,,,,,,,,,,0.022544,0.842089,0.238575,,,,,,
391778,,,,,,,,,0.109870,1.304868,,,1.581451,6.304283,0.113575,0.104252,,,,,,,,,,,,
391783,,,,,,,,,,,,,,,,,,,,0.023419,0.842282,0.246941,,,,,,
391786,0.023605,0.842351,0.247873,0.024293,1.023279,0.722612,0.050728,-0.181093,0.082402,0.652434,15.096075,15.888074,1.875176,6.393509,0.140697,0.130295,0.045057,0.175230,0.474739,,,,,,,,,
391794,,,,,,,,,,,,,,,,,,,,0.024600,0.842463,0.255324,,,,,,
391800,,,,,,,,,0.082402,0.652434,,,2.122316,6.468584,0.140820,0.131428,,,,,,,,,,,,
391804,,,,,,,,,,,,,,,,,,,,0.025552,0.842673,0.263686,,,,,,
391808,,,,,,,,,0.164805,1.304868,,,2.874803,7.620839,0.135739,0.121559,,,,,,,,,,,,
391813,,,,,,,,,,,,,,,,,,,,0.026586,0.842825,0.274855,,,,,,
391818,,,,,,,,,0.109870,1.304868,,,2.963402,8.045802,0.137280,0.118877,,,,,,,,,,,,
391824,,,,,,,,,,,,,,,,,,,,0.027735,0.843049,0.283239,,,,,,
391828,,,,,,,,,0.137337,0.652434,,,3.582492,8.403366,0.133392,0.116799,,,,,,,,,,,,
391833,0.029125,0.843390,0.293257,,,,,,,,,,,,,,,,,0.029024,0.843320,0.294426,,,,,,
391836,,,,0.026314,1.025041,0.711307,0.052683,-0.209971,0.137337,0.652434,16.752607,17.288923,4.103395,8.704221,0.147278,0.129516,0.049819,0.174709,0.418051,,,,,,,,,
391844,,,,,,,,,,,,,,,,,,,,0.030434,0.843635,0.305625,,,,,,
391848,,,,,,,,,0.164805,1.304868,,,4.541682,9.501904,0.145337,0.123096,,,,,,,,,,,,
391854,,,,,,,,,,,,,,,,,,,,0.031889,0.844021,0.314025,,,,,,
391859,,,,,,,,,0.082402,0.652434,,,4.365914,9.083986,0.149572,0.128916,,,,,,,,,,,,
391864,,,,,,,,,,,,,,,,,,,,0.033289,0.844376,0.322434,,,,,,
391868,,,,,,,,,0.247207,0.652434,,,5.851652,10.365981,0.136895,0.117481,,,,,,,,,,,,
391873,,,,,,,,,,,,,,,,,,,,0.034907,0.844802,0.330855,,,,,,
391878,,,,,,,,,0.164805,1.304868,,,6.012666,10.900108,0.137433,0.113418,,,,,,,,,,,,
391884,0.036506,0.845378,0.338307,0.028423,1.026835,0.698237,0.054524,-0.242959,,,17.866169,18.099627,,,,,0.052599,0.173855,0.359930,0.036467,0.845319,0.336457,,,,,,
391888,,,,,,,,,0.192272,0.652434,,,6.692686,11.349523,0.144003,0.118380,,,,,,,,,,,,
391894,,,,,,,,,,,,,,,,,,,,0.038314,0.845940,0.342077,,,,,,
391899,,,,,,,,,0.109870,0.000000,,,7.809398,11.727659,0.134847,0.115873,,,,,,,,,,,,
391903,,,,,,,,,,,,,,,,,,,,0.040035,0.846515,0.350506,,,,,,
391908,,,,,,,,,0.274675,0.000000,,,8.204456,11.501281,0.132829,0.119457,,,,,,,,,,,,
391914,,,,,,,,,,,,,,,,,,,,0.041895,0.847179,0.353312,,,,,,
391918,,,,,,,,,0.219740,1.304868,,,8.536859,11.855349,0.131371,0.117165,,,,,,,,,,,,
391924,,,,,,,,,,,,,,,,,,,,0.043845,0.847829,0.356128,,,,,,
391928,,,,,,,,,0.192272,0.652434,,,8.816542,12.697804,0.130384,0.109821,,,,,,,,,,,,
391934,0.045809,0.848558,0.362519,0.030620,1.028652,0.683144,0.056230,-0.280706,,,17.328201,17.278625,,,,,0.049664,0.173775,0.320624,0.045836,0.848545,0.361749,,,,,,
391938,,,,,,,,,0.219740,0.000000,,,9.596410,12.862103,0.118752,0.100851,,,,,,,,,,,,
391944,,,,,,,,,,,,,,,,,,,,0.047905,0.849213,0.364570,,,,,,
391948,,,,,,,,,0.219740,0.000000,,,10.252591,13.000345,0.113605,0.100324,,,,,,,,,,,,
391954,,,,,,,,,,,,,,,,,,,,0.049975,0.849961,0.367398,,,,,,
391959,,,,,,,,,0.137337,0.652434,,,9.715615,12.572119,0.120497,0.105548,,,,,,,,,,,,
391964,,,,,,,,,,,,,,,,,,,,0.051846,0.850656,0.370197,,,,,,
391968,,,,,,,,,0.274675,0.000000,,,10.897433,13.300895,0.109965,0.099056,,,,,,,,,,,,
391974,,,,,,,,,,,,,,,,,,,,0.053914,0.851385,0.373026,,,,,,
391978,,,,,,,,,0.219740,0.000000,,,11.347272,13.369544,0.106663,0.099151,,,,,,,,,,,,
391983,,,,,,,,,,,,,,,,,,,,0.056232,0.852225,0.375857,,,,,,
391986,0.056219,0.852245,0.374737,0.032904,1.030478,0.665730,0.057784,-0.323990,0.219740,1.304868,15.875626,15.535749,11.181223,13.971848,0.094737,0.076012,0.043541,0.174398,0.290992,,,,,,,,,
391994,,,,,,,,,,,,,,,,,,,,0.058207,0.852944,0.378661,,,,,,
392000,,,,,,,,,0.137337,-0.652434,,,12.130595,14.478627,0.085992,0.071156,,,,,,,,,,,,
392004,,,,,,,,,,,,,,,,,,,,0.060280,0.853699,0.381506,,,,,,
392008,,,,,,,,,0.247207,0.652434,,,11.295768,13.271401,0.095256,0.083681,,,,,,,,,,,,
392014,,,,,,,,,,,,,,,,,,,,0.062171,0.854380,0.387118,,,,,,
392018,,,,,,,,,0.219740,0.000000,,,11.682430,13.344728,0.092228,0.083386,,,,,,,,,,,,
392024,,,,,,,,,,,,,,,,,,,,0.064071,0.855135,0.389928,,,,,,
392028,,,,,,,,,0.192272,0.652434,,,11.463225,13.406425,0.095303,0.083195,,,,,,,,,,,,
392034,0.065934,0.855841,0.393977,0.035273,1.032301,0.645642,0.059167,-0.373751,,,15.024558,14.314514,,,,,0.039424,0.174711,0.251665,0.066009,0.855836,0.392751,,,,,,
392038,,,,,,,,,0.192272,-0.652434,,,11.823329,12.913795,0.083831,0.076189,,,,,,,,,,,,
392044,,,,,,,,,,,,,,,,,,,,0.067827,0.856550,0.395562,,,,,,
392048,,,,,,,,,0.192272,0.652434,,,11.581777,13.043838,0.086936,0.075143,,,,,,,,,,,,
392054,,,,,,,,,,,,,,,,,,,,0.069667,0.857351,0.398386,,,,,,
392059,,,,,,,,,0.137337,0.652434,,,11.923079,13.697799,0.084143,0.068726,,,,,,,,,,,,
392063,,,,,,,,,,,,,,,,,,,,0.071541,0.858110,0.401218,,,,,,
392068,,,,,,,,,0.219740,0.000000,,,11.121163,12.614412,0.092943,0.079900,,,,,,,,,,,,
392073,,,,,,,,,,,,,,,,,,,,0.073324,0.858857,0.401218,,,,,,
392078,,,,,,,,,0.192272,0.652434,,,10.990975,12.791938,0.095051,0.078429,,,,,,,,,,,,
392084,0.075004,0.859566,0.403369,0.037725,1.034105,0.622469,0.060363,-0.431116,,,13.860862,12.754496,,,,,0.034223,0.175164,0.219100,0.075027,0.859557,0.401241,,,,,,
392088,,,,,,,,,0.192272,-0.652434,,,11.425978,12.396765,0.079551,0.066852,,,,,,,,,,,,
392094,,,,,,,,,,,,,,,,,,,,0.076740,0.860261,0.404053,,,,,,
392098,,,,,,,,,0.164805,0.000000,,,11.247446,12.064266,0.081859,0.070316,,,,,,,,,,,,
392103,,,,,,,,,,,,,,,,,,,,0.078369,0.860881,0.404045,,,,,,
392108,,,,,,,,,0.192272,0.652434,,,11.097229,12.329044,0.083914,0.067753,,,,,,,,,,,,
392119,,,,,,,,,0.082402,0.652434,,,9.881750,11.462743,0.096865,0.076674,,,,0.079928,0.861639,0.406879,,,,,,
392124,,,,,,,,,,,,,,,,,,,,0.081435,0.862309,0.406860,,,,,,
392128,,,,,,,,,0.192272,-0.652434,,,10.492676,11.278379,0.091429,0.078813,,,,,,,,,,,,
392134,0.083018,0.862999,0.403831,0.040257,1.035873,0.595723,0.061357,-0.497436,,,12.579662,11.041404,,,,,0.028608,0.175771,0.191892,0.082937,0.862979,0.406861,,,,,,
392138,,,,,,,,,0.219740,0.000000,,,11.006709,11.667800,0.073791,0.057663,,,,,,,,,,,,
392144,,,,,,,,,,,,,,,,,,,,0.084401,0.863651,0.404029,,,,,,
392148,,,,,,,,,0.164805,0.000000,,,10.894673,11.450915,0.075249,0.059750,,,,,,,,,,,,
392154,,,,,,,,,,,,,,,,,,,,0.085829,0.864294,0.404024,,,,,,
392160,,,,,,,,,0.082402,-0.652434,,,10.255863,10.179342,0.082102,0.072638,,,,,,,,,,,,
392164,,,,,,,,,,,,,,,,,,,,0.087284,0.864850,0.404033,,,,,,
392168,,,,,,,,,0.219740,0.000000,,,10.807455,10.743070,0.076940,0.067060,,,,,,,,,,,,
392174,,,,,,,,,,,,,,,,,,,,0.088679,0.865441,0.401210,,,,,,
392178,,,,,,,,,0.109870,0.000000,,,10.182478,10.128304,0.083669,0.073390,,,,,,,,,,,,
392184,0.089798,0.865953,0.398843,0.042867,1.037585,0.564831,0.062139,-0.574311,,,11.427385,9.399514,,,,,0.023407,0.176386,0.165988,0.089956,0.866026,0.398386,,,,,,
392188,,,,,,,,,0.164805,0.000000,,,10.201165,10.155582,0.072205,0.056547,,,,,,,,,,,,
392194,,,,,,,,,,,,,,,,,,,,0.091083,0.866512,0.395563,,,,,,
392198,,,,,,,,,0.137337,-0.652434,,,9.672345,9.633992,0.077844,0.061716,,,,,,,,,,,,
392204,,,,,,,,,,,,,,,,,,,,0.092247,0.867027,0.395562,,,,,,
392208,,,,,,,,,0.137337,0.652434,,,9.771939,9.195127,0.077179,0.066146,,,,,,,,,,,,
392214,,,,,,,,,,,,,,,,,,,,0.093474,0.867636,0.392740,,,,,,
392219,,,,,,,,,0.109870,0.000000,,,9.311194,8.825865,0.082210,0.069953,,,,,,,,,,,,
392224,,,,,,,,,,,,,,,,,,,,0.094695,0.868193,0.392744,,,,,,
392228,,,,,,,,,0.109870,-1.304868,,,9.468067,8.515168,0.081033,0.073237,,,,,,,,,,,,
392233,,,,,,,,,,,,,,,,,,,,0.095812,0.868724,0.387105,,,,,,
392236,0.095737,0.868659,0.382615,0.045552,1.039222,0.529120,0.062701,-0.663608,0.109870,0.000000,9.974556,7.410699,9.055517,8.253748,0.070814,0.055795,0.017123,0.176967,0.146505,,,,,,,,,
392244,,,,,,,,,,,,,,,,,,,,0.096850,0.869170,0.381463,,,,,,
392248,,,,,,,,,0.109870,0.000000,,,8.708397,8.033789,0.074539,0.057870,,,,,,,,,,,,
392254,,,,,,,,,,,,,,,,,,,,0.097881,0.869646,0.378645,,,,,,
392258,,,,,,,,,0.137337,-0.652434,,,8.960874,7.848715,0.072216,0.059633,,,,,,,,,,,,
392263,,,,,,,,,,,,,,,,,,,,0.098886,0.870085,0.375827,,,,,,
392268,,,,,,,,,0.082402,-0.652434,,,8.628764,7.148451,0.075807,0.066688,,,,,,,,,,,,
392274,,,,,,,,,,,,,,,,,,,,0.099931,0.870505,0.375830,,,,,,
392279,,,,,,,,,0.109870,1.304868,,,8.893870,7.648335,0.073372,0.061641,,,,,,,,,,,,
392283,,,,,,,,,,,,,,,,,,,,0.100850,0.870868,0.373029,,,,,,
392286,0.100844,0.870866,0.379309,0.048308,1.040760,0.487805,0.063045,-0.767452,0.109870,-1.304868,9.511882,6.257159,8.027844,6.979852,0.077702,0.056646,0.014106,0.177271,0.108496,,,,,,,,,
392294,,,,,,,,,,,,,,,,,,,,0.101794,0.871230,0.370203,,,,,,
392298,,,,,,,,,0.109870,0.000000,,,7.843714,6.961933,0.079877,0.056685,,,,,,,,,,,,
392304,,,,,,,,,,,,,,,,,,,,0.102565,0.871529,0.370210,,,,,,
392308,,,,,,,,,0.054935,0.000000,,,7.144243,6.402312,0.087345,0.062252,,,,,,,,,,,,
392313,,,,,,,,,,,,,,,,,,,,0.103389,0.871861,0.367395,,,,,,
392319,,,,,,,,,0.054935,0.000000,,,6.555708,5.931448,0.093822,0.067026,,,,,,,,,,,,
392324,,,,,,,,,,,,,,,,,,,,0.104240,0.872157,0.364560,,,,,,
392328,,,,,,,,,0.137337,-0.652434,,,7.149601,6.079806,0.088355,0.065577,,,,,,,,,,,,
392334,0.105171,0.872537,0.360482,0.051132,1.042174,0.439987,0.063181,-0.888137,,,8.544508,4.542257,,,,,0.009269,0.177795,0.079504,0.104980,0.872466,0.361746,,,,,,
392338,,,,,,,,,0.109870,0.000000,,,7.104760,6.204634,0.079418,0.046848,,,,,,,,,,,,
392344,,,,,,,,,,,,,,,,,,,,0.105671,0.872730,0.358938,,,,,,
392348,,,,,,,,,0.054935,0.000000,,,6.522488,5.765121,0.085645,0.050998,,,,,,,,,,,,
392354,,,,,,,,,,,,,,,,,,,,0.106421,0.873017,0.356140,,,,,,
392358,,,,,,,,,0.054935,0.000000,,,6.032563,5.395316,0.091047,0.054526,,,,,,,,,,,,
392364,,,,,,,,,,,,,,,,,,,,0.107127,0.873287,0.356126,,,,,,
392368,,,,,,,,,0.082402,-0.652434,,,6.164884,5.084161,0.090200,0.057529,,,,,,,,,,,,
392374,,,,,,,,,,,,,,,,,,,,0.107876,0.873554,0.353310,,,,,,
392379,,,,,,,,,0.082402,-0.652434,,,6.276219,4.822356,0.089540,0.060091,,,,,,,,,,,,
392384,0.108547,0.873801,0.348603,0.054019,1.043439,0.384662,0.063132,-1.027937,,,8.282328,3.371483,,,,,0.006698,0.178061,0.036059,0.108501,0.873788,0.350503,,,,,,
392388,,,,,,,,,0.082402,-0.652434,,,6.369896,4.602073,0.086364,0.050340,,,,,,,,,,,,
392394,,,,,,,,,,,,,,,,,,,,0.109114,0.874027,0.347689,,,,,,
392398,,,,,,,,,0.054935,0.000000,,,5.904173,4.416727,0.091497,0.051984,,,,,,,,,,,,
392403,,,,,,,,,,,,,,,,,,,,0.109727,0.874291,0.342074,,,,,,
392408,,,,,,,,,0.082402,-0.652434,,,6.056857,4.260777,0.090415,0.053366,,,,,,,,,,,,
392414,,,,,,,,,,,,,,,,,,,,0.110474,0.874541,0.336455,,,,,,
392418,,,,,,,,,0.082402,-0.652434,,,6.185325,4.129560,0.089550,0.054526,,,,,,,,,,,,
392423,,,,,,,,,,,,,,,,,,,,0.111224,0.874881,0.330848,,,,,,
392428,,,,,,,,,0.027467,-0.652434,,,5.748875,3.474611,0.094421,0.061055,,,,,,,,,,,,
392434,,,,,,,,,,,,,,,,,,,,0.111809,0.875128,0.322438,,,,,,
392440,0.111645,0.875055,0.321896,0.056964,1.044526,0.320757,0.062935,-1.188691,0.054935,0.000000,7.376713,1.470547,5.381646,3.468081,0.089436,0.041712,0.001743,0.178066,-0.001139,,,,,,,,,
392444,,,,,,,,,,,,,,,,,,,,0.112475,0.875455,0.316820,,,,,,
392448,,,,,,,,,0.109870,-1.304868,,,6.161746,3.462586,0.081878,0.041368,,,,,,,,,,,,
392453,,,,,,,,,,,,,,,,,,,,0.113117,0.875726,0.308440,,,,,,
392458,,,,,,,,,0.054935,-1.304868,,,6.273578,2.913419,0.080980,0.046571,,,,,,,,,,,,
392464,,,,,,,,,,,,,,,,,,,,0.113800,0.875967,0.302832,,,,,,
392468,,,,,,,,,0.082402,-0.652434,,,6.367674,2.995894,0.080241,0.045442,,,,,,,,,,,,
392474,,,,,,,,,,,,,,,,,,,,0.114529,0.876239,0.291632,,,,,,
392479,,,,,,,,,0.027467,-0.652434,,,5.902304,2.520745,0.085190,0.049983,,,,,,,,,,,,
392484,0.115058,0.876424,0.281177,0.059963,1.045404,0.247221,0.062651,-1.371067,,,5.713314,-1.284851,,,,,-0.006042,0.177632,-0.033956,0.115251,0.876511,0.280435,,,,,,
392488,,,,,,,,,0.109870,-1.304868,,,6.599827,2.665497,0.061403,0.020191,,,,,,,,,,,,
392494,,,,,,,,,,,,,,,,,,,,0.115877,0.876794,0.269265,,,,,,
392498,,,,,,,,,0.054935,-1.304868,,,6.642180,2.242749,0.060794,0.023713,,,,,,,,,,,,
392504,,,,,,,,,,,,,,,,,,,,0.116451,0.877056,0.258101,,,,,,
392508,,,,,,,,,0.054935,-1.304868,,,6.677816,1.887049,0.060245,0.026636,,,,,,,,,,,,
392514,,,,,,,,,,,,,,,,,,,,0.117068,0.877236,0.246948,,,,,,
392518,,,,,,,,,0.027467,-0.652434,,,6.163257,1.587763,0.065300,0.029054,,,,,,,,,,,,
392524,,,,,,,,,,,,,,,,,,,,0.117631,0.877437,0.238591,,,,,,
392528,,,,,,,,,0.027467,-0.652434,,,5.730307,1.335943,0.069626,0.031048,,,,,,,,,,,,
392533,,,,,,,,,,,,,,,,,,,,0.118159,0.877604,0.230231,,,,,,
392540,0.118010,0.877535,0.231769,0.063009,1.046041,0.163180,0.062366,-1.573367,0.027467,-0.652434,3.820129,-4.381804,5.366023,1.124062,0.054028,0.001097,-0.014825,0.176634,-0.068588,,,,,,,,,
392544,,,,,,,,,,,,,,,,,,,,0.118602,0.877762,0.221875,,,,,,
392548,,,,,,,,,0.054935,-1.304868,,,5.604057,0.945786,0.051291,0.001814,,,,,,,,,,,,
392554,,,,,,,,,,,,,,,,,,,,0.118950,0.877881,0.213511,,,,,,
392558,,,,,,,,,0.054935,-1.304868,,,5.804339,0.795784,0.048891,0.002278,,,,,,,,,,,,
392563,,,,,,,,,,,,,,,,,,,,0.119330,0.877991,0.205160,,,,,,
392568,,,,,,,,,-0.000000,0.000000,,,4.883770,0.669573,0.057884,0.002530,,,,,,,,,,,,
392574,,,,,,,,,,,,,,,,,,,,0.119668,0.878133,0.196815,,,,,,
392578,,,,,,,,,0.027467,-0.652434,,,4.653747,0.563378,0.060018,0.002603,,,,,,,,,,,,
392584,0.119892,0.878179,0.191916,0.066098,1.046403,0.068188,0.062198,-1.789854,,,2.810117,-6.749270,,,,,-0.020719,0.175396,-0.123728,0.119941,0.878211,0.191254,,,,,,
392588,,,,,,,,,-0.000000,0.000000,,,3.915662,0.474027,0.057077,-0.021623,,,,,,,,,,,,
392593,,,,,,,,,,,,,,,,,,,,0.120191,0.878286,0.188466,,,,,,
392599,,,,,,,,,-0.000000,0.000000,,,3.294638,0.398846,0.063191,-0.022301,,,,,,,,,,,,
392604,,,,,,,,,,,,,,,,,,,,0.120381,0.878342,0.188468,,,,,,
392608,,,,,,,,,-0.000000,0.000000,,,2.772108,0.335589,0.068424,-0.023085,,,,,,,,,,,,
392614,,,,,,,,,,,,,,,,,,,,0.120499,0.878348,0.188471,,,,,,
392618,,,,,,,,,-0.000000,0.000000,,,2.332451,0.282364,0.072916,-0.023959,,,,,,,,,,,,
392623,,,,,,,,,,,,,,,,,,,,0.120503,0.878349,0.188472,,,,,,
392628,,,,,,,,,-0.000000,0.000000,,,1.962524,0.237581,0.076785,-0.024909,,,,,,,,,,,,
392634,,,,,,,,,,,,,,,,,,,,0.120391,0.878340,0.188471,,,,,,
392639,0.120349,0.878327,0.188761,0.069222,1.046453,-0.037448,0.062297,-2.008916,-0.000000,0.000000,,,1.651267,0.199901,0.080129,-0.025922,,,,,,,,,,,,
392642,,,,,,,,,,,4.098408,-7.012152,,,,,-0.018671,0.174733,-0.226208,0.120217,0.878296,0.188472,,,,,,
392648,,,,,,,,,-0.000000,0.000000,,,1.389376,0.168197,0.096172,-0.029670,,,,,,,,,,,,
392654,,,,,,,,,,,,,,,,,,,,0.119935,0.878221,0.188476,,,,,,
392658,,,,,,,,,-0.000000,0.000000,,,1.169021,0.141521,0.098962,-0.030833,,,,,,,,,,,,
392664,,,,,,,,,,,,,,,,,,,,0.119702,0.878191,0.188480,,,,,,
392668,,,,,,,,,-0.000000,0.000000,,,0.983614,0.119075,0.101439,-0.032035,,,,,,,,,,,,
392673,,,,,,,,,,,,,,,,,,,,0.119637,0.878167,0.188480,,,,,,
392678,,,,,,,,,0.054935,-1.304868,,,1.916699,0.100190,0.092544,-0.033269,,,,,,,,,,,,
392684,0.119937,0.878206,0.183025,0.072376,1.046155,-0.152343,0.062848,-2.212000,,,5.454276,-7.147695,,,,,-0.016199,0.173800,-0.335368,0.119651,0.878154,0.188476,,,,,,
392688,,,,,,,,,-0.000000,0.000000,,,1.612710,0.084300,0.109911,-0.035912,,,,,,,,,,,,
392694,,,,,,,,,,,,,,,,,,,,0.119614,0.878170,0.182921,,,,,,
392699,,,,,,,,,0.027467,-0.652434,,,1.901477,0.070930,0.107734,-0.037222,,,,,,,,,,,,
392703,,,,,,,,,,,,,,,,,,,,0.119777,0.878213,0.177360,,,,,,
392708,,,,,,,,,0.027467,-0.652434,,,2.144446,0.059680,0.105966,-0.038551,,,,,,,,,,,,
392714,,,,,,,,,,,,,,,,,,,,0.120079,0.878295,0.169023,,,,,,
392718,,,,,,,,,-0.000000,0.000000,,,1.804337,0.050215,0.110098,-0.039896,,,,,,,,,,,,
392724,,,,,,,,,,,,,,,,,,,,0.120392,0.878392,0.160691,,,,,,
392728,,,,,,,,,0.027467,-1.957303,,,2.607255,-0.502292,0.102638,-0.035700,,,,,,,,,,,,
392733,,,,,,,,,,,,,,,,,,,,0.120597,0.878493,0.155134,,,,,,
392736,0.120655,0.878485,0.149262,0.075552,1.045468,-0.273856,0.064062,-2.374927,0.027467,-0.652434,4.996215,-8.815372,2.738287,-0.422629,0.097198,-0.054852,-0.019770,0.171833,-0.423118,,,,,,,,,
392744,,,,,,,,,,,,,,,,,,,,0.120803,0.878533,0.146808,,,,,,
392748,,,,,,,,,0.027467,-0.652434,,,2.848538,-0.355600,0.096525,-0.057214,,,,,,,,,,,,
392754,,,,,,,,,,,,,,,,,,,,0.121081,0.878584,0.141259,,,,,,
392759,,,,,,,,,-0.000000,0.000000,,,2.396759,-0.299201,0.101563,-0.059481,,,,,,,,,,,,
392764,,,,,,,,,,,,,,,,,,,,0.121406,0.878653,0.132936,,,,,,
392768,,,,,,,,,0.027467,-1.957303,,,3.105719,-0.796291,0.094852,-0.056114,,,,,,,,,,,,
392774,,,,,,,,,,,,,,,,,,,,0.121689,0.878740,0.127393,,,,,,
392778,,,,,,,,,0.027467,-0.652434,,,3.157695,-0.669999,0.094700,-0.059006,,,,,,,,,,,,
392784,0.122042,0.878812,0.116327,0.078743,1.044352,-0.398267,0.066158,-2.472996,,,4.265798,-10.450653,,,,,-0.023793,0.169447,-0.514594,0.122045,0.878825,0.116299,,,,,,
392788,,,,,,,,,0.027467,-1.957303,,,3.745971,-1.108281,0.081617,-0.072845,,,,,,,,,,,,
392794,,,,,,,,,,,,,,,,,,,,0.122355,0.878930,0.105211,,,,,,
392800,,,,,,,,,0.027467,-0.652434,,,3.696403,-0.932507,0.082226,-0.076506,,,,,,,,,,,,
392804,,,,,,,,,,,,,,,,,,,,0.122578,0.879013,0.096895,,,,,,
392808,,,,,,,,,0.027467,-1.957303,,,4.199239,-1.329155,0.077211,-0.074364,,,,,,,,,,,,
392814,,,,,,,,,,,,,,,,,,,,0.122720,0.879068,0.083052,,,,,,
392818,,,,,,,,,0.000000,-1.304868,,,4.077782,-1.662894,0.078463,-0.072784,,,,,,,,,,,,
392824,,,,,,,,,,,,,,,,,,,,0.122938,0.879120,0.069190,,,,,,
392828,,,,,,,,,0.027467,-0.652434,,,3.975589,-1.399159,0.079543,-0.077232,,,,,,,,,,,,
392834,0.123224,0.879190,0.057730,0.081941,1.042764,-0.521343,0.069343,-2.489058,,,2.256453,-12.875858,,,,,-0.031776,0.165683,-0.579073,0.123207,0.879212,0.055351,,,,,,
392838,,,,,,,,,0.000000,-1.304868,,,3.889603,-1.721795,0.059983,-0.100488,,,,,,,,,,,,
392844,,,,,,,,,,,,,,,,,,,,0.123411,0.879293,0.041509,,,,,,
392848,,,,,,,,,0.000000,-1.304868,,,3.817255,-1.993261,0.060394,-0.099950,,,,,,,,,,,,
392854,,,,,,,,,,,,,,,,,,,,0.123628,0.879401,0.027665,,,,,,
392859,,,,,,,,,0.000000,-1.304868,,,3.211838,-2.221673,0.066257,-0.099797,,,,,,,,,,,,
392863,,,,,,,,,,,,,,,,,,,,0.123801,0.879480,0.011063,,,,,,
392868,,,,,,,,,0.000000,-1.304868,,,3.791526,-2.413859,0.060154,-0.099967,,,,,,,,,,,,
392873,,,,,,,,,,,,,,,,,,,,0.123994,0.879534,0.000008,,,,,,
392878,,,,,,,,,-0.027467,-1.957303,,,3.734733,-3.120107,0.060426,-0.094856,,,,,,,,,,,,
392884,0.123959,0.879574,-0.016031,0.085138,1.040662,-0.639124,0.073786,-2.420534,,,-0.356653,-15.440010,,,,,-0.041398,0.160445,-0.623093,0.124152,0.879611,-0.013823,,,,,,
392888,,,,,,,,,0.000000,-1.304868,,,3.686947,-3.169801,0.033964,-0.122454,,,,,,,,,,,,
392894,,,,,,,,,,,,,,,,,,,,0.124298,0.879695,-0.027647,,,,,,
392899,,,,,,,,,-0.027467,-0.652434,,,3.102196,-3.211613,0.039120,-0.124482,,,,,,,,,,,,
392904,,,,,,,,,,,,,,,,,,,,0.124264,0.879797,-0.044243,,,,,,
392908,,,,,,,,,-0.082402,-1.957303,,,2.610188,-4.335880,0.043446,-0.115460,,,,,,,,,,,,
392914,,,,,,,,,,,,,,,,,,,,0.124226,0.879852,-0.058045,,,,,,
392918,,,,,,,,,-0.082402,-1.957303,,,2.196212,-5.281839,0.047076,-0.108032,,,,,,,,,,,,
392923,,,,,,,,,,,,,,,,,,,,0.124128,0.879951,-0.074647,,,,,,
392928,,,,,,,,,-0.054935,-1.304868,,,1.847892,-5.533225,0.050118,-0.107500,,,,,,,,,,,,
392933,,,,,,,,,,,,,,,,,,,,0.123977,0.880048,-0.093986,,,,,,
392936,0.123745,0.880020,-0.092919,0.088327,1.038001,-0.748593,0.079602,-2.280547,-0.082402,-1.957303,-2.758028,-17.437153,1.554816,-6.289285,0.028172,-0.122140,-0.049924,0.154013,-0.655674,,,,,,,,,
392943,,,,,,,,,,,,,,,,,,,,0.123748,0.880115,-0.110600,,,,,,
392948,,,,,,,,,-0.082402,-1.957303,,,1.308222,-6.925433,0.029825,-0.117881,,,,,,,,,,,,
392954,,,,,,,,,,,,,,,,,,,,0.123477,0.880183,-0.127236,,,,,,
392959,,,,,,,,,-0.054935,-1.304868,,,1.100738,-6.916145,0.031128,-0.120078,,,,,,,,,,,,
392964,,,,,,,,,,,,,,,,,,,,0.123176,0.880268,-0.149536,,,,,,
392968,,,,,,,,,-0.109870,-2.609737,,,0.926161,-7.997416,0.032137,-0.111153,,,,,,,,,,,,
392974,,,,,,,,,,,,,,,,,,,,0.122755,0.880427,-0.168935,,,,,,
392978,,,,,,,,,-0.109870,-2.609737,,,0.779271,-8.907198,0.032898,-0.103761,,,,,,,,,,,,
392983,,,,,,,,,,,,,,,,,,,,0.122304,0.880531,-0.191228,,,,,,
392986,0.121969,0.880560,-0.193928,0.091498,1.034736,-0.847975,0.086848,-2.092346,-0.082402,-1.957303,-5.483623,-19.432592,0.655679,-9.128145,0.005651,-0.123567,-0.059612,0.145414,-0.654047,,,,,,,,,
392994,,,,,,,,,,,,,,,,,,,,0.121662,0.880695,-0.213337,,,,,,
392998,,,,,,,,,-0.109870,-2.609737,,,0.551688,-9.858593,0.005483,-0.118178,,,,,,,,,,,,
393003,,,,,,,,,,,,,,,,,,,,0.121034,0.880859,-0.235698,,,,,,
393008,,,,,,,,,-0.109870,-2.609737,,,0.464190,-10.473191,0.005169,-0.113824,,,,,,,,,,,,
393014,,,,,,,,,,,,,,,,,,,,0.120322,0.881004,-0.260907,,,,,,
393019,,,,,,,,,-0.054935,-1.304868,,,0.390570,-10.990314,0.004730,-0.110341,,,,,,,,,,,,
393023,,,,,,,,,,,,,,,,,,,,0.119521,0.881290,-0.286058,,,,,,
393028,,,,,,,,,-0.137337,-3.262171,,,0.328625,-10.880878,0.004187,-0.113145,,,,,,,,,,,,
393033,,,,,,,,,,,,,,,,,,,,0.118396,0.881674,-0.311175,,,,,,
393036,0.118141,0.881735,-0.315024,0.094644,1.030821,-0.936654,0.095535,-1.880993,-0.109870,-2.609737,-7.917702,-20.924206,0.276505,-11.333343,-0.021271,-0.125455,-0.068533,0.134469,-0.621630,,,,,,,,,
393043,,,,,,,,,,,,,,,,,,,,0.117242,0.882072,-0.333590,,,,,,
393048,,,,,,,,,-0.109870,-2.609737,,,0.232651,-11.714046,-0.022463,-0.123490,,,,,,,,,,,,
393054,,,,,,,,,,,,,,,,,,,,0.116054,0.882543,-0.361681,,,,,,
393059,,,,,,,,,-0.082402,-1.957303,,,0.195753,-11.489826,-0.023716,-0.127619,,,,,,,,,,,,
393063,,,,,,,,,,,,,,,,,,,,0.114780,0.883007,-0.387039,,,,,,
393068,,,,,,,,,-0.164805,-3.914605,,,0.164706,-12.934797,-0.025022,-0.114767,,,,,,,,,,,,
393073,,,,,,,,,,,,,,,,,,,,0.113464,0.883648,-0.415385,,,,,,
393078,,,,,,,,,-0.109870,-2.609737,,,0.138584,-13.061509,-0.026373,-0.115073,,,,,,,,,,,,
393084,0.112224,0.884264,-0.443772,0.097754,1.026211,-1.014874,0.105637,-1.667089,,,-9.275607,-21.247843,,,,,-0.074013,0.121986,-0.571102,0.112149,0.884308,-0.443612,,,,,,
393088,,,,,,,,,-0.137337,-3.262171,,,0.116605,-13.712668,-0.041610,-0.113305,,,,,,,,,,,,
393094,,,,,,,,,,,,,,,,,,,,0.110734,0.885060,-0.474955,,,,,,
393098,,,,,,,,,-0.109870,-2.609737,,,0.098111,-13.716010,-0.043300,-0.114778,,,,,,,,,,,,
393103,,,,,,,,,,,,,,,,,,,,0.109243,0.885864,-0.506353,,,,,,
393108,,,,,,,,,-0.137337,-3.262171,,,0.082551,-14.263365,-0.045016,-0.110701,,,,,,,,,,,,
393114,,,,,,,,,,,,,,,,,,,,0.107853,0.886730,-0.537801,,,,,,
393119,,,,,,,,,-0.082402,-1.957303,,,0.069458,-15.268453,-0.046754,-0.101846,,,,,,,,,,,,
393123,,,,,,,,,,,,,,,,,,,,0.106402,0.887785,-0.566642,,,,,,
393128,,,,,,,,,-0.192272,-4.567039,,,0.058442,-14.480504,-0.048511,-0.111079,,,,,,,,,,,,
393133,,,,,,,,,,,,,,,,,,,,0.104887,0.888887,-0.598366,,,,,,
393136,0.104816,0.888922,-0.604556,0.100821,1.020859,-1.083402,0.117109,-1.464366,-0.109870,-2.609737,-10.159651,-20.880362,0.049173,-14.906610,-0.059300,-0.104338,-0.078279,0.106281,-0.478846,,,,,,,,,
393143,,,,,,,,,,,,,,,,,,,,0.103336,0.890121,-0.630301,,,,,,
393148,,,,,,,,,-0.137337,-3.262171,,,0.041374,-15.265136,-0.061263,-0.101875,,,,,,,,,,,,
393154,,,,,,,,,,,,,,,,,,,,0.101780,0.891383,-0.662430,,,,,,
393158,,,,,,,,,-0.137337,-3.262171,,,0.034812,-15.566799,-0.063236,-0.099922,,,,,,,,,,,,
393164,,,,,,,,,,,,,,,,,,,,0.100267,0.892704,-0.691743,,,,,,
393168,,,,,,,,,-0.164805,-2.609737,,,-0.515252,-15.820619,-0.059664,-0.098395,,,,,,,,,,,,
393173,,,,,,,,,,,,,,,,,,,,0.099209,0.893629,-0.718273,,,,,,
393179,,,,,,,,,-0.082402,-1.957303,,,-0.433533,-14.945096,-0.062426,-0.108338,,,,,,,,,,,,
393184,0.098707,0.894205,-0.741370,0.103835,1.014719,-1.143250,0.129894,-1.280196,,,-9.570328,-19.137121,,,,,,,,0.098446,0.894458,-0.744938,,,,,,
393187,,,,,,,,,-0.192272,-4.567039,,,-0.364775,-15.842061,-0.059062,-0.082595,-0.077601,0.092348,-0.401879,,,,,,,,,
393194,,,,,,,,,,,,,,,,,,,,0.097723,0.895353,-0.774766,,,,,,
393198,,,,,,,,,-0.109870,-2.609737,,,-0.306921,-16.052223,-0.061493,-0.081110,,,,,,,,,,,,
393203,,,,,,,,,,,,,,,,,,,,0.096888,0.896398,-0.807757,,,,,,
393208,,,,,,,,,-0.109870,-2.609737,,,-0.258244,-15.684511,-0.063842,-0.085478,,,,,,,,,,,,
393213,,,,,,,,,,,,,,,,,,,,0.096016,0.897438,-0.837961,,,,,,
393219,,,,,,,,,-0.109870,-1.304868,,,-0.761829,-14.830575,-0.060568,-0.094878,,,,,,,,,,,,
393223,,,,,,,,,,,,,,,,,,,,0.095198,0.898510,-0.868350,,,,,,
393228,,,,,,,,,-0.164805,-3.914605,,,-0.641003,-15.745703,-0.063562,-0.086405,,,,,,,,,,,,
393234,0.094339,0.899708,-0.899358,0.106786,1.007746,-1.195489,0.143933,-1.117327,,,-8.916228,-17.098894,,,,,-0.076842,0.076957,-0.296131,0.094444,0.899652,-0.895900,,,,,,
393238,,,,,,,,,-0.137337,-3.262171,,,-0.539340,-15.426605,-0.059713,-0.069548,,,,,,,,,,,,
393244,,,,,,,,,,,,,,,,,,,,0.093856,0.900621,-0.923635,,,,,,
393248,,,,,,,,,-0.109870,-2.609737,,,-0.453801,-15.702660,-0.062261,-0.067067,,,,,,,,,,,,
393254,,,,,,,,,,,,,,,,,,,,0.093203,0.901510,-0.951587,,,,,,
393258,,,,,,,,,-0.109870,-2.609737,,,-0.381828,-14.845845,-0.064688,-0.076086,,,,,,,,,,,,
393263,,,,,,,,,,,,,,,,,,,,0.092745,0.902339,-0.976559,,,,,,
393268,,,,,,,,,-0.082402,-1.957303,,,-0.321270,-14.669465,-0.067012,-0.078336,,,,,,,,,,,,
393274,,,,,,,,,,,,,,,,,,,,0.092214,0.903355,-1.001720,,,,,,
393279,,,,,,,,,-0.054935,-1.304868,,,-0.270316,-13.431973,-0.069251,-0.091444,,,,,,,,,,,,
393283,,,,,,,,,,,,,,,,,,,,0.091775,0.904329,-1.027090,,,,,,
393286,0.091854,0.904127,-1.021846,0.109666,0.999895,-1.241144,0.159166,-0.975664,-0.137337,-3.262171,-7.156933,-14.150468,-0.227444,-14.024376,-0.053473,-0.056061,-0.072403,0.065166,-0.219297,,,,,,,,,
393294,,,,,,,,,,,,,,,,,,,,0.091293,0.905345,-1.049370,,,,,,
393298,,,,,,,,,-0.109870,-2.609737,,,-0.191371,-13.978281,-0.055227,-0.056556,,,,,,,,,,,,
393303,,,,,,,,,,,,,,,,,,,,0.090957,0.906044,-1.068624,,,,,,
393308,,,,,,,,,-0.082402,-1.957303,,,-0.161020,-13.394954,-0.056929,-0.062541,,,,,,,,,,,,
393313,,,,,,,,,,,,,,,,,,,,0.090682,0.906915,-1.091218,,,,,,
393318,,,,,,,,,-0.082402,-1.957303,,,-0.135482,-12.904142,-0.058589,-0.067698,,,,,,,,,,,,
393324,,,,,,,,,,,,,,,,,,,,0.090465,0.907582,-1.110764,,,,,,
393328,,,,,,,,,-0.054935,-1.304868,,,-0.113995,-11.946630,-0.060212,-0.077714,,,,,,,,,,,,
393334,,,,,,,,,,,,,,,,,,,,0.090249,0.908292,-1.130351,,,,,,
393351,0.090271,0.908143,-1.126720,0.112465,0.991123,-1.281141,0.175531,-0.853618,-0.000000,0.000000,-4.608343,-10.496768,-0.080703,-9.374019,-0.036867,-0.066999,-0.065396,0.055692,-0.154421,,,,,,,,,
393354,,,,,,,,,,,,,,,,,,,,0.089790,0.909759,-1.159980,,,,,,
393358,,,,,,,,,-0.164805,-3.914605,,,-0.067903,-11.154557,-0.037904,-0.049062,,,,,,,,,,,,
393364,,,,,,,,,,,,,,,,,,,,0.089562,0.910406,-1.176536,,,,,,
393368,,,,,,,,,-0.054935,-1.304868,,,-0.057134,-10.474529,-0.038921,-0.055866,,,,,,,,,,,,
393374,,,,,,,,,,,,,,,,,,,,0.089419,0.910997,-1.193222,,,,,,
393378,,,,,,,,,-0.054935,-1.304868,,,-0.048072,-9.902354,-0.039924,-0.061707,,,,,,,,,,,,
393384,0.089269,0.911543,-1.205465,0.115174,0.981388,-1.316292,0.192969,-0.748975,,,-1.263220,-6.253021,,,,,-0.055981,0.049148,-0.110827,0.089278,0.911623,-1.206702,,,,,,
393388,,,,,,,,,-0.054935,-1.304868,,,-0.040448,-9.420926,-0.006794,-0.023450,,,,,,,,,,,,
393393,,,,,,,,,,,,,,,,,,,,0.089120,0.912199,-1.216779,,,,,,
393399,,,,,,,,,-0.027467,-0.652434,,,-0.034033,-8.471309,-0.007104,-0.032503,,,,,,,,,,,,
393405,,,,,,,,,,,,,,,,,,,,0.088964,0.912674,-1.226918,,,,,,
393408,,,,,,,,,-0.027467,-0.652434,,,-0.028635,-7.672301,-0.007405,-0.040209,,,,,,,,,,,,
393414,,,,,,,,,,,,,,,,,,,,0.088901,0.913000,-1.237122,,,,,,
393418,,,,,,,,,-0.000000,0.000000,,,-0.024094,-6.455473,-0.007698,-0.052337,,,,,,,,,,,,
393423,,,,,,,,,,,,,,,,,,,,0.088871,0.913319,-1.243927,,,,,,
393428,,,,,,,,,-0.027467,-0.652434,,,-0.020273,-5.976178,-0.007985,-0.057185,,,,,,,,,,,,
393434,,,,,,,,,,,,,,,,,,,,0.088820,0.913565,-1.247335,,,,,,
393439,0.088782,0.913613,-1.249297,0.117785,0.970649,-1.347295,0.211420,-0.659401,-0.054935,-1.304868,,,-0.017057,-6.117442,-0.008266,-0.055800,,,,,,,,,,,,
393442,,,,,,,,,,,2.744568,-1.727819,,,,,-0.044949,0.045540,-0.097998,0.088816,0.913526,-1.247335,,,,,,
393448,,,,,,,,,-0.000000,0.000000,,,-0.014352,-5.147214,0.032337,-0.019566,,,,,,,,,,,,
393454,,,,,,,,,,,,,,,,,,,,0.088829,0.913420,-1.247318,,,,,,
393458,,,,,,,,,-0.000000,0.000000,,,-0.012076,-4.330865,0.032865,-0.027209,,,,,,,,,,,,
393464,,,,,,,,,,,,,,,,,,,,0.088870,0.913274,-1.250763,,,,,,
393468,,,,,,,,,-0.000000,0.000000,,,-0.010161,-3.643990,0.033397,-0.033694,,,,,,,,,,,,
393474,,,,,,,,,,,,,,,,,,,,0.088914,0.913270,-1.254237,,,,,,
393478,,,,,,,,,-0.000000,0.000000,,,-0.008549,-3.066052,0.033931,-0.039206,,,,,,,,,,,,
393483,,,,,,,,,,,,,,,,,,,,0.088887,0.913294,-1.254180,,,,,,
393486,0.088879,0.913321,-1.253770,0.120287,0.958868,-1.374742,0.230822,-0.582686,-0.000000,0.000000,7.155252,2.650821,-0.007193,-2.579776,0.079457,0.000764,-0.033486,0.044042,-0.120972,,,,,,,,,
393494,,,,,,,,,,,,,,,,,,,,0.088854,0.913392,-1.250782,,,,,,
393499,,,,,,,,,-0.000000,0.000000,,,-0.006052,-2.170623,0.080878,-0.002364,,,,,,,,,,,,
393504,,,,,,,,,,,,,,,,,,,,0.088821,0.913494,-1.250731,,,,,,
393508,,,,,,,,,0.027467,-0.652434,,,0.539451,-1.826362,0.076746,-0.004911,,,,,,,,,,,,
393513,,,,,,,,,,,,,,,,,,,,0.088800,0.913514,-1.250731,,,,,,
393518,,,,,,,,,-0.000000,0.000000,,,0.453894,-1.536701,0.078942,-0.006970,,,,,,,,,,,,
393524,,,,,,,,,,,,,,,,,,,,0.088817,0.913444,-1.250731,,,,,,
393528,,,,,,,,,-0.000000,0.000000,,,0.381906,-1.292980,0.081017,-0.008618,,,,,,,,,,,,
393534,0.088852,0.913380,-1.250986,0.122674,0.946008,-1.399135,0.251111,-0.516862,,,12.164247,7.439448,,,,,-0.020340,0.042364,-0.148149,0.088850,0.913386,-1.250731,,,,,,
393538,,,,,,,,,-0.000000,0.000000,,,0.321336,-1.087913,0.134081,0.038923,,,,,,,,,,,,
393544,,,,,,,,,,,,,,,,,,,,0.088852,0.913358,-1.250731,,,,,,
393548,,,,,,,,,-0.000000,0.000000,,,0.270372,-0.915370,0.136969,0.038868,,,,,,,,,,,,
393554,,,,,,,,,,,,,,,,,,,,0.088848,0.913357,-1.250731,,,,,,
393559,,,,,,,,,-0.000000,0.000000,,,0.772034,-0.770192,0.134231,0.039058,,,,,,,,,,,,
393563,,,,,,,,,,,,,,,,,,,,0.088845,0.913388,-1.250731,,,,,,
393568,,,,,,,,,0.027467,-0.652434,,,0.649589,-0.648040,0.137758,0.039454,,,,,,,,,,,,
393574,,,,,,,,,,,,,,,,,,,,0.088898,0.913269,-1.254148,,,,,,
393578,,,,,,,,,-0.000000,0.000000,,,0.546564,-0.545260,0.141112,0.040024,,,,,,,,,,,,
393584,0.088984,0.913062,-1.257064,0.124935,0.932035,-1.420894,0.272220,-0.460225,,,17.271456,12.390013,,,,,-0.006952,0.040052,-0.163830,0.088996,0.913033,-1.257621,,,,,,
393588,,,,,,,,,0.054935,-1.304868,,,1.548966,-0.458782,0.185305,0.091234,,,,,,,,,,,,
393594,,,,,,,,,,,,,,,,,,,,0.089090,0.912880,-1.264477,,,,,,
393599,,,,,,,,,0.027467,-0.652434,,,1.847843,-0.386019,0.185401,0.093062,,,,,,,,,,,,
393604,,,,,,,,,,,,,,,,,,,,0.089205,0.912625,-1.274757,,,,,,
393608,,,,,,,,,0.109870,0.000000,,,2.643861,0.764290,0.180366,0.083884,,,,,,,,,,,,
393614,,,,,,,,,,,,,,,,,,,,0.089317,0.912229,-1.285096,,,,,,
393618,,,,,,,,,0.054935,-1.304868,,,3.313631,0.643073,0.176460,0.087445,,,,,,,,,,,,
393623,,,,,,,,,,,,,,,,,,,,0.089506,0.911705,-1.295458,,,,,,
393628,,,,,,,,,0.109870,-1.304868,,,4.421718,1.085625,0.167949,0.085281,,,,,,,,,,,,
393634,0.089760,0.910559,-1.307316,0.127063,0.916920,-1.440377,0.294079,-0.411334,,,21.361855,17.083214,,,,,0.003574,0.037672,-0.133061,0.089691,0.910813,-1.305943,,,,,,
393638,,,,,,,,,0.082402,-0.652434,,,4.809519,1.457988,0.208285,0.131614,,,,,,,,,,,,
393643,,,,,,,,,,,,,,,,,,,,0.089981,0.909911,-1.316339,,,,,,
393648,,,,,,,,,0.137337,-1.957303,,,6.224902,1.771294,0.197159,0.131543,,,,,,,,,,,,
393654,,,,,,,,,,,,,,,,,,,,0.090224,0.908838,-1.326847,,,,,,
393659,,,,,,,,,0.082402,-0.652434,,,6.326718,2.034910,0.199148,0.131917,,,,,,,,,,,,
393664,,,,,,,,,,,,,,,,,,,,0.090551,0.907648,-1.340912,,,,,,
393668,,,,,,,,,0.219740,-1.304868,,,8.046016,2.801259,0.184618,0.127110,,,,,,,,,,,,
393673,,,,,,,,,,,,,,,,,,,,0.090931,0.906205,-1.355075,,,,,,
393678,,,,,,,,,0.164805,-2.609737,,,9.492633,3.446065,0.172526,0.123389,,,,,,,,,,,,
393684,0.091345,0.904325,-1.375082,0.129050,0.900634,-1.457883,0.316615,-0.368976,,,24.417646,21.184834,,,,,,,,0.091337,0.904494,-1.369337,,,,,,
393687,,,,,,,,,0.164805,-1.304868,,,10.165273,3.988605,0.199208,0.162419,0.010953,0.036267,-0.082801,,,,,,,,,
393694,,,,,,,,,,,,,,,,,,,,0.091705,0.902557,-1.383656,,,,,,
393699,,,,,,,,,0.137337,-0.652434,,,10.186688,4.445098,0.201840,0.161202,,,,,,,,,,,,
393704,,,,,,,,,,,,,,,,,,,,0.092064,0.900749,-1.398087,,,,,,
393708,,,,,,,,,0.329610,-1.304868,,,12.382881,6.462821,0.182285,0.143969,,,,,,,,,,,,
393714,,,,,,,,,,,,,,,,,,,,0.092425,0.898815,-1.412556,,,,,,
393718,,,,,,,,,0.219740,-1.304868,,,13.141670,7.071446,0.176952,0.140706,,,,,,,,,,,,
393724,,,,,,,,,,,,,,,,,,,,0.092788,0.896498,-1.423497,,,,,,
393728,,,,,,,,,0.274675,-1.304868,,,14.324659,8.128087,0.167141,0.132751,,,,,,,,,,,,
393734,0.093217,0.893570,-1.438348,0.130888,0.883154,-1.473669,0.339751,-0.332142,,,26.584154,24.464409,,,,,0.015300,0.035965,-0.035321,0.093184,0.893826,-1.438167,,,,,,
393738,,,,,,,,,0.247207,-1.957303,,,15.320025,8.472601,0.181105,0.165300,,,,,,,,,,,,
393744,,,,,,,,,,,,,,,,,,,,0.093590,0.891132,-1.452926,,,,,,
393748,,,,,,,,,0.302142,-0.652434,,,16.157526,9.851562,0.174815,0.154433,,,,,,,,,,,,
393754,,,,,,,,,,,,,,,,,,,,0.093985,0.888564,-1.464069,,,,,,
393759,,,,,,,,,0.164805,-1.304868,,,17.406742,11.011819,0.164159,0.145521,,,,,,,,,,,,
393764,,,,,,,,,,,,,,,,,,,,0.094333,0.885849,-1.478980,,,,,,
393768,,,,,,,,,0.384545,-1.304868,,,17.368746,10.898973,0.166382,0.149362,,,,,,,,,,,,
393774,,,,,,,,,,,,,,,,,,,,0.094616,0.882847,-1.490246,,,,,,
393778,,,,,,,,,0.329610,-1.304868,,,18.425863,11.893110,0.157442,0.141935,,,,,,,,,,,,
393784,0.094819,0.879566,-1.501740,0.132572,0.864459,-1.487949,0.363405,-0.299990,,,28.103149,27.261152,,,,,0.017676,0.036621,0.013792,0.094815,0.879786,-1.501571,,,,,,
393788,,,,,,,,,0.357077,-0.652434,,,19.315321,12.729577,0.165495,0.164444,,,,,,,,,,,,
393794,,,,,,,,,,,,,,,,,,,,0.095014,0.876544,-1.509192,,,,,,
393799,,,,,,,,,0.219740,-1.304868,,,18.974625,12.888837,0.170728,0.165726,,,,,,,,,,,,
393804,,,,,,,,,,,,,,,,,,,,0.095241,0.873340,-1.520592,,,,,,
393808,,,,,,,,,0.466947,-0.652434,,,20.866135,14.656468,0.153260,0.150571,,,,,,,,,,,,
393813,,,,,,,,,,,,,,,,,,,,0.095505,0.870332,-1.528222,,,,,,
393818,,,,,,,,,0.329610,-1.304868,,,21.368565,15.599210,0.149583,0.143476,,,,,,,,,,,,
393824,,,,,,,,,,,,,,,,,,,,0.095755,0.866814,-1.539755,,,,,,
393828,,,,,,,,,0.357077,-0.652434,,,21.791309,16.392433,0.146618,0.137717,,,,,,,,,,,,
393834,0.095878,0.863205,-1.546379,0.134093,0.844533,-1.500908,0.387491,-0.271821,,,29.633764,29.777445,,,,,0.019600,0.037747,0.045471,0.095891,0.863340,-1.547480,,,,,,
393838,,,,,,,,,0.357077,-0.652434,,,22.147007,17.059851,0.159864,0.158749,,,,,,,,,,,,
393844,,,,,,,,,,,,,,,,,,,,0.095956,0.859919,-1.555215,,,,,,
393848,,,,,,,,,0.357077,-0.652434,,,22.446291,17.621416,0.158309,0.155565,,,,,,,,,,,,
393854,,,,,,,,,,,,,,,,,,,,0.095978,0.856444,-1.559092,,,,,,
393859,,,,,,,,,0.274675,0.000000,,,23.787195,19.183002,0.146069,0.142068,,,,,,,,,,,,
393864,,,,,,,,,,,,,,,,,,,,0.096054,0.852993,-1.566890,,,,,,
393868,,,,,,,,,0.466947,-0.652434,,,22.737259,18.863291,0.157948,0.147448,,,,,,,,,,,,
393873,,,,,,,,,,,,,,,,,,,,0.096144,0.849124,-1.570735,,,,,,
393878,,,,,,,,,0.357077,-0.652434,,,22.942928,19.138830,0.157229,0.146820,,,,,,,,,,,,
393884,0.096152,0.845164,-1.574941,0.135446,0.823364,-1.512703,0.411920,-0.247053,,,31.365498,32.195553,,,,,0.021637,0.039384,0.062238,0.096163,0.845147,-1.574569,,,,,,
393888,,,,,,,,,0.412012,-0.652434,,,23.660522,19.915211,0.168912,0.165694,,,,,,,,,,,,
393894,,,,,,,,,,,,,,,,,,,,0.096162,0.841336,-1.582410,,,,,,
393898,,,,,,,,,0.412012,-0.652434,,,23.719763,20.568459,0.169848,0.161487,,,,,,,,,,,,
393904,,,,,,,,,,,,,,,,,,,,0.096146,0.837576,-1.586331,,,,,,
393908,,,,,,,,,0.384545,0.000000,,,24.314152,21.118101,0.165315,0.158206,,,,,,,,,,,,
393913,,,,,,,,,,,,,,,,,,,,0.096060,0.833709,-1.590211,,,,,,
393919,,,,,,,,,0.247207,-0.652434,,,23.180639,19.946939,0.178287,0.172367,,,,,,,,,,,,
393923,,,,,,,,,,,,,,,,,,,,0.095982,0.829569,-1.594111,,,,,,
393928,,,,,,,,,0.576817,-0.652434,,,24.949619,22.228785,0.161880,0.151542,,,,,,,,,,,,
393934,0.095883,0.824388,-1.598758,0.136626,0.800945,-1.523469,0.436600,-0.225197,,,32.750973,34.210209,,,,,0.022295,0.041382,0.075289,0.095911,0.825126,-1.597951,,,,,,
393938,,,,,,,,,0.384545,0.000000,,,25.348951,22.515099,0.173222,0.171164,,,,,,,,,,,,
393944,,,,,,,,,,,,,,,,,,,,0.095797,0.820777,-1.601737,,,,,,
393948,,,,,,,,,0.439480,0.000000,,,25.684950,23.300547,0.171275,0.165492,,,,,,,,,,,,
393953,,,,,,,,,,,,,,,,,,,,0.095654,0.816453,-1.605588,,,,,,
393959,,,,,,,,,0.302142,-0.652434,,,24.878572,22.327793,0.180914,0.177596,,,,,,,,,,,,
393965,,,,,,,,,,,,,,,,,,,,0.095442,0.812231,-1.605629,,,,,,
393968,,,,,,,,,0.576817,-0.652434,,,26.922802,24.232035,0.161637,0.160549,,,,,,,,,,,,
393971,,,,,,,,,,,,,,,,,,,,0.095442,0.812231,-1.605629,,,,,,
393974,,,,,,,,,,,,,,,,,,,,0.095255,0.807812,-1.609473,,,,,,
393978,,,,,,,,,0.466947,0.652434,,,27.009188,25.289721,0.161921,0.151756,,,,,,,,,,,,
393984,0.095031,0.803138,-1.609314,0.137628,0.777272,-1.533323,0.461432,-0.205848,,,34.682552,36.446156,,,,,0.024207,0.043561,0.075991,0.094986,0.803330,-1.613269,,,,,,
393988,,,,,,,,,0.439480,0.000000,,,27.081873,25.635113,0.182030,0.172824,,,,,,,,,,,,
393993,,,,,,,,,,,,,,,,,,,,0.094787,0.798702,-1.613271,,,,,,
393998,,,,,,,,,0.466947,-0.652434,,,27.687572,25.925726,0.177373,0.172022,,,,,,,,,,,,
394004,,,,,,,,,,,,,,,,,,,,0.094605,0.793765,-1.617056,,,,,,
394008,,,,,,,,,0.494415,0.000000,,,27.652666,26.170248,0.179128,0.171632,,,,,,,,,,,,
394014,,,,,,,,,,,,,,,,,,,,0.094453,0.789068,-1.620879,,,,,,
394019,,,,,,,,,0.274675,0.000000,,,29.256924,28.009619,0.164170,0.154926,,,,,,,,,,,,
394024,,,,,,,,,,,,,,,,,,,,0.094289,0.784236,-1.620929,,,,,,
394028,,,,,,,,,0.659220,0.000000,,,28.428574,27.379091,0.173704,0.163044,,,,,,,,,,,,
394034,0.094031,0.778827,-1.623487,0.138447,0.752348,-1.542366,0.486320,-0.188661,,,35.975025,38.173283,,,,,0.024103,0.045749,0.081121,0.094059,0.779618,-1.624785,,,,,,
394038,,,,,,,,,0.494415,-1.304868,,,29.365231,27.393110,0.178585,0.182331,,,,,,,,,,,,
394044,,,,,,,,,,,,,,,,,,,,0.093721,0.774807,-1.624743,,,,,,
394048,,,,,,,,,0.521882,0.652434,,,29.608789,27.949448,0.177422,0.178813,,,,,,,,,,,,
394054,,,,,,,,,,,,,,,,,,,,0.093487,0.769963,-1.624813,,,,,,
394059,,,,,,,,,0.302142,-0.652434,,,30.902807,29.506636,0.165496,0.164974,,,,,,,,,,,,
394064,,,,,,,,,,,,,,,,,,,,0.093057,0.764733,-1.628553,,,,,,
394068,,,,,,,,,0.686687,0.652435,,,29.813419,28.638681,0.177623,0.175561,,,,,,,,,,,,
394074,,,,,,,,,,,,,,,,,,,,0.092664,0.759660,-1.628593,,,,,,
394078,,,,,,,,,0.494415,0.000000,,,29.985895,29.542015,0.177096,0.168254,,,,,,,,,,,,
394084,0.092392,0.754753,-1.628163,0.139080,0.726180,-1.550685,0.511159,-0.173349,,,37.939262,40.304211,,,,,0.025849,0.048249,0.077478,0.092362,0.754809,-1.628591,,,,,,
394088,,,,,,,,,0.549350,0.000000,,,30.675560,29.757536,0.191294,0.189517,,,,,,,,,,,,
394093,,,,,,,,,,,,,,,,,,,,0.092035,0.749460,-1.628553,,,,,,
394098,,,,,,,,,0.494415,0.000000,,,30.711302,30.483419,0.192382,0.184222,,,,,,,,,,,,
394104,,,,,,,,,,,,,,,,,,,,0.091736,0.744128,-1.628556,,,,,,
394108,,,,,,,,,0.521882,-0.652434,,,31.285917,30.549635,0.187967,0.185511,,,,,,,,,,,,
394119,,,,,,,,,0.357077,0.652434,,,29.591227,29.516262,0.206583,0.198002,,,,0.091307,0.738709,-1.628512,,,,,,
394124,,,,,,,,,,,,,,,,,,,,0.090933,0.733488,-1.628512,,,,,,
394128,,,,,,,,,0.741622,-0.652433,,,32.521660,31.914042,0.178363,0.175703,,,,,,,,,,,,
394134,0.090575,0.727347,-1.631294,0.139523,0.698779,-1.558357,0.535847,-0.159668,,,39.348442,41.829994,,,,,0.025557,0.050586,0.072937,0.090650,0.728225,-1.628593,,,,,,
394138,,,,,,,,,0.549350,0.000000,,,32.809151,32.297901,0.190887,0.189028,,,,,,,,,,,,
394144,,,,,,,,,,,,,,,,,,,,0.090230,0.723138,-1.628623,,,,,,
394148,,,,,,,,,0.604285,0.000000,,,33.051048,33.165424,0.189728,0.182086,,,,,,,,,,,,
394154,,,,,,,,,,,,,,,,,,,,0.089827,0.717638,-1.628648,,,,,,
394158,,,,,,,,,0.521882,0.652434,,,33.254581,33.350815,0.188911,0.181928,,,,,,,,,,,,
394164,,,,,,,,,,,,,,,,,,,,0.089396,0.712313,-1.628663,,,,,,
394168,,,,,,,,,0.576817,0.652434,,,33.425831,33.506802,0.188383,0.182033,,,,,,,,,,,,
394174,,,,,,,,,,,,,,,,,,,,0.088965,0.706806,-1.628645,,,,,,
394179,,,,,,,,,0.357077,-0.652434,,,31.936293,32.004421,0.204761,0.199022,,,,,,,,,,,,
394184,0.088653,0.701879,-1.631621,0.139776,0.670163,-1.565447,0.560278,-0.147411,,,,,,,,,,,,0.088598,0.701177,-1.628662,,,,,,
394187,,,,,,,,,0.769089,0.000000,41.719948,44.220661,34.494797,34.552120,0.204336,0.199385,0.028550,0.052957,0.066174,0.088598,0.701177,-1.628662,,,,,,
394194,,,,,,,,,,,,,,,,,,,,0.088228,0.695413,-1.628662,,,,,,
394198,,,,,,,,,0.604285,0.000000,,,34.469349,35.062126,0.206041,0.196117,,,,,,,,,,,,
394204,,,,,,,,,,,,,,,,,,,,0.087761,0.689287,-1.628621,,,,,,
394208,,,,,,,,,0.549350,0.000000,,,34.992481,34.946701,0.202155,0.199126,,,,,,,,,,,,
394213,,,,,,,,,,,,,,,,,,,,0.087375,0.683371,-1.628646,,,,,,
394219,,,,,,,,,0.549350,3.914606,,,33.254471,36.483212,0.221228,0.185308,,,,,,,,,,,,
394223,,,,,,,,,,,,,,,,,,,,0.086872,0.677332,-1.624781,,,,,,
394228,,,,,,,,,0.686687,-3.262170,,,36.148457,35.597858,0.193403,0.195886,,,,,,,,,,,,
394234,0.086420,0.671119,-1.639067,0.139836,0.640354,-1.572015,0.584345,-0.136400,,,42.658813,45.435444,,,,,0.027049,0.055390,0.067052,0.086621,0.671420,-1.624812,,,,,,
394238,,,,,,,,,0.576817,-0.652434,,,36.405281,35.942009,0.201474,0.206491,,,,,,,,,,,,
394244,,,,,,,,,,,,,,,,,,,,0.086256,0.665369,-1.624815,,,,,,
394248,,,,,,,,,0.659220,0.000000,,,36.621372,36.776119,0.200520,0.199882,,,,,,,,,,,,
394254,,,,,,,,,,,,,,,,,,,,0.085770,0.659539,-1.624837,,,,,,
394258,,,,,,,,,0.631752,0.652435,,,36.803192,36.933395,0.199873,0.200010,,,,,,,,,,,,
394263,,,,,,,,,,,,,,,,,,,,0.085398,0.653544,-1.624854,,,,,,
394268,,,,,,,,,0.604285,0.000000,,,37.500721,37.610271,0.193929,0.194806,,,,,,,,,,,,
394274,,,,,,,,,,,,,,,,,,,,0.085106,0.647312,-1.624865,,,,,,
394279,,,,,,,,,0.384545,0.000000,,,35.364902,35.457081,0.216746,0.218333,,,,,,,,,,,,
394284,0.084740,0.641690,-1.626032,0.139702,0.609379,-1.578112,0.607942,-0.126486,,,45.042580,47.303638,,,,,0.029228,0.056662,0.047920,0.084705,0.640752,-1.624839,,,,,,
394288,,,,,,,,,0.878959,0.000000,,,37.924171,38.546276,0.216415,0.207875,,,,,,,,,,,,
394294,,,,,,,,,,,,,,,,,,,,0.084364,0.634379,-1.624858,,,,,,
394298,,,,,,,,,0.604285,0.000000,,,38.443913,38.422806,0.212537,0.210886,,,,,,,,,,,,
394304,,,,,,,,,,,,,,,,,,,,0.084044,0.628224,-1.624856,,,,,,
394308,,,,,,,,,0.659220,0.000000,,,38.881222,38.863461,0.209397,0.208167,,,,,,,,,,,,
394314,,,,,,,,,,,,,,,,,,,,0.083750,0.621923,-1.621052,,,,,,
394319,,,,,,,,,0.439480,0.000000,,,40.338261,40.867859,0.195767,0.189410,,,,,,,,,,,,
394324,,,,,,,,,,,,,,,,,,,,0.083378,0.615167,-1.621043,,,,,,
394328,,,,,,,,,0.906427,0.652435,,,39.386040,39.287102,0.206421,0.206821,,,,,,,,,,,,
394334,0.083057,0.607433,-1.618734,0.139374,0.577271,-1.583783,0.630962,-0.117539,,,46.163757,48.087059,,,,,0.027429,0.057698,0.034951,0.083073,0.608443,-1.621053,,,,,,
394338,,,,,,,,,0.604285,0.000000,,,39.129383,39.590679,0.221606,0.213319,,,,,,,,,,,,
394344,,,,,,,,,,,,,,,,,,,,0.082588,0.601616,-1.621003,,,,,,
394348,,,,,,,,,0.686687,0.652435,,,39.457977,40.390656,0.219661,0.206859,,,,,,,,,,,,
394354,,,,,,,,,,,,,,,,,,,,0.082253,0.594753,-1.621008,,,,,,
394358,,,,,,,,,0.686687,0.652435,,,39.734455,40.519211,0.218182,0.207087,,,,,,,,,,,,
394364,,,,,,,,,,,,,,,,,,,,0.081764,0.587623,-1.621008,,,,,,
394368,,,,,,,,,0.686687,-0.652435,,,40.511627,41.171921,0.211541,0.201942,,,,,,,,,,,,
394374,,,,,,,,,,,,,,,,,,,,0.081281,0.580460,-1.620894,,,,,,
394380,,,,,,,,,0.439480,0.000000,,,38.442825,38.998394,0.233773,0.225495,,,,,,,,,,,,
394384,0.080866,0.574441,-1.617210,0.138854,0.544068,-1.589069,0.653299,-0.109447,,,47.687103,49.495895,,,,,0.027650,0.059335,0.028141,0.080762,0.573429,-1.617069,,,,,,
394388,,,,,,,,,0.961362,0.652434,,,41.603024,42.070480,0.218621,0.210348,,,,,,,,,,,,
394394,,,,,,,,,,,,,,,,,,,,0.080266,0.566604,-1.617015,,,,,,
394398,,,,,,,,,0.714154,-1.304868,,,42.083839,42.477158,0.214934,0.207685,,,,,,,,,,,,
394404,,,,,,,,,,,,,,,,,,,,0.079682,0.559722,-1.617150,,,,,,
394408,,,,,,,,,0.741622,0.652433,,,42.488400,43.363880,0.211928,0.200044,,,,,,,,,,,,
394414,,,,,,,,,,,,,,,,,,,,0.079127,0.552672,-1.613229,,,,,,
394418,,,,,,,,,0.686687,0.652435,,,42.828796,43.565426,0.209496,0.199215,,,,,,,,,,,,
394424,,,,,,,,,,,,,,,,,,,,0.078742,0.545599,-1.609437,,,,,,
394428,,,,,,,,,0.714155,0.000000,,,42.570663,43.735004,0.213100,0.198671,,,,,,,,,,,,
394436,0.078783,0.545026,-1.610091,0.138142,0.509813,-1.594006,0.674849,-0.102115,,,50.691967,52.133377,,,,,0.032854,0.060697,0.016085,0.078220,0.537766,-1.609208,,,,,,
394442,,,,,,,,,0.631752,0.652435,,,42.353470,43.333145,0.246989,0.230825,,,,0.077750,0.530195,-1.608956,,,,,,
394448,,,,,,,,,0.796557,0.652434,,,43.259808,44.084106,0.239412,0.224925,,,,,,,,,,,,
394454,,,,,,,,,,,,,,,,,,,,0.077350,0.522659,-1.608864,,,,,,
394458,,,,,,,,,0.714154,-1.304868,,,44.022400,44.171425,0.233120,0.225644,,,,,,,,,,,,
394464,,,,,,,,,,,,,,,,,,,,0.076969,0.515373,-1.608964,,,,,,
394468,,,,,,,,,0.796557,0.652434,,,44.664047,44.789436,0.227909,0.220933,,,,,,,,,,,,
394474,,,,,,,,,,,,,,,,,,,,0.076570,0.508333,-1.605201,,,,,,
394480,,,,,,,,,0.494415,0.000000,,,42.481213,43.131256,0.251379,0.239315,,,,,,,,,,,,
394484,0.076287,0.502807,-1.605758,0.137240,0.474552,-1.598625,0.695510,-0.095458,,,50.225735,51.396118,,,,,0.026107,0.061903,0.007133,0.076147,0.501202,-1.605359,,,,,,
394488,,,,,,,,,1.043764,0.000000,,,45.545464,46.636955,0.217010,0.197837,,,,,,,,,,,,
394494,,,,,,,,,,,,,,,,,,,,0.075803,0.494014,-1.601691,,,,,,
394498,,,,,,,,,0.686687,0.652435,,,45.401009,46.319389,0.219420,0.202028,,,,,,,,,,,,
394504,,,,,,,,,,,,,,,,,,,,0.075400,0.486151,-1.601501,,,,,,
394508,,,,,,,,,0.769089,0.000000,,,45.824009,46.596733,0.216070,0.200215,,,,,,,,,,,,
394513,,,,,,,,,,,,,,,,,,,,0.075127,0.478088,-1.601430,,,,,,
394518,,,,,,,,,0.769089,0.000000,,,46.179920,46.830090,0.213320,0.198794,,,,,,,,,,,,
394524,,,,,,,,,,,,,,,,,,,,0.074944,0.470268,-1.601432,,,,,,
394528,,,,,,,,,0.769089,0.000000,,,46.479382,46.481892,0.211075,0.203259,,,,,,,,,,,,
394534,,,,,,,,,,,,,,,,,,,,0.074885,0.462568,-1.605367,,,,,,
394539,0.074907,0.463988,-1.608137,0.136153,0.438340,-1.602956,0.715184,-0.089406,0.466947,-0.652434,50.680309,51.847488,,,,,0.023344,0.062161,0.005180,,,,,,,,,
394542,,,,,,,,,,,,,47.820438,47.822548,0.202782,0.195171,,,,0.074607,0.454998,-1.601512,,,,,,
394548,,,,,,,,,1.043764,0.000000,,,46.770630,46.772404,0.214062,0.206688,,,,,,,,,,,,
394553,,,,,,,,,,,,,,,,,,,,0.074350,0.447608,-1.605437,,,,,,
394558,,,,,,,,,0.769089,0.000000,,,46.976406,46.977898,0.212745,0.205607,,,,,,,,,,,,
394563,,,,,,,,,,,,,,,,,,,,0.074142,0.440332,-1.605597,,,,,,
394568,,,,,,,,,0.796557,0.652434,,,47.149548,47.150803,0.211720,0.204817,,,,,,,,,,,,
394574,,,,,,,,,,,,,,,,,,,,0.073589,0.432956,-1.605592,,,,,,
394578,,,,,,,,,0.741622,-0.652433,,,47.295227,47.296284,0.210940,0.204272,,,,,,,,,,,,
394584,0.073083,0.425556,-1.612098,0.134882,0.401233,-1.607023,0.733774,-0.083894,,,51.353928,52.601482,,,,,0.021751,0.062750,0.005075,0.073090,0.425428,-1.609473,,,,,,
394588,,,,,,,,,0.769089,0.000000,,,47.417801,47.418690,0.217238,0.211625,,,,,,,,,,,,
394593,,,,,,,,,,,,,,,,,,,,0.072616,0.417826,-1.609472,,,,,,
394599,,,,,,,,,0.439480,0.000000,,,48.610023,44.254425,0.205864,0.244937,,,,,,,,,,,,
394604,,,,,,,,,,,,,,,,,,,,0.071979,0.409758,-1.605423,,,,,,
394608,,,,,,,,,1.071232,0.652434,,,46.890442,48.126530,0.223953,0.207111,,,,,,,,,,,,
394614,,,,,,,,,,,,,,,,,,,,0.071392,0.401888,-1.605352,,,,,,
394618,,,,,,,,,0.769089,0.000000,,,47.077217,48.117260,0.222940,0.208100,,,,,,,,,,,,
394623,,,,,,,,,,,,,,,,,,,,0.071079,0.394026,-1.601423,,,,,,
394628,,,,,,,,,0.769089,0.000000,,,46.689827,48.109459,0.227747,0.209077,,,,,,,,,,,,
394634,0.070824,0.386162,-1.602394,0.133434,0.363292,-1.610850,0.751190,-0.078868,,,52.477589,53.162868,,,,,0.020880,0.063302,-0.008456,0.070759,0.386073,-1.601503,,,,,,
394642,,,,,,,,,0.686687,0.652435,,,46.363876,47.558353,0.243466,0.221323,,,,0.070386,0.377995,-1.597389,,,,,,
394648,,,,,,,,,0.851492,0.652435,,,47.178707,48.728283,0.236377,0.210510,,,,,,,,,,,,
394654,,,,,,,,,,,,,,,,,,,,0.070060,0.370169,-1.597481,,,,,,
394658,,,,,,,,,0.851492,-0.652435,,,47.864307,48.623577,0.230444,0.212465,,,,,,,,,,,,
394663,,,,,,,,,,,,,,,,,,,,0.069886,0.362500,-1.597566,,,,,,
394668,,,,,,,,,0.769089,0.000000,,,48.441170,49.080017,0.225483,0.208717,,,,,,,,,,,,
394673,,,,,,,,,,,,,,,,,,,,0.069542,0.354862,-1.597711,,,,,,
394678,,,,,,,,,0.824024,0.000000,,,48.926540,48.919525,0.221339,0.211171,,,,,,,,,,,,
394684,0.069370,0.347006,-1.598163,0.131812,0.324582,-1.614457,0.767346,-0.074280,,,,,,,,,,,,0.069354,0.347191,-1.597774,,,,,,
394687,,,,,,,,,0.796557,-0.652434,53.603184,53.949963,48.790390,49.329029,0.234919,0.215871,0.020707,0.063033,-0.016294,,,,,,,,,
394694,,,,,,,,,,,,,,,,,,,,0.069169,0.339114,-1.597832,,,,,,
394699,,,,,,,,,0.466947,0.652434,,,50.309464,50.218128,0.220387,0.207726,,,,,,,,,,,,
394704,,,,,,,,,,,,,,,,,,,,0.068849,0.330655,-1.601639,,,,,,
394708,,,,,,,,,1.098699,0.000000,,,48.864895,48.788044,0.235781,0.223060,,,,,,,,,,,,
394714,,,,,,,,,,,,,,,,,,,,0.068628,0.322365,-1.605364,,,,,,
394717,,,,,,,,,0.769089,-1.304867,,,48.738522,48.673859,0.238017,0.225257,,,,0.068628,0.322365,-1.605364,,,,,,
394724,,,,,,,,,,,,,,,,,,,,0.068376,0.314244,-1.605293,,,,,,
394728,,,,,,,,,0.796557,0.652434,,,49.176735,49.122326,0.234520,0.221738,,,,,,,,,,,,
394734,0.068040,0.306352,-1.605551,0.130022,0.285174,-1.617865,0.782160,-0.070088,,,53.942802,54.513744,,,,,0.019012,0.062680,-0.012314,0.067971,0.306276,-1.609214,,,,,,
394742,,,,,,,,,0.961362,-5.871906,,,53.357246,48.410580,0.196229,0.235714,,,,,,,,,,,,
394745,,,,,,,,,,,,,,,,,,,,0.067552,0.298518,-1.609338,,,,,,
394748,,,,,,,,,0.714154,5.219474,,,49.795670,49.989891,0.232674,0.220825,,,,,,,,,,,,
394754,,,,,,,,,,,,,,,,,,,,0.067038,0.290784,-1.613274,,,,,,
394758,,,,,,,,,0.796557,0.652434,,,49.521675,50.229637,0.236298,0.219285,,,,,,,,,,,,
394764,,,,,,,,,,,,,,,,,,,,0.066560,0.282740,-1.609472,,,,,,
394768,,,,,,,,,0.824024,0.000000,,,49.835678,50.431358,0.233979,0.218084,,,,,,,,,,,,
394774,,,,,,,,,,,,,,,,,,,,0.065873,0.273779,-1.613042,,,,,,
394778,,,,,,,,,0.796557,-0.652434,,,50.099880,50.056541,0.232106,0.222723,,,,,,,,,,,,
394784,0.065422,0.265631,-1.615150,0.128071,0.245139,-1.621088,0.795556,-0.066254,,,54.223721,55.171703,,,,,0.017694,0.063496,-0.005939,0.065362,0.265544,-1.613039,,,,,,
394788,,,,,,,,,0.824024,0.000000,,,50.322182,50.285713,0.233472,0.227988,,,,,,,,,,,,
394795,,,,,,,,,,,,,,,,,,,,0.064856,0.256968,-1.608953,,,,,,
394800,,,,,,,,,0.604285,0.000000,,,48.331051,48.300369,0.254562,0.249216,,,,,,,,,,,,
394804,,,,,,,,,,,,,,,,,,,,0.064447,0.248749,-1.612964,,,,,,
394808,,,,,,,,,1.126167,0.652435,,,51.012062,51.530788,0.228395,0.217640,,,,,,,,,,,,
394813,,,,,,,,,,,,,,,,,,,,0.064188,0.240705,-1.609200,,,,,,
394818,,,,,,,,,0.769089,0.000000,,,51.089691,51.526146,0.228245,0.218416,,,,,,,,,,,,
394824,,,,,,,,,,,,,,,,,,,,0.063775,0.232330,-1.609333,,,,,,
394828,,,,,,,,,0.878959,0.000000,,,51.699551,52.066784,0.222651,0.213630,,,,,,,,,,,,
394834,0.063477,0.223265,-1.609707,0.125965,0.204555,-1.624144,0.807468,-0.062746,,,54.764027,55.308231,,,,,0.016265,0.063169,-0.014437,0.063475,0.223407,-1.609208,,,,,,
394838,,,,,,,,,0.878959,0.000000,,,51.668144,51.977131,0.228988,0.216558,,,,,,,,,,,,
394844,,,,,,,,,,,,,,,,,,,,0.063249,0.215032,-1.609281,,,,,,
394848,,,,,,,,,0.796557,0.652434,,,51.641716,51.901699,0.229876,0.217994,,,,,,,,,,,,
394854,,,,,,,,,,,,,,,,,,,,0.062913,0.206496,-1.609211,,,,,,
394859,,,,,,,,,0.549350,-1.304868,,,49.441307,49.115513,0.252945,0.247094,,,,,,,,,,,,
394864,,,,,,,,,,,,,,,,,,,,0.062543,0.198308,-1.613177,,,,,,
394868,,,,,,,,,1.181102,0.652433,,,53.035316,52.761192,0.217351,0.211147,,,,,,,,,,,,
394874,,,,,,,,,,,,,,,,,,,,0.061975,0.189627,-1.613114,,,,,,
394878,,,,,,,,,0.796557,-0.652434,,,52.792057,52.561409,0.220178,0.213694,,,,,,,,,,,,
394884,0.061512,0.181245,-1.615622,0.123712,0.163499,-1.627046,0.817833,-0.059536,,,54.952457,55.674301,,,,,0.014941,0.062933,-0.011424,0.061525,0.181039,-1.613177,,,,,,
394888,,,,,,,,,0.851492,0.652435,,,52.587376,52.937855,0.224582,0.214138,,,,,,,,,,,,
394894,,,,,,,,,,,,,,,,,,,,0.060955,0.172085,-1.613051,,,,,,
394899,,,,,,,,,0.549350,0.000000,,,49.692444,49.987335,0.254583,0.244780,,,,,,,,,,,,
394904,,,,,,,,,,,,,,,,,,,,0.060570,0.163572,-1.616807,,,,,,
394908,,,,,,,,,1.153634,0.000000,,,53.246624,53.494747,0.219382,0.210142,,,,,,,,,,,,
394914,,,,,,,,,,,,,,,,,,,,0.060189,0.154952,-1.620637,,,,,,
394918,,,,,,,,,0.906427,-0.652435,,,53.514393,53.178619,0.216992,0.213803,,,,,,,,,,,,
394924,,,,,,,,,,,,,,,,,,,,0.059769,0.146652,-1.620782,,,,,,
394928,,,,,,,,,0.824024,0.000000,,,53.739693,53.457176,0.214982,0.211460,,,,,,,,,,,,
394934,0.059366,0.138542,-1.620399,0.121320,0.122053,-1.629808,0.826597,-0.056598,,,55.004307,55.851715,,,,,0.013397,0.062696,-0.009408,0.059340,0.138401,-1.620836,,,,,,
394938,,,,,,,,,0.878959,0.000000,,,53.384716,53.147007,0.219374,0.216877,,,,,,,,,,,,
394944,,,,,,,,,,,,,,,,,,,,0.058821,0.129944,-1.620934,,,,,,
394948,,,,,,,,,0.851492,0.652435,,,53.630585,53.430576,0.217190,0.214526,,,,,,,,,,,,
394954,,,,,,,,,,,,,,,,,,,,0.058274,0.121192,-1.620836,,,,,,
394959,,,,,,,,,0.521882,-0.652434,,,50.570198,50.401913,0.248681,0.245902,,,,,,,,,,,,
394964,,,,,,,,,,,,,,,,,,,,0.057696,0.112587,-1.624658,,,,,,
394968,,,,,,,,,1.153634,0.000000,,,53.985165,53.843571,0.214735,0.211887,,,,,,,,,,,,
394974,,,,,,,,,,,,,,,,,,,,0.057062,0.104151,-1.620775,,,,,,
394978,,,,,,,,,0.851492,-0.652435,,,53.591259,53.472122,0.218957,0.216078,,,,,,,,,,,,
394983,,,,,,,,,,,,,,,,,,,,0.056497,0.095947,-1.617056,,,,,,
394986,0.056512,0.095956,-1.620074,0.118798,0.080301,-1.632441,0.833714,-0.053910,0.851492,0.652435,55.276127,55.999325,53.804371,53.704128,0.219838,0.215693,0.012567,0.062982,-0.012366,,,,,,,,,
394994,,,,,,,,,,,,,,,,,,,,0.055953,0.087307,-1.620882,,,,,,
394998,,,,,,,,,0.824024,0.000000,,,53.439137,53.354794,0.223858,0.219715,,,,,,,,,,,,
395004,,,,,,,,,,,,,,,,,,,,0.055469,0.078453,-1.620890,,,,,,
395008,,,,,,,,,0.851492,0.652435,,,53.131828,53.605408,0.227360,0.217688,,,,,,,,,,,,
395014,,,,,,,,,,,,,,,,,,,,0.054940,0.069630,-1.620771,,,,,,
395019,,,,,,,,,0.769089,5.219474,,,50.150543,54.905361,0.258198,0.204907,,,,,,,,,,,,
395023,,,,,,,,,,,,,,,,,,,,0.054503,0.060955,-1.616950,,,,,,
395028,,,,,,,,,0.906427,-4.567039,,,53.087524,53.276424,0.229266,0.221741,,,,,,,,,,,,
395033,,,,,,,,,,,,,,,,,,,,0.053950,0.052520,-1.616877,,,,,,
395036,0.053614,0.052401,-1.636298,0.116154,0.038327,-1.634957,0.839145,-0.051453,0.906427,-0.652435,54.506012,55.984200,53.380527,52.994923,0.218860,0.225003,0.009951,0.063328,0.001340,,,,,,,,,
395044,,,,,,,,,,,,,,,,,,,,0.053455,0.044289,-1.617008,,,,,,
395048,,,,,,,,,0.824024,0.000000,,,53.627060,53.302612,0.216570,0.222462,,,,,,,,,,,,
395054,,,,,,,,,,,,,,,,,,,,0.053199,0.035934,-1.617108,,,,,,
395060,,,,,,,,,0.604285,0.000000,,,55.468121,55.195133,0.197967,0.203695,,,,,,,,,,,,
395064,,,,,,,,,,,,,,,,,,,,0.052738,0.027364,-1.617060,,,,,,
395068,,,,,,,,,1.071232,0.652434,,,52.660843,52.975697,0.226409,0.226491,,,,,,,,,,,,
395073,,,,,,,,,,,,,,,,,,,,0.052261,0.018584,-1.620836,,,,,,
395078,,,,,,,,,0.851492,-0.652435,,,53.021519,52.741890,0.223099,0.229477,,,,,,,,,,,,
395084,0.051620,0.010125,-1.621408,0.113397,-0.003783,-1.637366,0.842861,-0.049209,,,55.423424,55.975864,,,,,0.010765,0.062402,-0.015957,0.051740,0.010140,-1.617060,,,,,,
395088,,,,,,,,,0.906427,0.652435,,,52.780445,53.089710,0.235212,0.226493,,,,,,,,,,,,
395093,,,,,,,,,,,,,,,,,,,,0.051074,0.001748,-1.616941,,,,,,
395098,,,,,,,,,0.824024,0.000000,,,53.122150,53.382366,0.232256,0.224085,,,,,,,,,,,,
395104,,,,,,,,,,,,,,,,,,,,0.050553,-0.006510,-1.613271,,,,,,
395108,,,,,,,,,0.824024,0.000000,,,52.865116,53.084064,0.235338,0.227646,,,,,,,,,,,,
395113,,,,,,,,,,,,,,,,,,,,0.050014,-0.015166,-1.609385,,,,,,
395119,,,,,,,,,0.549350,0.000000,,,49.926132,50.110355,0.265827,0.258557,,,,,,,,,,,,
395124,,,,,,,,,,,,,,,,,,,,0.049651,-0.024029,-1.609389,,,,,,
395128,,,,,,,,,1.208569,1.304866,,,53.443249,54.142796,0.231052,0.218599,,,,,,,,,,,,
395134,0.049327,-0.034385,-1.601404,0.110537,-0.045941,-1.639676,0.844841,-0.047164,,,55.809849,55.161739,,,,,0.009678,0.061535,-0.038272,0.049238,-0.032928,-1.605542,,,,,,
395138,,,,,,,,,0.851492,-0.652435,,,53.135288,54.268433,0.238531,0.209380,,,,,,,,,,,,
395144,,,,,,,,,,,,,,,,,,,,0.049087,-0.041588,-1.605546,,,,,,
395148,,,,,,,,,0.878959,0.000000,,,53.420715,54.374142,0.236154,0.208480,,,,,,,,,,,,
395154,,,,,,,,,,,,,,,,,,,,0.048776,-0.050142,-1.605635,,,,,,
395158,,,,,,,,,0.878959,0.000000,,,53.660873,53.918545,0.234182,0.213285,,,,,,,,,,,,
395164,,,,,,,,,,,,,,,,,,,,0.048452,-0.058571,-1.605634,,,,,,
395168,,,,,,,,,0.851492,-0.652435,,,53.862942,54.079746,0.232551,0.211889,,,,,,,,,,,,
395174,,,,,,,,,,,,,,,,,,,,0.048184,-0.067011,-1.605690,,,,,,
395179,,,,,,,,,0.494415,0.000000,,,55.122051,55.304470,0.220097,0.199613,,,,,,,,,,,,
395184,0.047732,-0.074295,-1.608853,0.107584,-0.088060,-1.641899,0.845072,-0.045304,,,,,,,,,,,,0.047656,-0.075688,-1.609535,,,,,,
395187,,,,,,,,,1.208569,0.000000,56.212074,55.820312,53.458748,53.612236,0.241303,0.223563,0.011477,0.060333,-0.033046,,,,,,,,,
395194,,,,,,,,,,,,,,,,,,,,0.047302,-0.084358,-1.613387,,,,,,
395198,,,,,,,,,0.851492,0.652435,,,53.692875,53.277477,0.239466,0.227419,,,,,,,,,,,,
395204,,,,,,,,,,,,,,,,,,,,0.046862,-0.092872,-1.613386,,,,,,
395208,,,,,,,,,0.851492,-0.652435,,,53.889870,53.540352,0.237960,0.225246,,,,,,,,,,,,
395214,,,,,,,,,,,,,,,,,,,,0.046447,-0.101403,-1.617226,,,,,,
395219,,,,,,,,,0.576817,-0.652434,,,56.233795,54.850624,0.214517,0.212338,,,,,,,,,,,,
395223,,,,,,,,,,,,,,,,,,,,0.045906,-0.109948,-1.621051,,,,,,
395228,,,,,,,,,1.126167,-0.652435,,,53.849625,52.685825,0.238831,0.234613,,,,,,,,,,,,
395233,,,,,,,,,,,,,,,,,,,,0.045403,-0.118873,-1.624837,,,,,,
395236,0.045348,-0.119850,-1.626233,0.104548,-0.130054,-1.644041,0.843551,-0.043617,0.824024,0.000000,54.450680,54.862019,53.477215,52.497993,0.225136,0.227381,0.006908,0.059674,-0.017807,,,,,,,,,
395244,,,,,,,,,,,,,,,,,,,,0.044865,-0.128110,-1.624746,,,,,,
395248,,,,,,,,,0.878959,0.000000,,,53.708412,52.884495,0.222972,0.223911,,,,,,,,,,,,
395254,,,,,,,,,,,,,,,,,,,,0.044259,-0.137298,-1.624593,,,,,,
395258,,,,,,,,,0.851492,-0.652435,,,53.358398,52.665154,0.226691,0.226544,,,,,,,,,,,,
395263,,,,,,,,,,,,,,,,,,,,0.043814,-0.146304,-1.632065,,,,,,
395268,,,,,,,,,0.851492,0.652435,,,53.608440,53.025143,0.224359,0.223312,,,,,,,,,,,,
395274,,,,,,,,,,,,,,,,,,,,0.043039,-0.155174,-1.631987,,,,,,
395279,,,,,,,,,0.549350,0.000000,,,50.551567,50.060780,0.255708,0.253915,,,,,,,,,,,,
395284,0.042612,-0.162459,-1.631581,0.101438,-0.171835,-1.646111,0.840284,-0.042095,,,53.849033,54.429512,,,,,0.005785,0.059287,-0.014530,0.042501,-0.163850,-1.632070,,,,,,
395288,,,,,,,,,1.236036,-0.652434,,,54.514030,54.101082,0.209933,0.209253,,,,,,,,,,,,
395294,,,,,,,,,,,,,,,,,,,,0.041741,-0.172277,-1.628260,,,,,,
395298,,,,,,,,,0.851492,0.652435,,,54.580788,54.233334,0.209120,0.207970,,,,,,,,,,,,
395304,,,,,,,,,,,,,,,,,,,,0.041067,-0.180700,-1.628455,,,,,,
395308,,,,,,,,,0.851492,-0.652435,,,54.092415,53.800068,0.213955,0.212428,,,,,,,,,,,,
395314,,,,,,,,,,,,,,,,,,,,0.040472,-0.189023,-1.628553,,,,,,
395318,,,,,,,,,0.851492,0.652435,,,54.226044,53.980061,0.212543,0.210718,,,,,,,,,,,,
395324,,,,,,,,,,,,,,,,,,,,0.039777,-0.197284,-1.624835,,,,,,
395328,,,,,,,,,0.906427,0.652435,,,53.793934,54.131508,0.216875,0.209263,,,,,,,,,,,,
395334,,,,,,,,,,,,,,,,,,,,0.038965,-0.205946,-1.624735,,,,,,
395341,0.039146,-0.204368,-1.625311,0.098266,-0.213317,-1.648116,0.835284,-0.040729,0.494415,0.000000,53.722618,53.875271,50.707642,50.991676,0.248366,0.241349,,,,,,,,,,,,
395344,,,,,,,,,,,,,,,,,0.005715,0.059519,-0.022804,0.038457,-0.214955,-1.620960,,,,,,
395348,,,,,,,,,0.906427,-1.957303,,,51.922638,50.527996,0.235312,0.241113,,,,,,,,,,,,
395353,,,,,,,,,,,,,,,,,,,,0.037917,-0.224018,-1.616868,,,,,,
395358,,,,,,,,,0.796557,0.652434,,,51.855846,51.226940,0.236353,0.234653,,,,,,,,,,,,
395364,,,,,,,,,,,,,,,,,,,,0.037389,-0.232739,-1.616874,,,,,,
395368,,,,,,,,,0.906427,-0.652435,,,52.344193,51.815033,0.231746,0.229184,,,,,,,,,,,,
395374,,,,,,,,,,,,,,,,,,,,0.036955,-0.241728,-1.620629,,,,,,
395379,,,,,,,,,0.521882,0.652434,,,49.487827,49.042595,0.261156,0.257875,,,,,,,,,,,,
395384,0.036659,-0.248715,-1.615016,0.095042,-0.254417,-1.650064,0.828574,-0.039512,,,52.884808,52.375931,,,,,0.003116,0.058578,-0.035048,0.036527,-0.250389,-1.617060,,,,,,
395388,,,,,,,,,1.236036,-0.652434,,,53.619003,53.244385,0.211319,0.200690,,,,,,,,,,,,
395394,,,,,,,,,,,,,,,,,,,,0.036155,-0.258820,-1.613227,,,,,,
395398,,,,,,,,,0.906427,0.652435,,,53.827713,53.512508,0.209044,0.197782,,,,,,,,,,,,
395404,,,,,,,,,,,,,,,,,,,,0.035626,-0.267389,-1.613274,,,,,,
395408,,,,,,,,,0.824024,0.000000,,,54.003323,53.193565,0.207064,0.200808,,,,,,,,,,,,
395414,,,,,,,,,,,,,,,,,,,,0.034942,-0.276307,-1.609435,,,,,,
395418,,,,,,,,,0.824024,0.000000,,,53.606537,53.469749,0.210888,0.197827,,,,,,,,,,,,
395424,,,,,,,,,,,,,,,,,,,,0.034443,-0.285318,-1.605542,,,,,,
395428,,,,,,,,,0.851492,-0.652435,,,53.272682,53.157589,0.214149,0.200792,,,,,,,,,,,,
395434,,,,,,,,,,,,,,,,,,,,0.033943,-0.293799,-1.601572,,,,,,
395439,0.034106,-0.292204,-1.599965,0.091775,-0.295051,-1.651962,0.820187,-0.038438,0.521882,0.652434,52.219364,50.820099,,,,,0.001164,0.057727,-0.051997,,,,,,,,,
395442,,,,,,,,,,,,,54.625404,54.528564,0.193486,0.170783,,,,0.033402,-0.302762,-1.605274,,,,,,
395448,,,,,,,,,1.043764,-2.609737,,,53.040871,50.781216,0.209167,0.208264,,,,,,,,,,,,
395453,,,,,,,,,,,,,,,,,,,,0.032939,-0.311170,-1.605421,,,,,,
395458,,,,,,,,,0.824024,0.000000,,,52.796730,50.895454,0.211493,0.207106,,,,,,,,,,,,
395464,,,,,,,,,,,,,,,,,,,,0.032424,-0.319960,-1.605276,,,,,,
395468,,,,,,,,,0.851492,0.652435,,,52.591309,51.536121,0.213472,0.200557,,,,,,,,,,,,
395474,,,,,,,,,,,,,,,,,,,,0.032124,-0.328188,-1.605484,,,,,,
395478,,,,,,,,,0.851492,-0.652435,,,52.418468,51.530632,0.215161,0.200469,,,,,,,,,,,,
395484,0.031864,-0.336638,-1.614742,0.088477,-0.335140,-1.653817,0.810161,-0.037503,,,49.851395,49.100544,,,,,-0.003984,0.056492,-0.039074,0.031830,-0.336812,-1.613107,,,,,,
395488,,,,,,,,,0.851492,0.652435,,,52.817585,52.070557,0.186897,0.177281,,,,,,,,,,,,
395493,,,,,,,,,,,,,,,,,,,,0.031611,-0.345171,-1.613225,,,,,,
395499,,,,,,,,,0.714154,-5.219474,,,53.697945,48.713047,0.177324,0.210933,,,,,,,,,,,,
395504,,,,,,,,,,,,,,,,,,,,0.031186,-0.353333,-1.617097,,,,,,
395508,,,,,,,,,0.906427,5.871908,,,51.715961,51.878014,0.196771,0.178728,,,,,,,,,,,,
395514,,,,,,,,,,,,,,,,,,,,0.030778,-0.361805,-1.620875,,,,,,
395518,,,,,,,,,0.824024,-1.304869,,,51.681950,51.818302,0.196745,0.178782,,,,,,,,,,,,
395524,,,,,,,,,,,,,,,,,,,,0.030399,-0.370276,-1.620762,,,,,,
395528,,,,,,,,,0.769089,0.000000,,,51.653332,51.223518,0.196671,0.184305,,,,,,,,,,,,
395534,,,,,,,,,,,,,,,,,,,,0.029764,-0.378994,-1.620699,,,,,,
395539,0.029813,-0.377626,-1.622936,0.085156,-0.374605,-1.655635,0.798546,-0.036704,0.521882,-0.652434,,,,,,,,,,,,,,,,,,
395542,,,,,,,,,,,48.449001,47.996727,52.718342,52.356697,0.171143,0.161063,-0.005901,0.055111,-0.032700,0.029131,-0.387309,-1.620355,,,,,,
395548,,,,,,,,,1.043764,0.000000,,,50.891724,50.042892,0.188920,0.183792,,,,,,,,,,,,
395554,,,,,,,,,,,,,,,,,,,,0.028660,-0.395542,-1.624068,,,,,,
395558,,,,,,,,,0.769089,0.000000,,,50.443893,49.729687,0.193000,0.186577,,,,,,,,,,,,
395564,,,,,,,,,,,,,,,,,,,,0.028050,-0.403753,-1.627871,,,,,,
395568,,,,,,,,,0.824024,0.000000,,,50.067089,49.466156,0.196444,0.188919,,,,,,,,,,,,
395573,,,,,,,,,,,,,,,,,,,,0.027442,-0.412024,-1.631455,,,,,,
395578,,,,,,,,,0.741622,0.652433,,,49.750046,49.244423,0.199354,0.190886,,,,,,,,,,,,
395584,0.027119,-0.419674,-1.628016,0.081825,-0.413373,-1.657423,0.785397,-0.036040,,,46.568108,46.265652,,,,,-0.009419,0.054256,-0.029407,0.027005,-0.420132,-1.631467,,,,,,
395588,,,,,,,,,0.796557,-0.652434,,,50.027828,49.057854,0.177076,0.174883,,,,,,,,,,,,
395594,,,,,,,,,,,,,,,,,,,,0.026791,-0.428240,-1.638695,,,,,,
395599,,,,,,,,,0.466947,-0.652434,,,46.994297,46.178162,0.207326,0.203697,,,,,,,,,,,,
395604,,,,,,,,,,,,,,,,,,,,0.026364,-0.436112,-1.638978,,,,,,
395608,,,,,,,,,1.016297,-0.652434,,,49.887318,48.656078,0.177732,0.178440,,,,,,,,,,,,
395614,,,,,,,,,,,,,,,,,,,,0.025832,-0.443758,-1.642626,,,,,,
395618,,,,,,,,,0.796557,-0.652434,,,50.143330,48.562824,0.174457,0.178913,,,,,,,,,,,,
395624,,,,,,,,,,,,,,,,,,,,0.025353,-0.451511,-1.643010,,,,,,
395628,,,,,,,,,0.769089,1.304867,,,49.269653,48.484360,0.182653,0.179254,,,,,,,,,,,,
395636,0.025401,-0.452065,-1.636278,0.078491,-0.451371,-1.659188,0.770777,-0.035510,,,46.996078,46.982376,,,,,-0.004166,0.052931,-0.022910,0.024924,-0.459374,-1.643214,,,,,,
395642,,,,,,,,,0.686687,-0.652435,,,48.534542,47.873795,0.193976,0.192349,,,,0.024466,-0.466846,-1.650669,,,,,,
395648,,,,,,,,,0.824024,-1.304869,,,49.005104,47.904610,0.188869,0.191856,,,,,,,,,,,,
395654,,,,,,,,,,,,,,,,,,,,0.023815,-0.474285,-1.650865,,,,,,
395658,,,,,,,,,0.769089,1.304867,,,48.856491,47.930538,0.189983,0.191407,,,,,,,,,,,,
395664,,,,,,,,,,,,,,,,,,,,0.023070,-0.481618,-1.654530,,,,,,
395668,,,,,,,,,0.769089,0.000000,,,48.731449,47.952354,0.190886,0.190995,,,,,,,,,,,,
395674,,,,,,,,,,,,,,,,,,,,0.022410,-0.488748,-1.658513,,,,,,
395678,,,,,,,,,0.769089,0.000000,,,48.626240,47.970711,0.191612,0.190614,,,,,,,,,,,,
395684,0.021813,-0.495488,-1.653461,0.075165,-0.488532,-1.660937,0.754756,-0.035115,,,43.626175,44.338505,,,,,,,,0.021720,-0.495951,-1.655034,,,,,,
395687,,,,,,,,,0.769089,0.000000,,,48.537716,47.986153,0.157816,0.163291,-0.011337,0.052595,-0.007475,,,,,,,,,
395694,,,,,,,,,,,,,,,,,,,,0.020950,-0.503166,-1.658794,,,,,,
395699,,,,,,,,,0.466947,-0.652434,,,45.740517,45.276432,0.185365,0.190201,,,,,,,,,,,,
395704,,,,,,,,,,,,,,,,,,,,0.020092,-0.510046,-1.655069,,,,,,
395708,,,,,,,,,0.933894,1.304869,,,47.198757,47.897362,0.170068,0.163280,,,,,,,,,,,,
395714,,,,,,,,,,,,,,,,,,,,0.019263,-0.517470,-1.655024,,,,,,
395718,,,,,,,,,0.714155,0.000000,,,46.792091,47.379894,0.173502,0.167846,,,,,,,,,,,,
395724,,,,,,,,,,,,,,,,,,,,0.018479,-0.525161,-1.654980,,,,,,
395728,,,,,,,,,0.686687,0.652435,,,45.905376,46.399956,0.181913,0.177233,,,,,,,,,,,,
395734,0.017941,-0.532364,-1.648569,0.071856,-0.524792,-1.662676,0.737410,-0.034857,,,42.583515,42.981033,,,,,-0.011738,0.053164,-0.014107,0.017802,-0.532604,-1.651106,,,,,,
395738,,,,,,,,,0.714154,-1.304868,,,45.703838,46.119980,0.172878,0.165830,,,,,,,,,,,,
395744,,,,,,,,,,,,,,,,,,,,0.017054,-0.540304,-1.647028,,,,,,
395748,,,,,,,,,0.686687,0.652435,,,45.534267,45.339863,0.173983,0.173160,,,,,,,,,,,,
395754,,,,,,,,,,,,,,,,,,,,0.016535,-0.547704,-1.642969,,,,,,
395759,,,,,,,,,0.412012,-0.652434,,,42.668873,42.505299,0.202620,0.201601,,,,,,,,,,,,
395764,,,,,,,,,,,,,,,,,,,,0.015853,-0.554974,-1.639056,,,,,,
395768,,,,,,,,,0.961362,0.652434,,,45.158817,45.565731,0.177206,0.170479,,,,,,,,,,,,
395773,,,,,,,,,,,,,,,,,,,,0.015190,-0.562251,-1.638952,,,,,,
395778,,,,,,,,,0.741622,0.652433,,,45.075684,45.962605,0.177539,0.165914,,,,,,,,,,,,
395783,,,,,,,,,,,,,,,,,,,,0.014637,-0.569404,-1.642486,,,,,,
395786,0.014717,-0.569402,-1.640261,0.068573,-0.560092,-1.664414,0.718822,-0.034741,0.686687,0.652435,41.287113,41.212742,44.461193,45.751991,0.170085,0.149430,-0.013025,0.053080,-0.024153,,,,,,,,,
395794,,,,,,,,,,,,,,,,,,,,0.014180,-0.576716,-1.638969,,,,,,
395799,,,,,,,,,0.439480,0.000000,,,41.765987,42.852066,0.196941,0.178101,,,,,,,,,,,,
395804,,,,,,,,,,,,,,,,,,,,0.013645,-0.583622,-1.635164,,,,,,
395808,,,,,,,,,0.906427,-1.957303,,,44.399132,44.223869,0.169987,0.163781,,,,,,,,,,,,
395813,,,,,,,,,,,,,,,,,,,,0.013097,-0.590357,-1.638810,,,,,,
395818,,,,,,,,,0.686687,0.652435,,,44.436485,44.289021,0.168984,0.162514,,,,,,,,,,,,
395824,,,,,,,,,,,,,,,,,,,,0.012591,-0.597120,-1.639071,,,,,,
395828,,,,,,,,,0.714155,0.000000,,,43.923370,43.799294,0.173588,0.166894,,,,,,,,,,,,
395834,0.011974,-0.603878,-1.639164,0.065324,-0.594376,-1.666156,0.699078,-0.034772,,,40.092152,39.878254,,,,,-0.013124,0.052577,-0.026992,0.011949,-0.603773,-1.639063,,,,,,
395838,,,,,,,,,0.659220,0.000000,,,44.036179,43.931782,0.159721,0.151413,,,,,,,,,,,,
395843,,,,,,,,,,,,,,,,,,,,0.011356,-0.610372,-1.639049,,,,,,
395848,,,,,,,,,0.659220,0.000000,,,43.586552,43.498714,0.163519,0.155020,,,,,,,,,,,,
395854,,,,,,,,,,,,,,,,,,,,0.010689,-0.616935,-1.642941,,,,,,
395859,,,,,,,,,0.439480,0.000000,,,41.030064,40.956158,0.188896,0.180230,,,,,,,,,,,,
395864,,,,,,,,,,,,,,,,,,,,0.010122,-0.623244,-1.643042,,,,,,
395868,,,,,,,,,0.878959,0.000000,,,43.235382,43.173199,0.166214,0.157401,,,,,,,,,,,,
395874,,,,,,,,,,,,,,,,,,,,0.009658,-0.629652,-1.643415,,,,,,
395878,,,,,,,,,0.686687,-0.652435,,,42.912762,42.860443,0.168876,0.159932,,,,,,,,,,,,
395884,0.009246,-0.636545,-1.645928,0.062117,-0.627595,-1.667912,0.678272,-0.034957,,,38.760994,38.750229,,,,,-0.012893,0.052050,-0.021983,0.009256,-0.636403,-1.643560,,,,,,
395888,,,,,,,,,0.631752,0.652435,,,42.641312,42.597290,0.157503,0.150514,,,,,,,,,,,,
395893,,,,,,,,,,,,,,,,,,,,0.008660,-0.642863,-1.647028,,,,,,
395899,,,,,,,,,0.412012,-0.652434,,,40.234741,39.653156,0.181274,0.179774,,,,,,,,,,,,
395904,,,,,,,,,,,,,,,,,,,,0.008153,-0.649375,-1.650983,,,,,,
395908,,,,,,,,,0.851492,-0.652435,,,42.021652,41.532307,0.162753,0.160426,,,,,,,,,,,,
395913,,,,,,,,,,,,,,,,,,,,0.007662,-0.655860,-1.651042,,,,,,
395918,,,,,,,,,0.659220,1.304869,,,41.891533,41.479797,0.163428,0.160406,,,,,,,,,,,,
395923,,,,,,,,,,,,,,,,,,,,0.007032,-0.662053,-1.650879,,,,,,
395928,,,,,,,,,0.631752,-0.652435,,,41.782047,41.435616,0.163918,0.160310,,,,,,,,,,,,
395934,0.006461,-0.668174,-1.656849,0.058961,-0.659702,-1.669690,0.656498,-0.035308,,,37.209221,37.560226,,,,,-0.012953,0.051578,-0.012841,0.006465,-0.668190,-1.654861,,,,,,
395938,,,,,,,,,0.631752,0.652435,,,41.145386,40.853897,0.153980,0.153569,,,,,,,,,,,,
395944,,,,,,,,,,,,,,,,,,,,0.005937,-0.674276,-1.658816,,,,,,
395948,,,,,,,,,0.576817,-0.652434,,,40.609695,40.364437,0.158657,0.157903,,,,,,,,,,,,
395954,,,,,,,,,,,,,,,,,,,,0.005223,-0.680746,-1.654984,,,,,,
395959,,,,,,,,,0.412012,0.652434,,,37.980793,38.318977,0.184792,0.178205,,,,,,,,,,,,
395964,,,,,,,,,,,,,,,,,,,,0.004617,-0.686879,-1.658554,,,,,,
395968,,,,,,,,,0.851492,-0.652435,,,40.125183,40.409729,0.162764,0.156728,,,,,,,,,,,,
395973,,,,,,,,,,,,,,,,,,,,0.004037,-0.693174,-1.658683,,,,,,
395978,,,,,,,,,0.604285,0.000000,,,40.295841,39.990715,0.160441,0.160432,,,,,,,,,,,,
395984,0.003563,-0.699233,-1.658621,0.055861,-0.690658,-1.671499,0.633857,-0.035835,,,35.758430,36.082001,,,,,-0.013129,0.051345,-0.012878,0.003535,-0.699321,-1.658783,,,,,,
395988,,,,,,,,,0.604285,0.000000,,,39.894890,39.638157,0.149115,0.148464,,,,,,,,,,,,
395993,,,,,,,,,,,,,,,,,,,,0.002975,-0.705275,-1.658733,,,,,,
395998,,,,,,,,,0.604285,0.000000,,,39.557529,39.341515,0.151729,0.150779,,,,,,,,,,,,
396004,,,,,,,,,,,,,,,,,,,,0.002332,-0.711475,-1.651214,,,,,,
396008,,,,,,,,,0.576817,-0.652434,,,38.729134,38.547379,0.159418,0.158227,,,,,,,,,,,,
396014,,,,,,,,,,,,,,,,,,,,0.001845,-0.717533,-1.651303,,,,,,
396019,,,,,,,,,0.357077,0.652434,,,36.398491,36.245560,0.182597,0.181212,,,,,,,,,,,,
396024,,,,,,,,,,,,,,,,,,,,0.001433,-0.723625,-1.647537,,,,,,
396028,,,,,,,,,0.796557,0.652434,,,38.249290,38.665157,0.163591,0.156500,,,,,,,,,,,,
396034,0.000927,-0.730257,-1.645652,0.052826,-0.720427,-1.673349,0.610450,-0.036554,,,34.428204,34.151638,,,,,-0.013684,0.051019,-0.027697,0.000952,-0.729460,-1.647451,,,,,,
396038,,,,,,,,,0.631752,0.652435,,,38.172924,39.067375,0.150303,0.132191,,,,,,,,,,,,
396044,,,,,,,,,,,,,,,,,,,,0.000527,-0.735690,-1.647455,,,,,,
396048,,,,,,,,,0.576817,0.652434,,,37.564125,38.316715,0.155764,0.138864,,,,,,,,,,,,
396054,,,,,,,,,,,,,,,,,,,,-0.000009,-0.741772,-1.647405,,,,,,
396058,,,,,,,,,0.576817,-0.652434,,,37.596424,37.685112,0.154807,0.144474,,,,,,,,,,,,
396064,,,,,,,,,,,,,,,,,,,,-0.000487,-0.747814,-1.643637,,,,,,
396068,,,,,,,,,0.549350,-1.304868,,,37.079060,37.153679,0.159451,0.149188,,,,,,,,,,,,
396074,,,,,,,,,,,,,,,,,,,,-0.000774,-0.753651,-1.647467,,,,,,
396079,,,,,,,,,0.357077,0.652434,,,38.277378,38.340164,0.146698,0.136485,,,,,,,,,,,,
396084,-0.001161,-0.758439,-1.641122,0.049860,-0.748979,-1.675251,0.586381,-0.037484,,,33.230583,32.699757,,,,,-0.013022,0.050230,-0.034130,-0.001252,-0.759388,-1.643694,,,,,,
396088,,,,,,,,,0.769089,0.000000,,,36.562927,36.615753,0.151200,0.138427,,,,,,,,,,,,
396094,,,,,,,,,,,,,,,,,,,,-0.001786,-0.764859,-1.651058,,,,,,
396098,,,,,,,,,0.604285,0.000000,,,36.209473,36.253922,0.154138,0.141335,,,,,,,,,,,,
396104,,,,,,,,,,,,,,,,,,,,-0.002236,-0.770501,-1.651175,,,,,,
396108,,,,,,,,,0.549350,0.000000,,,36.456619,35.949478,0.151022,0.143729,,,,,,,,,,,,
396114,,,,,,,,,,,,,,,,,,,,-0.002605,-0.776192,-1.655097,,,,,,
396120,,,,,,,,,0.357077,-0.652434,,,34.486397,34.059689,0.170473,0.162355,,,,,,,,,,,,
396124,,,,,,,,,,,,,,,,,,,,-0.003065,-0.782045,-1.658701,,,,,,
396128,,,,,,,,,0.741622,-0.652433,,,36.095913,35.736881,0.153805,0.144976,,,,,,,,,,,,
396134,-0.003688,-0.788167,-1.659909,0.046970,-0.776289,-1.677218,0.561757,-0.038649,,,30.479607,30.538441,,,,,-0.016340,0.049400,-0.017309,-0.003630,-0.787506,-1.658641,,,,,,
396138,,,,,,,,,0.576817,0.652434,,,35.816528,36.058983,0.128021,0.119037,,,,,,,,,,,,
396144,,,,,,,,,,,,,,,,,,,,-0.004076,-0.793005,-1.662499,,,,,,
396148,,,,,,,,,0.521882,0.652434,,,35.581455,35.785454,0.129352,0.120723,,,,,,,,,,,,
396154,,,,,,,,,,,,,,,,,,,,-0.004483,-0.798532,-1.666314,,,,,,
396158,,,,,,,,,0.494415,-1.304868,,,35.383663,34.466221,0.130349,0.133130,,,,,,,,,,,,
396164,,,,,,,,,,,,,,,,,,,,-0.005047,-0.803954,-1.666284,,,,,,
396168,,,,,,,,,0.549350,0.000000,,,35.217243,33.900764,0.131065,0.138112,,,,,,,,,,,,
396174,,,,,,,,,,,,,,,,,,,,-0.005672,-0.809208,-1.669967,,,,,,
396179,,,,,,,,,0.274675,0.000000,,,32.354500,34.514072,0.159318,0.131184,,,,,,,,,,,,
396184,-0.006219,-0.813462,-1.665707,0.044161,-0.802338,-1.679264,0.536682,-0.040076,,,,,,,,,,,,-0.006338,-0.814526,-1.666238,,,,,,
396187,,,,,,,,,0.741622,0.652433,29.001255,29.162941,34.302135,33.396481,0.123998,0.127758,-0.015849,0.049099,-0.013556,,,,,,,,,
396194,,,,,,,,,,,,,,,,,,,,-0.006973,-0.819675,-1.666131,,,,,,
396198,,,,,,,,,0.494415,0.000000,,,33.762703,33.545227,0.128440,0.125394,,,,,,,,,,,,
396203,,,,,,,,,,,,,,,,,,,,-0.007584,-0.824855,-1.662320,,,,,,
396208,,,,,,,,,0.494415,0.000000,,,33.308823,33.125839,0.132117,0.128796,,,,,,,,,,,,
396214,,,,,,,,,,,,,,,,,,,,-0.008152,-0.829801,-1.662442,,,,,,
396218,,,,,,,,,0.494415,0.000000,,,32.926929,32.772964,0.135151,0.131602,,,,,,,,,,,,
396224,,,,,,,,,,,,,,,,,,,,-0.008664,-0.834777,-1.662382,,,,,,
396228,,,,,,,,,0.521882,0.652434,,,32.605602,32.476055,0.137643,0.133909,,,,,,,,,,,,
396233,,,,,,,,,,,,,,,,,,,,-0.009092,-0.839837,-1.658631,,,,,,
396239,-0.008959,-0.838771,-1.659225,0.041437,-0.827111,-1.681404,0.511262,-0.041801,0.274675,0.000000,27.498768,27.356535,30.157066,30.592607,0.161897,0.152457,-0.016065,0.049170,-0.022179,,,,,,,,,
396244,,,,,,,,,,,,,,,,,,,,-0.009615,-0.844611,-1.658687,,,,,,
396248,,,,,,,,,0.686687,0.652435,,,31.908670,32.819679,0.128475,0.111030,,,,,,,,,,,,
396254,,,,,,,,,,,,,,,,,,,,-0.010020,-0.849625,-1.654984,,,,,,
396258,,,,,,,,,0.521882,-0.652434,,,31.748840,32.515362,0.129223,0.113041,,,,,,,,,,,,
396264,,,,,,,,,,,,,,,,,,,,-0.010391,-0.854499,-1.651224,,,,,,
396268,,,,,,,,,0.439480,0.000000,,,31.614359,31.714767,0.129745,0.120176,,,,,,,,,,,,
396274,,,,,,,,,,,,,,,,,,,,-0.010879,-0.859293,-1.651111,,,,,,
396279,,,,,,,,,0.274675,0.000000,,,29.323032,29.407516,0.152293,0.142838,,,,,,,,,,,,
396283,,,,,,,,,,,,,,,,,,,,-0.011344,-0.864079,-1.651171,,,,,,
396286,-0.011245,-0.863103,-1.651847,0.038802,-0.850599,-1.683657,0.485603,-0.043865,0.631752,0.652435,25.918377,25.461552,30.662371,31.278000,0.122147,0.104020,-0.016515,0.048870,-0.031810,,,,,,,,,
396294,,,,,,,,,,,,,,,,,,,,-0.011821,-0.868822,-1.647405,,,,,,
396298,,,,,,,,,0.466947,0.652434,,,30.155661,30.673651,0.126367,0.109021,,,,,,,,,,,,
396304,,,,,,,,,,,,,,,,,,,,-0.012172,-0.873438,-1.647501,,,,,,
396308,,,,,,,,,0.439480,-1.304869,,,29.729315,30.165152,0.129868,0.113165,,,,,,,,,,,,
396313,,,,,,,,,,,,,,,,,,,,-0.012538,-0.878071,-1.647568,,,,,,
396318,,,,,,,,,0.466947,0.652434,,,29.370586,29.737301,0.132765,0.116589,,,,,,,,,,,,
396324,,,,,,,,,,,,,,,,,,,,-0.012977,-0.882665,-1.647539,,,,,,
396328,,,,,,,,,0.384545,0.000000,,,29.068752,29.377306,0.135153,0.119405,,,,,,,,,,,,
396334,,,,,,,,,,,,,,,,,,,,-0.013430,-0.887065,-1.647405,,,,,,
396339,-0.013339,-0.886203,-1.647778,0.036260,-0.872799,-1.686044,0.459809,-0.046321,0.274675,0.000000,,,27.181160,27.440777,0.153776,0.138375,,,,,,,,,,,,
396342,,,,,,,,,,,24.211346,23.559736,,,,,-0.017179,0.048421,-0.038266,-0.013838,-0.891489,-1.651115,,,,,,
396348,,,,,,,,,0.604285,0.000000,,,28.860199,29.078640,0.118986,0.101874,,,,,,,,,,,,
396354,,,,,,,,,,,,,,,,,,,,-0.014208,-0.895919,-1.654980,,,,,,
396358,,,,,,,,,0.466947,-0.652434,,,29.183857,28.823109,0.114755,0.103377,,,,,,,,,,,,
396364,,,,,,,,,,,,,,,,,,,,-0.014658,-0.900155,-1.654988,,,,,,
396368,,,,,,,,,0.384545,0.000000,,,28.367096,28.063562,0.122091,0.110072,,,,,,,,,,,,
396374,,,,,,,,,,,,,,,,,,,,-0.015077,-0.904274,-1.655069,,,,,,
396378,,,,,,,,,0.439480,0.000000,,,28.224417,27.424480,0.122715,0.115690,,,,,,,,,,,,
396384,-0.015472,-0.908480,-1.654419,0.033813,-0.893711,-1.688589,0.433981,-0.049234,,,22.080614,21.541330,,,,,-0.018834,0.047879,-0.034170,-0.015511,-0.908514,-1.655027,,,,,,
396388,,,,,,,,,0.384545,0.000000,,,27.559822,27.431299,0.106958,0.094259,,,,,,,,,,,,
396393,,,,,,,,,,,,,,,,,,,,-0.015967,-0.912758,-1.654980,,,,,,
396399,,,,,,,,,0.247207,-0.652434,,,28.089720,27.437037,0.100457,0.093023,,,,,,,,,,,,
396403,,,,,,,,,,,,,,,,,,,,-0.016347,-0.916936,-1.654980,,,,,,
396408,,,,,,,,,0.521882,0.652434,,,26.357403,26.352777,0.116925,0.102903,,,,,,,,,,,,
396414,,,,,,,,,,,,,,,,,,,,-0.016794,-0.921036,-1.658687,,,,,,
396418,,,,,,,,,0.384545,0.000000,,,25.988918,25.985025,0.119828,0.105692,,,,,,,,,,,,
396423,,,,,,,,,,,,,,,,,,,,-0.017198,-0.925073,-1.658691,,,,,,
396428,,,,,,,,,0.412012,-0.652434,,,26.223417,25.675600,0.116655,0.107959,,,,,,,,,,,,
396434,-0.017600,-0.929018,-1.661020,0.031463,-0.913340,-1.691322,0.408217,-0.052682,,,20.090427,19.643778,,,,,-0.020035,0.047451,-0.030302,-0.017611,-0.929021,-1.658636,,,,,,
396442,,,,,,,,,0.494415,0.000000,,,26.965269,26.504335,0.087959,0.079324,,,,-0.017955,-0.932870,-1.658631,,,,,,
396448,,,,,,,,,0.219740,0.000000,,,24.866747,24.478916,0.107989,0.098611,,,,,,,,,,,,
396453,,,,,,,,,,,,,,,,,,,,-0.018328,-0.936736,-1.658687,,,,,,
396458,,,,,,,,,0.357077,0.652434,,,24.190136,24.408360,0.113936,0.098364,,,,,,,,,,,,
396463,,,,,,,,,,,,,,,,,,,,-0.018694,-0.940350,-1.662320,,,,,,
396468,,,,,,,,,0.357077,-0.652434,,,24.165379,23.804449,0.113368,0.103571,,,,,,,,,,,,
396473,,,,,,,,,,,,,,,,,,,,-0.019106,-0.944083,-1.665916,,,,,,
396478,,,,,,,,,0.329610,0.000000,,,23.600006,23.296320,0.118320,0.107922,,,,,,,,,,,,
396484,-0.019428,-0.947389,-1.665499,0.029213,-0.931699,-1.694279,0.382615,-0.056768,,,18.430319,18.003361,,,,,-0.020219,0.046939,-0.028780,-0.019458,-0.947569,-1.665909,,,,,,
396488,,,,,,,,,0.384545,0.000000,,,23.668844,23.413322,0.099983,0.089266,,,,,,,,,,,,
396494,,,,,,,,,,,,,,,,,,,,-0.019703,-0.951073,-1.665916,,,,,,
396499,,,,,,,,,0.219740,0.000000,,,22.093136,21.878139,0.115007,0.103843,,,,,,,,,,,,
396504,,,,,,,,,,,,,,,,,,,,-0.019962,-0.954336,-1.666071,,,,,,
396508,,,,,,,,,0.439480,0.000000,,,22.945507,22.764610,0.105581,0.094026,,,,,,,,,,,,
396514,,,,,,,,,,,,,,,,,,,,-0.020314,-0.957672,-1.666059,,,,,,
396518,,,,,,,,,0.357077,-0.652434,,,23.118149,22.421400,0.102917,0.096574,,,,,,,,,,,,
396524,,,,,,,,,,,,,,,,,,,,-0.020641,-0.960871,-1.669791,,,,,,
396528,,,,,,,,,0.329610,0.000000,,,22.718866,22.132622,0.106052,0.098636,,,,,,,,,,,,
396533,,,,,,,,,,,,,,,,,,,,-0.020948,-0.963968,-1.669854,,,,,,
396536,-0.020952,-0.963954,-1.669488,0.027063,-0.948801,-1.697500,0.357266,-0.061619,0.329610,0.000000,16.965788,16.531780,21.838367,21.889645,0.099237,0.085278,-0.019810,0.046288,-0.028012,,,,,,,,,
396544,,,,,,,,,,,,,,,,,,,,-0.021246,-0.967011,-1.669967,,,,,,
396548,,,,,,,,,0.274675,0.000000,,,21.642059,21.140659,0.100265,0.091847,,,,,,,,,,,,
396553,,,,,,,,,,,,,,,,,,,,-0.021466,-0.970154,-1.673744,,,,,,
396559,,,,,,,,,0.192272,0.652434,,,21.476885,21.055008,0.101014,0.091798,,,,,,,,,,,,
396564,,,,,,,,,,,,,,,,,,,,-0.021755,-0.973373,-1.669971,,,,,,
396568,,,,,,,,,0.412012,-0.652434,,,20.793364,20.438396,0.107084,0.097183,,,,,,,,,,,,
396574,,,,,,,,,,,,,,,,,,,,-0.022034,-0.976678,-1.673660,,,,,,
396578,,,,,,,,,0.302142,-0.652434,,,20.762793,19.919580,0.106630,0.101694,,,,,,,,,,,,
396583,,,,,,,,,,,,,,,,,,,,-0.022371,-0.979778,-1.673655,,,,,,
396586,-0.022394,-0.979710,-1.676042,0.025014,-0.964665,-1.701037,0.332259,-0.067396,0.302142,0.652434,15.351604,14.950576,20.192528,20.027592,0.095223,0.083786,-0.019942,0.045566,-0.024995,,,,,,,,,
396593,,,,,,,,,,,,,,,,,,,,-0.022769,-0.982901,-1.677333,,,,,,
396599,,,,,,,,,0.164805,0.000000,,,18.623619,18.484842,0.110257,0.098507,,,,,,,,,,,,
396604,,,,,,,,,,,,,,,,,,,,-0.023065,-0.985981,-1.677340,,,,,,
396608,,,,,,,,,0.384545,0.000000,,,19.481712,19.364946,0.100851,0.088823,,,,,,,,,,,,
396614,,,,,,,,,,,,,,,,,,,,-0.023342,-0.988943,-1.677275,,,,,,
396618,,,,,,,,,0.302142,-0.652434,,,19.659170,19.016378,0.098214,0.091495,,,,,,,,,,,,
396624,,,,,,,,,,,,,,,,,,,,-0.023613,-0.991789,-1.680995,,,,,,
396628,,,,,,,,,0.302142,0.652434,,,19.263939,19.267637,0.101384,0.088119,,,,,,,,,,,,
396634,-0.023901,-0.994598,-1.677895,0.023067,-0.979316,-1.704954,0.307676,-0.074310,,,13.776642,13.297702,,,,,-0.020215,0.045065,-0.027059,-0.023912,-0.994584,-1.681053,,,,,,
396642,,,,,,,,,0.329610,-2.609737,,,18.931391,18.389959,0.087929,0.079349,,,,-0.024215,-0.997290,-1.681002,,,,,,
396648,,,,,,,,,0.219740,1.304868,,,18.651587,18.196026,0.089752,0.080309,,,,,,,,,,,,
396654,,,,,,,,,,,,,,,,,,,,-0.024578,-0.999941,-1.684831,,,,,,
396658,,,,,,,,,0.247207,0.652434,,,18.416159,18.032850,0.091179,0.080993,,,,,,,,,,,,
396664,,,,,,,,,,,,,,,,,,,,-0.024869,-1.002608,-1.684818,,,,,,
396668,,,,,,,,,0.274675,0.000000,,,18.218069,17.895554,0.092271,0.081447,,,,,,,,,,,,
396673,,,,,,,,,,,,,,,,,,,,-0.025194,-1.005235,-1.684908,,,,,,
396678,,,,,,,,,0.247207,-0.652434,,,18.051397,17.235489,0.093083,0.087260,,,,,,,,,,,,
396683,,,,,,,,,,,,,,,,,,,,-0.025672,-1.007853,-1.684818,,,,,,
396686,-0.025649,-1.007770,-1.686974,0.021221,-0.992780,-1.709330,0.283596,-0.082637,0.247207,-0.652434,12.221692,11.787795,17.366615,16.680111,0.083352,0.076736,-0.020322,0.044817,-0.022356,,,,,,,,,
396694,,,,,,,,,,,,,,,,,,,,-0.025966,-1.010486,-1.681156,,,,,,
396710,,,,,,,,,-0.000000,0.000000,,,13.669296,13.641461,0.119231,0.105867,,,,-0.026240,-1.013074,-1.677340,,,,,,
396714,,,,,,,,,,,,,,,,,,,,-0.026562,-1.015382,-1.677261,,,,,,
396718,,,,,,,,,0.549350,0.000000,,,16.946775,16.923355,0.085511,0.072021,,,,,,,,,,,,
396723,,,,,,,,,,,,,,,,,,,,-0.026877,-1.017834,-1.677437,,,,,,
396728,,,,,,,,,0.219740,0.000000,,,16.437187,16.417482,0.089764,0.076154,,,,,,,,,,,,
396733,,,,,,,,,,,,,,,,,,,,-0.027179,-1.020057,-1.673655,,,,,,
396736,-0.027157,-1.019942,-1.674773,0.019475,-1.005087,-1.714266,0.260092,-0.092740,0.247207,0.652434,11.110752,10.342430,16.008419,16.536383,0.081963,0.059272,-0.019614,0.044838,-0.039494,,,,,,,,,
396744,,,,,,,,,,,,,,,,,,,,-0.027493,-1.022264,-1.673655,,,,,,
396748,,,,,,,,,0.219740,0.000000,,,15.647655,16.091883,0.084663,0.062567,,,,,,,,,,,,
396753,,,,,,,,,,,,,,,,,,,,-0.027712,-1.024393,-1.669929,,,,,,
396759,,,,,,,,,0.137337,-0.652434,,,14.799564,14.628795,0.092406,0.076341,,,,,,,,,,,,
396763,,,,,,,,,,,,,,,,,,,,-0.027949,-1.026587,-1.670059,,,,,,
396768,,,,,,,,,0.274675,0.000000,,,15.175068,15.031382,0.087838,0.071377,,,,,,,,,,,,
396774,,,,,,,,,,,,,,,,,,,,-0.028203,-1.028719,-1.670055,,,,,,
396778,,,,,,,,,0.219740,0.000000,,,14.946473,14.825575,0.089357,0.072539,,,,,,,,,,,,
396784,-0.028423,-1.030776,-1.673749,0.017828,-1.016271,-1.719891,0.237232,-0.105115,,,9.871828,8.961089,,,,,-0.019181,0.044516,-0.046142,-0.028435,-1.030767,-1.673655,,,,,,
396788,,,,,,,,,0.219740,0.000000,,,14.754133,14.652410,0.077915,0.059319,,,,,,,,,,,,
396794,,,,,,,,,,,,,,,,,,,,-0.028667,-1.032895,-1.673601,,,,,,
396799,,,,,,,,,0.109870,0.000000,,,13.503212,13.417622,0.089698,0.070775,,,,,,,,,,,,
396803,,,,,,,,,,,,,,,,,,,,-0.028871,-1.034867,-1.673707,,,,,,
396808,,,,,,,,,0.247207,-0.652434,,,14.084316,13.467758,0.083044,0.069373,,,,,,,,,,,,
396814,,,,,,,,,,,,,,,,,,,,-0.029118,-1.036898,-1.673752,,,,,,
396818,,,,,,,,,0.192272,0.652434,,,13.484172,13.509943,0.088323,0.068041,,,,,,,,,,,,
396823,,,,,,,,,,,,,,,,,,,,-0.029324,-1.038823,-1.677386,,,,,,
396828,,,,,,,,,0.192272,-0.652434,,,13.523753,13.000894,0.087197,0.072324,,,,,,,,,,,,
396834,-0.029482,-1.040659,-1.679764,0.016280,-1.026369,-1.726375,0.215077,-0.120439,,,8.516888,7.548610,,,,,-0.019182,0.043937,-0.046611,-0.029477,-1.040690,-1.677327,,,,,,
396838,,,,,,,,,0.192272,0.652434,,,13.012514,13.117123,0.077861,0.055923,,,,,,,,,,,,
396844,,,,,,,,,,,,,,,,,,,,-0.029732,-1.042485,-1.681195,,,,,,
396848,,,,,,,,,0.192272,-0.652434,,,13.126901,12.670375,0.075795,0.059366,,,,,,,,,,,,
396853,,,,,,,,,,,,,,,,,,,,-0.029920,-1.044192,-1.681228,,,,,,
396859,,,,,,,,,0.082402,-0.652434,,,12.678602,12.294481,0.079446,0.062176,,,,,,,,,,,,
396864,,,,,,,,,,,,,,,,,,,,-0.030141,-1.045831,-1.684812,,,,,,
396868,,,,,,,,,0.219740,0.000000,,,12.301404,11.433661,0.082461,0.070007,,,,,,,,,,,,
396873,,,,,,,,,,,,,,,,,,,,-0.030414,-1.047632,-1.688394,,,,,,
396878,,,,,,,,,0.164805,0.000000,,,11.984030,11.253911,0.084941,0.071063,,,,,,,,,,,,
396884,-0.030549,-1.049264,-1.687663,0.014827,-1.035419,-1.733945,0.193684,-0.139665,,,7.254318,6.219188,,,,,-0.019042,0.043452,-0.046282,-0.030564,-1.049302,-1.688387,,,,,,
396888,,,,,,,,,0.164805,0.000000,,,11.716990,11.102669,0.074093,0.058305,,,,,,,,,,,,
396894,,,,,,,,,,,,,,,,,,,,-0.030787,-1.051019,-1.692088,,,,,,
396898,,,,,,,,,0.164805,0.000000,,,11.492304,10.975413,0.075493,0.058626,,,,,,,,,,,,
396904,,,,,,,,,,,,,,,,,,,,-0.030909,-1.052587,-1.695901,,,,,,
396908,,,,,,,,,0.164805,0.000000,,,11.303252,10.868340,0.076573,0.058767,,,,,,,,,,,,
396914,,,,,,,,,,,,,,,,,,,,-0.031124,-1.054084,-1.695964,,,,,,
396919,,,,,,,,,0.082402,-0.652434,,,10.599642,9.689163,0.082940,0.069865,,,,,,,,,,,,
396924,,,,,,,,,,,,,,,,,,,,-0.031299,-1.055362,-1.699602,,,,,,
396928,,,,,,,,,0.219740,0.000000,,,11.096710,10.330633,0.077201,0.062628,,,,,,,,,,,,
396934,-0.031527,-1.056955,-1.701967,0.013467,-1.043463,-1.742913,0.173101,-0.164169,,,5.931109,4.853863,,,,,-0.019261,0.042842,-0.040946,-0.031498,-1.056660,-1.703277,,,,,,
396938,,,,,,,,,0.137337,-0.652434,,,10.970400,9.781280,0.064224,0.053483,,,,,,,,,,,,
396944,,,,,,,,,,,,,,,,,,,,-0.031701,-1.057981,-1.707005,,,,,,
396948,,,,,,,,,0.109870,0.000000,,,10.319579,9.319054,0.069855,0.057212,,,,,,,,,,,,
396954,,,,,,,,,,,,,,,,,,,,-0.031869,-1.059364,-1.703334,,,,,,
396959,,,,,,,,,0.164805,0.000000,,,9.771979,8.930137,0.074563,0.060286,,,,,,,,,,,,
396964,,,,,,,,,,,,,,,,,,,,-0.032087,-1.060679,-1.703334,,,,,,
396968,,,,,,,,,0.082402,-0.652434,,,9.855772,8.602902,0.072940,0.062808,,,,,,,,,,,,
396973,,,,,,,,,,,,,,,,,,,,-0.032234,-1.061818,-1.706954,,,,,,
396978,,,,,,,,,0.109870,1.304868,,,8.837189,8.872110,0.082544,0.059312,,,,,,,,,,,,
396983,,,,,,,,,,,,,,,,,,,,-0.032375,-1.062910,-1.706954,,,,,,
396986,-0.032352,-1.062869,-1.701060,0.012199,-1.050544,-1.753716,0.153372,-0.195984,0.137337,-0.652434,5.175333,3.840377,9.069239,8.554079,0.071887,0.051415,-0.018008,0.042573,-0.052656,,,,,,,,,
396993,,,,,,,,,,,,,,,,,,,,-0.032534,-1.064058,-1.706948,,,,,,
396998,,,,,,,,,0.109870,0.000000,,,8.719943,8.286488,0.074671,0.053202,,,,,,,,,,,,
397004,,,,,,,,,,,,,,,,,,,,-0.032673,-1.065079,-1.706948,,,,,,
397008,,,,,,,,,0.109870,0.000000,,,8.426045,8.061336,0.076960,0.054609,,,,,,,,,,,,
397014,,,,,,,,,,,,,,,,,,,,-0.032845,-1.066056,-1.707005,,,,,,
397019,,,,,,,,,0.054935,0.000000,,,7.634217,7.327350,0.084387,0.061252,,,,,,,,,,,,
397023,,,,,,,,,,,,,,,,,,,,-0.032950,-1.067048,-1.710664,,,,,,
397028,,,,,,,,,0.137337,-0.652434,,,8.057058,7.254317,0.079582,0.061299,,,,,,,,,,,,
397034,-0.033147,-1.068136,-1.712632,0.011019,-1.056707,-1.766990,0.134537,-0.238227,,,4.226269,2.689873,,,,,-0.017558,0.042106,-0.054358,-0.033129,-1.067996,-1.710704,,,,,,
397038,,,,,,,,,0.054935,0.000000,,,7.323751,6.648325,0.076805,0.055062,,,,,,,,,,,,
397044,,,,,,,,,,,,,,,,,,,,-0.033239,-1.068930,-1.714377,,,,,,
397048,,,,,,,,,0.109870,0.000000,,,7.251289,6.682986,0.076925,0.053917,,,,,,,,,,,,
397054,,,,,,,,,,,,,,,,,,,,-0.033291,-1.069922,-1.717998,,,,,,
397058,,,,,,,,,0.082402,-0.652434,,,7.190320,6.167607,0.076941,0.058375,,,,,,,,,,,,
397064,,,,,,,,,,,,,,,,,,,,-0.033391,-1.070945,-1.718005,,,,,,
397068,,,,,,,,,0.082402,-0.652434,,,7.139021,5.733967,0.076872,0.062103,,,,,,,,,,,,
397074,,,,,,,,,,,,,,,,,,,,-0.033533,-1.071948,-1.721600,,,,,,
397079,,,,,,,,,0.082402,-0.652434,,,7.095858,5.913645,0.076730,0.059661,,,,,,,,,,,,
397084,-0.033668,-1.072752,-1.726967,0.009924,-1.061999,-1.783693,0.116627,-0.295860,,,3.294033,1.471920,,,,,-0.017403,0.041389,-0.056726,-0.033656,-1.072802,-1.725292,,,,,,
397088,,,,,,,,,0.137337,0.652434,,,7.059540,6.064827,0.067017,0.045052,,,,,,,,,,,,
397094,,,,,,,,,,,,,,,,,,,,-0.033758,-1.073577,-1.728976,,,,,,
397098,,,,,,,,,0.082402,-0.652434,,,7.028983,5.647488,0.066576,0.048390,,,,,,,,,,,,
397104,,,,,,,,,,,,,,,,,,,,-0.033887,-1.074459,-1.732612,,,,,,
397108,,,,,,,,,0.027467,-0.652434,,,6.458728,4.751795,0.071645,0.056691,,,,,,,,,,,,
397114,,,,,,,,,,,,,,,,,,,,-0.034053,-1.075429,-1.732612,,,,,,
397119,,,,,,,,,0.054935,0.000000,,,5.978916,4.542703,0.075907,0.058168,,,,,,,,,,,,
397124,,,,,,,,,,,,,,,,,,,,-0.034181,-1.076371,-1.736248,,,,,,
397128,,,,,,,,,0.109870,0.000000,,,6.119746,4.911316,0.073933,0.053794,,,,,,,,,,,,
397134,-0.034325,-1.077225,-1.738751,0.008912,-1.066465,-1.805339,0.099671,-0.377166,,,2.336765,0.061612,,,,,-0.017836,0.040830,-0.066588,-0.034306,-1.077138,-1.739830,,,,,,
397138,,,,,,,,,0.109870,0.000000,,,6.238240,5.221467,0.062395,0.035557,,,,,,,,,,,,
397144,,,,,,,,,,,,,,,,,,,,-0.034413,-1.077801,-1.743457,,,,,,
397148,,,,,,,,,0.082402,-0.652434,,,6.337941,4.937885,0.060598,0.037418,,,,,,,,,,,,
397154,,,,,,,,,,,,,,,,,,,,-0.034525,-1.078479,-1.747063,,,,,,
397158,,,,,,,,,0.027467,-0.652434,,,5.877285,4.154736,0.064496,0.044430,,,,,,,,,,,,
397164,,,,,,,,,,,,,,,,,,,,-0.034618,-1.079065,-1.750736,,,,,,
397168,,,,,,,,,0.054935,0.000000,,,5.489690,4.040338,0.067742,0.044779,,,,,,,,,,,,
397173,,,,,,,,,,,,,,,,,,,,-0.034789,-1.079808,-1.750664,,,,,,
397179,,,,,,,,,0.054935,0.000000,,,5.163568,3.944083,0.070438,0.044965,,,,,,,,,,,,
397183,,,,,,,,,,,,,,,,,,,,-0.034899,-1.080466,-1.754266,,,,,,
397186,-0.034889,-1.080421,-1.752964,0.007978,-1.070155,-1.834458,0.083694,-0.496781,0.027467,-0.652434,1.658819,-1.279238,4.889169,3.318551,0.065756,0.036892,-0.017862,0.040298,-0.081494,,,,,,,,,
397194,,,,,,,,,,,,,,,,,,,,-0.035010,-1.081079,-1.757814,,,,,,
397198,,,,,,,,,0.027467,0.652434,,,4.113746,3.336771,0.073019,0.035787,,,,,,,,,,,,
397204,,,,,,,,,,,,,,,,,,,,-0.035097,-1.081638,-1.761424,,,,,,
397208,,,,,,,,,0.082402,-0.652434,,,4.550392,3.352102,0.068075,0.034707,,,,,,,,,,,,
397214,,,,,,,,,,,,,,,,,,,,-0.035139,-1.082101,-1.761369,,,,,,
397218,,,,,,,,,0.054935,-1.304868,,,4.917785,2.820458,0.063749,0.039203,,,,,,,,,,,,
397224,,,,,,,,,,,,,,,,,,,,-0.035222,-1.082459,-1.761369,,,,,,
397228,,,,,,,,,-0.000000,0.000000,,,4.137824,2.373133,0.071053,0.042946,,,,,,,,,,,,
397234,,,,,,,,,,,,,,,,,,,,-0.035278,-1.082738,-1.761424,,,,,,
397239,-0.035265,-1.082657,-1.757976,0.007120,-1.073116,-1.875611,0.068720,-0.682476,0.027467,0.652434,,,3.481564,2.541297,0.077251,0.040500,,,,,,,,,,,,
397242,,,,,,,,,,,1.417593,-2.596746,,,,,-0.017262,0.039869,-0.117635,-0.035330,-1.082999,-1.765050,,,,,,
397248,,,,,,,,,0.027467,0.652434,,,2.929388,2.682790,0.080058,0.024855,,,,,,,,,,,,
397254,,,,,,,,,,,,,,,,,,,,-0.035397,-1.083305,-1.765001,,,,,,
397258,,,,,,,,,0.027467,-0.652434,,,3.009330,2.257299,0.078940,0.028139,,,,,,,,,,,,
397264,,,,,,,,,,,,,,,,,,,,-0.035428,-1.083553,-1.765001,,,,,,
397268,,,,,,,,,0.027467,-0.652434,,,3.076593,1.899291,0.077936,0.030820,,,,,,,,,,,,
397273,,,,,,,,,,,,,,,,,,,,-0.035464,-1.083757,-1.764956,,,,,,
397278,,,,,,,,,0.027467,-0.652434,,,3.133188,1.598063,0.077027,0.032993,,,,,,,,,,,,
397283,,,,,,,,,,,,,,,,,,,,-0.035438,-1.083797,-1.768631,,,,,,
397286,-0.035447,-1.083814,-1.770475,0.006333,-1.075396,-1.937843,0.054779,-0.991903,-0.000000,0.000000,1.588573,-4.139653,2.636264,1.344610,0.083496,0.019001,-0.016538,0.039280,-0.167368,,,,,,,,,
397294,,,,,,,,,,,,,,,,,,,,-0.035406,-1.083767,-1.772241,,,,,,
397299,,,,,,,,,0.027467,-0.652434,,,2.762695,1.131355,0.081997,0.020080,,,,,,,,,,,,
397304,,,,,,,,,,,,,,,,,,,,-0.035434,-1.083928,-1.775770,,,,,,
397308,,,,,,,,,-0.000000,0.000000,,,2.324532,0.951922,0.086231,0.020856,,,,,,,,,,,,
397314,,,,,,,,,,,,,,,,,,,,-0.035479,-1.084147,-1.779297,,,,,,
397318,,,,,,,,,0.027467,-0.652434,,,2.500404,0.800947,0.084290,0.021377,,,,,,,,,,,,
397324,,,,,,,,,,,,,,,,,,,,-0.035515,-1.084377,-1.782814,,,,,,
397328,,,,,,,,,-0.000000,0.000000,,,2.103839,0.673917,0.088153,0.021685,,,,,,,,,,,,
397334,,,,,,,,,,,,,,,,,,,,-0.035496,-1.084431,-1.786370,,,,,,
397339,-0.035516,-1.084492,-1.787773,0.005614,-1.077045,-2.041547,0.041920,-1.559432,0.027467,-0.652434,,,2.314713,0.567033,0.085899,0.021813,,,,,,,,,,,,
397342,,,,,,,,,,,2.410474,-6.409608,,,,,-0.016127,0.038563,-0.253774,-0.035490,-1.084449,-1.790010,,,,,,
397348,,,,,,,,,0.027467,-0.652434,,,2.492143,0.477102,0.092327,-0.001365,,,,,,,,,,,,
397354,,,,,,,,,,,,,,,,,,,,-0.035484,-1.084619,-1.793509,,,,,,
397358,,,,,,,,,-0.000000,0.000000,,,2.096889,0.401433,0.096343,-0.001971,,,,,,,,,,,,
397364,,,,,,,,,,,,,,,,,,,,-0.035506,-1.084870,-1.800632,,,,,,
397368,,,,,,,,,0.027467,-0.652434,,,2.308865,0.337766,0.094243,-0.002683,,,,,,,,,,,,
397373,,,,,,,,,,,,,,,,,,,,-0.035486,-1.085016,-1.804162,,,,,,
397378,,,,,,,,,-0.000000,0.000000,,,1.942679,0.284196,0.097999,-0.003486,,,,,,,,,,,,
397384,-0.035513,-1.085107,-1.809242,0.004960,-1.078108,-2.240803,0.030252,-2.747985,,,4.728219,-10.496171,,,,,-0.016360,0.037674,-0.431561,-0.035512,-1.085163,-1.811208,,,,,,
397388,,,,,,,,,0.027467,-0.652434,,,2.179113,0.239123,0.119322,-0.046048,,,,,,,,,,,,
397393,,,,,,,,,,,,,,,,,,,,-0.035550,-1.085385,-1.811198,,,,,,
397399,,,,,,,,,0.027467,-0.652434,,,2.378048,0.201198,0.117802,-0.047809,,,,,,,,,,,,
397404,,,,,,,,,,,,,,,,,,,,-0.035589,-1.085583,-1.818225,,,,,,
397408,,,,,,,,,0.027467,-0.652434,,,2.545433,0.169288,0.116565,-0.049623,,,,,,,,,,,,
397414,,,,,,,,,,,,,,,,,,,,-0.035673,-1.085851,-1.825242,,,,,,
397418,,,,,,,,,0.000000,-1.304868,,,2.686270,-0.402104,0.115565,-0.045927,,,,,,,,,,,,
397424,,,,,,,,,,,,,,,,,,,,-0.035722,-1.086239,-1.835708,,,,,,
397428,,,,,,,,,0.054935,-1.304868,,,3.349314,-0.338331,0.109210,-0.048597,,,,,,,,,,,,
397434,-0.035773,-1.086692,-1.851733,0.004366,-1.078635,-2.691550,0.020086,-5.701325,,,10.993158,-19.931395,,,,,-0.018870,0.036331,-0.839817,-0.035730,-1.086595,-1.849649,,,,,,
397438,,,,,,,,,0.054935,-1.304868,,,3.907198,-0.284671,0.167698,-0.147415,,,,,,,,,,,,
397444,,,,,,,,,,,,,,,,,,,,-0.035738,-1.086944,-1.860038,,,,,,
397448,,,,,,,,,0.000000,-2.609737,,,4.376603,-1.328609,0.164327,-0.140696,,,,,,,,,,,,
397453,,,,,,,,,,,,,,,,,,,,-0.035765,-1.087445,-1.877238,,,,,,
397459,,,,,,,,,0.027467,-1.957303,,,4.771559,-1.662435,0.161622,-0.141012,,,,,,,,,,,,
397464,,,,,,,,,,,,,,,,,,,,-0.035790,-1.087984,-1.901187,,,,,,
397468,,,,,,,,,0.054935,-3.914605,,,6.192962,-2.487859,0.148368,-0.136246,,,,,,,,,,,,
397474,,,,,,,,,,,,,,,,,,,,-0.035827,-1.088511,-1.931608,,,,,,
397478,,,,,,,,,0.054935,-3.914605,,,7.388930,-3.182370,0.137129,-0.132651,,,,,,,,,,,,
397484,-0.035869,-1.088951,-1.978090,0.003828,-1.078669,2.775445,0.012550,-13.309912,,,28.365505,-42.456932,,,,,-0.025166,0.032377,-1.529650,-0.035786,-1.088924,-1.971735,,,,,,
397488,,,,,,,,,0.027467,-4.567039,,,8.395218,-4.311275,0.304784,-0.354246,,,,,,,,,,,,
397494,,,,,,,,,,,,,,,,,,,,-0.035782,-1.089276,-2.014605,,,,,,
397499,,,,,,,,,0.000000,-5.219473,,,9.241908,-5.805679,0.300142,-0.346632,,,,,,,,,,,,
397504,,,,,,,,,,,,,,,,,,,,-0.035599,-1.089649,-2.066613,,,,,,
397508,,,,,,,,,-0.027467,-11.091381,,,12.132486,-9.785787,0.274482,-0.313366,,,,,,,,,,,,
397513,,,,,,,,,,,,,,,,,,,,-0.035467,-1.090189,-2.136782,,,,,,
397518,,,,,,,,,0.000000,-11.743815,,,15.109161,-13.134649,0.247367,-0.285741,,,,,,,,,,,,
397524,,,,,,,,,,,,,,,,,,,,-0.035280,-1.090713,-2.230325,,,,,,
397528,,,,,,,,,-0.027467,-12.396250,,,17.613735,-15.952381,0.224472,-0.262865,,,,,,,,,,,,
397533,,,,,,,,,,,,,,,,,,,,-0.035126,-1.091349,-2.342850,,,,,,
397536,-0.035114,-1.091059,-2.364254,0.003344,-1.078258,2.208184,0.010927,-15.944475,0.000000,-11.743815,31.962240,-52.622692,19.721083,-18.867764,0.241814,-0.342120,-0.036391,0.017850,-1.710747,,,,,,,,,
397544,,,,,,,,,,,,,,,,,,,,-0.034927,-1.091840,-2.467422,,,,,,
397548,,,,,,,,,-0.054935,-15.658421,,,22.583292,-22.409853,0.215067,-0.312741,,,,,,,,,,,,
397554,,,,,,,,,,,,,,,,,,,,-0.034823,-1.092434,-2.603754,,,,,,
397559,,,,,,,,,-0.027467,-9.786511,,,22.813381,-23.756536,0.214596,-0.305048,,,,,,,,,,,,
397564,,,,,,,,,,,,,,,,,,,,-0.034580,-1.092991,-2.751734,,,,,,
397568,,,,,,,,,-0.109870,-22.182762,,,27.363323,-29.790524,0.170017,-0.249274,,,,,,,,,,,,
397574,,,,,,,,,,,,,,,,,,,,-0.034515,-1.093644,-2.908783,,,,,,
397578,,,,,,,,,-0.054935,-15.658421,,,29.013472,-32.689346,0.154105,-0.224273,,,,,,,,,,,,
397584,-0.034175,-1.093859,-3.078997,0.002909,-1.077444,1.960726,0.015422,-7.239670,,,9.125588,-29.902208,,,,,-0.038038,-0.014063,-1.243462,-0.034321,-1.094211,-3.072750,,,,,,
397588,,,,,,,,,-0.137337,-16.310854,,,29.857363,-35.672958,-0.086847,0.033922,,,,,,,,,,,,
397594,,,,,,,,,,,,,,,,,,,,-0.034174,-1.094844,3.035939,,,,,,
397599,,,,,,,,,-0.054935,-9.134078,,,28.389240,-34.371567,-0.076018,0.021802,,,,,,,,,,,,
397604,,,,,,,,,,,,,,,,,,,,-0.034003,-1.095296,2.869046,,,,,,
397608,,,,,,,,,-0.109870,-11.743814,,,27.698505,-34.910206,-0.072826,0.028190,,,,,,,,,,,,
397614,,,,,,,,,,,,,,,,,,,,-0.033974,-1.095722,2.725546,,,,,,
397618,,,,,,,,,-0.109870,-5.219473,,,24.394606,-32.640701,-0.042840,0.006043,,,,,,,,,,,,
397623,,,,,,,,,,,,,,,,,,,,-0.033702,-1.095939,2.602739,,,,,,
397628,,,,,,,,,-0.109870,-3.914605,,,21.070162,-30.186598,-0.011985,-0.018441,,,,,,,,,,,,
397634,-0.032884,-1.096009,2.557171,0.002521,-1.076271,1.838216,0.021638,-3.313073,,,4.955101,-13.404473,,,,,-0.018639,-0.035996,-0.718955,-0.033269,-1.096169,2.515830,,,,,,
397638,,,,,,,,,-0.137337,-4.567039,,,18.272974,-28.666258,-0.028381,0.134385,,,,,,,,,,,,
397644,,,,,,,,,,,,,,,,,,,,-0.032820,-1.096477,2.457235,,,,,,
397648,,,,,,,,,0.000000,-1.304868,,,15.919421,-24.664330,-0.007039,0.096618,,,,,,,,,,,,
397653,,,,,,,,,,,,,,,,,,,,-0.032327,-1.096887,2.421660,,,,,,
397659,,,,,,,,,-0.000000,0.000000,,,13.394599,-20.752563,0.016522,0.058970,,,,,,,,,,,,
397664,,,,,,,,,,,,,,,,,,,,-0.031790,-1.097486,2.406912,,,,,,
397668,,,,,,,,,-0.000000,0.000000,,,11.270214,-17.461205,0.036502,0.026867,,,,,,,,,,,,
397673,,,,,,,,,,,,,,,,,,,,-0.031101,-1.098207,2.407152,,,,,,
397678,,,,,,,,,-0.000000,0.000000,,,9.482757,-14.691855,0.053471,-0.000569,,,,,,,,,,,,
397684,-0.030476,-1.098749,2.425509,0.002174,-1.074778,1.767362,0.027789,-1.801958,,,,,,,,,,,,-0.030255,-1.099000,2.413448,,,,,,
397687,,,,,,,,,-0.000000,0.000000,4.167657,-6.423192,7.978790,-12.361725,0.059874,0.047131,-0.008895,-0.039515,-0.658148,,,,,,,,,
397694,,,,,,,,,,,,,,,,,,,,-0.029206,-1.099799,2.422806,,,,,,
397699,,,,,,,,,-0.000000,0.000000,,,6.713353,-10.401154,0.072020,0.028320,,,,,,,,,,,,
397703,,,,,,,,,,,,,,,,,,,,-0.028160,-1.100715,2.434878,,,,,,
397708,,,,,,,,,-0.000000,0.000000,,,5.648614,-8.751530,0.082371,0.012290,,,,,,,,,,,,
397714,,,,,,,,,,,,,,,,,,,,-0.027094,-1.101530,2.441091,,,,,,
397718,,,,,,,,,-0.000000,0.000000,,,4.752743,-7.363536,0.091213,-0.001402,,,,,,,,,,,,
397724,,,,,,,,,,,,,,,,,,,,-0.027169,-1.101471,2.435110,,,,,,
397728,,,,,,,,,-0.000000,0.000000,,,3.998958,-6.195678,0.098784,-0.013126,,,,,,,,,,,,
397733,,,,,,,,,,,,,,,,,,,,-0.027349,-1.101342,2.432105,,,,,,
397736,-0.027612,-1.101124,2.431551,0.001866,-1.073004,1.721751,0.033434,-1.111866,0.027467,-0.652434,4.088337,-3.181588,3.909266,-5.213043,0.098924,0.009870,-0.004023,-0.040540,-0.709800,,,,,,,,,
397744,,,,,,,,,,,,,,,,,,,,-0.027693,-1.101170,2.426065,,,,,,
397748,,,,,,,,,-0.000000,0.000000,,,3.289256,-4.386253,0.105284,0.001843,,,,,,,,,,,,
397754,,,,,,,,,,,,,,,,,,,,-0.027804,-1.101045,2.426084,,,,,,
397759,,,,,,,,,-0.000000,0.000000,,,2.767579,-3.690593,0.110765,-0.005012,,,,,,,,,,,,
397764,,,,,,,,,,,,,,,,,,,,-0.027988,-1.100860,2.423096,,,,,,
397768,,,,,,,,,0.054935,-1.304868,,,3.417727,-3.105264,0.104397,-0.010880,,,,,,,,,,,,
397774,,,,,,,,,,,,,,,,,,,,-0.028142,-1.100759,2.420182,,,,,,
397778,,,,,,,,,0.027467,-0.652434,,,3.420218,-2.612769,0.104506,-0.015919,,,,,,,,,,,,
397783,,,,,,,,,,,,,,,,,,,,-0.028365,-1.100623,2.414369,,,,,,
397786,-0.028388,-1.100588,2.413073,0.001595,-1.070988,1.690166,0.038452,-0.747376,0.027467,-0.652434,3.847938,-1.742627,3.422315,-2.198384,0.102166,-0.005582,-0.002665,-0.042048,-0.722907,,,,,,,,,
397794,,,,,,,,,,,,,,,,,,,,-0.028632,-1.100422,2.405478,,,,,,
397798,,,,,,,,,0.027467,-0.652434,,,3.424078,-1.849720,0.102233,-0.009047,,,,,,,,,,,,
397804,,,,,,,,,,,,,,,,,,,,-0.028911,-1.100169,2.399511,,,,,,
397808,,,,,,,,,0.027467,-0.652434,,,3.425562,-1.556354,0.102303,-0.012018,,,,,,,,,,,,
397813,,,,,,,,,,,,,,,,,,,,-0.029146,-1.099946,2.393599,,,,,,
397819,,,,,,,,,0.054935,-1.304868,,,3.971354,-1.309516,0.096820,-0.014573,,,,,,,,,,,,
397824,,,,,,,,,,,,,,,,,,,,-0.029482,-1.099734,2.381695,,,,,,
397828,,,,,,,,,0.027467,-0.652434,,,3.886040,-1.101826,0.097666,-0.016778,,,,,,,,,,,,
397834,-0.029786,-1.099489,2.373305,0.001356,-1.068765,1.667130,0.042818,-0.533375,,,4.052961,-0.567729,,,,,-0.001044,-0.043734,-0.706176,-0.029821,-1.099474,2.372651,,,,,,
397838,,,,,,,,,0.027467,-0.652434,,,3.814257,-0.927077,0.100482,-0.006705,,,,,,,,,,,,
397843,,,,,,,,,,,,,,,,,,,,-0.030154,-1.099191,2.363686,,,,,,
397848,,,,,,,,,0.054935,-1.304868,,,4.298401,-0.780042,0.095591,-0.008133,,,,,,,,,,,,
397854,,,,,,,,,,,,,,,,,,,,-0.030550,-1.098882,2.354735,,,,,,
397860,,,,,,,,,0.027467,-0.652434,,,4.705761,-0.656327,0.091387,-0.009352,,,,,,,,,,,,
397864,,,,,,,,,,,,,,,,,,,,-0.031033,-1.098527,2.342735,,,,,,
397868,,,,,,,,,0.054935,-1.304868,,,4.503970,-0.552234,0.093315,-0.010396,,,,,,,,,,,,
397873,,,,,,,,,,,,,,,,,,,,-0.031428,-1.098245,2.330711,,,,,,
397878,,,,,,,,,0.054935,-1.304868,,,4.878726,-0.464649,0.089402,-0.011293,,,,,,,,,,,,
397884,-0.031832,-1.097906,2.317761,0.001146,-1.066367,1.649678,0.046540,-0.397568,,,4.480289,0.500381,,,,,0.000736,-0.045626,-0.668083,-0.031845,-1.097941,2.318649,,,,,,
397888,,,,,,,,,0.054935,-1.304868,,,5.194046,-0.390956,0.090379,-0.001170,,,,,,,,,,,,
397893,,,,,,,,,,,,,,,,,,,,-0.032253,-1.097641,2.306555,,,,,,
397898,,,,,,,,,0.054935,-1.304868,,,5.459356,-0.328950,0.087530,-0.001625,,,,,,,,,,,,
397904,,,,,,,,,,,,,,,,,,,,-0.032623,-1.097211,2.294391,,,,,,
397908,,,,,,,,,0.054935,-1.304868,,,5.682588,-0.276779,0.085057,-0.001991,,,,,,,,,,,,
397914,,,,,,,,,,,,,,,,,,,,-0.033074,-1.096805,2.282231,,,,,,
397919,,,,,,,,,0.054935,-1.304868,,,5.870415,-0.232882,0.082901,-0.002283,,,,,,,,,,,,
397923,,,,,,,,,,,,,,,,,,,,-0.033458,-1.096413,2.269994,,,,,,
397928,,,,,,,,,0.027467,-0.652434,,,5.483910,-0.195946,0.086566,-0.002513,,,,,,,,,,,,
397934,-0.033797,-1.096103,2.262906,0.000963,-1.063826,1.636069,0.049641,-0.306152,,,5.025078,1.500872,,,,,0.002668,-0.047360,-0.626838,-0.033893,-1.096032,2.260869,,,,,,
397938,,,,,,,,,0.054935,-1.304868,,,5.703247,-0.164869,0.089684,0.007514,,,,,,,,,,,,
397944,,,,,,,,,,,,,,,,,,,,-0.034252,-1.095645,2.248653,,,,,,
397948,,,,,,,,,0.054935,-1.304868,,,5.887798,-0.138721,0.087666,0.007580,,,,,,,,,,,,
397953,,,,,,,,,,,,,,,,,,,,-0.034616,-1.095240,2.239433,,,,,,
397958,,,,,,,,,0.027467,-0.652434,,,5.498536,-0.116720,0.091464,0.007684,,,,,,,,,,,,
397964,,,,,,,,,,,,,,,,,,,,-0.034947,-1.094892,2.227114,,,,,,
397968,,,,,,,,,0.054935,-1.304868,,,5.715554,-0.098208,0.089156,0.007819,,,,,,,,,,,,
397973,,,,,,,,,,,,,,,,,,,,-0.035289,-1.094531,2.217887,,,,,,
397979,,,,,,,,,0.027467,-0.652434,,,5.353610,-0.082632,0.092710,0.007980,,,,,,,,,,,,
397983,,,,,,,,,,,,,,,,,,,,-0.035612,-1.094119,2.208533,,,,,,
397986,-0.035532,-1.094195,2.210358,0.000805,-1.061172,1.625219,0.052154,-0.241722,0.054935,-1.304868,5.655673,2.484077,5.593613,-0.069527,0.096628,0.018191,0.004809,-0.048865,-0.585139,,,,,,,,,
397994,,,,,,,,,,,,,,,,,,,,-0.035880,-1.093771,2.199226,,,,,,
397998,,,,,,,,,0.054935,-1.304868,,,5.795551,-0.058500,0.094581,0.018590,,,,,,,,,,,,
398004,,,,,,,,,,,,,,,,,,,,-0.036185,-1.093432,2.189937,,,,,,
398008,,,,,,,,,0.027467,-0.652434,,,5.420919,-0.049222,0.098374,0.019003,,,,,,,,,,,,
398014,,,,,,,,,,,,,,,,,,,,-0.036456,-1.093107,2.180585,,,,,,
398020,,,,,,,,,0.027467,-0.652434,,,5.105704,-0.041415,0.101636,0.019430,,,,,,,,,,,,
398023,,,,,,,,,,,,,,,,,,,,-0.036742,-1.092795,2.171274,,,,,,
398028,,,,,,,,,0.082402,-1.957303,,,5.929569,-0.034847,0.093343,0.019869,,,,,,,,,,,,
398033,,,,,,,,,,,,,,,,,,,,-0.037070,-1.092448,2.161877,,,,,,
398036,-0.037134,-1.092308,2.157733,0.000668,-1.058432,1.616414,0.054112,-0.194612,0.027467,-0.652434,6.378882,3.508148,5.533681,-0.029320,0.104703,0.030761,0.007271,-0.050237,-0.541319,,,,,,,,,
398043,,,,,,,,,,,,,,,,,,,,-0.037330,-1.092075,2.149311,,,,,,
398048,,,,,,,,,0.054935,-1.304868,,,5.745125,-0.024670,0.102715,0.031422,,,,,,,,,,,,
398054,,,,,,,,,,,,,,,,,,,,-0.037581,-1.091707,2.139833,,,,,,
398058,,,,,,,,,0.054935,-1.304868,,,5.923034,-0.020757,0.101027,0.032088,,,,,,,,,,,,
398063,,,,,,,,,,,,,,,,,,,,-0.037869,-1.091390,2.130382,,,,,,
398068,,,,,,,,,0.054935,-1.304868,,,6.072727,-0.017465,0.099591,0.032760,,,,,,,,,,,,
398073,,,,,,,,,,,,,,,,,,,,-0.038146,-1.090981,2.120853,,,,,,
398079,,,,,,,,,0.054935,-1.304868,,,5.654135,-0.014695,0.103922,0.033437,,,,,,,,,,,,
398084,-0.038472,-1.090469,2.106830,0.000551,-1.055630,1.609172,0.055554,-0.159116,,,7.170935,4.568804,,,,,0.010023,-0.051343,-0.497658,-0.038462,-1.090515,2.108144,,,,,,
398088,,,,,,,,,0.027467,-0.652434,,,5.846475,-0.012364,0.110184,0.044937,,,,,,,,,,,,
398094,,,,,,,,,,,,,,,,,,,,-0.038814,-1.090066,2.095416,,,,,,
398098,,,,,,,,,0.054935,-1.304868,,,6.008309,-0.010403,0.108798,0.045833,,,,,,,,,,,,
398104,,,,,,,,,,,,,,,,,,,,-0.039145,-1.089651,2.085818,,,,,,
398108,,,,,,,,,0.054935,-1.304868,,,6.144477,-0.008753,0.107642,0.046732,,,,,,,,,,,,
398114,,,,,,,,,,,,,,,,,,,,-0.039460,-1.089140,2.069739,,,,,,
398118,,,,,,,,,0.054935,-1.304868,,,6.259048,-0.007365,0.106679,0.047633,,,,,,,,,,,,
398123,,,,,,,,,,,,,,,,,,,,-0.039814,-1.088576,2.053576,,,,,,
398128,,,,,,,,,0.082402,-1.957303,,,6.355449,-0.006197,0.105878,0.048537,,,,,,,,,,,,
398133,,,,,,,,,,,,,,,,,,,,-0.040148,-1.088087,2.040576,,,,,,
398140,-0.040170,-1.087982,2.037923,0.000451,-1.052791,1.603150,0.056517,-0.131696,0.054935,0.000000,8.040670,5.751316,6.436560,0.539329,0.114085,0.055949,0.013128,-0.052116,-0.434773,,,,,,,,,
398144,,,,,,,,,,,,,,,,,,,,-0.040501,-1.087619,2.027597,,,,,,
398148,,,,,,,,,0.082402,-1.957303,,,7.049351,0.453791,0.108155,0.057864,,,,,,,,,,,,
398153,,,,,,,,,,,,,,,,,,,,-0.040775,-1.087113,2.014565,,,,,,
398158,,,,,,,,,0.054935,-1.304868,,,7.020409,0.381820,0.108649,0.059657,,,,,,,,,,,,
398164,,,,,,,,,,,,,,,,,,,,-0.041073,-1.086596,2.001467,,,,,,
398168,,,,,,,,,0.109870,-1.304868,,,7.540601,0.865806,0.103547,0.055795,,,,,,,,,,,,
398174,,,,,,,,,,,,,,,,,,,,-0.041353,-1.086011,1.984990,,,,,,
398179,,,,,,,,,0.027467,-0.652434,,,6.889204,0.728489,0.110291,0.058172,,,,,,,,,,,,
398184,-0.041573,-1.085480,1.974558,0.000366,-1.049936,1.598095,0.057040,-0.110067,,,8.873175,6.875093,,,,,,,,-0.041647,-1.085365,1.971741,,,,,,
398187,,,,,,,,,0.082402,-1.957303,,,7.430204,0.612951,0.113495,0.071818,0.016209,-0.052532,-0.376462,,,,,,,,,
398194,,,,,,,,,,,,,,,,,,,,-0.041924,-1.084787,1.958411,,,,,,
398198,,,,,,,,,0.082402,-0.652434,,,7.340859,1.060280,0.114695,0.068508,,,,,,,,,,,,
398203,,,,,,,,,,,,,,,,,,,,-0.042179,-1.084162,1.948363,,,,,,
398208,,,,,,,,,0.082402,-1.957303,,,7.810228,0.892120,0.110214,0.071386,,,,,,,,,,,,
398213,,,,,,,,,,,,,,,,,,,,-0.042487,-1.083437,1.934979,,,,,,
398218,,,,,,,,,0.082402,-0.652434,,,7.660611,1.295172,0.111952,0.068471,,,,,,,,,,,,
398224,,,,,,,,,,,,,,,,,,,,-0.042848,-1.082688,1.924902,,,,,,
398228,,,,,,,,,0.082402,-0.652434,,,7.534724,1.634301,0.113479,0.066128,,,,,,,,,,,,
398233,,,,,,,,,,,,,,,,,,,,-0.043184,-1.081897,1.918149,,,,,,
398240,-0.043179,-1.081877,1.920145,0.000294,-1.047084,1.593826,0.057162,-0.092700,0.082402,-0.652434,9.263623,7.523421,7.428802,1.919644,0.118809,0.070879,0.017811,-0.052757,-0.326320,,,,,,,,,
398243,,,,,,,,,,,,,,,,,,,,-0.043507,-1.080992,1.907989,,,,,,
398248,,,,,,,,,0.109870,-1.304868,,,7.884223,2.159731,0.114531,0.069551,,,,,,,,,,,,
398254,,,,,,,,,,,,,,,,,,,,-0.043794,-1.080124,1.897796,,,,,,
398258,,,,,,,,,0.082402,-0.652434,,,7.722870,2.361741,0.116453,0.068563,,,,,,,,,,,,
398263,,,,,,,,,,,,,,,,,,,,-0.044136,-1.079237,1.887562,,,,,,
398268,,,,,,,,,0.109870,-1.304868,,,8.131652,2.531712,0.112591,0.067862,,,,,,,,,,,,
398274,,,,,,,,,,,,,,,,,,,,-0.044488,-1.078349,1.877290,,,,,,
398278,,,,,,,,,0.109870,-1.304868,,,8.475600,2.674725,0.109309,0.067401,,,,,,,,,,,,
398283,,,,,,,,,,,,,,,,,,,,-0.044778,-1.077387,1.866979,,,,,,
398286,-0.044788,-1.077326,1.865965,0.000234,-1.044251,1.590200,0.056919,-0.078543,0.109870,-1.304868,9.382953,7.896206,8.220455,2.795057,0.113287,0.070946,0.018548,-0.052697,-0.275766,,,,,,,,,
398293,,,,,,,,,,,,,,,,,,,,-0.045089,-1.076402,1.856645,,,,,,
398299,,,,,,,,,0.027467,-0.652434,,,9.094863,2.896303,0.104600,0.070933,,,,,,,,,,,,
398304,,,,,,,,,,,,,,,,,,,,-0.045415,-1.075404,1.846257,,,,,,
398308,,,,,,,,,0.164805,-1.304868,,,8.741503,2.981493,0.108262,0.071064,,,,,,,,,,,,
398313,,,,,,,,,,,,,,,,,,,,-0.045873,-1.074338,1.832346,,,,,,
398318,,,,,,,,,0.109870,-1.304868,,,8.988729,3.053171,0.105869,0.071316,,,,,,,,,,,,
398323,,,,,,,,,,,,,,,,,,,,-0.046280,-1.073320,1.821830,,,,,,
398328,,,,,,,,,0.109870,-1.304868,,,9.196745,3.113481,0.103826,0.071670,,,,,,,,,,,,
398334,-0.046510,-1.072232,1.807204,0.000184,-1.041455,1.587109,0.056348,-0.066852,,,9.387342,8.165070,,,,,0.018985,-0.052604,-0.220095,-0.046537,-1.072251,1.807797,,,,,,
398341,,,,,,,,,0.137337,-1.957303,,,8.827227,2.619682,0.107677,0.080405,,,,,,,,,,,,
398344,,,,,,,,,,,,,,,,,,,,-0.046817,-1.071220,1.797220,,,,,,
398348,,,,,,,,,0.082402,-0.652434,,,9.605400,3.293287,0.099852,0.074644,,,,,,,,,,,,
398354,,,,,,,,,,,,,,,,,,,,-0.047234,-1.070134,1.783032,,,,,,
398358,,,,,,,,,0.109870,-1.304868,,,9.715612,3.315514,0.098684,0.075391,,,,,,,,,,,,
398363,,,,,,,,,,,,,,,,,,,,-0.047580,-1.069048,1.768762,,,,,,
398368,,,,,,,,,0.109870,-1.304868,,,9.808345,3.334216,0.097672,0.076171,,,,,,,,,,,,
398374,,,,,,,,,,,,,,,,,,,,-0.047898,-1.067770,1.761596,,,,,,
398378,,,,,,,,,0.137337,-0.652434,,,9.886370,3.894495,0.096792,0.071422,,,,,,,,,,,,
398384,-0.048177,-1.066557,1.752791,0.000143,-1.038708,1.584465,0.055485,-0.057089,,,9.152027,8.172498,,,,,0.018643,-0.052563,-0.168326,-0.048194,-1.066651,1.750795,,,,,,
398388,,,,,,,,,0.082402,-0.652434,,,9.407476,3.821371,0.099177,0.073098,,,,,,,,,,,,
398394,,,,,,,,,,,,,,,,,,,,-0.048456,-1.065464,1.736333,,,,,,
398399,,,,,,,,,0.082402,-0.652434,,,9.004536,3.759844,0.103236,0.074595,,,,,,,,,,,,
398404,,,,,,,,,,,,,,,,,,,,-0.048734,-1.064199,1.725429,,,,,,
398408,,,,,,,,,0.164805,-1.304868,,,9.754588,4.252619,0.095615,0.070452,,,,,,,,,,,,
398413,,,,,,,,,,,,,,,,,,,,-0.049054,-1.062975,1.714473,,,,,,
398418,,,,,,,,,0.109870,-1.304868,,,9.841139,4.122696,0.094611,0.072561,,,,,,,,,,,,
398424,,,,,,,,,,,,,,,,,,,,-0.049219,-1.061738,1.703478,,,,,,
398428,,,,,,,,,0.137337,-0.652434,,,9.913962,4.557922,0.093731,0.068931,,,,,,,,,,,,
398434,-0.049420,-1.060341,1.698133,0.000110,-1.036023,1.582202,0.054363,-0.048859,,,8.761820,8.017967,,,,,0.017831,-0.052217,-0.115931,-0.049431,-1.060392,1.696114,,,,,,
398442,,,,,,,,,0.109870,0.000000,,,9.430693,4.924122,0.094528,0.064343,,,,-0.049583,-1.059150,1.688716,,,,,,
398448,,,,,,,,,0.137337,-1.957303,,,10.113156,4.687699,0.087433,0.067373,,,,,,,,,,,,
398453,,,,,,,,,,,,,,,,,,,,-0.049779,-1.057933,1.681301,,,,,,
398458,,,,,,,,,0.109870,0.000000,,,9.598295,5.033316,0.092414,0.064514,,,,,,,,,,,,
398463,,,,,,,,,,,,,,,,,,,,-0.049919,-1.056756,1.673847,,,,,,
398468,,,,,,,,,0.109870,-1.304868,,,9.709634,4.779574,0.091111,0.067699,,,,,,,,,,,,
398474,,,,,,,,,,,,,,,,,,,,-0.050054,-1.055618,1.666381,,,,,,
398478,,,,,,,,,0.137337,-0.652434,,,9.803314,5.110620,0.089966,0.064970,,,,,,,,,,,,
398483,,,,,,,,,,,,,,,,,,,,-0.050135,-1.054357,1.658900,,,,,,
398486,-0.050139,-1.054286,1.659455,0.000082,-1.033410,1.580262,0.053015,-0.041866,0.109870,-1.304868,8.186750,7.614748,9.882137,4.844618,0.083088,0.064152,0.016347,-0.051872,-0.079193,,,,,,,,,
398493,,,,,,,,,,,,,,,,,,,,-0.050289,-1.053231,1.651389,,,,,,
398499,,,,,,,,,0.054935,0.000000,,,8.859372,4.620804,0.093181,0.066989,,,,,,,,,,,,
398504,,,,,,,,,,,,,,,,,,,,-0.050450,-1.051998,1.640058,,,,,,
398508,,,,,,,,,0.164805,-1.304868,,,9.632447,4.977030,0.085161,0.063954,,,,,,,,,,,,
398513,,,,,,,,,,,,,,,,,,,,-0.050623,-1.050768,1.636270,,,,,,
398518,,,,,,,,,0.109870,0.000000,,,9.193827,5.276759,0.089346,0.061424,,,,,,,,,,,,
398523,,,,,,,,,,,,,,,,,,,,-0.050731,-1.049635,1.628672,,,,,,
398528,,,,,,,,,0.109870,-1.304868,,,9.369314,4.984407,0.087355,0.064874,,,,,,,,,,,,
398534,-0.050787,-1.048545,1.618799,0.000061,-1.030879,1.578599,0.051471,-0.035885,,,7.692579,7.289184,,,,,0.015205,-0.051637,-0.040200,-0.050817,-1.048521,1.621052,,,,,,
398538,,,,,,,,,0.137337,-0.652434,,,9.516970,5.282966,0.080572,0.059034,,,,,,,,,,,,
398543,,,,,,,,,,,,,,,,,,,,-0.050974,-1.047371,1.613399,,,,,,
398548,,,,,,,,,0.082402,-0.652434,,,9.096663,4.989630,0.084494,0.062427,,,,,,,,,,,,
398554,,,,,,,,,,,,,,,,,,,,-0.051026,-1.046270,1.609558,,,,,,
398559,,,,,,,,,0.082402,-0.652434,,,9.287561,5.287361,0.082266,0.059850,,,,,,,,,,,,
398563,,,,,,,,,,,,,,,,,,,,-0.051031,-1.045316,1.605719,,,,,,
398568,,,,,,,,,0.109870,0.000000,,,8.359097,4.993328,0.091417,0.063250,,,,,,,,,,,,
398573,,,,,,,,,,,,,,,,,,,,-0.051063,-1.044321,1.598010,,,,,,
398578,,,,,,,,,0.137337,-0.652434,,,8.666972,5.290472,0.088144,0.060678,,,,,,,,,,,,
398584,-0.051049,-1.043177,1.593476,0.000043,-1.028436,1.577176,0.049759,-0.030741,,,7.075427,6.781659,,,,,0.013579,-0.051413,-0.016300,-0.051053,-1.043314,1.594145,,,,,,
398588,,,,,,,,,0.082402,-0.652434,,,8.381475,4.995945,0.084566,0.058905,,,,,,,,,,,,
398594,,,,,,,,,,,,,,,,,,,,-0.051056,-1.042337,1.590272,,,,,,
398599,,,,,,,,,0.109870,-1.304868,,,8.685802,4.748131,0.081200,0.061790,,,,,,,,,,,,
398604,,,,,,,,,,,,,,,,,,,,-0.051075,-1.041393,1.586388,,,,,,
398608,,,,,,,,,0.082402,0.652434,,,7.852776,5.084163,0.089375,0.058769,,,,,,,,,,,,
398613,,,,,,,,,,,,,,,,,,,,-0.051123,-1.040399,1.582504,,,,,,
398618,,,,,,,,,0.082402,-0.652434,,,7.696411,4.822357,0.090815,0.061779,,,,,,,,,,,,
398623,,,,,,,,,,,,,,,,,,,,-0.051182,-1.039474,1.578609,,,,,,
398628,,,,,,,,,0.109870,0.000000,,,7.564846,5.146617,0.092032,0.058864,,,,,,,,,,,,
398633,,,,,,,,,,,,,,,,,,,,-0.051128,-1.038475,1.570796,,,,,,
398636,-0.051131,-1.038409,1.572700,0.000030,-1.026090,1.575959,0.047906,-0.026298,0.082402,-0.652434,6.534401,6.328446,7.454146,4.874906,0.087545,0.057339,0.012222,-0.051184,0.003260,,,,,,,,,
398644,,,,,,,,,,,,,,,,,,,,-0.051133,-1.037594,1.566921,,,,,,
398648,,,,,,,,,0.082402,-0.652434,,,7.361004,4.646288,0.088311,0.059962,,,,,,,,,,,,
398654,,,,,,,,,,,,,,,,,,,,-0.051192,-1.036730,1.563045,,,,,,
398659,,,,,,,,,0.082402,-0.652434,,,7.827178,4.453929,0.083391,0.062260,,,,,,,,,,,,
398664,,,,,,,,,,,,,,,,,,,,-0.051213,-1.035807,1.555262,,,,,,
398668,,,,,,,,,0.137337,-0.652434,,,7.674872,4.836622,0.084686,0.058732,,,,,,,,,,,,
398674,,,,,,,,,,,,,,,,,,,,-0.051250,-1.034926,1.551416,,,,,,
398678,,,,,,,,,0.054935,-1.304868,,,7.546723,4.069533,0.085765,0.066855,,,,,,,,,,,,
398684,-0.051256,-1.034122,1.540676,0.000019,-1.023844,1.574923,0.045939,-0.022450,,,6.239422,6.146717,,,,,,,,-0.051274,-1.033980,1.543719,,,,,,
398687,,,,,,,,,0.082402,0.652434,,,6.894355,4.513191,0.089208,0.060927,0.011817,-0.050942,0.034246,,,,,,,,,
398694,,,,,,,,,,,,,,,,,,,,-0.051288,-1.033131,1.535968,,,,,,
398698,,,,,,,,,0.109870,-1.304868,,,7.434539,4.341942,0.083567,0.063001,,,,,,,,,,,,
398704,,,,,,,,,,,,,,,,,,,,-0.051261,-1.032253,1.528329,,,,,,
398708,,,,,,,,,0.082402,-0.652434,,,7.344506,4.197853,0.084246,0.064832,,,,,,,,,,,,
398714,,,,,,,,,,,,,,,,,,,,-0.051226,-1.031374,1.524458,,,,,,
398719,,,,,,,,,0.054935,0.000000,,,6.724210,4.076616,0.090352,0.066458,,,,,,,,,,,,
398724,,,,,,,,,,,,,,,,,,,,-0.051195,-1.030400,1.520601,,,,,,
398728,,,,,,,,,0.109870,-1.304868,,,7.291379,3.974607,0.084470,0.067912,,,,,,,,,,,,
398734,-0.051167,-1.029444,1.509803,0.000012,-1.021703,1.574042,0.043878,-0.019110,,,5.783702,5.790892,,,,,0.010847,-0.050612,0.064239,-0.051189,-1.029518,1.512951,,,,,,
398738,,,,,,,,,0.109870,0.000000,,,6.679509,4.433321,0.085853,0.060039,,,,,,,,,,,,
398744,,,,,,,,,,,,,,,,,,,,-0.051152,-1.028617,1.509175,,,,,,
398748,,,,,,,,,0.054935,0.000000,,,6.709224,4.274738,0.085370,0.061928,,,,,,,,,,,,
398754,,,,,,,,,,,,,,,,,,,,-0.051153,-1.027679,1.505413,,,,,,
398759,,,,,,,,,0.109870,-1.304868,,,6.734227,4.141307,0.084930,0.063592,,,,,,,,,,,,
398764,,,,,,,,,,,,,,,,,,,,-0.051132,-1.026889,1.501623,,,,,,
398768,,,,,,,,,0.109870,0.000000,,,6.755264,4.029038,0.084526,0.065067,,,,,,,,,,,,
398774,,,,,,,,,,,,,,,,,,,,-0.051083,-1.025993,1.497810,,,,,,
398778,,,,,,,,,0.054935,0.000000,,,6.772964,4.479119,0.084151,0.060828,,,,,,,,,,,,
398784,-0.051016,-1.025352,1.495425,0.000006,-1.019670,1.573296,0.041747,-0.016207,,,5.248585,5.301882,,,,,0.009507,-0.050450,0.077871,-0.051018,-1.025228,1.494107,,,,,,
398788,,,,,,,,,0.082402,-0.652434,,,6.787858,4.313273,0.078343,0.057795,,,,,,,,,,,,
398794,,,,,,,,,,,,,,,,,,,,-0.050923,-1.024333,1.490386,,,,,,
398798,,,,,,,,,0.082402,-0.652434,,,6.800389,4.173730,0.077907,0.059416,,,,,,,,,,,,
398804,,,,,,,,,,,,,,,,,,,,-0.050850,-1.023563,1.486576,,,,,,
398808,,,,,,,,,0.054935,0.000000,,,6.266390,4.056319,0.083044,0.060839,,,,,,,,,,,,
398813,,,,,,,,,,,,,,,,,,,,-0.050793,-1.022801,1.482780,,,,,,
398819,,,,,,,,,0.054935,0.000000,,,5.817083,3.957530,0.087423,0.062096,,,,,,,,,,,,
398824,,,,,,,,,,,,,,,,,,,,-0.050706,-1.021909,1.479031,,,,,,
398828,,,,,,,,,0.137337,-0.652434,,,5.983579,4.418952,0.085611,0.057658,,,,,,,,,,,,
398834,-0.050616,-1.020911,1.477637,0.000002,-1.017747,1.572667,0.039565,-0.013685,,,4.620811,4.723278,,,,,0.007859,-0.050104,0.095030,-0.050636,-1.021131,1.478996,,,,,,
398838,,,,,,,,,0.027467,0.652434,,,5.579126,4.262649,0.083186,0.053527,,,,,,,,,,,,
398843,,,,,,,,,,,,,,,,,,,,-0.050568,-1.020408,1.475230,,,,,,
398848,,,,,,,,,0.082402,-0.652434,,,5.783362,4.131135,0.080911,0.054961,,,,,,,,,,,,
398854,,,,,,,,,,,,,,,,,,,,-0.050510,-1.019756,1.471517,,,,,,
398858,,,,,,,,,0.082402,-0.652434,,,5.955207,4.020480,0.078926,0.056208,,,,,,,,,,,,
398864,,,,,,,,,,,,,,,,,,,,-0.050465,-1.019014,1.467763,,,,,,
398868,,,,,,,,,0.054935,0.000000,,,5.555254,3.927374,0.082738,0.057298,,,,,,,,,,,,
398874,,,,,,,,,,,,,,,,,,,,-0.050459,-1.018250,1.467790,,,,,,
398879,,,,,,,,,0.054935,-1.304868,,,5.763276,3.304492,0.080430,0.063811,,,,,,,,,,,,
398884,-0.050441,-1.017570,1.456324,-0.000001,-1.015936,1.572142,0.037348,-0.011496,,,4.319032,4.472210,,,,,0.007385,-0.049923,0.115818,-0.050456,-1.017514,1.460349,,,,,,
398888,,,,,,,,,0.082402,0.652434,,,5.393763,3.869486,0.080892,0.055770,,,,,,,,,,,,
398893,,,,,,,,,,,,,,,,,,,,-0.050450,-1.016895,1.452963,,,,,,
398898,,,,,,,,,0.082402,-0.652434,,,5.627398,3.800328,0.078294,0.056596,,,,,,,,,,,,
398904,,,,,,,,,,,,,,,,,,,,-0.050369,-1.016338,1.449261,,,,,,
398908,,,,,,,,,0.082402,-0.652434,,,5.823978,3.742139,0.076027,0.057324,,,,,,,,,,,,
398914,,,,,,,,,,,,,,,,,,,,-0.050299,-1.015729,1.449231,,,,,,
398920,,,,,,,,,0.027467,-0.652434,,,5.444838,3.148635,0.079594,0.063524,,,,,,,,,,,,
398924,,,,,,,,,,,,,,,,,,,,-0.050237,-1.015008,1.445568,,,,,,
398928,,,,,,,,,0.054935,0.000000,,,5.125829,3.193804,0.082622,0.063328,,,,,,,,,,,,
398934,-0.050154,-1.014350,1.443063,-0.000003,-1.014236,1.571703,0.035114,-0.009599,,,3.915544,4.094361,,,,,0.006501,-0.049728,0.128640,-0.050157,-1.014305,1.441849,,,,,,
398938,,,,,,,,,0.082402,-0.652434,,,5.401958,3.231810,0.075529,0.059342,,,,,,,,,,,,
398944,,,,,,,,,,,,,,,,,,,,-0.050062,-1.013768,1.438144,,,,,,
398948,,,,,,,,,0.027467,0.652434,,,4.545207,3.263787,0.083970,0.059188,,,,,,,,,,,,
398954,,,,,,,,,,,,,,,,,,,,-0.050027,-1.013214,1.438146,,,,,,
398958,,,,,,,,,0.082402,-0.652434,,,4.913423,3.290693,0.080089,0.059080,,,,,,,,,,,,
398964,,,,,,,,,,,,,,,,,,,,-0.049980,-1.012785,1.434526,,,,,,
398968,,,,,,,,,0.054935,0.000000,,,4.678697,3.313332,0.082283,0.059010,,,,,,,,,,,,
398973,,,,,,,,,,,,,,,,,,,,-0.049930,-1.012290,1.430893,,,,,,
398979,,,,,,,,,0.027467,-0.652434,,,4.481198,2.787837,0.084145,0.064526,,,,,,,,,,,,
398983,,,,,,,,,,,,,,,,,,,,-0.049776,-1.011579,1.427282,,,,,,
398986,-0.049791,-1.011697,1.425869,-0.000004,-1.012648,1.571342,0.032878,-0.007961,0.054935,0.000000,3.686977,3.894770,4.315022,2.890229,0.083396,0.061707,0.006250,-0.049403,0.145473,,,,,,,,,
398993,,,,,,,,,,,,,,,,,,,,-0.049665,-1.010960,1.427196,,,,,,
398998,,,,,,,,,0.054935,0.000000,,,4.175202,2.976382,0.084696,0.061029,,,,,,,,,,,,
399004,,,,,,,,,,,,,,,,,,,,-0.049594,-1.010504,1.427193,,,,,,
399008,,,,,,,,,0.054935,0.000000,,,4.057558,3.048870,0.085799,0.060474,,,,,,,,,,,,
399014,,,,,,,,,,,,,,,,,,,,-0.049491,-1.010108,1.427117,,,,,,
399018,,,,,,,,,0.054935,0.000000,,,3.958572,3.109862,0.086734,0.060021,,,,,,,,,,,,
399023,,,,,,,,,,,,,,,,,,,,-0.049447,-1.009653,1.427134,,,,,,
399028,,,,,,,,,0.027467,-0.652434,,,3.875285,2.616638,0.087529,0.065209,,,,,,,,,,,,
399033,,,,,,,,,,,,,,,,,,,,-0.049403,-1.009109,1.427161,,,,,,
399039,-0.049402,-1.009098,1.427053,-0.000005,-1.011171,1.571044,0.030652,-0.006551,0.054935,0.000000,,,3.805208,2.746182,0.088206,0.064143,,,,,,,,,,,,
399042,,,,,,,,,,,3.211163,3.406844,,,,,0.005024,-0.049185,0.143991,-0.049333,-1.008642,1.423535,,,,,,
399048,,,,,,,,,0.082402,0.652434,,,3.746244,3.399723,0.083931,0.052730,,,,,,,,,,,,
399054,,,,,,,,,,,,,,,,,,,,-0.049229,-1.008183,1.423532,,,,,,
399058,,,,,,,,,0.027467,-0.652434,,,3.696633,2.860527,0.084330,0.058231,,,,,,,,,,,,
399063,,,,,,,,,,,,,,,,,,,,-0.049128,-1.007719,1.427187,,,,,,
399068,,,,,,,,,0.054935,0.000000,,,3.654890,2.951390,0.084659,0.057413,,,,,,,,,,,,
399074,,,,,,,,,,,,,,,,,,,,-0.048974,-1.007127,1.427134,,,,,,
399079,,,,,,,,,0.054935,0.000000,,,3.619767,3.027842,0.084928,0.056725,,,,,,,,,,,,
399084,-0.048908,-1.006592,1.423799,-0.000005,-1.009803,1.570805,0.028448,-0.005345,,,2.784346,2.975488,,,,,0.003986,-0.048846,0.147006,-0.048899,-1.006611,1.423501,,,,,,
399088,,,,,,,,,0.054935,0.000000,,,3.590214,3.092169,0.080794,0.051744,,,,,,,,,,,,
399093,,,,,,,,,,,,,,,,,,,,-0.048805,-1.006005,1.423477,,,,,,
399098,,,,,,,,,0.054935,0.000000,,,3.565349,3.146294,0.080887,0.051169,,,,,,,,,,,,
399104,,,,,,,,,,,,,,,,,,,,-0.048766,-1.005418,1.423449,,,,,,
399108,,,,,,,,,0.027467,-0.652434,,,3.544427,2.647291,0.080944,0.056225,,,,,,,,,,,,
399114,,,,,,,,,,,,,,,,,,,,-0.048732,-1.004939,1.419796,,,,,,
399118,,,,,,,,,0.082402,-0.652434,,,4.071367,2.771974,0.075417,0.055019,,,,,,,,,,,,
399123,,,,,,,,,,,,,,,,,,,,-0.048688,-1.004523,1.416150,,,,,,
399128,,,,,,,,,0.027467,-0.652434,,,3.970191,2.332338,0.076192,0.059544,,,,,,,,,,,,
399134,,,,,,,,,,,,,,,,,,,,-0.048639,-1.004153,1.408900,,,,,,
399139,-0.048643,-1.004244,1.407413,-0.000005,-1.008542,1.570610,0.026277,-0.004318,0.027467,-0.652434,,,3.340518,1.962429,0.082377,0.063445,,,,,,,,,,,,
399142,,,,,,,,,,,2.549657,2.756144,,,,,0.003671,-0.048690,0.163198,-0.048557,-1.003688,1.405276,,,,,,
399148,,,,,,,,,0.054935,0.000000,,,3.899798,2.195731,0.074168,0.059031,,,,,,,,,,,,
399154,,,,,,,,,,,,,,,,,,,,-0.048496,-1.003363,1.401652,,,,,,
399158,,,,,,,,,0.027467,-0.652434,,,3.825833,1.847488,0.074652,0.062695,,,,,,,,,,,,
399164,,,,,,,,,,,,,,,,,,,,-0.048487,-1.003027,1.394421,,,,,,
399168,,,,,,,,,0.054935,0.000000,,,3.763598,2.099019,0.075031,0.060311,,,,,,,,,,,,
399174,,,,,,,,,,,,,,,,,,,,-0.048492,-1.002727,1.390835,,,,,,
399178,,,,,,,,,0.027467,-0.652434,,,3.711234,1.766114,0.075323,0.063838,,,,,,,,,,,,
399183,,,,,,,,,,,,,,,,,,,,-0.048428,-1.002385,1.383667,,,,,,
399186,-0.048425,-1.002428,1.382922,-0.000005,-1.007387,1.570457,0.024149,-0.003451,0.027467,-0.652434,2.541445,2.770626,3.667175,1.486008,0.075456,0.067041,0.004171,-0.048495,0.187535,,,,,,,,,
399194,,,,,,,,,,,,,,,,,,,,-0.048366,-1.002029,1.380045,,,,,,
399199,,,,,,,,,-0.000000,0.000000,,,3.630104,1.250327,0.075609,0.069702,,,,,,,,,,,,
399203,,,,,,,,,,,,,,,,,,,,-0.048338,-1.001629,1.376490,,,,,,
399208,,,,,,,,,0.054935,0.000000,,,3.054369,1.596568,0.081264,0.066474,,,,,,,,,,,,
399214,,,,,,,,,,,,,,,,,,,,-0.048283,-1.001257,1.372874,,,,,,
399218,,,,,,,,,0.027467,-0.652434,,,3.114489,1.343352,0.080548,0.069292,,,,,,,,,,,,
399224,,,,,,,,,,,,,,,,,,,,-0.048230,-1.001005,1.369329,,,,,,
399228,,,,,,,,,0.054935,0.000000,,,3.165074,1.674840,0.079918,0.066196,,,,,,,,,,,,
399233,,,,,,,,,,,,,,,,,,,,-0.048163,-1.000780,1.369329,,,,,,
399239,-0.048185,-1.000919,1.370469,-0.000004,-1.006334,1.570336,0.022072,-0.002725,-0.000000,0.000000,2.441615,2.670348,2.663093,1.409210,0.083895,0.068102,0.004281,-0.048295,0.199866,,,,,,,,,
399244,,,,,,,,,,,,,,,,,,,,-0.048102,-1.000561,1.369299,,,,,,
399248,,,,,,,,,0.027467,-0.652434,,,2.785269,1.185709,0.082604,0.070634,,,,,,,,,,,,
399254,,,,,,,,,,,,,,,,,,,,-0.048070,-1.000210,1.369264,,,,,,
399258,,,,,,,,,0.054935,0.000000,,,2.888068,1.542199,0.081487,0.067295,,,,,,,,,,,,
399263,,,,,,,,,,,,,,,,,,,,-0.048035,-0.999969,1.365706,,,,,,
399268,,,,,,,,,0.027467,0.652434,,,2.430020,1.842149,0.086070,0.064461,,,,,,,,,,,,
399274,,,,,,,,,,,,,,,,,,,,-0.047970,-0.999631,1.365693,,,,,,
399278,,,,,,,,,0.027467,-0.652434,,,2.589162,1.549984,0.084449,0.067606,,,,,,,,,,,,
399283,,,,,,,,,,,,,,,,,,,,-0.047924,-0.999381,1.365733,,,,,,
399286,-0.047921,-0.999398,1.363393,-0.000004,-1.005380,1.570242,0.020054,-0.002122,0.027467,0.652434,2.246043,2.464497,2.178520,1.848700,0.086613,0.062684,0.004013,-0.048122,0.206849,,,,,,,,,
399293,,,,,,,,,,,,,,,,,,,,-0.047877,-0.999032,1.369303,,,,,,
399299,,,,,,,,,0.027467,-0.652434,,,2.377550,1.555496,0.084596,0.065798,,,,,,,,,,,,
399304,,,,,,,,,,,,,,,,,,,,-0.047754,-0.998658,1.369303,,,,,,
399308,,,,,,,,,0.054935,0.000000,,,2.545014,1.853337,0.082862,0.062942,,,,,,,,,,,,
399313,,,,,,,,,,,,,,,,,,,,-0.047655,-0.998355,1.372940,,,,,,
399318,,,,,,,,,0.027467,0.652434,,,2.141374,2.103941,0.086919,0.060508,,,,,,,,,,,,
399324,,,,,,,,,,,,,,,,,,,,-0.047619,-0.998053,1.369365,,,,,,
399328,,,,,,,,,0.027467,-0.652434,,,2.346295,1.770255,0.084850,0.063983,,,,,,,,,,,,
399334,-0.047584,-0.997721,1.366166,-0.000003,-1.004523,1.570172,0.018102,-0.001627,,,1.856256,2.051869,,,,,0.003009,-0.047970,0.204006,-0.047581,-0.997690,1.369408,,,,,,
399338,,,,,,,,,0.054935,0.000000,,,2.518716,2.034036,0.079095,0.057223,,,,,,,,,,,,
399344,,,,,,,,,,,,,,,,,,,,-0.047532,-0.997288,1.369414,,,,,,
399348,,,,,,,,,0.027467,0.652434,,,2.119247,2.255981,0.083038,0.054963,,,,,,,,,,,,
399354,,,,,,,,,,,,,,,,,,,,-0.047462,-0.996898,1.365844,,,,,,
399359,,,,,,,,,-0.000000,0.000000,,,1.783134,1.898182,0.086413,0.058571,,,,,,,,,,,,
399363,,,,,,,,,,,,,,,,,,,,-0.047406,-0.996559,1.365844,,,,,,
399368,,,,,,,,,0.027467,0.652434,,,1.500329,2.141673,0.089313,0.056118,,,,,,,,,,,,
399373,,,,,,,,,,,,,,,,,,,,-0.047292,-0.996232,1.365850,,,,,,
399378,,,,,,,,,0.082402,-0.652434,,,2.351463,2.346547,0.080702,0.054011,,,,,,,,,,,,
399386,-0.047242,-0.996019,1.363139,-0.000003,-1.003757,1.570118,0.016222,-0.001227,-0.000000,0.000000,1.512055,1.691628,1.978521,1.974384,0.080896,0.054073,0.002167,-0.047819,0.206980,-0.047226,-0.995904,1.369420,,,,,,
399393,,,,,,,,,,,,,,,,,,,,-0.047162,-0.995609,1.369420,,,,,,
399399,,,,,,,,,0.054935,0.000000,,,2.209270,2.205790,0.078449,0.051657,,,,,,,,,,,,
399404,,,,,,,,,,,,,,,,,,,,-0.047102,-0.995287,1.369414,,,,,,
399408,,,,,,,,,0.027467,-0.652434,,,2.403423,1.855951,0.076330,0.055122,,,,,,,,,,,,
399414,,,,,,,,,,,,,,,,,,,,-0.047011,-0.994880,1.369375,,,,,,
399418,,,,,,,,,-0.000000,0.000000,,,2.022239,1.561597,0.080039,0.058092,,,,,,,,,,,,
399424,,,,,,,,,,,,,,,,,,,,-0.046960,-0.994532,1.365800,,,,,,
399428,,,,,,,,,0.054935,0.000000,,,2.246055,1.858471,0.077654,0.055089,,,,,,,,,,,,
399433,,,,,,,,,,,,,,,,,,,,-0.046869,-0.994197,1.362202,,,,,,
399436,-0.046853,-0.994125,1.362281,-0.000002,-1.003079,1.570079,0.014421,-0.000907,0.027467,-0.652434,1.065063,1.226455,2.434374,1.563717,0.071027,0.053318,0.000938,-0.047690,0.207798,,,,,,,,,
399444,,,,,,,,,,,,,,,,,,,,-0.046864,-0.993967,1.358669,,,,,,
399448,,,,,,,,,0.054935,0.000000,,,2.592825,1.860255,0.069137,0.050226,,,,,,,,,,,,
399454,,,,,,,,,,,,,,,,,,,,-0.046830,-0.993595,1.355083,,,,,,
399459,,,,,,,,,0.027467,-0.652434,,,2.726146,1.565218,0.067472,0.053108,,,,,,,,,,,,
399464,,,,,,,,,,,,,,,,,,,,-0.046755,-0.993202,1.351504,,,,,,
399468,,,,,,,,,-0.000000,0.000000,,,2.293779,1.316974,0.071550,0.055573,,,,,,,,,,,,
399474,,,,,,,,,,,,,,,,,,,,-0.046654,-0.992797,1.347939,,,,,,
399478,,,,,,,,,0.054935,0.000000,,,2.474528,1.652645,0.069460,0.052131,,,,,,,,,,,,
399484,-0.046547,-0.992396,1.345883,-0.000002,-1.002485,1.570052,0.012704,-0.000655,,,0.849718,1.005507,,,,,0.000546,-0.047622,0.224170,-0.046571,-0.992484,1.344381,,,,,,
399488,,,,,,,,,0.027467,-0.652434,,,2.626611,1.390535,0.065431,0.052465,,,,,,,,,,,,
399494,,,,,,,,,,,,,,,,,,,,-0.046528,-0.992182,1.347936,,,,,,
399499,,,,,,,,,0.027467,-0.652434,,,2.754573,1.714540,0.063770,0.049083,,,,,,,,,,,,
399504,,,,,,,,,,,,,,,,,,,,-0.046482,-0.991961,1.344393,,,,,,
399508,,,,,,,,,0.027467,0.652434,,,2.317698,1.442613,0.067845,0.051715,,,,,,,,,,,,
399513,,,,,,,,,,,,,,,,,,,,-0.046432,-0.991707,1.344415,,,,,,
399518,,,,,,,,,-0.000000,0.000000,,,1.950110,1.213815,0.071301,0.053962,,,,,,,,,,,,
399524,,,,,,,,,,,,,,,,,,,,-0.046313,-0.991243,1.340865,,,,,,
399528,,,,,,,,,0.027467,0.652434,,,1.640823,1.565847,0.074236,0.050329,,,,,,,,,,,,
399534,-0.046234,-0.990916,1.344009,-0.000002,-1.001970,1.570032,0.011075,-0.000462,,,0.499977,0.637658,,,,,-0.000376,-0.047534,0.226023,-0.046232,-0.990903,1.340849,,,,,,
399538,,,,,,,,,0.027467,-0.652434,,,1.925131,1.317503,0.067610,0.048998,,,,,,,,,,,,
399544,,,,,,,,,,,,,,,,,,,,-0.046227,-0.990589,1.337321,,,,,,
399548,,,,,,,,,-0.000000,0.000000,,,1.619805,1.108547,0.070440,0.050994,,,,,,,,,,,,
399554,,,,,,,,,,,,,,,,,,,,-0.046226,-0.990398,1.337321,,,,,,
399559,,,,,,,,,-0.000000,0.000000,,,1.362904,0.932731,0.072836,0.052693,,,,,,,,,,,,
399563,,,,,,,,,,,,,,,,,,,,-0.046192,-0.990199,1.337309,,,,,,
399568,,,,,,,,,0.054935,-1.304868,,,2.235833,0.784800,0.063760,0.054143,,,,,,,,,,,,
399573,,,,,,,,,,,,,,,,,,,,-0.046178,-0.990152,1.337321,,,,,,
399578,,,,,,,,,-0.000000,0.000000,,,1.881230,0.660331,0.067029,0.055383,,,,,,,,,,,,
399583,,,,,,,,,,,,,,,,,,,,-0.046238,-0.990251,1.333811,,,,,,
399586,-0.046238,-0.990307,1.334666,-0.000001,-1.001529,1.570019,0.009540,-0.000316,0.054935,0.000000,0.491150,0.615638,2.127410,1.100145,0.064152,0.050668,-0.000094,-0.047579,0.235353,,,,,,,,,
399593,,,,,,,,,,,,,,,,,,,,-0.046293,-0.990428,1.330340,,,,,,
399598,,,,,,,,,-0.000000,0.000000,,,1.790002,0.925662,0.067266,0.052350,,,,,,,,,,,,
399603,,,,,,,,,,,,,,,,,,,,-0.046229,-0.990265,1.326799,,,,,,
399608,,,,,,,,,-0.000000,0.000000,,,1.506108,0.778852,0.069902,0.053786,,,,,,,,,,,,
399614,,,,,,,,,,,,,,,,,,,,-0.046166,-0.989978,1.326776,,,,,,
399619,,,,,,,,,-0.000000,0.000000,,,1.267239,0.655326,0.072136,0.055013,,,,,,,,,,,,
399624,,,,,,,,,,,,,,,,,,,,-0.046150,-0.989812,1.326778,,,,,,
399628,,,,,,,,,-0.000000,0.000000,,,1.066254,0.551391,0.074031,0.056065,,,,,,,,,,,,
399634,-0.046174,-0.989817,1.327440,-0.000001,-1.001158,1.570011,0.008103,-0.000208,,,0.470170,0.579822,,,,,0.000119,-0.047546,0.242571,-0.046169,-0.989772,1.326778,,,,,,
399638,,,,,,,,,-0.000000,0.000000,,,0.897146,0.463940,0.075426,0.056605,,,,,,,,,,,,
399644,,,,,,,,,,,,,,,,,,,,-0.046191,-0.989880,1.330315,,,,,,
399648,,,,,,,,,-0.000000,0.000000,,,0.754859,0.390359,0.076792,0.057379,,,,,,,,,,,,
399654,,,,,,,,,,,,,,,,,,,,-0.046172,-0.989917,1.330315,,,,,,
399659,,,,,,,,,0.027467,0.652434,,,0.635138,0.872992,0.077957,0.052494,,,,,,,,,,,,
399663,,,,,,,,,,,,,,,,,,,,-0.046178,-0.989923,1.333864,,,,,,
399668,,,,,,,,,-0.000000,0.000000,,,0.534405,0.734535,0.078951,0.053847,,,,,,,,,,,,
399674,,,,,,,,,,,,,,,,,,,,-0.046140,-0.989784,1.333869,,,,,,
399678,,,,,,,,,-0.000000,0.000000,,,0.449648,0.618038,0.079803,0.055005,,,,,,,,,,,,
399684,-0.046111,-0.989701,1.336527,-0.000001,-1.000851,1.570007,0.006768,-0.000132,,,0.327606,0.415659,,,,,-0.000142,-0.047439,0.233480,-0.046105,-0.989690,1.337359,,,,,,
399688,,,,,,,,,-0.000000,0.000000,,,0.378334,0.520017,0.079080,0.054322,,,,,,,,,,,,
399694,,,,,,,,,,,,,,,,,,,,-0.046086,-0.989599,1.337394,,,,,,
399698,,,,,,,,,-0.000000,0.000000,,,0.318330,0.437542,0.079682,0.055143,,,,,,,,,,,,
399704,,,,,,,,,,,,,,,,,,,,-0.046073,-0.989549,1.337389,,,,,,
399708,,,,,,,,,0.054935,0.000000,,,0.812386,0.912691,0.074645,0.050292,,,,,,,,,,,,
399714,,,,,,,,,,,,,,,,,,,,-0.046050,-0.989467,1.337394,,,,,,
399719,,,,,,,,,-0.000000,0.000000,,,0.683542,0.767938,0.075862,0.051669,,,,,,,,,,,,
399724,,,,,,,,,,,,,,,,,,,,-0.046031,-0.989416,1.337394,,,,,,
399728,,,,,,,,,-0.000000,0.000000,,,0.575132,0.646143,0.076896,0.052841,,,,,,,,,,,,
399734,-0.046007,-0.989378,1.337292,-0.000000,-1.000602,1.570004,0.005540,-0.000079,,,0.223862,0.295844,,,,,-0.000274,-0.047355,0.232712,-0.045997,-0.989348,1.337362,,,,,,
399738,,,,,,,,,-0.000000,0.000000,,,0.483916,0.543665,0.076719,0.052618,,,,,,,,,,,,
399744,,,,,,,,,,,,,,,,,,,,-0.046002,-0.989351,1.337362,,,,,,
399748,,,,,,,,,-0.000000,0.000000,,,0.407167,0.457439,0.077450,0.053448,,,,,,,,,,,,
399754,,,,,,,,,,,,,,,,,,,,-0.046020,-0.989366,1.337394,,,,,,
399758,,,,,,,,,-0.000000,0.000000,,,0.342590,0.384889,0.078072,0.054155,,,,,,,,,,,,
399764,,,,,,,,,,,,,,,,,,,,-0.045995,-0.989356,1.337362,,,,,,
399768,,,,,,,,,-0.000000,0.000000,,,0.288255,0.323846,0.078602,0.054760,,,,,,,,,,,,
399774,,,,,,,,,,,,,,,,,,,,-0.045985,-0.989343,1.337362,,,,,,
399804,-0.045987,-0.989346,1.337356,-0.000000,-1.000407,1.570002,0.004424,-0.000045,-0.000000,0.000000,0.205636,0.263203,,,,,-0.000123,-0.047298,0.232646,,,,,,,,,
399807,,,,,,,,,-0.000000,0.000000,,,0.144473,0.162311,0.079870,0.056088,,,,-0.045983,-0.989333,1.337362,,,,,,
399818,,,,,,,,,-0.000000,0.000000,,,0.121560,0.136569,0.080116,0.056371,,,,,,,,,,,,
399824,,,,,,,,,,,,,,,,,,,,-0.045969,-0.989318,1.337362,,,,,,
399828,,,,,,,,,-0.000000,0.000000,,,0.102280,0.114909,0.080329,0.056617,,,,,,,,,,,,
399834,,,,,,,,,,,,,,,,,,,,-0.045967,-0.989309,1.337362,,,,,,
399839,-0.045969,-0.989312,1.337362,-0.000000,-1.000258,1.570001,0.003422,-0.000023,-0.000000,0.000000,,,0.086059,0.096684,0.080515,0.056833,,,,,,,,,,,,
399842,,,,,,,,,,,0.181380,0.225974,,,,,-0.000016,-0.047254,0.232639,-0.045981,-0.989271,1.340923,,,,,,
399848,,,,,,,,,-0.000000,0.000000,,,0.072410,0.081350,0.080431,0.056643,,,,,,,,,,,,
399854,,,,,,,,,,,,,,,,,,,,-0.045980,-0.989269,1.340892,,,,,,
399858,,,,,,,,,-0.000000,0.000000,,,0.060926,0.068448,0.080570,0.056803,,,,,,,,,,,,
399864,,,,,,,,,,,,,,,,,,,,-0.045978,-0.989249,1.340923,,,,,,
399868,,,,,,,,,-0.000000,0.000000,,,0.051263,0.057592,0.080693,0.056946,,,,,,,,,,,,
399873,,,,,,,,,,,,,,,,,,,,-0.045966,-0.989219,1.340892,,,,,,
399878,,,,,,,,,-0.000000,0.000000,,,0.043132,0.048458,0.080802,0.057072,,,,,,,,,,,,
399884,-0.045945,-0.989182,1.340621,-0.000000,-1.000150,1.570001,0.002540,-0.000011,,,0.082910,0.115535,,,,,-0.000197,-0.047235,0.229381,-0.045943,-0.989170,1.340919,,,,,,
399888,,,,,,,,,-0.000000,0.000000,,,0.036292,0.040773,0.079895,0.056060,,,,,,,,,,,,
399894,,,,,,,,,,,,,,,,,,,,-0.045939,-0.989141,1.340919,,,,,,
399899,,,,,,,,,-0.000000,0.000000,,,0.030536,0.034306,0.079963,0.056141,,,,,,,,,,,,
399904,,,,,,,,,,,,,,,,,,,,-0.045937,-0.989126,1.340889,,,,,,
399908,,,,,,,,,-0.000000,0.000000,,,0.025693,0.028865,0.080023,0.056213,,,,,,,,,,,,
399914,,,,,,,,,,,,,,,,,,,,-0.045943,-0.989146,1.340919,,,,,,
399918,,,,,,,,,-0.000000,0.000000,,,0.021618,0.024287,0.080076,0.056277,,,,,,,,,,,,
399923,,,,,,,,,,,,,,,,,,,,-0.045947,-0.989167,1.344454,,,,,,
399928,,,,,,,,,-0.000000,0.000000,,,0.018189,0.020435,0.080123,0.056334,,,,,,,,,,,,
399934,-0.045948,-0.989160,1.340894,-0.000000,-1.000078,1.570001,0.001782,-0.000005,,,0.051938,0.074811,,,,,-0.000160,-0.047227,0.229107,-0.045948,-0.989158,1.340919,,,,,,
399942,,,,,,,,,-0.000000,0.000000,,,0.015304,0.017194,0.079849,0.055971,,,,-0.045942,-0.989149,1.344454,,,,,,
399948,,,,,,,,,-0.000000,0.000000,,,0.012877,0.014467,0.079881,0.056010,,,,,,,,,,,,
399953,,,,,,,,,,,,,,,,,,,,-0.045937,-0.989146,1.340919,,,,,,
399958,,,,,,,,,-0.000000,0.000000,,,0.010835,0.012173,0.079910,0.056046,,,,,,,,,,,,
399964,,,,,,,,,,,,,,,,,,,,-0.045936,-0.989153,1.340919,,,,,,
399968,,,,,,,,,-0.000000,0.000000,,,0.009116,0.010242,0.079936,0.056078,,,,,,,,,,,,
399973,,,,,,,,,,,,,,,,,,,,-0.045938,-0.989156,1.340919,,,,,,
399978,,,,,,,,,-0.000000,0.000000,,,0.007671,0.008618,0.079959,0.056107,,,,,,,,,,,,
399983,-0.045939,-0.989156,1.340917,-0.000000,-1.000033,1.570001,0.001152,-0.000002,,,,,,,,,,,,-0.045939,-0.989156,1.340919,,,,,,
399986,,,,,,,,,-0.000000,0.000000,0.028096,0.042889,0.006454,0.007251,0.079737,0.055809,-0.000123,-0.047209,0.229084,,,,,,,,,
399993,,,,,,,,,,,,,,,,,,,,-0.045941,-0.989153,1.340919,,,,,,
399999,,,,,,,,,-0.000000,0.000000,,,0.005430,0.006101,0.079752,0.055828,,,,,,,,,,,,
400004,,,,,,,,,,,,,,,,,,,,-0.045943,-0.989150,1.340919,,,,,,
400008,,,,,,,,,-0.000000,0.000000,,,0.004569,0.005133,0.079765,0.055845,,,,,,,,,,,,
400014,,,,,,,,,,,,,,,,,,,,-0.045942,-0.989136,1.340919,,,,,,
400018,,,,,,,,,-0.000000,0.000000,,,0.003844,0.004319,0.079777,0.055861,,,,,,,,,,,,
400024,,,,,,,,,,,,,,,,,,,,-0.045939,-0.989144,1.340919,,,,,,
400028,,,,,,,,,-0.000000,0.000000,,,0.003235,0.003634,0.079788,0.055876,,,,,,,,,,,,
400034,-0.045934,-0.989133,1.340919,-0.000000,-1.000010,1.570001,0.000655,-0.000000,,,0.000675,0.009092,,,,,-0.000124,-0.047204,0.229082,-0.045934,-0.989131,1.340919,,,,,,
400041,,,,,,,,,-0.000000,0.000000,,,0.002722,0.003058,0.079519,0.055545,,,,,,,,,,,,
400044,,,,,,,,,,,,,,,,,,,,-0.045933,-0.989147,1.340919,,,,,,
400048,,,,,,,,,-0.000000,0.000000,,,0.002290,0.002573,0.079523,0.055551,,,,,,,,,,,,
400054,,,,,,,,,,,,,,,,,,,,-0.045934,-0.989150,1.340919,,,,,,
400058,,,,,,,,,-0.000000,0.000000,,,0.001927,0.002165,0.079526,0.055556,,,,,,,,,,,,
400064,,,,,,,,,,,,,,,,,,,,-0.045936,-0.989144,1.340919,,,,,,
400068,,,,,,,,,-0.000000,0.000000,,,0.001621,0.001821,0.079529,0.055561,,,,,,,,,,,,
400074,,,,,,,,,,,,,,,,,,,,-0.045944,-0.989148,1.340919,,,,,,
400078,,,,,,,,,-0.000000,0.000000,,,0.001364,0.001533,0.079532,0.055565,,,,,,,,,,,,
400085,-0.045943,-0.989147,1.340919,-0.000000,-1.000001,1.570001,0.000294,-0.000000,,,-0.012076,-0.008298,,,,,-0.000100,-0.047207,0.229082,-0.045942,-0.989150,1.344454,,,,,,
400088,,,,,,,,,-0.000000,0.000000,,,0.001148,0.001289,0.079404,0.055392,,,,,,,,,,,,
400094,,,,,,,,,,,,,,,,,,,,-0.045940,-0.989146,1.340919,,,,,,
400110,,,,,,,,,-0.000000,0.000000,,,0.000813,0.000913,0.079402,0.055392,,,,-0.045936,-0.989131,1.340919,,,,,,
400114,,,,,,,,,,,,,,,,,,,,-0.045932,-0.989128,1.340919,,,,,,
400118,,,,,,,,,-0.000000,0.000000,,,0.000684,0.000768,0.079401,0.055392,,,,,,,,,,,,
400124,,,,,,,,,,,,,,,,,,,,-0.045935,-0.989143,1.340919,,,,,,
400128,,,,,,,,,-0.000000,0.000000,,,0.000575,0.000646,0.079399,0.055391,,,,,,,,,,,,
400134,-0.045937,-0.989146,1.340919,0.000000,-1.000000,1.570001,0.000074,-0.000000,,,-0.024556,-0.023605,,,,,-0.000102,-0.047201,0.229082,-0.045936,-0.989146,1.340919,,,,,,
400141,,,,,,,,,-0.000000,0.000000,,,0.000484,0.000544,0.079270,0.055234,,,,,,,,,,,,
400144,,,,,,,,,,,,,,,,,,,,-0.045927,-0.989136,1.340892,,,,,,
400148,,,,,,,,,-0.000000,0.000000,,,0.000407,0.000458,0.079266,0.055230,,,,,,,,,,,,
400154,,,,,,,,,,,,,,,,,,,,-0.045923,-0.989162,1.340919,,,,,,
400158,,,,,,,,,-0.000000,0.000000,,,0.000343,0.000385,0.079262,0.055226,,,,,,,,,,,,
400164,,,,,,,,,,,,,,,,,,,,-0.045917,-0.989168,1.340892,,,,,,
400168,,,,,,,,,-0.000000,0.000000,,,0.000288,0.000324,0.079257,0.055222,,,,,,,,,,,,
400174,,,,,,,,,,,,,,,,,,,,-0.045918,-0.989170,1.340919,,,,,,
400178,,,,,,,,,-0.000000,0.000000,,,0.000243,0.000273,0.079253,0.055218,,,,,,,,,,,,
400184,-0.045913,-0.989158,1.340894,0.000000,-1.000000,1.570001,0.000074,-0.000000,,,-0.022429,-0.021478,,,,,-0.000094,-0.047176,0.229107,-0.045911,-0.989159,1.340892,,,,,,
400188,,,,,,,,,,,,,,,0.079270,0.055235,,,,,,,,,,,,
