ts,x,y,yaw,x_des,y_des,yaw_des,v_ff,w_ff,v_actual,w_actual,omega_l_cmd,omega_r_cmd,omega_l_meas,omega_r_meas,duty_l,duty_r,x_err,y_err,yaw_err,x_raw,y_raw,yaw_raw,acc_x,acc_y,acc_z,gyro_x,gyro_y,gyro_z
676871,,,,,,,,,-0.000000,0.000000,,,0.000000,0.000000,0.000000,0.000000,,,,,,,,,,,,
676877,-0.051208,-0.991768,0.697687,-0.000376,-0.988346,1.630194,0.178143,1.284314,,,10.395752,26.020353,,,,,0.041153,-0.030035,0.932507,,,,,,,,,
676881,,,,,,,,,-0.000000,0.000000,,,0.000000,0.000000,0.106037,0.265408,,,,,,,,,,,,
676884,-0.051208,-0.991768,0.697687,-0.000376,-0.988346,1.630194,0.178143,1.284314,,,10.395752,26.020353,,,,,0.041153,-0.030035,0.932507,,,,,,,,,
676891,,,,,,,,,0.109870,1.304868,,,0.544543,1.633630,0.102561,0.253949,,,,-0.051211,-0.991764,0.697670,,,,,,
676899,,,,,,,,,0.137337,1.957303,,,1.002722,3.552709,0.099858,0.239251,,,,-0.051212,-0.991764,0.697670,,,,,,
676907,,,,,,,,,,,,,,,,,,,,-0.051183,-0.991734,0.703600,,,,,,
676911,,,,,,,,,0.137337,3.262171,,,0.843690,5.711965,0.103359,0.221720,,,,,,,,,,,,
676915,,,,,,,,,,,,,,,,,,,,-0.050876,-0.991518,0.715392,,,,,,
676920,-0.050653,-0.991326,0.722002,-0.001836,-0.971674,1.682211,0.286078,1.123658,0.164805,2.609737,13.929974,34.486557,0.709881,6.984219,0.142683,0.299160,0.049624,-0.017514,0.960209,,,,,,,,,
676923,,,,,,,,,,,,,,,,,,,,-0.051205,-0.991761,0.697687,,,,,,
676930,,,,,,,,,0.164805,3.914605,,,1.141837,9.143781,0.140921,0.282633,,,,-0.050268,-0.991023,0.727272,,,,,,
676938,,,,,,,,,,,,,,,,,,,,-0.049503,-0.990424,0.742138,,,,,,
676941,,,,,,,,,0.192272,3.262171,,,1.505284,11.505379,0.139772,0.263614,,,,,,,,,,,,
676945,,,,,,,,,,,,,,,,,,,,-0.048455,-0.989708,0.762933,,,,,,
676951,,,,,,,,,0.274675,5.219473,,,1.811089,14.036970,0.139138,0.242388,,,,-0.051214,-0.991762,0.697670,,,,,,
676961,,,,,,,,,0.192272,4.567039,,,1.523850,15.622507,0.144491,0.230305,,,,-0.047270,-0.988841,0.789818,,,,,,
676970,-0.047006,-0.988460,0.803246,-0.004685,-0.950614,1.725241,0.381561,0.954157,0.164805,2.609737,18.248840,42.419342,1.826711,16.412035,0.187936,0.306939,0.056621,-0.004176,0.921995,-0.045930,-0.987674,0.825938,,,,,,
676976,,,,,,,,,,,,,,,,,,,,-0.044391,-0.986328,0.865380,,,,,,
676981,,,,,,,,,0.357077,5.871907,,,2.626081,19.799059,0.183067,0.277593,,,,,,,,,,,,
676990,,,,,,,,,0.274675,5.219473,,,2.754127,21.559814,0.184885,0.264157,,,,-0.042600,-0.984833,0.905213,,,,,,
676998,,,,,,,,,,,,,,,,,,,,-0.040755,-0.983113,0.945404,,,,,,
677001,,,,,,,,,0.357077,4.567039,,,3.950952,23.041313,0.175776,0.253218,,,,,,,,,,,,
677006,,,,,,,,,,,,,,,,,,,,-0.038923,-0.981018,0.992325,,,,,,
677011,,,,,,,,,0.329610,5.219473,,,4.413417,25.376932,0.173919,0.233270,,,,,,,,,,,,
677020,-0.038772,-0.980535,0.998356,-0.009029,-0.925637,1.758086,0.467199,0.762906,0.357077,4.567039,26.478338,50.882893,5.347078,25.163950,0.251103,0.325179,0.062258,0.004736,0.759730,-0.037043,-0.978564,1.039902,,,,,,
677028,,,,,,,,,,,,,,,,,,,,-0.035176,-0.975969,1.081574,,,,,,
677031,,,,,,,,,0.412012,4.567039,,,6.677204,28.796549,0.241762,0.293271,,,,,,,,,,,,
677035,,,,,,,,,,,,,,,,,,,,-0.033287,-0.972927,1.127125,,,,,,
677041,,,,,,,,,0.466947,4.567039,,,7.796371,30.219387,0.234307,0.283175,,,,,,,,,,,,
677049,,,,,,,,,0.466947,4.567039,,,9.827125,32.505650,0.217330,0.263988,,,,-0.031437,-0.969436,1.173300,,,,,,
677057,,,,,,,,,,,,,,,,,,,,-0.029560,-0.966029,1.216912,,,,,,
677061,,,,,,,,,0.494415,5.219474,,,10.991258,33.884769,0.208786,0.253596,,,,,,,,,,,,
677070,-0.029440,-0.965374,1.220469,-0.014805,-0.897035,1.779629,0.545988,0.547042,0.521882,3.262171,37.724377,59.060863,11.970758,33.956074,0.316602,0.339684,0.069211,0.009709,0.559160,-0.027620,-0.961998,1.257627,,,,,,
677079,,,,,,,,,0.549350,3.914606,,,14.973083,37.283329,0.291129,0.310767,,,,-0.025766,-0.957751,1.302606,,,,,,
677088,,,,,,,,,,,,,,,,,,,,-0.024001,-0.953080,1.341058,,,,,,
677091,,,,,,,,,0.604285,3.914605,,,16.954697,38.993793,0.275467,0.297676,,,,,,,,,,,,
677100,,,,,,,,,0.686687,3.262170,,,19.711111,40.432976,0.251505,0.287009,,,,-0.022450,-0.948167,1.376622,,,,,,
677110,,,,,,,,,0.659220,2.609737,,,22.030357,41.643906,0.231452,0.278383,,,,-0.022450,-0.948167,1.376622,,,,,,
677118,-0.020881,-0.942266,1.410985,-0.021809,-0.864917,1.789212,0.620786,0.312391,,,49.302677,65.682365,,,,,0.076216,0.013225,0.378227,-0.020931,-0.943051,1.416489,,,,,,
677121,,,,,,,,,0.659220,2.609737,,,23.437229,43.207325,0.338339,0.333459,,,,,,,,,,,,
677129,,,,,,,,,0.659220,2.609737,,,25.710056,43.978241,0.320329,0.330091,,,,-0.019458,-0.937299,1.453100,,,,,,
677133,,,,,,,,,,,,,,,,,,,,-0.018264,-0.931415,1.486735,,,,,,
677141,,,,,,,,,0.769089,2.609737,,,27.622414,45.715977,0.305542,0.316707,,,,-0.017113,-0.924965,1.520726,,,,,,
677149,,,,,,,,,0.769089,2.609737,,,29.776014,47.178108,0.287911,0.305786,,,,-0.016296,-0.918419,1.551564,,,,,,
677157,,,,,,,,,,,,,,,,,,,,-0.015727,-0.911539,1.582501,,,,,,
677161,,,,,,,,,0.824024,2.609737,,,32.132595,48.408344,0.267779,0.296939,,,,,,,,,,,,
677170,-0.015843,-0.910675,1.579052,-0.029719,-0.829246,1.786863,0.694035,0.071010,0.824024,2.609737,60.524410,70.230042,32.481792,47.265293,0.382113,0.358439,0.081541,0.013203,0.207811,-0.015426,-0.904311,1.605720,,,,,,
677178,,,,,,,,,,,,,,,,,,,,-0.015191,-0.896927,1.632483,,,,,,
677181,,,,,,,,,0.796557,1.957302,,,36.587410,51.748962,0.345844,0.317299,,,,,,,,,,,,
677188,,,,,,,,,,,,,,,,,,,,-0.015115,-0.889384,1.658879,,,,,,
677191,,,,,,,,,0.988829,0.000000,,,40.041878,53.343349,0.315396,0.304732,,,,,,,,,,,,
677200,,,,,,,,,0.878959,2.609737,,,41.859379,54.140324,0.300954,0.299980,,,,-0.015313,-0.881787,1.681293,,,,,,
677208,,,,,,,,,,,,,,,,,,,,-0.015607,-0.873598,1.707124,,,,,,
677211,,,,,,,,,0.906427,0.652435,,,43.933167,55.355438,0.283535,0.290804,,,,,,,,,,,,
677220,-0.015748,-0.872908,1.699109,-0.038114,-0.789875,1.773337,0.767646,-0.162389,0.933894,1.304869,70.301392,73.321983,42.955334,53.655121,0.396552,0.342660,0.085212,0.011557,0.074228,-0.016312,-0.864882,1.725443,,,,,,
677229,,,,,,,,,0.906427,1.957303,,,47.033478,57.125362,0.360424,0.311197,,,,-0.017089,-0.856610,1.739980,,,,,,
677237,,,,,,,,,,,,,,,,,,,,-0.018156,-0.848035,1.758007,,,,,,
677241,,,,,,,,,1.016297,-0.652434,,,49.920284,57.867050,0.335632,0.306871,,,,,,,,,,,,
677251,,,,,,,,,1.016297,0.652434,,,51.804699,59.035648,0.320487,0.298042,,,,-0.019313,-0.838988,1.768708,,,,,,
677259,,,,,,,,,0.933894,0.000000,,,52.845703,59.474365,0.313569,0.296425,,,,-0.020810,-0.829799,1.782934,,,,,,
677266,,,,,,,,,,,,,,,,,,,,-0.022642,-0.819967,1.790110,,,,,,
677270,-0.022592,-0.820527,1.782472,-0.046502,-0.746596,1.749995,0.842989,-0.374039,1.043764,0.000000,76.144989,72.656761,52.087971,57.665329,0.384393,0.310861,0.077304,0.007843,-0.032477,,,,,,,,,
677281,,,,,,,,,1.071232,0.652434,,,56.351303,61.588638,0.345719,0.273842,,,,-0.024449,-0.810565,1.797221,,,,,,
677288,,,,,,,,,,,,,,,,,,,,-0.026550,-0.801021,1.800779,,,,,,
677291,,,,,,,,,1.016297,-0.652434,,,58.304844,62.166992,0.329751,0.270156,,,,,,,,,,,,
677296,,,,,,,,,,,,,,,,,,,,-0.028518,-0.791488,1.804194,,,,,,
677301,,,,,,,,,1.098699,-1.304869,,,59.948551,62.109077,0.316554,0.272845,,,,,,,,,,,,
677310,,,,,,,,,0.988829,-1.304868,,,61.331566,62.060349,0.305686,0.275451,,,,-0.030998,-0.781480,1.804262,,,,,,
677318,-0.033186,-0.771215,1.790529,-0.054341,-0.699187,1.718589,0.920912,-0.553737,,,81.950851,75.000549,,,,,0.074907,0.004947,-0.071940,-0.033322,-0.771149,1.797239,,,,,,
677321,,,,,,,,,1.071232,-0.652434,,,59.227974,59.841175,0.389325,0.324113,,,,,,,,,,,,
677329,,,,,,,,,1.016297,-0.652434,,,62.903446,62.874851,0.356380,0.296201,,,,-0.035845,-0.760866,1.790159,,,,,,
677340,,,,,,,,,1.098699,0.000000,,,64.362358,63.793755,0.345308,0.289253,,,,-0.038213,-0.750514,1.779477,,,,,,
677347,,,,,,,,,,,,,,,,,,,,-0.040404,-0.740290,1.772339,,,,,,
677351,,,,,,,,,1.181102,-1.957302,,,66.134430,64.022377,0.330751,0.289163,,,,,,,,,,,,
677361,,,,,,,,,1.098699,-1.304869,,,67.625450,64.214737,0.318706,0.289396,,,,-0.042672,-0.729882,1.757987,,,,,,
677370,-0.042745,-0.728823,1.755248,-0.061061,-0.647458,1.681023,1.001749,-0.696081,0.796557,-1.957302,90.005959,81.749107,65.612740,61.653877,0.424263,0.386510,0.083344,0.003082,-0.074225,-0.045066,-0.718716,1.743608,,,,,,
677377,,,,,,,,,,,,,,,,,,,,-0.047392,-0.707188,1.729080,,,,,,
677381,,,,,,,,,1.483244,-1.304866,,,70.453758,65.489143,0.379763,0.351409,,,,,,,,,,,,
677388,,,,,,,,,,,,,,,,,,,,-0.049296,-0.696257,1.710791,,,,,,
677391,,,,,,,,,1.071232,-0.652434,,,69.626106,65.448875,0.392115,0.355072,,,,,,,,,,,,
677399,,,,,,,,,1.181102,-0.652433,,,71.107887,66.504082,0.381077,0.347569,,,,-0.051077,-0.685180,1.696126,,,,,,
677407,,,,,,,,,,,,,,,,,,,,-0.052776,-0.673620,1.677596,,,,,,
677411,,,,,,,,,1.236037,-3.262171,,,72.899200,67.391937,0.366586,0.341562,,,,,,,,,,,,
677420,-0.052502,-0.673097,1.670441,-0.066091,-0.591288,1.639138,1.085320,-0.800367,1.236036,-0.652434,94.160454,87.987946,74.406418,68.683517,0.397009,0.394895,0.082755,0.005383,-0.031302,-0.054176,-0.661735,1.662657,,,,,,
677429,,,,,,,,,1.318439,-1.304869,,,75.674591,69.770256,0.388025,0.387671,,,,-0.055400,-0.649932,1.643855,,,,,,
677436,,,,,,,,,,,,,,,,,,,,-0.056545,-0.637441,1.628684,,,,,,
677441,,,,,,,,,1.263504,-1.304869,,,77.286171,71.229179,0.375284,0.376434,,,,,,,,,,,,
677450,,,,,,,,,1.126167,-0.652435,,,75.919441,70.823090,0.392599,0.383928,,,,-0.057495,-0.625029,1.605716,,,,,,
677458,,,,,,,,,,,,,,,,,,,,-0.058267,-0.612281,1.590256,,,,,,
677461,,,,,,,,,1.318439,0.000000,,,77.492188,72.659576,0.380205,0.368628,,,,,,,,,,,,
677466,,,,,,,,,,,,,,,,,,,,-0.058833,-0.599986,1.578610,,,,,,
677470,-0.058813,-0.600612,1.586314,-0.068880,-0.530647,1.594562,1.170943,-0.869581,1.428309,-1.304868,94.717926,91.083649,76.092781,70.937538,0.403499,0.420835,0.070113,0.008980,0.008248,,,,,,,,,
677480,,,,,,,,,1.345907,-1.957305,,,81.449837,76.023132,0.352582,0.372991,,,,-0.059220,-0.587482,1.567196,,,,,,
677488,,,,,,,,,,,,,,,,,,,,-0.059375,-0.574674,1.555840,,,,,,
677491,,,,,,,,,1.153634,0.000000,,,79.967293,75.401260,0.370358,0.382346,,,,,,,,,,,,
677495,,,,,,,,,,,,,,,,,,,,-0.059471,-0.560856,1.543958,,,,,,
677501,,,,,,,,,1.318439,0.000000,,,80.898048,76.511650,0.363814,0.374157,,,,,,,,,,,,
677510,,,,,,,,,1.428309,0.000000,,,82.225731,77.990471,0.353036,0.361987,,,,-0.059420,-0.547414,1.536248,,,,,,
677517,,,,,,,,,,,,,,,,,,,,-0.059209,-0.533635,1.528570,,,,,,
677520,-0.059242,-0.533263,1.533415,-0.068920,-0.465625,1.548635,1.257475,-0.908977,1.400841,-0.652435,99.036407,95.945847,82.798302,79.234749,0.393743,0.401509,0.067229,0.012199,0.015220,,,,,,,,,
677531,,,,,,,,,1.345907,-0.652434,,,83.824608,80.281685,0.386522,0.394172,,,,-0.058857,-0.519734,1.520920,,,,,,
677540,,,,,,,,,1.483244,-1.304866,,,85.232681,81.707123,0.375202,0.382766,,,,-0.058319,-0.506068,1.509493,,,,,,
677548,,,,,,,,,,,,,,,,,,,,-0.057631,-0.492400,1.505856,,,,,,
677551,,,,,,,,,1.126167,-0.652435,,,83.694717,79.639229,0.393650,0.406706,,,,,,,,,,,,
677556,,,,,,,,,,,,,,,,,,,,-0.056873,-0.479005,1.502355,,,,,,
677561,,,,,,,,,1.538179,0.000000,,,85.123390,81.711105,0.382146,0.388834,,,,,,,,,,,,
677570,-0.056815,-0.477109,1.504961,-0.065768,-0.396432,1.502387,1.343390,-0.924698,1.043764,0.000000,108.677437,104.196907,82.513672,79.642578,0.509886,0.496941,0.079913,0.014241,-0.002574,-0.055685,-0.464668,1.498278,,,,,,
677578,,,,,,,,,,,,,,,,,,,,-0.054517,-0.450225,1.490819,,,,,,
677581,,,,,,,,,1.895256,0.652433,,,87.941460,85.525726,0.459755,0.441844,,,,,,,,,,,,
677586,,,,,,,,,,,,,,,,,,,,-0.053240,-0.435821,1.490574,,,,,,
677591,,,,,,,,,1.510712,-1.957302,,,89.785683,86.664001,0.445091,0.433967,,,,,,,,,,,,
677600,,,,,,,,,1.648049,0.000000,,,91.337418,88.710831,0.433042,0.416596,,,,-0.051847,-0.420789,1.486681,,,,,,
677608,,,,,,,,,,,,,,,,,,,,-0.050607,-0.405883,1.486744,,,,,,
677611,,,,,,,,,1.208569,-1.304866,,,89.375786,86.621231,0.456519,0.441007,,,,,,,,,,,,
677615,,,,,,,,,,,,,,,,,,,,-0.049387,-0.390549,1.483055,,,,,,
677620,-0.049529,-0.392765,1.479421,-0.059060,-0.323400,1.456573,1.426896,-0.922710,1.648049,0.000000,111.441406,105.239754,87.180725,84.863045,0.510961,0.473093,0.068206,0.015821,-0.022849,,,,,,,,,
677629,,,,,,,,,1.538179,0.000000,,,93.501953,91.007309,0.451337,0.414497,,,,-0.048062,-0.375142,1.483064,,,,,,
677637,,,,,,,,,,,,,,,,,,,,-0.046525,-0.360119,1.475634,,,,,,
677641,,,,,,,,,1.675516,-1.957302,,,95.553368,92.365288,0.434000,0.403492,,,,,,,,,,,,
677648,,,,,,,,,,,,,,,,,,,,-0.045046,-0.344290,1.468244,,,,,,
677651,,,,,,,,,1.373374,2.609737,,,92.923080,91.874268,0.464007,0.411075,,,,,,,,,,,,
677659,,,,,,,,,1.648049,-1.304868,,,95.066307,93.094749,0.445849,0.401299,,,,-0.043229,-0.328603,1.464692,,,,,,
677667,,,,,,,,,,,,,,,,,,,,-0.041473,-0.312699,1.453374,,,,,,
677670,-0.041315,-0.312553,1.450093,-0.048529,-0.246972,1.411713,1.506065,-0.908155,1.648049,-1.304868,115.982239,108.269737,92.513268,90.309860,0.521482,0.463040,0.064236,0.015058,-0.038381,,,,,,,,,
677681,,,,,,,,,1.648049,0.000000,,,100.711472,96.679344,0.442554,0.401663,,,,-0.039546,-0.296292,1.445897,,,,,,
677688,,,,,,,,,,,,,,,,,,,,-0.037440,-0.279853,1.434930,,,,,,
677691,,,,,,,,,1.757919,-2.609739,,,101.074913,97.137741,0.441901,0.399306,,,,,,,,,,,,
677696,,,,,,,,,,,,,,,,,,,,-0.035337,-0.263403,1.416364,,,,,,
677701,,,,,,,,,1.620581,-1.957303,,,102.469803,97.523438,0.430655,0.397598,,,,,,,,,,,,
677710,,,,,,,,,1.510711,-0.652434,,,100.920746,96.214333,0.449158,0.413100,,,,-0.033300,-0.247301,1.402029,,,,,,
677718,-0.030544,-0.230853,1.390023,-0.034010,-0.167691,1.368159,1.578967,-0.885073,,,119.012199,112.910805,,,,,0.061510,0.014766,-0.021863,-0.030518,-0.230222,1.387504,,,,,,
677721,,,,,,,,,1.702984,-1.304869,,,97.983742,93.479218,0.513033,0.490748,,,,,,,,,,,,
677726,,,,,,,,,,,,,,,,,,,,-0.028142,-0.213137,1.373191,,,,,,
677731,,,,,,,,,1.757919,-1.304868,,,104.769775,99.346046,0.448021,0.434793,,,,,,,,,,,,
677741,,,,,,,,,1.730451,-3.262171,,,106.123199,99.926048,0.437065,0.431590,,,,-0.025042,-0.196315,1.351748,,,,,,
677749,,,,,,,,,1.730451,-0.652434,,,107.261971,100.958603,0.428027,0.423655,,,,-0.021507,-0.180072,1.334108,,,,,,
677757,,,,,,,,,,,,,,,,,,,,-0.017699,-0.163219,1.316658,,,,,,
677761,,,,,,,,,1.785386,0.652434,,,108.220131,102.371941,0.420604,0.411629,,,,,,,,,,,,
677770,-0.017489,-0.161515,1.325547,-0.015447,-0.086170,1.326139,1.643806,-0.856364,0.878959,-1.304869,125.233253,121.634697,100.313637,94.848427,0.566863,0.579461,0.073586,0.016313,0.000591,-0.013823,-0.146312,1.306066,,,,,,
677779,,,,,,,,,2.142463,0.000000,,,105.096519,101.042641,0.523062,0.521637,,,,-0.009786,-0.129281,1.288546,,,,,,
677787,,,,,,,,,,,,,,,,,,,,-0.005338,-0.111592,1.271230,,,,,,
677791,,,,,,,,,1.867789,1.304868,,,106.942665,102.987190,0.508258,0.505921,,,,,,,,,,,,
677801,,,,,,,,,1.895256,-3.262171,,,110.129646,105.167877,0.479409,0.487407,,,,-0.000439,-0.094309,1.254038,,,,,,
677809,,,,,,,,,1.510712,1.957302,,,106.276649,103.735451,0.521730,0.505311,,,,0.004887,-0.077236,1.237056,,,,,,
677816,,,,,,,,,,,,,,,,,,,,0.010001,-0.060255,1.226965,,,,,,
677820,0.009028,-0.062555,1.243421,0.007108,-0.003076,1.285812,1.699018,-0.823915,1.950191,-0.652435,121.092361,122.426994,109.024712,106.342003,0.455254,0.490386,0.055703,0.020944,0.042391,,,,,,,,,
677827,,,,,,,,,,,,,,,,,,,,0.010001,-0.060255,1.226965,,,,,,
677831,,,,,,,,,1.785386,-0.652434,,,110.247849,107.446075,0.445192,0.482341,,,,,,,,,,,,
677835,,,,,,,,,,,,,,,,,,,,0.015722,-0.042910,1.216667,,,,,,
677841,,,,,,,,,1.950191,-1.957302,,,111.276993,108.919586,0.436864,0.470308,,,,0.021798,-0.024689,1.196464,,,,,,
677851,,,,,,,,,2.005126,0.652434,,,113.232002,110.703934,0.418886,0.454809,,,,0.028001,-0.007020,1.183128,,,,,,
677859,,,,,,,,,1.840321,0.652435,,,114.332405,112.205284,0.409234,0.441840,,,,0.034697,0.010356,1.176483,,,,,,
677869,0.041001,0.027165,1.178856,0.033496,0.080902,1.247301,1.743348,-0.788767,,,119.420288,124.310486,,,,,0.046796,0.027463,0.068445,0.041283,0.027380,1.169969,,,,,,
677872,,,,,,,,,0.878959,0.000000,,,105.456505,103.666748,0.484065,0.550189,,,,,,,,,,,,
677881,,,,,,,,,2.087528,1.304869,,,108.879189,107.917831,0.451946,0.510957,,,,0.048249,0.044838,1.163369,,,,,,
677889,,,,,,,,,1.867789,0.000000,,,110.125404,109.861061,0.441343,0.494414,,,,0.056040,0.063627,1.163178,,,,,,
677896,,,,,,,,,,,,,,,,,,,,0.063404,0.081044,1.166540,,,,,,
677901,,,,,,,,,1.977659,0.000000,,,111.718513,112.040634,0.426952,0.475072,,,,,,,,,,,,
677911,,,,,,,,,1.977659,1.304869,,,111.969872,112.785446,0.425929,0.469929,,,,0.071234,0.098906,1.166487,,,,,,
677918,0.078567,0.116671,1.176021,0.063460,0.165076,1.210724,1.775899,-0.751291,,,,,,,,,,,,0.078773,0.116410,1.169808,,,,,,
677921,,,,,,,,,1.977659,1.304869,120.977707,122.741035,109.458641,111.233955,0.468919,0.472051,0.038871,0.032562,0.034703,,,,,,,,,
677928,,,,,,,,,,,,,,,,,,,,0.086377,0.134045,1.179832,,,,,,
677931,,,,,,,,,1.345907,-0.652434,,,111.157501,112.106705,0.453894,0.465450,,,,,,,,,,,,
677940,,,,,,,,,2.005126,1.957303,,,112.586922,113.930122,0.441278,0.448978,,,,0.094073,0.150893,1.189880,,,,,,
677948,,,,,,,,,,,,,,,,,,,,0.101545,0.168426,1.203496,,,,,,
677951,,,,,,,,,1.977659,0.000000,,,113.789635,116.008888,0.430689,0.429537,,,,,,,,,,,,
677956,,,,,,,,,,,,,,,,,,,,0.109215,0.186694,1.206711,,,,,,
677961,,,,,,,,,1.840321,0.652435,,,114.257050,116.668877,0.427359,0.424152,,,,,,,,,,,,
677970,0.109499,0.187992,1.206858,0.096654,0.248785,1.176217,1.796155,-0.711340,1.071232,0.652434,129.554306,124.243904,106.482185,109.056038,0.595488,0.518346,0.052239,0.033643,-0.030641,,,,,,,,,
677973,,,,,,,,,,,,,,,,,,,,0.116442,0.204276,1.216900,,,,,,
677977,,,,,,,,,,,,,,,,,,,,0.123573,0.222283,1.223602,,,,,,
677981,,,,,,,,,2.334736,0.652433,,,111.920364,114.630554,0.544633,0.464524,,,,,,,,,,,,
677985,,,,,,,,,,,,,,,,,,,,0.130826,0.239915,1.233940,,,,,,
677991,,,,,,,,,2.032593,0.000000,,,114.862419,116.598228,0.518151,0.446376,,,,,,,,,,,,
677999,,,,,,,,,2.032593,-2.609739,,,117.337868,117.709290,0.495839,0.436573,,,,0.137584,0.258587,1.237336,,,,,,
678007,,,,,,,,,,,,,,,,,,,,0.144471,0.277043,1.240498,,,,,,
678011,,,,,,,,,1.922724,0.000000,,,118.331619,118.099594,0.488146,0.433898,,,,,,,,,,,,
678020,0.144389,0.277117,1.237667,0.132657,0.331417,1.143949,1.803975,-0.668383,2.032593,-1.304868,131.874756,119.339455,120.256851,118.972542,0.494422,0.376198,0.047479,0.028843,-0.093718,0.151704,0.296332,1.236982,,,,,,
678029,,,,,,,,,1.455776,0.652433,,,114.797676,114.261604,0.552429,0.424323,,,,0.158488,0.314886,1.230275,,,,,,
678036,,,,,,,,,,,,,,,,,,,,0.165626,0.333389,1.220083,,,,,,
678041,,,,,,,,,1.922724,-1.304868,,,116.738846,114.654167,0.536045,0.421334,,,,,,,,,,,,
678046,,,,,,,,,,,,,,,,,,,,0.172175,0.351765,1.213528,,,,,,
678051,,,,,,,,,2.060061,-3.262171,,,119.461235,115.529015,0.511304,0.413348,,,,,,,,,,,,
678060,,,,,,,,,1.977659,-3.914606,,,121.207306,115.720566,0.495976,0.412156,,,,0.178984,0.370315,1.193383,,,,,,
678068,0.185844,0.387051,1.159608,0.170987,0.412426,1.114138,1.799565,-0.621597,,,120.771507,113.684929,,,,,0.017321,0.023761,-0.045470,0.185944,0.388852,1.170333,,,,,,
678071,,,,,,,,,2.087528,-2.609736,,,123.765541,116.426277,0.358763,0.348005,,,,,,,,,,,,
678076,,,,,,,,,,,,,,,,,,,,0.192860,0.407079,1.144050,,,,,,
678081,,,,,,,,,1.895256,-1.957303,,,124.284409,115.930977,0.352872,0.352509,,,,,,,,,,,,
678090,,,,,,,,,1.428309,-1.304868,,,119.275551,111.157890,0.403259,0.400745,,,,0.200788,0.426565,1.107651,,,,,,
678098,,,,,,,,,,,,,,,,,,,,0.208803,0.445906,1.078304,,,,,,
678101,,,,,,,,,1.757919,-2.609739,,,119.417442,110.409073,0.402111,0.408889,,,,,,,,,,,,
678105,,,,,,,,,,,,,,,,,,,,0.217591,0.464617,1.052432,,,,,,
678111,,,,,,,,,1.895256,-0.652433,,,119.536835,110.323563,0.401164,0.410416,,,,,,,,,,,,
678120,0.218264,0.465327,1.058712,0.211115,0.491344,1.087055,1.783426,-0.569947,1.400841,-1.957302,116.182343,117.443489,115.280945,106.984352,0.398012,0.483486,0.019177,0.018980,0.028343,0.226865,0.482688,1.026918,,,,,,
678128,,,,,,,,,,,,,,,,,,,,0.236582,0.501102,1.004874,,,,,,
678131,,,,,,,,,1.785386,1.957303,,,113.878212,107.442001,0.412500,0.480910,,,,,,,,,,,,
678135,,,,,,,,,,,,,,,,,,,,0.246403,0.519035,0.980004,,,,,,
678141,,,,,,,,,1.922724,-2.609737,,,114.876122,109.460693,0.402782,0.462319,,,,,,,,,,,,
678149,,,,,,,,,1.922724,0.000000,,,116.260307,111.159225,0.388925,0.446591,,,,0.256145,0.535549,0.961221,,,,,,
678157,,,,,,,,,,,,,,,,,,,,0.265630,0.551088,0.945634,,,,,,
678161,,,,,,,,,1.922724,0.000000,,,116.880417,112.588371,0.382584,0.433270,,,,,,,,,,,,
678170,0.265669,0.550889,0.955133,0.252483,0.567796,1.063034,1.756323,-0.512259,1.922724,1.304868,105.678589,116.065506,112.501289,109.434509,0.319973,0.452355,0.006188,0.020529,0.107901,0.275345,0.566541,0.933039,,,,,,
678178,,,,,,,,,,,,,,,,,,,,0.285619,0.581622,0.929735,,,,,,
678181,,,,,,,,,1.785386,0.652434,,,116.440300,114.404449,0.278431,0.402988,,,,,,,,,,,,
678188,,,,,,,,,,,,,,,,,,,,0.296109,0.596110,0.926692,,,,,,
678191,,,,,,,,,1.400841,1.957302,,,111.041893,110.418015,0.331342,0.443982,,,,,,,,,,,,
678200,,,,,,,,,1.730451,1.957303,,,110.311470,111.964714,0.337720,0.429335,,,,0.306756,0.610782,0.936032,,,,,,
678208,,,,,,,,,,,,,,,,,,,,0.317258,0.625384,0.942314,,,,,,
678211,,,,,,,,,1.922724,2.609737,,,110.241440,113.810654,0.337507,0.411327,,,,,,,,,,,,
678216,,,,,,,,,,,,,,,,,,,,0.327763,0.639296,0.961137,,,,,,
678220,0.326841,0.638711,0.971548,0.294514,0.641495,1.042472,1.719211,-0.447265,1.785386,3.262171,99.261948,106.136200,105.281624,110.462936,0.321735,0.344645,-0.015934,0.028264,0.070924,,,,,,,,,
678230,,,,,,,,,1.400841,-0.652435,,,106.553871,110.913429,0.307554,0.339185,,,,0.339201,0.654166,0.983005,,,,,,
678237,,,,,,,,,,,,,,,,,,,,0.350179,0.669063,1.004946,,,,,,
678241,,,,,,,,,1.620581,0.652433,,,105.446167,110.203384,0.317395,0.345472,,,,,,,,,,,,
678245,,,,,,,,,,,,,,,,,,,,0.361385,0.684678,1.033378,,,,,,
678251,,,,,,,,,1.675516,4.567040,,,103.969597,110.695038,0.331219,0.339644,,,,,,,,,,,,
678259,,,,,,,,,1.675516,0.652435,,,103.271759,110.019630,0.337395,0.345621,,,,0.371855,0.700441,1.055685,,,,,,
678267,,,,,,,,,,,,,,,,,,,,0.381690,0.716442,1.075012,,,,,,
678270,0.380926,0.715808,1.069048,0.336635,0.712252,1.025832,1.673183,-0.373666,1.593114,2.609737,99.893188,95.323120,102.140053,105.639542,0.354575,0.279228,-0.024420,0.037122,-0.043216,,,,,,,,,
678281,,,,,,,,,1.675516,0.652435,,,101.732384,109.033195,0.358284,0.242549,,,,0.391299,0.732178,1.094866,,,,,,
678289,,,,,,,,,1.263504,0.000000,,,98.122108,104.809555,0.394741,0.282889,,,,0.400393,0.748339,1.111600,,,,,,
678296,,,,,,,,,,,,,,,,,,,,0.408809,0.763613,1.124461,,,,,,
678301,,,,,,,,,1.565646,-1.957302,,,98.896225,102.889412,0.387199,0.300577,,,,,,,,,,,,
678310,,,,,,,,,1.648049,-1.304868,,,100.092110,102.362892,0.375201,0.304434,,,,0.416434,0.776761,1.143679,,,,,,
678320,0.416912,0.777635,1.131938,0.378278,0.779959,1.013640,1.619428,-0.290173,1.620581,-1.957303,102.360603,90.602585,96.197441,97.018990,0.440054,0.309384,-0.014312,0.035961,-0.118298,0.424152,0.791277,1.140327,,,,,,
678329,,,,,,,,,1.290972,0.652435,,,98.365898,99.057144,0.419169,0.287312,,,,0.431183,0.805188,1.136723,,,,,,
678340,,,,,,,,,1.565646,-1.957302,,,99.645889,98.049332,0.406912,0.295901,,,,0.438283,0.819921,1.120482,,,,,,
678348,,,,,,,,,,,,,,,,,,,,0.444967,0.833679,1.107301,,,,,,
678351,,,,,,,,,1.620581,-4.567038,,,101.267418,97.201363,0.390915,0.303061,,,,,,,,,,,,
678356,,,,,,,,,,,,,,,,,,,,0.451905,0.847902,1.081359,,,,,,
678361,,,,,,,,,1.538179,-2.609734,,,102.087234,95.943336,0.382771,0.314573,,,,,,,,,,,,
678370,0.452050,0.847676,1.074667,0.418904,0.844591,1.006480,1.559172,-0.195565,1.208569,-2.609737,95.208450,88.833435,98.965225,91.617577,0.341719,0.339582,-0.018492,0.027681,-0.068187,0.459271,0.861645,1.055709,,,,,,
678378,,,,,,,,,,,,,,,,,,,,0.466594,0.875310,1.023813,,,,,,
678381,,,,,,,,,1.922724,-1.304868,,,102.328339,95.056946,0.306664,0.303944,,,,,,,,,,,,
678389,,,,,,,,,1.071232,-0.652434,,,97.534462,90.871765,0.354137,0.345388,,,,0.473986,0.888896,0.989097,,,,,,
678400,,,,,,,,,1.565646,-3.262170,,,98.401779,90.617615,0.344825,0.347572,,,,0.481731,0.901905,0.951643,,,,,,
678408,,,,,,,,,,,,,,,,,,,,0.490079,0.915056,0.917555,,,,,,
678411,,,,,,,,,1.593114,-1.304868,,,98.586998,90.948318,0.342297,0.343842,,,,,,,,,,,,
678415,,,,,,,,,,,,,,,,,,,,0.498377,0.927869,0.890030,,,,,,
678420,0.497915,0.926880,0.900056,0.458001,0.906190,1.004987,1.493658,-0.088731,1.510712,-1.957302,76.163910,86.444458,95.475578,87.414764,0.179104,0.355094,-0.041017,0.018407,0.104931,,,,,,,,,
678430,,,,,,,,,1.428309,-1.304868,,,98.847610,90.431610,0.140847,0.324128,,,,0.507514,0.941107,0.859298,,,,,,
678437,,,,,,,,,,,,,,,,,,,,0.516883,0.953813,0.835030,,,,,,
678441,,,,,,,,,1.345907,1.957305,,,96.239403,90.791809,0.162914,0.319657,,,,,,,,,,,,
678448,,,,,,,,,,,,,,,,,,,,0.527075,0.966105,0.816784,,,,,,
678451,,,,,,,,,1.208569,-1.304866,,,92.955772,87.827621,0.192392,0.349022,,,,,,,,,,,,
678459,,,,,,,,,1.290972,3.262171,,,90.192924,88.056274,0.217214,0.346413,,,,0.537228,0.978090,0.810710,,,,,,
678466,,,,,,,,,,,,,,,,,,,,0.547564,0.989629,0.819861,,,,,,
678470,0.546494,0.988809,0.840257,0.495101,0.964846,1.009838,1.424108,0.031269,1.400841,3.262171,64.893066,81.237625,85.145546,85.525948,0.150929,0.318790,-0.052141,0.022288,0.169580,,,,,,,,,
678481,,,,,,,,,1.318439,3.914604,,,85.799576,89.931450,0.140208,0.272997,,,,0.558550,1.001472,0.838454,,,,,,
678489,,,,,,,,,1.098699,1.304869,,,82.538071,87.103722,0.169294,0.300101,,,,0.568842,1.012490,0.863153,,,,,,
678496,,,,,,,,,,,,,,,,,,,,0.578355,1.023176,0.893759,,,,,,
678501,,,,,,,,,1.181102,4.567039,,,79.249298,87.447182,0.199310,0.295424,,,,,,,,,,,,
678510,,,,,,,,,1.208569,5.219474,,,77.026672,87.736168,0.219110,0.291235,,,,0.586873,1.032684,0.930340,,,,,,
678518,0.594687,1.043097,0.973496,0.529779,1.020693,1.021741,1.351714,0.165158,,,65.537331,72.275932,,,,,-0.055030,0.041069,0.048245,0.595924,1.043537,0.961834,,,,,,
678521,,,,,,,,,1.318439,5.219473,,,72.433838,84.712067,0.270101,0.229371,,,,,,,,,,,,
678525,,,,,,,,,,,,,,,,,,,,0.604012,1.053210,1.011628,,,,,,
678531,,,,,,,,,1.208569,3.914605,,,74.559402,88.702103,0.247041,0.186186,,,,,,,,,,,,
678540,,,,,,,,,1.126167,1.957302,,,73.080589,87.158432,0.260321,0.198646,,,,0.611425,1.063635,1.053096,,,,,,
678548,,,,,,,,,,,,,,,,,,,,0.618628,1.073439,1.094833,,,,,,
678551,,,,,,,,,1.098699,0.000000,,,72.380859,84.225960,0.265949,0.225581,,,,,,,,,,,,
678555,,,,,,,,,,,,,,,,,,,,0.625476,1.084265,1.128002,,,,,,
678561,,,,,,,,,1.181102,0.652433,,,71.792107,82.847664,0.270586,0.237249,,,,,,,,,,,,
678570,0.625574,1.084978,1.117760,0.561661,1.073882,1.041415,1.277625,0.313371,1.208569,2.609737,70.136200,67.753922,68.574020,78.965248,0.349068,0.228611,-0.037952,0.052609,-0.076345,0.631575,1.094777,1.150912,,,,,,
678577,,,,,,,,,,,,,,,,,,,,0.637148,1.105194,1.170778,,,,,,
678581,,,,,,,,,1.071232,-0.652434,,,71.856293,80.599472,0.315901,0.209700,,,,,,,,,,,,
678591,,,,,,,,,1.153634,0.000000,,,71.895287,79.251793,0.315159,0.220877,,,,0.642190,1.115266,1.183952,,,,,,
678599,,,,,,,,,1.208569,-1.304866,,,72.472633,78.117859,0.308919,0.230144,,,,0.647140,1.125440,1.190735,,,,,,
678608,,,,,,,,,,,,,,,,,,,,0.651421,1.135679,1.187063,,,,,,
678611,,,,,,,,,0.961362,0.652434,,,70.780243,75.530136,0.325714,0.254466,,,,,,,,,,,,
678620,0.650948,1.135084,1.183978,0.590429,1.124573,1.069574,1.202937,0.475982,1.236037,-1.957302,67.627563,63.438816,68.811722,71.719193,0.320076,0.247768,-0.032565,0.052082,-0.114404,0.655773,1.145814,1.180197,,,,,,
678628,,,,,,,,,,,,,,,,,,,,0.659977,1.156156,1.170035,,,,,,
678631,,,,,,,,,1.098699,-1.304869,,,73.145386,73.958099,0.275636,0.223275,,,,,,,,,,,,
678636,,,,,,,,,,,,,,,,,,,,0.664246,1.166218,1.153434,,,,,,
678641,,,,,,,,,1.126167,-1.957302,,,73.524467,72.574654,0.270665,0.235282,,,,,,,,,,,,
678651,,,,,,,,,1.098699,-1.304869,,,73.298882,70.866081,0.271787,0.250883,,,,,,,,,,,,
678655,,,,,,,,,,,,,,,,,,,,0.668529,1.176216,1.133554,,,,,,
678658,,,,,,,,,,,,,,,,,,,,0.672812,1.185970,1.113861,,,,,,
678661,,,,,,,,,1.181102,-1.957302,,,73.653618,70.517578,0.267034,0.252952,,,,,,,,,,,,
678669,0.677133,1.195009,1.090757,0.615816,1.172916,1.106898,1.128684,0.652628,,,53.978298,60.137760,69.595749,66.957085,0.167997,0.254182,-0.047913,0.044184,0.016140,0.677250,1.195593,1.091176,,,,,,
678672,,,,,,,,,0.714155,0.000000,,,,,,,,,,,,,,,,,,
678680,,,,,,,,,1.345907,-1.957305,,,72.171432,68.862175,0.138602,0.233386,,,,0.681772,1.205071,1.068768,,,,,,
678687,,,,,,,,,,,,,,,,,,,,0.686944,1.214617,1.046362,,,,,,
678691,,,,,,,,,1.016297,0.652434,,,71.071358,67.742401,0.146184,0.243063,,,,,,,,,,,,
678695,,,,,,,,,,,,,,,,,,,,0.692467,1.224780,1.030240,,,,,,
678701,,,,,,,,,0.988829,0.000000,,,69.601212,66.800224,0.157761,0.251153,,,,,,,,,,,,
678709,,,,,,,,,0.988829,0.000000,,,67.819687,66.552017,0.172807,0.252352,,,,0.698178,1.234547,1.023886,,,,,,
678717,,,,,,,,,,,,,,,,,,,,0.704218,1.244459,1.023833,,,,,,
678720,0.703880,1.243979,1.029446,0.637610,1.219036,1.154009,1.055828,0.842412,0.961362,1.957303,42.770485,56.952419,64.142540,63.620464,0.093226,0.248480,-0.055525,0.043942,0.124563,,,,,,,,,
678731,,,,,,,,,0.933894,1.304869,,,64.315849,66.054741,0.087184,0.222317,,,,0.710217,1.253914,1.027120,,,,,,
678739,,,,,,,,,0.878959,3.914604,,,61.738953,65.380226,0.109160,0.227377,,,,0.716202,1.263619,1.040202,,,,,,
678746,,,,,,,,,,,,,,,,,,,,0.722106,1.273203,1.063107,,,,,,
678751,,,,,,,,,0.878959,2.609737,,,59.026207,64.812691,0.133036,0.231480,,,,,,,,,,,,
678760,,,,,,,,,0.851492,4.567039,,,56.743706,64.879707,0.153066,0.229224,,,,0.727349,1.282459,1.092513,,,,,,
678769,0.730992,1.289514,1.138889,0.655659,1.263032,1.211441,0.985248,1.043842,0.631752,1.957303,39.889221,51.676018,,,,,-0.055585,0.057330,0.072552,0.731824,1.290153,1.128014,,,,,,
678772,,,,,,,,,,,,,53.189579,62.213383,0.157135,0.201016,,,,,,,,,,,,
678776,,,,,,,,,,,,,,,,,,,,0.736225,1.298375,1.160989,,,,,,
678781,,,,,,,,,1.071232,4.567039,,,53.466396,64.870827,0.151651,0.171803,,,,,,,,,,,,
678790,,,,,,,,,0.851492,3.262170,,,52.065681,64.384087,0.163223,0.174129,,,,0.740248,1.306103,1.200756,,,,,,
678798,,,,,,,,,,,,,,,,,,,,0.743732,1.313863,1.240905,,,,,,
678801,,,,,,,,,0.824024,3.914605,,,50.342575,63.429996,0.178363,0.181319,,,,,,,,,,,,
678805,,,,,,,,,,,,,,,,,,,,0.746772,1.322046,1.278759,,,,,,
678811,,,,,,,,,0.824024,2.609737,,,49.437298,62.627224,0.185507,0.187156,,,,,,,,,,,,
678820,0.746685,1.322544,1.277963,0.669859,1.304957,1.279606,0.917716,1.254817,0.576817,1.957303,42.042534,50.725506,46.497425,59.773602,0.235547,0.204378,-0.039016,0.068479,0.001643,0.749560,1.329842,1.313278,,,,,,
678828,,,,,,,,,,,,,,,,,,,,0.752084,1.337812,1.338441,,,,,,
678831,,,,,,,,,1.071232,1.957303,,,48.380161,61.184364,0.215453,0.188178,,,,,,,,,,,,
678835,,,,,,,,,,,,,,,,,,,,0.754145,1.345384,1.370052,,,,,,
678841,,,,,,,,,0.769089,2.609737,,,47.786125,60.193207,0.220244,0.196196,,,,,,,,,,,,
678849,,,,,,,,,0.824024,1.304869,,,47.830845,59.359249,0.218639,0.202809,,,,0.756028,1.353271,1.391502,,,,,,
678857,,,,,,,,,,,,,,,,,,,,0.757625,1.360262,1.412946,,,,,,
678861,,,,,,,,,0.796557,0.652434,,,47.868473,58.657555,0.217098,0.208240,,,,,,,,,,,,
678870,0.757594,1.360319,1.404355,0.680166,1.344821,1.358777,0.853882,1.472697,0.631752,0.652435,41.764271,49.047020,46.266502,55.888977,0.229435,0.217772,-0.028112,0.073791,-0.045578,,,,,,,,,
678879,,,,,,,,,1.043764,1.304868,,,48.185863,57.915840,0.208957,0.195730,,,,0.760188,1.375035,1.441887,,,,,,
678887,,,,,,,,,,,,,,,,,,,,0.761264,1.382157,1.449186,,,,,,
678891,,,,,,,,,0.796557,0.652434,,,48.167183,56.898529,0.207863,0.204333,,,,,,,,,,,,
678901,,,,,,,,,0.851492,1.957303,,,48.151466,56.587105,0.206743,0.205939,,,,0.762243,1.389302,1.460351,,,,,,
678908,,,,,,,,,,,,,,,,,,,,0.763200,1.396207,1.464235,,,,,,
678911,,,,,,,,,0.769089,0.000000,,,48.682785,55.780529,0.200046,0.212658,,,,,,,,,,,,
678916,,,,,,,,,,,,,,,,,,,,0.764141,1.403578,1.471887,,,,,,
678920,0.764110,1.403133,1.466221,0.686584,1.382583,1.449079,0.794251,1.694541,0.824024,1.304869,36.640400,46.577976,48.040752,55.646420,0.152947,0.187495,-0.028531,0.074957,-0.017142,,,,,,,,,
678930,,,,,,,,,0.714155,0.000000,,,47.500546,53.899952,0.156177,0.203495,,,,0.765095,1.411850,1.479119,,,,,,
678938,,,,,,,,,,,,,,,,,,,,0.765991,1.419827,1.486578,,,,,,
678941,,,,,,,,,0.686687,1.957303,,,46.501472,52.975018,0.164196,0.211465,,,,,,,,,,,,
678946,,,,,,,,,,,,,,,,,,,,0.766787,1.427685,1.494112,,,,,,
678951,,,,,,,,,0.796557,1.957302,,,46.205395,52.741322,0.165244,0.212569,,,,,,,,,,,,
678960,,,,,,,,,0.769089,1.304867,,,45.956276,52.544689,0.165872,0.213342,,,,0.767519,1.435777,1.501593,,,,,,
678968,0.768167,1.443443,1.514502,0.689167,1.418153,1.550506,0.739174,1.917494,,,31.027317,44.606064,,,,,-0.029695,0.077452,0.036004,0.768281,1.443623,1.512952,,,,,,
678971,,,,,,,,,0.769089,1.304867,,,43.568493,50.745613,0.131110,0.210386,,,,,,,,,,,,
678976,,,,,,,,,,,,,,,,,,,,0.768851,1.451484,1.528209,,,,,,
678981,,,,,,,,,0.714154,2.609737,,,44.826672,52.499130,0.115769,0.191272,,,,,,,,,,,,
678990,,,,,,,,,0.714154,1.304868,,,43.707130,52.340908,0.124428,0.191307,,,,0.769495,1.459061,1.547510,,,,,,
678998,,,,,,,,,,,,,,,,,,,,0.769885,1.466560,1.562987,,,,,,
679001,,,,,,,,,0.714154,2.609737,,,42.765148,51.663239,0.131500,0.196673,,,,,,,,,,,,
679005,,,,,,,,,,,,,,,,,,,,0.770219,1.474090,1.586254,,,,,,
679011,,,,,,,,,0.659220,2.609737,,,41.972565,51.637589,0.137237,0.195523,,,,,,,,,,,,
679020,0.770035,1.474284,1.591178,0.688024,1.451400,1.662960,0.688850,2.139242,0.741622,3.262171,28.891941,45.063152,39.672054,49.437836,0.136732,0.221216,-0.021208,0.082460,0.071782,0.770417,1.481472,1.617044,,,,,,
679028,,,,,,,,,,,,,,,,,,,,0.770373,1.488808,1.643604,,,,,,
679031,,,,,,,,,0.686687,3.262170,,,39.914581,51.943310,0.132103,0.194786,,,,,,,,,,,,
679041,,,,,,,,,0.659220,2.609737,,,39.029556,51.873241,0.138925,0.194124,,,,0.770048,1.496288,1.673571,,,,,,
679049,,,,,,,,,0.659220,3.914604,,,38.284897,51.814285,0.144493,0.193364,,,,0.769393,1.503286,1.703128,,,,,,
679057,,,,,,,,,,,,,,,,,,,,0.768626,1.510528,1.739389,,,,,,
679061,,,,,,,,,0.686687,3.262170,,,37.658340,51.764679,0.149006,0.192519,,,,,,,,,,,,
679070,0.768454,1.510353,1.740634,0.683305,1.482151,1.786306,0.643348,2.358465,0.714154,3.914605,28.363361,44.431313,35.497524,49.544769,0.163901,0.207377,-0.013404,0.088691,0.045672,0.767681,1.517297,1.771837,,,,,,
679079,,,,,,,,,0.604285,2.609737,,,36.402130,51.488739,0.153247,0.186526,,,,0.766452,1.524173,1.807152,,,,,,
679088,,,,,,,,,,,,,,,,,,,,0.765228,1.530644,1.838589,,,,,,
679091,,,,,,,,,0.741622,3.262171,,,36.618721,51.490765,0.149430,0.185094,,,,,,,,,,,,
679100,,,,,,,,,0.659220,2.609737,,,35.711876,51.492470,0.157029,0.183665,,,,0.763736,1.537313,1.876758,,,,,,
679108,,,,,,,,,,,,,,,,,,,,0.762028,1.543654,1.911003,,,,,,
679111,,,,,,,,,0.631752,3.262170,,,35.493401,50.949364,0.157788,0.187792,,,,,,,,,,,,
679116,,,,,,,,,,,,,,,,,,,,0.760119,1.549834,1.944671,,,,,,
679120,0.760151,1.549086,1.941233,0.675210,1.510198,1.920413,0.602646,2.574929,0.686687,3.262170,28.844069,43.376915,35.309574,51.036934,0.163140,0.174840,-0.005499,0.093258,-0.020820,,,,,,,,,
679130,,,,,,,,,0.659220,2.609737,,,34.610359,50.566074,0.168979,0.178111,,,,0.758006,1.555831,1.978061,,,,,,
679138,,,,,,,,,,,,,,,,,,,,0.755809,1.561710,2.007828,,,,,,
679141,,,,,,,,,0.659220,2.609737,,,34.566582,50.169891,0.168272,0.180714,,,,,,,,,,,,
679147,,,,,,,,,,,,,,,,,,,,0.753481,1.567400,2.037314,,,,,,
679151,,,,,,,,,0.631752,3.262170,,,34.529751,49.836544,0.167503,0.182756,,,,,,,,,,,,
679161,,,,,,,,,0.686687,3.262170,,,34.498760,49.556065,0.166682,0.184325,,,,0.751015,1.572848,2.063323,,,,,,
679170,0.750531,1.573450,2.066761,0.663982,1.535313,2.065163,0.566699,2.789005,0.439480,1.304869,29.415615,45.722370,32.839054,47.141899,0.188310,0.231637,0.007646,0.094270,-0.001598,0.748225,1.578544,2.089053,,,,,,
679177,,,,,,,,,,,,,,,,,,,,0.745125,1.584424,2.108103,,,,,,
679181,,,,,,,,,0.796557,3.262171,,,34.165295,48.922424,0.174098,0.213192,,,,,,,,,,,,
679191,,,,,,,,,0.714154,2.609737,,,34.736649,48.786926,0.167320,0.213934,,,,0.741939,1.590102,2.133471,,,,,,
679199,,,,,,,,,0.631752,1.957303,,,34.672844,48.672916,0.166907,0.214484,,,,0.738799,1.595512,2.152386,,,,,,
679207,,,,,,,,,,,,,,,,,,,,0.735647,1.600715,2.177592,,,,,,
679211,,,,,,,,,0.659220,2.609737,,,34.619160,48.576988,0.166403,0.214872,,,,,,,,,,,,
679220,0.735427,1.600771,2.179238,0.649903,1.557255,2.220372,0.535506,3.000461,0.659220,2.609737,27.753216,46.540951,32.940357,46.318104,0.165529,0.245692,0.013178,0.095049,0.041134,0.732165,1.606067,2.199394,,,,,,
679228,,,,,,,,,,,,,,,,,,,,0.728503,1.611442,2.224163,,,,,,
679231,,,,,,,,,0.604285,2.609737,,,34.250530,48.229282,0.151128,0.226242,,,,,,,,,,,,
679236,,,,,,,,,,,,,,,,,,,,0.724599,1.616818,2.251819,,,,,,
679241,,,,,,,,,0.686687,3.262170,,,34.263824,48.748260,0.149693,0.220611,,,,,,,,,,,,
679250,,,,,,,,,0.686687,3.262170,,,33.730465,48.640385,0.153831,0.221270,,,,0.720689,1.622163,2.276298,,,,,,
679258,,,,,,,,,,,,,,,,,,,,0.716664,1.627382,2.309725,,,,,,
679261,,,,,,,,,0.631752,3.262170,,,33.826241,48.549618,0.151659,0.221776,,,,,,,,,,,,
679266,,,,,,,,,,,,,,,,,,,,0.712455,1.632545,2.339829,,,,,,
679270,0.712696,1.631923,2.340035,0.633298,1.575781,2.385602,0.509177,3.206496,0.659220,3.914604,26.037453,45.921265,32.273197,47.384159,0.148785,0.226941,0.014894,0.096095,0.045567,,,,,,,,,
679280,,,,,,,,,0.659220,3.914604,,,33.144638,49.670803,0.138649,0.203324,,,,0.708145,1.637705,2.372801,,,,,,
679288,,,,,,,,,,,,,,,,,,,,0.703586,1.642622,2.408470,,,,,,
679291,,,,,,,,,0.631752,3.262170,,,32.788784,49.961155,0.140857,0.199613,,,,,,,,,,,,
679295,,,,,,,,,,,,,,,,,,,,0.698954,1.647218,2.446868,,,,,,
679301,,,,,,,,,0.631752,3.262170,,,32.489368,49.660915,0.142561,0.201867,,,,,,,,,,,,
679310,,,,,,,,,0.686687,4.567039,,,32.237438,49.952835,0.143840,0.198142,,,,0.694101,1.651508,2.485003,,,,,,
679317,,,,,,,,,,,,,,,,,,,,0.689168,1.655591,2.525859,,,,,,
679320,0.688921,1.655441,2.529421,0.614523,1.590656,2.559895,0.487975,3.399604,0.659220,3.914604,26.985991,47.290989,30.936378,48.564827,0.165546,0.225465,0.023659,0.095773,0.030474,,,,,,,,,
679325,,,,,,,,,,,,,,,,,,,,0.684041,1.659572,2.563470,,,,,,
679331,,,,,,,,,0.659220,3.914604,,,32.019840,50.664215,0.153705,0.203796,,,,,,,,,,,,
679339,,,,,,,,,0.604285,3.914605,,,31.297834,50.797012,0.160062,0.201767,,,,0.678894,1.663300,2.603812,,,,,,
679348,,,,,,,,,,,,,,,,,,,,0.673503,1.666831,2.641044,,,,,,
679351,,,,,,,,,0.659220,3.914604,,,31.234882,50.364204,0.159842,0.205480,,,,,,,,,,,,
679361,,,,,,,,,0.631752,3.262170,,,31.181915,50.544582,0.159533,0.203026,,,,0.667957,1.670088,2.680943,,,,,,
679370,0.667431,1.670202,2.681911,0.593968,1.601664,2.741484,0.472318,3.566296,0.466947,3.262170,28.459238,50.404812,29.503719,48.518181,0.190838,0.254805,0.035429,0.094017,0.059573,0.662302,1.673397,2.717724,,,,,,
679376,,,,,,,,,,,,,,,,,,,,0.656654,1.676398,2.754527,,,,,,
679381,,,,,,,,,0.824024,3.914605,,,31.358944,50.624969,0.171706,0.233693,,,,,,,,,,,,
679391,,,,,,,,,0.686687,4.567039,,,31.286301,51.308533,0.171867,0.226677,,,,0.650853,1.679309,2.791086,,,,,,
679398,,,,,,,,,,,,,,,,,,,,0.645135,1.681948,2.830447,,,,,,
679401,,,,,,,,,0.659220,3.914604,,,31.225178,51.339142,0.171925,0.226184,,,,,,,,,,,,
679408,,,,,,,,,,,,,,,,,,,,0.639047,1.684404,2.869664,,,,,,
679411,,,,,,,,,0.659220,3.914604,,,31.173750,51.364895,0.171896,0.225735,,,,,,,,,,,,
679420,0.638842,1.684193,2.870327,0.572049,1.608623,2.927643,0.462714,3.688153,0.494415,2.609737,30.071800,52.479778,30.041391,49.208389,0.199352,0.268704,0.044102,0.090704,0.057316,0.632681,1.686547,2.908659,,,,,,
679428,,,,,,,,,,,,,,,,,,,,0.626238,1.688380,2.947623,,,,,,
679431,,,,,,,,,0.851492,5.871908,,,31.266798,51.750252,0.186859,0.243431,,,,,,,,,,,,
679435,,,,,,,,,,,,,,,,,,,,0.619721,1.689888,2.986476,,,,,,
679441,,,,,,,,,0.686687,3.262170,,,31.753311,52.255344,0.181657,0.238425,,,,,,,,,,,,
679450,,,,,,,,,0.714154,3.914605,,,32.162663,52.680332,0.177145,0.234135,,,,0.613256,1.691236,3.025396,,,,,,
679457,,,,,,,,,,,,,,,,,,,,0.606565,1.692409,3.061369,,,,,,
679461,,,,,,,,,0.714154,3.914605,,,31.962549,52.493374,0.178768,0.236002,,,,,,,,,,,,
679465,,,,,,,,,,,,,,,,,,,,0.599705,1.693303,3.100082,,,,,,
679470,0.600037,1.693048,3.097221,0.549198,1.611382,3.114826,0.459658,3.746228,0.659220,3.914604,31.268555,52.710899,32.338718,52.880608,0.186760,0.234407,0.047166,0.083841,0.017604,,,,,,,,,
679479,,,,,,,,,0.659220,3.914604,,,32.110683,52.661884,0.188872,0.236604,,,,0.592598,1.694126,3.138783,,,,,,
679487,,,,,,,,,,,,,,,,,,,,0.585428,1.694655,-3.105701,,,,,,
679491,,,,,,,,,0.769089,3.914606,,,33.007900,53.022392,0.179552,0.232936,,,,,,,,,,,,
679501,,,,,,,,,0.686687,4.567039,,,32.673733,53.325726,0.182613,0.229780,,,,0.578345,1.694766,-3.064165,,,,,,
679509,,,,,,,,,0.686687,3.262170,,,32.937107,53.580948,0.179645,0.227054,,,,0.571213,1.694685,-3.025426,,,,,,
679517,,,,,,,,,,,,,,,,,,,,0.563975,1.694419,-2.989423,,,,,,
679520,0.564122,1.694190,-2.992235,0.525867,1.609836,-2.984052,0.463490,3.727845,0.741622,3.262171,32.639599,53.634342,33.158710,53.795692,0.191036,0.234108,0.050382,0.077722,0.008183,,,,,,,,,
679525,,,,,,,,,,,,,,,,,,,,0.556454,1.693726,-2.947810,,,,,,
679531,,,,,,,,,0.686687,3.262170,,,33.345165,53.431835,0.189030,0.237787,,,,,,,,,,,,
679539,,,,,,,,,0.741622,4.567040,,,34.046593,54.214775,0.181735,0.229842,,,,0.549426,1.692765,-2.911683,,,,,,
679547,,,,,,,,,,,,,,,,,,,,0.542333,1.691388,-2.872600,,,,,,
679551,,,,,,,,,0.714154,3.914605,,,34.092232,54.328995,0.180988,0.228561,,,,,,,,,,,,
679561,,,,,,,,,0.714154,3.914605,,,34.675175,54.425098,0.174751,0.227442,,,,0.535282,1.689999,-2.836118,,,,,,
679570,0.534795,1.689627,-2.832800,0.502509,1.603930,-2.806232,0.474284,3.632220,0.769089,3.914606,35.115097,56.101028,32.987488,52.327789,0.216809,0.273836,0.056803,0.071831,0.026568,,,,,,,,,
679576,,,,,,,,,,,,,,,,,,,,0.521109,1.686351,-2.760299,,,,,,
679581,,,,,,,,,0.714154,3.914605,,,34.834732,54.919460,0.198392,0.248156,,,,,,,,,,,,
679590,,,,,,,,,0.796557,3.262171,,,35.299915,55.466461,0.193703,0.242813,,,,0.514138,1.684095,-2.723526,,,,,,
679598,,,,,,,,,,,,,,,,,,,,0.507444,1.681475,-2.686698,,,,,,
679601,,,,,,,,,0.714154,2.609737,,,35.691319,55.382164,0.189674,0.243800,,,,,,,,,,,,
679608,,,,,,,,,,,,,,,,,,,,0.500841,1.678499,-2.646796,,,,,,
679611,,,,,,,,,0.769089,5.219474,,,36.020645,55.855782,0.186200,0.239112,,,,,,,,,,,,
679620,0.500762,1.678078,-2.640515,0.479576,1.593657,-2.637695,0.491799,3.471181,0.796557,3.262171,37.695728,57.042126,35.208656,54.076111,0.220623,0.266913,0.059135,0.063866,0.002820,0.494274,1.675341,-2.612451,,,,,,
679631,,,,,,,,,0.741622,4.567040,,,36.703621,56.935040,0.205872,0.238345,,,,0.494274,1.675341,-2.612451,,,,,,
679639,,,,,,,,,0.769089,2.609737,,,37.416939,57.162369,0.198795,0.236048,,,,0.487897,1.672018,-2.575063,,,,,,
679646,,,,,,,,,,,,,,,,,,,,0.481461,1.668182,-2.537456,,,,,,
679651,,,,,,,,,0.741622,3.262171,,,37.472584,56.809101,0.198283,0.239627,,,,,,,,,,,,
679654,,,,,,,,,,,,,,,,,,,,0.475230,1.664147,-2.499651,,,,,,
679661,,,,,,,,,0.796557,3.262171,,,38.063946,57.056404,0.192296,0.237151,,,,0.469117,1.660170,-2.467403,,,,,,
679670,0.468983,1.659832,-2.468249,0.457509,1.579062,-2.480195,0.515511,3.264480,0.549350,2.609737,40.055176,57.756920,36.383343,54.541771,0.233430,0.270089,0.059338,0.055986,-0.011946,0.462888,1.655692,-2.435086,,,,,,
679678,,,,,,,,,,,,,,,,,,,,0.456782,1.650869,-2.396627,,,,,,
679681,,,,,,,,,1.016297,4.567039,,,38.781086,57.326847,0.209708,0.242324,,,,,,,,,,,,
679685,,,,,,,,,,,,,,,,,,,,0.450857,1.645942,-2.363867,,,,,,
679691,,,,,,,,,0.769089,3.914606,,,38.620377,57.492035,0.211602,0.240725,,,,,,,,,,,,
679699,,,,,,,,,0.796557,1.957302,,,39.574242,57.631027,0.202159,0.239360,,,,0.444880,1.640641,-2.330885,,,,,,
679707,,,,,,,,,,,,,,,,,,,,0.439551,1.635433,-2.297607,,,,,,
679711,,,,,,,,,0.741622,3.262171,,,39.287735,57.203430,0.205178,0.243747,,,,,,,,,,,,
679720,0.439755,1.635347,-2.298245,0.436727,1.560239,-2.334527,0.544706,3.032976,0.851492,3.262170,42.598499,58.131847,37.957584,55.210022,0.244841,0.268015,0.058110,0.047682,-0.036283,0.434187,1.630015,-2.267116,,,,,,
679728,,,,,,,,,,,,,,,,,,,,0.428616,1.624227,-2.233410,,,,,,
679731,,,,,,,,,0.796557,3.262171,,,40.105656,57.889114,0.223859,0.241272,,,,,,,,,,,,
679736,,,,,,,,,,,,,,,,,,,,0.423248,1.618359,-2.202507,,,,,,
679741,,,,,,,,,0.796557,3.262171,,,40.823956,57.965130,0.217031,0.240546,,,,,,,,,,,,
679750,,,,,,,,,0.824024,2.609737,,,40.883789,58.029087,0.216775,0.239927,,,,0.417812,1.612130,-2.174480,,,,,,
679761,,,,,,,,,0.796557,3.262171,,,41.478676,58.082901,0.211050,0.239398,,,,0.417812,1.612130,-2.174480,,,,,,
679770,0.417634,1.611415,-2.171187,0.417616,1.537327,-2.200798,0.578579,2.793474,0.549350,1.304868,46.149662,60.532978,39.801041,55.405464,0.264608,0.291209,0.061141,0.041843,-0.029611,0.412675,1.605443,-2.143069,,,,,,
679776,,,,,,,,,,,,,,,,,,,,0.407849,1.598651,-2.114534,,,,,,
679781,,,,,,,,,1.098699,3.914604,,,42.745827,58.598099,0.235841,0.259670,,,,0.403150,1.591713,-2.085820,,,,,,
679791,,,,,,,,,0.878959,2.609737,,,43.045395,58.561668,0.233466,0.260429,,,,0.398715,1.584880,-2.060076,,,,,,
679799,,,,,,,,,0.824024,2.609737,,,43.841995,59.075558,0.225962,0.255581,,,,0.394533,1.577645,-2.034141,,,,,,
679806,,,,,,,,,,,,,,,,,,,,0.390324,1.570533,-2.007978,,,,,,
679811,,,,,,,,,0.824024,2.609737,,,43.967712,59.507946,0.225141,0.251462,,,,,,,,,,,,
679820,0.390860,1.570986,-2.010732,0.400524,1.510504,-2.078718,0.616316,2.556743,0.961362,1.957303,46.922779,58.405045,42.984402,57.149040,0.243493,0.254023,0.050607,0.034502,-0.067986,0.386329,1.562919,-1.981552,,,,,,
679828,,,,,,,,,,,,,,,,,,,,0.382606,1.555012,-1.955073,,,,,,
679831,,,,,,,,,0.769089,1.304867,,,45.424305,59.520603,0.219394,0.230084,,,,,,,,,,,,
679837,,,,,,,,,,,,,,,,,,,,0.378964,1.546929,-1.927990,,,,,,
679841,,,,,,,,,0.851492,3.262170,,,45.843609,59.882404,0.215416,0.226171,,,,,,,,,,,,
679851,,,,,,,,,0.878959,2.609737,,,46.196411,59.642281,0.212034,0.228325,,,,0.375518,1.538944,-1.904249,,,,,,
679858,,,,,,,,,,,,,,,,,,,,0.372334,1.530844,-1.880402,,,,,,
679861,,,,,,,,,0.851492,1.957303,,,46.493259,59.440243,0.209151,0.230138,,,,,,,,,,,,
679866,,,,,,,,,,,,,,,,,,,,0.369255,1.522996,-1.859736,,,,,,
679870,0.369719,1.523715,-1.864200,0.385744,1.479985,-1.967845,0.657142,2.327987,0.631752,1.957303,47.051739,55.590046,44.564854,57.636616,0.230222,0.219615,0.037226,0.027987,-0.103645,,,,,,,,,
679880,,,,,,,,,1.098699,2.609736,,,47.298641,59.930847,0.202835,0.195805,,,,0.366480,1.514605,-1.838999,,,,,,
679888,,,,,,,,,,,,,,,,,,,,0.363872,1.506494,-1.818137,,,,,,
679891,,,,,,,,,0.824024,0.000000,,,47.420673,59.138496,0.201541,0.203018,,,,,,,,,,,,
679896,,,,,,,,,,,,,,,,,,,,0.361567,1.498379,-1.797087,,,,,,
679901,,,,,,,,,0.851492,1.957303,,,47.523354,58.471813,0.200420,0.209109,,,,,,,,,,,,
679910,,,,,,,,,0.769089,1.304867,,,47.609749,57.910866,0.199444,0.214254,,,,0.359294,1.489752,-1.779242,,,,,,
679918,0.357426,1.481828,-1.764510,0.373509,1.446003,-1.867738,0.700329,2.108443,,,49.034229,56.074131,,,,,0.032059,0.022678,-0.103229,0.357199,1.481397,-1.761350,,,,,,
679921,,,,,,,,,0.906427,1.957303,,,46.048813,55.805256,0.235475,0.240205,,,,,,,,,,,,
679928,,,,,,,,,,,,,,,,,,,,0.355463,1.472828,-1.750456,,,,,,
679931,,,,,,,,,0.824024,1.304869,,,48.547241,58.389942,0.210588,0.213895,,,,,,,,,,,,
679939,,,,,,,,,0.824024,1.304869,,,48.471249,57.841980,0.211461,0.219021,,,,0.353755,1.464578,-1.736055,,,,,,
679946,,,,,,,,,,,,,,,,,,,,0.352155,1.456227,-1.725144,,,,,,
679951,,,,,,,,,0.933894,1.304869,,,48.951851,57.925468,0.206671,0.217816,,,,,,,,,,,,
679960,,,,,,,,,0.796557,0.652434,,,49.356228,57.451172,0.202563,0.222283,,,,0.350637,1.448004,-1.714239,,,,,,
679967,,,,,,,,,,,,,,,,,,,,0.349137,1.439466,-1.703161,,,,,,
679970,0.349250,1.439729,-1.705574,0.363982,1.408815,-1.778041,0.745181,1.897032,0.878959,1.304869,51.002037,58.019203,47.518299,54.873928,0.241317,0.268136,0.028654,0.018753,-0.072467,,,,,,,,,
679975,,,,,,,,,,,,,,,,,,,,0.347776,1.430909,-1.691882,,,,,,
679981,,,,,,,,,0.824024,1.304869,,,49.783669,57.606323,0.218907,0.240894,,,,,,,,,,,,
679988,,,,,,,,,,,,,,,,,,,,0.346556,1.422288,-1.680756,,,,,,
679991,,,,,,,,,0.878959,1.304869,,,49.511578,57.182644,0.221926,0.245298,,,,,,,,,,,,
679997,,,,,,,,,,,,,,,,,,,,0.345366,1.413977,-1.669480,,,,,,
680001,,,,,,,,,0.824024,1.304869,,,49.827183,57.370705,0.219005,0.243547,,,,,,,,,,,,
680005,,,,,,,,,,,,,,,,,,,,0.344304,1.405838,-1.658563,,,,,,
680011,,,,,,,,,0.878959,1.304869,,,50.092731,57.528938,0.216532,0.242063,,,,,,,,,,,,
680020,0.344337,1.405014,-1.657037,0.357247,1.368682,-1.698514,0.791012,1.691632,0.933894,1.304869,55.648098,62.878410,48.137993,54.939362,0.284042,0.318139,0.035085,0.015991,-0.041477,0.343318,1.397349,-1.647340,,,,,,
680028,,,,,,,,,,,,,,,,,,,,0.342466,1.388936,-1.632246,,,,,,
680031,,,,,,,,,0.796557,1.957302,,,50.305080,58.205921,0.263439,0.286408,,,,,,,,,,,,
680041,,,,,,,,,0.961362,0.652434,,,51.039379,58.231689,0.257018,0.287079,,,,0.341664,1.379791,-1.620618,,,,,,
680049,,,,,,,,,0.878959,1.304869,,,51.112675,58.797913,0.257192,0.282233,,,,0.341020,1.371090,-1.605279,,,,,,
680057,,,,,,,,,,,,,,,,,,,,0.340547,1.362294,-1.593846,,,,,,
680061,,,,,,,,,0.906427,1.957303,,,51.718887,59.274334,0.251916,0.278190,,,,,,,,,,,,
680065,,,,,,,,,,,,,,,,,,,,0.340021,1.353444,-1.578302,,,,,,
680070,0.340235,1.353971,-1.576704,0.353305,1.325872,-1.629027,0.837115,1.489899,0.961362,1.957303,57.416386,62.842060,52.228958,59.675194,0.265536,0.274451,0.028022,0.013235,-0.052323,,,,,,,,,
680079,,,,,,,,,0.933894,1.304869,,,52.658131,60.012478,0.262196,0.271644,,,,0.339705,1.344325,-1.563168,,,,,,
680088,,,,,,,,,,,,,,,,,,,,0.339501,1.335161,-1.547628,,,,,,
680091,,,,,,,,,0.906427,0.652435,,,53.019234,60.296268,0.259464,0.269315,,,,,,,,,,,,
680101,,,,,,,,,0.988829,2.609737,,,53.323067,61.079594,0.257244,0.261835,,,,0.339386,1.325746,-1.536047,,,,,,
680109,,,,,,,,,0.933894,1.304869,,,53.578712,61.194141,0.255455,0.261019,,,,0.339546,1.316539,-1.516847,,,,,,
680117,,,,,,,,,,,,,,,,,,,,0.339663,1.307425,-1.501556,,,,,,
680120,0.339818,1.307415,-1.502392,0.352065,1.280643,-1.569551,0.882742,1.289678,0.961362,0.652434,61.126537,64.462074,53.793812,61.835064,0.291872,0.271335,0.027546,0.010388,-0.067158,,,,,,,,,
680131,,,,,,,,,0.906427,1.957303,,,53.974796,61.829792,0.291493,0.271914,,,,0.339834,1.297919,-1.490226,,,,,,
680138,,,,,,,,,,,,,,,,,,,,0.340410,1.288191,-1.478960,,,,,,
680141,,,,,,,,,1.016297,0.652434,,,55.216164,61.825356,0.280261,0.272486,,,,,,,,,,,,
680146,,,,,,,,,,,,,,,,,,,,0.341134,1.278540,-1.471572,,,,,,
680151,,,,,,,,,0.961362,0.652434,,,55.716106,62.366165,0.276344,0.267497,,,,,,,,,,,,
680160,,,,,,,,,1.016297,0.652434,,,56.136761,62.276661,0.273135,0.268829,,,,0.341811,1.268958,-1.460334,,,,,,
680168,0.342831,1.259052,-1.450942,0.353344,1.233244,-1.520141,0.927093,1.089154,,,64.415222,66.314003,,,,,0.026880,0.007351,-0.069199,0.342706,1.259259,-1.449212,,,,,,
680171,,,,,,,,,0.988829,0.000000,,,54.857067,60.023178,0.320731,0.311141,,,,,,,,,,,,
680176,,,,,,,,,,,,,,,,,,,,0.343529,1.249240,-1.441800,,,,,,
680181,,,,,,,,,1.016297,0.652434,,,58.136681,63.572533,0.289190,0.276196,,,,,,,,,,,,
680190,,,,,,,,,1.016297,0.652434,,,58.717972,63.836243,0.284517,0.274055,,,,0.344630,1.238869,-1.434512,,,,,,
680198,,,,,,,,,,,,,,,,,,,,0.345796,1.228730,-1.427183,,,,,,
680201,,,,,,,,,1.016297,0.652434,,,59.751614,63.513584,0.275113,0.277841,,,,,,,,,,,,
680205,,,,,,,,,,,,,,,,,,,,0.346872,1.218701,-1.423483,,,,,,
680211,,,,,,,,,1.043764,0.000000,,,60.076778,64.331184,0.272729,0.270062,,,,,,,,,,,,
680220,0.347066,1.217740,-1.425790,0.356865,1.183912,-1.480918,0.969324,0.886839,1.043764,1.304868,69.582458,71.023804,58.172199,61.751854,0.345730,0.344808,0.034889,0.004808,-0.055128,0.348139,1.208459,-1.416174,,,,,,
680227,,,,,,,,,,,,,,,,,,,,0.349482,1.197647,-1.416271,,,,,,
680231,,,,,,,,,1.043764,0.000000,,,61.470573,65.571579,0.314368,0.307701,,,,,,,,,,,,
680235,,,,,,,,,,,,,,,,,,,,0.351005,1.187389,-1.412680,,,,,,
680241,,,,,,,,,1.043764,0.000000,,,62.612198,65.518242,0.304346,0.309335,,,,,,,,,,,,
680258,,,,,,,,,0.192272,0.652434,,,59.216415,62.750645,0.340377,0.338666,,,,0.352763,1.176624,-1.405468,,,,,,
680261,,,,,,,,,0.714154,1.304868,,,51.458313,54.432014,0.421583,0.425171,,,,,,,,,,,,
680270,0.352804,1.177123,-1.401702,0.362258,1.132866,-1.452062,1.008565,0.681482,1.236036,-0.652434,75.452850,75.892601,52.009708,55.056324,0.479461,0.471783,0.045217,0.001871,-0.050360,,,,,,,,,
680279,,,,,,,,,1.263504,0.000000,,,59.552715,62.116138,0.407211,0.403940,,,,0.357797,1.144979,-1.398100,,,,,,
680287,,,,,,,,,,,,,,,,,,,,0.359690,1.134527,-1.394446,,,,,,
680291,,,,,,,,,1.318439,1.304869,,,63.176685,65.878090,0.373427,0.368323,,,,,,,,,,,,
680301,,,,,,,,,1.318439,0.000000,,,66.225891,68.498856,0.344780,0.343594,,,,0.361438,1.123271,-1.394393,,,,,,
680309,,,,,,,,,1.181102,0.652433,,,66.613319,69.070335,0.342674,0.339244,,,,0.363323,1.111131,-1.394413,,,,,,
680316,,,,,,,,,,,,,,,,,,,,0.365322,1.099334,-1.390791,,,,,,
680320,0.365176,1.100990,-1.388976,0.369063,1.080318,-1.433810,1.043957,0.471959,1.263504,0.000000,71.331566,70.863342,68.572929,70.640266,0.282417,0.273297,0.021034,0.000085,-0.044834,,,,,,,,,
680331,,,,,,,,,1.181102,-0.652433,,,69.132660,71.416664,0.277259,0.265422,,,,0.367265,1.087381,-1.390791,,,,,,
680338,,,,,,,,,,,,,,,,,,,,0.369380,1.075505,-1.387181,,,,,,
680341,,,,,,,,,1.208569,1.304866,,,70.692703,72.069923,0.261787,0.258648,,,,,,,,,,,,
680348,,,,,,,,,,,,,,,,,,,,0.371486,1.063298,-1.390805,,,,,,
680351,,,,,,,,,1.016297,-3.262172,,,70.371696,69.896858,0.265189,0.280572,,,,,,,,,,,,
680360,,,,,,,,,1.181102,0.652433,,,70.646141,70.791161,0.262581,0.271643,,,,0.373531,1.051100,-1.387179,,,,,,
680368,0.375743,1.039548,-1.384601,0.376740,1.026470,-1.426449,1.074699,0.257184,,,,,,,,,,,,0.375659,1.039226,-1.387181,,,,,,
680371,,,,,,,,,0.878959,1.304869,71.543694,70.008934,68.154343,68.820908,0.290298,0.283040,0.013036,-0.001441,-0.041848,,,,,,,,,
680376,,,,,,,,,,,,,,,,,,,,0.377647,1.026665,-1.387176,,,,,,
680381,,,,,,,,,1.483244,0.000000,,,72.047722,72.608566,0.251264,0.244643,,,,,,,,,,,,
680390,,,,,,,,,1.181102,-0.652433,,,72.056351,72.528244,0.251075,0.244942,,,,0.379826,1.014245,-1.387236,,,,,,
680398,,,,,,,,,,,,,,,,,,,,0.381705,1.001987,-1.387234,,,,,,
680401,,,,,,,,,1.181102,0.652433,,,72.063614,72.460663,0.250898,0.245128,,,,,,,,,,,,
680408,,,,,,,,,,,,,,,,,,,,0.383580,0.989684,-1.387294,,,,,,
680411,,,,,,,,,0.933894,0.000000,,,70.436096,70.770172,0.267395,0.261880,,,,,,,,,,,,
680420,0.383647,0.990017,-1.387072,0.384672,0.971520,-1.430325,1.100102,0.036078,0.906427,0.652435,75.307770,72.411369,67.977615,68.803246,0.331087,0.306296,0.018373,-0.002372,-0.043252,0.385823,0.977668,-1.387467,,,,,,
680427,,,,,,,,,,,,,,,,,,,,0.387804,0.965652,-1.387490,,,,,,
680431,,,,,,,,,1.538179,-1.304869,,,71.899025,72.049164,0.292554,0.273909,,,,,,,,,,,,
680435,,,,,,,,,,,,,,,,,,,,0.389818,0.953588,-1.387701,,,,,,
680441,,,,,,,,,1.208569,0.000000,,,73.020325,72.602104,0.281799,0.268341,,,,,,,,,,,,
680449,,,,,,,,,1.098699,0.000000,,,72.874702,72.522812,0.283742,0.269112,,,,0.391926,0.941855,-1.387855,,,,,,
680457,,,,,,,,,,,,,,,,,,,,0.394144,0.930161,-1.391575,,,,,,
680461,,,,,,,,,1.236036,-0.652434,,,73.296715,72.456093,0.279924,0.269770,,,,,,,,,,,,
680470,0.394139,0.930072,-1.393933,0.392182,0.915681,-1.445830,1.119646,-0.192413,0.796557,0.652434,76.190094,71.352180,69.839996,69.677238,0.324584,0.287302,0.013822,-0.004458,-0.051897,0.396290,0.918861,-1.391487,,,,,,
680478,,,,,,,,,,,,,,,,,,,,0.398297,0.907336,-1.395144,,,,,,
680481,,,,,,,,,1.483244,-1.304866,,,73.466026,72.784546,0.288869,0.255942,,,,,,,,,,,,
680486,,,,,,,,,,,,,,,,,,,,0.400171,0.896028,-1.398579,,,,,,
680491,,,,,,,,,1.181102,0.652433,,,73.794258,73.220856,0.286066,0.251206,,,,,,,,,,,,
680500,,,,,,,,,1.181102,-1.957302,,,74.070427,72.498878,0.283728,0.258196,,,,0.402010,0.884752,-1.405620,,,,,,
680508,,,,,,,,,,,,,,,,,,,,0.403735,0.873660,-1.412622,,,,,,
680511,,,,,,,,,1.126167,1.957302,,,73.213715,72.435951,0.292890,0.258609,,,,,,,,,,,,
680515,,,,,,,,,,,,,,,,,,,,0.405507,0.862271,-1.419817,,,,,,
680520,0.405566,0.863346,-1.409445,0.398547,0.859182,-1.473397,1.133038,-0.429227,1.181102,-1.957302,75.060410,67.957085,70.859245,69.115746,0.305978,0.257628,0.002982,-0.007597,-0.063952,,,,,,,,,
680529,,,,,,,,,1.126167,-1.957302,,,74.323624,71.767563,0.271482,0.230348,,,,0.407078,0.850422,-1.430814,,,,,,
680537,,,,,,,,,,,,,,,,,,,,0.408783,0.838869,-1.438167,,,,,,
680541,,,,,,,,,1.153634,-1.304868,,,74.515839,71.276085,0.269669,0.234599,,,,,,,,,,,,
680551,,,,,,,,,1.153634,0.000000,,,74.677567,70.862549,0.268128,0.238153,,,,0.410198,0.827286,-1.449203,,,,,,
680559,,,,,,,,,1.098699,-2.609736,,,74.269104,69.970062,0.272371,0.246675,,,,0.411579,0.815862,-1.456573,,,,,,
680570,0.411547,0.815260,-1.463565,0.403017,0.802292,-1.513483,1.140252,-0.675012,1.181102,0.652433,78.296913,70.796349,70.113617,67.040947,0.347927,0.305110,0.011981,-0.009869,-0.049919,0.412639,0.804391,-1.471447,,,,,,
680575,,,,,,,,,,,,,,,,,,,,0.413852,0.793051,-1.486437,,,,,,
680581,,,,,,,,,1.071232,-1.957303,,,74.240799,70.021828,0.307467,0.275456,,,,,,,,,,,,
680589,,,,,,,,,1.208569,-1.304866,,,74.990692,69.807220,0.300629,0.277800,,,,0.415084,0.781524,-1.505328,,,,,,
680596,,,,,,,,,,,,,,,,,,,,0.415973,0.769751,-1.524445,,,,,,
680601,,,,,,,,,1.126167,-0.652435,,,75.077110,69.626648,0.300409,0.279840,,,,,,,,,,,,
680611,,,,,,,,,1.208569,-2.609737,,,75.694366,68.930176,0.294757,0.287178,,,,0.416599,0.758298,-1.539754,,,,,,
680618,0.416937,0.747568,-1.558504,0.404835,0.745330,-1.566530,1.141563,-0.929909,,,74.887756,68.978386,,,,,0.002090,-0.012128,-0.008026,0.417181,0.746897,-1.555259,,,,,,
680621,,,,,,,,,0.988829,-5.219473,,,75.669182,66.710533,0.260761,0.291648,,,,,,,,,,,,
680628,,,,,,,,,,,,,,,,,,,,0.417568,0.735344,-1.570609,,,,,,
680631,,,,,,,,,1.208569,5.219474,,,73.469818,69.743813,0.283038,0.261162,,,,,,,,,,,,
680640,,,,,,,,,1.126167,-0.652435,,,73.252907,69.573296,0.285534,0.262748,,,,0.417865,0.723637,-1.590089,,,,,,
680649,,,,,,,,,1.098699,-1.304869,,,73.614937,69.429825,0.282168,0.264093,,,,0.417785,0.711863,-1.601737,,,,,,
680656,,,,,,,,,,,,,,,,,,,,0.417574,0.700455,-1.613271,,,,,,
680661,,,,,,,,,1.181102,-1.957302,,,73.919548,69.309113,0.279316,0.265234,,,,,,,,,,,,
680670,0.417356,0.699456,-1.616879,0.403262,0.688679,-1.632924,1.137555,-1.193272,0.961362,-3.262171,78.258369,70.338371,73.086761,66.484825,0.322384,0.307847,0.011415,-0.013583,-0.016045,0.417283,0.688856,-1.628591,,,,,,
680678,,,,,,,,,,,,,,,,,,,,0.416611,0.677244,-1.643760,,,,,,
680681,,,,,,,,,1.290972,1.957303,,,73.475143,69.553902,0.319457,0.277313,,,,,,,,,,,,
680685,,,,,,,,,,,,,,,,,,,,0.415622,0.665613,-1.654988,,,,,,
680691,,,,,,,,,1.126167,-0.652435,,,73.801926,69.413506,0.317081,0.278902,,,,,,,,,,,,
680699,,,,,,,,,1.208569,-1.304866,,,74.621422,69.295380,0.309613,0.280292,,,,0.414476,0.653892,-1.669914,,,,,,
680707,,,,,,,,,,,,,,,,,,,,0.413515,0.642428,-1.681182,,,,,,
680711,,,,,,,,,1.153634,-1.304868,,,74.766403,69.195984,0.308862,0.281515,,,,,,,,,,,,
680720,0.413457,0.642388,-1.681259,0.397604,0.632809,-1.712939,1.129094,-1.463420,1.208569,-2.609737,78.943985,68.460159,75.977478,69.656898,0.304200,0.257884,0.011268,-0.014701,-0.031680,0.412439,0.630816,-1.695998,,,,,,
680729,,,,,,,,,1.071232,-0.652434,,,74.273758,68.955627,0.322171,0.264798,,,,0.411257,0.618878,-1.710724,,,,,,
680737,,,,,,,,,,,,,,,,,,,,0.409611,0.606937,-1.725272,,,,,,
680741,,,,,,,,,1.153634,0.000000,,,74.473877,68.910118,0.321064,0.265163,,,,,,,,,,,,
680751,,,,,,,,,1.208569,-2.609737,,,75.731346,68.327286,0.309132,0.271018,,,,0.408160,0.595026,-1.747051,,,,,,
680758,,,,,,,,,,,,,,,,,,,,0.406270,0.583395,-1.761391,,,,,,
680761,,,,,,,,,1.181102,-3.262171,,,76.244835,68.925980,0.304537,0.264937,,,,,,,,,,,,
680766,,,,,,,,,,,,,,,,,,,,0.404076,0.571725,-1.782825,,,,,,
680770,0.403942,0.572785,-1.787975,0.387244,0.578284,-1.806681,1.117275,-1.737533,1.208569,-1.304866,74.859474,63.778927,73.409630,66.162460,0.292334,0.245284,-0.001772,-0.017490,-0.018706,,,,,,,,,
680780,,,,,,,,,1.153634,-2.609736,,,77.558609,69.282669,0.250304,0.212981,,,,0.401673,0.560156,-1.804138,,,,,,
680788,,,,,,,,,,,,,,,,,,,,0.399204,0.548645,-1.825281,,,,,,
680791,,,,,,,,,1.016297,0.652434,,,75.059578,68.096207,0.275255,0.223982,,,,,,,,,,,,
680796,,,,,,,,,,,,,,,,,,,,0.396360,0.536725,-1.849517,,,,,,
680801,,,,,,,,,1.043764,-1.304868,,,74.590530,67.097916,0.279999,0.233301,,,,,,,,,,,,
680810,,,,,,,,,1.153634,-3.914605,,,75.284958,66.802498,0.272970,0.235651,,,,0.393237,0.524835,-1.870280,,,,,,
680817,,,,,,,,,,,,,,,,,,,,0.390020,0.513473,-1.897581,,,,,,
680820,0.389720,0.513838,-1.904791,0.371670,0.525775,-1.914057,1.103324,-2.011831,1.098699,-1.304869,73.428780,61.465515,75.324707,66.553932,0.257886,0.213984,-0.005361,-0.020966,-0.009266,,,,,,,,,
680829,,,,,,,,,1.043764,-1.304868,,,74.269066,65.800247,0.268274,0.220654,,,,0.386653,0.501831,-1.924667,,,,,,
680839,,,,,,,,,1.071232,-3.262170,,,74.469933,64.621552,0.266057,0.231810,,,,0.382944,0.490459,-1.948252,,,,,,
680847,,,,,,,,,,,,,,,,,,,,0.379011,0.479363,-1.974804,,,,,,
680851,,,,,,,,,1.098699,-2.609736,,,74.638939,64.174339,0.264125,0.235740,,,,,,,,,,,,
680861,,,,,,,,,1.126167,-3.262170,,,74.781143,63.798058,0.262433,0.239037,,,,0.374714,0.468597,-2.001242,,,,,,
680870,0.374089,0.468060,-2.006820,0.350514,0.476067,-2.034784,1.088478,-2.282232,0.824024,-1.304869,76.153717,61.370914,72.178078,61.303284,0.316508,0.263052,0.002699,-0.024751,-0.027964,0.370220,0.457662,-2.027415,,,,,,
680877,,,,,,,,,,,,,,,,,,,,0.365367,0.447337,-2.053383,,,,,,
680881,,,,,,,,,1.428309,-2.609736,,,75.433289,64.105064,0.284100,0.234487,,,,,,,,,,,,
680891,,,,,,,,,1.098699,-1.304869,,,74.904968,64.284317,0.289633,0.232112,,,,0.360050,0.437035,-2.078883,,,,,,
680898,,,,,,,,,,,,,,,,,,,,0.354514,0.427339,-2.104266,,,,,,
680901,,,,,,,,,1.016297,-3.262172,,,75.004982,63.346050,0.288863,0.241100,,,,,,,,,,,,
680906,,,,,,,,,,,,,,,,,,,,0.348797,0.417605,-2.126354,,,,,,
680911,,,,,,,,,1.071232,-1.957303,,,74.544594,63.101135,0.293788,0.243203,,,,,,,,,,,,
680920,0.348818,0.417866,-2.124532,0.323581,0.430061,-2.168463,1.073857,-2.545466,0.851492,-1.957303,76.525970,59.206989,71.979050,60.716892,0.324076,0.245104,0.002898,-0.027879,-0.043931,0.343210,0.408181,-2.151728,,,,,,
680928,,,,,,,,,,,,,,,,,,,,0.337293,0.399022,-2.176751,,,,,,
680931,,,,,,,,,1.318439,0.000000,,,73.632202,63.611679,0.308123,0.215275,,,,,,,,,,,,
680935,,,,,,,,,,,,,,,,,,,,0.331145,0.390173,-2.201782,,,,,,
680941,,,,,,,,,1.126167,-3.262170,,,74.478615,63.324635,0.300068,0.217322,,,,,,,,,,,,
680949,,,,,,,,,1.098699,-5.219474,,,75.190788,62.538574,0.293213,0.224516,,,,0.325092,0.381416,-2.232966,,,,,,
680957,,,,,,,,,,,,,,,,,,,,0.318926,0.372841,-2.263793,,,,,,
680961,,,,,,,,,1.071232,-1.957303,,,75.245468,62.421726,0.292923,0.225042,,,,,,,,,,,,
680970,0.318875,0.372924,-2.260315,0.290889,0.388764,-2.314724,1.060373,-2.800437,1.181102,-4.567039,77.464920,58.025719,73.113304,59.600693,0.324504,0.241125,0.005583,-0.031669,-0.054409,0.312696,0.364553,-2.294579,,,,,,
680979,,,,,,,,,1.016297,-3.262172,,,76.764732,61.583424,0.288130,0.220586,,,,0.306129,0.356622,-2.330852,,,,,,
680988,,,,,,,,,,,,,,,,,,,,0.299063,0.348622,-2.363880,,,,,,
680991,,,,,,,,,1.016297,-0.652434,,,74.391617,61.618061,0.312476,0.219521,,,,,,,,,,,,
681001,,,,,,,,,1.098699,-3.914604,,,75.117592,60.558121,0.305686,0.229614,,,,0.291497,0.340392,-2.405622,,,,,,
681008,,,,,,,,,,,,,,,,,,,,0.283693,0.332588,-2.444023,,,,,,
681011,,,,,,,,,1.043764,-5.219473,,,75.728424,59.666286,0.299924,0.238204,,,,,,,,,,,,
681016,,,,,,,,,,,,,,,,,,,,0.275484,0.325115,-2.485095,,,,,,
681020,0.275932,0.326130,-2.488115,0.252695,0.353276,-2.473376,1.048699,-3.049284,1.126167,-3.262170,74.210022,57.957726,73.519661,57.282269,0.289601,0.261499,0.001946,-0.035680,0.014739,,,,,,,,,
681030,,,,,,,,,1.043764,-3.914604,,,77.106644,59.632702,0.253152,0.237660,,,,0.267253,0.317958,-2.523003,,,,,,
681038,,,,,,,,,,,,,,,,,,,,0.258784,0.311184,-2.563561,,,,,,
681041,,,,,,,,,1.071232,-3.262170,,,76.857468,59.432182,0.255114,0.239370,,,,,,,,,,,,
681048,,,,,,,,,,,,,,,,,,,,0.250276,0.304922,-2.603813,,,,,,
681051,,,,,,,,,0.988829,0.000000,,,73.925095,59.263466,0.284495,0.240796,,,,,,,,,,,,
681060,,,,,,,,,0.988829,-2.609737,,,73.635971,59.121506,0.287501,0.241983,,,,0.241276,0.299069,-2.643897,,,,,,
681067,,,,,,,,,,,,,,,,,,,,0.232162,0.293468,-2.680904,,,,,,
681070,0.232373,0.293923,-2.675665,0.209530,0.324762,-2.644544,1.039374,-3.297262,1.126167,-4.567039,75.047874,58.497414,74.481789,59.002064,0.287535,0.248474,0.006554,-0.037814,0.031121,,,,,,,,,
681075,,,,,,,,,,,,,,,,,,,,0.222608,0.287982,-2.714969,,,,,,
681081,,,,,,,,,1.043764,-3.914604,,,74.648918,58.357021,0.285943,0.254952,,,,,,,,,,,,
681089,,,,,,,,,1.071232,-1.957303,,,74.789543,58.358826,0.284589,0.254962,,,,0.212902,0.283037,-2.746097,,,,,,
681097,,,,,,,,,,,,,,,,,,,,0.202994,0.278495,-2.777133,,,,,,
681101,,,,,,,,,1.071232,-1.957303,,,74.363319,58.904884,0.288988,0.249420,,,,,,,,,,,,
681111,,,,,,,,,1.153634,-3.914605,,,75.093781,58.819798,0.281674,0.250206,,,,0.193072,0.274520,-2.808017,,,,,,
681120,0.191862,0.274384,-2.813322,0.162218,0.304415,-2.828607,1.033032,-3.550783,1.016297,-3.262172,80.187065,59.264942,71.896591,56.570030,0.366696,0.280918,0.018379,-0.037985,-0.015285,0.183431,0.270591,-2.838843,,,,,,
681126,,,,,,,,,,,,,,,,,,,,0.172973,0.266714,-2.864030,,,,,,
681131,,,,,,,,,1.071232,-3.262170,,,75.196449,59.577965,0.334695,0.250776,,,,,,,,,,,,
681141,,,,,,,,,1.071232,-1.957303,,,75.250229,59.386127,0.335145,0.252670,,,,0.162320,0.263290,-2.897602,,,,,,
681148,,,,,,,,,,,,,,,,,,,,0.152134,0.260390,-2.925448,,,,,,
681151,,,,,,,,,1.043764,-2.609737,,,74.750938,59.769257,0.341225,0.248738,,,,,,,,,,,,
681156,,,,,,,,,,,,,,,,,,,,0.141538,0.257480,-2.961658,,,,,,
681161,,,,,,,,,1.126167,-3.262170,,,75.419922,59.547081,0.335489,0.250903,,,,,,,,,,,,
681170,0.141181,0.257738,-2.962883,0.111892,0.293405,-3.025908,1.030753,-3.813105,1.181102,-4.567039,83.356247,57.878304,73.260094,57.181969,0.390798,0.260827,0.022482,-0.040305,-0.063025,0.131046,0.254966,-2.997652,,,,,,
681178,,,,,,,,,,,,,,,,,,,,0.120326,0.252601,-3.033764,,,,,,
681181,,,,,,,,,1.043764,-5.219473,,,77.977325,59.548309,0.344701,0.236830,,,,,,,,,,,,
681186,,,,,,,,,,,,,,,,,,,,0.108857,0.250711,-3.072583,,,,,,
681191,,,,,,,,,1.126167,-4.567039,,,78.134605,59.361176,0.344173,0.238405,,,,,,,,,,,,
681200,,,,,,,,,1.153634,-3.914605,,,78.811485,59.203720,0.338313,0.239714,,,,0.097533,0.249100,-3.116978,,,,,,
681210,,,,,,,,,0.961362,-1.957303,,,77.202835,59.071236,0.355630,0.240800,,,,0.097533,0.249100,-3.116978,,,,,,
681218,0.086981,0.248340,3.130301,0.059997,0.292813,3.047071,1.034453,-4.078121,,,86.326683,57.992153,,,,,0.027484,-0.044166,-0.083231,0.086386,0.248015,3.121851,,,,,,
681221,,,,,,,,,1.181102,-5.871908,,,75.304779,56.781593,0.406520,0.265077,,,,,,,,,,,,
681226,,,,,,,,,,,,,,,,,,,,0.074801,0.247553,3.072094,,,,,,
681231,,,,,,,,,1.181102,-5.871908,,,80.786812,59.211433,0.352807,0.240535,,,,0.063698,0.247518,3.022331,,,,,,
681241,,,,,,,,,1.071232,-4.567039,,,81.043053,58.533184,0.351302,0.247210,,,,0.052955,0.247667,2.972506,,,,,,
681248,,,,,,,,,,,,,,,,,,,,0.041814,0.248242,2.919852,,,,,,
681251,,,,,,,,,1.126167,-3.262170,,,80.169563,58.507050,0.361268,0.247368,,,,,,,,,,,,
681256,,,,,,,,,,,,,,,,,,,,0.030190,0.249650,2.861143,,,,,,
681261,,,,,,,,,1.126167,-5.871908,,,81.612785,58.485058,0.347778,0.247489,,,,,,,,,,,,
681270,0.030288,0.250274,2.859120,0.008275,0.303557,2.825797,1.047130,-4.324263,0.851492,-4.567039,88.756454,62.307911,79.015305,55.743839,0.399999,0.319372,0.035992,-0.045036,-0.033322,0.018998,0.251391,2.802325,,,,,,
681278,,,,,,,,,,,,,,,,,,,,0.007799,0.253543,2.743256,,,,,,
681281,,,,,,,,,1.428309,-6.524341,,,83.364304,58.338268,0.357588,0.294221,,,,,,,,,,,,
681286,,,,,,,,,,,,,,,,,,,,-0.003179,0.256383,2.683846,,,,,,
681291,,,,,,,,,1.208569,-5.219474,,,84.300835,58.887589,0.349113,0.289412,,,,,,,,,,,,
681301,,,,,,,,,1.263504,-3.914606,,,85.088837,59.894329,0.341967,0.279828,,,,-0.014203,0.259660,2.621120,,,,,,
681309,,,,,,,,,1.071232,-3.262170,,,83.029144,60.196857,0.363709,0.277225,,,,-0.025140,0.263373,2.563611,,,,,,
681317,,,,,,,,,,,,,,,,,,,,-0.036436,0.267746,2.499569,,,,,,
681320,-0.035013,0.267943,2.516083,-0.041267,0.326299,2.597422,1.072771,-4.513456,1.181102,-4.567039,87.725288,67.999100,83.474289,59.906864,0.349796,0.338655,0.039238,-0.043645,0.081339,,,,,,,,,
681331,,,,,,,,,1.126167,-4.567039,,,84.937920,61.296490,0.335718,0.326099,,,,-0.047217,0.272718,2.443763,,,,,,
681338,,,,,,,,,,,,,,,,,,,,-0.057686,0.277995,2.381571,,,,,,
681341,,,,,,,,,1.236037,-3.262171,,,83.991249,61.376637,0.345931,0.326622,,,,,,,,,,,,
681346,,,,,,,,,,,,,,,,,,,,-0.067609,0.283441,2.327675,,,,,,
681351,,,,,,,,,1.263504,-3.914606,,,84.283806,61.988613,0.343694,0.321704,,,,,,,,,,,,
681360,,,,,,,,,1.153634,-2.609736,,,83.985420,63.048077,0.347426,0.312100,,,,-0.077222,0.289696,2.270103,,,,,,
681369,-0.085948,0.297314,2.231965,-0.086411,0.361350,2.367845,1.115664,-4.601423,,,91.402794,75.359398,,,,,0.050826,-0.038955,0.135880,-0.086584,0.296587,2.217844,,,,,,
681372,,,,,,,,,0.906427,-0.652435,,,79.922554,61.761333,0.427125,0.401290,,,,,,,,,,,,
681378,,,,,,,,,,,,,,,,,,,,-0.086584,0.296587,2.217844,,,,,,
681381,,,,,,,,,1.510711,-3.262170,,,83.583122,65.035019,0.392084,0.370618,,,,,,,,,,,,
681386,,,,,,,,,,,,,,,,,,,,-0.095328,0.303381,2.168190,,,,,,
681391,,,,,,,,,1.290972,-1.957303,,,83.940407,66.700409,0.390003,0.355696,,,,,,,,,,,,
681394,,,,,,,,,,,,,,,,,,,,-0.103926,0.310686,2.117827,,,,,,
681401,,,,,,,,,1.345907,-4.567038,,,84.785568,68.101662,0.382875,0.343135,,,,-0.111969,0.318832,2.069896,,,,,,
681410,,,,,,,,,1.098699,0.000000,,,83.318512,68.191589,0.399163,0.343669,,,,-0.119576,0.327015,2.024519,,,,,,
681418,-0.126572,0.336107,1.999824,-0.124821,0.408564,2.143619,1.179129,-4.559114,,,98.513565,84.010124,,,,,0.065162,-0.031733,0.143795,-0.127279,0.335629,1.978519,,,,,,
681421,,,,,,,,,1.373374,-2.609737,,,80.995049,66.633629,0.497009,0.449231,,,,,,,,,,,,
681428,,,,,,,,,,,,,,,,,,,,-0.127279,0.335629,1.978519,,,,,,
681431,,,,,,,,,1.318439,-3.914604,,,86.119148,70.768196,0.448247,0.410534,,,,,,,,,,,,
681436,,,,,,,,,,,,,,,,,,,,-0.134759,0.344926,1.928370,,,,,,
681441,,,,,,,,,1.483244,-2.609737,,,87.707848,73.157928,0.434521,0.388807,,,,,,,,,,,,
681444,,,,,,,,,,,,,,,,,,,,-0.141689,0.354399,1.884210,,,,,,
681451,,,,,,,,,1.455776,-0.652433,,,89.589127,75.168655,0.417493,0.370468,,,,-0.148306,0.364257,1.839357,,,,,,
681461,,,,,,,,,1.455776,-3.262171,,,90.627487,76.315933,0.408686,0.360534,,,,-0.148306,0.364257,1.839357,,,,,,
681470,-0.148566,0.367636,1.839187,-0.154156,0.467239,1.930155,1.264017,-4.391523,0.796557,-1.957302,114.450699,97.752556,85.511192,71.835823,0.625009,0.547943,0.097519,-0.021023,0.090968,-0.154807,0.374538,1.793708,,,,,,
681478,,,,,,,,,,,,,,,,,,,,-0.161013,0.385467,1.743599,,,,,,
681481,,,,,,,,,1.785386,-3.262171,,,91.008118,76.778946,0.574728,0.502707,,,,,,,,,,,,
681485,,,,,,,,,,,,,,,,,,,,-0.166772,0.396347,1.699791,,,,,,
681491,,,,,,,,,1.648049,-2.609737,,,93.999603,79.849007,0.548903,0.475587,,,,-0.171856,0.407562,1.651374,,,,,,
681501,,,,,,,,,1.730451,-1.957303,,,98.694809,83.521240,0.505102,0.441711,,,,-0.176472,0.418871,1.601865,,,,,,
681508,,,,,,,,,,,,,,,,,,,,-0.180742,0.430164,1.547901,,,,,,
681511,,,,,,,,,1.428309,-1.304868,,,96.110840,83.343796,0.534610,0.446367,,,,,,,,,,,,
681516,,,,,,,,,,,,,,,,,,,,-0.184468,0.442408,1.490620,,,,,,
681520,-0.182733,0.441990,1.514485,-0.172232,0.536022,1.730538,1.367596,-4.136711,1.757919,-2.609739,111.797958,108.318657,99.382118,86.461754,0.477853,0.525220,0.094474,-0.005192,0.216053,,,,,,,,,
681530,,,,,,,,,1.648049,-2.609737,,,101.045486,88.540665,0.463370,0.508386,,,,-0.188168,0.454684,1.442194,,,,,,
681538,,,,,,,,,,,,,,,,,,,,-0.191451,0.467763,1.383907,,,,,,
681541,,,,,,,,,1.730451,0.652434,,,101.900497,91.378944,0.456799,0.483391,,,,,,,,,,,,
681546,,,,,,,,,,,,,,,,,,,,-0.194096,0.480345,1.327149,,,,,,
681551,,,,,,,,,1.675516,-0.652435,,,102.619904,93.767075,0.451441,0.462420,,,,,,,,,,,,
681560,,,,,,,,,1.757919,0.000000,,,103.769753,96.320984,0.441548,0.439281,,,,-0.196322,0.493329,1.271495,,,,,,
681570,-0.194636,0.496378,1.291990,-0.177218,0.612855,1.545382,1.483144,-3.846208,1.455776,0.652433,120.600899,124.556885,96.024544,90.301697,0.611945,0.668707,0.116773,0.015310,0.253392,,,,,,,,,
681581,,,,,,,,,1.702984,1.304869,,,102.032227,97.761566,0.555582,0.599467,,,,-0.199755,0.520471,1.163491,,,,,,
681589,,,,,,,,,1.812854,2.609736,,,103.275284,101.860123,0.546616,0.563021,,,,-0.200618,0.534259,1.107518,,,,,,
681597,,,,,,,,,,,,,,,,,,,,-0.200918,0.547725,1.052714,,,,,,
681601,,,,,,,,,1.895256,0.652433,,,105.410278,105.308647,0.528304,0.532385,,,,,,,,,,,,
681611,,,,,,,,,1.950191,1.957302,,,107.206665,108.210236,0.513019,0.506639,,,,-0.200575,0.560541,0.995632,,,,,,
681620,-0.197982,0.563071,1.028862,-0.167879,0.694939,1.373515,1.600205,-3.564197,2.060061,1.957303,121.512253,139.031982,104.906342,106.295288,0.548457,0.677087,0.128501,0.042227,0.344653,-0.199625,0.573702,0.939501,,,,,,
681628,,,,,,,,,,,,,,,,,,,,-0.198257,0.587279,0.887107,,,,,,
681631,,,,,,,,,1.290972,-0.652435,,,106.238106,108.495850,0.538194,0.661188,,,,,,,,,,,,
681641,,,,,,,,,2.087528,3.914604,,,108.447739,113.614662,0.518711,0.615084,,,,-0.196543,0.601302,0.835339,,,,,,
681648,,,,,,,,,,,,,,,,,,,,-0.194266,0.615194,0.787057,,,,,,
681651,,,,,,,,,2.114996,5.871907,,,109.762383,118.466179,0.507914,0.570682,,,,,,,,,,,,
681656,,,,,,,,,,,,,,,,,,,,-0.191219,0.628936,0.727243,,,,,,
681661,,,,,,,,,2.032593,3.914604,,,110.323982,121.459152,0.504536,0.544266,,,,,,,,,,,,
681670,-0.187840,0.630976,0.769152,-0.143854,0.778795,1.212870,1.705120,-3.317627,1.565646,-0.652435,117.635330,150.473618,102.083817,111.997490,0.551279,0.760995,0.134416,0.075614,0.443717,-0.187960,0.642327,0.674363,,,,,,
681678,,,,,,,,,,,,,,,,,,,,-0.184195,0.655113,0.618887,,,,,,
681681,,,,,,,,,1.867789,6.524342,,,108.764130,121.461838,0.486250,0.672154,,,,,,,,,,,,
681686,,,,,,,,,,,,,,,,,,,,-0.180015,0.667883,0.569665,,,,,,
681691,,,,,,,,,2.224866,7.176775,,,110.028595,126.702415,0.475127,0.624502,,,,,,,,,,,,
681700,,,,,,,,,2.032593,6.524344,,,110.003426,130.022751,0.476905,0.595389,,,,-0.175122,0.680610,0.512025,,,,,,
681707,,,,,,,,,,,,,,,,,,,,-0.169697,0.693344,0.460768,,,,,,
681711,,,,,,,,,1.977659,9.134078,,,108.893166,132.816483,0.489756,0.570983,,,,,,,,,,,,
681715,,,,,,,,,,,,,,,,,,,,-0.163878,0.705591,0.409626,,,,,,
681720,-0.160960,0.706025,0.478294,-0.105974,0.860400,1.061346,1.781588,-3.115525,2.060061,5.871910,100.748970,152.583099,105.236275,129.721695,0.356564,0.627598,0.119869,0.111743,0.583052,,,,,,,,,
681729,,,,,,,,,1.428309,5.219473,,,104.882080,129.840454,0.359279,0.630959,,,,-0.157337,0.717411,0.358723,,,,,,
681737,,,,,,,,,,,,,,,,,,,,-0.150573,0.729406,0.313921,,,,,,
681741,,,,,,,,,1.895256,8.481643,,,103.494980,132.118561,0.372601,0.612271,,,,,,,,,,,,
681751,,,,,,,,,1.950191,11.091380,,,101.238785,133.490814,0.395065,0.602367,,,,-0.143176,0.741220,0.266345,,,,,,
681761,,,,,,,,,1.757919,10.438947,,,98.795883,135.734512,0.419884,0.583299,,,,-0.135530,0.752504,0.227359,,,,,,
681770,-0.131923,0.753255,0.292348,-0.056606,0.935482,0.917796,1.811117,-2.949735,1.922724,9.134081,96.734459,156.909195,94.017708,132.176926,0.428064,0.667083,0.124639,0.152788,0.625448,-0.127525,0.763554,0.188466,,,,,,
681777,,,,,,,,,,,,,,,,,,,,-0.119056,0.773952,0.149581,,,,,,
681781,,,,,,,,,1.757919,9.134080,,,97.076416,137.351715,0.397409,0.619246,,,,,,,,,,,,
681791,,,,,,,,,1.483244,7.829209,,,93.115494,131.904007,0.437742,0.678724,,,,-0.110443,0.783732,0.116302,,,,,,
681801,,,,,,,,,1.840321,9.786509,,,92.505486,134.943909,0.444688,0.652718,,,,-0.110443,0.783732,0.116302,,,,,,
681810,,,,,,,,,2.032593,11.743814,,,93.081314,138.590775,0.439660,0.619913,,,,-0.101595,0.793283,0.085824,,,,,,
681817,,,,,,,,,,,,,,,,,,,,-0.092528,0.802239,0.052595,,,,,,
681820,-0.088434,0.802403,0.122160,0.000000,1.000000,0.783802,1.773268,-2.788429,1.977659,9.134078,86.647964,151.154846,90.298553,135.669266,0.365893,0.594682,0.111854,0.185348,0.661642,,,,,,,,,
681828,,,,,,,,,,,,,,,,,,,,-0.083051,0.810747,0.022126,,,,,,
681831,,,,,,,,,1.400841,3.262171,,,91.768944,133.755661,0.350165,0.617298,,,,-0.073130,0.818748,-0.002791,,,,,,
681840,,,,,,,,,1.812854,13.048684,,,90.283417,135.957352,0.364293,0.598321,,,,-0.062870,0.826701,-0.027692,,,,,,
681848,,,,,,,,,,,,,,,,,,,,-0.052105,0.833947,-0.052582,,,,,,
681851,,,,,,,,,1.785386,11.091378,,,89.033493,136.720764,0.376315,0.593573,,,,,,,,,,,,
681855,,,,,,,,,,,,,,,,,,,,-0.041442,0.840425,-0.074708,,,,,,
681861,,,,,,,,,1.757919,11.743814,,,87.437263,137.363098,0.392119,0.589908,,,,,,,,,,,,
681866,,,,,,,,,,,,,,,,,,,,-0.041442,0.840425,-0.074708,,,,,,
681870,-0.038460,0.839813,-0.008789,0.000000,1.000000,0.783802,0.000000,0.000000,1.345907,8.481645,10.420538,10.420538,83.371483,132.458130,-0.344087,-0.792793,0.037051,0.160519,0.792591,,,,,,,,,
681873,,,,,,,,,,,,,,,,,,,,-0.030665,0.846569,-0.091344,,,,,,
681881,,,,,,,,,1.675516,12.396248,,,81.584160,132.142899,-0.340447,-0.813985,,,,-0.019700,0.852314,-0.102443,,,,,,
681889,,,,,,,,,0.549350,10.438947,,,69.733986,122.075882,-0.233808,-0.735646,,,,-0.008390,0.857250,-0.108012,,,,,,
681897,,,,,,,,,,,,,,,,,,,,0.003005,0.861760,-0.105226,,,,,,
681901,,,,,,,,,0.137337,3.262171,,,58.674168,105.437347,-0.132860,-0.588264,,,,,,,,,,,,
681911,,,,,,,,,-0.247207,-5.871908,,,49.368439,84.358627,-0.047593,-0.392264,,,,0.014634,0.865896,-0.088576,,,,,,
681920,0.009150,0.863852,-0.106546,0.000000,1.000000,0.783802,0.000000,0.000000,-0.247207,-5.871908,-6.631073,-6.631073,41.538597,65.533905,-0.149444,-0.388966,-0.023577,0.134403,0.890348,0.026468,0.869152,-0.055123,,,,,,
681928,,,,,,,,,,,,,,,,,,,,0.038312,0.872446,-0.019007,,,,,,
681931,,,,,,,,,-0.576817,-13.701118,,,34.950569,43.704811,-0.091880,-0.180742,,,,,,,,,,,,
681940,,,,,,,,,-0.576817,-9.786512,,,27.773775,26.971443,-0.026993,-0.020129,,,,0.050009,0.875579,0.006615,,,,,,
681948,,,,,,,,,,,,,,,,,,,,0.056286,0.878376,0.039617,,,,,,
681951,,,,,,,,,-0.466947,-9.786512,,,22.824306,14.525620,0.016610,0.100098,,,,,,,,,,,,
681956,,,,,,,,,,,,,,,,,,,,0.063474,0.881190,0.067473,,,,,,
681961,,,,,,,,,-0.137337,-3.262171,,,19.204369,8.954596,0.047643,0.152691,,,,,,,,,,,,
681970,0.058347,0.879828,0.039169,0.000000,1.000000,0.783802,0.000000,0.000000,0.549350,0.000000,-15.073899,-15.073899,19.970356,10.801655,-0.051454,0.044617,-0.053596,0.122364,0.744633,0.070197,0.883967,0.092033,,,,,,
681978,,,,,,,,,,,,,,,,,,,,0.077088,0.886693,0.119322,,,,,,
681981,,,,,,,,,0.439480,2.609737,,,21.703943,16.712116,-0.076146,-0.020845,,,,,,,,,,,,
681991,,,,,,,,,0.219740,2.609737,,,19.350780,17.328831,-0.059499,-0.033492,,,,0.085715,0.888366,0.130920,,,,,,
682000,,,,,,,,,0.054935,2.609737,,,15.737201,16.214106,-0.029526,-0.028603,,,,0.093062,0.889041,0.150712,,,,,,
682007,,,,,,,,,,,,,,,,,,,,0.099839,0.889925,0.162146,,,,,,
682011,,,,,,,,,0.027467,0.652434,,,13.241279,14.187090,-0.010229,-0.014185,,,,,,,,,,,,
682015,,,,,,,,,,,,,,,,,,,,0.104384,0.890848,0.172476,,,,,,
682020,0.100635,0.889930,0.164027,0.000000,1.000000,0.783802,0.000000,0.000000,0.219740,-1.304868,-22.868666,-22.868666,13.863926,13.570645,-0.101750,-0.093256,-0.081311,0.125025,0.619775,,,,,,,,,
682030,,,,,,,,,0.192272,-0.652434,,,13.843278,13.051969,-0.108886,-0.095253,,,,0.109567,0.891937,0.174896,,,,,,
682037,,,,,,,,,,,,,,,,,,,,0.113918,0.892596,0.186061,,,,,,
682041,,,,,,,,,-0.000000,0.000000,,,11.647732,10.981924,-0.093834,-0.081323,,,,,,,,,,,,
682051,,,,,,,,,-0.000000,0.000000,,,9.800400,9.240190,-0.081894,-0.070327,,,,0.117752,0.893213,0.191745,,,,,,
682059,,,,,,,,,-0.000000,0.000000,,,8.246055,7.774694,-0.072574,-0.061801,,,,0.120662,0.893665,0.199929,,,,,,
682067,,,,,,,,,,,,,,,,,,,,0.123311,0.894105,0.208110,,,,,,
682070,0.121408,0.893755,0.204411,0.000000,1.000000,0.783802,0.000000,0.000000,-0.000000,0.000000,-27.369398,-27.369398,6.938229,6.541627,-0.111364,-0.101260,-0.097313,0.128678,0.579391,,,,,,,,,
682081,,,,,,,,,-0.000000,0.000000,,,5.837825,5.504124,-0.107002,-0.097460,,,,0.125206,0.894410,0.216871,,,,,,
682089,,,,,,,,,-0.000000,0.000000,,,4.911945,4.631169,-0.104199,-0.095130,,,,0.126461,0.894604,0.227871,,,,,,
682096,,,,,,,,,,,,,,,,,,,,0.127107,0.894668,0.236082,,,,,,
682101,,,,,,,,,-0.000000,0.000000,,,4.132910,3.896665,-0.102709,-0.094038,,,,,,,,,,,,
682110,,,,,,,,,-0.054935,0.000000,,,3.477430,2.734110,-0.102324,-0.088433,,,,0.127126,0.894632,0.241830,,,,,,
682118,0.126007,0.894484,0.238492,0.000000,1.000000,0.783802,0.000000,0.000000,,,,,,,,,,,,0.126675,0.894602,0.241614,,,,,,
682121,,,,,,,,,-0.000000,0.000000,-27.425671,-27.425671,2.381366,2.300480,-0.097887,-0.090605,-0.097514,0.132297,0.545310,,,,,,,,,
682128,,,,,,,,,,,,,,,,,,,,0.125778,0.894457,0.241619,,,,,,
682131,,,,,,,,,-0.027467,-0.652434,,,2.003681,1.391080,-0.099996,-0.087275,,,,,,,,,,,,
682140,,,,,,,,,-0.054935,0.000000,,,1.141353,0.625912,-0.097087,-0.085233,,,,0.124910,0.894227,0.238852,,,,,,
682148,,,,,,,,,,,,,,,,,,,,0.123926,0.893992,0.236001,,,,,,
682151,,,,,,,,,-0.027467,-0.652434,,,0.960335,0.526642,-0.100954,-0.089831,,,,,,,,,,,,
682156,,,,,,,,,,,,,,,,,,,,0.123045,0.893739,0.235927,,,,,,
682161,,,,,,,,,-0.054935,0.000000,,,0.263482,-0.645970,-0.099523,-0.083461,,,,,,,,,,,,
682170,0.123070,0.893747,0.236142,0.000000,1.000000,0.783802,0.000000,0.000000,-0.054935,0.000000,-26.661469,-26.661469,0.221694,-1.088062,-0.096840,-0.076512,-0.094796,0.132096,0.547660,0.122014,0.893473,0.230347,,,,,,
682178,,,,,,,,,,,,,,,,,,,,0.121040,0.893244,0.224732,,,,,,
682181,,,,,,,,,-0.054935,-1.304868,,,-0.358010,-2.004582,-0.096303,-0.072279,,,,,,,,,,,,
682188,,,,,,,,,,,,,,,,,,,,0.119891,0.892997,0.219158,,,,,,
682191,,,,,,,,,-0.054935,0.000000,,,-0.845773,-2.231198,-0.096589,-0.074899,,,,,,,,,,,,
682200,,,,,,,,,-0.082402,-0.652434,,,-1.256176,-2.966416,-0.097566,-0.072285,,,,0.118831,0.892757,0.216358,,,,,,
682207,,,,,,,,,,,,,,,,,,,,0.117645,0.892528,0.210745,,,,,,
682211,,,,,,,,,-0.054935,0.000000,,,-1.601490,-3.040486,-0.099125,-0.076269,,,,,,,,,,,,
682215,,,,,,,,,,,,,,,,,,,,0.116424,0.892280,0.207969,,,,,,
682220,0.116758,0.892350,0.210333,0.000000,1.000000,0.783802,0.000000,0.000000,-0.082402,-0.652434,-25.793055,-25.793055,-1.892036,-3.647351,-0.092315,-0.065945,-0.091709,0.129655,0.573468,,,,,,,,,
682229,,,,,,,,,-0.054935,0.000000,,,-2.136503,-3.613424,-0.094602,-0.070720,,,,0.115079,0.892030,0.199599,,,,,,
682237,,,,,,,,,,,,,,,,,,,,0.113706,0.891783,0.196810,,,,,,
682241,,,,,,,,,-0.082402,-0.652434,,,-2.342196,-4.129420,-0.097235,-0.069893,,,,,,,,,,,,
682248,,,,,,,,,,,,,,,,,,,,0.112289,0.891517,0.194027,,,,,,
682251,,,,,,,,,-0.082402,-0.652434,,,-2.515267,-4.019037,-0.100160,-0.075352,,,,,,,,,,,,
682259,,,,,,,,,-0.109870,0.000000,,,-3.205432,-5.015247,-0.097776,-0.069545,,,,0.111321,0.891255,0.194037,,,,,,
682267,,,,,,,,,,,,,,,,,,,,0.110714,0.891162,0.191246,,,,,,
682270,0.110770,0.891166,0.192848,0.000000,1.000000,0.783802,0.000000,0.000000,-0.082402,0.652434,-24.710056,-24.710056,-3.786136,-4.764371,-0.085324,-0.065213,-0.087858,0.128046,0.590954,,,,,,,,,
682281,,,,,,,,,-0.109870,0.000000,,,-4.274741,-5.097828,-0.084525,-0.065801,,,,0.110183,0.891103,0.191248,,,,,,
682289,,,,,,,,,-0.109870,0.000000,,,-4.141309,-5.378398,-0.089973,-0.066862,,,,0.109615,0.891006,0.188488,,,,,,
682296,,,,,,,,,,,,,,,,,,,,0.108850,0.890824,0.191261,,,,,,
682301,,,,,,,,,-0.082402,-0.652434,,,-4.573584,-5.614470,-0.089677,-0.068320,,,,,,,,,,,,
682311,,,,,,,,,-0.082402,0.652434,,,-4.937299,-5.268557,-0.089995,-0.075668,,,,0.107995,0.890686,0.194041,,,,,,
682318,0.107011,0.890506,0.196679,0.000000,1.000000,0.783802,0.000000,0.000000,,,,,,,,,,,,0.107036,0.890523,0.194041,,,,,,
682321,,,,,,,,,-0.109870,0.000000,-23.498930,-23.498930,-5.243330,-5.522049,-0.078474,-0.064617,-0.083552,0.128295,0.587124,,,,,,,,,
682326,,,,,,,,,,,,,,,,,,,,0.106049,0.890360,0.194041,,,,,,
682331,,,,,,,,,-0.082402,0.652434,,,-5.500823,-5.190795,-0.079499,-0.071591,,,,,,,,,,,,
682340,,,,,,,,,-0.082402,-0.652434,,,-5.172935,-5.456621,-0.086443,-0.072541,,,,0.104937,0.890099,0.194034,,,,,,
682348,,,,,,,,,,,,,,,,,,,,0.103800,0.889886,0.196817,,,,,,
682351,,,,,,,,,-0.082402,0.652434,,,-5.441593,-5.135743,-0.087368,-0.079422,,,,,,,,,,,,
682356,,,,,,,,,,,,,,,,,,,,0.102517,0.889644,0.199596,,,,,,
682361,,,,,,,,,-0.109870,0.000000,,,-5.667642,-5.410300,-0.088674,-0.080295,,,,,,,,,,,,
682370,0.102442,0.889626,0.199352,0.000000,1.000000,0.783802,0.000000,0.000000,-0.109870,0.000000,-22.093830,-22.093830,-5.857840,-5.641312,-0.075968,-0.067224,-0.078556,0.128475,0.584450,0.101426,0.889385,0.199588,,,,,,
682378,,,,,,,,,,,,,,,,,,,,0.100620,0.889200,0.199576,,,,,,
682381,,,,,,,,,-0.109870,0.000000,,,-6.017872,-5.835686,-0.077583,-0.068532,,,,,,,,,,,,
682386,,,,,,,,,,,,,,,,,,,,0.099745,0.889048,0.196813,,,,,,
682391,,,,,,,,,-0.082402,-0.652434,,,-5.607980,-5.999232,-0.084979,-0.070115,,,,,,,,,,,,
682400,,,,,,,,,-0.109870,0.000000,,,-5.807640,-6.136839,-0.086239,-0.071931,,,,0.098873,0.888844,0.196813,,,,,,
682408,,,,,,,,,,,,,,,,,,,,0.097924,0.888615,0.196810,,,,,,
682411,,,,,,,,,-0.082402,-0.652434,,,-5.431091,-6.252622,-0.093337,-0.073941,,,,,,,,,,,,
682415,,,,,,,,,,,,,,,,,,,,0.096867,0.888446,0.191252,,,,,,
682420,0.096995,0.888482,0.189194,0.000000,1.000000,0.783802,0.000000,0.000000,-0.109870,0.000000,-20.894308,-20.894308,-5.658805,-6.350042,-0.082112,-0.063881,-0.074291,0.127770,0.594608,,,,,,,,,
682429,,,,,,,,,-0.082402,-0.652434,,,-5.305861,-6.432011,-0.088759,-0.065953,,,,0.095848,0.888189,0.188464,,,,,,
682437,,,,,,,,,,,,,,,,,,,,0.094875,0.887973,0.185684,,,,,,
682441,,,,,,,,,-0.082402,-0.652434,,,-5.008894,-6.500979,-0.094906,-0.068142,,,,,,,,,,,,
682448,,,,,,,,,,,,,,,,,,,,0.094000,0.887783,0.182900,,,,,,
682451,,,,,,,,,-0.137337,0.652434,,,-5.848113,-6.559010,-0.089523,-0.070429,,,,,,,,,,,,
682459,,,,,,,,,-0.082402,-0.652434,,,-5.465144,-6.607836,-0.096439,-0.072798,,,,0.093048,0.887603,0.180121,,,,,,
682467,,,,,,,,,,,,,,,,,,,,0.092183,0.887438,0.174587,,,,,,
682470,0.092246,0.887465,0.173075,0.000000,1.000000,0.783802,0.000000,0.000000,-0.082402,-0.652434,-20.106031,-20.106031,-5.142915,-6.648919,-0.094771,-0.067196,-0.071488,0.126739,0.610727,,,,,,,,,
682481,,,,,,,,,-0.109870,0.000000,,,-5.416334,-6.683486,-0.094975,-0.069535,,,,0.091335,0.887323,0.171809,,,,,,
682489,,,,,,,,,-0.109870,0.000000,,,-5.646389,-6.712571,-0.095566,-0.071923,,,,0.090306,0.887113,0.169019,,,,,,
682496,,,,,,,,,,,,,,,,,,,,0.089362,0.886987,0.166254,,,,,,
682501,,,,,,,,,-0.109870,0.000000,,,-5.839957,-6.737042,-0.096484,-0.074352,,,,,,,,,,,,
682511,,,,,,,,,-0.109870,0.000000,,,-5.458282,-6.757633,-0.103230,-0.076815,,,,0.088342,0.886797,0.166254,,,,,,
682518,0.087275,0.886628,0.166827,0.000000,1.000000,0.783802,0.000000,0.000000,,,-18.910482,-18.910482,,,,,,,,0.087315,0.886638,0.166254,,,,,,
682521,,,,,,,,,-0.082402,-0.652434,,,-5.681684,-6.774958,-0.091686,-0.067114,-0.067237,0.126290,0.616975,,,,,,,,,
682526,,,,,,,,,,,,,,,,,,,,0.086348,0.886450,0.163477,,,,,,
682531,,,,,,,,,-0.137337,0.652434,,,-6.414198,-6.789535,-0.086860,-0.069392,,,,,,,,,,,,
682540,,,,,,,,,-0.109870,0.000000,,,-6.485992,-6.801800,-0.088627,-0.071691,,,,0.085318,0.886313,0.166267,,,,,,
682548,,,,,,,,,,,,,,,,,,,,0.084251,0.886123,0.166281,,,,,,
682551,,,,,,,,,-0.109870,0.000000,,,-6.546399,-6.812120,-0.090496,-0.074008,,,,,,,,,,,,
682556,,,,,,,,,,,,,,,,,,,,0.083170,0.885857,0.169044,,,,,,
682561,,,,,,,,,-0.109870,0.000000,,,-6.597226,-6.820804,-0.092450,-0.076339,,,,,,,,,,,,
682570,0.083060,0.885845,0.168858,0.000000,1.000000,0.783802,0.000000,0.000000,-0.054935,0.000000,-17.632807,-17.632807,-6.095448,-6.283566,-0.086999,-0.071204,-0.062694,0.126490,0.614944,0.082038,0.885624,0.169058,,,,,,
682578,,,,,,,,,,,,,,,,,,,,0.080826,0.885436,0.169068,,,,,,
682581,,,,,,,,,-0.164805,0.000000,,,-6.762339,-6.920622,-0.082504,-0.066976,,,,,,,,,,,,
682586,,,,,,,,,,,,,,,,,,,,0.079699,0.885244,0.169058,,,,,,
682591,,,,,,,,,-0.109870,0.000000,,,-6.778917,-6.912097,-0.084509,-0.069206,,,,,,,,,,,,
682600,,,,,,,,,-0.109870,0.000000,,,-6.792867,-6.904923,-0.086537,-0.071423,,,,0.078616,0.885029,0.169051,,,,,,
682608,,,,,,,,,,,,,,,,,,,,0.077611,0.884812,0.169057,,,,,,
682611,,,,,,,,,-0.109870,0.000000,,,-6.804604,-6.898888,-0.088586,-0.073630,,,,,,,,,,,,
682616,,,,,,,,,,,,,,,,,,,,0.076540,0.884661,0.169068,,,,,,
682619,0.076632,0.884683,0.169051,0.000000,1.000000,0.783802,0.000000,0.000000,-0.109870,0.000000,-15.788860,-15.788860,-6.814479,-6.893810,-0.071842,-0.057020,-0.056138,0.126567,0.614751,,,,,,,,,
682630,,,,,,,,,-0.082402,-0.652434,,,-6.278245,-6.889537,-0.079107,-0.058843,,,,0.075503,0.884409,0.169078,,,,,,
682638,,,,,,,,,,,,,,,,,,,,0.074405,0.884215,0.166257,,,,,,
682641,,,,,,,,,-0.082402,-0.652434,,,-5.827058,-6.885942,-0.085611,-0.060660,,,,,,,,,,,,
682646,,,,,,,,,,,,,,,,,,,,0.073363,0.884009,0.166273,,,,,,
682651,,,,,,,,,-0.109870,1.304868,,,-6.536515,-6.338374,-0.080367,-0.068025,,,,,,,,,,,,
682660,,,,,,,,,-0.082402,-0.652434,,,-6.044366,-6.422193,-0.087237,-0.069060,,,,0.072320,0.883848,0.166257,,,,,,
682670,0.072341,0.883865,0.163754,0.000000,1.000000,0.783802,0.000000,0.000000,-0.082402,0.652434,-14.748834,-14.748834,-6.174816,-5.948175,-0.077247,-0.065161,-0.052440,0.126375,0.620048,0.071407,0.883690,0.166257,,,,,,
682681,,,,,,,,,-0.109870,0.000000,,,-6.284575,-6.093881,-0.077843,-0.065434,,,,0.070526,0.883573,0.166273,,,,,,
682688,,,,,,,,,,,,,,,,,,,,0.069607,0.883420,0.166280,,,,,,
682691,,,,,,,,,-0.082402,-0.652434,,,-5.832384,-6.216477,-0.084148,-0.065915,,,,,,,,,,,,
682696,,,,,,,,,,,,,,,,,,,,0.068715,0.883260,0.166301,,,,,,
682701,,,,,,,,,-0.109870,0.000000,,,-5.996454,-5.775086,-0.084258,-0.072124,,,,,,,,,,,,
682710,,,,,,,,,-0.054935,0.000000,,,-5.589959,-5.948243,-0.090154,-0.072152,,,,0.067777,0.883127,0.166259,,,,,,
682718,0.067061,0.883035,0.166031,0.000000,1.000000,0.783802,0.000000,0.000000,,,-13.164646,-13.164646,,,,,-0.046808,0.126439,0.617771,0.066825,0.883000,0.166240,,,,,,
682721,,,,,,,,,-0.082402,0.652434,,,-5.792477,-5.549394,-0.073762,-0.061822,,,,,,,,,,,,
682728,,,,,,,,,,,,,,,,,,,,0.066088,0.882841,0.163484,,,,,,
682731,,,,,,,,,-0.082402,-0.652434,,,-5.418332,-5.758346,-0.079052,-0.061214,,,,,,,,,,,,
682740,,,,,,,,,-0.054935,0.000000,,,-5.103527,-5.389615,-0.083813,-0.066456,,,,0.065337,0.882720,0.166285,,,,,,
682747,,,,,,,,,,,,,,,,,,,,0.064503,0.882539,0.166280,,,,,,
682751,,,,,,,,,-0.109870,0.000000,,,-5.383193,-5.623908,-0.082572,-0.065621,,,,,,,,,,,,
682755,,,,,,,,,,,,,,,,,,,,0.063614,0.882416,0.163464,,,,,,
682761,,,,,,,,,-0.054935,0.000000,,,-5.073961,-5.276499,-0.087283,-0.070673,,,,,,,,,,,,
682770,0.063675,0.882429,0.163680,0.000000,1.000000,0.783802,0.000000,0.000000,-0.109870,0.000000,-12.281147,-12.281147,-4.813774,-4.984189,-0.082543,-0.066220,-0.043666,0.126375,0.620122,0.062858,0.882327,0.166259,,,,,,
682777,,,,,,,,,,,,,,,,,,,,0.062140,0.882187,0.166261,,,,,,
682781,,,,,,,,,-0.054935,0.000000,,,-5.139395,-5.282782,-0.080715,-0.064634,,,,,,,,,,,,
682791,,,,,,,,,-0.082402,0.652434,,,-4.868829,-4.989475,-0.084903,-0.069025,,,,0.061363,0.882078,0.166259,,,,,,
682799,,,,,,,,,-0.054935,0.000000,,,-5.185719,-4.742687,-0.083154,-0.073001,,,,0.060659,0.882040,0.169051,,,,,,
682806,,,,,,,,,,,,,,,,,,,,0.059896,0.881915,0.169034,,,,,,
682811,,,,,,,,,-0.109870,0.000000,,,-5.452349,-5.079583,-0.081853,-0.071072,,,,,,,,,,,,
682820,0.059759,0.881883,0.168585,0.000000,1.000000,0.783802,0.000000,0.000000,-0.054935,0.000000,-10.994845,-10.994845,-5.132149,-4.818503,-0.073365,-0.062055,-0.039093,0.126469,0.615217,0.059156,0.881743,0.171814,,,,,,
682828,,,,,,,,,,,,,,,,,,,,0.058401,0.881662,0.171834,,,,,,
682831,,,,,,,,,-0.082402,0.652434,,,-5.407276,-4.598831,-0.071731,-0.065531,,,,,,,,,,,,
682836,,,,,,,,,,,,,,,,,,,,0.057590,0.881524,0.174573,,,,,,
682841,,,,,,,,,-0.054935,0.000000,,,-5.094224,-4.413999,-0.076041,-0.068696,,,,,,,,,,,,
682850,,,,,,,,,-0.054935,0.000000,,,-4.830823,-4.258482,-0.079908,-0.071598,,,,0.056852,0.881428,0.177368,,,,,,
682858,,,,,,,,,,,,,,,,,,,,0.056107,0.881251,0.182910,,,,,,
682861,,,,,,,,,-0.109870,0.000000,,,-5.153740,-4.672172,-0.077847,-0.068726,,,,,,,,,,,,
682866,,,,,,,,,,,,,,,,,,,,0.055419,0.881173,0.182910,,,,,,
682870,0.055329,0.881155,0.181708,0.000000,1.000000,0.783802,0.000000,0.000000,-0.054935,0.000000,-9.264817,-9.264817,-4.880900,-4.475708,-0.064152,-0.054348,-0.032942,0.126887,0.602094,,,,,,,,,
682880,,,,,,,,,-0.082402,0.652434,,,-5.195875,-4.310403,-0.061816,-0.056992,,,,0.054669,0.881103,0.182895,,,,,,
682888,,,,,,,,,,,,,,,,,,,,0.053979,0.880965,0.182910,,,,,,
682891,,,,,,,,,-0.054935,0.000000,,,-4.916352,-4.171316,-0.065481,-0.059402,,,,,,,,,,,,
682901,,,,,,,,,-0.027467,-0.652434,,,-4.136618,-4.054288,-0.074304,-0.061614,,,,0.053266,0.880816,0.182895,,,,,,
682909,,,,,,,,,-0.054935,0.000000,,,-4.025093,-3.955821,-0.076467,-0.063660,,,,0.052608,0.880700,0.182900,,,,,,
682917,,,,,,,,,,,,,,,,,,,,0.052068,0.880632,0.185680,,,,,,
682920,0.052115,0.880634,0.185346,0.000000,1.000000,0.783802,0.000000,0.000000,-0.054935,0.000000,-8.219498,-8.219498,-3.931256,-3.872970,-0.067810,-0.054905,-0.029225,0.126925,0.598456,,,,,,,,,
682931,,,,,,,,,-0.082402,0.652434,,,-4.396844,-3.803260,-0.063919,-0.056485,,,,0.051629,0.880553,0.185690,,,,,,
682939,,,,,,,,,-0.027467,-0.652434,,,-3.699504,-3.744606,-0.071796,-0.057967,,,,0.051194,0.880488,0.180147,,,,,,
682946,,,,,,,,,,,,,,,,,,,,0.050677,0.880421,0.180144,,,,,,
682951,,,,,,,,,-0.027467,-0.652434,,,-3.112762,-3.695254,-0.078685,-0.059365,,,,,,,,,,,,
682961,,,,,,,,,-0.027467,-0.652434,,,-2.619078,-3.653729,-0.084742,-0.060694,,,,0.050174,0.880317,0.180147,,,,,,
682968,0.049759,0.880224,0.177845,0.000000,1.000000,0.783802,0.000000,0.000000,,,-7.814547,-7.814547,,,,,,,,0.049668,0.880208,0.180147,,,,,,
682971,,,,,,,,,-0.082402,0.652434,,,-3.292778,-3.074247,-0.074860,-0.063387,-0.027785,0.126689,0.605957,,,,,,,,,
682976,,,,,,,,,,,,,,,,,,,,0.049206,0.880161,0.180147,,,,,,
682981,,,,,,,,,-0.082402,0.652434,,,-3.859630,-3.675758,-0.069982,-0.058200,,,,,,,,,,,,
682990,,,,,,,,,-0.000000,0.000000,,,-3.247492,-3.092782,-0.077017,-0.064974,,,,0.048881,0.880146,0.177365,,,,,,
682998,,,,,,,,,,,,,,,,,,,,0.048685,0.880137,0.177378,,,,,,
683001,,,,,,,,,-0.027467,-0.652434,,,-2.732439,-3.146810,-0.083184,-0.065367,,,,,,,,,,,,
683005,,,,,,,,,,,,,,,,,,,,0.048408,0.880053,0.180157,,,,,,
683011,,,,,,,,,-0.027467,-0.652434,,,-2.299074,-3.192269,-0.088621,-0.065837,,,,,,,,,,,,
683020,0.048408,0.880048,0.177225,0.000000,1.000000,0.783802,0.000000,0.000000,-0.027467,0.652434,-7.453728,-7.453728,-2.478984,-2.685974,-0.084208,-0.068245,-0.026502,0.126607,0.606577,0.048059,0.880005,0.180150,,,,,,
683028,,,,,,,,,,,,,,,,,,,,0.047593,0.879991,0.180141,,,,,,
683031,,,,,,,,,-0.082402,0.652434,,,-3.174903,-2.804522,-0.078105,-0.067990,,,,,,,,,,,,
683041,,,,,,,,,-0.000000,0.000000,,,-2.671363,-2.359724,-0.084097,-0.073456,,,,0.047137,0.879942,0.177353,,,,,,
683049,,,,,,,,,-0.054935,0.000000,,,-2.792228,-2.530015,-0.083820,-0.072738,,,,0.046812,0.879900,0.180133,,,,,,
683057,,,,,,,,,,,,,,,,,,,,0.046498,0.879805,0.182920,,,,,,
683061,,,,,,,,,-0.054935,0.000000,,,-2.893923,-2.673297,-0.083715,-0.072262,,,,,,,,,,,,
683070,0.046431,0.879785,0.182442,0.000000,1.000000,0.783802,0.000000,0.000000,-0.054935,0.000000,-6.707714,-6.707714,-2.979490,-2.793855,-0.076145,-0.064379,-0.023850,0.126644,0.601360,0.046103,0.879685,0.182950,,,,,,
683078,,,,,,,,,,,,,,,,,,,,0.045664,0.879645,0.182965,,,,,,
683081,,,,,,,,,-0.027467,0.652434,,,-3.051485,-2.350749,-0.076157,-0.069681,,,,,,,,,,,,
683088,,,,,,,,,,,,,,,,,,,,0.045191,0.879619,0.182950,,,,,,
683091,,,,,,,,,-0.054935,0.000000,,,-3.112062,-2.522464,-0.076270,-0.068801,,,,,,,,,,,,
683100,,,,,,,,,-0.027467,0.652434,,,-3.163032,-2.122401,-0.076469,-0.073719,,,,0.044714,0.879469,0.188509,,,,,,
683108,,,,,,,,,,,,,,,,,,,,0.044160,0.879350,0.191262,,,,,,
683111,,,,,,,,,-0.054935,0.000000,,,-3.205918,-2.330331,-0.076741,-0.072515,,,,,,,,,,,,
683115,,,,,,,,,,,,,,,,,,,,0.043584,0.879260,0.196812,,,,,,
683120,0.043597,0.879262,0.195606,0.000000,1.000000,0.783802,0.000000,0.000000,-0.027467,0.652434,-5.427681,-5.427681,-3.242002,-1.960740,-0.064017,-0.064104,-0.019298,0.126909,0.588196,,,,,,,,,
683129,,,,,,,,,-0.054935,0.000000,,,-3.272363,-2.194310,-0.064144,-0.062415,,,,0.043173,0.879173,0.199593,,,,,,
683137,,,,,,,,,,,,,,,,,,,,0.042804,0.879089,0.202383,,,,,,
683141,,,,,,,,,-0.027467,-0.652434,,,-2.753366,-2.390835,-0.069869,-0.061057,,,,,,,,,,,,
683151,,,,,,,,,-0.027467,-0.652434,,,-2.316682,-2.556191,-0.074858,-0.059978,,,,0.042372,0.878991,0.202383,,,,,,
683159,,,,,,,,,-0.000000,0.000000,,,-1.949256,-2.150779,-0.079228,-0.064687,,,,0.041925,0.878941,0.199611,,,,,,
683166,,,,,,,,,,,,,,,,,,,,0.041540,0.878884,0.196820,,,,,,
683170,0.041712,0.878915,0.196718,0.000000,1.000000,0.783802,0.000000,0.000000,-0.027467,-0.652434,-4.849232,-4.849232,-1.640104,-2.354208,-0.077177,-0.057367,-0.017242,0.126902,0.587084,,,,,,,,,
683181,,,,,,,,,-0.027467,-0.652434,,,-1.379983,-2.525374,-0.080472,-0.056120,,,,0.041253,0.878834,0.191262,,,,,,
683188,,,,,,,,,,,,,,,,,,,,0.041001,0.878845,0.185702,,,,,,
683191,,,,,,,,,-0.027467,-0.652434,,,-1.161117,-2.669393,-0.083398,-0.055116,,,,,,,,,,,,
683196,,,,,,,,,,,,,,,,,,,,0.040822,0.878838,0.180141,,,,,,
683201,,,,,,,,,-0.027467,-0.652434,,,-0.976964,-2.790570,-0.086014,-0.054316,,,,,,,,,,,,
683210,,,,,,,,,-0.000000,0.000000,,,-0.822017,-2.347985,-0.088369,-0.059242,,,,0.040683,0.878856,0.171815,,,,,,
683218,0.040633,0.878865,0.171361,0.000000,1.000000,0.783802,0.000000,0.000000,,,-5.450982,-5.450982,,,,,-0.019381,0.126290,0.612442,0.040534,0.878861,0.169038,,,,,,
683221,,,,,,,,,-0.027467,-0.652434,,,-0.691645,-2.520138,-0.096642,-0.064124,,,,,,,,,,,,
683225,,,,,,,,,,,,,,,,,,,,0.040326,0.878860,0.163490,,,,,,
683231,,,,,,,,,-0.054935,0.000000,,,-1.126494,-2.664987,-0.093159,-0.063233,,,,,,,,,,,,
683239,,,,,,,,,-0.054935,0.000000,,,-1.492375,-2.786863,-0.090291,-0.062547,,,,0.040085,0.878840,0.160707,,,,,,
683248,,,,,,,,,,,,,,,,,,,,0.039896,0.878821,0.155161,,,,,,
683251,,,,,,,,,-0.027467,0.652434,,,-1.800227,-2.344866,-0.087943,-0.067588,,,,,,,,,,,,
683261,,,,,,,,,-0.054935,0.000000,,,-2.059254,-2.517513,-0.086031,-0.066449,,,,0.039684,0.878780,0.155145,,,,,,
683270,0.039537,0.878748,0.156506,0.000000,1.000000,0.783802,0.000000,0.000000,-0.027467,-0.652434,-5.668359,-5.668359,-1.732656,-2.662778,-0.092258,-0.067771,-0.020154,0.125933,0.627296,0.039534,0.878750,0.155164,,,,,,
683276,,,,,,,,,,,,,,,,,,,,0.039282,0.878673,0.157936,,,,,,
683281,,,,,,,,,-0.027467,0.652434,,,-2.002400,-2.240461,-0.090294,-0.072680,,,,,,,,,,,,
683291,,,,,,,,,-0.054935,0.000000,,,-2.229362,-2.429667,-0.088712,-0.071435,,,,0.039017,0.878630,0.157936,,,,,,
683298,,,,,,,,,,,,,,,,,,,,0.038642,0.878624,0.155164,,,,,,
683301,,,,,,,,,-0.027467,-0.652434,,,-1.875785,-2.588865,-0.093006,-0.070459,,,,,,,,,,,,
683308,,,,,,,,,,,,,,,,,,,,0.038212,0.878562,0.155175,,,,,,
683311,,,,,,,,,-0.054935,0.000000,,,-2.122828,-2.722814,-0.091245,-0.069709,,,,,,,,,,,,
683320,0.038096,0.878541,0.155286,0.000000,1.000000,0.783802,0.000000,0.000000,-0.027467,0.652434,-5.302133,-5.302133,-2.330691,-2.290975,-0.086098,-0.070967,-0.018852,0.125889,0.628516,0.037775,0.878465,0.155161,,,,,,
683328,,,,,,,,,,,,,,,,,,,,0.037364,0.878417,0.155189,,,,,,
683331,,,,,,,,,-0.082402,-0.652434,,,-2.505586,-3.016713,-0.084909,-0.064167,,,,,,,,,,,,
683335,,,,,,,,,,,,,,,,,,,,0.036856,0.878319,0.155204,,,,,,
683341,,,,,,,,,-0.027467,0.652434,,,-2.652743,-2.538262,-0.083967,-0.069504,,,,,,,,,,,,
683350,,,,,,,,,-0.054935,0.000000,,,-2.776561,-2.680236,-0.083234,-0.068609,,,,0.036269,0.878212,0.155221,,,,,,
683357,,,,,,,,,,,,,,,,,,,,0.035594,0.878107,0.157997,,,,,,
683361,,,,,,,,,-0.054935,0.000000,,,-2.880741,-2.799694,-0.082676,-0.067915,,,,,,,,,,,,
683365,,,,,,,,,,,,,,,,,,,,0.034908,0.877993,0.157940,,,,,,
683370,0.034948,0.878003,0.157717,0.000000,1.000000,0.783802,0.000000,0.000000,-0.054935,0.000000,-4.317871,-4.317871,-2.968398,-2.900205,-0.072227,-0.057351,-0.015352,0.125972,0.626085,,,,,,,,,
683379,,,,,,,,,-0.054935,0.000000,,,-3.042153,-2.984776,-0.071745,-0.056771,,,,0.034159,0.877886,0.157921,,,,,,
683387,,,,,,,,,,,,,,,,,,,,0.033427,0.877829,0.157913,,,,,,
683391,,,,,,,,,-0.054935,0.000000,,,-3.104210,-3.055933,-0.071367,-0.056312,,,,,,,,,,,,
683401,,,,,,,,,-0.054935,0.000000,,,-3.156425,-3.115805,-0.071077,-0.055954,,,,0.032859,0.877752,0.157924,,,,,,
683409,,,,,,,,,-0.027467,0.652434,,,-3.200359,-2.621638,-0.070861,-0.061235,,,,0.032355,0.877642,0.160701,,,,,,
683417,,,,,,,,,,,,,,,,,,,,0.031892,0.877540,0.160713,,,,,,
683420,0.032035,0.877559,0.163200,0.000000,1.000000,0.783802,0.000000,0.000000,-0.054935,0.000000,-3.294985,-3.294985,-3.237325,-2.750389,-0.060274,-0.049827,-0.011716,0.126019,0.620602,,,,,,,,,
683431,,,,,,,,,-0.027467,0.652434,,,-3.268428,-2.314177,-0.059968,-0.054386,,,,0.031321,0.877492,0.163474,,,,,,
683438,,,,,,,,,,,,,,,,,,,,0.030879,0.877438,0.166251,,,,,,
683441,,,,,,,,,-0.054935,0.000000,,,-3.294598,-2.491691,-0.059707,-0.052771,,,,,,,,,,,,
683446,,,,,,,,,,,,,,,,,,,,0.030513,0.877316,0.171798,,,,,,
683451,,,,,,,,,-0.054935,0.000000,,,-3.316618,-2.641052,-0.059482,-0.051408,,,,,,,,,,,,
683460,,,,,,,,,-0.000000,0.000000,,,-2.790602,-2.222181,-0.064843,-0.055812,,,,0.030153,0.877269,0.174576,,,,,,
683470,0.030311,0.877293,0.173621,0.000000,1.000000,0.783802,0.000000,0.000000,-0.054935,0.000000,-2.434903,-2.434903,-2.892555,-2.414286,-0.055132,-0.045294,-0.008657,0.126098,0.610181,0.029785,0.877222,0.177355,,,,,,
683476,,,,,,,,,,,,,,,,,,,,0.029441,0.877156,0.177354,,,,,,
683481,,,,,,,,,-0.027467,0.652434,,,-2.978339,-2.031380,-0.054165,-0.049204,,,,,,,,,,,,
683490,,,,,,,,,-0.000000,0.000000,,,-2.505974,-1.709203,-0.058874,-0.052571,,,,0.029119,0.877087,0.177343,,,,,,
683497,,,,,,,,,,,,,,,,,,,,0.028838,0.877067,0.180144,,,,,,
683501,,,,,,,,,-0.000000,0.000000,,,-2.108526,-1.438123,-0.062914,-0.055481,,,,,,,,,,,,
683508,,,,,,,,,,,,,,,,,,,,0.028555,0.876995,0.180144,,,,,,
683511,,,,,,,,,-0.027467,-0.652434,,,-1.774113,-1.754580,-0.066390,-0.052452,,,,,,,,,,,,
683520,0.028589,0.877002,0.176859,0.000000,1.000000,0.783802,0.000000,0.000000,-0.000000,0.000000,-1.828827,-1.828827,-1.492739,-1.476303,-0.063211,-0.049245,-0.006502,0.126109,0.606943,0.028357,0.876929,0.182923,,,,,,
683527,,,,,,,,,,,,,,,,,,,,0.028095,0.876880,0.182912,,,,,,
683531,,,,,,,,,-0.000000,0.000000,,,-1.255990,-1.242161,-0.065693,-0.051704,,,,,,,,,,,,
683535,,,,,,,,,,,,,,,,,,,,0.027983,0.876850,0.182905,,,,,,
683541,,,,,,,,,-0.000000,0.000000,,,-1.056790,-1.045154,-0.067839,-0.053830,,,,,,,,,,,,
683549,,,,,,,,,-0.000000,0.000000,,,-0.889183,-0.879393,-0.069703,-0.055678,,,,0.027935,0.876851,0.182905,,,,,,
683556,,,,,,,,,,,,,,,,,,,,0.028039,0.876858,0.182905,,,,,,
683561,,,,,,,,,-0.000000,0.000000,,,-0.748158,-0.739921,-0.071329,-0.057290,,,,,,,,,,,,
683570,0.028085,0.876870,0.182398,0.000000,1.000000,0.783802,0.000000,0.000000,-0.000000,0.000000,-1.486350,-1.486350,-0.629500,-0.622569,-0.069263,-0.055212,-0.005285,0.126182,0.601404,0.028111,0.876879,0.182912,,,,,,
683578,,,,,,,,,,,,,,,,,,,,0.028204,0.876888,0.182923,,,,,,
683581,,,,,,,,,-0.027467,0.652434,,,-1.074205,-0.523830,-0.064898,-0.056392,,,,,,,,,,,,
683586,,,,,,,,,,,,,,,,,,,,0.028219,0.876889,0.182923,,,,,,
683591,,,,,,,,,-0.000000,0.000000,,,-0.903836,-0.440750,-0.066718,-0.057432,,,,,,,,,,,,
683600,,,,,,,,,-0.000000,0.000000,,,-0.760487,-0.370847,-0.068297,-0.058354,,,,0.028170,0.876906,0.182920,,,,,,
683608,,,,,,,,,,,,,,,,,,,,0.028128,0.876897,0.182912,,,,,,
683611,,,,,,,,,-0.000000,0.000000,,,-0.639874,-0.312031,-0.069672,-0.059177,,,,,,,,,,,,
683615,,,,,,,,,,,,,,,,,,,,0.028108,0.876890,0.182912,,,,,,
683620,0.028106,0.876888,0.182869,0.000000,1.000000,0.783802,0.000000,0.000000,-0.000000,0.000000,-1.476317,-1.476317,-0.538390,-0.262543,-0.070774,-0.059814,-0.005249,0.126170,0.600933,,,,,,,,,
683638,,,,,,,,,-0.000000,0.000000,,,-0.453001,-0.220903,-0.071833,-0.060482,,,,0.028127,0.876881,0.182912,,,,,,
683641,,,,,,,,,-0.000000,0.000000,,,-0.381155,-0.185868,-0.072770,-0.061090,,,,,,,,,,,,
683651,,,,,,,,,-0.000000,0.000000,,,-0.320704,-0.156389,-0.073606,-0.061649,,,,,,,,,,,,
683659,,,,,,,,,-0.000000,0.000000,,,-0.269840,-0.131586,-0.074356,-0.062166,,,,0.028131,0.876898,0.182912,,,,,,
683667,0.028130,0.876896,0.182908,,,,,,,,,,,,,,,,,0.028133,0.876897,0.182912,,,,,,
683670,,,,0.000000,1.000000,0.783802,0.000000,0.000000,-0.000000,0.000000,-1.482119,-1.482119,-0.227043,-0.110716,-0.075093,-0.062707,-0.005270,0.126167,0.600894,,,,,,,,,
683681,,,,,,,,,-0.000000,0.000000,,,-0.191034,-0.093157,-0.075711,-0.063160,,,,0.028133,0.876885,0.182911,,,,,,
683689,,,,,,,,,-0.000000,0.000000,,,-0.160736,-0.078382,-0.076279,-0.063589,,,,0.028136,0.876888,0.182911,,,,,,
683696,,,,,,,,,,,,,,,,,,,,0.028133,0.876883,0.182911,,,,,,
683701,,,,,,,,,-0.027467,0.652434,,,-0.679787,-0.065951,-0.071249,-0.063996,,,,,,,,,,,,
683711,,,,,,,,,-0.000000,0.000000,,,-0.571972,-0.055491,-0.072509,-0.064386,,,,0.028131,0.876883,0.182911,,,,,,
683718,0.028138,0.876886,0.182911,0.000000,1.000000,0.783802,0.000000,0.000000,,,-1.483509,-1.483509,,,,,-0.005275,0.126178,0.600891,0.028138,0.876886,0.182911,,,,,,
683721,,,,,,,,,-0.027467,0.652434,,,-1.025801,-0.046690,-0.068076,-0.064775,,,,,,,,,,,,
683728,,,,,,,,,,,,,,,,,,,,0.028151,0.876883,0.185702,,,,,,
683731,,,,,,,,,-0.000000,0.000000,,,-0.863109,-0.039285,-0.069827,-0.065138,,,,,,,,,,,,
683740,,,,,,,,,-0.027467,0.652434,,,-1.270763,-0.033054,-0.065793,-0.065491,,,,0.028152,0.876850,0.188482,,,,,,
683748,,,,,,,,,,,,,,,,,,,,0.028095,0.876821,0.194049,,,,,,
683751,,,,,,,,,-0.000000,0.000000,,,-1.069220,-0.027812,-0.067891,-0.065834,,,,,,,,,,,,
683755,,,,,,,,,,,,,,,,,,,,0.027972,0.876755,0.196820,,,,,,
683761,,,,,,,,,-0.000000,0.000000,,,-0.899641,-0.023401,-0.069704,-0.066170,,,,,,,,,,,,
683770,0.027986,0.876766,0.195653,0.000000,1.000000,0.783802,0.000000,0.000000,-0.000000,0.000000,-0.982805,-0.982805,-0.756958,-0.019690,-0.066169,-0.061393,-0.003494,0.126324,0.588149,0.027799,0.876732,0.199604,,,,,,
683777,,,,,,,,,,,,,,,,,,,,0.027572,0.876685,0.199604,,,,,,
683781,,,,,,,,,-0.000000,0.000000,,,-0.636904,-0.016567,-0.067438,-0.061618,,,,,,,,,,,,
683791,,,,,,,,,-0.000000,0.000000,,,-0.535891,-0.013939,-0.068538,-0.061838,,,,0.027345,0.876673,0.199592,,,,,,
683798,,,,,,,,,,,,,,,,,,,,0.027296,0.876663,0.199592,,,,,,
683801,,,,,,,,,-0.054935,0.000000,,,-0.995442,-0.556272,-0.063940,-0.056500,,,,,,,,,,,,
683806,,,,,,,,,,,,,,,,,,,,0.027398,0.876660,0.196811,,,,,,
683811,,,,,,,,,-0.000000,0.000000,,,-0.837565,-0.468047,-0.065548,-0.057485,,,,,,,,,,,,
683820,0.027447,0.876669,0.196714,0.000000,1.000000,0.783802,0.000000,0.000000,-0.000000,0.000000,-0.791079,-0.791079,-0.704727,-0.393815,-0.064976,-0.056389,-0.002813,0.126317,0.587088,0.027503,0.876679,0.196811,,,,,,
683828,,,,,,,,,,,,,,,,,,,,0.027556,0.876690,0.196823,,,,,,
683831,,,,,,,,,-0.000000,0.000000,,,-0.592957,-0.331356,-0.066133,-0.057106,,,,,,,,,,,,
683836,,,,,,,,,,,,,,,,,,,,0.027518,0.876685,0.196823,,,,,,
683841,,,,,,,,,-0.000000,0.000000,,,-0.498914,-0.278803,-0.067132,-0.057734,,,,,,,,,,,,
683850,,,,,,,,,-0.000000,0.000000,,,-0.419786,-0.234584,-0.067998,-0.058287,,,,0.027460,0.876675,0.196823,,,,,,
683858,,,,,,,,,,,,,,,,,,,,0.027378,0.876670,0.196823,,,,,,
683861,,,,,,,,,-0.000000,0.000000,,,-0.353208,-0.197379,-0.068751,-0.058778,,,,,,,,,,,,
683865,,,,,,,,,,,,,,,,,,,,0.027407,0.876663,0.196811,,,,,,
683869,0.027410,0.876664,0.196803,0.000001,1.000001,0.783802,0.000000,0.000000,-0.000000,0.000000,-0.777252,-0.777252,-0.297189,-0.166075,-0.069269,-0.059075,-0.002764,0.126316,0.586999,,,,,,,,,
683879,,,,,,,,,-0.000000,0.000000,,,-0.250055,-0.139735,-0.069846,-0.059466,,,,0.027427,0.876676,0.196823,,,,,,
683888,,,,,,,,,,,,,,,,,,,,0.027444,0.876682,0.196823,,,,,,
683891,,,,,,,,,-0.000000,0.000000,,,-0.210396,-0.117573,-0.070356,-0.059820,,,,,,,,,,,,
683896,,,,,,,,,,,,,,,,,,,,0.027454,0.876685,0.196823,,,,,,
683901,,,,,,,,,-0.000000,0.000000,,,-0.177027,-0.098926,-0.070810,-0.060142,,,,,,,,,,,,
683910,,,,,,,,,-0.000000,0.000000,,,-0.148951,-0.083237,-0.071216,-0.060437,,,,0.027439,0.876677,0.196823,,,,,,
683917,0.027427,0.876671,0.196821,,,,,,,,,,,,,,,,,0.027429,0.876672,0.196823,,,,,,
683920,,,,0.000007,1.000007,0.783802,0.000074,-0.000000,-0.000000,0.000000,-0.777278,-0.774394,-0.125327,-0.070035,-0.071583,-0.060682,-0.002772,0.126317,0.586981,,,,,,,,,
683931,,,,,,,,,-0.000000,0.000000,,,-0.105450,-0.058928,-0.071916,-0.060936,,,,0.027445,0.876676,0.196823,,,,,,
683939,,,,,,,,,-0.000000,0.000000,,,-0.088726,-0.049582,-0.072221,-0.061174,,,,0.027450,0.876679,0.196811,,,,,,
683948,,,,,,,,,,,,,,,,,,,,0.027431,0.876689,0.196823,,,,,,
683951,,,,,,,,,-0.000000,0.000000,,,-0.074654,-0.041718,-0.072502,-0.061399,,,,,,,,,,,,
683960,,,,,,,,,-0.000000,0.000000,,,-0.062814,-0.035102,-0.072764,-0.061613,,,,0.027456,0.876679,0.196823,,,,,,
683968,0.027457,0.876678,0.196823,0.000023,1.000023,0.783802,0.000294,-0.000000,,,-0.773393,-0.761938,,,,,-0.002784,0.126329,0.586979,0.027460,0.876679,0.196823,,,,,,
683971,,,,,,,,,-0.000000,0.000000,,,-0.052852,-0.029534,-0.072968,-0.061691,,,,,,,,,,,,
683975,,,,,,,,,,,,,,,,,,,,0.027448,0.876682,0.196811,,,,,,
683981,,,,,,,,,-0.000000,0.000000,,,-0.044469,-0.024850,-0.073198,-0.061885,,,,,,,,,,,,
683989,,,,,,,,,-0.000000,0.000000,,,-0.037416,-0.020909,-0.073416,-0.062073,,,,0.027464,0.876679,0.196811,,,,,,
683997,,,,,,,,,,,,,,,,,,,,0.027459,0.876687,0.196823,,,,,,
684001,,,,,,,,,-0.000000,0.000000,,,-0.031482,-0.017593,-0.073624,-0.062255,,,,,,,,,,,,
684011,,,,,,,,,-0.000000,0.000000,,,-0.026489,-0.014803,-0.073823,-0.062432,,,,0.027460,0.876683,0.196823,,,,,,
684019,0.027460,0.876683,0.196823,0.000055,1.000055,0.783802,0.000655,-0.000002,-0.000000,0.000000,-0.752114,-0.726603,-0.022288,-0.012455,-0.073798,-0.062245,-0.002750,0.126349,0.586979,0.027445,0.876685,0.196811,,,,,,
684027,,,,,,,,,,,,,,,,,,,,0.027453,0.876684,0.196823,,,,,,
684031,,,,,,,,,-0.000000,0.000000,,,-0.018753,-0.010480,-0.073980,-0.062408,,,,,,,,,,,,
684041,,,,,,,,,-0.000000,0.000000,,,-0.015779,-0.008818,-0.074157,-0.062568,,,,0.027439,0.876682,0.196823,,,,,,
684049,,,,,,,,,-0.000000,0.000000,,,-0.013276,-0.007419,-0.074330,-0.062726,,,,0.027455,0.876684,0.196823,,,,,,
684057,,,,,,,,,,,,,,,,,,,,0.027453,0.876691,0.196823,,,,,,
684061,,,,,,,,,-0.000000,0.000000,,,-0.011171,-0.006242,-0.074499,-0.062882,,,,,,,,,,,,
684065,,,,,,,,,,,,,,,,,,,,0.027450,0.876686,0.196823,,,,,,
684069,0.027450,0.876686,0.196823,0.000107,1.000106,0.783801,0.001152,-0.000009,-0.000000,0.000000,-0.716271,-0.671430,-0.009399,-0.005252,-0.074300,-0.062474,-0.002680,0.126384,0.586978,,,,,,,,,
684079,,,,,,,,,-0.000000,0.000000,,,-0.007908,-0.004419,-0.074456,-0.062615,,,,0.027460,0.876687,0.196823,,,,,,
684087,,,,,,,,,,,,,,,,,,,,0.027449,0.876691,0.196823,,,,,,
684091,,,,,,,,,-0.000000,0.000000,,,-0.006654,-0.003718,-0.074611,-0.062756,,,,,,,,,,,,
684101,,,,,,,,,-0.000000,0.000000,,,-0.005599,-0.003129,-0.074763,-0.062895,,,,0.027465,0.876685,0.196823,,,,,,
684109,,,,,,,,,-0.000000,0.000000,,,-0.004711,-0.002632,-0.074915,-0.063034,,,,0.027463,0.876686,0.196823,,,,,,
684116,,,,,,,,,,,,,,,,,,,,0.027454,0.876689,0.196823,,,,,,
684119,0.027454,0.876689,0.196823,0.000183,1.000182,0.783799,0.001782,-0.000027,-0.000000,0.000000,-0.671568,-0.602270,-0.003964,-0.002215,-0.074609,-0.062467,-0.002594,0.126442,0.586976,,,,,,,,,
684130,,,,,,,,,-0.000000,0.000000,,,-0.003335,-0.001864,-0.074749,-0.062590,,,,0.027453,0.876690,0.196823,,,,,,
684138,,,,,,,,,,,,,,,,,,,,0.027454,0.876690,0.196811,,,,,,
684141,,,,,,,,,-0.000000,0.000000,,,-0.002806,-0.001568,-0.074888,-0.062713,,,,,,,,,,,,
684148,,,,,,,,,,,,,,,,,,,,0.027453,0.876687,0.196823,,,,,,
684151,,,,,,,,,-0.000000,0.000000,,,-0.002361,-0.001319,-0.075026,-0.062836,,,,,,,,,,,,
684160,,,,,,,,,-0.000000,0.000000,,,-0.001987,-0.001110,-0.075164,-0.062958,,,,0.027439,0.876690,0.196823,,,,,,
684167,0.027457,0.876688,0.196823,,,,,,,,,,,,,,,,,0.027458,0.876687,0.196823,,,,,,
684170,,,,0.000288,1.000287,0.783794,0.002540,-0.000067,-0.000000,0.000000,-0.613064,-0.514432,-0.001671,-0.000934,-0.074704,-0.062184,-0.002474,0.126526,0.586971,,,,,,,,,
684181,,,,,,,,,-0.000000,0.000000,,,-0.001406,-0.000786,-0.074829,-0.062289,,,,0.027469,0.876686,0.196823,,,,,,
684189,,,,,,,,,-0.000000,0.000000,,,-0.001183,-0.000661,-0.074954,-0.062393,,,,0.027471,0.876687,0.196823,,,,,,
684197,,,,,,,,,,,,,,,,,,,,0.027459,0.876683,0.196823,,,,,,
684201,,,,,,,,,-0.000000,0.000000,,,-0.000996,-0.000556,-0.075078,-0.062496,,,,,,,,,,,,
684211,,,,,,,,,-0.000000,0.000000,,,-0.000838,-0.000468,-0.075202,-0.062600,,,,0.027457,0.876690,0.196823,,,,,,
684220,0.027457,0.876690,0.196823,0.000427,1.000425,0.783784,0.003422,-0.000142,-0.000000,0.000000,-0.538191,-0.405573,-0.000705,-0.000394,-0.074562,-0.061593,-0.002311,0.126632,0.586961,0.027452,0.876688,0.196823,,,,,,
684226,,,,,,,,,,,,,,,,,,,,0.027452,0.876696,0.196823,,,,,,
684231,,,,,,,,,-0.000000,0.000000,,,-0.000593,-0.000331,-0.074671,-0.061675,,,,,,,,,,,,
684240,,,,,,,,,-0.000000,0.000000,,,-0.000499,-0.000279,-0.074779,-0.061757,,,,0.027470,0.876690,0.196823,,,,,,
684248,,,,,,,,,,,,,,,,,,,,0.027462,0.876689,0.196823,,,,,,
684251,,,,,,,,,-0.000000,0.000000,,,-0.000420,-0.000235,-0.074887,-0.061838,,,,,,,,,,,,
684256,,,,,,,,,,,,,,,,,,,,0.027464,0.876691,0.196823,,,,,,
684261,,,,,,,,,-0.000000,0.000000,,,-0.000353,-0.000197,-0.074996,-0.061920,,,,,,,,,,,,
684270,0.027463,0.876691,0.196823,0.000603,1.000601,0.783765,0.004424,-0.000271,-0.000000,0.000000,-0.448884,-0.277878,-0.000297,-0.000166,-0.074193,-0.060698,-0.002111,0.126771,0.586942,0.027479,0.876687,0.196823,,,,,,
684277,,,,,,,,,,,,,,,,,,,,0.027456,0.876687,0.196823,,,,,,
684281,,,,,,,,,-0.000000,0.000000,,,-0.000250,-0.000140,-0.074283,-0.060754,,,,,,,,,,,,
684285,,,,,,,,,,,,,,,,,,,,0.027473,0.876682,0.196823,,,,,,
684291,,,,,,,,,-0.000000,0.000000,,,-0.000210,-0.000118,-0.074373,-0.060810,,,,,,,,,,,,
684299,,,,,,,,,-0.000000,0.000000,,,-0.000177,-0.000099,-0.074463,-0.060866,,,,0.027448,0.876687,0.196823,,,,,,
684308,,,,,,,,,,,,,,,,,,,,0.027457,0.876688,0.196823,,,,,,
684311,,,,,,,,,-0.000000,0.000000,,,-0.000149,-0.000083,-0.074553,-0.060921,,,,,,,,,,,,
684315,,,,,,,,,,,,,,,,,,,,0.027459,0.876685,0.196823,,,,,,
684319,0.027460,0.876685,0.196823,0.000820,1.000818,0.783734,0.005540,-0.000480,-0.000000,0.000000,-0.338883,-0.125459,-0.000125,-0.000070,-0.073521,-0.059423,-0.001851,0.126945,0.586911,,,,,,,,,
684329,,,,,,,,,-0.000000,0.000000,,,-0.000105,-0.000059,-0.073589,-0.059448,,,,0.027462,0.876684,0.196823,,,,,,
684337,,,,,,,,,,,,,,,,,,,,0.027448,0.876681,0.196823,,,,,,
684341,,,,,,,,,-0.000000,0.000000,,,-0.000089,-0.000050,-0.073657,-0.059473,,,,,,,,,,,,
684351,,,,,,,,,-0.000000,0.000000,,,-0.000075,-0.000042,-0.073725,-0.059498,,,,0.027450,0.876676,0.196823,,,,,,
684359,,,,,,,,,-0.000000,0.000000,,,-0.000063,-0.000035,-0.073793,-0.059523,,,,0.027470,0.876681,0.196823,,,,,,
684369,0.027453,0.876682,0.196823,0.001083,1.001080,0.783683,0.006768,-0.000797,-0.000000,0.000000,-0.209199,0.050451,,,-0.072538,-0.057754,-0.001535,0.127153,0.586860,0.027453,0.876682,0.196823,,,,,,
684372,,,,,,,,,,,,,-0.000053,-0.000030,,,,,,,,,,,,,,
684381,,,,,,,,,-0.000000,0.000000,,,-0.000044,-0.000025,-0.072580,-0.057744,,,,0.027468,0.876680,0.196823,,,,,,
684388,,,,,,,,,,,,,,,,,,,,0.027466,0.876683,0.196823,,,,,,
684391,,,,,,,,,-0.000000,0.000000,,,-0.000037,-0.000021,-0.072622,-0.057734,,,,,,,,,,,,
684396,,,,,,,,,,,,,,,,,,,,0.027456,0.876689,0.196823,,,,,,
684401,,,,,,,,,-0.000000,0.000000,,,-0.000031,-0.000018,-0.072664,-0.057724,,,,,,,,,,,,
684410,,,,,,,,,-0.000000,0.000000,,,-0.000026,-0.000015,-0.072706,-0.057714,,,,0.027479,0.876681,0.196823,,,,,,
684418,0.027472,0.876685,0.196823,0.001395,1.001391,0.783605,0.008103,-0.001258,,,-0.066770,0.242527,,,,,-0.001187,0.127398,0.586782,0.027474,0.876685,0.196823,,,,,,
684421,,,,,,,,,-0.000000,0.000000,,,-0.000022,-0.000012,-0.071295,-0.055745,,,,,,,,,,,,
684428,,,,,,,,,,,,,,,,,,,,0.027451,0.876684,0.196823,,,,,,
684431,,,,,,,,,-0.000000,0.000000,,,-0.000019,-0.000010,-0.071308,-0.055696,,,,,,,,,,,,
684440,,,,,,,,,-0.000000,0.000000,,,-0.000016,-0.000009,-0.071322,-0.055648,,,,0.027450,0.876689,0.196823,,,,,,
684448,,,,,,,,,,,,,,,,,,,,0.027451,0.876697,0.196823,,,,,,
684451,,,,,,,,,-0.000000,0.000000,,,-0.000013,-0.000007,-0.071335,-0.055599,,,,,,,,,,,,
684456,,,,,,,,,,,,,,,,,,,,0.027483,0.876693,0.196823,,,,,,
684461,,,,,,,,,-0.000000,0.000000,,,-0.000011,-0.000006,-0.071348,-0.055551,,,,,,,,,,,,
684470,0.027482,0.876692,0.196823,0.001760,1.001754,0.783489,0.009540,-0.001907,-0.000000,0.000000,0.099405,0.461339,-0.000009,-0.000005,-0.069667,-0.053270,-0.000769,0.127677,0.586666,0.027477,0.876690,0.196823,,,,,,
684478,,,,,,,,,,,,,,,,,,,,0.027460,0.876695,0.196823,,,,,,
684481,,,,,,,,,-0.000000,0.000000,,,-0.000008,-0.000004,-0.069647,-0.053178,,,,,,,,,,,,
684485,,,,,,,,,,,,,,,,,,,,0.027467,0.876690,0.196823,,,,,,
684491,,,,,,,,,-0.000000,0.000000,,,-0.000007,-0.000004,-0.069627,-0.053086,,,,,,,,,,,,
684500,,,,,,,,,-0.000000,0.000000,,,-0.000006,-0.000003,-0.069607,-0.052993,,,,0.027466,0.876688,0.196823,,,,,,
684507,,,,,,,,,,,,,,,,,,,,0.027472,0.876682,0.196811,,,,,,
684511,,,,,,,,,-0.000000,0.000000,,,-0.000005,-0.000003,-0.069587,-0.052901,,,,,,,,,,,,
684515,,,,,,,,,,,,,,,,,,,,0.027468,0.876684,0.196811,,,,,,
684519,0.027470,0.876685,0.196812,0.002181,1.002174,0.783321,0.011076,-0.002789,-0.000000,0.000000,0.294357,0.711564,-0.000004,-0.000002,-0.067579,-0.050257,-0.000262,0.128012,0.586509,,,,,,,,,
684529,,,,,,,,,-0.000000,0.000000,,,-0.000003,-0.000002,-0.067520,-0.050114,,,,0.027477,0.876684,0.196811,,,,,,
684536,,,,,,,,,,,,,,,,,,,,0.027478,0.876687,0.196811,,,,,,
684541,,,,,,,,,-0.000000,0.000000,,,-0.000003,-0.000002,-0.067461,-0.049972,,,,,,,,,,,,
684550,,,,,,,,,-0.000000,0.000000,,,-0.000002,-0.000001,-0.067402,-0.049830,,,,0.027483,0.876691,0.196811,,,,,,
684558,,,,,,,,,,,,,,,,,,,,0.027486,0.876688,0.196811,,,,,,
684561,,,,,,,,,-0.000000,0.000000,,,-0.000002,-0.000001,-0.067343,-0.049687,,,,,,,,,,,,
684566,,,,,,,,,,,,,,,,,,,,0.027479,0.876698,0.196823,,,,,,
684569,0.027478,0.876697,0.196822,0.002662,1.002652,0.783087,0.012706,-0.003960,-0.000000,0.000000,0.506925,0.981511,-0.000002,-0.000001,-0.065116,-0.046792,0.000294,0.128376,0.586265,,,,,,,,,
684580,,,,,,,,,-0.000000,0.000000,,,-0.000001,-0.000001,-0.065015,-0.046595,,,,0.027475,0.876693,0.196823,,,,,,
684588,,,,,,,,,,,,,,,,,,,,0.027479,0.876679,0.196823,,,,,,
684591,,,,,,,,,-0.000000,0.000000,,,-0.000001,-0.000001,-0.064913,-0.046399,,,,,,,,,,,,
684601,,,,,,,,,-0.000000,0.000000,,,-0.000001,-0.000001,-0.064812,-0.046203,,,,0.027472,0.876681,0.196811,,,,,,
684609,,,,,,,,,-0.000000,0.000000,,,-0.000001,-0.000000,-0.064711,-0.046006,,,,0.027465,0.876679,0.196811,,,,,,
684617,0.027475,0.876682,0.196812,,,,,,,,,,,,,,,,,0.027474,0.876681,0.196811,,,,,,
684620,,,,0.003205,1.003192,0.782766,0.014425,-0.005480,-0.000000,0.000000,0.747957,1.281533,-0.000001,-0.000000,-0.062151,-0.042750,0.000937,0.128813,0.585954,,,,,,,,,
684631,,,,,,,,,-0.000000,0.000000,,,-0.000001,-0.000000,-0.062001,-0.042494,,,,0.027472,0.876683,0.196823,,,,,,
684639,,,,,,,,,-0.000000,0.000000,,,-0.000000,-0.000000,-0.061852,-0.042237,,,,0.027469,0.876679,0.196811,,,,,,
684646,,,,,,,,,,,,,,,,,,,,0.027471,0.876682,0.196811,,,,,,
684651,,,,,,,,,-0.000000,0.000000,,,-0.000000,-0.000000,-0.061702,-0.041981,,,,,,,,,,,,
684661,,,,,,,,,-0.000000,0.000000,,,-0.000000,-0.000000,-0.061552,-0.041725,,,,0.027472,0.876682,0.196811,,,,,,
684669,0.027472,0.876682,0.196811,0.003813,1.003797,0.782337,0.016228,-0.007415,-0.000000,0.000000,1.013664,1.607231,-0.000000,-0.000000,-0.058693,-0.038146,0.001654,0.129287,0.585526,0.027479,0.876689,0.196823,,,,,,
684676,,,,,,,,,,,,,,,,,,,,0.027481,0.876686,0.196811,,,,,,
684681,,,,,,,,,-0.000000,0.000000,,,-0.000000,-0.000000,-0.058490,-0.037825,,,,,,,,,,,,
684690,,,,,,,,,-0.000000,0.000000,,,-0.000000,-0.000000,-0.058287,-0.037503,,,,0.027484,0.876685,0.196811,,,,,,
684698,,,,,,,,,,,,,,,,,,,,0.027477,0.876688,0.196823,,,,,,
684701,,,,,,,,,-0.000000,0.000000,,,-0.000000,-0.000000,-0.058084,-0.037182,,,,,,,,,,,,
684706,,,,,,,,,,,,,,,,,,,,0.027468,0.876690,0.196823,,,,,,
684711,,,,,,,,,-0.000000,0.000000,,,-0.000000,-0.000000,-0.057882,-0.036860,,,,,,,,,,,,
684720,0.027468,0.876689,0.196822,0.004490,1.004470,0.781773,0.018111,-0.009839,-0.000000,0.000000,1.306852,1.960814,-0.000000,-0.000000,-0.054688,-0.032932,0.002454,0.129807,0.584951,0.027468,0.876681,0.196823,,,,,,
684728,,,,,,,,,,,,,,,,,,,,0.027469,0.876682,0.196823,,,,,,
684731,,,,,,,,,-0.000000,0.000000,,,-0.000000,-0.000000,-0.054427,-0.032540,,,,,,,,,,,,
684736,,,,,,,,,,,,,,,,,,,,0.027469,0.876681,0.196823,,,,,,
684741,,,,,,,,,-0.000000,0.000000,,,-0.000000,-0.000000,-0.054166,-0.032148,,,,,,,,,,,,
684750,,,,,,,,,-0.000000,0.000000,,,-0.000000,-0.000000,-0.053904,-0.031756,,,,0.027470,0.876679,0.196823,,,,,,
684758,,,,,,,,,,,,,,,,,,,,0.027472,0.876679,0.196823,,,,,,
684761,,,,,,,,,-0.000000,0.000000,,,-0.000000,-0.000000,-0.053643,-0.031364,,,,,,,,,,,,
684766,,,,,,,,,,,,,,,,,,,,0.027481,0.876679,0.196823,,,,,,
684769,0.027480,0.876680,0.196823,0.005238,1.005212,0.781043,0.020068,-0.012829,-0.000000,0.000000,1.623588,2.337677,-0.000000,-0.000000,-0.050151,-0.027128,0.003322,0.130400,0.584220,,,,,,,,,
684780,,,,,,,,,-0.000000,0.000000,,,-0.000000,-0.000000,-0.049826,-0.026660,,,,0.027475,0.876685,0.196823,,,,,,
684788,,,,,,,,,,,,,,,,,,,,0.027480,0.876678,0.196823,,,,,,
684791,,,,,,,,,-0.000000,0.000000,,,-0.000000,-0.000000,-0.049501,-0.026193,,,,,,,,,,,,
684795,,,,,,,,,,,,,,,,,,,,0.027479,0.876678,0.196823,,,,,,
684801,,,,,,,,,-0.000000,0.000000,,,-0.000000,-0.000000,-0.049177,-0.025725,,,,,,,,,,,,
684809,,,,,,,,,-0.000000,0.000000,,,-0.000000,-0.000000,-0.048852,-0.025257,,,,0.027472,0.876687,0.196823,,,,,,
684817,0.027471,0.876680,0.196823,,,,,,,,,,,,,,,,,0.027470,0.876680,0.196823,,,,,,
684820,,,,0.006060,1.006026,0.780113,0.022093,-0.016472,-0.000000,0.000000,1.974280,2.747428,-0.000000,-0.000000,-0.044950,-0.020611,0.004296,0.131035,0.583290,,,,,,,,,
684831,,,,,,,,,-0.000000,0.000000,,,-0.000000,-0.000000,-0.044555,-0.020061,,,,0.027472,0.876686,0.196823,,,,,,
684838,,,,,,,,,,,,,,,,,,,,0.027472,0.876687,0.196823,,,,,,
684841,,,,,,,,,-0.000000,0.000000,,,-0.000000,-0.000000,-0.044160,-0.019512,,,,,,,,,,,,
684848,,,,,,,,,,,,,,,,,,,,0.027472,0.876686,0.196823,,,,,,
684851,,,,,,,,,-0.000000,0.000000,,,-0.000000,-0.000000,-0.043766,-0.018962,,,,,,,,,,,,
684860,,,,,,,,,-0.000000,0.000000,,,-0.000000,-0.000000,-0.043371,-0.018413,,,,0.027485,0.876686,0.196823,,,,,,
684868,0.027479,0.876683,0.196823,0.006958,1.006913,0.778943,0.024180,-0.020861,,,2.349708,3.180019,,,,,0.005342,0.131728,0.582120,0.027480,0.876683,0.196823,,,,,,
684871,,,,,,,,,-0.000000,0.000000,,,-0.000000,-0.000000,-0.039147,-0.013451,,,,,,,,,,,,
684875,,,,,,,,,,,,,,,,,,,,0.027492,0.876683,0.196823,,,,,,
684881,,,,,,,,,-0.000000,0.000000,,,-0.000000,-0.000000,-0.038677,-0.012815,,,,,,,,,,,,
684889,,,,,,,,,-0.000000,0.000000,,,-0.000000,-0.000000,-0.038207,-0.012179,,,,0.027499,0.876695,0.196823,,,,,,
684897,,,,,,,,,,,,,,,,,,,,0.027485,0.876691,0.196823,,,,,,
684901,,,,,,,,,-0.000000,0.000000,,,-0.000000,-0.000000,-0.037737,-0.011543,,,,,,,,,,,,
684905,,,,,,,,,,,,,,,,,,,,0.027478,0.876688,0.196823,,,,,,
684911,,,,,,,,,-0.000000,0.000000,,,-0.000000,-0.000000,-0.037267,-0.010907,,,,,,,,,,,,
684919,0.027478,0.876687,0.196823,0.007934,1.007875,0.777488,0.026321,-0.026095,-0.000000,0.000000,2.757724,3.642332,,,-0.032635,-0.005555,0.006487,0.132477,0.580665,0.027483,0.876689,0.196823,,,,,,
684922,,,,,,,,,,,,,-0.000000,-0.000000,,,,,,,,,,,,,,
684927,,,,,,,,,,,,,,,,,,,,0.027481,0.876691,0.196823,,,,,,
684931,,,,,,,,,-0.000000,0.000000,,,-0.000000,-0.000000,-0.032084,-0.004827,,,,,,,,,,,,
684941,,,,,,,,,-0.000000,0.000000,,,-0.000000,-0.000000,-0.031532,-0.004098,,,,0.027482,0.876690,0.196823,,,,,,
684949,,,,,,,,,-0.000000,0.000000,,,-0.000000,-0.000000,-0.030980,-0.003370,,,,0.027482,0.876690,0.196823,,,,,,
684957,,,,,,,,,,,,,,,,,,,,0.027504,0.876687,0.196823,,,,,,
684961,,,,,,,,,-0.000000,0.000000,,,-0.000000,-0.000000,-0.030429,-0.002641,,,,,,,,,,,,
684969,0.027502,0.876687,0.196823,0.008990,1.008913,0.775697,0.028511,-0.032285,,,3.190591,4.125690,-0.000000,-0.000000,-0.025462,0.003018,0.007703,0.133294,0.578874,0.027501,0.876690,0.196823,,,,,,
684972,,,,,,,,,-0.000000,0.000000,,,,,,,,,,,,,,,,,,
684978,,,,,,,,,,,,,,,,,,,,0.027501,0.876694,0.196823,,,,,,
684981,,,,,,,,,-0.000000,0.000000,,,-0.000000,-0.000000,-0.024824,0.003843,,,,,,,,,,,,
684986,,,,,,,,,,,,,,,,,,,,0.027500,0.876691,0.196823,,,,,,
684991,,,,,,,,,-0.000000,0.000000,,,-0.000000,-0.000000,-0.024186,0.004668,,,,,,,,,,,,
685000,,,,,,,,,-0.000000,0.000000,,,-0.000000,-0.000000,-0.023548,0.005493,,,,0.027491,0.876691,0.196823,,,,,,
685008,,,,,,,,,,,,,,,,,,,,0.027488,0.876694,0.196823,,,,,,
685011,,,,,,,,,-0.000000,0.000000,,,-0.000000,-0.000000,-0.022910,0.006318,,,,,,,,,,,,
685015,,,,,,,,,,,,,,,,,,,,0.027500,0.876694,0.196823,,,,,,
685019,0.027500,0.876693,0.196823,0.010129,1.010028,0.773513,0.030739,-0.039548,-0.000000,0.000000,3.662233,4.642748,-0.000000,-0.000000,-0.017461,0.012417,0.009038,0.134157,0.576690,,,,,,,,,
685030,,,,,,,,,-0.000000,0.000000,,,-0.000000,-0.000000,-0.016728,0.013346,,,,0.027492,0.876688,0.196823,,,,,,
685037,,,,,,,,,,,,,,,,,,,,0.027493,0.876681,0.196811,,,,,,
685041,,,,,,,,,-0.000000,0.000000,,,-0.000000,-0.000000,-0.015996,0.014274,,,,,,,,,,,,
685051,,,,,,,,,-0.000000,0.000000,,,-0.000000,-0.000000,-0.015263,0.015203,,,,0.027493,0.876688,0.196823,,,,,,
685059,,,,,,,,,-0.000000,0.000000,,,-0.000000,-0.000000,-0.014531,0.016131,,,,0.027491,0.876693,0.196823,,,,,,
685067,0.027489,0.876687,0.196823,,,,,,,,,,,,,,,,,0.027487,0.876687,0.196823,,,,,,
685070,,,,0.011352,1.011219,0.770873,0.032997,-0.048015,-0.000000,0.000000,4.170348,5.189975,-0.000000,-0.000000,-0.008616,0.022642,0.010483,0.135090,0.574050,,,,,,,,,
685081,,,,,,,,,-0.000000,0.000000,,,-0.000000,-0.000000,-0.007782,0.023680,,,,0.027487,0.876687,0.196823,,,,,,
685088,,,,,,,,,,,,,,,,,,,,0.027489,0.876699,0.196823,,,,,,
685091,,,,,,,,,-0.000000,0.000000,,,-0.000000,-0.000000,-0.006948,0.024718,,,,,,,,,,,,
685096,,,,,,,,,,,,,,,,,,,,0.027507,0.876690,0.196823,,,,,,
685101,,,,,,,,,-0.000000,0.000000,,,-0.000000,-0.000000,-0.006114,0.025756,,,,,,,,,,,,
685111,,,,,,,,,-0.000000,0.000000,,,-0.000000,-0.000000,-0.005279,0.026794,,,,0.027501,0.876688,0.196823,,,,,,
685118,0.027492,0.876690,0.196823,0.012660,1.012485,0.767705,0.035275,-0.057831,,,4.707417,5.758388,,,,,0.012010,0.136074,0.570882,0.027492,0.876690,0.196823,,,,,,
685121,,,,,,,,,-0.000000,0.000000,,,-0.000000,-0.000000,0.001033,0.033629,,,,,,,,,,,,
685125,,,,,,,,,,,,,,,,,,,,0.027503,0.876681,0.196823,,,,,,
685131,,,,,,,,,-0.000000,0.000000,,,-0.000000,-0.000000,0.001974,0.034781,,,,,,,,,,,,
685139,,,,,,,,,-0.000000,0.000000,,,-0.000000,-0.000000,0.002916,0.035933,,,,0.027493,0.876688,0.196823,,,,,,
685147,,,,,,,,,,,,,,,,,,,,0.027494,0.876685,0.196823,,,,,,
685151,,,,,,,,,-0.000000,0.000000,,,-0.000000,-0.000000,0.003857,0.037084,,,,,,,,,,,,
685161,,,,,,,,,-0.000000,0.000000,,,-0.000000,-0.000000,0.004799,0.038236,,,,0.027496,0.876688,0.196823,,,,,,
685170,0.027495,0.876688,0.196823,0.014055,1.013827,0.763929,0.037562,-0.069155,-0.000000,0.000000,5.279190,6.352132,-0.000000,-0.000000,0.011572,0.045444,0.013637,0.137119,0.567106,,,,,,,,,
685181,,,,,,,,,-0.000000,0.000000,,,-0.000000,-0.000000,0.012628,0.046714,,,,,,,,,,,,
685191,,,,,,,,,-0.000000,0.000000,,,-0.000000,-0.000000,0.013684,0.047985,,,,0.027503,0.876685,0.196823,,,,,,
685198,,,,,,,,,,,,,,,,,,,,0.027503,0.876682,0.196823,,,,,,
685201,,,,,,,,,-0.000000,0.000000,,,-0.000000,-0.000000,0.014740,0.049255,,,,,,,,,,,,
685206,,,,,,,,,,,,,,,,,,,,0.027511,0.876681,0.196823,,,,,,
685211,,,,,,,,,0.027467,0.652434,,,-0.000000,0.544543,0.015796,0.044971,,,,,,,,,,,,
685220,0.027623,0.876706,0.199561,0.015537,1.015241,0.759456,0.039846,-0.082171,0.027467,0.652434,5.963544,7.041358,-0.000000,1.002722,0.023832,0.048490,0.015617,0.138182,0.559895,0.027505,0.876686,0.196811,,,,,,
685228,,,,,,,,,,,,,,,,,,,,0.027522,0.876681,0.196811,,,,,,
685231,,,,,,,,,-0.000000,0.000000,,,-0.000000,0.843690,0.025025,0.051319,,,,,,,,,,,,
685236,,,,,,,,,,,,,,,,,,,,0.027529,0.876682,0.196811,,,,,,
685241,,,,,,,,,-0.000000,0.000000,,,-0.000000,0.709881,0.026217,0.053924,,,,,,,,,,,,
685250,,,,,,,,,-0.000000,0.000000,,,-0.000000,0.597293,0.027410,0.056339,,,,0.027531,0.876681,0.199592,,,,,,
685257,,,,,,,,,,,,,,,,,,,,0.027621,0.876704,0.199604,,,,,,
685261,,,,,,,,,-0.000000,0.000000,,,-0.000000,0.502563,0.028603,0.058594,,,,,,,,,,,,
685270,0.027621,0.876704,0.199601,0.017109,1.016725,0.754185,0.042115,-0.097083,-0.000000,0.000000,6.610683,7.685554,-0.000000,0.422856,0.036396,0.067285,0.017459,0.139325,0.554584,0.027721,0.876710,0.199604,,,,,,
685279,,,,,,,,,-0.000000,0.000000,,,-0.000000,0.355791,0.037718,0.069422,,,,0.027778,0.876727,0.199617,,,,,,
685287,,,,,,,,,,,,,,,,,,,,0.027762,0.876724,0.199604,,,,,,
685291,,,,,,,,,-0.000000,0.000000,,,-0.000000,0.299363,0.039040,0.071463,,,,,,,,,,,,
685301,,,,,,,,,-0.000000,0.000000,,,-0.000000,0.251884,0.040363,0.073425,,,,0.027712,0.876718,0.199604,,,,,,
685309,,,,,,,,,-0.000000,0.000000,,,-0.000000,0.211935,0.041685,0.075319,,,,0.027679,0.876702,0.199604,,,,,,
685316,,,,,,,,,,,,,,,,,,,,0.027680,0.876711,0.199604,,,,,,
685319,0.027675,0.876710,0.199604,0.018770,1.018276,0.748003,0.044352,-0.114131,0.027467,0.652434,7.277073,8.333379,-0.000000,0.722865,0.049804,0.078210,0.019341,0.140521,0.548399,,,,,,,,,
685330,,,,,,,,,0.027467,-0.652434,,,0.544543,0.608219,0.045705,0.080902,,,,0.027720,0.876712,0.199604,,,,,,
685338,,,,,,,,,,,,,,,,,,,,0.027758,0.876715,0.199604,,,,,,
685341,,,,,,,,,-0.000000,0.000000,,,0.458179,0.511755,0.047933,0.083431,,,,,,,,,,,,
685346,,,,,,,,,,,,,,,,,,,,0.027792,0.876719,0.202386,,,,,,
685351,,,,,,,,,-0.000000,0.000000,,,0.385511,0.430591,0.050038,0.085823,,,,,,,,,,,,
685360,,,,,,,,,0.027467,0.652434,,,0.324369,0.906842,0.052039,0.082546,,,,0.027834,0.876698,0.202386,,,,,,
685367,,,,,,,,,,,,,,,,,,,,0.027931,0.876700,0.205168,,,,,,
685370,0.028022,0.876725,0.207438,0.020521,1.019890,0.740781,0.046545,-0.133590,-0.000000,0.000000,8.233538,9.233074,0.272924,0.763017,0.063711,0.094675,0.022145,0.141640,0.533343,,,,,,,,,
685375,,,,,,,,,,,,,,,,,,,,0.028054,0.876712,0.207950,,,,,,
685381,,,,,,,,,0.027467,0.652434,,,0.229638,1.186545,0.065744,0.092049,,,,,,,,,,,,
685389,,,,,,,,,0.027467,0.652434,,,0.193218,1.542902,0.067717,0.090023,,,,0.028239,0.876698,0.213504,,,,,,
685397,,,,,,,,,,,,,,,,,,,,0.028446,0.876702,0.219072,,,,,,
685401,,,,,,,,,0.054935,0.000000,,,0.707117,1.842741,0.064083,0.088503,,,,,,,,,,,,
685411,,,,,,,,,0.027467,0.652434,,,0.594968,2.095025,0.066732,0.087408,,,,0.028726,0.876747,0.227435,,,,,,
685420,0.028779,0.876771,0.228495,0.022362,1.021559,0.732373,0.048676,-0.155784,0.027467,0.652434,9.688561,10.571881,0.500606,2.307297,0.084064,0.100326,0.026546,0.142478,0.503878,0.029073,0.876808,0.233017,,,,,,
685428,,,,,,,,,,,,,,,,,,,,0.029431,0.876876,0.241389,,,,,,
685431,,,,,,,,,0.054935,1.304868,,,0.421210,3.030446,0.086711,0.094603,,,,,,,,,,,,
685440,,,,,,,,,0.027467,0.652434,,,0.354406,3.094360,0.089246,0.095459,,,,0.029807,0.876928,0.249744,,,,,,
685448,,,,,,,,,,,,,,,,,,,,0.030164,0.876964,0.258120,,,,,,
685451,,,,,,,,,0.054935,1.304868,,,0.298197,3.692681,0.091686,0.090852,,,,,,,,,,,,
685455,,,,,,,,,,,,,,,,,,,,0.030538,0.877043,0.269271,,,,,,
685461,,,,,,,,,0.027467,0.652434,,,0.250903,3.651564,0.094046,0.092647,,,,,,,,,,,,
685470,0.030502,0.877048,0.268587,0.024293,1.023279,0.722612,0.050728,-0.181093,0.054935,1.304868,11.739363,12.419826,0.211110,4.161512,0.117258,0.107679,0.032819,0.142636,0.454025,0.030964,0.877116,0.280447,,,,,,
685477,,,,,,,,,,,,,,,,,,,,0.031440,0.877184,0.288834,,,,,,
685481,,,,,,,,,0.054935,1.304868,,,0.177628,4.590582,0.119905,0.104954,,,,,,,,,,,,
685491,,,,,,,,,0.054935,1.304868,,,0.149456,4.951602,0.122505,0.102837,,,,0.031972,0.877266,0.302815,,,,,,
685499,,,,,,,,,0.082402,0.652434,,,0.670295,5.255363,0.119510,0.101232,,,,0.032407,0.877364,0.311218,,,,,,
685507,,,,,,,,,,,,,,,,,,,,0.032927,0.877491,0.322422,,,,,,
685511,,,,,,,,,0.082402,0.652434,,,1.108530,5.510949,0.117254,0.100058,,,,,,,,,,,,
685520,0.033056,0.877552,0.320642,0.026314,1.025041,0.711307,0.052683,-0.209971,0.054935,0.000000,14.119930,14.518238,1.477260,5.181455,0.139901,0.126205,0.040087,0.142097,0.390665,0.033656,0.877642,0.328031,,,,,,
685529,,,,,,,,,0.137337,0.652434,,,2.332053,5.993305,0.133711,0.119791,,,,0.034491,0.877862,0.333650,,,,,,
685537,,,,,,,,,,,,,,,,,,,,0.035333,0.878145,0.336457,,,,,,
685541,,,,,,,,,0.082402,0.652434,,,2.506732,6.131852,0.134287,0.120083,,,,,,,,,,,,
685551,,,,,,,,,0.109870,0.000000,,,3.198250,6.248426,0.129556,0.120571,,,,0.036268,0.878396,0.339264,,,,,,
685559,,,,,,,,,0.109870,0.000000,,,3.780094,6.346511,0.125805,0.121225,,,,0.037230,0.878703,0.342065,,,,,,
685566,,,,,,,,,,,,,,,,,,,,0.038376,0.879032,0.347684,,,,,,
685570,0.038367,0.879054,0.345414,0.028423,1.026835,0.698237,0.054524,-0.242959,0.137337,0.652434,14.561002,14.717404,4.269657,6.973583,0.127379,0.118495,0.040680,0.142419,0.352823,,,,,,,,,
685580,,,,,,,,,0.164805,0.000000,,,5.226118,7.501202,0.119681,0.114662,,,,0.039622,0.879421,0.350494,,,,,,
685588,,,,,,,,,,,,,,,,,,,,0.040988,0.879865,0.353310,,,,,,
685591,,,,,,,,,0.137337,0.652434,,,5.486341,7.945140,0.118894,0.111577,,,,,,,,,,,,
685596,,,,,,,,,,,,,,,,,,,,0.042355,0.880350,0.356121,,,,,,
685601,,,,,,,,,0.164805,0.000000,,,6.249837,8.318669,0.112921,0.109121,,,,,,,,,,,,
685610,,,,,,,,,0.137337,0.652434,,,6.347698,8.632957,0.113585,0.107195,,,,0.043823,0.880847,0.358934,,,,,,
685618,0.045248,0.881371,0.365682,0.030620,1.028652,0.683144,0.056230,-0.280706,,,14.366495,14.251210,,,,,0.039005,0.142773,0.317461,0.045290,0.881362,0.364551,,,,,,
685621,,,,,,,,,0.192272,0.652434,,,6.974582,9.441941,0.106849,0.095405,,,,,,,,,,,,
685625,,,,,,,,,,,,,,,,,,,,0.046909,0.881907,0.364556,,,,,,
685631,,,,,,,,,0.164805,0.000000,,,7.502042,9.578077,0.102948,0.094978,,,,,,,,,,,,
685640,,,,,,,,,0.164805,0.000000,,,7.945847,9.692622,0.099794,0.094745,,,,0.048511,0.882494,0.367375,,,,,,
685648,,,,,,,,,,,,,,,,,,,,0.050172,0.883123,0.370181,,,,,,
685651,,,,,,,,,0.164805,0.000000,,,8.319264,9.789001,0.097269,0.094673,,,,,,,,,,,,
685661,,,,,,,,,0.192272,0.652434,,,8.633457,10.414637,0.095274,0.089184,,,,0.051890,0.883722,0.370188,,,,,,
685670,0.052081,0.883824,0.372547,0.032904,1.030478,0.665730,0.057784,-0.323990,0.164805,0.000000,13.641231,13.252770,8.897820,9.851960,0.086326,0.085507,0.035519,0.143575,0.293183,0.053581,0.884288,0.373004,,,,,,
685677,,,,,,,,,,,,,,,,,,,,0.055294,0.884922,0.375836,,,,,,
685681,,,,,,,,,0.164805,0.000000,,,9.120254,10.467611,0.085006,0.079907,,,,,,,,,,,,
685691,,,,,,,,,0.192272,0.652434,,,9.307410,10.985620,0.084001,0.075181,,,,0.056983,0.885459,0.378638,,,,,,
685699,,,,,,,,,0.164805,0.000000,,,9.464884,10.876928,0.083262,0.076743,,,,0.058745,0.886122,0.381509,,,,,,
685706,,,,,,,,,,,,,,,,,,,,0.060240,0.886653,0.381472,,,,,,
685711,,,,,,,,,0.164805,0.000000,,,9.597382,10.785476,0.082746,0.078151,,,,,,,,,,,,
685720,0.060199,0.886668,0.380722,0.035273,1.032301,0.645642,0.059167,-0.373751,0.137337,0.652434,12.639994,11.921329,9.164322,10.708528,0.077759,0.065848,0.030975,0.144468,0.264920,0.061875,0.887233,0.384308,,,,,,
685728,,,,,,,,,,,,,,,,,,,,0.063375,0.887803,0.387110,,,,,,
685731,,,,,,,,,0.164805,0.000000,,,9.344489,10.643784,0.076616,0.066751,,,,,,,,,,,,
685736,,,,,,,,,,,,,,,,,,,,0.064921,0.888441,0.389931,,,,,,
685741,,,,,,,,,0.164805,0.000000,,,9.496081,10.589308,0.075729,0.067563,,,,,,,,,,,,
685750,,,,,,,,,0.164805,0.000000,,,9.623631,10.543471,0.075057,0.068296,,,,0.066422,0.889041,0.392770,,,,,,
685758,,,,,,,,,,,,,,,,,,,,0.067823,0.889538,0.392752,,,,,,
685761,,,,,,,,,0.109870,0.000000,,,9.186409,9.960361,0.080120,0.074520,,,,,,,,,,,,
685765,,,,,,,,,,,,,,,,,,,,0.069097,0.890080,0.395559,,,,,,
685770,0.068778,0.889966,0.394314,0.037725,1.034105,0.622469,0.060363,-0.431116,0.164805,0.000000,11.750673,10.620489,9.363073,10.014277,0.069938,0.061093,0.026705,0.145008,0.228155,,,,,,,,,
685780,,,,,,,,,0.137337,0.652434,,,8.967175,10.059641,0.074453,0.060752,,,,0.070493,0.890600,0.395575,,,,,,
685787,,,,,,,,,,,,,,,,,,,,0.071718,0.891156,0.398362,,,,,,
685791,,,,,,,,,0.109870,0.000000,,,8.634067,9.553267,0.078408,0.066029,,,,,,,,,,,,
685795,,,,,,,,,,,,,,,,,,,,0.073091,0.891674,0.398369,,,,,,
685801,,,,,,,,,0.137337,-0.652434,,,8.898333,9.127204,0.076336,0.070588,,,,,,,,,,,,
685809,,,,,,,,,0.109870,0.000000,,,8.576142,8.768715,0.080192,0.074544,,,,0.074330,0.892247,0.398397,,,,,,
685817,,,,,,,,,,,,,,,,,,,,0.075543,0.892827,0.395574,,,,,,
685820,0.075401,0.892764,0.395469,0.040257,1.035873,0.595723,0.061357,-0.497436,0.164805,0.000000,10.924886,9.359960,8.849595,9.011625,0.069615,0.059579,0.022700,0.145602,0.200254,,,,,,,,,
685831,,,,,,,,,0.109870,0.000000,,,8.535134,8.671467,0.073238,0.063118,,,,0.076587,0.893215,0.398369,,,,,,
685838,,,,,,,,,,,,,,,,,,,,0.077626,0.893642,0.395535,,,,,,
685841,,,,,,,,,0.109870,0.000000,,,8.270547,8.385258,0.076414,0.066175,,,,,,,,,,,,
685848,,,,,,,,,,,,,,,,,,,,0.078781,0.894127,0.392730,,,,,,
685851,,,,,,,,,0.137337,-0.652434,,,8.592466,8.144442,0.073662,0.068827,,,,,,,,,,,,
685860,,,,,,,,,0.082402,0.652434,,,7.774243,7.941819,0.082474,0.071136,,,,0.079957,0.894660,0.392739,,,,,,
685868,0.080800,0.895083,0.390548,0.042867,1.037585,0.564831,0.062139,-0.574311,,,,,,,,,,,,0.080949,0.895145,0.387109,,,,,,
685871,,,,,,,,,0.082402,-0.652434,10.244705,8.189711,7.630334,7.226789,0.077634,0.066777,0.019173,0.146213,0.174283,,,,,,,,,
685876,,,,,,,,,,,,,,,,,,,,0.081939,0.895570,0.384278,,,,,,
685881,,,,,,,,,0.164805,0.000000,,,8.053792,7.714249,0.073838,0.061997,,,,,,,,,,,,
685890,,,,,,,,,0.109870,-1.304868,,,8.410089,7.035311,0.070642,0.069018,,,,0.082951,0.896037,0.378631,,,,,,
685897,,,,,,,,,,,,,,,,,,,,0.083923,0.896513,0.375823,,,,,,
685901,,,,,,,,,0.109870,0.000000,,,7.620791,7.008596,0.079059,0.069521,,,,,,,,,,,,
685911,,,,,,,,,0.082402,-0.652434,,,8.045763,6.441575,0.075250,0.075541,,,,0.084995,0.896974,0.370200,,,,,,
685920,0.084965,0.896942,0.369170,0.045552,1.039222,0.529120,0.062701,-0.663608,0.109870,0.000000,9.255697,6.684957,7.858790,5.964484,0.067509,0.065408,0.014583,0.146916,0.159950,0.085976,0.897425,0.367375,,,,,,
685927,,,,,,,,,,,,,,,,,,,,0.086950,0.897881,0.361757,,,,,,
685931,,,,,,,,,0.082402,-0.652434,,,7.701472,6.107602,0.069393,0.064093,,,,,,,,,,,,
685941,,,,,,,,,0.082402,0.652434,,,7.024560,6.228022,0.076608,0.062980,,,,0.087849,0.898288,0.356131,,,,,,
685949,,,,,,,,,0.109870,-1.304868,,,7.544094,5.784800,0.071755,0.067592,,,,0.088774,0.898640,0.353305,,,,,,
685957,,,,,,,,,,,,,,,,,,,,0.089763,0.899060,0.347688,,,,,,
685961,,,,,,,,,0.109870,0.000000,,,7.436686,5.956417,0.073193,0.066021,,,,,,,,,,,,
685970,0.089790,0.899048,0.349491,0.048308,1.040760,0.487805,0.063045,-0.767452,0.082402,-0.652434,8.186913,4.990432,7.346313,5.556272,0.063577,0.052965,0.009550,0.147349,0.138314,0.090719,0.899421,0.344889,,,,,,
685979,,,,,,,,,0.082402,-0.652434,,,7.270273,5.219589,0.064521,0.056286,,,,0.091548,0.899729,0.339272,,,,,,
685986,,,,,,,,,,,,,,,,,,,,0.092267,0.899983,0.336456,,,,,,
685991,,,,,,,,,0.109870,0.000000,,,7.206293,5.480848,0.065356,0.053575,,,,,,,,,,,,
686000,,,,,,,,,0.054935,0.000000,,,6.607917,5.156128,0.071656,0.056789,,,,0.092964,0.900252,0.333643,,,,,,
686008,,,,,,,,,,,,,,,,,,,,0.093769,0.900535,0.330830,,,,,,
686011,,,,,,,,,0.082402,-0.652434,,,6.648987,4.882909,0.071553,0.059543,,,,,,,,,,,,
686016,,,,,,,,,,,,,,,,,,,,0.094591,0.900859,0.325213,,,,,,
686020,0.094515,0.900820,0.324513,0.051132,1.042174,0.439987,0.063181,-0.888137,0.082402,-0.652434,6.993644,3.074396,6.683543,4.653022,0.059337,0.042365,0.003952,0.147809,0.115474,,,,,,,,,
686030,,,,,,,,,0.054935,-1.304868,,,6.712619,3.915052,0.059102,0.049577,,,,0.095265,0.901121,0.322428,,,,,,
686038,,,,,,,,,,,,,,,,,,,,0.095880,0.901334,0.319623,,,,,,
686041,,,,,,,,,0.054935,0.000000,,,6.192540,3.838667,0.064463,0.050188,,,,,,,,,,,,
686045,,,,,,,,,,,,,,,,,,,,0.096439,0.901558,0.314008,,,,,,
686051,,,,,,,,,0.054935,0.000000,,,5.754945,3.774397,0.069087,0.050691,,,,,,,,,,,,
686060,,,,,,,,,0.082402,-0.652434,,,5.931297,3.720321,0.067536,0.051102,,,,0.097080,0.901820,0.308410,,,,,,
686069,0.097844,0.902095,0.301905,0.054019,1.043439,0.384662,0.063132,-1.027937,,,6.376611,1.591638,5.535136,3.130277,0.065495,0.041867,0.000184,0.147982,0.082757,0.097789,0.902097,0.302822,,,,,,
686072,,,,,,,,,0.027467,-0.652434,,,,,,,,,,,,,,,,,,
686081,,,,,,,,,0.027467,-0.652434,,,5.201806,2.633815,0.069064,0.046624,,,,0.098414,0.902349,0.297227,,,,,,
686089,,,,,,,,,0.027467,-0.652434,,,4.921342,2.216092,0.072159,0.050676,,,,0.098897,0.902565,0.291623,,,,,,
686097,,,,,,,,,,,,,,,,,,,,0.099433,0.902732,0.288826,,,,,,
686101,,,,,,,,,0.054935,-1.304868,,,5.229903,1.864619,0.069303,0.054136,,,,,,,,,,,,
686110,,,,,,,,,0.082402,-0.652434,,,5.489526,2.113434,0.066884,0.051544,,,,0.099915,0.902933,0.283242,,,,,,
686118,0.100532,0.903122,0.276953,0.056964,1.044526,0.320757,0.062935,-1.188691,,,5.910968,0.123478,,,,,-0.003244,0.147928,0.043804,0.100416,0.903109,0.277655,,,,,,
686121,,,,,,,,,0.054935,-1.304868,,,5.163429,1.778243,0.065638,0.039883,,,,,,,,,,,,
686128,,,,,,,,,,,,,,,,,,,,0.100832,0.903260,0.266476,,,,,,
686131,,,,,,,,,-0.000000,0.000000,,,4.889052,1.496213,0.068586,0.042429,,,,,,,,,,,,
686140,,,,,,,,,0.054935,-1.304868,,,5.202734,1.258914,0.065591,0.044575,,,,0.101154,0.903439,0.255306,,,,,,
686147,,,,,,,,,,,,,,,,,,,,0.101438,0.903551,0.246937,,,,,,
686151,,,,,,,,,0.027467,-0.652434,,,4.922123,1.059250,0.068595,0.046384,,,,,,,,,,,,
686155,,,,,,,,,,,,,,,,,,,,0.101790,0.903673,0.238566,,,,,,
686161,,,,,,,,,0.027467,-0.652434,,,4.686017,0.891253,0.071201,0.047910,,,,,,,,,,,,
686170,0.101796,0.903656,0.239050,0.059963,1.045404,0.247221,0.062651,-1.371067,-0.000000,0.000000,5.369565,-1.521321,3.942814,0.749900,0.073505,0.032422,-0.007081,0.147622,0.008171,0.102099,0.903765,0.230206,,,,,,
686177,,,,,,,,,,,,,,,,,,,,0.102459,0.903894,0.221857,,,,,,
686181,,,,,,,,,0.027467,-0.652434,,,3.862026,0.630966,0.074614,0.033181,,,,,,,,,,,,
686185,,,,,,,,,,,,,,,,,,,,0.102749,0.903969,0.216297,,,,,,
686191,,,,,,,,,0.027467,-0.652434,,,3.794052,0.530894,0.075609,0.033771,,,,,,,,,,,,
686199,,,,,,,,,0.027467,-0.652434,,,3.736858,0.446694,0.076507,0.034219,,,,0.102967,0.904020,0.213523,,,,,,
686207,,,,,,,,,,,,,,,,,,,,0.103060,0.904053,0.213516,,,,,,
686211,,,,,,,,,0.027467,-0.652434,,,3.688735,0.375849,0.077325,0.034548,,,,,,,,,,,,
686220,0.103067,0.904045,0.212921,0.063009,1.046041,0.163180,0.062366,-1.573367,-0.000000,0.000000,5.413280,-2.772410,3.103701,0.316239,0.084074,0.022016,-0.009147,0.147254,-0.049741,0.103030,0.904091,0.205157,,,,,,
686228,,,,,,,,,,,,,,,,,,,,0.103178,0.904128,0.202383,,,,,,
686231,,,,,,,,,0.027467,-0.652434,,,3.155997,0.266083,0.084003,0.021910,,,,,,,,,,,,
686236,,,,,,,,,,,,,,,,,,,,0.103421,0.904202,0.199611,,,,,,
686241,,,,,,,,,0.027467,-0.652434,,,3.199998,0.223883,0.084005,0.021732,,,,,,,,,,,,
686250,,,,,,,,,-0.000000,0.000000,,,2.692478,0.188375,0.089625,0.021495,,,,0.103548,0.904261,0.196823,,,,,,
686257,,,,,,,,,,,,,,,,,,,,0.103638,0.904311,0.191259,,,,,,
686261,,,,,,,,,0.027467,-0.652434,,,2.809994,0.158498,0.088970,0.021208,,,,,,,,,,,,
686270,0.103703,0.904312,0.190339,0.066098,1.046403,0.068188,0.062198,-1.789854,0.027467,-0.652434,5.838631,-3.771084,2.908872,0.133361,0.092821,0.010692,-0.010043,0.146640,-0.122151,0.103817,0.904364,0.185699,,,,,,
686279,,,,,,,,,0.027467,-0.652434,,,2.992067,0.112210,0.092558,0.010126,,,,0.104040,0.904415,0.180133,,,,,,
686288,,,,,,,,,,,,,,,,,,,,0.104194,0.904456,0.177355,,,,,,
686291,,,,,,,,,0.027467,-0.652434,,,3.062068,0.094413,0.092413,0.009531,,,,,,,,,,,,
686300,,,,,,,,,-0.000000,0.000000,,,2.576424,0.079439,0.097922,0.008911,,,,0.104348,0.904474,0.171795,,,,,,
686308,,,,,,,,,,,,,,,,,,,,0.104558,0.904549,0.166240,,,,,,
686311,,,,,,,,,0.027467,-0.652434,,,2.712346,0.066840,0.097188,0.008269,,,,,,,,,,,,
686316,,,,,,,,,,,,,,,,,,,,0.104844,0.904635,0.160687,,,,,,
686320,0.104862,0.904628,0.160438,0.069222,1.046453,-0.037448,0.062297,-2.008916,0.027467,-0.652434,5.824220,-5.234531,2.826711,0.056239,0.096500,-0.007317,-0.012525,0.145697,-0.197885,,,,,,,,,
686330,,,,,,,,,0.027467,-0.652434,,,2.922937,0.047320,0.096118,-0.008284,,,,0.105152,0.904714,0.155138,,,,,,
686338,,,,,,,,,,,,,,,,,,,,0.105405,0.904756,0.149586,,,,,,
686341,,,,,,,,,0.054935,-1.304868,,,3.548445,0.039815,0.090318,-0.009264,,,,,,,,,,,,
686345,,,,,,,,,,,,,,,,,,,,0.105639,0.904815,0.141259,,,,,,
686351,,,,,,,,,0.027467,-0.652434,,,3.530205,0.033500,0.090959,-0.010255,,,,,,,,,,,,
686359,,,,,,,,,0.027467,-0.652434,,,3.514857,0.028187,0.091575,-0.011254,,,,0.106013,0.904915,0.132939,,,,,,
686367,,,,,,,,,,,,,,,,,,,,0.106455,0.905017,0.121858,,,,,,
686370,0.106436,0.905001,0.122358,0.072376,1.046155,-0.152343,0.062848,-2.212000,0.027467,-0.652434,5.334030,-7.096941,3.501943,0.023717,0.087168,-0.031258,-0.016577,0.144256,-0.274701,,,,,,,,,
686375,,,,,,,,,,,,,,,,,,,,0.106812,0.905115,0.116313,,,,,,
686381,,,,,,,,,0.054935,-1.304868,,,4.035621,0.019955,0.082091,-0.032643,,,,,,,,,,,,
686389,,,,,,,,,0.027467,-0.652434,,,3.940114,0.016790,0.083325,-0.034034,,,,0.107118,0.905189,0.107986,,,,,,
686396,,,,,,,,,,,,,,,,,,,,0.107560,0.905270,0.099672,,,,,,
686401,,,,,,,,,0.027467,-0.652434,,,3.859755,0.014127,0.084424,-0.035430,,,,,,,,,,,,
686411,,,,,,,,,0.054935,-1.304868,,,4.336684,0.011887,0.079854,-0.036829,,,,0.107957,0.905378,0.091360,,,,,,
686420,0.108059,0.905367,0.088486,0.075552,1.045468,-0.273856,0.064062,-2.374927,0.000000,-1.304868,4.941159,-8.702796,4.193429,0.010001,0.077507,-0.054612,-0.019999,0.142425,-0.362342,0.108391,0.905469,0.083049,,,,,,
686429,,,,,,,,,0.054935,-1.304868,,,4.617436,-0.536128,0.073332,-0.050784,,,,0.108743,0.905558,0.074740,,,,,,
686440,,,,,,,,,0.027467,-0.652434,,,4.429654,-0.451098,0.075312,-0.053284,,,,0.109169,0.905639,0.063675,,,,,,
686448,,,,,,,,,,,,,,,,,,,,0.109602,0.905711,0.052612,,,,,,
686451,,,,,,,,,0.054935,-1.304868,,,4.816196,-0.379554,0.071471,-0.055664,,,,,,,,,,,,
686456,,,,,,,,,,,,,,,,,,,,0.110047,0.905806,0.038772,,,,,,
686461,,,,,,,,,0.027467,-0.652434,,,4.596890,-0.319357,0.073733,-0.057943,,,,,,,,,,,,
686470,0.109995,0.905777,0.040206,0.078743,1.044352,-0.398267,0.066158,-2.472996,0.027467,-0.652434,3.775764,-10.720263,4.412366,-0.268707,0.063797,-0.080715,-0.025657,0.139719,-0.438473,0.110376,0.905890,0.030467,,,,,,
686477,,,,,,,,,,,,,,,,,,,,0.110698,0.905933,0.022164,,,,,,
686481,,,,,,,,,0.054935,-1.304868,,,4.801651,-0.226090,0.059699,-0.083240,,,,,,,,,,,,
686488,,,,,,,,,,,,,,,,,,,,0.111120,0.905941,0.013849,,,,,,
686491,,,,,,,,,0.027467,-0.652434,,,4.584652,-0.190232,0.061708,-0.085704,,,,,,,,,,,,
686499,,,,,,,,,0.000000,-1.304868,,,4.402069,-0.704604,0.063408,-0.082564,,,,0.111515,0.905976,0.005543,,,,,,
686507,,,,,,,,,,,,,,,,,,,,0.111845,0.906025,-0.005527,,,,,,
686511,,,,,,,,,-0.000000,0.000000,,,3.703900,-0.592854,0.070404,-0.085707,,,,,,,,,,,,
686520,0.111690,0.906005,-0.001689,0.081941,1.042764,-0.521343,0.069343,-2.489058,0.000000,-1.304868,2.816898,-12.156970,3.661004,-1.043370,0.061076,-0.097791,-0.029980,0.136709,-0.519654,0.112132,0.906082,-0.016590,,,,,,
686529,,,,,,,,,0.027467,-1.957303,,,4.169455,-1.422435,0.055721,-0.096147,,,,0.112342,0.906111,-0.027665,,,,,,
686537,,,,,,,,,,,,,,,,,,,,0.112494,0.906168,-0.035968,,,,,,
686541,,,,,,,,,0.000000,-1.304868,,,4.052722,-1.741380,0.056641,-0.095041,,,,,,,,,,,,
686551,,,,,,,,,-0.027467,-0.652434,,,3.409959,-2.009740,0.062950,-0.094387,,,,0.112597,0.906186,-0.047041,,,,,,
686559,,,,,,,,,0.000000,-1.304868,,,3.413682,-2.235538,0.062793,-0.094113,,,,0.112632,0.906217,-0.063643,,,,,,
686566,,,,,,,,,,,,,,,,,,,,0.112595,0.906292,-0.077483,,,,,,
686570,0.112519,0.906268,-0.076598,0.085138,1.040662,-0.639124,0.073786,-2.420534,0.000000,-2.609737,0.788188,-14.127632,3.961358,-2.970068,0.036395,-0.108706,-0.037585,0.131905,-0.562526,,,,,,,,,
686580,,,,,,,,,-0.054935,-1.304868,,,3.333086,-3.588101,0.042168,-0.104634,,,,0.112557,0.906348,-0.091318,,,,,,
686588,,,,,,,,,,,,,,,,,,,,0.112457,0.906399,-0.105173,,,,,,
686591,,,,,,,,,-0.054935,-1.304868,,,2.804458,-4.108114,0.047051,-0.101437,,,,,,,,,,,,
686595,,,,,,,,,,,,,,,,,,,,0.112193,0.906509,-0.124579,,,,,,
686601,,,,,,,,,-0.054935,-1.304868,,,2.359671,-4.545653,0.051185,-0.098978,,,,,,,,,,,,
686609,,,,,,,,,-0.054935,-2.609737,,,2.529970,-5.458342,0.049134,-0.091585,,,,0.111926,0.906659,-0.146733,,,,,,
686617,,,,,,,,,,,,,,,,,,,,0.111614,0.906786,-0.160565,,,,,,
686620,0.111462,0.906775,-0.164469,0.088327,1.038001,-0.748593,0.079602,-2.280547,-0.054935,-1.304868,-1.082613,-15.540295,2.128716,-5.681734,0.033796,-0.105450,-0.044308,0.125668,-0.584124,,,,,,,,,
686625,,,,,,,,,,,,,,,,,,,,0.111163,0.906870,-0.177264,,,,,,
686631,,,,,,,,,-0.082402,-1.957303,,,1.791102,-5.869697,0.036597,-0.105504,,,,,,,,,,,,
686639,,,,,,,,,-0.054935,-1.304868,,,1.507033,-6.572392,0.038920,-0.100271,,,,0.110708,0.907011,-0.191114,,,,,,
686648,,,,,,,,,,,,,,,,,,,,0.110160,0.907188,-0.207807,,,,,,
686651,,,,,,,,,-0.082402,-1.957303,,,1.268017,-7.163639,0.040840,-0.096034,,,,,,,,,,,,
686661,,,,,,,,,-0.082402,-1.957303,,,1.066909,-7.661115,0.042421,-0.092635,,,,0.109553,0.907390,-0.227253,,,,,,
686670,0.109375,0.907411,-0.230197,0.091498,1.034736,-0.847975,0.086848,-2.092346,-0.082402,-1.957303,-1.711854,-15.570798,0.897697,-7.535147,0.037299,-0.095807,-0.046457,0.119888,-0.617778,0.108859,0.907583,-0.244024,,,,,,
686676,,,,,,,,,,,,,,,,,,,,0.108028,0.907879,-0.263474,,,,,,
686681,,,,,,,,,-0.082402,-1.957303,,,0.755323,-7.973701,0.038229,-0.092941,,,,,,,,,,,,
686691,,,,,,,,,-0.082402,-1.957303,,,0.635528,-8.887244,0.038958,-0.085142,,,,0.107133,0.908200,-0.283086,,,,,,
686698,,,,,,,,,,,,,,,,,,,,0.106226,0.908576,-0.299880,,,,,,
686701,,,,,,,,,-0.054935,-1.304868,,,0.534733,-8.566813,0.039517,-0.089747,,,,,,,,,,,,
686708,,,,,,,,,,,,,,,,,,,,0.105217,0.909006,-0.319529,,,,,,
686711,,,,,,,,,-0.082402,-1.957303,,,0.449925,-8.841744,0.039932,-0.088344,,,,,,,,,,,,
686720,0.105234,0.908967,-0.320245,0.094644,1.030821,-0.936654,0.095535,-1.880993,-0.082402,-1.957303,-2.219683,-15.267328,0.378567,-9.073072,0.035048,-0.084234,-0.048411,0.112325,-0.616409,0.104086,0.909506,-0.339183,,,,,,
686728,,,,,,,,,,,,,,,,,,,,0.103089,0.909923,-0.356052,,,,,,
686731,,,,,,,,,-0.082402,-1.957303,,,0.318526,-9.267712,0.035141,-0.083488,,,,,,,,,,,,
686736,,,,,,,,,,,,,,,,,,,,0.102424,0.910177,-0.372907,,,,,,
686741,,,,,,,,,-0.082402,-1.957303,,,0.268008,-9.431481,0.035148,-0.083017,,,,,,,,,,,,
686750,,,,,,,,,-0.082402,-1.957303,,,0.225502,-9.569277,0.035084,-0.082779,,,,0.101712,0.910568,-0.392668,,,,,,
686757,,,,,,,,,,,,,,,,,,,,0.101048,0.911021,-0.412442,,,,,,
686761,,,,,,,,,-0.082402,-1.957303,,,0.189737,-9.685218,0.034960,-0.082736,,,,,,,,,,,,
686765,,,,,,,,,,,,,,,,,,,,0.100346,0.911389,-0.432258,,,,,,
686770,0.100434,0.911311,-0.431071,0.097754,1.026211,-1.014874,0.105637,-1.667089,-0.082402,-1.957303,-2.626146,-14.731797,0.159645,-9.782771,0.030639,-0.077395,-0.050445,0.103269,-0.583803,,,,,,,,,
686779,,,,,,,,,-0.082402,-1.957303,,,0.134325,-9.864852,0.030340,-0.077548,,,,0.099627,0.911872,-0.452092,,,,,,
686787,,,,,,,,,,,,,,,,,,,,0.098982,0.912261,-0.472025,,,,,,
686791,,,,,,,,,-0.082402,-1.957303,,,0.113021,-9.933915,0.030006,-0.077817,,,,,,,,,,,,
686795,,,,,,,,,,,,,,,,,,,,0.098364,0.912727,-0.489125,,,,,,
686801,,,,,,,,,-0.054935,-1.304868,,,0.095096,-9.447481,0.029641,-0.083738,,,,,,,,,,,,
686809,,,,,,,,,-0.082402,-1.957303,,,0.080014,-9.582739,0.029250,-0.083415,,,,0.097757,0.913188,-0.506258,,,,,,
686817,,,,,,,,,,,,,,,,,,,,0.097224,0.913533,-0.520564,,,,,,
686820,0.097186,0.913506,-0.521267,0.100821,1.020859,-1.083402,0.117109,-1.464366,-0.082402,-1.957303,-2.307519,-13.604530,0.067323,-9.152001,0.032088,-0.077340,-0.050308,0.094905,-0.562135,,,,,,,,,
686825,,,,,,,,,,,,,,,,,,,,0.096694,0.913978,-0.540646,,,,,,
686831,,,,,,,,,-0.054935,-1.304868,,,0.056646,-9.334123,0.031722,-0.076373,,,,,,,,,,,,
686839,,,,,,,,,-0.054935,-1.304868,,,0.047662,-8.942816,0.031341,-0.081218,,,,0.096227,0.914332,-0.557877,,,,,,
686847,,,,,,,,,,,,,,,,,,,,0.095695,0.914740,-0.572290,,,,,,
686851,,,,,,,,,-0.054935,-1.304868,,,0.040103,-8.613570,0.030947,-0.085509,,,,,,,,,,,,
686861,,,,,,,,,-0.082402,-1.957303,,,0.033742,-8.881086,0.030543,-0.083779,,,,0.095069,0.915193,-0.586726,,,,,,
686870,0.094955,0.915237,-0.589445,0.103835,1.014719,-1.143250,0.129894,-1.280196,-0.054935,-1.304868,-1.226935,-11.918633,0.028391,-8.561631,0.041151,-0.070786,-0.047921,0.087630,-0.553804,,,,,,,,,
686876,,,,,,,,,,,,,,,,,,,,0.094046,0.916185,-0.618642,,,,,,
686881,,,,,,,,,-0.082402,-1.957303,,,0.023888,-8.292842,0.040946,-0.074199,,,,,,,,,,,,
686890,,,,,,,,,-0.054935,-1.304868,,,0.020099,-8.611226,0.040734,-0.071676,,,,0.093659,0.916550,-0.633189,,,,,,
686898,,,,,,,,,,,,,,,,,,,,0.093222,0.916961,-0.647762,,,,,,
686901,,,,,,,,,-0.054935,-1.304868,,,0.016912,-8.334571,0.040517,-0.075160,,,,,,,,,,,,
686908,,,,,,,,,,,,,,,,,,,,0.092740,0.917447,-0.659448,,,,,,
686911,,,,,,,,,-0.054935,-1.304868,,,0.014229,-8.101793,0.040296,-0.078251,,,,,,,,,,,,
686920,0.092739,0.917396,-0.659049,0.106786,1.007746,-1.195489,0.143933,-1.117327,-0.027467,-0.652434,0.375679,-9.785932,0.011973,-7.361391,0.056417,-0.064813,-0.044222,0.080030,-0.536440,0.092295,0.917858,-0.674114,,,,,,
686927,,,,,,,,,,,,,,,,,,,,0.091909,0.918294,-0.685866,,,,,,
686931,,,,,,,,,-0.082402,-1.957303,,,0.010074,-7.827503,0.056509,-0.060543,,,,,,,,,,,,
686935,,,,,,,,,,,,,,,,,,,,0.091604,0.918622,-0.700595,,,,,,
686941,,,,,,,,,-0.027467,-0.652434,,,0.008476,-7.130603,0.056599,-0.068043,,,,,,,,,,,,
686949,,,,,,,,,-0.054935,-1.304868,,,0.007132,-7.088775,0.056686,-0.069001,,,,0.091253,0.918999,-0.712370,,,,,,
686957,,,,,,,,,,,,,,,,,,,,0.090909,0.919349,-0.724208,,,,,,
686961,,,,,,,,,-0.054935,-1.304868,,,0.006001,-7.053581,0.056771,-0.069900,,,,,,,,,,,,
686970,0.090885,0.919332,-0.724215,0.109666,0.999895,-1.241144,0.159166,-0.975664,-0.027467,-0.652434,2.460325,-7.275803,0.005049,-6.479425,0.078118,-0.050699,-0.039310,0.072786,-0.516929,0.090524,0.919722,-0.736050,,,,,,
686979,,,,,,,,,-0.054935,-1.304868,,,0.004248,-6.540874,0.078617,-0.050232,,,,0.090213,0.920035,-0.744947,,,,,,
686986,,,,,,,,,,,,,,,,,,,,0.089974,0.920388,-0.756825,,,,,,
686991,,,,,,,,,-0.027467,-0.652434,,,0.003574,-6.048033,0.079116,-0.055406,,,,,,,,,,,,
687000,,,,,,,,,-0.027467,-0.652434,,,0.003008,-5.633358,0.079613,-0.059881,,,,0.089766,0.920679,-0.765780,,,,,,
687008,,,,,,,,,,,,,,,,,,,,0.089514,0.921027,-0.771764,,,,,,
687011,,,,,,,,,-0.054935,-1.304868,,,0.002531,-5.828993,0.080109,-0.058214,,,,,,,,,,,,
687016,,,,,,,,,,,,,,,,,,,,0.089229,0.921317,-0.780735,,,,,,
687020,0.089200,0.921309,-0.781467,0.112465,0.991123,-1.281141,0.175531,-0.853618,-0.027467,-0.652434,5.163682,-4.274145,0.002129,-5.449057,0.108179,-0.031762,-0.032656,0.065945,-0.499674,,,,,,,,,
687038,,,,,,,,,0.027467,-0.652434,,,0.001792,-4.584836,0.109215,-0.040342,,,,0.089074,0.921478,-0.786703,,,,,,
687041,,,,,,,,,-0.000000,0.000000,,,0.546051,-3.857680,0.104696,-0.047696,,,,,,,,,,,,
687051,,,,,,,,,-0.000000,0.000000,,,0.459447,-3.245852,0.106502,-0.054020,,,,,,,,,,,,
687060,,,,,,,,,0.000000,-1.304868,,,0.931122,-3.275602,0.102632,-0.053923,,,,0.088779,0.922023,-0.804748,,,,,,
687067,,,,,,,,,,,,,,,,,,,,0.088865,0.921948,-0.810750,,,,,,
687070,0.088893,0.921895,-0.813767,0.115174,0.981388,-1.316292,0.192969,-0.748975,-0.027467,-0.652434,8.206002,-1.239392,0.783446,-3.300635,0.136017,-0.022913,-0.025195,0.059961,-0.502525,,,,,,,,,
687081,,,,,,,,,0.027467,-0.652434,,,1.203734,-2.777153,0.133214,-0.027840,,,,0.089064,0.921788,-0.816789,,,,,,
687089,,,,,,,,,0.027467,-0.652434,,,1.557365,-2.336697,0.131008,-0.032025,,,,0.089267,0.921604,-0.819822,,,,,,
687097,,,,,,,,,,,,,,,,,,,,0.089422,0.921418,-0.828906,,,,,,
687101,,,,,,,,,0.027467,-0.652434,,,1.854910,-1.966096,0.129302,-0.035586,,,,,,,,,,,,
687111,,,,,,,,,0.054935,-1.304868,,,2.649807,-1.654273,0.122465,-0.038621,,,,0.089583,0.921260,-0.834938,,,,,,
687120,0.089679,0.921141,-0.838636,0.117785,0.970649,-1.347295,0.211420,-0.659401,0.027467,-0.652434,11.275258,1.663525,2.774091,-1.391905,0.153615,-0.011604,-0.018032,0.053998,-0.508659,0.089743,0.921070,-0.844031,,,,,,
687128,,,,,,,,,,,,,,,,,,,,0.090037,0.920697,-0.856185,,,,,,
687131,,,,,,,,,0.054935,-1.304868,,,3.423206,-1.171149,0.148694,-0.013245,,,,,,,,,,,,
687140,,,,,,,,,0.082402,-1.957303,,,4.513915,-0.985404,0.139139,-0.014573,,,,0.090398,0.920300,-0.865300,,,,,,
687148,,,,,,,,,,,,,,,,,,,,0.090736,0.919949,-0.877518,,,,,,
687151,,,,,,,,,0.054935,-1.304868,,,4.887094,-0.829119,0.136685,-0.015637,,,,,,,,,,,,
687155,,,,,,,,,,,,,,,,,,,,0.091115,0.919512,-0.892820,,,,,,
687161,,,,,,,,,0.082402,-1.957303,,,5.745630,-0.697621,0.129206,-0.016480,,,,,,,,,,,,
687170,0.091213,0.919381,-0.896485,0.120287,0.958868,-1.374742,0.230822,-0.582686,0.082402,-1.957303,13.952879,4.523171,5.923459,-0.586978,0.155809,0.012032,-0.012692,0.047365,-0.478256,0.091629,0.919010,-0.911288,,,,,,
687177,,,,,,,,,,,,,,,,,,,,0.092129,0.918411,-0.929809,,,,,,
687181,,,,,,,,,0.082402,-1.957303,,,7.162170,-0.493883,0.144780,0.012105,,,,,,,,,,,,
687191,,,,,,,,,0.109870,-2.609737,,,7.659879,-0.415553,0.141062,0.012309,,,,0.092685,0.917762,-0.948430,,,,,,
687199,,,,,,,,,0.082402,-1.957303,,,8.623194,-0.349646,0.132495,0.012625,,,,0.093275,0.917096,-0.970291,,,,,,
687207,,,,,,,,,,,,,,,,,,,,0.093930,0.916348,-0.992223,,,,,,
687211,,,,,,,,,0.109870,-2.609737,,,9.433727,-0.294192,0.125293,0.013034,,,,,,,,,,,,
687220,0.093966,0.916225,-0.995139,0.122674,0.946008,-1.399135,0.251111,-0.516862,0.109870,-2.609737,16.117006,7.482934,10.115709,-0.247534,0.141315,0.043711,-0.009355,0.040294,-0.403996,0.094628,0.915502,-1.020678,,,,,,
687228,,,,,,,,,,,,,,,,,,,,0.095265,0.914584,-1.046203,,,,,,
687231,,,,,,,,,0.109870,-2.609737,,,10.689529,-0.208275,0.136662,0.044857,,,,,,,,,,,,
687236,,,,,,,,,,,,,,,,,,,,0.095850,0.913705,-1.071824,,,,,,
687241,,,,,,,,,0.137337,-3.262171,,,11.172341,-0.175242,0.132823,0.046058,,,,,,,,,,,,
687250,,,,,,,,,0.137337,-1.957303,,,12.123122,0.397094,0.124114,0.041752,,,,0.096411,0.912788,-1.097679,,,,,,
687258,,,,,,,,,,,,,,,,,,,,0.096991,0.911753,-1.126997,,,,,,
687261,,,,,,,,,0.109870,-2.609737,,,12.378566,0.334115,0.122307,0.043811,,,,,,,,,,,,
687265,,,,,,,,,,,,,,,,,,,,0.097668,0.910678,-1.156583,,,,,,
687270,0.097582,0.910741,-1.153985,0.124935,0.932035,-1.420894,0.272220,-0.460225,0.137337,-3.262171,17.383162,10.716235,12.593496,0.281124,0.133777,0.078761,-0.008397,0.033632,-0.266910,,,,,,,,,
687280,,,,,,,,,0.109870,-2.609737,,,13.318882,0.236538,0.127336,0.081303,,,,0.098294,0.909531,-1.183152,,,,,,
687288,,,,,,,,,,,,,,,,,,,,0.098842,0.908298,-1.209985,,,,,,
687291,,,,,,,,,0.164805,-2.609737,,,13.929221,0.743566,0.121924,0.078227,,,,,,,,,,,,
687301,,,,,,,,,0.137337,-3.262171,,,14.442760,0.625637,0.117376,0.081425,,,,0.099412,0.907125,-1.236967,,,,,,
687309,,,,,,,,,0.137337,-1.957303,,,14.330310,1.070954,0.119112,0.078901,,,,0.099950,0.905892,-1.267715,,,,,,
687317,,,,,,,,,,,,,,,,,,,,0.100487,0.904504,-1.291899,,,,,,
687320,0.100449,0.904489,-1.288538,0.127063,0.916920,-1.440377,0.294079,-0.411334,0.137337,-1.957303,19.247545,14.543406,14.235694,1.445644,0.139704,0.116045,-0.004526,0.029023,-0.151839,,,,,,,,,
687325,,,,,,,,,,,,,,,,,,,,0.101006,0.903010,-1.316291,,,,,,
687331,,,,,,,,,0.164805,-2.609737,,,14.700627,1.760908,0.135964,0.115449,,,,,,,,,,,,
687339,,,,,,,,,0.192272,-1.957303,,,15.091822,2.570714,0.132883,0.109745,,,,0.101546,0.901437,-1.344398,,,,,,
687348,,,,,,,,,,,,,,,,,,,,0.102000,0.899919,-1.365757,,,,,,
687351,,,,,,,,,0.164805,-2.609737,,,15.420973,2.707542,0.130357,0.110744,,,,,,,,,,,,
687361,,,,,,,,,0.192272,-1.957303,,,15.697921,3.367212,0.128297,0.106383,,,,0.102455,0.898235,-1.383646,,,,,,
687370,0.102473,0.897975,-1.383877,0.129050,0.900634,-1.457883,0.316615,-0.368976,0.137337,-0.652434,21.965599,18.811508,14.841858,3.922258,0.165463,0.146491,0.002326,0.026608,-0.074007,0.102865,0.896319,-1.405338,,,,,,
687376,,,,,,,,,,,,,,,,,,,,0.103253,0.894367,-1.423539,,,,,,
687381,,,,,,,,,0.274675,-2.609737,,,16.299740,4.933817,0.152018,0.139151,,,,,,,,,,,,
687390,,,,,,,,,0.219740,-1.304868,,,16.437315,5.784943,0.151748,0.133245,,,,0.103661,0.892393,-1.441885,,,,,,
687398,,,,,,,,,,,,,,,,,,,,0.103922,0.890541,-1.460330,,,,,,
687401,,,,,,,,,0.219740,-1.304868,,,16.553070,6.501080,0.151673,0.128546,,,,,,,,,,,,
687406,,,,,,,,,,,,,,,,,,,,0.104220,0.888411,-1.475267,,,,,,
687411,,,,,,,,,0.247207,-1.957303,,,17.195011,7.103637,0.146207,0.124862,,,,,,,,,,,,
687420,0.104217,0.888186,-1.475810,0.130888,0.883154,-1.473669,0.339751,-0.332142,0.247207,-1.957303,24.065943,22.643686,16.646053,7.066086,0.174184,0.166675,0.007539,0.026073,0.002141,0.104520,0.885973,-1.490249,,,,,,
687429,,,,,,,,,0.247207,-0.652434,,,17.817789,8.668119,0.163717,0.153449,,,,0.104764,0.883607,-1.501577,,,,,,
687439,,,,,,,,,0.302142,-1.957302,,,18.259144,9.471527,0.160464,0.148050,,,,0.104948,0.880966,-1.516805,,,,,,
687448,,,,,,,,,,,,,,,,,,,,0.105062,0.878547,-1.528246,,,,,,
687451,,,,,,,,,0.247207,-0.652434,,,18.630501,10.147514,0.157838,0.143789,,,,,,,,,,,,
687456,,,,,,,,,,,,,,,,,,,,0.105124,0.875888,-1.539780,,,,,,
687461,,,,,,,,,0.329610,-1.304868,,,19.487503,11.260834,0.150184,0.134932,,,,,,,,,,,,
687470,0.105134,0.875539,-1.539886,0.132572,0.864459,-1.487949,0.363405,-0.299990,0.192272,-0.652434,26.073832,25.997261,18.574955,11.108494,0.180888,0.172969,0.011923,0.027082,0.051937,0.105201,0.873012,-1.551352,,,,,,
687478,,,,,,,,,,,,,,,,,,,,0.105230,0.870016,-1.563017,,,,,,
687481,,,,,,,,,0.439480,-1.304869,,,20.529854,12.613945,0.162447,0.160592,,,,,,,,,,,,
687486,,,,,,,,,,,,,,,,,,,,0.105346,0.866776,-1.570858,,,,,,
687491,,,,,,,,,0.329610,-1.304868,,,20.541075,13.880630,0.163442,0.150348,,,,,,,,,,,,
687500,,,,,,,,,0.302142,-0.652434,,,21.095060,14.401876,0.158898,0.147455,,,,0.105400,0.863480,-1.578301,,,,,,
687508,,,,,,,,,,,,,,,,,,,,0.105392,0.860350,-1.590032,,,,,,
687511,,,,,,,,,0.357077,-0.652434,,,21.561184,15.384996,0.155139,0.139746,,,,,,,,,,,,
687520,0.105390,0.860126,-1.588561,0.134093,0.844533,-1.500908,0.387491,-0.271821,0.274675,0.000000,27.833677,28.899855,20.864294,15.667650,0.181100,0.168592,0.015081,0.028975,0.087653,0.105244,0.856933,-1.597772,,,,,,
687529,,,,,,,,,0.439480,-1.304869,,,22.456102,16.994560,0.166258,0.157704,,,,0.105135,0.853613,-1.605537,,,,,,
687537,,,,,,,,,,,,,,,,,,,,0.105011,0.850122,-1.613219,,,,,,
687541,,,,,,,,,0.384545,-1.304868,,,23.250908,17.566481,0.159226,0.154251,,,,,,,,,,,,
687551,,,,,,,,,0.384545,0.000000,,,23.375113,18.047693,0.158876,0.151609,,,,0.104895,0.846573,-1.620919,,,,,,
687559,,,,,,,,,0.357077,-0.652434,,,23.479618,18.997129,0.158702,0.144096,,,,0.104710,0.842698,-1.628545,,,,,,
687566,,,,,,,,,,,,,,,,,,,,0.104553,0.839008,-1.636143,,,,,,
687570,0.104570,0.839283,-1.634887,0.135446,0.823364,-1.512703,0.411920,-0.247053,0.412012,-0.652434,28.322824,30.607168,23.023006,18.706898,0.169219,0.166451,0.013909,0.031832,0.122184,,,,,,,,,
687580,,,,,,,,,0.384545,-1.304868,,,24.816986,20.096327,0.151981,0.154659,,,,0.104359,0.835293,-1.640005,,,,,,
687588,,,,,,,,,,,,,,,,,,,,0.104132,0.831306,-1.647562,,,,,,
687591,,,,,,,,,0.412012,-0.652434,,,25.237354,20.720848,0.148394,0.150391,,,,,,,,,,,,
687596,,,,,,,,,,,,,,,,,,,,0.103857,0.827204,-1.655024,,,,,,
687601,,,,,,,,,0.412012,-0.652434,,,25.591053,21.246321,0.145403,0.147009,,,,,,,,,,,,
687610,,,,,,,,,0.412012,-0.652434,,,25.344110,21.688454,0.148468,0.144371,,,,0.103459,0.823019,-1.662533,,,,,,
687617,,,,,,,,,,,,,,,,,,,,0.103135,0.818725,-1.666276,,,,,,
687620,0.103116,0.818727,-1.666379,0.136626,0.800945,-1.523469,0.436600,-0.225197,0.412012,-0.652434,29.475657,32.700607,24.591791,20.971378,0.168497,0.174822,0.014502,0.035054,0.142910,,,,,,,,,
687631,,,,,,,,,0.439480,0.000000,,,26.136961,23.090748,0.153713,0.155550,,,,0.102810,0.814372,-1.673707,,,,,,
687641,,,,,,,,,0.412012,-0.652434,,,26.892525,23.240355,0.146674,0.155946,,,,0.102505,0.810101,-1.681195,,,,,,
687651,,,,,,,,,0.439480,0.000000,,,26.983713,23.910776,0.146260,0.151000,,,,0.102505,0.810101,-1.681195,,,,,,
687659,,,,,,,,,0.412012,-0.652434,,,27.060438,23.930326,0.145976,0.152558,,,,0.102083,0.805963,-1.688569,,,,,,
687669,0.101512,0.801137,-1.692879,0.137628,0.777272,-1.533323,0.461432,-0.205848,0.384545,0.000000,31.842730,35.953751,,,,,0.019289,0.038754,0.159556,0.101574,0.801401,-1.692319,,,,,,
687672,,,,,,,,,,,,,26.580452,23.946775,0.175499,0.187327,,,,,,,,,,,,
687675,,,,,,,,,,,,,,,,,,,,0.100970,0.796985,-1.696013,,,,,,
687681,,,,,,,,,0.521882,-0.652434,,,27.810221,25.049702,0.164008,0.178478,,,,0.100471,0.792547,-1.699658,,,,,,
687690,,,,,,,,,0.494415,0.000000,,,27.755861,25.433161,0.165369,0.176748,,,,0.099997,0.788085,-1.703348,,,,,,
687697,,,,,,,,,,,,,,,,,,,,0.099366,0.783625,-1.707067,,,,,,
687701,,,,,,,,,0.439480,0.000000,,,28.254667,26.300346,0.161098,0.170007,,,,,,,,,,,,
687711,,,,,,,,,0.494415,0.000000,,,28.674362,27.029997,0.157535,0.164495,,,,0.098704,0.779299,-1.707090,,,,,,
687720,0.098684,0.779073,-1.705898,0.138447,0.752348,-1.542366,0.486320,-0.188661,0.357077,-0.652434,33.597347,38.264683,27.938406,26.010296,0.183573,0.200252,0.021125,0.043000,0.163531,0.097975,0.774741,-1.707124,,,,,,
687727,,,,,,,,,,,,,,,,,,,,0.097331,0.769948,-1.707119,,,,,,
687731,,,,,,,,,0.576817,0.652434,,,28.952803,27.875034,0.174358,0.183683,,,,,,,,,,,,
687741,,,,,,,,,0.521882,0.652434,,,29.261774,28.899483,0.172135,0.175311,,,,0.096597,0.765070,-1.703378,,,,,,
687749,,,,,,,,,0.494415,0.000000,,,29.521742,29.216909,0.170350,0.173947,,,,0.095751,0.759953,-1.699658,,,,,,
687757,,,,,,,,,,,,,,,,,,,,0.094864,0.755057,-1.699658,,,,,,
687761,,,,,,,,,0.521882,0.652434,,,29.740479,29.483994,0.168934,0.173032,,,,,,,,,,,,
687769,0.094921,0.754898,-1.697446,0.139080,0.726180,-1.550685,0.511159,-0.173349,0.384545,0.000000,35.760731,40.334457,,,,,0.022911,0.047433,0.146761,0.094864,0.755057,-1.699658,,,,,,
687772,,,,,,,,,,,,,28.835438,29.164173,0.201004,0.199162,,,,,,,,,,,,
687775,,,,,,,,,,,,,,,,,,,,0.094158,0.750194,-1.696013,,,,,,
687781,,,,,,,,,0.659220,0.000000,,,30.252110,31.073250,0.187939,0.181923,,,,,,,,,,,,
687784,,,,,,,,,,,,,,,,,,,,0.093563,0.745170,-1.696013,,,,,,
687791,,,,,,,,,0.521882,0.652434,,,30.899553,31.045918,0.182437,0.184054,,,,0.092858,0.739896,-1.692319,,,,,,
687799,,,,,,,,,0.549350,0.000000,,,31.444311,32.112007,0.177852,0.175038,,,,0.092121,0.734775,-1.688619,,,,,,
687808,,,,,,,,,,,,,,,,,,,,0.091427,0.729673,-1.688613,,,,,,
687811,,,,,,,,,0.521882,0.652434,,,31.358128,32.464470,0.179595,0.173087,,,,,,,,,,,,
687820,0.091475,0.729614,-1.686618,0.139523,0.698779,-1.558357,0.535847,-0.159668,0.576817,-0.652434,38.090019,42.445858,32.374699,32.761032,0.193865,0.193173,0.025076,0.051290,0.128261,0.090810,0.724609,-1.684994,,,,,,
687829,,,,,,,,,0.549350,0.000000,,,32.140957,33.010559,0.197392,0.192564,,,,0.090071,0.719329,-1.684991,,,,,,
687836,,,,,,,,,,,,,,,,,,,,0.089383,0.713846,-1.681279,,,,,,
687841,,,,,,,,,0.549350,0.000000,,,32.488831,33.220512,0.195034,0.192310,,,,,,,,,,,,
687850,,,,,,,,,0.576817,0.652434,,,33.326073,33.941711,0.187614,0.186799,,,,0.088883,0.708302,-1.684991,,,,,,
687858,,,,,,,,,,,,,,,,,,,,0.088251,0.702954,-1.685016,,,,,,
687861,,,,,,,,,0.549350,0.000000,,,33.485985,34.003983,0.186936,0.187865,,,,,,,,,,,,
687869,0.088255,0.702901,-1.685151,0.139776,0.670163,-1.565447,0.560278,-0.147411,,,40.050354,44.471375,32.531448,32.967293,0.217588,0.220787,0.026646,0.054920,0.119704,0.088251,0.702954,-1.685016,,,,,,
687872,,,,,,,,,0.439480,0.000000,,,,,,,,,,,,,,,,,,
687876,,,,,,,,,,,,,,,,,,,,0.087496,0.697282,-1.685004,,,,,,
687881,,,,,,,,,0.769089,0.000000,,,34.451019,34.817738,0.199512,0.204214,,,,,,,,,,,,
687886,,,,,,,,,,,,,,,,,,,,0.087496,0.697282,-1.685004,,,,,,
687891,,,,,,,,,0.604285,0.000000,,,34.977058,35.285614,0.195267,0.201372,,,,,,,,,,,,
687894,,,,,,,,,,,,,,,,,,,,0.086789,0.691423,-1.681295,,,,,,
687901,,,,,,,,,0.576817,-0.652434,,,35.419666,35.679287,0.191767,0.199194,,,,0.085183,0.679658,-1.681255,,,,,,
687909,,,,,,,,,0.631752,0.652435,,,35.792076,36.555065,0.188894,0.192019,,,,0.084517,0.673766,-1.681295,,,,,,
687917,,,,,,,,,,,,,,,,,,,,0.083779,0.667615,-1.677561,,,,,,
687920,0.083890,0.667939,-1.675462,0.139836,0.640354,-1.572015,0.584345,-0.136400,0.604285,0.000000,40.311916,44.484413,35.016338,35.113773,0.200326,0.208437,0.021589,0.058522,0.103447,,,,,,,,,
687928,,,,,,,,,,,,,,,,,,,,0.082993,0.661429,-1.677541,,,,,,
687931,,,,,,,,,0.631752,0.652435,,,36.541805,37.712872,0.185826,0.183800,,,,0.086025,0.685493,-1.684991,,,,,,
687940,,,,,,,,,0.631752,0.652435,,,37.280788,37.721581,0.179042,0.185065,,,,0.082192,0.655001,-1.673789,,,,,,
687948,,,,,,,,,,,,,,,,,,,,0.081478,0.648932,-1.673816,,,,,,
687951,,,,,,,,,0.604285,0.000000,,,37.358025,38.273453,0.178861,0.180789,,,,,,,,,,,,
687955,,,,,,,,,,,,,,,,,,,,0.080874,0.642927,-1.670125,,,,,,
687961,,,,,,,,,0.631752,0.652435,,,37.423012,38.193253,0.178788,0.182849,,,,,,,,,,,,
687970,0.080888,0.642386,-1.667837,0.139702,0.609379,-1.578112,0.607942,-0.126486,0.466947,-0.652434,43.500591,47.460106,36.388607,37.036686,0.222442,0.226256,0.027153,0.061736,0.089725,0.080168,0.636496,-1.670112,,,,,,
687977,,,,,,,,,,,,,,,,,,,,0.079644,0.630273,-1.670125,,,,,,
687981,,,,,,,,,0.796557,0.652434,,,38.240974,39.330811,0.204970,0.204941,,,,,,,,,,,,
687985,,,,,,,,,,,,,,,,,,,,0.079045,0.624078,-1.666391,,,,,,
687991,,,,,,,,,0.659220,0.000000,,,38.165924,39.627457,0.206787,0.203541,,,,,,,,,,,,
687999,,,,,,,,,0.659220,0.000000,,,38.647324,39.877056,0.202944,0.202562,,,,0.078425,0.617645,-1.666394,,,,,,
688007,,,,,,,,,,,,,,,,,,,,0.077907,0.611026,-1.662660,,,,,,
688011,,,,,,,,,0.631752,0.652435,,,39.052372,40.087067,0.199783,0.201936,,,,,,,,,,,,
688020,0.077938,0.611016,-1.660358,0.139374,0.577271,-1.583783,0.630962,-0.117539,0.659220,0.000000,45.372505,49.081314,39.393181,40.263771,0.216290,0.218145,0.028115,0.064208,0.076575,0.077305,0.604203,-1.662662,,,,,,
688029,,,,,,,,,0.659220,0.000000,,,39.679935,40.412449,0.214561,0.218392,,,,0.076493,0.597378,-1.662625,,,,,,
688037,,,,,,,,,,,,,,,,,,,,0.075853,0.590350,-1.662606,,,,,,
688041,,,,,,,,,0.686687,-0.652435,,,39.921211,40.537548,0.213238,0.218850,,,,,,,,,,,,
688051,,,,,,,,,0.741622,0.652433,,,40.668762,41.187351,0.206704,0.213930,,,,0.075058,0.583637,-1.658808,,,,,,
688059,,,,,,,,,0.686687,0.652435,,,41.297752,42.278637,0.201229,0.204378,,,,0.074136,0.576884,-1.658764,,,,,,
688070,0.074238,0.576875,-1.656162,0.138854,0.544068,-1.589069,0.653299,-0.109447,0.521882,0.652434,46.595398,50.171093,39.648811,41.018673,0.231336,0.229706,0.027178,0.067178,0.067093,0.073182,0.569947,-1.655006,,,,,,
688080,,,,,,,,,0.878959,0.000000,,,42.073196,43.225796,0.207997,0.209024,,,,0.072463,0.563049,-1.651237,,,,,,
688088,,,,,,,,,,,,,,,,,,,,0.071472,0.555661,-1.651058,,,,,,
688091,,,,,,,,,0.686687,0.652435,,,41.934902,43.449242,0.210312,0.208134,,,,,,,,,,,,
688096,,,,,,,,,,,,,,,,,,,,0.070650,0.548145,-1.647136,,,,,,
688101,,,,,,,,,0.741622,-0.652433,,,42.363083,43.637249,0.206877,0.207560,,,,,,,,,,,,
688110,,,,,,,,,0.741622,0.652433,,,42.723354,44.339981,0.204048,0.201699,,,,0.069964,0.541012,-1.643440,,,,,,
688117,,,,,,,,,,,,,,,,,,,,0.069271,0.533968,-1.639650,,,,,,
688120,0.069469,0.534465,-1.638303,0.138142,0.509813,-1.594006,0.674849,-0.102115,0.741622,0.652433,46.328793,49.173973,43.026485,44.386715,0.199012,0.192218,0.019963,0.070179,0.044297,,,,,,,,,
688128,,,,,,,,,,,,,,,,,,,,0.068668,0.526639,-1.639650,,,,,,
688131,,,,,,,,,0.714155,0.000000,,,43.281540,44.970581,0.197070,0.187220,,,,,,,,,,,,
688139,,,,,,,,,0.714155,0.000000,,,43.496143,44.917305,0.195491,0.188604,,,,0.068011,0.519143,-1.635781,,,,,,
688146,,,,,,,,,,,,,,,,,,,,0.067473,0.511738,-1.632065,,,,,,
688151,,,,,,,,,0.686687,0.652435,,,43.676712,44.872478,0.194216,0.189913,,,,,,,,,,,,
688161,,,,,,,,,0.796557,0.652434,,,43.828644,45.379303,0.193196,0.185604,,,,0.066996,0.504372,-1.632065,,,,,,
688168,0.066464,0.496913,-1.626292,0.137240,0.474552,-1.598625,0.695510,-0.095458,,,,,,,,,,,,0.066382,0.497117,-1.628177,,,,,,
688171,,,,,,,,,0.521882,-0.652434,47.482166,49.773952,42.867390,43.627571,0.215266,0.210350,0.018401,0.071907,0.027667,,,,,,,,,
688176,,,,,,,,,,,,,,,,,,,,0.065883,0.490110,-1.628251,,,,,,
688181,,,,,,,,,0.906427,-0.652435,,,44.781307,45.420925,0.196667,0.193287,,,,,,,,,,,,
688190,,,,,,,,,0.714155,0.000000,,,45.302589,45.296223,0.191890,0.195430,,,,0.065472,0.482923,-1.628397,,,,,,
688198,,,,,,,,,,,,,,,,,,,,0.064982,0.475654,-1.628393,,,,,,
688201,,,,,,,,,0.741622,0.652433,,,45.196655,45.735840,0.193406,0.191841,,,,,,,,,,,,
688205,,,,,,,,,,,,,,,,,,,,0.064554,0.468344,-1.628455,,,,,,
688211,,,,,,,,,0.741622,-0.652433,,,45.107521,45.561192,0.194772,0.194430,,,,,,,,,,,,
688220,0.064499,0.467637,-1.631011,0.136153,0.438340,-1.602956,0.715184,-0.089406,0.549350,1.304868,50.467907,52.919273,43.398895,44.325157,0.243130,0.239962,0.024932,0.073287,0.028055,0.064228,0.460962,-1.628562,,,,,,
688228,,,,,,,,,,,,,,,,,,,,0.063684,0.453305,-1.628400,,,,,,
688231,,,,,,,,,0.906427,-0.652435,,,45.773060,46.007874,0.220327,0.224518,,,,,,,,,,,,
688237,,,,,,,,,,,,,,,,,,,,0.063684,0.453305,-1.628400,,,,,,
688241,,,,,,,,,0.769089,1.304867,,,45.592510,46.334621,0.223108,0.222567,,,,,,,,,,,,
688244,,,,,,,,,,,,,,,,,,,,0.063171,0.445986,-1.628404,,,,,,
688251,,,,,,,,,0.796557,-0.652434,,,45.985138,46.609550,0.220078,0.221080,,,,0.062634,0.438814,-1.628462,,,,,,
688260,,,,,,,,,0.714155,0.000000,,,46.315495,46.840874,0.217605,0.219982,,,,0.062054,0.431699,-1.628509,,,,,,
688268,0.061418,0.424848,-1.628718,0.134882,0.401233,-1.607023,0.733774,-0.083894,,,50.137226,52.431850,,,,,0.019323,0.074708,0.021695,0.061332,0.424193,-1.628506,,,,,,
688271,,,,,,,,,0.796557,0.652434,,,46.593456,47.035511,0.212227,0.214241,,,,,,,,,,,,
688275,,,,,,,,,,,,,,,,,,,,0.060622,0.416596,-1.628504,,,,,,
688281,,,,,,,,,0.769089,0.000000,,,46.282791,47.199276,0.216105,0.213650,,,,,,,,,,,,
688289,,,,,,,,,0.714155,0.000000,,,46.565941,47.337070,0.213988,0.213291,,,,0.060109,0.408605,-1.624582,,,,,,
688297,,,,,,,,,,,,,,,,,,,,0.059512,0.400589,-1.624520,,,,,,
688301,,,,,,,,,0.769089,0.000000,,,46.804180,47.453011,0.212272,0.213127,,,,,,,,,,,,
688311,,,,,,,,,0.741622,0.652433,,,46.460094,47.550560,0.216448,0.213128,,,,0.059058,0.392652,-1.624448,,,,,,
688320,0.059120,0.392245,-1.622071,0.133434,0.363292,-1.610850,0.751190,-0.078868,0.851492,-0.652435,53.051155,54.963921,45.081493,45.999008,0.260967,0.255757,0.025106,0.075700,0.011221,0.058562,0.384682,-1.620449,,,,,,
688328,,,,,,,,,,,,,,,,,,,,0.058101,0.377205,-1.616796,,,,,,
688331,,,,,,,,,0.741622,0.652433,,,47.733341,48.505337,0.235512,0.231985,,,,,,,,,,,,
688336,,,,,,,,,,,,,,,,,,,,0.057402,0.369545,-1.616708,,,,,,
688341,,,,,,,,,0.824024,0.000000,,,48.330975,48.980530,0.230480,0.228430,,,,,,,,,,,,
688350,,,,,,,,,0.851492,0.652435,,,48.833824,49.380360,0.226295,0.225549,,,,0.057031,0.362005,-1.616998,,,,,,
688358,,,,,,,,,,,,,,,,,,,,0.056650,0.353917,-1.613167,,,,,,
688361,,,,,,,,,0.769089,0.000000,,,48.712379,49.716774,0.228377,0.223234,,,,,,,,,,,,
688366,,,,,,,,,,,,,,,,,,,,0.056174,0.345410,-1.613039,,,,,,
688370,0.056258,0.346117,-1.613798,0.131812,0.324582,-1.614457,0.767346,-0.074280,0.631752,-0.652435,52.382488,53.811005,47.521107,47.821663,0.234576,0.231854,0.018267,0.076410,-0.000659,,,,,,,,,
688380,,,,,,,,,0.988829,0.000000,,,49.786030,50.038918,0.212446,0.210436,,,,0.055941,0.337383,-1.613114,,,,,,
688388,,,,,,,,,,,,,,,,,,,,0.055573,0.329114,-1.613048,,,,,,
688391,,,,,,,,,0.851492,0.652435,,,50.058105,50.815430,0.210190,0.203270,,,,,,,,,,,,
688396,,,,,,,,,,,,,,,,,,,,0.055242,0.321259,-1.613174,,,,,,
688401,,,,,,,,,0.796557,-0.652434,,,50.287029,50.379700,0.208320,0.208313,,,,,,,,,,,,
688411,,,,,,,,,0.851492,0.652435,,,50.479649,51.102165,0.206774,0.201630,,,,0.054939,0.313247,-1.613227,,,,,,
688420,0.054945,0.312434,-1.610538,0.130022,0.285174,-1.617865,0.782160,-0.070088,0.824024,0.000000,55.131325,56.280010,48.463543,48.987331,0.255757,0.248927,0.024256,0.076100,-0.007327,0.054498,0.305095,-1.613313,,,,,,
688429,,,,,,,,,0.796557,-0.652434,,,50.578995,51.019711,0.235513,0.229655,,,,0.053892,0.296483,-1.613276,,,,,,
688438,,,,,,,,,,,,,,,,,,,,0.053419,0.288206,-1.613174,,,,,,
688441,,,,,,,,,0.796557,0.652434,,,50.725307,51.096127,0.234931,0.229928,,,,,,,,,,,,
688446,,,,,,,,,,,,,,,,,,,,0.052833,0.279807,-1.613112,,,,,,
688451,,,,,,,,,0.851492,0.652435,,,50.848415,51.160423,0.234556,0.230309,,,,,,,,,,,,
688461,,,,,,,,,0.878959,-1.304869,,,50.951996,51.214520,0.234357,0.230781,,,,0.052206,0.271790,-1.613167,,,,,,
688468,0.051611,0.263721,-1.618302,0.128071,0.245139,-1.621088,0.795556,-0.066254,,,,,,,,,,,,0.051577,0.263275,-1.613036,,,,,,
688471,,,,,,,,,0.631752,0.652435,53.195145,54.647167,49.950066,50.170952,0.225663,0.225784,0.014930,0.077256,-0.002786,,,,,,,,,
688476,,,,,,,,,,,,,,,,,,,,0.051168,0.254658,-1.613036,,,,,,
688481,,,,,,,,,1.016297,-0.652434,,,52.374298,52.015610,0.201585,0.207863,,,,,,,,,,,,
688490,,,,,,,,,0.851492,0.652435,,,52.235874,52.478619,0.203161,0.203667,,,,0.050614,0.245945,-1.612967,,,,,,
688498,,,,,,,,,,,,,,,,,,,,0.050428,0.237483,-1.613114,,,,,,
688501,,,,,,,,,0.824024,0.000000,,,52.119404,52.323650,0.204541,0.205681,,,,,,,,,,,,
688506,,,,,,,,,,,,,,,,,,,,0.050120,0.229205,-1.613045,,,,,,
688511,,,,,,,,,0.824024,0.000000,,,52.021408,52.193260,0.205756,0.207476,,,,,,,,,,,,
688520,0.050083,0.228648,-1.613485,0.125965,0.204555,-1.624144,0.807468,-0.062746,0.933894,0.000000,55.780205,56.865662,49.760780,49.905376,0.255416,0.253932,0.020832,0.076841,-0.010658,0.049782,0.220762,-1.613229,,,,,,
688528,,,,,,,,,,,,,,,,,,,,0.049496,0.212428,-1.613276,,,,,,
688531,,,,,,,,,0.796557,0.652434,,,52.759579,52.881241,0.226032,0.224970,,,,,,,,,,,,
688535,,,,,,,,,,,,,,,,,,,,0.049081,0.203953,-1.613315,,,,,,
688541,,,,,,,,,0.824024,0.000000,,,52.560051,53.206959,0.228672,0.222445,,,,,,,,,,,,
688549,,,,,,,,,0.878959,0.000000,,,52.936710,52.936474,0.225474,0.225935,,,,0.048593,0.195262,-1.613234,,,,,,
688557,,,,,,,,,,,,,,,,,,,,0.047996,0.186456,-1.613180,,,,,,
688561,,,,,,,,,0.851492,-0.652435,,,52.709087,53.253433,0.228364,0.223488,,,,,,,,,,,,
688565,,,,,,,,,,,,,,,,,,,,0.047542,0.177948,-1.613048,,,,,,
688570,0.047554,0.178635,-1.615821,0.123712,0.163499,-1.627046,0.817833,-0.059536,0.851492,0.652435,53.855385,54.944607,50.883938,50.797405,0.227962,0.229667,0.011693,0.076762,-0.011225,,,,,,,,,
688579,,,,,,,,,0.851492,0.652435,,,53.160061,53.631794,0.205340,0.201586,,,,0.047069,0.169617,-1.613177,,,,,,
688588,,,,,,,,,,,,,,,,,,,,0.046580,0.161028,-1.613114,,,,,,
688591,,,,,,,,,0.851492,-0.652435,,,53.441559,53.293930,0.202608,0.205295,,,,,,,,,,,,
688601,,,,,,,,,0.824024,0.000000,,,53.133869,53.554195,0.205829,0.202970,,,,0.046223,0.152220,-1.609338,,,,,,
688609,,,,,,,,,0.851492,-0.652435,,,52.874977,53.228642,0.208614,0.206569,,,,0.045723,0.143224,-1.612981,,,,,,
688616,,,,,,,,,,,,,,,,,,,,0.045411,0.134515,-1.613065,,,,,,
688620,0.045381,0.134651,-1.616033,0.121320,0.122053,-1.629808,0.826597,-0.056598,0.851492,0.652435,53.742218,54.720173,52.657146,52.954720,0.209877,0.207417,0.009151,0.076431,-0.013775,,,,,,,,,
688631,,,,,,,,,0.769089,0.000000,,,53.562950,52.724243,0.200855,0.210121,,,,0.044887,0.125937,-1.612981,,,,,,
688638,,,,,,,,,,,,,,,,,,,,0.044348,0.117466,-1.609137,,,,,,
688641,,,,,,,,,0.878959,0.000000,,,52.691463,53.074863,0.209780,0.206944,,,,,,,,,,,,
688648,,,,,,,,,,,,,,,,,,,,0.043882,0.108967,-1.609049,,,,,,
688651,,,,,,,,,0.851492,0.652435,,,52.502739,53.369873,0.211915,0.204264,,,,,,,,,,,,
688660,,,,,,,,,0.851492,0.652435,,,52.343945,53.073551,0.213783,0.207556,,,,0.043487,0.100627,-1.609208,,,,,,
688668,0.043193,0.092344,-1.607167,0.118798,0.080301,-1.632441,0.833714,-0.053910,,,54.508873,54.895180,,,,,0.009285,0.075993,-0.025273,0.043113,0.092366,-1.609341,,,,,,
688671,,,,,,,,,0.878959,-1.304869,,,50.576706,51.190598,0.239908,0.228877,,,,,,,,,,,,
688675,,,,,,,,,,,,,,,,,,,,0.042701,0.084105,-1.609393,,,,,,
688681,,,,,,,,,0.796557,0.652434,,,52.901554,53.418083,0.216981,0.206897,,,,,,,,,,,,
688690,,,,,,,,,0.878959,0.000000,,,53.224052,53.114117,0.214013,0.210293,,,,0.042414,0.075805,-1.605547,,,,,,
688697,,,,,,,,,,,,,,,,,,,,0.041931,0.067317,-1.609393,,,,,,
688701,,,,,,,,,0.796557,-0.652434,,,52.950859,52.858356,0.217057,0.213258,,,,,,,,,,,,
688708,,,,,,,,,,,,,,,,,,,,0.041579,0.058822,-1.609336,,,,,,
688711,,,,,,,,,0.878959,0.000000,,,52.720993,53.187706,0.219713,0.210306,,,,,,,,,,,,
688720,0.041580,0.057949,-1.609155,0.116154,0.038327,-1.634957,0.839145,-0.051453,0.906427,0.652435,56.961246,57.317726,50.893955,50.742104,0.263721,0.260303,0.016748,0.075272,-0.025802,0.041262,0.050263,-1.613180,,,,,,
688727,,,,,,,,,,,,,,,,,,,,0.040805,0.041520,-1.609336,,,,,,
688731,,,,,,,,,0.769089,0.000000,,,53.168488,53.040722,0.241734,0.238172,,,,,,,,,,,,
688741,,,,,,,,,0.906427,-0.652435,,,53.448650,53.341148,0.239635,0.235963,,,,0.040521,0.033333,-1.613177,,,,,,
688749,,,,,,,,,0.851492,-0.652435,,,53.684380,53.593925,0.237933,0.234180,,,,0.040090,0.024980,-1.613229,,,,,,
688757,,,,,,,,,,,,,,,,,,,,0.039589,0.016757,-1.617101,,,,,,
688761,,,,,,,,,0.824024,0.000000,,,53.882721,53.262070,0.236565,0.238310,,,,,,,,,,,,
688770,0.039621,0.016759,-1.616435,0.113397,-0.003783,-1.637366,0.842861,-0.049209,0.659220,0.000000,57.185253,57.798622,51.871433,51.349216,0.259981,0.263537,0.017154,0.074636,-0.020931,0.039056,0.008192,-1.617099,,,,,,
688779,,,,,,,,,1.126167,0.652435,,,54.535480,54.096088,0.233870,0.236809,,,,0.038647,-0.000618,-1.620967,,,,,,
688786,,,,,,,,,,,,,,,,,,,,0.038053,-0.009632,-1.620879,,,,,,
688791,,,,,,,,,0.851492,-0.652435,,,54.598839,54.229134,0.233754,0.236192,,,,,,,,,,,,
688801,,,,,,,,,0.906427,0.652435,,,54.652145,54.341076,0.233728,0.235764,,,,0.037644,-0.018558,-1.624748,,,,,,
688808,,,,,,,,,,,,,,,,,,,,0.037300,-0.027393,-1.624751,,,,,,
688811,,,,,,,,,0.906427,-0.652435,,,54.696999,54.435265,0.233777,0.235495,,,,,,,,,,,,
688817,,,,,,,,,,,,,,,,,,,,0.036811,-0.036170,-1.624751,,,,,,
688820,0.036819,-0.035525,-1.626790,0.110537,-0.045941,-1.639676,0.844841,-0.047164,0.851492,0.652435,54.041168,55.084480,54.734737,54.514515,0.201820,0.207675,0.006274,0.074185,-0.012886,,,,,,,,,
688831,,,,,,,,,0.906427,-0.652435,,,54.766491,54.581196,0.201357,0.207109,,,,0.036229,-0.044949,-1.624820,,,,,,
688838,,,,,,,,,,,,,,,,,,,,0.035712,-0.054090,-1.624746,,,,,,
688841,,,,,,,,,0.824024,0.000000,,,54.793209,54.637302,0.200940,0.206638,,,,,,,,,,,,
688846,,,,,,,,,,,,,,,,,,,,0.035184,-0.063359,-1.624751,,,,,,
688851,,,,,,,,,0.851492,0.652435,,,54.271145,54.684509,0.206114,0.206245,,,,,,,,,,,,
688860,,,,,,,,,0.851492,0.652435,,,53.831882,54.179688,0.210549,0.211475,,,,0.034654,-0.072195,-1.624755,,,,,,
688870,0.034686,-0.072687,-1.622190,0.107584,-0.088060,-1.641899,0.845072,-0.045304,0.631752,-0.652435,55.734623,56.408134,51.828659,52.121300,0.248297,0.246152,0.011608,0.073592,-0.019709,0.033986,-0.080950,-1.624705,,,,,,
688876,,,,,,,,,,,,,,,,,,,,0.033402,-0.089575,-1.628562,,,,,,
688881,,,,,,,,,1.126167,0.652435,,,54.499489,54.745720,0.221835,0.220241,,,,,,,,,,,,
688890,,,,,,,,,0.933894,-1.304869,,,55.113098,55.320278,0.215824,0.214713,,,,0.032863,-0.098304,-1.624746,,,,,,
688898,,,,,,,,,,,,,,,,,,,,0.032372,-0.106800,-1.621001,,,,,,
688901,,,,,,,,,0.878959,0.000000,,,55.084846,55.259167,0.216236,0.215554,,,,,,,,,,,,
688905,,,,,,,,,,,,,,,,,,,,0.031844,-0.115346,-1.624866,,,,,,
688911,,,,,,,,,0.851492,0.652435,,,55.061073,54.663204,0.216609,0.221862,,,,,,,,,,,,
688920,0.031947,-0.115337,-1.621907,0.104548,-0.130054,-1.644041,0.843551,-0.043617,0.906427,-0.652435,55.528297,56.071045,52.318356,52.528130,0.242614,0.240551,0.010989,0.073258,-0.022133,0.031409,-0.124186,-1.624840,,,,,,
688928,,,,,,,,,,,,,,,,,,,,0.030770,-0.133315,-1.620969,,,,,,
688931,,,,,,,,,0.769089,0.000000,,,54.911522,54.543484,0.216806,0.220703,,,,,,,,,,,,
688941,,,,,,,,,0.851492,0.652435,,,54.370693,54.605572,0.222446,0.220375,,,,0.030222,-0.141974,-1.620932,,,,,,
688949,,,,,,,,,0.933894,0.000000,,,54.460186,54.657810,0.221765,0.220135,,,,0.029648,-0.151070,-1.620890,,,,,,
688957,,,,,,,,,,,,,,,,,,,,0.028985,-0.159837,-1.620833,,,,,,
688961,,,,,,,,,0.824024,0.000000,,,54.535484,54.701767,0.221210,0.219969,,,,,,,,,,,,
688970,0.029057,-0.159556,-1.620925,0.101438,-0.171835,-1.646111,0.840284,-0.042095,0.961362,0.652434,54.741974,55.118458,52.420670,53.105122,0.234959,0.226813,0.008637,0.072905,-0.025186,0.028362,-0.168439,-1.620884,,,,,,
688979,,,,,,,,,0.796557,-0.652434,,,54.997608,55.028965,0.209139,0.207592,,,,0.027678,-0.177128,-1.620879,,,,,,
688987,,,,,,,,,,,,,,,,,,,,0.027124,-0.185836,-1.620927,,,,,,
688991,,,,,,,,,0.906427,0.652435,,,54.987671,55.014053,0.209189,0.207762,,,,,,,,,,,,
689001,,,,,,,,,0.878959,0.000000,,,54.434765,54.456966,0.214780,0.213465,,,,0.026537,-0.194286,-1.620922,,,,,,
689009,,,,,,,,,0.796557,-0.652434,,,54.514095,54.532776,0.214032,0.212824,,,,0.025963,-0.202859,-1.620965,,,,,,
689016,,,,,,,,,,,,,,,,,,,,0.025383,-0.212076,-1.620877,,,,,,
689020,0.025478,-0.211004,-1.623619,0.098266,-0.213317,-1.648116,0.835284,-0.040729,0.906427,0.652435,51.551350,51.965252,54.580845,54.596561,0.180852,0.180128,-0.001533,0.072809,-0.024497,,,,,,,,,
689030,,,,,,,,,0.824024,0.000000,,,54.092464,54.105686,0.185228,0.184609,,,,0.024782,-0.221285,-1.620830,,,,,,
689038,,,,,,,,,,,,,,,,,,,,0.024329,-0.230221,-1.624589,,,,,,
689041,,,,,,,,,0.796557,-0.652434,,,53.136997,53.148121,0.194465,0.193948,,,,,,,,,,,,
689046,,,,,,,,,,,,,,,,,,,,0.023717,-0.239086,-1.620359,,,,,,
689051,,,,,,,,,0.769089,0.000000,,,52.877609,52.886971,0.196794,0.196375,,,,,,,,,,,,
689060,,,,,,,,,0.851492,-0.652435,,,52.659363,52.667236,0.198755,0.198432,,,,0.023279,-0.247693,-1.620463,,,,,,
689068,0.022815,-0.256338,-1.623301,0.095042,-0.254417,-1.650064,0.828574,-0.039512,,,50.023705,50.299980,,,,,-0.005708,0.072026,-0.026762,0.022830,-0.256599,-1.620285,,,,,,
689071,,,,,,,,,0.851492,0.652435,,,52.475727,53.026897,0.184824,0.177637,,,,,,,,,,,,
689076,,,,,,,,,,,,,,,,,,,,0.022215,-0.265284,-1.624102,,,,,,
689081,,,,,,,,,0.796557,-0.652434,,,52.321217,52.240429,0.185910,0.185114,,,,,,,,,,,,
689091,,,,,,,,,0.824024,0.000000,,,52.735756,52.123238,0.181222,0.185921,,,,0.021661,-0.273691,-1.623989,,,,,,
689099,,,,,,,,,0.796557,0.652434,,,51.995464,52.024632,0.188231,0.186562,,,,0.021159,-0.282129,-1.627693,,,,,,
689106,,,,,,,,,,,,,,,,,,,,0.020502,-0.290663,-1.623748,,,,,,
689111,,,,,,,,,0.769089,0.000000,,,51.372581,51.397121,0.194190,0.192618,,,,,,,,,,,,
689120,0.020526,-0.291005,-1.623712,0.091775,-0.295051,-1.651962,0.820187,-0.038438,0.851492,-0.652435,51.226330,51.409153,49.214859,49.235504,0.228196,0.225761,0.000272,0.071363,-0.028250,0.019876,-0.299025,-1.627432,,,,,,
689128,,,,,,,,,,,,,,,,,,,,0.019263,-0.307198,-1.627290,,,,,,
689131,,,,,,,,,0.769089,0.000000,,,51.755695,51.228523,0.202681,0.205866,,,,,,,,,,,,
689136,,,,,,,,,,,,,,,,,,,,0.018642,-0.315184,-1.631110,,,,,,
689141,,,,,,,,,0.851492,0.652435,,,51.715382,51.816364,0.202987,0.199907,,,,,,,,,,,,
689150,,,,,,,,,0.851492,-0.652435,,,51.681461,51.766430,0.203235,0.200335,,,,0.017988,-0.323217,-1.630814,,,,,,
689158,,,,,,,,,,,,,,,,,,,,0.017447,-0.331272,-1.634767,,,,,,
689161,,,,,,,,,0.796557,0.652434,,,51.652924,51.179871,0.203435,0.206246,,,,,,,,,,,,
689166,,,,,,,,,,,,,,,,,,,,0.016895,-0.339190,-1.631607,,,,,,
689170,0.017067,-0.338486,-1.628212,0.088477,-0.335140,-1.653817,0.810161,-0.037503,0.796557,-0.652434,48.370758,48.682343,49.450737,49.052711,0.196685,0.200175,-0.007438,0.071100,-0.025605,,,,,,,,,
689180,,,,,,,,,0.824024,0.000000,,,51.409622,51.619267,0.176488,0.173922,,,,0.016382,-0.346716,-1.631713,,,,,,
689189,,,,,,,,,0.796557,0.652434,,,51.424198,51.056049,0.175732,0.179080,,,,0.015852,-0.354259,-1.631982,,,,,,
689196,,,,,,,,,,,,,,,,,,,,0.015316,-0.361886,-1.632056,,,,,,
689201,,,,,,,,,0.714155,0.000000,,,50.347374,50.582157,0.186105,0.183439,,,,,,,,,,,,
689210,,,,,,,,,0.796557,-0.652434,,,49.985878,49.638882,0.189397,0.192680,,,,0.014836,-0.369283,-1.632353,,,,,,
689218,0.014326,-0.377708,-1.638134,0.085156,-0.374605,-1.655635,0.798546,-0.036704,,,47.339798,48.040756,,,,,-0.007862,0.070461,-0.017501,0.014336,-0.377662,-1.636055,,,,,,
689221,,,,,,,,,0.769089,0.000000,,,48.048084,47.756123,0.198323,0.205149,,,,,,,,,,,,
689228,,,,,,,,,,,,,,,,,,,,0.013672,-0.385714,-1.635994,,,,,,
689231,,,,,,,,,0.741622,0.652433,,,49.684887,49.983772,0.181486,0.182484,,,,,,,,,,,,
689240,,,,,,,,,0.796557,0.652434,,,49.428463,49.679943,0.183633,0.185194,,,,0.013116,-0.393707,-1.635690,,,,,,
689248,,,,,,,,,,,,,,,,,,,,0.012671,-0.401831,-1.639495,,,,,,
689251,,,,,,,,,0.741622,-0.652433,,,49.212708,49.424301,0.185416,0.187474,,,,,,,,,,,,
689255,,,,,,,,,,,,,,,,,,,,0.012233,-0.409734,-1.639508,,,,,,
689261,,,,,,,,,0.769089,0.000000,,,49.031170,48.664661,0.186893,0.194946,,,,,,,,,,,,
689270,0.012192,-0.410266,-1.639393,0.081825,-0.413373,-1.657423,0.785397,-0.036040,0.796557,-0.652434,48.286667,48.930828,46.700253,46.936413,0.219988,0.221528,-0.001673,0.069683,-0.018031,0.011730,-0.417244,-1.639591,,,,,,
689277,,,,,,,,,,,,,,,,,,,,0.011192,-0.424851,-1.643445,,,,,,
689281,,,,,,,,,0.714155,0.000000,,,49.095364,48.749527,0.195875,0.203433,,,,,,,,,,,,
689289,,,,,,,,,0.851492,0.652435,,,49.476978,49.185993,0.191821,0.199017,,,,0.010723,-0.432368,-1.647136,,,,,,
689299,,,,,,,,,0.769089,-1.304867,,,49.253529,49.008694,0.193862,0.200775,,,,0.010108,-0.439842,-1.647414,,,,,,
689307,,,,,,,,,,,,,,,,,,,,0.009543,-0.447266,-1.643763,,,,,,
689311,,,,,,,,,0.769089,0.000000,,,49.065517,48.859512,0.195587,0.202281,,,,,,,,,,,,
689320,0.009543,-0.447380,-1.643397,0.078491,-0.451371,-1.659188,0.770777,-0.035510,0.741622,0.652433,47.517780,48.242939,48.907326,48.733994,0.189202,0.196559,-0.001021,0.069056,-0.015791,0.009002,-0.454709,-1.640054,,,,,,
689329,,,,,,,,,0.741622,0.652433,,,48.229679,48.628380,0.195836,0.197538,,,,0.008354,-0.462729,-1.643682,,,,,,
689336,,,,,,,,,,,,,,,,,,,,0.007701,-0.470338,-1.643682,,,,,,
689341,,,,,,,,,0.796557,-0.652434,,,48.204052,48.539516,0.195955,0.198367,,,,,,,,,,,,
689351,,,,,,,,,0.796557,0.652434,,,48.182487,48.464748,0.196037,0.199070,,,,0.007034,-0.478373,-1.643632,,,,,,
689358,,,,,,,,,,,,,,,,,,,,0.006356,-0.485821,-1.639981,,,,,,
689361,,,,,,,,,0.714155,0.000000,,,48.164345,48.401836,0.196090,0.199668,,,,,,,,,,,,
689366,,,,,,,,,,,,,,,,,,,,0.005622,-0.493476,-1.636048,,,,,,
689370,0.005735,-0.492597,-1.636666,0.075165,-0.488532,-1.660937,0.754756,-0.035115,0.576817,0.652434,44.580727,44.883881,45.970905,46.715275,0.188375,0.182576,-0.008626,0.069011,-0.024271,,,,,,,,,
689380,,,,,,,,,0.933894,0.000000,,,47.937149,48.563461,0.168042,0.163359,,,,0.005002,-0.500875,-1.636052,,,,,,
689388,,,,,,,,,,,,,,,,,,,,0.004368,-0.508628,-1.635925,,,,,,
689391,,,,,,,,,0.741622,0.652433,,,47.413372,47.940353,0.172713,0.168978,,,,,,,,,,,,
689396,,,,,,,,,,,,,,,,,,,,0.003868,-0.516565,-1.635685,,,,,,
689401,,,,,,,,,0.659220,0.000000,,,46.428123,47.416069,0.182196,0.173715,,,,,,,,,,,,
689410,,,,,,,,,0.741622,-0.652433,,,46.688221,46.974937,0.179173,0.177708,,,,0.003309,-0.524588,-1.632128,,,,,,
689418,0.002807,-0.532135,-1.635188,0.071856,-0.524792,-1.662676,0.737410,-0.034857,,,42.695148,42.825218,,,,,-0.011771,0.068433,-0.027488,0.002808,-0.532371,-1.632065,,,,,,
689421,,,,,,,,,0.769089,0.000000,,,44.728893,44.970139,0.179504,0.176740,,,,,,,,,,,,
689425,,,,,,,,,,,,,,,,,,,,0.002256,-0.540181,-1.627987,,,,,,
689431,,,,,,,,,0.686687,0.652435,,,46.347576,47.095104,0.162587,0.154637,,,,,,,,,,,,
689440,,,,,,,,,0.714155,0.000000,,,46.075905,46.704876,0.164627,0.157763,,,,0.001656,-0.547786,-1.627275,,,,,,
689448,,,,,,,,,,,,,,,,,,,,0.001096,-0.555276,-1.631085,,,,,,
689451,,,,,,,,,0.686687,-0.652435,,,45.847321,45.831993,0.166283,0.165891,,,,,,,,,,,,
689461,,,,,,,,,0.714155,0.000000,,,45.654991,45.642094,0.167614,0.167226,,,,0.000687,-0.563005,-1.631361,,,,,,
689470,0.000673,-0.563405,-1.631683,0.068573,-0.560092,-1.664414,0.718822,-0.034741,0.604285,-2.609737,42.877537,42.742863,43.314991,43.304142,0.192751,0.189670,-0.007439,0.067573,-0.032732,0.000122,-0.570208,-1.631093,,,,,,
689477,,,,,,,,,,,,,,,,,,,,-0.000332,-0.577564,-1.634612,,,,,,
689481,,,,,,,,,0.796557,1.957302,,,45.702461,45.148792,0.168311,0.170742,,,,,,,,,,,,
689491,,,,,,,,,0.714155,0.000000,,,45.533108,45.067249,0.169473,0.171093,,,,-0.000903,-0.584744,-1.634612,,,,,,
689499,,,,,,,,,0.714154,1.304868,,,44.846069,44.998638,0.175950,0.171328,,,,-0.001465,-0.592059,-1.638412,,,,,,
689506,,,,,,,,,,,,,,,,,,,,-0.002052,-0.598957,-1.641697,,,,,,
689511,,,,,,,,,0.686687,-0.652435,,,44.812538,44.940910,0.175898,0.171465,,,,,,,,,,,,
689520,-0.002040,-0.598847,-1.643594,0.065324,-0.594376,-1.666156,0.699078,-0.034772,0.714155,0.000000,40.900604,41.197525,42.606152,42.714165,0.177852,0.177976,-0.009359,0.066861,-0.022562,-0.002583,-0.606030,-1.641708,,,,,,
689528,,,,,,,,,,,,,,,,,,,,-0.003183,-0.612985,-1.645497,,,,,,
689531,,,,,,,,,0.659220,-1.304869,,,44.561501,44.107841,0.157566,0.163457,,,,,,,,,,,,
689536,,,,,,,,,,,,,,,,,,,,-0.003730,-0.619843,-1.645661,,,,,,
689541,,,,,,,,,0.686687,0.652435,,,44.573101,44.191395,0.156716,0.162023,,,,,,,,,,,,
689550,,,,,,,,,0.686687,-0.652435,,,44.038319,43.717152,0.161436,0.166261,,,,-0.004340,-0.626534,-1.645970,,,,,,
689558,,,,,,,,,,,,,,,,,,,,-0.004852,-0.633167,-1.650038,,,,,,
689561,,,,,,,,,0.659220,0.000000,,,44.132896,43.318123,0.159844,0.169828,,,,,,,,,,,,
689565,,,,,,,,,,,,,,,,,,,,-0.005380,-0.639563,-1.646632,,,,,,
689570,-0.005301,-0.638905,-1.646377,0.062117,-0.627595,-1.667912,0.678272,-0.034957,0.686687,0.652435,37.621056,37.936230,42.034302,41.348751,0.147151,0.156226,-0.016368,0.066372,-0.021534,,,,,,,,,
689580,,,,,,,,,0.659220,0.000000,,,43.535805,43.503525,0.130953,0.133565,,,,-0.005916,-0.646084,-1.646742,,,,,,
689587,,,,,,,,,,,,,,,,,,,,-0.006485,-0.652594,-1.646950,,,,,,
689591,,,,,,,,,0.604285,0.000000,,,42.620995,42.593834,0.139102,0.141730,,,,,,,,,,,,
689601,,,,,,,,,0.659220,0.000000,,,42.395817,42.372963,0.140398,0.143051,,,,-0.007013,-0.658916,-1.643352,,,,,,
689609,,,,,,,,,0.604285,0.000000,,,41.661808,41.642582,0.146930,0.149614,,,,-0.007607,-0.665164,-1.639573,,,,,,
689617,,,,,,,,,,,,,,,,,,,,-0.008170,-0.671259,-1.639557,,,,,,
689620,-0.008119,-0.671072,-1.640130,0.058961,-0.659702,-1.669690,0.656498,-0.035308,0.631752,0.652435,36.536129,36.495838,39.410583,39.938953,0.158018,0.151558,-0.015990,0.066131,-0.029560,,,,,,,,,
689631,,,,,,,,,0.604285,0.000000,,,40.783665,41.228233,0.143438,0.137718,,,,-0.008618,-0.677550,-1.635987,,,,,,
689638,,,,,,,,,,,,,,,,,,,,-0.009111,-0.683574,-1.636048,,,,,,
689641,,,,,,,,,0.576817,0.652434,,,39.760803,40.679405,0.153022,0.142370,,,,,,,,,,,,
689648,,,,,,,,,,,,,,,,,,,,-0.009592,-0.689442,-1.635911,,,,,,
689651,,,,,,,,,0.604285,-1.304869,,,39.444710,39.673077,0.155601,0.151798,,,,,,,,,,,,
689660,,,,,,,,,0.604285,1.304869,,,39.178749,39.370895,0.157732,0.154245,,,,-0.010070,-0.695320,-1.636095,,,,,,
689668,-0.010410,-0.701184,-1.630959,0.055861,-0.690658,-1.671499,0.633857,-0.035835,,,35.757408,35.257820,,,,,-0.014492,0.065519,-0.040540,-0.010506,-0.701177,-1.636093,,,,,,
689671,,,,,,,,,0.576817,-0.652434,,,37.321339,37.483013,0.168206,0.160298,,,,,,,,,,,,
689676,,,,,,,,,,,,,,,,,,,,-0.010879,-0.707029,-1.639770,,,,,,
689681,,,,,,,,,0.604285,0.000000,,,39.025772,39.161808,0.150508,0.142730,,,,,,,,,,,,
689690,,,,,,,,,0.604285,0.000000,,,38.826256,38.396172,0.151890,0.149758,,,,-0.011209,-0.712910,-1.643615,,,,,,
689697,,,,,,,,,,,,,,,,,,,,-0.011589,-0.718796,-1.643672,,,,,,
689701,,,,,,,,,0.521882,-0.652434,,,38.113838,37.751965,0.158543,0.155702,,,,,,,,,,,,
689708,,,,,,,,,,,,,,,,,,,,-0.011956,-0.724564,-1.647397,,,,,,
689711,,,,,,,,,0.604285,0.000000,,,38.058952,37.209930,0.158631,0.160731,,,,,,,,,,,,
689720,-0.011982,-0.725133,-1.646018,0.052826,-0.720427,-1.673349,0.610450,-0.036554,0.604285,-1.304869,35.452801,35.445766,36.379143,35.664776,0.172198,0.178019,-0.009563,0.064271,-0.027331,-0.012215,-0.730364,-1.655027,,,,,,
689727,,,,,,,,,,,,,,,,,,,,-0.012559,-0.735989,-1.658819,,,,,,
689731,,,,,,,,,0.549350,0.000000,,,38.233009,37.087399,0.153103,0.163464,,,,,,,,,,,,
689741,,,,,,,,,0.549350,0.000000,,,37.614681,36.650764,0.158854,0.167589,,,,-0.013086,-0.741775,-1.658691,,,,,,
689749,,,,,,,,,0.604285,0.000000,,,37.638962,36.827923,0.158174,0.165541,,,,-0.013676,-0.747557,-1.658819,,,,,,
689756,,,,,,,,,,,,,,,,,,,,-0.014186,-0.753386,-1.658783,,,,,,
689761,,,,,,,,,0.549350,0.000000,,,37.114849,36.432442,0.163083,0.169299,,,,,,,,,,,,
689770,-0.014176,-0.753313,-1.657712,0.049860,-0.748979,-1.675251,0.586381,-0.037484,0.604285,0.000000,33.701656,34.029110,35.040230,35.010597,0.166050,0.169154,-0.009877,0.063418,-0.017540,-0.014713,-0.759269,-1.658696,,,,,,
689778,,,,,,,,,,,,,,,,,,,,-0.015284,-0.765336,-1.658506,,,,,,
689781,,,,,,,,,0.521882,0.652434,,,36.561909,36.536976,0.150261,0.153389,,,,,,,,,,,,
689786,,,,,,,,,,,,,,,,,,,,-0.015862,-0.771109,-1.658500,,,,,,
689791,,,,,,,,,0.576817,-0.652434,,,36.753159,36.187637,0.147738,0.156451,,,,,,,,,,,,
689800,,,,,,,,,0.576817,0.652434,,,36.369534,36.438248,0.151041,0.153463,,,,-0.016296,-0.777052,-1.658574,,,,,,
689808,,,,,,,,,,,,,,,,,,,,-0.016740,-0.782602,-1.658696,,,,,,
689811,,,,,,,,,0.576817,0.652434,,,36.046753,36.649113,0.153800,0.150830,,,,,,,,,,,,
689816,,,,,,,,,,,,,,,,,,,,-0.017161,-0.787955,-1.662540,,,,,,
689820,-0.017088,-0.787462,-1.659398,0.046970,-0.776289,-1.677218,0.561757,-0.038649,0.576817,-0.652434,30.240719,30.519442,34.686077,35.192905,0.131908,0.129361,-0.016797,0.062818,-0.017820,,,,,,,,,
689830,,,,,,,,,0.576817,0.652434,,,36.263924,36.145824,0.114925,0.118706,,,,-0.017683,-0.793453,-1.658856,,,,,,
689837,,,,,,,,,,,,,,,,,,,,-0.018235,-0.799147,-1.658783,,,,,,
689841,,,,,,,,,0.494415,0.000000,,,35.413349,35.858524,0.122396,0.120512,,,,,,,,,,,,
689851,,,,,,,,,0.521882,-0.652434,,,34.697678,34.527702,0.128661,0.133018,,,,-0.018803,-0.805020,-1.662540,,,,,,
689859,,,,,,,,,0.494415,0.000000,,,34.640053,34.497036,0.128358,0.132529,,,,-0.019342,-0.810707,-1.658880,,,,,,
689870,-0.019337,-0.810823,-1.658924,0.044161,-0.802338,-1.679264,0.536682,-0.040076,0.384545,0.000000,29.507286,29.666265,32.957939,32.837605,0.137154,0.139958,-0.014041,0.062505,-0.020340,-0.019871,-0.816280,-1.654996,,,,,,
689881,,,,,,,,,0.631752,0.652435,,,33.720779,34.164074,0.128683,0.125793,,,,-0.020541,-0.822052,-1.654949,,,,,,
689888,,,,,,,,,,,,,,,,,,,,-0.021112,-0.827627,-1.651070,,,,,,
689891,,,,,,,,,0.494415,0.000000,,,33.273548,33.646538,0.132402,0.130173,,,,,,,,,,,,
689895,,,,,,,,,,,,,,,,,,,,-0.021665,-0.833047,-1.650833,,,,,,
689901,,,,,,,,,0.521882,-0.652434,,,32.897247,33.211082,0.135487,0.133818,,,,,,,,,,,,
689910,,,,,,,,,0.521882,0.652434,,,32.580627,32.844688,0.138039,0.136847,,,,-0.022102,-0.838427,-1.651070,,,,,,
689917,,,,,,,,,,,,,,,,,,,,-0.022659,-0.843679,-1.647068,,,,,,
689920,-0.022541,-0.843106,-1.645326,0.041437,-0.827111,-1.681404,0.511262,-0.041801,0.494415,0.000000,26.294153,25.920336,32.858768,33.080948,0.101813,0.095593,-0.020714,0.062610,-0.036077,,,,,,,,,
689928,,,,,,,,,,,,,,,,,,,,-0.023129,-0.848920,-1.646885,,,,,,
689931,,,,,,,,,0.466947,0.652434,,,32.003708,32.735195,0.109222,0.097687,,,,,,,,,,,,
689939,,,,,,,,,0.466947,-0.652434,,,31.828804,31.899734,0.109864,0.104846,,,,-0.023493,-0.854051,-1.646972,,,,,,
689947,,,,,,,,,,,,,,,,,,,,-0.023900,-0.858978,-1.643295,,,,,,
689951,,,,,,,,,0.494415,0.000000,,,31.137096,31.741322,0.115812,0.105266,,,,,,,,,,,,
689961,,,,,,,,,0.439480,0.000000,,,30.555094,30.518946,0.120780,0.116570,,,,-0.024416,-0.864092,-1.643103,,,,,,
689969,-0.024821,-0.868676,-1.646555,0.038802,-0.850599,-1.683657,0.485603,-0.043865,0.329610,0.000000,24.113775,23.697180,,,,,-0.022840,0.062073,-0.037102,-0.024880,-0.869011,-1.646667,,,,,,
689972,,,,,,,,,,,,,29.520855,29.490438,0.108237,0.103465,,,,,,,,,,,,
689976,,,,,,,,,,,,,,,,,,,,-0.025287,-0.873944,-1.646156,,,,,,
689981,,,,,,,,,0.549350,0.000000,,,29.739733,29.714140,0.104924,0.100024,,,,,,,,,,,,
689990,,,,,,,,,0.384545,0.000000,,,29.379353,29.357819,0.107474,0.102455,,,,-0.025689,-0.878733,-1.649936,,,,,,
689998,,,,,,,,,,,,,,,,,,,,-0.026072,-0.883422,-1.649648,,,,,,
690001,,,,,,,,,0.412012,-0.652434,,,28.531586,28.513468,0.115068,0.109936,,,,,,,,,,,,
690006,,,,,,,,,,,,,,,,,,,,-0.026572,-0.888118,-1.649151,,,,,,
690011,,,,,,,,,0.412012,0.652434,,,28.362818,27.803030,0.115906,0.116219,,,,,,,,,,,,
690020,-0.026532,-0.888212,-1.646197,0.036260,-0.872799,-1.686044,0.459809,-0.046321,0.302142,-0.652434,23.316402,22.808098,27.131731,26.660725,0.119480,0.117980,-0.020100,0.061453,-0.039847,-0.027040,-0.892786,-1.652578,,,,,,
690028,,,,,,,,,,,,,,,,,,,,-0.027460,-0.897414,-1.651964,,,,,,
690031,,,,,,,,,0.466947,0.652434,,,27.184980,27.333220,0.118174,0.110351,,,,,,,,,,,,
690041,,,,,,,,,0.439480,0.000000,,,27.229784,26.809969,0.116943,0.114783,,,,-0.027889,-0.901907,-1.655086,,,,,,
690049,,,,,,,,,0.384545,0.000000,,,26.722939,26.369707,0.121330,0.118473,,,,-0.028351,-0.906156,-1.651095,,,,,,
690057,,,,,,,,,,,,,,,,,,,,-0.028745,-0.910145,-1.655106,,,,,,
690061,,,,,,,,,0.412012,-0.652434,,,26.296478,26.543814,0.124999,0.115985,,,,,,,,,,,,
690070,-0.028715,-0.910026,-1.657096,0.033813,-0.893711,-1.688589,0.433981,-0.049234,0.439480,0.000000,21.166912,20.879230,25.393112,25.601221,0.111693,0.105178,-0.021644,0.060889,-0.031493,-0.029055,-0.913883,-1.655555,,,,,,
690078,,,,,,,,,,,,,,,,,,,,-0.029378,-0.917626,-1.655761,,,,,,
690081,,,,,,,,,0.384545,0.000000,,,26.811193,26.441753,0.096383,0.095660,,,,,,,,,,,,
690088,,,,,,,,,,,,,,,,,,,,-0.029776,-0.921222,-1.659903,,,,,,
690091,,,,,,,,,0.384545,0.000000,,,26.370737,25.515347,0.099747,0.103997,,,,,,,,,,,,
690100,,,,,,,,,0.329610,0.000000,,,25.455593,25.280411,0.108040,0.105466,,,,-0.030188,-0.924842,-1.660468,,,,,,
690108,,,,,,,,,,,,,,,,,,,,-0.030488,-0.928213,-1.660789,,,,,,
690111,,,,,,,,,0.384545,0.000000,,,25.230135,25.082737,0.109482,0.106602,,,,,,,,,,,,
690116,,,,,,,,,,,,,,,,,,,,-0.030854,-0.931615,-1.660926,,,,,,
690120,-0.030814,-0.931410,-1.660605,0.031463,-0.913340,-1.691322,0.408217,-0.052682,0.412012,-0.652434,19.013958,18.723585,25.584978,24.916414,0.083090,0.085470,-0.023583,0.060405,-0.030717,,,,,,,,,
690130,,,,,,,,,0.329610,0.000000,,,24.794456,24.231926,0.089839,0.091213,,,,-0.031153,-0.934951,-1.661210,,,,,,
690138,,,,,,,,,,,,,,,,,,,,-0.031460,-0.938223,-1.661598,,,,,,
690141,,,,,,,,,0.357077,0.652434,,,24.129313,24.200542,0.095468,0.090432,,,,,,,,,,,,
690145,,,,,,,,,,,,,,,,,,,,-0.031798,-0.941320,-1.661700,,,,,,
690151,,,,,,,,,0.329610,0.000000,,,23.569660,23.629593,0.100153,0.095160,,,,,,,,,,,,
690160,,,,,,,,,0.329610,0.000000,,,23.098768,23.149195,0.104045,0.099079,,,,-0.032167,-0.944468,-1.661899,,,,,,
690167,,,,,,,,,,,,,,,,,,,,-0.032571,-0.947534,-1.661891,,,,,,
690170,-0.032548,-0.947558,-1.661783,0.029213,-0.931699,-1.694279,0.382615,-0.056768,0.384545,0.000000,18.059649,17.701521,22.158016,22.200445,0.103090,0.097446,-0.021405,0.060064,-0.032495,,,,,,,,,
690175,,,,,,,,,,,,,,,,,,,,-0.032832,-0.950477,-1.662075,,,,,,
690181,,,,,,,,,0.329610,0.000000,,,23.000097,23.035797,0.093681,0.088025,,,,,,,,,,,,
690189,,,,,,,,,0.329610,0.000000,,,22.619537,22.105032,0.096574,0.096452,,,,-0.033064,-0.953342,-1.662309,,,,,,
690197,,,,,,,,,,,,,,,,,,,,-0.033301,-0.956117,-1.662568,,,,,,
690201,,,,,,,,,0.274675,0.000000,,,21.754791,21.866430,0.104483,0.098005,,,,,,,,,,,,
690211,,,,,,,,,0.329610,0.000000,,,21.571737,21.665670,0.105611,0.099220,,,,-0.033562,-0.959094,-1.662566,,,,,,
690220,-0.033603,-0.959504,-1.662500,0.027063,-0.948801,-1.697500,0.357266,-0.061619,0.329610,0.000000,17.977161,17.533827,20.328630,20.407665,0.116747,0.109549,-0.016213,0.059431,-0.035000,-0.033860,-0.962226,-1.662529,,,,,,
690228,,,,,,,,,,,,,,,,,,,,-0.034133,-0.965371,-1.662486,,,,,,
690231,,,,,,,,,0.302142,-0.652434,,,21.460854,20.982809,0.104728,0.103107,,,,,,,,,,,,
690241,,,,,,,,,0.302142,0.652434,,,20.779875,20.377649,0.110977,0.108590,,,,-0.034445,-0.968451,-1.666121,,,,,,
690248,,,,,,,,,,,,,,,,,,,,-0.034794,-0.971435,-1.666059,,,,,,
690251,,,,,,,,,0.302142,-0.652434,,,20.751444,20.413012,0.110707,0.107661,,,,,,,,,,,,
690256,,,,,,,,,,,,,,,,,,,,-0.035014,-0.974288,-1.669864,,,,,,
690261,,,,,,,,,0.302142,-0.652434,,,20.727522,19.898222,0.110396,0.112336,,,,,,,,,,,,
690270,-0.035029,-0.974308,-1.671983,0.025014,-0.964665,-1.701037,0.332259,-0.067396,0.219740,0.000000,16.527184,16.179470,19.618307,18.920534,0.106370,0.108021,-0.015659,0.058762,-0.029054,-0.035199,-0.977203,-1.669924,,,,,,
690278,,,,,,,,,,,,,,,,,,,,-0.035442,-0.980206,-1.669971,,,,,,
690281,,,,,,,,,0.384545,0.000000,,,20.318644,19.731537,0.098608,0.099200,,,,,,,,,,,,
690288,,,,,,,,,,,,,,,,,,,,-0.035725,-0.983195,-1.673698,,,,,,
690291,,,,,,,,,0.274675,0.000000,,,19.818819,19.324829,0.102948,0.102638,,,,,,,,,,,,
690300,,,,,,,,,0.274675,0.000000,,,19.398268,18.982624,0.106580,0.105500,,,,-0.036100,-0.986203,-1.673650,,,,,,
690307,,,,,,,,,,,,,,,,,,,,-0.036433,-0.989241,-1.677386,,,,,,
690311,,,,,,,,,0.274675,0.000000,,,19.044416,18.694693,0.109615,0.107876,,,,,,,,,,,,
690315,,,,,,,,,,,,,,,,,,,,-0.036703,-0.992149,-1.677437,,,,,,
690320,-0.036680,-0.991799,-1.676979,0.023067,-0.979316,-1.704954,0.307676,-0.074310,0.329610,0.000000,14.135410,13.765195,18.746685,17.907885,0.087752,0.090773,-0.018745,0.058087,-0.027975,,,,,,,,,
690329,,,,,,,,,0.274675,0.000000,,,19.040718,18.879494,0.083831,0.080034,,,,-0.037056,-0.994954,-1.677327,,,,,,
690336,,,,,,,,,,,,,,,,,,,,-0.037347,-0.997812,-1.677510,,,,,,
690341,,,,,,,,,0.274675,0.000000,,,18.743574,18.607920,0.085880,0.081781,,,,,,,,,,,,
690350,,,,,,,,,0.247207,-0.652434,,,17.949013,17.834873,0.093063,0.088698,,,,-0.037734,-1.000705,-1.677537,,,,,,
690357,,,,,,,,,,,,,,,,,,,,-0.038131,-1.003662,-1.677427,,,,,,
690361,,,,,,,,,0.247207,0.652434,,,17.825012,17.728975,0.093565,0.088964,,,,,,,,,,,,
690370,-0.038105,-1.003699,-1.674652,0.021221,-0.992780,-1.709330,0.283596,-0.082637,0.164805,0.000000,13.198694,12.661126,16.631592,16.550787,0.095446,0.088927,-0.017010,0.057874,-0.034678,-0.038469,-1.006583,-1.677510,,,,,,
690379,,,,,,,,,0.384545,0.000000,,,17.805622,17.193089,0.082784,0.081598,,,,-0.038794,-1.009507,-1.677386,,,,,,
690398,,,,,,,,,0.027467,-0.652434,,,15.526192,15.010805,0.105113,0.102951,,,,-0.039044,-1.012338,-1.677327,,,,,,
690401,,,,,,,,,0.494415,0.000000,,,17.420082,17.530979,0.085330,0.076775,,,,-0.039324,-1.015225,-1.681111,,,,,,
690408,,,,,,,,,,,,,,,,,,,,-0.039643,-1.017816,-1.680995,,,,,,
690411,,,,,,,,,0.219740,0.000000,,,17.379971,16.928736,0.084895,0.081944,,,,,,,,,,,,
690416,,,,,,,,,,,,,,,,,,,,-0.039934,-1.020402,-1.684701,,,,,,
690420,-0.039877,-1.019917,-1.683858,0.019475,-1.005087,-1.714266,0.260092,-0.092740,0.274675,0.000000,10.479100,9.962252,16.801678,16.422009,0.062217,0.058730,-0.021431,0.057300,-0.030408,,,,,,,,,
690430,,,,,,,,,0.219740,0.000000,,,16.859646,16.540192,0.060361,0.056233,,,,-0.040246,-1.022923,-1.681053,,,,,,
690438,,,,,,,,,,,,,,,,,,,,-0.040563,-1.025475,-1.684709,,,,,,
690441,,,,,,,,,0.219740,0.000000,,,16.363876,16.095087,0.064142,0.059457,,,,,,,,,,,,
690448,,,,,,,,,,,,,,,,,,,,-0.040759,-1.027878,-1.684701,,,,,,
690451,,,,,,,,,0.219740,0.000000,,,15.946736,15.720577,0.067220,0.062051,,,,,,,,,,,,
690460,,,,,,,,,0.192272,-0.652434,,,15.595755,14.860921,0.069706,0.069668,,,,-0.040983,-1.030291,-1.684831,,,,,,
690468,-0.041272,-1.032393,-1.687487,0.017828,-1.016271,-1.719891,0.237232,-0.105115,,,8.687022,8.074108,,,,,-0.022893,0.056821,-0.032404,-0.041288,-1.032662,-1.684831,,,,,,
690471,,,,,,,,,0.219740,0.000000,,,14.755896,14.137607,0.058970,0.056807,,,,,,,,,,,,
690481,,,,,,,,,0.164805,0.000000,,,14.593781,14.073553,0.059410,0.056247,,,,-0.041543,-1.034845,-1.688284,,,,,,
690489,,,,,,,,,0.164805,0.000000,,,13.912835,13.475116,0.065174,0.061152,,,,-0.041809,-1.037067,-1.691821,,,,,,
690497,,,,,,,,,,,,,,,,,,,,-0.042088,-1.039105,-1.691987,,,,,,
690501,,,,,,,,,0.164805,0.000000,,,13.339888,12.971590,0.069973,0.065207,,,,,,,,,,,,
690511,,,,,,,,,0.164805,0.000000,,,12.857809,12.547924,0.073960,0.068549,,,,-0.042389,-1.041241,-1.688220,,,,,,
690520,-0.042375,-1.041185,-1.688159,0.016280,-1.026369,-1.726375,0.215077,-0.120439,0.137337,0.652434,7.746849,6.977919,11.907645,12.191451,0.073228,0.060109,-0.021583,0.056517,-0.038216,-0.042718,-1.043122,-1.687936,,,,,,
690526,,,,,,,,,,,,,,,,,,,,-0.042933,-1.044971,-1.687837,,,,,,
690531,,,,,,,,,0.192272,-0.652434,,,12.197264,11.891515,0.069441,0.062126,,,,,,,,,,,,
690541,,,,,,,,,0.164805,0.000000,,,11.896406,11.639149,0.071620,0.063717,,,,-0.043158,-1.046637,-1.687717,,,,,,
690548,,,,,,,,,,,,,,,,,,,,-0.043399,-1.048329,-1.683906,,,,,,
690551,,,,,,,,,0.164805,0.000000,,,11.643264,11.426807,0.073372,0.064951,,,,,,,,,,,,
690556,,,,,,,,,,,,,,,,,,,,-0.043698,-1.049789,-1.683891,,,,,,
690561,,,,,,,,,0.164805,0.000000,,,11.430270,11.248144,0.074766,0.065884,,,,,,,,,,,,
690570,-0.043667,-1.049754,-1.684250,0.014827,-1.035419,-1.733945,0.193684,-0.139665,0.164805,0.000000,6.720613,5.723546,10.706514,10.553273,0.070944,0.059323,-0.020865,0.056496,-0.049695,-0.043815,-1.051335,-1.683891,,,,,,
690578,,,,,,,,,,,,,,,,,,,,-0.043989,-1.052721,-1.684005,,,,,,
690581,,,,,,,,,0.164805,0.000000,,,11.186632,11.057695,0.065249,0.053212,,,,,,,,,,,,
690585,,,,,,,,,,,,,,,,,,,,-0.044142,-1.053977,-1.684099,,,,,,
690591,,,,,,,,,0.109870,0.000000,,,10.501517,10.393030,0.071344,0.058924,,,,,,,,,,,,
690599,,,,,,,,,0.164805,0.000000,,,10.469604,10.378324,0.070913,0.058140,,,,-0.044256,-1.055232,-1.684201,,,,,,
690608,,,,,,,,,,,,,,,,,,,,-0.044337,-1.056284,-1.684397,,,,,,
690611,,,,,,,,,0.137337,-0.652434,,,10.442754,9.821406,0.070438,0.062890,,,,,,,,,,,,
690615,,,,,,,,,,,,,,,,,,,,-0.044558,-1.057292,-1.688265,,,,,,
690620,-0.044556,-1.057230,-1.690666,0.013467,-1.043463,-1.742913,0.173101,-0.164169,0.164805,0.000000,5.572730,4.443782,9.875618,9.352817,0.063769,0.053797,-0.020607,0.055960,-0.052247,,,,,,,,,
690629,,,,,,,,,0.109870,0.000000,,,9.942973,9.503088,0.062222,0.051282,,,,-0.044631,-1.058253,-1.688401,,,,,,
690637,,,,,,,,,,,,,,,,,,,,-0.044702,-1.059122,-1.692213,,,,,,
690641,,,,,,,,,0.137337,-0.652434,,,9.999646,9.084984,0.060770,0.054535,,,,,,,,,,,,
690651,,,,,,,,,0.109870,0.000000,,,9.502788,8.733191,0.064952,0.057195,,,,-0.044924,-1.060224,-1.692213,,,,,,
690659,,,,,,,,,0.109870,0.000000,,,9.084730,8.437192,0.068431,0.059356,,,,-0.045111,-1.061448,-1.695907,,,,,,
690670,-0.045119,-1.061551,-1.695467,0.012199,-1.050544,-1.753716,0.153372,-0.195984,0.054935,0.000000,5.156300,3.829884,8.188434,7.643595,0.072623,0.060390,-0.018049,0.055505,-0.058249,-0.045237,-1.062690,-1.695789,,,,,,
690681,,,,,,,,,0.164805,0.000000,,,8.523376,8.064950,0.068600,0.055330,,,,-0.045393,-1.063836,-1.695805,,,,,,
690688,,,,,,,,,,,,,,,,,,,,-0.045576,-1.064863,-1.699486,,,,,,
690691,,,,,,,,,0.082402,0.652434,,,7.716111,7.874934,0.076161,0.056421,,,,,,,,,,,,
690696,,,,,,,,,,,,,,,,,,,,-0.045658,-1.065807,-1.699551,,,,,,
690701,,,,,,,,,0.137337,-0.652434,,,8.125964,7.715055,0.071468,0.057243,,,,,,,,,,,,
690710,,,,,,,,,0.054935,0.000000,,,7.381728,7.035989,0.078465,0.063392,,,,-0.045767,-1.066651,-1.699544,,,,,,
690717,,,,,,,,,,,,,,,,,,,,-0.045926,-1.067396,-1.703363,,,,,,
690720,-0.045887,-1.067134,-1.702700,0.011019,-1.056707,-1.766990,0.134537,-0.238227,0.137337,-0.652434,4.161951,2.596259,7.844615,7.009167,0.063157,0.050442,-0.017821,0.055040,-0.064290,,,,,,,,,
690725,,,,,,,,,,,,,,,,,,,,-0.046017,-1.068169,-1.707039,,,,,,
690731,,,,,,,,,0.054935,0.000000,,,7.145001,6.442055,0.069556,0.055343,,,,,,,,,,,,
690739,,,,,,,,,0.082402,-0.652434,,,7.100890,5.964888,0.069409,0.059441,,,,-0.046125,-1.069137,-1.710669,,,,,,
690746,,,,,,,,,,,,,,,,,,,,-0.046210,-1.070007,-1.710750,,,,,,
690751,,,,,,,,,0.082402,-0.652434,,,7.063774,5.563399,0.069200,0.062863,,,,,,,,,,,,
690761,,,,,,,,,0.109870,0.000000,,,6.488002,5.770130,0.074493,0.060161,,,,-0.046358,-1.070959,-1.710780,,,,,,
690769,-0.046473,-1.071781,-1.713479,0.009924,-1.061999,-1.783693,0.116627,-0.295860,,,3.229028,1.355815,6.548090,5.399529,0.063899,0.050654,-0.017702,0.054433,-0.070214,-0.046460,-1.071708,-1.714467,,,,,,
690772,,,,,,,,,0.054935,0.000000,,,,,,,,,,,,,,,,,,
690776,,,,,,,,,,,,,,,,,,,,-0.046543,-1.072521,-1.721658,,,,,,
690781,,,,,,,,,0.082402,-0.652434,,,6.598649,5.087707,0.062719,0.053025,,,,,,,,,,,,
690790,,,,,,,,,0.082402,-0.652434,,,6.641189,4.825339,0.061611,0.054955,,,,-0.046625,-1.073306,-1.725383,,,,,,
690798,,,,,,,,,,,,,,,,,,,,-0.046728,-1.074186,-1.729024,,,,,,
690801,,,,,,,,,0.054935,0.000000,,,6.132439,4.604583,0.066118,0.056513,,,,,,,,,,,,
690805,,,,,,,,,,,,,,,,,,,,-0.046764,-1.074859,-1.736248,,,,,,
690811,,,,,,,,,0.082402,-0.652434,,,6.248919,4.418839,0.064349,0.057758,,,,,,,,,,,,
690820,-0.046794,-1.074942,-1.737075,0.008912,-1.066465,-1.805339,0.099671,-0.377166,0.054935,0.000000,2.393234,0.147543,5.802383,3.718010,0.059775,0.051969,-0.017581,0.053535,-0.068264,-0.046837,-1.075600,-1.743408,,,,,,
690828,,,,,,,,,,,,,,,,,,,,-0.046908,-1.076271,-1.750631,,,,,,
690831,,,,,,,,,0.054935,-1.304868,,,5.971211,3.672877,0.057371,0.051716,,,,,,,,,,,,
690835,,,,,,,,,,,,,,,,,,,,-0.046979,-1.076878,-1.754282,,,,,,
690841,,,,,,,,,0.054935,0.000000,,,5.568719,3.634901,0.060761,0.051398,,,,,,,,,,,,
690849,,,,,,,,,0.054935,0.000000,,,5.230063,3.602948,0.063580,0.051026,,,,-0.047060,-1.077482,-1.757831,,,,,,
690857,,,,,,,,,,,,,,,,,,,,-0.047154,-1.078123,-1.765050,,,,,,
690861,,,,,,,,,0.054935,0.000000,,,4.945117,3.576064,0.065919,0.050610,,,,,,,,,,,,
690870,-0.047162,-1.078083,-1.762702,0.007978,-1.070155,-1.834458,0.083694,-0.496781,0.027467,-0.652434,1.497770,-1.356422,4.705364,3.008899,0.058721,0.040368,-0.018300,0.052616,-0.071756,-0.047215,-1.078636,-1.768631,,,,,,
690879,,,,,,,,,0.082402,-0.652434,,,5.048179,3.076231,0.054582,0.038809,,,,-0.047294,-1.079087,-1.772150,,,,,,
690886,,,,,,,,,,,,,,,,,,,,-0.047405,-1.079608,-1.772159,,,,,,
690891,,,,,,,,,0.027467,-0.652434,,,4.792080,2.588340,0.056485,0.042899,,,,,,,,,,,,
690901,,,,,,,,,0.027467,-0.652434,,,4.576599,2.177829,0.058024,0.046297,,,,-0.047491,-1.080139,-1.772169,,,,,,
690908,,,,,,,,,,,,,,,,,,,,-0.047626,-1.080629,-1.775740,,,,,,
690911,,,,,,,,,0.027467,-0.652434,,,4.395293,1.832425,0.059257,0.049113,,,,,,,,,,,,
690916,,,,,,,,,,,,,,,,,,,,-0.047704,-1.080971,-1.779353,,,,,,
690920,-0.047683,-1.080842,-1.780693,0.007120,-1.073116,-1.875611,0.068720,-0.682476,0.027467,-0.652434,0.884046,-3.005967,4.242743,1.541802,0.053974,0.034614,-0.018975,0.051990,-0.094918,,,,,,,,,
690930,,,,,,,,,-0.000000,0.000000,,,3.569843,1.297272,0.060165,0.036199,,,,-0.047773,-1.081278,-1.786469,,,,,,
690938,,,,,,,,,,,,,,,,,,,,-0.047751,-1.081574,-1.790010,,,,,,
690941,,,,,,,,,-0.000000,0.000000,,,3.003665,1.091525,0.065403,0.037437,,,,,,,,,,,,
690946,,,,,,,,,,,,,,,,,,,,-0.047766,-1.081788,-1.797128,,,,,,
690951,,,,,,,,,-0.000000,0.000000,,,2.527284,0.918409,0.069839,0.038383,,,,,,,,,,,,
690960,,,,,,,,,0.054935,-1.304868,,,2.670999,0.772749,0.068044,0.039084,,,,-0.047831,-1.082079,-1.797096,,,,,,
690968,-0.047914,-1.082397,-1.801162,0.006333,-1.075396,-1.937843,0.054779,-0.991903,,,0.792283,-4.810371,,,,,-0.019203,0.051215,-0.136681,-0.047876,-1.082295,-1.797060,,,,,,
690971,,,,,,,,,-0.000000,0.000000,,,2.791922,0.650191,0.065517,0.021174,,,,,,,,,,,,
690975,,,,,,,,,,,,,,,,,,,,-0.047907,-1.082423,-1.797020,,,,,,
690981,,,,,,,,,0.027467,-0.652434,,,2.893666,0.547071,0.064079,0.021133,,,,,,,,,,,,
690989,,,,,,,,,0.027467,-0.652434,,,2.979273,0.460305,0.062786,0.020947,,,,-0.047858,-1.082399,-1.800642,,,,,,
690997,,,,,,,,,,,,,,,,,,,,-0.047812,-1.082277,-1.807727,,,,,,
691001,,,,,,,,,-0.000000,0.000000,,,2.506760,0.387301,0.067168,0.020637,,,,,,,,,,,,
691005,,,,,,,,,,,,,,,,,,,,-0.047841,-1.082309,-1.811247,,,,,,
691011,,,,,,,,,-0.000000,0.000000,,,2.109188,0.325875,0.070881,0.020224,,,,,,,,,,,,
691020,-0.047847,-1.082316,-1.810401,0.005614,-1.077045,-2.041547,0.041920,-1.559432,-0.000000,0.000000,1.914765,-6.831127,1.774670,0.274191,0.085479,-0.000888,-0.017808,0.050683,-0.231146,-0.047868,-1.082467,-1.814734,,,,,,
691028,,,,,,,,,,,,,,,,,,,,-0.047865,-1.082588,-1.814690,,,,,,
691031,,,,,,,,,-0.000000,0.000000,,,1.493207,0.230704,0.088378,-0.001865,,,,,,,,,,,,
691041,,,,,,,,,-0.000000,0.000000,,,1.256384,0.194114,0.090877,-0.002904,,,,-0.047880,-1.082638,-1.814690,,,,,,
691049,,,,,,,,,0.027467,-0.652434,,,1.601665,0.163328,0.087487,-0.003995,,,,-0.047866,-1.082601,-1.814690,,,,,,
691056,,,,,,,,,,,,,,,,,,,,-0.047871,-1.082577,-1.814690,,,,,,
691061,,,,,,,,,-0.000000,0.000000,,,1.347641,0.137424,0.090141,-0.005130,,,,,,,,,,,,
691070,-0.047869,-1.082555,-1.814330,0.004960,-1.078108,-2.240803,0.030252,-2.747985,0.027467,-0.652434,4.526503,-10.677085,1.678448,0.115629,0.113520,-0.045530,-0.017055,0.050198,-0.426473,-0.047832,-1.082497,-1.818274,,,,,,
691078,,,,,,,,,,,,,,,,,,,,-0.047861,-1.082628,-1.825281,,,,,,
691081,,,,,,,,,0.027467,-0.652434,,,1.956789,0.097290,0.111250,-0.047502,,,,,,,,,,,,
691088,,,,,,,,,,,,,,,,,,,,-0.047906,-1.082904,-1.828778,,,,,,
691091,,,,,,,,,0.000000,-1.304868,,,2.190985,-0.462684,0.109376,-0.043945,,,,,,,,,,,,
691099,,,,,,,,,0.054935,-1.304868,,,2.932581,-0.389302,0.102278,-0.046736,,,,-0.047953,-1.083290,-1.839239,,,,,,
691107,,,,,,,,,,,,,,,,,,,,-0.047967,-1.083596,-1.849670,,,,,,
691111,,,,,,,,,0.027467,-0.652434,,,3.012017,-0.327559,0.101787,-0.049423,,,,,,,,,,,,
691120,-0.047989,-1.083620,-1.849442,0.004366,-1.078635,-2.691550,0.020086,-5.701325,0.054935,-1.304868,10.897055,-20.021425,3.623397,-0.275608,0.160833,-0.147335,-0.019193,0.048964,-0.842108,-0.047966,-1.083830,-1.860049,,,,,,
691128,,,,,,,,,,,,,,,,,,,,-0.048007,-1.084207,-1.873791,,,,,,
691131,,,,,,,,,0.027467,-1.957303,,,4.137812,-0.776439,0.157041,-0.146176,,,,,,,,,,,,
691136,,,,,,,,,,,,,,,,,,,,-0.048074,-1.084618,-1.887499,,,,,,
691141,,,,,,,,,0.000000,-2.609737,,,4.570641,-1.742383,0.153978,-0.140173,,,,,,,,,,,,
691150,,,,,,,,,0.027467,-3.262171,,,5.479366,-2.555127,0.145974,-0.135538,,,,-0.048114,-1.085014,-1.904561,,,,,,
691157,,,,,,,,,,,,,,,,,,,,-0.048202,-1.085544,-1.934956,,,,,,
691161,,,,,,,,,0.054935,-3.914605,,,6.788511,-3.238970,0.133705,-0.132056,,,,,,,,,,,,
691165,,,,,,,,,,,,,,,,,,,,-0.048134,-1.085928,-1.968382,,,,,,
691170,-0.048205,-1.085950,-1.974826,0.003828,-1.078669,2.775445,0.012550,-13.309912,0.027467,-3.262171,27.802540,-43.015007,7.345482,-3.814355,0.301281,-0.364078,-0.027150,0.044981,-1.532914,,,,,,,,,
691179,,,,,,,,,0.000000,-9.134078,,,9.992290,-7.021200,0.278375,-0.339209,,,,-0.048125,-1.086341,-2.014567,,,,,,
691188,,,,,,,,,,,,,,,,,,,,-0.047980,-1.086616,-2.063340,,,,,,
691191,,,,,,,,,-0.054935,-10.438947,,,12.219314,-10.808526,0.259221,-0.307777,,,,,,,,,,,,
691201,,,,,,,,,-0.027467,-11.091381,,,14.637674,-13.995182,0.237671,-0.281714,,,,-0.047915,-1.087086,-2.127273,,,,,,
691209,,,,,,,,,0.000000,-13.048682,,,17.217026,-16.676434,0.213994,-0.260169,,,,-0.047806,-1.087803,-2.217958,,,,,,
691216,,,,,,,,,,,,,,,,,,,,-0.047644,-1.088623,-2.336845,,,,,,
691220,-0.047691,-1.088398,-2.361217,0.003344,-1.078258,2.208184,0.010927,-15.944475,0.000000,-13.048682,29.986246,-54.594654,18.842749,-18.387894,0.221803,-0.366093,-0.043402,0.028700,-1.713785,,,,,,,,,
691231,,,,,,,,,-0.054935,-14.353553,,,22.933350,-23.639719,0.182308,-0.319765,,,,-0.047613,-1.089415,-2.461617,,,,,,
691239,,,,,,,,,-0.082402,-15.005987,,,24.741549,-26.969519,0.165275,-0.291992,,,,-0.047499,-1.089945,-2.600957,,,,,,
691248,,,,,,,,,,,,,,,,,,,,-0.047530,-1.090511,-2.743347,,,,,,
691251,,,,,,,,,-0.082402,-16.310854,,,26.807510,-30.315754,0.145251,-0.263386,,,,,,,,,,,,
691261,,,,,,,,,-0.082402,-16.310854,,,28.545811,-33.131275,0.128156,-0.239523,,,,-0.047540,-1.091055,-2.900545,,,,,,
691270,-0.047233,-1.090700,-2.923726,0.002909,-1.077444,1.960726,0.015422,-7.239670,-0.219740,-15.658421,5.119687,-33.939621,28.374786,-36.589340,-0.123451,0.002138,-0.051822,-0.002104,-1.398733,-0.047690,-1.091566,-3.067227,,,,,,
691276,,,,,,,,,,,,,,,,,,,,-0.047785,-1.091958,3.044106,,,,,,
691281,,,,,,,,,-0.082402,-13.701117,,,28.775431,-36.776241,-0.132188,0.004574,,,,,,,,,,,,
691290,,,,,,,,,-0.192272,-7.176776,,,25.300730,-36.388958,-0.101477,0.001191,,,,-0.047709,-1.092149,2.879961,,,,,,
691298,,,,,,,,,,,,,,,,,,,,-0.047789,-1.092301,2.722167,,,,,,
691301,,,,,,,,,-0.192272,-5.871908,,,21.832573,-34.974010,-0.070138,-0.012752,,,,,,,,,,,,
691305,,,,,,,,,,,,,,,,,,,,-0.047429,-1.092331,2.604601,,,,,,
691311,,,,,,,,,-0.164805,-3.914605,,,18.369925,-32.694386,-0.038162,-0.035797,,,,,,,,,,,,
691320,-0.046723,-1.092141,2.651523,0.002521,-1.076271,1.838216,0.021638,-3.313073,-0.137337,-3.262171,0.037127,-18.416124,15.456451,-30.231768,-0.062937,0.097175,-0.035978,-0.037181,-0.813307,-0.046545,-1.092697,2.508976,,,,,,
691327,,,,,,,,,,,,,,,,,,,,-0.045536,-1.093161,2.441892,,,,,,
691331,,,,,,,,,-0.137337,-3.262171,,,13.005056,-28.159721,-0.041016,0.078403,,,,,,,,,,,,
691341,,,,,,,,,-0.027467,-0.652434,,,10.942452,-24.238129,-0.022571,0.040352,,,,-0.044679,-1.093780,2.397490,,,,,,
691349,,,,,,,,,-0.000000,0.000000,,,9.206978,-20.393959,-0.007051,0.002306,,,,-0.043910,-1.094485,2.379517,,,,,,
691357,,,,,,,,,,,,,,,,,,,,-0.042875,-1.095526,2.373829,,,,,,
691361,,,,,,,,,-0.000000,0.000000,,,7.746750,-17.159473,0.006010,-0.030291,,,,,,,,,,,,
691370,-0.043198,-1.095242,2.397133,0.002174,-1.074778,1.767362,0.027789,-1.801958,-0.000000,0.000000,1.196653,-9.359882,6.518114,-14.437979,0.028827,0.034073,-0.019503,-0.045793,-0.629771,-0.041700,-1.096661,2.383281,,,,,,
691378,,,,,,,,,,,,,,,,,,,,-0.040270,-1.097961,2.393098,,,,,,
691381,,,,,,,,,-0.000000,0.000000,,,5.484340,-12.148113,0.038307,0.011731,,,,,,,,,,,,
691386,,,,,,,,,,,,,,,,,,,,-0.038728,-1.099253,2.399602,,,,,,
691391,,,,,,,,,0.027467,0.652434,,,4.614523,-9.676878,0.046322,-0.012917,,,,,,,,,,,,
691400,,,,,,,,,-0.027467,-0.652434,,,3.882659,-8.686666,0.053103,-0.022954,,,,-0.038044,-1.099905,2.402663,,,,,,
691408,,,,,,,,,,,,,,,,,,,,-0.038297,-1.099792,2.393600,,,,,,
691411,,,,,,,,,-0.000000,0.000000,,,3.266869,-7.308960,0.058847,-0.037141,,,,,,,,,,,,
691416,,,,,,,,,,,,,,,,,,,,-0.038455,-1.099632,2.390626,,,,,,
691420,-0.038853,-1.099264,2.391172,0.001866,-1.073004,1.721751,0.033434,-1.111866,-0.000000,0.000000,1.904587,-5.306363,2.748743,-6.149758,0.070939,-0.008030,-0.011874,-0.046974,-0.669421,,,,,,,,,
691430,,,,,,,,,-0.000000,0.000000,,,2.312792,-5.174406,0.075217,-0.017810,,,,-0.038940,-1.099284,2.387470,,,,,,
691437,,,,,,,,,,,,,,,,,,,,-0.039054,-1.099203,2.387535,,,,,,
691441,,,,,,,,,-0.000000,0.000000,,,1.945983,-4.353744,0.078877,-0.026207,,,,,,,,,,,,
691448,,,,,,,,,,,,,,,,,,,,-0.039317,-1.098944,2.384476,,,,,,
691451,,,,,,,,,0.027467,-0.652434,,,2.181893,-3.663240,0.076462,-0.033440,,,,,,,,,,,,
691459,,,,,,,,,-0.000000,0.000000,,,1.835844,-3.082249,0.079936,-0.039695,,,,-0.039478,-1.098771,2.384443,,,,,,
691467,,,,,,,,,,,,,,,,,,,,-0.039634,-1.098694,2.381378,,,,,,
691470,-0.039569,-1.098742,2.382200,0.001595,-1.070988,1.690166,0.038452,-0.747376,-0.000000,0.000000,1.598759,-3.942628,1.544679,-2.593404,0.079800,-0.031216,-0.010746,-0.048469,-0.692034,,,,,,,,,
691481,,,,,,,,,0.027467,-0.652434,,,1.844236,-2.182090,0.076756,-0.035681,,,,-0.039650,-1.098687,2.378429,,,,,,
691489,,,,,,,,,0.027467,-0.652434,,,2.096283,-1.836010,0.074136,-0.039563,,,,-0.039574,-1.098720,2.378464,,,,,,
691497,,,,,,,,,,,,,,,,,,,,-0.039519,-1.098783,2.375615,,,,,,
691501,,,,,,,,,-0.000000,0.000000,,,1.763812,-1.544819,0.077428,-0.042955,,,,,,,,,,,,
691511,,,,,,,,,0.027467,-0.652434,,,2.028615,-1.299810,0.074694,-0.045933,,,,-0.039513,-1.098771,2.372747,,,,,,
691518,-0.039878,-1.098506,2.362493,0.001356,-1.068765,1.667130,0.042818,-0.533375,,,,,,,,,,,,-0.039817,-1.098572,2.363676,,,,,,
691521,,,,,,,,,0.027467,-0.652434,1.983708,-2.623288,2.251419,-1.093660,0.076261,-0.035108,-0.008443,-0.050135,-0.695363,,,,,,,,,
691526,,,,,,,,,,,,,,,,,,,,-0.040104,-1.098379,2.357691,,,,,,
691531,,,,,,,,,0.027467,-0.652434,,,2.438887,-0.920206,0.074296,-0.037183,,,,,,,,,,,,
691540,,,,,,,,,0.027467,-0.652434,,,2.596622,-0.774261,0.072596,-0.039012,,,,-0.040343,-1.098191,2.351666,,,,,,
691548,,,,,,,,,,,,,,,,,,,,-0.040423,-1.098127,2.348739,,,,,,
691551,,,,,,,,,0.027467,-0.652434,,,2.729341,-0.651463,0.071119,-0.040634,,,,,,,,,,,,
691555,,,,,,,,,,,,,,,,,,,,-0.040496,-1.098093,2.342771,,,,,,
691561,,,,,,,,,-0.000000,0.000000,,,2.296467,-0.548141,0.075386,-0.042083,,,,,,,,,,,,
691570,-0.040444,-1.098128,2.344426,0.001146,-1.066367,1.649678,0.046540,-0.397568,0.027467,-0.652434,2.476646,-1.573412,2.476790,-0.461206,0.078512,-0.032676,-0.006339,-0.051945,-0.694748,,,,,,,,,
691577,,,,,,,,,,,,,,,,,,,,-0.040855,-1.097707,2.333675,,,,,,
691581,,,,,,,,,0.027467,-0.652434,,,2.628514,-0.388058,0.076964,-0.033644,,,,,,,,,,,,
691585,,,,,,,,,,,,,,,,,,,,-0.041094,-1.097426,2.327652,,,,,,
691591,,,,,,,,,0.027467,-0.652434,,,2.756175,-0.326512,0.075632,-0.034509,,,,,,,,,,,,
691599,,,,,,,,,0.027467,-0.652434,,,2.863588,-0.274727,0.074480,-0.035287,,,,-0.041291,-1.097286,2.324637,,,,,,
691606,,,,,,,,,,,,,,,,,,,,-0.041453,-1.097165,2.315582,,,,,,
691611,,,,,,,,,-0.000000,0.000000,,,2.409423,-0.231156,0.079035,-0.035991,,,,,,,,,,,,
691620,-0.041368,-1.097246,2.318002,0.000963,-1.063826,1.636069,0.049641,-0.306152,0.027467,-0.652434,3.048628,-0.622639,2.571831,-0.194494,0.083226,-0.026935,-0.004251,-0.053766,-0.681934,-0.041602,-1.097018,2.309535,,,,,,
691629,,,,,,,,,0.027467,-0.652434,,,2.708482,-0.163647,0.081928,-0.027335,,,,-0.041840,-1.096875,2.303446,,,,,,
691637,,,,,,,,,,,,,,,,,,,,-0.042012,-1.096612,2.300369,,,,,,
691641,,,,,,,,,0.027467,-0.652434,,,2.823459,-0.137693,0.080823,-0.027692,,,,,,,,,,,,
691651,,,,,,,,,0.027467,-0.652434,,,2.920201,-0.115855,0.079881,-0.028012,,,,-0.042115,-1.096486,2.294391,,,,,,
691659,,,,,,,,,0.027467,-0.652434,,,3.001600,-0.097480,0.079077,-0.028301,,,,-0.042265,-1.096401,2.288387,,,,,,
691668,-0.042442,-1.096250,2.282561,0.000805,-1.061172,1.625219,0.052154,-0.241722,,,,,,,,,,,,-0.042456,-1.096253,2.282303,,,,,,
691671,,,,,,,,,0.027467,-0.652434,3.794205,0.418092,3.070089,-0.082020,0.085992,-0.017948,-0.001686,-0.055659,-0.657342,,,,,,,,,
691680,,,,,,,,,0.027467,-0.652434,,,3.127716,-0.069011,0.085550,-0.017980,,,,-0.042706,-1.095962,2.279196,,,,,,
691688,,,,,,,,,,,,,,,,,,,,-0.043013,-1.095760,2.270020,,,,,,
691691,,,,,,,,,0.027467,-0.652434,,,3.176203,-0.058066,0.085188,-0.017995,,,,,,,,,,,,
691695,,,,,,,,,,,,,,,,,,,,-0.043194,-1.095569,2.263937,,,,,,
691701,,,,,,,,,0.027467,-0.652434,,,3.217000,-0.048857,0.084896,-0.017993,,,,,,,,,,,,
691709,,,,,,,,,0.027467,-0.652434,,,3.251327,-0.041108,0.084661,-0.017979,,,,-0.043424,-1.095445,2.254728,,,,,,
691717,,,,,,,,,,,,,,,,,,,,-0.043633,-1.095150,2.248595,,,,,,
691720,-0.043607,-1.095154,2.248708,0.000668,-1.058432,1.616414,0.054112,-0.194612,0.027467,-0.652434,4.533949,1.391996,3.280209,-0.034588,0.092020,-0.008020,0.000835,-0.057516,-0.632294,,,,,,,,,
691731,,,,,,,,,0.027467,-0.652434,,,3.304511,-0.029103,0.092023,-0.007791,,,,-0.043793,-1.094961,2.242493,,,,,,
691739,,,,,,,,,0.027467,-0.652434,,,3.324958,-0.024487,0.092061,-0.007553,,,,-0.043922,-1.094766,2.233322,,,,,,
691746,,,,,,,,,,,,,,,,,,,,-0.044082,-1.094530,2.227120,,,,,,
691751,,,,,,,,,0.054935,-1.304868,,,3.886706,-0.020603,0.086573,-0.007310,,,,,,,,,,,,
691760,,,,,,,,,0.027467,-0.652434,,,3.814817,-0.017336,0.087435,-0.007061,,,,-0.044333,-1.094196,2.220917,,,,,,
691768,-0.044544,-1.093987,2.212004,0.000551,-1.055630,1.609172,0.055554,-0.159116,,,5.383626,2.453551,,,,,0.003763,-0.059082,-0.602832,-0.044553,-1.093979,2.211630,,,,,,
691771,,,,,,,,,0.054935,-1.304868,,,3.754329,-0.014586,0.096863,0.004021,,,,,,,,,,,,
691776,,,,,,,,,,,,,,,,,,,,-0.044770,-1.093694,2.202370,,,,,,
691781,,,,,,,,,0.027467,-0.652434,,,4.247979,-0.012273,0.092153,0.004491,,,,,,,,,,,,
691790,,,,,,,,,0.054935,-1.304868,,,4.663335,-0.010326,0.088144,0.004965,,,,-0.045025,-1.093406,2.193048,,,,,,
691797,,,,,,,,,,,,,,,,,,,,-0.045326,-1.093119,2.183768,,,,,,
691801,,,,,,,,,0.027467,-0.652434,,,4.468273,-0.008689,0.090278,0.005441,,,,,,,,,,,,
691805,,,,,,,,,,,,,,,,,,,,-0.045708,-1.092662,2.171275,,,,,,
691811,,,,,,,,,0.054935,-1.304868,,,4.848691,-0.007311,0.086580,0.005919,,,,,,,,,,,,
691820,-0.045742,-1.092584,2.169217,0.000451,-1.052791,1.603150,0.056517,-0.131696,0.027467,-0.652434,6.267083,3.551779,4.624231,-0.006151,0.097988,0.017601,0.006855,-0.060583,-0.566068,-0.046043,-1.092284,2.161849,,,,,,
691828,,,,,,,,,,,,,,,,,,,,-0.046400,-1.091922,2.149282,,,,,,
691831,,,,,,,,,0.082402,-1.957303,,,5.524457,-0.005176,0.089134,0.018303,,,,,,,,,,,,
691841,,,,,,,,,0.054935,-1.304868,,,5.737364,-0.004355,0.087111,0.019006,,,,-0.046753,-1.091524,2.139830,,,,,,
691849,,,,,,,,,0.054935,-1.304868,,,5.916504,-0.003664,0.085390,0.019710,,,,-0.047000,-1.091089,2.123991,,,,,,
691856,,,,,,,,,,,,,,,,,,,,-0.047348,-1.090645,2.111293,,,,,,
691861,,,,,,,,,0.027467,-0.652434,,,5.522689,-0.003083,0.089477,0.020415,,,,,,,,,,,,
691870,-0.047276,-1.090712,2.113416,0.000366,-1.049936,1.598095,0.057040,-0.110067,0.054935,-1.304868,7.236578,4.770795,5.735876,-0.002594,0.097340,0.033555,0.010317,-0.061854,-0.515321,-0.047685,-1.090230,2.098579,,,,,,
691878,,,,,,,,,,,,,,,,,,,,-0.048000,-1.089772,2.088961,,,,,,
691881,,,,,,,,,0.054935,-1.304868,,,5.915252,-0.002183,0.095811,0.034506,,,,,,,,,,,,
691888,,,,,,,,,,,,,,,,,,,,-0.048252,-1.089316,2.076140,,,,,,
691891,,,,,,,,,0.054935,-1.304868,,,6.066178,-0.001836,0.094536,0.035457,,,,,,,,,,,,
691900,,,,,,,,,0.054935,-1.304868,,,6.193168,-0.001545,0.093474,0.036408,,,,-0.048573,-1.088896,2.063300,,,,,,
691908,,,,,,,,,,,,,,,,,,,,-0.048867,-1.088461,2.050396,,,,,,
691911,,,,,,,,,0.054935,-1.304868,,,6.300017,-0.001300,0.092593,0.037360,,,,,,,,,,,,
691915,,,,,,,,,,,,,,,,,,,,-0.049069,-1.088048,2.040689,,,,,,
691920,-0.049031,-1.088070,2.041317,0.000294,-1.047084,1.593826,0.057162,-0.092700,0.054935,-1.304868,8.287642,6.124950,6.389920,-0.001094,0.102584,0.052125,0.014170,-0.062546,-0.447491,,,,,,,,,
691929,,,,,,,,,0.082402,-0.652434,,,6.465564,0.543623,0.102192,0.047794,,,,-0.049281,-1.087523,2.027660,,,,,,
691937,,,,,,,,,,,,,,,,,,,,-0.049566,-1.087087,2.017864,,,,,,
691941,,,,,,,,,0.054935,-1.304868,,,6.529212,0.457404,0.101908,0.049790,,,,,,,,,,,,
691945,,,,,,,,,,,,,,,,,,,,-0.049864,-1.086576,2.004756,,,,,,
691951,,,,,,,,,0.054935,-1.304868,,,6.582764,0.384860,0.101713,0.051663,,,,,,,,,,,,
691959,,,,,,,,,0.054935,-1.304868,,,6.627823,0.323821,0.101594,0.053434,,,,-0.050103,-1.086027,1.991611,,,,,,
691967,,,,,,,,,,,,,,,,,,,,-0.050405,-1.085465,1.981687,,,,,,
691970,-0.050388,-1.085475,1.981216,0.000234,-1.044251,1.590200,0.056919,-0.078543,0.054935,-1.304868,9.187813,7.291556,6.665736,0.272463,0.110721,0.067017,0.017603,-0.062866,-0.391016,,,,,,,,,
691980,,,,,,,,,0.082402,-1.957303,,,7.242179,0.229250,0.105346,0.068862,,,,-0.050713,-1.084897,1.968424,,,,,,
691988,,,,,,,,,,,,,,,,,,,,-0.051020,-1.084299,1.951762,,,,,,
691991,,,,,,,,,0.054935,-1.304868,,,7.182655,0.192891,0.106342,0.070645,,,,,,,,,,,,
691995,,,,,,,,,,,,,,,,,,,,-0.051328,-1.083710,1.938381,,,,,,
692001,,,,,,,,,0.109870,-1.304868,,,7.677115,0.706842,0.101700,0.066823,,,,,,,,,,,,
692009,,,,,,,,,0.054935,-1.304868,,,7.548610,0.594737,0.103313,0.069283,,,,-0.051615,-1.083052,1.921545,,,,,,
692017,,,,,,,,,,,,,,,,,,,,-0.051889,-1.082378,1.904614,,,,,,
692020,-0.051847,-1.082424,1.905567,0.000184,-1.041455,1.587109,0.056348,-0.066852,0.082402,-1.957303,10.208121,8.630791,7.985029,0.500411,0.109596,0.085245,0.021599,-0.062603,-0.318459,,,,,,,,,
692031,,,,,,,,,0.082402,-1.957303,,,8.352232,0.421046,0.106295,0.087680,,,,-0.052153,-1.081602,1.890993,,,,,,
692039,,,,,,,,,0.109870,-1.304868,,,8.661197,0.898811,0.103515,0.084449,,,,-0.052533,-1.080922,1.870446,,,,,,
692047,,,,,,,,,,,,,,,,,,,,-0.052875,-1.080081,1.856629,,,,,,
692051,,,,,,,,,0.082402,-1.957303,,,8.921160,0.756260,0.101173,0.087449,,,,,,,,,,,,
692061,,,,,,,,,0.109870,-1.304868,,,8.595349,1.180860,0.104754,0.084693,,,,-0.053170,-1.079259,1.842791,,,,,,
692070,-0.053197,-1.079084,1.842584,0.000143,-1.038708,1.584465,0.055485,-0.057089,0.054935,0.000000,10.916496,9.612652,8.321212,1.538119,0.115098,0.092554,0.024575,-0.062221,-0.258119,-0.053570,-1.078334,1.828859,,,,,,
692077,,,,,,,,,,,,,,,,,,,,-0.053890,-1.077317,1.814843,,,,,,
692081,,,,,,,,,0.137337,-1.957303,,,9.179640,1.838716,0.106861,0.091103,,,,,,,,,,,,
692091,,,,,,,,,0.137337,-1.957303,,,9.901920,2.091639,0.099841,0.090078,,,,-0.054274,-1.076310,1.800758,,,,,,
692099,,,,,,,,,0.137337,-0.652434,,,9.420561,2.848991,0.104954,0.083857,,,,-0.054576,-1.075253,1.786592,,,,,,
692106,,,,,,,,,,,,,,,,,,,,-0.054978,-1.074084,1.775916,,,,,,
692111,,,,,,,,,0.109870,-1.304868,,,10.104631,2.941684,0.098275,0.084265,,,,,,,,,,,,
692120,-0.054937,-1.074056,1.776036,0.000110,-1.036023,1.582202,0.054363,-0.048859,0.082402,-0.652434,11.163139,10.138930,9.591122,3.019675,0.106191,0.090171,0.026016,-0.061643,-0.193834,-0.055292,-1.072843,1.765188,,,,,,
692128,,,,,,,,,,,,,,,,,,,,-0.055624,-1.071473,1.754411,,,,,,
692131,,,,,,,,,0.164805,-1.304868,,,10.248141,3.629841,0.099804,0.085372,,,,,,,,,,,,
692136,,,,,,,,,,,,,,,,,,,,-0.055910,-1.070218,1.743591,,,,,,
692141,,,,,,,,,0.137337,-0.652434,,,10.256414,4.143234,0.099903,0.081437,,,,,,,,,,,,
692150,,,,,,,,,0.137337,-1.957303,,,10.807919,4.030660,0.094459,0.083784,,,,-0.056256,-1.068877,1.732724,,,,,,
692158,,,,,,,,,,,,,,,,,,,,-0.056581,-1.067476,1.721802,,,,,,
692161,,,,,,,,,0.137337,-0.652434,,,10.727411,4.480484,0.095351,0.080418,,,,,,,,,,,,
692166,,,,,,,,,,,,,,,,,,,,-0.056869,-1.065978,1.710822,,,,,,
692170,-0.056813,-1.066089,1.713557,0.000082,-1.033410,1.580262,0.053015,-0.041866,0.137337,-0.652434,10.488574,9.721263,10.659672,4.314422,0.089248,0.078983,0.024252,-0.060966,-0.133295,,,,,,,,,
692180,,,,,,,,,0.164805,-1.304868,,,11.147220,5.263783,0.084241,0.070381,,,,-0.057157,-1.064529,1.703486,,,,,,
692188,,,,,,,,,,,,,,,,,,,,-0.057365,-1.063058,1.692416,,,,,,
692191,,,,,,,,,0.137337,-0.652434,,,11.012898,5.518033,0.085480,0.068679,,,,,,,,,,,,
692195,,,,,,,,,,,,,,,,,,,,-0.057524,-1.061752,1.681308,,,,,,
692201,,,,,,,,,0.164805,-1.304868,,,11.444424,5.731959,0.080973,0.067338,,,,,,,,,,,,
692209,,,,,,,,,0.109870,-1.304868,,,11.262966,5.367413,0.082633,0.071854,,,,-0.057708,-1.060248,1.670135,,,,,,
692217,,,,,,,,,,,,,,,,,,,,-0.057955,-1.058770,1.662638,,,,,,
692220,-0.057911,-1.058926,1.661436,0.000061,-1.030879,1.578599,0.051471,-0.035885,0.137337,-0.652434,9.863860,9.308118,11.110288,5.605227,0.077663,0.066085,0.022685,-0.060272,-0.082837,,,,,,,,,
692231,,,,,,,,,0.137337,-0.652434,,,10.981824,5.805323,0.078724,0.064784,,,,-0.058140,-1.057252,1.651390,,,,,,
692239,,,,,,,,,0.137337,-0.652434,,,10.873734,5.973684,0.079603,0.063768,,,,-0.058264,-1.055797,1.640059,,,,,,
692248,,,,,,,,,,,,,,,,,,,,-0.058491,-1.054285,1.632480,,,,,,
692251,,,,,,,,,0.164805,-1.304868,,,11.327332,6.115344,0.074775,0.062990,,,,,,,,,,,,
692261,,,,,,,,,0.109870,-1.304868,,,11.164445,5.689992,0.076143,0.067967,,,,-0.058549,-1.052861,1.624864,,,,,,
692270,-0.058524,-1.052909,1.622458,0.000043,-1.028436,1.577176,0.049759,-0.030741,0.109870,0.000000,9.329118,8.931225,10.482849,5.876645,0.077381,0.062942,0.021417,-0.059752,-0.045281,-0.058553,-1.051614,1.617227,,,,,,
692276,,,,,,,,,,,,,,,,,,,,-0.058630,-1.050395,1.609560,,,,,,
692281,,,,,,,,,0.137337,-0.652434,,,10.453897,6.033695,0.077446,0.061951,,,,,,,,,,,,
692290,,,,,,,,,0.137337,-0.652434,,,10.429538,6.165836,0.077469,0.061183,,,,-0.058673,-1.049228,1.601857,,,,,,
692298,,,,,,,,,,,,,,,,,,,,-0.058782,-1.047840,1.594132,,,,,,
692301,,,,,,,,,0.109870,-1.304868,,,10.409041,5.732477,0.077458,0.066156,,,,,,,,,,,,
692308,,,,,,,,,,,,,,,,,,,,-0.058869,-1.046588,1.590269,,,,,,
692311,,,,,,,,,0.109870,0.000000,,,9.847253,5.912392,0.082972,0.064961,,,,,,,,,,,,
692320,-0.058863,-1.046658,1.592970,0.000030,-1.026090,1.575959,0.047906,-0.026298,0.137337,-0.652434,8.549477,8.269873,9.374563,5.519229,0.079738,0.062829,0.019257,-0.059334,-0.017011,-0.058911,-1.045319,1.582504,,,,,,
692328,,,,,,,,,,,,,,,,,,,,-0.058953,-1.044104,1.574703,,,,,,
692331,,,,,,,,,0.137337,-0.652434,,,10.065929,5.732965,0.072521,0.061199,,,,,,,,,,,,
692335,,,,,,,,,,,,,,,,,,,,-0.059019,-1.042989,1.567024,,,,,,
692341,,,,,,,,,0.109870,-1.304868,,,10.103102,5.912802,0.071838,0.059872,,,,,,,,,,,,
692350,,,,,,,,,0.082402,-0.652434,,,9.589835,5.519574,0.076763,0.064354,,,,-0.059070,-1.041837,1.559184,,,,,,
692357,,,,,,,,,,,,,,,,,,,,-0.059215,-1.040568,1.551382,,,,,,
692361,,,,,,,,,0.109870,-1.304868,,,9.702516,5.188712,0.075406,0.068279,,,,,,,,,,,,
692365,,,,,,,,,,,,,,,,,,,,-0.059209,-1.039385,1.543644,,,,,,
692370,-0.059175,-1.039534,1.542308,0.000019,-1.023844,1.574923,0.045939,-0.022450,0.109870,0.000000,7.809388,7.700665,9.252782,5.454868,0.072213,0.060375,0.017370,-0.058723,0.032615,,,,,,,,,
692379,,,,,,,,,0.137337,-1.957303,,,9.418919,5.134269,0.070230,0.064094,,,,-0.059170,-1.038090,1.535908,,,,,,
692387,,,,,,,,,,,,,,,,,,,,-0.059229,-1.037025,1.524458,,,,,,
692391,,,,,,,,,0.109870,0.000000,,,9.558706,5.409060,0.068482,0.061805,,,,,,,,,,,,
692395,,,,,,,,,,,,,,,,,,,,-0.059189,-1.035951,1.516820,,,,,,
692401,,,,,,,,,0.082402,-0.652434,,,9.131781,5.095725,0.072487,0.065459,,,,,,,,,,,,
692409,,,,,,,,,0.137337,-0.652434,,,9.317109,5.376629,0.070332,0.063115,,,,-0.059134,-1.034918,1.509249,,,,,,
692417,,,,,,,,,,,,,,,,,,,,-0.059141,-1.033751,1.501666,,,,,,
692420,-0.059118,-1.033661,1.502339,0.000012,-1.021703,1.574042,0.043878,-0.019110,0.082402,-0.652434,7.219500,7.236848,8.928501,5.068438,0.067978,0.061992,0.015975,-0.058173,0.071702,,,,,,,,,
692431,,,,,,,,,0.109870,-1.304868,,,9.146070,4.809126,0.065417,0.065071,,,,-0.059060,-1.032758,1.497884,,,,,,
692439,,,,,,,,,0.109870,0.000000,,,8.784588,5.135485,0.068719,0.062227,,,,-0.058963,-1.031879,1.494032,,,,,,
692446,,,,,,,,,,,,,,,,,,,,-0.058901,-1.030904,1.486534,,,,,,
692451,,,,,,,,,0.082402,-0.652434,,,8.480437,4.865540,0.071508,0.065401,,,,,,,,,,,,
692461,,,,,,,,,0.109870,0.000000,,,7.679982,5.182951,0.079420,0.062638,,,,-0.058847,-1.029972,1.482778,,,,,,
692470,-0.058837,-1.029822,1.484420,0.000006,-1.019670,1.573296,0.041747,-0.016207,0.054935,0.000000,6.834918,6.907504,7.551023,4.905478,0.076721,0.062519,0.015190,-0.057748,0.088876,-0.058768,-1.028984,1.478996,,,,,,
692476,,,,,,,,,,,,,,,,,,,,-0.058637,-1.028018,1.475255,,,,,,
692481,,,,,,,,,0.082402,-0.652434,,,7.442516,4.672011,0.077684,0.065301,,,,,,,,,,,,
692490,,,,,,,,,0.137337,-0.652434,,,7.895761,5.020116,0.072940,0.062198,,,,-0.058603,-1.027104,1.475230,,,,,,
692498,,,,,,,,,,,,,,,,,,,,-0.058574,-1.026278,1.471517,,,,,,
692501,,,,,,,,,0.082402,-0.652434,,,7.188036,4.768468,0.079946,0.065142,,,,,,,,,,,,
692510,,,,,,,,,0.082402,0.652434,,,7.137099,5.101275,0.080395,0.062175,,,,-0.058513,-1.025450,1.464135,,,,,,
692520,-0.058515,-1.025473,1.468575,0.000002,-1.017747,1.572667,0.039565,-0.013685,0.082402,-0.652434,6.242370,6.358224,7.094240,4.292212,0.074728,0.065186,0.013656,-0.057423,0.104093,-0.058363,-1.024547,1.460467,,,,,,
692528,,,,,,,,,,,,,,,,,,,,-0.058250,-1.023703,1.456751,,,,,,
692531,,,,,,,,,0.082402,-0.652434,,,7.058179,4.700553,0.074926,0.061434,,,,,,,,,,,,
692535,,,,,,,,,,,,,,,,,,,,-0.058254,-1.022761,1.452928,,,,,,
692541,,,,,,,,,0.082402,-0.652434,,,7.027838,4.499588,0.075072,0.063816,,,,,,,,,,,,
692550,,,,,,,,,0.082402,-0.652434,,,7.002308,4.330496,0.075175,0.065912,,,,-0.058212,-1.021835,1.445511,,,,,,
692557,,,,,,,,,,,,,,,,,,,,-0.058098,-1.020932,1.441849,,,,,,
692561,,,,,,,,,0.082402,-0.652434,,,6.980828,4.188222,0.075242,0.067769,,,,,,,,,,,,
692570,-0.058092,-1.020970,1.441354,-0.000001,-1.015936,1.572142,0.037348,-0.011496,0.109870,-1.304868,5.737222,5.917147,6.962754,4.068512,0.070126,0.064925,0.012490,-0.056955,0.130788,-0.058044,-1.020141,1.434494,,,,,,
692579,,,,,,,,,0.054935,0.000000,,,6.947546,3.967789,0.070036,0.066322,,,,-0.057946,-1.019198,1.427161,,,,,,
692587,,,,,,,,,,,,,,,,,,,,-0.057846,-1.018423,1.423571,,,,,,
692591,,,,,,,,,0.109870,0.000000,,,6.934751,4.427584,0.069925,0.062022,,,,,,,,,,,,
692601,,,,,,,,,0.054935,0.000000,,,6.379442,4.269912,0.075350,0.063928,,,,-0.057753,-1.017635,1.419964,,,,,,
692609,,,,,,,,,0.082402,-0.652434,,,6.456748,4.137247,0.074433,0.065611,,,,-0.057587,-1.016988,1.416312,,,,,,
692616,,,,,,,,,,,,,,,,,,,,-0.057401,-1.016222,1.412562,,,,,,
692620,-0.057409,-1.016278,1.412240,-0.000003,-1.014236,1.571703,0.035114,-0.009599,0.082402,-0.652434,5.163700,5.402797,6.521793,4.025622,0.067775,0.061859,0.011081,-0.056363,0.159463,,,,,,,,,
692630,,,,,,,,,0.054935,1.304868,,,5.487436,4.476244,0.078054,0.057538,,,,-0.057251,-1.015473,1.412562,,,,,,
692638,,,,,,,,,,,,,,,,,,,,-0.057131,-1.014712,1.412562,,,,,,
692641,,,,,,,,,0.082402,-0.652434,,,5.706214,4.310854,0.075758,0.059410,,,,,,,,,,,,
692646,,,,,,,,,,,,,,,,,,,,-0.057008,-1.014001,1.408954,,,,,,
692651,,,,,,,,,0.082402,-0.652434,,,5.890295,4.171696,0.073772,0.061048,,,,,,,,,,,,
692660,,,,,,,,,0.054935,0.000000,,,5.500636,4.054607,0.077601,0.062489,,,,-0.056917,-1.013322,1.408986,,,,,,
692668,-0.056839,-1.012699,1.405934,-0.000004,-1.012648,1.571342,0.032878,-0.007961,,,4.543586,4.785361,,,,,0.009378,-0.056056,0.165408,-0.056827,-1.012620,1.405357,,,,,,
692671,,,,,,,,,0.082402,-0.652434,,,5.172778,3.956089,0.074553,0.057465,,,,,,,,,,,,
692675,,,,,,,,,,,,,,,,,,,,-0.056720,-1.011953,1.401782,,,,,,
692681,,,,,,,,,0.054935,0.000000,,,5.441461,3.873196,0.071686,0.058477,,,,,,,,,,,,
692690,,,,,,,,,0.054935,0.000000,,,5.122987,3.803450,0.074755,0.059371,,,,-0.056560,-1.011186,1.401700,,,,,,
692698,,,,,,,,,,,,,,,,,,,,-0.056368,-1.010444,1.398052,,,,,,
692701,,,,,,,,,0.082402,-0.652434,,,5.399567,3.744766,0.071818,0.060166,,,,,,,,,,,,
692706,,,,,,,,,,,,,,,,,,,,-0.056256,-1.009750,1.394469,,,,,,
692711,,,,,,,,,0.054935,0.000000,,,5.087738,3.695388,0.074827,0.060877,,,,,,,,,,,,
692720,-0.056267,-1.009770,1.395431,-0.000005,-1.011171,1.571044,0.030652,-0.006551,0.082402,-0.652434,4.134093,4.383950,4.825365,3.653842,0.073218,0.057425,0.008436,-0.055644,0.175613,-0.056154,-1.008997,1.394473,,,,,,
692728,,,,,,,,,,,,,,,,,,,,-0.056070,-1.008327,1.390866,,,,,,
692731,,,,,,,,,0.054935,0.000000,,,5.149148,3.618886,0.069777,0.057927,,,,,,,,,,,,
692741,,,,,,,,,0.054935,0.000000,,,4.877036,3.589473,0.072350,0.058380,,,,-0.055909,-1.007721,1.390835,,,,,,
692749,,,,,,,,,0.054935,0.000000,,,4.648080,3.564725,0.074536,0.058792,,,,-0.055820,-1.007183,1.387263,,,,,,
692757,,,,,,,,,,,,,,,,,,,,-0.055727,-1.006475,1.383704,,,,,,
692761,,,,,,,,,0.082402,-0.652434,,,4.999980,3.543903,0.070844,0.059168,,,,,,,,,,,,
692770,-0.055707,-1.006412,1.381951,-0.000005,-1.009803,1.570805,0.028448,-0.005345,0.054935,0.000000,3.620866,3.880283,4.751526,3.526382,0.067970,0.054377,0.007126,-0.055348,0.188854,-0.055606,-1.005880,1.380075,,,,,,
692779,,,,,,,,,0.027467,0.652434,,,3.997933,3.511641,0.075431,0.054598,,,,-0.055467,-1.005231,1.380075,,,,,,
692788,,,,,,,,,,,,,,,,,,,,-0.055331,-1.004564,1.380075,,,,,,
692791,,,,,,,,,0.054935,0.000000,,,3.908404,3.499238,0.076269,0.054799,,,,,,,,,,,,
692800,,,,,,,,,0.082402,-0.652434,,,4.377617,3.488801,0.071425,0.054981,,,,-0.055217,-1.003868,1.376459,,,,,,
692808,,,,,,,,,,,,,,,,,,,,-0.055162,-1.003333,1.376438,,,,,,
692811,,,,,,,,,0.027467,-0.652434,,,4.227870,2.935477,0.072801,0.060703,,,,,,,,,,,,
692816,,,,,,,,,,,,,,,,,,,,-0.055039,-1.002860,1.372858,,,,,,
692820,-0.055071,-1.003046,1.370883,-0.000005,-1.008542,1.570610,0.026277,-0.004318,0.082402,-0.652434,3.039740,3.300559,4.646415,3.014453,0.062483,0.054174,0.005548,-0.055061,0.199727,,,,,,,,,
692830,,,,,,,,,0.054935,0.000000,,,4.454036,3.080904,0.064124,0.053553,,,,-0.054971,-1.002605,1.372855,,,,,,
692838,,,,,,,,,,,,,,,,,,,,-0.054923,-1.002187,1.365758,,,,,,
692841,,,,,,,,,0.027467,-0.652434,,,4.292169,2.592272,0.065492,0.058581,,,,,,,,,,,,
692845,,,,,,,,,,,,,,,,,,,,-0.054870,-1.001630,1.362164,,,,,,
692851,,,,,,,,,-0.000000,0.000000,,,3.611430,2.181137,0.072185,0.062916,,,,,,,,,,,,
692859,,,,,,,,,0.054935,0.000000,,,3.583200,2.379752,0.072359,0.061114,,,,-0.054808,-1.001078,1.355053,,,,,,
692867,,,,,,,,,,,,,,,,,,,,-0.054763,-1.000645,1.351481,,,,,,
692870,-0.054743,-1.000621,1.353109,-0.000005,-1.007387,1.570457,0.024149,-0.003451,0.082402,-0.652434,2.806217,3.075043,3.559447,2.546866,0.070111,0.057294,0.005215,-0.054907,0.217348,,,,,,,,,
692881,,,,,,,,,0.027467,-0.652434,,,4.084005,2.142933,0.064610,0.061519,,,,-0.054703,-1.000329,1.351477,,,,,,
692889,,,,,,,,,0.054935,0.000000,,,3.980824,2.347606,0.065406,0.059618,,,,-0.054621,-0.999950,1.351477,,,,,,
692897,,,,,,,,,,,,,,,,,,,,-0.054537,-0.999442,1.347963,,,,,,
692901,,,,,,,,,0.054935,0.000000,,,3.894008,2.519819,0.066057,0.058007,,,,,,,,,,,,
692911,,,,,,,,,0.027467,-0.652434,,,3.820961,2.120175,0.066585,0.062194,,,,-0.054448,-0.998860,1.344400,,,,,,
692920,-0.054447,-0.998896,1.342393,-0.000004,-1.006334,1.570336,0.022072,-0.002725,0.054935,0.000000,2.641902,2.904405,3.759500,2.328459,0.065332,0.058520,0.005082,-0.054713,0.227943,-0.054356,-0.998379,1.344423,,,,,,
692928,,,,,,,,,,,,,,,,,,,,-0.054326,-0.997925,1.340889,,,,,,
692931,,,,,,,,,0.054935,0.000000,,,3.707786,2.503708,0.065636,0.056848,,,,,,,,,,,,
692940,,,,,,,,,0.027467,-0.652434,,,3.664274,2.106619,0.065867,0.060978,,,,-0.054216,-0.997433,1.337389,,,,,,
692948,,,,,,,,,,,,,,,,,,,,-0.054090,-0.997053,1.333902,,,,,,
692951,,,,,,,,,0.054935,0.000000,,,3.627662,2.317052,0.066036,0.058992,,,,,,,,,,,,
692956,,,,,,,,,,,,,,,,,,,,-0.053952,-0.996630,1.330340,,,,,,
692961,,,,,,,,,0.054935,0.000000,,,3.596858,2.494111,0.066153,0.057303,,,,,,,,,,,,
692970,-0.053941,-0.996595,1.331351,-0.000004,-1.005380,1.570242,0.020054,-0.002122,-0.000000,0.000000,2.288311,2.542310,3.026396,2.098545,0.068174,0.057727,0.004258,-0.054481,0.238891,-0.053807,-0.996121,1.326830,,,,,,
692978,,,,,,,,,,,,,,,,,,,,-0.053674,-0.995603,1.326830,,,,,,
692981,,,,,,,,,0.082402,-0.652434,,,3.635495,2.310258,0.061814,0.055656,,,,,,,,,,,,
692988,,,,,,,,,,,,,,,,,,,,-0.053543,-0.995080,1.330345,,,,,,
692991,,,,,,,,,0.054935,0.000000,,,3.603449,2.488394,0.061871,0.053885,,,,,,,,,,,,
692999,,,,,,,,,0.054935,0.000000,,,3.576484,2.638278,0.061883,0.052367,,,,-0.053493,-0.994677,1.330382,,,,,,
693007,,,,,,,,,,,,,,,,,,,,-0.053412,-0.994255,1.326854,,,,,,
693011,,,,,,,,,-0.000000,0.000000,,,3.009254,2.219846,0.067411,0.056616,,,,,,,,,,,,
693020,-0.053456,-0.994452,1.327231,-0.000003,-1.004523,1.570172,0.018102,-0.001627,0.082402,-0.652434,1.857116,2.092506,3.621072,2.412322,0.056628,0.050129,0.003117,-0.054305,0.242940,-0.053269,-0.993765,1.326825,,,,,,
693029,,,,,,,,,0.054935,0.000000,,,3.591313,2.574270,0.056579,0.048413,,,,-0.053053,-0.993354,1.326795,,,,,,
693036,,,,,,,,,,,,,,,,,,,,-0.052943,-0.992980,1.323314,,,,,,
693041,,,,,,,,,0.027467,0.652434,,,3.021730,2.710534,0.062042,0.046927,,,,,,,,,,,,
693051,,,,,,,,,0.027467,-0.652434,,,3.087026,2.280643,0.061143,0.051188,,,,-0.052876,-0.992563,1.323344,,,,,,
693059,,,,,,,,,-0.000000,0.000000,,,2.597424,1.918933,0.065891,0.054840,,,,-0.052800,-0.992082,1.323400,,,,,,
693067,,,,,,,,,,,,,,,,,,,,-0.052696,-0.991606,1.323319,,,,,,
693070,-0.052759,-0.991844,1.323648,-0.000003,-1.003757,1.570118,0.016222,-0.001227,0.054935,0.000000,1.256645,1.472435,2.730015,2.159133,0.058266,0.046100,0.001356,-0.054068,0.246470,,,,,,,,,
693081,,,,,,,,,0.054935,-1.304868,,,2.841578,1.816694,0.056833,0.049456,,,,-0.052620,-0.991202,1.323289,,,,,,
693089,,,,,,,,,-0.000000,0.000000,,,2.935446,1.528566,0.055559,0.052326,,,,-0.052542,-0.990806,1.323266,,,,,,
693096,,,,,,,,,,,,,,,,,,,,-0.052458,-0.990495,1.316313,,,,,,
693101,,,,,,,,,0.027467,0.652434,,,2.469884,1.830679,0.059972,0.049233,,,,,,,,,,,,
693110,,,,,,,,,-0.000000,0.000000,,,2.078160,1.540333,0.063725,0.052123,,,,-0.052370,-0.990026,1.312791,,,,,,
693118,-0.052330,-0.989829,1.310482,-0.000002,-1.003079,1.570079,0.014421,-0.000907,,,0.955823,1.160238,,,,,0.000665,-0.053975,0.259597,-0.052290,-0.989644,1.309276,,,,,,
693121,,,,,,,,,0.054935,0.000000,,,2.293107,1.840579,0.058300,0.045862,,,,,,,,,,,,
693125,,,,,,,,,,,,,,,,,,,,-0.052213,-0.989298,1.305772,,,,,,
693131,,,,,,,,,-0.000000,0.000000,,,1.929420,1.548663,0.061742,0.048704,,,,,,,,,,,,
693140,,,,,,,,,0.082402,-0.652434,,,2.712500,1.847588,0.053560,0.045577,,,,-0.052135,-0.988999,1.302291,,,,,,
693148,,,,,,,,,,,,,,,,,,,,-0.052087,-0.988803,1.305791,,,,,,
693151,,,,,,,,,0.027467,-0.652434,,,2.826840,1.554560,0.052042,0.048429,,,,,,,,,,,,
693155,,,,,,,,,,,,,,,,,,,,-0.052068,-0.988665,1.305791,,,,,,
693161,,,,,,,,,-0.000000,0.000000,,,2.378503,1.308007,0.056241,0.050865,,,,,,,,,,,,
693170,-0.052090,-0.988762,1.306185,-0.000002,-1.002485,1.570052,0.012704,-0.000655,0.027467,0.652434,0.780699,0.964887,2.001272,1.645100,0.058018,0.045404,0.000378,-0.053864,0.263868,-0.052090,-0.988671,1.302331,,,,,,
693177,,,,,,,,,,,,,,,,,,,,-0.052061,-0.988584,1.302357,,,,,,
693181,,,,,,,,,0.027467,-0.652434,,,2.228413,1.384187,0.055457,0.047929,,,,,,,,,,,,
693191,,,,,,,,,-0.000000,0.000000,,,1.874987,1.164654,0.058772,0.050085,,,,-0.051987,-0.988280,1.298827,,,,,,
693199,,,,,,,,,0.027467,0.652434,,,1.577613,1.524483,0.061586,0.046375,,,,-0.051953,-0.988090,1.298827,,,,,,
693208,,,,,,,,,,,,,,,,,,,,-0.051925,-0.987917,1.298827,,,,,,
693211,,,,,,,,,-0.000000,0.000000,,,1.327404,1.282700,0.063979,0.048729,,,,,,,,,,,,
693220,-0.051939,-0.987988,1.299445,-0.000002,-1.001970,1.570032,0.011075,-0.000462,-0.000000,0.000000,0.710882,0.876587,1.116877,1.079264,0.065305,0.049840,0.000451,-0.053784,0.270587,-0.051871,-0.987850,1.302328,,,,,,
693228,,,,,,,,,,,,,,,,,,,,-0.051815,-0.987767,1.305839,,,,,,
693231,,,,,,,,,0.027467,0.652434,,,0.939740,1.452636,0.067031,0.045991,,,,,,,,,,,,
693236,,,,,,,,,,,,,,,,,,,,-0.051789,-0.987673,1.309296,,,,,,
693241,,,,,,,,,-0.000000,0.000000,,,0.790697,1.222247,0.068505,0.048225,,,,,,,,,,,,
693250,,,,,,,,,-0.000000,0.000000,,,0.665293,1.028399,0.069768,0.050134,,,,-0.051745,-0.987524,1.309292,,,,,,
693258,,,,,,,,,,,,,,,,,,,,-0.051714,-0.987417,1.309296,,,,,,
693261,,,,,,,,,0.027467,0.652434,,,0.559777,1.409838,0.070854,0.046213,,,,,,,,,,,,
693266,,,,,,,,,,,,,,,,,,,,-0.051725,-0.987415,1.312787,,,,,,
693270,-0.051714,-0.987351,1.314405,-0.000001,-1.001529,1.570019,0.009540,-0.000316,-0.000000,0.000000,0.340781,0.475291,0.470996,1.186237,0.068015,0.044293,-0.000600,-0.053617,0.255614,,,,,,,,,
693280,,,,,,,,,-0.000000,0.000000,,,0.396296,0.998100,0.068750,0.046070,,,,-0.051719,-0.987476,1.312817,,,,,,
693288,,,,,,,,,,,,,,,,,,,,-0.051707,-0.987459,1.312817,,,,,,
693291,,,,,,,,,-0.000000,0.000000,,,0.333444,0.839801,0.069380,0.047580,,,,,,,,,,,,
693295,,,,,,,,,,,,,,,,,,,,-0.051690,-0.987393,1.312817,,,,,,
693301,,,,,,,,,-0.000000,0.000000,,,0.280560,0.706609,0.069921,0.048866,,,,,,,,,,,,
693310,,,,,,,,,-0.000000,0.000000,,,0.236063,0.594540,0.070387,0.049963,,,,-0.051666,-0.987360,1.316283,,,,,,
693320,-0.051670,-0.987359,1.316126,-0.000001,-1.001158,1.570011,0.008103,-0.000208,-0.000000,0.000000,0.338510,0.452256,0.198623,0.500246,0.070767,0.050666,-0.000337,-0.053479,0.253886,,,,,,,,,
693324,,,,,,,,,,,,,,,,,,,,-0.051672,-0.987353,1.316313,,,,,,
693331,,,,,,,,,-0.000000,0.000000,,,0.167121,0.420907,0.071116,0.051465,,,,,,,,,,,,
693339,,,,,,,,,-0.000000,0.000000,,,0.140616,0.354151,0.071421,0.052153,,,,-0.051663,-0.987317,1.316313,,,,,,
693347,,,,,,,,,,,,,,,,,,,,-0.051663,-0.987301,1.316313,,,,,,
693351,,,,,,,,,-0.000000,0.000000,,,0.118314,0.297983,0.071688,0.052745,,,,,,,,,,,,
693355,,,,,,,,,,,,,,,,,,,,-0.051657,-0.987308,1.316313,,,,,,
693361,,,,,,,,,-0.000000,0.000000,,,0.099550,0.250723,0.071923,0.053258,,,,,,,,,,,,
693370,-0.051658,-0.987312,1.316298,-0.000001,-1.000851,1.570007,0.006768,-0.000132,-0.000000,0.000000,0.334511,0.429680,0.083761,0.210958,0.072091,0.053474,-0.000097,-0.053402,0.253709,,,,,,,,,
693377,,,,,,,,,,,,,,,,,,,,-0.051656,-0.987343,1.316313,,,,,,
693381,,,,,,,,,-0.000000,0.000000,,,0.070477,0.177500,0.072277,0.053859,,,,,,,,,,,,
693391,,,,,,,,,-0.000000,0.000000,,,0.059299,0.149348,0.072444,0.054196,,,,-0.051650,-0.987337,1.316313,,,,,,
693399,,,,,,,,,-0.000000,0.000000,,,0.049894,0.125662,0.072595,0.054494,,,,-0.051636,-0.987325,1.316283,,,,,,
693406,,,,,,,,,,,,,,,,,,,,-0.051671,-0.987303,1.316260,,,,,,
693411,,,,,,,,,-0.000000,0.000000,,,0.041981,0.105732,0.072732,0.054758,,,,,,,,,,,,
693419,-0.051670,-0.987304,1.316263,-0.000000,-1.000602,1.570004,0.005540,-0.000079,,,0.335584,0.413657,0.035323,0.088963,0.072870,0.054830,0.000140,-0.053354,0.253741,-0.051665,-0.987307,1.316283,,,,,,
693422,,,,,,,,,-0.000000,0.000000,,,,,,,,,,,,,,,,,,
693428,,,,,,,,,,,,,,,,,,,,-0.051650,-0.987323,1.316313,,,,,,
693431,,,,,,,,,-0.000000,0.000000,,,0.029721,0.074853,0.072987,0.055039,,,,,,,,,,,,
693436,,,,,,,,,,,,,,,,,,,,-0.051647,-0.987329,1.316313,,,,,,
693441,,,,,,,,,-0.000000,0.000000,,,0.025007,0.062981,0.073096,0.055228,,,,,,,,,,,,
693450,,,,,,,,,-0.000000,0.000000,,,0.021041,0.052993,0.073199,0.055400,,,,-0.051643,-0.987324,1.316283,,,,,,
693458,,,,,,,,,,,,,,,,,,,,-0.051646,-0.987321,1.316313,,,,,,
693461,,,,,,,,,-0.000000,0.000000,,,0.017704,0.044588,0.073296,0.055558,,,,,,,,,,,,
693470,-0.051648,-0.987319,1.316309,-0.000000,-1.000407,1.570002,0.004424,-0.000045,-0.000000,0.000000,0.330960,0.393398,0.014896,0.037516,0.073341,0.055497,0.000336,-0.053280,0.253693,-0.051622,-0.987311,1.316283,,,,,,
693480,,,,,,,,,-0.000000,0.000000,,,0.012533,0.031566,0.073428,0.055629,,,,-0.051651,-0.987308,1.316283,,,,,,
693487,,,,,,,,,,,,,,,,,,,,-0.051661,-0.987309,1.316313,,,,,,
693491,,,,,,,,,-0.000000,0.000000,,,0.010546,0.026560,0.073512,0.055753,,,,,,,,,,,,
693495,,,,,,,,,,,,,,,,,,,,-0.051661,-0.987310,1.316313,,,,,,
693501,,,,,,,,,-0.000000,0.000000,,,0.008873,0.022347,0.073593,0.055869,,,,,,,,,,,,
693509,,,,,,,,,-0.000000,0.000000,,,0.007466,0.018803,0.073672,0.055979,,,,-0.051645,-0.987317,1.316313,,,,,,
693517,-0.051652,-0.987312,1.316313,,,,,,,,,,,,,,,,,-0.051652,-0.987311,1.316313,,,,,,
693520,,,,-0.000000,-1.000258,1.570001,0.003422,-0.000023,-0.000000,0.000000,0.316112,0.364473,0.006282,0.015821,0.073597,0.055790,0.000474,-0.053248,0.253688,,,,,,,,,
693528,,,,,,,,,,,,,,,,,,,,-0.051648,-0.987307,1.316283,,,,,,
693531,,,,,,,,,-0.000000,0.000000,,,0.005285,0.013312,0.073669,0.055885,,,,,,,,,,,,
693539,,,,,,,,,-0.000000,0.000000,,,0.004447,0.011200,0.073740,0.055977,,,,-0.051635,-0.987304,1.316283,,,,,,
693546,,,,,,,,,,,,,,,,,,,,-0.051633,-0.987301,1.316283,,,,,,
693551,,,,,,,,,-0.000000,0.000000,,,0.003742,0.009424,0.073810,0.056066,,,,,,,,,,,,
693560,,,,,,,,,-0.000000,0.000000,,,0.003148,0.007929,0.073878,0.056152,,,,-0.051646,-0.987313,1.316313,,,,,,
693570,-0.051646,-0.987313,1.316313,-0.000000,-1.000150,1.570001,0.002540,-0.000011,-0.000000,0.000000,0.298375,0.334306,0.002649,0.006672,0.073765,0.055928,0.000578,-0.053214,0.253688,-0.051657,-0.987303,1.316313,,,,,,
693576,,,,,,,,,,,,,,,,,,,,-0.051646,-0.987306,1.316313,,,,,,
693581,,,,,,,,,-0.000000,0.000000,,,0.002229,0.005614,0.073828,0.056005,,,,,,,,,,,,
693590,,,,,,,,,-0.000000,0.000000,,,0.001875,0.004723,0.073891,0.056079,,,,-0.051625,-0.987307,1.316283,,,,,,
693598,,,,,,,,,,,,,,,,,,,,-0.051628,-0.987303,1.316283,,,,,,
693601,,,,,,,,,-0.000000,0.000000,,,0.001578,0.003974,0.073954,0.056153,,,,,,,,,,,,
693606,,,,,,,,,,,,,,,,,,,,-0.051620,-0.987301,1.316283,,,,,,
693611,,,,,,,,,-0.000000,0.000000,,,0.001328,0.003344,0.074016,0.056225,,,,,,,,,,,,
693620,-0.051623,-0.987302,1.316286,-0.000000,-1.000078,1.570001,0.001782,-0.000005,-0.000000,0.000000,0.273124,0.298352,0.001117,0.002814,0.073820,0.055930,0.000633,-0.053176,0.253715,-0.051619,-0.987302,1.316283,,,,,,
693628,,,,,,,,,,,,,,,,,,,,-0.051629,-0.987299,1.316283,,,,,,
693631,,,,,,,,,-0.000000,0.000000,,,0.000940,0.002367,0.073876,0.055994,,,,,,,,,,,,
693641,,,,,,,,,-0.000000,0.000000,,,0.000791,0.001992,0.073932,0.056057,,,,-0.051638,-0.987304,1.316283,,,,,,
693649,,,,,,,,,-0.000000,0.000000,,,0.000665,0.001676,0.073987,0.056119,,,,-0.051644,-0.987302,1.316313,,,,,,
693657,,,,,,,,,,,,,,,,,,,,-0.051656,-0.987293,1.316313,,,,,,
693661,,,,,,,,,-0.000000,0.000000,,,0.000560,0.001410,0.074043,0.056182,,,,,,,,,,,,
693670,-0.051653,-0.987294,1.316311,-0.000000,-1.000033,1.570001,0.001152,-0.000002,-0.000000,0.000000,0.251262,0.267575,0.000471,0.001187,0.073875,0.055929,0.000675,-0.053196,0.253690,-0.051655,-0.987289,1.316313,,,,,,
693679,,,,,,,,,-0.000000,0.000000,,,0.000396,0.000998,0.073926,0.055984,,,,-0.051656,-0.987285,1.316313,,,,,,
693688,,,,,,,,,,,,,,,,,,,,-0.051669,-0.987278,1.316260,,,,,,
693691,,,,,,,,,-0.000000,0.000000,,,0.000334,0.000840,0.073977,0.056039,,,,,,,,,,,,
693701,,,,,,,,,-0.000000,0.000000,,,0.000281,0.000707,0.074028,0.056094,,,,-0.051660,-0.987280,1.316283,,,,,,
693708,,,,,,,,,,,,,,,,,,,,-0.051651,-0.987288,1.316313,,,,,,
693711,,,,,,,,,-0.000000,0.000000,,,0.000236,0.000595,0.074079,0.056149,,,,,,,,,,,,
693716,,,,,,,,,,,,,,,,,,,,-0.051618,-0.987298,1.316283,,,,,,
693719,-0.051621,-0.987297,1.316286,-0.000000,-1.000010,1.570001,0.000655,-0.000000,-0.000000,0.000000,0.230081,0.239364,0.000199,0.000500,0.073913,0.055915,0.000694,-0.053159,0.253716,,,,,,,,,
693730,,,,,,,,,-0.000000,0.000000,,,0.000167,0.000421,0.073959,0.055964,,,,-0.051614,-0.987307,1.316287,,,,,,
693738,,,,,,,,,,,,,,,,,,,,-0.051645,-0.987295,1.316283,,,,,,
693741,,,,,,,,,-0.000000,0.000000,,,0.000141,0.000354,0.074006,0.056012,,,,,,,,,,,,
693746,,,,,,,,,,,,,,,,,,,,-0.051629,-0.987286,1.316283,,,,,,
693751,,,,,,,,,-0.000000,0.000000,,,0.000118,0.000298,0.074052,0.056061,,,,,,,,,,,,
693760,,,,,,,,,-0.000000,0.000000,,,0.000100,0.000251,0.074098,0.056109,,,,-0.051623,-0.987293,1.316283,,,,,,
693768,-0.051648,-0.987297,1.316311,-0.000000,-1.000001,1.570001,0.000294,-0.000000,,,0.214656,0.218822,,,,,0.000707,-0.053183,0.253690,-0.051651,-0.987297,1.316313,,,,,,
693771,,,,,,,,,-0.000000,0.000000,,,0.000084,0.000211,0.073987,0.055948,,,,,,,,,,,,
693775,,,,,,,,,,,,,,,,,,,,-0.051642,-0.987282,1.316283,,,,,,
693781,,,,,,,,,-0.000000,0.000000,,,0.000070,0.000178,0.074030,0.055992,,,,,,,,,,,,
693798,,,,,,,,,-0.000000,0.000000,,,0.000059,0.000149,0.074073,0.056036,,,,-0.051655,-0.987286,1.316313,,,,,,
693801,,,,,,,,,-0.000000,0.000000,,,0.000050,0.000126,0.074116,0.056080,,,,,,,,,,,,
693811,,,,,,,,,-0.000000,0.000000,,,0.000042,0.000106,0.074159,0.056124,,,,,,,,,,,,
693820,-0.051655,-0.987287,1.316313,0.000000,-1.000000,1.570001,0.000074,-0.000000,-0.000000,0.000000,0.200987,0.202036,0.000035,0.000089,0.074063,0.055996,0.000701,-0.053191,0.253688,-0.051682,-0.987267,1.316260,,,,,,
693827,,,,,,,,,,,,,,,,,,,,-0.051654,-0.987269,1.316283,,,,,,
693831,,,,,,,,,-0.000000,0.000000,,,0.000030,0.000075,0.074103,0.056037,,,,,,,,,,,,
693841,,,,,,,,,-0.000000,0.000000,,,0.000025,0.000063,0.074143,0.056077,,,,-0.051652,-0.987284,1.316313,,,,,,
693849,,,,,,,,,-0.000000,0.000000,,,0.000021,0.000053,0.074183,0.056118,,,,-0.051654,-0.987287,1.316313,,,,,,
693857,,,,,,,,,,,,,,,,,,,,-0.051636,-0.987284,1.316283,,,,,,
693861,,,,,,,,,-0.000000,0.000000,,,0.000018,0.000045,0.074223,0.056158,,,,,,,,,,,,
693870,-0.051637,-0.987285,1.316286,0.000000,-1.000000,1.570001,0.000074,-0.000000,-0.000000,0.000000,0.199453,0.200501,0.000015,0.000038,0.074248,0.056183,0.000695,-0.053175,0.253715,-0.051637,-0.987288,1.316283,,,,,,
693879,,,,,,,,,-0.000000,0.000000,,,0.000013,0.000032,0.074288,0.056223,,,,-0.051634,-0.987287,1.316283,,,,,,
