ts,x,y,yaw,x_des,y_des,yaw_des,v_ff,w_ff,v_actual,w_actual,omega_l_cmd,omega_r_cmd,omega_l_meas,omega_r_meas,duty_l,duty_r,x_err,y_err,yaw_err,x_raw,y_raw,yaw_raw,acc_x,acc_y,acc_z,gyro_x,gyro_y,gyro_z
808351,,,,,,,,,-0.000000,0.000000,,,0.000000,0.000000,0.000000,0.000000,,,,,,,,,,,,
808354,-0.044649,-0.990389,1.340892,-0.000376,-0.988346,1.630194,0.178143,1.284314,,,9.204255,18.932459,,,,,0.012079,-0.042643,0.289302,,,,,,,,,
808362,,,,,,,,,-0.000000,0.000000,,,0.000000,0.000000,0.093883,0.193111,,,,-0.044650,-0.990385,1.340892,,,,,,
808370,,,,,,,,,0.027467,0.652434,,,0.000000,0.544543,0.095724,0.191343,,,,-0.044643,-0.990386,1.340892,,,,,,
808378,,,,,,,,,,,,,,,,,,,,-0.044644,-0.990390,1.340892,,,,,,
808382,,,,,,,,,0.027467,0.652434,,,0.000000,1.002722,0.097565,0.190347,,,,,,,,,,,,
808385,,,,,,,,,,,,,,,,,,,,-0.044631,-0.990374,1.347997,,,,,,
808392,,,,,,,,,0.054935,1.304868,,,0.000000,1.932776,0.099406,0.184447,,,,-0.044644,-0.990390,1.340892,,,,,,
808397,-0.044599,-0.990166,1.346329,-0.001836,-0.971674,1.682211,0.286078,1.123658,,,18.863987,30.392374,,,,,0.027546,-0.037574,0.335882,,,,,,,,,
808401,,,,,,,,,0.082402,1.957303,,,0.000000,3.259868,0.199776,0.291202,,,,-0.044522,-0.990100,1.355092,,,,,,
808408,,,,,,,,,,,,,,,,,,,,-0.044380,-0.989448,1.369380,,,,,,
808414,,,,,,,,,0.082402,0.652434,,,0.544543,5.465569,0.197995,0.274130,,,,-0.044163,-0.988726,1.383674,,,,,,
808422,,,,,,,,,0.247207,3.262171,,,1.547265,6.776901,0.191431,0.265740,,,,,,,,,,,,
808432,,,,,,,,,0.219740,3.914605,,,1.846412,9.513886,0.191843,0.242545,,,,,,,,,,,,
808442,,,,,,,,,0.274675,2.609737,,,3.187200,11.816785,0.181570,0.223232,,,,,,,,,,,,
808446,-0.043258,-0.984211,1.434891,-0.004685,-0.950614,1.725241,0.381561,0.954157,,,27.924303,39.438217,,,,,0.038513,-0.033665,0.290349,-0.043339,-0.984907,1.431051,,,,,,
808452,,,,,,,,,0.247207,3.262171,,,3.770796,13.209901,0.271168,0.305005,,,,,,,,,,,,
808460,,,,,,,,,0.329610,1.304868,,,5.895464,15.471154,0.254327,0.287185,,,,-0.042883,-0.982997,1.445653,,,,,,
808468,,,,,,,,,,,,,,,,,,,,-0.042470,-0.980696,1.467960,,,,,,
808474,,,,,,,,,0.302142,1.957302,,,7.138616,16.829229,0.246053,0.278126,,,,-0.042055,-0.978243,1.486738,,,,,,
808482,,,,,,,,,0.604285,2.609737,,,10.907319,20.694630,0.211769,0.243221,,,,,,,,,,,,
808489,,,,,,,,,,,,,,,,,,,,-0.041660,-0.975322,1.509416,,,,,,
808492,,,,,,,,,0.384545,1.304868,,,12.444676,22.313347,0.199491,0.230459,,,,,,,,,,,,
808497,-0.041629,-0.974463,1.508636,-0.009029,-0.925637,1.758086,0.467199,0.762906,,,37.139893,48.003029,,,,,0.050757,-0.029504,0.249450,-0.041232,-0.972119,1.524664,,,,,,
808502,,,,,,,,,0.412012,1.957303,,,13.738209,23.675337,0.283392,0.307353,,,,,,,,,,,,
808514,,,,,,,,,0.357077,1.957303,,,16.460217,26.999487,0.260308,0.278312,,,,-0.040897,-0.968249,1.543718,,,,,,
808518,,,,,,,,,,,,,,,,,,,,-0.040487,-0.964278,1.563171,,,,,,
808522,,,,,,,,,0.631752,1.957303,,,17.116882,27.073709,0.257746,0.281756,,,,,,,,,,,,
808526,,,,,,,,,,,,,,,,,,,,-0.040280,-0.960216,1.582446,,,,,,
808532,,,,,,,,,0.549350,1.304868,,,18.758488,28.769791,0.245006,0.268641,,,,,,,,,,,,
808540,,,,,,,,,0.549350,2.609737,,,20.684278,30.741417,0.229040,0.252377,,,,-0.040044,-0.955591,1.597981,,,,,,
808547,-0.040176,-0.954870,1.601431,-0.014805,-0.897035,1.779629,0.545988,0.547042,,,45.362358,53.885086,,,,,0.057031,-0.027131,0.178198,-0.039920,-0.950768,1.613382,,,,,,
808552,,,,,,,,,0.576817,1.957303,,,22.304638,31.855799,0.299672,0.304460,,,,,,,,,,,,
808556,,,,,,,,,,,,,,,,,,,,-0.039814,-0.945633,1.632478,,,,,,
808562,,,,,,,,,0.576817,0.652434,,,24.212551,33.337982,0.284823,0.293748,,,,,,,,,,,,
808574,,,,,,,,,0.659220,6.524342,,,24.184240,36.763264,0.289342,0.262919,,,,-0.039863,-0.939941,1.647621,,,,,,
808578,,,,,,,,,,,,,,,,,,,,-0.040028,-0.934173,1.662654,,,,,,
808582,,,,,,,,,0.686687,-3.262170,,,27.972221,36.378036,0.254940,0.270273,,,,,,,,,,,,
808586,,,,,,,,,,,,,,,,,,,,-0.040333,-0.928135,1.673859,,,,,,
808592,,,,,,,,,0.631752,1.957303,,,29.525799,37.687538,0.242572,0.260417,,,,,,,,,,,,
808597,-0.040525,-0.927735,1.675989,-0.021809,-0.864917,1.789212,0.620786,0.312391,,,52.778538,58.357533,,,,,0.060506,-0.025208,0.113223,,,,,,,,,
808600,,,,,,,,,0.686687,0.652435,,,31.377522,39.333893,0.302496,0.292483,,,,-0.040796,-0.921770,1.688718,,,,,,
808607,,,,,,,,,,,,,,,,,,,,-0.041449,-0.915198,1.699806,,,,,,
808612,,,,,,,,,0.741622,-0.652433,,,33.480106,40.174595,0.285330,0.287713,,,,,,,,,,,,
808615,,,,,,,,,,,,,,,,,,,,-0.042229,-0.908521,1.707167,,,,,,
808622,,,,,,,,,0.741622,1.957302,,,35.249218,41.971046,0.271145,0.273025,,,,,,,,,,,,
808634,,,,,,,,,0.549350,0.000000,,,39.460464,45.660755,0.231696,0.238668,,,,,,,,,,,,
808642,,,,,,,,,1.043764,1.304868,,,38.647461,43.864384,0.242652,0.259530,,,,,,,,,,,,
808647,-0.042676,-0.905793,1.710023,-0.029719,-0.829246,1.786863,0.694035,0.071010,,,62.452023,65.676201,,,,,0.074009,-0.023454,0.076840,,,,,,,,,
808651,,,,,,,,,0.769089,1.304867,,,39.597031,45.075634,0.334462,0.324724,,,,-0.044835,-0.887133,1.736337,,,,,,
808659,,,,,,,,,,,,,,,,,,,,-0.045936,-0.879320,1.739986,,,,,,
808662,,,,,,,,,0.824024,0.000000,,,41.485085,46.094780,0.319775,0.318449,,,,,,,,,,,,
808667,,,,,,,,,,,,,,,,,,,,-0.047017,-0.871723,1.747213,,,,,,
808672,,,,,,,,,0.824024,0.000000,,,43.073692,47.496834,0.307765,0.308064,,,,,,,,,,,,
808682,,,,,,,,,0.933894,0.000000,,,45.499435,49.221066,0.286898,0.294113,,,,,,,,,,,,
808696,-0.049326,-0.857685,1.753909,-0.038114,-0.789875,1.773337,0.767646,-0.162389,0.604285,0.000000,,,48.629539,52.305462,0.258361,0.265943,,,,-0.049541,-0.856017,1.757929,,,,,,
808699,,,,,,,,,,,66.386909,65.907631,,,,,0.064634,-0.023372,0.019429,-0.050935,-0.847463,1.765091,,,,,,
808702,,,,,,,,,0.988829,1.304868,,,45.817776,48.910698,0.329942,0.305605,,,,,,,,,,,,
808710,,,,,,,,,0.933894,0.000000,,,47.263763,50.410690,0.319307,0.293704,,,,-0.052432,-0.838789,1.765173,,,,,,
808718,,,,,,,,,,,,,,,,,,,,-0.054253,-0.829717,1.768780,,,,,,
808722,,,,,,,,,0.906427,0.652435,,,49.024960,51.672783,0.305167,0.283930,,,,,,,,,,,,
808726,,,,,,,,,,,,,,,,,,,,-0.055993,-0.820829,1.765203,,,,,,
808734,,,,,,,,,0.714154,-1.304868,,,48.873199,50.556534,0.310187,0.298163,,,,,,,,,,,,
808740,,,,,,,,,1.236036,0.652434,,,53.101852,54.518211,0.270558,0.260824,,,,-0.057823,-0.811590,1.768773,,,,,,
808747,-0.058130,-0.810373,1.770260,-0.046502,-0.746596,1.749995,0.842989,-0.374039,,,71.452995,67.766151,,,,,0.060208,-0.024034,-0.020265,-0.059509,-0.802594,1.768755,,,,,,
808752,,,,,,,,,0.988829,-1.304868,,,54.481670,55.673393,0.310815,0.270276,,,,,,,,,,,,
808755,,,,,,,,,,,,,,,,,,,,-0.061472,-0.792851,1.765213,,,,,,
808762,,,,,,,,,0.988829,0.000000,,,55.642647,56.100822,0.302367,0.268335,,,,,,,,,,,,
808769,,,,,,,,,,,,,,,,,,,,-0.063372,-0.782951,1.765207,,,,,,
808772,,,,,,,,,0.988829,-1.304868,,,57.164036,57.005001,0.290011,0.261445,,,,,,,,,,,,
808777,,,,,,,,,,,,,,,,,,,,-0.065274,-0.773281,1.758007,,,,,,
808782,,,,,,,,,1.016297,-0.652434,,,58.444134,57.221233,0.279812,0.261392,,,,,,,,,,,,
808794,,,,,,,,,0.686687,-0.652435,,,56.798492,55.224998,0.299199,0.283862,,,,-0.067201,-0.763391,1.750811,,,,,,
808797,-0.066968,-0.764501,1.749706,-0.054341,-0.699187,1.718589,0.920912,-0.553737,,,77.684883,72.262245,,,,,0.062025,-0.024048,-0.031117,-0.069020,-0.753745,1.743581,,,,,,
808802,,,,,,,,,1.236036,0.652434,,,59.770195,58.990799,0.335384,0.293820,,,,,,,,,,,,
808807,,,,,,,,,,,,,,,,,,,,-0.070732,-0.743864,1.736362,,,,,,
808812,,,,,,,,,1.098699,-1.304869,,,61.181499,59.436626,0.324571,0.291926,,,,,,,,,,,,
808821,,,,,,,,,1.016297,-1.957302,,,62.368969,59.811749,0.315760,0.290665,,,,-0.072404,-0.733647,1.725452,,,,,,
808829,,,,,,,,,,,,,,,,,,,,-0.074091,-0.723154,1.710811,,,,,,
808832,,,,,,,,,1.043764,0.000000,,,63.368107,60.671917,0.308632,0.284382,,,,,,,,,,,,
808839,,,,,,,,,,,,,,,,,,,,-0.074091,-0.723154,1.710811,,,,,,
808842,,,,,,,,,1.071232,-1.957303,,,64.753326,60.851120,0.297366,0.284872,,,,,,,,,,,,
808847,-0.074096,-0.722169,1.705867,-0.061061,-0.647458,1.681023,1.001749,-0.696081,,,85.898186,79.936783,,,,,0.072276,-0.022977,-0.024844,-0.075678,-0.712834,1.703468,,,,,,
808855,,,,,,,,,0.878959,-1.304869,,,68.641563,64.813705,0.344068,0.325016,,,,-0.077171,-0.702557,1.692413,,,,,,
808862,,,,,,,,,1.318439,0.000000,,,65.378609,61.613304,0.380801,0.360685,,,,-0.078656,-0.691966,1.677573,,,,,,
808869,,,,,,,,,,,,,,,,,,,,-0.079930,-0.681204,1.666365,,,,,,
808872,,,,,,,,,1.126167,-0.652435,,,66.989502,62.732288,0.368474,0.352936,,,,,,,,,,,,
808877,,,,,,,,,,,,,,,,,,,,-0.081173,-0.670331,1.655138,,,,,,
808882,,,,,,,,,1.153634,-1.304868,,,68.344910,64.218346,0.358431,0.341219,,,,,,,,,,,,
808894,,,,,,,,,0.878959,-1.304869,,,66.762634,62.201454,0.378081,0.364935,,,,-0.082070,-0.659620,1.640075,,,,,,
808897,-0.081778,-0.661201,1.640126,-0.066091,-0.591288,1.639138,1.085320,-0.800367,,,89.633507,84.651627,,,,,0.068658,-0.020493,-0.000988,-0.083009,-0.648744,1.621051,,,,,,
808902,,,,,,,,,1.373374,-1.304869,,,69.787651,64.860786,0.389153,0.389448,,,,,,,,,,,,
808906,,,,,,,,,,,,,,,,,,,,-0.083676,-0.636819,1.609555,,,,,,
808912,,,,,,,,,1.181102,-1.957302,,,71.243813,66.009262,0.378269,0.381692,,,,,,,,,,,,
808920,,,,,,,,,1.263504,-1.304869,,,73.013573,67.520134,0.363896,0.370010,,,,-0.084148,-0.624977,1.590269,,,,,,
808928,,,,,,,,,,,,,,,,,,,,-0.084415,-0.613192,1.574703,,,,,,
808932,,,,,,,,,1.263504,0.000000,,,74.502647,69.335922,0.352031,0.354915,,,,,,,,,,,,
808936,,,,,,,,,,,,,,,,,,,,-0.084892,-0.601572,1.563292,,,,,,
808942,,,,,,,,,1.318439,0.000000,,,75.755554,70.863731,0.342278,0.342394,,,,,,,,,,,,
808947,-0.084981,-0.601055,1.569737,-0.068880,-0.530647,1.594562,1.170943,-0.869581,,,94.634995,91.301804,,,,,0.070425,-0.016026,0.024825,,,,,,,,,
808954,,,,,,,,,0.933894,-1.304869,,,73.542488,68.881966,0.418642,0.433198,,,,-0.085002,-0.589305,1.559941,,,,,,
808958,,,,,,,,,,,,,,,,,,,,-0.085183,-0.577002,1.544217,,,,,,
808962,,,,,,,,,1.428309,0.000000,,,76.036766,71.570854,0.397418,0.410255,,,,,,,,,,,,
808965,,,,,,,,,,,,,,,,,,,,-0.085113,-0.564138,1.532568,,,,,,
808972,,,,,,,,,1.345907,-0.652434,,,77.590904,73.288742,0.385286,0.396679,,,,,,,,,,,,
808982,,,,,,,,,1.318439,-1.304869,,,78.898560,74.734177,0.375357,0.385538,,,,,,,,,,,,
808992,,,,,,,,,1.373374,0.000000,,,79.998817,76.494904,0.367281,0.370892,,,,,,,,,,,,
808995,-0.083844,-0.525288,1.514367,-0.068920,-0.465625,1.548635,1.257475,-0.908977,,,,,,,,,,,,-0.083776,-0.524637,1.509299,,,,,,
808998,,,,,,,,,,,96.796577,94.275719,,,,,0.060409,-0.011535,0.034267,,,,,,,,,
809002,,,,,,,,,1.373374,-1.304869,,,81.469116,77.431839,0.377260,0.394631,,,,,,,,,,,,
809014,,,,,,,,,1.318439,6.524342,,,78.894424,79.853806,0.406587,0.373295,,,,-0.083161,-0.511413,1.501899,,,,,,
809017,,,,,,,,,,,,,,,,,,,,-0.082325,-0.497870,1.498281,,,,,,
809022,,,,,,,,,1.236037,-4.567040,,,79.995338,78.079842,0.398938,0.394274,,,,,,,,,,,,
809032,,,,,,,,,1.345907,-0.652434,,,81.466194,79.309952,0.387296,0.384966,,,,,,,,,,,,
809039,,,,,,,,,,,,,,,,,,,,-0.080345,-0.470533,1.487260,,,,,,
809042,,,,,,,,,1.455776,-0.652433,,,83.248314,80.889511,0.372184,0.371848,,,,,,,,,,,,
809048,-0.080197,-0.469035,1.486799,-0.065768,-0.396432,1.502387,1.343390,-0.924698,,,106.587479,102.692139,,,,,0.073558,-0.008287,0.015588,-0.079306,-0.456733,1.479864,,,,,,
809054,,,,,,,,,1.098699,0.000000,,,80.935982,78.951286,0.498347,0.480142,,,,,,,,,,,,
809060,,,,,,,,,1.565646,-0.652435,,,83.346733,81.676811,0.478887,0.457090,,,,-0.078069,-0.442548,1.476006,,,,,,
809068,,,,,,,,,,,,,,,,,,,,-0.076453,-0.428045,1.464524,,,,,,
809072,,,,,,,,,1.593114,0.000000,,,85.919685,83.970070,0.457291,0.437902,,,,,,,,,,,,
809076,,,,,,,,,,,,,,,,,,,,-0.074924,-0.413766,1.460727,,,,,,
809082,,,,,,,,,1.510711,-0.652434,,,88.084564,85.899612,0.439343,0.421965,,,,,,,,,,,,
809090,,,,,,,,,1.565646,-0.652435,,,89.906097,87.523132,0.424464,0.408764,,,,-0.073421,-0.399250,1.453386,,,,,,
809097,-0.073331,-0.398570,1.453454,-0.059060,-0.323400,1.456573,1.426896,-0.922710,,,113.054893,108.238129,,,,,0.076323,-0.005373,0.003119,-0.071610,-0.384207,1.445909,,,,,,
809102,,,,,,,,,1.620581,-1.957303,,,91.983276,88.889160,0.472581,0.454433,,,,,,,,,,,,
809106,,,,,,,,,,,,,,,,,,,,-0.069696,-0.369022,1.438345,,,,,,
809114,,,,,,,,,1.098699,0.000000,,,93.186470,90.038536,0.464523,0.446579,,,,,,,,,,,,
809120,,,,,,,,,1.675516,-1.957302,,,90.931580,87.193817,0.491496,0.479235,,,,-0.067763,-0.353409,1.427534,,,,,,
809128,,,,,,,,,,,,,,,,,,,,-0.065569,-0.338022,1.416496,,,,,,
809132,,,,,,,,,1.675516,0.652435,,,93.390656,89.701164,0.470838,0.457869,,,,,,,,,,,,
809136,,,,,,,,,,,,,,,,,,,,-0.063021,-0.322688,1.409432,,,,,,
809142,,,,,,,,,1.675516,-1.957302,,,96.004265,91.810844,0.448112,0.440058,,,,,,,,,,,,
809147,-0.062752,-0.322117,1.404924,-0.048529,-0.246972,1.411713,1.506065,-0.908155,,,117.737259,113.526680,,,,,0.076463,-0.001620,0.006789,,,,,,,,,
809150,,,,,,,,,1.730451,0.652434,,,97.658813,94.130470,0.482406,0.473626,,,,-0.060644,-0.306901,1.398470,,,,,,
809157,,,,,,,,,,,,,,,,,,,,-0.058143,-0.291162,1.387653,,,,,,
809162,,,,,,,,,1.675516,-1.957302,,,99.595497,95.537659,0.466668,0.463152,,,,,,,,,,,,
809165,,,,,,,,,,,,,,,,,,,,-0.055140,-0.274620,1.380375,,,,,,
809173,,,,,,,,,1.455776,4.567039,,,96.324127,96.721672,0.503664,0.454673,,,,,,,,,,,,
809182,,,,,,,,,1.675516,-4.567040,,,99.561577,95.539726,0.474925,0.470090,,,,,,,,,,,,
809192,,,,,,,,,1.757919,-2.609739,,,102.285568,97.267952,0.450775,0.456060,,,,,,,,,,,,
809197,-0.054150,-0.271411,1.371500,-0.034010,-0.167691,1.368159,1.578967,-0.885073,,,130.875916,125.924614,,,,,0.105655,0.000793,-0.003341,,,,,,,,,
809202,,,,,,,,,1.840321,-1.957302,,,105.122078,100.900253,0.558947,0.548721,,,,-0.045494,-0.224981,1.344699,,,,,,
809209,,,,,,,,,,,,,,,,,,,,-0.042406,-0.208438,1.334361,,,,,,
809212,,,,,,,,,1.730451,0.652434,,,105.330544,100.689217,0.561972,0.555878,,,,,,,,,,,,
809217,,,,,,,,,,,,,,,,,,,,-0.038277,-0.190808,1.320082,,,,,,
809222,,,,,,,,,1.895256,-0.652433,,,107.684120,103.234360,0.543074,0.534965,,,,,,,,,,,,
809226,,,,,,,,,,,,,,,,,,,,-0.034165,-0.174261,1.306134,,,,,,
809233,,,,,,,,,1.400841,-0.652435,,,104.763527,100.474960,0.577503,0.567649,,,,,,,,,,,,
809240,,,,,,,,,2.087528,0.000000,,,108.296120,104.687714,0.546693,0.529769,,,,-0.029843,-0.157492,1.295923,,,,,,
809247,-0.030098,-0.158476,1.302261,-0.015447,-0.086170,1.326139,1.643806,-0.856364,,,124.291977,122.526253,,,,,0.073602,0.005058,0.023877,-0.024984,-0.139403,1.285261,,,,,,
809252,,,,,,,,,2.060061,-1.957303,,,112.357529,107.687782,0.442626,0.468752,,,,,,,,,,,,
809256,,,,,,,,,,,,,,,,,,,,-0.020341,-0.121450,1.271309,,,,,,
809262,,,,,,,,,1.867789,-1.304868,,,113.596619,109.122955,0.432374,0.457081,,,,,,,,,,,,
809270,,,,,,,,,1.840321,0.652435,,,114.094650,110.330513,0.429433,0.447444,,,,-0.015167,-0.102806,1.260974,,,,,,
809278,,,,,,,,,,,,,,,,,,,,-0.009703,-0.084506,1.247303,,,,,,
809282,,,,,,,,,2.005126,-0.652434,,,115.058235,111.346550,0.421644,0.439520,,,,,,,,,,,,
809286,,,,,,,,,,,,,,,,,,,,-0.004168,-0.066481,1.237103,,,,,,
809293,,,,,,,,,1.455776,-5.871908,,,114.779907,106.756012,0.426330,0.488579,,,,,,,,,,,,
809297,-0.003982,-0.068567,1.217990,0.007108,-0.003076,1.285812,1.699018,-0.823915,,,122.511559,126.102676,,,,,0.065289,0.012222,0.067822,,,,,,,,,
809300,,,,,,,,,1.785386,4.567039,,,112.367554,108.883507,0.434678,0.506513,,,,0.002050,-0.048257,1.226789,,,,,,
809307,,,,,,,,,,,,,,,,,,,,0.008175,-0.029960,1.216630,,,,,,
809312,,,,,,,,,1.950191,-0.652435,,,113.605057,110.673576,0.424084,0.491698,,,,,,,,,,,,
809315,,,,,,,,,,,,,,,,,,,,0.014710,-0.011753,1.209915,,,,,,
809322,,,,,,,,,1.840321,0.652435,,,114.101746,112.179741,0.420800,0.479421,,,,,,,,,,,,
809334,,,,,,,,,1.510711,0.652434,,,110.707863,109.635231,0.457099,0.508159,,,,,,,,,,,,
809342,,,,,,,,,1.730451,0.652434,,,110.030418,109.672455,0.466370,0.511073,,,,,,,,,,,,
809347,0.015560,-0.009674,1.213338,0.033496,0.080902,1.247301,1.743348,-0.788767,,,134.322250,134.729294,,,,,0.091127,0.014889,0.033963,,,,,,,,,
809351,,,,,,,,,2.005126,1.957303,,,111.638588,111.881943,0.572932,0.579814,,,,0.034228,0.040742,1.210064,,,,,,
809358,,,,,,,,,,,,,,,,,,,,0.041085,0.059233,1.220130,,,,,,
809362,,,,,,,,,1.977659,0.000000,,,113.536247,114.830093,0.558112,0.554312,,,,,,,,,,,,
809366,,,,,,,,,,,,,,,,,,,,0.048063,0.077613,1.226931,,,,,,
809372,,,,,,,,,2.114996,-0.652435,,,116.222023,117.310669,0.534875,0.532990,,,,,,,,,,,,
809382,,,,,,,,,2.087528,0.000000,,,118.481834,119.397820,0.515445,0.515185,,,,,,,,,,,,
809394,,,,,,,,,1.455776,0.652433,,,114.393265,115.163979,0.560316,0.561436,,,,,,,,,,,,
809397,0.047388,0.076042,1.228522,0.063460,0.165076,1.210724,1.775899,-0.751291,,,138.643143,133.520233,,,,,0.089264,0.014743,-0.017798,,,,,,,,,
809400,,,,,,,,,2.060061,-0.652434,,,116.398575,117.047058,0.587921,0.533810,,,,0.069297,0.133576,1.243883,,,,,,
809408,,,,,,,,,,,,,,,,,,,,0.076287,0.152463,1.247265,,,,,,
809412,,,,,,,,,2.087528,1.304869,,,118.630386,119.720566,0.569605,0.509834,,,,,,,,,,,,
809416,,,,,,,,,,,,,,,,,,,,0.083147,0.171483,1.250708,,,,,,
809422,,,,,,,,,2.142463,-1.304868,,,121.597321,121.425507,0.543345,0.495204,,,,,,,,,,,,
809432,,,,,,,,,2.197398,0.000000,,,124.093697,122.860046,0.521291,0.482991,,,,,,,,,,,,
809442,,,,,,,,,2.169931,-1.957300,,,126.194145,124.611610,0.502777,0.467257,,,,,,,,,,,,
809447,0.083539,0.171924,1.240650,0.096654,0.248785,1.176217,1.796155,-0.711340,,,138.841034,128.503738,,,,,0.076962,0.012510,-0.064433,,,,,,,,,
809454,,,,,,,,,1.428309,-1.304868,,,121.426949,119.006317,0.555910,0.475044,,,,0.103434,0.229868,1.247422,,,,,,
809459,,,,,,,,,,,,,,,,,,,,0.110216,0.249840,1.240868,,,,,,
809462,,,,,,,,,1.895256,-0.652433,,,121.227631,118.101822,0.561426,0.486169,,,,,,,,,,,,
809468,,,,,,,,,,,,,,,,,,,,0.117666,0.270436,1.230372,,,,,,
809472,,,,,,,,,2.114996,-3.262168,,,124.327179,119.518959,0.533333,0.473795,,,,,,,,,,,,
809476,,,,,,,,,,,,,,,,,,,,0.124628,0.290584,1.227006,,,,,,
809482,,,,,,,,,2.169931,-1.957300,,,126.935143,121.255875,0.509635,0.457875,,,,,,,,,,,,
809490,,,,,,,,,2.114996,-1.957302,,,128.584946,122.172775,0.495188,0.449973,,,,0.131632,0.310950,1.213429,,,,,,
809497,0.130831,0.307547,1.207543,0.132657,0.331417,1.143949,1.803975,-0.668383,,,124.163994,113.792725,,,,,0.022961,0.006775,-0.063594,0.139268,0.331152,1.193196,,,,,,
809502,,,,,,,,,2.060061,-0.652434,,,128.884003,122.944252,0.344483,0.293317,,,,,,,,,,,,
809506,,,,,,,,,,,,,,,,,,,,0.146562,0.350769,1.176549,,,,,,
809514,,,,,,,,,1.483244,-1.304866,,,128.046539,122.504288,0.352081,0.295975,,,,,,,,,,,,
809520,,,,,,,,,1.950191,-1.957302,,,122.985550,116.688675,0.402927,0.353552,,,,0.154248,0.370538,1.153335,,,,,,
809528,,,,,,,,,,,,,,,,,,,,0.161917,0.390206,1.130446,,,,,,
809532,,,,,,,,,1.922724,-1.304868,,,123.628120,116.151764,0.396608,0.358449,,,,,,,,,,,,
809535,,,,,,,,,,,,,,,,,,,,0.170148,0.409996,1.107561,,,,,,
809542,,,,,,,,,1.867789,-2.609737,,,123.624237,114.610916,0.396755,0.373694,,,,,,,,,,,,
809547,0.170085,0.408537,1.105041,0.170987,0.412426,1.114138,1.799565,-0.621597,,,114.651451,112.467552,,,,,0.003880,0.000941,0.009097,0.178628,0.429531,1.084760,,,,,,
809555,,,,,,,,,1.840321,-9.786509,,,126.343689,111.680817,0.272097,0.389901,,,,0.187223,0.448918,1.055681,,,,,,
809562,,,,,,,,,1.510711,4.567039,,,119.374603,109.759979,0.340843,0.409650,,,,,,,,,,,,
809572,,,,,,,,,1.895256,-1.957303,,,118.411697,109.777412,0.349720,0.410014,,,,0.196626,0.467852,1.030064,,,,,,
809582,,,,,,,,,1.812854,0.000000,,,118.690598,111.425713,0.346123,0.393739,,,,,,,,,,,,
809592,,,,,,,,,1.785386,0.652434,,,117.836182,111.723503,0.354030,0.390910,,,,,,,,,,,,
809597,0.197708,0.469595,1.039109,0.211115,0.491344,1.087055,1.783426,-0.569947,,,117.335716,119.704376,,,,,0.025543,-0.000530,0.047946,,,,,,,,,
809601,,,,,,,,,1.840321,-1.957302,,,117.117271,111.974068,0.388106,0.462319,,,,0.227128,0.522672,0.968189,,,,,,
809609,,,,,,,,,,,,,,,,,,,,0.236873,0.538598,0.958676,,,,,,
809614,,,,,,,,,1.428309,1.304868,,,113.245125,108.917633,0.427645,0.495041,,,,0.246539,0.554016,0.958040,,,,,,
809622,,,,,,,,,1.812854,0.000000,,,112.709816,109.613205,0.433924,0.490103,,,,,,,,,,,,
809632,,,,,,,,,1.895256,1.957303,,,113.348495,111.832092,0.428334,0.469489,,,,,,,,,,,,
809638,,,,,,,,,,,,,,,,,,,,0.266825,0.584606,0.954765,,,,,,
809642,,,,,,,,,2.032593,0.000000,,,114.974968,113.154518,0.412542,0.457575,,,,,,,,,,,,
809647,0.265397,0.582277,0.961839,0.252483,0.567796,1.063034,1.756323,-0.512259,,,99.471832,108.108742,,,,,-0.019265,0.002309,0.101195,0.277341,0.599817,0.957832,,,,,,
809652,,,,,,,,,1.895256,-0.652433,,,115.254395,114.267212,0.227952,0.329260,,,,,,,,,,,,
809660,,,,,,,,,1.730451,1.957303,,,114.400414,114.658890,0.233506,0.324033,,,,0.287567,0.614175,0.967113,,,,,,
809668,,,,,,,,,,,,,,,,,,,,0.297768,0.628755,0.973405,,,,,,
809674,,,,,,,,,1.236036,0.652434,,,108.236443,108.998466,0.293393,0.380459,,,,,,,,,,,,
809682,,,,,,,,,1.675516,3.262171,,,106.317337,109.681221,0.311215,0.373317,,,,0.307694,0.643121,0.983295,,,,,,
809690,,,,,,,,,1.675516,3.262171,,,104.702606,109.711143,0.326316,0.372697,,,,0.318605,0.658751,0.998924,,,,,,
809697,0.317740,0.658372,1.009464,0.294514,0.641495,1.042472,1.719211,-0.447265,,,98.992172,100.801041,,,,,-0.026651,0.010677,0.033008,0.329554,0.673957,1.017691,,,,,,
809702,,,,,,,,,1.648049,1.304868,,,103.888512,109.736320,0.328681,0.297581,,,,,,,,,,,,
809711,,,,,,,,,1.702984,1.304869,,,103.203537,109.757507,0.334689,0.295578,,,,0.340689,0.689567,1.039746,,,,,,
809719,,,,,,,,,,,,,,,,,,,,0.350853,0.705220,1.058970,,,,,,
809722,,,,,,,,,1.620581,0.652433,,,102.627197,108.686249,0.339725,0.304714,,,,,,,,,,,,
809726,,,,,,,,,,,,,,,,,,,,0.360567,0.721825,1.081557,,,,,,
809734,,,,,,,,,1.345907,5.871908,,,97.785919,107.240349,0.388379,0.317885,,,,,,,,,,,,
809741,,,,,,,,,1.455776,-3.262171,,,97.524269,102.756508,0.391289,0.362332,,,,0.370019,0.737931,1.091998,,,,,,
809747,0.369200,0.736214,1.071405,0.336635,0.712252,1.025832,1.673183,-0.373666,,,97.100891,91.224922,,,,,-0.036631,0.017112,-0.045573,0.379336,0.754141,1.102343,,,,,,
809752,,,,,,,,,1.675516,-0.652435,,,98.937744,102.795609,0.357874,0.263866,,,,,,,,,,,,
809756,,,,,,,,,,,,,,,,,,,,0.387291,0.768013,1.108275,,,,,,
809762,,,,,,,,,1.593114,-1.304868,,,100.127045,102.283966,0.345376,0.266771,,,,,,,,,,,,
809770,,,,,,,,,1.648049,-1.304868,,,100.583176,101.853470,0.340118,0.268950,,,,0.394493,0.780857,1.117100,,,,,,
809778,,,,,,,,,,,,,,,,,,,,0.402134,0.795203,1.107418,,,,,,
809782,,,,,,,,,1.620581,-0.652433,,,100.966965,100.946709,0.335507,0.276073,,,,,,,,,,,,
809786,,,,,,,,,,,,,,,,,,,,0.408932,0.808206,1.100792,,,,,,
809793,,,,,,,,,1.538179,-1.304869,,,100.745346,99.639214,0.336994,0.287465,,,,,,,,,,,,
809797,0.408830,0.807751,1.092860,0.378278,0.779959,1.013640,1.619428,-0.290173,,,94.447311,85.560783,,,,,-0.038730,0.014346,-0.079219,,,,,,,,,
809800,,,,,,,,,1.181102,-1.957302,,,97.836159,95.271828,0.338873,0.272555,,,,0.416214,0.822423,1.081332,,,,,,
809807,,,,,,,,,,,,,,,,,,,,0.423153,0.835995,1.068722,,,,,,
809812,,,,,,,,,1.620581,-1.957303,,,98.655624,94.864372,0.329836,0.274769,,,,,,,,,,,,
809822,,,,,,,,,1.428309,-1.304868,,,98.256035,93.976997,0.333071,0.281960,,,,0.430251,0.849695,1.046139,,,,,,
809834,,,,,,,,,1.126167,-3.262170,,,95.197105,88.874008,0.363510,0.332327,,,,,,,,,,,,
809842,,,,,,,,,1.483244,-2.609737,,,95.346039,88.392159,0.361841,0.336579,,,,,,,,,,,,
809847,0.431635,0.851525,1.039123,0.418904,0.844591,1.006480,1.559172,-0.195565,,,95.837875,91.962410,,,,,-0.012431,0.007459,-0.032643,,,,,,,,,
809851,,,,,,,,,1.483244,-1.304866,,,96.015900,88.531273,0.369012,0.399891,,,,0.453785,0.889205,0.976573,,,,,,
809859,,,,,,,,,,,,,,,,,,,,0.462024,0.902062,0.948453,,,,,,
809862,,,,,,,,,1.620581,-1.957303,,,97.124062,89.192871,0.357673,0.393828,,,,,,,,,,,,
809866,,,,,,,,,,,,,,,,,,,,0.470455,0.914676,0.917448,,,,,,
809872,,,,,,,,,1.483244,-1.304866,,,97.511925,89.749535,0.353460,0.388704,,,,,,,,,,,,
809881,,,,,,,,,1.565646,-0.652435,,,97.838272,90.217911,0.349796,0.384370,,,,0.478811,0.926835,0.892921,,,,,,
809889,,,,,,,,,,,,,,,,,,,,0.487456,0.939010,0.871543,,,,,,
809895,0.485512,0.935798,0.877400,0.458001,0.906190,1.004987,1.493658,-0.088731,1.181102,-1.957302,,,94.845604,87.344749,0.379921,0.414025,,,,,,,,,,,,
809898,,,,,,,,,,,75.424927,87.065331,,,,,-0.040354,0.002234,0.127587,0.496485,0.950904,0.856384,,,,,,
809902,,,,,,,,,1.510711,-0.652434,,,94.505745,88.194527,0.175374,0.356330,,,,,,,,,,,,
809911,,,,,,,,,1.400841,1.957302,,,93.130699,88.909531,0.185584,0.348811,,,,0.506174,0.962839,0.838070,,,,,,
809918,,,,,,,,,,,,,,,,,,,,0.515876,0.974424,0.829038,,,,,,
809922,,,,,,,,,1.400841,1.957302,,,91.429192,89.511131,0.199398,0.342306,,,,,,,,,,,,
809926,,,,,,,,,,,,,,,,,,,,0.526425,0.986331,0.816807,,,,,,
809932,,,,,,,,,1.428309,1.304868,,,89.997543,90.017319,0.210800,0.336654,,,,,,,,,,,,
809940,,,,,,,,,1.345906,3.262171,,,88.248413,90.443230,0.225727,0.331719,,,,0.536594,0.997578,0.828948,,,,,,
809947,0.535628,0.996963,0.846679,0.495101,0.964846,1.009838,1.424108,0.031269,,,65.916786,81.097916,,,,,-0.050906,0.009081,0.163158,0.547403,1.009210,0.843982,,,,,,
809954,,,,,,,,,1.043764,2.609737,,,83.509438,87.534332,0.174516,0.299847,,,,,,,,,,,,
809962,,,,,,,,,1.400841,3.262171,,,82.244781,88.354042,0.183897,0.290199,,,,0.557793,1.020247,0.871515,,,,,,
809970,,,,,,,,,1.263504,3.914606,,,80.091614,88.499207,0.202594,0.287267,,,,0.567985,1.032013,0.902114,,,,,,
809977,,,,,,,,,,,,,,,,,,,,0.578101,1.043502,0.936454,,,,,,
809982,,,,,,,,,1.208569,3.914605,,,77.735397,88.621346,0.223792,0.284541,,,,,,,,,,,,
809991,,,,,,,,,1.290972,4.567039,,,76.297417,89.268654,0.236096,0.276433,,,,0.587513,1.055326,0.974351,,,,,,
809997,0.586298,1.054843,0.982765,0.529779,1.020693,1.021741,1.351714,0.165158,,,64.911804,70.305725,,,,,-0.059766,0.028082,0.038977,0.595945,1.065924,1.009120,,,,,,
810002,,,,,,,,,1.236037,4.567040,,,74.542953,88.179672,0.241665,0.175826,,,,,,,,,,,,
810007,,,,,,,,,,,,,,,,,,,,0.603648,1.075831,1.053166,,,,,,
810014,,,,,,,,,0.796557,1.957302,,,70.344032,83.996140,0.282568,0.214924,,,,,,,,,,,,
810021,,,,,,,,,1.373374,2.609737,,,71.711952,84.832466,0.267528,0.203655,,,,0.611581,1.086419,1.092108,,,,,,
810028,,,,,,,,,,,,,,,,,,,,0.618351,1.096358,1.130747,,,,,,
810032,,,,,,,,,1.208569,1.304866,,,71.773834,83.902519,0.265537,0.210235,,,,,,,,,,,,
810036,,,,,,,,,,,,,,,,,,,,0.624719,1.107651,1.147668,,,,,,
810042,,,,,,,,,1.153634,0.000000,,,71.281357,82.030975,0.269188,0.226606,,,,,,,,,,,,
810047,0.624129,1.107280,1.133817,0.561661,1.073882,1.041415,1.277625,0.313371,,,65.606087,61.523663,,,,,-0.056697,0.042464,-0.092402,,,,,,,,,
810054,,,,,,,,,0.796557,0.652434,,,68.144272,77.733543,0.306994,0.178517,,,,0.630751,1.117876,1.170829,,,,,,
810058,,,,,,,,,,,,,,,,,,,,0.636281,1.129128,1.180995,,,,,,
810062,,,,,,,,,1.263504,1.304869,,,69.316528,77.929489,0.294529,0.173277,,,,,,,,,,,,
810066,,,,,,,,,,,,,,,,,,,,0.641148,1.139221,1.190635,,,,,,
810072,,,,,,,,,1.126167,-1.957302,,,70.302864,76.460724,0.283727,0.184977,,,,,,,,,,,,
810082,,,,,,,,,1.126167,-1.957302,,,70.588226,74.680367,0.279877,0.200149,,,,,,,,,,,,
810092,,,,,,,,,1.098699,-1.304869,,,71.372871,72.637825,0.270877,0.218352,,,,,,,,,,,,
810095,0.653974,1.169341,1.161889,0.590429,1.124573,1.069574,1.202937,0.475982,,,,,,,,,,,,0.654466,1.170521,1.170433,,,,,,
810098,,,,,,,,,,,57.684105,54.724674,,,,,-0.066343,0.040506,-0.092315,,,,,,,,,
810102,,,,,,,,,1.071232,-3.262170,,,71.488533,70.919235,0.187739,0.164309,,,,,,,,,,,,
810114,,,,,,,,,0.988829,5.219473,,,68.318588,71.106842,0.217312,0.159156,,,,0.658986,1.181409,1.150734,,,,,,
810117,,,,,,,,,,,,,,,,,,,,0.663213,1.191262,1.127728,,,,,,
810122,,,,,,,,,0.961362,-5.871906,,,68.918663,67.452888,0.209064,0.193150,,,,,,,,,,,,
810132,,,,,,,,,0.933894,-1.304869,,,68.334473,65.467545,0.212776,0.210855,,,,0.667967,1.201734,1.098331,,,,,,
810139,,,,,,,,,,,,,,,,,,,,0.672642,1.211155,1.078994,,,,,,
810142,,,,,,,,,1.016297,-1.957302,,,68.387482,64.341621,0.210105,0.220191,,,,,,,,,,,,
810147,0.672956,1.211473,1.077743,0.615816,1.172916,1.106898,1.128684,0.652628,,,50.025936,56.681572,,,,,-0.061010,0.032084,0.029155,0.677445,1.220876,1.053517,,,,,,
810154,,,,,,,,,0.796557,-1.957302,,,71.699341,66.116982,0.096070,0.220119,,,,,,,,,,,,
810161,,,,,,,,,1.236036,-0.652434,,,66.862335,62.165337,0.141073,0.258539,,,,0.682028,1.229416,1.033960,,,,,,
810169,,,,,,,,,,,,,,,,,,,,0.686752,1.237761,1.017982,,,,,,
810172,,,,,,,,,0.906427,0.652435,,,65.515198,62.107685,0.151447,0.258030,,,,,,,,,,,,
810176,,,,,,,,,,,,,,,,,,,,0.691716,1.245746,1.001978,,,,,,
810182,,,,,,,,,0.988829,1.304868,,,64.381714,62.059177,0.159910,0.257440,,,,,,,,,,,,
810191,,,,,,,,,0.906427,0.652435,,,62.338913,62.018360,0.177876,0.256781,,,,0.696766,1.253786,1.002049,,,,,,
810197,0.696541,1.253600,1.011135,0.637610,1.219036,1.154009,1.055828,0.842412,,,40.789528,55.769695,,,,,-0.060577,0.031591,0.142874,0.702016,1.261718,1.008453,,,,,,
810202,,,,,,,,,0.906427,1.957303,,,61.164646,61.984016,0.093179,0.246762,,,,,,,,,,,,
810206,,,,,,,,,,,,,,,,,,,,0.707009,1.269504,1.020869,,,,,,
810214,,,,,,,,,0.631752,1.957303,,,56.909355,59.232407,0.132508,0.273586,,,,,,,,,,,,
810220,,,,,,,,,1.126167,3.262170,,,57.140759,62.362633,0.126924,0.240965,,,,0.712132,1.277357,1.037037,,,,,,
810228,,,,,,,,,,,,,,,,,,,,0.716810,1.285196,1.062310,,,,,,
810232,,,,,,,,,0.906427,4.567039,,,55.157288,62.818233,0.143885,0.234999,,,,,,,,,,,,
810236,,,,,,,,,,,,,,,,,,,,0.721698,1.293228,1.094795,,,,,,
810242,,,,,,,,,0.824024,3.914605,,,52.943851,62.657032,0.163589,0.235234,,,,,,,,,,,,
810247,0.721154,1.292984,1.104188,0.655659,1.263032,1.211441,0.985248,1.043842,,,38.637020,52.191093,,,,,-0.056214,0.045020,0.107253,,,,,,,,,
810250,,,,,,,,,0.796557,3.262171,,,51.081467,62.521397,0.158199,0.198738,,,,0.726098,1.301179,1.134150,,,,,,
810257,,,,,,,,,,,,,,,,,,,,0.730175,1.309150,1.173977,,,,,,
810262,,,,,,,,,0.851492,4.567039,,,49.514458,62.407272,0.171693,0.197836,,,,,,,,,,,,
810274,,,,,,,,,0.549350,2.609737,,,49.829605,65.033966,0.166303,0.169001,,,,0.733915,1.317271,1.220857,,,,,,
810282,,,,,,,,,1.071232,4.567039,,,46.827511,61.254089,0.194686,0.204987,,,,,,,,,,,,
810292,,,,,,,,,0.741622,3.262171,,,45.935181,60.796417,0.202150,0.207842,,,,,,,,,,,,
810297,0.734024,1.318112,1.224748,0.669859,1.304957,1.279606,0.917716,1.254817,,,41.968937,53.369835,,,,,-0.034139,0.055899,0.054858,,,,,,,,,
810300,,,,,,,,,0.851492,1.957303,,,46.273460,60.411331,0.231225,0.222072,,,,0.742629,1.340629,1.341792,,,,,,
810308,,,,,,,,,,,,,,,,,,,,0.744715,1.347990,1.377009,,,,,,
810312,,,,,,,,,0.824024,3.914605,,,45.469002,60.087322,0.238570,0.223969,,,,,,,,,,,,
810315,,,,,,,,,,,,,,,,,,,,0.746491,1.355244,1.405738,,,,,,
810322,,,,,,,,,0.824024,2.609737,,,45.336674,59.814701,0.239220,0.225406,,,,,,,,,,,,
810329,,,,,,,,,,,,,,,,,,,,0.748075,1.362512,1.434706,,,,,,
810335,,,,,,,,,0.878959,6.524343,,,44.136246,62.308033,0.250790,0.198685,,,,0.749253,1.369811,1.456690,,,,,,
810342,,,,,,,,,0.851492,-3.262170,,,46.393467,58.960487,0.227333,0.231043,,,,,,,,,,,,
810347,0.749357,1.368769,1.423555,0.680166,1.344821,1.358777,0.853882,1.472697,,,40.733070,46.743172,,,,,-0.033840,0.064928,-0.064777,,,,,,,,,
810350,,,,,,,,,0.851492,1.957303,,,47.203606,58.866581,0.205579,0.163290,,,,0.750280,1.376856,1.475186,,,,,,
810357,,,,,,,,,,,,,,,,,,,,0.751205,1.383658,1.497845,,,,,,
810362,,,,,,,,,0.796557,0.652434,,,47.340714,58.243023,0.202886,0.167226,,,,,,,,,,,,
810371,,,,,,,,,0.769089,0.000000,,,46.911533,56.629276,0.205943,0.181386,,,,0.751938,1.390936,1.513447,,,,,,
810378,,,,,,,,,,,,,,,,,,,,0.752647,1.399166,1.524737,,,,,,
810382,,,,,,,,,0.741622,1.957302,,,46.550419,55.816013,0.208390,0.187704,,,,,,,,,,,,
810386,,,,,,,,,,,,,,,,,,,,0.753485,1.407624,1.536011,,,,,,
810394,,,,,,,,,0.549350,0.000000,,,44.612949,52.409019,0.226989,0.220641,,,,,,,,,,,,
810397,0.753456,1.406647,1.526576,0.686584,1.382583,1.449079,0.794251,1.694541,,,38.557335,45.240475,,,,,-0.026997,0.065743,-0.077497,,,,,,,,,
810400,,,,,,,,,1.071232,0.652434,,,47.339108,54.443264,0.176214,0.183431,,,,0.753862,1.416025,1.539760,,,,,,
810408,,,,,,,,,,,,,,,,,,,,0.754172,1.424204,1.543645,,,,,,
810412,,,,,,,,,0.741622,0.652433,,,47.454723,53.976704,0.173278,0.186349,,,,,,,,,,,,
810416,,,,,,,,,,,,,,,,,,,,0.754540,1.432291,1.551336,,,,,,
810422,,,,,,,,,0.741622,0.652433,,,47.007462,53.039597,0.176061,0.194161,,,,,,,,,,,,
810434,,,,,,,,,0.576817,0.652434,,,49.353851,54.973831,0.150437,0.172872,,,,,,,,,,,,
810442,,,,,,,,,0.933894,1.304869,,,45.882668,51.700405,0.183684,0.204314,,,,,,,,,,,,
810445,0.755205,1.455602,1.561846,0.689167,1.418153,1.550506,0.739174,1.917494,,,,,,,,,,,,0.755305,1.455810,1.559103,,,,,,
810448,,,,,,,,,,,29.949492,41.044403,,,,,-0.038039,0.065700,-0.011340,,,,,,,,,
810452,,,,,,,,,0.769089,0.000000,,,46.229275,51.124317,0.090884,0.166098,,,,,,,,,,,,
810460,,,,,,,,,0.686687,0.652435,,,45.431824,50.095055,0.095762,0.174581,,,,0.755660,1.463174,1.562987,,,,,,
810467,,,,,,,,,,,,,,,,,,,,0.755901,1.470818,1.570812,,,,,,
810472,,,,,,,,,0.714154,2.609737,,,44.216305,49.773579,0.105064,0.176050,,,,,,,,,,,,
810475,,,,,,,,,,,,,,,,,,,,0.756055,1.478243,1.582443,,,,,,
810482,,,,,,,,,0.686687,1.957303,,,43.193569,49.503086,0.112642,0.177063,,,,,,,,,,,,
810489,,,,,,,,,,,,,,,,,,,,0.756007,1.485885,1.594007,,,,,,
810494,,,,,,,,,0.521882,0.652434,,,43.966667,51.453667,0.102108,0.155475,,,,,,,,,,,,
810497,0.755924,1.485534,1.594044,0.688024,1.451400,1.662960,0.688850,2.139242,,,25.923830,41.670841,,,,,-0.032546,0.068675,0.068916,0.756104,1.493368,1.613214,,,,,,
810502,,,,,,,,,0.824024,2.609737,,,40.805351,48.738541,0.090488,0.187477,,,,,,,,,,,,
810510,,,,,,,,,0.631752,3.262170,,,39.779049,48.087666,0.097980,0.192703,,,,0.755893,1.500829,1.635749,,,,,,
810517,,,,,,,,,,,,,,,,,,,,0.755529,1.508271,1.661861,,,,,,
810522,,,,,,,,,0.604285,3.914605,,,37.826431,48.084560,0.115126,0.191451,,,,,,,,,,,,
810532,,,,,,,,,0.631752,3.262170,,,36.728043,48.081947,0.123949,0.190195,,,,,,,,,,,,
810538,,,,,,,,,,,,,,,,,,,,0.754251,1.522721,1.719750,,,,,,
810542,,,,,,,,,0.604285,3.914605,,,35.259315,48.079750,0.136769,0.188935,,,,,,,,,,,,
810547,0.754099,1.522119,1.725621,0.683305,1.482151,1.786306,0.643348,2.358465,,,23.888319,40.309792,,,,,-0.028573,0.076110,0.060685,0.753262,1.529886,1.751625,,,,,,
810554,,,,,,,,,0.466947,1.957303,,,33.478985,46.444271,0.132299,0.190452,,,,,,,,,,,,
810560,,,,,,,,,0.796557,4.567040,,,34.159187,48.335438,0.123443,0.169936,,,,0.752015,1.536890,1.782786,,,,,,
810568,,,,,,,,,,,,,,,,,,,,0.750928,1.542312,1.818722,,,,,,
810572,,,,,,,,,0.604285,2.609737,,,33.642426,48.293037,0.126660,0.168763,,,,,,,,,,,,
810575,,,,,,,,,,,,,,,,,,,,0.749712,1.547826,1.854638,,,,,,
810582,,,,,,,,,0.604285,3.914605,,,32.663078,47.712818,0.134698,0.173084,,,,,,,,,,,,
810590,,,,,,,,,0.631752,3.262170,,,32.383598,47.769165,0.135794,0.171029,,,,0.748379,1.553079,1.892910,,,,,,
810597,0.748238,1.553058,1.892556,0.675210,1.510198,1.920413,0.602646,2.574929,,,24.616755,40.803581,,,,,-0.017567,0.082834,0.027858,0.746904,1.558252,1.927169,,,,,,
810602,,,,,,,,,0.604285,2.609737,,,32.148445,47.272030,0.143923,0.179645,,,,,,,,,,,,
810605,,,,,,,,,,,,,,,,,,,,0.745190,1.563505,1.960940,,,,,,
810614,,,,,,,,,0.412012,1.957303,,,30.316957,45.220112,0.161098,0.199281,,,,,,,,,,,,
810619,,,,,,,,,,,,,,,,,,,,0.743563,1.568307,1.994472,,,,,,
810622,,,,,,,,,0.851492,4.567039,,,32.043201,47.849976,0.142350,0.171573,,,,,,,,,,,,
810627,,,,,,,,,,,,,,,,,,,,0.741544,1.573419,2.027402,,,,,,
810632,,,,,,,,,0.576817,1.957303,,,31.317492,47.340027,0.148267,0.175365,,,,,,,,,,,,
810641,,,,,,,,,0.604285,3.914605,,,31.251423,47.455498,0.147601,0.172880,,,,0.739652,1.577930,2.060148,,,,,,
810647,0.739345,1.578161,2.062505,0.663982,1.535313,2.065163,0.566699,2.789005,,,26.641056,42.964046,,,,,-0.002190,0.086664,0.002658,0.737321,1.582669,2.092314,,,,,,
810655,,,,,,,,,0.439480,2.609737,,,29.562202,45.374481,0.184152,0.214813,,,,0.734654,1.587823,2.120883,,,,,,
810662,,,,,,,,,0.714154,3.914605,,,30.319065,46.346230,0.175848,0.204419,,,,,,,,,,,,
810671,,,,,,,,,0.576817,1.957303,,,29.866802,46.074772,0.179725,0.206511,,,,0.731879,1.592867,2.146170,,,,,,
810679,,,,,,,,,,,,,,,,,,,,0.728700,1.597983,2.171277,,,,,,
810682,,,,,,,,,0.576817,1.957303,,,30.030813,45.301826,0.177407,0.213773,,,,,,,,,,,,
810686,,,,,,,,,,,,,,,,,,,,0.725670,1.602695,2.196223,,,,,,
810692,,,,,,,,,0.604285,3.914605,,,30.168812,45.196014,0.175322,0.214385,,,,,,,,,,,,
810697,0.725418,1.602750,2.201423,0.649903,1.557255,2.220372,0.535506,3.000461,,,26.694296,44.609844,,,,,0.007783,0.087817,0.018949,,,,,,,,,
810700,,,,,,,,,0.604285,1.304869,,,30.284924,45.106983,0.173975,0.231634,,,,0.722446,1.607519,2.224101,,,,,,
810707,,,,,,,,,,,,,,,,,,,,0.719032,1.612409,2.245683,,,,,,
810714,,,,,,,,,0.412012,1.957303,,,29.293533,42.853897,0.183369,0.254516,,,,0.715648,1.617128,2.270196,,,,,,
810722,,,,,,,,,0.796557,3.262171,,,31.182095,45.314499,0.163586,0.229769,,,,,,,,,,,,
810732,,,,,,,,,0.631752,3.262170,,,31.137499,45.751217,0.163143,0.225173,,,,,,,,,,,,
810742,,,,,,,,,0.631752,3.262170,,,31.099976,46.118671,0.162637,0.221197,,,,,,,,,,,,
810747,0.714750,1.617940,2.278109,0.633298,1.575781,2.385602,0.509177,3.206496,,,26.632879,48.392612,,,,,0.020881,0.089307,0.107493,,,,,,,,,
810752,,,,,,,,,0.659220,3.914604,,,30.523861,45.883305,0.167006,0.261880,,,,0.704054,1.631664,2.354831,,,,,,
810759,,,,,,,,,,,,,,,,,,,,0.699896,1.636411,2.384702,,,,,,
810762,,,,,,,,,0.631752,3.262170,,,31.128204,46.774353,0.160064,0.253293,,,,,,,,,,,,
810767,,,,,,,,,,,,,,,,,,,,0.695415,1.640957,2.417389,,,,,,
810774,,,,,,,,,0.412012,1.957303,,,29.458527,44.801365,0.176195,0.273741,,,,,,,,,,,,
810781,,,,,,,,,0.851492,4.567039,,,31.320919,48.042183,0.156634,0.241403,,,,0.690721,1.645347,2.449811,,,,,,
810789,,,,,,,,,,,,,,,,,,,,0.685918,1.649616,2.485003,,,,,,
810792,,,,,,,,,0.686687,4.567039,,,31.254307,49.135376,0.156375,0.230323,,,,,,,,,,,,
810797,0.686231,1.648924,2.486796,0.614523,1.590656,2.559895,0.487975,3.399604,,,25.670525,47.196476,,,,,0.021392,0.089887,0.073099,0.680985,1.653750,2.522891,,,,,,
810802,,,,,,,,,0.714154,3.914605,,,31.198259,49.510647,0.146207,0.214146,,,,,,,,,,,,
810811,,,,,,,,,0.631752,4.567039,,,31.151100,49.826401,0.145582,0.210462,,,,0.675914,1.657723,2.563519,,,,,,
810818,,,,,,,,,,,,,,,,,,,,0.670327,1.661595,2.603743,,,,,,
810822,,,,,,,,,0.659220,3.914604,,,31.111420,50.092075,0.144891,0.207226,,,,,,,,,,,,
810827,,,,,,,,,,,,,,,,,,,,0.664907,1.665332,2.643818,,,,,,
810833,,,,,,,,,0.412012,1.957303,,,29.444405,47.592896,0.160806,0.232139,,,,,,,,,,,,
810840,,,,,,,,,0.906427,5.871908,,,30.764494,50.935520,0.146587,0.197965,,,,0.659251,1.668878,2.686493,,,,,,
810847,0.658206,1.669078,2.694361,0.593968,1.601664,2.741484,0.472318,3.566296,,,26.830616,48.324059,,,,,0.028765,0.088565,0.047122,0.653561,1.672201,2.729040,,,,,,
810852,,,,,,,,,0.631752,4.567039,,,30.786131,51.025288,0.157180,0.207803,,,,,,,,,,,,
810855,,,,,,,,,,,,,,,,,,,,0.647823,1.675209,2.771399,,,,,,
810862,,,,,,,,,0.659220,3.914604,,,30.259792,51.100819,0.161758,0.206492,,,,,,,,,,,,
810874,,,,,,,,,0.412012,3.262171,,,28.727844,48.986198,0.176698,0.227506,,,,0.642089,1.677954,2.813653,,,,,,
810877,,,,,,,,,,,,,,,,,,,,0.636071,1.680476,2.852837,,,,,,
810882,,,,,,,,,0.851492,4.567039,,,30.706123,51.563301,0.156140,0.201087,,,,,,,,,,,,
810891,,,,,,,,,0.686687,4.567039,,,30.737017,51.553501,0.155050,0.200539,,,,0.629808,1.682752,2.891889,,,,,,
810897,0.629471,1.682553,2.894468,0.572049,1.608623,2.927643,0.462714,3.688153,,,28.661291,50.291958,,,,,0.037593,0.085730,0.033175,0.623500,1.684612,2.930890,,,,,,
810902,,,,,,,,,0.631752,3.262170,,,30.763010,51.545258,0.172676,0.220050,,,,,,,,,,,,
810906,,,,,,,,,,,,,,,,,,,,0.617188,1.686236,2.969817,,,,,,
810912,,,,,,,,,0.659220,3.914604,,,30.784882,51.538319,0.172033,0.219870,,,,,,,,,,,,
810920,,,,,,,,,0.659220,3.914604,,,30.803284,51.532482,0.171420,0.219680,,,,0.610893,1.687614,3.008625,,,,,,
810928,,,,,,,,,,,,,,,,,,,,0.604532,1.688748,3.041985,,,,,,
810934,,,,,,,,,0.466947,1.957303,,,29.729681,48.804855,0.181943,0.247254,,,,,,,,,,,,
810942,,,,,,,,,0.878959,5.219473,,,31.549068,51.410721,0.163171,0.220972,,,,,,,,,,,,
810947,0.602966,1.688690,3.051498,0.549198,1.611382,3.114826,0.459658,3.746228,,,30.405981,53.145206,,,,,0.046594,0.081832,0.063328,,,,,,,,,
810950,,,,,,,,,0.659220,2.609737,,,31.446270,51.425121,0.181438,0.249704,,,,0.591359,1.690373,3.113835,,,,,,
810957,,,,,,,,,,,,,,,,,,,,0.584840,1.691064,-3.133333,,,,,,
810962,,,,,,,,,0.659220,3.914604,,,31.904320,51.437237,0.176558,0.249925,,,,,,,,,,,,
810972,,,,,,,,,0.686687,4.567039,,,31.745180,51.447433,0.177881,0.250162,,,,0.578137,1.691411,-3.094629,,,,,,
810982,,,,,,,,,0.659220,3.914604,,,31.611279,52.000553,0.178979,0.244860,,,,,,,,,,,,
810993,,,,,,,,,0.494415,2.609737,,,33.132244,54.099579,0.163224,0.223679,,,,,,,,,,,,
810997,0.578147,1.691233,-3.095184,0.525867,1.609836,-2.984052,0.463490,3.727845,,,32.530102,56.548409,,,,,0.055999,0.078884,0.111132,,,,,,,,,
811001,,,,,,,,,0.906427,5.871908,,,31.689268,52.053898,0.199064,0.279067,,,,0.557168,1.691103,-2.978326,,,,,,
811009,,,,,,,,,,,,,,,,,,,,0.550186,1.690401,-2.939499,,,,,,
811012,,,,,,,,,0.714154,3.914605,,,32.108776,52.510834,0.194953,0.275305,,,,,,,,,,,,
811017,,,,,,,,,,,,,,,,,,,,0.543077,1.689299,-2.900473,,,,,,
811022,,,,,,,,,0.741622,3.262171,,,32.461750,53.439842,0.191437,0.266636,,,,,,,,,,,,
811032,,,,,,,,,0.686687,4.567039,,,32.758743,53.676968,0.188421,0.264839,,,,,,,,,,,,
811039,,,,,,,,,,,,,,,,,,,,0.529089,1.686590,-2.813701,,,,,,
811042,,,,,,,,,0.769089,5.219474,,,33.008633,54.421028,0.185826,0.257824,,,,,,,,,,,,
811047,0.530030,1.686407,-2.815432,0.502509,1.603930,-2.806232,0.474284,3.632220,,,34.192078,54.620152,,,,,0.052496,0.069311,0.009200,0.522050,1.684816,-2.771549,,,,,,
811054,,,,,,,,,0.549350,2.609737,,,32.129807,52.868908,0.211647,0.254413,,,,,,,,,,,,
811060,,,,,,,,,0.961362,5.871906,,,33.568535,56.463840,0.197384,0.218095,,,,0.515042,1.682674,-2.726389,,,,,,
811068,,,,,,,,,,,,,,,,,,,,0.508184,1.680246,-2.681002,,,,,,
811072,,,,,,,,,0.741622,4.567040,,,34.234535,56.221359,0.190716,0.220200,,,,,,,,,,,,
811076,,,,,,,,,,,,,,,,,,,,0.501624,1.677358,-2.638216,,,,,,
811082,,,,,,,,,0.686687,3.262170,,,34.250366,56.017334,0.190546,0.221960,,,,,,,,,,,,
811089,,,,,,,,,,,,,,,,,,,,0.495124,1.674171,-2.595243,,,,,,
811092,,,,,,,,,0.769089,3.914606,,,34.808228,56.390213,0.184844,0.217878,,,,,,,,,,,,
811097,0.495115,1.673865,-2.597304,0.479576,1.593657,-2.637695,0.491799,3.471181,,,37.155365,55.108940,,,,,0.054826,0.060571,-0.040391,0.488690,1.670724,-2.554843,,,,,,
811102,,,,,,,,,0.741622,3.262171,,,35.277615,56.159409,0.210159,0.224863,,,,,,,,,,,,
811113,,,,,,,,,0.521882,3.262171,,,33.494381,53.787037,0.228723,0.248851,,,,0.482541,1.667145,-2.517125,,,,,,
811120,,,,,,,,,1.016297,4.567039,,,36.350315,57.236355,0.200325,0.213933,,,,0.476394,1.663027,-2.479231,,,,,,
811127,,,,,,,,,,,,,,,,,,,,0.470391,1.658911,-2.446937,,,,,,
811132,,,,,,,,,0.769089,2.609737,,,37.119667,56.326809,0.192638,0.222785,,,,,,,,,,,,
811142,,,,,,,,,0.714154,2.609737,,,37.222458,56.106060,0.191597,0.224793,,,,0.464388,1.654319,-2.411501,,,,,,
811147,0.464517,1.654233,-2.416147,0.457509,1.579062,-2.480195,0.515511,3.264480,,,39.687347,55.622860,,,,,0.055117,0.051593,-0.064048,,,,,,,,,
811154,,,,,,,,,0.741622,-0.652433,,,38.942577,54.286694,0.199865,0.248393,,,,0.458731,1.649618,-2.378774,,,,,,
811157,,,,,,,,,,,,,,,,,,,,0.452958,1.644615,-2.351859,,,,,,
811162,,,,,,,,,0.796557,7.176775,,,37.667168,56.567680,0.213023,0.225394,,,,,,,,,,,,
811172,,,,,,,,,0.741622,3.262171,,,37.683125,55.764187,0.213264,0.233401,,,,0.447382,1.639486,-2.321811,,,,,,
811182,,,,,,,,,0.796557,1.957302,,,38.241096,56.177216,0.207974,0.229160,,,,,,,,,,,,
811192,,,,,,,,,0.769089,2.609737,,,39.255116,55.980194,0.197920,0.231058,,,,,,,,,,,,
811197,0.446544,1.638436,-2.318782,0.436727,1.560239,-2.334527,0.544706,3.032976,,,43.934849,60.145279,,,,,0.064001,0.045991,-0.015746,,,,,,,,,
811201,,,,,,,,,0.769089,2.609737,,,39.563766,55.814419,0.238182,0.278806,,,,0.431760,1.623221,-2.239526,,,,,,
811209,,,,,,,,,,,,,,,,,,,,0.426631,1.617525,-2.211795,,,,,,
811214,,,,,,,,,0.576817,1.957303,,,38.189838,53.496761,0.253071,0.303313,,,,0.421565,1.611748,-2.183833,,,,,,
811222,,,,,,,,,0.988829,3.914606,,,40.301071,56.447575,0.232685,0.274544,,,,,,,,,,,,
811231,,,,,,,,,0.796557,3.262171,,,40.443836,56.752216,0.231956,0.272176,,,,0.416478,1.605448,-2.155663,,,,,,
811240,,,,,,,,,0.851492,1.957303,,,41.108501,57.008541,0.225874,0.270240,,,,0.411495,1.598785,-2.130419,,,,,,
811247,0.412157,1.599361,-2.138018,0.417616,1.537327,-2.200798,0.578579,2.793474,,,43.429142,56.530495,,,,,0.049386,0.037935,-0.062780,0.406848,1.591971,-2.101805,,,,,,
811255,,,,,,,,,0.659220,2.609737,,,40.578663,55.590584,0.226686,0.248460,,,,0.402219,1.584996,-2.076125,,,,,,
811262,,,,,,,,,1.016297,3.262172,,,42.311028,57.664772,0.209586,0.227491,,,,,,,,,,,,
811269,,,,,,,,,,,,,,,,,,,,0.397923,1.577825,-2.047113,,,,,,
811272,,,,,,,,,0.824024,2.609737,,,43.224098,58.320908,0.200496,0.220572,,,,,,,,,,,,
811277,,,,,,,,,,,,,,,,,,,,0.393732,1.570760,-2.017806,,,,,,
811282,,,,,,,,,0.824024,2.609737,,,43.447811,58.328438,0.198255,0.220137,,,,,,,,,,,,
811291,,,,,,,,,0.796557,1.957302,,,43.636044,57.790230,0.196332,0.225267,,,,0.389509,1.563203,-1.991383,,,,,,
811297,0.389764,1.563328,-1.995481,0.400524,1.510504,-2.078718,0.616316,2.556743,,,45.259762,56.093075,,,,,0.043698,0.031569,-0.083237,0.385711,1.555412,-1.961588,,,,,,
811302,,,,,,,,,0.824024,2.609737,,,43.794422,57.881927,0.213347,0.219618,,,,,,,,,,,,
811307,,,,,,,,,,,,,,,,,,,,0.382252,1.547712,-1.938192,,,,,,
811314,,,,,,,,,0.576817,1.957303,,,41.749512,55.236366,0.234498,0.246245,,,,,,,,,,,,
811321,,,,,,,,,1.098699,2.609736,,,44.929810,58.455822,0.202761,0.213578,,,,0.378876,1.540096,-1.911109,,,,,,
811328,,,,,,,,,,,,,,,,,,,,0.375785,1.532311,-1.887316,,,,,,
811332,,,,,,,,,0.824024,2.609737,,,44.882999,58.441956,0.203305,0.213247,,,,,,,,,,,,
811336,,,,,,,,,,,,,,,,,,,,0.372754,1.524708,-1.863239,,,,,,
811342,,,,,,,,,0.851492,1.957303,,,45.388153,58.430290,0.198227,0.212896,,,,,,,,,,,,
811347,0.372879,1.524622,-1.866129,0.385744,1.479985,-1.967845,0.657142,2.327987,,,47.535530,56.097729,,,,,0.038960,0.025300,-0.101716,,,,,,,,,
811350,,,,,,,,,0.796557,1.957302,,,45.268650,57.875931,0.222633,0.218131,,,,0.369849,1.516558,-1.845844,,,,,,
811358,,,,,,,,,,,,,,,,,,,,0.367337,1.508703,-1.824965,,,,,,
811362,,,,,,,,,0.851492,1.957303,,,45.712639,57.954037,0.218558,0.216978,,,,,,,,,,,,
811366,,,,,,,,,,,,,,,,,,,,0.365038,1.500602,-1.803815,,,,,,
811374,,,,,,,,,0.576817,0.652434,,,47.719845,59.653381,0.198449,0.199274,,,,,,,,,,,,
811382,,,,,,,,,1.098699,2.609736,,,46.141445,56.726868,0.214512,0.228413,,,,,,,,,,,,
811392,,,,,,,,,0.796557,0.652434,,,46.447010,56.442669,0.211674,0.231186,,,,,,,,,,,,
811397,0.364783,1.499402,-1.806309,0.373509,1.446003,-1.867738,0.700329,2.108443,,,53.297413,62.141212,,,,,0.049889,0.020945,-0.061429,,,,,,,,,
811401,,,,,,,,,0.851492,1.957303,,,46.704113,56.748089,0.268041,0.289645,,,,0.358988,1.476576,-1.757705,,,,,,
811409,,,,,,,,,,,,,,,,,,,,0.357447,1.468506,-1.743442,,,,,,
811412,,,,,,,,,0.851492,0.652435,,,47.464981,56.460526,0.261598,0.293657,,,,,,,,,,,,
811416,,,,,,,,,,,,,,,,,,,,0.355804,1.460427,-1.728889,,,,,,
811422,,,,,,,,,0.878959,2.609737,,,47.560635,56.763115,0.261789,0.291707,,,,,,,,,,,,
811433,,,,,,,,,0.631752,0.652435,,,49.819290,59.740429,0.239898,0.262414,,,,0.354234,1.452080,-1.714339,,,,,,
811438,,,,,,,,,,,,,,,,,,,,0.352689,1.443555,-1.699595,,,,,,
811442,,,,,,,,,1.153634,2.609736,,,48.452461,57.344650,0.254536,0.287331,,,,,,,,,,,,
811447,0.352874,1.443472,-1.697609,0.363982,1.408815,-1.778041,0.745181,1.897032,,,52.414944,58.979538,,,,,0.032974,0.015402,-0.080432,0.351070,1.434412,-1.684614,,,,,,
811452,,,,,,,,,0.906427,1.957303,,,48.936043,58.051559,0.241571,0.248831,,,,,,,,,,,,
811460,,,,,,,,,0.851492,0.652435,,,49.342926,58.101810,0.238116,0.248504,,,,0.349839,1.425453,-1.669670,,,,,,
811468,,,,,,,,,,,,,,,,,,,,0.348761,1.416658,-1.650902,,,,,,
811474,,,,,,,,,0.659220,1.304869,,,51.863453,60.866806,0.213021,0.220476,,,,0.347747,1.408171,-1.635841,,,,,,
811482,,,,,,,,,1.181102,1.957302,,,50.172421,58.836926,0.230380,0.240804,,,,,,,,,,,,
811490,,,,,,,,,0.906427,1.957303,,,50.383217,58.762615,0.228679,0.241590,,,,0.346773,1.399505,-1.620757,,,,,,
811497,0.346983,1.399404,-1.619001,0.357247,1.368682,-1.698514,0.791012,1.691632,,,55.159588,60.387154,,,,,0.030191,0.011733,-0.079513,0.346089,1.390041,-1.605421,,,,,,
811502,,,,,,,,,0.851492,0.652435,,,50.560581,58.700092,0.255271,0.256629,,,,,,,,,,,,
811505,,,,,,,,,,,,,,,,,,,,0.345430,1.380727,-1.589820,,,,,,
811512,,,,,,,,,0.961362,1.957303,,,50.709812,59.192028,0.254669,0.251949,,,,,,,,,,,,
811519,,,,,,,,,,,,,,,,,,,,0.345029,1.371616,-1.578063,,,,,,
811522,,,,,,,,,0.878959,0.000000,,,51.379921,59.061398,0.248724,0.253520,,,,,,,,,,,,
811527,,,,,,,,,,,,,,,,,,,,0.344841,1.362193,-1.567434,,,,,,
811534,,,,,,,,,0.878959,-3.914604,,,49.221035,56.773315,0.271500,0.277124,,,,,,,,,,,,
811542,,,,,,,,,0.961362,5.871906,,,53.394524,59.749008,0.230118,0.247494,,,,,,,,,,,,
811547,0.345342,1.361294,-1.547138,0.353305,1.325872,-1.629027,0.837115,1.489899,,,60.304573,64.009323,,,,,0.035600,0.007123,-0.081889,,,,,,,,,
811550,,,,,,,,,0.933894,1.304869,,,53.638836,60.074585,0.280458,0.281247,,,,0.344417,1.344459,-1.539894,,,,,,
811558,,,,,,,,,,,,,,,,,,,,0.344486,1.335283,-1.528278,,,,,,
811562,,,,,,,,,0.961362,0.652434,,,53.844402,60.348526,0.279695,0.279240,,,,,,,,,,,,
811566,,,,,,,,,,,,,,,,,,,,0.344650,1.325651,-1.516841,,,,,,
811572,,,,,,,,,0.933894,1.304869,,,54.561909,60.579021,0.273668,0.277621,,,,,,,,,,,,
811582,,,,,,,,,0.961362,0.652434,,,55.165619,60.772957,0.268659,0.276329,,,,,,,,,,,,
811594,,,,,,,,,0.686687,0.652435,,,52.950863,58.213421,0.292277,0.303084,,,,0.345695,1.297783,-1.486521,,,,,,
811598,0.345787,1.300234,-1.488875,0.352065,1.280643,-1.569551,0.882742,1.289678,,,59.415913,61.840172,,,,,0.020040,0.004654,-0.080676,,,,,,,,,
811602,,,,,,,,,1.236036,0.652434,,,56.532799,61.505257,0.248148,0.248541,,,,,,,,,,,,
811606,,,,,,,,,,,,,,,,,,,,0.345695,1.297783,-1.486521,,,,,,
811612,,,,,,,,,0.988829,1.304868,,,56.823925,61.552292,0.245755,0.248128,,,,0.346248,1.288054,-1.475201,,,,,,
811622,,,,,,,,,0.933894,0.000000,,,57.068878,61.591869,0.243775,0.247782,,,,0.347107,1.278171,-1.467803,,,,,,
811632,,,,,,,,,0.988829,1.304868,,,57.274982,61.625168,0.242142,0.247492,,,,,,,,,,,,
811642,,,,,,,,,0.988829,1.304868,,,56.903854,62.197727,0.246356,0.241695,,,,,,,,,,,,
811645,0.349703,1.248758,-1.436954,0.353344,1.233244,-1.520141,0.927093,1.089154,,,,,,,,,,,,0.349549,1.248542,-1.438167,,,,,,
811648,,,,,,,,,,,61.747849,62.659931,,,,,0.015861,0.001538,-0.083187,,,,,,,,,
811654,,,,,,,,,0.659220,0.000000,,,59.858845,64.857651,0.240503,0.222854,,,,,,,,,,,,
811661,,,,,,,,,1.290972,0.652435,,,57.444286,62.194824,0.265509,0.249575,,,,0.350558,1.238144,-1.430873,,,,,,
811668,,,,,,,,,,,,,,,,,,,,0.351869,1.228194,-1.423595,,,,,,
811672,,,,,,,,,0.961362,0.652434,,,57.590851,62.132496,0.264875,0.250304,,,,,,,,,,,,
811676,,,,,,,,,,,,,,,,,,,,0.353114,1.218263,-1.416236,,,,,,
811682,,,,,,,,,0.988829,0.000000,,,58.258713,62.080051,0.258894,0.250944,,,,,,,,,,,,
811690,,,,,,,,,0.988829,1.304868,,,58.820652,62.580467,0.253860,0.245956,,,,0.354414,1.208390,-1.409001,,,,,,
811697,0.354694,1.207684,-1.405878,0.356865,1.183912,-1.480918,0.969324,0.886839,,,67.095581,67.119576,,,,,0.023806,-0.001761,-0.075040,0.355740,1.198577,-1.405358,,,,,,
811702,,,,,,,,,0.961362,0.652434,,,58.748924,62.456974,0.309724,0.292720,,,,,,,,,,,,
811705,,,,,,,,,,,,,,,,,,,,0.357116,1.188623,-1.401770,,,,,,
811714,,,,,,,,,0.714155,0.000000,,,61.955830,65.075783,0.278683,0.266940,,,,,,,,,,,,
811719,,,,,,,,,,,,,,,,,,,,0.358788,1.178414,-1.398206,,,,,,
811722,,,,,,,,,1.345907,0.652434,,,59.753231,62.378361,0.302177,0.294863,,,,,,,,,,,,
811727,,,,,,,,,,,,,,,,,,,,0.360590,1.168439,-1.394668,,,,,,
811732,,,,,,,,,1.016297,-0.652434,,,60.622681,62.831467,0.294778,0.291189,,,,,,,,,,,,
811741,,,,,,,,,1.126167,0.652435,,,61.354237,63.757252,0.288610,0.282604,,,,0.362179,1.158774,-1.394571,,,,,,
811747,0.362395,1.158229,-1.392788,0.362258,1.132866,-1.452062,1.008565,0.681482,,,70.105530,69.771515,,,,,0.024938,-0.004625,-0.059274,0.363860,1.148849,-1.394495,,,,,,
811755,,,,,,,,,0.769089,0.000000,,,59.791595,61.813492,0.336399,0.330153,,,,0.365566,1.138857,-1.390831,,,,,,
811762,,,,,,,,,1.181102,1.957302,,,61.199505,63.989815,0.324101,0.309546,,,,,,,,,,,,
811771,,,,,,,,,1.098699,-1.304869,,,62.384121,64.731888,0.313799,0.303133,,,,0.367367,1.128532,-1.390811,,,,,,
811778,,,,,,,,,,,,,,,,,,,,0.369073,1.118068,-1.390805,,,,,,
811782,,,,,,,,,1.071232,0.652434,,,63.380856,64.811722,0.305177,0.303326,,,,,,,,,,,,
811786,,,,,,,,,,,,,,,,,,,,0.370890,1.107334,-1.390831,,,,,,
811792,,,,,,,,,1.126167,-0.652435,,,64.219505,65.967979,0.297967,0.292525,,,,,,,,,,,,
811797,0.370950,1.106943,-1.393733,0.369063,1.080318,-1.433810,1.043957,0.471959,,,72.659492,72.285934,,,,,0.025877,-0.006547,-0.040077,,,,,,,,,
811800,,,,,,,,,1.126167,0.652435,,,64.925148,66.396317,0.317998,0.314563,,,,0.372703,1.096690,-1.390805,,,,,,
811808,,,,,,,,,,,,,,,,,,,,0.374538,1.086133,-1.394413,,,,,,
811813,,,,,,,,,1.043764,6.524342,,,62.796158,68.934891,0.341260,0.289848,,,,0.376499,1.075711,-1.394397,,,,,,
811822,,,,,,,,,1.071232,-3.262170,,,64.816628,67.259041,0.322624,0.307612,,,,,,,,,,,,
811832,,,,,,,,,1.153634,-2.609736,,,66.516655,67.482613,0.306852,0.306337,,,,,,,,,,,,
811842,,,,,,,,,1.181102,0.652433,,,67.402512,68.215271,0.299045,0.299824,,,,,,,,,,,,
811847,0.376973,1.073466,-1.391605,0.376740,1.026470,-1.426449,1.074699,0.257184,,,80.773758,79.470894,,,,,0.046202,-0.008606,-0.034844,,,,,,,,,
811851,,,,,,,,,1.153634,0.000000,,,68.147873,68.831726,0.375259,0.367637,,,,0.382004,1.042383,-1.398003,,,,,,
811859,,,,,,,,,,,,,,,,,,,,0.384098,1.030865,-1.401644,,,,,,
811862,,,,,,,,,1.126167,0.652435,,,68.775017,69.350410,0.371388,0.364474,,,,,,,,,,,,
811867,,,,,,,,,,,,,,,,,,,,0.385826,1.019291,-1.401662,,,,,,
811885,,,,,,,,,-0.000000,0.000000,,,56.020386,55.969563,0.506723,0.505573,,,,0.387477,1.007646,-1.408911,,,,,,
811889,,,,,,,,,,,,,,,,,,,,0.389037,0.996133,-1.408866,,,,,,
811892,,,,,,,,,1.208569,0.000000,,,59.115494,59.072731,0.480104,0.478621,,,,,,,,,,,,
811897,0.388921,0.997632,-1.407424,0.384672,0.971520,-1.430325,1.100102,0.036078,,,76.637161,74.943077,,,,,0.025073,-0.008439,-0.022901,0.390983,0.983934,-1.412529,,,,,,
811902,,,,,,,,,1.400841,0.652435,,,63.353348,63.317368,0.399016,0.393222,,,,,,,,,,,,
811914,,,,,,,,,0.961362,-0.652434,,,63.107277,63.077003,0.404183,0.397999,,,,0.392961,0.971599,-1.416176,,,,,,
811919,,,,,,,,,,,,,,,,,,,,0.394653,0.959565,-1.419793,,,,,,
811922,,,,,,,,,1.510711,0.652434,,,67.801117,68.320190,0.359012,0.346891,,,,,,,,,,,,
811926,,,,,,,,,,,,,,,,,,,,0.396375,0.946842,-1.419786,,,,,,
811932,,,,,,,,,1.345907,-0.652434,,,70.661430,70.553635,0.331604,0.325435,,,,,,,,,,,,
811941,,,,,,,,,1.345907,-0.652434,,,73.068100,72.432854,0.308251,0.307145,,,,0.398487,0.933673,-1.419797,,,,,,
811947,0.398521,0.933455,-1.421496,0.392182,0.915681,-1.445830,1.119646,-0.192413,,,76.159332,73.111359,,,,,0.016634,-0.008912,-0.024333,0.400670,0.919828,-1.423588,,,,,,
811952,,,,,,,,,1.318439,1.304869,,,74.003983,74.014030,0.294545,0.272835,,,,,,,,,,,,
811956,,,,,,,,,,,,,,,,,,,,0.402597,0.905942,-1.427381,,,,,,
811962,,,,,,,,,1.318439,-1.304869,,,75.335976,74.799889,0.281390,0.264639,,,,,,,,,,,,
811974,,,,,,,,,1.098699,-6.524342,,,72.100372,71.649307,0.314557,0.296437,,,,0.404389,0.892164,-1.431095,,,,,,
811978,,,,,,,,,,,,,,,,,,,,0.406177,0.878481,-1.431316,,,,,,
811982,,,,,,,,,1.098699,5.219474,,,74.823364,72.810211,0.287595,0.284888,,,,,,,,,,,,
811986,,,,,,,,,,,,,,,,,,,,0.407745,0.864880,-1.435058,,,,,,
811992,,,,,,,,,1.263504,-1.304869,,,76.025406,73.786995,0.275601,0.274985,,,,,,,,,,,,
811997,0.407609,0.865372,-1.439391,0.398547,0.859182,-1.473397,1.133038,-0.429227,,,74.686760,69.644821,,,,,0.004949,-0.009795,-0.034006,,,,,,,,,
812000,,,,,,,,,1.318439,-1.304869,,,77.036804,74.608864,0.250291,0.231109,,,,0.409287,0.851307,-1.442484,,,,,,
812008,,,,,,,,,,,,,,,,,,,,0.410854,0.837852,-1.446372,,,,,,
812012,,,,,,,,,1.208569,0.000000,,,77.343246,74.755836,0.246696,0.228617,,,,,,,,,,,,
812016,,,,,,,,,,,,,,,,,,,,0.412357,0.824438,-1.450181,,,,,,
812022,,,,,,,,,1.290972,-0.652435,,,77.601089,74.879501,0.243534,0.226333,,,,,,,,,,,,
812034,,,,,,,,,0.824024,0.000000,,,74.006241,71.716293,0.279619,0.257551,,,,,,,,,,,,
812042,,,,,,,,,1.290972,-0.652435,,,75.337875,72.322029,0.266172,0.250958,,,,,,,,,,,,
812045,0.416250,0.785954,-1.466949,0.403017,0.802292,-1.513483,1.140252,-0.675012,,,,,,,,,,,,0.416360,0.784553,-1.466482,,,,,,
812048,,,,,,,,,,,69.889870,62.575130,,,,,-0.017622,-0.011468,-0.046535,,,,,,,,,
812052,,,,,,,,,1.208569,-2.609737,,,75.369225,72.287155,0.216794,0.178667,,,,,,,,,,,,
812060,,,,,,,,,1.153634,0.000000,,,75.940147,72.257812,0.209875,0.177024,,,,0.417777,0.771712,-1.474827,,,,,,
812067,,,,,,,,,,,,,,,,,,,,0.418832,0.760142,-1.485334,,,,,,
812072,,,,,,,,,1.153634,-1.304868,,,75.331436,71.688576,0.214874,0.180894,,,,,,,,,,,,
812082,,,,,,,,,1.071232,-0.652434,,,74.819267,70.665077,0.219009,0.189511,,,,0.419739,0.748708,-1.492716,,,,,,
812094,,,,,,,,,0.769089,-1.304867,,,71.121071,66.536652,0.255745,0.230003,,,,0.420620,0.737280,-1.503570,,,,,,
812097,0.420490,0.738146,-1.505970,0.404835,0.745330,-1.566530,1.141563,-0.929909,,,73.816978,64.013954,,,,,-0.008183,-0.015157,-0.060560,0.421406,0.725633,-1.519202,,,,,,
812102,,,,,,,,,1.208569,0.000000,,,71.821213,67.419334,0.288414,0.234883,,,,,,,,,,,,
812106,,,,,,,,,,,,,,,,,,,,0.422106,0.713928,-1.535226,,,,,,
812112,,,,,,,,,1.071232,-1.957303,,,71.865768,67.072937,0.288359,0.237736,,,,,,,,,,,,
812120,,,,,,,,,1.126167,-3.262170,,,72.447800,66.236938,0.282812,0.245651,,,,0.422658,0.702864,-1.551218,,,,,,
812128,,,,,,,,,,,,,,,,,,,,0.422847,0.692424,-1.566633,,,,,,
812134,,,,,,,,,0.851492,-0.652435,,,74.571152,69.345329,0.261428,0.213501,,,,0.422974,0.681970,-1.583026,,,,,,
812142,,,,,,,,,1.236036,0.652434,,,70.367760,65.426216,0.304152,0.252409,,,,,,,,,,,,
812147,0.423142,0.681511,-1.573828,0.403262,0.688679,-1.632924,1.137555,-1.193272,,,74.592674,63.355488,,,,,-0.007108,-0.019901,-0.059096,,,,,,,,,
812150,,,,,,,,,1.098699,-1.304869,,,70.642830,64.851387,0.309948,0.251274,,,,0.422917,0.671572,-1.603099,,,,,,
812158,,,,,,,,,,,,,,,,,,,,0.422540,0.661350,-1.622681,,,,,,
812162,,,,,,,,,1.126167,-3.262170,,,71.418816,64.912270,0.302823,0.250354,,,,,,,,,,,,
812166,,,,,,,,,,,,,,,,,,,,0.421812,0.651188,-1.645830,,,,,,
812172,,,,,,,,,1.071232,-1.957303,,,72.071732,64.418953,0.296798,0.255074,,,,,,,,,,,,
812182,,,,,,,,,1.153634,-2.609736,,,73.165642,64.548416,0.286144,0.253541,,,,,,,,,,,,
812194,,,,,,,,,0.769089,-1.304867,,,69.729706,61.390091,0.321476,0.285517,,,,0.419769,0.621559,-1.710776,,,,,,
812197,0.419919,0.623366,-1.704762,0.397604,0.632809,-1.712939,1.129094,-1.463420,,,73.331116,64.213440,,,,,-0.006378,-0.023376,-0.008177,,,,,,,,,
812202,,,,,,,,,1.263504,0.000000,,,71.195061,64.178108,0.294634,0.266224,,,,,,,,,,,,
812210,,,,,,,,,1.126167,-1.957302,,,71.883461,63.801231,0.288040,0.270075,,,,0.418385,0.610159,-1.736213,,,,,,
812218,,,,,,,,,,,,,,,,,,,,0.416980,0.599213,-1.764967,,,,,,
812222,,,,,,,,,1.098699,-2.609736,,,71.918144,63.484127,0.287975,0.273392,,,,,,,,,,,,
812225,,,,,,,,,,,,,,,,,,,,0.415431,0.588406,-1.786457,,,,,,
812232,,,,,,,,,1.071232,-1.957303,,,72.491867,63.217316,0.282406,0.276259,,,,,,,,,,,,
812240,,,,,,,,,1.098699,-2.609736,,,72.430054,63.537361,0.283204,0.273194,,,,0.413194,0.577436,-1.811092,,,,,,
812247,0.412855,0.576770,-1.813110,0.387244,0.578284,-1.806681,1.117275,-1.737533,,,75.933174,66.353104,,,,,0.004675,-0.025226,0.006429,0.411012,0.566897,-1.832211,,,,,,
812254,,,,,,,,,0.851492,-0.652435,,,70.199875,61.628475,0.332673,0.314624,,,,,,,,,,,,
812261,,,,,,,,,1.263504,1.304869,,,71.046112,64.378685,0.325188,0.287517,,,,0.408357,0.556262,-1.853098,,,,,,
812269,,,,,,,,,,,,,,,,,,,,0.405742,0.545814,-1.870431,,,,,,
812272,,,,,,,,,1.126167,-3.262170,,,72.302681,64.514542,0.313349,0.286526,,,,,,,,,,,,
812277,,,,,,,,,,,,,,,,,,,,0.402279,0.534708,-1.887393,,,,,,
812282,,,,,,,,,1.153634,-1.304868,,,72.270874,64.628845,0.314399,0.285728,,,,,,,,,,,,
812291,,,,,,,,,1.098699,-2.609736,,,72.788651,64.725021,0.309850,0.285092,,,,0.399095,0.523971,-1.904500,,,,,,
812297,0.398868,0.524004,-1.907771,0.371670,0.525775,-1.914057,1.103324,-2.011831,,,76.985298,65.045471,,,,,0.007321,-0.026254,-0.006286,0.395457,0.513032,-1.921411,,,,,,
812302,,,,,,,,,1.153634,0.000000,,,73.224312,65.350487,0.316767,0.265700,,,,,,,,,,,,
812306,,,,,,,,,,,,,,,,,,,,0.392020,0.502367,-1.941704,,,,,,
812313,,,,,,,,,0.796557,-1.957302,,,74.679962,68.054932,0.302672,0.238054,,,,,,,,,,,,
812320,,,,,,,,,1.373374,0.000000,,,72.092941,65.429558,0.329521,0.264230,,,,0.388194,0.491777,-1.961814,,,,,,
812328,,,,,,,,,,,,,,,,,,,,0.384256,0.480994,-1.981769,,,,,,
812332,,,,,,,,,1.181102,-3.262171,,,73.183487,65.398743,0.319375,0.264468,,,,,,,,,,,,
812336,,,,,,,,,,,,,,,,,,,,0.379974,0.470644,-2.001546,,,,,,
812342,,,,,,,,,1.181102,-1.957302,,,74.101067,65.372818,0.310777,0.264662,,,,,,,,,,,,
812347,0.379696,0.470530,-2.001879,0.350514,0.476067,-2.034784,1.088478,-2.282232,,,77.638878,62.376545,,,,,0.007163,-0.028826,-0.032905,,,,,,,,,
812354,,,,,,,,,0.851492,-1.957303,,,72.150406,63.172829,0.337917,0.259813,,,,0.375734,0.460049,-2.024471,,,,,,
812358,,,,,,,,,,,,,,,,,,,,0.370851,0.449542,-2.047239,,,,,,
812362,,,,,,,,,1.236037,-1.957302,,,73.776382,64.589020,0.322429,0.245209,,,,,,,,,,,,
812366,,,,,,,,,,,,,,,,,,,,0.365556,0.438833,-2.076299,,,,,,
812372,,,,,,,,,1.098699,-2.609736,,,74.055389,64.146973,0.320356,0.249275,,,,,,,,,,,,
812382,,,,,,,,,1.181102,-1.957302,,,74.834686,64.319572,0.313124,0.247160,,,,,,,,,,,,
812392,,,,,,,,,1.126167,-4.567039,,,76.034935,63.920258,0.301442,0.250845,,,,,,,,,,,,
812396,0.348418,0.409266,-2.164763,0.323581,0.430061,-2.168463,1.073857,-2.545466,,,73.547577,58.808617,,,,,-0.003333,-0.032221,-0.003700,0.348202,0.408080,-2.158786,,,,,,
812402,,,,,,,,,1.208569,-2.609737,,,76.500275,64.128815,0.255285,0.212016,,,,,,,,,,,,
812414,,,,,,,,,0.796557,-1.957302,,,73.624557,61.581581,0.284027,0.236934,,,,0.341927,0.398013,-2.190032,,,,,,
812417,,,,,,,,,,,,,,,,,,,,0.335368,0.388453,-2.220995,,,,,,
812422,,,,,,,,,1.263504,-1.304869,,,74.472183,63.794685,0.275366,0.213805,,,,,,,,,,,,
812431,,,,,,,,,1.126167,-3.262170,,,75.185379,62.934074,0.267906,0.221587,,,,0.328785,0.378822,-2.251815,,,,,,
812439,,,,,,,,,,,,,,,,,,,,0.321901,0.369660,-2.285390,,,,,,
812442,,,,,,,,,1.043764,-2.609737,,,75.240921,62.754501,0.267012,0.222593,,,,,,,,,,,,
812447,0.321446,0.369519,-2.286207,0.290889,0.388764,-2.314724,1.060373,-2.800437,,,76.718819,58.877258,,,,,0.005517,-0.035689,-0.028518,0.314902,0.360504,-2.315791,,,,,,
812452,,,,,,,,,1.098699,-2.609736,,,75.287651,62.058865,0.298544,0.229600,,,,,,,,,,,,
812461,,,,,,,,,1.126167,-4.567039,,,75.871513,62.018097,0.292874,0.229379,,,,0.307338,0.351799,-2.348924,,,,,,
812474,,,,,,,,,0.741622,-1.957302,,,72.550972,58.716537,0.326913,0.262427,,,,0.299650,0.343416,-2.381788,,,,,,
812477,,,,,,,,,,,,,,,,,,,,0.291695,0.335395,-2.414440,,,,,,
812482,,,,,,,,,1.373374,-2.609737,,,75.202499,61.928581,0.300701,0.229696,,,,,,,,,,,,
812491,,,,,,,,,1.098699,-2.609736,,,75.799866,61.908478,0.294911,0.229291,,,,0.283593,0.327769,-2.446889,,,,,,
812497,0.283518,0.328005,-2.444346,0.252695,0.353276,-2.473376,1.048699,-3.049284,,,77.230927,57.964958,,,,,0.007402,-0.039164,-0.029030,0.275269,0.320574,-2.482118,,,,,,
812502,,,,,,,,,1.126167,-3.262170,,,76.302490,61.347019,0.295192,0.225106,,,,,,,,,,,,
812506,,,,,,,,,,,,,,,,,,,,0.267103,0.313465,-2.520116,,,,,,
812514,,,,,,,,,0.769089,-3.914606,,,73.458138,58.151894,0.324390,0.257020,,,,,,,,,,,,
812520,,,,,,,,,1.290972,-1.957303,,,75.421249,60.908947,0.305121,0.228861,,,,0.258740,0.306908,-2.557757,,,,,,
812528,,,,,,,,,,,,,,,,,,,,0.250119,0.300602,-2.595187,,,,,,
812532,,,,,,,,,1.153634,-3.914605,,,76.528465,61.050556,0.294189,0.226827,,,,,,,,,,,,
812536,,,,,,,,,,,,,,,,,,,,0.240951,0.294569,-2.635305,,,,,,
812542,,,,,,,,,1.071232,-4.567039,,,76.370987,60.080620,0.295936,0.236104,,,,,,,,,,,,
812547,0.240779,0.294889,-2.638428,0.209530,0.324762,-2.644544,1.039374,-3.297262,,,78.161034,59.054394,,,,,0.012971,-0.041239,-0.006116,,,,,,,,,
812550,,,,,,,,,1.071232,-3.262170,,,76.783028,59.809059,0.301392,0.249563,,,,0.231715,0.288714,-2.675204,,,,,,
812558,,,,,,,,,,,,,,,,,,,,0.222017,0.282995,-2.714995,,,,,,
812562,,,,,,,,,1.043764,-3.914604,,,76.585182,59.036026,0.303686,0.257297,,,,,,,,,,,,
812565,,,,,,,,,,,,,,,,,,,,0.212037,0.277755,-2.757392,,,,,,
812573,,,,,,,,,0.988829,-7.829210,,,77.507797,56.207424,0.294590,0.286152,,,,,,,,,,,,
812582,,,,,,,,,1.181102,3.262171,,,75.016830,59.817413,0.320129,0.249900,,,,,,,,,,,,
812592,,,,,,,,,1.043764,-3.914604,,,75.643646,59.587597,0.314364,0.252091,,,,,,,,,,,,
812597,0.210435,0.277441,-2.763820,0.162218,0.304415,-2.828607,1.033032,-3.550783,,,86.389320,62.081982,,,,,0.034868,-0.042857,-0.064786,,,,,,,,,
812601,,,,,,,,,1.153634,-3.914605,,,76.171043,59.394230,0.393417,0.284838,,,,0.181641,0.264719,-2.869636,,,,,,
812609,,,,,,,,,,,,,,,,,,,,0.170981,0.260884,-2.908782,,,,,,
812612,,,,,,,,,1.071232,-3.262170,,,76.614799,59.776073,0.390934,0.281481,,,,,,,,,,,,
812617,,,,,,,,,,,,,,,,,,,,0.160247,0.257799,-2.944974,,,,,,
812622,,,,,,,,,1.181102,-5.871908,,,78.077263,59.552814,0.377972,0.284219,,,,,,,,,,,,
812627,,,,,,,,,,,,,,,,,,,,0.160247,0.257799,-2.944974,,,,,,
812634,,,,,,,,,0.796557,-1.957302,,,74.951431,57.186790,0.411518,0.308859,,,,,,,,,,,,
812642,,,,,,,,,1.236037,-1.957302,,,76.133163,59.552364,0.401752,0.285709,,,,0.139021,0.252464,-3.028148,,,,,,
812647,0.140084,0.252948,-3.014173,0.111892,0.293405,-3.025908,1.030753,-3.813105,,,81.962944,59.709999,,,,,0.022823,-0.043712,-0.011735,,,,,,,,,
812651,,,,,,,,,1.208569,-5.219474,,,78.216560,59.909130,0.337403,0.258382,,,,0.127356,0.250139,-3.078157,,,,,,
812658,,,,,,,,,,,,,,,,,,,,0.116022,0.248321,-3.122348,,,,,,
812662,,,,,,,,,1.208569,-3.914605,,,79.424980,60.209312,0.325827,0.255280,,,,,,,,,,,,
812666,,,,,,,,,,,,,,,,,,,,0.104344,0.246752,3.111014,,,,,,
812672,,,,,,,,,1.181102,-5.871908,,,80.441750,60.461884,0.315963,0.252604,,,,,,,,,,,,
812682,,,,,,,,,1.181102,-4.567039,,,81.297256,60.129856,0.307541,0.255840,,,,,,,,,,,,
812693,,,,,,,,,0.741622,-3.262171,,,77.660736,57.127769,0.344767,0.286377,,,,,,,,,,,,
812697,0.104235,0.247127,3.110596,0.059997,0.292813,3.047071,1.034453,-4.078121,,,90.884552,63.829681,,,,,0.045633,-0.044293,-0.063525,,,,,,,,,
812702,,,,,,,,,1.373374,-2.609737,,,80.046402,61.680878,0.412294,0.282473,,,,0.069019,0.245872,2.961164,,,,,,
812709,,,,,,,,,,,,,,,,,,,,0.057387,0.246690,2.908397,,,,,,
812712,,,,,,,,,1.236037,-5.871907,,,81.509155,60.610973,0.399542,0.293816,,,,,,,,,,,,
812717,,,,,,,,,,,,,,,,,,,,0.046237,0.247788,2.863893,,,,,,
812722,,,,,,,,,1.263504,-5.219473,,,83.284462,61.344387,0.383309,0.286979,,,,,,,,,,,,
812731,,,,,,,,,1.208569,-5.219474,,,84.233658,61.416939,0.375147,0.286736,,,,0.034968,0.249711,2.810785,,,,,,
812739,,,,,,,,,,,,,,,,,,,,0.023883,0.251852,2.763079,,,,,,
812742,,,,,,,,,1.236037,-3.262171,,,85.032310,62.022526,0.368331,0.281041,,,,,,,,,,,,
812747,0.025481,0.252110,2.778576,0.008275,0.303557,2.825797,1.047130,-4.324263,,,85.545959,64.522820,,,,,0.034353,-0.041984,0.047222,0.012301,0.254691,2.706610,,,,,,
812754,,,,,,,,,0.906427,-4.567039,,,82.437042,59.809349,0.341519,0.311047,,,,,,,,,,,,
812760,,,,,,,,,1.428309,-3.914606,,,84.609726,62.848072,0.319980,0.280995,,,,0.001085,0.257872,2.649734,,,,,,
812768,,,,,,,,,,,,,,,,,,,,-0.010249,0.261629,2.598161,,,,,,
812772,,,,,,,,,1.236037,-3.262171,,,84.804192,63.226681,0.318183,0.277468,,,,,,,,,,,,
812776,,,,,,,,,,,,,,,,,,,,-0.021532,0.265736,2.540429,,,,,,
812782,,,,,,,,,1.098699,-3.914604,,,84.423271,63.000698,0.322217,0.280032,,,,,,,,,,,,
812790,,,,,,,,,1.208569,-5.219474,,,84.647308,62.810558,0.320156,0.282276,,,,-0.032782,0.270713,2.485010,,,,,,
812797,-0.032354,0.271563,2.487789,-0.041267,0.326299,2.597422,1.072771,-4.513456,,,86.812485,69.184593,,,,,0.040366,-0.038027,0.109632,-0.043837,0.276115,2.432020,,,,,,
812802,,,,,,,,,1.126167,-3.262170,,,84.291267,62.650574,0.336886,0.331800,,,,,,,,,,,,
812813,,,,,,,,,0.824024,-2.609737,,,85.625328,64.694138,0.323783,0.312263,,,,-0.054511,0.281974,2.381468,,,,,,
812819,,,,,,,,,,,,,,,,,,,,-0.064538,0.288019,2.333609,,,,,,
812822,,,,,,,,,1.428309,-2.609736,,,81.846916,62.601788,0.362560,0.334503,,,,,,,,,,,,
812827,,,,,,,,,,,,,,,,,,,,-0.073936,0.294778,2.285292,,,,,,
812832,,,,,,,,,1.263504,-3.914606,,,82.479561,63.563999,0.357101,0.326005,,,,,,,,,,,,
812841,,,,,,,,,1.263504,-2.609736,,,83.556419,64.918152,0.346983,0.313317,,,,-0.082643,0.301752,2.242544,,,,,,
812847,-0.082383,0.302744,2.252219,-0.086411,0.361350,2.367845,1.115664,-4.601423,,,91.417480,74.140404,,,,,0.048055,-0.033788,0.115625,-0.091139,0.309092,2.196332,,,,,,
812855,,,,,,,,,0.961362,-1.957303,,,80.650681,63.334816,0.424244,0.380869,,,,-0.099639,0.316778,2.155818,,,,,,
812862,,,,,,,,,1.236037,-3.262171,,,80.928513,64.180771,0.423563,0.374402,,,,,,,,,,,,
812871,,,,,,,,,1.373374,-2.609737,,,82.795906,65.981644,0.406614,0.358025,,,,-0.107987,0.325293,2.111478,,,,,,
812878,,,,,,,,,,,,,,,,,,,,-0.115536,0.334076,2.073120,,,,,,
812882,,,,,,,,,1.318439,-2.609739,,,83.822586,67.496895,0.397866,0.344201,,,,,,,,,,,,
812886,,,,,,,,,,,,,,,,,,,,-0.123007,0.343043,2.034317,,,,,,
812892,,,,,,,,,1.263504,-2.609736,,,84.686440,68.771828,0.390574,0.332525,,,,,,,,,,,,
812897,-0.122634,0.344007,2.041695,-0.124821,0.408564,2.143619,1.179129,-4.559114,,,98.489609,81.055695,,,,,0.058523,-0.027340,0.101924,,,,,,,,,
812900,,,,,,,,,1.345906,-3.262171,,,85.413284,69.300018,0.456642,0.398747,,,,-0.130191,0.352805,1.995006,,,,,,
812908,,,,,,,,,,,,,,,,,,,,-0.137024,0.362976,1.951853,,,,,,
812914,,,,,,,,,0.878959,-2.609737,,,82.213043,66.477173,0.491899,0.429892,,,,,,,,,,,,
812922,,,,,,,,,1.565646,-1.957302,,,85.510338,70.636551,0.461522,0.390382,,,,-0.143596,0.373175,1.911473,,,,,,
812932,,,,,,,,,1.483244,-3.914604,,,87.740143,72.502625,0.441374,0.373431,,,,,,,,,,,,
812942,,,,,,,,,1.455776,-1.957302,,,89.071754,74.072739,0.429942,0.359127,,,,,,,,,,,,
812947,-0.144327,0.376305,1.914223,-0.154156,0.467239,1.930155,1.264017,-4.391523,,,115.349274,92.657921,,,,,0.088934,-0.021364,0.015932,,,,,,,,,
812954,,,,,,,,,0.961362,-1.957303,,,85.835823,71.582024,0.636800,0.504272,,,,-0.161941,0.407048,1.779414,,,,,,
812959,,,,,,,,,,,,,,,,,,,,-0.166838,0.418788,1.736354,,,,,,
812962,,,,,,,,,1.593114,-1.304868,,,88.558548,74.931770,0.614931,0.474319,,,,,,,,,,,,
812966,,,,,,,,,,,,,,,,,,,,-0.171364,0.430790,1.688723,,,,,,
812972,,,,,,,,,1.593114,-5.219473,,,92.483078,77.205704,0.580259,0.454670,,,,,,,,,,,,
812982,,,,,,,,,1.785386,-5.871908,,,97.418808,80.208076,0.534488,0.427137,,,,,,,,,,,,
812988,,,,,,,,,,,,,,,,,,,,-0.179506,0.455299,1.590186,,,,,,
812992,,,,,,,,,1.730451,-4.567039,,,101.027184,82.734276,0.501268,0.403859,,,,,,,,,,,,
812996,-0.181271,0.467887,1.545445,-0.172232,0.536022,1.730538,1.367596,-4.136711,,,106.331406,100.140564,,,,,0.068342,-0.007309,0.185093,-0.182937,0.468538,1.532473,,,,,,
813002,,,,,,,,,1.675516,-3.262171,,,103.518730,84.315277,0.386737,0.466041,,,,,,,,,,,,
813015,,,,,,,,,1.290972,-3.262171,,,101.258774,82.922813,0.410351,0.483409,,,,-0.189078,0.495464,1.420350,,,,,,
813022,,,,,,,,,1.538179,1.304869,,,99.901787,85.018456,0.425207,0.465477,,,,,,,,,,,,
813032,,,,,,,,,1.593114,-1.304868,,,100.393646,87.326271,0.421476,0.444962,,,,-0.191147,0.510040,1.355254,,,,,,
813039,,,,,,,,,,,,,,,,,,,,-0.193221,0.524241,1.302606,,,,,,
813042,,,,,,,,,1.648049,1.304868,,,100.262955,89.812607,0.423996,0.422164,,,,,,,,,,,,
813047,-0.192109,0.526429,1.328532,-0.177218,0.612855,1.545382,1.483144,-3.846208,,,115.025490,115.230278,,,,,0.087475,0.006278,0.216850,-0.194756,0.538874,1.247411,,,,,,
813052,,,,,,,,,1.620581,-1.957303,,,100.697533,90.815521,0.509457,0.567915,,,,,,,,,,,,
813061,,,,,,,,,1.648049,-1.304868,,,101.607727,92.748466,0.503039,0.553082,,,,-0.195098,0.553016,1.193272,,,,,,
813069,,,,,,,,,,,,,,,,,,,,-0.195143,0.566308,1.146971,,,,,,
813074,,,,,,,,,1.290972,0.652435,,,104.007195,96.008476,0.481248,0.524326,,,,-0.194653,0.580137,1.098127,,,,,,
813082,,,,,,,,,1.867789,1.304868,,,100.036133,94.395096,0.523956,0.544627,,,,,,,,,,,,
813091,,,,,,,,,1.922724,-1.304868,,,103.229401,98.483032,0.494383,0.507097,,,,-0.193491,0.593819,1.052833,,,,,,
813097,-0.191070,0.595896,1.070626,-0.167879,0.694939,1.373515,1.600205,-3.564197,,,116.653175,129.410187,,,,,0.098032,0.027148,0.302888,-0.192056,0.608444,1.011396,,,,,,
813102,,,,,,,,,1.867789,1.304868,,,104.827133,101.922623,0.497047,0.619998,,,,,,,,,,,,
813106,,,,,,,,,,,,,,,,,,,,-0.190289,0.623007,0.967375,,,,,,
813114,,,,,,,,,1.565646,-1.957302,,,105.082375,100.460350,0.496809,0.640410,,,,,,,,,,,,
813120,,,,,,,,,1.675516,5.871905,,,102.574417,103.586334,0.524704,0.614315,,,,-0.187379,0.637548,0.917515,,,,,,
813127,,,,,,,,,,,,,,,,,,,,-0.184484,0.651407,0.877755,,,,,,
813132,,,,,,,,,2.060061,4.567036,,,104.276024,108.939255,0.510164,0.564880,,,,,,,,,,,,
813135,,,,,,,,,,,,,,,,,,,,-0.181052,0.664893,0.832130,,,,,,
813142,,,,,,,,,1.922724,3.914605,,,105.707756,112.354118,0.498035,0.534143,,,,,,,,,,,,
813147,-0.178495,0.666425,0.868702,-0.143854,0.778795,1.212870,1.705120,-3.317627,,,120.063759,141.420074,,,,,0.108166,0.046122,0.344168,-0.176895,0.678339,0.789874,,,,,,
813152,,,,,,,,,1.922724,0.000000,,,107.456963,114.138298,0.517171,0.641856,,,,,,,,,,,,
813157,,,,,,,,,,,,,,,,,,,,-0.172339,0.692286,0.754284,,,,,,
813162,,,,,,,,,2.032593,3.914604,,,108.928741,117.817680,0.504680,0.609783,,,,,,,,,,,,
813173,,,,,,,,,1.428309,3.914606,,,110.167099,120.368965,0.494276,0.588480,,,,-0.167120,0.705710,0.715603,,,,,,
813179,,,,,,,,,,,,,,,,,,,,-0.161140,0.719489,0.674170,,,,,,
813182,,,,,,,,,2.032593,2.609739,,,105.763618,117.070183,0.541170,0.626338,,,,,,,,,,,,
813187,,,,,,,,,,,,,,,,,,,,-0.154866,0.732548,0.636113,,,,,,
813192,,,,,,,,,1.977659,3.914606,,,106.959419,119.740021,0.531833,0.603976,,,,,,,,,,,,
813197,-0.151918,0.733680,0.672195,-0.105974,0.860400,1.061346,1.781588,-3.115525,,,120.198608,150.457138,,,,,0.114859,0.070544,0.389151,,,,,,,,,
813201,,,,,,,,,2.060061,4.567036,,,109.054649,123.075508,0.514458,0.666468,,,,-0.147925,0.745860,0.598354,,,,,,
813208,,,,,,,,,,,,,,,,,,,,-0.141107,0.758738,0.563830,,,,,,
813212,,,,,,,,,2.224866,5.871907,,,111.362122,128.060165,0.493151,0.621101,,,,,,,,,,,,
813216,,,,,,,,,,,,,,,,,,,,-0.133448,0.771680,0.529325,,,,,,
813222,,,,,,,,,2.169931,5.871907,,,112.759087,131.709702,0.480669,0.588355,,,,,,,,,,,,
813234,,,,,,,,,1.510711,4.567039,,,107.944519,132.602249,0.531266,0.583000,,,,,,,,,,,,
813242,,,,,,,,,1.895256,4.567039,,,107.705345,126.818726,0.536156,0.645563,,,,,,,,,,,,
813247,-0.129225,0.773965,0.560579,-0.056606,0.935482,0.917796,1.811117,-2.949735,,,132.457535,162.541718,,,,,0.147379,0.098187,0.357217,,,,,,,,,
813252,,,,,,,,,2.197398,5.219471,,,110.226822,130.120621,0.637977,0.739874,,,,-0.107026,0.809121,0.415372,,,,,,
813259,,,,,,,,,,,,,,,,,,,,-0.097889,0.820280,0.378603,,,,,,
813262,,,,,,,,,2.307268,3.914604,,,113.982018,134.532455,0.604120,0.701358,,,,,,,,,,,,
813267,,,,,,,,,,,,,,,,,,,,-0.087880,0.832006,0.347692,,,,,,
813272,,,,,,,,,2.307268,5.219471,,,116.597099,138.789124,0.581141,0.663542,,,,,,,,,,,,
813282,,,,,,,,,2.334736,5.871910,,,117.163795,140.737045,0.578533,0.648423,,,,-0.076935,0.843831,0.308426,,,,,,
813294,,,,,,,,,1.483244,3.914604,,,113.284271,136.386063,0.621163,0.697164,,,,-0.065649,0.854856,0.272016,,,,,,
813297,-0.065924,0.851698,0.312792,0.000000,1.000000,0.783802,1.773268,-2.788429,,,107.784058,150.690704,,,,,0.108360,0.120820,0.471010,-0.054576,0.864854,0.227423,,,,,,
813302,,,,,,,,,1.922724,5.219474,,,112.198212,134.903320,0.384406,0.596639,,,,,,,,,,,,
813311,,,,,,,,,2.279801,3.262168,,,115.096199,138.556625,0.353963,0.562533,,,,-0.043299,0.874535,0.191227,,,,,,
813319,,,,,,,,,,,,,,,,,,,,-0.031085,0.884422,0.152354,,,,,,
813322,,,,,,,,,1.977659,7.829213,,,113.722763,139.452347,0.366510,0.555823,,,,,,,,,,,,
813326,,,,,,,,,,,,,,,,,,,,-0.018373,0.894091,0.113531,,,,,,
813332,,,,,,,,,1.977659,9.134078,,,111.478073,140.206009,0.388218,0.550384,,,,,,,,,,,,
813340,,,,,,,,,1.895256,7.176775,,,109.589386,139.751038,0.406744,0.557121,,,,-0.005029,0.902817,0.074741,,,,,,
813347,-0.002963,0.901972,0.124959,0.000000,1.000000,0.783802,0.000000,0.000000,,,4.262969,4.262969,,,,,0.015157,0.096895,0.658843,,,,,,,,,
813354,,,,,,,,,1.236037,3.262171,,,103.099358,131.744629,-0.583334,-0.852588,,,,0.021267,0.918405,0.013804,,,,,,
813362,,,,,,,,,1.510711,7.176776,,,98.727737,128.819839,-0.558511,-0.848252,,,,,,,,,,,,
813370,,,,,,,,,0.631752,12.396251,,,84.158592,119.824402,-0.428798,-0.781410,,,,0.035234,0.925694,-0.005527,,,,,,
813377,,,,,,,,,,,,,,,,,,,,0.049518,0.932376,-0.016568,,,,,,
813382,,,,,,,,,0.137337,8.481645,,,68.632858,105.721123,-0.286415,-0.660669,,,,,,,,,,,,
813394,,,,,,,,,-0.137337,-1.957303,,,57.203133,82.963760,-0.182706,-0.448835,,,,0.063928,0.938051,-0.010876,,,,,,
813397,0.057740,0.934981,-0.007704,0.000000,1.000000,0.783802,0.000000,0.000000,,,-16.379650,-16.379650,,,,,-0.058239,0.064573,0.791506,0.078214,0.943508,0.011431,,,,,,
813402,,,,,,,,,-0.631752,-12.396251,,,47.041622,62.182091,-0.300201,-0.463157,,,,,,,,,,,,
813407,,,,,,,,,,,,,,,,,,,,0.092940,0.948778,0.028846,,,,,,
813412,,,,,,,,,-0.878959,-11.743815,,,35.769012,39.250961,-0.197905,-0.244972,,,,,,,,,,,,
813422,,,,,,,,,-0.988829,-9.134079,,,24.650610,18.867630,-0.094927,-0.048188,,,,0.103235,0.953770,0.053620,,,,,,
813432,,,,,,,,,-0.741622,-7.176776,,,15.840131,5.528900,-0.013266,0.080818,,,,,,,,,,,,
813442,,,,,,,,,0.082402,-3.262171,,,15.506057,4.107472,-0.016302,0.090935,,,,,,,,,,,,
813447,0.099762,0.952168,0.034792,0.000000,1.000000,0.783802,0.000000,0.000000,,,-27.573092,-27.573092,,,,,-0.098038,0.051273,0.749011,,,,,,,,,
813454,,,,,,,,,0.274675,-1.304868,,,16.314053,5.634200,-0.145094,-0.042909,,,,0.132215,0.968250,0.110961,,,,,,
813459,,,,,,,,,,,,,,,,,,,,0.144079,0.972437,0.134009,,,,,,
813462,,,,,,,,,0.302142,1.957302,,,15.904815,8.552418,-0.149697,-0.079316,,,,,,,,,,,,
813466,,,,,,,,,,,,,,,,,,,,0.152861,0.975718,0.170293,,,,,,
813472,,,,,,,,,-0.027467,1.957303,,,12.293222,7.740546,-0.121555,-0.078260,,,,,,,,,,,,
813482,,,,,,,,,-0.137337,0.652434,,,8.709887,5.968351,-0.092978,-0.067246,,,,,,,,,,,,
813489,,,,,,,,,,,,,,,,,,,,0.168040,0.981831,0.225784,,,,,,
813492,,,,,,,,,-0.027467,1.957303,,,6.239411,5.021770,-0.075036,-0.064299,,,,,,,,,,,,
813497,0.162195,0.979332,0.217967,0.000000,1.000000,0.783802,0.000000,0.000000,,,-43.281071,-43.281071,,,,,-0.153888,0.055253,0.565835,0.175195,0.984906,0.250673,,,,,,
813502,,,,,,,,,0.247207,-0.652434,,,7.972556,6.403490,-0.259697,-0.245133,,,,,,,,,,,,
813514,,,,,,,,,0.027467,-0.652434,,,7.252651,5.387895,-0.262605,-0.244711,,,,0.182212,0.987773,0.269951,,,,,,
813518,,,,,,,,,,,,,,,,,,,,0.187814,0.989758,0.303705,,,,,,
813522,,,,,,,,,-0.384545,0.000000,,,2.290577,1.266115,-0.222099,-0.212403,,,,,,,,,,,,
813526,,,,,,,,,,,,,,,,,,,,0.193409,0.991752,0.331682,,,,,,
813532,,,,,,,,,-0.137337,-0.652434,,,0.838205,-1.112864,-0.216399,-0.197047,,,,,,,,,,,,
813540,,,,,,,,,-0.000000,0.000000,,,0.705265,-0.936364,-0.223867,-0.207281,,,,0.198132,0.993529,0.359665,,,,,,
813547,0.195117,0.992338,0.347774,0.000000,1.000000,0.783802,0.000000,0.000000,,,-50.856831,-50.856831,,,,,-0.180824,0.073700,0.436028,0.202472,0.995007,0.385247,,,,,,
813554,,,,,,,,,-0.000000,0.000000,,,0.593410,-0.787856,-0.308796,-0.294537,,,,0.206194,0.996358,0.410554,,,,,,
813562,,,,,,,,,-0.027467,0.652434,,,-0.045248,-0.662902,-0.312572,-0.305825,,,,,,,,,,,,
813571,,,,,,,,,-0.082402,0.652434,,,-1.127158,-1.102309,-0.311698,-0.311382,,,,0.209154,0.997503,0.436138,,,,,,
813582,,,,,,,,,-0.109870,0.000000,,,-2.037477,-2.016569,-0.312359,-0.312008,,,,,,,,,,,,
813592,,,,,,,,,-0.137337,0.652434,,,-3.347962,-2.785827,-0.308756,-0.313929,,,,,,,,,,,,
813597,0.207438,0.996862,0.431460,0.000000,1.000000,0.783802,0.000000,0.000000,,,-52.626186,-52.626186,,,,,-0.187115,0.089600,0.352342,,,,,,,,,
813601,,,,,,,,,-0.247207,0.652434,,,-5.539691,-4.522168,-0.313950,-0.323880,,,,0.214203,0.999048,0.498696,,,,,,
813609,,,,,,,,,,,,,,,,,,,,0.214733,0.999077,0.510253,,,,,,
813614,,,,,,,,,-0.219740,0.000000,,,-6.839268,-5.983124,-0.310111,-0.318599,,,,,,,,,,,,
813617,,,,,,,,,,,,,,,,,,,,0.214784,0.998872,0.521748,,,,,,
813622,,,,,,,,,-0.384545,-1.304868,,,-9.021819,-8.846002,-0.297007,-0.298726,,,,,,,,,,,,
813632,,,,,,,,,-0.357077,0.652434,,,-10.858217,-11.254827,-0.286996,-0.282913,,,,0.214256,0.998308,0.527372,,,,,,
813642,,,,,,,,,-0.302142,-0.652434,,,-12.403362,-12.192526,-0.279589,-0.281622,,,,0.214256,0.998308,0.527372,,,,,,
813647,0.212529,0.997664,0.516587,0.000000,1.000000,0.783802,0.000000,0.000000,,,-51.649342,-51.649342,,,,,-0.183642,0.107003,0.267215,,,,,,,,,
813650,,,,,,,,,-0.274675,0.000000,,,-13.158903,-13.526049,-0.269964,-0.266143,,,,0.213429,0.997606,0.527242,,,,,,
813659,,,,,,,,,,,,,,,,,,,,0.212027,0.996764,0.530121,,,,,,
813662,,,,,,,,,-0.274675,0.000000,,,-13.794616,-14.103532,-0.271177,-0.267878,,,,,,,,,,,,
813667,,,,,,,,,,,,,,,,,,,,0.210220,0.995645,0.527372,,,,,,
813674,,,,,,,,,-0.274675,0.000000,,,-14.329504,-14.589426,-0.273292,-0.270431,,,,0.207811,0.994288,0.527163,,,,,,
813682,,,,,,,,,-0.466947,-0.652434,,,-16.413189,-17.176430,-0.259503,-0.251455,,,,0.205044,0.992842,0.524259,,,,,,
813692,,,,,,,,,-0.412012,-0.652434,,,-17.621857,-18.808592,-0.254222,-0.241702,,,,0.201884,0.991066,0.521384,,,,,,
813697,0.201263,0.990786,0.518245,0.000000,1.000000,0.783802,0.000000,0.000000,,,-47.888657,-47.888657,,,,,-0.170271,0.107701,0.265557,0.198542,0.989281,0.515638,,,,,,
813702,,,,,,,,,-0.412012,0.652434,,,-19.183374,-19.637348,-0.206741,-0.201458,,,,,,,,,,,,
813707,,,,,,,,,,,,,,,,,,,,0.194940,0.987247,0.512629,,,,,,
813714,,,,,,,,,-0.329610,-1.304868,,,-18.863605,-20.334665,-0.215743,-0.199995,,,,,,,,,,,,
813721,,,,,,,,,-0.576817,0.652434,,,-21.861811,-22.555017,-0.190967,-0.182858,,,,0.191299,0.985230,0.506839,,,,,,
813732,,,,,,,,,-0.466947,-0.652434,,,-22.750870,-23.878677,-0.187104,-0.174424,,,,,,,,,,,,
813742,,,,,,,,,-0.466947,-0.652434,,,-23.498924,-24.992405,-0.184501,-0.167866,,,,,,,,,,,,
813747,0.190419,0.984751,0.505058,0.000000,1.000000,0.783802,0.000000,0.000000,,,-44.793533,-44.793533,,,,,-0.159266,0.105481,0.278744,,,,,,,,,
813751,,,,,,,,,-0.466947,-0.652434,,,-24.128338,-25.929495,-0.151389,-0.131316,,,,0.178509,0.978423,0.495148,,,,,,
813758,,,,,,,,,,,,,,,,,,,,0.174224,0.976116,0.492496,,,,,,
813762,,,,,,,,,-0.494415,0.000000,,,-25.202469,-26.717962,-0.144566,-0.127047,,,,,,,,,,,,
813766,,,,,,,,,,,,,,,,,,,,0.169881,0.973794,0.486834,,,,,,
813774,,,,,,,,,-0.329610,0.000000,,,-26.650785,-28.470465,-0.133711,-0.112786,,,,,,,,,,,,
813782,,,,,,,,,-0.604285,0.000000,,,-26.235769,-27.222305,-0.141573,-0.128782,,,,,,,,,,,,
813788,,,,,,,,,,,,,,,,,,,,0.160956,0.969221,0.481108,,,,,,
813792,,,,,,,,,-0.439480,0.000000,,,-26.431118,-27.261190,-0.143292,-0.131900,,,,,,,,,,,,
813797,0.161813,0.969635,0.483117,0.000000,1.000000,0.783802,0.000000,0.000000,,,-36.334106,-36.334106,,,,,-0.129188,0.102059,0.300685,0.156183,0.966791,0.480953,,,,,,
813802,,,,,,,,,-0.494415,0.000000,,,-26.595486,-27.293907,-0.059001,-0.048787,,,,,,,,,,,,
813810,,,,,,,,,-0.357077,-0.652434,,,-26.189240,-27.321436,-0.065093,-0.050314,,,,0.151646,0.964304,0.478128,,,,,,
813818,,,,,,,,,,,,,,,,,,,,0.146990,0.961858,0.475286,,,,,,
813822,,,,,,,,,-0.357077,-0.652434,,,-25.302881,-26.800055,-0.076163,-0.057434,,,,,,,,,,,,
813826,,,,,,,,,,,,,,,,,,,,0.142059,0.959348,0.475115,,,,,,
813834,,,,,,,,,-0.247207,0.652434,,,-24.012556,-24.727736,-0.091530,-0.080479,,,,,,,,,,,,
813840,,,,,,,,,-0.439480,0.000000,,,-24.560507,-25.162258,-0.088406,-0.078368,,,,0.136833,0.956617,0.474950,,,,,,
813847,0.137296,0.956854,0.475636,0.000000,1.000000,0.783802,0.000000,0.000000,,,-28.771828,-28.771828,,,,,-0.102300,0.101225,0.308167,0.132051,0.954054,0.477747,,,,,,
813852,,,,,,,,,-0.302142,-0.652434,,,-23.387922,-24.438780,-0.025585,-0.010847,,,,,,,,,,,,
813862,,,,,,,,,-0.357077,0.652434,,,-23.490396,-23.830046,-0.025617,-0.017922,,,,0.128854,0.952337,0.480567,,,,,,
813869,,,,,,,,,,,,,,,,,,,,0.126247,0.950963,0.480591,,,,,,
813872,,,,,,,,,-0.247207,0.652434,,,-22.487532,-22.228769,-0.036902,-0.035244,,,,,,,,,,,,
813877,,,,,,,,,,,,,,,,,,,,0.123630,0.949688,0.483470,,,,,,
813882,,,,,,,,,-0.247207,-0.652434,,,-21.099178,-21.425999,-0.052320,-0.044741,,,,,,,,,,,,
813894,,,,,,,,,-0.164805,0.000000,,,-20.475561,-20.206005,-0.060216,-0.058654,,,,0.121221,0.948450,0.483473,,,,,,
813897,0.121956,0.948838,0.482815,0.000000,1.000000,0.783802,0.000000,0.000000,,,-23.698690,-23.698690,,,,,-0.084262,0.101935,0.300987,0.118735,0.947162,0.489168,,,,,,
813902,,,,,,,,,-0.247207,0.652434,,,-18.861765,-18.634960,-0.026590,-0.024645,,,,,,,,,,,,
813906,,,,,,,,,,,,,,,,,,,,0.116749,0.946076,0.492021,,,,,,
813912,,,,,,,,,-0.164805,0.000000,,,-17.503916,-17.313082,-0.041407,-0.039141,,,,,,,,,,,,
813921,,,,,,,,,-0.192272,0.652434,,,-16.905966,-16.200855,-0.048745,-0.051763,,,,0.115213,0.945252,0.492014,,,,,,
813928,,,,,,,,,,,,,,,,,,,,0.113660,0.944499,0.494868,,,,,,
813932,,,,,,,,,-0.137337,-0.652434,,,-15.313764,-15.265027,-0.066344,-0.062808,,,,,,,,,,,,
813936,,,,,,,,,,,,,,,,,,,,0.112240,0.943795,0.497723,,,,,,
813942,,,,,,,,,-0.137337,0.652434,,,-14.518628,-13.933078,-0.076132,-0.078081,,,,,,,,,,,,
813947,0.112549,0.943943,0.499209,0.000000,1.000000,0.783802,0.000000,0.000000,,,-20.243591,-20.243591,,,,,-0.071977,0.103097,0.284593,,,,,,,,,
813954,,,,,,,,,-0.109870,0.000000,,,-13.849602,-12.812376,-0.049550,-0.056223,,,,0.111110,0.943157,0.494868,,,,,,
813957,,,,,,,,,,,,,,,,,,,,0.109954,0.942589,0.494871,,,,,,
813962,,,,,,,,,-0.192272,-0.652434,,,-12.742140,-12.958505,-0.062125,-0.056219,,,,,,,,,,,,
813965,,,,,,,,,,,,,,,,,,,,0.109002,0.942135,0.494880,,,,,,
813972,,,,,,,,,-0.137337,-0.652434,,,-11.810321,-12.536914,-0.073130,-0.061976,,,,,,,,,,,,
813982,,,,,,,,,-0.109870,0.000000,,,-11.026289,-11.637644,-0.082813,-0.072690,,,,,,,,,,,,
813992,,,,,,,,,-0.109870,0.000000,,,-10.366605,-10.880999,-0.091386,-0.082129,,,,,,,,,,,,
813997,0.108895,0.942066,0.495243,0.000000,1.000000,0.783802,0.000000,0.000000,,,-19.203476,-19.203476,,,,,-0.068279,0.102725,0.288559,,,,,,,,,
814001,,,,,,,,,-0.137337,0.652434,,,-10.356090,-10.244357,-0.082859,-0.079886,,,,0.105942,0.940576,0.494892,,,,,,
814009,,,,,,,,,,,,,,,,,,,,0.105059,0.940109,0.492033,,,,,,
814014,,,,,,,,,-0.054935,0.000000,,,-9.258156,-9.164144,-0.095827,-0.092696,,,,0.104152,0.939606,0.492040,,,,,,
814022,,,,,,,,,-0.164805,0.000000,,,-9.423441,-9.344338,-0.096131,-0.092866,,,,,,,,,,,,
814032,,,,,,,,,-0.137337,-0.652434,,,-9.017968,-9.495955,-0.102222,-0.093291,,,,,,,,,,,,
814038,,,,,,,,,,,,,,,,,,,,0.102276,0.938648,0.492041,,,,,,
814042,,,,,,,,,-0.109870,0.000000,,,-8.676804,-9.078981,-0.107739,-0.099486,,,,,,,,,,,,
814047,0.102426,0.938716,0.492310,0.000000,1.000000,0.783802,0.000000,0.000000,,,-17.239323,-17.239323,,,,,-0.061295,0.102419,0.291492,0.101264,0.938116,0.489195,,,,,,
814054,,,,,,,,,-0.082402,-0.652434,,,-8.934291,-9.272683,-0.087184,-0.079501,,,,,,,,,,,,
814060,,,,,,,,,-0.164805,0.000000,,,-8.061854,-8.891121,-0.097744,-0.084986,,,,0.100302,0.937652,0.486343,,,,,,
814068,,,,,,,,,,,,,,,,,,,,0.099283,0.937093,0.486353,,,,,,
814072,,,,,,,,,-0.137337,-0.652434,,,-7.872330,-9.114617,-0.101513,-0.084376,,,,,,,,,,,,
814076,,,,,,,,,,,,,,,,,,,,0.098252,0.936510,0.483530,,,,,,
814082,,,,,,,,,-0.137337,0.652434,,,-8.257407,-8.758124,-0.099458,-0.089637,,,,,,,,,,,,
814090,,,,,,,,,-0.137337,-0.652434,,,-8.036868,-9.002714,-0.103504,-0.088839,,,,0.097102,0.935912,0.477803,,,,,,
814097,0.097037,0.935883,0.476282,0.000000,1.000000,0.783802,0.000000,0.000000,,,-15.986500,-15.986500,,,,,-0.056841,0.101471,0.307520,0.095920,0.935329,0.477815,,,,,,
814102,,,,,,,,,-0.137337,-0.652434,,,-7.851306,-9.208512,-0.094458,-0.075608,,,,,,,,,,,,
814105,,,,,,,,,,,,,,,,,,,,0.094650,0.934699,0.474981,,,,,,
814113,,,,,,,,,-0.082402,0.652434,,,-7.695174,-8.292584,-0.097678,-0.086306,,,,,,,,,,,,
814120,,,,,,,,,-0.192272,-0.652434,,,-8.108348,-9.155552,-0.095122,-0.079042,,,,0.093310,0.934008,0.472121,,,,,,
814127,,,,,,,,,,,,,,,,,,,,0.092021,0.933425,0.472121,,,,,,
814132,,,,,,,,,-0.137337,0.652434,,,-8.455993,-8.792566,-0.093152,-0.084111,,,,,,,,,,,,
814141,,,,,,,,,-0.137337,-0.652434,,,-8.203958,-9.031693,-0.097228,-0.083111,,,,0.090537,0.932699,0.469261,,,,,,
814147,0.090566,0.932709,0.467113,0.000000,1.000000,0.783802,0.000000,0.000000,,,-14.220635,-14.220635,,,,,-0.050562,0.100865,0.316689,0.089106,0.931999,0.469252,,,,,,
814155,,,,,,,,,-0.192272,0.652434,,,-8.536438,-8.688352,-0.077382,-0.069992,,,,0.087510,0.931231,0.472086,,,,,,
814162,,,,,,,,,-0.109870,0.000000,,,-8.816188,-8.944008,-0.075665,-0.068491,,,,,,,,,,,,
814171,,,,,,,,,-0.109870,0.000000,,,-8.507026,-8.614573,-0.079900,-0.072906,,,,0.086107,0.930467,0.474931,,,,,,
814182,,,,,,,,,-0.164805,0.000000,,,-8.791440,-8.881930,-0.078141,-0.071301,,,,,,,,,,,,
814192,,,,,,,,,-0.137337,-0.652434,,,-8.486203,-9.106885,-0.082340,-0.070074,,,,,,,,,,,,
814197,0.085963,0.930403,0.471537,0.000000,1.000000,0.783802,0.000000,0.000000,,,-12.646951,-12.646951,,,,,-0.044967,0.101052,0.312265,,,,,,,,,
814201,,,,,,,,,-0.137337,0.652434,,,-8.773920,-8.751618,-0.064501,-0.058669,,,,0.082367,0.928578,0.469247,,,,,,
814208,,,,,,,,,,,,,,,,,,,,0.081196,0.927969,0.466399,,,,,,
814214,,,,,,,,,-0.109870,-1.304868,,,-7.926919,-8.997240,-0.073915,-0.056942,,,,0.079994,0.927349,0.469262,,,,,,
814222,,,,,,,,,-0.137337,0.652434,,,-8.303338,-8.659363,-0.071020,-0.061119,,,,,,,,,,,,
814232,,,,,,,,,-0.109870,0.000000,,,-8.075514,-8.375073,-0.074212,-0.064816,,,,,,,,,,,,
814242,,,,,,,,,-0.109870,0.000000,,,-7.883822,-8.135872,-0.077082,-0.068110,,,,,,,,,,,,
814247,0.080085,0.927396,0.469453,0.000000,1.000000,0.783802,0.000000,0.000000,,,-10.849173,-10.849173,,,,,-0.038575,0.100980,0.314349,0.076588,0.925583,0.460714,,,,,,
814252,,,,,,,,,-0.137337,-0.652434,,,-7.722534,-8.479151,-0.061342,-0.047174,,,,,,,,,,,,
814260,,,,,,,,,-0.082402,-0.652434,,,-7.042282,-8.223443,-0.068906,-0.050256,,,,0.075572,0.925134,0.457874,,,,,,
814267,,,,,,,,,,,,,,,,,,,,0.074654,0.924714,0.455042,,,,,,
814274,,,,,,,,,-0.054935,0.000000,,,-7.014462,-8.008290,-0.069951,-0.052975,,,,0.073729,0.924234,0.452202,,,,,,
814282,,,,,,,,,-0.109870,0.000000,,,-6.446510,-7.282718,-0.076511,-0.060945,,,,,,,,,,,,
814290,,,,,,,,,-0.109870,0.000000,,,-6.513179,-7.216764,-0.076712,-0.062331,,,,0.072785,0.923816,0.452202,,,,,,
814297,0.072986,0.923908,0.453649,0.000000,1.000000,0.783802,0.000000,0.000000,,,-9.072202,-9.072202,,,,,-0.032257,0.100381,0.330153,0.071906,0.923417,0.452192,,,,,,
814302,,,,,,,,,-0.109870,0.000000,,,-6.569274,-7.161271,-0.058882,-0.045498,,,,,,,,,,,,
814312,,,,,,,,,-0.109870,0.000000,,,-6.616473,-7.114579,-0.058901,-0.046356,,,,0.071144,0.923002,0.452202,,,,,,
814319,,,,,,,,,,,,,,,,,,,,0.070387,0.922687,0.452202,,,,,,
814322,,,,,,,,,-0.000000,0.000000,,,-5.567100,-5.986206,-0.070096,-0.058257,,,,,,,,,,,,
814327,,,,,,,,,,,,,,,,,,,,0.069596,0.922301,0.455031,,,,,,
814334,,,,,,,,,-0.082402,0.652434,,,-5.773243,-5.581336,-0.068694,-0.063004,,,,,,,,,,,,
814341,,,,,,,,,-0.109870,0.000000,,,-5.402149,-5.785222,-0.073139,-0.061623,,,,0.068801,0.921866,0.455023,,,,,,
814347,0.068738,0.921835,0.454908,0.000000,1.000000,0.783802,0.000000,0.000000,,,-7.707088,-7.707088,,,,,-0.027403,0.100418,0.328894,0.068081,0.921535,0.457864,,,,,,
814352,,,,,,,,,-0.082402,0.652434,,,-6.178997,-5.412228,-0.052025,-0.052161,,,,,,,,,,,,
814357,,,,,,,,,,,,,,,,,,,,0.067461,0.921281,0.457872,,,,,,
814362,,,,,,,,,-0.082402,-0.652434,,,-5.743550,-5.642934,-0.056772,-0.050266,,,,,,,,,,,,
814371,,,,,,,,,-0.054935,0.000000,,,-5.377166,-5.292507,-0.060902,-0.054253,,,,0.066919,0.921033,0.457883,,,,,,
814382,,,,,,,,,-0.027467,-0.652434,,,-4.524346,-4.997658,-0.070067,-0.057744,,,,,,,,,,,,
814394,,,,,,,,,-0.082402,-0.652434,,,-4.351327,-5.294115,-0.072468,-0.055262,,,,,,,,,,,,
814397,0.066759,0.920952,0.454896,0.000000,1.000000,0.783802,0.000000,0.000000,,,-7.098414,-7.098414,,,,,-0.025239,0.100341,0.328906,,,,,,,,,
814401,,,,,,,,,-0.054935,0.000000,,,-4.205750,-4.999011,-0.068416,-0.052546,,,,0.065183,0.920155,0.457896,,,,,,
814409,,,,,,,,,,,,,,,,,,,,0.064588,0.919900,0.457874,,,,,,
814412,,,,,,,,,-0.054935,0.000000,,,-4.083260,-4.750710,-0.070243,-0.055499,,,,,,,,,,,,
814416,,,,,,,,,,,,,,,,,,,,0.064181,0.919692,0.449362,,,,,,
814422,,,,,,,,,-0.054935,0.000000,,,-3.980198,-4.541790,-0.071898,-0.058099,,,,,,,,,,,,
814432,,,,,,,,,-0.000000,0.000000,,,-3.348938,-3.821462,-0.078960,-0.065958,,,,,,,,,,,,
814438,,,,,,,,,,,,,,,,,,,,0.063552,0.919445,0.443733,,,,,,
814442,,,,,,,,,-0.054935,-1.304868,,,-2.817796,-4.304464,-0.085128,-0.061687,,,,,,,,,,,,
814447,0.063611,0.919476,0.439195,0.000000,1.000000,0.783802,0.000000,0.000000,,,-6.562784,-6.562784,,,,,-0.023334,0.099930,0.344607,0.063123,0.919208,0.440917,,,,,,
814454,,,,,,,,,-0.054935,0.000000,,,-2.915436,-4.166318,-0.079525,-0.058191,,,,,,,,,,,,
814460,,,,,,,,,-0.054935,0.000000,,,-2.997591,-4.050083,-0.079416,-0.059856,,,,0.062586,0.918982,0.438043,,,,,,
814468,,,,,,,,,,,,,,,,,,,,0.062289,0.918846,0.432374,,,,,,
814472,,,,,,,,,-0.054935,0.000000,,,-3.066716,-3.952283,-0.079424,-0.061356,,,,,,,,,,,,
814476,,,,,,,,,,,,,,,,,,,,0.062062,0.918827,0.429559,,,,,,
814482,,,,,,,,,-0.082402,-0.652434,,,-3.124877,-4.414536,-0.079530,-0.057163,,,,,,,,,,,,
814490,,,,,,,,,-0.027467,0.652434,,,-3.173815,-3.714390,-0.079718,-0.064734,,,,0.061803,0.918676,0.429602,,,,,,
814497,0.061851,0.918693,0.433144,0.000000,1.000000,0.783802,0.000000,0.000000,,,-6.191028,-6.191028,,,,,-0.022013,0.099759,0.350658,0.061482,0.918501,0.429602,,,,,,
814502,,,,,,,,,-0.054935,0.000000,,,-3.214991,-3.669831,-0.076184,-0.061967,,,,,,,,,,,,
814505,,,,,,,,,,,,,,,,,,,,0.061003,0.918264,0.429578,,,,,,
814513,,,,,,,,,-0.027467,-0.652434,,,-2.705093,-3.632338,-0.081980,-0.062853,,,,,,,,,,,,
814520,,,,,,,,,-0.054935,0.000000,,,-2.820608,-3.600792,-0.081499,-0.063687,,,,0.060536,0.918045,0.426769,,,,,,
814528,,,,,,,,,,,,,,,,,,,,0.060027,0.917829,0.426769,,,,,,
814532,,,,,,,,,-0.027467,-0.652434,,,-2.373259,-3.574249,-0.086736,-0.064475,,,,,,,,,,,,
814536,,,,,,,,,,,,,,,,,,,,0.059523,0.917571,0.423915,,,,,,
814542,,,,,,,,,-0.054935,0.000000,,,-2.541403,-3.551916,-0.085785,-0.065227,,,,,,,,,,,,
814547,0.059509,0.917569,0.424690,0.000000,1.000000,0.783802,0.000000,0.000000,,,-5.697414,-5.697414,,,,,-0.020257,0.099629,0.359113,,,,,,,,,
814554,,,,,,,,,-0.027467,-0.652434,,,-2.682879,-3.533125,-0.080037,-0.060911,,,,0.058860,0.917283,0.423849,,,,,,
814558,,,,,,,,,,,,,,,,,,,,0.058323,0.917055,0.423840,,,,,,
814562,,,,,,,,,-0.054935,0.000000,,,-2.257374,-3.517314,-0.084980,-0.061505,,,,,,,,,,,,
814566,,,,,,,,,,,,,,,,,,,,0.058000,0.916894,0.418180,,,,,,
814572,,,,,,,,,-0.054935,0.000000,,,-2.443898,-3.504011,-0.083765,-0.062077,,,,,,,,,,,,
814582,,,,,,,,,-0.054935,0.000000,,,-2.600838,-3.492817,-0.082815,-0.062630,,,,,,,,,,,,
814592,,,,,,,,,-0.054935,0.000000,,,-2.732888,-3.483399,-0.082088,-0.063167,,,,,,,,,,,,
814595,0.057232,0.916547,0.411022,0.000000,1.000000,0.783802,0.000000,0.000000,,,,,,,,,,,,0.057253,0.916557,0.409770,,,,,,
814598,,,,,,,,,,,-5.378031,-5.378031,,,,,-0.019122,0.099369,0.372780,,,,,,,,,
814602,,,,,,,,,-0.054935,-1.304868,,,-2.299452,-3.475475,-0.083844,-0.060433,,,,,,,,,,,,
814615,,,,,,,,,-0.000000,0.000000,,,-1.934758,-3.468807,-0.088180,-0.060881,,,,0.056478,0.916198,0.404164,,,,,,
814622,,,,,,,,,-0.082402,-0.652434,,,-2.172449,-4.007740,-0.086444,-0.055766,,,,,,,,,,,,
814631,,,,,,,,,-0.054935,0.000000,,,-2.372441,-3.916656,-0.085045,-0.056969,,,,0.055978,0.916020,0.401339,,,,,,
814639,,,,,,,,,,,,,,,,,,,,0.055412,0.915807,0.395646,,,,,,
814642,,,,,,,,,-0.054935,0.000000,,,-2.540715,-3.840017,-0.083930,-0.058043,,,,,,,,,,,,
814647,0.055354,0.915778,0.396937,0.000000,1.000000,0.783802,0.000000,0.000000,,,-5.200275,-5.200275,,,,,-0.018490,0.099073,0.386866,0.054822,0.915583,0.392820,,,,,,
814652,,,,,,,,,-0.000000,0.000000,,,-2.137757,-3.230989,-0.086794,-0.062750,,,,,,,,,,,,
814660,,,,,,,,,-0.054935,0.000000,,,-2.343252,-3.263097,-0.085311,-0.062816,,,,0.054209,0.915318,0.392800,,,,,,
814668,,,,,,,,,,,,,,,,,,,,0.053583,0.915029,0.395634,,,,,,
814674,,,,,,,,,-0.109870,0.000000,,,-3.060698,-3.834656,-0.078564,-0.057374,,,,0.053082,0.914812,0.395622,,,,,,
814682,,,,,,,,,-0.000000,0.000000,,,-2.575271,-3.226479,-0.083943,-0.063850,,,,,,,,,,,,
814690,,,,,,,,,-0.054935,0.000000,,,-2.711376,-3.259302,-0.083080,-0.063910,,,,0.052621,0.914620,0.395603,,,,,,
814697,0.052638,0.914628,0.395715,0.000000,1.000000,0.783802,0.000000,0.000000,,,-4.404996,-4.404996,,,,,-0.015662,0.099065,0.388087,0.052141,0.914444,0.398426,,,,,,
814702,,,,,,,,,-0.082402,0.652434,,,-3.370438,-3.286920,-0.068744,-0.055905,,,,,,,,,,,,
814705,,,,,,,,,,,,,,,,,,,,0.051569,0.914173,0.398410,,,,,,
814714,,,,,,,,,-0.027467,-0.652434,,,-2.835886,-3.310157,-0.074403,-0.055891,,,,,,,,,,,,
814719,,,,,,,,,,,,,,,,,,,,0.050950,0.913906,0.398396,,,,,,
814722,,,,,,,,,-0.082402,0.652434,,,-3.475201,-3.329709,-0.068196,-0.055911,,,,,,,,,,,,
814727,,,,,,,,,,,,,,,,,,,,0.050435,0.913708,0.401220,,,,,,
814732,,,,,,,,,-0.054935,0.000000,,,-3.468577,-3.346160,-0.068449,-0.055958,,,,,,,,,,,,
814741,,,,,,,,,-0.027467,0.652434,,,-3.463003,-2.815458,-0.068693,-0.061583,,,,0.050092,0.913583,0.404093,,,,,,
814747,0.050200,0.913625,0.406128,0.000000,1.000000,0.783802,0.000000,0.000000,,,-3.373310,-3.373310,,,,,-0.011994,0.099181,0.377674,0.049677,0.913382,0.406908,,,,,,
814752,,,,,,,,,-0.054935,0.000000,,,-3.458314,-2.913470,-0.058407,-0.050378,,,,,,,,,,,,
814758,,,,,,,,,,,,,,,,,,,,0.049152,0.913136,0.409710,,,,,,
814762,,,,,,,,,-0.054935,0.000000,,,-3.454368,-2.995936,-0.058430,-0.049629,,,,,,,,,,,,
814766,,,,,,,,,,,,,,,,,,,,0.048642,0.912914,0.412537,,,,,,
814773,,,,,,,,,-0.027467,0.652434,,,-3.451048,-2.520780,-0.058447,-0.054551,,,,,,,,,,,,
814782,,,,,,,,,-0.054935,0.000000,,,-3.448254,-2.665527,-0.058460,-0.053245,,,,,,,,,,,,
814792,,,,,,,,,-0.027467,-0.652434,,,-2.901361,-2.787318,-0.064024,-0.052144,,,,,,,,,,,,
814795,0.047474,0.912417,0.414439,0.000000,1.000000,0.783802,0.000000,0.000000,,,,,,,,,,,,0.047340,0.912355,0.418189,,,,,,
814798,,,,,,,,,,,-2.302618,-2.302618,,,,,-0.008187,0.099285,0.369363,,,,,,,,,
814802,,,,,,,,,-0.027467,0.652434,,,-2.985748,-2.345249,-0.052336,-0.045850,,,,,,,,,,,,
814810,,,,,,,,,-0.054935,0.000000,,,-3.056751,-2.517835,-0.051475,-0.044081,,,,0.046982,0.912197,0.415381,,,,,,
814817,,,,,,,,,,,,,,,,,,,,0.046815,0.912126,0.415400,,,,,,
814822,,,,,,,,,-0.000000,0.000000,,,-2.571950,-2.118506,-0.056270,-0.048111,,,,,,,,,,,,
814834,,,,,,,,,-0.000000,0.000000,,,-2.164038,-1.782511,-0.060376,-0.051575,,,,0.046670,0.912060,0.415421,,,,,,
814840,,,,,,,,,-0.000000,0.000000,,,-1.820822,-1.499804,-0.063905,-0.054562,,,,0.046513,0.911989,0.415388,,,,,,
814847,0.046593,0.912025,0.415308,0.000000,1.000000,0.783802,0.000000,0.000000,,,-2.007292,-2.007292,,,,,-0.007137,0.099296,0.368494,0.046243,0.911823,0.418189,,,,,,
814852,,,,,,,,,-0.027467,-0.652434,,,-1.532039,-1.806478,-0.063935,-0.048583,,,,,,,,,,,,
814855,,,,,,,,,,,,,,,,,,,,0.046084,0.911754,0.418170,,,,,,
814862,,,,,,,,,-0.000000,0.000000,,,-1.289057,-1.519971,-0.066508,-0.051545,,,,,,,,,,,,
814869,,,,,,,,,,,,,,,,,,,,0.046122,0.911772,0.418178,,,,,,
814872,,,,,,,,,-0.027467,-0.652434,,,-1.084613,-1.823446,-0.068737,-0.048547,,,,,,,,,,,,
814877,,,,,,,,,,,,,,,,,,,,0.046210,0.911798,0.415360,,,,,,
814882,,,,,,,,,-0.000000,0.000000,,,-0.912593,-1.534247,-0.070676,-0.051534,,,,,,,,,,,,
814893,,,,,,,,,-0.000000,0.000000,,,-1.312399,-1.290915,-0.066817,-0.054110,,,,0.046247,0.911857,0.412545,,,,,,
814897,0.046276,0.911871,0.412777,0.000000,1.000000,0.783802,0.000000,0.000000,,,-1.978969,-1.978969,,,,,-0.007036,0.099291,0.371025,0.046271,0.911887,0.409733,,,,,,
814902,,,,,,,,,-0.027467,0.652434,,,-1.104252,-1.086176,-0.068790,-0.056053,,,,,,,,,,,,
814907,,,,,,,,,,,,,,,,,,,,0.046242,0.911862,0.406907,,,,,,
814912,,,,,,,,,-0.000000,0.000000,,,-0.929118,-0.913908,-0.070752,-0.057989,,,,,,,,,,,,
814921,,,,,,,,,-0.000000,0.000000,,,-0.781760,-0.768963,-0.072465,-0.059680,,,,0.046107,0.911807,0.406892,,,,,,
814928,,,,,,,,,,,,,,,,,,,,0.045934,0.911755,0.406879,,,,,,
814934,,,,,,,,,-0.000000,0.000000,,,-0.657772,-0.647005,-0.073969,-0.061166,,,,0.045806,0.911683,0.406868,,,,,,
814942,,,,,,,,,-0.027467,-0.652434,,,-0.553450,-1.088933,-0.075297,-0.056925,,,,,,,,,,,,
814947,0.045739,0.911654,0.404626,0.000000,1.000000,0.783802,0.000000,0.000000,,,-2.043464,-2.043464,,,,,-0.007266,0.099219,0.379176,,,,,,,,,
814950,,,,,,,,,-0.000000,0.000000,,,-0.465672,-0.916228,-0.077135,-0.059522,,,,0.045835,0.911695,0.406868,,,,,,
814958,,,,,,,,,,,,,,,,,,,,0.045825,0.911729,0.404043,,,,,,
814962,,,,,,,,,-0.000000,0.000000,,,-0.391817,-0.770914,-0.078204,-0.061230,,,,,,,,,,,,
814966,,,,,,,,,,,,,,,,,,,,0.045809,0.911727,0.401229,,,,,,
814972,,,,,,,,,-0.027467,-0.652434,,,-0.329675,-1.193190,-0.079168,-0.057177,,,,,,,,,,,,
814982,,,,,,,,,-0.000000,0.000000,,,-0.277388,-1.003950,-0.080044,-0.059278,,,,,,,,,,,,
814994,,,,,,,,,-0.000000,0.000000,,,-0.233394,-0.844723,-0.080846,-0.061110,,,,,,,,,,,,
814997,0.045803,0.911721,0.401514,0.000000,1.000000,0.783802,0.000000,0.000000,,,-2.154385,-2.154385,,,,,-0.007660,0.099159,0.382288,,,,,,,,,
815002,,,,,,,,,-0.027467,-0.652434,,,-0.196378,-1.255293,-0.082717,-0.058293,,,,0.045364,0.911611,0.395595,,,,,,
815009,,,,,,,,,,,,,,,,,,,,0.045120,0.911510,0.395595,,,,,,
815012,,,,,,,,,-0.000000,0.000000,,,-0.165232,-1.056204,-0.083427,-0.060503,,,,,,,,,,,,
815017,,,,,,,,,,,,,,,,,,,,0.045015,0.911461,0.392760,,,,,,
815022,,,,,,,,,-0.000000,0.000000,,,-0.139026,-0.888690,-0.084092,-0.062432,,,,,,,,,,,,
815032,,,,,,,,,-0.027467,-0.652434,,,-0.116977,-1.292287,-0.084720,-0.058568,,,,,,,,,,,,
815038,,,,,,,,,,,,,,,,,,,,0.045005,0.911484,0.387158,,,,,,
815042,,,,,,,,,-0.000000,0.000000,,,-0.098424,-1.087330,-0.085316,-0.060831,,,,,,,,,,,,
815047,0.045072,0.911504,0.388362,0.000000,1.000000,0.783802,0.000000,0.000000,,,-2.307572,-2.307572,,,,,-0.008205,0.098974,0.395440,0.044936,0.911472,0.384358,,,,,,
815054,,,,,,,,,-0.000000,0.000000,,,-0.082814,-0.914879,-0.087449,-0.064366,,,,,,,,,,,,
815060,,,,,,,,,-0.000000,0.000000,,,-0.069680,-0.769779,-0.088028,-0.066125,,,,0.044813,0.911431,0.384338,,,,,,
815068,,,,,,,,,,,,,,,,,,,,0.044755,0.911435,0.381539,,,,,,
815072,,,,,,,,,-0.027467,-0.652434,,,-0.058629,-1.192235,-0.088589,-0.062123,,,,,,,,,,,,
815076,,,,,,,,,,,,,,,,,,,,0.044734,0.911421,0.378721,,,,,,
815082,,,,,,,,,-0.000000,0.000000,,,-0.049330,-1.003147,-0.089133,-0.064275,,,,,,,,,,,,
815090,,,,,,,,,-0.000000,0.000000,,,-0.041506,-0.844047,-0.089665,-0.066159,,,,0.044688,0.911430,0.378721,,,,,,
815097,0.044720,0.911436,0.379530,0.000000,1.000000,0.783802,0.000000,0.000000,,,-2.454220,-2.454220,,,,,-0.008726,0.098830,0.404272,0.044601,0.911399,0.375903,,,,,,
815102,,,,,,,,,-0.027467,-0.652434,,,-0.034923,-1.254725,-0.091681,-0.063758,,,,,,,,,,,,
815105,,,,,,,,,,,,,,,,,,,,0.044479,0.911361,0.373066,,,,,,
815113,,,,,,,,,-0.000000,0.000000,,,-0.029385,-1.055725,-0.092221,-0.066028,,,,,,,,,,,,
815119,,,,,,,,,,,,,,,,,,,,0.044410,0.911324,0.373070,,,,,,
815122,,,,,,,,,-0.000000,0.000000,,,-0.024724,-0.888287,-0.092754,-0.068016,,,,,,,,,,,,
815127,,,,,,,,,,,,,,,,,,,,0.044305,0.911285,0.370237,,,,,,
815132,,,,,,,,,-0.027467,-0.652434,,,-0.020803,-1.291948,-0.093280,-0.064211,,,,,,,,,,,,
815141,,,,,,,,,-0.000000,0.000000,,,-0.017504,-1.087044,-0.093800,-0.066534,,,,0.044221,0.911270,0.367438,,,,,,
815147,0.044263,0.911284,0.368453,0.000000,1.000000,0.783802,0.000000,0.000000,,,-2.626650,-2.626650,,,,,-0.009339,0.098705,0.415349,0.044131,0.911260,0.364624,,,,,,
815154,,,,,,,,,-0.027467,-0.652434,,,-0.014728,-1.459182,-0.096074,-0.064770,,,,,,,,,,,,
815157,,,,,,,,,,,,,,,,,,,,0.044028,0.911266,0.358997,,,,,,
815162,,,,,,,,,-0.000000,0.000000,,,-0.012392,-1.227756,-0.096621,-0.067364,,,,,,,,,,,,
815171,,,,,,,,,-0.027467,-0.652434,,,-0.010426,-1.577577,-0.097163,-0.064076,,,,0.043862,0.911224,0.356184,,,,,,
815178,,,,,,,,,,,,,,,,,,,,0.043653,0.911141,0.353356,,,,,,
815182,,,,,,,,,-0.000000,0.000000,,,-0.008773,-1.327373,-0.097704,-0.066838,,,,,,,,,,,,
815186,,,,,,,,,,,,,,,,,,,,0.043464,0.911086,0.350545,,,,,,
815192,,,,,,,,,-0.027467,-0.652434,,,-0.007381,-1.661395,-0.098241,-0.063691,,,,,,,,,,,,
815197,0.043423,0.911063,0.349310,0.000000,1.000000,0.783802,0.000000,0.000000,,,-2.914315,-2.914315,,,,,-0.010362,0.098428,0.434492,,,,,,,,,
815200,,,,,,,,,-0.000000,0.000000,,,-0.006211,-1.397897,-0.101711,-0.069506,,,,0.043336,0.911044,0.347748,,,,,,
815208,,,,,,,,,,,,,,,,,,,,0.043293,0.911033,0.344958,,,,,,
815214,,,,,,,,,-0.000000,0.000000,,,-0.005226,-1.176191,-0.102303,-0.072070,,,,0.043252,0.911011,0.342149,,,,,,
815222,,,,,,,,,-0.027467,-0.652434,,,-0.004397,-1.534190,-0.102893,-0.068766,,,,,,,,,,,,
815232,,,,,,,,,-0.027467,-0.652434,,,-0.003700,-1.835410,-0.103482,-0.065970,,,,,,,,,,,,
815242,,,,,,,,,-0.000000,0.000000,,,-0.003113,-1.544314,-0.104070,-0.069155,,,,,,,,,,,,
815247,0.043266,0.911015,0.342750,0.000000,1.000000,0.783802,0.000000,0.000000,,,-3.049824,-3.049824,,,,,-0.010844,0.098350,0.441052,,,,,,,,,
815251,,,,,,,,,-0.027467,-0.652434,,,-0.002619,-1.843929,-0.106040,-0.067755,,,,0.042981,0.910956,0.330920,,,,,,
815259,,,,,,,,,,,,,,,,,,,,0.042822,0.910903,0.328115,,,,,,
815262,,,,,,,,,-0.000000,0.000000,,,-0.002204,-1.551481,-0.106654,-0.070979,,,,,,,,,,,,
815266,,,,,,,,,,,,,,,,,,,,0.042565,0.910843,0.325310,,,,,,
815274,,,,,,,,,-0.027467,-0.652434,,,-0.001854,-1.849959,-0.107267,-0.068234,,,,,,,,,,,,
815282,,,,,,,,,-0.054935,0.000000,,,-0.001560,-2.101099,-0.107879,-0.065913,,,,,,,,,,,,
815288,,,,,,,,,,,,,,,,,,,,0.042013,0.910717,0.319655,,,,,,
815292,,,,,,,,,-0.000000,0.000000,,,-0.545856,-1.767864,-0.102937,-0.069501,,,,,,,,,,,,
815296,0.041981,0.910713,0.319016,0.000000,1.000000,0.783802,0.000000,0.000000,,,-3.335446,-3.335446,,,,,-0.011859,0.097948,0.464786,0.041863,0.910686,0.316842,,,,,,
815302,,,,,,,,,-0.054935,0.000000,,,-1.003826,-2.032024,-0.101680,-0.069977,,,,,,,,,,,,
815310,,,,,,,,,-0.027467,0.652434,,,-1.389163,-1.709745,-0.098216,-0.073525,,,,0.041764,0.910664,0.314049,,,,,,
815318,,,,,,,,,,,,,,,,,,,,0.041674,0.910639,0.316898,,,,,,
815322,,,,,,,,,-0.054935,0.000000,,,-1.713384,-1.983122,-0.095298,-0.071061,,,,,,,,,,,,
815325,,,,,,,,,,,,,,,,,,,,0.041565,0.910566,0.322524,,,,,,
815333,,,,,,,,,-0.054935,1.304868,,,-1.986185,-1.668599,-0.092840,-0.074540,,,,,,,,,,,,
815340,,,,,,,,,-0.054935,0.000000,,,-2.760262,-1.948502,-0.085214,-0.072018,,,,0.041394,0.910449,0.328178,,,,,,
815347,0.041224,0.910399,0.327410,0.000001,1.000001,0.783802,0.000000,0.000000,,,-2.873863,-2.873863,,,,,-0.010218,0.098100,0.456393,0.041127,0.910351,0.331037,,,,,,
815352,,,,,,,,,-0.027467,0.652434,,,-2.867027,-1.639469,-0.079532,-0.070740,,,,,,,,,,,,
815361,,,,,,,,,-0.054935,0.000000,,,-2.956860,-1.923993,-0.078617,-0.068084,,,,0.040821,0.910285,0.336638,,,,,,
815369,,,,,,,,,,,,,,,,,,,,0.040511,0.910095,0.342256,,,,,,
815385,,,,,,,,,-0.000000,0.000000,,,-3.009677,-1.820276,-0.077921,-0.069474,,,,,,,,,,,,
815391,,,,,,,,,-0.082402,-0.652434,,,-3.076885,-2.076123,-0.077208,-0.067075,,,,0.039762,0.909834,0.345174,,,,,,
815397,0.039556,0.909774,0.340946,0.000007,1.000007,0.783802,0.000074,-0.000000,,,-1.994062,-1.991830,,,,,-0.007101,0.098263,0.442857,0.039253,0.909687,0.350797,,,,,,
815402,,,,,,,,,-0.027467,0.652434,,,-3.133434,-1.746850,-0.067617,-0.061597,,,,,,,,,,,,
815406,,,,,,,,,,,,,,,,,,,,0.038721,0.909424,0.353500,,,,,,
815412,,,,,,,,,-0.054935,0.000000,,,-3.181014,-2.014342,-0.066904,-0.058917,,,,,,,,,,,,
815420,,,,,,,,,-0.000000,0.000000,,,-2.676505,-1.694867,-0.071813,-0.062172,,,,0.038108,0.909178,0.353473,,,,,,
815428,,,,,,,,,,,,,,,,,,,,0.037442,0.909007,0.353457,,,,,,
815434,,,,,,,,,-0.027467,0.652434,,,-2.796554,-1.426061,-0.070452,-0.064973,,,,0.036746,0.908725,0.359059,,,,,,
815442,,,,,,,,,-0.054935,0.000000,,,-2.897563,-1.744431,-0.069261,-0.061839,,,,,,,,,,,,
815447,0.036765,0.908736,0.357539,0.000023,1.000023,0.783802,0.000294,-0.000000,,,-0.682509,-0.673919,,,,,-0.002471,0.098373,0.426263,,,,,,,,,
815450,,,,,,,,,-0.000000,0.000000,,,-2.438010,-1.467764,-0.060390,-0.051267,,,,0.035947,0.908330,0.364640,,,,,,
815458,,,,,,,,,,,,,,,,,,,,0.035270,0.908129,0.364591,,,,,,
815462,,,,,,,,,-0.054935,0.000000,,,-2.595884,-1.779520,-0.058428,-0.047929,,,,,,,,,,,,
815472,,,,,,,,,-0.027467,-0.652434,,,-2.184176,-2.041831,-0.062245,-0.045032,,,,0.034979,0.908042,0.364573,,,,,,
815482,,,,,,,,,-0.027467,0.652434,,,-2.382309,-1.717996,-0.059924,-0.048061,,,,,,,,,,,,
815494,,,,,,,,,-0.000000,0.000000,,,-2.004474,-1.445522,-0.063438,-0.050632,,,,0.034374,0.907863,0.358964,,,,,,
815497,0.034575,0.907936,0.358844,0.000055,1.000055,0.783802,0.000655,-0.000002,,,0.036307,0.055385,,,,,0.000030,0.098374,0.424958,,,,,,,,,
815502,,,,,,,,,-0.054935,0.000000,,,-2.231108,-1.760805,-0.053530,-0.039823,,,,,,,,,,,,
815509,,,,,,,,,,,,,,,,,,,,0.034101,0.907774,0.361777,,,,,,
815512,,,,,,,,,-0.000000,0.000000,,,-1.877254,-1.481541,-0.056685,-0.042308,,,,,,,,,,,,
815517,,,,,,,,,,,,,,,,,,,,0.033920,0.907668,0.361777,,,,,,
815522,,,,,,,,,-0.027467,0.652434,,,-2.124064,-1.246569,-0.053785,-0.044397,,,,,,,,,,,,
815531,,,,,,,,,-0.000000,0.000000,,,-1.787187,-1.048863,-0.056789,-0.046154,,,,0.033694,0.907572,0.364595,,,,,,
815539,,,,,,,,,,,,,,,,,,,,0.033481,0.907458,0.367405,,,,,,
815542,,,,,,,,,-0.000000,0.000000,,,-1.503739,-0.882513,-0.059316,-0.047629,,,,,,,,,,,,
815547,0.033573,0.907498,0.366687,0.000107,1.000106,0.783801,0.001152,-0.000009,,,0.601016,0.634021,,,,,0.001962,0.098450,0.417114,0.033408,0.907427,0.370240,,,,,,
815554,,,,,,,,,-0.000000,0.000000,,,-1.265246,-0.742546,-0.055680,-0.042967,,,,,,,,,,,,
815561,,,,,,,,,-0.000000,0.000000,,,-1.064578,-0.624778,-0.057354,-0.043893,,,,0.033430,0.907442,0.370240,,,,,,
815569,,,,,,,,,,,,,,,,,,,,0.033475,0.907459,0.370262,,,,,,
815572,,,,,,,,,-0.000000,0.000000,,,-0.895736,-0.525688,-0.058743,-0.044652,,,,,,,,,,,,
815576,,,,,,,,,,,,,,,,,,,,0.033522,0.907479,0.370262,,,,,,
815582,,,,,,,,,-0.000000,0.000000,,,-0.753672,-0.442314,-0.059893,-0.045271,,,,,,,,,,,,
815591,,,,,,,,,-0.000000,0.000000,,,-0.634139,-0.372163,-0.060841,-0.045771,,,,0.033553,0.907486,0.370262,,,,,,
815597,0.033554,0.907487,0.369962,0.000183,1.000182,0.783799,0.001782,-0.000027,,,0.752625,0.803277,,,,,0.002403,0.098490,0.413837,0.033557,0.907490,0.370262,,,,,,
815602,,,,,,,,,-0.000000,0.000000,,,-0.533565,-0.313138,-0.060073,-0.044446,,,,,,,,,,,,
815606,,,,,,,,,,,,,,,,,,,,0.033558,0.907508,0.370240,,,,,,
815614,,,,,,,,,-0.000000,0.000000,,,-0.448941,-0.263474,-0.060679,-0.044729,,,,,,,,,,,,
815620,,,,,,,,,-0.000000,0.000000,,,-0.377739,-0.221687,-0.061165,-0.044942,,,,0.033556,0.907506,0.370240,,,,,,
815627,,,,,,,,,,,,,,,,,,,,0.033550,0.907508,0.370240,,,,,,
815632,,,,,,,,,-0.000000,0.000000,,,-0.317830,-0.186528,-0.061550,-0.045095,,,,,,,,,,,,
815641,,,,,,,,,-0.000000,0.000000,,,-0.267422,-0.156944,-0.061850,-0.045199,,,,0.033548,0.907491,0.370262,,,,,,
815647,0.033549,0.907491,0.370237,0.000288,1.000287,0.783794,0.002540,-0.000067,,,0.832132,0.904143,,,,,0.002570,0.098544,0.413557,0.033551,0.907488,0.370262,,,,,,
815654,,,,,,,,,-0.000000,0.000000,,,-0.225009,-0.132053,-0.061268,-0.044232,,,,0.033555,0.907489,0.370262,,,,,,
815662,,,,,,,,,-0.000000,0.000000,,,-0.189322,-0.111109,-0.061421,-0.044239,,,,,,,,,,,,
815669,,,,,,,,,,,,,,,,,,,,0.033555,0.907488,0.370262,,,,,,
815672,,,,,,,,,-0.000000,0.000000,,,-0.159296,-0.093487,-0.061523,-0.044215,,,,,,,,,,,,
815677,,,,,,,,,,,,,,,,,,,,0.033554,0.907490,0.370262,,,,,,
815682,,,,,,,,,-0.000000,0.000000,,,-0.134031,-0.078660,-0.061582,-0.044167,,,,,,,,,,,,
815691,,,,,,,,,-0.000000,0.000000,,,-0.112774,-0.066185,-0.061606,-0.044098,,,,0.033550,0.907492,0.370262,,,,,,
815697,0.033550,0.907492,0.370260,0.000427,1.000425,0.783784,0.003422,-0.000142,,,0.921019,1.017765,,,,,0.002750,0.098621,0.413524,0.033552,0.907495,0.370262,,,,,,
815702,,,,,,,,,-0.000000,0.000000,,,-0.094888,-0.055688,-0.060692,-0.042852,,,,,,,,,,,,
815715,,,,,,,,,-0.000000,0.000000,,,-0.079839,-0.046856,-0.060643,-0.042727,,,,0.033556,0.907493,0.370262,,,,,,
815720,,,,,,,,,-0.000000,0.000000,,,-0.067176,-0.039424,-0.060572,-0.042590,,,,0.033558,0.907512,0.370240,,,,,,
815727,,,,,,,,,,,,,,,,,,,,0.033559,0.907510,0.370240,,,,,,
815732,,,,,,,,,-0.000000,0.000000,,,-0.056522,-0.033172,-0.060483,-0.042442,,,,,,,,,,,,
815741,,,,,,,,,-0.000000,0.000000,,,-0.047558,-0.027911,-0.060379,-0.042286,,,,0.033558,0.907497,0.370240,,,,,,
815747,0.033557,0.907497,0.370242,0.000603,1.000601,0.783765,0.004424,-0.000271,,,1.025602,1.150230,,,,,0.002968,0.098719,0.413523,0.033559,0.907499,0.370262,,,,,,
815754,,,,,,,,,-0.000000,0.000000,,,-0.040015,-0.023484,-0.059195,-0.040771,,,,0.033564,0.907507,0.370240,,,,,,
815762,,,,,,,,,-0.000000,0.000000,,,-0.033669,-0.019759,-0.059047,-0.040574,,,,,,,,,,,,
815770,,,,,,,,,-0.000000,0.000000,,,-0.028329,-0.016626,-0.058889,-0.040372,,,,0.033564,0.907518,0.370240,,,,,,
815778,,,,,,,,,,,,,,,,,,,,0.033563,0.907501,0.370262,,,,,,
815782,,,,,,,,,-0.000000,0.000000,,,-0.023836,-0.013989,-0.058724,-0.040165,,,,,,,,,,,,
815786,,,,,,,,,,,,,,,,,,,,0.033562,0.907515,0.370240,,,,,,
815792,,,,,,,,,-0.000000,0.000000,,,-0.020055,-0.011770,-0.058553,-0.039955,,,,,,,,,,,,
815797,0.033562,0.907514,0.370240,0.000820,1.000818,0.783734,0.005540,-0.000480,,,1.150082,1.305417,,,,,0.003238,0.098829,0.413494,,,,,,,,,
815800,,,,,,,,,-0.000000,0.000000,,,-0.016875,-0.009903,-0.057107,-0.038159,,,,0.033560,0.907501,0.370262,,,,,,
815808,,,,,,,,,,,,,,,,,,,,0.033563,0.907500,0.370262,,,,,,
815814,,,,,,,,,-0.000000,0.000000,,,-0.014198,-0.008333,-0.056901,-0.037912,,,,0.033567,0.907501,0.370262,,,,,,
815822,,,,,,,,,-0.000000,0.000000,,,-0.011947,-0.007011,-0.056691,-0.037663,,,,,,,,,,,,
815832,,,,,,,,,-0.000000,0.000000,,,-0.010052,-0.005899,-0.056478,-0.037411,,,,,,,,,,,,
815841,,,,,,,,,-0.000000,0.000000,,,-0.008458,-0.004964,-0.056262,-0.037159,,,,,,,,,,,,
815847,0.033567,0.907502,0.370260,0.001083,1.001080,0.783683,0.006768,-0.000797,,,1.299819,1.488485,,,,,0.003580,0.098991,0.413423,,,,,,,,,
815851,,,,,,,,,-0.000000,0.000000,,,-0.007116,-0.004176,-0.054517,-0.035037,,,,0.033572,0.907504,0.370262,,,,,,
815859,,,,,,,,,,,,,,,,,,,,0.033574,0.907520,0.370240,,,,,,
815862,,,,,,,,,-0.000000,0.000000,,,-0.005988,-0.003514,-0.054267,-0.034746,,,,,,,,,,,,
815866,,,,,,,,,,,,,,,,,,,,0.033571,0.907522,0.370240,,,,,,
815873,,,,,,,,,-0.000000,0.000000,,,-0.005038,-0.002957,-0.054015,-0.034453,,,,,,,,,,,,
815882,,,,,,,,,-0.000000,0.000000,,,-0.004239,-0.002488,-0.053762,-0.034159,,,,,,,,,,,,
815888,,,,,,,,,,,,,,,,,,,,0.033574,0.907502,0.370262,,,,,,
815892,,,,,,,,,-0.000000,0.000000,,,-0.003567,-0.002093,-0.053508,-0.033865,,,,,,,,,,,,
815896,0.033571,0.907501,0.370262,0.001395,1.001391,0.783605,0.008103,-0.001258,,,1.470887,1.695178,,,,,0.003980,0.099171,0.413343,0.033572,0.907500,0.370262,,,,,,
815902,,,,,,,,,-0.000000,0.000000,,,-0.003001,-0.001761,-0.051509,-0.031462,,,,,,,,,,,,
815910,,,,,,,,,-0.000000,0.000000,,,-0.002525,-0.001482,-0.051219,-0.031126,,,,0.033572,0.907502,0.370262,,,,,,
815918,,,,,,,,,,,,,,,,,,,,0.033577,0.907519,0.370262,,,,,,
815922,,,,,,,,,-0.000000,0.000000,,,-0.002125,-0.001247,-0.050928,-0.030789,,,,,,,,,,,,
815934,,,,,,,,,-0.000000,0.000000,,,-0.001788,-0.001049,-0.050637,-0.030451,,,,0.033579,0.907522,0.370262,,,,,,
815939,,,,,,,,,,,,,,,,,,,,0.033579,0.907503,0.370262,,,,,,
815942,,,,,,,,,-0.000000,0.000000,,,-0.001504,-0.000883,-0.050345,-0.030114,,,,,,,,,,,,
815947,0.033578,0.907503,0.370262,0.001760,1.001754,0.783489,0.009540,-0.001907,,,1.664963,1.926787,,,,,0.004444,0.099378,0.413227,0.033577,0.907503,0.370262,,,,,,
815952,,,,,,,,,-0.000000,0.000000,,,-0.001266,-0.000743,-0.048074,-0.027414,,,,,,,,,,,,
815962,,,,,,,,,-0.000000,0.000000,,,-0.001065,-0.000625,-0.047742,-0.027029,,,,0.033574,0.907522,0.370240,,,,,,
815974,,,,,,,,,-0.000000,0.000000,,,-0.000896,-0.000526,-0.047411,-0.026645,,,,0.033580,0.907522,0.370240,,,,,,
815977,,,,,,,,,,,,,,,,,,,,0.033580,0.907522,0.370240,,,,,,
815982,,,,,,,,,-0.000000,0.000000,,,-0.000754,-0.000442,-0.047079,-0.026260,,,,,,,,,,,,
815991,,,,,,,,,-0.000000,0.000000,,,-0.000634,-0.000372,-0.046747,-0.025876,,,,0.033577,0.907525,0.370240,,,,,,
815997,0.033577,0.907523,0.370242,0.002181,1.002174,0.783321,0.011076,-0.002789,,,1.884231,2.185166,,,,,0.004980,0.099598,0.413079,0.033579,0.907507,0.370262,,,,,,
816002,,,,,,,,,-0.000000,0.000000,,,-0.000534,-0.000313,-0.044179,-0.022855,,,,,,,,,,,,
816006,,,,,,,,,,,,,,,,,,,,0.033581,0.907504,0.370262,,,,,,
816012,,,,,,,,,-0.000000,0.000000,,,-0.000449,-0.000264,-0.043803,-0.022419,,,,,,,,,,,,
816020,,,,,,,,,-0.000000,0.000000,,,-0.000378,-0.000222,-0.043426,-0.021982,,,,0.033584,0.907509,0.370262,,,,,,
816028,,,,,,,,,,,,,,,,,,,,0.033580,0.907504,0.370262,,,,,,
816034,,,,,,,,,-0.000000,0.000000,,,-0.000318,-0.000187,-0.043050,-0.021545,,,,,,,,,,,,
816042,,,,,,,,,-0.000000,0.000000,,,-0.000267,-0.000157,-0.042674,-0.021109,,,,,,,,,,,,
816047,0.033579,0.907506,0.370260,0.002662,1.002652,0.783087,0.012706,-0.003960,,,2.133834,2.474984,,,,,0.005607,0.099886,0.412827,,,,,,,,,
816050,,,,,,,,,-0.000000,0.000000,,,-0.000225,-0.000132,-0.039751,-0.017716,,,,0.033581,0.907507,0.370262,,,,,,
816057,,,,,,,,,,,,,,,,,,,,0.033584,0.907538,0.370240,,,,,,
816062,,,,,,,,,-0.000000,0.000000,,,-0.000189,-0.000111,-0.039325,-0.017221,,,,,,,,,,,,
816071,,,,,,,,,-0.000000,0.000000,,,-0.000159,-0.000094,-0.038898,-0.016726,,,,0.033585,0.907515,0.370262,,,,,,
816082,,,,,,,,,-0.000000,0.000000,,,-0.000134,-0.000079,-0.038472,-0.016231,,,,,,,,,,,,
816094,,,,,,,,,-0.000000,0.000000,,,-0.000113,-0.000066,-0.038045,-0.015736,,,,,,,,,,,,
816097,0.033585,0.907515,0.370262,0.003205,1.003192,0.782766,0.014425,-0.005480,,,2.407029,2.789022,,,,,0.006301,0.100187,0.412504,,,,,,,,,
816102,,,,,,,,,-0.000000,0.000000,,,-0.000095,-0.000056,-0.034832,-0.012038,,,,0.033587,0.907512,0.370262,,,,,,
816109,,,,,,,,,,,,,,,,,,,,0.033588,0.907539,0.370240,,,,,,
816112,,,,,,,,,-0.000000,0.000000,,,-0.000080,-0.000047,-0.034351,-0.011480,,,,,,,,,,,,
816117,,,,,,,,,,,,,,,,,,,,0.033587,0.907542,0.370240,,,,,,
816122,,,,,,,,,-0.000000,0.000000,,,-0.000067,-0.000039,-0.033869,-0.010923,,,,,,,,,,,,
816131,,,,,,,,,-0.000000,0.000000,,,-0.000057,-0.000033,-0.033388,-0.010365,,,,0.033585,0.907527,0.370240,,,,,,
816138,,,,,,,,,,,,,,,,,,,,0.033585,0.907510,0.370262,,,,,,
816142,,,,,,,,,-0.000000,0.000000,,,-0.000048,-0.000028,-0.032907,-0.009807,,,,,,,,,,,,
816147,0.033585,0.907510,0.370262,0.003813,1.003797,0.782337,0.016228,-0.007415,,,2.711466,3.134403,,,,,0.007088,0.100535,0.412075,0.033586,0.907524,0.370240,,,,,,
816154,,,,,,,,,-0.000000,0.000000,,,-0.000040,-0.000023,-0.029320,-0.005727,,,,,,,,,,,,
816160,,,,,,,,,-0.000000,0.000000,,,-0.000034,-0.000020,-0.028778,-0.005100,,,,0.033588,0.907541,0.370240,,,,,,
816168,,,,,,,,,,,,,,,,,,,,0.033585,0.907511,0.370262,,,,,,
816172,,,,,,,,,-0.000000,0.000000,,,-0.000028,-0.000017,-0.028236,-0.004473,,,,,,,,,,,,
816175,,,,,,,,,,,,,,,,,,,,0.033587,0.907508,0.370262,,,,,,
816182,,,,,,,,,-0.000000,0.000000,,,-0.000024,-0.000014,-0.027694,-0.003846,,,,,,,,,,,,
816190,,,,,,,,,-0.000000,0.000000,,,-0.000020,-0.000012,-0.027151,-0.003219,,,,0.033588,0.907528,0.370262,,,,,,
816197,0.033587,0.907527,0.370262,0.004490,1.004470,0.781773,0.018111,-0.009839,,,3.042879,3.506281,,,,,0.007954,0.100903,0.411511,0.033589,0.907527,0.370240,,,,,,
816202,,,,,,,,,-0.000000,0.000000,,,-0.000017,-0.000010,-0.023229,0.001201,,,,,,,,,,,,
816213,,,,,,,,,-0.000000,0.000000,,,-0.000014,-0.000008,-0.022620,0.001902,,,,0.033589,0.907528,0.370240,,,,,,
816219,,,,,,,,,,,,,,,,,,,,0.033590,0.907526,0.370240,,,,,,
816222,,,,,,,,,-0.000000,0.000000,,,-0.000012,-0.000007,-0.022011,0.002603,,,,,,,,,,,,
816227,,,,,,,,,,,,,,,,,,,,0.033587,0.907506,0.370262,,,,,,
816232,,,,,,,,,-0.000000,0.000000,,,-0.000010,-0.000006,-0.021403,0.003305,,,,,,,,,,,,
816241,,,,,,,,,-0.000000,0.000000,,,-0.000008,-0.000005,-0.020794,0.004006,,,,0.033585,0.907525,0.370240,,,,,,
816247,0.033585,0.907525,0.370242,0.005238,1.005212,0.781043,0.020068,-0.012829,,,3.407431,3.910209,,,,,0.008921,0.101325,0.410801,0.033585,0.907511,0.370262,,,,,,
816254,,,,,,,,,-0.000000,0.000000,,,-0.000007,-0.000004,-0.016467,0.008827,,,,0.033589,0.907511,0.370262,,,,,,
816262,,,,,,,,,-0.000000,0.000000,,,-0.000006,-0.000004,-0.015786,0.009609,,,,,,,,,,,,
816270,,,,,,,,,-0.000000,0.000000,,,-0.000005,-0.000003,-0.015104,0.010391,,,,0.033589,0.907532,0.370240,,,,,,
816278,,,,,,,,,,,,,,,,,,,,0.033590,0.907528,0.370240,,,,,,
816282,,,,,,,,,-0.000000,0.000000,,,-0.000004,-0.000002,-0.014423,0.011173,,,,,,,,,,,,
816285,,,,,,,,,,,,,,,,,,,,0.033591,0.907541,0.370240,,,,,,
816292,,,,,,,,,-0.000000,0.000000,,,-0.000004,-0.000002,-0.013741,0.011955,,,,,,,,,,,,
816297,0.033591,0.907540,0.370240,0.006060,1.006026,0.780113,0.022093,-0.016472,,,3.800625,4.340904,,,,,0.009971,0.101775,0.409873,,,,,,,,,
816300,,,,,,,,,-0.000000,0.000000,,,-0.000003,-0.000002,-0.009049,0.017131,,,,0.033591,0.907530,0.370240,,,,,,
816307,,,,,,,,,,,,,,,,,,,,0.033589,0.907527,0.370240,,,,,,
816313,,,,,,,,,-0.000000,0.000000,,,-0.000003,-0.000001,-0.008289,0.017999,,,,,,,,,,,,
816322,,,,,,,,,-0.000000,0.000000,,,-0.000002,-0.000001,-0.007529,0.018867,,,,0.033590,0.907511,0.370262,,,,,,
816332,,,,,,,,,-0.000000,0.000000,,,-0.000002,-0.000001,-0.006769,0.019735,,,,,,,,,,,,
816341,,,,,,,,,-0.000000,0.000000,,,-0.000002,-0.000001,-0.006009,0.020603,,,,,,,,,,,,
816347,0.033590,0.907513,0.370260,0.006958,1.006913,0.778943,0.024180,-0.020861,,,4.232641,4.807783,,,,,0.011141,0.102301,0.408683,,,,,,,,,
816351,,,,,,,,,-0.000000,0.000000,,,-0.000001,-0.000001,-0.000842,0.026234,,,,0.033589,0.907526,0.370262,,,,,,
816359,,,,,,,,,,,,,,,,,,,,0.033589,0.907528,0.370240,,,,,,
816362,,,,,,,,,-0.000000,0.000000,,,-0.000001,-0.000001,0.000004,0.027195,,,,,,,,,,,,
816367,,,,,,,,,,,,,,,,,,,,0.033591,0.907529,0.370240,,,,,,
816373,,,,,,,,,-0.000000,0.000000,,,-0.000001,-0.000001,0.000851,0.028157,,,,,,,,,,,,
816381,,,,,,,,,-0.000000,0.000000,,,-0.000001,-0.000000,0.001697,0.029118,,,,0.033591,0.907531,0.370240,,,,,,
816389,,,,,,,,,,,,,,,,,,,,0.033594,0.907534,0.370240,,,,,,
816392,,,,,,,,,-0.000000,0.000000,,,-0.000001,-0.000000,0.002544,0.030080,,,,,,,,,,,,
816397,0.033594,0.907532,0.370242,0.007934,1.007875,0.777488,0.026321,-0.026095,,,4.691025,5.297515,,,,,0.012387,0.102828,0.407246,0.033595,0.907512,0.370262,,,,,,
816402,,,,,,,,,-0.000000,0.000000,,,-0.000001,-0.000000,0.008066,0.036037,,,,,,,,,,,,
816414,,,,,,,,,-0.000000,0.000000,,,-0.000000,-0.000000,0.009004,0.037096,,,,0.033596,0.907529,0.370262,,,,,,
816418,,,,,,,,,,,,,,,,,,,,0.033598,0.907531,0.370262,,,,,,
816422,,,,,,,,,-0.000000,0.000000,,,-0.000000,-0.000000,0.009942,0.038156,,,,,,,,,,,,
816426,,,,,,,,,,,,,,,,,,,,0.033596,0.907534,0.370240,,,,,,
816432,,,,,,,,,-0.000000,0.000000,,,-0.000000,-0.000000,0.010881,0.039215,,,,,,,,,,,,
816440,,,,,,,,,-0.000000,0.000000,,,-0.000000,-0.000000,0.011819,0.040275,,,,0.033598,0.907535,0.370262,,,,,,
816447,0.033598,0.907535,0.370260,0.008990,1.008913,0.775697,0.028511,-0.032285,,,5.186339,5.819676,,,,,0.013744,0.103413,0.405437,0.033599,0.907528,0.370262,,,,,,
816452,,,,,,,,,-0.000000,0.000000,,,-0.000000,-0.000000,0.017809,0.046660,,,,,,,,,,,,
816455,,,,,,,,,,,,,,,,,,,,0.033597,0.907530,0.370240,,,,,,
816462,,,,,,,,,-0.000000,0.000000,,,-0.000000,-0.000000,0.018846,0.047824,,,,,,,,,,,,
816474,,,,,,,,,-0.000000,0.000000,,,-0.000000,-0.000000,0.019884,0.048988,,,,0.033596,0.907529,0.370240,,,,,,
816477,,,,,,,,,,,,,,,,,,,,0.033593,0.907531,0.370240,,,,,,
816482,,,,,,,,,-0.000000,0.000000,,,-0.000000,-0.000000,0.020921,0.050152,,,,,,,,,,,,
816491,,,,,,,,,-0.000000,0.000000,,,-0.000000,-0.000000,0.021958,0.051316,,,,0.033593,0.907530,0.370262,,,,,,
816497,0.033594,0.907530,0.370262,0.010129,1.010028,0.773513,0.030739,-0.039548,,,5.719112,6.373709,,,,,0.015215,0.104043,0.403251,0.033594,0.907530,0.370262,,,,,,
816502,,,,,,,,,-0.000000,0.000000,,,-0.000000,-0.000000,0.028430,0.058131,,,,,,,,,,,,
816506,,,,,,,,,,,,,,,,,,,,0.033597,0.907513,0.370262,,,,,,
816514,,,,,,,,,-0.000000,0.000000,,,-0.000000,-0.000000,0.029574,0.059406,,,,,,,,,,,,
816520,,,,,,,,,0.027467,0.652434,,,-0.000000,0.544543,0.030717,0.055126,,,,0.033596,0.907527,0.370262,,,,,,
816527,,,,,,,,,,,,,,,,,,,,0.033603,0.907531,0.370240,,,,,,
816532,,,,,,,,,0.027467,0.652434,,,-0.000000,1.002722,0.031861,0.051619,,,,,,,,,,,,
816535,,,,,,,,,,,,,,,,,,,,0.033600,0.907519,0.370262,,,,,,
816542,,,,,,,,,-0.000000,0.000000,,,-0.000000,0.843690,0.033005,0.054315,,,,,,,,,,,,
816547,0.033600,0.907520,0.370262,0.011352,1.011219,0.770873,0.032997,-0.048015,,,6.285143,6.954200,,,,,0.016785,0.104722,0.400611,0.033601,0.907514,0.370262,,,,,,
816552,,,,,,,,,-0.000000,0.000000,,,-0.000000,0.709881,0.039922,0.062707,,,,,,,,,,,,
816557,,,,,,,,,,,,,,,,,,,,0.033663,0.907554,0.373048,,,,,,
816562,,,,,,,,,-0.000000,0.000000,,,-0.000000,0.597293,0.041179,0.065104,,,,,,,,,,,,
816574,,,,,,,,,-0.000000,0.000000,,,-0.000000,0.502563,0.042436,0.067342,,,,0.033756,0.907585,0.373048,,,,,,
816582,,,,,,,,,0.027467,0.652434,,,-0.000000,0.967399,0.043694,0.063891,,,,,,,,,,,,
816592,,,,,,,,,-0.000000,0.000000,,,-0.000000,0.813970,0.044951,0.066653,,,,,,,,,,,,
816597,0.033743,0.907580,0.372814,0.012660,1.012485,0.767705,0.035275,-0.057831,,,6.924407,7.594424,,,,,0.018576,0.105378,0.394891,,,,,,,,,
816601,,,,,,,,,-0.000000,0.000000,,,-0.000000,0.684874,0.052728,0.075728,,,,0.034043,0.907646,0.378690,,,,,,
816608,,,,,,,,,,,,,,,,,,,,0.034115,0.907671,0.381509,,,,,,
816612,,,,,,,,,0.027467,0.652434,,,-0.000000,1.120796,0.054113,0.072664,,,,,,,,,,,,
816616,,,,,,,,,,,,,,,,,,,,0.034206,0.907692,0.384328,,,,,,
816622,,,,,,,,,-0.000000,0.000000,,,-0.000000,0.943038,0.055498,0.075771,,,,,,,,,,,,
816634,,,,,,,,,0.054935,0.000000,,,0.544543,1.338015,0.051328,0.073073,,,,,,,,,,,,
816642,,,,,,,,,0.027467,0.652434,,,0.458179,1.670349,0.053485,0.070934,,,,,,,,,,,,
816646,0.034621,0.907796,0.393860,0.014055,1.013827,0.763929,0.037562,-0.069155,,,7.981613,8.601091,,,,,0.021698,0.105805,0.370069,0.034585,0.907768,0.392800,,,,,,
816652,,,,,,,,,-0.000000,0.000000,,,0.385511,1.405431,0.066303,0.085089,,,,,,,,,,,,
816660,,,,,,,,,0.027467,0.652434,,,0.324369,1.727073,0.068446,0.083248,,,,0.034810,0.907824,0.398457,,,,,,
816667,,,,,,,,,,,,,,,,,,,,0.035133,0.907933,0.404105,,,,,,
816672,,,,,,,,,0.027467,0.652434,,,0.272924,1.997702,0.070502,0.081862,,,,,,,,,,,,
816682,,,,,,,,,0.027467,0.652434,,,0.229638,2.225410,0.072486,0.080860,,,,0.035375,0.908027,0.406930,,,,,,
816694,,,,,,,,,-0.000000,0.000000,,,0.193218,2.417002,0.074407,0.080181,,,,0.035546,0.908072,0.412584,,,,,,
816697,0.035468,0.908049,0.411012,0.015537,1.015241,0.759456,0.039846,-0.082171,,,8.966903,9.527272,,,,,0.024556,0.106228,0.348444,0.035782,0.908139,0.421040,,,,,,
816702,,,,,,,,,0.054935,1.304868,,,0.162573,2.578209,0.086328,0.089221,,,,,,,,,,,,
816711,,,,,,,,,0.027467,0.652434,,,0.136789,2.713848,0.088351,0.089227,,,,0.036075,0.908228,0.426702,,,,,,
816719,,,,,,,,,,,,,,,,,,,,0.036326,0.908289,0.435184,,,,,,
816722,,,,,,,,,0.027467,0.652434,,,0.115094,2.827974,0.090339,0.089426,,,,,,,,,,,,
816726,,,,,,,,,,,,,,,,,,,,0.036696,0.908372,0.443708,,,,,,
816732,,,,,,,,,0.054935,1.304868,,,0.096840,3.468544,0.092295,0.084232,,,,,,,,,,,,
816741,,,,,,,,,0.027467,0.652434,,,0.081482,3.462975,0.094226,0.085500,,,,0.037038,0.908475,0.452206,,,,,,
816747,0.037011,0.908487,0.451487,0.017109,1.016725,0.754185,0.042115,-0.097083,,,10.546432,10.969396,,,,,0.029317,0.106075,0.302698,0.037417,0.908662,0.460730,,,,,,
816754,,,,,,,,,0.054935,0.000000,,,0.613102,3.458290,0.106692,0.101470,,,,0.037852,0.908848,0.472108,,,,,,
816762,,,,,,,,,0.054935,1.304868,,,0.515864,3.998891,0.109670,0.097459,,,,,,,,,,,,
816770,,,,,,,,,0.054935,1.304868,,,0.434048,4.453753,0.112511,0.094213,,,,0.038310,0.908991,0.480652,,,,,,
816778,,,,,,,,,,,,,,,,,,,,0.038750,0.909146,0.489205,,,,,,
816782,,,,,,,,,0.054935,1.304868,,,0.365208,4.836473,0.115236,0.091612,,,,,,,,,,,,
816786,,,,,,,,,,,,,,,,,,,,0.039204,0.909329,0.500623,,,,,,
816792,,,,,,,,,0.054935,1.304868,,,0.307286,5.158494,0.117863,0.089554,,,,,,,,,,,,
816797,0.039224,0.909365,0.501974,0.018770,1.018276,0.748003,0.044352,-0.114131,,,12.269454,12.498480,,,,,0.034473,0.105316,0.246029,,,,,,,,,
816800,,,,,,,,,0.082402,0.652434,,,0.803093,5.429443,0.132428,0.103550,,,,0.039661,0.909548,0.509168,,,,,,
816807,,,,,,,,,,,,,,,,,,,,0.040229,0.909772,0.520604,,,,,,
816814,,,,,,,,,0.109870,0.000000,,,1.764809,5.657419,0.124912,0.102638,,,,0.040835,0.910090,0.526340,,,,,,
816822,,,,,,,,,0.054935,0.000000,,,2.029453,5.304695,0.124313,0.107604,,,,,,,,,,,,
816832,,,,,,,,,0.109870,0.000000,,,2.796668,5.552456,0.118536,0.106516,,,,,,,,,,,,
816842,,,,,,,,,0.109870,0.000000,,,3.442203,5.760922,0.113846,0.105778,,,,,,,,,,,,
816847,0.041103,0.910252,0.524295,0.020521,1.019890,0.740781,0.046545,-0.133590,,,13.224839,13.307813,,,,,0.037067,0.105214,0.216486,,,,,,,,,
816854,,,,,,,,,0.082402,0.652434,,,3.440812,5.936326,0.125370,0.113592,,,,0.043393,0.911514,0.532083,,,,,,
816859,,,,,,,,,,,,,,,,,,,,0.044306,0.912105,0.532086,,,,,,
816862,,,,,,,,,0.164805,0.000000,,,4.528728,6.628453,0.116230,0.108007,,,,,,,,,,,,
816867,,,,,,,,,,,,,,,,,,,,0.045372,0.912680,0.529227,,,,,,
816872,,,,,,,,,0.109870,0.000000,,,4.899558,6.666266,0.114187,0.108957,,,,,,,,,,,,
816882,,,,,,,,,0.164805,0.000000,,,5.756117,7.242625,0.107115,0.104406,,,,,,,,,,,,
816888,,,,,,,,,,,,,,,,,,,,0.047717,0.914075,0.532109,,,,,,
816892,,,,,,,,,0.137337,-0.652434,,,6.476826,7.183030,0.101258,0.106227,,,,,,,,,,,,
816896,0.048789,0.914682,0.528703,0.022362,1.021559,0.732373,0.048676,-0.155784,,,11.741704,11.705954,,,,,0.031091,0.105614,0.203671,0.048944,0.914780,0.532095,,,,,,
816902,,,,,,,,,0.137337,0.652434,,,6.538687,7.677430,0.086849,0.086070,,,,,,,,,,,,
816914,,,,,,,,,0.137337,-0.652434,,,7.135280,8.637961,0.081804,0.077079,,,,0.050225,0.915516,0.534955,,,,,,
816918,,,,,,,,,,,,,,,,,,,,0.051485,0.916299,0.534944,,,,,,
816922,,,,,,,,,0.164805,1.304868,,,7.092710,8.357066,0.083159,0.080557,,,,,,,,,,,,
816926,,,,,,,,,,,,,,,,,,,,0.053017,0.917112,0.532094,,,,,,
816932,,,,,,,,,0.137337,-0.652434,,,7.601435,8.120721,0.078900,0.083638,,,,,,,,,,,,
816940,,,,,,,,,0.137337,0.652434,,,7.484932,8.466403,0.080917,0.080829,,,,0.054342,0.917883,0.534955,,,,,,
816947,0.054370,0.917912,0.537168,0.024293,1.023279,0.722612,0.050728,-0.181093,,,11.108870,10.916186,,,,,0.028076,0.105917,0.185445,0.055751,0.918641,0.535005,,,,,,
816952,,,,,,,,,0.164805,0.000000,,,7.931451,8.757260,0.070759,0.070454,,,,,,,,,,,,
816955,,,,,,,,,,,,,,,,,,,,0.056896,0.919294,0.534964,,,,,,
816962,,,,,,,,,0.164805,0.000000,,,7.762608,9.001987,0.073116,0.068390,,,,,,,,,,,,
816974,,,,,,,,,0.164805,0.000000,,,8.709630,9.207901,0.064126,0.066673,,,,0.058153,0.920067,0.537844,,,,,,
816977,,,,,,,,,,,,,,,,,,,,0.059325,0.920798,0.540696,,,,,,
816982,,,,,,,,,0.109870,0.000000,,,8.417368,8.836613,0.067587,0.070801,,,,,,,,,,,,
816985,,,,,,,,,,,,,,,,,,,,0.060595,0.921571,0.540710,,,,,,
816992,,,,,,,,,0.109870,0.000000,,,8.171458,8.524211,0.070633,0.074404,,,,,,,,,,,,
816997,0.060469,0.921500,0.540413,0.026314,1.025041,0.711307,0.052683,-0.209971,,,10.171189,9.808931,,,,,0.023983,0.106359,0.170894,0.061741,0.922302,0.540704,,,,,,
817002,,,,,,,,,0.109870,0.000000,,,7.964550,8.261356,0.063767,0.066269,,,,,,,,,,,,
817007,,,,,,,,,,,,,,,,,,,,0.062946,0.923075,0.537850,,,,,,
817014,,,,,,,,,0.137337,-0.652434,,,8.335001,8.584734,0.060430,0.063280,,,,,,,,,,,,
817021,,,,,,,,,0.137337,0.652434,,,8.102155,8.312281,0.063172,0.066304,,,,0.063961,0.923696,0.537839,,,,,,
817028,,,,,,,,,,,,,,,,,,,,0.065017,0.924391,0.537850,,,,,,
817032,,,,,,,,,0.109870,0.000000,,,7.906239,8.083038,0.065584,0.068942,,,,,,,,,,,,
817036,,,,,,,,,,,,,,,,,,,,0.066067,0.924935,0.540710,,,,,,
817042,,,,,,,,,0.137337,0.652434,,,7.741395,8.434697,0.067718,0.065700,,,,,,,,,,,,
817047,0.066087,0.924950,0.543423,0.028423,1.026835,0.698237,0.054524,-0.242959,,,9.398690,8.834709,,,,,0.020443,0.106682,0.154814,,,,,,,,,
817050,,,,,,,,,0.082402,0.652434,,,7.058152,8.186040,0.067294,0.058574,,,,0.067092,0.925503,0.540710,,,,,,
817058,,,,,,,,,,,,,,,,,,,,0.068074,0.926058,0.543582,,,,,,
817062,,,,,,,,,0.082402,-0.652434,,,7.027814,7.432276,0.068072,0.066392,,,,,,,,,,,,
817066,,,,,,,,,,,,,,,,,,,,0.069014,0.926563,0.546448,,,,,,
817073,,,,,,,,,0.109870,0.000000,,,6.457745,7.342603,0.074360,0.067587,,,,,,,,,,,,
817082,,,,,,,,,0.109870,1.304868,,,6.522632,7.811695,0.074287,0.063101,,,,,,,,,,,,
817092,,,,,,,,,0.109870,0.000000,,,6.577228,7.661845,0.074305,0.064834,,,,,,,,,,,,
817095,0.071645,0.928116,0.551480,0.030620,1.028652,0.683144,0.056230,-0.280706,,,,,,,,,,,,0.071723,0.928145,0.552218,,,,,,
817098,,,,,,,,,,,8.881763,8.060926,,,,,0.017733,0.107127,0.131664,,,,,,,,,
817102,,,,,,,,,0.082402,0.652434,,,6.078622,7.535762,0.074683,0.058462,,,,,,,,,,,,
817109,,,,,,,,,,,,,,,,,,,,0.072422,0.928567,0.555076,,,,,,
817112,,,,,,,,,0.082402,-0.652434,,,6.203638,6.885132,0.073968,0.065204,,,,,,,,,,,,
817117,,,,,,,,,,,,,,,,,,,,0.073132,0.928966,0.557943,,,,,,
817122,,,,,,,,,0.082402,0.652434,,,5.764284,6.882236,0.078985,0.065468,,,,,,,,,,,,
817134,,,,,,,,,0.137337,-0.652434,,,6.483697,6.879799,0.072271,0.065729,,,,,,,,,,,,
817139,,,,,,,,,,,,,,,,,,,,0.074699,0.929824,0.560834,,,,,,
817142,,,,,,,,,0.054935,1.304868,,,5.455382,6.877748,0.083239,0.065986,,,,,,,,,,,,
817147,0.074635,0.929807,0.565524,0.032904,1.030478,0.665730,0.057784,-0.323990,,,9.427948,8.283878,,,,,0.018711,0.107359,0.100206,0.075396,0.930254,0.560827,,,,,,
817152,,,,,,,,,0.054935,0.000000,,,5.134701,6.331480,0.092766,0.074069,,,,,,,,,,,,
817160,,,,,,,,,0.109870,0.000000,,,5.409423,6.416393,0.090823,0.073593,,,,0.076087,0.930691,0.560822,,,,,,
817168,,,,,,,,,,,,,,,,,,,,0.076844,0.931210,0.563714,,,,,,
817172,,,,,,,,,0.082402,-0.652434,,,5.640574,5.943295,0.089269,0.078792,,,,,,,,,,,,
817176,,,,,,,,,,,,,,,,,,,,0.077535,0.931643,0.563709,,,,,,
817182,,,,,,,,,0.109870,0.000000,,,5.835064,6.089775,0.088042,0.077766,,,,,,,,,,,,
817194,,,,,,,,,0.082402,0.652434,,,5.998709,6.213022,0.087092,0.076948,,,,0.078164,0.932033,0.563701,,,,,,
817197,0.078158,0.932035,0.566592,0.035273,1.032301,0.645642,0.059167,-0.373751,,,9.381710,7.910949,,,,,0.017635,0.107617,0.079050,0.078824,0.932499,0.563703,,,,,,
817202,,,,,,,,,0.082402,-0.652434,,,5.591856,5.772179,0.091456,0.078055,,,,,,,,,,,,
817206,,,,,,,,,,,,,,,,,,,,0.079599,0.932971,0.560829,,,,,,
817212,,,,,,,,,0.082402,-0.652434,,,5.794073,5.401254,0.090151,0.082266,,,,,,,,,,,,
817220,,,,,,,,,0.109870,0.000000,,,5.964219,5.633700,0.089133,0.080397,,,,0.080498,0.933521,0.557948,,,,,,
817228,,,,,,,,,,,,,,,,,,,,0.081333,0.934118,0.557949,,,,,,
817234,,,,,,,,,0.082402,-0.652434,,,6.107379,5.284738,0.088357,0.084412,,,,0.082172,0.934724,0.552186,,,,,,
817242,,,,,,,,,0.109870,0.000000,,,6.227834,5.535665,0.087783,0.082378,,,,,,,,,,,,
817247,0.082225,0.934746,0.553395,0.037725,1.034105,0.622469,0.060363,-0.431116,,,8.703364,6.903399,,,,,0.014363,0.107918,0.069074,,,,,,,,,
817250,,,,,,,,,0.137337,-0.652434,,,6.873729,5.746794,0.074906,0.070422,,,,0.083051,0.935246,0.549318,,,,,,
817257,,,,,,,,,,,,,,,,,,,,0.084005,0.935804,0.549325,,,,,,
817262,,,,,,,,,0.109870,0.000000,,,6.872641,5.924438,0.075283,0.068842,,,,,,,,,,,,
817272,,,,,,,,,0.109870,0.000000,,,6.871726,6.073908,0.075659,0.067513,,,,0.084942,0.936372,0.546437,,,,,,
817282,,,,,,,,,0.082402,0.652434,,,6.326412,6.199672,0.081587,0.066396,,,,,,,,,,,,
817292,,,,,,,,,0.109870,-1.304868,,,6.956672,5.760946,0.075634,0.071012,,,,,,,,,,,,
817297,0.085113,0.936467,0.541546,0.040257,1.035873,0.595723,0.061357,-0.497436,,,8.528871,6.330755,,,,,0.012802,0.108304,0.054177,,,,,,,,,
817301,,,,,,,,,0.109870,0.000000,,,6.942430,5.936346,0.074349,0.063610,,,,0.087786,0.938132,0.543575,,,,,,
817309,,,,,,,,,,,,,,,,,,,,0.088741,0.938671,0.540697,,,,,,
817314,,,,,,,,,0.054935,0.000000,,,6.385902,5.539384,0.080343,0.067738,,,,0.089684,0.939234,0.540704,,,,,,
817322,,,,,,,,,0.164805,0.000000,,,7.006727,6.294466,0.074439,0.060194,,,,,,,,,,,,
817332,,,,,,,,,0.082402,-0.652434,,,6.984546,5.840706,0.074970,0.064830,,,,,,,,,,,,
817338,,,,,,,,,,,,,,,,,,,,0.091322,0.940223,0.534961,,,,,,
817342,,,,,,,,,0.082402,0.652434,,,6.421339,6.003456,0.081023,0.063268,,,,,,,,,,,,
817347,0.091095,0.940090,0.538251,0.042867,1.037585,0.564831,0.062139,-0.574311,,,7.645491,4.940219,,,,,0.008571,0.108433,0.026580,0.092150,0.940665,0.532085,,,,,,
817354,,,,,,,,,0.109870,0.000000,,,6.492000,6.140394,0.071713,0.047753,,,,,,,,,,,,
817360,,,,,,,,,0.109870,-1.304868,,,7.095998,5.711070,0.065783,0.051892,,,,0.093035,0.941187,0.529219,,,,,,
817368,,,,,,,,,,,,,,,,,,,,0.093837,0.941685,0.526351,,,,,,
817372,,,,,,,,,0.082402,-0.652434,,,7.059658,5.349836,0.066264,0.055423,,,,,,,,,,,,
817375,,,,,,,,,,,,,,,,,,,,0.094608,0.942137,0.526351,,,,,,
817382,,,,,,,,,0.054935,0.000000,,,6.484539,5.045895,0.072247,0.058441,,,,,,,,,,,,
817390,,,,,,,,,0.109870,0.000000,,,6.545177,5.334702,0.071861,0.055474,,,,0.095570,0.942689,0.520622,,,,,,
817397,0.095591,0.942707,0.522101,0.045552,1.039222,0.529120,0.062701,-0.663608,,,6.882190,3.632769,,,,,0.004760,0.108611,0.007019,0.096230,0.943156,0.517771,,,,,,
817402,,,,,,,,,0.082402,-0.652434,,,6.596197,5.033160,0.063775,0.045135,,,,,,,,,,,,
817414,,,,,,,,,0.054935,-1.304868,,,6.639126,4.234900,0.063394,0.052997,,,,0.096873,0.943553,0.512053,,,,,,
817419,,,,,,,,,,,,,,,,,,,,0.097452,0.943874,0.506314,,,,,,
817422,,,,,,,,,0.082402,0.652434,,,6.130703,4.652331,0.068629,0.048619,,,,,,,,,,,,
817427,,,,,,,,,,,,,,,,,,,,0.098208,0.944313,0.503451,,,,,,
817432,,,,,,,,,0.082402,-0.652434,,,6.247459,4.459014,0.067588,0.050387,,,,,,,,,,,,
817441,,,,,,,,,0.054935,-1.304868,,,6.345697,3.751814,0.066713,0.057435,,,,0.098973,0.944762,0.500598,,,,,,
817447,0.098892,0.944699,0.496928,0.048308,1.040760,0.487805,0.063045,-0.767452,,,6.243379,2.384444,,,,,0.001329,0.108558,-0.009122,0.099732,0.945146,0.494896,,,,,,
817455,,,,,,,,,0.054935,0.000000,,,5.883812,3.701319,0.065016,0.045193,,,,0.100318,0.945530,0.489189,,,,,,
817462,,,,,,,,,0.109870,0.000000,,,6.039725,4.203375,0.063497,0.039809,,,,,,,,,,,,
817471,,,,,,,,,0.027467,-0.652434,,,5.626367,3.536719,0.067754,0.046245,,,,0.100828,0.945815,0.486329,,,,,,
817478,,,,,,,,,,,,,,,,,,,,0.101346,0.946149,0.480623,,,,,,
817482,,,,,,,,,0.054935,0.000000,,,5.278567,3.520338,0.071425,0.046182,,,,,,,,,,,,
817486,,,,,,,,,,,,,,,,,,,,0.101998,0.946471,0.477778,,,,,,
817492,,,,,,,,,0.082402,-1.957303,,,6.075016,2.962012,0.063495,0.051649,,,,,,,,,,,,
817497,0.102048,0.946474,0.471173,0.051132,1.042174,0.439987,0.063181,-0.888137,,,5.695906,1.113898,,,,,-0.001927,0.108384,-0.031186,,,,,,,,,
817500,,,,,,,,,0.054935,0.000000,,,5.656060,3.036780,0.062217,0.037812,,,,0.102638,0.946799,0.477785,,,,,,
817508,,,,,,,,,,,,,,,,,,,,0.103216,0.947074,0.472098,,,,,,
817514,,,,,,,,,0.054935,-1.304868,,,5.848095,2.555146,0.060267,0.042340,,,,0.103696,0.947324,0.466400,,,,,,
817522,,,,,,,,,0.054935,0.000000,,,5.465129,2.694443,0.064142,0.040631,,,,,,,,,,,,
817532,,,,,,,,,-0.000000,0.000000,,,4.598359,2.267104,0.073030,0.044673,,,,,,,,,,,,
817542,,,,,,,,,0.054935,-1.304868,,,4.958145,1.907541,0.069579,0.048110,,,,,,,,,,,,
817547,0.103766,0.947352,0.461326,0.054019,1.043439,0.384662,0.063132,-1.027937,,,6.184741,0.685538,,,,,-0.001774,0.108187,-0.076664,,,,,,,,,
817551,,,,,,,,,0.027467,-0.652434,,,4.716326,1.605005,0.077179,0.046668,,,,0.104821,0.948000,0.446513,,,,,,
817559,,,,,,,,,,,,,,,,,,,,0.105162,0.948204,0.438003,,,,,,
817562,,,,,,,,,0.027467,-0.652434,,,4.512859,1.350451,0.079549,0.049081,,,,,,,,,,,,
817567,,,,,,,,,,,,,,,,,,,,0.105449,0.948394,0.429502,,,,,,
817574,,,,,,,,,0.027467,-0.652434,,,4.341662,1.136269,0.081629,0.051132,,,,,,,,,,,,
817581,,,,,,,,,0.054935,-1.304868,,,4.742160,0.956057,0.077913,0.052880,,,,0.105728,0.948561,0.420999,,,,,,
817589,,,,,,,,,,,,,,,,,,,,0.106070,0.948770,0.412532,,,,,,
817592,,,,,,,,,0.027467,-0.652434,,,4.534596,0.804426,0.080318,0.054373,,,,,,,,,,,,
817597,0.105981,0.948700,0.413889,0.056964,1.044526,0.320757,0.062935,-1.188691,,,5.339196,-1.072379,,,,,-0.006339,0.107448,-0.093132,0.106297,0.948880,0.406868,,,,,,
817602,,,,,,,,,-0.000000,0.000000,,,3.815409,0.676844,0.079360,0.037720,,,,,,,,,,,,
817610,,,,,,,,,0.054935,0.000000,,,3.754827,1.114040,0.080282,0.032911,,,,0.106508,0.948995,0.395573,,,,,,
817618,,,,,,,,,,,,,,,,,,,,0.106784,0.949161,0.389944,,,,,,
817622,,,,,,,,,0.054935,-1.304868,,,4.248398,0.937353,0.075565,0.034275,,,,,,,,,,,,
817626,,,,,,,,,,,,,,,,,,,,0.107090,0.949332,0.389951,,,,,,
817633,,,,,,,,,-0.000000,0.000000,,,3.574601,0.788688,0.082656,0.035390,,,,,,,,,,,,
817640,,,,,,,,,0.027467,-0.652434,,,3.552212,0.663602,0.083237,0.036294,,,,0.107323,0.949429,0.384325,,,,,,
817647,0.107317,0.949413,0.384069,0.059963,1.045404,0.247221,0.062651,-1.371067,,,5.418937,-2.124884,,,,,-0.007936,0.106741,-0.136848,0.107381,0.949473,0.378661,,,,,,
817652,,,,,,,,,0.027467,-0.652434,,,3.533374,0.558355,0.084600,0.026284,,,,,,,,,,,,
817655,,,,,,,,,,,,,,,,,,,,0.107437,0.949486,0.373016,,,,,,
817662,,,,,,,,,0.027467,-0.652434,,,3.517524,0.469800,0.085139,0.026651,,,,,,,,,,,,
817674,,,,,,,,,0.027467,-0.652434,,,3.504187,0.395289,0.085655,0.026892,,,,0.107638,0.949550,0.367385,,,,,,
817677,,,,,,,,,,,,,,,,,,,,0.107822,0.949669,0.361767,,,,,,
817682,,,,,,,,,0.027467,-0.652434,,,3.492966,0.332596,0.086152,0.027027,,,,,,,,,,,,
817692,,,,,,,,,-0.000000,0.000000,,,2.938981,0.279847,0.092188,0.027074,,,,0.108081,0.949822,0.353335,,,,,,
817697,0.108016,0.949788,0.355914,0.063009,1.046041,0.163180,0.062366,-1.573367,,,5.806406,-3.019269,,,,,-0.008648,0.105903,-0.192734,0.108299,0.949945,0.347714,,,,,,
817702,,,,,,,,,0.027467,-0.652434,,,3.017401,0.235463,0.095836,0.017923,,,,,,,,,,,,
817707,,,,,,,,,,,,,,,,,,,,0.108457,0.950009,0.342080,,,,,,
817712,,,,,,,,,0.054935,-1.304868,,,3.627928,0.198118,0.090167,0.017653,,,,,,,,,,,,
817721,,,,,,,,,0.027467,-0.652434,,,3.597081,0.166697,0.090917,0.017330,,,,0.108569,0.950054,0.336450,,,,,,
817729,,,,,,,,,,,,,,,,,,,,0.108837,0.950154,0.328031,,,,,,
817734,,,,,,,,,0.027467,-0.652434,,,3.571127,0.140259,0.091624,0.016962,,,,,,,,,,,,
817737,,,,,,,,,,,,,,,,,,,,0.109153,0.950322,0.322428,,,,,,
817742,,,,,,,,,0.027467,-0.652434,,,3.549289,0.118014,0.092294,0.016557,,,,,,,,,,,,
817747,0.109167,0.950315,0.322501,0.066098,1.046403,0.068188,0.062198,-1.789854,,,5.939688,-4.261792,,,,,-0.010394,0.104784,-0.254313,,,,,,,,,
817751,,,,,,,,,0.054935,-1.304868,,,4.075458,0.099297,0.088738,0.003447,,,,0.109450,0.950469,0.311217,,,,,,
817758,,,,,,,,,,,,,,,,,,,,0.109759,0.950578,0.302815,,,,,,
817762,,,,,,,,,0.027467,-0.652434,,,3.973633,0.083548,0.090149,0.002736,,,,,,,,,,,,
817766,,,,,,,,,,,,,,,,,,,,0.110110,0.950704,0.294419,,,,,,
817772,,,,,,,,,0.027467,-0.652434,,,3.887957,0.070297,0.091416,0.002002,,,,,,,,,,,,
817782,,,,,,,,,0.027467,-0.652434,,,3.815870,0.059148,0.092562,0.001249,,,,,,,,,,,,
817794,,,,,,,,,0.027467,-0.652434,,,3.755216,0.049767,0.093605,0.000481,,,,0.111312,0.951203,0.266483,,,,,,
817797,0.111242,0.951163,0.268447,0.069222,1.046453,-0.037448,0.062297,-2.008916,,,5.203375,-6.350625,,,,,-0.015241,0.103022,-0.305895,,,,,,,,,
817802,,,,,,,,,0.082402,-1.957303,,,4.793268,0.041874,0.075944,-0.021607,,,,,,,,,,,,
817809,,,,,,,,,,,,,,,,,,,,0.111710,0.951378,0.255335,,,,,,
817812,,,,,,,,,0.027467,-0.652434,,,4.577598,0.035233,0.078225,-0.022818,,,,,,,,,,,,
817817,,,,,,,,,,,,,,,,,,,,0.112118,0.951558,0.244161,,,,,,
817822,,,,,,,,,0.054935,-1.304868,,,4.940677,0.029645,0.074647,-0.024038,,,,,,,,,,,,
817831,,,,,,,,,0.054935,-1.304868,,,5.246171,0.024943,0.071584,-0.025266,,,,0.112592,0.951723,0.233029,,,,,,
817839,,,,,,,,,,,,,,,,,,,,0.113083,0.951912,0.224672,,,,,,
817842,,,,,,,,,0.027467,-0.652434,,,4.958671,0.020987,0.074508,-0.026501,,,,,,,,,,,,
817847,0.113041,0.951878,0.225608,0.072376,1.046155,-0.152343,0.062848,-2.212000,,,4.887581,-8.017244,,,,,-0.018544,0.100984,-0.377951,0.113570,0.952103,0.213535,,,,,,
817854,,,,,,,,,0.027467,-0.652434,,,4.716768,0.017659,0.073803,-0.044741,,,,,,,,,,,,
817861,,,,,,,,,0.054935,-1.304868,,,5.057774,0.014858,0.070359,-0.046319,,,,0.113988,0.952229,0.202405,,,,,,
817868,,,,,,,,,,,,,,,,,,,,0.114458,0.952381,0.191281,,,,,,
817872,,,,,,,,,0.027467,-1.957303,,,5.344697,-0.532042,0.067398,-0.042348,,,,,,,,,,,,
817876,,,,,,,,,,,,,,,,,,,,0.114948,0.952581,0.180181,,,,,,
817882,,,,,,,,,0.027467,-0.652434,,,5.041571,-0.447660,0.070399,-0.044705,,,,,,,,,,,,
817890,,,,,,,,,0.027467,-0.652434,,,4.786520,-0.376661,0.072969,-0.046943,,,,0.115460,0.952694,0.171846,,,,,,
817897,0.115370,0.952649,0.173620,0.075552,1.045468,-0.273856,0.064062,-2.374927,,,4.113730,-9.935941,,,,,-0.023185,0.098302,-0.447476,0.115829,0.952792,0.160703,,,,,,
817902,,,,,,,,,0.054935,-1.304868,,,5.116464,-0.316922,0.061731,-0.068652,,,,,,,,,,,,
817906,,,,,,,,,,,,,,,,,,,,0.116217,0.952874,0.152375,,,,,,
817913,,,,,,,,,0.000000,-1.304868,,,4.849535,-0.811202,0.064253,-0.065534,,,,,,,,,,,,
817920,,,,,,,,,0.027467,-0.652434,,,4.624941,-0.682545,0.066397,-0.068671,,,,0.116590,0.952988,0.144050,,,,,,
817928,,,,,,,,,,,,,,,,,,,,0.116883,0.953114,0.132963,,,,,,
817932,,,,,,,,,0.054935,-1.304868,,,4.435968,-0.574293,0.068222,-0.071626,,,,,,,,,,,,
817942,,,,,,,,,0.027467,-1.957303,,,4.821510,-1.027753,0.064225,-0.068873,,,,0.117272,0.953245,0.119111,,,,,,
817947,0.117226,0.953209,0.115472,0.078743,1.044352,-0.398267,0.066158,-2.472996,,,3.237652,-11.631269,,,,,-0.027726,0.094970,-0.513740,,,,,,,,,
817954,,,,,,,,,0.027467,-0.652434,,,5.145904,-0.864752,0.051839,-0.089609,,,,0.117626,0.953365,0.108017,,,,,,
817957,,,,,,,,,,,,,,,,,,,,0.117912,0.953394,0.096949,,,,,,
817962,,,,,,,,,0.000000,-1.304868,,,4.874306,-1.272145,0.054227,-0.087607,,,,,,,,,,,,
817971,,,,,,,,,0.027467,-1.957303,,,5.190327,-1.614926,0.050676,-0.086183,,,,0.118029,0.953466,0.085843,,,,,,
817979,,,,,,,,,,,,,,,,,,,,0.118144,0.953527,0.074764,,,,,,
817982,,,,,,,,,-0.027467,-0.652434,,,4.367141,-1.903342,0.058682,-0.085244,,,,,,,,,,,,
817987,,,,,,,,,,,,,,,,,,,,0.118272,0.953638,0.060906,,,,,,
817992,,,,,,,,,0.000000,-1.304868,,,4.219055,-2.146015,0.059967,-0.084715,,,,,,,,,,,,
817997,0.118184,0.953602,0.060010,0.081941,1.042764,-0.521343,0.069343,-2.489058,,,2.602867,-12.700931,,,,,-0.030830,0.091175,-0.581353,,,,,,,,,
818001,,,,,,,,,0.000000,-1.304868,,,4.094455,-2.350200,0.054567,-0.095439,,,,0.118371,0.953722,0.044307,,,,,,
818009,,,,,,,,,,,,,,,,,,,,0.118453,0.953810,0.030467,,,,,,
818014,,,,,,,,,0.027467,-1.957303,,,4.534161,-2.522001,0.049783,-0.095757,,,,0.118467,0.953900,0.016628,,,,,,
818022,,,,,,,,,0.000000,-1.304868,,,4.359585,-2.666554,0.051178,-0.096319,,,,,,,,,,,,
818032,,,,,,,,,-0.027467,-1.957303,,,4.212698,-3.332725,0.052325,-0.091530,,,,,,,,,,,,
818042,,,,,,,,,0.000000,-1.304868,,,4.089107,-3.348698,0.053263,-0.093241,,,,,,,,,,,,
818047,0.118443,0.953875,0.014794,0.085138,1.040662,-0.639124,0.073786,-2.420534,,,2.339934,-13.029232,,,,,-0.032018,0.087270,-0.653918,0.118394,0.954128,-0.024863,,,,,,
818054,,,,,,,,,-0.027467,-0.652434,,,3.440574,-3.362137,0.056899,-0.098323,,,,,,,,,,,,
818061,,,,,,,,,-0.054935,-2.609737,,,3.439441,-4.462532,0.056691,-0.089033,,,,0.118310,0.954204,-0.041456,,,,,,
818069,,,,,,,,,,,,,,,,,,,,0.118192,0.954317,-0.058053,,,,,,
818072,,,,,,,,,-0.027467,-0.652434,,,2.893946,-4.299317,0.062035,-0.092411,,,,,,,,,,,,
818076,,,,,,,,,,,,,,,,,,,,0.117974,0.954428,-0.074656,,,,,,
818082,,,,,,,,,-0.054935,-1.304868,,,2.434966,-4.706531,0.066606,-0.090003,,,,,,,,,,,,
818091,,,,,,,,,-0.054935,-1.304868,,,2.048780,-5.049161,0.070526,-0.088173,,,,0.117711,0.954473,-0.088467,,,,,,
818097,0.117542,0.954428,-0.085277,0.088327,1.038001,-0.748593,0.079602,-2.280547,,,1.178021,-13.715528,,,,,-0.036227,0.080781,-0.663316,0.117388,0.954531,-0.105111,,,,,,
818102,,,,,,,,,-0.054935,-1.304868,,,1.723843,-5.337450,0.062047,-0.093829,,,,,,,,,,,,
818106,,,,,,,,,,,,,,,,,,,,0.116957,0.954634,-0.118973,,,,,,
818114,,,,,,,,,-0.054935,-1.304868,,,1.450441,-6.124559,0.064726,-0.087476,,,,,,,,,,,,
818120,,,,,,,,,-0.082402,-1.957303,,,1.220401,-6.242290,0.067018,-0.087793,,,,0.116439,0.954783,-0.130023,,,,,,
818128,,,,,,,,,,,,,,,,,,,,0.115832,0.954943,-0.143896,,,,,,
818132,,,,,,,,,-0.054935,-1.304868,,,1.026845,-6.341348,0.068984,-0.088277,,,,,,,,,,,,
818136,,,,,,,,,,,,,,,,,,,,0.115179,0.955122,-0.157788,,,,,,
818142,,,,,,,,,-0.054935,-1.304868,,,0.863987,-6.424696,0.070675,-0.088902,,,,,,,,,,,,
818147,0.115149,0.955091,-0.157178,0.091498,1.034736,-0.847975,0.086848,-2.092346,,,1.257334,-13.042502,,,,,-0.035826,0.074961,-0.690797,,,,,,,,,
818150,,,,,,,,,-0.054935,-1.304868,,,0.726959,-6.494825,0.072945,-0.082780,,,,0.114431,0.955307,-0.171687,,,,,,
818158,,,,,,,,,,,,,,,,,,,,0.113639,0.955538,-0.182814,,,,,,
818162,,,,,,,,,-0.054935,-1.304868,,,0.611663,-6.553831,0.074227,-0.083488,,,,,,,,,,,,
818166,,,,,,,,,,,,,,,,,,,,0.112788,0.955823,-0.196769,,,,,,
818174,,,,,,,,,-0.082402,-1.957303,,,0.514653,-7.148022,0.075346,-0.078725,,,,,,,,,,,,
818182,,,,,,,,,-0.027467,-0.652434,,,0.433029,-6.558888,0.076327,-0.085913,,,,,,,,,,,,
818192,,,,,,,,,-0.054935,-1.304868,,,0.364351,-6.607734,0.077192,-0.086711,,,,,,,,,,,,
818197,0.112759,0.955805,-0.198922,0.094644,1.030821,-0.936654,0.095535,-1.880993,,,2.127460,-11.618126,,,,,-0.032582,0.069957,-0.737732,,,,,,,,,
818202,,,,,,,,,-0.082402,-1.957303,,,0.306565,-7.193376,0.086835,-0.067496,,,,0.110862,0.956551,-0.238530,,,,,,
818210,,,,,,,,,-0.054935,-1.304868,,,0.257943,-7.141592,0.087696,-0.068909,,,,0.110364,0.956703,-0.252457,,,,,,
818217,,,,,,,,,,,,,,,,,,,,0.109912,0.956901,-0.269194,,,,,,
818222,,,,,,,,,-0.054935,-1.304868,,,0.217034,-7.098021,0.088487,-0.070249,,,,,,,,,,,,
818234,,,,,,,,,-0.027467,-0.652434,,,0.182612,-6.516817,0.089220,-0.077081,,,,0.109444,0.957135,-0.283147,,,,,,
818239,,,,,,,,,,,,,,,,,,,,0.108855,0.957378,-0.294365,,,,,,
818242,,,,,,,,,-0.054935,-2.609737,,,0.698193,-7.116879,0.084350,-0.071981,,,,,,,,,,,,
818247,0.108960,0.957305,-0.297306,0.097754,1.026211,-1.014874,0.105637,-1.667089,,,2.758907,-10.191877,,,,,-0.030900,0.062600,-0.717568,0.108260,0.957652,-0.308369,,,,,,
818252,,,,,,,,,-0.027467,-1.957303,,,1.132003,-7.077227,0.086652,-0.058738,,,,,,,,,,,,
818256,,,,,,,,,,,,,,,,,,,,0.107741,0.957825,-0.325194,,,,,,
818262,,,,,,,,,-0.027467,-1.957303,,,1.497010,-7.043864,0.083254,-0.059701,,,,,,,,,,,,
818274,,,,,,,,,-0.027467,-0.652434,,,1.259584,-7.015793,0.085928,-0.060617,,,,0.107435,0.958032,-0.344842,,,,,,
818277,,,,,,,,,,,,,,,,,,,,0.107388,0.958167,-0.361720,,,,,,
818282,,,,,,,,,-0.054935,-2.609737,,,1.604357,-6.447630,0.082711,-0.067047,,,,,,,,,,,,
818285,,,,,,,,,,,,,,,,,,,,0.107314,0.958325,-0.378591,,,,,,
818292,,,,,,,,,-0.027467,-0.652434,,,1.349906,-6.514122,0.085538,-0.067118,,,,,,,,,,,,
818297,0.107343,0.958275,-0.374508,0.100821,1.020859,-1.083402,0.117109,-1.464366,,,3.566928,-8.747132,,,,,-0.028964,0.055860,-0.708894,0.107053,0.958507,-0.392668,,,,,,
818302,,,,,,,,,-0.027467,-1.957303,,,1.680354,-6.570068,0.090691,-0.052546,,,,,,,,,,,,
818307,,,,,,,,,,,,,,,,,,,,0.106769,0.958663,-0.406788,,,,,,
818312,,,,,,,,,0.000000,-1.304868,,,1.958393,-6.072598,0.088232,-0.058056,,,,,,,,,,,,
818321,,,,,,,,,0.000000,-1.304868,,,2.192335,-5.654026,0.086168,-0.062860,,,,0.106398,0.958845,-0.420941,,,,,,
818334,,,,,,,,,-0.054935,-1.304868,,,1.844630,-5.301840,0.089989,-0.067071,,,,,,,,,,,,
818342,,,,,,,,,0.000000,-1.304868,,,2.096615,-5.550054,0.087763,-0.065229,,,,,,,,,,,,
818347,0.106477,0.958797,-0.422519,0.103835,1.014719,-1.143250,0.129894,-1.280196,,,4.945143,-7.000452,,,,,-0.025341,0.049920,-0.720730,,,,,,,,,
818351,,,,,,,,,-0.027467,-0.652434,,,1.764091,-5.214357,0.105507,-0.051476,,,,0.106095,0.959114,-0.457802,,,,,,
818358,,,,,,,,,,,,,,,,,,,,0.106149,0.959178,-0.469175,,,,,,
818362,,,,,,,,,0.000000,-1.304868,,,2.028849,-4.931903,0.103443,-0.054714,,,,,,,,,,,,
818366,,,,,,,,,,,,,,,,,,,,0.106162,0.959256,-0.480539,,,,,,
818372,,,,,,,,,0.000000,-1.304868,,,2.251617,-4.694246,0.101754,-0.057552,,,,,,,,,,,,
818382,,,,,,,,,0.000000,-1.304868,,,2.439053,-4.494281,0.100380,-0.060053,,,,,,,,,,,,
818394,,,,,,,,,0.000000,-1.304868,,,2.596762,-4.326030,0.099273,-0.062270,,,,0.105869,0.959634,-0.517731,,,,,,
818397,0.105920,0.959563,-0.515216,0.106786,1.007746,-1.195489,0.143933,-1.117327,,,6.230490,-5.174218,,,,,-0.022987,0.042354,-0.680273,,,,,,,,,
818402,,,,,,,,,0.027467,-0.652434,,,2.729459,-3.639921,0.111500,-0.051176,,,,,,,,,,,,
818410,,,,,,,,,0.000000,-1.304868,,,2.841110,-3.607172,0.111061,-0.051817,,,,0.106027,0.959578,-0.529166,,,,,,
818417,,,,,,,,,,,,,,,,,,,,0.106168,0.959565,-0.537774,,,,,,
818422,,,,,,,,,0.027467,-1.957303,,,3.479596,-3.579618,0.105226,-0.052411,,,,,,,,,,,,
818431,,,,,,,,,0.027467,-0.652434,,,3.472275,-3.011890,0.105851,-0.058521,,,,0.106335,0.959563,-0.552160,,,,,,
818439,,,,,,,,,,,,,,,,,,,,0.106593,0.959527,-0.566546,,,,,,
818442,,,,,,,,,0.027467,-1.957303,,,4.010658,-3.078747,0.100911,-0.058272,,,,,,,,,,,,
818447,0.106634,0.959469,-0.570451,0.109666,0.999895,-1.241144,0.159166,-0.975664,,,7.972104,-3.230294,,,,,-0.019279,0.035662,-0.670693,0.106904,0.959324,-0.580968,,,,,,
818454,,,,,,,,,0.000000,-1.304868,,,4.463654,-3.135000,0.114499,-0.038289,,,,,,,,,,,,
818461,,,,,,,,,0.082402,-1.957303,,,4.844804,-2.637789,0.111313,-0.043379,,,,0.107151,0.959242,-0.598343,,,,,,
818468,,,,,,,,,,,,,,,,,,,,0.107588,0.959004,-0.615747,,,,,,
818472,,,,,,,,,0.027467,-1.957303,,,5.165504,-2.219435,0.108668,-0.047765,,,,,,,,,,,,
818476,,,,,,,,,,,,,,,,,,,,0.107979,0.958842,-0.633216,,,,,,
818482,,,,,,,,,0.082402,-1.957303,,,5.435340,-2.411976,0.106477,-0.046003,,,,,,,,,,,,
818490,,,,,,,,,0.027467,-1.957303,,,6.206924,-2.573979,0.099114,-0.044515,,,,0.108573,0.958576,-0.650706,,,,,,
818497,0.108504,0.958584,-0.652184,0.112465,0.991123,-1.281141,0.175531,-0.853618,,,9.630759,-1.225953,,,,,-0.016601,0.028264,-0.628957,0.109032,0.958344,-0.671190,,,,,,
818502,,,,,,,,,0.054935,-1.304868,,,6.311592,-2.165746,0.115317,-0.028366,,,,,,,,,,,,
818513,,,,,,,,,0.054935,-1.304868,,,6.399659,-1.822258,0.115083,-0.031681,,,,0.109513,0.958002,-0.688784,,,,,,
818519,,,,,,,,,,,,,,,,,,,,0.109885,0.957722,-0.706449,,,,,,
818522,,,,,,,,,0.109870,-2.609737,,,7.018301,-1.533248,0.109419,-0.034510,,,,,,,,,,,,
818527,,,,,,,,,,,,,,,,,,,,0.110315,0.957362,-0.724158,,,,,,
818532,,,,,,,,,0.054935,-1.304868,,,7.538827,-1.290074,0.104632,-0.036929,,,,,,,,,,,,
818541,,,,,,,,,0.082402,-1.957303,,,7.976798,-1.085469,0.100583,-0.039003,,,,0.110846,0.956905,-0.741953,,,,,,
818547,0.110914,0.956823,-0.742632,0.115174,0.981388,-1.316292,0.192969,-0.748975,,,11.554111,1.126991,,,,,-0.013473,0.020978,-0.573660,0.111413,0.956466,-0.759827,,,,,,
818554,,,,,,,,,0.027467,-0.652434,,,7.256220,-0.913313,0.127882,-0.016787,,,,0.112000,0.955972,-0.774730,,,,,,
818562,,,,,,,,,0.109870,-2.609737,,,8.283555,-0.768462,0.118263,-0.017856,,,,,,,,,,,,
818571,,,,,,,,,0.082402,-1.957303,,,8.603412,-0.646583,0.115654,-0.018720,,,,0.112548,0.955471,-0.789686,,,,,,
818578,,,,,,,,,,,,,,,,,,,,0.113037,0.954942,-0.807727,,,,,,
818582,,,,,,,,,0.054935,-1.304868,,,8.327996,-0.544035,0.119054,-0.019412,,,,,,,,,,,,
818586,,,,,,,,,,,,,,,,,,,,0.113586,0.954486,-0.828857,,,,,,
818592,,,,,,,,,0.082402,-1.957303,,,8.640804,-0.457751,0.116508,-0.019958,,,,,,,,,,,,
818597,0.113605,0.954437,-0.829834,0.117785,0.970649,-1.347295,0.211420,-0.659401,,,13.903531,3.922579,,,,,-0.009140,0.014027,-0.517461,,,,,,,,,
818600,,,,,,,,,0.109870,-2.609737,,,9.448545,-0.385152,0.132816,0.008134,,,,0.114284,0.953885,-0.846998,,,,,,
818608,,,,,,,,,,,,,,,,,,,,0.114905,0.953308,-0.871394,,,,,,
818614,,,,,,,,,0.054935,-1.304868,,,9.039090,-0.324067,0.137884,0.008372,,,,0.115622,0.952538,-0.892853,,,,,,
818622,,,,,,,,,0.137337,-3.262171,,,10.328205,-0.272670,0.125708,0.008697,,,,,,,,,,,,
818632,,,,,,,,,0.109870,-2.609737,,,10.868323,-0.229424,0.120913,0.009095,,,,,,,,,,,,
818642,,,,,,,,,0.109870,-2.609737,,,11.322779,-0.193037,0.116885,0.009555,,,,,,,,,,,,
818645,0.117835,0.950196,-0.966609,0.120287,0.958868,-1.374742,0.230822,-0.582686,,,,,,,,,,,,0.117908,0.950200,-0.967185,,,,,,
818648,,,,,,,,,,,16.026377,7.225285,,,,,-0.005744,0.006944,-0.408133,,,,,,,,,
818652,,,,,,,,,0.137337,-3.262171,,,11.705157,-0.162422,0.135154,0.043753,,,,,,,,,,,,
818659,,,,,,,,,,,,,,,,,,,,0.118700,0.949338,-0.992261,,,,,,
818662,,,,,,,,,0.109870,-2.609737,,,12.571434,-0.136662,0.127182,0.044968,,,,,,,,,,,,
818667,,,,,,,,,,,,,,,,,,,,0.119433,0.948377,-1.020702,,,,,,
818674,,,,,,,,,0.082402,-1.957303,,,12.211232,-0.114987,0.131547,0.046219,,,,,,,,,,,,
818681,,,,,,,,,0.164805,-3.914605,,,13.541788,-0.096750,0.118739,0.047501,,,,0.120136,0.947458,-1.046149,,,,,,
818689,,,,,,,,,,,,,,,,,,,,0.120828,0.946364,-1.078252,,,,,,
818692,,,,,,,,,0.137337,-3.262171,,,14.116775,-0.081406,0.113371,0.048809,,,,,,,,,,,,
818697,0.120866,0.946187,-1.082571,0.122674,0.946008,-1.399135,0.251111,-0.516862,,,19.019808,11.375282,,,,,0.001006,0.001513,-0.316564,0.121496,0.945359,-1.107390,,,,,,
818702,,,,,,,,,0.137337,-3.262171,,,14.056026,-0.068495,0.144905,0.092469,,,,,,,,,,,,
818714,,,,,,,,,0.109870,-1.304868,,,15.638540,0.486912,0.129756,0.089092,,,,0.122229,0.944185,-1.136820,,,,,,
818718,,,,,,,,,,,,,,,,,,,,0.122892,0.942988,-1.166570,,,,,,
818722,,,,,,,,,0.164805,-3.914605,,,14.791895,0.409688,0.139068,0.092058,,,,,,,,,,,,
818726,,,,,,,,,,,,,,,,,,,,0.123531,0.941761,-1.196553,,,,,,
818732,,,,,,,,,0.164805,-2.609737,,,15.168614,0.889254,0.136071,0.089359,,,,,,,,,,,,
818740,,,,,,,,,0.164805,-2.609737,,,15.485586,1.292762,0.133609,0.087341,,,,0.124194,0.940443,-1.230265,,,,,,
818747,0.124197,0.940294,-1.228821,0.124935,0.932035,-1.420894,0.272220,-0.460225,,,21.819378,16.098011,,,,,0.008028,-0.002075,-0.192073,0.124793,0.938943,-1.257500,,,,,,
818752,,,,,,,,,0.192272,-3.262171,,,16.296829,1.632273,0.154596,0.134066,,,,,,,,,,,,
818756,,,,,,,,,,,,,,,,,,,,0.125381,0.937456,-1.281514,,,,,,
818762,,,,,,,,,0.164805,-2.609737,,,16.434866,1.917937,0.154293,0.134045,,,,,,,,,,,,
818774,,,,,,,,,0.137337,-0.652434,,,15.461924,2.702839,0.165294,0.128875,,,,0.126002,0.935706,-1.309302,,,,,,
818777,,,,,,,,,,,,,,,,,,,,0.126594,0.933947,-1.330336,,,,,,
818782,,,,,,,,,0.274675,-3.914605,,,16.821463,3.363255,0.152698,0.124818,,,,,,,,,,,,
818792,,,,,,,,,0.192272,-1.957303,,,17.420835,3.918928,0.147584,0.121697,,,,0.127162,0.932154,-1.351468,,,,,,
818797,0.127145,0.932064,-1.349388,0.127063,0.916920,-1.440377,0.294079,-0.411334,,,24.396111,20.512411,,,,,0.014757,-0.003405,-0.090989,0.127673,0.930019,-1.372871,,,,,,
818802,,,,,,,,,0.247207,-1.957303,,,17.925148,4.931015,0.169602,0.158837,,,,,,,,,,,,
818807,,,,,,,,,,,,,,,,,,,,0.128177,0.927852,-1.394439,,,,,,
818812,,,,,,,,,0.247207,-1.957303,,,17.804934,5.782586,0.172123,0.153267,,,,,,,,,,,,
818821,,,,,,,,,0.274675,-1.304868,,,18.792871,7.043640,0.163364,0.143350,,,,0.128666,0.925566,-1.416210,,,,,,
818834,,,,,,,,,0.164805,-1.304868,,,20.168665,8.649234,0.150452,0.129667,,,,0.129597,0.920533,-1.449237,,,,,,
818842,,,,,,,,,0.384545,-2.609737,,,19.148085,8.366550,0.161707,0.134923,,,,,,,,,,,,
818847,0.129646,0.919907,-1.451807,0.129050,0.900634,-1.457883,0.316615,-0.368976,,,26.196407,24.104404,,,,,0.019066,-0.002880,-0.006076,,,,,,,,,
818850,,,,,,,,,0.274675,-1.304868,,,19.922998,9.217787,0.173215,0.165308,,,,0.129986,0.917725,-1.467769,,,,,,
818857,,,,,,,,,,,,,,,,,,,,0.130355,0.914778,-1.486490,,,,,,
818862,,,,,,,,,0.329610,-1.304868,,,20.575010,10.478560,0.167820,0.155425,,,,,,,,,,,,
818884,,,,,,,,,-0.000000,0.000000,,,16.857048,8.792871,0.208099,0.178075,,,,,,,,,,,,
818892,,,,,,,,,0.659220,0.000000,,,20.718037,13.932840,0.170585,0.128710,,,,,,,,,,,,
818897,0.130617,0.912461,-1.483579,0.130888,0.883154,-1.473669,0.339751,-0.332142,,,30.231123,28.671347,,,,,0.029219,-0.002283,0.009910,,,,,,,,,
818901,,,,,,,,,0.357077,-1.957303,,,21.788500,14.445807,0.201916,0.172095,,,,0.131166,0.902380,-1.539737,,,,,,
818908,,,,,,,,,,,,,,,,,,,,0.131251,0.898777,-1.551334,,,,,,
818912,,,,,,,,,0.412012,-0.652434,,,22.689186,15.421959,0.194418,0.164983,,,,,,,,,,,,
818916,,,,,,,,,,,,,,,,,,,,0.131278,0.895132,-1.566901,,,,,,
818922,,,,,,,,,0.384545,-1.304868,,,23.447023,16.243294,0.188196,0.159255,,,,,,,,,,,,
818926,,,,,,,,,,,,,,,,,,,,0.131278,0.895132,-1.566901,,,,,,
818934,,,,,,,,,0.274675,-1.304868,,,22.995583,16.389822,0.194158,0.160246,,,,0.131280,0.891567,-1.578422,,,,,,
818942,,,,,,,,,0.521882,-1.957302,,,25.338455,18.146740,0.171708,0.144782,,,,0.131302,0.887751,-1.594008,,,,,,
818947,0.131326,0.887637,-1.592954,0.132572,0.864459,-1.487949,0.363405,-0.299990,,,28.673656,29.520479,,,,,0.023144,0.001759,0.105005,,,,,,,,,
818951,,,,,,,,,0.412012,-1.957303,,,26.220661,18.535923,0.147801,0.151578,,,,0.131307,0.883598,-1.605536,,,,,,
818958,,,,,,,,,,,,,,,,,,,,0.131261,0.879196,-1.620922,,,,,,
818962,,,,,,,,,0.439480,-1.304869,,,26.418406,19.407925,0.146275,0.144881,,,,,,,,,,,,
818966,,,,,,,,,,,,,,,,,,,,0.131113,0.874879,-1.635987,,,,,,
818972,,,,,,,,,0.412012,-0.652434,,,27.129332,20.141628,0.139475,0.139420,,,,,,,,,,,,
818982,,,,,,,,,0.412012,-1.957303,,,27.727505,20.214422,0.133682,0.140553,,,,,,,,,,,,
818994,,,,,,,,,0.329610,0.000000,,,28.775351,21.909302,0.123183,0.125126,,,,0.130229,0.862086,-1.669914,,,,,,
818997,0.130282,0.862848,-1.663456,0.134093,0.844533,-1.500908,0.387491,-0.271821,,,27.630354,30.227116,,,,,0.017884,0.005489,0.162548,,,,,,,,,
819002,,,,,,,,,0.549350,-1.304868,,,28.023378,21.157200,0.120191,0.141528,,,,,,,,,,,,
819010,,,,,,,,,0.384545,0.000000,,,27.390669,22.158010,0.126567,0.133133,,,,0.129693,0.857472,-1.681040,,,,,,
819017,,,,,,,,,,,,,,,,,,,,0.129130,0.853326,-1.688459,,,,,,
819022,,,,,,,,,0.439480,-1.304869,,,27.402851,22.455549,0.126490,0.131712,,,,,,,,,,,,
819031,,,,,,,,,0.384545,0.000000,,,27.413101,22.705898,0.126431,0.130713,,,,0.128553,0.848945,-1.699471,,,,,,
819039,,,,,,,,,,,,,,,,,,,,0.127958,0.844639,-1.703081,,,,,,
819042,,,,,,,,,0.439480,0.000000,,,27.421726,23.461086,0.126387,0.124514,,,,,,,,,,,,
819047,0.127977,0.844332,-1.699757,0.135446,0.823364,-1.512703,0.411920,-0.247053,,,29.039553,32.708294,,,,,0.019833,0.010104,0.187053,0.127300,0.840408,-1.706831,,,,,,
819054,,,,,,,,,0.302142,-0.652434,,,28.518068,24.641045,0.129619,0.139140,,,,,,,,,,,,
819061,,,,,,,,,0.549350,0.000000,,,27.262358,24.000231,0.142532,0.147290,,,,0.126654,0.836304,-1.710494,,,,,,
819068,,,,,,,,,,,,,,,,,,,,0.126081,0.831991,-1.714224,,,,,,
819072,,,,,,,,,0.412012,-0.652434,,,27.294889,24.005594,0.142556,0.148977,,,,,,,,,,,,
819076,,,,,,,,,,,,,,,,,,,,0.125562,0.827671,-1.717754,,,,,,
819082,,,,,,,,,0.439480,0.000000,,,27.322262,24.554649,0.142625,0.145117,,,,,,,,,,,,
819090,,,,,,,,,0.412012,-0.652434,,,27.345293,24.472080,0.142734,0.147590,,,,0.124985,0.823391,-1.717842,,,,,,
819097,0.124988,0.823438,-1.719062,0.136626,0.800945,-1.523469,0.436600,-0.225197,,,30.351379,34.729191,,,,,0.020527,0.014833,0.195593,,,,,,,,,
819100,,,,,,,,,0.439480,0.000000,,,27.364672,24.947151,0.156256,0.165004,,,,0.124390,0.819049,-1.721559,,,,,,
819108,,,,,,,,,,,,,,,,,,,,0.124390,0.819049,-1.721559,,,,,,
819114,,,,,,,,,0.329610,0.000000,,,26.291891,24.257790,0.167795,0.173992,,,,0.123735,0.814862,-1.721559,,,,,,
819122,,,,,,,,,0.549350,0.000000,,,27.567425,25.855932,0.155597,0.159786,,,,0.123129,0.810417,-1.725164,,,,,,
819132,,,,,,,,,0.466947,-0.652434,,,28.096117,26.111523,0.150761,0.158953,,,,0.122512,0.805864,-1.728750,,,,,,
819140,,,,,,,,,0.466947,0.652434,,,27.996414,26.326578,0.152229,0.158483,,,,0.121775,0.801381,-1.728687,,,,,,
819147,0.121781,0.801291,-1.725142,0.137628,0.777272,-1.533323,0.461432,-0.205848,,,31.923355,36.677311,,,,,0.021297,0.019351,0.191819,0.121080,0.797211,-1.728879,,,,,,
819154,,,,,,,,,0.357077,-0.652434,,,29.546154,28.141155,0.152927,0.161526,,,,,,,,,,,,
819162,,,,,,,,,0.549350,0.000000,,,28.127390,26.945223,0.167874,0.175432,,,,0.120365,0.792773,-1.732506,,,,,,
819169,,,,,,,,,,,,,,,,,,,,0.119704,0.788161,-1.732506,,,,,,
819172,,,,,,,,,0.494415,0.000000,,,28.022728,27.572596,0.169700,0.170979,,,,,,,,,,,,
819177,,,,,,,,,,,,,,,,,,,,0.118977,0.783245,-1.728879,,,,,,
819182,,,,,,,,,0.494415,0.000000,,,28.479208,27.555923,0.165824,0.172970,,,,,,,,,,,,
819191,,,,,,,,,0.466947,-0.652434,,,28.863291,28.086439,0.162596,0.169383,,,,0.118166,0.778604,-1.728923,,,,,,
819197,0.118141,0.778576,-1.731343,0.138447,0.752348,-1.542366,0.486320,-0.188661,,,33.648521,38.797096,,,,,0.022645,0.024238,0.188977,0.117337,0.774039,-1.728923,,,,,,
819202,,,,,,,,,0.521882,0.652434,,,29.186459,29.077358,0.177508,0.182615,,,,,,,,,,,,
819207,,,,,,,,,,,,,,,,,,,,0.116558,0.769446,-1.728962,,,,,,
819214,,,,,,,,,0.329610,0.000000,,,28.369286,27.732944,0.186736,0.198272,,,,,,,,,,,,
819221,,,,,,,,,0.659220,0.000000,,,30.404432,29.869015,0.167033,0.178697,,,,0.115714,0.764681,-1.729003,,,,,,
819229,,,,,,,,,,,,,,,,,,,,0.114735,0.759731,-1.725312,,,,,,
819232,,,,,,,,,0.521882,0.652434,,,30.483173,30.577217,0.166879,0.173259,,,,,,,,,,,,
819237,,,,,,,,,,,,,,,,,,,,0.113655,0.754512,-1.725263,,,,,,
819242,,,,,,,,,0.521882,0.652434,,,30.549427,31.173098,0.166836,0.168825,,,,,,,,,,,,
819247,0.113712,0.754365,-1.723038,0.139080,0.726180,-1.550685,0.511159,-0.173349,,,35.678642,40.776054,,,,,0.024012,0.029349,0.172352,,,,,,,,,
819254,,,,,,,,,0.357077,0.652434,,,28.971542,30.040842,0.204257,0.202084,,,,0.112689,0.749575,-1.721694,,,,,,
819259,,,,,,,,,,,,,,,,,,,,0.111744,0.744350,-1.714296,,,,,,
819262,,,,,,,,,0.714155,0.000000,,,30.911171,32.355423,0.185815,0.180623,,,,,,,,,,,,
819267,,,,,,,,,,,,,,,,,,,,0.110887,0.739116,-1.710566,,,,,,
819272,,,,,,,,,0.521882,0.652434,,,31.454086,32.669281,0.181230,0.179106,,,,,,,,,,,,
819281,,,,,,,,,0.549350,0.000000,,,31.910896,32.933361,0.177416,0.178033,,,,0.110084,0.733996,-1.706999,,,,,,
819289,,,,,,,,,,,,,,,,,,,,0.109402,0.728666,-1.707076,,,,,,
819292,,,,,,,,,0.576817,0.652434,,,32.295258,33.155556,0.174249,0.177335,,,,,,,,,,,,
819297,0.109433,0.728425,-1.705679,0.139523,0.698779,-1.558357,0.535847,-0.159668,,,37.902470,42.601334,,,,,0.025331,0.033804,0.147322,0.108672,0.723571,-1.703431,,,,,,
819302,,,,,,,,,0.549350,0.000000,,,32.618656,33.887054,0.194310,0.190016,,,,,,,,,,,,
819314,,,,,,,,,0.384545,0.000000,,,33.979851,35.591625,0.181483,0.174372,,,,0.107969,0.718004,-1.703458,,,,,,
819318,,,,,,,,,,,,,,,,,,,,0.107150,0.712497,-1.699776,,,,,,
819322,,,,,,,,,0.714155,0.000000,,,32.946987,33.758591,0.192802,0.194471,,,,,,,,,,,,
819332,,,,,,,,,0.631752,0.652435,,,33.711567,34.394447,0.185995,0.189754,,,,0.106527,0.707117,-1.699792,,,,,,
819340,,,,,,,,,0.576817,-0.652434,,,33.810341,34.929459,0.185825,0.185938,,,,0.105744,0.701456,-1.699773,,,,,,
819347,0.105696,0.701326,-1.703006,0.139776,0.670163,-1.565447,0.560278,-0.147411,,,39.737926,44.484207,,,,,0.026398,0.037891,0.137559,0.104928,0.695964,-1.699790,,,,,,
819355,,,,,,,,,0.439480,0.000000,,,36.071621,37.013245,0.182300,0.185423,,,,,,,,,,,,
819362,,,,,,,,,0.686687,0.652435,,,34.162460,34.954742,0.202507,0.207914,,,,0.104130,0.690221,-1.699799,,,,,,
819369,,,,,,,,,,,,,,,,,,,,0.103315,0.684149,-1.699801,,,,,,
819372,,,,,,,,,0.604285,0.000000,,,34.734264,35.400890,0.197790,0.205269,,,,,,,,,,,,
819377,,,,,,,,,,,,,,,,,,,,0.102469,0.678160,-1.696089,,,,,,
819382,,,,,,,,,0.604285,0.000000,,,35.215382,35.776279,0.193883,0.203257,,,,,,,,,,,,
819391,,,,,,,,,0.631752,0.652435,,,35.620193,36.092133,0.190658,0.201777,,,,0.101526,0.672351,-1.696040,,,,,,
819397,0.101564,0.672150,-1.693888,0.139836,0.640354,-1.572015,0.584345,-0.136400,,,41.533527,46.074730,,,,,0.026857,0.041887,0.121873,0.100655,0.666297,-1.696066,,,,,,
819402,,,,,,,,,0.604285,0.000000,,,35.960800,36.902435,0.206323,0.211414,,,,,,,,,,,,
819406,,,,,,,,,,,,,,,,,,,,0.099783,0.660372,-1.692369,,,,,,
819414,,,,,,,,,0.439480,0.000000,,,37.881016,38.673309,0.187851,0.195185,,,,,,,,,,,,
819421,,,,,,,,,0.796557,0.652434,,,36.229427,37.440605,0.205428,0.209239,,,,0.098852,0.654448,-1.688689,,,,,,
819428,,,,,,,,,,,,,,,,,,,,0.097984,0.648172,-1.684986,,,,,,
819432,,,,,,,,,0.659220,0.000000,,,37.017956,38.037041,0.198446,0.204882,,,,,,,,,,,,
819436,,,,,,,,,,,,,,,,,,,,0.097212,0.641727,-1.681274,,,,,,
819442,,,,,,,,,0.631752,0.652435,,,37.136879,38.538879,0.198136,0.201371,,,,,,,,,,,,
819447,0.097291,0.641645,-1.679597,0.139702,0.609379,-1.578112,0.607942,-0.126486,,,43.476627,47.577042,,,,,0.027470,0.045664,0.101485,,,,,,,,,
819450,,,,,,,,,0.631752,0.652435,,,37.236938,38.961128,0.217814,0.213895,,,,0.096504,0.635400,-1.681274,,,,,,
819459,,,,,,,,,,,,,,,,,,,,0.095856,0.629011,-1.677585,,,,,,
819462,,,,,,,,,0.659220,0.000000,,,37.865673,39.316406,0.212649,0.211994,,,,,,,,,,,,
819467,,,,,,,,,,,,,,,,,,,,0.095289,0.622380,-1.677589,,,,,,
819473,,,,,,,,,0.466947,-0.652434,,,36.761063,37.437164,0.225038,0.232815,,,,,,,,,,,,
819481,,,,,,,,,0.933894,0.000000,,,39.643444,40.756859,0.196981,0.200982,,,,0.094611,0.615693,-1.677591,,,,,,
819489,,,,,,,,,,,,,,,,,,,,0.093921,0.608903,-1.677571,,,,,,
819492,,,,,,,,,0.631752,0.652435,,,39.890507,40.827335,0.195228,0.201627,,,,,,,,,,,,
819497,0.093953,0.609011,-1.675004,0.139374,0.577271,-1.583783,0.630962,-0.117539,,,44.832485,48.809372,,,,,0.026844,0.048476,0.091220,0.093191,0.602017,-1.677579,,,,,,
819502,,,,,,,,,0.686687,-0.652435,,,40.642929,40.886635,0.202100,0.214942,,,,,,,,,,,,
819511,,,,,,,,,0.714155,0.000000,,,40.731472,41.481071,0.202035,0.210463,,,,0.092335,0.594961,-1.677579,,,,,,
819519,,,,,,,,,,,,,,,,,,,,0.091624,0.587984,-1.673809,,,,,,
819522,,,,,,,,,0.686687,0.652435,,,41.350517,41.981232,0.196541,0.206827,,,,,,,,,,,,
819527,,,,,,,,,,,,,,,,,,,,0.090905,0.580988,-1.673838,,,,,,
819534,,,,,,,,,0.466947,0.652434,,,43.505013,44.035694,0.175261,0.187237,,,,,,,,,,,,
819541,,,,,,,,,0.933894,0.000000,,,41.506001,42.497059,0.195917,0.203886,,,,0.090060,0.574113,-1.673859,,,,,,
819547,0.089980,0.573144,-1.673956,0.138854,0.544068,-1.589069,0.653299,-0.109447,,,45.409550,49.396019,,,,,0.023888,0.051609,0.084887,0.089065,0.566891,-1.670041,,,,,,
819552,,,,,,,,,0.741622,0.652433,,,42.002205,42.836082,0.197407,0.207674,,,,,,,,,,,,
819556,,,,,,,,,,,,,,,,,,,,0.088158,0.560102,-1.666360,,,,,,
819562,,,,,,,,,0.659220,0.000000,,,41.875168,43.121338,0.199384,0.206077,,,,,,,,,,,,
819574,,,,,,,,,0.521882,0.652434,,,43.946453,45.539524,0.178964,0.182666,,,,0.087102,0.552969,-1.662549,,,,,,
819578,,,,,,,,,,,,,,,,,,,,0.086107,0.545549,-1.662504,,,,,,
819582,,,,,,,,,0.906427,0.652435,,,41.877430,43.762383,0.200360,0.201564,,,,,,,,,,,,
819586,,,,,,,,,,,,,,,,,,,,0.085244,0.538461,-1.654939,,,,,,
819592,,,,,,,,,0.741622,0.652433,,,42.314728,43.900726,0.196606,0.201280,,,,,,,,,,,,
819597,0.085368,0.538272,-1.653801,0.138142,0.509813,-1.594006,0.674849,-0.102115,,,47.258442,50.438759,,,,,0.023986,0.054952,0.059795,,,,,,,,,
819600,,,,,,,,,0.686687,0.652435,,,42.138126,44.017128,0.217885,0.211828,,,,0.084524,0.531127,-1.651120,,,,,,
819608,,,,,,,,,,,,,,,,,,,,0.083843,0.523697,-1.647298,,,,,,
819612,,,,,,,,,0.741622,-0.652433,,,42.534077,44.659611,0.214871,0.206558,,,,,,,,,,,,
819615,,,,,,,,,,,,,,,,,,,,0.083147,0.516232,-1.647149,,,,,,
819622,,,,,,,,,0.741622,0.652433,,,43.411770,44.655651,0.206863,0.207755,,,,,,,,,,,,
819634,,,,,,,,,0.549350,0.000000,,,46.328434,47.919579,0.177883,0.175619,,,,,,,,,,,,
819642,,,,,,,,,0.878959,0.000000,,,43.337082,44.675873,0.208580,0.209209,,,,,,,,,,,,
819647,0.083029,0.514406,-1.647708,0.137240,0.474552,-1.598625,0.695510,-0.095458,,,51.967930,54.874760,,,,,0.035571,0.057113,0.049083,,,,,,,,,
819652,,,,,,,,,0.824024,0.000000,,,44.087421,45.213879,0.249748,0.250121,,,,0.081178,0.494421,-1.639730,,,,,,
819659,,,,,,,,,,,,,,,,,,,,0.080484,0.487224,-1.635998,,,,,,
819662,,,,,,,,,0.714155,0.000000,,,44.718754,45.666557,0.244884,0.247436,,,,,,,,,,,,
819667,,,,,,,,,,,,,,,,,,,,0.080081,0.479861,-1.632201,,,,,,
819672,,,,,,,,,0.769089,0.000000,,,44.705418,46.047440,0.246470,0.245393,,,,,,,,,,,,
819681,,,,,,,,,0.741622,0.652433,,,45.238739,46.367912,0.242483,0.243889,,,,0.079586,0.472182,-1.632266,,,,,,
819694,,,,,,,,,0.604285,0.000000,,,44.053844,45.003929,0.255915,0.259503,,,,0.078955,0.464420,-1.632209,,,,,,
819697,0.079105,0.466086,-1.633510,0.136153,0.438340,-1.602956,0.715184,-0.089406,,,50.343834,52.578033,,,,,0.024117,0.058674,0.030554,0.078564,0.456887,-1.632323,,,,,,
819702,,,,,,,,,1.016297,0.652434,,,46.868675,48.212620,0.212220,0.205322,,,,,,,,,,,,
819711,,,,,,,,,0.851492,-0.652435,,,47.603443,48.189697,0.205421,0.206429,,,,0.077941,0.449302,-1.632319,,,,,,
819718,,,,,,,,,,,,,,,,,,,,0.077392,0.441651,-1.628595,,,,,,
819722,,,,,,,,,0.741622,0.652433,,,47.677135,48.714954,0.205217,0.201949,,,,,,,,,,,,
819726,,,,,,,,,,,,,,,,,,,,0.076709,0.433778,-1.628593,,,,,,
819734,,,,,,,,,0.604285,0.000000,,,50.461857,50.790535,0.177346,0.181551,,,,,,,,,,,,
819740,,,,,,,,,0.961362,0.652434,,,47.359489,48.180580,0.208967,0.208530,,,,0.076054,0.425709,-1.628553,,,,,,
819747,0.076115,0.425068,-1.626235,0.134882,0.401233,-1.607023,0.733774,-0.083894,,,50.710449,52.549236,,,,,0.020542,0.059998,0.019212,0.075433,0.417357,-1.628506,,,,,,
819752,,,,,,,,,0.741622,-0.652433,,,47.471874,48.162739,0.212157,0.209298,,,,,,,,,,,,
819756,,,,,,,,,,,,,,,,,,,,0.074740,0.409207,-1.632197,,,,,,
819762,,,,,,,,,0.878959,0.000000,,,48.110977,48.692268,0.206286,0.204774,,,,,,,,,,,,
819770,,,,,,,,,0.741622,-0.652433,,,48.648716,48.593273,0.201321,0.206555,,,,0.074094,0.401025,-1.628251,,,,,,
819778,,,,,,,,,,,,,,,,,,,,0.073431,0.392990,-1.628328,,,,,,
819782,,,,,,,,,0.796557,0.652434,,,48.556629,49.054520,0.202672,0.202641,,,,,,,,,,,,
819786,,,,,,,,,,,,,,,,,,,,0.072913,0.384740,-1.628172,,,,,,
819794,,,,,,,,,0.549350,0.000000,,,50.657318,50.531700,0.181676,0.188273,,,,,,,,,,,,
819797,0.073054,0.385823,-1.628011,0.133434,0.363292,-1.610850,0.751190,-0.078868,,,51.368046,53.227398,,,,,0.019041,0.061570,0.017161,,,,,,,,,
819800,,,,,,,,,1.016297,-0.652434,,,48.613037,48.507339,0.209246,0.216242,,,,0.072377,0.376741,-1.632070,,,,,,
819807,,,,,,,,,,,,,,,,,,,,0.071829,0.369024,-1.628332,,,,,,
819812,,,,,,,,,0.824024,0.000000,,,48.526608,48.982216,0.210679,0.212342,,,,,,,,,,,,
819821,,,,,,,,,0.824024,1.304869,,,48.998428,49.381779,0.206434,0.209116,,,,0.071205,0.361106,-1.628332,,,,,,
819829,,,,,,,,,,,,,,,,,,,,0.070657,0.353382,-1.628397,,,,,,
819832,,,,,,,,,0.769089,0.000000,,,48.850876,49.717968,0.208413,0.206456,,,,,,,,,,,,
819836,,,,,,,,,,,,,,,,,,,,0.070105,0.345381,-1.628393,,,,,,
819842,,,,,,,,,0.796557,-0.652434,,,49.271267,49.456295,0.204629,0.209827,,,,,,,,,,,,
819847,0.070115,0.345441,-1.631099,0.131812,0.324582,-1.614457,0.767346,-0.074280,,,51.793655,53.731750,,,,,0.017103,0.062842,0.016642,,,,,,,,,
819854,,,,,,,,,0.576817,0.652434,,,46.902267,47.602493,0.233553,0.234634,,,,0.069490,0.337135,-1.628332,,,,,,
819858,,,,,,,,,,,,,,,,,,,,0.069069,0.329054,-1.624589,,,,,,
819862,,,,,,,,,1.043764,0.000000,,,49.809883,49.854507,0.204874,0.212890,,,,,,,,,,,,
819865,,,,,,,,,,,,,,,,,,,,0.068728,0.321097,-1.628400,,,,,,
819872,,,,,,,,,0.796557,-0.652434,,,49.533634,50.115723,0.208088,0.211001,,,,,,,,,,,,
819882,,,,,,,,,0.769089,0.000000,,,49.845741,49.790966,0.205357,0.215036,,,,,,,,,,,,
819892,,,,,,,,,0.824024,0.000000,,,50.108349,50.062260,0.203068,0.213057,,,,,,,,,,,,
819897,0.068637,0.319688,-1.628627,0.130022,0.285174,-1.617865,0.782160,-0.070088,,,56.712479,58.437939,,,,,0.030909,0.063278,0.010762,,,,,,,,,
819901,,,,,,,,,0.824024,0.000000,,,49.784763,50.290527,0.256877,0.259466,,,,0.067248,0.297433,-1.628598,,,,,,
819908,,,,,,,,,,,,,,,,,,,,0.066464,0.289305,-1.628506,,,,,,
819914,,,,,,,,,0.549350,0.000000,,,47.878868,47.759876,0.277703,0.286908,,,,0.065739,0.281007,-1.628559,,,,,,
819922,,,,,,,,,1.126167,0.652435,,,50.631596,51.076019,0.251392,0.255219,,,,,,,,,,,,
819932,,,,,,,,,0.824024,0.000000,,,50.769566,51.688046,0.251201,0.250449,,,,,,,,,,,,
819942,,,,,,,,,0.824024,0.000000,,,51.430199,51.658463,0.245651,0.252101,,,,,,,,,,,,
819947,0.065782,0.280802,-1.628566,0.128071,0.245139,-1.621088,0.795556,-0.066254,,,57.902367,59.543171,,,,,0.032007,0.064244,0.007478,,,,,,,,,
819954,,,,,,,,,0.631752,0.652435,,,54.164227,54.900833,0.230957,0.231658,,,,0.063679,0.255858,-1.624436,,,,,,
819959,,,,,,,,,,,,,,,,,,,,0.062999,0.247500,-1.620692,,,,,,
819962,,,,,,,,,1.098699,0.000000,,,51.563747,52.183529,0.258230,0.260303,,,,,,,,,,,,
819967,,,,,,,,,,,,,,,,,,,,0.062393,0.238536,-1.620534,,,,,,
819972,,,,,,,,,0.851492,0.652435,,,51.553879,52.619907,0.259598,0.257323,,,,,,,,,,,,
819981,,,,,,,,,0.933894,0.000000,,,52.090118,53.531616,0.255398,0.249409,,,,0.062021,0.229985,-1.616871,,,,,,
819989,,,,,,,,,,,,,,,,,,,,0.061737,0.221281,-1.616943,,,,,,
819992,,,,,,,,,0.878959,0.000000,,,53.085854,53.754185,0.246404,0.248341,,,,,,,,,,,,
819997,0.061867,0.222594,-1.617921,0.125965,0.204555,-1.624144,0.807468,-0.062746,,,54.181160,55.187710,,,,,0.015000,0.064877,-0.006223,0.061449,0.212717,-1.617108,,,,,,
820002,,,,,,,,,0.906427,-0.652435,,,53.379120,53.941456,0.206420,0.203163,,,,,,,,,,,,
820014,,,,,,,,,0.851492,-4.567039,,,50.903160,51.920853,0.231835,0.224022,,,,0.061069,0.203318,-1.617110,,,,,,
820018,,,,,,,,,,,,,,,,,,,,0.060654,0.194491,-1.617012,,,,,,
820022,,,,,,,,,0.906427,4.567039,,,54.265320,54.577065,0.198196,0.197582,,,,,,,,,,,,
820026,,,,,,,,,,,,,,,,,,,,0.060149,0.185062,-1.620713,,,,,,
820032,,,,,,,,,0.851492,0.652435,,,54.371525,54.633827,0.197096,0.197125,,,,,,,,,,,,
820040,,,,,,,,,0.851492,-0.652435,,,54.460884,54.137043,0.196147,0.202303,,,,0.059624,0.176019,-1.620840,,,,,,
820047,0.059594,0.176362,-1.623331,0.123712,0.163499,-1.627046,0.817833,-0.059536,,,53.197094,54.362804,,,,,0.009478,0.064705,-0.003715,0.059145,0.167157,-1.620718,,,,,,
820052,,,,,,,,,0.851492,-0.652435,,,53.991528,53.719048,0.190841,0.198363,,,,,,,,,,,,
820056,,,,,,,,,,,,,,,,,,,,0.058567,0.158265,-1.624533,,,,,,
820062,,,,,,,,,0.878959,1.304869,,,54.141155,53.911892,0.189156,0.196525,,,,,,,,,,,,
820074,,,,,,,,,0.604285,0.000000,,,51.544334,51.895977,0.215454,0.217177,,,,0.057966,0.149601,-1.624533,,,,,,
820077,,,,,,,,,,,,,,,,,,,,0.057269,0.140605,-1.628413,,,,,,
820082,,,,,,,,,1.126167,-0.652435,,,54.260262,54.011589,0.188083,0.196091,,,,,,,,,,,,
820092,,,,,,,,,0.851492,0.652435,,,54.367268,54.158035,0.186778,0.194668,,,,0.056641,0.132067,-1.628265,,,,,,
820097,0.056749,0.132214,-1.625116,0.121320,0.122053,-1.629808,0.826597,-0.056598,,,52.951977,54.106453,,,,,0.006640,0.065027,-0.004691,,,,,,,,,
820100,,,,,,,,,0.796557,0.652434,,,53.368217,53.736710,0.194235,0.196391,,,,0.056100,0.123238,-1.628345,,,,,,
820108,,,,,,,,,,,,,,,,,,,,0.055720,0.114719,-1.628274,,,,,,
820114,,,,,,,,,0.576817,-0.652434,,,55.250332,55.560383,0.174954,0.177864,,,,0.055016,0.106322,-1.628274,,,,,,
820122,,,,,,,,,1.071232,0.652434,,,52.477596,52.738472,0.202776,0.206357,,,,,,,,,,,,
820132,,,,,,,,,0.796557,-0.652434,,,52.322792,52.542290,0.204450,0.208631,,,,,,,,,,,,
820142,,,,,,,,,0.878959,0.000000,,,52.737083,52.921768,0.200350,0.205073,,,,,,,,,,,,
820145,0.053412,0.082096,-1.628186,0.118798,0.080301,-1.632441,0.833714,-0.053910,,,,,,,,,,,,0.053326,0.081525,-1.628466,,,,,,
820148,,,,,,,,,,,50.949097,52.162537,,,,,-0.001959,0.065381,-0.004254,,,,,,,,,
820152,,,,,,,,,0.824024,0.000000,,,52.541122,52.696518,0.181962,0.187780,,,,,,,,,,,,
820160,,,,,,,,,0.824024,0.000000,,,51.831699,52.506992,0.188880,0.189606,,,,0.052867,0.073348,-1.624593,,,,,,
820167,,,,,,,,,,,,,,,,,,,,0.052425,0.065338,-1.624651,,,,,,
820173,,,,,,,,,0.549350,0.000000,,,53.412964,53.436611,0.172575,0.180055,,,,,,,,,,,,
820182,,,,,,,,,0.988829,0.000000,,,50.387093,50.951530,0.202946,0.205148,,,,0.051790,0.057286,-1.624651,,,,,,
820189,,,,,,,,,,,,,,,,,,,,0.051256,0.049226,-1.624751,,,,,,
820192,,,,,,,,,0.796557,0.652434,,,50.563839,51.038757,0.201255,0.204501,,,,,,,,,,,,
820197,0.051292,0.048646,-1.622304,0.116154,0.038327,-1.634957,0.839145,-0.051453,,,54.006809,54.795944,,,,,0.006965,0.065308,-0.012653,0.050625,0.040839,-1.620771,,,,,,
820202,,,,,,,,,0.796557,0.652434,,,50.168011,51.112152,0.236558,0.230838,,,,,,,,,,,,
820211,,,,,,,,,0.878959,0.000000,,,50.924049,51.173904,0.229615,0.230945,,,,0.050115,0.032693,-1.620699,,,,,,
820219,,,,,,,,,,,,,,,,,,,,0.049732,0.024579,-1.620706,,,,,,
820222,,,,,,,,,0.796557,-0.652434,,,51.015636,51.225864,0.229297,0.231139,,,,,,,,,,,,
820226,,,,,,,,,,,,,,,,,,,,0.049226,0.016676,-1.620771,,,,,,
820234,,,,,,,,,0.604285,0.000000,,,48.914524,49.091412,0.251327,0.253624,,,,,,,,,,,,
820240,,,,,,,,,1.071232,0.652434,,,51.502995,52.196373,0.225943,0.223095,,,,0.048831,0.009112,-1.617060,,,,,,
820247,0.048870,0.007938,-1.614766,0.113397,-0.003783,-1.637366,0.842861,-0.049209,,,55.027233,55.294777,,,,,0.008873,0.064980,-0.022600,0.048378,0.001337,-1.617140,,,,,,
820252,,,,,,,,,0.824024,0.000000,,,51.502762,52.086170,0.236854,0.229827,,,,,,,,,,,,
820256,,,,,,,,,,,,,,,,,,,,0.047947,-0.006730,-1.617141,,,,,,
820262,,,,,,,,,0.824024,0.000000,,,51.502563,51.993443,0.237561,0.231414,,,,,,,,,,,,
820270,,,,,,,,,0.851492,-0.652435,,,51.502399,51.915424,0.238268,0.232870,,,,0.047327,-0.015453,-1.617058,,,,,,
820277,,,,,,,,,,,,,,,,,,,,0.046861,-0.023840,-1.617063,,,,,,
820282,,,,,,,,,0.796557,0.652434,,,51.502258,51.849777,0.238974,0.234216,,,,,,,,,,,,
820285,,,,,,,,,,,,,,,,,,,,0.046631,-0.032012,-1.617105,,,,,,
820294,,,,,,,,,0.604285,0.000000,,,49.323967,49.616371,0.261898,0.257686,,,,,,,,,,,,
820297,0.046707,-0.031192,-1.616910,0.110537,-0.045941,-1.639676,0.844841,-0.047164,,,55.976883,56.233234,,,,,0.011791,0.064443,-0.022766,0.046111,-0.040485,-1.617108,,,,,,
820302,,,,,,,,,1.126167,-0.652435,,,52.392044,52.638073,0.241430,0.237572,,,,,,,,,,,,
820307,,,,,,,,,,,,,,,,,,,,0.045742,-0.049048,-1.617105,,,,,,
820312,,,,,,,,,0.824024,0.000000,,,52.795349,52.457817,0.238034,0.240130,,,,,,,,,,,,
820321,,,,,,,,,0.878959,0.000000,,,53.134689,52.850693,0.235209,0.236878,,,,0.045288,-0.057540,-1.620969,,,,,,
820329,,,,,,,,,,,,,,,,,,,,0.044745,-0.065966,-1.620967,,,,,,
820335,,,,,,,,,0.714155,0.000000,,,51.786583,51.547626,0.249528,0.250845,,,,0.044325,-0.074281,-1.621040,,,,,,
820342,,,,,,,,,1.071232,0.652434,,,53.919544,53.718487,0.228610,0.229640,,,,,,,,,,,,
820347,0.044378,-0.075158,-1.617959,0.107584,-0.088060,-1.641899,0.845072,-0.045304,,,55.495941,55.680977,,,,,0.009908,0.063744,-0.023940,,,,,,,,,
820351,,,,,,,,,0.851492,-0.652435,,,54.080589,53.911419,0.222473,0.222542,,,,0.043912,-0.082821,-1.621049,,,,,,
820359,,,,,,,,,,,,,,,,,,,,0.043418,-0.091608,-1.624864,,,,,,
820362,,,,,,,,,0.851492,-0.652435,,,53.671547,53.529209,0.226928,0.226794,,,,,,,,,,,,
820367,,,,,,,,,,,,,,,,,,,,0.042756,-0.100620,-1.624856,,,,,,
820372,,,,,,,,,0.878959,0.000000,,,53.871925,53.752159,0.225249,0.224951,,,,,,,,,,,,
820382,,,,,,,,,0.878959,1.304869,,,54.040524,53.939751,0.223854,0.223423,,,,,,,,,,,,
820388,,,,,,,,,,,,,,,,,,,,0.041629,-0.118437,-1.628623,,,,,,
820394,,,,,,,,,0.576817,-0.652434,,,56.360554,56.275764,0.200481,0.199944,,,,0.041182,-0.127331,-1.624820,,,,,,
820398,0.041301,-0.125368,-1.626981,0.104548,-0.130054,-1.644041,0.843551,-0.043617,,,52.755810,53.306507,,,,,0.001127,0.063410,-0.017059,,,,,,,,,
820402,,,,,,,,,1.153634,0.000000,,,53.411736,53.340397,0.202437,0.205546,,,,,,,,,,,,
820410,,,,,,,,,0.796557,-0.652434,,,53.653320,53.048752,0.199841,0.208514,,,,0.040706,-0.136240,-1.628598,,,,,,
820418,,,,,,,,,,,,,,,,,,,,0.039883,-0.145219,-1.624702,,,,,,
820422,,,,,,,,,0.851492,0.652435,,,53.312046,53.347904,0.203143,0.205514,,,,,,,,,,,,
820426,,,,,,,,,,,,,,,,,,,,0.039196,-0.153809,-1.624644,,,,,,
820432,,,,,,,,,0.851492,0.652435,,,53.024895,53.055069,0.205960,0.208493,,,,,,,,,,,,
820440,,,,,,,,,0.824024,0.000000,,,52.783287,53.353218,0.208371,0.205502,,,,0.038419,-0.162546,-1.628506,,,,,,
820447,0.038466,-0.162878,-1.628380,0.101438,-0.171835,-1.646111,0.840284,-0.042095,,,53.745468,54.264839,,,,,0.005318,0.063383,-0.017730,0.037795,-0.171180,-1.624582,,,,,,
820454,,,,,,,,,0.686687,-0.652435,,,51.490913,51.425911,0.231642,0.234926,,,,0.037182,-0.179773,-1.624743,,,,,,
820462,,,,,,,,,1.071232,0.652434,,,53.670769,54.160618,0.209859,0.207600,,,,,,,,,,,,
820470,,,,,,,,,0.878959,0.000000,,,53.871269,54.283428,0.207829,0.206368,,,,0.036714,-0.188445,-1.624743,,,,,,
820477,,,,,,,,,,,,,,,,,,,,0.036118,-0.196716,-1.624781,,,,,,
820482,,,,,,,,,0.851492,-0.652435,,,54.039970,53.842216,0.206083,0.210865,,,,,,,,,,,,
820492,,,,,,,,,0.906427,0.652435,,,53.092827,53.470982,0.215685,0.214736,,,,0.035484,-0.205329,-1.624743,,,,,,
820497,0.035569,-0.205566,-1.622314,0.098266,-0.213317,-1.648116,0.835284,-0.040729,,,53.413479,53.500210,,,,,0.004512,0.063013,-0.025802,0.034906,-0.213668,-1.620996,,,,,,
820502,,,,,,,,,0.824024,0.000000,,,53.384987,53.703167,0.209449,0.204727,,,,,,,,,,,,
820507,,,,,,,,,,,,,,,,,,,,0.034343,-0.222625,-1.624694,,,,,,
820514,,,,,,,,,0.549350,0.000000,,,50.908096,51.175812,0.234719,0.230466,,,,,,,,,,,,
820521,,,,,,,,,1.071232,-0.652434,,,53.724930,53.405643,0.206488,0.208186,,,,0.033900,-0.231082,-1.624699,,,,,,
820529,,,,,,,,,,,,,,,,,,,,0.033368,-0.239885,-1.624651,,,,,,
820532,,,,,,,,,0.851492,0.652435,,,53.372295,53.648193,0.210023,0.205731,,,,,,,,,,,,
820537,,,,,,,,,,,,,,,,,,,,0.032749,-0.248292,-1.628332,,,,,,
820542,,,,,,,,,0.878959,0.000000,,,53.620132,53.307732,0.207503,0.209174,,,,,,,,,,,,
820547,0.032794,-0.248390,-1.627828,0.095042,-0.254417,-1.650064,0.828574,-0.039512,,,52.335781,52.599377,,,,,0.002469,0.062490,-0.022235,,,,,,,,,
820554,,,,,,,,,0.576817,-0.652434,,,54.917751,55.743980,0.183233,0.175174,,,,0.032188,-0.256705,-1.628462,,,,,,
820558,,,,,,,,,,,,,,,,,,,,0.031594,-0.265327,-1.628393,,,,,,
820562,,,,,,,,,1.098699,0.000000,,,52.742306,52.892952,0.204907,0.203626,,,,,,,,,,,,
820566,,,,,,,,,,,,,,,,,,,,0.031027,-0.273714,-1.624699,,,,,,
820572,,,,,,,,,0.796557,0.652434,,,52.545517,52.672272,0.206833,0.205818,,,,,,,,,,,,
820582,,,,,,,,,0.851492,-0.652435,,,52.379940,52.486591,0.208479,0.207698,,,,,,,,,,,,
820592,,,,,,,,,0.824024,0.000000,,,52.240623,52.330360,0.209892,0.209314,,,,,,,,,,,,
820596,0.029425,-0.298191,-1.625002,0.091775,-0.295051,-1.651962,0.820187,-0.038438,,,49.406319,49.415726,,,,,-0.006514,0.062088,-0.026960,0.029331,-0.298985,-1.624741,,,,,,
820602,,,,,,,,,0.824024,0.000000,,,52.667946,52.198906,0.175671,0.178235,,,,,,,,,,,,
820614,,,,,,,,,0.604285,0.000000,,,50.304779,49.910126,0.199123,0.201024,,,,0.028786,-0.307251,-1.628452,,,,,,
820618,,,,,,,,,,,,,,,,,,,,0.027994,-0.315668,-1.632193,,,,,,
820622,,,,,,,,,1.043764,0.000000,,,52.128212,52.340694,0.180345,0.176133,,,,,,,,,,,,
820625,,,,,,,,,,,,,,,,,,,,0.027408,-0.323734,-1.632255,,,,,,
820632,,,,,,,,,0.769089,0.000000,,,51.484276,51.663059,0.186369,0.182460,,,,,,,,,,,,
820640,,,,,,,,,0.796557,0.652434,,,51.487011,51.092896,0.185925,0.187826,,,,0.026970,-0.332103,-1.632387,,,,,,
820647,0.027039,-0.332596,-1.629033,0.088477,-0.335140,-1.653817,0.810161,-0.037503,,,50.274197,50.381733,,,,,-0.001037,0.061482,-0.024784,0.026453,-0.340330,-1.632255,,,,,,
820655,,,,,,,,,0.604285,0.000000,,,49.311138,49.524075,0.216555,0.213346,,,,0.025847,-0.349078,-1.632209,,,,,,
820662,,,,,,,,,0.961362,-0.652434,,,50.747620,50.926785,0.202096,0.199210,,,,,,,,,,,,
820670,,,,,,,,,0.796557,-0.652434,,,50.867188,50.473392,0.200781,0.203726,,,,0.025215,-0.357303,-1.632197,,,,,,
820677,,,,,,,,,,,,,,,,,,,,0.024527,-0.365496,-1.631793,,,,,,
820682,,,,,,,,,0.796557,0.652434,,,50.967793,50.636452,0.199637,0.202044,,,,,,,,,,,,
820691,,,,,,,,,0.824024,0.000000,,,50.507900,50.773651,0.204189,0.200594,,,,0.023804,-0.373801,-1.631688,,,,,,
820697,0.023873,-0.373795,-1.631467,0.085156,-0.374605,-1.655635,0.798546,-0.036704,,,49.011093,49.142895,,,,,-0.002907,0.061219,-0.024168,0.023327,-0.381673,-1.635149,,,,,,
820702,,,,,,,,,0.796557,0.652434,,,50.665489,50.889091,0.189651,0.186702,,,,,,,,,,,,
820706,,,,,,,,,,,,,,,,,,,,0.022908,-0.389806,-1.635599,,,,,,
820714,,,,,,,,,0.549350,0.000000,,,48.075367,48.263508,0.215739,0.213133,,,,,,,,,,,,
820720,,,,,,,,,1.016297,-0.652434,,,50.796928,50.410686,0.188167,0.191408,,,,0.022340,-0.397531,-1.639287,,,,,,
820727,,,,,,,,,,,,,,,,,,,,0.021799,-0.405251,-1.635854,,,,,,
820732,,,,,,,,,0.796557,0.652434,,,50.364132,50.583694,0.192224,0.189390,,,,,,,,,,,,
820735,,,,,,,,,,,,,,,,,,,,0.021376,-0.412834,-1.636106,,,,,,
820742,,,,,,,,,0.796557,-0.652434,,,50.544521,50.184719,0.190113,0.193171,,,,,,,,,,,,
820747,0.021336,-0.412891,-1.638453,0.081825,-0.413373,-1.657423,0.785397,-0.036040,,,47.880150,48.247105,,,,,-0.003608,0.060383,-0.018970,,,,,,,,,
820750,,,,,,,,,0.796557,0.652434,,,50.151756,49.849022,0.182277,0.187250,,,,0.020840,-0.420415,-1.636187,,,,,,
820757,,,,,,,,,,,,,,,,,,,,0.020395,-0.428490,-1.639896,,,,,,
820762,,,,,,,,,0.741622,-0.652433,,,49.821285,49.566566,0.185194,0.189811,,,,,,,,,,,,
820773,,,,,,,,,0.521882,0.652434,,,46.820511,47.150734,0.215413,0.214188,,,,0.019929,-0.436519,-1.639903,,,,,,
820779,,,,,,,,,,,,,,,,,,,,0.019476,-0.444417,-1.643587,,,,,,
820782,,,,,,,,,1.016297,0.652434,,,49.196548,49.474400,0.191390,0.190706,,,,,,,,,,,,
820786,,,,,,,,,,,,,,,,,,,,0.018963,-0.452404,-1.643598,,,,,,
820792,,,,,,,,,0.796557,-0.652434,,,49.562119,49.251358,0.187398,0.192736,,,,,,,,,,,,
820797,0.018889,-0.452419,-1.645902,0.078491,-0.451371,-1.659188,0.770777,-0.035510,,,46.311970,46.922970,,,,,-0.005518,0.059355,-0.013286,,,,,,,,,
820800,,,,,,,,,0.796557,-0.652434,,,49.325165,49.063690,0.173483,0.180943,,,,0.018322,-0.460048,-1.643637,,,,,,
820808,,,,,,,,,,,,,,,,,,,,0.017628,-0.467702,-1.647282,,,,,,
820814,,,,,,,,,0.494415,0.000000,,,50.759422,51.083961,0.158251,0.159908,,,,0.016910,-0.475372,-1.647349,,,,,,
820822,,,,,,,,,0.933894,0.000000,,,48.154404,47.882927,0.183932,0.191726,,,,,,,,,,,,
820832,,,,,,,,,0.741622,0.652433,,,47.596172,47.912292,0.189258,0.191235,,,,,,,,,,,,
820838,,,,,,,,,,,,,,,,,,,,0.015782,-0.490659,-1.643817,,,,,,
820842,,,,,,,,,0.796557,-0.652434,,,47.671017,47.937000,0.188238,0.190785,,,,,,,,,,,,
820847,0.015747,-0.490779,-1.646729,0.075165,-0.488532,-1.660937,0.754756,-0.035115,,,44.996666,45.542561,,,,,-0.006748,0.059076,-0.014208,0.015006,-0.498198,-1.643721,,,,,,
820852,,,,,,,,,0.769089,0.000000,,,47.733994,47.957790,0.173907,0.176290,,,,,,,,,,,,
820861,,,,,,,,,0.741622,0.652433,,,47.242439,47.975285,0.178374,0.175628,,,,0.014206,-0.506008,-1.643504,,,,,,
820869,,,,,,,,,,,,,,,,,,,,0.013566,-0.513721,-1.643424,,,,,,
820874,,,,,,,,,0.521882,0.652434,,,45.195213,45.811829,0.198806,0.197209,,,,0.012920,-0.521262,-1.639567,,,,,,
820882,,,,,,,,,0.933894,0.000000,,,47.284481,47.258759,0.177456,0.182397,,,,,,,,,,,,
820890,,,,,,,,,0.741622,-0.652433,,,46.864220,47.387119,0.181285,0.180744,,,,0.012257,-0.528843,-1.635696,,,,,,
820897,0.012274,-0.528748,-1.639360,0.071856,-0.524792,-1.662676,0.737410,-0.034857,,,43.763168,43.871777,,,,,-0.008029,0.059171,-0.023316,0.011858,-0.536386,-1.635775,,,,,,
820902,,,,,,,,,0.686687,0.652435,,,46.510609,46.950577,0.171937,0.167786,,,,,,,,,,,,
820909,,,,,,,,,,,,,,,,,,,,0.011298,-0.543539,-1.635921,,,,,,
820912,,,,,,,,,0.741622,0.652433,,,46.213081,46.583271,0.174422,0.170917,,,,,,,,,,,,
820920,,,,,,,,,0.741622,-0.652433,,,45.962742,46.274220,0.176486,0.173527,,,,0.010603,-0.550953,-1.631872,,,,,,
820927,,,,,,,,,,,,,,,,,,,,0.010043,-0.558030,-1.628446,,,,,,
820934,,,,,,,,,0.466947,0.652434,,,43.573933,44.380554,0.200411,0.192362,,,,,,,,,,,,
820942,,,,,,,,,0.933894,0.000000,,,45.920338,46.599026,0.176516,0.169631,,,,,,,,,,,,
820947,0.009965,-0.559482,-1.629363,0.068573,-0.560092,-1.664414,0.718822,-0.034741,,,44.327671,43.882805,,,,,-0.002821,0.058543,-0.035051,0.008895,-0.572591,-1.627969,,,,,,
820952,,,,,,,,,0.741622,0.652433,,,45.716427,46.287476,0.183922,0.172376,,,,,,,,,,,,
820957,,,,,,,,,,,,,,,,,,,,0.008547,-0.579600,-1.631956,,,,,,
820962,,,,,,,,,0.714154,-1.304868,,,45.544857,46.025337,0.185395,0.174569,,,,,,,,,,,,
820971,,,,,,,,,0.686687,0.652435,,,45.400497,45.804775,0.186624,0.176390,,,,0.008185,-0.587036,-1.628317,,,,,,
820982,,,,,,,,,0.714154,-1.304868,,,45.823578,45.074650,0.182094,0.183453,,,,,,,,,,,,
820994,,,,,,,,,0.494415,0.000000,,,43.456841,42.826694,0.205935,0.206144,,,,,,,,,,,,
820997,0.008213,-0.586795,-1.628405,0.065324,-0.594376,-1.666156,0.699078,-0.034772,,,45.155548,44.574562,,,,,0.004280,0.057453,-0.037751,,,,,,,,,
821001,,,,,,,,,0.933894,1.304869,,,45.277271,45.291611,0.195985,0.188269,,,,0.006745,-0.608606,-1.632052,,,,,,
821008,,,,,,,,,,,,,,,,,,,,0.006288,-0.615979,-1.631972,,,,,,
821012,,,,,,,,,0.686687,-0.652435,,,45.175354,45.187416,0.197001,0.189188,,,,,,,,,,,,
821016,,,,,,,,,,,,,,,,,,,,0.005661,-0.622822,-1.631872,,,,,,
821022,,,,,,,,,0.741622,-0.652433,,,45.634140,45.099747,0.192317,0.189960,,,,,,,,,,,,
821032,,,,,,,,,0.769089,0.000000,,,45.475620,45.570526,0.193838,0.185053,,,,,,,,,,,,
821042,,,,,,,,,0.686687,-0.652435,,,45.342243,44.877552,0.195135,0.191922,,,,,,,,,,,,
821045,0.004446,-0.641843,-1.641610,0.062117,-0.627595,-1.667912,0.678272,-0.034957,,,,,,,,,,,,0.004328,-0.643749,-1.639832,,,,,,
821048,,,,,,,,,,,37.282524,37.182529,,,,,-0.018293,0.056518,-0.026302,,,,,,,,,
821053,,,,,,,,,0.494415,0.000000,,,46.863647,46.472656,0.099274,0.100193,,,,,,,,,,,,
821060,,,,,,,,,0.878959,0.000000,,,44.876499,44.002975,0.117627,0.123526,,,,0.003732,-0.650922,-1.643672,,,,,,
821067,,,,,,,,,,,,,,,,,,,,0.003189,-0.657916,-1.643716,,,,,,
821072,,,,,,,,,0.604285,0.000000,,,43.204514,43.014072,0.133162,0.132248,,,,,,,,,,,,
821082,,,,,,,,,0.659220,0.000000,,,42.886791,42.182011,0.135219,0.139569,,,,0.002510,-0.665004,-1.643612,,,,,,
821089,,,,,,,,,,,,,,,,,,,,0.001800,-0.672157,-1.647263,,,,,,
821092,,,,,,,,,0.549350,0.000000,,,42.074917,41.481915,0.142379,0.145710,,,,,,,,,,,,
821097,0.001858,-0.671912,-1.646790,0.058961,-0.659702,-1.669690,0.656498,-0.035308,,,36.363903,36.389835,,,,,-0.016510,0.056011,-0.022900,0.001172,-0.679339,-1.647201,,,,,,
821102,,,,,,,,,0.659220,0.000000,,,41.391804,41.437397,0.139018,0.137219,,,,,,,,,,,,
821113,,,,,,,,,0.384545,0.000000,,,39.183403,38.677223,0.160538,0.164363,,,,0.000584,-0.686592,-1.646957,,,,,,
821119,,,,,,,,,,,,,,,,,,,,0.000015,-0.693565,-1.646533,,,,,,
821122,,,,,,,,,0.796557,-0.652434,,,40.592514,40.166615,0.145601,0.148714,,,,,,,,,,,,
821127,,,,,,,,,,,,,,,,,,,,-0.000465,-0.700655,-1.649783,,,,,,
821132,,,,,,,,,0.631752,0.652435,,,40.144512,40.330704,0.149325,0.146285,,,,,,,,,,,,
821141,,,,,,,,,0.549350,0.000000,,,39.767563,39.379681,0.152414,0.155197,,,,-0.001019,-0.707690,-1.652757,,,,,,
821147,-0.000954,-0.706985,-1.652257,0.055861,-0.690658,-1.671499,0.633857,-0.035835,,,33.657642,33.805603,,,,,-0.020896,0.055298,-0.019242,-0.001586,-0.714676,-1.651999,,,,,,
821155,,,,,,,,,0.439480,0.000000,,,41.084026,40.757664,0.110702,0.114184,,,,-0.002105,-0.721398,-1.655126,,,,,,
821162,,,,,,,,,0.741622,-0.652433,,,38.379898,38.105293,0.136798,0.139848,,,,,,,,,,,,
821169,,,,,,,,,,,,,,,,,,,,-0.002672,-0.727693,-1.651134,,,,,,
821172,,,,,,,,,0.549350,0.000000,,,38.282818,37.507221,0.136844,0.145089,,,,,,,,,,,,
821177,,,,,,,,,,,,,,,,,,,,-0.003176,-0.733521,-1.651600,,,,,,
821182,,,,,,,,,0.604285,0.000000,,,37.656590,37.548546,0.142307,0.143927,,,,,,,,,,,,
821191,,,,,,,,,0.549350,1.304868,,,37.129681,37.583317,0.146881,0.142823,,,,-0.003618,-0.739289,-1.651400,,,,,,
821197,-0.003518,-0.738880,-1.645999,0.052826,-0.720427,-1.673349,0.610450,-0.036554,,,31.868107,31.677759,,,,,-0.022634,0.054799,-0.027350,-0.004032,-0.744938,-1.651850,,,,,,
821202,,,,,,,,,0.604285,0.000000,,,37.230885,37.068031,0.126901,0.125620,,,,,,,,,,,,
821206,,,,,,,,,,,,,,,,,,,,-0.004466,-0.750589,-1.648247,,,,,,
821214,,,,,,,,,0.357077,-0.652434,,,35.137863,35.000839,0.147178,0.145627,,,,,,,,,,,,
821220,,,,,,,,,0.741622,-0.652433,,,36.644054,36.528763,0.131161,0.129378,,,,-0.004996,-0.756007,-1.648431,,,,,,
821228,,,,,,,,,,,,,,,,,,,,-0.005434,-0.761223,-1.651999,,,,,,
821232,,,,,,,,,0.521882,0.652434,,,36.277733,36.180729,0.133942,0.131957,,,,,,,,,,,,
821242,,,,,,,,,0.549350,0.000000,,,35.969513,35.887894,0.136204,0.134044,,,,-0.005985,-0.766636,-1.648414,,,,,,
821247,-0.005952,-0.766605,-1.648212,0.049860,-0.748979,-1.675251,0.586381,-0.037484,,,30.575624,30.382229,,,,,-0.021890,0.054281,-0.027040,-0.006522,-0.771954,-1.648796,,,,,,
821255,,,,,,,,,0.412012,0.652434,,,34.076546,34.552414,0.141508,0.133609,,,,-0.007025,-0.777192,-1.648382,,,,,,
821262,,,,,,,,,0.631752,-0.652435,,,35.206520,35.062370,0.129283,0.127574,,,,,,,,,,,,
821271,,,,,,,,,0.521882,0.652434,,,34.523651,34.946907,0.135322,0.127815,,,,-0.007398,-0.782312,-1.648963,,,,,,
821278,,,,,,,,,,,,,,,,,,,,-0.007769,-0.787319,-1.648781,,,,,,
821282,,,,,,,,,0.494415,0.000000,,,33.949085,34.305210,0.140393,0.133448,,,,,,,,,,,,
821286,,,,,,,,,,,,,,,,,,,,-0.008102,-0.792283,-1.652916,,,,,,
821292,,,,,,,,,0.549350,0.000000,,,34.010189,33.765289,0.139095,0.138170,,,,,,,,,,,,
821297,-0.008101,-0.792427,-1.652521,0.046970,-0.776289,-1.677218,0.561757,-0.038649,,,29.375771,29.246557,,,,,-0.020579,0.053570,-0.024696,,,,,,,,,
821300,,,,,,,,,0.494415,0.000000,,,33.517059,33.855541,0.131199,0.124989,,,,-0.008383,-0.797303,-1.653111,,,,,,
821308,,,,,,,,,,,,,,,,,,,,-0.008709,-0.802297,-1.653582,,,,,,
821314,,,,,,,,,0.357077,-0.652434,,,32.013050,31.753307,0.145712,0.145510,,,,,,,,,,,,
821322,,,,,,,,,0.659220,0.000000,,,33.470295,33.251747,0.130320,0.129725,,,,-0.009085,-0.806949,-1.657337,,,,,,
821332,,,,,,,,,0.494415,0.000000,,,33.062790,32.878906,0.133658,0.132727,,,,,,,,,,,,
821342,,,,,,,,,0.494415,0.000000,,,32.719917,32.565197,0.136418,0.135200,,,,,,,,,,,,
821347,-0.009173,-0.807798,-1.656932,0.044161,-0.802338,-1.679264,0.536682,-0.040076,,,30.751467,30.676262,,,,,-0.010028,0.052666,-0.022331,,,,,,,,,
821352,,,,,,,,,0.494415,0.000000,,,32.431423,32.301243,0.152724,0.151812,,,,-0.010523,-0.820642,-1.658071,,,,,,
821359,,,,,,,,,,,,,,,,,,,,-0.011121,-0.825033,-1.658171,,,,,,
821362,,,,,,,,,0.494415,0.000000,,,32.188683,32.079151,0.154864,0.153752,,,,,,,,,,,,
821367,,,,,,,,,,,,,,,,,,,,-0.011599,-0.829335,-1.658425,,,,,,
821374,,,,,,,,,0.384545,0.000000,,,30.895355,30.803196,0.167768,0.166486,,,,,,,,,,,,
821381,,,,,,,,,0.659220,0.000000,,,32.529865,32.452324,0.151068,0.149640,,,,-0.012000,-0.833531,-1.658626,,,,,,
821389,,,,,,,,,,,,,,,,,,,,-0.012348,-0.837772,-1.655095,,,,,,
821392,,,,,,,,,0.494415,0.000000,,,31.726971,32.206268,0.158901,0.151794,,,,,,,,,,,,
821397,-0.012260,-0.837324,-1.655250,0.041437,-0.827111,-1.681404,0.511262,-0.041801,,,27.914200,27.699739,,,,,-0.014706,0.052644,-0.026154,-0.012727,-0.842594,-1.655030,,,,,,
821402,,,,,,,,,0.439480,0.000000,,,31.595959,31.454695,0.131103,0.128794,,,,,,,,,,,,
821411,,,,,,,,,0.494415,0.000000,,,31.485723,31.366865,0.131491,0.128939,,,,-0.013240,-0.847819,-1.655030,,,,,,
821418,,,,,,,,,,,,,,,,,,,,-0.013741,-0.852738,-1.654988,,,,,,
821422,,,,,,,,,0.466947,0.652434,,,30.848429,31.292965,0.137277,0.128959,,,,,,,,,,,,
821426,,,,,,,,,,,,,,,,,,,,-0.014226,-0.857773,-1.654811,,,,,,
821433,,,,,,,,,0.329610,0.000000,,,29.223124,29.597157,0.153268,0.145538,,,,,,,,,,,,
821440,,,,,,,,,0.631752,-0.652435,,,30.578308,30.893019,0.139183,0.131940,,,,-0.014674,-0.862695,-1.654817,,,,,,
821447,-0.014731,-0.863204,-1.657591,0.038802,-0.850599,-1.683657,0.485603,-0.043865,,,25.617594,25.388481,,,,,-0.017198,0.052239,-0.026066,-0.015221,-0.867580,-1.654879,,,,,,
821452,,,,,,,,,0.466947,0.652434,,,30.629473,30.894270,0.114703,0.107714,,,,,,,,,,,,
821456,,,,,,,,,,,,,,,,,,,,-0.015716,-0.872173,-1.654874,,,,,,
821462,,,,,,,,,0.466947,-0.652434,,,30.127979,30.350780,0.118816,0.112157,,,,,,,,,,,,
821470,,,,,,,,,0.439480,0.000000,,,29.706024,29.893488,0.122218,0.115828,,,,-0.016202,-0.876982,-1.651115,,,,,,
821478,,,,,,,,,,,,,,,,,,,,-0.016637,-0.881387,-1.654935,,,,,,
821482,,,,,,,,,0.412012,0.652434,,,29.350990,29.508722,0.125022,0.118852,,,,,,,,,,,,
821493,,,,,,,,,0.302142,-0.652434,,,27.963179,27.551352,0.138431,0.137993,,,,-0.017002,-0.885906,-1.655066,,,,,,
821497,-0.016939,-0.885262,-1.658015,0.036260,-0.872799,-1.686044,0.459809,-0.046321,,,24.083515,23.779646,,,,,-0.017050,0.051911,-0.028029,,,,,,,,,
821500,,,,,,,,,0.604285,0.000000,,,29.518190,29.171679,0.106453,0.104623,,,,-0.017433,-0.890527,-1.655093,,,,,,
821507,,,,,,,,,,,,,,,,,,,,-0.017835,-0.895244,-1.655063,,,,,,
821512,,,,,,,,,0.439480,0.000000,,,29.192947,28.901392,0.108683,0.106302,,,,,,,,,,,,
821522,,,,,,,,,0.412012,0.652434,,,28.374744,28.129429,0.116007,0.113151,,,,-0.018196,-0.899844,-1.662442,,,,,,
821534,,,,,,,,,0.302142,-0.652434,,,27.141766,26.935356,0.127725,0.124461,,,,,,,,,,,,
821542,,,,,,,,,0.521882,-0.652434,,,28.282511,27.564295,0.115478,0.117415,,,,,,,,,,,,
821547,-0.018312,-0.900799,-1.664808,0.033813,-0.893711,-1.688589,0.433981,-0.049234,,,23.859617,23.650829,,,,,-0.011950,0.051229,-0.023781,,,,,,,,,
821551,,,,,,,,,0.439480,0.000000,,,28.153246,27.548939,0.113673,0.115500,,,,-0.019639,-0.913456,-1.662326,,,,,,
821558,,,,,,,,,,,,,,,,,,,,-0.020030,-0.917714,-1.662499,,,,,,
821562,,,,,,,,,0.412012,0.652434,,,27.499939,27.536018,0.119478,0.114853,,,,,,,,,,,,
821566,,,,,,,,,,,,,,,,,,,,-0.020532,-0.921897,-1.662332,,,,,,
821572,,,,,,,,,0.384545,0.000000,,,26.950247,26.980604,0.124357,0.119741,,,,,,,,,,,,
821582,,,,,,,,,0.412012,-0.652434,,,27.032280,26.513279,0.122902,0.123842,,,,,,,,,,,,
821592,,,,,,,,,0.412012,0.652434,,,26.556759,26.664616,0.127118,0.121725,,,,,,,,,,,,
821596,-0.021726,-0.932745,-1.656468,0.031463,-0.913340,-1.691322,0.408217,-0.052682,,,19.037216,18.523338,,,,,-0.023885,0.051334,-0.034853,-0.021889,-0.933791,-1.658691,,,,,,
821602,,,,,,,,,0.439480,0.000000,,,26.701199,26.791950,0.075916,0.067523,,,,,,,,,,,,
821614,,,,,,,,,0.274675,0.000000,,,25.189100,25.265459,0.089807,0.081440,,,,-0.022197,-0.937602,-1.658740,,,,,,
821618,,,,,,,,,,,,,,,,,,,,-0.022506,-0.941511,-1.658821,,,,,,
821622,,,,,,,,,0.412012,-0.652434,,,25.550451,25.070156,0.084891,0.082084,,,,,,,,,,,,
821625,,,,,,,,,,,,,,,,,,,,-0.022814,-0.945317,-1.658740,,,,,,
821632,,,,,,,,,0.357077,0.652434,,,24.765406,24.905828,0.091596,0.082450,,,,,,,,,,,,
821640,,,,,,,,,0.357077,-0.652434,,,24.649412,24.223021,0.091633,0.088139,,,,-0.023284,-0.949344,-1.662433,,,,,,
821647,-0.023303,-0.949442,-1.664670,0.029213,-0.931699,-1.694279,0.382615,-0.056768,,,17.751474,17.348991,,,,,-0.022587,0.050622,-0.029609,-0.023704,-0.953396,-1.662246,,,,,,
821654,,,,,,,,,0.219740,0.000000,,,22.918184,22.559420,0.095055,0.091989,,,,,,,,,,,,
821661,,,,,,,,,0.384545,0.000000,,,23.095160,22.793295,0.092216,0.088561,,,,-0.024066,-0.957320,-1.662089,,,,,,
821669,,,,,,,,,,,,,,,,,,,,-0.024443,-0.961240,-1.661827,,,,,,
821672,,,,,,,,,0.329610,0.000000,,,22.699524,22.445534,0.095183,0.091020,,,,,,,,,,,,
821677,,,,,,,,,,,,,,,,,,,,-0.024799,-0.965021,-1.661598,,,,,,
821682,,,,,,,,,0.329610,0.000000,,,22.366636,22.152929,0.097589,0.092985,,,,,,,,,,,,
821691,,,,,,,,,0.274675,0.000000,,,21.542000,21.362188,0.105077,0.100090,,,,-0.025191,-0.968633,-1.664949,,,,,,
821697,-0.025140,-0.968170,-1.664926,0.027063,-0.948801,-1.697500,0.357266,-0.061619,,,15.760536,15.267222,,,,,-0.024190,0.050152,-0.032574,-0.025605,-0.972377,-1.664515,,,,,,
821702,,,,,,,,,0.329610,0.000000,,,21.392694,21.241402,0.085534,0.079285,,,,,,,,,,,,
821706,,,,,,,,,,,,,,,,,,,,-0.025957,-0.975815,-1.664008,,,,,,
821713,,,,,,,,,0.192272,-0.652434,,,20.177982,19.506142,0.096798,0.095790,,,,,,,,,,,,
821721,,,,,,,,,0.357077,0.652434,,,20.245010,20.224268,0.095231,0.087617,,,,-0.026293,-0.979208,-1.664041,,,,,,
821728,,,,,,,,,,,,,,,,,,,,-0.026669,-0.982530,-1.667813,,,,,,
821732,,,,,,,,,0.302142,-0.652434,,,20.301409,19.739412,0.093759,0.091571,,,,,,,,,,,,
821736,,,,,,,,,,,,,,,,,,,,-0.027000,-0.985801,-1.667233,,,,,,
821742,,,,,,,,,0.302142,0.652434,,,19.804319,19.331455,0.097921,0.094838,,,,,,,,,,,,
821747,-0.026946,-0.985585,-1.664302,0.025014,-0.964665,-1.701037,0.332259,-0.067396,,,13.831071,13.228036,,,,,-0.025680,0.049780,-0.036735,,,,,,,,,
821754,,,,,,,,,0.192272,-0.652434,,,18.841524,18.443657,0.087252,0.082281,,,,-0.027279,-0.988966,-1.670791,,,,,,
821758,,,,,,,,,,,,,,,,,,,,-0.027529,-0.991998,-1.670592,,,,,,
821762,,,,,,,,,0.357077,0.652434,,,19.120516,19.330294,0.083404,0.072194,,,,,,,,,,,,
821765,,,,,,,,,,,,,,,,,,,,-0.027847,-0.994998,-1.674135,,,,,,
821772,,,,,,,,,0.247207,-0.652434,,,18.810715,18.442678,0.085506,0.080027,,,,,,,,,,,,
821782,,,,,,,,,0.274675,0.000000,,,18.550049,18.240383,0.087169,0.081048,,,,,,,,,,,,
821792,,,,,,,,,0.274675,0.000000,,,18.330725,17.525629,0.088462,0.087336,,,,,,,,,,,,
821797,-0.027880,-0.995355,-1.673310,0.023067,-0.979316,-1.704954,0.307676,-0.074310,,,13.531079,13.001702,,,,,-0.021169,0.049038,-0.031643,,,,,,,,,
821801,,,,,,,,,0.247207,-0.652434,,,18.146185,17.468779,0.086385,0.084748,,,,-0.028616,-1.003652,-1.674408,,,,,,
821809,,,,,,,,,,,,,,,,,,,,-0.028932,-1.006355,-1.678370,,,,,,
821815,,,,,,,,,0.219740,0.000000,,,17.446371,16.876400,0.092600,0.089897,,,,-0.029293,-1.008987,-1.677952,,,,,,
821822,,,,,,,,,0.302142,0.652434,,,17.402090,17.467060,0.092268,0.083097,,,,,,,,,,,,
821832,,,,,,,,,0.247207,-0.652434,,,17.364832,16.874954,0.091874,0.088243,,,,,,,,,,,,
821838,,,,,,,,,,,,,,,,,,,,-0.030022,-1.013888,-1.678152,,,,,,
821842,,,,,,,,,0.274675,0.000000,,,17.333483,16.921301,0.091427,0.086996,,,,,,,,,,,,
821847,-0.029961,-1.013479,-1.677746,0.021221,-0.992780,-1.709330,0.283596,-0.082637,,,10.673327,10.108810,,,,,-0.026044,0.048680,-0.031584,-0.030256,-1.016224,-1.681915,,,,,,
821852,,,,,,,,,0.247207,0.652434,,,16.762564,16.960297,0.067341,0.056307,,,,,,,,,,,,
821860,,,,,,,,,0.247207,-0.652434,,,16.826735,16.448565,0.065469,0.060156,,,,-0.030448,-1.018560,-1.682106,,,,,,
821868,,,,,,,,,,,,,,,,,,,,-0.030661,-1.020760,-1.685811,,,,,,
821873,,,,,,,,,0.137337,-0.652434,,,15.791642,14.928906,0.074796,0.074389,,,,,,,,,,,,
821876,,,,,,,,,,,,,,,,,,,,-0.030908,-1.022821,-1.689870,,,,,,
821882,,,,,,,,,0.302142,-0.652434,,,16.009802,15.283895,0.071547,0.069804,,,,,,,,,,,,
821890,,,,,,,,,0.192272,0.652434,,,15.648818,15.038040,0.074162,0.071276,,,,-0.031192,-1.024851,-1.686671,,,,,,
821897,-0.031164,-1.024700,-1.683185,0.019475,-1.005087,-1.714266,0.260092,-0.092740,,,9.470850,8.867565,,,,,-0.025169,0.048120,-0.031081,-0.031541,-1.026909,-1.686468,,,,,,
821902,,,,,,,,,0.219740,0.000000,,,15.345086,14.831178,0.064000,0.059740,,,,,,,,,,,,
821912,,,,,,,,,0.164805,0.000000,,,14.544983,14.657124,0.070986,0.060323,,,,-0.031813,-1.028943,-1.686805,,,,,,
821919,,,,,,,,,,,,,,,,,,,,-0.032016,-1.030835,-1.687133,,,,,,
821922,,,,,,,,,0.219740,0.000000,,,14.416320,13.966131,0.071283,0.066213,,,,,,,,,,,,
821927,,,,,,,,,,,,,,,,,,,,-0.032236,-1.032601,-1.683550,,,,,,
821933,,,,,,,,,0.109870,0.000000,,,13.218976,12.840187,0.082507,0.076678,,,,,,,,,,,,
821941,,,,,,,,,0.219740,0.000000,,,13.300617,12.981905,0.080925,0.074438,,,,-0.032430,-1.034229,-1.686972,,,,,,
821947,-0.032427,-1.034345,-1.686655,0.017828,-1.016271,-1.719891,0.237232,-0.105115,,,8.481907,7.789185,,,,,-0.023763,0.047829,-0.033236,-0.032676,-1.035922,-1.686953,,,,,,
821952,,,,,,,,,0.219740,0.000000,,,13.369310,13.101146,0.069371,0.061399,,,,,,,,,,,,
821956,,,,,,,,,,,,,,,,,,,,-0.032873,-1.037612,-1.687232,,,,,,
821962,,,,,,,,,0.164805,0.000000,,,12.882565,12.656932,0.073358,0.064868,,,,,,,,,,,,
821970,,,,,,,,,0.164805,0.000000,,,12.473019,12.283171,0.076655,0.067706,,,,-0.033018,-1.039083,-1.687379,,,,,,
821978,,,,,,,,,,,,,,,,,,,,-0.033174,-1.040498,-1.687635,,,,,,
821982,,,,,,,,,0.192272,-0.652434,,,12.672969,11.968688,0.073818,0.070015,,,,,,,,,,,,
821986,,,,,,,,,,,,,,,,,,,,-0.033358,-1.041789,-1.691328,,,,,,
821993,,,,,,,,,0.109870,0.000000,,,11.752121,11.159539,0.082372,0.077433,,,,,,,,,,,,
821997,-0.033333,-1.041622,-1.690936,0.016280,-1.026369,-1.726375,0.215077,-0.120439,,,7.898913,7.105951,,,,,-0.021090,0.047428,-0.035439,,,,,,,,,
822000,,,,,,,,,0.247207,0.652434,,,12.066406,11.567807,0.072566,0.065625,,,,-0.033475,-1.043053,-1.691529,,,,,,
822008,,,,,,,,,,,,,,,,,,,,-0.033606,-1.044261,-1.691913,,,,,,
822012,,,,,,,,,0.164805,0.000000,,,11.786303,11.911325,0.074589,0.061229,,,,,,,,,,,,
822015,,,,,,,,,,,,,,,,,,,,-0.033729,-1.045304,-1.692182,,,,,,
822022,,,,,,,,,0.164805,0.000000,,,11.550623,11.655816,0.076216,0.062874,,,,,,,,,,,,
822034,,,,,,,,,0.164805,0.000000,,,12.441408,11.440832,0.066400,0.064157,,,,,,,,,,,,
822042,,,,,,,,,0.137337,-0.652434,,,11.012742,10.715401,0.080063,0.070689,,,,,,,,,,,,
822047,-0.033773,-1.045566,-1.694815,0.014827,-1.035419,-1.733945,0.193684,-0.139665,,,8.036409,7.110194,,,,,-0.016081,0.046971,-0.039130,,,,,,,,,
822051,,,,,,,,,0.164805,0.000000,,,10.899750,10.649567,0.081996,0.070682,,,,-0.034278,-1.048796,-1.695953,,,,,,
822059,,,,,,,,,,,,,,,,,,,,-0.034474,-1.050250,-1.695907,,,,,,
822062,,,,,,,,,0.109870,0.000000,,,10.260135,10.049630,0.087947,0.076094,,,,,,,,,,,,
822067,,,,,,,,,,,,,,,,,,,,-0.034753,-1.051773,-1.699551,,,,,,
822072,,,,,,,,,0.109870,0.000000,,,9.721962,9.544844,0.092992,0.080655,,,,,,,,,,,,
822082,,,,,,,,,0.164805,0.000000,,,9.813687,9.664660,0.091719,0.078946,,,,,,,,,,,,
822089,,,,,,,,,,,,,,,,,,,,-0.035087,-1.054350,-1.695964,,,,,,
822094,,,,,,,,,0.109870,0.000000,,,9.346322,9.220930,0.096131,0.082961,,,,,,,,,,,,
822097,-0.035034,-1.054071,-1.695868,0.013467,-1.043463,-1.742913,0.173101,-0.164169,,,6.706192,5.583963,,,,,-0.016575,0.046799,-0.047045,-0.035249,-1.055378,-1.695958,,,,,,
822102,,,,,,,,,0.164805,0.000000,,,9.497623,9.392119,0.080757,0.065225,,,,,,,,,,,,
822110,,,,,,,,,0.137337,-0.652434,,,9.624928,8.991614,0.078900,0.068549,,,,-0.035463,-1.056710,-1.695953,,,,,,
822118,,,,,,,,,,,,,,,,,,,,-0.035657,-1.058253,-1.695907,,,,,,
822122,,,,,,,,,0.137337,0.652434,,,9.187500,9.199173,0.082778,0.065750,,,,,,,,,,,,
822126,,,,,,,,,,,,,,,,,,,,-0.035836,-1.059683,-1.695913,,,,,,
822132,,,,,,,,,0.137337,-0.652434,,,9.363991,8.829269,0.080482,0.068800,,,,,,,,,,,,
822140,,,,,,,,,0.164805,0.000000,,,8.967947,9.062575,0.083990,0.065771,,,,-0.036003,-1.061150,-1.695797,,,,,,
822147,-0.036008,-1.061242,-1.695803,0.012199,-1.050544,-1.753716,0.153372,-0.195984,,,5.577213,4.210419,,,,,-0.016625,0.046497,-0.057913,-0.036275,-1.062466,-1.699537,,,,,,
822154,,,,,,,,,0.109870,1.304868,,,8.634716,9.258880,0.075421,0.049063,,,,-0.036527,-1.063730,-1.699589,,,,,,
822162,,,,,,,,,0.109870,-1.304868,,,8.898878,8.334963,0.072115,0.057477,,,,,,,,,,,,
822169,,,,,,,,,,,,,,,,,,,,-0.036672,-1.065053,-1.699589,,,,,,
822172,,,,,,,,,0.164805,0.000000,,,9.121144,8.646667,0.069184,0.053473,,,,,,,,,,,,
822177,,,,,,,,,,,,,,,,,,,,-0.036848,-1.066269,-1.703318,,,,,,
822182,,,,,,,,,0.082402,-0.652434,,,8.763616,7.819847,0.072122,0.061019,,,,,,,,,,,,
822192,,,,,,,,,0.109870,0.000000,,,8.462791,7.668705,0.074553,0.061839,,,,-0.037089,-1.067647,-1.703266,,,,,,
822197,-0.037056,-1.067567,-1.702639,0.011019,-1.056707,-1.766990,0.134537,-0.238227,,,4.387535,2.783906,,,,,-0.017086,0.046230,-0.064351,,,,,,,,,
822200,,,,,,,,,0.109870,0.000000,,,8.209678,7.541533,0.064423,0.047894,,,,-0.037259,-1.068851,-1.703271,,,,,,
822207,,,,,,,,,,,,,,,,,,,,-0.037449,-1.070010,-1.703277,,,,,,
822214,,,,,,,,,0.137337,0.652434,,,8.541251,7.979075,0.060276,0.042480,,,,,,,,,,,,
822222,,,,,,,,,0.082402,-0.652434,,,7.731151,7.258136,0.067708,0.048794,,,,-0.037567,-1.070934,-1.703323,,,,,,
822232,,,,,,,,,0.109870,-1.304868,,,8.138618,6.651538,0.062884,0.054087,,,,,,,,,,,,
822242,,,,,,,,,0.082402,0.652434,,,7.392375,6.685689,0.069745,0.052965,,,,,,,,,,,,
822245,-0.038006,-1.073836,-1.707253,0.009924,-1.061999,-1.783693,0.116627,-0.295860,,,,,,,,,,,,-0.038049,-1.074036,-1.710664,,,,,,
822248,,,,,,,,,,,3.111005,1.160540,,,,,-0.018248,0.045875,-0.076440,,,,,,,,,
822254,,,,,,,,,0.109870,-1.304868,,,7.853573,6.169881,0.051419,0.040887,,,,,,,,,,,,
822260,,,,,,,,,0.082402,0.652434,,,7.152539,6.280424,0.057621,0.038758,,,,-0.038166,-1.074988,-1.710669,,,,,,
822267,,,,,,,,,,,,,,,,,,,,-0.038293,-1.075862,-1.714333,,,,,,
822272,,,,,,,,,0.054935,0.000000,,,6.562688,5.828891,0.062829,0.042340,,,,,,,,,,,,
822275,,,,,,,,,,,,,,,,,,,,-0.038395,-1.076696,-1.714282,,,,,,
822282,,,,,,,,,0.082402,-0.652434,,,6.610931,5.448971,0.061647,0.045281,,,,,,,,,,,,
822289,,,,,,,,,,,,,,,,,,,,-0.038545,-1.077533,-1.721536,,,,,,
822292,,,,,,,,,0.054935,0.000000,,,6.106980,5.129307,0.066087,0.047684,,,,,,,,,,,,
822297,-0.038532,-1.077451,-1.720337,0.008912,-1.066465,-1.805339,0.099671,-0.377166,,,2.352075,-0.024645,,,,,-0.017931,0.045278,-0.085002,-0.038667,-1.078336,-1.721543,,,,,,
822302,,,,,,,,,0.082402,-0.652434,,,6.227499,4.860341,0.056518,0.037545,,,,,,,,,,,,
822314,,,,,,,,,0.027467,-0.652434,,,5.784359,4.634034,0.060263,0.038876,,,,-0.038771,-1.079086,-1.725127,,,,,,
822319,,,,,,,,,,,,,,,,,,,,-0.038851,-1.079689,-1.728778,,,,,,
822322,,,,,,,,,0.027467,0.652434,,,4.866959,3.899075,0.068934,0.045441,,,,,,,,,,,,
822326,,,,,,,,,,,,,,,,,,,,-0.038946,-1.080284,-1.728939,,,,,,
822332,,,,,,,,,0.082402,-0.652434,,,5.184145,3.825225,0.065196,0.045409,,,,,,,,,,,,
822341,,,,,,,,,0.082402,-0.652434,,,5.451025,3.763087,0.061907,0.045273,,,,-0.038983,-1.080742,-1.736187,,,,,,
822347,-0.039002,-1.080807,-1.737594,0.007978,-1.070155,-1.834458,0.083694,-0.496781,,,1.562289,-1.445421,,,,,-0.018304,0.044559,-0.096864,-0.039014,-1.081189,-1.743424,,,,,,
822365,,,,,,,,,-0.000000,0.000000,,,4.317252,3.580449,0.064082,0.030747,,,,-0.039099,-1.081796,-1.750549,,,,,,
822371,,,,,,,,,0.082402,-1.957303,,,5.266165,3.012589,0.053852,0.035534,,,,-0.039085,-1.082184,-1.754217,,,,,,
822379,,,,,,,,,,,,,,,,,,,,-0.039132,-1.082579,-1.761455,,,,,,
822382,,,,,,,,,0.027467,-0.652434,,,4.975494,2.534792,0.056076,0.039516,,,,,,,,,,,,
822386,,,,,,,,,,,,,,,,,,,,-0.039155,-1.082972,-1.768574,,,,,,
822392,,,,,,,,,0.027467,-0.652434,,,4.730923,2.132774,0.057888,0.042820,,,,,,,,,,,,
822397,-0.039163,-1.082904,-1.768712,0.007120,-1.073116,-1.875611,0.068720,-0.682476,,,0.991957,-2.968305,,,,,-0.018697,0.043455,-0.106899,,,,,,,,,
822400,,,,,,,,,0.027467,-0.652434,,,4.525141,1.794515,0.053536,0.030021,,,,-0.039213,-1.083388,-1.775713,,,,,,
822408,,,,,,,,,,,,,,,,,,,,-0.039246,-1.083779,-1.782848,,,,,,
822413,,,,,,,,,0.027467,-0.652434,,,4.351996,1.509905,0.054595,0.031972,,,,,,,,,,,,
822416,,,,,,,,,,,,,,,,,,,,-0.039236,-1.084029,-1.789993,,,,,,
822422,,,,,,,,,-0.000000,0.000000,,,3.661769,1.270434,0.060964,0.033519,,,,,,,,,,,,
822432,,,,,,,,,-0.000000,0.000000,,,3.081012,1.068943,0.066354,0.034726,,,,,,,,,,,,
822442,,,,,,,,,0.027467,-0.652434,,,3.136906,0.899408,0.065366,0.035648,,,,,,,,,,,,
822447,-0.039254,-1.084047,-1.790945,0.006333,-1.075396,-1.937843,0.054779,-0.991903,,,1.038824,-4.613725,,,,,-0.018397,0.042598,-0.146898,,,,,,,,,
822452,,,,,,,,,0.027467,-0.652434,,,3.183936,0.756762,0.064935,0.019546,,,,-0.039291,-1.084675,-1.800532,,,,,,
822460,,,,,,,,,0.027467,-0.652434,,,3.223506,0.636739,0.064102,0.019696,,,,-0.039317,-1.084744,-1.800575,,,,,,
822467,,,,,,,,,,,,,,,,,,,,-0.039318,-1.084782,-1.804105,,,,,,
822474,,,,,,,,,-0.000000,0.000000,,,3.256801,0.535753,0.063326,0.019676,,,,,,,,,,,,
822481,,,,,,,,,0.027467,-0.652434,,,2.740272,0.450782,0.068151,0.019513,,,,-0.039249,-1.084720,-1.811231,,,,,,
822489,,,,,,,,,,,,,,,,,,,,-0.039296,-1.084957,-1.814714,,,,,,
822492,,,,,,,,,-0.000000,0.000000,,,2.305665,0.379288,0.072244,0.019229,,,,,,,,,,,,
822497,-0.039292,-1.084881,-1.812719,0.005614,-1.077045,-2.041547,0.041920,-1.559432,,,1.762153,-6.989626,,,,,-0.018366,0.041721,-0.228827,-0.039342,-1.085159,-1.818235,,,,,,
822502,,,,,,,,,-0.000000,0.000000,,,1.939986,0.319133,0.083098,-0.005390,,,,,,,,,,,,
822511,,,,,,,,,-0.000000,0.000000,,,1.632304,0.268518,0.086201,-0.006335,,,,-0.039346,-1.085313,-1.821696,,,,,,
822518,,,,,,,,,,,,,,,,,,,,-0.039348,-1.085365,-1.821696,,,,,,
822522,,,,,,,,,-0.000000,0.000000,,,1.373420,0.225931,0.088867,-0.007353,,,,,,,,,,,,
822526,,,,,,,,,,,,,,,,,,,,-0.039338,-1.085336,-1.821696,,,,,,
822533,,,,,,,,,0.027467,-0.652434,,,1.700139,0.190099,0.085613,-0.008430,,,,,,,,,,,,
822540,,,,,,,,,0.027467,-0.652434,,,1.975040,0.159949,0.082821,-0.009559,,,,-0.039336,-1.085320,-1.821696,,,,,,
822547,-0.039362,-1.085394,-1.823680,0.004960,-1.078108,-2.240803,0.030252,-2.747985,,,4.223670,-10.972321,,,,,-0.018144,0.041089,-0.417123,-0.039303,-1.085245,-1.825272,,,,,,
822552,,,,,,,,,-0.000000,0.000000,,,1.661798,0.134581,0.111081,-0.051353,,,,,,,,,,,,
822556,,,,,,,,,,,,,,,,,,,,-0.039339,-1.085348,-1.832221,,,,,,
822562,,,,,,,,,0.000000,-1.304868,,,1.942780,-0.431307,0.108727,-0.047803,,,,,,,,,,,,
822570,,,,,,,,,0.027467,-0.652434,,,2.179198,-0.362902,0.106772,-0.050609,,,,-0.039399,-1.085643,-1.839190,,,,,,
822578,,,,,,,,,,,,,,,,,,,,-0.039395,-1.085856,-1.842669,,,,,,
822582,,,,,,,,,0.000000,-1.304868,,,2.378120,-0.849889,0.105152,-0.047763,,,,,,,,,,,,
822585,,,,,,,,,,,,,,,,,,,,-0.039416,-1.086117,-1.849610,,,,,,
822594,,,,,,,,,0.027467,-0.652434,,,2.545493,-0.715096,0.103814,-0.051162,,,,,,,,,,,,
822597,-0.039442,-1.086168,-1.850172,0.004366,-1.078635,-2.691550,0.020086,-5.701325,,,10.864331,-20.059196,,,,,-0.019321,0.040032,-0.841378,,,,,,,,,
822600,,,,,,,,,0.027467,-0.652434,,,2.686321,-0.601682,0.170448,-0.147057,,,,-0.039448,-1.086398,-1.856546,,,,,,
822607,,,,,,,,,,,,,,,,,,,,-0.039514,-1.086770,-1.863452,,,,,,
822612,,,,,,,,,0.027467,-1.957303,,,3.349356,-1.050798,0.165320,-0.146367,,,,,,,,,,,,
822615,,,,,,,,,,,,,,,,,,,,-0.039594,-1.087232,-1.877212,,,,,,
822622,,,,,,,,,0.027467,-3.262171,,,4.451777,-1.973228,0.155579,-0.140760,,,,,,,,,,,,
822634,,,,,,,,,0.000000,-2.609737,,,5.923898,-2.749360,0.141846,-0.136461,,,,,,,,,,,,
822642,,,,,,,,,0.082402,-4.567039,,,6.617996,-3.402398,0.135754,-0.133262,,,,,,,,,,,,
822647,-0.039709,-1.087464,-1.894106,0.003828,-1.078669,2.775445,0.012550,-13.309912,,,29.140688,-41.679276,,,,,-0.022171,0.038487,-1.613634,,,,,,,,,
822652,,,,,,,,,0.027467,-4.567039,,,7.746554,-4.496407,0.311511,-0.345959,,,,-0.039601,-1.088564,-1.958394,,,,,,
822659,,,,,,,,,,,,,,,,,,,,-0.039622,-1.089083,-2.001426,,,,,,
822662,,,,,,,,,0.027467,-7.176776,,,9.785209,-6.505992,0.294995,-0.332898,,,,,,,,,,,,
822667,,,,,,,,,,,,,,,,,,,,-0.039525,-1.089545,-2.053642,,,,,,
822672,,,,,,,,,0.000000,-9.134078,,,12.045075,-8.741400,0.275816,-0.317131,,,,,,,,,,,,
822681,,,,,,,,,0.027467,-9.786511,,,14.491071,-11.711358,0.254286,-0.293426,,,,-0.039476,-1.090031,-2.114562,,,,,,
822689,,,,,,,,,,,,,,,,,,,,-0.039324,-1.090672,-2.202507,,,,,,
822697,-0.039417,-1.090501,-2.217690,0.003344,-1.078258,2.208184,0.010927,-15.944475,0.000000,-10.438947,32.091072,-52.469406,,,,,-0.035542,0.026742,-1.857311,,,,,,,,,
822700,,,,,,,,,0.000000,-15.658421,,,19.595310,-17.627401,0.237266,-0.355698,,,,-0.039143,-1.091331,-2.312746,,,,,,
822711,,,,,,,,,-0.027468,-16.310856,,,23.022011,-21.910755,0.204812,-0.318976,,,,-0.038892,-1.092015,-2.438086,,,,,,
822719,,,,,,,,,,,,,,,,,,,,-0.038827,-1.092627,-2.577899,,,,,,
822722,,,,,,,,,-0.082402,-16.310854,,,25.360691,-25.514769,0.182772,-0.288327,,,,,,,,,,,,
822726,,,,,,,,,,,,,,,,,,,,-0.038675,-1.093243,-2.731980,,,,,,
822732,,,,,,,,,-0.027468,-16.310856,,,27.873001,-29.091728,0.158492,-0.257232,,,,,,,,,,,,
822740,,,,,,,,,-0.082402,-17.615723,,,29.442314,-32.101379,0.143329,-0.231210,,,,-0.038506,-1.094020,-2.889156,,,,,,
822747,-0.038279,-1.093559,-2.906723,0.002909,-1.077444,1.960726,0.015422,-7.239670,,,7.360100,-31.703840,,,,,-0.043807,-0.006087,-1.415736,-0.038392,-1.094653,-3.058697,,,,,,
822754,,,,,,,,,-0.054935,-11.743815,,,29.673649,-33.000072,-0.110757,-0.014308,,,,-0.038485,-1.095182,3.049862,,,,,,
822762,,,,,,,,,-0.164805,-19.573025,,,30.957378,-37.023491,-0.128314,0.026990,,,,,,,,,,,,
822770,,,,,,,,,-0.109870,-7.829210,,,28.770250,-36.052448,-0.110724,0.018150,,,,-0.038534,-1.095810,2.871920,,,,,,
822777,,,,,,,,,,,,,,,,,,,,-0.038397,-1.096250,2.708580,,,,,,
822782,,,,,,,,,-0.192272,-5.871908,,,24.751827,-34.690872,-0.074019,0.005131,,,,,,,,,,,,
822785,,,,,,,,,,,,,,,,,,,,-0.038263,-1.096395,2.573928,,,,,,
822792,,,,,,,,,-0.164805,-3.914605,,,20.826183,-32.456154,-0.037455,-0.017065,,,,,,,,,,,,
822797,-0.037575,-1.096095,2.624850,0.002521,-1.076271,1.838216,0.021638,-3.313073,,,3.118974,-15.308793,,,,,-0.025067,-0.037045,-0.786633,-0.037975,-1.096571,2.463221,,,,,,
822802,,,,,,,,,-0.164805,-3.914605,,,17.523148,-30.575863,-0.049717,0.131136,,,,,,,,,,,,
822807,,,,,,,,,,,,,,,,,,,,-0.037479,-1.096784,2.379999,,,,,,
822813,,,,,,,,,-0.082402,-1.957303,,,14.743974,-27.360157,-0.024250,0.101389,,,,,,,,,,,,
822821,,,,,,,,,-0.027467,-0.652434,,,12.405578,-23.565376,-0.002724,0.065092,,,,-0.037003,-1.097075,2.325874,,,,,,
822828,,,,,,,,,,,,,,,,,,,,-0.036570,-1.097558,2.298496,,,,,,
822832,,,,,,,,,-0.000000,0.000000,,,10.438051,-19.827904,0.015488,0.028621,,,,,,,,,,,,
822836,,,,,,,,,,,,,,,,,,,,-0.036111,-1.098202,2.298635,,,,,,
822842,,,,,,,,,-0.000000,0.000000,,,8.782575,-16.683195,0.030910,-0.002551,,,,,,,,,,,,
822847,-0.036234,-1.098025,2.326011,0.002174,-1.074778,1.767362,0.027789,-1.801958,,,4.054855,-6.396624,,,,,-0.009400,-0.043900,-0.558649,,,,,,,,,
822854,,,,,,,,,-0.000000,0.000000,,,7.389657,-14.037238,0.053531,0.061639,,,,-0.035436,-1.098971,2.308090,,,,,,
822858,,,,,,,,,,,,,,,,,,,,-0.034534,-1.099805,2.320844,,,,,,
822862,,,,,,,,,-0.000000,0.000000,,,6.217656,-11.810930,0.064818,0.040459,,,,,,,,,,,,
822866,,,,,,,,,,,,,,,,,,,,-0.033627,-1.100883,2.324214,,,,,,
822872,,,,,,,,,0.027467,0.652434,,,5.231535,-9.393172,0.074444,0.016881,,,,,,,,,,,,
822882,,,,,,,,,-0.000000,0.000000,,,4.401813,-7.903414,0.082672,0.002285,,,,,,,,,,,,
822892,,,,,,,,,-0.000000,0.000000,,,3.703685,-6.649931,0.089723,-0.010199,,,,,,,,,,,,
822895,-0.032395,-1.102169,2.327667,0.001866,-1.073004,1.721751,0.033434,-1.111866,,,,,,,,,,,,-0.032044,-1.102549,2.327819,,,,,,
822898,,,,,,,,,,,4.614866,-2.486215,,,,,-0.002323,-0.044934,-0.605916,,,,,,,,,
822902,,,,,,,,,-0.000000,0.000000,,,3.116280,-5.595252,0.101497,0.018980,,,,,,,,,,,,
822914,,,,,,,,,-0.000000,0.000000,,,2.622037,-4.707844,0.106838,0.010550,,,,-0.032234,-1.102456,2.321782,,,,,,
822917,,,,,,,,,,,,,,,,,,,,-0.032469,-1.102172,2.318643,,,,,,
822922,,,,,,,,,-0.000000,0.000000,,,2.206182,-3.961179,0.111479,0.003378,,,,,,,,,,,,
822931,,,,,,,,,0.027467,-0.652434,,,2.400824,-3.332936,0.109975,-0.002735,,,,-0.032553,-1.102069,2.318643,,,,,,
822939,,,,,,,,,,,,,,,,,,,,-0.032643,-1.101946,2.315616,,,,,,
822942,,,,,,,,,0.027467,-0.652434,,,2.564596,-2.804332,0.108747,-0.007957,,,,,,,,,,,,
822947,-0.032700,-1.101880,2.313890,0.001595,-1.070988,1.690166,0.038452,-0.747376,,,4.526541,-0.880807,,,,,-0.000455,-0.046154,-0.623724,-0.032774,-1.101852,2.312635,,,,,,
822954,,,,,,,,,0.054935,-1.304868,,,3.246938,-2.359564,0.101297,0.003945,,,,,,,,,,,,
822962,,,,,,,,,-0.000000,0.000000,,,2.731973,-1.985337,0.106805,0.000424,,,,-0.032982,-1.101717,2.303556,,,,,,
822969,,,,,,,,,,,,,,,,,,,,-0.033256,-1.101446,2.294429,,,,,,
822972,,,,,,,,,0.054935,-1.304868,,,3.387768,-1.670462,0.100475,-0.002567,,,,,,,,,,,,
822977,,,,,,,,,,,,,,,,,,,,-0.033534,-1.101195,2.285320,,,,,,
822982,,,,,,,,,0.054935,-1.304868,,,3.939554,-1.405527,0.095075,-0.005112,,,,,,,,,,,,
822985,,,,,,,,,,,,,,,,,,,,-0.033742,-1.100881,2.279285,,,,,,
822992,,,,,,,,,0.027467,-0.652434,,,3.859283,-1.182610,0.096011,-0.007280,,,,,,,,,,,,
822997,-0.033731,-1.100879,2.279452,0.001356,-1.068765,1.667130,0.042818,-0.533375,,,4.837602,0.412294,,,,,0.001547,-0.047539,-0.612322,,,,,,,,,
823000,,,,,,,,,0.054935,-1.304868,,,4.336287,-0.995048,0.094452,0.004056,,,,-0.034057,-1.100629,2.267084,,,,,,
823007,,,,,,,,,,,,,,,,,,,,-0.034439,-1.100243,2.257881,,,,,,
823014,,,,,,,,,0.054935,-1.304868,,,4.737638,-0.837233,0.090458,0.002728,,,,,,,,,,,,
823022,,,,,,,,,0.027467,-0.652434,,,4.530791,-0.704448,0.092588,0.001624,,,,-0.034813,-1.099931,2.245584,,,,,,
823032,,,,,,,,,0.054935,-1.304868,,,4.901293,-0.592722,0.088870,0.000707,,,,,,,,,,,,
823042,,,,,,,,,0.054935,-1.304868,,,5.213034,-0.498717,0.085678,-0.000050,,,,,,,,,,,,
823047,-0.034867,-1.099831,2.242950,0.001146,-1.066367,1.649678,0.046540,-0.397568,,,5.373119,1.565758,,,,,0.003761,-0.049016,-0.593273,,,,,,,,,
823051,,,,,,,,,0.054935,-1.304868,,,5.475332,-0.419620,0.088389,0.011090,,,,-0.035733,-1.098785,2.211703,,,,,,
823059,,,,,,,,,,,,,,,,,,,,-0.036081,-1.098425,2.199328,,,,,,
823062,,,,,,,,,0.054935,-1.304868,,,5.696030,-0.353068,0.086118,0.010809,,,,,,,,,,,,
823067,,,,,,,,,,,,,,,,,,,,-0.036418,-1.097996,2.186885,,,,,,
823074,,,,,,,,,0.027467,-0.652434,,,5.881725,-0.297072,0.084159,0.010621,,,,,,,,,,,,
823081,,,,,,,,,0.082402,-1.957303,,,6.037969,-0.249956,0.082464,0.010513,,,,-0.036838,-1.097600,2.171300,,,,,,
823089,,,,,,,,,,,,,,,,,,,,-0.037197,-1.097201,2.161903,,,,,,
823092,,,,,,,,,0.027467,-0.652434,,,5.624889,-0.210313,0.086544,0.010472,,,,,,,,,,,,
823097,-0.037071,-1.097330,2.165967,0.000963,-1.063826,1.636069,0.049641,-0.306152,,,6.119558,2.845140,,,,,0.006419,-0.050278,-0.529899,-0.037508,-1.096727,2.149311,,,,,,
823102,,,,,,,,,0.054935,-1.304868,,,5.821867,-0.176957,0.092098,0.023537,,,,,,,,,,,,
823110,,,,,,,,,0.054935,-1.304868,,,5.987605,-0.148892,0.090467,0.023855,,,,-0.037713,-1.096299,2.139833,,,,,,
823118,,,,,,,,,,,,,,,,,,,,-0.038028,-1.095842,2.127191,,,,,,
823122,,,,,,,,,0.054935,-1.304868,,,6.127057,-0.125278,0.089071,0.024213,,,,,,,,,,,,
823126,,,,,,,,,,,,,,,,,,,,-0.038359,-1.095432,2.114531,,,,,,
823134,,,,,,,,,0.027467,-0.652434,,,6.244391,-0.105409,0.087873,0.024604,,,,,,,,,,,,
823140,,,,,,,,,0.082402,-1.957303,,,6.343116,-0.088691,0.086841,0.025024,,,,-0.038695,-1.095102,2.101820,,,,,,
823147,-0.038739,-1.094994,2.098991,0.000805,-1.061172,1.625219,0.052154,-0.241722,,,6.941171,4.082135,,,,,0.009284,-0.051200,-0.473772,-0.038937,-1.094677,2.092219,,,,,,
823152,,,,,,,,,0.054935,-1.304868,,,6.426184,-0.074624,0.094329,0.038084,,,,,,,,,,,,
823156,,,,,,,,,,,,,,,,,,,,-0.039314,-1.094189,2.079405,,,,,,
823162,,,,,,,,,0.054935,-1.304868,,,6.496077,-0.062789,0.093720,0.038795,,,,,,,,,,,,
823170,,,,,,,,,0.054935,-1.304868,,,6.554884,-0.052831,0.093209,0.039522,,,,-0.039676,-1.093696,2.063340,,,,,,
823177,,,,,,,,,,,,,,,,,,,,-0.040035,-1.093228,2.050394,,,,,,
823182,,,,,,,,,0.054935,-1.304868,,,6.604365,-0.044452,0.092781,0.040264,,,,,,,,,,,,
823193,,,,,,,,,0.027467,-0.652434,,,6.101455,-0.037402,0.097978,0.041017,,,,-0.040348,-1.092765,2.037440,,,,,,
823197,-0.040269,-1.092852,2.039867,0.000668,-1.058432,1.616414,0.054112,-0.194612,,,7.771965,5.254689,,,,,0.012196,-0.052075,-0.423453,-0.040651,-1.092268,2.021147,,,,,,
823202,,,,,,,,,0.082402,-1.957303,,,6.767393,-0.031470,0.099828,0.053741,,,,,,,,,,,,
823207,,,,,,,,,,,,,,,,,,,,-0.041007,-1.091719,2.008066,,,,,,
823212,,,,,,,,,0.054935,-1.304868,,,6.783170,-0.026479,0.099868,0.054747,,,,,,,,,,,,
823221,,,,,,,,,0.082402,-1.957303,,,7.340988,-0.022279,0.094376,0.055760,,,,-0.041373,-1.091100,1.994903,,,,,,
823234,,,,,,,,,0.027467,-0.652434,,,6.721250,-0.018746,0.100783,0.056780,,,,,,,,,,,,
823242,,,,,,,,,0.082402,-1.957303,,,7.288888,-0.015773,0.095204,0.057804,,,,,,,,,,,,
823247,-0.041423,-1.090932,1.990463,0.000551,-1.055630,1.609172,0.055554,-0.159116,,,8.597316,6.362016,,,,,0.015136,-0.052716,-0.381291,,,,,,,,,
823251,,,,,,,,,0.054935,-1.304868,,,7.221956,-0.013271,0.104401,0.070127,,,,-0.042228,-1.089328,1.955075,,,,,,
823259,,,,,,,,,,,,,,,,,,,,-0.042550,-1.088641,1.938359,,,,,,
823262,,,,,,,,,0.109870,-1.304868,,,7.710182,0.533377,0.099697,0.065827,,,,,,,,,,,,
823266,,,,,,,,,,,,,,,,,,,,-0.042922,-1.087970,1.924902,,,,,,
823272,,,,,,,,,0.082402,-1.957303,,,8.120975,0.448783,0.095684,0.067855,,,,,,,,,,,,
823282,,,,,,,,,0.054935,-1.304868,,,7.922074,0.377606,0.097808,0.069764,,,,,,,,,,,,
823288,,,,,,,,,,,,,,,,,,,,-0.043585,-1.086524,1.890974,,,,,,
823294,,,,,,,,,0.082402,-0.652434,,,7.754719,0.862261,0.099650,0.066017,,,,,,,,,,,,
823297,-0.043538,-1.086575,1.896586,0.000451,-1.052791,1.603150,0.056517,-0.131696,,,9.333032,7.513993,,,,,0.017928,-0.052488,-0.293436,-0.043968,-1.085780,1.877287,,,,,,
823302,,,,,,,,,0.109870,-2.609737,,,8.702992,0.725506,0.097651,0.080262,,,,,,,,,,,,
823310,,,,,,,,,0.082402,-0.652434,,,8.411783,1.154984,0.100747,0.077239,,,,-0.044276,-1.084918,1.863533,,,,,,
823318,,,,,,,,,,,,,,,,,,,,-0.044651,-1.084035,1.849720,,,,,,
823322,,,,,,,,,0.109870,-1.304868,,,8.711303,1.516347,0.097876,0.074825,,,,,,,,,,,,
823325,,,,,,,,,,,,,,,,,,,,-0.045014,-1.083117,1.835820,,,,,,
823332,,,,,,,,,0.082402,-0.652434,,,8.418776,1.820397,0.100984,0.072924,,,,,,,,,,,,
823339,,,,,,,,,,,,,,,,,,,,-0.045236,-1.082186,1.825347,,,,,,
823342,,,,,,,,,0.109870,-1.304868,,,8.717186,2.076225,0.098123,0.071453,,,,,,,,,,,,
823347,-0.045227,-1.082113,1.825850,0.000366,-1.049936,1.598095,0.057040,-0.110067,,,9.737991,8.251368,,,,,0.019633,-0.052236,-0.227755,-0.045522,-1.081163,1.814832,,,,,,
823355,,,,,,,,,0.137337,-1.957303,,,9.512812,2.291479,0.094262,0.077866,,,,,,,,,,,,
823361,,,,,,,,,0.082402,-0.652434,,,9.093164,2.472593,0.098587,0.077211,,,,-0.045806,-1.080150,1.804284,,,,,,
823369,,,,,,,,,,,,,,,,,,,,-0.046144,-1.079231,1.793689,,,,,,
823372,,,,,,,,,0.109870,-1.304868,,,9.284617,2.624983,0.096763,0.076812,,,,,,,,,,,,
823377,,,,,,,,,,,,,,,,,,,,-0.046483,-1.078110,1.783020,,,,,,
823382,,,,,,,,,0.109870,-1.304868,,,9.445705,2.753203,0.095211,0.076629,,,,,,,,,,,,
823391,,,,,,,,,0.137337,-0.652434,,,9.036701,3.405631,0.099441,0.071074,,,,-0.046803,-1.076946,1.768750,,,,,,
823397,-0.046806,-1.076819,1.770805,0.000294,-1.047084,1.593826,0.057162,-0.092700,,,9.689979,8.472642,,,,,0.019785,-0.052069,-0.176979,-0.047089,-1.075800,1.757993,,,,,,
823402,,,,,,,,,0.082402,-0.652434,,,9.237109,3.410041,0.097047,0.074255,,,,,,,,,,,,
823406,,,,,,,,,,,,,,,,,,,,-0.047263,-1.074603,1.750807,,,,,,
823414,,,,,,,,,0.082402,-0.652434,,,8.861189,3.413751,0.100972,0.075230,,,,,,,,,,,,
823421,,,,,,,,,0.164805,-1.304868,,,9.633976,3.961416,0.093256,0.070656,,,,-0.047476,-1.073516,1.739974,,,,,,
823428,,,,,,,,,,,,,,,,,,,,-0.047723,-1.072433,1.732716,,,,,,
823432,,,,,,,,,0.109870,-1.304868,,,9.739655,3.877678,0.092189,0.072412,,,,,,,,,,,,
823436,,,,,,,,,,,,,,,,,,,,-0.047922,-1.071268,1.721794,,,,,,
823442,,,,,,,,,0.137337,-0.652434,,,9.828574,4.351765,0.091272,0.068495,,,,,,,,,,,,
823447,-0.047933,-1.071167,1.723170,0.000234,-1.044251,1.590200,0.056919,-0.078543,,,9.443591,8.460807,,,,,0.019293,-0.051694,-0.132970,,,,,,,,,
823455,,,,,,,,,0.109870,0.000000,,,9.358848,4.750660,0.093522,0.065130,,,,-0.048240,-1.070072,1.714485,,,,,,
823458,,,,,,,,,,,,,,,,,,,,-0.048467,-1.068693,1.703465,,,,,,
823462,,,,,,,,,0.137337,-1.957303,,,10.052706,3.997205,0.086462,0.073557,,,,,,,,,,,,
823465,,,,,,,,,,,,,,,,,,,,-0.048665,-1.067516,1.696112,,,,,,
823472,,,,,,,,,0.109870,-1.304868,,,10.091975,4.452334,0.085940,0.069808,,,,,,,,,,,,
823482,,,,,,,,,0.109870,-1.304868,,,10.125016,4.290737,0.085473,0.072258,,,,,,,,,,,,
823492,,,,,,,,,0.137337,-0.652434,,,10.152817,4.699312,0.085053,0.068924,,,,,,,,,,,,
823497,-0.048682,-1.067252,1.695645,0.000184,-1.041455,1.587109,0.056348,-0.066852,,,9.403114,8.573869,,,,,0.019511,-0.051698,-0.108537,,,,,,,,,
823501,,,,,,,,,0.082402,-0.652434,,,9.631665,4.498543,0.089814,0.072878,,,,-0.049119,-1.063934,1.666392,,,,,,
823509,,,,,,,,,,,,,,,,,,,,-0.049359,-1.062753,1.655133,,,,,,
823515,,,,,,,,,0.109870,-1.304868,,,9.737712,4.329617,0.088687,0.075416,,,,-0.049564,-1.061446,1.647602,,,,,,
823522,,,,,,,,,0.137337,-0.652434,,,9.826940,4.732026,0.087710,0.072160,,,,,,,,,,,,
823531,,,,,,,,,0.164805,-1.304868,,,10.446558,5.070612,0.081305,0.069475,,,,-0.049702,-1.060141,1.636269,,,,,,
823539,,,,,,,,,,,,,,,,,,,,-0.049796,-1.059052,1.624864,,,,,,
823542,,,,,,,,,0.109870,-1.304868,,,10.423362,4.810956,0.081333,0.072824,,,,,,,,,,,,
823547,-0.049745,-1.059281,1.625328,0.000143,-1.038708,1.584465,0.055485,-0.057089,,,8.744019,8.211213,,,,,0.017823,-0.050935,-0.040863,-0.049868,-1.057812,1.613401,,,,,,
823552,,,,,,,,,0.109870,0.000000,,,9.859302,5.137024,0.080159,0.066552,,,,,,,,,,,,
823560,,,,,,,,,0.109870,-1.304868,,,9.929245,4.866835,0.079223,0.069922,,,,-0.049996,-1.056525,1.601864,,,,,,
823568,,,,,,,,,,,,,,,,,,,,-0.050078,-1.055312,1.594145,,,,,,
823573,,,,,,,,,0.082402,-0.652434,,,9.443552,4.639497,0.083940,0.072910,,,,,,,,,,,,
823576,,,,,,,,,,,,,,,,,,,,-0.050098,-1.053991,1.586388,,,,,,
823582,,,,,,,,,0.164805,-1.304868,,,10.123976,4.992759,0.076860,0.070021,,,,,,,,,,,,
823590,,,,,,,,,0.109870,0.000000,,,9.607398,5.289993,0.081853,0.067633,,,,-0.050194,-1.052806,1.574703,,,,,,
823597,-0.050179,-1.052889,1.578951,0.000110,-1.036023,1.582202,0.054363,-0.048859,,,8.192084,7.859569,,,,,0.016456,-0.050425,0.003251,-0.050226,-1.051703,1.570812,,,,,,
823602,,,,,,,,,0.109870,-1.304868,,,9.717293,4.995543,0.074929,0.067634,,,,,,,,,,,,
823614,,,,,,,,,0.082402,-0.652434,,,9.265215,4.747792,0.079236,0.070734,,,,-0.050199,-1.050562,1.563045,,,,,,
823619,,,,,,,,,,,,,,,,,,,,-0.050226,-1.049487,1.555262,,,,,,
823622,,,,,,,,,0.137337,-0.652434,,,9.429380,5.083878,0.077346,0.067928,,,,,,,,,,,,
823632,,,,,,,,,0.137337,-0.652434,,,9.567509,5.366661,0.075690,0.065599,,,,-0.050252,-1.048321,1.547483,,,,,,
823640,,,,,,,,,0.082402,-0.652434,,,9.139187,5.060050,0.079784,0.069225,,,,-0.050278,-1.047205,1.539759,,,,,,
823647,-0.050267,-1.047336,1.540311,0.000082,-1.033410,1.580262,0.053015,-0.041866,,,7.742362,7.572230,,,,,0.015454,-0.049901,0.039952,-0.050278,-1.046068,1.532035,,,,,,
823652,,,,,,,,,0.109870,-1.304868,,,9.323340,4.802069,0.073129,0.069485,,,,,,,,,,,,
823655,,,,,,,,,,,,,,,,,,,,-0.050277,-1.044980,1.528209,,,,,,
823662,,,,,,,,,0.109870,0.000000,,,8.933743,5.129547,0.076787,0.066699,,,,,,,,,,,,
823674,,,,,,,,,0.109870,0.000000,,,8.605937,5.405087,0.079892,0.064377,,,,-0.050261,-1.043919,1.520602,,,,,,
823677,,,,,,,,,,,,,,,,,,,,-0.050226,-1.042807,1.512977,,,,,,
823682,,,,,,,,,0.109870,-1.304868,,,8.874664,5.092382,0.076978,0.068000,,,,,,,,,,,,
823692,,,,,,,,,0.109870,-1.304868,,,9.100771,4.829273,0.074445,0.071180,,,,-0.050226,-1.041730,1.505414,,,,,,
823697,-0.050201,-1.041741,1.502867,0.000061,-1.030879,1.578599,0.051471,-0.035885,,,7.226606,7.203386,,,,,0.014248,-0.049409,0.075732,,,,,,,,,
823700,,,,,,,,,0.109870,0.000000,,,8.746474,5.152436,0.072527,0.064670,,,,-0.050107,-1.040603,1.501592,,,,,,
823707,,,,,,,,,,,,,,,,,,,,-0.050005,-1.039592,1.494035,,,,,,
823712,,,,,,,,,0.082402,-0.652434,,,8.448369,4.879802,0.075264,0.067861,,,,,,,,,,,,
823715,,,,,,,,,,,,,,,,,,,,-0.049984,-1.038633,1.490265,,,,,,
823722,,,,,,,,,0.109870,0.000000,,,8.197543,5.194952,0.077578,0.065111,,,,,,,,,,,,
823734,,,,,,,,,0.137337,-0.652434,,,8.531041,5.460118,0.073982,0.062808,,,,-0.049915,-1.037659,1.486536,,,,,,
823737,,,,,,,,,,,,,,,,,,,,-0.049830,-1.036626,1.482778,,,,,,
823742,,,,,,,,,0.054935,0.000000,,,7.722560,5.138686,0.081967,0.066435,,,,,,,,,,,,
823747,-0.049845,-1.036825,1.484464,0.000043,-1.028436,1.577176,0.049759,-0.030741,,,6.630896,6.683078,,,,,0.012659,-0.048979,0.092712,,,,,,,,,
823751,,,,,,,,,0.082402,-0.652434,,,7.586847,4.868233,0.077176,0.064300,,,,-0.049700,-1.035682,1.478996,,,,,,
823759,,,,,,,,,,,,,,,,,,,,-0.049635,-1.034739,1.475227,,,,,,
823762,,,,,,,,,0.109870,0.000000,,,7.472659,5.185217,0.078150,0.061430,,,,,,,,,,,,
823767,,,,,,,,,,,,,,,,,,,,-0.049591,-1.033692,1.475229,,,,,,
823774,,,,,,,,,0.082402,0.652434,,,6.832037,4.907384,0.084516,0.064563,,,,,,,,,,,,
823782,,,,,,,,,0.109870,-1.304868,,,7.382105,5.218159,0.078865,0.061748,,,,,,,,,,,,
823789,,,,,,,,,,,,,,,,,,,,-0.049355,-1.031831,1.464063,,,,,,
823792,,,,,,,,,0.082402,-0.652434,,,7.300388,4.935101,0.079548,0.064928,,,,,,,,,,,,
823797,-0.049361,-1.031906,1.463037,0.000030,-1.026090,1.575959,0.047906,-0.026298,,,6.030744,6.159912,,,,,0.011094,-0.048479,0.112922,-0.049279,-1.030944,1.460378,,,,,,
823802,,,,,,,,,0.082402,-0.652434,,,7.231632,4.696937,0.073994,0.062371,,,,,,,,,,,,
823810,,,,,,,,,0.082402,-0.652434,,,7.173781,4.496545,0.074344,0.064708,,,,-0.049159,-1.029978,1.456637,,,,,,
823818,,,,,,,,,,,,,,,,,,,,-0.049111,-1.029085,1.449263,,,,,,
823822,,,,,,,,,0.082402,-0.652434,,,7.125105,4.327935,0.074612,0.066760,,,,,,,,,,,,
823826,,,,,,,,,,,,,,,,,,,,-0.049059,-1.028191,1.445570,,,,,,
823834,,,,,,,,,0.109870,-1.304868,,,7.628692,4.186067,0.069256,0.068574,,,,,,,,,,,,
823840,,,,,,,,,0.082402,0.652434,,,6.963324,4.611243,0.075723,0.064632,,,,-0.049001,-1.027378,1.441883,,,,,,
823847,-0.048998,-1.027414,1.446396,0.000019,-1.023844,1.574923,0.045939,-0.022450,,,5.462373,5.646158,,,,,0.009624,-0.048195,0.128527,-0.048921,-1.026655,1.438238,,,,,,
823852,,,,,,,,,0.082402,-0.652434,,,6.948026,4.424442,0.069896,0.061606,,,,,,,,,,,,
823855,,,,,,,,,,,,,,,,,,,,-0.048789,-1.025996,1.434558,,,,,,
823862,,,,,,,,,0.082402,-0.652434,,,6.935155,4.267268,0.069730,0.063454,,,,,,,,,,,,
823869,,,,,,,,,,,,,,,,,,,,-0.048686,-1.025103,1.427190,,,,,,
823872,,,,,,,,,0.027467,0.652434,,,5.835238,4.135022,0.080654,0.065079,,,,,,,,,,,,
823877,,,,,,,,,,,,,,,,,,,,-0.048574,-1.024232,1.423532,,,,,,
823882,,,,,,,,,0.109870,-1.304868,,,6.543398,4.023750,0.073357,0.066516,,,,,,,,,,,,
823894,,,,,,,,,0.082402,0.652434,,,6.050158,4.474669,0.078171,0.062241,,,,-0.048511,-1.023504,1.419964,,,,,,
823897,-0.048513,-1.023488,1.424920,0.000012,-1.021703,1.574042,0.043878,-0.019110,,,5.070112,5.315062,,,,,0.008820,-0.047751,0.149122,-0.048403,-1.022727,1.416272,,,,,,
823902,,,,,,,,,0.082402,-1.957303,,,6.179688,3.764986,0.072732,0.066337,,,,,,,,,,,,
823906,,,,,,,,,,,,,,,,,,,,-0.048320,-1.022005,1.412627,,,,,,
823912,,,,,,,,,0.082402,0.652434,,,6.288675,4.256946,0.071398,0.061629,,,,,,,,,,,,
823921,,,,,,,,,0.054935,-1.304868,,,6.380377,3.581793,0.070219,0.068727,,,,-0.048231,-1.021120,1.408958,,,,,,
823928,,,,,,,,,,,,,,,,,,,,-0.048140,-1.020239,1.401704,,,,,,
823932,,,,,,,,,0.109870,0.000000,,,6.457535,4.102807,0.069170,0.063759,,,,,,,,,,,,
823936,,,,,,,,,,,,,,,,,,,,-0.048043,-1.019486,1.398132,,,,,,
823942,,,,,,,,,0.054935,0.000000,,,5.977912,3.996644,0.073785,0.065085,,,,,,,,,,,,
823947,-0.048049,-1.019594,1.400380,0.000006,-1.019670,1.573296,0.041747,-0.016207,,,4.688276,4.994137,,,,,0.008074,-0.047371,0.172916,,,,,,,,,
823954,,,,,,,,,0.054935,0.000000,,,5.574358,3.907319,0.073824,0.062986,,,,-0.047936,-1.018800,1.390908,,,,,,
823958,,,,,,,,,,,,,,,,,,,,-0.047800,-1.018050,1.390835,,,,,,
823962,,,,,,,,,0.082402,-0.652434,,,5.779350,3.832161,0.071556,0.063970,,,,,,,,,,,,
823966,,,,,,,,,,,,,,,,,,,,-0.047595,-1.017273,1.390811,,,,,,
823972,,,,,,,,,0.082402,-0.652434,,,5.951831,3.768923,0.069579,0.064847,,,,,,,,,,,,
823982,,,,,,,,,0.082402,0.652434,,,5.552413,4.260258,0.073400,0.060081,,,,,,,,,,,,
823992,,,,,,,,,0.054935,0.000000,,,5.216343,4.129124,0.076655,0.061565,,,,,,,,,,,,
823997,-0.047594,-1.017241,1.391614,0.000002,-1.017747,1.572667,0.039565,-0.013685,,,4.518461,4.837722,,,,,0.007985,-0.046924,0.181053,,,,,,,,,
824001,,,,,,,,,0.082402,-0.652434,,,5.478117,4.018787,0.072147,0.061268,,,,-0.047033,-1.015022,1.383662,,,,,,
824014,,,,,,,,,0.054935,0.000000,,,5.698373,3.925950,0.069709,0.062379,,,,-0.046883,-1.013553,1.380108,,,,,,
824022,,,,,,,,,0.054935,0.000000,,,4.794610,3.847837,0.078691,0.063358,,,,,,,,,,,,
824032,,,,,,,,,0.109870,-1.304868,,,5.667814,3.782113,0.069729,0.064226,,,,,,,,,,,,
824038,,,,,,,,,,,,,,,,,,,,-0.046645,-1.012049,1.372909,,,,,,
824042,,,,,,,,,0.054935,0.000000,,,5.313441,3.726812,0.073114,0.065002,,,,,,,,,,,,
824047,-0.046683,-1.012258,1.374478,-0.000001,-1.015936,1.572142,0.037348,-0.011496,,,3.661256,4.009084,,,,,0.005498,-0.046503,0.197663,-0.046497,-1.011263,1.372913,,,,,,
824054,,,,,,,,,0.054935,1.304868,,,4.470728,3.680283,0.072807,0.057246,,,,,,,,,,,,
824060,,,,,,,,,0.082402,-1.957303,,,5.395300,3.641133,0.063215,0.057711,,,,-0.046431,-1.010599,1.369375,,,,,,
824068,,,,,,,,,,,,,,,,,,,,-0.046271,-1.009871,1.365800,,,,,,
824072,,,,,,,,,0.082402,-0.652434,,,5.628691,3.608192,0.060487,0.058121,,,,,,,,,,,,
824076,,,,,,,,,,,,,,,,,,,,-0.046152,-1.009247,1.362202,,,,,,
824082,,,,,,,,,0.054935,0.000000,,,5.280523,3.580475,0.063645,0.058484,,,,,,,,,,,,
824090,,,,,,,,,0.054935,0.000000,,,4.987575,3.557155,0.066309,0.058807,,,,-0.046037,-1.008555,1.358685,,,,,,
824097,-0.046046,-1.008639,1.360010,-0.000003,-1.014236,1.571703,0.035114,-0.009599,,,3.133749,3.497938,,,,,0.004161,-0.046195,0.211693,-0.045920,-1.007855,1.355088,,,,,,
824102,,,,,,,,,0.054935,0.000000,,,4.741088,3.537533,0.063178,0.053884,,,,,,,,,,,,
824106,,,,,,,,,,,,,,,,,,,,-0.045796,-1.007262,1.355088,,,,,,
824113,,,,,,,,,0.054935,0.000000,,,4.533694,3.521023,0.064972,0.054045,,,,,,,,,,,,
824120,,,,,,,,,0.082402,-0.652434,,,4.903736,3.507131,0.060917,0.054182,,,,-0.045646,-1.006637,1.351507,,,,,,
824128,,,,,,,,,,,,,,,,,,,,-0.045495,-1.005984,1.351538,,,,,,
824132,,,,,,,,,0.054935,0.000000,,,4.670546,3.495443,0.062942,0.054299,,,,,,,,,,,,
824135,,,,,,,,,,,,,,,,,,,,-0.045347,-1.005406,1.351538,,,,,,
824142,,,,,,,,,0.027467,0.652434,,,3.929796,3.485608,0.070190,0.054400,,,,,,,,,,,,
824147,-0.045383,-1.005564,1.354987,-0.000004,-1.012648,1.571342,0.032878,-0.007961,,,2.615798,2.972023,,,,,0.002798,-0.045843,0.216355,-0.045263,-1.004919,1.347963,,,,,,
824155,,,,,,,,,0.054935,0.000000,,,3.851074,3.477334,0.065551,0.049122,,,,-0.045121,-1.004416,1.344449,,,,,,
824162,,,,,,,,,0.054935,0.000000,,,3.784836,3.470371,0.065979,0.049092,,,,,,,,,,,,
824171,,,,,,,,,0.054935,0.000000,,,3.729104,3.464513,0.066314,0.049052,,,,-0.044978,-1.003970,1.351504,,,,,,
824179,,,,,,,,,,,,,,,,,,,,-0.044782,-1.003489,1.355083,,,,,,
824182,,,,,,,,,0.027467,0.652434,,,3.137667,3.459584,0.072124,0.049004,,,,,,,,,,,,
824186,,,,,,,,,,,,,,,,,,,,-0.044673,-1.003114,1.355083,,,,,,
824192,,,,,,,,,0.054935,0.000000,,,3.184576,3.455437,0.071541,0.048949,,,,,,,,,,,,
824197,-0.044683,-1.003094,1.355075,-0.000005,-1.011171,1.571044,0.030652,-0.006551,,,2.173774,2.510191,,,,,0.001674,-0.045371,0.215969,,,,,,,,,
824201,,,,,,,,,0.027467,-0.652434,,,3.224045,2.907404,0.066516,0.049732,,,,-0.044562,-1.002616,1.355120,,,,,,
824208,,,,,,,,,,,,,,,,,,,,-0.044432,-1.002141,1.355088,,,,,,
824214,,,,,,,,,0.054935,0.000000,,,3.257254,2.990833,0.065967,0.048801,,,,-0.044350,-1.001838,1.355057,,,,,,
824222,,,,,,,,,0.054935,0.000000,,,3.285197,3.061029,0.065466,0.047989,,,,,,,,,,,,
824232,,,,,,,,,0.027467,-0.652434,,,3.308707,2.575550,0.065004,0.052831,,,,,,,,,,,,
824242,,,,,,,,,0.027467,0.652434,,,2.783946,2.711611,0.070129,0.051430,,,,,,,,,,,,
824246,-0.044189,-1.001040,1.351321,-0.000005,-1.009803,1.570805,0.028448,-0.005345,,,1.874152,2.196717,,,,,0.001067,-0.045032,0.219484,-0.044169,-1.000975,1.347989,,,,,,
824252,,,,,,,,,-0.000000,0.000000,,,2.342412,2.281549,0.071455,0.052579,,,,,,,,,,,,
824260,,,,,,,,,0.027467,0.652434,,,1.970905,1.919695,0.075150,0.056253,,,,-0.044121,-1.000655,1.347989,,,,,,
824268,,,,,,,,,,,,,,,,,,,,-0.044041,-1.000346,1.347989,,,,,,
824274,,,,,,,,,-0.000000,0.000000,,,1.658319,2.159774,0.078319,0.053859,,,,,,,,,,,,
824282,,,,,,,,,-0.000000,0.000000,,,1.395309,1.817234,0.081045,0.057361,,,,-0.043996,-1.000046,1.351534,,,,,,
824289,,,,,,,,,,,,,,,,,,,,-0.043935,-0.999829,1.355088,,,,,,
824292,,,,,,,,,0.027467,0.652434,,,1.174013,2.073563,0.083398,0.054822,,,,,,,,,,,,
824297,-0.043933,-0.999818,1.357509,-0.000005,-1.008542,1.570610,0.026277,-0.004318,,,1.676680,1.967751,,,,,0.000772,-0.044779,0.213101,-0.043896,-0.999718,1.355088,,,,,,
824302,,,,,,,,,0.027467,-0.652434,,,1.532358,1.744696,0.077869,0.055866,,,,,,,,,,,,
824311,,,,,,,,,0.054935,0.000000,,,1.833869,2.012530,0.074822,0.053178,,,,-0.043886,-0.999699,1.358675,,,,,,
824319,,,,,,,,,,,,,,,,,,,,-0.043874,-0.999688,1.362235,,,,,,
824322,,,,,,,,,-0.000000,0.000000,,,1.543017,1.693343,0.077758,0.056425,,,,,,,,,,,,
824327,,,,,,,,,,,,,,,,,,,,-0.043864,-0.999644,1.362272,,,,,,
824334,,,,,,,,,0.027467,-0.652434,,,1.842837,1.424778,0.074726,0.059219,,,,,,,,,,,,
824341,,,,,,,,,-0.000000,0.000000,,,1.550563,1.198808,0.077674,0.061633,,,,-0.043795,-0.999354,1.358633,,,,,,
824347,-0.043806,-0.999393,1.358539,-0.000005,-1.007387,1.570457,0.024149,-0.003451,,,1.738611,2.007280,,,,,0.001413,-0.044502,0.211918,-0.043767,-0.998900,1.355030,,,,,,
824352,,,,,,,,,0.054935,0.000000,,,1.849187,1.553220,0.075285,0.058575,,,,,,,,,,,,
824356,,,,,,,,,,,,,,,,,,,,-0.043723,-0.998516,1.351467,,,,,,
824362,,,,,,,,,-0.000000,0.000000,,,1.555906,1.306879,0.078254,0.061178,,,,,,,,,,,,
824374,,,,,,,,,0.027467,-0.652434,,,1.853682,1.099608,0.075254,0.063433,,,,-0.043657,-0.998244,1.347939,,,,,,
824378,,,,,,,,,,,,,,,,,,,,-0.043641,-0.998067,1.344426,,,,,,
824382,,,,,,,,,0.054935,-1.304868,,,2.648774,0.925210,0.067121,0.065393,,,,,,,,,,,,
824386,,,,,,,,,,,,,,,,,,,,-0.043631,-0.997924,1.340919,,,,,,
824392,,,,,,,,,0.054935,0.000000,,,2.228678,1.323015,0.071224,0.061552,,,,,,,,,,,,
824397,-0.043597,-0.997822,1.342398,-0.000004,-1.006334,1.570336,0.022072,-0.002725,,,1.653225,1.922916,,,,,0.001580,-0.044388,0.227938,,,,,,,,,
824400,,,,,,,,,-0.000000,0.000000,,,2.419753,1.113184,0.068306,0.062968,,,,-0.043538,-0.997539,1.337362,,,,,,
824408,,,,,,,,,,,,,,,,,,,,-0.043510,-0.997098,1.330318,,,,,,
824412,,,,,,,,,0.027467,-0.652434,,,2.580523,0.936633,0.066513,0.064931,,,,,,,,,,,,
824422,,,,,,,,,0.054935,-1.304868,,,3.260338,0.788083,0.059393,0.066644,,,,-0.043530,-0.996731,1.326803,,,,,,
824434,,,,,,,,,0.027467,0.652434,,,2.743248,1.207636,0.064346,0.062591,,,,,,,,,,,,
824442,,,,,,,,,0.027467,-0.652434,,,2.852712,1.016105,0.063011,0.064688,,,,,,,,,,,,
824447,-0.043508,-0.996710,1.325374,-0.000004,-1.005380,1.570242,0.020054,-0.002122,,,1.689645,1.957436,,,,,0.002160,-0.044307,0.244868,,,,,,,,,
824451,,,,,,,,,0.027467,0.652434,,,2.400271,1.399494,0.067758,0.061311,,,,-0.043300,-0.995710,1.316313,,,,,,
824459,,,,,,,,,,,,,,,,,,,,-0.043213,-0.995262,1.312817,,,,,,
824462,,,,,,,,,0.027467,0.652434,,,2.019588,1.722077,0.071499,0.058132,,,,,,,,,,,,
824466,,,,,,,,,,,,,,,,,,,,-0.043114,-0.994822,1.312767,,,,,,
824472,,,,,,,,,0.027467,-0.652434,,,2.243824,1.448956,0.069146,0.060965,,,,,,,,,,,,
824482,,,,,,,,,0.082402,-0.652434,,,2.977040,1.763694,0.061556,0.057856,,,,,,,,,,,,
824488,,,,,,,,,,,,,,,,,,,,-0.042930,-0.994097,1.316283,,,,,,
824494,,,,,,,,,0.027467,0.652434,,,2.504881,2.028515,0.066114,0.055194,,,,,,,,,,,,
824497,-0.042952,-0.994204,1.319784,-0.000003,-1.004523,1.570172,0.018102,-0.001627,,,1.160539,1.409980,,,,,0.000673,-0.044166,0.250388,-0.042862,-0.993852,1.319760,,,,,,
824502,,,,,,,,,0.027467,0.652434,,,2.107606,2.251336,0.064607,0.047323,,,,,,,,,,,,
824510,,,,,,,,,-0.000000,0.000000,,,1.773340,1.894274,0.067827,0.050796,,,,-0.042802,-0.993649,1.319809,,,,,,
824518,,,,,,,,,,,,,,,,,,,,-0.042650,-0.993246,1.319784,,,,,,
824522,,,,,,,,,0.027467,0.652434,,,1.492088,2.138385,0.070573,0.048210,,,,,,,,,,,,
824525,,,,,,,,,,,,,,,,,,,,-0.042548,-0.992855,1.323293,,,,,,
824532,,,,,,,,,0.054935,0.000000,,,1.799986,2.343780,0.067366,0.045969,,,,,,,,,,,,
824539,,,,,,,,,,,,,,,,,,,,-0.042451,-0.992464,1.326778,,,,,,
824542,,,,,,,,,-0.000000,0.000000,,,1.514508,1.972056,0.070150,0.049574,,,,,,,,,,,,
824547,-0.042493,-0.992610,1.326191,-0.000003,-1.003757,1.570118,0.016222,-0.001227,,,0.726874,0.945331,,,,,-0.000525,-0.043925,0.243927,-0.042318,-0.992159,1.330293,,,,,,
824554,,,,,,,,,0.054935,-1.304868,,,1.818850,1.659288,0.062552,0.047912,,,,,,,,,,,,
824561,,,,,,,,,-0.000000,0.000000,,,2.074923,1.396124,0.059721,0.050454,,,,-0.042209,-0.991896,1.333815,,,,,,
824569,,,,,,,,,,,,,,,,,,,,-0.042127,-0.991683,1.333813,,,,,,
824572,,,,,,,,,0.027467,0.652434,,,1.745840,1.719242,0.062808,0.047068,,,,,,,,,,,,
824577,,,,,,,,,,,,,,,,,,,,-0.042088,-0.991609,1.333864,,,,,,
824582,,,,,,,,,0.054935,0.000000,,,2.013493,1.991113,0.059875,0.044140,,,,,,,,,,,,
824591,,,,,,,,,0.027467,-0.652434,,,2.238696,1.675323,0.057320,0.047152,,,,-0.041971,-0.991167,1.330265,,,,,,
824597,-0.041986,-0.991176,1.327185,-0.000002,-1.003079,1.570079,0.014421,-0.000907,,,0.377080,0.571479,,,,,-0.001424,-0.043615,0.242894,-0.041924,-0.990912,1.326776,,,,,,
824602,,,,,,,,,0.027467,0.652434,,,1.883638,1.954159,0.057071,0.040348,,,,,,,,,,,,
824606,,,,,,,,,,,,,,,,,,,,-0.041862,-0.990603,1.323251,,,,,,
824613,,,,,,,,,-0.000000,0.000000,,,1.584893,1.644229,0.059817,0.043233,,,,,,,,,,,,
824621,,,,,,,,,-0.000000,0.000000,,,1.333529,1.383454,0.062140,0.045678,,,,-0.041889,-0.990525,1.323289,,,,,,
824628,,,,,,,,,,,,,,,,,,,,-0.041827,-0.990380,1.326799,,,,,,
824632,,,,,,,,,-0.000000,0.000000,,,1.122031,1.164038,0.064106,0.047754,,,,,,,,,,,,
824636,,,,,,,,,,,,,,,,,,,,-0.041776,-0.990305,1.326830,,,,,,
824642,,,,,,,,,-0.000000,0.000000,,,0.944077,0.979422,0.065772,0.049519,,,,,,,,,,,,
824647,-0.041794,-0.990379,1.326859,-0.000002,-1.002485,1.570052,0.012704,-0.000655,,,0.219200,0.391498,,,,,-0.001654,-0.043478,0.243193,,,,,,,,,
824654,,,,,,,,,-0.000000,0.000000,,,0.794346,0.824085,0.065575,0.049186,,,,-0.041699,-0.990171,1.326778,,,,,,
824658,,,,,,,,,,,,,,,,,,,,-0.041680,-0.990085,1.330293,,,,,,
824662,,,,,,,,,-0.000000,0.000000,,,0.668363,0.693385,0.066745,0.050432,,,,,,,,,,,,
824665,,,,,,,,,,,,,,,,,,,,-0.041678,-0.990089,1.330291,,,,,,
824672,,,,,,,,,-0.000000,0.000000,,,0.562360,0.583414,0.067737,0.051494,,,,,,,,,,,,
824682,,,,,,,,,-0.000000,0.000000,,,0.473170,0.490885,0.068578,0.052399,,,,,,,,,,,,
824692,,,,,,,,,-0.000000,0.000000,,,0.398125,0.413030,0.069292,0.053173,,,,,,,,,,,,
824695,-0.041703,-0.990179,1.330003,-0.000002,-1.001970,1.570032,0.011075,-0.000462,,,,,,,,,,,,-0.041694,-0.990161,1.330291,,,,,,
824698,,,,,,,,,,,0.174398,0.323088,,,,,-0.001506,-0.043309,0.240029,,,,,,,,,
824702,,,,,,,,,-0.000000,0.000000,,,0.334982,0.347524,0.069444,0.053139,,,,,,,,,,,,
824714,,,,,,,,,0.027467,0.652434,,,0.281854,0.836950,0.069954,0.048142,,,,-0.041697,-0.990196,1.330315,,,,,,
824717,,,,,,,,,,,,,,,,,,,,-0.041691,-0.990195,1.330291,,,,,,
824722,,,,,,,,,-0.000000,0.000000,,,0.237152,0.704209,0.070388,0.049394,,,,,,,,,,,,
824731,,,,,,,,,-0.000000,0.000000,,,0.199540,0.592522,0.070759,0.050457,,,,-0.041684,-0.990190,1.330291,,,,,,
824739,,,,,,,,,,,,,,,,,,,,-0.041685,-0.990191,1.333834,,,,,,
824742,,,,,,,,,0.027467,0.652434,,,0.167893,1.043091,0.071077,0.045807,,,,,,,,,,,,
824747,-0.041661,-0.990078,1.336250,-0.000001,-1.001529,1.570019,0.009540,-0.000316,,,0.108074,0.232959,,,,,-0.001456,-0.043181,0.233768,-0.041664,-0.990137,1.333811,,,,,,
824754,,,,,,,,,-0.000000,0.000000,,,0.141265,0.877656,0.070673,0.046431,,,,,,,,,,,,
824761,,,,,,,,,-0.000000,0.000000,,,0.118860,0.738460,0.070895,0.047722,,,,-0.041637,-0.990080,1.333811,,,,,,
824769,,,,,,,,,,,,,,,,,,,,-0.041629,-0.990008,1.333813,,,,,,
824772,,,,,,,,,-0.000000,0.000000,,,0.100009,0.621340,0.071085,0.048815,,,,,,,,,,,,
824776,,,,,,,,,,,,,,,,,,,,-0.041582,-0.989919,1.337338,,,,,,
824782,,,,,,,,,-0.000000,0.000000,,,0.084148,0.522795,0.071249,0.049743,,,,,,,,,,,,
824791,,,,,,,,,-0.000000,0.000000,,,0.070802,0.439880,0.071390,0.050531,,,,-0.041564,-0.989860,1.337338,,,,,,
824797,-0.041572,-0.989878,1.337246,-0.000001,-1.001158,1.570011,0.008103,-0.000208,,,0.059381,0.165306,,,,,-0.001353,-0.043053,0.232765,-0.041567,-0.989835,1.337338,,,,,,
824802,,,,,,,,,-0.000000,0.000000,,,0.059573,0.370115,0.071015,0.050511,,,,,,,,,,,,
824806,,,,,,,,,,,,,,,,,,,,-0.041560,-0.989843,1.337338,,,,,,
824814,,,,,,,,,-0.000000,0.000000,,,0.050124,0.311415,0.071111,0.051069,,,,,,,,,,,,
824821,,,,,,,,,-0.000000,0.000000,,,0.042175,0.262024,0.071194,0.051543,,,,-0.041590,-0.989880,1.337338,,,,,,
824828,,,,,,,,,,,,,,,,,,,,-0.041583,-0.989903,1.337335,,,,,,
824832,,,,,,,,,-0.000000,0.000000,,,0.035486,0.220467,0.071266,0.051948,,,,,,,,,,,,
824836,,,,,,,,,,,,,,,,,,,,-0.041577,-0.989915,1.337335,,,,,,
824842,,,,,,,,,-0.000000,0.000000,,,0.029858,0.185501,0.071328,0.052293,,,,,,,,,,,,
824847,-0.041577,-0.989912,1.337328,-0.000001,-1.000851,1.570007,0.006768,-0.000132,,,0.079375,0.168048,,,,,-0.001024,-0.042978,0.232678,,,,,,,,,
824850,,,,,,,,,-0.000000,0.000000,,,0.025122,0.156081,0.071586,0.052617,,,,-0.041573,-0.989910,1.337335,,,,,,
824858,,,,,,,,,,,,,,,,,,,,-0.041569,-0.989893,1.337338,,,,,,
824862,,,,,,,,,-0.000000,0.000000,,,0.021138,0.131326,0.071638,0.052872,,,,,,,,,,,,
824866,,,,,,,,,,,,,,,,,,,,-0.041569,-0.989903,1.337335,,,,,,
824873,,,,,,,,,-0.000000,0.000000,,,0.017785,0.110498,0.071684,0.053092,,,,,,,,,,,,
824882,,,,,,,,,-0.000000,0.000000,,,0.014965,0.092973,0.071725,0.053282,,,,,,,,,,,,
824892,,,,,,,,,-0.000000,0.000000,,,0.012591,0.078227,0.071762,0.053448,,,,,,,,,,,,
824895,-0.041576,-0.989897,1.337335,-0.000000,-1.000602,1.570004,0.005540,-0.000079,,,,,,,,,,,,-0.041576,-0.989895,1.337335,,,,,,
824898,,,,,,,,,,,0.076491,0.149233,,,,,-0.000797,-0.042925,0.232669,,,,,,,,,
824902,,,,,,,,,-0.000000,0.000000,,,0.010594,0.065820,0.071766,0.053400,,,,,,,,,,,,
824909,,,,,,,,,,,,,,,,,,,,-0.041569,-0.989896,1.337338,,,,,,
824912,,,,,,,,,-0.000000,0.000000,,,0.008914,0.055381,0.071796,0.053523,,,,,,,,,,,,
824917,,,,,,,,,,,,,,,,,,,,-0.041574,-0.989894,1.337338,,,,,,
824922,,,,,,,,,-0.000000,0.000000,,,0.007500,0.046598,0.071824,0.053632,,,,,,,,,,,,
824933,,,,,,,,,-0.000000,0.000000,,,0.006311,0.039207,0.071850,0.053728,,,,-0.041577,-0.989897,1.337335,,,,,,
824939,,,,,,,,,,,,,,,,,,,,-0.041579,-0.989893,1.337335,,,,,,
824942,,,,,,,,,-0.000000,0.000000,,,0.005310,0.032989,0.071874,0.053813,,,,,,,,,,,,
824947,-0.041578,-0.989893,1.337335,-0.000000,-1.000407,1.570002,0.004424,-0.000045,,,0.068432,0.126621,,,,,-0.000610,-0.042883,0.232666,-0.041564,-0.989901,1.337335,,,,,,
824952,,,,,,,,,-0.000000,0.000000,,,0.004468,0.027757,0.071815,0.053659,,,,,,,,,,,,
824961,,,,,,,,,-0.000000,0.000000,,,0.003759,0.023355,0.071835,0.053724,,,,-0.041577,-0.989886,1.337338,,,,,,
824969,,,,,,,,,,,,,,,,,,,,-0.041574,-0.989889,1.337338,,,,,,
824974,,,,,,,,,-0.000000,0.000000,,,0.003163,0.019651,0.071854,0.053782,,,,-0.041586,-0.989881,1.337338,,,,,,
824982,,,,,,,,,-0.000000,0.000000,,,0.002661,0.016534,0.071872,0.053835,,,,,,,,,,,,
824990,,,,,,,,,-0.000000,0.000000,,,0.002239,0.013912,0.071890,0.053884,,,,-0.041584,-0.989890,1.337335,,,,,,
824997,-0.041583,-0.989890,1.337335,-0.000000,-1.000258,1.570001,0.003422,-0.000023,,,0.054355,0.099430,,,,,-0.000467,-0.042854,0.232666,-0.041624,-0.989889,1.337362,,,,,,
825002,,,,,,,,,-0.000000,0.000000,,,0.001884,0.011705,0.071763,0.053652,,,,,,,,,,,,
825006,,,,,,,,,,,,,,,,,,,,-0.041619,-0.989895,1.337362,,,,,,
825012,,,,,,,,,-0.000000,0.000000,,,0.001585,0.009849,0.071777,0.053688,,,,,,,,,,,,
825020,,,,,,,,,-0.000000,0.000000,,,0.001334,0.008287,0.071790,0.053722,,,,-0.041622,-0.989891,1.337362,,,,,,
825028,,,,,,,,,,,,,,,,,,,,-0.041595,-0.989884,1.337338,,,,,,
825034,,,,,,,,,-0.000000,0.000000,,,0.001122,0.006973,0.071802,0.053754,,,,-0.041584,-0.989882,1.337338,,,,,,
825042,,,,,,,,,-0.000000,0.000000,,,0.000944,0.005867,0.071815,0.053784,,,,,,,,,,,,
825047,-0.041584,-0.989882,1.337337,-0.000000,-1.000150,1.570001,0.002540,-0.000011,,,0.033960,0.067451,,,,,-0.000369,-0.042831,0.232663,,,,,,,,,
825050,,,,,,,,,-0.000000,0.000000,,,0.000795,0.004936,0.071619,0.053486,,,,-0.041563,-0.989895,1.337335,,,,,,
825058,,,,,,,,,,,,,,,,,,,,-0.041577,-0.989887,1.337335,,,,,,
825062,,,,,,,,,-0.000000,0.000000,,,0.000669,0.004153,0.071627,0.053506,,,,,,,,,,,,
825065,,,,,,,,,,,,,,,,,,,,-0.041593,-0.989878,1.337335,,,,,,
825072,,,,,,,,,-0.000000,0.000000,,,0.000562,0.003495,0.071635,0.053525,,,,,,,,,,,,
825082,,,,,,,,,-0.000000,0.000000,,,0.000473,0.002940,0.071642,0.053544,,,,,,,,,,,,
825094,,,,,,,,,-0.000000,0.000000,,,0.000398,0.002474,0.071650,0.053562,,,,,,,,,,,,
825097,-0.041592,-0.989878,1.337336,-0.000000,-1.000078,1.570001,0.001782,-0.000005,,,0.011960,0.035471,,,,,-0.000301,-0.042823,0.232665,,,,,,,,,
825101,,,,,,,,,-0.000000,0.000000,,,0.000335,0.002082,0.071433,0.053252,,,,-0.041569,-0.989892,1.337335,,,,,,
825109,,,,,,,,,,,,,,,,,,,,-0.041595,-0.989899,1.337359,,,,,,
825112,,,,,,,,,-0.000000,0.000000,,,0.000282,0.001752,0.071436,0.053262,,,,,,,,,,,,
825117,,,,,,,,,,,,,,,,,,,,-0.041615,-0.989894,1.337362,,,,,,
825122,,,,,,,,,-0.000000,0.000000,,,0.000237,0.001474,0.071438,0.053272,,,,,,,,,,,,
825131,,,,,,,,,-0.000000,0.000000,,,0.000200,0.001240,0.071441,0.053281,,,,-0.041620,-0.989893,1.337362,,,,,,
825139,,,,,,,,,,,,,,,,,,,,-0.041624,-0.989890,1.337359,,,,,,
825142,,,,,,,,,-0.000000,0.000000,,,0.000168,0.001043,0.071444,0.053290,,,,,,,,,,,,
825147,-0.041621,-0.989889,1.337357,-0.000000,-1.000033,1.570001,0.001152,-0.000002,,,-0.005265,0.009938,,,,,-0.000241,-0.042839,0.232644,-0.041599,-0.989873,1.337338,,,,,,
825154,,,,,,,,,-0.000000,0.000000,,,0.000141,0.000878,0.071271,0.053038,,,,,,,,,,,,
825161,,,,,,,,,-0.000000,0.000000,,,0.000119,0.000739,0.071270,0.053041,,,,-0.041613,-0.989878,1.337362,,,,,,
825169,,,,,,,,,,,,,,,,,,,,-0.041622,-0.989885,1.337362,,,,,,
825172,,,,,,,,,-0.000000,0.000000,,,0.000100,0.000621,0.071269,0.053044,,,,,,,,,,,,
825176,,,,,,,,,,,,,,,,,,,,-0.041579,-0.989881,1.337338,,,,,,
825182,,,,,,,,,-0.000000,0.000000,,,0.000084,0.000523,0.071268,0.053047,,,,,,,,,,,,
825190,,,,,,,,,-0.000000,0.000000,,,0.000071,0.000440,0.071267,0.053050,,,,-0.041562,-0.989884,1.337335,,,,,,
825197,-0.041567,-0.989884,1.337337,-0.000000,-1.000010,1.570001,0.000655,-0.000000,,,-0.030451,-0.021799,,,,,-0.000235,-0.042782,0.232664,-0.041567,-0.989890,1.337335,,,,,,
825202,,,,,,,,,-0.000000,0.000000,,,0.000060,0.000370,0.071009,0.052729,,,,,,,,,,,,
825206,,,,,,,,,,,,,,,,,,,,-0.041601,-0.989894,1.337362,,,,,,
825214,,,,,,,,,-0.000000,0.000000,,,0.000050,0.000311,0.071003,0.052725,,,,,,,,,,,,
825220,,,,,,,,,-0.000000,0.000000,,,0.000042,0.000262,0.070997,0.052721,,,,-0.041612,-0.989889,1.337362,,,,,,
825228,,,,,,,,,,,,,,,,,,,,-0.041628,-0.989882,1.337362,,,,,,
825232,,,,,,,,,-0.000000,0.000000,,,0.000035,0.000221,0.070991,0.052717,,,,,,,,,,,,
825235,,,,,,,,,,,,,,,,,,,,-0.041619,-0.989884,1.337362,,,,,,
825242,,,,,,,,,-0.000000,0.000000,,,0.000030,0.000186,0.070985,0.052713,,,,,,,,,,,,
825247,-0.041615,-0.989884,1.337360,-0.000000,-1.000001,1.570001,0.000294,-0.000000,,,-0.044849,-0.040966,,,,,-0.000216,-0.042827,0.232641,,,,,,,,,
825254,,,,,,,,,-0.000000,0.000000,,,0.000025,0.000156,0.070832,0.052514,,,,-0.041577,-0.989880,1.337338,,,,,,
825257,,,,,,,,,,,,,,,,,,,,-0.041566,-0.989882,1.337338,,,,,,
825262,,,,,,,,,-0.000000,0.000000,,,0.000021,0.000131,0.070823,0.052506,,,,,,,,,,,,
825271,,,,,,,,,-0.000000,0.000000,,,0.000018,0.000111,0.070814,0.052498,,,,-0.041598,-0.989883,1.337338,,,,,,
825282,,,,,,,,,-0.000000,0.000000,,,0.000015,0.000093,0.070806,0.052490,,,,,,,,,,,,
825292,,,,,,,,,-0.000000,0.000000,,,0.000013,0.000078,0.070797,0.052481,,,,,,,,,,,,
825297,-0.041600,-0.989883,1.337340,0.000000,-1.000000,1.570001,0.000074,-0.000000,,,-0.057590,-0.056613,,,,,-0.000219,-0.042812,0.232661,,,,,,,,,
825301,,,,,,,,,-0.000000,0.000000,,,0.000011,0.000066,0.070658,0.052314,,,,-0.041583,-0.989876,1.337338,,,,,,
825309,,,,,,,,,,,,,,,,,,,,-0.041597,-0.989896,1.337338,,,,,,
825314,,,,,,,,,-0.000000,0.000000,,,0.000009,0.000055,0.070646,0.052303,,,,-0.041579,-0.989875,1.337338,,,,,,
825322,,,,,,,,,-0.000000,0.000000,,,0.000008,0.000047,0.070635,0.052291,,,,,,,,,,,,
825332,,,,,,,,,-0.000000,0.000000,,,0.000006,0.000039,0.070623,0.052280,,,,,,,,,,,,
825338,,,,,,,,,,,,,,,,,,,,-0.041602,-0.989881,1.337362,,,,,,
825342,,,,,,,,,-0.000000,0.000000,,,0.000005,0.000033,0.070612,0.052269,,,,,,,,,,,,
825347,-0.041602,-0.989881,1.337360,0.000000,-1.000000,1.570001,0.000074,-0.000000,,,-0.058229,-0.057251,,,,,-0.000221,-0.042814,0.232640,-0.041631,-0.989880,1.337362,,,,,,
