ts,x,y,yaw,x_des,y_des,yaw_des,v_ff,w_ff,v_actual,w_actual,omega_l_cmd,omega_r_cmd,omega_l_meas,omega_r_meas,duty_l,duty_r,x_err,y_err,yaw_err,x_raw,y_raw,yaw_raw,acc_x,acc_y,acc_z,gyro_x,gyro_y,gyro_z
33160,,,,,,,,,-0.000000,0.000000,,,0.000000,0.000000,0.000000,0.000000,,,,,,,,,,,,
33164,,,,,,,,,,,,,,,,,,,,-0.490882,-1.506548,1.582444,,,,,,
33170,,,,,,,,,-0.000000,0.000000,,,0.000000,0.000000,0.000000,0.000000,,,,-0.490862,-1.506547,1.582471,,,,,,
33180,,,,,,,,,-0.000000,0.000000,,,0.000000,0.000000,0.000000,0.000000,,,,-0.490855,-1.506576,1.582471,,,,,,
33190,,,,,,,,,-0.000000,0.000000,,,0.000000,0.000000,0.000000,0.000000,,,,-0.490861,-1.506578,1.582471,,,,,,
33200,,,,,,,,,-0.000000,0.000000,,,0.000000,0.000000,0.000000,0.000000,,,,-0.490868,-1.506563,1.582444,,,,,,
33210,-0.490868,-1.506563,1.582444,-0.500000,-0.999826,1.568053,0.001319,-0.014679,,,142.661545,142.583237,0.000000,0.000000,0.000000,0.000000,0.506809,0.003229,-0.014391,,,,,,,,,
33213,,,,,,,,,-0.000000,0.000000,,,,,,,,,,-0.490872,-1.506564,1.582471,,,,,,
33220,,,,,,,,,-0.000000,0.000000,,,0.000000,0.000000,1.000000,1.000000,,,,-0.490855,-1.506579,1.582471,,,,,,
33230,,,,,,,,,0.357077,-0.652434,,,3.811802,3.267259,1.000000,1.000000,,,,-0.490872,-1.506556,1.582444,,,,,,
33240,,,,,,,,,1.263504,-2.609736,,,16.820829,14.184481,1.000000,1.000000,,,,-0.490900,-1.506657,1.582500,,,,,,
33250,,,,,,,,,2.032593,-1.304868,,,33.756599,29.904747,1.000000,1.000000,,,,-0.490948,-1.506079,1.586358,,,,,,
33261,-0.490812,-1.497651,1.580591,-0.499998,-0.999421,1.563543,0.005171,-0.057743,2.609411,3.262171,140.623367,140.314651,59.441765,54.022640,0.931304,0.984774,0.498296,0.004306,-0.017047,,,,,,,,,
33264,,,,,,,,,,,,,,,,,,,,-0.490872,-1.504978,1.586391,,,,,,
33270,,,,,,,,,1.510711,-4.567039,,,61.449699,58.523682,0.927059,0.956122,,,,-0.491097,-1.503793,1.586391,,,,,,
33280,,,,,,,,,3.268630,-0.652430,,,83.287277,79.736237,0.720151,0.756112,,,,-0.490972,-1.501993,1.582504,,,,,,
33290,,,,,,,,,2.911553,-2.609739,,,98.938698,96.495392,0.571973,0.597284,,,,-0.491211,-1.499968,1.578605,,,,,,
33300,,,,,,,,,2.801683,0.000000,,,112.107796,108.962914,0.445985,0.478879,,,,-0.491210,-1.497442,1.578575,,,,,,
33311,-0.491291,-1.485705,1.578748,-0.499989,-0.998648,1.554995,0.011408,-0.126729,2.362203,2.609739,138.053864,137.371567,117.742844,121.086716,0.368002,0.331467,0.487111,0.004825,-0.023753,,,,,,,,,
33314,,,,,,,,,,,,,,,,,,,,-0.491276,-1.494424,1.570781,,,,,,
33320,,,,,,,,,1.730451,0.652434,,,114.860565,114.406837,0.401464,0.402859,,,,-0.491309,-1.491070,1.563044,,,,,,
33330,,,,,,,,,1.236036,0.652434,,,109.712700,108.786392,0.458610,0.464780,,,,-0.491348,-1.487084,1.555261,,,,,,
33340,,,,,,,,,1.483244,-2.609737,,,107.559464,105.146439,0.486242,0.507625,,,,-0.491378,-1.482756,1.543673,,,,,,
33350,,,,,,,,,1.483244,1.304866,,,104.658646,103.172867,0.521929,0.534200,,,,-0.491551,-1.477791,1.539856,,,,,,
33360,-0.491731,-1.472235,1.548598,-0.499961,-0.997397,1.541354,0.019894,-0.218704,,,,,101.128807,99.878677,0.564612,0.574641,,,,,,,,,,,,
33363,,,,,,,,,1.675516,0.652435,135.281296,134.133041,,,,,0.474538,0.018768,-0.007244,-0.491516,-1.472292,1.524397,,,,,,
33370,,,,,,,,,1.043764,0.000000,,,98.703346,98.740570,0.568457,0.560715,,,,-0.491437,-1.466957,1.512948,,,,,,
33380,,,,,,,,,1.483244,1.304866,,,97.751648,99.416595,0.585480,0.560898,,,,-0.491288,-1.461041,1.501582,,,,,,
33390,,,,,,,,,1.345907,-0.652434,,,95.317261,95.629059,0.617816,0.606474,,,,-0.491030,-1.454276,1.486475,,,,,,
33400,,,,,,,,,1.620581,0.652433,,,95.991684,96.254028,0.618930,0.607801,,,,-0.490794,-1.447609,1.475278,,,,,,
33411,-0.490776,-1.442876,1.484168,-0.499888,-0.995563,1.521795,0.030517,-0.329692,1.675516,-0.652435,127.827560,126.211082,,,,,0.444848,0.047779,0.037627,,,,,,,,,
33414,,,,,,,,,,,,,102.549118,102.769852,0.483874,0.468111,,,,-0.490361,-1.440387,1.460393,,,,,,
33420,,,,,,,,,1.730451,0.652434,,,97.720222,98.995033,0.538185,0.511302,,,,-0.489970,-1.432803,1.445629,,,,,,
33430,,,,,,,,,1.373374,1.304869,,,95.290817,97.452530,0.568986,0.532479,,,,-0.489454,-1.424577,1.427173,,,,,,
33440,,,,,,,,,1.510711,0.652434,,,95.969437,97.243752,0.568571,0.540360,,,,-0.488660,-1.416009,1.408975,,,,,,
33450,,,,,,,,,1.648049,0.000000,,,95.451340,97.068092,0.580228,0.547946,,,,-0.487835,-1.407089,1.387333,,,,,,
33461,-0.487432,-1.403207,1.395464,-0.499732,-0.993049,1.495789,0.043196,-0.454457,1.400841,-0.652435,116.673271,114.669006,,,0.466267,0.393118,0.401724,0.083657,0.100325,,,,,,,,,
33464,,,,,,,,,,,,,96.104500,101.276634,,,,,,-0.486754,-1.397671,1.362350,,,,,,
33470,,,,,,,,,1.620581,-0.652433,,,96.109520,95.015923,0.470329,0.459656,,,,-0.485396,-1.387680,1.334004,,,,,,
33480,,,,,,,,,1.483244,0.000000,,,96.658287,94.649048,0.468845,0.467328,,,,-0.484128,-1.377287,1.312910,,,,,,
33490,,,,,,,,,1.153634,-1.304868,,,92.763680,91.073105,0.512573,0.507807,,,,-0.482387,-1.366399,1.284956,,,,,,
33500,,,,,,,,,1.373374,1.304869,,,91.664925,90.787025,0.528562,0.515444,,,,-0.480308,-1.355540,1.254042,,,,,,
33511,-0.479995,-1.353850,1.271389,-0.499430,-0.989759,1.463179,0.057897,-0.586326,1.565646,-5.871907,100.863953,98.705605,95.096779,94.358116,0.337304,0.320969,0.342160,0.125960,0.191790,,,,,,,,,
33514,,,,,,,,,,,,,,,,,,,,-0.477796,-1.344293,1.220078,,,,,,
33520,,,,,,,,,1.290972,3.262171,,,90.360741,88.650139,0.386765,0.380060,,,,-0.475055,-1.332966,1.189839,,,,,,
33530,,,,,,,,,1.181102,-0.652433,,,89.098549,86.025620,0.401740,0.408841,,,,-0.471549,-1.321459,1.156695,,,,,,
33540,,,,,,,,,1.290972,-1.957303,,,88.581085,84.361893,0.409371,0.428347,,,,-0.467708,-1.310095,1.123867,,,,,,
33550,,,,,,,,,1.208569,-1.304866,,,86.512062,82.417496,0.432931,0.451048,,,,-0.463527,-1.298518,1.097725,,,,,,
33560,-0.463217,-1.298381,1.106835,-0.498898,-0.985597,1.424243,0.074650,-0.717173,,,,,85.860275,81.326019,0.442450,0.465439,,,,,,,,,,,,
33563,,,,,,,,,1.428309,-6.524341,79.561508,77.663811,,,,,0.263751,0.171878,0.317408,-0.458597,-1.286643,1.068684,,,,,,
33570,,,,,,,,,1.181102,4.567039,,,86.400948,81.496742,0.222651,0.252547,,,,-0.453420,-1.275336,1.043111,,,,,,
33580,,,,,,,,,1.236037,-1.957302,,,85.766785,80.551300,0.227752,0.261424,,,,,,,,,,,,
33583,,,,,,,,,,,,,,,,,,,,-0.447751,-1.263891,1.020879,,,,,,
33590,,,,,,,,,1.208569,-1.304866,,,84.144112,78.666718,0.243062,0.280069,,,,-0.441470,-1.252158,0.998570,,,,,,
33600,,,,,,,,,1.098699,-1.304869,,,82.778793,76.536484,0.256072,0.301597,,,,,,,,,,,,
33607,,,,,,,,,,,,,,,,,,,,-0.434564,-1.240356,0.979674,,,,,,
33610,-0.434753,-1.241182,0.984879,-0.498022,-0.980471,1.379739,0.093566,-0.837728,,,57.430088,55.876144,81.085472,75.288651,0.272700,0.314551,0.182241,0.196880,0.394860,,,,,,,,,
33613,,,,,,,,,1.455776,-1.957302,,,,,,,,,,-0.427465,-1.228979,0.964060,,,,,,
33620,,,,,,,,,0.769089,0.000000,,,79.660713,74.238724,0.061187,0.103501,,,,-0.419719,-1.217602,0.952092,,,,,,
33630,,,,,,,,,1.043764,0.000000,,,77.372833,72.266228,0.080078,0.119948,,,,-0.412074,-1.206812,0.940208,,,,,,
33640,,,,,,,,,0.851492,-1.957303,,,74.358727,68.972939,0.106833,0.150261,,,,-0.404352,-1.196274,0.932268,,,,,,
33650,,,,,,,,,0.714154,-1.304868,,,69.644485,64.568336,0.151532,0.192569,,,,-0.397521,-1.187574,0.932371,,,,,,
33661,-0.398911,-1.189630,0.931304,-0.496666,-0.974290,1.330889,0.114847,-0.938338,0.824024,3.914605,39.484261,38.118240,68.400642,64.129570,-0.021271,0.014175,0.114449,0.206951,0.399585,,,,,,,,,
33664,,,,,,,,,,,,,,,,,,,,-0.391458,-1.179171,0.931115,,,,,,
33670,,,,,,,,,0.769089,-3.914606,,,63.542267,59.948586,0.022501,0.051619,,,,-0.385473,-1.170400,0.921486,,,,,,
33680,,,,,,,,,0.686687,0.652435,,,60.543518,57.519794,0.048277,0.072027,,,,-0.379756,-1.162914,0.924507,,,,,,
33690,,,,,,,,,0.631752,-0.652435,,,56.931282,53.842579,0.080910,0.105654,,,,-0.374050,-1.155555,0.921654,,,,,,
33700,,,,,,,,,0.549350,0.000000,,,53.347404,51.293114,0.113976,0.128513,,,,-0.368805,-1.148788,0.921804,,,,,,
33711,-0.369954,-1.150367,0.922602,-0.494667,-0.966959,1.279307,0.138784,-1.010204,0.686687,3.262170,28.739874,27.404942,53.054646,51.326168,0.004597,0.016266,0.070913,0.210150,0.356706,,,,,,,,,
33714,,,,,,,,,,,,,,,,,,,,-0.363794,-1.142221,0.919373,,,,,,
33720,,,,,,,,,0.521882,-1.957302,,,48.451973,47.542175,0.046681,0.050078,,,,-0.359473,-1.136549,0.915697,,,,,,
33730,,,,,,,,,0.521882,-0.652434,,,46.212914,44.902870,0.065577,0.072972,,,,-0.355196,-1.130932,0.909422,,,,,,
33740,,,,,,,,,0.494415,-1.304868,,,43.784428,42.137615,0.086853,0.097678,,,,-0.351359,-1.125859,0.903273,,,,,,
33750,,,,,,,,,0.466947,-0.652434,,,42.285645,39.810928,0.099132,0.118463,,,,,,,,,,,,
33761,-0.351713,-1.126372,0.902158,-0.491839,-0.958383,1.226842,0.165740,-1.046853,0.521882,-1.957302,22.984138,21.934374,41.569111,39.486885,0.045023,0.063488,0.044948,0.214092,0.324684,,,,,,,,,
33764,,,,,,,,,,,,,,,,,,,,-0.344604,-1.117110,0.897484,,,,,,
33770,,,,,,,,,0.439480,1.304869,,,38.788048,35.946976,0.069673,0.096084,,,,-0.341725,-1.113441,0.890806,,,,,,
33780,,,,,,,,,0.412012,-0.652434,,,36.992603,34.602127,0.084825,0.106999,,,,-0.338969,-1.110034,0.887407,,,,,,
33790,,,,,,,,,0.357077,-0.652434,,,34.937374,32.381485,0.102987,0.127116,,,,-0.336049,-1.106622,0.878499,,,,,,
33800,,,,,,,,,0.412012,-0.652434,,,33.752647,31.057579,0.112681,0.138530,,,,-0.333406,-1.103374,0.872566,,,,,,
33810,-0.333995,-1.104143,0.872312,,,,,,0.357077,-0.652434,,,32.211277,29.399101,0.126249,0.153622,,,,,,,,,,,,
33813,,,,-0.487986,-0.948465,1.175390,0.196099,-1.045363,,,17.605167,17.150019,,,,,0.020196,0.218039,0.303078,-0.330934,-1.100463,0.869326,,,,,,
33820,,,,,,,,,0.412012,0.652434,,,30.914366,28.548203,0.082766,0.112008,,,,-0.328649,-1.097879,0.866132,,,,,,
33830,,,,,,,,,0.329610,-1.304868,,,29.278603,27.287712,0.096789,0.122585,,,,-0.326386,-1.095424,0.865948,,,,,,
33840,,,,,,,,,0.302142,0.652434,,,27.902271,26.227137,0.108493,0.131376,,,,-0.324381,-1.092882,0.862808,,,,,,
33850,,,,,,,,,0.357077,-0.652434,,,27.288769,25.334768,0.112692,0.138663,,,,-0.322249,-1.090310,0.859677,,,,,,
33861,-0.322254,-1.090338,0.858000,-0.482904,-0.937104,1.126701,0.230218,-1.006827,0.412012,0.652434,16.842861,17.015942,26.228025,24.583929,0.113799,0.143317,0.010870,0.221745,0.268702,,,,,,,,,
33864,,,,,,,,,,,,,,,,,,,,-0.319987,-1.087847,0.859748,,,,,,
33870,,,,,,,,,0.247207,-0.652434,,,25.335516,23.952173,0.121026,0.148247,,,,-0.317892,-1.085420,0.859677,,,,,,
33880,,,,,,,,,0.329610,1.304868,,,24.040016,23.420614,0.132541,0.152282,,,,-0.315920,-1.082994,0.856555,,,,,,
33890,,,,,,,,,0.357077,-0.652434,,,24.039068,23.517904,0.131111,0.150008,,,,-0.313886,-1.080610,0.856549,,,,,,
33900,,,,,,,,,0.302142,-0.652434,,,23.493729,22.510677,0.135235,0.158982,,,,,,,,,,,,
33910,-0.313684,-1.080381,0.856671,-0.476392,-0.924199,1.082234,0.268348,-0.935842,0.329610,0.000000,,,23.034880,22.207741,0.138585,0.160973,,,,,,,,,,,,
33913,,,,,,,,,,,19.181463,19.955229,,,,,0.011454,0.225246,0.225564,,,,,,,,,
33920,,,,,,,,,0.357077,0.652434,,,22.648804,22.497393,0.165138,0.186960,,,,-0.308101,-1.074276,0.856414,,,,,,
33930,,,,,,,,,0.357077,-0.652434,,,22.868504,22.196562,0.162204,0.189521,,,,-0.306459,-1.072211,0.859395,,,,,,
33940,,,,,,,,,0.384545,0.000000,,,22.508816,22.487986,0.165135,0.186100,,,,-0.304785,-1.070279,0.859252,,,,,,
33950,,,,,,,,,0.412012,0.652434,,,22.750717,22.733191,0.162002,0.183092,,,,-0.303189,-1.068606,0.859219,,,,,,
33961,-0.302956,-1.068272,0.861743,-0.468269,-0.909645,1.043081,0.310579,-0.839224,0.412012,0.652434,21.998747,23.362751,23.498796,24.028593,0.182394,0.204080,0.012757,0.228754,0.181338,,,,,,,,,
33964,,,,,,,,,,,,,,,,,,,,-0.301692,-1.066971,0.862370,,,,,,
33970,,,,,,,,,0.274675,0.000000,,,22.494600,22.395828,0.192337,0.220601,,,,-0.299719,-1.064690,0.865427,,,,,,
33980,,,,,,,,,0.329610,0.000000,,,22.194214,22.655649,0.195302,0.218144,,,,-0.297126,-1.061738,0.865341,,,,,,
33990,,,,,,,,,0.384545,0.000000,,,22.486012,22.874262,0.192286,0.216056,,,,-0.294666,-1.058974,0.865362,,,,,,
34000,,,,,,,,,0.357077,0.652434,,,22.186987,23.058203,0.195239,0.214277,,,,-0.291950,-1.055911,0.868444,,,,,,
34011,-0.291914,-1.055798,0.870618,-0.458381,-0.893339,1.009973,0.356788,-0.724475,0.439480,-1.304869,25.891508,27.822035,23.569017,24.846601,0.220811,0.241581,0.016973,0.231982,0.139354,,,,,,,,,
34014,,,,,,,,,,,,,,,,,,,,-0.289749,-1.053221,0.868503,,,,,,
34020,,,,,,,,,0.384545,1.304868,,,23.098227,23.628643,0.226077,0.254600,,,,-0.287283,-1.050291,0.871555,,,,,,
34030,,,,,,,,,0.466947,0.652434,,,23.246647,24.237482,0.225122,0.249228,,,,-0.284668,-1.047212,0.868437,,,,,,
34040,,,,,,,,,0.439480,0.000000,,,24.460615,25.294304,0.213268,0.239166,,,,-0.281901,-1.043952,0.871496,,,,,,
34050,,,,,,,,,0.439480,0.000000,,,24.937504,25.638969,0.208690,0.236155,,,,-0.278909,-1.040541,0.874563,,,,,,
34060,-0.278664,-1.040234,0.874232,-0.446613,-0.875179,0.983326,0.406613,-0.598494,0.494415,0.000000,,,25.883301,26.473515,0.199234,0.228080,,,,,,,,,,,,
34063,,,,,,,,,,,29.234570,31.894287,,,,,0.018852,0.234723,0.109095,-0.275755,-1.036976,0.877666,,,,,,
34070,,,,,,,,,0.521882,0.652434,,,26.134552,27.720243,0.230772,0.257170,,,,-0.272844,-1.033418,0.880725,,,,,,
34080,,,,,,,,,0.521882,0.652434,,,26.890497,28.224699,0.223682,0.252859,,,,-0.269716,-1.029722,0.886850,,,,,,
34090,,,,,,,,,0.521882,0.652434,,,27.526550,29.193689,0.217663,0.243709,,,,-0.266230,-1.025797,0.889829,,,,,,
34100,,,,,,,,,0.521882,0.652434,,,28.606268,30.008999,0.206991,0.235933,,,,-0.262998,-1.021994,0.892925,,,,,,
34110,-0.262934,-1.021824,0.894093,-0.432905,-0.855066,0.963323,0.459447,-0.466800,,,33.782036,36.769913,28.970200,30.695000,0.203405,0.229313,,,,,,,,,,,,
34113,,,,,,,,,0.576817,-1.957303,,,,,,,0.023571,0.236945,0.069230,-0.259573,-1.017970,0.902142,,,,,,
34120,,,,,,,,,0.494415,2.609737,,,29.276411,31.816744,0.246718,0.267843,,,,-0.256192,-1.013749,0.905209,,,,,,
34130,,,,,,,,,0.549350,1.304868,,,30.078600,32.216038,0.239437,0.264760,,,,-0.252517,-1.009047,0.911346,,,,,,
34140,,,,,,,,,0.604285,0.000000,,,30.753563,33.641090,0.233293,0.251136,,,,-0.248962,-1.004604,0.917502,,,,,,
34150,,,,,,,,,0.576817,0.652434,,,31.866018,34.295586,0.222552,0.245086,,,,-0.245335,-1.000231,0.923650,,,,,,
34160,-0.245327,-1.000132,0.923906,-0.417259,-0.832907,0.949991,0.514464,-0.333259,,,,,32.257496,34.846275,0.218942,0.239963,,,,,,,,,,,,
34163,,,,,,,,,0.686687,3.262170,39.048492,42.007919,,,,,0.029814,0.237983,0.026085,-0.241737,-0.995725,0.929894,,,,,,
34170,,,,,,,,,0.521882,-1.957302,,,33.131428,35.854172,0.264051,0.283495,,,,-0.237840,-0.990759,0.936022,,,,,,
34180,,,,,,,,,0.631752,-0.652435,,,33.866753,36.157669,0.257734,0.281630,,,,-0.233959,-0.985892,0.939128,,,,,,
34190,,,,,,,,,0.659220,1.304869,,,35.029999,37.502121,0.246905,0.269087,,,,-0.230252,-0.981087,0.948460,,,,,,
34200,,,,,,,,,0.686687,0.652435,,,35.464211,38.088799,0.243280,0.264004,,,,-0.226525,-0.976010,0.951590,,,,,,
34210,-0.226403,-0.975708,0.952003,-0.399746,-0.808622,0.943279,0.570656,-0.200179,,,,,36.374100,39.126972,0.234716,0.254198,,,,,,,,,,,,
34213,,,,,,,,,0.796557,0.652434,44.203545,47.126293,,,,,0.035557,0.238121,-0.008724,-0.222763,-0.970777,0.954705,,,,,,
34220,,,,,,,,,0.494415,0.000000,,,36.595139,39.455948,0.285577,0.303627,,,,-0.218919,-0.965321,0.960942,,,,,,
34230,,,,,,,,,0.714155,0.000000,,,37.870209,40.277290,0.274093,0.296783,,,,-0.214887,-0.959714,0.964078,,,,,,
34240,,,,,,,,,0.741622,0.652433,,,38.943050,41.512913,0.264417,0.285549,,,,-0.210743,-0.953945,0.967166,,,,,,
34250,,,,,,,,,0.686687,0.652435,,,39.845741,42.008022,0.256262,0.281622,,,,-0.206693,-0.948220,0.970309,,,,,,
34261,-0.206711,-0.948154,0.971509,-0.380513,-0.782140,0.943106,0.626891,-0.068589,,,48.543324,51.752392,40.605263,42.969151,0.293652,0.320028,0.039051,0.237156,-0.028403,,,,,,,,,
34264,,,,,,,,,0.878959,3.914604,,,,,,,,,,-0.202517,-0.942296,0.973460,,,,,,
34270,,,,,,,,,0.686687,-3.262170,,,41.788868,43.777843,0.283167,0.313536,,,,-0.198298,-0.936209,0.976604,,,,,,
34280,,,,,,,,,0.714155,0.000000,,,42.784752,44.458275,0.274360,0.308191,,,,-0.194183,-0.930052,0.979739,,,,,,
34290,,,,,,,,,0.824024,1.304869,,,43.622688,45.575333,0.266964,0.298256,,,,-0.189695,-0.923517,0.982853,,,,,,
34300,,,,,,,,,0.824024,0.000000,,,44.327728,46.515228,0.260757,0.289904,,,,-0.185114,-0.917090,0.985981,,,,,,
34311,-0.184979,-0.916839,0.984766,-0.359782,-0.753408,0.949402,0.681982,0.061411,0.851492,3.262170,51.761105,55.643997,47.643665,49.484226,0.260599,0.300362,0.039486,0.236023,-0.035364,,,,,,,,,
34314,,,,,,,,,,,,,,,,,,,,-0.180754,-0.910540,0.989137,,,,,,
34320,,,,,,,,,0.714154,-2.609737,,,45.532806,47.625996,0.282953,0.320548,,,,-0.176276,-0.904020,0.995431,,,,,,
34330,,,,,,,,,0.878959,1.304869,,,46.479446,48.785198,0.274543,0.310328,,,,-0.171834,-0.897267,0.998606,,,,,,
34340,,,,,,,,,0.824024,0.000000,,,47.275948,49.760551,0.267475,0.301751,,,,-0.167435,-0.890669,1.004966,,,,,,
34350,,,,,,,,,0.851492,1.957303,,,47.401581,50.581211,0.267091,0.294557,,,,-0.162973,-0.883683,1.011326,,,,,,
34361,-0.162975,-0.883406,1.017305,-0.337848,-0.722390,0.962133,0.734766,0.190325,1.043764,0.000000,56.594769,60.452679,50.230003,53.449890,0.288416,0.315357,0.045051,0.233403,-0.055171,,,,,,,,,
34364,,,,,,,,,,,,,,,,,,,,-0.158560,-0.876542,1.014535,,,,,,
34370,,,,,,,,,0.631752,0.652435,,,48.253494,51.507248,0.309850,0.336573,,,,-0.153724,-0.869148,1.020782,,,,,,
34380,,,,,,,,,0.906427,-0.652435,,,49.313175,52.050884,0.300709,0.332817,,,,-0.149032,-0.861693,1.023939,,,,,,
34390,,,,,,,,,0.906427,1.957303,,,50.204792,53.052841,0.293071,0.324277,,,,-0.144285,-0.854328,1.030287,,,,,,
34400,,,,,,,,,0.933894,0.000000,,,51.499538,53.895889,0.281143,0.317158,,,,,,,,,,,,
34411,-0.144021,-0.853701,1.031932,-0.315077,-0.689072,0.981305,0.784179,0.318946,0.851492,0.652435,61.551304,66.450783,52.588940,55.694317,0.271050,0.300126,0.053521,0.231298,-0.050627,,,,,,,,,
34420,,,,,,,,,0.961362,-0.652434,,,52.416473,55.029339,0.324167,0.369041,,,,-0.129905,-0.830952,1.049349,,,,,,
34430,,,,,,,,,0.933894,2.609737,,,52.815907,56.103455,0.321919,0.360369,,,,-0.125220,-0.823164,1.055750,,,,,,
34440,,,,,,,,,0.988829,0.000000,,,54.241074,57.551762,0.309130,0.347666,,,,-0.120489,-0.815225,1.058945,,,,,,
34450,,,,,,,,,0.961362,0.652434,,,54.895668,58.225822,0.303915,0.342570,,,,-0.115892,-0.807240,1.068724,,,,,,
34460,-0.116240,-0.807643,1.068370,-0.291892,-0.653460,1.006958,0.829342,0.448072,,,,,55.446442,59.337521,0.299628,0.332876,,,,,,,,,,,,
34463,,,,,,,,,1.345907,1.957305,63.391697,68.510872,,,,,0.050543,0.228191,-0.061412,,,,,,,,,
34468,,,,,,,,,,,,,55.909863,60.272903,0.314894,0.345771,,,,-0.111342,-0.799086,1.075224,,,,,,
34471,,,,,,,,,0.686687,0.652435,,,,,,,,,,-0.106636,-0.790490,1.081722,,,,,,
34480,,,,,,,,,0.961362,0.652434,,,56.844330,61.059933,0.306859,0.339390,,,,-0.101728,-0.781796,1.088120,,,,,,
34490,,,,,,,,,0.961362,0.652434,,,57.086048,61.177597,0.305703,0.339680,,,,-0.096934,-0.772907,1.094536,,,,,,
34500,,,,,,,,,1.043764,1.304868,,,57.833973,62.365685,0.299335,0.329029,,,,,,,,,,,,
34512,-0.096560,-0.771923,1.097811,-0.268765,-0.615584,1.039144,0.869625,0.578221,1.153634,3.914605,68.343666,74.331520,58.463276,65.543518,0.344538,0.357214,0.060727,0.224519,-0.058667,,,,,,,,,
34520,,,,,,,,,0.933894,-2.609737,,,59.537315,62.771912,0.335559,0.387242,,,,-0.082489,-0.746475,1.123756,,,,,,
34530,,,,,,,,,1.043764,0.000000,,,59.896465,63.707142,0.333657,0.380015,,,,-0.077669,-0.736794,1.130237,,,,,,
34540,,,,,,,,,1.126167,1.957302,,,60.743198,64.494041,0.326710,0.374113,,,,-0.073083,-0.727467,1.140145,,,,,,
34550,,,,,,,,,1.098699,1.304869,,,61.455639,66.245232,0.320963,0.358219,,,,-0.068446,-0.718034,1.150017,,,,,,
34561,-0.068835,-0.718388,1.151103,-0.246199,-0.575498,1.077890,0.904707,0.709321,1.016297,0.652434,69.844231,75.688133,64.777802,69.896851,0.303760,0.336427,0.058217,0.220196,-0.073212,,,,,,,,,
34564,,,,,,,,,,,,,,,,,,,,-0.063929,-0.708406,1.160015,,,,,,
34570,,,,,,,,,1.153634,1.304868,,,62.127640,66.979347,0.331805,0.367344,,,,-0.059284,-0.698304,1.169882,,,,,,
34580,,,,,,,,,1.098699,1.304869,,,63.165051,67.791824,0.322767,0.360798,,,,-0.054705,-0.688198,1.179857,,,,,,
34590,,,,,,,,,1.098699,0.000000,,,63.493385,68.475441,0.320754,0.355405,,,,-0.050265,-0.678252,1.189840,,,,,,
34600,,,,,,,,,1.126167,0.652435,,,64.314194,69.050636,0.313652,0.350980,,,,-0.045623,-0.667999,1.199894,,,,,,
34611,-0.045721,-0.667879,1.198531,-0.224714,-0.533277,1.123145,0.934616,0.840386,1.428309,2.609736,72.029610,78.372108,65.004822,70.079147,0.330004,0.369193,0.060278,0.215691,-0.075387,,,,,,,,,
34614,,,,,,,,,,,,,,,,,,,,-0.041367,-0.657997,1.209965,,,,,,
34620,,,,,,,,,0.796557,0.652434,,,65.041367,70.399994,0.331036,0.367579,,,,-0.037223,-0.647831,1.223525,,,,,,
34630,,,,,,,,,1.181102,1.957302,,,65.616661,71.214493,0.326566,0.360866,,,,-0.033039,-0.637192,1.233584,,,,,,
34640,,,,,,,,,1.208569,0.000000,,,66.645256,71.899818,0.317357,0.355307,,,,-0.028921,-0.626375,1.247204,,,,,,
34650,,,,,,,,,1.126167,1.957302,,,66.966171,72.476448,0.315160,0.350720,,,,-0.024981,-0.615960,1.250632,,,,,,
34661,-0.025204,-0.615842,1.254462,-0.204827,-0.489016,1.174709,0.959739,0.969180,,,74.657074,81.297638,67.236191,76.228882,0.340219,0.343465,0.064655,0.210164,-0.079753,,,,,,,,,
34664,,,,,,,,,1.538179,0.000000,,,,,,,,,,-0.021184,-0.605331,1.264585,,,,,,
34670,,,,,,,,,0.659220,0.000000,,,66.918846,71.218033,0.344940,0.395589,,,,-0.017444,-0.594437,1.278456,,,,,,
34680,,,,,,,,,1.181102,3.262171,,,67.196373,72.447334,0.343657,0.385066,,,,-0.013639,-0.583497,1.285277,,,,,,
34690,,,,,,,,,1.181102,-0.652433,,,68.518967,74.026215,0.331659,0.370732,,,,-0.009902,-0.572468,1.295656,,,,,,
34700,,,,,,,,,1.208569,2.609737,,,68.542717,73.721054,0.332644,0.375299,,,,-0.006585,-0.561377,1.306042,,,,,,
34710,-0.006856,-0.561043,1.312647,-0.187033,-0.442832,1.232156,0.980799,1.091977,,,,,69.651779,74.008835,0.322554,0.373878,,,,,,,,,,,,
34713,,,,,,,,,1.345907,-4.567038,76.761963,83.857971,,,,,0.068297,0.204385,-0.080492,-0.003132,-0.549863,1.320100,,,,,,
34720,,,,,,,,,1.043764,6.524342,,,69.495865,74.795517,0.346616,0.393427,,,,0.000333,-0.537714,1.326960,,,,,,
34730,,,,,,,,,1.181102,-1.957302,,,70.453758,74.368347,0.338298,0.399597,,,,0.003687,-0.526204,1.337497,,,,,,
34740,,,,,,,,,1.236037,3.262171,,,70.715195,75.642555,0.336893,0.388498,,,,0.006801,-0.514709,1.348158,,,,,,
34750,,,,,,,,,1.208569,1.304866,,,70.935165,76.170128,0.335859,0.384760,,,,0.009790,-0.503189,1.362491,,,,,,
34760,0.009767,-0.503043,1.355568,,,,,,1.236036,-0.652434,,,71.664787,76.614029,0.329582,0.381770,,,,,,,,,,,,
34763,,,,-0.171790,-0.394856,1.294762,0.998794,1.203496,,,76.717911,85.540726,,,,,0.066916,0.200473,-0.060806,0.013114,-0.490785,1.372970,,,,,,
34770,,,,,,,,,1.098699,0.000000,,,71.734154,75.353897,0.329445,0.413236,,,,0.016161,-0.478381,1.387254,,,,,,
34780,,,,,,,,,1.318439,1.304869,,,72.337059,76.471794,0.324292,0.403871,,,,0.018853,-0.466091,1.398016,,,,,,
34790,,,,,,,,,1.181102,1.957302,,,72.299797,77.412392,0.325548,0.396090,,,,0.021122,-0.453371,1.412541,,,,,,
34800,,,,,,,,,1.345907,1.957305,,,72.812988,78.748360,0.321197,0.384089,,,,0.023298,-0.441404,1.430859,,,,,,
34810,0.023108,-0.441009,1.432741,-0.159495,-0.345236,1.361462,1.014892,1.297203,,,,,73.244789,79.327896,0.317574,0.379536,,,,,,,,,,,,
34813,,,,,,,,,1.648049,1.304868,78.641655,87.122009,,,,,0.069732,0.194046,-0.071279,0.025317,-0.429202,1.445660,,,,,,
34820,,,,,,,,,0.961362,1.957303,,,73.608109,80.904602,0.334185,0.380826,,,,0.027174,-0.417162,1.464513,,,,,,
34830,,,,,,,,,1.098699,-1.304869,,,73.913803,78.963982,0.332073,0.401864,,,,0.028731,-0.405310,1.479836,,,,,,
34840,,,,,,,,,1.345906,3.262171,,,73.626472,80.598412,0.335950,0.386824,,,,0.030400,-0.392786,1.502235,,,,,,
34850,,,,,,,,,1.208569,2.609737,,,73.929253,80.884529,0.333864,0.385210,,,,0.032107,-0.379802,1.521066,,,,,,
34861,0.031738,-0.379882,1.524587,-0.150475,-0.294132,1.430850,1.030285,1.366079,1.208569,1.304866,82.259705,89.409027,73.639473,84.937073,0.374667,0.368449,0.077242,0.185980,-0.093737,,,,,,,,,
34864,,,,,,,,,,,,,,,,,,,,0.033419,-0.366311,1.540097,,,,,,
34870,,,,,,,,,1.345907,1.957305,,,74.484734,81.267822,0.367769,0.406770,,,,0.034284,-0.353290,1.555387,,,,,,
34880,,,,,,,,,1.318439,0.000000,,,75.195938,81.992317,0.362070,0.401009,,,,0.035021,-0.340276,1.578605,,,,,,
34890,,,,,,,,,1.153634,2.609736,,,74.160713,80.423737,0.374042,0.418491,,,,0.035381,-0.327393,1.594144,,,,,,
34900,,,,,,,,,1.373374,0.000000,,,75.467850,81.826645,0.362329,0.405979,,,,0.035524,-0.314367,1.613393,,,,,,
34911,0.035434,-0.314106,1.605935,-0.144968,-0.241715,1.501251,1.046025,1.403811,1.675516,1.957302,83.970764,90.326576,76.023132,83.007050,0.375476,0.404814,0.078684,0.177747,-0.104684,,,,,,,,,
34914,,,,,,,,,,,,,,,,,,,,0.035596,-0.301398,1.628682,,,,,,
34920,,,,,,,,,0.988829,2.609737,,,76.490349,84.000244,0.372300,0.396147,,,,0.035433,-0.288144,1.643831,,,,,,
34930,,,,,,,,,1.236036,-0.652434,,,76.338921,82.113205,0.375341,0.416661,,,,0.035124,-0.274489,1.658901,,,,,,
34940,,,,,,,,,1.290972,1.957303,,,76.756050,83.248161,0.372612,0.406727,,,,0.034461,-0.261052,1.673866,,,,,,
34950,,,,,,,,,1.373374,0.000000,,,78.196114,84.203117,0.359367,0.398402,,,,0.033405,-0.247721,1.688733,,,,,,
34961,0.033336,-0.247534,1.681781,-0.143120,-0.188164,1.570852,1.062864,1.406139,1.373374,1.304869,85.295395,90.929642,82.675041,89.362961,0.328348,0.353147,0.078549,0.168794,-0.110929,,,,,,,,,
34964,,,,,,,,,,,,,,,,,,,,0.032431,-0.234728,1.703412,,,,,,
34970,,,,,,,,,1.428309,1.304868,,,78.820007,84.991760,0.368193,0.398047,,,,0.030956,-0.221169,1.714467,,,,,,
34980,,,,,,,,,1.373374,1.304869,,,79.388184,85.670181,0.363693,0.392315,,,,0.029523,-0.207442,1.729029,,,,,,
34990,,,,,,,,,1.181102,0.652433,,,78.232613,84.062828,0.376661,0.409761,,,,0.028052,-0.193780,1.739912,,,,,,
35000,,,,,,,,,1.373374,1.304869,,,78.893944,84.888580,0.371328,0.402712,,,,0.026151,-0.179813,1.754380,,,,,,
35011,0.025927,-0.179793,1.753751,-0.144971,-0.133665,1.637868,1.081126,1.371905,1.648049,1.304868,86.231209,91.006836,82.717651,88.850624,0.343152,0.364295,0.076451,0.159653,-0.115883,,,,,,,,,
35014,,,,,,,,,,,,,,,,,,,,0.024015,-0.165871,1.765197,,,,,,
35020,,,,,,,,,1.153634,1.304868,,,79.400398,85.649765,0.377691,0.397375,,,,0.021857,-0.152050,1.772329,,,,,,
35030,,,,,,,,,1.345907,-0.652434,,,80.965607,86.223824,0.363092,0.392591,,,,0.019430,-0.138308,1.786593,,,,,,
35040,,,,,,,,,1.400841,3.262171,,,81.193489,87.251381,0.361820,0.383066,,,,0.016740,-0.124492,1.797239,,,,,,
35050,,,,,,,,,1.153634,-1.304868,,,79.751602,84.848709,0.377535,0.408325,,,,0.013845,-0.110661,1.804297,,,,,,
35061,0.014091,-0.111683,1.794584,-0.150459,-0.078410,1.700701,1.100652,1.303360,1.538179,-2.609734,85.051941,90.714371,83.983826,90.450706,0.323634,0.349433,0.068961,0.153063,-0.093884,,,,,,,,,
35064,,,,,,,,,,,,,,,,,,,,0.011001,-0.096540,1.811335,,,,,,
35070,,,,,,,,,1.318439,5.219473,,,80.465759,85.362450,0.359732,0.401386,,,,0.007922,-0.082675,1.818341,,,,,,
35080,,,,,,,,,1.345907,1.957305,,,81.317459,85.982079,0.351962,0.396136,,,,0.004459,-0.068173,1.828802,,,,,,
35090,,,,,,,,,1.483244,0.000000,,,82.578621,87.047974,0.339845,0.386210,,,,0.001155,-0.054427,1.835689,,,,,,
35100,,,,,,,,,1.400841,0.652435,,,82.550674,87.944817,0.340624,0.377796,,,,-0.002466,-0.040330,1.842584,,,,,,
35111,-0.002481,-0.040610,1.841289,-0.159419,-0.022592,1.758054,1.120820,1.205602,1.565646,0.652435,83.665413,89.307053,,,,,0.059298,0.146417,-0.083235,,,,,,,,,
35114,,,,,,,,,,,,,85.794418,90.333054,0.293896,0.339635,,,,-0.006006,-0.026875,1.853031,,,,,,
35120,,,,,,,,,0.933894,1.304869,,,80.900101,85.807999,0.343392,0.385585,,,,-0.009578,-0.013296,1.856624,,,,,,
35130,,,,,,,,,1.428309,0.000000,,,81.138374,86.356964,0.341515,0.380686,,,,-0.013282,0.000138,1.863569,,,,,,
35140,,,,,,,,,1.455776,1.957302,,,81.883400,86.818863,0.334421,0.376564,,,,-0.017334,0.013350,1.873928,,,,,,
35150,,,,,,,,,1.126167,0.652435,,,80.876633,85.573875,0.345046,0.389761,,,,-0.021463,0.027470,1.880768,,,,,,
35155,,,,,,,,,,,,,,,,,,,,-0.021463,0.027470,1.880768,,,,,,
35162,-0.021209,0.026289,1.880189,-0.171592,0.033595,1.808984,1.140635,1.085390,1.867789,1.304868,83.111427,88.777519,81.663170,86.704514,0.331931,0.373574,0.052748,0.141018,-0.071205,-0.025521,0.040971,1.887588,,,,,,
35170,,,,,,,,,0.988829,1.304868,,,82.324959,87.111290,0.325470,0.369839,,,,-0.029609,0.054512,1.894402,,,,,,
35180,,,,,,,,,1.428309,0.000000,,,82.881790,87.453552,0.319948,0.366682,,,,-0.033796,0.068245,1.911398,,,,,,
35190,,,,,,,,,1.345907,1.957305,,,82.805763,87.741531,0.320769,0.364009,,,,-0.038173,0.081526,1.918202,,,,,,
35200,,,,,,,,,1.455776,0.652433,,,83.286339,87.983841,0.315928,0.361745,,,,-0.042591,0.095110,1.931682,,,,,,
35210,-0.042759,0.095119,1.930089,-0.186634,0.089961,1.852883,1.158878,0.949799,,,,,80.423431,85.464996,0.345095,0.387596,,,,,,,,,,,,
35213,,,,,,,,,1.483244,1.304866,82.909828,87.258385,,,,,0.045760,0.136502,-0.077206,-0.047432,0.108468,1.941712,,,,,,
35220,,,,,,,,,1.016297,1.957302,,,81.281845,86.612900,0.334821,0.361054,,,,-0.052599,0.121731,1.948309,,,,,,
35230,,,,,,,,,1.428309,-1.304868,,,82.004112,87.034210,0.327779,0.356886,,,,-0.057423,0.134898,1.958329,,,,,,
35240,,,,,,,,,1.318439,2.609739,,,82.067284,86.844154,0.327316,0.358869,,,,-0.062473,0.147894,1.968353,,,,,,
35250,,,,,,,,,1.181102,-1.957302,,,81.575897,85.050613,0.332497,0.377246,,,,-0.067492,0.160607,1.978337,,,,,,
35260,-0.066984,0.159813,1.966087,-0.204131,0.146321,1.889429,1.174270,0.805137,,,,,82.251526,85.719696,0.325872,0.370863,,,,,,,,,,,,
35263,,,,,,,,,1.812854,1.304869,82.805946,86.249565,,,,,0.040361,0.131766,-0.076658,-0.072569,0.173369,1.988286,,,,,,
35270,,,,,,,,,0.961362,0.652434,,,82.275459,86.282669,0.324700,0.355139,,,,-0.077740,0.185982,1.994932,,,,,,
35280,,,,,,,,,1.428309,0.000000,,,82.840141,86.756348,0.319046,0.350301,,,,-0.083208,0.198680,2.001519,,,,,,
35290,,,,,,,,,1.345906,3.262171,,,82.226173,87.154907,0.325302,0.346134,,,,-0.088908,0.211136,2.008074,,,,,,
35300,,,,,,,,,1.290972,-0.652435,,,82.254128,86.401161,0.325133,0.353641,,,,-0.094590,0.223586,2.017955,,,,,,
35311,-0.094310,0.223253,2.010871,-0.223613,0.202500,1.918504,1.185632,0.656328,1.400841,-5.871905,83.368584,84.626938,,,,,0.036308,0.125824,-0.092367,,,,,,,,,
35314,,,,,,,,,,,,,85.544907,84.133331,0.297416,0.360192,,,,-0.100737,0.236474,2.024453,,,,,,
35320,,,,,,,,,1.236037,5.871907,,,81.234711,84.947899,0.340945,0.351982,,,,-0.106757,0.249040,2.030882,,,,,,
35330,,,,,,,,,1.290972,-0.652435,,,80.875366,84.544189,0.345037,0.356036,,,,-0.112940,0.261992,2.040517,,,,,,
35340,,,,,,,,,1.373374,2.609737,,,81.662102,85.293594,0.337511,0.348408,,,,-0.118746,0.274560,2.046874,,,,,,
35350,,,,,,,,,1.290972,-0.652435,,,81.779518,84.835052,0.336654,0.352952,,,,-0.124830,0.287261,2.050113,,,,,,
35361,-0.124524,0.286815,2.044087,-0.244575,0.258337,1.940125,1.192011,0.506750,1.565646,-4.567039,82.677223,82.042603,85.690117,84.993782,0.290032,0.324931,0.029374,0.119835,-0.103962,,,,,,,,,
35369,,,,,,,,,0.933894,5.219474,,,79.723259,82.949165,0.350292,0.345196,,,,-0.130891,0.299238,2.053422,,,,,,
35372,,,,,,,,,,,,,,,,,,,,-0.137160,0.311572,2.056671,,,,,,
35380,,,,,,,,,1.455776,-0.652433,,,80.692719,83.406998,0.340994,0.340345,,,,-0.143220,0.323591,2.059950,,,,,,
35390,,,,,,,,,1.318439,0.000000,,,81.508423,83.247673,0.333071,0.341697,,,,-0.149179,0.335220,2.063292,,,,,,
35400,,,,,,,,,1.318439,-1.304869,,,82.194756,83.113617,0.326304,0.342823,,,,-0.155545,0.347089,2.063404,,,,,,
35412,-0.155334,0.347019,2.056316,-0.266495,0.313690,1.954374,1.192773,0.358359,1.538179,1.304869,81.206314,79.715317,80.594063,81.911736,0.327724,0.331130,0.022398,0.113868,-0.101942,-0.161700,0.358872,2.063441,,,,,,
35420,,,,,,,,,1.016297,0.652434,,,80.880875,81.989563,0.324921,0.329897,,,,-0.167977,0.370924,2.060165,,,,,,
35430,,,,,,,,,1.290972,-0.652435,,,81.122192,82.055046,0.322525,0.328774,,,,-0.174573,0.383482,2.053630,,,,,,
35440,,,,,,,,,1.263504,-1.304869,,,81.325241,81.565598,0.320470,0.333299,,,,-0.180875,0.395517,2.050334,,,,,,
35450,,,,,,,,,1.290972,0.652435,,,81.496086,81.698318,0.318704,0.331575,,,,-0.187137,0.407826,2.047064,,,,,,
35461,-0.187058,0.407481,2.050573,-0.288848,0.368434,1.961359,1.187648,0.211996,1.648049,-1.304868,78.157402,76.652931,85.451637,84.532707,0.247201,0.271031,0.012346,0.108321,-0.089213,,,,,,,,,
35464,,,,,,,,,,,,,,,,,,,,-0.193226,0.420002,2.043829,,,,,,
35470,,,,,,,,,0.851492,0.652435,,,79.522598,79.293953,0.306218,0.322890,,,,-0.199366,0.432027,2.040508,,,,,,
35480,,,,,,,,,1.263504,0.000000,,,79.434799,79.242416,0.306840,0.322888,,,,-0.205400,0.443999,2.037284,,,,,,
35490,,,,,,,,,1.318439,0.000000,,,79.905464,79.743599,0.301784,0.317258,,,,-0.211312,0.455971,2.027518,,,,,,
35500,,,,,,,,,1.290972,-0.652435,,,80.301483,79.620743,0.297395,0.317893,,,,-0.217043,0.467589,2.020999,,,,,,
35511,-0.216950,0.467389,2.020743,-0.311129,0.422473,1.961174,1.176735,0.067721,1.565646,-0.652435,73.655579,73.464752,83.901955,82.784637,0.214323,0.252508,0.000514,0.104341,-0.059569,,,,,,,,,
35514,,,,,,,,,,,,,,,,,,,,-0.222846,0.479411,2.014411,,,,,,
35520,,,,,,,,,0.906427,0.652435,,,79.307785,78.367676,0.259134,0.295697,,,,-0.228564,0.491022,2.007791,,,,,,
35530,,,,,,,,,1.098699,0.000000,,,77.075882,76.284874,0.280769,0.315961,,,,-0.234146,0.502781,2.001319,,,,,,
35540,,,,,,,,,1.236036,-0.652434,,,77.376129,77.255119,0.277023,0.305501,,,,-0.239397,0.514378,2.001234,,,,,,
35550,,,,,,,,,1.263504,0.000000,,,77.084213,76.982399,0.279256,0.307524,,,,-0.244800,0.526038,1.997819,,,,,,
35560,-0.244760,0.525894,1.999742,-0.332855,0.475732,1.953889,1.160480,-0.074876,,,69.955276,69.902138,76.838600,76.208389,0.281076,0.314716,,,,,,,,,,,,
35563,,,,,,,,,1.290972,-4.567039,,,,,,,-0.008978,0.100977,-0.045853,-0.250005,0.537744,1.994526,,,,,,
35570,,,,,,,,,0.961362,5.871906,,,75.542854,75.012596,0.255912,0.290025,,,,-0.255100,0.549355,1.991139,,,,,,
35580,,,,,,,,,1.181102,-1.957302,,,75.541695,75.095535,0.254807,0.288157,,,,-0.260152,0.560848,1.994357,,,,,,
35590,,,,,,,,,1.126167,0.652435,,,74.996178,74.620781,0.259254,0.291961,,,,-0.265280,0.572263,1.987582,,,,,,
35600,,,,,,,,,1.263504,0.000000,,,75.081726,74.765862,0.257373,0.289538,,,,-0.270363,0.583594,1.990654,,,,,,
35611,-0.270416,0.583574,1.991414,-0.353586,0.528162,1.939540,1.139610,-0.216411,1.236037,-3.262171,67.117020,65.792679,,,,,-0.016622,0.098547,-0.051874,,,,,,,,,
35614,,,,,,,,,,,,,77.331879,78.699738,0.204446,0.206523,,,,-0.275102,0.594760,1.990670,,,,,,
35620,,,,,,,,,1.071232,3.262170,,,73.235184,73.297012,0.244189,0.259049,,,,-0.280036,0.606035,1.990560,,,,,,
35630,,,,,,,,,1.098699,0.000000,,,72.510941,72.018417,0.250353,0.270590,,,,-0.285003,0.617267,1.990360,,,,,,
35640,,,,,,,,,1.098699,0.000000,,,72.446106,72.031693,0.249935,0.269209,,,,-0.289877,0.628527,1.989908,,,,,,
35650,,,,,,,,,1.098699,0.000000,,,71.847008,71.498322,0.254980,0.273402,,,,-0.294574,0.639876,1.989721,,,,,,
35660,-0.294223,0.639197,1.984390,,,,,,1.043764,-1.304868,,,71.342926,70.504997,0.259176,0.282393,,,,,,,,,,,,
35663,,,,-0.372921,0.579738,1.918136,1.115063,-0.357519,,,64.703819,61.538914,,,,,-0.022817,0.095959,-0.066255,-0.299057,0.650930,1.989484,,,,,,
35670,,,,,,,,,1.126167,1.957302,,,70.918793,70.213760,0.238042,0.241032,,,,-0.303380,0.661267,1.986336,,,,,,
35680,,,,,,,,,1.071232,-0.652434,,,70.561928,69.968712,0.240439,0.241797,,,,-0.307498,0.670831,1.983453,,,,,,
35690,,,,,,,,,1.043764,-1.304868,,,70.261658,69.217987,0.242331,0.247768,,,,-0.311539,0.680071,1.980521,,,,,,
35700,,,,,,,,,1.098699,-1.304869,,,70.009010,68.586327,0.243796,0.252676,,,,-0.315752,0.689820,1.977471,,,,,,
35710,-0.315679,0.689844,1.972579,-0.390507,0.630456,1.889662,1.087900,-0.498717,,,,,69.796432,68.054848,0.244903,0.256687,,,,,,,,,,,,
35713,,,,,,,,,1.318439,0.000000,63.192947,58.041943,,,,,-0.025396,0.092094,-0.082917,-0.319851,0.699241,1.970936,,,,,,
35720,,,,,,,,,0.796557,-0.652434,,,69.073029,67.063118,0.235853,0.229831,,,,-0.323906,0.708694,1.964383,,,,,,
35730,,,,,,,,,1.016297,-0.652434,,,68.464355,66.228676,0.240885,0.236538,,,,-0.327878,0.718060,1.957822,,,,,,
35740,,,,,,,,,0.933894,-1.304869,,,67.952217,64.982033,0.245054,0.247616,,,,-0.331662,0.727438,1.947884,,,,,,
35750,,,,,,,,,1.043764,0.000000,,,67.521309,64.477654,0.248498,0.251373,,,,-0.335176,0.736646,1.937981,,,,,,
35760,-0.335241,0.736754,1.940884,-0.406030,0.680327,1.854094,1.059230,-0.640327,,,61.497177,55.219177,67.158745,63.508724,0.251330,0.259969,-0.027003,0.086406,-0.086790,,,,,,,,,
35763,,,,,,,,,1.263504,-2.609736,,,,,,,,,,-0.338667,0.746001,1.927958,,,,,,
35770,,,,,,,,,0.714154,-1.304868,,,66.853683,62.693466,0.236352,0.238399,,,,-0.342161,0.755343,1.914432,,,,,,
35780,,,,,,,,,0.961362,0.652434,,,66.052460,62.007507,0.243453,0.243901,,,,-0.345679,0.764544,1.900910,,,,,,
35790,,,,,,,,,0.961362,-3.262171,,,65.922852,60.885799,0.243864,0.253984,,,,-0.348977,0.773710,1.887259,,,,,,
35800,,,,,,,,,0.988829,-1.304868,,,65.813797,60.486538,0.244091,0.256924,,,,-0.352012,0.782618,1.873663,,,,,,
35811,-0.351978,0.782684,1.873831,-0.419215,0.729369,1.811409,1.030119,-0.782459,1.181102,-0.652433,58.374069,52.803188,67.900215,62.328773,0.190091,0.212436,-0.030821,0.080084,-0.062421,,,,,,,,,
35814,,,,,,,,,,,,,,,,,,,,-0.354957,0.791708,1.859984,,,,,,
35820,,,,,,,,,0.769089,-1.304867,,,64.754837,59.522484,0.220268,0.239155,,,,-0.357769,0.800659,1.846206,,,,,,
35830,,,,,,,,,0.933894,-1.304869,,,63.741947,58.250359,0.229324,0.250787,,,,-0.360446,0.809637,1.832358,,,,,,
35840,,,,,,,,,0.878959,-1.304869,,,63.978786,57.724537,0.225834,0.255061,,,,-0.362817,0.818390,1.821884,,,,,,
35850,,,,,,,,,0.988829,0.000000,,,63.088978,57.282108,0.233790,0.258589,,,,-0.365047,0.827292,1.811356,,,,,,
35860,-0.365170,0.827515,1.816597,-0.429819,0.777603,1.761595,1.001549,-0.924983,,,,,62.884834,57.454391,0.234929,0.255936,,,,,,,,,,,,
35863,,,,,,,,,1.153634,-1.304868,56.299706,50.322060,,,,,-0.032680,0.074851,-0.055002,-0.367200,0.836251,1.800754,,,,,,
35870,,,,,,,,,0.714155,0.000000,,,62.168526,57.054810,0.220175,0.233774,,,,-0.369278,0.845542,1.790148,,,,,,
35880,,,,,,,,,0.878959,-1.304869,,,61.565823,56.718601,0.225148,0.235857,,,,-0.371387,0.854829,1.779484,,,,,,
35890,,,,,,,,,0.851492,-1.957303,,,61.058708,55.891171,0.229268,0.243018,,,,-0.373444,0.864002,1.768766,,,,,,
35900,,,,,,,,,0.906427,-0.652435,,,60.087479,55.194969,0.238222,0.249005,,,,-0.375428,0.873119,1.761585,,,,,,
35911,-0.375426,0.872997,1.763463,-0.437623,0.825040,1.704666,0.974367,-1.067536,0.933894,2.609737,54.440304,47.367256,62.537548,57.331905,0.193508,0.196095,-0.035161,0.070229,-0.058797,,,,,,,,,
35914,,,,,,,,,,,,,,,,,,,,-0.377284,0.882133,1.750776,,,,,,
35920,,,,,,,,,0.824024,-3.914605,,,59.153603,54.229034,0.226405,0.225751,,,,-0.378888,0.891127,1.743576,,,,,,
35930,,,,,,,,,0.878959,-1.304869,,,59.029068,53.796452,0.226733,0.228791,,,,-0.380393,0.899998,1.736287,,,,,,
35940,,,,,,,,,0.878959,-1.304869,,,58.924286,53.432476,0.226884,0.231218,,,,-0.381667,0.908808,1.725446,,,,,,
35950,,,,,,,,,0.796557,-0.652434,,,58.291576,53.126225,0.232441,0.233128,,,,-0.382902,0.917686,1.714473,,,,,,
35961,-0.382857,0.917227,1.715846,-0.442425,0.871676,1.640680,0.949280,-1.209440,0.878959,-1.304869,53.358608,44.456268,61.026474,55.046719,0.192741,0.182696,-0.036462,0.065527,-0.075166,,,,,,,,,
35964,,,,,,,,,,,,,,,,,,,,-0.384173,0.926419,1.703465,,,,,,
35970,,,,,,,,,0.933894,-1.304869,,,57.882187,52.306278,0.223279,0.208530,,,,-0.385499,0.935385,1.688686,,,,,,
35980,,,,,,,,,0.796557,-1.957302,,,57.414757,51.634102,0.227142,0.213816,,,,-0.386735,0.944142,1.677492,,,,,,
35990,,,,,,,,,0.824024,-1.304869,,,57.021461,50.523987,0.230343,0.223704,,,,-0.387940,0.953013,1.666217,,,,,,
36000,,,,,,,,,0.824024,-1.304869,,,57.235085,50.679024,0.227431,0.220909,,,,-0.388943,0.961496,1.651154,,,,,,
36010,-0.388820,0.961217,1.651110,-0.444034,0.917485,1.569767,0.926853,-1.349570,,,,,56.870285,50.264927,0.230377,0.223888,,,,,,,,,,,,
36013,,,,,,,,,1.126167,-1.957302,51.795002,41.650383,,,,,-0.039161,0.058544,-0.081343,-0.389762,0.970250,1.632034,,,,,,
36020,,,,,,,,,0.604285,-1.304869,,,57.107883,49.916508,0.211302,0.197660,,,,-0.390404,0.978888,1.612947,,,,,,
36030,,,,,,,,,0.769089,-2.609737,,,56.763256,49.078804,0.213755,0.204552,,,,-0.390899,0.987416,1.589814,,,,,,
36040,,,,,,,,,0.796557,-0.652434,,,56.473286,48.373962,0.215719,0.210255,,,,-0.391323,0.995823,1.570812,,,,,,
36050,,,,,,,,,0.824024,-3.914605,,,56.773849,47.780907,0.211718,0.214960,,,,-0.391357,1.004111,1.555199,,,,,,
36060,-0.391111,1.003969,1.546830,-0.442274,0.962404,1.492167,0.907537,-1.486154,,,49.362324,39.847324,56.482201,47.826454,0.213697,0.213269,-0.042779,0.050153,-0.054664,,,,,,,,,
36063,,,,,,,,,1.043764,-1.304868,,,,,,,,,,-0.391280,1.012223,1.535869,,,,,,
36070,,,,,,,,,0.604285,-1.304869,,,56.236809,47.320236,0.190449,0.198806,,,,-0.390968,1.020272,1.516722,,,,,,
36080,,,,,,,,,0.796557,-1.957302,,,56.030334,46.894302,0.191180,0.201656,,,,-0.390458,1.028435,1.497742,,,,,,
36090,,,,,,,,,0.796557,-1.957302,,,55.856606,46.535923,0.191618,0.203902,,,,-0.389739,1.036396,1.478955,,,,,,
36100,,,,,,,,,0.769089,-1.304867,,,55.165890,46.234383,0.197365,0.205640,,,,-0.388975,1.044364,1.460293,,,,,,
36111,-0.388966,1.044195,1.462081,-0.436977,1.006339,1.408272,0.891682,-1.616561,0.824024,1.304869,48.753883,38.446358,57.307438,48.158836,0.168154,0.170443,-0.042842,0.043620,-0.053809,,,,,,,,,
36114,,,,,,,,,,,,,,,,,,,,-0.388142,1.052237,1.441828,,,,,,
36120,,,,,,,,,0.714154,-3.914605,,,53.663902,45.421726,0.203608,0.196419,,,,-0.387168,1.060011,1.427119,,,,,,
36130,,,,,,,,,0.741622,-1.957302,,,53.320950,45.296898,0.206124,0.196298,,,,-0.386161,1.067711,1.416164,,,,,,
36140,,,,,,,,,0.741622,-1.957302,,,53.032387,44.647324,0.208154,0.201553,,,,-0.384981,1.075281,1.401622,,,,,,
36148,,,,,,,,,,,,,52.789589,44.645313,0.209774,0.200333,,,,-0.384981,1.075281,1.401622,,,,,,
36151,,,,,,,,,0.741622,-0.652433,,,,,,,,,,-0.383845,1.082867,1.383598,,,,,,
36160,-0.383876,1.082708,1.387446,-0.427995,1.049148,1.318676,0.879564,-1.737244,,,,,52.585300,44.099079,0.211051,0.204665,,,,,,,,,,,,
36163,,,,,,,,,0.851492,0.652435,49.262100,37.337902,,,,,-0.041041,0.037261,-0.068770,-0.382621,1.090071,1.365695,,,,,,
36170,,,,,,,,,0.686687,-4.567039,,,52.957954,43.639477,0.211668,0.196916,,,,-0.381183,1.097274,1.351488,,,,,,
36180,,,,,,,,,0.769089,-2.609737,,,52.726963,43.252769,0.213284,0.199600,,,,-0.379615,1.104416,1.330295,,,,,,
36190,,,,,,,,,0.741622,-1.957302,,,52.532608,42.927395,0.214574,0.201736,,,,-0.377742,1.111465,1.316260,,,,,,
36195,,,,,,,,,,,,,,,,,,,,-0.377742,1.111465,1.316260,,,,,,
36198,,,,,,,,,,,,,51.824535,42.653622,0.221142,0.203411,,,,-0.377742,1.111465,1.316260,,,,,,
36201,,,,,,,,,0.686687,-0.652435,,,,,,,,,,-0.375764,1.118657,1.295341,,,,,,
36211,-0.375860,1.118462,1.300331,-0.415204,1.090653,1.224190,0.871376,-1.843924,0.796557,-0.652434,50.335152,37.284401,53.951477,44.056900,0.209880,0.187489,-0.037310,0.030484,-0.076141,,,,,,,,,
36214,,,,,,,,,,,,,,,,,,,,-0.373656,1.125673,1.278059,,,,,,
36220,,,,,,,,,0.686687,-4.567039,,,51.384739,41.970360,0.235337,0.207417,,,,-0.371564,1.132639,1.257462,,,,,,
36230,,,,,,,,,0.741622,-1.957302,,,51.403259,41.848373,0.234939,0.207724,,,,-0.369505,1.139508,1.237039,,,,,,
36240,,,,,,,,,0.741622,-1.957302,,,51.418842,41.201191,0.234566,0.213412,,,,-0.367227,1.146319,1.213342,,,,,,
36250,,,,,,,,,0.686687,-1.957303,,,51.431953,41.201195,0.234216,0.212629,,,,-0.364792,1.153186,1.186543,,,,,,
36261,-0.364813,1.153007,1.187881,-0.398513,1.130630,1.125828,0.867202,-1.932183,0.906427,-3.262171,51.185509,38.248344,53.621159,42.290283,0.220340,0.210569,-0.033347,0.022899,-0.062053,,,,,,,,,
36264,,,,,,,,,,,,,,,,,,,,-0.362241,1.159713,1.163286,,,,,,
36270,,,,,,,,,0.604285,-2.609737,,,51.651356,40.483929,0.239945,0.228186,,,,-0.359289,1.166654,1.136829,,,,,,
36280,,,,,,,,,0.686687,-1.957303,,,51.627590,40.053146,0.240094,0.232132,,,,-0.356350,1.173366,1.117195,,,,,,
36290,,,,,,,,,0.714154,-2.609737,,,51.607594,39.690685,0.240210,0.235469,,,,-0.353098,1.180341,1.087920,,,,,,
36300,,,,,,,,,0.796557,-1.957302,,,52.135315,39.930256,0.234742,0.232737,,,,-0.349779,1.187190,1.062150,,,,,,
36310,-0.349635,1.187354,1.064491,-0.377881,1.168816,1.024754,0.866985,-1.998355,,,51.862129,39.600895,52.034794,40.131832,0.235578,0.230344,,,,,,,,,,,,
36313,,,,,,,,,0.933894,-3.914605,,,,,,,-0.029910,0.015712,-0.039737,-0.346406,1.194056,1.036578,,,,,,
36320,,,,,,,,,0.576817,-1.957303,,,51.950214,40.301437,0.243172,0.242033,,,,-0.342784,1.200745,1.014360,,,,,,
36330,,,,,,,,,0.686687,-1.957303,,,52.423595,39.899597,0.238326,0.245992,,,,-0.338932,1.207337,0.989099,,,,,,
36340,,,,,,,,,0.824024,-2.609737,,,52.821899,40.650578,0.234151,0.238272,,,,-0.334991,1.213851,0.964039,,,,,,
36350,,,,,,,,,0.769089,-2.609737,,,53.157032,40.737907,0.230541,0.237172,,,,-0.330811,1.220475,0.936044,,,,,,
36361,-0.330646,1.220410,0.935878,-0.353326,1.204916,0.922167,0.870465,-2.040523,0.906427,-1.957303,52.728420,41.485779,,,,,-0.025927,0.009071,-0.013711,,,,,,,,,
36364,,,,,,,,,,,,,55.072639,42.445019,0.219579,0.238757,,,,-0.326220,1.226968,0.911284,,,,,,
36370,,,,,,,,,0.604285,-2.609737,,,52.872631,40.614120,0.241550,0.257241,,,,-0.321695,1.233171,0.889765,,,,,,
36380,,,,,,,,,0.796557,-0.652434,,,53.199715,41.251778,0.238185,0.250911,,,,-0.316830,1.239391,0.865309,,,,,,
36390,,,,,,,,,0.796557,-1.957302,,,53.474926,41.788303,0.235283,0.245485,,,,-0.311951,1.245107,0.847060,,,,,,
36400,,,,,,,,,0.741622,-1.957302,,,53.161942,42.239735,0.238327,0.240820,,,,-0.306814,1.251023,0.828922,,,,,,
36411,-0.306846,1.250865,0.829687,-0.324936,1.238605,0.819170,0.877140,-2.059243,0.988829,-2.609737,54.479156,43.200207,55.621315,44.253197,0.231012,0.237619,-0.021257,0.005068,-0.010517,,,,,,,,,
36414,,,,,,,,,,,,,,,,,,,,-0.301495,1.256691,0.810771,,,,,,
36420,,,,,,,,,0.576817,-0.652434,,,52.789742,42.135521,0.259665,0.259009,,,,-0.295770,1.262646,0.792728,,,,,,
36430,,,,,,,,,0.824024,-1.304869,,,53.129974,43.076427,0.256533,0.249625,,,,-0.290109,1.268245,0.774776,,,,,,
36440,,,,,,,,,0.796557,-1.957302,,,53.416245,43.868107,0.253883,0.241574,,,,-0.284337,1.273848,0.759851,,,,,,
36450,,,,,,,,,0.851492,-3.262170,,,54.201656,43.989681,0.246084,0.240201,,,,-0.278649,1.279329,0.741987,,,,,,
36461,-0.278411,1.279386,0.735663,-0.292880,1.269549,0.716646,0.886263,-2.057724,0.988829,-1.304868,56.420353,44.594963,56.496132,46.270145,0.242536,0.231008,-0.017329,0.002417,-0.019017,,,,,,,,,
36464,,,,,,,,,,,,,,,,,,,,-0.272907,1.284851,0.724175,,,,,,
36470,,,,,,,,,0.631752,-1.957303,,,54.070358,44.377125,0.267264,0.249982,,,,-0.267021,1.290330,0.703479,,,,,,
36480,,,,,,,,,0.796557,-0.652434,,,54.207485,44.417969,0.266335,0.249609,,,,-0.260594,1.295900,0.688791,,,,,,
36490,,,,,,,,,0.851492,-3.262170,,,54.867405,44.996880,0.260047,0.243740,,,,-0.254268,1.301268,0.668265,,,,,,
36500,,,,,,,,,0.851492,-1.957303,,,55.422661,44.939430,0.254694,0.244245,,,,-0.247640,1.306664,0.647823,,,,,,
36511,-0.247461,1.306642,0.646986,-0.257410,1.297403,0.615183,0.896862,-2.041268,1.043764,-2.609737,58.517548,45.935520,55.889854,45.435635,0.271519,0.252789,-0.013508,-0.001375,-0.031803,,,,,,,,,
36514,,,,,,,,,,,,,,,,,,,,-0.241235,1.311884,0.624488,,,,,,
36520,,,,,,,,,0.631752,-1.957303,,,56.282951,45.853142,0.268035,0.248630,,,,-0.234344,1.317132,0.604168,,,,,,
36530,,,,,,,,,0.851492,-1.957303,,,56.613701,45.659889,0.265108,0.250618,,,,-0.227496,1.322150,0.581012,,,,,,
36540,,,,,,,,,0.796557,-1.957302,,,56.891994,45.497288,0.262651,0.252332,,,,-0.220615,1.326840,0.557931,,,,,,
36550,,,,,,,,,0.906427,-3.262171,,,57.670696,46.449558,0.255033,0.242706,,,,-0.213486,1.331352,0.534949,,,,,,
36561,-0.213134,1.331329,0.530671,-0.218868,1.321831,0.515048,0.907820,-2.016312,0.906427,-4.567039,59.817875,48.159817,59.959526,48.339886,0.245120,0.246010,-0.009753,-0.005290,-0.015623,,,,,,,,,
36579,,,,,,,,,0.494415,0.000000,,,43.823105,35.138760,0.411230,0.381905,,,,-0.206243,1.335802,0.512001,,,,,,
36582,,,,,,,,,,,,,,,,,,,,-0.191153,1.344610,0.460695,,,,,,
36590,,,,,,,,,0.878959,-1.304869,,,51.030880,42.090240,0.340909,0.313604,,,,-0.183683,1.348697,0.437989,,,,,,
36600,,,,,,,,,0.961362,-4.567040,,,53.828239,43.582870,0.314134,0.299593,,,,-0.175840,1.352673,0.409677,,,,,,
36611,-0.175294,1.352545,0.400680,-0.177675,1.342521,0.416202,0.917980,-1.989258,1.043764,1.304868,60.555351,50.746067,55.637394,45.383312,0.304400,0.308524,-0.006102,-0.008301,0.015522,,,,,,,,,
36614,,,,,,,,,,,,,,,,,,,,-0.168255,1.356348,0.387073,,,,,,
36620,,,,,,,,,0.851492,-4.567039,,,57.159618,46.353661,0.289857,0.299699,,,,-0.159856,1.360094,0.361719,,,,,,
36630,,,,,,,,,0.906427,-3.262171,,,58.440414,47.170113,0.277472,0.292249,,,,-0.150992,1.363816,0.336431,,,,,,
36640,,,,,,,,,1.016297,-1.957302,,,59.518078,48.401619,0.266903,0.280403,,,,-0.141936,1.367316,0.311206,,,,,,
36650,,,,,,,,,0.906427,-1.957303,,,60.424824,49.437805,0.257862,0.270303,,,,-0.132762,1.370409,0.286030,,,,,,
36661,-0.132759,1.370216,0.287445,-0.134325,1.359194,0.318383,0.926262,-1.965483,1.043764,-5.219473,60.977547,52.147438,63.365932,52.487827,0.232195,0.253748,-0.004626,-0.010126,0.030938,,,,,,,,,
36664,,,,,,,,,,,,,,,,,,,,-0.124057,1.373279,0.263676,,,,,,
36670,,,,,,,,,0.824024,1.304869,,,60.939693,50.153225,0.256465,0.277493,,,,-0.115050,1.376041,0.246944,,,,,,
36680,,,,,,,,,0.933894,-1.304869,,,61.076427,50.367065,0.255078,0.275711,,,,-0.105480,1.378618,0.221875,,,,,,
36690,,,,,,,,,0.933894,-2.609737,,,61.736019,51.091534,0.248330,0.268677,,,,-0.096093,1.380927,0.205106,,,,,,
36700,,,,,,,,,0.961362,-1.957303,,,61.746456,51.701099,0.248072,0.262671,,,,-0.086590,1.382905,0.188471,,,,,,
36710,-0.086545,1.382793,0.188569,-0.089372,1.371622,0.221193,0.931773,-1.948636,,,61.156132,52.513519,61.755238,51.669445,0.247829,0.263083,-0.004871,-0.010443,0.032624,,,,,,,,,
36713,,,,,,,,,1.016297,1.957302,,,,,,,,,,-0.077581,1.384804,0.166236,,,,,,
36720,,,,,,,,,0.878959,-5.219473,,,62.307171,52.731899,0.243865,0.256076,,,,-0.068547,1.386552,0.149563,,,,,,
36730,,,,,,,,,0.878959,-1.304869,,,62.227024,52.536762,0.244452,0.258022,,,,-0.059443,1.388052,0.132891,,,,,,
36740,,,,,,,,,1.016297,-1.957302,,,62.704132,52.917114,0.239372,0.254138,,,,-0.050108,1.389264,0.116210,,,,,,
36750,,,,,,,,,0.851492,-1.957303,,,62.016483,52.692600,0.246076,0.256347,,,,-0.040161,1.390421,0.099670,,,,,,
36761,-0.040516,1.390280,0.098921,-0.043415,1.379640,0.124227,0.933890,-1.940257,1.126167,-0.652435,61.753487,52.731384,64.160614,55.226410,0.230127,0.232689,-0.003936,-0.010302,0.025306,,,,,,,,,
36764,,,,,,,,,,,,,,,,,,,,-0.030485,1.391348,0.085799,,,,,,
36770,,,,,,,,,0.686687,-1.957303,,,61.608337,52.457470,0.255679,0.260433,,,,-0.020899,1.392246,0.071987,,,,,,
36780,,,,,,,,,0.988829,-1.304868,,,61.094482,52.850399,0.260949,0.256480,,,,-0.011766,1.392882,0.055391,,,,,,
36790,,,,,,,,,0.933894,-1.304869,,,61.751209,52.636467,0.254382,0.258638,,,,-0.002392,1.393359,0.038843,,,,,,
36800,,,,,,,,,0.878959,-2.609737,,,61.759235,53.001007,0.254301,0.254939,,,,0.006876,1.393725,0.027700,,,,,,
36810,0.006584,1.393577,0.022731,0.002933,1.383157,0.027146,0.932312,-1.939656,,,62.301575,52.049866,61.765991,53.307732,0.254231,0.251757,-0.003887,-0.010334,0.004415,,,,,,,,,
36813,,,,,,,,,1.016297,1.957302,,,,,,,,,,0.015925,1.394131,0.008326,,,,,,
36820,,,,,,,,,0.878959,-5.219473,,,61.771675,53.565811,0.259761,0.242057,,,,0.025158,1.394400,-0.011055,,,,,,
36830,,,,,,,,,0.933894,-1.304869,,,62.320999,52.693871,0.254264,0.250648,,,,0.034614,1.394654,-0.027678,,,,,,
36835,,,,,,,,,,,,,,,,,,,,0.034614,1.394654,-0.027678,,,,,,
36840,,,,,,,,,0.906427,-1.957303,,,62.238659,53.049309,0.255100,0.246894,,,,0.044142,1.394549,-0.047054,,,,,,
36850,,,,,,,,,0.878959,-2.609737,,,62.169376,52.803829,0.255819,0.249198,,,,0.053370,1.394037,-0.069181,,,,,,
36861,0.053129,1.393853,-0.072412,0.049052,1.382169,-0.070177,0.927049,-1.943986,1.071232,-1.957303,62.258995,51.809849,64.289253,54.230911,0.233788,0.232042,-0.003221,-0.011948,0.002234,,,,,,,,,
36864,,,,,,,,,,,,,,,,,,,,0.062378,1.393546,-0.088587,,,,,,
36870,,,,,,,,,0.741622,-1.957302,,,62.261116,52.164398,0.254069,0.252637,,,,0.071828,1.392836,-0.107980,,,,,,
36880,,,,,,,,,0.878959,-2.609737,,,62.188274,51.514721,0.254812,0.259193,,,,0.081163,1.391903,-0.130158,,,,,,
36890,,,,,,,,,0.878959,-1.304869,,,61.582439,51.512627,0.261005,0.259273,,,,0.090564,1.390752,-0.152335,,,,,,
36900,,,,,,,,,0.988829,-2.609737,,,62.161777,52.055408,0.255232,0.253796,,,,0.099770,1.389343,-0.174525,,,,,,
36910,0.099967,1.389162,-0.176901,0.094352,1.376762,-0.167612,0.918368,-1.948535,,,61.503754,51.405670,62.104691,51.423019,0.255833,0.260197,-0.003345,-0.013194,0.009289,,,,,,,,,
36913,,,,,,,,,0.851492,-1.957303,,,,,,,,,,0.108838,1.387844,-0.196764,,,,,,
36920,,,,,,,,,0.988829,-2.609737,,,62.601200,51.980015,0.243096,0.250471,,,,0.117560,1.386220,-0.216267,,,,,,
36930,,,,,,,,,0.906427,-1.957303,,,62.474419,51.904125,0.244170,0.251130,,,,0.126443,1.384406,-0.238557,,,,,,
36940,,,,,,,,,0.906427,-1.957303,,,62.367744,51.840271,0.245064,0.251681,,,,0.135572,1.382108,-0.260853,,,,,,
36950,,,,,,,,,0.933894,-1.304869,,,62.277988,51.786545,0.245807,0.252143,,,,0.144336,1.379867,-0.280439,,,,,,
36960,0.144115,1.379941,-0.274488,0.138278,1.367120,-0.264708,0.906693,-1.947302,0.851492,-0.652435,,,61.657925,51.741341,0.251976,0.252527,,,,,,,,,,,,
36963,,,,,,,,,,,61.105873,51.019569,,,,,-0.002144,-0.013924,0.009780,0.152996,1.377477,-0.299997,,,,,,
36970,,,,,,,,,0.961362,-3.262171,,,62.225292,51.703304,0.242100,0.248910,,,,0.161810,1.374941,-0.319605,,,,,,
36980,,,,,,,,,0.824024,-1.304869,,,61.613586,51.671303,0.248116,0.249100,,,,0.170899,1.372017,-0.339238,,,,,,
36990,,,,,,,,,0.961362,-3.262171,,,62.187984,51.644375,0.242155,0.249244,,,,0.179553,1.369132,-0.358907,,,,,,
37000,,,,,,,,,0.851492,-1.957303,,,61.582195,51.077175,0.248118,0.254905,,,,0.188199,1.365985,-0.378614,,,,,,
37011,0.187887,1.366019,-0.378086,0.180338,1.353522,-0.360696,0.892474,-1.933865,1.016297,-4.567039,59.896946,50.294220,,,,,-0.002402,-0.014401,0.017390,0.196744,1.362752,-0.398360,,,,,,
37014,,,,,,,,,,,,,64.339745,54.411736,0.207564,0.213482,,,,,,,,,,,,
37020,,,,,,,,,0.796557,0.652434,,,61.214516,50.682915,0.238553,0.250692,,,,0.205100,1.359434,-0.418169,,,,,,
37030,,,,,,,,,0.906427,-0.652435,,,60.763119,50.812744,0.242894,0.249290,,,,0.213411,1.355736,-0.440821,,,,,,
37040,,,,,,,,,0.906427,-1.957303,,,60.927856,50.921986,0.241040,0.248072,,,,0.221790,1.351851,-0.457825,,,,,,
37050,,,,,,,,,0.824024,-1.304869,,,60.521927,51.013901,0.244975,0.247009,,,,0.230156,1.347643,-0.477717,,,,,,
37060,0.229944,1.347612,-0.480302,,,,,,0.878959,-2.609737,,,60.724918,50.546696,0.242779,0.251631,,,,,,,,,,,,
37063,,,,0.220118,1.336342,-0.454580,0.876054,-1.902474,,,58.244289,49.253353,,,,,-0.003507,-0.014535,0.025723,0.238152,1.343427,-0.497625,,,,,,
37070,,,,,,,,,0.933894,-2.609737,,,60.895718,50.698132,0.224014,0.239419,,,,0.246139,1.339289,-0.517677,,,,,,
37080,,,,,,,,,0.878959,-1.304869,,,60.494884,50.825550,0.227573,0.237830,,,,0.254025,1.335096,-0.537780,,,,,,
37090,,,,,,,,,0.906427,-0.652435,,,60.702168,50.932758,0.225008,0.236422,,,,0.261628,1.330752,-0.557897,,,,,,
37100,,,,,,,,,0.878959,-1.304869,,,60.332031,51.022964,0.228292,0.235166,,,,0.269165,1.326260,-0.578119,,,,,,
37111,0.269082,1.326234,-0.575383,0.257290,1.316033,-0.545225,0.857559,-1.849165,1.043764,-2.609737,56.603481,48.099747,62.198772,52.732494,0.192097,0.205608,-0.004343,-0.014975,0.030159,,,,,,,,,
37114,,,,,,,,,,,,,,,,,,,,0.276729,1.321597,-0.595446,,,,,,
37120,,,,,,,,,0.659220,-2.609737,,,59.413101,49.814545,0.219392,0.234445,,,,0.284274,1.316813,-0.609960,,,,,,
37130,,,,,,,,,0.824024,0.000000,,,58.702866,49.537556,0.226075,0.236927,,,,0.291671,1.311790,-0.630286,,,,,,
37140,,,,,,,,,0.824024,-2.609737,,,58.649818,49.304497,0.226196,0.239017,,,,0.298834,1.306708,-0.644851,,,,,,
37150,,,,,,,,,0.906427,-1.957303,,,58.605183,49.652946,0.226242,0.235222,,,,0.305965,1.301424,-0.659444,,,,,,
37161,0.305958,1.301286,-0.660599,0.291602,1.293130,-0.631467,0.836837,-1.772536,0.961362,-4.567040,54.595139,46.403503,58.567627,49.401588,0.205740,0.220173,-0.006332,-0.015249,0.029131,,,,,,,,,
37164,,,,,,,,,,,,,,,,,,,,0.312852,1.295815,-0.674092,,,,,,
37170,,,,,,,,,0.796557,1.957302,,,57.991486,49.734638,0.210822,0.216177,,,,0.319512,1.290401,-0.688747,,,,,,
37180,,,,,,,,,0.796557,-1.957302,,,58.051262,49.470322,0.209533,0.218206,,,,0.326219,1.284980,-0.706422,,,,,,
37190,,,,,,,,,0.741622,-0.652433,,,57.012470,48.703384,0.219437,0.225416,,,,0.332591,1.279548,-0.721204,,,,,,
37200,,,,,,,,,0.906427,-1.957303,,,57.227520,48.602627,0.216760,0.225984,,,,0.338840,1.273937,-0.735992,,,,,,
37212,0.338970,1.273760,-0.737876,0.322911,1.268216,-0.712313,0.813456,-1.673957,0.906427,-4.567039,52.470901,44.591892,57.408463,48.517849,0.192721,0.207930,-0.008153,-0.014905,0.025563,0.344704,1.268551,-0.750872,,,,,,
37220,,,,,,,,,0.769089,1.304867,,,57.016163,48.446518,0.195735,0.207872,,,,0.350678,1.262912,-0.765768,,,,,,
37230,,,,,,,,,0.769089,-1.304867,,,56.141541,47.841957,0.203747,0.213268,,,,0.356716,1.257294,-0.780728,,,,,,
37240,,,,,,,,,0.796557,-0.652434,,,55.950176,47.877819,0.204965,0.212252,,,,0.362716,1.251273,-0.795684,,,,,,
37250,,,,,,,,,0.796557,-1.957302,,,55.244617,47.363453,0.211466,0.216842,,,,0.368506,1.245432,-0.810688,,,,,,
37261,0.368392,1.245447,-0.812788,0.351142,1.241920,-0.786962,0.786797,-1.557140,0.824024,1.304869,50.184933,42.902096,54.650963,46.930664,0.193649,0.203466,-0.009297,-0.014952,0.025826,,,,,,,,,
37264,,,,,,,,,,,,,,,,,,,,0.374286,1.239357,-0.825758,,,,,,
37270,,,,,,,,,0.714154,-3.914605,,,54.696003,46.566517,0.192297,0.206374,,,,0.379936,1.233135,-0.837856,,,,,,
37280,,,,,,,,,0.741622,-0.652433,,,53.644814,46.260124,0.202117,0.208767,,,,0.385346,1.226983,-0.849996,,,,,,
37290,,,,,,,,,0.769089,-1.304867,,,53.304886,46.002323,0.204892,0.210725,,,,0.390573,1.220988,-0.868200,,,,,,
37300,,,,,,,,,0.769089,-1.304867,,,53.018871,45.785412,0.207185,0.212317,,,,0.395866,1.214895,-0.880462,,,,,,
37312,0.395701,1.215044,-0.880257,0.376309,1.214881,-0.854908,0.756151,-1.427250,0.988829,-2.609737,47.135597,40.475613,52.778217,45.602901,0.177970,0.188852,-0.012226,-0.015053,0.025349,0.401091,1.208578,-0.895892,,,,,,
37320,,,,,,,,,0.549350,-1.304868,,,53.120277,45.449337,0.173352,0.189393,,,,0.405918,1.202516,-0.911240,,,,,,
37330,,,,,,,,,0.741622,-1.957302,,,52.319000,44.775585,0.180328,0.195270,,,,0.410809,1.196132,-0.923591,,,,,,
37340,,,,,,,,,0.714155,0.000000,,,51.644806,44.208691,0.186169,0.200193,,,,0.415477,1.189985,-0.939143,,,,,,
37350,,,,,,,,,0.741622,-1.957302,,,51.077538,44.276249,0.191053,0.198757,,,,0.420122,1.183829,-0.954887,,,,,,
37361,0.419940,1.183959,-0.956835,0.398489,1.187737,-0.915915,0.720878,-1.289886,0.878959,-1.304869,43.310513,38.035263,52.778412,45.422176,0.133900,0.161417,-0.015446,-0.015356,0.040920,,,,,,,,,
37364,,,,,,,,,,,,,,,,,,,,0.424621,1.177447,-0.964271,,,,,,
37370,,,,,,,,,0.494415,-1.304868,,,49.853180,42.574558,0.161843,0.188985,,,,0.428929,1.171098,-0.980042,,,,,,
37380,,,,,,,,,0.741622,-0.652433,,,49.570065,42.356747,0.163423,0.190299,,,,0.433156,1.164910,-0.995878,,,,,,
37390,,,,,,,,,0.659220,-1.304869,,,48.787308,42.173481,0.170155,0.191304,,,,0.437133,1.158413,-1.008581,,,,,,
37400,,,,,,,,,0.714154,-1.304868,,,48.128696,41.474735,0.175777,0.197604,,,,0.441000,1.152133,-1.018269,,,,,,
37410,0.440626,1.152686,-1.018589,,,,,,0.604285,-1.304869,,,47.574539,40.886810,0.180466,0.202912,,,,,,,,,,,,
37413,,,,0.417813,1.161099,-0.969978,0.680531,-1.150253,,,39.246407,34.958920,,,,,-0.019130,-0.015009,0.048610,0.444876,1.145754,-1.024827,,,,,,
37420,,,,,,,,,0.659220,0.000000,,,46.563728,40.936676,0.148470,0.170455,,,,0.448601,1.139480,-1.034321,,,,,,
37430,,,,,,,,,0.686687,-1.957303,,,46.257778,40.434090,0.150127,0.174386,,,,0.452138,1.133361,-1.044150,,,,,,
37440,,,,,,,,,0.631752,0.652435,,,45.455807,40.555756,0.156905,0.172050,,,,0.455341,1.127624,-1.053653,,,,,,
37450,,,,,,,,,0.659220,-1.304869,,,45.325573,40.113583,0.156991,0.175440,,,,0.458486,1.122005,-1.060047,,,,,,
37460,0.458339,1.122299,-1.059306,0.434449,1.135538,-1.017272,0.634949,-1.012629,0.631752,-0.652435,,,44.671448,39.741539,0.162448,0.178204,,,,,,,,,,,,
37463,,,,,,,,,,,35.079422,31.147615,,,,,-0.023238,-0.014353,0.042033,0.461532,1.116293,-1.066365,,,,,,
37470,,,,,,,,,0.631752,-0.652435,,,44.121067,39.428501,0.124473,0.141566,,,,0.464462,1.110757,-1.072576,,,,,,
37480,,,,,,,,,0.604285,-1.304869,,,43.657978,38.620567,0.127388,0.148150,,,,0.467423,1.105167,-1.082415,,,,,,
37490,,,,,,,,,0.604285,0.000000,,,42.723793,37.940773,0.135201,0.153590,,,,0.470482,1.099816,-1.088858,,,,,,
37500,,,,,,,,,0.521882,-0.652434,,,41.393227,37.368793,0.147244,0.158065,,,,0.473224,1.094341,-1.095626,,,,,,
37510,0.473015,1.094760,-1.095316,0.448601,1.111544,-1.058126,0.584343,-0.880243,,,,,40.818230,36.342987,0.151846,0.167284,,,,,,,,,,,,
37513,,,,,,,,,0.714154,-1.304868,30.915543,27.396595,,,,,-0.026098,-0.014022,0.037190,0.475971,1.088863,-1.105537,,,,,,
37520,,,,,,,,,0.412012,-0.652434,,,40.334427,36.024418,0.113162,0.131234,,,,0.478624,1.083558,-1.115439,,,,,,
37530,,,,,,,,,0.521882,-0.652434,,,39.382812,35.211830,0.120985,0.137797,,,,0.480983,1.078657,-1.122241,,,,,,
37540,,,,,,,,,0.521882,-0.652434,,,38.582127,34.528118,0.127458,0.143208,,,,0.483174,1.073917,-1.128502,,,,,,
37550,,,,,,,,,0.521882,-0.652434,,,37.908428,33.408298,0.132797,0.153204,,,,,,,,,,,,
37553,,,,,,,,,,,,,,,,,,,,0.485371,1.069054,-1.138313,,,,,,
37561,0.485303,1.069247,-1.137443,0.460484,1.089538,-1.092938,0.529295,-0.755238,0.521882,0.652434,26.298433,23.577040,38.430664,34.099712,0.078977,0.105989,-0.028837,-0.014004,0.044505,,,,,,,,,
37569,,,,,,,,,0.466947,-1.957303,,,36.147358,31.958752,0.099840,0.125723,,,,0.487482,1.064086,-1.145000,,,,,,
37572,,,,,,,,,,,,,,,,,,,,0.489596,1.059244,-1.151795,,,,,,
37580,,,,,,,,,0.412012,-0.652434,,,34.770729,31.246435,0.111912,0.131312,,,,0.491645,1.054708,-1.158440,,,,,,
37585,,,,,,,,,,,,,,,,,,,,0.491645,1.054708,-1.158440,,,,,,
37590,,,,,,,,,0.466947,-0.652434,,,33.612431,30.647093,0.122032,0.135891,,,,0.493600,1.049972,-1.165371,,,,,,
37600,,,,,,,,,0.412012,-0.652434,,,33.182384,29.598263,0.124956,0.145175,,,,0.495488,1.045632,-1.169088,,,,,,
37611,0.495333,1.046033,-1.169171,0.470323,1.069835,-1.122173,0.470736,-0.638928,0.549350,0.000000,21.562037,19.392395,33.365086,30.349407,0.073404,0.093626,-0.031685,-0.013716,0.046998,,,,,,,,,
37614,,,,,,,,,,,,,,,,,,,,0.497160,1.041664,-1.175583,,,,,,
37620,,,,,,,,,0.329610,-1.304868,,,31.340637,28.258703,0.091693,0.112760,,,,0.498665,1.037890,-1.178560,,,,,,
37630,,,,,,,,,0.384545,0.000000,,,30.726353,27.588671,0.096003,0.117821,,,,0.500271,1.034073,-1.185067,,,,,,
37640,,,,,,,,,0.412012,-0.652434,,,29.664951,27.024906,0.104996,0.121932,,,,0.501807,1.030220,-1.188675,,,,,,
37650,,,,,,,,,0.357077,0.652434,,,28.771889,26.550554,0.112485,0.125244,,,,0.503256,1.026322,-1.191808,,,,,,
37661,0.503193,1.026604,-1.187172,0.478335,1.052660,-1.146297,0.409884,-0.531959,0.494415,-1.304868,17.141043,15.227212,,,,,-0.033466,-0.013299,0.040875,,,,,,,,,
37664,,,,,,,,,,,,,29.654095,26.695978,0.056950,0.079844,,,,0.504569,1.022619,-1.195621,,,,,,
37670,,,,,,,,,0.274675,0.000000,,,27.673668,24.640165,0.074648,0.098520,,,,0.505807,1.019202,-1.198619,,,,,,
37680,,,,,,,,,0.302142,-0.652434,,,26.551880,23.999491,0.083984,0.103172,,,,0.507044,1.015991,-1.205554,,,,,,
37690,,,,,,,,,0.357077,-0.652434,,,25.608007,22.915884,0.091729,0.112470,,,,0.508395,1.012789,-1.211850,,,,,,
37700,,,,,,,,,0.302142,-0.652434,,,24.813833,22.548681,0.098136,0.114678,,,,0.509620,1.009838,-1.218987,,,,,,
37710,0.509536,1.010062,-1.219055,0.484730,1.038132,-1.165789,0.348172,-0.434594,0.302142,-0.652434,,,24.690159,21.695173,0.097863,0.121919,,,,,,,,,,,,
37713,,,,,,,,,,,12.547922,11.281783,,,,,-0.034898,-0.013616,0.053266,0.510533,1.007065,-1.225486,,,,,,
37720,,,,,,,,,0.302142,-0.652434,,,24.041555,20.977032,0.056119,0.087708,,,,,,,,,,,,
37727,,,,,,,,,,,,,,,,,,,,0.511415,1.004445,-1.232013,,,,,,
37730,,,,,,,,,0.247207,-0.652434,,,22.951277,19.828245,0.064941,0.097486,,,,0.512349,1.001972,-1.238786,,,,,,
37740,,,,,,,,,0.274675,0.000000,,,22.033916,19.406199,0.072218,0.100082,,,,0.513235,0.999477,-1.245355,,,,,,
37750,,,,,,,,,0.274675,-1.304868,,,21.262051,17.962002,0.078194,0.113188,,,,0.514095,0.996991,-1.252306,,,,,,
37761,0.514076,0.996994,-1.254990,0.489713,1.026257,-1.181138,0.287190,-0.346885,0.274675,0.000000,8.256600,7.641699,21.157146,18.380486,0.033749,0.070454,-0.035382,-0.014070,0.073852,,,,,,,,,
37764,,,,,,,,,,,,,,,,,,,,0.514851,0.994465,-1.259337,,,,,,
37770,,,,,,,,,0.137337,-0.652434,,,19.435249,16.554424,0.048733,0.086932,,,,0.515566,0.992146,-1.262837,,,,,,
37780,,,,,,,,,0.192272,-0.652434,,,18.530989,15.562520,0.055720,0.095267,,,,0.516262,0.989682,-1.266403,,,,,,
37790,,,,,,,,,0.219740,0.000000,,,17.225601,15.272475,0.066980,0.096641,,,,0.516907,0.987326,-1.269979,,,,,,
37800,,,,,,,,,0.164805,0.000000,,,16.671791,14.483889,0.070835,0.103159,,,,0.517433,0.985182,-1.270107,,,,,,
37810,0.517365,0.985516,-1.268838,0.493471,1.016952,-1.192816,0.228549,-0.268764,,,4.010818,3.595443,16.205816,13.820372,0.073905,0.108558,-0.037120,-0.013464,0.076022,,,,,,,,,
37813,,,,,,,,,0.219740,0.000000,,,,,,,,,,0.517908,0.983722,-1.270045,,,,,,
37820,,,,,,,,,0.164805,0.000000,,,15.269201,13.806632,0.038562,0.066191,,,,0.518370,0.982322,-1.273311,,,,,,
37830,,,,,,,,,0.164805,0.000000,,,13.936590,13.250528,0.049903,0.069821,,,,0.518779,0.981088,-1.272904,,,,,,
37840,,,,,,,,,0.109870,0.000000,,,13.359875,12.238079,0.053800,0.078217,,,,0.519095,0.979733,-1.272744,,,,,,
37850,,,,,,,,,0.164805,0.000000,,,12.874626,11.930748,0.056880,0.079623,,,,0.519339,0.978497,-1.272640,,,,,,
37861,0.519379,0.978426,-1.272321,0.496190,1.010017,-1.201328,0.173821,-0.200179,,,0.599186,0.253710,11.921795,10.583073,0.030028,0.057617,-0.037013,-0.012874,0.070993,,,,,,,,,
37864,,,,,,,,,0.082402,-0.652434,,,,,,,,,,0.519611,0.977224,-1.269041,,,,,,
37870,,,,,,,,,0.109870,0.000000,,,11.120083,9.993682,0.035940,0.061563,,,,0.519931,0.976086,-1.272590,,,,,,
37880,,,,,,,,,0.082402,0.652434,,,9.900979,9.497769,0.046271,0.064673,,,,0.520326,0.974980,-1.269292,,,,,,
37890,,,,,,,,,0.054935,0.000000,,,8.875225,8.535965,0.054873,0.072634,,,,0.520592,0.973910,-1.272693,,,,,,
37900,,,,,,,,,0.082402,-0.652434,,,8.556700,7.726703,0.056467,0.079232,,,,0.520873,0.972808,-1.269563,,,,,,
37910,0.520815,0.973060,-1.269795,,,,,,0.054935,0.000000,,,7.744149,7.045790,0.063164,0.084683,,,,,,,,,,,,
37913,,,,0.498024,1.005240,-1.207100,0.124496,-0.141164,,,-2.629351,-2.927710,,,,,-0.037491,-0.012226,0.062695,0.521135,0.971805,-1.269982,,,,,,
37920,,,,,,,,,0.054935,0.000000,,,7.060469,6.472870,0.035777,0.056718,,,,0.521253,0.971507,-1.266465,,,,,,
37930,,,,,,,,,0.082402,-0.652434,,,7.029764,5.990815,0.034152,0.059755,,,,0.521304,0.971283,-1.269508,,,,,,
37940,,,,,,,,,0.027467,0.652434,,,5.914843,5.585214,0.043593,0.062108,,,,0.521327,0.971069,-1.272904,,,,,,
37950,,,,,,,,,-0.000000,0.000000,,,4.976748,4.699399,0.051453,0.069441,,,,0.521319,0.970959,-1.276095,,,,,,
37961,0.521277,0.971135,-1.275567,0.499155,1.002253,-1.210671,0.081910,-0.091890,0.027467,-0.652434,-4.985186,-5.164635,4.731978,3.954073,0.028398,0.052701,-0.036208,-0.012111,0.064896,,,,,,,,,
37964,,,,,,,,,,,,,,,,,,,,0.521363,0.970916,-1.279406,,,,,,
37970,,,,,,,,,0.027467,0.652434,,,3.981486,3.871500,0.034110,0.051720,,,,0.521390,0.970873,-1.279406,,,,,,
37980,,,,,,,,,-0.000000,0.000000,,,3.350021,3.257479,0.038758,0.056176,,,,0.521384,0.970885,-1.279406,,,,,,
37990,,,,,,,,,-0.000000,0.000000,,,2.818707,2.740843,0.042510,0.059761,,,,0.521368,0.970955,-1.279406,,,,,,
38000,,,,,,,,,-0.000000,0.000000,,,2.371660,2.306145,0.045509,0.062614,,,,0.521314,0.971119,-1.279452,,,,,,
38011,0.521311,0.971120,-1.279126,0.499746,1.000679,-1.212542,0.047237,-0.052641,-0.000000,0.000000,-6.712303,-6.808979,1.995514,1.940390,0.030258,0.048078,-0.034512,-0.012155,0.066585,,,,,,,,,
38014,,,,,,,,,,,,,,,,,,,,0.521241,0.971390,-1.275895,,,,,,
38020,,,,,,,,,-0.000000,0.000000,,,1.679026,1.632644,0.031744,0.049467,,,,0.521167,0.971788,-1.275627,,,,,,
38030,,,,,,,,,-0.000000,0.000000,,,1.412732,1.373706,0.032782,0.050420,,,,0.521055,0.972292,-1.278918,,,,,,
38040,,,,,,,,,-0.000000,0.000000,,,1.188672,1.155836,0.033443,0.051006,,,,0.520922,0.972790,-1.278630,,,,,,
38050,,,,,,,,,-0.000000,0.000000,,,1.000149,0.972520,0.033786,0.051283,,,,0.520739,0.973435,-1.278422,,,,,,
38061,0.520787,0.973241,-1.278481,0.499969,1.000083,-1.213247,0.021470,-0.023841,-0.000000,0.000000,-7.554771,-7.600121,0.841525,0.818279,0.025268,0.043230,-0.031703,-0.012200,0.065234,,,,,,,,,
38064,,,,,,,,,,,,,,,,,,,,0.520573,0.974109,-1.278197,,,,,,
38070,,,,,,,,,-0.000000,0.000000,,,0.708059,0.688500,0.024950,0.042870,,,,0.520335,0.974882,-1.278171,,,,,,
38080,,,,,,,,,-0.000000,0.000000,,,0.595761,0.579303,0.024443,0.042326,,,,0.520119,0.975728,-1.278074,,,,,,
38090,,,,,,,,,-0.000000,0.000000,,,0.501273,0.487426,0.023776,0.041627,,,,0.519929,0.976352,-1.278028,,,,,,
38100,,,,,,,,,-0.000000,0.000000,,,0.421771,0.410120,0.022976,0.040798,,,,0.519947,0.976287,-1.278041,,,,,,
38110,0.520018,0.976031,-1.278078,0.500000,1.000000,-1.213346,0.005481,-0.006077,,,-7.731351,-7.743062,0.354878,0.345075,0.022063,0.039860,-0.028726,-0.012250,0.064732,,,,,,,,,
38113,,,,,,,,,-0.000000,0.000000,,,,,,,,,,0.519954,0.976232,-1.278093,,,,,,
38120,,,,,,,,,-0.000000,0.000000,,,0.298594,0.290346,0.019254,0.037371,,,,0.519985,0.976095,-1.278102,,,,,,
38130,,,,,,,,,-0.000000,0.000000,,,0.251237,0.244297,0.018131,0.036234,,,,0.519947,0.976228,-1.278081,,,,,,
38140,,,,,,,,,-0.000000,0.000000,,,0.211391,0.205552,0.016941,0.035032,,,,0.519900,0.976380,-1.278053,,,,,,
38150,,,,,,,,,-0.000000,0.000000,,,0.177864,0.172951,0.015695,0.033774,,,,0.519856,0.976481,-1.278041,,,,,,
38161,0.519870,0.976443,-1.278044,0.500000,1.000000,-1.213346,0.000000,0.000000,-0.000000,0.000000,-7.956262,-7.956262,0.149655,0.145521,0.012106,0.030296,-0.028289,-0.012226,0.064698,,,,,,,,,
38164,,,,,,,,,,,,,,,,,,,,0.519846,0.976524,-1.278053,,,,,,
38170,,,,,,,,,-0.000000,0.000000,,,0.125920,0.122441,0.010727,0.028911,,,,0.519870,0.976468,-1.278053,,,,,,
38180,,,,,,,,,-0.000000,0.000000,,,0.105949,0.103022,0.009315,0.027494,,,,0.519879,0.976420,-1.278053,,,,,,
38190,,,,,,,,,-0.000000,0.000000,,,0.089145,0.086683,0.007874,0.026049,,,,0.519893,0.976373,-1.278053,,,,,,
38200,,,,,,,,,-0.000000,0.000000,,,0.075007,0.072935,0.006409,0.024580,,,,0.519891,0.976393,-1.278053,,,,,,
38211,0.519889,0.976397,-1.278052,0.500000,1.000000,-1.213346,0.000000,0.000000,-0.000000,0.000000,-7.970152,-7.970152,0.063111,0.061367,0.004782,0.022951,-0.028338,-0.012231,0.064706,0.519886,0.976400,-1.278053,,,,,,
38220,,,,,,,,,-0.000000,0.000000,,,0.053101,0.051635,0.003278,0.021444,,,,0.519878,0.976424,-1.278053,,,,,,
38230,,,,,,,,,-0.000000,0.000000,,,0.044680,0.043445,0.001759,0.019923,,,,0.519873,0.976425,-1.278053,,,,,,
38240,,,,,,,,,-0.000000,0.000000,,,0.037593,0.036555,0.000228,0.018390,,,,0.519870,0.976419,-1.278064,,,,,,
38250,,,,,,,,,-0.000000,0.000000,,,0.031631,0.030757,-0.001313,0.016848,,,,0.519878,0.976406,-1.278053,,,,,,
38260,0.519879,0.976405,-1.278053,0.500000,1.000000,-1.213346,0.000000,0.000000,-0.000000,0.000000,,,0.026614,0.025879,-0.002862,0.015298,,,,,,,,,,,,
38263,,,,,,,,,,,-7.967146,-7.967146,,,,,-0.028328,-0.012225,0.064707,0.519884,0.976405,-1.278053,,,,,,
38270,,,,,,,,,-0.000000,0.000000,,,0.022393,0.021775,-0.004387,0.013771,,,,0.519884,0.976408,-1.278053,,,,,,
38280,,,,,,,,,-0.000000,0.000000,,,0.018842,0.018321,-0.005949,0.012208,,,,0.519882,0.976413,-1.278053,,,,,,
38290,,,,,,,,,-0.000000,0.000000,,,0.015853,0.015415,-0.007516,0.010641,,,,0.519879,0.976413,-1.278053,,,,,,
38300,,,,,,,,,-0.000000,0.000000,,,0.013339,0.012971,-0.009087,0.009069,,,,,,,,,,,,
38303,,,,,,,,,,,,,,,,,,,,0.519881,0.976409,-1.278064,,,,,,
38311,0.519881,0.976409,-1.278063,0.500000,1.000000,-1.213346,0.000000,0.000000,-0.000000,0.000000,-7.966279,-7.966279,0.011223,0.010913,-0.010652,0.007503,-0.028325,-0.012227,0.064717,0.519881,0.976412,-1.278064,,,,,,
38320,,,,,,,,,-0.000000,0.000000,,,0.009443,0.009183,-0.012230,0.005925,,,,0.519889,0.976399,-1.278053,,,,,,
38330,,,,,,,,,-0.000000,0.000000,,,0.007946,0.007726,-0.013810,0.004345,,,,0.519885,0.976413,-1.278053,,,,,,
38340,,,,,,,,,-0.000000,0.000000,,,0.006686,0.006501,-0.015392,0.002763,,,,0.519880,0.976412,-1.278053,,,,,,
38350,,,,,,,,,-0.000000,0.000000,,,0.005625,0.005470,-0.016975,0.001179,,,,0.519879,0.976408,-1.278053,,,,,,
38361,0.519879,0.976408,-1.278054,0.500000,1.000000,-1.213346,0.000000,0.000000,-0.000000,0.000000,-7.966397,-7.966397,0.004733,0.004602,-0.018562,-0.000408,-0.028325,-0.012225,0.064708,,,,,,,,,
38364,,,,,,,,,,,,,,,,,,,,0.519882,0.976409,-1.278053,,,,,,
38370,,,,,,,,,-0.000000,0.000000,,,0.003982,0.003872,-0.020149,-0.001995,,,,0.519886,0.976407,-1.278053,,,,,,
38380,,,,,,,,,-0.000000,0.000000,,,0.003351,0.003258,-0.021736,-0.003582,,,,0.519886,0.976410,-1.278053,,,,,,
38390,,,,,,,,,-0.000000,0.000000,,,0.002819,0.002741,-0.023325,-0.005171,,,,0.519882,0.976409,-1.278053,,,,,,
38400,,,,,,,,,-0.000000,0.000000,,,0.002372,0.002307,-0.024914,-0.006760,,,,,,,,,,,,
38411,0.519882,0.976409,-1.278053,0.500000,1.000000,-1.213346,0.000000,0.000000,-0.000000,0.000000,-7.966336,-7.966336,0.001996,0.001941,-0.026503,-0.008350,-0.028325,-0.012228,0.064707,,,,,,,,,
38420,,,,,,,,,-0.000000,0.000000,,,0.001679,0.001633,-0.028094,-0.009940,,,,0.519883,0.976403,-1.278053,,,,,,
38430,,,,,,,,,-0.000000,0.000000,,,0.001413,0.001374,-0.029685,-0.011531,,,,0.519881,0.976405,-1.278053,,,,,,
38440,,,,,,,,,-0.000000,0.000000,,,0.001189,0.001156,-0.031276,-0.013123,,,,0.519890,0.976398,-1.278053,,,,,,
38450,,,,,,,,,-0.000000,0.000000,,,0.001000,0.000973,-0.032867,-0.014714,,,,0.519890,0.976406,-1.278053,,,,,,
38461,0.519889,0.976406,-1.278053,0.500000,1.000000,-1.213346,0.000000,0.000000,-0.000000,0.000000,-7.967734,-7.967734,0.000842,0.000818,-0.034474,-0.016320,-0.028330,-0.012234,0.064707,0.519886,0.976408,-1.278053,,,,,,
38470,,,,,,,,,-0.000000,0.000000,,,0.000708,0.000689,-0.036066,-0.017913,,,,0.519889,0.976403,-1.278053,,,,,,
38480,,,,,,,,,-0.000000,0.000000,,,0.000596,0.000579,-0.037658,-0.019505,,,,0.519886,0.976402,-1.278053,,,,,,
38490,,,,,,,,,-0.000000,0.000000,,,0.000501,0.000488,-0.039251,-0.021098,,,,0.519885,0.976400,-1.278053,,,,,,
38500,,,,,,,,,-0.000000,0.000000,,,0.000422,0.000410,-0.040844,-0.022691,,,,0.519892,0.976395,-1.278064,,,,,,
38511,0.519892,0.976396,-1.278063,0.500000,1.000000,-1.213346,0.000000,0.000000,-0.000000,0.000000,-7.970563,-7.970563,0.000355,0.000345,-0.042466,-0.024313,-0.028340,-0.012235,0.064717,0.519890,0.976403,-1.278053,,,,,,
38520,,,,,,,,,-0.000000,0.000000,,,0.000299,0.000290,-0.044059,-0.025906,,,,,,,,,,,,
38527,,,,,,,,,,,,,,,,,,,,0.519887,0.976404,-1.278053,,,,,,
38530,,,,,,,,,-0.000000,0.000000,,,0.000251,0.000244,-0.045653,-0.027500,,,,0.519885,0.976398,-1.278053,,,,,,
38540,,,,,,,,,-0.000000,0.000000,,,0.000211,0.000206,-0.047247,-0.029094,,,,0.519884,0.976398,-1.278053,,,,,,
38550,,,,,,,,,-0.000000,0.000000,,,0.000178,0.000173,-0.048841,-0.030688,,,,0.519889,0.976394,-1.278064,,,,,,
38561,0.519889,0.976394,-1.278063,0.500000,1.000000,-1.213346,0.000000,0.000000,-0.000000,0.000000,-7.970926,-7.970926,0.000150,0.000146,-0.050438,-0.032285,-0.028341,-0.012231,0.064718,,,,,,,,,
38564,,,,,,,,,,,,,,,,,,,,0.519889,0.976402,-1.278053,,,,,,
38570,,,,,,,,,-0.000000,0.000000,,,0.000126,0.000122,-0.052032,-0.033879,,,,0.519890,0.976404,-1.278053,,,,,,
38580,,,,,,,,,-0.000000,0.000000,,,0.000106,0.000103,-0.053626,-0.035473,,,,0.519890,0.976404,-1.278053,,,,,,
38590,,,,,,,,,-0.000000,0.000000,,,0.000089,0.000087,-0.055220,-0.037067,,,,0.519886,0.976400,-1.278053,,,,,,
38600,,,,,,,,,-0.027467,0.652434,,,-0.544468,0.000073,-0.051260,-0.038661,,,,0.519885,0.976398,-1.278053,,,,,,
38611,0.519851,0.976508,-1.275316,0.500000,1.000000,-1.213346,0.000000,0.000000,-0.000000,0.000000,-7.946560,-7.946560,-0.458115,0.000061,-0.053378,-0.040007,-0.028254,-0.012149,0.061970,,,,,,,,,
38614,,,,,,,,,,,,,,,,,,,,0.519890,0.976392,-1.278053,,,,,,
38620,,,,,,,,,-0.000000,0.000000,,,-0.385458,0.000052,-0.055616,-0.041596,,,,0.519891,0.976396,-1.278053,,,,,,
38630,,,,,,,,,-0.000000,0.000000,,,-0.324325,0.000043,-0.057752,-0.043185,,,,0.519895,0.976392,-1.278053,,,,,,
38640,,,,,,,,,-0.000000,0.000000,,,-0.272887,0.000037,-0.059801,-0.044775,,,,0.519893,0.976397,-1.278053,,,,,,
38650,,,,,,,,,-0.000000,0.000000,,,-0.229607,0.000031,-0.061777,-0.046364,,,,0.519896,0.976392,-1.278064,,,,,,
38661,0.519892,0.976402,-1.277833,0.500000,1.000000,-1.213346,0.000000,0.000000,-0.000000,0.000000,-7.969917,-7.969917,-0.193191,0.000026,-0.063930,-0.048191,-0.028337,-0.012230,0.064487,,,,,,,,,
38664,,,,,,,,,,,,,,,,,,,,0.519893,0.976389,-1.278053,,,,,,
38670,,,,,,,,,-0.000000,0.000000,,,-0.162551,0.000022,-0.065798,-0.049785,,,,0.519889,0.976394,-1.278053,,,,,,
38680,,,,,,,,,-0.000000,0.000000,,,-0.136770,0.000018,-0.067623,-0.051379,,,,0.519895,0.976391,-1.278053,,,,,,
38690,,,,,,,,,-0.000000,0.000000,,,-0.115079,0.000015,-0.069411,-0.052973,,,,0.519890,0.976399,-1.278053,,,,,,
38700,,,,,,,,,-0.027467,-0.652434,,,-0.096827,-0.544530,-0.071168,-0.049013,,,,0.519888,0.976398,-1.278053,,,,,,
38710,0.519888,0.976398,-1.278034,0.500000,1.000000,-1.213346,0.000000,0.000000,-0.000000,0.000000,,,-0.081470,-0.458168,-0.072899,-0.051379,,,,,,,,,,,,
38713,,,,,,,,,,,-7.969823,-7.969823,,,,,-0.028337,-0.012230,0.064689,0.519893,0.976391,-1.278053,,,,,,
38720,,,,,,,,,-0.000000,0.000000,,,-0.068549,-0.385502,-0.074608,-0.053621,,,,0.519894,0.976399,-1.278053,,,,,,
38730,,,,,,,,,-0.000000,0.000000,,,-0.057677,-0.324362,-0.076299,-0.055762,,,,0.519893,0.976399,-1.278053,,,,,,
38740,,,,,,,,,-0.000000,0.000000,,,-0.048530,-0.272918,-0.077974,-0.057816,,,,0.519899,0.976392,-1.278053,,,,,,
38750,,,,,,,,,-0.000000,0.000000,,,-0.040833,-0.229633,-0.079637,-0.059797,,,,0.519891,0.976398,-1.278053,,,,,,
38761,0.519891,0.976398,-1.278051,0.500000,1.000000,-1.213346,0.000000,0.000000,-0.000000,0.000000,-7.970029,-7.970029,-0.034357,-0.193213,-0.081291,-0.061718,-0.028338,-0.012234,0.064705,0.519893,0.976396,-1.278053,,,,,,
38770,,,,,,,,,-0.027467,0.652434,,,-0.573451,-0.162569,-0.077380,-0.063586,,,,0.519892,0.976398,-1.278053,,,,,,
38780,,,,,,,,,-0.000000,0.000000,,,-0.482502,-0.136786,-0.079787,-0.065411,,,,0.519892,0.976388,-1.278053,,,,,,
38790,,,,,,,,,-0.000000,0.000000,,,-0.405977,-0.115092,-0.082065,-0.067199,,,,0.519897,0.976391,-1.278053,,,,,,
38800,,,,,,,,,-0.000000,0.000000,,,-0.341589,-0.096838,-0.084234,-0.068956,,,,0.519892,0.976388,-1.278053,,,,,,
38810,0.519892,0.976389,-1.278053,0.500000,1.000000,-1.213346,0.000000,0.000000,-0.000000,0.000000,,,-0.287413,-0.081480,-0.086312,-0.070687,,,,,,,,,,,,
38813,,,,,,,,,,,-7.972630,-7.972630,,,,,-0.028347,-0.012232,0.064707,0.519888,0.976399,-1.278053,,,,,,
38820,,,,,,,,,-0.000000,0.000000,,,-0.241829,-0.068557,-0.088340,-0.072423,,,,0.519891,0.976399,-1.278053,,,,,,
38830,,,,,,,,,-0.000000,0.000000,,,-0.203475,-0.057684,-0.090278,-0.074115,,,,0.519891,0.976398,-1.278053,,,,,,
38840,,,,,,,,,-0.000000,0.000000,,,-0.171204,-0.048535,-0.092161,-0.075791,,,,0.519894,0.976386,-1.278053,,,,,,
38850,,,,,,,,,-0.000000,0.000000,,,-0.144051,-0.040837,-0.093998,-0.077454,,,,0.519893,0.976396,-1.278053,,,,,,
38861,0.519893,0.976395,-1.278053,0.500000,1.000000,-1.213346,0.000000,0.000000,-0.027467,-0.652434,-7.970914,-7.970914,-0.121204,-0.578904,-0.095779,-0.073535,-0.028341,-0.012235,0.064707,,,,,,,,,
38864,,,,,,,,,,,,,,,,,,,,0.519889,0.976412,-1.278053,,,,,,
38870,,,,,,,,,-0.000000,0.000000,,,-0.101981,-0.487090,-0.097545,-0.075950,,,,0.519893,0.976419,-1.278053,,,,,,
38880,,,,,,,,,-0.000000,0.000000,,,-0.085807,-0.409837,-0.099284,-0.078235,,,,0.519876,0.976432,-1.278053,,,,,,
38890,,,,,,,,,-0.000000,0.000000,,,-0.072198,-0.344837,-0.101000,-0.080410,,,,0.519866,0.976489,-1.281503,,,,,,
38900,,,,,,,,,-0.027467,-0.652434,,,-0.060747,-0.834689,-0.102696,-0.076939,,,,0.519851,0.976566,-1.281503,,,,,,
38911,0.519823,0.976663,-1.283952,0.500000,1.000000,-1.213346,0.000000,0.000000,-0.000000,0.000000,-7.872768,-7.872768,-0.051113,-0.702307,-0.103376,-0.078715,-0.027992,-0.012411,0.070606,,,,,,,,,
38914,,,,,,,,,,,,,,,,,,,,0.519836,0.976646,-1.281503,,,,,,
38920,,,,,,,,,-0.000000,0.000000,,,-0.043006,-0.590921,-0.105023,-0.081285,,,,0.519831,0.976702,-1.284959,,,,,,
38930,,,,,,,,,-0.000000,0.000000,,,-0.036186,-0.497201,-0.106658,-0.083698,,,,0.519828,0.976778,-1.284947,,,,,,
38940,,,,,,,,,-0.000000,0.000000,,,-0.030447,-0.418345,-0.108284,-0.085977,,,,0.519816,0.976806,-1.284947,,,,,,
38950,,,,,,,,,-0.000000,0.000000,,,-0.025618,-0.351995,-0.109902,-0.088145,,,,0.519809,0.976849,-1.284959,,,,,,
38960,0.519810,0.976834,-1.284874,0.500000,1.000000,-1.213346,0.000000,0.000000,,,-7.822414,-7.822414,-0.021555,-0.296169,-0.111513,-0.090218,-0.027813,-0.012472,0.071528,,,,,,,,,
38963,,,,,,,,,-0.000000,0.000000,,,,,,,,,,0.519809,0.976872,-1.284959,,,,,,
38970,,,,,,,,,-0.027467,-0.652434,,,-0.018136,-0.793740,-0.112604,-0.086145,,,,0.519797,0.976944,-1.288435,,,,,,
38980,,,,,,,,,-0.000000,0.000000,,,-0.015260,-0.667852,-0.114194,-0.088835,,,,0.519794,0.977002,-1.288435,,,,,,
38990,,,,,,,,,-0.000000,0.000000,,,-0.012840,-0.561931,-0.115781,-0.091346,,,,0.519786,0.977056,-1.288447,,,,,,
39000,,,,,,,,,-0.000000,0.000000,,,-0.010803,-0.472809,-0.117363,-0.093707,,,,0.519764,0.977111,-1.288447,,,,,,
39010,0.519768,0.977088,-1.288147,0.500000,1.000000,-1.213346,0.000000,0.000000,,,-7.738885,-7.738885,-0.009090,-0.397821,-0.118943,-0.095942,-0.027516,-0.012593,0.074801,,,,,,,,,
39013,,,,,,,,,-0.027467,0.652434,,,,,,,,,,0.519755,0.977152,-1.288435,,,,,,
39020,,,,,,,,,-0.027467,-0.652434,,,-0.552191,-0.879270,-0.114114,-0.091664,,,,0.519746,0.977224,-1.291899,,,,,,
39030,,,,,,,,,-0.000000,0.000000,,,-0.464614,-0.739818,-0.116445,-0.094458,,,,0.519720,0.977276,-1.291899,,,,,,
39040,,,,,,,,,-0.000000,0.000000,,,-0.390926,-0.622482,-0.118651,-0.097055,,,,0.519695,0.977346,-1.291899,,,,,,
39050,,,,,,,,,-0.027467,0.652434,,,-0.873468,-0.523757,-0.115199,-0.099485,,,,0.519687,0.977462,-1.291899,,,,,,
39060,0.519660,0.977541,-1.288847,0.500000,1.000000,-1.213346,0.000000,0.000000,,,-7.605673,-7.605673,-0.734936,-0.440689,-0.117985,-0.101775,-0.027042,-0.012635,0.075501,,,,,,,,,
39063,,,,,,,,,-0.000000,0.000000,,,,,,,,,,0.519666,0.977582,-1.288435,,,,,,
39070,,,,,,,,,-0.027467,0.652434,,,-1.162918,-0.370795,-0.113661,-0.102589,,,,0.519559,0.977705,-1.284975,,,,,,
39080,,,,,,,,,-0.054935,0.000000,,,-1.523023,-0.856530,-0.111277,-0.099082,,,,0.519515,0.977861,-1.281538,,,,,,
39090,,,,,,,,,-0.054935,0.000000,,,-1.826014,-0.720685,-0.109403,-0.101817,,,,0.519410,0.978077,-1.274640,,,,,,
39100,,,,,,,,,-0.027467,0.652434,,,-2.080951,-1.150927,-0.107959,-0.098806,,,,0.519323,0.978318,-1.274706,,,,,,
39110,0.519317,0.978363,-1.273155,0.500000,1.000000,-1.213346,0.000000,0.000000,,,-7.411153,-7.411153,-2.295455,-1.512933,-0.106876,-0.096404,-0.026351,-0.012122,0.059809,,,,,,,,,
39113,,,,,,,,,-0.082402,0.652434,,,,,,,,,,0.519268,0.978690,-1.271313,,,,,,
39120,,,,,,,,,-0.027467,-0.652434,,,-2.475939,-1.817525,-0.104113,-0.092532,,,,0.519192,0.979024,-1.267971,,,,,,
39130,,,,,,,,,-0.054935,1.304868,,,-3.172341,-1.529265,-0.097996,-0.096591,,,,0.519005,0.979529,-1.264603,,,,,,
39140,,,,,,,,,-0.054935,0.000000,,,-3.213750,-1.831267,-0.098422,-0.094687,,,,0.518861,0.980079,-1.264535,,,,,,
39150,,,,,,,,,-0.054935,0.000000,,,-3.248592,-2.085371,-0.098906,-0.093211,,,,0.518718,0.980737,-1.257616,,,,,,
39161,0.518700,0.980758,-1.258920,0.500000,1.000000,-1.213346,0.000000,0.000000,-0.054935,0.000000,-6.764648,-6.764648,-3.277908,-2.299174,-0.092845,-0.085501,-0.024052,-0.011894,0.045574,,,,,,,,,
39164,,,,,,,,,,,,,,,,,,,,0.518499,0.981348,-1.254193,,,,,,
39170,,,,,,,,,-0.054935,0.000000,,,-3.302575,-1.934525,-0.093291,-0.090113,,,,0.518253,0.982180,-1.250798,,,,,,
39180,,,,,,,,,-0.054935,1.304868,,,-3.867872,-2.172252,-0.088217,-0.088655,,,,0.518030,0.983050,-1.250686,,,,,,
39190,,,,,,,,,-0.054935,0.000000,,,-3.798971,-2.372276,-0.089499,-0.087533,,,,0.517794,0.984040,-1.247230,,,,,,
39200,,,,,,,,,-0.054935,0.000000,,,-3.740997,-2.540576,-0.090684,-0.086695,,,,0.517512,0.984782,-1.243800,,,,,,
39211,0.517541,0.984664,-1.245069,0.500000,1.000000,-1.213346,0.000000,0.000000,-0.082402,0.652434,-5.665167,-5.665167,-4.236761,-2.682183,-0.075017,-0.074880,-0.020143,-0.011711,0.031723,,,,,,,,,
39214,,,,,,,,,,,,,,,,,,,,0.517278,0.985316,-1.243816,,,,,,
39220,,,,,,,,,-0.027467,-0.652434,,,-3.564810,-2.801332,-0.082157,-0.074262,,,,0.517175,0.985659,-1.240453,,,,,,
39230,,,,,,,,,-0.027467,-0.652434,,,-2.999430,-2.901583,-0.088343,-0.073812,,,,0.517043,0.986068,-1.240477,,,,,,
39240,,,,,,,,,-0.054935,0.000000,,,-3.068264,-2.985935,-0.088174,-0.073504,,,,0.516894,0.986507,-1.240493,,,,,,
39250,,,,,,,,,-0.000000,0.000000,,,-2.581636,-2.512366,-0.093657,-0.078870,,,,0.516763,0.986983,-1.240419,,,,,,
39261,0.516828,0.986788,-1.240809,0.500000,1.000000,-1.213346,0.000000,0.000000,-0.082402,0.652434,-5.048891,-5.048891,,,,,-0.017952,-0.011639,0.027463,,,,,,,,,
39264,,,,,,,,,,,,,-3.261275,-2.658447,-0.081056,-0.071725,,,,0.516673,0.987305,-1.247202,,,,,,
39270,,,,,,,,,-0.027467,-0.652434,,,-2.744036,-2.781360,-0.086689,-0.070949,,,,0.516589,0.987633,-1.250642,,,,,,
39280,,,,,,,,,-0.054935,0.000000,,,-2.853375,-2.884779,-0.086035,-0.070348,,,,0.516563,0.987785,-1.254079,,,,,,
39290,,,,,,,,,-0.000000,0.000000,,,-2.400830,-2.427253,-0.091090,-0.075448,,,,0.516473,0.987997,-1.254079,,,,,,
39300,,,,,,,,,-0.027467,-0.652434,,,-2.020058,-2.586833,-0.095503,-0.074344,,,,0.516345,0.988256,-1.254046,,,,,,
39311,0.516350,0.988242,-1.255673,0.500000,1.000000,-1.213346,0.000000,0.000000,-0.027467,-0.652434,-4.569231,-4.569231,-1.699676,-2.176561,-0.094485,-0.074129,-0.016246,-0.011900,0.042327,,,,,,,,,
39318,,,,,,,,,,,,,-1.430107,-2.375902,-0.097808,-0.072574,,,,0.516263,0.988556,-1.257479,,,,,,
39321,,,,,,,,,-0.000000,0.000000,,,,,,,,,,0.516202,0.988931,-1.257462,,,,,,
39330,,,,,,,,,-0.027467,-0.652434,,,-1.203292,-2.543627,-0.100749,-0.071302,,,,0.516199,0.988999,-1.260875,,,,,,
39340,,,,,,,,,-0.000000,0.000000,,,-1.012450,-2.140207,-0.103369,-0.075822,,,,0.516222,0.989052,-1.264333,,,,,,
39350,,,,,,,,,-0.000000,0.000000,,,-0.851875,-1.800770,-0.105718,-0.079770,,,,0.516254,0.989154,-1.271240,,,,,,
39360,0.516262,0.989077,-1.269933,0.500000,1.000000,-1.213346,0.000000,0.000000,,,-4.289445,-4.289445,-0.716768,-2.059711,-0.107840,-0.077683,,,,,,,,,,,,
39363,,,,,,,,,-0.027467,-0.652434,,,,,,,-0.015251,-0.012295,0.056587,0.516235,0.989322,-1.274724,,,,,,
39370,,,,,,,,,-0.027467,-0.652434,,,-0.603088,-1.733040,-0.106916,-0.078663,,,,0.516191,0.989502,-1.278129,,,,,,
39380,,,,,,,,,-0.000000,0.000000,,,-0.507438,-2.002723,-0.108629,-0.076423,,,,0.516166,0.989698,-1.281592,,,,,,
39390,,,,,,,,,-0.000000,0.000000,,,-0.426959,-1.685091,-0.110206,-0.080120,,,,0.516136,0.989921,-1.285047,,,,,,
39400,,,,,,,,,-0.027467,-0.652434,,,-0.359243,-1.962379,-0.111670,-0.077813,,,,0.516109,0.990048,-1.285047,,,,,,
39411,0.516090,0.990077,-1.286516,0.500000,1.000000,-1.213346,0.000000,0.000000,-0.000000,0.000000,-3.948055,-3.948055,-0.302267,-1.651145,-0.109555,-0.077971,-0.014038,-0.012661,0.073171,,,,,,,,,
39414,,,,,,,,,,,,,,,,,,,,0.516096,0.990136,-1.288470,,,,,,
39420,,,,,,,,,-0.000000,0.000000,,,-0.254327,-1.389273,-0.110773,-0.081101,,,,0.516088,0.990226,-1.291934,,,,,,
39430,,,,,,,,,-0.027467,-0.652434,,,-0.213991,-1.713477,-0.111923,-0.078306,,,,0.516073,0.990337,-1.291934,,,,,,
39440,,,,,,,,,-0.000000,0.000000,,,-0.180052,-1.441720,-0.113016,-0.081525,,,,0.516058,0.990416,-1.295403,,,,,,
39450,,,,,,,,,-0.000000,0.000000,,,-0.151496,-1.213063,-0.114061,-0.084358,,,,0.516043,0.990475,-1.295403,,,,,,
39461,0.516047,0.990442,-1.294657,0.500000,1.000000,-1.213346,0.000000,0.000000,-0.027467,-0.652434,-3.816998,-3.816998,-0.127468,-1.565214,-0.113728,-0.079977,-0.013572,-0.012833,0.081311,,,,,,,,,
39464,,,,,,,,,,,,,,,,,,,,0.516044,0.990476,-1.295403,,,,,,
39470,,,,,,,,,-0.000000,0.000000,,,-0.107252,-1.316971,-0.114673,-0.082959,,,,0.516054,0.990443,-1.298902,,,,,,
39480,,,,,,,,,-0.027467,-0.652434,,,-0.090242,-1.652642,-0.115588,-0.080035,,,,0.516083,0.990455,-1.302368,,,,,,
39490,,,,,,,,,-0.000000,0.000000,,,-0.075929,-1.390533,-0.116479,-0.083142,,,,0.516099,0.990491,-1.305851,,,,,,
39500,,,,,,,,,-0.027467,-0.652434,,,-0.063887,-1.714538,-0.117350,-0.080322,,,,0.516108,0.990641,-1.309368,,,,,,
39510,0.516103,0.990624,-1.308133,0.500000,1.000000,-1.213346,0.000000,0.000000,-0.000000,0.000000,,,-0.053755,-1.442612,-0.118204,-0.083516,,,,,,,,,,,,
39513,,,,,,,,,,,-3.722469,-3.722469,,,,,-0.013235,-0.013116,0.094788,0.516055,0.990833,-1.312874,,,,,,
39520,,,,,,,,,-0.027467,-0.652434,,,-0.045229,-1.758356,-0.118080,-0.079806,,,,0.515998,0.991058,-1.316328,,,,,,
39530,,,,,,,,,-0.000000,0.000000,,,-0.038056,-1.479481,-0.118888,-0.083044,,,,0.515961,0.991305,-1.316302,,,,,,
39540,,,,,,,,,-0.027467,0.652434,,,-0.576563,-1.244835,-0.114132,-0.085886,,,,0.515925,0.991369,-1.319841,,,,,,
39550,,,,,,,,,-0.027467,-0.652434,,,-0.485120,-1.591947,-0.115694,-0.082841,,,,0.515932,0.991439,-1.323336,,,,,,
39560,0.515918,0.991482,-1.324798,0.500000,1.000000,-1.213346,0.000000,0.000000,,,-3.413684,-3.413684,-0.408180,-1.339464,-0.117127,-0.085842,-0.012138,-0.013364,0.111452,,,,,,,,,
39563,,,,,,,,,-0.027467,-0.652434,,,,,,,,,,0.515945,0.991505,-1.323324,,,,,,
39570,,,,,,,,,-0.027467,0.652434,,,-0.887986,-1.671568,-0.109746,-0.079782,,,,0.515925,0.991616,-1.326878,,,,,,
39580,,,,,,,,,-0.027467,-0.652434,,,-0.747151,-1.951000,-0.111688,-0.077280,,,,0.515884,0.991709,-1.326969,,,,,,
39590,,,,,,,,,-0.027467,0.652434,,,-1.173196,-1.641572,-0.107875,-0.080729,,,,0.515820,0.991955,-1.326984,,,,,,
39600,,,,,,,,,-0.027467,0.652434,,,-1.531670,-1.381218,-0.104667,-0.083739,,,,0.515732,0.992147,-1.323535,,,,,,
39610,0.515718,0.992202,-1.320903,0.500000,1.000000,-1.213346,0.000000,0.000000,,,-3.218204,-3.218204,-1.288747,-1.706700,-0.107521,-0.080825,-0.011443,-0.013301,0.107557,,,,,,,,,
39613,,,,,,,,,-0.054935,0.000000,,,,,,,,,,0.515621,0.992443,-1.320027,,,,,,
39620,,,,,,,,,-0.054935,0.000000,,,-2.173438,-1.436017,-0.096928,-0.081934,,,,0.515529,0.992803,-1.319965,,,,,,
39630,,,,,,,,,-0.000000,0.000000,,,-1.828730,-1.752808,-0.100653,-0.079059,,,,0.515415,0.993375,-1.319980,,,,,,
39640,,,,,,,,,-0.054935,0.000000,,,-2.083237,-2.019355,-0.098335,-0.076633,,,,0.515342,0.993884,-1.316421,,,,,,
39650,,,,,,,,,-0.027467,0.652434,,,-2.297378,-1.699085,-0.096378,-0.080140,,,,0.515195,0.994444,-1.312924,,,,,,
39661,0.515208,0.994367,-1.310856,0.500000,1.000000,-1.213346,0.000000,0.000000,-0.054935,0.000000,-2.630440,-2.630440,-2.477557,-1.974153,-0.088729,-0.071643,-0.009353,-0.013250,0.097510,,,,,,,,,
39664,,,,,,,,,,,,,,,,,,,,0.514967,0.995008,-1.309431,,,,,,
39670,,,,,,,,,-0.027467,0.652434,,,-2.629159,-1.661052,-0.087213,-0.074967,,,,0.514817,0.995632,-1.305826,,,,,,
39680,,,,,,,,,-0.054935,0.000000,,,-2.756717,-1.942152,-0.085913,-0.072294,,,,0.514729,0.996068,-1.302322,,,,,,
39690,,,,,,,,,-0.027467,0.652434,,,-2.864045,-1.634127,-0.084793,-0.075574,,,,0.514670,0.996296,-1.298865,,,,,,
39700,,,,,,,,,-0.027467,-0.652434,,,-2.409807,-1.919497,-0.089379,-0.072862,,,,0.514584,0.996531,-1.295416,,,,,,
39711,0.514608,0.996461,-1.299449,0.500000,1.000000,-1.213346,0.000000,0.000000,-0.054935,0.000000,-2.060020,-2.060020,-2.572155,-2.159608,-0.081949,-0.064737,-0.007325,-0.013125,0.086103,,,,,,,,,
39714,,,,,,,,,,,,,,,,,,,,0.514507,0.996886,-1.295458,,,,,,
39720,,,,,,,,,-0.000000,0.000000,,,-2.164211,-1.817094,-0.086008,-0.068211,,,,0.514412,0.997339,-1.295492,,,,,,
39730,,,,,,,,,-0.082402,0.652434,,,-2.910053,-2.073446,-0.078379,-0.065644,,,,0.514258,0.997899,-1.295458,,,,,,
39740,,,,,,,,,-0.054935,0.000000,,,-2.993061,-2.289140,-0.077362,-0.063442,,,,0.514161,0.998250,-1.298932,,,,,,
39750,,,,,,,,,-0.000000,0.000000,,,-2.518361,-1.926082,-0.082018,-0.067099,,,,0.514129,0.998507,-1.298932,,,,,,
39761,0.514169,0.998335,-1.298975,0.500000,1.000000,-1.213346,0.000000,0.000000,-0.027467,-0.652434,-1.520999,-1.520999,-2.118949,-2.165148,-0.080502,-0.059189,-0.005408,-0.013202,0.085629,,,,,,,,,
39764,,,,,,,,,,,,,,,,,,,,0.514042,0.998700,-1.295492,,,,,,
39770,,,,,,,,,-0.000000,0.000000,,,-1.782883,-1.821756,-0.083810,-0.062563,,,,0.513900,0.998978,-1.295458,,,,,,
39780,,,,,,,,,-0.027467,-0.652434,,,-1.500118,-2.077368,-0.086642,-0.059896,,,,0.513812,0.999189,-1.295458,,,,,,
39790,,,,,,,,,-0.000000,0.000000,,,-1.262199,-1.747897,-0.089073,-0.063145,,,,0.513775,0.999329,-1.295458,,,,,,
39800,,,,,,,,,-0.000000,0.000000,,,-1.062014,-1.470681,-0.091167,-0.065927,,,,0.513815,0.999336,-1.298932,,,,,,
39810,0.513845,0.999252,-1.298936,0.500000,1.000000,-1.213346,0.000000,0.000000,,,-1.248172,-1.248172,-0.893579,-1.781974,-0.092977,-0.062762,-0.004438,-0.013136,0.085590,,,,,,,,,
39813,,,,,,,,,-0.027467,-0.652434,,,,,,,,,,0.513827,0.999465,-1.302411,,,,,,
39820,,,,,,,,,-0.000000,0.000000,,,-0.751857,-1.499352,-0.091765,-0.062810,,,,0.513834,0.999629,-1.305894,,,,,,
39830,,,,,,,,,-0.000000,0.000000,,,-0.632612,-1.261555,-0.093080,-0.065185,,,,0.513792,0.999702,-1.305907,,,,,,
39840,,,,,,,,,-0.000000,0.000000,,,-0.532280,-1.061472,-0.094227,-0.067223,,,,0.513788,0.999685,-1.309381,,,,,,
39850,,,,,,,,,-0.027467,-0.652434,,,-0.447860,-1.437666,-0.095231,-0.063423,,,,0.513834,0.999680,-1.309431,,,,,,
39861,0.513806,0.999755,-1.311288,0.500000,1.000000,-1.213346,0.000000,0.000000,-0.000000,0.000000,-1.062872,-1.062872,-0.376830,-1.209652,-0.094226,-0.063821,-0.003779,-0.013281,0.097942,,,,,,,,,
39864,,,,,,,,,,,,,,,,,,,,0.513845,0.999716,-1.312909,,,,,,
39870,,,,,,,,,-0.000000,0.000000,,,-0.317064,-1.017801,-0.094972,-0.065749,,,,0.513833,0.999798,-1.312909,,,,,,
39880,,,,,,,,,-0.000000,0.000000,,,-0.266778,-0.856377,-0.095635,-0.067404,,,,0.513799,0.999930,-1.316407,,,,,,
39890,,,,,,,,,-0.000000,0.000000,,,-0.224467,-0.720556,-0.096225,-0.068831,,,,0.513735,1.000045,-1.312874,,,,,,
39900,,,,,,,,,-0.000000,0.000000,,,-0.188866,-0.606276,-0.096756,-0.070065,,,,0.513730,1.000013,-1.312874,,,,,,
39911,0.513736,0.999991,-1.312741,0.500000,1.000000,-1.213346,0.000000,0.000000,-0.000000,0.000000,-0.988270,-0.988270,-0.158912,-0.510120,-0.096476,-0.070376,-0.003514,-0.013279,0.099395,,,,,,,,,
39914,,,,,,,,,,,,,,,,,,,,0.513776,0.999950,-1.316407,,,,,,
39920,,,,,,,,,-0.000000,0.000000,,,-0.133709,-0.429215,-0.096898,-0.071297,,,,0.513815,0.999917,-1.316407,,,,,,
39930,,,,,,,,,-0.000000,0.000000,,,-0.112502,-0.361142,-0.097286,-0.072103,,,,0.513783,0.999949,-1.316407,,,,,,
39940,,,,,,,,,-0.027467,-0.652434,,,-0.094660,-0.848408,-0.097643,-0.067259,,,,0.513745,0.999987,-1.316463,,,,,,
39962,0.513717,1.000100,-1.318888,0.500000,1.000000,-1.213346,0.000000,0.000000,-0.000000,0.000000,-0.934472,-0.934472,-0.067015,-0.600633,-0.097726,-0.069309,-0.003323,-0.013309,0.105542,,,,,,,,,
39970,,,,,,,,,-0.000000,0.000000,,,-0.056386,-0.505373,-0.098008,-0.070348,,,,,,,,,,,,
39980,,,,,,,,,-0.000000,0.000000,,,-0.047443,-0.425221,-0.098275,-0.071251,,,,0.513760,1.000172,-1.323472,,,,,,
39990,,,,,,,,,-0.027467,-0.652434,,,-0.039919,-0.902324,-0.098529,-0.066486,,,,0.513718,1.000269,-1.323430,,,,,,
40000,,,,,,,,,-0.000000,0.000000,,,-0.033588,-0.759215,-0.098772,-0.067953,,,,0.513669,1.000367,-1.323430,,,,,,
40011,0.513673,1.000344,-1.323049,0.500000,1.000000,-1.213346,0.000000,0.000000,-0.000000,0.000000,-0.849093,-0.849093,-0.028261,-0.638803,-0.098136,-0.068345,-0.003019,-0.013340,0.109703,,,,,,,,,
40014,,,,,,,,,,,,,,,,,,,,0.513651,1.000410,-1.323380,,,,,,
40020,,,,,,,,,-0.000000,0.000000,,,-0.023778,-0.537489,-0.098346,-0.069420,,,,0.513665,1.000387,-1.323430,,,,,,
40030,,,,,,,,,-0.000000,0.000000,,,-0.020007,-0.452243,-0.098549,-0.070352,,,,0.513671,1.000345,-1.326941,,,,,,
40040,,,,,,,,,-0.000000,0.000000,,,-0.016834,-0.380517,-0.098747,-0.071163,,,,0.513666,1.000333,-1.323430,,,,,,
40050,,,,,,,,,-0.000000,0.000000,,,-0.014164,-0.320167,-0.098941,-0.071873,,,,0.513675,1.000346,-1.323430,,,,,,
40060,0.513675,1.000346,-1.323398,0.500000,1.000000,-1.213346,0.000000,0.000000,,,-0.847395,-0.847395,-0.011918,-0.269389,-0.099131,-0.072496,-0.003013,-0.013343,0.110052,,,,,,,,,
40068,,,,,,,,,-0.000000,0.000000,,,-0.010028,-0.226664,-0.099300,-0.073031,,,,0.513678,1.000365,-1.323430,,,,,,
40071,,,,,,,,,-0.000000,0.000000,,,,,,,,,,0.513676,1.000364,-1.326941,,,,,,
40080,,,,,,,,,-0.000000,0.000000,,,-0.008437,-0.190715,-0.099484,-0.073522,,,,0.513671,1.000357,-1.323430,,,,,,
40090,,,,,,,,,-0.000000,0.000000,,,-0.007099,-0.160467,-0.099666,-0.073961,,,,0.513676,1.000348,-1.326941,,,,,,
40100,,,,,,,,,-0.000000,0.000000,,,-0.005973,-0.135017,-0.099845,-0.074358,,,,0.513674,1.000357,-1.323430,,,,,,
40110,0.513674,1.000356,-1.323427,0.500000,1.000000,-1.213346,0.000000,0.000000,,,-0.844532,-0.844532,-0.005026,-0.113603,-0.100023,-0.074719,-0.003003,-0.013345,0.110082,,,,,,,,,
40113,,,,,,,,,-0.000000,0.000000,,,,,,,,,,0.513673,1.000355,-1.323430,,,,,,
40120,,,,,,,,,-0.000000,0.000000,,,-0.004229,-0.095586,-0.100170,-0.075021,,,,0.513675,1.000351,-1.326941,,,,,,
40130,,,,,,,,,-0.000000,0.000000,,,-0.003558,-0.080426,-0.100345,-0.075325,,,,0.513674,1.000344,-1.323430,,,,,,
40140,,,,,,,,,-0.000000,0.000000,,,-0.002994,-0.067670,-0.100519,-0.075608,,,,0.513678,1.000352,-1.323430,,,,,,
40150,,,,,,,,,-0.000000,0.000000,,,-0.002519,-0.056938,-0.100692,-0.075873,,,,0.513677,1.000347,-1.323430,,,,,,
40160,0.513677,1.000348,-1.323430,0.500000,0.999999,-1.213346,0.000000,0.000000,-0.000000,0.000000,,,-0.002119,-0.047908,-0.100865,-0.076122,,,,,,,,,,,,
40163,,,,,,,,,,,-0.846729,-0.846729,,,,,-0.003011,-0.013346,0.110084,0.513677,1.000348,-1.323430,,,,,,
40170,,,,,,,,,-0.000000,0.000000,,,-0.001783,-0.040309,-0.101059,-0.076382,,,,0.513683,1.000352,-1.326941,,,,,,
40180,,,,,,,,,-0.000000,0.000000,,,-0.001500,-0.033916,-0.101231,-0.076608,,,,0.513673,1.000339,-1.323430,,,,,,
40190,,,,,,,,,-0.000000,0.000000,,,-0.001262,-0.028537,-0.101403,-0.076826,,,,0.513692,1.000349,-1.323430,,,,,,
40200,,,,,,,,,-0.000000,0.000000,,,-0.001062,-0.024011,-0.101574,-0.077035,,,,0.513682,1.000348,-1.323430,,,,,,
40210,0.513681,1.000348,-1.323430,0.500003,0.999991,-1.213346,0.000074,-0.000000,-0.000000,0.000000,,,-0.000894,-0.020203,-0.101745,-0.077239,,,,,,,,,,,,
40213,,,,,,,,,,,-0.840166,-0.839684,,,,,-0.003003,-0.013350,0.110084,0.513674,1.000344,-1.326941,,,,,,
40220,,,,,,,,,-0.000000,0.000000,,,-0.000752,-0.016999,-0.101848,-0.077365,,,,0.513672,1.000346,-1.323430,,,,,,
40230,,,,,,,,,-0.000000,0.000000,,,-0.000633,-0.014303,-0.102017,-0.077557,,,,0.513694,1.000346,-1.323430,,,,,,
40240,,,,,,,,,-0.000000,0.000000,,,-0.000532,-0.012034,-0.102186,-0.077745,,,,0.513679,1.000349,-1.323430,,,,,,
40250,,,,,,,,,-0.000000,0.000000,,,-0.000448,-0.010126,-0.102355,-0.077930,,,,0.513674,1.000340,-1.323430,,,,,,
40260,0.513675,1.000341,-1.323430,0.500012,0.999969,-1.213346,0.000294,-0.000000,,,-0.822139,-0.820223,-0.000377,-0.008520,-0.102524,-0.078112,-0.002985,-0.013338,0.110084,,,,,,,,,
40263,,,,,,,,,-0.000000,0.000000,,,,,,,,,,0.513673,1.000340,-1.323430,,,,,,
40270,,,,,,,,,-0.000000,0.000000,,,-0.000317,-0.007169,-0.102508,-0.078094,,,,0.513671,1.000345,-1.323430,,,,,,
40280,,,,,,,,,-0.000000,0.000000,,,-0.000267,-0.006032,-0.102673,-0.078268,,,,0.513672,1.000348,-1.323430,,,,,,
40290,,,,,,,,,-0.000000,0.000000,,,-0.000225,-0.005075,-0.102838,-0.078441,,,,0.513671,1.000345,-1.323430,,,,,,
40300,,,,,,,,,-0.000000,0.000000,,,-0.000189,-0.004270,-0.103003,-0.078612,,,,0.513671,1.000345,-1.323430,,,,,,
40310,0.513671,1.000345,-1.323430,0.500027,0.999927,-1.213346,0.000655,-0.000002,,,-0.787136,-0.782878,-0.000159,-0.003593,-0.103168,-0.078782,-0.002936,-0.013331,0.110084,,,,,,,,,
40313,,,,,,,,,-0.000000,0.000000,,,,,,,,,,0.513675,1.000342,-1.323430,,,,,,
40320,,,,,,,,,-0.000000,0.000000,,,-0.000134,-0.003023,-0.102975,-0.078570,,,,0.513671,1.000342,-1.323430,,,,,,
40330,,,,,,,,,-0.000000,0.000000,,,-0.000113,-0.002544,-0.103133,-0.078731,,,,0.513675,1.000345,-1.323430,,,,,,
40340,,,,,,,,,-0.000000,0.000000,,,-0.000095,-0.002140,-0.103290,-0.078891,,,,0.513677,1.000342,-1.323430,,,,,,
40350,,,,,,,,,-0.000000,0.000000,,,-0.000080,-0.001801,-0.103448,-0.079051,,,,0.513671,1.000340,-1.323430,,,,,,
40360,0.513642,1.000452,-1.320692,0.500053,0.999859,-1.213347,0.001152,-0.000010,-0.027467,0.652434,,,-0.544610,-0.001515,-0.098051,-0.079210,,,,,,,,,,,,
40363,,,,,,,,,,,-0.716406,-0.709149,,,,,-0.002789,-0.013312,0.107346,0.513659,1.000328,-1.323430,,,,,,
40370,,,,,,,,,-0.027467,0.652434,,,-1.002778,-0.001275,-0.092705,-0.078617,,,,0.513665,1.000337,-1.323430,,,,,,
40380,,,,,,,,,-0.000000,0.000000,,,-0.843737,-0.001073,-0.094270,-0.078760,,,,0.513683,1.000328,-1.323472,,,,,,
40390,,,,,,,,,-0.027467,0.652434,,,-1.254464,-0.000903,-0.090055,-0.078904,,,,0.513666,1.000304,-1.316508,,,,,,
40400,,,,,,,,,-0.027467,0.652434,,,-1.600049,-0.000759,-0.086422,-0.079047,,,,,,,,,,,,
40411,0.513664,1.000316,-1.316859,0.500090,0.999758,-1.213350,0.001782,-0.000029,-0.000000,0.000000,-0.701621,-0.690893,-1.346281,-0.000639,-0.088834,-0.079190,-0.002869,-0.013279,0.103509,,,,,,,,,
40420,,,,,,,,,-0.000000,0.000000,,,-1.132761,-0.000538,-0.090735,-0.079146,,,,0.513496,1.000706,-1.305967,,,,,,
40430,,,,,,,,,-0.000000,0.000000,,,-0.953105,-0.000452,-0.092481,-0.079285,,,,0.513428,1.000950,-1.305928,,,,,,
40440,,,,,,,,,-0.000000,0.000000,,,-0.801942,-0.000381,-0.093973,-0.079424,,,,0.513364,1.001239,-1.305851,,,,,,
40450,,,,,,,,,-0.000000,0.000000,,,-0.674754,-0.000320,-0.095250,-0.079563,,,,0.513377,1.001276,-1.305851,,,,,,
40461,0.513401,1.001195,-1.306775,0.500142,0.999619,-1.213355,0.002540,-0.000070,-0.000000,0.000000,-0.393939,-0.380404,-0.567738,-0.000269,-0.093209,-0.076534,-0.001939,-0.013211,0.093420,,,,,,,,,
40464,,,,,,,,,,,,,,,,,,,,0.513403,1.001226,-1.309381,,,,,,
40470,,,,,,,,,-0.000000,0.000000,,,-0.477695,-0.000227,-0.094093,-0.076611,,,,0.513410,1.001168,-1.309381,,,,,,
40480,,,,,,,,,-0.027467,-0.652434,,,-0.401932,-0.544734,-0.094849,-0.071133,,,,0.513405,1.001148,-1.309381,,,,,,
40490,,,,,,,,,-0.000000,0.000000,,,-0.338186,-0.458339,-0.095497,-0.071981,,,,0.513396,1.001166,-1.312924,,,,,,
40500,,,,,,,,,-0.000000,0.000000,,,-0.284549,-0.385646,-0.096055,-0.072707,,,,0.513399,1.001199,-1.312924,,,,,,
40511,0.513399,1.001199,-1.312407,0.500211,0.999436,-1.213365,0.003422,-0.000148,-0.000000,0.000000,-0.265097,-0.245934,-0.239420,-0.324483,-0.095223,-0.071958,-0.001665,-0.013201,0.099043,,,,,,,,,
40514,,,,,,,,,,,,,,,,,,,,0.513416,1.001270,-1.312924,,,,,,
40520,,,,,,,,,-0.000000,0.000000,,,-0.201448,-0.273020,-0.095616,-0.072468,,,,0.513393,1.001263,-1.312924,,,,,,
40530,,,,,,,,,-0.000000,0.000000,,,-0.169498,-0.229719,-0.095954,-0.072904,,,,0.513375,1.001281,-1.312874,,,,,,
40540,,,,,,,,,-0.000000,0.000000,,,-0.142616,-0.193285,-0.096248,-0.073279,,,,0.513380,1.001268,-1.316421,,,,,,
40550,,,,,,,,,-0.000000,0.000000,,,-0.119997,-0.162630,-0.096503,-0.073602,,,,0.513383,1.001323,-1.316371,,,,,,
40561,0.513384,1.001312,-1.316039,0.500298,0.999203,-1.213385,0.004424,-0.000283,-0.027467,-0.652434,-0.091092,-0.065796,-0.100965,-0.681380,-0.094951,-0.066490,-0.001257,-0.013195,0.102654,,,,,,,,,
40564,,,,,,,,,,,,,,,,,,,,0.513388,1.001325,-1.316421,,,,,,
40570,,,,,,,,,-0.000000,0.000000,,,-0.084952,-0.573313,-0.095113,-0.067469,,,,0.513380,1.001377,-1.316421,,,,,,
40580,,,,,,,,,-0.000000,0.000000,,,-0.071479,-0.482386,-0.095251,-0.068295,,,,0.513371,1.001412,-1.316421,,,,,,
40590,,,,,,,,,-0.000000,0.000000,,,-0.060142,-0.405879,-0.095371,-0.068992,,,,0.513367,1.001427,-1.316371,,,,,,
40600,,,,,,,,,-0.000000,0.000000,,,-0.050604,-0.341507,-0.095474,-0.069581,,,,0.513375,1.001392,-1.316371,,,,,,
40611,0.513376,1.001385,-1.316343,0.500405,0.998915,-1.213417,0.005541,-0.000501,-0.000000,0.000000,0.083091,0.114101,-0.042578,-0.287344,-0.093788,-0.068243,-0.000874,-0.013175,0.102926,,,,,,,,,
40614,,,,,,,,,,,,,,,,,,,,0.513382,1.001370,-1.316421,,,,,,
40620,,,,,,,,,-0.000000,0.000000,,,-0.035825,-0.241771,-0.093831,-0.068628,,,,0.513381,1.001378,-1.316421,,,,,,
40630,,,,,,,,,-0.000000,0.000000,,,-0.030143,-0.203426,-0.093866,-0.068948,,,,0.513382,1.001387,-1.316371,,,,,,
40640,,,,,,,,,-0.000000,0.000000,,,-0.025362,-0.171163,-0.093892,-0.069213,,,,0.513370,1.001409,-1.316371,,,,,,
40650,,,,,,,,,-0.000000,0.000000,,,-0.021340,-0.144016,-0.093911,-0.069433,,,,0.513380,1.001391,-1.316371,,,,,,
40660,0.513380,1.001390,-1.316369,0.500535,0.998567,-1.213470,0.006769,-0.000833,,,,,-0.017955,-0.121175,-0.093925,-0.069614,,,,,,,,,,,,
40663,,,,,,,,,-0.000000,0.000000,0.261744,0.298459,,,,,-0.000500,-0.013142,0.102899,0.513375,1.001383,-1.316371,,,,,,
40670,,,,,,,,,-0.000000,0.000000,,,-0.015108,-0.101957,-0.092111,-0.067883,,,,0.513378,1.001381,-1.316421,,,,,,
40680,,,,,,,,,-0.000000,0.000000,,,-0.012712,-0.085786,-0.092080,-0.067968,,,,0.513376,1.001384,-1.316421,,,,,,
40690,,,,,,,,,-0.000000,0.000000,,,-0.010696,-0.072181,-0.092046,-0.068030,,,,0.513377,1.001385,-1.316421,,,,,,
40700,,,,,,,,,-0.000000,0.000000,,,-0.008999,-0.060733,-0.092009,-0.068072,,,,0.513379,1.001386,-1.316421,,,,,,
40711,0.513379,1.001386,-1.316417,0.500689,0.998154,-1.213552,0.008105,-0.001315,-0.000000,0.000000,0.464393,0.506678,-0.007572,-0.051101,-0.089902,-0.065975,-0.000065,-0.013095,0.102865,,,,,,,,,
40714,,,,,,,,,,,,,,,,,,,,0.513380,1.001384,-1.316371,,,,,,
40720,,,,,,,,,-0.000000,0.000000,,,-0.006371,-0.042996,-0.089820,-0.065946,,,,0.513372,1.001391,-1.316371,,,,,,
40730,,,,,,,,,-0.000000,0.000000,,,-0.005361,-0.036177,-0.089736,-0.065906,,,,0.513372,1.001388,-1.316371,,,,,,
40740,,,,,,,,,-0.000000,0.000000,,,-0.004510,-0.030439,-0.089651,-0.065856,,,,0.513375,1.001382,-1.316371,,,,,,
40750,,,,,,,,,-0.000000,0.000000,,,-0.003795,-0.025612,-0.089564,-0.065797,,,,0.513381,1.001386,-1.316371,,,,,,
40761,0.513381,1.001386,-1.316375,0.500869,0.997671,-1.213674,0.009544,-0.001992,-0.000000,0.000000,0.695227,0.742603,-0.003193,-0.021550,-0.087122,-0.063326,0.000446,-0.013044,0.102701,0.513378,1.001382,-1.316421,,,,,,
40770,,,,,,,,,-0.000000,0.000000,,,-0.002687,-0.018132,-0.086988,-0.063208,,,,0.513381,1.001386,-1.316421,,,,,,
40780,,,,,,,,,-0.000000,0.000000,,,-0.002261,-0.015256,-0.086853,-0.063085,,,,0.513383,1.001390,-1.316371,,,,,,
40790,,,,,,,,,-0.000000,0.000000,,,-0.001902,-0.012836,-0.086717,-0.062958,,,,0.513379,1.001389,-1.316371,,,,,,
40800,,,,,,,,,-0.000000,0.000000,,,-0.001600,-0.010801,-0.086581,-0.062828,,,,0.513381,1.001382,-1.316371,,,,,,
40811,0.513381,1.001383,-1.316372,0.501077,0.997114,-1.213848,0.011083,-0.002913,-0.000000,0.000000,0.954124,1.005882,-0.001347,-0.009088,-0.083803,-0.060009,0.001034,-0.012982,0.102524,,,,,,,,,
40814,,,,,,,,,,,,,,,,,,,,0.513375,1.001381,-1.316371,,,,,,
40820,,,,,,,,,-0.000000,0.000000,,,-0.001133,-0.007646,-0.083614,-0.059821,,,,0.513377,1.001382,-1.316371,,,,,,
40830,,,,,,,,,-0.000000,0.000000,,,-0.000953,-0.006434,-0.083425,-0.059631,,,,0.513379,1.001382,-1.316371,,,,,,
40840,,,,,,,,,-0.000000,0.000000,,,-0.000802,-0.005413,-0.083235,-0.059439,,,,0.513378,1.001382,-1.316421,,,,,,
40850,,,,,,,,,-0.000000,0.000000,,,-0.000675,-0.004555,-0.083046,-0.059245,,,,0.513380,1.001379,-1.316371,,,,,,
40861,0.513380,1.001380,-1.316371,0.501314,0.996478,-1.214093,0.012719,-0.004133,,,1.243328,1.298400,,,,,0.001707,-0.012912,0.102278,,,,,,,,,
40867,,,,,,,,,-0.000000,0.000000,,,-0.000568,-0.003832,-0.079906,-0.056067,,,,0.513380,1.001383,-1.316421,,,,,,
40870,,,,,,,,,-0.000000,0.000000,,,-0.000478,-0.003225,-0.079658,-0.055812,,,,0.513376,1.001384,-1.316421,,,,,,
40880,,,,,,,,,-0.000000,0.000000,,,-0.000402,-0.002713,-0.079410,-0.055557,,,,0.513376,1.001383,-1.316371,,,,,,
40890,,,,,,,,,-0.000000,0.000000,,,-0.000338,-0.002283,-0.079162,-0.055301,,,,0.513378,1.001379,-1.316371,,,,,,
40900,,,,,,,,,-0.000000,0.000000,,,-0.000285,-0.001921,-0.078914,-0.055045,,,,0.513377,1.001379,-1.316421,,,,,,
40910,0.513377,1.001379,-1.316417,0.501582,0.995759,-1.214427,0.014447,-0.005713,,,1.564851,1.621821,-0.000239,-0.001616,-0.078666,-0.054788,0.002471,-0.012830,0.101990,,,,,,,,,
40913,,,,,,,,,-0.000000,0.000000,,,,,,,,,,0.513381,1.001378,-1.316421,,,,,,
40920,,,,,,,,,-0.000000,0.000000,,,-0.000201,-0.001360,-0.075138,-0.051232,,,,0.513381,1.001380,-1.316371,,,,,,
40930,,,,,,,,,-0.000000,0.000000,,,-0.000170,-0.001144,-0.074825,-0.050909,,,,0.513382,1.001384,-1.316371,,,,,,
40940,,,,,,,,,-0.000000,0.000000,,,-0.000143,-0.000963,-0.074512,-0.050587,,,,0.513371,1.001388,-1.316371,,,,,,
40950,,,,,,,,,-0.000000,0.000000,,,-0.000120,-0.000810,-0.074199,-0.050264,,,,0.513376,1.001380,-1.316371,,,,,,
40961,0.513376,1.001380,-1.316375,0.501882,0.994953,-1.214873,0.016264,-0.007720,-0.000000,0.000000,1.918622,1.975523,-0.000101,-0.000682,-0.070278,-0.046333,0.003327,-0.012742,0.101502,0.513375,1.001382,-1.316371,,,,,,
40970,,,,,,,,,-0.000000,0.000000,,,-0.000085,-0.000573,-0.069895,-0.045939,,,,0.513374,1.001381,-1.316371,,,,,,
40980,,,,,,,,,-0.000000,0.000000,,,-0.000071,-0.000482,-0.069511,-0.045544,,,,0.513377,1.001378,-1.316421,,,,,,
40990,,,,,,,,,-0.000000,0.000000,,,-0.000060,-0.000406,-0.069127,-0.045150,,,,0.513379,1.001381,-1.316421,,,,,,
41000,,,,,,,,,-0.000000,0.000000,,,-0.000051,-0.000342,-0.068744,-0.044755,,,,0.513380,1.001379,-1.316421,,,,,,
41011,0.513380,1.001379,-1.316417,0.502216,0.994055,-1.215459,0.018167,-0.010225,-0.000000,0.000000,2.305981,2.360544,-0.000043,-0.000287,-0.064409,-0.040433,0.004279,-0.012648,0.100958,0.513373,1.001386,-1.316371,,,,,,
41020,,,,,,,,,-0.000000,0.000000,,,-0.000036,-0.000242,-0.063948,-0.039962,,,,0.513377,1.001376,-1.316371,,,,,,
41030,,,,,,,,,-0.000000,0.000000,,,-0.000030,-0.000203,-0.063487,-0.039490,,,,0.513374,1.001373,-1.316371,,,,,,
41040,,,,,,,,,-0.000000,0.000000,,,-0.000025,-0.000171,-0.063026,-0.039018,,,,0.513375,1.001375,-1.316421,,,,,,
41050,,,,,,,,,-0.000000,0.000000,,,-0.000021,-0.000144,-0.062564,-0.038546,,,,0.513377,1.001377,-1.316421,,,,,,
41061,0.513377,1.001377,-1.316421,0.502584,0.993062,-1.216214,0.020154,-0.013302,-0.000000,0.000000,2.728123,2.777465,-0.000018,-0.000121,-0.057797,-0.033822,0.005332,-0.012538,0.100207,,,,,,,,,
41064,,,,,,,,,,,,,,,,,,,,0.513379,1.001374,-1.316421,,,,,,
41070,,,,,,,,,-0.000000,0.000000,,,-0.000015,-0.000102,-0.057252,-0.033266,,,,0.513379,1.001378,-1.316421,,,,,,
41080,,,,,,,,,-0.000000,0.000000,,,-0.000013,-0.000086,-0.056706,-0.032711,,,,0.513375,1.001377,-1.316371,,,,,,
41090,,,,,,,,,-0.000000,0.000000,,,-0.000011,-0.000072,-0.056161,-0.032156,,,,0.513378,1.001377,-1.316371,,,,,,
41100,,,,,,,,,-0.000000,0.000000,,,-0.000009,-0.000061,-0.055615,-0.031600,,,,0.513374,1.001376,-1.316421,,,,,,
41111,0.513374,1.001376,-1.316421,0.502988,0.991970,-1.217174,0.022222,-0.017027,-0.000000,0.000000,3.186816,3.227544,-0.000008,-0.000051,-0.050391,-0.026454,0.006489,-0.012419,0.099247,0.513373,1.001374,-1.316421,,,,,,
41120,,,,,,,,,-0.000000,0.000000,,,-0.000006,-0.000043,-0.049753,-0.025809,,,,0.513377,1.001371,-1.316421,,,,,,
41130,,,,,,,,,-0.000000,0.000000,,,-0.000005,-0.000036,-0.049116,-0.025163,,,,0.513380,1.001374,-1.316421,,,,,,
41140,,,,,,,,,-0.000000,0.000000,,,-0.000005,-0.000030,-0.048479,-0.024518,,,,0.513378,1.001377,-1.316421,,,,,,
41150,,,,,,,,,-0.000000,0.000000,,,-0.000004,-0.000026,-0.047841,-0.023872,,,,0.513375,1.001377,-1.316421,,,,,,
41161,0.513375,1.001376,-1.316421,0.503428,0.990775,-1.218376,0.024368,-0.021481,-0.000000,0.000000,3.683348,3.711479,-0.000003,-0.000022,-0.042139,-0.018291,0.007757,-0.012294,0.098045,,,,,,,,,
41164,,,,,,,,,,,,,,,,,,,,0.513379,1.001377,-1.316421,,,,,,
41170,,,,,,,,,-0.000000,0.000000,,,-0.000003,-0.000018,-0.041403,-0.017548,,,,0.513378,1.001372,-1.316421,,,,,,
41180,,,,,,,,,-0.000000,0.000000,,,-0.000002,-0.000015,-0.040666,-0.016806,,,,0.513375,1.001375,-1.316421,,,,,,
41190,,,,,,,,,-0.000000,0.000000,,,-0.000002,-0.000013,-0.039929,-0.016064,,,,0.513376,1.001378,-1.316371,,,,,,
41200,,,,,,,,,-0.000000,0.000000,,,-0.000002,-0.000011,-0.039193,-0.015322,,,,0.513376,1.001373,-1.316421,,,,,,
41210,0.513376,1.001373,-1.316421,0.503906,0.989473,-1.219863,0.026592,-0.026742,-0.000000,0.000000,,,-0.000001,-0.000009,-0.038456,-0.014579,,,,,,,,,,,,
41213,,,,,,,,,,,4.217760,4.228715,,,,,0.009134,-0.012160,0.096558,0.513378,1.001376,-1.316421,,,,,,
41220,,,,,,,,,-0.000000,0.000000,,,-0.000001,-0.000008,-0.032268,-0.008561,,,,0.513379,1.001372,-1.316421,,,,,,
41230,,,,,,,,,-0.000000,0.000000,,,-0.000001,-0.000006,-0.031425,-0.007716,,,,0.513377,1.001378,-1.316421,,,,,,
41240,,,,,,,,,-0.000000,0.000000,,,-0.000001,-0.000005,-0.030581,-0.006870,,,,0.513376,1.001372,-1.316421,,,,,,
41250,,,,,,,,,-0.000000,0.000000,,,-0.000001,-0.000005,-0.029738,-0.006024,,,,0.513375,1.001371,-1.316421,,,,,,
41260,0.513375,1.001371,-1.316421,0.504421,0.988060,-1.221680,0.028891,-0.032886,-0.000000,0.000000,,,-0.000001,-0.000004,-0.028894,-0.005178,,,,,,,,,,,,
41263,,,,,,,,,,,4.792858,4.781427,,,,,0.010630,-0.012016,0.094741,0.513375,1.001371,-1.316421,,,,,,
41270,,,,,,,,,-0.000000,0.000000,,,-0.000000,-0.000003,-0.022185,0.001305,,,,0.513377,1.001373,-1.316421,,,,,,
41280,,,,,,,,,-0.000000,0.000000,,,-0.000000,-0.000003,-0.021226,0.002261,,,,0.513380,1.001372,-1.316421,,,,,,
41290,,,,,,,,,-0.000000,0.000000,,,-0.000000,-0.000002,-0.020267,0.003218,,,,0.513379,1.001374,-1.316421,,,,,,
41300,,,,,,,,,-0.000000,0.000000,,,-0.000000,-0.000002,-0.019309,0.004174,,,,0.513379,1.001372,-1.316421,,,,,,
41311,0.513379,1.001372,-1.316421,0.504975,0.986533,-1.223878,0.031266,-0.039988,-0.000000,0.000000,5.409959,5.370267,-0.000000,-0.000002,-0.012056,0.011136,0.012247,-0.011867,0.092543,0.513377,1.001372,-1.316421,,,,,,
41320,,,,,,,,,-0.000000,0.000000,,,-0.000000,-0.000001,-0.010974,0.012210,,,,0.513377,1.001376,-1.316421,,,,,,
41330,,,,,,,,,-0.000000,0.000000,,,-0.000000,-0.000001,-0.009892,0.013284,,,,0.513377,1.001374,-1.316421,,,,,,
41340,,,,,,,,,-0.000000,0.000000,,,-0.000000,-0.000001,-0.008810,0.014359,,,,0.513377,1.001372,-1.316421,,,,,,
41350,,,,,,,,,-0.000000,0.000000,,,-0.000000,-0.000001,-0.007728,0.015433,,,,0.513374,1.001375,-1.316421,,,,,,
41361,0.513375,1.001375,-1.316421,0.505568,0.984888,-1.226510,0.033715,-0.048115,-0.000000,0.000000,6.071100,5.996606,-0.000000,-0.000001,0.000098,0.022895,0.013992,-0.011704,0.089911,,,,,,,,,
41364,,,,,,,,,,,,,,,,,,,,0.513376,1.001377,-1.316421,,,,,,
41370,,,,,,,,,-0.000000,0.000000,,,-0.000000,-0.000001,0.001312,0.024095,,,,0.513382,1.001371,-1.316421,,,,,,
41380,,,,,,,,,-0.000000,0.000000,,,-0.000000,-0.000000,0.002526,0.025294,,,,0.513381,1.001371,-1.316421,,,,,,
41390,,,,,,,,,-0.000000,0.000000,,,-0.000000,-0.000000,0.003740,0.026493,,,,0.513377,1.001371,-1.316421,,,,,,
41400,,,,,,,,,-0.000000,0.000000,,,-0.000000,-0.000000,0.004955,0.027693,,,,0.513374,1.001370,-1.316421,,,,,,
41411,0.513374,1.001370,-1.316421,0.506198,0.983121,-1.229630,0.036239,-0.057327,-0.000000,0.000000,6.774227,6.657713,-0.000000,-0.000000,0.013341,0.035635,0.015856,-0.011538,0.086791,,,,,,,,,
41414,,,,,,,,,,,,,,,,,,,,0.513377,1.001367,-1.316421,,,,,,
41420,,,,,,,,,-0.000000,0.000000,,,-0.000000,-0.000000,0.014696,0.036967,,,,0.513373,1.001362,-1.316421,,,,,,
41430,,,,,,,,,-0.000000,0.000000,,,-0.000000,-0.000000,0.016050,0.038298,,,,0.513375,1.001371,-1.316421,,,,,,
41440,,,,,,,,,-0.000000,0.000000,,,-0.000000,-0.000000,0.017405,0.039630,,,,0.513377,1.001370,-1.316421,,,,,,
41450,,,,,,,,,-0.000000,0.000000,,,-0.000000,-0.000000,0.018760,0.040961,,,,0.513377,1.001367,-1.316421,,,,,,
41461,0.513377,1.001367,-1.316421,0.506867,0.981227,-1.233297,0.038841,-0.067674,-0.000000,0.000000,7.523862,7.357437,-0.000000,-0.000000,0.027761,0.049430,0.017854,-0.011369,0.083124,0.513378,1.001365,-1.316421,,,,,,
41470,,,,,,,,,-0.000000,0.000000,,,-0.000000,-0.000000,0.029266,0.050902,,,,0.513374,1.001366,-1.316421,,,,,,
41480,,,,,,,,,-0.000000,0.000000,,,-0.000000,-0.000000,0.030771,0.052373,,,,0.513371,1.001367,-1.316421,,,,,,
41490,,,,,,,,,-0.000000,0.000000,,,-0.000000,-0.000000,0.032276,0.053845,,,,0.513372,1.001370,-1.316421,,,,,,
41500,,,,,,,,,-0.000000,0.000000,,,-0.000000,-0.000000,0.033780,0.055316,,,,0.513379,1.001370,-1.316421,,,,,,
41511,0.513379,1.001370,-1.316421,0.507573,0.979201,-1.237569,0.041521,-0.079192,-0.000000,0.000000,8.322897,8.098007,-0.000000,-0.000000,0.043435,0.064341,0.019995,-0.011198,0.078852,0.513379,1.001366,-1.316421,,,,,,
41520,,,,,,,,,-0.000000,0.000000,,,-0.000000,-0.000000,0.045100,0.065961,,,,0.513378,1.001365,-1.316421,,,,,,
41530,,,,,,,,,-0.000000,0.000000,,,-0.000000,-0.000000,0.046764,0.067581,,,,0.513378,1.001365,-1.316407,,,,,,
41540,,,,,,,,,-0.000000,0.000000,,,-0.000000,-0.000000,0.048429,0.069200,,,,0.513379,1.001366,-1.316421,,,,,,
41550,,,,,,,,,-0.000000,0.000000,,,-0.000000,-0.000000,0.050094,0.070820,,,,0.513374,1.001362,-1.316407,,,,,,
41560,0.513375,1.001363,-1.316408,0.508315,0.977040,-1.242506,0.044282,-0.091898,-0.000000,0.000000,,,-0.000000,-0.000000,0.051758,0.072439,,,,,,,,,,,,
41563,,,,,,,,,,,9.168868,8.876322,,,,,0.022267,-0.011018,0.073902,0.513377,1.001361,-1.316421,,,,,,
41570,,,,,,,,,-0.000000,0.000000,,,-0.000000,-0.000000,0.062052,0.081998,,,,0.513373,1.001362,-1.316421,,,,,,
41580,,,,,,,,,0.027467,-0.652434,,,0.544543,-0.000000,0.058331,0.083773,,,,0.513377,1.001362,-1.316421,,,,,,
41590,,,,,,,,,-0.000000,0.000000,,,0.458179,-0.000000,0.060937,0.085548,,,,0.513379,1.001364,-1.316421,,,,,,
41600,,,,,,,,,-0.000000,0.000000,,,0.385511,-0.000000,0.063420,0.087324,,,,0.513382,1.001358,-1.316421,,,,,,
41610,0.513381,1.001359,-1.316420,0.509092,0.974738,-1.248168,0.047129,-0.105795,,,10.066178,9.696259,0.324369,0.544543,0.065800,0.083544,0.024684,-0.010850,0.068252,,,,,,,,,
41613,,,,,,,,,0.027467,0.652434,,,,,,,,,,0.513382,1.001343,-1.316421,,,,,,
41620,,,,,,,,,-0.000000,0.000000,,,0.272924,0.458179,0.077247,0.094455,,,,0.513384,1.001337,-1.319923,,,,,,
41630,,,,,,,,,-0.000000,0.000000,,,0.229638,0.385511,0.079647,0.097044,,,,0.513373,1.001355,-1.319923,,,,,,
41640,,,,,,,,,0.027467,0.652434,,,0.193218,0.868912,0.081986,0.093975,,,,0.513377,1.001357,-1.319873,,,,,,
41650,,,,,,,,,-0.000000,0.000000,,,0.162573,0.731103,0.084273,0.097146,,,,0.513386,1.001328,-1.319873,,,,,,
41661,0.513386,1.001331,-1.319583,0.509902,0.972290,-1.254611,0.050067,-0.120858,-0.000000,0.000000,11.014098,10.566614,0.136789,0.615150,0.096185,0.109000,0.027263,-0.010593,0.064972,,,,,,,,,
41664,,,,,,,,,,,,,,,,,,,,0.513412,1.001260,-1.316371,,,,,,
41670,,,,,,,,,0.027467,-0.652434,,,0.659638,0.517587,0.093028,0.111985,,,,0.513424,1.001176,-1.316371,,,,,,
41680,,,,,,,,,0.027467,0.652434,,,0.555019,0.980041,0.096166,0.109278,,,,0.513448,1.001065,-1.316371,,,,,,
41690,,,,,,,,,-0.000000,0.000000,,,0.466993,0.824606,0.099155,0.112781,,,,0.513470,1.000973,-1.312874,,,,,,
41700,,,,,,,,,0.027467,0.652434,,,0.392928,1.238367,0.102020,0.110509,,,,0.513479,1.000902,-1.312874,,,,,,
41710,0.513501,1.000826,-1.310699,0.510742,0.969690,-1.261890,0.053101,-0.137043,,,,,0.330609,1.041962,0.104780,0.114378,,,,,,,,,,,,
41713,,,,,,,,,0.027467,0.652434,11.865592,11.290114,,,,,0.029380,-0.010674,0.048809,0.513500,1.000811,-1.309381,,,,,,
41720,,,,,,,,,-0.000000,0.000000,,,0.278175,1.421250,0.116137,0.119794,,,,0.513538,1.000656,-1.305894,,,,,,
41730,,,,,,,,,0.027467,0.652434,,,0.234056,1.740382,0.118904,0.118512,,,,0.513573,1.000390,-1.302445,,,,,,
41740,,,,,,,,,-0.000000,0.000000,,,0.196935,1.464357,0.121609,0.123238,,,,0.513568,1.000155,-1.298966,,,,,,
41750,,,,,,,,,0.027467,0.652434,,,0.165701,1.776653,0.124262,0.122017,,,,0.513568,0.999936,-1.292037,,,,,,
41761,0.513594,0.999900,-1.290866,0.511610,0.966930,-1.270054,0.056239,-0.154274,,,12.650641,11.893120,0.683964,2.039419,0.129323,0.127391,0.031139,-0.011016,0.020812,,,,,,,,,
41768,,,,,,,,,0.054935,0.000000,,,1.120030,2.260510,0.127268,0.127106,,,,0.513605,0.999743,-1.291989,,,,,,
41771,,,,,,,,,0.054935,0.000000,,,,,,,,,,0.513668,0.999484,-1.288482,,,,,,
41780,,,,,,,,,0.027467,-0.652434,,,1.486937,1.901993,0.125832,0.132690,,,,0.513819,0.999092,-1.291947,,,,,,
41790,,,,,,,,,0.054935,0.000000,,,1.795652,2.144880,0.124916,0.132210,,,,0.514057,0.998507,-1.295444,,,,,,
41800,,,,,,,,,0.082402,-0.652434,,,2.599947,2.349245,0.118883,0.132076,,,,0.514264,0.997816,-1.298966,,,,,,
41810,0.514298,0.997657,-1.301024,,,,,,0.082402,-0.652434,,,3.276682,2.521198,0.113991,0.132230,,,,,,,,,,,,
41813,,,,0.512503,0.964005,-1.279148,0.059490,-0.172448,,,13.127633,12.282205,,,,,0.031956,-0.010699,0.021876,0.514470,0.997161,-1.302411,,,,,,
41820,,,,,,,,,0.082402,0.652434,,,3.301543,3.210422,0.120477,0.131043,,,,0.514647,0.996511,-1.305826,,,,,,
41830,,,,,,,,,0.082402,-0.652434,,,3.867004,3.245791,0.116675,0.132497,,,,0.514828,0.995735,-1.309339,,,,,,
41840,,,,,,,,,0.109870,0.000000,,,4.342783,3.820095,0.113674,0.128446,,,,0.514964,0.995085,-1.312853,,,,,,
41850,,,,,,,,,0.082402,-0.652434,,,4.743104,3.758770,0.111347,0.130764,,,,0.515188,0.994352,-1.312805,,,,,,
41861,0.515201,0.994295,-1.314554,0.513417,0.960907,-1.289208,0.062864,-0.191431,0.137337,-0.652434,13.347807,12.420789,5.624477,4.251715,0.106280,0.128854,0.031846,-0.010187,0.025346,,,,,,,,,
41864,,,,,,,,,,,,,,,,,,,,0.515427,0.993508,-1.316288,,,,,,
41870,,,,,,,,,0.054935,0.000000,,,5.276978,4.121936,0.111369,0.131812,,,,0.515702,0.992245,-1.319873,,,,,,
41880,,,,,,,,,0.109870,0.000000,,,5.529135,4.557282,0.110411,0.129031,,,,0.515954,0.991299,-1.323336,,,,,,
41890,,,,,,,,,0.109870,0.000000,,,5.741300,4.923583,0.109811,0.126868,,,,0.516216,0.990112,-1.323380,,,,,,
41900,,,,,,,,,0.109870,0.000000,,,5.919815,5.231789,0.109512,0.125223,,,,0.516454,0.989182,-1.323358,,,,,,
41910,0.516465,0.989165,-1.322619,0.514346,0.957626,-1.300261,0.066372,-0.211058,,,13.118099,12.080568,6.070018,5.491113,0.109465,0.124016,0.030052,-0.009801,0.022358,,,,,,,,,
41913,,,,,,,,,0.164805,0.000000,,,,,,,,,,0.516749,0.987930,-1.323336,,,,,,
41920,,,,,,,,,0.082402,0.652434,,,6.196399,6.253851,0.107289,0.114152,,,,0.516985,0.986828,-1.323309,,,,,,
41930,,,,,,,,,0.137337,-0.652434,,,6.847279,6.351076,0.102034,0.114326,,,,0.517221,0.985737,-1.323299,,,,,,
41940,,,,,,,,,0.109870,0.000000,,,6.850386,6.432880,0.103256,0.114637,,,,0.517434,0.984584,-1.323278,,,,,,
41950,,,,,,,,,0.137337,0.652434,,,6.853000,6.501711,0.104483,0.115065,,,,0.517698,0.983415,-1.319762,,,,,,
41961,0.517744,0.983341,-1.317265,0.515286,0.954155,-1.312325,0.070028,-0.231133,0.137337,-0.652434,12.757416,11.541478,7.399743,7.104168,0.096480,0.104537,0.027636,-0.009700,0.004940,,,,,,,,,
41964,,,,,,,,,,,,,,,,,,,,0.517941,0.982115,-1.319772,,,,,,
41970,,,,,,,,,0.082402,0.652434,,,6.770686,7.066533,0.103968,0.105808,,,,0.518189,0.980949,-1.316271,,,,,,
41980,,,,,,,,,0.164805,0.000000,,,7.330484,7.034866,0.099456,0.107026,,,,0.518416,0.979681,-1.316255,,,,,,
41990,,,,,,,,,0.109870,0.000000,,,7.256955,7.552765,0.101291,0.102645,,,,0.518663,0.978533,-1.316236,,,,,,
42000,,,,,,,,,0.109870,0.000000,,,7.195087,7.443982,0.103022,0.104552,,,,0.518963,0.977241,-1.319793,,,,,,
42010,0.518977,0.977306,-1.319581,0.516231,0.950484,-1.325404,0.073847,-0.251434,,,,,7.143032,7.352452,0.104666,0.106305,,,,,,,,,,,,
42013,,,,,,,,,0.164805,0.000000,12.416403,11.044327,,,,,0.025298,-0.009327,-0.005824,0.519283,0.976014,-1.319739,,,,,,
42020,,,,,,,,,0.082402,-0.652434,,,7.643775,7.275438,0.097203,0.102857,,,,0.519545,0.974760,-1.319752,,,,,,
42030,,,,,,,,,0.109870,0.000000,,,7.520558,7.210639,0.099414,0.104272,,,,0.519874,0.973605,-1.323245,,,,,,
42040,,,,,,,,,0.164805,0.000000,,,7.961426,7.156117,0.095896,0.105595,,,,0.520138,0.972419,-1.326746,,,,,,
42050,,,,,,,,,0.109870,-1.304868,,,7.787829,7.110242,0.098558,0.106841,,,,0.520389,0.971271,-1.326746,,,,,,
42061,0.520373,0.971328,-1.331620,0.517175,0.946600,-1.339491,0.077845,-0.271712,0.137337,0.652434,12.154080,10.663467,8.186308,7.616187,0.092744,0.098582,0.023266,-0.008965,-0.007871,,,,,,,,,
42064,,,,,,,,,,,,,,,,,,,,0.520696,0.970091,-1.330262,,,,,,
42070,,,,,,,,,0.082402,-0.652434,,,7.977045,6.952802,0.095672,0.105958,,,,0.521019,0.968876,-1.337300,,,,,,
42080,,,,,,,,,0.137337,-0.652434,,,8.345514,6.939173,0.092749,0.106839,,,,0.521242,0.967681,-1.340880,,,,,,
42090,,,,,,,,,0.109870,0.000000,,,8.111001,6.927705,0.095902,0.107701,,,,0.521566,0.966390,-1.340855,,,,,,
42100,,,,,,,,,0.137337,-0.652434,,,8.458225,6.918056,0.093169,0.108547,,,,0.521904,0.965335,-1.344365,,,,,,
42110,0.521904,0.965276,-1.346033,0.518110,0.942494,-1.354565,0.082042,-0.291700,,,,,8.205836,6.909938,0.096483,0.109378,,,,,,,,,,,,
42113,,,,,,,,,0.164805,0.000000,11.937050,10.335041,,,,,0.021364,-0.008776,-0.008532,0.522183,0.964009,-1.347930,,,,,,
42120,,,,,,,,,0.054935,0.000000,,,7.993476,6.903108,0.097225,0.106849,,,,0.522446,0.962896,-1.347918,,,,,,
42130,,,,,,,,,0.164805,0.000000,,,8.359339,6.897360,0.094282,0.107594,,,,0.522719,0.961660,-1.355007,,,,,,
42140,,,,,,,,,0.082402,-0.652434,,,8.122633,6.892524,0.097412,0.108331,,,,0.522920,0.960396,-1.355013,,,,,,
42150,,,,,,,,,0.164805,0.000000,,,7.923469,6.888455,0.100206,0.109061,,,,0.523166,0.959234,-1.358567,,,,,,
42161,0.523214,0.959067,-1.357516,0.519027,0.938152,-1.370589,0.086456,-0.311115,0.109870,0.000000,11.768657,10.036785,8.300435,7.429575,0.095446,0.101188,0.019554,-0.008519,-0.013073,,,,,,,,,
42164,,,,,,,,,,,,,,,,,,,,0.523401,0.958092,-1.358567,,,,,,
42170,,,,,,,,,0.082402,-0.652434,,,8.073071,6.795786,0.098459,0.108174,,,,0.523655,0.956862,-1.362109,,,,,,
42180,,,,,,,,,0.164805,0.000000,,,7.881768,6.807060,0.101149,0.108708,,,,0.523846,0.955652,-1.362114,,,,,,
42190,,,,,,,,,0.109870,0.000000,,,8.265348,7.361089,0.098014,0.103703,,,,0.524163,0.954363,-1.365687,,,,,,
42200,,,,,,,,,0.082402,-0.652434,,,8.043550,6.738163,0.100977,0.110592,,,,0.524416,0.953199,-1.369257,,,,,,
42210,0.524413,0.953241,-1.368272,0.519918,0.933560,-1.387513,0.091111,-0.329669,0.109870,0.000000,,,7.856928,6.758575,0.103626,0.111043,,,,,,,,,,,,
42213,,,,,,,,,,,11.795964,9.926329,,,,,0.018374,-0.008361,-0.019241,0.524649,0.951931,-1.372879,,,,,,
42220,,,,,,,,,0.164805,0.000000,,,8.244448,7.320294,0.100734,0.104843,,,,0.524859,0.950764,-1.372879,,,,,,
42230,,,,,,,,,0.109870,-1.304868,,,8.570507,6.703838,0.098118,0.111652,,,,0.525094,0.949562,-1.376408,,,,,,
42240,,,,,,,,,0.137337,0.652434,,,8.300310,7.274238,0.101520,0.106478,,,,0.525415,0.948271,-1.380006,,,,,,
42250,,,,,,,,,0.137337,-0.652434,,,8.617510,7.209630,0.098983,0.107667,,,,0.525708,0.946800,-1.383598,,,,,,
42260,0.525707,0.946774,-1.385049,0.520774,0.928705,-1.405273,0.096030,-0.347080,,,11.726048,9.752087,8.339858,7.155268,0.102451,0.108765,0.016848,-0.008185,-0.020224,,,,,,,,,
42263,,,,,,,,,0.137337,-0.652434,,,,,,,,,,0.525944,0.945501,-1.387221,,,,,,
42270,,,,,,,,,0.109870,0.000000,,,8.650785,7.109528,0.099258,0.108009,,,,0.526170,0.944208,-1.387195,,,,,,
42280,,,,,,,,,0.137337,-0.652434,,,8.912399,7.071042,0.097204,0.108930,,,,0.526363,0.942959,-1.390856,,,,,,
42290,,,,,,,,,0.109870,0.000000,,,8.587978,7.038660,0.101076,0.109796,,,,0.526563,0.941750,-1.394413,,,,,,
42300,,,,,,,,,0.137337,0.652434,,,8.315010,7.011414,0.104488,0.110617,,,,0.526753,0.940532,-1.394406,,,,,,
42310,0.526779,0.940491,-1.390883,0.521583,0.923569,-1.423792,0.101237,-0.363074,,,,,8.629878,6.988489,0.101958,0.111399,,,,,,,,,,,,
42313,,,,,,,,,0.137337,-1.957303,11.818352,9.671297,,,,,0.015719,-0.008141,-0.032909,0.526945,0.939198,-1.398026,,,,,,
42320,,,,,,,,,0.137337,0.652434,,,8.350265,7.513743,0.106371,0.105770,,,,0.527129,0.937915,-1.398046,,,,,,
42330,,,,,,,,,0.109870,0.000000,,,8.659541,7.411149,0.103910,0.107248,,,,0.527336,0.936566,-1.401638,,,,,,
42340,,,,,,,,,0.137337,-0.652434,,,8.919766,7.324826,0.101888,0.108580,,,,0.527521,0.935272,-1.401638,,,,,,
42350,,,,,,,,,0.137337,-0.652434,,,8.594176,7.252194,0.105788,0.109791,,,,0.527775,0.933901,-1.405263,,,,,,
42360,0.527787,0.933886,-1.406794,0.522334,0.918138,-1.442982,0.106759,-0.377403,,,11.915645,9.658840,8.864768,7.735625,0.103673,0.105343,0.014646,-0.007950,-0.036188,,,,,,,,,
42363,,,,,,,,,0.137337,0.652434,,,,,,,,,,0.527969,0.932559,-1.405256,,,,,,
42370,,,,,,,,,0.137337,-0.652434,,,9.092444,7.597840,0.102934,0.107009,,,,0.528217,0.931152,-1.408873,,,,,,
42380,,,,,,,,,0.137337,-0.652434,,,9.284011,7.481908,0.101545,0.108604,,,,0.528452,0.929718,-1.412529,,,,,,
42390,,,,,,,,,0.137337,-0.652434,,,8.900652,7.384363,0.105981,0.110034,,,,0.528745,0.928226,-1.416215,,,,,,
42400,,,,,,,,,0.137337,-0.652434,,,9.667180,7.302289,0.098766,0.111326,,,,0.528969,0.926794,-1.423483,,,,,,
42411,0.528955,0.926820,-1.424820,0.523014,0.912393,-1.462743,0.112625,-0.389850,0.137337,0.652434,11.980045,9.630442,9.767593,7.777774,0.098848,0.106658,0.013409,-0.007977,-0.037923,,,,,,,,,
42414,,,,,,,,,,,,,,,,,,,,0.529206,0.925359,-1.427176,,,,,,
42420,,,,,,,,,0.164805,-1.304868,,,9.852081,7.633305,0.098429,0.108502,,,,0.529414,0.923967,-1.430848,,,,,,
42430,,,,,,,,,0.109870,0.000000,,,9.378626,7.511748,0.103684,0.110141,,,,0.529608,0.922321,-1.438230,,,,,,
42440,,,,,,,,,0.164805,-1.304868,,,10.069347,7.409470,0.097159,0.111608,,,,0.529777,0.920866,-1.441962,,,,,,
42450,,,,,,,,,0.137337,0.652434,,,9.561434,7.867957,0.102721,0.107376,,,,0.530031,0.919302,-1.449338,,,,,,
42460,0.530015,0.919361,-1.450018,,,,,,0.137337,-0.652434,,,9.678618,7.709184,0.102010,0.109348,,,,,,,,,,,,
42463,,,,0.523611,0.906315,-1.482969,0.118861,-0.400237,,,12.041935,9.658640,,,,,0.012180,-0.007930,-0.032951,0.530198,0.917915,-1.452998,,,,,,
42470,,,,,,,,,0.164805,-1.304868,,,9.777218,7.575593,0.102096,0.111382,,,,0.530404,0.916386,-1.456698,,,,,,
42480,,,,,,,,,0.164805,0.000000,,,10.404722,8.007732,0.096148,0.107391,,,,0.530523,0.914928,-1.460411,,,,,,
42490,,,,,,,,,0.137337,-0.652434,,,9.843618,7.826791,0.102199,0.109567,,,,0.530665,0.913452,-1.467857,,,,,,
42500,,,,,,,,,0.109870,0.000000,,,9.916049,7.674548,0.101900,0.111486,,,,0.530864,0.911851,-1.471639,,,,,,
42511,0.530847,0.912024,-1.469825,0.524110,0.899885,-1.503548,0.125498,-0.408434,0.192272,-0.652434,12.268807,9.820804,10.521535,8.090993,0.098463,0.109289,0.011398,-0.007927,-0.033723,,,,,,,,,
42514,,,,,,,,,,,,,,,,,,,,0.531021,0.910418,-1.475378,,,,,,
42520,,,,,,,,,0.137337,-0.652434,,,10.486447,7.896847,0.099170,0.111615,,,,0.531221,0.908849,-1.479078,,,,,,
42530,,,,,,,,,0.137337,-0.652434,,,10.456925,7.733492,0.099828,0.113666,,,,0.531452,0.907371,-1.486638,,,,,,
42540,,,,,,,,,0.137337,-0.652434,,,10.432085,7.596046,0.100444,0.115486,,,,0.531625,0.905804,-1.494121,,,,,,
42550,,,,,,,,,0.192272,-0.652434,,,10.411184,8.024941,0.101024,0.111556,,,,0.531767,0.904221,-1.501730,,,,,,
42560,0.531758,0.904072,-1.501790,0.524497,0.893081,-1.524367,0.132563,-0.414363,,,12.427602,10.024538,10.393599,7.841271,0.101575,0.113789,0.010464,-0.008002,-0.022577,,,,,,,,,
42563,,,,,,,,,0.164805,0.000000,,,,,,,,,,0.531877,0.902725,-1.505525,,,,,,
42570,,,,,,,,,0.109870,-1.304868,,,10.923346,7.686731,0.098166,0.117839,,,,0.531925,0.901299,-1.513123,,,,,,
42580,,,,,,,,,0.137337,-0.652434,,,10.824532,7.556701,0.099475,0.119633,,,,0.532028,0.899866,-1.516935,,,,,,
42590,,,,,,,,,0.164805,0.000000,,,10.741389,7.991837,0.100644,0.115688,,,,0.532137,0.898335,-1.524524,,,,,,
42600,,,,,,,,,0.137337,-0.652434,,,10.671433,7.813416,0.101695,0.117914,,,,0.532240,0.896814,-1.528358,,,,,,
42610,0.532230,0.896848,-1.528866,0.524755,0.885884,-1.545310,0.140086,-0.417996,0.137337,-0.652434,,,10.612573,7.663294,0.102646,0.119888,,,,,,,,,,,,
42613,,,,,,,,,,,12.937074,10.556841,,,,,0.010641,-0.007928,-0.016444,0.532313,0.895354,-1.536043,,,,,,
42620,,,,,,,,,0.192272,-0.652434,,,11.107590,8.081524,0.103157,0.121524,,,,0.532415,0.893815,-1.539896,,,,,,
42630,,,,,,,,,0.137337,-0.652434,,,10.979554,7.888880,0.104829,0.123984,,,,0.532462,0.892401,-1.547624,,,,,,
42640,,,,,,,,,0.137337,-0.652434,,,10.871825,7.726789,0.106319,0.126171,,,,0.532469,0.890906,-1.555333,,,,,,
42650,,,,,,,,,0.164805,0.000000,,,10.781182,8.134949,0.107656,0.122573,,,,0.532424,0.889425,-1.559222,,,,,,
42661,0.532435,0.889357,-1.556675,0.524868,0.878269,-1.566266,0.148095,-0.419361,0.192272,-0.652434,13.510100,11.177402,11.249458,8.478374,0.109156,0.125885,0.010980,-0.007723,-0.009591,,,,,,,,,
42664,,,,,,,,,,,,,,,,,,,,0.532444,0.887963,-1.563119,,,,,,
42670,,,,,,,,,0.137337,-0.652434,,,11.098923,8.222790,0.111144,0.129031,,,,0.532485,0.886376,-1.567022,,,,,,
42680,,,,,,,,,0.137337,-0.652434,,,10.972261,8.007741,0.112918,0.131816,,,,0.532544,0.884786,-1.574398,,,,,,
42690,,,,,,,,,0.192272,-0.652434,,,10.865689,8.371342,0.114513,0.128741,,,,0.532543,0.883193,-1.578302,,,,,,
42700,,,,,,,,,0.137337,-0.652434,,,11.320562,8.132732,0.110402,0.131736,,,,,,,,,,,,
42711,0.532542,0.883019,-1.576487,0.524820,0.870214,-1.587129,0.156616,-0.418531,0.164805,0.000000,14.574328,12.228731,11.158750,8.476510,0.112490,0.128838,0.012848,-0.007649,-0.010642,,,,,,,,,
42720,,,,,,,,,0.192272,-0.652434,,,11.567143,8.765764,0.119650,0.137152,,,,0.532526,0.878219,-1.597711,,,,,,
42730,,,,,,,,,0.192272,-0.652434,,,11.366222,8.464600,0.122301,0.140916,,,,0.532529,0.876486,-1.601634,,,,,,
42740,,,,,,,,,0.137337,-0.652434,,,11.741711,8.755743,0.119112,0.138699,,,,0.532472,0.874609,-1.609270,,,,,,
42750,,,,,,,,,0.219740,0.000000,,,12.057647,9.000710,0.116456,0.136895,,,,0.532419,0.872806,-1.613172,,,,,,
42761,0.532422,0.872741,-1.610093,0.524592,0.861696,-1.607797,0.165675,-0.415627,,,14.646060,12.444188,12.323475,9.751369,0.114980,0.132082,0.011344,-0.007390,0.002296,0.532339,0.870947,-1.617001,,,,,,
42764,,,,,,,,,0.247207,-0.652434,,,,,,,,,,,,,,,,,,
42770,,,,,,,,,0.137337,-0.652434,,,12.002600,9.838430,0.118717,0.131732,,,,0.532275,0.869056,-1.620824,,,,,,
42780,,,,,,,,,0.164805,0.000000,,,12.277159,9.911684,0.116446,0.131506,,,,0.532128,0.867126,-1.624641,,,,,,
42790,,,,,,,,,0.219740,0.000000,,,12.508173,9.973319,0.114563,0.131384,,,,0.531917,0.865187,-1.632190,,,,,,
42800,,,,,,,,,0.192272,-0.652434,,,12.702548,10.569722,0.113008,0.125795,,,,0.531741,0.863295,-1.632190,,,,,,
42811,0.531754,0.863282,-1.633073,0.524165,0.852689,-1.628180,0.175295,-0.410804,0.247207,-0.652434,15.135078,12.989117,13.410638,11.071536,0.111162,0.126610,0.011045,-0.006915,0.004893,,,,,,,,,
42814,,,,,,,,,,,,,,,,,,,,0.531681,0.861265,-1.636048,,,,,,
42820,,,,,,,,,0.164805,0.000000,,,12.917338,10.404675,0.116539,0.133795,,,,0.531559,0.859171,-1.639838,,,,,,
42830,,,,,,,,,0.192272,-0.652434,,,13.046820,10.932666,0.115661,0.128927,,,,0.531502,0.857093,-1.647401,,,,,,
42840,,,,,,,,,0.219740,-1.304868,,,13.155766,10.832374,0.114968,0.130361,,,,0.531333,0.855107,-1.651171,,,,,,
42850,,,,,,,,,0.219740,0.000000,,,13.791975,11.292530,0.108874,0.126099,,,,0.531157,0.853135,-1.658736,,,,,,
42861,0.531148,0.853067,-1.656583,0.523522,0.843168,-1.648196,0.185497,-0.404246,0.247207,-0.652434,15.584991,13.516352,,,,,0.010516,-0.006750,0.008387,,,,,,,,,
42864,,,,,,,,,,,,,14.327282,11.679707,0.108272,0.127867,,,,0.530930,0.851125,-1.662483,,,,,,
42870,,,,,,,,,0.137337,-0.652434,,,13.688602,10.916389,0.115038,0.136020,,,,0.530713,0.848975,-1.666226,,,,,,
42880,,,,,,,,,0.219740,0.000000,,,13.695761,11.363221,0.115344,0.131982,,,,0.530457,0.846931,-1.669967,,,,,,
42890,,,,,,,,,0.219740,0.000000,,,13.701784,11.194642,0.115661,0.134132,,,,0.530205,0.844846,-1.673698,,,,,,
42900,,,,,,,,,0.192272,-0.652434,,,13.706852,11.597343,0.115986,0.130489,,,,0.530011,0.842815,-1.677423,,,,,,
42911,0.530025,0.842872,-1.678411,0.522641,0.833109,-1.667774,0.196297,-0.396155,,,16.216927,14.225026,13.711116,11.391633,0.122764,0.140199,0.010500,-0.006292,0.010638,,,,,,,,,
42914,,,,,,,,,0.247207,-1.957303,,,,,,,,,,0.529839,0.840735,-1.681145,,,,,,
42920,,,,,,,,,0.192272,0.652434,,,13.714704,11.763091,0.123228,0.136977,,,,0.529684,0.838469,-1.688459,,,,,,
42930,,,,,,,,,0.219740,0.000000,,,14.262266,11.531093,0.118143,0.139836,,,,0.529442,0.836308,-1.692213,,,,,,
42940,,,,,,,,,0.192272,-0.652434,,,14.178442,11.880433,0.119389,0.136812,,,,0.529193,0.834118,-1.695958,,,,,,
42950,,,,,,,,,0.247207,-0.652434,,,14.652455,12.174368,0.114962,0.134282,,,,0.528915,0.831874,-1.699652,,,,,,
42961,0.528881,0.831768,-1.700607,0.521504,0.822486,-1.686853,0.207711,-0.386747,0.247207,-1.957303,16.785217,14.890272,15.595833,12.966228,0.111449,0.133401,0.010158,-0.006113,0.013754,,,,,,,,,
42964,,,,,,,,,,,,,,,,,,,,0.528668,0.829580,-1.707011,,,,,,
42970,,,,,,,,,0.192272,0.652434,,,14.755961,11.998869,0.120254,0.143653,,,,0.528399,0.827369,-1.714339,,,,,,
42980,,,,,,,,,0.247207,-0.652434,,,14.593837,12.274019,0.122313,0.141425,,,,0.528073,0.825217,-1.714383,,,,,,
42990,,,,,,,,,0.219740,0.000000,,,15.001968,12.505531,0.118589,0.139586,,,,0.527755,0.823009,-1.721694,,,,,,
43000,,,,,,,,,0.219740,0.000000,,,14.800827,12.700325,0.120997,0.138077,,,,0.527414,0.820725,-1.725335,,,,,,
43011,0.527416,0.820738,-1.723260,0.520090,0.811274,-1.705383,0.219750,-0.376241,,,17.562002,15.789834,15.176130,12.864224,0.125489,0.146018,0.010467,-0.005804,0.017877,,,,,,,,,
43014,,,,,,,,,0.302142,-0.652434,,,,,,,,,,0.527039,0.818286,-1.728982,,,,,,
43020,,,,,,,,,0.192272,-0.652434,,,15.491910,13.002130,0.122745,0.145197,,,,0.526689,0.815847,-1.732648,,,,,,
43030,,,,,,,,,0.247207,-0.652434,,,15.213064,13.118163,0.126003,0.144571,,,,0.526285,0.813375,-1.736248,,,,,,
43040,,,,,,,,,0.219740,0.000000,,,15.522986,13.215794,0.123312,0.144109,,,,0.525785,0.811105,-1.743491,,,,,,
43050,,,,,,,,,0.274675,0.000000,,,15.783754,13.297940,0.121060,0.143786,,,,0.525327,0.808685,-1.747098,,,,,,
43061,0.525325,0.808558,-1.745098,0.518378,0.799446,-1.723326,0.232420,-0.364850,0.302142,-0.652434,18.205072,16.565960,,,,,0.010179,-0.005262,0.021772,,,,,,,,,
43064,,,,,,,,,,,,,16.547709,14.456144,0.120182,0.140387,,,,0.524867,0.806185,-1.750664,,,,,,
43070,,,,,,,,,0.192272,-0.652434,,,15.556870,13.797028,0.130621,0.147532,,,,0.524347,0.803601,-1.750614,,,,,,
43080,,,,,,,,,0.247207,0.652434,,,15.812263,14.331533,0.128545,0.142634,,,,0.523824,0.801062,-1.754274,,,,,,
43090,,,,,,,,,0.274675,0.000000,,,16.027153,14.236723,0.126832,0.144048,,,,0.523315,0.798629,-1.757905,,,,,,
43100,,,,,,,,,0.247207,-0.652434,,,16.207960,14.701492,0.125423,0.139773,,,,,,,,,,,,
43110,,,,,,,,,0.247207,-0.652434,,,16.360092,14.548006,0.124271,0.141712,,,,,,,,,,,,
43113,0.523288,0.798443,-1.759568,0.516349,0.786978,-1.740653,0.245724,-0.352780,,,19.688223,18.089027,,,,,0.012564,-0.004665,0.018915,,,,,,,,,
43120,,,,,,,,,0.274675,0.000000,,,16.488096,14.963407,0.138462,0.153414,,,,0.521845,0.790822,-1.768623,,,,,,
43130,,,,,,,,,0.274675,0.000000,,,16.595798,14.768381,0.138004,0.156028,,,,0.521250,0.788163,-1.768623,,,,,,
43140,,,,,,,,,0.247207,-0.652434,,,16.686419,15.148829,0.137698,0.152811,,,,0.520743,0.785531,-1.775770,,,,,,
43150,,,,,,,,,0.302142,-0.652434,,,17.307209,15.468939,0.131966,0.150134,,,,0.520193,0.782869,-1.779377,,,,,,
43161,0.520196,0.782934,-1.780452,0.513982,0.773845,-1.757343,0.259660,-0.340222,0.357077,-0.652434,19.811491,18.365650,17.285000,15.193736,0.133926,0.156287,0.010184,-0.004186,0.023109,,,,,,,,,
43164,,,,,,,,,,,,,,,,,,,,0.519719,0.780136,-1.782972,,,,,,
43170,,,,,,,,,0.192272,-0.652434,,,17.810856,15.506723,0.129068,0.153729,,,,0.519124,0.777346,-1.790051,,,,,,
43180,,,,,,,,,0.274675,0.000000,,,17.708767,15.770071,0.130509,0.151615,,,,0.518425,0.774642,-1.793596,,,,,,
43190,,,,,,,,,0.302142,-0.652434,,,18.167414,15.991652,0.126252,0.149874,,,,0.517719,0.771810,-1.797128,,,,,,
43200,,,,,,,,,0.274675,0.000000,,,18.008776,16.178089,0.128199,0.148447,,,,0.517032,0.769141,-1.800655,,,,,,
43210,0.517056,0.769171,-1.798960,0.511257,0.760024,-1.773386,0.274220,-0.327353,,,20.663477,19.352598,18.419840,16.334957,0.124366,0.147284,,,,,,,,,,,,
43213,,,,,,,,,0.357077,-0.652434,,,,,,,0.010222,-0.003580,0.025574,0.516414,0.766330,-1.804152,,,,,,
43220,,,,,,,,,0.219740,0.000000,,,18.221167,16.466948,0.135361,0.156411,,,,0.515714,0.763317,-1.804105,,,,,,
43230,,,,,,,,,0.302142,-0.652434,,,18.598547,16.578003,0.132001,0.155855,,,,0.514950,0.760357,-1.811152,,,,,,
43240,,,,,,,,,0.302142,0.652434,,,18.371531,16.671446,0.134729,0.155457,,,,0.514177,0.757465,-1.814714,,,,,,
43250,,,,,,,,,0.302142,-0.652434,,,18.725063,17.294611,0.131581,0.149637,,,,0.513445,0.754737,-1.814754,,,,,,
43261,0.513443,0.754718,-1.816166,0.508153,0.745490,-1.788776,0.289394,-0.314329,0.412012,-0.652434,21.549427,20.369360,19.022526,17.274399,0.137972,0.160626,0.010237,-0.002890,0.027390,,,,,,,,,
43264,,,,,,,,,,,,,,,,,,,,0.512726,0.751876,-1.818169,,,,,,
43270,,,,,,,,,0.192272,-0.652434,,,19.272810,17.257393,0.135924,0.161418,,,,0.511963,0.748893,-1.821762,,,,,,
43280,,,,,,,,,0.329610,0.000000,,,19.483398,17.787628,0.134232,0.156632,,,,0.511208,0.745794,-1.825242,,,,,,
43290,,,,,,,,,0.274675,0.000000,,,19.116045,17.689224,0.138392,0.158152,,,,0.510520,0.742610,-1.828739,,,,,,
43300,,,,,,,,,0.357077,-0.652434,,,19.896040,18.150970,0.130922,0.153978,,,,0.509712,0.739492,-1.832198,,,,,,
43311,0.509639,0.739322,-1.833590,0.504651,0.730222,-1.803516,0.305165,-0.301286,0.357077,-0.652434,22.414948,21.385273,,,,,0.010083,-0.002453,0.030074,,,,,,,,,
43314,,,,,,,,,,,,,20.552328,18.539484,0.133387,0.160822,,,,0.508884,0.736365,-1.835686,,,,,,
43320,,,,,,,,,0.247207,-0.652434,,,20.015442,17.777292,0.139236,0.169165,,,,0.508103,0.733355,-1.839213,,,,,,
43330,,,,,,,,,0.329610,0.000000,,,20.108250,18.225071,0.138769,0.165319,,,,0.507281,0.730302,-1.842679,,,,,,
43340,,,,,,,,,0.329610,0.000000,,,20.186338,18.601831,0.138434,0.162108,,,,0.506287,0.726932,-1.846152,,,,,,
43357,,,,,,,,,0.054935,0.000000,,,17.529325,16.196121,0.165981,0.187203,,,,,,,,,,,,
43361,0.506508,0.727749,-1.845098,0.500732,0.714199,-1.817614,0.321510,-0.288344,0.631752,0.652435,24.684732,23.706095,20.194605,19.072845,0.162924,0.182571,0.014608,-0.001890,0.027484,,,,,,,,,
43364,,,,,,,,,,,,,,,,,,,,0.504561,0.720406,-1.853055,,,,,,
43370,,,,,,,,,0.302142,-0.652434,,,20.258997,19.315149,0.163166,0.181026,,,,0.503585,0.717087,-1.856481,,,,,,
43380,,,,,,,,,0.329610,0.000000,,,20.857719,20.063566,0.157944,0.174271,,,,0.502485,0.713901,-1.859971,,,,,,
43390,,,,,,,,,0.357077,-0.652434,,,21.361485,20.148741,0.153571,0.174130,,,,0.501474,0.710497,-1.863422,,,,,,
43400,,,,,,,,,0.357077,-0.652434,,,21.240810,20.220407,0.155466,0.174111,,,,0.500293,0.707003,-1.866883,,,,,,
43410,0.500375,0.707191,-1.865055,,,,,,0.384545,0.000000,,,22.228361,20.825251,0.146082,0.168638,,,,,,,,,,,,
43413,,,,0.496377,0.697401,-1.831081,0.338403,-0.275601,,,24.466846,23.731844,,,,,0.010529,-0.000987,0.033974,0.499167,0.703532,-1.870263,,,,,,
43420,,,,,,,,,0.384545,0.000000,,,22.514742,20.789623,0.141430,0.169841,,,,0.497963,0.699955,-1.873630,,,,,,
43430,,,,,,,,,0.357077,-0.652434,,,22.755703,21.304188,0.139363,0.165181,,,,0.496750,0.696340,-1.877183,,,,,,
43440,,,,,,,,,0.384545,0.000000,,,22.958448,21.737143,0.137637,0.161250,,,,0.495618,0.692751,-1.880598,,,,,,
43450,,,,,,,,,0.384545,0.000000,,,23.129038,22.101431,0.136198,0.157933,,,,0.494458,0.689161,-1.884066,,,,,,
43461,0.494484,0.689131,-1.882471,0.491569,0.679811,-1.843933,0.355812,-0.263138,0.466947,-0.652434,25.227064,24.708956,24.361658,22.952486,0.131648,0.159545,0.009765,0.000083,0.038538,,,,,,,,,
43464,,,,,,,,,,,,,,,,,,,,0.493272,0.685548,-1.887444,,,,,,
43470,,,,,,,,,0.274675,0.000000,,,23.220612,22.034935,0.143459,0.169255,,,,0.492075,0.681760,-1.890792,,,,,,
43480,,,,,,,,,0.384545,0.000000,,,23.349623,21.807451,0.142545,0.172110,,,,0.490826,0.678075,-1.894241,,,,,,
43490,,,,,,,,,0.384545,0.000000,,,23.458172,22.160589,0.141813,0.169089,,,,0.489551,0.674348,-1.897633,,,,,,
43500,,,,,,,,,0.384545,-1.304868,,,24.094048,22.457720,0.135681,0.166568,,,,0.488485,0.670943,-1.901070,,,,,,
43511,0.488449,0.670949,-1.904984,0.486291,0.661412,-1.856190,0.373700,-0.251022,0.412012,1.957303,26.139893,25.982794,23.539988,23.796812,0.150870,0.166352,0.009717,0.001090,0.048794,,,,,,,,,
43514,,,,,,,,,,,,,,,,,,,,0.487333,0.667445,-1.901140,,,,,,
43520,,,,,,,,,0.357077,-1.957303,,,24.162888,22.745350,0.145036,0.177514,,,,0.485943,0.663750,-1.904561,,,,,,
43530,,,,,,,,,0.384545,0.000000,,,24.142452,22.949738,0.145640,0.176077,,,,0.484707,0.660124,-1.904561,,,,,,
43540,,,,,,,,,0.412012,-0.652434,,,24.125257,23.121708,0.146215,0.174930,,,,0.483445,0.656503,-1.907985,,,,,,
43550,,,,,,,,,0.384545,0.000000,,,24.655334,23.266405,0.141211,0.174026,,,,0.482231,0.652778,-1.907997,,,,,,
43560,0.482223,0.652779,-1.907744,0.480527,0.642190,-1.867871,0.392023,-0.239303,,,,,24.556797,23.388153,0.142513,0.173327,,,,,,,,,,,,
43563,,,,,,,,,0.494415,0.000000,27.574869,27.325890,,,,,0.010554,0.001900,0.039873,0.481040,0.648966,-1.908008,,,,,,
43570,,,,,,,,,0.274675,0.000000,,,24.473888,23.490591,0.158312,0.186501,,,,0.479749,0.645050,-1.908022,,,,,,
43580,,,,,,,,,0.439480,0.000000,,,24.404129,24.121326,0.159644,0.180835,,,,0.478317,0.641187,-1.908012,,,,,,
43590,,,,,,,,,0.412012,0.652434,,,24.889977,24.107483,0.155322,0.181617,,,,0.476925,0.637388,-1.907965,,,,,,
43600,,,,,,,,,0.384545,0.000000,,,24.754225,24.640379,0.157244,0.176825,,,,0.475638,0.633423,-1.908000,,,,,,
43611,0.475657,0.633524,-1.907978,0.474263,0.622134,-1.878999,0.410736,-0.228020,0.439480,1.304869,29.021366,28.604778,24.640003,24.544214,0.173727,0.191388,0.011210,0.002453,0.028979,,,,,,,,,
43614,,,,,,,,,,,,,,,,,,,,0.474243,0.629610,-1.908012,,,,,,
43620,,,,,,,,,0.384545,-1.304868,,,25.088442,24.463301,0.170029,0.193025,,,,0.472777,0.625494,-1.907982,,,,,,
43630,,,,,,,,,0.412012,-0.652434,,,24.921213,24.939764,0.172522,0.188993,,,,0.471216,0.621329,-1.907898,,,,,,
43640,,,,,,,,,0.412012,0.652434,,,25.325050,25.340660,0.169223,0.185637,,,,0.469712,0.617287,-1.904507,,,,,,
43650,,,,,,,,,0.439480,0.000000,,,25.664839,25.677973,0.166496,0.182849,,,,0.468118,0.613093,-1.904501,,,,,,
43661,0.468141,0.613067,-1.904794,0.467485,0.601234,-1.889599,0.429786,-0.217200,0.549350,0.000000,30.406319,29.719904,27.039824,27.050875,0.167269,0.180805,0.011394,0.003259,0.015194,,,,,,,,,
43664,,,,,,,,,,,,,,,,,,,,0.466486,0.609061,-1.904527,,,,,,
43670,,,,,,,,,0.329610,0.000000,,,26.018562,26.027863,0.178359,0.191774,,,,0.464716,0.604816,-1.900964,,,,,,
43680,,,,,,,,,0.466947,0.652434,,,26.248360,26.800730,0.176893,0.184629,,,,0.463107,0.600773,-1.900981,,,,,,
43690,,,,,,,,,0.439480,0.000000,,,26.441711,26.906477,0.175752,0.184134,,,,0.461524,0.596457,-1.900981,,,,,,
43700,,,,,,,,,0.494415,0.000000,,,27.148941,27.539995,0.169331,0.178235,,,,0.460015,0.592250,-1.897555,,,,,,
43711,0.460018,0.592036,-1.898164,0.460183,0.579483,-1.899694,0.449116,-0.206861,0.549350,0.000000,31.934166,30.861631,28.288548,28.617580,0.173943,0.179325,0.011834,0.004193,-0.001530,,,,,,,,,
43714,,,,,,,,,,,,,,,,,,,,0.458399,0.587702,-1.897512,,,,,,
43720,,,,,,,,,0.384545,0.000000,,,27.613783,27.890631,0.181555,0.187189,,,,0.456841,0.583463,-1.900960,,,,,,
43730,,,,,,,,,0.494415,0.000000,,,28.135122,27.823519,0.177101,0.188468,,,,,,,,,,,,
43733,,,,,,,,,,,,,,,,,,,,0.455279,0.579076,-1.901019,,,,,,
43740,,,,,,,,,0.466947,-0.652434,,,28.029234,28.311594,0.178941,0.184097,,,,0.453807,0.574841,-1.904500,,,,,,
43750,,,,,,,,,0.494415,0.000000,,,28.484682,28.177717,0.175076,0.185973,,,,0.452373,0.570498,-1.904526,,,,,,
43761,0.452347,0.570342,-1.903993,0.452344,0.556879,-1.909308,0.468665,-0.197012,0.494415,1.304868,33.434071,32.305111,28.867897,29.698702,0.187157,0.185719,0.012723,0.004400,-0.005315,,,,,,,,,
43764,,,,,,,,,,,,,,,,,,,,0.450655,0.566016,-1.911288,,,,,,
43770,,,,,,,,,0.466947,-1.957303,,,29.734877,28.255743,0.179227,0.200958,,,,0.449069,0.561554,-1.911272,,,,,,
43780,,,,,,,,,0.494415,0.000000,,,29.919809,28.675268,0.178080,0.197489,,,,0.447477,0.557006,-1.914701,,,,,,
43790,,,,,,,,,0.494415,-1.304868,,,30.075413,29.028255,0.177196,0.194615,,,,0.445820,0.552337,-1.918118,,,,,,
43800,,,,,,,,,0.494415,0.000000,,,30.750881,29.325260,0.170978,0.192241,,,,0.444128,0.547646,-1.921478,,,,,,
43811,0.444136,0.547591,-1.920011,0.443962,0.533418,-1.918467,0.488370,-0.187656,0.604285,0.000000,34.719257,33.851585,,,,,0.013377,0.004686,0.001544,,,,,,,,,
43814,,,,,,,,,,,,,31.863762,30.664246,0.173272,0.194953,,,,0.442330,0.542875,-1.924839,,,,,,
43820,,,,,,,,,0.384545,-1.304868,,,30.621967,29.068151,0.186509,0.211870,,,,0.440632,0.538294,-1.928244,,,,,,
43830,,,,,,,,,0.521882,0.652434,,,30.666208,29.903370,0.186878,0.204308,,,,0.438911,0.533682,-1.928232,,,,,,
43840,,,,,,,,,0.494415,0.000000,,,31.247976,30.061581,0.181754,0.203484,,,,0.437008,0.528815,-1.931564,,,,,,
43850,,,,,,,,,0.494415,0.000000,,,31.192932,30.194698,0.183010,0.202884,,,,0.435119,0.523894,-1.934928,,,,,,
43861,0.435164,0.523934,-1.933676,0.435029,0.509104,-1.927196,0.508160,-0.178793,0.659220,0.000000,35.997379,35.346882,,,,,0.013912,0.005138,0.006481,,,,,,,,,
43864,,,,,,,,,,,,,32.780247,31.940334,0.180561,0.201062,,,,0.433219,0.519094,-1.938301,,,,,,
43870,,,,,,,,,0.384545,0.000000,,,31.393097,30.686396,0.195354,0.214533,,,,0.431140,0.513871,-1.938233,,,,,,
43880,,,,,,,,,0.549350,-1.304868,,,31.859579,30.720419,0.191516,0.215119,,,,0.429201,0.508923,-1.938233,,,,,,
43890,,,,,,,,,0.576817,0.652434,,,32.252079,31.293589,0.188340,0.210197,,,,0.427265,0.503791,-1.938251,,,,,,
43900,,,,,,,,,0.521882,-0.652434,,,33.126869,31.775854,0.180167,0.206089,,,,,,,,,,,,
43911,0.427122,0.503446,-1.940605,0.425540,0.483942,-1.935517,0.527965,-0.170414,0.576817,1.957303,38.589870,37.955624,32.773830,33.270718,0.210785,0.218165,0.018757,0.005574,0.005088,,,,,,,,,
43920,,,,,,,,,0.521882,-1.957302,,,33.565872,32.350323,0.203870,0.228490,,,,0.421301,0.488389,-1.948388,,,,,,
43930,,,,,,,,,0.604285,0.000000,,,34.232296,32.664989,0.198077,0.226401,,,,0.419290,0.483157,-1.948405,,,,,,
43940,,,,,,,,,0.549350,-1.304868,,,34.248482,32.929749,0.198783,0.224759,,,,0.417429,0.478220,-1.951804,,,,,,
43950,,,,,,,,,0.576817,0.652434,,,34.806644,33.697060,0.193958,0.217937,,,,0.415247,0.473066,-1.955121,,,,,,
43961,0.415398,0.473348,-1.951166,0.415492,0.457939,-1.943455,0.547708,-0.162512,0.549350,0.000000,38.488834,38.000782,34.731739,35.431763,0.194448,0.201556,0.014272,0.005808,0.007711,,,,,,,,,
43964,,,,,,,,,,,,,,,,,,,,0.413139,0.468027,-1.958455,,,,,,
43970,,,,,,,,,0.604285,0.000000,,,35.213257,34.168625,0.190288,0.214954,,,,0.411021,0.462541,-1.958476,,,,,,
43980,,,,,,,,,0.604285,-1.304869,,,35.618404,34.194908,0.186811,0.215452,,,,0.408730,0.457004,-1.961821,,,,,,
43990,,,,,,,,,0.604285,0.000000,,,35.959297,34.761566,0.183908,0.210433,,,,0.406428,0.451590,-1.961814,,,,,,
44000,,,,,,,,,0.576817,0.652434,,,36.246124,34.693810,0.181488,0.211772,,,,0.404177,0.446223,-1.965154,,,,,,
44011,0.404249,0.446241,-1.961244,0.404885,0.431109,-1.951032,0.567313,-0.155073,0.686687,-0.652435,39.490993,39.154472,37.576546,36.270428,0.178588,0.208120,0.013751,0.006348,0.010212,,,,,,,,,
44014,,,,,,,,,,,,,,,,,,,,0.401968,0.440758,-1.965150,,,,,,
44020,,,,,,,,,0.494415,0.000000,,,35.973248,34.874279,0.195325,0.222937,,,,0.399700,0.435274,-1.968484,,,,,,
44030,,,,,,,,,0.576817,-0.652434,,,36.257862,35.333187,0.193125,0.219112,,,,0.397435,0.429855,-1.968484,,,,,,
44040,,,,,,,,,0.576817,0.652434,,,36.497334,35.719315,0.191329,0.215938,,,,0.395164,0.424602,-1.971805,,,,,,
44050,,,,,,,,,0.604285,0.000000,,,36.698826,35.499657,0.189873,0.218866,,,,0.392778,0.419176,-1.971796,,,,,,
44061,0.392774,0.419103,-1.970911,0.393718,0.403465,-1.958270,0.586700,-0.148084,0.631752,1.957303,40.704212,40.522224,,,,,0.014035,0.006961,0.012641,,,,,,,,,
44064,,,,,,,,,,,,,37.957451,37.493011,0.189968,0.213216,,,,0.390275,0.413448,-1.971805,,,,,,
44070,,,,,,,,,0.549350,-2.609737,,,36.293739,35.902962,0.207487,0.230040,,,,0.387796,0.407637,-1.971813,,,,,,
44080,,,,,,,,,0.604285,1.304869,,,36.527523,36.198723,0.205985,0.227947,,,,0.385307,0.401861,-1.975151,,,,,,
44090,,,,,,,,,0.631752,-0.652435,,,37.268772,36.447575,0.199260,0.226273,,,,0.382771,0.396192,-1.975151,,,,,,
44100,,,,,,,,,0.604285,0.000000,,,37.347916,36.656960,0.199139,0.224953,,,,0.380391,0.390662,-1.978466,,,,,,
44112,0.380441,0.390714,-1.977833,0.381996,0.375028,-1.965192,0.605787,-0.141531,0.769089,0.000000,41.794456,41.679317,37.414505,36.833138,0.210252,0.235731,0.013789,0.007638,0.012641,0.377972,0.385062,-1.978472,,,,,,
44120,,,,,,,,,0.439480,0.000000,,,37.470535,37.525917,0.210556,0.229634,,,,0.375286,0.379140,-1.975136,,,,,,
44130,,,,,,,,,0.631752,-0.652435,,,38.062222,37.564278,0.205386,0.230073,,,,0.372769,0.373541,-1.975122,,,,,,
44140,,,,,,,,,0.659220,0.000000,,,38.560066,38.141098,0.201054,0.225013,,,,0.370283,0.367658,-1.975139,,,,,,
44150,,,,,,,,,0.631752,-0.652435,,,38.434410,38.081890,0.202983,0.226324,,,,0.367639,0.361543,-1.978433,,,,,,
44160,0.367630,0.361571,-1.981120,0.369724,0.345818,-1.971817,0.624492,-0.135396,,,,,38.873226,38.576614,0.199179,0.221998,,,,,,,,,,,,
44163,,,,,,,,,0.851492,0.652435,42.948933,42.765045,,,,,0.013610,0.008204,0.009303,,,,,,,,,
44169,,,,,,,,,0.439480,0.000000,,,39.242447,38.992878,0.207773,0.229447,,,,0.364806,0.355612,-1.978405,,,,,,
44172,,,,,,,,,,,,,,,,,,,,0.362097,0.349639,-1.975118,,,,,,
44180,,,,,,,,,0.659220,0.000000,,,39.008564,39.343121,0.210900,0.226629,,,,0.359325,0.343712,-1.975054,,,,,,
44190,,,,,,,,,0.659220,0.000000,,,39.356319,39.093273,0.208141,0.229861,,,,0.356576,0.337828,-1.975030,,,,,,
44200,,,,,,,,,0.659220,0.000000,,,39.648922,39.972137,0.205875,0.221631,,,,0.353659,0.331922,-1.974985,,,,,,
44211,0.353729,0.331874,-1.975502,0.356910,0.315863,-1.978165,0.642732,-0.129665,0.714154,-2.609737,44.259167,43.656006,39.895115,39.622524,0.217388,0.234844,0.013465,0.009228,-0.002663,,,,,,,,,
44214,,,,,,,,,,,,,,,,,,,,0.350735,0.326076,-1.974944,,,,,,
44220,,,,,,,,,0.604285,2.609737,,,40.102264,40.417450,0.216148,0.227542,,,,0.347921,0.320185,-1.974944,,,,,,
44230,,,,,,,,,0.631752,0.652435,,,40.276558,40.541756,0.215201,0.226922,,,,0.345090,0.314032,-1.974888,,,,,,
44240,,,,,,,,,0.659220,0.000000,,,40.423210,40.646347,0.214502,0.226478,,,,0.342458,0.307872,-1.974896,,,,,,
44250,,,,,,,,,0.741622,-0.652433,,,41.091145,40.734348,0.208456,0.226182,,,,0.339881,0.301899,-1.978135,,,,,,
44261,0.339778,0.301572,-1.980653,0.343562,0.285191,-1.984255,0.660424,-0.124320,0.604285,0.000000,45.375629,44.779640,41.108601,42.986565,0.220300,0.215255,0.013516,0.009998,-0.003603,,,,,,,,,
44264,,,,,,,,,,,,,,,,,,,,0.337363,0.295951,-1.978340,,,,,,
44270,,,,,,,,,0.714155,0.000000,,,41.667831,40.525234,0.215449,0.240719,,,,0.334594,0.289624,-1.981650,,,,,,
44280,,,,,,,,,0.686687,-0.652435,,,41.593826,40.632446,0.216946,0.240477,,,,0.331805,0.283195,-1.988183,,,,,,
44290,,,,,,,,,0.659220,0.000000,,,42.076103,40.722652,0.212783,0.240386,,,,0.329197,0.276712,-1.991565,,,,,,
44300,,,,,,,,,0.714154,-1.304868,,,42.481892,40.798553,0.209304,0.240423,,,,0.326413,0.270065,-1.994847,,,,,,
44306,,,,,,,,,,,,,,,,,,,,0.326413,0.270065,-1.994847,,,,,,
44311,0.326263,0.269996,-1.999128,0.329694,0.253835,-1.990105,0.677485,-0.119347,0.741622,-3.262171,46.090698,46.059032,45.001492,43.040588,0.191476,0.231400,0.013276,0.009834,0.009023,,,,,,,,,
44314,,,,,,,,,,,,,,,,,,,,0.323337,0.263572,-2.001378,,,,,,
44320,,,,,,,,,0.659220,2.609737,,,42.765137,41.115234,0.214505,0.251643,,,,0.320556,0.257013,-2.004699,,,,,,
44330,,,,,,,,,0.686687,-0.652435,,,43.061642,41.673416,0.212145,0.246938,,,,0.317680,0.250773,-2.008000,,,,,,
44340,,,,,,,,,0.714155,0.000000,,,43.311123,42.143070,0.210207,0.243025,,,,0.314711,0.244612,-2.011324,,,,,,
44350,,,,,,,,,0.686687,-0.652435,,,43.521034,41.993690,0.208621,0.245332,,,,0.311688,0.238457,-2.014643,,,,,,
44360,0.311675,0.238501,-2.016078,0.315319,0.221831,-1.995733,0.693834,-0.114731,,,46.887012,47.403912,43.697655,42.412548,0.207334,0.241872,,,,,,,,,,,,
44363,,,,,,,,,0.878959,1.304869,,,,,,,0.013475,0.010468,0.020344,0.308618,0.232149,-2.014619,,,,,,
44370,,,,,,,,,0.576817,-0.652434,,,43.846264,42.764973,0.214419,0.252725,,,,0.305396,0.225524,-2.014643,,,,,,
44380,,,,,,,,,0.686687,0.652435,,,43.971302,43.061504,0.213752,0.250628,,,,0.302156,0.218713,-2.017876,,,,,,
44390,,,,,,,,,0.686687,0.652435,,,43.531967,43.311005,0.218816,0.248951,,,,0.298761,0.212062,-2.014527,,,,,,
44400,,,,,,,,,0.741622,-0.652433,,,44.251396,44.065479,0.212149,0.242074,,,,0.295562,0.205542,-2.014693,,,,,,
44412,0.295536,0.205518,-2.017546,0.300454,0.189218,-2.001156,0.709390,-0.110455,0.824024,-2.609737,47.662746,48.072769,44.312180,44.155750,0.219969,0.248644,0.012575,0.011478,0.016390,0.292420,0.199132,-2.014623,,,,,,
44420,,,,,,,,,0.631752,3.262170,,,44.363323,44.776245,0.220117,0.243098,,,,0.289297,0.192885,-2.011308,,,,,,
44430,,,,,,,,,0.741622,0.652433,,,44.406357,45.298332,0.220338,0.238432,,,,0.286010,0.186296,-2.004719,,,,,,
44440,,,,,,,,,0.769089,0.000000,,,44.987106,45.193073,0.215066,0.240061,,,,0.282841,0.179539,-2.001369,,,,,,
44450,,,,,,,,,0.741622,-0.652433,,,44.931206,45.649052,0.216171,0.235985,,,,0.279438,0.172608,-2.001398,,,,,,
44460,0.279410,0.172580,-2.005490,0.285118,0.156040,-2.006389,0.724076,-0.106507,,,48.959961,48.635994,44.884174,45.488167,0.217197,0.238111,0.012598,0.012143,-0.000899,,,,,,,,,
44463,,,,,,,,,0.824024,-2.609737,,,,,,,,,,0.276294,0.166039,-2.001481,,,,,,
44470,,,,,,,,,0.659220,3.914604,,,45.389145,45.897343,0.225834,0.240199,,,,0.273021,0.159352,-2.001415,,,,,,
44480,,,,,,,,,0.796557,-0.652434,,,45.814026,46.241623,0.222214,0.237236,,,,0.269930,0.153025,-1.998208,,,,,,
44490,,,,,,,,,0.714155,0.000000,,,45.626976,46.531300,0.224751,0.234760,,,,0.266694,0.146130,-1.998188,,,,,,
44500,,,,,,,,,0.714155,0.000000,,,46.014137,45.685947,0.221469,0.243803,,,,0.263498,0.139349,-1.998169,,,,,,
44512,0.263573,0.139419,-1.998785,0.269330,0.122342,-2.011449,0.737815,-0.102873,0.714155,0.000000,50.229706,49.385422,45.795353,48.786472,0.237241,0.220412,0.013148,0.012325,-0.012664,0.260182,0.132344,-2.001390,,,,,,
44520,,,,,,,,,0.769089,0.000000,,,46.155807,45.949821,0.234451,0.249466,,,,0.256739,0.125118,-2.001342,,,,,,
44530,,,,,,,,,0.824024,0.000000,,,47.003639,46.285778,0.226618,0.246726,,,,0.253456,0.118390,-2.004630,,,,,,
44540,,,,,,,,,0.741622,-0.652433,,,47.172459,46.568451,0.225541,0.244463,,,,0.250162,0.111624,-2.004603,,,,,,
44550,,,,,,,,,0.796557,-0.652434,,,47.314507,46.806293,0.224704,0.242600,,,,0.246867,0.105058,-2.007915,,,,,,
44560,0.246838,0.104921,-2.009888,0.253113,0.088173,-2.016348,0.750537,-0.099542,,,50.684101,50.157402,47.434025,46.461872,0.224068,0.246629,0.012491,0.012800,-0.006460,,,,,,,,,
44563,,,,,,,,,0.824024,2.609737,,,,,,,,,,0.243733,0.098440,-2.011303,,,,,,
44570,,,,,,,,,0.714154,-2.609737,,,47.534588,46.716618,0.228236,0.252490,,,,0.240734,0.091528,-2.011359,,,,,,
44580,,,,,,,,,0.741622,0.652433,,,47.619202,46.930962,0.228003,0.250991,,,,0.237070,0.083993,-2.014553,,,,,,
44590,,,,,,,,,0.714154,-1.304868,,,47.690395,46.566769,0.227890,0.255351,,,,0.233710,0.076882,-2.014560,,,,,,
44600,,,,,,,,,0.851492,-0.652435,,,48.294842,47.349422,0.222323,0.248087,,,,0.230192,0.069487,-2.021075,,,,,,
44611,0.230023,0.069249,-2.022872,0.236492,0.053584,-2.021103,0.762172,-0.096501,0.933894,0.000000,50.863083,50.745125,50.437050,49.097034,0.202776,0.236817,0.011266,0.012663,0.001769,,,,,,,,,
44614,,,,,,,,,,,,,,,,,,,,0.226700,0.062555,-2.021090,,,,,,
44620,,,,,,,,,0.604285,1.304869,,,47.883160,47.300213,0.228911,0.255474,,,,0.223316,0.055900,-2.021104,,,,,,
44630,,,,,,,,,0.769089,-1.304867,,,48.457031,47.421997,0.223653,0.254921,,,,0.219743,0.048934,-2.024347,,,,,,
44640,,,,,,,,,0.796557,0.652434,,,48.395344,48.069008,0.224764,0.248986,,,,0.216203,0.041754,-2.027634,,,,,,
44650,,,,,,,,,0.824024,0.000000,,,48.343441,48.068863,0.225787,0.249523,,,,0.212607,0.034239,-2.027607,,,,,,
44662,0.212557,0.034067,-2.027210,0.219493,0.018628,-2.025727,0.772656,-0.093743,0.851492,-3.262170,51.380512,51.277477,48.844311,48.068741,0.226459,0.255490,0.010802,0.013031,0.001483,0.208943,0.027022,-2.027649,,,,,,
44670,,,,,,,,,0.714154,3.914605,,,48.721203,48.613178,0.228222,0.250578,,,,0.205397,0.019960,-2.027649,,,,,,
44680,,,,,,,,,0.851492,-0.652435,,,49.162163,49.071270,0.224256,0.246438,,,,0.202029,0.013173,-2.027693,,,,,,
44690,,,,,,,,,0.714155,0.000000,,,48.988644,48.912163,0.226470,0.248502,,,,0.198536,0.006147,-2.027677,,,,,,
44700,,,,,,,,,0.878959,0.000000,,,49.387184,49.322834,0.222883,0.244787,,,,0.195022,-0.000768,-2.024457,,,,,,
44711,0.194868,-0.001155,-2.024689,0.202143,-0.016638,-2.030233,0.781930,-0.091256,0.714155,0.000000,52.098816,51.673862,49.177975,51.846546,0.232743,0.223479,0.010725,0.013327,-0.005544,,,,,,,,,
44714,,,,,,,,,,,,,,,,,,,,0.190926,-0.008313,-2.027634,,,,,,
44720,,,,,,,,,0.851492,-0.652435,,,49.546490,49.069107,0.229568,0.251774,,,,0.187192,-0.015741,-2.027634,,,,,,
44730,,,,,,,,,0.796557,0.652434,,,49.856556,48.910343,0.226916,0.253915,,,,0.183312,-0.023298,-2.027504,,,,,,
44740,,,,,,,,,0.796557,-0.652434,,,49.572903,49.321304,0.230257,0.250275,,,,0.179631,-0.030473,-2.024174,,,,,,
44750,,,,,,,,,0.824024,1.304869,,,49.334240,49.122543,0.233197,0.252773,,,,0.175906,-0.037595,-2.027439,,,,,,
44761,0.176067,-0.037685,-2.021739,0.184473,-0.052155,-2.034635,0.789940,-0.089034,0.741622,-0.652433,52.382561,51.616753,49.677971,49.499847,0.233138,0.248853,0.009360,0.013872,-0.012896,,,,,,,,,
44764,,,,,,,,,,,,,,,,,,,,0.172382,-0.044615,-2.027549,,,,,,
44770,,,,,,,,,0.851492,-0.652435,,,49.967186,49.817314,0.230729,0.246038,,,,0.168857,-0.051715,-2.027587,,,,,,
44780,,,,,,,,,0.851492,0.652435,,,50.210533,50.084431,0.228730,0.243673,,,,0.165179,-0.059068,-2.027657,,,,,,
44790,,,,,,,,,0.796557,0.652434,,,50.415283,50.309181,0.227076,0.241687,,,,0.161566,-0.066378,-2.030957,,,,,,
44800,,,,,,,,,0.824024,-1.304869,,,50.587559,50.498287,0.225712,0.240020,,,,0.157928,-0.073514,-2.030960,,,,,,
44811,0.157856,-0.073575,-2.035661,0.166513,-0.087864,-2.038945,0.796637,-0.087070,0.906427,-3.262171,52.424137,52.156483,,,,,0.008892,0.014144,-0.003284,,,,,,,,,
44814,,,,,,,,,,,,,53.455231,53.380116,0.197245,0.216354,,,,0.154204,-0.080453,-2.034203,,,,,,
44820,,,,,,,,,0.741622,3.262171,,,50.422657,49.814911,0.227971,0.252474,,,,0.150664,-0.087572,-2.034229,,,,,,
44830,,,,,,,,,0.769089,0.000000,,,50.593765,49.537865,0.226626,0.255769,,,,0.147028,-0.094950,-2.037495,,,,,,
44840,,,,,,,,,0.796557,-0.652434,,,50.737736,49.849300,0.225523,0.253116,,,,0.143307,-0.102416,-2.040749,,,,,,
44850,,,,,,,,,0.796557,0.652434,,,50.314327,49.566799,0.230180,0.256459,,,,0.139618,-0.109711,-2.044002,,,,,,
44861,0.139690,-0.109686,-2.040566,0.148296,-0.123703,-2.043175,0.801977,-0.085359,,,52.656155,52.429813,50.502617,49.873646,0.231047,0.256635,0.008603,0.014020,-0.002609,0.135872,-0.116758,-2.044002,,,,,,
44864,,,,,,,,,0.933894,2.609737,,,,,,,,,,,,,,,,,,
44870,,,,,,,,,0.686687,-3.262170,,,50.661041,50.131828,0.229862,0.254512,,,,0.132094,-0.123855,-2.043976,,,,,,
44880,,,,,,,,,0.796557,0.652434,,,50.249798,50.349060,0.234456,0.252756,,,,0.128214,-0.130936,-2.047219,,,,,,
44890,,,,,,,,,0.851492,-0.652435,,,50.992863,50.531841,0.227358,0.251308,,,,0.124309,-0.138191,-2.047207,,,,,,
44900,,,,,,,,,0.796557,-0.652434,,,50.528992,50.141090,0.232422,0.255673,,,,0.120278,-0.145671,-2.047179,,,,,,
44911,0.120351,-0.145609,-2.049363,0.129855,-0.159609,-2.047338,0.805925,-0.083897,,,52.614281,52.654572,50.683235,50.356853,0.230847,0.256223,0.008051,0.014883,0.002025,0.116130,-0.153031,-2.043903,,,,,,
44914,,,,,,,,,1.098699,0.000000,,,,,,,,,,,,,,,,,,
44920,,,,,,,,,0.549350,0.000000,,,50.813015,50.538399,0.229910,0.254831,,,,0.112169,-0.160477,-2.047173,,,,,,
44930,,,,,,,,,0.851492,0.652435,,,50.922211,50.691151,0.229156,0.253696,,,,0.108418,-0.167596,-2.050406,,,,,,
44940,,,,,,,,,0.796557,-0.652434,,,51.014088,50.819675,0.228557,0.252777,,,,0.104458,-0.175199,-2.047165,,,,,,
44950,,,,,,,,,0.741622,0.652433,,,50.546852,50.383274,0.233643,0.257596,,,,0.100705,-0.182766,-2.047186,,,,,,
44960,0.100753,-0.182841,-2.044633,0.111223,-0.195519,-2.051447,0.808450,-0.082681,0.851492,0.652435,,,50.698261,50.560627,0.232512,0.256241,,,,,,,,,,,,
44963,,,,,,,,,,,52.554737,52.157238,,,,,0.006503,0.015101,-0.006814,0.096502,-0.190559,-2.050286,,,,,,
44970,,,,,,,,,0.878959,-1.304869,,,51.370201,50.709854,0.225434,0.250065,,,,0.092635,-0.197900,-2.050365,,,,,,
44980,,,,,,,,,0.796557,0.652434,,,51.391029,50.835411,0.225459,0.249074,,,,0.088700,-0.205448,-2.050319,,,,,,
44990,,,,,,,,,0.851492,-0.652435,,,51.408554,50.941055,0.225513,0.248260,,,,0.084779,-0.212891,-2.050267,,,,,,
45000,,,,,,,,,0.824024,0.000000,,,51.423298,51.574490,0.225592,0.242043,,,,0.080821,-0.219994,-2.053557,,,,,,
45011,0.080914,-0.219951,-2.052810,0.092438,-0.231368,-2.055513,0.809528,-0.081709,0.878959,-2.609737,52.023773,51.851925,53.613876,53.741089,0.198058,0.216946,0.004773,0.015504,-0.002702,,,,,,,,,
45014,,,,,,,,,,,,,,,,,,,,0.076943,-0.227194,-2.053615,,,,,,
45020,,,,,,,,,0.769089,2.609737,,,51.100685,50.663177,0.223375,0.247963,,,,0.072953,-0.234791,-2.053651,,,,,,
45030,,,,,,,,,0.796557,-0.652434,,,51.164257,50.251595,0.222911,0.252398,,,,0.068978,-0.242099,-2.056879,,,,,,
45040,,,,,,,,,0.824024,0.000000,,,51.217747,50.449833,0.222537,0.250697,,,,0.065074,-0.249566,-2.056942,,,,,,
45050,,,,,,,,,0.824024,0.000000,,,51.262753,50.616631,0.222239,0.249276,,,,0.061059,-0.256742,-2.060053,,,,,,
45060,0.061121,-0.256717,-2.059446,0.073533,-0.267091,-2.059549,0.809145,-0.080983,,,51.522476,51.495491,51.845165,51.301517,0.216451,0.242537,0.003333,0.015830,-0.000103,,,,,,,,,
45063,,,,,,,,,1.043764,0.000000,,,,,,,,,,0.057287,-0.263899,-2.060099,,,,,,
45070,,,,,,,,,0.659220,0.000000,,,51.790665,51.333237,0.211929,0.238688,,,,0.053368,-0.270945,-2.063377,,,,,,
45080,,,,,,,,,0.824024,0.000000,,,51.744804,51.359924,0.212343,0.238448,,,,0.049625,-0.277781,-2.066629,,,,,,
45090,,,,,,,,,0.769089,0.000000,,,51.706219,51.382381,0.212693,0.238246,,,,0.045765,-0.284741,-2.066593,,,,,,
45100,,,,,,,,,0.824024,0.000000,,,51.673752,50.856735,0.212987,0.243630,,,,0.041657,-0.291954,-2.066574,,,,,,
45111,0.041666,-0.292049,-2.065977,0.054545,-0.302624,-2.063568,0.807290,-0.080503,0.851492,1.957303,51.293030,51.409145,51.101894,52.592628,0.216449,0.225171,0.003184,0.016357,0.002409,,,,,,,,,
45114,,,,,,,,,,,,,,,,,,,,0.037684,-0.299059,-2.066556,,,,,,
45120,,,,,,,,,0.741622,-3.262171,,,51.165276,50.241405,0.215841,0.248917,,,,0.033576,-0.306174,-2.066486,,,,,,
45130,,,,,,,,,0.796557,1.957302,,,50.674061,50.441261,0.220877,0.247112,,,,0.029571,-0.313333,-2.069752,,,,,,
45140,,,,,,,,,0.851492,-0.652435,,,50.805294,50.609417,0.219662,0.245590,,,,0.025611,-0.320677,-2.069790,,,,,,
45150,,,,,,,,,0.741622,-0.652433,,,50.915714,50.206360,0.218634,0.249861,,,,0.021502,-0.327678,-2.069729,,,,,,
45161,0.021677,-0.327405,-2.072152,0.035512,-0.337901,-2.067581,0.803961,-0.080273,,,50.842701,51.088375,51.008621,50.411774,0.213168,0.244735,0.002555,0.017177,0.004571,,,,,,,,,
45168,,,,,,,,,1.071232,-5.871908,,,49.453167,48.406433,0.229000,0.265325,,,,0.017423,-0.334936,-2.069800,,,,,,
45171,,,,,,,,,0.439480,5.219474,,,,,,,,,,0.013428,-0.341862,-2.069773,,,,,,
45180,,,,,,,,,0.769089,0.000000,,,49.778034,48.897312,0.225965,0.260854,,,,0.009525,-0.348990,-2.072968,,,,,,
45190,,,,,,,,,0.824024,0.000000,,,49.506836,49.310341,0.228944,0.257079,,,,0.005611,-0.356347,-2.066618,,,,,,
45200,,,,,,,,,0.796557,1.957302,,,49.278648,49.657864,0.231539,0.253890,,,,0.001497,-0.364020,-2.063375,,,,,,
45210,0.001708,-0.363944,-2.055904,0.016469,-0.372859,-2.071602,0.799165,-0.080297,,,,,49.631195,49.950268,0.228255,0.251194,,,,,,,,,,,,
45213,,,,,,,,,0.906427,1.957303,50.614170,49.833771,,,,,0.001004,0.017215,-0.015698,-0.002701,-0.371388,-2.063299,,,,,,
45220,,,,,,,,,0.769089,-2.609737,,,49.927830,50.196297,0.223141,0.236115,,,,-0.006562,-0.378622,-2.060103,,,,,,
45230,,,,,,,,,0.824024,0.000000,,,50.177418,50.403305,0.220732,0.233931,,,,-0.010629,-0.386042,-2.060040,,,,,,
45240,,,,,,,,,0.796557,-0.652434,,,50.387421,50.577480,0.218678,0.232041,,,,-0.014422,-0.393041,-2.060065,,,,,,
45250,,,,,,,,,0.796557,-0.652434,,,50.564117,50.179489,0.216921,0.235951,,,,-0.018232,-0.400374,-2.060149,,,,,,
45260,-0.018159,-0.400251,-2.062531,-0.002546,-0.407434,-2.075644,0.792914,-0.080584,,,,,50.712788,50.389164,0.215414,0.233744,,,,,,,,,,,,
45263,,,,,,,,,1.043764,1.304868,49.586029,48.934864,,,,,-0.001040,0.017155,-0.013113,-0.022023,-0.407419,-2.060170,,,,,,
45270,,,,,,,,,0.576817,-0.652434,,,50.293339,50.565582,0.209186,0.222664,,,,-0.025921,-0.415014,-2.063402,,,,,,
45280,,,,,,,,,0.796557,-0.652434,,,50.484955,50.169479,0.207090,0.226378,,,,-0.029750,-0.422385,-2.063402,,,,,,
45290,,,,,,,,,0.796557,0.652434,,,50.646183,49.836197,0.205266,0.229531,,,,-0.033705,-0.429401,-2.066598,,,,,,
45300,,,,,,,,,0.769089,-1.304867,,,50.237297,49.555775,0.209224,0.232211,,,,-0.037803,-0.436386,-2.066570,,,,,,
45311,-0.037757,-0.436154,-2.071704,-0.021498,-0.441565,-2.079721,0.785228,-0.081141,0.741622,0.652433,48.417267,48.010757,49.893261,51.498001,0.200682,0.202850,-0.003062,0.016860,-0.008017,,,,,,,,,
45314,,,,,,,,,,,,,,,,,,,,-0.041835,-0.443477,-2.069793,,,,,,
45320,,,,,,,,,0.851492,-0.652435,,,50.148331,49.320385,0.197785,0.224364,,,,,,,,,,,,
45327,,,,,,,,,,,,,,,,,,,,-0.045760,-0.450419,-2.072984,,,,,,
45330,,,,,,,,,0.714155,0.000000,,,49.818405,48.577229,0.200804,0.231683,,,,-0.049949,-0.457512,-2.079334,,,,,,
45340,,,,,,,,,0.824024,0.000000,,,50.085346,48.496479,0.197801,0.232393,,,,-0.054097,-0.464685,-2.082465,,,,,,
45350,,,,,,,,,0.741622,-0.652433,,,49.765408,48.428535,0.200731,0.232989,,,,-0.058178,-0.471473,-2.082435,,,,,,
45361,-0.057998,-0.471217,-2.084273,-0.040350,-0.475192,-2.083847,0.776133,-0.081980,,,47.037025,47.051025,49.496212,48.371368,0.189128,0.223699,-0.005206,0.017325,0.000425,,,,,,,,,
45364,,,,,,,,,0.906427,-3.262171,,,,,,,,,,-0.062134,-0.478383,-2.085641,,,,,,
45370,,,,,,,,,0.686687,3.262170,,,49.269711,48.867809,0.190947,0.218371,,,,-0.066165,-0.485257,-2.088763,,,,,,
45380,,,,,,,,,0.769089,0.000000,,,49.079132,48.740974,0.192444,0.219302,,,,-0.070263,-0.492132,-2.088799,,,,,,
45390,,,,,,,,,0.714155,0.000000,,,48.918781,48.089710,0.193671,0.225607,,,,-0.073940,-0.498883,-2.088926,,,,,,
45400,,,,,,,,,0.796557,-0.652434,,,48.783859,48.086281,0.194671,0.225434,,,,-0.077884,-0.505568,-2.092000,,,,,,
45410,-0.077899,-0.505572,-2.094089,-0.059068,-0.508255,-2.088037,0.765665,-0.083115,,,,,48.670338,48.627937,0.195480,0.219702,,,,,,,,,,,,
45413,,,,,,,,,0.988829,1.304868,45.719059,46.001049,,,,,-0.007087,0.017651,0.006052,-0.081589,-0.512166,-2.092198,,,,,,
45420,,,,,,,,,0.521882,-0.652434,,,48.574821,47.994602,0.182684,0.215137,,,,-0.085298,-0.518580,-2.089043,,,,,,
45430,,,,,,,,,0.796557,0.652434,,,47.949909,48.006256,0.188487,0.214619,,,,-0.089141,-0.525012,-2.085844,,,,,,
45440,,,,,,,,,0.741622,-0.652433,,,47.968651,48.016064,0.187850,0.214118,,,,-0.092738,-0.531566,-2.089089,,,,,,
45450,,,,,,,,,0.714154,1.304868,,,47.439880,47.479771,0.192793,0.219185,,,,-0.096333,-0.537971,-2.085948,,,,,,
45461,-0.096209,-0.537889,-2.081158,-0.077616,-0.540698,-2.092309,0.753864,-0.084562,0.796557,-3.262171,45.526970,44.969952,49.173145,47.028534,0.172811,0.212975,-0.006631,0.017596,-0.011151,,,,,,,,,
45464,,,,,,,,,,,,,,,,,,,,-0.100130,-0.544252,-2.089120,,,,,,
45470,,,,,,,,,0.714154,2.609737,,,46.819710,47.193405,0.196086,0.210882,,,,-0.103849,-0.550479,-2.085892,,,,,,
45480,,,,,,,,,0.659220,0.000000,,,46.473160,46.787586,0.199363,0.214576,,,,-0.107751,-0.557026,-2.085752,,,,,,
45490,,,,,,,,,0.741622,-0.652433,,,46.181572,46.446133,0.202148,0.217696,,,,-0.111744,-0.563664,-2.085881,,,,,,
45500,,,,,,,,,0.741622,0.652433,,,45.936230,46.158833,0.204519,0.220331,,,,-0.115592,-0.570250,-2.085878,,,,,,
45511,-0.115449,-0.570270,-2.082748,-0.095962,-0.572467,-2.096677,0.740777,-0.086341,0.878959,-1.304869,44.489605,43.806225,,,,,-0.007631,0.018065,-0.013928,,,,,,,,,
45514,,,,,,,,,,,,,48.452515,47.550728,0.168190,0.194026,,,,-0.119210,-0.576900,-2.089074,,,,,,
45520,,,,,,,,,0.576817,0.652434,,,45.668827,45.454609,0.195791,0.214657,,,,-0.122875,-0.583295,-2.089088,,,,,,
45530,,,,,,,,,0.686687,-0.652435,,,45.504807,45.324566,0.197228,0.215654,,,,-0.126305,-0.589634,-2.092115,,,,,,
45540,,,,,,,,,0.714155,0.000000,,,45.366802,45.215145,0.198433,0.216466,,,,-0.129677,-0.595740,-2.095453,,,,,,
45550,,,,,,,,,0.686687,-0.652435,,,45.250683,44.578537,0.199442,0.222678,,,,-0.133063,-0.601864,-2.098744,,,,,,
45561,-0.133034,-0.601703,-2.100138,-0.114072,-0.603511,-2.101162,0.726458,-0.088474,0.824024,-2.609737,43.207512,43.091286,47.875698,47.310154,0.159437,0.187369,-0.008015,0.017279,-0.001024,,,,,,,,,
45564,,,,,,,,,,,,,,,,,,,,-0.136737,-0.608073,-2.105163,,,,,,
45570,,,,,,,,,0.659220,2.609737,,,45.183495,44.163101,0.185964,0.218625,,,,-0.140578,-0.614324,-2.108286,,,,,,
45580,,,,,,,,,0.631752,-0.652435,,,45.096447,43.693348,0.186457,0.223202,,,,-0.144093,-0.620430,-2.114676,,,,,,
45590,,,,,,,,,0.769089,0.000000,,,45.023209,43.842640,0.186826,0.221559,,,,-0.147909,-0.626561,-2.117760,,,,,,
45600,,,,,,,,,0.686687,0.652435,,,44.961582,43.968254,0.187091,0.220127,,,,-0.151758,-0.632639,-2.120970,,,,,,
45611,-0.151611,-0.632547,-2.116486,-0.131916,-0.633781,-2.105783,0.710965,-0.090991,0.741622,1.957302,41.657345,42.051331,44.365189,44.073944,0.177012,0.208266,-0.009168,0.017475,0.010703,,,,,,,,,
45614,,,,,,,,,,,,,,,,,,,,-0.155535,-0.638704,-2.120973,,,,,,
45620,,,,,,,,,0.659220,-2.609737,,,44.407925,43.618328,0.176035,0.212509,,,,-0.159346,-0.644733,-2.120973,,,,,,
45630,,,,,,,,,0.659220,0.000000,,,44.443886,43.234974,0.175118,0.216106,,,,-0.163069,-0.650513,-2.124035,,,,,,
45640,,,,,,,,,0.714155,0.000000,,,43.929600,43.456963,0.179806,0.213605,,,,-0.166793,-0.656356,-2.124077,,,,,,
45650,,,,,,,,,0.659220,0.000000,,,44.041420,43.643745,0.178211,0.211418,,,,-0.170459,-0.662164,-2.120983,,,,,,
45660,-0.170314,-0.662042,-2.120607,-0.149463,-0.663231,-2.110562,0.694365,-0.093921,,,,,43.590965,43.256359,0.182329,0.215051,,,,,,,,,,,,
45663,,,,,,,,,0.769089,-2.609737,40.441677,40.791290,,,,,-0.009881,0.018399,0.010046,-0.174163,-0.667974,-2.117809,,,,,,
45670,,,,,,,,,0.576817,3.262172,,,43.211952,43.474957,0.173408,0.199728,,,,-0.178091,-0.674037,-2.117693,,,,,,
45680,,,,,,,,,0.714155,0.000000,,,43.437592,43.658886,0.170553,0.197315,,,,-0.181865,-0.679984,-2.114472,,,,,,
45690,,,,,,,,,0.686687,0.652435,,,43.082901,43.269100,0.173571,0.200718,,,,-0.185550,-0.686031,-2.114462,,,,,,
45700,,,,,,,,,0.659220,0.000000,,,42.239922,42.941135,0.181642,0.203567,,,,-0.189056,-0.691734,-2.114353,,,,,,
45711,-0.188928,-0.691602,-2.114879,-0.166686,-0.691819,-2.115522,0.676726,-0.097302,0.769089,0.000000,39.174900,39.044411,43.708813,44.298813,0.153378,0.171471,-0.011327,0.019143,-0.000643,,,,,,,,,
45714,,,,,,,,,,,,,,,,,,,,-0.192672,-0.697616,-2.111213,,,,,,
45720,,,,,,,,,0.494415,-1.304868,,,41.677479,41.629360,0.173191,0.197648,,,,-0.196125,-0.703353,-2.108096,,,,,,
45730,,,,,,,,,0.659220,1.304869,,,41.601944,41.561459,0.173461,0.197824,,,,-0.199456,-0.709162,-2.104997,,,,,,
45740,,,,,,,,,0.659220,-1.304869,,,41.538387,41.504326,0.173624,0.197903,,,,-0.202812,-0.714958,-2.108142,,,,,,
45750,,,,,,,,,0.659220,1.304869,,,41.484913,41.456253,0.173696,0.197902,,,,-0.206134,-0.720385,-2.108216,,,,,,
45761,-0.206055,-0.720375,-2.103302,-0.183558,-0.719506,-2.120689,0.658123,-0.101178,0.796557,-0.652434,38.134243,37.272804,43.073547,43.049435,0.146416,0.163099,-0.012170,0.018940,-0.017387,,,,,,,,,
45764,,,,,,,,,,,,,,,,,,,,-0.209409,-0.726042,-2.111540,,,,,,
45770,,,,,,,,,0.494415,0.000000,,,40.598423,40.578133,0.170674,0.187151,,,,-0.212483,-0.731329,-2.114686,,,,,,
45780,,,,,,,,,0.576817,-0.652434,,,40.694027,40.132412,0.169206,0.191036,,,,-0.215902,-0.736677,-2.117835,,,,,,
45788,,,,,,,,,,,,,40.229923,39.757381,0.173428,0.194289,,,,-0.215902,-0.736677,-2.117835,,,,,,
45791,,,,,,,,,0.604285,0.000000,,,,,,,,,,-0.219144,-0.741806,-2.117802,,,,,,
45800,,,,,,,,,0.659220,-1.304869,,,40.383972,39.441830,0.171438,0.197011,,,,-0.222471,-0.746987,-2.117834,,,,,,
45811,-0.222566,-0.747096,-2.122089,-0.200053,-0.746257,-2.126092,0.638634,-0.105599,0.796557,0.652434,36.566509,36.227203,42.147217,41.354500,0.137012,0.166403,-0.012506,0.018738,-0.004003,,,,,,,,,
45814,,,,,,,,,,,,,,,,,,,,-0.225757,-0.752326,-2.124201,,,,,,
45820,,,,,,,,,0.466947,-0.652434,,,39.819008,39.152016,0.159643,0.187843,,,,-0.229248,-0.757858,-2.127331,,,,,,
45830,,,,,,,,,0.604285,0.000000,,,39.493683,38.387932,0.162311,0.195051,,,,-0.232586,-0.763233,-2.130527,,,,,,
45840,,,,,,,,,0.549350,0.000000,,,39.219955,38.289577,0.164518,0.195622,,,,-0.236160,-0.768652,-2.136775,,,,,,
45850,,,,,,,,,0.604285,0.000000,,,38.445099,37.662277,0.171890,0.201608,,,,-0.239433,-0.773807,-2.136772,,,,,,
45861,-0.239348,-0.773724,-2.135541,-0.216149,-0.772039,-2.131763,0.618342,-0.110625,0.549350,0.000000,34.788483,34.718872,39.971306,39.312641,0.137812,0.169103,-0.013840,0.018695,0.003778,,,,,,,,,
45864,,,,,,,,,,,,,,,,,,,,-0.242915,-0.778905,-2.139857,,,,,,
45870,,,,,,,,,0.631752,-0.652435,,,37.988197,37.433998,0.157003,0.187346,,,,-0.246229,-0.783745,-2.142931,,,,,,
45880,,,,,,,,,0.549350,0.000000,,,37.953239,36.942394,0.156719,0.191817,,,,-0.249468,-0.788647,-2.146170,,,,,,
45890,,,,,,,,,0.576817,-0.652434,,,37.923824,36.528759,0.156386,0.195592,,,,-0.252632,-0.793504,-2.143052,,,,,,
45900,,,,,,,,,0.631752,0.652435,,,37.899075,36.725269,0.156012,0.193225,,,,-0.255759,-0.798252,-2.139984,,,,,,
45911,-0.255771,-0.798452,-2.136876,-0.231824,-0.796826,-2.137737,0.597330,-0.116323,0.631752,-1.957303,33.474922,33.195019,38.967339,39.068783,0.131095,0.153377,-0.014216,0.019339,-0.000862,,,,,,,,,
45914,,,,,,,,,,,,,,,,,,,,-0.259000,-0.803013,-2.139924,,,,,,
45920,,,,,,,,,0.494415,2.609737,,,37.143459,36.684273,0.148600,0.176524,,,,-0.262127,-0.807780,-2.139952,,,,,,
45930,,,,,,,,,0.604285,0.000000,,,36.153389,36.311573,0.157965,0.179628,,,,-0.265267,-0.812813,-2.139924,,,,,,
45940,,,,,,,,,0.549350,0.000000,,,35.864887,35.997986,0.160372,0.182203,,,,-0.268527,-0.817818,-2.139926,,,,,,
45950,,,,,,,,,0.521882,0.652434,,,35.622143,35.734131,0.162370,0.184334,,,,-0.271676,-0.822662,-2.139956,,,,,,
45962,-0.271491,-0.822495,-2.136962,-0.247060,-0.820594,-2.144054,0.575688,-0.122775,0.714154,-1.304868,32.116577,31.568913,35.962440,35.512123,0.144615,0.169504,-0.014709,0.019599,-0.007092,-0.274933,-0.827593,-2.139931,,,,,,
45970,,,,,,,,,0.439480,0.000000,,,35.704224,35.325329,0.146479,0.170621,,,,-0.277999,-0.832176,-2.139895,,,,,,
45975,,,,,,,,,,,,,,,,,,,,-0.277999,-0.832176,-2.139895,,,,,,
45980,,,,,,,,,0.494415,0.000000,,,35.486961,35.168159,0.147978,0.171473,,,,-0.281134,-0.836820,-2.139857,,,,,,
45990,,,,,,,,,0.521882,-0.652434,,,35.304157,34.491375,0.149168,0.177656,,,,-0.284106,-0.841245,-2.139820,,,,,,
46000,,,,,,,,,0.549350,1.304868,,,34.605801,34.466469,0.155654,0.177326,,,,-0.287036,-0.845708,-2.139926,,,,,,
46005,,,,,,,,,,,,,,,,,,,,-0.287036,-0.845708,-2.139926,,,,,,
46008,,,,,,,,,,,,,34.562748,34.990059,0.155595,0.171406,,,,-0.287036,-0.845708,-2.139926,,,,,,
46012,-0.286914,-0.845738,-2.134204,-0.261839,-0.843322,-2.150760,0.553504,-0.130075,0.741622,-0.652433,30.705847,29.790615,,,,,-0.015435,0.019909,-0.016556,-0.289931,-0.849958,-2.139897,,,,,,
46020,,,,,,,,,0.384545,0.000000,,,34.526524,34.341518,0.141086,0.159198,,,,-0.292808,-0.854238,-2.139898,,,,,,
46028,,,,,,,,,,,,,34.496044,34.340382,0.140633,0.158299,,,,-0.292808,-0.854238,-2.139898,,,,,,
46031,,,,,,,,,0.494415,0.000000,,,,,,,,,,-0.295679,-0.858696,-2.139918,,,,,,
46040,,,,,,,,,0.521882,0.652434,,,33.925858,33.794880,0.145691,0.162953,,,,-0.298706,-0.863354,-2.143078,,,,,,
46050,,,,,,,,,0.494415,-1.304868,,,33.990643,33.335896,0.144386,0.166834,,,,-0.301526,-0.867860,-2.146231,,,,,,
46055,,,,,,,,,,,,,,,,,,,,-0.301526,-0.867860,-2.146231,,,,,,
46061,-0.301457,-0.867725,-2.150696,-0.276147,-0.864996,-2.157906,0.530869,-0.138335,0.604285,0.000000,28.955729,28.315868,,,,,-0.016152,0.019677,-0.007210,,,,,,,,,
46064,,,,,,,,,,,,,34.589699,34.038792,0.119767,0.143913,,,,-0.304430,-0.872376,-2.149384,,,,,,
46070,,,,,,,,,0.384545,0.000000,,,32.915569,32.452038,0.135717,0.158953,,,,-0.307183,-0.876720,-2.149408,,,,,,
46080,,,,,,,,,0.494415,0.000000,,,32.596046,32.206028,0.138184,0.160636,,,,-0.309944,-0.880870,-2.152563,,,,,,
46090,,,,,,,,,0.494415,0.000000,,,32.327198,31.454493,0.140198,0.167523,,,,-0.312836,-0.885068,-2.152547,,,,,,
46100,,,,,,,,,0.466947,-0.652434,,,32.100990,31.366695,0.141831,0.167791,,,,-0.315606,-0.889030,-2.155643,,,,,,
46105,,,,,,,,,,,,,,,,,,,,-0.315606,-0.889030,-2.155643,,,,,,
46111,-0.315515,-0.888865,-2.157966,-0.289970,-0.885602,-2.165550,0.507874,-0.147687,0.631752,0.652435,27.350986,26.642593,32.999744,32.926453,0.115666,0.134204,-0.016869,0.019459,-0.007584,,,,,,,,,
46114,,,,,,,,,,,,,,,,,,,,-0.318376,-0.893093,-2.155663,,,,,,
46119,,,,,,,,,0.384545,0.000000,,,31.577784,31.516115,0.129041,0.147333,,,,-0.318376,-0.893093,-2.155663,,,,,,
46123,,,,,,,,,,,,,,,,,,,,-0.318376,-0.893093,-2.155663,,,,,,
46128,,,,,,,,,,,,,30.925888,30.874001,0.134845,0.152907,,,,-0.318376,-0.893093,-2.155663,,,,,,
46131,,,,,,,,,0.439480,0.000000,,,,,,,,,,-0.318376,-0.893093,-2.155663,,,,,,
46140,,,,,,,,,0.466947,-0.652434,,,30.377384,30.333725,0.139724,0.157572,,,,,,,,,,,,
46150,,,,,,,,,0.439480,0.000000,,,30.460417,29.879137,0.138272,0.161470,,,,-0.318376,-0.893093,-2.155663,,,,,,
46161,-0.319157,-0.894274,-2.155856,-0.303297,-0.905134,-2.173758,0.484612,-0.158286,0.521882,-1.957302,30.909819,29.823118,29.985737,29.496647,0.178792,0.197166,0.000295,0.019220,-0.017901,,,,,,,,,
46165,,,,,,,,,,,,,,,,,,,,-0.323896,-0.901124,-2.155671,,,,,,
46171,,,,,,,,,0.192272,1.957303,,,31.219971,30.263906,0.166388,0.189405,,,,-0.326614,-0.905094,-2.155644,,,,,,
46176,,,,,,,,,,,,,,,,,,,,-0.331992,-0.912956,-2.158760,,,,,,
46179,,,,,,,,,0.769089,0.000000,,,30.624825,30.364935,0.172396,0.188287,,,,-0.334604,-0.916703,-2.158785,,,,,,
46182,,,,,,,,,,,,,,,,,,,,-0.337310,-0.920601,-2.161899,,,,,,
46190,,,,,,,,,0.466947,-0.652434,,,30.668612,29.905397,0.172006,0.192865,,,,-0.339965,-0.924455,-2.158804,,,,,,
46200,,,,,,,,,0.466947,0.652434,,,30.160912,30.063286,0.177233,0.191239,,,,-0.342615,-0.928487,-2.161942,,,,,,
46205,,,,,,,,,,,,,,,,,,,,-0.342615,-0.928487,-2.161942,,,,,,
46210,-0.341751,-0.927234,-2.164169,,,,,,0.466947,-0.652434,,,30.278276,29.651590,0.176186,0.195390,,,,,,,,,,,,
46213,,,,-0.316120,-0.923587,-2.182609,0.461175,-0.170319,,,24.514168,23.360609,,,,,-0.017355,0.019211,-0.018440,-0.345585,-0.932891,-2.165063,,,,,,
46220,,,,,,,,,0.549350,0.000000,,,30.921570,30.394276,0.104515,0.121931,,,,-0.348328,-0.936938,-2.165063,,,,,,
46228,,,,,,,,,,,,,30.373751,29.930084,0.108821,0.125259,,,,-0.348328,-0.936938,-2.165063,,,,,,
46231,,,,,,,,,0.466947,-0.652434,,,,,,,,,,-0.351096,-0.941206,-2.168131,,,,,,
46240,,,,,,,,,0.384545,0.000000,,,29.912815,28.994970,0.112351,0.133483,,,,-0.353857,-0.945354,-2.171298,,,,,,
46245,,,,,,,,,,,,,,,,,,,,-0.353857,-0.945354,-2.171298,,,,,,
46249,,,,,,,,,0.439480,0.000000,,,29.524984,28.752710,0.115227,0.134828,,,,-0.353857,-0.945354,-2.171298,,,,,,
46259,-0.353873,-0.945362,-2.170700,-0.328432,-0.940961,-2.192191,0.437654,-0.184008,,,,,,,,,,,,-0.353857,-0.945354,-2.171298,,,,,,
46262,,,,,,,,,0.576817,-0.652434,22.939116,21.632696,30.832293,29.637959,0.084825,0.107095,-0.017995,0.018514,-0.021491,-0.356854,-0.949649,-2.174428,,,,,,
46265,,,,,,,,,,,,,,,,,,,,-0.359764,-0.953869,-2.177469,,,,,,
46270,,,,,,,,,0.302142,-0.652434,,,28.665003,27.660089,0.105353,0.125668,,,,-0.362638,-0.958150,-2.180582,,,,,,
46275,,,,,,,,,,,,,,,,,,,,-0.362638,-0.958150,-2.180582,,,,,,
46280,,,,,,,,,0.412012,0.652434,,,28.475075,27.084997,0.106145,0.130329,,,,-0.365429,-0.962201,-2.183567,,,,,,
46290,,,,,,,,,0.384545,0.000000,,,27.770727,27.145658,0.112222,0.128619,,,,-0.368267,-0.966291,-2.183385,,,,,,
46300,,,,,,,,,0.412012,-0.652434,,,27.722631,26.652155,0.111746,0.132551,,,,-0.371209,-0.970350,-2.186378,,,,,,
46310,,,,,,,,,0.357077,-0.652434,,,27.137621,25.692379,0.116756,0.141336,,,,,,,,,,,,
46313,-0.370619,-0.969477,-2.187800,-0.340228,-0.957261,-2.202609,0.414137,-0.199620,,,18.736116,17.530020,,,,,-0.027547,0.017719,-0.014810,-0.374147,-0.974316,-2.189273,,,,,,
46320,,,,,,,,,0.412012,0.652434,,,26.645393,25.973909,0.078067,0.095806,,,,-0.376840,-0.978134,-2.188986,,,,,,
46330,,,,,,,,,0.357077,-0.652434,,,26.231234,25.121704,0.080709,0.102809,,,,-0.379194,-0.981469,-2.191845,,,,,,
46340,,,,,,,,,0.412012,0.652434,,,25.882759,24.949202,0.082765,0.103050,,,,-0.381297,-0.984290,-2.192034,,,,,,
46350,,,,,,,,,0.329610,0.000000,,,25.045010,24.804058,0.089881,0.103047,,,,-0.383618,-0.987279,-2.191931,,,,,,
46361,-0.383328,-0.986913,-2.191584,-0.351507,-0.972493,-2.213983,0.390714,-0.217479,,,16.649460,15.168207,24.340128,24.137390,0.074525,0.084302,-0.030239,0.017496,-0.022399,,,,,,,,,
46364,,,,,,,,,0.439480,0.000000,,,,,,,,,,-0.385704,-0.990107,-2.188905,,,,,,
46370,,,,,,,,,0.219740,0.000000,,,23.747040,23.576456,0.079036,0.088229,,,,-0.387876,-0.993094,-2.189009,,,,,,
46380,,,,,,,,,0.302142,-0.652434,,,22.703472,22.559942,0.088261,0.096916,,,,-0.389785,-0.995767,-2.188743,,,,,,
46390,,,,,,,,,0.274675,0.000000,,,22.369957,21.704649,0.090452,0.104162,,,,-0.391643,-0.998296,-2.192008,,,,,,
46400,,,,,,,,,0.274675,0.000000,,,21.544794,20.985004,0.097725,0.110195,,,,,,,,,,,,
46411,-0.391616,-0.998278,-2.191973,-0.362267,-0.986669,-2.226458,0.367470,-0.237977,0.384545,0.000000,16.421146,14.567227,21.939589,21.468582,0.090390,0.097969,-0.026521,0.017110,-0.034485,,,,,,,,,
46414,,,,,,,,,,,,,,,,,,,,-0.394956,-1.003033,-2.195136,,,,,,
46420,,,,,,,,,0.219740,0.000000,,,20.638140,19.697292,0.102561,0.114656,,,,-0.396710,-1.005279,-2.195265,,,,,,
46430,,,,,,,,,0.247207,-0.652434,,,20.087645,19.296015,0.107332,0.117723,,,,-0.398236,-1.007396,-2.198389,,,,,,
46440,,,,,,,,,0.274675,0.000000,,,19.624458,18.958380,0.111324,0.120221,,,,-0.399785,-1.009515,-2.201633,,,,,,
46450,,,,,,,,,0.302142,-0.652434,,,19.779276,18.674294,0.109104,0.122241,,,,-0.401221,-1.011614,-2.204666,,,,,,
46460,-0.401168,-1.011515,-2.206339,-0.372511,-0.999804,-2.240204,0.344490,-0.261595,,,,,19.364996,18.435265,0.112658,0.123857,,,,,,,,,,,,
46463,,,,,,,,,0.329610,1.304868,15.052259,13.114261,,,,,-0.026436,0.016110,-0.033865,-0.402713,-1.013576,-2.204800,,,,,,
46470,,,,,,,,,0.274675,-1.304868,,,19.560965,18.778688,0.096108,0.104760,,,,-0.404124,-1.015414,-2.208020,,,,,,
46480,,,,,,,,,0.274675,0.000000,,,19.181309,18.523102,0.099078,0.106235,,,,-0.405635,-1.017227,-2.211253,,,,,,
46490,,,,,,,,,0.247207,-0.652434,,,18.861866,17.763508,0.101511,0.112901,,,,-0.406873,-1.018804,-2.214545,,,,,,
46500,,,,,,,,,0.274675,0.000000,,,18.593088,17.668930,0.103490,0.112935,,,,-0.408133,-1.020464,-2.214755,,,,,,
46511,-0.408233,-1.020640,-2.214049,-0.382240,-1.011915,-2.255424,0.321853,-0.288922,0.302142,-1.957302,14.851733,12.648768,19.456024,17.044807,0.091935,0.113643,-0.022572,0.015565,-0.041374,,,,,,,,,
46514,,,,,,,,,,,,,,,,,,,,-0.409165,-1.022001,-2.217985,,,,,,
46520,,,,,,,,,0.274675,1.304868,,,18.548470,17.064215,0.100271,0.112565,,,,-0.410292,-1.023458,-2.221137,,,,,,
46530,,,,,,,,,0.274675,0.000000,,,18.329395,17.625088,0.101766,0.105961,,,,-0.411499,-1.024865,-2.221091,,,,,,
46540,,,,,,,,,0.274675,0.000000,,,18.145067,17.007919,0.102951,0.111261,,,,-0.413219,-1.026851,-2.224169,,,,,,
46550,,,,,,,,,0.192272,-0.652434,,,17.445431,16.488634,0.109429,0.115686,,,,-0.414765,-1.028802,-2.227247,,,,,,
46560,-0.414909,-1.029038,-2.226140,-0.391461,-1.023023,-2.272362,0.299639,-0.320690,0.274675,0.000000,,,17.401299,16.051708,0.109360,0.119375,,,,,,,,,,,,
46563,,,,,,,,,,,14.557372,12.136642,,,,,-0.019059,0.014925,-0.046222,-0.416217,-1.030845,-2.230370,,,,,,
46570,,,,,,,,,0.219740,0.000000,,,16.819624,16.228621,0.111781,0.111666,,,,-0.417818,-1.032770,-2.233420,,,,,,
46580,,,,,,,,,0.247207,-0.652434,,,16.874744,15.832932,0.110766,0.114884,,,,-0.419319,-1.034703,-2.233420,,,,,,
46590,,,,,,,,,0.247207,-0.652434,,,16.921124,15.499999,0.109830,0.117540,,,,-0.420777,-1.036715,-2.239549,,,,,,
46600,,,,,,,,,0.219740,0.000000,,,16.415604,15.219870,0.114513,0.119725,,,,-0.422310,-1.038785,-2.242696,,,,,,
46611,-0.422251,-1.038697,-2.241306,-0.400180,-1.033152,-2.291313,0.277921,-0.357807,0.329610,-1.304868,13.588518,10.949795,16.534803,14.984169,0.103043,0.109407,-0.018059,0.013848,-0.050006,,,,,,,,,
46614,,,,,,,,,,,,,,,,,,,,-0.423979,-1.040897,-2.248824,,,,,,
46620,,,,,,,,,0.192272,-0.652434,,,16.635098,14.785851,0.101431,0.110623,,,,-0.425570,-1.042916,-2.251884,,,,,,
46630,,,,,,,,,0.219740,0.000000,,,16.719484,14.618985,0.099961,0.111557,,,,-0.427181,-1.044991,-2.261077,,,,,,
46640,,,,,,,,,0.247207,-0.652434,,,16.790487,14.478585,0.098611,0.112256,,,,-0.428844,-1.046982,-2.264112,,,,,,
46650,,,,,,,,,0.274675,0.000000,,,16.850229,14.904996,0.097361,0.107201,,,,-0.430551,-1.048943,-2.267170,,,,,,
46661,-0.430573,-1.048985,-2.264999,-0.408405,-1.042328,-2.312636,0.256771,-0.401414,0.302142,-0.652434,11.992780,9.211810,17.445040,15.263778,0.074365,0.085022,-0.019298,0.012778,-0.047636,,,,,,,,,
46664,,,,,,,,,,,,,,,,,,,,-0.432126,-1.050790,-2.273268,,,,,,
46670,,,,,,,,,0.164805,0.000000,,,16.311884,14.476570,0.084833,0.091842,,,,-0.433729,-1.052676,-2.273323,,,,,,
46680,,,,,,,,,0.192272,-0.652434,,,15.902989,13.814214,0.088139,0.097545,,,,-0.435273,-1.054499,-2.279389,,,,,,
46699,,,,,,,,,0.384545,-1.304868,,,16.073105,13.505262,0.085236,0.099184,,,,-0.436838,-1.056427,-2.282436,,,,,,
46702,,,,,,,,,,,,,,,,,,,,-0.438358,-1.058147,-2.285480,,,,,,
46710,-0.438296,-1.058086,-2.283762,,,,,,0.219740,0.000000,,,15.702081,13.541499,0.088204,0.097956,,,,,,,,,,,,
46713,,,,-0.416147,-1.050580,-2.336769,0.236259,-0.452943,,,10.617020,7.531267,,,,,-0.020165,0.011844,-0.053008,-0.439980,-1.059847,-2.288523,,,,,,
46720,,,,,,,,,0.219740,0.000000,,,15.389901,13.571988,0.076614,0.079638,,,,-0.441490,-1.061478,-2.291563,,,,,,
46730,,,,,,,,,0.219740,0.000000,,,15.127234,13.597642,0.078338,0.078168,,,,-0.442891,-1.063048,-2.294587,,,,,,
46740,,,,,,,,,0.192272,-0.652434,,,14.906225,13.074684,0.079691,0.082289,,,,-0.444274,-1.064579,-2.294587,,,,,,
46750,,,,,,,,,0.219740,0.000000,,,14.720268,12.634667,0.080730,0.085668,,,,-0.445648,-1.066034,-2.300656,,,,,,
46760,-0.445635,-1.066063,-2.299238,-0.423415,-1.057938,-2.364257,0.216450,-0.514212,,,,,14.563805,12.808980,0.081505,0.082869,,,,,,,,,,,,
46763,,,,,,,,,0.247207,-0.652434,9.392892,5.875102,,,,,-0.020855,0.011172,-0.065019,-0.447043,-1.067600,-2.303670,,,,,,
46770,,,,,,,,,0.137337,-0.652434,,,14.432156,12.411103,0.069572,0.068979,,,,-0.448331,-1.068998,-2.309716,,,,,,
46775,,,,,,,,,,,,,,,,,,,,-0.448331,-1.068998,-2.309716,,,,,,
46780,,,,,,,,,0.137337,-0.652434,,,13.776843,11.531787,0.075249,0.076641,,,,-0.449606,-1.070357,-2.312753,,,,,,
46790,,,,,,,,,0.192272,-0.652434,,,13.225464,11.336473,0.079996,0.077502,,,,-0.450762,-1.071634,-2.315765,,,,,,
46800,,,,,,,,,0.164805,0.000000,,,13.306076,11.172137,0.078407,0.078086,,,,-0.451968,-1.072934,-2.321836,,,,,,
46805,,,,,,,,,,,,,,,,,,,,-0.451968,-1.072934,-2.321836,,,,,,
46811,-0.451898,-1.072873,-2.319939,-0.430222,-1.064437,-2.395771,0.197409,-0.587523,0.192272,-0.652434,8.400229,4.427067,13.373903,11.033864,0.066807,0.063667,-0.020939,0.010128,-0.075832,,,,,,,,,
46814,,,,,,,,,,,,,,,,,,,,-0.453105,-1.074078,-2.330852,,,,,,
46820,,,,,,,,,0.109870,0.000000,,,12.341887,10.372978,0.076339,0.069087,,,,-0.454131,-1.075227,-2.336874,,,,,,
46828,,,,,,,,,,,,,12.562634,9.816909,0.073299,0.073569,,,,-0.454131,-1.075227,-2.336874,,,,,,
46831,,,,,,,,,0.164805,-1.304868,,,,,,,,,,-0.455109,-1.076265,-2.342887,,,,,,
46840,,,,,,,,,0.137337,-0.652434,,,12.203829,9.349032,0.076127,0.077264,,,,-0.456162,-1.077297,-2.348900,,,,,,
46850,,,,,,,,,0.137337,-0.652434,,,11.901930,8.955361,0.078445,0.080295,,,,-0.457237,-1.078432,-2.354878,,,,,,
46855,,,,,,,,,,,,,,,,,,,,-0.457237,-1.078432,-2.354878,,,,,,
46860,-0.457189,-1.078381,-2.354684,-0.436582,-1.070110,-2.432148,0.179196,-0.675802,,,7.618236,3.235632,11.647912,8.624126,0.080336,0.082768,-0.020406,0.008754,-0.077464,,,,,,,,,
46864,,,,,,,,,0.192272,-0.652434,,,,,,,,,,-0.458275,-1.079522,-2.363861,,,,,,
46870,,,,,,,,,0.109870,0.000000,,,11.434181,8.345426,0.073890,0.072618,,,,-0.459219,-1.080598,-2.369875,,,,,,
46875,,,,,,,,,,,,,,,,,,,,-0.459219,-1.080598,-2.369875,,,,,,
46880,,,,,,,,,0.137337,-1.957303,,,11.254348,8.110927,0.074961,0.073988,,,,-0.460153,-1.081580,-2.378841,,,,,,
46890,,,,,,,,,0.109870,0.000000,,,11.103036,7.913619,0.075777,0.075026,,,,-0.460993,-1.082506,-2.387782,,,,,,
46900,,,,,,,,,0.164805,-1.304868,,,10.975722,7.747604,0.076379,0.075784,,,,,,,,,,,,
46910,-0.461177,-1.082634,-2.390479,-0.442509,-1.074994,-2.474432,0.161875,-0.782742,,,7.247366,2.307566,10.868601,7.063376,0.076800,0.081860,-0.018859,0.007155,-0.083953,,,,,,,,,
46913,,,,,,,,,0.137337,-0.652434,,,,,,,,,,-0.462646,-1.084138,-2.405603,,,,,,
46920,,,,,,,,,0.082402,-0.652434,,,10.778469,7.032210,0.073287,0.071946,,,,-0.463569,-1.084948,-2.411531,,,,,,
46930,,,,,,,,,0.109870,-1.304868,,,10.702632,6.461444,0.073354,0.076823,,,,-0.464508,-1.085718,-2.420398,,,,,,
46940,,,,,,,,,0.109870,0.000000,,,10.094279,6.525744,0.078868,0.075337,,,,-0.465307,-1.086465,-2.426282,,,,,,
46950,,,,,,,,,0.109870,-1.304868,,,10.126955,6.035304,0.077965,0.079496,,,,-0.466147,-1.087250,-2.432220,,,,,,
46960,-0.465987,-1.087094,-2.431454,,,,,,0.082402,-0.652434,,,9.609905,5.622647,0.082663,0.082959,,,,,,,,,,,,
46963,,,,-0.448018,-1.079126,-2.523924,0.145507,-0.912958,,,6.575656,0.948799,,,,,-0.018820,0.005672,-0.092470,-0.466998,-1.087929,-2.438134,,,,,,
46970,,,,,,,,,0.137337,-0.652434,,,9.719402,5.819981,0.074223,0.066424,,,,-0.467812,-1.088635,-2.444023,,,,,,
46980,,,,,,,,,0.082402,-0.652434,,,9.266991,5.441474,0.078208,0.069310,,,,-0.468623,-1.089437,-2.452868,,,,,,
46990,,,,,,,,,0.082402,-0.652434,,,8.886332,5.122999,0.081553,0.071660,,,,-0.469444,-1.090147,-2.458724,,,,,,
47000,,,,,,,,,0.109870,-1.304868,,,9.110588,4.855034,0.078803,0.073559,,,,-0.470344,-1.090920,-2.467520,,,,,,
47011,-0.470337,-1.090889,-2.469969,-0.453125,-1.082545,-2.582226,0.130159,-1.072051,0.082402,-0.652434,6.106568,-0.438691,8.754734,4.629568,0.077141,0.060925,-0.018666,0.004179,-0.112257,,,,,,,,,
47014,,,,,,,,,,,,,,,,,,,,-0.471148,-1.091631,-2.473427,,,,,,
47020,,,,,,,,,0.109870,-1.304868,,,8.999862,4.439861,0.074111,0.061846,,,,-0.471984,-1.092345,-2.485105,,,,,,
47030,,,,,,,,,0.082402,-0.652434,,,8.661569,4.280242,0.076983,0.062499,,,,-0.472742,-1.092957,-2.496769,,,,,,
47040,,,,,,,,,0.109870,-1.304868,,,8.921473,4.145938,0.073821,0.062925,,,,,,,,,,,,
47047,,,,,,,,,,,,,,,,,,,,-0.473460,-1.093497,-2.505486,,,,,,
47050,,,,,,,,,0.082402,-0.652434,,,8.595613,4.032935,0.076582,0.063160,,,,-0.474197,-1.094038,-2.514258,,,,,,
47061,-0.474148,-1.093985,-2.513279,-0.457847,-1.085290,-2.651269,0.115901,-1.266460,0.054935,-1.304868,5.859691,-1.802500,,,,,-0.018298,0.002547,-0.137990,,,,,,,,,
47064,,,,,,,,,,,,,8.321434,3.393311,0.076363,0.054879,,,,-0.474900,-1.094564,-2.522971,,,,,,
47070,,,,,,,,,0.082402,-0.652434,,,8.090740,3.399675,0.078223,0.053775,,,,-0.475555,-1.095088,-2.528788,,,,,,
47080,,,,,,,,,0.054935,-1.304868,,,7.896634,2.860486,0.079757,0.058235,,,,-0.476407,-1.095683,-2.540387,,,,,,
47090,,,,,,,,,0.109870,-1.304868,,,8.277857,2.951355,0.075461,0.056375,,,,-0.477066,-1.096152,-2.551972,,,,,,
47100,,,,,,,,,0.054935,-1.304868,,,8.054074,2.483270,0.077260,0.060199,,,,,,,,,,,,
47110,-0.477012,-1.096099,-2.554200,-0.462201,-1.087400,-2.733283,0.102814,-1.502755,0.054935,-1.304868,,,7.865783,2.089423,0.078742,0.063359,,,,,,,,,,,,
47113,,,,,,,,,,,6.030650,-3.030991,,,,,-0.017149,0.000967,-0.179083,,,,,,,,,
47120,,,,,,,,,0.082402,-0.652434,,,7.707355,2.302584,0.081700,0.047876,,,,-0.478675,-1.097504,-2.595181,,,,,,
47130,,,,,,,,,0.054935,-1.304868,,,7.574054,1.937394,0.082725,0.050534,,,,-0.479049,-1.097835,-2.606688,,,,,,
47140,,,,,,,,,0.082402,-1.957303,,,8.006438,1.630123,0.078006,0.052674,,,,-0.479483,-1.098173,-2.621078,,,,,,
47150,,,,,,,,,0.054935,-1.304868,,,7.825703,1.371585,0.079454,0.054379,,,,-0.480094,-1.098593,-2.635395,,,,,,
47160,-0.480032,-1.098505,-2.634056,-0.466204,-1.088916,-2.830614,0.090989,-1.785749,,,,,7.673632,1.154052,0.080646,0.055718,,,,,,,,,,,,
47163,,,,,,,,,0.082402,-1.957303,6.129869,-4.394561,,,,,-0.016745,-0.001660,-0.196558,-0.480713,-1.099054,-2.649678,,,,,,
47170,,,,,,,,,0.027467,-0.652434,,,7.545679,0.971019,0.082635,0.042839,,,,-0.481264,-1.099450,-2.663976,,,,,,
47180,,,,,,,,,0.082402,-1.957303,,,7.982563,0.817015,0.077895,0.043337,,,,-0.481856,-1.099850,-2.681015,,,,,,
47190,,,,,,,,,0.054935,-1.304868,,,7.805614,0.687436,0.079330,0.043616,,,,-0.482382,-1.100198,-2.692382,,,,,,
47200,,,,,,,,,0.054935,-1.304868,,,7.656729,0.578409,0.080513,0.043712,,,,-0.482906,-1.100499,-2.706569,,,,,,
47211,-0.482870,-1.100437,-2.705959,-0.469874,-1.089877,-2.945286,0.080532,-2.114528,0.082402,-1.957303,6.494648,-5.848991,8.076000,0.486673,0.079652,0.028818,-0.016238,-0.004090,-0.239327,,,,,,,,,
47214,,,,,,,,,,,,,,,,,,,,-0.483490,-1.100858,-2.723593,,,,,,
47220,,,,,,,,,0.054935,-1.304868,,,7.884232,0.409487,0.081292,0.028338,,,,-0.484021,-1.101098,-2.737698,,,,,,
47230,,,,,,,,,0.054935,-1.304868,,,7.722878,0.344542,0.082660,0.027749,,,,-0.484622,-1.101329,-2.751783,,,,,,
47240,,,,,,,,,0.054935,-1.304868,,,7.587115,0.289898,0.083799,0.027067,,,,-0.485218,-1.101641,-2.765921,,,,,,
47250,,,,,,,,,0.054935,-1.304868,,,7.472884,0.243920,0.084746,0.026309,,,,-0.485670,-1.101921,-2.780039,,,,,,
47261,-0.485647,-1.101887,-2.779297,-0.473228,-1.090325,-3.078149,0.071558,-2.475591,0.082402,-1.957303,7.042019,-7.330726,7.921313,0.205234,0.085559,0.010371,-0.015710,-0.006410,-0.298852,,,,,,,,,
47269,,,,,,,,,0.027467,-0.652434,,,7.209535,0.172684,0.092643,0.009196,,,,-0.486621,-1.102335,-2.805292,,,,,,
47280,,,,,,,,,0.054935,-1.304868,,,7.155188,0.145296,0.093164,0.007974,,,,-0.487121,-1.102567,-2.819300,,,,,,
47290,,,,,,,,,0.054935,-1.304868,,,7.109461,0.122252,0.093608,0.006714,,,,-0.487670,-1.102818,-2.830517,,,,,,
47300,,,,,,,,,0.054935,-1.304868,,,7.070986,0.102863,0.093987,0.005421,,,,-0.488198,-1.103002,-2.844518,,,,,,
47311,-0.488202,-1.102983,-2.844520,-0.476285,-1.090297,3.055487,0.064184,-2.834328,0.082402,-1.957303,7.695553,-8.752988,7.583156,0.086549,0.095423,-0.010406,-0.015109,-0.008642,-0.383178,,,,,,,,,
47314,,,,,,,,,,,,,,,,,,,,-0.488735,-1.103217,-2.858507,,,,,,
47320,,,,,,,,,0.054935,-1.304868,,,7.469553,0.072822,0.096604,-0.012034,,,,-0.489277,-1.103426,-2.872482,,,,,,
47330,,,,,,,,,0.054935,-1.304868,,,7.373967,0.061273,0.097624,-0.013681,,,,-0.489830,-1.103585,-2.886426,,,,,,
47340,,,,,,,,,0.054935,-1.304868,,,7.293541,0.051555,0.098509,-0.015345,,,,-0.490511,-1.103837,-2.900458,,,,,,
47350,,,,,,,,,0.054935,-1.304868,,,7.225871,0.043378,0.099280,-0.017022,,,,-0.491147,-1.104093,-2.914371,,,,,,
47361,-0.491122,-1.104060,-2.913984,-0.479062,-1.089835,2.894121,0.058498,-3.131377,0.109870,-2.609737,8.138662,-10.050515,8.258019,0.036498,0.093365,-0.031946,-0.014959,-0.011137,-0.475079,,,,,,,,,
47364,,,,,,,,,,,,,,,,,,,,-0.491730,-1.104267,-2.931031,,,,,,
47370,,,,,,,,,0.054935,-1.304868,,,8.037383,0.030710,0.095592,-0.033905,,,,-0.492457,-1.104456,-2.947761,,,,,,
47380,,,,,,,,,0.054935,-1.304868,,,7.851739,0.025839,0.097506,-0.035871,,,,-0.493150,-1.104616,-2.961627,,,,,,
47390,,,,,,,,,0.082402,-1.957303,,,8.240082,0.021741,0.093602,-0.037845,,,,-0.493860,-1.104853,-2.978297,,,,,,
47400,,,,,,,,,0.054935,-1.304868,,,8.022290,0.018293,0.095803,-0.039824,,,,-0.494562,-1.105013,-2.992217,,,,,,
47411,-0.494499,-1.104977,-2.991127,-0.481577,-1.088975,2.728966,0.054521,-3.295773,0.082402,-1.957303,8.216390,-10.989403,8.383584,0.015392,0.092934,-0.051385,-0.015175,-0.013884,-0.563092,,,,,,,,,
47414,,,,,,,,,,,,,,,,,,,,-0.495203,-1.105146,-3.008832,,,,,,
47420,,,,,,,,,0.054935,-1.304868,,,8.143033,0.012951,0.095354,-0.053561,,,,,,,,,,,,
47427,,,,,,,,,,,,,,,,,,,,-0.495781,-1.105254,-3.025487,,,,,,
47430,,,,,,,,,0.082402,-1.957303,,,7.940633,0.010897,0.097434,-0.055740,,,,-0.496437,-1.105362,-3.039380,,,,,,
47440,,,,,,,,,0.054935,-1.304868,,,8.314878,0.009168,0.093672,-0.057923,,,,-0.497239,-1.105507,-3.055943,,,,,,
47450,,,,,,,,,0.054935,-1.304868,,,8.085223,0.007714,0.095994,-0.060108,,,,-0.497928,-1.105593,-3.072595,,,,,,
47460,-0.497869,-1.105568,-3.071233,-0.483847,-1.087755,2.569228,0.052167,-3.278693,,,7.951866,-11.304459,8.436536,0.006491,0.092437,-0.062295,-0.015240,-0.016784,-0.642724,,,,,,,,,
47463,,,,,,,,,0.109870,-2.609737,,,,,,,,,,-0.498603,-1.105745,-3.089179,,,,,,
47470,,,,,,,,,0.054935,-1.304868,,,8.732130,0.005461,0.086680,-0.067697,,,,-0.499261,-1.105844,-3.105822,,,,,,
47480,,,,,,,,,0.054935,-1.304868,,,8.436299,0.004595,0.089541,-0.069950,,,,-0.499969,-1.105888,-3.125230,,,,,,
47490,,,,,,,,,0.082402,-1.957303,,,8.731931,0.003866,0.086429,-0.072204,,,,-0.500757,-1.105979,3.141317,,,,,,
47500,,,,,,,,,0.054935,-1.304868,,,8.436131,0.003253,0.089290,-0.074460,,,,-0.501435,-1.106016,3.124709,,,,,,
47511,-0.501366,-1.105987,3.126555,-0.485888,-1.086212,2.422523,0.051223,-3.084832,0.082402,-1.957303,7.351163,-11.008951,8.731790,0.002737,0.080050,-0.073702,-0.015179,-0.020006,-0.704032,,,,,,,,,
47514,,,,,,,,,,,,,,,,,,,,-0.502076,-1.106049,3.110902,,,,,,
47520,,,,,,,,,0.054935,-1.304868,,,8.436013,0.002303,0.082791,-0.075900,,,,-0.502767,-1.106058,3.094348,,,,,,
47530,,,,,,,,,0.054935,-1.304868,,,8.187147,0.001938,0.085113,-0.078098,,,,-0.503413,-1.106118,3.077706,,,,,,
47540,,,,,,,,,0.082402,-1.957303,,,8.522294,0.001630,0.081527,-0.080297,,,,-0.504118,-1.106175,3.061117,,,,,,
47550,,,,,,,,,0.054935,-1.304868,,,8.259744,0.001372,0.083971,-0.082497,,,,-0.504796,-1.106187,3.044520,,,,,,
47561,-0.504739,-1.106159,3.045930,-0.487718,-1.084382,2.293153,0.051386,-2.769138,0.082402,-1.957303,6.578135,-10.250783,8.583377,0.001154,0.072603,-0.076963,-0.014863,-0.023303,-0.752777,,,,,,,,,
47564,,,,,,,,,,,,,,,,,,,,-0.505438,-1.106161,3.027834,,,,,,
47570,,,,,,,,,0.054935,-1.304868,,,8.311138,0.000971,0.074979,-0.079012,,,,-0.506046,-1.106153,3.014027,,,,,,
47580,,,,,,,,,0.027467,-0.652434,,,7.537534,0.000817,0.082523,-0.081061,,,,-0.506691,-1.106145,2.997381,,,,,,
47590,,,,,,,,,0.082402,-1.957303,,,7.975709,0.000688,0.077862,-0.083110,,,,-0.507294,-1.106139,2.986250,,,,,,
47600,,,,,,,,,0.027467,-0.652434,,,7.255304,0.000579,0.084930,-0.085159,,,,-0.507996,-1.106099,2.972365,,,,,,
47611,-0.507837,-1.106091,2.975801,-0.489353,-1.082298,2.182168,0.052325,-2.402578,0.082402,-1.957303,5.791852,-9.251195,7.738242,0.000487,0.071849,-0.077012,-0.014304,-0.026517,-0.793632,,,,,,,,,
47614,,,,,,,,,,,,,,,,,,,,-0.508591,-1.106020,2.958472,,,,,,
47620,,,,,,,,,0.054935,-1.304868,,,7.600042,0.000410,0.072869,-0.078862,,,,-0.509147,-1.105940,2.944542,,,,,,
47630,,,,,,,,,0.054935,-1.304868,,,7.483761,0.000345,0.073694,-0.080712,,,,-0.509632,-1.105929,2.933409,,,,,,
47640,,,,,,,,,0.027467,-0.652434,,,6.841379,0.000290,0.079908,-0.082561,,,,-0.510146,-1.105881,2.919554,,,,,,
47650,,,,,,,,,0.082402,-1.957303,,,7.389965,0.000244,0.074102,-0.084411,,,,-0.510757,-1.105843,2.905558,,,,,,
47661,-0.510850,-1.105791,2.903240,-0.490807,-1.079993,2.088457,0.053730,-2.040900,0.027467,-0.652434,5.168812,-8.090685,6.762458,0.000205,0.073828,-0.074424,-0.013386,-0.029801,-0.814783,,,,,,,,,
47664,,,,,,,,,,,,,,,,,,,,-0.511320,-1.105775,2.894413,,,,,,
47670,,,,,,,,,0.054935,-1.304868,,,6.779018,0.000173,0.073340,-0.076042,,,,-0.511883,-1.105715,2.883253,,,,,,
47680,,,,,,,,,0.054935,-1.304868,,,6.792951,0.000145,0.072876,-0.077660,,,,-0.512396,-1.105607,2.869282,,,,,,
47690,,,,,,,,,0.054935,-1.304868,,,6.804675,0.000122,0.072432,-0.079278,,,,-0.512939,-1.105491,2.858139,,,,,,
47700,,,,,,,,,0.027467,-0.652434,,,6.269996,0.000103,0.077558,-0.080896,,,,-0.513401,-1.105388,2.846977,,,,,,
47710,-0.513409,-1.105360,2.846224,-0.492097,-1.077498,2.009897,0.055349,-1.714879,0.054935,-1.304868,,,6.364660,0.000087,0.076373,-0.082514,,,,,,,,,,,,
47713,,,,,,,,,,,4.703010,-6.973123,,,,,-0.012279,-0.032859,-0.836327,-0.513817,-1.105326,2.835747,,,,,,
47720,,,,,,,,,0.054935,-1.304868,,,6.444310,0.000073,0.070570,-0.072732,,,,-0.514262,-1.105199,2.824540,,,,,,
47730,,,,,,,,,0.027467,-0.652434,,,5.966785,0.000061,0.075092,-0.074127,,,,-0.514695,-1.105101,2.816162,,,,,,
47740,,,,,,,,,0.027467,-0.652434,,,5.564995,0.000052,0.078938,-0.075522,,,,-0.515072,-1.105009,2.807710,,,,,,
47750,,,,,,,,,0.054935,-1.304868,,,5.771473,0.000043,0.076659,-0.076916,,,,-0.515490,-1.104871,2.799257,,,,,,
47760,-0.515534,-1.104838,2.797724,-0.493235,-1.074844,1.944138,0.056994,-1.435464,,,4.446429,-5.884532,5.400660,0.000037,0.080228,-0.078311,-0.010881,-0.035756,-0.853586,,,,,,,,,
47763,,,,,,,,,0.027467,-0.652434,,,,,,,,,,-0.515845,-1.104746,2.788016,,,,,,
47770,,,,,,,,,0.027467,-0.652434,,,5.088657,0.000031,0.080654,-0.068602,,,,-0.516147,-1.104660,2.779578,,,,,,
47780,,,,,,,,,0.054935,-1.304868,,,5.370682,0.000026,0.077649,-0.069778,,,,-0.516483,-1.104570,2.771198,,,,,,
47790,,,,,,,,,-0.000000,0.000000,,,4.518891,0.000022,0.086152,-0.070955,,,,-0.516779,-1.104475,2.765564,,,,,,
47800,,,,,,,,,0.027467,-0.652434,,,4.346738,0.000018,0.087893,-0.072132,,,,-0.517068,-1.104392,2.757109,,,,,,
47811,-0.517047,-1.104388,2.757780,-0.494236,-1.072057,1.888986,0.058530,-1.202288,0.082402,-1.957303,4.428692,-4.791750,5.290974,0.000015,0.078101,-0.062163,-0.009044,-0.038521,-0.868793,,,,,,,,,
47814,,,,,,,,,,,,,,,,,,,,-0.517412,-1.104301,2.748609,,,,,,
47820,,,,,,,,,-0.000000,0.000000,,,4.451825,0.000013,0.086488,-0.063121,,,,-0.517768,-1.104197,2.742976,,,,,,
47830,,,,,,,,,0.027467,-0.652434,,,4.290308,0.000011,0.088131,-0.064079,,,,-0.518096,-1.104105,2.731750,,,,,,
47840,,,,,,,,,0.054935,-1.304868,,,4.698951,0.000009,0.083991,-0.065038,,,,-0.518443,-1.104011,2.723283,,,,,,
47850,,,,,,,,,0.027467,-0.652434,,,4.498240,0.000008,0.085984,-0.065996,,,,-0.518851,-1.103937,2.717611,,,,,,
47861,-0.518806,-1.103930,2.718244,-0.495112,-1.069166,1.842558,0.059867,-1.010070,0.054935,-1.304868,4.486105,-3.811139,4.873905,0.000006,0.082724,-0.056952,-0.007321,-0.041429,-0.875686,,,,,,,,,
47864,,,,,,,,,,,,,,,,,,,,-0.519201,-1.103844,2.709093,,,,,,
47870,,,,,,,,,0.054935,-1.304868,,,5.189990,0.000005,0.079422,-0.057714,,,,-0.519607,-1.103700,2.697751,,,,,,
47880,,,,,,,,,0.027467,-0.652434,,,4.911400,0.000005,0.082123,-0.058477,,,,-0.519970,-1.103513,2.689269,,,,,,
47890,,,,,,,,,0.027467,-0.652434,,,4.676994,0.000004,0.084429,-0.059239,,,,-0.520442,-1.103286,2.677830,,,,,,
47900,,,,,,,,,0.054935,-1.304868,,,5.024309,0.000003,0.080848,-0.060001,,,,-0.520943,-1.103041,2.669272,,,,,,
47911,-0.520971,-1.103014,2.667907,-0.495876,-1.066194,1.803300,0.060949,-0.852186,0.027467,-0.652434,4.664262,-2.833875,4.771996,0.000003,0.085131,-0.050795,-0.005535,-0.044213,-0.864607,,,,,,,,,
47914,,,,,,,,,,,,,,,,,,,,-0.521397,-1.102862,2.660711,,,,,,
47920,,,,,,,,,0.027467,-0.652434,,,4.559700,0.000002,0.087275,-0.051362,,,,-0.521701,-1.102699,2.652175,,,,,,
47930,,,,,,,,,0.054935,-1.304868,,,4.925617,0.000002,0.083564,-0.051929,,,,-0.522026,-1.102537,2.640756,,,,,,
47940,,,,,,,,,0.027467,-0.652434,,,4.688957,0.000002,0.085925,-0.052495,,,,-0.522299,-1.102397,2.632203,,,,,,
47950,,,,,,,,,0.027467,-0.652434,,,4.489831,0.000001,0.087951,-0.053062,,,,-0.522520,-1.102302,2.623676,,,,,,
47960,-0.522592,-1.102250,2.621913,-0.496539,-1.063165,1.769951,0.061744,-0.722312,0.054935,-1.304868,,,4.866829,0.000001,0.084141,-0.053629,,,,,,,,,,,,
47963,,,,,,,,,,,5.053650,-1.773266,,,,,-0.003204,-0.046863,-0.851962,-0.522815,-1.102185,2.617997,,,,,,
47970,,,,,,,,,0.027467,-0.652434,,,4.639493,0.000001,0.090391,-0.043378,,,,-0.523087,-1.102060,2.609418,,,,,,
47980,,,,,,,,,0.027467,-0.652434,,,4.448212,0.000001,0.092425,-0.043732,,,,-0.523353,-1.101945,2.600816,,,,,,
47990,,,,,,,,,0.027467,-0.652434,,,4.287268,0.000001,0.094188,-0.044087,,,,-0.523755,-1.101758,2.595022,,,,,,
48000,,,,,,,,,0.027467,-0.652434,,,4.151850,0.000001,0.095722,-0.044442,,,,-0.524068,-1.101573,2.589220,,,,,,
48010,-0.524141,-1.101509,2.586488,-0.497111,-1.060101,1.741498,0.062235,-0.615012,0.054935,-1.304868,,,4.037910,0.000000,0.097065,-0.044796,,,,,,,,,,,,
48013,,,,,,,,,,,5.395596,-0.877655,,,,,-0.001148,-0.049436,-0.844990,-0.524440,-1.101396,2.580566,,,,,,
48020,,,,,,,,,0.027467,-0.652434,,,4.486583,0.000000,0.096179,-0.036016,,,,-0.524671,-1.101310,2.571991,,,,,,
48030,,,,,,,,,0.027467,-0.652434,,,4.319553,0.000000,0.098065,-0.036191,,,,-0.524942,-1.101167,2.563350,,,,,,
48040,,,,,,,,,0.054935,-1.304868,,,4.723558,0.000000,0.094159,-0.036367,,,,-0.525287,-1.100947,2.551774,,,,,,
48050,,,,,,,,,0.054935,-1.304868,,,4.518944,0.000000,0.096380,-0.036542,,,,-0.525777,-1.100718,2.543091,,,,,,
48061,-0.525832,-1.100657,2.541258,-0.497602,-1.057020,1.717125,0.062422,-0.525837,0.054935,-1.304868,5.913123,0.150275,4.891325,0.000000,0.098036,-0.026233,0.001358,-0.051955,-0.824133,,,,,,,,,
48064,,,,,,,,,,,,,,,,,,,,-0.526182,-1.100507,2.531496,,,,,,
48070,,,,,,,,,0.027467,-0.652434,,,5.204647,0.000000,0.095045,-0.026203,,,,-0.526685,-1.100206,2.522785,,,,,,
48080,,,,,,,,,0.054935,-1.304868,,,5.468276,0.000000,0.092497,-0.026173,,,,-0.527013,-1.099982,2.508205,,,,,,
48090,,,,,,,,,0.054935,-1.304868,,,5.690093,0.000000,0.090324,-0.026143,,,,-0.527398,-1.099742,2.499518,,,,,,
48100,,,,,,,,,0.027467,-0.652434,,,5.332186,0.000000,0.094019,-0.026113,,,,-0.527817,-1.099487,2.487851,,,,,,
48110,-0.527745,-1.099519,2.489595,-0.498022,-1.053942,1.696179,0.062309,-0.451236,,,,,5.575587,0.000000,0.091653,-0.026083,,,,,,,,,,,,
48113,,,,,,,,,0.082402,-1.957303,6.507675,1.221735,,,,,0.004029,-0.054263,-0.793417,-0.528294,-1.099233,2.473258,,,,,,
48120,,,,,,,,,0.027467,-0.652434,,,5.780385,0.000000,0.095696,-0.015124,,,,-0.528866,-1.098883,2.461502,,,,,,
48130,,,,,,,,,0.054935,-1.304868,,,5.952702,0.000000,0.094083,-0.014879,,,,-0.529352,-1.098548,2.446823,,,,,,
48140,,,,,,,,,0.082402,-1.957303,,,6.642232,0.000000,0.087161,-0.014635,,,,-0.529868,-1.098159,2.432024,,,,,,
48150,,,,,,,,,0.054935,-1.304868,,,6.677859,0.000000,0.086771,-0.014391,,,,-0.530362,-1.097848,2.417291,,,,,,
48160,-0.530321,-1.097842,2.417883,-0.498379,-1.050883,1.678127,0.061910,-0.388403,,,,,6.707836,0.000000,0.086431,-0.014146,,,,,,,,,,,,
48163,,,,,,,,,0.054935,-1.304868,7.266394,2.476785,,,,,0.007159,-0.056340,-0.739757,,,,,,,,,
48169,,,,,,,,,0.054935,-1.304868,,,6.733059,0.000000,0.093873,-0.001100,,,,-0.530922,-1.097470,2.405396,,,,,,
48172,,,,,,,,,,,,,,,,,,,,-0.531467,-1.097037,2.390587,,,,,,
48180,,,,,,,,,0.054935,-1.304868,,,6.754282,0.000000,0.093763,-0.000605,,,,-0.531984,-1.096651,2.378664,,,,,,
48190,,,,,,,,,0.082402,-1.957303,,,7.316681,0.000000,0.088129,-0.000110,,,,-0.532501,-1.096258,2.360718,,,,,,
48200,,,,,,,,,0.054935,-1.304868,,,7.245341,0.000000,0.088847,0.000386,,,,-0.532969,-1.095874,2.348732,,,,,,
48211,-0.532915,-1.095881,2.349060,-0.498681,-1.047858,1.662536,0.061242,-0.335132,0.082402,-1.957303,7.983179,3.655828,7.729859,0.000000,0.091220,0.012907,0.010165,-0.058093,-0.686524,,,,,,,,,
48214,,,,,,,,,,,,,,,,,,,,-0.533391,-1.095499,2.333671,,,,,,
48220,,,,,,,,,0.027467,-0.652434,,,7.048446,0.000000,0.098221,0.013638,,,,-0.533871,-1.095093,2.318666,,,,,,
48230,,,,,,,,,0.082402,-1.957303,,,7.564191,0.000000,0.093147,0.014370,,,,-0.534372,-1.094666,2.306572,,,,,,
48240,,,,,,,,,0.054935,-1.304868,,,7.453596,0.000000,0.094359,0.015101,,,,-0.534873,-1.094228,2.291388,,,,,,
48250,,,,,,,,,0.054935,-1.304868,,,7.360541,0.000000,0.095414,0.015832,,,,-0.535312,-1.093771,2.276171,,,,,,
48261,-0.535268,-1.093779,2.276813,-0.498934,-1.044880,1.649051,0.060323,-0.289685,0.082402,-1.957303,8.824085,4.949137,7.826788,0.000000,0.099360,0.029755,0.013636,-0.059374,-0.627762,,,,,,,,,
48264,,,,,,,,,,,,,,,,,,,,-0.535764,-1.093305,2.260901,,,,,,
48270,,,,,,,,,0.054935,-1.304868,,,7.674545,0.000000,0.101113,0.030745,,,,-0.536202,-1.092795,2.242493,,,,,,
48280,,,,,,,,,0.082402,-1.957303,,,8.090991,0.000000,0.097095,0.031735,,,,-0.536684,-1.092351,2.230217,,,,,,
48290,,,,,,,,,0.054935,-1.304868,,,7.896845,0.000000,0.099222,0.032724,,,,-0.537147,-1.091867,2.214807,,,,,,
48300,,,,,,,,,0.054935,-1.304868,,,7.733491,0.000000,0.101073,0.033714,,,,-0.537677,-1.091306,2.199287,,,,,,
48310,-0.537619,-1.091333,2.200318,-0.499145,-1.041962,1.637376,0.059176,-0.250691,,,,,8.140588,0.000000,0.097139,0.034704,,,,,,,,,,,,
48313,,,,,,,,,0.109870,-2.609737,9.693929,6.267919,,,,,0.017256,-0.060166,-0.562942,-0.538106,-1.090753,2.183718,,,,,,
48320,,,,,,,,,0.054935,-1.304868,,,8.483119,0.000000,0.102654,0.049145,,,,-0.538584,-1.090214,2.164937,,,,,,
48330,,,,,,,,,0.054935,-1.304868,,,8.226782,0.000000,0.105511,0.050399,,,,-0.539098,-1.089603,2.149268,,,,,,
48340,,,,,,,,,0.109870,-2.609737,,,8.555643,0.000000,0.102450,0.051653,,,,-0.539591,-1.089011,2.130365,,,,,,
48350,,,,,,,,,0.054935,-1.304868,,,8.832347,0.000000,0.099855,0.052906,,,,-0.540045,-1.088361,2.111335,,,,,,
48361,-0.539970,-1.088419,2.113327,-0.499320,-1.039114,1.627269,0.057822,-0.217060,0.109870,-2.609737,10.647346,7.689274,9.609709,0.000000,0.101824,0.068658,0.021237,-0.060270,-0.486058,,,,,,,,,
48364,,,,,,,,,,,,,,,,,,,,-0.540518,-1.087736,2.095397,,,,,,
48370,,,,,,,,,0.054935,-1.304868,,,9.174694,0.000000,0.106468,0.070195,,,,-0.540926,-1.087079,2.076175,,,,,,
48380,,,,,,,,,0.082402,-1.957303,,,9.353216,0.000000,0.104942,0.071733,,,,-0.541397,-1.086376,2.056849,,,,,,
48390,,,,,,,,,0.109870,-1.304868,,,9.503425,0.544543,0.103669,0.067717,,,,-0.541812,-1.085667,2.037423,,,,,,
48400,,,,,,,,,0.054935,-1.304868,,,9.085267,0.458179,0.108163,0.070027,,,,-0.542260,-1.085008,2.017879,,,,,,
48411,-0.542180,-1.085093,2.020414,-0.499464,-1.036346,1.618522,0.056284,-0.187925,0.109870,-2.609737,11.606139,9.120850,9.822515,0.385511,0.110735,0.086816,0.025337,-0.059657,-0.401892,,,,,,,,,
48414,,,,,,,,,,,,,,,,,,,,-0.542656,-1.084274,2.001467,,,,,,
48420,,,,,,,,,0.082402,-1.957303,,,9.898293,0.324369,0.110319,0.089187,,,,-0.543074,-1.083476,1.981683,,,,,,
48430,,,,,,,,,0.082402,-1.957303,,,9.962051,0.272924,0.110010,0.091471,,,,-0.543560,-1.082671,1.961766,,,,,,
48440,,,,,,,,,0.082402,-1.957303,,,10.015698,0.229638,0.109791,0.093682,,,,-0.544035,-1.081832,1.941732,,,,,,
48450,,,,,,,,,0.109870,-1.304868,,,10.060837,0.737761,0.109649,0.090277,,,,-0.544395,-1.081049,1.918166,,,,,,
48461,-0.544395,-1.080966,1.921272,-0.499582,-1.033664,1.610956,0.054584,-0.162587,0.109870,-2.609737,12.420609,10.411900,10.643359,0.620752,0.112324,0.106316,0.029041,-0.058329,-0.310315,,,,,,,,,
48464,,,,,,,,,,,,,,,,,,,,-0.544722,-1.080200,1.897812,,,,,,
48470,,,,,,,,,0.082402,-1.957303,,,10.588951,0.522301,0.113234,0.109279,,,,-0.545166,-1.079246,1.877304,,,,,,
48480,,,,,,,,,0.109870,-2.609737,,,11.087715,0.439464,0.108513,0.112102,,,,-0.545628,-1.078220,1.853184,,,,,,
48490,,,,,,,,,0.109870,-1.304868,,,10.962831,0.914308,0.110054,0.109253,,,,-0.546025,-1.077183,1.835821,,,,,,
48500,,,,,,,,,0.109870,-2.609737,,,11.402298,0.769299,0.105863,0.112631,,,,-0.546433,-1.076151,1.814834,,,,,,
48511,-0.546393,-1.076113,1.812816,-0.499678,-1.031078,1.604427,0.052744,-0.140485,,,13.134269,11.612375,11.227522,1.191831,0.115128,0.122495,0.032527,-0.056146,-0.208389,,,,,,,,,
48514,,,,,,,,,0.137337,-1.957303,,,,,,,,,,-0.546827,-1.075053,1.793669,,,,,,
48520,,,,,,,,,0.109870,-1.304868,,,11.625009,1.547350,0.111455,0.120953,,,,-0.547192,-1.073899,1.772326,,,,,,
48530,,,,,,,,,0.109870,-1.304868,,,11.414910,1.301940,0.113900,0.125469,,,,-0.547532,-1.072690,1.754397,,,,,,
48540,,,,,,,,,0.137337,-1.957303,,,11.782677,2.184538,0.110493,0.118528,,,,-0.547864,-1.071355,1.736334,,,,,,
48550,,,,,,,,,0.137337,-1.957303,,,12.092115,2.382613,0.107607,0.118394,,,,-0.548118,-1.070050,1.718130,,,,,,
48560,-0.548084,-1.069994,1.717864,-0.499754,-1.028591,1.598802,0.050785,-0.121158,,,,,12.352477,2.549274,0.105160,0.118540,,,,,,,,,,,,
48563,,,,,,,,,0.192272,-1.957303,13.231015,12.126092,,,,,0.033874,-0.053875,-0.119062,-0.548424,-1.068686,1.703465,,,,,,
48570,,,,,,,,,0.082402,-0.652434,,,12.027002,3.234045,0.109623,0.118607,,,,-0.548606,-1.067209,1.688686,,,,,,
48580,,,,,,,,,0.164805,-1.304868,,,12.297691,3.810211,0.107102,0.114509,,,,-0.548847,-1.065734,1.677571,,,,,,
48590,,,,,,,,,0.164805,-1.304868,,,11.980906,4.294998,0.110520,0.111227,,,,-0.549075,-1.064272,1.662650,,,,,,
48600,,,,,,,,,0.164805,-1.304868,,,12.803449,4.702897,0.102380,0.108633,,,,-0.549264,-1.062776,1.651383,,,,,,
48611,-0.549244,-1.062695,1.651487,-0.499815,-1.026208,1.593969,0.048727,-0.104230,0.164805,-1.304868,12.551307,11.745579,12.950993,5.046103,0.094028,0.102736,0.032384,-0.052209,-0.057518,,,,,,,,,
48614,,,,,,,,,,,,,,,,,,,,-0.549439,-1.061256,1.640057,,,,,,
48620,,,,,,,,,0.109870,-1.304868,,,12.530593,4.790334,0.098236,0.106684,,,,-0.549677,-1.059678,1.628672,,,,,,
48630,,,,,,,,,0.164805,-1.304868,,,12.721412,5.119673,0.096294,0.104716,,,,-0.549864,-1.058008,1.617213,,,,,,
48640,,,,,,,,,0.164805,-1.304868,,,12.337423,5.396779,0.100177,0.103215,,,,-0.550011,-1.056352,1.605704,,,,,,
48650,,,,,,,,,0.137337,-0.652434,,,12.558879,5.629935,0.097960,0.102106,,,,-0.550057,-1.054858,1.594110,,,,,,
48661,-0.550025,-1.054940,1.596188,-0.499863,-1.023934,1.589832,0.046590,-0.089391,0.219740,-1.304868,11.553375,10.989327,12.745212,5.826113,0.085879,0.093615,0.029723,-0.050933,-0.006356,,,,,,,,,
48664,,,,,,,,,,,,,,,,,,,,-0.550091,-1.053375,1.582500,,,,,,
48670,,,,,,,,,0.109870,0.000000,,,12.357449,6.535721,0.089596,0.087409,,,,-0.550034,-1.051919,1.570796,,,,,,
48680,,,,,,,,,0.137337,-1.957303,,,12.575728,6.043698,0.087209,0.093319,,,,-0.550009,-1.050418,1.562999,,,,,,
48690,,,,,,,,,0.137337,-0.652434,,,12.214846,6.174253,0.090686,0.092976,,,,-0.550007,-1.048846,1.551337,,,,,,
48700,,,,,,,,,0.137337,-0.652434,,,11.911200,6.284102,0.093650,0.092819,,,,-0.550006,-1.047373,1.543617,,,,,,
48711,-0.550012,-1.047432,1.545291,-0.499900,-1.021771,1.586304,0.044390,-0.076381,,,10.524338,10.168021,12.200254,6.376529,0.080134,0.084440,0.026930,-0.049442,0.041013,-0.550007,-1.045919,1.532046,,,,,,
48714,,,,,,,,,0.219740,-1.304868,,,,,,,,,,,,,,,,,,
48720,,,,,,,,,0.082402,-0.652434,,,11.898922,6.454297,0.082873,0.084405,,,,-0.550044,-1.044558,1.524379,,,,,,
48730,,,,,,,,,0.137337,-0.652434,,,11.645381,5.975188,0.085184,0.090035,,,,-0.550119,-1.043176,1.512920,,,,,,
48740,,,,,,,,,0.109870,-1.304868,,,11.432052,6.116609,0.087136,0.089431,,,,-0.550133,-1.041732,1.505320,,,,,,
48750,,,,,,,,,0.164805,-1.304868,,,11.252557,6.235600,0.088785,0.089027,,,,,,,,,,,,
48753,,,,,,,,,,,,,,,,,,,,-0.550078,-1.040410,1.490220,,,,,,
48761,-0.550033,-1.040309,1.489367,-0.499929,-1.019720,1.583309,0.042146,-0.064982,0.109870,-1.304868,9.618419,9.461887,11.646072,5.791176,0.075385,0.087144,0.024596,-0.048263,0.093943,,,,,,,,,
48764,,,,,,,,,,,,,,,,,,,,-0.550026,-1.039118,1.478954,,,,,,
48770,,,,,,,,,0.109870,-1.304868,,,11.432633,5.417238,0.077157,0.091693,,,,-0.549988,-1.037946,1.467763,,,,,,
48780,,,,,,,,,0.137337,-0.652434,,,11.253046,5.647150,0.078626,0.090156,,,,-0.549907,-1.036776,1.456610,,,,,,
48790,,,,,,,,,0.109870,-1.304868,,,11.101941,5.296054,0.079840,0.094500,,,,-0.549806,-1.035559,1.445533,,,,,,
48800,,,,,,,,,0.137337,-0.652434,,,10.974801,5.545186,0.080840,0.092792,,,,-0.549721,-1.034453,1.434492,,,,,,
48811,-0.549690,-1.034371,1.436360,-0.499951,-1.017784,1.580781,0.039872,-0.055008,0.109870,-1.304868,8.957166,8.970810,10.867826,5.210262,0.074915,0.091983,0.023104,-0.047067,0.144422,,,,,,,,,
48814,,,,,,,,,,,,,,,,,,,,-0.549619,-1.033336,1.427156,,,,,,
48820,,,,,,,,,0.082402,-0.652434,,,10.233274,4.928457,0.081005,0.095610,,,,-0.549595,-1.032265,1.419846,,,,,,
48830,,,,,,,,,0.137337,-0.652434,,,10.243905,5.235889,0.080642,0.093282,,,,-0.549459,-1.031237,1.408927,,,,,,
48840,,,,,,,,,0.082402,-0.652434,,,9.708306,4.950020,0.085848,0.096945,,,,-0.549326,-1.030208,1.401700,,,,,,
48850,,,,,,,,,0.082402,-0.652434,,,9.257654,4.709489,0.090294,0.100203,,,,-0.549164,-1.029213,1.394464,,,,,,
48861,-0.549156,-1.029304,1.395242,-0.499967,-1.015962,1.578660,0.037583,-0.046302,0.109870,0.000000,8.353372,8.487881,9.423018,5.051650,0.082389,0.092639,0.021728,-0.046102,0.183418,,,,,,,,,
48864,,,,,,,,,,,,,,,,,,,,-0.549022,-1.028176,1.387229,,,,,,
48870,,,,,,,,,0.109870,-1.304868,,,9.017612,4.795001,0.086310,0.095944,,,,-0.548970,-1.027233,1.380066,,,,,,
48880,,,,,,,,,0.109870,-1.304868,,,8.676504,4.579056,0.089656,0.098885,,,,-0.548829,-1.026166,1.376485,,,,,,
48890,,,,,,,,,0.109870,0.000000,,,8.934039,4.941904,0.086965,0.095966,,,,-0.548684,-1.025187,1.365758,,,,,,
48900,,,,,,,,,0.082402,-0.652434,,,8.606186,4.702660,0.090193,0.099115,,,,-0.548491,-1.024083,1.358633,,,,,,
48911,-0.548480,-1.024182,1.358968,-0.499979,-1.014255,1.576892,0.035291,-0.038725,0.109870,-1.304868,7.637215,7.864748,8.874873,4.501361,0.080097,0.095570,0.019902,-0.045330,0.217924,,,,,,,,,
48914,,,,,,,,,,,,,,,,,,,,-0.548299,-1.023018,1.351534,,,,,,
48920,,,,,,,,,0.082402,-0.652434,,,8.556403,4.331988,0.083098,0.097970,,,,-0.548098,-1.021991,1.344449,,,,,,
48930,,,,,,,,,0.137337,-0.652434,,,8.832986,4.734020,0.080093,0.094576,,,,-0.547923,-1.021040,1.337379,,,,,,
48940,,,,,,,,,0.082402,-0.652434,,,8.521159,4.527747,0.083034,0.097306,,,,-0.547752,-1.020065,1.330334,,,,,,
48950,,,,,,,,,0.082402,-0.652434,,,8.258789,4.354189,0.085533,0.099744,,,,-0.547563,-1.018987,1.326795,,,,,,
48961,-0.547562,-1.019086,1.326758,-0.499987,-1.012661,1.575429,0.033009,-0.032156,0.137337,-0.652434,6.837620,7.134935,8.582574,4.752700,0.073951,0.088937,0.017730,-0.044613,0.248672,,,,,,,,,
48964,,,,,,,,,,,,,,,,,,,,-0.547335,-1.017896,1.319780,,,,,,
48970,,,,,,,,,0.082402,-0.652434,,,7.765920,4.543465,0.081932,0.091548,,,,-0.547072,-1.016898,1.312783,,,,,,
48980,,,,,,,,,0.082402,0.652434,,,7.623330,4.911957,0.083200,0.088307,,,,-0.546786,-1.016055,1.309390,,,,,,
48990,,,,,,,,,0.109870,-1.304868,,,7.503356,4.677463,0.084267,0.091144,,,,-0.546526,-1.015228,1.305912,,,,,,
49000,,,,,,,,,0.082402,0.652434,,,7.402409,4.480160,0.085163,0.093648,,,,-0.546300,-1.014317,1.302421,,,,,,
49012,-0.546326,-1.014381,1.307201,-0.499993,-1.011180,1.574230,0.030748,-0.026488,0.109870,-1.304868,5.952920,6.283268,7.317472,4.858692,0.076893,0.081631,0.015163,-0.043899,0.267029,-0.546044,-1.013334,1.298943,,,,,,
49020,,,,,,,,,0.054935,0.000000,,,7.246006,4.632646,0.077349,0.084221,,,,-0.545833,-1.012390,1.292002,,,,,,
49030,,,,,,,,,0.082402,-0.652434,,,7.185875,4.442451,0.077704,0.086491,,,,-0.545678,-1.011494,1.288489,,,,,,
49040,,,,,,,,,0.109870,0.000000,,,7.135281,4.282421,0.077973,0.088492,,,,-0.545416,-1.010622,1.284971,,,,,,
49050,,,,,,,,,0.082402,-0.652434,,,7.092711,4.692315,0.078171,0.084711,,,,-0.545148,-1.009748,1.281542,,,,,,
49061,-0.545152,-1.009804,1.280957,-0.499997,-1.009809,1.573256,0.028517,-0.021626,0.109870,0.000000,5.151919,5.518069,7.056892,4.492657,0.070138,0.079261,0.012901,-0.043273,0.292298,,,,,,,,,
49069,,,,,,,,,0.027467,-0.652434,,,6.482212,4.324664,0.075619,0.081179,,,,-0.544885,-1.008880,1.278072,,,,,,
49072,,,,,,,,,,,,,,,,,,,,-0.544651,-1.008136,1.274694,,,,,,
49080,,,,,,,,,0.109870,0.000000,,,6.543219,4.727858,0.074730,0.077305,,,,-0.544385,-1.007295,1.271190,,,,,,
49090,,,,,,,,,0.082402,-0.652434,,,6.594550,4.522563,0.073929,0.079558,,,,-0.544173,-1.006533,1.267781,,,,,,
49100,,,,,,,,,0.054935,-1.304868,,,6.637740,3.805284,0.073200,0.087073,,,,-0.543989,-1.005761,1.260926,,,,,,
49111,-0.544014,-1.005882,1.257132,-0.500000,-1.008546,1.572472,0.026326,-0.017481,0.082402,0.652434,4.476922,4.865047,6.129537,4.290852,0.071201,0.075802,0.011046,-0.042689,0.315340,,,,,,,,,
49114,,,,,,,,,,,,,,,,,,,,-0.543818,-1.005101,1.257496,,,,,,
49120,,,,,,,,,0.054935,-1.304868,,,6.246478,3.610322,0.069678,0.082858,,,,-0.543581,-1.004376,1.250685,,,,,,
49130,,,,,,,,,0.082402,-0.652434,,,6.344872,3.582268,0.068320,0.083395,,,,-0.543327,-1.003548,1.247241,,,,,,
49140,,,,,,,,,0.027467,0.652434,,,5.338574,3.558663,0.078211,0.083892,,,,-0.543105,-1.002860,1.243825,,,,,,
49150,,,,,,,,,0.082402,-0.652434,,,5.580962,3.538802,0.075566,0.084356,,,,-0.542872,-1.002178,1.236998,,,,,,
49160,-0.542856,-1.002162,1.235950,-0.500001,-1.007389,1.571848,0.024183,-0.013975,0.082402,-0.652434,,,5.784907,3.522090,0.073265,0.084792,,,,,,,,,,,,
49163,,,,,,,,,,,3.800540,4.198157,,,,,0.009146,-0.042193,0.335898,-0.542672,-1.001585,1.233603,,,,,,
49170,,,,,,,,,0.082402,-0.652434,,,5.411963,3.508030,0.069908,0.078402,,,,-0.542488,-1.001015,1.230236,,,,,,
49180,,,,,,,,,0.054935,0.000000,,,5.642712,3.496199,0.067233,0.078660,,,,-0.542305,-1.000432,1.226849,,,,,,
49190,,,,,,,,,0.054935,0.000000,,,5.292320,3.486244,0.070438,0.078902,,,,-0.542107,-0.999826,1.223467,,,,,,
49200,,,,,,,,,0.027467,-0.652434,,,4.997501,2.933326,0.073147,0.084685,,,,-0.541805,-0.999071,1.220096,,,,,,
49211,-0.541854,-0.999222,1.218689,-0.500002,-1.006336,1.571360,0.022095,-0.011035,0.054935,0.000000,3.279924,3.674678,5.293983,3.012643,0.064573,0.078789,0.007756,-0.041738,0.352671,,,,,,,,,
49214,,,,,,,,,,,,,,,,,,,,-0.541632,-0.998461,1.216722,,,,,,
49220,,,,,,,,,0.082402,-0.652434,,,4.998900,3.079381,0.067180,0.078241,,,,-0.541473,-0.997834,1.213338,,,,,,
49230,,,,,,,,,0.054935,0.000000,,,4.750617,3.135534,0.069369,0.077787,,,,-0.541372,-0.997387,1.209992,,,,,,
49240,,,,,,,,,0.054935,-1.304868,,,5.086255,2.638237,0.065651,0.082967,,,,-0.541183,-0.996942,1.206596,,,,,,
49250,,,,,,,,,0.054935,0.000000,,,4.824118,2.764356,0.067964,0.081888,,,,-0.541019,-0.996475,1.203228,,,,,,
49260,-0.541010,-0.996489,1.204526,-0.500003,-1.005381,1.570981,0.020069,-0.008595,,,2.775114,3.157708,4.059012,2.870472,0.075459,0.080988,0.006384,-0.041471,0.366455,,,,,,,,,
49263,,,,,,,,,0.054935,0.000000,,,,,,,,,,-0.540858,-0.995896,1.199938,,,,,,
49270,,,,,,,,,0.027467,-0.652434,,,4.504339,2.415215,0.065612,0.080519,,,,-0.540668,-0.995295,1.196571,,,,,,
49280,,,,,,,,,0.054935,0.000000,,,4.334493,2.576705,0.066998,0.079020,,,,-0.540490,-0.994806,1.193196,,,,,,
49290,,,,,,,,,0.027467,-0.652434,,,4.191585,2.168039,0.068144,0.083305,,,,-0.540337,-0.994420,1.186540,,,,,,
49300,,,,,,,,,0.027467,0.652434,,,3.526799,2.368731,0.074642,0.081456,,,,-0.540147,-0.993951,1.183176,,,,,,
49311,-0.540180,-0.994056,1.187705,-0.500003,-1.004523,1.570694,0.018112,-0.006592,0.082402,-0.652434,2.358608,2.727790,,,,,0.005309,-0.041177,0.382989,-0.539981,-0.993472,1.179844,,,,,,
49314,,,,,,,,,,,,,4.056535,2.537593,0.064840,0.075506,,,,,,,,,,,,
49320,,,,,,,,,0.027467,-0.652434,,,3.957711,2.135130,0.065508,0.079649,,,,-0.539802,-0.992943,1.179826,,,,,,
49330,,,,,,,,,0.054935,0.000000,,,3.874561,2.341042,0.066036,0.077668,,,,-0.539658,-0.992579,1.176515,,,,,,
49340,,,,,,,,,0.027467,0.652434,,,3.260055,1.969752,0.072001,0.081532,,,,-0.539562,-0.992341,1.173190,,,,,,
49350,,,,,,,,,-0.000000,0.000000,,,2.743010,2.201892,0.077095,0.079316,,,,-0.539468,-0.992158,1.173209,,,,,,
49361,-0.539527,-0.992317,1.174426,-0.500002,-1.003757,1.570480,0.016229,-0.004968,0.027467,0.652434,2.085409,2.433689,2.307968,2.397215,0.078669,0.074429,0.004707,-0.040878,0.396054,-0.539282,-0.991818,1.176509,,,,,,
49370,,,,,,,,,0.054935,0.000000,,,2.486467,2.561560,0.076803,0.072760,,,,-0.539059,-0.991478,1.179837,,,,,,
49380,,,,,,,,,0.027467,-0.652434,,,2.636656,2.155296,0.075191,0.076878,,,,-0.538857,-0.991092,1.186495,,,,,,
49390,,,,,,,,,0.027467,0.652434,,,2.218482,2.358009,0.079346,0.074866,,,,-0.538732,-0.990787,1.193178,,,,,,
49400,,,,,,,,,0.054935,0.000000,,,2.411174,2.528572,0.077354,0.073142,,,,-0.538648,-0.990576,1.193196,,,,,,
49411,-0.538633,-0.990509,1.191620,-0.500002,-1.003079,1.570322,0.014425,-0.003672,0.054935,0.000000,1.425791,1.724790,2.573305,2.672083,0.068907,0.064428,0.002623,-0.040540,0.378702,,,,,,,,,
49414,,,,,,,,,,,,,,,,,,,,-0.538504,-0.990232,1.193174,,,,,,
49420,,,,,,,,,-0.000000,0.000000,,,2.165178,2.248290,0.072841,0.068561,,,,-0.538362,-0.989879,1.193174,,,,,,
49430,,,,,,,,,0.027467,-0.652434,,,2.366324,1.891711,0.070641,0.072094,,,,-0.538169,-0.989459,1.189817,,,,,,
49440,,,,,,,,,0.054935,0.000000,,,2.535568,2.136229,0.068727,0.069566,,,,-0.538070,-0.989220,1.189815,,,,,,
49450,,,,,,,,,-0.000000,0.000000,,,2.133426,1.797422,0.072607,0.072940,,,,-0.537997,-0.989021,1.186475,,,,,,
49460,-0.538007,-0.989040,1.184170,-0.500002,-1.002485,1.570211,0.012706,-0.002653,0.027467,-0.652434,,,2.339608,1.512351,0.070362,0.075833,,,,,,,,,,,,
49463,,,,,,,,,,,1.127736,1.399735,,,,,0.001878,-0.040269,0.386041,-0.537938,-0.988953,1.183162,,,,,,
49470,,,,,,,,,0.027467,-0.652434,,,2.513089,1.272492,0.065370,0.075006,,,,-0.537808,-0.988668,1.179812,,,,,,
49480,,,,,,,,,0.027467,0.652434,,,2.114513,1.070675,0.069158,0.077090,,,,-0.537731,-0.988441,1.176483,,,,,,
49490,,,,,,,,,-0.000000,0.000000,,,1.779151,1.445409,0.072381,0.073334,,,,-0.537652,-0.988217,1.176475,,,,,,
49500,,,,,,,,,-0.000000,0.000000,,,1.496977,1.216167,0.075129,0.075663,,,,-0.537625,-0.988098,1.176471,,,,,,
49510,-0.537657,-0.988177,1.177117,-0.500001,-1.001970,1.570132,0.011076,-0.001869,,,0.997510,1.241535,1.259556,1.023282,0.077477,0.077667,0.001707,-0.040066,0.393016,,,,,,,,,
49513,,,,,,,,,-0.000000,0.000000,,,,,,,,,,-0.537573,-0.987989,1.176471,,,,,,
49520,,,,,,,,,-0.000000,0.000000,,,1.059791,0.860990,0.078160,0.077784,,,,-0.537547,-0.987941,1.176471,,,,,,
49530,,,,,,,,,0.027467,0.652434,,,0.891708,1.268980,0.079862,0.073699,,,,-0.537533,-0.987914,1.179799,,,,,,
49540,,,,,,,,,-0.000000,0.000000,,,0.750283,1.067719,0.081326,0.075746,,,,-0.537550,-0.987962,1.179799,,,,,,
49550,,,,,,,,,-0.000000,0.000000,,,0.631288,0.898379,0.082589,0.077508,,,,-0.537558,-0.987983,1.179812,,,,,,
49561,-0.537566,-0.987999,1.179585,-0.500001,-1.001529,1.570079,0.009540,-0.001277,0.027467,-0.652434,0.956981,1.167565,1.075709,0.755896,0.077716,0.078276,0.001817,-0.039886,0.390493,,,,,,,,,
49564,,,,,,,,,,,,,,,,,,,,-0.537592,-0.988073,1.179812,,,,,,
49570,,,,,,,,,-0.000000,0.000000,,,0.905101,0.636011,0.079432,0.079581,,,,-0.537597,-0.988096,1.179812,,,,,,
49580,,,,,,,,,0.027467,-0.652434,,,1.306095,0.535139,0.075352,0.080716,,,,-0.537548,-0.987988,1.176483,,,,,,
49590,,,,,,,,,-0.000000,0.000000,,,1.098948,0.450266,0.077395,0.081708,,,,-0.537439,-0.987714,1.173146,,,,,,
49600,,,,,,,,,0.027467,-0.652434,,,1.469198,0.378854,0.073591,0.082580,,,,-0.537375,-0.987465,1.169855,,,,,,
49610,-0.537345,-0.987404,1.167934,-0.500001,-1.001158,1.570046,0.008103,-0.000843,,,0.932362,1.118019,1.236183,0.318768,0.075865,0.083351,0.001988,-0.039747,0.402112,,,,,,,,,
49613,,,,,,,,,-0.000000,0.000000,,,,,,,,,,-0.537309,-0.987233,1.169855,,,,,,
49620,,,,,,,,,0.027467,-0.652434,,,1.584667,0.268211,0.072003,0.083531,,,,-0.537277,-0.987065,1.166570,,,,,,
49630,,,,,,,,,-0.000000,0.000000,,,1.333339,0.225673,0.074436,0.084135,,,,-0.537241,-0.986886,1.163256,,,,,,
49640,,,,,,,,,-0.000000,0.000000,,,1.121871,0.189881,0.076513,0.084678,,,,-0.537179,-0.986773,1.159954,,,,,,
49650,,,,,,,,,-0.000000,0.000000,,,0.943942,0.159766,0.078290,0.085171,,,,-0.537154,-0.986723,1.159946,,,,,,
49661,-0.537170,-0.986780,1.160616,-0.500001,-1.000851,1.570025,0.006768,-0.000534,-0.000000,0.000000,0.848110,1.006950,0.794233,0.134427,0.078956,0.084488,0.001918,-0.039697,0.409409,,,,,,,,,
49664,,,,,,,,,,,,,,,,,,,,-0.537144,-0.986717,1.159946,,,,,,
49670,,,,,,,,,-0.000000,0.000000,,,0.668267,0.113107,0.080251,0.084880,,,,-0.537140,-0.986723,1.163256,,,,,,
49680,,,,,,,,,-0.000000,0.000000,,,0.562280,0.095168,0.081368,0.085242,,,,-0.537161,-0.986765,1.163256,,,,,,
49690,,,,,,,,,-0.000000,0.000000,,,0.473102,0.080074,0.082335,0.085578,,,,-0.537218,-0.986796,1.163256,,,,,,
49700,,,,,,,,,-0.000000,0.000000,,,0.398068,0.067375,0.083175,0.085893,,,,-0.537233,-0.986816,1.163288,,,,,,
49711,-0.537228,-0.986813,1.163064,-0.500000,-1.000602,1.570012,0.005540,-0.000321,-0.000000,0.000000,0.844623,0.974473,0.334935,0.056689,0.083874,0.085859,0.002103,-0.039643,0.406949,,,,,,,,,
49714,,,,,,,,,,,,,,,,,,,,-0.537204,-0.986839,1.163256,,,,,,
49720,,,,,,,,,-0.000000,0.000000,,,0.281814,0.047698,0.084518,0.086134,,,,-0.537199,-0.986863,1.163256,,,,,,
49730,,,,,,,,,-0.000000,0.000000,,,0.237118,0.040133,0.085086,0.086397,,,,-0.537203,-0.986884,1.163256,,,,,,
49740,,,,,,,,,-0.000000,0.000000,,,0.199511,0.033768,0.085591,0.086648,,,,-0.537206,-0.986892,1.163256,,,,,,
49750,,,,,,,,,-0.000000,0.000000,,,0.167869,0.028412,0.086043,0.086891,,,,-0.537192,-0.986862,1.163256,,,,,,
49760,-0.537195,-0.986858,1.163240,-0.500000,-1.000407,1.570006,0.004424,-0.000182,,,0.849789,0.953843,0.141245,0.023906,0.086450,0.087126,0.002304,-0.039519,0.406766,,,,,,,,,
49763,,,,,,,,,-0.000000,0.000000,,,,,,,,,,-0.537173,-0.986815,1.163256,,,,,,
49770,,,,,,,,,0.027467,-0.652434,,,0.663387,0.020115,0.081317,0.087145,,,,-0.537147,-0.986751,1.159946,,,,,,
49780,,,,,,,,,-0.000000,0.000000,,,0.558173,0.016924,0.082428,0.087364,,,,-0.537101,-0.986643,1.156639,,,,,,
49790,,,,,,,,,0.027467,-0.652434,,,1.014190,0.014240,0.077835,0.087579,,,,-0.537046,-0.986498,1.153335,,,,,,
49800,,,,,,,,,0.027467,-0.652434,,,1.397883,0.011982,0.073888,0.087790,,,,-0.536980,-0.986340,1.150036,,,,,,
49811,-0.536951,-0.986278,1.148406,-0.500000,-1.000258,1.570003,0.003422,-0.000095,-0.000000,0.000000,0.827275,0.910945,1.176178,0.010081,0.075810,0.087560,0.002396,-0.039434,0.421597,,,,,,,,,
49814,,,,,,,,,,,,,,,,,,,,-0.536897,-0.986113,1.143446,,,,,,
49820,,,,,,,,,0.027467,-0.652434,,,1.534180,0.008483,0.072089,0.087756,,,,-0.536849,-0.985879,1.140139,,,,,,
49830,,,,,,,,,0.027467,0.652434,,,1.290859,0.551680,0.074429,0.082396,,,,-0.536808,-0.985674,1.136880,,,,,,
49840,,,,,,,,,-0.000000,0.000000,,,1.086128,0.464184,0.076425,0.083361,,,,-0.536774,-0.985541,1.136880,,,,,,
49850,,,,,,,,,-0.000000,0.000000,,,0.913868,0.390564,0.078130,0.084201,,,,-0.536740,-0.985453,1.136880,,,,,,
49861,-0.536758,-0.985523,1.137847,-0.500000,-1.000150,1.570001,0.002540,-0.000045,-0.000000,0.000000,0.715216,0.778992,0.768929,0.328621,0.078448,0.083591,0.002144,-0.039503,0.432154,,,,,,,,,
49864,,,,,,,,,,,,,,,,,,,,-0.536708,-0.985383,1.136880,,,,,,
49870,,,,,,,,,-0.000000,0.000000,,,0.646976,0.276501,0.079681,0.084213,,,,-0.536680,-0.985362,1.136853,,,,,,
49880,,,,,,,,,-0.000000,0.000000,,,0.544366,0.232648,0.080742,0.084760,,,,-0.536678,-0.985377,1.140139,,,,,,
49890,,,,,,,,,-0.000000,0.000000,,,0.458029,0.195750,0.081656,0.085246,,,,-0.536690,-0.985404,1.140166,,,,,,
49900,,,,,,,,,-0.000000,0.000000,,,0.385386,0.164704,0.082449,0.085679,,,,-0.536705,-0.985424,1.140166,,,,,,
49911,-0.536709,-0.985432,1.139971,-0.500000,-1.000078,1.570001,0.001782,-0.000018,-0.000000,0.000000,0.647976,0.692575,0.324264,0.138582,0.082452,0.085187,0.002023,-0.039471,0.430030,,,,,,,,,
49914,,,,,,,,,,,,,,,,,,,,-0.536724,-0.985474,1.140166,,,,,,
49920,,,,,,,,,-0.000000,0.000000,,,0.272835,0.116603,0.083042,0.085522,,,,-0.536718,-0.985463,1.140166,,,,,,
49930,,,,,,,,,-0.000000,0.000000,,,0.229564,0.098110,0.083558,0.085826,,,,-0.536718,-0.985463,1.140166,,,,,,
49940,,,,,,,,,-0.000000,0.000000,,,0.193155,0.082549,0.084013,0.086104,,,,-0.536710,-0.985458,1.140166,,,,,,
49950,,,,,,,,,-0.000000,0.000000,,,0.162520,0.069457,0.084417,0.086359,,,,-0.536713,-0.985468,1.140166,,,,,,
49961,-0.536713,-0.985465,1.140149,-0.500000,-1.000033,1.570001,0.001152,-0.000006,,,0.638266,0.667117,,,,,0.002088,-0.039442,0.429852,,,,,,,,,
49967,,,,,,,,,-0.000000,0.000000,,,0.136745,0.058441,0.084678,0.086336,,,,-0.536715,-0.985464,1.140166,,,,,,
49970,,,,,,,,,-0.000000,0.000000,,,0.115057,0.049172,0.084999,0.086553,,,,-0.536717,-0.985460,1.140166,,,,,,
49980,,,,,,,,,-0.000000,0.000000,,,0.096809,0.041374,0.085290,0.086756,,,,-0.536715,-0.985457,1.140166,,,,,,
49990,,,,,,,,,-0.000000,0.000000,,,0.081455,0.034812,0.085555,0.086948,,,,-0.536717,-0.985459,1.140166,,,,,,
50000,,,,,,,,,-0.000000,0.000000,,,0.068536,0.029291,0.085798,0.087131,,,,-0.536715,-0.985464,1.140166,,,,,,
50011,-0.536715,-0.985464,1.140164,-0.500000,-1.000010,1.570001,0.000655,-0.000001,-0.000000,0.000000,0.622053,0.638470,0.057666,0.024645,0.085857,0.087013,0.002109,-0.039435,0.429837,,,,,,,,,
50014,,,,,,,,,,,,,,,,,,,,-0.536706,-0.985465,1.140166,,,,,,
50020,,,,,,,,,0.027467,-0.652434,,,0.593064,0.020736,0.080509,0.087176,,,,-0.536716,-0.985469,1.140166,,,,,,
50030,,,,,,,,,-0.000000,0.000000,,,0.499004,0.017448,0.081474,0.087333,,,,-0.536702,-0.985430,1.136912,,,,,,
50040,,,,,,,,,0.027467,-0.652434,,,0.964405,0.014680,0.076752,0.087486,,,,-0.536627,-0.985241,1.133571,,,,,,
50050,,,,,,,,,-0.000000,0.000000,,,0.811450,0.012352,0.078244,0.087634,,,,-0.536566,-0.985041,1.130271,,,,,,
50061,-0.536579,-0.985076,1.131102,-0.500000,-1.000001,1.570001,0.000294,-0.000000,0.027467,-0.652434,0.593745,0.601269,1.227297,0.010393,0.073675,0.087400,0.002065,-0.039452,0.438899,,,,,,,,,
50064,,,,,,,,,,,,,,,,,,,,-0.536521,-0.984841,1.126996,,,,,,
50080,,,,,,,,,0.027467,-0.652434,,,0.868870,0.007358,0.077117,0.087667,,,,-0.536382,-0.984402,1.117175,,,,,,
50090,,,,,,,,,-0.000000,0.000000,,,1.275610,0.006191,0.072913,0.087798,,,,-0.536311,-0.984206,1.113913,,,,,,
50100,,,,,,,,,-0.000000,0.000000,,,1.073298,0.005209,0.074840,0.087927,,,,-0.536260,-0.984079,1.113913,,,,,,
50111,-0.536287,-0.984163,1.115356,-0.500000,-1.000000,1.570001,0.000074,-0.000000,-0.000000,0.000000,0.492102,0.494062,0.903073,0.004383,0.075444,0.086961,0.001738,-0.039554,0.454645,,,,,,,,,
50114,,,,,,,,,,,,,,,,,,,,-0.536245,-0.984033,1.110655,,,,,,
50120,,,,,,,,,-0.000000,0.000000,,,0.759845,0.003688,0.076823,0.087066,,,,-0.536255,-0.984024,1.107414,,,,,,
50130,,,,,,,,,0.027467,-0.652434,,,1.183877,0.003103,0.072444,0.087170,,,,-0.536242,-0.984005,1.107399,,,,,,
50140,,,,,,,,,0.027467,-0.652434,,,1.540657,0.002611,0.068666,0.087274,,,,-0.536241,-0.984006,1.107414,,,,,,
50150,,,,,,,,,-0.000000,0.000000,,,1.296309,0.002197,0.070949,0.087376,,,,-0.536268,-0.984032,1.107414,,,,,,
50161,-0.536270,-0.984043,1.108080,,,,,,,,,,,,,,,,,,,,,,,,,
