ts,x,y,yaw,x_des,y_des,yaw_des,v_ff,w_ff,v_actual,w_actual,omega_l_cmd,omega_r_cmd,omega_l_meas,omega_r_meas,duty_l,duty_r,x_err,y_err,yaw_err,x_raw,y_raw,yaw_raw,acc_x,acc_y,acc_z,gyro_x,gyro_y,gyro_z
365543,,,,,,,,,-0.000000,0.000000,,,,,,,,,,,,,,,,,,
365547,,,,,,,,,,,,,0.000000,0.000000,0.000000,0.000000,,,,-0.055800,-0.977973,1.230200,,,,,,
365553,,,,,,,,,-0.000000,0.000000,,,,,,,,,,,,,,,,,,
365557,,,,,,,,,,,,,0.000000,0.000000,0.000000,0.000000,,,,-0.055807,-0.977953,1.230200,,,,,,
365563,,,,,,,,,-0.000000,0.000000,,,,,,,,,,,,,,,,,,
365567,,,,,,,,,,,,,0.000000,0.000000,0.000000,0.000000,,,,-0.055802,-0.977970,1.230186,,,,,,
365573,,,,,,,,,-0.000000,0.000000,,,,,,,,,,,,,,,,,,
365577,,,,,,,,,,,,,0.000000,0.000000,0.000000,0.000000,,,,-0.055794,-0.977978,1.230200,,,,,,
365583,,,,,,,,,-0.000000,0.000000,,,,,,,,,,,,,,,,,,
365587,,,,,,,,,,,,,0.000000,0.000000,0.000000,0.000000,,,,-0.055795,-0.977975,1.230200,,,,,,
365594,-0.055795,-0.977975,1.230200,-0.001836,-0.971674,1.682211,0.286078,1.123658,-0.000000,0.000000,16.142248,29.505821,,,,,0.023964,-0.048755,0.452012,,,,,,,,,
365597,,,,,,,,,,,,,0.000000,0.000000,0.164651,0.300959,,,,-0.055799,-0.977974,1.230200,,,,,,
365603,,,,,,,,,-0.000000,0.000000,,,,,,,,,,,,,,,,,,
365609,,,,,,,,,,,,,0.000000,0.501236,0.167879,0.301748,,,,-0.055800,-0.977971,1.230186,,,,,,
365613,,,,,,,,,0.109749,2.606869,,,,,,,,,,,,,,,,,,
365616,,,,,,,,,,,,,0.596498,4.000730,0.165024,0.271854,,,,-0.055836,-0.977991,1.233581,,,,,,
365623,,,,,,,,,0.192754,3.270347,,,,,,,,,,,,,,,,,,
365627,,,,,,,,,,,,,1.047419,7.184889,0.163533,0.244477,,,,-0.055699,-0.977962,1.240368,,,,,,
365633,,,,,,,,,0.247380,3.264456,,,,,,,,,,,,,,,,,,
365637,,,,,,,,,,,,,1.424483,9.847662,0.162706,0.221781,,,,-0.055380,-0.977072,1.243866,,,,,,
365644,-0.055138,-0.976154,1.256330,-0.004685,-0.950614,1.725241,0.381561,0.954157,0.185013,2.197303,24.779625,40.207169,,,,,0.039893,-0.040079,0.468911,,,,,,,,,
365647,,,,,,,,,,,,,2.287102,11.551448,0.244952,0.317487,,,,-0.054971,-0.975927,1.250685,,,,,,
365653,,,,,,,,,0.269785,4.806145,,,,,,,,,,,,,,,,,,
365657,,,,,,,,,,,,,3.559632,12.989917,0.236471,0.308546,,,,-0.054433,-0.974725,1.264299,,,,,,
365663,,,,,,,,,0.275391,2.616539,,,,,,,,,,,,,,,,,,
365669,,,,,,,,,,,,,4.010350,12.960266,0.236118,0.314292,,,,,,,,,,,,
365673,,,,,,,,,0.328231,2.598822,,,,,,,,,,,,,,,,,,
365677,,,,,,,,,,,,,6.898859,18.541294,0.210809,0.262815,,,,-0.053010,-0.971142,1.295327,,,,,,
365683,,,,,,,,,0.412053,3.262497,,,,,,,,,,,,,,,,,,
365687,,,,,,,,,,,,,7.982436,21.044985,0.203332,0.241610,,,,-0.052233,-0.968878,1.312736,,,,,,
365694,-0.052063,-0.967810,1.321690,-0.009029,-0.925637,1.758086,0.467199,0.762906,0.376170,2.233790,32.930553,48.953945,,,,,0.051481,-0.031309,0.436396,,,,,,,,,
365697,,,,,,,,,,,,,9.436688,22.059675,0.274998,0.324310,,,,-0.051276,-0.966006,1.330261,,,,,,
365703,,,,,,,,,0.364422,2.360755,,,,,,,,,,,,,,,,,,
365707,,,,,,,,,,,,,11.205002,24.002630,0.261660,0.309871,,,,-0.050411,-0.963063,1.344373,,,,,,
365713,,,,,,,,,0.494019,2.607650,,,,,,,,,,,,,,,,,,
365717,,,,,,,,,,,,,13.777708,25.633087,0.239763,0.298230,,,,-0.049478,-0.959448,1.365697,,,,,,
365723,,,,,,,,,0.494612,1.305390,,,,,,,,,,,,,,,,,,
365730,,,,,,,,,,,,,15.417944,27.305750,0.226864,0.285833,,,,-0.048592,-0.955710,1.383599,,,,,,
365733,,,,,,,,,0.494316,2.609215,,,,,,,,,,,,,,,,,,
365737,,,,,,,,,,,,,17.415316,28.687046,0.209993,0.276074,,,,-0.047529,-0.951428,1.401623,,,,,,
365744,-0.047523,-0.950765,1.405861,-0.014805,-0.897035,1.779629,0.545988,0.547042,0.446855,2.793194,40.653606,55.717339,,,,,0.058372,-0.023452,0.373768,,,,,,,,,
365747,,,,,,,,,,,,,19.008718,30.126053,0.275618,0.334436,,,,-0.046446,-0.946925,1.419810,,,,,,
365753,,,,,,,,,0.626885,0.783704,,,,,,,,,,,,,,,,,,
365757,,,,,,,,,,,,,20.898254,31.887152,0.260674,0.321591,,,,-0.045580,-0.942294,1.438127,,,,,,
365763,,,,,,,,,0.631942,1.957890,,,,,,,,,,,,,,,,,,
365769,,,,,,,,,,,,,20.593977,30.843430,0.267729,0.337003,,,,,,,,,,,,
365773,,,,,,,,,0.603139,2.604787,,,,,,,,,,,,,,,,,,
365777,,,,,,,,,,,,,25.057690,37.249233,0.226211,0.276639,,,,-0.043588,-0.931395,1.478943,,,,,,
365783,,,,,,,,,0.661137,2.617327,,,,,,,,,,,,,,,,,,
365787,,,,,,,,,,,,,26.528423,38.964344,0.214329,0.262838,,,,-0.042625,-0.925561,1.497754,,,,,,
365794,-0.042752,-0.924917,1.501019,-0.021809,-0.864917,1.789212,0.620786,0.312391,0.587665,0.558352,48.214329,60.672920,,,,,0.061314,-0.016709,0.288192,,,,,,,,,
365797,,,,,,,,,,,,,28.325397,40.426540,0.275944,0.301821,,,,-0.041746,-0.919652,1.524368,,,,,,
365803,,,,,,,,,0.792046,4.703357,,,,,,,,,,,,,,,,,,
365807,,,,,,,,,,,,,29.818771,41.633156,0.264689,0.293563,,,,-0.041095,-0.913419,1.543587,,,,,,
365813,,,,,,,,,0.686618,1.957107,,,,,,,,,,,,,,,,,,
365817,,,,,,,,,,,,,31.072905,42.645359,0.255576,0.287046,,,,-0.040532,-0.906573,1.566921,,,,,,
365823,,,,,,,,,0.741770,1.957693,,,,,,,,,,,,,,,,,,
365829,,,,,,,,,,,,,29.670593,40.415043,0.273308,0.313401,,,,-0.040030,-0.899670,1.586392,,,,,,
365833,,,,,,,,,0.741622,1.957302,,,,,,,,,,,,,,,,,,
365837,,,,,,,,,,,,,35.050064,46.463440,0.222146,0.255759,,,,-0.039824,-0.892764,1.601856,,,,,,
365844,-0.040005,-0.892351,1.601601,-0.029719,-0.829246,1.786863,0.694035,0.071010,0.610388,1.115273,56.196224,64.375381,,,,,0.062759,-0.012225,0.185262,,,,,,,,,
365847,,,,,,,,,,,,,36.569473,47.806152,0.290696,0.282670,,,,-0.039822,-0.885191,1.621001,,,,,,
365853,,,,,,,,,0.957400,2.352526,,,,,,,,,,,,,,,,,,
365857,,,,,,,,,,,,,37.859955,48.405327,0.281459,0.279873,,,,-0.040004,-0.877637,1.636221,,,,,,
365863,,,,,,,,,0.825593,1.307353,,,,,,,,,,,,,,,,,,
365867,,,,,,,,,,,,,39.435757,49.391544,0.269053,0.273007,,,,-0.040145,-0.870374,1.655136,,,,,,
365873,,,,,,,,,0.796318,0.652238,,,,,,,,,,,,,,,,,,
365877,,,,,,,,,,,,,40.829319,49.752407,0.258191,0.272323,,,,-0.040641,-0.862438,1.662641,,,,,,
365883,,,,,,,,,0.852003,0.652826,,,,,,,,,,,,,,,,,,
365889,,,,,,,,,,,,,38.922100,46.429985,0.280718,0.309137,,,,-0.041129,-0.854883,1.681304,,,,,,
365894,-0.041216,-0.854457,1.677352,-0.038114,-0.789875,1.773337,0.767646,-0.162389,0.657454,1.115462,63.949856,67.499954,,,,,0.063886,-0.009953,0.095985,,,,,,,,,
365897,,,,,,,,,,,,,45.099636,52.593014,0.300249,0.281733,,,,-0.041766,-0.846729,1.688720,,,,,,
365903,,,,,,,,,1.089063,0.783893,,,,,,,,,,,,,,,,,,
365907,,,,,,,,,,,,,46.116608,52.966190,0.293646,0.280908,,,,-0.042405,-0.837853,1.699788,,,,,,
365913,,,,,,,,,0.906518,0.652499,,,,,,,,,,,,,,,,,,
365917,,,,,,,,,,,,,47.496941,53.803581,0.283133,0.275274,,,,-0.043233,-0.829234,1.707085,,,,,,
365923,,,,,,,,,0.879135,0.000000,,,,,,,,,,,,,,,,,,
365930,,,,,,,,,,,,,48.665009,54.454807,0.274509,0.271371,,,,-0.044037,-0.820819,1.710784,,,,,,
365933,,,,,,,,,0.905340,0.651653,,,,,,,,,,,,,,,,,,
365937,,,,,,,,,,,,,50.305286,54.552921,0.260835,0.272979,,,,-0.045061,-0.811946,1.718125,,,,,,
365944,-0.045206,-0.811744,1.717433,-0.046502,-0.746596,1.749995,0.842989,-0.374039,0.742114,0.000000,71.065514,70.611015,,,,,0.064638,-0.008237,0.032562,,,,,,,,,
365947,,,,,,,,,,,,,51.030849,55.148808,0.328743,0.301223,,,,-0.046135,-0.802887,1.718143,,,,,,
365953,,,,,,,,,1.217470,0.000000,,,,,,,,,,,,,,,,,,
365957,,,,,,,,,,,,,52.747955,56.212807,0.315236,0.293463,,,,-0.047417,-0.794084,1.725439,,,,,,
365963,,,,,,,,,0.988829,0.000000,,,,,,,,,,,,,,,,,,
365967,,,,,,,,,,,,,54.190765,57.106091,0.304182,0.287231,,,,-0.048817,-0.785161,1.721798,,,,,,
365973,,,,,,,,,0.960689,-0.651978,,,,,,,,,,,,,,,,,,
365977,,,,,,,,,,,,,55.399841,57.308144,0.295225,0.287871,,,,-0.050173,-0.776132,1.721797,,,,,,
365983,,,,,,,,,0.960785,-0.652043,,,,,,,,,,,,,,,,,,
365989,,,,,,,,,,,,,56.659416,57.260460,0.285510,0.291018,,,,-0.051632,-0.766610,1.718133,,,,,,
365994,-0.051627,-0.766402,1.715340,-0.054341,-0.699187,1.718589,0.920912,-0.553737,0.777515,-0.559645,77.837944,74.909454,,,,,0.066905,-0.006996,0.003250,,,,,,,,,
365997,,,,,,,,,,,,,57.772762,57.684387,0.346114,0.333208,,,,-0.052902,-0.756618,1.718140,,,,,,
366003,,,,,,,,,1.284604,-0.782390,,,,,,,,,,,,,,,,,,
366007,,,,,,,,,,,,,58.963562,58.889202,0.337981,0.324364,,,,-0.054176,-0.746904,1.710816,,,,,,
366013,,,,,,,,,1.069414,-0.651328,,,,,,,,,,,,,,,,,,
366017,,,,,,,,,,,,,60.491917,59.341354,0.326167,0.322956,,,,-0.055425,-0.737186,1.710821,,,,,,
366023,,,,,,,,,1.073701,-0.653939,,,,,,,,,,,,,,,,,,
366028,,,,,,,,,,,,,61.792023,60.823940,0.316375,0.310947,,,,-0.056785,-0.726898,1.707149,,,,,,
366033,,,,,,,,,1.068774,-0.650936,,,,,,,,,,,,,,,,,,
366037,,,,,,,,,,,,,62.885933,61.526680,0.308426,0.306596,,,,-0.057880,-0.716388,1.703469,,,,,,
366044,-0.057936,-0.716138,1.701733,-0.061061,-0.647458,1.681023,1.001749,-0.696081,0.821628,0.000000,84.441025,79.282227,,,,,0.068500,-0.005869,-0.020710,,,,,,,,,
366051,,,,,,,,,1.484542,-0.820052,,,63.551151,61.981918,0.371983,0.349232,,,,-0.059220,-0.705909,1.692415,,,,,,
366057,,,,,,,,,,,,,64.837097,62.759071,0.363044,0.344765,,,,-0.060510,-0.695349,1.688673,,,,,,
366063,,,,,,,,,1.127972,-0.653481,,,,,,,,,,,,,,,,,,
366067,,,,,,,,,,,,,66.535072,64.242027,0.349645,0.332943,,,,-0.061764,-0.684619,1.681279,,,,,,
366073,,,,,,,,,1.154905,-1.306305,,,,,,,,,,,,,,,,,,
366077,,,,,,,,,,,,,67.938637,64.922356,0.338910,0.329012,,,,-0.062996,-0.673873,1.677572,,,,,,
366083,,,,,,,,,1.149954,-1.300706,,,,,,,,,,,,,,,,,,
366089,,,,,,,,,,,,,63.656326,60.618984,0.385890,0.375778,,,,-0.064199,-0.662943,1.670128,,,,,,
366094,-0.064160,-0.662606,1.667326,-0.066091,-0.591288,1.639138,1.085320,-0.800367,0.799909,0.000000,90.979439,84.666161,,,,,0.071172,-0.004951,-0.028188,,,,,,,,,
366097,,,,,,,,,,,,,70.326653,67.172241,0.388702,0.367584,,,,-0.065405,-0.651149,1.658872,,,,,,
366103,,,,,,,,,1.521561,-1.571374,,,,,,,,,,,,,,,,,,
366107,,,,,,,,,,,,,71.703598,67.959846,0.378788,0.363049,,,,-0.066281,-0.639956,1.655134,,,,,,
366113,,,,,,,,,1.236902,-0.652892,,,,,,,,,,,,,,,,,,
366117,,,,,,,,,,,,,72.850883,69.156563,0.370940,0.354184,,,,-0.067118,-0.627959,1.643842,,,,,,
366123,,,,,,,,,1.262494,-1.303825,,,,,,,,,,,,,,,,,,
366127,,,,,,,,,,,,,74.381462,70.182663,0.358954,0.346820,,,,-0.067870,-0.616141,1.632466,,,,,,
366133,,,,,,,,,1.263630,-1.305000,,,,,,,,,,,,,,,,,,
366137,,,,,,,,,,,,,75.639229,70.474525,0.349445,0.346739,,,,-0.068602,-0.603808,1.624852,,,,,,
366144,-0.068577,-0.603452,1.622943,-0.068880,-0.530647,1.594562,1.170943,-0.869581,0.983994,-1.112988,97.009201,90.205536,,,,,0.072721,-0.003492,-0.028381,,,,,,,,,
366151,,,,,,,,,1.327573,0.000000,,,70.768173,69.775688,0.463701,0.413207,,,,-0.069422,-0.591676,1.613366,,,,,,
366158,,,,,,,,,,,,,78.576317,70.889725,0.389306,0.405930,,,,-0.070134,-0.579231,1.597976,,,,,,
366163,,,,,,,,,1.347389,-1.959458,,,,,,,,,,,,,,,,,,
366167,,,,,,,,,,,,,80.496590,72.922745,0.373406,0.389057,,,,-0.070502,-0.566844,1.590268,,,,,,
366173,,,,,,,,,1.344159,-0.651587,,,,,,,,,,,,,,,,,,
366177,,,,,,,,,,,,,81.869560,74.409256,0.362704,0.377351,,,,-0.070919,-0.554617,1.578605,,,,,,
366183,,,,,,,,,1.372550,-1.304086,,,,,,,,,,,,,,,,,,
366187,,,,,,,,,,,,,82.506790,75.139954,0.359232,0.373057,,,,-0.071059,-0.541460,1.566901,,,,,,
366194,-0.070967,-0.540904,1.566138,-0.068920,-0.465625,1.548635,1.257475,-0.908977,1.061522,-0.560319,102.875267,96.634552,,,,,0.075288,-0.001697,-0.017503,,,,,,,,,
366197,,,,,,,,,,,,,83.524323,76.241013,0.411588,0.430415,,,,-0.071133,-0.527990,1.551325,,,,,,
366203,,,,,,,,,1.745326,-0.782201,,,,,,,,,,,,,,,,,,
366209,,,,,,,,,,,,,77.874214,71.746040,0.473089,0.480343,,,,-0.070948,-0.514254,1.539729,,,,,,
366213,,,,,,,,,1.175693,-1.948341,,,,,,,,,,,,,,,,,,
366217,,,,,,,,,,,,,85.038910,78.699905,0.405009,0.414391,,,,-0.070655,-0.501066,1.532033,,,,,,
366223,,,,,,,,,1.456942,-0.652956,,,,,,,,,,,,,,,,,,
366227,,,,,,,,,,,,,86.251450,80.373383,0.396209,0.400908,,,,-0.070401,-0.487396,1.520545,,,,,,
366233,,,,,,,,,1.486216,0.000000,,,,,,,,,,,,,,,,,,
366237,,,,,,,,,,,,,87.834427,81.798447,0.383387,0.389625,,,,-0.069845,-0.473739,1.512932,,,,,,
366244,-0.069884,-0.473140,1.517395,-0.065768,-0.396432,1.502387,1.343390,-0.924698,1.126582,-1.114988,108.627579,102.487526,,,,,0.076818,-0.000016,-0.015008,,,,,,,,,
366251,,,,,,,,,1.524682,1.574597,,,82.946579,77.437302,0.494925,0.496776,,,,-0.069210,-0.459630,1.505355,,,,,,
366257,,,,,,,,,,,,,88.957512,85.796333,0.438750,0.416524,,,,-0.068224,-0.445312,1.493990,,,,,,
366263,,,,,,,,,1.507696,-0.651132,,,,,,,,,,,,,,,,,,
366267,,,,,,,,,,,,,90.129669,87.469849,0.430728,0.402792,,,,-0.066920,-0.430544,1.490205,,,,,,
366273,,,,,,,,,1.541570,-1.307746,,,,,,,,,,,,,,,,,,
366277,,,,,,,,,,,,,91.625267,88.298317,0.419172,0.397346,,,,-0.065685,-0.415814,1.482687,,,,,,
366283,,,,,,,,,1.509504,-0.651913,,,,,,,,,,,,,,,,,,
366287,,,,,,,,,,,,,92.893143,88.459396,0.409640,0.398540,,,,-0.064192,-0.400608,1.471469,,,,,,
366294,-0.064222,-0.400377,1.472585,-0.059060,-0.323400,1.456573,1.426896,-0.922710,1.362334,2.231690,113.952301,107.762360,,,,,0.077112,0.002411,-0.016013,,,,,,,,,
366297,,,,,,,,,,,,,93.928375,89.110367,0.456540,0.448509,,,,-0.062837,-0.386015,1.456618,,,,,,
366303,,,,,,,,,1.822330,-7.083123,,,,,,,,,,,,,,,,,,
366310,,,,,,,,,,,,,91.660103,87.606232,0.483681,0.467582,,,,-0.061079,-0.370819,1.449170,,,,,,
366313,,,,,,,,,1.313841,0.000000,,,,,,,,,,,,,,,,,,
366317,,,,,,,,,,,,,94.482712,89.831787,0.459349,0.448913,,,,-0.059446,-0.356530,1.438128,,,,,,
366323,,,,,,,,,1.652676,-1.308533,,,,,,,,,,,,,,,,,,
366327,,,,,,,,,,,,,96.949303,91.399933,0.438084,0.436503,,,,-0.057426,-0.341459,1.423477,,,,,,
366333,,,,,,,,,1.642956,-1.300838,,,,,,,,,,,,,,,,,,
366337,,,,,,,,,,,,,98.405159,92.649979,0.426634,0.427025,,,,-0.055236,-0.326086,1.412522,,,,,,
366344,-0.055094,-0.325485,1.412108,-0.048529,-0.246972,1.411713,1.506065,-0.908155,1.317611,-1.117757,118.492638,113.957573,,,,,0.078564,0.005924,-0.000395,,,,,,,,,
366352,,,,,,,,,1.521744,-1.571563,,,92.643677,87.391037,0.534822,0.546880,,,,-0.052707,-0.310096,1.398031,,,,,,
366357,,,,,,,,,,,,,101.527199,94.668648,0.449380,0.477962,,,,-0.050022,-0.293851,1.383623,,,,,,
366363,,,,,,,,,1.702984,-1.304869,,,,,,,,,,,,,,,,,,
366367,,,,,,,,,,,,,102.768837,96.456062,0.440109,0.463588,,,,-0.047443,-0.277944,1.369263,,,,,,
366373,,,,,,,,,1.702813,-1.304739,,,,,,,,,,,,,,,,,,
366377,,,,,,,,,,,,,103.944000,98.086357,0.431267,0.450460,,,,-0.044554,-0.262225,1.355005,,,,,,
366383,,,,,,,,,1.731837,-0.652956,,,,,,,,,,,,,,,,,,
366387,,,,,,,,,,,,,104.857750,99.385406,0.424856,0.440383,,,,-0.041342,-0.246591,1.347984,,,,,,
366394,-0.041214,-0.246059,1.350627,-0.034010,-0.167691,1.368159,1.578967,-0.885073,1.391893,-0.560365,121.825027,119.418175,,,,,0.078049,0.010085,0.017532,,,,,,,,,
366397,,,,,,,,,,,,,105.677109,99.982063,0.453216,0.492910,,,,-0.037913,-0.230284,1.337362,,,,,,
366403,,,,,,,,,2.195040,-0.778191,,,,,,,,,,,,,,,,,,
366409,,,,,,,,,,,,,98.645264,93.853455,0.528171,0.559309,,,,-0.034202,-0.213793,1.326750,,,,,,
366413,,,,,,,,,1.291746,-0.652827,,,,,,,,,,,,,,,,,,
366417,,,,,,,,,,,,,104.457085,99.845337,0.473526,0.503305,,,,-0.030398,-0.197114,1.319733,,,,,,
366423,,,,,,,,,1.783959,-0.651912,,,,,,,,,,,,,,,,,,
366427,,,,,,,,,,,,,105.915985,101.489426,0.462119,0.490450,,,,-0.026310,-0.180403,1.309227,,,,,,
366433,,,,,,,,,1.812854,0.000000,,,,,,,,,,,,,,,,,,
366437,,,,,,,,,,,,,107.634018,103.364914,0.447777,0.474906,,,,-0.022081,-0.163936,1.305844,,,,,,
366444,-0.022000,-0.163411,1.309600,-0.015447,-0.086170,1.326139,1.643806,-0.856364,1.458783,-1.117757,125.228416,123.145241,,,,,0.076313,0.013616,0.016539,,,,,,,,,
366447,,,,,,,,,,,,,109.075867,104.939354,0.470623,0.500073,,,,-0.017710,-0.148332,1.299045,,,,,,
366453,,,,,,,,,2.381860,0.000000,,,,,,,,,,,,,,,,,,
366457,,,,,,,,,,,,,109.742752,106.806725,0.467051,0.484667,,,,-0.012884,-0.130718,1.299034,,,,,,
366463,,,,,,,,,1.809054,0.000000,,,,,,,,,,,,,,,,,,
366469,,,,,,,,,,,,,102.648903,99.662964,0.542505,0.560801,,,,,,,,,,,,
366473,,,,,,,,,1.346041,-0.652501,,,,,,,,,,,,,,,,,,
366477,,,,,,,,,,,,,108.837227,105.748749,0.483900,0.503422,,,,-0.002820,-0.095652,1.284951,,,,,,
366483,,,,,,,,,1.899435,-0.653871,,,,,,,,,,,,,,,,,,
366487,,,,,,,,,,,,,110.682404,107.537857,0.468358,0.488653,,,,0.002382,-0.078435,1.281483,,,,,,
366494,0.002517,-0.077901,1.281098,0.007108,-0.003076,1.285812,1.699018,-0.823915,1.489201,-0.561474,128.183517,125.264145,,,,,0.073018,0.016975,0.004714,,,,,,,,,
366497,,,,,,,,,,,,,112.152924,108.963539,0.486410,0.498845,,,,0.007539,-0.061363,1.278031,,,,,,
366503,,,,,,,,,2.420907,0.000000,,,,,,,,,,,,,,,,,,
366507,,,,,,,,,,,,,112.883629,110.200081,0.482163,0.489493,,,,0.012942,-0.044373,1.278059,,,,,,
366513,,,,,,,,,1.897723,-0.653282,,,,,,,,,,,,,,,,,,
366517,,,,,,,,,,,,,114.001244,111.199844,0.473823,0.482308,,,,0.018956,-0.026155,1.274585,,,,,,
366523,,,,,,,,,1.870595,0.000000,,,,,,,,,,,,,,,,,,
366529,,,,,,,,,,,,,110.687233,107.837921,0.510462,0.519412,,,,0.024722,-0.007709,1.267740,,,,,,
366533,,,,,,,,,1.453451,-0.651392,,,,,,,,,,,,,,,,,,
366537,,,,,,,,,,,,,112.667404,109.659523,0.493764,0.504317,,,,0.030249,0.010115,1.260852,,,,,,
366544,0.029753,0.008546,1.259818,0.033496,0.080902,1.247301,1.743348,-0.788767,1.476746,-0.539648,130.899933,126.393700,,,,,0.070031,0.018577,-0.012516,,,,,,,,,
366547,,,,,,,,,,,,,111.680870,109.150040,0.534637,0.524156,,,,0.036068,0.028067,1.257429,,,,,,
366553,,,,,,,,,2.395722,-0.824717,,,,,,,,,,,,,,,,,,
366557,,,,,,,,,,,,,114.130478,111.456116,0.513495,0.504083,,,,0.041834,0.045148,1.257420,,,,,,
366563,,,,,,,,,2.006129,-0.652760,,,,,,,,,,,,,,,,,,
366569,,,,,,,,,,,,,107.432892,104.686882,0.585164,0.576117,,,,,,,,,,,,
366573,,,,,,,,,1.346041,-0.652501,,,,,,,,,,,,,,,,,,
366577,,,,,,,,,,,,,113.938576,111.024376,0.523500,0.515816,,,,0.054119,0.082236,1.247176,,,,,,
366583,,,,,,,,,1.977461,-1.304739,,,,,,,,,,,,,,,,,,
366587,,,,,,,,,,,,,116.054352,112.511185,0.505311,0.503724,,,,0.060418,0.100837,1.240376,,,,,,
366594,0.060611,0.100914,1.236545,0.063460,0.165076,1.210724,1.775899,-0.751291,1.604629,0.000000,131.176147,125.356445,,,,,0.061545,0.018357,-0.025821,,,,,,,,,
366597,,,,,,,,,,,,,117.222313,114.241089,0.499184,0.478276,,,,0.067041,0.119417,1.236959,,,,,,
366603,,,,,,,,,2.556334,0.000000,,,,,,,,,,,,,,,,,,
366607,,,,,,,,,,,,,119.290428,116.238350,0.480880,0.460127,,,,0.073716,0.137466,1.233575,,,,,,
366613,,,,,,,,,2.004124,-1.956323,,,,,,,,,,,,,,,,,,
366617,,,,,,,,,,,,,120.557404,116.898224,0.470334,0.455220,,,,0.080352,0.155804,1.223475,,,,,,
366623,,,,,,,,,2.006129,-0.652760,,,,,,,,,,,,,,,,,,
366629,,,,,,,,,,,,,117.439720,109.360031,0.504258,0.533801,,,,0.087777,0.175801,1.213437,,,,,,
366633,,,,,,,,,1.484432,-2.611826,,,,,,,,,,,,,,,,,,
366637,,,,,,,,,,,,,119.145927,114.739700,0.489602,0.482127,,,,0.094795,0.195351,1.196666,,,,,,
366644,0.094307,0.193182,1.189076,0.096654,0.248785,1.176217,1.796155,-0.711340,1.544826,-1.111946,129.084534,124.933807,,,,,0.052476,0.018535,-0.012859,,,,,,,,,
366647,,,,,,,,,,,,,119.291245,115.039787,0.469192,0.476879,,,,0.101888,0.214157,1.186754,,,,,,
366653,,,,,,,,,2.500984,-0.792077,,,,,,,,,,,,,,,,,,
366657,,,,,,,,,,,,,121.051872,116.386261,0.453192,0.465124,,,,0.109530,0.233842,1.176946,,,,,,
366663,,,,,,,,,2.025504,-1.300314,,,,,,,,,,,,,,,,,,
366668,,,,,,,,,,,,,122.049599,117.578102,0.444622,0.454677,,,,0.117174,0.252391,1.166908,,,,,,
366673,,,,,,,,,2.004725,-0.652303,,,,,,,,,,,,,,,,,,
366677,,,,,,,,,,,,,123.345917,118.496582,0.432806,0.446779,,,,0.124914,0.271052,1.157009,,,,,,
366683,,,,,,,,,2.004725,-0.652303,,,,,,,,,,,,,,,,,,
366689,,,,,,,,,,,,,119.961296,110.319855,0.468477,0.531469,,,,0.132630,0.289303,1.146736,,,,,,
366694,0.132679,0.288989,1.147565,0.132657,0.331417,1.143949,1.803975,-0.668383,1.133264,-3.364797,125.092857,122.157242,,,,,0.038675,0.017446,-0.003616,,,,,,,,,
366697,,,,,,,,,,,,,120.968384,115.802101,0.419314,0.450152,,,,0.140504,0.307486,1.136849,,,,,,
366703,,,,,,,,,2.632561,0.000000,,,,,,,,,,,,,,,,,,
366707,,,,,,,,,,,,,121.991508,117.644600,0.409703,0.432630,,,,0.148324,0.325153,1.126910,,,,,,
366713,,,,,,,,,1.953708,-0.653611,,,,,,,,,,,,,,,,,,
366717,,,,,,,,,,,,,122.245232,118.043259,0.407736,0.429466,,,,0.156771,0.343381,1.117161,,,,,,
366723,,,,,,,,,1.970957,0.000000,,,,,,,,,,,,,,,,,,
366729,,,,,,,,,,,,,113.743034,114.660828,0.495028,0.464789,,,,0.165739,0.361506,1.110789,,,,,,
366733,,,,,,,,,1.456505,0.652760,,,,,,,,,,,,,,,,,,
366737,,,,,,,,,,,,,119.867706,115.202965,0.434826,0.460759,,,,0.175080,0.380697,1.104235,,,,,,
366744,0.173975,0.378599,1.110600,0.170987,0.412426,1.114138,1.799565,-0.621597,1.586484,-0.562444,121.554733,119.691360,,,,,0.028981,0.017700,0.003538,,,,,,,,,
366747,,,,,,,,,,,,,120.976601,116.507912,0.388471,0.423687,,,,0.183908,0.398907,1.104177,,,,,,
366753,,,,,,,,,2.515755,-0.776063,,,,,,,,,,,,,,,,,,
366757,,,,,,,,,,,,,121.428604,117.123123,0.383976,0.418049,,,,0.192945,0.416766,1.091394,,,,,,
366763,,,,,,,,,1.923493,0.000000,,,,,,,,,,,,,,,,,,
366767,,,,,,,,,,,,,120.658600,117.579742,0.391856,0.413905,,,,0.202525,0.434944,1.094698,,,,,,
366773,,,,,,,,,1.892228,0.651392,,,,,,,,,,,,,,,,,,
366777,,,,,,,,,,,,,120.097900,117.507347,0.397754,0.415066,,,,0.211758,0.452612,1.091316,,,,,,
366783,,,,,,,,,1.900959,-0.654397,,,,,,,,,,,,,,,,,,
366789,,,,,,,,,,,,,111.606445,109.426750,0.484658,0.497925,,,,0.221279,0.470577,1.091306,,,,,,
366794,0.220961,0.469950,1.090180,0.211115,0.491344,1.087055,1.783426,-0.569947,1.011737,-0.558877,116.670219,114.367516,,,,,0.014419,0.018621,-0.003125,,,,,,,,,
366797,,,,,,,,,,,,,117.614944,114.595482,0.375539,0.392953,,,,0.230649,0.488012,1.091306,,,,,,
366803,,,,,,,,,2.542062,-0.784179,,,,,,,,,,,,,,,,,,
366807,,,,,,,,,,,,,118.570641,115.485352,0.365602,0.383831,,,,0.240053,0.505676,1.084972,,,,,,
366813,,,,,,,,,1.897723,-0.653282,,,,,,,,,,,,,,,,,,
366817,,,,,,,,,,,,,117.755035,115.704216,0.373541,0.381375,,,,0.249422,0.522721,1.091448,,,,,,
366823,,,,,,,,,1.839401,0.652109,,,,,,,,,,,,,,,,,,
366828,,,,,,,,,,,,,117.056183,115.330627,0.380453,0.384918,,,,0.258797,0.540239,1.088236,,,,,,
366833,,,,,,,,,1.809235,0.000000,,,,,,,,,,,,,,,,,,
366837,,,,,,,,,,,,,116.981491,115.529610,0.381137,0.382696,,,,0.268103,0.557344,1.085115,,,,,,
366844,0.267660,0.556740,1.085532,0.252483,0.567796,1.063034,1.756323,-0.512259,1.454174,0.000000,112.582138,108.421814,,,,,0.002701,0.018582,-0.022498,,,,,,,,,
366850,,,,,,,,,,,,,109.378387,108.156776,0.416928,0.397020,,,,0.277084,0.574318,1.085010,,,,,,
366853,,,,,,,,,1.823650,-0.787584,,,,,,,,,,,,,,,,,,
366857,,,,,,,,,,,,,115.703812,113.323212,0.353050,0.344376,,,,0.286590,0.591868,1.078748,,,,,,
366863,,,,,,,,,1.813398,-1.305261,,,,,,,,,,,,,,,,,,
366867,,,,,,,,,,,,,115.303352,112.756371,0.356510,0.349177,,,,0.295888,0.608715,1.078994,,,,,,
366873,,,,,,,,,1.761089,0.000000,,,,,,,,,,,,,,,,,,
366877,,,,,,,,,,,,,114.957443,112.270744,0.359494,0.353264,,,,0.305084,0.625486,1.076015,,,,,,
366883,,,,,,,,,1.785743,-0.652564,,,,,,,,,,,,,,,,,,
366889,,,,,,,,,,,,,106.867538,104.606949,0.441536,0.430665,,,,0.314505,0.641977,1.066751,,,,,,
366894,0.314170,0.641398,1.065588,0.294514,0.641495,1.042472,1.719211,-0.447265,1.034026,-1.116417,106.733734,102.806801,,,,,-0.009428,0.017247,-0.023116,,,,,,,,,
366897,,,,,,,,,,,,,112.245308,109.168144,0.328172,0.327630,,,,0.323175,0.657295,1.063037,,,,,,
366903,,,,,,,,,2.306253,0.000000,,,,,,,,,,,,,,,,,,
366907,,,,,,,,,,,,,111.919250,108.783997,0.330395,0.330276,,,,0.332229,0.673480,1.053598,,,,,,
366913,,,,,,,,,1.706738,-1.307746,,,,,,,,,,,,,,,,,,
366917,,,,,,,,,,,,,111.545570,107.821518,0.333170,0.338898,,,,0.341151,0.689045,1.046897,,,,,,
366923,,,,,,,,,1.673007,-0.651458,,,,,,,,,,,,,,,,,,
366927,,,,,,,,,,,,,110.758934,107.080208,0.340231,0.345457,,,,0.350121,0.704146,1.040638,,,,,,
366933,,,,,,,,,1.674344,-0.651979,,,,,,,,,,,,,,,,,,
366937,,,,,,,,,,,,,110.083527,106.443375,0.346315,0.351098,,,,0.359234,0.719810,1.031131,,,,,,
366944,0.358953,0.719321,1.031287,0.336635,0.712252,1.025832,1.673183,-0.373666,1.347256,-0.561428,100.503555,98.780533,,,,,-0.017530,0.015517,-0.005455,,,,,,,,,
366951,,,,,,,,,1.602079,-0.776615,,,103.063629,99.565826,0.353701,0.379453,,,,0.368516,0.735075,1.021943,,,,,,
366957,,,,,,,,,,,,,108.566452,104.895111,0.297060,0.324938,,,,0.377125,0.749860,1.012060,,,,,,
366963,,,,,,,,,1.681232,-0.654662,,,,,,,,,,,,,,,,,,
366967,,,,,,,,,,,,,107.622253,104.533188,0.305078,0.327406,,,,0.385957,0.763990,1.008531,,,,,,
366973,,,,,,,,,1.592955,0.000000,,,,,,,,,,,,,,,,,,
366977,,,,,,,,,,,,,106.421265,103.274956,0.315904,0.339090,,,,0.394979,0.778403,0.995776,,,,,,
366983,,,,,,,,,1.561742,-0.650807,,,,,,,,,,,,,,,,,,
366987,,,,,,,,,,,,,105.306213,102.115349,0.326094,0.350019,,,,0.404252,0.792243,0.995811,,,,,,
366994,0.403909,0.791690,0.996058,0.378278,0.779959,1.013640,1.619428,-0.290173,1.277117,0.000000,93.988136,95.033081,,,,,-0.023780,0.015136,0.017582,,,,,,,,,
366997,,,,,,,,,,,,,104.397964,102.257774,0.267941,0.309675,,,,0.413333,0.806084,0.992863,,,,,,
367003,,,,,,,,,2.039257,0.000000,,,,,,,,,,,,,,,,,,
367010,,,,,,,,,,,,,100.843590,98.561234,0.302113,0.345935,,,,0.423091,0.820140,0.990272,,,,,,
367013,,,,,,,,,1.258721,-1.299930,,,,,,,,,,,,,,,,,,
367017,,,,,,,,,,,,,99.897606,97.977234,0.310391,0.351186,,,,0.432287,0.833723,0.987329,,,,,,
367023,,,,,,,,,1.513891,0.653807,,,,,,,,,,,,,,,,,,
367027,,,,,,,,,,,,,99.256950,97.641151,0.315744,0.354025,,,,0.441596,0.847774,0.987456,,,,,,
367033,,,,,,,,,1.510409,0.652303,,,,,,,,,,,,,,,,,,
367037,,,,,,,,,,,,,98.236588,97.422310,0.325098,0.355736,,,,0.450362,0.860834,0.993458,,,,,,
367044,0.449838,0.860396,0.996401,0.418904,0.844591,1.006480,1.559172,-0.195565,1.193064,0.534693,88.574966,89.393944,,,,,-0.030076,0.017382,0.010079,,,,,,,,,
367052,,,,,,,,,1.546276,0.000000,,,91.902832,91.619720,0.333638,0.356925,,,,0.459056,0.873522,0.996622,,,,,,
367057,,,,,,,,,,,,,97.633179,98.241058,0.274523,0.288942,,,,0.467797,0.886104,1.005727,,,,,,
367063,,,,,,,,,1.544666,1.310373,,,,,,,,,,,,,,,,,,
367067,,,,,,,,,,,,,96.798470,97.852531,0.281226,0.291136,,,,0.476298,0.898667,1.012034,,,,,,
367073,,,,,,,,,1.453161,0.651261,,,,,,,,,,,,,,,,,,
367077,,,,,,,,,,,,,95.655495,97.088890,0.291239,0.297233,,,,0.484643,0.911291,1.014966,,,,,,
367083,,,,,,,,,1.454758,0.651977,,,,,,,,,,,,,,,,,,
367087,,,,,,,,,,,,,94.612976,96.362434,0.300457,0.303104,,,,0.492592,0.923893,1.020990,,,,,,
367094,0.492240,0.923739,1.021650,0.458001,0.906190,1.004987,1.493658,-0.088731,1.130155,0.000000,84.650833,83.557625,,,,,-0.032841,0.020045,-0.016663,,,,,,,,,
367098,,,,,,,,,,,,,93.771133,95.243126,0.267810,0.253597,,,,,,,,,,,,
367103,,,,,,,,,1.741510,0.000000,,,,,,,,,,0.500741,0.936809,1.024141,,,,,,
367109,,,,,,,,,,,,,86.689339,87.927872,0.338220,0.325876,,,,0.508678,0.949349,1.027309,,,,,,
367113,,,,,,,,,1.230722,0.000000,,,,,,,,,,,,,,,,,,
367118,,,,,,,,,,,,,92.118813,92.542252,0.282432,0.277935,,,,0.516824,0.961752,1.030978,,,,,,
367123,,,,,,,,,1.399162,-0.651653,,,,,,,,,,,,,,,,,,
367127,,,,,,,,,,,,,91.671127,91.482704,0.285504,0.286945,,,,0.525040,0.974568,1.034285,,,,,,
367133,,,,,,,,,1.372962,0.000000,,,,,,,,,,,,,,,,,,
367137,,,,,,,,,,,,,90.757919,90.599380,0.293415,0.294370,,,,0.532968,0.987023,1.031428,,,,,,
367144,0.532554,0.986628,1.030599,0.495101,0.964846,1.009838,1.424108,0.031269,1.102735,-0.557303,78.697128,77.935257,,,,,-0.037943,0.020917,-0.020761,,,,,,,,,
367151,,,,,,,,,1.528741,0.000000,,,87.963440,87.830040,0.259970,0.263861,,,,0.540923,0.999485,1.025228,,,,,,
367157,,,,,,,,,,,,,88.106308,87.252289,0.256659,0.267775,,,,0.547907,1.011001,1.021726,,,,,,
367163,,,,,,,,,1.292523,-0.653218,,,,,,,,,,,,,,,,,,
367167,,,,,,,,,,,,,87.186005,86.467438,0.264164,0.273917,,,,0.555396,1.023004,1.015399,,,,,,
367173,,,,,,,,,1.312794,0.000000,,,,,,,,,,,,,,,,,,
367177,,,,,,,,,,,,,86.431252,85.281944,0.270165,0.284303,,,,0.562623,1.034889,1.011752,,,,,,
367183,,,,,,,,,1.294726,-0.654332,,,,,,,,,,,,,,,,,,
367187,,,,,,,,,,,,,85.798820,84.831787,0.275069,0.287425,,,,0.569994,1.046508,1.008859,,,,,,
367194,0.569718,1.046098,1.007937,0.529779,1.020693,1.021741,1.351714,0.165158,1.059793,-0.559405,70.982040,73.892586,,,,,-0.042797,0.020222,0.013804,,,,,,,,,
367197,,,,,,,,,,,,,85.232765,83.875702,0.200729,0.254563,,,,0.577539,1.058238,1.002568,,,,,,
367203,,,,,,,,,1.617287,-0.783987,,,,,,,,,,,,,,,,,,
367209,,,,,,,,,,,,,78.701279,77.559448,0.264500,0.316992,,,,0.584968,1.069508,0.999629,,,,,,
367213,,,,,,,,,1.016195,0.652369,,,,,,,,,,,,,,,,,,
367217,,,,,,,,,,,,,82.402695,82.041351,0.225201,0.270543,,,,0.592294,1.080460,0.996561,,,,,,
367223,,,,,,,,,1.288395,0.651132,,,,,,,,,,,,,,,,,,
367227,,,,,,,,,,,,,81.893280,82.135315,0.228113,0.267955,,,,0.599465,1.090976,0.996622,,,,,,
367233,,,,,,,,,1.234308,0.651522,,,,,,,,,,,,,,,,,,
367237,,,,,,,,,,,,,80.342690,81.090988,0.241747,0.276958,,,,0.606319,1.101533,0.996241,,,,,,
367244,0.605955,1.101296,0.999947,0.561661,1.073882,1.041415,1.277625,0.313371,0.944386,1.121599,63.614006,69.513824,,,,,-0.047001,0.022458,0.041468,,,,,,,,,
367247,,,,,,,,,,,,,79.564728,80.194344,0.172656,0.240001,,,,0.613182,1.111820,1.005569,,,,,,
367253,,,,,,,,,1.549600,0.783140,,,,,,,,,,,,,,,,,,
367257,,,,,,,,,,,,,77.822472,79.983742,0.187237,0.240013,,,,0.619885,1.122391,1.011776,,,,,,
367263,,,,,,,,,1.152942,1.304085,,,,,,,,,,,,,,,,,,
367269,,,,,,,,,,,,,76.050537,77.869034,0.202469,0.259489,,,,,,,,,,,,
367273,,,,,,,,,1.040850,0.000000,,,,,,,,,,,,,,,,,,
367277,,,,,,,,,,,,,74.694214,77.413780,0.213816,0.262462,,,,0.633442,1.142980,1.034234,,,,,,
367283,,,,,,,,,1.127068,1.958869,,,,,,,,,,,,,,,,,,
367287,,,,,,,,,,,,,73.184715,76.561066,0.226997,0.269579,,,,0.640266,1.153758,1.044244,,,,,,
367294,0.639762,1.153445,1.048734,0.590429,1.124573,1.069574,1.202937,0.475982,0.894783,1.118618,58.627014,63.792233,,,,,-0.049627,0.028364,0.020840,,,,,,,,,
367297,,,,,,,,,,,,,71.903282,76.374512,0.187286,0.211713,,,,0.646518,1.163431,1.060439,,,,,,
367303,,,,,,,,,1.448255,1.563653,,,,,,,,,,,,,,,,,,
367309,,,,,,,,,,,,,66.499886,71.262062,0.239746,0.261343,,,,0.652243,1.172412,1.079546,,,,,,
367313,,,,,,,,,1.015890,0.652172,,,,,,,,,,,,,,,,,,
367317,,,,,,,,,,,,,71.528488,76.134438,0.186879,0.210151,,,,0.657594,1.181836,1.091786,,,,,,
367323,,,,,,,,,1.103001,1.309978,,,,,,,,,,,,,,,,,,
367327,,,,,,,,,,,,,69.996635,74.962364,0.199924,0.219638,,,,0.662811,1.191159,1.104624,,,,,,
367333,,,,,,,,,1.040746,1.301095,,,,,,,,,,,,,,,,,,
367337,,,,,,,,,,,,,68.134842,73.400024,0.216640,0.233339,,,,0.667847,1.200472,1.120933,,,,,,
367344,0.667542,1.200381,1.120324,0.615816,1.172916,1.106898,1.128684,0.652628,0.804457,1.124015,55.393154,59.104019,,,,,-0.047246,0.034608,-0.013426,,,,,,,,,
367348,,,,,,,,,,,,,67.121613,72.639839,0.192088,0.191352,,,,0.672632,1.209997,1.133869,,,,,,
367353,,,,,,,,,1.275731,0.776985,,,,,,,,,,,,,,,,,,
367357,,,,,,,,,,,,,66.291634,71.479973,0.198208,0.200475,,,,0.677462,1.219259,1.147094,,,,,,
367363,,,,,,,,,0.992103,1.309189,,,,,,,,,,,,,,,,,,
367369,,,,,,,,,,,,,60.802624,65.670578,0.252017,0.257256,,,,,,,,,,,,
367373,,,,,,,,,0.987644,0.000000,,,,,,,,,,,,,,,,,,
367377,,,,,,,,,,,,,65.982468,70.078369,0.198100,0.210983,,,,0.686565,1.238323,1.163735,,,,,,
367383,,,,,,,,,1.014369,0.651197,,,,,,,,,,,,,,,,,,
367387,,,,,,,,,,,,,64.788780,69.325790,0.208158,0.216465,,,,0.691067,1.248067,1.174105,,,,,,
367394,0.690877,1.247930,1.172320,0.637610,1.219036,1.154009,1.055828,0.842412,0.755055,0.000000,50.437840,54.913170,,,,,-0.047298,0.037883,-0.018311,,,,,,,,,
367397,,,,,,,,,,,,,63.774212,68.136414,0.166083,0.183805,,,,0.695252,1.257411,1.177509,,,,,,
367403,,,,,,,,,1.249269,1.561781,,,,,,,,,,,,,,,,,,
367407,,,,,,,,,,,,,62.374046,66.589058,0.177698,0.196944,,,,0.699575,1.267071,1.181217,,,,,,
367413,,,,,,,,,0.880103,1.306568,,,,,,,,,,,,,,,,,,
367417,,,,,,,,,,,,,61.194206,65.285263,0.187345,0.207907,,,,0.703492,1.276107,1.181217,,,,,,
367423,,,,,,,,,0.904708,-0.651197,,,,,,,,,,,,,,,,,,
367429,,,,,,,,,,,,,56.438740,59.880955,0.233699,0.260957,,,,0.707354,1.285405,1.184579,,,,,,
367433,,,,,,,,,0.909610,0.654726,,,,,,,,,,,,,,,,,,
367437,,,,,,,,,,,,,61.422230,64.924370,0.181668,0.208520,,,,0.711136,1.294538,1.188273,,,,,,
367444,0.710864,1.294166,1.189678,0.655659,1.263032,1.211441,0.985248,1.043842,0.723996,0.554744,43.619617,51.700726,,,,,-0.049434,0.039663,0.021764,,,,,,,,,
367447,,,,,,,,,,,,,60.392475,63.883663,0.120428,0.184366,,,,0.714605,1.303129,1.198199,,,,,,
367453,,,,,,,,,1.164299,0.790159,,,,,,,,,,,,,,,,,,
367457,,,,,,,,,,,,,58.975838,62.457432,0.131523,0.196477,,,,0.718109,1.311627,1.201741,,,,,,
367463,,,,,,,,,0.848691,1.950865,,,,,,,,,,,,,,,,,,
367467,,,,,,,,,,,,,57.757866,61.772026,0.140875,0.201317,,,,0.721687,1.320116,1.208467,,,,,,
367473,,,,,,,,,0.854740,0.654923,,,,,,,,,,,,,,,,,,
367477,,,,,,,,,,,,,56.252449,60.723534,0.153403,0.209998,,,,0.725177,1.328772,1.218558,,,,,,
367483,,,,,,,,,0.824024,1.304869,,,,,,,,,,,,,,,,,,
367489,,,,,,,,,,,,,51.408634,56.190060,0.200283,0.254434,,,,0.728438,1.336941,1.232273,,,,,,
367494,0.728150,1.336599,1.234169,0.669859,1.304957,1.279606,0.917716,1.254817,0.681109,1.673623,38.219360,48.746628,,,,,-0.049120,0.044568,0.045437,,,,,,,,,
367497,,,,,,,,,,,,,54.914425,61.269356,0.107884,0.171596,,,,0.731423,1.344839,1.249261,,,,,,
367503,,,,,,,,,1.120046,3.129931,,,,,,,,,,,,,,,,,,
367507,,,,,,,,,,,,,53.288303,60.814819,0.121131,0.173728,,,,0.734280,1.352618,1.266111,,,,,,
367513,,,,,,,,,0.769474,2.611042,,,,,,,,,,,,,,,,,,
367517,,,,,,,,,,,,,51.371944,59.883144,0.137664,0.180817,,,,0.736830,1.359906,1.286393,,,,,,
367523,,,,,,,,,0.769397,1.305390,,,,,,,,,,,,,,,,,,
367529,,,,,,,,,,,,,47.222095,54.883137,0.177362,0.229590,,,,0.739228,1.367850,1.303764,,,,,,
367533,,,,,,,,,0.771946,2.619429,,,,,,,,,,,,,,,,,,
367537,,,,,,,,,,,,,49.933475,59.379711,0.147906,0.182498,,,,0.741565,1.375583,1.324984,,,,,,
367544,0.741317,1.375429,1.328348,0.680166,1.344821,1.358777,0.853882,1.472697,0.667245,-0.546519,35.460510,46.253540,,,,,-0.044394,0.052014,0.030430,,,,,,,,,
367547,,,,,,,,,,,,,49.071205,58.104984,0.126218,0.167944,,,,0.743694,1.383245,1.349867,,,,,,
367553,,,,,,,,,0.850071,5.653675,,,,,,,,,,,,,,,,,,
367557,,,,,,,,,,,,,47.288681,56.526112,0.141677,0.181678,,,,0.745480,1.390921,1.367483,,,,,,
367563,,,,,,,,,0.714440,2.610781,,,,,,,,,,,,,,,,,,
367567,,,,,,,,,,,,,45.774475,55.723495,0.154757,0.187810,,,,0.747250,1.398592,1.392726,,,,,,
367573,,,,,,,,,0.740807,1.955152,,,,,,,,,,,,,,,,,,
367577,,,,,,,,,,,,,45.056351,55.062885,0.160019,0.192654,,,,0.748877,1.405909,1.411105,,,,,,
367583,,,,,,,,,0.741919,1.958085,,,,,,,,,,,,,,,,,,
367589,,,,,,,,,,,,,41.430401,50.855614,0.195084,0.233807,,,,0.750258,1.413315,1.436450,,,,,,
367594,0.750104,1.413191,1.435591,0.686584,1.382583,1.449079,0.794251,1.694541,0.566097,1.120540,33.163742,44.232727,,,,,-0.038890,0.058814,0.013488,,,,,,,,,
367597,,,,,,,,,,,,,44.945866,55.249493,0.134606,0.167456,,,,0.751463,1.420114,1.455014,,,,,,
367603,,,,,,,,,0.984497,3.117965,,,,,,,,,,,,,,,,,,
367607,,,,,,,,,,,,,44.342827,54.643642,0.138400,0.171433,,,,0.752537,1.426937,1.473558,,,,,,
367613,,,,,,,,,0.713869,1.304347,,,,,,,,,,,,,,,,,,
367617,,,,,,,,,,,,,43.310223,53.613739,0.146697,0.179855,,,,0.753481,1.433725,1.492072,,,,,,
367623,,,,,,,,,0.660938,2.616539,,,,,,,,,,,,,,,,,,
367627,,,,,,,,,,,,,42.438389,52.743359,0.153560,0.186857,,,,0.754219,1.440623,1.514546,,,,,,
367633,,,,,,,,,0.687237,1.958870,,,,,,,,,,,,,,,,,,
367637,,,,,,,,,,,,,41.688061,52.533356,0.159359,0.187297,,,,0.754693,1.447258,1.533300,,,,,,
367644,0.754557,1.447272,1.533316,0.689167,1.418153,1.550506,0.739174,1.917494,,,31.122112,43.514908,,,,,-0.031549,0.064252,0.017190,,,,,,,,,
367650,,,,,,,,,0.394294,1.560941,,,36.989693,47.071602,0.184753,0.234025,,,,0.755081,1.453747,1.548258,,,,,,
367653,,,,,,,,,2.153013,0.000000,,,,,,,,,,,,,,,,,,
367657,,,,,,,,,,,,,43.135571,52.250721,0.120891,0.180487,,,,0.755231,1.460551,1.559816,,,,,,
367663,,,,,,,,,0.715729,1.307746,,,,,,,,,,,,,,,,,,
367667,,,,,,,,,,,,,42.832050,51.591167,0.121584,0.185467,,,,0.755358,1.466937,1.577512,,,,,,
367673,,,,,,,,,0.686893,1.957890,,,,,,,,,,,,,,,,,,
367677,,,,,,,,,,,,,41.483223,50.486446,0.133000,0.195120,,,,0.755456,1.473180,1.593192,,,,,,
367683,,,,,,,,,0.632638,1.960047,,,,,,,,,,,,,,,,,,
367690,,,,,,,,,,,,,40.186607,50.163116,0.144154,0.197024,,,,0.755514,1.479518,1.612956,,,,,,
367694,0.755407,1.479466,1.614494,0.688024,1.451400,1.662960,0.688850,2.139242,0.515293,2.225409,28.516367,43.372498,,,,,-0.025096,0.068545,0.048466,,,,,,,,,
367697,,,,,,,,,,,,,40.077885,49.725094,0.116871,0.198709,,,,0.755534,1.485666,1.636040,,,,,,
367703,,,,,,,,,0.894598,2.361040,,,,,,,,,,,,,,,,,,
367707,,,,,,,,,,,,,39.181702,49.482933,0.123700,0.199909,,,,0.755483,1.491716,1.658843,,,,,,
367713,,,,,,,,,0.657707,2.603748,,,,,,,,,,,,,,,,,,
367717,,,,,,,,,,,,,37.864941,49.253204,0.134998,0.201030,,,,0.755325,1.498210,1.681244,,,,,,
367723,,,,,,,,,0.631878,3.262823,,,,,,,,,,,,,,,,,,
367727,,,,,,,,,,,,,37.315899,49.080524,0.138728,0.201615,,,,0.754855,1.505017,1.703323,,,,,,
367733,,,,,,,,,0.604043,2.608693,,,,,,,,,,,,,,,,,,
367737,,,,,,,,,,,,,36.285770,48.357052,0.147476,0.207853,,,,0.754521,1.511703,1.736236,,,,,,
367744,0.754322,1.511517,1.736961,0.683305,1.482151,1.786306,0.643348,2.358465,0.519100,2.241849,27.350092,43.286892,,,,,-0.017215,0.074896,0.049345,,,,,,,,,
367751,,,,,,,,,0.857534,4.700535,,,33.611088,45.528000,0.161308,0.234839,,,,0.753785,1.518517,1.765001,,,,,,
367757,,,,,,,,,,,,,36.873894,51.197544,0.126775,0.176562,,,,0.752835,1.525129,1.793456,,,,,,
367763,,,,,,,,,0.631184,3.259238,,,,,,,,,,,,,,,,,,
367767,,,,,,,,,,,,,35.928047,50.703499,0.134518,0.180019,,,,0.751557,1.531518,1.821585,,,,,,
367773,,,,,,,,,0.630051,3.253386,,,,,,,,,,,,,,,,,,
367777,,,,,,,,,,,,,35.119011,49.724030,0.141054,0.188526,,,,0.750186,1.537627,1.849442,,,,,,
367783,,,,,,,,,0.633780,1.963586,,,,,,,,,,,,,,,,,,
367787,,,,,,,,,,,,,34.465752,48.939579,0.146164,0.195240,,,,0.748551,1.543697,1.884014,,,,,,
367794,0.748457,1.543593,1.879910,0.675210,1.510198,1.920413,0.602646,2.574929,0.470012,2.232834,26.648117,43.260742,,,,,-0.009529,0.079935,0.040503,,,,,,,,,
367797,,,,,,,,,,,,,34.433498,48.785385,0.137909,0.195415,,,,0.746873,1.549619,1.911266,,,,,,
367803,,,,,,,,,0.827633,3.931746,,,,,,,,,,,,,,,,,,
367809,,,,,,,,,,,,,31.506987,45.610378,0.166203,0.226696,,,,0.745121,1.555370,1.938304,,,,,,
367813,,,,,,,,,0.657248,2.601931,,,,,,,,,,,,,,,,,,
367817,,,,,,,,,,,,,34.738365,49.543671,0.132271,0.186106,,,,0.743106,1.561203,1.965033,,,,,,
367823,,,,,,,,,0.632638,3.266744,,,,,,,,,,,,,,,,,,
367827,,,,,,,,,,,,,33.585636,49.310406,0.142411,0.187229,,,,0.740957,1.567009,1.991587,,,,,,
367833,,,,,,,,,0.631878,3.262823,,,,,,,,,,,,,,,,,,
367837,,,,,,,,,,,,,33.701660,48.565292,0.139840,0.193619,,,,0.738756,1.572734,2.021147,,,,,,
367844,0.738564,1.572741,2.022981,0.663982,1.535313,2.065163,0.566699,2.789005,0.471181,2.238388,26.244013,43.923309,,,,,-0.001079,0.083440,0.042182,,,,,,,,,
367851,,,,,,,,,0.788351,3.120948,,,30.932463,45.155979,0.162553,0.234091,,,,0.736199,1.578755,2.047101,,,,,,
367857,,,,,,,,,,,,,34.965721,50.658031,0.120476,0.177724,,,,0.733540,1.584633,2.072907,,,,,,
367863,,,,,,,,,0.605435,2.614704,,,,,,,,,,,,,,,,,,
367867,,,,,,,,,,,,,33.775192,49.700600,0.130875,0.186143,,,,0.730756,1.590490,2.098548,,,,,,
367873,,,,,,,,,0.632131,3.264129,,,,,,,,,,,,,,,,,,
367877,,,,,,,,,,,,,33.324730,48.904934,0.133964,0.193103,,,,0.727862,1.596218,2.127214,,,,,,
367883,,,,,,,,,0.603741,2.607390,,,,,,,,,,,,,,,,,,
367888,,,,,,,,,,,,,32.941784,48.774498,0.136453,0.193437,,,,0.724955,1.601762,2.158765,,,,,,
367894,0.724844,1.601528,2.158305,0.649903,1.557255,2.220372,0.535506,3.000461,0.496956,2.810521,25.045067,44.402172,,,,,0.004690,0.086915,0.062067,,,,,,,,,
367898,,,,,,,,,,,,,32.619083,48.119335,0.126176,0.204034,,,,0.721734,1.607339,2.186835,,,,,,
367903,,,,,,,,,0.784412,4.658025,,,,,,,,,,,,,,,,,,
367909,,,,,,,,,,,,,29.961369,45.015820,0.151770,0.234946,,,,0.718378,1.612677,2.214826,,,,,,
367913,,,,,,,,,0.633589,3.271658,,,,,,,,,,,,,,,,,,
367917,,,,,,,,,,,,,32.295284,49.685959,0.126981,0.187188,,,,0.714791,1.617800,2.245563,,,,,,
367923,,,,,,,,,0.574863,3.251117,,,,,,,,,,,,,,,,,,
367927,,,,,,,,,,,,,32.089870,48.907547,0.127626,0.194071,,,,0.711126,1.622561,2.273050,,,,,,
367933,,,,,,,,,0.633081,3.269035,,,,,,,,,,,,,,,,,,
367937,,,,,,,,,,,,,31.362865,48.239788,0.133633,0.199981,,,,0.707549,1.627250,2.309596,,,,,,
367944,0.707354,1.627176,2.310612,0.633298,1.575781,2.385602,0.509177,3.206496,0.515118,1.112325,24.739523,45.459156,,,,,0.011965,0.089346,0.074990,,,,,,,,,
367951,,,,,,,,,0.728405,6.291553,,,29.390131,45.305466,0.149374,0.239925,,,,0.703735,1.631945,2.339804,,,,,,
367957,,,,,,,,,,,,,32.182220,50.790741,0.119965,0.184006,,,,0.699858,1.636420,2.375761,,,,,,
367963,,,,,,,,,0.604526,3.916172,,,,,,,,,,,,,,,,,,
367967,,,,,,,,,,,,,31.428806,50.349030,0.126161,0.187445,,,,0.695786,1.640905,2.411448,,,,,,
367973,,,,,,,,,0.576932,3.262824,,,,,,,,,,,,,,,,,,
367977,,,,,,,,,,,,,30.807520,49.454075,0.131160,0.195596,,,,0.691369,1.645563,2.443943,,,,,,
367983,,,,,,,,,0.604164,3.913822,,,,,,,,,,,,,,,,,,
367987,,,,,,,,,,,,,30.279968,49.238071,0.135328,0.197000,,,,0.686589,1.650004,2.476251,,,,,,
367994,0.686452,1.649789,2.478767,0.614523,1.590656,2.559895,0.487975,3.399604,0.450325,2.814885,25.216665,47.004513,,,,,0.020311,0.090873,0.081128,,,,,,,,,
367997,,,,,,,,,,,,,29.822176,48.488907,0.143756,0.219648,,,,0.681718,1.654187,2.514138,,,,,,
368003,,,,,,,,,0.783666,4.653595,,,,,,,,,,,,,,,,,,
368009,,,,,,,,,,,,,27.584564,48.275124,0.165659,0.221532,,,,0.676904,1.658206,2.548957,,,,,,
368013,,,,,,,,,0.604647,3.916955,,,,,,,,,,,,,,,,,,
368017,,,,,,,,,,,,,29.824751,48.436531,0.142335,0.219632,,,,0.672047,1.661777,2.586406,,,,,,
368023,,,,,,,,,0.633526,3.271330,,,,,,,,,,,,,,,,,,
368027,,,,,,,,,,,,,29.989067,48.912033,0.139738,0.214495,,,,0.667237,1.665289,2.620928,,,,,,
368033,,,,,,,,,0.631310,4.563844,,,,,,,,,,,,,,,,,,
368037,,,,,,,,,,,,,29.590450,48.780472,0.142849,0.215455,,,,0.662423,1.668506,2.655233,,,,,,
368044,0.662185,1.668326,2.659567,0.593968,1.601664,2.741484,0.472318,3.566296,0.475020,2.686462,26.448975,49.009697,,,,,0.029541,0.090690,0.081917,,,,,,,,,
368047,,,,,,,,,,,,,29.803686,48.675880,0.152369,0.236620,,,,0.657309,1.671587,2.692234,,,,,,
368053,,,,,,,,,0.836679,4.968401,,,,,,,,,,,,,,,,,,
368057,,,,,,,,,,,,,29.425770,48.566547,0.155553,0.237802,,,,0.651756,1.674593,2.726229,,,,,,
368063,,,,,,,,,0.604345,3.914996,,,,,,,,,,,,,,,,,,
368069,,,,,,,,,,,,,29.170477,48.706799,0.157561,0.236460,,,,,,,,,,,,
368073,,,,,,,,,0.631689,3.261844,,,,,,,,,,,,,,,,,,
368078,,,,,,,,,,,,,29.447069,48.949326,0.154196,0.234047,,,,,,,,,,,,
368083,,,,,,,,,0.632574,4.572983,,,,,,,,,,,,,,,,,,
368087,,,,,,,,,,,,,29.137903,48.817955,0.156750,0.235399,,,,0.634564,1.682160,2.838722,,,,,,
368094,0.634409,1.681963,2.842870,0.572049,1.608623,2.927643,0.462714,3.688153,0.519323,3.364219,27.919611,51.094833,,,,,0.038014,0.088444,0.084773,,,,,,,,,
368097,,,,,,,,,,,,,29.418007,49.244385,0.168355,0.252356,,,,0.628913,1.684461,2.877906,,,,,,
368103,,,,,,,,,0.821003,5.460351,,,,,,,,,,,,,,,,,,
368107,,,,,,,,,,,,,29.652216,49.600735,0.165667,0.249091,,,,0.623072,1.686539,2.914169,,,,,,
368113,,,,,,,,,0.659088,3.913821,,,,,,,,,,,,,,,,,,
368117,,,,,,,,,,,,,29.311386,49.912830,0.168796,0.246207,,,,0.616637,1.688451,2.947648,,,,,,
368123,,,,,,,,,0.658298,3.909132,,,,,,,,,,,,,,,,,,
368129,,,,,,,,,,,,,29.712612,50.581676,0.164426,0.239621,,,,0.610314,1.690189,2.986629,,,,,,
368133,,,,,,,,,0.661601,3.928748,,,,,,,,,,,,,,,,,,
368137,,,,,,,,,,,,,29.724562,50.827072,0.163945,0.237220,,,,0.603656,1.691802,3.031051,,,,,,
368144,0.603517,1.691531,3.031737,0.549198,1.611382,3.114826,0.459658,3.746228,0.539728,3.901784,29.660082,53.026382,,,,,0.045204,0.085621,0.083089,,,,,,,,,
368147,,,,,,,,,,,,,29.907213,51.471619,0.179474,0.250401,,,,0.596932,1.693045,3.072602,,,,,,
368153,,,,,,,,,0.857225,4.698841,,,,,,,,,,,,,,,,,,
368157,,,,,,,,,,,,,30.065794,51.477993,0.177807,0.250647,,,,0.590125,1.694075,3.111413,,,,,,
368163,,,,,,,,,0.714297,5.220517,,,,,,,,,,,,,,,,,,
368169,,,,,,,,,,,,,28.337797,48.380981,0.195351,0.282547,,,,,,,,,,,,
368173,,,,,,,,,0.713655,3.911867,,,,,,,,,,,,,,,,,,
368177,,,,,,,,,,,,,32.062939,54.211250,0.157619,0.224007,,,,0.576200,1.694762,-3.094398,,,,,,
368183,,,,,,,,,0.717095,3.930721,,,,,,,,,,,,,,,,,,
368187,,,,,,,,,,,,,31.886003,53.793758,0.158944,0.228028,,,,0.569513,1.694836,-3.055707,,,,,,
368194,0.569358,1.694594,-3.055648,0.525867,1.609836,-2.984052,0.463490,3.727845,0.519368,3.364508,31.680523,54.573280,,,,,0.050606,0.080712,0.071596,,,,,,,,,
368197,,,,,,,,,,,,,32.277580,53.979984,0.175113,0.241754,,,,0.562926,1.694531,-3.011405,,,,,,
368203,,,,,,,,,0.917877,4.671925,,,,,,,,,,,,,,,,,,
368207,,,,,,,,,,,,,32.608688,54.139290,0.171616,0.240248,,,,0.555903,1.693960,-2.975312,,,,,,
368213,,,,,,,,,0.714226,3.914996,,,,,,,,,,,,,,,,,,
368217,,,,,,,,,,,,,32.863926,54.235958,0.168827,0.239348,,,,0.548843,1.693327,-2.936408,,,,,,
368223,,,,,,,,,0.685180,4.557013,,,,,,,,,,,,,,,,,,
368229,,,,,,,,,,,,,30.161812,50.654346,0.196152,0.275948,,,,0.541863,1.692387,-2.897405,,,,,,
368233,,,,,,,,,0.715156,3.920093,,,,,,,,,,,,,,,,,,
368237,,,,,,,,,,,,,34.311916,55.723427,0.154125,0.225027,,,,0.534488,1.691092,-2.861098,,,,,,
368244,0.534464,1.690838,-2.860983,0.502509,1.603930,-2.806232,0.474284,3.632220,0.588522,2.795827,34.067451,55.939106,,,,,0.054773,0.074659,0.054751,,,,,,,,,
368247,,,,,,,,,,,,,33.781738,55.617584,0.183353,0.239808,,,,0.527646,1.689685,-2.821911,,,,,,
368253,,,,,,,,,0.890623,5.484616,,,,,,,,,,,,,,,,,,
368257,,,,,,,,,,,,,34.398392,55.486725,0.177120,0.241207,,,,0.520547,1.687998,-2.782600,,,,,,
368263,,,,,,,,,0.741696,3.262498,,,,,,,,,,,,,,,,,,
368267,,,,,,,,,,,,,34.378994,55.928047,0.177252,0.236796,,,,0.513265,1.685737,-2.745927,,,,,,
368273,,,,,,,,,0.740068,4.557469,,,,,,,,,,,,,,,,,,
368277,,,,,,,,,,,,,34.394333,55.806412,0.177033,0.238039,,,,0.506014,1.683042,-2.709159,,,,,,
368283,,,,,,,,,0.716735,3.928748,,,,,,,,,,,,,,,,,,
368289,,,,,,,,,,,,,31.932753,51.944450,0.202076,0.277458,,,,0.499296,1.680306,-2.672215,,,,,,
368294,0.499453,1.680080,-2.671579,0.479576,1.593657,-2.637695,0.491799,3.471181,0.588522,2.795827,36.524281,56.900192,,,,,0.056862,0.068049,0.033884,,,,,,,,,
368297,,,,,,,,,,,,,36.448917,57.478313,0.181497,0.231614,,,,0.492812,1.677348,-2.638020,,,,,,
368303,,,,,,,,,0.984262,4.675830,,,,,,,,,,,,,,,,,,
368307,,,,,,,,,,,,,36.653900,57.068844,0.179422,0.235675,,,,0.486506,1.674324,-2.600883,,,,,,
368313,,,,,,,,,0.744526,3.274943,,,,,,,,,,,,,,,,,,
368317,,,,,,,,,,,,,36.265945,56.698292,0.183353,0.239421,,,,0.480097,1.670904,-2.566350,,,,,,
368323,,,,,,,,,0.741622,3.262171,,,,,,,,,,,,,,,,,,
368329,,,,,,,,,,,,,34.037411,52.739147,0.206136,0.279845,,,,0.473514,1.667102,-2.531607,,,,,,
368333,,,,,,,,,0.739183,3.251441,,,,,,,,,,,,,,,,,,
368337,,,,,,,,,,,,,37.592430,57.506302,0.170372,0.232052,,,,0.466914,1.663341,-2.493773,,,,,,
368344,0.467004,1.663118,-2.495058,0.457509,1.579062,-2.480195,0.515511,3.264480,0.614326,3.367402,39.258167,57.920300,,,,,0.058216,0.061372,0.014863,,,,,,,,,
368347,,,,,,,,,,,,,37.618443,57.640255,0.197778,0.240970,,,,0.460167,1.658781,-2.461504,,,,,,
368353,,,,,,,,,0.953732,3.905856,,,,,,,,,,,,,,,,,,
368357,,,,,,,,,,,,,38.169075,57.187733,0.192490,0.245641,,,,0.453930,1.654343,-2.429088,,,,,,
368363,,,,,,,,,0.767478,3.906402,,,,,,,,,,,,,,,,,,
368367,,,,,,,,,,,,,38.105431,57.374985,0.193357,0.243878,,,,0.447698,1.649875,-2.393544,,,,,,
368373,,,,,,,,,0.743183,3.269036,,,,,,,,,,,,,,,,,,
368377,,,,,,,,,,,,,38.057274,57.540878,0.194079,0.242295,,,,0.441592,1.645006,-2.360642,,,,,,
368383,,,,,,,,,0.796000,3.259889,,,,,,,,,,,,,,,,,,
368389,,,,,,,,,,,,,35.548874,53.454155,0.219905,0.284055,,,,0.435583,1.639768,-2.327534,,,,,,
368394,0.435727,1.639505,-2.327923,0.436727,1.560239,-2.334527,0.544706,3.032976,0.634407,2.790566,41.711967,58.394699,,,,,0.056924,0.055169,-0.006604,,,,,,,,,
368397,,,,,,,,,,,,,39.992756,58.616585,0.200348,0.237131,,,,0.429963,1.634364,-2.297292,,,,,,
368403,,,,,,,,,1.022567,3.917582,,,,,,,,,,,,,,,,,,
368407,,,,,,,,,,,,,40.190304,58.585560,0.198676,0.237403,,,,0.424620,1.629003,-2.266940,,,,,,
368413,,,,,,,,,0.798954,3.271987,,,,,,,,,,,,,,,,,,
368417,,,,,,,,,,,,,40.333687,58.527111,0.197518,0.237961,,,,0.419613,1.623438,-2.236354,,,,,,
368423,,,,,,,,,0.769628,2.611565,,,,,,,,,,,,,,,,,,
368427,,,,,,,,,,,,,40.488968,57.980984,0.196210,0.243505,,,,0.414619,1.617646,-2.205521,,,,,,
368433,,,,,,,,,0.793383,1.949504,,,,,,,,,,,,,,,,,,
368437,,,,,,,,,,,,,41.134460,58.026714,0.189871,0.243121,,,,0.409473,1.611475,-2.177512,,,,,,
368444,0.409521,1.611290,-2.181959,0.417616,1.537327,-2.200798,0.578579,2.793474,0.631436,2.777498,44.430382,59.339199,,,,,0.055929,0.049071,-0.018839,,,,,,,,,
368451,,,,,,,,,1.034620,3.963757,,,38.558403,54.087502,0.243990,0.293009,,,,0.404337,1.605060,-2.149268,,,,,,
368457,,,,,,,,,,,,,43.920696,61.291000,0.190469,0.220583,,,,0.399525,1.598408,-2.123981,,,,,,
368463,,,,,,,,,0.823613,2.608433,,,,,,,,,,,,,,,,,,
368467,,,,,,,,,,,,,43.493309,60.288162,0.194930,0.230422,,,,0.394932,1.591798,-2.095344,,,,,,
368473,,,,,,,,,0.794570,3.254036,,,,,,,,,,,,,,,,,,
368477,,,,,,,,,,,,,43.687801,60.001308,0.193134,0.233158,,,,0.390377,1.585232,-2.066444,,,,,,
368483,,,,,,,,,0.796796,1.957889,,,,,,,,,,,,,,,,,,
368487,,,,,,,,,,,,,43.282337,59.182999,0.197418,0.241372,,,,0.385910,1.577836,-2.040533,,,,,,
368494,0.386119,1.577808,-2.044191,0.400524,1.510504,-2.078718,0.616316,2.556743,0.659427,2.237620,47.018314,59.976288,,,,,0.053335,0.043506,-0.034526,,,,,,,,,
368497,,,,,,,,,,,,,43.486919,59.040859,0.221958,0.249352,,,,0.381754,1.570701,-2.017630,,,,,,
368503,,,,,,,,,1.057204,3.138968,,,,,,,,,,,,,,,,,,
368509,,,,,,,,,,,,,43.957874,59.009750,0.217860,0.249856,,,,0.377924,1.563252,-1.994729,,,,,,
368513,,,,,,,,,0.822380,2.604527,,,,,,,,,,,,,,,,,,
368517,,,,,,,,,,,,,44.317596,58.815105,0.214803,0.252035,,,,0.374407,1.555873,-1.974832,,,,,,
368523,,,,,,,,,0.852003,1.958478,,,,,,,,,,,,,,,,,,
368527,,,,,,,,,,,,,44.381359,58.761879,0.214693,0.252810,,,,0.371044,1.548765,-1.948388,,,,,,
368533,,,,,,,,,0.798153,1.961225,,,,,,,,,,,,,,,,,,
368537,,,,,,,,,,,,,44.969124,58.158417,0.209225,0.259208,,,,0.367814,1.541188,-1.928270,,,,,,
368544,0.367975,1.541208,-1.929773,0.385744,1.479985,-1.967845,0.657142,2.327987,0.636347,1.079652,49.675652,61.138630,,,,,0.051077,0.038145,-0.038072,,,,,,,,,
368551,,,,,,,,,,,,,42.567310,54.954861,0.261238,0.304104,,,,0.364386,1.533194,-1.904541,,,,,,
368554,,,,,,,,,1.174267,3.281449,,,,,,,,,,,,,,,,,,
368557,,,,,,,,,,,,,48.383648,61.024330,0.203333,0.243432,,,,0.361140,1.525118,-1.883975,,,,,,
368563,,,,,,,,,0.828332,2.623378,,,,,,,,,,,,,,,,,,
368567,,,,,,,,,,,,,47.773518,61.126125,0.209815,0.242417,,,,0.358138,1.516849,-1.859934,,,,,,
368573,,,,,,,,,0.877818,1.303175,,,,,,,,,,,,,,,,,,
368577,,,,,,,,,,,,,48.402527,60.731529,0.203780,0.246444,,,,0.355378,1.508399,-1.846045,,,,,,
368583,,,,,,,,,0.875894,2.600635,,,,,,,,,,,,,,,,,,
368587,,,,,,,,,,,,,48.347198,60.353958,0.204599,0.250377,,,,0.352625,1.500132,-1.821621,,,,,,
368594,0.352842,1.500063,-1.819792,0.373509,1.446003,-1.867738,0.700329,2.108443,0.688587,1.691997,52.166653,61.880215,,,,,0.047300,0.033352,-0.047946,,,,,,,,,
368597,,,,,,,,,,,,,48.287716,60.564026,0.230879,0.255955,,,,0.350066,1.492034,-1.803980,,,,,,
368603,,,,,,,,,1.076644,2.324864,,,,,,,,,,,,,,,,,,
368609,,,,,,,,,,,,,48.544868,60.358330,0.229032,0.258316,,,,0.347660,1.483498,-1.786267,,,,,,
368613,,,,,,,,,0.908243,1.961226,,,,,,,,,,,,,,,,,,
368617,,,,,,,,,,,,,48.706028,60.459808,0.228113,0.257586,,,,0.345539,1.474929,-1.764874,,,,,,
368623,,,,,,,,,0.905974,1.956325,,,,,,,,,,,,,,,,,,
368628,,,,,,,,,,,,,49.185493,60.169022,0.223914,0.260836,,,,0.343542,1.466493,-1.746941,,,,,,
368633,,,,,,,,,0.878520,1.304217,,,,,,,,,,,,,,,,,,
368637,,,,,,,,,,,,,49.533260,60.404518,0.220963,0.258776,,,,0.341775,1.458251,-1.728961,,,,,,
368644,0.341919,1.458158,-1.731117,0.363982,1.408815,-1.778041,0.745181,1.897032,0.719591,1.654105,54.994850,63.468422,,,,,0.045188,0.029657,-0.046924,,,,,,,,,
368651,,,,,,,,,,,,,46.792763,56.792416,0.278290,0.312114,,,,0.340217,1.450061,-1.714455,,,,,,
368654,,,,,,,,,1.141680,1.595195,,,,,,,,,,,,,,,,,,
368657,,,,,,,,,,,,,52.985004,63.667641,0.216770,0.243322,,,,0.338480,1.441480,-1.692416,,,,,,
368663,,,,,,,,,0.908243,1.961226,,,,,,,,,,,,,,,,,,
368667,,,,,,,,,,,,,52.726917,63.344353,0.219805,0.246580,,,,0.336819,1.432113,-1.677528,,,,,,
368673,,,,,,,,,0.906880,1.958283,,,,,,,,,,,,,,,,,,
368677,,,,,,,,,,,,,52.553040,63.124275,0.222032,0.248849,,,,0.335390,1.422942,-1.658814,,,,,,
368683,,,,,,,,,0.906336,1.957108,,,,,,,,,,,,,,,,,,
368687,,,,,,,,,,,,,52.910820,62.892044,0.218871,0.251287,,,,0.334196,1.413718,-1.643712,,,,,,
368694,0.334418,1.413669,-1.642843,0.357247,1.368682,-1.698514,0.791012,1.691632,0.707196,1.119867,58.133011,64.905312,,,,,0.043227,0.026008,-0.055672,,,,,,,,,
368697,,,,,,,,,,,,,52.691391,62.179222,0.253535,0.273329,,,,0.333310,1.404605,-1.628584,,,,,,
368700,,,,,,,,,,,,,,,,,,,,0.333310,1.404605,-1.628584,,,,,,
368703,,,,,,,,,1.217997,2.345759,,,,,,,,,,0.333310,1.404605,-1.628584,,,,,,
368710,,,,,,,,,,,,,53.121212,62.491646,0.250239,0.270688,,,,0.333310,1.404605,-1.628584,,,,,,
368714,,,,,,,,,0.931287,1.301225,,,,,,,,,,,,,,,,,,
368718,,,,,,,,,,,,,53.316566,62.527061,0.249249,0.270809,,,,,,,,,,,,
368723,,,,,,,,,0.934081,1.305130,,,,,,,,,,,,,,,,,,
368727,,,,,,,,,,,,,53.568890,62.407143,0.247638,0.272508,,,,0.331260,1.377724,-1.582500,,,,,,
368733,,,,,,,,,0.935672,1.307353,,,,,,,,,,,,,,,,,,
368737,,,,,,,,,,,,,53.779453,62.304283,0.246403,0.274057,,,,0.330861,1.368341,-1.570781,,,,,,
368744,0.331007,1.368222,-1.571348,0.353305,1.325872,-1.629027,0.837115,1.489899,0.724119,0.554839,61.448509,66.831680,,,,,0.042337,0.022322,-0.057679,,,,,,,,,
368751,,,,,,,,,1.263025,1.578978,,,50.782272,58.380619,0.311663,0.334247,,,,0.330697,1.358767,-1.559089,,,,,,
368757,,,,,,,,,,,,,57.858601,65.764885,0.241618,0.260618,,,,0.330357,1.349200,-1.543583,,,,,,
368763,,,,,,,,,0.936423,1.308402,,,,,,,,,,,,,,,,,,
368767,,,,,,,,,,,,,57.925591,65.121666,0.241653,0.267392,,,,0.330240,1.339384,-1.532043,,,,,,
368773,,,,,,,,,0.986560,1.301874,,,,,,,,,,,,,,,,,,
368777,,,,,,,,,,,,,57.448662,65.136581,0.247222,0.267582,,,,0.330228,1.329501,-1.520570,,,,,,
368783,,,,,,,,,0.988631,1.304608,,,,,,,,,,,,,,,,,,
368787,,,,,,,,,,,,,57.621456,65.182320,0.246260,0.267455,,,,0.330284,1.319701,-1.509138,,,,,,
368794,0.330476,1.319626,-1.508892,0.352065,1.280643,-1.569551,0.882742,1.289678,0.759360,1.127316,64.418159,68.359108,,,,,0.040244,0.019136,-0.060658,,,,,,,,,
368797,,,,,,,,,,,,,57.723286,65.172127,0.276277,0.283468,,,,0.330494,1.309903,-1.497768,,,,,,
368803,,,,,,,,,1.271492,0.774403,,,,,,,,,,,,,,,,,,
368809,,,,,,,,,,,,,54.026699,60.294151,0.315321,0.333861,,,,0.330857,1.300137,-1.486447,,,,,,
368813,,,,,,,,,0.991506,1.308401,,,,,,,,,,,,,,,,,,
368817,,,,,,,,,,,,,59.958267,66.440048,0.256897,0.272786,,,,0.331349,1.290259,-1.478957,,,,,,
368823,,,,,,,,,1.069841,0.651587,,,,,,,,,,,,,,,,,,
368827,,,,,,,,,,,,,60.241840,66.783722,0.254897,0.269664,,,,0.331952,1.280785,-1.467726,,,,,,
368833,,,,,,,,,0.960018,0.651522,,,,,,,,,,,,,,,,,,
368837,,,,,,,,,,,,,60.476528,66.524704,0.253338,0.272621,,,,0.332734,1.270832,-1.456581,,,,,,
368844,0.332865,1.270911,-1.458242,0.353344,1.233244,-1.520141,0.927093,1.089154,0.822239,0.558018,67.715149,70.297058,,,,,0.039729,0.016119,-0.061899,,,,,,,,,
368847,,,,,,,,,,,,,60.681824,65.770760,0.285662,0.300445,,,,0.333681,1.260398,-1.452869,,,,,,
368853,,,,,,,,,1.294696,0.788535,,,,,,,,,,,,,,,,,,
368857,,,,,,,,,,,,,60.890923,65.719040,0.284936,0.301878,,,,0.334537,1.250249,-1.441789,,,,,,
368863,,,,,,,,,1.012651,0.650093,,,,,,,,,,,,,,,,,,
368869,,,,,,,,,,,,,56.822842,65.966331,0.327795,0.300272,,,,,,,,,,,,
368873,,,,,,,,,1.071339,0.652501,,,,,,,,,,,,,,,,,,
368877,,,,,,,,,,,,,63.019802,66.618385,0.266764,0.294487,,,,0.336675,1.229638,-1.427103,,,,,,
368883,,,,,,,,,1.047851,0.000000,,,,,,,,,,,,,,,,,,
368888,,,,,,,,,,,,,63.395023,66.422874,0.263876,0.297217,,,,0.337928,1.218992,-1.423455,,,,,,
368894,0.338009,1.218981,-1.426377,0.356865,1.183912,-1.480918,0.969324,0.886839,0.848926,1.120250,70.143097,71.889801,,,,,0.037418,0.013613,-0.054541,,,,,,,,,
368897,,,,,,,,,,,,,63.660053,66.750816,0.286802,0.310892,,,,0.339225,1.208521,-1.419803,,,,,,
368901,,,,,,,,,1.375339,0.000000,,,,,,,,,,0.339225,1.208521,-1.419803,,,,,,
368909,,,,,,,,,,,,,59.521362,62.121929,0.330313,0.359135,,,,0.340851,1.197949,-1.416182,,,,,,
368913,,,,,,,,,0.961266,0.652369,,,,,,,,,,,,,,,,,,
368917,,,,,,,,,,,,,65.100662,68.490326,0.275529,0.296131,,,,0.342338,1.187311,-1.408911,,,,,,
368923,,,,,,,,,1.129782,0.654529,,,,,,,,,,,,,,,,,,
368927,,,,,,,,,,,,,65.726784,68.578850,0.270151,0.295908,,,,0.343758,1.176916,-1.405259,,,,,,
368933,,,,,,,,,1.098589,0.000000,,,,,,,,,,,,,,,,,,
368937,,,,,,,,,,,,,65.655037,68.599640,0.271766,0.296358,,,,0.345382,1.166154,-1.398006,,,,,,
368944,0.345437,1.166027,-1.400389,0.362258,1.132866,-1.452062,1.008565,0.681482,0.850094,1.121791,72.622047,73.267555,,,,,0.035533,0.010954,-0.051673,,,,,,,,,
368947,,,,,,,,,,,,,66.136269,68.613861,0.293040,0.310924,,,,0.347048,1.154728,-1.394446,,,,,,
368953,,,,,,,,,1.375503,0.000000,,,,,,,,,,,,,,,,,,
368957,,,,,,,,,,,,,65.978905,69.151115,0.295942,0.306375,,,,0.348530,1.143535,-1.383623,,,,,,
368960,,,,,,,,,,,,,,,,,,,,0.348530,1.143535,-1.383623,,,,,,
368963,,,,,,,,,1.150757,1.301613,,,,,,,,,,,,,,,,,,
368979,,,,,,,,,0.052170,-0.413064,,,49.294090,51.539871,0.470263,0.489235,,,,,,,,,,,,
368983,,,,,,,,,1.983211,0.000000,,,,,,,,,,,,,,,,,,
368988,,,,,,,,,,,,,58.873589,60.763187,0.377218,0.399503,,,,,,,,,,,,
368994,0.349691,1.137223,-1.385036,0.369063,1.080318,-1.433810,1.043957,0.471959,1.033849,0.000000,82.129807,81.680405,,,,,0.059504,0.008528,-0.048774,,,,,,,,,
368998,,,,,,,,,,,,,61.498238,63.631874,0.450176,0.458554,,,,0.355870,1.099905,-1.365676,,,,,,
369003,,,,,,,,,1.642202,1.560288,,,,,,,,,,,,,,,,,,
369007,,,,,,,,,,,,,65.397781,67.193024,0.414527,0.425840,,,,0.357955,1.088719,-1.358560,,,,,,
369013,,,,,,,,,1.350363,-0.654596,,,,,,,,,,,,,,,,,,
369017,,,,,,,,,,,,,68.601250,69.568748,0.385198,0.404505,,,,0.360250,1.076732,-1.355005,,,,,,
369023,,,,,,,,,1.374198,0.000000,,,,,,,,,,,,,,,,,,
369029,,,,,,,,,,,,,64.785866,66.104546,0.426820,0.442263,,,,0.362613,1.064614,-1.355001,,,,,,
369034,,,,,,,,,1.096725,0.000000,,,,,,,,,,,,,,,,,,
369037,,,,,,,,,,,,,72.285049,73.394585,0.353797,0.371019,,,,0.364793,1.052620,-1.347924,,,,,,
369044,0.364388,1.055200,-1.351042,0.376740,1.026470,-1.426449,1.074699,0.257184,1.016143,0.536365,77.402420,73.839577,,,,,0.030731,0.005792,-0.075407,,,,,,,,,
369047,,,,,,,,,,,,,73.877914,75.355530,0.291300,0.272698,,,,0.367171,1.039856,-1.344355,,,,,,
369053,,,,,,,,,1.825082,0.000000,,,,,,,,,,,,,,,,,,
369057,,,,,,,,,,,,,75.219460,76.462723,0.278321,0.261102,,,,0.369524,1.026727,-1.340827,,,,,,
369063,,,,,,,,,1.264389,0.000000,,,,,,,,,,,,,,,,,,
369067,,,,,,,,,,,,,75.250458,76.296539,0.278441,0.262272,,,,0.372002,1.014107,-1.337297,,,,,,
369073,,,,,,,,,1.233446,-0.651067,,,,,,,,,,,,,,,,,,
369077,,,,,,,,,,,,,75.879166,76.213104,0.272459,0.262632,,,,0.375059,1.000548,-1.340822,,,,,,
369083,,,,,,,,,1.238638,-0.653807,,,,,,,,,,,,,,,,,,
369089,,,,,,,,,,,,,70.445244,70.218491,0.328190,0.323302,,,,0.377784,0.987839,-1.337274,,,,,,
369094,0.377728,0.988405,-1.341176,0.384672,0.971520,-1.430325,1.100102,0.036078,0.779789,-0.561282,76.499130,70.605247,,,,,0.018023,0.002918,-0.089149,,,,,,,,,
369097,,,,,,,,,,,,,76.245697,75.469627,0.261203,0.237475,,,,0.380658,0.974901,-1.340841,,,,,,
369103,,,,,,,,,1.640437,0.000000,,,,,,,,,,,,,,,,,,
369107,,,,,,,,,,,,,76.729172,75.529404,0.256322,0.235892,,,,0.383347,0.962010,-1.344366,,,,,,
369113,,,,,,,,,1.205435,-1.301484,,,,,,,,,,,,,,,,,,
369118,,,,,,,,,,,,,77.060661,75.507660,0.252895,0.235129,,,,,,,,,,,,
369123,,,,,,,,,1.181338,-0.652563,,,,,,,,,,,,,,,,,,
369129,,,,,,,,,,,,,71.348907,69.541443,0.311042,0.295004,,,,0.388734,0.936620,-1.358606,,,,,,
369133,,,,,,,,,0.963288,-0.653742,,,,,,,,,,,,,,,,,,
369137,,,,,,,,,,,,,76.766068,74.050049,0.256817,0.249229,,,,0.391255,0.924104,-1.362198,,,,,,
369144,0.390979,0.925550,-1.363178,0.392182,0.915681,-1.445830,1.119646,-0.192413,0.986434,-1.115748,75.964996,69.084808,,,,,0.009906,-0.000857,-0.082652,,,,,,,,,
369147,,,,,,,,,,,,,77.094200,74.265320,0.247969,0.230836,,,,0.393729,0.911396,-1.376699,,,,,,
369153,,,,,,,,,1.550344,-0.783517,,,,,,,,,,,,,,,,,,
369157,,,,,,,,,,,,,76.864998,73.394058,0.250081,0.238687,,,,0.396316,0.898854,-1.387637,,,,,,
369163,,,,,,,,,1.156410,-1.308007,,,,,,,,,,,,,,,,,,
369167,,,,,,,,,,,,,76.640984,72.088707,0.252186,0.251139,,,,0.398623,0.886497,-1.402394,,,,,,
369173,,,,,,,,,1.126054,-1.957106,,,,,,,,,,,,,,,,,,
369177,,,,,,,,,,,,,75.918831,71.544113,0.259417,0.256093,,,,0.400780,0.874043,-1.413777,,,,,,
369183,,,,,,,,,1.124031,-0.651197,,,,,,,,,,,,,,,,,,
369189,,,,,,,,,,,,,74.918503,66.219254,0.269629,0.309915,,,,0.402839,0.861618,-1.425309,,,,,,
369194,0.402730,0.862350,-1.422829,0.398547,0.859182,-1.473397,1.133038,-0.429227,0.827690,-0.561717,74.452408,68.412163,,,,,0.002517,-0.004605,-0.050569,,,,,,,,,
369197,,,,,,,,,,,,,74.918228,71.757309,0.254413,0.247139,,,,0.404506,0.849150,-1.433132,,,,,,
369203,,,,,,,,,1.544963,-0.780798,,,,,,,,,,,,,,,,,,
369207,,,,,,,,,,,,,75.017334,71.813141,0.253309,0.245900,,,,0.406265,0.837073,-1.452005,,,,,,
369213,,,,,,,,,1.151906,-1.302914,,,,,,,,,,,,,,,,,,
369217,,,,,,,,,,,,,75.107918,71.322060,0.252272,0.250229,,,,0.407544,0.826063,-1.458240,,,,,,
369223,,,,,,,,,1.153865,-1.305129,,,,,,,,,,,,,,,,,,
369227,,,,,,,,,,,,,74.651817,70.920876,0.256793,0.253739,,,,0.408591,0.815045,-1.465428,,,,,,
369233,,,,,,,,,1.126956,-0.652891,,,,,,,,,,,,,,,,,,
369237,,,,,,,,,,,,,74.782402,70.554970,0.255421,0.256970,,,,0.409819,0.803854,-1.476283,,,,,,
369244,0.409837,0.804074,-1.474539,0.403017,0.802292,-1.513483,1.140252,-0.675012,0.921410,-0.561186,74.829529,68.223145,,,,,0.001119,-0.006960,-0.038944,,,,,,,,,
369253,,,,,,,,,1.059197,-1.479947,,,69.051125,65.111092,0.317661,0.310141,,,,0.410746,0.792860,-1.487460,,,,,,
369257,,,,,,,,,,,,,77.802238,73.548874,0.229555,0.224698,,,,0.411753,0.781583,-1.498681,,,,,,
369263,,,,,,,,,1.176153,-0.681393,,,,,,,,,,,,,,,,,,
369267,,,,,,,,,,,,,77.429581,72.218964,0.232762,0.237198,,,,0.412434,0.770766,-1.505776,,,,,,
369273,,,,,,,,,1.070162,-1.955347,,,,,,,,,,,,,,,,,,
369277,,,,,,,,,,,,,76.084938,70.607155,0.245957,0.252839,,,,0.413220,0.759817,-1.517051,,,,,,
369283,,,,,,,,,1.098479,-1.304607,,,,,,,,,,,,,,,,,,
369289,,,,,,,,,,,,,70.517181,65.408226,0.302497,0.305391,,,,0.413637,0.749027,-1.524477,,,,,,
369294,0.413616,0.749047,-1.525760,0.404835,0.745330,-1.566530,1.141563,-0.929909,0.799704,0.000000,76.298653,68.144455,,,,,0.003318,-0.008940,-0.040771,,,,,,,,,
369297,,,,,,,,,,,,,75.445656,70.550224,0.268074,0.252703,,,,0.413996,0.738365,-1.532041,,,,,,
369303,,,,,,,,,1.489380,-2.358480,,,,,,,,,,,,,,,,,,
369307,,,,,,,,,,,,,75.451538,70.244194,0.268185,0.255344,,,,0.414272,0.727296,-1.543612,,,,,,
369313,,,,,,,,,1.070696,-0.652109,,,,,,,,,,,,,,,,,,
369317,,,,,,,,,,,,,74.887253,69.419861,0.274110,0.263332,,,,0.414198,0.716049,-1.547476,,,,,,
369323,,,,,,,,,1.126505,-0.652630,,,,,,,,,,,,,,,,,,
369327,,,,,,,,,,,,,73.956818,68.809219,0.283883,0.269306,,,,0.414424,0.704916,-1.559146,,,,,,
369333,,,,,,,,,1.096287,-1.302005,,,,,,,,,,,,,,,,,,
369337,,,,,,,,,,,,,73.640976,68.766281,0.287573,0.269611,,,,0.414465,0.693557,-1.570486,,,,,,
369344,0.414458,0.693614,-1.572196,0.403262,0.688679,-1.632924,1.137555,-1.193272,0.891420,-1.114414,77.879272,66.837936,,,,,0.004951,-0.011189,-0.060729,,,,,,,,,
369351,,,,,,,,,1.395469,-1.578405,,,69.462105,64.478111,0.346851,0.299899,,,,0.414593,0.682386,-1.582126,,,,,,
369357,,,,,,,,,,,,,76.981834,70.649483,0.271833,0.237423,,,,0.414495,0.671427,-1.593843,,,,,,
369363,,,,,,,,,1.153750,-1.304997,,,,,,,,,,,,,,,,,,
369367,,,,,,,,,,,,,76.756050,69.793892,0.274316,0.245388,,,,0.414338,0.660754,-1.605586,,,,,,
369373,,,,,,,,,1.124929,-1.955152,,,,,,,,,,,,,,,,,,
369377,,,,,,,,,,,,,75.990555,69.046120,0.282348,0.252424,,,,0.413974,0.649994,-1.617168,,,,,,
369383,,,,,,,,,1.070375,-1.955738,,,,,,,,,,,,,,,,,,
369387,,,,,,,,,,,,,75.920792,68.443787,0.283438,0.258126,,,,0.413368,0.638813,-1.632417,,,,,,
369394,0.413247,0.638926,-1.635564,0.397604,0.632809,-1.712939,1.129094,-1.463420,0.894936,-1.118810,79.236366,65.481209,,,,,0.007117,-0.015214,-0.077375,,,,,,,,,
369397,,,,,,,,,,,,,74.789154,67.407059,0.309215,0.254541,,,,0.412580,0.626934,-1.651211,,,,,,
369403,,,,,,,,,1.351130,-2.348294,,,,,,,,,,,,,,,,,,
369409,,,,,,,,,,,,,73.980217,66.764137,0.318355,0.260713,,,,0.411608,0.615245,-1.665978,,,,,,
369413,,,,,,,,,1.070589,-0.652044,,,,,,,,,,,,,,,,,,
369417,,,,,,,,,,,,,74.078407,66.232079,0.318405,0.265884,,,,0.410384,0.603849,-1.680812,,,,,,
369423,,,,,,,,,1.127068,-1.958869,,,,,,,,,,,,,,,,,,
369427,,,,,,,,,,,,,74.354004,66.658974,0.316625,0.261379,,,,0.408913,0.592531,-1.702719,,,,,,
369433,,,,,,,,,1.154442,-2.611565,,,,,,,,,,,,,,,,,,
369437,,,,,,,,,,,,,75.072182,65.877861,0.310276,0.269111,,,,0.407528,0.581698,-1.724799,,,,,,
369444,0.407395,0.581695,-1.728263,0.387244,0.578284,-1.806681,1.117275,-1.737533,0.890508,-2.226548,79.128464,63.774292,,,,,0.006529,-0.019367,-0.078418,,,,,,,,,
369452,,,,,,,,,1.323415,0.000000,,,70.593002,61.619019,0.355696,0.295061,,,,0.406137,0.570642,-1.750346,,,,,,
369457,,,,,,,,,,,,,78.604813,70.253777,0.275683,0.207418,,,,0.404476,0.559923,-1.772134,,,,,,
369463,,,,,,,,,1.182639,-3.266418,,,,,,,,,,,,,,,,,,
369467,,,,,,,,,,,,,78.686417,68.931953,0.274955,0.219605,,,,0.402781,0.549228,-1.797169,,,,,,
369473,,,,,,,,,1.071339,-3.262496,,,,,,,,,,,,,,,,,,
369477,,,,,,,,,,,,,78.171135,67.244553,0.280299,0.235785,,,,0.400536,0.538162,-1.825330,,,,,,
369483,,,,,,,,,1.098919,-3.915388,,,,,,,,,,,,,,,,,,
369487,,,,,,,,,,,,,77.777138,65.855347,0.284510,0.249260,,,,0.397745,0.526576,-1.853123,,,,,,
369494,0.397415,0.526734,-1.859058,0.371670,0.525775,-1.914057,1.103324,-2.011831,0.852219,-2.249191,78.804405,63.536633,,,,,0.008238,-0.024411,-0.054999,,,,,,,,,
369497,,,,,,,,,,,,,77.964912,65.211479,0.279559,0.252988,,,,0.395010,0.515467,-1.880656,,,,,,
369503,,,,,,,,,1.442207,-3.114244,,,,,,,,,,,,,,,,,,
369510,,,,,,,,,,,,,76.739479,64.555725,0.292227,0.259341,,,,0.391686,0.504115,-1.911171,,,,,,
369513,,,,,,,,,1.045123,-1.306567,,,,,,,,,,,,,,,,,,
369517,,,,,,,,,,,,,76.999664,64.262039,0.289986,0.262133,,,,0.387949,0.492830,-1.948078,,,,,,
369523,,,,,,,,,1.124031,-3.255984,,,,,,,,,,,,,,,,,,
369527,,,,,,,,,,,,,76.771049,63.874790,0.292679,0.265938,,,,0.384039,0.482075,-1.974669,,,,,,
369533,,,,,,,,,1.096835,-2.605306,,,,,,,,,,,,,,,,,,
369537,,,,,,,,,,,,,77.082184,63.516701,0.289912,0.269523,,,,0.379846,0.471518,-2.004314,,,,,,
369544,0.379723,0.471836,-2.003047,0.350514,0.476067,-2.034784,1.088478,-2.282232,0.876980,-2.670626,77.938377,62.774475,,,,,0.008394,-0.028296,-0.031737,,,,,,,,,
369552,,,,,,,,,1.375843,-0.837959,,,75.509499,63.306427,0.297464,0.263898,,,,0.375545,0.461524,-2.037122,,,,,,
369557,,,,,,,,,,,,,75.853661,62.946003,0.294439,0.267468,,,,0.370902,0.451510,-2.066297,,,,,,
369563,,,,,,,,,1.125829,-3.261191,,,,,,,,,,,,,,,,,,
369567,,,,,,,,,,,,,76.310295,62.735218,0.290199,0.269583,,,,0.366151,0.441768,-2.092112,,,,,,
369573,,,,,,,,,1.129329,-1.962798,,,,,,,,,,,,,,,,,,
369577,,,,,,,,,,,,,76.773430,63.165981,0.285800,0.265197,,,,0.361148,0.432250,-2.120885,,,,,,
369583,,,,,,,,,1.125154,-3.259237,,,,,,,,,,,,,,,,,,
369587,,,,,,,,,,,,,76.578300,62.950607,0.288024,0.267316,,,,0.355514,0.422683,-2.146162,,,,,,
369594,0.355232,0.422693,-2.147816,0.323581,0.430061,-2.168463,1.073857,-2.545466,0.894323,-2.236086,78.136749,62.305439,,,,,0.011091,-0.030546,-0.020647,,,,,,,,,
369597,,,,,,,,,,,,,76.400955,62.758617,0.292128,0.264455,,,,0.349276,0.412694,-2.177440,,,,,,
369603,,,,,,,,,1.446003,-3.122441,,,,,,,,,,,,,,,,,,
369609,,,,,,,,,,,,,71.234528,63.231247,0.345173,0.259543,,,,0.343039,0.403407,-2.196139,,,,,,
369613,,,,,,,,,0.992004,0.000000,,,,,,,,,,,,,,,,,,
369617,,,,,,,,,,,,,76.251266,62.870640,0.295382,0.263036,,,,0.336580,0.394381,-2.220893,,,,,,
369623,,,,,,,,,1.154211,-2.611042,,,,,,,,,,,,,,,,,,
369628,,,,,,,,,,,,,76.667290,63.233269,0.291516,0.259224,,,,0.329951,0.385268,-2.248586,,,,,,
369633,,,,,,,,,1.124480,-3.257284,,,,,,,,,,,,,,,,,,
369637,,,,,,,,,,,,,77.051155,63.566326,0.287894,0.255642,,,,0.323297,0.376386,-2.273163,,,,,,
369644,0.323101,0.376531,-2.276301,0.290889,0.388764,-2.314724,1.060373,-2.800437,0.873332,-1.681964,78.677872,60.281647,,,,,0.011575,-0.032455,-0.038424,,,,,,,,,
369647,,,,,,,,,,,,,76.790451,63.269840,0.296290,0.237771,,,,0.316075,0.367348,-2.303537,,,,,,
369653,,,,,,,,,1.413985,-3.905389,,,,,,,,,,,,,,,,,,
369657,,,,,,,,,,,,,77.161064,62.511021,0.292887,0.244913,,,,0.308852,0.358792,-2.330709,,,,,,
369663,,,,,,,,,1.124031,-3.255984,,,,,,,,,,,,,,,,,,
369669,,,,,,,,,,,,,71.401222,58.078072,0.351941,0.289683,,,,,,,,,,,,
369673,,,,,,,,,1.016602,-0.652630,,,,,,,,,,,,,,,,,,
369677,,,,,,,,,,,,,77.476440,63.866417,0.291429,0.231083,,,,0.293573,0.341997,-2.387635,,,,,,
369683,,,,,,,,,1.125942,-3.261517,,,,,,,,,,,,,,,,,,
369687,,,,,,,,,,,,,77.160240,63.532116,0.294895,0.233776,,,,0.285463,0.334027,-2.414342,,,,,,
369694,0.285283,0.334251,-2.416430,0.252695,0.353276,-2.473376,1.048699,-3.049284,0.897630,-2.244355,79.249382,58.246201,,,,,0.011770,-0.035852,-0.056945,,,,,,,,,
369698,,,,,,,,,,,,,77.423355,63.239105,0.298344,0.215353,,,,0.277070,0.326117,-2.446759,,,,,,
369703,,,,,,,,,1.382425,-4.690956,,,,,,,,,,,,,,,,,,
369708,,,,,,,,,,,,,77.709961,62.497257,0.295786,0.221921,,,,0.268435,0.318468,-2.479075,,,,,,
369713,,,,,,,,,1.098040,-3.912256,,,,,,,,,,,,,,,,,,
369717,,,,,,,,,,,,,77.865959,61.810131,0.294502,0.228080,,,,0.259633,0.311187,-2.511121,,,,,,
369723,,,,,,,,,1.097821,-3.911476,,,,,,,,,,,,,,,,,,
369729,,,,,,,,,,,,,72.125557,56.582603,0.353331,0.280688,,,,0.250618,0.304157,-2.545925,,,,,,
369733,,,,,,,,,0.987447,-1.303043,,,,,,,,,,,,,,,,,,
369737,,,,,,,,,,,,,77.699745,62.275242,0.297899,0.222956,,,,0.241621,0.297448,-2.580637,,,,,,
369744,0.242076,0.297915,-2.572322,0.209530,0.324762,-2.644544,1.039374,-3.297262,0.913864,-2.782947,80.134621,56.728680,,,,,0.012943,-0.040156,-0.072222,,,,,,,,,
369748,,,,,,,,,,,,,78.473091,62.220783,0.299351,0.207227,,,,0.232405,0.291060,-2.617957,,,,,,
369753,,,,,,,,,1.493339,-5.517748,,,,,,,,,,,,,,,,,,
369757,,,,,,,,,,,,,79.101517,61.613499,0.293273,0.212322,,,,0.223213,0.284996,-2.660894,,,,,,
369763,,,,,,,,,1.073056,-4.574816,,,,,,,,,,,,,,,,,,
369769,,,,,,,,,,,,,77.780685,60.138088,0.306952,0.226395,,,,,,,,,,,,
369773,,,,,,,,,1.014673,-3.256961,,,,,,,,,,,,,,,,,,
369777,,,,,,,,,,,,,78.370407,59.832855,0.301408,0.228826,,,,0.204303,0.274200,-2.743198,,,,,,
369783,,,,,,,,,1.102558,-5.237806,,,,,,,,,,,,,,,,,,
369787,,,,,,,,,,,,,78.469101,59.058662,0.300754,0.236102,,,,0.194278,0.269260,-2.791074,,,,,,
369794,0.194107,0.269686,-2.794675,0.162218,0.304415,-2.828607,1.033032,-3.550783,0.848853,-3.360465,80.800018,58.481880,,,,,0.018182,-0.043502,-0.033932,,,,,,,,,
369797,,,,,,,,,,,,,79.072052,58.390724,0.301724,0.260332,,,,0.184274,0.264763,-2.833176,,,,,,
369803,,,,,,,,,1.379615,-6.241896,,,,,,,,,,,,,,,,,,
369807,,,,,,,,,,,,,79.065735,57.849613,0.302134,0.265869,,,,0.173689,0.260503,-2.883455,,,,,,
369813,,,,,,,,,1.099359,-3.916955,,,,,,,,,,,,,,,,,,
369817,,,,,,,,,,,,,79.045387,57.928192,0.302688,0.265194,,,,0.163222,0.256876,-2.928034,,,,,,
369823,,,,,,,,,1.096835,-5.210614,,,,,,,,,,,,,,,,,,
369829,,,,,,,,,,,,,73.778351,53.933327,0.356763,0.306053,,,,0.152672,0.253874,-2.969727,,,,,,
369833,,,,,,,,,0.989720,-1.306044,,,,,,,,,,,,,,,,,,
369837,,,,,,,,,,,,,78.689499,59.127693,0.308074,0.253980,,,,0.141960,0.251166,-3.016908,,,,,,
369844,0.142371,0.251484,-3.003731,0.111892,0.293405,-3.025908,1.030753,-3.813105,0.892030,-3.345529,82.775574,59.777973,,,,,0.024429,-0.045711,-0.022177,,,,,,,,,
369847,,,,,,,,,,,,,78.713821,58.992481,0.328398,0.268450,,,,0.131163,0.249007,-3.058461,,,,,,
369853,,,,,,,,,1.451560,-4.701664,,,,,,,,,,,,,,,,,,
369857,,,,,,,,,,,,,79.314537,59.449821,0.323083,0.263942,,,,0.120428,0.247564,-3.100030,,,,,,
369863,,,,,,,,,1.126730,-4.569323,,,,,,,,,,,,,,,,,,
369867,,,,,,,,,,,,,79.799049,58.730278,0.318833,0.271347,,,,0.109637,0.246399,3.138844,,,,,,
369873,,,,,,,,,1.125491,-4.564301,,,,,,,,,,,,,,,,,,
369877,,,,,,,,,,,,,79.672417,58.676586,0.320720,0.272104,,,,0.099003,0.245469,3.100054,,,,,,
369883,,,,,,,,,1.101895,-3.925989,,,,,,,,,,,,,,,,,,
369889,,,,,,,,,,,,,74.123474,54.432693,0.377940,0.315612,,,,0.087740,0.244962,3.058543,,,,,,
369894,0.087705,0.245334,3.060625,0.059997,0.292813,3.047071,1.034453,-4.078121,0.802246,-1.120925,85.404121,61.585121,,,,,0.031457,-0.045082,-0.013554,,,,,,,,,
369897,,,,,,,,,,,,,80.001656,60.494804,0.346524,0.273281,,,,0.076380,0.245001,3.014220,,,,,,
369903,,,,,,,,,1.477805,-5.460353,,,,,,,,,,,,,,,,,,
369907,,,,,,,,,,,,,80.404671,60.718788,0.343494,0.271214,,,,0.065390,0.245473,2.978118,,,,,,
369913,,,,,,,,,1.180629,-4.565213,,,,,,,,,,,,,,,,,,
369917,,,,,,,,,,,,,81.285149,60.904301,0.335513,0.269495,,,,0.053982,0.246491,2.933643,,,,,,
369923,,,,,,,,,1.153750,-3.914996,,,,,,,,,,,,,,,,,,
369929,,,,,,,,,,,,,75.373360,56.230618,0.396637,0.317303,,,,0.042498,0.247942,2.891869,,,,,,
369933,,,,,,,,,1.016093,-1.956911,,,,,,,,,,,,,,,,,,
369937,,,,,,,,,,,,,81.402725,62.298759,0.337144,0.256479,,,,0.030999,0.249878,2.850051,,,,,,
369944,0.031535,0.250085,2.859522,0.008275,0.303557,2.825797,1.047130,-4.324263,0.943819,-3.362773,89.112892,62.642773,,,,,0.037225,-0.044884,-0.033725,,,,,,,,,
369947,,,,,,,,,,,,,82.109909,62.222889,0.368560,0.267898,,,,0.019453,0.252528,2.805268,,,,,,
369953,,,,,,,,,1.477805,-5.460353,,,,,,,,,,,,,,,,,,
369957,,,,,,,,,,,,,82.703568,61.613419,0.363906,0.274199,,,,0.008153,0.255195,2.762990,,,,,,
369963,,,,,,,,,1.210870,-5.229409,,,,,,,,,,,,,,,,,,
369967,,,,,,,,,,,,,83.705360,61.615932,0.354969,0.274379,,,,-0.002636,0.258359,2.714974,,,,,,
369973,,,,,,,,,1.150413,-5.204900,,,,,,,,,,,,,,,,,,
369977,,,,,,,,,,,,,84.056885,61.655228,0.352465,0.274183,,,,-0.013470,0.262048,2.666670,,,,,,
369983,,,,,,,,,1.181338,-5.873083,,,,,,,,,,,,,,,,,,
369989,,,,,,,,,,,,,78.291351,56.920635,0.412285,0.322674,,,,-0.024376,0.266061,2.618069,,,,,,
369994,-0.024201,0.266761,2.613720,-0.041267,0.326299,2.597422,1.072771,-4.513456,0.822239,-1.674052,92.773720,66.466553,,,,,0.044732,-0.042837,-0.016298,,,,,,,,,
369997,,,,,,,,,,,,,84.763634,62.650284,0.385772,0.304378,,,,-0.035229,0.270818,2.566355,,,,,,
370003,,,,,,,,,1.620403,-7.069476,,,,,,,,,,,,,,,,,,
370007,,,,,,,,,,,,,86.072937,62.549156,0.374019,0.306173,,,,-0.045768,0.275980,2.517107,,,,,,
370013,,,,,,,,,1.235049,-4.563388,,,,,,,,,,,,,,,,,,
370017,,,,,,,,,,,,,86.592636,62.984493,0.370059,0.302516,,,,-0.056050,0.281736,2.467461,,,,,,
370023,,,,,,,,,1.236160,-4.567497,,,,,,,,,,,,,,,,,,
370027,,,,,,,,,,,,,86.973404,63.309490,0.367411,0.299898,,,,-0.066246,0.288047,2.411459,,,,,,
370033,,,,,,,,,1.212692,-5.237280,,,,,,,,,,,,,,,,,,
370037,,,,,,,,,,,,,87.381561,63.647091,0.364408,0.297085,,,,-0.075991,0.294726,2.363832,,,,,,
370044,-0.075672,0.295489,2.362864,-0.086411,0.361350,2.367845,1.115664,-4.601423,0.949806,-3.222958,97.513382,72.263496,,,,,0.053903,-0.039338,0.004980,,,,,,,,,
370051,,,,,,,,,,,,,82.076767,63.817371,0.467940,0.355041,,,,-0.085550,0.301869,2.312699,,,,,,
370054,,,,,,,,,1.496391,-2.479795,,,,,,,,,,,,,,,,,,
370057,,,,,,,,,,,,,89.200020,64.139221,0.398370,0.353448,,,,-0.095079,0.309343,2.257944,,,,,,
370063,,,,,,,,,1.294077,-4.578025,,,,,,,,,,,,,,,,,,
370067,,,,,,,,,,,,,90.304672,64.860863,0.388765,0.347712,,,,-0.104031,0.317169,2.208662,,,,,,
370073,,,,,,,,,1.317912,-5.217387,,,,,,,,,,,,,,,,,,
370077,,,,,,,,,,,,,90.726288,65.495369,0.385906,0.342720,,,,-0.112593,0.325541,2.158758,,,,,,
370083,,,,,,,,,1.317122,-3.910694,,,,,,,,,,,,,,,,,,
370090,,,,,,,,,,,,,89.221733,65.129181,0.402610,0.347809,,,,-0.121362,0.334386,2.101835,,,,,,
370094,-0.121045,0.335385,2.107377,-0.124821,0.408564,2.143619,1.179129,-4.559114,0.869373,-2.790565,103.162270,80.596100,,,,,0.064825,-0.034163,0.036242,,,,,,,,,
370097,,,,,,,,,,,,,89.632828,65.562660,0.457694,0.429807,,,,-0.129726,0.343609,2.050425,,,,,,
370103,,,,,,,,,1.691837,-5.515749,,,,,,,,,,,,,,,,,,
370107,,,,,,,,,,,,,90.674942,67.152756,0.449770,0.416595,,,,-0.137592,0.353328,2.001486,,,,,,
370113,,,,,,,,,1.371728,-3.909914,,,,,,,,,,,,,,,,,,
370117,,,,,,,,,,,,,91.986771,68.948402,0.438887,0.400968,,,,-0.144890,0.363631,1.948443,,,,,,
370123,,,,,,,,,1.428166,-3.914215,,,,,,,,,,,,,,,,,,
370127,,,,,,,,,,,,,93.294327,70.620880,0.427785,0.386238,,,,-0.151360,0.373735,1.901225,,,,,,
370133,,,,,,,,,1.457817,-3.266744,,,,,,,,,,,,,,,,,,
370137,,,,,,,,,,,,,93.746567,72.490746,0.425146,0.369160,,,,-0.157805,0.384194,1.853173,,,,,,
370144,-0.157373,0.385610,1.860856,-0.154156,0.467239,1.930155,1.264017,-4.391523,1.155681,-2.801108,109.870872,91.232895,,,,,0.077299,-0.026429,0.069299,,,,,,,,,
370151,,,,,,,,,,,,,88.930916,68.860931,0.544576,0.516301,,,,-0.164325,0.395485,1.800754,,,,,,
370154,,,,,,,,,1.537969,-2.331788,,,,,,,,,,,,,,,,,,
370157,,,,,,,,,,,,,96.432457,76.664780,0.472249,0.441176,,,,-0.170496,0.407153,1.754400,,,,,,
370163,,,,,,,,,1.488155,-3.927566,,,,,,,,,,,,,,,,,,
370167,,,,,,,,,,,,,96.934746,78.123398,0.469813,0.429212,,,,-0.176079,0.418891,1.707124,,,,,,
370173,,,,,,,,,1.508147,-1.953980,,,,,,,,,,,,,,,,,,
370177,,,,,,,,,,,,,98.462006,79.908150,0.456822,0.413629,,,,-0.180986,0.431032,1.655117,,,,,,
370183,,,,,,,,,1.593273,-3.914996,,,,,,,,,,,,,,,,,,
370188,,,,,,,,,,,,,99.714951,81.382927,0.446324,0.400851,,,,-0.185035,0.443380,1.605718,,,,,,
370194,-0.183967,0.445099,1.610787,-0.172232,0.536022,1.730538,1.367596,-4.136711,1.256605,-1.689514,116.340042,104.224747,,,,,0.090381,-0.015361,0.119751,,,,,,,,,
370197,,,,,,,,,,,,,100.202209,82.604034,0.509371,0.522883,,,,-0.189231,0.456148,1.555201,,,,,,
370203,,,,,,,,,1.928804,-3.882612,,,,,,,,,,,,,,,,,,
370209,,,,,,,,,,,,,93.511078,81.770966,0.580848,0.535704,,,,-0.192722,0.469288,1.505333,,,,,,
370213,,,,,,,,,1.263125,0.000000,,,,,,,,,,,,,,,,,,
370217,,,,,,,,,,,,,99.680267,84.552124,0.522488,0.511827,,,,-0.195996,0.482243,1.452877,,,,,,
370223,,,,,,,,,1.729759,-1.956520,,,,,,,,,,,,,,,,,,
370227,,,,,,,,,,,,,102.960518,88.050041,0.492361,0.480083,,,,-0.198425,0.495198,1.401634,,,,,,
370233,,,,,,,,,1.867415,-2.609215,,,,,,,,,,,,,,,,,,
370237,,,,,,,,,,,,,105.707146,91.526375,0.467021,0.447860,,,,-0.200649,0.508668,1.358572,,,,,,
370244,-0.198987,0.511165,1.368906,-0.177218,0.612855,1.545382,1.483144,-3.846208,1.444430,-1.106759,122.424492,118.583153,,,,,0.103990,-0.000936,0.176476,,,,,,,,,
370251,,,,,,,,,1.836285,2.379120,,,100.284004,92.132980,0.586525,0.590668,,,,-0.202384,0.522840,1.302262,,,,,,
370257,,,,,,,,,,,,,107.577324,94.532822,0.516562,0.571479,,,,-0.203518,0.537008,1.247250,,,,,,
370263,,,,,,,,,1.707252,-1.308140,,,,,,,,,,,,,,,,,,
370267,,,,,,,,,,,,,107.937447,95.872932,0.515858,0.562620,,,,-0.204099,0.550712,1.193258,,,,,,
370273,,,,,,,,,1.732704,-0.653283,,,,,,,,,,,,,,,,,,
370277,,,,,,,,,,,,,108.797470,98.646385,0.509983,0.538873,,,,-0.204043,0.564290,1.143372,,,,,,
370283,,,,,,,,,1.865736,0.000000,,,,,,,,,,,,,,,,,,
370287,,,,,,,,,,,,,110.064056,101.522934,0.499789,0.513520,,,,-0.203536,0.577436,1.091191,,,,,,
370294,-0.201429,0.579513,1.114616,-0.167879,0.694939,1.373515,1.600205,-3.564197,1.509980,0.000000,125.899292,134.061249,,,,,0.118402,0.020728,0.258899,,,,,,,,,
370297,,,,,,,,,,,,,111.606102,104.419601,0.521975,0.645262,,,,-0.202621,0.591144,1.043051,,,,,,
370303,,,,,,,,,2.461538,0.779583,,,,,,,,,,,,,,,,,,
370309,,,,,,,,,,,,,103.936554,98.892944,0.603063,0.707562,,,,-0.200730,0.605744,0.989128,,,,,,
370313,,,,,,,,,1.373924,1.305391,,,,,,,,,,,,,,,,,,
370317,,,,,,,,,,,,,110.067108,107.608803,0.544924,0.625694,,,,-0.198493,0.620008,0.936015,,,,,,
370323,,,,,,,,,1.972333,2.602709,,,,,,,,,,,,,,,,,,
370327,,,,,,,,,,,,,111.124924,111.779221,0.537301,0.588446,,,,-0.195818,0.634116,0.886702,,,,,,
370333,,,,,,,,,2.034832,2.612611,,,,,,,,,,,,,,,,,,
370337,,,,,,,,,,,,,112.626450,115.362801,0.524940,0.556350,,,,-0.192667,0.648122,0.837963,,,,,,
370344,-0.189912,0.650161,0.872282,-0.143854,0.778795,1.212870,1.705120,-3.317627,1.643213,2.230355,125.951729,147.016434,,,,,0.128127,0.047450,0.340588,,,,,,,,,
370352,,,,,,,,,1.722099,0.000000,,,106.607986,108.501938,0.589518,0.762214,,,,-0.189100,0.661919,0.786785,,,,,,
370357,,,,,,,,,,,,,115.642151,120.478500,0.501238,0.647756,,,,-0.184805,0.675780,0.736074,,,,,,
370363,,,,,,,,,2.170148,3.262497,,,,,,,,,,,,,,,,,,
370367,,,,,,,,,,,,,116.452225,123.804550,0.495038,0.619138,,,,-0.179745,0.690012,0.685880,,,,,,
370373,,,,,,,,,2.029549,5.211656,,,,,,,,,,,,,,,,,,
370377,,,,,,,,,,,,,115.411751,125.955215,0.507550,0.601843,,,,-0.174470,0.703856,0.639035,,,,,,
370383,,,,,,,,,1.950191,4.567040,,,,,,,,,,,,,,,,,,
370387,,,,,,,,,,,,,115.027184,127.699608,0.513581,0.588263,,,,-0.168803,0.716956,0.589695,,,,,,
370394,-0.165801,0.718005,0.632719,-0.105974,0.860400,1.061346,1.781588,-3.115525,1.656235,3.372043,121.110512,155.945160,,,,,0.132450,0.079453,0.428627,,,,,,,,,
370397,,,,,,,,,,,,,115.318718,128.161865,0.463412,0.678484,,,,-0.162614,0.729881,0.543581,,,,,,
370403,,,,,,,,,2.556639,3.114243,,,,,,,,,,,,,,,,,,
370409,,,,,,,,,,,,,107.972748,120.768715,0.539499,0.759451,,,,-0.155714,0.742840,0.500603,,,,,,
370413,,,,,,,,,1.483689,2.610520,,,,,,,,,,,,,,,,,,
370417,,,,,,,,,,,,,113.126114,128.709473,0.489562,0.685490,,,,-0.148074,0.756075,0.455025,,,,,,
370423,,,,,,,,,2.058209,7.170321,,,,,,,,,,,,,,,,,,
370427,,,,,,,,,,,,,112.628868,131.737274,0.496231,0.660054,,,,-0.140274,0.768613,0.415323,,,,,,
370433,,,,,,,,,2.091922,7.845685,,,,,,,,,,,,,,,,,,
370437,,,,,,,,,,,,,112.179108,135.331024,0.502515,0.628239,,,,-0.132133,0.780525,0.367367,,,,,,
370444,-0.128708,0.781458,0.422709,-0.056606,0.935482,0.917796,1.811117,-2.949735,1.709254,6.117786,113.289398,158.446732,,,,,0.128942,0.110888,0.495087,,,,,,,,,
370447,,,,,,,,,,,,,112.877914,136.164795,0.417398,0.649374,,,,-0.123828,0.791926,0.333648,,,,,,
370453,,,,,,,,,2.585330,6.298387,,,,,,,,,,,,,,,,,,
370457,,,,,,,,,,,,,111.873199,138.007843,0.427728,0.635031,,,,-0.114539,0.803630,0.294426,,,,,,
370463,,,,,,,,,1.952925,8.493536,,,,,,,,,,,,,,,,,,
370469,,,,,,,,,,,,,102.252304,128.303085,0.526145,0.738107,,,,,,,,,,,,
370473,,,,,,,,,1.347254,4.571610,,,,,,,,,,,,,,,,,,
370477,,,,,,,,,,,,,106.526428,136.056625,0.484756,0.665050,,,,-0.095108,0.824855,0.221864,,,,,,
370483,,,,,,,,,2.138827,9.118576,,,,,,,,,,,,,,,,,,
370488,,,,,,,,,,,,,107.646286,140.135696,0.474686,0.627921,,,,-0.085084,0.834505,0.191249,,,,,,
370494,-0.081323,0.835122,0.249083,0.000000,1.000000,0.783802,1.773268,-2.788429,1.774385,6.181545,103.848541,154.064590,,,,,0.119459,0.139742,0.534719,,,,,,,,,
370497,,,,,,,,,,,,,108.507629,139.648407,0.370732,0.591856,,,,-0.074514,0.844187,0.160671,,,,,,
370503,,,,,,,,,2.426108,7.787468,,,,,,,,,,,,,,,,,,
370507,,,,,,,,,,,,,106.556198,140.386978,0.389705,0.587206,,,,-0.062991,0.854127,0.132926,,,,,,
370513,,,,,,,,,1.892985,9.774782,,,,,,,,,,,,,,,,,,
370517,,,,,,,,,,,,,104.328224,140.401062,0.411889,0.589798,,,,-0.051497,0.863041,0.107975,,,,,,
370523,,,,,,,,,1.872845,7.850404,,,,,,,,,,,,,,,,,,
370530,,,,,,,,,,,,,99.928062,134.166565,0.456675,0.656122,,,,-0.039871,0.871066,0.080277,,,,,,
370533,,,,,,,,,1.398185,4.558378,,,,,,,,,,,,,,,,,,
370537,,,,,,,,,,,,,99.591743,134.604935,0.460889,0.655631,,,,-0.028004,0.878732,0.058127,,,,,,
370544,-0.026929,0.876984,0.093388,0.000000,1.000000,0.783802,0.000000,0.000000,1.411273,5.406764,10.767076,10.767076,,,,,0.038283,0.119969,0.690413,,,,,,,,,
370547,,,,,,,,,,,,,99.040642,132.311768,-0.482069,-0.778722,,,,-0.015603,0.885952,0.038764,,,,,,
370553,,,,,,,,,2.187122,7.421523,,,,,,,,,,,,,,,,,,
370557,,,,,,,,,,,,,92.048958,128.214691,-0.428409,-0.761241,,,,-0.003590,0.892835,0.030476,,,,,,
370563,,,,,,,,,0.739109,11.053798,,,,,,,,,,,,,,,,,,
370569,,,,,,,,,,,,,76.945213,113.432266,-0.290607,-0.633949,,,,,,,,,,,,
370573,,,,,,,,,-0.082675,8.509726,,,,,,,,,,,,,,,,,,
370577,,,,,,,,,,,,,57.646667,94.850639,-0.106997,-0.464950,,,,0.022048,0.904483,0.024968,,,,,,
370583,,,,,,,,,-0.439041,-2.607129,,,,,,,,,,,,,,,,,,
370587,,,,,,,,,,,,,47.957935,73.801727,-0.017548,-0.267068,,,,0.035728,0.910156,0.024832,,,,,,
370594,0.028628,0.907312,0.019602,0.000000,1.000000,0.783802,0.000000,0.000000,-0.260715,-7.318702,-7.539227,-7.539227,,,,,-0.026806,0.093231,0.764200,,,,,,,,,
370597,,,,,,,,,,,,,41.437519,57.211021,-0.145202,-0.297174,,,,0.049948,0.915386,0.032888,,,,,,
370603,,,,,,,,,-0.196173,-6.212919,,,,,,,,,,,,,,,,,,
370607,,,,,,,,,,,,,34.320545,42.142574,-0.082405,-0.156426,,,,0.064086,0.920385,0.037995,,,,,,
370613,,,,,,,,,-0.438690,-6.512619,,,,,,,,,,,,,,,,,,
370617,,,,,,,,,,,,,27.243019,28.376862,-0.018586,-0.025952,,,,0.072933,0.924813,0.049220,,,,,,
370623,,,,,,,,,-0.411518,-5.864869,,,,,,,,,,,,,,,,,,
370629,,,,,,,,,,,,,21.447346,18.468220,0.033574,0.067933,,,,0.081102,0.929134,0.062945,,,,,,
370633,,,,,,,,,-0.219718,-3.914213,,,,,,,,,,,,,,,,,,
370637,,,,,,,,,,,,,18.657022,13.094245,0.056238,0.117546,,,,0.090466,0.933793,0.062697,,,,,,
370644,0.084356,0.931626,0.042634,0.000000,1.000000,0.783802,0.000000,0.000000,0.094277,-3.359023,-22.883974,-22.883974,,,,,-0.081365,0.071907,0.741168,,,,,,,,,
370647,,,,,,,,,,,,,19.500313,13.190237,-0.114120,-0.044076,,,,0.098159,0.937893,0.079986,,,,,,
370653,,,,,,,,,0.558817,0.780798,,,,,,,,,,,,,,,,,,
370657,,,,,,,,,,,,,21.314829,16.550785,-0.141105,-0.085568,,,,0.107440,0.941171,0.102089,,,,,,
370663,,,,,,,,,0.357363,0.652957,,,,,,,,,,,,,,,,,,
370667,,,,,,,,,,,,,19.563200,16.097702,-0.132078,-0.088834,,,,0.116765,0.943696,0.121214,,,,,,
370673,,,,,,,,,0.027511,0.653480,,,,,,,,,,,,,,,,,,
370677,,,,,,,,,,,,,14.823406,12.998915,-0.092221,-0.065023,,,,0.126714,0.945305,0.138809,,,,,,
370683,,,,,,,,,-0.164755,1.304477,,,,,,,,,,,,,,,,,,
370689,,,,,,,,,,,,,11.426621,9.891495,-0.065116,-0.040503,,,,0.133305,0.946124,0.167393,,,,,,
370694,0.128508,0.944852,0.162391,0.000000,1.000000,0.783802,0.000000,0.000000,-0.141987,2.248416,-33.159657,-33.159657,,,,,-0.117901,0.075199,0.621411,,,,,,,,,
370697,,,,,,,,,,,,,6.203501,8.322702,-0.123514,-0.135869,,,,0.140006,0.947161,0.190143,,,,,,
370703,,,,,,,,,-0.065531,3.113130,,,,,,,,,,,,,,,,,,
370707,,,,,,,,,,,,,3.585505,7.547427,-0.104683,-0.136258,,,,0.146278,0.949085,0.203358,,,,,,
370713,,,,,,,,,-0.000000,0.000000,,,,,,,,,,,,,,,,,,
370717,,,,,,,,,,,,,4.104516,6.350404,-0.117326,-0.132189,,,,0.151704,0.951619,0.196217,,,,,,
370723,,,,,,,,,0.054913,0.000000,,,,,,,,,,,,,,,,,,
370729,,,,,,,,,,,,,3.453539,5.841941,-0.118139,-0.134905,,,,0.156582,0.952301,0.216375,,,,,,
370733,,,,,,,,,-0.027415,-0.651197,,,,,,,,,,,,,,,,,,
370737,,,,,,,,,,,,,2.905807,4.315757,-0.119875,-0.127138,,,,0.161152,0.953457,0.227125,,,,,,
370744,0.158299,0.952717,0.218960,0.000000,1.000000,0.783802,0.000000,0.000000,-0.023870,0.566989,-40.570076,-40.570076,,,,,-0.144249,0.080539,0.564842,,,,,,,,,
370747,,,,,,,,,,,,,1.901110,3.631278,-0.192426,-0.203238,,,,0.165536,0.954363,0.235896,,,,,,
370753,,,,,,,,,-0.000000,0.000000,,,,,,,,,,,,,,,,,,
370757,,,,,,,,,,,,,1.599594,3.055357,-0.197845,-0.206204,,,,0.168360,0.954973,0.247080,,,,,,
370763,,,,,,,,,-0.000000,0.000000,,,,,,,,,,,,,,,,,,
370767,,,,,,,,,,,,,1.345898,2.570776,-0.203691,-0.209986,,,,0.171223,0.955685,0.252593,,,,,,
370773,,,,,,,,,-0.000000,0.000000,,,,,,,,,,,,,,,,,,
370777,,,,,,,,,,,,,1.132438,1.615661,-0.209897,-0.208872,,,,0.173368,0.956230,0.263620,,,,,,
370783,,,,,,,,,-0.054809,0.000000,,,,,,,,,,,,,,,,,,
370789,,,,,,,,,,,,,-0.021305,1.359417,-0.206469,-0.214696,,,,0.175087,0.956590,0.266323,,,,,,
370794,0.173454,0.956214,0.262349,0.000000,1.000000,0.783802,0.000000,0.000000,-0.023831,0.566054,-43.920849,-43.920849,,,,,-0.156163,0.087273,0.521453,,,,,,,,,
370797,,,,,,,,,,,,,-0.017926,1.143813,-0.248791,-0.255060,,,,0.175908,0.956751,0.274820,,,,,,
370803,,,,,,,,,-0.000000,0.000000,,,,,,,,,,,,,,,,,,
370807,,,,,,,,,,,,,-0.015083,0.962404,-0.257601,-0.262223,,,,0.176336,0.956849,0.280343,,,,,,
370813,,,,,,,,,-0.027484,0.652826,,,,,,,,,,,,,,,,,,
370817,,,,,,,,,,,,,-0.557506,0.264951,-0.260849,-0.264085,,,,0.176213,0.956812,0.280511,,,,,,
370823,,,,,,,,,-0.082189,-0.650742,,,,,,,,,,,,,,,,,,
370827,,,,,,,,,,,,,-1.557302,-0.865286,-0.259324,-0.261394,,,,0.175391,0.956568,0.283215,,,,,,
370833,,,,,,,,,-0.137599,0.653676,,,,,,,,,,,,,,,,,,
370837,,,,,,,,,,,,,-2.943616,-1.816920,-0.253656,-0.260299,,,,0.174501,0.956338,0.283215,,,,,,
370844,0.173858,0.956170,0.284207,0.000000,1.000000,0.783802,0.000000,0.000000,-0.189235,0.000000,-43.479370,-43.479370,,,,,-0.154593,0.090821,0.499595,,,,,,,,,
370850,,,,,,,,,,,,,-3.836417,-2.888414,-0.248242,-0.253287,,,,0.173298,0.955948,0.283285,,,,,,
370854,,,,,,,,,-0.195963,0.000000,,,,,,,,,,,,,,,,,,
370857,,,,,,,,,,,,,-7.321244,-5.841382,-0.220626,-0.231285,,,,0.171562,0.955449,0.286220,,,,,,
370863,,,,,,,,,-0.247380,0.652891,,,,,,,,,,,,,,,,,,
370867,,,,,,,,,,,,,-8.330454,-7.627887,-0.217563,-0.220590,,,,0.169469,0.954837,0.286060,,,,,,
370873,,,,,,,,,-0.275474,0.000000,,,,,,,,,,,,,,,,,,
370877,,,,,,,,,,,,,-10.291601,-9.153401,-0.204589,-0.212200,,,,0.166917,0.954124,0.286144,,,,,,
370883,,,,,,,,,-0.329379,0.000000,,,,,,,,,,,,,,,,,,
370889,,,,,,,,,,,,,-10.154391,-9.196710,-0.212626,-0.218624,,,,0.164273,0.953400,0.289106,,,,,,
370894,0.163751,0.953245,0.288695,0.000000,1.000000,0.783802,0.000000,0.000000,-0.261030,-0.563658,-40.405163,-40.405163,,,,,-0.143663,0.091440,0.495107,,,,,,,,,
370897,,,,,,,,,,,,,-13.920632,-13.114840,-0.149519,-0.154158,,,,0.161215,0.952503,0.288918,,,,,,
370903,,,,,,,,,-0.423579,0.773943,,,,,,,,,,,,,,,,,,
370907,,,,,,,,,,,,,-14.982366,-13.759447,-0.143986,-0.153041,,,,0.158092,0.951584,0.291693,,,,,,
370913,,,,,,,,,-0.330006,0.000000,,,,,,,,,,,,,,,,,,
370917,,,,,,,,,,,,,-15.881608,-15.398553,-0.139898,-0.141652,,,,0.154767,0.950593,0.291764,,,,,,
370923,,,,,,,,,-0.328657,0.000000,,,,,,,,,,,,,,,,,,
370927,,,,,,,,,,,,,-16.632330,-16.225887,-0.137146,-0.138214,,,,0.151274,0.949507,0.291916,,,,,,
370933,,,,,,,,,-0.384506,0.000000,,,,,,,,,,,,,,,,,,
370937,,,,,,,,,,,,,-17.795599,-17.453619,-0.130035,-0.130527,,,,0.147663,0.948436,0.291800,,,,,,
370944,0.147466,0.948380,0.291540,0.000000,1.000000,0.783802,0.000000,0.000000,-0.333257,0.000000,-35.551861,-35.551861,,,,,-0.126407,0.091828,0.492262,,,,,,,,,
370951,,,,,,,,,-0.389702,0.000000,,,-18.410715,-18.122974,-0.078779,-0.078786,,,,0.143895,0.947366,0.294539,,,,,,
370957,,,,,,,,,,,,,-19.219500,-18.977394,-0.073958,-0.073557,,,,0.140221,0.946284,0.294636,,,,,,
370963,,,,,,,,,-0.330635,0.000000,,,,,,,,,,,,,,,,,,
370967,,,,,,,,,,,,,-18.887482,-18.683773,-0.080611,-0.079867,,,,0.136509,0.945225,0.294601,,,,,,
370973,,,,,,,,,-0.246714,-0.651132,,,,,,,,,,,,,,,,,,
370977,,,,,,,,,,,,,-18.616003,-18.444603,-0.086713,-0.085680,,,,0.132638,0.944140,0.297344,,,,,,
370983,,,,,,,,,-0.302203,0.652565,,,,,,,,,,,,,,,,,,
370987,,,,,,,,,,,,,-18.935997,-18.246367,-0.086836,-0.091124,,,,0.128744,0.943101,0.299917,,,,,,
370994,0.129106,0.943162,0.301951,0.000000,1.000000,0.783802,0.000000,0.000000,-0.261075,-0.563755,-29.914293,-29.914293,,,,,-0.106362,0.092660,0.481851,,,,,,,,,
370997,,,,,,,,,,,,,-18.649755,-18.612904,-0.035575,-0.033343,,,,0.124555,0.941988,0.302692,,,,,,
371003,,,,,,,,,-0.325251,1.545137,,,,,,,,,,,,,,,,,,
371009,,,,,,,,,,,,,-17.209862,-16.672869,-0.052515,-0.055391,,,,0.120284,0.940698,0.308353,,,,,,
371013,,,,,,,,,-0.192948,0.654726,,,,,,,,,,,,,,,,,,
371017,,,,,,,,,,,,,-18.027887,-16.984810,-0.046712,-0.054858,,,,0.116162,0.939400,0.311206,,,,,,
371023,,,,,,,,,-0.218973,0.000000,,,,,,,,,,,,,,,,,,
371027,,,,,,,,,,,,,-17.344658,-16.467014,-0.056059,-0.062725,,,,0.112507,0.938218,0.316966,,,,,,
371033,,,,,,,,,-0.220534,0.000000,,,,,,,,,,,,,,,,,,
371037,,,,,,,,,,,,,-16.771313,-16.032864,-0.064421,-0.069843,,,,0.110599,0.937713,0.311217,,,,,,
371044,0.111269,0.937895,0.310439,0.000000,1.000000,0.783802,0.000000,0.000000,-0.227700,0.000000,-24.462658,-24.462658,,,,,-0.086978,0.093127,0.473363,,,,,,,,,
371051,,,,,,,,,-0.207589,0.000000,,,-16.221195,-14.755939,-0.017054,-0.030037,,,,0.108541,0.937263,0.314003,,,,,,
371057,,,,,,,,,,,,,-15.946809,-16.246140,-0.021501,-0.016779,,,,0.106815,0.936741,0.313966,,,,,,
371063,,,,,,,,,-0.164624,0.000000,,,,,,,,,,,,,,,,,,
371067,,,,,,,,,,,,,-14.508584,-14.760441,-0.037874,-0.033576,,,,0.105177,0.936249,0.313937,,,,,,
371073,,,,,,,,,-0.164690,0.000000,,,,,,,,,,,,,,,,,,
371077,,,,,,,,,,,,,-13.841640,-14.053553,-0.046667,-0.042727,,,,0.103127,0.935575,0.313981,,,,,,
371083,,,,,,,,,-0.109936,0.000000,,,,,,,,,,,,,,,,,,
371087,,,,,,,,,,,,,-12.735986,-12.914289,-0.060069,-0.056429,,,,0.101307,0.935002,0.314032,,,,,,
371094,0.101704,0.935104,0.313730,0.000000,1.000000,0.783802,0.000000,0.000000,-0.119134,0.565956,-21.575220,-21.575220,,,,,-0.076712,0.093115,0.470072,,,,,,,,,
371097,,,,,,,,,,,,,-12.349523,-11.955058,-0.036905,-0.039071,,,,0.100128,0.934644,0.314008,,,,,,
371103,,,,,,,,,-0.129931,0.000000,,,,,,,,,,,,,,,,,,
371109,,,,,,,,,,,,,-10.906504,-10.574601,-0.053469,-0.055076,,,,0.099260,0.934389,0.311189,,,,,,
371113,,,,,,,,,-0.109640,0.000000,,,,,,,,,,,,,,,,,,
371117,,,,,,,,,,,,,-10.330057,-10.050795,-0.061482,-0.062619,,,,0.098444,0.934165,0.313993,,,,,,
371123,,,,,,,,,-0.054847,0.000000,,,,,,,,,,,,,,,,,,
371127,,,,,,,,,,,,,-9.781122,-9.546150,-0.069330,-0.070071,,,,0.097647,0.933903,0.313966,,,,,,
371133,,,,,,,,,-0.165052,0.000000,,,,,,,,,,,,,,,,,,
371137,,,,,,,,,,,,,-9.864119,-9.666413,-0.070843,-0.071250,,,,0.096658,0.933546,0.319572,,,,,,
371144,0.096423,0.933463,0.319082,0.000000,1.000000,0.783802,0.000000,0.000000,-0.094147,0.000000,-19.879742,-19.879742,,,,,-0.070684,0.093426,0.464720,,,,,,,,,
371151,,,,,,,,,-0.098887,0.782952,,,-9.156137,-8.561554,-0.063112,-0.067608,,,,0.095815,0.933242,0.319596,,,,,,
371157,,,,,,,,,,,,,-8.447986,-7.947703,-0.072480,-0.076132,,,,0.095159,0.933075,0.319605,,,,,,
371163,,,,,,,,,-0.054946,0.000000,,,,,,,,,,,,,,,,,,
371167,,,,,,,,,,,,,-8.199294,-7.778356,-0.077303,-0.080246,,,,0.094616,0.932936,0.319571,,,,,,
371173,,,,,,,,,-0.109914,0.000000,,,,,,,,,,,,,,,,,,
371177,,,,,,,,,,,,,-7.986557,-7.632380,-0.081809,-0.084155,,,,0.093937,0.932711,0.322346,,,,,,
371183,,,,,,,,,-0.082246,0.651197,,,,,,,,,,,,,,,,,,
371187,,,,,,,,,,,,,-7.810283,-6.967081,-0.085986,-0.093391,,,,0.093297,0.932514,0.322368,,,,,,
371194,0.093233,0.932480,0.324825,0.000000,1.000000,0.783802,0.000000,0.000000,-0.095381,0.000000,-18.790007,-18.790007,,,,,-0.066809,0.093743,0.458977,,,,,,,,,
371197,,,,,,,,,,,,,-7.116496,-6.951951,-0.084361,-0.085013,,,,0.092533,0.932292,0.322340,,,,,,
371203,,,,,,,,,-0.064767,0.000000,,,,,,,,,,,,,,,,,,
371210,,,,,,,,,,,,,-6.957016,-6.333969,-0.088322,-0.093684,,,,0.091673,0.931997,0.325116,,,,,,
371213,,,,,,,,,-0.109936,0.000000,,,,,,,,,,,,,,,,,,
371217,,,,,,,,,,,,,-7.094049,-6.569818,-0.089291,-0.093769,,,,0.090876,0.931723,0.327921,,,,,,
371223,,,,,,,,,-0.110223,0.000000,,,,,,,,,,,,,,,,,,
371227,,,,,,,,,,,,,-7.058019,-6.616930,-0.091998,-0.095733,,,,0.089876,0.931368,0.327950,,,,,,
371233,,,,,,,,,-0.082411,0.652499,,,,,,,,,,,,,,,,,,
371237,,,,,,,,,,,,,-7.028138,-6.112245,-0.094649,-0.103315,,,,0.088994,0.931072,0.330750,,,,,,
371244,0.089024,0.931075,0.332991,0.000000,1.000000,0.783802,0.000000,0.000000,-0.118722,0.563999,-17.326134,-17.326134,,,,,-0.061604,0.094238,0.450811,,,,,,,,,
371247,,,,,,,,,,,,,-7.550214,-6.779582,-0.076745,-0.084112,,,,0.088038,0.930829,0.330750,,,,,,
371253,,,,,,,,,-0.097726,-0.773760,,,,,,,,,,,,,,,,,,
371257,,,,,,,,,,,,,-7.439662,-6.247795,-0.079828,-0.091646,,,,0.087010,0.930451,0.333526,,,,,,
371263,,,,,,,,,-0.137269,0.652108,,,,,,,,,,,,,,,,,,
371269,,,,,,,,,,,,,-7.236752,-6.722427,-0.083875,-0.089020,,,,,,,,,,,,
371273,,,,,,,,,-0.137159,-0.651587,,,,,,,,,,,,,,,,,,
371277,,,,,,,,,,,,,-7.321419,-6.888666,-0.085029,-0.089445,,,,0.084919,0.929712,0.336365,,,,,,
371283,,,,,,,,,-0.110013,0.000000,,,,,,,,,,,,,,,,,,
371287,,,,,,,,,,,,,-7.247587,-6.883469,-0.087783,-0.091586,,,,0.083772,0.929308,0.333557,,,,,,
371294,0.083777,0.929305,0.333509,0.000000,1.000000,0.783802,0.000000,0.000000,-0.095266,0.000000,-15.755033,-15.755033,,,,,-0.056018,0.094224,0.450293,,,,,,,,,
371297,,,,,,,,,,,,,-7.186879,-6.880510,-0.074393,-0.077679,,,,0.082573,0.928965,0.333521,,,,,,
371303,,,,,,,,,-0.129518,0.000000,,,,,,,,,,,,,,,,,,
371309,,,,,,,,,,,,,-6.540061,-6.282282,-0.082704,-0.085556,,,,0.081274,0.928501,0.333591,,,,,,
371313,,,,,,,,,-0.110057,0.000000,,,,,,,,,,,,,,,,,,
371317,,,,,,,,,,,,,-7.325647,-7.108752,-0.076534,-0.079021,,,,0.080045,0.928119,0.330752,,,,,,
371323,,,,,,,,,-0.109892,0.000000,,,,,,,,,,,,,,,,,,
371327,,,,,,,,,,,,,-7.255177,-7.072681,-0.078939,-0.081118,,,,0.078679,0.927643,0.333576,,,,,,
371333,,,,,,,,,-0.109651,0.000000,,,,,,,,,,,,,,,,,,
371337,,,,,,,,,,,,,-7.195227,-7.041676,-0.081250,-0.083171,,,,0.077407,0.927227,0.333597,,,,,,
371344,0.077507,0.927251,0.333590,0.000000,1.000000,0.783802,0.000000,0.000000,-0.144363,0.000000,-13.897522,-13.897522,,,,,-0.049413,0.094117,0.450212,,,,,,,,,
371347,,,,,,,,,,,,,-7.140976,-7.555233,-0.064569,-0.060728,,,,0.076260,0.926867,0.333586,,,,,,
371353,,,,,,,,,-0.064019,0.000000,,,,,,,,,,,,,,,,,,
371357,,,,,,,,,,,,,-7.096632,-6.901080,-0.066372,-0.068669,,,,0.075122,0.926517,0.333586,,,,,,
371363,,,,,,,,,-0.137091,-0.651262,,,,,,,,,,,,,,,,,,
371369,,,,,,,,,,,,,-6.964616,-6.800078,-0.069079,-0.071099,,,,,,,,,,,,
371373,,,,,,,,,-0.110101,0.000000,,,,,,,,,,,,,,,,,,
371377,,,,,,,,,,,,,-7.066504,-7.531300,-0.069426,-0.065060,,,,0.073007,0.925722,0.330790,,,,,,
371383,,,,,,,,,-0.109618,0.000000,,,,,,,,,,,,,,,,,,
371387,,,,,,,,,,,,,-7.033210,-7.424290,-0.071132,-0.067424,,,,0.071932,0.925371,0.330790,,,,,,
371394,0.071965,0.925378,0.331025,0.000000,1.000000,0.783802,0.000000,0.000000,-0.095290,1.131716,-12.320133,-12.320133,,,,,-0.043805,0.093960,0.452777,,,,,,,,,
371397,,,,,,,,,,,,,-7.006067,-6.790959,-0.056693,-0.059090,,,,0.070929,0.925002,0.327985,,,,,,
371403,,,,,,,,,-0.129824,-1.541851,,,,,,,,,,,,,,,,,,
371408,,,,,,,,,,,,,-6.985299,-6.804307,-0.057967,-0.060059,,,,0.069946,0.924650,0.327985,,,,,,
371413,,,,,,,,,-0.082320,0.651782,,,,,,,,,,,,,,,,,,
371417,,,,,,,,,,,,,-6.968699,-6.816412,-0.059204,-0.061039,,,,0.068947,0.924396,0.327991,,,,,,
371423,,,,,,,,,-0.082584,-0.653873,,,,,,,,,,,,,,,,,,
371429,,,,,,,,,,,,,-5.863462,-6.237952,-0.071547,-0.068040,,,,0.068077,0.924090,0.325180,,,,,,
371433,,,,,,,,,-0.109804,0.000000,,,,,,,,,,,,,,,,,,
371437,,,,,,,,,,,,,-6.711326,-7.026422,-0.064190,-0.061214,,,,0.067155,0.923776,0.322368,,,,,,
371444,0.067122,0.923761,0.323095,0.000000,1.000000,0.783802,0.000000,0.000000,-0.095093,0.000000,-11.093465,-11.093465,,,,,-0.039443,0.093605,0.460707,,,,,,,,,
371447,,,,,,,,,,,,,-6.735125,-7.000247,-0.052557,-0.050028,,,,0.066218,0.923519,0.325180,,,,,,
371453,,,,,,,,,-0.097402,0.771199,,,,,,,,,,,,,,,,,,
371457,,,,,,,,,,,,,-6.213553,-6.436627,-0.058749,-0.056595,,,,0.065444,0.923287,0.322340,,,,,,
371463,,,,,,,,,-0.082526,-0.653414,,,,,,,,,,,,,,,,,,
371467,,,,,,,,,,,,,-6.316299,-5.959885,-0.058677,-0.062390,,,,0.064650,0.923020,0.322371,,,,,,
371473,,,,,,,,,-0.082402,0.652434,,,,,,,,,,,,,,,,,,
371477,,,,,,,,,,,,,-5.859022,-6.103624,-0.064297,-0.061950,,,,0.063743,0.922745,0.325173,,,,,,
371483,,,,,,,,,-0.054973,0.000000,,,,,,,,,,,,,,,,,,
371489,,,,,,,,,,,,,-5.442291,-5.135588,-0.069594,-0.072822,,,,0.062962,0.922389,0.325175,,,,,,
371494,0.063092,0.922431,0.325001,0.000000,1.000000,0.783802,0.000000,0.000000,-0.094846,0.000000,-9.849565,-9.849565,,,,,-0.035021,0.093655,0.458801,,,,,,,,,
371497,,,,,,,,,,,,,-5.737622,-5.479562,-0.055024,-0.057817,,,,0.062364,0.922197,0.325175,,,,,,
371503,,,,,,,,,-0.032688,-0.776430,,,,,,,,,,,,,,,,,,
371507,,,,,,,,,,,,,-5.373324,-5.701881,-0.059563,-0.056424,,,,0.061759,0.921994,0.322375,,,,,,
371513,,,,,,,,,-0.082353,0.652043,,,,,,,,,,,,,,,,,,
371517,,,,,,,,,,,,,-5.064625,-4.797562,-0.063607,-0.066477,,,,0.061053,0.921731,0.322368,,,,,,
371523,,,,,,,,,-0.054979,0.000000,,,,,,,,,,,,,,,,,,
371529,,,,,,,,,,,,,-4.776504,-4.551797,-0.067502,-0.069994,,,,0.060446,0.921559,0.319564,,,,,,
371533,,,,,,,,,-0.054727,0.000000,,,,,,,,,,,,,,,,,,
371537,,,,,,,,,,,,,-4.597021,-4.986024,-0.070348,-0.066625,,,,0.059754,0.921356,0.319564,,,,,,
371544,0.059817,0.921373,0.320020,0.000000,1.000000,0.783802,0.000000,0.000000,-0.069579,-0.550903,-9.012544,-9.012544,,,,,-0.032045,0.093453,0.463782,,,,,,,,,
371547,,,,,,,,,,,,,-4.412095,-5.283565,-0.064747,-0.056025,,,,0.059277,0.921193,0.319592,,,,,,
371553,,,,,,,,,-0.067513,0.000000,,,,,,,,,,,,,,,,,,
371557,,,,,,,,,,,,,-4.257043,-4.445591,-0.067248,-0.065318,,,,0.058819,0.921035,0.319592,,,,,,
371563,,,,,,,,,-0.027489,0.652957,,,,,,,,,,,,,,,,,,
371567,,,,,,,,,,,,,-4.126745,-4.285390,-0.069529,-0.067866,,,,0.058410,0.920875,0.319594,,,,,,
371573,,,,,,,,,-0.082304,-0.651652,,,,,,,,,,,,,,,,,,
371577,,,,,,,,,,,,,-4.016133,-4.693508,-0.071634,-0.064648,,,,0.057871,0.920690,0.319563,,,,,,
371583,,,,,,,,,-0.027435,-0.651652,,,,,,,,,,,,,,,,,,
371589,,,,,,,,,,,,,-3.867816,-3.949117,-0.074146,-0.073105,,,,0.057284,0.920513,0.319563,,,,,,
371594,0.057387,0.920550,0.316867,0.000000,1.000000,0.783802,0.000000,0.000000,-0.047592,1.130441,-8.373893,-8.373893,,,,,-0.029774,0.093375,0.466935,,,,,,,,,
371597,,,,,,,,,,,,,-3.870031,-3.938437,-0.068638,-0.067712,,,,0.056734,0.920353,0.316760,,,,,,
371603,,,,,,,,,-0.065236,-1.549541,,,,,,,,,,,,,,,,,,
371607,,,,,,,,,,,,,-3.801168,-4.403650,-0.070241,-0.063854,,,,0.056161,0.920153,0.316791,,,,,,
371613,,,,,,,,,-0.082394,0.652369,,,,,,,,,,,,,,,,,,
371617,,,,,,,,,,,,,-3.742846,-3.705230,-0.071751,-0.071772,,,,0.055657,0.919969,0.316788,,,,,,
371623,,,,,,,,,-0.054727,0.000000,,,,,,,,,,,,,,,,,,
371627,,,,,,,,,,,,,-3.694591,-3.662941,-0.073169,-0.073137,,,,0.055149,0.919762,0.316821,,,,,,
371633,,,,,,,,,-0.054962,0.000000,,,,,,,,,,,,,,,,,,
371637,,,,,,,,,,,,,-3.652356,-3.625726,-0.074536,-0.074459,,,,0.054618,0.919652,0.316795,,,,,,
371644,0.054631,0.919656,0.316801,0.000000,1.000000,0.783802,0.000000,0.000000,-0.047966,0.000000,-7.560772,-7.560772,,,,,-0.026883,0.093365,0.467001,,,,,,,,,
371650,,,,,,,,,,,,,-3.532855,-3.970211,-0.068405,-0.063601,,,,0.054078,0.919514,0.319599,,,,,,
371653,,,,,,,,,-0.064425,0.000000,,,,,,,,,,,,,,,,,,
371657,,,,,,,,,,,,,-4.305411,-3.340535,-0.061331,-0.070742,,,,0.053595,0.919330,0.322403,,,,,,
371663,,,,,,,,,-0.054836,0.000000,,,,,,,,,,,,,,,,,,
371667,,,,,,,,,,,,,-4.166789,-3.354943,-0.063396,-0.071439,,,,0.053022,0.919151,0.322399,,,,,,
371673,,,,,,,,,-0.055084,0.000000,,,,,,,,,,,,,,,,,,
371677,,,,,,,,,,,,,-4.052117,-3.369030,-0.065244,-0.072136,,,,0.052448,0.918950,0.322367,,,,,,
371683,,,,,,,,,-0.054754,0.000000,,,,,,,,,,,,,,,,,,
371689,,,,,,,,,,,,,-3.409451,-3.334787,-0.072501,-0.073324,,,,0.051784,0.918733,0.322399,,,,,,
371694,0.051804,0.918739,0.321929,0.000000,1.000000,0.783802,0.000000,0.000000,-0.047691,0.000000,-6.590318,-6.590318,,,,,-0.023432,0.093477,0.461873,,,,,,,,,
371697,,,,,,,,,,,,,-3.465341,-3.999147,-0.062863,-0.057494,,,,0.051140,0.918507,0.322423,,,,,,
371703,,,,,,,,,-0.065043,0.000000,,,,,,,,,,,,,,,,,,
371707,,,,,,,,,,,,,-3.461372,-3.910516,-0.063528,-0.058916,,,,0.050586,0.918293,0.319619,,,,,,
371713,,,,,,,,,-0.054760,0.000000,,,,,,,,,,,,,,,,,,
371717,,,,,,,,,,,,,-3.456669,-3.834579,-0.064202,-0.060227,,,,0.050095,0.918153,0.316788,,,,,,
371723,,,,,,,,,-0.082427,-0.652630,,,,,,,,,,,,,,,,,,
371727,,,,,,,,,,,,,-3.452984,-3.770957,-0.064866,-0.061427,,,,0.049602,0.917959,0.316788,,,,,,
371733,,,,,,,,,-0.054880,0.000000,,,,,,,,,,,,,,,,,,
371737,,,,,,,,,,,,,-3.450155,-3.717699,-0.065523,-0.062534,,,,0.049067,0.917760,0.316791,,,,,,
371744,0.049079,0.917769,0.317222,0.000000,1.000000,0.783802,0.000000,0.000000,-0.000000,0.000000,-5.900578,-5.900578,,,,,-0.020980,0.093437,0.466580,,,,,,,,,
371751,,,,,,,,,-0.064561,0.000000,,,-3.339888,-3.564999,-0.060240,-0.057631,,,,0.048549,0.917617,0.313988,,,,,,
371757,,,,,,,,,,,,,-3.532483,-3.721891,-0.058788,-0.056498,,,,0.047946,0.917435,0.311186,,,,,,
371763,,,,,,,,,-0.055029,0.000000,,,,,,,,,,,,,,,,,,
371767,,,,,,,,,,,,,-2.972231,-3.674351,-0.064976,-0.057418,,,,0.047454,0.917280,0.311183,,,,,,
371773,,,,,,,,,-0.082576,-0.653807,,,,,,,,,,,,,,,,,,
371777,,,,,,,,,,,,,-3.047510,-3.638273,-0.064794,-0.058232,,,,0.047052,0.917179,0.311224,,,,,,
371783,,,,,,,,,-0.027369,0.650094,,,,,,,,,,,,,,,,,,
371787,,,,,,,,,,,,,-3.108609,-3.061243,-0.064741,-0.064570,,,,0.046693,0.917018,0.308388,,,,,,
371794,0.046785,0.917044,0.311857,0.000000,1.000000,0.783802,0.000000,0.000000,-0.023773,0.564682,-5.364742,-5.364742,,,,,-0.019075,0.093310,0.471945,,,,,,,,,
371797,,,,,,,,,,,,,-3.159582,-2.575729,-0.059314,-0.064624,,,,0.046269,0.916929,0.308388,,,,,,
371803,,,,,,,,,-0.000000,0.000000,,,,,,,,,,,,,,,,,,
371809,,,,,,,,,,,,,-2.658472,-2.167218,-0.064866,-0.069349,,,,0.045788,0.916746,0.311224,,,,,,
371813,,,,,,,,,-0.054940,0.000000,,,,,,,,,,,,,,,,,,
371817,,,,,,,,,,,,,-3.438655,-2.424406,-0.057450,-0.067365,,,,0.045329,0.916629,0.314036,,,,,,
371823,,,,,,,,,-0.027500,0.653218,,,,,,,,,,,,,,,,,,
371827,,,,,,,,,,,,,-3.438645,-2.585256,-0.057835,-0.066312,,,,0.045079,0.916556,0.316839,,,,,,
371833,,,,,,,,,-0.082394,-0.652369,,,,,,,,,,,,,,,,,,
371837,,,,,,,,,,,,,-2.893275,-2.718203,-0.063783,-0.065512,,,,0.044887,0.916418,0.322448,,,,,,
371844,0.044716,0.916369,0.318822,0.000000,1.000000,0.783802,0.000000,0.000000,-0.023710,0.563171,-4.569927,-4.569927,,,,,-0.016249,0.093433,0.464980,,,,,,,,,
371851,,,,,,,,,-0.032583,-0.773943,,,-2.876652,-2.287095,-0.056340,-0.062332,,,,0.044687,0.916313,0.328039,,,,,,
371857,,,,,,,,,,,,,-3.131214,-2.635161,-0.054082,-0.059238,,,,0.044573,0.916239,0.325253,,,,,,
371863,,,,,,,,,-0.027572,0.654923,,,,,,,,,,,,,,,,,,
371867,,,,,,,,,,,,,-2.634603,-2.217224,-0.059435,-0.063888,,,,0.044303,0.916223,0.325215,,,,,,
371873,,,,,,,,,-0.027467,0.652434,,,,,,,,,,,,,,,,,,
371877,,,,,,,,,,,,,-2.762991,-1.865572,-0.058513,-0.067945,,,,0.044111,0.916131,0.328021,,,,,,
371883,,,,,,,,,-0.000000,0.000000,,,,,,,,,,,,,,,,,,
371887,,,,,,,,,,,,,-2.324780,-1.569692,-0.063344,-0.071504,,,,0.043773,0.916002,0.330820,,,,,,
371894,0.043852,0.916033,0.329813,0.000000,1.000000,0.783802,0.000000,0.000000,-0.024067,0.571659,-4.020368,-4.020368,,,,,-0.014295,0.093644,0.453989,,,,,,,,,
371897,,,,,,,,,,,,,-2.499852,-1.320739,-0.056402,-0.069038,,,,0.043363,0.915864,0.333622,,,,,,
371903,,,,,,,,,-0.000000,0.000000,,,,,,,,,,,,,,,,,,
371909,,,,,,,,,,,,,-2.103375,-1.111269,-0.060750,-0.071715,,,,0.043070,0.915746,0.336425,,,,,,
371913,,,,,,,,,-0.055012,0.000000,,,,,,,,,,,,,,,,,,
371917,,,,,,,,,,,,,-2.377664,-1.542907,-0.058335,-0.067894,,,,0.042970,0.915697,0.339237,,,,,,
371923,,,,,,,,,-0.000000,0.000000,,,,,,,,,,,,,,,,,,
371927,,,,,,,,,,,,,-2.000566,-1.298202,-0.062510,-0.070885,,,,0.042954,0.915647,0.342046,,,,,,
371933,,,,,,,,,-0.000000,0.000000,,,,,,,,,,,,,,,,,,
371937,,,,,,,,,,,,,-2.227710,-1.092307,-0.060597,-0.073530,,,,0.042920,0.915645,0.344855,,,,,,
371944,0.042998,0.915678,0.343593,0.000000,1.000000,0.783802,0.000000,0.000000,-0.023897,0.567630,-3.397221,-3.397221,,,,,-0.012079,0.093878,0.440209,,,,,,,,,
371951,,,,,,,,,-0.032273,-0.766578,,,-1.874395,-1.347807,-0.058204,-0.065153,,,,0.042917,0.915673,0.344861,,,,,,
371957,,,,,,,,,,,,,-1.577116,-1.134045,-0.061540,-0.067743,,,,0.042838,0.915644,0.344869,,,,,,
371963,,,,,,,,,-0.027467,-0.652434,,,,,,,,,,,,,,,,,,
371967,,,,,,,,,,,,,-1.326985,-1.496721,-0.064456,-0.064497,,,,0.042743,0.915618,0.339260,,,,,,
371973,,,,,,,,,-0.027478,-0.652695,,,,,,,,,,,,,,,,,,
371977,,,,,,,,,,,,,-1.116525,-1.804702,-0.067017,-0.061735,,,,0.042559,0.915572,0.336417,,,,,,
371983,,,,,,,,,-0.000000,0.000000,,,,,,,,,,,,,,,,,,
371987,,,,,,,,,,,,,-0.939444,-1.518476,-0.069279,-0.064973,,,,0.042323,0.915514,0.330847,,,,,,
371994,0.042380,0.915528,0.331916,0.000000,1.000000,0.783802,0.000000,0.000000,-0.000000,0.000000,-3.527106,-3.527106,,,,,-0.012541,0.093671,0.451886,,,,,,,,,
371997,,,,,,,,,,,,,-0.790448,-1.820939,-0.072615,-0.063589,,,,0.041934,0.915426,0.325223,,,,,,
372003,,,,,,,,,-0.032209,-0.765049,,,,,,,,,,,,,,,,,,
372009,,,,,,,,,,,,,-0.665083,-1.532138,-0.074441,-0.066876,,,,0.041557,0.915277,0.325208,,,,,,
372013,,,,,,,,,-0.000000,0.000000,,,,,,,,,,,,,,,,,,
372017,,,,,,,,,,,,,-1.158329,-1.289141,-0.069982,-0.069754,,,,0.041219,0.915164,0.325227,,,,,,
372023,,,,,,,,,-0.054968,0.000000,,,,,,,,,,,,,,,,,,
372028,,,,,,,,,,,,,-0.974618,-1.628736,-0.072330,-0.066737,,,,0.041190,0.915149,0.325234,,,,,,
372033,,,,,,,,,-0.000000,0.000000,,,,,,,,,,,,,,,,,,
372037,,,,,,,,,,,,,-0.820043,-1.915071,-0.074417,-0.064196,,,,0.041224,0.915147,0.322403,,,,,,
372044,0.041321,0.915179,0.323202,0.000000,1.000000,0.783802,0.000000,0.000000,-0.046461,0.000000,-3.443082,-3.443082,,,,,-0.012242,0.093553,0.460600,,,,,,,,,
372047,,,,,,,,,,,,,-1.235182,-2.156538,-0.069867,-0.061199,,,,0.041134,0.915109,0.322403,,,,,,
372053,,,,,,,,,-0.033686,-0.800140,,,,,,,,,,,,,,,,,,
372057,,,,,,,,,,,,,-1.039282,-1.814510,-0.072307,-0.064945,,,,0.041109,0.915123,0.316819,,,,,,
372063,,,,,,,,,-0.027451,-0.652043,,,,,,,,,,,,,,,,,,
372069,,,,,,,,,,,,,-0.874452,-2.022444,-0.074469,-0.063149,,,,,,,,,,,,
372073,,,,,,,,,-0.027476,-0.652630,,,,,,,,,,,,,,,,,,
372077,,,,,,,,,,,,,-1.338868,-2.304789,-0.070246,-0.060554,,,,0.040700,0.914985,0.311213,,,,,,
372083,,,,,,,,,-0.027418,0.651262,,,,,,,,,,,,,,,,,,
372087,,,,,,,,,,,,,-1.126523,-2.484556,-0.072832,-0.058948,,,,0.040355,0.914889,0.308411,,,,,,
372094,0.040328,0.914876,0.312385,0.000000,1.000000,0.783802,0.000000,0.000000,-0.023802,-0.565368,-3.435438,-3.435438,,,,,-0.012215,0.093399,0.471417,,,,,,,,,
372097,,,,,,,,,,,,,-0.947857,-2.090505,-0.075040,-0.063081,,,,0.039909,0.914724,0.305600,,,,,,
372103,,,,,,,,,-0.065073,0.000000,,,,,,,,,,,,,,,,,,
372109,,,,,,,,,,,,,-1.290906,-2.252330,-0.072039,-0.061699,,,,0.039499,0.914612,0.305600,,,,,,
372113,,,,,,,,,-0.000000,0.000000,,,,,,,,,,,,,,,,,,
372117,,,,,,,,,,,,,-1.086168,-1.895110,-0.074556,-0.065579,,,,0.039016,0.914481,0.305593,,,,,,
372123,,,,,,,,,-0.027451,0.652043,,,,,,,,,,,,,,,,,,
372127,,,,,,,,,,,,,-1.457304,-1.594546,-0.071240,-0.068953,,,,0.038634,0.914355,0.305630,,,,,,
372133,,,,,,,,,-0.000000,0.000000,,,,,,,,,,,,,,,,,,
372137,,,,,,,,,,,,,-1.771536,-1.341650,-0.068430,-0.071901,,,,0.038136,0.914163,0.311210,,,,,,
372144,0.038320,0.914223,0.311309,0.000000,1.000000,0.783802,0.000000,0.000000,-0.023767,0.564536,-2.869968,-2.869968,,,,,-0.010204,0.093392,0.472493,,,,,,,,,
372147,,,,,,,,,,,,,-2.034842,-1.128865,-0.060310,-0.068722,,,,0.038017,0.914113,0.316851,,,,,,
372153,,,,,,,,,-0.032618,0.774770,,,,,,,,,,,,,,,,,,
372158,,,,,,,,,,,,,-2.257805,-0.949826,-0.058203,-0.070897,,,,0.037975,0.914110,0.319680,,,,,,
372163,,,,,,,,,-0.027363,0.649964,,,,,,,,,,,,,,,,,,
372169,,,,,,,,,,,,,-1.899716,-0.799184,-0.061977,-0.072817,,,,,,,,,,,,
372173,,,,,,,,,-0.027567,0.654791,,,,,,,,,,,,,,,,,,
372177,,,,,,,,,,,,,-2.189545,-0.672433,-0.059215,-0.074524,,,,0.037728,0.913904,0.333661,,,,,,
372183,,,,,,,,,-0.027369,0.650094,,,,,,,,,,,,,,,,,,
372187,,,,,,,,,,,,,-2.388246,-0.565785,-0.057325,-0.076052,,,,0.037555,0.913836,0.339288,,,,,,
372194,0.037511,0.913832,0.339668,0.000000,1.000000,0.783802,0.000000,0.000000,-0.000000,0.000000,-1.872651,-1.872651,,,,,-0.006658,0.093743,0.444134,,,,,,,,,
372197,,,,,,,,,,,,,-2.553523,-0.476052,-0.045562,-0.067255,,,,0.037376,0.913708,0.344920,,,,,,
372203,,,,,,,,,-0.032406,0.769743,,,,,,,,,,,,,,,,,,
372207,,,,,,,,,,,,,-2.148534,-0.400550,-0.049557,-0.068305,,,,0.037174,0.913640,0.347717,,,,,,
372213,,,,,,,,,-0.000000,0.000000,,,,,,,,,,,,,,,,,,
372217,,,,,,,,,,,,,-2.352265,-0.337022,-0.047424,-0.069247,,,,0.036915,0.913521,0.350516,,,,,,
372223,,,,,,,,,-0.027372,0.650159,,,,,,,,,,,,,,,,,,
372230,,,,,,,,,,,,,-1.979196,-0.283571,-0.051133,-0.070099,,,,0.036669,0.913445,0.353361,,,,,,
372233,,,,,,,,,-0.000000,0.000000,,,,,,,,,,,,,,,,,,
372237,,,,,,,,,,,,,-1.665295,-0.238596,-0.054314,-0.070876,,,,0.036372,0.913335,0.358929,,,,,,
372244,0.036468,0.913376,0.357313,0.000000,1.000000,0.783802,0.000000,0.000000,-0.023763,0.564438,-1.087691,-1.087691,,,,,-0.003867,0.093908,0.426490,,,,,,,,,
372247,,,,,,,,,,,,,-1.946049,-0.200755,-0.043485,-0.063582,,,,0.036352,0.913345,0.358961,,,,,,
372253,,,,,,,,,-0.000000,0.000000,,,,,,,,,,,,,,,,,,
372257,,,,,,,,,,,,,-1.637405,-0.168915,-0.046462,-0.064084,,,,0.036334,0.913300,0.361749,,,,,,
372263,,,,,,,,,-0.000000,0.000000,,,,,,,,,,,,,,,,,,
372267,,,,,,,,,,,,,-1.377713,-0.142125,-0.049000,-0.064541,,,,0.036314,0.913293,0.364601,,,,,,
372273,,,,,,,,,-0.000000,0.000000,,,,,,,,,,,,,,,,,,
372277,,,,,,,,,,,,,-1.159207,-0.119584,-0.051171,-0.064960,,,,0.036209,0.913272,0.364589,,,,,,
372283,,,,,,,,,-0.000000,0.000000,,,,,,,,,,,,,,,,,,
372289,,,,,,,,,,,,,-0.975357,-0.100618,-0.053032,-0.065347,,,,0.036099,0.913233,0.364579,,,,,,
372294,0.036130,0.913245,0.363969,0.000000,1.000000,0.783802,0.000000,0.000000,-0.000000,0.000000,-0.809779,-0.809779,,,,,-0.002879,0.093933,0.419833,,,,,,,,,
372297,,,,,,,,,,,,,-0.820665,-0.084660,-0.051798,-0.062873,,,,0.036173,0.913254,0.364589,,,,,,
372303,,,,,,,,,-0.000000,0.000000,,,,,,,,,,,,,,,,,,
372307,,,,,,,,,,,,,-0.690508,-0.071233,-0.053123,-0.063155,,,,0.036240,0.913265,0.364563,,,,,,
372313,,,,,,,,,-0.000000,0.000000,,,,,,,,,,,,,,,,,,
372317,,,,,,,,,,,,,-0.580993,-0.059935,-0.054264,-0.063418,,,,0.036303,0.913294,0.364571,,,,,,
372323,,,,,,,,,-0.000000,0.000000,,,,,,,,,,,,,,,,,,
372329,,,,,,,,,,,,,-0.488847,-0.050430,-0.055250,-0.063665,,,,0.036304,0.913302,0.364571,,,,,,
372333,,,,,,,,,-0.000000,0.000000,,,,,,,,,,,,,,,,,,
372337,,,,,,,,,,,,,-0.411316,-0.042431,-0.056105,-0.063898,,,,0.036257,0.913289,0.364601,,,,,,
372344,0.036246,0.913286,0.364548,0.000000,1.000000,0.783802,0.000000,0.000000,-0.000000,0.000000,-0.829211,-0.829211,,,,,-0.002948,0.093939,0.419254,,,,,,,,,
372347,,,,,,,,,,,,,-0.346081,-0.035702,-0.057048,-0.064318,,,,0.036226,0.913279,0.364601,,,,,,
372353,,,,,,,,,-0.000000,0.000000,,,,,,,,,,,,,,,,,,
372357,,,,,,,,,,,,,-0.291193,-0.030040,-0.057705,-0.064535,,,,0.036203,0.913251,0.364563,,,,,,
372363,,,,,,,,,-0.000000,0.000000,,,,,,,,,,,,,,,,,,
372367,,,,,,,,,,,,,-0.245010,-0.025275,-0.058283,-0.064743,,,,0.036218,0.913271,0.364601,,,,,,
372373,,,,,,,,,-0.000000,0.000000,,,,,,,,,,,,,,,,,,
372377,,,,,,,,,,,,,-0.206151,-0.021267,-0.058796,-0.064945,,,,0.036238,0.913286,0.364601,,,,,,
372383,,,,,,,,,-0.000000,0.000000,,,,,,,,,,,,,,,,,,
372400,0.036238,0.913286,0.364596,0.000000,1.000000,0.783802,0.000000,0.000000,-0.000000,0.000000,-0.825872,-0.825872,-0.145945,-0.015056,-0.059632,-0.065297,-0.002936,0.093936,0.419206,,,,,,,,,
372403,,,,,,,,,-0.000000,0.000000,,,,,,,,,,0.036250,0.913281,0.364601,,,,,,
372408,,,,,,,,,,,,,-0.122798,-0.012668,-0.060004,-0.065484,,,,,,,,,,,,
372413,,,,,,,,,-0.000000,0.000000,,,,,,,,,,,,,,,,,,
372417,,,,,,,,,,,,,-0.103323,-0.010659,-0.060343,-0.065667,,,,0.036228,0.913284,0.364601,,,,,,
372423,,,,,,,,,-0.000000,0.000000,,,,,,,,,,,,,,,,,,
372427,,,,,,,,,,,,,-0.086936,-0.008968,-0.060655,-0.065847,,,,0.036234,0.913290,0.364601,,,,,,
372433,,,,,,,,,-0.000000,0.000000,,,,,,,,,,,,,,,,,,
372437,,,,,,,,,,,,,-0.073148,-0.007546,-0.060943,-0.066025,,,,0.036247,0.913291,0.364601,,,,,,
372444,0.036247,0.913291,0.364600,0.000000,1.000000,0.783802,0.000000,0.000000,-0.000000,0.000000,-0.828462,-0.828462,,,,,-0.002946,0.093934,0.419202,,,,,,,,,
372451,,,,,,,,,-0.000000,0.000000,,,-0.061546,-0.006349,-0.061238,-0.066228,,,,0.036246,0.913291,0.364571,,,,,,
372457,,,,,,,,,,,,,-0.051785,-0.005342,-0.061491,-0.066402,,,,0.036228,0.913290,0.364601,,,,,,
372463,,,,,,,,,-0.000000,0.000000,,,,,,,,,,,,,,,,,,
372467,,,,,,,,,,,,,-0.043572,-0.004495,-0.061730,-0.066576,,,,0.036236,0.913290,0.364571,,,,,,
372473,,,,,,,,,-0.000000,0.000000,,,,,,,,,,,,,,,,,,
372477,,,,,,,,,,,,,-0.036661,-0.003782,-0.061958,-0.066748,,,,0.036238,0.913288,0.364571,,,,,,
372483,,,,,,,,,-0.000000,0.000000,,,,,,,,,,,,,,,,,,
372487,,,,,,,,,,,,,-0.030847,-0.003182,-0.062175,-0.066919,,,,0.036250,0.913293,0.364601,,,,,,
372494,0.036249,0.913293,0.364601,0.000000,1.000000,0.783802,0.000000,0.000000,-0.000000,0.000000,-0.829324,-0.829324,,,,,-0.002949,0.093933,0.419201,,,,,,,,,
372497,,,,,,,,,,,,,-0.025955,-0.002677,-0.062394,-0.067098,,,,0.036247,0.913293,0.364571,,,,,,
372503,,,,,,,,,-0.000000,0.000000,,,,,,,,,,,,,,,,,,
372509,,,,,,,,,,,,,-0.021838,-0.002253,-0.062596,-0.067267,,,,0.036243,0.913293,0.364601,,,,,,
372513,,,,,,,,,-0.000000,0.000000,,,,,,,,,,,,,,,,,,
372517,,,,,,,,,,,,,-0.018375,-0.001896,-0.062793,-0.067436,,,,0.036245,0.913291,0.364601,,,,,,
372523,,,,,,,,,-0.000000,0.000000,,,,,,,,,,,,,,,,,,
372527,,,,,,,,,,,,,-0.015460,-0.001595,-0.062985,-0.067605,,,,0.036248,0.913295,0.364601,,,,,,
372533,,,,,,,,,-0.000000,0.000000,,,,,,,,,,,,,,,,,,
372537,,,,,,,,,,,,,-0.013008,-0.001342,-0.063173,-0.067773,,,,0.036249,0.913293,0.364601,,,,,,
372544,0.036249,0.913293,0.364601,0.000001,1.000001,0.783802,0.000000,0.000000,-0.000000,0.000000,-0.828788,-0.828788,,,,,-0.002947,0.093934,0.419201,,,,,,,,,
372552,,,,,,,,,-0.000000,0.000000,,,-0.010945,-0.001129,-0.063352,-0.067935,,,,0.036248,0.913295,0.364601,,,,,,
372557,,,,,,,,,,,,,-0.009209,-0.000950,-0.063533,-0.068103,,,,0.036248,0.913293,0.364601,,,,,,
372563,,,,,,,,,-0.000000,0.000000,,,,,,,,,,,,,,,,,,
372567,,,,,,,,,,,,,-0.007749,-0.000799,-0.063712,-0.068270,,,,0.036253,0.913296,0.364601,,,,,,
372573,,,,,,,,,-0.000000,0.000000,,,,,,,,,,,,,,,,,,
372577,,,,,,,,,,,,,-0.006520,-0.000673,-0.063889,-0.068437,,,,0.036252,0.913293,0.364571,,,,,,
372583,,,,,,,,,-0.000000,0.000000,,,,,,,,,,,,,,,,,,
372587,,,,,,,,,,,,,-0.005486,-0.000566,-0.064064,-0.068603,,,,0.036258,0.913296,0.364571,,,,,,
372594,0.036257,0.913295,0.364574,0.000007,1.000007,0.783802,0.000074,-0.000000,-0.000000,0.000000,-0.826645,-0.824523,,,,,-0.002950,0.093938,0.419228,,,,,,,,,
372597,,,,,,,,,,,,,-0.004616,-0.000476,-0.064215,-0.068726,,,,0.036251,0.913296,0.364601,,,,,,
372603,,,,,,,,,-0.000000,0.000000,,,,,,,,,,,,,,,,,,
372609,,,,,,,,,,,,,-0.003884,-0.000401,-0.064387,-0.068892,,,,0.036254,0.913296,0.364601,,,,,,
372613,,,,,,,,,-0.000000,0.000000,,,,,,,,,,,,,,,,,,
372618,,,,,,,,,,,,,-0.003268,-0.000337,-0.064558,-0.069058,,,,,,,,,,,,
372623,,,,,,,,,-0.000000,0.000000,,,,,,,,,,,,,,,,,,
372628,,,,,,,,,,,,,-0.002749,-0.000284,-0.064728,-0.069223,,,,,,,,,,,,
372633,,,,,,,,,-0.000000,0.000000,,,,,,,,,,,,,,,,,,
372637,,,,,,,,,,,,,-0.002313,-0.000239,-0.064897,-0.069388,,,,0.036268,0.913287,0.364571,,,,,,
372644,0.036268,0.913288,0.364571,0.000023,1.000023,0.783802,0.000294,-0.000000,-0.000000,0.000000,-0.813471,-0.805042,,,,,-0.002937,0.093958,0.419231,,,,,,,,,
372647,,,,,,,,,,,,,-0.001946,-0.000201,-0.064931,-0.069355,,,,0.036262,0.913293,0.364571,,,,,,
372653,,,,,,,,,-0.000000,0.000000,,,,,,,,,,,,,,,,,,
372657,,,,,,,,,,,,,-0.001638,-0.000169,-0.065097,-0.069516,,,,0.036272,0.913288,0.364571,,,,,,
372663,,,,,,,,,-0.000000,0.000000,,,,,,,,,,,,,,,,,,
372669,,,,,,,,,,,,,-0.001378,-0.000142,-0.065262,-0.069677,,,,,,,,,,,,
372673,,,,,,,,,-0.000000,0.000000,,,,,,,,,,,,,,,,,,
372677,,,,,,,,,,,,,-0.001159,-0.000120,-0.065426,-0.069839,,,,0.036271,0.913283,0.364571,,,,,,
372683,,,,,,,,,-0.000000,0.000000,,,,,,,,,,,,,,,,,,
372688,,,,,,,,,,,,,-0.000976,-0.000101,-0.065591,-0.070000,,,,0.036274,0.913279,0.364563,,,,,,
372694,0.036273,0.913280,0.364563,0.000055,1.000055,0.783802,0.000655,-0.000002,-0.000000,0.000000,-0.787348,-0.768577,,,,,-0.002899,0.093985,0.419239,,,,,,,,,
372697,,,,,,,,,,,,,-0.000821,-0.000085,-0.065488,-0.069789,,,,0.036273,0.913285,0.364571,,,,,,
372703,,,,,,,,,-0.000000,0.000000,,,,,,,,,,,,,,,,,,
372709,,,,,,,,,,,,,-0.000691,-0.000071,-0.065647,-0.069943,,,,0.036271,0.913290,0.364571,,,,,,
372713,,,,,,,,,-0.000000,0.000000,,,,,,,,,,,,,,,,,,
372717,,,,,,,,,,,,,-0.000581,-0.000060,-0.065806,-0.070097,,,,0.036274,0.913290,0.364563,,,,,,
372723,,,,,,,,,-0.000000,0.000000,,,,,,,,,,,,,,,,,,
372727,,,,,,,,,,,,,-0.000489,-0.000050,-0.065964,-0.070250,,,,0.036277,0.913291,0.364571,,,,,,
372733,,,,,,,,,-0.000000,0.000000,,,,,,,,,,,,,,,,,,
372737,,,,,,,,,,,,,-0.000411,-0.000042,-0.066122,-0.070404,,,,0.036281,0.913290,0.364571,,,,,,
372744,0.036280,0.913289,0.364570,0.000107,1.000106,0.783801,0.001152,-0.000009,-0.000000,0.000000,-0.749896,-0.716911,,,,,-0.002841,0.094008,0.419231,,,,,,,,,
372747,,,,,,,,,,,,,-0.000346,-0.000036,-0.065898,-0.070031,,,,0.036278,0.913293,0.364571,,,,,,
372753,,,,,,,,,-0.000000,0.000000,,,,,,,,,,,,,,,,,,
372757,,,,,,,,,,,,,-0.000291,-0.000030,-0.066048,-0.070174,,,,0.036275,0.913288,0.364571,,,,,,
372763,,,,,,,,,-0.000000,0.000000,,,,,,,,,,,,,,,,,,
372769,,,,,,,,,,,,,-0.000245,-0.000025,-0.066199,-0.070318,,,,,,,,,,,,
372773,,,,,,,,,-0.000000,0.000000,,,,,,,,,,,,,,,,,,
372777,,,,,,,,,,,,,-0.000206,-0.000021,-0.066349,-0.070461,,,,0.036258,0.913281,0.364601,,,,,,
372783,,,,,,,,,-0.000000,0.000000,,,,,,,,,,,,,,,,,,
372787,,,,,,,,,,,,,-0.000173,-0.000018,-0.066499,-0.070605,,,,0.036257,0.913280,0.364601,,,,,,
372794,0.036259,0.913281,0.364598,0.000183,1.000182,0.783799,0.001782,-0.000027,-0.000000,0.000000,-0.688038,-0.637084,,,,,-0.002717,0.094053,0.419201,,,,,,,,,
372797,,,,,,,,,,,,,-0.000146,-0.000015,-0.066019,-0.069934,,,,0.036274,0.913294,0.364571,,,,,,
372803,,,,,,,,,-0.000000,0.000000,,,,,,,,,,,,,,,,,,
372807,,,,,,,,,,,,,-0.000123,-0.000013,-0.066157,-0.070061,,,,0.036277,0.913294,0.364571,,,,,,
372813,,,,,,,,,-0.000000,0.000000,,,,,,,,,,,,,,,,,,
372817,,,,,,,,,,,,,-0.000103,-0.000011,-0.066294,-0.070189,,,,0.036274,0.913290,0.364563,,,,,,
372823,,,,,,,,,-0.000000,0.000000,,,,,,,,,,,,,,,,,,
372829,,,,,,,,,,,,,-0.000087,-0.000009,-0.066432,-0.070316,,,,0.036276,0.913290,0.364571,,,,,,
372833,,,,,,,,,-0.000000,0.000000,,,,,,,,,,,,,,,,,,
372837,,,,,,,,,,,,,-0.000073,-0.000008,-0.066570,-0.070444,,,,0.036274,0.913291,0.364571,,,,,,
372844,0.036272,0.913290,0.364573,0.000288,1.000287,0.783794,0.002540,-0.000067,-0.000000,0.000000,-0.622619,-0.550133,,,,,-0.002600,0.094110,0.419220,,,,,,,,,
372847,,,,,,,,,,,,,-0.000062,-0.000006,-0.066040,-0.069684,,,,0.036277,0.913293,0.364571,,,,,,
372853,,,,,,,,,-0.000000,0.000000,,,,,,,,,,,,,,,,,,
372857,,,,,,,,,,,,,-0.000052,-0.000005,-0.066165,-0.069794,,,,0.036278,0.913293,0.364571,,,,,,
372863,,,,,,,,,-0.000000,0.000000,,,,,,,,,,,,,,,,,,
372867,,,,,,,,,,,,,-0.000044,-0.000004,-0.066289,-0.069904,,,,0.036275,0.913297,0.364571,,,,,,
372873,,,,,,,,,-0.000000,0.000000,,,,,,,,,,,,,,,,,,
372877,,,,,,,,,,,,,-0.000037,-0.000004,-0.066414,-0.070014,,,,0.036280,0.913296,0.364571,,,,,,
372883,,,,,,,,,-0.000000,0.000000,,,,,,,,,,,,,,,,,,
372889,,,,,,,,,,,,,-0.000031,-0.000003,-0.066539,-0.070124,,,,0.036279,0.913295,0.364571,,,,,,
372894,0.036278,0.913295,0.364571,0.000427,1.000425,0.783784,0.003422,-0.000142,-0.000000,0.000000,-0.536435,-0.439044,,,,,-0.002429,0.094186,0.419213,,,,,,,,,
372897,,,,,,,,,,,,,-0.000026,-0.000003,-0.065784,-0.069101,,,,0.036279,0.913298,0.364571,,,,,,
372903,,,,,,,,,-0.000000,0.000000,,,,,,,,,,,,,,,,,,
372907,,,,,,,,,,,,,-0.000022,-0.000002,-0.065891,-0.069189,,,,0.036276,0.913293,0.364571,,,,,,
372913,,,,,,,,,-0.000000,0.000000,,,,,,,,,,,,,,,,,,
372917,,,,,,,,,,,,,-0.000018,-0.000002,-0.065999,-0.069277,,,,0.036279,0.913292,0.364571,,,,,,
372923,,,,,,,,,-0.000000,0.000000,,,,,,,,,,,,,,,,,,
372929,,,,,,,,,,,,,-0.000015,-0.000002,-0.066106,-0.069364,,,,0.036276,0.913299,0.364571,,,,,,
372933,,,,,,,,,-0.000000,0.000000,,,,,,,,,,,,,,,,,,
372937,,,,,,,,,,,,,-0.000013,-0.000001,-0.066213,-0.069452,,,,0.036275,0.913297,0.364571,,,,,,
372944,0.036275,0.913297,0.364571,0.000603,1.000601,0.783765,0.004424,-0.000271,-0.000000,0.000000,-0.428805,-0.303348,,,,,-0.002200,0.094285,0.419194,,,,,,,,,
372947,,,,,,,,,,,,,-0.000011,-0.000001,-0.065223,-0.068156,,,,0.036278,0.913298,0.364571,,,,,,
372953,,,,,,,,,-0.000000,0.000000,,,,,,,,,,,,,,,,,,
372957,,,,,,,,,,,,,-0.000009,-0.000001,-0.065309,-0.068217,,,,0.036275,0.913299,0.364571,,,,,,
372963,,,,,,,,,-0.000000,0.000000,,,,,,,,,,,,,,,,,,
372967,,,,,,,,,,,,,-0.000008,-0.000001,-0.065394,-0.068277,,,,0.036275,0.913298,0.364571,,,,,,
372973,,,,,,,,,-0.000000,0.000000,,,,,,,,,,,,,,,,,,
372977,,,,,,,,,,,,,-0.000007,-0.000001,-0.065480,-0.068338,,,,0.036278,0.913299,0.364571,,,,,,
372983,,,,,,,,,-0.000000,0.000000,,,,,,,,,,,,,,,,,,
372989,,,,,,,,,,,,,-0.000005,-0.000001,-0.065566,-0.068399,,,,0.036273,0.913297,0.364571,,,,,,
372994,0.036273,0.913297,0.364571,0.000820,1.000818,0.783734,0.005540,-0.000480,-0.000000,0.000000,-0.301186,-0.144810,,,,,-0.001917,0.094409,0.419163,,,,,,,,,
372997,,,,,,,,,,,,,-0.000005,-0.000000,-0.064350,-0.066842,,,,0.036272,0.913301,0.364571,,,,,,
373003,,,,,,,,,-0.000000,0.000000,,,,,,,,,,,,,,,,,,
373007,,,,,,,,,,,,,-0.000004,-0.000000,-0.064410,-0.066871,,,,0.036275,0.913299,0.364571,,,,,,
373013,,,,,,,,,-0.000000,0.000000,,,,,,,,,,,,,,,,,,
373017,,,,,,,,,,,,,-0.000003,-0.000000,-0.064471,-0.066900,,,,0.036278,0.913296,0.364571,,,,,,
373023,,,,,,,,,-0.000000,0.000000,,,,,,,,,,,,,,,,,,
373027,,,,,,,,,,,,,-0.000003,-0.000000,-0.064531,-0.066929,,,,0.036281,0.913299,0.364571,,,,,,
373033,,,,,,,,,-0.000000,0.000000,,,,,,,,,,,,,,,,,,
373037,,,,,,,,,,,,,-0.000002,-0.000000,-0.064591,-0.066958,,,,0.036282,0.913304,0.364571,,,,,,
373044,0.036282,0.913303,0.364571,0.001083,1.001080,0.783683,0.006768,-0.000797,-0.000000,0.000000,-0.155384,0.034558,,,,,-0.001589,0.094558,0.419112,,,,,,,,,
373051,,,,,,,,,-0.000000,0.000000,,,-0.000002,-0.000000,-0.063164,-0.065158,,,,0.036284,0.913304,0.364571,,,,,,
373057,,,,,,,,,,,,,-0.000002,-0.000000,-0.063195,-0.065151,,,,0.036281,0.913304,0.364571,,,,,,
373063,,,,,,,,,-0.000000,0.000000,,,,,,,,,,,,,,,,,,
373067,,,,,,,,,,,,,-0.000001,-0.000000,-0.063226,-0.065144,,,,0.036275,0.913304,0.364571,,,,,,
373073,,,,,,,,,-0.000000,0.000000,,,,,,,,,,,,,,,,,,
373077,,,,,,,,,,,,,-0.000001,-0.000000,-0.063257,-0.065137,,,,0.036281,0.913305,0.364571,,,,,,
373083,,,,,,,,,-0.000000,0.000000,,,,,,,,,,,,,,,,,,
373089,,,,,,,,,,,,,-0.000001,-0.000000,-0.063288,-0.065130,,,,0.036283,0.913302,0.364571,,,,,,
373094,0.036283,0.913302,0.364571,0.001395,1.001391,0.783605,0.008103,-0.001258,-0.000000,0.000000,0.015807,0.241627,,,,,-0.001187,0.094739,0.419034,,,,,,,,,
373097,,,,,,,,,,,,,-0.000001,-0.000000,-0.061573,-0.063011,,,,0.036281,0.913306,0.364571,,,,,,
373103,,,,,,,,,-0.000000,0.000000,,,,,,,,,,,,,,,,,,
373107,,,,,,,,,,,,,-0.000001,-0.000000,-0.061570,-0.062963,,,,0.036280,0.913305,0.364571,,,,,,
373113,,,,,,,,,-0.000000,0.000000,,,,,,,,,,,,,,,,,,
373117,,,,,,,,,,,,,-0.000001,-0.000000,-0.061567,-0.062914,,,,0.036282,0.913304,0.364571,,,,,,
373123,,,,,,,,,-0.000000,0.000000,,,,,,,,,,,,,,,,,,
373127,,,,,,,,,,,,,-0.000000,-0.000000,-0.061564,-0.062866,,,,0.036283,0.913305,0.364571,,,,,,
373133,,,,,,,,,-0.000000,0.000000,,,,,,,,,,,,,,,,,,
373137,,,,,,,,,,,,,-0.000000,-0.000000,-0.061561,-0.062818,,,,0.036285,0.913303,0.364571,,,,,,
373144,0.036285,0.913303,0.364571,0.001760,1.001754,0.783489,0.009540,-0.001907,-0.000000,0.000000,0.210686,0.474311,,,,,-0.000719,0.094947,0.418918,,,,,,,,,
373150,,,,,,,,,,,,,-0.000000,-0.000000,-0.059570,-0.060396,,,,0.036286,0.913305,0.364571,,,,,,
373153,,,,,,,,,-0.000000,0.000000,,,,,,,,,,,,,,,,,,
373157,,,,,,,,,,,,,-0.000000,-0.000000,-0.059528,-0.060301,,,,0.036291,0.913299,0.364571,,,,,,
373163,,,,,,,,,-0.000000,0.000000,,,,,,,,,,,,,,,,,,
373167,,,,,,,,,,,,,-0.000000,-0.000000,-0.059485,-0.060206,,,,0.036286,0.913299,0.364571,,,,,,
373173,,,,,,,,,-0.000000,0.000000,,,,,,,,,,,,,,,,,,
373177,,,,,,,,,,,,,-0.000000,-0.000000,-0.059443,-0.060111,,,,0.036290,0.913302,0.364571,,,,,,
373183,,,,,,,,,-0.000000,0.000000,,,,,,,,,,,,,,,,,,
373187,,,,,,,,,,,,,-0.000000,-0.000000,-0.059401,-0.060016,,,,0.036290,0.913308,0.364571,,,,,,
373194,0.036290,0.913308,0.364571,0.002181,1.002174,0.783321,0.011076,-0.002789,-0.000000,0.000000,0.429854,0.732876,,,,,-0.000182,0.095187,0.418750,,,,,,,,,
373197,,,,,,,,,,,,,-0.000000,-0.000000,-0.057124,-0.057284,,,,0.036288,0.913305,0.364571,,,,,,
373203,,,,,,,,,-0.000000,0.000000,,,,,,,,,,,,,,,,,,
373209,,,,,,,,,,,,,-0.000000,-0.000000,-0.057038,-0.057138,,,,0.036292,0.913307,0.364571,,,,,,
373213,,,,,,,,,-0.000000,0.000000,,,,,,,,,,,,,,,,,,
373217,,,,,,,,,,,,,-0.000000,-0.000000,-0.056952,-0.056991,,,,0.036289,0.913302,0.364571,,,,,,
373223,,,,,,,,,-0.000000,0.000000,,,,,,,,,,,,,,,,,,
373227,,,,,,,,,,,,,-0.000000,-0.000000,-0.056866,-0.056844,,,,0.036290,0.913305,0.364571,,,,,,
373233,,,,,,,,,-0.000000,0.000000,,,,,,,,,,,,,,,,,,
373237,,,,,,,,,,,,,-0.000000,-0.000000,-0.056780,-0.056698,,,,0.036287,0.913308,0.364571,,,,,,
373244,0.036287,0.913308,0.364571,0.002662,1.002652,0.783087,0.012706,-0.003960,-0.000000,0.000000,0.677563,1.021115,,,,,0.000440,0.095461,0.418516,,,,,,,,,
373250,,,,,,,,,,,,,-0.000000,-0.000000,-0.054167,-0.053611,,,,0.036293,0.913305,0.364571,,,,,,
373253,,,,,,,,,-0.000000,0.000000,,,,,,,,,,,,,,,,,,
373257,,,,,,,,,,,,,-0.000000,-0.000000,-0.054032,-0.053407,,,,0.036294,0.913312,0.364571,,,,,,
373263,,,,,,,,,-0.000000,0.000000,,,,,,,,,,,,,,,,,,
373267,,,,,,,,,,,,,-0.000000,-0.000000,-0.053896,-0.053203,,,,0.036292,0.913305,0.364571,,,,,,
373273,,,,,,,,,-0.000000,0.000000,,,,,,,,,,,,,,,,,,
373277,,,,,,,,,,,,,-0.000000,-0.000000,-0.053761,-0.052999,,,,0.036291,0.913308,0.364571,,,,,,
373283,,,,,,,,,-0.000000,0.000000,,,,,,,,,,,,,,,,,,
373287,,,,,,,,,,,,,-0.000000,-0.000000,-0.053625,-0.052794,,,,0.036289,0.913306,0.364571,,,,,,
373294,0.036289,0.913306,0.364571,0.003205,1.003192,0.782766,0.014425,-0.005480,-0.000000,0.000000,0.951801,1.336528,,,,,0.001139,0.095774,0.418195,,,,,,,,,
373297,,,,,,,,,,,,,-0.000000,-0.000000,-0.050692,-0.049373,,,,0.036291,0.913301,0.364571,,,,,,
373303,,,,,,,,,-0.000000,0.000000,,,,,,,,,,,,,,,,,,
373309,,,,,,,,,,,,,-0.000000,-0.000000,-0.050502,-0.049106,,,,0.036290,0.913307,0.364571,,,,,,
373313,,,,,,,,,-0.000000,0.000000,,,,,,,,,,,,,,,,,,
373317,,,,,,,,,,,,,-0.000000,-0.000000,-0.050312,-0.048838,,,,0.036293,0.913309,0.364571,,,,,,
373323,,,,,,,,,-0.000000,0.000000,,,,,,,,,,,,,,,,,,
373327,,,,,,,,,,,,,-0.000000,-0.000000,-0.050121,-0.048571,,,,0.036295,0.913309,0.364571,,,,,,
373333,,,,,,,,,-0.000000,0.000000,,,,,,,,,,,,,,,,,,
373337,,,,,,,,,,,,,-0.000000,-0.000000,-0.049931,-0.048304,,,,0.036292,0.913312,0.364571,,,,,,
373344,0.036292,0.913312,0.364571,0.003813,1.003797,0.782337,0.016228,-0.007415,-0.000000,0.000000,1.253418,1.679428,,,,,0.001918,0.096119,0.417766,,,,,,,,,
373350,,,,,,,,,,,,,-0.000000,-0.000000,-0.046664,-0.044539,,,,0.036295,0.913311,0.364571,,,,,,
373353,,,,,,,,,-0.000000,0.000000,,,,,,,,,,,,,,,,,,
373357,,,,,,,,,,,,,-0.000000,-0.000000,-0.046413,-0.044203,,,,0.036298,0.913307,0.364571,,,,,,
373363,,,,,,,,,-0.000000,0.000000,,,,,,,,,,,,,,,,,,
373367,,,,,,,,,,,,,-0.000000,-0.000000,-0.046163,-0.043867,,,,0.036296,0.913310,0.364571,,,,,,
373373,,,,,,,,,-0.000000,0.000000,,,,,,,,,,,,,,,,,,
373377,,,,,,,,,,,,,-0.000000,-0.000000,-0.045912,-0.043531,,,,0.036295,0.913309,0.364571,,,,,,
373383,,,,,,,,,-0.000000,0.000000,,,,,,,,,,,,,,,,,,
373387,,,,,,,,,,,,,-0.000000,-0.000000,-0.045661,-0.043195,,,,0.036293,0.913307,0.364571,,,,,,
373394,0.036293,0.913307,0.364571,0.004490,1.004470,0.781773,0.018111,-0.009839,-0.000000,0.000000,1.586509,2.053357,,,,,0.002791,0.096510,0.417202,,,,,,,,,
373397,,,,,,,,,,,,,-0.000000,-0.000000,-0.042013,-0.039045,,,,0.036300,0.913309,0.364571,,,,,,
373403,,,,,,,,,-0.000000,0.000000,,,,,,,,,,,,,,,,,,
373409,,,,,,,,,,,,,-0.000000,-0.000000,-0.041696,-0.038635,,,,0.036300,0.913312,0.364571,,,,,,
373413,,,,,,,,,-0.000000,0.000000,,,,,,,,,,,,,,,,,,
373417,,,,,,,,,,,,,-0.000000,-0.000000,-0.041378,-0.038224,,,,0.036305,0.913308,0.364571,,,,,,
373423,,,,,,,,,-0.000000,0.000000,,,,,,,,,,,,,,,,,,
373427,,,,,,,,,,,,,-0.000000,-0.000000,-0.041061,-0.037813,,,,0.036300,0.913310,0.364571,,,,,,
373433,,,,,,,,,-0.000000,0.000000,,,,,,,,,,,,,,,,,,
373437,,,,,,,,,,,,,-0.000000,-0.000000,-0.040744,-0.037403,,,,0.036299,0.913314,0.364571,,,,,,
373444,0.036299,0.913314,0.364571,0.005238,1.005212,0.781043,0.020068,-0.012829,-0.000000,0.000000,1.947569,2.454144,,,,,0.003747,0.096933,0.416472,,,,,,,,,
373447,,,,,,,,,,,,,-0.000000,-0.000000,-0.036744,-0.032904,,,,0.036298,0.913314,0.364571,,,,,,
373453,,,,,,,,,-0.000000,0.000000,,,,,,,,,,,,,,,,,,
373457,,,,,,,,,,,,,-0.000000,-0.000000,-0.036354,-0.032413,,,,0.036306,0.913311,0.364571,,,,,,
373463,,,,,,,,,-0.000000,0.000000,,,,,,,,,,,,,,,,,,
373469,,,,,,,,,,,,,-0.000000,-0.000000,-0.035965,-0.031922,,,,,,,,,,,,
373473,,,,,,,,,-0.000000,0.000000,,,,,,,,,,,,,,,,,,
373477,,,,,,,,,,,,,-0.000000,-0.000000,-0.035575,-0.031431,,,,0.036303,0.913314,0.364571,,,,,,
373483,,,,,,,,,-0.000000,0.000000,,,,,,,,,,,,,,,,,,
373487,,,,,,,,,,,,,-0.000000,-0.000000,-0.035186,-0.030941,,,,0.036309,0.913309,0.364571,,,,,,
373494,0.036308,0.913309,0.364571,0.006060,1.006026,0.780113,0.022093,-0.016472,-0.000000,0.000000,2.340516,2.884994,,,,,0.004798,0.097408,0.415542,,,,,,,,,
373497,,,,,,,,,,,,,-0.000000,-0.000000,-0.030788,-0.026055,,,,0.036305,0.913313,0.364571,,,,,,
373503,,,,,,,,,-0.000000,0.000000,,,,,,,,,,,,,,,,,,
373509,,,,,,,,,,,,,-0.000000,-0.000000,-0.030320,-0.025478,,,,0.036308,0.913314,0.364571,,,,,,
373513,,,,,,,,,-0.000000,0.000000,,,,,,,,,,,,,,,,,,
373517,,,,,,,,,,,,,-0.000000,-0.000000,-0.029852,-0.024901,,,,0.036308,0.913313,0.364571,,,,,,
373523,,,,,,,,,-0.000000,0.000000,,,,,,,,,,,,,,,,,,
373527,,,,,,,,,,,,,-0.000000,-0.000000,-0.029384,-0.024324,,,,0.036306,0.913310,0.364571,,,,,,
373533,,,,,,,,,-0.000000,0.000000,,,,,,,,,,,,,,,,,,
373537,,,,,,,,,,,,,-0.000000,-0.000000,-0.028916,-0.023747,,,,0.036305,0.913312,0.364571,,,,,,
373544,0.036305,0.913311,0.364571,0.006958,1.006913,0.778943,0.024180,-0.020861,-0.000000,0.000000,2.768423,3.348177,,,,,0.005955,0.097913,0.414372,,,,,,,,,
373547,,,,,,,,,,,,,-0.000000,-0.000000,-0.024083,-0.018446,,,,0.036308,0.913311,0.364571,,,,,,
373553,,,,,,,,,-0.000000,0.000000,,,,,,,,,,,,,,,,,,
373557,,,,,,,,,,,,,-0.000000,-0.000000,-0.023529,-0.017776,,,,0.036310,0.913314,0.364571,,,,,,
373563,,,,,,,,,-0.000000,0.000000,,,,,,,,,,,,,,,,,,
373569,,,,,,,,,,,,,-0.000000,-0.000000,-0.022976,-0.017106,,,,,,,,,,,,
373573,,,,,,,,,-0.000000,0.000000,,,,,,,,,,,,,,,,,,
373577,,,,,,,,,,,,,-0.000000,-0.000000,-0.022422,-0.016437,,,,0.036310,0.913317,0.364571,,,,,,
373583,,,,,,,,,-0.000000,0.000000,,,,,,,,,,,,,,,,,,
373587,,,,,,,,,,,,,-0.000000,-0.000000,-0.021868,-0.015767,,,,0.036308,0.913314,0.364571,,,,,,
373594,0.036307,0.913314,0.364571,0.007934,1.007875,0.777488,0.026321,-0.026095,-0.000000,0.000000,3.227998,3.839505,,,,,0.007207,0.098463,0.412917,,,,,,,,,
373597,,,,,,,,,,,,,-0.000000,-0.000000,-0.016627,-0.010086,,,,0.036305,0.913310,0.364571,,,,,,
373603,,,,,,,,,-0.000000,0.000000,,,,,,,,,,,,,,,,,,
373607,,,,,,,,,,,,,-0.000000,-0.000000,-0.015981,-0.009318,,,,0.036306,0.913312,0.364571,,,,,,
373613,,,,,,,,,-0.000000,0.000000,,,,,,,,,,,,,,,,,,
373617,,,,,,,,,,,,,-0.000000,-0.000000,-0.015336,-0.008550,,,,0.036308,0.913316,0.364571,,,,,,
373623,,,,,,,,,-0.000000,0.000000,,,,,,,,,,,,,,,,,,
373629,,,,,,,,,,,,,-0.000000,-0.000000,-0.014690,-0.007782,,,,0.036304,0.913313,0.364571,,,,,,
373633,,,,,,,,,-0.000000,0.000000,,,,,,,,,,,,,,,,,,
373637,,,,,,,,,,,,,-0.000000,-0.000000,-0.014044,-0.007014,,,,0.036308,0.913312,0.364571,,,,,,
373644,0.036308,0.913312,0.364571,0.008990,1.008913,0.775697,0.028511,-0.032285,-0.000000,0.000000,3.722591,4.361409,,,,,0.008564,0.099058,0.411126,,,,,,,,,
373647,,,,,,,,,,,,,-0.000000,-0.000000,-0.008354,-0.000923,,,,0.036307,0.913310,0.364571,,,,,,
373653,,,,,,,,,-0.000000,0.000000,,,,,,,,,,,,,,,,,,
373657,,,,,,,,,,,,,-0.000000,-0.000000,-0.007609,-0.000051,,,,0.036309,0.913310,0.364571,,,,,,
373663,,,,,,,,,-0.000000,0.000000,,,,,,,,,,,,,,,,,,
373667,,,,,,,,,,,,,-0.000000,-0.000000,-0.006865,0.000822,,,,0.036305,0.913309,0.364571,,,,,,
373673,,,,,,,,,-0.000000,0.000000,,,,,,,,,,,,,,,,,,
373677,,,,,,,,,,,,,-0.000000,-0.000000,-0.006120,0.001694,,,,0.036315,0.913313,0.364571,,,,,,
373683,,,,,,,,,-0.000000,0.000000,,,,,,,,,,,,,,,,,,
373689,,,,,,,,,,,,,-0.000000,-0.000000,-0.005376,0.002566,,,,0.036320,0.913310,0.364571,,,,,,
373694,0.036319,0.913310,0.364571,0.010129,1.010028,0.773513,0.030739,-0.039548,-0.000000,0.000000,4.249413,4.909942,,,,,0.010016,0.099700,0.408942,,,,,,,,,
373698,,,,,,,,,,,,,-0.000000,-0.000000,0.000742,0.009033,,,,0.036314,0.913314,0.364571,,,,,,
373703,,,,,,,,,-0.000000,0.000000,,,,,,,,,,,,,,,,,,
373707,,,,,,,,,,,,,-0.000000,-0.000000,0.001592,0.010015,,,,0.036314,0.913317,0.364571,,,,,,
373713,,,,,,,,,-0.000000,0.000000,,,,,,,,,,,,,,,,,,
373717,,,,,,,,,,,,,-0.000000,-0.000000,0.002442,0.010997,,,,0.036313,0.913314,0.364571,,,,,,
373723,,,,,,,,,-0.000000,0.000000,,,,,,,,,,,,,,,,,,
373729,,,,,,,,,,,,,-0.000000,-0.000000,0.003292,0.011979,,,,0.036322,0.913314,0.364571,,,,,,
373733,,,,,,,,,-0.000000,0.000000,,,,,,,,,,,,,,,,,,
373737,,,,,,,,,,,,,-0.000000,-0.000000,0.004142,0.012961,,,,0.036336,0.913319,0.364571,,,,,,
373744,0.036334,0.913318,0.364571,0.011352,1.011219,0.770873,0.032997,-0.048015,-0.000000,0.000000,4.809610,5.485042,,,,,0.011566,0.100374,0.406302,,,,,,,,,
373747,,,,,,,,,,,,,-0.000000,-0.000000,0.010706,0.019809,,,,0.036341,0.913316,0.364571,,,,,,
373753,,,,,,,,,-0.000000,0.000000,,,,,,,,,,,,,,,,,,
373757,,,,,,,,,,,,,-0.000000,-0.000000,0.011668,0.020906,,,,0.036341,0.913323,0.364571,,,,,,
373763,,,,,,,,,-0.000000,0.000000,,,,,,,,,,,,,,,,,,
373767,,,,,,,,,,,,,-0.000000,-0.000000,0.012629,0.022003,,,,0.036342,0.913322,0.364571,,,,,,
373773,,,,,,,,,-0.000000,0.000000,,,,,,,,,,,,,,,,,,
373777,,,,,,,,,,,,,-0.000000,-0.000000,0.013591,0.023100,,,,0.036344,0.913321,0.364571,,,,,,
373783,,,,,,,,,-0.000000,0.000000,,,,,,,,,,,,,,,,,,
373789,,,,,,,,,,,,,-0.000000,-0.000000,0.014553,0.024197,,,,0.036352,0.913320,0.364571,,,,,,
373794,0.036350,0.913320,0.364571,0.012660,1.012485,0.767705,0.035275,-0.057831,-0.000000,0.000000,5.406115,6.088280,,,,,0.013224,0.101095,0.403134,,,,,,,,,
373797,,,,,,,,,,,,,-0.000000,-0.000000,0.021600,0.031447,,,,0.036369,0.913322,0.364571,,,,,,
373803,,,,,,,,,-0.000000,0.000000,,,,,,,,,,,,,,,,,,
373807,,,,,,,,,,,,,-0.000000,-0.000000,0.022681,0.032665,,,,0.036358,0.913319,0.364571,,,,,,
373813,,,,,,,,,-0.000000,0.000000,,,,,,,,,,,,,,,,,,
373817,,,,,,,,,,,,,-0.000000,-0.000000,0.023762,0.033883,,,,0.036350,0.913319,0.364571,,,,,,
373823,,,,,,,,,-0.000000,0.000000,,,,,,,,,,,,,,,,,,
373827,,,,,,,,,,,,,-0.000000,-0.000000,0.024843,0.035100,,,,0.036353,0.913321,0.364571,,,,,,
373833,,,,,,,,,-0.000000,0.000000,,,,,,,,,,,,,,,,,,
373837,,,,,,,,,,,,,-0.000000,-0.000000,0.025924,0.036318,,,,0.036363,0.913324,0.364571,,,,,,
373844,0.036362,0.913324,0.364571,0.014055,1.013827,0.763929,0.037562,-0.069155,-0.000000,0.000000,6.040212,6.719395,,,,,0.014993,0.101851,0.399358,,,,,,,,,
373850,,,,,,,,,,,,,-0.000000,-0.000000,0.033473,0.043973,,,,0.036370,0.913328,0.364571,,,,,,
373853,,,,,,,,,0.031806,0.755482,,,,,,,,,,,,,,,,,,
373857,,,,,,,,,,,,,-0.000000,0.665294,0.034682,0.038531,,,,0.036373,0.913331,0.364571,,,,,,
373863,,,,,,,,,-0.000000,0.000000,,,,,,,,,,,,,,,,,,
373867,,,,,,,,,,,,,-0.000000,0.559778,0.035890,0.040818,,,,0.036377,0.913332,0.364571,,,,,,
373873,,,,,,,,,-0.000000,0.000000,,,,,,,,,,,,,,,,,,
373877,,,,,,,,,,,,,-0.000000,0.470997,0.037098,0.042956,,,,0.036377,0.913331,0.364571,,,,,,
373883,,,,,,,,,-0.000000,0.000000,,,,,,,,,,,,,,,,,,
373889,,,,,,,,,,,,,0.500591,0.396297,0.033200,0.044967,,,,0.036375,0.913328,0.364571,,,,,,
373894,0.036374,0.913328,0.364571,0.015537,1.015241,0.759456,0.039846,-0.082171,0.024061,-0.571509,6.710936,7.375667,,,,,0.016870,0.102645,0.394885,,,,,,,,,
373897,,,,,,,,,,,,,0.421197,0.333444,0.041959,0.053567,,,,0.036370,0.913324,0.364571,,,,,,
373903,,,,,,,,,-0.000000,0.000000,,,,,,,,,,,,,,,,,,
373907,,,,,,,,,,,,,0.354395,0.280560,0.043898,0.055515,,,,0.036369,0.913329,0.364571,,,,,,
373913,,,,,,,,,-0.000000,0.000000,,,,,,,,,,,,,,,,,,
373917,,,,,,,,,,,,,0.298188,0.236063,0.045743,0.057388,,,,0.036372,0.913330,0.364571,,,,,,
373923,,,,,,,,,-0.000000,0.000000,,,,,,,,,,,,,,,,,,
373927,,,,,,,,,,,,,0.250896,0.198624,0.047508,0.059197,,,,0.036376,0.913329,0.364571,,,,,,
373933,,,,,,,,,-0.000000,0.000000,,,,,,,,,,,,,,,,,,
373937,,,,,,,,,,,,,0.211103,0.167122,0.049206,0.060954,,,,0.036380,0.913328,0.364571,,,,,,
373944,0.036380,0.913328,0.364571,0.017109,1.016725,0.754185,0.042115,-0.097083,-0.000000,0.000000,7.421396,8.058277,,,,,0.018862,0.103473,0.389614,,,,,,,,,
373950,,,,,,,,,,,,,0.177622,0.140616,0.058094,0.069629,,,,0.036376,0.913329,0.364571,,,,,,
373953,,,,,,,,,-0.000000,0.000000,,,,,,,,,,,,,,,,,,
373957,,,,,,,,,,,,,0.149452,0.784585,0.059830,0.064644,,,,0.036374,0.913326,0.364571,,,,,,
373963,,,,,,,,,0.027481,0.652761,,,,,,,,,,,,,,,,,,
373967,,,,,,,,,,,,,0.125748,0.660150,0.061526,0.067368,,,,0.036379,0.913334,0.364571,,,,,,
373973,,,,,,,,,0.027520,-0.653676,,,,,,,,,,,,,,,,,,
373977,,,,,,,,,,,,,0.650675,0.555450,0.057631,0.069915,,,,0.036403,0.913338,0.364571,,,,,,
373983,,,,,,,,,-0.000000,0.000000,,,,,,,,,,,,,,,,,,
373987,,,,,,,,,,,,,0.547478,0.467356,0.060038,0.072315,,,,0.036465,0.913372,0.361757,,,,,,
373994,0.036458,0.913368,0.361993,0.018770,1.018276,0.748003,0.044352,-0.114131,-0.000000,0.000000,8.064646,8.664695,,,,,0.020610,0.104373,0.386010,,,,,,,,,
373997,,,,,,,,,,,,,0.460648,0.393233,0.068859,0.080774,,,,0.036635,0.913440,0.358966,,,,,,
374003,,,,,,,,,-0.000000,0.000000,,,,,,,,,,,,,,,,,,
374009,,,,,,,,,,,,,0.387589,0.330866,0.071125,0.083065,,,,0.036733,0.913461,0.358953,,,,,,
374013,,,,,,,,,-0.000000,0.000000,,,,,,,,,,,,,,,,,,
374017,,,,,,,,,,,,,0.910328,0.278391,0.067329,0.085267,,,,0.036802,0.913470,0.358953,,,,,,
374023,,,,,,,,,0.027429,-0.651522,,,,,,,,,,,,,,,,,,
374027,,,,,,,,,,,,,0.765950,0.783948,0.070232,0.081787,,,,0.036847,0.913476,0.358953,,,,,,
374033,,,,,,,,,0.027462,0.652304,,,,,,,,,,,,,,,,,,
374037,,,,,,,,,,,,,0.644470,0.659614,0.072931,0.084632,,,,0.036849,0.913528,0.358953,,,,,,
374044,0.036923,0.913557,0.361945,0.020521,1.019890,0.740781,0.046545,-0.133590,0.022832,0.542339,8.708703,9.247443,,,,,0.022312,0.105251,0.378836,,,,,,,,,
374051,,,,,,,,,-0.000000,0.000000,,,0.542257,0.978143,0.082027,0.088928,,,,0.036967,0.913579,0.361767,,,,,,
374057,,,,,,,,,,,,,0.456255,1.587602,0.084538,0.084365,,,,0.037286,0.913674,0.367409,,,,,,
374063,,,,,,,,,0.027500,0.653218,,,,,,,,,,,,,,,,,,
374067,,,,,,,,,,,,,0.383893,1.335808,0.086926,0.088465,,,,0.037606,0.913793,0.370226,,,,,,
374073,,,,,,,,,0.027435,0.651652,,,,,,,,,,,,,,,,,,
374077,,,,,,,,,,,,,0.868041,1.668983,0.083653,0.086649,,,,0.037919,0.913880,0.375847,,,,,,
374083,,,,,,,,,0.027462,-0.652304,,,,,,,,,,,,,,,,,,
374087,,,,,,,,,,,,,1.274913,1.948825,0.081071,0.085311,,,,0.038070,0.913982,0.375836,,,,,,
374094,0.038082,0.913986,0.371933,0.022362,1.021559,0.732373,0.048676,-0.155784,0.047844,0.000000,9.509446,9.936561,,,,,0.024449,0.105931,0.360440,,,,,,,,,
374097,,,,,,,,,,,,,1.072712,1.639741,0.092788,0.096952,,,,0.038268,0.914072,0.375836,,,,,,
374103,,,,,,,,,0.064767,0.000000,,,,,,,,,,,,,,,,,,
374109,,,,,,,,,,,,,1.399698,1.876796,0.091140,0.096193,,,,0.038591,0.914200,0.375836,,,,,,
374113,,,,,,,,,-0.000000,0.000000,,,,,,,,,,,,,,,,,,
374117,,,,,,,,,,,,,1.777819,2.179250,0.088905,0.094720,,,,0.038901,0.914338,0.373019,,,,,,
374123,,,,,,,,,0.054858,0.000000,,,,,,,,,,,,,,,,,,
374127,,,,,,,,,,,,,2.042038,2.379802,0.087756,0.094226,,,,0.039327,0.914499,0.373019,,,,,,
374133,,,,,,,,,0.055095,0.000000,,,,,,,,,,,,,,,,,,
374137,,,,,,,,,,,,,2.261302,2.545496,0.087013,0.094047,,,,0.039803,0.914666,0.373019,,,,,,
374144,0.039874,0.914693,0.372927,0.024293,1.023279,0.722612,0.050728,-0.181093,0.047366,0.000000,9.866938,10.182514,,,,,0.025053,0.106799,0.349685,,,,,,,,,
374151,,,,,,,,,0.065174,0.000000,,,2.350033,2.141780,0.091204,0.102152,,,,0.040320,0.914873,0.370202,,,,,,
374157,,,,,,,,,,,,,2.672863,3.193186,0.089415,0.093036,,,,0.040887,0.915118,0.373010,,,,,,
374163,,,,,,,,,0.082650,-0.654397,,,,,,,,,,,,,,,,,,
374167,,,,,,,,,,,,,2.794199,3.231998,0.089616,0.094038,,,,0.041513,0.915345,0.373010,,,,,,
374173,,,,,,,,,0.082238,0.651132,,,,,,,,,,,,,,,,,,
374177,,,,,,,,,,,,,3.440016,3.263892,0.084443,0.095103,,,,0.042274,0.915659,0.370202,,,,,,
374183,,,,,,,,,0.082279,-0.651457,,,,,,,,,,,,,,,,,,
374187,,,,,,,,,,,,,3.982645,3.834454,0.080194,0.090667,,,,0.042969,0.915974,0.367356,,,,,,
374194,0.043032,0.915988,0.365090,0.026314,1.025041,0.711307,0.052683,-0.209971,0.071779,-0.568322,9.554132,9.757505,,,,,0.023319,0.107835,0.346217,,,,,,,,,
374197,,,,,,,,,,,,,3.895105,3.770417,0.079073,0.088254,,,,0.043728,0.916271,0.367356,,,,,,
374203,,,,,,,,,0.096751,0.766038,,,,,,,,,,,,,,,,,,
374210,,,,,,,,,,,,,4.245418,4.140505,0.076631,0.085677,,,,0.044514,0.916565,0.367363,,,,,,
374213,,,,,,,,,0.082353,-0.652043,,,,,,,,,,,,,,,,,,
374217,,,,,,,,,,,,,4.817476,4.106511,0.071858,0.087147,,,,0.045426,0.916885,0.364541,,,,,,
374223,,,,,,,,,0.110189,0.000000,,,,,,,,,,,,,,,,,,
374227,,,,,,,,,,,,,5.142728,4.544522,0.069488,0.083810,,,,0.046209,0.917281,0.361726,,,,,,
374233,,,,,,,,,0.082205,-0.650872,,,,,,,,,,,,,,,,,,
374237,,,,,,,,,,,,,4.871961,4.368630,0.073132,0.086646,,,,0.047081,0.917577,0.361726,,,,,,
374244,0.047065,0.917562,0.359278,0.028423,1.026835,0.698237,0.054524,-0.242959,0.094585,0.000000,9.084414,9.138119,,,,,0.020969,0.108850,0.338959,,,,,,,,,
374251,,,,,,,,,0.098215,0.777633,,,4.951447,4.101855,0.068466,0.084127,,,,0.047992,0.917975,0.356100,,,,,,
374257,,,,,,,,,,,,,5.678557,5.719915,0.061877,0.068630,,,,0.048849,0.918291,0.356100,,,,,,
374263,,,,,,,,,0.082576,-0.653807,,,,,,,,,,,,,,,,,,
374267,,,,,,,,,,,,,5.860420,5.353978,0.060703,0.073047,,,,0.049740,0.918662,0.356106,,,,,,
374273,,,,,,,,,0.110090,0.000000,,,,,,,,,,,,,,,,,,
374277,,,,,,,,,,,,,5.477522,5.051402,0.065253,0.076890,,,,0.050639,0.918948,0.356100,,,,,,
374283,,,,,,,,,0.109519,0.000000,,,,,,,,,,,,,,,,,,
374287,,,,,,,,,,,,,5.700056,5.887152,0.063705,0.069182,,,,0.051568,0.919276,0.356069,,,,,,
374294,0.051620,0.919293,0.356338,0.030620,1.028652,0.683144,0.056230,-0.280706,0.047819,0.000000,8.593796,8.451467,,,,,0.018468,0.109815,0.326806,,,,,,,,,
374297,,,,,,,,,,,,,5.884351,5.497612,0.057497,0.066802,,,,0.052516,0.919641,0.356072,,,,,,
374303,,,,,,,,,0.097150,-0.769198,,,,,,,,,,,,,,,,,,
374309,,,,,,,,,,,,,5.448892,5.123489,0.062481,0.071209,,,,0.053418,0.919939,0.356095,,,,,,
374313,,,,,,,,,0.109530,0.000000,,,,,,,,,,,,,,,,,,
374318,,,,,,,,,,,,,5.785586,6.112237,0.059676,0.061789,,,,,,,,,,,,
374323,,,,,,,,,0.082692,0.654726,,,,,,,,,,,,,,,,,,
374328,,,,,,,,,,,,,5.957840,5.687760,0.058480,0.066587,,,,,,,,,,,,
374333,,,,,,,,,0.109848,0.000000,,,,,,,,,,,,,,,,,,
374337,,,,,,,,,,,,,6.102013,5.330224,0.057537,0.070786,,,,0.055989,0.920900,0.356100,,,,,,
374344,0.056054,0.920926,0.356120,0.032904,1.030478,0.665730,0.057784,-0.323990,0.071679,-0.567531,8.274942,7.883833,,,,,0.016496,0.110750,0.309610,,,,,,,,,
374347,,,,,,,,,,,,,5.679212,5.574808,0.059096,0.063126,,,,0.056821,0.921172,0.356095,,,,,,
374353,,,,,,,,,0.064447,0.000000,,,,,,,,,,,,,,,,,,
374357,,,,,,,,,,,,,5.867465,5.235131,0.057694,0.067053,,,,0.057576,0.921479,0.356068,,,,,,
374363,,,,,,,,,0.109947,0.000000,,,,,,,,,,,,,,,,,,
374369,,,,,,,,,,,,,5.438722,4.906675,0.062549,0.070933,,,,,,,,,,,,
374373,,,,,,,,,0.054825,0.000000,,,,,,,,,,,,,,,,,,
374377,,,,,,,,,,,,,5.764061,5.316398,0.059798,0.067349,,,,0.059099,0.922132,0.353256,,,,,,
374383,,,,,,,,,0.082345,-0.651978,,,,,,,,,,,,,,,,,,
374387,,,,,,,,,,,,,5.395296,5.018632,0.064062,0.070900,,,,0.059853,0.922419,0.350476,,,,,,
374394,0.059860,0.922410,0.348214,0.035273,1.032301,0.645642,0.059167,-0.373751,0.071898,0.569265,7.913169,7.249951,,,,,0.014386,0.111686,0.297428,,,,,,,,,
374397,,,,,,,,,,,,,5.626840,5.309915,0.058586,0.062036,,,,0.060555,0.922661,0.350445,,,,,,
374403,,,,,,,,,0.096751,-0.766038,,,,,,,,,,,,,,,,,,
374407,,,,,,,,,,,,,5.278965,4.467762,0.062591,0.071014,,,,0.061169,0.922961,0.350470,,,,,,
374413,,,,,,,,,0.054798,0.000000,,,,,,,,,,,,,,,,,,
374417,,,,,,,,,,,,,5.530916,4.303771,0.060548,0.073243,,,,0.061952,0.923204,0.347634,,,,,,
374423,,,,,,,,,0.082378,-0.652238,,,,,,,,,,,,,,,,,,
374429,,,,,,,,,,,,,5.157592,4.125073,0.064832,0.075655,,,,0.062662,0.923530,0.344801,,,,,,
374433,,,,,,,,,0.082684,0.654660,,,,,,,,,,,,,,,,,,
374437,,,,,,,,,,,,,5.527130,4.658369,0.061614,0.070840,,,,0.063441,0.923819,0.342017,,,,,,
374444,0.063465,0.923823,0.345284,0.037725,1.034105,0.622469,0.060363,-0.431116,0.047301,-1.123530,7.820148,6.808922,,,,,0.013105,0.112485,0.277185,,,,,,,,,
374447,,,,,,,,,,,,,5.736247,4.462411,0.059010,0.068859,,,,0.064104,0.924070,0.339206,,,,,,
374453,,,,,,,,,0.065461,0.000000,,,,,,,,,,,,,,,,,,
374457,,,,,,,,,,,,,5.372003,4.300197,0.063142,0.070983,,,,0.064807,0.924342,0.339178,,,,,,
374463,,,,,,,,,0.109640,0.000000,,,,,,,,,,,,,,,,,,
374467,,,,,,,,,,,,,5.609089,4.707272,0.061213,0.067332,,,,0.065542,0.924626,0.333568,,,,,,
374473,,,,,,,,,0.054929,0.000000,,,,,,,,,,,,,,,,,,
374477,,,,,,,,,,,,,5.263486,4.504697,0.065181,0.069819,,,,0.066201,0.924852,0.330762,,,,,,
374483,,,,,,,,,0.082634,-0.654266,,,,,,,,,,,,,,,,,,
374489,,,,,,,,,,,,,4.936003,3.790251,0.069032,0.077567,,,,0.066763,0.925048,0.333597,,,,,,
374494,0.066814,0.925057,0.331832,0.040257,1.035873,0.595723,0.061357,-0.497436,0.070994,-0.562104,7.487347,6.099997,,,,,0.010992,0.113422,0.263891,,,,,,,,,
374497,,,,,,,,,,,,,5.330162,4.366126,0.062194,0.065066,,,,0.067479,0.925234,0.327981,,,,,,
374503,,,,,,,,,0.065243,0.000000,,,,,,,,,,,,,,,,,,
374507,,,,,,,,,,,,,5.029232,4.218092,0.065695,0.066923,,,,0.068119,0.925460,0.325173,,,,,,
374513,,,,,,,,,0.082444,0.652761,,,,,,,,,,,,,,,,,,
374517,,,,,,,,,,,,,5.321880,4.094245,0.063202,0.068562,,,,0.068679,0.925697,0.325199,,,,,,
374523,,,,,,,,,0.055100,0.000000,,,,,,,,,,,,,,,,,,
374529,,,,,,,,,,,,,4.477829,3.954626,0.072244,0.070388,,,,0.069246,0.925900,0.325180,,,,,,
374533,,,,,,,,,0.082287,-0.651522,,,,,,,,,,,,,,,,,,
374537,,,,,,,,,,,,,4.933815,3.910507,0.068195,0.071267,,,,0.069894,0.926085,0.322375,,,,,,
374544,0.069964,0.926107,0.320435,0.042867,1.037585,0.564831,0.062139,-0.574311,0.046320,0.000000,7.335023,5.486559,,,,,0.009396,0.114339,0.244396,,,,,,,,,
374547,,,,,,,,,,,,,5.239854,3.834571,0.064030,0.066222,,,,0.070453,0.926293,0.322381,,,,,,
374553,,,,,,,,,0.067289,0.000000,,,,,,,,,,,,,,,,,,
374557,,,,,,,,,,,,,4.954885,3.772480,0.067356,0.067186,,,,0.071058,0.926576,0.316768,,,,,,
374563,,,,,,,,,0.055078,-1.308270,,,,,,,,,,,,,,,,,,
374567,,,,,,,,,,,,,4.711467,3.716592,0.070315,0.068099,,,,0.071699,0.926742,0.316775,,,,,,
374573,,,,,,,,,0.054946,0.000000,,,,,,,,,,,,,,,,,,
374577,,,,,,,,,,,,,5.056372,3.673212,0.067321,0.068895,,,,0.072238,0.926935,0.311153,,,,,,
374583,,,,,,,,,0.082378,-0.652238,,,,,,,,,,,,,,,,,,
374589,,,,,,,,,,,,,4.763540,3.090640,0.070764,0.075200,,,,0.072828,0.927194,0.305562,,,,,,
374594,0.072917,0.927207,0.304073,0.045552,1.039222,0.529120,0.062701,-0.663608,0.047608,0.000000,7.099792,4.718954,,,,,0.007429,0.115070,0.225047,,,,,,,,,
374597,,,,,,,,,,,,,5.178096,3.185491,0.064651,0.066882,,,,0.073407,0.927426,0.299962,,,,,,
374603,,,,,,,,,0.097310,-0.770470,,,,,,,,,,,,,,,,,,
374607,,,,,,,,,,,,,4.901502,3.224924,0.067856,0.066787,,,,0.074059,0.927684,0.297170,,,,,,
374613,,,,,,,,,0.054995,0.000000,,,,,,,,,,,,,,,,,,
374617,,,,,,,,,,,,,5.213100,3.257939,0.065118,0.066749,,,,0.074720,0.927880,0.294344,,,,,,
374623,,,,,,,,,0.054929,-1.304738,,,,,,,,,,,,,,,,,,
374628,,,,,,,,,,,,,5.474192,3.285175,0.062832,0.066763,,,,0.075341,0.928100,0.288777,,,,,,
374633,,,,,,,,,0.082205,-0.650872,,,,,,,,,,,,,,,,,,
374637,,,,,,,,,,,,,5.151509,3.309671,0.066448,0.066800,,,,0.075927,0.928307,0.283185,,,,,,
374644,0.076005,0.928313,0.282207,0.048308,1.040760,0.487805,0.063045,-0.767452,0.047849,0.000000,6.680408,3.684826,,,,,0.004712,0.115712,0.205598,,,,,,,,,
374650,,,,,,,,,,,,,4.792040,3.242317,0.066227,0.057221,,,,0.076522,0.928464,0.277587,,,,,,
374653,,,,,,,,,0.096773,-0.766217,,,,,,,,,,,,,,,,,,
374657,,,,,,,,,,,,,5.374915,2.728086,0.060659,0.062554,,,,0.077176,0.928720,0.274787,,,,,,
374663,,,,,,,,,0.027500,-0.653218,,,,,,,,,,,,,,,,,,
374667,,,,,,,,,,,,,5.607741,2.838055,0.058545,0.061624,,,,0.077838,0.928928,0.269199,,,,,,
374673,,,,,,,,,0.082534,-0.653480,,,,,,,,,,,,,,,,,,
374677,,,,,,,,,,,,,5.264644,2.934230,0.062259,0.060812,,,,0.078503,0.929161,0.263590,,,,,,
374683,,,,,,,,,0.054962,0.000000,,,,,,,,,,,,,,,,,,
374689,,,,,,,,,,,,,4.923946,2.963136,0.066018,0.060668,,,,0.079107,0.929337,0.260798,,,,,,
374694,0.079068,0.929315,0.262594,0.051132,1.042174,0.439987,0.063181,-0.888137,0.094609,0.000000,6.407823,2.669965,,,,,0.002318,0.116242,0.177392,,,,,,,,,
374697,,,,,,,,,,,,,5.353642,3.098500,0.059206,0.049080,,,,0.079618,0.929465,0.260829,,,,,,
374703,,,,,,,,,0.032703,-0.776800,,,,,,,,,,,,,,,,,,
374707,,,,,,,,,,,,,5.597465,2.607077,0.056930,0.054007,,,,0.080316,0.929646,0.255247,,,,,,
374713,,,,,,,,,0.054782,0.000000,,,,,,,,,,,,,,,,,,
374717,,,,,,,,,,,,,5.253706,2.737594,0.060598,0.052688,,,,0.080964,0.929859,0.249646,,,,,,
374723,,,,,,,,,0.082452,-0.652826,,,,,,,,,,,,,,,,,,
374727,,,,,,,,,,,,,5.509771,2.848063,0.058217,0.051547,,,,0.081625,0.930052,0.244068,,,,,,
374733,,,,,,,,,0.027456,-0.652173,,,,,,,,,,,,,,,,,,
374737,,,,,,,,,,,,,5.180246,2.940685,0.061758,0.050567,,,,0.082205,0.930235,0.241259,,,,,,
374744,0.082054,0.930186,0.240313,0.054019,1.043439,0.384662,0.063132,-1.027937,0.071418,-0.565466,6.129313,1.525858,,,,,-0.000274,0.116671,0.144349,,,,,,,,,
374751,,,,,,,,,0.065081,0.000000,,,5.245826,2.474292,0.058494,0.043600,,,,0.082778,0.930388,0.235705,,,,,,
374757,,,,,,,,,,,,,5.118382,2.786415,0.059970,0.040227,,,,0.083372,0.930537,0.232931,,,,,,
374763,,,,,,,,,0.027407,-0.651002,,,,,,,,,,,,,,,,,,
374767,,,,,,,,,,,,,4.849629,2.344489,0.062914,0.044482,,,,0.083962,0.930683,0.227366,,,,,,
374773,,,,,,,,,0.054962,-1.305521,,,,,,,,,,,,,,,,,,
374777,,,,,,,,,,,,,5.173718,1.972653,0.059864,0.048111,,,,0.084470,0.930832,0.221764,,,,,,
374783,,,,,,,,,0.027495,-0.653087,,,,,,,,,,,,,,,,,,
374787,,,,,,,,,,,,,4.897056,1.659790,0.062877,0.051213,,,,0.084947,0.930960,0.213423,,,,,,
374794,0.084817,0.930921,0.212939,0.056964,1.044526,0.320757,0.062935,-1.188691,0.047736,-1.133879,5.804127,0.208667,,,,,-0.003215,0.116926,0.107818,,,,,,,,,
374797,,,,,,,,,,,,,4.664980,1.396547,0.062174,0.040436,,,,0.085357,0.931086,0.207856,,,,,,
374803,,,,,,,,,0.032345,-0.768293,,,,,,,,,,,,,,,,,,
374809,,,,,,,,,,,,,4.429975,1.175054,0.064799,0.042458,,,,0.085756,0.931192,0.199510,,,,,,
374813,,,,,,,,,0.027492,-0.653022,,,,,,,,,,,,,,,,,,
374817,,,,,,,,,,,,,4.911427,0.988691,0.060163,0.044166,,,,0.086128,0.931284,0.191154,,,,,,
374823,,,,,,,,,0.054951,-1.305260,,,,,,,,,,,,,,,,,,
374827,,,,,,,,,,,,,4.676691,0.831884,0.062735,0.045609,,,,0.086442,0.931411,0.182814,,,,,,
374833,,,,,,,,,0.027446,-0.651913,,,,,,,,,,,,,,,,,,
374837,,,,,,,,,,,,,5.024925,0.699947,0.059409,0.046830,,,,0.086713,0.931454,0.171727,,,,,,
374844,0.086667,0.931432,0.172450,0.059963,1.045404,0.247221,0.062651,-1.371067,0.023814,-0.565662,5.350320,-1.338191,,,,,-0.006751,0.116864,0.074771,,,,,,,,,
374850,,,,,,,,,,,,,4.227972,0.588935,0.063065,0.032086,,,,0.086989,0.931532,0.166172,,,,,,
374853,,,,,,,,,0.032368,-0.768836,,,,,,,,,,,,,,,,,,
374857,,,,,,,,,,,,,4.928370,0.495530,0.056145,0.032654,,,,0.087249,0.931569,0.160624,,,,,,
374863,,,,,,,,,0.027531,-0.653938,,,,,,,,,,,,,,,,,,
374867,,,,,,,,,,,,,4.692364,0.416939,0.058637,0.033088,,,,0.087532,0.931613,0.155051,,,,,,
374873,,,,,,,,,0.027500,-0.653218,,,,,,,,,,,,,,,,,,
374877,,,,,,,,,,,,,4.491773,0.350812,0.060815,0.033412,,,,0.087840,0.931671,0.149499,,,,,,
374883,,,,,,,,,0.027435,-0.651652,,,,,,,,,,,,,,,,,,
374887,,,,,,,,,,,,,3.779377,0.295174,0.068253,0.033642,,,,0.088119,0.931733,0.143969,,,,,,
374894,0.088111,0.931726,0.143625,0.063009,1.046041,0.163180,0.062366,-1.573367,0.023951,-0.568917,5.498139,-2.474825,,,,,-0.008482,0.116731,0.019555,,,,,,,,,
374897,,,,,,,,,,,,,3.725438,0.248359,0.070625,0.022199,,,,0.088340,0.931787,0.138420,,,,,,
374903,,,,,,,,,0.032137,-0.763349,,,,,,,,,,,,,,,,,,
374909,,,,,,,,,,,,,3.621521,0.208969,0.072039,0.022056,,,,0.088503,0.931866,0.132891,,,,,,
374913,,,,,,,,,-0.000000,0.000000,,,,,,,,,,,,,,,,,,
374917,,,,,,,,,,,,,3.664054,0.175827,0.071981,0.021857,,,,0.088670,0.931908,0.127352,,,,,,
374923,,,,,,,,,0.027489,-0.652957,,,,,,,,,,,,,,,,,,
374927,,,,,,,,,,,,,3.628241,0.147941,0.072713,0.021611,,,,0.088817,0.931946,0.121815,,,,,,
374933,,,,,,,,,0.027525,-0.653807,,,,,,,,,,,,,,,,,,
374937,,,,,,,,,,,,,3.052802,0.124477,0.078956,0.021326,,,,0.089029,0.931984,0.116261,,,,,,
374944,0.089066,0.931977,0.115814,0.066098,1.046403,0.068188,0.062198,-1.789854,0.023920,-0.568174,5.874106,-3.503566,,,,,-0.009592,0.116314,-0.047626,,,,,,,,,
374951,,,,,,,,,0.032160,-0.763885,,,3.455722,0.104735,0.079171,0.010515,,,,0.089296,0.932008,0.110701,,,,,,
374957,,,,,,,,,,,,,2.907644,0.088124,0.085245,0.009962,,,,0.089545,0.932059,0.105157,,,,,,
374963,,,,,,,,,0.027500,-0.653218,,,,,,,,,,,,,,,,,,
374968,,,,,,,,,,,,,2.983675,0.074148,0.085062,0.009387,,,,,,,,,,,,
374973,,,,,,,,,0.027498,-0.653153,,,,,,,,,,,,,,,,,,
374978,,,,,,,,,,,,,3.062571,0.062388,0.084836,0.008791,,,,,,,,,,,,
374983,,,,,,,,,0.027402,-0.650872,,,,,,,,,,,,,,,,,,
374987,,,,,,,,,,,,,3.668116,0.052493,0.079221,0.008179,,,,0.090286,0.932263,0.085778,,,,,,
374994,0.090298,0.932250,0.085567,0.069222,1.046453,-0.037448,0.062297,-2.008916,0.047740,-1.133978,6.116735,-4.710554,,,,,-0.011239,0.115586,-0.123015,,,,,,,,,
374997,,,,,,,,,,,,,3.630623,0.044168,0.082520,-0.004759,,,,0.090596,0.932326,0.077468,,,,,,
375003,,,,,,,,,0.032429,-0.770288,,,,,,,,,,,,,,,,,,
375009,,,,,,,,,,,,,3.557894,0.037163,0.083759,-0.005638,,,,0.090841,0.932374,0.069175,,,,,,
375013,,,,,,,,,0.027489,-0.652957,,,,,,,,,,,,,,,,,,
375017,,,,,,,,,,,,,4.174834,0.031269,0.077978,-0.006528,,,,0.091180,0.932403,0.060873,,,,,,
375023,,,,,,,,,0.054782,-1.301225,,,,,,,,,,,,,,,,,,
375027,,,,,,,,,,,,,4.059764,0.026309,0.079540,-0.007426,,,,0.091561,0.932573,0.049792,,,,,,
375033,,,,,,,,,0.027556,-0.654529,,,,,,,,,,,,,,,,,,
375037,,,,,,,,,,,,,4.503558,0.022137,0.075425,-0.008330,,,,0.092042,0.932609,0.041487,,,,,,
375044,0.092011,0.932586,0.042440,0.072376,1.046155,-0.152343,0.062848,-2.212000,0.045810,-1.088116,5.782485,-6.399531,,,,,-0.014799,0.114299,-0.194783,,,,,,,,,
375047,,,,,,,,,,,,,4.332641,0.018626,0.074081,-0.026469,,,,0.092543,0.932662,0.033167,,,,,,
375053,,,,,,,,,0.034227,-0.813002,,,,,,,,,,,,,,,,,,
375057,,,,,,,,,,,,,4.738285,0.015672,0.070234,-0.027722,,,,0.093012,0.932709,0.027642,,,,,,
375063,,,,,,,,,0.055029,-1.307090,,,,,,,,,,,,,,,,,,
375069,,,,,,,,,,,,,4.491467,0.013186,0.072960,-0.028980,,,,,,,,,,,,
375073,,,,,,,,,0.000000,-1.300317,,,,,,,,,,,,,,,,,,
375077,,,,,,,,,,,,,4.961624,-0.580157,0.068423,-0.024210,,,,0.093951,0.932753,0.008265,,,,,,
375083,,,,,,,,,0.055034,-1.307221,,,,,,,,,,,,,,,,,,
375087,,,,,,,,,,,,,4.719471,-0.488144,0.071057,-0.026313,,,,0.094387,0.932797,-0.002825,,,,,,
375094,0.094419,0.932782,-0.004512,0.075552,1.045468,-0.273856,0.064062,-2.374927,0.047658,-1.132010,5.083707,-8.263092,,,,,-0.019375,0.112600,-0.269344,,,,,,,,,
375097,,,,,,,,,,,,,5.056250,-0.410724,0.060707,-0.047293,,,,0.094797,0.932838,-0.013884,,,,,,
375103,,,,,,,,,0.032368,-0.768836,,,,,,,,,,,,,,,,,,
375107,,,,,,,,,,,,,5.344832,-0.345583,0.057769,-0.049528,,,,0.095228,0.932884,-0.022172,,,,,,
375113,,,,,,,,,0.027550,-0.654397,,,,,,,,,,,,,,,,,,
375117,,,,,,,,,,,,,5.042175,-0.290774,0.060804,-0.051670,,,,0.095620,0.932914,-0.030468,,,,,,
375123,,,,,,,,,0.027437,-0.651717,,,,,,,,,,,,,,,,,,
375130,,,,,,,,,,,,,4.724339,-0.244657,0.064054,-0.053735,,,,0.096050,0.932948,-0.038795,,,,,,
375133,,,,,,,,,0.054929,-1.304738,,,,,,,,,,,,,,,,,,
375137,,,,,,,,,,,,,4.601618,-0.205854,0.065377,-0.055735,,,,0.096351,0.932951,-0.047113,,,,,,
375144,0.096419,0.932929,-0.049012,0.078743,1.044352,-0.398267,0.066158,-2.472996,0.023906,-0.567828,4.490994,-9.722138,,,,,-0.023114,0.110423,-0.349255,,,,,,,,,
375147,,,,,,,,,,,,,4.416235,-0.173206,0.061319,-0.072561,,,,0.096631,0.932973,-0.052631,,,,,,
375153,,,,,,,,,0.032186,-0.764512,,,,,,,,,,,,,,,,,,
375157,,,,,,,,,,,,,4.260690,-0.145735,0.062921,-0.074751,,,,0.096857,0.932998,-0.060928,,,,,,
375163,,,,,,,,,0.027531,-0.653938,,,,,,,,,,,,,,,,,,
375167,,,,,,,,,,,,,4.129324,-0.122622,0.064307,-0.076902,,,,0.097076,0.933007,-0.066458,,,,,,
375173,,,,,,,,,0.027451,-0.652043,,,,,,,,,,,,,,,,,,
375177,,,,,,,,,,,,,4.019065,-0.103174,0.065504,-0.079021,,,,0.097320,0.933010,-0.074775,,,,,,
375183,,,,,,,,,-0.027467,-0.652434,,,,,,,,,,,,,,,,,,
375189,,,,,,,,,,,,,3.875378,-0.580548,0.067064,-0.076075,,,,0.097548,0.933013,-0.083094,,,,,,
375194,0.097338,0.933013,-0.082971,0.081941,1.042764,-0.521343,0.069343,-2.489058,0.023771,-0.564634,4.410705,-10.310023,,,,,-0.024440,0.108097,-0.438372,,,,,,,,,
375197,,,,,,,,,,,,,3.866599,-0.488473,0.066457,-0.084839,,,,0.097691,0.933005,-0.088634,,,,,,
375203,,,,,,,,,0.032598,-0.774311,,,,,,,,,,,,,,,,,,
375207,,,,,,,,,,,,,3.253356,-0.411001,0.072821,-0.087594,,,,0.097801,0.933004,-0.096936,,,,,,
375213,,,,,,,,,0.027383,-0.650418,,,,,,,,,,,,,,,,,,
375217,,,,,,,,,,,,,3.280396,-0.345816,0.072777,-0.090238,,,,0.097935,0.933014,-0.099707,,,,,,
375223,,,,,,,,,-0.000000,0.000000,,,,,,,,,,,,,,,,,,
375229,,,,,,,,,,,,,2.760124,-0.290970,0.078310,-0.092791,,,,0.098086,0.933006,-0.105240,,,,,,
375233,,,,,,,,,0.027413,-0.651132,,,,,,,,,,,,,,,,,,
375237,,,,,,,,,,,,,2.914843,-0.244822,0.077062,-0.095265,,,,0.098211,0.933033,-0.110784,,,,,,
375244,0.098253,0.933020,-0.111182,0.085138,1.040662,-0.639124,0.073786,-2.420534,0.000000,-1.133387,4.378758,-10.460752,,,,,-0.024977,0.105523,-0.527942,,,,,,,,,
375247,,,,,,,,,,,,,2.996983,-0.750427,0.076197,-0.093659,,,,0.098315,0.933037,-0.119100,,,,,,
375253,,,,,,,,,0.032418,-0.770016,,,,,,,,,,,,,,,,,,
375257,,,,,,,,,,,,,3.067459,-0.631410,0.075755,-0.096815,,,,0.098444,0.933019,-0.124646,,,,,,
375263,,,,,,,,,0.027492,-0.653022,,,,,,,,,,,,,,,,,,
375268,,,,,,,,,,,,,3.123010,-1.073318,0.075450,-0.094273,,,,,,,,,,,,
375273,,,,,,,,,0.000000,-1.304086,,,,,,,,,,,,,,,,,,
375278,,,,,,,,,,,,,3.173717,-1.449107,0.075184,-0.092317,,,,,,,,,,,,
375283,,,,,,,,,0.000000,-1.305652,,,,,,,,,,,,,,,,,,
375289,,,,,,,,,,,,,3.651701,-1.709946,0.070550,-0.091459,,,,0.098986,0.933083,-0.155168,,,,,,
375294,0.098925,0.933078,-0.156955,0.088327,1.038001,-0.748593,0.079602,-2.280547,-0.023685,-1.687766,3.847123,-10.701534,,,,,-0.026868,0.101977,-0.591638,,,,,,,,,
375297,,,,,,,,,,,,,3.684456,-2.050663,0.064939,-0.092190,,,,0.099116,0.933101,-0.169070,,,,,,
375303,,,,,,,,,0.032579,-2.321554,,,,,,,,,,,,,,,,,,
375307,,,,,,,,,,,,,3.645135,-2.270462,0.065372,-0.091678,,,,0.099210,0.933193,-0.185730,,,,,,
375313,,,,,,,,,0.000000,-1.308926,,,,,,,,,,,,,,,,,,
375317,,,,,,,,,,,,,4.157301,-3.000652,0.060188,-0.085917,,,,0.099258,0.933258,-0.202403,,,,,,
375323,,,,,,,,,0.027391,-1.951837,,,,,,,,,,,,,,,,,,
375327,,,,,,,,,,,,,4.042006,-3.068802,0.061302,-0.086762,,,,0.099242,0.933339,-0.221885,,,,,,
375333,,,,,,,,,-0.027465,-1.957107,,,,,,,,,,,,,,,,,,
375337,,,,,,,,,,,,,4.490793,-3.127014,0.056686,-0.087694,,,,0.099138,0.933440,-0.238591,,,,,,
375344,0.099007,0.933433,-0.239952,0.091498,1.034736,-0.847975,0.086848,-2.092346,0.000000,-1.138231,2.571980,-11.307017,,,,,-0.031370,0.096616,-0.608023,,,,,,,,,
375351,,,,,,,,,-0.032277,-2.300003,,,3.778553,-3.511637,0.050815,-0.091462,,,,0.099170,0.933501,-0.258125,,,,,,
375357,,,,,,,,,,,,,4.606274,-4.381691,0.042131,-0.084147,,,,0.099184,0.933569,-0.272098,,,,,,
375363,,,,,,,,,-0.027443,-1.955543,,,,,,,,,,,,,,,,,,
375367,,,,,,,,,,,,,4.418957,-4.229994,0.043635,-0.087079,,,,0.099102,0.933691,-0.288845,,,,,,
375373,,,,,,,,,0.000000,-1.302394,,,,,,,,,,,,,,,,,,
375377,,,,,,,,,,,,,3.718110,-4.651042,0.050414,-0.084200,,,,0.098925,0.933802,-0.305634,,,,,,
375383,,,,,,,,,-0.027470,-1.957498,,,,,,,,,,,,,,,,,,
375387,,,,,,,,,,,,,3.671494,-4.456462,0.050661,-0.087516,,,,0.098712,0.933898,-0.322459,,,,,,
375394,0.098626,0.933892,-0.323748,0.094644,1.030821,-0.936654,0.095535,-1.880993,-0.047538,-1.129169,1.697828,-11.398002,,,,,-0.034610,0.090627,-0.612906,,,,,,,,,
375397,,,,,,,,,,,,,3.634174,-4.839625,0.041905,-0.085905,,,,0.098461,0.934061,-0.333679,,,,,,
375403,,,,,,,,,0.000000,-1.545320,,,,,,,,,,,,,,,,,,
375409,,,,,,,,,,,,,3.057793,-4.590870,0.047397,-0.089754,,,,0.098178,0.934241,-0.347721,,,,,,
375413,,,,,,,,,-0.054973,-1.305782,,,,,,,,,,,,,,,,,,
375417,,,,,,,,,,,,,2.572827,-5.581101,0.052072,-0.081016,,,,0.097751,0.934514,-0.361769,,,,,,
375423,,,,,,,,,-0.027462,-0.652304,,,,,,,,,,,,,,,,,,
375427,,,,,,,,,,,,,2.164776,-5.241846,0.056059,-0.085639,,,,0.097296,0.934747,-0.375837,,,,,,
375433,,,,,,,,,-0.054946,-1.305129,,,,,,,,,,,,,,,,,,
375437,,,,,,,,,,,,,1.821442,-5.497727,0.059467,-0.084261,,,,0.096814,0.935008,-0.387112,,,,,,
375444,0.096750,0.934995,-0.387271,0.097754,1.026211,-1.014874,0.105637,-1.667089,-0.047317,-1.123918,2.120490,-10.286822,,,,,-0.033519,0.084840,-0.627603,,,,,,,,,
375451,,,,,,,,,-0.065594,-1.558052,,,1.532561,-5.515273,0.066700,-0.073928,,,,0.096181,0.935259,-0.395569,,,,,,
375457,,,,,,,,,,,,,1.289497,-6.047638,0.069297,-0.069452,,,,0.095796,0.935535,-0.409699,,,,,,
375463,,,,,,,,,-0.054836,-1.302524,,,,,,,,,,,,,,,,,,
375468,,,,,,,,,,,,,1.084983,-5.632535,0.071549,-0.074534,,,,0.095309,0.935803,-0.418183,,,,,,
375473,,,,,,,,,-0.027511,-0.653480,,,,,,,,,,,,,,,,,,
375477,,,,,,,,,,,,,0.912904,-5.826561,0.073512,-0.073485,,,,0.094910,0.936078,-0.429506,,,,,,
375483,,,,,,,,,-0.054842,-1.302654,,,,,,,,,,,,,,,,,,
375487,,,,,,,,,,,,,0.768117,-5.991118,0.075230,-0.072699,,,,0.094498,0.936335,-0.440844,,,,,,
375494,0.094477,0.936316,-0.441814,0.100821,1.020859,-1.083402,0.117109,-1.464366,-0.047366,-1.125080,3.229693,-8.609838,,,,,-0.030414,0.079137,-0.641588,,,,,,,,,
375497,,,,,,,,,,,,,0.646294,-5.585742,0.088057,-0.060588,,,,0.094092,0.936603,-0.452189,,,,,,
375501,,,,,,,,,-0.032668,-0.775968,,,,,,,,,,0.094092,0.936603,-0.452189,,,,,,
375504,,,,,,,,,,,,,,,,,,,,0.094092,0.936603,-0.452189,,,,,,
375509,,,,,,,,,,,,,0.543792,-5.682861,0.089619,-0.060202,,,,0.093809,0.936841,-0.463563,,,,,,
375513,,,,,,,,,-0.055167,-1.310372,,,,,,,,,,,,,,,,,,
375517,,,,,,,,,,,,,0.457546,-5.393199,0.091036,-0.063742,,,,0.093300,0.937036,-0.469240,,,,,,
375521,,,,,,,,,,,,,,,,,,,,0.093300,0.937036,-0.469240,,,,,,
375524,,,,,,,,,-0.027350,-0.649641,,,,,,,,,,0.093300,0.937036,-0.469240,,,,,,
375528,,,,,,,,,,,,,0.384979,-5.627686,0.092331,-0.061993,,,,0.093300,0.937036,-0.469240,,,,,,
375532,,,,,,,,,-0.027583,-0.655186,,,,,,,,,,0.093300,0.937036,-0.469240,,,,,,
375535,,,,,,,,,,,,,,,,,,,,0.093012,0.937281,-0.480631,,,,,,
375538,,,,,,,,,,,,,0.852758,-5.263971,0.088128,-0.066300,,,,0.092706,0.937520,-0.489184,,,,,,
375542,0.092751,0.937470,-0.487958,0.103835,1.014719,-1.143250,0.129894,-1.280196,,,,,,,,,,,,0.092706,0.937520,-0.489184,,,,,,
375545,,,,,,,,,-0.022448,-1.599626,4.721921,-6.712657,,,,,-0.026426,0.073430,-0.655292,0.092706,0.937520,-0.489184,,,,,,
375552,,,,,,,,,-0.035364,-0.840008,,,0.717511,-5.264998,0.105204,-0.047607,,,,0.092706,0.937520,-0.489184,,,,,,
375558,,,,,,,,,,,,,0.603713,-4.429969,0.107166,-0.056414,,,,0.092706,0.937520,-0.489184,,,,,,
375562,,,,,,,,,-0.027429,-0.651522,,,,,,,,,,0.092706,0.937520,-0.489184,,,,,,
375566,,,,,,,,,,,,,,,0.103478,-0.058549,,,,0.092706,0.937520,-0.489184,,,,,,
375569,,,,,,,,,,,,,1.045997,-4.265408,,,,,,0.092706,0.937520,-0.489184,,,,,,
375573,,,,,,,,,0.000000,-1.302784,,,,,,,,,,0.092706,0.937520,-0.489184,,,,,,
375576,,,,,,,,,,,,,0.880102,-4.698754,0.105905,-0.054618,,,,0.092706,0.937520,-0.489184,,,,,,
375580,,,,,,,,,,,,,,,,,,,,0.092706,0.937520,-0.489184,,,,,,
375583,,,,,,,,,-0.027506,-0.653349,,,,,,,,,,0.092706,0.937520,-0.489184,,,,,,
375589,,,,,,,,,,,,,1.252114,-3.953531,0.102879,-0.062623,,,,0.092706,0.937520,-0.489184,,,,,,
375594,0.092609,0.937571,-0.491823,0.106786,1.007746,-1.195489,0.143933,-1.117327,0.000000,-1.116417,6.778248,-4.671120,,,,,-0.020642,0.068552,-0.703667,0.092706,0.937520,-0.489184,,,,,,
375597,,,,,,,,,,,,,1.634189,-3.907161,0.120650,-0.042824,,,,0.092706,0.937520,-0.489184,,,,,,
375600,,,,,,,,,,,,,,,,,,,,0.092486,0.937729,-0.497746,,,,,,
375604,,,,,,,,,0.000000,-1.557122,,,,,,,,,,,,,,,,,,
375610,,,,,,,,,,,,,1.854358,-3.766836,0.119433,-0.044408,,,,0.092486,0.937729,-0.497746,,,,,,
375613,,,,,,,,,0.027054,-0.642602,,,,,,,,,,0.092048,0.938098,-0.517760,,,,,,
375617,,,,,,,,,,,,,2.192197,-3.801356,0.116972,-0.044237,,,,0.091882,0.938232,-0.526354,,,,,,
375621,,,,,,,,,0.028039,-1.998063,,,,,,,,,,0.091733,0.938446,-0.549323,,,,,,
375625,,,,,,,,,,,,,,,,,,,,0.091770,0.938443,-0.557951,,,,,,
375628,,,,,,,,,,,,,2.932078,-3.198461,0.110343,-0.050560,,,,0.091770,0.938443,-0.557951,,,,,,
375633,,,,,,,,,0.000000,-1.307614,,,,,,,,,,0.091770,0.938443,-0.557951,,,,,,
375637,,,,,,,,,,,,,3.012575,-3.236709,0.110291,-0.050464,,,,0.091861,0.938427,-0.569476,,,,,,
375640,,,,,,,,,,,,,,,,,,,,0.091861,0.938427,-0.569476,,,,,,
375644,0.091923,0.938355,-0.568446,0.109666,0.999895,-1.241144,0.159166,-0.975664,0.070484,-1.674196,8.213106,-2.875651,,,,,-0.018176,0.061413,-0.672698,0.092101,0.938361,-0.583915,,,,,,
375651,,,,,,,,,0.032990,-0.783611,,,3.695194,-2.723367,0.118717,-0.037674,,,,0.092537,0.938157,-0.609969,,,,,,
375657,,,,,,,,,,,,,4.028972,-2.291440,0.116216,-0.042110,,,,0.092846,0.937907,-0.624494,,,,,,
375663,,,,,,,,,0.054946,-1.305129,,,,,,,,,,,,,,,,,,
375667,,,,,,,,,,,,,4.478736,-1.928018,0.112465,-0.045933,,,,0.093151,0.937706,-0.636141,,,,,,
375673,,,,,,,,,0.055017,-1.306829,,,,,,,,,,,,,,,,,,
375677,,,,,,,,,,,,,5.398614,-1.622234,0.103829,-0.049242,,,,0.093612,0.937461,-0.653644,,,,,,
375683,,,,,,,,,0.082246,-1.953591,,,,,,,,,,,,,,,,,,
375689,,,,,,,,,,,,,5.052074,-1.364947,0.107927,-0.052117,,,,0.094114,0.937201,-0.668278,,,,,,
375694,0.094212,0.937098,-0.668097,0.112465,0.991123,-1.281141,0.175531,-0.853618,0.071067,-1.688057,8.876133,-1.696047,,,,,-0.019139,0.053718,-0.613044,,,,,,,,,
375697,,,,,,,,,,,,,6.589917,-1.148466,0.099636,-0.042595,,,,0.094681,0.936825,-0.685882,,,,,,
375701,,,,,,,,,,,,,,,,,,,,0.094681,0.936825,-0.685882,,,,,,
375704,,,,,,,,,0.065313,-1.551383,,,,,,,,,,0.094681,0.936825,-0.685882,,,,,,
375707,,,,,,,,,,,,,6.633624,-0.966320,0.099647,-0.044563,,,,0.095191,0.936399,-0.700590,,,,,,
375711,,,,,,,,,0.082452,-1.958478,,,,,,,,,,0.095191,0.936399,-0.700590,,,,,,
375717,,,,,,,,,,,,,7.213365,-0.813061,0.094182,-0.046272,,,,0.095784,0.935944,-0.718297,,,,,,
375723,,,,,,,,,0.054951,-1.305260,,,,,,,,,,,,,,,,,,
375739,,,,,,,,,0.016806,-0.399189,,,5.547561,-0.575610,0.111963,-0.049073,,,,0.096458,0.935534,-0.736064,,,,,,
375744,0.096324,0.935621,-0.732035,0.115174,0.981388,-1.316292,0.192969,-0.748975,0.310659,-7.379085,10.589311,0.210467,,,,,-0.016569,0.046641,-0.584257,,,,,,,,,
375748,,,,,,,,,,,,,8.943914,-0.484318,0.095460,-0.030782,,,,,,,,,,,,
375753,,,,,,,,,0.098816,-2.347167,,,,,,,,,,,,,,,,,,
375757,,,,,,,,,,,,,9.161819,-0.407505,0.093567,-0.031426,,,,0.098398,0.933995,-0.789740,,,,,,
375763,,,,,,,,,0.082369,-1.956520,,,,,,,,,,,,,,,,,,
375767,,,,,,,,,,,,,9.338309,-0.342875,0.092052,-0.031962,,,,0.099028,0.933421,-0.807763,,,,,,
375773,,,,,,,,,0.082427,-1.957890,,,,,,,,,,,,,,,,,,
375777,,,,,,,,,,,,,9.495797,-0.288495,0.090696,-0.032406,,,,0.099694,0.932849,-0.828877,,,,,,
375783,,,,,,,,,0.082493,-1.959458,,,,,,,,,,,,,,,,,,
375789,,,,,,,,,,,,,9.953141,-0.242739,0.086250,-0.032773,,,,0.100388,0.932308,-0.850093,,,,,,
375794,0.100292,0.932342,-0.848408,0.117785,0.970649,-1.347295,0.211420,-0.659401,0.093906,-2.230544,11.573874,1.972610,,,,,-0.017173,0.038451,-0.498887,,,,,,,,,
375797,,,,,,,,,,,,,10.202307,-0.204241,0.093878,-0.015101,,,,0.101129,0.931642,-0.871406,,,,,,
375803,,,,,,,,,0.098982,-2.351114,,,,,,,,,,,,,,,,,,
375807,,,,,,,,,,,,,10.219975,-0.171848,0.093972,-0.014996,,,,0.101789,0.930957,-0.889765,,,,,,
375813,,,,,,,,,0.082584,-1.961618,,,,,,,,,,,,,,,,,,
375818,,,,,,,,,,,,,10.777912,-0.144593,0.088552,-0.014845,,,,0.102492,0.930258,-0.911284,,,,,,
375823,,,,,,,,,0.082353,-1.956129,,,,,,,,,,,,,,,,,,
375829,,,,,,,,,,,,,10.068063,-0.121661,0.095951,-0.014656,,,,0.103183,0.929569,-0.932906,,,,,,
375833,,,,,,,,,0.109958,-2.611826,,,,,,,,,,,,,,,,,,
375837,,,,,,,,,,,,,11.468863,-0.102365,0.081964,-0.014434,,,,0.103866,0.928815,-0.951550,,,,,,
375844,0.103849,0.928746,-0.953853,0.120287,0.958868,-1.374742,0.230822,-0.582686,0.093634,-2.224081,13.330655,4.533493,,,,,-0.015059,0.030834,-0.420888,,,,,,,,,
375847,,,,,,,,,,,,,11.279130,-0.086130,0.101840,0.011937,,,,0.104476,0.928047,-0.973406,,,,,,
375853,,,,,,,,,0.099568,-2.365034,,,,,,,,,,,,,,,,,,
375857,,,,,,,,,,,,,11.674547,-0.072470,0.098217,0.012721,,,,0.105088,0.927301,-0.995380,,,,,,
375863,,,,,,,,,0.082279,-1.954371,,,,,,,,,,,,,,,,,,
375867,,,,,,,,,,,,,11.454960,-0.060976,0.100788,0.013525,,,,0.105658,0.926552,-1.017495,,,,,,
375873,,,,,,,,,0.110123,-2.615753,,,,,,,,,,,,,,,,,,
375877,,,,,,,,,,,,,11.819210,-0.051305,0.097448,0.014346,,,,0.106139,0.925793,-1.039750,,,,,,
375883,,,,,,,,,0.110002,-2.612872,,,,,,,,,,,,,,,,,,
375889,,,,,,,,,,,,,10.949652,-0.043168,0.106619,0.015180,,,,0.106722,0.924991,-1.062144,,,,,,
375894,0.106723,0.924914,-1.064020,0.122674,0.946008,-1.399135,0.251111,-0.516862,0.094018,-2.233216,15.683397,7.939927,,,,,-0.010701,0.024185,-0.335115,,,,,,,,,
375897,,,,,,,,,,,,,12.174119,-0.036322,0.118604,0.050771,,,,0.107254,0.924137,-1.084686,,,,,,
375903,,,,,,,,,0.098911,-2.349421,,,,,,,,,,,,,,,,,,
375907,,,,,,,,,,,,,12.423219,-0.030561,0.116765,0.052307,,,,0.107901,0.923278,-1.107369,,,,,,
375913,,,,,,,,,0.109651,-2.604528,,,,,,,,,,,,,,,,,,
375917,,,,,,,,,,,,,12.629761,-0.025714,0.115310,0.053852,,,,0.108531,0.922268,-1.130240,,,,,,
375923,,,,,,,,,0.110189,-2.617327,,,,,,,,,,,,,,,,,,
375927,,,,,,,,,,,,,12.806596,-0.021636,0.114117,0.055403,,,,0.109027,0.921377,-1.156567,,,,,,
375933,,,,,,,,,0.109541,-2.601931,,,,,,,,,,,,,,,,,,
375937,,,,,,,,,,,,,12.957350,-0.018204,0.113155,0.056961,,,,0.109604,0.920337,-1.179784,,,,,,
375944,0.109560,0.920306,-1.180987,0.124935,0.932035,-1.420894,0.272220,-0.460225,0.094390,-2.242042,18.291504,11.945400,,,,,-0.005006,0.018679,-0.239907,,,,,,,,,
375951,,,,,,,,,0.164299,-3.902585,,,12.173323,-0.015317,0.148300,0.099379,,,,0.110208,0.919193,-1.206553,,,,,,
375957,,,,,,,,,,,,,14.796304,0.746057,0.122769,0.094005,,,,0.110744,0.918032,-1.233557,,,,,,
375963,,,,,,,,,0.165201,-2.616015,,,,,,,,,,,,,,,,,,
375967,,,,,,,,,,,,,15.166076,0.627733,0.119697,0.097452,,,,0.111368,0.916881,-1.257408,,,,,,
375973,,,,,,,,,0.137324,-3.261845,,,,,,,,,,,,,,,,,,
375977,,,,,,,,,,,,,15.488906,0.528174,0.117029,0.100731,,,,0.111897,0.915590,-1.284925,,,,,,
375983,,,,,,,,,0.109848,-2.609215,,,,,,,,,,,,,,,,,,
375991,,,,,,,,,,,,,14.312838,0.871230,0.129585,0.099515,,,,0.112399,0.914206,-1.312728,,,,,,
375994,0.112307,0.914281,-1.312620,0.127063,0.916920,-1.440377,0.294079,-0.411334,0.164392,-2.789134,20.768244,16.376198,,,,,0.001216,0.014940,-0.127757,,,,,,,,,
375997,,,,,,,,,,,,,17.317940,0.733053,0.124992,0.148333,,,,0.112871,0.912833,-1.340825,,,,,,
376003,,,,,,,,,0.165268,-2.355358,,,,,,,,,,,,,,,,,,
376007,,,,,,,,,,,,,17.293211,1.705551,0.125934,0.141542,,,,0.113383,0.911391,-1.365669,,,,,,
376013,,,,,,,,,0.164542,-2.605568,,,,,,,,,,,,,,,,,,
376017,,,,,,,,,,,,,17.262373,1.977424,0.126944,0.141704,,,,0.113802,0.909816,-1.390775,,,,,,
376023,,,,,,,,,0.192446,-1.959066,,,,,,,,,,,,,,,,,,
376028,,,,,,,,,,,,,17.258759,2.757484,0.127682,0.136627,,,,0.114189,0.908133,-1.408873,,,,,,
376033,,,,,,,,,0.192542,-1.960047,,,,,,,,,,,,,,,,,,
376037,,,,,,,,,,,,,17.246140,3.954921,0.128512,0.127137,,,,0.114597,0.906243,-1.427096,,,,,,
376044,0.114571,0.906127,-1.425713,0.129050,0.900634,-1.457883,0.316615,-0.368976,0.204185,-1.616670,23.120298,20.670736,,,,,0.007528,0.013533,-0.032170,,,,,,,,,
376051,,,,,,,,,0.242921,-2.472903,,,17.056883,4.600661,0.155138,0.166839,,,,0.114994,0.904150,-1.445475,,,,,,
376058,,,,,,,,,,,,,17.390404,5.390368,0.152949,0.161998,,,,0.115280,0.901920,-1.460284,,,,,,
376063,,,,,,,,,0.247356,-0.652826,,,,,,,,,,,,,,,,,,
376067,,,,,,,,,,,,,17.893997,6.166312,0.148958,0.157139,,,,0.115545,0.899762,-1.475193,,,,,,
376073,,,,,,,,,0.247728,-1.961421,,,,,,,,,,,,,,,,,,
376077,,,,,,,,,,,,,18.325554,7.368033,0.145602,0.147782,,,,0.115849,0.897490,-1.486447,,,,,,
376083,,,,,,,,,0.247207,-0.652434,,,,,,,,,,,,,,,,,,
376087,,,,,,,,,,,,,18.145378,8.380470,0.148398,0.140116,,,,0.116177,0.895025,-1.497748,,,,,,
376094,0.116173,0.894927,-1.494440,0.130888,0.883154,-1.473669,0.339751,-0.332142,0.282660,-1.119002,25.424446,24.269934,,,,,0.012862,0.013775,0.020771,,,,,,,,,
376097,,,,,,,,,,,,,18.525980,9.223634,0.169013,0.170686,,,,0.116410,0.892129,-1.509125,,,,,,
376103,,,,,,,,,0.263762,-1.566281,,,,,,,,,,,,,,,,,,
376109,,,,,,,,,,,,,17.644772,9.303525,0.179381,0.172880,,,,0.116625,0.889299,-1.520542,,,,,,
376113,,,,,,,,,0.329676,-1.305130,,,,,,,,,,,,,,,,,,
376117,,,,,,,,,,,,,20.063351,11.306012,0.156268,0.155448,,,,0.116798,0.886480,-1.532033,,,,,,
376123,,,,,,,,,0.300998,-0.649964,,,,,,,,,,,,,,,,,,
376128,,,,,,,,,,,,,20.693485,12.235866,0.150913,0.148556,,,,0.116924,0.883677,-1.543583,,,,,,
376133,,,,,,,,,0.329808,-1.305652,,,,,,,,,,,,,,,,,,
376137,,,,,,,,,,,,,20.683990,13.567751,0.151956,0.137378,,,,0.117046,0.880429,-1.551321,,,,,,
376144,0.117034,0.880263,-1.552026,0.132572,0.864459,-1.487949,0.363405,-0.299990,0.280471,0.000000,27.159510,27.225157,,,,,0.016093,0.015239,0.064076,,,,,,,,,
376151,,,,,,,,,0.432821,-2.372488,,,19.933912,13.102840,0.178252,0.174404,,,,0.117126,0.876867,-1.562987,,,,,,
376157,,,,,,,,,,,,,23.656630,16.379135,0.141726,0.143810,,,,0.117116,0.873345,-1.570812,,,,,,
376163,,,,,,,,,0.357829,-0.653807,,,,,,,,,,,,,,,,,,
376167,,,,,,,,,,,,,23.726040,17.056850,0.141718,0.139066,,,,0.117049,0.869939,-1.578472,,,,,,
376173,,,,,,,,,0.384506,-1.304738,,,,,,,,,,,,,,,,,,
376177,,,,,,,,,,,,,23.775270,17.619217,0.141903,0.135364,,,,0.116929,0.866400,-1.586254,,,,,,
376183,,,,,,,,,0.356542,-0.651457,,,,,,,,,,,,,,,,,,
376187,,,,,,,,,,,,,24.363907,18.094355,0.136576,0.132439,,,,0.116826,0.862652,-1.597873,,,,,,
376194,0.116846,0.862634,-1.596760,0.134093,0.844533,-1.500908,0.387491,-0.271821,0.329093,-2.233407,28.506207,29.634344,,,,,0.017647,0.017711,0.095851,,,,,,,,,
376197,,,,,,,,,,,,,24.303982,18.485325,0.151482,0.154851,,,,0.116761,0.858686,-1.605584,,,,,,
376203,,,,,,,,,0.430940,0.787393,,,,,,,,,,,,,,,,,,
376209,,,,,,,,,,,,,24.337225,18.955425,0.151984,0.152285,,,,0.116500,0.854849,-1.609379,,,,,,
376213,,,,,,,,,0.383892,-1.302654,,,,,,,,,,,,,,,,,,
376217,,,,,,,,,,,,,24.804996,19.658514,0.148046,0.147250,,,,0.116184,0.851058,-1.620814,,,,,,
376223,,,,,,,,,0.384583,0.000000,,,,,,,,,,,,,,,,,,
376227,,,,,,,,,,,,,25.232500,19.811855,0.144426,0.147681,,,,0.116012,0.847428,-1.624731,,,,,,
376233,,,,,,,,,0.411765,-0.652043,,,,,,,,,,,,,,,,,,
376237,,,,,,,,,,,,,25.593075,20.486839,0.141403,0.142760,,,,0.115811,0.843235,-1.632345,,,,,,
376244,0.115824,0.843136,-1.632095,0.135446,0.823364,-1.512703,0.411920,-0.247053,0.373898,-2.220297,29.739851,31.808554,,,,,0.018533,0.020796,0.119392,,,,,,,,,
376251,,,,,,,,,0.434031,0.793040,,,25.765444,21.045914,0.152810,0.161064,,,,0.115549,0.839058,-1.639930,,,,,,
376257,,,,,,,,,,,,,26.255674,21.521891,0.148605,0.158362,,,,0.115239,0.834938,-1.643662,,,,,,
376263,,,,,,,,,0.438384,0.000000,,,,,,,,,,,,,,,,,,
376267,,,,,,,,,,,,,26.453974,21.925663,0.147279,0.156301,,,,0.114838,0.830786,-1.651154,,,,,,
376273,,,,,,,,,0.412672,-0.653480,,,,,,,,,,,,,,,,,,
376277,,,,,,,,,,,,,26.601254,22.791132,0.146434,0.149449,,,,0.114510,0.826632,-1.658727,,,,,,
376283,,,,,,,,,0.467041,-0.652565,,,,,,,,,,,,,,,,,,
376287,,,,,,,,,,,,,27.287104,23.536289,0.140066,0.143652,,,,0.114042,0.822373,-1.662524,,,,,,
376294,0.114040,0.822161,-1.662709,0.136626,0.800945,-1.523469,0.436600,-0.225197,0.330592,0.000000,30.893101,33.871513,,,,,0.019054,0.024438,0.139239,,,,,,,,,
376297,,,,,,,,,,,,,27.312229,24.156294,0.152063,0.160025,,,,0.113642,0.818167,-1.666264,,,,,,
376303,,,,,,,,,0.589782,0.000000,,,,,,,,,,,,,,,,,,
376309,,,,,,,,,,,,,25.482773,22.326916,0.171440,0.180628,,,,0.113283,0.813713,-1.669956,,,,,,
376313,,,,,,,,,0.440096,-1.306698,,,,,,,,,,,,,,,,,,
376317,,,,,,,,,,,,,28.615683,25.960346,0.140566,0.145876,,,,0.112765,0.809310,-1.677458,,,,,,
376323,,,,,,,,,0.494415,0.000000,,,,,,,,,,,,,,,,,,
376327,,,,,,,,,,,,,28.986465,26.206795,0.137240,0.144944,,,,0.112287,0.805033,-1.681213,,,,,,
376333,,,,,,,,,0.411765,-0.652043,,,,,,,,,,,,,,,,,,
376337,,,,,,,,,,,,,28.736425,25.854208,0.140172,0.150073,,,,0.111907,0.800626,-1.684982,,,,,,
376344,0.111901,0.800716,-1.685849,0.137628,0.777272,-1.533323,0.461432,-0.205848,0.418534,1.104604,32.346130,36.101738,,,,,0.020335,0.028249,0.152526,,,,,,,,,
376347,,,,,,,,,,,,,29.091011,26.120115,0.151807,0.171713,,,,0.111266,0.795894,-1.688662,,,,,,
376353,,,,,,,,,0.502087,-2.385210,,,,,,,,,,,,,,,,,,
376357,,,,,,,,,,,,,29.363403,26.320778,0.149680,0.171662,,,,0.110591,0.791186,-1.692293,,,,,,
376363,,,,,,,,,0.467181,-0.652761,,,,,,,,,,,,,,,,,,
376369,,,,,,,,,,,,,29.113638,27.043270,0.152824,0.166249,,,,,,,,,,,,
376373,,,,,,,,,0.494464,0.000000,,,,,,,,,,,,,,,,,,
376377,,,,,,,,,,,,,29.417522,27.060352,0.150371,0.167887,,,,0.109402,0.782196,-1.699767,,,,,,
376383,,,,,,,,,0.440272,0.000000,,,,,,,,,,,,,,,,,,
376387,,,,,,,,,,,,,29.654259,27.670937,0.148542,0.163467,,,,0.108769,0.777510,-1.699785,,,,,,
376394,0.108818,0.777623,-1.698616,0.138447,0.752348,-1.542366,0.486320,-0.188661,0.377690,0.000000,33.869457,38.156471,,,,,0.021292,0.032609,0.156250,,,,,,,,,
376397,,,,,,,,,,,,,29.842684,28.173918,0.162696,0.180981,,,,0.108131,0.772490,-1.699747,,,,,,
376403,,,,,,,,,0.656175,0.000000,,,,,,,,,,,,,,,,,,
376407,,,,,,,,,,,,,29.468592,28.609362,0.167317,0.178536,,,,0.107287,0.767736,-1.699742,,,,,,
376413,,,,,,,,,0.494711,0.000000,,,,,,,,,,,,,,,,,,
376417,,,,,,,,,,,,,29.694778,28.971823,0.165890,0.176748,,,,0.106545,0.762776,-1.699744,,,,,,
376423,,,,,,,,,0.520373,0.650547,,,,,,,,,,,,,,,,,,
376429,,,,,,,,,,,,,27.992601,26.883070,0.184087,0.199891,,,,0.105634,0.757508,-1.699579,,,,,,
376433,,,,,,,,,0.496002,0.000000,,,,,,,,,,,,,,,,,,
376437,,,,,,,,,,,,,31.285425,30.946671,0.151676,0.160697,,,,0.104776,0.752662,-1.692290,,,,,,
376444,0.104851,0.752692,-1.692822,0.139080,0.726180,-1.550685,0.511159,-0.173349,0.468688,-1.113273,35.724133,39.985001,,,,,0.022149,0.037202,0.142137,,,,,,,,,
376447,,,,,,,,,,,,,31.239189,30.954161,0.171582,0.180713,,,,0.103946,0.747752,-1.692287,,,,,,
376453,,,,,,,,,0.595250,1.570995,,,,,,,,,,,,,,,,,,
376457,,,,,,,,,,,,,31.186029,31.490805,0.173021,0.177045,,,,0.103145,0.742502,-1.688540,,,,,,
376463,,,,,,,,,0.522352,0.653021,,,,,,,,,,,,,,,,,,
376469,,,,,,,,,,,,,29.255945,29.512383,0.193616,0.198924,,,,,,,,,,,,
376473,,,,,,,,,0.550892,0.000000,,,,,,,,,,,,,,,,,,
376478,,,,,,,,,,,,,32.934120,33.149887,0.157392,0.163916,,,,0.101428,0.731262,-1.684722,,,,,,
376483,,,,,,,,,0.548417,0.000000,,,,,,,,,,,,,,,,,,
376487,,,,,,,,,,,,,33.143700,33.325245,0.155812,0.163495,,,,0.100705,0.725896,-1.684722,,,,,,
376494,0.100774,0.725861,-1.685404,0.139523,0.698779,-1.558357,0.535847,-0.159668,0.494867,1.679223,37.465515,41.616508,,,,,0.022473,0.041592,0.127047,,,,,,,,,
376497,,,,,,,,,,,,,33.334171,34.031628,0.172148,0.174263,,,,0.100009,0.720274,-1.684658,,,,,,
376503,,,,,,,,,0.659959,-1.567597,,,,,,,,,,,,,,,,,,
376507,,,,,,,,,,,,,33.503712,34.090553,0.171245,0.175179,,,,0.099295,0.715037,-1.681072,,,,,,
376513,,,,,,,,,0.548253,0.000000,,,,,,,,,,,,,,,,,,
376517,,,,,,,,,,,,,33.627296,34.121063,0.170777,0.176373,,,,0.098652,0.709348,-1.681014,,,,,,
376523,,,,,,,,,0.577452,0.653152,,,,,,,,,,,,,,,,,,
376529,,,,,,,,,,,,,31.848131,32.263588,0.189692,0.196818,,,,0.097954,0.703612,-1.684727,,,,,,
376533,,,,,,,,,0.575551,-0.651002,,,,,,,,,,,,,,,,,,
376537,,,,,,,,,,,,,35.009449,35.359016,0.158570,0.167115,,,,0.097363,0.698244,-1.681129,,,,,,
376544,0.097341,0.698166,-1.684219,0.139776,0.670163,-1.565447,0.560278,-0.147411,0.480241,-1.629591,39.135925,43.354599,,,,,0.023021,0.045332,0.118772,,,,,,,,,
376547,,,,,,,,,,,,,34.912197,35.206322,0.177091,0.187653,,,,0.096594,0.692455,-1.684841,,,,,,
376553,,,,,,,,,0.688581,1.635583,,,,,,,,,,,,,,,,,,
376557,,,,,,,,,,,,,35.350750,35.054989,0.173463,0.190826,,,,0.095961,0.686701,-1.684787,,,,,,
376563,,,,,,,,,0.577279,0.652957,,,,,,,,,,,,,,,,,,
376567,,,,,,,,,,,,,35.735291,35.486435,0.170297,0.188085,,,,0.095255,0.680989,-1.688635,,,,,,
376573,,,,,,,,,0.575551,-0.651002,,,,,,,,,,,,,,,,,,
376577,,,,,,,,,,,,,36.058842,35.849453,0.167677,0.185956,,,,0.094542,0.675181,-1.684888,,,,,,
376583,,,,,,,,,0.606224,0.000000,,,,,,,,,,,,,,,,,,
376590,,,,,,,,,,,,,35.967773,36.260582,0.169222,0.183264,,,,0.093819,0.669565,-1.684924,,,,,,
376594,0.093826,0.669438,-1.684866,0.139836,0.640354,-1.572015,0.584345,-0.136400,0.540097,1.673338,40.771893,45.114075,,,,,0.023658,0.049021,0.112851,,,,,,,,,
376597,,,,,,,,,,,,,36.099754,36.346127,0.185196,0.201756,,,,0.093024,0.663784,-1.684957,,,,,,
376603,,,,,,,,,0.692042,-2.348293,,,,,,,,,,,,,,,,,,
376607,,,,,,,,,,,,,36.375706,36.583004,0.183316,0.201094,,,,0.092062,0.657506,-1.684923,,,,,,
376613,,,,,,,,,0.633018,0.653742,,,,,,,,,,,,,,,,,,
376617,,,,,,,,,,,,,36.601883,36.776306,0.181888,0.200828,,,,0.091143,0.651522,-1.681171,,,,,,
376623,,,,,,,,,0.603078,0.000000,,,,,,,,,,,,,,,,,,
376629,,,,,,,,,,,,,34.283649,34.430408,0.206368,0.226424,,,,0.090330,0.645517,-1.681171,,,,,,
376633,,,,,,,,,0.605556,0.000000,,,,,,,,,,,,,,,,,,
376637,,,,,,,,,,,,,38.450195,38.573677,0.165167,0.186300,,,,0.089529,0.639191,-1.677495,,,,,,
376644,0.089602,0.639205,-1.678115,0.139702,0.609379,-1.578112,0.607942,-0.126486,0.561372,-1.111189,42.545174,46.729919,,,,,0.024288,0.053006,0.100003,,,,,,,,,
376647,,,,,,,,,,,,,38.336578,38.984528,0.184877,0.199899,,,,0.088635,0.632751,-1.677408,,,,,,
376653,,,,,,,,,0.729636,3.151094,,,,,,,,,,,,,,,,,,
376657,,,,,,,,,,,,,38.244572,39.334137,0.186658,0.197882,,,,0.087658,0.626362,-1.669954,,,,,,
376663,,,,,,,,,0.661004,0.000000,,,,,,,,,,,,,,,,,,
376668,,,,,,,,,,,,,38.719383,39.636143,0.182675,0.196280,,,,,,,,,,,,
376673,,,,,,,,,0.631310,0.651978,,,,,,,,,,,,,,,,,,
376678,,,,,,,,,,,,,38.559486,40.418304,0.185071,0.189721,,,,,,,,,,,,
376683,,,,,,,,,0.685590,0.651392,,,,,,,,,,,,,,,,,,
376689,,,,,,,,,,,,,35.972412,37.536423,0.212256,0.220379,,,,0.085049,0.606662,-1.658465,,,,,,
376694,0.085166,0.606528,-1.657384,0.139374,0.577271,-1.583783,0.630962,-0.117539,0.517234,0.000000,44.488754,47.926529,,,,,0.024460,0.056535,0.073601,,,,,,,,,
376697,,,,,,,,,,,,,40.340343,41.656303,0.188842,0.192400,,,,0.084417,0.600053,-1.662295,,,,,,
376703,,,,,,,,,0.860531,0.000000,,,,,,,,,,,,,,,,,,
376707,,,,,,,,,,,,,40.485382,41.592632,0.188192,0.194303,,,,0.083842,0.593822,-1.654917,,,,,,
376713,,,,,,,,,0.684224,0.650094,,,,,,,,,,,,,,,,,,
376718,,,,,,,,,,,,,40.533573,42.004314,0.188502,0.191371,,,,,,,,,,,,
376723,,,,,,,,,0.661269,0.000000,,,,,,,,,,,,,,,,,,
376728,,,,,,,,,,,,,40.699471,41.387409,0.187600,0.198848,,,,,,,,,,,,
376733,,,,,,,,,0.660541,0.000000,,,,,,,,,,,,,,,,,,
376737,,,,,,,,,,,,,40.778393,41.901714,0.187553,0.194910,,,,0.081965,0.573545,-1.651154,,,,,,
376744,0.081995,0.573552,-1.651677,0.138854,0.544068,-1.589069,0.653299,-0.109447,0.540467,-0.558161,46.112629,49.336113,,,,,0.024794,0.059055,0.062608,,,,,,,,,
376751,,,,,,,,,0.890944,0.783799,,,38.656502,39.167107,0.226502,0.238385,,,,0.081399,0.566699,-1.651214,,,,,,
376757,,,,,,,,,,,,,44.211052,44.640675,0.171337,0.184589,,,,0.080750,0.559811,-1.651160,,,,,,
376763,,,,,,,,,0.685316,-0.651133,,,,,,,,,,,,,,,,,,
376767,,,,,,,,,,,,,43.721951,44.083435,0.176706,0.191212,,,,0.080031,0.552773,-1.651163,,,,,,
376773,,,,,,,,,0.687581,0.653284,,,,,,,,,,,,,,,,,,
376777,,,,,,,,,,,,,43.875210,44.179363,0.175621,0.191284,,,,0.079369,0.546018,-1.651261,,,,,,
376783,,,,,,,,,0.712871,0.000000,,,,,,,,,,,,,,,,,,
376787,,,,,,,,,,,,,43.458309,44.259369,0.180321,0.191499,,,,0.078664,0.539208,-1.647442,,,,,,
376794,0.078702,0.539109,-1.647799,0.138142,0.509813,-1.594006,0.674849,-0.102115,0.588370,-1.677065,47.513615,50.578430,,,,,0.024636,0.061517,0.053793,,,,,,,,,
376797,,,,,,,,,,,,,43.644169,43.773693,0.193246,0.210140,,,,0.077948,0.532084,-1.647445,,,,,,
376803,,,,,,,,,0.825047,2.351680,,,,,,,,,,,,,,,,,,
376809,,,,,,,,,,,,,40.237648,40.848835,0.228766,0.241335,,,,0.077009,0.524836,-1.643556,,,,,,
376813,,,,,,,,,0.715012,0.000000,,,,,,,,,,,,,,,,,,
376817,,,,,,,,,,,,,44.543747,45.651768,0.186299,0.194291,,,,0.076291,0.517620,-1.647187,,,,,,
376823,,,,,,,,,0.741548,0.652369,,,,,,,,,,,,,,,,,,
376827,,,,,,,,,,,,,44.559582,45.491871,0.186732,0.196907,,,,0.075666,0.510866,-1.647394,,,,,,
376833,,,,,,,,,0.714726,0.000000,,,,,,,,,,,,,,,,,,
376837,,,,,,,,,,,,,44.577156,45.906563,0.187143,0.193694,,,,0.075069,0.503872,-1.643612,,,,,,
376844,0.075144,0.503839,-1.643965,0.137240,0.474552,-1.598625,0.695510,-0.095458,0.562138,0.000000,48.915085,51.810493,,,,,0.024669,0.064071,0.045340,,,,,,,,,
376852,,,,,,,,,0.896220,0.788439,,,41.562496,42.681057,0.232775,0.240096,,,,0.074609,0.496517,-1.643669,,,,,,
376857,,,,,,,,,,,,,48.191757,48.306599,0.166627,0.184541,,,,0.073815,0.488901,-1.639636,,,,,,
376863,,,,,,,,,0.715156,0.000000,,,,,,,,,,,,,,,,,,
376868,,,,,,,,,,,,,47.624771,47.721397,0.172555,0.191211,,,,,,,,,,,,
376873,,,,,,,,,0.686962,-0.652696,,,,,,,,,,,,,,,,,,
376878,,,,,,,,,,,,,46.615810,47.242474,0.183105,0.196914,,,,,,,,,,,,
376883,,,,,,,,,0.711664,0.000000,,,,,,,,,,,,,,,,,,
376887,,,,,,,,,,,,,46.298767,46.826042,0.186798,0.202075,,,,0.072045,0.466884,-1.639716,,,,,,
376894,0.072088,0.467007,-1.640073,0.136153,0.438340,-1.602956,0.715184,-0.089406,0.588370,0.559022,50.117504,52.811047,,,,,0.024164,0.065896,0.037117,,,,,,,,,
376897,,,,,,,,,,,,,46.046894,47.036011,0.202155,0.211136,,,,0.071512,0.459804,-1.639892,,,,,,
376903,,,,,,,,,0.958668,0.785214,,,,,,,,,,,,,,,,,,
376909,,,,,,,,,,,,,43.174633,44.006874,0.232267,0.243188,,,,0.070896,0.452612,-1.636103,,,,,,
376913,,,,,,,,,0.769936,0.000000,,,,,,,,,,,,,,,,,,
376917,,,,,,,,,,,,,47.856350,48.556595,0.185902,0.198542,,,,0.070158,0.445355,-1.632249,,,,,,
376923,,,,,,,,,0.738741,-0.649899,,,,,,,,,,,,,,,,,,
376927,,,,,,,,,,,,,47.350346,47.939533,0.191515,0.205687,,,,0.069510,0.438042,-1.632301,,,,,,
376933,,,,,,,,,0.744750,0.655186,,,,,,,,,,,,,,,,,,
376938,,,,,,,,,,,,,47.474102,47.969845,0.190806,0.206352,,,,0.068823,0.430658,-1.628497,,,,,,
376944,0.068927,0.430588,-1.626722,0.134882,0.401233,-1.607023,0.733774,-0.083894,0.578068,0.549234,52.040882,54.075882,,,,,0.025623,0.067493,0.019699,,,,,,,,,
376947,,,,,,,,,,,,,47.024475,47.986187,0.215540,0.220055,,,,0.068085,0.422915,-1.628379,,,,,,
376953,,,,,,,,,1.008968,0.000000,,,,,,,,,,,,,,,,,,
376957,,,,,,,,,,,,,47.175533,47.984718,0.215002,0.221288,,,,0.067385,0.415183,-1.624571,,,,,,
376963,,,,,,,,,0.743332,0.653938,,,,,,,,,,,,,,,,,,
376969,,,,,,,,,,,,,43.794350,44.475197,0.250463,0.258303,,,,,,,,,,,,
376973,,,,,,,,,0.794650,-0.650872,,,,,,,,,,,,,,,,,,
376977,,,,,,,,,,,,,48.465481,49.619194,0.204467,0.207754,,,,0.066382,0.400245,-1.624576,,,,,,
376983,,,,,,,,,0.798793,0.654266,,,,,,,,,,,,,,,,,,
376987,,,,,,,,,,,,,48.413143,49.383877,0.205716,0.211046,,,,0.066093,0.393160,-1.620960,,,,,,
376994,0.066191,0.392952,-1.618702,0.133434,0.363292,-1.610850,0.751190,-0.078868,0.611800,0.000000,53.582531,55.166733,,,,,0.026406,0.068586,0.007852,,,,,,,,,
376997,,,,,,,,,,,,,48.364521,49.181297,0.222662,0.225177,,,,0.065667,0.385671,-1.621019,,,,,,
377003,,,,,,,,,0.957055,-0.783892,,,,,,,,,,,,,,,,,,
377007,,,,,,,,,,,,,48.325138,48.467285,0.224108,0.233657,,,,0.065287,0.377469,-1.621019,,,,,,
377013,,,,,,,,,0.769166,0.000000,,,,,,,,,,,,,,,,,,
377017,,,,,,,,,,,,,48.269154,48.932213,0.225730,0.230255,,,,0.064912,0.369770,-1.617196,,,,,,
377023,,,,,,,,,0.821805,0.000000,,,,,,,,,,,,,,,,,,
377030,,,,,,,,,,,,,44.948429,45.024685,0.260664,0.271359,,,,0.064355,0.361913,-1.621037,,,,,,
377033,,,,,,,,,0.796000,0.651978,,,,,,,,,,,,,,,,,,
377037,,,,,,,,,,,,,50.373913,51.065792,0.207051,0.211768,,,,0.063825,0.353758,-1.617170,,,,,,
377044,0.063910,0.353709,-1.614566,0.131812,0.324582,-1.614457,0.767346,-0.074280,0.629667,-0.553943,54.663246,55.952145,,,,,0.026128,0.069112,0.000109,,,,,,,,,
377047,,,,,,,,,,,,,50.534821,51.116966,0.217075,0.220077,,,,0.063160,0.345808,-1.617097,,,,,,
377053,,,,,,,,,1.073079,0.000000,,,,,,,,,,,,,,,,,,
377057,,,,,,,,,,,,,50.696316,50.641045,0.216253,0.225899,,,,0.062644,0.337527,-1.617138,,,,,,
377063,,,,,,,,,0.822380,0.000000,,,,,,,,,,,,,,,,,,
377067,,,,,,,,,,,,,50.819939,50.773434,0.215786,0.225611,,,,0.061955,0.329459,-1.617049,,,,,,
377073,,,,,,,,,0.770476,0.000000,,,,,,,,,,,,,,,,,,
377077,,,,,,,,,,,,,50.937031,50.897903,0.215360,0.225377,,,,0.061384,0.320691,-1.616994,,,,,,
377083,,,,,,,,,0.850811,0.651913,,,,,,,,,,,,,,,,,,
377089,,,,,,,,,,,,,46.923683,47.398922,0.257041,0.262077,,,,0.060870,0.312453,-1.616994,,,,,,
377094,0.061017,0.312346,-1.614060,0.130022,0.285174,-1.617865,0.782160,-0.070088,0.659088,0.000000,55.092960,56.267792,,,,,0.024163,0.070115,-0.003805,,,,,,,,,
377097,,,,,,,,,,,,,52.345264,52.745132,0.207672,0.212476,,,,0.060334,0.304362,-1.616931,,,,,,
377103,,,,,,,,,1.117901,0.000000,,,,,,,,,,,,,,,,,,
377107,,,,,,,,,,,,,52.790104,52.579876,0.203684,0.214866,,,,0.059959,0.296136,-1.620925,,,,,,
377113,,,,,,,,,0.824436,0.000000,,,,,,,,,,,,,,,,,,
377118,,,,,,,,,,,,,52.537823,52.360939,0.206718,0.217837,,,,,,,,,,,,
377123,,,,,,,,,0.798313,-0.653872,,,,,,,,,,,,,,,,,,
377129,,,,,,,,,,,,,48.739819,48.590988,0.245969,0.257072,,,,0.058992,0.279995,-1.620994,,,,,,
377133,,,,,,,,,0.851747,-0.652630,,,,,,,,,,,,,,,,,,
377137,,,,,,,,,,,,,53.512856,53.387630,0.198555,0.209681,,,,0.058538,0.271543,-1.620992,,,,,,
377144,0.058540,0.271400,-1.623149,0.128071,0.245139,-1.621088,0.795556,-0.066254,0.649514,0.000000,55.307678,56.841270,,,,,0.022586,0.070810,0.002061,,,,,,,,,
377147,,,,,,,,,,,,,53.169426,53.064060,0.204564,0.219407,,,,0.057978,0.263027,-1.617196,,,,,,
377153,,,,,,,,,1.074654,0.000000,,,,,,,,,,,,,,,,,,
377157,,,,,,,,,,,,,52.925365,52.836712,0.207481,0.222482,,,,0.057541,0.254304,-1.617138,,,,,,
377163,,,,,,,,,0.854397,0.654661,,,,,,,,,,,,,,,,,,
377168,,,,,,,,,,,,,52.696278,52.621685,0.210294,0.225476,,,,0.056717,0.245385,-1.617048,,,,,,
377173,,,,,,,,,0.823119,0.000000,,,,,,,,,,,,,,,,,,
377177,,,,,,,,,,,,,53.049591,52.986828,0.207212,0.222595,,,,0.056152,0.236793,-1.620754,,,,,,
377183,,,,,,,,,0.852003,-0.652826,,,,,,,,,,,,,,,,,,
377189,,,,,,,,,,,,,49.159954,49.107147,0.247338,0.262939,,,,0.055430,0.228325,-1.616996,,,,,,
377194,0.055456,0.228373,-1.620252,0.125965,0.204555,-1.624144,0.807468,-0.062746,0.672086,0.550484,55.528107,56.824966,,,,,0.020303,0.071600,-0.003891,,,,,,,,,
377197,,,,,,,,,,,,,54.444584,54.400150,0.196913,0.210331,,,,0.054933,0.220111,-1.616994,,,,,,
377203,,,,,,,,,1.110953,0.799649,,,,,,,,,,,,,,,,,,
377207,,,,,,,,,,,,,53.978630,54.485844,0.201882,0.209942,,,,0.054378,0.211834,-1.617049,,,,,,
377213,,,,,,,,,0.878608,0.000000,,,,,,,,,,,,,,,,,,
377217,,,,,,,,,,,,,53.584942,54.011711,0.206208,0.215246,,,,0.053945,0.203595,-1.617136,,,,,,
377223,,,,,,,,,0.824684,0.000000,,,,,,,,,,,,,,,,,,
377227,,,,,,,,,,,,,53.806030,54.165115,0.204342,0.214244,,,,0.053438,0.195211,-1.613364,,,,,,
377233,,,,,,,,,0.849453,0.650872,,,,,,,,,,,,,,,,,,
377237,,,,,,,,,,,,,52.895992,53.742668,0.213968,0.219085,,,,0.052919,0.186267,-1.613306,,,,,,
377244,0.053007,0.186238,-1.611161,0.123712,0.163499,-1.627046,0.817833,-0.059536,0.634842,-0.558495,56.338749,57.053085,,,,,0.019868,0.071565,-0.015885,,,,,,,,,
377251,,,,,,,,,1.089324,0.784081,,,49.345890,50.058285,0.258974,0.259609,,,,0.052319,0.177730,-1.609429,,,,,,
377257,,,,,,,,,,,,,55.812096,55.696884,0.194418,0.203494,,,,0.051911,0.169109,-1.609430,,,,,,
377263,,,,,,,,,0.852600,-0.653284,,,,,,,,,,,,,,,,,,
377267,,,,,,,,,,,,,55.601261,55.504322,0.196673,0.205729,,,,0.051300,0.160672,-1.605536,,,,,,
377273,,,,,,,,,0.823366,0.000000,,,,,,,,,,,,,,,,,,
377277,,,,,,,,,,,,,54.446346,54.912174,0.208601,0.212079,,,,0.050900,0.152314,-1.605625,,,,,,
377283,,,,,,,,,0.824684,0.000000,,,,,,,,,,,,,,,,,,
377290,,,,,,,,,,,,,54.387383,54.302872,0.209581,0.218722,,,,0.050211,0.142854,-1.609120,,,,,,
377294,0.050306,0.143037,-1.609294,0.121320,0.122053,-1.629808,0.826597,-0.056598,0.677344,0.554791,56.527889,57.032440,,,,,0.018235,0.071769,-0.020514,,,,,,,,,
377297,,,,,,,,,,,,,54.035336,53.964226,0.215491,0.222516,,,,0.049777,0.134087,-1.605274,,,,,,
377303,,,,,,,,,1.070466,0.000000,,,,,,,,,,,,,,,,,,
377307,,,,,,,,,,,,,53.627758,54.112091,0.220147,0.221621,,,,0.049171,0.125208,-1.604997,,,,,,
377313,,,,,,,,,0.849877,-0.651197,,,,,,,,,,,,,,,,,,
377318,,,,,,,,,,,,,53.835079,53.698055,0.218613,0.226428,,,,0.048572,0.116574,-1.604894,,,,,,
377323,,,,,,,,,0.850471,0.651653,,,,,,,,,,,,,,,,,,
377327,,,,,,,,,,,,,53.476429,53.906441,0.222809,0.224970,,,,0.048082,0.108369,-1.601142,,,,,,
377333,,,,,,,,,0.879839,0.000000,,,,,,,,,,,,,,,,,,
377337,,,,,,,,,,,,,53.719967,54.081779,0.220936,0.223806,,,,0.047654,0.099824,-1.605095,,,,,,
377344,0.047735,0.099762,-1.605450,0.118798,0.080301,-1.632441,0.833714,-0.053910,0.706226,0.000000,56.774361,56.957108,,,,,0.016987,0.071694,-0.026991,,,,,,,,,
377351,,,,,,,,,1.119375,0.000000,,,53.890415,54.194847,0.222273,0.222475,,,,0.047394,0.091521,-1.605350,,,,,,
377357,,,,,,,,,,,,,54.063057,54.319202,0.221088,0.221759,,,,0.047052,0.083223,-1.609382,,,,,,
377363,,,,,,,,,0.853027,-0.653611,,,,,,,,,,,,,,,,,,
377367,,,,,,,,,,,,,54.167492,53.840584,0.220565,0.227168,,,,0.046789,0.075051,-1.609504,,,,,,
377373,,,,,,,,,0.849538,-0.650937,,,,,,,,,,,,,,,,,,
377377,,,,,,,,,,,,,54.333874,53.511478,0.219390,0.231148,,,,0.046464,0.066610,-1.609547,,,,,,
377383,,,,,,,,,0.854483,0.654726,,,,,,,,,,,,,,,,,,
377387,,,,,,,,,,,,,53.896114,53.204151,0.224343,0.234972,,,,0.046039,0.058123,-1.605685,,,,,,
377394,0.046106,0.058033,-1.602920,0.116154,0.038327,-1.634957,0.839145,-0.051453,0.683153,-0.559548,57.374565,57.278183,,,,,0.017446,0.070644,-0.032037,,,,,,,,,
377397,,,,,,,,,,,,,54.052170,53.469952,0.229449,0.236287,,,,0.045442,0.049450,-1.605659,,,,,,
377403,,,,,,,,,1.115098,0.000000,,,,,,,,,,,,,,,,,,
377409,,,,,,,,,,,,,50.077377,50.098373,0.270656,0.271438,,,,0.044851,0.040514,-1.609429,,,,,,
377413,,,,,,,,,0.880986,0.000000,,,,,,,,,,,,,,,,,,
377417,,,,,,,,,,,,,55.518829,54.954590,0.216613,0.223341,,,,0.044392,0.031670,-1.613306,,,,,,
377423,,,,,,,,,0.877205,0.000000,,,,,,,,,,,,,,,,,,
377427,,,,,,,,,,,,,55.424484,54.949734,0.217946,0.223855,,,,0.043850,0.022775,-1.613266,,,,,,
377433,,,,,,,,,0.880633,0.000000,,,,,,,,,,,,,,,,,,
377437,,,,,,,,,,,,,55.360809,54.961353,0.218986,0.224202,,,,0.043234,0.014196,-1.613338,,,,,,
377444,0.043353,0.014182,-1.612468,0.113397,-0.003783,-1.637366,0.842861,-0.049209,0.701357,0.000000,56.740807,57.039150,,,,,0.015031,0.070732,-0.024898,,,,,,,,,
377451,,,,,,,,,1.159944,-0.787203,,,51.938633,51.602531,0.247830,0.256488,,,,0.042710,0.005146,-1.613307,,,,,,
377458,,,,,,,,,,,,,59.714783,58.631302,0.169474,0.185881,,,,0.042246,-0.003673,-1.617168,,,,,,
377463,,,,,,,,,0.910341,0.655252,,,,,,,,,,,,,,,,,,
377467,,,,,,,,,,,,,58.412159,58.045059,0.182166,0.191543,,,,0.041839,-0.012681,-1.621018,,,,,,
377473,,,,,,,,,0.821969,0.000000,,,,,,,,,,,,,,,,,,
377477,,,,,,,,,,,,,57.334141,57.025261,0.192828,0.201743,,,,0.041190,-0.021474,-1.621036,,,,,,
377483,,,,,,,,,0.824272,0.000000,,,,,,,,,,,,,,,,,,
377487,,,,,,,,,,,,,56.399296,56.139404,0.202244,0.210782,,,,0.040664,-0.030164,-1.621017,,,,,,
377494,0.040744,-0.029898,-1.620302,0.110537,-0.045941,-1.639676,0.844841,-0.047164,0.662266,0.000000,56.028389,56.627319,,,,,0.012570,0.070502,-0.019374,,,,,,,,,
377497,,,,,,,,,,,,,56.141857,55.923183,0.197672,0.208967,,,,0.040012,-0.039368,-1.620958,,,,,,
377503,,,,,,,,,1.080108,-0.777447,,,,,,,,,,,,,,,,,,
377509,,,,,,,,,,,,,51.753036,51.569042,0.242415,0.253520,,,,0.039316,-0.048264,-1.617136,,,,,,
377513,,,,,,,,,0.851066,0.652108,,,,,,,,,,,,,,,,,,
377517,,,,,,,,,,,,,57.282513,56.530418,0.186870,0.203925,,,,0.038614,-0.056949,-1.616931,,,,,,
377523,,,,,,,,,0.908881,0.654200,,,,,,,,,,,,,,,,,,
377527,,,,,,,,,,,,,56.359116,56.814522,0.196037,0.201047,,,,0.037981,-0.066076,-1.613163,,,,,,
377533,,,,,,,,,0.852686,0.653349,,,,,,,,,,,,,,,,,,
377537,,,,,,,,,,,,,55.603428,55.986607,0.203679,0.209454,,,,0.037370,-0.074791,-1.613102,,,,,,
377544,0.037528,-0.074600,-1.610970,0.107584,-0.088060,-1.641899,0.845072,-0.045304,0.638248,0.000000,55.786320,55.779839,,,,,0.010636,0.070540,-0.030929,,,,,,,,,
377552,,,,,,,,,1.174414,0.000000,,,55.021645,55.755898,0.207229,0.203291,,,,0.036726,-0.083278,-1.616931,,,,,,
377557,,,,,,,,,,,,,55.092346,54.910408,0.206661,0.211920,,,,0.036120,-0.091913,-1.613098,,,,,,
377563,,,,,,,,,0.849030,-0.650548,,,,,,,,,,,,,,,,,,
377567,,,,,,,,,,,,,55.086594,54.933510,0.206859,0.211858,,,,0.035681,-0.100749,-1.616931,,,,,,
377573,,,,,,,,,0.880103,0.000000,,,,,,,,,,,,,,,,,,
377577,,,,,,,,,,,,,55.039948,54.911144,0.207474,0.212256,,,,0.035240,-0.109075,-1.616785,,,,,,
377583,,,,,,,,,0.851492,0.652435,,,,,,,,,,,,,,,,,,
377587,,,,,,,,,,,,,54.486111,54.377735,0.213273,0.217870,,,,0.034824,-0.117716,-1.616994,,,,,,
377594,0.034954,-0.117670,-1.613755,0.104548,-0.130054,-1.644041,0.843551,-0.043617,0.684386,-0.560559,55.325317,55.348789,,,,,0.009384,0.070061,-0.030286,,,,,,,,,
377597,,,,,,,,,,,,,54.566891,53.930561,0.208007,0.218315,,,,0.034424,-0.126230,-1.616996,,,,,,
377603,,,,,,,,,1.054161,0.000000,,,,,,,,,,,,,,,,,,
377609,,,,,,,,,,,,,50.385822,50.347443,0.250805,0.255147,,,,0.033975,-0.134632,-1.617096,,,,,,
377613,,,,,,,,,0.848099,-0.649835,,,,,,,,,,,,,,,,,,
377617,,,,,,,,,,,,,55.597126,54.964722,0.198638,0.209051,,,,0.033433,-0.143133,-1.617135,,,,,,
377623,,,,,,,,,0.853284,0.653808,,,,,,,,,,,,,,,,,,
377627,,,,,,,,,,,,,54.981190,54.449085,0.204866,0.214387,,,,0.032848,-0.151880,-1.613216,,,,,,
377633,,,,,,,,,0.850217,-0.651457,,,,,,,,,,,,,,,,,,
377637,,,,,,,,,,,,,54.413822,53.966110,0.210722,0.219493,,,,0.032104,-0.161097,-1.612953,,,,,,
377644,0.032141,-0.161015,-1.615755,0.101438,-0.171835,-1.646111,0.840284,-0.042095,0.655381,0.000000,54.648979,54.666546,,,,,0.007695,0.069713,-0.030355,,,,,,,,,
377647,,,,,,,,,,,,,53.966660,54.135479,0.208567,0.211083,,,,0.031598,-0.170014,-1.612865,,,,,,
377653,,,,,,,,,1.096440,0.789203,,,,,,,,,,,,,,,,,,
377657,,,,,,,,,,,,,54.119362,54.261406,0.207146,0.209905,,,,0.030728,-0.179026,-1.612572,,,,,,
377663,,,,,,,,,0.878784,0.000000,,,,,,,,,,,,,,,,,,
377669,,,,,,,,,,,,,53.857132,53.976650,0.209926,0.212891,,,,,,,,,,,,
377673,,,,,,,,,0.825180,0.000000,,,,,,,,,,,,,,,,,,
377677,,,,,,,,,,,,,53.880268,53.980831,0.209849,0.212986,,,,0.029614,-0.196302,-1.612207,,,,,,
377683,,,,,,,,,0.878081,0.000000,,,,,,,,,,,,,,,,,,
377687,,,,,,,,,,,,,54.064129,54.148743,0.208127,0.211410,,,,0.029167,-0.205084,-1.612460,,,,,,
377694,0.029252,-0.205066,-1.612740,0.098266,-0.213317,-1.648116,0.835284,-0.040729,0.684092,-0.560318,53.803352,53.551090,,,,,0.005350,0.069300,-0.035376,,,,,,,,,
377697,,,,,,,,,,,,,53.653618,53.724812,0.203806,0.204460,,,,0.028837,-0.213358,-1.608936,,,,,,
377703,,,,,,,,,1.083983,0.780237,,,,,,,,,,,,,,,,,,
377710,,,,,,,,,,,,,50.000069,50.059971,0.241102,0.241807,,,,0.028489,-0.221844,-1.616509,,,,,,
377713,,,,,,,,,0.880986,0.000000,,,,,,,,,,,,,,,,,,
377717,,,,,,,,,,,,,55.700668,55.751072,0.183716,0.184456,,,,0.028130,-0.229863,-1.616927,,,,,,
377723,,,,,,,,,0.852088,-0.652891,,,,,,,,,,,,,,,,,,
377727,,,,,,,,,,,,,55.596687,55.093460,0.184398,0.190724,,,,0.027846,-0.238239,-1.620814,,,,,,
377733,,,,,,,,,0.823119,0.000000,,,,,,,,,,,,,,,,,,
377737,,,,,,,,,,,,,54.926010,53.959465,0.190880,0.201982,,,,0.027367,-0.246571,-1.617094,,,,,,
377744,0.027379,-0.246539,-1.616729,0.095042,-0.254417,-1.650064,0.828574,-0.039512,0.626211,-0.550902,53.183762,53.009708,,,,,0.004763,0.067953,-0.033335,,,,,,,,,
377747,,,,,,,,,,,,,53.854385,53.041134,0.195266,0.205745,,,,0.026779,-0.255576,-1.616782,,,,,,
377753,,,,,,,,,1.075443,0.000000,,,,,,,,,,,,,,,,,,
377757,,,,,,,,,,,,,53.468170,52.783901,0.199071,0.208363,,,,0.025994,-0.264699,-1.620530,,,,,,
377763,,,,,,,,,0.799194,0.654594,,,,,,,,,,,,,,,,,,
377769,,,,,,,,,,,,,49.525131,48.949387,0.239233,0.247520,,,,,,,,,,,,
377773,,,,,,,,,0.848776,-0.650353,,,,,,,,,,,,,,,,,,
377777,,,,,,,,,,,,,54.707710,54.223278,0.187103,0.194538,,,,0.025001,-0.282285,-1.627763,,,,,,
377783,,,,,,,,,0.879839,0.000000,,,,,,,,,,,,,,,,,,
377787,,,,,,,,,,,,,54.748981,54.341381,0.186377,0.193091,,,,0.024380,-0.290877,-1.623944,,,,,,
377794,0.024460,-0.290844,-1.623342,0.091775,-0.295051,-1.651962,0.820187,-0.038438,0.684680,-0.560799,51.396961,51.459114,,,,,0.000666,0.067443,-0.028620,,,,,,,,,
377797,,,,,,,,,,,,,54.237202,53.349487,0.173059,0.187126,,,,0.023734,-0.299405,-1.627636,,,,,,
377803,,,,,,,,,1.018653,0.780517,,,,,,,,,,,,,,,,,,
377807,,,,,,,,,,,,,53.264881,53.062939,0.182408,0.189671,,,,0.023296,-0.307977,-1.631443,,,,,,
377813,,,,,,,,,0.796716,-0.652564,,,,,,,,,,,,,,,,,,
377817,,,,,,,,,,,,,52.980312,52.266182,0.184938,0.197477,,,,0.022877,-0.316178,-1.628163,,,,,,
377823,,,,,,,,,0.795523,0.651587,,,,,,,,,,,,,,,,,,
377829,,,,,,,,,,,,,49.175514,48.574646,0.223430,0.234969,,,,0.022215,-0.324518,-1.631877,,,,,,
377833,,,,,,,,,0.798713,-0.654200,,,,,,,,,,,,,,,,,,
377837,,,,,,,,,,,,,53.614506,53.108936,0.178596,0.189296,,,,0.021671,-0.332525,-1.631877,,,,,,
377844,0.021680,-0.332371,-1.633905,0.088477,-0.335140,-1.653817,0.810161,-0.037503,0.701775,0.000000,49.970623,50.464397,,,,,-0.001449,0.066838,-0.019912,,,,,,,,,
377847,,,,,,,,,,,,,53.255768,53.373348,0.167263,0.176123,,,,0.021230,-0.340698,-1.635670,,,,,,
377853,,,,,,,,,1.062572,0.000000,,,,,,,,,,,,,,,,,,
377857,,,,,,,,,,,,,53.002945,53.101875,0.169185,0.178310,,,,0.020597,-0.348626,-1.632187,,,,,,
377863,,,,,,,,,0.795126,0.651262,,,,,,,,,,,,,,,,,,
377867,,,,,,,,,,,,,52.222565,52.305805,0.176539,0.185903,,,,0.019956,-0.356574,-1.628545,,,,,,
377873,,,,,,,,,0.741103,-0.651977,,,,,,,,,,,,,,,,,,
377877,,,,,,,,,,,,,51.566715,51.091991,0.182778,0.197915,,,,0.019353,-0.364227,-1.628616,,,,,,
377883,,,,,,,,,0.769397,0.000000,,,,,,,,,,,,,,,,,,
377889,,,,,,,,,,,,,51.216339,50.816910,0.186032,0.200596,,,,0.018721,-0.372129,-1.628660,,,,,,
377894,0.018767,-0.372015,-1.629102,0.085156,-0.374605,-1.655635,0.798546,-0.036704,0.637023,0.560414,49.458878,49.602741,,,,,-0.001283,0.066427,-0.026534,,,,,,,,,
377897,,,,,,,,,,,,,50.448799,50.725670,0.188392,0.192667,,,,0.017948,-0.380401,-1.624628,,,,,,
377903,,,,,,,,,1.023428,0.784176,,,,,,,,,,,,,,,,,,
377907,,,,,,,,,,,,,50.074268,50.851990,0.192015,0.191154,,,,0.017333,-0.388338,-1.620815,,,,,,
377913,,,,,,,,,0.793304,-0.649769,,,,,,,,,,,,,,,,,,
377917,,,,,,,,,,,,,50.262421,50.374798,0.189972,0.195771,,,,0.016701,-0.396473,-1.624338,,,,,,
377923,,,,,,,,,0.797833,0.653479,,,,,,,,,,,,,,,,,,
377929,,,,,,,,,,,,,46.297367,46.892742,0.230255,0.231134,,,,0.016115,-0.404423,-1.620428,,,,,,
377933,,,,,,,,,0.768398,0.000000,,,,,,,,,,,,,,,,,,
377937,,,,,,,,,,,,,50.958195,51.459145,0.183347,0.185099,,,,0.015689,-0.412602,-1.620527,,,,,,
377944,0.015761,-0.412415,-1.621248,0.081825,-0.413373,-1.657423,0.785397,-0.036040,0.608931,0.000000,48.560387,48.214344,,,,,-0.002375,0.066028,-0.036175,,,,,,,,,
377947,,,,,,,,,,,,,50.483849,50.905346,0.178721,0.176214,,,,0.015490,-0.420436,-1.620615,,,,,,
377953,,,,,,,,,0.998454,0.000000,,,,,,,,,,,,,,,,,,
377957,,,,,,,,,,,,,50.115219,50.469868,0.182096,0.180118,,,,0.014965,-0.427813,-1.624567,,,,,,
377963,,,,,,,,,0.742364,-0.653087,,,,,,,,,,,,,,,,,,
377967,,,,,,,,,,,,,49.772289,49.527454,0.185283,0.189280,,,,0.014657,-0.435372,-1.624732,,,,,,
377973,,,,,,,,,0.739035,0.650159,,,,,,,,,,,,,,,,,,
377977,,,,,,,,,,,,,49.509632,49.303631,0.187720,0.191300,,,,0.014269,-0.442659,-1.621017,,,,,,
377983,,,,,,,,,0.798313,-0.653872,,,,,,,,,,,,,,,,,,
377989,,,,,,,,,,,,,45.692547,45.519215,0.226464,0.229683,,,,0.013798,-0.450205,-1.624863,,,,,,
377994,0.013747,-0.450376,-1.627302,0.078491,-0.451371,-1.659188,0.770777,-0.035510,0.610545,0.000000,47.482117,47.318047,,,,,-0.002663,0.064697,-0.031886,,,,,,,,,
377997,,,,,,,,,,,,,50.875492,50.137756,0.163173,0.173971,,,,0.013097,-0.458122,-1.628615,,,,,,
378003,,,,,,,,,1.021463,-0.782671,,,,,,,,,,,,,,,,,,
378007,,,,,,,,,,,,,49.880741,49.260010,0.172641,0.182360,,,,0.012555,-0.466044,-1.632384,,,,,,
378013,,,,,,,,,0.662266,0.000000,,,,,,,,,,,,,,,,,,
378017,,,,,,,,,,,,,49.059345,48.537064,0.180540,0.189346,,,,0.012004,-0.473947,-1.628543,,,,,,
378023,,,,,,,,,0.765949,0.000000,,,,,,,,,,,,,,,,,,
378027,,,,,,,,,,,,,48.346279,47.906834,0.187498,0.195530,,,,0.011348,-0.481839,-1.632182,,,,,,
378033,,,,,,,,,0.741548,-0.652369,,,,,,,,,,,,,,,,,,
378037,,,,,,,,,,,,,48.831211,47.917950,0.182378,0.195299,,,,0.010738,-0.489390,-1.632111,,,,,,
378044,0.010771,-0.489220,-1.634446,0.075165,-0.488532,-1.660937,0.754756,-0.035115,,,45.769104,45.852261,,,,,-0.004782,0.064220,-0.026491,,,,,,,,,
378050,,,,,,,,,0.393630,0.373995,,,43.335823,43.017254,0.220689,0.230215,,,,0.010210,-0.497112,-1.635830,,,,,,
378053,,,,,,,,,2.589236,0.000000,,,,,,,,,,,,,,,,,,
378057,,,,,,,,,,,,,49.609287,49.341244,0.157186,0.166277,,,,0.009704,-0.504794,-1.635980,,,,,,
378063,,,,,,,,,0.769243,0.000000,,,,,,,,,,,,,,,,,,
378067,,,,,,,,,,,,,48.816063,48.590534,0.164509,0.173237,,,,0.009167,-0.512315,-1.635914,,,,,,
378073,,,,,,,,,0.686275,-0.652043,,,,,,,,,,,,,,,,,,
378077,,,,,,,,,,,,,48.149353,47.959595,0.170700,0.179125,,,,0.008832,-0.519869,-1.639889,,,,,,
378083,,,,,,,,,0.688822,0.654463,,,,,,,,,,,,,,,,,,
378089,,,,,,,,,,,,,44.504013,43.845459,0.207407,0.220667,,,,0.008189,-0.527020,-1.636141,,,,,,
378094,0.008261,-0.526734,-1.633254,0.071856,-0.524792,-1.662676,0.737410,-0.034857,0.588068,-0.558735,44.445728,44.367401,,,,,-0.005908,0.063349,-0.029422,,,,,,,,,
378097,,,,,,,,,,,,,48.834026,48.279919,0.149995,0.160692,,,,0.007703,-0.534314,-1.636183,,,,,,
378103,,,,,,,,,0.989700,0.000000,,,,,,,,,,,,,,,,,,
378107,,,,,,,,,,,,,48.170128,48.248611,0.155889,0.160229,,,,0.007177,-0.541885,-1.636183,,,,,,
378113,,,,,,,,,0.713869,0.000000,,,,,,,,,,,,,,,,,,
378117,,,,,,,,,,,,,47.604450,47.670486,0.160914,0.165349,,,,0.006480,-0.549419,-1.636097,,,,,,
378123,,,,,,,,,0.685180,0.651002,,,,,,,,,,,,,,,,,,
378127,,,,,,,,,,,,,47.136982,46.647728,0.165051,0.175121,,,,0.005965,-0.556815,-1.639889,,,,,,
378133,,,,,,,,,0.688270,-0.653938,,,,,,,,,,,,,,,,,,
378137,,,,,,,,,,,,,46.191650,46.324207,0.174155,0.177965,,,,0.005395,-0.564077,-1.639934,,,,,,
378144,0.005414,-0.563823,-1.642117,0.068573,-0.560092,-1.664414,0.718822,-0.034741,0.560990,0.000000,42.488335,42.717278,,,,,-0.008222,0.062732,-0.022297,,,,,,,,,
378151,,,,,,,,,0.931891,0.000000,,,43.178520,43.290054,0.184574,0.191690,,,,0.004772,-0.571204,-1.636141,,,,,,
378157,,,,,,,,,,,,,48.915005,48.268578,0.125924,0.140795,,,,0.004162,-0.578433,-1.636097,,,,,,
378163,,,,,,,,,0.715801,0.000000,,,,,,,,,,,,,,,,,,
378167,,,,,,,,,,,,,47.678555,47.134651,0.137250,0.151251,,,,0.003503,-0.585630,-1.636097,,,,,,
378173,,,,,,,,,0.657641,0.000000,,,,,,,,,,,,,,,,,,
378177,,,,,,,,,,,,,46.116905,46.204735,0.152141,0.159852,,,,0.002874,-0.592812,-1.632299,,,,,,
378183,,,,,,,,,0.658101,1.302655,,,,,,,,,,,,,,,,,,
378187,,,,,,,,,,,,,45.335968,45.954304,0.159381,0.161709,,,,0.002150,-0.599890,-1.632184,,,,,,
378194,0.002305,-0.599622,-1.627555,0.065324,-0.594376,-1.666156,0.699078,-0.034772,0.612745,-2.239156,41.433506,40.929058,,,,,-0.008813,0.062620,-0.038601,,,,,,,,,
378197,,,,,,,,,,,,,44.689358,45.209625,0.154648,0.150418,,,,0.001670,-0.606805,-1.632117,,,,,,
378203,,,,,,,,,0.758679,3.917582,,,,,,,,,,,,,,,,,,
378209,,,,,,,,,,,,,43.959106,44.396858,0.161445,0.157852,,,,0.001185,-0.613959,-1.631964,,,,,,
378213,,,,,,,,,0.630932,-0.651587,,,,,,,,,,,,,,,,,,
378217,,,,,,,,,,,,,43.714474,44.082798,0.163435,0.160362,,,,0.000774,-0.620990,-1.631886,,,,,,
378223,,,,,,,,,0.661203,0.000000,,,,,,,,,,,,,,,,,,
378227,,,,,,,,,,,,,43.342773,43.105896,0.166770,0.169695,,,,0.000367,-0.628008,-1.631891,,,,,,
378233,,,,,,,,,0.630491,-0.651132,,,,,,,,,,,,,,,,,,
378237,,,,,,,,,,,,,42.990730,42.791420,0.169979,0.172468,,,,-0.000213,-0.634562,-1.631799,,,,,,
378244,-0.000189,-0.634269,-1.634175,0.062117,-0.627595,-1.667912,0.678272,-0.034957,0.533214,-0.550671,39.537895,39.231800,,,,,-0.010606,0.061758,-0.033737,,,,,,,,,
378251,,,,,,,,,0.873477,0.000000,,,40.331120,39.747547,0.177461,0.185831,,,,-0.000680,-0.641177,-1.631706,,,,,,
378257,,,,,,,,,,,,,44.996128,45.295219,0.129719,0.129141,,,,-0.001145,-0.647890,-1.635500,,,,,,
378263,,,,,,,,,0.633653,0.654398,,,,,,,,,,,,,,,,,,
378267,,,,,,,,,,,,,44.378609,44.630264,0.134926,0.134711,,,,-0.001626,-0.654214,-1.635599,,,,,,
378273,,,,,,,,,0.604526,0.000000,,,,,,,,,,,,,,,,,,
378277,,,,,,,,,,,,,43.329533,42.996784,0.144658,0.150293,,,,-0.002161,-0.660660,-1.639379,,,,,,
378283,,,,,,,,,0.577337,-0.653022,,,,,,,,,,,,,,,,,,
378287,,,,,,,,,,,,,42.460644,42.180672,0.152763,0.157864,,,,-0.002674,-0.666922,-1.639557,,,,,,
378294,-0.002653,-0.666597,-1.641845,0.058961,-0.659702,-1.669690,0.656498,-0.035308,0.519413,0.000000,37.888725,37.812508,,,,,-0.011252,0.060969,-0.027845,,,,,,,,,
378297,,,,,,,,,,,,,42.245255,41.466446,0.137554,0.150083,,,,-0.003237,-0.673023,-1.639640,,,,,,
378303,,,,,,,,,0.784692,0.000000,,,,,,,,,,,,,,,,,,
378310,,,,,,,,,,,,,41.296864,41.120884,0.146356,0.152877,,,,-0.003695,-0.679208,-1.639640,,,,,,
378313,,,,,,,,,0.606164,0.000000,,,,,,,,,,,,,,,,,,
378317,,,,,,,,,,,,,41.070984,40.922916,0.147978,0.154234,,,,-0.004189,-0.685158,-1.639777,,,,,,
378323,,,,,,,,,0.604405,0.000000,,,,,,,,,,,,,,,,,,
378327,,,,,,,,,,,,,40.534542,40.409958,0.152813,0.158844,,,,-0.004771,-0.691259,-1.643617,,,,,,
378333,,,,,,,,,0.604224,0.000000,,,,,,,,,,,,,,,,,,
378337,,,,,,,,,,,,,40.096333,39.991508,0.156754,0.162593,,,,-0.005268,-0.696977,-1.643662,,,,,,
378344,-0.005229,-0.696956,-1.643510,0.055861,-0.690658,-1.671499,0.633857,-0.035835,0.487424,-0.551321,36.634804,36.536301,,,,,-0.010720,0.060471,-0.027989,,,,,,,,,
378351,,,,,,,,,0.837219,0.795458,,,37.582695,39.630962,0.169162,0.152817,,,,-0.005811,-0.702917,-1.639925,,,,,,
378357,,,,,,,,,,,,,42.167938,39.371693,0.122203,0.154843,,,,-0.006307,-0.708440,-1.640000,,,,,,
378363,,,,,,,,,0.604768,0.000000,,,,,,,,,,,,,,,,,,
378367,,,,,,,,,,,,,40.912491,39.646210,0.133901,0.151476,,,,-0.006801,-0.714491,-1.639967,,,,,,
378373,,,,,,,,,0.577684,0.653414,,,,,,,,,,,,,,,,,,
378377,,,,,,,,,,,,,39.877922,38.812473,0.143599,0.159358,,,,-0.007148,-0.720408,-1.643783,,,,,,
378383,,,,,,,,,0.549624,0.000000,,,,,,,,,,,,,,,,,,
378387,,,,,,,,,,,,,38.995445,38.098976,0.151951,0.166181,,,,-0.007561,-0.726289,-1.643783,,,,,,
378394,-0.007533,-0.726127,-1.643760,0.052826,-0.720427,-1.673349,0.610450,-0.036554,0.448352,0.560510,35.390228,35.209679,,,,,-0.010085,0.059783,-0.029589,,,,,,,,,
378397,,,,,,,,,,,,,38.261101,38.051846,0.146275,0.152817,,,,-0.008088,-0.732300,-1.643750,,,,,,
378403,,,,,,,,,0.753162,-0.777819,,,,,,,,,,,,,,,,,,
378409,,,,,,,,,,,,,35.669537,34.996807,0.172134,0.183410,,,,-0.008623,-0.738269,-1.643752,,,,,,
378413,,,,,,,,,0.549734,0.000000,,,,,,,,,,,,,,,,,,
378417,,,,,,,,,,,,,39.022987,38.456951,0.137873,0.148159,,,,-0.008966,-0.744045,-1.639969,,,,,,
378423,,,,,,,,,0.605011,0.000000,,,,,,,,,,,,,,,,,,
378427,,,,,,,,,,,,,38.285366,38.354244,0.144671,0.148557,,,,-0.009412,-0.749780,-1.636143,,,,,,
378433,,,,,,,,,0.578205,0.654003,,,,,,,,,,,,,,,,,,
378437,,,,,,,,,,,,,37.665276,37.723232,0.150417,0.154365,,,,-0.009946,-0.755585,-1.636239,,,,,,
378444,-0.009885,-0.755535,-1.634127,0.049860,-0.748979,-1.675251,0.586381,-0.037484,0.558519,0.000000,34.025902,33.402542,,,,,-0.010324,0.059211,-0.041124,,,,,,,,,
378447,,,,,,,,,,,,,37.671963,37.720730,0.135977,0.135455,,,,-0.010483,-0.761231,-1.632445,,,,,,
378453,,,,,,,,,0.602871,0.000000,,,,,,,,,,,,,,,,,,
378457,,,,,,,,,,,,,37.154076,37.195110,0.140530,0.139953,,,,-0.010968,-0.766974,-1.628583,,,,,,
378463,,,,,,,,,0.548746,0.000000,,,,,,,,,,,,,,,,,,
378469,,,,,,,,,,,,,36.613449,36.647976,0.145419,0.144775,,,,,,,,,,,,
378473,,,,,,,,,0.493970,0.000000,,,,,,,,,,,,,,,,,,
378477,,,,,,,,,,,,,35.742920,35.771969,0.153781,0.153061,,,,-0.011880,-0.778812,-1.624732,,,,,,
378483,,,,,,,,,0.578031,-0.653807,,,,,,,,,,,,,,,,,,
378487,,,,,,,,,,,,,36.077271,35.555969,0.150027,0.154790,,,,-0.012284,-0.784668,-1.620871,,,,,,
378494,-0.012267,-0.784641,-1.624727,0.046970,-0.776289,-1.677218,0.561757,-0.038649,0.447583,0.559549,32.329426,31.306002,,,,,-0.011533,0.058700,-0.052490,,,,,,,,,
378497,,,,,,,,,,,,,35.784557,35.888847,0.135299,0.129580,,,,-0.012713,-0.790373,-1.620919,,,,,,
378503,,,,,,,,,0.721620,0.000000,,,,,,,,,,,,,,,,,,
378509,,,,,,,,,,,,,33.072891,33.160641,0.162267,0.156491,,,,-0.013189,-0.796047,-1.620918,,,,,,
378513,,,,,,,,,0.550285,0.000000,,,,,,,,,,,,,,,,,,
378517,,,,,,,,,,,,,36.324635,36.398464,0.128950,0.123094,,,,-0.013512,-0.801576,-1.620812,,,,,,
378523,,,,,,,,,0.550285,0.000000,,,,,,,,,,,,,,,,,,
378527,,,,,,,,,,,,,36.022621,36.084743,0.131232,0.125275,,,,-0.013898,-0.807206,-1.620752,,,,,,
378533,,,,,,,,,0.548527,0.000000,,,,,,,,,,,,,,,,,,
378537,,,,,,,,,,,,,35.209339,35.261608,0.138788,0.132716,,,,-0.014290,-0.812920,-1.624686,,,,,,
378544,-0.014244,-0.812845,-1.624690,0.044161,-0.802338,-1.679264,0.536682,-0.040076,0.440110,1.650617,30.197525,29.116644,,,,,-0.013638,0.057755,-0.054574,,,,,,,,,
378547,,,,,,,,,,,,,35.057526,35.101505,0.118016,0.111226,,,,-0.014663,-0.818413,-1.624630,,,,,,
378553,,,,,,,,,0.639013,-2.396599,,,,,,,,,,,,,,,,,,
378557,,,,,,,,,,,,,34.405647,34.442654,0.123693,0.116749,,,,-0.014939,-0.824095,-1.632242,,,,,,
378563,,,,,,,,,0.496600,0.000000,,,,,,,,,,,,,,,,,,
378569,,,,,,,,,,,,,31.917522,31.453892,0.148230,0.146170,,,,,,,,,,,,
378573,,,,,,,,,0.492396,-1.299540,,,,,,,,,,,,,,,,,,
378577,,,,,,,,,,,,,35.313854,34.319580,0.113243,0.116472,,,,-0.015593,-0.834962,-1.639640,,,,,,
378583,,,,,,,,,0.549514,0.000000,,,,,,,,,,,,,,,,,,
378587,,,,,,,,,,,,,34.625751,33.789169,0.119239,0.120842,,,,-0.016123,-0.840195,-1.643262,,,,,,
378594,-0.016092,-0.840202,-1.641704,0.041437,-0.827111,-1.681404,0.511262,-0.041801,0.418357,1.104136,27.404770,26.814762,,,,,-0.017134,0.056457,-0.039700,,,,,,,,,
378597,,,,,,,,,,,,,34.556221,32.767895,0.090576,0.106845,,,,-0.016445,-0.845471,-1.647136,,,,,,
378603,,,,,,,,,0.570910,-2.393083,,,,,,,,,,,,,,,,,,
378607,,,,,,,,,,,,,33.455158,32.497906,0.100377,0.108408,,,,-0.016775,-0.850582,-1.650972,,,,,,
378613,,,,,,,,,0.440140,-1.306829,,,,,,,,,,,,,,,,,,
378617,,,,,,,,,,,,,33.037834,31.146030,0.103423,0.121061,,,,-0.017270,-0.855741,-1.654673,,,,,,
378623,,,,,,,,,0.438602,0.000000,,,,,,,,,,,,,,,,,,
378629,,,,,,,,,,,,,30.328671,28.736906,0.129930,0.144768,,,,-0.017687,-0.860628,-1.654592,,,,,,
378633,,,,,,,,,0.468071,0.654004,,,,,,,,,,,,,,,,,,
378637,,,,,,,,,,,,,32.587467,31.248158,0.106306,0.118768,,,,-0.018202,-0.865583,-1.654504,,,,,,
378644,-0.018139,-0.865414,-1.650687,0.038802,-0.850599,-1.683657,0.485603,-0.043865,0.374471,0.000000,25.097094,24.707541,,,,,-0.019312,0.055577,-0.032970,,,,,,,,,
378647,,,,,,,,,,,,,31.769781,31.186722,0.090071,0.097015,,,,-0.018777,-0.870395,-1.654309,,,,,,
378653,,,,,,,,,0.629608,0.787108,,,,,,,,,,,,,,,,,,
378657,,,,,,,,,,,,,31.090050,31.144335,0.095670,0.096151,,,,-0.019373,-0.875276,-1.654300,,,,,,
378663,,,,,,,,,0.385973,0.000000,,,,,,,,,,,,,,,,,,
378668,,,,,,,,,,,,,29.970203,30.015879,0.105894,0.106374,,,,-0.019846,-0.880020,-1.654059,,,,,,
378673,,,,,,,,,0.410452,-0.649964,,,,,,,,,,,,,,,,,,
378677,,,,,,,,,,,,,29.585064,29.077478,0.108848,0.114884,,,,-0.020430,-0.884521,-1.653927,,,,,,
378683,,,,,,,,,0.441156,0.000000,,,,,,,,,,,,,,,,,,
378689,,,,,,,,,,,,,28.873812,28.944347,0.115205,0.115368,,,,-0.020963,-0.889248,-1.649902,,,,,,
378694,-0.020874,-0.889093,-1.649969,0.036260,-0.872799,-1.686044,0.459809,-0.046321,0.374599,-1.112230,23.121515,22.638651,,,,,-0.020762,0.055666,-0.036075,,,,,,,,,
378697,,,,,,,,,,,,,28.495680,28.555029,0.098156,0.097389,,,,-0.021479,-0.893831,-1.645959,,,,,,
378703,,,,,,,,,0.497239,2.362180,,,,,,,,,,,,,,,,,,
378707,,,,,,,,,,,,,27.788445,27.838381,0.104295,0.103516,,,,-0.021862,-0.898358,-1.642339,,,,,,
378713,,,,,,,,,0.383815,0.000000,,,,,,,,,,,,,,,,,,
378718,,,,,,,,,,,,,27.195665,27.237682,0.109407,0.108603,,,,-0.022365,-0.902794,-1.642194,,,,,,
378723,,,,,,,,,0.384506,0.000000,,,,,,,,,,,,,,,,,,
378730,,,,,,,,,,,,,27.012625,27.047977,0.110460,0.109618,,,,-0.022722,-0.907067,-1.641885,,,,,,
378733,,,,,,,,,0.385934,0.000000,,,,,,,,,,,,,,,,,,
378737,,,,,,,,,,,,,26.744225,26.773970,0.112419,0.111531,,,,-0.023020,-0.911359,-1.641874,,,,,,
378744,-0.022967,-0.911104,-1.642554,0.033813,-0.893711,-1.688589,0.433981,-0.049234,0.349370,0.553238,21.451469,20.690151,,,,,-0.021420,0.055387,-0.046035,,,,,,,,,
378747,,,,,,,,,,,,,26.317059,26.342087,0.099017,0.095234,,,,-0.023317,-0.915603,-1.641549,,,,,,
378753,,,,,,,,,0.468671,-1.590333,,,,,,,,,,,,,,,,,,
378757,,,,,,,,,,,,,25.953068,25.974125,0.101757,0.097857,,,,-0.023638,-0.919944,-1.644746,,,,,,
378763,,,,,,,,,0.383165,0.000000,,,,,,,,,,,,,,,,,,
378768,,,,,,,,,,,,,25.641481,25.115688,0.104035,0.105557,,,,-0.024045,-0.923905,-1.644760,,,,,,
378773,,,,,,,,,0.384622,0.000000,,,,,,,,,,,,,,,,,,
378777,,,,,,,,,,,,,25.388830,24.946428,0.105774,0.106398,,,,-0.024414,-0.927906,-1.644760,,,,,,
378783,,,,,,,,,0.385315,0.000000,,,,,,,,,,,,,,,,,,
378790,,,,,,,,,,,,,25.138790,24.766554,0.107537,0.107381,,,,-0.024713,-0.931867,-1.648366,,,,,,
378794,-0.024683,-0.931737,-1.647878,0.031463,-0.913340,-1.691322,0.408217,-0.052682,0.324428,1.100876,19.461346,18.767813,,,,,-0.022666,0.054563,-0.043444,,,,,,,,,
378797,,,,,,,,,,,,,25.010590,24.697392,0.087808,0.087664,,,,-0.025039,-0.935786,-1.651931,,,,,,
378803,,,,,,,,,0.436738,-2.393961,,,,,,,,,,,,,,,,,,
378807,,,,,,,,,,,,,24.865263,24.055830,0.088180,0.093022,,,,-0.025365,-0.939596,-1.655500,,,,,,
378813,,,,,,,,,0.330967,0.000000,,,,,,,,,,,,,,,,,,
378817,,,,,,,,,,,,,24.189215,23.508158,0.093995,0.097550,,,,-0.025725,-0.943336,-1.663038,,,,,,
378823,,,,,,,,,0.328624,0.000000,,,,,,,,,,,,,,,,,,
378827,,,,,,,,,,,,,23.613214,23.040173,0.098925,0.101376,,,,-0.026162,-0.946932,-1.666373,,,,,,
378833,,,,,,,,,0.302021,-0.652173,,,,,,,,,,,,,,,,,,
378838,,,,,,,,,,,,,23.141634,22.113897,0.102904,0.109969,,,,-0.026497,-0.950415,-1.666567,,,,,,
378844,-0.026462,-0.950110,-1.667736,0.029213,-0.931699,-1.694279,0.382615,-0.056768,,,17.381834,17.089743,,,,,-0.023713,0.053631,-0.026544,,,,,,,,,
378850,,,,,,,,,0.365325,0.000000,,,23.082098,22.217360,0.081565,0.091128,,,,-0.026830,-0.953915,-1.670300,,,,,,
378853,,,,,,,,,0.317635,0.000000,,,,,,,,,,,,,,,,,,
378857,,,,,,,,,,,,,22.842632,22.115040,0.082867,0.091147,,,,-0.027171,-0.957346,-1.674295,,,,,,
378863,,,,,,,,,0.330370,0.000000,,,,,,,,,,,,,,,,,,
378867,,,,,,,,,,,,,22.491301,21.879103,0.085358,0.092548,,,,-0.027610,-0.960775,-1.678035,,,,,,
378873,,,,,,,,,0.301931,-0.651978,,,,,,,,,,,,,,,,,,
378878,,,,,,,,,,,,,22.188171,21.129070,0.087428,0.099240,,,,-0.028064,-0.964137,-1.674515,,,,,,
378883,,,,,,,,,0.329643,0.000000,,,,,,,,,,,,,,,,,,
378889,,,,,,,,,,,,,20.169933,19.278805,0.107053,0.117305,,,,-0.028473,-0.967425,-1.674913,,,,,,
378894,-0.028439,-0.967349,-1.674311,0.027063,-0.948801,-1.697500,0.357266,-0.061619,0.234765,0.000000,15.644613,15.398336,,,,,-0.024184,0.053288,-0.023189,,,,,,,,,
378897,,,,,,,,,,,,,22.351250,21.601456,0.066527,0.075924,,,,-0.028800,-0.970593,-1.674687,,,,,,
378903,,,,,,,,,0.462360,0.000000,,,,,,,,,,,,,,,,,,
378907,,,,,,,,,,,,,21.530416,21.444355,0.073558,0.076286,,,,-0.029249,-0.973717,-1.670964,,,,,,
378913,,,,,,,,,0.302869,0.654004,,,,,,,,,,,,,,,,,,
378917,,,,,,,,,,,,,20.839767,20.767355,0.079425,0.081982,,,,-0.029679,-0.976758,-1.667214,,,,,,
378923,,,,,,,,,0.274017,0.000000,,,,,,,,,,,,,,,,,,
378927,,,,,,,,,,,,,20.804779,20.743853,0.078743,0.081148,,,,-0.030078,-0.979796,-1.663438,,,,,,
378933,,,,,,,,,0.274592,0.000000,,,,,,,,,,,,,,,,,,
378937,,,,,,,,,,,,,20.226494,20.175230,0.083609,0.085879,,,,-0.030412,-0.982800,-1.663629,,,,,,
378944,-0.030364,-0.982649,-1.664526,0.025014,-0.964665,-1.701037,0.332259,-0.067396,0.303999,0.555453,14.538703,13.978894,,,,,-0.023088,0.053452,-0.036511,,,,,,,,,
378951,,,,,,,,,0.267356,0.000000,,,18.769653,19.164289,0.086273,0.080757,,,,-0.030806,-0.985737,-1.659659,,,,,,
378957,,,,,,,,,,,,,20.112270,20.444317,0.071732,0.066663,,,,-0.031145,-0.988658,-1.659459,,,,,,
378963,,,,,,,,,0.301961,-0.652043,,,,,,,,,,,,,,,,,,
378967,,,,,,,,,,,,,19.644089,19.923473,0.075392,0.070683,,,,-0.031486,-0.991597,-1.655690,,,,,,
378973,,,,,,,,,0.246591,0.650807,,,,,,,,,,,,,,,,,,
378977,,,,,,,,,,,,,19.253429,19.488504,0.078356,0.073931,,,,-0.031810,-0.994369,-1.655690,,,,,,
378983,,,,,,,,,0.275198,0.000000,,,,,,,,,,,,,,,,,,
378987,,,,,,,,,,,,,18.373875,18.571667,0.086385,0.082181,,,,-0.032153,-0.997227,-1.655465,,,,,,
378994,-0.032110,-0.997153,-1.656226,0.023067,-0.979316,-1.704954,0.307676,-0.074310,0.188764,0.000000,13.293521,12.475362,,,,,-0.022480,0.053454,-0.048728,,,,,,,,,
378997,,,,,,,,,,,,,18.187675,18.354097,0.074816,0.068145,,,,-0.032513,-0.999989,-1.655233,,,,,,
379003,,,,,,,,,0.328362,0.000000,,,,,,,,,,,,,,,,,,
379009,,,,,,,,,,,,,16.802401,16.942429,0.087967,0.081368,,,,-0.032817,-1.002681,-1.655251,,,,,,
379013,,,,,,,,,0.274373,0.000000,,,,,,,,,,,,,,,,,,
379017,,,,,,,,,,,,,17.720058,17.837879,0.077905,0.071341,,,,-0.033188,-1.005369,-1.655011,,,,,,
379023,,,,,,,,,0.247158,-0.652304,,,,,,,,,,,,,,,,,,
379027,,,,,,,,,,,,,17.631554,17.186308,0.077922,0.076915,,,,-0.033470,-1.007930,-1.655251,,,,,,
379033,,,,,,,,,0.220423,0.000000,,,,,,,,,,,,,,,,,,
379037,,,,,,,,,,,,,17.558992,17.184362,0.077795,0.075993,,,,-0.033811,-1.010316,-1.654528,,,,,,
379044,-0.033747,-1.010133,-1.654671,0.021221,-0.992780,-1.709330,0.283596,-0.082637,0.226817,1.077513,12.007645,11.071832,,,,,-0.021897,0.053321,-0.054659,,,,,,,,,
379051,,,,,,,,,0.277379,-1.647145,,,16.026533,15.711319,0.079457,0.075760,,,,-0.034133,-1.012701,-1.654248,,,,,,
379057,,,,,,,,,,,,,17.403992,17.138771,0.064603,0.060272,,,,-0.034417,-1.014920,-1.654728,,,,,,
379063,,,,,,,,,0.220180,0.000000,,,,,,,,,,,,,,,,,,
379067,,,,,,,,,,,,,16.821018,16.597862,0.069470,0.064576,,,,-0.034567,-1.017059,-1.654975,,,,,,
379073,,,,,,,,,0.220004,0.000000,,,,,,,,,,,,,,,,,,
379077,,,,,,,,,,,,,16.333992,16.146229,0.073475,0.068077,,,,-0.034739,-1.019202,-1.659408,,,,,,
379083,,,,,,,,,0.219126,0.000000,,,,,,,,,,,,,,,,,,
379087,,,,,,,,,,,,,15.919633,15.761649,0.076836,0.070985,,,,-0.034921,-1.021215,-1.659609,,,,,,
379094,-0.034900,-1.021201,-1.659195,0.019475,-1.005087,-1.714266,0.260092,-0.092740,0.188861,-1.121503,10.846118,9.887118,,,,,-0.020852,0.052740,-0.055071,,,,,,,,,
379097,,,,,,,,,,,,,15.567518,15.434590,0.067798,0.061299,,,,-0.035146,-1.023159,-1.663169,,,,,,
379103,,,,,,,,,0.230432,0.781920,,,,,,,,,,,,,,,,,,
379109,,,,,,,,,,,,,14.624551,14.004025,0.076472,0.074781,,,,-0.035309,-1.025131,-1.667104,,,,,,
379113,,,,,,,,,0.219718,0.000000,,,,,,,,,,,,,,,,,,
379117,,,,,,,,,,,,,15.245075,14.722965,0.069387,0.066625,,,,-0.035472,-1.026905,-1.671260,,,,,,
379123,,,,,,,,,0.192119,-0.651913,,,,,,,,,,,,,,,,,,
379128,,,,,,,,,,,,,15.006031,14.022020,0.070945,0.072807,,,,-0.035668,-1.028769,-1.678906,,,,,,
379133,,,,,,,,,0.219762,0.000000,,,,,,,,,,,,,,,,,,
379137,,,,,,,,,,,,,14.803374,13.975428,0.072181,0.072456,,,,-0.035816,-1.030455,-1.682976,,,,,,
379144,-0.035822,-1.030597,-1.680981,0.017828,-1.016271,-1.719891,0.237232,-0.105115,0.211324,-0.557731,9.526001,8.777697,,,,,-0.020138,0.051749,-0.038910,,,,,,,,,
379162,,,,,,,,,2.494982,-5.387566,,,12.362282,10.270391,0.081790,0.097427,,,,-0.036191,-1.033640,-1.694422,,,,,,
379167,,,,,,,,,,,,,12.431606,15.746450,0.080515,0.041273,,,,-0.036330,-1.035082,-1.702217,,,,,,
379173,,,,,,,,,0.247232,-0.652500,,,,,,,,,,,,,,,,,,
379178,,,,,,,,,,,,,13.182668,14.882690,0.072273,0.048690,,,,-0.036493,-1.036450,-1.709789,,,,,,
379183,,,,,,,,,0.165483,-1.310240,,,,,,,,,,,,,,,,,,
379187,,,,,,,,,,,,,13.272902,13.612798,0.070622,0.060422,,,,-0.036646,-1.037706,-1.713578,,,,,,
379194,-0.036674,-1.037797,-1.716340,0.016280,-1.026369,-1.726375,0.215077,-0.120439,0.140883,-1.115463,8.314371,7.888820,,,,,-0.018987,0.050736,-0.010035,,,,,,,,,
379197,,,,,,,,,,,,,12.798512,12.540936,0.062352,0.061321,,,,-0.036792,-1.038918,-1.714112,,,,,,
379203,,,,,,,,,0.198107,0.000000,,,,,,,,,,,,,,,,,,
379209,,,,,,,,,,,,,12.718338,12.014194,0.062273,0.065763,,,,-0.036894,-1.040030,-1.721536,,,,,,
379213,,,,,,,,,0.192542,-0.653349,,,,,,,,,,,,,,,,,,
379217,,,,,,,,,,,,,12.552766,11.960299,0.063081,0.065488,,,,-0.037018,-1.041144,-1.728922,,,,,,
379223,,,,,,,,,0.136831,-0.650029,,,,,,,,,,,,,,,,,,
379227,,,,,,,,,,,,,12.196670,11.153244,0.065866,0.072906,,,,-0.037233,-1.042756,-1.739773,,,,,,
379233,,,,,,,,,0.137695,-0.654135,,,,,,,,,,,,,,,,,,
379237,,,,,,,,,,,,,12.441539,9.929153,0.062592,0.084739,,,,-0.037470,-1.044445,-1.746934,,,,,,
379244,-0.037496,-1.044457,-1.747111,0.014827,-1.035419,-1.733945,0.193684,-0.139665,0.117937,-1.680809,7.154782,6.886157,,,,,-0.018075,0.049927,0.013166,,,,,,,,,
379247,,,,,,,,,,,,,12.101286,9.987365,0.053409,0.073510,,,,-0.037707,-1.045912,-1.750622,,,,,,
379253,,,,,,,,,0.164299,0.780517,,,,,,,,,,,,,,,,,,
379257,,,,,,,,,,,,,11.268716,9.490063,0.060912,0.077962,,,,-0.038007,-1.047479,-1.761369,,,,,,
379263,,,,,,,,,0.137392,-0.652695,,,,,,,,,,,,,,,,,,
379269,,,,,,,,,,,,,10.943749,9.447191,0.063404,0.077878,,,,,,,,,,,,
379273,,,,,,,,,0.137269,0.652108,,,,,,,,,,,,,,,,,,
379277,,,,,,,,,,,,,11.064256,9.186323,0.061417,0.080027,,,,-0.038514,-1.050110,-1.768566,,,,,,
379283,,,,,,,,,0.137159,-0.651587,,,,,,,,,,,,,,,,,,
379287,,,,,,,,,,,,,10.940320,8.816609,0.061899,0.083338,,,,-0.038721,-1.051393,-1.768652,,,,,,
379294,-0.038728,-1.051376,-1.769578,0.013467,-1.043463,-1.742913,0.173101,-0.164169,0.142282,0.000000,5.884988,5.583621,,,,,-0.018065,0.049604,0.026665,,,,,,,,,
379298,,,,,,,,,,,,,10.294052,9.051597,0.054782,0.067269,,,,-0.038958,-1.052568,-1.768616,,,,,,
379303,,,,,,,,,0.130813,0.000000,,,,,,,,,,,,,,,,,,
379307,,,,,,,,,,,,,9.749847,8.704446,0.059451,0.070116,,,,-0.039217,-1.053965,-1.772127,,,,,,
379313,,,,,,,,,0.137036,-0.651002,,,,,,,,,,,,,,,,,,
379318,,,,,,,,,,,,,9.825633,8.946033,0.057905,0.067028,,,,,,,,,,,,
379323,,,,,,,,,0.137599,0.653676,,,,,,,,,,,,,,,,,,
379330,,,,,,,,,,,,,9.240119,8.500024,0.063089,0.070905,,,,-0.039820,-1.056652,-1.768528,,,,,,
379333,,,,,,,,,0.109826,0.000000,,,,,,,,,,,,,,,,,,
379337,,,,,,,,,,,,,9.024590,8.401875,0.064617,0.071323,,,,-0.040142,-1.057909,-1.768467,,,,,,
379344,-0.040114,-1.057812,-1.768560,0.012199,-1.050544,-1.753716,0.153372,-0.195984,0.116615,-0.553990,5.012651,4.366534,,,,,-0.017405,0.049865,0.014844,,,,,,,,,
379347,,,,,,,,,,,,,9.223658,8.156249,0.053061,0.060850,,,,-0.040423,-1.059214,-1.768510,,,,,,
379353,,,,,,,,,0.166651,0.791693,,,,,,,,,,,,,,,,,,
379357,,,,,,,,,,,,,8.852819,8.500719,0.056001,0.056579,,,,-0.040568,-1.060322,-1.768616,,,,,,
379363,,,,,,,,,0.082725,0.654989,,,,,,,,,,,,,,,,,,
379369,,,,,,,,,,,,,8.446002,7.651124,0.059382,0.064418,,,,,,,,,,,,
379373,,,,,,,,,0.137050,-0.651067,,,,,,,,,,,,,,,,,,
379377,,,,,,,,,,,,,8.301687,8.230488,0.060168,0.057851,,,,-0.041059,-1.062792,-1.765042,,,,,,
379383,,,,,,,,,0.109705,0.000000,,,,,,,,,,,,,,,,,,
379387,,,,,,,,,,,,,8.077512,8.017605,0.061796,0.059250,,,,-0.041316,-1.064030,-1.761455,,,,,,
379394,-0.041305,-1.063960,-1.762051,0.011019,-1.056707,-1.766990,0.134537,-0.238227,0.094544,0.000000,4.150088,3.066824,,,,,-0.017067,0.049991,-0.004939,,,,,,,,,
379397,,,,,,,,,,,,,7.882788,7.832382,0.054372,0.047152,,,,-0.041641,-1.065229,-1.761448,,,,,,
379403,,,,,,,,,0.131408,0.000000,,,,,,,,,,,,,,,,,,
379407,,,,,,,,,,,,,7.724064,7.135909,0.055244,0.053303,,,,-0.041873,-1.066412,-1.761441,,,,,,
379413,,,,,,,,,0.109716,0.000000,,,,,,,,,,,,,,,,,,
379417,,,,,,,,,,,,,7.583450,7.088576,0.055963,0.052972,,,,-0.042138,-1.067443,-1.761491,,,,,,
379423,,,,,,,,,0.082477,-0.653022,,,,,,,,,,,,,,,,,,
379429,,,,,,,,,,,,,6.881489,6.465103,0.062437,0.058527,,,,-0.042412,-1.068564,-1.761360,,,,,,
379433,,,,,,,,,0.109914,0.000000,,,,,,,,,,,,,,,,,,
379437,,,,,,,,,,,,,6.987672,7.236118,0.060807,0.049983,,,,-0.042606,-1.069567,-1.757871,,,,,,
379444,-0.042584,-1.069550,-1.758222,0.009924,-1.061999,-1.783693,0.116627,-0.295860,0.094228,0.000000,3.228555,1.668812,,,,,-0.017202,0.050182,-0.025471,,,,,,,,,
379447,,,,,,,,,,,,,6.967968,7.177011,0.051041,0.035492,,,,-0.042815,-1.070544,-1.757863,,,,,,
379453,,,,,,,,,0.098828,0.782483,,,,,,,,,,,,,,,,,,
379457,,,,,,,,,,,,,6.952370,7.128258,0.050453,0.034888,,,,-0.043025,-1.071569,-1.757863,,,,,,
379463,,,,,,,,,0.082378,-0.652238,,,,,,,,,,,,,,,,,,
379467,,,,,,,,,,,,,6.938919,6.542313,0.049845,0.039773,,,,-0.043239,-1.072526,-1.757863,,,,,,
379473,,,,,,,,,0.082452,-0.652826,,,,,,,,,,,,,,,,,,
379477,,,,,,,,,,,,,6.382079,6.048375,0.054783,0.043836,,,,-0.043464,-1.073434,-1.757814,,,,,,
379483,,,,,,,,,0.082172,0.650612,,,,,,,,,,,,,,,,,,
379489,,,,,,,,,,,,,5.875820,5.595042,0.059316,0.047584,,,,-0.043622,-1.074369,-1.757814,,,,,,
379494,-0.043595,-1.074304,-1.755118,0.008912,-1.066465,-1.805339,0.099671,-0.377166,0.047219,0.000000,2.419059,0.276181,,,,,-0.017330,0.050181,-0.050220,,,,,,,,,
379497,,,,,,,,,,,,,6.716516,5.889402,0.041954,0.029592,,,,-0.043831,-1.075258,-1.764993,,,,,,
379503,,,,,,,,,0.131707,-1.564215,,,,,,,,,,,,,,,,,,
379507,,,,,,,,,,,,,6.195329,4.955342,0.046411,0.037996,,,,-0.043951,-1.076161,-1.768519,,,,,,
379513,,,,,,,,,0.054842,0.000000,,,,,,,,,,,,,,,,,,
379517,,,,,,,,,,,,,6.301074,5.257749,0.044577,0.033976,,,,-0.044073,-1.076960,-1.772142,,,,,,
379523,,,,,,,,,0.082601,-0.654004,,,,,,,,,,,,,,,,,,
379527,,,,,,,,,,,,,5.846211,4.423869,0.048440,0.041485,,,,-0.044250,-1.077722,-1.775770,,,,,,
379533,,,,,,,,,0.027454,-0.652108,,,,,,,,,,,,,,,,,,
379537,,,,,,,,,,,,,6.011365,3.722243,0.046070,0.047812,,,,-0.044399,-1.078362,-1.782881,,,,,,
379544,-0.044354,-1.078135,-1.783287,0.007978,-1.070155,-1.834458,0.083694,-0.496781,0.069298,-0.548679,1.303116,-1.450791,,,,,-0.018837,0.049472,-0.051171,,,,,,,,,
379551,,,,,,,,,0.033864,-0.804382,,,5.503469,3.577402,0.039150,0.030985,,,,-0.044526,-1.078988,-1.786443,,,,,,
379557,,,,,,,,,,,,,6.024381,3.010025,0.032996,0.035767,,,,-0.044629,-1.079510,-1.790002,,,,,,
379563,,,,,,,,,0.054979,0.000000,,,,,,,,,,,,,,,,,,
379567,,,,,,,,,,,,,5.068913,3.077342,0.041798,0.034188,,,,-0.044722,-1.080073,-1.800585,,,,,,
379573,,,,,,,,,0.027399,-0.650807,,,,,,,,,,,,,,,,,,
379577,,,,,,,,,,,,,4.811055,3.135347,0.043675,0.032691,,,,-0.044777,-1.080541,-1.807589,,,,,,
379583,,,,,,,,,0.054924,1.304607,,,,,,,,,,,,,,,,,,
379589,,,,,,,,,,,,,4.048021,3.151461,0.050756,0.031609,,,,-0.044907,-1.080994,-1.814501,,,,,,
379594,-0.044903,-1.080980,-1.806407,0.007120,-1.073116,-1.875611,0.068720,-0.682476,0.023581,-0.560125,0.611393,-3.174439,,,,,-0.019791,0.048750,-0.069204,,,,,,,,,
379597,,,,,,,,,,,,,4.560921,2.651639,0.037920,0.018206,,,,-0.044984,-1.081345,-1.821519,,,,,,
379603,,,,,,,,,0.065782,-1.562529,,,,,,,,,,,,,,,,,,
379607,,,,,,,,,,,,,4.929046,2.231089,0.033375,0.021330,,,,-0.045080,-1.081673,-1.824950,,,,,,
379613,,,,,,,,,0.027545,-0.654266,,,,,,,,,,,,,,,,,,
379617,,,,,,,,,,,,,4.691624,1.877238,0.034934,0.023858,,,,-0.045124,-1.081916,-1.824950,,,,,,
379623,,,,,,,,,0.027385,-0.650483,,,,,,,,,,,,,,,,,,
379628,,,,,,,,,,,,,3.947531,1.579508,0.041707,0.025885,,,,-0.045103,-1.082065,-1.828642,,,,,,
379633,,,,,,,,,-0.000000,0.000000,,,,,,,,,,,,,,,,,,
379637,,,,,,,,,,,,,3.869338,1.328998,0.041838,0.027489,,,,-0.045135,-1.082168,-1.832122,,,,,,
379644,-0.045116,-1.082069,-1.829964,0.006333,-1.075396,-1.937843,0.054779,-0.991903,0.023646,-0.561669,0.636104,-4.873188,,,,,-0.019635,0.048020,-0.107879,,,,,,,,,
379650,,,,,,,,,,,,,3.255660,1.118218,0.047698,0.011411,,,,-0.045150,-1.082259,-1.835598,,,,,,
379653,,,,,,,,,0.032891,-0.781265,,,,,,,,,,,,,,,,,,
379657,,,,,,,,,,,,,3.407873,0.940869,0.045621,0.012022,,,,-0.045163,-1.082378,-1.835598,,,,,,
379663,,,,,,,,,-0.000000,0.000000,,,,,,,,,,,,,,,,,,
379668,,,,,,,,,,,,,2.867384,0.791647,0.050580,0.012381,,,,-0.045185,-1.082443,-1.839115,,,,,,
379673,,,,,,,,,-0.000000,0.000000,,,,,,,,,,,,,,,,,,
379677,,,,,,,,,,,,,2.957269,0.666092,0.049217,0.012529,,,,-0.045179,-1.082467,-1.842593,,,,,,
379683,,,,,,,,,0.027542,-0.654200,,,,,,,,,,,,,,,,,,
379687,,,,,,,,,,,,,2.488245,0.560449,0.053536,0.012499,,,,-0.045177,-1.082510,-1.842593,,,,,,
379694,-0.045203,-1.082584,-1.844278,0.005614,-1.077045,-2.041547,0.041920,-1.559432,-0.000000,0.000000,1.540398,-7.122171,,,,,-0.019058,0.047432,-0.197269,,,,,,,,,
379697,,,,,,,,,,,,,2.093609,0.471562,0.066415,-0.010621,,,,-0.045183,-1.082572,-1.846114,,,,,,
379703,,,,,,,,,-0.000000,0.000000,,,,,,,,,,,,,,,,,,
379709,,,,,,,,,,,,,1.761563,0.396772,0.069691,-0.011377,,,,-0.045200,-1.082673,-1.846106,,,,,,
379713,,,,,,,,,0.027536,-0.654069,,,,,,,,,,,,,,,,,,
379718,,,,,,,,,,,,,2.069667,0.333844,0.066504,-0.012239,,,,-0.045212,-1.082785,-1.849575,,,,,,
379723,,,,,,,,,0.027410,-0.651067,,,,,,,,,,,,,,,,,,
379727,,,,,,,,,,,,,2.285906,0.280896,0.064193,-0.013190,,,,-0.045211,-1.082904,-1.853038,,,,,,
379733,,,,,,,,,0.027473,-0.652565,,,,,,,,,,,,,,,,,,
379738,,,,,,,,,,,,,2.468504,0.236346,0.062181,-0.014216,,,,-0.045253,-1.083123,-1.859953,,,,,,
379744,-0.045281,-1.083188,-1.861375,0.004960,-1.078108,-2.240803,0.030252,-2.747985,-0.000000,0.000000,3.901054,-11.223225,,,,,-0.019262,0.046680,-0.379428,,,,,,,,,
379751,,,,,,,,,0.032927,-0.782108,,,2.076999,0.198862,0.090068,-0.057136,,,,-0.045293,-1.083358,-1.863420,,,,,,
379757,,,,,,,,,,,,,2.480781,0.167322,0.086314,-0.059099,,,,-0.045344,-1.083566,-1.866820,,,,,,
379763,,,,,,,,,0.000000,-1.304607,,,,,,,,,,,,,,,,,,
379767,,,,,,,,,,,,,2.631274,-0.403160,0.085063,-0.055558,,,,-0.045434,-1.083833,-1.873711,,,,,,
379773,,,,,,,,,0.027478,-0.652695,,,,,,,,,,,,,,,,,,
379777,,,,,,,,,,,,,2.760190,-0.339219,0.084002,-0.058374,,,,-0.045492,-1.084088,-1.880618,,,,,,
379783,,,,,,,,,0.027473,-0.652565,,,,,,,,,,,,,,,,,,
379787,,,,,,,,,,,,,3.409987,-0.285419,0.077602,-0.061100,,,,-0.045533,-1.084339,-1.887463,,,,,,
379794,-0.045546,-1.084352,-1.888012,0.004366,-1.078635,-2.691550,0.020086,-5.701325,0.023616,-0.560944,10.408611,-20.478704,,,,,-0.021001,0.045639,-0.803538,,,,,,,,,
379797,,,,,,,,,,,,,3.414305,-0.240151,0.144034,-0.158155,,,,-0.045570,-1.084628,-1.897759,,,,,,
379803,,,,,,,,,0.065712,-1.560847,,,,,,,,,,,,,,,,,,
379809,,,,,,,,,,,,,3.373986,-0.703254,0.145844,-0.157479,,,,-0.045605,-1.084935,-1.907957,,,,,,
379813,,,,,,,,,0.000000,-2.603229,,,,,,,,,,,,,,,,,,
379817,,,,,,,,,,,,,4.627387,-1.187889,0.134466,-0.156491,,,,-0.045736,-1.085329,-1.918059,,,,,,
379823,,,,,,,,,0.054924,-2.609215,,,,,,,,,,,,,,,,,,
379827,,,,,,,,,,,,,5.527276,-2.088685,0.126443,-0.151161,,,,-0.045908,-1.085859,-1.941574,,,,,,
379833,,,,,,,,,0.027509,-3.267071,,,,,,,,,,,,,,,,,,
379837,,,,,,,,,,,,,6.825777,-3.388765,0.114175,-0.141578,,,,-0.046019,-1.086401,-1.971589,,,,,,
379844,-0.046023,-1.086336,-1.978283,0.003828,-1.078669,2.775445,0.012550,-13.309912,0.046504,-4.418415,27.905344,-42.912987,,,,,-0.026796,0.042731,-1.529457,,,,,,,,,
379851,,,,,,,,,0.000000,-4.787922,,,7.035227,-3.712653,0.291222,-0.370522,,,,-0.045981,-1.086800,-2.007940,,,,,,
379857,,,,,,,,,,,,,10.373780,-6.835776,0.261342,-0.346507,,,,-0.046023,-1.087238,-2.050293,,,,,,
379863,,,,,,,,,-0.027435,-8.471478,,,,,,,,,,,,,,,,,,
379867,,,,,,,,,,,,,12.529656,-9.552781,0.242859,-0.326009,,,,-0.045910,-1.087549,-2.098458,,,,,,
379873,,,,,,,,,0.027481,-9.791408,,,,,,,,,,,,,,,,,,
379877,,,,,,,,,,,,,14.900540,-12.395798,0.221751,-0.303682,,,,-0.045724,-1.087917,-2.171079,,,,,,
379883,,,,,,,,,-0.027473,-11.093599,,,,,,,,,,,,,,,,,,
379887,,,,,,,,,,,,,17.448515,-15.341024,0.198363,-0.279744,,,,-0.045480,-1.088387,-2.263940,,,,,,
379894,-0.045455,-1.088124,-2.286517,0.003344,-1.078258,2.208184,0.010927,-15.944475,0.023119,-12.630237,31.038473,-53.532608,,,,,-0.039465,0.030351,-1.788485,,,,,,,,,
379897,,,,,,,,,,,,,20.126610,-18.897911,0.205095,-0.357298,,,,-0.045339,-1.088788,-2.378673,,,,,,
379903,,,,,,,,,-0.033827,-13.659334,,,,,,,,,,,,,,,,,,
379909,,,,,,,,,,,,,19.924606,-19.389126,0.209338,-0.359215,,,,-0.045116,-1.089183,-2.502402,,,,,,
379913,,,,,,,,,-0.082427,-16.315748,,,,,,,,,,,,,,,,,,
379917,,,,,,,,,,,,,26.339998,-27.086376,0.146124,-0.287532,,,,-0.044841,-1.089642,-2.640889,,,,,,
379923,,,,,,,,,-0.054820,-15.625607,,,,,,,,,,,,,,,,,,
379927,,,,,,,,,,,,,27.624289,-30.983200,0.133964,-0.253073,,,,-0.044641,-1.090026,-2.785372,,,,,,
379933,,,,,,,,,-0.109837,-16.958200,,,,,,,,,,,,,,,,,,
379937,,,,,,,,,,,,,29.225271,-33.682968,0.118317,-0.230045,,,,-0.044471,-1.090387,-2.944597,,,,,,
379944,-0.044138,-1.089998,-2.960528,0.002909,-1.077444,1.960726,0.015422,-7.239670,-0.116813,-12.763448,6.075062,-32.978321,,,,,-0.048539,-0.003877,-1.361931,,,,,,,,,
379948,,,,,,,,,,,,,29.974726,-36.417725,-0.143592,0.003533,,,,-0.044253,-1.090765,-3.102791,,,,,,
379953,,,,,,,,,-0.133305,-18.998325,,,,,,,,,,,,,,,,,,
379957,,,,,,,,,,,,,29.081175,-36.708279,-0.139258,0.007184,,,,-0.044063,-1.090931,3.019807,,,,,,
379963,,,,,,,,,-0.137806,-8.510580,,,,,,,,,,,,,,,,,,
379969,,,,,,,,,,,,,25.442600,-35.268002,-0.106745,-0.006760,,,,,,,,,,,,
379973,,,,,,,,,-0.164279,-5.202824,,,,,,,,,,,,,,,,,,
379978,,,,,,,,,,,,,21.407400,-32.738197,-0.069460,-0.032106,,,,-0.043793,-1.091190,2.739494,,,,,,
379981,,,,,,,,,-0.164624,-3.910304,,,,,,,,,,-0.043793,-1.091190,2.739494,,,,,,
379985,,,,,,,,,,,,,,,,,,,,-0.043793,-1.091190,2.739494,,,,,,
379988,,,,,,,,,,,,,18.012184,-30.822676,-0.037895,-0.051693,,,,-0.043793,-1.091190,2.739494,,,,,,
379991,,,,,,,,,,,,,,,,,,,,-0.043793,-1.091190,2.739494,,,,,,
379994,-0.043132,-1.091053,2.772025,0.002521,-1.076271,1.838216,0.021638,-3.313073,-0.164111,-3.898122,-0.389685,-18.943882,,,,,-0.037231,-0.030274,-0.933808,-0.043344,-1.091237,2.642720,,,,,,
379997,,,,,,,,,,,,,15.155449,-28.664557,-0.077084,0.069015,,,,-0.042036,-1.091709,2.579350,,,,,,
380003,,,,,,,,,-0.099845,-2.371625,,,,,,,,,,,,,,,,,,
380009,,,,,,,,,,,,,12.751793,-25.606041,-0.055676,0.039762,,,,-0.040337,-1.092617,2.547779,,,,,,
380013,,,,,,,,,-0.054820,-1.302134,,,,,,,,,,,,,,,,,,
380017,,,,,,,,,,,,,10.126786,-22.147490,-0.031529,0.005817,,,,-0.039365,-1.093408,2.527490,,,,,,
380023,,,,,,,,,-0.027456,0.652173,,,,,,,,,,,,,,,,,,
380027,,,,,,,,,,,,,7.974330,-19.181240,-0.011678,-0.023798,,,,-0.037869,-1.094471,2.530408,,,,,,
380033,,,,,,,,,-0.055111,0.000000,,,,,,,,,,,,,,,,,,
380038,,,,,,,,,,,,,6.709600,-16.139093,-0.000450,-0.054780,,,,-0.036383,-1.095518,2.536723,,,,,,
380044,-0.036736,-1.095230,2.556469,0.002174,-1.074778,1.767362,0.027789,-1.801958,-0.022783,0.541170,0.658747,-10.103352,,,,,-0.021141,-0.038540,-0.789107,,,,,,,,,
380051,,,,,,,,,-0.034507,-0.819641,,,5.225122,-13.999765,0.023966,0.013011,,,,-0.034742,-1.096689,2.548813,,,,,,
380057,,,,,,,,,,,,,4.396417,-11.779401,0.031505,-0.008858,,,,-0.032880,-1.097965,2.551843,,,,,,
380063,,,,,,,,,-0.000000,0.000000,,,,,,,,,,,,,,,,,,
380068,,,,,,,,,,,,,3.699145,-9.911186,0.037870,-0.027578,,,,-0.031701,-1.098798,2.551903,,,,,,
380073,,,,,,,,,-0.000000,0.000000,,,,,,,,,,,,,,,,,,
380077,,,,,,,,,,,,,3.112460,-8.339271,0.043246,-0.043650,,,,-0.032234,-1.098614,2.543113,,,,,,
380083,,,,,,,,,-0.027435,-0.651652,,,,,,,,,,,,,,,,,,
380087,,,,,,,,,,,,,2.618823,-7.560987,0.047790,-0.051941,,,,-0.032121,-1.098526,2.543180,,,,,,
380094,-0.032413,-1.098314,2.541561,0.001866,-1.073004,1.721751,0.033434,-1.111866,0.023400,-0.555831,1.207189,-6.229928,,,,,-0.013999,-0.040245,-0.819810,,,,,,,,,
380097,,,,,,,,,,,,,2.747477,-6.361813,0.051680,-0.025173,,,,-0.032451,-1.098292,2.540241,,,,,,
380103,,,,,,,,,-0.000000,0.000000,,,,,,,,,,,,,,,,,,
380109,,,,,,,,,,,,,2.311727,-5.352829,0.055817,-0.035438,,,,-0.032897,-1.098005,2.534359,,,,,,
380113,,,,,,,,,-0.000000,0.000000,,,,,,,,,,,,,,,,,,
380117,,,,,,,,,,,,,1.945086,-4.503869,0.059336,-0.044273,,,,-0.032879,-1.097951,2.534442,,,,,,
380123,,,,,,,,,-0.000000,0.000000,,,,,,,,,,,,,,,,,,
380127,,,,,,,,,,,,,2.181957,-3.789555,0.056772,-0.051904,,,,-0.033306,-1.097701,2.531538,,,,,,
380133,,,,,,,,,0.027415,-0.651197,,,,,,,,,,,,,,,,,,
380137,,,,,,,,,,,,,1.835898,-3.188531,0.060107,-0.058522,,,,-0.033261,-1.097672,2.531454,,,,,,
380144,-0.033284,-1.097659,2.529570,0.001595,-1.070988,1.690166,0.038452,-0.747376,-0.000000,0.000000,0.781229,-5.009880,,,,,-0.013225,-0.041869,-0.839404,,,,,,,,,
380147,,,,,,,,,,,,,1.544724,-2.682829,0.058606,-0.051844,,,,-0.033540,-1.097585,2.528616,,,,,,
380153,,,,,,,,,0.033165,-0.787774,,,,,,,,,,,,,,,,,,
380157,,,,,,,,,,,,,1.844383,-2.257332,0.055397,-0.056650,,,,-0.033525,-1.097622,2.525800,,,,,,
380163,,,,,,,,,-0.000000,0.000000,,,,,,,,,,,,,,,,,,
380169,,,,,,,,,,,,,1.551864,-1.899319,0.058168,-0.060852,,,,,,,,,,,,
380173,,,,,,,,,0.027478,-0.652695,,,,,,,,,,,,,,,,,,
380177,,,,,,,,,,,,,1.903414,-1.598087,0.054428,-0.064547,,,,-0.033541,-1.097708,2.517068,,,,,,
380183,,,,,,,,,-0.000000,0.000000,,,,,,,,,,,,,,,,,,
380187,,,,,,,,,,,,,1.601533,-1.344630,0.057283,-0.067814,,,,-0.033469,-1.097697,2.517073,,,,,,
380194,-0.033453,-1.097694,2.518121,0.001356,-1.068765,1.667130,0.042818,-0.533375,-0.000000,0.000000,1.016133,-3.883180,,,,,-0.011370,-0.043810,-0.850992,,,,,,,,,
380198,,,,,,,,,,,,,1.347529,-1.131371,0.062106,-0.059230,,,,-0.033648,-1.097632,2.514151,,,,,,
380203,,,,,,,,,0.032868,-0.780704,,,,,,,,,,,,,,,,,,
380207,,,,,,,,,,,,,1.679446,-0.951936,0.058654,-0.061611,,,,-0.033742,-1.097583,2.514131,,,,,,
380213,,,,,,,,,-0.027478,-0.652695,,,,,,,,,,,,,,,,,,
380217,,,,,,,,,,,,,1.413085,-1.345012,0.061238,-0.058188,,,,-0.033821,-1.097507,2.511217,,,,,,
380223,,,,,,,,,0.027478,-0.652695,,,,,,,,,,,,,,,,,,
380229,,,,,,,,,,,,,1.698985,-1.131693,0.058243,-0.060871,,,,-0.033937,-1.097455,2.508282,,,,,,
380233,,,,,,,,,-0.027410,-0.651067,,,,,,,,,,,,,,,,,,
380237,,,,,,,,,,,,,1.429526,-1.536042,0.060854,-0.057297,,,,-0.034056,-1.097347,2.499479,,,,,,
380244,-0.033913,-1.097444,2.498312,0.001146,-1.066367,1.649678,0.046540,-0.397568,0.000000,-1.108545,1.458351,-2.906655,,,,,-0.009411,-0.045895,-0.848634,,,,,,,,,
380247,,,,,,,,,,,,,1.746639,-1.836262,0.062048,-0.044744,,,,-0.034158,-1.097422,2.490647,,,,,,
380253,,,,,,,,,-0.000000,0.000000,,,,,,,,,,,,,,,,,,
380257,,,,,,,,,,,,,2.014492,-1.545030,0.059258,-0.047928,,,,-0.034079,-1.097501,2.484878,,,,,,
380263,,,,,,,,,0.027456,-0.652173,,,,,,,,,,,,,,,,,,
380269,,,,,,,,,,,,,1.694993,-1.299988,0.062406,-0.050700,,,,,,,,,,,,
380273,,,,,,,,,-0.000000,0.000000,,,,,,,,,,,,,,,,,,
380277,,,,,,,,,,,,,1.426167,-1.093810,0.065100,-0.053125,,,,-0.034034,-1.097535,2.476137,,,,,,
380283,,,,,,,,,0.027478,-0.652695,,,,,,,,,,,,,,,,,,
380287,,,,,,,,,,,,,1.744030,-0.920331,0.061865,-0.055257,,,,-0.034262,-1.097426,2.476099,,,,,,
380294,-0.034324,-1.097357,2.475224,0.000963,-1.063826,1.636069,0.049641,-0.306152,-0.000000,0.000000,2.110515,-1.908674,,,,,-0.007011,-0.048170,-0.839156,,,,,,,,,
380298,,,,,,,,,,,,,1.467427,-0.774367,0.071281,-0.046963,,,,-0.034358,-1.097329,2.473201,,,,,,
380303,,,,,,,,,-0.000000,0.000000,,,,,,,,,,,,,,,,,,
380307,,,,,,,,,,,,,1.234693,-0.651552,0.073783,-0.048443,,,,-0.034412,-1.097223,2.473226,,,,,,
380313,,,,,,,,,0.027506,-0.653349,,,,,,,,,,,,,,,,,,
380317,,,,,,,,,,,,,1.582924,-0.548216,0.070407,-0.049748,,,,-0.034503,-1.097160,2.470295,,,,,,
380323,,,,,,,,,-0.000000,0.000000,,,,,,,,,,,,,,,,,,
380329,,,,,,,,,,,,,1.331872,-0.461269,0.073073,-0.050907,,,,-0.034612,-1.097108,2.467334,,,,,,
380333,,,,,,,,,-0.000000,0.000000,,,,,,,,,,,,,,,,,,
380337,,,,,,,,,,,,,1.716157,-0.388111,0.069309,-0.051943,,,,-0.034688,-1.097098,2.464428,,,,,,
380344,-0.034657,-1.097120,2.465334,0.000805,-1.061172,1.625219,0.052154,-0.241722,0.023410,-0.556068,2.628187,-1.179349,,,,,-0.005159,-0.050231,-0.840116,,,,,,,,,
380347,,,,,,,,,,,,,1.443974,-0.326557,0.077444,-0.045436,,,,-0.034820,-1.097036,2.464428,,,,,,
380353,,,,,,,,,0.033089,-0.785971,,,,,,,,,,,,,,,,,,
380357,,,,,,,,,,,,,1.760157,-0.274765,0.074456,-0.046135,,,,-0.034916,-1.096896,2.458532,,,,,,
380363,,,,,,,,,-0.000000,0.000000,,,,,,,,,,,,,,,,,,
380367,,,,,,,,,,,,,2.023207,-0.231187,0.071947,-0.046760,,,,-0.035050,-1.096779,2.455561,,,,,,
380373,,,,,,,,,0.027465,-0.652369,,,,,,,,,,,,,,,,,,
380377,,,,,,,,,,,,,1.702326,-0.194521,0.075341,-0.047324,,,,-0.035173,-1.096711,2.452654,,,,,,
380383,,,,,,,,,0.027473,-0.652565,,,,,,,,,,,,,,,,,,
380389,,,,,,,,,,,,,1.925360,-0.163670,0.073251,-0.047835,,,,-0.035305,-1.096605,2.446769,,,,,,
380394,-0.035339,-1.096575,2.445589,0.000668,-1.058432,1.616414,0.054112,-0.194612,-0.000000,0.000000,3.207619,-0.425718,,,,,-0.003177,-0.052357,-0.829175,,,,,,,,,
380398,,,,,,,,,,,,,2.229242,-0.137712,0.076202,-0.040616,,,,-0.035492,-1.096493,2.440929,,,,,,
380403,,,,,,,,,0.032994,-0.783705,,,,,,,,,,,,,,,,,,
380407,,,,,,,,,,,,,1.875684,-0.115871,0.080004,-0.040897,,,,-0.035608,-1.096388,2.437955,,,,,,
380413,,,,,,,,,0.027473,-0.652565,,,,,,,,,,,,,,,,,,
380417,,,,,,,,,,,,,2.121223,-0.097494,0.077766,-0.041146,,,,-0.035767,-1.096286,2.432030,,,,,,
380423,,,,,,,,,0.027402,-0.650872,,,,,,,,,,,,,,,,,,
380429,,,,,,,,,,,,,2.283371,-0.082031,0.076329,-0.041369,,,,-0.035933,-1.096194,2.426153,,,,,,
380433,,,,,,,,,0.027509,-0.653414,,,,,,,,,,,,,,,,,,
380437,,,,,,,,,,,,,2.524199,-0.069021,0.074058,-0.041571,,,,-0.036117,-1.096080,2.423198,,,,,,
380444,-0.036139,-1.096046,2.422335,0.000551,-1.055630,1.609172,0.055554,-0.159116,-0.000000,0.000000,3.852841,0.371151,,,,,-0.000974,-0.054577,-0.813163,,,,,,,,,
380447,,,,,,,,,,,,,2.666938,-0.058074,0.079320,-0.033626,,,,-0.036371,-1.095874,2.414320,,,,,,
380453,,,,,,,,,0.066564,-1.581084,,,,,,,,,,,,,,,,,,
380457,,,,,,,,,,,,,2.789050,-0.048864,0.078311,-0.033634,,,,-0.036691,-1.095649,2.408394,,,,,,
380463,,,,,,,,,0.027418,-0.651262,,,,,,,,,,,,,,,,,,
380467,,,,,,,,,,,,,2.891521,-0.041114,0.077479,-0.033629,,,,-0.036920,-1.095472,2.402461,,,,,,
380473,,,,,,,,,0.027459,-0.652238,,,,,,,,,,,,,,,,,,
380477,,,,,,,,,,,,,3.523757,-0.034593,0.071222,-0.033613,,,,-0.037144,-1.095310,2.396548,,,,,,
380483,,,,,,,,,0.027421,-0.651327,,,,,,,,,,,,,,,,,,
380489,,,,,,,,,,,,,3.457465,-0.029107,0.071964,-0.033588,,,,-0.037406,-1.095114,2.387643,,,,,,
380494,-0.037385,-1.095115,2.387821,0.000451,-1.052791,1.603150,0.056517,-0.131696,0.047163,-1.120251,4.545688,1.229494,,,,,0.001380,-0.056754,-0.784672,,,,,,,,,
380497,,,,,,,,,,,,,3.515371,-0.024490,0.078520,-0.024800,,,,-0.037652,-1.094919,2.378701,,,,,,
380503,,,,,,,,,0.033030,-0.784553,,,,,,,,,,,,,,,,,,
380507,,,,,,,,,,,,,3.503468,-0.020606,0.078847,-0.024589,,,,-0.037906,-1.094677,2.369674,,,,,,
380513,,,,,,,,,0.027440,-0.651782,,,,,,,,,,,,,,,,,,
380517,,,,,,,,,,,,,4.037994,-0.017338,0.073603,-0.024372,,,,-0.038228,-1.094373,2.363653,,,,,,
380523,,,,,,,,,0.054918,-1.304477,,,,,,,,,,,,,,,,,,
380527,,,,,,,,,,,,,3.940590,-0.014588,0.074699,-0.024151,,,,-0.038445,-1.094211,2.357753,,,,,,
380533,,,,,,,,,0.027476,-0.652630,,,,,,,,,,,,,,,,,,
380537,,,,,,,,,,,,,3.861794,-0.012275,0.075623,-0.023925,,,,-0.038634,-1.094063,2.348786,,,,,,
380544,-0.038612,-1.094071,2.349324,0.000366,-1.049936,1.598095,0.057040,-0.110067,0.022730,-0.539916,5.316376,2.172798,,,,,0.004050,-0.058744,-0.751228,,,,,,,,,
380551,,,,,,,,,0.034576,-0.821292,,,3.660661,-0.010328,0.085673,-0.014075,,,,-0.038838,-1.093838,2.342771,,,,,,
380557,,,,,,,,,,,,,4.684982,-0.008690,0.075556,-0.013655,,,,-0.039141,-1.093607,2.330739,,,,,,
380563,,,,,,,,,0.027572,-0.654923,,,,,,,,,,,,,,,,,,
380567,,,,,,,,,,,,,4.485182,-0.007312,0.077720,-0.013233,,,,-0.039424,-1.093392,2.324701,,,,,,
380573,,,,,,,,,0.054869,-1.303304,,,,,,,,,,,,,,,,,,
380577,,,,,,,,,,,,,4.319904,-0.006152,0.079572,-0.012809,,,,-0.039707,-1.093160,2.318665,,,,,,
380583,,,,,,,,,0.027396,-0.650742,,,,,,,,,,,,,,,,,,
380589,,,,,,,,,,,,,4.129806,-0.005176,0.081710,-0.012383,,,,-0.039979,-1.092847,2.306538,,,,,,
380594,-0.039944,-1.092866,2.307398,0.000294,-1.047084,1.593826,0.057162,-0.092700,0.046973,-1.115749,6.116777,3.156894,,,,,0.006883,-0.060562,-0.713573,,,,,,,,,
380597,,,,,,,,,,,,,4.685856,-0.004355,0.084440,-0.001918,,,,-0.040138,-1.092671,2.300520,,,,,,
380603,,,,,,,,,0.033057,-0.785214,,,,,,,,,,,,,,,,,,
380607,,,,,,,,,,,,,5.031438,-0.003665,0.081201,-0.001293,,,,-0.040395,-1.092401,2.291454,,,,,,
380613,,,,,,,,,0.027492,-0.653022,,,,,,,,,,,,,,,,,,
380617,,,,,,,,,,,,,4.778431,-0.003083,0.083999,-0.000667,,,,-0.040716,-1.092140,2.285392,,,,,,
380623,,,,,,,,,0.055045,-1.307483,,,,,,,,,,,,,,,,,,
380627,,,,,,,,,,,,,5.111075,-0.002594,0.080874,-0.000040,,,,-0.041077,-1.091755,2.273206,,,,,,
380633,,,,,,,,,0.027446,-0.651913,,,,,,,,,,,,,,,,,,
380637,,,,,,,,,,,,,4.844729,-0.002183,0.083792,0.000588,,,,-0.041356,-1.091467,2.264002,,,,,,
380644,-0.041313,-1.091498,2.264908,0.000234,-1.044251,1.590200,0.056919,-0.078543,0.046897,-1.113939,6.901729,4.131351,,,,,0.009737,-0.062158,-0.674708,,,,,,,,,
380651,,,,,,,,,0.066131,-1.570806,,,4.937428,-0.001837,0.091107,0.011156,,,,-0.041624,-1.091177,2.254831,,,,,,
380657,,,,,,,,,,,,,5.633084,-0.001545,0.084404,0.011980,,,,-0.041988,-1.090801,2.242545,,,,,,
380663,,,,,,,,,0.055161,-1.310240,,,,,,,,,,,,,,,,,,
380667,,,,,,,,,,,,,5.830726,-0.001300,0.082642,0.012804,,,,-0.042303,-1.090468,2.233340,,,,,,
380673,,,,,,,,,0.054918,-1.304477,,,,,,,,,,,,,,,,,,
380677,,,,,,,,,,,,,5.994406,-0.001094,0.081187,0.013628,,,,-0.042660,-1.090104,2.221002,,,,,,
380683,,,,,,,,,0.054743,-1.300317,,,,,,,,,,,,,,,,,,
380687,,,,,,,,,,,,,6.132017,-0.000921,0.079964,0.014453,,,,-0.042990,-1.089712,2.208626,,,,,,
380694,-0.042990,-1.089681,2.207893,0.000184,-1.041455,1.587109,0.056348,-0.066852,0.047070,-1.118043,7.811203,5.276794,,,,,0.013082,-0.063392,-0.620785,,,,,,,,,
380697,,,,,,,,,,,,,6.249000,-0.000775,0.088202,0.026961,,,,-0.043341,-1.089334,2.196225,,,,,,
380703,,,,,,,,,0.066203,-1.572509,,,,,,,,,,,,,,,,,,
380709,,,,,,,,,,,,,6.238978,-0.000652,0.088616,0.028016,,,,-0.043785,-1.088962,2.183784,,,,,,
380713,,,,,,,,,0.054880,-1.303565,,,,,,,,,,,,,,,,,,
380718,,,,,,,,,,,,,6.474407,-0.000548,0.086529,0.029070,,,,-0.044122,-1.088531,2.171306,,,,,,
380723,,,,,,,,,0.082230,-0.651067,,,,,,,,,,,,,,,,,,
380727,,,,,,,,,,,,,6.536325,0.543918,0.086165,0.024572,,,,-0.044425,-1.088049,2.158759,,,,,,
380733,,,,,,,,,0.054940,-1.304999,,,,,,,,,,,,,,,,,,
380737,,,,,,,,,,,,,6.588422,0.457653,0.085889,0.026398,,,,-0.044803,-1.087572,2.143036,,,,,,
380744,-0.044782,-1.087559,2.143003,0.000143,-1.038708,1.584465,0.055485,-0.057089,0.070183,-1.667066,8.784692,6.514882,,,,,0.016743,-0.064221,-0.558537,,,,,,,,,
380751,,,,,,,,,0.066806,-1.586852,,,6.844262,0.385069,0.093453,0.040731,,,,-0.045263,-1.086989,2.130367,,,,,,
380757,,,,,,,,,,,,,7.223177,0.323997,0.089977,0.042580,,,,-0.045797,-1.086415,2.117721,,,,,,
380763,,,,,,,,,0.054760,-1.300706,,,,,,,,,,,,,,,,,,
380767,,,,,,,,,,,,,7.165253,0.272611,0.090880,0.044342,,,,-0.046241,-1.085852,2.101812,,,,,,
380773,,,,,,,,,0.082543,-1.960636,,,,,,,,,,,,,,,,,,
380777,,,,,,,,,,,,,7.660677,0.229375,0.086150,0.046032,,,,-0.046590,-1.085305,2.085809,,,,,,
380783,,,,,,,,,0.055023,-1.306960,,,,,,,,,,,,,,,,,,
380787,,,,,,,,,,,,,8.081777,0.192996,0.082080,0.047660,,,,-0.046959,-1.084712,2.069783,,,,,,
380794,-0.046895,-1.084753,2.070444,0.000110,-1.036023,1.582202,0.054363,-0.048859,0.070447,-1.673337,9.685798,7.707440,,,,,0.020252,-0.064606,-0.488242,,,,,,,,,
380797,,,,,,,,,,,,,7.887352,0.162387,0.093395,0.061401,,,,-0.047383,-1.084103,2.053629,,,,,,
380803,,,,,,,,,0.099029,-2.352244,,,,,,,,,,,,,,,,,,
380809,,,,,,,,,,,,,7.641759,0.136632,0.096260,0.063172,,,,-0.047732,-1.083525,2.037415,,,,,,
380814,,,,,,,,,0.054847,-1.302784,,,,,,,,,,,,,,,,,,
380817,,,,,,,,,,,,,8.810552,0.114962,0.084747,0.064907,,,,-0.048210,-1.082755,2.021145,,,,,,
380823,,,,,,,,,0.110046,-1.306960,,,,,,,,,,,,,,,,,,
380827,,,,,,,,,,,,,9.045684,0.640892,0.082523,0.061062,,,,-0.048545,-1.082177,2.004773,,,,,,
380833,,,,,,,,,0.082427,-1.957890,,,,,,,,,,,,,,,,,,
380837,,,,,,,,,,,,,8.701651,0.539246,0.086161,0.063512,,,,-0.048884,-1.081480,1.988309,,,,,,
380844,-0.048868,-1.081443,1.986986,0.000082,-1.033410,1.580262,0.053015,-0.041866,0.070130,-1.665789,10.659516,9.007307,,,,,0.024143,-0.064191,-0.406724,,,,,,,,,
380851,,,,,,,,,0.066685,-1.583963,,,8.185373,0.453722,0.101555,0.079076,,,,-0.049136,-1.080898,1.971746,,,,,,
380857,,,,,,,,,,,,,9.831842,0.381761,0.085256,0.081521,,,,-0.049505,-1.080198,1.955111,,,,,,
380863,,,,,,,,,0.082328,-1.955543,,,,,,,,,,,,,,,,,,
380867,,,,,,,,,,,,,9.357258,0.321214,0.090263,0.083864,,,,-0.049881,-1.079493,1.935023,,,,,,
380873,,,,,,,,,0.082181,-1.952032,,,,,,,,,,,,,,,,,,
380877,,,,,,,,,,,,,9.509935,0.270269,0.088966,0.086120,,,,-0.050272,-1.078772,1.918150,,,,,,
380883,,,,,,,,,0.082493,-1.959458,,,,,,,,,,,,,,,,,,
380887,,,,,,,,,,,,,9.639546,0.227405,0.087874,0.088305,,,,-0.050622,-1.077999,1.901196,,,,,,
380894,-0.050599,-1.077965,1.900174,0.000061,-1.030879,1.578599,0.051471,-0.035885,0.071110,-1.689077,11.633890,10.315066,,,,,0.028169,-0.063167,-0.321574,,,,,,,,,
380897,,,,,,,,,,,,,9.741896,0.191338,0.096972,0.103768,,,,-0.050940,-1.077284,1.884151,,,,,,
380903,,,,,,,,,0.098309,-2.335126,,,,,,,,,,,,,,,,,,
380909,,,,,,,,,,,,,9.210217,0.160992,0.102774,0.106102,,,,-0.051287,-1.076455,1.863535,,,,,,
380913,,,,,,,,,0.082394,-1.957107,,,,,,,,,,,,,,,,,,
380917,,,,,,,,,,,,,10.106805,0.135459,0.094113,0.108394,,,,-0.051618,-1.075673,1.846251,,,,,,
380923,,,,,,,,,0.082156,-1.951448,,,,,,,,,,,,,,,,,,
380927,,,,,,,,,,,,,10.136188,0.658083,0.094119,0.105099,,,,-0.051837,-1.074869,1.828820,,,,,,
380933,,,,,,,,,0.109815,-1.304216,,,,,,,,,,,,,,,,,,
380937,,,,,,,,,,,,,10.164016,1.098854,0.094135,0.102534,,,,-0.052129,-1.074098,1.814821,,,,,,
380944,-0.052135,-1.073982,1.816511,0.000043,-1.028436,1.577176,0.049759,-0.030741,0.094675,-1.124402,12.378478,11.374881,,,,,0.031486,-0.061689,-0.239335,,,,,,,,,
380947,,,,,,,,,,,,,10.180745,1.467490,0.101853,0.111428,,,,-0.052423,-1.073206,1.804279,,,,,,
380953,,,,,,,,,0.131063,-1.556565,,,,,,,,,,,,,,,,,,
380957,,,,,,,,,,,,,10.204294,1.780818,0.102052,0.110213,,,,-0.052767,-1.072073,1.793669,,,,,,
380963,,,,,,,,,0.110145,0.000000,,,,,,,,,,,,,,,,,,
380969,,,,,,,,,,,,,9.604967,2.007918,0.108600,0.109816,,,,,,,,,,,,
380973,,,,,,,,,0.137186,-1.955152,,,,,,,,,,,,,,,,,,
380977,,,,,,,,,,,,,10.416960,2.857132,0.100872,0.103027,,,,-0.053418,-1.069647,1.772332,,,,,,
380983,,,,,,,,,0.136940,-0.650548,,,,,,,,,,,,,,,,,,
380988,,,,,,,,,,,,,10.941695,3.492424,0.095912,0.098251,,,,-0.053742,-1.068348,1.765164,,,,,,
380994,-0.053737,-1.068261,1.766743,0.000030,-1.026090,1.575959,0.047906,-0.026298,0.141585,-1.121021,12.031482,11.227220,,,,,0.030896,-0.060949,-0.190784,,,,,,,,,
380997,,,,,,,,,,,,,10.838013,4.026306,0.093718,0.092875,,,,-0.054125,-1.066886,1.754402,,,,,,
381003,,,,,,,,,0.131754,0.000000,,,,,,,,,,,,,,,,,,
381009,,,,,,,,,,,,,10.095511,3.875938,0.101530,0.095849,,,,-0.054421,-1.065352,1.747180,,,,,,
381013,,,,,,,,,0.165102,-1.307221,,,,,,,,,,,,,,,,,,
381017,,,,,,,,,,,,,10.957244,5.108375,0.093128,0.084749,,,,-0.054614,-1.063853,1.739962,,,,,,
381023,,,,,,,,,0.137091,-0.651262,,,,,,,,,,,,,,,,,,
381027,,,,,,,,,,,,,11.404369,5.936896,0.088782,0.077521,,,,-0.054889,-1.062336,1.732696,,,,,,
381033,,,,,,,,,0.164755,0.000000,,,,,,,,,,,,,,,,,,
381037,,,,,,,,,,,,,11.224379,6.081132,0.090743,0.077108,,,,-0.055072,-1.060870,1.729064,,,,,,
381044,-0.055093,-1.060812,1.732226,0.000019,-1.023844,1.574923,0.045939,-0.022450,0.136995,-1.084679,10.936403,10.276275,,,,,0.027629,-0.060337,-0.157303,,,,,,,,,
381047,,,,,,,,,,,,,11.076514,6.204880,0.081243,0.067176,,,,-0.055289,-1.059188,1.721764,,,,,,
381053,,,,,,,,,0.171930,-0.816768,,,,,,,,,,,,,,,,,,
381057,,,,,,,,,,,,,11.500786,6.311289,0.076888,0.066905,,,,-0.055530,-1.057721,1.714463,,,,,,
381063,,,,,,,,,0.164805,-1.304868,,,,,,,,,,,,,,,,,,
381069,,,,,,,,,,,,,10.686763,5.815319,0.085078,0.072756,,,,,,,,,,,,
381073,,,,,,,,,0.137392,-0.652695,,,,,,,,,,,,,,,,,,
381077,,,,,,,,,,,,,11.951958,6.669079,0.072223,0.064940,,,,-0.055900,-1.054523,1.696062,,,,,,
381083,,,,,,,,,0.137751,-0.654397,,,,,,,,,,,,,,,,,,
381087,,,,,,,,,,,,,11.687884,7.242871,0.074713,0.059809,,,,-0.056147,-1.052971,1.688689,,,,,,
381094,-0.056142,-1.053057,1.689597,0.000012,-1.021703,1.574042,0.043878,-0.019110,0.163929,-0.556257,9.859540,9.357096,,,,,0.024477,-0.059474,-0.115555,,,,,,,,,
381097,,,,,,,,,,,,,11.465367,6.637878,0.065848,0.057211,,,,-0.056313,-1.051469,1.681276,,,,,,
381103,,,,,,,,,0.132677,-1.575737,,,,,,,,,,,,,,,,,,
381107,,,,,,,,,,,,,11.286654,6.678241,0.067350,0.057343,,,,-0.056452,-1.049966,1.673840,,,,,,
381113,,,,,,,,,0.137214,-0.651848,,,,,,,,,,,,,,,,,,
381117,,,,,,,,,,,,,11.128262,6.706852,0.068680,0.057587,,,,-0.056652,-1.048464,1.662642,,,,,,
381123,,,,,,,,,0.137145,-0.651522,,,,,,,,,,,,,,,,,,
381129,,,,,,,,,,,,,10.868135,6.144750,0.071080,0.063851,,,,-0.056822,-1.046960,1.655137,,,,,,
381133,,,,,,,,,0.137337,-0.652434,,,,,,,,,,,,,,,,,,
381137,,,,,,,,,,,,,11.525485,6.955970,0.064173,0.056219,,,,-0.056989,-1.045571,1.647592,,,,,,
381144,-0.056977,-1.045626,1.648380,0.000006,-1.019670,1.573296,0.041747,-0.016207,0.139653,-1.105727,8.818105,8.457517,,,,,0.021461,-0.058823,-0.075084,,,,,,,,,
381147,,,,,,,,,,,,,11.332479,6.397731,0.055186,0.053217,,,,-0.057120,-1.044178,1.640050,,,,,,
381153,,,,,,,,,0.100724,-0.797499,,,,,,,,,,,,,,,,,,
381157,,,,,,,,,,,,,11.169594,6.472682,0.056345,0.052865,,,,-0.057191,-1.042945,1.632469,,,,,,
381163,,,,,,,,,0.137132,-0.651457,,,,,,,,,,,,,,,,,,
381167,,,,,,,,,,,,,10.483382,6.531401,0.062874,0.052663,,,,-0.057335,-1.041532,1.624844,,,,,,
381173,,,,,,,,,0.137585,-0.653611,,,,,,,,,,,,,,,,,,
381177,,,,,,,,,,,,,10.458276,6.587227,0.062797,0.052478,,,,-0.057421,-1.040289,1.617178,,,,,,
381183,,,,,,,,,0.082361,-0.652108,,,,,,,,,,,,,,,,,,
381189,,,,,,,,,,,,,9.812037,6.048714,0.069060,0.058345,,,,-0.057473,-1.039022,1.609533,,,,,,
381194,-0.057452,-1.039231,1.610057,0.000002,-1.017747,1.572667,0.039565,-0.013685,0.117433,-0.557874,7.993718,7.755530,,,,,0.019213,-0.058253,-0.037390,,,,,,,,,
381197,,,,,,,,,,,,,10.023652,5.678656,0.058294,0.055441,,,,-0.057542,-1.037794,1.605688,,,,,,
381203,,,,,,,,,0.132071,-1.568540,,,,,,,,,,,,,,,,,,
381207,,,,,,,,,,,,,10.069164,5.868196,0.057424,0.053924,,,,-0.057590,-1.036690,1.594086,,,,,,
381213,,,,,,,,,0.082568,-0.653742,,,,,,,,,,,,,,,,,,
381217,,,,,,,,,,,,,9.559540,5.481173,0.062207,0.058249,,,,-0.057711,-1.035608,1.586359,,,,,,
381223,,,,,,,,,0.109530,-1.300836,,,,,,,,,,,,,,,,,,
381230,,,,,,,,,,,,,9.492034,5.094738,0.062583,0.062645,,,,-0.057708,-1.034505,1.578575,,,,,,
381233,,,,,,,,,0.110013,0.000000,,,,,,,,,,,,,,,,,,
381237,,,,,,,,,,,,,9.232976,5.533091,0.064925,0.058706,,,,-0.057799,-1.033488,1.574672,,,,,,
381244,-0.057787,-1.033508,1.577642,-0.000001,-1.015936,1.572142,0.037348,-0.011496,0.093459,0.000000,7.235927,7.094172,,,,,0.017176,-0.057905,-0.005500,,,,,,,,,
381247,,,,,,,,,,,,,9.407334,5.201778,0.055169,0.055784,,,,-0.057796,-1.032476,1.563120,,,,,,
381253,,,,,,,,,0.100137,-2.378542,,,,,,,,,,,,,,,,,,
381257,,,,,,,,,,,,,9.002893,4.376776,0.058860,0.064578,,,,-0.057807,-1.031473,1.559273,,,,,,
381263,,,,,,,,,0.082568,-0.653742,,,,,,,,,,,,,,,,,,
381267,,,,,,,,,,,,,8.665210,4.772795,0.061951,0.061082,,,,-0.057825,-1.030653,1.551455,,,,,,
381273,,,,,,,,,0.109432,0.000000,,,,,,,,,,,,,,,,,,
381277,,,,,,,,,,,,,8.379230,4.559991,0.064583,0.063717,,,,-0.057793,-1.029792,1.539856,,,,,,
381283,,,,,,,,,0.055062,-1.307876,,,,,,,,,,,,,,,,,,
381289,,,,,,,,,,,,,7.564440,3.836776,0.072665,0.071600,,,,-0.057732,-1.029063,1.532163,,,,,,
381294,-0.057731,-1.029205,1.530491,-0.000003,-1.014236,1.571703,0.035114,-0.009599,0.094139,-1.118043,7.064840,7.042402,,,,,0.017283,-0.057078,0.041212,,,,,,,,,
381297,,,,,,,,,,,,,8.098013,4.383792,0.065412,0.066144,,,,-0.057700,-1.028311,1.524456,,,,,,
381303,,,,,,,,,0.065822,0.000000,,,,,,,,,,,,,,,,,,
381307,,,,,,,,,,,,,7.902971,4.233174,0.067194,0.068212,,,,-0.057717,-1.027295,1.516809,,,,,,
381313,,,,,,,,,0.082534,-0.653480,,,,,,,,,,,,,,,,,,
381317,,,,,,,,,,,,,7.741156,4.107591,0.068677,0.070055,,,,-0.057744,-1.026454,1.509286,,,,,,
381323,,,,,,,,,0.109640,-1.302134,,,,,,,,,,,,,,,,,,
381327,,,,,,,,,,,,,8.147364,4.000778,0.064399,0.071731,,,,-0.057764,-1.025755,1.505445,,,,,,
381333,,,,,,,,,0.082584,-0.653873,,,,,,,,,,,,,,,,,,
381337,,,,,,,,,,,,,7.942972,3.910145,0.066267,0.073264,,,,-0.057677,-1.024864,1.497918,,,,,,
381344,-0.057662,-1.024883,1.497908,-0.000004,-1.012648,1.571342,0.032878,-0.007961,0.047757,0.000000,6.636278,6.687940,,,,,0.016401,-0.056614,0.073434,,,,,,,,,
381350,,,,,,,,,,,,,7.134519,3.741299,0.069966,0.071997,,,,-0.057610,-1.023996,1.490375,,,,,,
381353,,,,,,,,,0.161005,-0.764870,,,,,,,,,,,,,,,,,,
381357,,,,,,,,,,,,,8.060452,3.833751,0.060422,0.071644,,,,-0.057549,-1.023172,1.486666,,,,,,
381363,,,,,,,,,0.055145,0.000000,,,,,,,,,,,,,,,,,,
381367,,,,,,,,,,,,,7.327315,3.770970,0.067615,0.072855,,,,-0.057523,-1.022344,1.482910,,,,,,
381373,,,,,,,,,0.082369,-0.652173,,,,,,,,,,,,,,,,,,
381377,,,,,,,,,,,,,7.251572,4.259264,0.068250,0.068458,,,,-0.057497,-1.021460,1.479106,,,,,,
381383,,,,,,,,,0.082304,-0.651652,,,,,,,,,,,,,,,,,,
381390,,,,,,,,,,,,,7.069807,4.067912,0.069981,0.070895,,,,-0.057487,-1.020557,1.471674,,,,,,
381394,-0.057471,-1.020576,1.471141,-0.000005,-1.011171,1.571044,0.030652,-0.006551,0.094067,0.000000,6.094059,6.198206,,,,,0.015075,-0.056245,0.099903,,,,,,,,,
381397,,,,,,,,,,,,,7.193774,4.045360,0.063099,0.066654,,,,-0.057407,-1.019708,1.467890,,,,,,
381403,,,,,,,,,0.099364,-0.786729,,,,,,,,,,,,,,,,,,
381407,,,,,,,,,,,,,7.142908,3.948799,0.063398,0.068069,,,,-0.057296,-1.018910,1.464170,,,,,,
381413,,,,,,,,,0.082263,-0.651327,,,,,,,,,,,,,,,,,,
381417,,,,,,,,,,,,,6.554476,3.866953,0.069190,0.069354,,,,-0.057194,-1.018010,1.460504,,,,,,
381423,,,,,,,,,0.082551,-0.653611,,,,,,,,,,,,,,,,,,
381427,,,,,,,,,,,,,6.605767,4.344486,0.068575,0.064950,,,,-0.057084,-1.017194,1.460452,,,,,,
381433,,,,,,,,,0.054738,0.000000,,,,,,,,,,,,,,,,,,
381437,,,,,,,,,,,,,6.647178,4.199993,0.068050,0.066794,,,,-0.057001,-1.016241,1.456797,,,,,,
381444,-0.057018,-1.016376,1.458001,-0.000005,-1.009803,1.570805,0.028448,-0.005345,0.093850,-1.114605,5.346524,5.470397,,,,,0.012948,-0.055911,0.112804,,,,,,,,,
381451,,,,,,,,,0.099616,0.788726,,,6.893388,3.967358,0.057803,0.062143,,,,-0.056928,-1.015387,1.453091,,,,,,
381457,,,,,,,,,,,,,6.530145,4.068183,0.061199,0.061415,,,,-0.056856,-1.014560,1.445640,,,,,,
381463,,,,,,,,,0.082172,-0.650612,,,,,,,,,,,,,,,,,,
381467,,,,,,,,,,,,,6.583223,3.967349,0.060421,0.062724,,,,-0.056755,-1.013699,1.441902,,,,,,
381473,,,,,,,,,0.082650,-0.654397,,,,,,,,,,,,,,,,,,
381477,,,,,,,,,,,,,6.627448,3.882289,0.059722,0.063892,,,,-0.056605,-1.012895,1.438183,,,,,,
381483,,,,,,,,,0.082485,-0.653087,,,,,,,,,,,,,,,,,,
381487,,,,,,,,,,,,,6.122789,3.813013,0.064614,0.064917,,,,-0.056519,-1.012124,1.430962,,,,,,
381494,-0.056516,-1.012137,1.430490,-0.000005,-1.008542,1.570610,0.026277,-0.004318,0.047090,0.000000,4.768642,4.931663,,,,,0.011463,-0.055453,0.140120,,,,,,,,,
381497,,,,,,,,,,,,,6.235490,4.292045,0.057414,0.054867,,,,-0.056482,-1.011406,1.430969,,,,,,
381503,,,,,,,,,0.098450,-0.779491,,,,,,,,,,,,,,,,,,
381509,,,,,,,,,,,,,6.255982,3.611326,0.056912,0.061938,,,,-0.056432,-1.010678,1.423703,,,,,,
381513,,,,,,,,,0.054946,0.000000,,,,,,,,,,,,,,,,,,
381517,,,,,,,,,,,,,5.856063,3.630850,0.060694,0.062003,,,,-0.056318,-1.009962,1.420122,,,,,,
381523,,,,,,,,,0.082675,-0.654594,,,,,,,,,,,,,,,,,,
381527,,,,,,,,,,,,,6.017031,3.599867,0.058834,0.062579,,,,-0.056168,-1.009290,1.416474,,,,,,
381533,,,,,,,,,0.054957,0.000000,,,,,,,,,,,,,,,,,,
381537,,,,,,,,,,,,,5.608473,3.574671,0.062752,0.063103,,,,-0.056037,-1.008704,1.412717,,,,,,
381544,-0.056045,-1.008764,1.414208,-0.000005,-1.007387,1.570457,0.024149,-0.003451,0.045582,0.000000,4.242809,4.419916,,,,,0.010099,-0.055139,0.156248,,,,,,,,,
381551,,,,,,,,,,,,,5.142704,3.431464,0.061971,0.059615,,,,-0.056018,-1.008162,1.408986,,,,,,
381554,,,,,,,,,0.068815,-1.634559,,,,,,,,,,,,,,,,,,
381557,,,,,,,,,,,,,5.087394,3.647556,0.062355,0.057608,,,,-0.055922,-1.007519,1.405290,,,,,,
381563,,,,,,,,,0.055128,0.000000,,,,,,,,,,,,,,,,,,
381567,,,,,,,,,,,,,5.366903,3.612238,0.059336,0.058123,,,,-0.055776,-1.006915,1.401690,,,,,,
381573,,,,,,,,,0.054842,0.000000,,,,,,,,,,,,,,,,,,
381577,,,,,,,,,,,,,5.062332,3.585957,0.062217,0.058553,,,,-0.055671,-1.006461,1.401776,,,,,,
381583,,,,,,,,,0.054820,0.000000,,,,,,,,,,,,,,,,,,
381587,,,,,,,,,,,,,4.802360,3.560138,0.064705,0.058983,,,,-0.055569,-1.005846,1.401776,,,,,,
381594,-0.055573,-1.005863,1.402819,-0.000004,-1.006334,1.570336,0.022072,-0.002725,0.047415,0.000000,3.752741,3.932566,,,,,0.008827,-0.054865,0.167517,,,,,,,,,
381597,,,,,,,,,,,,,4.585030,2.995500,0.061811,0.059943,,,,-0.055411,-1.005137,1.405394,,,,,,
381603,,,,,,,,,0.065539,0.000000,,,,,,,,,,,,,,,,,,
381609,,,,,,,,,,,,,4.344869,3.494464,0.064095,0.055041,,,,-0.055354,-1.004466,1.401819,,,,,,
381613,,,,,,,,,0.082181,-0.650677,,,,,,,,,,,,,,,,,,
381618,,,,,,,,,,,,,4.274431,3.558900,0.064695,0.054471,,,,-0.055253,-1.003905,1.398257,,,,,,
381623,,,,,,,,,0.055040,0.000000,,,,,,,,,,,,,,,,,,
381627,,,,,,,,,,,,,4.140396,3.538349,0.065957,0.054756,,,,-0.055128,-1.003477,1.401769,,,,,,
381633,,,,,,,,,0.054836,0.000000,,,,,,,,,,,,,,,,,,
381637,,,,,,,,,,,,,4.028599,2.977166,0.067020,0.060559,,,,-0.055020,-1.003029,1.401696,,,,,,
381644,-0.055028,-1.003040,1.401790,-0.000004,-1.005380,1.570242,0.020054,-0.002122,0.046781,0.000000,3.106728,3.273289,,,,,0.006949,-0.054633,0.168452,,,,,,,,,
381651,,,,,,,,,0.033246,-0.789681,,,3.811985,2.927310,0.062585,0.054534,,,,-0.054906,-1.002427,1.394500,,,,,,
381657,,,,,,,,,,,,,3.975882,2.463038,0.060772,0.059338,,,,-0.054846,-1.002020,1.394469,,,,,,
381663,,,,,,,,,0.055017,0.000000,,,,,,,,,,,,,,,,,,
381667,,,,,,,,,,,,,3.888654,2.615748,0.061488,0.057943,,,,-0.054649,-1.001546,1.390887,,,,,,
381673,,,,,,,,,0.054957,0.000000,,,,,,,,,,,,,,,,,,
381678,,,,,,,,,,,,,3.817821,2.746798,0.062054,0.056738,,,,-0.054608,-1.001308,1.390893,,,,,,
381683,,,,,,,,,0.027478,-0.652695,,,,,,,,,,,,,,,,,,
381687,,,,,,,,,,,,,3.755879,2.311156,0.062544,0.061287,,,,-0.054550,-1.000794,1.387199,,,,,,
381694,-0.054569,-1.000869,1.385684,-0.000003,-1.004523,1.570172,0.018102,-0.001627,0.046957,0.000000,2.841651,3.011751,,,,,0.006452,-0.054306,0.184487,,,,,,,,,
381697,,,,,,,,,,,,,3.705339,2.489749,0.060226,0.056990,,,,-0.054456,-1.000291,1.383602,,,,,,
381703,,,,,,,,,0.033129,-0.786919,,,,,,,,,,,,,,,,,,
381709,,,,,,,,,,,,,3.628788,2.094874,0.060834,0.061122,,,,-0.054392,-0.999775,1.380032,,,,,,
381713,,,,,,,,,0.027426,-0.651457,,,,,,,,,,,,,,,,,,
381718,,,,,,,,,,,,,3.635474,1.762627,0.060608,0.064694,,,,,,,,,,,,
381723,,,,,,,,,0.027407,-0.651002,,,,,,,,,,,,,,,,,,
381728,,,,,,,,,,,,,4.149282,1.483074,0.055209,0.067795,,,,,,,,,,,,
381733,,,,,,,,,0.027489,-0.652957,,,,,,,,,,,,,,,,,,
381737,,,,,,,,,,,,,4.034445,1.247858,0.056118,0.070500,,,,-0.054356,-0.998881,1.362164,,,,,,
381744,-0.054351,-0.998935,1.361398,-0.000003,-1.003757,1.570118,0.016222,-0.001227,0.023577,-0.560029,2.753649,2.931717,,,,,0.006581,-0.054163,0.208720,,,,,,,,,
381748,,,,,,,,,,,,,3.940490,1.049948,0.055941,0.072055,,,,-0.054377,-0.998658,1.355120,,,,,,
381753,,,,,,,,,0.032954,-0.782764,,,,,,,,,,,,,,,,,,
381757,,,,,,,,,,,,,3.315527,0.883426,0.062078,0.074130,,,,-0.054321,-0.998503,1.348054,,,,,,
381763,,,,,,,,,0.027413,-0.651132,,,,,,,,,,,,,,,,,,
381769,,,,,,,,,,,,,3.301185,0.743315,0.062112,0.075969,,,,,,,,,,,,
381773,,,,,,,,,-0.000000,0.000000,,,,,,,,,,,,,,,,,,
381777,,,,,,,,,,,,,3.358029,0.625425,0.061422,0.077609,,,,-0.054213,-0.998103,1.337400,,,,,,
381783,,,,,,,,,0.054995,0.000000,,,,,,,,,,,,,,,,,,
381787,,,,,,,,,,,,,2.825445,1.071375,0.066734,0.073522,,,,-0.054187,-0.997796,1.337339,,,,,,
381794,-0.054152,-0.997666,1.339358,-0.000002,-1.003079,1.570079,0.014421,-0.000907,-0.000000,0.000000,2.799532,2.978449,,,,,0.007152,-0.053948,0.230721,,,,,,,,,
381797,,,,,,,,,,,,,2.921057,1.445183,0.066212,0.070558,,,,-0.054131,-0.997625,1.337373,,,,,,
381803,,,,,,,,,0.065539,0.000000,,,,,,,,,,,,,,,,,,
381807,,,,,,,,,,,,,2.457777,1.215976,0.070914,0.073202,,,,-0.054090,-0.997363,1.340875,,,,,,
381813,,,,,,,,,0.027418,0.651262,,,,,,,,,,,,,,,,,,
381817,,,,,,,,,,,,,2.067973,1.566741,0.074958,0.069977,,,,-0.053980,-0.997049,1.344374,,,,,,
381823,,,,,,,,,-0.000000,0.000000,,,,,,,,,,,,,,,,,,
381829,,,,,,,,,,,,,1.739992,1.822416,0.078450,0.067651,,,,-0.053826,-0.996673,1.347944,,,,,,
381833,,,,,,,,,0.054979,0.000000,,,,,,,,,,,,,,,,,,
381837,,,,,,,,,,,,,2.055153,1.533381,0.075447,0.070831,,,,-0.053713,-0.996366,1.347937,,,,,,
381844,-0.053697,-0.996251,1.347217,-0.000002,-1.002485,1.570052,0.012704,-0.000655,0.047321,0.000000,2.336805,2.489096,,,,,0.005826,-0.053741,0.222835,,,,,,,,,
381848,,,,,,,,,,,,,2.274567,1.835547,0.068638,0.063046,,,,,,,,,,,,
381852,,,,,,,,,0.032711,0.776985,,,,,,,,,,-0.053636,-0.996086,1.347971,,,,,,
381857,,,,,,,,,,,,,2.458037,2.088646,0.066779,0.060595,,,,-0.053558,-0.995849,1.347944,,,,,,
381863,,,,,,,,,0.027487,-0.652891,,,,,,,,,,,,,,,,,,
381869,,,,,,,,,,,,,2.068192,2.249518,0.070731,0.059035,,,,,,,,,,,,
381873,,,,,,,,,0.054820,0.000000,,,,,,,,,,,,,,,,,,
381877,,,,,,,,,,,,,2.350172,1.892744,0.067909,0.062722,,,,-0.053349,-0.995128,1.347944,,,,,,
381883,,,,,,,,,-0.000000,0.000000,,,,,,,,,,,,,,,,,,
381887,,,,,,,,,,,,,1.977435,2.136065,0.071708,0.060359,,,,-0.053205,-0.994689,1.351656,,,,,,
381894,-0.053246,-0.994820,1.351284,-0.000002,-1.001970,1.570032,0.011075,-0.000462,0.047260,0.000000,1.908523,2.039148,,,,,0.004616,-0.053523,0.218749,,,,,,,,,
381897,,,,,,,,,,,,,2.209612,1.797285,0.065043,0.059296,,,,-0.053132,-0.994395,1.351664,,,,,,
381903,,,,,,,,,-0.000000,0.000000,,,,,,,,,,,,,,,,,,
381907,,,,,,,,,,,,,2.403710,1.512235,0.063003,0.062252,,,,-0.053071,-0.994130,1.348119,,,,,,
381913,,,,,,,,,0.055040,0.000000,,,,,,,,,,,,,,,,,,
381917,,,,,,,,,,,,,2.567243,1.817156,0.061236,0.059247,,,,-0.053038,-0.993842,1.344579,,,,,,
381923,,,,,,,,,0.027377,-0.650288,,,,,,,,,,,,,,,,,,
381929,,,,,,,,,,,,,2.160078,1.528955,0.065257,0.062231,,,,-0.052996,-0.993609,1.344579,,,,,,
381933,,,,,,,,,0.027553,-0.654463,,,,,,,,,,,,,,,,,,
381937,,,,,,,,,,,,,2.436147,1.286462,0.062391,0.064806,,,,-0.052956,-0.993357,1.341044,,,,,,
381944,-0.052954,-0.993367,1.339157,-0.000001,-1.001529,1.570019,0.009540,-0.000316,0.023642,0.561572,1.705276,1.825375,,,,,0.004213,-0.053412,0.230862,,,,,,,,,
381947,,,,,,,,,,,,,2.049774,1.626809,0.064154,0.059305,,,,-0.052935,-0.993127,1.340987,,,,,,
381953,,,,,,,,,-0.000000,0.000000,,,,,,,,,,,,,,,,,,
381957,,,,,,,,,,,,,2.269386,1.368797,0.061845,0.061976,,,,-0.052880,-0.992971,1.337421,,,,,,
381963,,,,,,,,,0.055111,0.000000,,,,,,,,,,,,,,,,,,
381967,,,,,,,,,,,,,1.909461,1.695759,0.065403,0.058732,,,,-0.052830,-0.992645,1.340987,,,,,,
381973,,,,,,,,,-0.000000,0.000000,,,,,,,,,,,,,,,,,,
381977,,,,,,,,,,,,,1.606620,1.426811,0.068451,0.061502,,,,-0.052753,-0.992421,1.344479,,,,,,
381983,,,,,,,,,-0.000000,0.000000,,,,,,,,,,,,,,,,,,
381989,,,,,,,,,,,,,1.351810,1.687066,0.071070,0.058927,,,,-0.052663,-0.992182,1.344444,,,,,,
381994,-0.052688,-0.992282,1.344000,-0.000001,-1.001158,1.570011,0.008103,-0.000208,0.046476,0.000000,1.342996,1.442925,,,,,0.003198,-0.053333,0.226011,,,,,,,,,
381997,,,,,,,,,,,,,1.756142,1.419497,0.063321,0.057783,,,,-0.052626,-0.992030,1.344444,,,,,,
382003,,,,,,,,,-0.000000,0.000000,,,,,,,,,,,,,,,,,,
382007,,,,,,,,,,,,,1.477617,1.194365,0.066079,0.060084,,,,-0.052576,-0.992000,1.344393,,,,,,
382013,,,,,,,,,0.027388,-0.650548,,,,,,,,,,,,,,,,,,
382017,,,,,,,,,,,,,1.787701,1.004938,0.062890,0.062066,,,,-0.052547,-0.991839,1.340862,,,,,,
382023,,,,,,,,,-0.000000,0.000000,,,,,,,,,,,,,,,,,,
382027,,,,,,,,,,,,,1.504172,0.845555,0.065693,0.063779,,,,-0.052562,-0.991708,1.333830,,,,,,
382033,,,,,,,,,-0.000000,0.000000,,,,,,,,,,,,,,,,,,
382037,,,,,,,,,,,,,1.810862,0.711450,0.062532,0.065266,,,,-0.052540,-0.991605,1.333830,,,,,,
382044,-0.052552,-0.991661,1.334684,-0.000001,-1.000851,1.570007,0.006768,-0.000132,0.023256,-0.552395,1.312118,1.399696,,,,,0.003358,-0.053243,0.235323,,,,,,,,,
382051,,,,,,,,,-0.000000,0.000000,,,1.523659,0.598614,0.065053,0.066123,,,,-0.052527,-0.991475,1.330310,,,,,,
382057,,,,,,,,,,,,,2.005844,0.503673,0.060093,0.067251,,,,-0.052544,-0.991400,1.326795,,,,,,
382063,,,,,,,,,0.027448,-0.651978,,,,,,,,,,,,,,,,,,
382068,,,,,,,,,,,,,1.687717,0.423791,0.063199,0.068245,,,,-0.052514,-0.991256,1.326825,,,,,,
382073,,,,,,,,,-0.000000,0.000000,,,,,,,,,,,,,,,,,,
382077,,,,,,,,,,,,,1.967105,0.356578,0.060274,0.069126,,,,-0.052494,-0.991123,1.323314,,,,,,
382083,,,,,,,,,0.027514,-0.653545,,,,,,,,,,,,,,,,,,
382089,,,,,,,,,,,,,1.655122,0.300024,0.063325,0.069911,,,,-0.052481,-0.990953,1.319809,,,,,,
382094,-0.052458,-0.990901,1.318315,-0.000000,-1.000602,1.570004,0.005540,-0.000079,0.023517,-0.558591,1.340293,1.417695,,,,,0.003711,-0.053218,0.251689,,,,,,,,,
382097,,,,,,,,,,,,,1.990755,0.252440,0.060120,0.070800,,,,-0.052438,-0.990812,1.316302,,,,,,
382103,,,,,,,,,-0.000000,0.000000,,,,,,,,,,,,,,,,,,
382107,,,,,,,,,,,,,1.675021,0.212403,0.063211,0.071442,,,,-0.052410,-0.990674,1.312806,,,,,,
382113,,,,,,,,,0.027509,-0.653414,,,,,,,,,,,,,,,,,,
382117,,,,,,,,,,,,,1.953688,0.178716,0.060302,0.072026,,,,-0.052395,-0.990468,1.309315,,,,,,
382123,,,,,,,,,-0.000000,0.000000,,,,,,,,,,,,,,,,,,
382127,,,,,,,,,,,,,1.643833,0.150372,0.063339,0.072563,,,,-0.052370,-0.990269,1.305821,,,,,,
382133,,,,,,,,,0.027451,-0.652043,,,,,,,,,,,,,,,,,,
382137,,,,,,,,,,,,,1.926903,0.126523,0.060391,0.073060,,,,-0.052345,-0.990087,1.298835,,,,,,
382144,-0.052324,-0.990044,1.297733,-0.000000,-1.000407,1.570002,0.004424,-0.000045,-0.000000,0.000000,1.394728,1.462192,,,,,0.004132,-0.053180,0.272268,,,,,,,,,
382151,,,,,,,,,0.032903,-0.781545,,,2.065168,0.106456,0.059419,0.073977,,,,-0.052309,-0.989917,1.295388,,,,,,
382157,,,,,,,,,,,,,1.737632,0.089572,0.062626,0.074420,,,,-0.052257,-0.989745,1.291920,,,,,,
382163,,,,,,,,,0.027481,-0.652761,,,,,,,,,,,,,,,,,,
382167,,,,,,,,,,,,,2.006043,0.075366,0.059819,0.074840,,,,-0.052226,-0.989517,1.288489,,,,,,
382173,,,,,,,,,-0.000000,0.000000,,,,,,,,,,,,,,,,,,
382177,,,,,,,,,,,,,2.232646,0.063413,0.057386,0.075239,,,,-0.052179,-0.989297,1.285029,,,,,,
382183,,,,,,,,,0.027517,-0.653611,,,,,,,,,,,,,,,,,,
382187,,,,,,,,,,,,,1.878548,0.053356,0.060830,0.075621,,,,-0.052142,-0.989075,1.278163,,,,,,
382194,-0.052125,-0.989046,1.277063,-0.000000,-1.000258,1.570001,0.003422,-0.000023,0.023667,-0.562153,1.402717,1.459256,,,,,0.004360,-0.053138,0.292938,,,,,,,,,
382197,,,,,,,,,,,,,2.123308,0.044893,0.058318,0.075959,,,,-0.052099,-0.988882,1.274716,,,,,,
382203,,,,,,,,,-0.000000,0.000000,,,,,,,,,,,,,,,,,,
382209,,,,,,,,,,,,,1.786551,0.037773,0.061609,0.076315,,,,-0.052091,-0.988717,1.274726,,,,,,
382213,,,,,,,,,0.027534,-0.654004,,,,,,,,,,,,,,,,,,
382217,,,,,,,,,,,,,2.083988,0.031783,0.058498,0.076660,,,,-0.052082,-0.988598,1.267774,,,,,,
382223,,,,,,,,,0.027487,-0.652891,,,,,,,,,,,,,,,,,,
382227,,,,,,,,,,,,,2.296544,0.026742,0.056194,0.076997,,,,-0.052102,-0.988451,1.264374,,,,,,
382233,,,,,,,,,-0.000000,0.000000,,,,,,,,,,,,,,,,,,
382237,,,,,,,,,,,,,1.932312,0.022501,0.059730,0.077327,,,,-0.052100,-0.988288,1.260912,,,,,,
382244,-0.052102,-0.988352,1.262268,-0.000000,-1.000150,1.570001,0.002540,-0.000011,-0.000000,0.000000,1.417312,1.461570,,,,,0.004580,-0.053224,0.307733,,,,,,,,,
382251,,,,,,,,,0.033233,-0.789394,,,1.625847,0.018932,0.062899,0.077674,,,,-0.052077,-0.988139,1.260905,,,,,,
382257,,,,,,,,,,,,,2.097449,0.015929,0.058047,0.077993,,,,-0.052002,-0.987962,1.257480,,,,,,
382263,,,,,,,,,-0.000000,0.000000,,,,,,,,,,,,,,,,,,
382267,,,,,,,,,,,,,1.764793,0.013403,0.061304,0.078308,,,,-0.051954,-0.987961,1.254035,,,,,,
382273,,,,,,,,,-0.000000,0.000000,,,,,,,,,,,,,,,,,,
382277,,,,,,,,,,,,,2.028082,0.011277,0.058549,0.078620,,,,-0.051931,-0.987919,1.254035,,,,,,
382283,,,,,,,,,0.027448,-0.651978,,,,,,,,,,,,,,,,,,
382287,,,,,,,,,,,,,1.706428,0.009489,0.061708,0.078928,,,,-0.051900,-0.987801,1.250619,,,,,,
382294,-0.051880,-0.987738,1.248861,-0.000000,-1.000078,1.570001,0.001782,-0.000005,-0.000000,0.000000,1.413873,1.446379,,,,,0.004709,-0.053119,0.321140,,,,,,,,,
382297,,,,,,,,,,,,,1.435788,0.007984,0.064376,0.079079,,,,-0.051889,-0.987719,1.247207,,,,,,
382303,,,,,,,,,-0.000000,0.000000,,,,,,,,,,,,,,,,,,
382309,,,,,,,,,,,,,1.208072,0.006718,0.066694,0.079379,,,,-0.051865,-0.987648,1.247207,,,,,,
382313,,,,,,,,,-0.000000,0.000000,,,,,,,,,,,,,,,,,,
382317,,,,,,,,,,,,,1.016472,0.005652,0.068689,0.079678,,,,-0.051850,-0.987595,1.247207,,,,,,
382323,,,,,,,,,0.027520,-0.653676,,,,,,,,,,,,,,,,,,
382327,,,,,,,,,,,,,1.398824,0.004756,0.064869,0.079975,,,,-0.051856,-0.987570,1.243800,,,,,,
382333,,,,,,,,,-0.000000,0.000000,,,,,,,,,,,,,,,,,,
382337,,,,,,,,,,,,,1.176970,0.004001,0.067135,0.080271,,,,-0.051854,-0.987577,1.243792,,,,,,
382344,-0.051857,-0.987591,1.244218,-0.000000,-1.000033,1.570001,0.001152,-0.000002,-0.000000,0.000000,1.421951,1.443292,,,,,0.004851,-0.053107,0.325783,,,,,,,,,
382351,,,,,,,,,-0.000000,0.000000,,,0.990303,0.003367,0.069169,0.080535,,,,-0.051844,-0.987526,1.243792,,,,,,
382357,,,,,,,,,,,,,0.833241,0.002833,0.070857,0.080828,,,,-0.051802,-0.987421,1.240404,,,,,,
382363,,,,,,,,,-0.000000,0.000000,,,,,,,,,,,,,,,,,,
382367,,,,,,,,,,,,,0.701088,0.002384,0.072323,0.081121,,,,-0.051795,-0.987364,1.240397,,,,,,
382373,,,,,,,,,-0.000000,0.000000,,,,,,,,,,,,,,,,,,
382377,,,,,,,,,,,,,1.135202,0.002006,0.068039,0.081413,,,,-0.051810,-0.987356,1.240378,,,,,,
382383,,,,,,,,,0.027451,-0.652043,,,,,,,,,,,,,,,,,,
382387,,,,,,,,,,,,,0.955159,0.001687,0.069933,0.081705,,,,-0.051813,-0.987354,1.240384,,,,,,
382394,-0.051778,-0.987265,1.237970,-0.000000,-1.000010,1.570001,0.000655,-0.000000,-0.000000,0.000000,1.402544,1.414929,,,,,0.004871,-0.053101,0.332031,,,,,,,,,
382397,,,,,,,,,,,,,0.803671,0.001420,0.071373,0.081706,,,,-0.051826,-0.987302,1.236985,,,,,,
382403,,,,,,,,,-0.000000,0.000000,,,,,,,,,,,,,,,,,,
382409,,,,,,,,,,,,,0.676208,0.001195,0.072793,0.081991,,,,-0.051820,-0.987256,1.236985,,,,,,
382413,,,,,,,,,-0.000000,0.000000,,,,,,,,,,,,,,,,,,
382417,,,,,,,,,,,,,0.568962,0.001005,0.074032,0.082276,,,,-0.051841,-0.987271,1.236979,,,,,,
382423,,,,,,,,,-0.000000,0.000000,,,,,,,,,,,,,,,,,,
382427,,,,,,,,,,,,,0.478724,0.000846,0.075119,0.082560,,,,-0.051831,-0.987223,1.233581,,,,,,
382433,,,,,,,,,-0.000000,0.000000,,,,,,,,,,,,,,,,,,
382437,,,,,,,,,,,,,0.402799,0.000712,0.076079,0.082845,,,,-0.051802,-0.987179,1.236985,,,,,,
382444,-0.051800,-0.987186,1.237068,-0.000000,-1.000001,1.570001,0.000294,-0.000000,-0.000000,0.000000,1.381556,1.387130,,,,,0.004860,-0.053140,0.332933,,,,,,,,,
382447,,,,,,,,,,,,,0.338915,0.000599,0.076716,0.082845,,,,-0.051792,-0.987175,1.236985,,,,,,
382453,,,,,,,,,-0.000000,0.000000,,,,,,,,,,,,,,,,,,
382457,,,,,,,,,,,,,0.285163,0.000504,0.077473,0.083123,,,,-0.051821,-0.987199,1.233581,,,,,,
382463,,,,,,,,,-0.000000,0.000000,,,,,,,,,,,,,,,,,,
382469,,,,,,,,,,,,,0.239936,0.000424,0.078154,0.083401,,,,,,,,,,,,
382473,,,,,,,,,-0.000000,0.000000,,,,,,,,,,,,,,,,,,
382477,,,,,,,,,,,,,0.201882,0.000357,0.078770,0.083679,,,,-0.051820,-0.987211,1.236990,,,,,,
382483,,,,,,,,,-0.000000,0.000000,,,,,,,,,,,,,,,,,,
382487,,,,,,,,,,,,,0.169864,0.000300,0.079333,0.083957,,,,-0.051828,-0.987204,1.233596,,,,,,
382494,-0.051825,-0.987202,1.233887,0.000000,-1.000000,1.570001,0.000074,-0.000000,-0.000000,0.000000,1.425048,1.426465,,,,,0.005054,-0.053142,0.336114,,,,,,,,,
382497,,,,,,,,,,,,,0.142923,0.000252,0.080293,0.084636,,,,-0.051810,-0.987193,1.236985,,,,,,
382503,,,,,,,,,-0.000000,0.000000,,,,,,,,,,,,,,,,,,
382509,,,,,,,,,,,,,0.120256,0.000212,0.080781,0.084922,,,,-0.051805,-0.987202,1.236985,,,,,,
382513,,,,,,,,,-0.000000,0.000000,,,,,,,,,,,,,,,,,,
382517,,,,,,,,,,,,,0.101183,0.000179,0.081236,0.085208,,,,-0.051810,-0.987208,1.236985,,,,,,
382523,,,,,,,,,-0.000000,0.000000,,,,,,,,,,,,,,,,,,
382527,,,,,,,,,,,,,0.085135,0.000150,0.081665,0.085493,,,,-0.051830,-0.987205,1.233581,,,,,,
382533,,,,,,,,,-0.000000,0.000000,,,,,,,,,,,,,,,,,,
382537,,,,,,,,,,,,,0.071633,0.000127,0.082071,0.085779,,,,-0.051839,-0.987194,1.233581,,,,,,
382544,-0.051838,-0.987194,1.233607,0.000000,-1.000000,1.570001,0.000074,-0.000000,-0.000000,0.000000,1.428265,1.429683,,,,,0.005065,-0.053155,0.336394,,,,,,,,,
382547,,,,,,,,,,,,,0.060272,0.000106,0.082490,0.086097,,,,-0.051813,-0.987189,1.236985,,,,,,
382553,,,,,,,,,-0.000000,0.000000,,,,,,,,,,,,,,,,,,
