ts,x,y,yaw,x_des,y_des,yaw_des,v_ff,w_ff,v_actual,w_actual,omega_l_cmd,omega_r_cmd,omega_l_meas,omega_r_meas,duty_l,duty_r,x_err,y_err,yaw_err,x_raw,y_raw,yaw_raw,acc_x,acc_y,acc_z,gyro_x,gyro_y,gyro_z
70321,,,,,,,,,,,,,,,,,,,,,,,-0.061854,-0.006161,1.016931,0.700000,0.140000,-0.280000
70322,,,,,,,,,,,,,0.000000,0.000000,0.000000,0.000000,,,,,,,,,,,,
70324,,,,1.000000,0.000062,1.570858,0.000000,0.000000,,,0.384781,0.384781,,,,,,,,,,,,,,,,
70325,,,,,,,,,,,,,,,,,0.001109,0.022263,-0.023224,,,,,,,,,
70331,,,,,,,,,,,,,,,,,,,,,,,-0.061854,-0.006161,1.016931,0.770000,0.070000,-0.280000
70332,,,,,,,,,,,,,0.000000,0.000000,0.006080,0.006080,,,,,,,,,,,,
70329,,,,,,,,,,,,,,,,,,,,1.022289,-0.000531,1.594083,,,,,,
70337,,,,,,,,,,,,,,,,,,,,1.022277,-0.000530,1.594083,,,,,,
70341,,,,,,,,,,,,,,,,,,,,,,,-0.061366,-0.005856,1.017785,0.700000,0.210000,-0.210000
70342,,,,,,,,,,,,,0.000000,0.000000,0.006080,0.006080,,,,,,,,,,,,
70344,,,,,,,,,,,,,,,,,,,,1.022281,-0.000535,1.594083,,,,,,
70352,,,,,,,,,,,,,0.000000,0.000000,0.006080,0.006080,,,,1.022293,-0.000537,1.594083,-0.061366,-0.005856,1.017785,0.630000,0.140000,-0.210000
70361,,,,,,,,,,,,,,,,,,,,,,,-0.061671,-0.005612,1.017236,0.630000,0.210000,-0.210000
70362,,,,,,,,,,,,,0.000000,0.000000,0.006080,0.006080,,,,,,,,,,,,
70360,,,,,,,,,,,,,,,,,,,,1.022284,-0.000534,1.594083,,,,,,
70367,,,,1.000000,0.000488,1.571284,0.003695,0.003695,,,0.764154,0.787005,,,,,0.001541,0.022254,-0.022799,1.022278,-0.000532,1.594083,,,,,,
70373,,,,,,,,,,,,,0.000000,0.000000,0.012075,0.012436,,,,,,,,,,,,
70378,,,,,,,,,,,,,,,,,,,,,,,-0.061671,-0.005612,1.017175,0.630000,0.000000,-0.280000
70382,,,,,,,,,,,,,0.000000,0.000000,0.012075,0.012436,,,,,,,,,,,,
70383,,,,,,,,,,,,,,,,,,,,,,,-0.062525,-0.005551,1.017175,0.630000,0.210000,-0.210000
70381,,,,,,,,,,,,,,,,,,,,1.022273,-0.000537,1.594083,,,,,,
70388,,,,,,,,,,,,,,,,,,,,1.022269,-0.000532,1.594083,,,,,,
70391,,,,,,,,,,,,,,,,,,,,,,,-0.062525,-0.005551,1.017175,0.700000,0.140000,-0.280000
70392,,,,,,,,,,,,,0.000000,0.000000,0.012075,0.012436,,,,,,,,,,,,
70401,,,,,,,,,,,,,,,,,,,,,,,-0.061976,-0.005612,1.017602,0.630000,0.210000,-0.210000
70402,,,,,,,,,,,,,0.000000,0.000000,0.012075,0.012436,,,,1.022270,-0.000530,1.594083,,,,,,
70409,,,,,,,,,,,,,,,,,,,,1.022288,-0.000529,1.594083,,,,,,
70412,,,,,,,,,,,,,0.000000,0.000000,0.012075,0.012436,,,,,,,-0.061976,-0.005612,1.017602,0.700000,0.140000,-0.210000
70417,,,,0.999999,0.001621,1.572417,0.014482,0.014482,,,1.825275,1.915638,,,,,0.002669,0.022233,-0.021666,,,,,,,,,
70416,,,,,,,,,,,,,,,,,,,,1.022292,-0.000525,1.594083,,,,,,
70422,,,,,,,,,,,,,0.000000,0.000000,0.028843,0.030271,,,,,,,,,,,,
70423,,,,,,,,,,,,,,,,,,,,,,,-0.062342,-0.005307,1.018395,0.630000,0.210000,-0.280000
70434,,,,,,,,,,,,,0.000000,0.000000,0.028843,0.030271,,,,,,,,,,,,
70430,,,,,,,,,,,,,,,,,,,,1.022284,-0.000528,1.594083,,,,,,
70437,,,,,,,,,,,,,,,,,,,,1.022284,-0.000542,1.594083,-0.062342,-0.005307,1.018395,0.700000,0.070000,-0.210000
70442,,,,,,,,,,,,,0.000000,0.000000,0.028843,0.030271,,,,,,,,,,,,
70443,,,,,,,,,,,,,,,,,,,,,,,-0.062098,-0.005246,1.017480,0.700000,0.280000,-0.140000
70451,,,,,,,,,,,,,,,,,,,,,,,-0.062098,-0.005246,1.017480,0.630000,0.070000,-0.210000
70452,,,,,,,,,,,,,0.000000,0.000000,0.028843,0.030271,,,,,,,,,,,,
70450,,,,,,,,,,,,,,,,,,,,1.022276,-0.000539,1.594083,,,,,,
70458,,,,,,,,,,,,,,,,,,,,1.022279,-0.000532,1.594083,,,,,,
70462,,,,,,,,,,,,,0.000000,0.000000,0.028843,0.030271,,,,,,,-0.061976,-0.005002,1.016992,0.700000,0.210000,-0.280000
70467,,,,0.999993,0.003784,1.574580,0.031924,0.031924,,,3.657641,3.860208,,,,,0.004834,0.022180,-0.019503,,,,,,,,,
70472,,,,,,,,,,,,,0.000000,0.000000,0.057798,0.060999,,,,1.022280,-0.000531,1.594083,,,,,,
70473,,,,,,,,,,,,,,,,,,,,,,,-0.062342,-0.005917,1.017297,0.630000,0.070000,-0.280000
70481,,,,,,,,,,,,,,,,,,,,,,,-0.062342,-0.005917,1.017297,0.700000,0.070000,-0.420000
70480,,,,,,,,,,,,,,,,,,,,1.022280,-0.000525,1.594083,,,,,,
70482,,,,,,,,,,,,,0.000000,0.000000,0.057798,0.060999,,,,,,,,,,,,
70493,,,,,,,,,,,,,0.485852,0.000000,0.052164,0.060999,,,,,,,,,,,,
70487,,,,,,,,,,,,,,,,,,,,1.022299,-0.000534,1.594083,,,,,,
70497,,,,,,,,,,,,,,,,,,,,,,,-0.040321,-0.008235,1.020164,1.050000,0.140000,-7.000000
70502,,,,,,,,,,,,,0.408796,0.000000,0.053057,0.060999,,,,1.022294,-0.000512,1.590210,,,,,,
70503,,,,,,,,,,,,,,,,,,,,,,,-0.040321,-0.008235,1.020164,0.770000,2.660000,-7.000000
70511,,,,,,,,,,,,,,,,,,,,,,,-0.038064,-0.003477,1.013576,0.770000,5.880000,-6.930000
70512,,,,,,,,,,,,,0.343961,0.000000,0.053809,0.060999,,,,,,,,,,,,
70509,,,,,,,,,,,,,,,,,,,,1.022239,-0.000419,1.590210,,,,,,
70517,,,,0.999974,0.007277,1.578073,0.055590,0.055590,,,6.264873,6.637022,,,,,0.008144,0.022112,-0.012462,1.022206,-0.000353,1.590210,,,,,,
70522,,,,,,,,,,,,,0.289409,0.000000,0.095641,0.104877,,,,,,,,,,,,
70523,,,,,,,,,,,,,,,,,,,,,,,-0.038064,-0.003477,1.013576,0.980000,0.210000,-8.610000
70531,,,,,,,,,,,,,,,,,,,,1.022202,-0.000269,1.586330,-0.073932,-0.007259,1.020347,1.050000,-1.470000,-12.110000
70532,,,,,,,,,,,,,0.784965,0.000000,0.089895,0.104877,,,,,,,,,,,,
70539,,,,,,,,,,,,,,,,,,,,1.022188,-0.000234,1.586330,,,,,,
70541,,,,,,,,,,,,,,,,,,,,,,,-0.073932,-0.007259,1.020347,1.470000,-5.950000,-19.389999
70542,,,,,,,,,,,,,0.660470,0.554920,0.091338,0.098443,,,,,,,,,,,,
70553,,,,,,,,,,,,,1.041615,0.466910,0.086919,0.099463,,,,,,,,,,,,
70546,,,,,,,,,,,,,,,,,,,,1.022159,-0.000179,1.582443,,,,,,
70557,,,,,,,,,,,,,,,,,,,,,,,0.012627,-0.007015,1.025776,0.350000,5.320000,-7.210000
70562,,,,,,,,,,,,,,,,,,,,,,,0.012627,-0.007015,1.025776,0.770000,2.730000,-7.140000
70563,,,,,,,,,,,,,0.876414,0.951708,0.088834,0.093842,,,,,,,,,,,,
70560,,,,,,,,,,,,,,,,,,,,1.022154,0.000019,1.582443,,,,,,
70567,,,,0.999923,0.012379,1.583176,0.085059,0.085059,,,9.575319,10.207478,,,,,0.012519,0.022112,0.002251,,,,,,,,,
70568,,,,,,,,,,,,,,,,,,,,1.021924,0.000221,1.578471,,,,,,
70572,,,,,,,,,,,,,1.351954,1.415306,0.135631,0.144886,,,,,,,,,,,,
70573,,,,,,,,,,,,,,,,,,,,,,,0.007747,-0.003355,1.016260,0.560000,-1.820000,-4.760000
70576,,,,,,,,,,,,,,,,,,,,1.021876,0.000552,1.578471,,,,,,
70581,,,,,,,,,,,,,,,,,,,,,,,0.007747,-0.003355,1.016260,0.490000,-13.160000,-2.590000
70582,,,,,,,,,,,,,1.679854,1.733158,0.131829,0.141200,,,,,,,,,,,,
70594,,,,,,,,,,,,,2.312980,1.908054,0.124488,0.139172,,,,,,,,,,,,
70590,,,,,,,,,,,,,,,,,,,,1.021871,0.000907,1.574611,,,,,,
70597,,,,,,,,,,,,,,,,,,,,1.021916,0.001530,1.574645,0.062159,-0.008174,1.042185,0.140000,3.430000,-8.050000
70602,,,,,,,,,,,,,,,,,,,,,,,0.062159,-0.008174,1.042185,0.420000,7.980000,-10.920000
70603,,,,,,,,,,,,,2.580881,2.240176,0.121381,0.135321,,,,,,,,,,,,
70612,,,,,,,,,,,,,3.340853,3.054185,0.112569,0.125882,,,,,,,0.076677,-0.007442,1.006561,0.980000,6.230000,-10.430000
70611,,,,,,,,,,,,,,,,,,,,1.021913,0.002338,1.574611,,,,,,
70617,,,,0.999813,0.019351,1.590148,0.119919,0.119919,,,13.245940,14.198557,,,,,,,,,,,,,,,,
70618,,,,,,,,,,,,,,,,,0.017009,0.021998,0.012583,1.022002,0.003212,1.570812,,,,,,
70622,,,,,,,,,,,,,3.926404,3.127496,0.163782,0.188098,,,,,,,,,,,,
70623,,,,,,,,,,,,,,,,,,,,,,,0.076677,-0.007442,1.006561,2.380000,-8.050000,-10.640000
70631,,,,,,,,,,,,,,,,,,,,,,,0.028060,-0.012566,1.042002,1.540000,-2.590000,-14.070000
70632,,,,,,,,,,,,,4.953640,4.281438,0.151870,0.174718,,,,1.021944,0.004090,1.566982,,,,,,
70641,,,,,,,,,,,,,,,,,,,,,,,0.028060,-0.012566,1.042002,0.280000,-14.140000,-15.890000
70642,,,,,,,,,,,,,5.813303,4.699276,0.141902,0.169873,,,,,,,,,,,,
70639,,,,,,,,,,,,,,,,,,,,1.021741,0.005176,1.563018,,,,,,
70654,,,,,,,,,,,,,6.200101,5.699021,0.137417,0.158280,,,,,,,,,,,,
70647,,,,,,,,,,,,,,,,,,,,1.021764,0.006264,1.563018,,,,,,
70657,,,,,,,,,,,,,,,,,,,,,,,0.122183,-0.001830,1.029070,-2.380000,-0.560000,-10.220000
70662,,,,,,,,,,,,,,,,,,,,,,,0.122183,-0.001830,1.017114,0.840000,3.570000,-10.150000
70663,,,,,,,,,,,,,7.196681,6.115100,0.125861,0.153455,,,,,,,,,,,,
70661,,,,,,,,,,,,,,,,,,,,1.021671,0.007826,1.563018,,,,,,
70667,,,,0.999596,0.028429,1.599229,0.159769,0.159769,,,,,,,,,,,,,,,,,,,,
70668,,,,,,,,,,,16.721189,18.171694,,,,,0.020270,0.022226,0.034990,1.021769,0.009289,1.563079,,,,,,
70672,,,,,,,,,,,,,7.862799,6.952757,0.173052,0.206525,,,,,,,,,,,,
70673,,,,,,,,,,,,,,,,,,,,,,,0.106872,-0.014091,1.017114,0.210000,-0.630000,-6.720000
70681,,,,,,,,,,,,,,,,,,,,,,,0.106872,-0.014091,1.012844,-3.220000,-6.930000,-9.730000
70682,,,,,,,,,,,,,8.804436,8.038727,0.162133,0.193933,,,,1.021685,0.011061,1.559184,,,,,,
70692,,,,,,,,,,,,,9.493625,8.849357,0.154141,0.184533,,,,,,,0.069906,0.000915,1.012844,-4.060000,-7.000000,-7.700000
70689,,,,,,,,,,,,,,,,,,,,1.021663,0.012744,1.555339,,,,,,
70697,,,,,,,,,,,,,,,,,,,,1.021608,0.014787,1.555389,,,,,,
70702,,,,,,,,,,,,,10.240673,9.698586,0.145479,0.174685,,,,,,,0.152256,-0.017873,1.021872,1.050000,6.720000,-1.120000
70714,,,,,,,,,,,,,11.444807,10.988694,0.131516,0.159726,,,,,,,,,,,,
70711,,,,,,,,,,,,,,,,,,,,1.021564,0.017058,1.555297,,,,,,
70717,,,,0.999206,0.039833,1.610640,0.204215,0.204215,,,,,,,,,,,,,,,,,,,,
70718,,,,,,,,,,,19.938951,22.023441,,,,,0.022148,0.022769,0.056951,1.021555,0.019426,1.559333,,,,,,
70719,,,,,,,,,,,,,,,,,,,,,,,0.152256,-0.017873,1.021872,-6.790000,0.980000,-0.490000
70722,,,,,,,,,,,,,12.333113,11.273476,0.172062,0.217288,,,,,,,,,,,,
70724,,,,,,,,,,,,,,,,,,,,,,,0.073871,0.006710,1.057069,1.400000,-17.570000,1.680000
70726,,,,,,,,,,,,,,,,,,,,1.021505,0.021849,1.555339,,,,,,
70732,,,,,,,,,,,,,13.016137,12.652370,0.164142,0.201299,,,,,,,0.073871,0.006710,1.057069,0.210000,-5.320000,2.520000
70741,,,,,,,,,,,,,,,,,,,,,,,0.092537,-0.036844,0.988749,4.410000,-6.650000,11.200000
70739,,,,,,,,,,,,,,,,,,,,1.021511,0.024391,1.559184,,,,,,
70742,,,,,,,,,,,,,13.699219,13.393146,0.156222,0.192709,,,,,,,,,,,,
70746,,,,,,,,,,,,,,,,,,,,1.021571,0.027188,1.559184,,,,,,
70754,,,,,,,,,,,,,14.851830,14.594300,0.142856,0.178781,,,,,,,,,,,,
70757,,,,,,,,,,,,,,,,,,,,,,,0.092537,-0.036844,0.988749,-1.960000,1.120000,11.200000
70762,,,,,,,,,,,,,15.729573,15.512888,0.132678,0.168130,,,,,,,0.116022,-0.000793,1.000705,2.590000,13.510000,13.720000
70760,,,,,,,,,,,,,,,,,,,,1.021688,0.030165,1.563170,,,,,,
70767,,,,0.998554,0.053758,1.624580,0.252871,0.252871,,,,,,,,,,,,1.021692,0.033249,1.563079,,,,,,
70768,,,,,,,,,,,23.164631,25.819983,,,,,0.023154,0.023344,0.062205,,,,,,,,,
70772,,,,,,,,,,,,,16.089458,16.478060,0.179477,0.216930,,,,,,,,,,,,
70774,,,,,,,,,,,,,,,,,,,,,,,0.116022,-0.000793,1.000705,-10.850000,2.450000,15.120000
70781,,,,,,,,,,,,,,,,,,,,1.021295,0.036456,1.563018,0.043981,0.034526,1.065304,-6.790000,-6.160000,12.530000
70782,,,,,,,,,,,,,17.313225,17.640194,0.165287,0.203455,,,,,,,,,,,,
70789,,,,,,,,,,,,,,,,,,,,1.021272,0.039662,1.567024,,,,,,
70792,,,,,,,,,,,,,17.859625,18.683451,0.158951,0.191357,,,,,,,0.043981,0.034526,1.065304,0.770000,-24.639999,16.870001
70801,,,,,,,,,,,,,,,,,,,,,,,0.090036,-0.032757,1.026325,-1.400000,-0.140000,17.639999
70802,,,,,,,,,,,,,18.866146,19.559313,0.147279,0.181201,,,,,,,,,,,,
70803,,,,,,,,,,,,,,,,,,,,1.021254,0.043054,1.570781,,,,,,
70813,,,,,,,,,,,,,19.745592,20.328823,0.137082,0.172278,,,,,,,,,,,,
70810,,,,,,,,,,,,,,,,,,,,1.021229,0.046618,1.578594,,,,,,
70817,,,,0.997520,0.070379,1.641234,0.305363,0.305363,,,,,,,,,,,,1.021201,0.050417,1.578594,,,,,,
70818,,,,,,,,,,,26.565849,29.729883,,,,,0.023834,0.023459,0.059299,,,,,,,,,
70819,,,,,,,,,,,,,,,,,,,,,,,0.090036,-0.032757,1.026325,-3.430000,12.040000,18.270000
70822,,,,,,,,,,,,,20.474121,21.608215,0.182380,0.219227,,,,,,,,,,,,
70825,,,,,,,,,,,,,,,,,,,,,,,0.076433,0.016287,0.956419,-1.470000,14.980000,20.860001
70831,,,,,,,,,,,,,,,,,,,,1.021140,0.054281,1.578548,0.076433,0.016287,0.956419,-2.310000,16.870001,20.160000
70832,,,,,,,,,,,,,21.008472,22.502920,0.176183,0.208852,,,,,,,,,,,,
70839,,,,,,,,,,,,,,,,,,,,1.020886,0.058334,1.586330,,,,,,
70842,,,,,,,,,,,,,21.465593,23.264317,0.170883,0.200023,,,,,,,0.038857,-0.022814,1.049383,14.630000,-3.990000,24.850000
70847,,,,,,,,,,,,,,,,,,,,1.020781,0.062092,1.586377,,,,,,
70852,,,,,,,,,,,,,22.464609,24.528488,0.159299,0.185364,,,,,,,0.038857,-0.022814,1.049383,5.670000,-16.379999,28.070000
70861,,,,,,,,,,,,,,,,,,,,,,,0.083082,0.005368,1.043893,7.700000,5.950000,26.180000
70862,,,,,,,,,,,,,23.336109,25.072657,0.149193,0.179054,,,,,,,,,,,,
70860,,,,,,,,,,,,,,,,,,,,1.020816,0.066325,1.594129,,,,,,
70867,,,,0.995956,0.089847,1.660765,0.361324,0.361324,,,,,,,,,,,,,,,,,,,,
70868,,,,,,,,,,,29.861605,33.729500,,,,,0.023875,0.024269,0.065298,1.020907,0.070443,1.601865,,,,,,
70874,,,,,,,,,,,,,23.625952,25.973959,0.197911,0.231804,,,,,,,,,,,,
70876,,,,,,,,,,,,,,,,,,,,1.020777,0.075060,1.601852,,,,,,
70880,,,,,,,,,,,,,,,,,,,,,,,0.083082,0.015677,1.032913,3.710000,1.890000,28.070000
70882,,,,,,,,,,,,,24.998135,26.242424,0.182000,0.228691,,,,,,,,,,,,
70885,,,,,,,,,,,,,,,,,,,,,,,0.026901,0.015677,1.032913,12.600000,-3.780000,33.599998
70891,,,,,,,,,,,,,,,,,,,,,,,0.026901,0.015677,0.996679,4.200000,-21.280001,26.530001
70892,,,,,,,,,,,,,25.420483,27.564190,0.177102,0.213365,,,,,,,,,,,,
70890,,,,,,,,,,,,,,,,,,,,1.020606,0.079324,1.613397,,,,,,
70897,,,,,,,,,,,,,,,,,,,,1.020425,0.083510,1.617194,,,,,,
70902,,,,,,,,,,,,,25.676111,28.015741,0.174138,0.208129,,,,,,,0.074298,0.011590,0.996679,7.140000,12.320000,37.450001
70912,,,,,,,,,,,,,26.547279,29.065109,0.164036,0.195961,,,,,,,0.077531,0.048129,1.010038,-0.630000,8.190000,34.650002
70911,,,,,,,,,,,,,,,,,,,,1.020282,0.088449,1.621022,,,,,,
70917,,,,0.993676,0.112286,1.683320,0.420396,0.420396,,,,,,,,,,,,,,,,,,,,
70918,,,,,,,,,,,33.849728,38.254757,,,,,0.025039,0.025263,0.059712,,,,,,,,,
70919,,,,,,,,,,,,,,,,,,,,1.020061,0.093345,1.628660,,,,,,
70922,,,,,,,,,,,,,26.813189,30.050768,0.223973,0.256039,,,,,,,,,,,,
70924,,,,,,,,,,,,,,,,,,,,,,,0.077531,0.048129,1.010038,-2.590000,5.460000,32.900002
70933,,,,,,,,,,,,,27.917414,30.641514,0.211169,0.249189,,,,,,,,,,,,
70926,,,,,,,,,,,,,,,,,,,,1.019403,0.098188,1.632462,,,,,,
70937,,,,,,,,,,,,,,,,,,,,,,,0.022936,0.029585,1.043954,-4.060000,-15.890000,30.100000
70942,,,,,,,,,,,,,,,,,,,,,,,0.022936,0.029585,1.043954,2.940000,-23.170000,28.840000
70943,,,,,,,,,,,,,28.562567,31.981926,0.203688,0.233646,,,,,,,,,,,,
70940,,,,,,,,,,,,,,,,,,,,1.018897,0.102967,1.632382,,,,,,
70948,,,,,,,,,,,,,,,,,,,,1.018730,0.108096,1.647616,,,,,,
70952,,,,,,,,,,,,,29.964382,32.841431,0.187433,0.223679,,,,,,,0.134322,0.023058,1.028521,-7.910000,-15.400000,31.570000
70961,,,,,,,,,,,,,,,,,,,,,,,0.134322,0.023058,1.028521,-9.800000,10.290000,26.180000
70962,,,,,,,,,,,,,30.261887,33.243732,0.183983,0.219014,,,,1.018106,0.113084,1.647625,,,,,,
70967,,,,0.990461,0.137792,1.709028,0.482232,0.482232,,,,,,,,,,,,,,,,,,,,
70968,,,,,,,,,,,38.030270,43.126934,,,,,0.026492,0.025702,0.061056,,,,,,,,,
70973,,,,,,,,,,,,,,,0.240768,0.286802,,,,,,,,,,,,
70974,,,,,,,,,,,,,31.061764,34.037308,,,,,,,,,,,,,,
70970,,,,,,,,,,,,,,,,,,,,1.017577,0.118817,1.655114,,,,,,
70979,,,,,,,,,,,,,,,,,,,,,,,0.103822,-0.002501,0.957822,10.290000,9.240000,35.070000
70977,,,,,,,,,,,,,,,,,,,,1.017177,0.124467,1.662619,,,,,,
70982,,,,,,,,,,,,,32.113518,34.617138,0.228573,0.280078,,,,,,,,,,,,
70985,,,,,,,,,,,,,,,,,,,,,,,0.103822,-0.002501,0.957822,-4.830000,0.700000,35.700001
70991,,,,,,,,,,,,,,,,,,,,1.016500,0.130065,1.666402,0.055510,0.046665,1.163331,-6.720000,-39.060001,34.020000
70992,,,,,,,,,,,,,32.961567,35.608227,0.218739,0.268586,,,,,,,,,,,,
70998,,,,,,,,,,,,,,,,,,,,1.015920,0.135619,1.670131,,,,,,
71002,,,,,,,,,,,,,,,0.207077,0.255768,,,,,,,0.055510,0.046665,1.163331,0.700000,-32.060001,42.490002
71003,,,,,,,,,,,,,33.967300,36.713654,,,,,,,,,,,,,,
71012,,,,,,,,,,,,,34.398472,37.872932,0.202077,0.242325,,,,1.015362,0.141390,1.681308,0.115473,0.010126,0.952942,0.630000,-0.140000,41.720001
71017,,,,0.986053,0.166429,1.738004,0.546492,0.546492,,,,,,,,,,,,,,,,,,,,
71018,,,,,,,,,,,42.441105,48.062931,,,,,0.027870,0.026305,0.054783,,,,,,,,,
71019,,,,,,,,,,,,,,,,,,,,1.014729,0.147495,1.688723,,,,,,
71022,,,,,,,,,,,,,35.670471,39.154514,0.257027,0.305462,,,,,,,,,,,,
71024,,,,,,,,,,,,,,,,,,,,,,,0.115473,0.010126,0.952942,-4.550000,13.440000,44.590000
71027,,,,,,,,,,,,,,,,,,,,1.013860,0.153800,1.696120,,,,,,
71034,,,,,,,,,,,,,36.219761,40.037895,0.250657,0.295219,,,,,,,,,,,,
71037,,,,,,,,,,,,,,,,,,,,,,,0.092659,0.055144,0.941718,-2.380000,3.360000,44.240002
71042,,,,,,,,,,,,,37.226395,41.114082,0.238985,0.282740,,,,,,,0.092659,0.055144,0.941718,16.450001,-9.310000,52.570000
71040,,,,,,,,,,,,,,,,,,,,1.013091,0.160201,1.703484,,,,,,
71048,,,,,,,,,,,,,,,,,,,,1.012104,0.166439,1.707162,,,,,,
71052,,,,,,,,,,,,,,,,,,,,,,,0.121085,0.017751,1.195051,7.210000,-38.360001,53.410000
71053,,,,,,,,,,,,,38.073891,42.383701,0.229158,0.268018,,,,,,,,,,,,
71061,,,,,,,,,,,,,,,,,,,,1.011174,0.172893,1.718162,0.121085,0.017751,1.195051,13.790000,-11.690000,53.830002
71062,,,,,,,,,,,,,38.740063,42.975853,0.221433,0.261152,,,,,,,,,,,,
71067,,,,0.980157,0.198224,1.770342,0.612846,0.612846,,,,,,,,,,,,,,,,,,,,
71068,,,,,,,,,,,47.021206,53.210133,,,,,0.029410,0.026893,0.050393,,,,,,,,,
71074,,,,,,,,,,,,,39.304283,43.762730,0.287265,0.333363,,,,,,,,,,,,
71069,,,,,,,,,,,,,,,,,,,,1.010194,0.179760,1.729098,,,,,,
71079,,,,,,,,,,,,,,,,,,,,,,,0.124623,0.055876,0.922259,5.740000,24.500000,51.660000
71077,,,,,,,,,,,,,,,,,,,,1.009051,0.186812,1.732722,,,,,,
71082,,,,,,,,,,,,,40.188831,45.363808,0.277008,0.314797,,,,,,,,,,,,
71084,,,,,,,,,,,,,,,,,,,,,,,0.074359,0.089060,1.052433,-6.440000,14.980000,48.650002
71092,,,,,,,,,,,,,41.376476,46.810928,0.263236,0.298017,,,,,,,0.074359,0.089060,1.052433,-6.790000,-29.610001,49.770000
71090,,,,,,,,,,,,,,,,,,,,1.008078,0.194007,1.747168,,,,,,
71098,,,,,,,,,,,,,,,,,,,,1.006547,0.201220,1.754378,,,,,,
71102,,,,,,,,,,,,,42.434719,47.551590,0.250965,0.289428,,,,,,,0.074359,0.089060,1.000644,12.880000,-1.260000,49.000000
71112,,,,,,,,,,,,,43.322079,48.171520,0.240676,0.282240,,,,1.005344,0.208214,1.764822,0.174765,0.039040,1.000644,13.720000,21.700001,53.549999
71117,,,,0.972438,0.233163,1.806125,0.680973,0.680973,,,,,,,,,,,,,,,,,,,,
71118,,,,,,,,,,,51.645542,58.283531,,,,,0.030553,0.027525,0.042714,,,,,,,,,
71119,,,,,,,,,,,,,,,,,,,,1.003694,0.215973,1.768754,,,,,,
71122,,,,,,,,,,,,,44.355396,49.000301,0.301767,0.352799,,,,,,,,,,,,
71124,,,,,,,,,,,,,,,,,,,,,,,0.143228,0.092842,0.946354,-26.110001,58.099998,52.639999
71133,,,,,,,,,,,,,45.316853,50.165810,0.290618,0.339284,,,,,,,,,,,,
71127,,,,,,,,,,,,,,,,,,,,1.001895,0.224059,1.783021,,,,,,
71137,,,,,,,,,,,,,,,,,,,,,,,0.143228,0.092842,0.946354,6.370000,1.610000,49.980000
71142,,,,,,,,,,,,,46.641880,51.937836,0.275254,0.318736,,,,,,,0.114558,0.046421,1.083116,4.410000,-16.030001,54.180000
71141,,,,,,,,,,,,,,,,,,,,1.000001,0.232037,1.786530,,,,,,
71148,,,,,,,,,,,,,,,,,,,,0.998595,0.239646,1.804029,,,,,,
71152,,,,,,,,,,,,,48.126816,53.137978,0.258035,0.304820,,,,,,,0.114558,0.046421,1.083116,-7.280000,-19.740000,52.080002
71161,,,,,,,,,,,,,,,,,,,,,,,0.122244,0.080825,0.982954,0.000000,4.480000,55.299999
71162,,,,,,,,,,,,,48.562057,53.931042,0.252988,0.295624,,,,0.996472,0.247940,1.811305,,,,,,
71167,,,,0.962528,0.271182,1.845418,0.750560,0.750560,,,,,,,,,,,,,,,,,,,,
71168,,,,,,,,,,,55.910675,62.966248,,,,,0.030345,0.027530,0.035773,,,,,,,,,
71170,,,,,,,,,,,,,,,,,,,,0.994021,0.256092,1.818321,,,,,,
71172,,,,,,,,,,,,,49.844227,54.890167,0.305517,0.358498,,,,,,,,,,,,
71174,,,,,,,,,,,,,,,,,,,,,,,0.122244,0.080825,0.982954,20.790001,8.330000,63.070000
71177,,,,,,,,,,,,,,,,,,,,0.991869,0.264623,1.832336,,,,,,
71182,,,,,,,,,,,,,50.727196,56.071384,0.295279,0.344801,,,,,,,0.058743,0.075152,1.145519,3.080000,-21.980000,57.470001
71193,,,,,,,,,,,,,51.668541,57.163662,0.284363,0.332135,,,,,,,,,,,,
71191,,,,,,,,,,,,,,,,,,,,0.989544,0.272844,1.839283,,,,,,
71197,,,,,,,,,,,,,,,,,,,,,,,0.058743,0.075152,1.145519,0.070000,-66.639999,55.299999
71198,,,,,,,,,,,,,,,,,,,,0.987315,0.281089,1.853203,,,,,,
71202,,,,,,,,,,,,,,,,,,,,,,,0.136945,0.108702,1.002779,-15.330000,-43.889999,57.189999
71203,,,,,,,,,,,,,52.559086,58.886154,0.274037,0.312162,,,,,,,,,,,,
71206,,,,,,,,,,,,,,,,,,,,0.984692,0.289458,1.860146,,,,,,
71212,,,,,,,,,,,,,53.492027,59.394924,0.263219,0.306262,,,,,,,0.136945,0.108702,1.002779,-0.070000,32.900002,61.599998
71217,,,,0.950027,0.312168,1.888270,0.821304,0.821304,,,,,,,,,,,,,,,,,,,,
71218,,,,,,,,,,,60.721306,68.063583,,,,,0.031296,0.026766,0.027390,,,,,,,,,
71220,,,,,,,,,,,,,,,,,,,,0.982278,0.298332,1.873663,,,,,,
71222,,,,,,,,,,,,,53.880577,59.956326,0.334730,0.380300,,,,,,,,,,,,
71224,,,,,,,,,,,,,,,,,,,,,,,0.121329,0.057950,0.843935,10.150000,48.720001,63.279999
71227,,,,,,,,,,,,,,,,,,,,0.979084,0.307637,1.884188,,,,,,
71232,,,,,,,,,,,,,54.956959,61.138187,0.322249,0.366595,,,,,,,0.121329,0.057950,0.843935,-26.250000,37.029999,60.549999
71242,,,,,,,,,,,,,56.438217,62.205627,0.305073,0.354218,,,,,,,0.083265,0.151646,1.170346,10.990000,-23.450001,65.239998
71241,,,,,,,,,,,,,,,,,,,,0.975959,0.316809,1.894383,,,,,,
71253,,,,,,,,,,,,,57.445835,63.294407,0.293389,0.341593,,,,,,,,,,,,
71248,,,,,,,,,,,,,,,,,,,,0.972719,0.325976,1.901192,,,,,,
71257,,,,,,,,,,,,,,,,,,,,,,,0.083265,0.151646,1.170346,2.730000,-8.750000,60.759998
71262,,,,,,,,,,,,,58.474209,64.662605,0.281464,0.325727,,,,0.969549,0.335138,1.918209,,,,,,
71263,,,,,,,,,,,,,,,,,,,,,,,0.134017,0.068930,0.969107,6.510000,25.690001,69.089996
71267,,,,0.934508,0.355942,1.934718,0.892911,0.892911,,,,,,,,,,,,,,,,,,,,
71268,,,,,,,,,,,65.300217,72.776039,,,,,0.031196,0.025908,0.016981,,,,,,,,,
71270,,,,,,,,,,,,,,,,,,,,0.965913,0.344685,1.928239,,,,,,
71272,,,,,,,,,,,,,58.722027,64.986923,0.350946,0.396432,,,,,,,,,,,,
71273,,,,,,,,,,,,,,,,,,,,,,,0.134017,0.068930,0.897554,-3.290000,52.220001,69.019997
71277,,,,,,,,,,,,,,,,,,,,0.962189,0.354287,1.934799,,,,,,
71281,,,,,,,,,,,,,,,,,,,,,,,0.124257,0.111996,0.897554,14.420000,42.279999,67.480003
71282,,,,,,,,,,,,,60.113640,65.948341,0.334809,0.385284,,,,,,,,,,,,
71294,,,,,,,,,,,,,61.258747,67.560997,0.321531,0.366584,,,,,,,,,,,,
71291,,,,,,,,,,,,,,,,,,,,0.958973,0.364426,1.955027,,,,,,
71297,,,,,,,,,,,,,,,,,,,,,,,0.124257,0.111996,0.897554,-0.070000,-52.150002,63.000000
71298,,,,,,,,,,,,,,,,,,,,0.954977,0.373915,1.965143,,,,,,
71302,,,,,,,,,,,,,62.287571,69.604874,0.309601,0.342884,,,,,,,,,,,,
71303,,,,,,,,,,,,,,,,,,,,,,,0.078446,0.112972,1.249280,19.879999,-50.750000,63.630001
71312,,,,,,,,,,,,,62.836411,70.090836,0.303237,0.337249,,,,0.951007,0.383008,1.975096,0.078446,0.112972,1.249280,7.350000,11.760000,65.099998
71317,,,,0.915524,0.402264,1.984785,0.965097,0.965097,,,,,,,,,,,,,,,,,,,,
71318,,,,,,,,,,,70.082657,77.610916,,,,,0.031470,0.024868,0.006675,,,,,,,,,
71320,,,,,,,,,,,,,,,,,,,,0.946628,0.393031,1.985023,,,,,,
71322,,,,,,,,,,,,,63.822742,70.474228,0.367371,0.409204,,,,,,,,,,,,
71324,,,,,,,,,,,,,,,,,,,,,,,0.130784,0.096075,0.907009,-11.340000,27.719999,68.389999
71327,,,,,,,,,,,,,,,,,,,,0.942008,0.403380,1.994855,,,,,,
71332,,,,,,,,,,,,,65.128426,71.763893,0.352231,0.394249,,,,,,,0.130784,0.146949,1.028094,8.540000,8.820000,63.000000
71342,,,,,,,,,,,,,66.428375,72.592926,0.337157,0.384636,,,,,,,0.054839,0.146949,1.028094,-1.260000,-38.150002,58.869999
71341,,,,,,,,,,,,,,,,,,,,0.937430,0.413349,2.011311,,,,,,
71354,,,,,,,,,,,,,67.658081,73.786156,0.322898,0.370800,,,,,,,,,,,,
71348,,,,,,,,,,,,,,,,,,,,0.932691,0.423255,2.014622,,,,,,
71357,,,,,,,,,,,,,,,,,,,,,,,0.115534,0.127917,1.098000,-2.030000,-19.950001,63.070000
71358,,,,,,,,,,,,,,,,,,,,0.927825,0.433227,2.027714,,,,,,
71362,,,,,,,,,,,,,68.336464,74.834862,0.315032,0.358639,,,,,,,,,,,,
71363,,,,,,,,,,,,,,,,,,,,,,,0.115534,0.127917,1.098000,-15.330000,-4.410000,69.160004
71367,,,,0.892616,0.450818,2.038478,1.037585,1.037585,,,,,,,,,,,,,,,,,,,,
71368,,,,,,,,,,,74.281326,82.518166,,,,,0.030978,0.023827,0.010533,,,,,,,,,
71372,,,,,,,,,,,,,69.030571,75.596634,0.373330,0.427350,,,,0.922613,0.443422,2.044002,,,,,,
71374,,,,,,,,,,,,,,,,,,,,,,,0.138836,0.120231,0.908778,9.380000,44.310001,61.040001
71379,,,,,,,,,,,,,,,,,,,,0.917135,0.453999,2.053655,,,,,,
71382,,,,,,,,,,,,,70.111214,76.681892,0.360799,0.414765,,,,,,,0.138836,0.120231,0.908778,-1.540000,23.170000,54.950001
71386,,,,,,,,,,,,,,,,,,,,0.911486,0.464538,2.059994,,,,,,
71392,,,,,,,,,,,,,71.093750,77.722511,0.349406,0.402699,,,,,,,0.063623,0.108580,1.014552,7.210000,-28.840000,56.770000
71402,,,,,,,,,,,,,72.185310,78.887024,0.336749,0.389196,,,,,,,0.063623,0.108580,1.014552,-20.510000,-8.820000,66.639999
71400,,,,,,,,,,,,,,,,,,,,0.906115,0.474929,2.073023,,,,,,
71413,,,,,,,,,,,,,72.951675,79.567696,0.327862,0.381303,,,,,,,,,,,,
71407,,,,,,,,,,,,,,,,,,,,0.900081,0.485316,2.085924,,,,,,
71417,,,,0.865326,0.501209,2.095792,1.110109,1.110109,,,,,,,,,,,,,,,,,,,,
71418,,,,,,,,,,,78.626030,87.328598,,,,,0.030542,0.022452,0.010016,,,,,,,,,
71419,,,,,,,,,,,,,,,,,,,,,,,0.142496,0.124562,1.056947,-1.260000,41.790001,65.730003
71422,,,,,,,,,,,,,74.100044,80.938614,0.383201,0.441420,,,,,,,,,,,,
71421,,,,,,,,,,,,,,,,,,,,0.894002,0.496152,2.095437,,,,,,
71424,,,,,,,,,,,,,,,,,,,,,,,0.142496,0.124562,1.056947,1.190000,49.980000,64.470001
71429,,,,,,,,,,,,,,,,,,,,0.887661,0.507010,2.108192,,,,,,
71432,,,,,,,,,,,,,74.978516,81.785049,0.373014,0.431605,,,,,,,0.080154,0.145851,0.942267,-20.930000,3.850000,68.949997
71436,,,,,,,,,,,,,,,,,,,,0.880944,0.517983,2.117610,,,,,,
71442,,,,,,,,,,,,,76.066391,82.875031,0.360400,0.418966,,,,,,,0.080154,0.145851,0.942267,-13.790000,-9.310000,73.639999
71454,,,,,,,,,,,,,77.202705,83.909309,0.347223,0.406973,,,,,,,,,,,,
71450,,,,,,,,,,,,,,,,,,,,0.874215,0.528363,2.130439,,,,,,
71458,,,,,,,,,,,,,,,,,,,,0.867331,0.539094,2.149344,0.102846,0.185135,1.124718,-27.160000,-15.890000,74.129997
71462,,,,,,,,,,,,,77.812515,84.808517,0.340152,0.396546,,,,,,,,,,,,
71464,,,,,,,,,,,,,,,,,,,,,,,0.102846,0.185135,1.124718,39.480000,-16.870001,70.419998
71467,,,,0.833207,0.552962,2.156711,1.182410,1.182410,,,,,,,,,,,,,,,,,,,,
71468,,,,,,,,,,,83.087318,91.998322,,,,,0.030108,0.020898,0.005621,,,,,,,,,
71472,,,,,,,,,,,,,78.574547,85.552902,0.401813,0.461705,,,,,,,,,,,,
71474,,,,,,,,,,,,,,,,,,,,,,,0.090707,0.084668,1.093364,-12.180000,-2.240000,79.239998
71471,,,,,,,,,,,,,,,,,,,,0.860466,0.550082,2.158782,,,,,,
71479,,,,,,,,,,,,,,,,,,,,0.853189,0.560816,2.174431,,,,,,
71482,,,,,,,,,,,,,79.385094,86.849373,0.392414,0.446671,,,,,,,0.090707,0.084668,1.093364,2.240000,-6.580000,79.379997
71486,,,,,,,,,,,,,,,,,,,,0.845814,0.571863,2.186885,,,,,,
71492,,,,,,,,,,,,,80.558212,87.939743,0.378811,0.434028,,,,,,,0.074359,0.149755,0.871629,14.140000,24.850000,79.029999
71502,,,,,,,,,,,,,81.091614,88.966179,0.372626,0.422125,,,,,,,0.074359,0.149755,0.871629,-24.150000,-2.170000,77.629997
71500,,,,,,,,,,,,,,,,,,,,0.838094,0.582887,2.196291,,,,,,
71514,,,,,,,,,,,,,82.357254,89.865837,0.357950,0.411693,,,,,,,,,,,,
71507,,,,,,,,,,,,,,,,,,,,0.830041,0.594022,2.211732,,,,,,
71517,,,,0.795837,0.605511,2.221204,1.254240,1.254240,,,,,,,,,,,,,,,,,,,,
71518,,,,,,,,,,,87.135841,96.825821,,,,,0.029409,0.020493,0.009831,,,,,,,,,
71519,,,,,,,,,,,,,,,,,,,,,,,0.138226,0.219539,1.063657,-31.990000,-2.450000,86.800003
71522,,,,,,,,,,,,,83.183060,90.962646,0.412348,0.475259,,,,,,,,,,,,
71521,,,,,,,,,,,,,,,,,,,,0.821693,0.604745,2.227182,,,,,,
71525,,,,,,,,,,,,,,,,,,,,,,,0.067161,0.206851,0.924089,-31.150000,-3.430000,85.959999
71528,,,,,,,,,,,,,,,,,,,,0.812972,0.615691,2.242448,,,,,,
71532,,,,,,,,,,,,,83.998093,92.100266,0.402897,0.462067,,,,,,,0.067161,0.206851,0.924089,46.970001,21.840000,78.330002
71535,,,,,,,,,,,,,,,,,,,,0.804477,0.626750,2.257938,,,,,,
71542,,,,,,,,,,,,,84.856796,92.808426,0.392940,0.453856,,,,,,,0.067161,0.156648,1.165039,-17.500000,-38.570000,86.519997
71552,,,,,,,,,,,,,85.866234,94.226082,0.381235,0.437417,,,,,,,0.116876,0.156648,1.165039,24.430000,-56.490002,86.029999
71549,,,,,,,,,,,,,,,,,,,,0.795731,0.637697,2.270196,,,,,,
71557,,,,,,,,,,,,,,,,,,,,0.786995,0.648445,2.288493,,,,,,
71562,,,,,,,,,,,,,86.774727,95.422798,0.370700,0.423540,,,,,,,0.098393,0.167506,0.871873,3.430000,5.110000,90.720001
71567,,,,0.752837,0.658207,2.289231,1.325359,1.325359,,,,,,,,,,,,,,,,,,,,
71568,,,,,,,,,,,91.768333,101.440842,,,,,0.029360,0.019372,0.002489,,,,,,,,,
71574,,,,,,,,,,,,,87.329765,96.038010,0.437466,0.489332,,,,,,,,,,,,
71570,,,,,,,,,,,,,,,,,,,,0.777585,0.659611,2.303677,,,,,,
71579,,,,,,,,,,,,,,,,,,,,,,,0.098393,0.167506,0.871873,-27.160000,24.150000,99.400002
71578,,,,,,,,,,,,,,,,,,,,0.767662,0.670816,2.318777,,,,,,
71582,,,,,,,,,,,,,88.262016,96.933014,0.426656,0.478954,,,,,,,,,,,,
71585,,,,,,,,,,,,,,,,,,,,,,,0.091317,0.319091,1.133014,-36.540001,20.230000,103.110001
71591,,,,,,,,,,,,,,,,,,,,,,,0.091317,0.319091,1.133014,-38.709999,-18.200001,99.260002
71592,,,,,,,,,,,,,89.592102,98.530212,0.411233,0.460434,,,,0.757423,0.681477,2.336763,,,,,,
71602,,,,,,,,,,,,,90.421112,98.978767,0.401620,0.455232,,,,,,,0.123830,0.210938,1.010709,21.910000,13.160000,95.900002
71600,,,,,,,,,,,,,,,,,,,,0.747141,0.692032,2.351859,,,,,,
71607,,,,,,,,,,,,,,,,,,,,0.736702,0.702596,2.369853,,,,,,
71612,,,,,,,,,,,,,,,,,,,,,,,0.123830,0.210938,1.010709,-8.470000,-41.369999,92.400002
71613,,,,,,,,,,,,,91.032951,99.835434,0.394526,0.445299,,,,,,,,,,,,
71617,,,,0.703886,0.710313,2.360738,1.395537,1.395537,,,,,,,,,,,,,,,,,,,,
71618,,,,,,,,,,,96.282112,105.667381,,,,,0.028774,0.017439,-0.006886,,,,,,,,,
71622,,,,,,,,,,,,,92.167183,101.370361,0.452700,0.494288,,,,,,,,,,,,
71621,,,,,,,,,,,,,,,,,,,,0.725849,0.713270,2.384728,,,,,,
71624,,,,,,,,,,,,,,,,,,,,,,,0.081801,0.224907,0.934764,-10.500000,6.510000,86.800003
71633,,,,,,,,,,,,,93.284859,102.011871,0.439739,0.486849,,,,,,,,,,,,
71628,,,,,,,,,,,,,,,,,,,,0.714943,0.723403,2.402675,,,,,,
71637,,,,,,,,,,,,,,,,,,,,,,,0.081801,0.224907,0.934764,7.840000,30.100000,94.150002
71636,,,,,,,,,,,,,,,,,,,,0.703588,0.733966,2.414463,,,,,,
71642,,,,,,,,,,,,,94.048248,102.635818,0.430887,0.479614,,,,,,,,,,,,
71643,,,,,,,,,,,,,,,,,,,,,,,0.091134,0.257969,1.125572,-8.470000,28.770000,90.860001
71652,,,,,,,,,,,,,95.615768,103.904808,0.412711,0.464899,,,,,,,0.091134,0.257969,1.125572,-10.430000,-24.080000,87.220001
71650,,,,,,,,,,,,,,,,,,,,0.691866,0.744296,2.429208,,,,,,
71657,,,,,,,,,,,,,,,,,,,,0.680007,0.754511,2.443952,,,,,,
71662,,,,,,,,,,,,,96.291954,104.905060,0.404870,0.453301,,,,,,,0.078629,0.222284,0.867786,-27.440001,-32.340000,81.129997
71667,,,,0.648742,0.761009,2.435663,1.464551,1.464551,,,,,,,,,,,,,,,,,,,,
71668,,,,,,,,,,,100.373550,109.881615,,,,,0.027779,0.015042,-0.008989,,,,,,,,,
71674,,,,,,,,,,,,,96.880974,105.527534,0.462693,0.512675,,,,,,,,,,,,
71671,,,,,,,,,,,,,,,,,,,,0.668146,0.764325,2.461731,,,,,,
71679,,,,,,,,,,,,,,,,,,,,0.655973,0.774472,2.479283,0.078629,0.238571,1.249097,-16.870001,-28.840000,84.489998
71682,,,,,,,,,,,,,98.149261,106.810608,0.447986,0.497797,,,,,,,,,,,,
71685,,,,,,,,,,,,,,,,,,,,,,,0.073261,0.238571,1.249097,-37.310001,25.410000,82.809998
71687,,,,,,,,,,,,,,,,,,,,0.643181,0.784215,2.490997,,,,,,
71692,,,,,,,,,,,,,99.009415,107.837074,0.438012,0.485895,,,,,,,0.073261,0.238571,1.249097,-12.880000,53.970001,72.239998
71702,,,,,,,,,,,,,99.451370,108.032166,0.432887,0.483633,,,,,,,0.095892,0.120963,0.700219,-7.910000,56.980000,87.290001
71701,,,,,,,,,,,,,,,,,,,,0.630492,0.794188,2.505546,,,,,,
71709,,,,,,,,,,,,,,,,,,,,0.616978,0.804384,2.519985,,,,,,
71712,,,,,,,,,,,,,100.342575,109.175117,0.422553,0.470379,,,,,,,0.095892,0.120963,0.700219,0.000000,43.259998,88.760002
71717,,,,0.587254,0.809403,2.513931,1.532188,1.532188,,,,,,,,,,,,,,,,,,,,
71718,,,,,,,,,,,104.287209,114.241608,,,,,0.026988,0.013114,-0.006847,,,,,,,,,
71716,,,,,,,,,,,,,,,,,,,,0.603602,0.814075,2.537367,,,,,,
71722,,,,,,,,,,,,,100.984901,110.129356,0.476948,0.528210,,,,,,,,,,,,
71724,,,,,,,,,,,,,,,,,,,,,,,0.116205,0.306159,1.081896,-13.230000,-35.070000,97.720001
71734,,,,,,,,,,,,,101.912674,110.980652,0.466190,0.518339,,,,,,,,,,,,
71730,,,,,,,,,,,,,,,,,,,,0.590023,0.823632,2.551733,,,,,,
71738,,,,,,,,,,,,,,,,,,,,,,,0.116205,0.306159,1.081896,27.580000,-76.860001,96.110001
71737,,,,,,,,,,,,,,,,,,,,0.576732,0.832920,2.569283,,,,,,
71742,,,,,,,,,,,,,103.609947,112.613632,0.446509,0.499404,,,,,,,,,,,,
71743,,,,,,,,,,,,,,,,,,,,,,,0.043493,0.282369,1.216706,-19.600000,-72.589996,98.000000
71752,,,,,,,,,,,,,104.171135,113.339996,0.440002,0.490981,,,,,,,0.043493,0.282369,0.857111,-29.260000,10.360000,98.699997
71751,,,,,,,,,,,,,,,,,,,,0.562917,0.841761,2.586651,,,,,,
71758,,,,,,,,,,,,,,,,,,,,0.548899,0.850451,2.603936,,,,,,
71762,,,,,,,,,,,,,104.787491,114.160675,0.432854,0.481465,,,,,,,0.113521,0.225517,0.857111,2.100000,12.670000,108.779999
71767,,,,0.519388,0.854539,2.595458,1.598247,1.598247,,,,,,,,,,,,,,,,,,,,
71768,,,,,,,,,,,108.548790,118.654755,,,,,0.027079,0.011495,-0.008592,,,,,,,,,
71766,,,,,,,,,,,,,,,,,,,,0.534146,0.859672,2.623946,,,,,,
71775,,,,,,,,,,,,,105.399231,114.966904,0.493102,0.541852,,,,,,,,,,,,
71779,,,,,,,,,,,,,,,,,,,,0.518856,0.868504,2.641123,0.090402,0.284199,1.006317,-23.030001,22.680000,111.650002
71782,,,,,,,,,,,,,106.088028,115.720551,0.485115,0.533113,,,,,,,,,,,,
71784,,,,,,,,,,,,,,,,,,,,,,,0.090402,0.284199,1.006317,61.740002,34.230000,110.320000
71787,,,,,,,,,,,,,,,,,,,,0.504146,0.877172,2.658192,,,,,,
71792,,,,,,,,,,,,,106.596230,116.802094,0.479222,0.520572,,,,,,,0.085339,0.292190,1.134173,66.360001,10.220000,115.570000
71802,,,,,,,,,,,,,107.837715,117.559151,0.464826,0.511793,,,,,,,0.085339,0.292190,1.134173,-21.559999,-4.060000,108.919998
71800,,,,,,,,,,,,,,,,,,,,0.488922,0.885840,2.678061,,,,,,
71808,,,,,,,,,,,,,,,,,,,,0.473157,0.893810,2.695145,,,,,,
71812,,,,,,,,,,,,,,,,,,,,,,,0.120353,0.334036,0.889807,-37.590000,5.600000,112.910004
71813,,,,,,,,,,,,,108.372505,118.627167,0.458625,0.499409,,,,,,,,,,,,
71817,,,,0.445239,0.895412,2.680151,1.662531,1.662531,,,,,,,,,,,,,,,,,,,,
71818,,,,,,,,,,,112.187584,122.330391,,,,,0.025552,0.010597,-0.012074,,,,,,,,,
71822,,,,,,,,,,,,,109.120811,119.542709,0.507448,0.546874,,,,0.457609,0.901454,2.717883,,,,,,
71824,,,,,,,,,,,,,,,,,,,,,,,0.120353,0.334036,0.889807,-24.709999,7.910000,115.779999
71834,,,,,,,,,,,,,109.976273,120.107407,0.497528,0.540326,,,,,,,,,,,,
71829,,,,,,,,,,,,,,,,,,,,0.441666,0.908952,2.737638,,,,,,
71838,,,,,,,,,,,,,,,,,,,,,,,0.060146,0.304939,0.964044,-26.879999,24.780001,109.620003
71837,,,,,,,,,,,,,,,,,,,,0.425238,0.916377,2.757386,,,,,,
71842,,,,,,,,,,,,,111.461243,121.387596,0.480309,0.525482,,,,,,,,,,,,
71843,,,,,,,,,,,,,,,,,,,,,,,0.060146,0.304939,0.964044,52.220001,9.100000,107.870003
71852,,,,,,,,,,,,,,,,,,,,,,,0.134200,0.331657,1.094157,-27.719999,28.840000,101.779999
71853,,,,,,,,,,,,,112.085739,122.471352,0.473067,0.512915,,,,,,,,,,,,
71851,,,,,,,,,,,,,,,,,,,,0.408648,0.924006,2.777041,,,,,,
71858,,,,,,,,,,,,,,,,,,,,0.391413,0.930931,2.793794,,,,,,
71862,,,,,,,,,,,,,112.805244,122.699715,0.464724,0.510267,,,,,,,0.134200,0.331657,1.094157,-40.180000,-14.840000,100.239998
71867,,,,0.365048,0.930989,2.767908,1.724855,1.724855,,,,,,,,,,,,,,,,,,,,
71868,,,,,,,,,,,116.182190,125.691368,,,,,0.024497,0.008973,-0.022077,,,,,,,,,
71872,,,,,,,,,,,,,113.681862,123.713211,0.517682,0.551624,,,,0.374576,0.937294,2.810759,,,,,,
71874,,,,,,,,,,,,,,,,,,,,,,,0.104066,0.350384,0.889502,27.090000,-32.830002,107.800003
71881,,,,,,,,,,,,,,,,,,,,,,,0.104066,0.350384,0.889502,-19.250000,-19.950001,103.389999
71882,,,,,,,,,,,,,114.587051,124.605354,0.507185,0.541279,,,,,,,,,,,,
71879,,,,,,,,,,,,,,,,,,,,0.357137,0.943616,2.827622,,,,,,
71894,,,,,,,,,,,,,114.971016,125.303741,0.502733,0.533181,,,,,,,,,,,,
71889,,,,,,,,,,,,,,,,,,,,0.357137,0.943616,2.827622,,,,,,
71897,,,,,,,,,,,,,,,,,,,,,,,0.033916,0.343247,1.011868,4.270000,-1.890000,100.309998
71896,,,,,,,,,,,,,,,,,,,,0.339999,0.949435,2.844397,,,,,,
71902,,,,,,,,,,,,,116.105850,126.135620,0.489574,0.523535,,,,,,,,,,,,
71904,,,,,,,,,,,,,,,,,,,,0.322152,0.955489,2.866845,0.033916,0.343247,1.011868,44.029999,-21.980000,84.419998
71912,,,,,,,,,,,,,117.018623,127.068268,0.478990,0.512720,,,,,,,0.107055,0.384666,1.227076,-38.009998,-27.299999,90.230003
71911,,,,,,,,,,,,,,,,,,,,0.304423,0.960989,2.877937,,,,,,
71917,,,,0.279214,0.960229,2.858617,1.785044,1.785044,,,,,,,,,,,,,,,,,,,,
71918,,,,,,,,,,,119.555893,129.661819,,,,,0.023742,0.007254,-0.017289,0.286237,0.965797,2.894710,,,,,,
71922,,,,,,,,,,,,,117.921738,127.522346,0.521828,0.570196,,,,,,,,,,,,
71924,,,,,,,,,,,,,,,,,,,,,,,0.107055,0.384666,0.793305,22.049999,14.350000,85.330002
71925,,,,,,,,,,,,,,,,,,,,0.268041,0.970934,2.911454,,,,,,
71934,,,,,,,,,,,,,118.721123,128.128738,0.512559,0.563164,,,,,,,,,,,,
71937,,,,,,,,,,,,,,,,,,,,,,,0.082533,0.232654,0.793305,-6.370000,22.889999,95.269997
71939,,,,,,,,,,,,,,,,,,,,0.248837,0.975680,2.922492,,,,,,
71942,,,,,,,,,,,,,119.373405,128.732040,0.504995,0.556168,,,,,,,,,,,,
71943,,,,,,,,,,,,,,,,,,,,,,,0.082533,0.232654,0.948916,-7.280000,21.700001,96.529999
71947,,,,,,,,,,,,,,,,,,,,0.230679,0.980104,2.942000,,,,,,
71952,,,,,,,,,,,,,120.314606,129.234955,0.494081,0.550337,,,,,,,0.113887,0.296582,0.948916,30.170000,-20.299999,78.330002
71962,,,,,,,,,,,,,120.844765,130.591721,0.487934,0.534604,,,,,,,0.113887,0.296582,1.176751,-49.630001,-48.790001,89.879997
71961,,,,,,,,,,,,,,,,,,,,0.211885,0.984382,2.955897,,,,,,
71967,,,,0.188302,0.982111,2.952160,1.842929,1.842929,,,,,,,,,,,,,,,,,,,,
71968,,,,,,,,,,,122.155884,133.727112,,,,,0.022423,0.006397,-0.004063,0.192880,0.987811,2.969825,,,,,,
71972,,,,,,,,,,,,,121.478279,131.376465,0.521673,0.589744,,,,,,,,,,,,
71974,,,,,,,,,,,,,,,,,,,,,,,0.060512,0.401868,1.176751,6.580000,13.790000,84.629997
71976,,,,,,,,,,,,,,,,,,,,0.173829,0.991521,2.986502,,,,,,
71982,,,,,,,,,,,,,122.447334,131.294525,0.510436,0.590694,,,,,,,0.053375,0.202398,0.786595,12.250000,52.639999,93.309998
71994,,,,,,,,,,,,,122.683998,132.585129,0.507691,0.575729,,,,,,,,,,,,
71989,,,,,,,,,,,,,,,,,,,,0.153347,0.995006,3.000283,,,,,,
71997,,,,,,,,,,,,,,,,,,,,0.134153,0.997900,3.019681,0.053375,0.202398,0.786595,-15.330000,32.830002,103.040001
72002,,,,,,,,,,,,,123.569565,133.212845,0.497423,0.568450,,,,,,,,,,,,
72003,,,,,,,,,,,,,,,,,,,,,,,0.056852,0.453657,1.354383,21.000000,-3.010000,105.980003
72012,,,,,,,,,,,,,124.041245,134.324814,0.491953,0.555556,,,,,,,0.056852,0.453657,1.354383,-16.379999,-63.070000,112.489998
72010,,,,,,,,,,,,,,,,,,,,0.113968,1.000671,3.036352,,,,,,
72017,,,,0.093049,0.995662,3.048409,1.898352,1.898352,,,,,,,,,,,,0.094986,1.002803,3.058554,,,,,,
72018,,,,,,,,,,,123.868317,137.522995,,,,,0.019976,0.007101,0.013428,,,,,,,,,
72022,,,,,,,,,,,,,125.171692,135.511047,0.505905,0.601783,,,,,,,,,,,,
72024,,,,,,,,,,,,,,,,,,,,,,,0.065453,0.198311,0.589931,5.600000,-29.260000,114.940002
72032,,,,,,,,,,,,,125.495575,135.787964,0.502149,0.598572,,,,,,,0.065453,0.198311,0.589931,28.559999,40.880001,133.279999
72031,,,,,,,,,,,,,,,,,,,,0.075191,1.004978,3.080809,,,,,,
72039,,,,,,,,,,,,,,,,,,,,0.054216,1.006856,3.102812,,,,,,
72042,,,,,,,,,,,,,125.516296,136.943573,0.501909,0.585172,,,,,,,0.065026,0.417850,1.172969,-27.790001,39.689999,142.729996
72046,,,,,,,,,,,,,,,,,,,,0.033429,1.007978,3.124892,,,,,,
72054,,,,,,,,,,,,,125.222481,137.639252,0.505316,0.577105,,,,,,,,,,,,
72057,,,,,,,,,,,,,,,,,,,,,,,0.065026,0.417850,1.172969,46.060001,-28.700001,151.619995
72056,,,,,,,,,,,,,,,,,,,,0.033429,1.007978,3.124892,,,,,,
72062,,,,,,,,,,,,,126.085625,139.296219,0.495307,0.557891,,,,,,,,,,,,
72063,,,,,,,,,,,,,,,,,,,,0.013209,1.009116,-3.130522,0.059292,0.501969,1.207861,-4.340000,-51.169998,154.910004
72067,,,,-0.005638,0.999984,-3.135955,1.951165,1.951165,,,,,,,,,,,,,,,,,,,,
72068,,,,,,,,,,,127.578270,139.858612,,,,,0.018739,0.008584,-0.006084,,,,,,,,,
72072,,,,,,,,,,,,,126.960571,140.273026,0.543786,0.583472,,,,,,,,,,,,
72071,,,,,,,,,,,,,,,,,,,,-0.007329,1.009540,-3.108410,,,,,,
72074,,,,,,,,,,,,,,,,,,,,,,,0.059292,0.501969,1.207861,-14.770000,-41.720001,155.820007
72078,,,,,,,,,,,,,,,,,,,,-0.026781,1.009836,-3.077904,,,,,,
72082,,,,,,,,,,,,,127.310341,140.667831,0.539730,0.578894,,,,,,,0.024278,0.318237,0.688568,25.340000,-36.470001,165.270004
72094,,,,,,,,,,,,,128.185303,141.765015,0.529584,0.566171,,,,,,,,,,,,
72092,,,,,,,,,,,,,,,,,,,,-0.047642,1.009690,-3.047459,,,,,,
72098,,,,,,,,,,,,,,,,,,,,,,,0.024278,0.318237,0.688568,-85.050003,49.279999,167.440002
72099,,,,,,,,,,,,,,,,,,,,-0.068400,1.008399,-3.019771,,,,,,
72102,,,,,,,,,,,,,128.586441,142.525299,0.524933,0.557355,,,,,,,,,,,,
72103,,,,,,,,,,,,,,,,,,,,,,,0.059109,0.434259,1.014918,38.919998,39.900002,151.130005
72107,,,,,,,,,,,,,,,,,,,,-0.089653,1.007742,-2.991958,,,,,,
72112,,,,,,,,,,,,,,,0.514065,0.553095,,,,,,,0.059109,0.434259,1.014918,-28.980000,-14.420000,157.990005
72113,,,,,,,,,,,,,129.523651,142.892654,,,,,,,,,,,,,,
72117,,,,-0.106688,0.994293,-3.034702,2.001226,2.001226,,,,,,,,,,,,,,,,,,,,
72118,,,,,,,,,,,132.130325,141.451569,,,,,0.018490,0.010314,-0.040574,,,,,,,,,
72122,,,,,,,,,,,,,129.706512,143.323792,0.583876,0.573268,,,,,,,,,,,,
72121,,,,,,,,,,,,,,,,,,,,-0.109702,1.005719,-2.964243,,,,,,
72124,,,,,,,,,,,,,,,,,,,,,,,0.061305,0.637633,1.176568,10.920000,-58.660000,145.110001
72129,,,,,,,,,,,,,,,,,,,,-0.130493,1.003351,-2.941994,,,,,,
72132,,,,,,,,,,,,,130.670654,144.179230,0.572696,0.563348,,,,,,,0.061305,0.637633,1.176568,10.290000,-41.230000,149.940002
72137,,,,,,,,,,,,,,,,,,,,-0.150616,1.000752,-2.908576,,,,,,
72142,,,,,,,,,,,,,132.045319,144.544708,0.556756,0.559110,,,,,,,0.029097,0.443531,0.937143,-54.880001,56.700001,143.919998
72155,,,,,,,,,,,,,133.168457,144.550766,0.543732,0.559040,,,,,,,,,,,,
72150,,,,,,,,,,,,,,,,,,,,-0.172040,0.997266,-2.891896,,,,,,
72158,,,,,,,,,,,,,,,,,,,,,,,0.029097,0.443531,0.937143,2.800000,67.550003,129.289993
72157,,,,,,,,,,,,,,,,,,,,-0.193293,0.993905,-2.863998,,,,,,
72162,,,,,,,,,,,,,132.968048,144.869583,0.546056,0.555343,,,,,,,,,,,,
72163,,,,,,,,,,,,,,,,,,,,,,,0.104188,0.253272,0.724497,-3.220000,45.360001,119.209999
72167,,,,-0.208879,0.977942,-2.931164,2.048404,2.048404,,,,,,,,,,,,,,,,,,,,
72168,,,,,,,,,,,136.178436,143.424911,,,,,0.018763,0.010633,-0.063291,,,,,,,,,
72172,,,,,,,,,,,,,133.459610,144.580246,0.604324,0.589881,,,,,,,,,,,,
72171,,,,,,,,,,,,,,,,,,,,-0.214107,0.989798,-2.844436,,,,,,
72174,,,,,,,,,,,,,,,,,,,,,,,0.060939,0.784765,1.452959,29.610001,2.660000,116.269997
72178,,,,,,,,,,,,,,,,,,,,-0.234881,0.985144,-2.821979,,,,,,
72182,,,,,,,,,,,,,134.398117,144.833328,0.593441,0.586946,,,,,,,0.060939,0.784765,1.452959,-66.570000,-15.050000,110.669998
72192,,,,,,,,,,,,,135.322098,145.729568,0.582727,0.576554,,,,-0.255132,0.979376,-2.808060,0.060939,0.333121,0.721813,14.490000,-21.980000,96.110001
72202,,,,,,,,,,,,,136.628357,145.927292,0.567580,0.574261,,,,,,,0.020435,0.333121,0.721813,21.280001,-10.500000,88.760002
72200,,,,,,,,,,,,,,,,,,,,-0.275067,0.974295,-2.788288,,,,,,
72214,,,,,,,,,,,,,137.536667,146.771896,0.557048,0.564467,,,,,,,,,,,,
72207,,,,,,,,,,,,,,,,,,,,-0.294375,0.968599,-2.771323,,,,,,
72217,,,,-0.310859,0.950456,-2.825496,2.092578,2.092578,,,,,,,,,,,,,,,,,,,,
72218,,,,,,,,,,,139.114334,148.082458,,,,,0.021093,0.010673,-0.048386,,,,,,,,,
72220,,,,,,,,,,,,,,,,,,,,,,,0.038735,0.404552,0.963922,-28.139999,7.560000,73.430000
72222,,,,,,,,,,,,,139.135666,146.906189,0.584899,0.636508,,,,,,,,,,,,
72221,,,,,,,,,,,,,,,,,,,,-0.315510,0.961864,-2.762969,,,,,,
72227,,,,,,,,,,,,,,,,,,,,,,,0.038735,0.404552,0.963922,3.430000,24.290001,75.110001
72228,,,,,,,,,,,,,,,,,,,,-0.336082,0.955307,-2.746035,,,,,,
72232,,,,,,,,,,,,,139.200134,146.844818,0.584151,0.637220,,,,,,,,,,,,
72233,,,,,,,,,,,,,,,,,,,,,,,0.115412,0.439200,0.970754,-21.700001,11.550000,77.279999
72236,,,,,,,,,,,,,,,,,,,,-0.356768,0.947879,-2.734742,,,,,,
72242,,,,,,,,,,,,,139.614197,147.579926,0.579350,0.628695,,,,,,,0.115412,0.439200,0.970754,10.080000,-65.379997,74.760002
72252,,,,,,,,,,,,,,,,,,,,,,,0.100284,0.510997,1.142835,-25.200001,-15.680000,71.610001
72249,,,,,,,,,,,,,,,,,,,,-0.376665,0.939864,-2.723410,,,,,,
72253,,,,,,,,,,,,,140.698578,148.481277,0.566776,0.618244,,,,,,,,,,,,
72257,,,,,,,,,,,,,,,,,,,,-0.395984,0.931921,-2.706298,,,,,,
72262,,,,,,,,,,,,,141.524597,149.766190,0.557198,0.603344,,,,,,,0.100284,0.510997,1.142835,5.740000,-13.440000,68.110001
72267,,,,-0.411171,0.911558,-2.717855,2.133634,2.133634,,,,,,,,,,,,,,,,,,,,
72268,,,,,,,,,,,139.921341,153.250931,,,,,0.021550,0.011665,-0.010284,,,,,,,,,
72274,,,,,,,,,,,,,,,0.569753,0.689557,,,,,,,,,,,,
72275,,,,,,,,,,,,,141.541580,149.374557,,,,,,,,,,,,,,
72270,,,,,,,,,,,,,,,,,,,,-0.417083,0.923019,-2.695093,,,,,,
72280,,,,,,,,,,,,,,,,,,,,,,,0.097722,0.213500,0.830881,-25.549999,-1.190000,92.260002
72278,,,,,,,,,,,,,,,,,,,,-0.437644,0.913904,-2.683746,,,,,,
72282,,,,,,,,,,,,,141.969833,150.848175,0.564787,0.672470,,,,,,,,,,,,
72286,,,,,,,,,,,,,,,,,,,,,,,0.097722,0.213500,0.830881,43.889999,-53.549999,82.669998
72292,,,,,,,,,,,,,142.543198,151.624344,0.558139,0.663469,,,,-0.457631,0.904674,-2.666653,0.085156,0.506849,1.224392,2.800000,-33.529999,91.910004
72302,,,,,,,,,,,,,143.337143,153.154892,0.548932,0.645722,,,,,,,0.085156,0.506849,1.224392,-40.950001,5.530000,98.629997
72300,,,,,,,,,,,,,,,,,,,,-0.477523,0.894955,-2.652393,,,,,,
72314,,,,,,,,,,,,,143.270020,153.843552,0.549711,0.637736,,,,,,,,,,,,
72307,,,,,,,,,,,,,,,,,,,,-0.496958,0.885086,-2.629449,,,,,,
72318,,,,-0.508282,0.861191,-2.608404,2.171469,2.171469,,,140.480072,157.223511,,,,,,,,,,,,,,,,
72319,,,,,,,,,,,,,,,,,0.021000,0.014546,0.015849,,,,,,,,,
72320,,,,,,,,,,,,,,,,,,,,,,,0.089853,0.215086,0.731695,-11.550000,-9.590000,121.519997
72322,,,,,,,,,,,,,143.075348,154.083908,0.560797,0.697723,,,,,,,,,,,,
72321,,,,,,,,,,,,,,,,,,,,-0.517911,0.874263,-2.612480,,,,,,
72326,,,,,,,,,,,,,,,,,,,,,,,0.089853,0.471286,1.128988,26.950001,16.730000,135.520004
72328,,,,,,,,,,,,,,,,,,,,-0.538189,0.863310,-2.583689,,,,,,
72332,,,,,,,,,,,,,,,,,,,,,,,0.128771,0.471286,1.128988,81.690002,-5.180000,138.039993
72333,,,,,,,,,,,,,143.752350,155.555038,0.552947,0.680665,,,,,,,,,,,,
72336,,,,,,,,,,,,,,,,,,,,-0.557935,0.852398,-2.563454,,,,,,
72342,,,,,,,,,,,,,144.046646,156.286758,0.549534,0.672180,,,,,,,0.128771,0.471286,1.128988,22.610001,-23.730000,146.580002
72352,,,,,,,,,,,,,144.149673,157.726898,0.548340,0.655481,,,,,,,0.064904,0.464454,0.882182,-28.350000,10.710000,168.770004
72350,,,,,,,,,,,,,,,,,,,,-0.577383,0.840376,-2.537451,,,,,,
72358,,,,,,,,,,,,,,,,,,,,-0.596108,0.828795,-2.505406,,,,,,
72362,,,,,,,,,,,,,144.270950,158.430954,0.546933,0.647317,,,,,,,0.064904,0.464454,0.882182,19.320000,-6.860000,197.259995
72367,,,,-0.600623,0.799532,-2.497313,2.205987,2.205987,,,,,,,,,,,,,,,,,,,,
72368,,,,,,,,,,,142.560806,159.453644,,,,,0.020690,0.020292,0.008688,,,,,,,,,
72375,,,,,,,,,,,,,144.022644,159.418869,0.582692,0.671101,,,,,,,,,,,,
72371,,,,,,,,,,,,,,,,,,,,-0.615873,0.815541,-2.476257,,,,,,
72380,,,,,,,,,,,,,,,,,,,,,,,0.057035,0.586515,1.296067,6.440000,-1.120000,191.100006
72379,,,,,,,,,,,,,,,,,,,,-0.634861,0.802894,-2.438013,,,,,,
72382,,,,,,,,,,,,,144.818741,160.136932,0.573461,0.662775,,,,,,,,,,,,
72386,,,,,,,,,,,,,,,,,,,,,,,0.044469,0.429806,0.811239,-68.250000,-40.529999,212.940002
72387,,,,,,,,,,,,,,,,,,,,-0.653303,0.789370,-2.405466,,,,,,
72392,,,,,,,,,,,,,144.968857,161.010101,0.571720,0.652650,,,,,,,0.044469,0.429806,0.811239,-25.760000,18.059999,209.509995
72402,,,,,,,,,,,,,146.146225,161.891647,0.558068,0.642428,,,,,,,0.044469,0.444080,0.902434,-7.210000,12.880000,216.229996
72400,,,,,,,,,,,,,,,,,,,,-0.672361,0.775114,-2.369770,,,,,,
72407,,,,,,,,,,,,,,,,,,,,-0.691057,0.760534,-2.333843,,,,,,
72412,,,,,,,,,,,,,,,0.559182,0.636000,,,,,,,0.071187,0.444080,0.902434,37.240002,-12.180000,218.610001
72413,,,,,,,,,,,,,146.050171,162.446014,,,,,,,,,,,,,,
72417,,,,-0.686628,0.727009,-2.384752,2.237101,2.237101,,,,,,,,,,,,,,,,,,,,
72418,,,,,,,,,,,147.175903,158.570221,,,,,0.020692,0.025597,-0.048127,,,,,,,,,
72422,,,,,,,,,,,,,146.330490,162.470352,0.628858,0.621758,,,,,,,,,,,,
72421,,,,,,,,,,,,,,,,,,,,-0.709476,0.745657,-2.294554,,,,,,
72424,,,,,,,,,,,,,,,,,,,,,,,0.077714,0.668194,1.178276,-4.480000,15.820000,222.179993
72434,,,,,,,,,,,,,146.732544,162.673630,0.624196,0.619401,,,,,,,,,,,,
72429,,,,,,,,,,,,,,,,,,,,-0.726920,0.730269,-2.260997,,,,,,
72437,,,,,,,,,,,,,,,,,,,,-0.744544,0.714412,-2.221059,0.077714,0.668194,1.178276,21.840000,-1.610000,208.250000
72442,,,,,,,,,,,,,148.028595,162.769424,0.609168,0.618290,,,,,,,,,,,,
72443,,,,,,,,,,,,,,,,,,,,,,,0.034160,0.466772,0.795745,13.860000,-24.500000,219.240005
72452,,,,,,,,,,,,,148.681671,163.229523,0.601595,0.612955,,,,,,,0.034160,0.466772,0.795745,-42.139999,-17.500000,189.350006
72451,,,,,,,,,,,,,,,,,,,,-0.760950,0.698869,-2.186935,,,,,,
72458,,,,,,,,,,,,,,,,,,,,-0.777422,0.682541,-2.152481,,,,,,
72462,,,,,,,,,,,,,149.975601,163.297684,0.586591,0.612164,,,,,,,0.061061,0.667340,1.196210,33.459999,-2.940000,185.850006
72467,,,,-0.764777,0.644296,-2.270898,2.264737,2.264737,,,,,,,,,,,,,,,,,,,,
72468,,,,,,,,,,,152.649979,157.512436,,,,,0.024056,0.030468,-0.112298,,,,,,,,,
72475,,,,,,,,,,,,,150.969086,163.047745,0.661571,0.598347,,,,,,,,,,,,
72472,,,,,,,,,,,,,,,,,,,,-0.793504,0.665564,-2.124085,,,,,,
72479,,,,,,,,,,,,,,,,,,,,-0.808980,0.648287,-2.085764,0.061061,0.421083,0.801601,3.640000,6.370000,179.199997
72482,,,,,,,,,,,,,152.264023,163.191818,0.646556,0.596677,,,,,,,,,,,,
72485,,,,,,,,,,,,,,,,,,,,,,,0.026901,0.421083,0.801601,13.300000,22.400000,177.100006
72487,,,,,,,,,,,,,,,,,,,,-0.824751,0.630181,-2.060161,,,,,,
72492,,,,,,,,,,,,,152.869293,162.590622,0.639537,0.603648,,,,,,,0.026901,0.421083,0.801601,11.130000,-15.330000,165.130005
72502,,,,,,,,,,,,,153.383835,161.563370,0.633571,0.615560,,,,,,,0.110959,0.733586,1.241777,16.379999,-3.710000,146.860001
72500,,,,,,,,,,,,,,,,,,,,-0.839948,0.612085,-2.030928,,,,,,
72512,,,,,,,,,,,,,153.998871,161.423355,0.626439,0.617183,,,,,,,0.110959,0.733586,1.241777,-39.200001,0.490000,143.360001
72510,,,,,,,,,,,,,,,,,,,,-0.854238,0.593579,-2.001445,,,,,,
72517,,,,-0.833638,0.552311,-2.155930,2.288825,2.288825,,,,,,,,,,,,-0.867686,0.574883,-1.978400,,,,,,
72518,,,,,,,,,,,156.275009,158.454102,,,,,0.027706,0.034978,-0.141160,,,,,,,,,
72522,,,,,,,,,,,,,154.963943,161.787933,0.672531,0.627836,,,,,,,,,,,,
72524,,,,,,,,,,,,,,,,,,,,,,,0.034221,0.597922,0.887367,11.620000,-26.600000,128.240005
72534,,,,,,,,,,,,,156.282043,161.561325,0.657247,0.630464,,,,,,,,,,,,
72531,,,,,,,,,,,,,,,,,,,,-0.880558,0.556219,-1.958461,,,,,,
72538,,,,,,,,,,,,,,,,,,,,,,,0.034221,0.597922,0.887367,24.639999,38.430000,116.760002
72542,,,,,,,,,,,,,157.766327,160.861099,0.640035,0.638583,,,,,,,,,,,,
72543,,,,,,,,,,,,,,,,,,,,,,,0.070638,0.513132,1.015772,3.710000,3.710000,118.300003
72541,,,,,,,,,,,,,,,,,,,,-0.880558,0.556219,-1.958461,,,,,,
72549,,,,,,,,,,,,,,,,,,,,-0.893636,0.536705,-1.935025,,,,,,
72552,,,,,,,,,,,,,158.593948,160.680908,0.630438,0.640673,,,,,,,0.070638,0.513132,1.015772,-72.169998,2.310000,118.160004
72557,,,,,,,,,,,,,,,,,,,,-0.905824,0.516981,-1.918153,,,,,,
72562,,,,,,,,,,,,,158.959457,160.715424,0.626200,0.640272,,,,,,,0.108641,0.583709,0.917318,6.860000,-4.970000,95.760002
72567,,,,-0.891916,0.452202,-2.040028,2.309306,2.309306,,,,,,,,,,,,,,,,,,,,
72568,,,,,,,,,,,165.308670,170.611359,,,,,0.052905,0.034525,-0.113639,,,,,,,,,
72564,,,,,,,,,,,,,,,,,,,,-0.917472,0.497187,-1.897793,,,,,,
72576,,,,,,,,,,,,,159.122894,160.600357,0.767054,0.833714,,,,,,,,,,,,
72572,,,,,,,,,,,,,,,,,,,,-0.928961,0.476814,-1.877251,,,,,,
72580,,,,,,,,,,,,,,,,,,,,,,,0.108641,0.560529,1.145946,52.500000,-18.059999,79.029999
72579,,,,,,,,,,,,,,,,,,,,-0.939995,0.455818,-1.863559,,,,,,
72582,,,,,,,,,,,,,160.124512,162.304733,0.755439,0.813951,,,,,,,,,,,,
72586,,,,,,,,,,,,,,,,,,,,,,,0.113094,0.560529,1.145946,9.590000,-15.960000,94.919998
72587,,,,,,,,,,,,,,,,,,,,-0.950540,0.434729,-1.849734,,,,,,
72592,,,,,,,,,,,,,162.312408,164.146851,0.730069,0.792590,,,,,,,0.113094,0.560529,1.145946,-16.240000,-0.350000,98.349998
72602,,,,,,,,,,,,,,,,,,,,,,,0.138287,0.484279,0.837835,17.639999,5.180000,101.430000
72603,,,,,,,,,,,,,164.027344,166.088913,0.710184,0.770071,,,,,,,,,,,,
72601,,,,,,,,,,,,,,,,,,,,-0.960437,0.413545,-1.832301,,,,,,
72608,,,,,,,,,,,,,,,,,,,,-0.969967,0.392048,-1.814763,,,,,,
72612,,,,,,,,,,,,,,,,,,,,,,,0.138287,0.513559,1.199382,36.540001,-26.320000,106.820000
72613,,,,,,,,,,,,,165.396637,167.701736,0.694306,0.751369,,,,,,,,,,,,
72617,,,,-0.938484,0.345322,-1.923378,2.326132,2.326132,,,,,,,,,,,,,,,,,,,,
72618,,,,,,,,,,,160.261978,167.448624,,,,,0.037472,0.040188,-0.103771,,,,,,,,,
72622,,,,,,,,,,,,,166.639740,169.176544,0.600144,0.684290,,,,-0.979566,0.370114,-1.797204,,,,,,
72624,,,,,,,,,,,,,,,,,,,,,,,0.277733,0.513559,1.199382,43.540001,-60.130001,133.350006
72635,,,,,,,,,,,,,168.352417,170.913284,0.580284,0.664152,,,,,,,,,,,,
72629,,,,,,,,,,,,,,,,,,,,-0.988111,0.348194,-1.772138,,,,,,
72637,,,,,,,,,,,,,,,,,,,,-0.996512,0.325381,-1.750694,0.128649,0.380091,0.793549,-27.299999,61.040001,134.679993
72642,,,,,,,,,,,,,169.111511,172.791763,0.571482,0.642370,,,,,,,,,,,,
72643,,,,,,,,,,,,,,,,,,,,,,,0.128649,0.380091,0.793549,-5.600000,119.559998,125.160004
72652,,,,,,,,,,,,,167.355072,172.051498,0.591849,0.650953,,,,,,,0.154208,0.372710,0.746091,4.900000,98.910004,123.269997
72651,,,,,,,,,,,,,,,,,,,,-1.005297,0.301558,-1.729087,,,,,,
72659,,,,,,,,,,,,,,,,,,,,-1.013220,0.278581,-1.703474,,,,,,
72662,,,,,,,,,,,,,165.776642,170.813614,0.610152,0.665308,,,,,,,0.154208,0.372710,0.746091,-16.520000,-2.310000,151.619995
72667,,,,-0.972429,0.233201,-1.806165,2.339260,2.339260,,,,,,,,,,,,,,,,,,,,
72668,,,,,,,,,,,161.061966,169.619415,,,,,0.039023,0.045019,-0.097527,,,,,,,,,
72666,,,,,,,,,,,,,,,,,,,,-1.020134,0.254981,-1.677575,,,,,,
72672,,,,,,,,,,,,,164.649765,170.603683,0.635860,0.702044,,,,,,,,,,,,
72674,,,,,,,,,,,,,,,,,,,,,,,0.071492,0.826794,1.160464,-6.650000,-24.010000,148.119995
72682,,,,,,,,,,,,,163.907227,170.987946,0.644470,0.697589,,,,,,,0.071492,0.826794,1.160464,16.379999,8.050000,152.320007
72680,,,,,,,,,,,,,,,,,,,,-1.026440,0.231233,-1.651375,,,,,,
72694,,,,,,,,,,,,,163.311310,170.680115,0.651380,0.701158,,,,,,,,,,,,
72688,,,,,,,,,,,,,,,,,,,,-1.032702,0.208076,-1.628672,,,,,,
72698,,,,,,,,,,,,,,,,,,,,,,,0.052948,0.545401,0.882609,-47.950001,11.130000,163.520004
72702,,,,,,,,,,,,,163.441864,171.697113,0.649867,0.689365,,,,-1.037848,0.185119,-1.597994,,,,,,
72703,,,,,,,,,,,,,,,,,,,,,,,0.052948,0.545401,0.882609,-37.939999,-40.250000,162.399994
72709,,,,,,,,,,,,,,,,,,,,-1.042468,0.160704,-1.574645,,,,,,
72712,,,,,,,,,,,,,,,,,,,,,,,0.072346,0.500505,0.907863,36.610001,10.850000,149.800003
72713,,,,,,,,,,,,,164.047531,172.033783,0.642843,0.685461,,,,,,,,,,,,
72717,,,,-0.993072,0.117506,-1.688575,2.348661,2.348661,,,,,,,,,,,,-1.047143,0.136637,-1.547482,,,,,,
72718,,,,,,,,,,,162.922531,170.501602,,,,,0.041764,0.048181,-0.109552,,,,,,,,,
72722,,,,,,,,,,,,,163.648117,172.155090,0.676875,0.697995,,,,,,,,,,,,
72724,,,,,,,,,,,,,,,,,,,,,,,0.072346,0.500505,0.907863,-48.160000,13.580000,163.660004
72732,,,,,,,,,,,,,163.817078,172.041107,0.674916,0.699317,,,,-1.050572,0.112716,-1.520576,0.127978,0.716933,1.198955,22.959999,-11.060000,150.009995
72742,,,,,,,,,,,,,164.671036,172.664139,0.665014,0.692092,,,,,,,0.127978,0.716933,1.198955,-28.980000,-33.810001,160.229996
72740,,,,,,,,,,,,,,,,,,,,-1.053539,0.087968,-1.490222,,,,,,
72753,,,,,,,,,,,,,165.828461,173.545639,0.651593,0.681871,,,,,,,,,,,,
72747,,,,,,,,,,,,,,,,,,,,-1.056174,0.064259,-1.456712,,,,,,
72758,,,,,,,,,,,,,,,,,,,,,,,0.078202,0.448533,0.757864,38.639999,-1.470000,161.139999
72762,,,,,,,,,,,,,166.436890,173.586441,0.644538,0.681398,,,,-1.058438,0.039547,-1.434582,,,,,,
72764,,,,,,,,,,,,,,,,,,,,,,,0.078202,0.448533,0.757864,-8.260000,20.090000,154.910004
72767,,,,-1.000000,0.000000,-1.570796,2.354310,2.354310,,,,,,,,,,,,,,,,,,,,
72768,,,,,,,,,,,165.146088,170.896744,,,,,0.045484,0.051281,-0.128630,,,,,,,,,
72769,,,,,,,,,,,,,,,,,,,,-1.059976,0.014474,-1.408873,,,,,,
72772,,,,,,,,,,,,,166.829758,172.845383,0.675119,0.696235,,,,,,,,,,,,
72774,,,,,,,,,,,,,,,,,,,,,,,0.161894,0.586576,1.151741,15.190000,7.140000,149.869995
72777,,,,,,,,,,,,,,,,,,,,-1.060898,-0.010188,-1.387193,,,,,,
72782,,,,,,,,,,,,,167.520508,173.646759,0.667109,0.686942,,,,,,,0.161894,0.586576,1.151741,-14.490000,14.280000,157.220001
72794,,,,,,,,,,,,,167.872559,173.491333,0.663027,0.688744,,,,,,,,,,,,
72790,,,,,,,,,,,,,,,,,,,,-1.061182,-0.035415,-1.362120,,,,,,
72798,,,,,,,,,,,,,,,,,,,,-1.061389,-0.059448,-1.333780,0.053924,0.383141,0.614270,39.410000,9.310000,156.029999
72802,,,,,,,,,,,,,167.517639,173.627899,0.667142,0.687161,,,,,,,,,,,,
72804,,,,,,,,,,,,,,,,,,,,,,,0.053924,0.849059,1.366827,-2.590000,14.420000,152.949997
72812,,,,,,,,,,,,,168.419479,173.560654,0.656685,0.687941,,,,,,,0.163480,0.849059,1.366827,-31.219999,-31.010000,148.119995
72811,,,,,,,,,,,,,,,,,,,,-1.060339,-0.085258,-1.309341,,,,,,
72817,,,,-0.993072,-0.117506,-1.453018,2.356194,2.356194,,,,,,,,,,,,,,,,,,,,
72818,,,,,,,,,,,165.849304,171.396835,,,,,0.047220,0.055309,-0.134720,,,,,,,,,
72820,,,,,,,,,,,,,,,,,,,,-1.058635,-0.109745,-1.281495,,,,,,
72823,,,,,,,,,,,,,169.126144,174.527145,0.659603,0.684636,,,,,,,,,,,,
72824,,,,,,,,,,,,,,,,,,,,,,,0.056303,0.263764,0.452986,-50.470001,-8.190000,139.440002
72827,,,,,,,,,,,,,,,,,,,,-1.057019,-0.133484,-1.253995,,,,,,
72832,,,,,,,,,,,,,169.190979,174.295547,0.658851,0.687321,,,,,,,0.056303,0.263764,0.452986,5.810000,5.810000,131.179993
72842,,,,,,,,,,,,,168.923111,173.783325,0.661957,0.693261,,,,,,,0.176595,0.829722,1.398364,-28.490000,20.790001,139.160004
72841,,,,,,,,,,,,,,,,,,,,-1.054774,-0.158691,-1.233586,,,,,,
72854,,,,,,,,,,,,,169.474548,174.035355,0.655563,0.690338,,,,,,,,,,,,
72849,,,,,,,,,,,,,,,,,,,,-1.051561,-0.183760,-1.209992,,,,,,
72858,,,,,,,,,,,,,,,,,,,,-1.047473,-0.208522,-1.183181,0.176595,0.829722,1.398364,-53.830002,-14.420000,143.080002
72862,,,,,,,,,,,,,169.620346,174.809021,0.653872,0.681367,,,,,,,,,,,,
72864,,,,,,,,,,,,,,,,,,,,,,,0.036112,0.257725,0.466467,37.169998,-7.490000,137.690002
72867,,,,-0.972429,-0.233201,-1.335428,2.354310,2.354310,,,,,,,,,,,,,,,,,,,,
72868,,,,,,,,,,,166.403503,171.720703,,,,,0.049200,0.059103,-0.140721,,,,,,,,,
72872,,,,,,,,,,,,,169.951141,174.316895,0.658794,0.692192,,,,,,,,,,,,
72871,,,,,,,,,,,,,,,,,,,,-1.044133,-0.232919,-1.159880,,,,,,
72874,,,,,,,,,,,,,,,,,,,,,,,0.036112,0.257725,0.466467,-11.410000,5.600000,167.509995
72879,,,,,,,,,,,,,,,,,,,,-1.039583,-0.256745,-1.133528,,,,,,
72882,,,,,,,,,,,,,169.580704,174.317398,0.663089,0.692186,,,,,,,0.162321,0.931531,1.402512,8.400000,-41.369999,109.339996
72886,,,,,,,,,,,,,,,,,,,,-1.034032,-0.281326,-1.113899,,,,,,
72892,,,,,,,,,,,,,169.879715,174.409058,0.659622,0.691123,,,,,,,0.162321,0.931531,1.402512,-12.880000,-6.720000,38.009998
72902,,,,,,,,,,,,,170.705688,175.061172,0.650044,0.683561,,,,,,,0.036417,0.235277,0.422242,-20.930000,-41.299999,25.690001
72900,,,,,,,,,,,,,,,,,,,,-1.028358,-0.304942,-1.084710,,,,,,
72913,,,,,,,,,,,,,170.096100,174.279724,0.657113,0.692623,,,,,,,,,,,,
72908,,,,,,,,,,,,,,,,,,,,-1.022070,-0.329395,-1.055797,,,,,,
72917,,,,-0.938484,-0.345322,-1.218214,2.348661,2.348661,,,,,,,,,,,,,,,,,,,,
72918,,,,,,,,,,,167.725174,171.851334,,,,,0.053288,0.063208,-0.155249,,,,,,,,,
72919,,,,,,,,,,,,,,,,,,,,,,,0.036417,0.235277,0.422242,35.910000,12.250000,76.510002
72922,,,,,,,,,,,,,170.687469,174.207565,0.671140,0.695524,,,,,,,,,,,,
72921,,,,,,,,,,,,,,,,,,,,-1.014959,-0.353451,-1.033379,,,,,,
72925,,,,,,,,,,,,,,,,,,,,,,,0.186416,0.816363,1.309792,-9.240000,4.970000,78.820000
72929,,,,,,,,,,,,,,,,,,,,-1.006808,-0.377726,-1.008009,,,,,,
72932,,,,,,,,,,,,,170.723984,174.748840,0.670717,0.689247,,,,,,,0.186416,0.816363,1.309792,-32.270000,17.780001,110.599998
72936,,,,,,,,,,,,,,,,,,,,-0.999153,-0.400786,-0.982816,,,,,,
72942,,,,,,,,,,,,,171.213577,174.600082,0.665040,0.690972,,,,,,,0.056913,0.409188,0.676917,-26.950001,-46.549999,162.119995
72954,,,,,,,,,,,,,170.569473,174.400757,0.672509,0.693283,,,,,,,,,,,,
72950,,,,,,,,,,,,,,,,,,,,-0.990501,-0.424018,-0.954665,,,,,,
72958,,,,,,,,,,,,,,,,,,,,-0.981276,-0.447449,-0.929823,0.056913,0.409188,0.676917,-0.280000,-27.650000,115.220001
72962,,,,,,,,,,,,,171.665833,175.559677,0.659796,0.679845,,,,,,,,,,,,
72963,,,,,,,,,,,,,,,,,,,,,,,0.150731,0.711626,1.189866,-19.879999,-8.610000,159.809998
72967,,,,-0.891916,-0.452202,-1.101564,2.339260,2.339260,,,,,,,,,,,,,,,,,,,,
72968,,,,,,,,,,,167.742889,171.791336,,,,,0.055324,0.067462,-0.160354,,,,,,,,,
72972,,,,,,,,,,,,,172.665756,175.388580,0.648481,0.680881,,,,,,,,,,,,
72971,,,,,,,,,,,,,,,,,,,,-0.971467,-0.470263,-0.905130,,,,,,
72974,,,,,,,,,,,,,,,,,,,,,,,0.150731,0.711626,1.189866,30.799999,25.270000,141.330002
72982,,,,,,,,,,,,,171.943481,175.280060,0.656856,0.682139,,,,,,,0.049288,0.363377,0.730780,-13.090000,33.740002,154.000000
72979,,,,,,,,,,,,,,,,,,,,-0.961331,-0.493505,-0.877520,,,,,,
72987,,,,,,,,,,,,,,,,,,,,-0.950268,-0.516396,-0.853154,,,,,,
72992,,,,,,,,,,,,,,,,,,,,,,,0.049288,0.363377,0.730780,39.900002,17.709999,144.550003
72993,,,,,,,,,,,,,171.566895,174.374298,0.661223,0.692642,,,,,,,,,,,,
73002,,,,,,,,,,,,,,,,,,,,,,,0.181292,0.831430,1.277889,-14.350000,-2.380000,158.199997
73003,,,,,,,,,,,,,171.833557,175.294800,0.658131,0.681968,,,,,,,,,,,,
73001,,,,,,,,,,,,,,,,,,,,-0.938993,-0.538680,-0.825856,,,,,,
73008,,,,,,,,,,,,,,,,,,,,-0.927215,-0.560478,-0.801750,,,,,,
73015,,,,,,,,,,,,,171.951584,174.863876,0.656762,0.686965,,,,,,,,,,,,
73018,,,,-0.833638,-0.552311,-0.985663,2.326132,2.326132,,,167.791077,170.688461,,,,,0.057256,0.071322,-0.174328,,,,,,,,,
73016,,,,,,,,,,,,,,,,,,,,-0.915228,-0.581825,-0.768804,,,,,,
73021,,,,,,,,,,,,,,,,,,,,,,,0.181292,0.831430,1.277889,-26.250000,-15.960000,156.729996
73022,,,,,,,,,,,,,170.852600,174.842560,0.670267,0.669785,,,,,,,,,,,,
73026,,,,,,,,,,,,,,,,,,,,,,,0.065697,0.463112,0.824232,59.009998,21.000000,148.820007
73032,,,,,,,,,,,,,,,,,,,,,,,0.065697,0.463112,1.093364,14.840000,5.600000,151.059998
73033,,,,,,,,,,,,,171.280701,174.637863,0.665303,0.672158,,,,,,,,,,,,
73030,,,,,,,,,,,,,,,,,,,,-0.902064,-0.603839,-0.747941,,,,,,
73038,,,,,,,,,,,,,,,,,,,,-0.888337,-0.624833,-0.721261,,,,,,
73042,,,,,,,,,,,,,,,,,,,,,,,0.148047,0.627446,1.093364,-55.720001,11.900000,162.470001
73043,,,,,,,,,,,,,172.130997,174.406387,0.655443,0.674842,,,,,,,,,,,,
73052,,,,,,,,,,,,,171.845490,173.760010,0.658754,0.682338,,,,,,,0.088389,0.466589,0.844545,21.139999,-19.180000,149.520004
73051,,,,,,,,,,,,,,,,,,,,-0.874912,-0.644975,-0.694709,,,,,,
73059,,,,,,,,,,,,,,,,,,,,-0.860821,-0.665491,-0.665345,,,,,,
73062,,,,,,,,,,,,,171.167084,173.320328,0.666620,0.687436,,,,,,,0.088389,0.466589,0.844545,-4.620000,-9.100000,148.679993
73067,,,,-0.764777,-0.644296,-0.870695,2.309306,2.309306,,,,,,,,,,,,,,,,,,,,
73068,,,,,,,,,,,168.284393,169.151306,,,,,0.060529,0.074300,-0.195207,,,,,,,,,
73066,,,,,,,,,,,,,,,,,,,,-0.846118,-0.685693,-0.639075,,,,,,
73075,,,,,,,,,,,,,171.736496,173.981308,0.667813,0.655482,,,,,,,,,,,,
73080,,,,,,,,,,,,,,,,,,,,-0.830894,-0.705032,-0.612876,0.111264,0.711382,1.119899,-36.959999,-14.350000,145.669998
73082,,,,,,,,,,,,,171.610596,173.499390,0.669273,0.661070,,,,,,,,,,,,
73085,,,,,,,,,,,,,,,,,,,,,,,0.111264,0.711382,1.119899,-7.630000,7.980000,145.669998
73088,,,,,,,,,,,,,,,,,,,,-0.815593,-0.724342,-0.583917,,,,,,
73092,,,,,,,,,,,,,,,,,,,,,,,0.069052,0.487878,0.922808,-25.900000,-12.390000,159.809998
73093,,,,,,,,,,,,,171.726593,173.315826,0.667928,0.663198,,,,,,,,,,,,
73096,,,,,,,,,,,,,,,,,,,,-0.798480,-0.743546,-0.560847,,,,,,
73102,,,,,,,,,,,,,172.227341,172.998474,0.662121,0.666878,,,,,,,0.069052,0.487878,0.922808,24.500000,-12.670000,135.240005
73109,,,,,,,,,,,,,,,,,,,,-0.782621,-0.761877,-0.537826,,,,,,
73112,,,,,,,,,,,,,,,,,,,,,,,0.136152,0.543693,0.947757,21.980000,-15.190000,145.740005
73113,,,,,,,,,,,,,172.160187,172.809021,0.662900,0.669075,,,,,,,,,,,,
73117,,,,-0.686628,-0.727009,-0.756841,2.288825,2.288825,,,,,,,,,,,,,,,,,,,,
73118,,,,,,,,,,,167.719208,167.623703,,,,,0.062319,0.077535,-0.207208,,,,,,,,,
73116,,,,,,,,,,,,,,,,,,,,-0.765508,-0.780335,-0.512045,,,,,,
73122,,,,,,,,,,,,,172.821381,172.151398,0.646302,0.652562,,,,,,,,,,,,
73125,,,,,,,,,,,,,,,,,,,,,,,0.136152,0.543693,0.947757,-14.770000,24.080000,137.130005
73134,,,,,,,,,,,,,172.706161,172.142441,0.647638,0.652665,,,,,,,,,,,,
73130,,,,,,,,,,,,,,,,,,,,-0.748177,-0.798090,-0.489173,,,,,,
73137,,,,,,,,,,,,,,,,,,,,,,,0.084912,0.492392,0.927871,21.490000,23.030001,125.300003
73138,,,,,,,,,,,,,,,,,,,,-0.730481,-0.815619,-0.466396,,,,,,
73142,,,,,,,,,,,,,171.717896,171.243591,0.659098,0.663088,,,,,,,,,,,,
73143,,,,,,,,,,,,,,,,,,,,,,,0.084912,0.492392,0.927871,-47.040001,-4.760000,124.529999
73152,,,,,,,,,,,,,,,,,,,,-0.712365,-0.832127,-0.443650,0.132431,0.726876,1.172786,-15.470000,-9.590000,125.160004
73153,,,,,,,,,,,,,171.440994,171.550552,0.662308,0.659529,,,,,,,,,,,,
73159,,,,,,,,,,,,,,,,,,,,-0.694686,-0.848106,-0.423806,,,,,,
73162,,,,,,,,,,,,,,,,,,,,,,,0.132431,0.726876,1.172786,24.780001,-33.180000,120.260002
73163,,,,,,,,,,,,,171.699936,170.694138,0.659306,0.669460,,,,,,,,,,,,
73167,,,,-0.600623,-0.799532,-0.644280,2.264737,2.264737,,,,,,,,,,,,-0.676144,-0.863927,-0.401196,,,,,,
73168,,,,,,,,,,,166.491043,166.566498,,,,,0.063671,0.081199,-0.209656,,,,,,,,,
73175,,,,,,,,,,,,,171.471909,170.625626,0.642543,0.653548,,,,,,,,,,,,
73180,,,,,,,,,,,,,,,,,,,,,,,0.085522,0.584746,1.021323,41.369999,-12.670000,106.120003
73182,,,,,,,,,,,,,171.278580,170.566513,0.644784,0.654234,,,,,,,,,,,,
73181,,,,,,,,,,,,,,,,,,,,-0.656771,-0.879908,-0.381490,,,,,,
73186,,,,,,,,,,,,,,,,,,,,,,,0.085522,0.471896,0.884073,-47.880001,39.759998,126.629997
73188,,,,,,,,,,,,,,,,,,,,-0.637829,-0.894569,-0.361815,,,,,,
73192,,,,,,,,,,,,,172.033661,170.907745,0.636029,0.650277,,,,,,,0.089914,0.471896,0.884073,-38.009998,-19.110001,117.949997
73196,,,,,,,,,,,,,,,,,,,,-0.617828,-0.909399,-0.342086,,,,,,
73202,,,,,,,,,,,,,,,,,,,,,,,0.089914,0.471896,0.884073,6.090000,19.530001,127.889999
73203,,,,,,,,,,,,,171.007324,170.059982,0.647930,0.660107,,,,,,,,,,,,
73212,,,,,,,,,,,,,,,,,,,,,,,0.140483,0.560407,1.049932,2.310000,-17.290001,109.199997
73213,,,,,,,,,,,,,170.756256,169.959152,0.650841,0.661276,,,,,,,,,,,,
73210,,,,,,,,,,,,,,,,,,,,-0.597154,-0.923765,-0.319611,,,,,,
73217,,,,-0.508282,-0.861191,-0.533188,2.237101,2.237101,,,,,,,,,,,,-0.576879,-0.937375,-0.302839,,,,,,
73218,,,,,,,,,,,164.066833,165.306168,,,,,0.062925,0.085464,-0.203671,,,,,,,,,
73222,,,,,,,,,,,,,170.850113,170.179443,0.611446,0.638806,,,,,,,,,,,,
73224,,,,,,,,,,,,,,,,,,,,,,,0.075945,0.468663,0.806115,-38.290001,-30.870001,110.180000
73234,,,,,,,,,,,,,170.531097,169.966797,0.615145,0.641272,,,,,,,,,,,,
73231,,,,,,,,,,,,,,,,,,,,-0.557016,-0.950207,-0.283249,,,,,,
73238,,,,,,,,,,,,,,,,,,,,-0.536076,-0.963318,-0.263716,0.075945,0.468663,0.806115,12.110000,17.360001,112.139999
73242,,,,,,,,,,,,,169.289276,168.814468,0.629545,0.654634,,,,,,,,,,,,
73243,,,,,,,,,,,,,,,,,,,,,,,0.103700,0.624823,1.162904,-39.270000,12.600000,116.900002
73252,,,,,,,,,,,,,168.278320,168.417114,0.641267,0.659242,,,,-0.513688,-0.975689,-0.246941,0.103700,0.624823,1.162904,31.920000,29.120001,105.629997
73262,,,,,,,,,,,,,,,,,,,,,,,0.103700,0.510753,0.858270,-32.130001,-17.570000,105.839996
73263,,,,,,,,,,,,,167.938217,168.571640,0.645211,0.657450,,,,,,,,,,,,
73259,,,,,,,,,,,,,,,,,,,,-0.492705,-0.987382,-0.224640,,,,,,
73267,,,,-0.411171,-0.911558,-0.423738,2.205987,2.205987,,,,,,,,,,,,-0.470947,-0.998443,-0.210719,,,,,,
73268,,,,,,,,,,,160.716827,163.976929,,,,,0.060804,0.090241,-0.190052,,,,,,,,,
73275,,,,,,,,,,,,,167.532318,168.065277,0.596981,0.642317,,,,,,,,,,,,
73279,,,,,,,,,,,,,,,,,,,,,,,0.046177,0.510753,0.858270,-23.309999,15.610000,106.610001
73282,,,,,,,,,,,,,167.658936,168.916367,0.595513,0.632448,,,,,,,,,,,,
73280,,,,,,,,,,,,,,,,,,,,-0.450066,-1.008990,-0.185637,,,,,,
73285,,,,,,,,,,,,,,,,,,,,,,,0.081130,0.539972,1.080066,56.560001,12.320000,96.040001
73288,,,,,,,,,,,,,,,,,,,,-0.426883,-1.019804,-0.174571,,,,,,
73292,,,,,,,,,,,,,166.631165,168.210861,0.607431,0.640629,,,,,,,0.081130,0.539972,1.080066,47.529999,15.750000,103.879997
73302,,,,,,,,,,,,,,,,,,,,-0.404934,-1.029391,-0.152366,0.085949,0.525088,0.912316,-20.719999,-18.549999,110.459999
73303,,,,,,,,,,,,,166.391113,168.254715,0.610214,0.640120,,,,,,,,,,,,
73309,,,,,,,,,,,,,,,,,,,,-0.382309,-1.038811,-0.138487,,,,,,
73312,,,,,,,,,,,,,166.117310,167.685349,0.613389,0.646723,,,,,,,0.085949,0.525088,0.912316,16.520000,-18.620001,115.709999
73317,,,,-0.310859,-0.950456,-0.316097,2.171469,2.171469,,,,,,,,,,,,,,,,,,,,
73318,,,,,,,,,,,156.448608,162.208099,,,,,0.057132,0.095350,-0.171750,,,,,,,,,
73316,,,,,,,,,,,,,,,,,,,,-0.360020,-1.047245,-0.113498,,,,,,
73322,,,,,,,,,,,,,164.531082,167.029480,0.564337,0.626377,,,,,,,,,,,,
73325,,,,,,,,,,,,,,,,,,,,,,,0.066673,0.588467,1.102453,71.889999,-32.270000,97.089996
73334,,,,,,,,,,,,,163.986572,167.017822,0.570651,0.626512,,,,,,,,,,,,
73330,,,,,,,,,,,,,,,,,,,,-0.337113,-1.055824,-0.099680,,,,,,
73337,,,,,,,,,,,,,,,,,,,,-0.314567,-1.063173,-0.083062,0.066673,0.588467,1.102453,43.750000,8.400000,110.809998
73342,,,,,,,,,,,,,163.603836,166.828690,0.575089,0.628705,,,,,,,,,,,,
73343,,,,,,,,,,,,,,,,,,,,,,,0.061122,0.466040,0.870897,6.930000,-6.440000,108.430000
73352,,,,,,,,,,,,,162.444168,166.739777,0.588536,0.629736,,,,,,,0.061122,0.466040,0.870897,-21.350000,25.830000,113.050003
73351,,,,,,,,,,,,,,,,,,,,-0.291753,-1.070692,-0.063676,,,,,,
73358,,,,,,,,,,,,,,,,,,,,-0.268372,-1.077311,-0.044284,,,,,,
73362,,,,,,,,,,,,,161.207016,166.456436,0.602881,0.633022,,,,,,,0.013176,0.539850,1.111298,12.180000,52.290001,112.910004
73367,,,,-0.208879,-0.977942,-0.210428,2.133634,2.133634,,,,,,,,,,,,,,,,,,,,
73368,,,,,,,,,,,152.471268,159.644653,,,,,0.054079,0.099847,-0.162235,,,,,,,,,
73372,,,,,,,,,,,,,160.905716,165.896820,0.543526,0.599004,,,,-0.244400,-1.083843,-0.024879,,,,,,
73374,,,,,,,,,,,,,,,,,,,,,,,0.013176,0.539850,1.111298,-20.090000,13.160000,119.139999
73382,,,,,,,,,,,,,160.009048,165.814423,0.553923,0.599959,,,,,,,0.035990,0.537959,1.003999,-21.000000,-27.510000,112.699997
73380,,,,,,,,,,,,,,,,,,,,-0.220943,-1.089277,-0.002779,,,,,,
73394,,,,,,,,,,,,,158.770401,165.074966,0.568286,0.608534,,,,,,,,,,,,
73388,,,,,,,,,,,,,,,,,,,,-0.197657,-1.094656,0.013850,,,,,,
73397,,,,,,,,,,,,,,,,,,,,,,,0.035990,0.537959,1.003999,-1.750000,-66.010002,121.940002
73402,,,,,,,,,,,,,157.586899,164.224747,0.582010,0.618392,,,,,,,,,,,,
73403,,,,,,,,,,,,,,,,,,,,,,,-0.003172,0.741211,1.235860,47.180000,-103.389999,122.779999
73401,,,,,,,,,,,,,,,,,,,,-0.175002,-1.098886,0.036029,,,,,,
73409,,,,,,,,,,,,,,,,,,,,-0.151862,-1.103146,0.055285,,,,,,
73412,,,,,,,,,,,,,157.221710,164.378799,0.586244,0.616606,,,,,,,-0.003172,0.741211,1.235860,35.000000,-62.790001,125.230003
73417,,,,-0.106688,-0.994293,-0.106891,2.092578,2.092578,,,,,,,,,,,,,,,,,,,,
73418,,,,,,,,,,,148.415268,156.040085,,,,,0.050574,0.103954,-0.160962,,,,,,,,,
73422,,,,,,,,,,,,,157.821762,164.424088,0.515194,0.559122,,,,,,,,,,,,
73424,,,,,,,,,,,,,,,,,,,,,,,0.009882,0.400038,0.815753,-31.150000,31.360001,125.930000
73416,,,,,,,,,,,,,,,,,,,,-0.129712,-1.106697,0.080102,,,,,,
73432,,,,,,,,,,,,,157.315384,163.936844,0.521066,0.564772,,,,,,,0.009882,0.400038,0.815753,-39.340000,61.529999,127.889999
73430,,,,,,,,,,,,,,,,,,,,-0.105526,-1.109807,0.102413,,,,,,
73438,,,,,,,,,,,,,,,,,,,,-0.081328,-1.112557,0.121849,,,,,,
73442,,,,,,,,,,,,,155.084457,162.318146,0.546935,0.583542,,,,,,,0.030012,0.298839,0.712419,14.000000,31.010000,135.660004
73453,,,,,,,,,,,,,153.771561,161.313202,0.562158,0.595195,,,,,,,,,,,,
73452,,,,,,,,,,,,,,,,,,,,-0.057002,-1.114371,0.149579,,,,,,
73458,,,,,,,,,,,,,,,,,,,,,,,0.030012,0.298839,0.712419,-29.330000,3.570000,125.790001
73459,,,,,,,,,,,,,,,,,,,,-0.033344,-1.115340,0.169052,,,,,,
73462,,,,,,,,,,,,,154.242386,160.587921,0.556699,0.603605,,,,,,,,,,,,
73464,,,,,,,,,,,,,,,,,,,,,,,0.015006,0.858758,1.199321,-20.860001,22.400000,128.169998
73467,,,,-0.005638,-0.999984,-0.005638,2.048404,2.048404,,,,,,,,,,,,-0.010026,-1.116207,0.191265,,,,,,
73468,,,,,,,,,,,144.127975,151.077393,,,,,0.045986,0.107242,-0.169583,,,,,,,,,
73472,,,,,,,,,,,,,153.474487,160.466751,0.497856,0.526590,,,,,,,,,,,,
73475,,,,,,,,,,,,,,,,,,,,,,,-0.047824,0.555832,0.883768,-14.000000,-16.730000,129.990005
73482,,,,,,,,,,,,,152.277985,159.776001,0.511730,0.534600,,,,,,,-0.047824,0.555832,0.883768,-21.770000,-53.549999,127.400002
73480,,,,,,,,,,,,,,,,,,,,0.013092,-1.116295,0.216269,,,,,,
73494,,,,,,,,,,,,,151.140076,158.829712,0.524925,0.545573,,,,,,,,,,,,
73488,,,,,,,,,,,,,,,,,,,,0.035362,-1.115965,0.235782,,,,,,
73498,,,,,,,,,,,,,,,,,,,,,,,-0.020130,0.612257,1.087325,59.500000,-85.330002,125.160004
73502,,,,,,,,,,,,,149.829926,157.673355,0.540117,0.558981,,,,0.058356,-1.115258,0.258092,,,,,,
73503,,,,,,,,,,,,,,,,,,,,,,,-0.020130,0.612257,1.087325,-34.439999,-77.349998,120.050003
73512,,,,,,,,,,,,,149.204590,157.418304,0.547368,0.561939,,,,,,,-0.049776,0.465735,0.942938,-0.140000,-9.380000,122.570000
73509,,,,,,,,,,,,,,,,,,,,0.080177,-1.113997,0.280437,,,,,,
73517,,,,0.093049,-0.995662,0.093184,2.001226,2.001226,,,,,,,,,,,,0.103349,-1.112078,0.300044,,,,,,
73518,,,,,,,,,,,141.120987,146.303452,,,,,0.044656,0.108067,-0.186751,,,,,,,,,
73522,,,,,,,,,,,,,148.933716,156.415298,0.502993,0.498132,,,,,,,,,,,,
73524,,,,,,,,,,,,,,,,,,,,,,,-0.049776,0.465735,0.942938,-9.520000,68.459999,122.080002
73532,,,,,,,,,,,,,147.773575,155.113266,0.516446,0.513230,,,,,,,0.017080,0.403393,0.870653,4.830000,73.779999,112.629997
73531,,,,,,,,,,,,,,,,,,,,0.126166,-1.109890,0.319622,,,,,,
73538,,,,,,,,,,,,,,,,,,,,0.149441,-1.107253,0.342065,,,,,,
73542,,,,,,,,,,,,,146.752777,154.049194,0.528283,0.525568,,,,,,,0.017080,0.403393,0.870653,13.300000,26.809999,103.320000
73546,,,,,,,,,,,,,,,,,,,,0.171752,-1.103439,0.356112,,,,,,
73553,,,,,,,,,,,,,146.092880,152.713257,0.535934,0.541060,,,,,,,,,,,,
73558,,,,,,,,,,,,,,,,,,,,,,,-0.041602,0.612318,1.058472,23.309999,20.930000,102.760002
73559,,,,,,,,,,,,,,,,,,,,0.194200,-1.099463,0.375823,,,,,,
73562,,,,,,,,,,,,,145.400436,152.255264,0.543964,0.546370,,,,,,,,,,,,
73563,,,,,,,,,,,,,,,,,,,,,,,-0.041602,0.612318,1.058472,10.640000,2.520000,102.760002
73567,,,,0.188302,-0.982111,0.189433,1.951165,1.951165,,,,,,,,,,,,0.216357,-1.095006,0.392716,,,,,,
73568,,,,,,,,,,,135.213348,140.788239,,,,,0.037182,0.109527,-0.182898,,,,,,,,,
73572,,,,,,,,,,,,,144.765244,151.654160,0.457977,0.466190,,,,,,,,,,,,
73574,,,,,,,,,,,,,,,,,,,,,,,-0.087535,0.576084,1.042429,-1.610000,-9.800000,82.459999
73582,,,,,,,,,,,,,143.989746,150.868240,0.466970,0.475303,,,,,,,-0.087535,0.576084,1.042429,26.250000,-40.320000,77.839996
73581,,,,,,,,,,,,,,,,,,,,0.237826,-1.090315,0.409687,,,,,,
73588,,,,,,,,,,,,,,,,,,,,0.258530,-1.085125,0.423831,,,,,,
73592,,,,,,,,,,,,,,,,,,,,,,,-0.053985,0.602619,1.101843,-40.389999,-62.790001,76.930000
73593,,,,,,,,,,,,,143.728943,149.516510,0.469994,0.490977,,,,,,,,,,,,
73596,,,,,,,,,,,,,,,,,,,,0.279899,-1.079043,0.435179,,,,,,
73602,,,,,,,,,,,,,142.735367,148.164047,0.481515,0.506660,,,,,,,-0.053985,0.602619,1.101843,36.189999,-27.440001,87.570000
73613,,,,,,,,,,,,,141.800507,147.377640,0.492356,0.515779,,,,,,,,,,,,
73610,,,,,,,,,,,,,,,,,,,,0.300349,-1.073579,0.455050,,,,,,
73617,,,,0.279214,-0.960229,0.282975,1.898352,1.898352,,,,,,,,,,,,0.322098,-1.066052,0.463515,,,,,,
73618,,,,,,,,,,,129.104996,136.003464,,,,,0.030281,0.109715,-0.167364,,,,,,,,,
73621,,,,,,,,,,,,,,,,,,,,,,,-0.076067,0.380884,0.766770,-61.950001,-7.140000,69.860001
73622,,,,,,,,,,,,,140.152191,146.798660,0.414945,0.446884,,,,,,,,,,,,
73626,,,,,,,,,,,,,,,,,,,,,,,-0.075335,0.636535,1.155157,50.330002,15.260000,63.279999
73632,,,,,,,,,,,,,138.936691,146.104980,0.429040,0.454928,,,,,,,-0.075335,0.636535,1.155157,-18.690001,17.709999,48.090000
73631,,,,,,,,,,,,,,,,,,,,0.342905,-1.059143,0.477771,,,,,,
73639,,,,,,,,,,,,,,,,,,,,0.363209,-1.050985,0.483417,,,,,,
73642,,,,,,,,,,,,,137.277634,144.410446,0.448278,0.474577,,,,,,,-0.075335,0.636535,1.155157,-5.530000,29.959999,62.860001
73646,,,,,,,,,,,,,,,,,,,,0.383464,-1.042657,0.494877,,,,,,
73657,,,,,,,,,,,,,136.321259,143.079742,0.459368,0.490007,,,,,,,,,,,,
73659,,,,,,,,,,,,,,,,,,,,,,,-0.135176,0.606218,1.057984,-15.190000,42.349998,70.209999
73662,,,,,,,,,,,,,135.123749,141.885239,0.473253,0.503858,,,,,,,,,,,,
73660,,,,,,,,,,,,,,,,,,,,0.402886,-1.034111,0.511973,,,,,,
73665,,,,,,,,,,,,,,,,,,,,,,,-0.169336,0.412116,0.779641,-16.520000,29.889999,76.019997
73667,,,,0.365048,-0.930989,0.373685,1.842929,1.842929,,,,,,,,,,,,,,,,,,,,
73668,,,,,,,,,,,120.668480,129.845291,,,,,0.017958,0.107293,-0.137601,0.422355,-1.025090,0.520522,,,,,,
73672,,,,,,,,,,,,,134.550522,141.337387,0.346588,0.412900,,,,,,,,,,,,
73674,,,,,,,,,,,,,,,,,,,,,,,-0.169336,0.412116,0.779641,54.320000,60.480000,71.050003
73682,,,,,,,,,,,,,133.749390,140.540833,0.355877,0.422137,,,,0.441717,-1.015915,0.537881,-0.169336,0.569374,1.049261,-48.790001,35.980000,58.169998
73692,,,,,,,,,,,,,131.967346,139.300888,0.376541,0.436515,,,,,,,-0.182207,0.569374,1.049261,9.450000,27.299999,70.070000
73689,,,,,,,,,,,,,,,,,,,,0.460328,-1.005819,0.540867,,,,,,
73697,,,,,,,,,,,,,,,,,,,,0.478670,-0.995866,0.558024,,,,,,
73702,,,,,,,,,,,,,,,,,,,,,,,-0.340014,0.429379,0.956663,-21.770000,19.600000,77.209999
73703,,,,,,,,,,,,,130.470276,138.741577,0.393901,0.443000,,,,,,,,,,,,
73714,,,,,,,,,,,,,129.713364,137.669617,0.402678,0.455431,,,,,,,,,,,,
73711,,,,,,,,,,,,,,,,,,,,0.496121,-0.985652,0.569466,,,,,,
73717,,,,0.445239,-0.895412,0.461441,1.785044,1.785044,,,,,,,,,,,,,,,,,,,,
73718,,,,,,,,,,,112.362747,123.467194,,,,,0.006355,0.102793,-0.107830,0.513103,-0.975830,0.584037,,,,,,
73720,,,,,,,,,,,,,,,,,,,,,,,-0.340014,0.429379,0.956663,-16.170000,-11.900000,96.040001
73722,,,,,,,,,,,,,128.880173,137.548492,0.281093,0.356049,,,,,,,,,,,,
73725,,,,,,,,,,,,,,,,,,,,,,,-0.270901,0.417057,0.958432,-37.869999,-20.650000,81.339996
73732,,,,,,,,,,,,,127.388870,136.306595,0.298385,0.370450,,,,0.529696,-0.965573,0.601336,-0.270901,0.417057,0.958432,-36.189999,-19.670000,65.730003
73741,,,,,,,,,,,,,,,,,,,,,,,-0.218807,0.346724,0.746579,25.410000,12.950000,107.379997
73742,,,,,,,,,,,,,125.447426,134.562195,0.320898,0.390677,,,,,,,,,,,,
73739,,,,,,,,,,,,,,,,,,,,0.546357,-0.954395,0.606995,,,,,,
73747,,,,,,,,,,,,,,,,,,,,0.562766,-0.943736,0.633352,,,,,,
73752,,,,,,,,,,,,,,,,,,,,,,,-0.218807,0.346724,0.746579,3.710000,14.840000,105.910004
73753,,,,,,,,,,,,,123.618576,133.352554,0.342104,0.404704,,,,,,,,,,,,
73762,,,,,,,,,,,,,121.627808,131.579498,0.365189,0.425264,,,,,,,-0.502091,0.374601,0.980453,8.820000,-3.430000,114.379997
73761,,,,,,,,,,,,,,,,,,,,0.579062,-0.932191,0.645255,,,,,,
73767,,,,0.519388,-0.854539,0.546134,1.724855,1.724855,,,,,,,,,,,,,,,,,,,,
73768,,,,,,,,,,,106.339355,117.277718,,,,,-0.000267,0.097535,-0.099792,,,,,,,,,
73785,,,,,,,,,,,,,120.252617,130.804825,0.285954,0.336441,,,,,,,,,,,,
73776,,,,,,,,,,,,,,,,,,,,0.608830,-0.910723,0.683078,,,,,,
73790,,,,,,,,,,,,,,,,,,,,0.623105,-0.899327,0.700838,-0.502091,0.301889,0.723460,-15.820000,-3.850000,110.599998
73792,,,,,,,,,,,,,118.417877,129.647049,0.307229,0.349866,,,,,,,,,,,,
73796,,,,,,,,,,,,,,,,,,,,,,,-0.354837,0.301889,0.925370,-0.630000,-20.790001,112.000000
73797,,,,,,,,,,,,,,,,,,,,0.636897,-0.888142,0.721304,,,,,,
73802,,,,,,,,,,,,,116.996201,127.529388,0.323714,0.374422,,,,,,,-0.220027,0.477142,0.925370,-47.040001,7.070000,125.790001
73807,,,,,,,,,,,,,,,,,,,,,,,-0.220027,0.477142,0.925370,-42.070000,4.970000,121.099998
73812,,,,,,,,,,,,,115.152908,126.243843,0.345089,0.389329,,,,,,,,,,,,
73813,,,,,,,,,,,,,,,,,,,,,,,-0.220027,0.477142,0.925370,-9.380000,-20.930000,110.739998
73811,,,,,,,,,,,,,,,,,,,,0.650613,-0.876054,0.739108,,,,,,
73817,,,,0.587254,-0.809403,0.627662,1.662531,1.662531,,,,,,,,,,,,,,,,,,,,
73818,,,,,,,,,,,102.578445,111.748726,,,,,-0.001662,0.091724,-0.110150,,,,,,,,,
73819,,,,,,,,,,,,,,,,,,,,0.663888,-0.864247,0.762782,,,,,,
73822,,,,,,,,,,,,,113.870667,124.845909,0.300528,0.318170,,,,,,,,,,,,
73824,,,,,,,,,,,,,,,,,,,,,,,-0.323483,0.338367,0.803797,15.540000,-0.490000,123.760002
73833,,,,,,,,,,,,,112.030182,123.172920,0.321869,0.337569,,,,,,,,,,,,
73832,,,,,,,,,,,,,,,,,,,,0.677320,-0.852084,0.780909,,,,,,
73837,,,,,,,,,,,,,,,,,,,,,,,-0.323483,0.338367,0.803797,-15.190000,0.420000,85.120003
73842,,,,,,,,,,,,,110.430328,121.099274,0.340420,0.361615,,,,,,,,,,,,
73843,,,,,,,,,,,,,,,,,,,,,,,-0.285541,0.440237,1.124718,-32.689999,-1.820000,94.709999
73840,,,,,,,,,,,,,,,,,,,,0.689952,-0.839936,0.798788,,,,,,
73847,,,,,,,,,,,,,,,,,,,,0.702061,-0.827557,0.807874,,,,,,
73852,,,,,,,,,,,,,109.554451,119.571198,0.350577,0.379334,,,,,,,-0.285541,0.440237,1.124718,-3.080000,-10.150000,95.830002
73862,,,,,,,,,,,,,108.586113,118.145721,0.361805,0.395863,,,,,,,-0.322690,0.193248,0.659288,-12.040000,-9.380000,82.320000
73861,,,,,,,,,,,,,,,,,,,,0.713756,-0.815552,0.825836,,,,,,
73867,,,,0.648742,-0.761009,0.705930,1.598247,1.598247,,,,,,,,,,,,,,,,,,,,
73868,,,,,,,,,,,98.371017,106.023567,,,,,-0.003726,0.084681,-0.117233,0.724913,-0.804009,0.844066,,,,,,
73874,,,,,,,,,,,,,,,0.301654,0.314044,,,,,,,,,,,,
73875,,,,,,,,,,,,,108.039848,117.399796,,,,,,,,,,,,,,
73876,,,,,,,,,,,,,,,,,,,,0.735553,-0.792258,0.856202,,,,,,
73879,,,,,,,,,,,,,,,,,,,,,,,-0.335866,0.364292,1.002352,-26.389999,-74.339996,66.360001
73882,,,,,,,,,,,,,107.529678,116.160820,0.307570,0.328411,,,,,,,,,,,,
73885,,,,,,,,,,,,,,,,,,,,,,,-0.335866,0.364292,1.002352,-21.629999,-89.459999,71.889999
73892,,,,,,,,,,,,,,,,,,,,,,,-0.335866,0.364292,1.062315,-2.100000,-80.360001,61.810001
73890,,,,,,,,,,,,,,,,,,,,0.745667,-0.780487,0.868318,,,,,,
73893,,,,,,,,,,,,,106.277046,115.068474,0.322095,0.341078,,,,,,,,,,,,
73897,,,,,,,,,,,,,,,,,,,,0.755749,-0.768401,0.877524,,,,,,
73902,,,,,,,,,,,,,105.556931,113.510429,0.330445,0.359144,,,,,,,-0.179096,0.302499,1.062315,26.180000,-60.900002,50.400002
73912,,,,,,,,,,,,,104.246597,111.510185,0.345640,0.382338,,,,,,,-0.133956,0.119682,0.544303,0.630000,3.780000,56.980000
73911,,,,,,,,,,,,,,,,,,,,0.765775,-0.756367,0.886784,,,,,,
73917,,,,0.703886,-0.710313,0.780854,1.532188,1.532188,,,,,,,,,,,,,,,,,,,,
73918,,,,,,,,,,,94.229660,102.037865,,,,,-0.003561,0.077112,-0.102960,0.775787,-0.744163,0.899110,,,,,,
73922,,,,,,,,,,,,,103.526398,110.767502,0.288550,0.327969,,,,,,,,,,,,
73924,,,,,,,,,,,,,,,,,,,,,,,-0.133956,0.119682,0.544303,1.890000,2.450000,50.680000
73926,,,,,,,,,,,,,,,,,,,,0.786264,-0.730992,0.905094,,,,,,
73934,,,,,,,,,,,,,102.312805,109.299927,0.302622,0.344986,,,,,,,,,,,,
73937,,,,,,,,,,,,,,,,,,,,,,,-0.158539,0.210450,1.167906,13.020000,32.060001,45.080002
73942,,,,,,,,,,,,,,,,,,,,,,,-0.158539,0.210450,1.167906,-19.670000,25.969999,54.180000
73943,,,,,,,,,,,,,101.287842,107.800217,0.314507,0.362376,,,,,,,,,,,,
73940,,,,,,,,,,,,,,,,,,,,0.796162,-0.718003,0.917432,,,,,,
73947,,,,,,,,,,,,,,,,,,,,0.805929,-0.704568,0.920506,,,,,,
73952,,,,,,,,,,,,,99.842972,107.076813,0.331261,0.370764,,,,,,,-0.250466,0.153415,0.929884,-5.460000,59.150002,61.669998
73962,,,,,,,,,,,,,98.932915,106.677803,0.341814,0.375391,,,,,,,-0.250466,0.153415,0.929884,9.940000,13.790000,45.080002
73961,,,,,,,,,,,,,,,,,,,,0.815576,-0.691666,0.933039,,,,,,
73967,,,,0.752837,-0.658207,0.852362,1.464551,1.464551,,,,,,,,,,,,,,,,,,,,
73968,,,,,,,,,,,87.595421,95.939445,,,,,-0.009760,0.070299,-0.083643,0.824456,-0.679901,0.942481,,,,,,
73972,,,,,,,,,,,,,98.970642,106.048927,0.236543,0.286317,,,,,,,,,,,,
73974,,,,,,,,,,,,,,,,,,,,,,,-0.238205,0.064965,0.744261,-13.440000,-43.610001,46.410000
73981,,,,,,,,,,,,,,,,,,,,,,,-0.238205,0.064965,0.744261,8.470000,-56.139999,61.110001
73982,,,,,,,,,,,,,98.063812,105.115028,0.247058,0.297146,,,,0.833111,-0.667972,0.948528,,,,,,
73994,,,,,,,,,,,,,96.511818,103.378105,0.265055,0.317287,,,,,,,,,,,,
73989,,,,,,,,,,,,,,,,,,,,0.841547,-0.656003,0.960915,,,,,,
73998,,,,,,,,,,,,,,,,,,,,,,,-0.236802,0.243634,1.212558,-35.349998,-24.990000,70.910004
73997,,,,,,,,,,,,,,,,,,,,0.849456,-0.644154,0.973453,,,,,,
74002,,,,,,,,,,,,,95.314026,102.373955,0.278944,0.328931,,,,,,,,,,,,
74003,,,,,,,,,,,,,,,,,,,,,,,-0.236802,0.243634,1.212558,-9.940000,2.660000,74.480003
74012,,,,,,,,,,,,,94.551994,101.596428,0.287780,0.337947,,,,,,,-0.295179,0.125843,0.718885,-21.629999,32.689999,78.050003
74010,,,,,,,,,,,,,,,,,,,,0.857703,-0.631818,0.985926,,,,,,
74017,,,,0.795837,-0.605511,0.920388,1.395537,1.395537,,,,,,,,,,,,,,,,,,,,
74018,,,,,,,,,,,82.244812,91.102264,,,,,-0.011860,0.066061,-0.066132,0.865645,-0.619693,1.001667,,,,,,
74022,,,,,,,,,,,,,93.037605,100.649994,0.220791,0.272485,,,,,,,,,,,,
74024,,,,,,,,,,,,,,,,,,,,,,,-0.295179,0.125843,0.718885,11.620000,44.799999,74.620003
74031,,,,,,,,,,,,,,,,,,,,,,,-0.286517,0.255163,1.170590,12.390000,38.220001,72.589996
74032,,,,,,,,,,,,,91.339111,99.376335,0.240486,0.287253,,,,0.873498,-0.607365,1.014351,,,,,,
74039,,,,,,,,,,,,,,,,,,,,0.881109,-0.594956,1.027212,,,,,,
74042,,,,,,,,,,,,,90.072350,97.892441,0.255175,0.304460,,,,,,,-0.286517,0.255163,1.170590,-45.849998,18.900000,82.180000
74054,,,,,,,,,,,,,88.704941,97.130203,0.271031,0.313299,,,,,,,,,,,,
74046,,,,,,,,,,,,,,,,,,,,0.888416,-0.582475,1.046157,,,,,,
74058,,,,,,,,,,,,,,,,,,,,,,,-0.289811,0.183549,0.809836,-1.540000,-14.350000,83.720001
74062,,,,,,,,,,,,,88.153862,96.665771,0.277421,0.318684,,,,,,,,,,,,
74060,,,,,,,,,,,,,,,,,,,,0.895026,-0.570912,1.062340,,,,,,
74063,,,,,,,,,,,,,,,,,,,,,,,-0.289811,0.183549,0.809836,-10.220000,-16.799999,87.919998
74067,,,,0.833207,-0.552962,0.984882,1.325359,1.325359,,,,,,,,,,,,,,,,,,,,
74068,,,,,,,,,,,77.598953,84.976204,,,,,-0.014008,0.062687,-0.078155,0.901357,-0.559562,1.075006,,,,,,
74072,,,,,,,,,,,,,87.319252,95.576721,0.213686,0.234509,,,,,,,,,,,,
74074,,,,,,,,,,,,,,,,,,,,,,,-0.396866,0.190503,0.971364,8.470000,-50.680000,93.589996
74081,,,,,,,,,,,,,,,,,,,,0.907491,-0.548147,1.091123,-0.396866,0.190503,0.971364,-16.730000,-50.610001,92.680000
74082,,,,,,,,,,,,,86.023773,94.609001,0.228707,0.245731,,,,,,,,,,,,
74094,,,,,,,,,,,,,84.877342,93.489502,0.242001,0.258712,,,,,,,,,,,,
74089,,,,,,,,,,,,,,,,,,,,0.913305,-0.537153,1.110586,,,,,,
74097,,,,,,,,,,,,,,,,,,,,0.919108,-0.525425,1.126927,-0.208498,0.278587,1.005951,-1.120000,-2.730000,85.610001
74102,,,,,,,,,,,,,83.525719,91.444756,0.257674,0.282422,,,,,,,,,,,,
74104,,,,,,,,,,,,,,,,,,,,,,,-0.344345,0.174582,1.025288,14.140000,-9.590000,75.669998
74112,,,,,,,,,,,,,81.755249,90.057861,0.278204,0.298504,,,,,,,-0.344345,0.174582,1.025288,-4.130000,-7.560000,72.660004
74110,,,,,,,,,,,,,,,,,,,,0.924543,-0.513861,1.133554,,,,,,
74117,,,,0.865326,-0.501209,1.045801,1.254240,1.254240,,,,,,,,,,,,,,,,,,,,
74118,,,,,,,,,,,73.777496,79.944405,,,,,-0.013267,0.058964,-0.087186,0.929873,-0.502407,1.153363,,,,,,
74122,,,,,,,,,,,,,81.110100,88.655975,0.225299,0.235248,,,,,,,,,,,,
74124,,,,,,,,,,,,,,,,,,,,,,,-0.183793,0.172874,0.787327,0.630000,10.640000,66.500000
74131,,,,,,,,,,,,,,,,,,,,,,,-0.183793,0.172874,0.787327,16.170000,3.010000,55.020000
74132,,,,,,,,,,,,,80.179436,87.613388,0.236090,0.247337,,,,0.935196,-0.490620,1.163358,,,,,,
74142,,,,,,,,,,,,,78.944298,86.292686,0.250412,0.262652,,,,,,,-0.321775,0.163785,1.052616,-12.880000,21.280001,51.869999
74139,,,,,,,,,,,,,,,,,,,,0.939999,-0.479041,1.170055,,,,,,
74153,,,,,,,,,,,,,78.635399,85.306801,0.253994,0.274084,,,,,,,,,,,,
74147,,,,,,,,,,,,,,,,,,,,0.944520,-0.468300,1.179949,,,,,,
74158,,,,,,,,,,,,,,,,,,,,,,,-0.321775,0.163785,1.052616,-11.270000,-27.930000,44.799999
74162,,,,,,,,,,,,,77.670952,84.562836,0.265178,0.282711,,,,,,,,,,,,
74160,,,,,,,,,,,,,,,,,,,,0.948758,-0.457631,1.189816,,,,,,
74163,,,,,,,,,,,,,,,,,,,,,,,-0.315980,0.142984,0.964044,-25.480000,-10.010000,42.070000
74167,,,,0.892616,-0.450818,1.103115,1.182410,1.182410,,,,,,,,,,,,,,,,,,,,
74168,,,,,,,,,,,68.924919,74.639687,,,,,-0.014512,0.054682,-0.084296,0.952373,-0.447431,1.196459,,,,,,
74172,,,,,,,,,,,,,77.459404,83.808556,0.190951,0.207632,,,,,,,,,,,,
74174,,,,,,,,,,,,,,,,,,,,,,,-0.315980,0.142984,0.964044,16.940001,-5.740000,37.169998
74176,,,,,,,,,,,,,,,,,,,,0.956276,-0.437069,1.203175,,,,,,
74182,,,,,,,,,,,,,76.653778,81.995956,0.200293,0.228651,,,,,,,-0.209535,0.064965,0.984662,5.530000,-24.780001,27.790001
74192,,,,,,,,,,,,,75.349640,80.415771,0.215415,0.246974,,,,,,,-0.209535,0.064965,0.984662,14.350000,-25.059999,40.599998
74189,,,,,,,,,,,,,,,,,,,,0.960287,-0.426798,1.206554,,,,,,
74197,,,,,,,,,,,,,,,,,,,,0.964142,-0.416544,1.213292,,,,,,
74202,,,,,,,,,,,,,74.046227,79.373573,0.230529,0.259059,,,,,,,-0.229909,0.061671,0.996557,-12.250000,-6.930000,38.709999
74213,,,,,,,,,,,,,73.263100,78.243736,0.239610,0.272160,,,,,,,,,,,,
74211,,,,,,,,,,,,,,,,,,,,0.967801,-0.405931,1.220034,,,,,,
74217,,,,0.915524,-0.402264,1.156808,1.110109,1.110109,,,,,,,,,,,,,,,,,,,,
74218,,,,,,,,,,,64.058083,70.361168,,,,,-0.014481,0.050427,-0.062864,0.971142,-0.395784,1.226810,,,,,,
74219,,,,,,,,,,,,,,,,,,,,,,,-0.229909,0.061671,0.996557,-9.100000,22.820000,28.139999
74222,,,,,,,,,,,,,72.501213,77.330605,0.171539,0.215140,,,,,,,,,,,,
74225,,,,,,,,,,,,,,,,,,,,,,,-0.238937,0.117730,0.891698,-1.890000,26.459999,24.080000
74226,,,,,,,,,,,,,,,,,,,,0.974693,-0.385122,1.230217,,,,,,
74232,,,,,,,,,,,,,70.963348,76.075310,0.189372,0.229696,,,,,,,-0.238937,0.117730,0.891698,-27.650000,30.799999,24.430000
74241,,,,,,,,,,,,,,,,,,,,,,,-0.157807,0.073200,1.124596,3.780000,28.139999,39.060001
74242,,,,,,,,,,,,,70.033821,74.335022,0.200150,0.249876,,,,,,,,,,,,
74239,,,,,,,,,,,,,,,,,,,,0.977926,-0.374836,1.237001,,,,,,
74254,,,,,,,,,,,,,68.596275,73.533920,0.216819,0.259165,,,,,,,,,,,,
74247,,,,,,,,,,,,,,,,,,,,0.981293,-0.364539,1.247159,,,,,,
74257,,,,,,,,,,,,,,,,,,,,,,,-0.157807,0.073200,1.124596,-24.430000,65.800003,51.029999
74262,,,,,,,,,,,,,67.793564,72.619881,0.226127,0.269764,,,,,,,-0.221918,0.032635,0.823195,4.130000,76.370003,52.009998
74261,,,,,,,,,,,,,,,,,,,,0.984555,-0.354219,1.253968,,,,,,
74267,,,,0.934508,-0.355942,1.206874,1.037585,1.037585,,,,,,,,,,,,,,,,,,,,
74268,,,,,,,,,,,58.504253,64.945854,,,,,-0.016840,0.047107,-0.048735,0.987625,-0.344150,1.264240,,,,,,
74272,,,,,,,,,,,,,67.006226,72.239410,0.147496,0.188603,,,,,,,,,,,,
74274,,,,,,,,,,,,,,,,,,,,,,,-0.221918,0.032635,1.222989,10.710000,8.820000,54.810001
74276,,,,,,,,,,,,,,,,,,,,0.990952,-0.334316,1.274523,,,,,,
74282,,,,,,,,,,,,,65.749756,71.194145,0.162066,0.200724,,,,,,,-0.282796,0.050447,1.222989,-4.270000,-16.309999,58.799999
74292,,,,,,,,,,,,,64.329994,70.036926,0.178529,0.214143,,,,,,,-0.282796,0.050447,1.222989,7.770000,-12.040000,79.519997
74289,,,,,,,,,,,,,,,,,,,,0.993930,-0.324813,1.281483,,,,,,
74297,,,,,,,,,,,,,,,,,,,,0.996553,-0.315270,1.298898,,,,,,
74302,,,,,,,,,,,,,,,0.193333,0.227265,,,,,,,-0.201422,0.104432,0.742309,-12.670000,47.110001,71.889999
74303,,,,,,,,,,,,,63.053326,68.905266,,,,,,,,,,,,,,
74313,,,,,,,,,,,,,62.050468,68.473862,0.204961,0.232267,,,,,,,,,,,,
74311,,,,,,,,,,,,,,,,,,,,0.998938,-0.306008,1.309234,,,,,,
74317,,,,0.950027,-0.312168,1.253323,0.965097,0.965097,,,,,,,,,,,,,,,,,,,,
74318,,,,,,,,,,,53.801674,59.246059,,,,,-0.018130,0.045639,-0.058501,1.001373,-0.296747,1.319878,,,,,,
74319,,,,,,,,,,,,,,,,,,,,,,,-0.201422,0.104432,1.061034,-0.770000,-7.560000,64.540001
74322,,,,,,,,,,,,,61.453350,68.178574,0.137576,0.145624,,,,,,,,,,,,
74325,,,,,,,,,,,,,,,,,,,,,,,-0.373564,0.136579,1.061034,4.620000,-29.889999,60.900002
74332,,,,,,,,,,,,,60.372734,66.572960,0.150106,0.164242,,,,1.003439,-0.288128,1.333852,-0.373564,0.131211,0.961421,-19.320000,-50.959999,64.680000
74342,,,,,,,,,,,,,59.014236,65.326653,0.165859,0.178694,,,,,,,-0.241743,0.131211,0.961421,-6.930000,-13.580000,66.570000
74340,,,,,,,,,,,,,,,,,,,,1.005333,-0.279474,1.344485,,,,,,
74347,,,,,,,,,,,,,,,,,,,,1.007108,-0.271139,1.358599,,,,,,
74352,,,,,,,,,,,,,58.115959,63.956062,0.176275,0.194587,,,,,,,-0.317261,0.072346,1.020774,0.490000,19.320000,62.509998
74362,,,,,,,,,,,,,56.796413,62.838512,0.191576,0.207545,,,,,,,-0.317261,0.072346,1.020774,-6.370000,41.860001,53.200001
74361,,,,,,,,,,,,,,,,,,,,1.008897,-0.262403,1.365830,,,,,,
74367,,,,0.962528,-0.271182,1.296175,0.892911,0.892911,,,,,,,,,,,,,,,,,,,,
74368,,,,,,,,,,,49.688904,54.125435,,,,,-0.017772,0.043627,-0.069806,1.010877,-0.253857,1.369395,,,,,,
74374,,,,,,,,,,,,,56.179710,62.195889,0.133738,0.134082,,,,,,,,,,,,
74376,,,,,,,,,,,,,,,,,,,,1.012033,-0.245548,1.376483,,,,,,
74379,,,,,,,,,,,,,,,,,,,,,,,-0.287920,0.099308,0.967826,-12.180000,-46.410000,39.410000
74382,,,,,,,,,,,,,55.470551,60.532562,0.141961,0.153369,,,,,,,,,,,,
74384,,,,,,,,,,,,,,,,,,,,,,,-0.287920,0.099308,0.967826,2.870000,-45.430000,40.110001
74392,,,,,,,,,,,,,54.229267,59.028183,0.156354,0.170813,,,,,,,-0.238449,0.038003,1.017053,2.030000,-31.570000,44.590000
74390,,,,,,,,,,,,,,,,,,,,1.013285,-0.237993,1.387202,,,,,,
74397,,,,,,,,,,,,,,,,,,,,1.014550,-0.230356,1.390892,,,,,,
74402,,,,,,,,,,,,,53.229301,57.810020,0.167950,0.184939,,,,,,,-0.238449,0.038003,1.017053,3.570000,6.580000,38.779999
74412,,,,,,,,,,,,,51.968887,56.375546,0.182565,0.201572,,,,,,,-0.271755,0.024461,0.949099,-2.170000,22.750000,32.200001
74411,,,,,,,,,,,,,,,,,,,,1.016124,-0.222820,1.401687,,,,,,
74417,,,,0.972438,-0.233163,1.335467,0.821304,0.821304,,,,,,,,,,,,,,,,,,,,
74418,,,,,,,,,,,45.429447,49.486675,,,,,-0.017192,0.041342,-0.067945,1.017412,-0.215240,1.408904,,,,,,
74422,,,,,,,,,,,,,51.524105,55.788830,0.120415,0.135075,,,,,,,,,,,,
74424,,,,,,,,,,,,,,,,,,,,,,,-0.271755,0.024461,0.949099,3.990000,22.400000,23.309999
74433,,,,,,,,,,,,,50.468727,54.531487,0.132653,0.149654,,,,,,,,,,,,
74432,,,,,,,,,,,,,,,,,,,,1.018507,-0.207658,1.412616,,,,,,
74437,,,,,,,,,,,,,,,,,,,,,,,-0.197030,0.059231,0.986004,3.010000,-3.430000,21.629999
74440,,,,,,,,,,,,,,,,,,,,1.019624,-0.200041,1.416247,,,,,,
74442,,,,,,,,,,,,,49.377220,53.424065,0.145310,0.162496,,,,,,,,,,,,
74443,,,,,,,,,,,,,,,,,,,,,,,-0.197030,0.059231,0.986004,-3.570000,-0.630000,24.780001
74447,,,,,,,,,,,,,,,,,,,,1.020592,-0.192965,1.419863,,,,,,
74452,,,,,,,,,,,,,48.471306,52.409039,0.155814,0.174265,,,,,,,-0.320006,0.009699,1.051884,1.120000,1.120000,24.920000
74462,,,,,,,,,,,,,47.675247,51.562748,0.165045,0.184079,,,,,,,-0.320006,0.009699,1.051884,-0.700000,-4.060000,29.330000
74461,,,,,,,,,,,,,,,,,,,,1.021604,-0.186167,1.423528,,,,,,
74467,,,,0.980157,-0.198224,1.371250,0.750560,0.750560,,,,,,,,,,,,,,,,,,,,
74468,,,,,,,,,,,40.547066,44.822838,,,,,-0.017830,0.039247,-0.050592,1.022463,-0.179378,1.427188,,,,,,
74474,,,,,,,,,,,,,46.784546,50.500195,0.098222,0.122702,,,,,,,,,,,,
74476,,,,,,,,,,,,,,,,,,,,1.023311,-0.172722,1.434552,,,,,,
74479,,,,,,,,,,,,,,,,,,,,,,,-0.258457,0.026291,1.007354,-2.310000,-16.940001,31.780001
74482,,,,,,,,,,,,,45.938473,49.064819,0.108033,0.139346,,,,,,,,,,,,
74484,,,,,,,,,,,,,,,,,,,,,,,-0.258457,0.038308,0.925187,-1.610000,-15.890000,32.130001
74491,,,,,,,,,,,,,,,,,,,,,,,-0.140605,0.038308,0.925187,2.310000,-11.480000,30.590000
74492,,,,,,,,,,,,,44.653400,48.374958,0.122935,0.147346,,,,,,,,,,,,
74490,,,,,,,,,,,,,,,,,,,,1.024116,-0.166341,1.441806,,,,,,
74497,,,,,,,,,,,,,,,,,,,,1.024918,-0.159801,1.445518,,,,,,
74502,,,,,,,,,,,,,44.055309,47.726955,0.129870,0.154860,,,,,,,-0.140605,0.038308,0.925187,-2.870000,39.900002,32.619999
74512,,,,,,,,,,,,,43.011158,46.640755,0.141977,0.167455,,,,,,,-0.323849,0.043737,1.064084,-7.560000,21.420000,35.419998
74511,,,,,,,,,,,,,,,,,,,,1.025536,-0.152929,1.445789,,,,,,
74517,,,,0.986053,-0.166429,1.403589,0.680973,0.680973,,,,,,,,,,,,,,,,,,,,
74518,,,,,,,,,,,36.053001,40.144753,,,,,-0.018036,0.037548,-0.042555,1.026244,-0.146724,1.449371,,,,,,
74522,,,,,,,,,,,,,41.866638,45.488285,0.084234,0.106896,,,,,,,,,,,,
74524,,,,,,,,,,,,,,,,,,,,,,,-0.252662,0.007503,0.965386,-3.640000,-8.400000,45.709999
74526,,,,,,,,,,,,,,,,,,,,1.027030,-0.140828,1.460409,,,,,,
74534,,,,,,,,,,,,,40.766190,44.736710,0.096995,0.115611,,,,,,,,,,,,
74537,,,,,,,,,,,,,,,,,,,,,,,-0.252662,0.007503,0.965386,12.810000,-22.260000,46.060001
74542,,,,,,,,,,,,,39.997387,43.338184,0.105909,0.131828,,,,,,,-0.267180,0.045933,1.039623,-7.630000,-3.990000,52.430000
74540,,,,,,,,,,,,,,,,,,,,1.027758,-0.135124,1.475242,,,,,,
74547,,,,,,,,,,,,,,,,,,,,1.028009,-0.129543,1.482774,,,,,,
74552,,,,,,,,,,,,,38.517235,42.408947,0.123073,0.142603,,,,,,,-0.267180,0.045933,1.039623,6.650000,33.810001,56.419998
74561,,,,,,,,,,,,,,,,,,,,,,,-0.242109,0.059658,0.917440,2.380000,45.919998,49.070000
74562,,,,,,,,,,,,,37.657288,41.514984,0.133044,0.152969,,,,,,,,,,,,
74560,,,,,,,,,,,,,,,,,,,,1.028630,-0.123604,1.490632,,,,,,
74567,,,,0.990461,-0.137792,1.432564,0.612846,0.612846,,,,,,,,,,,,1.029156,-0.117876,1.501989,,,,,,
74568,,,,,,,,,,,32.448200,35.603580,,,,,-0.016888,0.036907,-0.059052,,,,,,,,,
74574,,,,,,,,,,,,,36.482189,41.036423,0.089708,0.086759,,,,,,,,,,,,
74578,,,,,,,,,,,,,,,,,,,,,,,-0.242109,0.059658,0.917440,4.900000,-9.660000,40.950001
74582,,,,,,,,,,,,,35.911327,40.488289,0.096327,0.093115,,,,,,,,,,,,
74581,,,,,,,,,,,,,,,,,,,,1.029605,-0.112454,1.505769,,,,,,
74584,,,,,,,,,,,,,,,,,,,,,,,-0.226493,0.041419,1.001559,0.980000,-19.530001,38.360001
74589,,,,,,,,,,,,,,,,,,,,1.029826,-0.107481,1.517046,,,,,,
74592,,,,,,,,,,,,,35.030491,39.416512,0.106541,0.105543,,,,,,,-0.226493,0.041419,1.001559,-10.570000,-21.559999,29.750000
74596,,,,,,,,,,,,,,,,,,,,1.029821,-0.102515,1.520861,,,,,,
74602,,,,,,,,,,,,,34.317425,38.007824,0.114810,0.121878,,,,,,,-0.282430,0.060146,1.012295,-10.640000,9.800000,22.469999
74612,,,,,,,,,,,,,33.379688,37.047916,0.125683,0.133009,,,,,,,-0.282430,0.060146,1.012295,0.840000,1.820000,12.740000
74610,,,,,,,,,,,,,,,,,,,,1.029972,-0.097524,1.524750,,,,,,
74617,,,,0.993676,-0.112286,1.458273,0.546492,0.546492,,,,,,,,,,,,1.030085,-0.092803,1.528755,,,,,,
74618,,,,,,,,,,,28.575901,31.224010,,,,,-0.016304,0.035579,-0.063697,,,,,,,,,
74622,,,,,,,,,,,,,32.574890,36.222492,0.073826,0.073375,,,,,,,,,,,,
74624,,,,,,,,,,,,,,,,,,,,,,,-0.226371,0.024217,0.999546,-5.880000,-11.060000,12.950000
74633,,,,,,,,,,,,,32.111359,35.180450,0.079201,0.085458,,,,,,,,,,,,
74631,,,,,,,,,,,,,,,,,,,,1.030221,-0.088094,1.532353,,,,,,
74637,,,,,,,,,,,,,,,,,,,,,,,-0.226371,0.024217,0.999546,-6.510000,-22.260000,10.500000
74638,,,,,,,,,,,,,,,,,,,,1.030401,-0.083589,1.532292,,,,,,
74642,,,,,,,,,,,,,31.610472,33.536808,0.085009,0.104517,,,,,,,,,,,,
74643,,,,,,,,,,,,,,,,,,,,,,,-0.201971,-0.001647,0.988566,-8.260000,-2.240000,10.990000
74651,,,,,,,,,,,,,,,,,,,,,,,-0.201971,-0.001647,0.988566,4.410000,12.740000,8.680000
74652,,,,,,,,,,,,,30.445797,32.616436,0.098514,0.115189,,,,1.030403,-0.079388,1.536027,,,,,,
74662,,,,,,,,,,,,,29.785841,31.612217,0.106167,0.126834,,,,,,,-0.306464,-0.021289,0.998631,2.730000,13.510000,12.810000
74659,,,,,,,,,,,,,,,,,,,,1.030469,-0.074992,1.536137,,,,,,
74667,,,,0.995956,-0.089847,1.480828,0.482232,0.482232,,,,,,,,,,,,,,,,,,,,
74668,,,,,,,,,,,24.595613,27.123112,,,,,-0.015949,0.034010,-0.054121,,,,,,,,,
74666,,,,,,,,,,,,,,,,,,,,1.030636,-0.070933,1.536198,,,,,,
74672,,,,,,,,,,,,,29.095455,31.208405,0.051276,0.066714,,,,,,,,,,,,
74674,,,,,,,,,,,,,,,,,,,,,,,-0.306464,-0.021289,0.998631,4.830000,-33.529999,13.230000
74681,,,,,,,,,,,,,,,,,,,,,,,-0.231434,0.001708,0.976671,-10.290000,-34.720001,10.150000
74682,,,,,,,,,,,,,28.287006,30.608568,0.060651,0.073670,,,,,,,,,,,,
74680,,,,,,,,,,,,,,,,,,,,1.030773,-0.067049,1.539996,,,,,,
74693,,,,,,,,,,,,,,,0.069312,0.086601,,,,,,,,,,,,
74694,,,,,,,,,,,,,27.540035,29.493397,,,,,,,,,,,,,,
74688,,,,,,,,,,,,,,,,,,,,1.030739,-0.063687,1.539885,,,,,,
74697,,,,,,,,,,,,,,,,,,,,,,,-0.231434,0.001708,0.976671,-2.940000,-3.500000,18.059999
74702,,,,,,,,,,,,,26.361494,28.642916,0.082978,0.096463,,,,1.030644,-0.060033,1.539887,-0.271328,0.021106,1.044137,-0.210000,11.130000,16.520000
74712,,,,,,,,,,,,,25.558268,27.477856,0.092292,0.109972,,,,,,,-0.271328,0.021106,1.044137,3.360000,32.340000,16.870001
74709,,,,,,,,,,,,,,,,,,,,1.030644,-0.056433,1.547611,,,,,,
74717,,,,0.997520,-0.070379,1.500359,0.420396,0.420396,,,,,,,,,,,,1.030744,-0.052861,1.551603,,,,,,
74718,,,,,,,,,,,21.170198,23.463263,,,,,-0.014580,0.032836,-0.048612,,,,,,,,,
74722,,,,,,,,,,,,,24.824772,26.993254,0.046669,0.057759,,,,,,,,,,,,
74724,,,,,,,,,,,,,,,,,,,,,,,-0.237168,-0.003599,0.985150,0.490000,-12.600000,13.930000
74731,,,,,,,,,,,,,,,,,,,,1.030688,-0.049577,1.551544,-0.237168,-0.003599,0.985150,-2.590000,-25.549999,17.219999
74732,,,,,,,,,,,,,23.615185,25.439745,0.060695,0.075773,,,,,,,,,,,,
74738,,,,,,,,,,,,,,,,,,,,1.030899,-0.046625,1.555372,,,,,,
74741,,,,,,,,,,,,,,,,,,,,,,,-0.184281,0.014335,0.952027,-10.010000,-6.580000,24.709999
74742,,,,,,,,,,,,,23.201712,24.736897,0.065490,0.083923,,,,,,,,,,,,
74753,,,,,,,,,,,,,21.909636,24.156427,0.080472,0.090654,,,,,,,,,,,,
74752,,,,,,,,,,,,,,,,,,,,1.030851,-0.043595,1.563073,,,,,,
74757,,,,,,,,,,,,,,,,,,,,,,,-0.184281,0.014335,1.100684,6.930000,8.470000,20.090000
74762,,,,,,,,,,,,,21.511627,23.402079,0.085088,0.099401,,,,,,,,,,,,
74763,,,,,,,,,,,,,,,,,,,,,,,-0.269742,-0.018727,1.100684,1.400000,9.940000,20.370001
74760,,,,,,,,,,,,,,,,,,,,1.031052,-0.040754,1.563015,,,,,,
74767,,,,0.998554,-0.053758,1.517012,0.361324,0.361324,,,,,,,,,,,,1.031076,-0.037912,1.563075,,,,,,
74768,,,,,,,,,,,17.984253,19.972319,,,,,-0.013119,0.032391,-0.047187,,,,,,,,,
74772,,,,,,,,,,,,,20.384277,22.546003,0.047816,0.054165,,,,,,,,,,,,
74774,,,,,,,,,,,,,,,,,,,,,,,-0.184525,0.013420,0.960567,1.890000,0.000000,28.000000
74781,,,,,,,,,,,,,,,,,,,,1.031030,-0.035182,1.570892,-0.184525,0.013420,0.960567,1.680000,-5.320000,27.719999
74782,,,,,,,,,,,,,19.895725,21.714602,0.053481,0.063805,,,,,,,,,,,,
74794,,,,,,,,,,,,,19.058453,20.588854,0.063190,0.076859,,,,,,,,,,,,
74789,,,,,,,,,,,,,,,,,,,,1.030982,-0.032600,1.573958,,,,,,
74797,,,,,,,,,,,,,,,,,,,,,,,-0.193309,0.002684,1.022482,1.260000,11.830000,23.520000
74796,,,,,,,,,,,,,,,,,,,,1.030982,-0.029922,1.581651,,,,,,
74802,,,,,,,,,,,,,18.045658,20.003298,0.074934,0.083649,,,,,,,,,,,,
74803,,,,,,,,,,,,,,,,,,,,,,,-0.193309,0.002684,1.022482,-1.610000,22.680000,21.840000
74811,,,,,,,,,,,,,,,,,,,,,,,-0.241377,0.014335,0.994605,-0.350000,18.129999,16.660000
74812,,,,,,,,,,,,,17.359394,19.550497,0.082891,0.088899,,,,,,,,,,,,
74810,,,,,,,,,,,,,,,,,,,,1.030984,-0.027383,1.585303,,,,,,
74817,,,,0.999206,-0.039833,1.530953,0.305363,0.305363,,,,,,,,,,,,1.030923,-0.025254,1.585851,,,,,,
74818,,,,,,,,,,,14.964531,16.554937,,,,,-0.011876,0.031941,-0.052579,,,,,,,,,
74822,,,,,,,,,,,,,16.817759,18.661354,0.041455,0.045209,,,,,,,,,,,,
74824,,,,,,,,,,,,,,,,,,,,,,,-0.241377,0.014335,0.994605,3.570000,-28.840000,18.200001
74831,,,,,,,,,,,,,,,,,,,,1.030764,-0.023063,1.589640,-0.175009,-0.007015,0.978684,1.750000,-34.299999,12.600000
74832,,,,,,,,,,,,,16.322334,17.873535,0.047200,0.054344,,,,,,,,,,,,
74838,,,,,,,,,,,,,,,,,,,,1.030716,-0.021314,1.593409,,,,,,
74841,,,,,,,,,,,,,,,,,,,,,,,-0.175009,-0.007015,0.978684,0.840000,-22.889999,9.940000
74842,,,,,,,,,,,,,15.397692,17.257566,0.057921,0.061486,,,,,,,,,,,,
74854,,,,,,,,,,,,,14.729372,16.737709,0.065671,0.067514,,,,,,,,,,,,
74852,,,,,,,,,,,,,,,,,,,,1.030757,-0.019436,1.593770,,,,,,
74857,,,,,,,,,,,,,,,,,,,,,,,-0.224419,0.010431,1.013515,1.470000,4.760000,5.670000
74859,,,,,,,,,,,,,,,,,,,,1.030719,-0.017587,1.593512,,,,,,
74862,,,,,,,,,,,,,14.553035,16.242849,0.067716,0.073253,,,,,,,,,,,,
74863,,,,,,,,,,,,,,,,,,,,,,,-0.224419,0.010431,1.013515,3.570000,5.880000,2.590000
74867,,,,0.999596,-0.028429,1.542363,0.252871,0.252871,,,,,,,,,,,,1.030638,-0.015821,1.597379,,,,,,
74868,,,,,,,,,,,12.279099,13.617042,,,,,-0.010136,0.031364,-0.050312,,,,,,,,,
74872,,,,,,,,,,,,,13.883139,15.304948,0.033049,0.037704,,,,,,,,,,,,
74874,,,,,,,,,,,,,,,,,,,,,,,-0.172020,0.011895,1.013637,-1.120000,7.770000,-1.680000
74881,,,,,,,,,,,,,,,,,,,,1.030585,-0.013993,1.593186,-0.172020,0.011895,1.013637,0.070000,5.110000,-2.170000
74882,,,,,,,,,,,,,13.322121,14.518431,0.039554,0.046824,,,,,,,,,,,,
74888,,,,,,,,,,,,,,,,,,,,1.030507,-0.012329,1.597379,,,,,,
74891,,,,,,,,,,,,,,,,,,,,,,,-0.138409,-0.011163,1.010831,-1.050000,4.830000,-3.710000
74892,,,,,,,,,,,,,12.855868,13.862444,0.044961,0.054431,,,,,,,,,,,,
74896,,,,,,,,,,,,,,,,,,,,1.030437,-0.010549,1.597277,,,,,,
74901,,,,,,,,,,,,,,,,,,,,,,,-0.138409,-0.011163,1.010831,5.530000,32.270000,-4.970000
74902,,,,,,,,,,,,,11.912476,12.759409,0.055900,0.067221,,,,,,,,,,,,
74914,,,,,,,,,,,,,11.401048,12.113658,0.061830,0.074709,,,,,,,,,,,,
74910,,,,,,,,,,,,,,,,,,,,1.030324,-0.008955,1.593303,,,,,,
74917,,,,0.999813,-0.019351,1.551445,0.204215,0.204215,,,,,,,,,,,,1.030368,-0.007534,1.593064,,,,,,
74918,,,,,,,,,,,9.376749,10.561531,,,,,-0.009609,0.030739,-0.039450,,,,,,,,,
74919,,,,,,,,,,,,,,,,,,,,,,,-0.244732,0.004270,0.991677,1.960000,-2.660000,-2.660000
74922,,,,,,,,,,,,,11.635387,11.554129,0.013250,0.032914,,,,,,,,,,,,
74924,,,,,,,,,,,,,,,,,,,,,,,-0.183976,-0.019276,0.995215,-1.260000,-29.330000,-3.150000
74931,,,,,,,,,,,,,,,,,,,,1.030416,-0.006424,1.593512,-0.183976,-0.019276,0.995215,1.750000,-34.509998,-5.600000
74932,,,,,,,,,,,,,10.875409,10.807038,0.022063,0.041577,,,,,,,,,,,,
74939,,,,,,,,,,,,,,,,,,,,1.030261,-0.005521,1.593605,,,,,,
74942,,,,,,,,,,,,,10.234668,10.719190,0.029493,0.042596,,,,,,,-0.183976,-0.019276,0.995215,-3.780000,-10.290000,-1.260000
74946,,,,,,,,,,,,,,,,,,,,1.030189,-0.004641,1.593509,,,,,,
74954,,,,,,,,,,,,,9.520990,9.928667,0.037768,0.051763,,,,,,,,,,,,
74957,,,,,,,,,,,,,,,,,,,,,,,-0.204228,-0.000183,1.023458,2.100000,4.620000,8.260000
74962,,,,,,,,,,,,,8.681332,9.024351,0.047505,0.062249,,,,,,,-0.204228,-0.013359,1.005219,-3.290000,17.219999,1.330000
74960,,,,,,,,,,,,,,,,,,,,1.030001,-0.003707,1.593509,,,,,,
74967,,,,0.999923,-0.012379,1.558417,0.159769,0.159769,,,7.170489,8.148269,,,,,,,,,,,,,,,,
74968,,,,,,,,,,,,,,,,,-0.007928,0.030271,-0.032598,1.030005,-0.002683,1.597277,,,,,,
74972,,,,,,,,,,,,,7.875690,8.735526,0.021983,0.027464,,,,,,,,,,,,
74973,,,,,,,,,,,,,,,,,,,,,,,-0.188673,-0.013359,1.005219,1.190000,20.860001,-2.660000
74981,,,,,,,,,,,,,,,,,,,,1.029898,-0.001769,1.593303,-0.158661,0.009272,1.017724,-0.840000,10.220000,-5.600000
74982,,,,,,,,,,,,,7.728919,7.350070,0.023685,0.043529,,,,,,,,,,,,
74989,,,,,,,,,,,,,,,,,,,,1.029922,-0.000915,1.593301,,,,,,
74991,,,,,,,,,,,,,,,,,,,,,,,-0.158661,0.009272,1.017724,1.120000,-8.260000,-8.120000
74992,,,,,,,,,,,,,7.045377,6.726614,0.031611,0.050758,,,,,,,,,,,,
74996,,,,,,,,,,,,,,,,,,,,1.029850,-0.000342,1.589536,,,,,,
75001,,,,,,,,,,,,,,,,,,,,,,,-0.205143,-0.003843,0.987651,-3.360000,1.540000,-6.160000
75002,,,,,,,,,,,,,6.479639,6.763091,0.038172,0.050335,,,,,,,,,,,,
75013,,,,,,,,,,,,,5.928383,6.166880,0.044564,0.057249,,,,,,,,,,,,
75010,,,,,,,,,,,,,,,,,,,,1.029760,0.000159,1.585543,,,,,,
75017,,,,0.999974,-0.007277,1.563520,0.119919,0.119919,,,,,,,,,,,,1.030054,0.000529,1.589897,,,,,,
75018,,,,,,,,,,,5.036521,5.828904,,,,,-0.006868,0.029912,-0.022483,,,,,,,,,
75019,,,,,,,,,,,,,,,,,,,,,,,-0.205143,-0.003843,0.987651,-0.140000,-3.640000,-2.660000
75022,,,,,,,,,,,,,5.635020,5.188812,0.014245,0.031940,,,,,,,,,,,,
75024,,,,,,,,,,,,,,,,,,,,,,,-0.171227,-0.009394,1.014796,0.210000,-7.980000,-3.360000
75031,,,,,,,,,,,,,,,,,,,,1.030065,0.000883,1.589967,-0.171227,-0.009394,1.014796,0.490000,-9.170000,-8.120000
75032,,,,,,,,,,,,,5.285413,4.365866,0.018299,0.041483,,,,,,,,,,,,
75038,,,,,,,,,,,,,,,,,,,,1.029968,0.001179,1.589894,,,,,,
75042,,,,,,,,,,,,,4.447146,3.673439,0.028019,0.049512,,,,,,,-0.186233,-0.022875,1.013027,1.330000,4.130000,-22.750000
75051,,,,,,,,,,,,,,,,,,,,,,,-0.186233,-0.022875,1.013027,2.030000,19.389999,-12.600000
75052,,,,,,,,,,,,,3.741828,3.090831,0.036198,0.056267,,,,1.029958,0.001405,1.586085,,,,,,
75061,,,,,,,,,,,,,,,,,,,,,,,-0.206058,0.015799,0.999912,0.770000,-0.770000,0.980000
75062,,,,,,,,,,,,,3.148374,3.170767,0.043079,0.055341,,,,,,,,,,,,
75059,,,,,,,,,,,,,,,,,,,,1.029825,0.001511,1.582125,,,,,,
75067,,,,0.999993,-0.003784,1.567013,0.085059,0.085059,,,3.565463,4.147465,,,,,,,,1.029877,0.001613,1.582046,,,,,,
75068,,,,,,,,,,,,,,,,,-0.004864,0.029896,-0.017783,,,,,,,,,
75073,,,,,,,,,,,,,2.649041,3.143716,0.025624,0.029084,,,,,,,,,,,,
75078,,,,,,,,,,,,,,,,,,,,,,,-0.206058,0.003782,1.007049,-0.420000,-16.870001,5.670000
75082,,,,,,,,,,,,,2.228903,2.645122,0.030495,0.034866,,,,,,,,,,,,
75081,,,,,,,,,,,,,,,,,,,,1.029875,0.001356,1.582126,,,,,,
75084,,,,,,,,,,,,,,,,,,,,,,,-0.141764,0.003782,1.007049,-3.010000,-31.150000,16.799999
75089,,,,,,,,,,,,,,,,,,,,1.029894,0.001187,1.586085,,,,,,
75092,,,,,,,,,,,,,1.875399,2.225605,0.034595,0.039730,,,,,,,-0.141764,0.003782,1.007049,0.000000,-39.900002,13.930000
75096,,,,,,,,,,,,,,,,,,,,1.029932,0.000753,1.586205,,,,,,
75102,,,,,,,,,,,,,1.577960,1.872624,0.038044,0.043823,,,,,,,-0.102175,-0.019459,1.020835,0.000000,-46.689999,10.570000
75112,,,,,,,,,,,,,1.327695,2.131055,0.040946,0.040827,,,,,,,-0.102175,-0.019459,1.020835,0.350000,-50.119999,7.560000
75110,,,,,,,,,,,,,,,,,,,,1.029840,0.000389,1.586205,,,,,,
75117,,,,0.999999,-0.001621,1.569175,0.055590,0.055590,,,2.850131,3.226296,,,,,,,,1.029831,-0.000163,1.590085,,,,,,
75118,,,,,,,,,,,,,,,,,-0.001687,0.029871,-0.019264,,,,,,,,,
75122,,,,,,,,,,,,,1.117123,1.793070,0.032084,0.030190,,,,,,,,,,,,
75123,,,,,,,,,,,,,,,,,,,,,,,-0.121268,-0.009028,1.013576,0.770000,-49.000000,4.480000
75133,,,,,,,,,,,,,0.939947,1.508689,0.034138,0.033487,,,,,,,,,,,,
75130,,,,,,,,,,,,,,,,,,,,1.029944,-0.000717,1.594083,,,,,,
75137,,,,,,,,,,,,,,,,,,,,,,,-0.121268,-0.009028,1.013576,1.330000,7.140000,15.190000
75138,,,,,,,,,,,,,,,,,,,,1.029979,-0.000984,1.594142,,,,,,
75142,,,,,,,,,,,,,0.790871,1.269410,0.035867,0.036262,,,,,,,-0.065575,-0.003538,1.004609,-2.100000,10.360000,18.969999
75151,,,,,,,,,,,,,,,,,,,,,,,-0.065575,-0.003538,1.004609,-1.190000,9.030000,17.920000
75152,,,,,,,,,,,,,0.665439,1.068082,0.037321,0.038596,,,,1.029979,-0.000891,1.597948,,,,,,
75161,,,,,,,,,,,,,,,,,,,,,,,-0.013115,-0.010675,1.021506,1.050000,-3.920000,6.720000
75162,,,,,,,,,,,,,0.559900,0.898684,0.038545,0.040561,,,,,,,,,,,,
75159,,,,,,,,,,,,,,,,,,,,1.030024,-0.000948,1.601806,,,,,,
75167,,,,1.000000,-0.000488,1.570309,0.031924,0.031924,,,2.407436,2.605878,,,,,,,,1.029998,-0.001021,1.601833,,,,,,
75168,,,,,,,,,,,,,,,,,0.001228,0.029985,-0.030375,,,,,,,,,
75174,,,,,,,,,,,,,0.471100,0.756153,0.032579,0.032410,,,,,,,,,,,,
75178,,,,,,,,,,,,,,,,,,,,,,,-0.025498,-0.003233,1.018944,1.120000,-4.970000,0.420000
75182,,,,,,,,,,,,,0.396383,0.636227,0.033446,0.033800,,,,,,,,,,,,
75183,,,,,,,,,,,,,,,,,,,,,,,-0.025498,-0.003233,1.018944,0.770000,-0.350000,-0.700000
75181,,,,,,,,,,,,,,,,,,,,1.029988,-0.001139,1.601865,,,,,,
75189,,,,,,,,,,,,,,,,,,,,1.029962,-0.001126,1.601865,,,,,,
75192,,,,,,,,,,,,,0.333517,0.535321,0.034175,0.034970,,,,,,,-0.031537,-0.004514,1.010648,0.560000,5.880000,0.070000
75196,,,,,,,,,,,,,,,,,,,,1.029984,-0.001016,1.601806,,,,,,
75202,,,,,,,,,,,,,0.280621,0.450419,0.034788,0.035955,,,,,,,-0.031537,-0.004514,1.010648,0.630000,3.150000,-1.820000
75211,,,,,,,,,,,,,,,,,,,,,,,-0.070760,-0.008479,1.022604,0.910000,-1.820000,-3.640000
75212,,,,,,,,,,,,,0.236115,0.378982,0.035304,0.036783,,,,,,,,,,,,
75210,,,,,,,,,,,,,,,,,,,,1.029982,-0.000993,1.601833,,,,,,
75217,,,,1.000000,-0.000062,1.570734,0.014482,0.014482,,,1.538965,1.628497,,,,,0.001844,0.029942,-0.031003,,,,,,,,,
75218,,,,,,,,,,,,,,,,,,,,1.030009,-0.000964,1.601806,,,,,,
75222,,,,,,,,,,,,,0.198667,0.318876,0.022015,0.022036,,,,,,,,,,,,
75223,,,,,,,,,,,,,,,,,,,,,,,-0.070760,-0.008479,1.022604,0.700000,0.280000,-0.560000
75233,,,,,,,,,,,,,0.167158,0.268302,0.022380,0.022622,,,,,,,,,,,,
75232,,,,,,,,,,,,,,,,,,,,1.030019,-0.000975,1.601806,,,,,,
75237,,,,,,,,,,,,,,,,,,,,,,,-0.066856,-0.005368,1.014247,0.700000,0.840000,-0.070000
75242,,,,,,,,,,,,,0.140647,0.225749,0.022688,0.023116,,,,,,,-0.066856,-0.005368,1.014247,0.630000,-0.280000,-0.280000
75240,,,,,,,,,,,,,,,,,,,,1.029989,-0.000952,1.601806,,,,,,
75247,,,,,,,,,,,,,,,,,,,,1.029995,-0.000972,1.601806,,,,,,
75251,,,,,,,,,,,,,,,,,,,,,,,-0.059719,-0.006832,1.015711,0.700000,-0.350000,-0.280000
75252,,,,,,,,,,,,,0.118340,0.189945,0.022946,0.023531,,,,,,,,,,,,
75261,,,,,,,,,,,,,,,,,,,,1.029995,-0.000973,1.601806,-0.059719,-0.006832,1.015711,0.630000,0.630000,-0.070000
75262,,,,,,,,,,,,,0.099571,0.159820,0.023164,0.023880,,,,,,,,,,,,
75267,,,,1.000000,-0.000000,1.570796,0.003695,0.003695,,,0.889820,0.912665,,,,,0.001903,0.029950,-0.031004,,,,,,,,,
75274,,,,,,,,,,,,,0.083779,0.134473,0.013089,0.012863,,,,,,,,,,,,
75268,,,,,,,,,,,,,,,,,,,,1.029977,-0.001010,1.601833,,,,,,
75278,,,,,,,,,,,,,,,,,,,,,,,-0.056486,-0.006405,1.014430,0.770000,0.350000,-0.350000
75282,,,,,,,,,,,,,0.070492,0.113145,0.013243,0.013110,,,,1.029998,-0.000974,1.601806,,,,,,
75283,,,,,,,,,,,,,,,,,,,,,,,-0.056486,-0.006405,1.014430,0.630000,0.630000,-0.140000
75291,,,,,,,,,,,,,,,,,,,,,,,-0.060512,-0.005978,1.015955,0.700000,-0.070000,-0.280000
75292,,,,,,,,,,,,,0.059312,0.095200,0.013373,0.013318,,,,,,,,,,,,
75290,,,,,,,,,,,,,,,,,,,,1.030012,-0.000958,1.601806,,,,,,
75298,,,,,,,,,,,,,,,,,,,,1.030015,-0.000962,1.601806,,,,,,
75302,,,,,,,,,,,,,0.049905,0.080102,0.013482,0.013493,,,,,,,-0.060512,-0.005978,1.015955,0.700000,0.140000,-0.280000
75311,,,,,,,,,,,,,,,,,,,,,,,-0.059048,-0.005612,1.015223,0.630000,0.350000,-0.210000
75312,,,,,,,,,,,,,0.041990,0.067397,0.013574,0.013640,,,,1.030009,-0.000967,1.601806,,,,,,
75317,,,,1.000000,-0.000000,1.570796,0.003695,0.003695,,,,,,,,,,,,,,,,,,,,
75318,,,,,,,,,,,0.888048,0.910895,,,,,0.001898,0.029964,-0.031009,,,,,,,,,
75322,,,,,,,,,,,,,0.035330,0.056708,0.013623,0.013736,,,,,,,,,,,,
