ts,x,y,yaw,x_des,y_des,yaw_des,v_ff,w_ff,v_actual,w_actual,omega_l_cmd,omega_r_cmd,omega_l_meas,omega_r_meas,duty_l,duty_r,x_err,y_err,yaw_err,x_raw,y_raw,yaw_raw,acc_x,acc_y,acc_z,gyro_x,gyro_y,gyro_z
87943,,,,,,,,,,,,,,,,,,,,,,,-0.061732,-0.007137,1.016687,0.700000,0.140000,-0.210000
87944,,,,,,,,,,,,,0.000000,0.000000,0.000000,0.000000,,,,,,,,,,,,
87949,,,,1.000000,0.000062,1.570858,0.000000,0.000000,,,,,,,,,,,,,,,,,,,,
87950,,,,,,,,,,,0.646554,0.646554,,,,,0.001863,0.029960,-0.030913,,,,,,,,,
87954,,,,,,,,,,,,,0.000000,0.000000,0.010217,0.010217,,,,1.030006,-0.000864,1.601772,,,,,,
87955,,,,,,,,,,,,,,,,,,,,,,,-0.061732,-0.006405,1.017297,0.700000,0.210000,-0.280000
87963,,,,,,,,,,,,,,,,,,,,,,,-0.060878,-0.006405,1.017297,0.630000,-0.070000,-0.210000
87962,,,,,,,,,,,,,,,,,,,,1.030001,-0.000870,1.601806,,,,,,
87964,,,,,,,,,,,,,0.000000,0.000000,0.010217,0.010217,,,,,,,,,,,,
87969,,,,,,,,,,,,,,,,,,,,1.029990,-0.000867,1.601806,,,,,,
87973,,,,,,,,,,,,,,,,,,,,,,,-0.060878,-0.006405,1.017297,0.770000,0.280000,-0.210000
87974,,,,,,,,,,,,,0.000000,0.000000,0.010217,0.010217,,,,,,,,,,,,
87977,,,,,,,,,,,,,,,,,,,,1.029992,-0.000870,1.601772,,,,,,
87983,,,,,,,,,,,,,,,,,,,,,,,-0.061366,-0.006039,1.016870,0.560000,0.000000,-0.280000
87984,,,,,,,,,,,,,0.000000,0.000000,0.010217,0.010217,,,,1.030008,-0.000866,1.601772,,,,,,
87992,,,,1.000000,0.000488,1.571284,0.003695,0.003695,,,1.021990,1.044931,,,,,0.002284,0.029951,-0.030488,1.030008,-0.000863,1.601772,,,,,,
87994,,,,,,,,,,,,,0.000000,0.000000,0.016149,0.016512,,,,,,,,,,,,
87995,,,,,,,,,,,,,,,,,,,,,,,-0.061366,-0.006039,1.017053,0.700000,0.280000,-0.210000
87999,,,,,,,,,,,,,,,,,,,,1.030004,-0.000862,1.601772,,,,,,
88005,,,,,,,,,,,,,0.000000,0.000000,0.016149,0.016512,,,,,,,,,,,,
88009,,,,,,,,,,,,,,,,,,,,,,,-0.061549,-0.006344,1.017053,0.700000,0.140000,-0.210000
88006,,,,,,,,,,,,,,,,,,,,1.030009,-0.000866,1.601806,,,,,,
88014,,,,,,,,,,,,,0.000000,0.000000,0.016149,0.016512,,,,,,,-0.061244,-0.006832,1.017663,0.770000,0.280000,-0.210000
88023,,,,,,,,,,,,,,,,,,,,,,,-0.061244,-0.006832,1.017663,0.700000,0.000000,-0.280000
88021,,,,,,,,,,,,,,,,,,,,1.029989,-0.000881,1.601806,,,,,,
88024,,,,,,,,,,,,,0.000000,0.000000,0.016149,0.016512,,,,,,,,,,,,
88029,,,,,,,,,,,,,,,,,,,,1.029996,-0.000877,1.601772,,,,,,
88033,,,,,,,,,,,,,,,,,,,,,,,-0.060756,-0.005917,1.018029,0.560000,-0.210000,-0.280000
88034,,,,,,,,,,,,,0.000000,0.000000,0.016149,0.016512,,,,,,,,,,,,
88039,,,,,,,,,,,,,,,,,,,,1.030003,-0.000873,1.601772,,,,,,
88042,,,,0.999999,0.001621,1.572417,0.014482,0.014482,,,2.086148,2.176855,,,,,,,,,,,,,,,,
88043,,,,,,,,,,,,,,,,,0.003422,0.029913,-0.029355,,,,,,,,,
88044,,,,,,,,,,,,,0.000000,0.000000,0.032965,0.034398,,,,,,,,,,,,
88045,,,,,,,,,,,,,,,,,,,,,,,-0.060756,-0.005917,1.018029,0.700000,0.280000,-0.280000
88050,,,,,,,,,,,,,,,,,,,,1.030001,-0.000866,1.601772,,,,,,
88053,,,,,,,,,,,,,,,,,,,,,,,-0.061793,-0.006100,1.017846,0.630000,0.070000,-0.210000
88054,,,,,,,,,,,,,0.000000,0.000000,0.032965,0.034398,,,,,,,,,,,,
88058,,,,,,,,,,,,,,,,,,,,1.029986,-0.000878,1.601772,,,,,,
88065,,,,,,,,,,,,,0.000000,0.000000,0.032965,0.034398,,,,,,,,,,,,
88068,,,,,,,,,,,,,,,,,,,,,,,-0.061793,-0.006100,1.017846,0.700000,0.070000,-0.280000
88073,,,,,,,,,,,,,,,,,,,,,,,-0.061244,-0.005063,1.016687,0.700000,0.140000,-0.280000
88071,,,,,,,,,,,,,,,,,,,,1.030004,-0.000870,1.601772,,,,,,
88074,,,,,,,,,,,,,0.000000,0.000000,0.032965,0.034398,,,,,,,,,,,,
88079,,,,,,,,,,,,,,,,,,,,1.029993,-0.000870,1.601772,,,,,,
88083,,,,,,,,,,,,,,,,,,,,,,,-0.061244,-0.005063,1.016687,0.700000,0.140000,-0.280000
88084,,,,,,,,,,,,,0.000000,0.000000,0.032965,0.034398,,,,,,,,,,,,
88087,,,,,,,,,,,,,,,,,,,,1.030002,-0.000867,1.601772,,,,,,
88092,,,,0.999993,0.003784,1.574580,0.031924,0.031924,,,3.915287,4.118593,,,,,0.005578,0.029850,-0.027192,,,,,,,,,
88094,,,,,,,,,,,,,0.000000,0.000000,0.061869,0.065081,,,,,,,,,,,,
88095,,,,,,,,,,,,,,,,,,,,,,,-0.061000,-0.005429,1.016809,0.700000,0.070000,-0.210000
88105,,,,,,,,,,,,,0.000000,0.000000,0.061869,0.065081,,,,,,,,,,,,
88100,,,,,,,,,,,,,,,,,,,,1.030010,-0.000859,1.601772,,,,,,
88109,,,,,,,,,,,,,,,,,,,,,,,-0.061000,-0.005429,1.016809,0.700000,-0.280000,-0.140000
88108,,,,,,,,,,,,,,,,,,,,1.030012,-0.000864,1.601772,,,,,,
88114,,,,,,,,,,,,,,,,,,,,,,,-0.057462,-0.006344,1.017968,0.700000,-1.680000,-2.380000
88115,,,,,,,,,,,,,0.000000,0.000000,0.061869,0.065081,,,,,,,,,,,,
88123,,,,,,,,,,,,,,,,,,,,,,,-0.057462,-0.006344,1.017968,0.700000,0.070000,-3.850000
88122,,,,,,,,,,,,,,,,,,,,1.029996,-0.000879,1.601806,,,,,,
88124,,,,,,,,,,,,,0.000000,0.000000,0.061869,0.065081,,,,,,,,,,,,
88129,,,,,,,,,,,,,,,,,,,,1.029991,-0.000839,1.601806,,,,,,
88133,,,,,,,,,,,,,,,,,,,,,,,-0.044103,-0.005551,1.016382,0.630000,1.680000,-3.710000
88134,,,,,,,,,,,,,0.000000,0.000000,0.061869,0.065081,,,,,,,,,,,,
88137,,,,,,,,,,,,,,,,,,,,1.029986,-0.000798,1.597914,,,,,,
88142,,,,0.999974,0.007277,1.578073,0.055590,0.055590,,,,,,,,,,,,,,,,,,,,
88143,,,,,,,,,,,6.460874,6.840863,,,,,0.008720,0.029802,-0.017817,,,,,,,,,
88144,,,,,,,,,,,,,0.547610,0.000000,0.095744,0.108098,,,,,,,,,,,,
88146,,,,,,,,,,,,,,,,,,,,,,,-0.044103,-0.005551,1.016382,0.910000,-1.330000,-7.140000
88151,,,,,,,,,,,,,,,,,,,,1.029990,-0.000769,1.597914,,,,,,
88153,,,,,,,,,,,,,,,,,,,,,,,-0.052582,-0.006954,1.020957,0.980000,-1.330000,-7.910000
88154,,,,,,,,,,,,,0.460759,0.000000,0.096751,0.108098,,,,,,,,,,,,
88164,,,,,,,,,,,,,0.387682,0.000000,0.097599,0.108098,,,,,,,,,,,,
88158,,,,,,,,,,,,,,,,,,,,1.029981,-0.000724,1.597948,,,,,,
88169,,,,,,,,,,,,,,,,,,,,,,,-0.052582,-0.006954,1.018273,0.630000,2.100000,-4.550000
88171,,,,,,,,,,,,,,,,,,,,1.029958,-0.000664,1.597948,,,,,,
88174,,,,,,,,,,,,,0.866525,0.540329,0.092046,0.101833,,,,,,,-0.016348,-0.003721,1.018273,1.120000,1.120000,-6.580000
88179,,,,,,,,,,,,,,,,,,,,1.029923,-0.000507,1.597948,,,,,,
88183,,,,,,,,,,,,,,,,,,,,,,,-0.016348,-0.003721,1.018273,1.470000,0.350000,-10.220000
88184,,,,,,,,,,,,,0.729094,0.454632,0.093640,0.102827,,,,,,,,,,,,
88186,,,,,,,,,,,,,,,,,,,,1.029894,-0.000307,1.594083,,,,,,
88192,,,,0.999923,0.012379,1.583176,0.085059,0.085059,,,,,,,,,,,,,,,,,,,,
88193,,,,,,,,,,,9.830119,10.450005,,,,,0.013236,0.029705,-0.008694,,,,,,,,,
88194,,,,,,,,,,,,,1.160849,0.382528,0.141874,0.160694,,,,,,,,,,,,
88195,,,,,,,,,,,,,,,,,,,,,,,0.009638,-0.009699,1.021994,1.400000,2.380000,-14.840000
88200,,,,,,,,,,,,,,,,,,,,1.029828,0.000026,1.590176,,,,,,
88204,,,,,,,,,,,,,1.523523,0.868644,0.137668,0.155057,,,,,,,0.009638,-0.009699,1.027179,1.890000,-1.960000,-19.740000
88207,,,,,,,,,,,,,,,,,,,,1.029799,0.000302,1.586254,,,,,,
88213,,,,,,,,,,,,,,,,,,,,,,,-0.023912,-0.009455,1.027179,1.960000,-17.639999,-16.309999
88214,,,,,,,,,,,,,2.381091,1.280476,0.127724,0.150282,,,,,,,,,,,,
88221,,,,,,,,,,,,,,,,,,,,1.029656,0.000654,1.582443,,,,,,
88225,,,,,,,,,,,,,3.039195,1.595265,0.120093,0.146632,,,,,,,,,,,,
88229,,,,,,,,,,,,,,,,,,,,,,,0.143838,-0.004026,1.026935,0.700000,0.770000,-19.670000
88228,,,,,,,,,,,,,,,,,,,,1.029546,0.001201,1.578605,,,,,,
88234,,,,,,,,,,,,,3.137468,1.922545,0.118953,0.142837,,,,,,,0.143838,-0.004026,1.026935,0.560000,8.750000,-17.639999
88242,,,,0.999813,0.019351,1.590148,0.119919,0.119919,,,,,,,,,,,,1.029548,0.001994,1.574707,,,,,,
88243,,,,,,,,,,,13.653034,14.641217,,,,,0.018233,0.029595,0.010429,,,,,,,,,
88244,,,,,,,,,,,,,4.273658,2.162227,0.166188,0.206286,,,,,,,,,,,,
88246,,,,,,,,,,,,,,,,,,,,,,,0.059658,-0.010736,1.011624,0.140000,10.500000,-23.240000
88249,,,,,,,,,,,,,,,,,,,,1.029609,0.003164,1.570735,,,,,,
88253,,,,,,,,,,,,,,,,,,,,,,,0.059658,-0.010736,1.011624,0.420000,-2.800000,-18.620001
88254,,,,,,,,,,,,,4.698504,2.921946,0.161261,0.197477,,,,,,,,,,,,
88256,,,,,,,,,,,,,,,,,,,,1.029637,0.004161,1.570781,,,,,,
88265,,,,,,,,,,,,,5.524270,4.029474,0.151686,0.184634,,,,,,,,,,,,
88268,,,,,,,,,,,,,,,,,,,,,,,0.100284,-0.017446,1.055361,3.290000,-18.270000,-11.690000
88270,,,,,,,,,,,,,,,,,,,,1.029516,0.005235,1.567024,,,,,,
88274,,,,,,,,,,,,,6.372631,5.114911,0.141849,0.172048,,,,,,,0.100284,-0.017446,1.055361,0.000000,-1.890000,-11.200000
88277,,,,,,,,,,,,,,,,,,,,1.029409,0.006572,1.566982,,,,,,
88284,,,,,,,,,,,,,7.556563,5.949659,0.128120,0.162369,,,,,,,0.149023,0.004392,0.993629,-3.500000,2.520000,-13.650000
88292,,,,0.999596,0.028429,1.599229,0.159769,0.159769,,,,,,,,,,,,,,,,,,,,
88293,,,,,,,,,,,17.144993,18.630108,,,,,0.021537,0.029880,0.031178,,,,,,,,,
88290,,,,,,,,,,,,,,,,,,,,1.029423,0.008220,1.563045,,,,,,
88294,,,,,,,,,,,,,7.998940,6.646892,0.178170,0.217316,,,,,,,,,,,,
88295,,,,,,,,,,,,,,,,,,,,,,,0.149023,0.004392,0.993629,2.520000,4.830000,-11.830000
88298,,,,,,,,,,,,,,,,,,,,1.029270,0.010026,1.559150,,,,,,
88304,,,,,,,,,,,,,8.928705,7.791092,0.167389,0.204048,,,,,,,0.081008,-0.025437,1.045235,-0.350000,-6.790000,-6.020000
88313,,,,,,,,,,,,,,,,,,,,,,,0.081008,-0.025437,1.045235,0.910000,-19.180000,-3.920000
88311,,,,,,,,,,,,,,,,,,,,1.029287,0.011950,1.559150,,,,,,
88314,,,,,,,,,,,,,10.250385,9.293198,0.152063,0.186630,,,,,,,,,,,,
88318,,,,,,,,,,,,,,,,,,,,1.029302,0.013800,1.559333,,,,,,
88325,,,,,,,,,,,,,10.683048,9.877670,0.147046,0.179853,,,,,,,,,,,,
88329,,,,,,,,,,,,,,,,,,,,,,,0.158112,-0.005307,1.008513,9.590000,11.900000,2.520000
88334,,,,,,,,,,,,,11.858660,11.181015,0.133414,0.164740,,,,,,,0.158112,-0.005307,1.008513,15.890000,23.170000,8.960000
88332,,,,,,,,,,,,,,,,,,,,1.029256,0.016160,1.559150,,,,,,
88342,,,,0.999206,0.039833,1.610640,0.204215,0.204215,,,,,,,,,,,,,,,,,,,,
88343,,,,,,,,,,,20.254616,22.340855,,,,,0.023044,0.030274,0.049139,,,,,,,,,
88339,,,,,,,,,,,,,,,,,,,,1.029340,0.018840,1.563018,,,,,,
88344,,,,,,,,,,,,,12.779022,12.208853,0.171880,0.211458,,,,,,,,,,,,
88346,,,,,,,,,,,,,,,,,,,,1.029337,0.021588,1.563045,0.102175,-0.031110,1.039074,-6.300000,-8.750000,10.990000
88353,,,,,,,,,,,,,,,,,,,,,,,0.102175,-0.031110,1.039074,7.210000,-7.420000,7.630000
88354,,,,,,,,,,,,,13.496664,13.565804,0.163558,0.195723,,,,,,,,,,,,
88359,,,,,,,,,,,,,,,,,,,,1.029502,0.024160,1.567024,,,,,,
88364,,,,,,,,,,,,,14.102980,14.710531,0.156528,0.182449,,,,,,,0.068198,0.008784,0.996801,-4.060000,-6.440000,12.740000
88367,,,,,,,,,,,,,,,,,,,,1.029293,0.026981,1.563121,,,,,,
88373,,,,,,,,,,,,,,,,,,,,,,,0.068198,0.008784,0.996801,-6.090000,0.560000,12.110000
88374,,,,,,,,,,,,,15.148273,15.659468,0.144407,0.171446,,,,,,,,,,,,
88384,,,,,,,,,,,,,15.974273,16.404390,0.134829,0.162808,,,,,,,,,,,,
88380,,,,,,,,,,,,,,,,,,,,1.029160,0.029960,1.566947,,,,,,
88388,,,,,,,,,,,,,,,,,,,,1.029145,0.033035,1.566982,0.096502,0.023058,1.045113,-3.010000,-2.870000,12.320000
88392,,,,0.998554,0.053758,1.624580,0.252871,0.252871,,,,,,,,,,,,,,,,,,,,
88393,,,,,,,,,,,22.274769,24.976715,,,,,0.020645,0.030701,0.058058,,,,,,,,,
88394,,,,,,,,,,,,,16.742014,17.654125,0.157849,0.189968,,,,,,,,,,,,
88396,,,,,,,,,,,,,,,,,,,,,,,0.096502,0.023058,1.012722,-3.780000,4.410000,11.690000
88403,,,,,,,,,,,,,,,,,,,,,,,0.052277,-0.011407,1.012722,-3.850000,2.590000,13.160000
88401,,,,,,,,,,,,,,,,,,,,1.029004,0.036389,1.570858,,,,,,
88404,,,,,,,,,,,,,17.937035,18.154440,0.143992,0.184166,,,,,,,,,,,,
88409,,,,,,,,,,,,,,,,,,,,1.028984,0.039679,1.574645,,,,,,
88413,,,,,,,,,,,,,,,,,,,,,,,0.052277,-0.011407,1.020591,-1.960000,-4.130000,13.440000
88414,,,,,,,,,,,,,18.407213,19.142637,0.138540,0.172708,,,,,,,,,,,,
88416,,,,,,,,,,,,,,,,,,,,1.028864,0.043013,1.574672,,,,,,
88424,,,,,,,,,,,,,19.275013,19.893799,0.128477,0.163997,,,,,,,,,,,,
88429,,,,,,,,,,,,,,,,,,,,,,,0.051118,-0.001647,1.020591,-6.930000,4.620000,15.470000
88430,,,,,,,,,,,,,,,,,,,,1.028666,0.046584,1.578548,,,,,,
88434,,,,,,,,,,,,,19.556360,20.633400,0.125214,0.155421,,,,,,,0.044652,0.006100,0.965752,-5.320000,9.590000,12.880000
88437,,,,,,,,,,,,,,,,,,,,1.028590,0.050145,1.582443,,,,,,
88442,,,,0.997520,0.070379,1.641234,0.305363,0.305363,,,,,,,,,,,,,,,,,,,,
88443,,,,,,,,,,,25.337610,28.635508,,,,,0.020491,0.030914,0.060127,,,,,,,,,
88444,,,,,,,,,,,,,20.290688,21.196909,0.165098,0.206703,,,,,,,,,,,,
88446,,,,,,,,,,,,,,,,,,,,,,,0.044652,0.006100,0.965752,0.910000,10.710000,22.260000
88453,,,,,,,,,,,,,,,,,,,,,,,-0.026718,-0.049288,1.109590,13.090000,8.260000,20.650000
88451,,,,,,,,,,,,,,,,,,,,1.028509,0.053861,1.582408,,,,,,
88454,,,,,,,,,,,,,20.923277,21.685770,0.157763,0.201034,,,,,,,,,,,,
88459,,,,,,,,,,,,,,,,,,,,1.028381,0.057618,1.586204,,,,,,
88464,,,,,,,,,,,,,21.438883,22.628164,0.151784,0.190106,,,,,,,-0.026718,-0.049288,1.109590,10.430000,-21.629999,26.740000
88466,,,,,,,,,,,,,,,,,,,,1.028630,0.061364,1.594129,,,,,,
88473,,,,,,,,,,,,,,,,,,,,,,,0.076128,0.041114,1.020652,0.280000,-12.530000,29.330000
88474,,,,,,,,,,,,,21.870785,23.418892,0.146776,0.180937,,,,,,,,,,,,
88485,,,,,,,,,,,,,22.506027,24.321600,0.139410,0.170470,,,,,,,,,,,,
88480,,,,,,,,,,,,,,,,,,,,1.028555,0.065106,1.601872,,,,,,
88489,,,,,,,,,,,,,,,,,,,,,,,0.076128,0.041114,1.020652,6.300000,3.080000,33.459999
88487,,,,,,,,,,,,,,,,,,,,1.028241,0.069181,1.601869,,,,,,
88492,,,,0.995956,0.089847,1.660765,0.361324,0.361324,,,,,,,,,,,,,,,,,,,,
88493,,,,,,,,,,,29.073702,32.943329,,,,,0.021576,0.031591,0.057601,,,,,,,,,
88494,,,,,,,,,,,,,23.041018,25.154991,0.192243,0.228878,,,,,,,,,,,,
88497,,,,,,,,,,,,,,,,,,,,,,,0.032086,0.000488,0.966545,6.160000,10.850000,30.379999
88500,,,,,,,,,,,,,,,,,,,,1.028179,0.073305,1.609550,,,,,,
88503,,,,,,,,,,,,,,,,,,,,,,,0.032086,0.000488,0.966545,11.410000,3.010000,32.759998
88504,,,,,,,,,,,,,23.234295,26.112301,0.190002,0.217777,,,,,,,,,,,,
88508,,,,,,,,,,,,,,,,,,,,1.028064,0.077515,1.613387,,,,,,
88513,,,,,,,,,,,,,,,,,,,,,,,0.049837,0.022265,1.032974,1.330000,-4.480000,34.580002
88514,,,,,,,,,,,,,23.931974,26.901358,0.181912,0.208628,,,,,,,,,,,,
88523,,,,,,,,,,,,,,,,,,,,,,,0.049837,0.022265,1.032974,5.670000,-14.210000,30.450001
88521,,,,,,,,,,,,,,,,,,,,1.027869,0.081641,1.621054,,,,,,
88524,,,,,,,,,,,,,24.517239,27.563288,0.175126,0.200952,,,,,,,,,,,,
88529,,,,,,,,,,,,,,,,,,,,1.027564,0.086091,1.624868,,,,,,
88534,,,,,,,,,,,,,25.021164,28.133156,0.169282,0.194344,,,,,,,0.101443,0.032086,1.029863,-0.840000,7.980000,29.610001
88536,,,,,,,,,,,,,,,,,,,,1.027540,0.090598,1.636106,,,,,,
88546,,,,0.993676,0.112286,1.683320,0.420396,0.420396,,,,,,,,,,,,,,,,,,,,
88547,,,,,,,,,,,33.368015,37.728989,25.736864,28.781116,0.228842,0.262453,0.023545,0.032443,0.049979,,,,,,,,,
88551,,,,,,,,,,,,,,,,,,,,,,,0.101443,0.032086,0.999180,-6.090000,7.630000,22.330000
88550,,,,,,,,,,,,,,,,,,,,1.026933,0.095458,1.640037,,,,,,
88554,,,,,,,,,,,,,27.039656,29.601089,0.213735,0.252945,,,,,,,,,,,,
88557,,,,,,,,,,,,,,,,,,,,1.026411,0.100296,1.643840,0.051240,0.050142,0.999180,-1.750000,-0.910000,25.340000
88564,,,,,,,,,,,,,27.681139,30.384104,0.206296,0.243865,,,,,,,0.051240,0.050142,0.999180,-6.650000,-18.480000,22.889999
88573,,,,,,,,,,,,,,,,,,,,,,,0.109068,-0.007259,1.060302,-4.480000,-11.970000,23.240000
88571,,,,,,,,,,,,,,,,,,,,1.025981,0.105004,1.647603,,,,,,
88574,,,,,,,,,,,,,28.764252,31.038527,0.193737,0.236277,,,,,,,,,,,,
88578,,,,,,,,,,,,,,,,,,,,1.025651,0.110107,1.651390,,,,,,
88583,,,,,,,,,,,,,,,,,,,,,,,0.109068,-0.007259,1.060302,-0.910000,14.420000,21.910000
88584,,,,,,,,,,,,,29.693245,32.155918,0.182965,0.223320,,,,,,,,,,,,
88586,,,,,,,,,,,,,,,,,,,,1.024919,0.115638,1.655150,,,,,,
88592,,,,0.990461,0.137792,1.709028,0.482232,0.482232,,,,,,,,,,,,,,,,,,,,
88593,,,,,,,,,,,37.417709,42.562469,,,,,0.024768,0.032602,0.055707,,,,,,,,,
88594,,,,,,,,,,,,,30.462194,33.082115,0.238041,0.288958,,,,,,,,,,,,
88595,,,,,,,,,,,,,,,,,,,,,,,0.119926,0.009760,0.944829,2.660000,22.680000,23.660000
88600,,,,,,,,,,,,,,,,,,,,1.024340,0.120965,1.655147,,,,,,
88605,,,,,,,,,,,,,31.052168,33.749413,0.231200,0.281220,,,,,,,,,,,,
88609,,,,,,,,,,,,,,,,,,,,,,,0.119926,0.009760,1.135027,4.550000,-29.330000,30.100000
88607,,,,,,,,,,,,,,,,,,,,1.024039,0.126481,1.658859,,,,,,
88615,,,,,,,,,,,,,32.440502,35.283890,0.215101,0.263427,,,,,,,0.047275,0.022387,1.135027,2.030000,-38.009998,36.540001
88621,,,,,,,,,,,,,,,,,,,,1.023242,0.131846,1.666396,,,,,,
88624,,,,,,,,,,,,,33.165253,36.144661,0.206697,0.253446,,,,,,,0.047275,0.022387,0.983137,3.500000,-13.720000,38.709999
88628,,,,,,,,,,,,,,,,,,,,1.022782,0.137448,1.677597,,,,,,
88633,,,,,,,,,,,,,,,,,,,,,,,0.149816,0.008357,0.983137,4.690000,5.810000,44.869999
88634,,,,,,,,,,,,,33.945347,37.001320,0.197652,0.243513,,,,,,,,,,,,
88642,,,,0.986053,0.166429,1.738004,0.546492,0.546492,,,,,,,,,,,,1.022091,0.143841,1.681309,,,,,,
88643,,,,,,,,,,,43.690968,49.665245,,,,,0.032010,0.033438,0.060081,,,,,,,,,
88645,,,,,,,,,,,,,34.927433,38.029217,0.285393,0.343831,,,,,,,,,,,,
88646,,,,,,,,,,,,,,,,,,,,,,,0.149816,0.055754,0.978501,-9.030000,15.610000,44.520000
88649,,,,,,,,,,,,,,,,,,,,1.021281,0.149856,1.688730,,,,,,
88653,,,,,,,,,,,,,,,,,,,,,,,0.106384,0.055754,0.978501,3.430000,28.420000,45.919998
88654,,,,,,,,,,,,,35.621002,38.797485,0.277351,0.334922,,,,,,,,,,,,
88657,,,,,,,,,,,,,,,,,,,,1.020199,0.156443,1.692405,,,,,,
88664,,,,,,,,,,,,,36.947327,40.693222,0.261971,0.312940,,,,,,,,,,,,
88669,,,,,,,,,,,,,,,,,,,,,,,0.116205,0.002135,1.172542,10.850000,-51.869999,47.740002
88671,,,,,,,,,,,,,,,,,,,,1.019517,0.162400,1.703467,,,,,,
88674,,,,,,,,,,,,,,,,,,,,,,,0.116205,0.002135,1.172542,10.640000,-65.099998,50.470001
88675,,,,,,,,,,,,,37.993202,42.207420,0.249843,0.295382,,,,,,,,,,,,
88678,,,,,,,,,,,,,,,,,,,,1.018761,0.168592,1.714500,,,,,,
88684,,,,,,,,,,,,,38.896976,43.597736,0.239364,0.279260,,,,,,,0.173240,0.068259,0.992348,-1.050000,-11.270000,56.910000
88692,,,,0.980157,0.198224,1.770342,0.612846,0.612846,,,,,,,,,,,,1.017761,0.175422,1.721809,,,,,,
88693,,,,,,,,,,,48.529884,55.140102,,,,,0.034401,0.034016,0.056549,,,,,,,,,
88695,,,,,,,,,,,,,39.662048,44.150661,0.306956,0.359361,,,,,,,,,,,,
88696,,,,,,,,,,,,,,,,,,,,,,,0.173240,0.068259,0.992348,0.770000,14.910000,58.799999
88699,,,,,,,,,,,,,,,,,,,,1.016886,0.182905,1.736317,,,,,,
88705,,,,,,,,,,,,,,,0.292795,0.341842,,,,,,,,,,,,
88706,,,,,,,,,,,,,40.883274,45.661541,,,,,,,,,,,,,,
88707,,,,,,,,,,,,,,,,,,,,1.015697,0.190026,1.747194,,,,,,
88710,,,,,,,,,,,,,,,,,,,,,,,0.166103,0.086498,0.942816,-10.290000,-1.820000,58.029999
88714,,,,,,,,,,,,,42.458221,47.098583,0.274533,0.325178,,,,,,,,,,,,
88715,,,,,,,,,,,,,,,,,,,,,,,0.166103,0.086498,0.942816,-5.670000,-10.570000,57.330002
88723,,,,,,,,,,,,,,,,,,,,,,,0.197518,0.061732,1.057069,14.630000,6.300000,58.450001
88721,,,,,,,,,,,,,,,,,,,,1.013916,0.197240,1.750836,,,,,,
88724,,,,,,,,,,,,,43.412529,48.415241,0.263467,0.309911,,,,,,,,,,,,
88729,,,,,,,,,,,,,,,,,,,,1.012651,0.205036,1.765197,,,,,,
88734,,,,,,,,,,,,,44.757168,49.515106,0.247875,0.297157,,,,,,,0.197518,0.061732,1.057069,-11.270000,29.120001,58.240002
88736,,,,,,,,,,,,,,,,,,,,1.011164,0.213069,1.775914,,,,,,
88742,,,,0.972438,0.233163,1.806125,0.680973,0.680973,,,,,,,,,,,,,,,,,,,,
88743,,,,,,,,,,,50.778000,57.234657,,,,,0.027737,0.033823,0.030703,,,,,,,,,
88744,,,,,,,,,,,,,45.289146,50.927578,0.277231,0.313877,,,,,,,,,,,,
88745,,,,,,,,,,,,,,,,,,,,,,,0.156648,0.090890,0.948245,-6.230000,32.970001,56.910000
88751,,,,,,,,,,,,,,,,,,,,1.009409,0.221290,1.786593,,,,,,
88754,,,,,,,,,,,,,46.375313,51.670757,0.264636,0.305259,,,,,,,0.156648,0.090890,0.948245,0.280000,4.830000,62.580002
88758,,,,,,,,,,,,,,,,,,,,1.007328,0.229344,1.797210,,,,,,
88765,,,,,,,,,,,,,47.675037,52.639732,0.249565,0.294023,,,,,,,,,,,,
88768,,,,,,,,,,,,,,,,,,,,,,,0.082472,0.071553,1.009001,-2.380000,8.610000,62.020000
88774,,,,,,,,,,,,,48.934666,53.700020,0.234958,0.281728,,,,,,,0.082472,0.071553,1.009001,-3.500000,8.190000,59.500000
88772,,,,,,,,,,,,,,,,,,,,1.005454,0.237437,1.804274,,,,,,
88780,,,,,,,,,,,,,,,,,,,,1.003283,0.246040,1.811272,,,,,,
88784,,,,,,,,,,,,,49.480495,55.151436,0.228629,0.264898,,,,,,,0.081252,0.110959,1.011624,-17.360001,15.260000,58.380001
88787,,,,,,,,,,,,,,,,,,,,1.000942,0.254412,1.821827,,,,,,
88792,,,,0.962528,0.271182,1.845418,0.750560,0.750560,,,,,,,,,,,,,,,,,,,,
88793,,,,,,,,,,,54.437393,61.226887,,,,,0.025664,0.033064,0.022815,,,,,,,,,
88794,,,,,,,,,,,,,50.397285,55.716587,0.275824,0.321430,,,,,,,,,,,,
88795,,,,,,,,,,,,,,,,,,,,,,,0.081252,0.110959,1.011624,19.809999,5.880000,53.900002
88804,,,,,,,,,,,,,,,0.268667,0.311575,,,,,,,,,,,,
88805,,,,,,,,,,,,,51.014500,56.566437,,,,,,,,,,,,,,
88801,,,,,,,,,,,,,,,,,,,,0.998716,0.262817,1.832258,,,,,,
88809,,,,,,,,,,,,,,,,,,,,,,,-0.022082,0.054839,1.223355,-13.510000,-47.810001,58.799999
88808,,,,,,,,,,,,,,,,,,,,0.996345,0.271050,1.842698,,,,,,
88815,,,,,,,,,,,,,51.885098,57.610790,0.258572,0.299465,,,,,,,-0.022082,0.054839,0.895663,-10.010000,-70.349998,60.060001
88823,,,,,,,,,,,,,,,,,,,,,,,0.052826,0.103578,0.895663,-4.760000,-21.350000,56.209999
88822,,,,,,,,,,,,,,,,,,,,0.994246,0.279051,1.856676,,,,,,
88825,,,,,,,,,,,,,52.682003,58.627838,0.249331,0.287672,,,,,,,,,,,,
88830,,,,,,,,,,,,,,,,,,,,0.992103,0.287240,1.866569,,,,,,
88833,,,,,,,,,,,,,,,,,,,,,,,0.052826,0.103578,0.895663,3.990000,38.990002,52.919998
88834,,,,,,,,,,,,,52.832458,58.969395,0.247586,0.283711,,,,,,,,,,,,
88837,,,,,,,,,,,,,,,,,,,,0.989001,0.296451,1.877310,,,,,,
88842,,,,0.950027,0.312168,1.888270,0.821304,0.821304,,,,,,,,,,,,,,,,,,,,
88843,,,,,,,,,,,59.229179,66.239517,,,,,0.026475,0.032519,0.013213,,,,,,,,,
88844,,,,,,,,,,,,,53.585350,59.286148,0.314575,0.359247,,,,,,,,,,,,
88846,,,,,,,,,,,,,,,,,,,,,,,0.074603,0.066917,0.903593,-13.930000,57.820000,54.040001
88854,,,,,,,,,,,,,54.536720,60.445137,0.303543,0.345808,,,,,,,0.074603,0.111996,1.129171,-11.760000,19.740000,53.480000
88851,,,,,,,,,,,,,,,,,,,,0.985818,0.305266,1.887577,,,,,,
88859,,,,,,,,,,,,,,,,,,,,0.982675,0.314144,1.894321,,,,,,
88865,,,,,,,,,,,,,55.251648,60.743237,0.295253,0.342351,,,,,,,,,,,,
88866,,,,,,,,,,,,,,,,,,,,0.979799,0.322763,1.904527,,,,,,
88869,,,,,,,,,,,,,,,,,,,,,,,0.022875,0.111996,1.129171,1.260000,-31.990000,58.590000
88874,,,,,,,,,,,,,,,,,,,,,,,0.123952,0.064477,1.036878,0.910000,-21.910000,59.220001
88875,,,,,,,,,,,,,56.371548,61.541214,0.282267,0.333098,,,,,,,,,,,,
88880,,,,,,,,,,,,,,,,,,,,0.977054,0.331452,1.918146,,,,,,
88883,,,,,,,,,,,,,,,,,,,,,,,0.123952,0.064477,1.036878,-14.000000,18.830000,58.799999
88884,,,,,,,,,,,,,57.261356,62.767624,0.271950,0.318877,,,,,,,,,,,,
88888,,,,,,,,,,,,,,,,,,,,0.973073,0.341125,1.924834,,,,,,
88892,,,,0.934508,0.355942,1.934718,0.892911,0.892911,,,,,,,,,,,,,,,,,,,,
88893,,,,,,,,,,,63.903896,71.282860,,,,,0.027017,0.031073,0.009328,,,,,,,,,
88894,,,,,,,,,,,,,58.057533,63.788044,0.336587,0.386739,,,,,,,,,,,,
88896,,,,,,,,,,,,,,,,,,,,,,,0.110410,0.093269,0.868518,-9.100000,43.680000,53.410000
88903,,,,,,,,,,,,,,,,,,,,,,,0.110410,0.093269,0.868518,8.680000,33.320000,57.540001
88901,,,,,,,,,,,,,,,,,,,,0.969591,0.350135,1.934799,,,,,,
88904,,,,,,,,,,,,,58.781487,64.154907,0.328192,0.382485,,,,,,,,,,,,
88909,,,,,,,,,,,,,,,,,,,,0.966512,0.359711,1.948343,,,,,,
88914,,,,,,,,,,,,,59.861229,65.477425,0.315672,0.367150,,,,,,,0.062586,0.082106,1.270447,-2.240000,-39.480000,63.000000
88917,,,,,,,,,,,,,,,,,,,,0.962471,0.368948,1.958480,,,,,,
88924,,,,,,,,,,,,,60.673355,66.483681,0.306254,0.355481,,,,,,,,,,,,
88928,,,,,,,,,,,,,,,,,,,,,,,0.062586,0.082106,1.270447,19.389999,-8.540000,59.849998
88930,,,,,,,,,,,,,,,,,,,,0.958782,0.377850,1.968453,,,,,,
88934,,,,,,,,,,,,,61.551235,67.545380,0.296075,0.343170,,,,,,,0.148108,0.065941,0.819047,-14.210000,35.000000,59.220001
88937,,,,,,,,,,,,,,,,,,,,0.955158,0.387732,1.977909,,,,,,
88942,,,,0.915524,0.402264,1.984785,0.965097,0.965097,,,,,,,,,,,,,,,,,,,,
88943,,,,,,,,,,,69.053284,76.800735,,,,,0.028819,0.030510,0.005213,,,,,,,,,
88944,,,,,,,,,,,,,62.204262,68.344055,0.369873,0.421102,,,,,,,,,,,,
88946,,,,,,,,,,,,,,,,,,,,,,,0.148108,0.065941,0.819047,6.090000,35.139999,62.930000
88953,,,,,,,,,,,,,,,,,,,,,,,0.079910,0.147193,1.112091,5.040000,8.540000,70.070000
88951,,,,,,,,,,,,,,,,,,,,0.950851,0.397888,1.988115,,,,,,
88954,,,,,,,,,,,,,63.340641,69.606857,0.356696,0.406459,,,,,,,,,,,,
88958,,,,,,,,,,,,,,,,,,,,0.946655,0.407318,2.001091,,,,,,
88964,,,,,,,,,,,,,64.779602,70.598885,0.340010,0.394956,,,,,,,0.079910,0.147193,1.112091,0.420000,-59.849998,70.209999
88973,,,,,,,,,,,,,,,,,,,,,,,0.130174,0.137128,1.100867,-0.280000,-35.139999,67.199997
88974,,,,,,,,,,,,,65.942101,71.927635,0.326530,0.379548,,,,,,,,,,,,
88972,,,,,,,,,,,,,,,,,,,,0.942048,0.417137,2.014424,,,,,,
88982,,,,,,,,,,,,,,,,,,,,0.942048,0.417137,2.014424,,,,,,
88985,,,,,,,,,,,,,67.274765,73.336304,0.311077,0.363214,,,,,,,,,,,,
88989,,,,,,,,,,,,,,,,,,,,,,,0.130174,0.137128,0.837957,-41.930000,18.270000,70.559998
88992,,,,0.892616,0.450818,2.038478,1.037585,1.037585,,,,,,,,,,,,,,,,,,,,
88993,,,,,,,,,,,80.186005,89.386147,,,,,0.049414,0.030083,0.022410,,,,,,,,,
88990,,,,,,,,,,,,,,,,,,,,0.937502,0.426632,2.027024,,,,,,
88994,,,,,,,,,,,,,67.908730,74.198776,0.479643,0.552086,,,,,,,,,,,,
88997,,,,,,,,,,,,,,,,,,,,,,,0.117730,0.126819,0.837957,22.680000,26.670000,70.699997
88998,,,,,,,,,,,,,,,,,,,,0.931999,0.436656,2.040720,,,,,,
89004,,,,,,,,,,,,,69.216179,75.606598,0.464483,0.535761,,,,,,,0.117730,0.126819,0.837957,11.550000,12.600000,77.000000
89006,,,,,,,,,,,,,,,,,,,,0.926575,0.446838,2.050452,,,,,,
89013,,,,,,,,,,,,,,,,,,,,0.921169,0.457272,2.063342,0.119743,0.125355,1.151009,3.150000,-39.759998,72.029999
89014,,,,,,,,,,,,,71.960464,78.435120,0.432661,0.502963,,,,,,,,,,,,
89024,,,,,,,,,,,,,73.735252,80.831490,0.412081,0.475175,,,,,,,,,,,,
89021,,,,,,,,,,,,,,,,,,,,0.915800,0.467556,2.079478,,,,,,
89029,,,,,,,,,,,,,,,,,,,,,,,0.119743,0.125355,0.930433,-6.020000,26.040001,70.629997
89028,,,,,,,,,,,,,,,,,,,,0.909747,0.477966,2.092340,,,,,,
89034,,,,,,,,,,,,,75.787758,82.858284,0.388281,0.451673,,,,,,,,,,,,
89035,,,,,,,,,,,,,,,,,,,,,,,0.294081,0.096441,0.930433,13.020000,63.070000,72.730003
89042,,,,0.865326,0.501209,2.095792,1.110109,1.110109,,,,,,,,,,,,0.903692,0.489137,2.101821,,,,,,
89043,,,,,,,,,,,82.684029,91.368217,,,,,0.042199,0.027064,0.004787,,,,,,,,,
89045,,,,,,,,,,,,,77.063622,84.076424,0.412960,0.468868,,,,,,,,,,,,
89046,,,,,,,,,,,,,,,,,,,,,,,0.294081,0.096441,0.930433,2.240000,23.799999,84.209999
89049,,,,,,,,,,,,,,,,,,,,0.897324,0.500712,2.117760,,,,,,
89054,,,,,,,,,,,,,78.314552,85.899277,0.398455,0.447731,,,,,,,0.328119,0.110837,0.953491,-3.570000,9.310000,84.000000
89057,,,,,,,,,,,,,,,,,,,,0.890682,0.511858,2.130381,,,,,,
89063,,,,,,,,,,,,,,,,,,,,,,,0.328119,0.110837,1.102575,-42.000000,-6.090000,86.029999
89064,,,,,,,,,,,,,79.135025,87.171959,0.388941,0.432974,,,,,,,,,,,,
89070,,,,,,,,,,,,,,,,,,,,0.883423,0.522839,2.146096,,,,,,
89073,,,,,,,,,,,,,,,,,,,,,,,0.161162,0.291946,1.102575,15.750000,-4.270000,90.930000
89074,,,,,,,,,,,,,80.290985,88.149803,0.375537,0.421635,,,,,,,,,,,,
89078,,,,,,,,,,,,,,,,,,,,0.876153,0.534114,2.161906,,,,,,
89085,,,,,,,,,,,,,81.342728,89.486900,0.363341,0.406130,,,,,,,,,,,,
89088,,,,,,,,,,,,,,,,,,,,,,,0.134078,0.169763,1.153571,-10.080000,-0.910000,83.230003
89092,,,,0.833207,0.552962,2.156711,1.182410,1.182410,,,,,,,,,,,,,,,,,,,,
89093,,,,,,,,,,,86.519554,94.856560,,,,,0.039173,0.024874,-0.008287,,,,,,,,,
89091,,,,,,,,,,,,,,,,,,,,0.868794,0.545549,2.177573,,,,,,
89094,,,,,,,,,,,,,82.028755,90.062744,0.415995,0.454576,,,,,,,,,,,,
89097,,,,,,,,,,,,,,,,,,,,,,,0.134078,0.169763,1.153571,-17.430000,17.290001,74.690002
89098,,,,,,,,,,,,,,,,,,,,0.860979,0.556807,2.190070,,,,,,
89104,,,,,,,,,,,,,83.268303,91.124199,0.401621,0.442267,,,,,,,0.064233,0.168238,0.853268,17.080000,-7.700000,73.360001
89113,,,,,,,,,,,,,,,,,,,,,,,0.064233,0.168238,0.853268,6.650000,29.260000,82.599998
89114,,,,,,,,,,,,,84.399277,92.112099,0.388507,0.430812,,,,,,,,,,,,
89112,,,,,,,,,,,,,,,,,,,,0.852988,0.568334,2.202475,,,,,,
89119,,,,,,,,,,,,,,,,,,,,0.844651,0.579774,2.214869,,,,,,
89124,,,,,,,,,,,,,85.754532,93.336029,0.372792,0.416620,,,,,,,0.109312,0.221064,1.058716,-20.790001,12.530000,68.739998
89127,,,,,,,,,,,,,,,,,,,,0.835980,0.591058,2.227222,,,,,,
89133,,,,,,,,,,,,,,,,,,,,,,,0.109312,0.221064,1.058716,-41.230000,-18.340000,71.610001
89134,,,,,,,,,,,,,86.429031,93.906197,0.364970,0.410008,,,,,,,,,,,,
89146,,,,0.795837,0.605511,2.221204,1.254240,1.254240,,,,,,,,,,,,,,,,,,,,
89147,,,,,,,,,,,89.718590,98.604729,87.401352,94.531494,0.404247,0.461986,0.035684,0.022943,-0.005557,,,,,,,,,
89141,,,,,,,,,,,,,,,,,,,,0.827082,0.602083,2.239500,,,,,,
89148,,,,,,,,,,,,,,,,,,,,0.818168,0.613355,2.251841,,,,,,
89151,,,,,,,,,,,,,,,,,,,,,,,0.069357,0.200507,0.962275,20.510000,15.890000,72.660004
89154,,,,,,,,,,,,,87.701859,96.061554,0.400762,0.444244,,,,,,,,,,,,
89157,,,,,,,,,,,,,,,,,,,,,,,0.069357,0.200507,0.962275,-13.790000,16.100000,65.800003
89163,,,,,,,,,,,,,,,,,,,,,,,0.032513,0.145058,1.085129,21.910000,-8.120000,63.279999
89161,,,,,,,,,,,,,,,,,,,,0.808858,0.624908,2.263955,,,,,,
89164,,,,,,,,,,,,,88.670563,96.806496,0.389529,0.435605,,,,,,,,,,,,
89168,,,,,,,,,,,,,,,,,,,,0.799518,0.636171,2.276264,,,,,,
89174,,,,,,,,,,,,,89.921989,97.314514,0.375018,0.429715,,,,,,,0.032513,0.145058,1.085129,30.170000,-35.490002,74.480003
89184,,,,,,,,,,,,,90.148590,98.515068,0.372391,0.415793,,,,,,,,,,,,
89182,,,,,,,,,,,,,,,,,,,,0.790275,0.647206,2.291532,,,,,,
89189,,,,,,,,,,,,,,,,,,,,0.780537,0.658616,2.300620,0.103517,0.139873,0.899384,-3.220000,12.110000,72.660004
89192,,,,0.752837,0.658207,2.289231,1.325359,1.325359,,,,,,,,,,,,,,,,,,,,
89193,,,,,,,,,,,92.953423,102.484795,,,,,0.032570,0.020912,-0.001272,,,,,,,,,
89194,,,,,,,,,,,,,90.898262,99.052422,0.414814,0.470875,,,,,,,,,,,,
89197,,,,,,,,,,,,,,,,,,,,,,,0.103517,0.139873,0.899384,-28.209999,-3.150000,75.879997
89199,,,,,,,,,,,,,,,,,,,,0.780537,0.658616,2.300620,,,,,,
89204,,,,,,,,,,,,,91.834930,99.792496,0.403953,0.462293,,,,,,,0.027877,0.257298,1.111176,-29.540001,0.070000,82.250000
89208,,,,,,,,,,,,,,,,,,,,0.770435,0.669656,2.315693,,,,,,
89214,,,,,,,,,,,,,92.680458,100.476707,0.394148,0.454359,,,,,,,0.027877,0.257298,1.111176,4.270000,4.130000,75.809998
89216,,,,,,,,,,,,,,,,,,,,0.760006,0.680639,2.330854,,,,,,
89223,,,,,,,,,,,,,,,,,,,,0.749475,0.691638,2.342851,0.071004,0.203618,1.148142,7.420000,-4.130000,75.040001
89224,,,,,,,,,,,,,93.349945,101.007469,0.386385,0.448205,,,,,,,,,,,,
89231,,,,,,,,,,,,,,,,,,,,0.738951,0.702537,2.354804,,,,,,
89233,,,,,,,,,,,,,,,,,,,,,,,0.071004,0.203618,1.148142,-20.090000,-21.280001,78.120003
89234,,,,,,,,,,,,,93.894684,101.982376,0.380069,0.436900,,,,,,,,,,,,
89245,,,,0.703886,0.710313,2.360738,1.395537,1.395537,,,,,,,,,,,,,,,,,,,,
89246,,,,,,,,,,,96.253166,106.546196,,,,,0.029994,0.019215,0.004204,,,,,,,,,
89247,,,,,,,,,,,,,94.218399,102.713989,0.428457,0.492594,,,,,,,,,,,,
89238,,,,,,,,,,,,,,,,,,,,0.728192,0.713033,2.369880,,,,,,
89251,,,,,,,,,,,,,,,,,,,,0.717094,0.723825,2.384778,0.075518,0.180438,0.800259,-11.200000,26.320000,85.190002
89254,,,,,,,,,,,,,95.588341,103.513336,0.412572,0.483325,,,,,,,,,,,,
89257,,,,,,,,,,,,,,,,,,,,,,,0.003294,0.249551,1.159610,-7.140000,14.210000,88.059998
89259,,,,,,,,,,,,,,,,,,,,0.705420,0.734794,2.399507,,,,,,
89264,,,,,,,,,,,,,96.364792,104.131973,0.403568,0.476152,,,,,,,0.003294,0.249551,1.159610,0.420000,4.130000,94.430000
89266,,,,,,,,,,,,,,,,,,,,0.694015,0.745154,2.414423,,,,,,
89273,,,,,,,,,,,,,,,,,,,,,,,0.003294,0.249551,1.008269,-25.340000,-27.160000,100.169998
89274,,,,,,,,,,,,,96.504356,105.242950,0.401950,0.463269,,,,,,,,,,,,
89280,,,,,,,,,,,,,,,,,,,,0.682172,0.755455,2.432260,,,,,,
89284,,,,,,,,,,,,,97.052338,106.591690,0.395596,0.447630,,,,,,,0.085095,0.231190,1.008269,23.030001,-18.410000,92.540001
89287,,,,,,,,,,,,,,,,,,,,0.670526,0.765599,2.449843,,,,,,
89292,,,,0.648742,0.761009,2.435663,1.464551,1.464551,,,,,,,,,,,,,,,,,,,,
89293,,,,,,,,,,,95.952454,105.317047,,,,,0.014849,0.017368,-0.013414,,,,,,,,,
89294,,,,,,,,,,,,,97.577324,106.701492,0.384756,0.426934,,,,,,,,,,,,
89296,,,,,,,,,,,,,,,,,,,,,,,0.040748,0.216306,1.006988,9.170000,-16.309999,99.120003
89300,,,,,,,,,,,,,,,,,,,,0.658456,0.775760,2.464613,,,,,,
89305,,,,,,,,,,,,,97.967323,107.627625,0.380234,0.416195,,,,,,,,,,,,
89309,,,,,,,,,,,,,,,,,,,,,,,0.040748,0.216306,1.006988,-23.799999,12.530000,93.660004
89308,,,,,,,,,,,,,,,,,,,,0.646075,0.785675,2.485184,,,,,,
89315,,,,,,,,,,,,,98.753609,108.007568,0.371117,0.411789,,,,,,,0.007015,0.262361,0.944097,-20.719999,31.920000,94.080002
89317,,,,,,,,,,,,,,,,,,,,0.632686,0.796055,2.496652,,,,,,
89324,,,,,,,,,,,,,98.756378,107.747665,0.371084,0.414803,,,,,,,0.007015,0.262361,0.944097,-1.680000,43.259998,101.430000
89330,,,,,,,,,,,,,,,,,,,,0.619657,0.805972,2.517078,,,,,,
89333,,,,,,,,,,,,,,,,,,,,,,,-0.003843,0.279136,0.912560,-29.400000,42.279999,98.419998
89334,,,,,,,,,,,,,98.448296,107.658714,0.374657,0.415834,,,,,,,,,,,,
89344,,,,,,,,,,,,,99.000931,108.367226,0.368249,0.407619,,,,,,,,,,,,
89346,,,,0.587254,0.809403,2.513931,1.532188,1.532188,,,,,,,,,,,,,,,,,,,,
89347,,,,,,,,,,,104.108292,114.544739,,,,,0.027162,0.016090,-0.003731,,,,,,,,,
89338,,,,,,,,,,,,,,,,,,,,0.606216,0.815630,2.531496,,,,,,
89352,,,,,,,,,,,,,,,,,,,,0.592894,0.825313,2.551722,-0.003843,0.279136,1.255807,6.930000,10.780000,89.599998
89354,,,,,,,,,,,,,98.927917,108.483208,0.497973,0.552088,,,,,,,,,,,,
89358,,,,,,,,,,,,,,,,,,,,,,,-0.074542,0.254309,1.255807,-15.190000,-15.400000,87.570000
89359,,,,,,,,,,,,,,,,,,,,0.579841,0.834205,2.566128,,,,,,
89364,,,,,,,,,,,,,99.709297,109.396255,0.488912,0.541501,,,,,,,-0.074542,0.254309,1.255807,-20.860001,-9.170000,91.139999
89366,,,,,,,,,,,,,,,,,,,,0.566353,0.842889,2.580545,,,,,,
89373,,,,,,,,,,,,,,,,,,,,,,,-0.002257,0.313113,0.917806,-26.809999,-67.620003,88.760002
89374,,,,,,,,,,,,,100.845726,110.636688,0.475735,0.527117,,,,,,,,,,,,
89380,,,,,,,,,,,,,,,,,,,,0.552729,0.851033,2.595086,,,,,,
89383,,,,,,,,,,,,,,,,,,,,,,,-0.002257,0.313113,0.917806,18.480000,-133.490005,91.699997
89384,,,,,,,,,,,,,102.392731,111.727173,0.457796,0.514473,,,,,,,,,,,,
89387,,,,,,,,,,,,,,,,,,,,0.539663,0.859045,2.612504,,,,,,
89392,,,,0.519388,0.854539,2.595458,1.598247,1.598247,,,,,,,,,,,,,,,,,,,,
89393,,,,,,,,,,,104.586319,114.709641,,,,,0.015697,0.014323,-0.011380,,,,,,,,,
89394,,,,,,,,,,,,,103.704987,112.655968,0.450133,0.506308,,,,,,,,,,,,
89396,,,,,,,,,,,,,,,,,,,,,,,0.154147,0.201727,1.055178,-35.910000,48.020000,96.459999
89404,,,,,,,,,,,,,104.236679,113.958916,0.443968,0.491200,,,,,,,,,,,,
89401,,,,,,,,,,,,,,,,,,,,0.525704,0.867294,2.635740,,,,,,
89410,,,,,,,,,,,,,,,,,,,,,,,0.154147,0.201727,0.838994,77.209999,87.639999,94.709999
89409,,,,,,,,,,,,,,,,,,,,0.510662,0.876348,2.643891,,,,,,
89414,,,,,,,,,,,,,104.272980,114.110092,0.443547,0.489447,,,,,,,,,,,,
89415,,,,,,,,,,,,,,,,,,,,,,,0.143960,0.093269,0.838994,27.930000,49.139999,101.150002
89416,,,,,,,,,,,,,,,,,,,,0.495609,0.885144,2.663851,,,,,,
89424,,,,,,,,,,,,,105.278191,115.199783,0.431891,0.476811,,,,,,,0.143960,0.093269,0.838994,-5.180000,20.930000,98.489998
89429,,,,,,,,,,,,,,,,,,,,0.480467,0.893146,2.678052,,,,,,
89434,,,,,,,,,,,,,105.611763,115.607925,0.428023,0.472079,,,,,,,0.055571,0.437797,1.151009,-17.709999,-21.280001,97.300003
89437,,,,,,,,,,,,,,,,,,,,0.465313,0.900802,2.695077,,,,,,
89445,,,,,,,,,,,,,106.195747,116.135986,0.421251,0.465955,,,,,,,,,,,,
89447,,,,0.445239,0.895412,2.680151,1.662531,1.662531,,,,,,,,,,,,,,,,,,,,
89448,,,,,,,,,,,108.637550,119.030861,,,,,0.015686,0.013532,-0.012186,,,,,,,,,
89452,,,,,,,,,,,,,,,,,,,,,,,0.055571,0.437797,1.151009,-11.970000,-34.439999,106.750000
89450,,,,,,,,,,,,,,,,,,,,0.450150,0.907991,2.715011,,,,,,
89454,,,,,,,,,,,,,106.589226,116.735992,0.480706,0.527281,,,,,,,,,,,,
89458,,,,,,,,,,,,,,,,,,,,0.434342,0.915324,2.731986,0.036783,0.287920,0.941779,-3.500000,64.050003,98.980003
89464,,,,,,,,,,,,,,,,,,,,,,,0.036783,0.287920,0.995276,30.450001,47.320000,98.699997
89465,,,,,,,,,,,,,107.289650,116.894142,0.472584,0.525447,,,,,,,,,,,,
89473,,,,,,,,,,,,,,,,,,,,,,,0.049837,0.243085,0.995276,-28.980000,7.490000,98.489998
89472,,,,,,,,,,,,,,,,,,,,0.418279,0.922955,2.748856,,,,,,
89474,,,,,,,,,,,,,107.863205,117.646652,0.465933,0.516722,,,,,,,,,,,,
89479,,,,,,,,,,,,,,,,,,,,0.401923,0.929781,2.768537,,,,,,
89484,,,,,,,,,,,,,108.841759,118.717705,0.454586,0.504302,,,,,,,0.049837,0.243085,0.983747,-20.719999,-23.379999,94.080002
89486,,,,,,,,,,,,,,,,,,,,0.385731,0.936249,2.782664,,,,,,
89492,,,,0.365048,0.930989,2.767908,1.724855,1.724855,,,,,,,,,,,,,,,,,,,,
89493,,,,,,,,,,,113.118378,123.799286,,,,,0.017303,0.012238,-0.011992,,,,,,,,,
89494,,,,,,,,,,,,,109.138268,119.094032,0.521953,0.575288,,,,,,,,,,,,
89496,,,,,,,,,,,,,,,,,,,,,,,0.089853,0.345931,0.983747,-15.260000,-15.820000,104.580002
89505,,,,,,,,,,,,,110.753967,120.126801,0.503218,0.563313,,,,,,,,,,,,
89500,,,,,,,,,,,,,,,,,,,,0.369221,0.942525,2.802339,,,,,,
89507,,,,,,,,,,,,,,,,,,,,0.352498,0.948690,2.819174,,,,,,
89510,,,,,,,,,,,,,,,,,,,,,,,0.089853,0.267241,0.961909,-0.770000,-3.500000,109.059998
89514,,,,,,,,,,,,,111.498497,121.215813,0.494585,0.550685,,,,,,,,,,,,
89515,,,,,,,,,,,,,,,,,,,,,,,0.065636,0.267241,0.961909,7.420000,23.799999,100.099998
89516,,,,,,,,,,,,,,,,,,,,0.335375,0.954668,2.838806,,,,,,
89523,,,,,,,,,,,,,,,,,,,,,,,0.182634,0.327692,1.218780,42.070000,-9.660000,106.260002
89524,,,,,,,,,,,,,111.900490,122.268845,0.489924,0.538474,,,,,,,,,,,,
89530,,,,,,,,,,,,,,,,,,,,0.318436,0.960471,2.855592,,,,,,
89534,,,,,,,,,,,,,113.330971,123.698723,0.473336,0.521894,,,,,,,0.182634,0.327692,1.218780,-30.240000,-44.939999,108.290001
89537,,,,,,,,,,,,,,,,,,,,0.300694,0.965679,2.872383,,,,,,
89542,,,,0.279214,0.960229,2.858617,1.785044,1.785044,,,,,,,,,,,,,,,,,,,,
89543,,,,,,,,,,,117.451187,128.303696,,,,,0.018731,0.010913,-0.012832,,,,,,,,,
89544,,,,,,,,,,,,,113.967911,124.333504,0.534417,0.585711,,,,,,,,,,,,
89546,,,,,,,,,,,,,,,,,,,,,,,0.079239,0.228323,0.688568,4.200000,0.630000,110.599998
89551,,,,,,,,,,,,,,,,,,,,0.283447,0.970978,2.894796,,,,,,
89554,,,,,,,,,,,,,115.243797,125.071190,0.519622,0.577157,,,,,,,0.079239,0.228323,0.688568,5.110000,49.840000,113.680000
89565,,,,,,,,,,,,,116.272552,126.065514,0.507693,0.565628,,,,,,,,,,,,
89558,,,,,,,,,,,,,,,,,,,,0.265259,0.976060,2.911409,,,,,,
89569,,,,,,,,,,,,,,,,,,,,,,,0.109251,0.347090,1.041758,23.170000,10.430000,105.699997
89575,,,,,,,,,,,,,116.616463,127.003090,0.503705,0.554756,,,,,,,0.109251,0.347090,1.041758,37.520000,-32.340000,110.739998
89572,,,,,,,,,,,,,,,,,,,,0.246208,0.980878,2.930841,,,,,,
89579,,,,,,,,,,,,,,,,,,,,0.228148,0.985489,2.950331,,,,,,
89584,,,,,,,,,,,,,117.929192,128.469238,0.488483,0.537755,,,,,,,0.154391,0.476532,1.279536,-28.139999,-74.410004,104.860001
89587,,,,,,,,,,,,,,,,,,,,0.209686,0.989075,2.967047,,,,,,
89592,,,,0.188302,0.982111,2.952160,1.842929,1.842929,,,,,,,,,,,,,,,,,,,,
89593,,,,,,,,,,,121.332214,132.387253,,,,,0.019337,0.010421,-0.013926,,,,,,,,,
89594,,,,,,,,,,,,,119.113556,129.639282,0.536078,0.588715,,,,,,,,,,,,
89596,,,,,,,,,,,,,,,,,,,,,,,0.154391,0.476532,1.279536,10.220000,12.530000,104.019997
89606,,,,,,,,,,,,,119.967285,130.233994,0.526178,0.581819,,,,,,,,,,,,
89600,,,,,,,,,,,,,,,,,,,,0.191308,0.992749,2.986541,,,,,,
89610,,,,,,,,,,,,,,,,,,,,,,,0.054412,0.174338,0.670146,-5.180000,77.699997,109.480003
89608,,,,,,,,,,,,,,,,,,,,0.171335,0.996551,3.003083,,,,,,
89614,,,,,,,,,,,,,120.754036,130.713348,0.517055,0.576261,,,,,,,,,,,,
89615,,,,,,,,,,,,,,,,,,,,,,,0.054412,0.174338,0.670146,-21.770000,70.629997,107.730003
89623,,,,,,,,,,,,,,,,,,,,,,,0.162443,0.485316,1.220427,-4.760000,-12.530000,112.000000
89622,,,,,,,,,,,,,,,,,,,,0.151903,0.999710,3.022471,,,,,,
89624,,,,,,,,,,,,,121.249207,131.811951,0.511313,0.563522,,,,,,,,,,,,
89629,,,,,,,,,,,,,,,,,,,,0.132544,1.002391,3.044656,,,,,,
89634,,,,,,,,,,,,,122.395378,132.934998,0.498023,0.550499,,,,,,,0.162443,0.485316,1.220427,5.180000,-41.299999,105.699997
89637,,,,,,,,,,,,,,,,,,,,0.113183,1.004606,3.058532,,,,,,
89642,,,,0.093049,0.995662,3.048409,1.898352,1.898352,,,,,,,,,,,,,,,,,,,,
89643,,,,,,,,,,,124.347450,136.161316,,,,,0.018688,0.010397,-0.009419,,,,,,,,,
89644,,,,,,,,,,,,,123.752945,134.260666,0.529927,0.594765,,,,,,,,,,,,
89646,,,,,,,,,,,,,,,,,,,,,,,0.025559,0.344711,0.866871,-23.450001,-47.669998,114.940002
89650,,,,,,,,,,,,,,,,,,,,0.094322,1.006657,3.080770,,,,,,
89654,,,,,,,,,,,,,123.961342,135.006500,0.527511,0.586116,,,,,,,0.025559,0.344711,0.866871,17.430000,35.980000,120.959999
89658,,,,,,,,,,,,,,,,,,,,0.074505,1.008644,3.100084,,,,,,
89665,,,,,,,,,,,,,124.842110,135.162552,0.517298,0.584307,,,,,,,,,,,,
89669,,,,,,,,,,,,,,,,,,,,,,,0.055998,0.306159,0.953369,-13.020000,52.639999,129.289993
89671,,,,,,,,,,,,,,,,,,,,0.052951,1.009873,3.119344,,,,,,
89674,,,,,,,,,,,,,,,,,,,,,,,0.055998,0.306159,1.310585,41.860001,36.820000,126.910004
89675,,,,,,,,,,,,,124.557816,136.029388,0.520594,0.574255,,,,,,,,,,,,
89680,,,,,,,,,,,,,,,,,,,,0.032968,1.010953,-3.138882,,,,,,
89684,,,,,,,,,,,,,125.693336,137.086380,0.507427,0.561999,,,,,,,0.119377,0.547963,1.310585,-0.350000,-9.800000,120.050003
89687,,,,,,,,,,,,,,,,,,,,0.012880,1.011370,-3.119522,,,,,,
89692,,,,-0.005638,0.999984,-3.135955,1.951165,1.951165,,,,,,,,,,,,,,,,,,,,
89693,,,,,,,,,,,127.737457,139.415558,,,,,0.018362,0.010789,-0.014585,,,,,,,,,
89694,,,,,,,,,,,,,126.509102,138.279495,0.551536,0.599587,,,,,,,,,,,,
89696,,,,,,,,,,,,,,,,,,,,,,,0.119377,0.547963,1.310585,2.520000,-29.190001,123.059998
89701,,,,,,,,,,,,,,,,,,,,-0.006905,1.011647,-3.097319,,,,,,
89704,,,,,,,,,,,,,,,0.545966,0.590587,,,,,,,0.039650,0.260226,0.630069,14.420000,-6.650000,127.120003
89705,,,,,,,,,,,,,126.989464,139.055664,,,,,,,,,,,,,,
89708,,,,,,,,,,,,,,,,,,,,-0.027187,1.011701,-3.075163,,,,,,
89714,,,,,,,,,,,,,128.120132,139.951950,0.532855,0.580194,,,,,,,0.039650,0.506056,1.170651,-63.910000,1.820000,139.649994
89722,,,,,,,,,,,,,,,,,,,,-0.047844,1.010615,-3.050168,,,,,,
89725,,,,,,,,,,,,,128.652298,141.150513,0.526684,0.566295,,,,,,,,,,,,
89729,,,,,,,,,,,,,,,,,,,,-0.068867,1.009894,-3.030841,0.042273,0.506056,1.170651,52.150002,15.960000,113.260002
89734,,,,,,,,,,,,,,,,,,,,,,,0.130784,0.336964,0.826123,-14.770000,16.240000,121.449997
89735,,,,,,,,,,,,,129.598251,141.237946,0.515716,0.565282,,,,,,,,,,,,
89737,,,,,,,,,,,,,,,,,,,,-0.089389,1.008438,-3.005879,,,,,,
89742,,,,-0.106688,0.994293,-3.034702,2.001226,2.001226,,,,,,,,,,,,,,,,,,,,
89743,,,,,,,,,,,131.450867,142.396057,,,,,0.018685,0.011459,-0.025592,,,,,,,,,
89744,,,,,,,,,,,,,129.841278,141.945724,0.571576,0.604172,,,,,,,,,,,,
89746,,,,,,,,,,,,,,,,,,,,,,,0.130784,0.336964,0.826123,0.140000,6.370000,127.680000
89750,,,,,,,,,,,,,,,,,,,,-0.110404,1.006549,-2.986451,,,,,,
89754,,,,,,,,,,,,,130.656891,142.488373,0.562119,0.597880,,,,,,,0.009150,0.596397,1.217316,-14.070000,-22.190001,122.639999
89758,,,,,,,,,,,,,,,,,,,,-0.130677,1.003892,-2.961442,,,,,,
89766,,,,,,,,,,,,,131.938370,143.806732,0.547259,0.582592,,,,,,,,,,,,
89769,,,,,,,,,,,,,,,,,,,,,,,0.009150,0.596397,1.217316,-30.590000,16.100000,115.639999
89771,,,,,,,,,,,,,,,,,,,,-0.150762,1.001154,-2.941946,,,,,,
89774,,,,,,,,,,,,,,,,,,,,,,,0.089670,0.334158,0.909144,10.220000,4.690000,122.709999
89775,,,,,,,,,,,,,133.081543,144.293625,0.534003,0.576946,,,,,,,,,,,,
89778,,,,,,,,,,,,,,,,,,,,-0.171982,0.998213,-2.916927,,,,,,
89784,,,,,,,,,,,,,134.350922,144.932251,0.519284,0.569541,,,,,,,0.089670,0.334158,0.909144,-60.480000,40.459999,142.800003
89792,,,,-0.208879,0.977942,-2.931164,2.048404,2.048404,,,,,,,,,,,,-0.193770,0.994092,-2.897479,,,,,,
89793,,,,,,,,,,,140.612946,153.019943,,,,,0.038237,0.011284,-0.013680,,,,,,,,,
89795,,,,,,,,,,,,,134.452774,144.922485,0.662881,0.737532,,,,,,,,,,,,
89796,,,,,,,,,,,,,,,,,,,,,,,0.060451,0.224968,0.608292,28.139999,102.059998,121.800003
89800,,,,,,,,,,,,,,,,,,,,-0.214689,0.990543,-2.872393,,,,,,
89804,,,,,,,,,,,,,135.058014,146.175583,0.655863,0.723001,,,,,,,0.060451,0.224968,0.608292,-51.029999,6.790000,140.139999
89807,,,,,,,,,,,,,,,,,,,,-0.235984,0.985560,-2.850109,,,,,,
89814,,,,,,,,,,,,,136.774689,148.332520,0.635957,0.697990,,,,,,,0.022631,0.798856,1.436367,0.140000,-33.320000,127.120003
89817,,,,,,,,,,,,,,,,,,,,-0.235984,0.985560,-2.850109,,,,,,
89826,,,,,,,,,,,,,139.509949,150.700363,0.604240,0.670534,,,,,,,,,,,,
89825,,,,,,,,,,,,,,,,,,,,-0.256507,0.980404,-2.827605,,,,,,
89830,,,,,,,,,,,,,,,,,,,,,,,0.022631,0.798856,1.436367,-19.950001,-101.919998,150.570007
89834,,,,,,,,,,,,,141.223099,152.520782,0.584375,0.649425,,,,,,,,,,,,
89832,,,,,,,,,,,,,,,,,,,,-0.276197,0.975619,-2.802329,,,,,,
89835,,,,,,,,,,,,,,,,,,,,,,,0.127246,0.207583,0.595177,-36.259998,-48.509998,143.009995
89843,,,,-0.310859,0.950456,-2.825496,2.092578,2.092578,,,144.236221,156.168884,,,,,0.039748,0.011814,-0.021317,,,,,,,,,
89840,,,,,,,,,,,,,,,,,,,,-0.296969,0.969878,-2.776930,,,,,,
89844,,,,,,,,,,,,,142.801773,153.942429,0.623324,0.682699,,,,,,,,,,,,
89846,,,,,,,,,,,,,,,,,,,,,,,0.127246,0.207583,0.595177,1.680000,26.320000,149.940002
89847,,,,,,,,,,,,,,,,,,,,-0.318971,0.963511,-2.751716,,,,,,
89853,,,,,,,,,,,,,,,,,,,,,,,0.138714,0.258884,0.932080,9.870000,51.240002,161.770004
89854,,,,,,,,,,,,,143.405548,154.993774,0.616322,0.670508,,,,,,,,,,,,
89861,,,,,,,,,,,,,,,,,,,,-0.340316,0.957093,-2.726276,,,,,,
89864,,,,,,,,,,,,,143.999756,155.378342,0.609432,0.666049,,,,,,,0.138714,0.258884,0.932080,45.570000,14.630000,155.750000
89868,,,,,,,,,,,,,,,,,,,,-0.360691,0.950580,-2.697919,,,,,,
89874,,,,,,,,,,,,,145.503448,156.737076,0.591996,0.650293,,,,,,,0.229848,0.674599,1.322663,-45.080002,-20.790001,150.710007
89876,,,,,,,,,,,,,,,,,,,,-0.381365,0.942809,-2.675151,,,,,,
89885,,,,,,,,,,,,,146.702835,157.773224,0.578088,0.638278,,,,,,,,,,,,
89889,,,,,,,,,,,,,,,,,,,,,,,0.229848,0.674599,0.734013,-38.570000,-23.240000,146.720001
89892,,,,-0.411171,0.911558,-2.717855,2.133634,2.133634,,,,,,,,,,,,,,,,,,,,
89893,,,,,,,,,,,147.476059,157.956192,,,,,0.039499,0.013939,-0.039353,,,,,,,,,
89890,,,,,,,,,,,,,,,,,,,,-0.402690,0.934627,-2.646596,,,,,,
89894,,,,,,,,,,,,,,,0.624211,0.656238,,,,,,,,,,,,
89895,,,,,,,,,,,,,147.140305,158.660004,,,,,,,,,,,,,,
89897,,,,,,,,,,,,,,,,,,,,-0.424365,0.925919,-2.623854,0.052765,0.250466,0.734013,-7.350000,12.600000,155.050003
89904,,,,,,,,,,,,,146.999390,158.348892,0.625845,0.659846,,,,,,,0.052765,0.250466,1.309182,32.830002,-7.140000,149.800003
89913,,,,,,,,,,,,,,,,,,,,,,,0.199775,0.692960,1.309182,-34.580002,-73.570000,153.089996
89911,,,,,,,,,,,,,,,,,,,,-0.444742,0.917536,-2.595147,,,,,,
89914,,,,,,,,,,,,,148.588150,159.244415,0.607422,0.649462,,,,,,,,,,,,
89919,,,,,,,,,,,,,,,,,,,,-0.465638,0.907396,-2.572126,,,,,,
89924,,,,,,,,,,,,,149.731583,160.345062,0.594163,0.636699,,,,,,,0.199775,0.284687,0.643611,-29.469999,-22.750000,149.800003
89926,,,,,,,,,,,,,,,,,,,,-0.485608,0.897876,-2.540215,,,,,,
89933,,,,,,,,,,,,,,,,,,,,,,,0.050081,0.284687,0.643611,-21.770000,84.070000,152.460007
89934,,,,,,,,,,,,,150.713623,160.742889,0.582776,0.632086,,,,,,,,,,,,
89946,,,,-0.508282,0.861191,-2.608404,2.171469,2.171469,,,,,,,,,,,,,,,,,,,,
89947,,,,,,,,,,,150.297623,158.921494,,,,,0.038302,0.016879,-0.061266,,,,,,,,,
89948,,,,,,,,,,,,,150.484467,160.126862,0.630019,0.654483,,,,-0.527567,0.876311,-2.493795,,,,,,
89941,,,,,,,,,,,,,,,,,,,,-0.507006,0.887008,-2.517147,,,,,,
89953,,,,,,,,,,,,,,,,,,,,,,,0.141825,0.496967,1.142164,-20.020000,47.740002,141.889999
89954,,,,,,,,,,,,,150.966400,160.818695,0.624431,0.646460,,,,,,,,,,,,
89958,,,,,,,,,,,,,,,,,,,,,,,0.141825,0.496967,1.142164,-44.310001,15.330000,142.589996
89956,,,,,,,,,,,,,,,,,,,,-0.547992,0.864699,-2.464577,,,,,,
89964,,,,,,,,,,,,,151.800095,161.191025,0.614764,0.642143,,,,,,,0.033123,0.521855,0.875045,-17.360001,-10.220000,139.229996
89970,,,,,,,,,,,,,,,,,,,,-0.568067,0.852672,-2.443967,,,,,,
89974,,,,,,,,,,,,,152.426636,161.426041,0.607499,0.639418,,,,,,,0.033123,0.521855,0.875045,-23.520000,-33.529999,138.320007
89977,,,,,,,,,,,,,,,,,,,,-0.586542,0.841187,-2.417414,,,,,,
89985,,,,,,,,,,,,,152.725601,161.317444,0.604032,0.640677,,,,,,,,,,,,
89989,,,,,,,,,,,,,,,,,,,,,,,0.084790,0.689178,1.160891,29.190001,-27.020000,127.190002
89992,,,,-0.600623,0.799532,-2.497313,2.205987,2.205987,,,,,,,,,,,,,,,,,,,,
89993,,,,,,,,,,,152.463516,160.349777,,,,,0.037351,0.020987,-0.073569,,,,,,,,,
89991,,,,,,,,,,,,,,,,,,,,-0.605685,0.828802,-2.396616,,,,,,
89995,,,,,,,,,,,,,153.310333,161.693329,0.631477,0.658888,,,,,,,,,,,,
89997,,,,,,,,,,,,,,,,,,,,,,,0.084790,0.689178,1.160891,-51.730000,-7.210000,122.500000
89998,,,,,,,,,,,,,,,,,,,,-0.624418,0.815218,-2.372660,,,,,,
90004,,,,,,,,,,,,,,,0.623452,0.646949,,,,,,,0.046726,0.584502,0.967277,-46.900002,-19.320000,125.440002
90005,,,,,,,,,,,,,154.002380,162.722977,,,,,,,,,,,,,,
90013,,,,,,,,,,,,,,,,,,,,,,,0.046726,0.584502,0.967277,17.010000,-5.460000,115.430000
90012,,,,,,,,,,,,,,,,,,,,-0.642798,0.800997,-2.351745,,,,,,
90014,,,,,,,,,,,,,155.119522,163.567551,0.610498,0.637155,,,,,,,,,,,,
90019,,,,,,,,,,,,,,,,,,,,-0.661695,0.786850,-2.327711,,,,,,
90024,,,,,,,,,,,,,154.612381,162.815765,0.616379,0.645873,,,,,,,0.075213,0.235582,0.668560,76.860001,-15.820000,113.889999
90027,,,,,,,,,,,,,,,,,,,,-0.680525,0.772504,-2.312724,,,,,,
90033,,,,,,,,,,,,,,,,,,,,,,,0.075213,0.235582,0.668560,-44.730000,38.990002,121.169998
90034,,,,,,,,,,,,,154.955826,162.410706,0.612396,0.650570,,,,,,,,,,,,
90047,,,,-0.686628,0.727009,-2.384752,2.237101,2.237101,,,153.592987,163.086151,,,,,0.036840,0.025433,-0.064933,,,,,,,,,
90048,,,,,,,,,,,,,155.551941,163.062439,0.623332,0.686252,,,,-0.716410,0.741002,-2.273237,,,,,,
90041,,,,,,,,,,,,,,,,,,,,-0.698710,0.756795,-2.288469,,,,,,
90052,,,,,,,,,,,,,,,,,,,,,,,0.121695,0.779336,1.252452,20.370001,-17.990000,116.690002
90054,,,,,,,,,,,,,155.618347,163.586823,0.622562,0.680172,,,,,,,,,,,,
90058,,,,,,,,,,,,,,,,,,,,,,,0.064843,0.391010,0.769393,-26.250000,-17.639999,119.629997
90064,,,,,,,,,,,,,,,,,,,,,,,0.064843,0.391010,0.769393,-4.060000,-2.660000,111.580002
90062,,,,,,,,,,,,,,,,,,,,-0.733142,0.725848,-2.251821,,,,,,
90065,,,,,,,,,,,,,155.502319,163.275040,0.623907,0.683787,,,,,,,,,,,,
90069,,,,,,,,,,,,,,,,,,,,-0.750813,0.709267,-2.233394,,,,,,
90074,,,,,,,,,,,,,156.280289,163.950958,0.614886,0.675949,,,,,,,0.064843,0.391010,0.769393,6.720000,-63.419998,124.320000
90077,,,,,,,,,,,,,,,,,,,,-0.766947,0.692360,-2.214887,,,,,,
90084,,,,,,,,,,,,,156.248672,164.903183,0.615252,0.664908,,,,,,,0.129015,0.681187,1.215059,-40.599998,-9.170000,116.410004
90093,,,,-0.764777,0.644296,-2.270898,2.264737,2.264737,,,154.169678,165.753983,,,,,0.036013,0.029678,-0.052032,,,,,,,,,
90091,,,,,,,,,,,,,,,,,,,,-0.782984,0.675182,-2.193151,,,,,,
90095,,,,,,,,,,,,,156.773132,165.636627,0.618284,0.698560,,,,,,,,,,,,
90096,,,,,,,,,,,,,,,,,,,,,,,0.129015,0.681187,1.215059,38.919998,6.020000,126.209999
90105,,,,,,,,,,,,,156.454697,165.513245,0.621976,0.699990,,,,,,,,,,,,
90098,,,,,,,,,,,,,,,,,,,,-0.799249,0.657932,-2.168152,,,,,,
90109,,,,,,,,,,,,,,,,,,,,,,,0.068625,0.330559,0.712236,-4.900000,-15.260000,123.830002
90112,,,,,,,,,,,,,,,,,,,,-0.815359,0.639311,-2.143062,,,,,,
90115,,,,,,,,,,,,,156.824005,166.053299,0.617694,0.693728,,,,,,,0.068625,0.715896,1.195600,-30.799999,-28.070000,130.759995
90120,,,,,,,,,,,,,,,,,,,,-0.830573,0.620286,-2.127269,,,,,,
90124,,,,,,,,,,,,,157.198212,166.767059,0.613355,0.685451,,,,,,,0.144936,0.715896,1.195600,15.190000,-27.020000,127.610001
90127,,,,,,,,,,,,,,,,,,,,-0.845431,0.601703,-2.101820,,,,,,
90134,,,,,,,,,,,,,157.016022,167.817184,0.615467,0.673275,,,,,,,0.144936,0.715896,0.958127,28.350000,-25.200001,152.809998
90137,,,,,,,,,,,,,,,,,,,,-0.845431,0.601703,-2.101820,,,,,,
90145,,,,,,,,,,,,,157.473236,168.053085,0.610166,0.670539,,,,-0.859850,0.583072,-2.076230,,,,,,
90148,,,,-0.833638,0.552311,-2.155930,2.288825,2.288825,,,155.487091,167.536423,,,,,0.035995,0.033941,-0.053584,,,,,,,,,
90152,,,,,,,,,,,,,,,,,,,,-0.874060,0.563356,-2.050421,0.066368,0.517036,0.958127,27.230000,-32.970001,161.070007
90155,,,,,,,,,,,,,157.490662,168.177734,0.630781,0.697260,,,,,,,,,,,,
90159,,,,,,,,,,,,,,,,,,,,-0.887630,0.542772,-2.021152,0.101870,0.628788,1.083421,-51.169998,-29.469999,160.300003
90164,,,,,,,,,,,,,158.032761,169.293320,0.624495,0.684324,,,,,,,,,,,,
90165,,,,,,,,,,,,,,,,,,,,,,,0.101870,0.628788,1.083421,-18.480000,-32.830002,162.539993
90167,,,,,,,,,,,,,,,,,,,,-0.900470,0.522852,-1.994893,,,,,,
90173,,,,,,,,,,,,,,,,,,,,,,,0.050630,0.392779,0.796050,-7.140000,9.590000,162.610001
90174,,,,,,,,,,,,,158.605850,169.716904,0.617850,0.679412,,,,,,,,,,,,
90184,,,,,,,,,,,,,158.348053,169.320618,0.620839,0.684007,,,,,,,0.050630,0.392779,0.796050,-6.090000,41.090000,171.500000
90181,,,,,,,,,,,,,,,,,,,,-0.913158,0.502472,-1.971756,,,,,,
90192,,,,-0.891916,0.452202,-2.040028,2.309306,2.309306,,,,,,,,,,,,,,,,,,,,
90193,,,,,,,,,,,157.542694,168.687057,,,,,0.037111,0.037952,-0.066618,,,,,,,,,
90189,,,,,,,,,,,,,,,,,,,,-0.925958,0.480933,-1.941750,,,,,,
90194,,,,,,,,,,,,,158.351334,170.374466,0.653284,0.689969,,,,,,,,,,,,
90196,,,,,,,,,,,,,,,,,,,,,,,0.152500,0.796599,1.314001,-44.520000,-7.700000,157.639999
90206,,,,,,,,,,,,,159.363251,171.414810,0.641550,0.677906,,,,,,,,,,,,
90202,,,,,,,,,,,,,,,,,,,,-0.937680,0.459304,-1.911397,,,,,,
90210,,,,,,,,,,,,,,,,,,,,-0.949346,0.437278,-1.884172,0.152500,0.796599,0.545523,26.600000,-7.420000,163.100006
90214,,,,,,,,,,,,,160.197769,171.611572,0.631873,0.675624,,,,,,,,,,,,
90215,,,,,,,,,,,,,,,,,,,,,,,0.024217,0.281576,0.545523,-3.850000,12.390000,172.970001
90217,,,,,,,,,,,,,,,,,,,,-0.960266,0.416256,-1.853163,,,,,,
90224,,,,,,,,,,,,,160.110291,171.365158,0.632887,0.678482,,,,,,,0.024217,0.281576,0.545523,-19.110001,-6.930000,175.210007
90230,,,,,,,,,,,,,,,,,,,,-0.970842,0.393536,-1.821864,,,,,,
90233,,,,,,,,,,,,,,,,,,,,,,,0.143167,0.840763,1.364204,1.960000,-13.370000,156.800003
90234,,,,,,,,,,,,,160.348755,171.454681,0.630122,0.677444,,,,,,,,,,,,
90238,,,,,,,,,,,,,,,,,,,,-0.980550,0.371097,-1.793669,,,,,,
90242,,,,-0.938484,0.345322,-1.923378,2.326132,2.326132,,,,,,,,,,,,,,,,,,,,
90243,,,,,,,,,,,153.426712,159.172775,,,,,0.016575,0.045126,-0.121484,,,,,,,,,
90244,,,,,,,,,,,,,160.730362,172.271729,0.560657,0.517626,,,,,,,,,,,,
90246,,,,,,,,,,,,,,,,,,,,,,,0.143167,0.840763,1.364204,6.440000,-20.020000,165.759995
90253,,,,,,,,,,,,,,,,,,,,,,,0.029890,0.385032,0.674599,-8.050000,-6.160000,161.699997
90252,,,,,,,,,,,,,,,,,,,,-0.989949,0.348402,-1.765137,,,,,,
90255,,,,,,,,,,,,,161.662170,171.912338,0.549852,0.521793,,,,,,,,,,,,
90264,,,,,,,,,,,,,160.339890,170.069717,0.565185,0.543160,,,,,,,,,,,,
90260,,,,,,,,,,,,,,,,,,,,-0.998869,0.325618,-1.732575,,,,,,
90269,,,,,,,,,,,,,,,,,,,,,,,0.029890,0.385032,0.999546,17.290001,-8.610000,151.059998
90267,,,,,,,,,,,,,,,,,,,,-1.007092,0.301974,-1.710833,,,,,,
90274,,,,,,,,,,,,,159.401321,168.144623,0.576068,0.565482,,,,,,,,,,,,
90275,,,,,,,,,,,,,,,,,,,,,,,0.058316,0.534909,0.999546,-11.340000,6.020000,141.470001
90283,,,,,,,,,,,,,,,,,,,,,,,0.058316,0.534909,0.999546,2.870000,22.959999,134.750000
90281,,,,,,,,,,,,,,,,,,,,-1.015342,0.277778,-1.684994,,,,,,
90284,,,,,,,,,,,,,159.076904,166.433517,0.579830,0.585324,,,,,,,,,,,,
90292,,,,-0.972429,0.233201,-1.806165,2.339260,2.339260,,,,,,,,,,,,,,,,,,,,
90293,,,,,,,,,,,160.977402,167.885040,,,,,0.037147,0.046818,-0.113597,,,,,,,,,
90289,,,,,,,,,,,,,,,,,,,,-1.022551,0.254005,-1.658753,,,,,,
90294,,,,,,,,,,,,,158.273727,166.129028,0.708458,0.726525,,,,,,,,,,,,
90297,,,,,,,,,,,,,,,,,,,,-1.028724,0.230115,-1.643478,-0.064965,0.696742,1.034682,-18.969999,39.970001,111.300003
90306,,,,,,,,,,,,,158.390808,165.970230,0.707101,0.728366,,,,,,,,,,,,
90310,,,,,,,,,,,,,,,,,,,,,,,-0.064965,0.696742,1.034682,84.629997,5.740000,101.220001
90311,,,,,,,,,,,,,,,,,,,,-1.034909,0.207225,-1.620765,,,,,,
90314,,,,,,,,,,,,,160.418243,166.795563,0.683591,0.718796,,,,,,,,,,,,
90315,,,,,,,,,,,,,,,,,,,,,,,-0.054717,0.727791,1.131977,-63.560001,3.500000,115.500000
90319,,,,,,,,,,,,,,,,,,,,-1.040016,0.183604,-1.605287,,,,,,
90324,,,,,,,,,,,,,161.765656,168.225006,0.667967,0.702220,,,,,,,-0.054717,0.727791,1.131977,-3.920000,-12.460000,100.449997
90329,,,,,,,,,,,,,,,,,,,,-1.044613,0.160592,-1.582472,,,,,,
90334,,,,,,,,,,,,,162.535721,167.970612,0.659038,0.705170,,,,,,,0.072956,0.449204,0.771040,-14.000000,-42.070000,116.480003
90337,,,,,,,,,,,,,,,,,,,,-1.049054,0.137548,-1.562984,,,,,,
90342,,,,-0.993072,0.117506,-1.688575,2.348661,2.348661,,,,,,,,,,,,,,,,,,,,
90343,,,,,,,,,,,155.736374,162.928329,,,,,0.020985,0.054021,-0.119107,,,,,,,,,
90344,,,,,,,,,,,,,163.090469,168.760590,0.569787,0.617685,,,,,,,,,,,,
90346,,,,,,,,,,,,,,,,,,,,,,,0.072956,0.449204,1.352553,7.490000,3.920000,101.779999
90354,,,,,,,,,,,,,,,,,,,,,,,0.184464,0.893101,1.352553,-2.240000,11.060000,107.029999
90351,,,,,,,,,,,,,,,,,,,,-1.051748,0.114090,-1.547460,,,,,,
90355,,,,,,,,,,,,,164.545212,169.851746,0.552918,0.605032,,,,,,,,,,,,
90365,,,,,,,,,,,,,164.987625,170.535782,0.547788,0.597100,,,,,,,,,,,,
90360,,,,,,,,,,,,,,,,,,,,-1.054537,0.090431,-1.532032,,,,,,
90370,,,,,,,,,,,,,,,,,,,,,,,-0.025071,0.048983,0.284321,-1.120000,55.230000,104.720001
90367,,,,,,,,,,,,,,,,,,,,-1.057518,0.065566,-1.509121,,,,,,
90374,,,,,,,,,,,,,163.388138,169.199036,0.566335,0.612601,,,,,,,,,,,,
90375,,,,,,,,,,,,,,,,,,,,,,,-0.025071,0.048983,0.284321,0.700000,32.689999,110.669998
90381,,,,,,,,,,,,,,,,,,,,-1.059645,0.040441,-1.497975,,,,,,
90384,,,,,,,,,,,,,161.244492,168.294678,0.591192,0.623087,,,,,,,0.116449,0.998692,1.454667,58.869999,-14.630000,102.269997
90388,,,,,,,,,,,,,,,,,,,,-1.060985,0.015211,-1.475359,,,,,,
90393,,,,-1.000000,0.000000,-1.570796,2.354310,2.354310,,,154.808578,165.362900,,,,,0.020942,0.057669,-0.094496,,,,,,,,,
90394,,,,,,,,,,,,,160.670532,167.713638,0.583187,0.668295,,,,,,,,,,,,
90396,,,,,,,,,,,,,,,,,,,,,,,0.116449,0.998692,1.454667,-50.680000,13.720000,99.260002
90397,,,,,,,,,,,,,,,,,,,,-1.061223,-0.008983,-1.456851,,,,,,
90405,,,,,,,,,,,,,160.478119,168.427383,0.585418,0.660019,,,,,,,,,,,,
90410,,,,,,,,,,,,,,,,,,,,,,,-0.063806,0.231678,0.376553,59.779999,17.850000,94.570000
90411,,,,,,,,,,,,,,,,,,,,-1.061687,-0.033536,-1.441916,,,,,,
90414,,,,,,,,,,,,,159.707092,168.201508,0.594358,0.662638,,,,,,,,,,,,
90415,,,,,,,,,,,,,,,,,,,,,,,-0.063806,0.231678,0.376553,41.230000,-37.869999,94.290001
90418,,,,,,,,,,,,,,,,,,,,-1.062089,-0.057942,-1.427346,,,,,,
90424,,,,,,,,,,,,,158.436066,168.317184,0.609097,0.661297,,,,,,,0.003599,0.902739,1.142530,-51.029999,-44.450001,97.300003
90433,,,,,,,,,,,,,,,,,,,,-1.061063,-0.081774,-1.408884,0.003599,0.902739,1.142530,-31.780001,-10.920000,96.459999
90434,,,,,,,,,,,,,158.635666,168.601440,0.606782,0.658001,,,,,,,,,,,,
90443,,,,-0.993072,-0.117506,-1.453018,2.356194,2.356194,,,160.397934,176.741745,,,,,0.043562,0.059904,-0.047800,,,,,,,,,
90440,,,,,,,,,,,,,,,,,,,,-1.058565,-0.105398,-1.394388,,,,,,
90445,,,,,,,,,,,,,159.171921,170.179153,0.688886,0.819513,,,,,,,,,,,,
90447,,,,,,,,,,,,,,,,,,,,-1.056330,-0.128140,-1.376401,-0.065575,0.368257,0.499407,-10.500000,-9.170000,88.129997
90454,,,,,,,,,,,,,159.297729,170.865631,0.687428,0.811553,,,,,,,-0.065575,0.368257,0.499407,50.400002,40.180000,95.339996
90465,,,,,,,,,,,,,160.095123,170.850388,0.678181,0.811730,,,,,,,,,,,,
90462,,,,,,,,,,,,,,,,,,,,-1.054796,-0.152438,-1.358648,,,,,,
90469,,,,,,,,,,,,,,,,,,,,,,,0.135481,0.343064,0.960262,-68.739998,41.580002,140.910004
90472,,,,,,,,,,,,,,,,,,,,-1.051792,-0.178053,-1.340829,,,,,,
90475,,,,,,,,,,,,,161.357315,173.670456,0.663545,0.779029,,,,,,,0.135481,0.343064,0.960262,-42.000000,28.280001,154.000000
90479,,,,,,,,,,,,,,,,,,,,-1.048049,-0.202027,-1.312746,,,,,,
90484,,,,,,,,,,,,,162.640823,175.389969,0.648662,0.759090,,,,,,,0.175192,0.533384,0.903715,44.310001,-66.360001,145.110001
90487,,,,,,,,,,,,,,,,,,,,-1.044002,-0.226588,-1.295430,,,,,,
90492,,,,-0.972429,-0.233201,-1.335428,2.354310,2.354310,,,,,,,,,,,,,,,,,,,,
90493,,,,,,,,,,,153.509872,171.521973,,,,,0.026319,0.065727,-0.039730,,,,,,,,,
90494,,,,,,,,,,,,,163.086380,176.546890,0.534651,0.663193,,,,,,,,,,,,
90496,,,,,,,,,,,,,,,,,,,,,,,0.175192,0.533384,0.903715,-8.190000,29.610001,184.309998
90504,,,,,,,,,,,,,162.538208,176.615768,0.541008,0.662394,,,,,,,0.262788,0.519171,1.132282,11.830000,-4.480000,180.740005
90501,,,,,,,,,,,,,,,,,,,,-1.039893,-0.250785,-1.257422,,,,,,
90509,,,,,,,,,,,,,,,,,,,,-1.035048,-0.275642,-1.230177,,,,,,
90514,,,,,,,,,,,,,161.937012,177.065887,0.547979,0.657175,,,,,,,0.262788,0.519171,1.132282,-25.200001,14.420000,198.800003
90525,,,,,,,,,,,,,160.905869,176.850784,0.559936,0.659669,,,,,,,,,,,,
90522,,,,,,,,,,,,,,,,,,,,-1.029457,-0.299837,-1.193155,,,,,,
90529,,,,,,,,,,,,,,,,,,,,,,,0.112423,0.452376,0.771955,50.610001,-23.730000,226.729996
90530,,,,,,,,,,,,,,,,,,,,-1.023682,-0.324639,-1.156606,,,,,,
90534,,,,,,,,,,,,,,,,,,,,,,,0.112423,0.452376,0.771955,-33.389999,-15.750000,223.580002
90535,,,,,,,,,,,,,160.138138,176.782715,0.568838,0.660459,,,,,,,,,,,,
90537,,,,,,,,,,,,,,,,,,,,-1.016888,-0.349670,-1.120429,,,,,,
90542,,,,-0.938484,-0.345322,-1.218214,2.348661,2.348661,,,,,,,,,,,,,,,,,,,,
90543,,,,,,,,,,,156.823059,168.749207,,,,,0.029872,0.070939,-0.096735,,,,,,,,,
90544,,,,,,,,,,,,,158.916550,176.375046,0.635358,0.621371,,,,,,,,,,,,
90546,,,,,,,,,,,,,,,,,,,,,,,0.008418,0.665815,1.101965,27.650000,-0.770000,223.369995
90551,,,,,,,,,,,,,,,,,,,,-1.009775,-0.374325,-1.078222,,,,,,
90554,,,,,,,,,,,,,158.711349,176.118210,0.637737,0.624349,,,,,,,0.008418,0.665815,0.907924,-65.730003,23.940001,229.740005
90558,,,,,,,,,,,,,,,,,,,,-1.001546,-0.398513,-1.039814,,,,,,
90564,,,,,,,,,,,,,158.816177,175.660263,0.636522,0.629659,,,,,,,-0.022082,0.617381,0.907924,-10.640000,2.590000,232.399994
90566,,,,,,,,,,,,,,,,,,,,-0.993408,-0.421962,-0.995406,,,,,,
90574,,,,,,,,,,,,,159.569046,175.397476,0.627792,0.632706,,,,,,,-0.002501,0.643184,1.022909,-34.720001,-54.459999,229.250000
90580,,,,,,,,,,,,,,,,,,,,-0.984484,-0.445258,-0.960926,,,,,,
90585,,,,,,,,,,,,,160.078705,174.409195,0.621882,0.644166,,,,,,,,,,,,
90589,,,,,,,,,,,,,,,,,,,,,,,-0.002501,0.643184,1.022909,-18.410000,0.280000,206.990005
90587,,,,,,,,,,,,,,,,,,,,-0.975648,-0.468027,-0.920590,,,,,,
90592,,,,-0.891916,-0.452202,-1.101564,2.339260,2.339260,,,,,,,,,,,,,,,,,,,,
90593,,,,,,,,,,,161.090439,164.949219,,,,,0.036585,0.074929,-0.170036,,,,,,,,,
90594,,,,,,,,,,,,,160.756241,173.998734,0.681458,0.588879,,,,,,,,,,,,
90597,,,,,,,,,,,,,,,,,,,,,,,0.024705,0.627019,1.000339,-31.570000,-12.250000,205.520004
90600,,,,,,,,,,,,,,,,,,,,-0.965153,-0.490884,-0.889766,,,,,,
90604,,,,,,,,,,,,,161.896454,173.593597,0.668237,0.593577,,,,,,,0.024705,0.627019,1.000339,23.799999,11.970000,198.029999
90607,,,,,,,,,,,,,,,,,,,,-0.954918,-0.513549,-0.853131,,,,,,
90614,,,,,,,,,,,,,162.528732,172.370712,0.660905,0.607757,,,,,,,0.073871,0.508130,0.893955,-23.940001,29.610001,195.929993
90624,,,,,,,,,,,,,,,,,,,,,,,0.073871,0.508130,0.893955,77.910004,-16.450001,161.910004
90621,,,,,,,,,,,,,,,,,,,,-0.944025,-0.536075,-0.819818,,,,,,
90625,,,,,,,,,,,,,163.052902,171.333939,0.654827,0.619779,,,,,,,,,,,,
90629,,,,,,,,,,,,,,,,,,,,-0.932564,-0.558042,-0.792737,,,,,,
90634,,,,,,,,,,,,,164.720413,170.002701,0.635491,0.635215,,,,,,,0.076189,0.810202,1.180594,-71.750000,-39.410000,154.770004
90646,,,,-0.833638,-0.552311,-0.985663,2.326132,2.326132,,,,,,,,,,,,,,,,,,,,
90647,,,,,,,,,,,169.078476,172.113739,,,,,0.061317,0.074304,-0.176344,,,,,,,,,
90648,,,,,,,,,,,,,165.004227,169.448746,0.758426,0.754852,,,,,,,,,,,,
90643,,,,,,,,,,,,,,,,,,,,-0.920343,-0.578931,-0.765808,,,,,,
90652,,,,,,,,,,,,,,,,,,,,,,,0.076189,0.810202,0.847900,38.779999,20.860001,123.550003
90651,,,,,,,,,,,,,,,,,,,,-0.908171,-0.600102,-0.742022,,,,,,
90654,,,,,,,,,,,,,165.767120,169.506744,0.749580,0.754179,,,,,,,,,,,,
90658,,,,,,,,,,,,,,,,,,,,-0.895230,-0.621377,-0.718315,0.064233,0.427549,0.847900,17.430000,-7.980000,119.699997
90664,,,,,,,,,,,,,168.244339,169.731171,0.720855,0.751577,,,,,,,0.064233,0.427549,0.847900,-56.770000,6.440000,129.220001
90666,,,,,,,,,,,,,,,,,,,,-0.881403,-0.641809,-0.700592,,,,,,
90673,,,,,,,,,,,,,,,,,,,,,,,0.143899,0.696742,1.067988,-21.629999,-15.960000,119.209999
90674,,,,,,,,,,,,,169.533875,170.784897,0.705902,0.739358,,,,,,,,,,,,
90685,,,,,,,,,,,,,171.183060,172.235672,0.686778,0.722535,,,,,,,,,,,,
90681,,,,,,,,,,,,,,,,,,,,-0.867967,-0.661411,-0.677086,,,,,,
90690,,,,,,,,,,,,,,,,,,,,,,,0.143899,0.696742,1.018456,-7.770000,21.280001,131.949997
90688,,,,,,,,,,,,,,,,,,,,-0.853678,-0.681029,-0.653673,,,,,,
90692,,,,-0.764777,-0.644296,-0.870695,2.309306,2.309306,,,,,,,,,,,,,,,,,,,,
90693,,,,,,,,,,,163.253098,164.292999,,,,,0.046823,0.081538,-0.201526,,,,,,,,,
90694,,,,,,,,,,,,,172.738892,173.050446,0.576686,0.589505,,,,,,,,,,,,
90698,,,,,,,,,,,,,,,,,,,,,,,0.142557,0.493551,1.018456,4.200000,-3.290000,122.430000
90704,,,,,,,,,,,,,,,,,,,,,,,0.142557,0.493551,1.018456,-42.000000,-19.389999,142.309998
90705,,,,,,,,,,,,,172.926605,172.647888,0.574509,0.594173,,,,,,,,,,,,
90702,,,,,,,,,,,,,,,,,,,,-0.838873,-0.700794,-0.633251,,,,,,
90710,,,,,,,,,,,,,,,,,,,,-0.823273,-0.719790,-0.609961,,,,,,
90714,,,,,,,,,,,,,172.538879,171.741058,0.579005,0.604688,,,,,,,0.172691,0.588345,0.973804,-18.549999,-15.680000,141.050003
90719,,,,,,,,,,,,,,,,,,,,-0.807677,-0.738529,-0.583883,,,,,,
90723,,,,,,,,,,,,,,,,,,,,,,,0.172691,0.588345,0.973804,-6.510000,16.170000,133.000000
90724,,,,,,,,,,,,,170.483871,170.912994,0.602834,0.614290,,,,,,,,,,,,
90726,,,,,,,,,,,,,,,,,,,,-0.791294,-0.757257,-0.563709,,,,,,
90734,,,,,,,,,,,,,169.156906,169.517975,0.618221,0.630467,,,,,,,0.068320,0.486231,0.946293,67.550003,-10.430000,121.660004
90746,,,,-0.686628,-0.727009,-0.756841,2.288825,2.288825,,,169.419266,171.960449,,,,,0.069274,0.080048,-0.186495,,,,,,,,,
90747,,,,,,,,,,,,,168.121826,168.862808,0.727660,0.759224,,,,,,,,,,,,
90740,,,,,,,,,,,,,,,,,,,,-0.774744,-0.775670,-0.543584,,,,,,
90748,,,,,,,,,,,,,,,,,,,,-0.757282,-0.793113,-0.523493,,,,,,
90752,,,,,,,,,,,,,,,,,,,,,,,0.068320,0.486231,0.979538,37.730000,-5.600000,118.160004
90754,,,,,,,,,,,,,168.132812,168.756271,0.727533,0.760459,,,,,,,,,,,,
90758,,,,,,,,,,,,,,,,,,,,,,,0.033428,0.634461,0.979538,-25.200001,-16.100000,125.580002
90764,,,,,,,,,,,,,,,0.728817,0.756606,,,,,,,0.033428,0.634461,1.007232,-50.049999,-11.200000,125.930000
90765,,,,,,,,,,,,,168.022079,169.088593,,,,,,,,,,,,,,
90761,,,,,,,,,,,,,,,,,,,,-0.740033,-0.810109,-0.500606,,,,,,
90769,,,,,,,,,,,,,,,,,,,,-0.722461,-0.826548,-0.477759,,,,,,
90774,,,,,,,,,,,,,168.659378,170.113602,0.721427,0.744720,,,,,,,0.082777,0.602070,1.007232,9.730000,-31.080000,116.199997
90776,,,,,,,,,,,,,,,,,,,,-0.704189,-0.842754,-0.463541,,,,,,
90785,,,,,,,,,,,,,170.612549,171.332581,0.698779,0.730585,,,,,,,,,,,,
90789,,,,,,,,,,,,,,,,,,,,,,,0.082777,0.661057,1.144421,53.619999,-5.530000,126.139999
90792,,,,-0.600623,-0.799532,-0.644280,2.264737,2.264737,,,,,,,,,,,,,,,,,,,,
90793,,,,,,,,,,,167.791367,172.096130,,,,,0.070608,0.083212,-0.173880,,,,,,,,,
90790,,,,,,,,,,,,,,,,,,,,-0.686431,-0.857803,-0.440802,,,,,,
90794,,,,,,,,,,,,,172.222977,173.426086,0.654381,0.708454,,,,,,,,,,,,
90797,,,,,,,,,,,,,,,,,,,,-0.667498,-0.873626,-0.418181,0.198799,0.661057,1.144421,25.830000,16.100000,136.009995
90804,,,,,,,,,,,,,173.338364,174.350647,0.641447,0.697733,,,,,,,0.118706,0.278953,0.781288,54.810001,10.710000,106.050003
90811,,,,,,,,,,,,,,,,,,,,-0.648069,-0.889488,-0.398443,,,,,,
90814,,,,,,,,,,,,,173.587234,174.438965,0.638562,0.696709,,,,,,,0.118706,0.278953,0.781288,-33.669998,1.820000,139.369995
90818,,,,,,,,,,,,,,,,,,,,-0.627959,-0.904111,-0.372996,,,,,,
90824,,,,,,,,,,,,,173.038391,174.305695,0.644926,0.698254,,,,,,,0.208681,0.599691,1.033828,-27.160000,6.930000,153.369995
90826,,,,,,,,,,,,,,,,,,,,-0.608161,-0.918502,-0.347714,,,,,,
90834,,,,,,,,,,,,,172.500412,174.664917,0.651164,0.694089,,,,,,,0.208681,0.599691,1.033828,-13.510000,-22.750000,150.919998
90846,,,,-0.508282,-0.861191,-0.533188,2.237101,2.237101,,,,,,,,,,,,,,,,,,,,
90847,,,,,,,,,,,166.777176,170.430573,,,,,0.072462,0.085675,-0.181965,-0.567200,-0.946375,-0.300058,,,,,,
90848,,,,,,,,,,,,,172.008728,174.644089,0.640839,0.668011,,,,,,,,,,,,
90840,,,,,,,,,,,,,,,,,,,,-0.588390,-0.932076,-0.322429,,,,,,
90852,,,,,,,,,,,,,,,,,,,,,,,0.115290,0.464942,0.948794,8.120000,17.990000,149.449997
90854,,,,,,,,,,,,,171.984192,175.027527,0.641124,0.663565,,,,,,,,,,,,
90858,,,,,,,,,,,,,,,,,,,,,,,0.115290,0.464942,0.948794,-47.180000,14.490000,161.279999
90861,,,,,,,,,,,,,,,,,,,,-0.546057,-0.959363,-0.269245,,,,,,
90864,,,,,,,,,,,,,171.281357,174.395645,0.649274,0.670892,,,,,,,0.108275,0.525271,0.935801,5.810000,-26.320000,157.710007
90868,,,,,,,,,,,,,,,,,,,,-0.525186,-0.971974,-0.244146,,,,,,
90874,,,,,,,,,,,,,170.499557,174.219223,0.658339,0.672938,,,,,,,0.108275,0.525271,0.935801,6.510000,12.180000,159.809998
90884,,,,,,,,,,,,,,,,,,,,,,,0.121024,0.617625,1.127341,-0.420000,11.830000,155.330002
90882,,,,,,,,,,,,,,,,,,,,-0.503354,-0.984483,-0.213501,,,,,,
90885,,,,,,,,,,,,,170.267242,173.396973,0.661033,0.682472,,,,,,,,,,,,
90892,,,,-0.411171,-0.911558,-0.423738,2.205987,2.205987,,,,,,,,,,,,,,,,,,,,
90893,,,,,,,,,,,165.106400,167.062820,,,,,0.072436,0.089054,-0.200785,,,,,,,,,
90889,,,,,,,,,,,,,,,,,,,,-0.481599,-0.996105,-0.188465,,,,,,
90894,,,,,,,,,,,,,170.813293,173.446640,0.628300,0.628679,,,,,,,,,,,,
90897,,,,,,,,,,,,,,,,,,,,,,,0.121024,0.617625,1.127341,-43.680000,4.130000,154.279999
90905,,,,,,,,,,,,,170.669189,173.423828,0.629971,0.628944,,,,,,,,,,,,
90902,,,,,,,,,,,,,,,,,,,,-0.459690,-1.007020,-0.157867,,,,,,
90910,,,,,,,,,,,,,,,,,,,,-0.437376,-1.018252,-0.132932,0.066490,0.432551,0.837408,-2.100000,44.240002,149.380005
90914,,,,,,,,,,,,,169.931824,172.249573,0.638521,0.642560,,,,,,,,,,,,
90916,,,,,,,,,,,,,,,,,,,,,,,0.066490,0.432551,0.837408,27.790001,4.480000,146.509995
90917,,,,,,,,,,,,,,,,,,,,-0.414390,-1.028979,-0.110736,,,,,,
90924,,,,,,,,,,,,,169.414749,171.364899,0.644517,0.652819,,,,,,,0.113521,0.679906,1.181631,-30.590000,15.890000,156.800003
90930,,,,,,,,,,,,,,,,,,,,-0.391619,-1.038168,-0.083052,,,,,,
90933,,,,,,,,,,,,,,,,,,,,,,,0.113521,0.679906,1.181631,-10.710000,2.800000,151.130005
90934,,,,,,,,,,,,,169.295044,170.935898,0.645905,0.657793,,,,,,,,,,,,
90938,,,,,,,,,,,,,,,,,,,,-0.369020,-1.047414,-0.058127,,,,,,
90942,,,,-0.310859,-0.950456,-0.316097,2.171469,2.171469,,,,,,,,,,,,,,,,,,,,
90943,,,,,,,,,,,156.166946,154.532608,,,,,0.051735,0.097793,-0.243840,,,,,,,,,
90944,,,,,,,,,,,,,169.426941,170.807556,0.503115,0.461281,,,,,,,,,,,,
90947,,,,,,,,,,,,,,,,,,,,,,,0.037637,0.415532,0.714859,-14.770000,-49.139999,147.630005
90953,,,,,,,,,,,,,,,,,,,,,,,0.037637,0.415532,0.714859,57.959999,-54.320000,118.230003
90951,,,,,,,,,,,,,,,,,,,,-0.346572,-1.056162,-0.033208,,,,,,
90954,,,,,,,,,,,,,167.662537,169.369980,0.523575,0.477950,,,,,,,,,,,,
90959,,,,,,,,,,,,,,,,,,,,-0.324671,-1.064518,-0.008365,,,,,,
90965,,,,,,,,,,,,,166.093323,166.487381,0.541771,0.511376,,,,,,,,,,,,
90966,,,,,,,,,,,,,,,,,,,,-0.301051,-1.071606,0.008334,,,,,,
90969,,,,,,,,,,,,,,,,,,,,,,,0.103151,0.745664,1.330105,-16.379999,-9.590000,129.429993
90975,,,,,,,,,,,,,163.343201,163.674759,0.573660,0.543990,,,,,,,0.103151,0.260714,0.592127,30.240000,22.120001,129.919998
90980,,,,,,,,,,,,,,,,,,,,-0.278189,-1.079110,0.038755,,,,,,
90983,,,,,,,,,,,,,,,,,,,,,,,-0.010187,0.260714,0.592127,-34.160000,19.879999,114.169998
90984,,,,,,,,,,,,,161.937012,161.632660,0.589966,0.567669,,,,,,,,,,,,
90987,,,,,,,,,,,,,,,,,,,,-0.254407,-1.085870,0.055358,,,,,,
90992,,,,-0.208879,-0.977942,-0.210428,2.133634,2.133634,,,,,,,,,,,,,,,,,,,,
90993,,,,,,,,,,,153.060944,150.904083,,,,,0.050016,0.102957,-0.254818,,,,,,,,,
90994,,,,,,,,,,,,,160.329239,160.073166,0.559528,0.528415,,,,,,,,,,,,
90996,,,,,,,,,,,,,,,,,,,,,,,-0.010187,0.754936,1.354139,30.309999,7.000000,95.830002
91005,,,,,,,,,,,,,159.538589,158.798920,0.568696,0.543191,,,,,,,,,,,,
91001,,,,,,,,,,,,,,,,,,,,-0.231013,-1.091964,0.069218,,,,,,
91010,,,,,,,,,,,,,,,,,,,,,,,-0.054717,0.754936,1.354139,-8.470000,16.100000,83.300003
91009,,,,,,,,,,,,,,,,,,,,-0.207885,-1.096934,0.085788,,,,,,
91014,,,,,,,,,,,,,158.437668,157.815308,0.581462,0.554597,,,,,,,,,,,,
91015,,,,,,,,,,,,,,,,,,,,,,,-0.034343,0.444019,0.794708,49.910000,-11.410000,78.050003
91016,,,,,,,,,,,,,,,,,,,,-0.184724,-1.102093,0.099660,,,,,,
91024,,,,,,,,,,,,,157.528473,157.004822,0.592005,0.563995,,,,,,,-0.034343,0.444019,0.794708,-46.759998,-4.620000,73.989998
91030,,,,,,,,,,,,,,,,,,,,-0.162219,-1.106262,0.113516,,,,,,
91033,,,,,,,,,,,,,,,,,,,,,,,-0.042212,0.710040,1.243607,81.690002,-60.060001,60.619999
91034,,,,,,,,,,,,,157.251480,155.712784,0.595217,0.578977,,,,,,,,,,,,
91037,,,,,,,,,,,,,,,,,,,,-0.139385,-1.110381,0.119121,,,,,,
91042,,,,-0.106688,-0.994293,-0.106891,2.092578,2.092578,,,,,,,,,,,,,,,,,,,,
91043,,,,,,,,,,,147.536087,149.942093,,,,,0.044684,0.109173,-0.217272,,,,,,,,,
91044,,,,,,,,,,,,,157.595505,155.751190,0.503925,0.563330,,,,,,,,,,,,
91046,,,,,,,,,,,,,,,,,,,,,,,-0.042212,0.710040,1.243607,-40.950001,-57.610001,60.619999
91051,,,,,,,,,,,,,,,,,,,,-0.117819,-1.113286,0.132954,,,,,,
91054,,,,,,,,,,,,,156.896011,155.344208,0.512036,0.568049,,,,,,,0.004819,0.328241,0.629703,-14.280000,-88.059998,49.000000
91065,,,,,,,,,,,,,155.703094,154.890961,0.525868,0.573305,,,,,,,,,,,,
91058,,,,,,,,,,,,,,,,,,,,-0.095221,-1.116482,0.143976,,,,,,
91069,,,,,,,,,,,,,,,,,,,,,,,0.004819,0.328241,0.629703,-89.949997,31.990000,47.529999
91074,,,,,,,,,,,,,,,,,,,,,,,0.004819,0.608841,1.089643,93.099998,34.020000,49.630001
91075,,,,,,,,,,,,,154.058014,154.527161,0.544944,0.577524,,,,,,,,,,,,
91072,,,,,,,,,,,,,,,,,,,,-0.071658,-1.118122,0.152384,,,,,,
91079,,,,,,,,,,,,,,,,,,,,-0.048346,-1.120166,0.157937,,,,,,
91084,,,,,,,,,,,,,152.749695,153.722580,0.560115,0.586853,,,,,,,0.004819,0.608841,1.089643,-69.370003,7.770000,52.150002
91088,,,,,,,,,,,,,,,,,,,,-0.026451,-1.121046,0.169015,,,,,,
91092,,,,-0.005638,-0.999984,-0.005638,2.048404,2.048404,,,,,,,,,,,,,,,,,,,,
91093,,,,,,,,,,,141.827087,149.242859,,,,,0.040181,0.113677,-0.171911,,,,,,,,,
91094,,,,,,,,,,,,,152.346298,154.272919,0.474580,0.569422,,,,,,,,,,,,
91096,,,,,,,,,,,,,,,,,,,,,,,-0.011041,0.673501,1.123986,21.770000,-23.170000,71.750000
91101,,,,,,,,,,,,,,,,,,,,-0.003100,-1.121369,0.177364,,,,,,
91104,,,,,,,,,,,,,,,,,,,,,,,-0.011041,0.673501,1.123986,-47.740002,-5.810000,70.910004
91105,,,,,,,,,,,,,151.443939,154.122253,0.485043,0.571169,,,,,,,,,,,,
91109,,,,,,,,,,,,,,,,,,,,0.018169,-1.121333,0.194059,,,,,,
91114,,,,,,,,,,,,,149.711807,153.679718,0.505128,0.576301,,,,,,,-0.009089,0.496235,0.919331,48.930000,-49.910000,73.080002
91122,,,,,,,,,,,,,,,,,,,,0.040667,-1.121214,0.205114,,,,,,
91125,,,,,,,,,,,,,148.260468,153.580673,0.521958,0.577449,,,,,,,,,,,,
91129,,,,,,,,,,,,,,,,,,,,,,,-0.009089,0.496235,1.153937,-70.419998,27.230000,87.709999
91130,,,,,,,,,,,,,,,,,,,,0.063210,-1.119890,0.221853,,,,,,
91135,,,,,,,,,,,,,146.879929,153.626465,0.537966,0.576918,,,,,,,0.006222,0.605120,1.153937,-32.410000,19.740000,98.139999
91137,,,,,,,,,,,,,,,,,,,,0.085866,-1.118253,0.235787,,,,,,
91142,,,,0.093049,-0.995662,0.093184,2.001226,2.001226,,,,,,,,,,,,,,,,,,,,
91143,,,,,,,,,,,136.480118,146.469101,,,,,0.035677,0.115411,-0.146072,,,,,,,,,
91144,,,,,,,,,,,,,146.551315,153.405624,0.457284,0.535649,,,,,,,,,,,,
91146,,,,,,,,,,,,,,,,,,,,,,,0.006222,0.605120,1.153937,45.290001,7.000000,106.330002
91153,,,,,,,,,,,,,,,,,,,,,,,-0.014945,0.395402,0.755302,-20.930000,-17.780001,115.150002
91151,,,,,,,,,,,,,,,,,,,,0.108063,-1.116528,0.255302,,,,,,
91154,,,,,,,,,,,,,145.138016,153.088196,0.473672,0.539329,,,,,,,,,,,,
91165,,,,,,,,,,,,,,,0.487719,0.545009,,,,,,,,,,,,
91166,,,,,,,,,,,,,143.926605,152.598389,,,,,,,,,,,,,,
91158,,,,,,,,,,,,,,,,,,,,0.130218,-1.114284,0.274858,,,,,,
91169,,,,,,,,,,,,,,,,,,,,,,,-0.014945,0.395402,0.755302,-4.060000,15.400000,115.010002
91174,,,,,,,,,,,,,142.671997,152.433823,0.502267,0.546917,,,,,,,-0.021838,0.728157,1.351760,-57.889999,8.050000,117.040001
91173,,,,,,,,,,,,,,,,,,,,0.152596,-1.111324,0.294414,,,,,,
91180,,,,,,,,,,,,,,,,,,,,0.174673,-1.107081,0.311203,,,,,,
91183,,,,,,,,,,,,,,,,,,,,,,,-0.021838,0.728157,1.351760,22.260000,36.400002,124.040001
91184,,,,,,,,,,,,,141.776886,152.219482,0.512647,0.549403,,,,,,,,,,,,
91187,,,,,,,,,,,,,,,,,,,,0.196439,-1.103312,0.336455,,,,,,
91192,,,,0.188302,-0.982111,0.189433,1.951165,1.951165,,,,,,,,,,,,,,,,,,,,
91193,,,,,,,,,,,132.413147,141.678650,,,,,0.032475,0.115218,-0.150761,,,,,,,,,
91194,,,,,,,,,,,,,140.718948,152.252518,0.460648,0.473322,,,,,,,,,,,,
91196,,,,,,,,,,,,,,,,,,,,,,,-0.042395,0.297192,0.594201,-32.130001,11.410000,128.029999
91201,,,,,,,,,,,,,,,,,,,,0.218051,-1.098782,0.358925,,,,,,
91204,,,,,,,,,,,,,140.029068,151.355530,0.468648,0.483723,,,,,,,-0.042395,0.297192,1.344501,25.969999,4.340000,128.520004
91209,,,,,,,,,,,,,,,,,,,,0.239168,-1.093943,0.381460,,,,,,
91214,,,,,,,,,,,,,138.508499,150.275131,0.486280,0.496251,,,,,,,-0.076555,0.733525,1.344501,-32.270000,-37.939999,123.900002
91216,,,,,,,,,,,,,,,,,,,,0.259842,-1.088133,0.404033,,,,,,
91225,,,,,,,,,,,,,138.043747,148.993103,0.491669,0.511117,,,,,,,,,,,,
91229,,,,,,,,,,,,,,,,,,,,,,,-0.076250,0.443043,0.778909,-1.820000,-34.439999,125.860001
91230,,,,,,,,,,,,,,,,,,,,0.280349,-1.082057,0.423840,,,,,,
91234,,,,,,,,,,,,,,,,,,,,,,,-0.076250,0.443043,0.778909,45.779999,-41.299999,129.779999
91235,,,,,,,,,,,,,137.397186,147.728241,0.499166,0.525784,,,,,,,,,,,,
91237,,,,,,,,,,,,,,,,,,,,0.300827,-1.076516,0.449351,,,,,,
91242,,,,0.279214,-0.960229,0.282975,1.898352,1.898352,,,,,,,,,,,,,,,,,,,,
91243,,,,,,,,,,,128.855835,136.608429,,,,,0.030471,0.113042,-0.161848,,,,,,,,,
91244,,,,,,,,,,,,,137.109283,148.065353,0.446293,0.441755,,,,,,,,,,,,
91246,,,,,,,,,,,,,,,,,,,,,,,-0.117059,0.453596,0.865834,-3.640000,88.199997,105.980003
91253,,,,,,,,,,,,,,,,,,,,,,,-0.117059,0.453596,0.865834,-39.480000,44.450001,99.260002
91251,,,,,,,,,,,,,,,,,,,,0.321565,-1.069543,0.469247,,,,,,
91254,,,,,,,,,,,,,136.267502,147.136230,0.456054,0.452529,,,,,,,,,,,,
91259,,,,,,,,,,,,,,,,,,,,0.342231,-1.061536,0.483445,,,,,,
91264,,,,,,,,,,,,,,,,,,,,,,,-0.034221,0.727974,1.358958,-4.690000,39.270000,89.599998
91265,,,,,,,,,,,,,134.986206,145.201202,0.470911,0.474967,,,,,,,,,,,,
91266,,,,,,,,,,,,,,,,,,,,0.361975,-1.053406,0.503421,,,,,,
91273,,,,,,,,,,,,,,,,,,,,,,,-0.034221,0.727974,1.358958,-4.690000,40.040001,97.930000
91274,,,,,,,,,,,,,134.419525,143.577713,0.477482,0.493793,,,,,,,,,,,,
91280,,,,,,,,,,,,,,,,,,,,0.381642,-1.045133,0.514865,,,,,,
91285,,,,,,,,,,,,,134.098373,142.803970,0.481206,0.502765,,,,,,,,,,,,
91289,,,,,,,,,,,,,,,,,,,,,,,-0.114253,0.407175,0.737856,-45.849998,56.419998,77.489998
91287,,,,,,,,,,,,,,,,,,,,0.401309,-1.036459,0.534937,,,,,,
91292,,,,0.365048,-0.930989,0.373685,1.842929,1.842929,,,,,,,,,,,,,,,,,,,,
91293,,,,,,,,,,,122.800400,130.199448,,,,,0.022587,0.108309,-0.158150,,,,,,,,,
91294,,,,,,,,,,,,,133.612106,142.159454,0.391158,0.408964,,,,,,,,,,,,
91297,,,,,,,,,,,,,,,,,,,,,,,-0.114253,0.407175,0.737856,-46.549999,42.630001,76.860001
91301,,,,,,,,,,,,,,,,,,,,0.420592,-1.026788,0.543523,,,,,,
91304,,,,,,,,,,,,,,,,,,,,,,,-0.173972,0.594445,1.125999,30.590000,32.900002,72.379997
91305,,,,,,,,,,,,,132.505295,141.282623,0.403992,0.419132,,,,,,,,,,,,
91309,,,,,,,,,,,,,,,,,,,,0.439126,-1.017543,0.560971,,,,,,
91314,,,,,,,,,,,,,130.872757,139.398163,0.422922,0.440983,,,,,,,-0.173972,0.594445,1.125999,-23.870001,4.480000,67.059998
91316,,,,,,,,,,,,,,,,,,,,0.457514,-1.007484,0.569605,,,,,,
91325,,,,,,,,,,,,,130.151398,138.352112,0.431287,0.453113,,,,,,,,,,,,
91329,,,,,,,,,,,,,,,,,,,,,,,-0.132858,0.395097,0.747250,25.969999,-9.590000,76.440002
91330,,,,,,,,,,,,,,,,,,,,0.475415,-0.997367,0.584060,,,,,,
91335,,,,,,,,,,,,,129.949768,137.954727,0.433625,0.457721,,,,,,,-0.132858,0.395097,0.747250,13.090000,-35.139999,59.849998
91337,,,,,,,,,,,,,,,,,,,,0.492155,-0.987562,0.595581,,,,,,
91342,,,,0.445239,-0.895412,0.461441,1.785044,1.785044,,,,,,,,,,,,,,,,,,,,
91343,,,,,,,,,,,115.443237,124.220993,,,,,0.012898,0.101969,-0.133143,,,,,,,,,
91344,,,,,,,,,,,,,129.606644,136.921066,0.321346,0.375236,,,,,,,,,,,,
91346,,,,,,,,,,,,,,,,,,,,,,,-0.352946,0.487573,1.081530,-36.470001,-3.080000,53.759998
91353,,,,,,,,,,,,,,,,,,,,,,,-0.352946,0.487573,1.081530,31.290001,-9.590000,61.599998
91351,,,,,,,,,,,,,,,,,,,,0.509061,-0.976666,0.601242,,,,,,
91354,,,,,,,,,,,,,128.316162,136.121811,0.336310,0.384504,,,,,,,,,,,,
91359,,,,,,,,,,,,,,,,,,,,0.525294,-0.966303,0.615793,,,,,,
91364,,,,,,,,,,,,,126.565231,134.227020,0.356614,0.406475,,,,,,,-0.194712,0.493185,1.187304,-0.140000,-19.180000,45.360001
91366,,,,,,,,,,,,,,,,,,,,0.541454,-0.954890,0.618666,,,,,,
91374,,,,,,,,,,,,,125.800056,133.350006,0.365486,0.416645,,,,,,,-0.194712,0.493185,1.187304,4.340000,-21.770000,78.470001
91397,,,,0.519388,-0.854539,0.546134,1.724855,1.724855,,,118.818138,131.564072,,,,,0.037592,0.094213,-0.075262,,,,,,,,,
91399,,,,,,,,,,,,,124.378380,132.070450,0.435301,0.547516,,,,,,,,,,,,
91387,,,,,,,,,,,,,,,,,,,,0.573366,-0.932982,0.645027,,,,,,
91403,,,,,,,,,,,,,,,,,,,,,,,-0.273036,0.176595,1.100684,-6.020000,21.629999,88.339996
91401,,,,,,,,,,,,,,,,,,,,0.589299,-0.920943,0.656871,,,,,,
91404,,,,,,,,,,,,,123.273842,130.726044,0.448109,0.563106,,,,,,,,,,,,
91409,,,,,,,,,,,,,,,,,,,,0.604650,-0.909296,0.674504,-0.306525,0.401075,1.100684,21.420000,18.760000,83.650002
91414,,,,,,,,,,,,,,,,,,,,,,,-0.306525,0.208132,0.902617,-31.850000,-14.280000,68.389999
91415,,,,,,,,,,,,,122.738556,131.649948,0.454316,0.552392,,,,,,,,,,,,
91416,,,,,,,,,,,,,,,,,,,,0.619345,-0.897667,0.683448,,,,,,
91420,,,,,,,,,,,,,,,,,,,,,,,-0.240889,0.208132,0.902617,-45.709999,-19.879999,68.110001
91424,,,,,,,,,,,,,122.909950,131.563156,0.452329,0.553399,,,,,,,,,,,,
91425,,,,,,,,,,,,,,,,,,,,,,,-0.240889,0.208132,0.902617,2.030000,-21.490000,83.300003
91430,,,,,,,,,,,,,,,,,,,,0.633136,-0.886519,0.697804,,,,,,
91434,,,,,,,,,,,,,122.567352,132.036835,0.456301,0.547906,,,,,,,-0.073566,0.307318,1.039928,-0.420000,-81.339996,111.790001
91437,,,,,,,,,,,,,,,,,,,,0.647070,-0.875102,0.715374,,,,,,
91447,,,,0.587254,-0.809403,0.627662,1.662531,1.662531,,,102.927330,113.545090,,,,,0.000776,0.088395,-0.089139,,,,,,,,,
91448,,,,,,,,,,,,,122.685265,132.690079,0.203830,0.255598,,,,,,,,,,,,
91452,,,,,,,,,,,,,,,,,,,,,,,-0.073566,0.307318,1.095316,16.379999,-90.860001,126.769997
91450,,,,,,,,,,,,,,,,,,,,0.660212,-0.863496,0.736129,,,,,,
91454,,,,,,,,,,,,,120.841980,131.776398,0.225204,0.266192,,,,,,,,,,,,
91458,,,,,,,,,,,,,,,,,,,,0.673591,-0.851905,0.760088,-0.007564,0.332328,1.095316,56.349998,-1.820000,126.629997
91464,,,,,,,,,,,,,,,,,,,,,,,-0.007564,0.332328,1.095316,32.060001,-4.620000,128.729996
91465,,,,,,,,,,,,,117.798302,129.148102,0.260497,0.296669,,,,,,,,,,,,
91473,,,,,,,,,,,,,,,,,,,,,,,-0.045811,0.189527,0.693326,-37.869999,26.740000,139.440002
91471,,,,,,,,,,,,,,,,,,,,0.687808,-0.839150,0.783964,,,,,,
91474,,,,,,,,,,,,,113.797760,126.170990,0.306886,0.331191,,,,,,,,,,,,
91479,,,,,,,,,,,,,,,,,,,,0.702187,-0.825406,0.801816,,,,,,
91484,,,,,,,,,,,,,112.214142,124.271446,0.325249,0.353217,,,,,,,-0.045811,0.189527,0.693326,-0.140000,18.549999,136.289993
91486,,,,,,,,,,,,,,,,,,,,0.716124,-0.812433,0.831899,,,,,,
91492,,,,0.648742,-0.761009,0.705930,1.598247,1.598247,,,,,,,,,,,,,,,,,,,,
91493,,,,,,,,,,,97.668800,104.590675,,,,,-0.006492,0.084056,-0.125751,,,,,,,,,
91494,,,,,,,,,,,,,110.332863,122.673172,0.263969,0.230254,,,,,,,,,,,,
91496,,,,,,,,,,,,,,,,,,,,,,,-0.557235,0.516243,1.088179,-19.459999,18.059999,116.830002
91500,,,,,,,,,,,,,,,,,,,,0.730229,-0.797597,0.847340,,,,,,
91506,,,,,,,,,,,,,108.220711,119.565506,0.288461,0.266289,,,,,,,,,,,,
91507,,,,,,,,,,,,,,,,,,,,0.742128,-0.784075,0.865372,,,,,,
91510,,,,,,,,,,,,,,,,,,,,,,,-0.557235,0.516243,0.940925,-34.580002,17.500000,118.650002
91514,,,,,,,,,,,,,105.755272,115.300781,0.317049,0.315741,,,,,,,,,,,,
91515,,,,,,,,,,,,,,,,,,,,,,,-0.317749,0.297619,0.940925,-43.049999,3.920000,126.000000
91517,,,,,,,,,,,,,,,,,,,,0.742128,-0.784075,0.865372,,,,,,
91524,,,,,,,,,,,,,104.217491,111.704971,0.334881,0.357437,,,,0.753491,-0.771372,0.889728,-0.317749,0.297619,0.940925,5.530000,-12.250000,138.460007
91533,,,,,,,,,,,,,,,,,,,,,,,-0.219844,0.075518,0.385764,56.700001,-8.960000,135.169998
91531,,,,,,,,,,,,,,,,,,,,0.765010,-0.759078,0.911309,,,,,,
91534,,,,,,,,,,,,,103.201057,110.609055,0.346667,0.370145,,,,,,,,,,,,
91538,,,,,,,,,,,,,,,,,,,,0.776042,-0.747661,0.936175,,,,,,
91543,,,,0.703886,-0.710313,0.780854,1.532188,1.532188,,,92.334846,96.685905,,,,,-0.012239,0.079819,-0.151244,,,,,,,,,
91544,,,,,,,,,,,,,103.001503,110.851402,0.264694,0.242425,,,,,,,,,,,,
91546,,,,,,,,,,,,,,,,,,,,,,,-0.219844,0.075518,0.385764,-43.400002,-55.020000,58.939999
91553,,,,,,,,,,,,,,,,,,,,,,,-0.582794,0.737917,1.394155,-1.540000,-44.099998,59.570000
91552,,,,,,,,,,,,,,,,,,,,0.786232,-0.735347,0.948561,,,,,,
91554,,,,,,,,,,,,,102.578140,109.731758,0.269604,0.255408,,,,,,,,,,,,
91559,,,,,,,,,,,,,,,,,,,,0.795687,-0.722988,0.957795,,,,,,
91565,,,,,,,,,,,,,101.470284,108.012131,0.282450,0.275348,,,,,,,,,,,,
91566,,,,,,,,,,,,,,,,,,,,0.804888,-0.710046,0.967139,,,,,,
91570,,,,,,,,,,,,,,,,,,,,,,,-0.582794,0.737917,0.705770,-37.310001,-23.240000,51.799999
91575,,,,,,,,,,,,,100.504784,106.009094,0.293646,0.298574,,,,,,,-0.238266,0.330742,0.705770,11.130000,42.770000,48.509998
91580,,,,,,,,,,,,,,,,,,,,0.813812,-0.696899,0.973396,,,,,,
91584,,,,,,,,,,,,,99.425079,104.650818,0.306165,0.314324,,,,,,,-0.238266,0.330742,0.705770,21.629999,89.529999,19.180000
91587,,,,,,,,,,,,,,,,,,,,0.823040,-0.683841,0.982921,,,,,,
91592,,,,0.752837,-0.658207,0.852362,1.464551,1.464551,,,,,,,,,,,,,,,,,,,,
91593,,,,,,,,,,,86.083031,91.484756,,,,,-0.017126,0.072493,-0.126292,,,,,,,,,
91594,,,,,,,,,,,,,98.397240,102.794174,0.219293,0.253666,,,,,,,,,,,,
91596,,,,,,,,,,,,,,,,,,,,,,,-0.427183,0.269193,1.054751,28.000000,17.500000,14.420000
91600,,,,,,,,,,,,,,,,,,,,0.831697,-0.671116,0.979938,,,,,,
91606,,,,,,,,,,,,,97.190979,101.370544,0.233281,0.270173,,,,,,,,,,,,
91610,,,,,,,,,,,,,,,,,,,,,,,-0.427183,0.269193,0.692777,-5.810000,-53.200001,21.420000
91608,,,,,,,,,,,,,,,,,,,,0.839686,-0.658740,0.983153,,,,,,
91614,,,,,,,,,,,,,95.857285,100.014008,0.248746,0.285903,,,,,,,,,,,,
91615,,,,,,,,,,,,,,,,,,,,,,,-0.267546,0.089243,0.692777,-8.820000,-37.310001,14.280000
91623,,,,,,,,,,,,,,,,,,,,,,,-0.267546,0.089243,1.016138,-27.440001,-6.580000,20.440001
91622,,,,,,,,,,,,,,,,,,,,0.847657,-0.646476,0.986096,,,,,,
91624,,,,,,,,,,,,,94.850761,98.894241,0.260417,0.298888,,,,,,,,,,,,
91629,,,,,,,,,,,,,,,,,,,,0.854942,-0.634943,0.989089,,,,,,
91634,,,,,,,,,,,,,93.047249,97.001091,0.281330,0.320840,,,,,,,-0.526674,0.114192,1.016138,2.030000,-10.290000,35.770000
91636,,,,,,,,,,,,,,,,,,,,0.862296,-0.623339,0.995388,,,,,,
91642,,,,0.795837,-0.605511,0.920388,1.395537,1.395537,,,,,,,,,,,,,,,,,,,,
91643,,,,,,,,,,,79.499184,87.630638,,,,,-0.020634,0.065491,-0.075930,,,,,,,,,
91644,,,,,,,,,,,,,91.985695,96.408119,0.189602,0.266814,,,,,,,,,,,,
91646,,,,,,,,,,,,,,,,,,,,,,,-0.526674,0.064355,0.799588,-28.910000,18.410000,38.849998
91650,,,,,,,,,,,,,,,,,,,,0.869492,-0.611688,1.004778,,,,,,
91653,,,,,,,,,,,,,,,,,,,,,,,-0.272487,0.064355,0.799588,24.430000,-31.639999,36.680000
91654,,,,,,,,,,,,,90.527504,95.342758,0.206511,0.279167,,,,,,,,,,,,
91657,,,,,,,,,,,,,,,,,,,,0.876512,-0.600423,1.007940,,,,,,
91665,,,,,,,,,,,,,88.800728,93.862755,0.226534,0.296329,,,,,,,,,,,,
91669,,,,,,,,,,,,,,,,,,,,,,,-0.310673,0.077043,1.001620,-7.560000,-9.660000,61.110001
91671,,,,,,,,,,,,,,,,,,,,0.883285,-0.589301,1.020690,,,,,,
91675,,,,,,,,,,,,,87.054665,92.435471,0.246781,0.312879,,,,,,,-0.310673,0.077043,1.001620,-9.940000,10.570000,76.440002
91678,,,,,,,,,,,,,,,,,,,,0.890325,-0.577803,1.030225,,,,,,
91683,,,,,,,,,,,,,,,,,,,,,,,-0.360632,0.122061,0.924150,-7.980000,41.650002,81.059998
91684,,,,,,,,,,,,,85.545242,91.829430,0.264284,0.319907,,,,,,,,,,,,
91692,,,,0.833207,-0.552962,0.984882,1.325359,1.325359,,,,,,,,,,,,0.896920,-0.566433,1.042998,,,,,,
91693,,,,,,,,,,,78.736610,87.937714,,,,,-0.008557,0.061720,-0.049615,,,,,,,,,
91695,,,,,,,,,,,,,84.256668,91.145782,0.267175,0.332686,,,,,,,,,,,,
91696,,,,,,,,,,,,,,,,,,,,,,,-0.360632,0.122061,0.924150,-24.709999,5.250000,86.029999
91706,,,,,,,,,,,,,83.431740,90.674950,0.276741,0.338146,,,,,,,,,,,,
91700,,,,,,,,,,,,,,,,,,,,0.903111,-0.555596,1.058882,,,,,,
91710,,,,,,,,,,,,,,,,,,,,,,,-0.281149,0.178364,0.983442,4.340000,-22.400000,96.809998
91707,,,,,,,,,,,,,,,,,,,,0.908793,-0.545183,1.081522,,,,,,
91715,,,,,,,,,,,,,82.205696,90.701385,0.290958,0.337839,,,,,,,-0.281149,0.178364,0.983442,9.100000,-26.600000,97.089996
91720,,,,,,,,,,,,,,,,,,,,0.914503,-0.534662,1.091244,,,,,,
91723,,,,,,,,,,,,,,,,,,,,,,,-0.136640,0.246745,0.939095,-27.440001,-21.420000,96.809998
91724,,,,,,,,,,,,,81.642395,90.572746,0.297490,0.339331,,,,,,,,,,,,
91728,,,,,,,,,,,,,,,,,,,,0.919849,-0.524031,1.110613,,,,,,
91733,,,,,,,,,,,,,,,,,,,,,,,-0.136640,0.246745,0.939095,22.610001,-19.950001,108.849998
91734,,,,,,,,,,,,,81.316856,89.379677,0.301264,0.353165,,,,,,,,,,,,
91742,,,,0.865326,-0.501209,1.045801,1.254240,1.254240,,,,,,,,,,,,0.925166,-0.513310,1.126936,,,,,,
91743,,,,,,,,,,,76.352158,84.030029,,,,,-0.004099,0.059010,-0.063133,,,,,,,,,
91744,,,,,,,,,,,,,80.468620,89.443336,0.273421,0.290679,,,,,,,,,,,,
91746,,,,,,,,,,,,,,,,,,,,,,,-0.115839,0.173728,1.123742,9.520000,-69.440002,108.430000
91750,,,,,,,,,,,,,,,,,,,,0.930493,-0.502562,1.146676,,,,,,
91754,,,,,,,,,,,,,79.808472,89.010094,0.281076,0.295702,,,,,,,-0.115839,0.173728,1.123742,11.200000,-85.400002,105.419998
91757,,,,,,,,,,,,,,,,,,,,0.935454,-0.491936,1.166602,,,,,,
91765,,,,,,,,,,,,,79.422234,88.187096,0.285555,0.305245,,,,,,,,,,,,
91769,,,,,,,,,,,,,,,,,,,,,,,-0.039345,0.260714,0.956175,-19.670000,11.830000,100.940002
91771,,,,,,,,,,,,,,,,,,,,0.939888,-0.481169,1.186652,,,,,,
91774,,,,,,,,,,,,,78.552856,87.100311,0.295636,0.317847,,,,,,,-0.039345,0.260714,0.956175,-19.320000,17.080000,98.279999
91779,,,,,,,,,,,,,,,,,,,,0.944391,-0.469505,1.199922,,,,,,
91783,,,,,,,,,,,,,,,,,,,,,,,-0.066124,0.217465,0.919697,14.140000,35.840000,93.800003
91784,,,,,,,,,,,,,77.700378,86.550209,0.305521,0.324226,,,,,,,,,,,,
91786,,,,,,,,,,,,,,,,,,,,0.949104,-0.457662,1.220092,,,,,,
91792,,,,0.892616,-0.450818,1.103115,1.182410,1.182410,,,,,,,,,,,,,,,,,,,,
91793,,,,,,,,,,,70.397675,74.349754,,,,,-0.012133,0.055325,-0.114873,,,,,,,,,
91794,,,,,,,,,,,,,77.988602,86.531502,0.208087,0.171477,,,,,,,,,,,,
91796,,,,,,,,,,,,,,,,,,,,,,,-0.066124,0.217465,0.919697,-22.750000,41.930000,81.410004
91800,,,,,,,,,,,,,,,,,,,,0.953101,-0.446143,1.237000,,,,,,
91803,,,,,,,,,,,,,,,,,,,,,,,-0.072163,0.249734,1.140395,-4.480000,9.310000,76.510002
91804,,,,,,,,,,,,,76.613808,85.450935,0.224028,0.184006,,,,,,,,,,,,
91808,,,,,,,,,,,,,,,,,,,,0.956970,-0.434385,1.247207,,,,,,
91813,,,,,,,,,,,,,,,,,,,,,,,-0.072163,0.249734,1.140395,8.680000,31.150000,47.459999
91814,,,,,,,,,,,,,75.457054,83.992035,0.237442,0.200923,,,,,,,,,,,,
91825,,,,,,,,,,,,,75.184158,81.833916,0.240606,0.225948,,,,,,,,,,,,
91821,,,,,,,,,,,,,,,,,,,,0.961045,-0.422660,1.257456,,,,,,
91828,,,,,,,,,,,,,,,,,,,,,,,-0.164944,0.092476,1.024983,-16.100000,92.680000,25.690001
91829,,,,,,,,,,,,,,,,,,,,0.964918,-0.411121,1.264273,,,,,,
91834,,,,,,,,,,,,,74.552834,80.712578,0.247927,0.238951,,,,,,,-0.164944,0.092476,0.854183,-28.420000,114.660004,13.020000
91836,,,,,,,,,,,,,,,,,,,,0.968454,-0.399334,1.267727,,,,,,
91842,,,,0.915524,-0.402264,1.156808,1.110109,1.110109,,,,,,,,,,,,,,,,,,,,
91843,,,,,,,,,,,63.832760,67.570946,,,,,-0.018015,0.049671,-0.108326,,,,,,,,,
91844,,,,,,,,,,,,,73.697487,79.428734,0.154107,0.146720,,,,,,,,,,,,
91846,,,,,,,,,,,,,,,,,,,,,,,-0.288957,0.136213,0.854183,-34.369999,108.430000,-14.980000
91850,,,,,,,,,,,,,,,,,,,,0.971649,-0.387079,1.264499,,,,,,
91854,,,,,,,,,,,,,72.944756,77.220238,0.162836,0.172329,,,,,,,-0.288957,0.073261,1.142347,-15.470000,22.750000,-20.580000
91857,,,,,,,,,,,,,,,,,,,,0.974625,-0.375843,1.260866,,,,,,
91865,,,,,,,,,,,,,,,0.176822,0.199900,,,,,,,,,,,,
91866,,,,,,,,,,,,,71.738564,74.842484,,,,,,,,,,,,,,
91868,,,,,,,,,,,,,,,,,,,,,,,-0.345321,0.073261,1.142347,5.250000,-35.910000,1.260000
91870,,,,,,,,,,,,,,,,,,,,0.977493,-0.365822,1.260837,,,,,,
91873,,,,,,,,,,,,,,,,,,,,,,,-0.409981,-0.038674,0.626897,7.000000,-19.250000,-2.100000
91874,,,,,,,,,,,,,70.955040,72.943489,0.185908,0.221921,,,,,,,,,,,,
91878,,,,,,,,,,,,,,,,,,,,0.980611,-0.355755,1.260837,,,,,,
91883,,,,,,,,,,,,,,,,,,,,,,,-0.409981,-0.038674,0.626897,-15.190000,-6.930000,-7.560000
91884,,,,,,,,,,,,,70.127113,72.348907,0.195508,0.228815,,,,,,,,,,,,
91892,,,,0.934508,-0.355942,1.206874,1.037585,1.037585,,,,,,,,,,,,0.983450,-0.345954,1.257335,,,,,,
91893,,,,,,,,,,,59.610836,65.465118,,,,,-0.014416,0.043972,-0.056709,,,,,,,,,
91894,,,,,,,,,,,,,68.718330,71.127380,0.145129,0.209703,,,,,,,,,,,,
91896,,,,,,,,,,,,,,,,,,,,,,,-0.443714,-0.070699,1.043649,13.230000,-25.690001,-4.340000
91899,,,,,,,,,,,,,,,,,,,,0.986197,-0.336754,1.253967,,,,,,
91904,,,,,,,,,,,,,67.855202,69.882179,0.155138,0.224142,,,,,,,-0.443714,-0.070699,1.043649,9.660000,-0.420000,11.690000
91906,,,,,,,,,,,,,,,,,,,,0.989175,-0.327554,1.257352,,,,,,
91913,,,,,,,,,,,,,,,,,,,,,,,-0.282491,-0.032086,1.068537,16.379999,-0.840000,37.240002
91914,,,,,,,,,,,,,65.871002,68.673706,0.178146,0.238155,,,,,,,,,,,,
91920,,,,,,,,,,,,,,,,,,,,0.992122,-0.318285,1.260816,,,,,,
91925,,,,,,,,,,,,,64.551971,67.417290,0.193441,0.252724,,,,,,,,,,,,
91929,,,,,,,,,,,,,,,,,,,,,,,-0.282491,-0.032086,1.068537,-9.310000,41.369999,56.279999
91927,,,,,,,,,,,,,,,,,,,,0.995110,-0.309033,1.274716,,,,,,
91934,,,,,,,,,,,,,,,,,,,,,,,-0.249002,0.061244,0.882182,-23.240000,14.280000,58.380001
91935,,,,,,,,,,,,,63.417240,66.966019,0.206599,0.257957,,,,,,,,,,,,
91942,,,,0.950027,-0.312168,1.253323,0.965097,0.965097,,,,,,,,,,,,,,,,,,,,
91943,,,,,,,,,,,53.984146,60.855537,,,,,-0.015800,0.042201,-0.025320,,,,,,,,,
91941,,,,,,,,,,,,,,,,,,,,0.997753,-0.299956,1.281578,,,,,,
91945,,,,,,,,,,,,,62.271584,66.928589,0.130971,0.185551,,,,,,,,,,,,
91946,,,,,,,,,,,,,,,,,,,,,,,-0.249002,0.061244,0.882182,-7.280000,-20.790001,59.919998
91948,,,,,,,,,,,,,,,,,,,,1.000219,-0.291283,1.295431,,,,,,
91953,,,,,,,,,,,,,,,,,,,,,,,-0.241926,0.118889,1.042368,-11.270000,-43.189999,62.230000
91954,,,,,,,,,,,,,60.864090,65.911667,0.147292,0.197343,,,,,,,,,,,,
91956,,,,,,,,,,,,,,,,,,,,1.002340,-0.283027,1.309182,,,,,,
91963,,,,,,,,,,,,,,,,,,,,,,,-0.241926,0.118889,1.042368,-6.090000,-41.160000,83.230003
91964,,,,,,,,,,,,,59.426010,64.768372,0.163968,0.210600,,,,,,,,,,,,
91970,,,,,,,,,,,,,,,,,,,,1.004251,-0.274461,1.319845,,,,,,
91974,,,,,,,,,,,,,58.240040,64.382904,0.177720,0.215070,,,,,,,-0.239852,0.073322,0.948367,3.780000,6.790000,97.860001
91977,,,,,,,,,,,,,,,,,,,,1.006544,-0.266283,1.340839,,,,,,
91985,,,,,,,,,,,,,56.757977,63.477547,0.194905,0.225568,,,,,,,,,,,,
91989,,,,,,,,,,,,,,,,,,,,,,,-0.239852,0.073322,0.948367,-16.030001,15.960000,96.040001
91992,,,,0.962528,-0.271182,1.296175,0.892911,0.892911,,,,,,,,,,,,,,,,,,,,
91993,,,,,,,,,,,50.409115,55.782433,,,,,-0.014573,0.041722,-0.046813,,,,,,,,,
91991,,,,,,,,,,,,,,,,,,,,1.008356,-0.257756,1.358620,,,,,,
91994,,,,,,,,,,,,,55.857754,63.247654,0.148852,0.148069,,,,,,,,,,,,
91996,,,,,,,,,,,,,,,,,,,,,,,-0.255407,0.166530,1.028765,-14.490000,29.959999,94.010002
91999,,,,,,,,,,,,,,,,,,,,1.010008,-0.249531,1.369323,,,,,,
92004,,,,,,,,,,,,,54.768379,62.096195,0.161484,0.161421,,,,,,,-0.255407,0.166530,1.028765,-5.390000,24.920000,82.529999
92006,,,,,,,,,,,,,,,,,,,,1.011678,-0.241199,1.387234,,,,,,
92013,,,,,,,,,,,,,,,,,,,,,,,-0.164334,0.143228,0.941291,-25.760000,21.209999,75.320000
92014,,,,,,,,,,,,,53.742481,61.002445,0.173380,0.174104,,,,,,,,,,,,
92019,,,,,,,,,,,,,,,,,,,,1.013350,-0.232383,1.394455,,,,,,
92023,,,,,,,,,,,,,,,,,,,,,,,-0.164334,0.143228,0.941291,13.650000,-13.510000,67.269997
92024,,,,,,,,,,,,,52.895489,59.552349,0.183201,0.190919,,,,,,,,,,,,
92027,,,,,,,,,,,,,,,,,,,,1.014704,-0.224461,1.405308,,,,,,
92034,,,,,,,,,,,,,52.185150,58.883217,0.191438,0.198678,,,,,,,-0.342393,0.069967,1.084214,-0.700000,-13.720000,54.459999
92045,,,,0.972438,-0.233163,1.335467,0.821304,0.821304,,,,,,,,,,,,,,,,,,,,
92046,,,,,,,,,,,46.091530,50.140930,51.589020,58.128353,0.130124,0.118285,-0.015306,0.040256,-0.066980,,,,,,,,,
92041,,,,,,,,,,,,,,,,,,,,1.015891,-0.217000,1.416178,,,,,,
92048,,,,,,,,,,,,,,,,,,,,1.016935,-0.209666,1.423439,,,,,,
92051,,,,,,,,,,,,,,,,,,,,,,,-0.342393,0.069967,0.966728,1.680000,-28.840000,38.570000
92054,,,,,,,,,,,,,51.054096,56.556290,0.136327,0.136514,,,,,,,,,,,,
92057,,,,,,,,,,,,,,,,,,,,,,,-0.202825,0.108946,0.966728,-3.150000,-19.250000,29.400000
92063,,,,,,,,,,,,,,,,,,,,,,,-0.202825,0.108946,1.000034,-12.880000,-8.750000,23.730000
92062,,,,,,,,,,,,,,,,,,,,1.017887,-0.201924,1.427099,,,,,,
92065,,,,,,,,,,,,,49.816467,55.501328,0.150678,0.148747,,,,,,,,,,,,
92070,,,,,,,,,,,,,,,,,,,,1.018386,-0.194739,1.430806,,,,,,
92074,,,,,,,,,,,,,49.338303,54.121544,0.156223,0.164746,,,,,,,-0.192028,0.059841,1.000034,7.700000,19.879999,24.219999
92077,,,,,,,,,,,,,,,,,,,,1.019272,-0.187339,1.445485,,,,,,
92085,,,,,,,,,,,,,48.601669,52.626289,0.164765,0.182085,,,,,,,,,,,,
92089,,,,,,,,,,,,,,,,,,,,,,,-0.267973,-0.025864,0.940742,15.470000,37.730000,17.219999
92092,,,,0.980157,-0.198224,1.371250,0.750560,0.750560,,,,,,,,,,,,,,,,,,,,
92093,,,,,,,,,,,41.765862,45.128651,,,,,-0.015438,0.037521,-0.073068,,,,,,,,,
92091,,,,,,,,,,,,,,,,,,,,1.020514,-0.179797,1.445731,,,,,,
92094,,,,,,,,,,,,,47.471489,51.455811,0.109516,0.116454,,,,,,,,,,,,
92097,,,,,,,,,,,,,,,,,,,,,,,-0.267973,-0.025864,0.940742,-12.950000,-3.570000,14.350000
92098,,,,,,,,,,,,,,,,,,,,1.021391,-0.172683,1.445659,,,,,,
92104,,,,,,,,,,,,,47.069317,50.421722,0.114180,0.128445,,,,,,,-0.246196,0.051301,1.052128,0.350000,-7.350000,20.230000
92113,,,,,,,,,,,,,,,,,,,,,,,-0.246196,0.051301,1.052128,-1.610000,-9.730000,23.590000
92112,,,,,,,,,,,,,,,,,,,,1.022239,-0.165873,1.452934,,,,,,
92114,,,,,,,,,,,,,,,0.126062,0.140269,,,,,,,,,,,,
92115,,,,,,,,,,,,,46.044605,49.402023,,,,,,,,,,,,,,
92120,,,,,,,,,,,,,,,,,,,,1.022802,-0.159205,1.456656,,,,,,
92123,,,,,,,,,,,,,,,,,,,,,,,-0.344284,-0.010126,0.973987,7.000000,25.340000,19.110001
92124,,,,,,,,,,,,,44.927361,48.314602,0.139017,0.152878,,,,,,,,,,,,
92127,,,,,,,,,,,,,,,,,,,,1.023456,-0.152854,1.460411,,,,,,
92133,,,,,,,,,,,,,,,,,,,,,,,-0.344284,-0.010126,0.973987,2.940000,-3.780000,17.430000
92134,,,,,,,,,,,,,44.366592,47.216614,0.145519,0.165610,,,,,,,,,,,,
92146,,,,0.986053,-0.166429,1.403589,0.680973,0.680973,,,36.590855,40.092747,,,,,-0.017238,0.035682,-0.057874,,,,,,,,,
92140,,,,,,,,,,,,,,,,,,,,1.024208,-0.146475,1.464195,,,,,,
92147,,,,,,,,,,,,,43.152256,46.382008,0.077826,0.095711,,,,,,,,,,,,
92148,,,,,,,,,,,,,,,,,,,,1.024903,-0.140392,1.464149,,,,,,
92152,,,,,,,,,,,,,,,,,,,,,,,-0.283040,0.039772,0.963251,-7.070000,-19.600000,14.700000
92154,,,,,,,,,,,,,42.744984,45.462498,0.082548,0.106373,,,,,,,,,,,,
92157,,,,,,,,,,,,,,,,,,,,,,,-0.283040,0.039772,0.963251,-16.379999,-16.379999,20.510000
92163,,,,,,,,,,,,,,,,,,,,,,,-0.188551,0.028060,1.039562,11.900000,-12.250000,29.750000
92161,,,,,,,,,,,,,,,,,,,,1.025406,-0.134473,1.467793,,,,,,
92164,,,,,,,,,,,,,41.482777,43.769295,0.097184,0.126007,,,,,,,,,,,,
92169,,,,,,,,,,,,,,,,,,,,1.025818,-0.128889,1.475307,,,,,,
92174,,,,,,,,,,,,,39.836060,42.856037,0.116279,0.136597,,,,,,,-0.188551,0.028060,1.039562,3.220000,31.500000,34.090000
92176,,,,,,,,,,,,,,,,,,,,1.026353,-0.122998,1.479160,,,,,,
92183,,,,,,,,,,,,,,,,,,,,,,,-0.317200,-0.007137,0.972035,5.320000,50.400002,35.490002
92184,,,,,,,,,,,,,38.983162,41.524170,0.126169,0.152041,,,,,,,,,,,,
92192,,,,0.990461,-0.137792,1.432564,0.612846,0.612846,,,,,,,,,,,,,,,,,,,,
92193,,,,,,,,,,,32.123779,35.480083,,,,,-0.017591,0.034414,-0.049849,,,,,,,,,
92190,,,,,,,,,,,,,,,,,,,,1.026942,-0.117133,1.486817,,,,,,
92194,,,,,,,,,,,,,37.743828,40.980366,0.069952,0.085458,,,,,,,,,,,,
92195,,,,,,,,,,,,,,,,,,,,,,,-0.317200,-0.007137,0.972035,5.040000,32.340000,36.470001
92197,,,,,,,,,,,,,,,,,,,,1.027565,-0.111533,1.490736,,,,,,
92205,,,,,,,,,,,,,36.797852,40.025093,0.080921,0.096535,,,,,,,,,,,,
92208,,,,,,,,,,,,,,,,,,,,,,,-0.263093,0.051545,1.050725,-11.760000,-15.960000,34.230000
92211,,,,,,,,,,,,,,,,,,,,1.027858,-0.106310,1.498041,,,,,,
92214,,,,,,,,,,,,,35.162041,39.077538,0.099889,0.107522,,,,,,,-0.263093,0.051545,1.050725,-4.620000,-0.210000,38.150002
92219,,,,,,,,,,,,,,,,,,,,1.028056,-0.101175,1.505688,,,,,,
92223,,,,,,,,,,,,,,,,,,,,,,,-0.324520,0.043310,0.922625,-9.730000,11.410000,35.770000
92224,,,,,,,,,,,,,34.514320,37.808819,0.107400,0.122234,,,,,,,,,,,,
92226,,,,,,,,,,,,,,,,,,,,1.028264,-0.096303,1.509542,,,,,,
92233,,,,,,,,,,,,,,,,,,,,,,,-0.324520,0.043310,0.922625,-9.030000,3.570000,27.440001
92234,,,,,,,,,,,,,33.428284,36.748768,0.119993,0.134526,,,,,,,,,,,,
92242,,,,0.993676,-0.112286,1.458273,0.546492,0.546492,,,,,,,,,,,,,,,,,,,,
92243,,,,,,,,,,,27.982819,30.909338,,,,,-0.017684,0.033544,-0.051351,,,,,,,,,
92240,,,,,,,,,,,,,,,,,,,,1.028343,-0.091918,1.517093,,,,,,
92244,,,,,,,,,,,,,32.477676,36.359314,0.065581,0.066816,,,,,,,,,,,,
92245,,,,,,,,,,,,,,,,,,,,,,,-0.276147,0.032452,0.948916,-0.140000,-36.470001,29.889999
92247,,,,,,,,,,,,,,,,,,,,1.028434,-0.087607,1.520851,,,,,,
92253,,,,,,,,,,,,,,,,,,,,,,,-0.276147,0.032452,0.948916,-5.110000,-41.369999,24.360001
92254,,,,,,,,,,,,,31.745361,35.011372,0.074073,0.082446,,,,,,,,,,,,
92264,,,,,,,,,,,,,30.505648,33.795826,0.088448,0.096541,,,,,,,,,,,,
92261,,,,,,,,,,,,,,,,,,,,1.028644,-0.083607,1.524510,,,,,,
92268,,,,,,,,,,,,,,,,,,,,1.028669,-0.079379,1.528340,-0.199897,0.019520,1.043405,-7.910000,-6.930000,22.330000
92273,,,,,,,,,,,,,,,,,,,,,,,-0.199897,0.019520,0.981429,-2.940000,5.810000,20.370001
92274,,,,,,,,,,,,,30.088787,32.857143,0.093282,0.107426,,,,,,,,,,,,
92276,,,,,,,,,,,,,,,,,,,,1.028651,-0.075343,1.532237,,,,,,
92283,,,,,,,,,,,,,,,,,,,,,,,-0.279929,0.011285,0.981429,-1.890000,25.059999,19.110001
92284,,,,,,,,,,,,,29.157309,31.486603,0.104083,0.123318,,,,,,,,,,,,
92292,,,,0.995956,-0.089847,1.480828,0.482232,0.482232,,,,,,,,,,,,,,,,,,,,
92293,,,,,,,,,,,24.712111,27.246595,,,,,-0.015614,0.032168,-0.051872,,,,,,,,,
92289,,,,,,,,,,,,,,,,,,,,1.028676,-0.071146,1.536147,,,,,,
92294,,,,,,,,,,,,,27.820267,30.875906,0.067904,0.072521,,,,,,,,,,,,
92296,,,,,,,,,,,,,,,,,,,,,,,-0.216550,-0.001403,1.051335,-0.350000,19.320000,19.670000
92297,,,,,,,,,,,,,,,,,,,,1.028886,-0.067144,1.540140,,,,,,
92305,,,,,,,,,,,,,27.040678,29.611692,0.076943,0.087181,,,,,,,,,,,,
92309,,,,,,,,,,,,,,,,,,,,,,,-0.216550,-0.001403,1.051335,3.430000,-11.480000,23.030001
92311,,,,,,,,,,,,,,,,,,,,1.029074,-0.063339,1.543859,,,,,,
92314,,,,,,,,,,,,,,,,,,,,,,,-0.215330,-0.003172,0.945866,-2.590000,-8.890000,19.879999
92315,,,,,,,,,,,,,26.656757,28.820009,0.081395,0.096361,,,,,,,,,,,,
92319,,,,,,,,,,,,,,,,,,,,1.029210,-0.059796,1.551491,,,,,,
92324,,,,,,,,,,,,,25.858105,28.249784,0.090656,0.102973,,,,,,,-0.215330,-0.003172,0.945866,5.600000,1.330000,15.260000
92333,,,,,,,,,,,,,,,,,,,,1.029305,-0.056348,1.551491,-0.250832,0.027816,1.018456,3.500000,-8.540000,13.370000
92334,,,,,,,,,,,,,25.050945,27.612295,0.100016,0.110365,,,,,,,,,,,,
92342,,,,0.997520,-0.070379,1.500359,0.420396,0.420396,,,,,,,,,,,,,,,,,,,,
92343,,,,,,,,,,,21.254906,23.448378,,,,,-0.014466,0.031508,-0.051930,,,,,,,,,
92340,,,,,,,,,,,,,,,,,,,,1.029318,-0.053013,1.555374,,,,,,
92344,,,,,,,,,,,,,24.360550,26.515669,0.053391,0.063062,,,,,,,,,,,,
92345,,,,,,,,,,,,,,,,,,,,,,,-0.250832,0.027816,1.018456,-0.770000,-20.650000,17.639999
92348,,,,,,,,,,,,,,,,,,,,1.029351,-0.049842,1.555326,,,,,,
92353,,,,,,,,,,,,,,,,,,,,,,,-0.167262,-0.004270,1.020591,-3.220000,-22.750000,17.850000
92354,,,,,,,,,,,,,23.783283,25.596600,0.060085,0.073719,,,,,,,,,,,,
92362,,,,,,,,,,,,,,,,,,,,1.029310,-0.046761,1.559216,,,,,,
92365,,,,,,,,,,,,,22.587141,25.143221,0.073955,0.078976,,,,,,,,,,,,
92369,,,,,,,,,,,,,,,,,,,,1.029271,-0.043803,1.563115,-0.167262,-0.004270,1.003389,1.400000,8.330000,17.010000
92374,,,,,,,,,,,,,21.870232,24.020916,0.082268,0.091990,,,,,,,-0.238266,0.005124,1.003389,4.060000,16.240000,16.240000
92377,,,,,,,,,,,,,,,,,,,,1.029222,-0.040740,1.567021,,,,,,
92383,,,,,,,,,,,,,,,,,,,,,,,-0.238266,0.005124,1.003389,-5.950000,27.299999,11.340000
92384,,,,,,,,,,,,,21.204199,23.013784,0.089991,0.103669,,,,,,,,,,,,
92392,,,,0.998554,-0.053758,1.517012,0.361324,0.361324,,,,,,,,,,,,,,,,,,,,
92393,,,,,,,,,,,18.067892,19.993343,,,,,-0.012963,0.030628,-0.048773,,,,,,,,,
92390,,,,,,,,,,,,,,,,,,,,1.029204,-0.037659,1.567070,,,,,,
92394,,,,,,,,,,,,,21.123568,22.646152,0.040565,0.053335,,,,,,,,,,,,
92395,,,,,,,,,,,,,,,,,,,,,,,-0.180560,0.028853,0.993507,-0.980000,4.760000,9.030000
92398,,,,,,,,,,,,,,,,,,,,1.028962,-0.034877,1.570984,,,,,,
92405,,,,,,,,,,,,,20.333996,21.615097,0.049721,0.065291,,,,,,,,,,,,
92409,,,,,,,,,,,,,,,,,,,,,,,-0.180560,0.028853,0.993507,3.290000,-22.400000,10.500000
92411,,,,,,,,,,,,,,,,,,,,1.028985,-0.032317,1.569934,,,,,,
92415,,,,,,,,,,,,,19.288284,20.911018,0.061846,0.073455,,,,,,,-0.183793,-0.026962,1.032852,6.580000,-16.240000,16.590000
92418,,,,,,,,,,,,,,,,,,,,1.028968,-0.029796,1.573958,,,,,,
92423,,,,,,,,,,,,,,,,,,,,,,,-0.183793,-0.026962,1.032852,0.490000,3.290000,18.200001
92424,,,,,,,,,,,,,18.603966,19.969336,0.069782,0.084375,,,,,,,,,,,,
92433,,,,,,,,,,,,,,,,,,,,,,,-0.249856,0.001464,0.986004,-1.120000,20.299999,17.219999
92432,,,,,,,,,,,,,,,,,,,,1.029046,-0.027166,1.577754,,,,,,
92434,,,,,,,,,,,,,17.839855,19.535297,0.078642,0.089408,,,,,,,,,,,,
92442,,,,0.999206,-0.039833,1.530953,0.305363,0.305363,,,,,,,,,,,,,,,,,,,,
92443,,,,,,,,,,,14.816938,16.478399,,,,,-0.012218,0.029933,-0.045796,,,,,,,,,
92439,,,,,,,,,,,,,,,,,,,,1.028903,-0.024876,1.581651,,,,,,
92444,,,,,,,,,,,,,17.206411,18.632957,0.034616,0.044328,,,,,,,,,,,,
92446,,,,,,,,,,,,,,,,,,,,,,,-0.249856,0.001464,0.986004,-0.630000,7.630000,17.920000
92447,,,,,,,,,,,,,,,,,,,,1.028916,-0.022372,1.585544,,,,,,
92454,,,,,,,,,,,,,16.123116,17.871958,0.047177,0.053153,,,,,,,-0.179096,-0.000793,1.029375,2.100000,-5.600000,16.520000
92464,,,,,,,,,,,,,15.738729,17.210203,0.051635,0.060826,,,,,,,,,,,,
92461,,,,,,,,,,,,,,,,,,,,1.028974,-0.020466,1.589533,,,,,,
92469,,,,,,,,,,,,,,,,,,,,,,,-0.179096,-0.000793,0.997411,-5.810000,19.600000,18.129999
92468,,,,,,,,,,,,,,,,,,,,1.028791,-0.018259,1.593184,,,,,,
92475,,,,,,,,,,,,,14.781257,16.532253,0.062737,0.068687,,,,,,,-0.228933,0.018300,0.997411,-1.820000,21.070000,14.280000
92483,,,,,,,,,,,,,,,,,,,,,,,-0.228933,0.018300,0.981917,-2.240000,-3.080000,8.260000
92482,,,,,,,,,,,,,,,,,,,,1.028717,-0.016199,1.593064,,,,,,
92485,,,,,,,,,,,,,14.162188,16.210556,0.069916,0.072418,,,,,,,,,,,,
92492,,,,0.999596,-0.028429,1.542363,0.252871,0.252871,,,,,,,,,,,,,,,,,,,,
92493,,,,,,,,,,,11.868125,13.191881,,,,,-0.011343,0.029389,-0.049332,,,,,,,,,
92490,,,,,,,,,,,,,,,,,,,,1.028570,-0.014641,1.593186,,,,,,
92494,,,,,,,,,,,,,14.161833,15.323888,0.023323,0.030766,,,,,,,,,,,,
92495,,,,,,,,,,,,,,,,,,,,,,,-0.222040,-0.017812,0.981917,3.920000,-13.720000,6.510000
92497,,,,,,,,,,,,,,,,,,,,1.028614,-0.012862,1.592936,,,,,,
92503,,,,,,,,,,,,,,,,,,,,,,,-0.171288,-0.002135,1.010160,-0.980000,-19.250000,7.560000
92504,,,,,,,,,,,,,13.014520,14.541651,0.036627,0.039837,,,,,,,,,,,,
92511,,,,,,,,,,,,,,,,,,,,1.028549,-0.011454,1.597168,,,,,,
92514,,,,,,,,,,,,,12.589618,13.874546,0.041554,0.047572,,,,,,,-0.171288,-0.002135,1.010160,-0.070000,-12.250000,4.340000
92519,,,,,,,,,,,,,,,,,,,,1.028512,-0.009960,1.593411,,,,,,
92525,,,,,,,,,,,,,11.604783,13.191861,0.052974,0.055488,,,,,,,,,,,,
92529,,,,,,,,,,,,,,,,,,,,,,,-0.241682,-0.004819,0.991433,4.900000,20.719999,0.770000
92534,,,,,,,,,,,,,10.961061,12.296429,0.060438,0.065871,,,,,,,-0.241682,-0.004819,0.991433,1.470000,24.150000,-0.700000
92533,,,,,,,,,,,,,,,,,,,,1.028627,-0.008559,1.601496,,,,,,
92542,,,,0.999813,-0.019351,1.551445,0.204215,0.204215,,,,,,,,,,,,,,,,,,,,
92543,,,,,,,,,,,9.340915,10.408072,,,,,-0.009865,0.029118,-0.049228,,,,,,,,,
92540,,,,,,,,,,,,,,,,,,,,1.028449,-0.006981,1.597172,,,,,,
92544,,,,,,,,,,,,,10.865300,11.441323,0.021614,0.031797,,,,,,,,,,,,
92546,,,,,,,,,,,,,,,,,,,,,,,-0.183671,-0.000854,1.028521,-2.310000,8.260000,-0.980000
92548,,,,,,,,,,,,,,,,,,,,1.028347,-0.005786,1.597170,,,,,,
92554,,,,,,,,,,,,,10.239267,10.723933,0.028873,0.040116,,,,,,,-0.183671,-0.000854,1.028521,3.220000,-15.610000,-3.710000
92563,,,,,,,,,,,,,,,,,,,,,,,-0.183610,0.012078,0.984357,-0.630000,-6.790000,4.900000
92561,,,,,,,,,,,,,,,,,,,,1.028363,-0.004728,1.597170,,,,,,
92564,,,,,,,,,,,,,9.163645,10.119769,0.041346,0.047122,,,,,,,,,,,,
92569,,,,,,,,,,,,,,,,,,,,1.028353,-0.003759,1.597172,,,,,,
92574,,,,,,,,,,,,,8.805289,9.609772,0.045501,0.053036,,,,,,,-0.183610,0.012078,0.984357,6.090000,8.470000,-0.490000
92576,,,,,,,,,,,,,,,,,,,,1.028308,-0.002932,1.593411,,,,,,
92584,,,,,,,,,,,,,8.504761,8.633657,0.048986,0.064354,,,,,,,,,,,,
92588,,,,,,,,,,,,,,,,,,,,,,,-0.207766,-0.013603,1.005890,-0.630000,-3.850000,1.750000
92592,,,,0.999923,-0.012379,1.558417,0.159769,0.159769,,,,,,,,,,,,,,,,,,,,
92593,,,,,,,,,,,7.044496,7.949249,,,,,-0.008389,0.028644,-0.039993,,,,,,,,,
92590,,,,,,,,,,,,,,,,,,,,1.028351,-0.002016,1.593301,,,,,,
92594,,,,,,,,,,,,,7.702854,8.358257,0.021997,0.028694,,,,,,,,,,,,
92596,,,,,,,,,,,,,,,,,,,,,,,-0.207766,-0.013603,1.005890,0.490000,-3.360000,-0.280000
92598,,,,,,,,,,,,,,,,,,,,1.028256,-0.001321,1.597168,,,,,,
92604,,,,,,,,,,,,,7.029507,7.580963,0.029805,0.037707,,,,,,,-0.174887,-0.021411,1.006439,0.700000,-7.210000,0.840000
92613,,,,,,,,,,,,,,,,,,,,,,,-0.174887,-0.021411,1.006439,0.770000,-9.870000,2.100000
92612,,,,,,,,,,,,,,,,,,,,1.028202,-0.000612,1.597056,,,,,,
92614,,,,,,,,,,,,,6.462622,6.926617,0.036378,0.045294,,,,,,,,,,,,
92619,,,,,,,,,,,,,,,,,,,,1.028127,-0.000106,1.597170,,,,,,
92625,,,,,,,,,,,,,5.958643,6.349049,0.042222,0.051992,,,,,,,,,,,,
92628,,,,,,,,,,,,,,,,,,,,,,,-0.172386,-0.002745,1.017785,4.060000,18.900000,2.100000
92627,,,,,,,,,,,,,,,,,,,,1.028100,0.000416,1.597277,,,,,,
92634,,,,,,,,,,,,,5.589168,5.917655,0.046506,0.056994,,,,,,,-0.172386,-0.002745,1.017785,-2.170000,11.550000,2.100000
92642,,,,0.999974,-0.007277,1.563520,0.119919,0.119919,,,,,,,,,,,,,,,,,,,,
92643,,,,,,,,,,,5.094905,5.799414,,,,,-0.006818,0.028340,-0.035438,,,,,,,,,
92640,,,,,,,,,,,,,,,,,,,,1.028077,0.001027,1.597379,,,,,,
92644,,,,,,,,,,,,,5.249895,5.526284,0.019633,0.027561,,,,,,,,,,,,
92646,,,,,,,,,,,,,,,,,,,,,,,-0.177998,0.003904,1.009062,0.630000,-8.190000,-2.310000
92648,,,,,,,,,,,,,,,,,,,,1.028061,0.001386,1.597053,,,,,,
92654,,,,,,,,,,,,,4.965808,4.649815,0.022927,0.037724,,,,,,,-0.177998,0.003904,1.009062,1.120000,-18.480000,-4.060000
92663,,,,,,,,,,,,,,,,,,,,,,,-0.140727,-0.002867,1.003206,0.350000,-21.629999,-5.600000
92662,,,,,,,,,,,,,,,,,,,,1.028084,0.001591,1.596929,,,,,,
92664,,,,,,,,,,,,,4.178230,3.912354,0.032060,0.046275,,,,,,,,,,,,
92669,,,,,,,,,,,,,,,,,,,,1.028066,0.001716,1.596929,,,,,,
92674,,,,,,,,,,,,,4.062952,3.839243,0.033396,0.047123,,,,,,,-0.140727,-0.002867,1.003206,2.240000,-8.400000,-2.730000
92678,,,,,,,,,,,,,,,,,,,,1.027948,0.001953,1.597170,,,,,,
92684,,,,,,,,,,,,,3.418567,3.765727,0.040869,0.047976,,,,,,,,,,,,
92688,,,,,,,,,,,,,,,,,,,,,,,-0.173118,-0.009394,0.998936,0.770000,-9.590000,-0.140000
92692,,,,0.999993,-0.003784,1.567013,0.085059,0.085059,,,,,,,,,,,,,,,,,,,,
92693,,,,,,,,,,,3.445115,3.965632,,,,,-0.005295,0.028106,-0.030307,,,,,,,,,
92691,,,,,,,,,,,,,,,,,,,,1.027904,0.001997,1.597053,,,,,,
92694,,,,,,,,,,,,,3.437073,3.729173,0.014584,0.019422,,,,,,,,,,,,
92695,,,,,,,,,,,,,,,,,,,,,,,-0.173118,-0.009394,1.016199,1.050000,-12.390000,0.210000
92699,,,,,,,,,,,,,,,,,,,,1.027884,0.002028,1.597168,,,,,,
92703,,,,,,,,,,,,,,,,,,,,,,,-0.129381,-0.012322,1.016199,-0.070000,-19.740000,5.180000
92704,,,,,,,,,,,,,2.891953,3.137726,0.020905,0.026280,,,,,,,,,,,,
92706,,,,,,,,,,,,,,,,,,,,1.027887,0.001998,1.597166,,,,,,
92713,,,,,,,,,,,,,,,,,,,,,,,-0.109922,-0.003294,1.013759,0.280000,-23.379999,7.700000
92714,,,,,,,,,,,,,2.433289,2.640082,0.026224,0.032051,,,,,,,,,,,,
92720,,,,,,,,,,,,,,,,,,,,1.027945,0.001793,1.601233,,,,,,
92723,,,,,,,,,,,,,,,,,,,,,,,-0.109922,-0.003294,1.013759,0.420000,-29.260000,8.260000
92724,,,,,,,,,,,,,2.047369,2.221365,0.030699,0.036906,,,,,,,,,,,,
92727,,,,,,,,,,,,,,,,,,,,1.027937,0.001686,1.601562,,,,,,
92733,,,,,,,,,,,,,,,,,,,,,,,-0.109495,-0.005002,1.013637,0.490000,-30.660000,8.260000
92734,,,,,,,,,,,,,1.722656,1.869056,0.034464,0.040992,,,,,,,,,,,,
92746,,,,0.999999,-0.001621,1.569175,0.055590,0.055590,,,2.586146,2.921294,,,,,-0.002503,0.028028,-0.032031,,,,,,,,,
92741,,,,,,,,,,,,,,,,,,,,1.028041,0.001392,1.601772,,,,,,
92747,,,,,,,,,,,,,1.449442,1.572624,0.024059,0.027926,,,,,,,,,,,,
92750,,,,,,,,,,,,,,,,,,,,,,,-0.109495,-0.005002,1.013637,1.540000,-28.280001,-0.630000
92748,,,,,,,,,,,,,,,,,,,,1.028117,0.001064,1.601833,,,,,,
92754,,,,,,,,,,,,,1.219561,1.323205,0.026724,0.030819,,,,,,,,,,,,
92756,,,,,,,,,,,,,,,,,,,,,,,-0.111691,-0.008113,1.016931,0.350000,-17.780001,-0.770000
92763,,,,,,,,,,,,,,,,,,,,,,,-0.111691,-0.008113,1.016931,1.190000,-5.460000,2.870000
92762,,,,,,,,,,,,,,,,,,,,1.028146,0.000793,1.601864,,,,,,
92764,,,,,,,,,,,,,1.026138,1.113345,0.028967,0.033252,,,,,,,,,,,,
92769,,,,,,,,,,,,,,,,,,,,1.028132,0.000683,1.601864,,,,,,
92773,,,,,,,,,,,,,,,,,,,,,,,-0.047580,-0.002135,1.001925,0.140000,5.180000,3.150000
92774,,,,,,,,,,,,,0.863393,0.936768,0.030854,0.035299,,,,,,,,,,,,
92777,,,,,,,,,,,,,,,,,,,,1.028084,0.000675,1.601852,,,,,,
92784,,,,,,,,,,,,,0.726458,0.788197,0.032442,0.037022,,,,,,,,,,,,
92788,,,,,,,,,,,,,,,,,,,,,,,-0.047580,-0.002135,1.001925,0.840000,-5.180000,0.000000
92792,,,,1.000000,-0.000488,1.570309,0.031924,0.031924,,,,,,,,,,,,,,,,,,,,
92793,,,,,,,,,,,1.851431,2.044883,,,,,-0.000381,0.028097,-0.031489,,,,,,,,,
92790,,,,,,,,,,,,,,,,,,,,1.028091,0.000617,1.601852,,,,,,
92794,,,,,,,,,,,,,0.611242,0.663188,0.022168,0.024623,,,,,,,,,,,,
92795,,,,,,,,,,,,,,,,,,,,,,,-0.029585,-0.014396,1.026325,0.840000,-1.330000,-0.700000
92797,,,,,,,,,,,,,,,,,,,,1.028098,0.000587,1.601852,,,,,,
92804,,,,,,,,,,,,,0.514299,0.558007,0.023292,0.025843,,,,,,,-0.029585,-0.014396,1.026325,0.490000,2.730000,0.000000
92813,,,,,,,,,,,,,,,,,,,,,,,-0.042883,-0.004209,1.011990,0.700000,2.100000,-0.350000
92811,,,,,,,,,,,,,,,,,,,,1.028112,0.000608,1.601852,,,,,,
92814,,,,,,,,,,,,,0.432731,0.469507,0.024238,0.026869,,,,,,,,,,,,
92819,,,,,,,,,,,,,,,,,,,,1.028107,0.000688,1.601852,,,,,,
92824,,,,,,,,,,,,,0.364100,0.395043,0.025034,0.027732,,,,,,,-0.042883,-0.004209,1.011990,0.700000,1.260000,-0.840000
92826,,,,,,,,,,,,,,,,,,,,1.028116,0.000715,1.601852,,,,,,
92833,,,,,,,,,,,,,,,,,,,,,,,-0.068686,-0.005307,1.014796,0.630000,-0.350000,-0.490000
92834,,,,,,,,,,,,,0.306354,0.332389,0.025704,0.028459,,,,,,,,,,,,
92845,,,,1.000000,-0.000062,1.570734,0.014482,0.014482,,,,,,,,,,,,,,,,,,,,
92846,,,,,,,,,,,0.931814,1.019863,,,,,0.000092,0.028123,-0.031114,,,,,,,,,
92839,,,,,,,,,,,,,,,,,,,,1.028126,0.000720,1.601852,,,,,,
92847,,,,,,,,,,,,,0.257766,0.279672,0.011735,0.012873,,,,1.028143,0.000688,1.601852,,,,,,
92851,,,,,,,,,,,,,,,,,,,,,,,-0.068686,-0.005307,1.014979,0.560000,-0.630000,-0.210000
92854,,,,,,,,,,,,,0.216884,0.235316,0.012209,0.013387,,,,,,,,,,,,
92856,,,,,,,,,,,,,,,,,,,,,,,-0.064294,-0.006405,1.014979,0.700000,-0.350000,-0.070000
92861,,,,,,,,,,,,,,,,,,,,1.028131,0.000690,1.601852,,,,,,
92864,,,,,,,,,,,,,0.182486,0.197995,0.012608,0.013820,,,,,,,-0.064294,-0.006405,1.014979,0.700000,0.420000,-0.210000
92868,,,,,,,,,,,,,,,,,,,,1.028118,0.000685,1.601852,,,,,,
92873,,,,,,,,,,,,,,,,,,,,,,,-0.054717,-0.006466,1.014430,0.630000,0.280000,-0.070000
92874,,,,,,,,,,,,,0.153544,0.166593,0.012944,0.014184,,,,,,,,,,,,
92883,,,,,,,,,,,,,,,,,,,,,,,-0.054717,-0.006466,1.014430,0.700000,0.490000,-0.280000
92882,,,,,,,,,,,,,,,,,,,,1.028126,0.000686,1.601852,,,,,,
92884,,,,,,,,,,,,,0.129192,0.140171,0.013226,0.014490,,,,,,,,,,,,
92892,,,,1.000000,-0.000000,1.570796,0.003695,0.003695,,,,,,,,,,,,,,,,,,,,
92893,,,,,,,,,,,0.293792,0.316270,,,,,0.000185,0.028133,-0.031055,,,,,,,,,
92889,,,,,,,,,,,,,,,,,,,,1.028135,0.000687,1.601852,,,,,,
92894,,,,,,,,,,,,,0.108702,0.117940,0.003382,0.003630,,,,,,,,,,,,
92895,,,,,,,,,,,,,,,,,,,,,,,-0.059048,-0.006405,1.014918,0.630000,0.070000,-0.210000
92897,,,,,,,,,,,,,,,,,,,,1.028124,0.000680,1.601852,,,,,,
92905,,,,,,,,,,,,,0.091462,0.099235,0.003582,0.003847,,,,,,,,,,,,
92908,,,,,,,,,,,,,,,,,,,,,,,-0.059048,-0.006405,1.014918,0.700000,0.280000,-0.350000
92911,,,,,,,,,,,,,,,,,,,,1.028118,0.000685,1.601852,,,,,,
92914,,,,,,,,,,,,,0.076956,0.083496,0.003750,0.004029,,,,,,,-0.060756,-0.007686,1.016077,0.700000,0.210000,-0.210000
92919,,,,,,,,,,,,,,,,,,,,1.028106,0.000699,1.601852,,,,,,
92923,,,,,,,,,,,,,,,,,,,,,,,-0.060756,-0.006405,1.014857,0.700000,0.210000,-0.210000
92924,,,,,,,,,,,,,0.064751,0.070254,0.003892,0.004183,,,,,,,,,,,,
92933,,,,,,,,,,,,,,,,,,,,1.028113,0.000685,1.601852,-0.058438,-0.006405,1.014857,0.630000,0.350000,-0.280000
92934,,,,,,,,,,,,,0.054481,0.059111,0.004011,0.004312,,,,,,,,,,,,
92942,,,,1.000000,-0.000000,1.570796,0.003695,0.003695,,,,,,,,,,,,,,,,,,,,
