ts,x,y,yaw,x_des,y_des,yaw_des,v_ff,w_ff,v_actual,w_actual,omega_l_cmd,omega_r_cmd,omega_l_meas,omega_r_meas,duty_l,duty_r,x_err,y_err,yaw_err,x_raw,y_raw,yaw_raw,acc_x,acc_y,acc_z,gyro_x,gyro_y,gyro_z
102726,,,,,,,,,,,,,0.016581,0.024595,,,,,,,,,,,,,,
102727,,,,1.000000,-0.000000,1.570796,0.003695,0.003695,,,,,,,,,,,,,,,,,,,,
102728,,,,,,,,,,,0.503695,0.527213,,,,,0.000791,0.026073,-0.023252,,,,,,,,,
108508,,,,,,,,,,,,,0.000000,0.000000,0.000000,0.000000,,,,,,,,,,,,
108516,,,,,,,,,,,,,,,,,,,,,,,-0.063196,-0.005551,1.016626,0.770000,0.210000,-0.280000
108514,,,,,,,,,,,,,,,,,,,,1.026059,-0.000121,1.594048,,,,,,
108517,,,,,,,,,,,,,0.000000,0.000000,0.000000,0.000000,,,,,,,,,,,,
108522,,,,,,,,,,,,,,,,,,,,1.026062,-0.000135,1.594049,,,,,,
108526,,,,,,,,,,,,,,,,,,,,,,,-0.063196,-0.005551,1.016626,0.700000,0.350000,-0.280000
108527,,,,,,,,,,,,,0.000000,0.000000,0.000000,0.000000,,,,,,,,,,,,
108530,,,,,,,,,,,,,,,,,,,,1.026064,-0.000130,1.594049,,,,,,
108537,,,,,,,,,,,,,,,0.000000,0.000000,,,,1.026070,-0.000129,1.594048,-0.062525,-0.005368,1.017480,0.700000,0.070000,-0.210000
108538,,,,,,,,,,,,,0.000000,0.000000,,,,,,,,,,,,,,
108546,,,,,,,,,,,,,,,,,,,,,,,-0.062525,-0.005368,1.017480,0.770000,0.280000,-0.280000
108547,,,,,,,,,,,,,,,0.000000,0.000000,,,,,,,,,,,,
108548,,,,,,,,,,,,,0.000000,0.000000,,,,,,,,,,,,,,
108551,,,,,,,,,,,,,,,,,,,,1.026059,-0.000132,1.594049,,,,,,
108557,,,,,,,,,,,,,0.000000,0.000000,0.000000,0.000000,,,,,,,-0.061976,-0.005124,1.016321,0.560000,0.210000,-0.210000
108559,,,,1.000000,0.000488,1.571284,0.003695,0.003695,,,0.654648,0.678249,,,,,,,,1.026063,-0.000130,1.594049,,,,,,
108560,,,,,,,,,,,,,,,,,0.001226,0.026037,-0.022765,,,,,,,,,
108566,,,,,,,,,,,,,,,,,,,,,,,-0.061976,-0.005124,1.016321,0.700000,0.140000,-0.280000
108567,,,,,,,,,,,,,,,0.010345,0.010718,,,,,,,,,,,,
108568,,,,,,,,,,,,,0.000000,0.000000,,,,,,,,,,,,,,
108573,,,,,,,,,,,,,,,,,,,,1.026060,-0.000130,1.594048,,,,,,
108576,,,,,,,,,,,,,,,,,,,,,,,-0.062220,-0.004880,1.016138,0.700000,0.140000,-0.280000
108582,,,,,,,,,,,,,0.000000,0.000000,0.010345,0.010718,,,,,,,,,,,,
108581,,,,,,,,,,,,,,,,,,,,1.026065,-0.000123,1.594048,,,,,,
108587,,,,,,,,,,,,,0.000000,0.000000,0.010345,0.010718,,,,,,,-0.062220,-0.004880,1.016138,0.700000,0.140000,-0.280000
108590,,,,,,,,,,,,,,,,,,,,1.026066,-0.000130,1.594048,,,,,,
108596,,,,,,,,,,,,,,,,,,,,,,,-0.062769,-0.005063,1.016687,0.490000,-0.280000,-0.280000
108598,,,,,,,,,,,,,0.000000,0.000000,0.010345,0.010718,,,,,,,,,,,,
108597,,,,,,,,,,,,,,,,,,,,1.026059,-0.000139,1.594048,,,,,,
108606,,,,,,,,,,,,,,,,,,,,,,,-0.062769,-0.005063,1.016687,0.700000,0.070000,-0.280000
108607,,,,,,,,,,,,,0.000000,0.000000,0.010345,0.010718,,,,,,,,,,,,
108609,,,,0.999999,0.001621,1.572417,0.014482,0.014482,,,1.718173,1.811476,,,,,0.002365,0.026012,-0.021631,,,,,,,,,
108611,,,,,,,,,,,,,,,,,,,,1.026067,-0.000132,1.594049,,,,,,
108616,,,,,,,,,,,,,,,,,,,,,,,-0.063013,-0.005612,1.016687,0.700000,0.070000,-0.280000
108622,,,,,,,,,,,,,,,0.027150,0.028625,,,,,,,,,,,,
108623,,,,,,,,,,,,,0.000000,0.000000,,,,,,,,,,,,,,
108618,,,,,,,,,,,,,,,,,,,,1.026065,-0.000128,1.594049,,,,,,
108627,,,,,,,,,,,,,,,,,,,,,,,-0.063013,-0.005612,1.016687,0.700000,0.210000,-0.280000
108628,,,,,,,,,,,,,0.000000,0.000000,0.027150,0.028625,,,,,,,,,,,,
108632,,,,,,,,,,,,,,,,,,,,1.026069,-0.000130,1.594048,,,,,,
108637,,,,,,,,,,,,,,,0.027150,0.028625,,,,,,,-0.062708,-0.005246,1.016809,0.630000,0.140000,-0.280000
108638,,,,,,,,,,,,,0.000000,0.000000,,,,,,,,,,,,,,
108639,,,,,,,,,,,,,,,,,,,,1.026072,-0.000135,1.594049,,,,,,
108646,,,,,,,,,,,,,,,,,,,,,,,-0.062708,-0.005246,1.016809,0.700000,0.210000,-0.210000
108647,,,,,,,,,,,,,,,0.027150,0.028625,,,,1.026060,-0.000123,1.594048,,,,,,
108648,,,,,,,,,,,,,0.000000,0.000000,,,,,,,,,,,,,,
108656,,,,,,,,,,,,,,,,,,,,,,,-0.063562,-0.006161,1.017846,0.700000,0.140000,-0.350000
108657,,,,,,,,,,,,,,,0.027150,0.028625,,,,,,,,,,,,
108658,,,,,,,,,,,,,0.000000,0.000000,,,,,,,,,,,,,,
108659,,,,0.999993,0.003784,1.574580,0.031924,0.031924,,,3.543116,3.752179,,,,,0.004513,0.025969,-0.019468,,,,,,,,,
108660,,,,,,,,,,,,,,,,,,,,1.026066,-0.000133,1.594048,,,,,,
108667,,,,,,,,,,,,,,,0.055988,0.059291,,,,,,,-0.063562,-0.006161,1.017846,0.630000,0.280000,-0.280000
108668,,,,,,,,,,,,,0.000000,0.000000,,,,,,1.026068,-0.000137,1.594049,,,,,,
108676,,,,,,,,,,,,,,,,,,,,,,,-0.063196,-0.005551,1.016809,0.770000,0.140000,-0.210000
108682,,,,,,,,,,,,,0.000000,0.000000,0.055988,0.059291,,,,,,,,,,,,
108681,,,,,,,,,,,,,,,,,,,,1.026063,-0.000137,1.594049,,,,,,
108687,,,,,,,,,,,,,,,,,,,,,,,-0.063196,-0.003172,1.019127,0.700000,-1.330000,1.330000
108688,,,,,,,,,,,,,0.992786,0.000000,0.044476,0.059291,,,,,,,,,,,,
108689,,,,,,,,,,,,,,,,,,,,1.026077,-0.000129,1.594049,,,,,,
108696,,,,,,,,,,,,,,,,,,,,,,,-0.056608,-0.003172,1.019127,1.050000,-2.450000,-5.320000
108697,,,,,,,,,,,,,,,0.046302,0.059291,,,,,,,,,,,,
108698,,,,,,,,,,,,,0.835330,0.000000,,,,,,,,,,,,,,
108702,,,,,,,,,,,,,,,,,,,,1.026079,-0.000119,1.594048,,,,,,
108707,,,,,,,,,,,,,,,0.047838,0.059291,,,,,,,-0.056608,-0.005002,1.015528,0.980000,1.750000,-4.270000
108708,,,,,,,,,,,,,0.702847,0.000000,,,,,,,,,,,,,,
108709,,,,0.999974,0.007277,1.578073,0.055590,0.055590,,,6.214416,6.588063,,,,,0.008001,0.025925,-0.015975,,,,,,,,,
108710,,,,,,,,,,,,,,,,,,,,1.026099,-0.000080,1.594083,,,,,,
108717,,,,,,,,,,,,,,,,,,,,1.026065,-0.000008,1.594048,-0.040626,-0.005002,1.015528,0.840000,2.730000,-3.640000
108723,,,,,,,,,,,,,0.591375,0.000000,0.091342,0.104104,,,,,,,,,,,,
108727,,,,,,,,,,,,,,,,,,,,,,,-0.082838,-0.007259,1.017602,0.910000,1.120000,-1.750000
108731,,,,,,,,,,,,,,,,,,,,1.026052,0.000031,1.590134,,,,,,
108737,,,,,,,,,,,,,,,0.092430,0.104104,,,,,,,-0.082838,-0.007259,1.017602,0.490000,-4.480000,0.140000
108738,,,,,,,,,,,,,0.497583,0.000000,,,,,,1.026052,0.000037,1.590134,,,,,,
108746,,,,,,,,,,,,,,,,,,,,,,,-0.025010,-0.006710,1.022299,1.050000,-6.650000,0.140000
108747,,,,,,,,,,,,,0.418666,0.000000,0.093345,0.104104,,,,,,,,,,,,
108752,,,,,,,,,,,,,,,,,,,,1.026111,0.000009,1.594048,,,,,,
108757,,,,,,,,,,,,,,,0.087765,0.104104,,,,,,,-0.025010,-0.006710,1.022299,1.050000,-2.240000,-9.730000
108758,,,,,,,,,,,,,0.899820,0.000000,,,,,,,,,,,,,,
108759,,,,0.999923,0.012379,1.583176,0.085059,0.085059,,,,,,,,,,,,1.026082,0.000129,1.590176,,,,,,
108760,,,,,,,,,,,9.691706,10.295248,,,,,0.012814,0.025922,-0.008509,,,,,,,,,
108766,,,,,,,,,,,,,,,,,,,,1.026003,0.000319,1.590210,0.023119,-0.010675,1.020408,1.610000,1.610000,-14.210000
108768,,,,,,,,,,,,,1.305104,0.547996,0.138014,0.156330,,,,,,,,,,,,
108776,,,,,,,,,,,,,,,,,,,,,,,0.023119,-0.010675,1.020408,1.330000,5.180000,-17.500000
108783,,,,,,,,,,,,,1.451622,0.461083,0.136315,0.157338,,,,,,,,,,,,
108780,,,,,,,,,,,,,,,,,,,,1.025925,0.000657,1.586295,,,,,,
108788,,,,,,,,,,,,,,,0.127394,0.146595,,,,,,,0.005856,-0.005246,1.025471,1.610000,-9.940000,-19.040001
108789,,,,,,,,,,,,,2.220923,1.387484,,,,,,,,,,,,,,
108787,,,,,,,,,,,,,,,,,,,,1.025903,0.000975,1.582443,,,,,,
108796,,,,,,,,,,,,,,,,,,,,,,,0.005856,-0.005246,1.025471,0.840000,-20.440001,-13.930000
108798,,,,,,,,,,,,,2.475621,1.774365,0.124441,0.142109,,,,,,,,,,,,
108801,,,,,,,,,,,,,,,,,,,,1.025891,0.001254,1.578594,,,,,,
108806,,,,,,,,,,,,,,,,,,,,,,,0.126087,-0.004392,1.033218,0.280000,3.780000,-9.310000
108807,,,,,,,,,,,,,,,0.116231,0.138991,,,,,,,,,,,,
108808,,,,,,,,,,,,,3.183630,2.043272,,,,,,1.025915,0.001980,1.582443,,,,,,
108809,,,,0.999813,0.019351,1.590148,0.119919,0.119919,,,,,,,,,,,,,,,,,,,,
108810,,,,,,,,,,,13.654146,14.619094,,,,,0.018202,0.025931,0.010456,,,,,,,,,
108816,,,,,,,,,,,,,,,,,,,,,,,0.126087,-0.004392,1.033218,-0.070000,11.620000,-13.160000
108818,,,,,,,,,,,,,3.772716,2.813218,0.172014,0.198388,,,,,,,,,,,,
108823,,,,,,,,,,,,,,,,,,,,1.025820,0.002971,1.574672,,,,,,
108826,,,,,,,,,,,,,,,,,,,,,,,0.066551,-0.010919,1.010465,0.420000,6.160000,-14.070000
108827,,,,,,,,,,,,,,,0.166215,0.190825,,,,,,,,,,,,
108828,,,,,,,,,,,,,4.272785,3.465465,,,,,,,,,,,,,,
108831,,,,,,,,,,,,,,,,,,,,1.025736,0.003904,1.574672,,,,,,
108837,,,,,,,,,,,,,,,,,,,,,,,0.066551,-0.010919,1.010465,2.240000,-24.080000,-9.240000
108843,,,,,,,,,,,,,5.419142,4.010254,0.152923,0.184508,,,,,,,,,,,,
108839,,,,,,,,,,,,,,,,,,,,1.025805,0.004881,1.574691,,,,,,
108847,,,,,,,,,,,,,,,,,,,,,,,0.150243,-0.011041,1.061156,2.380000,-5.390000,-8.680000
108848,,,,,,,,,,,,,5.599862,5.454621,0.150827,0.167759,,,,,,,,,,,,
108852,,,,,,,,,,,,,,,,,,,,1.025678,0.006149,1.570858,,,,,,
108857,,,,,,,,,,,,,,,,,,,,,,,0.150243,-0.011041,1.061156,-1.680000,6.230000,-12.250000
108858,,,,,,,,,,,,,6.411473,6.289268,0.141416,0.158081,,,,,,,,,,,,
108859,,,,0.999596,0.028429,1.599229,0.159769,0.159769,,,,,,,,,,,,,,,,,,,,
108860,,,,,,,,,,,17.346386,18.790974,,,,,0.022057,0.026140,0.030090,1.025559,0.007700,1.570892,,,,,,
108866,,,,,,,,,,,,,,,,,,,,,,,0.156831,0.000183,0.977891,-2.450000,3.850000,-11.900000
108868,,,,,,,,,,,,,7.583511,6.933463,0.186170,0.216535,,,,,,,,,,,,
108867,,,,,,,,,,,,,,,,,,,,1.025512,0.009495,1.566982,,,,,,
108876,,,,,,,,,,,,,,,,,,,,,,,0.156831,0.000183,0.977891,-1.610000,-13.860000,-10.010000
108878,,,,,,,,,,,,,8.580718,8.033767,0.174606,0.203776,,,,,,,,,,,,
108881,,,,,,,,,,,,,,,,,,,,1.025418,0.011402,1.563079,,,,,,
108887,,,,,,,,,,,,,,,,,,,,,,,0.072407,-0.020008,1.070184,-2.870000,-14.560000,-9.870000
108888,,,,,,,,,,,,,9.964766,8.955570,0.158558,0.193087,,,,1.025508,0.013243,1.563121,,,,,,
108896,,,,,,,,,,,,,,,,,,,,,,,0.072407,-0.020008,1.070184,-2.520000,4.410000,-4.970000
108902,,,,,,,,,,,,,11.073265,10.224128,0.145704,0.178377,,,,1.025291,0.015587,1.563079,,,,,,
108907,,,,,,,,,,,,,,,0.143721,0.163659,,,,,,,0.172935,-0.001952,0.977647,11.060000,17.360001,1.820000
108908,,,,,,,,,,,,,11.244289,11.493448,,,,,,,,,,,,,,
108909,,,,0.999206,0.039833,1.610640,0.204215,0.204215,,,,,,,,,,,,1.025295,0.018232,1.559104,,,,,,
108910,,,,,,,,,,,20.526884,22.548498,,,,,0.023732,0.026294,0.047051,,,,,,,,,
108917,,,,,,,,,,,,,,,,,,,,1.025235,0.020823,1.559150,0.172935,0.004026,1.076101,-4.060000,-9.870000,-2.030000
108918,,,,,,,,,,,,,12.733767,12.397939,0.176707,0.212546,,,,,,,,,,,,
108926,,,,,,,,,,,,,,,,,,,,,,,0.078995,0.004026,1.076101,-3.290000,-18.340000,-0.910000
108928,,,,,,,,,,,,,13.472487,13.189922,0.168141,0.203363,,,,,,,,,,,,
108930,,,,,,,,,,,,,,,,,,,,1.025410,0.023458,1.559184,,,,,,
108937,,,,,,,,,,,,,,,,,,,,,,,0.108824,-0.033916,1.001742,4.200000,-10.640000,4.270000
108943,,,,,,,,,,,,,14.609338,14.371588,0.154959,0.189661,,,,,,,,,,,,
108938,,,,,,,,,,,,,,,,,,,,1.025510,0.026134,1.563228,,,,,,
108947,,,,,,,,,,,,,,,,,,,,,,,0.108824,-0.033916,1.001742,-5.040000,4.830000,8.610000
108948,,,,,,,,,,,,,15.478621,16.340687,0.144879,0.166828,,,,,,,,,,,,
108952,,,,,,,,,,,,,,,,,,,,1.025411,0.029215,1.567131,,,,,,
108957,,,,,,,,,,,,,,,,,,,,,,,0.115412,0.003477,0.985089,-1.610000,9.520000,10.640000
108958,,,,,,,,,,,,,16.379219,17.104561,0.134436,0.157970,,,,,,,,,,,,
108959,,,,0.998554,0.053758,1.624580,0.252871,0.252871,,,,,,,,,,,,1.025198,0.032477,1.566982,,,,,,
108960,,,,,,,,,,,23.518629,26.166203,,,,,0.024150,0.026955,0.057747,,,,,,,,,
108967,,,,,,,,,,,,,,,,,,,,,,,0.115412,0.003477,0.985089,7.840000,6.650000,12.250000
108968,,,,,,,,,,,,,17.078072,18.237808,0.173607,0.201996,,,,,,,,,,,,
108966,,,,,,,,,,,,,,,,,,,,1.025128,0.035734,1.566947,,,,,,
108976,,,,,,,,,,,,,,,,,,,,,,,0.023668,0.009699,1.057862,-10.430000,12.040000,12.180000
108978,,,,,,,,,,,,,18.208933,19.184736,0.160494,0.191016,,,,,,,,,,,,
108980,,,,,,,,,,,,,,,,,,,,1.025058,0.039350,1.570934,,,,,,
108987,,,,,,,,,,,,,,,,,,,,,,,0.023668,0.009699,1.057862,-8.610000,-18.830000,9.100000
108988,,,,,,,,,,,,,19.165087,19.986128,0.149407,0.181723,,,,1.025024,0.042815,1.570796,,,,,,
108996,,,,,,,,,,,,,,,,,,,,,,,0.079910,-0.010248,1.016687,-6.160000,-6.510000,10.080000
109002,,,,,,,,,,,,,19.849892,20.913155,0.141466,0.170973,,,,,,,,,,,,
109001,,,,,,,,,,,,,,,,,,,,1.024847,0.046303,1.574703,,,,,,
109007,,,,,,,,,,,,,,,0.129465,0.173054,,,,,,,0.079910,-0.010248,1.016687,-6.860000,12.810000,12.810000
109008,,,,,,,,,,,,,20.884859,20.733698,,,,,,,,,,,,,,
109009,,,,0.997520,0.070379,1.641234,0.305363,0.305363,,,,,,,,,,,,1.024724,0.050007,1.578594,,,,,,
109010,,,,,,,,,,,26.538622,29.885691,,,,,0.024048,0.027302,0.067191,,,,,,,,,
109017,,,,,,,,,,,,,,,,,,,,,,,0.059902,-0.008052,0.986797,11.690000,18.830000,18.620001
109018,,,,,,,,,,,,,21.391958,21.810406,0.171306,0.219344,,,,,,,,,,,,
109016,,,,,,,,,,,,,,,,,,,,1.024600,0.053893,1.578548,,,,,,
109026,,,,,,,,,,,,,,,,,,,,,,,0.059902,-0.008052,0.986797,9.310000,-0.490000,24.010000
109027,,,,,,,,,,,,,,,0.165987,0.208415,,,,,,,,,,,,
109028,,,,,,,,,,,,,21.850664,22.752954,,,,,,,,,,,,,,
109030,,,,,,,,,,,,,,,,,,,,1.024519,0.058141,1.582317,,,,,,
109037,,,,,,,,,,,,,,,,,,,,1.024499,0.062012,1.586254,0.012078,-0.026718,1.057618,8.260000,-17.219999,27.860001
109038,,,,,,,,,,,,,22.758987,23.518173,0.155455,0.199541,,,,,,,,,,,,
109046,,,,,,,,,,,,,,,,,,,,,,,0.012078,-0.026718,1.057618,4.130000,-19.180000,38.570000
109047,,,,,,,,,,,,,,,0.152677,0.185407,,,,,,,,,,,,
109048,,,,,,,,,,,,,22.998549,24.737082,,,,,,,,,,,,,,
109051,,,,,,,,,,,,,,,,,,,,1.024645,0.065907,1.594141,,,,,,
109057,,,,,,,,,,,,,,,,,,,,,,,0.063501,0.031842,1.034560,7.560000,2.730000,39.480000
109063,,,,0.995956,0.089847,1.660765,0.361324,0.361324,,,,,,,,,,,,,,,,,,,,
109064,,,,,,,,,,,29.988876,33.942326,,,,,0.024368,0.028102,0.065951,,,,,,,,,
109065,,,,,,,,,,,,,23.364050,25.444246,0.202959,0.241310,,,,,,,,,,,,
109058,,,,,,,,,,,,,,,,,,,,1.024464,0.070099,1.601853,,,,,,
109070,,,,,,,,,,,,,,,,,,,,,,,0.063501,0.017263,0.989237,2.520000,9.940000,38.990002
109072,,,,,,,,,,,,,,,,,,,,1.024379,0.074344,1.609528,,,,,,
109077,,,,,,,,,,,,,,,,,,,,,,,0.041053,0.017263,0.989237,1.190000,0.490000,39.830002
109078,,,,,,,,,,,,,24.109936,26.750500,0.194310,0.226163,,,,,,,,,,,,
109080,,,,,,,,,,,,,,,,,,,,1.024186,0.078975,1.617194,,,,,,
109087,,,,,,,,,,,,,,,,,,,,1.024037,0.083268,1.621036,0.041053,0.017263,0.989237,12.320000,-8.050000,42.840000
109088,,,,,,,,,,,,,25.222031,27.992237,0.181415,0.211764,,,,,,,,,,,,
109096,,,,,,,,,,,,,,,,,,,,,,,0.100101,0.016470,1.028338,5.810000,1.470000,40.040001
109098,,,,,,,,,,,,,25.606661,29.033724,0.176955,0.199688,,,,,,,,,,,,
109101,,,,,,,,,,,,,,,,,,,,1.023890,0.087988,1.632480,,,,,,
109107,,,,,,,,,,,,,,,,,,,,,,,0.100101,0.016470,1.028338,-12.740000,21.490000,37.939999
109108,,,,,,,,,,,,,26.478891,29.910582,0.166841,0.189520,,,,,,,,,,,,
109109,,,,0.993676,0.112286,1.683320,0.420396,0.420396,,,,,,,,,,,,1.023658,0.093215,1.636271,,,,,,
109110,,,,,,,,,,,34.266487,38.526188,,,,,0.025985,0.028589,0.049267,,,,,,,,,
109116,,,,,,,,,,,,,,,,,,,,,,,0.109068,0.077958,0.977952,-0.280000,11.270000,34.790001
109122,,,,,,,,,,,,,27.239094,30.508036,0.225620,0.255026,,,,,,,,,,,,
109123,,,,,,,,,,,,,,,,,,,,1.023053,0.098060,1.640058,,,,,,
109128,,,,,,,,,,,,,27.481926,31.145004,0.222804,0.247639,,,,,,,0.003294,0.002806,1.095865,-3.640000,-11.690000,34.790001
109130,,,,,,,,,,,,,,,,,,,,1.022653,0.103179,1.647602,,,,,,
109137,,,,,,,,,,,,,,,,,,,,1.022145,0.108115,1.658870,0.003294,0.002806,1.095865,-7.070000,-21.700001,34.650002
109138,,,,,,,,,,,,,28.851101,31.933214,0.206928,0.238500,,,,,,,,,,,,
109146,,,,,,,,,,,,,,,,,,,,,,,0.123281,0.057157,1.012478,-15.960000,-10.920000,32.200001
109147,,,,,,,,,,,,,,,0.196141,0.226997,,,,,,,,,,,,
109148,,,,,,,,,,,,,29.781311,32.925198,,,,,,,,,,,,,,
109151,,,,,,,,,,,,,,,,,,,,1.021574,0.113225,1.662653,,,,,,
109157,,,,,,,,,,,,,,,,,,,,,,,0.123281,0.057157,1.012478,0.980000,7.280000,29.330000
109164,,,,0.990461,0.137792,1.709028,0.482232,0.482232,,,,,,,,,,,,,,,,,,,,
109165,,,,,,,,,,,38.382534,43.263580,30.590094,33.850037,0.251804,0.291133,0.027135,0.028849,0.048774,,,,,,,,,
109159,,,,,,,,,,,,,,,,,,,,1.020856,0.118816,1.666361,,,,,,
109170,,,,,,,,,,,,,,,,,,,,,,,0.074298,-0.027938,0.960567,9.450000,10.640000,31.990000
109172,,,,,,,,,,,,,,,,,,,,1.020360,0.124336,1.670135,,,,,,
109177,,,,,,,,,,,,,,,,,,,,,,,0.074298,-0.027938,0.960567,5.740000,6.510000,31.639999
109178,,,,,,,,,,,,,31.524412,35.157467,0.240970,0.275972,,,,,,,,,,,,
109180,,,,,,,,,,,,,,,,,,,,1.019817,0.130075,1.677571,,,,,,
109187,,,,,,,,,,,,,,,,,,,,1.018959,0.135679,1.677585,0.099918,0.066551,1.144604,-14.350000,-23.240000,32.480000
109188,,,,,,,,,,,,,33.156647,36.213497,0.222043,0.263727,,,,,,,,,,,,
109196,,,,,,,,,,,,,,,,,,,,,,,0.099918,0.066551,1.144604,1.890000,-27.930000,36.959999
109198,,,,,,,,,,,,,33.938107,37.059242,0.212982,0.253920,,,,,,,,,,,,
109201,,,,,,,,,,,,,,,,,,,,1.018343,0.141298,1.688733,,,,,,
109207,,,,,,,,,,,,,,,0.199059,0.239376,,,,,,,0.137128,0.003233,0.952088,-7.070000,6.510000,38.709999
109208,,,,,,,,,,,,,35.138752,38.313480,,,,,,,,,,,,,,
109209,,,,0.986053,0.166429,1.738004,0.546492,0.546492,,,,,,,,,,,,1.017417,0.147544,1.692430,,,,,,
109210,,,,,,,,,,,42.750729,48.238316,,,,,0.028528,0.029047,0.046960,,,,,,,,,
109217,,,,,,,,,,,,,,,,,,,,,,,0.137128,0.003233,0.952088,5.180000,25.270000,41.090000
109223,,,,,,,,,,,,,35.790768,39.194336,0.260525,0.307772,,,,,,,,,,,,
109222,,,,,,,,,,,,,,,,,,,,1.016803,0.154024,1.703355,,,,,,
109228,,,,,,,,,,,,,37.292885,40.156647,0.243106,0.296613,,,,,,,0.074908,-0.002501,1.066036,12.390000,20.090000,42.840000
109230,,,,,,,,,,,,,,,,,,,,1.016018,0.160744,1.707141,,,,,,
109237,,,,,,,,,,,,,,,,,,,,1.015060,0.167288,1.714485,0.074908,-0.002501,1.066036,6.090000,-17.709999,49.279999
109238,,,,,,,,,,,,,38.171574,41.147255,0.232918,0.285127,,,,,,,,,,,,
109246,,,,,,,,,,,,,,,,,,,,,,,0.082228,0.077287,1.019920,8.960000,-55.299999,45.150002
109248,,,,,,,,,,,,,38.737473,42.896187,0.226356,0.264847,,,,,,,,,,,,
109251,,,,,,,,,,,,,,,,,,,,1.014042,0.173367,1.721807,,,,,,
109257,,,,,,,,,,,,,,,,,,,,,,,0.082228,0.077287,1.019920,7.350000,-13.790000,48.930000
109258,,,,,,,,,,,,,39.713348,43.760155,0.215040,0.254828,,,,1.012969,0.179959,1.729097,,,,,,
109259,,,,0.980157,0.198224,1.770342,0.612846,0.612846,,,,,,,,,,,,,,,,,,,,
109260,,,,,,,,,,,47.087025,53.243542,,,,,0.029531,0.029663,0.046391,,,,,,,,,
109267,,,,,,,,,,,,,,,,,,,,,,,0.112423,0.048922,0.991555,1.680000,27.299999,49.279999
109268,,,,,,,,,,,,,40.027351,44.534424,0.279920,0.324942,,,,,,,,,,,,
109272,,,,,,,,,,,,,,,,,,,,1.011790,0.186854,1.736344,,,,,,
109277,,,,,,,,,,,,,,,,,,,,,,,0.112423,0.048922,0.991555,-7.770000,28.350000,54.040001
109282,,,,,,,,,,,,,40.679699,45.577320,0.272356,0.312849,,,,,,,,,,,,
109280,,,,,,,,,,,,,,,,,,,,1.010903,0.194068,1.750596,,,,,,
109288,,,,,,,,,,,,,42.871437,46.992294,0.246941,0.296442,,,,,,,,,,,,
109289,,,,,,,,,,,,,,,,,,,,,,,0.094367,0.101626,1.016931,8.540000,-19.180000,56.700001
109287,,,,,,,,,,,,,,,,,,,,1.009585,0.201439,1.761264,,,,,,
109296,,,,,,,,,,,,,,,,,,,,,,,0.094367,0.101626,1.016931,4.900000,-14.840000,54.250000
109298,,,,,,,,,,,,,43.204578,47.769180,0.243078,0.287433,,,,,,,,,,,,
109301,,,,,,,,,,,,,,,,,,,,1.007799,0.208417,1.765148,,,,,,
109307,,,,,,,,,,,,,,,,,,,,,,,0.151890,0.019459,0.976793,6.440000,39.830002,55.369999
109308,,,,,,,,,,,,,44.034313,48.972397,0.233457,0.273481,,,,1.006426,0.216015,1.779152,,,,,,
109309,,,,0.972438,0.233163,1.806125,0.680973,0.680973,,,,,,,,,,,,,,,,,,,,
109310,,,,,,,,,,,51.848099,58.384129,,,,,0.030963,0.029755,0.037353,,,,,,,,,
109317,,,,,,,,,,,,,,,,,,,,,,,0.151890,0.019459,0.976793,-20.370001,41.509998,56.700001
109322,,,,,,,,,,,,,44.917961,49.822151,0.298444,0.344859,,,,1.004315,0.224082,1.790143,,,,,,
109327,,,,,,,,,,,,,,,0.285741,0.329261,,,,,,,,,,,,
109328,,,,,,,,,,,,,46.013489,51.167313,,,,,,,,,0.106384,0.105225,1.004914,-4.340000,19.250000,61.389999
109329,,,,,,,,,,,,,,,,,,,,1.002358,0.231978,1.793625,,,,,,
109337,,,,,,,,,,,,,,,,,,,,1.000400,0.239835,1.807721,0.106384,0.062525,1.064755,-4.200000,-28.139999,65.449997
109338,,,,,,,,,,,,,46.847298,51.725830,0.276072,0.322784,,,,,,,,,,,,
109347,,,,,,,,,,,,,,,0.265619,0.308422,,,,,,,0.065331,0.062525,1.064755,-9.030000,-16.520000,63.419998
109348,,,,,,,,,,,,,47.748753,52.964409,,,,,,,,,,,,,,
109351,,,,,,,,,,,,,,,,,,,,0.998545,0.247645,1.821847,,,,,,
109357,,,,,,,,,,,,,,,0.251855,0.297901,,,,,,,0.130723,0.077836,1.033889,9.240000,-3.850000,60.200001
109358,,,,,,,,,,,,,48.935791,53.871742,,,,,,0.996813,0.255656,1.835548,,,,,,
109359,,,,0.962528,0.271182,1.845418,0.750560,0.750560,,,,,,,,,,,,,,,,,,,,
109360,,,,,,,,,,,56.518375,63.172726,,,,,0.031466,0.029065,0.023472,,,,,,,,,
109367,,,,,,,,,,,,,,,,,,,,,,,0.130723,0.077836,1.033889,9.100000,-6.090000,62.160000
109368,,,,,,,,,,,,,49.380463,55.174751,0.320498,0.358460,,,,,,,,,,,,
109372,,,,,,,,,,,,,,,,,,,,0.994173,0.264025,1.842794,,,,,,
109377,,,,,,,,,,,,,,,,,,,,,,,0.058133,0.090585,1.071709,-3.430000,-23.379999,53.900002
109383,,,,,,,,,,,,,50.739914,56.322243,0.304734,0.345155,,,,,,,,,,,,
109379,,,,,,,,,,,,,,,,,,,,0.991930,0.271950,1.849720,,,,,,
109388,,,,,,,,,,,,,51.798630,57.507385,0.292458,0.331412,,,,,,,0.058133,0.090585,1.071709,-1.890000,-28.490000,58.730000
109387,,,,,,,,,,,,,,,,,,,,0.989428,0.280175,1.860123,,,,,,
109396,,,,,,,,,,,,,,,,,,,,,,,0.181841,0.092232,0.991921,-7.770000,-26.459999,59.849998
109398,,,,,,,,,,,,,52.656055,58.669094,0.282515,0.317941,,,,,,,,,,,,
109401,,,,,,,,,,,,,,,,,,,,0.986710,0.288516,1.873928,,,,,,
109407,,,,,,,,,,,,,,,,,,,,,,,0.181841,0.092232,0.991921,-11.830000,46.689999,57.680000
109408,,,,,,,,,,,,,53.616039,59.223129,0.271384,0.311517,,,,,,,,,,,,
109409,,,,0.950027,0.312168,1.888270,0.821304,0.821304,,,,,,,,,,,,0.984002,0.297321,1.884174,,,,,,
109410,,,,,,,,,,,61.565475,68.510513,,,,,0.033119,0.028084,0.016338,,,,,,,,,
109417,,,,,,,,,,,,,,,,,,,,,,,0.127307,0.066246,0.943548,8.120000,39.480000,53.830002
109418,,,,,,,,,,,,,54.442535,60.257988,0.341553,0.383864,,,,,,,,,,,,
109423,,,,,,,,,,,,,,,,,,,,0.981396,0.306658,1.894033,,,,,,
109427,,,,,,,,,,,,,,,,,,,,,,,0.127307,0.066246,0.943548,-12.530000,35.349998,51.939999
109428,,,,,,,,,,,,,55.144539,61.136082,0.333413,0.373682,,,,,,,,,,,,
109430,,,,,,,,,,,,,,,,,,,,0.977801,0.315734,1.901233,,,,,,
109437,,,,,,,,,,,,,,,,,,,,,,,0.104981,0.117059,1.130147,-4.620000,-30.379999,60.060001
109443,,,,,,,,,,,,,56.814644,62.215099,0.314047,0.361170,,,,,,,,,,,,
109438,,,,,,,,,,,,,,,,,,,,0.974608,0.324560,1.914821,,,,,,
109448,,,,,,,,,,,,,58.024239,63.590221,0.300021,0.345225,,,,,,,0.104981,0.117059,1.130147,-4.480000,-7.280000,61.250000
109452,,,,,,,,,,,,,,,,,,,,0.971134,0.333718,1.924926,,,,,,
109457,,,,,,,,,,,,,,,,,,,,,,,0.160613,0.064477,0.916159,-10.990000,28.420000,63.419998
109458,,,,,,,,,,,,,58.782028,64.637062,0.291234,0.333086,,,,,,,,,,,,
109459,,,,0.934508,0.355942,1.934718,0.892911,0.892911,,,,,,,,,,,,,,,,,,,,
109460,,,,,,,,,,,66.158470,73.316666,,,,,0.033194,0.026641,0.009104,0.967510,0.343094,1.938362,,,,,,
109467,,,,,,,,,,,,,,,,,,,,,,,0.160613,0.064477,0.916159,17.290001,56.700001,53.340000
109468,,,,,,,,,,,,,59.913185,65.389824,0.350696,0.400303,,,,0.963916,0.353360,1.941719,,,,,,
109477,,,,,,,,,,,,,,,,,,,,,,,0.111996,0.069967,1.067805,2.380000,32.270000,51.240002
109478,,,,,,,,,,,,,60.859665,67.117508,0.339721,0.380270,,,,,,,,,,,,
109483,,,,,,,,,,,,,,,,,,,,0.960026,0.363243,1.951786,,,,,,
109487,,,,,,,,,,,,,,,0.324109,0.369790,,,,,,,0.111996,0.069967,1.067805,0.000000,-36.540001,59.290001
109488,,,,,,,,,,,,,62.205963,68.021248,,,,,,,,,,,,,,
109491,,,,,,,,,,,,,,,,,,,,0.955973,0.372774,1.961550,,,,,,
109497,,,,,,,,,,,,,,,,,,,,,,,0.116815,0.126148,1.018212,-7.000000,-62.439999,61.599998
109503,,,,,,,,,,,,,63.149521,69.123444,0.313168,0.357010,,,,,,,,,,,,
109498,,,,,,,,,,,,,,,,,,,,0.952083,0.382031,1.971785,,,,,,
109508,,,,,,,,,,,,,64.504494,70.564629,0.297456,0.340298,,,,,,,0.116815,0.126148,1.018212,6.930000,15.120000,58.660000
109510,,,,0.915524,0.402264,1.984785,0.965097,0.965097,,,,,,,,,,,,,,,,,,,,
109511,,,,,,,,,,,70.357086,78.201698,,,,,0.032726,0.025720,0.012310,,,,,,,,,
109513,,,,,,,,,,,,,,,,,,,,0.947795,0.392174,1.985033,,,,,,
109517,,,,,,,,,,,,,,,,,,,,,,,0.107543,0.108031,1.063169,-25.830000,19.879999,55.160000
109518,,,,,,,,,,,,,65.215614,71.466354,0.355557,0.407035,,,,,,,,,,,,
109521,,,,,,,,,,,,,,,,,,,,0.943397,0.402354,1.994903,,,,,,
109527,,,,,,,,,,,,,,,,,,,,,,,0.107543,0.108031,1.063169,2.450000,-12.740000,65.589996
109528,,,,,,,,,,,,,66.391907,72.199829,0.341917,0.398530,,,,,,,,,,,,
109530,,,,,,,,,,,,,,,,,,,,0.938695,0.412187,2.001500,,,,,,
109537,,,,,,,,,,,,,,,,,,,,,,,0.052704,0.126941,1.007537,-4.690000,-33.950001,65.169998
109538,,,,,,,,,,,,,67.375839,73.359169,0.330507,0.385086,,,,,,,,,,,,
109540,,,,,,,,,,,,,,,,,,,,0.938695,0.412187,2.001500,,,,,,
109548,,,,,,,,,,,,,68.782433,74.366463,0.314197,0.373406,,,,,,,0.110898,0.123952,0.976183,-19.530001,-15.540000,71.750000
109550,,,,,,,,,,,,,,,,,,,,0.938695,0.412187,2.001500,,,,,,
109557,,,,,,,,,,,,,,,,,,,,,,,0.110898,0.123952,0.976183,1.540000,33.040001,64.680000
109558,,,,,,,,,,,,,69.384911,75.727798,0.307211,0.357621,,,,0.934397,0.422377,2.017668,,,,,,
109559,,,,0.892616,0.450818,2.038478,1.037585,1.037585,,,,,,,,,,,,,,,,,,,,
109560,,,,,,,,,,,80.953560,90.530090,,,,,0.052234,0.025581,0.034435,,,,,,,,,
109567,,,,,,,,,,,,,,,,,,,,,,,0.110898,0.140666,1.129598,-6.370000,22.959999,69.860001
109566,,,,,,,,,,,,,,,,,,,,0.928956,0.432422,2.030998,,,,,,
109568,,,,,,,,,,,,,69.589439,76.527626,0.472283,0.543158,,,,,,,,,,,,
109573,,,,,,,,,,,,,,,,,,,,0.918630,0.453284,2.056768,,,,,,
109577,,,,,,,,,,,,,,,,,,,,,,,0.093269,0.140666,1.129598,-14.140000,-11.480000,72.099998
109578,,,,,,,,,,,,,71.013489,77.984093,0.455771,0.526269,,,,,,,,,,,,
109580,,,,,,,,,,,,,,,,,,,,0.912611,0.463751,2.066611,,,,,,
109587,,,,,,,,,,,,,,,,,,,,0.907251,0.473740,2.079491,0.162443,0.115473,0.858270,15.540000,-38.290001,71.120003
109588,,,,,,,,,,,,,73.458908,79.872299,0.427414,0.504374,,,,,,,,,,,,
109597,,,,,,,,,,,,,,,,,,,,,,,0.162443,0.115473,0.858270,-27.580000,13.720000,80.150002
109595,,,,,,,,,,,,,,,,,,,,0.923626,0.442594,2.043941,,,,,,
109603,,,,,,,,,,,,,74.914925,82.131516,0.410531,0.478177,,,,0.901343,0.484410,2.095526,,,,,,
109608,,,,,,,,,,,,,77.487747,83.559784,0.380697,0.461615,,,,,,,0.283589,0.097661,1.012051,16.309999,32.689999,72.449997
109610,,,,0.865326,0.501209,2.095792,1.110109,1.110109,,,,,,,,,,,,0.894682,0.496094,2.101801,,,,,,
109611,,,,,,,,,,,79.931213,88.039360,,,,,0.033436,0.022641,-0.000867,,,,,,,,,
109617,,,,,,,,,,,,,,,,,,,,,,,0.283589,0.097661,1.012051,-3.500000,13.510000,90.300003
109618,,,,,,,,,,,,,78.311089,85.208221,0.354995,0.403142,,,,0.888485,0.506913,2.117752,,,,,,
109627,,,,,,,,,,,,,,,,,,,,,,,0.244244,0.185867,1.053348,-15.330000,25.900000,90.790001
109628,,,,,,,,,,,,,79.664291,86.569405,0.339304,0.387359,,,,,,,,,,,,
109632,,,,,,,,,,,,,,,,,,,,0.881479,0.518563,2.136748,,,,,,
109637,,,,,,,,,,,,,,,,,,,,,,,0.244244,0.185867,1.053348,-3.220000,25.410000,85.120003
109638,,,,,,,,,,,,,80.109024,87.553925,0.334147,0.375942,,,,,,,,,,,,
109639,,,,,,,,,,,,,,,,,,,,0.873839,0.530143,2.149279,,,,,,
109648,,,,,,,,,,,,,80.658325,88.027016,0.327777,0.370457,,,,,,,,,,,,
109649,,,,,,,,,,,,,,,,,,,,,,,0.075091,0.273646,1.219329,7.770000,-14.560000,89.459999
109647,,,,,,,,,,,,,,,,,,,,0.866529,0.541404,2.164984,,,,,,
109657,,,,,,,,,,,,,,,,,,,,,,,0.075091,0.273646,1.219329,9.940000,-26.389999,87.080002
109658,,,,,,,,,,,,,81.029716,88.875214,0.323471,0.360621,,,,,,,,,,,,
109659,,,,0.833207,0.552962,2.156711,1.182410,1.182410,,,,,,,,,,,,,,,,,,,,
109660,,,,,,,,,,,82.790558,90.929962,,,,,0.028144,0.021106,-0.007619,0.859333,0.552406,2.183705,,,,,,
109667,,,,,,,,,,,,,,,,,,,,,,,-0.017995,0.185562,0.864736,-10.010000,-8.050000,79.730003
109668,,,,,,,,,,,,,81.870018,90.114212,0.358910,0.391931,,,,0.851698,0.563281,2.196247,,,,,,
109677,,,,,,,,,,,,,,,,,,,,,,,-0.017995,0.185562,0.864736,10.780000,12.740000,85.190002
109678,,,,,,,,,,,,,82.105164,90.143471,0.356183,0.391592,,,,,,,,,,,,
109682,,,,,,,,,,,,,,,,,,,,0.843758,0.574464,2.208634,,,,,,
109687,,,,,,,,,,,,,,,,,,,,,,,-0.004209,0.184342,0.965264,-19.670000,20.230000,84.559998
109688,,,,,,,,,,,,,82.791443,90.651520,0.348226,0.385701,,,,,,,,,,,,
109689,,,,,,,,,,,,,,,,,,,,0.835526,0.585461,2.227182,,,,,,
109697,,,,,,,,,,,,,,,,,,,,0.827023,0.596374,2.239472,-0.004209,0.184342,0.965264,-15.960000,8.260000,77.489998
109698,,,,,,,,,,,,,83.370255,91.628868,0.341514,0.374368,,,,,,,,,,,,
109708,,,,,,,,,,,,,83.853127,91.898354,0.335915,0.371243,,,,,,,,,,,,
109709,,,,0.795837,0.605511,2.221204,1.254240,1.254240,,,,,,,,,,,,,,,,,,,,
109710,,,,,,,,,,,86.882133,94.819290,,,,,0.026173,0.018876,-0.016332,,,,,,,,,
109711,,,,,,,,,,,,,,,,,,,,0.818254,0.606939,2.251627,-0.017019,0.252174,1.052799,-13.160000,-1.540000,75.599998
109717,,,,,,,,,,,,,,,,,,,,,,,-0.017019,0.252174,1.052799,35.349998,-7.350000,80.709999
109718,,,,,,,,,,,,,84.264938,92.131065,0.395794,0.430003,,,,,,,,,,,,
109719,,,,,,,,,,,,,,,,,,,,0.809653,0.617640,2.263960,,,,,,
109727,,,,,,,,,,,,,,,0.391359,0.420906,,,,,,,0.007747,0.132614,1.058838,29.190001,-24.150000,69.440002
109728,,,,,,,,,,,,,84.647430,92.915619,,,,,,,,,,,,,,
109732,,,,,,,,,,,,,,,,,,,,0.800807,0.628414,2.279186,,,,,,
109737,,,,,,,,,,,,,,,,,,,,,,,0.007747,0.132614,1.058838,-13.580000,-25.969999,68.459999
109738,,,,,,,,,,,,,85.984047,93.487633,0.375860,0.414273,,,,,,,,,,,,
109740,,,,,,,,,,,,,,,,,,,,0.792188,0.638573,2.291480,,,,,,
109747,,,,,,,,,,,,,,,,,,,,0.783074,0.649325,2.303658,0.030134,0.138287,0.880840,22.889999,-1.960000,73.570000
109748,,,,,,,,,,,,,86.537727,93.942841,0.369440,0.408994,,,,,,,,,,,,
109757,,,,,,,,,,,,,,,,,,,,,,,0.030134,0.138287,1.074637,7.000000,21.840000,73.150002
109762,,,,,,,,,,,,,87.086571,94.444107,0.363075,0.403182,,,,,,,,,,,,
109764,,,,0.752837,0.658207,2.289231,1.325359,1.325359,,,,,,,,,,,,,,,,,,,,
109765,,,,,,,,,,,91.489136,99.891106,,,,,0.026748,0.016541,-0.013629,,,,,,,,,
109761,,,,,,,,,,,,,,,,,,,,0.773741,0.659850,2.318799,,,,,,
109768,,,,,,,,,,,,,86.930229,95.221718,0.437687,0.474309,,,,,,,,,,,,
109770,,,,,,,,,,,,,,,,,,,,,,,0.089487,0.203191,1.074637,-24.780001,20.790001,67.900002
109769,,,,,,,,,,,,,,,,,,,,0.763855,0.670420,2.327820,,,,,,
109777,,,,,,,,,,,,,,,,,,,,,,,0.089487,0.261202,1.036451,-54.740002,3.500000,70.839996
109778,,,,,,,,,,,,,87.946411,96.019409,0.425904,0.465059,,,,,,,,,,,,
109783,,,,,,,,,,,,,,,,,,,,0.753664,0.680669,2.339770,,,,,,
109787,,,,,,,,,,,,,,,,,,,,,,,0.010004,0.261202,1.036451,31.780001,-14.070000,66.919998
109788,,,,,,,,,,,,,89.281990,96.620461,0.410417,0.458090,,,,,,,,,,,,
109791,,,,,,,,,,,,,,,,,,,,0.743435,0.691128,2.354831,,,,,,
109797,,,,,,,,,,,,,,,0.401600,0.443545,,,,,,,0.133285,0.136274,1.185352,-32.689999,-29.260000,66.779999
109798,,,,,,,,,,,,,90.042358,97.874779,,,,,,0.733318,0.701081,2.366832,,,,,,
109807,,,,,,,,,,,,,,,,,,,,,,,0.133285,0.136274,1.185352,8.050000,-30.379999,51.799999
109808,,,,,,,,,,,,,91.051651,98.733994,0.389897,0.433582,,,,,,,,,,,,
109809,,,,0.703886,0.710313,2.360738,1.395537,1.395537,,,,,,,,,,,,,,,,,,,,
109810,,,,,,,,,,,95.759674,104.993614,,,,,0.027048,0.014053,-0.005452,,,,,,,,,
109812,,,,,,,,,,,,,,,,,,,,0.722843,0.711247,2.375835,,,,,,
109822,,,,,,,,,,,,,,,,,,,,,,,0.110166,0.104737,0.778299,1.890000,10.080000,66.290001
109823,,,,,,,,,,,,,91.564812,99.122925,0.451429,0.509701,,,,,,,,,,,,
109820,,,,,,,,,,,,,,,,,,,,0.711908,0.721757,2.384824,,,,,,
109828,,,,,,,,,,,,,91.934410,100.279381,0.447143,0.496292,,,,,,,0.110166,0.104737,0.778299,-1.890000,35.490002,64.540001
109827,,,,,,,,,,,,,,,,,,,,0.700880,0.732263,2.396599,,,,,,
109837,,,,,,,,,,,,,,,,,,,,,,,0.044652,0.215025,1.222684,-29.680000,-3.500000,66.849998
109838,,,,,,,,,,,,,93.570587,101.171219,0.428171,0.485950,,,,,,,,,,,,
109841,,,,,,,,,,,,,,,,,,,,0.689525,0.742472,2.405478,,,,,,
109847,,,,,,,,,,,,,,,,,,,,,,,0.044652,0.215025,1.222684,-22.610001,-49.070000,69.440002
109848,,,,,,,,,,,,,94.741386,102.240768,0.414595,0.473548,,,,0.678060,0.752504,2.417290,,,,,,
109857,,,,,,,,,,,,,,,,,,,,,,,0.152317,0.147559,1.070428,0.000000,-49.209999,72.379997
109864,,,,0.648742,0.761009,2.435663,1.464551,1.464551,,,,,,,,,,,,,,,,,,,,
109865,,,,,,,,,,,99.256310,110.585083,95.594009,103.149368,0.459961,0.551368,0.027216,0.013047,0.017933,,,,,,,,,
109862,,,,,,,,,,,,,,,,,,,,0.666825,0.762423,2.432294,,,,,,
109871,,,,,,,,,,,,,,,,,,,,,,,0.152317,0.147559,1.070428,4.620000,-2.940000,66.779999
109869,,,,,,,,,,,,,,,,,,,,0.655082,0.772535,2.441099,,,,,,
109877,,,,,,,,,,,,,,,,,,,,0.643297,0.782232,2.455894,0.043920,0.132736,0.836493,-21.840000,44.520000,68.809998
109878,,,,,,,,,,,,,96.774826,104.898605,0.446269,0.531084,,,,,,,,,,,,
109887,,,,,,,,,,,,,,,,,,,,,,,0.043920,0.132736,0.836493,22.049999,56.209999,73.639999
109888,,,,,,,,,,,,,97.351852,106.383820,0.439578,0.513862,,,,,,,,,,,,
109891,,,,,,,,,,,,,,,,,,,,0.630726,0.792774,2.464580,,,,,,
109897,,,,,,,,,,,,,,,,,,,,,,,0.199958,0.161528,1.018334,-23.379999,40.389999,94.709999
109898,,,,,,,,,,,,,98.300575,107.538940,0.428577,0.500468,,,,,,,,,,,,
109899,,,,,,,,,,,,,,,,,,,,0.617411,0.803390,2.479121,,,,,,
109907,,,,,,,,,,,,,,,,,,,,,,,0.199958,0.161528,1.018334,0.140000,1.400000,104.019997
109908,,,,,,,,,,,,,99.413872,108.300613,0.415667,0.491636,,,,,,,,,,,,
109909,,,,0.587254,0.809403,2.513931,1.532188,1.532188,,,,,,,,,,,,,,,,,,,,
109910,,,,,,,,,,,102.725609,115.775383,,,,,0.027097,0.013668,0.032875,,,,,,,,,
109906,,,,,,,,,,,,,,,,,,,,0.604805,0.813219,2.499569,,,,,,
109917,,,,,,,,,,,,,,,,,,,,,,,0.121146,0.244305,1.011685,29.400000,-35.070000,116.480003
109923,,,,,,,,,,,,,99.824158,109.763229,0.465731,0.556692,,,,,,,,,,,,
109920,,,,,,,,,,,,,,,,,,,,0.591796,0.823354,2.520052,,,,,,
109928,,,,,,,,,,,,,,,,,,,,0.578824,0.832981,2.537499,0.121146,0.244305,1.011685,-3.570000,-59.779999,110.320000
109937,,,,,,,,,,,,,,,,,,,,,,,0.031110,0.253516,0.990396,-16.799999,-27.440001,124.739998
109938,,,,,,,,,,,,,101.062355,110.942444,0.451374,0.543019,,,,,,,,,,,,
109942,,,,,,,,,,,,,,,,,,,,0.565476,0.842328,2.557845,,,,,,
109947,,,,,,,,,,,,,,,,,,,,,,,0.031110,0.253516,0.990396,-32.689999,1.890000,131.669998
109948,,,,,,,,,,,,,101.526833,113.138535,0.445988,0.517553,,,,,,,,,,,,
109949,,,,,,,,,,,,,,,,,,,,0.551669,0.851592,2.580933,,,,,,
109957,,,,,,,,,,,,,,,,,,,,0.537340,0.860974,2.603897,0.157136,0.335805,1.069635,17.780001,5.600000,142.309998
109958,,,,,,,,,,,,,102.349510,114.303444,0.436448,0.504046,,,,,,,,,,,,
109960,,,,0.519388,0.854539,2.595458,1.598247,1.598247,,,107.985138,120.113014,,,,,0.028384,0.014472,0.013484,,,,,,,,,
109967,,,,,,,,,,,,,,,0.501983,0.557702,,,,,,,,,,,,
109968,,,,,,,,,,,,,103.865265,115.587219,,,,,,,,,,,,,,
109972,,,,,,,,,,,,,,,,,,,,,,,0.157136,0.288469,0.900482,27.299999,33.740002,162.050003
109971,,,,,,,,,,,,,,,,,,,,0.522937,0.869976,2.629732,,,,,,
109978,,,,,,,,,,,,,104.410805,116.852234,0.495657,0.543033,,,,0.507668,0.879465,2.658152,0.104005,0.288469,0.900482,66.639999,51.590000,150.990005
109987,,,,,,,,,,,,,,,,,,,,,,,0.104005,0.391254,1.075247,2.240000,-2.730000,159.669998
109988,,,,,,,,,,,,,105.332558,118.131622,0.484968,0.528198,,,,,,,,,,,,
109992,,,,,,,,,,,,,,,,,,,,0.492534,0.888342,2.686574,,,,,,
109997,,,,,,,,,,,,,,,,,,,,,,,0.134932,0.391254,1.075247,-19.809999,-31.990000,160.089996
109998,,,,,,,,,,,,,106.432907,119.360359,0.472209,0.513950,,,,,,,,,,,,
109999,,,,,,,,,,,,,,,,,,,,0.477558,0.896384,2.714969,,,,,,
110007,,,,,,,,,,,,,,,,,,,,0.461594,0.904256,2.740460,0.100650,0.453535,1.031266,-15.610000,-24.360001,148.259995
110008,,,,,,,,,,,,,107.408340,120.517456,0.460898,0.500533,,,,,,,,,,,,
110010,,,,0.445239,0.895412,2.680151,1.662531,1.662531,,,113.994270,122.481369,,,,,0.028546,0.013872,-0.035428,,,,,,,,,
110017,,,,,,,,,,,,,,,,,,,,,,,0.100650,0.453535,1.031266,-25.620001,-2.730000,156.309998
110018,,,,,,,,,,,,,108.449944,121.123276,0.543776,0.530932,,,,,,,,,,,,
110022,,,,,,,,,,,,,,,,,,,,0.445892,0.911758,2.765859,,,,,,
110028,,,,,,,,,,,,,109.955032,122.268837,0.526323,0.517649,,,,,,,,,,,,
110032,,,,,,,,,,,,,,,,,,,,,,,0.091744,0.313906,0.861808,51.520000,49.490002,144.690002
110029,,,,,,,,,,,,,,,,,,,,0.429372,0.919175,2.793999,,,,,,
110038,,,,,,,,,,,,,111.027229,122.445847,0.513890,0.515596,,,,,,,0.091744,0.313906,0.861808,60.759998,29.400000,139.160004
110037,,,,,,,,,,,,,,,,,,,,0.412176,0.926929,2.816336,,,,,,
110047,,,,,,,,,,,,,,,,,,,,,,,0.142557,0.518561,1.130940,-56.070000,15.260000,124.320000
110048,,,,,,,,,,,,,112.164307,123.476112,0.500705,0.503650,,,,,,,,,,,,
110051,,,,,,,,,,,,,,,,,,,,0.395168,0.933333,2.841541,,,,,,
110057,,,,,,,,,,,,,,,,,,,,,,,0.142557,0.518561,1.130940,-21.559999,-35.209999,103.879997
110058,,,,,,,,,,,,,113.607132,124.223862,0.483975,0.494979,,,,0.378156,0.939421,2.861162,,,,,,
110059,,,,0.365048,0.930989,2.767908,1.724855,1.724855,,,,,,,,,,,,,,,,,,,,
110060,,,,,,,,,,,118.967392,124.535652,,,,,0.027555,0.010959,-0.069823,,,,,,,,,
110067,,,,,,,,,,,,,,,,,,,,,,,0.098515,0.414190,0.987651,-12.810000,-6.860000,111.019997
110068,,,,,,,,,,,,,114.768867,124.249779,0.549088,0.527140,,,,,,,,,,,,
110072,,,,,,,,,,,,,,,,,,,,0.361061,0.945283,2.877953,,,,,,
110082,,,,,,,,,,,,,115.743271,124.871109,0.537790,0.519935,,,,,,,,,,,,
110084,,,,,,,,,,,,,,,,,,,,,,,0.098515,0.414190,0.987651,-18.270000,14.140000,100.519997
110079,,,,,,,,,,,,,,,,,,,,0.343755,0.950664,2.897480,,,,,,
110088,,,,,,,,,,,,,116.741028,125.388924,0.526220,0.513931,,,,,,,,,,,,
110087,,,,,,,,,,,,,,,,,,,,0.325489,0.956397,2.911366,,,,,,
110090,,,,,,,,,,,,,,,,,,,,,,,0.076555,0.349957,0.972340,72.169998,9.660000,76.300003
110097,,,,,,,,,,,,,,,,,,,,,,,0.076555,0.349957,0.972340,-30.520000,-47.180000,72.309998
110098,,,,,,,,,,,,,118.069550,125.897102,0.510815,0.508038,,,,,,,,,,,,
110101,,,,,,,,,,,,,,,,,,,,0.307483,0.961067,2.922541,,,,,,
110107,,,,,,,,,,,,,,,,,,,,,,,0.118035,0.462990,1.098610,-3.710000,-50.119999,52.220001
110108,,,,,,,,,,,,,119.173317,126.310242,0.498016,0.503248,,,,,,,,,,,,
110109,,,,0.279214,0.960229,2.858617,1.785044,1.785044,,,,,,,,,,,,0.289864,0.965160,2.933723,,,,,,
110110,,,,,,,,,,,122.417465,128.524689,,,,,0.026810,0.006782,-0.061516,,,,,,,,,
110117,,,,,,,,,,,,,,,,,,,,,,,0.118035,0.462990,1.098610,4.900000,28.000000,51.450001
110118,,,,,,,,,,,,,120.481140,125.939964,0.537369,0.570575,,,,,,,,,,,,
110122,,,,,,,,,,,,,,,,,,,,0.271148,0.969590,2.942071,,,,,,
110127,,,,,,,,,,,,,,,,,,,,,,,0.087352,0.219417,0.895114,-9.100000,56.630001,57.959999
110128,,,,,,,,,,,,,121.204437,126.899246,0.528981,0.559452,,,,,,,,,,,,
110130,,,,,,,,,,,,,,,,,,,,0.251702,0.973620,2.950328,,,,,,
110137,,,,,,,,,,,,,,,,,,,,0.232923,0.977657,2.961442,0.087352,0.219417,0.895114,36.470001,38.779999,38.990002
110143,,,,,,,,,,,,,121.762047,127.272949,0.522516,0.555119,,,,,,,,,,,,
110149,,,,,,,,,,,,,,,,,,,,,,,0.132248,0.274805,1.125267,-24.360001,-71.959999,47.180000
110150,,,,,,,,,,,,,,,,,,,,0.214202,0.981125,2.967016,,,,,,
110157,,,,,,,,,,,,,,,,,,,,,,,0.132248,0.274805,1.125267,-27.930000,-65.169998,37.730000
110158,,,,,,,,,,,,,122.823250,128.571365,0.510210,0.540063,,,,0.195684,0.984090,2.975380,,,,,,
110159,,,,0.188302,0.982111,2.952160,1.842929,1.842929,,,,,,,,,,,,,,,,,,,,
110160,,,,,,,,,,,123.813957,133.995560,,,,,0.025238,0.003341,-0.015860,,,,,,,,,
110167,,,,,,,,,,,,,,,,,,,,,,,0.059170,0.195139,0.846802,12.040000,30.100000,52.709999
110168,,,,,,,,,,,,,123.570450,128.953583,0.523613,0.622081,,,,,,,,,,,,
110171,,,,,,,,,,,,,,,,,,,,0.175931,0.987416,2.986522,,,,,,
110177,,,,,,,,,,,,,,,,,,,,,,,0.059170,0.195139,0.846802,5.460000,-5.600000,56.419998
110178,,,,,,,,,,,,,124.184937,129.806885,0.516488,0.612186,,,,,,,,,,,,
110179,,,,,,,,,,,,,,,,,,,,0.156081,0.990533,2.994751,,,,,,
110187,,,,,,,,,,,,,,,,,,,,,,,0.116327,0.174460,1.009367,34.299999,-8.820000,60.549999
110188,,,,,,,,,,,,,124.939957,130.775711,0.507733,0.600952,,,,,,,,,,,,
110192,,,,,,,,,,,,,,,,,,,,0.135968,0.993614,3.003083,,,,,,
110197,,,,,,,,,,,,,,,,,,,,,,,0.116327,0.174460,1.237690,-31.780001,-53.410000,77.489998
110203,,,,,,,,,,,,,125.717476,132.402939,0.498717,0.582083,,,,,,,,,,,,
110200,,,,,,,,,,,,,,,,,,,,0.116174,0.996228,3.014164,,,,,,
110208,,,,,,,,,,,,,,,,,,,,0.096757,0.998579,3.028085,0.075091,0.239364,1.237690,-2.450000,-15.960000,72.589996
110209,,,,,,,,,,,,,126.963371,134.514404,0.484270,0.557599,,,,,,,,,,,,
110210,,,,0.093049,0.995662,3.048409,1.898352,1.898352,,,,,,,,,,,,,,,,,,,,
110211,,,,,,,,,,,124.064255,138.858978,,,,,0.022307,0.003171,0.029588,,,,,,,,,
110217,,,,,,,,,,,,,,,,,,,,,,,0.078263,0.145729,0.760060,1.190000,-6.790000,93.870003
110218,,,,,,,,,,,,,127.205650,134.794159,0.485416,0.631207,,,,,,,,,,,,
110222,,,,,,,,,,,,,,,,,,,,0.076922,1.001120,3.047578,,,,,,
110227,,,,,,,,,,,,,,,,,,,,,,,0.078263,0.145729,0.760060,-5.880000,22.959999,111.860001
110228,,,,,,,,,,,,,127.413315,136.001801,0.483008,0.617203,,,,,,,,,,,,
110229,,,,,,,,,,,,,,,,,,,,0.055985,1.003402,3.061275,,,,,,
110237,,,,,,,,,,,,,,,,,,,,0.034908,1.005435,3.083431,0.101382,0.376004,1.216950,31.780001,-21.000000,118.160004
110238,,,,,,,,,,,,,126.961220,136.931412,0.488250,0.606424,,,,,,,,,,,,
110248,,,,,,,,,,,,,127.160332,138.846848,0.485941,0.584213,,,,,,,,,,,,
110249,,,,,,,,,,,,,,,,,,,,,,,0.101382,0.376004,1.216950,-7.280000,-11.410000,146.649994
110247,,,,,,,,,,,,,,,,,,,,0.034908,1.005435,3.083431,,,,,,
110257,,,,,,,,,,,,,,,,,,,,,,,-0.005612,0.303048,0.800381,4.480000,7.070000,157.990005
110258,,,,,,,,,,,,,127.816513,139.841537,0.478332,0.572679,,,,,,,,,,,,
110255,,,,,,,,,,,,,,,,,,,,0.014199,1.006703,3.108321,,,,,,
110260,,,,-0.005638,0.999984,-3.135955,1.951165,1.951165,,,125.954163,141.710754,,,,,0.019242,0.006691,0.031475,,,,,,,,,
110262,,,,,,,,,,,,,,,,,,,,-0.005980,1.007894,3.133232,,,,,,
110267,,,,,,,,,,,,,,,,,,,,,,,-0.005612,0.303048,0.800381,0.840000,-21.070000,188.160004
110268,,,,,,,,,,,,,127.808395,141.212234,0.508291,0.601848,,,,,,,,,,,,
110269,,,,,,,,,,,,,,,,,,,,-0.026060,1.008967,-3.116680,,,,,,
110277,,,,,,,,,,,,,,,,,,,,-0.047312,1.009247,-3.086227,-0.006161,0.474641,1.047492,-41.580002,44.029999,183.050003
110278,,,,,,,,,,,,,128.133804,142.121780,0.504517,0.591301,,,,,,,,,,,,
110287,,,,,,,,,,,,,,,,,,,,,,,-0.006161,0.474641,1.047492,2.940000,25.690001,187.740005
110288,,,,,,,,,,,,,128.497696,143.621658,0.500298,0.573909,,,,,,,,,,,,
110291,,,,,,,,,,,,,,,,,,,,-0.068722,1.009134,-3.055799,,,,,,
110297,,,,,,,,,,,,,,,,,,,,,,,0.097173,0.456158,0.938973,-32.619999,-3.570000,187.529999
110303,,,,,,,,,,,,,128.459885,144.288177,0.500736,0.566181,,,,,,,,,,,,
110298,,,,,,,,,,,,,,,,,,,,-0.089633,1.008781,-3.022527,,,,,,
110309,,,,-0.106688,0.994293,-3.034702,2.001226,2.001226,,,,,,,,,,,,,,,,,,,,
110310,,,,,,,,,,,130.683502,142.997223,,,,,0.018351,0.011755,-0.012261,,,,,,,,,
110311,,,,,,,,,,,,,,,,,,,,,,,0.097173,0.456158,0.938973,-19.320000,-47.810001,199.429993
110312,,,,,,,,,,,,,,,,,,,,-0.110357,1.007509,-2.986461,,,,,,
110317,,,,,,,,,,,,,,,,,,,,,,,0.006771,0.641842,1.134722,-5.040000,-45.919998,202.580002
110318,,,,,,,,,,,,,128.839417,145.231903,0.571068,0.575566,,,,,,,,,,,,
110319,,,,,,,,,,,,,,,,,,,,-0.130733,1.005876,-2.953120,,,,,,
110327,,,,,,,,,,,,,,,,,,,,-0.150882,1.003769,-2.916915,0.006771,0.641842,1.134722,-10.990000,-29.400000,196.070007
110328,,,,,,,,,,,,,129.863678,145.857147,0.559191,0.568316,,,,,,,,,,,,
110337,,,,,,,,,,,,,,,,,,,,,,,0.013176,0.413824,0.919087,19.530001,55.790001,190.679993
110338,,,,,,,,,,,,,131.335907,146.447952,0.542119,0.561465,,,,,,,,,,,,
110340,,,,,,,,,,,,,,,,,,,,-0.172588,1.001280,-2.883496,,,,,,
110347,,,,,,,,,,,,,,,,,,,,,,,0.013176,0.413824,0.919087,-52.500000,79.589996,197.470001
110348,,,,,,,,,,,,,132.016388,146.937851,0.534229,0.555785,,,,-0.194074,0.998130,-2.850018,,,,,,
110357,,,,,,,,,,,,,,,,,,,,,,,0.075762,0.344223,0.747555,7.210000,61.599998,184.240005
110364,,,,-0.208879,0.977942,-2.931164,2.048404,2.048404,,,,,,,,,,,,,,,,,,,,
110365,,,,,,,,,,,136.904083,142.967972,132.077179,147.102509,0.631821,0.553413,0.019572,0.014309,-0.078752,,,,,,,,,
110362,,,,,,,,,,,,,,,,,,,,-0.215160,0.994750,-2.816417,,,,,,
110371,,,,,,,,,,,,,,,,,,,,,,,0.075762,0.910669,1.432585,-76.510002,-23.590000,173.320007
110370,,,,,,,,,,,,,,,,,,,,-0.235842,0.990460,-2.785493,,,,,,
110377,,,,,,,,,,,,,,,,,,,,-0.255583,0.985370,-2.757411,-0.002867,0.910669,1.432585,-77.629997,-10.780000,166.600006
110378,,,,,,,,,,,,,133.436096,147.416794,0.616063,0.549769,,,,,,,,,,,,
110387,,,,,,,,,,,,,,,,,,,,,,,-0.002867,0.910669,1.432585,35.000000,-39.759998,144.059998
110388,,,,,,,,,,,,,135.896362,147.659714,0.587535,0.546952,,,,,,,,,,,,
110391,,,,,,,,,,,,,,,,,,,,-0.275967,0.980835,-2.729067,,,,,,
110397,,,,,,,,,,,,,,,,,,,,,,,0.038796,0.303414,0.662643,-32.130001,9.310000,144.270004
110398,,,,,,,,,,,,,137.463699,147.911865,0.569360,0.544028,,,,,,,,,,,,
110399,,,,,,,,,,,,,,,,,,,,-0.295800,0.975128,-2.703550,,,,,,
110407,,,,,,,,,,,,,,,,,,,,,,,0.038796,0.303414,0.894931,29.400000,28.700001,123.970001
110408,,,,,,,,,,,,,139.306656,147.547852,0.547990,0.548249,,,,,,,,,,,,
110410,,,,-0.310859,0.950456,-2.825496,2.092578,2.092578,,,142.010742,145.153183,,,,,0.022935,0.015626,-0.109386,,,,,,,,,
110406,,,,,,,,,,,,,,,,,,,,-0.316347,0.969098,-2.683750,,,,,,
110417,,,,,,,,,,,,,,,,,,,,,,,0.052948,0.337086,0.894931,-39.549999,20.160000,126.139999
110423,,,,,,,,,,,,,139.305740,146.941254,0.628696,0.589813,,,,,,,,,,,,
110420,,,,,,,,,,,,,,,,,,,,-0.337246,0.962274,-2.661046,,,,,,
110428,,,,,,,,,,,,,,,,,,,,-0.357257,0.955530,-2.640986,0.111874,0.797453,1.382382,41.439999,-14.140000,89.529999
110437,,,,,,,,,,,,,,,,,,,,,,,0.111874,0.797453,1.382382,-52.080002,-0.280000,81.690002
110438,,,,,,,,,,,,,140.023102,146.827820,0.620377,0.591129,,,,,,,,,,,,
110441,,,,,,,,,,,,,,,,,,,,-0.376342,0.947686,-2.632427,,,,,,
110447,,,,,,,,,,,,,,,,,,,,,,,0.038613,0.295301,0.652090,2.590000,-4.410000,74.830002
110448,,,,,,,,,,,,,141.512772,147.789368,0.603104,0.579979,,,,,,,,,,,,
110449,,,,,,,,,,,,,,,,,,,,-0.395545,0.939747,-2.615167,,,,,,
110457,,,,,,,,,,,,,,,,,,,,,,,0.038613,0.295301,0.652090,-3.990000,45.290001,74.480003
110458,,,,,,,,,,,,,143.282974,147.463455,0.582577,0.583758,,,,,,,,,,,,
110459,,,,-0.411171,0.911558,-2.717855,2.133634,2.133634,,,,,,,,,,,,,,,,,,,,
110460,,,,,,,,,,,145.154846,150.292450,,,,,0.026492,0.016153,-0.091779,,,,,,,,,
110462,,,,,,,,,,,,,,,,,,,,-0.415765,0.931118,-2.600888,,,,,,
110468,,,,,,,,,,,,,142.930191,146.980316,0.636350,0.670570,,,,,,,0.184403,0.536495,1.251049,-1.540000,8.750000,52.220001
110469,,,,,,,,,,,,,,,,,,,,-0.435497,0.921742,-2.592321,,,,,,
110477,,,,,,,,,,,,,,,,,,,,-0.454206,0.912616,-2.580764,0.184403,0.536495,1.251049,15.050000,-61.110001,46.549999
110478,,,,,,,,,,,,,144.110046,147.517822,0.622669,0.664338,,,,,,,,,,,,
110488,,,,,,,,,,,,,145.926392,149.341965,0.601608,0.643186,,,,,,,,,,,,
110489,,,,,,,,,,,,,,,,,,,,,,,0.027511,0.404003,0.743285,-5.740000,-24.080000,47.810001
110491,,,,,,,,,,,,,,,,,,,,-0.473595,0.902263,-2.577902,,,,,,
110497,,,,,,,,,,,,,,,,,,,,,,,0.027511,0.404003,0.743285,-9.660000,43.119999,52.779999
110498,,,,,,,,,,,,,147.377899,149.705185,0.584776,0.638974,,,,-0.492120,0.892433,-2.563367,,,,,,
110507,,,,,,,,,,,,,,,,,,,,,,,0.172691,0.334829,1.058777,-3.430000,5.950000,56.070000
110508,,,,,,,,,,,,,146.776352,150.400818,0.591752,0.630907,,,,,,,,,,,,
110509,,,,-0.508282,0.861191,-2.608404,2.171469,2.171469,,,,,,,,,,,,,,,,,,,,
110510,,,,,,,,,,,146.433777,157.111038,,,,,0.029726,0.016707,-0.042193,,,,,,,,,
110512,,,,,,,,,,,,,,,,,,,,-0.512351,0.880817,-2.560672,,,,,,
110517,,,,,,,,,,,,,,,,,,,,,,,0.172691,0.334829,1.058777,17.080000,-4.060000,42.279999
110518,,,,,,,,,,,,,147.073227,150.658661,0.608519,0.735664,,,,,,,,,,,,
110519,,,,,,,,,,,,,,,,,,,,-0.531716,0.869782,-2.546132,,,,,,
110528,,,,,,,,,,,,,147.736084,152.426498,0.600833,0.715165,,,,,,,,,,,,
110527,,,,,,,,,,,,,,,,,,,,-0.550605,0.858163,-2.540369,,,,,,
110530,,,,,,,,,,,,,,,,,,,,,,,0.165615,0.432429,0.951600,2.100000,-33.040001,64.889999
110537,,,,,,,,,,,,,,,,,,,,,,,0.165615,0.432429,0.951600,-8.890000,-7.210000,65.940002
110538,,,,,,,,,,,,,148.108475,153.162125,0.596514,0.706635,,,,,,,,,,,,
110541,,,,,,,,,,,,,,,,,,,,-0.569474,0.846282,-2.522907,,,,,,
110547,,,,,,,,,,,,,,,,,,,,,,,0.180804,0.454450,1.082567,-48.230000,-26.879999,104.860001
110548,,,,,,,,,,,,,147.722610,154.175156,0.600989,0.694888,,,,,,,,,,,,
110549,,,,,,,,,,,,,,,,,,,,-0.587918,0.833709,-2.508343,,,,,,
110557,,,,,,,,,,,,,,,,,,,,,,,0.180804,0.454450,1.082567,30.590000,-15.890000,97.930000
110558,,,,,,,,,,,,,148.488373,155.567169,0.592109,0.678747,,,,,,,,,,,,
110559,,,,-0.600623,0.799532,-2.497313,2.205987,2.205987,,,,,,,,,,,,,,,,,,,,
110560,,,,,,,,,,,146.006180,162.517426,,,,,0.030060,0.019119,0.006483,,,,,,,,,
110562,,,,,,,,,,,,,,,,,,,,-0.607426,0.820627,-2.493784,,,,,,
110567,,,,,,,,,,,,,,,,,,,,,,,0.205204,0.424438,1.171688,7.560000,-15.120000,109.199997
110568,,,,,,,,,,,,,149.176743,156.785477,0.577370,0.750051,,,,,,,,,,,,
110570,,,,,,,,,,,,,,,,,,,,-0.625482,0.807755,-2.473208,,,,,,
110577,,,,,,,,,,,,,,,,,,,,-0.644619,0.793350,-2.452714,0.205204,0.424438,1.171688,-21.350000,-29.959999,128.100006
110584,,,,,,,,,,,,,149.696823,158.449600,0.571340,0.730754,,,,,,,,,,,,
110589,,,,,,,,,,,,,,,,,,,,,,,0.074298,0.245830,0.748104,1.470000,7.210000,147.770004
110591,,,,,,,,,,,,,,,,,,,,-0.663720,0.778970,-2.429134,,,,,,
110597,,,,,,,,,,,,,,,,,,,,,,,0.074298,0.245830,0.748104,30.799999,-18.900000,164.639999
110598,,,,,,,,,,,,,149.104858,160.061676,0.578204,0.712061,,,,-0.682696,0.764577,-2.402575,,,,,,
110607,,,,,,,,,,,,,,,,,,,,,,,0.213500,0.506483,1.112396,-23.100000,-6.860000,207.130005
110608,,,,,,,,,,,,,149.626984,161.592667,0.572149,0.694308,,,,,,,,,,,,
110609,,,,-0.686628,0.727009,-2.384752,2.237101,2.237101,,,,,,,,,,,,,,,,,,,,
110610,,,,,,,,,,,146.394257,164.654663,,,,,0.027889,0.024250,0.014554,,,,,,,,,
110612,,,,,,,,,,,,,,,,,,,,-0.701077,0.749583,-2.369803,,,,,,
110617,,,,,,,,,,,,,,,,,,,,,,,0.213500,0.506483,0.785436,-39.200001,9.590000,214.970001
110618,,,,,,,,,,,,,149.736816,163.597580,0.577008,0.704832,,,,,,,,,,,,
110620,,,,,,,,,,,,,,,,,,,,-0.719335,0.733737,-2.339859,,,,,,
110627,,,,,,,,,,,,,,,,,,,,-0.737530,0.718015,-2.300614,0.057645,0.381799,0.785436,11.900000,12.950000,226.240005
110628,,,,,,,,,,,,,149.799149,164.784012,0.576285,0.691075,,,,,,,,,,,,
110637,,,,,,,,,,,,,,,,,,,,,,,0.057645,0.649101,1.181631,20.930000,3.570000,226.169998
110643,,,,,,,,,,,,,149.772339,166.031570,0.576596,0.676609,,,,,,,,,,,,
110641,,,,,,,,,,,,,,,,,,,,-0.755110,0.702063,-2.264089,,,,,,
110648,,,,,,,,,,,,,151.125931,167.703476,0.560901,0.657222,,,,-0.772376,0.685356,-2.224149,0.097356,0.649101,1.181631,-31.780001,-33.880001,237.020004
110657,,,,,,,,,,,,,,,,,,,,,,,0.035624,0.471225,0.776835,-37.310001,-9.240000,238.559998
110658,,,,,,,,,,,,,151.541641,169.058426,0.556080,0.641510,,,,,,,,,,,,
110660,,,,-0.764777,0.644296,-2.270898,2.264737,2.264737,,,150.704941,163.137253,,,,,0.027107,0.030083,-0.044984,,,,,,,,,
110662,,,,,,,,,,,,,,,,,,,,-0.788947,0.668185,-2.183743,,,,,,
110667,,,,,,,,,,,,,,,,,,,,,,,0.035624,0.471225,0.776835,12.740000,16.940001,248.500000
110668,,,,,,,,,,,,,151.772766,169.268845,0.621517,0.615092,,,,,,,,,,,,
110669,,,,,,,,,,,,,,,,,,,,-0.805742,0.650923,-2.139823,,,,,,
110677,,,,,,,,,,,,,,,,,,,,,,,0.032940,0.549732,1.060119,-33.040001,35.560001,258.019989
110678,,,,,,,,,,,,,151.251175,169.258362,0.627565,0.615214,,,,,,,,,,,,
110682,,,,,,,,,,,,,,,,,,,,-0.822540,0.631724,-2.101861,,,,,,
110688,,,,,,,,,,,,,151.821198,169.155411,0.620955,0.616408,,,,,,,,,,,,
110689,,,,,,,,,,,,,,,,,,,,,,,0.032940,0.549732,1.060119,-29.469999,22.330000,234.080002
110690,,,,,,,,,,,,,,,,,,,,-0.838313,0.613853,-2.056882,,,,,,
110697,,,,,,,,,,,,,,,,,,,,-0.853527,0.594623,-2.017851,0.040931,0.771345,1.179130,-43.119999,-50.540001,225.190002
110698,,,,,,,,,,,,,152.612366,168.855377,0.611781,0.619887,,,,,,,,,,,,
110707,,,,,,,,,,,,,,,,,,,,,,,0.040931,0.771345,1.179130,4.270000,-22.330000,212.589996
110708,,,,,,,,,,,,,154.275757,169.043381,0.592493,0.617707,,,,,,,,,,,,
110709,,,,-0.833638,0.552311,-2.155930,2.288825,2.288825,,,,,,,,,,,,,,,,,,,,
110710,,,,,,,,,,,156.096207,159.850861,,,,,0.028679,0.035243,-0.127586,,,,,,,,,
110711,,,,,,,,,,,,,,,,,,,,-0.867856,0.576102,-1.981666,,,,,,
110717,,,,,,,,,,,,,,,,,,,,,,,0.033977,0.561200,0.906582,34.160000,-29.400000,199.220001
110718,,,,,,,,,,,,,154.041351,168.669891,0.680403,0.570107,,,,,,,,,,,,
110719,,,,,,,,,,,,,,,,,,,,-0.881985,0.557058,-1.945096,,,,,,
110727,,,,,,,,,,,,,,,,,,,,,,,0.033977,0.561200,0.906582,-7.350000,-6.370000,204.960007
110728,,,,,,,,,,,,,155.522629,167.831070,0.663227,0.579833,,,,,,,,,,,,
110733,,,,,,,,,,,,,,,,,,,,-0.895427,0.537798,-1.911388,,,,,,
110737,,,,,,,,,,,,,,,,,,,,,,,0.053924,0.629642,1.017785,-25.760000,24.990000,205.800003
110738,,,,,,,,,,,,,156.934814,166.747833,0.646852,0.592394,,,,,,,,,,,,
110740,,,,,,,,,,,,,,,,,,,,-0.908199,0.517816,-1.877326,,,,,,
110748,,,,,,,,,,,,,158.065201,165.768250,0.633744,0.603753,,,,-0.920701,0.497575,-1.846269,,,,,,
110749,,,,,,,,,,,,,,,,,,,,,,,0.053924,0.629642,1.017785,-12.810000,4.900000,170.589996
110757,,,,,,,,,,,,,,,,,,,,,,,0.068320,0.574620,1.036146,2.310000,2.310000,146.509995
110758,,,,,,,,,,,,,158.785568,164.718201,0.625391,0.615929,,,,,,,,,,,,
110760,,,,-0.891916,0.452202,-2.040028,2.309306,2.309306,,,160.720856,159.488403,,,,,0.034161,0.039251,-0.175776,,,,,,,,,
110762,,,,,,,,,,,,,,,,,,,,-0.933150,0.476829,-1.811316,,,,,,
110767,,,,,,,,,,,,,,,,,,,,,,,0.068320,0.574620,1.036146,0.700000,1.960000,138.809998
110768,,,,,,,,,,,,,159.450729,164.442444,0.690756,0.613399,,,,,,,,,,,,
110769,,,,,,,,,,,,,,,,,,,,-0.944668,0.455624,-1.790130,,,,,,
110777,,,,,,,,,,,,,,,,,,,,,,,0.104005,0.631472,1.028460,11.340000,-7.910000,136.220001
110778,,,,,,,,,,,,,159.948303,163.587753,0.684987,0.623310,,,,,,,,,,,,
110783,,,,,,,,,,,,,,,,,,,,-0.955497,0.434605,-1.765170,,,,,,
110787,,,,,,,,,,,,,,,,,,,,,,,0.104005,0.631472,1.028460,-11.550000,-37.029999,125.790001
110788,,,,,,,,,,,,,161.599594,163.040680,0.665839,0.629653,,,,,,,,,,,,
110790,,,,,,,,,,,,,,,,,,,,-0.965842,0.413540,-1.747199,,,,,,
110797,,,,,,,,,,,,,,,,,,,,-0.975578,0.392399,-1.721750,0.066734,0.512583,0.866383,-7.630000,-9.310000,94.150002
110803,,,,,,,,,,,,,162.179184,162.673645,0.659118,0.633909,,,,,,,,,,,,
110808,,,,,,,,,,,,,,,,,,,,,,,0.066734,0.512583,1.261785,-24.920000,-6.790000,97.510002
110810,,,,-0.938484,0.345322,-1.923378,2.326132,2.326132,,,,,,,,,,,,,,,,,,,,
110811,,,,,,,,,,,163.665558,161.762512,162.987442,162.042969,0.696278,0.677158,0.039309,0.042674,-0.185241,,,,,,,,,
110812,,,,,,,,,,,,,,,,,,,,-0.984688,0.371040,-1.707128,,,,,,
110817,,,,,,,,,,,,,,,,,,,,,,,0.148596,0.797087,1.261785,2.380000,13.860000,91.419998
110818,,,,,,,,,,,,,164.856140,163.221512,0.674609,0.663492,,,,,,,,,,,,
110819,,,,,,,,,,,,,,,,,,,,-0.993085,0.349442,-1.692110,,,,,,
110827,,,,,,,,,,,,,,,,,,,,,,,0.148596,0.797087,0.608048,-14.490000,9.800000,92.610001
110828,,,,,,,,,,,,,167.019516,163.423782,0.649523,0.661146,,,,,,,,,,,,
110832,,,,,,,,,,,,,,,,,,,,-1.001515,0.327144,-1.673747,,,,,,
110837,,,,,,,,,,,,,,,,,,,,,,,0.019276,0.238632,0.608048,30.590000,1.330000,73.709999
110838,,,,,,,,,,,,,167.228836,163.113647,0.647096,0.664742,,,,,,,,,,,,
110840,,,,,,,,,,,,,,,,,,,,-1.009573,0.303964,-1.666311,,,,,,
110848,,,,,,,,,,,,,167.199402,163.184937,0.647437,0.663916,,,,,,,,,,,,
110849,,,,,,,,,,,,,,,,,,,,,,,0.231312,0.673562,1.170407,-24.850000,19.250000,69.650002
110847,,,,,,,,,,,,,,,,,,,,-1.016722,0.281711,-1.651335,,,,,,
110857,,,,,,,,,,,,,,,,,,,,,,,0.231312,0.673562,1.170407,-19.110001,-12.110000,81.410004
110858,,,,,,,,,,,,,167.153168,162.672409,0.647973,0.669859,,,,,,,,,,,,
110860,,,,-0.972429,0.233201,-1.806165,2.339260,2.339260,,,164.256607,167.524933,,,,,0.043114,0.046675,-0.144743,-1.023432,0.258597,-1.636240,,,,,,
110867,,,,,,,,,,,,,,,,,,,,-1.029206,0.236679,-1.621018,0.089365,0.559614,0.932263,-35.070000,-10.710000,87.150002
110868,,,,,,,,,,,,,167.108902,163.338791,0.657826,0.753189,,,,,,,,,,,,
110877,,,,,,,,,,,,,,,,,,,,,,,0.089365,0.559614,0.932263,61.459999,-9.240000,56.279999
110878,,,,,,,,,,,,,167.503204,163.782104,0.653254,0.748048,,,,,,,,,,,,
110881,,,,,,,,,,,,,,,,,,,,-1.035256,0.213876,-1.609535,,,,,,
110887,,,,,,,,,,,,,,,,,,,,,,,0.093635,0.573034,1.053531,-57.959999,5.950000,97.930000
110888,,,,,,,,,,,,,168.091019,165.503159,0.646438,0.728092,,,,-1.040079,0.190114,-1.594112,,,,,,
110897,,,,,,,,,,,,,,,,,,,,,,,0.093635,0.573034,1.053531,-16.940001,30.450001,76.019997
110903,,,,,,,,,,,,,167.391174,166.636185,0.654553,0.714953,,,,,,,,,,,,
110902,,,,,,,,,,,,,,,,,,,,-1.044156,0.166903,-1.582489,,,,,,
110908,,,,,,,,,,,,,,,,,,,,,,,0.190808,0.420961,0.908656,25.760000,-5.390000,101.849998
110909,,,,,,,,,,,,,166.726135,167.086395,0.662265,0.709733,,,,-1.049119,0.143240,-1.559123,,,,,,
110910,,,,-0.993072,0.117506,-1.688575,2.348661,2.348661,,,,,,,,,,,,,,,,,,,,
110911,,,,,,,,,,,164.646652,172.800125,,,,,0.047405,0.049746,-0.106317,,,,,,,,,
110917,,,,,,,,,,,,,,,,,,,,,,,0.190808,0.420961,0.908656,-50.889999,-56.070000,117.669998
110918,,,,,,,,,,,,,166.507294,167.420273,0.670966,0.789219,,,,,,,,,,,,
110922,,,,,,,,,,,,,,,,,,,,-1.052525,0.118716,-1.543587,,,,,,
110927,,,,,,,,,,,,,,,,,,,,,,,0.147498,0.732793,1.054690,0.560000,-45.639999,118.440002
110928,,,,,,,,,,,,,166.482651,169.449463,0.671251,0.765690,,,,,,,,,,,,
110930,,,,,,,,,,,,,,,,,,,,-1.054690,0.095865,-1.524365,,,,,,
110937,,,,,,,,,,,,,,,,,,,,-1.057555,0.071487,-1.505369,0.147498,0.732793,1.054690,53.689999,-24.639999,116.550003
110938,,,,,,,,,,,,,167.494812,171.087738,0.659515,0.746693,,,,,,,,,,,,
110947,,,,,,,,,,,,,,,,,,,,,,,0.087779,0.273402,0.807701,2.310000,14.980000,143.360001
110948,,,,,,,,,,,,,167.882248,172.555466,0.655022,0.729673,,,,,,,,,,,,
110951,,,,,,,,,,,,,,,,,,,,-1.059665,0.046891,-1.486459,,,,,,
110957,,,,,,,,,,,,,,,,,,,,,,,0.087779,0.273402,0.807701,12.320000,-23.799999,151.550003
110963,,,,,,,,,,,,,167.635849,173.013367,0.657879,0.724364,,,,,,,,,,,,
110965,,,,-1.000000,0.000000,-1.570796,2.354310,2.354310,,,,,,,,,,,,,,,,,,,,
110966,,,,,,,,,,,164.891174,176.062668,,,,,0.050501,0.053684,-0.084994,,,,,,,,,
110959,,,,,,,,,,,,,,,,,,,,-1.061417,0.021341,-1.456610,,,,,,
110967,,,,,,,,,,,,,,,,,,,,-1.062612,-0.002657,-1.427178,,,,,,
110972,,,,,,,,,,,,,,,,,,,,,,,0.254065,0.675514,1.186999,-3.990000,-4.900000,160.649994
110977,,,,,,,,,,,,,,,,,,,,,,,0.254065,0.675514,1.186999,12.110000,2.800000,163.449997
110978,,,,,,,,,,,,,168.049713,174.398743,0.656944,0.759854,,,,,,,,,,,,
110981,,,,,,,,,,,,,,,,,,,,-1.062958,-0.027531,-1.401618,,,,,,
110987,,,,,,,,,,,,,,,,,,,,,,,0.048007,0.273768,0.682041,19.040001,8.890000,162.610001
110988,,,,,,,,,,,,,168.147675,174.604355,0.655808,0.757469,,,,-1.063640,-0.052384,-1.372928,,,,,,
110997,,,,,,,,,,,,,,,,,,,,,,,0.048007,0.273768,0.682041,-34.860001,2.310000,191.309998
110998,,,,,,,,,,,,,167.918915,175.554855,0.658461,0.746448,,,,,,,,,,,,
111002,,,,,,,,,,,,,,,,,,,,-1.062913,-0.078142,-1.347906,,,,,,
111007,,,,,,,,,,,,,,,,,,,,,,,0.225029,0.765306,1.250988,-12.110000,7.980000,192.009995
111008,,,,,,,,,,,,,168.530457,177.134811,0.651370,0.728127,,,,,,,,,,,,
111010,,,,-0.993072,-0.117506,-1.453018,2.356194,2.356194,,,,,,,,,,,,,,,,,,,,
111011,,,,,,,,,,,166.232574,175.835785,,,,,0.052490,0.057743,-0.102739,,,,,,,,,
111009,,,,,,,,,,,,,,,,,,,,-1.061646,-0.102956,-1.312749,,,,,,
111017,,,,,,,,,,,,,,,,,,,,-1.060109,-0.128094,-1.281532,0.225029,0.765306,1.250988,3.360000,0.910000,194.250000
111018,,,,,,,,,,,,,168.634384,178.064529,0.671361,0.713761,,,,,,,,,,,,
111028,,,,,,,,,,,,,168.614990,178.219894,0.671586,0.711960,,,,,,,,,,,,
111030,,,,,,,,,,,,,,,,,,,,-1.058269,-0.153048,-1.247174,0.083509,0.424682,0.836981,-2.590000,27.719999,187.460007
111037,,,,,,,,,,,,,,,,,,,,,,,0.083509,0.424682,1.033889,-54.250000,-15.260000,208.389999
111038,,,,,,,,,,,,,169.280685,179.006729,0.663867,0.702836,,,,-1.055122,-0.178324,-1.213343,,,,,,
111047,,,,,,,,,,,,,,,,,,,,,,,0.132431,0.660630,1.033889,16.240000,-24.080000,204.119995
111048,,,,,,,,,,,,,169.901627,179.733261,0.656667,0.694411,,,,,,,,,,,,
111052,,,,,,,,,,,,,,,,,,,,-1.052316,-0.202791,-1.173226,,,,,,
111057,,,,,,,,,,,,,,,,,,,,,,,0.132431,0.389729,0.849425,20.230000,56.070000,194.740005
111058,,,,,,,,,,,,,170.079300,179.436600,0.654607,0.697851,,,,,,,,,,,,
111060,,,,-0.972429,-0.233201,-1.335428,2.354310,2.354310,,,169.312057,173.533829,,,,,0.056720,0.060751,-0.151873,-1.048276,-0.228603,-1.140094,,,,,,
111068,,,,,,,,,,,,,170.281937,179.264450,0.700918,0.663472,,,,,,,,,,,,
111067,,,,,,,,,,,,,,,,,,,,-1.043888,-0.253598,-1.110713,,,,,,
111073,,,,,,,,,,,,,,,,,,,,,,,0.035136,0.389729,0.849425,4.200000,20.370001,162.330002
111078,,,,,,,,,,,,,170.772232,178.839325,0.695233,0.668402,,,,,,,0.155916,0.744993,1.117764,32.759998,-0.700000,185.220001
111081,,,,,,,,,,,,,,,,,,,,-1.038694,-0.278285,-1.071869,,,,,,
111087,,,,,,,,,,,,,,,,,,,,,,,0.155916,0.744993,1.117764,27.160000,19.110001,210.210007
111088,,,,,,,,,,,,,171.506790,178.886337,0.686715,0.667857,,,,-1.033349,-0.303139,-1.036601,,,,,,
111097,,,,,,,,,,,,,,,,,,,,,,,0.125965,0.593774,0.902922,40.320000,-14.490000,202.160004
111098,,,,,,,,,,,,,171.758057,177.967209,0.683802,0.678515,,,,,,,,,,,,
111102,,,,,,,,,,,,,,,,,,,,-1.027784,-0.326985,-0.998546,,,,,,
111107,,,,,,,,,,,,,,,,,,,,,,,0.125965,0.593774,0.902922,0.210000,0.840000,193.199997
111108,,,,,,,,,,,,,172.918655,177.050674,0.670344,0.689142,,,,,,,,,,,,
111110,,,,-0.938484,-0.345322,-1.218214,2.348661,2.348661,,,171.865234,170.762939,,,,,0.061309,0.064297,-0.201558,,,,,,,,,
111109,,,,,,,,,,,,,,,,,,,,-1.021147,-0.350906,-0.964078,,,,,,
111117,,,,,,,,,,,,,,,,,,,,-1.013452,-0.374817,-0.932939,0.037454,0.532103,0.837591,-64.540001,15.120000,197.399994
111118,,,,,,,,,,,,,174.406570,177.337723,0.693436,0.642029,,,,,,,,,,,,
111128,,,,,,,,,,,,,174.722610,177.748413,0.689771,0.637266,,,,,,,,,,,,
111129,,,,,,,,,,,,,,,,,,,,,,,0.037454,0.532103,0.837591,43.400002,38.639999,174.300003
111130,,,,,,,,,,,,,,,,,,,,-1.005827,-0.399066,-0.898973,,,,,,
111137,,,,,,,,,,,,,,,,,,,,-0.997429,-0.423354,-0.874454,0.126697,0.637023,1.032059,-15.960000,-28.770000,157.500000
111138,,,,,,,,,,,,,174.362091,175.835434,0.693951,0.659449,,,,,,,,,,,,
111147,,,,,,,,,,,,,,,,,,,,,,,0.126697,0.637023,1.032059,-56.490002,-4.690000,166.809998
111148,,,,,,,,,,,,,175.330017,175.447250,0.682728,0.663950,,,,,,,,,,,,
111152,,,,,,,,,,,,,,,,,,,,-0.988034,-0.446339,-0.847061,,,,,,
111157,,,,,,,,,,,,,,,,,,,,,,,0.071065,0.440420,0.665754,42.279999,-3.710000,151.619995
111158,,,,,,,,,,,,,176.009827,174.464966,0.674845,0.675340,,,,,,,,,,,,
111160,,,,-0.891916,-0.452202,-1.101564,2.339260,2.339260,,,173.146439,168.854858,,,,,0.065104,0.067473,-0.232906,,,,,,,,,
111159,,,,,,,,,,,,,,,,,,,,-0.978906,-0.469188,-0.819818,,,,,,
111168,,,,,,,,,,,,,175.783279,173.940521,0.697717,0.651270,,,,,,,,,,,,
111167,,,,,,,,,,,,,,,,,,,,-0.969417,-0.492039,-0.795760,,,,,,
111173,,,,,,,,,,,,,,,,,,,,,,,0.071065,0.804041,1.244400,-20.230000,11.270000,139.789993
111178,,,,,,,,,,,,,175.951843,172.843140,0.695763,0.663995,,,,,,,0.148230,0.804041,1.244400,-50.119999,27.719999,139.089996
111180,,,,,,,,,,,,,,,,,,,,-0.958372,-0.514512,-0.774774,,,,,,
111187,,,,,,,,,,,,,,,,,,,,-0.947520,-0.536401,-0.750917,0.148230,0.804041,1.244400,7.140000,-5.950000,129.220001
111188,,,,,,,,,,,,,176.199753,172.411011,0.692888,0.669006,,,,,,,,,,,,
111197,,,,,,,,,,,,,,,,,,,,,,,0.082472,0.333121,0.615917,42.139999,-36.470001,123.410004
111198,,,,,,,,,,,,,176.483459,171.635086,0.689598,0.678003,,,,,,,,,,,,
111201,,,,,,,,,,,,,,,,,,,,-0.936651,-0.558227,-0.727209,,,,,,
111207,,,,,,,,,,,,,,,,,,,,,,,0.082472,0.333121,0.615917,2.100000,13.720000,119.980003
111208,,,,,,,,,,,,,176.367996,170.648880,0.690937,0.689439,,,,,,,,,,,,
111209,,,,-0.833638,-0.552311,-0.985663,2.326132,2.326132,,,,,,,,,,,,,,,,,,,,
111210,,,,,,,,,,,173.922714,169.471786,,,,,0.070159,0.071801,-0.239253,,,,,,,,,
111211,,,,,,,,,,,,,,,,,,,,-0.924290,-0.579901,-0.706486,,,,,,
111217,,,,,,,,,,,,,,,,,,,,,,,0.161345,0.850035,1.312354,-5.460000,-18.760000,105.559998
111218,,,,,,,,,,,,,176.854553,170.947922,0.697562,0.695720,,,,-0.911457,-0.600820,-0.688819,,,,,,
111228,,,,,,,,,,,,,177.602554,171.525131,0.688888,0.689027,,,,,,,,,,,,
111229,,,,,,,,,,,,,,,,,,,,,,,0.161345,0.327997,0.594567,12.740000,11.060000,96.180000
111232,,,,,,,,,,,,,,,,,,,,-0.898850,-0.621638,-0.671220,,,,,,
111237,,,,,,,,,,,,,,,,,,,,,,,0.064294,0.327997,0.594567,1.680000,6.930000,99.680000
111238,,,,,,,,,,,,,177.357254,171.148712,0.691733,0.693392,,,,,,,,,,,,
111239,,,,,,,,,,,,,,,,,,,,-0.885522,-0.642148,-0.650739,,,,,,
111247,,,,,,,,,,,,,,,,,,,,-0.871315,-0.662419,-0.636134,0.064294,0.327997,0.594567,-26.180000,-26.740000,78.330002
111248,,,,,,,,,,,,,177.181763,170.861694,0.693767,0.696720,,,,,,,,,,,,
111257,,,,,,,,,,,,,,,,,,,,,,,0.208132,0.771650,1.306071,-13.300000,-28.000000,103.180000
111258,,,,,,,,,,,,,177.671432,171.254074,0.688089,0.692170,,,,,,,,,,,,
111259,,,,-0.764777,-0.644296,-0.870695,2.309306,2.309306,,,,,,,,,,,,,,,,,,,,
111260,,,,,,,,,,,172.812225,171.092422,,,,,0.072093,0.076387,-0.220311,-0.857158,-0.681745,-0.615789,,,,,,
111267,,,,,,,,,,,,,,,,,,,,,,,0.208132,0.771650,0.779275,-1.400000,1.820000,105.070000
111268,,,,,,,,,,,,,177.556290,171.606461,0.671877,0.713693,,,,-0.842748,-0.701042,-0.595513,,,,,,
111277,,,,,,,,,,,,,,,,,,,,,,,0.063196,0.391498,0.779275,32.970001,53.830002,105.910004
111283,,,,,,,,,,,,,177.603210,171.539246,0.671333,0.714472,,,,,,,,,,,,
111282,,,,,,,,,,,,,,,,,,,,-0.827198,-0.720389,-0.578138,,,,,,
111289,,,,,,,,,,,,,,,,,,,,,,,0.190076,0.677649,1.118862,-52.570000,-18.410000,110.809998
111290,,,,,,,,,,,,,,,,,,,,-0.811061,-0.738844,-0.560827,,,,,,
111297,,,,,,,,,,,,,,,,,,,,-0.795267,-0.756994,-0.543584,0.190076,0.677649,1.118862,15.540000,-32.340000,90.019997
111298,,,,,,,,,,,,,177.171600,172.449341,0.676338,0.703919,,,,,,,,,,,,
111307,,,,,,,,,,,,,,,,,,,,,,,0.094916,0.382775,0.836676,17.360001,17.920000,106.680000
111308,,,,,,,,,,,,,176.764557,172.791245,0.681058,0.699955,,,,,,,,,,,,
111309,,,,-0.686628,-0.727009,-0.756841,2.288825,2.288825,,,,,,,,,,,,,,,,,,,,
111310,,,,,,,,,,,171.827698,172.393387,,,,,0.074827,0.080012,-0.204009,,,,,,,,,
111311,,,,,,,,,,,,,,,,,,,,-0.778726,-0.775115,-0.520655,,,,,,
111317,,,,,,,,,,,,,,,,,,,,,,,0.094916,0.382775,0.836676,0.560000,59.360001,116.760002
111318,,,,,,,,,,,,,176.972488,172.543091,0.663089,0.723390,,,,-0.761522,-0.792841,-0.506313,,,,,,
111327,,,,,,,,,,,,,,,,,,,,,,,0.159454,0.548146,0.920368,-34.160000,39.830002,120.680000
111328,,,,,,,,,,,,,176.752808,173.025909,0.665636,0.717791,,,,,,,,,,,,
111332,,,,,,,,,,,,,,,,,,,,-0.743525,-0.810233,-0.486336,,,,,,
111337,,,,,,,,,,,,,,,,,,,,,,,0.159454,0.548146,0.920368,-27.090000,17.570000,146.929993
111343,,,,,,,,,,,,,176.149933,173.379852,0.672627,0.713687,,,,,,,,,,,,
111339,,,,,,,,,,,,,,,,,,,,-0.726417,-0.826674,-0.463549,,,,,,
111349,,,,,,,,,,,,,,,,,,,,,,,0.176473,0.655018,1.146495,59.220001,29.190001,119.910004
111353,,,,,,,,,,,,,,,,,,,,-0.708538,-0.843173,-0.440808,,,,,,
111357,,,,,,,,,,,,,,,,,,,,,,,0.176473,0.655018,1.146495,-41.090000,-15.330000,142.869995
111358,,,,,,,,,,,,,175.204422,173.238434,0.683591,0.715327,,,,,,,,,,,,
111360,,,,-0.600623,-0.799532,-0.644280,2.264737,2.264737,,,170.618088,172.458664,,,,,0.076953,0.083471,-0.196244,-0.689945,-0.858970,-0.418145,,,,,,
111367,,,,,,,,,,,,,,,,,,,,,,,0.110044,0.612501,0.939644,3.640000,-24.920000,133.770004
111368,,,,,,,,,,,,,175.398544,174.841675,0.662226,0.697768,,,,-0.670871,-0.874224,-0.395523,,,,,,
111377,,,,,,,,,,,,,,,,,,,,,,,0.110044,0.612501,0.939644,49.560001,26.110001,114.730003
111378,,,,,,,,,,,,,175.544968,175.624756,0.660528,0.688687,,,,,,,,,,,,
111382,,,,,,,,,,,,,,,,,,,,-0.651998,-0.889861,-0.370229,,,,,,
111387,,,,,,,,,,,,,,,,,,,,,,,0.044957,0.289506,0.755424,10.010000,-21.070000,140.699997
111388,,,,,,,,,,,,,175.161316,174.679291,0.664977,0.699651,,,,,,,,,,,,
111389,,,,,,,,,,,,,,,,,,,,-0.631940,-0.905269,-0.353330,,,,,,
111397,,,,,,,,,,,,,,,,,,,,-0.611259,-0.919570,-0.325222,0.044957,0.289506,0.755424,-56.070000,12.740000,140.839996
111403,,,,,,,,,,,,,,,0.667580,0.701367,,,,,,,,,,,,
111404,,,,,,,,,,,,,174.936813,174.531250,,,,,,,,,,,,,,
111409,,,,-0.508282,-0.861191,-0.533188,2.237101,2.237101,,,,,,,,,,,,,,,,,,,,
111410,,,,,,,,,,,168.707962,170.491272,,,,,0.076744,0.086358,-0.199690,-0.590677,-0.933578,-0.302828,,,,,,
111411,,,,,,,,,,,,,,,,,,,,,,,0.173606,0.691557,1.092937,-4.760000,-18.620001,150.919998
111417,,,,,,,,,,,,,,,,,,,,,,,0.173606,0.691557,1.092937,3.150000,8.540000,141.750000
111418,,,,,,,,,,,,,174.436493,174.873657,0.643198,0.666308,,,,-0.571092,-0.946834,-0.277628,,,,,,
111427,,,,,,,,,,,,,,,,,,,,,,,0.149877,0.461953,0.889624,40.250000,14.140000,139.860001
111428,,,,,,,,,,,,,173.630737,173.998566,0.652541,0.676455,,,,,,,,,,,,
111431,,,,,,,,,,,,,,,,,,,,-0.550490,-0.960231,-0.246963,,,,,,
111437,,,,,,,,,,,,,,,,,,,,,,,0.149877,0.461953,0.889624,-40.459999,-26.250000,158.619995
111438,,,,,,,,,,,,,173.423904,173.733383,0.654939,0.679531,,,,,,,,,,,,
111439,,,,,,,,,,,,,,,,,,,,-0.528229,-0.972604,-0.227428,,,,,,
111447,,,,,,,,,,,,,,,,,,,,,,,0.104310,0.523136,0.853390,27.440001,30.379999,150.429993
111448,,,,,,,,,,,,,173.496246,174.308182,0.654101,0.672865,,,,,,,,,,,,
111452,,,,,,,,,,,,,,,,,,,,-0.507554,-0.984768,-0.196790,,,,,,
111457,,,,,,,,,,,,,,,,,,,,,,,0.104310,0.523136,0.853390,34.090000,16.520000,135.940002
111463,,,,,,,,,,,,,172.809860,173.130463,0.662060,0.686522,,,,,,,,,,,,
111465,,,,-0.411171,-0.911558,-0.423738,2.205987,2.205987,,,,,,,,,,,,,,,,,,,,
111466,,,,,,,,,,,167.196014,167.873184,,,,,0.077651,0.089399,-0.212981,,,,,,,,,
111460,,,,,,,,,,,,,,,,,,,,-0.485914,-0.996761,-0.171814,,,,,,
111467,,,,,,,,,,,,,,,,,,,,-0.462976,-1.007740,-0.149586,,,,,,
111471,,,,,,,,,,,,,,,,,,,,,,,0.114680,0.622261,1.157536,-34.369999,28.490000,151.130005
111477,,,,,,,,,,,,,,,,,,,,,,,0.114680,0.622261,0.556625,11.690000,3.640000,150.080002
111478,,,,,,,,,,,,,172.607300,173.244690,0.640517,0.643827,,,,,,,,,,,,
111482,,,,,,,,,,,,,,,,,,,,-0.440915,-1.018334,-0.121846,,,,,,
111487,,,,,,,,,,,,,,,,,,,,,,,0.063623,0.292861,0.556625,11.410000,4.620000,149.309998
111488,,,,,,,,,,,,,172.189346,172.725647,0.645363,0.649845,,,,,,,,,,,,
111489,,,,,,,,,,,,,,,,,,,,-0.418717,-1.029179,-0.096902,,,,,,
111497,,,,,,,,,,,,,,,,,,,,,,,0.143899,0.873947,1.388787,36.540001,-7.420000,137.130005
111498,,,,,,,,,,,,,171.215683,171.666931,0.656654,0.662122,,,,,,,,,,,,
111503,,,,,,,,,,,,,,,,,,,,-0.396479,-1.038967,-0.072005,,,,,,
111508,,,,,,,,,,,,,171.621490,172.001175,0.651948,0.658246,,,,,,,,,,,,
111510,,,,-0.310859,-0.950456,-0.316097,2.171469,2.171469,,,164.837814,163.855255,,,,,0.076531,0.092750,-0.232166,-0.373575,-1.047443,-0.052589,,,,,,
111512,,,,,,,,,,,,,,,,,,,,,,,0.143899,0.873947,1.388787,-41.439999,-28.070000,147.559998
111517,,,,,,,,,,,,,,,,,,,,,,,0.025925,0.182817,0.367769,-14.910000,-11.270000,145.039993
111518,,,,,,,,,,,,,171.831146,172.150604,0.612253,0.593022,,,,-0.351720,-1.056007,-0.022012,,,,,,
111527,,,,,,,,,,,,,,,,,,,,,,,0.025925,0.182817,0.367769,46.689999,20.230000,126.419998
111528,,,,,,,,,,,,,171.400742,171.110733,0.617244,0.605080,,,,,,,,,,,,
111532,,,,,,,,,,,,,,,,,,,,-0.328237,-1.064955,0.002768,,,,,,
111537,,,,,,,,,,,,,,,,,,,,,,,0.132065,0.731268,1.380186,-6.720000,-14.910000,128.729996
111538,,,,,,,,,,,,,170.552155,169.210815,0.627084,0.627111,,,,,,,,,,,,
111539,,,,,,,,,,,,,,,,,,,,-0.303986,-1.072599,0.019403,,,,,,
111547,,,,,,,,,,,,,,,,,,,,,,,0.132065,0.731268,1.380186,-42.490002,34.090000,122.779999
111548,,,,,,,,,,,,,169.793121,168.116791,0.635885,0.639797,,,,,,,,,,,,
111546,,,,,,,,,,,,,,,,,,,,-0.280604,-1.079470,0.044262,,,,,,
111557,,,,,,,,,,,,,,,,,,,,,,,0.013847,0.289506,0.548085,37.869999,20.090000,122.639999
111564,,,,-0.208879,-0.977942,-0.210428,2.133634,2.133634,,,,,,,,,,,,,,,,,,,,
111565,,,,,,,,,,,161.433609,159.959366,,,0.593300,0.586360,0.073790,0.096628,-0.241297,,,,,,,,,
111566,,,,,,,,,,,,,168.826538,167.416077,,,,,,,,,,,,,,
111560,,,,,,,,,,,,,,,,,,,,-0.256757,-1.086415,0.060921,,,,,,
111567,,,,,,,,,,,,,,,,,,,,-0.233834,-1.092671,0.083035,,,,,,
111571,,,,,,,,,,,,,,,,,,,,,,,0.013847,0.289506,0.548085,24.920000,-19.670000,103.599998
111577,,,,,,,,,,,,,,,,,,,,,,,0.048556,0.857538,1.465159,-24.430000,-102.339996,105.209999
111578,,,,,,,,,,,,,167.918579,166.278000,0.603829,0.599557,,,,,,,,,,,,
111580,,,,,,,,,,,,,,,,,,,,-0.210747,-1.097993,0.099660,,,,,,
111587,,,,,,,,,,,,,,,,,,,,,,,0.048556,0.857538,1.465159,-3.150000,-101.989998,101.779999
111588,,,,,,,,,,,,,167.638184,165.708817,0.607080,0.606157,,,,-0.188588,-1.102770,0.116310,,,,,,
111597,,,,,,,,,,,,,,,,,,,,,,,0.020801,0.324154,0.623786,44.660000,-86.029999,94.639999
111598,,,,,,,,,,,,,166.357864,164.734497,0.621926,0.617455,,,,,,,,,,,,
111601,,,,,,,,,,,,,,,,,,,,-0.166108,-1.107678,0.135715,,,,,,
111607,,,,,,,,,,,,,,,,,,,,,,,0.020801,0.324154,0.623786,29.120001,21.070000,87.849998
111608,,,,,,,,,,,,,166.509598,164.590866,0.620167,0.619120,,,,,,,,,,,,
111609,,,,-0.106688,-0.994293,-0.106891,2.092578,2.092578,,,,,,,,,,,,-0.142066,-1.111960,0.152294,,,,,,
111610,,,,,,,,,,,157.748550,157.709778,,,,,0.072011,0.102144,-0.233524,,,,,,,,,
111617,,,,,,,,,,,,,,,,,,,,-0.118179,-1.115379,0.163463,0.016287,0.473970,1.048041,-37.450001,17.010000,93.870003
111618,,,,,,,,,,,,,166.434097,164.271072,0.562812,0.587281,,,,,,,,,,,,
111628,,,,,,,,,,,,,165.280991,163.461014,0.576183,0.596674,,,,,,,,,,,,
111629,,,,,,,,,,,,,,,,,,,,,,,0.016287,0.473970,1.048041,22.190001,18.129999,83.510002
111630,,,,,,,,,,,,,,,,,,,,-0.094375,-1.118758,0.180128,,,,,,
111637,,,,,,,,,,,,,,,,,,,,,,,0.096929,0.561322,0.958676,-23.100000,-9.870000,96.389999
111638,,,,,,,,,,,,,164.310760,162.230667,0.587433,0.610940,,,,-0.071298,-1.121060,0.196813,,,,,,
111647,,,,,,,,,,,,,,,,,,,,,,,0.096929,0.561322,0.958676,27.510000,-5.180000,81.550003
111648,,,,,,,,,,,,,162.617874,161.975266,0.607063,0.613902,,,,,,,,,,,,
111651,,,,,,,,,,,,,,,,,,,,-0.048397,-1.123135,0.213463,,,,,,
111657,,,,,,,,,,,,,,,,,,,,,,,0.069296,0.636840,1.004121,-19.110001,5.250000,85.540001
111658,,,,,,,,,,,,,162.267548,161.185562,0.611125,0.623059,,,,,,,,,,,,
111660,,,,-0.005638,-0.999984,-0.005638,2.048404,2.048404,,,152.249542,154.899017,,,,,0.066439,0.108779,-0.213910,,,,,,,,,
111659,,,,,,,,,,,,,,,,,,,,-0.025318,-1.124408,0.227409,,,,,,
111668,,,,,,,,,,,,,161.505844,161.150436,0.533063,0.579051,,,,,,,,,,,,
111672,,,,,,,,,,,,,,,,,,,,-0.001236,-1.124817,0.238572,0.069296,0.475922,0.978989,3.360000,18.270000,80.220001
111678,,,,,,,,,,,,,160.258820,160.478256,0.547523,0.586845,,,,,,,0.036356,0.475922,0.978989,-24.290001,-3.290000,77.000000
111680,,,,,,,,,,,,,,,,,,,,0.021800,-1.125193,0.255323,,,,,,
111687,,,,,,,,,,,,,,,,,,,,,,,0.036356,0.475922,1.143140,69.230003,-32.480000,67.199997
111688,,,,,,,,,,,,,158.720108,160.069550,0.565366,0.591585,,,,0.045444,-1.125091,0.266467,,,,,,
111697,,,,,,,,,,,,,,,,,,,,,,,0.062952,0.594811,1.143140,-82.389999,-0.980000,75.739998
111698,,,,,,,,,,,,,157.547775,159.228668,0.578960,0.601335,,,,,,,,,,,,
111702,,,,,,,,,,,,,,,,,,,,0.068473,-1.123996,0.280460,,,,,,
111707,,,,,,,,,,,,,,,,,,,,,,,0.062952,0.401441,0.734989,32.549999,-14.140000,79.379997
111708,,,,,,,,,,,,,156.816498,159.333344,0.587439,0.600121,,,,,,,,,,,,
111709,,,,0.093049,-0.995662,0.093184,2.001226,2.001226,,,,,,,,,,,,0.091199,-1.122593,0.291631,,,,,,
111710,,,,,,,,,,,145.519073,151.444275,,,,,0.058322,0.114046,-0.185679,,,,,,,,,
111717,,,,,,,,,,,,,,,,,,,,0.113951,-1.121444,0.305614,0.004575,0.401441,0.734989,45.080002,-13.230000,80.080002
111718,,,,,,,,,,,,,156.464539,158.582214,0.485166,0.554240,,,,,,,,,,,,
111728,,,,,,,,,,,,,154.842438,158.280914,0.503976,0.557734,,,,,,,,,,,,
111730,,,,,,,,,,,,,,,,,,,,,,,0.047031,0.550769,1.122888,30.309999,63.209999,80.360001
111731,,,,,,,,,,,,,,,,,,,,0.137748,-1.119259,0.322415,,,,,,
111737,,,,,,,,,,,,,,,,,,,,,,,0.047031,0.550769,1.122888,-25.760000,34.230000,74.900002
111738,,,,,,,,,,,,,153.447296,156.879089,0.520153,0.573989,,,,0.161178,-1.116048,0.333685,,,,,,
111747,,,,,,,,,,,,,,,,,,,,,,,0.016592,0.489220,0.894199,-38.150002,31.430000,74.269997
111748,,,,,,,,,,,,,152.201096,156.778168,0.534604,0.575159,,,,,,,,,,,,
111753,,,,,,,,,,,,,,,,,,,,0.183798,-1.112490,0.347679,,,,,,
111757,,,,,,,,,,,,,,,,,,,,,,,0.016592,0.489220,0.894199,31.920000,-8.470000,92.330002
111758,,,,,,,,,,,,,150.990112,156.478989,0.548646,0.578628,,,,,,,,,,,,
111759,,,,0.188302,-0.982111,0.189433,1.951165,1.951165,,,,,,,,,,,,,,,,,,,,
111760,,,,,,,,,,,138.027756,146.821732,,,,,0.048458,0.118679,-0.159362,0.206880,-1.108953,0.361786,,,,,,
111767,,,,,,,,,,,,,,,,,,,,,,,-0.075335,0.626531,1.109773,-27.230000,-0.840000,87.010002
111768,,,,,,,,,,,,,150.231552,156.506210,0.439065,0.505268,,,,0.228949,-1.104633,0.375797,,,,,,
111777,,,,,,,,,,,,,,,,,,,,,,,-0.075335,0.626531,1.109773,-17.219999,-17.850000,81.970001
111778,,,,,,,,,,,,,148.911133,155.837433,0.454376,0.513022,,,,,,,,,,,,
111782,,,,,,,,,,,,,,,,,,,,0.250974,-1.099941,0.389949,,,,,,
111788,,,,,,,,,,,,,147.224670,154.697266,0.473932,0.526243,,,,,,,,,,,,
111789,,,,,,,,,,,,,,,,,,,,0.271872,-1.094407,0.404033,-0.032940,0.646295,1.146007,-35.980000,-61.250000,84.699997
111797,,,,,,,,,,,,,,,,,,,,,,,-0.032940,0.646295,1.146007,23.100000,-38.919998,97.930000
111798,,,,,,,,,,,,,145.869904,153.806976,0.489641,0.536567,,,,,,,,,,,,
111802,,,,,,,,,,,,,,,,,,,,0.293682,-1.088871,0.421034,,,,,,
111807,,,,,,,,,,,,,,,,,,,,,,,-0.082716,0.166164,0.446215,16.450001,11.340000,90.650002
111808,,,,,,,,,,,,,144.665771,152.988846,0.503604,0.546054,,,,,,,,,,,,
111809,,,,0.279214,-0.960229,0.282975,1.898352,1.898352,,,,,,,,,,,,,,,,,,,,
111810,,,,,,,,,,,130.870743,141.623917,,,,,0.039376,0.121436,-0.138973,0.315022,-1.083600,0.440856,,,,,,
111817,,,,,,,,,,,,,,,,,,,,0.337130,-1.076353,0.454982,-0.082716,0.166164,0.446215,-39.830002,51.240002,100.800003
111818,,,,,,,,,,,,,143.659241,152.307587,0.402181,0.471818,,,,,,,,,,,,
111827,,,,,,,,,,,,,,,,,,,,,,,-0.096624,0.899079,1.624613,12.880000,10.710000,93.169998
111828,,,,,,,,,,,,,141.880493,151.368332,0.422807,0.482709,,,,,,,,,,,,
111830,,,,,,,,,,,,,,,,,,,,0.358896,-1.068622,0.469229,,,,,,
111837,,,,,,,,,,,,,,,,,,,,,,,-0.096624,0.899079,1.624613,-21.490000,-0.840000,99.050003
111843,,,,,,,,,,,,,139.693146,149.742142,0.448170,0.501566,,,,,,,,,,,,
111838,,,,,,,,,,,,,,,,,,,,0.379941,-1.060731,0.489087,,,,,,
111848,,,,,,,,,,,,,,,,,,,,,,,-0.080154,0.304939,0.559614,3.640000,33.250000,109.480003
111851,,,,,,,,,,,,,,,,,,,,0.400730,-1.053029,0.509258,,,,,,
111857,,,,,,,,,,,,,,,,,,,,,,,-0.080154,0.304939,0.559614,-43.330002,17.010000,107.309998
111858,,,,,,,,,,,,,138.410400,148.798279,0.463045,0.512511,,,,0.420975,-1.044459,0.526326,,,,,,
111859,,,,0.365048,-0.930989,0.373685,1.842929,1.842929,,,,,,,,,,,,,,,,,,,,
111860,,,,,,,,,,,123.580490,134.454178,,,,,0.028684,0.122458,-0.135321,,,,,,,,,
111867,,,,,,,,,,,,,,,,,,,,,,,-0.290848,0.607682,1.162904,14.560000,-23.799999,122.570000
111868,,,,,,,,,,,,,137.430054,148.377945,0.359213,0.404090,,,,,,,,,,,,
111872,,,,,,,,,,,,,,,,,,,,0.440598,-1.035778,0.546470,,,,,,
111877,,,,,,,,,,,,,,,,,,,,,,,-0.290848,0.607682,1.162904,4.550000,3.920000,113.540001
111878,,,,,,,,,,,,,135.952408,146.811432,0.376347,0.422254,,,,,,,,,,,,
111879,,,,,,,,,,,,,,,,,,,,0.459429,-1.027206,0.566613,,,,,,
111887,,,,,,,,,,,,,,,,,,,,0.478502,-1.017911,0.586838,-0.125355,0.446764,0.767502,25.969999,-17.850000,126.209999
111888,,,,,,,,,,,,,134.181915,145.517761,0.396877,0.437255,,,,,,,,,,,,
111897,,,,,,,,,,,,,,,,,,,,,,,-0.125355,0.446764,0.767502,-11.060000,2.870000,105.769997
111903,,,,,,,,,,,,,132.502640,143.822617,0.416349,0.456912,,,,,,,,,,,,
111900,,,,,,,,,,,,,,,,,,,,0.497182,-1.008329,0.607237,,,,,,
111908,,,,,,,,,,,,,130.939331,142.511490,0.434477,0.472115,,,,,,,-0.309758,0.660874,1.072868,-59.360001,43.750000,107.589996
111910,,,,0.445239,-0.895412,0.461441,1.785044,1.785044,,,,,,,,,,,,,,,,,,,,
111911,,,,,,,,,,,118.168381,127.620697,,,,,0.022323,0.121099,-0.146052,,,,,,,,,
111907,,,,,,,,,,,,,,,,,,,,0.515226,-0.997687,0.621384,,,,,,
111917,,,,,,,,,,,,,,,,,,,,,,,-0.309758,0.545401,0.980514,49.209999,-0.280000,115.010002
111918,,,,,,,,,,,,,129.747421,141.263779,0.362776,0.378601,,,,,,,,,,,,
111921,,,,,,,,,,,,,,,,,,,,0.532956,-0.987164,0.644940,,,,,,
111927,,,,,,,,,,,,,,,,,,,,,,,-0.238144,0.545401,0.980514,-53.410000,10.220000,97.230003
111928,,,,,,,,,,,,,128.544281,139.894852,0.376728,0.394475,,,,,,,,,,,,
111929,,,,,,,,,,,,,,,,,,,,0.550288,-0.975970,0.662521,,,,,,
111937,,,,,,,,,,,,,,,,,,,,,,,-0.209413,0.465308,0.833138,38.779999,13.300000,106.820000
111943,,,,,,,,,,,,,127.535904,138.548813,0.388420,0.410083,,,,,,,,,,,,
111942,,,,,,,,,,,,,,,,,,,,0.566884,-0.965144,0.680151,,,,,,
111948,,,,,,,,,,,,,126.183670,136.393677,0.404100,0.435073,,,,,,,-0.209413,0.465308,0.833138,8.190000,-30.309999,78.260002
111949,,,,,,,,,,,,,,,,,,,,0.583446,-0.953760,0.694926,,,,,,
111957,,,,,,,,,,,,,,,,,,,,0.598808,-0.942153,0.709494,-0.351299,0.565958,1.024678,-37.869999,-33.180000,81.760002
111958,,,,,,,,,,,,,125.359756,135.149765,0.413654,0.449497,,,,,,,,,,,,
111960,,,,0.519388,-0.854539,0.546134,1.724855,1.724855,,,111.970230,120.648796,,,,,0.014554,0.116487,-0.146420,,,,,,,,,
111967,,,,,,,,,,,,,,,,,,,,,,,-0.351299,0.565958,1.024678,75.739998,-5.250000,72.029999
111968,,,,,,,,,,,,,124.760376,134.650482,0.322662,0.345118,,,,,,,,,,,,
111971,,,,,,,,,,,,,,,,,,,,0.614351,-0.930734,0.727398,,,,,,
111977,,,,,,,,,,,,,,,,,,,,,,,-0.231800,0.492880,0.970632,-34.860001,-4.270000,62.860001
111978,,,,,,,,,,,,,123.536095,132.949554,0.336858,0.364841,,,,0.628889,-0.918665,0.736294,,,,,,
111987,,,,,,,,,,,,,,,,,,,,,,,-0.231800,0.492880,0.970632,-0.770000,19.110001,85.750000
111988,,,,,,,,,,,,,122.113045,131.134735,0.353360,0.385885,,,,,,,,,,,,
111992,,,,,,,,,,,,,,,,,,,,0.643354,-0.906428,0.751112,,,,,,
111997,,,,,,,,,,,,,,,,,,,,,,,-0.326533,0.384422,0.853268,-15.400000,14.490000,58.520000
111998,,,,,,,,,,,,,120.835213,129.522385,0.368177,0.404581,,,,,,,,,,,,
112015,,,,0.587254,-0.809403,0.627662,1.662531,1.662531,,,,,,,,,,,,,,,,,,,,
112016,,,,,,,,,,,111.037308,120.640205,,,,,0.023807,0.108852,-0.123243,,,,,,,,,
112018,,,,,,,,,,,,,119.980675,128.109909,0.363344,0.420824,,,,,,,,,,,,
112007,,,,,,,,,,,,,,,,,,,,0.671081,-0.881008,0.774935,,,,,,
112023,,,,,,,,,,,,,,,,,,,,,,,-0.285358,0.355935,0.936472,13.650000,5.740000,59.919998
112021,,,,,,,,,,,,,,,,,,,,0.684346,-0.868459,0.786872,,,,,,
112028,,,,,,,,,,,,,118.588753,127.082161,0.379484,0.432741,,,,0.697305,-0.855634,0.789916,,,,,,
112029,,,,,,,,,,,,,,,,,,,,,,,-0.285358,0.355935,0.936472,-11.480000,18.129999,52.570000
112034,,,,,,,,,,,,,,,,,,,,,,,-0.230519,0.284809,0.922869,-16.170000,16.940001,63.419998
112038,,,,,,,,,,,,,117.730743,125.964981,0.389433,0.445696,,,,,,,,,,,,
112040,,,,,,,,,,,,,,,,,,,,,,,-0.230519,0.284809,0.922869,-2.660000,5.880000,64.400002
112041,,,,,,,,,,,,,,,,,,,,0.709981,-0.842847,0.801771,,,,,,
112047,,,,,,,,,,,,,,,,,,,,,,,-0.230519,0.284809,0.922869,-20.860001,1.400000,70.489998
112048,,,,,,,,,,,,,116.812462,125.405167,0.400081,0.452187,,,,,,,,,,,,
112049,,,,,,,,,,,,,,,,,,,,0.722360,-0.830001,0.813934,,,,,,
112057,,,,,,,,,,,,,,,,,,,,,,,-0.202581,0.257847,0.959774,-18.480000,-53.900002,77.419998
112064,,,,0.648742,-0.761009,0.705930,1.598247,1.598247,,,99.083061,108.880424,,,,,0.001085,0.100715,-0.107432,,,,,,,,,
112066,,,,,,,,,,,,,116.601570,125.032494,0.213627,0.270682,,,,,,,,,,,,
112062,,,,,,,,,,,,,,,,,,,,0.734235,-0.817309,0.825895,,,,,,
112071,,,,,,,,,,,,,,,,,,,,,,,-0.155733,0.237351,1.012722,8.540000,-80.010002,85.120003
112069,,,,,,,,,,,,,,,,,,,,0.745677,-0.804476,0.837857,,,,,,
112077,,,,,,,,,,,,,,,,,,,,0.757155,-0.791714,0.856147,-0.155733,0.237351,1.012722,25.480000,-74.690002,90.300003
112078,,,,,,,,,,,,,114.376053,123.328979,0.239434,0.290435,,,,,,,,,,,,
112087,,,,,,,,,,,,,,,,,,,,,,,-0.155733,0.237351,1.012722,-6.580000,-58.450001,100.660004
112088,,,,,,,,,,,,,111.552124,120.726135,0.272179,0.320617,,,,,,,,,,,,
112090,,,,,,,,,,,,,,,,,,,,0.768347,-0.778811,0.871466,,,,,,
112097,,,,,,,,,,,,,,,,,,,,,,,-0.149511,0.184952,0.826001,35.349998,22.330000,111.300003
112098,,,,,,,,,,,,,109.239418,118.606232,0.298996,0.345199,,,,0.779467,-0.765924,0.886773,,,,,,
112107,,,,,,,,,,,,,,,,,,,,,,,-0.149511,0.184952,0.826001,15.120000,160.300003,97.019997
112108,,,,,,,,,,,,,107.341743,116.875954,0.321001,0.365262,,,,,,,,,,,,
112109,,,,0.703886,-0.710313,0.780854,1.532188,1.532188,,,,,,,,,,,,,,,,,,,,
112110,,,,,,,,,,,93.653580,102.312897,,,,,-0.003800,0.093525,-0.109350,,,,,,,,,
112112,,,,,,,,,,,,,,,,,,,,0.791124,-0.752498,0.911289,,,,,,
112117,,,,,,,,,,,,,,,,,,,,,,,-0.493307,0.290665,0.937997,-45.430000,184.660004,107.519997
112123,,,,,,,,,,,,,105.867630,115.303375,0.252298,0.279718,,,,,,,,,,,,
112119,,,,,,,,,,,,,,,,,,,,0.802526,-0.737724,0.923741,,,,,,
112128,,,,,,,,,,,,,,,,,,,,,,,-0.258640,0.335378,0.956907,-8.190000,163.729996,109.690002
112126,,,,,,,,,,,,,,,,,,,,0.813136,-0.723492,0.945698,,,,,,
112137,,,,,,,,,,,,,,,,,,,,,,,-0.258640,0.335378,0.956907,-6.230000,-61.950001,100.660004
112138,,,,,,,,,,,,,104.180138,113.252106,0.271866,0.303504,,,,,,,,,,,,
112140,,,,,,,,,,,,,,,,,,,,0.822927,-0.709971,0.961444,,,,,,
112147,,,,,,,,,,,,,,,,,,,,,,,-0.402539,0.130296,0.762683,6.720000,-54.110001,101.430000
112148,,,,,,,,,,,,,101.905037,111.730171,0.298247,0.321152,,,,0.831613,-0.698454,0.982895,,,,,,
112157,,,,,,,,,,,,,,,,,,,,,,,-0.402539,0.130296,0.762683,6.510000,-18.830000,91.489998
112158,,,,,,,,,,,,,101.167480,110.536102,0.306800,0.334998,,,,,,,,,,,,
112159,,,,0.752837,-0.658207,0.852362,1.464551,1.464551,,,,,,,,,,,,,,,,,,,,
112160,,,,,,,,,,,88.229118,94.549088,,,,,-0.009493,0.087661,-0.129928,,,,,,,,,
112161,,,,,,,,,,,,,,,,,,,,0.840617,-0.686169,0.995631,,,,,,
112167,,,,,,,,,,,,,,,,,,,,,,,-0.416630,0.468358,1.092937,-26.950001,-7.000000,72.870003
112168,,,,,,,,,,,,,99.897369,109.421799,0.235811,0.225236,,,,0.848819,-0.673829,1.008085,,,,,,
112177,,,,,,,,,,,,,,,,,,,,,,,-0.416630,0.468358,1.092937,-30.309999,-7.210000,75.110001
112183,,,,,,,,,,,,,98.106827,107.201691,0.256573,0.250980,,,,,,,,,,,,
112182,,,,,,,,,,,,,,,,,,,,0.856875,-0.661011,1.020690,,,,,,
112188,,,,,,,,,,,,,,,,,,,,,,,-0.222284,0.280295,0.895419,-10.430000,5.250000,74.269997
112190,,,,,,,,,,,,,,,,,,,,0.864745,-0.648085,1.033450,,,,,,
112197,,,,,,,,,,,,,,,,,,,,0.872181,-0.635180,1.046147,-0.222284,0.280295,0.895419,-29.889999,32.549999,53.970001
112198,,,,,,,,,,,,,96.690079,104.714684,0.273001,0.279818,,,,,,,,,,,,
112207,,,,,,,,,,,,,,,,,,,,,,,-0.518195,0.167323,1.013759,28.420000,-0.420000,38.919998
112208,,,,,,,,,,,,,95.064568,102.364853,0.291850,0.307066,,,,,,,,,,,,
112209,,,,0.795837,-0.605511,0.920388,1.395537,1.395537,,,,,,,,,,,,,,,,,,,,
112210,,,,,,,,,,,82.925621,89.106750,,,,,-0.012429,0.080906,-0.120404,,,,,,,,,
112211,,,,,,,,,,,,,,,,,,,,0.879783,-0.622079,1.049634,,,,,,
112217,,,,,,,,,,,,,,,,,,,,,,,-0.518195,0.167323,1.013759,-2.870000,-23.870001,25.900000
112218,,,,,,,,,,,,,94.186615,100.329079,0.218225,0.244673,,,,0.886154,-0.610703,1.059012,,,,,,
112228,,,,,,,,,,,,,92.983047,98.700699,0.232182,0.263555,,,,,,,,,,,,
112229,,,,,,,,,,,,,,,,,,,,,,,-0.289323,0.117120,0.602009,-6.650000,-26.250000,26.740000
112232,,,,,,,,,,,,,,,,,,,,0.892657,-0.598822,1.062340,,,,,,
112237,,,,,,,,,,,,,,,,,,,,,,,-0.289323,0.117120,0.602009,2.030000,21.770000,16.379999
112238,,,,,,,,,,,,,91.462357,97.375389,0.249815,0.278923,,,,,,,,,,,,
112240,,,,,,,,,,,,,,,,,,,,0.898872,-0.587261,1.071743,,,,,,
112247,,,,,,,,,,,,,,,,,,,,,,,-0.397720,0.165981,1.162416,-10.500000,19.670000,32.270000
112248,,,,,,,,,,,,,89.617653,95.143364,0.271205,0.304805,,,,0.905206,-0.575243,1.071866,,,,,,
112256,,,,,,,,,,,,,,,,,,,,,,,-0.397720,0.165981,1.162416,1.610000,-0.630000,37.240002
112258,,,,,,,,,,,,,88.572075,93.770065,0.283330,0.320729,,,,,,,,,,,,
112259,,,,0.833207,-0.552962,0.984882,1.325359,1.325359,,,,,,,,,,,,,,,,,,,,
112260,,,,,,,,,,,77.305672,84.908440,,,,,-0.014352,0.073943,-0.086747,,,,,,,,,
112262,,,,,,,,,,,,,,,,,,,,0.911312,-0.563480,1.078269,,,,,,
112267,,,,,,,,,,,,,,,,,,,,,,,-0.228506,0.023119,0.791170,-19.600000,-1.610000,35.490002
112268,,,,,,,,,,,,,87.679070,92.600769,0.204879,0.267947,,,,,,,,,,,,
112269,,,,,,,,,,,,,,,,,,,,0.917058,-0.552025,1.091163,,,,,,
112276,,,,,,,,,,,,,,,,,,,,,,,-0.228506,0.023119,0.791170,14.490000,-28.000000,38.080002
112282,,,,,,,,,,,,,,,0.221225,0.284820,,,,,,,,,,,,
112283,,,,,,,,,,,,,86.269424,91.145615,,,,,,,,,,,,,,
112277,,,,,,,,,,,,,,,,,,,,0.922850,-0.540510,1.087977,,,,,,
112289,,,,,,,,,,,,,,,,,,,,,,,-0.242414,0.045079,1.036085,-1.120000,-33.040001,60.200001
112290,,,,,,,,,,,,,,,,,,,,0.928337,-0.530078,1.097632,,,,,,
112297,,,,,,,,,,,,,,,,,,,,,,,-0.242414,0.045079,1.036085,-8.330000,-44.799999,71.470001
112298,,,,,,,,,,,,,84.572624,89.765045,0.240900,0.300829,,,,0.934230,-0.518813,1.107465,,,,,,
112307,,,,,,,,,,,,,,,,,,,,,,,-0.302072,0.097173,0.966545,1.960000,23.730000,64.190002
112308,,,,,,,,,,,,,82.658043,89.217163,0.263101,0.307182,,,,,,,,,,,,
112309,,,,0.865326,-0.501209,1.045801,1.254240,1.254240,,,,,,,,,,,,,,,,,,,,
112310,,,,,,,,,,,72.522789,80.720406,,,,,-0.014338,0.069492,-0.066007,,,,,,,,,
112312,,,,,,,,,,,,,,,,,,,,0.939444,-0.508208,1.126960,,,,,,
112317,,,,,,,,,,,,,,,,,,,,,,,-0.302072,0.097173,0.966545,-12.390000,15.750000,74.339996
112318,,,,,,,,,,,,,81.609222,88.224503,0.199684,0.252513,,,,,,,,,,,,
112319,,,,,,,,,,,,,,,,,,,,0.944608,-0.496837,1.136798,,,,,,
112327,,,,,,,,,,,,,,,,,,,,0.949464,-0.485945,1.146709,-0.237839,0.203862,0.955565,-2.310000,40.810001,78.330002
112328,,,,,,,,,,,,,79.638046,86.849953,0.222541,0.268452,,,,,,,,,,,,
112337,,,,,,,,,,,,,,,,,,,,,,,-0.237839,0.203862,0.971059,-13.860000,9.800000,87.639999
112343,,,,,,,,,,,,,78.149910,85.296310,0.239797,0.286468,,,,,,,,,,,,
112341,,,,,,,,,,,,,,,,,,,,0.954605,-0.474483,1.166679,,,,,,
112348,,,,,,,,,,,,,76.913994,84.955826,0.254128,0.290416,,,,0.958932,-0.463687,1.183229,-0.190503,0.165371,0.971059,-20.299999,15.750000,111.089996
112357,,,,,,,,,,,,,,,,,,,,,,,-0.356301,0.156892,0.944768,-8.890000,-54.669998,91.699997
112358,,,,,,,,,,,,,76.402153,84.337227,0.260064,0.297589,,,,,,,,,,,,
112359,,,,0.892616,-0.450818,1.103115,1.182410,1.182410,,,,,,,,,,,,,,,,,,,,
112360,,,,,,,,,,,68.978127,75.717461,,,,,-0.012974,0.066265,-0.079297,,,,,,,,,
112362,,,,,,,,,,,,,,,,,,,,0.963148,-0.452997,1.199893,,,,,,
112367,,,,,,,,,,,,,,,,,,,,,,,-0.356301,0.156892,0.944768,31.990000,-76.720001,96.949997
112368,,,,,,,,,,,,,75.339233,83.673973,0.216376,0.226224,,,,,,,,,,,,
112369,,,,,,,,,,,,,,,,,,,,0.967204,-0.443134,1.213301,,,,,,
112377,,,,,,,,,,,,,,,,,,,,0.971016,-0.433397,1.233567,-0.169458,0.213256,1.126243,7.700000,-80.779999,93.169998
112378,,,,,,,,,,,,,74.801865,82.901520,0.222608,0.235181,,,,,,,,,,,,
112387,,,,,,,,,,,,,,,,,,,,,,,-0.169458,0.213256,1.126243,-3.500000,-93.870003,89.110001
112388,,,,,,,,,,,,,72.931938,81.967796,0.244291,0.246008,,,,,,,,,,,,
112391,,,,,,,,,,,,,,,,,,,,0.974540,-0.423342,1.250582,,,,,,
112397,,,,,,,,,,,,,,,,,,,,,,,-0.184342,0.192638,0.896273,-22.959999,-46.759998,65.099998
112402,,,,,,,,,,,,,72.521309,80.495956,0.249052,0.263075,,,,,,,,,,,,
112398,,,,,,,,,,,,,,,,,,,,0.977857,-0.413321,1.264355,,,,,,
112408,,,,,,,,,,,,,72.583076,80.344185,0.248336,0.264835,,,,,,,-0.184342,0.192638,0.896273,-21.629999,-39.410000,63.910000
112410,,,,0.915524,-0.402264,1.156808,1.110109,1.110109,,,,,,,,,,,,,,,,,,,,
112411,,,,,,,,,,,66.641312,71.448898,,,,,-0.008500,0.062774,-0.102998,,,,,,,,,
112412,,,,,,,,,,,,,,,,,,,,0.980867,-0.402913,1.271320,,,,,,
112417,,,,,,,,,,,,,,,,,,,,,,,-0.148230,0.167384,1.040843,-17.219999,-4.200000,53.759998
112418,,,,,,,,,,,,,72.011482,79.088684,0.218038,0.211942,,,,,,,,,,,,
112420,,,,,,,,,,,,,,,,,,,,0.983686,-0.392913,1.281891,,,,,,
112427,,,,,,,,,,,,,,,0.228437,0.228934,,,,0.986326,-0.382473,1.292351,-0.148230,0.167384,1.040843,-11.970000,0.280000,53.270000
112428,,,,,,,,,,,,,71.114632,77.623291,,,,,,,,,,,,,,
112437,,,,,,,,,,,,,,,,,,,,,,,-0.107177,0.089487,0.968985,-8.260000,43.330002,40.950001
112442,,,,,,,,,,,,,69.888947,76.110008,0.242650,0.246482,,,,,,,,,,,,
112441,,,,,,,,,,,,,,,,,,,,0.989109,-0.372278,1.295773,,,,,,
112448,,,,,,,,,,,,,68.512932,74.718170,0.258606,0.262621,,,,,,,-0.107177,0.089487,0.968985,-6.720000,53.900002,21.980000
112449,,,,,,,,,,,,,,,,,,,,0.991961,-0.361684,1.306066,,,,,,
112456,,,,,,,,,,,,,,,,,,,,,,,-0.145546,0.051850,0.889502,23.870001,79.589996,17.780001
112457,,,,,,,,,,,,,,,0.258862,0.274289,,,,,,,,,,,,
112458,,,,,,,,,,,,,68.490837,73.711922,,,,,,,,,,,,,,
112459,,,,0.934508,-0.355942,1.206874,1.037585,1.037585,,,,,,,,,,,,,,,,,,,,
112460,,,,,,,,,,,61.875332,66.325531,,,,,-0.009298,0.057064,-0.097738,,,,,,,,,
112462,,,,,,,,,,,,,,,,,,,,0.994746,-0.351106,1.305853,,,,,,
112467,,,,,,,,,,,,,,,,,,,,,,,-0.145546,0.051850,0.889502,22.469999,67.970001,23.799999
112468,,,,,,,,,,,,,68.557297,72.950317,0.182780,0.202161,,,,,,,,,,,,
112470,,,,,,,,,,,,,,,,,,,,0.997588,-0.340435,1.309278,,,,,,
112477,,,,,,,,,,,,,,,,,,,,1.000342,-0.329911,1.316247,-0.132248,0.008235,1.203408,-7.000000,57.610001,21.209999
112478,,,,,,,,,,,,,67.583885,71.830162,0.194067,0.215150,,,,,,,,,,,,
112487,,,,,,,,,,,,,,,,,,,,,,,-0.132248,0.008235,1.203408,-12.320000,54.320000,12.320000
112488,,,,,,,,,,,,,66.215813,70.338676,0.209931,0.232445,,,,,,,,,,,,
112491,,,,,,,,,,,,,,,,,,,,1.002888,-0.319621,1.316202,,,,,,
112497,,,,,,,,,,,,,,,,,,,,,,,-0.111630,0.068564,0.891271,-13.510000,67.410004,4.760000
112503,,,,,,,,,,,,,65.515099,69.347084,0.218056,0.243943,,,,,,,,,,,,
112498,,,,,,,,,,,,,,,,,,,,1.005235,-0.309261,1.323273,,,,,,
112508,,,,,,,,,,,,,64.502289,68.768509,0.229800,0.250652,,,,,,,-0.111630,0.068564,0.891271,0.700000,31.430000,21.910000
112510,,,,0.950027,-0.312168,1.253323,0.965097,0.965097,,,54.612637,59.951054,,,,,-0.015832,0.052865,-0.068388,,,,,,,,,
112512,,,,,,,,,,,,,,,,,,,,1.007675,-0.298267,1.306248,,,,,,
112517,,,,,,,,,,,,,,,,,,,,,,,-0.314211,0.013359,1.014003,-20.230000,-47.950001,28.209999
112518,,,,,,,,,,,,,64.455887,68.045479,0.115574,0.158308,,,,,,,,,,,,
112519,,,,,,,,,,,,,,,,,,,,1.009860,-0.288951,1.316366,,,,,,
112527,,,,,,,,,,,,,,,,,,,,1.011971,-0.280463,1.333786,-0.314211,0.013359,1.014003,-2.590000,-66.080002,24.570000
112528,,,,,,,,,,,,,63.583916,67.704285,0.125685,0.162264,,,,,,,,,,,,
112537,,,,,,,,,,,,,,,,,,,,,,,-0.236131,0.016043,0.899262,6.720000,-9.380000,29.120001
112538,,,,,,,,,,,,,62.824806,66.291687,0.134488,0.178644,,,,,,,,,,,,
112540,,,,,,,,,,,,,,,,,,,,1.013737,-0.271410,1.337360,,,,,,
112547,,,,,,,,,,,,,,,,,,,,,,,-0.236131,0.016043,1.002291,-14.490000,37.240002,41.230000
112548,,,,,,,,,,,,,61.630478,65.643723,0.148337,0.186157,,,,1.015853,-0.262401,1.344387,,,,,,
112556,,,,,,,,,,,,,,,,,,,,,,,-0.402051,0.054961,1.002291,8.820000,39.060001,63.139999
112562,,,,,,,,,,,,,59.819805,64.334251,0.169333,0.201342,,,,,,,,,,,,
112564,,,,0.962528,-0.271182,1.296175,0.892911,0.892911,,,,,,,,,,,,,,,,,,,,
112565,,,,,,,,,,,48.431347,54.007328,,,,,-0.019943,0.050059,-0.051147,,,,,,,,,
112561,,,,,,,,,,,,,,,,,,,,1.018055,-0.253404,1.347910,,,,,,
112568,,,,,,,,,,,,,58.319809,63.116692,0.089050,0.121538,,,,,,,,,,,,
112570,,,,,,,,,,,,,,,,,,,,,,,-0.373991,0.045445,1.100013,-13.580000,2.380000,60.900002
112569,,,,,,,,,,,,,,,,,,,,1.020008,-0.244536,1.355146,,,,,,
112576,,,,,,,,,,,,,,,,,,,,,,,-0.373991,0.045445,1.100013,-15.610000,1.470000,59.849998
112578,,,,,,,,,,,,,56.759239,61.893761,0.107146,0.135719,,,,,,,,,,,,
112583,,,,,,,,,,,,,,,,,,,,1.021550,-0.236355,1.372918,,,,,,
112587,,,,,,,,,,,,,,,,,,,,,,,-0.383568,0.112911,0.874435,-10.710000,17.430000,55.230000
112588,,,,,,,,,,,,,54.891209,60.308933,0.128807,0.154096,,,,,,,,,,,,
112590,,,,,,,,,,,,,,,,,,,,1.022922,-0.228161,1.383871,,,,,,
112597,,,,,,,,,,,,,,,,,,,,,,,-0.383568,0.112911,0.874435,-18.410000,12.390000,58.310001
112598,,,,,,,,,,,,,53.309399,58.963860,0.147149,0.169693,,,,1.024204,-0.220510,1.394559,,,,,,
112606,,,,,,,,,,,,,,,,,,,,,,,-0.427549,0.085644,0.948916,-7.840000,-19.670000,60.480000
112608,,,,,,,,,,,,,51.977032,57.830463,0.162599,0.182835,,,,,,,,,,,,
112609,,,,0.972438,-0.233163,1.335467,0.821304,0.821304,,,,,,,,,,,,,,,,,,,,
112610,,,,,,,,,,,43.811981,48.525974,,,,,-0.020985,0.048749,-0.059844,,,,,,,,,
112612,,,,,,,,,,,,,,,,,,,,1.025458,-0.213178,1.401756,,,,,,
112617,,,,,,,,,,,,,,,,,,,,,,,-0.427549,0.085644,0.948916,7.000000,-46.689999,60.689999
112622,,,,,,,,,,,,,51.092159,56.753105,0.099865,0.108712,,,,,,,,,,,,
112619,,,,,,,,,,,,,,,,,,,,1.026686,-0.206298,1.416166,,,,,,
112628,,,,,,,,,,,,,49.474167,55.318157,0.118626,0.125351,,,,,,,,,,,,
112629,,,,,,,,,,,,,,,,,,,,,,,-0.291580,0.107726,1.035719,-9.310000,-43.750000,55.299999
112626,,,,,,,,,,,,,,,,,,,,1.027623,-0.199482,1.423448,,,,,,
112637,,,,,,,,,,,,,,,0.133168,0.144270,,,,,,,-0.291580,0.107726,1.035719,-1.610000,-39.689999,59.990002
112638,,,,,,,,,,,,,48.220089,53.686600,,,,,,,,,,,,,,
112640,,,,,,,,,,,,,,,,,,,,1.028653,-0.192785,1.430725,,,,,,
112647,,,,,,,,,,,,,,,0.145711,0.160522,,,,,,,-0.255346,0.003111,0.998143,3.850000,7.210000,48.930000
112648,,,,,,,,,,,,,47.138412,52.285103,,,,,,1.029519,-0.186031,1.441746,,,,,,
112656,,,,,,,,,,,,,,,,,,,,,,,-0.255346,0.003111,0.998143,8.890000,27.370001,42.419998
112662,,,,,,,,,,,,,45.667694,51.124138,0.162765,0.173984,,,,,,,,,,,,
112664,,,,0.980157,-0.198224,1.371250,0.750560,0.750560,,,,,,,,,,,,,,,,,,,,
112665,,,,,,,,,,,40.577370,44.487160,,,,,-0.018115,0.047361,-0.068973,,,,,,,,,
112661,,,,,,,,,,,,,,,,,,,,1.030399,-0.179499,1.449155,,,,,,
112668,,,,,,,,,,,,,45.608738,50.199791,0.112336,0.120881,,,,,,,,,,,,
112670,,,,,,,,,,,,,,,,,,,,,,,-0.215635,0.068015,0.943853,-1.260000,36.189999,33.740002
112669,,,,,,,,,,,,,,,,,,,,1.031029,-0.172663,1.456607,,,,,,
112676,,,,,,,,,,,,,,,,,,,,1.031604,-0.165975,1.460525,-0.215635,0.068015,0.943853,-6.580000,27.160000,33.320000
112678,,,,,,,,,,,,,44.392239,48.802155,0.126442,0.137088,,,,,,,,,,,,
112687,,,,,,,,,,,,,,,0.137738,0.156495,,,,,,,-0.184037,0.045811,1.066646,-0.770000,9.170000,36.049999
112688,,,,,,,,,,,,,43.418034,47.128536,,,,,,,,,,,,,,
112690,,,,,,,,,,,,,,,,,,,,1.032137,-0.159624,1.471674,,,,,,
112697,,,,,,,,,,,,,,,,,,,,1.032835,-0.153554,1.482855,-0.184037,0.045811,1.066646,4.830000,-5.110000,39.689999
112698,,,,,,,,,,,,,42.548981,46.218002,0.147815,0.167053,,,,,,,,,,,,
112706,,,,,,,,,,,,,,,,,,,,,,,-0.333365,0.001769,1.010953,8.260000,-31.290001,30.940001
112708,,,,,,,,,,,,,41.856079,45.493683,0.155850,0.175452,,,,,,,,,,,,
112709,,,,0.986053,-0.166429,1.403589,0.680973,0.680973,,,,,,,,,,,,,,,,,,,,
112710,,,,,,,,,,,36.856457,40.026474,,,,,-0.016775,0.045481,-0.078053,,,,,,,,,
112717,,,,,,,,,,,,,,,,,,,,,,,-0.333365,0.001769,1.010953,1.050000,-35.560001,32.970001
112718,,,,,,,,,,,,,41.246864,44.855648,0.104117,0.112363,,,,1.033789,-0.142222,1.486537,,,,,,
112715,,,,,,,,,,,,,,,,,,,,1.033337,-0.147909,1.486563,,,,,,
112727,,,,,,,,,,,,,,,0.116185,0.118311,,,,,,,,,,,,
112728,,,,,,,,,,,,,40.206097,44.342728,,,,,,,,,,,,,,
112729,,,,,,,,,,,,,,,,,,,,,,,-0.174033,0.063135,1.044381,-0.420000,-40.599998,31.990000
112732,,,,,,,,,,,,,,,,,,,,1.034207,-0.136740,1.493973,,,,,,
112737,,,,,,,,,,,,,,,,,,,,,,,-0.174033,0.063135,1.044381,-3.430000,-39.480000,20.650000
112738,,,,,,,,,,,,,39.240746,43.262440,0.127379,0.130837,,,,,,,,,,,,
112740,,,,,,,,,,,,,,,,,,,,1.034539,-0.131449,1.501519,,,,,,
112747,,,,,,,,,,,,,,,,,,,,1.034784,-0.126054,1.509130,-0.169397,0.012688,0.948306,6.860000,-5.460000,24.570000
112748,,,,,,,,,,,,,38.564098,41.947952,0.135225,0.146080,,,,,,,,,,,,
112756,,,,,,,,,,,,,,,,,,,,,,,-0.169397,0.012688,0.932934,7.490000,-0.490000,16.379999
112758,,,,,,,,,,,,,37.935513,41.331455,0.142514,0.153228,,,,,,,,,,,,
112759,,,,0.990461,-0.137792,1.432564,0.612846,0.612846,,,,,,,,,,,,,,,,,,,,
112760,,,,,,,,,,,33.408138,36.241127,,,,,-0.014450,0.043529,-0.076622,,,,,,,,,
112761,,,,,,,,,,,,,,,,,,,,1.035147,-0.120846,1.509119,,,,,,
112767,,,,,,,,,,,,,,,,,,,,,,,-0.181536,0.022204,0.932934,-1.820000,-3.360000,15.470000
112768,,,,,,,,,,,,,37.409943,40.267288,0.094119,0.105752,,,,1.035441,-0.115391,1.509125,,,,,,
112776,,,,,,,,,,,,,,,,,,,,,,,-0.181536,0.042090,1.126731,-6.860000,-6.300000,17.290001
112782,,,,,,,,,,,,,36.298969,39.074081,0.107001,0.119588,,,,1.035673,-0.110061,1.512915,,,,,,
112788,,,,,,,,,,,,,36.188786,38.523762,0.108279,0.125970,,,,,,,-0.131211,0.042090,1.126731,-1.960000,-10.360000,19.459999
112790,,,,,,,,,,,,,,,,,,,,1.035708,-0.104880,1.512918,,,,,,
112797,,,,,,,,,,,,,,,,,,,,1.035791,-0.099766,1.520537,-0.205265,-0.014640,0.895907,-14.910000,29.889999,21.700001
112798,,,,,,,,,,,,,35.118420,37.666718,0.120690,0.135908,,,,,,,,,,,,
112806,,,,,,,,,,,,,,,,,,,,,,,-0.205265,-0.014640,0.895907,10.570000,32.270000,14.840000
112808,,,,,,,,,,,,,34.488049,37.181011,0.128000,0.141540,,,,,,,,,,,,
112809,,,,0.993676,-0.112286,1.458273,0.546492,0.546492,,,,,,,,,,,,,,,,,,,,
112810,,,,,,,,,,,29.127478,31.947910,,,,,-0.014466,0.041478,-0.063672,,,,,,,,,
112811,,,,,,,,,,,,,,,,,,,,1.036026,-0.094389,1.524369,,,,,,
112817,,,,,,,,,,,,,,,,,,,,,,,-0.148352,0.024156,1.038525,-3.710000,38.500000,15.610000
112823,,,,,,,,,,,,,34.020603,36.286465,0.065778,0.084072,,,,,,,,,,,,
112818,,,,,,,,,,,,,,,,,,,,1.036248,-0.089075,1.528198,,,,,,
112828,,,,,,,,,,,,,32.865921,35.832664,0.079167,0.089334,,,,,,,-0.148352,0.024156,1.038525,-0.980000,29.610001,16.309999
112832,,,,,,,,,,,,,,,,,,,,1.036386,-0.084078,1.528237,,,,,,
112837,,,,,,,,,,,,,,,,,,,,,,,-0.119133,0.005734,0.981917,0.490000,34.230000,15.260000
112838,,,,,,,,,,,,,31.680643,34.752182,0.092911,0.101863,,,,,,,,,,,,
112840,,,,,,,,,,,,,,,,,,,,1.036462,-0.078865,1.532241,,,,,,
112847,,,,,,,,,,,,,,,,,,,,,,,-0.119133,0.005734,0.981917,-12.390000,63.770000,17.990000
112848,,,,,,,,,,,,,31.061779,33.646172,0.100087,0.114688,,,,1.036673,-0.073723,1.536090,,,,,,
112856,,,,,,,,,,,,,,,,,,,,,,,-0.311771,0.006710,1.070123,10.430000,22.469999,15.190000
112858,,,,,,,,,,,,,30.521990,33.244823,0.106346,0.119342,,,,,,,,,,,,
112859,,,,0.995956,-0.089847,1.480828,0.482232,0.482232,,,,,,,,,,,,,,,,,,,,
112860,,,,,,,,,,,24.096050,26.782032,,,,,-0.017160,0.040139,-0.054076,,,,,,,,,
112862,,,,,,,,,,,,,,,,,,,,1.036724,-0.068630,1.540136,,,,,,
112867,,,,,,,,,,,,,,,,,,,,,,,-0.311771,0.006710,1.070123,-3.290000,-27.510000,14.140000
112868,,,,,,,,,,,,,30.075333,32.366325,0.032020,0.047898,,,,,,,,,,,,
112869,,,,,,,,,,,,,,,,,,,,1.036872,-0.064518,1.539996,,,,,,
112876,,,,,,,,,,,,,,,,,,,,,,,-0.254309,0.004270,0.887306,-7.910000,-59.500000,15.330000
112883,,,,,,,,,,,,,29.287548,31.577204,0.041155,0.057048,,,,,,,,,,,,
112877,,,,,,,,,,,,,,,,,,,,1.036878,-0.060729,1.539887,,,,,,
112888,,,,,,,,,,,,,28.656124,30.582640,0.048476,0.068581,,,,,,,-0.254309,0.004270,0.887306,-12.950000,-11.550000,21.070000
112892,,,,,,,,,,,,,,,,,,,,1.036893,-0.057013,1.547567,,,,,,
112897,,,,,,,,,,,,,,,,,,,,,,,-0.361242,0.010004,1.128439,16.309999,20.510000,24.430000
112898,,,,,,,,,,,,,27.027622,29.231863,0.067360,0.084244,,,,,,,,,,,,
112899,,,,,,,,,,,,,,,,,,,,1.036966,-0.053127,1.551443,,,,,,
112906,,,,,,,,,,,,,,,,,,,,1.037079,-0.049364,1.551545,-0.361242,0.010004,1.128439,-2.310000,40.320000,30.590000
112908,,,,,,,,,,,,,26.039967,28.444435,0.078812,0.093375,,,,,,,,,,,,
112909,,,,0.997520,-0.070379,1.500359,0.420396,0.420396,,,,,,,,,,,,,,,,,,,,
112910,,,,,,,,,,,20.048977,22.459665,,,,,-0.017636,0.039111,-0.049697,,,,,,,,,
112916,,,,,,,,,,,,,,,,,,,,,,,-0.331779,-0.001403,0.973499,0.280000,6.860000,32.480000
112918,,,,,,,,,,,,,25.193043,27.216162,0.024682,0.039316,,,,,,,,,,,,
112921,,,,,,,,,,,,,,,,,,,,1.037296,-0.045908,1.563284,,,,,,
112926,,,,,,,,,,,,,,,,,,,,,,,-0.331779,-0.001403,0.973499,-0.210000,-27.580000,32.830002
112928,,,,,,,,,,,,,23.937401,26.187649,0.039242,0.051242,,,,1.037403,-0.042933,1.571042,,,,,,
112936,,,,,,,,,,,,,,,,,,,,,,,-0.266448,0.022753,0.967277,0.840000,-6.790000,30.590000
112942,,,,,,,,,,,,,22.463402,25.130919,0.056334,0.063496,,,,1.037169,-0.040312,1.573729,,,,,,
112947,,,,,,,,,,,,,,,,,,,,,,,-0.266448,0.022753,0.967277,-5.250000,29.049999,26.110001
112948,,,,,,,,,,,,,20.706219,23.853424,0.076709,0.078309,,,,,,,,,,,,
112949,,,,,,,,,,,,,,,,,,,,1.036950,-0.037428,1.577378,,,,,,
112957,,,,,,,,,,,,,,,,,,,,1.036931,-0.034648,1.581140,-0.336659,0.016592,1.032120,2.730000,20.299999,26.879999
112958,,,,,,,,,,,,,19.679384,22.891735,0.088616,0.089460,,,,,,,,,,,,
112959,,,,0.998554,-0.053758,1.517012,0.361324,0.361324,,,,,,,,,,,,,,,,,,,,
112960,,,,,,,,,,,17.124367,18.990507,,,,,-0.015724,0.038511,-0.060440,,,,,,,,,
112966,,,,,,,,,,,,,,,,,,,,,,,-0.336659,0.016592,1.032120,4.690000,-21.280001,19.950001
112967,,,,,,,,,,,,,,,0.046690,0.044837,,,,,,,,,,,,
112968,,,,,,,,,,,,,19.309561,22.012432,,,,,,,,,,,,,,
112971,,,,,,,,,,,,,,,,,,,,1.037116,-0.032302,1.585173,,,,,,
112977,,,,,,,,,,,,,,,,,,,,,,,-0.255590,0.005063,0.937387,-1.050000,-26.740000,13.720000
112983,,,,,,,,,,,,,18.357695,20.631889,0.057728,0.060845,,,,,,,,,,,,
112978,,,,,,,,,,,,,,,,,,,,1.037052,-0.030430,1.589187,,,,,,
112988,,,,,,,,,,,,,17.549458,19.462965,0.067100,0.074400,,,,,,,-0.177083,-0.010919,1.044869,-3.150000,-38.430000,7.280000
112992,,,,,,,,,,,,,,,,,,,,1.037035,-0.028314,1.589190,,,,,,
112997,,,,,,,,,,,,,,,,,,,,,,,-0.177083,-0.010919,1.044869,7.420000,-4.690000,5.600000
112998,,,,,,,,,,,,,17.134977,18.745003,0.071906,0.082725,,,,,,,,,,,,
112999,,,,,,,,,,,,,,,,,,,,1.036944,-0.026532,1.593511,,,,,,
113006,,,,,,,,,,,,,,,,,,,,,,,-0.209291,0.019215,0.943487,6.160000,-0.630000,2.590000
113008,,,,,,,,,,,,,16.612663,17.967339,0.077963,0.091743,,,,,,,,,,,,
113009,,,,0.999206,-0.039833,1.530953,0.305363,0.305363,,,,,,,,,,,,,,,,,,,,
113010,,,,,,,,,,,14.776966,16.334114,,,,,-0.012437,0.038007,-0.061210,,,,,,,,,
113007,,,,,,,,,,,,,,,,,,,,1.036910,-0.024545,1.589733,,,,,,
113016,,,,,,,,,,,,,,,,,,,,,,,-0.209291,0.019215,0.943487,0.490000,-1.960000,6.230000
113018,,,,,,,,,,,,,16.182522,17.322344,0.045857,0.057246,,,,,,,,,,,,
113020,,,,,,,,,,,,,,,,,,,,1.036878,-0.022612,1.589535,,,,,,
113026,,,,,,,,,,,,,,,,,,,,,,,-0.136457,0.010309,1.074637,-4.620000,-7.350000,4.480000
113027,,,,,,,,,,,,,,,0.056505,0.063619,,,,,,,,,,,,
113028,,,,,,,,,,,,,15.264271,16.772751,,,,,,1.036790,-0.020942,1.593840,,,,,,
113036,,,,,,,,,,,,,,,,,,,,,,,-0.136457,0.010309,1.074637,-1.400000,-15.050000,2.380000
113042,,,,,,,,,,,,,14.358817,16.006918,0.067004,0.072499,,,,1.036810,-0.019064,1.593905,,,,,,
113047,,,,,,,,,,,,,,,0.070175,0.090319,,,,,,,,,,,,
113048,,,,,,,,,,,,,14.085345,14.470138,,,,,,,,,-0.123220,-0.015555,0.988444,-3.080000,-20.510000,-2.660000
113050,,,,,,,,,,,,,,,,,,,,1.036544,-0.017528,1.593766,,,,,,
113057,,,,,,,,,,,,,,,,,,,,1.036468,-0.015761,1.593688,-0.123220,-0.015555,0.988444,0.000000,-20.299999,-5.040000
113058,,,,,,,,,,,,,13.492752,13.816516,0.077047,0.097898,,,,,,,,,,,,
113059,,,,0.999596,-0.028429,1.542363,0.252871,0.252871,,,,,,,,,,,,,,,,,,,,
113060,,,,,,,,,,,12.301225,13.705692,,,,,-0.009974,0.037204,-0.051269,,,,,,,,,
113066,,,,,,,,,,,,,,,,,,,,,,,-0.139812,-0.005917,1.004975,-1.050000,-14.280000,-0.630000
113067,,,,,,,,,,,,,,,0.037242,0.056277,,,,,,,,,,,,
113068,,,,,,,,,,,,,13.551641,13.824057,,,,,,,,,,,,,,
113071,,,,,,,,,,,,,,,,,,,,1.036313,-0.014328,1.593689,,,,,,
113077,,,,,,,,,,,,,,,,,,,,,,,-0.139812,-0.005917,1.004975,-0.910000,-24.219999,-3.080000
113078,,,,,,,,,,,,,13.047992,13.825749,0.043082,0.056257,,,,1.036314,-0.012613,1.589816,,,,,,
113086,,,,,,,,,,,,,,,,,,,,,,,-0.122488,-0.001159,1.036451,2.590000,-23.309999,-2.170000
113088,,,,,,,,,,,,,12.077445,12.731850,0.054337,0.068942,,,,,,,,,,,,
113092,,,,,,,,,,,,,,,,,,,,1.036311,-0.011321,1.594008,,,,,,
113096,,,,,,,,,,,,,,,,,,,,,,,-0.122488,-0.001159,1.036451,2.590000,-29.260000,5.250000
113102,,,,,,,,,,,,,,,0.055265,0.075330,,,,,,,,,,,,
113103,,,,,,,,,,,,,11.997417,12.180942,,,,,,,,,,,,,,
113100,,,,,,,,,,,,,,,,,,,,1.036102,-0.010066,1.593838,,,,,,
113107,,,,,,,,,,,,,,,,,,,,1.035950,-0.008729,1.593902,-0.153171,0.001220,0.999424,-4.760000,-16.730000,16.170000
113108,,,,,,,,,,,,,11.126935,12.313662,0.065358,0.073791,,,,,,,,,,,,
113110,,,,0.999813,-0.019351,1.551445,0.204215,0.204215,,,9.756751,10.997565,,,,,-0.008432,0.036505,-0.040102,,,,,,,,,
113116,,,,,,,,,,,,,,,,,,,,,,,-0.153171,0.001220,0.999424,1.050000,-24.639999,14.910000
113118,,,,,,,,,,,,,11.053679,12.052192,0.026000,0.034029,,,,,,,,,,,,
113121,,,,,,,,,,,,,,,,,,,,1.036025,-0.007381,1.597914,,,,,,
113127,,,,,,,,,,,,,,,0.027198,0.043440,,,,,,,-0.101321,-0.012932,1.007354,-0.700000,-26.740000,10.500000
113128,,,,,,,,,,,,,10.950362,11.240578,,,,,,,,,,,,,,
113129,,,,,,,,,,,,,,,,,,,,1.036085,-0.006189,1.601772,,,,,,
113136,,,,,,,,,,,,,,,,,,,,,,,-0.101321,-0.012932,1.007354,-0.490000,-12.040000,6.020000
113138,,,,,,,,,,,,,9.762180,10.554915,0.040976,0.051391,,,,,,,,,,,,
113142,,,,,,,,,,,,,,,,,,,,1.036145,-0.005056,1.605716,,,,,,
113147,,,,,,,,,,,,,,,0.046226,0.051747,,,,,,,-0.122488,-0.005002,1.009550,7.490000,11.060000,15.680000
113148,,,,,,,,,,,,,9.309447,10.524230,,,,,,,,,,,,,,
113150,,,,,,,,,,,,,,,,,,,,1.035902,-0.003705,1.597994,,,,,,
113156,,,,,,,,,,,,,,,,,,,,,,,-0.122488,-0.005002,1.009550,-6.930000,42.700001,11.480000
113163,,,,0.999923,-0.012379,1.558417,0.159769,0.159769,,,,,,,,,,,,,,,,,,,,
113164,,,,,,,,,,,7.276850,8.253585,,,,,-0.007617,0.036205,-0.039036,,,,,,,,,
113165,,,,,,,,,,,,,8.789034,9.811152,0.013073,0.016655,,,,,,,,,,,,
113158,,,,,,,,,,,,,,,,,,,,1.035737,-0.002381,1.601806,,,,,,
113169,,,,,,,,,,,,,,,,,,,,,,,-0.161101,-0.008601,0.997350,-0.770000,30.450001,7.770000
113171,,,,,,,,,,,,,,,,,,,,1.035778,-0.000986,1.605624,,,,,,
113176,,,,,,,,,,,,,,,,,,,,,,,-0.161101,-0.008601,0.997350,-2.870000,32.759998,0.980000
113178,,,,,,,,,,,,,8.246872,9.106882,0.019360,0.024822,,,,,,,,,,,,
113179,,,,,,,,,,,,,,,,,,,,1.035756,0.000186,1.605536,,,,,,
113186,,,,,,,,,,,,,,,,,,,,,,,-0.118950,-0.001525,1.019981,4.690000,43.119999,-5.880000
113187,,,,,,,,,,,,,,,0.028156,0.035200,,,,1.035704,0.001548,1.605536,,,,,,
113188,,,,,,,,,,,,,7.488295,8.211907,,,,,,,,,,,,,,
113196,,,,,,,,,,,,,,,,,,,,,,,-0.118950,-0.001525,0.997411,-4.410000,78.610001,-5.180000
113202,,,,,,,,,,,,,6.674085,7.282933,0.037598,0.045972,,,,,,,,,,,,
113201,,,,,,,,,,,,,,,,,,,,1.035562,0.002850,1.608938,,,,,,
113207,,,,,,,,,,,,,,,0.037935,0.059366,,,,,,,-0.253150,-0.014823,0.997411,7.000000,60.900002,-11.970000
113208,,,,,,,,,,,,,6.644957,6.127859,,,,,,1.035529,0.004118,1.604659,,,,,,
113209,,,,0.999974,-0.007277,1.563520,0.119919,0.119919,,,,,,,,,,,,,,,,,,,,
113210,,,,,,,,,,,4.525374,5.224321,,,,,-0.008459,0.035951,-0.044455,,,,,,,,,
113216,,,,,,,,,,,,,,,,,,,,,,,-0.229970,0.015311,1.020957,-0.210000,-21.209999,-8.050000
113218,,,,,,,,,,,,,6.139061,6.251971,0.000323,0.010058,,,,,,,,,,,,
113222,,,,,,,,,,,,,,,,,,,,1.035592,0.004760,1.600674,,,,,,
113227,,,,,,,,,,,,,,,0.005254,0.021556,,,,,,,-0.229970,0.015311,1.020957,-0.280000,-55.790001,-6.090000
113228,,,,,,,,,,,,,5.713842,5.260407,,,,,,,,,,,,,,
113230,,,,,,,,,,,,,,,,,,,,1.035600,0.004435,1.601138,,,,,,
113237,,,,,,,,,,,,,,,,,,,,1.035593,0.004351,1.601493,-0.215696,0.003416,1.037671,1.400000,-52.990002,13.720000
113238,,,,,,,,,,,,,4.807626,4.426106,0.015762,0.031230,,,,,,,,,,,,
113246,,,,,,,,,,,,,,,,,,,,,,,-0.215696,0.003416,1.037671,-1.470000,-9.800000,11.620000
113247,,,,,,,,,,,,,4.045135,4.274446,0.024603,0.032989,,,,,,,,,,,,
113250,,,,,,,,,,,,,,,,,,,,1.035583,0.004232,1.605479,,,,,,
113256,,,,,,,,,,,,,,,,,,,,,,,-0.250954,-0.016714,0.947330,-0.980000,6.510000,-1.120000
113262,,,,,,,,,,,,,3.403576,3.596519,0.032043,0.040850,,,,,,,,,,,,
113264,,,,0.999993,-0.003784,1.567013,0.085059,0.085059,,,2.981954,3.501856,,,,,-0.006626,0.035843,-0.038675,,,,,,,,,
113258,,,,,,,,,,,,,,,,,,,,1.035575,0.004267,1.605416,,,,,,
113267,,,,,,,,,,,,,,,0.013913,0.020246,,,,,,,,,,,,
113268,,,,,,,,,,,,,2.863769,3.026110,,,,,,,,,,,,,,
113269,,,,,,,,,,,,,,,,,,,,,,,-0.250954,-0.016714,0.947330,-0.210000,7.490000,-7.070000
113271,,,,,,,,,,,,,,,,,,,,1.035541,0.004210,1.605345,,,,,,
113277,,,,,,,,,,,,,,,,,,,,,,,-0.096380,-0.024522,1.034682,2.660000,-10.570000,-6.790000
113278,,,,,,,,,,,,,2.409575,2.546169,0.019180,0.025811,,,,,,,,,,,,
113279,,,,,,,,,,,,,,,,,,,,1.035573,0.004136,1.605345,,,,,,
113286,,,,,,,,,,,,,,,,,,,,,,,-0.096380,-0.024522,1.034682,0.420000,-16.170000,-5.530000
113287,,,,,,,,,,,,,2.027416,2.142346,0.023611,0.030494,,,,,,,,,,,,
113293,,,,,,,,,,,,,,,,,,,,1.035621,0.003985,1.605180,,,,,,
113297,,,,,,,,,,,,,,,0.027340,0.034434,,,,,,,-0.074115,0.012444,1.017541,0.630000,-30.240000,-1.260000
113298,,,,,,,,,,,,,1.705867,1.802570,,,,,,,,,,,,,,
113300,,,,,,,,,,,,,,,,,,,,1.035450,0.003490,1.605265,,,,,,
113306,,,,,,,,,,,,,,,,,,,,,,,-0.074115,0.012444,1.017541,1.540000,-34.090000,-1.050000
113307,,,,,,,,,,,,,,,0.030477,0.037749,,,,,,,,,,,,
113308,,,,,,,,,,,,,1.435317,1.516682,,,,,,1.035437,0.003198,1.605342,,,,,,
113309,,,,0.999999,-0.001621,1.569175,0.055590,0.055590,,,,,,,,,,,,,,,,,,,,
113310,,,,,,,,,,,2.083061,2.429279,,,,,-0.003935,0.035620,-0.036125,,,,,,,,,
113316,,,,,,,,,,,,,,,,,,,,,,,-0.085644,-0.005490,1.018578,0.350000,-40.880001,-1.400000
113321,,,,,,,,,,,,,,,0.018912,0.023590,,,,1.035486,0.002880,1.605532,,,,,,
113322,,,,,,,,,,,,,1.207675,1.276136,,,,,,,,,,,,,,
113328,,,,,,,,,,,,,1.016138,1.073741,0.021133,0.025936,,,,,,,-0.085644,-0.005490,1.018578,1.190000,-40.459999,1.610000
113329,,,,,,,,,,,,,,,,,,,,1.035621,0.002578,1.605582,,,,,,
113336,,,,,,,,,,,,,,,,,,,,,,,-0.082289,-0.015067,1.026935,1.330000,-8.330000,3.780000
113337,,,,,,,,,,,,,,,0.023002,0.027911,,,,,,,,,,,,
113338,,,,,,,,,,,,,0.854978,0.903445,,,,,,,,,,,,,,
113343,,,,,,,,,,,,,,,,,,,,1.035702,0.002292,1.605657,,,,,,
113346,,,,,,,,,,,,,,,,,,,,,,,-0.082289,-0.015067,1.026935,-0.560000,10.080000,2.170000
113347,,,,,,,,,,,,,,,0.024575,0.029573,,,,,,,,,,,,
113348,,,,,,,,,,,,,0.719378,0.760159,,,,,,,,,,,,,,
113350,,,,,,,,,,,,,,,,,,,,1.035653,0.002346,1.605623,,,,,,
113357,,,,,,,,,,,,,,,,,,,,1.035660,0.002343,1.605623,-0.016714,-0.002989,0.997167,0.980000,11.970000,-2.030000
113358,,,,,,,,,,,,,0.605285,0.639597,0.025898,0.030971,,,,,,,,,,,,
113359,,,,1.000000,-0.000488,1.570309,0.031924,0.031924,,,,,,,,,,,,,,,,,,,,
113360,,,,,,,,,,,1.392388,1.592718,,,,,-0.001693,0.035717,-0.035287,,,,,,,,,
113366,,,,,,,,,,,,,,,,,,,,,,,-0.016714,-0.002989,0.997167,0.980000,-3.990000,-1.120000
113367,,,,,,,,,,,,,,,0.016097,0.018928,,,,,,,,,,,,
113368,,,,,,,,,,,,,0.509287,0.538157,,,,,,,,,,,,,,
113371,,,,,,,,,,,,,,,,,,,,1.035663,0.002347,1.605582,,,,,,
113377,,,,,,,,,,,,,,,,,,,,,,,-0.032452,-0.003721,1.027728,0.630000,-0.910000,0.280000
113382,,,,,,,,,,,,,0.428514,0.452805,0.017033,0.019917,,,,,,,,,,,,
113379,,,,,,,,,,,,,,,,,,,,1.035708,0.002242,1.605684,,,,,,
113387,,,,,,,,,,,,,,,,,,,,,,,-0.032452,-0.003721,1.015040,0.910000,0.420000,-0.420000
113388,,,,,,,,,,,,,0.360551,0.380990,0.017822,0.020750,,,,,,,,,,,,
113393,,,,,,,,,,,,,,,,,,,,1.035683,0.002282,1.605623,,,,,,
113397,,,,,,,,,,,,,,,,,,,,,,,-0.056852,-0.009089,1.015040,0.560000,2.730000,-0.630000
113398,,,,,,,,,,,,,0.303368,0.320565,0.018485,0.021451,,,,,,,,,,,,
113400,,,,,,,,,,,,,,,,,,,,1.035707,0.002262,1.605684,,,,,,
113407,,,,,,,,,,,,,,,0.019043,0.022040,,,,,,,-0.056852,-0.007747,1.015833,0.700000,-0.560000,-0.490000
113408,,,,,,,,,,,,,0.255254,0.269724,,,,,,1.035680,0.002300,1.605623,,,,,,
113409,,,,1.000000,-0.000062,1.570734,0.014482,0.014482,,,,,,,,,,,,,,,,,,,,
113410,,,,,,,,,,,0.518652,0.609814,,,,,-0.001093,0.035761,-0.034942,,,,,,,,,
113416,,,,,,,,,,,,,,,,,,,,,,,-0.061000,-0.007747,1.015833,0.700000,0.490000,-0.630000
113422,,,,,,,,,,,,,0.214770,0.226945,0.005705,0.007005,,,,1.035704,0.002270,1.605684,,,,,,
113427,,,,,,,,,,,,,,,,,,,,,,,-0.062952,-0.005246,1.014186,0.630000,0.560000,-0.280000
113428,,,,,,,,,,,,,0.180708,0.190952,0.006100,0.007422,,,,,,,,,,,,
113429,,,,,,,,,,,,,,,,,,,,1.035671,0.002314,1.605623,,,,,,
113436,,,,,,,,,,,,,,,,,,,,,,,-0.062952,-0.005246,1.014186,0.840000,-0.210000,0.000000
113438,,,,,,,,,,,,,0.152048,0.160667,0.006433,0.007773,,,,,,,,,,,,
113437,,,,,,,,,,,,,,,,,,,,1.035703,0.002278,1.605684,,,,,,
113446,,,,,,,,,,,,,,,,,,,,,,,-0.060512,-0.007015,1.015772,0.560000,0.350000,-0.420000
113447,,,,,,,,,,,,,,,0.006712,0.008069,,,,,,,,,,,,
113448,,,,,,,,,,,,,0.127933,0.135185,,,,,,,,,,,,,,
113451,,,,,,,,,,,,,,,,,,,,1.035672,0.002310,1.605623,,,,,,
113457,,,,,,,,,,,,,,,,,,,,,,,-0.060512,-0.007015,1.015772,0.700000,-0.070000,-0.140000
113458,,,,,,,,,,,,,0.107643,0.113745,0.006947,0.008317,,,,1.035706,0.002265,1.605684,,,,,,
113459,,,,1.000000,-0.000000,1.570796,0.003695,0.003695,,,,,,,,,,,,,,,,,,,,
113460,,,,,,,,,,,-0.140066,-0.116792,,,,,-0.001064,0.035733,-0.034832,,,,,,,,,
113466,,,,,,,,,,,,,,,,,,,,,,,-0.059841,-0.007076,1.015894,0.700000,0.700000,-0.420000
113467,,,,,,,,,,,,,,,-0.003264,-0.002955,,,,,,,,,,,,
113468,,,,,,,,,,,,,0.090570,0.095705,,,,,,,,,,,,,,
113472,,,,,,,,,,,,,,,,,,,,1.035680,0.002328,1.605623,,,,,,
113477,,,,,,,,,,,,,,,,,,,,,,,-0.059841,-0.007076,1.015894,0.630000,0.140000,-0.070000
113483,,,,,,,,,,,,,0.076206,0.080526,-0.003097,-0.002779,,,,,,,,,,,,
113479,,,,,,,,,,,,,,,,,,,,1.035678,0.002349,1.605582,,,,,,
113488,,,,,,,,,,,,,,,,,,,,,,,-0.062403,-0.006222,1.016504,0.630000,0.420000,-0.280000
113486,,,,,,,,,,,,,,,,,,,,1.035668,0.002361,1.605582,,,,,,
113496,,,,,,,,,,,,,,,,,,,,,,,-0.062403,-0.006222,1.016504,0.700000,-0.070000,-0.070000
113497,,,,,,,,,,,,,,,-0.002957,-0.002631,,,,,,,,,,,,
113498,,,,,,,,,,,,,0.064120,0.067755,,,,,,,,,,,,,,
113500,,,,,,,,,,,,,,,,,,,,1.035679,0.002355,1.605582,,,,,,
113507,,,,,,,,,,,,,,,-0.002839,-0.002507,,,,,,,-0.061488,-0.006283,1.017175,0.630000,0.420000,-0.350000
113508,,,,,,,,,,,,,0.053950,0.057009,,,,,,1.035686,0.002351,1.605582,,,,,,
113509,,,,1.000000,-0.000000,1.570796,0.003695,0.003695,,,,,,,,,,,,,,,,,,,,
113510,,,,,,,,,,,-0.155809,-0.132525,,,,,-0.001109,0.035739,-0.034789,,,,,,,,,
113516,,,,,,,,,,,,,,,,,,,,,,,-0.061488,-0.006283,1.017175,0.700000,0.070000,-0.280000
