ts,x,y,yaw,x_des,y_des,yaw_des,v_ff,w_ff,v_actual,w_actual,omega_l_cmd,omega_r_cmd,omega_l_meas,omega_r_meas,duty_l,duty_r,x_err,y_err,yaw_err,x_raw,y_raw,yaw_raw,acc_x,acc_y,acc_z,gyro_x,gyro_y,gyro_z
72804,,,,,,,,,,,,,,,,,,,,,,,-0.018910,-0.008967,1.021018,0.000000,-0.420000,-0.280000
72805,,,,,,,,,,,,,0.000000,0.000000,0.000000,0.000000,,,,,,,,,,,,
72809,,,,,,,,,,,,,,,,,,,,1.085742,0.004477,1.636245,,,,,,
72814,,,,,,,,,,,,,,,,,,,,,,,-0.018910,-0.008967,1.021018,-1.820000,-1.260000,-0.490000
72815,,,,,,,,,,,,,0.000000,0.000000,0.000000,0.000000,,,,,,,,,,,,
72816,,,,,,,,,,,,,,,,,,,,1.085728,0.004486,1.640034,,,,,,
72824,,,,,,,,,,,,,,,,,,,,,,,-0.018422,-0.009394,1.021445,-1.330000,0.840000,-0.490000
72825,,,,,,,,,,,,,0.000000,0.000000,0.000000,0.000000,,,,,,,,,,,,
72827,,,,,,,,,,,,,,,,,,,,1.085739,0.004480,1.640034,,,,,,
72834,,,,,,,,,,,,,,,,,,,,,,,-0.018422,-0.009394,1.021445,4.200000,-0.140000,0.000000
72835,,,,,,,,,,,,,0.000000,0.000000,0.000000,0.000000,,,,,,,,,,,,
72837,,,,,,,,,,,,,,,,,,,,1.085733,0.004486,1.640034,,,,,,
72844,,,,,,,,,,,,,,,,,,,,,,,-0.019337,-0.008235,1.020469,-1.960000,-1.750000,-0.140000
72845,,,,,,,,,,,,,0.000000,0.000000,0.000000,0.000000,,,,,,,,,,,,
72848,,,,,,,,,,,,,,,,,,,,1.085722,0.004484,1.640034,,,,,,
72853,,,,1.000000,0.000488,1.571284,0.003695,0.003695,,,,,,,,,,,,,,,,,,,,
72854,,,,,,,,,,,0.309146,0.313218,,,,,0.001944,0.085793,-0.068750,,,,,,,,,
72855,,,,,,,,,,,,,0.000000,0.000000,0.004325,0.004382,,,,1.085735,0.004475,1.640034,,,,,,
72858,,,,,,,,,,,,,,,,,,,,,,,-0.019337,-0.009089,1.021384,-3.920000,0.280000,-0.560000
72869,,,,,,,,,,,,,0.000000,0.000000,0.004325,0.004382,,,,,,,,,,,,
72866,,,,,,,,,,,,,,,,,,,,1.085735,0.004473,1.636245,,,,,,
72875,,,,,,,,,,,,,0.000000,0.000000,0.004325,0.004382,,,,,,,-0.018666,-0.009028,1.021811,3.990000,-0.350000,-0.070000
72876,,,,,,,,,,,,,,,,,,,,1.085716,0.004490,1.640034,,,,,,
72880,,,,,,,,,,,,,,,,,,,,,,,-0.018666,-0.009028,1.021811,1.260000,-1.330000,-0.140000
72885,,,,,,,,,,,,,,,,,,,,,,,-0.018666,-0.009028,1.021811,-2.170000,-1.470000,-0.280000
72886,,,,,,,,,,,,,0.000000,0.000000,0.004325,0.004382,,,,1.085715,0.004486,1.640034,,,,,,
72894,,,,,,,,,,,,,,,,,,,,,,,-0.018483,-0.008357,1.021140,1.470000,0.280000,-0.070000
72895,,,,,,,,,,,,,0.000000,0.000000,0.004325,0.004382,,,,,,,,,,,,
72896,,,,,,,,,,,,,,,,,,,,1.085719,0.004488,1.640034,,,,,,
72903,,,,0.999999,0.001621,1.572417,0.014482,0.014482,,,,,,,,,,,,,,,,,,,,
72904,,,,,,,,,,,1.011054,1.028463,,,,,0.003070,0.085713,-0.067617,,,,,,,,,
72905,,,,,,,,,,,,,0.000000,0.000000,0.014144,0.014388,,,,,,,,,,,,
72908,,,,,,,,,,,,,,,,,,,,,,,-0.018483,-0.008357,1.021140,1.190000,-1.820000,-0.210000
72907,,,,,,,,,,,,,,,,,,,,1.085731,0.004472,1.636245,,,,,,
72914,,,,,,,,,,,,,,,,,,,,,,,-0.018300,-0.009394,1.021750,-3.710000,-0.630000,-0.560000
72915,,,,,,,,,,,,,0.000000,0.000000,0.014144,0.014388,,,,,,,,,,,,
72928,,,,,,,,,,,,,0.000000,0.000000,0.014144,0.014388,,,,,,,,,,,,
72927,,,,,,,,,,,,,,,,,,,,1.085735,0.004469,1.640034,,,,,,
72934,,,,,,,,,,,,,,,,,,,,,,,-0.019398,-0.008723,1.021994,3.640000,-0.560000,0.070000
72935,,,,,,,,,,,,,0.000000,0.000000,0.014144,0.014388,,,,,,,,,,,,
72939,,,,,,,,,,,,,,,,,,,,,,,-0.019398,-0.008723,1.021994,0.980000,-1.330000,0.000000
72938,,,,,,,,,,,,,,,,,,,,1.085723,0.004478,1.640034,,,,,,
72945,,,,,,,,,,,,,0.000000,0.000000,0.014144,0.014388,,,,,,,-0.019398,-0.008723,1.021994,-2.450000,-1.820000,-0.140000
72948,,,,,,,,,,,,,,,,,,,,1.085729,0.004479,1.636245,,,,,,
72953,,,,0.999993,0.003784,1.574580,0.031924,0.031924,,,,,,,,,,,,,,,,,,,,
72954,,,,,,,,,,,2.142090,2.194558,,,,,,,,,,,,,,,,
72955,,,,,,,,,,,,,0.000000,0.000000,0.029979,0.030713,0.004940,0.085595,-0.061983,,,,,,,,,
72958,,,,,,,,,,,,,,,,,,,,,,,-0.018178,-0.009394,1.022055,-3.570000,0.490000,-0.490000
72956,,,,,,,,,,,,,,,,,,,,1.085729,0.004488,1.640034,,,,,,
72964,,,,,,,,,,,,,,,,,,,,,,,-0.018178,-0.009394,1.022055,2.520000,0.770000,-0.420000
72965,,,,,,,,,,,,,0.000000,0.000000,0.029979,0.030713,,,,,,,,,,,,
72967,,,,,,,,,,,,,,,,,,,,1.085721,0.004488,1.640034,,,,,,
72974,,,,,,,,,,,,,,,,,,,,,,,-0.018727,-0.008845,1.022238,2.030000,-0.490000,-0.210000
72975,,,,,,,,,,,,,0.000000,0.000000,0.029979,0.030713,,,,,,,,,,,,
72988,,,,,,,,,,,,,0.000000,0.000000,0.029979,0.030713,,,,1.085714,0.004488,1.640034,,,,,,
72978,,,,,,,,,,,,,,,,,,,,1.085730,0.004479,1.636245,,,,,,
72993,,,,,,,,,,,,,,,,,,,,,,,-0.018300,-0.009516,1.023397,0.140000,-0.560000,-0.280000
72995,,,,,,,,,,,,,0.000000,0.000000,0.029979,0.030713,,,,,,,,,,,,
72999,,,,,,,,,,,,,,,,,,,,,,,-0.018300,-0.009516,1.023397,0.070000,-0.490000,-0.210000
72998,,,,,,,,,,,,,,,,,,,,1.085718,0.004488,1.640034,,,,,,
73003,,,,0.999974,0.007277,1.578073,0.055590,0.055590,,,,,,,,,,,,,,,,,,,,
73004,,,,,,,,,,,3.732833,3.827253,,,,,,,,,,,,,,,,
73005,,,,,,,,,,,,,0.000000,0.000000,0.052215,0.053535,0.008690,0.085349,-0.061670,,,,,,,,,
73008,,,,,,,,,,,,,,,,,,,,,,,-0.018300,-0.009516,1.020835,0.070000,-0.420000,-0.280000
73009,,,,,,,,,,,,,,,,,,,,1.085721,0.004490,1.640034,,,,,,
73014,,,,,,,,,,,,,,,,,,,,,,,-0.017202,-0.008052,1.020835,0.000000,-0.490000,-0.280000
73015,,,,,,,,,,,,,0.000000,0.548051,0.052215,0.048062,,,,,,,,,,,,
73016,,,,,,,,,,,,,,,,,,,,1.085713,0.004486,1.640034,,,,,,
73024,,,,,,,,,,,,,,,,,,,,,,,-0.018422,-0.008052,1.017541,0.070000,-0.700000,-0.280000
73025,,,,,,,,,,,,,0.000000,0.461130,0.052215,0.048930,,,,,,,,,,,,
73026,,,,,,,,,,,,,,,,,,,,1.085713,0.004491,1.640034,,,,,,
73034,,,,,,,,,,,,,,,,,,,,,,,-0.018422,-0.008052,1.017541,0.070000,-0.630000,-0.280000
73035,,,,,,,,,,,,,0.000000,0.387995,0.052215,0.049660,,,,,,,,,,,,
73048,,,,,,,,,,,,,0.000000,0.326459,0.052215,0.050275,,,,1.085726,0.004481,1.636245,,,,,,
73037,,,,,,,,,,,,,,,,,,,,1.085716,0.004491,1.640034,,,,,,
73053,,,,0.999923,0.012379,1.583176,0.085059,0.085059,,,,,,,,,,,,,,,,,,,,
73055,,,,,,,,,,,5.698745,5.896775,0.000000,0.274682,0.079664,0.079691,0.013529,0.085095,-0.053631,,,,,,,,,
73057,,,,,,,,,,,,,,,,,,,,,,,-0.018727,-0.008418,1.023763,0.070000,-0.420000,-0.350000
73058,,,,,,,,,,,,,,,,,,,,1.085726,0.004489,1.640034,,,,,,
73063,,,,,,,,,,,,,,,,,,,,,,,-0.017751,-0.008723,1.021201,0.140000,-0.560000,-0.350000
73065,,,,,,,,,,,,,0.548492,0.779610,0.074190,0.074652,,,,,,,,,,,,
73068,,,,,,,,,,,,,,,,,,,,,,,-0.017751,-0.008723,1.021201,0.140000,-0.490000,-0.070000
73066,,,,,,,,,,,,,,,,,,,,1.085718,0.004488,1.640034,,,,,,
73074,,,,,,,,,,,,,,,,,,,,,,,-0.017751,-0.008723,1.021201,0.140000,-1.750000,0.840000
73075,,,,,,,,,,,,,0.461501,0.655964,0.075058,0.075886,,,,,,,,,,,,
73076,,,,,,,,,,,,,,,,,,,,1.085708,0.004669,1.643782,,,,,,
73090,,,,,,,,,,,,,0.388307,0.924545,0.075789,0.073206,,,,,,,,,,,,
73087,,,,,,,,,,,,,,,,,,,,1.085716,0.004529,1.640004,,,,,,
73095,,,,,,,,,,,,,0.326722,0.777912,0.076403,0.074669,,,,,,,0.024766,-0.008662,1.031449,-0.280000,1.260000,9.730000
73097,,,,,,,,,,,,,,,,,,,,1.085691,0.004616,1.643785,,,,,,
73100,,,,,,,,,,,,,,,,,,,,,,,0.050508,-0.007198,1.014735,-0.070000,2.730000,8.260000
73103,,,,0.999813,0.019351,1.590148,0.119919,0.119919,,,,,,,,,,,,,,,,,,,,
73105,,,,,,,,,,,8.113832,8.399689,0.821853,1.201485,0.105117,0.105326,0.020913,0.084582,-0.053423,,,,,,,,,
73109,,,,,,,,,,,,,,,,,,,,,,,0.050508,-0.007198,1.014735,0.210000,-3.710000,9.870000
73108,,,,,,,,,,,,,,,,,,,,1.085710,0.004790,1.643785,,,,,,
73114,,,,,,,,,,,,,,,,,,,,,,,0.050508,-0.007198,1.014735,0.770000,-0.910000,5.390000
73115,,,,,,,,,,,,,0.691507,1.010929,0.106416,0.107225,,,,,,,,,,,,
73118,,,,,,,,,,,,,,,,,,,,1.085684,0.005073,1.640005,,,,,,
73124,,,,,,,,,,,,,,,,,,,,,,,0.091561,-0.010980,1.028765,0.350000,-6.160000,2.450000
73125,,,,,,,,,,,,,1.129389,1.398151,0.102053,0.103367,,,,,,,,,,,,
73126,,,,,,,,,,,,,,,,,,,,1.085615,0.005486,1.640036,,,,,,
73134,,,,,,,,,,,,,,,,,,,,,,,0.091561,-0.010980,1.028765,0.560000,0.700000,-2.660000
73135,,,,,,,,,,,,,1.498594,1.724730,0.098374,0.100112,,,,,,,,,,,,
73148,,,,,,,,,,,,,1.680216,2.289785,0.096564,0.094482,,,,,,,,,,,,
73147,,,,,,,,,,,,,,,,,,,,1.085435,0.006692,1.643811,,,,,,
73153,,,,0.999596,0.028429,1.599229,0.159769,0.159769,,,,,,,,,,,,,,,,,,,,
73155,,,,,,,,,,,10.771281,11.253965,2.201784,2.714676,0.128504,0.130134,0.028018,0.084020,-0.045063,,,,,,,,,
73157,,,,,,,,,,,,,,,,,,,,,,,0.079544,-0.008540,1.020103,0.770000,-5.320000,20.230000
73158,,,,,,,,,,,,,,,,,,,,1.085381,0.007271,1.643818,,,,,,
73163,,,,,,,,,,,,,,,,,,,,,,,0.052399,-0.001708,1.034926,0.630000,-10.990000,10.430000
73165,,,,,,,,,,,,,2.951115,3.382662,0.121035,0.123475,,,,,,,,,,,,
73168,,,,,,,,,,,,,,,,,,,,,,,0.052399,-0.001708,1.034926,1.820000,-8.190000,5.810000
73169,,,,,,,,,,,,,,,,,,,,1.085461,0.008077,1.651331,,,,,,
73174,,,,,,,,,,,,,,,,,,,,,,,0.052399,-0.007564,1.029375,1.890000,-7.840000,9.450000
73175,,,,,,,,,,,,,3.031339,3.942714,0.120235,0.117893,,,,,,,,,,,,
73176,,,,,,,,,,,,,,,,,,,,1.085344,0.008762,1.647564,,,,,,
73184,,,,,,,,,,,,,,,,,,,,,,,0.125904,-0.007564,1.029375,-0.070000,9.170000,15.680000
73185,,,,,,,,,,,,,3.646559,4.413390,0.114103,0.113201,,,,,,,,,,,,
73186,,,,,,,,,,,,,,,,,,,,1.085150,0.009986,1.651333,,,,,,
73194,,,,,,,,,,,,,,,,,,,,,,,0.102175,-0.008113,1.003877,1.890000,3.990000,8.680000
73195,,,,,,,,,,,,,4.163434,4.808645,0.108951,0.109261,,,,,,,,,,,,
73209,,,,0.999206,0.039833,1.610640,0.204215,0.204215,,,,,,,,,,,,,,,,,,,,
73211,,,,,,,,,,,13.771407,14.458955,,,,,0.036633,0.083270,-0.040633,,,,,,,,,
73212,,,,,,,,,,,,,4.820105,5.692233,0.144355,0.145264,,,,,,,,,,,,
73208,,,,,,,,,,,,,,,,,,,,1.084892,0.012476,1.655150,,,,,,
73217,,,,,,,,,,,,,,,,,,,,,,,0.072041,0.002379,1.051945,-1.750000,-9.380000,12.390000
73218,,,,,,,,,,,,,,,,,,,,1.084813,0.013570,1.658854,,,,,,
73223,,,,,,,,,,,,,,,,,,,,,,,0.072041,0.002379,1.051945,-2.520000,14.560000,12.530000
73225,,,,,,,,,,,,,5.283559,6.426676,0.139733,0.137940,,,,,,,,,,,,
73226,,,,,,,,,,,,,,,,,,,,1.084639,0.015058,1.662653,,,,,,
73228,,,,,,,,,,,,,,,,,,,,,,,0.072041,0.002379,1.051945,-3.920000,8.820000,10.990000
73234,,,,,,,,,,,,,,,,,,,,,,,0.125172,-0.003721,0.994666,-1.470000,3.640000,5.110000
73235,,,,,,,,,,,,,6.087259,7.049078,0.131718,0.131733,,,,,,,,,,,,
73236,,,,,,,,,,,,,,,,,,,,1.084392,0.016564,1.662631,,,,,,
73244,,,,,,,,,,,,,,,,,,,,,,,0.125172,-0.003721,0.994666,-1.610000,-1.190000,8.960000
73245,,,,,,,,,,,,,6.764648,7.573923,0.124962,0.126498,,,,,,,,,,,,
73247,,,,,,,,,,,,,,,,,,,,1.084088,0.018338,1.666339,,,,,,
73253,,,,0.998554,0.053758,1.624580,0.252871,0.252871,,,,,,,,,,,,,,,,,,,,
73255,,,,,,,,,,,16.976852,17.824669,7.336754,8.566004,0.163909,0.163502,0.043581,0.081818,-0.041161,,,,,,,,,
73258,,,,,,,,,,,,,,,,,,,,,,,0.099125,-0.003416,1.035597,-3.570000,-1.750000,5.320000
73268,,,,,,,,,,,,,8.280836,9.315126,0.154507,0.156042,,,,1.083569,0.022159,1.666391,,,,,,
73257,,,,,,,,,,,,,,,,,,,,1.083949,0.020034,1.666341,,,,,,
73273,,,,,,,,,,,,,,,,,,,,,,,0.107543,-0.005429,1.018334,-1.890000,-14.070000,7.350000
73275,,,,,,,,,,,,,9.321427,10.191679,0.144145,0.147312,,,,,,,,,,,,
73278,,,,,,,,,,,,,,,,,,,,1.083347,0.024040,1.670107,0.107543,-0.005429,1.018334,-0.980000,-11.060000,8.260000
73285,,,,,,,,,,,,,10.036134,10.768363,0.137027,0.141569,,,,,,,0.107543,-0.005429,1.018334,-4.060000,-3.010000,9.310000
73288,,,,,,,,,,,,,,,,,,,,1.083056,0.026103,1.670073,,,,,,
73294,,,,,,,,,,,,,,,,,,,,,,,0.163602,-0.004880,1.019188,-1.330000,5.390000,12.460000
73295,,,,,,,,,,,,,10.641248,11.806557,0.131001,0.131231,,,,,,,,,,,,
73296,,,,,,,,,,,,,,,,,,,,1.082713,0.028588,1.673801,,,,,,
73303,,,,0.997520,0.070379,1.641234,0.305363,0.305363,,,,,,,,,,,,,,,,,,,,
73305,,,,,,,,,,,20.321182,21.526709,11.657602,12.097281,0.167552,0.180000,0.050468,0.080461,-0.032849,,,,,,,,,
73308,,,,,,,,,,,,,,,,,,,,,,,0.163602,-0.004880,1.019188,0.770000,17.080000,14.350000
73306,,,,,,,,,,,,,,,,,,,,1.082332,0.031261,1.673857,,,,,,
73314,,,,,,,,,,,,,,,,,,,,,,,0.106506,-0.019337,1.020713,2.800000,0.280000,14.630000
73315,,,,,,,,,,,,,12.586420,13.511909,0.158303,0.165914,,,,,,,,,,,,
73327,,,,,,,,,,,,,13.310887,14.543039,0.151089,0.155646,,,,1.081677,0.036394,1.677565,,,,,,
73316,,,,,,,,,,,,,,,,,,,,1.081975,0.033903,1.677592,,,,,,
73333,,,,,,,,,,,,,,,,,,,,,,,0.096929,0.008052,1.113311,-4.970000,-22.469999,17.150000
73335,,,,,,,,,,,,,13.980898,15.017631,0.144418,0.150920,,,,,,,,,,,,
73338,,,,,,,,,,,,,,,,,,,,1.081298,0.038997,1.681283,0.096929,0.008052,1.113311,-7.350000,-14.490000,19.879999
73344,,,,,,,,,,,,,,,,,,,,,,,0.116083,0.013481,0.911828,-9.450000,-3.780000,18.549999
73345,,,,,,,,,,,,,14.502401,15.922482,0.139225,0.141910,,,,,,,,,,,,
73346,,,,,,,,,,,,,,,,,,,,1.080783,0.041923,1.684955,,,,,,
73353,,,,0.995956,0.089847,1.660765,0.361324,0.361324,,,,,,,,,,,,,,,,,,,,
73355,,,,,,,,,,,23.842838,25.479431,15.484017,16.678873,0.178623,0.189569,0.057393,0.078841,-0.024446,,,,,,,,,
73358,,,,,,,,,,,,,,,,,,,,,,,0.116083,0.013481,0.911828,1.960000,23.450001,21.000000
73356,,,,,,,,,,,,,,,,,,,,1.080230,0.045233,1.688713,,,,,,
73369,,,,,,,,,,,,,16.257565,17.666580,0.170918,0.179731,,,,,,,,,,,,
73366,,,,,,,,,,,,,,,,,,,,1.079756,0.048597,1.696080,,,,,,
73375,,,,,,,,,,,,,17.041529,19.067678,0.163110,0.165777,,,,,,,0.096136,-0.033367,1.052555,3.080000,-26.879999,24.290001
73380,,,,,,,,,,,,,,,,,,,,,,,0.096136,-0.033367,1.052555,0.770000,-24.500000,26.110001
73377,,,,,,,,,,,,,,,,,,,,1.079288,0.051907,1.699738,,,,,,
73385,,,,,,,,,,,,,17.610907,19.861071,0.157440,0.157875,,,,,,,0.129686,0.015433,1.071221,2.170000,-16.940001,28.420000
73388,,,,,,,,,,,,,,,,,,,,1.078820,0.054859,1.699704,,,,,,
73394,,,,,,,,,,,,,,,,,,,,,,,0.129686,0.015433,1.071221,1.050000,-1.330000,25.549999
73395,,,,,,,,,,,,,18.170568,20.063856,0.151865,0.155855,,,,,,,,,,,,
73398,,,,,,,,,,,,,,,,,,,,1.078286,0.058494,1.703390,,,,,,
73403,,,,0.993676,0.112286,1.683320,0.420396,0.420396,,,,,,,,,,,,,,,,,,,,
73405,,,,,,,,,,,27.590027,29.616589,19.095568,21.232416,0.194801,0.201810,0.064612,0.076792,-0.020102,,,,,,,,,
73408,,,,,,,,,,,,,,,,,,,,,,,0.109617,0.008052,1.014003,-3.500000,-3.570000,26.459999
73409,,,,,,,,,,,,,,,,,,,,1.077738,0.062276,1.710770,,,,,,
73414,,,,,,,,,,,,,,,,,,,,,,,0.109617,0.008052,1.014003,-1.680000,-12.110000,24.639999
73415,,,,,,,,,,,,,19.382675,21.733231,0.191946,0.196832,,,,,,,,,,,,
73416,,,,,,,,,,,,,,,,,,,,1.076983,0.065962,1.714393,,,,,,
73429,,,,,,,,,,,,,20.317291,22.695919,0.182656,0.187262,,,,,,,,,,,,
73426,,,,,,,,,,,,,,,,,,,,1.076357,0.069753,1.721658,,,,,,
73434,,,,,,,,,,,,,,,,,,,,,,,0.086132,0.005856,1.018212,0.000000,-4.130000,27.160000
73435,,,,,,,,,,,,,21.435339,23.436716,0.171542,0.179898,,,,,,,,,,,,
73439,,,,,,,,,,,,,,,,,,,,,,,0.168055,-0.001098,1.039257,5.670000,1.260000,29.750000
73437,,,,,,,,,,,,,,,,,,,,1.075600,0.073662,1.721702,,,,,,
73444,,,,,,,,,,,,,,,,,,,,,,,0.168055,-0.001098,1.039257,4.480000,-0.280000,29.750000
73445,,,,,,,,,,,,,21.866648,24.097887,0.167254,0.173326,,,,,,,,,,,,
73448,,,,,,,,,,,,,,,,,,,,1.074828,0.077709,1.725305,,,,,,
73453,,,,0.990461,0.137792,1.709028,0.482232,0.482232,,,,,,,,,,,,,,,,,,,,
73455,,,,,,,,,,,31.519955,33.959888,22.792286,24.669651,0.212712,0.228056,0.072423,0.074174,-0.016276,,,,,,,,,
73458,,,,,,,,,,,,,,,,,,,,,,,0.168055,-0.001098,1.039257,-1.960000,3.150000,33.110001
73456,,,,,,,,,,,,,,,,,,,,1.074021,0.082023,1.732530,,,,,,
73471,,,,,,,,,,,,,23.619888,25.882957,0.204497,0.216012,,,,,,,,,,,,
73467,,,,,,,,,,,,,,,,,,,,1.073108,0.086514,1.739833,,,,,,
73476,,,,,,,,,,,,,,,,,,,,,,,0.152805,0.003294,1.086471,12.950000,-24.500000,34.650002
73478,,,,,,,,,,,,,,,,,,,,1.072202,0.091018,1.747064,,,,,,
73482,,,,,,,,,,,,,,,,,,,,,,,0.152805,0.003294,1.086471,10.290000,-21.490000,37.029999
73485,,,,,,,,,,,,,24.565413,26.860529,0.195112,0.206309,,,,,,,,,,,,
73487,,,,,,,,,,,,,,,,,,,,,,,0.152805,0.003294,1.086471,11.060000,-14.560000,38.849998
73488,,,,,,,,,,,,,,,,,,,,1.071226,0.095442,1.750620,,,,,,
73494,,,,,,,,,,,,,,,,,,,,,,,0.152805,0.003294,0.992531,5.880000,7.280000,39.549999
73495,,,,,,,,,,,,,25.600800,28.079849,0.184834,0.194206,,,,,,,,,,,,
73498,,,,,,,,,,,,,,,,,,,,1.070275,0.100377,1.757818,,,,,,
73503,,,,0.986053,0.166429,1.738004,0.546492,0.546492,,,,,,,,,,,,,,,,,,,,
73505,,,,,,,,,,,35.713505,38.363594,26.456638,29.088747,0.234509,0.245287,0.080618,0.070591,-0.019125,,,,,,,,,
73508,,,,,,,,,,,,,,,,,,,,,,,0.165066,0.003355,0.992531,6.720000,13.020000,40.459999
73506,,,,,,,,,,,,,,,,,,,,1.069326,0.105480,1.764874,,,,,,
73514,,,,,,,,,,,,,,,,,,,,,,,0.117669,0.043432,1.042307,3.710000,5.950000,40.669998
73515,,,,,,,,,,,,,27.214006,29.979040,0.227010,0.236472,,,,,,,,,,,,
73517,,,,,,,,,,,,,,,,,,,,1.068238,0.110802,1.775661,,,,,,
73524,,,,,,,,,,,,,,,,,,,,,,,0.117669,0.043432,1.042307,9.240000,-18.129999,44.169998
73525,,,,,,,,,,,,,28.370108,31.243832,0.215563,0.223949,,,,,,,,,,,,
73527,,,,,,,,,,,,,,,,,,,,1.067139,0.115901,1.775726,,,,,,
73534,,,,,,,,,,,,,,,,,,,,,,,0.184769,0.031781,1.009672,1.820000,-8.190000,41.090000
73535,,,,,,,,,,,,,29.356081,32.322578,0.205800,0.213268,,,,,,,,,,,,
73549,,,,,,,,,,,,,29.933100,33.234169,0.200087,0.204242,,,,,,,,,,,,
73546,,,,,,,,,,,,,,,,,,,,1.064342,0.126873,1.793553,,,,,,
73553,,,,0.980157,0.198224,1.770342,0.612846,0.612846,,,,,,,,,,,,,,,,,,,,
73555,,,,,,,,,,,40.042889,42.852531,31.016825,33.794346,0.249061,0.260616,0.088287,0.066415,-0.022871,,,,,,,,,
73557,,,,,,,,,,,,,,,,,,,,1.062741,0.132925,1.800680,0.167994,0.055205,0.922381,-9.240000,32.130001,34.090000
73563,,,,,,,,,,,,,,,,,,,,,,,0.167994,0.055205,0.922381,-8.890000,28.559999,34.720001
73565,,,,,,,,,,,,,31.680321,35.133881,0.242527,0.247424,,,,,,,,,,,,
73568,,,,,,,,,,,,,,,,,,,,,,,0.167994,0.055205,0.922381,4.410000,1.400000,33.110001
73567,,,,,,,,,,,,,,,,,,,,1.060983,0.138891,1.807807,,,,,,
73574,,,,,,,,,,,,,,,,,,,,,,,0.117730,0.023180,1.086227,1.610000,-17.219999,32.900002
73575,,,,,,,,,,,,,33.233089,36.138912,0.227235,0.237526,,,,,,,,,,,,
73590,,,,,,,,,,,,,34.045322,37.250660,0.219236,0.226578,,,,,,,,,,,,
73587,,,,,,,,,,,,,,,,,,,,1.057729,0.150848,1.818316,,,,,,
73595,,,,,,,,,,,,,,,,,,,,,,,0.163114,0.044530,1.035292,-8.820000,15.960000,27.580000
73596,,,,,,,,,,,,,35.204235,37.901203,0.207823,0.220171,,,,,,,,,,,,
73598,,,,,,,,,,,,,,,,,,,,1.055815,0.157311,1.821913,,,,,,
73601,,,,,,,,,,,,,,,,,,,,,,,0.163114,0.044530,1.035292,-8.470000,3.920000,24.920000
73603,,,,0.972438,0.233163,1.806125,0.680973,0.680973,,,,,,,,,,,,,,,,,,,,
73605,,,,,,,,,,,44.175926,47.575527,36.295525,38.564754,0.254633,0.279410,0.094337,0.062031,-0.015600,,,,,,,,,
73606,,,,,,,,,,,,,,,,,,,,1.054044,0.163595,1.825404,,,,,,
73610,,,,,,,,,,,,,,,,,,,,,,,0.163114,-0.000488,1.030290,8.050000,-19.950001,32.270000
73615,,,,,,,,,,,,,,,0.247293,0.264917,,,,,,,0.104737,-0.000488,1.030290,-7.840000,-29.120001,25.760000
73616,,,,,,,,,,,,,37.037827,40.030285,,,,,,,,,,,,,,
73617,,,,,,,,,,,,,,,,,,,,1.052174,0.169645,1.828824,,,,,,
73624,,,,,,,,,,,,,,,,,,,,,,,0.104737,-0.000488,1.030290,-23.799999,-33.389999,31.010000
73625,,,,,,,,,,,,,38.460121,40.977974,0.233228,0.255546,,,,,,,,,,,,
73627,,,,,,,,,,,,,,,,,,,,1.050216,0.175956,1.835695,,,,,,
73634,,,,,,,,,,,,,,,,,,,,,,,0.141337,0.061488,1.047553,8.680000,-20.719999,30.660000
73635,,,,,,,,,,,,,38.944237,41.611416,0.228440,0.249282,,,,,,,,,,,,
73648,,,,,,,,,,,,,39.987480,42.656342,0.218124,0.238948,,,,1.045866,0.189342,1.849489,,,,,,
73638,,,,,,,,,,,,,,,,,,,,1.048105,0.182601,1.842600,,,,,,
73653,,,,0.962528,0.271182,1.845418,0.750560,0.750560,,,,,,,,,,,,,,,,,,,,
73655,,,,,,,,,,,48.331562,52.577457,40.461720,43.464661,0.271307,0.300607,0.101597,0.057735,-0.003939,,,,,,,,,
73658,,,,,,,,,,,,,,,,,,,,,,,0.146339,0.010919,0.970205,4.410000,1.680000,28.209999
73656,,,,,,,,,,,,,,,,,,,,1.043790,0.196399,1.852945,,,,,,
73664,,,,,,,,,,,,,,,,,,,,,,,0.146339,0.010919,1.019127,3.150000,-0.770000,30.730000
73665,,,,,,,,,,,,,41.812576,44.339252,0.257922,0.291941,,,,,,,,,,,,
73669,,,,,,,,,,,,,,,,,,,,,,,0.106689,0.007564,1.019127,0.140000,-8.190000,32.549999
73667,,,,,,,,,,,,,,,,,,,,1.041513,0.203408,1.856570,,,,,,
73674,,,,,,,,,,,,,,,,,,,,,,,0.106689,0.007564,1.019127,3.500000,-17.920000,36.400002
73675,,,,,,,,,,,,,42.312214,45.535255,0.252971,0.280090,,,,,,,,,,,,
73678,,,,,,,,,,,,,,,,,,,,1.039246,0.210348,1.859860,,,,,,
73684,,,,,,,,,,,,,,,,,,,,,,,0.181597,0.028487,1.011990,-0.980000,-8.540000,37.869999
73685,,,,,,,,,,,,,43.818943,46.530811,0.238041,0.270225,,,,1.036882,0.217696,1.870057,,,,,,
73694,,,,,,,,,,,,,,,,,,,,,,,0.181597,0.028487,1.011990,-16.799999,13.720000,42.139999
73695,,,,,,,,,,,,,44.021988,47.404175,0.236029,0.261571,,,,,,,,,,,,
73696,,,,,,,,,,,,,,,,,,,,1.034230,0.225158,1.877176,,,,,,
73708,,,,,,,,,,,,,44.578766,48.262165,0.230512,0.253069,,,,,,,,,,,,
73711,,,,0.950027,0.312168,1.888270,0.821304,0.821304,,,,,,,,,,,,,,,,,,,,
73713,,,,,,,,,,,52.439854,57.748131,,,,,0.108371,0.054031,0.010397,,,,,,,,,
73707,,,,,,,,,,,,,,,,,,,,1.031464,0.232983,1.880603,,,,,,
73715,,,,,,,,,,,,,45.382240,49.268818,0.279503,0.314786,,,,,,,,,,,,
73718,,,,,,,,,,,,,,,,,,,,1.028657,0.241182,1.890997,0.151402,0.061061,0.861198,0.490000,39.759998,43.820000
73724,,,,,,,,,,,,,,,,,,,,,,,0.095221,0.046543,1.029436,-23.730000,21.139999,42.630001
73725,,,,,,,,,,,,,46.431934,50.251919,0.269130,0.305071,,,,,,,,,,,,
73729,,,,,,,,,,,,,,,,,,,,1.025589,0.249009,1.897924,0.095221,0.046543,1.029436,8.120000,2.450000,43.889999
73734,,,,,,,,,,,,,,,,,,,,,,,0.095221,0.046543,1.029436,18.270000,-9.520000,46.410000
73735,,,,,,,,,,,,,47.295208,51.057835,0.260599,0.297107,,,,,,,,,,,,
73736,,,,,,,,,,,,,,,,,,,,1.022713,0.256782,1.908043,,,,,,
73744,,,,,,,,,,,,,,,,,,,,,,,0.143350,0.034221,1.077077,0.980000,-21.070000,55.509998
73745,,,,,,,,,,,,,47.994308,52.253536,0.253691,0.285291,,,,,,,,,,,,
73747,,,,,,,,,,,,,,,,,,,,1.019859,0.264703,1.914839,,,,,,
73753,,,,0.934508,0.355942,1.934718,0.892911,0.892911,,,,,,,,,,,,,,,,,,,,
73755,,,,,,,,,,,56.674328,62.850948,49.010540,53.133514,0.302259,0.347214,0.114795,0.049606,0.019475,,,,,,,,,
73758,,,,,,,,,,,,,,,,,,,,,,,0.143350,0.034221,1.077077,-16.450001,8.050000,58.310001
73769,,,,,,,,,,,,,49.651417,54.322479,0.295940,0.335491,,,,,,,,,,,,
73757,,,,,,,,,,,,,,,,,,,,1.016535,0.272799,1.924932,,,,,,
73768,,,,,,,,,,,,,,,,,,,,1.013398,0.281078,1.935032,,,,,,
73775,,,,,,,,,,,,,,,0.278861,0.325715,,,,1.009905,0.289836,1.945225,0.131150,0.061488,0.885171,8.050000,29.190001,65.309998
73776,,,,,,,,,,,,,51.383713,55.313942,,,,,,,,,,,,,,
73780,,,,,,,,,,,,,,,,,,,,,,,0.177571,0.056730,0.987041,16.240000,7.210000,64.540001
73785,,,,,,,,,,,,,,,,,,,,,,,0.177571,0.056730,0.987041,7.280000,-5.740000,69.510002
73786,,,,,,,,,,,,,51.802143,56.715515,0.274735,0.311897,,,,,,,,,,,,
73789,,,,,,,,,,,,,,,,,,,,1.006457,0.298639,1.955258,,,,,,
73794,,,,,,,,,,,,,,,,,,,,,,,0.177571,0.056730,0.987041,7.770000,-24.290001,72.870003
73795,,,,,,,,,,,,,52.753712,57.460785,0.265353,0.304548,,,,,,,,,,,,
73796,,,,,,,,,,,,,,,,,,,,1.002908,0.306935,1.968634,,,,,,
73810,,,,0.915524,0.402264,1.984785,0.965097,0.965097,,,,,,,,,,,,,,,,,,,,
73813,,,,,,,,,,,61.283272,67.708817,,,,,0.121764,0.043757,0.016757,,,,,,,,,
73814,,,,,,,,,,,,,53.573818,58.719749,0.320880,0.359155,,,,,,,,,,,,
73807,,,,,,,,,,,,,,,,,,,,0.999116,0.315431,1.978397,,,,,,
73819,,,,,,,,,,,,,,,,,,,,,,,0.090951,0.137128,0.946110,-0.420000,8.260000,75.250000
73818,,,,,,,,,,,,,,,,,,,,0.994938,0.323999,1.991690,,,,,,
73824,,,,,,,,,,,,,,,,,,,,,,,0.090951,0.137128,0.946110,5.250000,10.850000,73.080002
73825,,,,,,,,,,,,,54.529240,60.276859,0.311493,0.343856,,,,,,,,,,,,
73826,,,,,,,,,,,,,,,,,,,,0.990831,0.332759,2.001439,,,,,,
73830,,,,,,,,,,,,,,,,,,,,,,,0.090951,0.137128,0.946110,-9.450000,1.470000,73.570000
73835,,,,,,,,,,,,,55.765705,61.150906,0.299344,0.335268,,,,,,,0.148657,0.148047,0.969046,-17.850000,-10.920000,73.779999
73837,,,,,,,,,,,,,,,,,,,,0.986320,0.341533,2.008240,,,,,,
73844,,,,,,,,,,,,,,,,,,,,,,,0.148657,0.148047,0.969046,-5.880000,-25.129999,78.120003
73845,,,,,,,,,,,,,56.774269,62.400154,0.289435,0.322994,,,,,,,,,,,,
73847,,,,,,,,,,,,,,,,,,,,0.981663,0.350280,2.024444,,,,,,
73853,,,,0.892616,0.450818,2.038478,1.037585,1.037585,,,,,,,,,,,,,,,,,,,,
73855,,,,,,,,,,,65.972336,72.598366,57.536480,63.355278,0.346268,0.380655,0.129364,0.036123,0.014136,,,,,,,,,
73858,,,,,,,,,,,,,,,,,,,,,,,0.161589,0.120719,0.995642,-11.480000,-8.890000,75.250000
73870,,,,,,,,,,,,,58.618183,64.607727,0.335705,0.368425,,,,,,,,,,,,
73866,,,,,,,,,,,,,,,,,,,,0.971711,0.368715,2.056825,,,,,,
73875,,,,,,,,,,,,,,,,,,,,,,,0.136701,0.079300,0.811056,-9.240000,30.660000,72.099998
73876,,,,,,,,,,,,,60.032253,65.071854,0.321896,0.363892,,,,,,,,,,,,
73877,,,,,,,,,,,,,,,,,,,,0.966334,0.378683,2.088637,,,,,,
73880,,,,,,,,,,,,,,,,,,,,,,,0.136701,0.079300,0.811056,-17.150000,20.790001,67.480003
73885,,,,,,,,,,,,,,,,,,,,,,,0.136701,0.079300,0.811056,-1.820000,11.760000,67.339996
73886,,,,,,,,,,,,,61.214684,66.525352,0.310349,0.349699,,,,,,,,,,,,
73887,,,,,,,,,,,,,,,,,,,,0.960516,0.388375,2.104716,,,,,,
73894,,,,,,,,,,,,,,,,,,,,,,,0.199592,0.137677,1.008391,-2.240000,-13.440000,69.230003
73895,,,,,,,,,,,,,61.892567,67.515022,0.303730,0.340034,,,,,,,,,,,,
73898,,,,,,,,,,,,,,,,,,,,0.955103,0.397441,2.114220,,,,,,
73903,,,,0.865326,0.501209,2.095792,1.110109,1.110109,,,,,,,,,,,,,,,,,,,,
73905,,,,,,,,,,,71.431343,76.519600,62.962906,68.237968,0.367864,0.386405,0.135284,0.023719,-0.015516,,,,,,,,,
73908,,,,,,,,,,,,,,,,,,,,0.949282,0.406772,2.123786,0.199592,0.137677,1.008391,1.190000,-7.000000,63.349998
73915,,,,,,,,,,,,,64.010170,69.551926,0.357706,0.373660,,,,,,,0.107665,0.112423,0.878461,-4.410000,18.200001,62.439999
73928,,,,,,,,,,,,,65.314178,70.825600,0.345058,0.361307,,,,,,,,,,,,
73918,,,,,,,,,,,,,,,,,,,,0.943155,0.416582,2.139398,,,,,,
73929,,,,,,,,,,,,,,,,,,,,0.936715,0.426117,2.142896,,,,,,
73934,,,,,,,,,,,,,,,,,,,,,,,0.191723,0.125233,0.856440,-35.419998,8.050000,59.290001
73935,,,,,,,,,,,,,66.575981,71.213287,0.332819,0.357546,,,,,,,,,,,,
73939,,,,,,,,,,,,,,,,,,,,,,,0.191723,0.125233,0.856440,-38.990002,2.870000,56.910000
73936,,,,,,,,,,,,,,,,,,,,0.930364,0.435731,2.158610,,,,,,
73944,,,,,,,,,,,,,,,,,,,,,,,0.191723,0.125233,0.856440,-11.830000,-2.730000,47.040001
73945,,,,,,,,,,,,,67.546974,71.997849,0.323401,0.349937,,,,,,,,,,,,
73947,,,,,,,,,,,,,,,,,,,,0.923348,0.445640,2.164942,,,,,,
73953,,,,0.833207,0.552962,2.156711,1.182410,1.182410,,,,,,,,,,,,,,,,,,,,
73955,,,,,,,,,,,75.644463,81.445824,68.767426,73.054817,0.369748,0.407741,0.139453,0.014834,-0.007396,,,,,,,,,
73958,,,,,,,,,,,,,,,,,,,,,,,0.143777,0.092537,0.949648,27.090000,12.460000,44.590000
73957,,,,,,,,,,,,,,,,,,,,0.916967,0.455341,2.177334,,,,,,
73970,,,,,,,,,,,,,69.965935,74.306992,0.358042,0.395511,,,,,,,,,,,,
73967,,,,,,,,,,,,,,,,,,,,0.909782,0.465242,2.180580,,,,,,
73975,,,,,,,,,,,,,,,,,,,,,,,0.143777,0.077226,0.921954,15.540000,-8.330000,45.919998
73976,,,,,,,,,,,,,70.925636,74.578201,0.348668,0.392862,,,,,,,,,,,,
73978,,,,,,,,,,,,,,,,,,,,0.902755,0.475286,2.189917,,,,,,
73981,,,,,,,,,,,,,,,,,,,,,,,0.089060,0.077226,0.921954,0.490000,-19.180000,45.849998
73986,,,,,,,,,,,,,72.015007,76.161163,0.338028,0.377400,,,,,,,0.155245,0.069906,0.914451,13.580000,-27.860001,49.560001
73988,,,,,,,,,,,,,,,,,,,,0.895703,0.485306,2.199166,,,,,,
73994,,,,,,,,,,,,,,,,,,,,,,,0.155245,0.069906,0.914451,-0.980000,-29.469999,47.110001
73995,,,,,,,,,,,,,73.550316,77.038895,0.323032,0.368827,,,,,,,,,,,,
73996,,,,,,,,,,,,,,,,,,,,0.888627,0.495217,2.208374,,,,,,
74003,,,,0.795837,0.605511,2.221204,1.254240,1.254240,,,,,,,,,,,,,,,,,,,,
74005,,,,,,,,,,,79.348625,86.817917,73.836494,77.858261,0.371707,0.435554,0.143777,0.009039,0.013676,,,,,,,,,
74008,,,,,,,,,,,,,,,,,,,,,,,0.107726,0.095221,0.707966,-26.250000,28.490000,42.630001
74007,,,,,,,,,,,,,,,,,,,,0.880769,0.505350,2.214669,,,,,,
74014,,,,,,,,,,,,,,,,,,,,,,,0.107726,0.095221,0.707966,-12.530000,29.959999,48.369999
74015,,,,,,,,,,,,,74.842529,78.779335,0.361794,0.426478,,,,,,,,,,,,
74029,,,,,,,,,,,,,75.896782,79.992500,0.351406,0.414524,,,,,,,,,,,,
74028,,,,,,,,,,,,,,,,,,,,0.864673,0.525617,2.230251,,,,,,
74035,,,,,,,,,,,,,76.610176,80.967072,0.344377,0.404922,,,,,,,0.131943,0.118584,0.895358,-0.700000,6.090000,60.340000
74040,,,,,,,,,,,,,,,,,,,,,,,0.131943,0.118584,0.897554,8.470000,-1.050000,60.410000
74038,,,,,,,,,,,,,,,,,,,,0.856691,0.536041,2.242491,,,,,,
74045,,,,,,,,,,,,,,,0.337328,0.394117,,,,,,,0.132126,0.058560,0.897554,4.970000,-9.590000,61.880001
74046,,,,,,,,,,,,,77.325554,82.063591,,,,,,0.848387,0.546482,2.254843,,,,,,
74053,,,,0.752837,0.658207,2.289231,1.325359,1.325359,,,,,,,,,,,,,,,,,,,,
74055,,,,,,,,,,,82.948509,92.157867,78.368950,83.464470,0.376777,0.454023,0.146972,0.003492,0.034460,,,,,,,,,
74058,,,,,,,,,,,,,,,,,,,,,,,0.132126,0.058560,0.897554,-1.820000,-22.540001,74.970001
74056,,,,,,,,,,,,,,,,,,,,0.840115,0.556946,2.266959,,,,,,
74064,,,,,,,,,,,,,,,,,,,,,,,0.111264,0.091622,0.915000,45.500000,-37.099998,75.389999
74065,,,,,,,,,,,,,79.238731,84.634361,0.368234,0.442532,,,,,,,,,,,,
74069,,,,,,,,,,,,,,,,,,,,0.831518,0.567391,2.279099,,,,,,
74074,,,,,,,,,,,,,,,,,,,,,,,0.111264,0.091622,0.915000,-8.050000,-25.270000,84.419998
74075,,,,,,,,,,,,,79.800888,85.981949,0.362712,0.429295,,,,,,,,,,,,
74089,,,,,,,,,,,,,80.857864,87.268616,0.352330,0.416657,,,,,,,,,,,,
74077,,,,,,,,,,,,,,,,,,,,0.823002,0.577664,2.294018,,,,,,
74088,,,,,,,,,,,,,,,,,,,,0.813811,0.587811,2.303306,,,,,,
74094,,,,,,,,,,,,,,,,,,,,,,,0.141398,0.153171,0.876753,-33.810001,23.520000,102.129997
74095,,,,,,,,,,,,,80.913246,88.024513,0.351786,0.409232,,,,,,,,,,,,
74099,,,,,,,,,,,,,,,,,,,,0.804222,0.598457,2.324450,0.142557,0.172569,0.759694,-23.520000,33.740002,96.599998
74103,,,,0.703886,0.710313,2.360738,1.395537,1.395537,,,,,,,,,,,,,,,,,,,,
74105,,,,,,,,,,,87.221710,96.841438,81.732201,88.807762,0.402139,0.465298,0.150158,-0.003457,0.036291,,,,,,,,,
74106,,,,,,,,,,,,,,,,,,,,0.794616,0.608869,2.339551,,,,,,
74109,,,,,,,,,,,,,,,,,,,,,,,0.142557,0.172569,0.759694,17.290001,43.119999,99.050003
74114,,,,,,,,,,,,,,,,,,,,,,,0.142557,0.172569,0.759694,-44.590000,14.140000,97.019997
74115,,,,,,,,,,,,,82.517776,90.120949,0.394518,0.452559,,,,,,,,,,,,
74116,,,,,,,,,,,,,,,,,,,,0.784489,0.619212,2.354726,,,,,,
74124,,,,,,,,,,,,,,,,,,,,,,,0.078934,0.259311,1.012844,-10.640000,-31.780001,101.500000
74125,,,,,,,,,,,,,83.153816,91.197922,0.388348,0.442112,,,,,,,,,,,,
74127,,,,,,,,,,,,,,,,,,,,0.774222,0.629434,2.375645,,,,,,
74134,,,,,,,,,,,,,,,,,,,,,,,0.078934,0.259311,1.012844,11.760000,-70.419998,96.180000
74135,,,,,,,,,,,,,84.770432,92.087067,0.372666,0.433486,,,,,,,,,,,,
74149,,,,,,,,,,,,,85.671013,93.466682,0.363930,0.420103,,,,,,,,,,,,
74137,,,,,,,,,,,,,,,,,,,,0.763954,0.639335,2.393483,,,,,,
74148,,,,,,,,,,,,,,,,,,,,0.753461,0.649146,2.408070,,,,,,
74153,,,,0.648742,0.761009,2.435663,1.464551,1.464551,,,,,,,,,,,,,,,,,,,,
74155,,,,,,,,,,,91.754227,101.016762,85.814270,93.988922,0.424310,0.471853,0.152561,-0.012931,0.028201,,,,,,,,,
74158,,,,,,,,,,,,,,,,,,,,,,,0.105286,0.198494,0.769881,10.150000,24.850000,100.029999
74159,,,,,,,,,,,,,,,,,,,,0.742374,0.659292,2.425946,,,,,,
74164,,,,,,,,,,,,,,,,,,,,,,,0.104676,0.196908,0.769881,0.910000,23.309999,99.959999
74165,,,,,,,,,,,,,86.697029,94.690018,0.415796,0.465091,,,,,,,,,,,,
74169,,,,,,,,,,,,,,,,,,,,0.731173,0.669045,2.440846,0.104676,0.196908,0.769881,-5.460000,28.070000,99.190002
74174,,,,,,,,,,,,,,,,,,,,,,,0.130662,0.264923,0.872727,-15.470000,15.960000,94.430000
74175,,,,,,,,,,,,,87.778572,95.602516,0.405364,0.456290,,,,,,,,,,,,
74176,,,,,,,,,,,,,,,,,,,,0.719589,0.678953,2.461431,,,,,,
74184,,,,,,,,,,,,,,,,,,,,,,,0.130662,0.264923,0.872727,-26.459999,-17.430000,88.690002
74185,,,,,,,,,,,,,88.649780,96.328621,0.396961,0.449286,,,,,,,,,,,,
74187,,,,,,,,,,,,,,,,,,,,0.707699,0.688541,2.479058,,,,,,
74194,,,,,,,,,,,,,,,,,,,,,,,0.117974,0.242719,0.982527,-3.500000,-70.070000,87.989998
74195,,,,,,,,,,,,,89.935333,97.492409,0.384561,0.438061,,,,,,,,,,,,
74213,,,,0.587254,0.809403,2.513931,1.532188,1.532188,,,,,,,,,,,,,,,,,,,,
74215,,,,,,,,,,,96.178139,106.142807,,,,,0.167936,-0.021262,0.034669,,,,,,,,,
74217,,,,,,,,,,,,,90.726898,98.361290,0.437408,0.499793,,,,,,,,,,,,
74208,,,,,,,,,,,,,,,,,,,,0.684003,0.707158,2.510933,,,,,,
74218,,,,,,,,,,,,,,,,,,,,0.671319,0.716702,2.525697,,,,,,
74222,,,,,,,,,,,,,,,,,,,,,,,0.085034,0.150060,0.757681,-22.120001,80.150002,92.540001
74225,,,,,,,,,,,,,91.666054,98.728310,0.428329,0.496245,,,,,,,,,,,,
74227,,,,,,,,,,,,,,,,,,,,,,,0.085034,0.150060,0.757681,18.900000,60.410000,95.339996
74226,,,,,,,,,,,,,,,,,,,,0.658543,0.725980,2.540267,,,,,,
74233,,,,,,,,,,,,,,,,,,,,,,,0.137128,0.201544,0.738222,19.459999,30.100000,96.949997
74235,,,,,,,,,,,,,92.535255,100.128235,0.419927,0.482712,,,,,,,,,,,,
74238,,,,,,,,,,,,,,,,,,,,,,,0.137128,0.201544,0.738222,-6.020000,5.810000,100.309998
74236,,,,,,,,,,,,,,,,,,,,0.645492,0.735511,2.554690,,,,,,
74244,,,,,,,,,,,,,,,,,,,,,,,0.137128,0.201544,0.738222,16.799999,-11.480000,93.379997
74245,,,,,,,,,,,,,93.181442,101.211845,0.413681,0.472237,,,,,,,,,,,,
74247,,,,,,,,,,,,,,,,,,,,0.632027,0.744673,2.574945,,,,,,
74253,,,,0.519388,0.854539,2.595458,1.598247,1.598247,,,,,,,,,,,,,,,,,,,,
74255,,,,,,,,,,,100.108154,109.243004,94.569397,102.403954,0.453610,0.502634,0.155178,-0.032197,0.021945,,,,,,,,,
74259,,,,,,,,,,,,,,,,,,,,,,,0.117913,0.330742,1.091107,-16.590000,-59.080002,106.750000
74268,,,,,,,,,,,,,,,,,,,,0.605315,0.761780,2.615200,,,,,,
74270,,,,,,,,,,,,,95.869827,103.598969,0.441125,0.491161,,,,,,,,,,,,
74276,,,,,,,,,,,,,96.892967,105.199387,0.431302,0.475795,,,,,,,0.123403,0.222894,0.773846,-24.430000,-16.450001,99.400002
74278,,,,,,,,,,,,,,,,,,,,0.591606,0.770103,2.632350,,,,,,
74281,,,,,,,,,,,,,,,,,,,,,,,0.123403,0.222894,0.773846,-15.330000,-10.290000,106.120003
74285,,,,,,,,,,,,,98.642303,106.221550,0.414506,0.465981,,,,,,,,,,,,
74286,,,,,,,,,,,,,,,,,,,,0.577139,0.778415,2.649579,0.145363,0.180560,0.693448,-9.730000,5.670000,100.589996
74294,,,,,,,,,,,,,,,,,,,,,,,0.145363,0.180560,0.693448,-1.890000,41.930000,98.349998
74295,,,,,,,,,,,,,99.402817,106.873672,0.407205,0.459720,,,,,,,,,,,,
74297,,,,,,,,,,,,,,,,,,,,0.563035,0.786752,2.666579,,,,,,
74311,,,,0.445239,0.895412,2.680151,1.662531,1.662531,,,,,,,,,,,,,,,,,,,,
74314,,,,,,,,,,,104.184532,112.905540,99.530258,107.261032,0.461495,0.505902,0.154320,-0.042626,0.015246,,,,,,,,,
74308,,,,,,,,,,,,,,,,,,,,0.547380,0.795408,2.683757,,,,,,
74316,,,,,,,,,,,,,,,,,,,,0.532149,0.803532,2.700798,,,,,,
74320,,,,,,,,,,,,,,,,,,,,,,,0.129198,0.295606,0.936655,5.460000,33.880001,100.870003
74325,,,,,,,,,,,,,100.404938,107.889618,0.453084,0.499857,,,,,,,0.078934,0.302011,0.888892,15.680000,6.790000,99.330002
74327,,,,,,,,,,,,,,,,,,,,0.516823,0.811215,2.717762,,,,,,
74330,,,,,,,,,,,,,,,,,,,,,,,0.078934,0.302011,0.888892,26.809999,-10.360000,95.199997
74335,,,,,,,,,,,,,,,0.444500,0.492254,,,,,,,0.078934,0.302011,0.888892,-10.360000,-29.330000,91.349998
74336,,,,,,,,,,,,,101.297638,108.680206,,,,,,,,,,,,,,
74338,,,,,,,,,,,,,,,,,,,,0.501645,0.818433,2.734725,,,,,,
74344,,,,,,,,,,,,,,,,,,,,,,,0.103212,0.279197,0.651663,17.219999,-80.080002,93.940002
74345,,,,,,,,,,,,,102.600723,109.932991,0.431969,0.480207,,,,,,,,,,,,
74348,,,,,,,,,,,,,,,,,,,,0.486672,0.825208,2.751741,,,,,,
74353,,,,0.365048,0.930989,2.767908,1.724855,1.724855,,,,,,,,,,,,,,,,,,,,
74355,,,,,,,,,,,107.764023,116.765305,,,0.472452,0.525392,0.152628,-0.051622,0.017437,,,,,,,,,
74356,,,,,,,,,,,,,103.458969,110.699005,,,,,,0.470921,0.832307,2.768789,,,,,,
74359,,,,,,,,,,,,,,,,,,,,,,,0.103212,0.279197,0.651663,-2.030000,21.000000,86.660004
74371,,,,,,,,,,,,,104.435181,111.613495,0.463065,0.516599,,,,,,,,,,,,
74367,,,,,,,,,,,,,,,,,,,,0.454456,0.839126,2.782779,,,,,,
74376,,,,,,,,,,,,,105.651138,111.690971,0.451373,0.515854,,,,,,,0.113704,0.256932,0.829051,-6.090000,20.020000,94.639999
74378,,,,,,,,,,,,,,,,,,,,0.438017,0.846013,2.799648,,,,,,
74381,,,,,,,,,,,,,,,,,,,,,,,0.161223,0.271877,0.810507,-21.139999,0.140000,93.309998
74385,,,,,,,,,,,,,106.452950,112.745773,0.443663,0.505711,,,,,,,,,,,,
74386,,,,,,,,,,,,,,,,,,,,,,,0.161223,0.271877,0.810507,-14.980000,-17.709999,93.379997
74389,,,,,,,,,,,,,,,,,,,,0.420942,0.852390,2.813739,,,,,,
74394,,,,,,,,,,,,,,,,,,,,,,,0.161223,0.271877,0.810507,-0.770000,-58.099998,87.360001
74395,,,,,,,,,,,,,107.115952,114.055710,0.437288,0.493116,,,,,,,,,,,,
74397,,,,,,,,,,,,,,,,,,,,0.404568,0.858366,2.833303,,,,,,
74403,,,,0.279214,0.960229,2.858617,1.785044,1.785044,,,,,,,,,,,,,,,,,,,,
74405,,,,,,,,,,,110.849487,120.738846,,,0.472578,0.540862,0.150253,-0.059049,0.026572,,,,,,,,,
74406,,,,,,,,,,,,,107.824730,114.736412,,,,,,,,,,,,,,
74409,,,,,,,,,,,,,,,,,,,,,,,0.116327,0.271084,0.863211,-6.440000,8.610000,98.000000
74407,,,,,,,,,,,,,,,,,,,,0.387900,0.864194,2.844641,,,,,,
74414,,,,,,,,,,,,,,,,,,,,,,,0.116327,0.271084,0.863211,1.330000,47.040001,88.339996
74415,,,,,,,,,,,,,108.638161,115.573303,0.464731,0.532788,,,,,,,,,,,,
74429,,,,,,,,,,,,,109.255356,115.901825,0.458777,0.529619,,,,,,,,,,,,
74417,,,,,,,,,,,,,,,,,,,,0.370226,0.869907,2.864170,,,,,,
74428,,,,,,,,,,,,,,,,,,,,0.352956,0.875550,2.875291,,,,,,
74434,,,,,,,,,,,,,,,,,,,,,,,0.080459,0.233813,0.817400,19.530001,-18.969999,100.379997
74435,,,,,,,,,,,,,110.608170,117.049629,0.445726,0.518546,,,,,,,,,,,,
74436,,,,,,,,,,,,,,,,,,,,0.335392,0.880774,2.892043,,,,,,
74440,,,,,,,,,,,,,,,,,,,,,,,0.125416,0.286273,0.907680,10.990000,-46.200001,98.839996
74445,,,,,,,,,,,,,,,,,,,,,,,0.125416,0.286273,0.907680,5.320000,-49.279999,96.389999
74446,,,,,,,,,,,,,111.116264,118.128807,0.440824,0.508135,,,,0.317621,0.885765,2.911646,,,,,,
74453,,,,0.188302,0.982111,2.952160,1.842929,1.842929,,,,,,,,,,,,,,,,,,,,
74455,,,,,,,,,,,113.495010,124.814529,,,0.470993,0.557966,0.147701,-0.064440,0.041444,,,,,,,,,
74456,,,,,,,,,,,,,111.734940,118.740845,,,,,,,,,,,,,,
74459,,,,,,,,,,,,,,,,,,,,,,,0.125416,0.286273,0.907680,10.430000,37.169998,105.629997
74457,,,,,,,,,,,,,,,,,,,,0.300004,0.890755,2.925428,,,,,,
74471,,,,,,,,,,,,,112.050964,119.749458,0.467938,0.548217,,,,,,,,,,,,
74467,,,,,,,,,,,,,,,,,,,,0.281883,0.895041,2.939436,,,,,,
74476,,,,,,,,,,,,,,,,,,,,,,,0.088816,0.275659,0.706868,34.020000,20.230000,104.720001
74478,,,,,,,,,,,,,,,,,,,,0.263437,0.899438,2.961635,,,,,,
74481,,,,,,,,,,,,,,,,,,,,,,,0.109495,0.275659,0.706868,17.709999,10.290000,121.519997
74485,,,,,,,,,,,,,112.651062,120.628281,0.462138,0.539722,,,,0.244189,0.903548,2.978250,,,,,,
74486,,,,,,,,,,,,,,,,,,,,,,,0.109495,0.275659,0.706868,-2.240000,3.080000,125.089996
74494,,,,,,,,,,,,,,,,,,,,,,,0.121634,0.374418,0.914146,-18.620001,-12.600000,122.010002
74495,,,,,,,,,,,,,113.408943,121.764297,0.454812,0.528742,,,,,,,,,,,,
74497,,,,,,,,,,,,,,,,,,,,0.225479,0.906999,3.000605,,,,,,
74503,,,,0.093049,0.995662,3.048409,1.898352,1.898352,,,,,,,,,,,,,,,,,,,,
74505,,,,,,,,,,,116.318977,128.381561,,,,,0.143459,-0.069379,0.048497,,,,,,,,,
74506,,,,,,,,,,,,,114.131416,122.230713,0.486281,0.572588,,,,,,,,,,,,
74509,,,,,,,,,,,,,,,,,,,,,,,0.121634,0.374418,0.914146,4.620000,-32.689999,123.059998
74507,,,,,,,,,,,,,,,,,,,,0.206776,0.910556,3.022686,,,,,,
74515,,,,,,,,,,,,,114.644127,123.715111,0.481358,0.558335,,,,,,,0.079239,0.262544,0.692533,-30.590000,31.850000,130.759995
74528,,,,,,,,,,,,,115.185814,124.482521,0.476157,0.550966,,,,0.168236,0.915815,3.064519,,,,,,
74518,,,,,,,,,,,,,,,,,,,,0.187747,0.913381,3.047815,,,,,,
74534,,,,,,,,,,,,,,,,,,,,,,,0.125843,0.407785,0.944341,2.030000,-13.440000,134.679993
74535,,,,,,,,,,,,,116.119553,125.541992,0.467191,0.540792,,,,,,,,,,,,
74539,,,,,,,,,,,,,,,,,,,,0.148813,0.918326,3.089439,0.125843,0.407785,0.944341,-12.320000,-28.490000,143.710007
74545,,,,,,,,,,,,,116.937019,126.513687,0.459341,0.531462,,,,,,,0.125843,0.407785,0.944341,-4.480000,-22.469999,136.710007
74547,,,,,,,,,,,,,,,,,,,,0.129518,0.919998,3.111628,,,,,,
74553,,,,-0.005638,0.999984,-3.135955,1.951165,1.951165,,,,,,,,,,,,,,,,,,,,
74555,,,,,,,,,,,119.814796,130.968689,,,,,0.137349,-0.076033,0.037128,,,,,,,,,
74556,,,,,,,,,,,,,117.568604,127.224556,0.500634,0.559503,,,,,,,,,,,,
74559,,,,,,,,,,,,,,,,,,,,,,,0.082899,0.343735,0.756766,48.439999,28.910000,134.820007
74557,,,,,,,,,,,,,,,,,,,,0.110020,0.921697,3.136693,,,,,,
74565,,,,,,,,,,,,,118.078407,127.329758,0.495782,0.558502,,,,,,,0.082899,0.343735,0.756766,-38.430000,49.209999,143.220001
74567,,,,,,,,,,,,,,,,,,,,0.089756,0.922948,-3.121738,,,,,,
74574,,,,,,,,,,,,,,,,,,,,,,,0.081313,0.362340,0.819657,-41.650002,30.240000,134.889999
74575,,,,,,,,,,,,,118.530998,128.507065,0.491476,0.547299,,,,,,,,,,,,
74588,,,,,,,,,,,,,119.355896,128.584824,0.483626,0.546559,,,,,,,,,,,,
74587,,,,,,,,,,,,,,,,,,,,0.050164,0.923817,-3.074588,,,,,,
74594,,,,,,,,,,,,,,,,,,,,,,,0.112850,0.483608,0.813618,-9.450000,-57.400002,141.119995
74595,,,,,,,,,,,,,120.404869,129.768402,0.473644,0.535296,,,,,,,,,,,,
74599,,,,,,,,,,,,,,,,,,,,,,,0.112850,0.483608,0.813618,33.389999,-29.330000,134.050003
74597,,,,,,,,,,,,,,,,,,,,0.030064,0.923478,-3.052332,,,,,,
74603,,,,-0.106688,0.994293,-3.034702,2.001226,2.001226,,,,,,,,,,,,,,,,,,,,
74605,,,,,,,,,,,123.310036,133.038406,,,,,0.129812,-0.082839,0.020098,,,,,,,,,
74606,,,,,,,,,,,,,120.542900,130.558517,0.519492,0.555681,,,,,,,,,,,,
74609,,,,,,,,,,,,,,,,,,,,,,,0.112850,0.483608,0.813618,4.060000,6.370000,134.119995
74608,,,,,,,,,,,,,,,,,,,,0.010230,0.923189,-3.027385,,,,,,
74615,,,,,,,,,,,,,121.768860,131.326233,0.507861,0.548397,,,,-0.009883,0.922130,-3.008157,0.076372,0.375455,0.691801,-59.220001,17.150000,138.529999
74624,,,,,,,,,,,,,,,,,,,,,,,0.076372,0.375455,0.554124,-8.470000,37.520000,134.539993
74625,,,,,,,,,,,,,122.793541,131.384766,0.498140,0.547842,,,,,,,,,,,,
74626,,,,,,,,,,,,,,,,,,,,-0.030160,0.920410,-2.985945,,,,,,
74634,,,,,,,,,,,,,,,,,,,,,,,0.083936,0.322080,0.554124,-5.810000,35.349998,135.029999
74635,,,,,,,,,,,,,123.577995,131.901764,0.490698,0.542937,,,,,,,,,,,,
74648,,,,,,,,,,,,,123.349777,132.037857,0.492863,0.541646,,,,,,,,,,,,
74647,,,,,,,,,,,,,,,,,,,,-0.071613,0.916162,-2.936004,,,,,,
74653,,,,-0.208879,0.977942,-2.931164,2.048404,2.048404,,,,,,,,,,,,,,,,,,,,
74655,,,,,,,,,,,126.371758,135.055313,,,,,0.121741,-0.088678,0.007707,,,,,,,,,
74656,,,,,,,,,,,,,124.110878,132.173782,0.526938,0.567560,,,,,,,,,,,,
74659,,,,,,,,,,,,,,,,,,,,,,,0.133834,0.554368,0.965264,-26.320000,-21.910000,118.860001
74658,,,,,,,,,,,,,,,,,,,,-0.091859,0.913527,-2.910803,,,,,,
74665,,,,,,,,,,,,,124.817513,133.300858,0.520233,0.556867,,,,,,,0.054351,0.485011,0.798856,-23.240000,-40.110001,117.180000
74670,,,,,,,,,,,,,,,,,,,,,,,0.054351,0.485011,0.798856,-26.740000,-56.840000,113.540001
74668,,,,,,,,,,,,,,,,,,,,-0.111931,0.910052,-2.894064,,,,,,
74675,,,,,,,,,,,,,,,,,,,,,,,0.054351,0.485011,0.798856,-4.060000,-28.629999,114.239998
74676,,,,,,,,,,,,,126.286423,133.955933,0.506297,0.550652,,,,,,,,,,,,
74677,,,,,,,,,,,,,,,,,,,,-0.131842,0.906081,-2.874310,,,,,,
74684,,,,,,,,,,,,,,,,,,,,,,,0.046909,0.310673,0.586515,-13.510000,96.739998,126.699997
74685,,,,,,,,,,,,,127.175255,134.193726,0.497864,0.548396,,,,,,,,,,,,
74687,,,,,,,,,,,,,,,,,,,,-0.152377,0.901795,-2.854157,,,,,,
74694,,,,,,,,,,,,,,,,,,,,,,,0.046909,0.310673,0.586515,-0.630000,115.849998,116.129997
74695,,,,,,,,,,,,,127.281075,134.282410,0.496860,0.547554,,,,,,,,,,,,
74709,,,,,,,,,,,,,127.274269,134.352249,0.496924,0.546892,,,,,,,,,,,,
74712,,,,-0.310859,0.950456,-2.825496,2.092578,2.092578,,,,,,,,,,,,,,,,,,,,
74714,,,,,,,,,,,128.529678,139.351532,,,,,0.136168,-0.091778,0.029987,,,,,,,,,
74708,,,,,,,,,,,,,,,,,,,,-0.194327,0.892510,-2.816062,,,,,,
74715,,,,,,,,,,,,,,,0.520561,0.602306,,,,,,,,,,,,
74716,,,,,,,,,,,,,127.859436,134.680298,,,,,,-0.214677,0.886660,-2.799232,,,,,,
74720,,,,,,,,,,,,,,,,,,,,,,,0.095404,0.466223,0.848083,-55.160000,5.180000,102.620003
74725,,,,,,,,,,,,,,,,,,,,,,,0.009943,0.466223,0.848083,-23.379999,2.100000,101.220001
74726,,,,,,,,,,,,,128.461044,135.806290,0.514778,0.591483,,,,,,,,,,,,
74727,,,,,,,,,,,,,,,,,,,,-0.234731,0.880567,-2.782395,,,,,,
74731,,,,,,,,,,,,,,,,,,,,,,,0.009943,0.466223,0.848083,-0.350000,0.980000,113.400002
74735,,,,,,,,,,,,,129.235519,136.558975,0.507334,0.584248,,,,,,,,,,,,
74736,,,,,,,,,,,,,,,,,,,,,,,0.009943,0.466223,0.848083,-31.780001,-79.239998,115.639999
74737,,,,,,,,,,,,,,,,,,,,-0.254798,0.874580,-2.765368,,,,,,
74745,,,,,,,,,,,,,129.644623,137.457047,0.503402,0.575616,,,,,,,0.070821,0.338123,0.643733,31.709999,-89.809998,109.760002
74748,,,,,,,,,,,,,,,,,,,,-0.274457,0.868176,-2.745391,,,,,,
74753,,,,-0.411171,0.911558,-2.717855,2.133634,2.133634,,,,,,,,,,,,,,,,,,,,
74755,,,,,,,,,,,129.868652,140.877335,,,,,0.110877,-0.093188,0.030403,,,,,,,,,
74756,,,,,,,,,,,,,129.816330,137.984573,0.519975,0.591170,,,,-0.293655,0.861135,-2.725233,,,,,,
74759,,,,,,,,,,,,,,,,,,,,,,,0.070821,0.338123,0.643733,-29.610001,-85.260002,116.760002
74770,,,,,,,,,,,,,130.855530,138.846985,0.510038,0.582924,,,,,,,,,,,,
74766,,,,,,,,,,,,,,,,,,,,-0.313330,0.853774,-2.707993,,,,,,
74775,,,,,,,,,,,,,,,,,,,,,,,0.059109,0.470859,0.605852,-20.650000,20.930000,132.229996
74776,,,,,,,,,,,,,130.945587,139.753967,0.509177,0.574251,,,,,,,,,,,,
74777,,,,,,,,,,,,,,,,,,,,-0.332823,0.845966,-2.688050,,,,,,
74781,,,,,,,,,,,,,,,,,,,,,,,0.056608,0.282613,0.605852,51.380001,38.639999,124.669998
74785,,,,,,,,,,,,,131.084625,139.626099,0.507847,0.575474,,,,,,,,,,,,
74786,,,,,,,,,,,,,,,,,,,,,,,0.056608,0.282613,0.605852,-0.140000,47.810001,126.980003
74788,,,,,,,,,,,,,,,,,,,,-0.353179,0.837765,-2.663058,,,,,,
74794,,,,,,,,,,,,,,,,,,,,,,,0.056608,0.507825,0.934398,-51.380001,34.650002,123.900002
74795,,,,,,,,,,,,,131.074509,139.901810,0.507944,0.572837,,,,-0.373486,0.828794,-2.643145,,,,,,
74810,,,,-0.508282,0.861191,-2.608404,2.171469,2.171469,,,,,,,,,,,,,,,,,,,,
74813,,,,,,,,,,,131.481979,143.178391,,,,,0.102765,-0.093306,0.036352,,,,,,,,,
74814,,,,,,,,,,,,,131.279388,140.456116,0.527855,0.598611,,,,,,,,,,,,
74806,,,,,,,,,,,,,,,,,,,,-0.393242,0.819439,-2.620300,,,,,,
74817,,,,,,,,,,,,,,,,,,,,-0.412547,0.809562,-2.597347,,,,,,
74820,,,,,,,,,,,,,,,,,,,,,,,0.071553,0.493612,0.837957,-44.450001,-47.320000,120.400002
74825,,,,,,,,,,,,,131.645035,141.292389,0.524377,0.590656,,,,,,,0.071553,0.493612,0.837957,-24.500000,-52.009998,125.790001
74827,,,,,,,,,,,,,,,,,,,,-0.431421,0.799205,-2.573809,,,,,,
74830,,,,,,,,,,,,,,,,,,,,,,,0.071553,0.493612,0.837957,10.990000,-4.830000,124.389999
74835,,,,,,,,,,,,,,,,,,,,,,,0.086315,0.354776,0.641476,2.100000,66.220001,131.250000
74836,,,,,,,,,,,,,132.230179,141.420654,0.518810,0.589436,,,,,,,,,,,,
74838,,,,,,,,,,,,,,,,,,,,-0.450678,0.789215,-2.550607,,,,,,
74844,,,,,,,,,,,,,,,,,,,,,,,0.086315,0.354776,0.641476,-61.810001,72.730003,133.350006
74845,,,,,,,,,,,,,132.889908,141.761261,0.512534,0.586195,,,,,,,,,,,,
74849,,,,,,,,,,,,,,,,,,,,-0.469864,0.777699,-2.528122,,,,,,
74853,,,,-0.600623,0.799532,-2.497313,2.205987,2.205987,,,,,,,,,,,,,,,,,,,,
74855,,,,,,,,,,,133.306122,144.872787,,,,,0.094249,-0.093417,0.033348,,,,,,,,,
74856,,,,,,,,,,,,,133.305923,141.818680,0.533226,0.608495,,,,,,,,,,,,
74859,,,,,,,,,,,,,,,,,,,,,,,0.063745,0.465308,0.718458,69.440002,5.040000,128.589996
74867,,,,,,,,,,,,,,,,,,,,-0.507523,0.754242,-2.493240,,,,,,
74870,,,,,,,,,,,,,,,0.529090,0.599515,,,,,,,,,,,,
74871,,,,,,,,,,,,,133.741440,142.764236,,,,,,,,,,,,,,
74876,,,,,,,,,,,,,133.854248,143.384598,0.528019,0.593624,,,,,,,0.063745,0.404186,0.650443,42.000000,-19.740000,129.710007
74878,,,,,,,,,,,,,,,,,,,,-0.525955,0.742626,-2.469344,,,,,,
74881,,,,,,,,,,,,,,,,,,,,,,,0.090036,0.404186,0.650443,12.040000,-28.139999,133.490005
74885,,,,,,,,,,,,,134.298309,143.521210,0.523802,0.592327,,,,,,,,,,,,
74887,,,,,,,,,,,,,,,,,,,,,,,0.090036,0.404186,0.650443,-12.250000,-26.320000,135.449997
74888,,,,,,,,,,,,,,,,,,,,-0.544051,0.730002,-2.445671,,,,,,
74894,,,,,,,,,,,,,,,,,,,,,,,0.074786,0.618052,0.910181,-23.660000,-41.020000,131.669998
74895,,,,,,,,,,,,,134.942688,144.348648,0.517683,0.584469,,,,,,,,,,,,
74898,,,,,,,,,,,,,,,,,,,,-0.561589,0.716704,-2.419084,,,,,,
74903,,,,-0.686628,0.727009,-2.384752,2.237101,2.237101,,,,,,,,,,,,,,,,,,,,
74905,,,,,,,,,,,134.661438,146.665665,,,,,0.086713,-0.090941,0.036020,,,,,,,,,
74906,,,,,,,,,,,,,135.197830,144.696671,0.533566,0.605309,,,,-0.578725,0.703379,-2.394877,,,,,,
74909,,,,,,,,,,,,,,,,,,,,,,,0.074786,0.618052,0.910181,-7.910000,-99.120003,128.800003
74914,,,,,,,,,,,,,,,,,,,,,,,0.073688,0.429928,0.627324,-0.770000,-38.990002,145.110001
74915,,,,,,,,,,,,,135.974716,145.676208,0.526209,0.596033,,,,,,,,,,,,
74916,,,,,,,,,,,,,,,,,,,,-0.595545,0.689271,-2.376100,,,,,,
74930,,,,,,,,,,,,,136.296814,145.611633,0.523159,0.596644,,,,,,,,,,,,
74927,,,,,,,,,,,,,,,,,,,,-0.613181,0.675042,-2.352543,,,,,,
74935,,,,,,,,,,,,,137.456406,146.242920,0.512177,0.590666,,,,,,,0.077714,0.270169,0.526125,3.150000,19.250000,91.559998
74937,,,,,,,,,,,,,,,,,,,,-0.630902,0.659913,-2.332703,,,,,,
74940,,,,,,,,,,,,,,,,,,,,,,,0.077714,0.270169,0.526125,-4.200000,27.790001,66.010002
74945,,,,,,,,,,,,,,,,,,,,,,,0.097417,0.592554,0.897554,-12.320000,22.260000,83.860001
74946,,,,,,,,,,,,,137.077637,146.612793,0.515764,0.587163,,,,,,,,,,,,
74948,,,,,,,,,,,,,,,,,,,,-0.647657,0.644566,-2.308643,,,,,,
74953,,,,-0.764777,0.644296,-2.270898,2.264737,2.264737,,,,,,,,,,,,,,,,,,,,
74955,,,,,,,,,,,135.723465,148.263824,,,,,0.078724,-0.087045,0.039376,,,,,,,,,
74956,,,,,,,,,,,,,137.129730,146.787048,0.529584,0.607033,,,,,,,,,,,,
74959,,,,,,,,,,,,,,,,,,,,,,,0.097417,0.592554,0.897554,-22.959999,-9.590000,131.740005
74958,,,,,,,,,,,,,,,,,,,,-0.664071,0.628749,-2.287481,,,,,,
74965,,,,,,,,,,,,,137.597885,146.862885,0.525153,0.606315,,,,,,,0.055022,0.392047,0.544669,21.629999,2.030000,128.449997
74966,,,,,,,,,,,,,,,,,,,,-0.680120,0.613085,-2.263117,,,,,,
74974,,,,,,,,,,,,,,,,,,,,,,,0.055022,0.392047,0.544669,-11.760000,-30.170000,136.149994
74975,,,,,,,,,,,,,137.794388,147.241409,0.523293,0.602732,,,,,,,,,,,,
74976,,,,,,,,,,,,,,,,,,,,-0.695807,0.596995,-2.241314,,,,,,
74989,,,,,,,,,,,,,137.809387,147.783035,0.523151,0.597606,,,,,,,,,,,,
74986,,,,,,,,,,,,,,,,,,,,-0.710891,0.580382,-2.216592,,,,,,
74994,,,,,,,,,,,,,,,,,,,,,,,0.096563,0.635315,0.920490,11.200000,-49.630001,142.380005
74995,,,,,,,,,,,,,138.793671,148.877411,0.513835,0.587248,,,,,,,,,,,,
74997,,,,,,,,,,,,,,,,,,,,-0.725684,0.563638,-2.191109,,,,,,
75000,,,,,,,,,,,,,,,,,,,,,,,0.096563,0.635315,0.920490,-40.950001,-21.700001,155.399994
75003,,,,-0.833638,0.552311,-2.155930,2.288825,2.288825,,,,,,,,,,,,,,,,,,,,
75005,,,,,,,,,,,136.906570,149.453674,,,,,0.071573,-0.081885,0.036957,,,,,,,,,
75006,,,,,,,,,,,,,138.916870,148.982468,0.528670,0.602258,,,,,,,,,,,,
75009,,,,,,,,,,,,,,,,,,,,,,,0.036966,0.340502,0.559980,-14.840000,50.610001,154.630005
75008,,,,,,,,,,,,,,,,,,,,-0.739883,0.546458,-2.168208,,,,,,
75015,,,,,,,,,,,,,138.680130,149.443588,0.530903,0.597910,,,,,,,0.036966,0.340502,0.559980,-4.900000,55.090000,147.419998
75029,,,,,,,,,,,,,138.559525,149.236206,0.532040,0.599865,,,,,,,,,,,,
75018,,,,,,,,,,,,,,,,,,,,-0.754633,0.527931,-2.137852,,,,,,
75028,,,,,,,,,,,,,,,,,,,,-0.768506,0.509777,-2.112898,,,,,,
75034,,,,,,,,,,,,,,,,,,,,,,,0.070028,0.587247,0.863516,7.490000,-25.760000,151.970001
75035,,,,,,,,,,,,,138.592560,150.115356,0.531728,0.591575,,,,,,,,,,,,
75036,,,,,,,,,,,,,,,,,,,,-0.781728,0.490927,-2.083501,,,,,,
75040,,,,,,,,,,,,,,,,,,,,,,,0.072285,0.542900,0.680699,18.690001,-32.900002,159.250000
75045,,,,,,,,,,,,,,,,,,,,,,,0.072285,0.542900,0.680699,-2.800000,-45.290001,153.580002
75046,,,,,,,,,,,,,138.972748,150.265244,0.528144,0.590162,,,,,,,,,,,,
75047,,,,,,,,,,,,,,,,,,,,-0.794478,0.472164,-2.058208,,,,,,
75053,,,,-0.891916,0.452202,-2.040028,2.309306,2.309306,,,,,,,,,,,,,,,,,,,,
75055,,,,,,,,,,,138.539703,149.751205,,,,,0.062986,-0.077398,0.020269,,,,,,,,,
75056,,,,,,,,,,,,,139.211136,150.342850,0.547893,0.593484,,,,,,,,,,,,
75059,,,,,,,,,,,,,,,,,,,,,,,0.072285,0.542900,0.680699,-3.360000,14.000000,150.990005
75058,,,,,,,,,,,,,,,,,,,,-0.806884,0.453678,-2.028459,,,,,,
75065,,,,,,,,,,,,,139.405106,150.484619,0.546083,0.592161,,,,,,,0.020435,0.587369,0.850706,33.529999,4.900000,160.929993
75066,,,,,,,,,,,,,,,,,,,,-0.818917,0.434013,-2.002448,,,,,,
75074,,,,,,,,,,,,,,,,,,,,,,,0.020435,0.587369,0.850706,36.189999,-20.020000,169.539993
75075,,,,,,,,,,,,,139.779099,150.746536,0.542593,0.589717,,,,,,,,,,,,
75089,,,,,,,,,,,,,140.377930,150.783569,0.537005,0.589371,,,,,,,,,,,,
75088,,,,,,,,,,,,,,,,,,,,-0.841456,0.393940,-1.939485,,,,,,
75094,,,,,,,,,,,,,,,,,,,,,,,0.047397,0.507154,0.645197,-24.500000,20.510000,156.380005
75095,,,,,,,,,,,,,140.765518,150.426880,0.533388,0.592700,,,,,,,,,,,,
75100,,,,,,,,,,,,,,,,,,,,,,,0.032879,0.527711,0.710833,-17.990000,8.400000,147.070007
75098,,,,,,,,,,,,,,,,,,,,-0.852029,0.372911,-1.911678,,,,,,
75103,,,,-0.938484,0.345322,-1.923378,2.326132,2.326132,,,,,,,,,,,,,,,,,,,,
75105,,,,,,,,,,,140.345261,149.311584,,,,,0.054729,-0.072856,-0.007093,,,,,,,,,
75106,,,,,,,,,,,,,140.601730,150.841431,0.558981,0.582932,,,,-0.861975,0.352389,-1.889098,,,,,,
75110,,,,,,,,,,,,,,,,,,,,,,,0.032879,0.527711,0.710833,-21.070000,12.950000,154.350006
75115,,,,,,,,,,,,,,,,,,,,,,,0.031903,0.554856,0.683200,-19.809999,-2.310000,159.460007
75116,,,,,,,,,,,,,141.042419,150.767380,0.554858,0.583625,,,,-0.871313,0.331614,-1.860739,,,,,,
75124,,,,,,,,,,,,,,,,,,,,,,,0.031903,0.554856,0.683200,6.160000,-4.970000,155.050003
75125,,,,,,,,,,,,,141.279953,150.592880,0.552636,0.585258,,,,,,,,,,,,
75127,,,,,,,,,,,,,,,,,,,,-0.880395,0.310183,-1.837072,,,,,,
75134,,,,,,,,,,,,,,,,,,,,,,,0.059536,0.414007,0.550159,23.730000,9.170000,142.029999
75135,,,,,,,,,,,,,141.949127,150.883896,0.546374,0.582535,,,,,,,,,,,,
75149,,,,,,,,,,,,,141.789963,150.120544,0.547864,0.589677,,,,,,,,,,,,
75137,,,,,,,,,,,,,,,,,,,,-0.889421,0.289220,-1.812486,,,,,,
75148,,,,,,,,,,,,,,,,,,,,-0.897507,0.266775,-1.789156,,,,,,
75153,,,,-0.972429,0.233201,-1.806165,2.339260,2.339260,,,,,,,,,,,,,,,,,,,,
75155,,,,,,,,,,,141.018478,149.692902,,,,,0.048772,-0.066704,-0.013094,,,,,,,,,
75156,,,,,,,,,,,,,141.968552,149.759506,0.555140,0.598145,,,,-0.905048,0.244342,-1.760242,,,,,,
75159,,,,,,,,,,,,,,,,,,,,,,,0.079056,0.736514,0.945500,1.610000,9.030000,134.050003
75165,,,,,,,,,,,,,141.992325,150.281479,0.554916,0.593237,,,,,,,0.079056,0.736514,0.945500,0.420000,-4.340000,114.169998
75167,,,,,,,,,,,,,,,,,,,,-0.911361,0.222273,-1.742074,,,,,,
75170,,,,,,,,,,,,,,,,,,,,,,,0.079056,0.736514,0.945500,30.030001,-32.689999,129.429993
75175,,,,,,,,,,,,,,,,,,,,,,,0.024522,0.481473,0.491782,22.330000,-20.510000,118.089996
75176,,,,,,,,,,,,,143.507050,150.481537,0.540673,0.591356,,,,,,,,,,,,
75177,,,,,,,,,,,,,,,,,,,,-0.917832,0.200570,-1.723492,,,,,,
75184,,,,,,,,,,,,,,,,,,,,,,,0.024522,0.481473,0.491782,-63.349998,-44.240002,135.240005
75185,,,,,,,,,,,,,143.859848,150.883835,0.537355,0.587573,,,,,,,,,,,,
75187,,,,,,,,,,,,,,,,,,,,-0.923474,0.178855,-1.695384,,,,,,
75194,,,,,,,,,,,,,,,,,,,,,,,0.066917,0.481656,0.648247,-2.940000,27.299999,121.099998
75195,,,,,,,,,,,,,143.509216,150.515076,0.540652,0.591040,,,,,,,,,,,,
75211,,,,-0.993072,0.117506,-1.688575,2.348661,2.348661,,,,,,,,,,,,,,,,,,,,
75213,,,,,,,,,,,141.283661,152.176056,,,,,0.067165,-0.061969,0.009325,,,,,,,,,
75205,,,,,,,,,,,,,,,,,,,,-0.933580,0.134228,-1.659105,,,,,,
75214,,,,,,,,,,,,,143.410950,150.188629,0.544894,0.627614,,,,,,,,,,,,
75217,,,,,,,,,,,,,,,,,,,,-0.938157,0.111589,-1.636026,,,,,,
75220,,,,,,,,,,,,,,,,,,,,,,,0.041480,0.547231,0.684542,16.450001,-27.440001,116.550003
75225,,,,,,,,,,,,,143.745926,150.410339,0.541707,0.625504,,,,,,,0.041480,0.547231,0.684542,-44.799999,-9.100000,118.089996
75227,,,,,,,,,,,,,,,,,,,,-0.942022,0.089104,-1.625950,,,,,,
75230,,,,,,,,,,,,,,,,,,,,,,,0.056303,0.546377,0.732305,-73.849998,-6.370000,111.160004
75235,,,,,,,,,,,,,143.178482,150.954758,0.547106,0.620324,,,,,,,0.056303,0.546377,0.732305,-33.880001,16.309999,108.080002
75238,,,,,,,,,,,,,,,,,,,,-0.945053,0.065968,-1.607199,,,,,,
75244,,,,,,,,,,,,,,,,,,,,,,,0.056303,0.546377,0.732305,46.480000,6.720000,129.220001
75245,,,,,,,,,,,,,143.736694,151.387573,0.541795,0.616206,,,,,,,,,,,,
75248,,,,,,,,,,,,,,,,,,,,-0.947380,0.042731,-1.577830,,,,,,
75253,,,,-1.000000,0.000000,-1.570796,2.354310,2.354310,,,,,,,,,,,,,,,,,,,,
75255,,,,,,,,,,,140.427002,151.754669,,,,,0.044448,-0.053296,0.010915,,,,,,,,,
75256,,,,,,,,,,,,,143.598602,151.616882,0.531656,0.608324,,,,,,,,,,,,
75269,,,,,,,,,,,,,143.436707,151.889908,0.533190,0.605737,,,,,,,,,,,,
75271,,,,,,,,,,,,,,,,,,,,,,,0.122061,0.564555,0.681187,20.230000,-53.619999,127.680000
75266,,,,,,,,,,,,,,,,,,,,-0.951717,-0.002980,-1.539693,,,,,,
75275,,,,,,,,,,,,,143.523041,152.266663,0.532372,0.602167,,,,,,,,,,,,
75276,,,,,,,,,,,,,,,,,,,,-0.952589,-0.026720,-1.512883,0.079300,0.505873,0.712724,25.620001,16.799999,138.320007
75282,,,,,,,,,,,,,,,,,,,,,,,0.079300,0.505873,0.712724,78.610001,33.880001,138.389999
75285,,,,,,,,,,,,,143.250717,152.253250,0.534952,0.602294,,,,,,,,,,,,
75287,,,,,,,,,,,,,,,,,,,,-0.953306,-0.050963,-1.471376,0.095831,0.559248,0.819108,30.799999,13.720000,155.820007
75294,,,,,,,,,,,,,,,,,,,,,,,0.095831,0.559248,0.819108,3.220000,-14.350000,146.789993
75295,,,,,,,,,,,,,143.609650,152.283356,0.531551,0.602009,,,,,,,,,,,,
75297,,,,,,,,,,,,,,,,,,,,-0.953109,-0.073731,-1.452798,,,,,,
75303,,,,-0.993072,-0.117506,-1.453018,2.356194,2.356194,,,,,,,,,,,,,,,,,,,,
75306,,,,,,,,,,,140.513748,151.420334,143.320145,152.662476,0.535646,0.593993,0.038567,-0.045579,0.003550,,,,,,,,,
75309,,,,,,,,,,,,,,,,,,,,,,,0.057157,0.524600,0.670939,22.540001,-5.740000,153.369995
75308,,,,,,,,,,,,,,,,,,,,-0.952844,-0.096868,-1.430700,,,,,,
75315,,,,,,,,,,,,,143.593430,152.633759,0.533075,0.594263,,,,,,,0.057157,0.524600,0.670939,-55.650002,-1.190000,151.690002
75316,,,,,,,,,,,,,,,,,,,,-0.951005,-0.120676,-1.405116,,,,,,
75329,,,,,,,,,,,,,143.488907,152.686279,0.534058,0.593769,,,,,,,,,,,,
75327,,,,,,,,,,,,,,,,,,,,-0.949528,-0.143826,-1.383518,,,,,,
75335,,,,,,,,,,,,,142.881851,153.278564,0.539771,0.588195,,,,,,,0.081984,0.392230,0.564067,35.630001,19.670000,155.820007
75340,,,,,,,,,,,,,,,,,,,,,,,0.081984,0.392230,0.716201,-13.510000,18.620001,160.789993
75338,,,,,,,,,,,,,,,,,,,,-0.947576,-0.167841,-1.355053,,,,,,
75345,,,,,,,,,,,,,,,,,,,,,,,0.072041,0.627873,0.716201,2.380000,9.870000,145.809998
75346,,,,,,,,,,,,,142.689392,153.042099,0.541582,0.590420,,,,-0.945288,-0.191331,-1.333956,,,,,,
75353,,,,-0.972429,-0.233201,-1.335428,2.354310,2.354310,,,,,,,,,,,,,,,,,,,,
75355,,,,,,,,,,,140.225861,151.103882,,,,,0.034003,-0.037169,0.000401,,,,,,,,,
75356,,,,,,,,,,,,,143.357697,153.152130,0.531712,0.585324,,,,-0.941820,-0.214430,-1.309463,,,,,,
75359,,,,,,,,,,,,,,,,,,,,,,,0.072041,0.627873,0.716201,-33.459999,-45.990002,148.050003
75371,,,,,,,,,,,,,143.010696,152.719894,0.534946,0.589353,,,,,,,,,,,,
75366,,,,,,,,,,,,,,,,,,,,-0.937797,-0.237614,-1.274606,,,,,,
75376,,,,,,,,,,,,,143.658417,153.771835,0.528909,0.579548,,,,,,,0.028548,0.546011,0.723033,-15.750000,18.549999,153.089996
75377,,,,,,,,,,,,,,,,,,,,-0.933356,-0.260939,-1.243729,,,,,,
75382,,,,,,,,,,,,,,,,,,,,,,,0.065148,0.598410,0.861442,-26.389999,32.060001,140.490005
75385,,,,,,,,,,,,,143.413712,153.141495,0.531189,0.585423,,,,,,,,,,,,
75387,,,,,,,,,,,,,,,,,,,,-0.928095,-0.283971,-1.230364,0.065148,0.598410,0.861442,26.670000,14.490000,142.660004
75394,,,,,,,,,,,,,,,,,,,,,,,0.065148,0.598410,0.861442,18.760000,-4.060000,143.919998
75395,,,,,,,,,,,,,143.603317,152.880417,0.529422,0.587856,,,,,,,,,,,,
75398,,,,,,,,,,,,,,,,,,,,-0.922519,-0.306564,-1.199944,,,,,,
75403,,,,-0.938484,-0.345322,-1.218214,2.348661,2.348661,,,,,,,,,,,,,,,,,,,,
75405,,,,,,,,,,,140.216965,150.029251,,,,,0.029992,-0.029723,-0.014409,,,,,,,,,
75406,,,,,,,,,,,,,143.028183,152.948242,0.534588,0.572830,,,,,,,,,,,,
75409,,,,,,,,,,,,,,,,,,,,-0.916160,-0.329178,-1.173225,0.033794,0.548512,0.694851,-15.610000,23.799999,148.539993
75415,,,,,,,,,,,,,143.556900,152.469803,0.529646,0.577302,,,,,,,0.033794,0.548512,0.694851,-1.750000,46.970001,147.910004
75428,,,,,,,,,,,,,143.111282,152.295319,0.533811,0.578933,,,,,,,,,,,,
75427,,,,,,,,,,,,,,,,,,,,-0.902001,-0.374729,-1.127526,,,,,,
75434,,,,,,,,,,,,,,,,,,,,,,,0.057035,0.540277,0.770186,6.510000,-4.410000,137.130005
75435,,,,,,,,,,,,,143.447296,151.968994,0.530670,0.581984,,,,,,,,,,,,
75439,,,,,,,,,,,,,,,,,,,,,,,0.034587,0.626165,0.807701,-40.459999,-11.340000,135.660004
75437,,,,,,,,,,,,,,,,,,,,-0.894376,-0.396676,-1.097958,,,,,,
75445,,,,,,,,,,,,,143.177933,151.993057,0.533188,0.581759,,,,,,,0.034587,0.626165,0.807701,-60.970001,-13.440000,134.050003
75448,,,,,,,,,,,,,,,,,,,,-0.885651,-0.418449,-1.082027,,,,,,
75453,,,,-0.891916,-0.452202,-1.101564,2.339260,2.339260,,,,,,,,,,,,,,,,,,,,
75455,,,,,,,,,,,139.474380,149.305374,,,,,0.026538,-0.022270,-0.016475,,,,,,,,,
75456,,,,,,,,,,,,,143.080322,152.074829,0.524129,0.571287,,,,-0.877042,-0.439812,-1.052744,,,,,,
75459,,,,,,,,,,,,,,,,,,,,,,,0.033306,0.526186,0.640073,32.549999,-45.570000,137.970001
75464,,,,,,,,,,,,,,,,,,,,,,,0.033306,0.526186,0.640073,13.930000,-49.630001,135.940002
75465,,,,,,,,,,,,,142.684021,151.967087,0.527840,0.572296,,,,,,,,,,,,
75466,,,,,,,,,,,,,,,,,,,,-0.868211,-0.460662,-1.027045,,,,,,
75474,,,,,,,,,,,,,,,,,,,,,,,0.034465,0.669658,0.880657,24.709999,-4.270000,129.360001
75475,,,,,,,,,,,,,143.028519,151.933289,0.524614,0.572612,,,,,,,,,,,,
75488,,,,,,,,,,,,,143.001419,151.776367,0.524868,0.574082,,,,-0.847916,-0.502415,-0.986024,,,,,,
75477,,,,,,,,,,,,,,,,,,,,-0.858003,-0.482000,-1.008120,,,,,,
75494,,,,,,,,,,,,,,,,,,,,,,,0.024583,0.300669,0.384056,-7.420000,40.810001,137.759995
75495,,,,,,,,,,,,,143.223801,151.370453,0.522786,0.577883,,,,-0.836842,-0.523435,-0.961115,,,,,,
75499,,,,,,,,,,,,,,,,,,,,,,,0.024583,0.300669,0.384056,-30.940001,92.820000,131.039993
75503,,,,-0.833638,-0.552311,-0.985663,2.326132,2.326132,,,,,,,,,,,,,,,,,,,,
75505,,,,,,,,,,,138.685211,148.329041,,,,,0.025030,-0.014753,-0.020754,,,,,,,,,
75506,,,,,,,,,,,,,142.732574,151.174606,0.516732,0.566593,,,,-0.825532,-0.544903,-0.945717,,,,,,
75509,,,,,,,,,,,,,,,,,,,,,,,0.024583,0.300669,0.384056,-13.160000,64.400002,131.669998
75515,,,,,,,,,,,,,141.785568,150.601089,0.525625,0.571979,,,,,,,0.092415,0.703818,0.897432,-32.619999,43.189999,126.839996
75516,,,,,,,,,,,,,,,,,,,,-0.812993,-0.565383,-0.918205,,,,,,
75529,,,,,,,,,,,,,141.842636,150.446548,0.525089,0.573430,,,,,,,,,,,,
75527,,,,,,,,,,,,,,,,,,,,-0.800696,-0.584850,-0.890411,,,,,,
75535,,,,,,,,,,,,,142.046585,150.158997,0.523174,0.576131,,,,,,,0.026535,0.544791,0.643794,-29.120001,-5.810000,126.769997
75537,,,,,,,,,,,,,,,,,,,,-0.787602,-0.604351,-0.869250,,,,,,
75540,,,,,,,,,,,,,,,,,,,,,,,0.026535,0.544791,0.643794,-64.260002,-3.850000,135.240005
75545,,,,,,,,,,,,,,,,,,,,,,,0.026535,0.544791,0.643794,-1.260000,-15.260000,123.269997
75546,,,,,,,,,,,,,141.848389,150.269211,0.525035,0.575096,,,,,,,,,,,,
75548,,,,,,,,,,,,,,,,,,,,-0.774247,-0.623746,-0.850845,,,,,,
75553,,,,-0.764777,-0.644296,-0.870695,2.309306,2.309306,,,,,,,,,,,,,,,,,,,,
75555,,,,,,,,,,,137.274429,147.388153,,,,,0.021470,-0.007331,-0.017114,,,,,,,,,
75556,,,,,,,,,,,,,141.695358,150.415573,0.507619,0.561148,,,,,,,,,,,,
75559,,,,,,,,,,,,,,,,,,,,-0.761286,-0.641954,-0.829348,0.009638,0.559065,0.686860,11.550000,-71.330002,114.730003
75565,,,,,,,,,,,,,141.349136,150.388367,0.510867,0.561404,,,,,,,0.009638,0.559065,0.686860,-17.360001,-85.330002,123.129997
75566,,,,,,,,,,,,,,,,,,,,-0.746950,-0.659594,-0.820227,,,,,,
75574,,,,,,,,,,,,,,,,,,,,,,,0.008601,0.681431,0.909022,7.770000,-93.589996,122.220001
75575,,,,,,,,,,,,,141.836929,150.559891,0.506291,0.559794,,,,,,,,,,,,
75589,,,,,,,,,,,,,141.767532,150.330276,0.506942,0.561949,,,,,,,,,,,,
75588,,,,,,,,,,,,,,,,,,,,-0.717986,-0.695007,-0.759692,,,,,,
75594,,,,,,,,,,,,,,,,,,,,,,,0.005551,0.200385,0.430904,-10.150000,144.619995,123.199997
75595,,,,,,,,,,,,,140.911850,149.780289,0.514970,0.567109,,,,-0.702415,-0.713252,-0.736355,,,,,,
75600,,,,,,,,,,,,,,,,,,,,,,,0.005551,0.200385,0.430904,-38.080002,94.010002,116.129997
75603,,,,-0.686628,-0.727009,-0.756841,2.288825,2.288825,,,,,,,,,,,,,,,,,,,,
75605,,,,,,,,,,,135.946106,146.123383,,,,,0.020484,-0.000411,-0.017860,,,,,,,,,
75606,,,,,,,,,,,,,140.417435,148.945389,0.501919,0.558071,,,,-0.685990,-0.731302,-0.715895,,,,,,
75609,,,,,,,,,,,,,,,,,,,,,,,0.066551,0.649406,0.990091,5.040000,62.299999,115.709999
75615,,,,,,,,,,,,,140.200363,148.506714,0.503952,0.562178,,,,,,,0.066551,0.649406,0.990091,0.350000,67.059998,119.489998
75617,,,,,,,,,,,,,,,,,,,,-0.669559,-0.748020,-0.698790,,,,,,
75624,,,,,,,,,,,,,,,,,,,,,,,-0.000427,0.483120,0.636291,-59.849998,46.410000,116.059998
75625,,,,,,,,,,,,,139.827179,148.455841,0.507446,0.562655,,,,,,,,,,,,
75627,,,,,,,,,,,,,,,,,,,,-0.652299,-0.764738,-0.675734,,,,,,
75634,,,,,,,,,,,,,,,,,,,,,,,-0.000427,0.483120,0.636291,51.450001,61.180000,119.349998
75635,,,,,,,,,,,,,139.554962,148.457947,0.509995,0.562635,,,,,,,,,,,,
75649,,,,,,,,,,,,,139.332245,148.063431,0.512080,0.566329,,,,,,,,,,,,
75648,,,,,,,,,,,,,,,,,,,,-0.618687,-0.796637,-0.634520,,,,,,
75653,,,,-0.600623,-0.799532,-0.644280,2.264737,2.264737,,,,,,,,,,,,,,,,,,,,
75655,,,,,,,,,,,133.831299,144.940216,,,,,0.016183,0.007466,-0.008090,-0.601174,-0.811647,-0.617194,,,,,,
75656,,,,,,,,,,,,,139.329773,148.200027,0.483721,0.549167,,,,,,,,,,,,
75659,,,,,,,,,,,,,,,,,,,,,,,-0.057828,0.698450,0.951234,9.030000,-11.410000,115.570000
75665,,,,,,,,,,,,,139.688629,148.303680,0.480353,0.548194,,,,,,,0.011041,0.401563,0.566446,-46.830002,-31.990000,108.010002
75670,,,,,,,,,,,,,,,,,,,,,,,0.011041,0.401563,0.566446,-74.970001,-34.020000,121.800003
75669,,,,,,,,,,,,,,,,,,,,-0.583084,-0.826221,-0.593962,,,,,,
75675,,,,,,,,,,,,,,,,,,,,,,,0.011041,0.401563,0.566446,-31.500000,-41.160000,115.220001
75676,,,,,,,,,,,,,139.440903,148.254379,0.482678,0.548657,,,,-0.565108,-0.840048,-0.579667,,,,,,
75684,,,,,,,,,,,,,,,,,,,,,,,-0.045872,0.584319,0.820145,-1.330000,-62.650002,115.570000
75685,,,,,,,,,,,,,139.224854,148.369400,0.484705,0.547577,,,,,,,,,,,,
75687,,,,,,,,,,,,,,,,,,,,-0.547292,-0.853646,-0.556036,,,,,,
75694,,,,,,,,,,,,,,,,,,,,,,,-0.045872,0.584319,0.820145,0.630000,-53.970001,119.349998
75695,,,,,,,,,,,,,139.087891,148.427917,0.485991,0.547028,,,,,,,,,,,,
75710,,,,-0.508282,-0.861191,-0.533188,2.237101,2.237101,,,,,,,,,,,,,,,,,,,,
75712,,,,,,,,,,,131.701233,145.313324,,,,,0.034885,0.013527,0.021956,,,,,,,,,
75713,,,,,,,,,,,,,138.783295,148.174011,0.460053,0.554290,,,,,,,,,,,,
75708,,,,,,,,,,,,,,,,,,,,-0.510566,-0.879288,-0.515307,,,,,,
75719,,,,,,,,,,,,,,,,,,,,,,,-0.014091,0.437187,0.685457,12.250000,-22.120001,128.660004
75718,,,,,,,,,,,,,,,,,,,,-0.491966,-0.891510,-0.495194,,,,,,
75725,,,,,,,,,,,,,137.981766,148.139450,0.467608,0.554616,,,,,,,-0.014091,0.437187,0.685457,-5.250000,4.060000,120.680000
75726,,,,,,,,,,,,,,,,,,,,-0.472953,-0.903659,-0.472119,,,,,,
75730,,,,,,,,,,,,,,,,,,,,,,,-0.014091,0.437187,0.685457,-3.710000,33.599998,118.300003
75735,,,,,,,,,,,,,,,,,,,,,,,-0.014091,0.437187,0.685457,10.220000,43.889999,125.370003
75736,,,,,,,,,,,,,137.462952,147.612000,0.472498,0.559587,,,,-0.452999,-0.915266,-0.449913,,,,,,
75744,,,,,,,,,,,,,,,,,,,,,,,0.003721,0.488427,0.885964,23.030001,2.660000,135.520004
75745,,,,,,,,,,,,,136.501297,147.293671,0.481562,0.562587,,,,,,,,,,,,
75747,,,,,,,,,,,,,,,,,,,,-0.433239,-0.927024,-0.429907,,,,,,
75753,,,,-0.411171,-0.911558,-0.423738,2.205987,2.205987,,,,,,,,,,,,,,,,,,,,
75755,,,,,,,,,,,129.469238,142.011536,,,,,0.014950,0.022342,0.007877,,,,,,,,,
75756,,,,,,,,,,,,,136.217285,147.434494,0.454936,0.517465,,,,,,,,,,,,
75759,,,,,,,,,,,,,,,,,,,,,,,0.003721,0.488427,0.885964,-16.309999,-1.260000,136.850006
75770,,,,,,,,,,,,,135.718018,147.110321,0.459593,0.520488,,,,,,,,,,,,
75768,,,,,,,,,,,,,,,,,,,,-0.392440,-0.948445,-0.379091,,,,,,
75775,,,,,,,,,,,,,,,,,,,,,,,-0.034526,0.513986,0.833199,-18.900000,-19.600000,144.550003
75776,,,,,,,,,,,,,135.558228,146.924133,0.461083,0.522225,,,,-0.372174,-0.957990,-0.356461,,,,,,
75781,,,,,,,,,,,,,,,,,,,,,,,-0.034526,0.513986,0.833199,17.290001,-14.910000,141.050003
75786,,,,,,,,,,,,,135.073105,146.252869,0.465608,0.528486,,,,,,,-0.034526,0.513986,0.833199,35.560001,-29.049999,149.029999
75789,,,,,,,,,,,,,,,,,,,,-0.351763,-0.967624,-0.331076,,,,,,
75794,,,,,,,,,,,,,,,,,,,,,,,-0.036966,0.571753,0.864980,10.010000,-23.520000,148.050003
75795,,,,,,,,,,,,,134.673065,145.831604,0.469339,0.532415,,,,,,,,,,,,
75796,,,,,,,,,,,,,,,,,,,,-0.331167,-0.976302,-0.303012,,,,,,
75803,,,,-0.310859,-0.950456,-0.316097,2.171469,2.171469,,,,,,,,,,,,,,,,,,,,
75806,,,,,,,,,,,127.946350,138.994415,134.472229,145.925247,0.451219,0.491653,0.011548,0.029967,-0.011401,,,,,,,,,
75809,,,,,,,,,,,,,,,,,,,,,,,-0.036966,0.571753,0.864980,14.420000,-19.740000,144.619995
75807,,,,,,,,,,,,,,,,,,,,-0.310758,-0.984771,-0.280520,,,,,,
75814,,,,,,,,,,,,,,,,,,,,,,,-0.010797,0.411689,0.602619,-11.270000,8.260000,135.520004
75815,,,,,,,,,,,,,133.638474,145.617172,0.458957,0.494512,,,,,,,,,,,,
75829,,,,,,,,,,,,,133.142166,144.462967,0.463563,0.505224,,,,,,,,,,,,
75828,,,,,,,,,,,,,,,,,,,,-0.268264,-1.000264,-0.236004,,,,,,
75834,,,,,,,,,,,,,,,,,,,,,,,-0.013542,0.571387,0.829295,11.830000,26.670000,137.339996
75835,,,,,,,,,,,,,133.195236,143.534775,0.463070,0.513839,,,,,,,,,,,,
75836,,,,,,,,,,,,,,,,,,,,-0.246914,-1.007432,-0.208095,,,,,,
75840,,,,,,,,,,,,,,,,,,,,,,,-0.013542,0.571387,0.829295,-12.880000,15.540000,136.639999
75845,,,,,,,,,,,,,132.354462,142.698792,0.470874,0.521597,,,,,,,-0.013542,0.571387,0.829295,13.720000,8.120000,128.309998
75848,,,,,,,,,,,,,,,,,,,,-0.225310,-1.013623,-0.185990,,,,,,
75853,,,,-0.208879,-0.977942,-0.210428,2.133634,2.133634,,,,,,,,,,,,,,,,,,,,
75855,,,,,,,,,,,125.952774,136.106445,,,,,0.009385,0.037255,-0.022909,-0.203888,-1.019277,-0.163807,,,,,,
75856,,,,,,,,,,,,,132.271942,142.047913,0.445036,0.489164,,,,,,,,,,,,
75860,,,,,,,,,,,,,,,,,,,,,,,-0.039040,0.598837,0.945683,-31.780001,5.320000,119.559998
75865,,,,,,,,,,,,,,,,,,,,,,,-0.039040,0.598837,0.945683,-3.920000,-5.600000,119.910004
75866,,,,,,,,,,,,,131.903793,141.756409,0.448460,0.491875,,,,-0.182451,-1.024523,-0.141561,,,,,,
75874,,,,,,,,,,,,,,,,,,,,,,,-0.039223,0.473787,0.670329,-17.570000,-11.480000,113.330002
75875,,,,,,,,,,,,,131.511124,141.511719,0.452112,0.494151,,,,,,,,,,,,
75889,,,,,,,,,,,,,131.315369,140.540146,0.453933,0.503188,,,,,,,,,,,,
75877,,,,,,,,,,,,,,,,,,,,-0.161223,-1.029514,-0.122069,,,,,,
75887,,,,,,,,,,,,,,,,,,,,-0.139943,-1.033186,-0.105544,,,,,,
75894,,,,,,,,,,,,,,,,,,,,,,,-0.051972,0.545157,0.890661,40.950001,-37.660000,108.290001
75895,,,,,,,,,,,,,130.864532,140.324234,0.458126,0.505196,,,,,,,,,,,,
75899,,,,,,,,,,,,,,,,,,,,,,,-0.051972,0.545157,0.890661,20.020000,-33.880001,99.680000
75898,,,,,,,,,,,,,,,,,,,,-0.118811,-1.037468,-0.085913,,,,,,
75903,,,,-0.106688,-0.994293,-0.106891,2.092578,2.092578,,,,,,,,,,,,,,,,,,,,
75905,,,,,,,,,,,123.311615,133.619629,,,,,0.008120,0.043278,-0.020164,,,,,,,,,
75906,,,,,,,,,,,,,130.406250,139.968033,0.426879,0.475092,,,,,,,,,,,,
75909,,,,,,,,,,,,,,,,,,,,,,,-0.051972,0.545157,0.890661,-7.070000,-5.740000,91.699997
75908,,,,,,,,,,,,,,,,,,,,-0.097320,-1.040625,-0.072050,,,,,,
75915,,,,,,,,,,,,,130.015244,139.751480,0.430537,0.477117,,,,,,,-0.052155,0.497516,0.825513,-2.240000,-10.500000,92.750000
75916,,,,,,,,,,,,,,,,,,,,-0.075774,-1.043094,-0.049817,,,,,,
75928,,,,,,,,,,,,,,,0.433228,0.482609,,,,,,,,,,,,
75929,,,,,,,,,,,,,129.727524,139.164444,,,,,,,,,,,,,,
75926,,,,,,,,,,,,,,,,,,,,-0.054338,-1.045046,-0.036039,,,,,,
75934,,,,,,,,,,,,,,,,,,,,,,,-0.043066,0.450485,0.750605,33.880001,-4.410000,88.269997
75935,,,,,,,,,,,,,129.423096,138.174133,0.436076,0.491873,,,,,,,,,,,,
75937,,,,,,,,,,,,,,,,,,,,-0.033151,-1.047287,-0.022208,,,,,,
75940,,,,,,,,,,,,,,,,,,,,,,,-0.043066,0.450485,0.750605,62.090000,18.760000,91.349998
75945,,,,,,,,,,,,,128.650253,137.659515,0.443305,0.496687,,,,,,,-0.044591,0.372466,0.816119,28.840000,34.930000,90.650002
75947,,,,,,,,,,,,,,,,,,,,-0.011421,-1.049161,-0.000046,,,,,,
75953,,,,-0.005638,-0.999984,-0.005638,2.048404,2.048404,,,,,,,,,,,,,,,,,,,,
75955,,,,,,,,,,,120.006927,131.338516,128.442871,137.114975,0.400672,0.471016,0.005656,0.048527,-0.005673,,,,,,,,,
75958,,,,,,,,,,,,,,,,,,,,0.009747,-1.050127,0.008089,-0.044591,0.372466,0.816119,-44.169998,46.130001,91.699997
75965,,,,,,,,,,,,,127.861389,136.807236,0.406142,0.473911,,,,,,,-0.027145,0.401502,0.748958,13.160000,34.230000,91.769997
75968,,,,,,,,,,,,,,,,,,,,0.031349,-1.050704,0.027405,,,,,,
75974,,,,,,,,,,,,,,,,,,,,,,,-0.027145,0.401502,0.748958,18.480000,27.020000,94.639999
75975,,,,,,,,,,,,,126.758537,135.929230,0.416517,0.482170,,,,,,,,,,,,
75988,,,,,,,,,,,,,,,0.422909,0.486694,,,,,,,,,,,,
75989,,,,,,,,,,,,,126.078972,135.448334,,,,,,,,,,,,,,
75986,,,,,,,,,,,,,,,,,,,,0.074560,-1.051250,0.057780,,,,,,
75994,,,,,,,,,,,,,,,,,,,,,,,-0.088389,0.448777,0.991372,-2.450000,14.350000,100.099998
75995,,,,,,,,,,,,,125.577217,135.085129,0.427629,0.490110,,,,,,,,,,,,
75996,,,,,,,,,,,,,,,,,,,,0.095811,-1.050736,0.077240,,,,,,
75999,,,,,,,,,,,,,,,,,,,,,,,-0.088389,0.448777,0.861625,-23.030001,6.580000,99.889999
76003,,,,0.093049,-0.995662,0.093184,2.001226,2.001226,,,,,,,,,,,,,,,,,,,,
76005,,,,,,,,,,,116.190720,128.986160,125.108627,134.729248,0.380727,0.461826,0.001586,0.054530,0.014651,,,,,,,,,
76006,,,,,,,,,,,,,,,,,,,,0.116496,-1.049734,0.090934,,,,,,
76009,,,,,,,,,,,,,,,,,,,,,,,-0.091134,0.370758,0.861625,-5.740000,7.980000,106.750000
76015,,,,,,,,,,,,,124.271172,134.601822,0.388619,0.463027,,,,,,,-0.091134,0.370758,0.861625,-20.020000,9.660000,109.269997
76017,,,,,,,,,,,,,,,,,,,,0.137921,-1.048514,0.113079,,,,,,
76024,,,,,,,,,,,,,,,,,,,,,,,-0.083875,0.362218,0.734440,-11.970000,0.770000,115.500000
76025,,,,,,,,,,,,,123.720383,134.054764,0.393809,0.468182,,,,,,,,,,,,
76027,,,,,,,,,,,,,,,,,,,,0.158967,-1.046900,0.135325,,,,,,
76034,,,,,,,,,,,,,,,,,,,,,,,-0.083875,0.362218,0.734440,20.790001,2.450000,129.360001
76035,,,,,,,,,,,,,122.715179,133.600739,0.403281,0.472460,,,,,,,,,,,,
76054,,,,0.188302,-0.982111,0.189433,1.951165,1.951165,,,,,,,,,,,,,,,,,,,,
76056,,,,,,,,,,,113.245171,128.543076,,,,,0.034567,0.059718,0.049952,,,,,,,,,
76049,,,,,,,,,,,,,,,,,,,,0.200385,-1.042588,0.179883,,,,,,
76057,,,,,,,,,,,,,121.920540,133.125458,0.371052,0.470897,,,,0.220952,-1.039683,0.199102,,,,,,
76063,,,,,,,,,,,,,,,,,,,,,,,-0.111325,0.443836,0.921954,-26.879999,2.030000,130.479996
76065,,,,,,,,,,,,,121.679535,133.016922,0.373328,0.471922,,,,,,,,,,,,
76068,,,,,,,,,,,,,,,,,,,,0.241173,-1.036060,0.224281,-0.111325,0.443836,0.921954,-12.670000,3.150000,141.750000
76074,,,,,,,,,,,,,,,,,,,,,,,-0.111325,0.443836,0.921954,-3.220000,2.660000,145.669998
76075,,,,,,,,,,,,,120.485039,132.767334,0.384609,0.474279,,,,,,,,,,,,
76079,,,,,,,,,,,,,,,,,,,,,,,-0.102663,0.395097,0.784094,-6.370000,3.500000,148.399994
76078,,,,,,,,,,,,,,,,,,,,0.261416,-1.032551,0.246533,,,,,,
76085,,,,,,,,,,,,,119.989212,132.513321,0.389291,0.476678,,,,0.281190,-1.028633,0.274568,-0.102663,0.395097,0.784094,-9.450000,4.690000,154.419998
76094,,,,,,,,,,,,,,,,,,,,,,,-0.102663,0.528565,1.093364,-15.400000,1.400000,162.330002
76095,,,,,,,,,,,,,119.050041,132.328903,0.398160,0.478420,,,,,,,,,,,,
76096,,,,,,,,,,,,,,,,,,,,0.300971,-1.024014,0.302489,,,,,,
76111,,,,0.279214,-0.960229,0.282975,1.898352,1.898352,,,,,,,,,,,,,,,,,,,,
76114,,,,,,,,,,,111.186684,121.346657,118.097466,132.451202,0.381105,0.383124,0.001126,0.066499,-0.016712,,,,,,,,,
76106,,,,,,,,,,,,,,,,,,,,0.320919,-1.018798,0.330434,,,,,,
76117,,,,,,,,,,,,,,,,,,,,0.340002,-1.013083,0.352529,,,,,,
76120,,,,,,,,,,,,,,,,,,,,,,,-0.060817,0.368074,0.697596,-19.389999,-9.660000,170.100006
76125,,,,,,,,,,,,,117.502296,131.049942,0.386586,0.396028,,,,,,,-0.060817,0.368074,0.697596,12.110000,-14.770000,183.259995
76130,,,,,,,,,,,,,,,,,,,,,,,-0.060817,0.368074,0.697596,42.910000,-17.150000,186.270004
76128,,,,,,,,,,,,,,,,,,,,0.358895,-1.007680,0.383846,,,,,,
76135,,,,,,,,,,,,,,,,,,,,,,,-0.105713,0.586576,1.048834,-46.759998,-12.530000,172.690002
76136,,,,,,,,,,,,,117.066032,129.535583,0.390603,0.409974,,,,,,,,,,,,
76138,,,,,,,,,,,,,,,,,,,,0.377938,-1.001482,0.414954,,,,,,
76144,,,,,,,,,,,,,,,,,,,,,,,-0.105713,0.586576,1.048834,-17.850000,-18.340000,155.190002
76145,,,,,,,,,,,,,116.083549,128.277130,0.399651,0.421563,,,,0.396599,-0.994454,0.449073,,,,,,
76153,,,,0.365048,-0.930989,0.373685,1.842929,1.842929,,,,,,,,,,,,,,,,,,,,
76155,,,,,,,,,,,109.549637,115.449089,,,0.379867,0.353651,-0.000839,0.070242,-0.072835,,,,,,,,,
76156,,,,,,,,,,,,,115.911743,127.244308,,,,,,,,,,,,,,
76159,,,,,,,,,,,,,,,,,,,,,,,-0.153049,0.508069,0.834785,22.750000,1.680000,127.260002
76166,,,,,,,,,,,,,,,,,,,,0.433104,-0.979990,0.497615,,,,,,
76171,,,,,,,,,,,,,114.954666,125.579048,0.388642,0.368919,,,,,,,,,,,,
76176,,,,,,,,,,,,,115.403564,124.342918,0.384526,0.380253,,,,,,,-0.132004,0.531371,0.807213,-27.020000,9.380000,108.500000
76177,,,,,,,,,,,,,,,,,,,,0.450642,-0.971645,0.514715,,,,,,
76181,,,,,,,,,,,,,,,,,,,,,,,-0.132004,0.531371,0.807213,-4.480000,29.820000,95.339996
76186,,,,,,,,,,,,,114.513741,123.123634,0.392685,0.391432,,,,,,,-0.132004,0.531371,0.807213,23.660000,29.400000,81.830002
76187,,,,,,,,,,,,,,,,,,,,0.468166,-0.963337,0.529071,,,,,,
76194,,,,,,,,,,,,,,,,,,,,,,,-0.184037,0.434137,0.808128,-11.970000,49.000000,56.560001
76195,,,,,,,,,,,,,114.100975,121.345337,0.396469,0.407736,,,,,,,,,,,,
76198,,,,,,,,,,,,,,,,,,,,0.485012,-0.954860,0.540602,,,,,,
76203,,,,0.445239,-0.895412,0.461441,1.785044,1.785044,,,,,,,,,,,,,,,,,,,,
76205,,,,,,,,,,,106.244522,111.362350,,,0.355258,0.361511,-0.003616,0.070871,-0.077183,,,,,,,,,
76206,,,,,,,,,,,,,113.661934,120.292412,,,,,,,,,,,,,,
76209,,,,,,,,,,,,,,,,,,,,,,,-0.184037,0.434137,0.808128,19.459999,44.450001,49.490002
76208,,,,,,,,,,,,,,,,,,,,0.501902,-0.945812,0.549375,,,,,,
76215,,,,,,,,,,,,,113.608711,119.187599,0.355758,0.371896,,,,,,,-0.136152,0.449021,1.056581,16.660000,44.799999,32.410000
76229,,,,,,,,,,,,,112.325432,117.427681,0.367820,0.388438,,,,,,,,,,,,
76226,,,,,,,,,,,,,,,,,,,,0.534968,-0.926957,0.561008,,,,,,
76234,,,,,,,,,,,,,,,,,,,,,,,-0.092171,0.254065,0.661972,7.210000,53.549999,7.280000
76235,,,,,,,,,,,,,111.963913,117.088051,0.371219,0.391631,,,,,,,,,,,,
76237,,,,,,,,,,,,,,,,,,,,0.551201,-0.917337,0.564016,,,,,,
76240,,,,,,,,,,,,,,,,,,,,,,,-0.092171,0.254065,0.661972,6.300000,34.369999,2.310000
76245,,,,,,,,,,,,,111.793610,116.105057,0.372819,0.400870,,,,,,,-0.092171,0.232898,0.845277,-15.680000,-0.490000,4.270000
76247,,,,,,,,,,,,,,,,,,,,0.567012,-0.907633,0.564032,,,,,,
76253,,,,0.519388,-0.854539,0.546134,1.724855,1.724855,,,,,,,,,,,,,,,,,,,,
76255,,,,,,,,,,,100.594917,109.539307,,,0.295254,0.382337,-0.011640,0.070015,-0.019289,,,,,,,,,
76256,,,,,,,,,,,,,111.696259,115.323914,,,,,,,,,,,,,,
76259,,,,,,,,,,,,,,,,,,,,,,,-0.312869,0.232898,0.845277,4.550000,-45.709999,11.200000
76270,,,,,,,,,,,,,110.674522,114.485619,0.305114,0.390427,,,,,,,,,,,,
76269,,,,,,,,,,,,,,,,,,,,0.596588,-0.888920,0.563792,,,,,,
76276,,,,,,,,,,,,,109.649193,113.725731,0.315008,0.397759,,,,0.611261,-0.879596,0.566595,-0.121268,0.072590,0.595482,-24.780001,-41.230000,12.600000
76281,,,,,,,,,,,,,,,,,,,,,,,-0.121268,0.072590,0.595482,-10.780000,-16.730000,23.520000
76285,,,,,,,,,,,,,108.108055,112.757225,0.329880,0.407105,,,,,,,,,,,,
76286,,,,,,,,,,,,,,,,,,,,,,,-0.199287,0.103517,0.732122,3.640000,-14.560000,35.630001
76287,,,,,,,,,,,,,,,,,,,,0.625764,-0.869825,0.569243,,,,,,
76294,,,,,,,,,,,,,,,,,,,,,,,-0.199287,0.103517,0.732122,32.410000,-5.880000,46.619999
76295,,,,,,,,,,,,,107.400314,112.408005,0.336709,0.410475,,,,,,,,,,,,
76298,,,,,,,,,,,,,,,,,,,,0.640649,-0.860437,0.578032,,,,,,
76303,,,,0.587254,-0.809403,0.627662,1.662531,1.662531,,,,,,,,,,,,,,,,,,,,
76305,,,,,,,,,,,94.156166,107.703781,,,,,-0.016800,0.071813,0.046580,,,,,,,,,
76306,,,,,,,,,,,,,106.545296,112.324448,0.255910,0.385793,,,,,,,,,,,,
76310,,,,,,,,,,,,,,,,,,,,,,,-0.186904,0.036905,0.584014,-8.960000,22.820000,75.180000
76309,,,,,,,,,,,,,,,,,,,,0.655016,-0.850997,0.586716,,,,,,
76315,,,,,,,,,,,,,105.218758,112.388237,0.268836,0.385172,,,,,,,-0.186904,0.036905,0.584014,11.900000,22.889999,79.870003
76316,,,,,,,,,,,,,,,,,,,,0.669796,-0.840901,0.601253,,,,,,
76329,,,,,,,,,,,,,103.175865,111.649071,0.288741,0.392374,,,,,,,,,,,,
76327,,,,,,,,,,,,,,,,,,,,0.683993,-0.831296,0.615887,,,,,,
76335,,,,,,,,,,,,,102.025223,110.844917,0.299952,0.400209,,,,,,,-0.166530,0.149267,1.028704,-12.180000,38.639999,113.120003
76337,,,,,,,,,,,,,,,,,,,,0.698256,-0.821161,0.633247,,,,,,
76340,,,,,,,,,,,,,,,,,,,,,,,-0.192272,0.212341,0.723704,-31.780001,50.680000,127.540001
76345,,,,,,,,,,,,,100.495392,110.086861,0.314858,0.407595,,,,,,,-0.192272,0.212341,0.723704,-45.430000,57.400002,143.710007
76348,,,,,,,,,,,,,,,,,,,,0.712418,-0.810471,0.656346,,,,,,
76353,,,,0.648742,-0.761009,0.705930,1.598247,1.598247,,,,,,,,,,,,,,,,,,,,
76355,,,,,,,,,,,90.204956,103.453133,99.366104,110.178825,0.273529,0.349728,-0.020040,0.077923,0.048020,,,,,,,,,
76358,,,,,,,,,,,,,,,,,,,,,,,-0.192272,0.212341,0.723704,-16.170000,36.610001,161.000000
76359,,,,,,,,,,,,,,,,,,,,0.726046,-0.800063,0.679942,,,,,,
76365,,,,,,,,,,,,,97.987656,109.851059,0.286663,0.352851,,,,,,,-0.254126,0.324337,0.985760,-25.270000,9.030000,165.130005
76366,,,,,,,,,,,,,,,,,,,,0.739375,-0.789278,0.712351,,,,,,
76374,,,,,,,,,,,,,,,,,,,,,,,-0.254126,0.324337,0.985760,-5.390000,-43.330002,170.869995
76375,,,,,,,,,,,,,96.736389,108.916649,0.298586,0.361754,,,,,,,,,,,,
76401,,,,,,,,,,,,,95.470840,108.450638,0.310644,0.366194,,,,,,,,,,,,
76403,,,,0.703886,-0.710313,0.780854,1.532188,1.532188,,,,,,,,,,,,,,,,,,,,
76405,,,,,,,,,,,87.715294,101.497673,,,,,0.021153,0.082662,0.062403,,,,,,,,,
76398,,,,,,,,,,,,,,,,,,,,0.776442,-0.757696,0.807966,,,,,,
76410,,,,,,,,,,,,,,,,,,,,,,,-0.274622,0.551257,1.009062,21.139999,-28.070000,179.619995
76408,,,,,,,,,,,,,,,,,,,,0.787588,-0.746900,0.835126,,,,,,
76415,,,,,,,,,,,,,94.032784,107.694710,0.291330,0.347595,,,,,,,,,,,,
76416,,,,,,,,,,,,,,,,,,,,0.798821,-0.735807,0.862516,-0.092598,0.244122,0.476166,-7.700000,-22.889999,173.389999
76422,,,,,,,,,,,,,,,,,,,,,,,-0.092598,0.244122,0.476166,-35.349998,-16.450001,160.229996
76425,,,,,,,,,,,,,92.843925,106.535027,0.302533,0.358523,,,,,,,,,,,,
76427,,,,,,,,,,,,,,,,,,,,0.809646,-0.724292,0.890066,-0.092598,0.244122,0.476166,-54.110001,-12.460000,152.809998
76432,,,,,,,,,,,,,,,,,,,,,,,-0.092598,0.244122,0.476166,-54.040001,-9.730000,157.009995
76435,,,,,,,,,,,,,92.315323,106.019081,0.307514,0.363385,,,,,,,,,,,,
76438,,,,,,,,,,,,,,,,,,,,0.819774,-0.712282,0.920548,-0.200507,0.678991,1.222318,-21.420000,-9.450000,161.839996
76448,,,,,,,,,,,,,91.473770,105.094963,0.315444,0.372093,,,,0.829734,-0.700149,0.948387,,,,,,
76453,,,,0.752837,-0.658207,0.852362,1.464551,1.464551,,,,,,,,,,,,,,,,,,,,
76455,,,,,,,,,,,87.218292,90.687241,,,,,-0.007947,0.086179,-0.087926,,,,,,,,,
76456,,,,,,,,,,,,,90.784966,103.781273,0.316370,0.243422,,,,0.839275,-0.687789,0.976614,,,,,,
76459,,,,,,,,,,,,,,,,,,,,,,,-0.126880,0.388387,0.715957,-20.790001,-2.310000,157.500000
76464,,,,,,,,,,,,,,,,,,,,,,,-0.126880,0.388387,0.715957,15.750000,0.840000,159.669998
76465,,,,,,,,,,,,,90.496719,102.560631,0.318997,0.254546,,,,,,,,,,,,
76466,,,,,,,,,,,,,,,,,,,,0.848512,-0.675357,1.004954,,,,,,
76469,,,,,,,,,,,,,,,,,,,,,,,-0.126880,0.388387,0.715957,11.130000,10.570000,151.199997
76474,,,,,,,,,,,,,,,,,,,,,,,-0.188246,0.508496,1.111237,21.280001,14.910000,127.889999
76475,,,,,,,,,,,,,89.861763,100.561050,0.324783,0.272768,,,,,,,,,,,,
76477,,,,,,,,,,,,,,,,,,,,0.857388,-0.662735,1.030627,,,,,,
76484,,,,,,,,,,,,,,,,,,,,,,,-0.188246,0.508496,1.111237,-27.090000,39.060001,81.970001
76485,,,,,,,,,,,,,89.352440,98.904526,0.329425,0.287864,,,,,,,,,,,,
76488,,,,,,,,,,,,,,,,,,,,0.865685,-0.649911,1.046539,,,,,,
76494,,,,,,,,,,,,,,,,,,,,,,,-0.190625,0.295850,0.625189,15.470000,59.639999,50.540001
76495,,,,,,,,,,,,,88.872749,96.909874,0.333796,0.306042,,,,,,,,,,,,
76508,,,,,,,,,,,,,89.038071,95.381073,0.332289,0.319974,,,,,,,,,,,,
76511,,,,0.795837,-0.605511,0.920388,1.395537,1.395537,,,,,,,,,,,,,,,,,,,,
76513,,,,,,,,,,,84.588951,85.231689,,,,,0.002311,0.082567,-0.122441,,,,,,,,,
76506,,,,,,,,,,,,,,,,,,,,0.881489,-0.624129,1.059796,,,,,,
76515,,,,,,,,,,,,,89.087181,93.636932,0.296041,0.261859,,,,,,,,,,,,
76516,,,,,,,,,,,,,,,,,,,,0.888764,-0.611239,1.063107,,,,,,
76519,,,,,,,,,,,,,,,,,,,,,,,-0.233874,0.364475,1.002291,-33.950001,1.890000,-4.340000
76524,,,,,,,,,,,,,,,,,,,,,,,-0.233874,0.364475,1.002291,0.350000,-25.900000,-8.190000
76525,,,,,,,,,,,,,89.302544,92.578987,0.294015,0.271811,,,,,,,,,,,,
76526,,,,,,,,,,,,,,,,,,,,0.895510,-0.598786,1.059561,,,,,,
76529,,,,,,,,,,,,,,,,,,,,,,,-0.202398,0.106323,0.722911,3.360000,-35.840000,-15.960000
76534,,,,,,,,,,,,,,,,,,,,,,,-0.202398,0.106323,0.722911,-1.820000,-38.919998,-32.130001
76535,,,,,,,,,,,,,88.855598,91.063744,0.298219,0.286065,,,,,,,,,,,,
76537,,,,,,,,,,,,,,,,,,,,0.902214,-0.586750,1.052951,,,,,,
76544,,,,,,,,,,,,,,,,,,,,,,,-0.202398,0.106323,0.722911,45.639999,-38.500000,-56.630001
76545,,,,,,,,,,,,,88.445076,90.303009,0.302081,0.293221,,,,,,,,,,,,
76548,,,,,,,,,,,,,,,,,,,,0.909182,-0.574876,1.043518,,,,,,
76553,,,,0.833207,-0.552962,0.984882,1.325359,1.325359,,,,,,,,,,,,,,,,,,,,
76555,,,,,,,,,,,78.157173,82.237862,88.494156,88.974609,0.211837,0.263264,-0.018098,0.076669,-0.060103,,,,,,,,,
76558,,,,,,,,,,,,,,,,,,,,,,,-0.209291,-0.033489,0.724253,-17.430000,-18.340000,-75.180000
76569,,,,,,,,,,,,,87.703316,87.706223,0.219548,0.275632,,,,,,,,,,,,
76566,,,,,,,,,,,,,,,,,,,,0.922550,-0.551027,1.011418,,,,,,
76575,,,,,,,,,,,,,,,,,,,,,,,-0.185745,-0.073444,0.664412,-19.740000,16.030001,-57.119999
76576,,,,,,,,,,,,,86.685966,85.882637,0.229468,0.293413,,,,,,,,,,,,
76577,,,,,,,,,,,,,,,,,,,,0.929589,-0.538991,1.005175,,,,,,
76581,,,,,,,,,,,,,,,,,,,,,,,-0.185745,-0.073444,0.664412,17.570000,25.480000,-41.230000
76586,,,,,,,,,,,,,85.427086,84.751160,0.241743,0.304445,,,,,,,-0.290909,-0.134444,0.687043,27.650000,45.849998,-29.190001
76588,,,,,,,,,,,,,,,,,,,,0.936696,-0.527257,0.998950,,,,,,
76594,,,,,,,,,,,,,,,,,,,,,,,-0.290909,-0.134444,0.687043,-1.190000,54.599998,-6.300000
76595,,,,,,,,,,,,,84.239601,84.259514,0.253321,0.309239,,,,,,,,,,,,
76598,,,,,,,,,,,,,,,,,,,,0.943765,-0.515838,0.999037,,,,,,
76603,,,,0.865326,-0.501209,1.045801,1.254240,1.254240,,,,,,,,,,,,,,,,,,,,
76605,,,,,,,,,,,70.171776,80.665070,83.290741,83.847122,0.148935,0.290703,-0.029797,0.073991,0.042892,,,,,,,,,
76609,,,,,,,,,,,,,,,,,,,,,,,-0.288896,-0.100772,0.831186,25.969999,19.600000,10.710000
76608,,,,,,,,,,,,,,,,,,,,0.950982,-0.504500,0.999226,,,,,,
76615,,,,,,,,,,,,,81.774658,83.356499,0.164161,0.295631,,,,,,,-0.288896,-0.100772,0.831186,-21.350000,11.200000,21.910000
76629,,,,,,,,,,,,,79.288025,82.634918,0.189134,0.302877,,,,,,,,,,,,
76626,,,,,,,,,,,,,,,,,,,,0.964557,-0.482210,1.008826,,,,,,
76634,,,,,,,,,,,,,,,,,,,,,,,-0.230946,0.005368,0.703818,-31.920000,-8.960000,86.660004
76635,,,,,,,,,,,,,77.803429,82.325729,0.204044,0.305983,,,,,,,,,,,,
76637,,,,,,,,,,,,,,,,,,,,0.971074,-0.470955,1.021646,,,,,,
76640,,,,,,,,,,,,,,,,,,,,,,,-0.230946,0.005368,0.856440,-26.250000,-6.790000,103.459999
76645,,,,,,,,,,,,,,,,,,,,,,,-0.396744,0.111020,0.856440,-12.530000,-9.310000,121.589996
76646,,,,,,,,,,,,,76.001640,82.441162,0.222139,0.304823,,,,,,,,,,,,
76647,,,,,,,,,,,,,,,,,,,,0.977244,-0.460119,1.040282,,,,,,
76653,,,,0.892616,-0.450818,1.103115,1.182410,1.182410,,,,,,,,,,,,,,,,,,,,
76655,,,,,,,,,,,65.172836,76.243782,74.668236,82.343384,0.167982,0.245421,-0.034599,0.077761,0.060673,,,,,,,,,
76659,,,,,,,,,,,,,,,,,,,,,,,-0.396744,0.111020,0.856440,-59.009998,-26.320000,141.470001
76657,,,,,,,,,,,,,,,,,,,,0.983185,-0.449430,1.065719,,,,,,
76671,,,,,,,,,,,,,72.868134,81.477921,0.185557,0.253871,,,,,,,,,,,,
76668,,,,,,,,,,,,,,,,,,,,0.988594,-0.438905,1.091415,,,,,,
76676,,,,,,,,,,,,,,,0.205086,0.258739,,,,,,,-0.274134,0.192516,0.784704,-14.560000,-15.610000,164.779999
76677,,,,,,,,,,,,,70.867981,80.979279,,,,,,,,,,,,,,
76675,,,,,,,,,,,,,,,,,,,,0.993859,-0.428103,1.123870,,,,,,
76682,,,,,,,,,,,,,,,,,,,,,,,-0.276818,0.261202,0.806847,-44.520000,14.700000,163.520004
76685,,,,,,,,,,,,,69.517860,80.497887,0.218268,0.263440,,,,,,,,,,,,
76687,,,,,,,,,,,,,,,,,,,,,,,-0.276818,0.261202,0.806847,-30.590000,23.030001,169.820007
76686,,,,,,,,,,,,,,,,,,,,0.999014,-0.417227,1.150580,,,,,,
76694,,,,,,,,,,,,,,,,,,,,,,,-0.276818,0.261202,0.806847,-24.500000,9.590000,167.789993
76695,,,,,,,,,,,,,68.413147,79.305214,0.229054,0.275084,,,,,,,,,,,,
76697,,,,,,,,,,,,,,,,,,,,1.003724,-0.406466,1.177265,,,,,,
76703,,,,0.915524,-0.402264,1.156808,1.110109,1.110109,,,,,,,,,,,,,,,,,,,,
76705,,,,,,,,,,,63.643902,69.496666,67.290657,78.616989,0.220306,0.192279,-0.030168,0.083072,-0.018105,,,,,,,,,
76708,,,,,,,,,,,,,,,,,,,,,,,-0.319274,0.296033,0.859307,-19.459999,-14.630000,155.399994
76709,,,,,,,,,,,,,,,,,,,,1.008056,-0.395603,1.211591,,,,,,
76714,,,,,,,,,,,,,,,,,,,,,,,-0.319274,0.296033,0.859307,-11.830000,-14.350000,152.320007
76715,,,,,,,,,,,,,66.073189,77.827835,0.231747,0.199695,,,,,,,,,,,,
76716,,,,,,,,,,,,,,,,,,,,1.012107,-0.385189,1.234438,,,,,,
76729,,,,,,,,,,,,,65.379845,76.085693,0.238262,0.216067,,,,,,,,,,,,
76726,,,,,,,,,,,,,,,,,,,,1.015729,-0.374907,1.258105,,,,,,
76734,,,,,,,,,,,,,,,,,,,,,,,-0.211426,0.301706,0.680150,-28.350000,27.090000,91.279999
76735,,,,,,,,,,,,,65.068336,74.914383,0.241190,0.227074,,,,,,,,,,,,
76737,,,,,,,,,,,,,,,,,,,,1.018952,-0.364402,1.272009,,,,,,
76740,,,,,,,,,,,,,,,,,,,,,,,-0.223260,0.260592,0.680150,-8.120000,31.010000,81.830002
76744,,,,,,,,,,,,,,,,,,,,,,,-0.223260,0.260592,0.680150,8.470000,28.629999,72.589996
76745,,,,,,,,,,,,,64.613403,73.445915,0.245465,0.240874,,,,,,,,,,,,
76747,,,,,,,,,,,,,,,,,,,,1.022291,-0.353799,1.289272,,,,,,
76753,,,,0.934508,-0.355942,1.206874,1.037585,1.037585,,,,,,,,,,,,,,,,,,,,
76755,,,,,,,,,,,61.096817,63.109531,64.636032,72.067703,0.211156,0.168326,-0.026684,0.083733,-0.080069,,,,,,,,,
76759,,,,,,,,,,,,,,,,,,,,,,,-0.254370,0.199165,0.771589,-8.050000,-29.049999,41.369999
76758,,,,,,,,,,,,,,,,,,,,1.025295,-0.343662,1.300052,,,,,,
76765,,,,,,,,,,,,,64.370262,70.623268,0.213652,0.181888,,,,,,,-0.254370,0.199165,0.771589,-1.890000,-32.689999,41.160000
76768,,,,,,,,,,,,,,,,,,,,1.027859,-0.333461,1.310532,,,,,,
76774,,,,,,,,,,,,,,,,,,,,,,,-0.206302,0.105286,0.849547,5.950000,-17.780001,21.770000
76775,,,,,,,,,,,,,63.464882,69.273445,0.222153,0.194563,,,,,,,,,,,,
76789,,,,,,,,,,,,,63.065075,67.549660,0.225906,0.210748,,,,,,,,,,,,
76786,,,,,,,,,,,,,,,,,,,,1.032669,-0.313626,1.310357,,,,,,
76794,,,,,,,,,,,,,,,,,,,,,,,-0.231251,0.022082,0.900238,29.260000,21.629999,-32.480000
76795,,,,,,,,,,,,,63.360012,66.275253,0.223137,0.222714,,,,,,,,,,,,
76796,,,,,,,,,,,,,,,,,,,,1.035320,-0.304188,1.300873,,,,,,
76799,,,,,,,,,,,,,,,,,,,,,,,-0.231251,0.022082,0.900238,9.800000,3.220000,-39.410000
76803,,,,0.950027,-0.312168,1.253323,0.965097,0.965097,,,,,,,,,,,,,,,,,,,,
76805,,,,,,,,,,,56.023891,59.298710,,,,,-0.030478,0.080179,-0.048781,,,,,,,,,
76806,,,,,,,,,,,,,63.360954,64.755959,0.152528,0.183964,,,,,,,,,,,,
76809,,,,,,,,,,,,,,,,,,,,,,,-0.231251,0.022082,0.900238,-0.280000,-35.910000,-48.720001
76807,,,,,,,,,,,,,,,,,,,,1.037976,-0.294527,1.296473,,,,,,
76814,,,,,,,,,,,,,,,,,,,,,,,-0.248270,-0.066185,0.806542,15.680000,-42.700001,-48.160000
76815,,,,,,,,,,,,,62.419876,63.593632,0.161708,0.195301,,,,,,,,,,,,
76818,,,,,,,,,,,,,,,,,,,,1.040293,-0.285529,1.292734,,,,,,
76824,,,,,,,,,,,,,,,,,,,,,,,-0.248270,-0.066185,0.806542,10.850000,-35.910000,-46.830002
76825,,,,,,,,,,,,,61.831314,62.271194,0.167449,0.208201,,,,,,,,,,,,
76829,,,,,,,,,,,,,,,,,,,,1.042684,-0.276793,1.278732,,,,,,
76834,,,,,,,,,,,,,,,,,,,,,,,-0.235704,-0.076738,0.883829,-16.030001,-1.120000,-39.759998
76835,,,,,,,,,,,,,60.797203,61.167316,0.177536,0.218968,,,,,,,,,,,,
76836,,,,,,,,,,,,,,,,,,,,1.045266,-0.267959,1.271464,,,,,,
76849,,,,,,,,,,,,,59.797649,60.520626,0.187285,0.225276,,,,,,,,,,,,
76847,,,,,,,,,,,,,,,,,,,,1.047721,-0.258991,1.264871,,,,,,
76853,,,,0.962528,-0.271182,1.296175,0.892911,0.892911,,,,,,,,,,,,,,,,,,,,
76855,,,,,,,,,,,49.545036,56.486813,59.304989,59.095917,0.100351,0.199795,-0.037196,0.077706,0.027585,,,,,,,,,
76858,,,,,,,,,,,,,,,,,,,,1.050516,-0.250098,1.265327,-0.235399,-0.095282,0.858331,15.260000,38.639999,0.070000
76864,,,,,,,,,,,,,,,,,,,,,,,-0.235399,-0.095282,0.858331,-33.040001,41.509998,8.190000
76865,,,,,,,,,,,,,57.594379,58.517776,0.117497,0.205590,,,,,,,,,,,,
76869,,,,,,,,,,,,,,,,,,,,,,,-0.211487,-0.019337,1.018212,-21.209999,38.639999,25.690001
76868,,,,,,,,,,,,,,,,,,,,1.052913,-0.240898,1.269182,,,,,,
76875,,,,,,,,,,,,,56.119507,57.443569,0.132281,0.216357,,,,,,,-0.211487,-0.019337,1.018212,16.450001,39.270000,46.270000
76889,,,,,,,,,,,,,54.637791,56.923252,0.147133,0.221573,,,,,,,,,,,,
76887,,,,,,,,,,,,,,,,,,,,1.058278,-0.223719,1.274421,,,,,,
76894,,,,,,,,,,,,,,,,,,,,,,,-0.320860,0.012139,0.880230,-24.010000,14.420000,87.919998
76895,,,,,,,,,,,,,53.362129,57.132591,0.159919,0.219474,,,,,,,,,,,,
76899,,,,,,,,,,,,,,,,,,,,,,,-0.320860,0.012139,0.880230,-9.310000,-0.980000,94.849998
76897,,,,,,,,,,,,,,,,,,,,1.060291,-0.214979,1.297394,,,,,,
76903,,,,0.972438,-0.233163,1.335467,0.821304,0.821304,,,,,,,,,,,,,,,,,,,,
76905,,,,,,,,,,,44.965458,51.878784,51.942032,56.739838,0.110825,0.159413,-0.041137,0.079732,0.037388,,,,,,,,,
76908,,,,,,,,,,,,,,,,,,,,,,,-0.320860,0.079544,0.854671,-7.770000,-15.050000,107.660004
76909,,,,,,,,,,,,,,,,,,,,1.062503,-0.206954,1.312123,,,,,,
76914,,,,,,,,,,,,,,,,,,,,,,,-0.296582,0.079544,0.854671,-21.070000,-16.870001,111.440002
76915,,,,,,,,,,,,,50.910637,56.056221,0.121031,0.166177,,,,,,,,,,,,
76916,,,,,,,,,,,,,,,,,,,,1.064416,-0.199128,1.324234,,,,,,
76924,,,,,,,,,,,,,,,,,,,,,,,-0.243939,0.145424,0.909571,5.950000,-13.580000,115.220001
76925,,,,,,,,,,,,,48.867188,55.389767,0.141252,0.172772,,,,,,,,,,,,
76927,,,,,,,,,,,,,,,,,,,,1.066265,-0.190885,1.357384,,,,,,
76934,,,,,,,,,,,,,,,,,,,,,,,-0.243939,0.145424,0.909571,-28.280001,2.380000,108.709999
76935,,,,,,,,,,,,,47.694778,54.827358,0.152854,0.178337,,,,,,,,,,,,
76949,,,,,,,,,,,,,46.719921,53.956814,0.162501,0.186952,,,,,,,,,,,,
76937,,,,,,,,,,,,,,,,,,,,1.067640,-0.182907,1.381779,,,,,,
76948,,,,,,,,,,,,,,,,,,,,1.068869,-0.175666,1.387761,,,,,,
76953,,,,0.980157,-0.198224,1.371250,0.750560,0.750560,,,,,,,,,,,,,,,,,,,,
76955,,,,,,,,,,,42.209747,46.202183,45.700550,53.387276,0.135244,0.115660,-0.038526,0.083140,-0.014940,,,,,,,,,
76958,,,,,,,,,,,,,,,,,,,,,,,-0.308843,0.174155,0.921954,-21.000000,-7.490000,99.820000
76959,,,,,,,,,,,,,,,,,,,,1.070018,-0.168150,1.399666,,,,,,
76964,,,,,,,,,,,,,,,,,,,,,,,-0.216245,0.105530,0.926041,9.870000,-31.219999,89.180000
76965,,,,,,,,,,,,,44.579662,52.718334,0.146031,0.122098,,,,,,,,,,,,
76966,,,,,,,,,,,,,,,,,,,,1.071122,-0.161050,1.418304,,,,,,
76969,,,,,,,,,,,,,,,,,,,,,,,-0.216245,0.105530,0.926041,-10.990000,-35.490002,82.809998
76974,,,,,,,,,,,,,,,,,,,,,,,-0.216245,0.105530,0.926041,-15.260000,-24.010000,72.169998
76975,,,,,,,,,,,,,44.113182,51.511379,0.150521,0.133714,,,,,,,,,,,,
76976,,,,,,,,,,,,,,,,,,,,1.071965,-0.154102,1.428824,,,,,,
76984,,,,,,,,,,,,,,,,,,,,,,,-0.301462,0.115656,0.917806,-18.900000,-18.690001,48.230000
76985,,,,,,,,,,,,,43.684181,49.909023,0.154649,0.149135,,,,,,,,,,,,
76987,,,,,,,,,,,,,,,,,,,,1.072507,-0.147196,1.435888,,,,,,
76994,,,,,,,,,,,,,,,,,,,,,,,-0.301462,0.115656,0.917806,9.870000,-13.370000,40.110001
76995,,,,,,,,,,,,,43.336445,48.574028,0.157996,0.161982,,,,,,,,,,,,
77008,,,,,,,,,,,,,42.748402,47.574314,0.163655,0.171604,,,,,,,,,,,,
77011,,,,0.986053,-0.166429,1.403589,0.680973,0.680973,,,,,,,,,,,,,,,,,,,,
77013,,,,,,,,,,,38.822193,41.705334,,,,,-0.031394,0.083181,-0.032101,,,,,,,,,
77007,,,,,,,,,,,,,,,,,,,,1.073790,-0.133382,1.465881,,,,,,
77015,,,,,,,,,,,,,42.301319,46.361839,0.121469,0.121556,,,,,,,,,,,,
77018,,,,,,,,,,,,,,,,,,,,1.074077,-0.126784,1.468310,-0.234667,0.055266,0.993019,4.690000,-11.970000,17.920000
77024,,,,,,,,,,,,,,,,,,,,,,,-0.201605,0.055266,0.993019,-6.650000,-11.130000,12.600000
77025,,,,,,,,,,,,,42.177547,45.594070,0.122672,0.129019,,,,,,,,,,,,
77029,,,,,,,,,,,,,,,,,,,,,,,-0.201605,0.055266,0.993019,-4.550000,-11.270000,10.780000
77028,,,,,,,,,,,,,,,,,,,,1.074547,-0.120402,1.468409,,,,,,
77034,,,,,,,,,,,,,,,,,,,,,,,-0.201605,0.055266,0.993019,9.870000,-13.230000,5.460000
77035,,,,,,,,,,,,,40.978638,44.402344,0.134326,0.140604,,,,,,,,,,,,
77036,,,,,,,,,,,,,,,,,,,,1.075259,-0.114532,1.458599,,,,,,
77044,,,,,,,,,,,,,,,,,,,,,,,-0.170800,-0.027511,0.926956,0.490000,27.719999,-4.410000
77045,,,,,,,,,,,,,40.507370,43.388077,0.138907,0.150464,,,,,,,,,,,,
77047,,,,,,,,,,,,,,,,,,,,1.075813,-0.107497,1.479296,,,,,,
77053,,,,0.990461,-0.137792,1.432564,0.612846,0.612846,,,,,,,,,,,,,,,,,,,,
77055,,,,,,,,,,,34.793907,36.822598,40.098133,42.521961,0.087180,0.091422,-0.037661,0.082299,-0.045446,,,,,,,,,
77058,,,,,,,,,,,,,,,,,,,,,,,-0.170800,-0.027511,0.928420,2.310000,4.760000,2.800000
77070,,,,,,,,,,,,,39.242336,41.281746,0.095569,0.103579,,,,,,,,,,,,
77068,,,,,,,,,,,,,,,,,,,,1.076793,-0.095393,1.465133,,,,,,
77076,,,,,,,,,,,,,,,,,,,,,,,-0.242231,-0.028121,0.797758,-2.870000,-6.650000,0.770000
77078,,,,,,,,,,,,,,,,,,,,1.077407,-0.089964,1.455396,,,,,,
77081,,,,,,,,,,,,,,,,,,,,,,,-0.242231,-0.028121,0.797758,1.610000,17.010000,-0.140000
77085,,,,,,,,,,,,,38.107685,39.823643,0.106692,0.117872,,,,,,,,,,,,
77086,,,,,,,,,,,,,,,,,,,,1.078003,-0.084399,1.452719,-0.242231,-0.028121,0.797758,2.380000,15.750000,-0.910000
77094,,,,,,,,,,,,,,,,,,,,,,,-0.363682,-0.028243,0.982710,11.130000,4.130000,-0.910000
77095,,,,,,,,,,,,,36.991299,38.435104,0.117635,0.131484,,,,,,,,,,,,
77097,,,,,,,,,,,,,,,,,,,,1.078576,-0.078908,1.448983,,,,,,
77103,,,,0.993676,-0.112286,1.458273,0.546492,0.546492,,,,,,,,,,,,,,,,,,,,
77105,,,,,,,,,,,29.764759,33.340080,36.596169,37.263817,0.050842,0.094179,-0.043295,0.080360,0.005667,,,,,,,,,
77108,,,,,,,,,,,,,,,,,,,,,,,-0.363682,-0.028243,0.982710,6.720000,-1.120000,2.450000
77107,,,,,,,,,,,,,,,,,,,,1.079180,-0.073705,1.452493,,,,,,
77114,,,,,,,,,,,,,,,,,,,,,,,-0.276147,0.012810,0.875838,-11.060000,-4.830000,7.280000
77115,,,,,,,,,,,,,35.182602,36.293186,0.064958,0.103871,,,,,,,,,,,,
77128,,,,,,,,,,,,,,,0.083266,0.115624,,,,1.080023,-0.063845,1.456233,,,,,,
77129,,,,,,,,,,,,,33.349209,35.116222,,,,,,,,,,,,,,
77118,,,,,,,,,,,,,,,,,,,,1.079455,-0.068722,1.451900,,,,,,
77134,,,,,,,,,,,,,,,,,,,,,,,-0.309819,-0.014701,0.963190,-3.360000,15.260000,34.369999
77135,,,,,,,,,,,,,32.074047,34.363621,0.095999,0.123140,,,,,,,,,,,,
77139,,,,,,,,,,,,,,,,,,,,,,,-0.309819,-0.014701,0.963190,-8.260000,11.480000,36.540001
77138,,,,,,,,,,,,,,,,,,,,1.080348,-0.058206,1.479983,,,,,,
77145,,,,,,,,,,,,,30.833132,33.858444,0.108391,0.128184,,,,,,,-0.309819,-0.014701,0.963190,-8.120000,-0.070000,40.110001
77149,,,,,,,,,,,,,,,,,,,,1.080580,-0.053651,1.490831,,,,,,
77153,,,,0.995956,-0.089847,1.480828,0.482232,0.482232,,,,,,,,,,,,,,,,,,,,
77155,,,,,,,,,,,26.271231,28.958584,30.278528,32.824024,0.065505,0.077655,-0.043000,0.081483,-0.009284,,,,,,,,,
77158,,,,,,,,,,,,,,,,,,,,,,,-0.297802,0.022692,0.932934,-11.550000,-28.980000,43.189999
77157,,,,,,,,,,,,,,,,,,,,1.080630,-0.049240,1.498283,,,,,,
77169,,,,,,,,,,,,,28.985508,31.907099,0.078276,0.086712,,,,,,,,,,,,
77167,,,,,,,,,,,,,,,,,,,,1.080935,-0.045281,1.502748,,,,,,
77176,,,,,,,,,,,,,27.717924,31.008530,0.090796,0.095587,,,,,,,-0.195871,0.044164,1.051091,-6.440000,-7.280000,46.759998
77177,,,,,,,,,,,,,,,,,,,,1.080960,-0.041455,1.509679,,,,,,
77181,,,,,,,,,,,,,,,,,,,,,,,-0.195871,0.044164,1.051091,-4.060000,9.170000,47.250000
77185,,,,,,,,,,,,,26.889902,29.658619,0.098974,0.108920,,,,,,,,,,,,
77186,,,,,,,,,,,,,,,,,,,,,,,-0.195871,0.044164,0.940315,-4.830000,22.260000,45.919998
77187,,,,,,,,,,,,,,,,,,,,1.081023,-0.037187,1.524705,,,,,,
77194,,,,,,,,,,,,,,,,,,,,,,,-0.260226,-0.016409,0.940315,-2.170000,32.830002,41.439999
77195,,,,,,,,,,,,,25.905540,29.328598,0.108697,0.112180,,,,,,,,,,,,
77198,,,,,,,,,,,,,,,,,,,,1.081231,-0.033307,1.525153,,,,,,
77203,,,,0.997520,-0.070379,1.500359,0.420396,0.420396,,,,,,,,,,,,,,,,,,,,
77205,,,,,,,,,,,22.949753,24.857475,25.075323,28.501884,0.070903,0.063603,-0.041056,0.081989,-0.024671,1.081355,-0.029477,1.526422,,,,,,
77208,,,,,,,,,,,,,,,,,,,,,,,-0.260226,-0.016409,0.940315,-6.230000,16.730000,38.639999
77214,,,,,,,,,,,,,,,,,,,,,,,-0.178974,0.034465,1.037000,-19.250000,-12.040000,34.160000
77215,,,,,,,,,,,,,24.404312,27.287420,0.077500,0.075542,,,,,,,,,,,,
77216,,,,,,,,,,,,,,,,,,,,1.081207,-0.025774,1.530084,,,,,,
77229,,,,,,,,,,,,,23.661547,26.478363,0.084802,0.083496,,,,,,,,,,,,
77227,,,,,,,,,,,,,,,,,,,,1.081342,-0.022094,1.541333,,,,,,
77234,,,,,,,,,,,,,,,,,,,,,,,-0.212707,-0.007015,0.964654,-7.770000,1.960000,21.700001
77235,,,,,,,,,,,,,22.642015,25.012085,0.094824,0.097910,,,,,,,,,,,,
77240,,,,,,,,,,,,,,,,,,,,,,,-0.212707,-0.007015,0.964654,-6.160000,9.030000,21.000000
77237,,,,,,,,,,,,,,,,,,,,1.081369,-0.018436,1.548777,,,,,,
77245,,,,,,,,,,,,,22.347921,24.891584,0.097715,0.099095,,,,,,,-0.234484,-0.014823,0.964410,6.440000,12.390000,21.420000
77248,,,,,,,,,,,,,,,,,,,,1.081394,-0.015043,1.553649,,,,,,
77253,,,,0.998554,-0.053758,1.517012,0.361324,0.361324,,,,,,,,,,,,,,,,,,,,
77255,,,,,,,,,,,19.650702,20.991470,21.538837,24.226133,0.059988,0.052076,-0.040257,0.082196,-0.036328,,,,,,,,,
77258,,,,,,,,,,,,,,,,,,,,,,,-0.234484,-0.014823,0.964410,7.000000,-2.660000,18.969999
77259,,,,,,,,,,,,,,,,,,,,1.081415,-0.011897,1.556549,,,,,,
77264,,,,,,,,,,,,,,,,,,,,,,,-0.182085,0.000244,1.027789,3.640000,-16.730000,20.440001
77265,,,,,,,,,,,,,20.865236,23.126328,0.066629,0.062919,,,,,,,,,,,,
77266,,,,,,,,,,,,,,,,,,,,1.081381,-0.008919,1.556410,,,,,,
77274,,,,,,,,,,,,,,,,,,,,,,,-0.182085,0.000244,1.027789,-2.870000,-16.730000,15.400000
77275,,,,,,,,,,,,,20.305115,22.207596,0.072151,0.071977,,,,,,,,,,,,
77289,,,,,,,,,,,,,19.904310,21.505056,0.076103,0.078903,,,,,,,,,,,,
77287,,,,,,,,,,,,,,,,,,,,1.081517,-0.002970,1.561449,,,,,,
77294,,,,,,,,,,,,,,,,,,,,,,,-0.245403,-0.012688,0.960384,0.280000,0.700000,6.370000
77295,,,,,,,,,,,,,19.320940,20.667807,0.081854,0.087157,,,,,,,,,,,,
77299,,,,,,,,,,,,,,,,,,,,,,,-0.245403,-0.012688,0.960384,-3.850000,-9.940000,4.760000
77298,,,,,,,,,,,,,,,,,,,,1.081623,0.000033,1.562272,,,,,,
77303,,,,0.999206,-0.039833,1.530953,0.305363,0.305363,,,,,,,,,,,,,,,,,,,,
77305,,,,,,,,,,,16.284662,17.500311,18.967964,20.101217,0.038476,0.044158,-0.040652,0.082087,-0.031677,,,,,,,,,
77309,,,,,,,,,,,,,,,,,,,,,,,-0.222894,0.008113,1.000766,-0.840000,-25.270000,3.990000
77308,,,,,,,,,,,,,,,,,,,,1.081520,0.002728,1.569274,,,,,,
77314,,,,,,,,,,,,,,,,,,,,,,,-0.222894,0.008113,1.000766,0.350000,-27.160000,4.970000
77315,,,,,,,,,,,,,18.176161,19.683809,0.046344,0.048305,,,,,,,,,,,,
77316,,,,,,,,,,,,,,,,,,,,1.081459,0.005097,1.569274,,,,,,
77328,,,,,,,,,,,,,,,0.054382,0.058719,,,,,,,,,,,,
77329,,,,,,,,,,,,,17.367237,18.635773,,,,,,,,,,,,,,
77327,,,,,,,,,,,,,,,,,,,,1.081434,0.007315,1.565554,,,,,,
77334,,,,,,,,,,,,,,,,,,,,,,,-0.187392,-0.011224,1.014735,1.750000,11.410000,15.050000
77335,,,,,,,,,,,,,16.235146,18.113668,0.065631,0.063907,,,,,,,,,,,,
77339,,,,,,,,,,,,,,,,,,,,,,,-0.265350,-0.040748,0.990884,1.260000,22.610001,15.400000
77338,,,,,,,,,,,,,,,,,,,,1.081501,0.009558,1.565757,,,,,,
77344,,,,,,,,,,,,,,,,,,,,,,,-0.265350,-0.040748,0.990884,1.260000,30.450001,16.940001
77345,,,,,,,,,,,,,15.851570,17.432159,0.069442,0.070678,,,,,,,,,,,,
77346,,,,,,,,,,,,,,,,,,,,1.081337,0.011751,1.573962,,,,,,
77353,,,,0.999596,-0.028429,1.542363,0.252871,0.252871,,,,,,,,,,,,,,,,,,,,
77355,,,,,,,,,,,13.208361,14.202176,14.980504,16.310411,0.035235,0.035872,-0.040059,0.081907,-0.031949,,,,,,,,,
77358,,,,,,,,,,,,,,,,,,,,,,,-0.265350,-0.040748,0.990884,-2.940000,-9.170000,11.200000
77357,,,,,,,,,,,,,,,,,,,,1.081339,0.013824,1.569813,,,,,,
77364,,,,,,,,,,,,,,,,,,,,,,,-0.227652,0.018788,1.031998,0.560000,-30.030001,11.480000
77365,,,,,,,,,,,,,14.253392,15.921976,0.042455,0.039730,,,,,,,,,,,,
77367,,,,,,,,,,,,,,,,,,,,1.081254,0.015610,1.577872,,,,,,
77374,,,,,,,,,,,,,,,,,,,,,,,-0.227652,0.018788,1.031998,0.630000,-15.750000,7.840000
77375,,,,,,,,,,,,,13.633652,15.037598,0.048610,0.048512,,,,,,,,,,,,
77389,,,,,,,,,,,,,13.086729,14.268008,0.054041,0.056155,,,,,,,,,,,,
77377,,,,,,,,,,,,,,,,,,,,1.081267,0.017246,1.577873,,,,,,
77388,,,,,,,,,,,,,,,,,,,,1.081220,0.018943,1.577976,,,,,,
77394,,,,,,,,,,,,,,,,,,,,,,,-0.201605,-0.003294,1.038769,6.440000,8.680000,11.830000
77395,,,,,,,,,,,,,11.864822,12.858750,0.066176,0.070150,,,,,,,,,,,,
77399,,,,,,,,,,,,,,,,,,,,,,,-0.246745,-0.026657,1.038769,3.010000,3.990000,15.400000
77398,,,,,,,,,,,,,,,,,,,,1.081151,0.020507,1.577766,,,,,,
77403,,,,0.999813,-0.019351,1.551445,0.204215,0.204215,,,,,,,,,,,,,,,,,,,,
77405,,,,,,,,,,,10.329236,11.199082,11.626220,12.462511,0.028382,0.032196,-0.039373,0.081647,-0.026849,,,,,,,,,
77408,,,,,,,,,,,,,,,,,,,,1.081124,0.022134,1.589746,-0.246745,-0.026657,1.038769,-3.990000,-12.110000,14.840000
77414,,,,,,,,,,,,,,,,,,,,,,,-0.187148,0.008662,0.986675,0.350000,-16.799999,12.950000
77415,,,,,,,,,,,,,10.879948,12.132427,0.035825,0.035488,,,,,,,,,,,,
77416,,,,,,,,,,,,,,,,,,,,1.081073,0.023223,1.589746,,,,,,
77424,,,,,,,,,,,,,,,,,,,,,,,-0.187148,0.008662,0.986675,-4.900000,-20.580000,10.990000
77425,,,,,,,,,,,,,9.701391,10.755227,0.047578,0.049223,,,,,,,,,,,,
77426,,,,,,,,,,,,,,,,,,,,1.081045,0.024361,1.589661,,,,,,
77434,,,,,,,,,,,,,,,,,,,,,,,-0.229726,-0.016043,1.038952,-3.430000,0.420000,6.440000
77435,,,,,,,,,,,,,9.261616,10.697746,0.051964,0.049796,,,,,,,,,,,,
77449,,,,,,,,,,,,,8.612386,9.820745,0.058439,0.058542,,,,,,,,,,,,
77437,,,,,,,,,,,,,,,,,,,,1.081017,0.025778,1.593446,,,,,,
77448,,,,,,,,,,,,,,,,,,,,1.080987,0.026917,1.588968,,,,,,
77453,,,,0.999923,-0.012379,1.558417,0.159769,0.159769,,,,,,,,,,,,,,,,,,,,
77455,,,,,,,,,,,7.788599,8.422285,8.070153,9.086866,0.028350,0.027071,-0.037912,0.081776,-0.030650,,,,,,,,,
77457,,,,,,,,,,,,,,,,,,,,,,,-0.188246,-0.006954,0.984906,-1.680000,-3.080000,4.410000
77458,,,,,,,,,,,,,,,,,,,,1.080866,0.027850,1.592981,,,,,,
77463,,,,,,,,,,,,,,,,,,,,,,,-0.188246,-0.006954,0.984906,-3.010000,-11.970000,3.010000
77465,,,,,,,,,,,,,7.887764,8.743226,0.030167,0.030493,,,,,,,,,,,,
77466,,,,,,,,,,,,,,,,,,,,1.080826,0.028712,1.596978,,,,,,
77468,,,,,,,,,,,,,,,,,,,,,,,-0.188246,-0.006954,0.984906,1.050000,-19.879999,2.940000
77474,,,,,,,,,,,,,,,,,,,,,,,-0.144143,-0.011407,0.982283,-1.120000,-19.389999,3.570000
77475,,,,,,,,,,,,,6.636763,7.905097,0.042626,0.038840,,,,,,,,,,,,
77476,,,,,,,,,,,,,,,,,,,,1.080890,0.029360,1.593235,,,,,,
77484,,,,,,,,,,,,,,,,,,,,,,,-0.144143,-0.011407,0.982283,0.000000,-3.010000,8.400000
77485,,,,,,,,,,,,,6.132057,7.199233,0.047652,0.045870,,,,,,,,,,,,
77486,,,,,,,,,,,,,,,,,,,,1.080829,0.029935,1.593123,,,,,,
77494,,,,,,,,,,,,,,,,,,,,,,,-0.214842,-0.001586,1.022360,-2.660000,13.160000,13.790000
77495,,,,,,,,,,,,,6.255834,6.605595,0.046419,0.051782,,,,,,,,,,,,
77497,,,,,,,,,,,,,,,,,,,,1.080802,0.030500,1.593000,,,,,,
77509,,,,,,,,,,,,,5.674045,5.968334,0.052213,0.058128,,,,,,,,,,,,
77511,,,,0.999974,-0.007277,1.563520,0.119919,0.119919,,,,,,,,,,,,,,,,,,,,
77512,,,,,,,,,,,5.511793,5.994770,,,,,,,,,,,,,,,,
77513,,,,,,,,,,,,,,,,,-0.036087,0.081654,-0.029393,,,,,,,,,
77508,,,,,,,,,,,,,,,,,,,,1.080789,0.031198,1.600871,,,,,,
77515,,,,,,,,,,,,,5.599331,5.846946,0.021171,0.025459,,,,,,,,,,,,
77518,,,,,,,,,,,,,,,,,,,,,,,-0.162931,-0.037942,1.017602,-0.280000,-5.740000,7.840000
77519,,,,,,,,,,,,,,,,,,,,1.080788,0.031742,1.604607,,,,,,
77523,,,,,,,,,,,,,,,,,,,,,,,-0.162931,-0.037942,1.017602,-1.190000,-10.780000,8.470000
77525,,,,,,,,,,,,,4.711277,6.012970,0.030061,0.023797,,,,,,,,,,,,
77528,,,,,,,,,,,,,,,,,,,,,,,-0.146705,0.013481,0.986248,-2.310000,-13.650000,9.170000
77526,,,,,,,,,,,,,,,,,,,,1.080718,0.032109,1.608690,,,,,,
77534,,,,,,,,,,,,,,,,,,,,,,,-0.146705,0.013481,0.986248,-0.280000,-15.680000,10.710000
77535,,,,,,,,,,,,,3.964067,5.059312,0.037542,0.033344,,,,,,,,,,,,
77549,,,,,,,,,,,,,3.335366,4.256905,0.043836,0.041377,,,,,,,,,,,,
77547,,,,,,,,,,,,,,,,,,,,1.080665,0.032493,1.608799,,,,,,
77553,,,,0.999993,-0.003784,1.567013,0.085059,0.085059,,,,,,,,,,,,,,,,,,,,
77555,,,,,,,,,,,3.600302,3.868019,2.806376,3.581759,0.022310,0.018324,-0.033334,0.081982,-0.041210,,,,,,,,,
77558,,,,,,,,,,,,,,,,,,,,1.080620,0.032618,1.612645,-0.141337,-0.027267,1.023885,-3.780000,6.090000,18.059999
77563,,,,,,,,,,,,,,,,,,,,,,,-0.141337,-0.027267,0.993629,0.700000,11.410000,16.379999
77565,,,,,,,,,,,,,2.361284,3.013691,0.026743,0.023982,,,,,,,,,,,,
77568,,,,,,,,,,,,,,,,,,,,1.080564,0.032824,1.616372,-0.201605,-0.001220,0.993629,-2.450000,11.830000,14.350000
77574,,,,,,,,,,,,,,,,,,,,,,,-0.201605,-0.001220,0.993629,-2.380000,11.830000,9.590000
77575,,,,,,,,,,,,,1.986784,2.535720,0.030474,0.028743,,,,,,,,,,,,
77576,,,,,,,,,,,,,,,,,,,,1.080529,0.032897,1.616259,,,,,,
77584,,,,,,,,,,,,,,,,,,,,,,,-0.125660,-0.022875,1.020225,0.070000,10.430000,-0.280000
77585,,,,,,,,,,,,,1.671680,2.133554,0.033613,0.032750,,,,,,,,,,,,
77586,,,,,,,,,,,,,,,,,,,,1.080515,0.032946,1.616266,,,,,,
77594,,,,,,,,,,,,,,,,,,,,,,,-0.125660,-0.022875,1.020225,0.280000,2.030000,-1.260000
77595,,,,,,,,,,,,,1.406551,1.795172,0.036254,0.036120,,,,,,,,,,,,
77608,,,,,,,,,,,,,1.183472,1.510458,0.038476,0.038956,,,,,,,,,,,,
77611,,,,0.999999,-0.001621,1.569175,0.055590,0.055590,,,,,,,,,,,,,,,,,,,,
77613,,,,,,,,,,,1.962191,2.113032,,,,,-0.030967,0.082003,-0.046685,,,,,,,,,
77607,,,,,,,,,,,,,,,,,,,,1.080521,0.032852,1.616259,,,,,,
77615,,,,,,,,,,,,,0.995773,1.270899,0.017497,0.016859,,,,,,,,,,,,
77618,,,,,,,,,,,,,,,,,,,,1.080541,0.032731,1.616372,-0.095160,-0.007381,1.015528,0.490000,-16.730000,0.560000
77623,,,,,,,,,,,,,,,,,,,,,,,-0.113521,-0.012627,1.015772,0.210000,-19.530001,0.350000
77625,,,,,,,,,,,,,0.837844,1.069334,0.019073,0.018872,,,,,,,,,,,,
77628,,,,,,,,,,,,,,,,,,,,,,,-0.113521,-0.012627,1.015772,0.070000,-20.440001,-0.350000
77626,,,,,,,,,,,,,,,,,,,,1.080577,0.032494,1.616485,,,,,,
77634,,,,,,,,,,,,,,,,,,,,,,,-0.113521,-0.012627,1.015772,0.210000,-22.400000,-0.910000
77635,,,,,,,,,,,,,0.704961,0.899737,0.020400,0.020565,,,,,,,,,,,,
77637,,,,,,,,,,,,,,,,,,,,1.080596,0.032252,1.616583,,,,,,
77644,,,,,,,,,,,,,,,,,,,,,,,-0.105713,-0.013542,1.015284,0.560000,-27.790001,-0.420000
77645,,,,,,,,,,,,,0.593154,0.757039,0.021516,0.021989,,,,,,,,,,,,
77648,,,,,,,,,,,,,,,,,,,,1.080642,0.031971,1.616765,,,,,,
77653,,,,1.000000,-0.000488,1.570309,0.031924,0.031924,,,,,,,,,,,,,,,,,,,,
77655,,,,,,,,,,,0.642006,0.728305,0.499080,0.636973,0.003997,0.003827,-0.028848,0.082044,-0.046515,,,,,,,,,
77658,,,,,,,,,,,,,,,,,,,,,,,-0.105713,-0.013542,1.015284,0.490000,-35.279999,-0.350000
77668,,,,,,,,,,,,,0.419926,0.535949,0.004789,0.004837,,,,,,,,,,,,
77666,,,,,,,,,,,,,,,,,,,,1.080703,0.030942,1.613092,,,,,,
77674,,,,,,,,,,,,,,,,,,,,,,,-0.091256,-0.009272,1.017419,0.630000,-40.599998,-1.190000
77675,,,,,,,,,,,,,0.353326,0.450947,0.005455,0.005687,,,,,,,,,,,,
77677,,,,,,,,,,,,,,,,,,,,1.080735,0.030468,1.609321,,,,,,
77679,,,,,,,,,,,,,,,,,,,,,,,-0.084668,-0.015311,1.017724,0.630000,-45.639999,-0.070000
77684,,,,,,,,,,,,,,,,,,,,,,,-0.084668,-0.015311,1.017724,0.630000,-48.160000,0.140000
77685,,,,,,,,,,,,,0.297288,0.379427,0.006015,0.006402,,,,,,,,,,,,
77687,,,,,,,,,,,,,,,,,,,,1.080713,0.029929,1.609423,,,,,,
77694,,,,,,,,,,,,,,,,,,,,,,,-0.084668,-0.015311,1.017724,0.560000,-52.709999,-0.700000
77695,,,,,,,,,,,,,0.250138,0.319250,0.006487,0.007004,,,,,,,,,,,,
77697,,,,,,,,,,,,,,,,,,,,1.080771,0.029343,1.609563,,,,,,
77703,,,,1.000000,-0.000062,1.570734,0.014482,0.014482,,,,,,,,,,,,,,,,,,,,
77705,,,,,,,,,,,-0.297540,-0.251025,0.210466,0.268617,-0.006284,-0.006214,-0.026450,0.081865,-0.039495,,,,,,,,,
77708,,,,,,,,,,,,,,,,,,,,,,,-0.068930,-0.009882,1.018334,0.700000,-59.849998,-0.840000
77707,,,,,,,,,,,,,,,,,,,,1.080775,0.028880,1.613402,,,,,,
77714,,,,,,,,,,,,,,,,,,,,,,,-0.068930,-0.011834,1.023763,0.700000,-60.830002,-0.420000
77715,,,,,,,,,,,,,0.177086,0.226014,-0.005949,-0.005787,,,,1.080836,0.028066,1.609565,,,,,,
77749,,,,,,,,,,,,,0.149000,0.190168,-0.005667,-0.005428,,,,,,,,,,,,
77746,,,,,,,,,,,,,,,,,,,,1.080766,0.027199,1.605684,,,,,,
77753,,,,1.000000,-0.000000,1.570796,0.003695,0.003695,,,,,,,,,,,,,,,,,,,,
77755,,,,,,,,,,,-0.856120,-0.843123,0.125369,0.160007,-0.013281,-0.013446,-0.024543,0.081682,-0.035303,,,,,,,,,
77757,,,,,,,,,,,,,,,,,,,,1.080719,0.027367,1.609562,0.016165,-0.015677,1.058289,-0.210000,15.680000,0.490000
77763,,,,,,,,,,,,,,,,,,,,,,,0.016165,-0.015677,1.058289,0.210000,2.940000,0.000000
77765,,,,,,,,,,,,,0.105485,0.134630,-0.013081,-0.013191,,,,,,,,,,,,
77768,,,,,,,,,,,,,,,,,,,,,,,0.016165,-0.015677,1.058289,0.210000,-2.100000,-0.140000
77767,,,,,,,,,,,,,,,,,,,,1.080816,0.027400,1.609564,,,,,,
77773,,,,,,,,,,,,,,,,,,,,,,,0.004026,-0.009821,1.008513,0.000000,-7.840000,-0.630000
77775,,,,,,,,,,,,,0.088755,0.113278,-0.012913,-0.012977,,,,,,,,,,,,
77778,,,,,,,,,,,,,,,,,,,,,,,0.004026,-0.009821,1.008513,0.070000,-13.580000,-0.980000
77789,,,,,,,,,,,,,0.074679,0.095312,-0.012772,-0.012796,,,,,,,,,,,,
77788,,,,,,,,,,,,,,,,,,,,1.080805,0.027163,1.609549,,,,,,
77793,,,,,,,,,,,,,,,,,,,,,,,0.004026,-0.009821,1.018456,0.070000,-1.400000,-0.210000
77795,,,,,,,,,,,,,0.062835,0.080196,-0.012653,-0.012644,,,,,,,,,,,,
77796,,,,,,,,,,,,,,,,,,,,1.080817,0.027096,1.609529,,,,,,
77799,,,,,,,,,,,,,,,,,,,,,,,-0.024766,-0.013969,1.018456,0.140000,2.450000,0.490000
77803,,,,1.000000,-0.000000,1.570796,0.003695,0.003695,,,,,,,,,,,,,,,,,,,,
77805,,,,,,,,,,,-0.832095,-0.819972,0.052869,0.067476,-0.012210,-0.012187,-0.024000,0.081795,-0.038459,,,,,,,,,
77808,,,,,,,,,,,,,,,,,,,,,,,-0.024766,-0.013969,1.018456,0.070000,2.240000,0.630000
77807,,,,,,,,,,,,,,,,,,,,1.080805,0.027117,1.609549,,,,,,
77813,,,,,,,,,,,,,,,,,,,,,,,0.009577,-0.012017,1.015650,0.000000,0.910000,-0.070000
77815,,,,,,,,,,,,,0.044484,0.056775,-0.012126,-0.012079,,,,,,,,,,,,
77819,,,,,,,,,,,,,,,,,,,,,,,0.009577,-0.012017,1.015650,0.000000,0.070000,-0.980000
77817,,,,,,,,,,,,,,,,,,,,1.080794,0.027143,1.609549,,,,,,
77824,,,,,,,,,,,,,,,,,,,,,,,0.009577,-0.012017,1.015650,0.140000,0.560000,-1.540000
77825,,,,,,,,,,,,,0.037429,0.047770,-0.012055,-0.011989,,,,,,,,,,,,
