ts,x,y,yaw,x_des,y_des,yaw_des,v_ff,w_ff,v_actual,w_actual,omega_l_cmd,omega_r_cmd,omega_l_meas,omega_r_meas,duty_l,duty_r,x_err,y_err,yaw_err,x_raw,y_raw,yaw_raw,acc_x,acc_y,acc_z,gyro_x,gyro_y,gyro_z
94904,,,,,,,,,,,,,,,,,,,,,,,-0.021045,-0.014091,1.018395,0.070000,-0.560000,-0.280000
94905,,,,,,,,,,,,,0.000000,0.000000,0.000000,0.000000,,,,,,,,,,,,
94907,,,,,,,,,,,,,,,,,,,,0.961500,-0.076240,1.570658,,,,,,
94914,,,,,,,,,,,,,,,,,,,,,,,-0.021045,-0.014091,1.018395,1.330000,0.980000,-0.350000
94915,,,,,,,,,,,,,0.000000,0.000000,0.000000,0.000000,,,,,,,,,,,,
94917,,,,,,,,,,,,,,,,,,,,0.961508,-0.076232,1.570658,,,,,,
94924,,,,,,,,,,,,,,,,,,,,,,,-0.021411,-0.014579,1.018822,2.800000,0.000000,0.070000
94925,,,,,,,,,,,,,0.000000,0.000000,0.000000,0.000000,,,,,,,,,,,,
94928,,,,,,,,,,,,,,,,,,,,0.961498,-0.076234,1.570658,,,,,,
94934,,,,,,,,,,,,,,,,,,,,,,,-0.021411,-0.014579,1.018822,-1.330000,-1.890000,0.070000
94935,,,,,,,,,,,,,0.000000,0.000000,0.000000,0.000000,,,,,,,,,,,,
94938,,,,,,,,,,,,,,,,,,,,0.961501,-0.076237,1.570658,,,,,,
94944,,,,,,,,,,,,,,,,,,,,,,,-0.020923,-0.014640,1.019432,-2.240000,-0.980000,-0.350000
94945,,,,,,,,,,,,,0.000000,0.000000,0.000000,0.000000,,,,,,,,,,,,
94948,,,,,,,,,,,,,,,,,,,,0.961500,-0.076234,1.570658,,,,,,
94955,,,,1.000000,0.000488,1.571284,0.003695,0.003695,,,,,,,,,,,,,,,,,,,,
94957,,,,,,,,,,,3.435458,3.452565,0.000000,0.000000,0.048628,0.048870,0.076728,-0.038489,0.000626,,,,,,,,,
94958,,,,,,,,,,,,,,,,,,,,0.961500,-0.076233,1.570658,-0.020923,-0.014640,1.019432,1.750000,1.120000,-0.350000
94965,,,,,,,,,,,,,0.000000,0.000000,0.048628,0.048870,,,,,,,-0.021411,-0.015006,1.019859,2.450000,-0.140000,-0.070000
94979,,,,,,,,,,,,,0.000000,0.000000,0.048628,0.048870,,,,,,,,,,,,
94968,,,,,,,,,,,,,,,,,,,,0.961511,-0.076240,1.570658,,,,,,
94978,,,,,,,,,,,,,,,,,,,,0.961503,-0.076233,1.570658,,,,,,
94984,,,,,,,,,,,,,,,,,,,,,,,-0.019825,-0.013664,1.018822,-2.030000,0.840000,-0.210000
94985,,,,,,,,,,,,,0.000000,0.000000,0.048628,0.048870,,,,,,,,,,,,
94989,,,,,,,,,,,,,,,,,,,,0.961503,-0.076232,1.570658,-0.019825,-0.013664,1.018822,-0.280000,1.260000,-0.350000
94994,,,,,,,,,,,,,,,,,,,,,,,-0.019825,-0.013664,1.018822,2.100000,-0.210000,-0.420000
94995,,,,,,,,,,,,,0.000000,0.000000,0.048628,0.048870,,,,,,,,,,,,
94996,,,,,,,,,,,,,,,,,,,,0.961494,-0.076237,1.570858,,,,,,
95004,,,,,,,,,,,,,,,,,,,,,,,-0.022753,-0.014274,1.017785,-0.910000,-1.890000,0.000000
95005,,,,0.999999,0.001621,1.572417,0.014482,0.014482,,,,,,,,,,,,,,,,,,,,
95007,,,,,,,,,,,4.119238,4.187392,,,,,,,,,,,,,,,,
95008,,,,,,,,,,,,,0.000000,0.000000,0.058298,0.059263,0.077856,-0.038508,0.001576,,,,,,,,,
95006,,,,,,,,,,,,,,,,,,,,0.961497,-0.076234,1.570658,,,,,,
95020,,,,,,,,,,,,,0.000000,0.456372,0.058298,0.054630,,,,,,,,,,,,
95017,,,,,,,,,,,,,,,,,,,,0.961500,-0.076224,1.570658,,,,,,
95025,,,,,,,,,,,,,0.000000,0.383991,0.058298,0.055364,,,,,,,-0.021289,-0.013420,1.019371,0.980000,0.840000,-0.770000
95027,,,,,,,,,,,,,,,,,,,,0.961496,-0.076233,1.570658,,,,,,
95030,,,,,,,,,,,,,,,,,,,,,,,-0.021289,-0.013420,1.019371,2.660000,1.190000,-0.560000
95035,,,,,,,,,,,,,0.000000,0.323090,0.058298,0.055983,,,,,,,-0.018910,-0.013237,1.018395,2.450000,0.630000,0.140000
95037,,,,,,,,,,,,,,,,,,,,0.961499,-0.076227,1.570658,,,,,,
95044,,,,,,,,,,,,,,,,,,,,,,,-0.018910,-0.013237,1.018395,-1.190000,-1.750000,0.000000
95045,,,,,,,,,,,,,0.000000,0.831100,0.058298,0.050825,,,,,,,,,,,,
95047,,,,,,,,,,,,,,,,,,,,0.961504,-0.076231,1.570658,,,,,,
95055,,,,0.999993,0.003784,1.574580,0.031924,0.031924,,,,,,,,,,,,,,,,,,,,
95057,,,,,,,,,,,5.246270,5.400665,0.000000,0.699287,0.074019,0.069128,0.079966,-0.038535,0.003222,,,,,,,,,
95058,,,,,,,,,,,,,,,,,,,,0.961500,-0.076233,1.570658,-0.023363,-0.015433,1.020957,-2.310000,-1.680000,1.680000
95064,,,,,,,,,,,,,,,,,,,,,,,-0.023363,-0.015433,1.020957,2.660000,1.400000,8.750000
95065,,,,,,,,,,,,,0.000000,0.588380,0.074019,0.070249,,,,,,,,,,,,
95077,,,,,,,,,,,,,0.000000,0.942290,0.074019,0.066672,,,,,,,,,,,,
95068,,,,,,,,,,,,,,,,,,,,0.961484,-0.076218,1.570658,,,,,,
95078,,,,,,,,,,,,,,,,,,,,0.961432,-0.076079,1.570701,,,,,,
95083,,,,,,,,,,,,,,,,,,,,,,,0.014701,-0.012078,1.014491,-0.140000,2.520000,1.050000
95085,,,,,,,,,,,,,0.000000,0.792842,0.074019,0.068183,,,,,,,,,,,,
95088,,,,,,,,,,,,,,,,,,,,,,,0.014701,-0.012078,1.014491,0.000000,0.770000,0.700000
95089,,,,,,,,,,,,,,,,,,,,0.961531,-0.075996,1.574569,,,,,,
95094,,,,,,,,,,,,,,,,,,,,,,,-0.013786,-0.015433,1.024190,-0.070000,1.120000,-0.280000
95095,,,,,,,,,,,,,0.000000,0.667098,0.074019,0.069454,,,,,,,,,,,,
95099,,,,,,,,,,,,,,,,,,,,0.961478,-0.075885,1.570701,,,,,,
95105,,,,0.999974,0.007277,1.578073,0.055590,0.055590,,,,,,,,,,,,,,,,,,,,
95107,,,,,,,,,,,6.765172,7.049694,,,,,0.083147,-0.038536,0.006768,,,,,,,,,
95108,,,,,,,,,,,,,0.438652,0.561296,0.091061,0.093837,,,,,,,,,,,,
95109,,,,,,,,,,,,,,,,,,,,,,,-0.013786,-0.015433,1.024190,0.280000,-1.120000,-3.570000
95106,,,,,,,,,,,,,,,,,,,,0.961474,-0.075793,1.570701,,,,,,
95115,,,,,,,,,,,,,0.369082,0.472274,0.091765,0.094737,,,,,,,-0.031964,-0.012993,1.014674,0.210000,-0.280000,-2.170000
95119,,,,,,,,,,,,,,,,,,,,0.961459,-0.075714,1.570735,,,,,,
95124,,,,,,,,,,,,,,,,,,,,,,,-0.031964,-0.012993,1.014674,0.210000,-2.590000,-1.120000
95125,,,,,,,,,,,,,0.310546,0.397371,0.092357,0.095495,,,,,,,,,,,,
95137,,,,,,,,,,,,,0.261293,0.334348,0.092855,0.096133,,,,,,,,,,,,
95127,,,,,,,,,,,,,,,,,,,,0.961462,-0.075529,1.574611,,,,,,
95138,,,,,,,,,,,,,,,,,,,,0.961478,-0.075428,1.578514,,,,,,
95143,,,,,,,,,,,,,,,,,,,,,,,-0.017995,-0.012200,1.026569,0.700000,-7.420000,-10.500000
95145,,,,,,,,,,,,,0.917984,0.281321,0.086212,0.096669,,,,,,,,,,,,
95148,,,,,,,,,,,,,,,,,,,,0.961480,-0.075406,1.574611,0.047580,-0.023241,1.030290,1.470000,-6.650000,-27.790001
95155,,,,0.999923,0.012379,1.583176,0.085059,0.085059,,,,,,,,,,,,,,,,,,,,
95157,,,,,,,,,,,8.658963,9.111594,1.220354,0.236703,0.110364,0.126797,0.087668,-0.038707,0.009366,,,,,,,,,
95158,,,,,,,,,,,,,,,,,,,,,,,0.047580,-0.023241,1.030290,1.960000,3.780000,-30.940001
95159,,,,,,,,,,,,,,,,,,,,0.961539,-0.075174,1.570858,,,,,,
95165,,,,,,,,,,,,,1.731351,0.199162,0.105162,0.127179,,,,,,,0.047580,-0.023241,1.008452,1.120000,5.390000,-37.099998
95166,,,,,,,,,,,,,,,,,,,,0.961570,-0.074845,1.563044,,,,,,
95174,,,,,,,,,,,,,,,,,,,,,,,0.057889,-0.009882,1.008452,2.100000,-0.840000,-32.060001
95175,,,,,,,,,,,,,2.005085,0.715901,0.102375,0.121918,,,,,,,,,,,,
95177,,,,,,,,,,,,,,,,,,,,0.961631,-0.074517,1.555234,,,,,,
95184,,,,,,,,,,,,,,,,,,,,,,,0.034648,-0.022631,1.032852,2.380000,-3.570000,-26.950001
95185,,,,,,,,,,,,,2.235074,0.602359,0.100034,0.123074,,,,,,,,,,,,
95187,,,,,,,,,,,,,,,,,,,,0.961682,-0.074172,1.551380,,,,,,
95198,,,,,,,,,,,,,2.754728,0.943893,0.094744,0.119597,,,,,,,,,,,,
95197,,,,,,,,,,,,,,,,,,,,0.961698,-0.073877,1.547539,,,,,,
95203,,,,,,,,,,,,,,,,,,,,,,,0.091927,-0.006771,1.017785,1.610000,0.210000,-26.110001
95205,,,,0.999813,0.019351,1.590148,0.119919,0.119919,,,,,,,,,,,,,,,,,,,,
95207,,,,,,,,,,,10.784529,11.736723,2.887195,1.363559,0.124523,0.153846,0.094065,-0.036021,0.041894,,,,,,,,,
95208,,,,,,,,,,,,,,,,,,,,0.961763,-0.073284,1.543639,,,,,,
95213,,,,,,,,,,,,,,,,,,,,,,,0.091927,-0.006771,1.017785,0.560000,7.840000,-12.250000
95215,,,,,,,,,,,,,3.830941,1.848126,0.114797,0.148852,,,,,,,,,,,,
95218,,,,,,,,,,,,,,,,,,,,0.961740,-0.072599,1.539756,0.091927,-0.006771,1.017785,0.840000,1.960000,-11.900000
95224,,,,,,,,,,,,,,,,,,,,,,,0.074054,-0.017812,1.043588,1.190000,-11.900000,-15.470000
95225,,,,,,,,,,,,,4.318903,2.650563,0.109769,0.140583,,,,,,,,,,,,
95237,,,,,,,,,,,,,4.535561,3.131820,0.107536,0.135623,,,,,,,,,,,,
95228,,,,,,,,,,,,,,,,,,,,0.961691,-0.071939,1.535905,,,,,,
95239,,,,,,,,,,,,,,,,,,,,0.961740,-0.071177,1.532060,,,,,,
95243,,,,,,,,,,,,,,,,,,,,,,,0.088999,-0.010126,1.010343,-0.210000,-7.700000,-1.960000
95245,,,,,,,,,,,,,4.512033,3.330926,0.107778,0.133571,,,,,,,,,,,,
95248,,,,,,,,,,,,,,,,,,,,,,,0.088999,-0.010126,1.010343,1.610000,-0.700000,-9.240000
95249,,,,,,,,,,,,,,,,,,,,0.961719,-0.070284,1.532060,,,,,,
95255,,,,0.999596,0.028429,1.599229,0.159769,0.159769,,,,,,,,,,,,,,,,,,,,
95257,,,,,,,,,,,13.158749,14.737659,,,,,0.100126,-0.034059,0.066781,0.961870,-0.069163,1.528195,,,,,,
95258,,,,,,,,,,,,,5.119523,4.125739,0.135616,0.168487,,,,,,,,,,,,
95259,,,,,,,,,,,,,,,,,,,,,,,0.088999,-0.010126,1.010343,-0.140000,9.170000,-2.310000
95264,,,,,,,,,,,,,,,,,,,,,,,0.055388,-0.010614,1.010831,-0.070000,-8.470000,-2.310000
95265,,,,,,,,,,,,,5.758907,4.922738,0.129016,0.160260,,,,,,,,,,,,
95267,,,,,,,,,,,,,,,,,,,,0.961857,-0.067962,1.532029,,,,,,
95274,,,,,,,,,,,,,,,,,,,,,,,0.055388,-0.010614,1.010831,-0.630000,-6.300000,-1.400000
95275,,,,,,,,,,,,,5.943635,5.240082,0.127109,0.156984,,,,,,,,,,,,
95277,,,,,,,,,,,,,,,,,,,,0.961863,-0.066757,1.532042,,,,,,
95284,,,,,,,,,,,,,,,,,,,,,,,0.107482,-0.017019,1.043649,0.910000,-4.410000,1.820000
95285,,,,,,,,,,,,,6.642152,6.050183,0.119899,0.148623,,,,,,,,,,,,
95297,,,,,,,,,,,,,6.962658,6.464576,0.116591,0.144345,,,,,,,,,,,,
95288,,,,,,,,,,,,,,,,,,,,0.961876,-0.065465,1.532059,,,,,,
95298,,,,,,,,,,,,,,,,,,,,0.961950,-0.063870,1.532086,,,,,,
95302,,,,,,,,,,,,,,,,,,,,,,,0.117486,-0.013603,1.005829,1.190000,4.900000,3.220000
95305,,,,0.999206,0.039833,1.610640,0.204215,0.204215,,,,,,,,,,,,,,,,,,,,
95307,,,,,,,,,,,15.776445,17.974888,,,0.148982,0.184761,0.105161,-0.033172,0.078933,,,,,,,,,
95308,,,,,,,,,,,,,7.446587,7.027500,,,,,,0.962022,-0.062221,1.535930,,,,,,
95312,,,,,,,,,,,,,,,,,,,,,,,0.117486,-0.013603,1.005829,2.940000,-5.460000,6.440000
95315,,,,,,,,,,,,,8.408865,8.056246,0.139062,0.174156,,,,,,,,,,,,
95317,,,,,,,,,,,,,,,,,,,,,,,0.077531,-0.015494,1.031510,2.870000,-5.530000,6.720000
95319,,,,,,,,,,,,,,,,,,,,0.962098,-0.060538,1.532042,,,,,,
95324,,,,,,,,,,,,,,,,,,,,,,,0.077531,-0.015494,1.031510,3.220000,-11.200000,8.050000
95325,,,,,,,,,,,,,8.720198,8.971830,0.135852,0.164716,,,,,,,,,,,,
95329,,,,,,,,,,,,,,,,,,,,0.962289,-0.058931,1.532028,,,,,,
95334,,,,,,,,,,,,,,,,,,,,,,,0.077531,-0.000244,1.023275,0.980000,1.260000,16.660000
95335,,,,,,,,,,,,,9.529156,9.740879,0.127512,0.156788,,,,,,,,,,,,
95340,,,,,,,,,,,,,,,,,,,,0.962189,-0.056830,1.535872,,,,,,
95344,,,,,,,,,,,,,,,,,,,,,,,0.129442,-0.000244,1.023275,3.220000,2.660000,9.940000
95345,,,,,,,,,,,,,10.203653,10.381798,0.120558,0.150180,,,,,,,,,,,,
95357,,,,,,,,,,,,,10.414520,11.021703,0.118384,0.143583,,,,0.962338,-0.052506,1.539735,,,,,,
95360,,,,0.998554,0.053758,1.624580,0.252871,0.252871,,,,,,,,,,,,,,,,,,,,
95362,,,,,,,,,,,18.682302,21.567549,,,,,0.111649,-0.032496,0.088558,,,,,,,,,
95365,,,,,,,,,,,,,11.497113,12.007997,0.148553,0.184490,,,,,,,,,,,,
95367,,,,,,,,,,,,,,,,,,,,,,,0.099125,-0.006893,0.993812,-1.890000,5.040000,11.830000
95368,,,,,,,,,,,,,,,,,,,,0.962268,-0.050055,1.543594,,,,,,
95372,,,,,,,,,,,,,,,,,,,,,,,0.073993,0.002318,1.043222,-2.730000,1.750000,11.550000
95375,,,,,,,,,,,,,11.864770,12.294627,0.144776,0.181545,,,,,,,,,,,,
95378,,,,,,,,,,,,,,,,,,,,,,,0.073993,0.002318,1.043222,-3.290000,-3.780000,8.540000
95379,,,,,,,,,,,,,,,,,,,,0.962334,-0.047540,1.547460,,,,,,
95384,,,,,,,,,,,,,,,,,,,,,,,0.073993,0.002318,1.043222,-6.510000,-11.830000,11.130000
95385,,,,,,,,,,,,,12.734345,13.096027,0.135841,0.173311,,,,,,,,,,,,
95386,,,,,,,,,,,,,,,,,,,,0.962203,-0.045038,1.547461,,,,,,
95394,,,,,,,,,,,,,,,,,,,,,,,0.117913,0.003416,1.042612,-4.620000,-4.830000,7.630000
95395,,,,,,,,,,,,,12.903795,13.755394,0.134100,0.166536,,,,,,,,,,,,
95400,,,,,,,,,,,,,,,,,,,,0.962245,-0.042309,1.551452,,,,,,
95405,,,,0.997520,0.070379,1.641234,0.305363,0.305363,,,,,,,,,,,,,,,,,,,,
95407,,,,,,,,,,,21.668951,25.163181,,,,,0.113662,-0.032993,0.090376,,,,,,,,,
95408,,,,,,,,,,,,,13.847604,14.564139,0.166894,0.209360,,,,,,,,,,,,
95409,,,,,,,,,,,,,,,,,,,,,,,0.117913,0.003416,1.042612,1.260000,3.920000,8.260000
95421,,,,,,,,,,,,,14.524084,15.537365,0.159956,0.199378,,,,,,,,,,,,
95417,,,,,,,,,,,,,,,,,,,,0.962247,-0.036619,1.551353,,,,,,
95427,,,,,,,,,,,,,,,,,,,,,,,0.100833,-0.022753,0.973987,-2.590000,-8.330000,16.450001
95428,,,,,,,,,,,,,,,,,,,,0.962124,-0.033481,1.551325,,,,,,
95432,,,,,,,,,,,,,,,,,,,,,,,0.129991,-0.007076,1.071404,16.870001,-14.630000,24.010000
95435,,,,,,,,,,,,,15.380082,16.627596,0.151176,0.188196,,,,,,,,,,,,
95437,,,,,,,,,,,,,,,,,,,,,,,0.129991,-0.007076,1.071404,1.470000,-15.260000,19.950001
95438,,,,,,,,,,,,,,,,,,,,0.962376,-0.030594,1.559181,,,,,,
95444,,,,,,,,,,,,,,,,,,,,,,,0.129991,-0.007076,1.071404,-13.300000,-16.799999,20.719999
95445,,,,,,,,,,,,,16.237398,17.287056,0.142384,0.181433,,,,,,,,,,,,
95449,,,,,,,,,,,,,,,,,,,,0.962157,-0.027469,1.559148,,,,,,
95455,,,,0.995956,0.089847,1.660765,0.361324,0.361324,,,,,,,,,,,,,,,,,,,,
95457,,,,,,,,,,,24.786575,29.182732,,,0.181436,0.230522,0.117817,-0.032422,0.101449,,,,,,,,,
95458,,,,,,,,,,,,,16.769255,18.096310,,,,,,,,,0.119560,0.022326,1.001437,-10.570000,-11.480000,18.270000
95459,,,,,,,,,,,,,,,,,,,,0.961989,-0.024352,1.563225,,,,,,
95465,,,,,,,,,,,,,17.679020,18.795603,0.172098,0.223344,,,,,,,0.119560,0.022326,1.001437,-6.440000,12.740000,20.860001
95478,,,,,,,,,,,,,18.707539,20.072853,0.161541,0.210234,,,,,,,,,,,,
95469,,,,,,,,,,,,,,,,,,,,0.961870,-0.020453,1.563077,,,,,,
95477,,,,,,,,,,,,,,,,,,,,0.961926,-0.016729,1.570831,,,,,,
95483,,,,,,,,,,,,,,,,,,,,,,,0.096380,-0.010980,1.022238,2.450000,-24.850000,29.469999
95485,,,,,,,,,,,,,19.580198,20.728973,0.152584,0.203500,,,,,,,,,,,,
95488,,,,,,,,,,,,,,,,,,,,,,,0.159820,-0.011773,1.042856,5.250000,-15.540000,31.780001
95487,,,,,,,,,,,,,,,,,,,,0.961772,-0.013187,1.574520,,,,,,
95494,,,,,,,,,,,,,,,,,,,,,,,0.159820,-0.011773,1.042856,3.010000,-1.960000,35.139999
95495,,,,,,,,,,,,,20.320032,21.835934,0.144991,0.192138,,,,,,,,,,,,
95497,,,,,,,,,,,,,,,,,,,,0.961726,-0.009138,1.582199,,,,,,
95505,,,,0.993676,0.112286,1.683320,0.420396,0.420396,,,,,,,,,,,,,,,,,,,,
95507,,,,,,,,,,,28.199553,33.267239,,,0.190184,0.240208,0.121179,-0.033209,0.101794,,,,,,,,,
95508,,,,,,,,,,,,,20.640169,22.801373,,,,,,,,,,,,,,
95509,,,,,,,,,,,,,,,,,,,,,,,0.116632,0.005368,0.984540,3.920000,9.310000,38.919998
95521,,,,,,,,,,,,,21.475466,23.704784,0.181633,0.230960,,,,,,,,,,,,
95518,,,,,,,,,,,,,,,,,,,,0.961419,-0.000742,1.597638,,,,,,
95525,,,,,,,,,,,,,,,,,,,,,,,0.116632,0.035258,1.029985,-8.330000,-10.640000,40.810001
95530,,,,,,,,,,,,,,,,,,,,,,,0.111508,0.035258,1.029985,-13.020000,-7.490000,44.939999
95528,,,,,,,,,,,,,,,,,,,,0.961215,0.003518,1.601569,,,,,,
95535,,,,,,,,,,,,,,,,,,,,,,,0.111508,0.035258,1.029985,7.630000,-20.440001,46.340000
95536,,,,,,,,,,,,,22.132107,25.115852,0.174911,0.216515,,,,,,,,,,,,
95539,,,,,,,,,,,,,,,,,,,,0.960929,0.008001,1.605479,,,,,,
95544,,,,,,,,,,,,,,,,,,,,,,,0.130723,-0.001525,1.104832,6.930000,-8.260000,49.490002
95545,,,,,,,,,,,,,23.227455,26.313665,0.163698,0.204253,,,,,,,,,,,,
95549,,,,,,,,,,,,,,,,,,,,0.960757,0.012360,1.613027,,,,,,
95555,,,,0.990461,0.137792,1.709028,0.482232,0.482232,,,,,,,,,,,,,,,,,,,,
95557,,,,,,,,,,,31.917414,37.445503,,,,,0.124187,-0.034924,0.096105,,,,,,,,,
95558,,,,,,,,,,,,,23.972919,27.012590,0.208193,0.255527,,,,,,,0.130723,-0.001525,1.104832,-4.410000,-4.900000,44.099998
95559,,,,,,,,,,,,,,,,,,,,0.960375,0.017088,1.624569,,,,,,
95564,,,,,,,,,,,,,,,,,,,,,,,0.105469,0.043432,0.926468,8.400000,9.310000,48.369999
95565,,,,,,,,,,,,,25.183043,28.456656,0.195928,0.240891,,,,,,,,,,,,
95578,,,,,,,,,,,,,25.986746,29.177320,0.187781,0.233586,,,,,,,,,,,,
95567,,,,,,,,,,,,,,,,,,,,0.960020,0.021851,1.632037,,,,,,
95577,,,,,,,,,,,,,,,,,,,,0.959537,0.026812,1.639700,,,,,,
95583,,,,,,,,,,,,,,,,,,,,,,,0.123830,0.040626,1.148020,2.170000,-32.130001,44.169998
95585,,,,,,,,,,,,,26.262632,30.412977,0.184985,0.221062,,,,,,,,,,,,
95588,,,,,,,,,,,,,,,,,,,,,,,0.123830,0.040626,1.148020,6.790000,-34.580002,45.709999
95587,,,,,,,,,,,,,,,,,,,,0.959160,0.031759,1.647104,,,,,,
95594,,,,,,,,,,,,,,,,,,,,,,,0.123830,0.040626,1.148020,3.640000,-22.260000,50.889999
95595,,,,,,,,,,,,,27.067347,31.111666,0.176829,0.213980,,,,,,,,,,,,
95598,,,,,,,,,,,,,,,,,,,,0.958602,0.036800,1.654629,,,,,,
95605,,,,0.986053,0.166429,1.738004,0.546492,0.546492,,,,,,,,,,,,,,,,,,,,
95607,,,,,,,,,,,35.933128,41.619122,,,,,0.126957,-0.038133,0.083548,,,,,,,,,
95608,,,,,,,,,,,,,27.635666,31.922411,0.227148,0.263959,,,,0.958035,0.042406,1.669567,,,,,,
95609,,,,,,,,,,,,,,,,,,,,,,,0.116449,0.009699,0.959347,0.630000,9.450000,48.230000
95615,,,,,,,,,,,,,28.848465,32.455334,0.214955,0.258601,,,,,,,0.116449,0.009699,0.959347,5.250000,8.330000,45.150002
95618,,,,,,,,,,,,,,,,,,,,0.957441,0.047804,1.680561,,,,,,
95624,,,,,,,,,,,,,,,,,,,,,,,0.100589,0.045750,1.011014,-5.320000,-18.480000,38.150002
95625,,,,,,,,,,,,,29.863314,33.457153,0.204753,0.248530,,,,,,,,,,,,
95638,,,,,,,,,,,,,30.317232,34.206131,0.200190,0.241000,,,,,,,,,,,,
95629,,,,,,,,,,,,,,,,,,,,0.956665,0.053289,1.687985,,,,,,
95639,,,,,,,,,,,,,,,,,,,,0.955997,0.058741,1.691678,,,,,,
95643,,,,,,,,,,,,,,,,,,,,,,,0.171593,0.031659,0.987773,-2.730000,9.870000,39.689999
95645,,,,,,,,,,,,,31.495373,34.767490,0.188346,0.235357,,,,,,,,,,,,
95648,,,,,,,,,,,,,,,,,,,,,,,0.171593,0.031659,0.987773,-5.810000,22.889999,35.770000
95646,,,,,,,,,,,,,,,,,,,,0.955128,0.064493,1.695365,,,,,,
95655,,,,0.980157,0.198224,1.770342,0.612846,0.612846,,,,,,,,,,,,,,,,,,,,
95657,,,,,,,,,,,39.963615,45.931339,,,,,0.129694,-0.041295,0.075718,0.954068,0.070706,1.702993,,,,,,
95658,,,,,,,,,,,,,31.729490,35.789970,0.242751,0.285824,,,,,,,,,,,,
95659,,,,,,,,,,,,,,,,,,,,,,,0.171593,0.057706,1.003816,-9.310000,20.090000,37.380001
95665,,,,,,,,,,,,,33.355103,36.031818,0.226386,0.283389,,,,,,,0.144997,0.057706,1.003816,-0.070000,3.080000,36.259998
95667,,,,,,,,,,,,,,,,,,,,0.953136,0.076575,1.703053,,,,,,
95674,,,,,,,,,,,,,,,,,,,,,,,0.118950,0.017385,0.997533,-10.920000,-18.059999,39.130001
95675,,,,,,,,,,,,,34.090504,37.438244,0.218982,0.269230,,,,,,,,,,,,
95677,,,,,,,,,,,,,,,,,,,,0.951929,0.082487,1.710532,,,,,,
95684,,,,,,,,,,,,,,,,,,,,,,,0.118950,0.017385,0.997533,7.560000,1.820000,39.200001
95685,,,,,,,,,,,,,34.718376,38.083767,0.212661,0.262731,,,,,,,,,,,,
95697,,,,,,,,,,,,,35.587887,38.874947,0.203907,0.254766,,,,,,,,,,,,
95688,,,,,,,,,,,,,,,,,,,,0.950955,0.088622,1.714119,,,,,,
95698,,,,,,,,,,,,,,,,,,,,0.949805,0.095313,1.717903,,,,,,
95703,,,,,,,,,,,,,,,,,,,,,,,0.182207,0.010858,1.055971,-4.200000,16.170000,41.160000
95705,,,,0.972438,0.233163,1.806125,0.680973,0.680973,,,,,,,,,,,,,,,,,,,,
95707,,,,,,,,,,,43.660458,50.757870,,,,,0.133091,-0.042607,0.087470,,,,,,,,,
95708,,,,,,,,,,,,,36.267574,39.560303,0.249183,0.315934,,,,0.948549,0.101859,1.728789,,,,,,
95712,,,,,,,,,,,,,,,,,,,,,,,0.182207,0.010858,1.004121,-8.120000,-5.250000,36.119999
95715,,,,,,,,,,,,,37.766441,40.536942,0.234070,0.306087,,,,,,,,,,,,
95718,,,,,,,,,,,,,,,,,,,,0.947241,0.108467,1.732490,0.112850,0.049898,1.004121,-17.639999,-5.880000,35.209999
95724,,,,,,,,,,,,,,,,,,,,,,,0.112850,0.049898,1.004121,19.389999,-1.190000,40.320000
95725,,,,,,,,,,,,,38.349319,41.775856,0.228193,0.293595,,,,,,,,,,,,
95738,,,,,,,,,,,,,38.873508,42.637447,0.222908,0.284908,,,,,,,,,,,,
95728,,,,,,,,,,,,,,,,,,,,0.945970,0.115198,1.739678,,,,,,
95739,,,,,,,,,,,,,,,,,,,,0.944589,0.122260,1.746901,,,,,,
95743,,,,,,,,,,,,,,,,,,,,,,,0.149084,0.007991,1.097512,-23.309999,-5.600000,50.610001
95745,,,,,,,,,,,,,39.964870,43.857517,0.211904,0.272606,,,,,,,,,,,,
95748,,,,,,,,,,,,,,,,,,,,,,,0.149084,0.007991,0.951295,20.440001,-2.520000,51.520000
95749,,,,,,,,,,,,,,,,,,,,0.942977,0.129179,1.754114,,,,,,
95755,,,,0.962528,0.271182,1.845418,0.750560,0.750560,,,,,,,,,,,,,,,,,,,,
95757,,,,,,,,,,,47.633766,55.521080,,,,,0.136083,-0.045041,0.091075,0.941494,0.136506,1.768349,,,,,,
95758,,,,,,,,,,,,,40.629646,44.780319,0.260941,0.330051,,,,,,,,,,,,
95759,,,,,,,,,,,,,,,,,,,,,,,0.129320,0.053619,0.951295,7.980000,8.190000,53.340000
95765,,,,,,,,,,,,,40.809498,45.037842,0.259133,0.327463,,,,,,,0.129320,0.053619,0.951295,-12.950000,23.379999,55.650002
95768,,,,,,,,,,,,,,,,,,,,0.939691,0.144024,1.775726,,,,,,
95774,,,,,,,,,,,,,,,,,,,,,,,0.104920,0.086132,1.058960,-3.850000,3.150000,54.529999
95775,,,,,,,,,,,,,41.999790,46.652187,0.247168,0.311235,,,,,,,,,,,,
95778,,,,,,,,,,,,,,,,,,,,0.937806,0.151442,1.786405,,,,,,
95785,,,,,,,,,,,,,43.022926,47.486332,0.236884,0.302850,,,,,,,0.104920,0.086132,1.058960,7.910000,-5.040000,59.779999
95797,,,,,,,,,,,,,43.438946,48.099388,0.232702,0.296688,,,,,,,,,,,,
95788,,,,,,,,,,,,,,,,,,,,0.935930,0.158786,1.796929,,,,,,
95799,,,,,,,,,,,,,,,,,,,,0.933742,0.166514,1.804189,,,,,,
95803,,,,,,,,,,,,,,,,,,,,,,,0.175497,0.041724,0.966911,-13.440000,23.590000,59.500000
95805,,,,0.950027,0.312168,1.888270,0.821304,0.821304,,,,,,,,,,,,,,,,,,,,
95807,,,,,,,,,,,51.961975,60.084240,,,,,0.138050,-0.049362,0.084427,,,,,,,,,
95808,,,,,,,,,,,,,44.438404,49.411552,0.282981,0.346919,,,,,,,,,,,,
95809,,,,,,,,,,,,,,,,,,,,0.931367,0.174734,1.818294,,,,,,
95812,,,,,,,,,,,,,,,,,,,,,,,0.143533,0.086315,0.982222,6.930000,20.090000,64.050003
95815,,,,,,,,,,,,,44.775105,49.697975,0.279619,0.344058,,,,,,,,,,,,
95818,,,,,,,,,,,,,,,,,,,,,,,0.143533,0.086315,0.982222,18.690001,14.280000,70.489998
95816,,,,,,,,,,,,,,,,,,,,0.929379,0.182574,1.828798,,,,,,
95824,,,,,,,,,,,,,,,,,,,,,,,0.119682,0.055632,1.001986,-9.170000,2.380000,69.860001
95825,,,,,,,,,,,,,45.899494,51.138363,0.268390,0.329674,,,,,,,,,,,,
95827,,,,,,,,,,,,,,,,,,,,0.926940,0.190571,1.839288,,,,,,
95834,,,,,,,,,,,,,,,,,,,,,,,0.119682,0.055632,1.001986,11.410000,-3.080000,67.339996
95835,,,,,,,,,,,,,46.836452,52.339989,0.259033,0.317674,,,,,,,,,,,,
95837,,,,,,,,,,,,,,,,,,,,0.924388,0.198929,1.856594,,,,,,
95844,,,,,,,,,,,,,,,,,,,,,,,0.136457,0.083814,1.083970,4.550000,-6.300000,64.610001
95845,,,,,,,,,,,,,48.168179,53.346355,0.245734,0.307624,,,,,,,,,,,,
95859,,,,0.934508,0.355942,1.934718,0.892911,0.892911,,,,,,,,,,,,,,,,,,,,
95861,,,,,,,,,,,56.657276,64.979042,,,,,0.147162,-0.053860,0.078289,,,,,,,,,
95862,,,,,,,,,,,,,48.856575,54.212837,0.304197,0.366973,,,,,,,,,,,,
95858,,,,,,,,,,,,,,,,,,,,0.918961,0.215475,1.877219,,,,,,
95867,,,,,,,,,,,,,,,,,,,,,,,0.091683,0.109434,1.013881,10.990000,-7.070000,66.500000
95868,,,,,,,,,,,,,,,,,,,,0.915883,0.224063,1.880783,,,,,,
95873,,,,,,,,,,,,,,,,,,,,,,,0.091683,0.109434,1.013881,-9.870000,-9.800000,64.330002
95875,,,,,,,,,,,,,49.979980,55.293289,0.293026,0.356229,,,,,,,,,,,,
95878,,,,,,,,,,,,,,,,,,,,,,,0.091683,0.109434,1.013881,2.310000,-20.650000,66.360001
95879,,,,,,,,,,,,,,,,,,,,0.912691,0.232390,1.894418,,,,,,
95884,,,,,,,,,,,,,,,,,,,,,,,0.133651,0.078751,1.058472,14.000000,-37.099998,66.919998
95885,,,,,,,,,,,,,50.825493,56.392654,0.284619,0.345297,,,,,,,,,,,,
95887,,,,,,,,,,,,,,,,,,,,0.909689,0.240510,1.904600,,,,,,
95894,,,,,,,,,,,,,,,,,,,,,,,0.133651,0.078751,1.058472,21.139999,-27.020000,66.220001
95895,,,,,,,,,,,,,52.059910,57.837688,0.272344,0.330928,,,,,,,,,,,,
95897,,,,,,,,,,,,,,,,,,,,0.906557,0.249138,1.914543,,,,,,
95905,,,,0.915524,0.402264,1.984785,0.965097,0.965097,,,,,,,,,,,,,,,,,,,,
95908,,,,,,,,,,,60.866531,69.214157,53.101517,58.808239,0.320192,0.379677,0.141807,-0.059921,0.070362,,,,,,,,,
95909,,,,,,,,,,,,,,,,,,,,,,,0.162992,0.062647,0.946964,-12.180000,1.540000,61.950001
95920,,,,,,,,,,,,,54.389561,59.653572,0.307465,0.371324,,,,,,,,,,,,
95919,,,,,,,,,,,,,,,,,,,,0.899080,0.267287,1.935018,,,,,,
95926,,,,,,,,,,,,,55.081356,60.442295,0.300629,0.363531,,,,,,,0.162992,0.108580,0.912438,9.730000,16.799999,56.419998
95931,,,,,,,,,,,,,,,,,,,,,,,0.149145,0.108580,0.912438,8.610000,-0.210000,56.700001
95929,,,,,,,,,,,,,,,,,,,,0.895343,0.276349,1.948389,,,,,,
95935,,,,,,,,,,,,,56.408752,61.511406,0.287513,0.352967,,,,,,,,,,,,
95936,,,,,,,,,,,,,,,,,,,,,,,0.149145,0.108580,0.912438,-26.740000,-9.940000,53.060001
95939,,,,,,,,,,,,,,,,,,,,0.891346,0.285546,1.955153,,,,,,
95944,,,,,,,,,,,,,,,,,,,,,,,0.162382,0.109068,1.061217,-12.670000,-29.889999,47.950001
95945,,,,,,,,,,,,,57.312359,62.700180,0.278585,0.341221,,,,,,,,,,,,
95946,,,,,,,,,,,,,,,,,,,,0.887233,0.294595,1.961788,,,,,,
95955,,,,0.892616,0.450818,2.038478,1.037585,1.037585,,,,,,,,,,,,,,,,,,,,
95957,,,,,,,,,,,64.840736,74.054535,,,,,0.142440,-0.064440,0.076228,0.883027,0.303872,1.971570,,,,,,
95958,,,,,,,,,,,,,58.514000,63.476120,0.322031,0.401000,,,,,,,,,,,,
95959,,,,,,,,,,,,,,,,,,,,,,,0.162382,0.109068,1.061217,0.420000,-28.139999,47.320000
95965,,,,,,,,,,,,,59.087601,64.778717,0.316349,0.388098,,,,,,,0.111081,0.072590,1.027240,1.890000,-24.150000,50.119999
95978,,,,,,,,,,,,,60.341949,65.555481,0.303925,0.380404,,,,0.874180,0.322597,1.988173,,,,,,
95967,,,,,,,,,,,,,,,,,,,,0.878536,0.313039,1.978203,,,,,,
95983,,,,,,,,,,,,,,,,,,,,,,,0.132675,0.050996,0.941474,27.510000,-5.670000,55.439999
95985,,,,,,,,,,,,,61.613010,66.774055,0.291335,0.368333,,,,,,,,,,,,
95989,,,,,,,,,,,,,,,,,,,,,,,0.132675,0.050996,0.941474,32.340000,-7.700000,56.070000
95988,,,,,,,,,,,,,,,,,,,,0.869483,0.332399,1.998061,,,,,,
95994,,,,,,,,,,,,,,,,,,,,,,,0.161772,0.075701,0.984967,-3.430000,-8.330000,61.389999
95995,,,,,,,,,,,,,62.260433,67.699699,0.284922,0.359165,,,,,,,,,,,,
95998,,,,,,,,,,,,,,,,,,,,0.864829,0.342089,2.010974,,,,,,
96005,,,,0.865326,0.501209,2.095792,1.110109,1.110109,,,,,,,,,,,,,,,,,,,,
96007,,,,,,,,,,,68.748016,79.003738,,,,,0.143677,-0.068193,0.084429,,,,,,,,,
96008,,,,,,,,,,,,,63.170662,68.178650,0.330274,0.423312,,,,,,,,,,,,
96009,,,,,,,,,,,,,,,,,,,,,,,0.161772,0.075701,0.984967,-7.420000,-7.350000,56.490002
96021,,,,,,,,,,,,,63.738884,69.174194,0.324642,0.413445,,,,,,,,,,,,
96019,,,,,,,,,,,,,,,,,,,,0.854270,0.363102,2.062799,,,,,,
96026,,,,,,,,,,,,,,,,,,,,,,,0.122549,0.094428,0.862540,12.950000,45.709999,69.790001
96027,,,,,,,,,,,,,,,,,,,,0.848932,0.373072,2.066232,,,,,,
96031,,,,,,,,,,,,,,,,,,,,,,,0.122549,0.094428,1.002230,-8.610000,37.590000,75.459999
96035,,,,,,,,,,,,,64.673790,70.430336,0.315376,0.400994,,,,,,,,,,,,
96036,,,,,,,,,,,,,,,,,,,,,,,0.181048,0.123403,1.002230,-7.350000,15.470000,77.980003
96037,,,,,,,,,,,,,,,,,,,,0.843234,0.383454,2.075954,,,,,,
96044,,,,,,,,,,,,,,,,,,,,,,,0.181048,0.123403,1.002230,-44.520000,-25.270000,79.660004
96045,,,,,,,,,,,,,65.362114,71.847504,0.308553,0.386947,,,,,,,,,,,,
96047,,,,,,,,,,,,,,,,,,,,0.837575,0.393259,2.091928,,,,,,
96055,,,,0.833207,0.552962,2.156711,1.182410,1.182410,,,,,,,,,,,,,,,,,,,,
96057,,,,,,,,,,,73.593979,82.997063,,,,,0.140950,-0.075443,0.066206,,,,,,,,,
96058,,,,,,,,,,,,,66.181679,72.929176,0.367051,0.430700,,,,0.831682,0.403140,2.104672,,,,,,
96059,,,,,,,,,,,,,,,,,,,,,,,0.114131,0.155855,1.055849,-17.850000,-47.529999,81.690002
96065,,,,,,,,,,,,,67.722687,74.152367,0.351942,0.418707,,,,,,,0.114131,0.155855,1.055849,-3.990000,-19.879999,87.150002
96078,,,,,,,,,,,,,68.743050,75.413109,0.341937,0.406346,,,,0.819357,0.423338,2.129874,,,,,,
96068,,,,,,,,,,,,,,,,,,,,0.825640,0.413063,2.120367,,,,,,
96083,,,,,,,,,,,,,,,,,,,,,,,0.099491,0.128344,0.953186,4.620000,-7.840000,85.610001
96085,,,,,,,,,,,,,69.755997,76.162560,0.332006,0.398998,,,,,,,,,,,,
96089,,,,,,,,,,,,,,,,,,,,0.812898,0.433574,2.148743,0.157868,0.142557,0.915061,13.020000,-11.900000,84.489998
96094,,,,,,,,,,,,,,,,,,,,,,,0.157868,0.142557,0.915061,29.889999,-5.530000,81.480003
96095,,,,,,,,,,,,,70.732834,77.217880,0.322428,0.388651,,,,,,,,,,,,
96099,,,,,,,,,,,,,,,,,,,,0.806191,0.444043,2.164285,,,,,,
96105,,,,0.795837,0.605511,2.221204,1.254240,1.254240,,,,,,,,,,,,,,,,,,,,
96107,,,,,,,,,,,78.071930,87.248451,,,,,0.139672,-0.081585,0.057775,,,,,,,,,
96108,,,,,,,,,,,,,71.457268,77.766830,0.376984,0.441731,,,,,,,,,,,,
96109,,,,,,,,,,,,,,,,,,,,,,,0.157868,0.142557,0.915061,-17.850000,27.440001,85.190002
96106,,,,,,,,,,,,,,,,,,,,0.798991,0.454690,2.180148,,,,,,
96115,,,,,,,,,,,,,72.173218,78.988220,0.369981,0.429785,,,,,,,0.117852,0.157197,0.747616,5.250000,34.299999,77.209999
96117,,,,,,,,,,,,,,,,,,,,0.791472,0.465310,2.192785,,,,,,
96124,,,,,,,,,,,,,,,,,,,,,,,0.117852,0.157197,0.747616,-22.469999,6.580000,70.980003
96125,,,,,,,,,,,,,73.501419,79.790985,0.356991,0.421933,,,,,,,,,,,,
96137,,,,,,,,,,,,,74.380844,80.568367,0.348389,0.414330,,,,0.776466,0.485613,2.217483,,,,,,
96127,,,,,,,,,,,,,,,,,,,,0.783915,0.475383,2.202230,,,,,,
96143,,,,,,,,,,,,,,,,,,,,,,,0.127307,0.211853,1.014125,-9.100000,-20.860001,73.570000
96145,,,,,,,,,,,,,75.994690,81.906693,0.332605,0.401240,,,,,,,,,,,,
96149,,,,,,,,,,,,,,,,,,,,,,,0.163480,0.142130,0.924516,24.639999,-16.730000,68.739998
96148,,,,,,,,,,,,,,,,,,,,0.768496,0.495650,2.229859,,,,,,
96155,,,,0.752837,0.658207,2.289231,1.325359,1.325359,,,,,,,,,,,,,,,,,,,,
96157,,,,,,,,,,,82.047356,91.762726,,,,,0.138114,-0.087020,0.060081,,,,,,,,,
96158,,,,,,,,,,,,,76.572296,82.417709,0.381882,0.458694,,,,0.760515,0.506059,2.245185,,,,,,
96159,,,,,,,,,,,,,,,,,,,,,,,0.163480,0.142130,0.924516,7.280000,9.100000,73.290001
96165,,,,,,,,,,,,,,,0.375113,0.447032,,,,,,,0.107177,0.152317,0.865407,5.880000,7.000000,66.430000
96166,,,,,,,,,,,,,77.262512,83.606903,,,,,,,,,,,,,,
96168,,,,,,,,,,,,,,,,,,,,0.751989,0.516623,2.251439,,,,,,
96175,,,,,,,,,,,,,78.002228,83.905334,0.367859,0.444106,,,,,,,0.107177,0.152317,0.865407,-10.430000,19.530001,71.190002
96179,,,,,,,,,,,,,,,,,,,,0.743643,0.527046,2.266689,,,,,,
96184,,,,,,,,,,,,,,,,,,,,,,,0.150304,0.148291,0.856562,-10.570000,26.879999,71.050003
96185,,,,,,,,,,,,,78.785606,84.848694,0.360176,0.434855,,,,,,,,,,,,
96197,,,,,,,,,,,,,79.883858,85.922829,0.349406,0.424321,,,,,,,,,,,,
96189,,,,,,,,,,,,,,,,,,,,0.734552,0.537600,2.279061,,,,,,
96199,,,,,,,,,,,,,,,,,,,,0.725507,0.548159,2.291250,,,,,,
96202,,,,,,,,,,,,,,,,,,,,,,,0.138409,0.168848,0.940071,-7.630000,7.840000,68.669998
96205,,,,0.703886,0.710313,2.360738,1.395537,1.395537,,,,,,,,,,,,,,,,,,,,
96207,,,,,,,,,,,85.639854,96.468781,,,,,0.136155,-0.090703,0.069733,0.716164,0.558437,2.300416,,,,,,
96208,,,,,,,,,,,,,80.473053,87.027443,0.393233,0.478471,,,,,,,,,,,,
96213,,,,,,,,,,,,,,,,,,,,,,,0.138409,0.168848,0.940071,16.170000,-34.160000,79.099998
96215,,,,,,,,,,,,,81.568039,87.852791,0.382494,0.470376,,,,,,,,,,,,
96218,,,,,,,,,,,,,,,,,,,,,,,0.138409,0.168848,0.940071,-24.850000,-57.470001,81.830002
96217,,,,,,,,,,,,,,,,,,,,0.706852,0.568749,2.318405,,,,,,
96224,,,,,,,,,,,,,,,,,,,,,,,0.084363,0.143472,1.009062,7.350000,-53.130001,84.000000
96225,,,,,,,,,,,,,82.905075,88.742058,0.369381,0.461655,,,,,,,,,,,,
96236,,,,,,,,,,,,,83.607346,90.002625,0.362493,0.449292,,,,,,,,,,,,
96228,,,,,,,,,,,,,,,,,,,,0.697621,0.578520,2.327352,,,,,,
96238,,,,,,,,,,,,,,,,,,,,0.688139,0.588489,2.339265,,,,,,
96242,,,,,,,,,,,,,,,,,,,,,,,0.125660,0.157563,0.869921,6.510000,-1.190000,85.050003
96245,,,,,,,,,,,,,84.462494,91.070900,0.354106,0.438815,,,,,,,,,,,,
96247,,,,,,,,,,,,,,,,,,,,,,,0.125660,0.157563,0.869921,-4.830000,8.820000,86.589996
96248,,,,,,,,,,,,,,,,,,,,0.678022,0.599036,2.351252,,,,,,
96255,,,,0.648742,0.761009,2.435663,1.464551,1.464551,,,,,,,,,,,,,,,,,,,,
96257,,,,,,,,,,,88.973221,101.322342,,,,,0.135489,-0.093214,0.084032,,,,,,,,,
96258,,,,,,,,,,,,,84.915085,91.773682,0.395665,0.498873,,,,,,,,,,,,
96259,,,,,,,,,,,,,,,,,,,,0.667930,0.609166,2.369206,0.125660,0.157563,0.869921,-19.250000,22.330000,89.949997
96265,,,,,,,,,,,,,85.487877,92.736626,0.390052,0.489435,,,,,,,0.102236,0.203374,0.858575,-29.610001,33.250000,82.110001
96269,,,,,,,,,,,,,,,,,,,,0.657007,0.619274,2.378355,,,,,,
96275,,,,,,,,,,,,,86.298843,93.503273,0.382104,0.481922,,,,,,,0.102236,0.203374,0.858575,-41.790001,-9.240000,88.410004
96276,,,,,,,,,,,,,,,,,,,,0.646011,0.629188,2.396338,,,,,,
96284,,,,,,,,,,,,,,,,,,,,,,,0.103639,0.263215,1.038708,10.710000,-54.740002,99.400002
96285,,,,,,,,,,,,,86.866890,94.573509,0.376536,0.471433,,,,,,,,,,,,
96296,,,,,,,,,,,,,87.432007,95.453018,0.370998,0.462813,,,,,,,,,,,,
96287,,,,,,,,,,,,,,,,,,,,0.634700,0.639225,2.420143,,,,,,
96297,,,,,,,,,,,,,,,,,,,,0.623275,0.649271,2.443677,,,,,,
96301,,,,,,,,,,,,,,,,,,,,,,,0.093330,0.179035,0.937509,29.610001,-21.070000,104.580002
96305,,,,0.587254,0.809403,2.513931,1.532188,1.532188,,,,,,,,,,,,,,,,,,,,
96307,,,,,,,,,,,93.395660,104.979492,,,,,0.130571,-0.099349,0.071378,0.612243,0.659042,2.464066,,,,,,
96308,,,,,,,,,,,,,88.207230,96.328789,0.423856,0.503740,,,,,,,,,,,,
96312,,,,,,,,,,,,,,,,,,,,,,,0.093330,0.179035,0.937509,18.129999,5.250000,111.019997
96315,,,,,,,,,,,,,89.065353,97.383614,0.415542,0.493519,,,,,,,,,,,,
96317,,,,,,,,,,,,,,,,,,,,,,,0.092171,0.222528,0.864797,2.380000,9.100000,118.650002
96318,,,,,,,,,,,,,,,,,,,,0.600484,0.668922,2.481662,,,,,,
96324,,,,,,,,,,,,,,,,,,,,,,,0.092171,0.222528,0.864797,-32.410000,-12.250000,116.900002
96325,,,,,,,,,,,,,89.834381,98.488350,0.408090,0.482815,,,,,,,,,,,,
96328,,,,,,,,,,,,,,,,,,,,0.588093,0.678380,2.505438,,,,,,
96334,,,,,,,,,,,,,,,,,,,,,,,0.109190,0.251991,0.806664,8.400000,11.410000,106.750000
96335,,,,,,,,,,,,,90.939781,99.866211,0.397379,0.469464,,,,,,,,,,,,
96339,,,,,,,,,,,,,,,,,,,,0.575634,0.687915,2.525706,,,,,,
96345,,,,,,,,,,,,,91.865227,99.924088,0.388412,0.468903,,,,,,,0.109190,0.251991,0.806664,-29.120001,32.689999,117.529999
96360,,,,0.519388,0.854539,2.595458,1.598247,1.598247,,,,,,,,,,,,,,,,,,,,
96363,,,,,,,,,,,97.782700,109.546623,,,,,0.140772,-0.103514,0.070108,,,,,,,,,
96364,,,,,,,,,,,,,92.417549,100.652328,0.443087,0.524319,,,,,,,,,,,,
96356,,,,,,,,,,,,,,,,,,,,0.550105,0.706548,2.557553,,,,,,
96369,,,,,,,,,,,,,,,,,,,,,,,0.170373,0.263886,0.922686,-5.250000,-18.410000,103.389999
96367,,,,,,,,,,,,,,,,,,,,0.537050,0.715420,2.577719,,,,,,
96374,,,,,,,,,,,,,,,,,,,,,,,0.075152,0.325435,0.941413,-2.940000,-21.280001,109.129997
96375,,,,,,,,,,,,,92.948921,101.837509,0.437941,0.512841,,,,,,,,,,,,
96377,,,,,,,,,,,,,,,,,,,,0.523616,0.724119,2.598027,,,,,,
96380,,,,,,,,,,,,,,,,,,,,,,,0.075152,0.325435,0.941413,6.230000,-38.709999,106.540001
96385,,,,,,,,,,,,,94.029022,103.144623,0.427481,0.500183,,,,,,,0.075152,0.325435,0.941413,18.270000,-54.320000,107.379997
96387,,,,,,,,,,,,,,,,,,,,0.509702,0.732763,2.624050,,,,,,
96395,,,,,,,,,,,,,95.547607,104.312912,0.412775,0.488870,,,,,,,0.108519,0.299876,0.906521,-28.559999,-25.200001,107.309998
96398,,,,,,,,,,,,,,,,,,,,0.496001,0.740751,2.638469,,,,,,
96405,,,,0.445239,0.895412,2.680151,1.662531,1.662531,,,,,,,,,,,,,,,,,,,,
96408,,,,,,,,,,,102.010254,111.745834,96.169182,104.789734,0.463987,0.513609,0.120338,-0.110931,0.043973,0.481812,0.748781,2.658351,,,,,,
96409,,,,,,,,,,,,,,,,,,,,,,,0.108519,0.299876,0.906521,-21.350000,19.600000,107.029999
96426,,,,,,,,,,,,,97.212143,105.387856,0.453998,0.507880,,,,,,,,,,,,
96418,,,,,,,,,,,,,,,,,,,,0.467647,0.756895,2.672633,,,,,,
96430,,,,,,,,,,,,,,,,,,,,,,,0.123830,0.201483,0.860771,8.820000,0.350000,99.400002
96429,,,,,,,,,,,,,,,,,,,,0.452709,0.765195,2.689550,,,,,,
96435,,,,,,,,,,,,,,,,,,,,,,,0.141581,0.300059,0.860771,17.430000,-29.820000,90.860001
96436,,,,,,,,,,,,,98.187370,106.237350,0.444657,0.499744,,,,,,,,,,,,
96440,,,,,,,,,,,,,,,,,,,,,,,0.141581,0.300059,0.860771,20.860001,-40.880001,90.650002
96439,,,,,,,,,,,,,,,,,,,,0.437267,0.772996,2.712272,,,,,,
96445,,,,,,,,,,,,,,,,,,,,,,,0.141581,0.315736,0.926041,-9.520000,-56.139999,86.730003
96446,,,,,,,,,,,,,99.505814,107.368805,0.432029,0.488907,,,,0.422327,0.780170,2.726524,,,,,,
96454,,,,,,,,,,,,,,,,,,,,,,,0.127246,0.315736,0.926041,-18.549999,-31.010000,82.110001
96456,,,,0.365048,0.930989,2.767908,1.724855,1.724855,,,,,,,,,,,,0.407170,0.787173,2.740911,,,,,,
96458,,,,,,,,,,,105.453140,115.297974,,,,,0.113361,-0.114983,0.042511,,,,,,,,,
96459,,,,,,,,,,,,,101.120430,108.140915,0.463443,0.529960,,,,,,,,,,,,
96465,,,,,,,,,,,,,102.178421,108.985229,0.453278,0.521848,,,,,,,0.127246,0.189466,0.669048,3.710000,53.759998,80.500000
96477,,,,,,,,,,,,,102.798042,109.434761,0.447324,0.517528,,,,0.375424,0.801194,2.763198,,,,,,
96470,,,,,,,,,,,,,,,,,,,,0.391299,0.794366,2.755009,,,,,,
96483,,,,,,,,,,,,,,,,,,,,,,,0.085278,0.291275,1.083055,39.060001,4.410000,75.529999
96485,,,,,,,,,,,,,103.301147,110.285858,0.442490,0.509351,,,,,,,,,,,,
96489,,,,,,,,,,,,,,,,,,,,,,,0.153659,0.291275,1.083055,18.690001,-15.470000,69.300003
96488,,,,,,,,,,,,,,,,,,,,0.359354,0.808200,2.780013,,,,,,
96494,,,,,,,,,,,,,,,,,,,,,,,0.153659,0.291275,1.083055,24.780001,-39.549999,76.860001
96495,,,,,,,,,,,,,104.449898,110.874718,0.431452,0.503693,,,,,,,,,,,,
96498,,,,,,,,,,,,,,,,,,,,0.343141,0.814636,2.791159,,,,,,
96505,,,,0.279214,0.960229,2.858617,1.785044,1.785044,,,,,,,,,,,,,,,,,,,,
96508,,,,,,,,,,,107.499786,119.946388,105.427956,111.689598,0.450146,0.560076,0.109912,-0.114970,0.067706,,,,,,,,,
96509,,,,,,,,,,,,,,,,,,,,,,,0.086559,0.261568,0.934825,8.190000,-71.750000,70.419998
96521,,,,,,,,,,,,,106.448860,112.582855,0.440219,0.551390,,,,,,,,,,,,
96519,,,,,,,,,,,,,,,,,,,,0.310947,0.826472,2.819367,,,,,,
96526,,,,,,,,,,,,,106.986519,114.197128,0.434990,0.535692,,,,,,,0.086559,0.157990,0.644892,-15.890000,92.400002,73.220001
96531,,,,,,,,,,,,,,,,,,,,,,,0.054229,0.157990,0.644892,8.680000,84.139999,77.000000
96529,,,,,,,,,,,,,,,,,,,,0.293879,0.832720,2.830682,,,,,,
96535,,,,,,,,,,,,,107.421738,114.688972,0.430758,0.530909,,,,,,,,,,,,
96536,,,,,,,,,,,,,,,,,,,,,,,0.054229,0.157990,0.644892,15.050000,76.510002,76.370003
96537,,,,,,,,,,,,,,,,,,,,0.276687,0.838908,2.841702,,,,,,
96544,,,,,,,,,,,,,,,,,,,,,,,0.173911,0.227957,0.795684,-9.660000,33.389999,90.510002
96545,,,,,,,,,,,,,107.393036,115.153664,0.431037,0.526391,,,,,,,,,,,,
96550,,,,,,,,,,,,,,,,,,,,0.259238,0.844482,2.855635,,,,,,
96555,,,,0.188302,0.982111,2.952160,1.842929,1.842929,,,,,,,,,,,,,,,,,,,,
96558,,,,,,,,,,,109.238388,124.532021,107.767525,115.995567,0.451225,0.580954,0.106598,-0.112352,0.095589,,,,,,,,,
96559,,,,,,,,,,,,,,,,,,,,,,,0.173911,0.227957,0.795684,-6.440000,-4.830000,96.529999
96557,,,,,,,,,,,,,,,,,,,,0.241391,0.849839,2.872492,,,,,,
96564,,,,,,,,,,,,,,,,,,,,,,,0.078324,0.316346,0.969290,-18.129999,-33.529999,97.860001
96565,,,,,,,,,,,,,109.113838,116.805176,0.438162,0.573099,,,,,,,,,,,,
96578,,,,,,,,,,,,,109.563278,117.810265,0.433801,0.563347,,,,0.206509,0.859420,2.911922,,,,,,
96568,,,,,,,,,,,,,,,,,,,,0.224047,0.854984,2.892108,,,,,,
96583,,,,,,,,,,,,,,,,,,,,,,,0.076921,0.262910,0.693936,-37.099998,37.099998,121.870003
96585,,,,,,,,,,,,,109.387154,119.192940,0.435510,0.549931,,,,,,,,,,,,
96588,,,,,,,,,,,,,,,,,,,,0.188191,0.864258,2.931253,0.076921,0.262910,0.693936,3.150000,36.049999,123.830002
96594,,,,,,,,,,,,,,,,,,,,,,,0.076921,0.262910,0.693936,35.910000,23.170000,131.880005
96595,,,,,,,,,,,,,110.175117,120.074509,0.427865,0.541378,,,,,,,,,,,,
96599,,,,,,,,,,,,,,,,,,,,0.170274,0.868801,2.953527,,,,,,
96605,,,,0.093049,0.995662,3.048409,1.898352,1.898352,,,,,,,,,,,,,,,,,,,,
96607,,,,,,,,,,,112.276428,127.732727,,,,,0.099401,-0.110427,0.094893,,,,,,,,,
96608,,,,,,,,,,,,,110.268623,120.740318,0.468351,0.577955,,,,,,,,,,,,
96609,,,,,,,,,,,,,,,,,,,,0.151554,0.872526,2.978542,0.092964,0.352397,1.037244,-2.870000,-24.290001,140.000000
96615,,,,,,,,,,,,,110.987076,122.073845,0.461465,0.565173,,,,,,,0.092964,0.352397,1.007110,11.760000,-52.430000,147.979996
96616,,,,,,,,,,,,,,,,,,,,0.133386,0.876393,3.006291,,,,,,
96624,,,,,,,,,,,,,,,,,,,,,,,0.052033,0.373625,1.007110,-4.970000,-68.250000,153.229996
96625,,,,,,,,,,,,,111.557976,123.089233,0.455992,0.555440,,,,,,,,,,,,
96640,,,,,,,,,,,,,112.158592,123.766586,0.450235,0.548948,,,,,,,,,,,,
96637,,,,,,,,,,,,,,,,,,,,0.096568,0.882260,3.059427,,,,,,
96645,,,,,,,,,,,,,112.892105,124.511253,0.443204,0.541810,,,,,,,0.104859,0.307562,0.620858,-11.760000,48.369999,160.509995
96647,,,,,,,,,,,,,,,,,,,,0.077056,0.885041,3.081244,,,,,,
96651,,,,,,,,,,,,,,,,,,,,,,,0.104859,0.307562,0.620858,-16.030001,37.169998,170.309998
96655,,,,-0.005638,0.999984,-3.135955,1.951165,1.951165,,,,,,,,,,,,,,,,,,,,
96657,,,,,,,,,,,116.534111,129.652557,,,,,,,,,,,,,,,,
96658,,,,,,,,,,,,,112.553314,124.964546,0.503700,0.562847,0.089365,-0.109978,0.067175,0.058271,0.887185,3.114701,,,,,,
96660,,,,,,,,,,,,,,,,,,,,,,,0.095831,0.481656,0.885598,-15.540000,26.530001,169.470001
96666,,,,,,,,,,,,,113.821098,125.629532,0.491737,0.556572,,,,,,,0.095831,0.481656,0.885598,11.340000,-30.170000,170.520004
96668,,,,,,,,,,,,,,,,,,,,0.038903,0.888544,-3.140798,,,,,,
96674,,,,,,,,,,,,,,,,,,,,,,,0.050569,0.451095,0.858819,6.160000,-43.610001,173.250000
96675,,,,,,,,,,,,,114.827774,126.550140,0.482238,0.547885,,,,,,,,,,,,
96679,,,,,,,,,,,,,,,,,,,,0.020015,0.889794,-3.112738,,,,,,
96684,,,,,,,,,,,,,,,,,,,,,,,0.050569,0.451095,0.858819,-42.770000,23.730000,167.860001
96685,,,,,,,,,,,,,115.832664,127.342995,0.472755,0.540404,,,,,,,,,,,,
96697,,,,,,,,,,,,,116.366211,127.401329,0.467721,0.539853,,,,-0.018967,0.890751,-3.052253,,,,,,
96703,,,,,,,,,,,,,,,,,,,,,,,0.071797,0.297436,0.557052,-61.740002,96.250000,158.619995
96705,,,,-0.106688,0.994293,-3.034702,2.001226,2.001226,,,,,,,,,,,,,,,,,,,,
96708,,,,,,,,,,,121.345520,130.481934,116.592110,127.391777,0.529912,0.550876,0.078179,-0.111111,0.021172,,,,,,,,,
96707,,,,,,,,,,,,,,,,,,,,-0.039084,0.890649,-3.024754,,,,,,
96713,,,,,,,,,,,,,,,,,,,,,,,0.071797,0.594384,0.949221,37.869999,23.240000,152.880005
96715,,,,,,,,,,,,,116.923912,127.579361,0.526803,0.549119,,,,,,,,,,,,
96719,,,,,,,,,,,,,,,,,,,,,,,0.132858,0.594384,0.949221,45.500000,7.420000,152.600006
96717,,,,,,,,,,,,,,,,,,,,-0.059060,0.890201,-2.994182,,,,,,
96724,,,,,,,,,,,,,,,,,,,,,,,0.132858,0.594384,0.949221,13.160000,-8.890000,147.350006
96725,,,,,,,,,,,,,117.670265,127.738068,0.519812,0.547632,,,,,,,,,,,,
96728,,,,,,,,,,,,,,,,,,,,-0.078777,0.888792,-2.972061,,,,,,
96734,,,,,,,,,,,,,,,,,,,,,,,0.039223,0.645868,0.993019,-44.240002,-41.930000,141.679993
96735,,,,,,,,,,,,,119.214447,128.231613,0.505346,0.543009,,,,,,,,,,,,
96738,,,,,,,,,,,,,,,,,,,,-0.098255,0.886332,-2.943996,,,,,,
96745,,,,,,,,,,,,,120.591019,128.726273,0.492450,0.538375,,,,,,,0.039223,0.645868,0.993019,-9.030000,-71.959999,130.130005
96757,,,,,,,,,,,,,121.051514,128.807495,0.488136,0.537614,,,,,,,,,,,,
96760,,,,-0.208879,0.977942,-2.931164,2.048404,2.048404,,,,,,,,,,,,,,,,,,,,
96762,,,,,,,,,,,124.799728,133.660416,,,,,0.088851,-0.111638,0.015882,,,,,,,,,
96759,,,,,,,,,,,,,,,,,,,,-0.136186,0.881664,-2.907145,,,,,,
96765,,,,,,,,,,,,,121.796844,129.010452,0.527795,0.578923,,,,,,,,,,,,
96768,,,,,,,,,,,,,,,,,,,,,,,0.062342,0.457134,0.956846,-30.309999,70.209999,107.309998
96769,,,,,,,,,,,,,,,,,,,,-0.156476,0.877797,-2.888144,,,,,,
96773,,,,,,,,,,,,,,,,,,,,,,,0.113460,0.457134,0.956846,12.180000,69.580002,101.150002
96775,,,,,,,,,,,,,122.207687,128.825211,0.523883,0.580687,,,,,,,,,,,,
96778,,,,,,,,,,,,,,,,,,,,,,,0.113460,0.457134,0.956846,57.610001,13.090000,96.949997
96777,,,,,,,,,,,,,,,,,,,,-0.175859,0.874706,-2.871501,,,,,,
96784,,,,,,,,,,,,,,,,,,,,,,,0.113460,0.457134,0.934215,-14.980000,-27.860001,99.470001
96785,,,,,,,,,,,,,122.639114,128.757477,0.519774,0.581333,,,,,,,,,,,,
96787,,,,,,,,,,,,,,,,,,,,-0.195738,0.870248,-2.855108,,,,,,
96794,,,,,,,,,,,,,,,,,,,,,,,0.104432,0.529846,0.934215,-8.960000,-50.889999,87.849998
96795,,,,,,,,,,,,,123.472534,129.716965,0.511838,0.572195,,,,,,,,,,,,
96797,,,,,,,,,,,,,,,,,,,,-0.214796,0.865570,-2.834851,,,,,,
96805,,,,-0.310859,0.950456,-2.825496,2.092578,2.092578,,,,,,,,,,,,,,,,,,,,
96808,,,,,,,,,,,126.555412,135.451370,124.415985,130.525299,0.526704,0.588968,0.067457,-0.110267,0.013677,,,,,,,,,
96819,,,,,,,,,,,,,,,,,,,,,,,0.099491,0.444019,0.898774,-10.080000,-97.930000,80.010002
96821,,,,,,,,,,,,,125.137878,131.113129,0.519793,0.583340,,,,,,,,,,,,
96818,,,,,,,,,,,,,,,,,,,,-0.252769,0.855219,-2.805533,,,,,,
96826,,,,,,,,,,,,,,,,,,,,,,,0.081618,0.277001,0.790255,-7.910000,33.040001,83.580002
96831,,,,,,,,,,,,,,,,,,,,,,,0.081618,0.277001,0.790255,-17.639999,36.400002,91.349998
96828,,,,,,,,,,,,,,,,,,,,-0.272291,0.849440,-2.798038,,,,,,
96835,,,,,,,,,,,,,126.276817,131.693024,0.508889,0.577788,,,,,,,,,,,,
96836,,,,,,,,,,,,,,,,,,,,,,,0.081618,0.277001,0.790255,-11.830000,36.889999,91.629997
96839,,,,,,,,,,,,,,,,,,,,-0.292031,0.843501,-2.784055,,,,,,
96844,,,,,,,,,,,,,,,,,,,,,,,0.136884,0.309758,0.723521,-5.320000,35.419998,77.489998
96845,,,,,,,,,,,,,126.557831,131.663910,0.506199,0.578067,,,,,,,,,,,,
96849,,,,,,,,,,,,,,,,,,,,-0.311840,0.836800,-2.767143,,,,,,
96855,,,,-0.411171,0.911558,-2.717855,2.133634,2.133634,,,,,,,,,,,,,,,,,,,,
96858,,,,,,,,,,,126.841835,139.635559,126.930069,132.078171,0.506512,0.631803,0.065011,-0.106174,0.051166,,,,,,,,,
96860,,,,,,,,,,,,,,,,,,,,,,,0.136884,0.309758,0.723521,-13.370000,-5.040000,77.279999
96856,,,,,,,,,,,,,,,,,,,,-0.331472,0.829463,-2.753128,,,,,,
96865,,,,,,,,,,,,,127.393799,133.250961,0.502017,0.620434,,,,,,,0.128161,0.444812,0.910974,-20.580000,-32.900002,79.660004
96877,,,,,,,,,,,,,127.934509,134.245743,0.496775,0.610791,,,,-0.370051,0.814761,-2.724655,,,,,,
96867,,,,,,,,,,,,,,,,,,,,-0.350678,0.822158,-2.738991,,,,,,
96883,,,,,,,,,,,,,,,,,,,,,,,0.104981,0.246806,0.692350,18.549999,3.500000,96.040001
96885,,,,,,,,,,,,,128.005905,134.673630,0.496083,0.606643,,,,,,,,,,,,
96888,,,,,,,,,,,,,,,,,,,,-0.389227,0.807122,-2.710481,0.104981,0.246806,0.692350,12.110000,29.540001,98.419998
96894,,,,,,,,,,,,,,,,,,,,,,,0.104981,0.246806,0.692350,-55.090000,47.950001,102.480003
96895,,,,,,,,,,,,,128.542664,135.798035,0.490880,0.595743,,,,,,,,,,,,
96898,,,,,,,,,,,,,,,,,,,,-0.408827,0.798203,-2.690874,,,,,,
96905,,,,-0.508282,0.861191,-2.608404,2.171469,2.171469,,,,,,,,,,,,,,,,,,,,
96908,,,,,,,,,,,127.109406,143.198624,,,,,0.061807,-0.100261,0.083085,,,,,,,,,
96909,,,,,,,,,,,,,128.328613,136.080048,0.496681,0.641440,,,,-0.428300,0.789355,-2.670809,,,,,,
96910,,,,,,,,,,,,,,,,,,,,,,,0.122610,0.381799,0.878644,19.740000,-5.320000,106.260002
96922,,,,,,,,,,,,,128.897552,137.470779,0.491194,0.628029,,,,,,,,,,,,
96917,,,,,,,,,,,,,,,,,,,,-0.447826,0.779925,-2.653277,,,,,,
96926,,,,,,,,,,,,,,,,,,,,,,,0.122610,0.381799,0.878644,24.219999,-11.130000,125.089996
96928,,,,,,,,,,,,,,,,,,,,-0.466664,0.770724,-2.630653,,,,,,
96932,,,,,,,,,,,,,,,,,,,,,,,0.088755,0.352763,0.856928,-5.180000,-7.350000,132.089996
96935,,,,,,,,,,,,,129.046707,138.319443,0.489756,0.619845,,,,,,,,,,,,
96937,,,,,,,,,,,,,,,,,,,,,,,0.095953,0.307684,0.642330,1.750000,11.690000,139.229996
96938,,,,,,,,,,,,,,,,,,,,-0.485911,0.760908,-2.607603,,,,,,
96944,,,,,,,,,,,,,,,,,,,,,,,0.095953,0.307684,0.642330,-31.920000,40.389999,152.110001
96945,,,,,,,,,,,,,128.902756,139.451172,0.491144,0.608932,,,,,,,,,,,,
96949,,,,,,,,,,,,,,,,,,,,-0.505314,0.750262,-2.582034,,,,,,
96955,,,,-0.600623,0.799532,-2.497313,2.205987,2.205987,,,,,,,,,,,,,,,,,,,,
96958,,,,,,,,,,,128.742004,145.172302,129.208908,140.201706,0.510544,0.627788,0.054458,-0.092696,0.085263,,,,,,,,,
96959,,,,,,,,,,,,,,,,,,,,-0.524544,0.739642,-2.553335,0.095953,0.452315,0.794220,-34.020000,19.809999,170.240005
96965,,,,,,,,,,,,,128.850204,141.197067,0.513943,0.618356,,,,,,,0.114619,0.452315,0.794220,-17.990000,-22.400000,173.179993
96977,,,,,,,,,,,,,129.285217,141.942429,0.509821,0.611294,,,,-0.561675,0.717076,-2.492018,,,,,,
96966,,,,,,,,,,,,,,,,,,,,-0.543221,0.728313,-2.524290,,,,,,
96983,,,,,,,,,,,,,,,,,,,,,,,0.059658,0.534116,0.851804,-64.190002,-55.369999,185.220001
96985,,,,,,,,,,,,,130.202957,143.616898,0.501125,0.595427,,,,,,,,,,,,
96988,,,,,,,,,,,,,,,,,,,,,,,0.059658,0.534116,0.851804,-9.310000,-43.680000,177.309998
96987,,,,,,,,,,,,,,,,,,,,-0.579335,0.704716,-2.459526,,,,,,
96995,,,,,,,,,,,,,130.511566,144.004242,0.498201,0.591757,,,,,,,0.030439,0.510082,0.802943,40.880001,-34.020000,185.220001
96998,,,,,,,,,,,,,,,,,,,,-0.596842,0.692179,-2.431907,,,,,,
97005,,,,-0.686628,0.727009,-2.384752,2.237101,2.237101,,,,,,,,,,,,,,,,,,,,
97008,,,,,,,,,,,132.197311,145.431870,130.887695,144.347961,0.540918,0.591766,0.045157,-0.085403,0.048751,-0.615044,0.678962,-2.399941,,,,,,
97009,,,,,,,,,,,,,,,,,,,,,,,0.030439,0.510082,0.802943,-13.580000,62.299999,191.309998
97022,,,,,,,,,,,,,131.376160,144.336044,0.536394,0.591876,,,,,,,,,,,,
97018,,,,,,,,,,,,,,,,,,,,-0.632564,0.665723,-2.370950,,,,,,
97027,,,,,,,,,,,,,,,,,,,,,,,0.069479,0.412421,0.633851,-34.860001,-11.200000,199.850006
97029,,,,,,,,,,,,,,,,,,,,-0.649779,0.651783,-2.334748,,,,,,
97032,,,,,,,,,,,,,,,,,,,,,,,0.071004,0.618662,0.896639,-37.730000,14.420000,183.190002
97035,,,,,,,,,,,,,131.848801,144.763519,0.532017,0.587917,,,,,,,,,,,,
97037,,,,,,,,,,,,,,,,,,,,,,,0.071004,0.618662,0.896639,-44.869999,-2.100000,185.500000
97036,,,,,,,,,,,,,,,,,,,,-0.666366,0.637215,-2.307434,,,,,,
97044,,,,,,,,,,,,,,,,,,,,,,,0.071004,0.618662,0.896639,32.270000,28.000000,176.820007
97045,,,,,,,,,,,,,132.886093,144.849976,0.522410,0.587117,,,,,,,,,,,,
97046,,,,,,,,,,,,,,,,,,,,-0.682998,0.622408,-2.276847,,,,,,
97055,,,,-0.764777,0.644296,-2.270898,2.264737,2.264737,,,,,,,,,,,,,,,,,,,,
97058,,,,,,,,,,,135.242935,145.294098,133.163330,144.904495,0.560224,0.584783,0.036300,-0.077140,0.009331,,,,,,,,,
97059,,,,,,,,,,,,,,,,,,,,,,,0.072224,0.535031,0.797514,23.660000,21.840000,177.380005
97057,,,,,,,,,,,,,,,,,,,,-0.699339,0.606889,-2.247235,,,,,,
97065,,,,,,,,,,,,,133.545029,145.016739,0.556690,0.583744,,,,,,,0.072224,0.535031,0.797514,36.680000,-10.920000,177.100006
97078,,,,,,,,,,,,,134.424789,145.349777,0.548546,0.580661,,,,,,,,,,,,
97067,,,,,,,,,,,,,,,,,,,,-0.715186,0.591418,-2.209983,,,,,,
97077,,,,,,,,,,,,,,,,,,,,-0.729944,0.575038,-2.185046,,,,,,
97084,,,,,,,,,,,,,,,,,,,,,,,0.063562,0.648247,0.824232,6.090000,-38.360001,155.889999
97085,,,,,,,,,,,,,135.648544,145.618195,0.537217,0.578176,,,,,,,,,,,,
97089,,,,,,,,,,,,,,,,,,,,,,,0.043798,0.458354,0.644160,17.219999,10.780000,155.960007
97088,,,,,,,,,,,,,,,,,,,,-0.744416,0.558749,-2.149549,,,,,,
97095,,,,,,,,,,,,,136.058899,145.543579,0.533418,0.578867,,,,,,,0.043798,0.458354,0.644160,-3.990000,35.139999,148.119995
97098,,,,,,,,,,,,,,,,,,,,-0.758798,0.541860,-2.120373,,,,,,
97105,,,,-0.833638,0.552311,-2.155930,2.288825,2.288825,,,,,,,,,,,,,,,,,,,,
97108,,,,,,,,,,,137.971710,144.831375,136.188446,145.020172,0.568481,0.577569,0.030032,-0.070015,-0.029858,-0.772831,0.524573,-2.102879,,,,,,
97109,,,,,,,,,,,,,,,,,,,,,,,0.043798,0.458354,0.896822,-0.420000,27.370001,145.389999
97115,,,,,,,,,,,,,,,,,,,,,,,0.066978,0.633790,0.896822,-40.669998,-9.030000,139.020004
97116,,,,,,,,,,,,,136.605515,144.770416,0.564600,0.579893,,,,,,,,,,,,
97119,,,,,,,,,,,,,,,,,,,,-0.786254,0.506420,-2.076417,,,,,,
97124,,,,,,,,,,,,,,,,,,,,,,,0.057828,0.572302,0.709857,-32.830002,-2.240000,131.880005
97125,,,,,,,,,,,,,137.098862,145.105164,0.560009,0.576778,,,,,,,,,,,,
97137,,,,,,,,,,,,,,,0.554041,0.578460,,,,,,,,,,,,
97138,,,,,,,,,,,,,137.740204,144.924408,,,,,,,,,,,,,,
97136,,,,,,,,,,,,,,,,,,,,-0.811287,0.470657,-2.030517,,,,,,
97143,,,,,,,,,,,,,,,,,,,,,,,0.057828,0.702903,1.016931,17.639999,-15.610000,114.449997
97145,,,,,,,,,,,,,137.877716,144.631638,0.552762,0.581184,,,,,,,,,,,,
97148,,,,,,,,,,,,,,,,,,,,,,,0.069113,0.702903,1.016931,4.340000,-16.100000,108.989998
97147,,,,,,,,,,,,,,,,,,,,-0.823334,0.451309,-2.005175,,,,,,
97155,,,,-0.891916,0.452202,-2.040028,2.309306,2.309306,,,,,,,,,,,,,,,,,,,,
97158,,,,,,,,,,,138.998077,146.094559,138.591568,144.692490,0.559826,0.597600,0.027823,-0.063427,-0.030172,,,,,,,,,
97159,,,,,,,,,,,,,,,,,,,,,,,0.069113,0.702903,1.016931,41.720001,-26.950001,101.080002
97157,,,,,,,,,,,,,,,,,,,,-0.834769,0.432725,-1.995011,,,,,,
97165,,,,,,,,,,,,,139.662003,144.795319,0.549731,0.596630,,,,,,,0.064904,0.494710,0.768295,-46.759998,-14.000000,101.500000
97167,,,,,,,,,,,,,,,,,,,,-0.845159,0.414435,-1.983756,,,,,,
97175,,,,,,,,,,,,,140.057632,144.376801,0.546001,0.600577,,,,,,,0.064904,0.494710,0.768295,-33.389999,33.740002,101.080002
97178,,,,,,,,,,,,,,,,,,,,-0.855600,0.393971,-1.954289,,,,,,
97184,,,,,,,,,,,,,,,,,,,,,,,0.091927,0.487878,0.787449,32.549999,29.680000,90.300003
97185,,,,,,,,,,,,,139.799652,144.531555,0.548433,0.599118,,,,,,,,,,,,
97198,,,,,,,,,,,,,139.822296,144.657379,0.548220,0.597931,,,,-0.875475,0.353363,-1.932003,,,,,,
97188,,,,,,,,,,,,,,,,,,,,-0.865946,0.373359,-1.934619,,,,,,
97203,,,,,,,,,,,,,,,,,,,,,,,0.111874,0.581513,0.903166,7.560000,-39.619999,86.730003
97205,,,,-0.938484,0.345322,-1.923378,2.326132,2.326132,,,,,,,,,,,,,,,,,,,,
97208,,,,,,,,,,,138.109665,149.271622,140.496704,145.108994,0.529540,0.637017,0.029390,-0.056778,0.011251,,,,,,,,,
97209,,,,,,,,,,,,,,,,,,,,-0.884466,0.332885,-1.910939,,,,,,
97213,,,,,,,,,,,,,,,,,,,,,,,0.111874,0.581513,0.903166,-44.099998,-13.020000,89.949997
97215,,,,,,,,,,,,,140.581833,146.005219,0.528724,0.628420,,,,,,,,,,,,
97216,,,,,,,,,,,,,,,,,,,,-0.893085,0.312508,-1.900523,,,,,,
97219,,,,,,,,,,,,,,,,,,,,,,,0.088694,0.328790,0.562054,-15.470000,42.000000,92.120003
97224,,,,,,,,,,,,,,,,,,,,,,,0.088694,0.328790,0.562054,14.280000,58.240002,93.519997
97225,,,,,,,,,,,,,140.785049,146.445831,0.526774,0.624193,,,,,,,,,,,,
97229,,,,,,,,,,,,,,,,,,,,-0.901812,0.291413,-1.884669,,,,,,
97234,,,,,,,,,,,,,,,,,,,,,,,0.088694,0.328790,0.562054,39.060001,56.560001,109.620003
97235,,,,,,,,,,,,,140.327927,146.731262,0.531160,0.621455,,,,,,,,,,,,
97237,,,,,,,,,,,,,,,,,,,,-0.910616,0.270033,-1.868571,,,,,,
97244,,,,,,,,,,,,,,,,,,,,,,,0.123769,0.477630,0.790316,-51.029999,7.700000,112.279999
97245,,,,,,,,,,,,,140.062531,147.099594,0.533705,0.617922,,,,,,,,,,,,
97259,,,,-0.972429,0.233201,-1.806165,2.339260,2.339260,,,,,,,,,,,,,,,,,,,,
97261,,,,,,,,,,,137.161270,153.206573,,,,,0.051003,-0.048805,0.062215,,,,,,,,,
97262,,,,,,,,,,,,,140.138138,147.997345,0.520115,0.662751,,,,,,,,,,,,
97257,,,,,,,,,,,,,,,,,,,,-0.924612,0.226543,-1.825674,,,,,,
97268,,,,,,,,,,,,,,,,,,,,-0.931153,0.205120,-1.807292,0.030500,0.501054,0.841617,-7.350000,-26.040001,108.639999
97273,,,,,,,,,,,,,,,,,,,,,,,0.030500,0.501054,0.841617,56.770000,51.590000,109.550003
97275,,,,,,,,,,,,,140.549103,149.257858,0.516177,0.650670,,,,,,,,,,,,
97279,,,,,,,,,,,,,,,,,,,,,,,0.040626,0.149023,0.465918,64.050003,116.199997,122.570000
97284,,,,,,,,,,,,,,,,,,,,,,,0.040626,0.149023,0.465918,-35.840000,85.330002,139.229996
97285,,,,,,,,,,,,,140.224243,149.199249,0.519290,0.651232,,,,,,,,,,,,
97287,,,,,,,,,,,,,,,,,,,,-0.938383,0.183545,-1.785465,,,,,,
97291,,,,,,,,,,,,,,,,,,,,-0.944426,0.161358,-1.772295,,,,,,
97294,,,,,,,,,,,,,,,,,,,,,,,0.102907,0.634888,1.039684,9.730000,70.139999,150.149994
97295,,,,,,,,,,,,,139.933197,149.679611,0.522079,0.646628,,,,,,,,,,,,
97296,,,,,,,,,,,,,,,,,,,,-0.950369,0.138650,-1.748169,,,,,,
97305,,,,-0.993072,0.117506,-1.688575,2.348661,2.348661,,,,,,,,,,,,,,,,,,,,
97308,,,,,,,,,,,136.748962,152.951508,139.620804,150.766968,0.519877,0.632435,0.029773,-0.038891,0.061716,,,,,,,,,
97309,,,,,,,,,,,,,,,,,,,,,,,0.102907,0.634888,1.039684,-21.840000,26.600000,163.869995
97320,,,,,,,,,,,,,139.678635,151.369690,0.519331,0.626743,,,,,,,,,,,,
97317,,,,,,,,,,,,,,,,,,,,-0.959919,0.092464,-1.678230,,,,,,
97325,,,,,,,,,,,,,140.201385,151.118042,0.514395,0.629120,,,,,,,,,,,,
97326,,,,,,,,,,,,,,,,,,,,,,,0.069418,0.347761,0.452925,-55.580002,-62.020000,188.789993
97328,,,,,,,,,,,,,,,,,,,,-0.964366,0.070162,-1.645758,,,,,,
97332,,,,,,,,,,,,,,,,,,,,,,,0.044103,0.781776,0.957151,8.540000,-81.480003,197.119995
97335,,,,,,,,,,,,,139.953842,152.437378,0.516732,0.616661,,,,,,,,,,,,
97337,,,,,,,,,,,,,,,,,,,,,,,0.044103,0.781776,0.957151,25.969999,-93.800003,193.759995
97338,,,,,,,,,,,,,,,,,,,,-0.968160,0.047801,-1.619478,,,,,,
97344,,,,,,,,,,,,,,,,,,,,,,,0.044103,0.781776,0.957151,-21.840000,-101.570000,199.779999
97345,,,,,,,,,,,,,139.707886,152.955383,0.519055,0.611769,,,,,,,,,,,,
97348,,,,,,,,,,,,,,,,,,,,-0.971033,0.025755,-1.600283,,,,,,
97355,,,,-1.000000,0.000000,-1.570796,2.354310,2.354310,,,,,,,,,,,,,,,,,,,,
97358,,,,,,,,,,,138.398819,152.131546,,,,,0.026280,-0.028830,0.031244,,,,,,,,,
97359,,,,,,,,,,,,,139.910858,153.496658,0.539649,0.595935,,,,,,,,,,,,
97360,,,,,,,,,,,,,,,,,,,,,,,0.062830,0.405772,0.516426,-26.670000,7.210000,200.759995
97356,,,,,,,,,,,,,,,,,,,,-0.973321,0.001940,-1.543527,,,,,,
97365,,,,,,,,,,,,,139.195450,153.104370,0.546247,0.599553,,,,,,,0.062830,0.405772,0.516426,30.730000,94.430000,203.699997
97377,,,,,,,,,,,,,139.144882,152.683334,0.546714,0.603437,,,,-0.977403,-0.045108,-1.475079,,,,,,
97369,,,,,,,,,,,,,,,,,,,,-0.975982,-0.021163,-1.520463,,,,,,
97383,,,,,,,,,,,,,,,,,,,,,,,0.054107,0.564799,0.866627,1.470000,4.060000,198.589996
97385,,,,,,,,,,,,,139.834747,152.605286,0.540351,0.604156,,,,,,,,,,,,
97389,,,,,,,,,,,,,,,,,,,,,,,0.014396,0.693387,0.865773,-26.389999,10.500000,202.160004
97387,,,,,,,,,,,,,,,,,,,,-0.977781,-0.069012,-1.430458,,,,,,
97395,,,,,,,,,,,,,140.154190,153.094177,0.537404,0.599647,,,,,,,0.014396,0.693387,0.865773,-34.720001,-1.470000,200.970001
97397,,,,,,,,,,,,,,,,,,,,-0.977584,-0.092213,-1.401413,,,,,,
97405,,,,-0.993072,-0.117506,-1.453018,2.356194,2.356194,,,,,,,,,,,,,,,,,,,,
97408,,,,,,,,,,,141.292282,148.947296,,,,,0.022112,-0.020325,-0.045322,,,,,,,,,
97409,,,,,,,,,,,,,140.206543,152.714661,0.575056,0.561482,,,,,,,,,,,,
97410,,,,,,,,,,,,,,,,,,,,,,,0.014396,0.693387,0.865773,18.129999,-22.400000,190.119995
97407,,,,,,,,,,,,,,,,,,,,-0.977667,-0.114704,-1.369006,,,,,,
97422,,,,,,,,,,,,,140.743408,152.111206,0.570167,0.566978,,,,,,,,,,,,
97418,,,,,,,,,,,,,,,,,,,,-0.976621,-0.137993,-1.333410,,,,,,
97427,,,,,,,,,,,,,,,,,,,,,,,0.047519,0.417179,0.910486,6.790000,-44.590000,172.339996
97428,,,,,,,,,,,,,,,,,,,,-0.974619,-0.160674,-1.305725,,,,,,
97432,,,,,,,,,,,,,,,,,,,,,,,0.086071,0.743041,0.910486,37.029999,-31.430000,170.660004
97435,,,,,,,,,,,,,141.982468,151.547333,0.558884,0.572112,,,,,,,,,,,,
97437,,,,,,,,,,,,,,,,,,,,,,,0.086071,0.743041,0.910486,21.910000,-31.850000,171.080002
97438,,,,,,,,,,,,,,,,,,,,-0.972959,-0.183429,-1.274450,,,,,,
97445,,,,,,,,,,,,,142.617310,151.216461,0.553103,0.575125,,,,,,,0.086071,0.403942,0.642208,-66.919998,67.550003,162.259995
97449,,,,,,,,,,,,,,,,,,,,-0.970177,-0.206446,-1.250488,,,,,,
97455,,,,-0.972429,-0.233201,-1.335428,2.354310,2.354310,,,,,,,,,,,,,,,,,,,,
97458,,,,,,,,,,,142.234253,147.324387,142.821320,150.056656,0.563502,0.564002,0.024008,-0.011798,-0.078684,,,,,,,,,
97459,,,,,,,,,,,,,,,,,,,,-0.966653,-0.229789,-1.223449,0.023607,0.403942,0.642208,4.200000,33.040001,134.750000
97465,,,,,,,,,,,,,142.547272,149.406723,0.566039,0.570019,,,,,,,0.111935,0.776408,1.011746,-35.630001,26.670000,134.190002
97477,,,,,,,,,,,,,143.076553,148.848099,0.561139,0.575191,,,,-0.957731,-0.274580,-1.179995,,,,,,
97467,,,,,,,,,,,,,,,,,,,,-0.962405,-0.252602,-1.203390,,,,,,
97483,,,,,,,,,,,,,,,,,,,,,,,0.066490,0.515877,0.700158,3.710000,-40.810001,116.059998
97485,,,,,,,,,,,,,143.402298,148.955994,0.558123,0.574192,,,,,,,,,,,,
97488,,,,,,,,,,,,,,,,,,,,-0.952765,-0.296508,-1.156649,0.066490,0.515877,0.700158,3.430000,-42.770000,115.779999
97494,,,,,,,,,,,,,,,,,,,,,,,0.066490,0.515877,0.700158,20.299999,-6.790000,96.110001
97495,,,,,,,,,,,,,143.688400,148.361267,0.555474,0.579698,,,,,,,,,,,,
97498,,,,,,,,,,,,,,,,,,,,-0.947379,-0.318146,-1.143337,,,,,,
97505,,,,-0.938484,-0.345322,-1.218214,2.348661,2.348661,,,,,,,,,,,,,,,,,,,,
97508,,,,,,,,,,,141.702744,147.671722,144.032074,147.963821,0.544780,0.587924,0.027723,-0.004397,-0.069070,-0.940509,-0.339920,-1.127062,,,,,,
97509,,,,,,,,,,,,,,,,,,,,,,,0.072590,0.783667,1.024434,-21.840000,-28.980000,94.779999
97515,,,,,,,,,,,,,,,,,,,,,,,0.072590,0.783667,1.024434,22.469999,-20.930000,83.650002
97516,,,,,,,,,,,,,144.512604,147.091888,0.540235,0.596171,,,,,,,,,,,,
97519,,,,,,,,,,,,,,,,,,,,-0.933913,-0.361367,-1.107344,,,,,,
97524,,,,,,,,,,,,,,,,,,,,,,,0.056608,0.417301,0.608963,-35.490002,30.660000,91.839996
97525,,,,,,,,,,,,,144.861481,147.031693,0.536935,0.596740,,,,,,,,,,,,
97538,,,,,,,,,,,,,143.834961,146.977890,0.546644,0.597249,,,,,,,,,,,,
97526,,,,,,,,,,,,,,,,,,,,-0.926426,-0.382649,-1.094300,,,,,,
97537,,,,,,,,,,,,,,,,,,,,-0.918253,-0.404509,-1.078320,,,,,,
97543,,,,,,,,,,,,,,,,,,,,,,,0.078385,0.599996,0.859856,-44.450001,35.070000,84.839996
97545,,,,,,,,,,,,,143.642090,146.286560,0.548469,0.603788,,,,,,,,,,,,
97548,,,,,,,,,,,,,,,,,,,,,,,0.078385,0.599996,0.859856,-33.180000,3.780000,94.080002
97547,,,,,,,,,,,,,,,,,,,,-0.909292,-0.425937,-1.062573,,,,,,
97555,,,,-0.891916,-0.452202,-1.101564,2.339260,2.339260,,,,,,,,,,,,,,,,,,,,
97558,,,,,,,,,,,139.971741,149.031677,143.334183,146.831345,0.527568,0.617276,0.030872,0.001533,-0.033803,,,,,,,,,
97559,,,,,,,,,,,,,,,,,,,,,,,0.078385,0.599996,0.859856,4.060000,-7.560000,87.639999
97557,,,,,,,,,,,,,,,,,,,,-0.899840,-0.446446,-1.052953,,,,,,
97565,,,,,,,,,,,,,144.138504,147.081024,0.519837,0.614876,,,,,,,0.065453,0.631106,0.881084,-31.570000,-39.060001,84.419998
97577,,,,,,,,,,,,,143.224442,147.529144,0.528622,0.610569,,,,,,,,,,,,
97568,,,,,,,,,,,,,,,,,,,,-0.890782,-0.466249,-1.033484,,,,,,
97578,,,,,,,,,,,,,,,,,,,,-0.880966,-0.486565,-1.017471,,,,,,
97583,,,,,,,,,,,,,,,,,,,,,,,0.047580,0.467870,0.743651,46.900002,-1.050000,97.160004
97585,,,,,,,,,,,,,143.585861,147.907135,0.525148,0.606936,,,,,,,,,,,,
97588,,,,,,,,,,,,,,,,,,,,-0.870324,-0.506880,-0.998530,0.047580,0.467870,0.743651,17.430000,5.040000,111.230003
97595,,,,,,,,,,,,,142.848251,148.687683,0.532238,0.599433,,,,,,,0.047580,0.467870,0.741211,-12.530000,1.680000,111.440002
97599,,,,,,,,,,,,,,,,,,,,-0.858647,-0.527351,-0.983218,,,,,,
97605,,,,-0.833638,-0.552311,-0.985663,2.326132,2.326132,,,,,,,,,,,,,,,,,,,,
97607,,,,,,,,,,,137.908096,149.962799,,,,,0.034036,0.006340,-0.000084,,,,,,,,,
97608,,,,,,,,,,,,,142.642548,148.851044,0.506528,0.610443,,,,,,,,,,,,
97609,,,,,,,,,,,,,,,,,,,,-0.847722,-0.546834,-0.957847,0.055022,0.482754,0.741211,48.720001,-25.340000,120.400002
97615,,,,,,,,,,,,,,,0.509245,0.608810,,,,,,,0.044469,0.459940,0.685152,-45.570000,16.450001,131.250000
97616,,,,,,,,,,,,,142.357437,149.022430,,,,,,,,,,,,,,
97617,,,,,,,,,,,,,,,,,,,,-0.835595,-0.566501,-0.936132,,,,,,
97624,,,,,,,,,,,,,,,,,,,,,,,0.044469,0.459940,0.685152,-3.780000,41.930000,132.649994
97625,,,,,,,,,,,,,141.823517,149.127136,0.514331,0.607812,,,,,,,,,,,,
97637,,,,,,,,,,,,,141.305756,149.244934,0.519264,0.606690,,,,-0.809746,-0.605507,-0.890001,,,,,,
97630,,,,,,,,,,,,,,,,,,,,-0.822283,-0.586517,-0.917746,,,,,,
97644,,,,,,,,,,,,,,,,,,,,,,,0.109373,0.599325,0.969290,-9.310000,-18.620001,148.750000
97645,,,,,,,,,,,,,140.775192,150.278503,0.524318,0.596844,,,,,,,,,,,,
97649,,,,,,,,,,,,,,,,,,,,,,,0.109373,0.599325,0.969290,6.720000,-22.330000,151.479996
97648,,,,,,,,,,,,,,,,,,,,-0.796181,-0.624270,-0.868584,,,,,,
97655,,,,-0.764777,-0.644296,-0.870695,2.309306,2.309306,,,,,,,,,,,,,,,,,,,,
97657,,,,,,,,,,,136.927460,149.027618,,,,,,,,,,,,,,,,
97658,,,,,,,,,,,,,140.836151,150.554382,0.511130,0.581822,0.035141,0.010496,-0.000051,-0.782621,-0.642700,-0.844010,,,,,,
97659,,,,,,,,,,,,,,,,,,,,,,,0.038247,0.510265,0.750788,10.640000,-31.150000,151.899994
97665,,,,,,,,,,,,,140.737869,151.138626,0.512050,0.576355,,,,,,,0.038247,0.510265,0.750788,-43.049999,-0.070000,150.429993
97668,,,,,,,,,,,,,,,,,,,,-0.768042,-0.660908,-0.813867,,,,,,
97675,,,,,,,,,,,,,140.559479,150.971375,0.513720,0.577920,,,,,,,0.066551,0.540399,0.801906,52.500000,9.170000,156.029999
97679,,,,,,,,,,,,,,,,,,,,-0.753089,-0.679074,-0.789873,,,,,,
97684,,,,,,,,,,,,,,,,,,,,,,,0.066551,0.540399,0.801906,-12.040000,7.140000,163.729996
97685,,,,,,,,,,,,,140.281815,150.693512,0.516318,0.580520,,,,,,,,,,,,
97697,,,,,,,,,,,,,139.665207,150.678955,0.522089,0.580656,,,,-0.722622,-0.714143,-0.730291,,,,,,
97686,,,,,,,,,,,,,,,,,,,,-0.738153,-0.696519,-0.757002,,,,,,
97703,,,,,,,,,,,,,,,,,,,,,,,0.035929,0.525698,0.736392,-57.540001,10.710000,161.699997
97705,,,,-0.686628,-0.727009,-0.756841,2.288825,2.288825,,,,,,,,,,,,,,,,,,,,
97708,,,,,,,,,,,136.589264,146.792328,140.126114,150.900543,0.513631,0.549156,0.035035,0.013817,-0.023763,,,,,,,,,
97707,,,,,,,,,,,,,,,,,,,,-0.706470,-0.731026,-0.700802,,,,,,
97714,,,,,,,,,,,,,,,,,,,,,,,0.037820,0.540399,0.684542,-28.629999,-15.260000,180.600006
97715,,,,,,,,,,,,,139.935638,150.575058,0.515393,0.552168,,,,,,,,,,,,
97719,,,,,,,,,,,,,,,,,,,,,,,0.037820,0.540399,0.684542,40.810001,-48.720001,208.320007
97717,,,,,,,,,,,,,,,,,,,,-0.689970,-0.747595,-0.671222,,,,,,
97725,,,,,,,,,,,,,139.805984,150.412796,0.516593,0.553669,,,,,,,0.037820,0.540399,0.684542,19.250000,-21.490000,77.209999
97728,,,,,,,,,,,,,,,,,,,,-0.672726,-0.763928,-0.642056,,,,,,
97734,,,,,,,,,,,,,,,,,,,,,,,0.044896,0.545157,0.731451,-7.910000,27.930000,59.150002
97735,,,,,,,,,,,,,139.616714,149.640488,0.518344,0.560815,,,,,,,,,,,,
97738,,,,,,,,,,,,,,,,,,,,-0.655715,-0.779448,-0.622158,,,,,,
97745,,,,,,,,,,,,,139.404343,149.483154,0.520309,0.562271,,,,,,,0.044896,0.545157,0.838689,-13.720000,-14.420000,83.860001
97757,,,,,,,,,,,,,139.480392,149.771774,0.519605,0.559600,,,,,,,,,,,,
97760,,,,-0.600623,-0.799532,-0.644280,2.264737,2.264737,,,,,,,,,,,,,,,,,,,,
97762,,,,,,,,,,,135.930099,146.253571,,,,,0.054290,0.015198,-0.021209,,,,,,,,,
97756,,,,,,,,,,,,,,,,,,,,-0.620183,-0.809456,-0.575786,,,,,,
97765,,,,,,,,,,,,,139.624802,148.979782,0.509340,0.559646,,,,,,,,,,,,
97768,,,,,,,,,,,,,,,,,,,,,,,-0.000183,0.583160,0.791292,27.090000,-24.360001,142.520004
97769,,,,,,,,,,,,,,,,,,,,-0.602473,-0.823635,-0.546509,,,,,,
97773,,,,,,,,,,,,,,,,,,,,,,,0.012200,0.583160,0.791292,-41.650002,-44.799999,142.169998
97775,,,,,,,,,,,,,139.484253,149.005829,0.510648,0.559404,,,,,,,,,,,,
97778,,,,,,,,,,,,,,,,,,,,,,,0.012200,0.583160,0.791292,-9.590000,-40.740002,120.610001
97777,,,,,,,,,,,,,,,,,,,,-0.584074,-0.836736,-0.523464,,,,,,
97784,,,,,,,,,,,,,,,,,,,,,,,0.029097,0.659593,0.949160,3.500000,-9.660000,124.949997
97785,,,,,,,,,,,,,139.253220,148.906509,0.512798,0.560328,,,,,,,,,,,,
97798,,,,,,,,,,,,,139.476028,148.910553,0.510725,0.560291,,,,,,,,,,,,
97787,,,,,,,,,,,,,,,,,,,,-0.565431,-0.849633,-0.500345,,,,,,
97797,,,,,,,,,,,,,,,,,,,,-0.546062,-0.862261,-0.480597,,,,,,
97804,,,,,,,,,,,,,,,,,,,,,,,-0.003172,0.284626,0.484462,0.210000,32.060001,120.750000
97806,,,,-0.508282,-0.861191,-0.533188,2.237101,2.237101,,,,,,,,,,,,,,,,,,,,
97808,,,,,,,,,,,134.326157,142.396011,,,,,0.034277,0.017546,-0.048315,-0.526684,-0.874963,-0.454749,,,,,,
97809,,,,,,,,,,,,,139.468536,148.411896,0.489471,0.513625,,,,,,,,,,,,
97814,,,,,,,,,,,,,,,,,,,,,,,-0.003172,0.284626,0.484462,24.639999,44.169998,128.309998
97815,,,,,,,,,,,,,139.154022,147.517624,0.492397,0.521944,,,,,,,,,,,,
97819,,,,,,,,,,,,,,,,,,,,,,,-0.003172,0.284626,0.484462,-7.490000,56.910000,125.300003
97818,,,,,,,,,,,,,,,,,,,,-0.507094,-0.887123,-0.435337,,,,,,
97825,,,,,,,,,,,,,138.466766,147.148712,0.498789,0.525375,,,,,,,0.023119,0.654103,0.963678,15.540000,49.070000,116.129997
97828,,,,,,,,,,,,,,,,,,,,-0.487048,-0.898962,-0.415591,,,,,,
97834,,,,,,,,,,,,,,,,,,,,,,,0.023119,0.654103,0.963678,-37.520000,29.610001,112.489998
97835,,,,,,,,,,,,,138.392700,146.244858,0.499478,0.533783,,,,,,,,,,,,
97839,,,,,,,,,,,,,,,,,,,,-0.466380,-0.909852,-0.395905,,,,,,
97844,,,,,,,,,,,,,,,,,,,,,,,-0.020252,0.519842,0.860405,-32.130001,18.900000,110.529999
97845,,,,,,,,,,,,,137.875824,145.581711,0.504286,0.539951,,,,,,,,,,,,
97859,,,,-0.411171,-0.911558,-0.423738,2.205987,2.205987,,,,,,,,,,,,-0.425324,-0.930367,-0.356610,,,,,,
97861,,,,,,,,,,,132.418365,142.079468,,,,,0.049689,0.019070,-0.026634,,,,,,,,,
97863,,,,,,,,,,,,,137.814102,145.232346,0.478807,0.538595,,,,,,,,,,,,
97868,,,,,,,,,,,,,,,,,,,,,,,-0.022692,0.576694,0.899750,35.279999,-23.379999,86.730003
97867,,,,,,,,,,,,,,,,,,,,-0.405127,-0.939434,-0.342635,,,,,,
97873,,,,,,,,,,,,,,,,,,,,,,,-0.022692,0.576694,0.899750,29.750000,-41.090000,79.589996
97875,,,,,,,,,,,,,137.440353,144.997391,0.482330,0.540810,,,,,,,,,,,,
97878,,,,,,,,,,,,,,,,,,,,,,,-0.011651,0.501603,0.844850,-13.370000,-42.700001,80.919998
97877,,,,,,,,,,,,,,,,,,,,-0.384457,-0.948475,-0.328275,,,,,,
97884,,,,,,,,,,,,,,,,,,,,,,,-0.011651,0.501603,0.844850,-43.889999,-52.779999,80.290001
97885,,,,,,,,,,,,,137.588623,145.044434,0.480932,0.540367,,,,,,,,,,,,
97887,,,,,,,,,,,,,,,,,,,,-0.363765,-0.956679,-0.317166,,,,,,
97895,,,,,,,,,,,,,137.153946,144.524017,0.485030,0.545273,,,,,,,-0.011651,0.501603,0.844850,30.170000,-43.400002,85.470001
97898,,,,,,,,,,,,,,,,,,,,-0.343165,-0.964863,-0.297271,,,,,,
97905,,,,-0.310859,-0.950456,-0.316097,2.171469,2.171469,,,,,,,,,,,,,,,,,,,,
97908,,,,,,,,,,,128.998245,139.385803,137.131226,144.586044,0.439031,0.508334,0.028058,0.022477,-0.016445,-0.322399,-0.972567,-0.283246,,,,,,
97909,,,,,,,,,,,,,,,,,,,,,,,-0.013115,0.423767,0.821670,-6.370000,7.630000,97.650002
97922,,,,,,,,,,,,,136.375244,143.882614,0.446185,0.514990,,,,,,,,,,,,
97918,,,,,,,,,,,,,,,,,,,,-0.300574,-0.980058,-0.266570,,,,,,
97927,,,,,,,,,,,,,,,,,,,,,,,-0.013115,0.414129,0.770430,32.900002,-6.930000,86.449997
97929,,,,,,,,,,,,,,,,,,,,-0.279523,-0.986957,-0.249893,,,,,,
97932,,,,,,,,,,,,,,,,,,,,,,,0.018300,0.414129,0.770430,-13.790000,-7.700000,92.680000
97935,,,,,,,,,,,,,135.722672,143.249542,0.452360,0.520981,,,,,,,,,,,,
97937,,,,,,,,,,,,,,,,,,,,,,,-0.031598,0.417545,0.885171,-35.279999,-2.590000,98.489998
97939,,,,,,,,,,,,,,,,,,,,-0.257595,-0.993336,-0.235935,,,,,,
97945,,,,,,,,,,,,,135.041840,142.472046,0.458803,0.528338,,,,,,,-0.031598,0.417545,0.885171,-2.730000,3.570000,98.000000
97946,,,,,,,,,,,,,,,,,,,,-0.236188,-0.999520,-0.216216,,,,,,
97955,,,,-0.208879,-0.977942,-0.210428,2.133634,2.133634,,,,,,,,,,,,,,,,,,,,
97958,,,,,,,,,,,125.530518,137.709671,134.437454,141.963516,0.417473,0.510412,0.022028,0.026406,0.006726,,,,,,,,,
97959,,,,,,,,,,,,,,,,,,,,,,,-0.089853,0.457866,1.011990,4.060000,-0.910000,104.580002
97957,,,,,,,,,,,,,,,,,,,,-0.214534,-1.005230,-0.202474,,,,,,
97965,,,,,,,,,,,,,133.976425,142.626709,0.421855,0.504109,,,,,,,-0.089853,0.457866,1.011990,-9.030000,12.950000,103.320000
97977,,,,,,,,,,,,,132.796341,141.899109,0.433070,0.511024,,,,,,,,,,,,
97967,,,,,,,,,,,,,,,,,,,,-0.193297,-1.010199,-0.182973,,,,,,
97978,,,,,,,,,,,,,,,,,,,,-0.171284,-1.015138,-0.163407,,,,,,
97983,,,,,,,,,,,,,,,,,,,,,,,-0.046482,0.386191,0.878400,-57.889999,-18.129999,100.589996
97985,,,,,,,,,,,,,131.689026,141.412323,0.443594,0.515650,,,,,,,,,,,,
97988,,,,,,,,,,,,,,,,,,,,-0.149724,-1.018965,-0.146784,-0.046482,0.386191,0.878400,-49.279999,-14.840000,106.190002
97994,,,,,,,,,,,,,,,,,,,,,,,-0.043371,0.361608,0.717299,28.490000,10.920000,113.750000
97995,,,,,,,,,,,,,131.093262,141.467972,0.449256,0.515121,,,,,,,,,,,,
97998,,,,,,,,,,,,,,,,,,,,-0.128461,-1.023117,-0.135698,,,,,,
98005,,,,-0.106688,-0.994293,-0.106891,2.092578,2.092578,,,,,,,,,,,,,,,,,,,,
98007,,,,,,,,,,,122.024323,135.722122,,,,,,,,,,,,,,,,
98008,,,,,,,,,,,,,130.990524,141.012848,0.403797,0.493145,0.017613,0.030996,0.027151,,,,,,,,,
98009,,,,,,,,,,,,,,,,,,,,,,,-0.043371,0.361608,0.717299,9.030000,29.190001,122.150002
98020,,,,,,,,,,,,,130.097488,140.789597,0.412193,0.495244,,,,,,,,,,,,
98019,,,,,,,,,,,,,,,,,,,,-0.084754,-1.030188,-0.088779,,,,,,
98026,,,,,,,,,,,,,129.301651,140.101410,0.419676,0.501714,,,,,,,-0.107848,0.470066,1.147898,-30.240000,4.620000,122.570000
98031,,,,,,,,,,,,,,,,,,,,,,,-0.053924,0.340929,0.716567,-56.770000,13.580000,122.430000
98029,,,,,,,,,,,,,,,,,,,,-0.062554,-1.032617,-0.069342,,,,,,
98035,,,,,,,,,,,,,128.268448,139.181046,0.429390,0.510368,,,,,,,,,,,,
98036,,,,,,,,,,,,,,,,,,,,,,,-0.053924,0.340929,0.716567,-2.660000,6.580000,127.190002
98037,,,,,,,,,,,,,,,,,,,,-0.040621,-1.034804,-0.044624,,,,,,
98044,,,,,,,,,,,,,,,,,,,,,,,-0.053924,0.340929,0.716567,51.660000,12.180000,132.649994
98045,,,,,,,,,,,,,127.644958,139.017914,0.435252,0.511901,,,,,,,,,,,,
98047,,,,,,,,,,,,,,,,,,,,-0.019710,-1.037174,-0.019555,,,,,,
98055,,,,-0.005638,-0.999984,-0.005638,2.048404,2.048404,,,,,,,,,,,,,,,,,,,,
98058,,,,,,,,,,,119.728287,132.298721,127.319145,139.007355,0.408060,0.466576,0.013343,0.036961,0.014212,,,,,,,,,
98059,,,,,,,,,,,,,,,,,,,,,,,-0.104432,0.432856,0.878400,-17.920000,7.350000,137.270004
98057,,,,,,,,,,,,,,,,,,,,0.002459,-1.038711,-0.000230,,,,,,
98064,,,,,,,,,,,,,,,,,,,,,,,-0.104432,0.432856,0.878400,18.760000,14.560000,143.360001
98065,,,,,,,,,,,,,127.231567,138.612595,0.408877,0.470261,,,,,,,,,,,,
98077,,,,,,,,,,,,,,,0.418081,0.479648,,,,,,,,,,,,
98078,,,,,,,,,,,,,126.245537,137.606918,,,,,,0.045321,-1.040594,0.052377,,,,,,
98068,,,,,,,,,,,,,,,,,,,,0.023809,-1.039640,0.030191,,,,,,
98083,,,,,,,,,,,,,,,,,,,,,,,-0.079544,0.470554,0.800564,-15.960000,-3.010000,148.050003
98085,,,,,,,,,,,,,125.397034,137.086945,0.426001,0.484501,,,,,,,,,,,,
98089,,,,,,,,,,,,,,,,,,,,,,,-0.059170,0.490379,0.803370,27.299999,-4.900000,150.639999
98088,,,,,,,,,,,,,,,,,,,,0.066658,-1.040551,0.077208,,,,,,
98095,,,,,,,,,,,,,124.725632,136.757706,0.432268,0.487575,,,,,,,-0.059170,0.490379,0.803370,-7.350000,-0.420000,139.929993
98098,,,,,,,,,,,,,,,,,,,,0.087696,-1.040239,0.105005,,,,,,
98105,,,,0.093049,-0.995662,0.093184,2.001226,2.001226,,,,,,,,,,,,,,,,,,,,
98108,,,,,,,,,,,117.722412,128.233902,124.266350,136.107666,0.410268,0.439995,0.009961,0.043125,-0.011186,,,,,,,,,
98109,,,,,,,,,,,,,,,,,,,,0.108283,-1.039031,0.124301,-0.148169,0.586759,0.981734,-15.050000,0.630000,128.380005
98115,,,,,,,,,,,,,124.569489,135.273941,0.407460,0.447718,,,,,,,-0.148169,0.586759,0.981734,12.880000,-2.170000,132.580002
98119,,,,,,,,,,,,,,,,,,,,0.129175,-1.037848,0.146524,,,,,,
98124,,,,,,,,,,,,,,,,,,,,,,,-0.050752,0.446398,0.849181,-12.530000,-11.900000,118.650002
98125,,,,,,,,,,,,,123.823395,133.948395,0.414372,0.459998,,,,,,,,,,,,
98137,,,,,,,,,,,,,,,0.423031,0.467032,,,,0.170742,-1.033151,0.188156,,,,,,
98138,,,,,,,,,,,,,122.888634,133.189102,,,,,,,,,,,,,,
98143,,,,,,,,,,,,,,,,,,,,,,,-0.106750,0.389241,0.665693,36.610001,-3.850000,101.430000
98145,,,,,,,,,,,,,122.597572,132.686539,0.425727,0.471687,,,,,,,,,,,,
98149,,,,,,,,,,,,,,,,,,,,,,,-0.106750,0.389241,0.665693,-17.010000,-0.140000,94.639999
98147,,,,,,,,,,,,,,,,,,,,0.190688,-1.030895,0.207748,,,,,,
98155,,,,0.188302,-0.982111,0.189433,1.951165,1.951165,,,,,,,,,,,,,,,,,,,,
98157,,,,,,,,,,,114.877640,124.703812,,,,,,,,0.211035,-1.027609,0.224330,,,,,,
98158,,,,,,,,,,,,,122.314140,131.654587,0.389979,0.433825,0.007585,0.047634,-0.017889,,,,,,,,,
98159,,,,,,,,,,,,,,,,,,,,,,,-0.106750,0.389241,0.665693,-21.420000,-0.280000,92.959999
98164,,,,,,,,,,,,,,,,,,,,,,,-0.141642,0.629459,1.212558,0.980000,-7.280000,94.919998
98165,,,,,,,,,,,,,121.444855,130.848053,0.398107,0.441366,,,,,,,,,,,,
98168,,,,,,,,,,,,,,,,,,,,0.231147,-1.023638,0.238298,,,,,,
98174,,,,,,,,,,,,,,,,,,,,,,,-0.141642,0.629459,1.212558,12.110000,-5.950000,88.900002
98175,,,,,,,,,,,,,121.321159,129.779800,0.399263,0.451354,,,,,,,,,,,,
98178,,,,,,,,,,,,,,,,,,,,0.250920,-1.019887,0.255260,,,,,,
98185,,,,,,,,,,,,,120.199928,128.964340,0.409747,0.458979,,,,,,,-0.020313,0.305915,0.591273,-6.720000,-11.480000,77.629997
98197,,,,,,,,,,,,,120.014297,128.737106,0.411482,0.461104,,,,,,,,,,,,
98188,,,,,,,,,,,,,,,,,,,,0.270370,-1.015449,0.263570,,,,,,
98198,,,,,,,,,,,,,,,,,,,,0.289857,-1.010949,0.280437,,,,,,
98203,,,,,,,,,,,,,,,,,,,,,,,-0.098637,0.400953,0.892308,-26.600000,2.590000,63.279999
98205,,,,0.279214,-0.960229,0.282975,1.898352,1.898352,,,,,,,,,,,,,,,,,,,,
98207,,,,,,,,,,,110.853523,121.951065,,,,,0.003789,0.051207,0.001536,,,,,,,,,
98208,,,,,,,,,,,,,119.344833,127.733620,0.363125,0.433127,,,,0.308791,-1.005828,0.291521,,,,,,
98213,,,,,,,,,,,,,,,,,,,,,,,-0.098637,0.400953,0.892308,2.590000,-2.660000,67.269997
98215,,,,,,,,,,,,,119.152733,127.709930,0.364941,0.433351,,,,,,,,,,,,
98218,,,,,,,,,,,,,,,,,,,,,,,-0.082350,0.362767,1.098610,-18.690001,-4.900000,69.650002
98219,,,,,,,,,,,,,,,,,,,,0.327904,-1.000324,0.305354,,,,,,
98224,,,,,,,,,,,,,,,,,,,,,,,-0.082350,0.362767,1.098610,-11.270000,-8.610000,72.379997
98225,,,,,,,,,,,,,118.377243,126.675583,0.372274,0.443132,,,,,,,,,,,,
98229,,,,,,,,,,,,,,,,,,,,0.346979,-0.994655,0.313914,,,,,,
98234,,,,,,,,,,,,,,,,,,,,,,,-0.082350,0.362767,1.098610,-3.710000,-2.240000,66.849998
98235,,,,,,,,,,,,,117.741211,125.822746,0.378288,0.451196,,,,,,,,,,,,
98236,,,,,,,,,,,,,,,,,,,,0.365877,-0.988923,0.327912,,,,,,
98244,,,,,,,,,,,,,,,,,,,,,,,-0.085034,0.241926,0.823073,-14.140000,7.910000,72.449997
98245,,,,,,,,,,,,,117.153114,125.049019,0.383849,0.458512,,,,,,,,,,,,
98263,,,,,,,,,,,,,116.666809,124.843826,0.388447,0.460452,,,,,,,,,,,,
98266,,,,0.365048,-0.930989,0.373685,1.842929,1.842929,,,,,,,,,,,,,,,,,,,,
98268,,,,,,,,,,,106.451347,120.493828,,,,,0.016379,0.054801,0.042968,,,,,,,,,
98269,,,,,,,,,,,,,115.913849,124.766258,0.335262,0.441094,,,,,,,,,,,,
98257,,,,,,,,,,,,,,,,,,,,0.402380,-0.976624,0.353250,,,,,,
98267,,,,,,,,,,,,,,,,,,,,0.420920,-0.969884,0.369929,,,,,,
98274,,,,,,,,,,,,,,,,,,,,,,,-0.120902,0.276574,1.012783,-6.090000,11.130000,91.209999
98275,,,,,,,,,,,,,115.055428,124.172935,0.343476,0.446771,,,,,,,,,,,,
98279,,,,,,,,,,,,,,,,,,,,,,,-0.098454,0.276574,1.012783,0.630000,10.710000,93.660004
98278,,,,,,,,,,,,,,,,,,,,0.439076,-0.963081,0.386836,,,,,,
98284,,,,,,,,,,,,,,,,,,,,,,,-0.098454,0.276574,1.012783,7.280000,3.990000,93.169998
98285,,,,,,,,,,,,,113.834900,123.703430,0.355155,0.451264,,,,,,,,,,,,
98290,,,,,,,,,,,,,,,,,,,,,,,-0.098454,0.276574,1.012783,15.050000,4.410000,100.449997
98288,,,,,,,,,,,,,,,,,,,,0.457183,-0.956100,0.400950,,,,,,
98295,,,,,,,,,,,,,112.879463,123.320198,0.364297,0.454931,,,,,,,-0.071919,0.231922,0.662460,-33.180000,9.240000,106.959999
98298,,,,,,,,,,,,,,,,,,,,0.475079,-0.948764,0.417967,,,,,,
98305,,,,0.445239,-0.895412,0.461441,1.785044,1.785044,,,,,,,,,,,,,,,,,,,,
98307,,,,,,,,,,,102.156776,115.868103,,,,,-0.004024,0.060530,0.042230,,,,,,,,,
98318,,,,,,,,,,,,,112.186897,122.668510,0.313725,0.399129,,,,,,,,,,,,
98319,,,,,,,,,,,,,,,,,,,,0.509755,-0.933502,0.463337,-0.071919,0.231922,0.662460,-14.350000,17.430000,131.460007
98309,,,,,,,,,,,,,,,,,,,,0.492301,-0.941341,0.437760,,,,,,
98325,,,,,,,,,,,,,,,,,,,,,,,-0.165859,0.397781,1.105991,-13.440000,11.760000,149.449997
98326,,,,,,,,,,,,,110.958641,122.658669,0.325346,0.399222,,,,0.526998,-0.925232,0.491835,,,,,,
98331,,,,,,,,,,,,,,,,,,,,,,,-0.067283,0.297741,0.739747,-9.660000,12.040000,150.779999
98336,,,,,,,,,,,,,109.845779,121.817307,0.335876,0.407183,,,,0.544100,-0.916913,0.517614,-0.067283,0.297741,0.739747,7.840000,5.390000,151.059998
98344,,,,,,,,,,,,,,,,,,,,,,,-0.067283,0.297741,0.739747,-5.250000,29.049999,142.729996
98345,,,,,,,,,,,,,108.386299,120.823891,0.349685,0.416582,,,,,,,,,,,,
98359,,,,0.519388,-0.854539,0.546134,1.724855,1.724855,,,,,,,,,,,,,,,,,,,,
98361,,,,,,,,,,,99.817810,112.073639,,,,,,,,,,,,,,,,
98362,,,,,,,,,,,,,,,,,0.008149,0.066140,0.026571,,,,,,,,,
98363,,,,,,,,,,,,,107.361229,120.002274,0.328728,0.374149,,,,,,,,,,,,
98357,,,,,,,,,,,,,,,,,,,,0.577180,-0.898714,0.569363,,,,,,
98368,,,,,,,,,,,,,,,,,,,,,,,-0.193553,0.407358,0.820145,-40.040001,61.669998,141.330002
98367,,,,,,,,,,,,,,,,,,,,0.593226,-0.889114,0.595311,,,,,,
98373,,,,,,,,,,,,,,,,,,,,,,,-0.147437,0.407358,0.820145,-26.530001,60.410000,144.270004
98375,,,,,,,,,,,,,106.213478,118.614067,0.339461,0.387131,,,,,,,,,,,,
98378,,,,,,,,,,,,,,,,,,,,0.608954,-0.879021,0.618487,-0.147437,0.407358,0.820145,-3.780000,63.279999,147.699997
98384,,,,,,,,,,,,,,,,,,,,,,,-0.147437,0.407358,0.820145,1.820000,79.449997,138.250000
98385,,,,,,,,,,,,,105.288719,117.369545,0.348109,0.398769,,,,,,,,,,,,
98388,,,,,,,,,,,,,,,,,,,,0.624348,-0.868764,0.644735,,,,,,
98395,,,,,,,,,,,,,104.476990,116.285286,0.355700,0.408909,,,,,,,-0.176168,0.444873,0.961726,29.049999,86.309998,130.899994
98398,,,,,,,,,,,,,,,,,,,,0.639652,-0.858253,0.665394,,,,,,
98405,,,,0.587254,-0.809403,0.627662,1.662531,1.662531,,,,,,,,,,,,,,,,,,,,
98408,,,,,,,,,,,97.508804,105.069107,103.483345,115.102783,0.334658,0.327276,-0.009547,0.070319,-0.035187,,,,,,,,,
98409,,,,,,,,,,,,,,,,,,,,0.654691,-0.847778,0.686163,-0.176168,0.444873,0.885171,-17.850000,42.490002,116.269997
98422,,,,,,,,,,,,,103.112251,113.711479,0.338098,0.340172,,,,,,,,,,,,
98419,,,,,,,,,,,,,,,,,,,,0.668101,-0.836943,0.706988,,,,,,
98426,,,,,,,,,,,,,,,,,,,,0.681370,-0.826488,0.721453,-0.245952,0.369172,0.885171,-10.710000,-33.669998,101.010002
98431,,,,,,,,,,,,,,,,,,,,,,,-0.190442,0.311832,0.656604,-7.350000,-31.709999,79.589996
98435,,,,,,,,,,,,,102.719452,112.036659,0.341739,0.355696,,,,,,,,,,,,
98436,,,,,,,,,,,,,,,,,,,,,,,-0.190442,0.311832,0.656604,-21.420000,-11.060000,74.059998
98437,,,,,,,,,,,,,,,,,,,,0.694449,-0.815848,0.732992,,,,,,
98444,,,,,,,,,,,,,,,,,,,,,,,-0.265899,0.458781,0.997045,-33.740002,4.200000,62.160000
98445,,,,,,,,,,,,,101.815369,110.753952,0.350119,0.367585,,,,,,,,,,,,
98447,,,,,,,,,,,,,,,,,,,,0.707038,-0.804680,0.741688,,,,,,
98455,,,,0.648742,-0.761009,0.705930,1.598247,1.598247,,,,,,,,,,,,,,,,,,,,
98457,,,,,,,,,,,93.637253,100.725800,,,,,-0.013365,0.071300,-0.036475,0.719335,-0.793614,0.747554,,,,,,
98458,,,,,,,,,,,,,101.580948,109.531967,0.299787,0.320024,,,,,,,,,,,,
98459,,,,,,,,,,,,,,,,,,,,,,,-0.265899,0.458781,0.997045,-0.770000,21.209999,40.320000
98465,,,,,,,,,,,,,101.326279,108.016266,0.302183,0.334289,,,,,,,-0.199348,0.253760,0.839482,8.050000,0.770000,30.520000
98489,,,,,,,,,,,,,100.386574,106.244781,0.311028,0.350961,,,,,,,,,,,,
98486,,,,,,,,,,,,,,,,,,,,0.755498,-0.760111,0.759743,,,,,,
98495,,,,,,,,,,,,,,,0.316731,0.365409,,,,,,,-0.223504,0.166164,0.657519,-26.809999,-11.060000,16.170000
98496,,,,,,,,,,,,,99.780525,104.709625,,,,,,,,,,,,,,
98497,,,,,,,,,,,,,,,,,,,,0.767063,-0.749008,0.768626,,,,,,
98500,,,,,,,,,,,,,,,,,,,,,,,-0.266021,0.091744,0.824842,-6.160000,-9.870000,26.389999
98505,,,,0.703886,-0.710313,0.780854,1.532188,1.532188,,,,,,,,,,,,,,,,,,,,
98507,,,,,,,,,,,87.968979,97.985817,,,,,-0.018518,0.071628,0.010383,0.778257,-0.738235,0.768934,,,,,,
98508,,,,,,,,,,,,,99.170883,103.318222,0.243198,0.340210,,,,,,,,,,,,
98510,,,,,,,,,,,,,,,,,,,,,,,-0.266021,0.091744,0.824842,32.689999,-1.890000,33.459999
98515,,,,,,,,,,,,,,,,,,,,,,,-0.266021,0.091744,0.824842,26.250000,15.330000,24.850000
98516,,,,,,,,,,,,,97.669495,102.581772,0.257764,0.347355,,,,,,,,,,,,
98517,,,,,,,,,,,,,,,,,,,,0.789422,-0.727307,0.769002,,,,,,
98521,,,,,,,,,,,,,,,,,,,,,,,-0.151829,0.045018,0.626470,28.840000,17.290001,23.520000
98525,,,,,,,,,,,,,96.770287,101.487129,0.266488,0.357975,,,,,,,,,,,,
98526,,,,,,,,,,,,,,,,,,,,,,,-0.151829,0.045018,0.626470,25.620001,24.010000,23.450001
98537,,,,,,,,,,,,,95.296791,100.608215,0.280784,0.366502,,,,,,,,,,,,
98528,,,,,,,,,,,,,,,,,,,,0.800911,-0.716185,0.775144,,,,,,
98538,,,,,,,,,,,,,,,,,,,,0.811825,-0.705007,0.780972,,,,,,
98543,,,,,,,,,,,,,,,,,,,,,,,-0.300364,0.125538,0.880047,-33.950001,-22.959999,48.930000
98545,,,,,,,,,,,,,93.668526,100.266899,0.296581,0.369813,,,,,,,,,,,,
98548,,,,,,,,,,,,,,,,,,,,0.822178,-0.693733,0.789663,-0.300364,0.125538,0.880047,-47.389999,-10.360000,54.529999
98555,,,,0.752837,-0.658207,0.852362,1.464551,1.464551,,,,,,,,,,,,,,,,,,,,
98557,,,,,,,,,,,81.929459,94.993515,,,,,-0.023418,0.074250,0.058887,,,,,,,,,
98558,,,,,,,,,,,,,92.652237,99.501572,0.223550,0.336180,,,,,,,,,,,,
98559,,,,,,,,,,,,,,,,,,,,0.832465,-0.682994,0.801707,-0.300364,0.125538,0.880047,-9.450000,-15.680000,72.660004
98565,,,,,,,,,,,,,92.126740,99.381264,0.228655,0.337349,,,,,,,-0.224846,0.105652,0.656970,-1.540000,-22.750000,87.290001
98569,,,,,,,,,,,,,,,,,,,,0.842696,-0.672034,0.816682,,,,,,
98575,,,,,,,,,,,,,90.740517,97.946564,0.242121,0.351286,,,,,,,-0.224846,0.166652,0.909388,15.120000,-14.210000,108.150002
98577,,,,,,,,,,,,,,,,,,,,0.852770,-0.661162,0.834902,,,,,,
98584,,,,,,,,,,,,,,,,,,,,,,,-0.224907,0.166652,0.909388,11.760000,8.190000,130.270004
98585,,,,,,,,,,,,,88.952957,97.208107,0.259487,0.358460,,,,,,,,,,,,
98597,,,,,,,,,,,,,,,0.275269,0.360974,,,,0.872696,-0.638876,0.880943,,,,,,
98598,,,,,,,,,,,,,87.328392,96.949287,,,,,,,,,,,,,,
98587,,,,,,,,,,,,,,,,,,,,0.862772,-0.650132,0.853206,,,,,,
98603,,,,,,,,,,,,,,,,,,,,,,,-0.244854,0.173789,0.733891,-19.110001,22.120001,146.580002
98605,,,,0.795837,-0.605511,0.920388,1.395537,1.395537,,,,,,,,,,,,,,,,,,,,
98607,,,,,,,,,,,78.705238,89.936844,,,,,-0.023203,0.080443,0.038877,0.882245,-0.627442,0.905831,,,,,,
98608,,,,,,,,,,,,,85.935478,96.106728,0.245872,0.300911,,,,,,,,,,,,
98613,,,,,,,,,,,,,,,,,,,,,,,-0.244854,0.348493,1.021811,-44.240002,9.240000,147.000000
98615,,,,,,,,,,,,,84.531006,96.145325,0.259266,0.300542,,,,,,,,,,,,
98618,,,,,,,,,,,,,,,,,,,,0.890917,-0.615988,0.927224,-0.248087,0.348493,1.021811,-38.009998,5.460000,150.639999
98624,,,,,,,,,,,,,,,,,,,,,,,-0.248087,0.348493,1.021811,-26.320000,-8.680000,141.539993
98625,,,,,,,,,,,,,83.251060,95.228195,0.271471,0.309288,,,,,,,,,,,,
98628,,,,,,,,,,,,,,,,,,,,0.899428,-0.604499,0.952264,,,,,,
98635,,,,,,,,,,,,,82.671654,93.846977,0.276997,0.322460,,,,,,,-0.243756,0.341417,0.837530,-6.510000,-19.809999,147.559998
98638,,,,,,,,,,,,,,,,,,,,0.907673,-0.593253,0.980072,,,,,,
98644,,,,,,,,,,,,,,,,,,,,,,,-0.243756,0.341417,0.837530,-27.160000,-12.740000,132.509995
98645,,,,,,,,,,,,,82.177788,93.226509,0.281706,0.328377,,,,,,,,,,,,
98658,,,,,,,,,,,,,81.461372,92.077446,0.288538,0.339334,,,,,,,,,,,,
98660,,,,0.833207,-0.552962,0.984882,1.325359,1.325359,,,,,,,,,,,,,,,,,,,,
98662,,,,,,,,,,,76.454750,85.002525,,,,,-0.009105,0.084259,0.004354,,,,,,,,,
98659,,,,,,,,,,,,,,,,,,,,0.922921,-0.570263,1.027259,,,,,,
98665,,,,,,,,,,,,,80.886215,91.997040,0.264011,0.274021,,,,,,,,,,,,
98668,,,,,,,,,,,,,,,,,,,,,,,-0.229116,0.345443,0.947940,-10.780000,-29.889999,109.339996
98666,,,,,,,,,,,,,,,,,,,,0.929907,-0.558730,1.046488,,,,,,
98673,,,,,,,,,,,,,,,,,,,,,,,-0.213439,0.340990,0.947940,-1.120000,-28.490000,109.760002
98675,,,,,,,,,,,,,80.683151,90.580727,0.265927,0.287383,,,,,,,,,,,,
98679,,,,,,,,,,,,,,,,,,,,,,,-0.213439,0.340990,0.947940,14.770000,-28.070000,111.089996
98677,,,,,,,,,,,,,,,,,,,,0.936460,-0.547302,1.065575,,,,,,
98684,,,,,,,,,,,,,,,,,,,,,,,-0.213439,0.340990,0.947940,-5.740000,-21.070000,104.160004
98685,,,,,,,,,,,,,79.968224,89.394356,0.272672,0.298576,,,,,,,,,,,,
98687,,,,,,,,,,,,,,,,,,,,0.943053,-0.535848,1.084833,,,,,,
98694,,,,,,,,,,,,,,,,,,,,,,,-0.167567,0.263215,0.891820,5.250000,-9.800000,85.889999
98695,,,,,,,,,,,,,79.303658,88.327393,0.278941,0.308642,,,,,,,,,,,,
98697,,,,,,,,,,,,,,,,,,,,0.949275,-0.524132,1.101175,,,,,,
98705,,,,0.865326,-0.501209,1.045801,1.254240,1.254240,,,,,,,,,,,,,,,,,,,,
98707,,,,,,,,,,,73.638199,78.192627,,,,,-0.016850,0.085134,-0.052672,,,,,,,,,
98719,,,,,,,,,,,,,78.722466,87.007133,0.246676,0.229767,,,,,,,,,,,,
98720,,,,,,,,,,,,,,,,,,,,,,,-0.167567,0.263215,0.891820,-14.630000,0.980000,68.669998
98718,,,,,,,,,,,,,,,,,,,,0.960811,-0.500598,1.123883,,,,,,
98725,,,,,,,,,,,,,,,,,,,,,,,-0.165920,0.224236,0.842776,-38.919998,6.020000,56.980000
98726,,,,,,,,,,,,,78.138786,85.902954,0.252172,0.240165,,,,,,,,,,,,
98731,,,,,,,,,,,,,,,,,,,,,,,-0.134505,0.224236,0.842776,-5.600000,9.030000,55.020000
98729,,,,,,,,,,,,,,,,,,,,0.966006,-0.488883,1.133720,,,,,,
98735,,,,,,,,,,,,,77.498276,84.618660,0.258204,0.252259,,,,,,,,,,,,
98736,,,,,,,,,,,,,,,,,,,,,,,-0.134505,0.224236,0.842776,0.350000,18.410000,38.500000
98739,,,,,,,,,,,,,,,,,,,,0.971390,-0.477207,1.140361,,,,,,
98744,,,,,,,,,,,,,,,,,,,,,,,-0.267485,0.140056,0.746091,-21.840000,40.040001,1.470000
98745,,,,,,,,,,,,,77.261726,82.704880,0.260431,0.270280,,,,,,,,,,,,
98746,,,,,,,,,,,,,,,,,,,,0.976469,-0.465292,1.140538,,,,,,
98754,,,,,,,,,,,,,,,,,,,,,,,-0.267485,0.140056,0.746091,0.560000,59.220001,3.710000
98756,,,,0.892616,-0.450818,1.103115,1.182410,1.182410,,,,,,,,,,,,,,,,,,,,
98758,,,,,,,,,,,68.882889,73.845963,,,,,-0.021706,0.082335,-0.038373,,,,,,,,,
98759,,,,,,,,,,,,,76.781471,81.361343,0.199462,0.223005,,,,,,,,,,,,
98757,,,,,,,,,,,,,,,,,,,,0.981518,-0.453547,1.140621,,,,,,
98765,,,,,,,,,,,,,75.501488,79.354996,0.211789,0.242328,,,,,,,-0.244488,0.031964,0.891332,-26.530001,46.619999,-11.690000
98777,,,,,,,,,,,,,74.846123,78.088463,0.218101,0.254525,,,,,,,,,,,,
98767,,,,,,,,,,,,,,,,,,,,0.986268,-0.441576,1.143846,,,,,,
98778,,,,,,,,,,,,,,,,,,,,0.991082,-0.431005,1.137587,,,,,,
98783,,,,,,,,,,,,,,,,,,,,,,,-0.307562,-0.021411,0.682041,-4.900000,-21.559999,-25.129999
98785,,,,,,,,,,,,,74.114220,76.842323,0.225150,0.266527,,,,,,,,,,,,
98788,,,,,,,,,,,,,,,,,,,,0.995834,-0.420193,1.130689,-0.307562,-0.021411,0.682041,-21.000000,-35.630001,-24.010000
98794,,,,,,,,,,,,,,,,,,,,,,,-0.307562,-0.021411,0.682041,-12.530000,-38.709999,-13.930000
98795,,,,,,,,,,,,,73.335068,75.630493,0.232654,0.278197,,,,,,,,,,,,
98798,,,,,,,,,,,,,,,,,,,,1.000291,-0.409791,1.130481,,,,,,
98805,,,,0.915524,-0.402264,1.156808,1.110109,1.110109,,,,,,,,,,,,,,,,,,,,
98807,,,,,,,,,,,62.522144,70.796921,,,,,-0.029131,0.080054,0.023511,,,,,,,,,
98808,,,,,,,,,,,,,72.921135,74.852509,0.147025,0.242993,,,,,,,,,,,,
98809,,,,,,,,,,,,,,,,,,,,,,,-0.308599,-0.031537,0.790621,-29.820000,-32.130001,-12.600000
98821,,,,,,,,,,,,,71.818962,73.862549,0.157949,0.252805,,,,,,,,,,,,
98819,,,,,,,,,,,,,,,,,,,,1.009025,-0.389331,1.126930,,,,,,
98825,,,,,,,,,,,,,,,,,,,,,,,-0.308599,-0.065758,0.855525,15.540000,-6.160000,13.930000
98826,,,,,,,,,,,,,,,,,,,,1.013565,-0.379596,1.126907,,,,,,
98831,,,,,,,,,,,,,,,,,,,,,,,-0.198311,-0.065758,0.855525,-17.430000,9.870000,20.020000
98835,,,,,,,,,,,,,70.016167,72.886169,0.175816,0.262481,,,,,,,,,,,,
98836,,,,,,,,,,,,,,,,,,,,,,,-0.198311,-0.065758,0.855525,-18.480000,34.090000,52.709999
98840,,,,,,,,,,,,,,,,,,,,1.017961,-0.369201,1.130158,,,,,,
98845,,,,,,,,,,,,,68.247246,71.760376,0.193348,0.273639,,,,,,,-0.312259,-0.025071,0.796660,24.360001,68.110001,61.950001
98847,,,,,,,,,,,,,,,,,,,,1.022689,-0.358859,1.143496,,,,,,
98855,,,,0.934508,-0.355942,1.206874,1.037585,1.037585,,,,,,,,,,,,,,,,,,,,
98857,,,,,,,,,,,56.903492,66.907333,,,,,-0.033854,0.081573,0.061342,,,,,,,,,
98858,,,,,,,,,,,,,66.554016,71.249161,0.131744,0.224497,,,,1.027094,-0.348626,1.157139,,,,,,
98859,,,,,,,,,,,,,,,,,,,,,,,-0.312259,-0.025071,0.796660,-18.620001,38.779999,81.550003
98864,,,,,,,,,,,,,,,,,,,,,,,-0.308660,0.066978,1.028338,22.400000,-8.540000,100.870003
98865,,,,,,,,,,,,,64.895096,70.328346,0.148224,0.233644,,,,,,,,,,,,
98877,,,,,,,,,,,,,62.888950,69.762215,0.168154,0.239269,,,,,,,,,,,,
98868,,,,,,,,,,,,,,,,,,,,1.031317,-0.339096,1.176773,,,,,,
98878,,,,,,,,,,,,,,,,,,,,1.035152,-0.329221,1.190477,,,,,,
98883,,,,,,,,,,,,,,,,,,,,,,,-0.282735,0.154879,0.818864,-9.660000,-0.560000,114.309998
98885,,,,,,,,,,,,,61.694443,68.828323,0.180020,0.248546,,,,,,,,,,,,
98888,,,,,,,,,,,,,,,,,,,,,,,-0.282735,0.154879,0.818864,-20.790001,-5.460000,122.150002
98889,,,,,,,,,,,,,,,,,,,,1.038563,-0.319579,1.214209,,,,,,
98894,,,,,,,,,,,,,,,,,,,,,,,-0.282735,0.154879,0.857233,-35.490002,-20.370001,128.660004
98895,,,,,,,,,,,,,60.152855,68.353477,0.195334,0.253263,,,,,,,,,,,,
98899,,,,,,,,,,,,,,,,,,,,1.041572,-0.310113,1.237727,,,,,,
98905,,,,0.950027,-0.312168,1.253323,0.965097,0.965097,,,,,,,,,,,,,,,,,,,,
98908,,,,,,,,,,,54.162910,61.094833,59.083370,67.677528,0.169336,0.181080,-0.031981,0.085880,0.016585,,,,,,,,,
98910,,,,,,,,,,,,,,,,,,,,,,,-0.329949,0.227286,0.857233,-16.170000,-27.860001,135.729996
98906,,,,,,,,,,,,,,,,,,,,1.044496,-0.300949,1.261565,,,,,,
98915,,,,,,,,,,,,,58.062302,66.811523,0.179155,0.189407,,,,,,,-0.214110,0.204228,0.902861,-26.879999,-39.549999,133.979996
98917,,,,,,,,,,,,,,,,,,,,1.047078,-0.291818,1.285689,,,,,,
98924,,,,,,,,,,,,,,,,,,,,,,,-0.214110,0.204228,0.902861,-25.760000,-33.040001,120.680000
98925,,,,,,,,,,,,,57.197823,66.228264,0.187468,0.195016,,,,,,,,,,,,
98937,,,,,,,,,,,,,56.189564,64.683701,0.197163,0.209869,,,,1.051668,-0.273730,1.327344,,,,,,
98927,,,,,,,,,,,,,,,,,,,,1.049417,-0.282590,1.309948,,,,,,
98943,,,,,,,,,,,,,,,,,,,,,,,-0.278587,0.206241,0.853390,0.490000,7.350000,94.290001
98945,,,,,,,,,,,,,55.742294,63.594627,0.201464,0.220341,,,,,,,,,,,,
98948,,,,,,,,,,,,,,,,,,,,1.053856,-0.264974,1.335824,-0.278587,0.206241,0.853390,-16.799999,13.440000,84.559998
98955,,,,0.962528,-0.271182,1.296175,0.892911,0.892911,,,,,,,,,,,,,,,,,,,,
98957,,,,,,,,,,,51.528374,55.219547,,,,,-0.027621,0.087448,-0.037796,,,,,,,,,
98958,,,,,,,,,,,,,54.819630,62.306366,0.174722,0.153285,,,,1.055582,-0.255901,1.352918,,,,,,
98959,,,,,,,,,,,,,,,,,,,,,,,-0.219417,0.148474,0.878278,-12.250000,26.389999,78.820000
98965,,,,,,,,,,,,,54.791698,61.091038,0.174988,0.164877,,,,,,,-0.219417,0.148474,0.878278,-11.480000,24.639999,68.669998
98968,,,,,,,,,,,,,,,,,,,,1.057353,-0.246778,1.370353,,,,,,
98974,,,,,,,,,,,,,,,,,,,,,,,-0.185623,0.101016,0.972950,-2.520000,32.900002,55.509998
98975,,,,,,,,,,,,,53.820271,59.671860,0.184254,0.178413,,,,,,,,,,,,
98979,,,,,,,,,,,,,,,,,,,,1.059225,-0.238483,1.366273,,,,,,
98985,,,,,,,,,,,,,52.960941,58.432793,0.192450,0.190231,,,,,,,-0.185623,0.101016,0.972950,15.120000,46.480000,28.420000
98998,,,,,,,,,,,,,52.374622,56.978638,0.198042,0.204100,,,,,,,,,,,,
98989,,,,,,,,,,,,,,,,,,,,1.060643,-0.229793,1.370067,,,,,,
98996,,,,,,,,,,,,,,,,,,,,1.061953,-0.221323,1.370022,,,,,,
99003,,,,,,,,,,,,,,,,,,,,,,,-0.262483,0.060207,0.947696,-4.480000,5.530000,-6.230000
99005,,,,0.972438,-0.233163,1.335467,0.821304,0.821304,,,,,,,,,,,,,,,,,,,,
99007,,,,,,,,,,,47.224384,50.642670,,,,,-0.029423,0.085507,-0.035321,1.063276,-0.213271,1.370022,,,,,,
99008,,,,,,,,,,,,,51.612389,56.025093,0.146282,0.150298,,,,,,,,,,,,
99013,,,,,,,,,,,,,,,,,,,,,,,-0.262483,0.051423,0.912316,-3.220000,0.140000,-14.210000
99015,,,,,,,,,,,,,51.803074,54.754429,0.144430,0.162638,,,,,,,,,,,,
99018,,,,,,,,,,,,,,,,,,,,,,,-0.212341,0.051423,0.912316,10.010000,1.470000,-14.280000
99017,,,,,,,,,,,,,,,,,,,,1.064855,-0.204704,1.378669,,,,,,
99024,,,,,,,,,,,,,,,,,,,,,,,-0.212341,0.051423,0.912316,6.020000,-8.120000,-22.120001
99025,,,,,,,,,,,,,51.261353,53.196465,0.149691,0.177769,,,,,,,,,,,,
99037,,,,,,,,,,,,,50.317020,52.394329,0.158862,0.185559,,,,,,,,,,,,
99027,,,,,,,,,,,,,,,,,,,,1.066286,-0.196675,1.375453,,,,,,
99038,,,,,,,,,,,,,,,,,,,,1.067444,-0.189410,1.362645,,,,,,
99043,,,,,,,,,,,,,,,,,,,,,,,-0.237351,-0.014579,0.914390,-19.320000,-7.140000,-19.040001
99045,,,,,,,,,,,,,50.065735,51.110947,0.161303,0.198023,,,,,,,,,,,,
99048,,,,,,,,,,,,,,,,,,,,1.068587,-0.181778,1.355300,-0.306525,-0.023363,0.914146,-22.190001,-0.630000,-12.180000
99055,,,,0.980157,-0.198224,1.371250,0.750560,0.750560,,,,,,,,,,,,,,,,,,,,
99057,,,,,,,,,,,41.764282,47.060192,,,,,-0.034904,0.083056,0.013786,,,,,,,,,
99058,,,,,,,,,,,,,49.611340,50.490784,0.088591,0.153937,,,,1.069581,-0.174438,1.360478,,,,,,
99059,,,,,,,,,,,,,,,,,,,,,,,-0.306525,-0.023363,0.914146,7.980000,-23.170000,-16.799999
99065,,,,,,,,,,,,,48.289715,49.757092,0.101807,0.161273,,,,,,,-0.306525,-0.080581,0.959835,17.150000,-25.549999,-4.970000
99069,,,,,,,,,,,,,,,,,,,,1.070952,-0.167460,1.356814,,,,,,
99075,,,,,,,,,,,,,47.743450,48.978100,0.107269,0.169063,,,,,,,-0.225639,-0.080581,0.959835,-17.920000,-23.590000,10.990000
99079,,,,,,,,,,,,,,,,,,,,1.072381,-0.160454,1.354048,,,,,,
99084,,,,,,,,,,,,,,,,,,,,,,,-0.317322,-0.020679,1.020164,9.310000,2.450000,42.770000
99085,,,,,,,,,,,,,46.202927,47.790085,0.122673,0.180942,,,,,,,,,,,,
99097,,,,,,,,,,,,,45.141972,47.372669,0.133282,0.185116,,,,,,,,,,,,
99089,,,,,,,,,,,,,,,,,,,,1.073579,-0.153201,1.367748,,,,,,
99099,,,,,,,,,,,,,,,,,,,,1.074923,-0.146315,1.372522,,,,,,
99103,,,,,,,,,,,,,,,,,,,,,,,-0.280905,0.006466,0.890722,1.190000,-9.380000,63.139999
99105,,,,0.986053,-0.166429,1.403589,0.680973,0.680973,,,,,,,,,,,,,,,,,,,,
99107,,,,,,,,,,,37.255020,42.793175,,,,,-0.037334,0.083277,0.030493,1.076277,-0.139480,1.384021,,,,,,
99108,,,,,,,,,,,,,43.788937,47.249435,0.083798,0.126690,,,,,,,,,,,,
99113,,,,,,,,,,,,,,,,,,,,,,,-0.280905,0.006466,0.890722,-11.760000,-22.750000,72.379997
99115,,,,,,,,,,,,,42.803440,46.460030,0.093635,0.134570,,,,,,,,,,,,
99118,,,,,,,,,,,,,,,,,,,,,,,-0.280905,0.006466,0.890722,-12.040000,-27.230000,78.260002
99117,,,,,,,,,,,,,,,,,,,,1.077227,-0.133392,1.394710,,,,,,
99124,,,,,,,,,,,,,,,,,,,,,,,-0.223565,0.073993,1.024373,1.120000,-11.480000,79.099998
99125,,,,,,,,,,,,,40.941315,45.660137,0.112223,0.142554,,,,,,,,,,,,
99127,,,,,,,,,,,,,,,,,,,,1.078189,-0.126873,1.409535,,,,,,
99134,,,,,,,,,,,,,,,,,,,,,,,-0.223565,0.073993,1.024373,-22.889999,27.510000,79.309998
99135,,,,,,,,,,,,,39.924667,44.442745,0.122371,0.154707,,,,,,,,,,,,
99138,,,,,,,,,,,,,,,,,,,,1.078896,-0.120437,1.423892,,,,,,
99144,,,,,,,,,,,,,,,,,,,,,,,-0.304695,0.084790,0.926651,-18.340000,41.020000,78.959999
99145,,,,,,,,,,,,,38.526058,43.972054,0.136332,0.159405,,,,,,,,,,,,
99157,,,,,,,,,,,,,37.891827,42.930420,0.142663,0.169803,,,,,,,,,,,,
99159,,,,0.990461,-0.137792,1.432564,0.612846,0.612846,,,,,,,,,,,,,,,,,,,,
99161,,,,,,,,,,,34.061512,38.228630,,,,,-0.030707,0.085006,0.008789,,,,,,,,,
99158,,,,,,,,,,,,,,,,,,,,1.080312,-0.107731,1.447538,,,,,,
99165,,,,,,,,,,,,,36.690205,42.303398,0.110482,0.112977,,,,,,,,,,,,
99167,,,,,,,,,,,,,,,,,,,,,,,-0.240340,0.090707,0.909449,-9.590000,-25.480000,67.269997
99168,,,,,,,,,,,,,,,,,,,,1.080666,-0.101661,1.464813,,,,,,
99173,,,,,,,,,,,,,,,,,,,,,,,-0.240340,0.090707,0.909449,-3.220000,-36.820000,63.910000
99175,,,,,,,,,,,,,36.358269,41.629921,0.113735,0.119578,,,,,,,,,,,,
99178,,,,,,,,,,,,,,,,,,,,,,,-0.183427,0.076494,0.954772,-2.730000,-43.610001,61.180000
99179,,,,,,,,,,,,,,,,,,,,1.080813,-0.096105,1.478861,,,,,,
99184,,,,,,,,,,,,,,,,,,,,,,,-0.183427,0.076494,0.954772,-4.760000,-37.099998,48.439999
99185,,,,,,,,,,,,,35.526287,41.058395,0.121890,0.125180,,,,,,,,,,,,
99189,,,,,,,,,,,,,,,,,,,,1.080893,-0.090659,1.495192,,,,,,
99194,,,,,,,,,,,,,,,,,,,,,,,-0.183427,0.076494,0.954772,-5.600000,-2.310000,38.150002
99195,,,,,,,,,,,,,34.812878,40.014378,0.128882,0.135412,,,,,,,,,,,,
99197,,,,,,,,,,,,,,,,,,,,1.080968,-0.085170,1.501852,,,,,,
99204,,,,,,,,,,,,,,,,,,,,,,,-0.263764,0.022997,1.061766,-9.240000,12.390000,28.350000
99206,,,,0.993676,-0.112286,1.458273,0.546492,0.546492,,,,,,,,,,,,,,,,,,,,
99208,,,,,,,,,,,30.969742,32.936489,,,,,-0.032903,0.085311,-0.041309,,,,,,,,,
99219,,,,,,,,,,,,,34.447987,39.058914,0.090128,0.072337,,,,,,,,,,,,
99217,,,,,,,,,,,,,,,,,,,,1.081302,-0.074329,1.509769,,,,,,
99225,,,,,,,,,,,,,33.088097,37.788445,0.103323,0.084665,,,,,,,-0.177205,0.039345,0.845765,4.340000,2.590000,13.300000
99227,,,,,,,,,,,,,,,,,,,,1.081588,-0.069100,1.509985,,,,,,
99230,,,,,,,,,,,,,,,,,,,,,,,-0.177205,0.039345,0.845765,-3.920000,-6.440000,9.030000
99235,,,,,,,,,,,,,,,0.107895,0.101620,,,,,,,-0.225639,-0.012261,1.103124,-17.850000,-10.290000,6.580000
99236,,,,,,,,,,,,,32.617016,36.041142,,,,,,,,,,,,,,
99237,,,,,,,,,,,,,,,,,,,,1.081628,-0.063708,1.520875,,,,,,
99244,,,,,,,,,,,,,,,,,,,,,,,-0.225639,-0.012261,1.103124,3.010000,21.910000,-3.780000
99245,,,,,,,,,,,,,31.987492,34.868549,0.114003,0.112998,,,,,,,,,,,,
99247,,,,,,,,,,,,,,,,,,,,1.081796,-0.058807,1.513787,,,,,,
99255,,,,0.995956,-0.089847,1.480828,0.482232,0.482232,,,,,,,,,,,,,,,,,,,,
99257,,,,,,,,,,,26.958569,28.872576,,,,,-0.035830,0.084048,-0.034139,1.082177,-0.053811,1.510631,,,,,,
99258,,,,,,,,,,,,,31.782190,33.321236,0.060355,0.071702,,,,,,,,,,,,
99259,,,,,,,,,,,,,,,,,,,,,,,-0.286090,-0.030439,0.936472,-2.660000,14.140000,-15.890000
99265,,,,,,,,,,,,,31.048491,32.343441,0.067577,0.081326,,,,,,,-0.286090,-0.030439,0.936472,-2.450000,-17.290001,-19.740000
99277,,,,,,,,,,,,,30.246748,31.336319,0.075468,0.091239,,,,1.082668,-0.045372,1.491163,,,,,,
99267,,,,,,,,,,,,,,,,,,,,1.082491,-0.049203,1.504426,,,,,,
99283,,,,,,,,,,,,,,,,,,,,,,,-0.278526,-0.022265,0.979721,7.140000,12.740000,-16.940001
99285,,,,,,,,,,,,,28.847908,29.764673,0.089237,0.106709,,,,,,,,,,,,
99288,,,,,,,,,,,,,,,,,,,,1.082806,-0.040947,1.491163,-0.278526,-0.022265,0.979721,-3.710000,27.650000,-10.150000
99294,,,,,,,,,,,,,,,,,,,,,,,-0.308538,-0.028060,0.975756,-4.480000,26.670000,-7.280000
99295,,,,,,,,,,,,,28.115557,28.886923,0.096446,0.115349,,,,,,,,,,,,
99298,,,,,,,,,,,,,,,,,,,,1.082929,-0.036855,1.490626,,,,,,
99305,,,,0.997520,-0.070379,1.500359,0.420396,0.420396,,,,,,,,,,,,,,,,,,,,
99307,,,,,,,,,,,22.569809,25.379232,27.662710,27.866596,0.039162,0.076551,-0.040148,0.082567,0.007055,,,,,,,,,
99308,,,,,,,,,,,,,,,,,,,,,,,-0.308538,-0.028060,0.975756,7.770000,-5.320000,-1.750000
99309,,,,,,,,,,,,,,,,,,,,1.083136,-0.033029,1.487345,,,,,,
99319,,,,,,,,,,,,,,,0.051138,0.084272,,,,1.083369,-0.029241,1.493060,,,,,,
99320,,,,,,,,,,,,,26.469469,27.097315,,,,,,,,,,,,,,
99325,,,,,,,,,,,,,,,,,,,,,,,-0.259067,-0.036356,0.933666,4.200000,-14.700000,8.120000
99326,,,,,,,,,,,,,24.978783,26.409510,0.066100,0.091176,,,,,,,,,,,,
99330,,,,,,,,,,,,,,,,,,,,,,,-0.259067,-0.005124,1.050786,7.350000,1.120000,27.719999
99329,,,,,,,,,,,,,,,,,,,,1.083288,-0.025869,1.498709,,,,,,
99336,,,,,,,,,,,,,24.194794,25.398607,0.073969,0.101322,,,,,,,-0.259067,-0.005124,1.050786,-0.070000,28.629999,34.650002
99337,,,,,,,,,,,,,,,,,,,,1.083547,-0.022303,1.503036,,,,,,
99344,,,,,,,,,,,,,,,,,,,,,,,-0.259067,-0.005124,1.050786,3.430000,22.750000,35.630001
99345,,,,,,,,,,,,,23.310230,24.913666,0.082848,0.106190,,,,,,,,,,,,
99347,,,,,,,,,,,,,,,,,,,,1.083729,-0.019139,1.500056,,,,,,
99355,,,,0.998554,-0.053758,1.517012,0.361324,0.361324,,,,,,,,,,,,,,,,,,,,
99357,,,,,,,,,,,19.003931,21.651604,,,,,-0.040664,0.082584,0.016203,1.083865,-0.015820,1.511291,,,,,,
99358,,,,,,,,,,,,,22.107315,24.287809,0.044926,0.060197,,,,,,,-0.285846,-0.014640,0.985638,-10.080000,-7.490000,43.680000
99365,,,,,,,,,,,,,21.014133,23.653149,0.055878,0.066555,,,,,,,-0.285846,-0.014640,0.956541,-6.580000,-14.560000,40.599998
99377,,,,,,,,,,,,,20.033121,22.723955,0.065705,0.075864,,,,,,,,,,,,
99368,,,,,,,,,,,,,,,,,,,,1.084030,-0.012865,1.518586,,,,,,
99378,,,,,,,,,,,,,,,,,,,,1.083836,-0.009524,1.540080,,,,,,
99382,,,,,,,,,,,,,,,,,,,,,,,-0.187270,0.035990,0.956541,-3.780000,-1.120000,39.759998
99385,,,,,,,,,,,,,19.483019,21.747086,0.071216,0.085650,,,,,,,,,,,,
99388,,,,,,,,,,,,,,,,,,,,1.083805,-0.006653,1.544403,-0.247294,0.008723,1.008330,-2.590000,25.900000,40.459999
99394,,,,,,,,,,,,,,,,,,,,,,,-0.247294,0.008723,1.008330,-1.890000,28.770000,37.450001
99395,,,,,,,,,,,,,18.586315,21.039629,0.080199,0.092737,,,,,,,,,,,,
99399,,,,,,,,,,,,,,,,,,,,1.083817,-0.003804,1.548272,,,,,,
99405,,,,0.999206,-0.039833,1.530953,0.305363,0.305363,,,,,,,,,,,,,,,,,,,,
99407,,,,,,,,,,,16.215157,17.788765,,,,,-0.038174,0.083774,-0.015355,,,,,,,,,
99408,,,,,,,,,,,,,17.805428,20.736408,0.049094,0.041931,,,,,,,,,,,,
99409,,,,,,,,,,,,,,,,,,,,,,,-0.231007,-0.020557,0.989969,-0.700000,-14.070000,36.330002
99421,,,,,,,,,,,,,17.070738,19.954716,0.056378,0.049681,,,,,,,,,,,,
99417,,,,,,,,,,,,,,,,,,,,1.083782,0.001326,1.567346,,,,,,
99425,,,,,,,,,,,,,,,,,,,,,,,-0.231007,0.030683,0.986492,-3.640000,-24.010000,22.400000
99427,,,,,,,,,,,,,,,,,,,,1.083709,0.003449,1.567988,,,,,,
99430,,,,,,,,,,,,,,,,,,,,,,,-0.160247,0.030683,0.986492,-0.070000,-8.610000,18.549999
99435,,,,,,,,,,,,,,,,,,,,,,,-0.160247,0.030683,0.986492,2.730000,6.020000,13.300000
99436,,,,,,,,,,,,,16.595814,19.022392,0.061087,0.058924,,,,,,,,,,,,
99437,,,,,,,,,,,,,,,,,,,,1.083764,0.006001,1.574065,,,,,,
99444,,,,,,,,,,,,,,,,,,,,,,,-0.259799,-0.020130,0.977891,-0.560000,26.600000,4.690000
99445,,,,,,,,,,,,,15.685138,17.726860,0.070115,0.071769,,,,,,,,,,,,
99448,,,,,,,,,,,,,,,,,,,,1.083799,0.008473,1.577762,,,,,,
99455,,,,0.999596,-0.028429,1.542363,0.252871,0.252871,,,,,,,,,,,,,,,,,,,,
99457,,,,,,,,,,,13.375344,14.336334,,,0.033343,0.029689,-0.036517,0.084447,-0.034439,,,,,,,,,
99458,,,,,,,,,,,,,15.410523,17.128428,,,,,,1.083679,0.010626,1.577520,-0.259799,-0.020130,0.977891,-1.960000,4.340000,1.610000
99465,,,,,,,,,,,,,14.399421,15.844865,0.043358,0.042403,,,,,,,-0.232105,0.002013,1.063535,1.680000,-18.059999,-3.150000
99469,,,,,,,,,,,,,,,,,,,,1.083763,0.012515,1.577521,,,,,,
99474,,,,,,,,,,,,,,,,,,,,,,,-0.232105,0.002013,1.063535,-5.390000,-16.030001,-10.920000
99475,,,,,,,,,,,,,13.760485,14.976682,0.049687,0.051003,,,,,,,,,,,,
99479,,,,,,,,,,,,,,,,,,,,1.083708,0.013955,1.569932,,,,,,
99484,,,,,,,,,,,,,,,,,,,,,,,-0.210572,-0.008784,0.963983,6.580000,6.300000,-16.170000
99485,,,,,,,,,,,,,13.219744,14.243052,0.055043,0.058269,,,,,,,,,,,,
99497,,,,,,,,,,,,,12.958887,13.360950,0.057626,0.067007,,,,1.083539,0.017137,1.564501,,,,,,
99489,,,,,,,,,,,,,,,,,,,,1.083639,0.015698,1.565359,,,,,,
99503,,,,,,,,,,,,,,,,,,,,,,,-0.224724,-0.016531,1.010038,3.290000,-10.920000,-15.470000
99505,,,,0.999813,-0.019351,1.551445,0.204215,0.204215,,,,,,,,,,,,,,,,,,,,
99507,,,,,,,,,,,10.344479,11.401797,,,,,-0.037085,0.083562,-0.014419,1.083589,0.018754,1.564078,,,,,,
99508,,,,,,,,,,,,,12.461372,12.799667,0.020135,0.031580,,,,,,,,,,,,
99512,,,,,,,,,,,,,,,,,,,,,,,-0.224724,-0.016531,1.010038,5.320000,-14.490000,-10.990000
99515,,,,,,,,,,,,,11.217796,11.502438,0.032614,0.044597,,,,,,,,,,,,
99517,,,,,,,,,,,,,,,,,,,,,,,-0.178425,-0.036661,1.022665,5.320000,-15.470000,-6.510000
99518,,,,,,,,,,,,,,,,,,,,1.083583,0.019763,1.559825,,,,,,
99524,,,,,,,,,,,,,,,,,,,,,,,-0.178425,-0.036661,1.022665,2.590000,-3.080000,-3.710000
99525,,,,,,,,,,,,,11.079007,10.771719,0.034007,0.051930,,,,,,,,,,,,
99537,,,,,,,,,,,,,9.768222,10.402364,0.047161,0.055636,,,,,,,,,,,,
99528,,,,,,,,,,,,,,,,,,,,1.083591,0.021068,1.563440,,,,,,
99539,,,,,,,,,,,,,,,,,,,,1.083530,0.022253,1.563440,,,,,,
99543,,,,,,,,,,,,,,,,,,,,,,,-0.221369,0.021350,0.978440,-2.800000,16.379999,7.420000
99545,,,,,,,,,,,,,9.640393,9.463254,0.048443,0.065060,,,,,,,,,,,,
99548,,,,,,,,,,,,,,,,,,,,,,,-0.221369,0.021350,0.978440,-3.850000,4.970000,10.150000
99549,,,,,,,,,,,,,,,,,,,,1.083425,0.023268,1.563361,,,,,,
99555,,,,0.999923,-0.012379,1.558417,0.159769,0.159769,,,,,,,,,,,,,,,,,,,,
99557,,,,,,,,,,,7.719928,8.654266,9.005658,9.303730,0.017911,0.028066,-0.036417,0.083251,-0.005008,,,,,,,,,
99558,,,,,,,,,,,,,,,,,,,,,,,-0.218502,-0.030500,1.010892,-7.070000,-9.660000,8.750000
99559,,,,,,,,,,,,,,,,,,,,1.083297,0.024289,1.563527,,,,,,
99565,,,,,,,,,,,,,8.283549,8.534348,0.025195,0.035827,,,,,,,-0.218502,-0.030500,1.010892,2.030000,-26.389999,4.900000
99567,,,,,,,,,,,,,,,,,,,,1.083376,0.025127,1.571042,,,,,,
99574,,,,,,,,,,,,,,,,,,,,,,,-0.150975,0.019154,1.018151,-0.700000,-23.240000,8.540000
99575,,,,,,,,,,,,,8.066210,7.729015,0.027387,0.043950,,,,,,,,,,,,
99577,,,,,,,,,,,,,,,,,,,,1.083394,0.025596,1.563441,,,,,,
99584,,,,,,,,,,,,,,,,,,,,,,,-0.150975,0.019154,1.018151,-10.570000,-4.830000,2.520000
99585,,,,,,,,,,,,,7.334463,7.050747,0.034768,0.050792,,,,,,,,,,,,
99597,,,,,,,,,,,,,6.171216,6.844096,0.046501,0.052876,,,,,,,,,,,,
99587,,,,,,,,,,,,,,,,,,,,1.083363,0.026148,1.563623,,,,,,
99598,,,,,,,,,,,,,,,,,,,,1.083383,0.026793,1.563726,,,,,,
99603,,,,,,,,,,,,,,,,,,,,,,,-0.207644,-0.029036,0.966911,-6.930000,23.450001,12.040000
99605,,,,0.999974,-0.007277,1.563520,0.119919,0.119919,,,,,,,,,,,,,,,,,,,,
99607,,,,,,,,,,,5.444629,6.183777,6.263763,6.829924,0.013541,0.018238,-0.034778,0.083190,-0.000734,,,,,,,,,
99608,,,,,,,,,,,,,,,,,,,,1.083095,0.027867,1.574158,,,,,,
99612,,,,,,,,,,,,,,,,,,,,,,,-0.207644,-0.029036,1.042856,-4.200000,-5.390000,12.810000
99615,,,,,,,,,,,,,5.979093,5.746697,0.016404,0.029130,,,,,,,,,,,,
99617,,,,,,,,,,,,,,,,,,,,,,,-0.177449,-0.027694,1.042856,0.210000,-14.350000,8.960000
99618,,,,,,,,,,,,,,,,,,,,1.083140,0.028259,1.574245,,,,,,
99624,,,,,,,,,,,,,,,,,,,,,,,-0.177449,-0.027694,1.042856,1.610000,-27.160000,7.420000
99625,,,,,,,,,,,,,5.030808,4.835270,0.025940,0.038295,,,,,,,,,,,,
99629,,,,,,,,,,,,,,,,,,,,1.083239,0.028463,1.574398,,,,,,
99634,,,,,,,,,,,,,,,,,,,,,,,-0.118218,0.019764,1.016870,-2.660000,-23.660000,6.370000
99635,,,,,,,,,,,,,4.232921,4.615565,0.033963,0.040505,,,,,,,,,,,,
99639,,,,,,,,,,,,,,,,,,,,1.083198,0.028646,1.574463,,,,,,
99644,,,,,,,,,,,,,,,,,,,,,,,-0.118218,0.019764,1.016870,-0.700000,11.130000,14.560000
99645,,,,,,,,,,,,,3.561579,4.433024,0.040714,0.042340,,,,,,,,,,,,
99659,,,,0.999993,-0.003784,1.567013,0.085059,0.085059,,,,,,,,,,,,,,,,,,,,
99661,,,,,,,,,,,3.546779,4.029720,,,,,-0.032269,0.083336,-0.007310,,,,,,,,,
99662,,,,,,,,,,,,,2.996712,3.729946,0.019708,0.019128,,,,,,,,,,,,
99660,,,,,,,,,,,,,,,,,,,,1.083032,0.029305,1.582127,,,,,,
99667,,,,,,,,,,,,,,,,,,,,1.083178,0.029597,1.585942,-0.249612,-0.014823,1.049627,1.120000,-2.030000,9.520000
99672,,,,,,,,,,,,,,,,,,,,,,,-0.124867,-0.036356,1.049627,-1.400000,-5.670000,5.810000
99675,,,,,,,,,,,,,2.521433,3.138376,0.024478,0.025065,,,,,,,,,,,,
99677,,,,,,,,,,,,,,,,,,,,,,,-0.124867,-0.036356,1.049627,-1.610000,-5.600000,1.960000
99678,,,,,,,,,,,,,,,,,,,,1.083334,0.029847,1.585668,,,,,,
99684,,,,,,,,,,,,,,,,,,,,,,,-0.124867,-0.036356,1.049627,-0.350000,-3.360000,-5.810000
99685,,,,,,,,,,,,,2.121534,2.640629,0.028492,0.030061,,,,,,,,,,,,
99688,,,,,,,,,,,,,,,,,,,,1.083152,0.029533,1.585942,,,,,,
99694,,,,,,,,,,,,,,,,,,,,,,,-0.167201,0.005551,1.002901,1.680000,-7.630000,-7.560000
99695,,,,,,,,,,,,,1.785058,2.221825,0.031869,0.034264,,,,,,,,,,,,
99698,,,,,,,,,,,,,,,,,,,,1.083092,0.029240,1.586017,,,,,,
99704,,,,,,,,,,,,,,,,,,,,,,,-0.167201,0.005551,1.015772,1.120000,-14.000000,-5.250000
99706,,,,0.999999,-0.001621,1.569175,0.055590,0.055590,,,,,,,,,,,,,,,,,,,,
99708,,,,,,,,,,,1.957242,2.235675,1.501948,1.869443,0.012402,0.012622,-0.029743,0.083545,-0.016220,1.083080,0.029035,1.582199,,,,,,
99719,,,,,,,,,,,,,1.263739,1.572949,0.014795,0.015600,,,,1.083077,0.028834,1.582263,,,,,,
99724,,,,,,,,,,,,,,,,,,,,,,,-0.096319,-0.010187,1.015772,0.280000,-25.129999,1.120000
99725,,,,,,,,,,,,,1.063309,1.323479,0.016809,0.018106,,,,,,,,,,,,
99729,,,,,,,,,,,,,,,,,,,,1.083141,0.028510,1.582319,-0.089609,-0.010187,1.015772,0.490000,-26.950001,0.700000
99735,,,,,,,,,,,,,0.894668,1.113575,0.018503,0.020214,,,,,,,-0.089609,-0.010187,1.015772,0.560000,-27.230000,0.280000
99737,,,,,,,,,,,,,,,,,,,,1.083138,0.028218,1.582368,,,,,,
99744,,,,,,,,,,,,,,,,,,,,,,,-0.097417,-0.010248,1.016687,0.490000,-28.840000,-0.490000
99745,,,,,,,,,,,,,0.752774,0.936962,0.019928,0.021989,,,,,,,,,,,,
99757,,,,,,,,,,,,,0.633384,0.788360,0.021127,0.023481,,,,1.083185,0.027336,1.578548,,,,,,
99760,,,,1.000000,-0.000488,1.570309,0.031924,0.031924,,,,,,,,,,,,,,,,,,,,
99761,,,,,,,,,,,0.648601,0.817291,,,,,-0.027853,0.083473,-0.012441,,,,,,,,,
99765,,,,,,,,,,,,,0.532929,0.663326,0.003760,0.004820,,,,,,,,,,,,
99767,,,,,,,,,,,,,,,,,,,,,,,-0.080398,-0.013359,1.019005,0.700000,-36.680000,0.280000
99768,,,,,,,,,,,,,,,,,,,,1.083217,0.026939,1.578575,,,,,,
99772,,,,,,,,,,,,,,,,,,,,,,,-0.080398,-0.013359,1.019005,0.770000,-38.150002,-0.140000
99775,,,,,,,,,,,,,0.448406,0.558122,0.004611,0.005880,,,,,,,,,,,,
99777,,,,,,,,,,,,,,,,,,,,,,,-0.080398,-0.013359,1.019005,0.700000,-39.340000,-0.630000
99778,,,,,,,,,,,,,,,,,,,,1.083268,0.026541,1.578605,,,,,,
99784,,,,,,,,,,,,,,,,,,,,,,,-0.072224,-0.009760,1.017663,0.770000,-41.930000,-0.420000
99785,,,,,,,,,,,,,0.377289,0.469604,0.005327,0.006771,,,,,,,,,,,,
99789,,,,,,,,,,,,,,,,,,,,1.083353,0.026186,1.578605,,,,,,
99794,,,,,,,,,,,,,,,,,,,,,,,-0.072224,-0.009760,1.017663,0.840000,-45.220001,-0.140000
99795,,,,,,,,,,,,,0.317451,0.395125,0.005930,0.007522,,,,,,,,,,,,
99799,,,,,,,,,,,,,,,,,,,,1.083486,0.025891,1.574703,,,,,,
99805,,,,1.000000,-0.000062,1.570734,0.014482,0.014482,,,,,,,,,,,,,,,,,,,,
99807,,,,,,,,,,,-0.285586,-0.200615,0.267103,0.332458,-0.006725,-0.006187,-0.025796,0.083577,-0.004708,,,,,,,,,
99808,,,,,,,,,,,,,,,,,,,,,,,-0.056730,-0.010858,1.018456,0.980000,-48.439999,-0.140000
99820,,,,,,,,,,,,,0.224741,0.279730,-0.006297,-0.005654,,,,,,,,,,,,
99817,,,,,,,,,,,,,,,,,,,,1.083266,0.024372,1.574520,,,,,,
99824,,,,,,,,,,,,,,,,,,,,,,,-0.038735,-0.010980,1.022299,0.560000,-41.930000,0.490000
99825,,,,,,,,,,,,,0.189097,0.235365,-0.005937,-0.005206,,,,,,,,,,,,
99827,,,,,,,,,,,,,,,,,,,,1.083332,0.023845,1.574398,,,,,,
99830,,,,,,,,,,,,,,,,,,,,,,,-0.038735,-0.010980,1.022299,0.700000,-6.090000,-0.210000
99835,,,,,,,,,,,,,0.159106,0.198036,-0.005634,-0.004829,,,,,,,-0.038735,-0.010980,1.022299,0.980000,8.120000,-1.680000
99837,,,,,,,,,,,,,,,,,,,,1.083426,0.023684,1.574397,,,,,,
99844,,,,,,,,,,,,,,,,,,,,,,,0.044957,-0.010614,0.989664,-0.140000,17.290001,-4.620000
99845,,,,,,,,,,,,,0.133872,0.166627,-0.005379,-0.004512,,,,,,,,,,,,
99847,,,,,,,,,,,,,,,,,,,,1.083387,0.023773,1.574463,,,,,,
99855,,,,1.000000,-0.000000,1.570796,0.003695,0.003695,,,,,,,,,,,,,,,,,,,,
99857,,,,,,,,,,,-0.820519,-0.798585,0.112640,0.140200,-0.012716,-0.012685,-0.023666,0.083482,-0.003776,,,,,,,,,
99858,,,,,,,,,,,,,,,,,,,,1.083362,0.023830,1.574463,0.044957,-0.010614,1.049200,0.070000,4.480000,-7.420000
99865,,,,,,,,,,,,,0.094775,0.117965,-0.012535,-0.012460,,,,,,,0.038247,-0.012139,1.049200,0.210000,-4.830000,-5.320000
99878,,,,,,,,,,,,,0.079744,0.099255,-0.012383,-0.012271,,,,,,,,,,,,
99868,,,,,,,,,,,,,,,,,,,,1.083370,0.023829,1.570551,,,,,,
99879,,,,,,,,,,,,,,,,,,,,1.083367,0.023851,1.570551,,,,,,
99883,,,,,,,,,,,,,,,,,,,,,,,-0.004514,-0.008479,1.014735,-0.070000,3.920000,-4.060000
99885,,,,,,,,,,,,,0.067096,0.083513,-0.012255,-0.012112,,,,,,,,,,,,
99888,,,,,,,,,,,,,,,,,,,,,,,-0.004514,-0.008479,1.014735,0.000000,5.460000,-3.360000
99887,,,,,,,,,,,,,,,,,,,,1.083340,0.023947,1.570892,,,,,,
99894,,,,,,,,,,,,,,,,,,,,,,,-0.027572,-0.009699,1.014308,0.000000,5.390000,-0.210000
99895,,,,,,,,,,,,,0.056455,0.070268,-0.012148,-0.011978,,,,,,,,,,,,
99897,,,,,,,,,,,,,,,,,,,,1.083332,0.024050,1.570892,,,,,,
99904,,,,,,,,,,,,,,,,,,,,,,,-0.027572,-0.009699,1.014308,-0.070000,4.900000,3.640000
99906,,,,1.000000,-0.000000,1.570796,0.003695,0.003695,,,,,,,,,,,,,,,,,,,,
99908,,,,,,,,,,,-0.835926,-0.813053,,,,,-0.024014,0.083347,-0.000416,,,,,,,,,
99909,,,,,,,,,,,,,0.047501,0.059124,-0.012281,-0.012076,,,,,,,,,,,,
