ts,x,y,yaw,x_des,y_des,yaw_des,v_ff,w_ff,v_actual,w_actual,omega_l_cmd,omega_r_cmd,omega_l_meas,omega_r_meas,duty_l,duty_r,x_err,y_err,yaw_err,x_raw,y_raw,yaw_raw,acc_x,acc_y,acc_z,gyro_x,gyro_y,gyro_z
107066,,,,,,,,,,,,,,,,,,,,,,,-0.025071,-0.014701,1.015284,-0.070000,-0.980000,-0.140000
107067,,,,,,,,,,,,,0.024499,0.031035,-0.014831,-0.014615,,,,,,,,,,,,
107078,,,,,,,,,,,,,0.020614,0.026113,-0.014792,-0.014566,,,,,,,,,,,,
107068,,,,,,,,,,,,,,,,,,,,1.088139,0.029687,1.586254,,,,,,
107079,,,,,,,,,,,,,,,,,,,,1.088167,0.029630,1.582367,,,,,,
107084,,,,,,,,,,,,,,,,,,,,,,,-0.027633,-0.007137,1.019310,0.280000,-0.770000,-0.070000
107086,,,,1.000000,-0.000000,1.570796,0.003695,0.003695,,,,,,,,,,,,,,,,,,,,
107088,,,,,,,,,,,-1.038317,-1.018320,,,,,-0.028602,0.088509,-0.011579,,,,,,,,,
108627,,,,,,,,,,,,,,,,,,,,,,,-0.018849,-0.009882,1.021201,0.070000,-0.490000,-0.140000
108628,,,,,,,,,,,,,0.000000,0.000000,0.000000,0.000000,,,,,,,,,,,,
108631,,,,1.000000,0.000062,1.570858,0.000000,0.000000,,,,,,,,,,,,,,,,,,,,
108633,,,,,,,,,,,-1.256022,-1.256022,,,,,-0.028641,0.088507,-0.011512,1.088122,0.029710,1.586254,,,,,,
108638,,,,,,,,,,,,,0.000000,0.000000,-0.017702,-0.017702,,,,,,,-0.019337,-0.010492,1.021567,2.100000,1.190000,-0.280000
108637,,,,,,,,,,,,,,,,,,,,1.088225,0.029695,1.582408,,,,,,
108647,,,,,,,,,,,,,,,,,,,,,,,-0.019337,-0.010492,1.021567,2.030000,-0.420000,0.070000
108648,,,,,,,,,,,,,0.000000,0.000000,-0.017702,-0.017702,,,,1.088217,0.029696,1.582408,,,,,,
108659,,,,,,,,,,,,,0.000000,0.000000,-0.017702,-0.017702,,,,,,,,,,,,
108658,,,,,,,,,,,,,,,,,,,,1.088173,0.029733,1.582408,,,,,,
108664,,,,,,,,,,,,,,,,,,,,,,,-0.018666,-0.009760,1.022299,-2.800000,-1.750000,-0.420000
108668,,,,,,,,,,,,,0.000000,0.000000,-0.017702,-0.017702,,,,1.088157,0.029736,1.586254,,,,,,
108670,,,,,,,,,,,,,,,,,,,,,,,-0.018666,-0.009760,1.022299,-1.890000,-0.490000,-0.490000
108677,,,,1.000000,0.000488,1.571284,0.003695,0.003695,,,,,,,,,,,,,,,,,,,,
108678,,,,,,,,,,,-1.007785,-0.988642,,,,,,,,1.088166,0.029736,1.586254,,,,,,
108679,,,,,,,,,,,,,0.000000,0.000000,-0.014196,-0.013926,-0.027909,0.088591,-0.014647,,,,,,,,,
108681,,,,,,,,,,,,,,,,,,,,,,,-0.018178,-0.010553,1.022604,2.170000,1.120000,-0.280000
108687,,,,,,,,,,,,,,,,,,,,,,,-0.018178,-0.010553,1.022604,1.890000,-0.560000,0.070000
108688,,,,,,,,,,,,,0.000000,0.000000,-0.014196,-0.013926,,,,1.088164,0.029742,1.582408,,,,,,
108697,,,,,,,,,,,,,,,,,,,,,,,-0.019581,-0.009821,1.022238,-2.100000,-2.240000,-0.140000
108698,,,,,,,,,,,,,0.000000,0.000000,-0.014196,-0.013926,,,,,,,,,,,,
108699,,,,,,,,,,,,,,,,,,,,1.088215,0.029701,1.582408,,,,,,
108707,,,,,,,,,,,,,,,,,,,,,,,-0.019581,-0.009821,1.022238,-1.750000,-0.350000,-0.420000
108708,,,,,,,,,,,,,0.000000,0.000000,-0.014196,-0.013926,,,,,,,,,,,,
108706,,,,,,,,,,,,,,,,,,,,1.088135,0.029715,1.582366,,,,,,
108718,,,,,,,,,,,,,0.000000,0.000000,-0.014196,-0.013926,,,,,,,,,,,,
108719,,,,,,,,,,,,,,,,,,,,1.088156,0.029727,1.582367,,,,,,
108722,,,,,,,,,,,,,,,,,,,,,,,-0.019337,-0.010492,1.022238,2.660000,0.140000,-0.070000
108727,,,,0.999999,0.001621,1.572417,0.014482,0.014482,,,,,,,,,,,,,,,,,,,,
108729,,,,,,,,,,,-0.340634,-0.260753,0.000000,0.000000,-0.004800,-0.003674,-0.027059,0.088484,-0.010249,,,,,,,,,
108726,,,,,,,,,,,,,,,,,,,,1.088156,0.029729,1.582409,,,,,,
108732,,,,,,,,,,,,,,,,,,,,,,,-0.019337,-0.010492,1.019005,1.260000,-0.980000,0.000000
108737,,,,,,,,,,,,,,,,,,,,1.088216,0.029704,1.582408,-0.020008,-0.010858,1.019005,-2.310000,-2.100000,-0.210000
108738,,,,,,,,,,,,,0.000000,0.000000,-0.004800,-0.003674,,,,,,,,,,,,
108747,,,,,,,,,,,,,,,,,,,,1.088181,0.029726,1.582367,-0.020008,-0.009211,1.022360,-0.980000,0.140000,-0.560000
108748,,,,,,,,,,,,,0.000000,0.000000,-0.004800,-0.003674,,,,,,,,,,,,
108757,,,,,,,,,,,,,,,,,,,,,,,-0.020984,-0.009211,1.022360,2.590000,1.050000,-0.280000
108758,,,,,,,,,,,,,0.000000,0.000000,-0.004800,-0.003674,,,,,,,,,,,,
108756,,,,,,,,,,,,,,,,,,,,1.088162,0.029726,1.582408,,,,,,
108767,,,,,,,,,,,,,,,,,,,,,,,-0.019703,-0.012322,1.021994,1.190000,-1.050000,0.070000
108768,,,,,,,,,,,,,0.000000,0.000000,-0.004800,-0.003674,,,,,,,,,,,,
108780,,,,0.999993,0.003784,1.574580,0.031924,0.031924,,,,,,,,,,,,,,,,,,,,
108782,,,,,,,,,,,0.769568,0.951584,,,,,-0.024914,0.088465,-0.007850,,,,,,,,,
108777,,,,,,,,,,,,,,,,,,,,1.088179,0.029684,1.582408,,,,,,
108783,,,,,,,,,,,,,0.000000,0.000000,0.010843,0.013408,,,,,,,,,,,,
108787,,,,,,,,,,,,,,,,,,,,1.088170,0.029717,1.582367,-0.019703,-0.009516,1.022665,-0.840000,0.280000,-0.420000
108788,,,,,,,,,,,,,0.000000,0.000000,0.010843,0.013408,,,,,,,,,,,,
108792,,,,,,,,,,,,,,,,,,,,,,,-0.019093,-0.009516,1.022665,1.120000,0.770000,-0.210000
108797,,,,,,,,,,,,,,,,,,,,,,,-0.019093,-0.009516,1.022665,1.750000,-0.490000,-0.210000
108798,,,,,,,,,,,,,0.000000,0.000000,0.010843,0.013408,,,,1.088215,0.029699,1.582408,,,,,,
108807,,,,,,,,,,,,,,,,,,,,,,,-0.019520,-0.009150,1.023946,0.140000,-0.630000,-0.210000
108808,,,,,,,,,,,,,0.000000,0.000000,0.010843,0.013408,,,,,,,,,,,,
108809,,,,,,,,,,,,,,,,,,,,1.088169,0.029729,1.582408,,,,,,
108817,,,,,,,,,,,,,,,,,,,,,,,-0.019520,-0.009150,1.023946,0.070000,-0.560000,-0.280000
108818,,,,,,,,,,,,,0.000000,0.000000,0.010843,0.013408,,,,,,,,,,,,
108819,,,,,,,,,,,,,,,,,,,,1.088218,0.029697,1.582408,,,,,,
108826,,,,0.999974,0.007277,1.578073,0.055590,0.055590,,,,,,,,,,,,,,,,,,,,
108828,,,,,,,,,,,2.297283,2.629201,,,,,-0.021396,0.088494,-0.004337,,,,,,,,,
108829,,,,,,,,,,,,,0.000000,0.000000,0.032368,0.037045,,,,1.088179,0.029726,1.582408,,,,,,
108839,,,,,,,,,,,,,0.000000,0.000000,0.032368,0.037045,,,,,,,,,,,,
108840,,,,,,,,,,,,,,,,,,,,1.088172,0.029690,1.582408,-0.019093,-0.009821,1.021079,0.000000,-0.420000,-0.280000
108845,,,,,,,,,,,,,,,,,,,,,,,-0.019581,-0.010187,1.022726,0.070000,-0.630000,-0.350000
108848,,,,,,,,,,,,,0.000000,0.000000,0.032368,0.037045,,,,1.088164,0.029725,1.582408,,,,,,
108851,,,,,,,,,,,,,,,,,,,,,,,-0.019581,-0.010187,1.022726,0.210000,-0.630000,-0.210000
108857,,,,,,,,,,,,,,,,,,,,,,,-0.019581,-0.010187,1.022726,0.140000,-0.560000,-0.140000
108858,,,,,,,,,,,,,0.000000,0.000000,0.032368,0.037045,,,,,,,,,,,,
108859,,,,,,,,,,,,,,,,,,,,1.088218,0.029703,1.582408,,,,,,
108867,,,,,,,,,,,,,,,,,,,,,,,-0.019459,-0.009089,1.020896,0.000000,-0.420000,-0.280000
108868,,,,,,,,,,,,,0.000000,0.000000,0.032368,0.037045,,,,,,,,,,,,
108866,,,,,,,,,,,,,,,,,,,,1.088179,0.029689,1.582408,,,,,,
108879,,,,,,,,,,,,,0.000000,0.000000,0.032368,0.037045,,,,1.088123,0.029714,1.586254,,,,,,
108881,,,,0.999923,0.012379,1.583176,0.085059,0.085059,,,,,,,,,,,,,,,,,,,,
108883,,,,,,,,,,,4.221216,4.761714,,,,,-0.016285,0.088454,0.000768,,,,,,,,,
108888,,,,,,,,,,,,,0.000000,0.000000,0.059482,0.067098,,,,,,,-0.020252,-0.009699,1.017358,0.140000,-0.560000,-0.210000
108887,,,,,,,,,,,,,,,,,,,,1.088113,0.029709,1.586254,,,,,,
108893,,,,,,,,,,,,,,,,,,,,,,,-0.020252,-0.009699,1.017358,0.070000,-0.490000,-0.280000
108898,,,,,,,,,,,,,,,,,,,,,,,-0.019886,-0.009211,1.023275,0.000000,-0.420000,-0.210000
108899,,,,,,,,,,,,,0.000000,0.521343,0.059482,0.061837,,,,,,,,,,,,
108897,,,,,,,,,,,,,,,,,,,,1.088208,0.029703,1.582408,,,,,,
108907,,,,,,,,,,,,,,,,,,,,1.088164,0.029730,1.582367,-0.019886,-0.009211,1.023275,0.140000,-0.420000,-0.140000
108908,,,,,,,,,,,,,0.000000,0.438658,0.059482,0.062672,,,,,,,,,,,,
108917,,,,,,,,,,,,,,,,,,,,,,,-0.013481,-0.008967,1.024983,-1.540000,-2.170000,0.910000
108918,,,,,,,,,,,,,0.000000,0.369087,0.059482,0.063374,,,,1.088150,0.029746,1.586254,,,,,,
108927,,,,0.999813,0.019351,1.590148,0.119919,0.119919,,,,,,,,,,,,,,,,,,,,
108929,,,,,,,,,,,6.548413,7.338555,0.000000,0.310550,0.092132,0.100122,-0.009038,0.088489,0.003913,,,,,,,,,
108940,,,,,,,,,,,,,0.000000,0.770025,0.092132,0.095495,,,,,,,,,,,,
108941,,,,,,,,,,,,,,,,,,,,,,,-0.013481,-0.008967,1.024983,-0.140000,-1.260000,6.370000
108939,,,,,,,,,,,,,,,,,,,,1.088093,0.029750,1.586254,,,,,,
108946,,,,,,,,,,,,,,,,,,,,,,,-0.009272,-0.011285,1.020591,0.070000,-5.250000,7.980000
108948,,,,,,,,,,,,,0.690694,0.647899,0.085177,0.096725,,,,,,,,,,,,
108949,,,,,,,,,,,,,,,,,,,,1.088162,0.029762,1.586254,,,,,,
108952,,,,,,,,,,,,,,,,,,,,,,,-0.009272,-0.011285,1.020591,-1.750000,-10.150000,14.630000
108957,,,,,,,,,,,,,,,,,,,,,,,0.063501,-0.008662,1.037427,-1.820000,-16.100000,5.600000
108958,,,,,,,,,,,,,0.581150,1.093745,0.086280,0.092235,,,,,,,,,,,,
108959,,,,,,,,,,,,,,,,,,,,1.088107,0.029827,1.590134,,,,,,
108967,,,,,,,,,,,,,,,,,,,,1.088093,0.030012,1.590085,0.063501,-0.008662,1.037427,0.070000,2.100000,3.570000
108968,,,,,,,,,,,,,1.037417,0.920277,0.081686,0.093982,,,,,,,,,,,,
108977,,,,0.999596,0.028429,1.599229,0.159769,0.159769,,,,,,,,,,,,1.088061,0.030575,1.593960,,,,,,
108979,,,,,,,,,,,9.224566,10.342648,1.353206,1.254645,0.116387,0.133146,0.000042,0.088516,0.009563,,,,,,,,,
108981,,,,,,,,,,,,,,,,,,,,,,,0.107421,-0.009089,1.009672,0.700000,5.460000,1.540000
108987,,,,,,,,,,,,,,,,,,,,1.088050,0.031014,1.593961,0.107421,-0.009089,1.009672,-1.820000,-2.030000,-6.230000
108988,,,,,,,,,,,,,1.773179,1.690250,0.112146,0.128747,,,,,,,,,,,,
108998,,,,,,,,,,,,,2.031051,1.961274,0.109542,0.126010,,,,1.088013,0.031460,1.590032,,,,,,
109004,,,,,,,,,,,,,,,,,,,,,,,0.094794,-0.010980,1.036329,-1.330000,-0.210000,8.400000
109008,,,,,,,,,,,,,2.265946,2.764257,0.107170,0.117901,,,,1.088031,0.032150,1.590087,,,,,,
109009,,,,,,,,,,,,,,,,,,,,,,,0.094794,-0.010980,1.036329,0.070000,3.570000,10.150000
109017,,,,,,,,,,,,,,,,,,,,,,,0.104554,-0.008357,1.014003,3.150000,-10.920000,10.500000
109018,,,,,,,,,,,,,3.006210,3.425488,0.099694,0.111224,,,,,,,,,,,,
109019,,,,,,,,,,,,,,,,,,,,1.087950,0.032899,1.590134,,,,,,
109027,,,,0.999206,0.039833,1.610640,0.204215,0.204215,,,,,,,,,,,,,,,,,,,,
109029,,,,,,,,,,,12.093456,13.676668,3.484010,3.836791,0.135241,0.153988,0.008694,0.088598,0.020200,1.087860,0.034034,1.597826,,,,,,
109031,,,,,,,,,,,,,,,,,,,,,,,0.104554,-0.008357,1.014003,0.490000,4.550000,6.440000
109037,,,,,,,,,,,,,,,,,,,,,,,0.088755,-0.005856,1.015101,-3.150000,-1.890000,10.640000
109038,,,,,,,,,,,,,4.217717,4.514547,0.127838,0.147150,,,,,,,,,,,,
109036,,,,,,,,,,,,,,,,,,,,1.087864,0.035080,1.597873,,,,,,
109047,,,,,,,,,,,,,,,,,,,,,,,0.088755,-0.005856,1.015101,-0.210000,-13.580000,7.420000
109048,,,,,,,,,,,,,4.645440,5.443519,0.123522,0.137777,,,,,,,,,,,,
109058,,,,,,,,,,,,,4.954363,6.148712,0.120405,0.130662,,,,,,,,,,,,
109057,,,,,,,,,,,,,,,,,,,,1.087710,0.037507,1.601732,,,,,,
109064,,,,,,,,,,,,,,,,,,,,,,,0.123952,-0.007381,1.063474,-1.190000,-6.650000,10.920000
109068,,,,,,,,,,,,,5.896395,6.325388,0.110900,0.128879,,,,,,,,,,,,
109069,,,,,,,,,,,,,,,,,,,,,,,0.109983,-0.005429,1.001864,-2.590000,5.390000,12.530000
109067,,,,,,,,,,,,,,,,,,,,1.087644,0.038821,1.605534,,,,,,
109077,,,,0.998554,0.053758,1.624580,0.252871,0.252871,,,,,,,,,,,,,,,,,,,,
109079,,,,,,,,,,,15.300698,17.251627,6.399153,7.239418,0.150991,0.169997,0.018022,0.088548,0.019960,,,,,,,,,
109078,,,,,,,,,,,,,,,,,,,,1.087566,0.040547,1.605657,,,,,,
109082,,,,,,,,,,,,,,,,,,,,,,,0.109983,-0.005429,1.001864,-0.210000,-0.350000,13.090000
109087,,,,,,,,,,,,,,,,,,,,,,,0.086193,-0.005429,1.028521,-1.540000,-3.920000,18.059999
109088,,,,,,,,,,,,,7.300078,8.007076,0.141903,0.162254,,,,1.087434,0.042208,1.609426,,,,,,
109098,,,,,,,,,,,,,7.700497,8.814769,0.137864,0.154107,,,,,,,,,,,,
109099,,,,,,,,,,,,,,,,,,,,1.087286,0.043895,1.609466,,,,,,
109104,,,,,,,,,,,,,,,,,,,,,,,0.086193,-0.005429,1.028521,0.560000,-13.860000,23.520000
109108,,,,,,,,,,,,,8.218952,9.736418,0.132635,0.144811,,,,,,,,,,,,
109109,,,,,,,,,,,,,,,,,,,,1.087173,0.045473,1.613100,0.143472,-0.007564,1.068537,1.260000,-9.520000,23.450001
109117,,,,,,,,,,,,,,,,,,,,,,,0.143472,-0.007564,1.068537,0.420000,-2.450000,17.080000
109118,,,,,,,,,,,,,9.107628,10.384423,0.123671,0.138274,,,,,,,,,,,,
109116,,,,,,,,,,,,,,,,,,,,1.086921,0.047382,1.613034,,,,,,
109127,,,,0.997520,0.070379,1.641234,0.305363,0.305363,,,,,,,,,,,,,,,,,,,,
109129,,,,,,,,,,,18.621902,21.137051,10.016615,11.561603,0.161049,0.180868,0.026841,0.088374,0.027856,,,,,,,,,
109132,,,,,,,,,,,,,,,,,,,,,,,0.124257,0.000488,0.976427,-0.910000,7.140000,20.790001
109130,,,,,,,,,,,,,,,,,,,,1.086880,0.049620,1.620684,,,,,,
109137,,,,,,,,,,,,,,,,,,,,1.086594,0.052204,1.620913,0.124257,0.000488,0.976427,-1.890000,8.260000,18.830000
109138,,,,,,,,,,,,,10.394548,12.350024,0.157247,0.172937,,,,,,,,,,,,
109147,,,,,,,,,,,,,,,,,,,,,,,0.130418,0.001464,1.005951,-1.680000,-6.090000,16.799999
109148,,,,,,,,,,,,,11.492583,13.137920,0.146202,0.165012,,,,,,,,,,,,
109159,,,,,,,,,,,,,12.220173,13.604559,0.138883,0.160318,,,,,,,,,,,,
109158,,,,,,,,,,,,,,,,,,,,1.086199,0.057355,1.632240,,,,,,
109164,,,,,,,,,,,,,,,,,,,,,,,0.153659,-0.008784,1.062986,-0.070000,-9.590000,21.980000
109168,,,,,,,,,,,,,12.645520,14.992077,0.134604,0.146361,,,,1.085760,0.059798,1.632244,,,,,,
109169,,,,,,,,,,,,,,,,,,,,,,,0.153659,-0.008784,1.062986,-1.120000,-5.250000,25.270000
109177,,,,0.995956,0.089847,1.660765,0.361324,0.361324,,,,,,,,,,,,,,,,,,,,
109179,,,,,,,,,,,22.217228,25.185268,13.489956,15.464348,0.176181,0.197994,0.035641,0.087820,0.028173,,,,,,,,,
109178,,,,,,,,,,,,,,,,,,,,1.085451,0.062604,1.635980,,,,,,
109181,,,,,,,,,,,,,,,,,,,,,,,0.153659,-0.008784,1.062986,-1.540000,-8.120000,18.480000
109187,,,,,,,,,,,,,,,,,,,,,,,0.094794,0.011285,1.032425,-1.960000,-3.570000,19.740000
109188,,,,,,,,,,,,,14.590233,16.251486,0.165173,0.190119,,,,,,,,,,,,
109189,,,,,,,,,,,,,,,,,,,,1.085173,0.065810,1.643564,,,,,,
109197,,,,,,,,,,,,,,,,,,,,,,,0.094794,0.011285,1.032425,1.610000,-12.250000,21.980000
109198,,,,,,,,,,,,,15.563201,16.960979,0.155439,0.183021,,,,,,,,,,,,
109199,,,,,,,,,,,,,,,,,,,,1.084951,0.069017,1.651042,,,,,,
109207,,,,,,,,,,,,,,,,,,,,,,,0.136762,-0.011712,1.049566,-4.690000,-12.670000,23.240000
109208,,,,,,,,,,,,,16.388483,18.113508,0.147183,0.171491,,,,,,,,,,,,
109206,,,,,,,,,,,,,,,,,,,,1.084673,0.072004,1.647259,,,,,,
109220,,,,,,,,,,,,,17.034460,18.949493,0.140720,0.163127,,,,,,,,,,,,
109217,,,,,,,,,,,,,,,,,,,,1.084295,0.075152,1.650884,,,,,,
109225,,,,,,,,,,,,,,,,,,,,,,,0.141215,0.008052,0.976488,-0.350000,7.630000,27.790001
109227,,,,0.993676,0.112286,1.683320,0.420396,0.420396,,,,,,,,,,,,1.083892,0.078667,1.654851,,,,,,
109229,,,,,,,,,,,25.918760,29.474865,17.750786,19.362095,0.185631,0.219369,0.044338,0.087390,0.032395,,,,,,,,,
109234,,,,,,,,,,,,,,,,,,,,,,,0.141215,0.008052,0.976488,-2.520000,16.590000,28.629999
109238,,,,,,,,,,,,,18.109947,20.735477,0.182027,0.205589,,,,,,,,,,,,
109240,,,,,,,,,,,,,,,,,,,,,,,0.100040,0.011651,0.996496,-0.140000,17.709999,32.759998
109237,,,,,,,,,,,,,,,,,,,,1.083365,0.082570,1.658720,,,,,,
109247,,,,,,,,,,,,,,,,,,,,,,,0.100040,0.011651,0.996496,8.050000,-9.940000,36.750000
109248,,,,,,,,,,,,,19.120565,21.329687,0.171887,0.199626,,,,1.082993,0.086488,1.666258,,,,,,
109257,,,,,,,,,,,,,,,,,,,,,,,0.146888,-0.010370,1.116849,5.460000,-23.660000,39.830002
109258,,,,,,,,,,,,,19.920155,22.873798,0.163864,0.184133,,,,1.082647,0.090056,1.669888,,,,,,
109267,,,,,,,,,,,,,,,,,,,,,,,0.146888,-0.010370,1.116849,-6.370000,-10.430000,38.990002
109268,,,,,,,,,,,,,20.606459,23.641033,0.156978,0.176435,,,,,,,,,,,,
109278,,,,,,,,,,,,,21.526663,24.079954,0.147744,0.172031,,,,,,,,,,,,
109280,,,,0.990461,0.137792,1.709028,0.482232,0.482232,,,,,,,,,,,,,,,,,,,,
109282,,,,,,,,,,,29.887981,34.140064,,,,,0.056368,0.087010,0.038630,,,,,,,,,
109279,,,,,,,,,,,,,,,,,,,,1.081438,0.098353,1.688359,,,,,,
109288,,,,,,,,,,,,,,,0.200046,0.227426,,,,,,,0.137311,0.049227,0.960384,4.130000,7.000000,37.169998
109289,,,,,,,,,,,,,21.851425,25.068020,,,,,,1.080800,0.102655,1.692047,,,,,,
109294,,,,,,,,,,,,,,,,,,,,,,,0.137311,-0.001586,1.058716,-0.140000,3.430000,35.840000
109298,,,,,,,,,,,,,22.504427,25.799246,0.193505,0.220102,,,,,,,,,,,,
109299,,,,,,,,,,,,,,,,,,,,,,,0.067832,-0.001586,1.058716,1.050000,-2.730000,37.520000
109297,,,,,,,,,,,,,,,,,,,,1.080180,0.106976,1.695867,,,,,,
109307,,,,,,,,,,,,,,,,,,,,1.079479,0.111336,1.703237,0.067832,-0.001586,1.058716,1.260000,-17.639999,37.869999
109308,,,,,,,,,,,,,23.328915,26.650385,0.185247,0.211577,,,,,,,,,,,,
109317,,,,,,,,,,,,,,,,,,,,1.078792,0.115850,1.714119,0.140727,0.033489,1.051335,-2.450000,-7.630000,42.700001
109318,,,,,,,,,,,,,24.016441,27.908001,0.178361,0.198980,,,,,,,,,,,,
109327,,,,0.986053,0.166429,1.738004,0.546492,0.546492,,,,,,,,,,,,,,,,,,,,
109329,,,,,,,,,,,34.167465,38.439449,24.931087,28.677811,0.228188,0.250480,0.063652,0.084651,0.024352,,,,,,,,,
109340,,,,,,,,,,,,,26.014416,29.670649,0.217454,0.240643,,,,,,,,,,,,
109341,,,,,,,,,,,,,,,,,,,,,,,0.140727,0.033489,1.051335,-3.990000,-6.440000,41.369999
109338,,,,,,,,,,,,,,,,,,,,1.077064,0.125350,1.728563,,,,,,
109347,,,,,,,,,,,,,,,,,,,,,,,0.142740,0.027938,0.967277,2.030000,16.240000,40.529999
109348,,,,,,,,,,,,,26.960785,30.037138,0.208077,0.237011,,,,,,,,,,,,
109349,,,,,,,,,,,,,,,,,,,,1.076050,0.130401,1.728839,,,,,,
109352,,,,,,,,,,,,,,,,,,,,,,,0.185257,0.035441,0.974048,-7.000000,16.520000,38.639999
109357,,,,,,,,,,,,,,,,,,,,,,,0.185257,0.035441,0.974048,-2.660000,12.600000,39.340000
109358,,,,,,,,,,,,,27.634193,31.322502,0.201404,0.224276,,,,,,,,,,,,
109359,,,,,,,,,,,,,,,,,,,,1.075096,0.135744,1.739525,,,,,,
109367,,,,,,,,,,,,,,,,,,,,,,,0.185257,0.035441,0.974048,-7.910000,15.330000,38.849998
109368,,,,,,,,,,,,,28.703381,32.351921,0.190810,0.214076,,,,,,,,,,,,
109366,,,,,,,,,,,,,,,,,,,,1.073822,0.141146,1.746898,,,,,,
109380,,,,0.980157,0.198224,1.770342,0.612846,0.612846,,,,,,,,,,,,,,,,,,,,
109382,,,,,,,,,,,38.413311,43.123013,,,,,0.072726,0.082276,0.023232,,,,,,,,,
109383,,,,,,,,,,,,,29.247694,33.045673,0.244528,0.272406,,,,,,,,,,,,
109377,,,,,,,,,,,,,,,,,,,,1.072422,0.146903,1.750716,,,,,,
109389,,,,,,,,,,,,,,,,,,,,,,,0.119743,0.006649,1.026935,2.450000,14.140000,35.349998
109387,,,,,,,,,,,,,,,,,,,,1.071186,0.152715,1.764899,,,,,,
109394,,,,,,,,,,,,,,,,,,,,,,,0.119743,0.006649,1.026935,-0.560000,12.810000,34.299999
109398,,,,,,,,,,,,,30.840736,34.036354,0.228733,0.262584,,,,,,,,,,,,
109399,,,,,,,,,,,,,,,,,,,,,,,0.119743,0.006649,1.026935,-18.200001,-2.800000,35.279999
109397,,,,,,,,,,,,,,,,,,,,1.069827,0.158413,1.768526,,,,,,
109407,,,,,,,,,,,,,,,,,,,,,,,0.173545,0.058987,1.072746,-10.150000,-23.170000,35.209999
109408,,,,,,,,,,,,,32.002316,35.241375,0.217217,0.250636,,,,1.068352,0.164128,1.768577,,,,,,
109417,,,,,,,,,,,,,,,,,,,,,,,0.173545,0.058987,1.072746,-1.330000,-19.600000,34.369999
109418,,,,,,,,,,,,,32.935345,36.753162,0.207966,0.235647,,,,1.066896,0.170010,1.775676,,,,,,
109427,,,,0.972438,0.233163,1.806125,0.680973,0.680973,,,,,,,,,,,,,,,,,,,,
109429,,,,,,,,,,,42.581623,48.040565,33.901951,37.590427,0.256370,0.295757,0.081220,0.079681,0.029704,1.065425,0.176225,1.786347,,,,,,
109440,,,,,,,,,,,,,,,0.241838,0.287024,,,,,,,,,,,,
109441,,,,,,,,,,,,,35.367935,38.471416,,,,,,,,,,,,,,
109442,,,,,,,,,,,,,,,,,,,,,,,0.161589,-0.007137,0.933361,0.840000,-8.330000,38.709999
109439,,,,,,,,,,,,,,,,,,,,1.063909,0.182556,1.789835,,,,,,
109447,,,,,,,,,,,,,,,,,,,,,,,0.133956,0.054961,1.070977,-15.190000,-14.560000,38.220001
109448,,,,,,,,,,,,,36.546513,39.911995,0.230154,0.272743,,,,,,,,,,,,
109449,,,,,,,,,,,,,,,,,,,,1.062029,0.189167,1.793587,,,,,,
109453,,,,,,,,,,,,,,,,,,,,,,,0.133956,0.054961,1.070977,10.640000,-26.110001,35.910000
109458,,,,,,,,,,,,,37.670135,41.034149,0.219015,0.261619,,,,,,,0.133956,0.054961,1.070977,-5.880000,-24.709999,37.869999
109459,,,,,,,,,,,,,,,,,,,,1.060337,0.195487,1.803934,,,,,,
109467,,,,,,,,,,,,,,,,,,,,1.058392,0.202088,1.807445,0.168238,0.015616,1.011929,10.290000,-1.820000,38.360001
109468,,,,,,,,,,,,,38.470680,42.430332,0.211079,0.247778,,,,,,,,,,,,
109477,,,,0.962528,0.271182,1.845418,0.750560,0.750560,,,,,,,,,,,,1.056662,0.209297,1.821448,,,,,,
109479,,,,,,,,,,,46.782543,53.086510,39.014626,43.295620,0.264191,0.309476,0.089716,0.077039,0.037317,,,,,,,,,
109482,,,,,,,,,,,,,,,,,,,,,,,0.168238,0.015616,1.011929,-2.450000,11.970000,42.419998
109487,,,,,,,,,,,,,,,,,,,,,,,0.128222,0.023180,1.060058,6.160000,0.280000,46.970001
109488,,,,,,,,,,,,,39.936665,44.185032,0.255044,0.300652,,,,,,,,,,,,
109498,,,,,,,,,,,,,40.888954,44.983978,0.245597,0.292726,,,,1.052644,0.223424,1.831903,,,,,,
109490,,,,,,,,,,,,,,,,,,,,1.054677,0.216299,1.821616,,,,,,
109504,,,,,,,,,,,,,,,,,,,,,,,0.146705,0.042700,1.035597,-8.820000,-4.620000,51.310001
109508,,,,,,,,,,,,,41.914902,46.515984,0.235419,0.277528,,,,1.050486,0.230514,1.838940,,,,,,
109509,,,,,,,,,,,,,,,,,,,,,,,0.146705,0.042700,1.035597,-16.100000,2.590000,52.990002
109517,,,,,,,,,,,,,,,,,,,,,,,0.146705,0.042700,1.035597,-23.030001,11.130000,52.639999
109518,,,,,,,,,,,,,42.962364,47.383366,0.225028,0.268924,,,,1.048186,0.237929,1.845959,,,,,,
109527,,,,0.950027,0.312168,1.888270,0.821304,0.821304,,,,,,,,,,,,,,,,,,,,
109529,,,,,,,,,,,51.115101,58.159412,,,,,0.098185,0.074317,0.041850,1.045581,0.245658,1.859742,,,,,,
109530,,,,,,,,,,,,,43.170662,47.826778,0.283113,0.334934,,,,,,,,,,,,
109532,,,,,,,,,,,,,,,,,,,,,,,0.164700,0.078263,0.885415,4.340000,33.459999,53.549999
109542,,,,,,,,,,,,,44.561962,48.913204,0.269339,0.324178,,,,,,,,,,,,
109539,,,,,,,,,,,,,,,,,,,,1.042983,0.253867,1.863467,,,,,,
109547,,,,,,,,,,,,,,,,,,,,,,,0.164700,0.068198,1.151009,-13.020000,4.760000,56.630001
109548,,,,,,,,,,,,,45.185719,50.769672,0.263163,0.305799,,,,,,,,,,,,
109549,,,,,,,,,,,,,,,,,,,,1.039993,0.261974,1.880760,,,,,,
109553,,,,,,,,,,,,,,,,,,,,,,,0.099857,0.068198,1.151009,14.490000,-20.580000,57.680000
109558,,,,,,,,,,,,,46.320221,51.537369,0.251931,0.298198,,,,,,,0.192150,0.041846,0.880413,24.360001,-36.750000,60.900002
109560,,,,,,,,,,,,,,,,,,,,1.037328,0.269462,1.887532,,,,,,
109567,,,,,,,,,,,,,,,,,,,,1.034778,0.277367,1.901030,0.192150,0.041846,0.880413,0.630000,15.400000,63.770000
109568,,,,,,,,,,,,,47.154537,52.128582,0.243671,0.292345,,,,,,,,,,,,
109577,,,,0.934508,0.355942,1.934718,0.892911,0.892911,,,,,,,,,,,,1.031399,0.285709,1.908012,,,,,,
109579,,,,,,,,,,,55.853790,63.010422,47.691437,53.291119,0.303807,0.347768,0.106907,0.069523,0.034176,,,,,,,,,
109582,,,,,,,,,,,,,,,,,,,,,,,0.130113,0.086742,1.005036,-10.850000,16.660000,64.889999
109587,,,,,,,,,,,,,,,,,,,,,,,0.130113,0.086742,1.005036,22.820000,6.300000,65.379997
109588,,,,,,,,,,,,,49.283951,54.649551,0.288122,0.334389,,,,,,,,,,,,
109599,,,,,,,,,,,,,49.850407,55.844357,0.282543,0.322621,,,,,,,,,,,,
109598,,,,,,,,,,,,,,,,,,,,1.025074,0.302405,1.935000,,,,,,
109604,,,,,,,,,,,,,,,,,,,,,,,0.110471,0.084058,1.153876,26.809999,-42.349998,66.360001
109608,,,,,,,,,,,,,51.248314,56.911903,0.268775,0.312107,,,,1.021766,0.310454,1.944959,,,,,,
109610,,,,,,,,,,,,,,,,,,,,,,,0.110471,0.084058,1.153876,22.330000,-47.389999,70.699997
109617,,,,,,,,,,,,,,,,,,,,,,,0.149999,0.087718,0.973743,10.920000,-9.100000,72.029999
109618,,,,,,,,,,,,,51.886490,57.747604,0.262490,0.303876,,,,1.018385,0.318748,1.954728,,,,,,
109627,,,,0.915524,0.402264,1.984785,0.965097,0.965097,,,,,,,,,,,,,,,,,,,,
109629,,,,,,,,,,,60.584637,67.966103,,,,,0.115971,0.064137,0.029781,1.014631,0.327289,1.964926,,,,,,
109630,,,,,,,,,,,,,52.671410,58.504360,0.319818,0.364505,,,,,,,,,,,,
109632,,,,,,,,,,,,,,,,,,,,,,,0.149999,0.087718,0.973743,12.810000,1.540000,69.510002
109637,,,,,,,,,,,,,,,,,,,,,,,0.135542,0.109068,0.946537,-10.570000,-1.960000,69.019997
109638,,,,,,,,,,,,,54.101604,59.708298,0.305814,0.352717,,,,,,,,,,,,
109639,,,,,,,,,,,,,,,,,,,,1.010812,0.336036,1.977995,,,,,,
109647,,,,,,,,,,,,,,,,,,,,1.006501,0.344631,1.988121,0.135542,0.109068,0.946537,-12.810000,-22.959999,65.730003
109648,,,,,,,,,,,,,54.840759,60.654663,0.298577,0.343451,,,,,,,,,,,,
109659,,,,,,,,,,,,,55.746944,61.599155,0.289705,0.334204,,,,,,,,,,,,
109657,,,,,,,,,,,,,,,,,,,,1.002394,0.353346,2.001011,,,,,,
109665,,,,,,,,,,,,,,,,,,,,,,,0.154818,0.151646,1.074088,-24.360001,8.260000,77.559998
109668,,,,,,,,,,,,,57.054207,62.612553,0.276905,0.324281,,,,,,,,,,,,
109667,,,,,,,,,,,,,,,,,,,,0.997860,0.362175,2.014280,,,,,,
109670,,,,,,,,,,,,,,,,,,,,,,,0.154818,0.098393,0.914085,-21.000000,25.480000,73.989998
109677,,,,0.892616,0.450818,2.038478,1.037585,1.037585,,,,,,,,,,,,,,,,,,,,
109679,,,,,,,,,,,65.361961,72.870972,57.431458,63.522156,0.339087,0.383008,0.125136,0.057205,0.024596,,,,,,,,,
109678,,,,,,,,,,,,,,,,,,,,0.993092,0.371375,2.024156,,,,,,
109682,,,,,,,,,,,,,,,,,,,,,,,0.160552,0.098393,0.914085,-0.910000,30.799999,70.629997
109687,,,,,,,,,,,,,,,,,,,,,,,0.160552,0.098393,0.914085,-4.550000,15.050000,67.760002
109688,,,,,,,,,,,,,58.223606,64.668427,0.331332,0.371786,,,,0.988200,0.380508,2.034066,,,,,,
109697,,,,,,,,,,,,,,,,,,,,,,,0.118401,0.137128,0.998021,-21.000000,-2.520000,67.410004
109698,,,,,,,,,,,,,59.392876,65.363098,0.319885,0.364985,,,,0.982900,0.389585,2.040789,,,,,,
109707,,,,,,,,,,,,,,,,,,,,,,,0.118401,0.137128,0.998021,-1.680000,-16.240000,69.860001
109708,,,,,,,,,,,,,60.387169,66.506729,0.310151,0.353789,,,,0.977867,0.398721,2.056805,,,,,,
109719,,,,,,,,,,,,,61.497051,67.663887,0.299285,0.342461,,,,0.972099,0.409030,2.101385,,,,,,
109724,,,,,,,,,,,,,,,,,,,,,,,0.189710,0.106262,1.039989,-1.610000,5.110000,67.830002
109727,,,,0.865326,0.501209,2.095792,1.110109,1.110109,,,,,,,,,,,,,,,,,,,,
109729,,,,,,,,,,,70.869766,77.041161,,,,,0.133495,0.045879,-0.003328,0.966383,0.418524,2.104643,,,,,,
109730,,,,,,,,,,,,,62.167866,68.349426,0.367856,0.392443,,,,,,,,,,,,
109734,,,,,,,,,,,,,,,,,,,,,,,0.154635,0.089670,0.885293,3.220000,5.530000,65.800003
109738,,,,,,,,,,,,,63.629097,69.496208,0.353687,0.381323,,,,,,,,,,,,
109739,,,,,,,,,,,,,,,,,,,,0.960810,0.427671,2.110976,0.154635,0.089670,0.885293,-21.000000,5.600000,65.099998
109747,,,,,,,,,,,,,,,,,,,,,,,0.109556,0.135969,0.897066,-0.420000,5.950000,62.509998
109748,,,,,,,,,,,,,64.502945,69.987801,0.345214,0.376556,,,,,,,,,,,,
109746,,,,,,,,,,,,,,,,,,,,0.954628,0.437337,2.123778,,,,,,
109759,,,,,,,,,,,,,65.956154,71.057922,0.331123,0.366180,,,,,,,,,,,,
109757,,,,,,,,,,,,,,,,,,,,0.948656,0.447095,2.139469,,,,,,
109765,,,,,,,,,,,,,,,,,,,,,,,0.109556,0.130052,0.949587,-40.110001,17.639999,57.400002
109768,,,,,,,,,,,,,66.840149,71.763039,0.322552,0.359343,,,,,,,,,,,,
109767,,,,,,,,,,,,,,,,,,,,0.941716,0.457088,2.149162,,,,,,
109770,,,,,,,,,,,,,,,,,,,,,,,0.157624,0.130052,0.949587,-28.629999,-3.290000,48.020000
109777,,,,0.833207,0.552962,2.156711,1.182410,1.182410,,,,,,,,,,,,,,,,,,,,
109779,,,,,,,,,,,75.037514,82.178871,,,0.369223,0.417927,0.139621,0.038534,0.007696,,,,,,,,,
109780,,,,,,,,,,,,,67.969070,73.049568,,,,,,,,,,,,,,
109778,,,,,,,,,,,,,,,,,,,,0.935496,0.466604,2.158458,,,,,,
109782,,,,,,,,,,,,,,,,,,,,,,,0.157624,0.130052,0.949587,6.510000,-26.250000,43.189999
109787,,,,,,,,,,,,,,,,,,,,,,,0.077226,0.094977,0.953613,8.330000,-30.940001,46.410000
109788,,,,,,,,,,,,,69.708916,73.983650,0.352221,0.408799,,,,,,,,,,,,
109789,,,,,,,,,,,,,,,,,,,,0.928833,0.476211,2.164744,,,,,,
109797,,,,,,,,,,,,,,,,,,,,,,,0.077226,0.094977,0.953613,5.040000,3.780000,52.919998
109798,,,,,,,,,,,,,70.694435,75.385864,0.342591,0.395097,,,,,,,,,,,,
109799,,,,,,,,,,,,,,,,,,,,0.922233,0.485820,2.173930,,,,,,
109807,,,,,,,,,,,,,,,,,,,,,,,0.161040,0.074481,0.894199,-2.940000,20.160000,57.049999
109808,,,,,,,,,,,,,71.556419,76.052612,0.334167,0.388581,,,,,,,,,,,,
109806,,,,,,,,,,,,,,,,,,,,0.915175,0.495952,2.180253,,,,,,
109819,,,,,,,,,,,,,72.052971,76.823181,0.329315,0.381051,,,,,,,,,,,,
109820,,,,,,,,,,,,,,,,,,,,0.907936,0.506308,2.192785,,,,,,
109825,,,,,,,,,,,,,,,,,,,,,,,0.157014,0.108092,0.901641,-26.879999,-6.440000,54.950001
109827,,,,0.795837,0.605511,2.221204,1.254240,1.254240,,,,,,,,,,,,0.900388,0.516325,2.205246,,,,,,
109829,,,,,,,,,,,78.829109,87.637718,73.185699,77.722702,0.370703,0.447860,0.145859,0.033276,0.028169,,,,,,,,,
109835,,,,,,,,,,,,,,,,,,,,,,,0.157014,0.108092,0.901641,-12.950000,9.240000,59.430000
109838,,,,,,,,,,,,,73.954422,79.074585,0.363158,0.434592,,,,,,,,,,,,
109837,,,,,,,,,,,,,,,,,,,,0.892693,0.526377,2.211447,,,,,,
109840,,,,,,,,,,,,,,,,,,,,,,,0.157014,0.147742,0.938302,-10.010000,20.790001,58.450001
109847,,,,,,,,,,,,,,,,,,,,,,,0.119926,0.147742,0.938302,-37.029999,14.840000,64.330002
109848,,,,,,,,,,,,,74.867302,80.274719,0.354199,0.422814,,,,0.884567,0.536577,2.224015,,,,,,
109857,,,,,,,,,,,,,,,,,,,,,,,0.119926,0.147742,0.938302,-2.030000,-6.580000,63.419998
109858,,,,,,,,,,,,,75.601044,81.247162,0.346998,0.413270,,,,0.876435,0.546671,2.236350,,,,,,
109867,,,,,,,,,,,,,,,,,,,,,,,0.179462,0.116510,0.996313,-3.010000,-27.160000,73.360001
109868,,,,,,,,,,,,,76.754662,82.600639,0.335676,0.399986,,,,,,,,,,,,
109878,,,,,,,,,,,,,77.631187,83.593979,0.327073,0.390237,,,,0.859822,0.566871,2.260902,,,,,,
109881,,,,0.752837,0.658207,2.289231,1.325359,1.325359,,,,,,,,,,,,,,,,,,,,
109883,,,,,,,,,,,82.899780,93.645439,,,,,0.162854,0.028212,0.051609,,,,,,,,,
109888,,,,,,,,,,,,,77.988022,84.156853,0.379761,0.467621,,,,0.851430,0.577284,2.269948,,,,,,
109889,,,,,,,,,,,,,,,,,,,,,,,0.118767,0.093940,0.816424,41.790001,3.990000,77.839996
109894,,,,,,,,,,,,,,,,,,,,,,,0.118767,0.093940,0.816424,28.000000,11.690000,78.610001
109898,,,,,,,,,,,,,78.788231,85.076111,0.371914,0.458607,,,,,,,,,,,,
109899,,,,,,,,,,,,,,,,,,,,0.842870,0.588082,2.285014,0.099491,0.099491,0.911828,46.270000,5.390000,84.000000
109907,,,,,,,,,,,,,,,,,,,,,,,0.099491,0.099491,0.911828,-3.640000,-6.860000,94.639999
109908,,,,,,,,,,,,,79.445625,86.380394,0.365468,0.445818,,,,,,,,,,,,
109909,,,,,,,,,,,,,,,,,,,,0.833846,0.598515,2.303223,,,,,,
109917,,,,,,,,,,,,,,,,,,,,,,,0.156526,0.226981,0.899933,-17.150000,-0.350000,102.620003
109918,,,,,,,,,,,,,80.553703,87.485268,0.354603,0.434984,,,,,,,,,,,,
109919,,,,,,,,,,,,,,,,,,,,0.824706,0.608776,2.318199,,,,,,
109927,,,,0.703886,0.710313,2.360738,1.395537,1.395537,,,,,,,,,,,,0.814821,0.618869,2.333415,,,,,,
109929,,,,,,,,,,,87.119873,97.635109,81.350502,89.054810,0.404579,0.473973,0.157496,0.019684,0.043601,,,,,,,,,
109941,,,,,,,,,,,,,82.334984,90.206055,0.395006,0.462778,,,,,,,,,,,,
109942,,,,,,,,,,,,,,,,,,,,,,,0.156526,0.226981,0.899933,-34.090000,-6.370000,101.290001
109938,,,,,,,,,,,,,,,,,,,,0.805328,0.628734,2.351388,,,,,,
109947,,,,,,,,,,,,,,,,,,,,,,,0.113399,0.221125,0.927993,-11.830000,-1.750000,112.070000
109948,,,,,,,,,,,,,82.888100,91.212250,0.389628,0.452994,,,,0.795045,0.638813,2.369462,,,,,,
109953,,,,,,,,,,,,,,,,,,,,,,,0.113399,0.240645,0.950624,15.540000,-10.920000,116.199997
109958,,,,,,,,,,,,,84.167725,92.240234,0.377185,0.442999,,,,,,,0.140727,0.240645,0.950624,3.850000,-17.850000,113.610001
109959,,,,,,,,,,,,,,,,,,,,0.784685,0.649013,2.390163,,,,,,
109967,,,,,,,,,,,,,,,,,,,,,,,0.140727,0.240645,0.950624,12.810000,-32.759998,107.940002
109968,,,,,,,,,,,,,84.882324,93.362167,0.370237,0.432089,,,,,,,,,,,,
109969,,,,,,,,,,,,,,,,,,,,0.773999,0.658905,2.411026,,,,,,
109977,,,,0.648742,0.761009,2.435663,1.464551,1.464551,,,,,,,,,,,,,,,,,,,,
109979,,,,,,,,,,,92.133987,101.570290,,,0.431971,0.478269,0.161370,0.007689,0.025541,0.763075,0.668956,2.431739,,,,,,
109980,,,,,,,,,,,,,85.530968,94.077003,,,,,,,,,,,,,,
109982,,,,,,,,,,,,,,,,,,,,,,,0.100528,0.217892,0.840824,-15.960000,16.100000,110.320000
109987,,,,,,,,,,,,,,,,,,,,0.751442,0.678914,2.449590,0.100528,0.217892,0.840824,-19.110001,46.549999,110.250000
109988,,,,,,,,,,,,,86.390732,94.892723,0.423711,0.470432,,,,,,,,,,,,
109999,,,,,,,,,,,,,87.497246,96.131638,0.413081,0.458530,,,,,,,,,,,,
109997,,,,,,,,,,,,,,,,,,,,0.739282,0.688838,2.470315,,,,,,
110004,,,,,,,,,,,,,,,,,,,,,,,0.093696,0.282552,0.847046,15.890000,-36.959999,97.650002
110008,,,,,,,,,,,,,89.076096,96.959312,0.397913,0.450579,,,,,,,,,,,,
110007,,,,,,,,,,,,,,,,,,,,0.727623,0.698308,2.490757,,,,,,
110010,,,,,,,,,,,,,,,,,,,,,,,0.159698,0.286700,0.947757,-17.639999,-65.239998,101.639999
110017,,,,,,,,,,,,,,,,,,,,,,,0.159698,0.286700,0.947757,5.670000,-68.949997,101.150002
110018,,,,,,,,,,,,,89.801292,98.084526,0.390946,0.439769,,,,0.715945,0.707265,2.505251,,,,,,
110027,,,,0.587254,0.809403,2.513931,1.532188,1.532188,,,,,,,,,,,,,,,,,,,,
110029,,,,,,,,,,,96.901459,105.321617,,,,,0.164104,-0.005503,0.009851,,,,,,,,,
110030,,,,,,,,,,,,,91.163071,98.591530,0.442582,0.485764,,,,,,,,,,,,
110028,,,,,,,,,,,,,,,,,,,,0.703960,0.716298,2.525546,,,,,,
110042,,,,,,,,,,,,,,,,,,,,,,,0.159698,0.286700,0.947757,-11.060000,2.100000,92.820000
110043,,,,,,,,,,,,,92.250969,99.341614,0.432160,0.478578,,,,,,,,,,,,
110038,,,,,,,,,,,,,,,,,,,,0.691588,0.725372,2.537193,,,,,,
110048,,,,,,,,,,,,,94.394485,100.360550,0.411624,0.468816,,,,,,,0.124989,0.180072,0.576084,-58.450001,74.970001,98.489998
110049,,,,,,,,,,,,,,,,,,,,0.678489,0.734681,2.554583,,,,,,
110053,,,,,,,,,,,,,,,,,,,,,,,0.124989,0.180072,0.576084,-45.080002,70.489998,96.040001
110058,,,,,,,,,,,,,94.809082,101.420540,0.407652,0.458661,,,,,,,0.124989,0.180072,0.576084,-23.030001,52.500000,81.970001
110059,,,,,,,,,,,,,,,,,,,,0.664243,0.743961,2.569261,,,,,,
110067,,,,,,,,,,,,,,,,,,,,,,,0.144631,0.305122,1.016748,22.260000,16.309999,78.610001
110068,,,,,,,,,,,,,94.976517,101.708954,0.406048,0.455897,,,,,,,,,,,,
110069,,,,,,,,,,,,,,,,,,,,0.651148,0.752881,2.586548,,,,,,
110077,,,,0.519388,0.854539,2.595458,1.598247,1.598247,,,,,,,,,,,,,,,,,,,,
110079,,,,,,,,,,,100.863144,109.430077,95.896027,102.030777,0.451389,0.509129,0.165474,-0.016796,0.010297,,,,,,,,,
110081,,,,,,,,,,,,,,,,,,,,,,,0.144631,0.305122,1.016748,-10.430000,-42.840000,82.879997
110080,,,,,,,,,,,,,,,,,,,,0.637368,0.761537,2.601021,,,,,,
110087,,,,,,,,,,,,,,,,,,,,,,,0.045079,0.227530,0.837347,-9.590000,-59.709999,76.650002
110088,,,,,,,,,,,,,97.110573,103.586243,0.439668,0.494118,,,,,,,,,,,,
110099,,,,,,,,,,,,,97.886284,104.315369,0.432182,0.487081,,,,,,,,,,,,
110098,,,,,,,,,,,,,,,,,,,,0.610487,0.778029,2.626656,,,,,,
110105,,,,,,,,,,,,,,,,,,,,,,,0.097539,0.192455,0.873093,2.590000,-12.040000,76.510002
110108,,,,,,,,,,,,,99.187630,105.220253,0.419623,0.478348,,,,0.596054,0.786172,2.641068,,,,,,
110110,,,,,,,,,,,,,,,,,,,,,,,0.097539,0.192455,0.873093,-4.480000,-12.810000,76.580002
110117,,,,,,,,,,,,,,,,,,,,,,,0.097539,0.192455,0.873093,12.950000,16.940001,68.739998
110118,,,,,,,,,,,,,99.868248,106.038216,0.413054,0.470454,,,,0.581569,0.794083,2.655445,,,,,,
110127,,,,0.445239,0.895412,2.680151,1.662531,1.662531,,,,,,,,,,,,,,,,,,,,
110130,,,,,,,,,,,104.156128,114.053589,100.334137,105.966225,0.453710,0.534688,0.167618,-0.025810,0.025534,,,,,,,,,
110129,,,,,,,,,,,,,,,,,,,,0.566680,0.802273,2.663995,,,,,,
110132,,,,,,,,,,,,,,,,,,,,,,,0.137799,0.194285,0.845948,24.920000,46.549999,66.849998
110143,,,,,,,,,,,,,101.023056,107.038963,0.447026,0.524279,,,,,,,,,,,,
110139,,,,,,,,,,,,,,,,,,,,0.551957,0.810213,2.678137,,,,,,
110149,,,,,,,,,,,,,,,,,,,,,,,0.137799,0.209413,0.948855,19.250000,-1.400000,75.320000
110147,,,,,,,,,,,,,,,,,,,,0.536754,0.817904,2.689516,,,,,,
110154,,,,,,,,,,,,,,,,,,,,,,,0.087901,0.209413,0.948855,43.889999,-26.389999,74.129997
110158,,,,,,,,,,,,,102.116592,107.922546,0.436415,0.515706,,,,,,,,,,,,
110159,,,,,,,,,,,,,,,,,,,,,,,0.087901,0.209413,0.948855,11.410000,-26.530001,81.620003
110157,,,,,,,,,,,,,,,,,,,,0.521406,0.825835,2.703518,,,,,,
110167,,,,,,,,,,,,,,,,,,,,0.505934,0.833184,2.717764,0.136396,0.188002,0.913597,-17.290001,-30.870001,83.019997
110168,,,,,,,,,,,,,103.439117,109.419136,0.423582,0.501184,,,,,,,,,,,,
110177,,,,0.365048,0.930989,2.767908,1.724855,1.724855,,,,,,,,,,,,,,,,,,,,
110179,,,,,,,,,,,106.766357,118.897835,,,,,0.168477,-0.031284,0.050534,,,,,,,,,
110180,,,,,,,,,,,,,104.056389,110.468193,0.453490,0.557787,,,,,,,,,,,,
110178,,,,,,,,,,,,,,,,,,,,0.490141,0.840204,2.732136,,,,,,
110182,,,,,,,,,,,,,,,,,,,,,,,0.136396,0.188002,0.913597,-12.110000,17.150000,81.830002
110187,,,,,,,,,,,,,,,,,,,,,,,0.110227,0.189039,0.733464,24.010000,47.180000,91.279999
110188,,,,,,,,,,,,,104.481133,111.230270,0.449348,0.550356,,,,0.473864,0.847639,2.749057,,,,,,
110197,,,,,,,,,,,,,,,,,,,,,,,0.110227,0.189039,0.946537,-3.710000,24.570000,105.559998
110198,,,,,,,,,,,,,105.449799,112.224731,0.439903,0.540659,,,,0.457563,0.854787,2.765965,,,,,,
110207,,,,,,,,,,,,,,,,,,,,,,,0.136701,0.262544,0.946537,6.230000,-8.330000,108.290001
110208,,,,,,,,,,,,,106.291359,113.638588,0.431697,0.526873,,,,,,,,,,,,
110218,,,,,,,,,,,,,106.508720,114.760399,0.429578,0.515934,,,,,,,,,,,,
110209,,,,,,,,,,,,,,,,,,,,0.440674,0.861625,2.782854,,,,,,
110219,,,,,,,,,,,,,,,,,,,,0.424057,0.868314,2.802540,,,,,,
110225,,,,,,,,,,,,,,,,,,,,,,,0.119926,0.287920,0.938729,-15.190000,-25.760000,118.650002
110227,,,,0.279214,0.960229,2.858617,1.785044,1.785044,,,,,,,,,,,,0.407087,0.874313,2.825166,,,,,,
110229,,,,,,,,,,,110.090988,122.837715,,,,,0.167052,-0.038614,0.056449,,,,,,,,,
110230,,,,,,,,,,,,,107.239182,116.140228,0.467867,0.555942,,,,,,,,,,,,
110235,,,,,,,,,,,,,,,,,,,,,,,0.119926,0.287920,0.759023,9.940000,-13.930000,122.010002
110238,,,,,,,,,,,,,108.233566,117.056427,0.458277,0.547106,,,,,,,,,,,,
110237,,,,,,,,,,,,,,,,,,,,0.390026,0.880254,2.844883,,,,,,
110240,,,,,,,,,,,,,,,,,,,,,,,0.074115,0.276330,0.759023,17.780001,1.820000,124.110001
110247,,,,,,,,,,,,,,,,,,,,,,,0.074115,0.276330,0.759023,13.230000,27.020000,140.490005
110248,,,,,,,,,,,,,108.642479,117.713661,0.454333,0.540767,,,,0.372406,0.886286,2.870094,,,,,,
110259,,,,,,,,,,,,,108.900307,119.031166,0.451847,0.528061,,,,,,,,,,,,
110258,,,,,,,,,,,,,,,,,,,,0.354908,0.891697,2.892268,,,,,,
110264,,,,,,,,,,,,,,,,,,,,,,,0.133773,0.350750,0.953491,33.810001,-15.750000,132.860001
110268,,,,,,,,,,,,,109.853043,119.592102,0.442659,0.522652,,,,0.336874,0.897265,2.917306,,,,,,
110270,,,,,,,,,,,,,,,,,,,,,,,0.133773,0.350750,0.953491,-15.750000,-25.129999,142.309998
110277,,,,0.188302,0.982111,2.952160,1.842929,1.842929,,,,,,,,,,,,,,,,,,,,
110279,,,,,,,,,,,114.410820,125.556343,,,,,0.163621,-0.049639,0.036523,0.318838,0.902045,2.939524,,,,,,
110280,,,,,,,,,,,,,110.338409,120.369576,0.496441,0.551640,,,,,,,,,,,,
110282,,,,,,,,,,,,,,,,,,,,,,,0.112789,0.348493,0.852963,-28.000000,-2.380000,139.929993
110287,,,,,,,,,,,,,,,,,,,,,,,0.112789,0.348493,0.852963,-35.980000,-5.950000,138.179993
110288,,,,,,,,,,,,,111.279289,121.768463,0.487477,0.538313,,,,,,,,,,,,
110289,,,,,,,,,,,,,,,,,,,,0.300887,0.906324,2.964854,,,,,,
110297,,,,,,,,,,,,,,,,,,,,,,,0.087657,0.368135,0.770430,-17.570000,-8.190000,140.699997
110298,,,,,,,,,,,,,112.275360,122.197716,0.477988,0.534223,,,,,,,,,,,,
110299,,,,,,,,,,,,,,,,,,,,0.281884,0.910433,2.987106,,,,,,
110307,,,,,,,,,,,,,,,,,,,,,,,0.087657,0.368135,0.770430,-5.040000,0.840000,145.740005
110308,,,,,,,,,,,,,113.059166,123.048187,0.470520,0.526121,,,,,,,,,,,,
110322,,,,,,,,,,,,,113.814034,123.775970,0.463329,0.519187,,,,,,,,,,,,
110317,,,,,,,,,,,,,,,,,,,,0.244277,0.917895,3.039585,,,,,,
110327,,,,0.093049,0.995662,3.048409,1.898352,1.898352,,,,,,,,,,,,,,,,,,,,
110329,,,,,,,,,,,118.699104,127.697418,,,,,0.158270,-0.061961,0.011059,,,,,,,,,
110330,,,,,,,,,,,,,114.600945,124.282074,0.513577,0.543109,,,,,,,,,,,,
110328,,,,,,,,,,,,,,,,,,,,0.225055,0.920867,3.061682,,,,,,
110332,,,,,,,,,,,,,,,,,,,,,,,0.115473,0.388387,0.782569,5.040000,-2.450000,132.649994
110337,,,,,,,,,,,,,,,,,,,,,,,0.108946,0.476227,0.911462,-32.200001,-39.270000,128.660004
110338,,,,,,,,,,,,,115.449844,125.058975,0.505544,0.535757,,,,0.206045,0.923271,3.083938,,,,,,
110343,,,,,,,,,,,,,,,,,,,,,,,0.108946,0.476227,0.911462,-36.330002,-34.439999,126.349998
110348,,,,,,,,,,,,,116.407051,125.012924,0.496486,0.536193,,,,0.187152,0.925123,3.103972,0.108946,0.378383,0.698328,2.100000,-11.480000,127.680000
110357,,,,,,,,,,,,,,,,,,,,,,,0.075945,0.378383,0.698328,12.600000,10.990000,122.010002
110358,,,,,,,,,,,,,117.659996,125.480835,0.484629,0.531765,,,,,,,,,,,,
110359,,,,,,,,,,,,,,,,,,,,0.167858,0.926909,3.131722,,,,,,
110367,,,,,,,,,,,,,,,,,,,,,,,0.075945,0.413275,0.864248,-6.020000,12.460000,111.160004
110368,,,,,,,,,,,,,118.196335,126.422264,0.479554,0.522856,,,,,,,,,,,,
110378,,,,,,,,,,,,,,,0.472755,0.523556,,,,,,,,,,,,
110379,,,,,,,,,,,,,118.914818,126.348335,,,,,,0.129052,0.929205,-3.115555,,,,,,
110381,,,,-0.005638,0.999984,-3.135955,1.951165,1.951165,,,,,,,,,,,,,,,,,,,,
110384,,,,,,,,,,,122.160866,131.717682,,,,,0.172347,-0.071289,0.017341,,,,,,,,,
110388,,,,,,,,,,,,,119.450409,126.880455,0.514670,0.573318,,,,,,,,,,,,
110389,,,,,,,,,,,,,,,,,,,,,,,0.129869,0.389485,0.742980,-10.220000,-0.770000,97.860001
110390,,,,,,,,,,,,,,,,,,,,0.109205,0.929763,-3.099047,,,,,,
110395,,,,,,,,,,,,,,,,,,,,,,,0.069235,0.389485,0.742980,-8.890000,22.049999,94.080002
110398,,,,,,,,,,,,,120.275177,127.075974,0.506750,0.571441,,,,,,,,,,,,
110397,,,,,,,,,,,,,,,,,,,,0.089477,0.929645,-3.082263,,,,,,
110400,,,,,,,,,,,,,,,,,,,,,,,0.069235,0.389485,0.742980,-61.599998,23.170000,93.519997
110407,,,,,,,,,,,,,,,,,,,,0.069244,0.929099,-3.065579,0.094001,0.397049,0.853817,-5.600000,3.080000,100.099998
110408,,,,,,,,,,,,,120.917435,127.735069,0.500583,0.565112,,,,,,,,,,,,
110417,,,,,,,,,,,,,,,,,,,,,,,0.094001,0.397049,0.853817,10.360000,6.160000,87.500000
110418,,,,,,,,,,,,,121.497581,128.331589,0.495012,0.559384,,,,0.049586,0.928686,-3.051947,,,,,,
110427,,,,-0.106688,0.994293,-3.034702,2.001226,2.001226,,,,,,,,,,,,,,,,,,,,
110429,,,,,,,,,,,124.126488,133.968903,,,,,0.151166,-0.079374,0.020160,,,,,,,,,
110440,,,,,,,,,,,,,,,0.514840,0.584308,,,,,,,,,,,,
110441,,,,,,,,,,,,,122.220566,128.934189,,,,,,,,,,,,,,
110439,,,,,,,,,,,,,,,,,,,,0.009414,0.926236,-3.018775,,,,,,
110443,,,,,,,,,,,,,,,,,,,,,,,0.108214,0.375516,0.968802,34.020000,-31.430000,86.940002
110448,,,,,,,,,,,,,123.401222,129.759201,0.503483,0.576372,,,,,,,0.077287,0.297131,0.702598,-40.320000,10.010000,95.339996
110446,,,,,,,,,,,,,,,,,,,,-0.010622,0.924282,-3.004625,,,,,,
110453,,,,,,,,,,,,,,,,,,,,,,,0.077287,0.297131,0.702598,-39.970001,56.000000,93.589996
110458,,,,,,,,,,,,,124.369957,130.860687,0.494164,0.565776,,,,,,,,,,,,
110459,,,,,,,,,,,,,,,,,,,,,,,0.077287,0.297131,0.702598,11.970000,77.209999,97.510002
110457,,,,,,,,,,,,,,,,,,,,-0.031256,0.922198,-2.988058,,,,,,
110467,,,,,,,,,,,,,,,,,,,,-0.051943,0.920158,-2.971710,0.103578,0.224907,0.630618,-0.560000,68.389999,95.690002
110468,,,,,,,,,,,,,124.426460,131.536224,0.493620,0.559277,,,,,,,,,,,,
110477,,,,-0.208879,0.977942,-2.931164,2.048404,2.048404,,,,,,,,,,,,-0.072550,0.917145,-2.955124,,,,,,
110479,,,,,,,,,,,125.629173,137.512222,,,,,0.144856,-0.083683,0.041706,,,,,,,,,
110480,,,,,,,,,,,,,125.004288,131.909714,0.508540,0.604054,,,,,,,,,,,,
110482,,,,,,,,,,,,,,,,,,,,,,,0.103578,0.224907,0.630618,-2.940000,13.300000,88.900002
110487,,,,,,,,,,,,,,,,,,,,,,,0.063806,0.517646,1.146678,-17.290001,-21.139999,94.779999
110488,,,,,,,,,,,,,125.336899,132.491013,0.505334,0.598451,,,,,,,,,,,,
110499,,,,,,,,,,,,,126.452408,133.971451,0.494581,0.584180,,,,,,,,,,,,
110497,,,,,,,,,,,,,,,,,,,,-0.113291,0.910401,-2.924455,,,,,,
110504,,,,,,,,,,,,,,,,,,,,,,,0.059414,0.164700,0.388692,-38.150002,-61.810001,105.070000
110508,,,,,,,,,,,,,127.160156,134.708038,0.487759,0.577080,,,,-0.133394,0.906809,-2.907378,,,,,,
110510,,,,,,,,,,,,,,,,,,,,,,,0.059414,0.164700,0.388692,-3.430000,-24.500000,108.500000
110517,,,,,,,,,,,,,,,,,,,,,,,0.059414,0.164700,0.388692,-54.320000,108.080002,112.910004
110518,,,,,,,,,,,,,127.695534,135.135956,0.482598,0.572955,,,,-0.154396,0.902537,-2.887719,,,,,,
110527,,,,-0.310859,0.950456,-2.825496,2.092578,2.092578,,,,,,,,,,,,,,,,,,,,
110529,,,,,,,,,,,126.873772,140.882690,,,,,0.139186,-0.085857,0.063277,,,,,,,,,
110530,,,,,,,,,,,,,127.493835,135.619400,0.501506,0.614371,,,,,,,,,,,,
110528,,,,,,,,,,,,,,,,,,,,-0.175593,0.897785,-2.868865,,,,,,
110541,,,,,,,,,,,,,127.706436,136.400848,0.499452,0.606823,,,,,,,,,,,,
110543,,,,,,,,,,,,,,,,,,,,,,,0.105469,0.378566,0.969595,13.440000,88.620003,111.720001
110538,,,,,,,,,,,,,,,,,,,,-0.196564,0.893115,-2.849545,,,,,,
110548,,,,,,,,,,,,,,,,,,,,-0.217274,0.887345,-2.832847,0.076494,0.410774,0.909449,-62.580002,5.950000,130.899994
110549,,,,,,,,,,,,,128.104889,137.715118,0.495603,0.594128,,,,,,,,,,,,
110554,,,,,,,,,,,,,,,,,,,,,,,0.076494,0.410774,0.909449,-10.710000,-55.090000,132.929993
110558,,,,,,,,,,,,,128.623795,139.091141,0.490591,0.580836,,,,-0.237834,0.881599,-2.812510,,,,,,
110559,,,,,,,,,,,,,,,,,,,,,,,0.047519,0.347151,0.618845,14.700000,-62.020000,140.139999
110567,,,,,,,,,,,,,,,,,,,,,,,0.047519,0.347151,0.618845,-47.110001,-74.199997,133.839996
110568,,,,,,,,,,,,,129.098297,139.553482,0.486007,0.576370,,,,-0.258073,0.875505,-2.784543,,,,,,
110577,,,,-0.411171,0.911558,-2.717855,2.133634,2.133634,,,,,,,,,,,,,,,,,,,,
110579,,,,,,,,,,,128.864197,143.235703,,,,,0.130580,-0.087714,0.066875,-0.277749,0.868966,-2.758219,,,,,,
110580,,,,,,,,,,,,,129.623444,140.246536,0.508236,0.601373,,,,,,,,,,,,
110582,,,,,,,,,,,,,,,,,,,,,,,0.053009,0.514596,1.004853,-6.580000,-85.470001,148.610001
110587,,,,,,,,,,,,,,,,,,,,,,,0.053009,0.514596,1.004853,10.990000,7.140000,150.779999
110588,,,,,,,,,,,,,130.245621,141.233612,0.502318,0.591985,,,,,,,,,,,,
110598,,,,,,,,,,,,,130.209427,141.516800,0.502662,0.589291,,,,,,,,,,,,
110596,,,,,,,,,,,,,,,,,,,,-0.318280,0.854894,-2.707587,,,,,,
110604,,,,,,,,,,,,,,,,,,,,,,,0.046543,0.204228,0.449936,71.959999,47.180000,155.259995
110608,,,,,,,,,,,,,130.691833,141.966980,0.498074,0.585010,,,,,,,,,,,,
110610,,,,,,,,,,,,,,,,,,,,-0.338957,0.847215,-2.679350,0.046543,0.204228,0.449936,11.550000,39.830002,155.259995
110617,,,,,,,,,,,,,,,,,,,,-0.359232,0.838406,-2.656756,0.090829,0.681736,1.100623,-16.940001,8.680000,164.220001
110618,,,,,,,,,,,,,130.317764,142.005066,0.501632,0.584647,,,,,,,,,,,,
110627,,,,-0.508282,0.861191,-2.608404,2.171469,2.171469,,,,,,,,,,,,-0.379159,0.829507,-2.622273,,,,,,
110630,,,,,,,,,,,131.671936,144.542175,130.872208,142.916611,0.534211,0.593462,0.120985,-0.090065,0.049531,,,,,,,,,
110633,,,,,,,,,,,,,,,,,,,,,,,0.090829,0.681736,1.100623,18.129999,-22.540001,163.800003
110638,,,,,,,,,,,,,131.588913,143.065140,0.527469,0.592064,,,,-0.399113,0.819936,-2.593525,0.054229,0.422852,0.656543,-0.770000,-42.000000,171.009995
110647,,,,,,,,,,,,,,,,,,,,,,,0.054229,0.422852,0.656543,-11.900000,-43.259998,171.919998
110648,,,,,,,,,,,,,132.235443,143.636124,0.521386,0.586693,,,,-0.417866,0.810482,-2.561470,,,,,,
110658,,,,,,,,,,,,,132.611389,144.286713,0.517850,0.580572,,,,,,,,,,,,
110659,,,,,,,,,,,,,,,,,,,,-0.437504,0.799825,-2.535303,,,,,,
110664,,,,,,,,,,,,,,,,,,,,,,,0.062586,0.533872,0.785924,-43.189999,29.820000,172.410004
110668,,,,,,,,,,,,,133.515640,144.493805,0.509343,0.578624,,,,,,,,,,,,
110669,,,,,,,,,,,,,,,,,,,,-0.456538,0.788853,-2.503747,0.066673,0.431514,0.650687,20.090000,18.480000,173.529999
110677,,,,-0.600623,0.799532,-2.497313,2.205987,2.205987,,,,,,,,,,,,,,,,,,,,
110679,,,,,,,,,,,135.161804,144.541412,,,,,0.109289,-0.094582,0.010404,,,,,,,,,
110680,,,,,,,,,,,,,133.425049,144.495560,0.556914,0.578595,,,,,,,,,,,,
110676,,,,,,,,,,,,,,,,,,,,-0.475582,0.777719,-2.476792,,,,,,
110683,,,,,,,,,,,,,,,,,,,,,,,0.066673,0.431514,0.650687,-6.790000,5.040000,170.589996
110688,,,,,,,,,,,,,134.165009,144.807083,0.549983,0.575677,,,,,,,0.092415,0.535824,0.732122,-31.290001,7.280000,176.190002
110689,,,,,,,,,,,,,,,,,,,,-0.494522,0.765549,-2.447570,,,,,,
110697,,,,,,,,,,,,,,,,,,,,,,,0.092415,0.535824,0.732122,20.020000,25.969999,167.300003
110698,,,,,,,,,,,,,134.283005,144.926453,0.548878,0.574559,,,,-0.512584,0.753461,-2.423607,,,,,,
110707,,,,,,,,,,,,,,,,,,,,,,,0.077348,0.559126,0.812825,17.080000,6.020000,162.539993
110708,,,,,,,,,,,,,135.455780,144.959229,0.537894,0.574252,,,,-0.531005,0.740894,-2.394839,,,,,,
110719,,,,,,,,,,,,,135.443390,144.973221,0.538010,0.574121,,,,,,,,,,,,
110718,,,,,,,,,,,,,,,,,,,,-0.548694,0.727587,-2.364611,,,,,,
110725,,,,,,,,,,,,,,,,,,,,,,,0.077348,0.559126,0.872971,-27.650000,-70.629997,138.460007
110727,,,,-0.686628,0.727009,-2.384752,2.237101,2.237101,,,,,,,,,,,,,,,,,,,,
110729,,,,,,,,,,,137.737183,144.787720,,,,,0.098674,-0.096785,-0.015886,,,,,,,,,
110730,,,,,,,,,,,,,136.289337,145.278488,0.564528,0.574548,,,,,,,,,,,,
110728,,,,,,,,,,,,,,,,,,,,-0.565754,0.713946,-2.337584,,,,,,
110735,,,,,,,,,,,,,,,,,,,,,,,0.053070,0.694790,0.872971,-38.779999,-45.779999,136.850006
110738,,,,,,,,,,,,,137.351669,145.602356,0.554564,0.571510,,,,,,,,,,,,
110740,,,,,,,,,,,,,,,,,,,,,,,0.053070,0.694790,0.872971,-11.200000,-23.520000,135.169998
110739,,,,,,,,,,,,,,,,,,,,-0.582246,0.699922,-2.315507,,,,,,
110747,,,,,,,,,,,,,,,,,,,,-0.599031,0.685147,-2.293253,0.045018,0.426817,0.723033,17.709999,65.449997,125.930000
110748,,,,,,,,,,,,,138.062653,145.553452,0.547896,0.571969,,,,,,,,,,,,
110759,,,,,,,,,,,,,138.517090,144.819855,0.543634,0.578849,,,,,,,,,,,,
110757,,,,,,,,,,,,,,,,,,,,-0.615563,0.670088,-2.274005,,,,,,
110765,,,,,,,,,,,,,,,,,,,,,,,0.099125,0.563152,0.797270,21.700001,28.209999,128.240005
110768,,,,,,,,,,,,,139.237564,145.170959,0.536877,0.575556,,,,-0.631752,0.654544,-2.255960,,,,,,
110770,,,,,,,,,,,,,,,,,,,,,,,0.099125,0.563152,0.797270,23.309999,6.510000,117.180000
110777,,,,-0.764777,0.644296,-2.270898,2.264737,2.264737,,,,,,,,,,,,,,,,,,,,
110779,,,,,,,,,,,138.779434,146.444336,,,,,0.091961,-0.096896,-0.010266,,,,,,,,,
110780,,,,,,,,,,,,,139.610764,145.483765,0.547169,0.594961,,,,,,,,,,,,
110778,,,,,,,,,,,,,,,,,,,,-0.647413,0.638717,-2.237033,,,,,,
110782,,,,,,,,,,,,,,,,,,,,,,,0.099125,0.563152,0.797270,-43.259998,-13.580000,112.839996
110787,,,,,,,,,,,,,,,,,,,,,,,0.071248,0.437065,0.619455,12.390000,11.340000,104.580002
110788,,,,,,,,,,,,,139.308441,144.977982,0.550060,0.599797,,,,-0.662797,0.622542,-2.215270,,,,,,
110797,,,,,,,,,,,,,,,,,,,,,,,0.071248,0.437065,0.619455,-14.910000,14.070000,110.459999
110798,,,,,,,,,,,,,139.779572,145.100296,0.545555,0.598628,,,,,,,,,,,,
110799,,,,,,,,,,,,,,,,,,,,-0.678207,0.605749,-2.196997,,,,,,
110807,,,,,,,,,,,,,,,,,,,,,,,0.104127,0.633790,0.948794,15.820000,-1.260000,108.220001
110808,,,,,,,,,,,,,140.035446,145.606216,0.543109,0.593791,,,,,,,,,,,,
110819,,,,,,,,,,,,,140.429291,146.121140,0.539343,0.588867,,,,-0.707526,0.571328,-2.153996,,,,,,
110809,,,,,,,,,,,,,,,,,,,,-0.692945,0.588427,-2.178995,,,,,,
110825,,,,,,,,,,,,,,,,,,,,,,,0.077958,0.415715,0.646234,-85.260002,-10.570000,118.650002
110827,,,,-0.833638,0.552311,-2.155930,2.288825,2.288825,,,,,,,,,,,,-0.721246,0.553765,-2.137547,,,,,,
110829,,,,,,,,,,,139.296402,148.305664,,,,,0.085220,-0.095207,0.002408,,,,,,,,,
110830,,,,,,,,,,,,,140.648865,146.415894,0.544218,0.611342,,,,,,,,,,,,
110835,,,,,,,,,,,,,,,,,,,,,,,0.077958,0.415715,0.646234,-2.660000,-0.560000,110.040001
110838,,,,,,,,,,,,,140.531387,146.770615,0.545345,0.607941,,,,,,,,,,,,
110837,,,,,,,,,,,,,,,,,,,,-0.734646,0.535439,-2.120649,,,,,,
110841,,,,,,,,,,,,,,,,,,,,,,,0.096685,0.540887,0.836432,-26.320000,-17.780001,122.639999
110847,,,,,,,,,,,,,,,,,,,,-0.747662,0.516985,-2.098647,0.096685,0.540887,0.836432,-52.360001,-19.040001,111.650002
110848,,,,,,,,,,,,,140.719955,147.066071,0.543537,0.605108,,,,,,,,,,,,
110857,,,,,,,,,,,,,,,,,,,,,,,0.096685,0.424438,0.647088,9.800000,5.250000,100.239998
110858,,,,,,,,,,,,,141.524612,147.414764,0.535822,0.601765,,,,-0.760294,0.498211,-2.082695,,,,,,
110867,,,,,,,,,,,,,,,,,,,,,,,0.062098,0.424438,0.647088,-50.820000,18.900000,119.279999
110868,,,,,,,,,,,,,141.494720,148.090881,0.536108,0.595282,,,,,,,,,,,,
110880,,,,-0.891916,0.452202,-2.040028,2.309306,2.309306,,,,,,,,,,,,,,,,,,,,
110883,,,,,,,,,,,139.136551,152.186584,,,,,0.102232,-0.092603,0.043644,,,,,,,,,
110884,,,,,,,,,,,,,141.198944,148.071060,0.536699,0.648351,,,,,,,,,,,,
110879,,,,,,,,,,,,,,,,,,,,-0.784580,0.459842,-2.050649,,,,,,
110886,,,,,,,,,,,,,,,,,,,,-0.796561,0.440091,-2.027479,,,,,,
110890,,,,,,,,,,,,,,,,,,,,,,,0.107665,0.503006,0.839970,4.620000,-38.290001,122.709999
110895,,,,,,,,,,,,,,,,,,,,,,,0.107665,0.514474,0.847839,57.400002,-45.360001,124.529999
110898,,,,,,,,,,,,,141.232422,148.645721,0.536377,0.642821,,,,,,,,,,,,
110897,,,,,,,,,,,,,,,,,,,,-0.807978,0.419916,-2.005317,,,,,,
110900,,,,,,,,,,,,,,,,,,,,,,,0.074603,0.514474,0.847839,63.560001,-36.470001,109.410004
110907,,,,,,,,,,,,,,,,,,,,-0.818978,0.399726,-1.975638,0.074603,0.514474,0.847839,22.610001,-4.620000,131.389999
110908,,,,,,,,,,,,,141.841812,149.722855,0.530513,0.632456,,,,,,,,,,,,
110917,,,,,,,,,,,,,,,,,,,,,,,0.063196,0.359778,0.507581,-8.190000,29.750000,136.850006
110918,,,,,,,,,,,,,141.845200,150.671387,0.530480,0.623328,,,,-0.829049,0.378427,-1.951852,,,,,,
110927,,,,-0.938484,0.345322,-1.923378,2.326132,2.326132,,,,,,,,,,,,,,,,,,,,
110929,,,,,,,,,,,139.479294,151.576736,,,,,0.073059,-0.089765,0.032337,,,,,,,,,
110930,,,,,,,,,,,,,141.859268,151.017212,0.535352,0.611612,,,,,,,,,,,,
110928,,,,,,,,,,,,,,,,,,,,-0.839197,0.357551,-1.928952,,,,,,
110943,,,,,,,,,,,,,141.672333,151.565277,0.537125,0.606416,,,,,,,0.063196,0.359778,0.507581,56.490002,10.990000,154.770004
110939,,,,,,,,,,,,,,,,,,,,-0.849104,0.335988,-1.905121,,,,,,
110948,,,,,,,,,,,,,142.674774,153.039703,0.527620,0.592436,,,,,,,0.110288,0.557418,0.812764,6.020000,-46.900002,163.309998
110949,,,,,,,,,,,,,,,,,,,,-0.858055,0.314872,-1.877172,,,,,,
110953,,,,,,,,,,,,,,,,,,,,,,,0.049105,0.441335,0.664595,-38.080002,-44.590000,167.300003
110958,,,,,,,,,,,,,142.760101,153.228348,0.526811,0.590648,,,,,,,,,,,,
110959,,,,,,,,,,,,,,,,,,,,,,,0.049105,0.441335,0.664595,-35.490002,-20.510000,167.300003
110956,,,,,,,,,,,,,,,,,,,,-0.866461,0.294031,-1.848759,,,,,,
110967,,,,,,,,,,,,,,,,,,,,-0.875118,0.271893,-1.817663,0.049105,0.441335,0.664595,37.799999,53.900002,165.690002
110968,,,,,,,,,,,,,142.563553,153.013870,0.528675,0.592681,,,,,,,,,,,,
110979,,,,,,,,,,,,,142.283936,152.977325,0.531326,0.593028,,,,,,,,,,,,
110982,,,,-0.972429,0.233201,-1.806165,2.339260,2.339260,,,,,,,,,,,,,,,,,,,,
110984,,,,,,,,,,,140.610840,151.188721,,,,,0.061174,-0.085526,0.014365,,,,,,,,,
110977,,,,,,,,,,,,,,,,,,,,-0.883108,0.249036,-1.790524,,,,,,
110988,,,,,,,,,,,,,141.821869,152.769653,0.551116,0.589968,,,,,,,,,,,,
110987,,,,,,,,,,,,,,,,,,,,-0.889675,0.226489,-1.759788,,,,,,
110990,,,,,,,,,,,,,,,,,,,,,,,0.042578,0.729499,0.993934,2.310000,6.650000,162.679993
110995,,,,,,,,,,,,,,,,,,,,,,,0.042578,0.729499,0.993934,-19.530001,9.100000,159.110001
110998,,,,,,,,,,,,,142.351669,153.207611,0.546161,0.585871,,,,-0.896043,0.204122,-1.731198,,,,,,
111001,,,,,,,,,,,,,,,,,,,,,,,0.042578,0.729499,0.993934,-24.080000,-6.230000,160.789993
111007,,,,,,,,,,,,,,,,,,,,,,,0.042578,0.729499,0.435601,-21.910000,-20.580000,168.419998
111008,,,,,,,,,,,,,142.869507,153.103455,0.541317,0.586846,,,,-0.901999,0.181668,-1.702894,,,,,,
111017,,,,,,,,,,,,,,,,,,,,,,,0.037515,0.292373,0.435601,19.530001,-42.700001,163.100006
111018,,,,,,,,,,,,,142.680466,152.935455,0.543085,0.588417,,,,-0.908235,0.159227,-1.676070,,,,,,
111027,,,,-0.993072,0.117506,-1.688575,2.348661,2.348661,,,,,,,,,,,,,,,,,,,,
111029,,,,,,,,,,,141.677368,150.340393,,,,,0.050277,-0.080698,-0.008729,-0.913670,0.136916,-1.652797,,,,,,
111030,,,,,,,,,,,,,142.725510,153.167984,0.556935,0.574992,,,,,,,,,,,,
111042,,,,,,,,,,,,,,,,,,,,,,,-0.002135,0.809226,0.961299,3.430000,-53.340000,150.009995
111043,,,,,,,,,,,,,143.289993,153.341797,0.551670,0.573371,,,,,,,,,,,,
111039,,,,,,,,,,,,,,,,,,,,-0.917824,0.114226,-1.629745,,,,,,
111048,,,,,,,,,,,,,144.833511,153.291107,0.537276,0.573844,,,,,,,0.048739,0.344345,0.480253,-42.980000,-53.830002,149.800003
111047,,,,,,,,,,,,,,,,,,,,-0.921440,0.091069,-1.597030,,,,,,
111054,,,,,,,,,,,,,,,,,,,,,,,0.048739,0.344345,0.480253,18.200001,67.269997,145.179993
111058,,,,,,,,,,,,,145.010315,153.283920,0.535627,0.573911,,,,,,,,,,,,
111059,,,,,,,,,,,,,,,,,,,,,,,0.048739,0.344345,0.480253,-8.610000,109.339996,140.979996
111057,,,,,,,,,,,,,,,,,,,,-0.925163,0.068047,-1.571531,,,,,,
111067,,,,,,,,,,,,,,,,,,,,-0.928874,0.043729,-1.551365,0.069662,0.534421,0.847534,44.029999,83.720001,137.059998
111068,,,,,,,,,,,,,144.093704,152.159210,0.544175,0.584400,,,,,,,,,,,,
111077,,,,-1.000000,0.000000,-1.570796,2.354310,2.354310,,,,,,,,,,,,,,,,,,,,
111079,,,,,,,,,,,141.802048,150.148361,,,,,0.042148,-0.072899,-0.015175,,,,,,,,,
111080,,,,,,,,,,,,,144.184021,151.888077,0.544781,0.584213,,,,,,,,,,,,
111078,,,,,,,,,,,,,,,,,,,,-0.931279,0.019594,-1.528381,,,,,,
111082,,,,,,,,,,,,,,,,,,,,,,,0.069662,0.534421,0.847534,-12.040000,39.689999,136.360001
111087,,,,,,,,,,,,,,,,,,,,,,,0.032818,0.715896,0.923113,-34.230000,28.070000,127.050003
111088,,,,,,,,,,,,,144.413315,152.254135,0.542622,0.580767,,,,-0.932486,-0.004319,-1.498213,,,,,,
111098,,,,,,,,,,,,,,,0.545429,0.585608,,,,,,,,,,,,
111099,,,,,,,,,,,,,144.115158,151.739960,,,,,,-0.933608,-0.027714,-1.471926,,,,,,
111104,,,,,,,,,,,,,,,,,,,,,,,0.036661,0.532164,0.744810,50.189999,-28.700001,128.520004
111108,,,,,,,,,,,,,144.225037,151.818314,0.544395,0.584870,,,,,,,,,,,,
111106,,,,,,,,,,,,,,,,,,,,-0.934648,-0.051000,-1.456888,,,,,,
111110,,,,,,,,,,,,,,,,,,,,,,,0.036661,0.532164,0.744810,28.700001,-59.360001,119.839996
111117,,,,,,,,,,,,,,,,,,,,-0.934545,-0.073616,-1.430954,0.036661,0.532164,0.744810,-63.980000,-81.620003,121.169998
111118,,,,,,,,,,,,,143.839111,151.873566,0.548028,0.584350,,,,,,,,,,,,
111127,,,,-0.993072,-0.117506,-1.453018,2.356194,2.356194,,,,,,,,,,,,-0.933528,-0.096389,-1.408807,,,,,,
111130,,,,,,,,,,,141.605881,149.952698,144.607208,152.257248,0.538195,0.578136,0.035096,-0.065027,-0.018106,,,,,,,,,
111142,,,,,,,,,,,,,144.795334,152.156998,0.536426,0.579079,,,,,,,,,,,,
111144,,,,,,,,,,,,,,,,,,,,,,,0.003599,0.747250,0.916220,-28.559999,-112.699997,120.050003
111137,,,,,,,,,,,,,,,,,,,,-0.931821,-0.117827,-1.394088,,,,,,
111148,,,,,,,,,,,,,144.524017,151.663666,0.538977,0.583718,,,,-0.930980,-0.141967,-1.379894,,,,,,
111149,,,,,,,,,,,,,,,,,,,,,,,0.015189,0.223748,0.447923,36.259998,119.910004,112.769997
111154,,,,,,,,,,,,,,,,,,,,,,,0.015189,0.223748,0.447923,-13.370000,134.330002,113.680000
111158,,,,,,,,,,,,,144.532928,151.086182,0.538894,0.589150,,,,-0.929001,-0.165727,-1.362158,,,,,,
111160,,,,,,,,,,,,,,,,,,,,,,,0.089853,0.635376,0.915183,-38.639999,105.349998,114.099998
111167,,,,,,,,,,,,,,,,,,,,,,,0.089853,0.635376,0.915183,27.160000,46.060001,104.230003
111168,,,,,,,,,,,,,144.091385,150.701935,0.543046,0.592764,,,,-0.926335,-0.189285,-1.344463,,,,,,
111177,,,,-0.972429,-0.233201,-1.335428,2.354310,2.354310,,,,,,,,,,,,,,,,,,,,
111179,,,,,,,,,,,139.885559,151.193314,,,,,0.032060,-0.055719,0.011285,-0.922904,-0.212971,-1.327200,,,,,,
111180,,,,,,,,,,,,,143.935333,150.405334,0.520985,0.612275,,,,,,,,,,,,
111182,,,,,,,,,,,,,,,,,,,,,,,0.089853,0.477203,0.583282,-12.880000,31.010000,99.260002
111187,,,,,,,,,,,,,,,,,,,,,,,0.035624,0.477203,0.583282,-9.310000,1.120000,101.709999
111188,,,,,,,,,,,,,144.086609,150.923172,0.519545,0.607345,,,,,,,,,,,,
111186,,,,,,,,,,,,,,,,,,,,-0.918814,-0.236701,-1.295354,,,,,,
111199,,,,,,,,,,,,,144.016663,151.223129,0.520211,0.604489,,,,,,,,,,,,
111197,,,,,,,,,,,,,,,,,,,,-0.914573,-0.259560,-1.278279,,,,,,
111205,,,,,,,,,,,,,,,,,,,,,,,0.060756,0.640744,0.808555,-14.210000,-53.060001,117.180000
111208,,,,,,,,,,,,,143.255081,151.841980,0.527462,0.598597,,,,,,,,,,,,
111210,,,,,,,,,,,,,,,,,,,,-0.909655,-0.281759,-1.278698,0.060756,0.640744,0.808555,-11.410000,-87.570000,115.290001
111217,,,,,,,,,,,,,,,,,,,,-0.904157,-0.303933,-1.240620,0.036417,0.512095,0.658495,-17.219999,-97.300003,126.349998
111218,,,,,,,,,,,,,143.601685,152.474335,0.524162,0.592577,,,,,,,,,,,,
111227,,,,-0.938484,-0.345322,-1.218214,2.348661,2.348661,,,,,,,,,,,,,,,,,,,,
111229,,,,,,,,,,,138.641907,151.318222,,,,,0.027630,-0.046656,0.024090,,,,,,,,,
111230,,,,,,,,,,,,,143.643723,152.425552,0.507373,0.594825,,,,,,,,,,,,
111228,,,,,,,,,,,,,,,,,,,,-0.898287,-0.325557,-1.223374,,,,,,
111232,,,,,,,,,,,,,,,,,,,,,,,0.036417,0.512095,0.658495,-17.500000,-95.690002,122.360001
111237,,,,,,,,,,,,,,,,,,,,,,,0.013664,0.353312,0.664229,21.000000,89.949997,122.709999
111238,,,,,,,,,,,,,143.466034,152.313400,0.509050,0.595883,,,,-0.892052,-0.348853,-1.189786,,,,,,
111247,,,,,,,,,,,,,,,,,,,,,,,0.013664,0.353312,0.664229,26.180000,91.629997,130.339996
111248,,,,,,,,,,,,,142.643158,152.280411,0.516814,0.596194,,,,,,,,,,,,
111259,,,,,,,,,,,,,142.337280,151.967697,0.519700,0.599145,,,,-0.877483,-0.394927,-1.143876,,,,,,
111249,,,,,,,,,,,,,,,,,,,,-0.885117,-0.371857,-1.173557,,,,,,
111264,,,,,,,,,,,,,,,,,,,,,,,0.106201,0.572058,0.919087,-62.650002,27.370001,150.710007
111268,,,,,,,,,,,,,141.840256,152.330063,0.524390,0.595726,,,,,,,,,,,,
111270,,,,,,,,,,,,,,,,,,,,,,,0.106201,0.572058,0.919087,-0.770000,26.809999,140.279999
111269,,,,,,,,,,,,,,,,,,,,-0.868831,-0.417399,-1.124975,,,,,,
111277,,,,-0.891916,-0.452202,-1.101564,2.339260,2.339260,,,,,,,,,,,,,,,,,,,,
111279,,,,,,,,,,,137.658112,150.602280,,,,,0.021258,-0.036640,0.024707,,,,,,,,,
111280,,,,,,,,,,,,,141.764847,152.421219,0.512221,0.585396,,,,,,,,,,,,
111276,,,,,,,,,,,,,,,,,,,,-0.860982,-0.439322,-1.095046,,,,,,
111282,,,,,,,,,,,,,,,,,,,,,,,0.023729,0.438956,0.644465,15.890000,7.840000,152.740005
111287,,,,,,,,,,,,,,,,,,,,-0.852267,-0.460458,-1.075735,0.023729,0.438956,0.644465,-9.310000,-42.700001,145.880005
111288,,,,,,,,,,,,,141.362427,153.005234,0.515985,0.579934,,,,,,,,,,,,
111300,,,,,,,,,,,,,141.812866,152.954453,0.511772,0.580409,,,,,,,,,,,,
111297,,,,,,,,,,,,,,,,,,,,-0.843041,-0.481367,-1.046628,,,,,,
111305,,,,,,,,,,,,,,,,,,,,,,,0.002379,0.721569,1.052433,-40.459999,-78.750000,159.460007
111308,,,,,,,,,,,,,142.126434,153.638947,0.508839,0.574006,,,,,,,,,,,,
111307,,,,,,,,,,,,,,,,,,,,-0.832758,-0.502542,-1.017723,,,,,,
111311,,,,,,,,,,,,,,,,,,,,,,,0.024461,0.274927,0.364841,-13.650000,-87.010002,161.770004
111317,,,,,,,,,,,,,,,,,,,,,,,0.024461,0.274927,0.364841,32.480000,39.759998,157.779999
111318,,,,,,,,,,,,,141.770676,153.675842,0.512166,0.573661,,,,-0.823230,-0.522876,-0.992250,,,,,,
111327,,,,-0.833638,-0.552311,-0.985663,2.326132,2.326132,,,,,,,,,,,,,,,,,,,,
111329,,,,,,,,,,,137.365097,149.122910,,,,,0.018373,-0.025721,0.008133,,,,,,,,,
111330,,,,,,,,,,,,,141.432755,152.805695,0.511786,0.562382,,,,,,,,,,,,
111328,,,,,,,,,,,,,,,,,,,,-0.812063,-0.544400,-0.967488,,,,,,
111332,,,,,,,,,,,,,,,,,,,,,,,0.024461,0.274927,0.364841,-43.400002,74.199997,156.449997
111337,,,,,,,,,,,,,,,,,,,,,,,0.032330,0.717360,1.002047,17.780001,75.040001,158.759995
111338,,,,,,,,,,,,,140.621429,152.282867,0.519300,0.567224,,,,,,,,,,,,
111339,,,,,,,,,,,,,,,,,,,,-0.800076,-0.565722,-0.939840,,,,,,
111347,,,,,,,,,,,,,,,,,,,,,,,0.032330,0.488549,0.590846,-23.240000,33.950001,156.449997
111348,,,,,,,,,,,,,140.834244,152.293655,0.517329,0.567124,,,,,,,,,,,,
111359,,,,,,,,,,,,,140.582809,151.730545,0.519658,0.572340,,,,,,,,,,,,
111356,,,,,,,,,,,,,,,,,,,,-0.775947,-0.605583,-0.900046,,,,,,
111364,,,,,,,,,,,,,,,,,,,,,,,0.016775,0.488549,0.590846,5.320000,-16.660000,152.039993
111368,,,,,,,,,,,,,140.046326,151.843796,0.524627,0.571291,,,,,,,,,,,,
111367,,,,,,,,,,,,,,,,,,,,-0.763217,-0.625369,-0.875576,,,,,,
111370,,,,,,,,,,,,,,,,,,,,,,,0.016958,0.691069,0.782935,-3.570000,-11.900000,146.720001
111377,,,,-0.764777,-0.644296,-0.870695,2.309306,2.309306,,,,,,,,,,,,-0.749333,-0.644807,-0.832676,,,,,,
111379,,,,,,,,,,,136.106522,147.877090,,,,,0.013327,-0.014419,0.005201,,,,,,,,,
111380,,,,,,,,,,,,,140.278076,151.578537,0.505811,0.557245,,,,,,,,,,,,
111382,,,,,,,,,,,,,,,,,,,,,,,0.016958,0.691069,0.782935,-3.710000,-34.299999,153.649994
111387,,,,,,,,,,,,,,,,,,,,-0.735234,-0.662995,-0.802639,0.019764,0.648125,0.915610,-27.930000,-69.790001,150.919998
111388,,,,,,,,,,,,,140.562775,151.436615,0.503175,0.558559,,,,,,,,,,,,
111397,,,,,,,,,,,,,,,,,,,,,,,0.019764,0.648125,0.915610,18.410000,-78.610001,151.059998
111398,,,,,,,,,,,,,140.839523,151.640244,0.500614,0.556674,,,,-0.721603,-0.681069,-0.772047,,,,,,
111407,,,,,,,,,,,,,,,,,,,,,,,0.020923,0.380762,0.545340,-1.120000,-36.889999,147.770004
111408,,,,,,,,,,,,,140.913788,151.641373,0.499926,0.556663,,,,-0.707472,-0.698867,-0.744984,,,,,,
111419,,,,,,,,,,,,,140.584778,151.112335,0.502972,0.561560,,,,-0.692330,-0.716072,-0.721397,,,,,,
111425,,,,,,,,,,,,,,,,,,,,,,,0.053863,0.630740,0.932995,-6.720000,19.459999,147.699997
111427,,,,-0.686628,-0.727009,-0.756841,2.288825,2.288825,,,,,,,,,,,,,,,,,,,,
111429,,,,,,,,,,,136.095352,145.042099,,,,,0.011045,-0.005277,-0.031052,,,,,,,,,
111430,,,,,,,,,,,,,139.982956,150.354446,0.508378,0.530970,,,,-0.676447,-0.733176,-0.701116,,,,,,
111435,,,,,,,,,,,,,,,,,,,,,,,0.053863,0.630740,0.932995,21.910000,8.330000,140.699997
111438,,,,,,,,,,,,,140.027161,150.101944,0.507969,0.533309,,,,,,,,,,,,
111437,,,,,,,,,,,,,,,,,,,,-0.661301,-0.750199,-0.671357,,,,,,
111440,,,,,,,,,,,,,,,,,,,,,,,0.053863,0.630740,0.932995,-30.799999,2.520000,142.029999
111447,,,,,,,,,,,,,,,,,,,,,,,0.035502,0.465735,0.695278,-14.000000,-14.420000,147.350006
111448,,,,,,,,,,,,,139.192810,149.313889,0.515696,0.540607,,,,-0.644850,-0.766796,-0.648073,,,,,,
111457,,,,,,,,,,,,,,,,,,,,,,,0.035502,0.465735,0.695278,23.170000,11.270000,139.789993
111458,,,,,,,,,,,,,139.047668,148.660080,0.517040,0.546662,,,,-0.628562,-0.782477,-0.624844,,,,,,
111467,,,,,,,,,,,,,,,,,,,,,,,0.005917,0.787022,1.054507,-7.560000,-15.260000,138.880005
111468,,,,,,,,,,,,,138.921127,148.105331,0.518212,0.551800,,,,,,,,,,,,
111478,,,,,,,,,,,,,139.216202,147.982300,0.515479,0.552939,,,,,,,,,,,,
111481,,,,-0.600623,-0.799532,-0.644280,2.264737,2.264737,,,,,,,,,,,,,,,,,,,,
111484,,,,,,,,,,,134.949509,145.056732,,,,,0.030363,0.001662,-0.018082,,,,,,,,,
111479,,,,,,,,,,,,,,,,,,,,-0.594489,-0.812507,-0.581302,,,,,,
111488,,,,,,,,,,,,,139.260559,147.800781,0.499393,0.554508,,,,,,,,,,,,
111489,,,,,,,,,,,,,,,,,,,,,,,0.013115,0.492575,0.662765,-64.889999,-59.779999,118.510002
111487,,,,,,,,,,,,,,,,,,,,-0.576978,-0.826979,-0.557894,,,,,,
111495,,,,,,,,,,,,,,,,,,,,,,,0.013115,0.492575,0.662765,-77.349998,-24.990000,111.650002
111498,,,,,,,,,,,,,139.078201,147.359161,0.501102,0.558647,,,,-0.558799,-0.840112,-0.537680,,,,,,
111500,,,,,,,,,,,,,,,,,,,,,,,0.043371,0.630435,0.877180,-33.950001,2.730000,111.089996
111507,,,,,,,,,,,,,,,,,,,,,,,0.043371,0.630435,0.877180,34.090000,25.410000,106.120003
111508,,,,,,,,,,,,,139.008804,147.075821,0.501752,0.561303,,,,-0.540488,-0.853855,-0.520584,,,,,,
111517,,,,,,,,,,,,,,,,,,,,,,,0.063379,0.442738,0.719190,-18.900000,16.309999,120.540001
111518,,,,,,,,,,,,,138.875198,146.758438,0.503004,0.564278,,,,-0.522294,-0.866824,-0.497725,,,,,,
111527,,,,-0.508282,-0.861191,-0.533188,2.237101,2.237101,,,,,,,,,,,,,,,,,,,,
111529,,,,,,,,,,,132.811478,141.971359,,,,,0.010843,0.010525,-0.031072,,,,,,,,,
111530,,,,,,,,,,,,,138.569763,146.560226,0.477169,0.524791,,,,,,,,,,,,
111541,,,,,,,,,,,,,137.906387,146.612244,0.483399,0.524302,,,,,,,,,,,,
111542,,,,,,,,,,,,,,,,,,,,,,,0.063379,0.442738,0.719190,29.400000,18.900000,112.419998
111539,,,,,,,,,,,,,,,,,,,,-0.483878,-0.891994,-0.457884,,,,,,
111548,,,,,,,,,,,,,137.936981,146.017349,0.483112,0.529889,,,,,,,0.043127,0.566385,0.815448,0.210000,16.170000,115.500000
111547,,,,,,,,,,,,,,,,,,,,-0.464313,-0.903494,-0.438073,,,,,,
111553,,,,,,,,,,,,,,,,,,,,,,,0.043127,0.566385,0.815448,5.320000,7.840000,121.870003
111558,,,,,,,,,,,,,137.103745,144.981720,0.490937,0.539615,,,,,,,0.045506,0.557845,0.872178,-7.000000,-1.050000,124.669998
111557,,,,,,,,,,,,,,,,,,,,-0.444970,-0.914604,-0.415426,,,,,,
111567,,,,,,,,,,,,,,,,,,,,-0.425045,-0.925253,-0.395849,0.045506,0.557845,0.872178,16.590000,-6.580000,117.320000
111568,,,,,,,,,,,,,136.882523,145.256195,0.493014,0.537037,,,,,,,,,,,,
111577,,,,-0.411171,-0.911558,-0.423738,2.205987,2.205987,,,,,,,,,,,,,,,,,,,,
111579,,,,,,,,,,,130.526993,140.177536,,,,,0.007353,0.017136,-0.025781,,,,,,,,,
111580,,,,,,,,,,,,,136.869720,144.838593,0.462620,0.516995,,,,,,,,,,,,
111578,,,,,,,,,,,,,,,,,,,,-0.404732,-0.935682,-0.375867,,,,,,
111582,,,,,,,,,,,,,,,,,,,,,,,-0.006710,0.536861,0.834297,-17.570000,-4.900000,106.470001
111587,,,,,,,,,,,,,,,,,,,,,,,-0.006710,0.536861,0.834297,-28.280001,1.960000,108.150002
111588,,,,,,,,,,,,,136.163452,144.900848,0.469244,0.516411,,,,-0.384397,-0.945252,-0.356272,,,,,,
111599,,,,,,,,,,,,,135.540680,144.390381,0.475085,0.521198,,,,,,,,,,,,
111598,,,,,,,,,,,,,,,,,,,,-0.363901,-0.954625,-0.336555,,,,,,
111604,,,,,,,,,,,,,,,,,,,,,,,0.011285,0.441701,0.791048,12.250000,0.140000,117.739998
111608,,,,,,,,,,,,,135.355560,144.019516,0.476821,0.524677,,,,,,,,,,,,
111610,,,,,,,,,,,,,,,,,,,,,,,0.011285,0.441701,0.791048,41.299999,-6.440000,118.510002
111609,,,,,,,,,,,,,,,,,,,,-0.343667,-0.963348,-0.319896,,,,,,
111617,,,,,,,,,,,,,,,,,,,,,,,-0.008845,0.537349,0.918965,28.000000,-7.420000,113.400002
111618,,,,,,,,,,,,,135.244934,143.630005,0.477859,0.528330,,,,,,,,,,,,
111616,,,,,,,,,,,,,,,,,,,,-0.323067,-0.972043,-0.300141,,,,,,
111627,,,,-0.310859,-0.950456,-0.316097,2.171469,2.171469,,,,,,,,,,,,-0.301847,-0.979790,-0.283332,,,,,,
111630,,,,,,,,,,,127.879440,138.450684,134.896179,143.298248,0.445545,0.508225,0.005025,0.023484,-0.014577,,,,,,,,,
111641,,,,,,,,,,,,,,,0.448167,0.509840,,,,,,,,,,,,
111642,,,,,,,,,,,,,134.617249,143.126450,,,,,,,,,,,,,,
111643,,,,,,,,,,,,,,,,,,,,,,,-0.008845,0.537349,0.918965,-26.250000,-18.129999,102.480003
111637,,,,,,,,,,,,,,,,,,,,-0.280897,-0.987263,-0.260943,,,,,,
111648,,,,,,,,,,,,,,,,,,,,,,,-0.000488,0.504775,0.933178,14.980000,12.670000,108.430000
111649,,,,,,,,,,,,,134.136368,142.786682,0.452689,0.513035,,,,,,,,,,,,
111647,,,,,,,,,,,,,,,,,,,,-0.259863,-0.994198,-0.244122,,,,,,
111654,,,,,,,,,,,,,,,,,,,,,,,-0.036783,0.504775,0.933178,23.660000,7.210000,108.919998
111658,,,,,,,,,,,,,133.660416,142.162216,0.457164,0.518906,,,,-0.238558,-1.000812,-0.227556,,,,,,
111659,,,,,,,,,,,,,,,,,,,,,,,-0.036783,0.504775,0.933178,19.459999,16.660000,112.279999
111667,,,,,,,,,,,,,,,,,,,,,,,-0.036783,0.505873,1.029558,-16.660000,-1.260000,106.260002
111668,,,,,,,,,,,,,132.805252,142.157944,0.465204,0.518946,,,,-0.217367,-1.006910,-0.210707,,,,,,
111677,,,,-0.208879,-0.977942,-0.210428,2.133634,2.133634,,,,,,,,,,,,,,,,,,,,
111679,,,,,,,,,,,124.860474,136.601547,,,,,0.002092,0.029465,0.000263,,,,,,,,,
111680,,,,,,,,,,,,,132.398514,142.103973,0.428688,0.494759,,,,,,,,,,,,
111678,,,,,,,,,,,,,,,,,,,,-0.195772,-1.011962,-0.191404,,,,,,
111682,,,,,,,,,,,,,,,,,,,,,,,-0.048739,0.505873,1.029558,-29.750000,-7.280000,103.389999
111687,,,,,,,,,,,,,,,,,,,,,,,-0.011224,0.349225,0.615429,-3.150000,-15.890000,111.510002
111688,,,,,,,,,,,,,132.430161,141.274719,0.428391,0.502542,,,,-0.174382,-1.017261,-0.166176,,,,,,
111699,,,,,,,,,,,,,131.620529,140.539932,0.435990,0.509439,,,,-0.153037,-1.021774,-0.152481,,,,,,
111705,,,,,,,,,,,,,,,,,,,,,,,-0.011224,0.488976,0.961970,14.840000,0.350000,118.160004
111708,,,,,,,,,,,,,131.091873,140.446335,0.440952,0.510318,,,,,,,,,,,,
111706,,,,,,,,,,,,,,,,,,,,-0.131411,-1.026062,-0.127330,,,,,,
111710,,,,,,,,,,,,,,,,,,,,,,,-0.028853,0.488976,0.961970,9.800000,9.240000,119.279999
111717,,,,,,,,,,,,,,,,,,,,-0.109824,-1.030141,-0.107926,-0.028853,0.488976,0.961970,14.280000,8.960000,122.010002
111718,,,,,,,,,,,,,130.132309,140.206665,0.449959,0.512568,,,,,,,,,,,,
111727,,,,-0.106688,-0.994293,-0.106891,2.092578,2.092578,,,,,,,,,,,,-0.088313,-1.033365,-0.088580,,,,,,
111729,,,,,,,,,,,122.196861,133.971771,,,,,-0.000843,0.035455,0.001418,,,,,,,,,
111730,,,,,,,,,,,,,129.876038,140.205582,0.416924,0.477549,,,,,,,,,,,,
111732,,,,,,,,,,,,,,,,,,,,,,,-0.041114,0.451888,0.881755,-34.930000,3.500000,121.519997
111737,,,,,,,,,,,,,,,,,,,,-0.066753,-1.035940,-0.066249,-0.041114,0.451888,0.881755,-41.369999,2.520000,121.730003
111738,,,,,,,,,,,,,129.273148,139.963974,0.422566,0.479810,,,,,,,,,,,,
111747,,,,,,,,,,,,,,,,,,,,,,,-0.046238,0.429013,0.834907,25.059999,-14.140000,125.089996
111748,,,,,,,,,,,,,128.600021,139.247742,0.428865,0.486513,,,,-0.045290,-1.038270,-0.046820,,,,,,
111759,,,,,,,,,,,,,127.949570,138.834961,0.434952,0.490376,,,,,,,,,,,,
111758,,,,,,,,,,,,,,,,,,,,-0.024255,-1.040554,-0.024754,,,,,,
111765,,,,,,,,,,,,,,,,,,,,,,,-0.061671,0.458903,0.976915,-0.910000,40.110001,129.220001
111768,,,,,,,,,,,,,127.345161,138.409454,0.440608,0.494358,,,,-0.002110,-1.042245,-0.005638,,,,,,
111770,,,,,,,,,,,,,,,,,,,,,,,-0.061671,0.458903,0.976915,-34.230000,35.279999,128.800003
111777,,,,-0.005638,-0.999984,-0.005638,2.048404,2.048404,,,,,,,,,,,,,,,,,,,,
111779,,,,,,,,,,,119.466705,131.021637,,,,,-0.003810,0.041684,-0.000437,0.019548,-1.043187,0.016352,,,,,,
111780,,,,,,,,,,,,,126.594521,137.756042,0.411481,0.461365,,,,,,,,,,,,
111782,,,,,,,,,,,,,,,,,,,,,,,-0.061671,0.458903,0.976915,-33.250000,25.410000,126.349998
111787,,,,,,,,,,,,,,,,,,,,,,,-0.014884,0.359107,0.661545,10.920000,26.040001,132.229996
111788,,,,,,,,,,,,,126.717300,137.455322,0.410337,0.464165,,,,,,,,,,,,
111799,,,,,,,,,,,,,126.018150,136.545288,0.416849,0.472641,,,,0.062609,-1.044509,0.066301,,,,,,
111789,,,,,,,,,,,,,,,,,,,,0.041266,-1.043833,0.044092,,,,,,
111805,,,,,,,,,,,,,,,,,,,,,,,-0.091012,0.608353,1.128988,-9.660000,17.570000,129.500000
111808,,,,,,,,,,,,,124.916138,136.210373,0.427113,0.475760,,,,,,,,,,,,
111810,,,,,,,,,,,,,,,,,,,,,,,-0.091012,0.608353,1.128988,-12.180000,8.540000,125.300003
111809,,,,,,,,,,,,,,,,,,,,0.084016,-1.043989,0.088299,,,,,,
111817,,,,,,,,,,,,,,,,,,,,,,,-0.091012,0.608353,0.749934,17.010000,11.900000,127.190002
111818,,,,,,,,,,,,,124.336525,135.487961,0.432511,0.482489,,,,,,,,,,,,
111819,,,,,,,,,,,,,,,,,,,,0.104761,-1.043152,0.110431,,,,,,
111827,,,,0.093049,-0.995662,0.093184,2.001226,2.001226,,,,,,,,,,,,0.125871,-1.042119,0.132545,,,,,,
111829,,,,,,,,,,,117.112030,127.324722,,,,,-0.006426,0.047921,-0.016669,,,,,,,,,
111830,,,,,,,,,,,,,124.154419,134.932785,0.403056,0.438654,,,,,,,,,,,,
111832,,,,,,,,,,,,,,,,,,,,,,,-0.075518,0.381799,0.749934,-36.470001,6.160000,123.830002
111837,,,,,,,,,,,,,,,,,,,,0.146958,-1.040451,0.152057,-0.071980,0.454938,0.798551,-7.630000,6.720000,125.440002
111838,,,,,,,,,,,,,123.790100,134.858322,0.406439,0.439346,,,,,,,,,,,,
111847,,,,,,,,,,,,,,,,,,,,,,,-0.071980,0.454938,0.798551,3.920000,-4.200000,124.250000
111848,,,,,,,,,,,,,123.363876,133.774216,0.410397,0.449412,,,,,,,,,,,,
111859,,,,,,,,,,,,,122.783554,132.966705,0.415785,0.456910,,,,,,,,,,,,
111858,,,,,,,,,,,,,,,,,,,,0.187979,-1.035731,0.196464,,,,,,
111864,,,,,,,,,,,,,,,,,,,,,,,-0.114436,0.516304,0.995154,21.280001,5.670000,107.589996
111868,,,,,,,,,,,,,122.053986,132.561111,0.422560,0.460676,,,,0.208697,-1.032912,0.216067,,,,,,
111870,,,,,,,,,,,,,,,,,,,,,,,-0.114436,0.516304,0.995154,-1.050000,-1.400000,106.959999
111877,,,,0.188302,-0.982111,0.189433,1.951165,1.951165,,,,,,,,,,,,,,,,,,,,
111879,,,,,,,,,,,114.337227,123.680435,,,,,-0.009059,0.053391,-0.026315,,,,,,,,,
111880,,,,,,,,,,,,,121.949356,131.706863,0.386506,0.420023,,,,,,,,,,,,
111878,,,,,,,,,,,,,,,,,,,,0.228874,-1.029473,0.232824,,,,,,
111882,,,,,,,,,,,,,,,,,,,,,,,-0.071370,0.448350,0.815082,-7.000000,-2.940000,96.320000
111887,,,,,,,,,,,,,,,,,,,,,,,-0.071370,0.448350,0.815082,-5.600000,-3.850000,97.089996
111888,,,,,,,,,,,,,121.705376,131.279434,0.388776,0.424001,,,,0.248636,-1.025498,0.243709,,,,,,
111897,,,,,,,,,,,,,,,,,,,,,,,-0.069418,0.421998,0.894443,-29.400000,4.410000,85.330002
111898,,,,,,,,,,,,,120.570839,130.278091,0.399335,0.433320,,,,,,,,,,,,
111899,,,,,,,,,,,,,,,,,,,,0.268101,-1.021444,0.260623,,,,,,
111907,,,,,,,,,,,,,,,,,,,,,,,-0.069418,0.421998,0.894443,-19.950001,-2.520000,74.830002
111908,,,,,,,,,,,,,120.042717,129.304184,0.404250,0.442384,,,,,,,,,,,,
111918,,,,,,,,,,,,,119.430893,128.276459,0.409944,0.451948,,,,,,,,,,,,
111909,,,,,,,,,,,,,,,,,,,,0.287870,-1.016711,0.277272,,,,,,
111919,,,,,,,,,,,,,,,,,,,,0.307407,-1.011762,0.291443,,,,,,
111924,,,,,,,,,,,,,,,,,,,,,,,-0.119255,0.409005,1.015345,-8.820000,9.870000,67.059998
111927,,,,0.279214,-0.960229,0.282975,1.898352,1.898352,,,,,,,,,,,,0.326750,-1.006520,0.299780,,,,,,
111929,,,,,,,,,,,110.467201,120.876488,119.032593,127.939209,0.361177,0.416970,-0.012190,0.057026,-0.009357,,,,,,,,,
111935,,,,,,,,,,,,,,,,,,,,,,,-0.119255,0.366793,0.867176,-0.280000,3.990000,67.690002
111938,,,,,,,,,,,,,119.107147,127.254723,0.360475,0.423419,,,,,,,,,,,,
111937,,,,,,,,,,,,,,,,,,,,0.345778,-1.000435,0.313728,,,,,,
111940,,,,,,,,,,,,,,,,,,,,,,,-0.106445,0.366793,0.867176,37.939999,-0.350000,69.930000
111947,,,,,,,,,,,,,,,,,,,,0.364300,-0.995120,0.327836,-0.106445,0.366793,0.867176,17.010000,0.140000,68.949997
111948,,,,,,,,,,,,,118.355354,126.310028,0.367557,0.432318,,,,,,,,,,,,
111957,,,,,,,,,,,,,,,,,,,,,,,-0.143838,0.284809,0.792146,-20.299999,4.690000,76.510002
111958,,,,,,,,,,,,,117.507500,125.829956,0.375545,0.436841,,,,0.383284,-0.988852,0.338868,,,,,,
111967,,,,,,,,,,,,,,,,,,,,,,,-0.143838,0.284809,0.792146,5.390000,27.370001,84.699997
111968,,,,,,,,,,,,,116.595726,124.706047,0.384134,0.447429,,,,,,,,,,,,
111980,,,,0.365048,-0.930989,0.373685,1.842929,1.842929,,,,,,,,,,,,,,,,,,,,
111982,,,,,,,,,,,106.139709,119.470840,,,,,0.000573,0.060371,0.032072,,,,,,,,,
111978,,,,,,,,,,,,,,,,,,,,0.420713,-0.976140,0.369873,,,,,,
111984,,,,,,,,,,,,,116.010567,124.212051,0.330348,0.432631,,,,,,,,,,,,
111989,,,,,,,,,,,,,,,,,,,,,,,-0.092537,0.243817,0.786900,-44.590000,29.469999,81.059998
111988,,,,,,,,,,,,,,,,,,,,0.438924,-0.969312,0.383906,,,,,,
111995,,,,,,,,,,,,,,,,,,,,,,,-0.092537,0.243817,0.786900,-2.030000,29.959999,85.120003
111998,,,,,,,,,,,,,115.085739,123.928078,0.339175,0.435342,,,,,,,,,,,,
112000,,,,,,,,,,,,,,,,,,,,,,,-0.092537,0.243817,0.786900,-32.830002,36.049999,96.320000
111999,,,,,,,,,,,,,,,,,,,,0.457194,-0.962046,0.400790,,,,,,
112007,,,,,,,,,,,,,,,,,,,,,,,-0.150121,0.318420,0.918294,-6.230000,44.660000,112.279999
112008,,,,,,,,,,,,,113.872429,122.961342,0.350755,0.444569,,,,,,,,,,,,
112009,,,,,,,,,,,,,,,,,,,,0.475192,-0.954639,0.417692,,,,,,
112017,,,,,,,,,,,,,,,,,,,,,,,-0.150121,0.318420,0.918294,12.670000,39.200001,132.509995
112018,,,,,,,,,,,,,112.740486,122.572182,0.361559,0.448283,,,,,,,,,,,,
112019,,,,,,,,,,,,,,,,,,,,0.492655,-0.947247,0.437367,,,,,,
112027,,,,0.445239,-0.895412,0.461441,1.785044,1.785044,,,,,,,,,,,,,,,,,,,,
112029,,,,,,,,,,,102.133835,114.620682,,,,,-0.019394,0.066692,0.024043,,,,,,,,,
112030,,,,,,,,,,,,,111.678253,122.286530,0.318350,0.386048,,,,,,,,,,,,
112026,,,,,,,,,,,,,,,,,,,,0.510268,-0.939415,0.454517,,,,,,
112041,,,,,,,,,,,,,110.661064,121.971870,0.327961,0.389021,,,,,,,,,,,,
112043,,,,,,,,,,,,,,,,,,,,,,,-0.137128,0.284565,0.792329,10.780000,46.619999,141.050003
112037,,,,,,,,,,,,,,,,,,,,0.527915,-0.931440,0.480227,,,,,,
112048,,,,,,,,,,,,,108.776001,120.642784,0.345773,0.401580,,,,,,,-0.101931,0.338916,0.746518,-22.610001,49.840000,147.000000
112047,,,,,,,,,,,,,,,,,,,,0.545151,-0.922731,0.505957,,,,,,
112053,,,,,,,,,,,,,,,,,,,,,,,-0.101931,0.338916,0.746518,-19.180000,34.720001,146.160004
112058,,,,,,,,,,,,,107.933990,120.036102,0.353729,0.407312,,,,,,,-0.101931,0.338916,0.746518,-35.070000,-27.090000,141.050003
112057,,,,,,,,,,,,,,,,,,,,0.562023,-0.913882,0.534530,,,,,,
112067,,,,,,,,,,,,,,,,,,,,,,,-0.297314,0.452193,1.049078,-8.120000,-49.139999,145.320007
112068,,,,,,,,,,,,,107.779610,119.717216,0.355188,0.410325,,,,,,,,,,,,
112078,,,,,,,,,,,,,,,0.361449,0.415068,,,,0.593243,-0.895935,0.592592,,,,,,
112079,,,,,,,,,,,,,107.117035,119.215248,,,,,,,,,,,,,,
112082,,,,0.519388,-0.854539,0.546134,1.724855,1.724855,,,,,,,,,,,,,,,,,,,,
112084,,,,,,,,,,,99.662971,110.850182,,,,,-0.007510,0.072509,0.009828,,,,,,,,,
112088,,,,,,,,,,,,,106.574394,118.515915,0.334208,0.371924,,,,0.608354,-0.886789,0.612878,,,,,,
112089,,,,,,,,,,,,,,,,,,,,,,,-0.168665,0.383507,0.757742,-10.710000,-46.830002,134.610001
112095,,,,,,,,,,,,,,,,,,,,,,,-0.168665,0.383507,0.757742,12.740000,-38.709999,137.550003
112098,,,,,,,,,,,,,105.579559,117.821342,0.343484,0.378400,,,,0.622985,-0.877098,0.633187,,,,,,
112100,,,,,,,,,,,,,,,,,,,,,,,-0.168665,0.383507,0.894260,-13.580000,-36.750000,132.929993
112107,,,,,,,,,,,,,,,,,,,,,,,-0.126087,0.407602,0.894260,-43.470001,-37.799999,130.130005
112108,,,,,,,,,,,,,104.764977,116.713173,0.351080,0.388733,,,,,,,,,,,,
112109,,,,,,,,,,,,,,,,,,,,0.637593,-0.867397,0.659340,,,,,,
112117,,,,,,,,,,,,,,,,,,,,,,,-0.126087,0.407602,0.894260,-12.810000,-21.559999,112.139999
112118,,,,,,,,,,,,,104.546204,116.239105,0.353120,0.393153,,,,,,,,,,,,
112119,,,,,,,,,,,,,,,,,,,,0.652014,-0.857422,0.679956,,,,,,
112127,,,,0.587254,-0.809403,0.627662,1.662531,1.662531,,,,,,,,,,,,,,,,,,,,
112129,,,,,,,,,,,97.425735,104.136139,,,,,,,,,,,,,,,,
112130,,,,,,,,,,,,,103.999481,115.174080,0.328933,0.314506,-0.019144,0.077575,-0.049834,,,,,,,,,
112157,,,,,,,,,,,,,,,,,,,,0.705385,-0.814695,0.741817,,,,,,
112161,,,,,,,,,,,,,103.103081,113.381683,0.337219,0.331075,,,,,,,-0.144631,0.435235,0.875716,-10.850000,-20.580000,114.800003
112166,,,,,,,,,,,,,,,,,,,,,,,-0.189344,0.334158,0.857721,-44.660000,25.830000,39.270000
112168,,,,,,,,,,,,,102.614639,111.263062,0.341735,0.350661,,,,,,,,,,,,
112167,,,,,,,,,,,,,,,,,,,,0.718100,-0.803253,0.750664,,,,,,
112172,,,,,,,,,,,,,,,,,,,,,,,-0.189344,0.334158,0.857721,-15.750000,42.630001,33.250000
112177,,,,0.648742,-0.761009,0.705930,1.598247,1.598247,,,,,,,,,,,,0.730499,-0.791420,0.756500,,,,,,
112179,,,,,,,,,,,93.459938,100.048744,102.016403,109.293182,0.293338,0.313220,-0.021897,0.077953,-0.045690,,,,,,,,,
112182,,,,,,,,,,,,,,,,,,,,,,,-0.171471,0.317261,0.879010,-9.170000,53.130001,31.709999
112187,,,,,,,,,,,,,,,,,,,,,,,-0.171471,0.317261,0.879010,23.520000,58.310001,24.850000
112188,,,,,,,,,,,,,100.873802,107.650269,0.304088,0.328677,,,,0.743015,-0.779785,0.762477,,,,,,
112193,,,,,,,,,,,,,,,,,,,,,,,-0.171471,0.317261,0.879010,33.040001,71.959999,20.719999
112198,,,,,,,,,,,,,100.589951,105.749786,0.306758,0.346558,,,,0.755455,-0.768093,0.765555,-0.180743,0.154452,0.790011,22.260000,84.559998,21.629999
112203,,,,,,,,,,,,,,,,,,,,,,,-0.180743,0.154452,0.790011,-13.160000,99.330002,22.959999
112208,,,,,,,,,,,,,99.671310,104.012794,0.315401,0.362900,,,,,,,,,,,,
112209,,,,,,,,,,,,,,,,,,,,,,,-0.180743,0.154452,0.790011,8.890000,99.400002,21.770000
112220,,,,,,,,,,,,,98.356804,103.368477,0.327769,0.368962,,,,,,,,,,,,
112219,,,,,,,,,,,,,,,,,,,,0.779972,-0.744342,0.775166,,,,,,
112225,,,,,,,,,,,,,,,,,,,,,,,-0.246257,0.076006,0.906460,31.780001,17.219999,11.480000
112227,,,,0.703886,-0.710313,0.780854,1.532188,1.532188,,,,,,,,,,,,,,,,,,,,
112229,,,,,,,,,,,87.636894,97.278923,,,,,-0.030118,0.077502,0.003550,0.791742,-0.733027,0.781925,,,,,,
112230,,,,,,,,,,,,,97.996994,102.213814,0.250335,0.341381,,,,,,,,,,,,
112235,,,,,,,,,,,,,,,,,,,,,,,-0.246257,0.048129,0.565897,-24.430000,-88.760002,16.660000
112238,,,,,,,,,,,,,97.185310,102.136261,0.258186,0.342131,,,,,,,,,,,,
112240,,,,,,,,,,,,,,,,,,,,,,,-0.202337,0.048129,0.565897,-6.860000,-88.900002,25.129999
112239,,,,,,,,,,,,,,,,,,,,0.802320,-0.721987,0.787624,,,,,,
112247,,,,,,,,,,,,,,,,,,,,,,,-0.202337,0.048129,0.565897,-14.770000,-77.910004,33.389999
112248,,,,,,,,,,,,,96.603409,101.318459,0.263815,0.350042,,,,,,,,,,,,
112246,,,,,,,,,,,,,,,,,,,,0.812645,-0.711229,0.789904,,,,,,
112259,,,,,,,,,,,,,,,0.276226,0.356107,,,,,,,,,,,,
112260,,,,,,,,,,,,,95.320328,100.691399,,,,,,,,,,,,,,
112257,,,,,,,,,,,,,,,,,,,,0.822839,-0.700304,0.792522,,,,,,
112264,,,,,,,,,,,,,,,,,,,,,,,-0.241804,0.120414,0.847473,-4.690000,-35.980000,76.230003
112268,,,,,,,,,,,,,94.764259,100.607269,0.281605,0.356921,,,,,,,,,,,,
112267,,,,,,,,,,,,,,,,,,,,0.833151,-0.689476,0.804467,,,,,,
112270,,,,,,,,,,,,,,,,,,,,,,,-0.241804,0.120414,0.909754,-10.920000,-27.790001,86.099998
112277,,,,0.752837,-0.658207,0.852362,1.464551,1.464551,,,,,,,,,,,,0.843208,-0.678760,0.813595,,,,,,
112279,,,,,,,,,,,81.980682,94.188553,,,,,-0.033230,0.079606,0.045370,,,,,,,,,
112280,,,,,,,,,,,,,93.265396,100.048019,0.218183,0.319773,,,,,,,,,,,,
112282,,,,,,,,,,,,,,,,,,,,,,,-0.192394,0.100711,0.909754,14.910000,-29.400000,104.580002
112287,,,,,,,,,,,,,,,,,,,,,,,-0.192394,0.100711,0.909754,51.029999,-3.780000,102.830002
112288,,,,,,,,,,,,,91.764755,99.465347,0.232776,0.325439,,,,0.853697,-0.667906,0.831832,,,,,,
112297,,,,,,,,,,,,,,,,,,,,,,,-0.184220,0.126941,0.811788,-0.700000,-2.030000,118.019997
112298,,,,,,,,,,,,,89.831261,98.505394,0.251579,0.334774,,,,0.863926,-0.656593,0.853081,,,,,,
112307,,,,,,,,,,,,,,,,,,,,,,,-0.184220,0.126941,0.788608,-24.080000,25.549999,128.169998
112308,,,,,,,,,,,,,88.727966,98.217041,0.262308,0.337579,,,,0.873790,-0.645117,0.877443,,,,,,
112319,,,,,,,,,,,,,,,0.275664,0.347275,,,,,,,,,,,,
112320,,,,,,,,,,,,,87.354492,97.219902,,,,,,,,,,,,,,
112318,,,,,,,,,,,,,,,,,,,,0.883488,-0.633572,0.896030,,,,,,
112325,,,,,,,,,,,,,,,,,,,,,,,-0.205265,0.249978,0.788608,-69.650002,62.580002,155.330002
112327,,,,0.795837,-0.605511,0.920388,1.395537,1.395537,,,,,,,,,,,,,,,,,,,,
112329,,,,,,,,,,,78.764877,89.069305,85.642723,96.703171,0.249777,0.283819,-0.032830,0.085887,0.023721,0.892751,-0.621427,0.923802,,,,,,
112335,,,,,,,,,,,,,,,,,,,,,,,-0.220637,0.344833,0.920185,-41.160000,57.889999,158.619995
112338,,,,,,,,,,,,,84.486298,95.754639,0.260753,0.292822,,,,,,,,,,,,
112340,,,,,,,,,,,,,,,,,,,,,,,-0.220637,0.344833,0.920185,-48.369999,48.860001,156.800003
112339,,,,,,,,,,,,,,,,,,,,0.901776,-0.609342,0.951787,,,,,,
112347,,,,,,,,,,,,,,,,,,,,,,,-0.237229,0.330559,0.918111,14.070000,37.380001,164.149994
112348,,,,,,,,,,,,,83.665344,94.787209,0.268546,0.302004,,,,,,,,,,,,
112346,,,,,,,,,,,,,,,,,,,,0.910290,-0.597176,0.980181,,,,,,
112357,,,,,,,,,,,,,,,,,,,,0.918620,-0.585498,1.011611,-0.237229,0.330559,0.918111,-4.900000,-20.299999,131.529999
112358,,,,,,,,,,,,,82.493301,94.050751,0.279670,0.308995,,,,,,,,,,,,
112367,,,,,,,,,,,,,,,,,,,,,,,-0.286639,0.297924,0.756278,6.230000,-45.500000,127.120003
112368,,,,,,,,,,,,,81.998550,93.364990,0.284366,0.315504,,,,,,,,,,,,
112380,,,,0.833207,-0.552962,0.984882,1.325359,1.325359,,,,,,,,,,,,,,,,,,,,
112382,,,,,,,,,,,76.906990,83.596054,,,,,-0.018777,0.089645,-0.026428,,,,,,,,,
112383,,,,,,,,,,,,,81.492363,92.526535,0.264803,0.250978,,,,,,,,,,,,
112377,,,,,,,,,,,,,,,,,,,,0.933218,-0.562643,1.052711,,,,,,
112388,,,,,,,,,,,,,80.400879,91.836525,0.274997,0.257422,,,,0.940008,-0.551006,1.071934,,,,,,
112389,,,,,,,,,,,,,,,,,,,,,,,-0.186416,0.393145,0.925248,-19.250000,-26.530001,108.430000
112394,,,,,,,,,,,,,,,,,,,,,,,-0.186416,0.393145,0.925248,5.040000,-23.940001,109.129997
112398,,,,,,,,,,,,,80.262070,90.432404,0.276293,0.270536,,,,0.946460,-0.539303,1.088129,,,,,,
112400,,,,,,,,,,,,,,,,,,,,,,,-0.186416,0.393145,0.925248,0.980000,-24.430000,89.389999
112407,,,,,,,,,,,,,,,,,,,,,,,-0.156831,0.319030,0.838384,-28.139999,-2.660000,79.940002
112408,,,,,,,,,,,,,79.618805,88.725502,0.282301,0.286478,,,,,,,,,,,,
112409,,,,,,,,,,,,,,,,,,,,0.952590,-0.527447,1.104261,,,,,,
112417,,,,,,,,,,,,,,,,,,,,,,,-0.156831,0.319030,0.838384,31.850000,1.960000,68.320000
112418,,,,,,,,,,,,,79.569832,87.779099,0.282758,0.295317,,,,,,,,,,,,
112416,,,,,,,,,,,,,,,,,,,,0.958566,-0.515664,1.120712,,,,,,
112427,,,,0.865326,-0.501209,1.045801,1.254240,1.254240,,,,,,,,,,,,0.964467,-0.503807,1.127260,,,,,,
112429,,,,,,,,,,,73.657730,77.069023,,,,,-0.026839,0.090101,-0.072482,,,,,,,,,
112430,,,,,,,,,,,,,78.943375,86.773216,0.244869,0.216915,,,,,,,,,,,,
112442,,,,,,,,,,,,,,,0.246356,0.234107,,,,,,,-0.197152,0.223565,0.962397,-12.600000,20.790001,42.139999
112443,,,,,,,,,,,,,78.785362,84.947098,,,,,,,,,,,,,,
112437,,,,,,,,,,,,,,,,,,,,0.969792,-0.491733,1.130597,,,,,,
112447,,,,,,,,,,,,,,,,,,,,,,,-0.139019,0.184769,0.844606,-26.950001,34.369999,5.670000
112448,,,,,,,,,,,,,77.743103,82.927582,0.256169,0.253120,,,,0.974848,-0.479618,1.140166,,,,,,
112453,,,,,,,,,,,,,,,,,,,,,,,-0.139019,0.184769,0.844606,-12.110000,40.950001,-6.300000
112457,,,,,,,,,,,,,,,,,,,,,,,-0.139019,0.184769,0.696010,2.940000,56.419998,-12.600000
112458,,,,,,,,,,,,,76.922104,81.832375,0.263898,0.263431,,,,,,,,,,,,
112459,,,,,,,,,,,,,,,,,,,,0.979954,-0.468026,1.134145,,,,,,
112467,,,,,,,,,,,,,,,,,,,,,,,-0.244610,0.087474,0.696010,-38.849998,65.099998,-29.120001
112468,,,,,,,,,,,,,76.820763,80.402328,0.264852,0.276894,,,,,,,,,,,,
112480,,,,0.892616,-0.450818,1.103115,1.182410,1.182410,,,,,,,,,,,,,,,,,,,,
112482,,,,,,,,,,,68.681229,74.049652,,,,,,,,,,,,,,,,
112483,,,,,,,,,,,,,76.874718,79.168373,0.195016,0.246402,-0.022131,0.086512,-0.032648,,,,,,,,,
112479,,,,,,,,,,,,,,,,,,,,0.990289,-0.444239,1.124465,,,,,,
112487,,,,,,,,,,,,,,,,,,,,0.994972,-0.433629,1.120589,,,,,,
112489,,,,,,,,,,,,,,,,,,,,,,,-0.278648,0.009089,0.774273,-2.870000,-57.959999,-25.760000
112494,,,,,,,,,,,,,,,,,,,,,,,-0.278648,0.009089,0.774273,18.200001,-57.049999,-21.980000
112498,,,,,,,,,,,,,76.118484,78.048370,0.202373,0.257298,,,,,,,,,,,,
112497,,,,,,,,,,,,,,,,,,,,0.999647,-0.423016,1.113958,,,,,,
112500,,,,,,,,,,,,,,,,,,,,,,,-0.212768,-0.089243,0.763781,18.059999,-41.580002,-17.430000
112507,,,,,,,,,,,,,,,,,,,,1.004509,-0.412559,1.113876,-0.212768,-0.089243,0.763781,-15.050000,-26.879999,-9.940000
112508,,,,,,,,,,,,,75.513603,77.137405,0.208257,0.266160,,,,,,,,,,,,
112517,,,,,,,,,,,,,,,,,,,,1.009112,-0.401854,1.110679,-0.293349,-0.066551,0.941230,-20.719999,1.750000,4.550000
112518,,,,,,,,,,,,,74.565857,76.483559,0.217477,0.272521,,,,,,,,,,,,
112527,,,,0.915524,-0.402264,1.156808,1.110109,1.110109,,,,,,,,,,,,,,,,,,,,
112529,,,,,,,,,,,61.356197,70.851196,,,0.128674,0.235842,-0.040806,0.083939,0.042442,,,,,,,,,
112530,,,,,,,,,,,,,73.070808,75.623550,,,,,,,,,,,,,,
112528,,,,,,,,,,,,,,,,,,,,1.014028,-0.391538,1.110679,,,,,,
112541,,,,,,,,,,,,,71.298660,74.428230,0.146335,0.247755,,,,,,,,,,,,
112542,,,,,,,,,,,,,,,,,,,,,,,-0.293349,-0.066551,0.941230,12.530000,15.260000,20.860001
112538,,,,,,,,,,,,,,,,,,,,1.019016,-0.380857,1.124208,,,,,,
112547,,,,,,,,,,,,,,,,,,,,,,,-0.178730,-0.041541,0.887062,12.180000,41.299999,54.740002
112548,,,,,,,,,,,,,69.961189,73.361374,0.159665,0.258388,,,,1.023767,-0.370368,1.120777,,,,,,
112553,,,,,,,,,,,,,,,,,,,,,,,-0.178730,0.038674,0.788791,-14.140000,63.349998,65.029999
112558,,,,,,,,,,,,,67.834656,72.806000,0.180859,0.263923,,,,1.028495,-0.359864,1.136930,-0.253333,0.038674,0.788791,-36.259998,67.269997,76.580002
112567,,,,,,,,,,,,,,,,,,,,,,,-0.253333,0.038674,0.788791,18.830000,-9.310000,104.510002
112568,,,,,,,,,,,,,66.202171,72.666588,0.197128,0.265312,,,,,,,,,,,,
112569,,,,,,,,,,,,,,,,,,,,1.033239,-0.349381,1.153811,,,,,,
112577,,,,0.934508,-0.355942,1.206874,1.037585,1.037585,,,,,,,,,,,,,,,,,,,,
112579,,,,,,,,,,,56.667942,66.108459,65.185181,72.046745,0.143569,0.206494,-0.045654,0.087690,0.051057,,,,,,,,,
112581,,,,,,,,,,,,,,,,,,,,,,,-0.386984,0.101748,0.954284,-43.470001,-30.870001,114.099998
112580,,,,,,,,,,,,,,,,,,,,1.037219,-0.339750,1.173430,,,,,,
112587,,,,,,,,,,,,,,,,,,,,,,,-0.386984,0.101748,0.954284,-7.210000,-25.900000,139.229996
112588,,,,,,,,,,,,,63.923603,71.641953,0.155878,0.210443,,,,,,,,,,,,
112598,,,,,,,,,,,,,62.039875,71.113640,0.174258,0.215598,,,,,,,,,,,,
112589,,,,,,,,,,,,,,,,,,,,1.040847,-0.329423,1.204265,,,,,,
112599,,,,,,,,,,,,,,,,,,,,1.044649,-0.320102,1.223779,,,,,,
112604,,,,,,,,,,,,,,,,,,,,,,,-0.251198,0.207278,0.895785,-50.750000,8.820000,126.279999
112608,,,,,,,,,,,,,60.987076,70.379089,0.184530,0.222765,,,,,,,,,,,,
112607,,,,,,,,,,,,,,,,,,,,1.047725,-0.310337,1.247855,,,,,,
112610,,,,,,,,,,,,,,,,,,,,,,,-0.251198,0.248148,0.825513,-23.799999,14.980000,131.250000
112617,,,,,,,,,,,,,,,,,,,,1.050753,-0.300871,1.268446,-0.330071,0.248148,0.825513,-6.790000,-5.880000,131.600006
112618,,,,,,,,,,,,,59.535278,69.081871,0.198695,0.235422,,,,,,,,,,,,
112627,,,,0.950027,-0.312168,1.253323,0.965097,0.965097,,,,,,,,,,,,1.053297,-0.291419,1.292448,,,,,,
112629,,,,,,,,,,,54.500904,59.910053,,,,,-0.040987,0.092818,-0.013527,,,,,,,,,
112630,,,,,,,,,,,,,58.719223,68.113762,0.177988,0.161819,,,,,,,,,,,,
112632,,,,,,,,,,,,,,,,,,,,,,,-0.330071,0.248148,0.797026,-31.990000,-32.549999,121.730003
112637,,,,,,,,,,,,,,,,,,,,1.055686,-0.282378,1.310395,-0.254126,0.220698,0.797026,2.520000,-35.700001,125.300003
112638,,,,,,,,,,,,,57.697830,66.984306,0.187677,0.172533,,,,,,,,,,,,
112647,,,,,,,,,,,,,,,,,,,,,,,-0.215757,0.186721,0.916708,-2.100000,-18.760000,105.910004
112648,,,,,,,,,,,,,56.705303,65.606728,0.197092,0.185601,,,,1.057959,-0.273185,1.331048,,,,,,
112658,,,,,,,,,,,,,,,0.204124,0.196239,,,,1.060198,-0.264465,1.336223,,,,,,
112659,,,,,,,,,,,,,55.964050,64.485237,,,,,,,,,,,,,,
112664,,,,,,,,,,,,,,,,,,,,,,,-0.215757,0.186721,0.916708,25.830000,23.379999,59.360001
112668,,,,,,,,,,,,,55.388203,63.150791,0.209587,0.208898,,,,1.062069,-0.255353,1.347248,,,,,,
112669,,,,,,,,,,,,,,,,,,,,,,,-0.240462,0.147803,0.885842,-13.370000,28.490000,51.310001
112677,,,,0.962528,-0.271182,1.296175,0.892911,0.892911,,,,,,,,,,,,,,,,,,,,
112679,,,,,,,,,,,51.319592,54.442837,55.066566,61.598007,0.169640,0.149718,-0.037663,0.093641,-0.050714,1.063753,-0.246422,1.354126,,,,,,
112682,,,,,,,,,,,,,,,,,,,,,,,-0.240462,0.147803,0.885842,-14.140000,33.740002,44.310001
112687,,,,,,,,,,,,,,,,,,,,,,,-0.194102,0.105652,1.002230,0.560000,28.070000,37.450001
112688,,,,,,,,,,,,,54.204967,60.356518,0.177835,0.161526,,,,,,,,,,,,
112699,,,,,,,,,,,,,53.545277,58.721191,0.184110,0.177079,,,,1.067228,-0.228591,1.366522,,,,,,
112689,,,,,,,,,,,,,,,,,,,,1.065461,-0.237344,1.362298,,,,,,
112704,,,,,,,,,,,,,,,,,,,,,,,-0.245952,0.046970,0.917867,-11.130000,12.040000,-6.370000
112708,,,,,,,,,,,,,53.634266,57.376331,0.183263,0.189870,,,,,,,,,,,,
112710,,,,,,,,,,,,,,,,,,,,,,,-0.245952,0.046970,0.917867,-3.080000,4.970000,-17.920000
112709,,,,,,,,,,,,,,,,,,,,1.068396,-0.219937,1.368850,,,,,,
112717,,,,,,,,,,,,,,,,,,,,1.069857,-0.211713,1.368270,-0.245952,0.046970,0.917867,5.740000,18.129999,-19.600000
112718,,,,,,,,,,,,,53.372688,56.521263,0.185751,0.198003,,,,,,,,,,,,
112727,,,,0.972438,-0.233163,1.335467,0.821304,0.821304,,,,,,,,,,,,1.071271,-0.203147,1.367468,,,,,,
112729,,,,,,,,,,,46.665829,50.219589,52.980709,55.155041,0.124873,0.152585,-0.040591,0.091276,-0.033603,,,,,,,,,
112732,,,,,,,,,,,,,,,,,,,,,,,-0.246501,-0.008723,0.883158,-14.280000,30.940001,-26.740000
112737,,,,,,,,,,,,,,,,,,,,1.072976,-0.195288,1.356151,-0.246501,-0.008723,0.883158,19.320000,-15.190000,-20.860001
112738,,,,,,,,,,,,,52.334064,54.163548,0.131200,0.162287,,,,,,,,,,,,
112747,,,,,,,,,,,,,,,,,,,,,,,-0.210938,-0.053192,1.004853,-21.629999,-25.340000,-21.490000
112748,,,,,,,,,,,,,51.180832,52.720158,0.142484,0.176410,,,,,,,,,,,,
112759,,,,,,,,,,,,,50.580967,51.876156,0.148354,0.184669,,,,,,,,,,,,
112758,,,,,,,,,,,,,,,,,,,,1.075576,-0.179881,1.350969,,,,,,
112764,,,,,,,,,,,,,,,,,,,,,,,-0.287737,-0.050081,0.891027,0.840000,15.540000,-4.550000
112768,,,,,,,,,,,,,49.784363,50.874134,0.156149,0.194474,,,,1.076920,-0.171992,1.351139,,,,,,
112770,,,,,,,,,,,,,,,,,,,,,,,-0.287737,-0.050081,0.891027,10.080000,-0.980000,4.270000
112777,,,,0.980157,-0.198224,1.371250,0.750560,0.750560,,,,,,,,,,,,,,,,,,,,
112779,,,,,,,,,,,41.125755,46.658993,48.949543,50.337208,0.086278,0.149860,-0.046543,0.088920,0.017706,1.078347,-0.164415,1.363637,,,,,,
112782,,,,,,,,,,,,,,,,,,,,,,,-0.287737,-0.050081,0.891027,3.780000,-27.650000,7.350000
112787,,,,,,,,,,,,,,,,,,,,,,,-0.273280,-0.043615,0.973987,6.930000,-32.270000,19.320000
112788,,,,,,,,,,,,,47.744530,49.567951,0.098326,0.157551,,,,,,,,,,,,
112789,,,,,,,,,,,,,,,,,,,,1.080007,-0.157494,1.357494,,,,,,
112797,,,,,,,,,,,,,,,,,,,,1.081377,-0.150626,1.354841,-0.273280,-0.043615,0.953125,-16.940001,-19.250000,32.060001
112798,,,,,,,,,,,,,46.198978,48.828976,0.113779,0.164940,,,,,,,,,,,,
112807,,,,,,,,,,,,,,,,,,,,,,,-0.251503,0.005490,0.953125,-5.880000,6.230000,52.500000
112808,,,,,,,,,,,,,45.405025,48.162338,0.121718,0.171605,,,,1.082446,-0.143753,1.362028,,,,,,
112819,,,,,,,,,,,,,44.019482,47.308765,0.135571,0.180139,,,,,,,,,,,,
112818,,,,,,,,,,,,,,,,,,,,1.083772,-0.136788,1.372745,,,,,,
112825,,,,,,,,,,,,,,,,,,,,,,,-0.312625,0.024522,0.991738,4.410000,-3.010000,68.459999
112827,,,,0.986053,-0.166429,1.403589,0.680973,0.680973,,,,,,,,,,,,,,,,,,,,
112829,,,,,,,,,,,36.745274,42.304131,43.070187,46.934555,0.084245,0.123288,-0.048316,0.090067,0.029749,,,,,,,,,
112828,,,,,,,,,,,,,,,,,,,,1.084971,-0.129985,1.384060,,,,,,
112834,,,,,,,,,,,,,,,,,,,,,,,-0.312625,0.024522,0.863882,-18.830000,-26.389999,80.080002
112838,,,,,,,,,,,,,41.953239,46.474491,0.095324,0.127851,,,,,,,,,,,,
112840,,,,,,,,,,,,,,,,,,,,,,,-0.255224,0.071553,0.863882,4.200000,-42.279999,84.279999
112839,,,,,,,,,,,,,,,,,,,,1.085880,-0.123159,1.398267,,,,,,
112847,,,,,,,,,,,,,,,,,,,,,,,-0.255224,0.071553,0.863882,-1.890000,-37.799999,71.120003
112848,,,,,,,,,,,,,40.798775,45.702820,0.106775,0.135505,,,,,,,,,,,,
112849,,,,,,,,,,,,,,,,,,,,1.086670,-0.117138,1.412938,,,,,,
112857,,,,,,,,,,,,,,,,,,,,,,,-0.336964,0.106384,1.046577,-18.200001,15.610000,78.610001
112858,,,,,,,,,,,,,39.247665,45.013790,0.122160,0.142340,,,,,,,,,,,,
112860,,,,,,,,,,,,,,,,,,,,1.087222,-0.110816,1.424110,,,,,,
112867,,,,,,,,,,,,,,,,,,,,,,,-0.336964,0.106384,1.046577,-7.980000,37.799999,73.290001
112868,,,,,,,,,,,,,38.515648,43.916534,0.129421,0.153223,,,,,,,,,,,,
112880,,,,0.990461,-0.137792,1.432564,0.612846,0.612846,,,,,,,,,,,,,,,,,,,,
112882,,,,,,,,,,,33.558369,37.757790,,,,,-0.041444,0.091892,0.008227,,,,,,,,,
112883,,,,,,,,,,,,,,,0.094414,0.101028,,,,,,,,,,,,
112884,,,,,,,,,,,,,37.629662,42.870316,,,,,,,,,,,,,,
112877,,,,,,,,,,,,,,,,,,,,1.088387,-0.098500,1.453393,,,,,,
112889,,,,,,,,,,,,,,,,,,,,,,,-0.243268,0.052155,0.880047,-11.550000,-25.270000,69.650002
112888,,,,,,,,,,,,,,,,,,,,1.088835,-0.092821,1.461915,,,,,,
112894,,,,,,,,,,,,,,,,,,,,,,,-0.235765,0.069357,0.990701,6.510000,-26.600000,64.400002
112898,,,,,,,,,,,,,36.247864,41.803917,0.107929,0.111458,,,,1.089190,-0.087344,1.472615,,,,,,
112899,,,,,,,,,,,,,,,,,,,,,,,-0.235765,0.069357,0.990701,4.200000,-27.299999,56.980000
112907,,,,,,,,,,,,,,,,,,,,,,,-0.235765,0.069357,0.990701,-4.550000,-1.820000,51.730000
112908,,,,,,,,,,,,,35.429420,40.652111,0.115933,0.122723,,,,1.089416,-0.081913,1.483147,,,,,,
112917,,,,,,,,,,,,,,,,,,,,,,,-0.270474,0.052094,0.932812,-2.310000,28.980000,48.020000
112918,,,,,,,,,,,,,34.200459,39.143600,0.127953,0.137477,,,,,,,,,,,,
112919,,,,,,,,,,,,,,,,,,,,1.089641,-0.076353,1.494476,,,,,,
112927,,,,0.993676,-0.112286,1.458273,0.546492,0.546492,,,,,,,,,,,,,,,,,,,,
112929,,,,,,,,,,,30.372320,32.640224,33.611057,37.770218,0.089997,0.080679,-0.042978,0.093010,-0.034386,,,,,,,,,
112940,,,,,,,,,,,,,32.726799,36.720367,0.098595,0.090887,,,,,,,,,,,,
112936,,,,,,,,,,,,,,,,,,,,1.089903,-0.065936,1.506349,,,,,,
112942,,,,,,,,,,,,,,,,,,,,,,,-0.270474,0.052094,0.932812,-2.870000,17.080000,31.920000
112947,,,,,,,,,,,,,,,,,,,,1.089991,-0.060801,1.513212,-0.216855,0.021838,0.943365,0.070000,-2.870000,17.219999
112948,,,,,,,,,,,,,31.893831,35.254021,0.106695,0.105145,,,,,,,,,,,,
112953,,,,,,,,,,,,,,,,,,,,,,,-0.254065,-0.002379,0.943365,0.840000,2.380000,6.510000
112958,,,,,,,,,,,,,31.094700,34.454369,0.114465,0.112921,,,,,,,-0.254065,-0.002379,0.943365,-0.560000,6.370000,1.260000
112957,,,,,,,,,,,,,,,,,,,,1.090207,-0.056057,1.516339,,,,,,
112967,,,,,,,,,,,,,,,,,,,,1.090223,-0.051287,1.525262,-0.254065,0.014762,0.995581,-1.610000,9.030000,-1.820000
112968,,,,,,,,,,,,,30.687740,32.948982,0.118422,0.127559,,,,,,,,,,,,
112977,,,,0.995956,-0.089847,1.480828,0.482232,0.482232,,,,,,,,,,,,,,,,,,,,
112979,,,,,,,,,,,26.747681,28.422735,30.536545,32.439156,0.069685,0.074145,-0.042939,0.092480,-0.043560,,,,,,,,,
112978,,,,,,,,,,,,,,,,,,,,1.090137,-0.046702,1.528687,,,,,,
112981,,,,,,,,,,,,,,,,,,,,,,,-0.273890,0.014762,0.995581,3.920000,1.680000,-7.420000
112987,,,,,,,,,,,,,,,,,,,,,,,-0.179340,0.007991,0.973804,-5.390000,-7.980000,-16.240000
112988,,,,,,,,,,,,,29.624218,31.225075,0.078668,0.086099,,,,1.090141,-0.042281,1.528531,,,,,,
112999,,,,,,,,,,,,,28.437700,29.784660,0.090351,0.100281,,,,,,,,,,,,
112998,,,,,,,,,,,,,,,,,,,,1.090495,-0.038314,1.521553,,,,,,
113003,,,,,,,,,,,,,,,,,,,,,,,-0.179340,0.007991,0.973804,3.150000,25.200001,-8.890000
113008,,,,,,,,,,,,,27.913885,28.477730,0.095508,0.113149,,,,,,,-0.249002,-0.050691,0.970449,1.120000,32.619999,-10.290000
113009,,,,,,,,,,,,,,,,,,,,1.090495,-0.034164,1.513787,,,,,,
113017,,,,,,,,,,,,,,,,,,,,,,,-0.249002,-0.050691,0.970449,5.880000,-5.320000,-15.120000
113018,,,,,,,,,,,,,27.540985,28.015404,0.099180,0.117702,,,,,,,,,,,,
113019,,,,,,,,,,,,,,,,,,,,1.090553,-0.029795,1.517121,,,,,,
113027,,,,0.997520,-0.070379,1.500359,0.420396,0.420396,,,,,,,,,,,,,,,,,,,,
113029,,,,,,,,,,,22.653837,24.800978,27.003073,27.402248,0.047139,0.073201,-0.045531,0.090828,-0.017764,,,,,,,,,
113026,,,,,,,,,,,,,,,,,,,,1.090705,-0.026036,1.520745,,,,,,
113038,,,,,,,,,,,,,,,,,,,,,,,-0.242780,-0.032330,0.942450,10.990000,-27.160000,-7.980000
113039,,,,,,,,,,,,,26.146259,26.482126,0.055704,0.082399,,,,1.090910,-0.022359,1.520649,,,,,,
113044,,,,,,,,,,,,,,,,,,,,,,,-0.189710,-0.041358,1.015284,2.450000,-26.809999,3.710000
113048,,,,,,,,,,,,,25.062132,25.344730,0.066541,0.093768,,,,,,,,,,,,
113047,,,,,,,,,,,,,,,,,,,,1.091241,-0.019064,1.517219,,,,,,
113049,,,,,,,,,,,,,,,,,,,,,,,-0.189710,-0.041358,1.015284,-7.630000,-14.280000,7.000000
113057,,,,,,,,,,,,,,,,,,,,1.091341,-0.015949,1.506562,-0.189710,-0.041358,1.015284,-3.850000,21.070000,9.730000
113058,,,,,,,,,,,,,24.377565,25.163727,0.073384,0.095578,,,,,,,,,,,,
113067,,,,,,,,,,,,,,,,,,,,1.091445,-0.012202,1.513577,-0.295850,0.018300,1.041148,6.930000,37.660000,12.600000
113068,,,,,,,,,,,,,23.248228,24.457094,0.084674,0.102641,,,,,,,,,,,,
113077,,,,0.998554,-0.053758,1.517012,0.361324,0.361324,,,,,,,,,,,,1.091500,-0.008518,1.521214,,,,,,
113079,,,,,,,,,,,18.888893,21.219412,22.468904,23.486046,0.039735,0.062198,-0.046841,0.090427,0.002059,,,,,,,,,
113082,,,,,,,,,,,,,,,,,,,,,,,-0.295850,0.018300,1.041148,-3.430000,20.580000,19.809999
113087,,,,,,,,,,,,,,,,,,,,,,,-0.232593,-0.014640,0.990152,-5.180000,-17.850000,24.010000
113088,,,,,,,,,,,,,22.060642,22.916464,0.043820,0.067897,,,,1.091525,-0.005388,1.528873,,,,,,
113098,,,,,,,,,,,,,20.668575,21.915352,0.057748,0.077914,,,,1.091737,-0.002383,1.533194,,,,,,
113104,,,,,,,,,,,,,,,,,,,,,,,-0.246745,-0.008235,0.970266,1.470000,4.900000,24.780001
113108,,,,,,,,,,,,,19.679976,21.301373,0.067640,0.084058,,,,1.091734,0.000688,1.544191,,,,,,
113109,,,,,,,,,,,,,,,,,,,,,,,-0.246745,-0.008235,0.970266,-0.980000,12.530000,25.900000
113117,,,,,,,,,,,,,,,,,,,,,,,-0.246745,-0.008235,1.013393,-7.280000,2.310000,28.280001
113118,,,,,,,,,,,,,19.300087,20.664330,0.071441,0.090432,,,,1.091850,0.003458,1.541180,,,,,,
113127,,,,0.999206,-0.039833,1.530953,0.305363,0.305363,,,,,,,,,,,,,,,,,,,,
113129,,,,,,,,,,,15.785675,17.521029,,,,,-0.046182,0.091302,-0.009148,1.091888,0.005660,1.545367,,,,,,
113130,,,,,,,,,,,,,18.535578,20.142750,0.035695,0.043916,,,,,,,,,,,,
113142,,,,,,,,,,,,,,,0.047931,0.054419,,,,,,,-0.278221,0.016226,1.013393,-3.920000,-14.000000,27.580000
113143,,,,,,,,,,,,,17.309715,19.090460,,,,,,,,,,,,,,
113139,,,,,,,,,,,,,,,,,,,,1.091682,0.007747,1.548391,,,,,,
113147,,,,,,,,,,,,,,,,,,,,,,,-0.193248,0.013115,0.969839,-7.420000,-12.390000,25.200001
113148,,,,,,,,,,,,,16.636080,18.134398,0.054655,0.063962,,,,,,,,,,,,
113149,,,,,,,,,,,,,,,,,,,,1.091468,0.010117,1.555498,,,,,,
113152,,,,,,,,,,,,,,,,,,,,,,,-0.193248,0.013115,0.969839,-4.480000,-0.210000,22.889999
113158,,,,,,,,,,,,,16.177948,17.438633,0.059227,0.070907,,,,,,,-0.238815,-0.023729,1.016687,-2.310000,14.980000,18.340000
113157,,,,,,,,,,,,,,,,,,,,1.091508,0.012265,1.559389,,,,,,
113167,,,,,,,,,,,,,,,,,,,,1.091461,0.014433,1.559626,-0.238815,-0.023729,1.016687,3.220000,4.690000,17.990000
113168,,,,,,,,,,,,,15.265762,16.877714,0.068332,0.076505,,,,,,,,,,,,
113177,,,,0.999596,-0.028429,1.542363,0.252871,0.252871,,,,,,,,,,,,1.091546,0.016575,1.567743,,,,,,
113179,,,,,,,,,,,12.878729,14.175520,14.773221,16.129517,0.032650,0.037245,-0.044101,0.091425,-0.016951,,,,,,,,,
113181,,,,,,,,,,,,,,,,,,,,,,,-0.242902,-0.023546,1.003755,4.690000,-16.799999,21.000000
113187,,,,,,,,,,,,,,,,,,,,,,,-0.242902,-0.023546,1.003755,1.190000,-18.969999,19.459999
113188,,,,,,,,,,,,,13.703227,15.480934,0.043305,0.043703,,,,,,,,,,,,
113199,,,,,,,,,,,,,12.966178,14.461940,0.050644,0.053850,,,,,,,,,,,,
113198,,,,,,,,,,,,,,,,,,,,1.091522,0.020016,1.574326,,,,,,
113204,,,,,,,,,,,,,,,,,,,,,,,-0.156709,0.015067,1.018578,-3.430000,3.150000,9.730000
113208,,,,,,,,,,,,,12.192225,14.092002,0.058351,0.057534,,,,1.091542,0.021706,1.574064,,,,,,
113210,,,,,,,,,,,,,,,,,,,,,,,-0.156709,0.015067,1.018578,2.100000,18.760000,5.250000
113217,,,,,,,,,,,,,,,,,,,,,,,-0.255834,-0.013786,0.969839,-0.770000,15.470000,5.810000
113218,,,,,,,,,,,,,11.904843,12.954546,0.061213,0.068860,,,,1.091522,0.023467,1.577644,,,,,,
113227,,,,0.999813,-0.019351,1.551445,0.204215,0.204215,,,,,,,,,,,,,,,,,,,,
113229,,,,,,,,,,,10.166148,11.086492,11.443733,12.326953,0.027922,0.031974,-0.042360,0.091977,-0.025524,1.091429,0.024821,1.577760,,,,,,
113232,,,,,,,,,,,,,,,,,,,,,,,-0.255834,-0.013786,0.969839,0.140000,-20.510000,-0.490000
113237,,,,,,,,,,,,,,,,,,,,,,,-0.174521,-0.014335,1.001132,0.490000,-27.090000,-7.000000
113238,,,,,,,,,,,,,10.919448,11.662589,0.033151,0.038600,,,,,,,,,,,,
113239,,,,,,,,,,,,,,,,,,,,1.091564,0.025626,1.568735,,,,,,
113247,,,,,,,,,,,,,,,,,,,,,,,-0.174521,-0.014335,1.001132,1.260000,-26.740000,-6.650000
113248,,,,,,,,,,,,,10.285380,10.910660,0.039475,0.046100,,,,,,,,,,,,
113258,,,,,,,,,,,,,9.688093,10.214203,0.045433,0.053046,,,,,,,,,,,,
113249,,,,,,,,,,,,,,,,,,,,1.091577,0.026626,1.565173,,,,,,
113259,,,,,,,,,,,,,,,,,,,,1.091543,0.027906,1.564658,,,,,,
113264,,,,,,,,,,,,,,,,,,,,,,,-0.198372,-0.017385,1.060424,4.340000,15.960000,-10.220000
113268,,,,,,,,,,,,,9.312262,9.174580,0.049181,0.063415,,,,,,,,,,,,
113269,,,,,,,,,,,,,,,,,,,,,,,-0.215879,-0.002379,0.967704,-4.690000,20.719999,-9.870000
113267,,,,,,,,,,,,,,,,,,,,1.091538,0.028971,1.568122,,,,,,
113277,,,,0.999923,-0.012379,1.558417,0.159769,0.159769,,,,,,,,,,,,1.091400,0.030108,1.567743,,,,,,
113279,,,,,,,,,,,7.502979,8.393345,8.318472,8.685763,0.021799,0.030628,-0.041718,0.091526,-0.010334,,,,,,,,,
113282,,,,,,,,,,,,,,,,,,,,,,,-0.215879,-0.002379,0.967704,3.220000,17.290001,-11.550000
113287,,,,,,,,,,,,,,,,,,,,,,,-0.215879,-0.030256,1.025898,1.680000,-3.710000,-11.900000
113288,,,,,,,,,,,,,7.634419,7.943458,0.028688,0.038104,,,,1.091433,0.030864,1.560750,,,,,,
113297,,,,,,,,,,,,,,,,,,,,,,,-0.165310,-0.030256,1.025898,0.630000,-10.990000,-9.800000
113298,,,,,,,,,,,,,7.519370,6.683624,0.029847,0.050792,,,,1.091542,0.031642,1.564211,,,,,,
113307,,,,,,,,,,,,,,,,,,,,,,,-0.214903,-0.023241,1.004365,-3.500000,5.950000,-12.880000
113308,,,,,,,,,,,,,6.876841,6.173644,0.036318,0.055928,,,,1.091560,0.032143,1.556700,,,,,,
113318,,,,,,,,,,,,,5.786173,6.239892,0.047302,0.055261,,,,,,,,,,,,
113319,,,,,,,,,,,,,,,,,,,,1.091483,0.032666,1.559722,,,,,,
113324,,,,,,,,,,,,,,,,,,,,,,,-0.214903,-0.023241,1.004365,-5.460000,-3.290000,4.690000
113327,,,,0.999974,-0.007277,1.563520,0.119919,0.119919,,,,,,,,,,,,,,,,,,,,
113329,,,,,,,,,,,5.147889,5.929778,5.893507,5.250245,0.013083,0.030562,-0.040969,0.091111,0.002667,1.091317,0.032928,1.559461,,,,,,
113333,,,,,,,,,,,,,,,,,,,,,,,-0.240645,0.030866,0.986797,-3.080000,-18.830000,6.930000
113338,,,,,,,,,,,,,5.581558,4.417555,0.016224,0.038947,,,,,,,,,,,,
113339,,,,,,,,,,,,,,,,,,,,1.091375,0.033067,1.559723,-0.240645,0.030866,0.986797,2.240000,-20.650000,6.580000
113347,,,,,,,,,,,,,,,,,,,,,,,-0.152256,-0.061000,1.020469,0.350000,-23.450001,6.580000
113348,,,,,,,,,,,,,4.696322,3.716930,0.025139,0.046003,,,,,,,,,,,,
113349,,,,,,,,,,,,,,,,,,,,1.091436,0.033143,1.563440,,,,,,
113357,,,,,,,,,,,,,,,,,,,,1.091463,0.033277,1.563725,-0.152256,-0.061000,1.020469,-3.080000,-19.389999,1.890000
113358,,,,,,,,,,,,,3.951485,3.674704,0.032639,0.046428,,,,,,,,,,,,
113367,,,,,,,,,,,,,,,,,,,,1.091516,0.033432,1.563954,-0.160003,0.004392,0.997899,4.550000,-10.360000,-11.130000
113368,,,,,,,,,,,,,3.324779,3.091895,0.038950,0.052297,,,,,,,,,,,,
113379,,,,,,,,,,,,,2.797469,3.072578,0.044261,0.052491,,,,,,,,,,,,
113381,,,,0.999993,-0.003784,1.567013,0.085059,0.085059,,,,,,,,,,,,,,,,,,,,
113383,,,,,,,,,,,3.257386,3.815156,,,,,-0.037991,0.091263,0.003093,,,,,,,,,
113378,,,,,,,,,,,,,,,,,,,,1.091512,0.033247,1.559724,,,,,,
113388,,,,,,,,,,,,,2.353790,2.585267,0.022140,0.027661,,,,1.091505,0.033218,1.559725,-0.136823,-0.006344,1.016992,-0.280000,-9.800000,1.260000
113393,,,,,,,,,,,,,,,,,,,,,,,-0.136823,-0.006344,1.016992,-0.910000,-9.520000,5.180000
113398,,,,,,,,,,,,,1.980478,2.175243,0.025904,0.031795,,,,,,,-0.136823,-0.006344,1.016992,-0.140000,-13.720000,3.220000
113399,,,,,,,,,,,,,,,,,,,,1.091413,0.032938,1.559327,,,,,,
113407,,,,,,,,,,,,,,,,,,,,,,,-0.117425,-0.023058,1.010770,0.560000,-17.850000,1.470000
113408,,,,,,,,,,,,,1.666374,1.830250,0.029071,0.035274,,,,,,,,,,,,
113418,,,,,,,,,,,,,1.402087,1.539972,0.031736,0.038201,,,,,,,,,,,,
113416,,,,,,,,,,,,,,,,,,,,1.091462,0.032339,1.559223,,,,,,
113424,,,,,,,,,,,,,,,,,,,,,,,-0.085278,-0.004514,1.019005,0.350000,-32.900002,-2.100000
113427,,,,0.999999,-0.001621,1.569175,0.055590,0.055590,,,,,,,,,,,,1.091507,0.032123,1.559330,,,,,,
113429,,,,,,,,,,,1.662589,2.053583,1.179716,1.295732,0.011532,0.015877,-0.035175,0.091085,0.009444,,,,,,,,,
113433,,,,,,,,,,,,,,,,,,,,,,,-0.085278,-0.004514,1.019005,0.910000,-36.820000,-1.540000
113438,,,,,,,,,,,,,0.992613,1.090229,0.013424,0.017954,,,,,,,,,,,,
113439,,,,,,,,,,,,,,,,,,,,,,,-0.094611,-0.015921,1.017846,0.700000,-38.919998,-1.120000
113437,,,,,,,,,,,,,,,,,,,,1.091497,0.031757,1.559273,,,,,,
113447,,,,,,,,,,,,,,,,,,,,1.091498,0.031324,1.559224,-0.094611,-0.015921,1.017846,0.210000,-43.259998,-0.070000
113448,,,,,,,,,,,,,0.835184,0.917318,0.015016,0.019702,,,,,,,,,,,,
113457,,,,,,,,,,,,,,,,,,,,,,,-0.078019,-0.012688,1.018029,0.420000,-48.790001,0.070000
113458,,,,,,,,,,,,,0.702724,0.771832,0.016355,0.021173,,,,1.091563,0.030815,1.559150,,,,,,
113467,,,,,,,,,,,,,,,,,,,,,,,-0.078019,-0.012688,1.018029,0.840000,-54.950001,-0.420000
113468,,,,,,,,,,,,,0.591272,0.649419,0.017482,0.022411,,,,,,,,,,,,
113480,,,,1.000000,-0.000488,1.570309,0.031924,0.031924,,,,,,,,,,,,,,,,,,,,
113481,,,,,,,,,,,0.411736,0.640362,,,,,-0.032546,0.091186,0.011063,,,,,,,,,
113483,,,,,,,,,,,,,0.497496,0.546421,0.000779,0.003513,,,,,,,,,,,,
113478,,,,,,,,,,,,,,,,,,,,1.091579,0.029514,1.555263,,,,,,
113488,,,,,,,,,,,,,0.418593,0.459759,0.001578,0.004390,,,,,,,-0.059658,-0.009272,1.021689,0.420000,-30.940001,3.010000
113489,,,,,,,,,,,,,,,,,,,,1.091586,0.028847,1.555200,,,,,,
113493,,,,,,,,,,,,,,,,,,,,,,,-0.059658,-0.009272,1.021689,0.490000,-4.970000,3.080000
113498,,,,,,,,,,,,,0.352204,0.386841,0.002250,0.005129,,,,,,,0.015372,-0.010004,1.018273,0.210000,13.720000,1.190000
113499,,,,,,,,,,,,,,,,,,,,1.091623,0.028513,1.555214,,,,,,
113507,,,,,,,,,,,,,,,,,,,,1.091539,0.028572,1.555204,0.015372,-0.010004,1.018273,-2.380000,22.540001,8.750000
113508,,,,,,,,,,,,,0.296345,0.325488,0.002815,0.005750,,,,,,,,,,,,
113517,,,,,,,,,,,,,,,,,,,,1.091554,0.028635,1.562983,0.062342,-0.012688,1.018334,-1.120000,1.540000,24.500000
113518,,,,,,,,,,,,,0.249344,0.273865,0.003291,0.006272,,,,,,,,,,,,
113527,,,,1.000000,-0.000062,1.570734,0.014482,0.014482,,,,,,,,,,,,,,,,,,,,
113529,,,,,,,,,,,-0.464494,-0.364017,0.209798,0.230430,-0.008688,-0.007477,-0.029655,0.091317,0.008044,,,,,,,,,
113528,,,,,,,,,,,,,,,,,,,,1.091526,0.028680,1.562999,,,,,,
113541,,,,,,,,,,,,,,,,,,,,,,,0.062342,-0.012688,1.018334,-0.770000,-3.150000,16.170000
113542,,,,,,,,,,,,,0.176524,0.193884,-0.008351,-0.007107,,,,,,,,,,,,
113538,,,,,,,,,,,,,,,,,,,,1.091548,0.028807,1.566921,,,,,,
113546,,,,,,,,,,,,,,,,,,,,,,,-0.009638,-0.005368,1.006500,0.420000,-2.800000,-1.750000
113548,,,,,,,,,,,,,0.148527,0.163134,-0.008067,-0.006795,,,,1.091555,0.028807,1.566921,,,,,,
113551,,,,,,,,,,,,,,,,,,,,,,,-0.020008,-0.022631,1.027545,0.630000,-1.960000,-4.060000
113557,,,,,,,,,,,,,,,,,,,,,,,-0.020008,-0.022631,1.027545,0.350000,-2.100000,-4.550000
113558,,,,,,,,,,,,,0.124971,0.137261,-0.007828,-0.006533,,,,,,,,,,,,
113559,,,,,,,,,,,,,,,,,,,,1.091537,0.028684,1.562987,,,,,,
113567,,,,,,,,,,,,,,,,,,,,,,,-0.020008,-0.022631,1.027545,-0.070000,0.350000,-2.940000
113568,,,,,,,,,,,,,0.105151,0.115491,-0.007628,-0.006313,,,,,,,,,,,,
113569,,,,,,,,,,,,,,,,,,,,1.091549,0.028714,1.562999,,,,,,
113577,,,,1.000000,-0.000000,1.570796,0.003695,0.003695,,,,,,,,,,,,,,,,,,,,
113579,,,,,,,,,,,-1.077800,-1.052223,0.088474,0.097174,-0.016129,-0.015856,-0.029448,0.091322,0.007814,,,,,,,,,
113576,,,,,,,,,,,,,,,,,,,,1.091590,0.028724,1.566901,,,,,,
113581,,,,,,,,,,,,,,,,,,,,,,,-0.019947,-0.008540,1.021628,0.210000,-0.630000,0.280000
113587,,,,,,,,,,,,,,,,,,,,,,,-0.019947,-0.008540,1.021628,0.350000,-1.470000,0.000000
113588,,,,,,,,,,,,,0.074442,0.081763,-0.015987,-0.015699,,,,,,,,,,,,
113598,,,,,,,,,,,,,0.062635,0.068795,-0.015867,-0.015568,,,,,,,,,,,,
113597,,,,,,,,,,,,,,,,,,,,1.091581,0.028716,1.563018,,,,,,
113603,,,,,,,,,,,,,,,,,,,,,,,-0.010309,-0.011041,1.022482,0.000000,0.420000,-0.210000
113608,,,,,,,,,,,,,0.052701,0.057884,-0.015766,-0.015457,,,,,,,,,,,,
113609,,,,,,,,,,,,,,,,,,,,,,,-0.018910,-0.015555,1.019859,0.210000,-0.210000,-0.280000
113607,,,,,,,,,,,,,,,,,,,,1.091582,0.028728,1.563018,,,,,,
113617,,,,,,,,,,,,,,,,,,,,,,,-0.018910,-0.015555,1.019859,0.070000,-0.490000,-0.490000
113618,,,,,,,,,,,,,0.044343,0.048704,-0.015682,-0.015364,,,,1.091559,0.028663,1.562987,,,,,,
113627,,,,1.000000,-0.000000,1.570796,0.003695,0.003695,,,,,,,,,,,,,,,,,,,,
113629,,,,,,,,,,,-1.075084,-1.049508,,,-0.015572,-0.015248,-0.029385,0.091332,0.007806,,,,,,,,,
