44895,0.454649,0.708073,2.0000002,0.49565378,0.71675736,2.0190456,0.5,0,1,0.57681704,0,0.65243393,1,0,0,0,1,0,0,0,0.0099446075,0.04071749,-0.019045355,31.389246,36.693256,0,0
44905,0.454649,0.708073,2.0000002,0.49565378,0.71675736,2.0190456,0.5,0,1,0.57681704,0,0.65243393,1,0,0,0,1,0,0,0,0.0099446075,0.04071749,-0.019045355,31.389246,36.693256,0,0
44908,0.454649,0.708073,2.0000002,0.49565378,0.71675736,2.0190456,0.5,0,1,0.57681704,0,0.65243393,1,0,0,0,1,0,0,0,0.0099446075,0.04071749,-0.019045355,31.389246,36.693256,0,0
44913,0.454649,0.708073,2.0000002,0.49565378,0.71675736,2.0190456,0.5,0,1,0.57681704,0,0.65243393,1,0,0,0,1,0,0,0,0.0099446075,0.04071749,-0.019045355,31.389246,36.693256,0,0
44916,0.454649,0.708073,2.0000002,0.49565378,0.71675736,2.0190456,0.5,0,1,0.57681704,0,0.65243393,1,0,0,0,1,0,0,0,0.0099446075,0.04071749,-0.019045355,31.389246,36.693256,0,0
44919,0.454649,0.708073,2.0000002,0.49565378,0.71675736,2.0190456,0.5,0,1,0.57681704,0,0.65243393,1,0,0,0,1,0,0,0,0.0099446075,0.04071749,-0.019045355,31.389246,36.693256,0,0
44925,0.454649,0.708073,2.0000002,0.49565378,0.71675736,2.0190456,0.5,0,1,0.57681704,0,0.65243393,1,0,0,0,1,0,0,0,0.0099446075,0.04071749,-0.019045355,31.389246,36.693256,0,0
44930,0.454649,0.708073,2.0000002,0.49565378,0.71675736,2.0190456,0.5,0,1,0.57681704,0,0.65243393,1,0,0,0,1,0,0,0,0.0099446075,0.04071749,-0.019045355,31.389246,36.693256,0,0
44933,0.454649,0.708073,2.0000002,0.49565378,0.71675736,2.0190456,0.5,0,1,0.57681704,0,0.65243393,1,0,0,0,1,0,0,0,0.0099446075,0.04071749,-0.019045355,31.389246,36.693256,0,0
44939,0.454649,0.708073,2.0000002,0.49565378,0.71675736,2.0190456,0.5,0,1,0.57681704,0,0.65243393,1,0,0,0,1,0,0,0,0.0099446075,0.04071749,-0.019045355,31.389246,36.693256,0,0
44942,0.454649,0.708073,2.0000002,0.49565378,0.71675736,2.0190456,0.5,0,1,0.57681704,0,0.65243393,1,0,0,0,1,0,0,0,0.0099446075,0.04071749,-0.019045355,31.389246,36.693256,0,0
44945,0.454649,0.708073,2.0000002,0.49565378,0.71675736,2.0190456,0.5,0,1,0.57681704,0,0.65243393,1,0,0,0,1,0,0,0,0.0099446075,0.04071749,-0.019045355,31.389246,36.693256,0,0
44950,0.454649,0.708073,2.0000002,0.49565378,0.71675736,2.0190456,0.5,0,1,0.57681704,0,0.65243393,1,0,0,0,1,0,0,0,0.0099446075,0.04071749,-0.019045355,31.389246,36.693256,0,0
44953,0.454649,0.708073,2.0000002,0.49565378,0.71675736,2.0190456,0.5,0,1,0.57681704,0,0.65243393,1,0,0,0,1,0,0,0,0.0099446075,0.04071749,-0.019045355,31.389246,36.693256,0,0
44956,0.454649,0.708073,2.0000002,0.49565378,0.71675736,2.0190456,0.5,0,1,0.57681704,0,0.65243393,1,0,0,0,1,0,0,0,0.0099446075,0.04071749,-0.019045355,31.389246,36.693256,0,0
44961,0.454649,0.708073,2.0000002,0.49565378,0.71675736,2.0190456,0.5,0,1,0.57681704,0,0.65243393,1,0,0,0,1,0,0,0,0.0099446075,0.04071749,-0.019045355,31.389246,36.693256,0,0
44964,0.454649,0.708073,2.0000002,0.49565378,0.71675736,2.0190456,0.5,0,1,0.57681704,0,0.65243393,1,0,0,0,1,0,0,0,0.0099446075,0.04071749,-0.019045355,31.389246,36.693256,0,0
44967,0.454649,0.708073,2.0000002,0.49565378,0.71675736,2.0190456,0.5,0,1,0.57681704,0,0.65243393,1,0,0,0,1,0,0,0,0.0099446075,0.04071749,-0.019045355,31.389246,36.693256,0,0
44973,0.454649,0.708073,2.0000002,0.49565378,0.71675736,2.0190456,0.5,0,1,0.57681704,0,0.65243393,1,0,0,0,1,0,0,0,0.0099446075,0.04071749,-0.019045355,31.389246,36.693256,0,0
44976,0.454649,0.708073,2.0000002,0.49565378,0.71675736,2.0190456,0.5,0,1,0.57681704,0,0.65243393,1,0,0,0,1,0,0,0,0.0099446075,0.04071749,-0.019045355,31.389246,36.693256,0,0
44979,0.454649,0.708073,2.0000002,0.49565378,0.71675736,2.0190456,0.5,0,1,0.57681704,0,0.65243393,1,0,0,0,1,0,0,0,0.0099446075,0.04071749,-0.019045355,31.389246,36.693256,0,0
44984,0.454649,0.708073,2.0000002,0.49565378,0.71675736,2.0190456,0.5,0,1,0.57681704,0,0.65243393,1,0,0,0,1,0,0,0,0.0099446075,0.04071749,-0.019045355,31.389246,36.693256,0,0
44987,0.454649,0.708073,2.0000002,0.49565378,0.71675736,2.0190456,0.5,0,1,0.57681704,0,0.65243393,1,0,0,0,1,0,0,0,0.0099446075,0.04071749,-0.019045355,31.389246,36.693256,0,0
44990,0.454649,0.708073,2.0000002,0.49565378,0.71675736,2.0190456,0.5,0,1,0.57681704,0,0.65243393,1,0,0,0,1,0,0,0,0.0099446075,0.04071749,-0.019045355,31.389246,36.693256,0,0
44995,0.454649,0.708073,2.0000002,0.49565378,0.71675736,2.0190456,0.5,0,1,0.57681704,0,0.65243393,1,0,0,0,1,0,0,0,0.0099446075,0.04071749,-0.019045355,31.389246,36.693256,0,0
44998,0.454649,0.708073,2.0000002,0.49565378,0.71675736,2.0190456,0.5,0,1,0.57681704,0,0.65243393,1,0,0,0,1,0,0,0,0.0099446075,0.04071749,-0.019045355,31.389246,36.693256,0,0
45001,0.454649,0.708073,2.0000002,0.49565378,0.71675736,2.0190456,0.5,0,1,0.57681704,0,0.65243393,1,0,0,0,1,0,0,0,0.0099446075,0.04071749,-0.019045355,31.389246,36.693256,0,0
45006,0.454649,0.708073,2.0000002,0.49565378,0.71675736,2.0190456,0.5,0,1,0.57681704,0,0.65243393,1,0,0,0,1,0,0,0,0.0099446075,0.04071749,-0.019045355,31.389246,36.693256,0,0
45009,0.454649,0.708073,2.0000002,0.49565378,0.71675736,2.0190456,0.5,0,1,0.57681704,0,0.65243393,1,0,0,0,1,0,0,0,0.0099446075,0.04071749,-0.019045355,31.389246,36.693256,0,0
45012,0.454649,0.708073,2.0000002,0.49565378,0.71675736,2.0190456,0.5,0,1,0.57681704,0,0.65243393,1,0,0,0,1,0,0,0,0.0099446075,0.04071749,-0.019045355,31.389246,36.693256,0,0
45017,0.454649,0.708073,2.0000002,0.49565378,0.71675736,2.0190456,0.5,0,1,0.57681704,0,0.65243393,1,0,0,0,1,0,0,0,0.0099446075,0.04071749,-0.019045355,31.389246,36.693256,0,0
45020,0.454649,0.708073,2.0000002,0.49565378,0.71675736,2.0190456,0.5,0,1,0.57681704,0,0.65243393,1,0,0,0,1,0,0,0,0.0099446075,0.04071749,-0.019045355,31.389246,36.693256,0,0
45023,0.454649,0.708073,2.0000002,0.49565378,0.71675736,2.0190456,0.5,0,1,0.57681704,0,0.65243393,1,0,0,0,1,0,0,0,0.0099446075,0.04071749,-0.019045355,31.389246,36.693256,0,0
45028,0.454649,0.708073,2.0000002,0.49565378,0.71675736,2.0190456,0.5,0,1,0.57681704,0,0.65243393,1,0,0,0,1,0,0,0,0.0099446075,0.04071749,-0.019045355,31.389246,36.693256,0,0
45031,0.454649,0.708073,2.0000002,0.49565378,0.71675736,2.0190456,0.5,0,1,0.57681704,0,0.65243393,1,0,0,0,1,0,0,0,0.0099446075,0.04071749,-0.019045355,31.389246,36.693256,0,0
45034,0.454649,0.708073,2.0000002,0.49565378,0.71675736,2.0190456,0.5,0,1,0.57681704,0,0.65243393,1,0,0,0,1,0,0,0,0.0099446075,0.04071749,-0.019045355,31.389246,36.693256,0,0
45040,0.454649,0.708073,2.0000002,0.49565378,0.71675736,2.0190456,0.5,0,1,0.57681704,0,0.65243393,1,0,0,0,1,0,0,0,0.0099446075,0.04071749,-0.019045355,31.389246,36.693256,0,0
45043,0.454649,0.708073,2.0000002,0.49565378,0.71675736,2.0190456,0.5,0,1,0.57681704,0,0.65243393,1,0,0,0,1,0,0,0,0.0099446075,0.04071749,-0.019045355,31.389246,36.693256,0,0
45046,0.454649,0.708073,2.0000002,0.49565378,0.71675736,2.0190456,0.5,0,1,0.57681704,0,0.65243393,1,0,0,0,1,0,0,0,0.0099446075,0.04071749,-0.019045355,31.389246,36.693256,0,0
45051,0.454649,0.708073,2.0000002,0.49565378,0.71675736,2.0190456,0.5,0,1,0.57681704,0,0.65243393,1,0,0,0,1,0,0,0,0.0099446075,0.04071749,-0.019045355,31.389246,36.693256,0,0
45054,0.454649,0.708073,2.0000002,0.49565378,0.71675736,2.0190456,0.5,0,1,0.57681704,0,0.65243393,1,0,0,0,1,0,0,0,0.0099446075,0.04071749,-0.019045355,31.389246,36.693256,0,0
45059,0.454649,0.708073,2.0000002,0.49565378,0.71675736,2.0190456,0.5,0,1,0.57681704,0,0.65243393,1,0,0,0,1,0,0,0,0.0099446075,0.04071749,-0.019045355,31.389246,36.693256,0,0
45063,0.454649,0.708073,2.0000002,0.49565378,0.71675736,2.0190456,0.5,0,1,0.57681704,0,0.65243393,1,0,0,0,1,0,0,0,0.0099446075,0.04071749,-0.019045355,31.389246,36.693256,0,0
45066,0.454649,0.708073,2.0000002,0.49565378,0.71675736,2.0190456,0.5,0,1,0.57681704,0,0.65243393,1,0,0,0,1,0,0,0,0.0099446075,0.04071749,-0.019045355,31.389246,36.693256,0,0
45071,0.454649,0.708073,2.0000002,0.49565378,0.71675736,2.0190456,0.5,0,1,0.57681704,0,0.65243393,1,0,0,0,1,0,0,0,0.0099446075,0.04071749,-0.019045355,31.389246,36.693256,0,0
45073,0.454649,0.708073,2.0000002,0.49565378,0.71675736,2.0190456,0.5,0,1,0.57681704,0,0.65243393,1,0,0,0,1,0,0,0,0.0099446075,0.04071749,-0.019045355,31.389246,36.693256,0,0
45076,0.454649,0.708073,2.0000002,0.49565378,0.71675736,2.0190456,0.5,0,1,0.57681704,0,0.65243393,1,0,0,0,1,0,0,0,0.0099446075,0.04071749,-0.019045355,31.389246,36.693256,0,0
45082,0.454649,0.708073,2.0000002,0.49565378,0.71675736,2.0190456,0.5,0,1,0.57681704,0,0.65243393,1,0,0,0,1,0,0,0,0.0099446075,0.04071749,-0.019045355,31.389246,36.693256,0,0
45084,0.454649,0.708073,2.0000002,0.49565378,0.71675736,2.0190456,0.5,0,1,0.57681704,0,0.65243393,1,0,0,0,1,0,0,0,0.0099446075,0.04071749,-0.019045355,31.389246,36.693256,0,0
45087,0.454649,0.708073,2.0000002,0.49565378,0.71675736,2.0190456,0.5,0,1,0.57681704,0,0.65243393,1,0,0,0,1,0,0,0,0.0099446075,0.04071749,-0.019045355,31.389246,36.693256,0,0
45092,0.454649,0.708073,2.0000002,0.49565378,0.71675736,2.0190456,0.5,0,1,0.57681704,0,0.65243393,1,0,0,0,1,0,0,0,0.0099446075,0.04071749,-0.019045355,31.389246,36.693256,0,0
45095,0.454649,0.708073,2.0000002,0.49565378,0.71675736,2.0190456,0.5,0,1,0.57681704,0,0.65243393,1,0,0,0,1,0,0,0,0.0099446075,0.04071749,-0.019045355,31.389246,36.693256,0,0
45098,0.454649,0.708073,2.0000002,0.49565378,0.71675736,2.0190456,0.5,0,1,0.57681704,0,0.65243393,1,0,0,0,1,0,0,0,0.0099446075,0.04071749,-0.019045355,31.389246,36.693256,0,0
45104,0.454649,0.708073,2.0000002,0.49565378,0.71675736,2.0190456,0.5,0,1,0.57681704,0,0.65243393,1,0,0,0,1,0,0,0,0.0099446075,0.04071749,-0.019045355,31.389246,36.693256,0,0
45107,0.454649,0.708073,2.0000002,0.49565378,0.71675736,2.0190456,0.5,0,1,0.57681704,0,0.65243393,1,0,0,0,1,0,0,0,0.0099446075,0.04071749,-0.019045355,31.389246,36.693256,0,0
45110,0.454649,0.708073,2.0000002,0.49565378,0.71675736,2.0190456,0.5,0,1,0.57681704,0,0.65243393,1,0,0,0,1,0,0,0,0.0099446075,0.04071749,-0.019045355,31.389246,36.693256,0,0
45115,0.454649,0.708073,2.0000002,0.49565378,0.71675736,2.0190456,0.5,0,1,0.57681704,0,0.65243393,1,0,0,0,1,0,0,0,0.0099446075,0.04071749,-0.019045355,31.389246,36.693256,0,0
45118,0.454649,0.708073,2.0000002,0.49565378,0.71675736,2.0190456,0.5,0,1,0.57681704,0,0.65243393,1,0,0,0,1,0,0,0,0.0099446075,0.04071749,-0.019045355,31.389246,36.693256,0,0
45121,0.454649,0.708073,2.0000002,0.49565378,0.71675736,2.0190456,0.5,0,1,0.57681704,0,0.65243393,1,0,0,0,1,0,0,0,0.0099446075,0.04071749,-0.019045355,31.389246,36.693256,0,0
45127,0.454649,0.708073,2.0000002,0.49565378,0.71675736,2.0190456,0.5,0,1,0.57681704,0,0.65243393,1,0,0,0,1,0,0,0,0.0099446075,0.04071749,-0.019045355,31.389246,36.693256,0,0
45130,0.454649,0.708073,2.0000002,0.49565378,0.71675736,2.0190456,0.5,0,1,0.57681704,0,0.65243393,1,0,0,0,1,0,0,0,0.0099446075,0.04071749,-0.019045355,31.389246,36.693256,0,0
45133,0.454649,0.708073,2.0000002,0.49565378,0.71675736,2.0190456,0.5,0,1,0.57681704,0,0.65243393,1,0,0,0,1,0,0,0,0.0099446075,0.04071749,-0.019045355,31.389246,36.693256,0,0
45138,0.454649,0.708073,2.0000002,0.49565378,0.71675736,2.0190456,0.5,0,1,0.57681704,0,0.65243393,1,0,0,0,1,0,0,0,0.0099446075,0.04071749,-0.019045355,31.389246,36.693256,0,0
45141,0.454649,0.708073,2.0000002,0.49565378,0.71675736,2.0190456,0.5,0,1,0.57681704,0,0.65243393,1,0,0,0,1,0,0,0,0.0099446075,0.04071749,-0.019045355,31.389246,36.693256,0,0
45162,0.372853,0.833138,2.3,0.48815218,0.7349421,2.0596395,0.5,0,1,0.49441463,0,1.3048683,1,0,0,0,1,0,0,0,0.14083992,0.055681705,0.24036074,63.133804,76.79191,0,0
45195,0.372853,0.833138,2.3,0.48815218,0.7349421,2.0596395,0.5,0,1,2.1973984,0,2.6097386,1,0,0,0,1,0,0,0,0.14083992,0.055681705,0.24036074,63.133804,76.79191,0,0
45245,0.355737,0.851357,2.3499997,0.39114133,0.88021076,2.3021226,0.5,0,1,0.43947968,0,2.6097367,1,0,0,0,1,0,0,0,0.002169473,0.04562127,0.04787731,28.077406,35.571297,0,0
45295,0.337732,0.868697,2.3999999,0.36258042,0.91451293,2.335891,0.5,0,1,0.35707724,0,3.262171,1,0,0,0,1,0,0,0,-0.015837654,0.049655955,0.06410885,22.696814,30.76611,0,0
45345,0.318882,0.885116,2.45,0.34067154,0.9396701,2.390832,0.5,0,1,0.54934955,0,2.609737,1,0,0,0,1,0,0,0,-0.021284664,0.054753065,0.059167862,21.211977,29.206024,0,0
45395,0.299236,0.900572,2.5000002,0.32204425,0.95753914,2.4689803,0.5,0,1,0.57681704,0,1.9573026,1,0,0,0,1,0,0,0,-0.01765179,0.05876977,0.031020163,22.685583,29.855217,0,0
45445,0.278842,0.915027,2.55,0.3027148,0.9732418,2.5637598,0.5,0,1,0.54934955,0,1.3048679,1,0,0,0,1,0,0,0,-0.011800472,0.061803076,-0.01376009,25.02628,30.830036,0,0
45495,0.257751,0.928444,2.5999997,0.2799797,0.98850775,2.6426113,0.5,0,1,0.54934955,0,1.3048679,1,0,0,0,1,0,0,0,-0.009223992,0.06337732,-0.0426116,26.168377,31.086393,0,0
45545,0.236015,0.940791,2.6499999,0.25394168,1.0027269,2.7013757,0.5,0,1,0.6042846,0,1.3048686,1,0,0,0,1,0,0,0,-0.010175565,0.063670084,-0.051375866,26.02378,30.669992,0,0
45595,0.21369,0.952036,2.7,0.22690807,1.0165201,2.755425,0.5,0,1,0.54934955,0,1.3048679,1,0,0,0,1,0,0,0,-0.012042697,0.064713925,-0.05542469,25.54749,30.082523,0,0
45645,0.19083,0.962151,2.7500002,0.19940893,1.0278727,2.8061042,0.5,0,1,0.54934955,0,1.3048679,1,0,0,0,1,0,0,0,-0.01353695,0.06488212,-0.056103706,25.135424,29.651703,0,0
45695,0.167494,0.971111,2.8,0.17187262,1.0376694,2.872249,0.5,0,1,0.54934955,0,0,1,0,0,0,1,0,0,0,-0.013490374,0.06532385,-0.072248936,25.367043,29.381569,0,0
45745,0.143739,0.978894,2.8499997,0.14547585,1.0450385,2.9365094,0.5,0,1,0.54934955,0,1.3048679,1,0,0,0,1,0,0,0,-0.011769782,0.065112054,-0.086509705,26.041725,29.604044,0,0
45795,0.119625,0.985479,2.8999999,0.120715834,1.0504571,2.9849846,0.5,0,1,0.5218821,0,0.65243393,1,0,0,0,1,0,0,0,-0.009057066,0.064353056,-0.08498479,26.790764,30.389069,0,0
45845,0.095211,0.990851,2.95,0.094839916,1.054982,3.0193422,0.5,0,1,0.57681704,0,0.65243393,1,0,0,0,1,0,0,0,-0.00818884,0.06360708,-0.06934213,26.832302,30.911274,0,0
45895,0.07056,0.994996,3.0000002,0.06879984,1.0583141,3.0685053,0.5,0,1,0.57681704,0,0.65243393,1,0,0,0,1,0,0,0,-0.0063790805,0.063020505,-0.06850529,27.334547,31.430618,0,0
45945,0.045732,0.997904,3.05,0.04127848,1.0613533,3.1257153,0.5,0,1,0.5218821,0,0.65243393,1,0,0,0,1,0,0,0,-0.005460309,0.063370615,-0.07571555,27.687489,31.562017,0,0
45995,0.02079,0.999568,3.0999997,0.014580225,1.0626062,-3.107205,0.5,0,1,0.5218821,0,0.65243393,1,0,0,0,1,0,0,0,-0.0040387735,0.06321446,-0.07598097,28.09208,31.955784,0,0
46045,-0.004204,0.999982,-3.1331847,-0.012467335,1.0616581,-3.064975,0.5,0,1,0.57681704,0,0.65243393,1,0,0,0,1,0,0,0,-0.0035182345,0.062127706,-0.068209656,28.142181,32.23347,0,0
46095,-0.029187,0.999147,-3.083185,-0.038695127,1.0602969,-3.0129955,0.5,0,1,0.5218821,0,0.65243393,1,0,0,0,1,0,0,0,-0.0015875688,0.06186432,-0.070189476,28.714163,32.738934,0,0
46145,-0.054098,0.997065,-3.0331852,-0.06531758,1.0575328,-2.963041,0.5,0,1,0.54934955,0,1.3048679,1,0,0,0,1,0,0,0,-0.00030186772,0.061499108,-0.070144184,29.078035,33.098465,0,0
46195,-0.078873,0.99374,-2.983185,-0.092262276,1.0532304,-2.9182315,0.5,0,1,0.54934955,0,0,1,0,0,0,1,0,0,0,0.00012097787,0.060978387,-0.064953804,29.130264,33.305984,0,0
46245,-0.103451,0.989181,-2.9331849,-0.11892198,1.047058,-2.865428,0.5,0,1,0.5218821,0,0.65243393,1,0,0,0,1,0,0,0,0.00089641474,0.059902385,-0.067756645,29.395195,33.465626,0,0
46295,-0.127771,0.983399,-2.8831847,-0.14524135,1.0402616,-2.8228788,0.5,0,1,0.54934955,0,1.3048679,1,0,0,0,1,0,0,0,0.0012271125,0.059473258,-0.060305595,29.3891,33.68754,0,0
46345,-0.151771,0.976409,-2.833185,-0.17074877,1.0320365,-2.7781591,0.5,0,1,0.54934955,0,1.3048679,1,0,0,0,1,0,0,0,0.0020365883,0.05874036,-0.055025578,29.548838,34.002148,0,0
46395,-0.175392,0.968228,-2.7831852,-0.19597197,1.0223835,-2.735795,0.5,0,1,0.5218821,0,0.65243393,1,0,0,0,1,0,0,0,0.002469331,0.057881363,-0.047389984,29.56915,34.249672,0,0
46445,-0.198574,0.958877,-2.733185,-0.22094259,1.0117145,-2.6746325,0.5,0,1,0.5218821,0,1.9573022,1,0,0,0,1,0,0,0,0.0038122274,0.057250455,-0.05855274,30.109337,34.427933,0,0
46495,-0.22126,0.948379,-2.6831849,-0.24548405,1.0002868,-2.6255107,0.5,0,1,0.5218821,0,0.65243393,1,0,0,0,1,0,0,0,0.0045461953,0.057101317,-0.057674408,30.304691,34.648617,0,0
46545,-0.243393,0.93676,-2.6331847,-0.2693187,0.9873578,-2.571157,0.5,0,1,0.5218821,0,1.9573022,1,0,0,0,1,0,0,0,0.0055019855,0.05658627,-0.06202793,30.638044,34.836624,0,0
46595,-0.264918,0.92405,-2.583185,-0.29240036,0.97322243,-2.524242,0.5,0,1,0.54934955,0,1.3048679,1,0,0,0,1,0,0,0,0.0060552917,0.05600486,-0.05894327,30.755468,35.042088,0,0
46645,-0.285781,0.91028,-2.5331852,-0.3151729,0.9578001,-2.4747968,0.5,0,1,0.54934955,0,1.3048679,1,0,0,0,1,0,0,0,0.0062934533,0.0555197,-0.058388714,30.818556,35.114998,0,0
46695,-0.305929,0.895484,-2.483185,-0.33570597,0.942279,-2.435729,0.5,0,1,0.54934955,0,1.3048679,1,0,0,0,1,0,0,0,0.0076937024,0.054929476,-0.047455788,31.062746,35.694595,0,0
46745,-0.325313,0.8797,-2.4331849,-0.35771084,0.9236597,-2.386285,0.5,0,1,0.54934955,0,1.3048679,1,0,0,0,1,0,0,0,0.0065473225,0.05421444,-0.04689979,30.738024,35.376114,0,0
46795,-0.343883,0.862966,-2.3831847,-0.37925154,0.9044472,-2.3354063,0.5,0,1,0.54934955,0,1.3048679,1,0,0,0,1,0,0,0,0.0054509304,0.054239377,-0.04777813,30.44202,35.052803,0,0
46845,-0.361594,0.845326,-2.333185,-0.3982668,0.8849449,-2.278511,0.5,0,1,0.5218821,0,0.65243393,1,0,0,0,1,0,0,0,0.006263446,0.053622022,-0.05467367,30.7731,35.156696,0,0
46895,-0.378401,0.826822,-2.2831852,-0.41610265,0.86497295,-2.2231762,0.5,0,1,0.54934955,0,0,1,0,0,0,1,0,0,0,0.0074284486,0.05311994,-0.060009003,31.179258,35.38674,0,0
46945,-0.394263,0.807501,-2.233185,-0.43263334,0.84426785,-2.173166,0.5,0,1,0.57681704,0,0.65243393,1,0,0,0,1,0,0,0,0.008555183,0.052448943,-0.060019016,31.501587,35.698162,0,0
46995,-0.409139,0.787412,-2.1831849,-0.44803315,0.82287014,-2.134327,0.5,0,1,0.54934955,0,1.3048679,1,0,0,0,1,0,0,0,0.00919915,0.05182095,-0.04885769,31.530691,36.06925,0,0
47045,-0.422992,0.766604,-2.1331847,-0.4632086,0.7995054,-2.1016495,0.5,0,1,0.57681704,0,0.65243393,1,0,0,0,1,0,0,0,0.008012937,0.051338777,-0.03153515,30.949373,36.026825,0,0
47095,-0.435788,0.74513,-2.083185,-0.47689664,0.7758734,-2.0492692,0.5,0,1,0.54934955,0,1.3048679,1,0,0,0,1,0,0,0,0.008363511,0.05064711,-0.033916,31.088568,36.079964,0,0
47145,-0.447495,0.723044,-2.0331852,-0.48989245,0.75182784,-1.9940153,0.5,0,1,0.54934955,0,1.3048679,1,0,0,0,1,0,0,0,0.008831773,0.050478246,-0.03916979,31.298487,36.12144,0,0
47195,-0.458083,0.7004,-1.983185,-0.50192773,0.7270944,-1.9375944,0.5,0,1,0.54934955,0,1.3048679,1,0,0,0,1,0,0,0,0.009194739,0.050501574,-0.0455904,31.49316,36.113934,0,0
47245,-0.467526,0.677255,-1.9331849,-0.51241815,0.7012429,-1.8952703,0.5,0,1,0.54934955,0,1.3048679,1,0,0,0,1,0,0,0,0.0084241275,0.050197233,-0.037914276,31.16776,36.025894,0,0
47295,-0.475801,0.653666,-1.8831851,-0.5213662,0.67583346,-1.844897,0.5,0,1,0.49441463,0,1.3048683,1,0,0,0,1,0,0,0,0.0090062665,0.04986451,-0.038288116,31.339565,36.18065,0,0
47345,-0.482887,0.629694,-1.833185,-0.52952164,0.6493082,-1.7951381,0.5,0,1,0.54934955,0,1.3048679,1,0,0,0,1,0,0,0,0.008748139,0.049829483,-0.038046837,31.263723,36.111866,0,0
47395,-0.488765,0.605398,-1.7831852,-0.536327,0.6216245,-1.747989,0.5,0,1,0.57681704,0,0.65243393,1,0,0,0,1,0,0,0,0.007588858,0.049677495,-0.035196304,30.897165,35.832855,0,0
47445,-0.493422,0.580838,-1.733185,-0.5413167,0.5945505,-1.6981568,0.5,0,1,0.5218821,0,0.65243393,1,0,0,0,1,0,0,0,0.007518001,0.049248476,-0.035028458,30.878159,35.812374,0,0
47495,-0.496846,0.556076,-1.6831849,-0.5454746,0.5665741,-1.6457003,0.5,0,1,0.5218821,0,0.65243393,1,0,0,0,1,0,0,0,0.006829604,0.04927786,-0.037484646,30.720285,35.57746,0,0
47545,-0.499027,0.531174,-1.6331851,-0.5482025,0.5395748,-1.5886818,0.5,0,1,0.57681704,0,0.65243393,1,0,0,0,1,0,0,0,0.007519967,0.04931788,-0.044503212,31.015858,35.65224,0,0
47595,-0.499962,0.506194,-1.583185,-0.5489534,0.5144885,-1.541946,0.5,0,1,0.54934955,0,1.3048679,1,0,0,0,1,0,0,0,0.009704285,0.04873176,-0.041238785,31.587708,36.317814,0,0
47645,-0.499646,0.481199,-1.5331852,-0.5490642,0.48682085,-1.4961141,0.5,0,1,0.54934955,0,0,1,0,0,0,1,0,0,0,0.0092934165,0.048860997,-0.037071228,31.410484,36.27412,0,0
47695,-0.498082,0.456251,-1.483185,-0.5479306,0.46012294,-1.450358,0.5,0,1,0.57681704,0,1.9573026,1,0,0,0,1,0,0,0,0.009833069,0.049022283,-0.032826897,31.498653,36.498768,0,0
47745,-0.495273,0.431411,-1.4331849,-0.54464287,0.43316546,-1.4029704,0.5,0,1,0.5218821,0,1.9573022,1,0,0,0,1,0,0,0,0.009976511,0.048383173,-0.030214308,31.505394,36.577866,0,0
47795,-0.491226,0.406744,-1.3831851,-0.5404778,0.40696394,-1.3590313,0.5,0,1,0.54934955,0,1.3048679,1,0,0,0,1,0,0,0,0.010567057,0.048105385,-0.02415371,31.583174,36.84256,0,0
47845,-0.485952,0.382309,-1.333185,-0.5349187,0.38013247,-1.3102314,0.5,0,1,0.5218821,0,0.65243393,1,0,0,0,1,0,0,0,0.010512071,0.047874574,-0.022953508,31.551472,36.8451,0,0
47895,-0.479462,0.358169,-1.2831852,-0.52832997,0.35354325,-1.253238,0.5,0,1,0.5218821,0,0.65243393,1,0,0,0,1,0,0,0,0.010864469,0.047868982,-0.029947283,31.755222,36.82801,0,0
47945,-0.471774,0.334383,-1.233185,-0.52018875,0.32796913,-1.2016027,0.5,0,1,0.54934955,0,1.3048679,1,0,0,0,1,0,0,0,0.011489412,0.04746702,-0.031582355,31.958397,36.973232,0,0
47995,-0.462907,0.311011,-1.1831849,-0.51038903,0.30174744,-1.154587,0.5,0,1,0.5218821,0,0.65243393,1,0,0,0,1,0,0,0,0.010724115,0.047173627,-0.028597832,31.70118,36.80558,0,0
48045,-0.452883,0.288112,-1.1331851,-0.49911106,0.2763403,-1.1086227,0.5,0,1,0.54934955,0,0,1,0,0,0,1,0,0,0,0.010076156,0.046626996,-0.024562359,31.462917,36.686066,0,0
48095,-0.441727,0.265742,-1.083185,-0.48742083,0.25170562,-1.0549009,0.5,0,1,0.54934955,0,1.3048679,1,0,0,0,1,0,0,0,0.010331826,0.04667117,-0.028284071,31.59014,36.696514,0,0
48145,-0.429467,0.243957,-1.0331852,-0.4746411,0.22770214,-1.0005366,0.5,0,1,0.5218821,0,0.65243393,1,0,0,0,1,0,0,0,0.010704578,0.046801,-0.032648563,31.758669,36.729343,0,0
48195,-0.416134,0.222813,-0.98318505,-0.46047646,0.20455173,-0.94170153,0.5,0,1,0.5218821,0,0.65243393,1,0,0,0,1,0,0,0,0.011326336,0.04659873,-0.041483402,32.06429,36.753006,0,0
48245,-0.40176,0.202361,-0.93318486,-0.44412673,0.18139462,-0.8998204,0.5,0,1,0.54934955,0,0,1,0,0,0,1,0,0,0,0.009920334,0.04621812,-0.033364292,31.553259,36.492146,0,0
48295,-0.386382,0.182654,-0.88318515,-0.42741734,0.15977667,-0.8516272,0.5,0,1,0.5218821,0,0.65243393,1,0,0,0,1,0,0,0,0.009820597,0.045943722,-0.03155804,31.500704,36.492256,0,0
48345,-0.370039,0.163739,-0.83318496,-0.40938178,0.13792546,-0.80045396,0.5,0,1,0.54934955,0,1.3048679,1,0,0,0,1,0,0,0,0.008871917,0.046211287,-0.032731056,31.249104,36.207867,0,0
48395,-0.35277,0.145665,-0.783185,-0.39104506,0.11833017,-0.7496011,0.5,0,1,0.54934955,0,1.3048679,1,0,0,0,1,0,0,0,0.009391341,0.046086617,-0.033583876,31.408752,36.33863,0,0
48445,-0.33462,0.128477,-0.73318505,-0.3713597,0.099765435,-0.7046687,0.5,0,1,0.57681704,0,0.65243393,1,0,0,0,1,0,0,0,0.009390445,0.04567253,-0.028516293,31.336716,36.419994,0,0
48495,-0.315633,0.112217,-0.68318486,-0.35132247,0.081837095,-0.64705193,0.5,0,1,0.54934955,0,0,1,0,0,0,1,0,0,0,0.0101612285,0.04575398,-0.036132816,31.66535,36.509544,0,0
48545,-0.295858,0.096927,-0.63318515,-0.3299647,0.06509813,-0.59964585,0.5,0,1,0.57681704,0,0.65243393,1,0,0,0,1,0,0,0,0.010193665,0.045523986,-0.033539295,31.63819,36.560593,0,0
48595,-0.275343,0.082644,-0.58318496,-0.30806917,0.04947427,-0.5534448,0.5,0,1,0.5218821,0,0.65243393,1,0,0,0,1,0,0,0,0.010406064,0.045419678,-0.029740095,31.642555,36.683216,0,0
48645,-0.25414,0.069404,-0.533185,-0.28445905,0.034652233,-0.50205463,0.5,0,1,0.5218821,0,0.65243393,1,0,0,0,1,0,0,0,0.0098540485,0.045053616,-0.031130314,31.510805,36.50181,0,0
48695,-0.232301,0.05724,-0.48318505,-0.2603795,0.020036828,-0.44815508,0.5,0,1,0.5218821,0,0.65243393,1,0,0,0,1,0,0,0,0.00918542,0.045695804,-0.03502989,31.375187,36.25327,0,0
48745,-0.209882,0.046183,-0.4331851,-0.23590297,0.0074365567,-0.39724016,0.5,0,1,0.54934955,0,0,1,0,0,0,1,0,0,0,0.009004737,0.0457962,-0.035944935,31.337,36.18779,0,0
48795,-0.186938,0.036261,-0.3831849,-0.21143346,-0.0030787762,-0.35429034,0.5,0,1,0.57681704,0,0.65243393,1,0,0,0,1,0,0,0,0.009326169,0.04539458,-0.028894661,31.326468,36.393414,0,0
48845,-0.163527,0.027497,-0.33318496,-0.18665789,-0.012680578,-0.30681005,0.5,0,1,0.54934955,0,1.3048679,1,0,0,0,1,0,0,0,0.009916321,0.045287333,-0.026374817,31.455706,36.600487,0,0
48895,-0.139708,0.019915,-0.283185,-0.1612528,-0.021544987,-0.25694296,0.5,0,1,0.54934955,0,1.3048679,1,0,0,0,1,0,0,0,0.010301491,0.045573983,-0.026242016,31.559786,36.713287,0,0
48945,-0.115539,0.013532,-0.23318505,-0.13485666,-0.028707815,-0.20680147,0.5,0,1,0.54934955,0,1.3048679,1,0,0,0,1,0,0,0,0.010232926,0.045306303,-0.026383638,31.544733,36.689537,0,0
48995,-0.091081,0.008366,-0.1831851,-0.108965985,-0.03452642,-0.15933645,0.5,0,1,0.57681704,0,1.9573026,1,0,0,0,1,0,0,0,0.010852994,0.045186777,-0.023848772,31.68205,36.90498,0,0
49045,-0.066396,0.004428,-0.13318491,-0.08118988,-0.03933002,-0.1144489,0.5,0,1,0.5218821,0,0.65243393,1,0,0,0,1,0,0,0,0.0096999705,0.0451612,-0.018736124,31.280668,36.664593,0,0
49095,-0.041545,0.001729,-0.08318496,-0.05320125,-0.043296218,-0.067714065,0.5,0,1,0.54934955,0,1.3048679,1,0,0,0,1,0,0,0,0.008583031,0.04571072,-0.015470982,30.912394,36.408077,0,0
49145,-0.01659,0.000275,-0.033185005,-0.026142364,-0.045459054,-0.0103508625,0.5,0,1,0.57681704,0,0.65243393,1,0,0,0,1,0,0,0,0.009078471,0.045830477,-0.022834064,31.162611,36.427734,0,0
49195,0.008407,0.000071,0.016814947,0.0007079889,-0.046576682,0.04513068,0.5,0,1,0.54934955,0,1.3048679,1,0,0,0,1,0,0,0,0.009795701,0.046252843,-0.028315783,31.443129,36.541897,0,0
49245,0.033404,-0.000134,-0.033185005,0.027091675,-0.0459319,0.0901618,0.5,0,-1,0.5218821,0,-0.65243393,1,0,0,0,1,0,0,0,0.010410315,0.04504352,-0.123346806,38.15857,29.722387,0,0
49295,0.058359,-0.001588,-0.08318496,0.054678824,-0.043819662,0.09319359,0.5,0,-1,0.5218821,0,-3.262171,1,0,0,0,1,0,0,0,0.0075942306,0.041705932,-0.17637849,37.973248,27.828856,0,0
49345,0.08321,-0.004287,-0.13318491,0.08180788,-0.042292148,-0.010532645,0.5,0,-1,0.49441463,0,-1.3048683,1,0,0,0,1,0,0,0,0.0010017533,0.038017806,-0.12265229,35.559647,27.03431,0,0
49395,0.107895,-0.008224,-0.1831851,0.10876585,-0.044723142,-0.13107464,0.5,0,-1,0.49441463,0,-1.3048683,1,0,0,0,1,0,0,0,-0.0056338017,0.036072236,-0.052110434,32.791897,26.454245,0,0
49445,0.132353,-0.013391,-0.23318505,0.13403499,-0.04970742,-0.17560211,0.5,0,-1,0.46694717,0,-0.6524343,1,0,0,0,1,0,0,0,-0.008000651,0.035464082,-0.057582855,32.207912,25.68813,0,0
49495,0.156522,-0.019773,-0.283185,0.15776192,-0.05551087,-0.19770579,0.5,0,-1,0.46694717,0,-0.6524343,1,0,0,0,1,0,0,0,-0.0082354,0.034798145,-0.08547926,32.52412,25.11527,0,0
49545,0.180341,-0.027356,-0.33318496,0.17968185,-0.06099333,-0.21746585,0.5,0,-1,0.43947968,0,-1.3048686,1,0,0,0,1,0,0,0,-0.0066138236,0.032987297,-0.11571908,33.374557,24.987164,0,0
49595,0.203752,-0.036119,-0.3831849,0.2025827,-0.06716602,-0.28332186,0.5,0,-1,0.49441463,0,-1.3048683,1,0,0,0,1,0,0,0,-0.0075564133,0.030136116,-0.09986305,32.936398,25.001734,0,0
49645,0.226696,-0.046042,-0.4331851,0.2247179,-0.07501646,-0.3633539,0.5,0,-1,0.46694717,0,-0.6524343,1,0,0,0,1,0,0,0,-0.0084489,0.02778576,-0.069831125,32.31106,25.284105,0,0
49695,0.249115,-0.057099,-0.48318505,0.24636629,-0.08472786,-0.4240803,0.5,0,-1,0.46694717,0,-0.6524343,1,0,0,0,1,0,0,0,-0.008863576,0.026312478,-0.05910468,32.05867,25.346432,0,0
49745,0.270953,-0.069262,-0.533185,0.26745707,-0.09535958,-0.47600958,0.5,0,-1,0.46694717,0,-0.6524343,1,0,0,0,1,0,0,0,-0.008851562,0.024798289,-0.057175398,32.047096,25.37177,0,0
49795,0.292157,-0.082502,-0.58318496,0.2879174,-0.106791236,-0.52760285,0.5,0,-1,0.43947968,0,0,1,0,0,0,1,0,0,0,-0.008565674,0.023120778,-0.055582047,32.118435,25.466854,0,0
49845,0.312672,-0.096785,-0.63318515,0.30775476,-0.11997812,-0.5767116,0.5,0,-1,0.46694717,0,-0.6524343,1,0,0,0,1,0,0,0,-0.0085246,0.022123093,-0.056473494,32.150352,25.454918,0,0
49895,0.332447,-0.112076,-0.68318486,0.3266372,-0.13366741,-0.63136655,0.5,0,-1,0.49441463,0,-1.3048683,1,0,0,0,1,0,0,0,-0.008054511,0.020858271,-0.051818375,32.22704,25.658405,0,0
49945,0.351434,-0.128335,-0.73318505,0.3445934,-0.14852339,-0.6840759,0.5,0,-1,0.49441463,0,-1.3048683,1,0,0,0,1,0,0,0,-0.007456718,0.01996903,-0.04910922,32.363743,25.866499,0,0
49995,0.369584,-0.145524,-0.783185,0.3621152,-0.16416718,-0.7426204,0.5,0,-1,0.49441463,0,-1.3048683,1,0,0,0,1,0,0,0,-0.0071046576,0.018784968,-0.040564537,32.349308,26.102905,0,0
50045,0.386853,-0.163598,-0.83318496,0.37879676,-0.18113294,-0.7967977,0.5,0,-1,0.5218821,0,-0.65243393,1,0,0,0,1,0,0,0,-0.0069082887,0.018018128,-0.03638721,32.349712,26.223,0,0
50095,0.403196,-0.182512,-0.88318515,0.39444885,-0.19891621,-0.842775,0.5,0,-1,0.49441463,0,-1.3048683,1,0,0,0,1,0,0,0,-0.0064253146,0.01744495,-0.04041004,32.548714,26.286024,0,0
50145,0.418574,-0.20222,-0.93318486,0.40933573,-0.21718457,-0.8914623,0.5,0,-1,0.49441463,0,-1.3048683,1,0,0,0,1,0,0,0,-0.005838142,0.016589168,-0.041722298,32.739628,26.422028,0,0
50195,0.432948,-0.222671,-0.98318505,0.42370853,-0.23683661,-0.95209134,0.5,0,-1,0.43947968,0,-1.3048686,1,0,0,0,1,0,0,0,-0.0061810245,0.015742527,-0.031093597,32.494274,26.498688,0,0
50245,0.446281,-0.243816,-1.0331852,0.43637472,-0.25658128,-1.0147866,0.5,0,-1,0.49441463,0,0,1,0,0,0,1,0,0,0,-0.005613875,0.015151588,-0.018398762,32.467907,26.863705,0,0
50295,0.458541,-0.2656,-1.083185,0.44810063,-0.2776452,-1.0636857,0.5,0,-1,0.46694717,0,-0.6524343,1,0,0,0,1,0,0,0,-0.0054589245,0.014976269,-0.019499302,32.52959,26.887878,0,0
50345,0.469697,-0.28797,-1.1331851,0.45909286,-0.29933318,-1.1064571,0.5,0,-1,0.49441463,0,-1.3048683,1,0,0,0,1,0,0,0,-0.005411142,0.014570149,-0.026728153,32.65511,26.778797,0,0
50395,0.479721,-0.31087,-1.1831849,0.46909672,-0.32222366,-1.1608244,0.5,0,-1,0.46694717,0,-0.6524343,1,0,0,0,1,0,0,0,-0.00617815,0.014269263,-0.022360325,32.37618,26.632986,0,0
50445,0.488588,-0.334242,-1.233185,0.47733957,-0.344635,-1.2174286,0.5,0,-1,0.46694717,0,-0.6524343,1,0,0,0,1,0,0,0,-0.005858235,0.014150032,-0.015756607,32.366787,26.830189,0,0
50495,0.496276,-0.358028,-1.2831852,0.4845558,-0.3667105,-1.2717142,0.5,0,-1,0.49441463,0,-1.3048683,1,0,0,0,1,0,0,0,-0.0048438115,0.013758135,-0.011470796,32.58936,27.181883,0,0
50545,0.502765,-0.382168,-1.333185,0.49063346,-0.3901366,-1.3152319,0.5,0,-1,0.46694717,0,-0.6524343,1,0,0,0,1,0,0,0,-0.0046430407,0.013751914,-0.017952919,32.745216,27.132994,0,0
50595,0.50804,-0.406602,-1.3831851,0.49562186,-0.4140075,-1.3636575,0.5,0,-1,0.43947968,0,-1.3048686,1,0,0,0,1,0,0,0,-0.0046932846,0.013675718,-0.019527912,32.75563,27.09248,0,0
50645,0.512087,-0.43127,-1.4331849,0.49919304,-0.43754753,-1.4112719,0.5,0,-1,0.49441463,0,-1.3048683,1,0,0,0,1,0,0,0,-0.0041496377,0.013727408,-0.021913053,32.94422,27.206596,0,0
50695,0.514896,-0.456109,-1.483185,0.50173664,-0.46045673,-1.4652199,0.5,0,-1,0.46694714,0,-1.9573026,1,0,0,0,1,0,0,0,-0.0029367951,0.013544231,-0.017965315,33.226933,27.611036,0,0
50745,0.51646,-0.481058,-1.5331852,0.5035423,-0.48480394,-1.5179101,0.5,0,-1,0.49441463,0,-1.3048683,1,0,0,0,1,0,0,0,-0.003057858,0.013097652,-0.015275001,33.155334,27.617327,0,0
50795,0.516776,-0.506053,-1.583185,0.5035136,-0.5095429,-1.5682839,0.5,0,-1,0.49441463,0,-1.3048683,1,0,0,0,1,0,0,0,-0.0034565784,0.013271177,-0.014901162,33.0361,27.51263,0,0
50845,0.515841,-0.531033,-1.6331851,0.50223273,-0.5345766,-1.6150328,0.5,0,-1,0.49441463,0,-1.3048683,1,0,0,0,1,0,0,0,-0.004141936,0.013438257,-0.018152237,32.891666,27.268196,0,0
50895,0.513659,-0.555935,-1.6831849,0.4998939,-0.55919033,-1.6674432,0.5,0,-1,0.5218821,0,-1.9573022,1,0,0,0,1,0,0,0,-0.0045683975,0.013386735,-0.015741825,32.73536,27.187172,0,0
50945,0.510236,-0.580697,-1.733185,0.4966742,-0.58289915,-1.7199713,0.5,0,-1,0.49441463,0,-1.3048683,1,0,0,0,1,0,0,0,-0.004193286,0.013083908,-0.0132136345,32.80448,27.331337,0,0
50995,0.505579,-0.605257,-1.7831852,0.4916548,-0.6064643,-1.7673801,0.5,0,-1,0.46694717,0,-0.6524343,1,0,0,0,1,0,0,0,-0.003903768,0.013420176,-0.015805244,32.922993,27.373333,0,0
51045,0.4997,-0.629553,-1.833185,0.4856551,-0.62959915,-1.8131163,0.5,0,-1,0.43947968,0,-1.3048686,1,0,0,0,1,0,0,0,-0.0034149394,0.013623503,-0.020068645,33.123775,27.442732,0,0
51095,0.492615,-0.653525,-1.8831851,0.47848648,-0.65311474,-1.862455,0.5,0,-1,0.49441463,0,0,1,0,0,0,1,0,0,0,-0.0036696056,0.013649829,-0.02073002,33.061962,27.360453,0,0
51145,0.48434,-0.677113,-1.9331849,0.47010761,-0.6766935,-1.921652,0.5,0,-1,0.49441463,0,-1.3048683,1,0,0,0,1,0,0,0,-0.004497756,0.013509526,-0.0115327835,32.689606,27.276249,0,0
51195,0.474897,-0.700258,-1.983185,0.4607401,-0.6987469,-1.9730136,0.5,0,-1,0.46694717,0,-0.6524343,1,0,0,0,1,0,0,0,-0.0041513545,0.013618653,-0.010171413,32.765137,27.396486,0,0
51245,0.464309,-0.722902,-2.0331852,0.4500541,-0.7205388,-2.0135536,0.5,0,-1,0.49441463,0,-1.3048683,1,0,0,0,1,0,0,0,-0.003971935,0.013892825,-0.019631386,32.958363,27.295376,0,0
51295,0.452602,-0.744989,-2.083185,0.44078276,-0.73810875,-2.0468102,0.5,0,-1,0.54934955,0,-1.3048679,1,0,0,0,1,0,0,0,0.00069928914,0.013658075,-0.03637457,34.52358,28.32843,0,0
51345,0.439806,-0.766463,-2.1331847,0.42594853,-0.7633056,-2.114154,0.5,0,-1,0.5218821,0,-1.9573022,1,0,0,0,1,0,0,0,-0.0044618566,0.0134940995,-0.01903057,32.8146,27.164286,0,0
51395,0.425952,-0.787271,-2.1831849,0.41044247,-0.78630894,-2.1747944,0.5,0,-1,0.5218821,0,-0.65243393,1,0,0,0,1,0,0,0,-0.00801658,0.0133118415,-0.008390427,31.652866,26.335604,0,0
51445,0.411077,-0.80736,-2.233185,0.39420635,-0.8069996,-2.2308786,0.5,0,-1,0.46694717,0,-0.6524343,1,0,0,0,1,0,0,0,-0.010060104,0.013547801,-0.0023064613,30.98123,25.85979,0,0
51495,0.395215,-0.82668,-2.2831852,0.3781245,-0.82601976,-2.27218,0.5,0,-1,0.46694714,0,-1.9573026,1,0,0,0,1,0,0,0,-0.010523684,0.013482328,-0.011005402,30.986889,25.589752,0,0
51545,0.378408,-0.845184,-2.333185,0.36186492,-0.8432954,-2.317136,0.5,0,-1,0.46694717,0,-0.6524343,1,0,0,0,1,0,0,0,-0.009845436,0.013427888,-0.016048908,31.25556,25.69833,0,0
51595,0.360697,-0.862825,-2.3831847,0.3463377,-0.85848826,-2.3706045,0.5,0,-1,0.43947968,0,-1.3048686,1,0,0,0,1,0,0,0,-0.0072767977,0.01311658,-0.012579918,31.927238,26.474615,0,0
51645,0.342126,-0.879558,-2.4331849,0.33098453,-0.8720132,-2.4270725,0.5,0,-1,0.46694717,0,-0.6524343,1,0,0,0,1,0,0,0,-0.0034725843,0.012999922,-0.0061120987,32.897877,27.647625,0,0
51695,0.322743,-0.895342,-2.483185,0.31263393,-0.8863072,-2.4722247,0.5,0,-1,0.46694717,0,-0.6524343,1,0,0,0,1,0,0,0,-0.002321654,0.013357806,-0.010960579,33.294,27.89631,0,0
51745,0.302595,-0.910138,-2.5331852,0.29655892,-0.89802325,-2.510782,0.5,0,-1,0.49441463,0,-1.3048683,1,0,0,0,1,0,0,0,0.0022708536,0.013343345,-0.02240324,34.760418,29.001253,0,0
51795,0.281732,-0.923909,-2.583185,0.2715595,-0.91423184,-2.5723922,0.5,0,-1,0.49441463,0,-1.3048683,1,0,0,0,1,0,0,0,-0.003353017,0.013633944,-0.010792732,32.999157,27.611128,0,0
51845,0.260207,-0.936619,-2.6331847,0.24905413,-0.9273248,-2.6301882,0.5,0,-1,0.46694717,0,-0.6524343,1,0,0,0,1,0,0,0,-0.005177334,0.013563331,-0.0029964447,32.365223,27.222242,0,0
51895,0.238074,-0.948238,-2.6831849,0.22669937,-0.9386045,-2.6819146,0.5,0,-1,0.49441463,0,0,1,0,0,0,1,0,0,0,-0.005919884,0.013680002,-0.0012702942,32.128323,27.041685,0,0
51945,0.215388,-0.958736,-2.733185,0.20385967,-0.9483067,-2.7305095,0.5,0,-1,0.46694717,0,-0.6524343,1,0,0,0,1,0,0,0,-0.0064003034,0.01416719,-0.0026755333,32.01146,26.888145,0,0
51995,0.192206,-0.968087,-2.7831852,0.18168856,-0.95655453,-2.7680142,0.5,0,-1,0.43947968,0,-1.3048686,1,0,0,0,1,0,0,0,-0.005583244,0.01457539,-0.015171051,32.431812,26.920414,0,0
52045,0.168585,-0.976268,-2.833185,0.1595051,-0.96401703,-2.8149903,0.5,0,-1,0.49441463,0,-1.3048683,1,0,0,0,1,0,0,0,-0.0046694833,0.014516424,-0.018194675,32.735428,27.127642,0,0
52095,0.144584,-0.983258,-2.8831847,0.13693728,-0.9707394,-2.8729947,0.5,0,-1,0.49441463,0,-1.3048683,1,0,0,0,1,0,0,0,-0.004050362,0.014099005,-0.01019001,32.79004,27.428383,0,0
52145,0.120265,-0.989039,-2.9331849,0.11396629,-0.9756337,-2.923652,0.5,0,-1,0.46694717,0,-0.6524343,1,0,0,0,1,0,0,0,-0.0032512164,0.01445012,-0.0095329285,33.001858,27.66649,0,0
52195,0.095687,-0.993599,-2.983185,0.08992198,-0.9796567,-2.9661014,0.5,0,-1,0.49441463,0,-1.3048683,1,0,0,0,1,0,0,0,-0.003242263,0.014734686,-0.017083645,33.118187,27.54892,0,0
52245,0.070911,-0.996923,-3.0331852,0.065205656,-0.9825886,-3.0181608,0.5,0,-1,0.49441463,0,-1.3048683,1,0,0,0,1,0,0,0,-0.003897102,0.014927817,-0.015024184,32.90101,27.399813,0,0
52295,0.046001,-0.999006,-3.083185,0.04046664,-0.9848011,-3.0680377,0.5,0,-1,0.49441463,0,-1.3048683,1,0,0,0,1,0,0,0,-0.0044754986,0.014573162,-0.015147209,32.74302,27.232338,0,0
52345,0.021018,-0.999841,-3.1331847,0.016777115,-0.9852013,-3.125886,0.5,0,-1,0.46694717,0,-0.6524343,1,0,0,0,1,0,0,0,-0.0040104347,0.014704476,-0.00729847,32.751633,27.490833,0,0
52395,-0.003976,-0.999426,3.0999997,-0.008443881,-0.98460287,3.1147857,0.5,0,-1,0.49441463,0,-1.3048683,1,0,0,0,1,0,0,0,-0.004863595,0.014698056,-0.0147857675,32.627346,27.130047,0,0
52445,-0.028918,-0.997763,3.05,-0.032099307,-0.98269534,3.068132,0.5,0,-1,0.43947968,0,-1.3048686,1,0,0,0,1,0,0,0,-0.0042786147,0.014793507,-0.018131733,32.842213,27.24079,0,0
52495,-0.053746,-0.994855,3.0000002,-0.056284476,-0.97997546,3.0132244,0.5,0,-1,0.46694717,0,-0.6524343,1,0,0,0,1,0,0,0,-0.0044224076,0.014432132,-0.013224125,32.72956,27.277369,0,0
52545,-0.078397,-0.99071,2.95,-0.079683125,-0.9760075,2.955011,0.5,0,-1,0.46694714,0,-1.9573026,1,0,0,0,1,0,0,0,-0.0039911373,0.014208745,-0.005010605,32.725292,27.528904,0,0
52595,-0.102811,-0.985338,2.8999999,-0.10386115,-0.9703129,2.9175143,0.5,0,-1,0.49441463,0,-1.3048683,1,0,0,0,1,0,0,0,-0.004362591,0.014416088,-0.017514227,32.812172,27.224283,0,0
52645,-0.126925,-0.978752,2.8499997,-0.12745987,-0.96357405,2.8733566,0.5,0,-1,0.49441463,0,-1.3048683,1,0,0,0,1,0,0,0,-0.004538367,0.014493445,-0.023356915,32.850616,27.079504,0,0
52695,-0.15068,-0.97097,2.8,-0.1508672,-0.95551866,2.820762,0.5,0,-1,0.46694717,0,-0.6524343,1,0,0,0,1,0,0,0,-0.0050502853,0.014603859,-0.020761967,32.666595,26.979143,0,0
52745,-0.174017,-0.96201,2.7500002,-0.16913739,-0.94882894,-1.5173019,0.5,0,-1,-0.054934956,0,-5.2194734,1,0,0,0,1,0,0,0,0.012901327,-0.0055774082,-2.0158832,7.0988913,-26.750414,0,0
52795,-0.196876,-0.951895,2.7,-0.19345066,-0.9371052,2.8700197,0.5,0,-1,0.41201216,0,-0.6524343,1,0,0,0,1,0,0,0,-0.00066751987,0.015166613,-0.17001963,35.79448,25.428879,0,0
52845,-0.219201,-0.94065,2.6499999,-0.20325184,-0.9331281,2.7178056,0.5,0,-1,0.4120122,0,-1.9573026,1,0,0,0,1,0,0,0,0.011445161,0.013415011,-0.06780577,37.99216,30.80212,0,0
52895,-0.240937,-0.928303,2.5999997,-0.21828678,-0.92524225,2.6813533,0.5,0,-1,0.5218821,0,-1.9573022,1,0,0,0,1,0,0,0,0.018933898,0.01280265,-0.081353664,40.284946,32.658657,0,0
52945,-0.262028,-0.914885,2.55,-0.23805244,-0.9136755,2.6310272,0.5,0,-1,0.57681704,0,-1.9573026,1,0,0,0,1,0,0,0,0.02032688,0.012771399,-0.081027515,40.672665,33.056145,0,0
52996,-0.282422,-0.90043,2.5000002,-0.25933257,-0.9000977,2.5502412,0.5,0,-1,0.57681704,0,-1.9573026,1,0,0,0,1,0,0,0,0.018983327,0.013147849,-0.050240993,39.869938,33.229317,0,0
53045,-0.302068,-0.884974,2.45,-0.27749157,-0.88638204,2.517016,0.5,0,-1,0.57681704,0,-0.65243393,1,0,0,0,1,0,0,0,0.020760015,0.013228949,-0.06701565,40.60265,33.434563,0,0
53095,-0.320918,-0.868555,2.3999999,-0.30338117,-0.86361986,2.3821437,0.5,0,-1,0.54934955,0,-1.3048679,1,0,0,0,1,0,0,0,0.009320018,0.015653528,0.017856123,36.092068,31.640472,0,0
53145,-0.338923,-0.851215,2.3499997,-0.3236112,-0.8421088,2.3075564,0.5,0,-1,0.49441463,0,0,1,0,0,0,1,0,0,0,0.003543363,0.017459074,0.04244328,34.041985,30.394865,0,0
53195,-0.356039,-0.832997,2.3,-0.3415449,-0.81998205,2.2677815,0.5,0,-1,0.46694717,0,-0.6524343,1,0,0,0,1,0,0,0,-0.0006757472,0.019468218,0.032218456,33.012737,29.074717,0,0
53245,-0.372223,-0.813945,2.2500002,-0.35758233,-0.79867935,2.2277892,0.5,0,-1,0.46694717,0,-0.6524343,1,0,0,0,1,0,0,0,-0.0031462181,0.020916265,0.022211077,32.47293,28.241903,0,0
53295,-0.387434,-0.794109,2.2,-0.3716403,-0.7780306,2.1845465,0.5,0,-1,0.49441463,0,-1.3048683,1,0,0,0,1,0,0,0,-0.004047814,0.02217142,0.015453339,32.320095,27.895546,0,0
53345,-0.401635,-0.773537,2.1499999,-0.3838006,-0.75857013,2.140733,0.5,0,-1,0.5218821,0,-0.65243393,1,0,0,0,1,0,0,0,-0.0029780539,0.023091197,0.009266853,32.713753,28.108406,0,0
53395,-0.414791,-0.752282,2.0999997,-0.39451772,-0.74010956,2.0791113,0.5,0,-1,0.46694717,0,-0.6524343,1,0,0,0,1,0,0,0,-0.0007663248,0.023634445,0.02088833,33.142586,28.912718,0,0
53445,-0.426867,-0.730395,2.05,-0.4049393,-0.7182642,2.0205498,0.5,0,-1,0.49441463,0,-1.3048683,1,0,0,0,1,0,0,0,-0.0013915049,0.025020884,0.029449942,32.813953,28.876219,0,0
53495,-0.437835,-0.707932,2.0000002,-0.41408423,-0.6965819,1.9761676,0.5,0,-1,0.46694717,0,-0.6524343,1,0,0,0,1,0,0,0,-0.0010638852,0.026301948,0.0238328,32.98931,28.8945,0,0
53545,-0.447666,-0.684949,1.95,-0.42267358,-0.6736969,1.9357435,0.5,0,-1,0.43947968,0,-1.3048686,1,0,0,0,1,0,0,0,-0.0015912801,0.027362347,0.014256477,32.989468,28.609085,0,0
53595,-0.456336,-0.661503,1.8999999,-0.43056545,-0.64987195,1.8861469,0.5,0,-1,0.49441463,0,-1.3048683,1,0,0,0,1,0,0,0,-0.0030647917,0.028107116,0.013853073,32.57571,28.194345,0,0
53645,-0.463824,-0.637654,1.8500001,-0.43704125,-0.6258953,1.8372988,0.5,0,-1,0.5218821,0,-0.65243393,1,0,0,0,1,0,0,0,-0.004290106,0.028934019,0.012701511,32.24322,27.838554,0,0
53695,-0.47011,-0.61346,1.8,-0.44243777,-0.60175973,1.7886133,0.5,0,-1,0.49441463,0,-1.3048683,1,0,0,0,1,0,0,0,-0.005443872,0.029546794,0.011386395,31.935139,27.498627,0,0
53745,-0.475179,-0.588982,1.7500002,-0.44666323,-0.5782867,1.7446165,0.5,0,-1,0.46694714,0,-1.9573026,1,0,0,0,1,0,0,0,-0.005602415,0.02993577,0.005383491,31.983822,27.363914,0,0
53795,-0.479019,-0.564281,1.7,-0.44961593,-0.5540847,1.7069182,0.5,0,-1,0.46694714,0,-1.9573026,1,0,0,0,1,0,0,0,-0.0061119045,0.030514725,-0.0069179535,32.02987,27.030687,0,0
53845,-0.481619,-0.539419,1.6499999,-0.45136073,-0.52995294,1.6601833,0.5,0,-1,0.49441463,0,-1.3048683,1,0,0,0,1,0,0,0,-0.0067271693,0.030982483,-0.010183334,31.903809,26.808912,0,0
53895,-0.482973,-0.514458,1.6000001,-0.4520727,-0.5058722,1.6048008,0.5,0,-1,0.49441463,0,-1.3048683,1,0,0,0,1,0,0,0,-0.007530296,0.031174337,-0.0048007965,31.592703,26.670782,0,0
53945,-0.483078,-0.489461,1.55,-0.4519591,-0.48284593,1.5530744,0.5,0,-1,0.49441463,0,-1.3048683,1,0,0,0,1,0,0,0,-0.0071655004,0.030996785,-0.003074169,31.669657,26.799452,0,0
53995,-0.481934,-0.46449,1.5000002,-0.4505966,-0.4590008,1.503121,0.5,0,-1,0.46694717,0,-0.6524343,1,0,0,0,1,0,0,0,-0.0075957817,0.030894477,-0.0031208992,31.550179,26.676884,0,0
54045,-0.479543,-0.439607,1.45,-0.4475793,-0.43548208,1.4584323,0.5,0,-1,0.46694717,0,-0.6524343,1,0,0,0,1,0,0,0,-0.007682911,0.03129962,-0.008432388,31.605373,26.570766,0,0
54095,-0.475911,-0.414875,1.3999999,-0.44360697,-0.41213992,1.4169602,0.5,0,-1,0.46694717,0,-0.6524343,1,0,0,0,1,0,0,0,-0.0076527316,0.03150343,-0.016960144,31.743488,26.442858,0,0
54145,-0.471048,-0.390355,1.3500001,-0.43867478,-0.389058,1.3672493,0.5,0,-1,0.46694717,0,-0.6524343,1,0,0,0,1,0,0,0,-0.007814288,0.031442713,-0.017249107,31.702938,26.392225,0,0
54195,-0.464965,-0.366109,1.3,-0.43308744,-0.36605954,1.3058983,0.5,0,-1,0.43947968,0,-1.3048686,1,0,0,0,1,0,0,0,-0.008393629,0.030752681,-0.0058984756,31.370363,26.40713,0,0
54245,-0.457678,-0.342197,1.2500002,-0.4255108,-0.34374896,1.2591534,0.5,0,-1,0.46694717,0,-0.6524343,1,0,0,0,1,0,0,0,-0.008385992,0.031093605,-0.009153367,31.420443,26.359818,0,0
54295,-0.449206,-0.31868,1.2,-0.41735962,-0.32144195,1.2205862,0.5,0,-1,0.46694717,0,-0.6524343,1,0,0,0,1,0,0,0,-0.008332031,0.030860934,-0.020586014,31.61261,26.187372,0,0
54345,-0.439568,-0.295615,1.1499999,-0.4080815,-0.2999203,1.1743987,0.5,0,-1,0.49441463,0,-1.3048683,1,0,0,0,1,0,0,0,-0.008185414,0.030707248,-0.024398804,31.71256,26.164536,0,0
54395,-0.42879,-0.273061,1.1000001,-0.3981579,-0.27854624,1.1224797,0.5,0,-1,0.43947968,0,-1.3048686,1,0,0,0,1,0,0,0,-0.0083342865,0.029982554,-0.022479536,31.647524,26.148643,0,0
54445,-0.416898,-0.251073,1.05,-0.38699934,-0.25760603,1.0676237,0.5,0,-1,0.46694717,0,-0.6524343,1,0,0,0,1,0,0,0,-0.008694052,0.029343221,-0.0176239,31.477789,26.122099,0,0
54495,-0.403922,-0.229707,1.0000002,-0.37425953,-0.23729667,1.0248127,0.5,0,-1,0.46694717,0,-0.6524343,1,0,0,0,1,0,0,0,-0.008916231,0.029291045,-0.024812698,31.524414,25.940964,0,0
54545,-0.389894,-0.209017,0.95000005,-0.36123988,-0.21855891,0.9837462,0.5,0,-1,0.46694717,0,-0.6524343,1,0,0,0,1,0,0,0,-0.007927341,0.029142141,-0.033746243,31.936522,26.068766,0,0
54595,-0.37485,-0.189054,0.89999986,-0.34734204,-0.19950801,0.92891467,0.5,0,-1,0.46694717,0,-0.6524343,1,0,0,0,1,0,0,0,-0.008095755,0.028291926,-0.028914928,31.824356,26.095654,0,0
54645,-0.358826,-0.169867,0.85000014,-0.33280018,-0.1820184,0.86517096,0.5,0,-1,0.43947968,0,-1.3048686,1,0,0,0,1,0,0,0,-0.0076282937,0.027691329,-0.015170574,31.753103,26.448786,0,0
54695,-0.341864,-0.151505,0.79999995,-0.31704357,-0.16499734,0.81533706,0.5,0,-1,0.46694717,0,-0.6524343,1,0,0,0,1,0,0,0,-0.0071956106,0.027318852,-0.01533699,31.880283,26.564833,0,0
54745,-0.324005,-0.134014,0.75,-0.30026108,-0.14883673,0.76995844,0.5,0,-1,0.46694714,0,-1.9573026,1,0,0,0,1,0,0,0,-0.006728518,0.027170107,-0.019958496,32.08323,26.61953,0,0
54795,-0.305295,-0.117438,0.70000005,-0.2826275,-0.1331259,0.72531587,0.5,0,-1,0.43947968,0,-1.3048686,1,0,0,0,1,0,0,0,-0.006554951,0.026776075,-0.025315762,32.215923,26.57689,0,0
54845,-0.285779,-0.101817,0.64999986,-0.2642405,-0.11870496,0.6756854,0.5,0,-1,0.46694717,0,-0.6524343,1,0,0,0,1,0,0,0,-0.0062437486,0.026648182,-0.02568555,32.31,26.657274,0,0
54895,-0.265507,-0.087191,0.60000014,-0.24515752,-0.10484888,0.6206424,0.5,0,-1,0.46694717,0,-0.6524343,1,0,0,0,1,0,0,0,-0.006285333,0.026199175,-0.02064228,32.2259,26.725283,0,0
54945,-0.24453,-0.073596,0.54999995,-0.22523004,-0.09216896,0.5656438,0.5,0,-1,0.43947968,0,0,1,0,0,0,1,0,0,0,-0.0063395267,0.026024101,-0.015643835,32.13597,26.790392,0,0
54995,-0.222899,-0.061067,0.5,-0.21586755,-0.08665232,0.5452133,0.5,0,-1,0.46694717,0,-0.6524343,1,0,0,0,1,0,0,0,0.007256547,0.025522394,-0.04521322,36.40231,30.115622,0,0
55045,-0.200669,-0.049635,0.45000005,-0.18396473,-0.06968448,0.46753392,0.5,0,-1,0.49441463,0,0,1,0,0,0,1,0,0,0,-0.005875591,0.025426209,-0.01753378,32.300026,26.885342,0,0
55095,-0.177895,-0.039328,0.4000001,-0.15955693,-0.05874215,0.4090659,0.5,0,-1,0.46694717,0,-0.6524343,1,0,0,0,1,0,0,0,-0.00910302,0.025106356,-0.0090658665,31.264683,26.112299,0,0
55145,-0.154635,-0.030172,0.3499999,-0.13677782,-0.05017117,0.3578321,0.5,0,-1,0.43947968,0,-1.3048686,1,0,0,0,1,0,0,0,-0.009721475,0.024986766,-0.007832289,31.072536,25.957214,0,0
55195,-0.130946,-0.02219,0.29999995,-0.114787675,-0.043516416,0.31770426,0.5,0,-1,0.43947968,0,-1.3048686,1,0,0,0,1,0,0,0,-0.008687595,0.025306776,-0.017704248,31.512691,26.09074,0,0
55245,-0.106888,-0.015402,0.25,-0.09328994,-0.037657082,0.27314687,0.5,0,-1,0.43947968,0,-1.3048686,1,0,0,0,1,0,0,0,-0.0070903413,0.025098268,-0.023146866,32.045998,26.44894,0,0
55295,-0.082521,-0.009825,0.20000005,-0.070757516,-0.032570235,0.21029493,0.5,0,-1,0.43947968,0,-1.3048686,1,0,0,0,1,0,0,0,-0.006756296,0.024699755,-0.010294914,31.946938,26.74933,0,0
55345,-0.057905,-0.005473,0.1500001,-0.047775604,-0.028753707,0.15682115,0.5,0,-1,0.49441463,0,-1.3048683,1,0,0,0,1,0,0,0,-0.0063691316,0.024577023,-0.0068211555,32.002888,26.91302,0,0
55395,-0.033103,-0.002357,0.099999905,-0.023878673,-0.025898062,0.10661293,0.5,0,-1,0.49441463,0,-1.3048683,1,0,0,0,1,0,0,0,-0.006666924,0.024388973,-0.006613016,31.917374,26.831112,0,0
55445,-0.008176,-0.000484,0.049999952,-0.0006324154,-0.024904393,0.069777444,0.5,0,-1,0.46694714,0,-1.9573026,1,0,0,0,1,0,0,0,-0.0058226157,0.024886912,-0.019777536,32.353294,26.859262,0,0
55495,0.016814,0.000141,0,0.022893226,-0.024365041,0.020851048,0.5,0,-1,0.49441463,0,-1.3048683,1,0,0,0,1,0,0,0,-0.0055669616,0.024627464,-0.020851135,32.44351,26.911486,0,0
55545,0.043733,0.000867,0.053864956,0.047283147,-0.025172515,-0.041748732,0.538648,0,1.077297,0.49441463,0,1.3048683,1,0,0,0,1,0,0,0,-0.004633854,0.025868654,0.09561372,27.530134,36.886787,0,0
55595,0.073392,0.003353,0.11339998,0.07131423,-0.02705376,-0.0538095,0.595347,0,1.190695,0.54934955,0,2.609737,1,0,0,0,1,0,0,0,0.00043937832,0.030474499,0.16720939,30.26577,43.36184,0,0
55645,0.105655,0.008097,0.17863011,0.09659585,-0.028754663,0.06753702,0.652306,0,1.304612,0.6317521,0,1.9573032,1,0,0,0,1,0,0,0,0.011525455,0.036156286,0.11109305,37.6708,49.84788,0,0
55695,0.140312,0.015633,0.249578,0.1251785,-0.026673727,0.20186827,0.709483,0,1.418966,0.741622,0,0.6524332,1,0,0,0,1,0,0,0,0.023308696,0.03841337,0.047709703,45.615498,56.080105,0,0
55745,0.177067,0.026518,0.32626295,0.15867025,-0.020058068,0.27937654,0.766847,0,1.533694,0.7965569,0,0.65243393,1,0,0,0,1,0,0,0,0.030527111,0.039697178,0.046886444,50.810028,62.112,0,0
55795,0.215522,0.041322,0.4087,0.19675352,-0.010337707,0.33199307,0.824373,0,1.648745,0.93389434,0,1.3048686,1,0,0,0,1,0,0,0,0.03458097,0.042721633,0.076706894,54.208736,67.986664,0,0
55845,0.255167,0.06061,0.4969039,0.23903161,0.0033223843,0.40375465,0.882039,0,1.764077,1.0162967,0,3.262172,1,0,0,0,1,0,0,0,0.037344795,0.046342075,0.09314918,57.514133,73.26922,0,0
55895,0.295363,0.084918,0.59088707,0.27315187,0.016855666,0.47406086,0.939829,0,1.879657,1.0986991,0,2.6097357,1,0,0,0,1,0,0,0,0.05083239,0.0504171,0.116826296,63.482662,81.78839,0,0
55945,0.335337,0.114728,0.69066,0.32531953,0.045195315,0.64156544,0.997728,0,1.995457,1.1536341,0,2.6097357,1,0,0,0,1,0,0,0,0.049637467,0.049711823,0.049094442,68.663795,83.823,0,0
55995,0.374177,0.150439,0.79623294,0.3701258,0.077976674,0.7854995,1.055726,0,2.111451,1.2635041,0,2.6097357,1,0,0,0,1,0,0,0,0.05410814,0.048368473,0.010733366,74.47728,87.916695,0,0
56045,0.410832,0.192327,0.907614,0.41027015,0.11720956,0.8922488,1.113811,0,2.227622,1.3733739,0,2.6097372,1,0,0,0,1,0,0,0,0.058830455,0.046711046,0.015365124,78.92787,93.37419,0,0
56095,0.444122,0.240511,1.024811,0.45013082,0.16421758,0.978079,1.171975,0,2.343951,1.318439,0,2.6097386,1,0,0,0,1,0,0,0,0.059923105,0.047602672,0.04673195,81.24486,98.79883,0,0
56145,0.472752,0.294909,1.1478322,0.4867804,0.21939605,1.1069931,1.230212,0,2.460423,1.4557763,0,4.567039,1,0,0,0,1,0,0,0,0.061259925,0.04632734,0.040839195,85.09381,103.01316,0,0
56195,0.495344,0.355196,1.276684,0.5177813,0.27812707,1.2295296,1.288513,0,2.577026,1.4832438,0,5.2194743,1,0,0,0,1,0,0,0,0.06511514,0.046936885,0.04715443,89.1028,108.40953,0,0
56245,0.510473,0.420766,1.411371,0.54220253,0.34614792,1.4026092,1.346875,0,2.693749,1.5107113,0,3.2621696,1,0,0,0,1,0,0,0,0.06825382,0.043772534,0.008761883,94.98152,111.76415,0,0
56295,0.516725,0.490694,1.5519001,0.55567,0.4171216,1.5736902,1.405291,0,2.810582,1.5931139,0,2.6097372,1,0,0,0,1,0,0,0,0.07368479,0.038731948,-0.021790028,101.24582,115.82153,0,0
56345,0.512757,0.563709,1.6982758,0.55829126,0.49550653,1.7341943,1.463758,0,2.927515,1.6480486,0,2.6097372,1,0,0,0,1,0,0,0,0.07470118,0.033833142,-0.035918236,105.61041,119.26072,0,0
56395,0.497382,0.638178,1.8505032,0.5486756,0.5759801,1.8652718,1.522271,0,3.044542,1.7029837,0,1.3048693,1,0,0,0,1,0,0,0,0.074407876,0.031033475,-0.014768601,108.011826,124.105705,0,0
56445,0.469659,0.712111,2.0085862,0.5263844,0.6565613,1.9925088,1.580828,0,3.161656,1.895256,0,3.262171,1,0,0,0,1,0,0,0,0.07390197,0.029017884,0.016077517,109.72811,129.41968,0,0
56495,0.428992,0.783177,2.172528,0.49252048,0.7388728,2.155729,1.639425,0,3.27885,1.9227235,0,3.9146051,1,0,0,0,1,0,0,0,0.072015405,0.028504556,0.016798975,112.46914,132.93874,0,0
56545,0.375233,0.848761,2.342334,0.4467162,0.8176605,2.3489711,1.69806,0,3.396119,1.9227235,0,2.6097372,1,0,0,0,1,0,0,0,0.072329484,0.029078085,-0.0066370964,117.10935,135.82878,0,0
56595,0.308789,0.906036,2.518007,0.38845998,0.8863484,2.574644,1.756729,0,3.513459,1.9776585,0,2.6097357,1,0,0,0,1,0,0,0,0.077779375,0.026180767,-0.05663729,124.66397,138.32593,0,0
56645,0.230707,0.952081,2.69955,0.31522703,0.94786346,2.809311,1.815432,0,3.630863,2.2523334,0,-1.3048707,1,0,0,0,1,0,0,0,0.0812726,0.023583613,-0.10976124,131.6891,139.5901,0,0
56695,0.142755,0.98402,2.886967,0.23259464,0.9947461,3.0408154,1.874165,0,3.748329,2.1699307,0,-0.6524325,1,0,0,0,1,0,0,0,0.088304706,0.019710131,-0.15384865,139.20988,141.96506,0,0
56745,0.047461,0.999201,3.08026,0.14733002,1.0260483,-3.0409174,1.932927,0,3.865853,2.3072681,0,1.3048707,1,0,0,0,1,0,0,0,0.102061614,0.016674023,-0.16200763,147.09447,148.76721,0,0
56795,-0.051887,0.995399,-3.003754,0.05062321,1.0433503,-2.840535,1.991716,0,3.983431,2.3622031,0,0,1,0,0,0,1,0,0,0,0.112118684,0.015397245,-0.16321898,153.61469,155.10767,0,0
56845,-0.14891,0.971878,-2.803754,-0.045647323,1.044601,-2.616339,2,0,4,2.4995406,0,-1.9573063,1,0,0,0,1,0,0,0,0.1258082,0.01114041,-0.18741512,159.08403,157.30534,0,0
56895,-0.239327,0.92955,-2.6037543,-0.13912077,1.0299276,-2.3327236,2,0,4,2.472073,0,-6.524342,1,0,0,0,1,0,0,0,0.14179799,-0.0032074675,-0.27103043,166.8007,153.83455,0,0
56945,-0.319531,0.870104,-2.403754,-0.2301589,0.9961078,-1.9865072,2,0,4,2.3072681,0,-10.438947,1,0,0,0,1,0,0,0,0.15136406,-0.030874819,-0.41724682,172.88824,140.80605,0,0
56995,-0.386327,0.795907,-2.2037537,-0.30745992,0.95164114,-1.6134183,2,0,4,2.279801,0,-13.701119,1,0,0,0,1,0,0,0,0.15895313,-0.07215975,-0.59033537,175.45506,121.64458,0,0
57045,-0.43705,0.70992,-2.003754,-0.37017956,0.89799047,-1.2346902,2,0,4,2.005126,0,-16.310854,1,0,0,0,1,0,0,0,0.15549237,-0.12515703,-0.76906395,170.89777,96.20714,0,0
57095,-0.46968,0.61557,-1.8037541,-0.41463903,0.840415,-0.8411074,2,0,4,1.4557763,0,-18.920588,1,0,0,0,1,0,0,0,0.13090295,-0.19091673,-0.9626467,155.566,60.904354,0,0
57145,-0.482915,0.516617,-1.6037543,-0.44202563,0.7882754,-0.46164912,2,0,4,0.9338943,0,-16.963285,1,0,0,0,1,0,0,0,0.08439447,-0.26143414,-1.1421051,130.86142,20.530678,0,0
57195,-0.476227,0.417008,-1.403754,-0.45483515,0.74711114,-0.13671988,2,0,4,0.686687,0,-16.310854,1,0,0,0,1,0,0,0,0.023798993,-0.32993832,-1.267034,104.23417,-16.06915,0,0
57245,-0.449883,0.320713,-1.2037537,-0.4613161,0.72541195,0.08744083,2,0,4,0.9338943,0,-23.487629,1,0,0,0,1,0,0,0,-0.023952678,-0.40415123,-1.2911944,90.6936,-35.17373,0,0
57295,-0.404933,0.231572,-1.0037539,-0.45636868,0.71044225,-0.03811544,2,0,4,2.224866,0,-22.8352,1,0,0,0,1,0,0,0,0.069646284,-0.47656244,-0.9656384,147.15729,34.241714,0,0
57345,-0.343169,0.153137,-0.8037541,-0.44213012,0.70828706,-0.24953517,2,0,4,2.801683,0,-10.438949,1,0,0,0,1,0,0,0,0.23299226,-0.5135168,-0.554219,210.74185,132.8942,0,0
57395,-0.267055,0.088536,-0.60375404,-0.41323686,0.70037127,-0.5069715,2,0,4,3.6531744,0,-4.567039,1,0,0,0,1,0,0,0,0.42486054,-0.46390194,-0.09678244,254.13202,233.68207,0,0
57446,-0.179623,0.040345,-0.403754,-0.37861902,0.6839824,-0.7933694,2,0,4,3.6531744,0,-3.2621682,1,0,0,0,1,0,0,0,0.59831905,-0.3096494,0.38961557,259.17487,308.64337,0,0
57495,-0.08436,0.010484,-0.20375395,-0.33918163,0.6594305,-1.0919687,2,0,4,3.4609025,0,2.6097386,1,0,0,0,1,0,0,0,0.6933695,-0.0728316,0.8882148,216.63354,331.08633,0,0
57545,0.014937,0.000145,-0.0037539005,-0.293872,0.6145718,-1.4573096,2,0,4,2.3896706,0,33.27414,1,0,0,0,1,0,0,0,0.6454449,0.23724276,1.4535556,115.420494,276.88535,0,0
57595,0.114233,-0.010195,-0.20375395,-0.25630012,0.5620772,-1.8259983,2,0,-4,1.9227235,0,32.621708,1,0,0,0,1,0,0,0,0.46019986,0.5029974,1.6222446,54.579426,191.42659,0,0
57645,0.209496,-0.040055,-0.403754,-0.23859552,0.5101722,-2.032806,2,0,-4,1.1811018,0,26.749802,1,0,0,0,1,0,0,0,0.29280484,0.6463755,1.6290517,2.1463706,148.00073,0,0
57695,0.296928,-0.088247,-0.60375404,-0.23214558,0.45898473,-1.8558531,2,0,-4,2.1973982,0,6.524342,1,0,0,0,1,0,0,0,0.37636665,0.6616114,1.2520993,74.68387,215.35474,0,0
57745,0.373043,-0.152847,-0.8037541,-0.23731346,0.4032688,-1.2790887,2,0,-4,3.3785,0,0.65243536,1,0,0,0,1,0,0,0,0.7081535,0.42463914,0.47533464,278.52792,342.0933,0,0
57795,0.434806,-0.231282,-1.0037539,-0.23288375,0.34322786,-0.60621685,2,0,-4,3.5158374,0,-11.7438135,1,0,0,0,1,0,0,0,0.8760479,-0.09171292,-0.397537,399.5099,323.77133,0,0
57845,0.479756,-0.320423,-1.2037537,-0.21007001,0.28139704,0.1750016,2,0,-4,2.9390202,0,-26.749802,1,0,0,0,1,0,0,0,0.57450706,-0.7127334,-1.3787553,280.4566,90.419304,0,0
57895,0.5061,-0.416718,-1.403754,-0.18166444,0.23680082,0.9768391,2,0,-4,0.30214223,0,-41.10335,1,0,0,0,1,0,0,0,-0.15668866,-0.93571115,-2.3805933,-50.96588,-218.20827,0,0
57945,0.512788,-0.516328,-1.6037543,-0.16370298,0.20221306,1.813459,2,0,-4,-2.7192805,0,-1.9573004,1,0,0,0,1,0,0,0,-0.86004174,-0.48401386,2.8659718,-353.54697,-370.7906,0,0
57995,0.499554,-0.61528,-1.8037541,-0.13551672,0.1584876,2.0903366,2,0,-4,-2.9939551,0,0.65243536,1,0,0,0,1,0,0,0,-0.9869677,-0.16711065,2.3890948,-396.1919,-341.47342,0,0
58045,0.466924,-0.70963,-2.003754,-0.10308826,0.10994786,2.19157,2,0,-4,-3.2411625,0,-1.304865,1,0,0,0,1,0,0,0,-0.99822414,0.013055205,2.0878613,-387.32376,-297.76004,0,0
58095,0.4162,-0.795618,-2.2037537,-0.0655455,0.053644203,2.3155525,2,0,-4,-2.472073,0,13.048684,1,0,0,0,1,0,0,0,-0.9509462,0.22141865,1.7638791,-349.88205,-232.99646,0,0
58145,0.349405,-0.869814,-2.403754,-0.015009366,-0.016358804,2.493912,2,0,-4,-1.7029837,0,32.621708,1,0,0,0,1,0,0,0,-0.8055374,0.46075273,1.3855193,-269.6225,-137.43755,0,0
58195,0.2692,-0.929261,-2.6037543,0.047535103,-0.08665931,3.00291,2,0,-4,0.24720728,0,43.713093,1,0,0,0,1,0,0,0,-0.33601677,0.80386925,0.6765211,-51.429657,57.35911,0,0
58245,0.178784,-0.971588,-2.803754,0.11286798,-0.14958058,-2.24181,2,0,-4,3.1312926,0,7.8292103,1,0,0,0,1,0,0,0,0.6028041,0.5627329,-0.561944,301.7213,248.9112,0,0
58295,0.081761,-0.995109,-3.003754,0.17000157,-0.20500231,-1.183692,2,0,-4,2.5819433,0,-40.45092,1,0,0,0,1,0,0,0,0.69833213,-0.37998325,-1.8200617,249.29066,81.848145,0,0
58345,-0.018001,-0.998886,3.0794308,0.23481578,-0.26174545,-0.17238474,2,0,-4,-0.4394797,0,-11.743815,1,0,0,0,1,0,0,0,-0.12262629,-0.7695812,-3.0313697,-116.95906,-200.5011,0,0
58395,-0.116525,-0.982768,2.879431,0.2925026,-0.3014493,0.4755755,2,0,-4,-3.26863,0,-0.6524296,1,0,0,0,1,0,0,0,-0.6755794,-0.41843903,2.4038556,-301.24417,-263.76733,0,0
58445,-0.209882,-0.947397,2.6794312,0.33536547,-0.34773397,0.7157806,2,0,-4,-3.7630446,0,0.6524296,1,0,0,0,1,0,0,0,-0.8049364,-0.09469956,1.9636506,-319.0658,-229.4176,0,0
58495,-0.294352,-0.894184,2.479431,0.36329982,-0.39502966,0.80683494,2,0,-4,-3.1862278,0,13.048684,1,0,0,0,1,0,0,0,-0.8153952,0.12958252,1.672596,-298.42252,-185.64325,0,0
58545,-0.366566,-0.825251,2.279431,0.38052905,-0.44286007,0.8691772,2,0,-4,-2.5544755,0,31.969278,1,0,0,0,1,0,0,0,-0.7742859,0.32381353,1.410254,-259.82355,-135.74886,0,0
58595,-0.423645,-0.743344,2.0794308,0.37909263,-0.4998454,0.907069,2,0,-4,-2.0325935,0,28.707106,1,0,0,0,1,0,0,0,-0.68633646,0.48230848,1.1723619,-207.44246,-81.62782,0,0
58645,-0.463315,-0.651731,1.879431,0.3603286,-0.55199516,1.0145805,2,0,-4,-0.5218821,0,18.920591,1,0,0,0,1,0,0,0,-0.5195659,0.6468287,0.8648505,-122.989334,-7.0780067,0,0
58695,-0.483993,-0.554062,1.6794312,0.33133072,-0.6010475,1.5106688,2,0,-4,0.9613618,0,25.444933,1,0,0,0,1,0,0,0,-0.0020931065,0.81667376,0.1687622,96.7672,148.50377,0,0
58745,-0.484855,-0.454233,1.4794309,0.30936438,-0.64388055,2.1608536,2,0,-4,3.0214229,0,5.219477,1,0,0,0,1,0,0,0,0.59949034,0.5544023,-0.6814227,298.48917,232.89348,0,0
58795,-0.465867,-0.356222,1.2794311,0.28336307,-0.67101717,2.6670926,2,0,-4,2.966488,0,-18.26816,1,0,0,0,1,0,0,0,0.8102841,0.062301606,-1.3876615,321.3083,180.0047,0,0
58845,-0.427785,-0.263937,1.0794308,0.25575542,-0.6951943,3.1047559,2,0,-4,1.1811014,0,-38.493614,1,0,0,0,1,0,0,0,0.69895935,-0.40579084,-2.0253248,221.77858,61.626358,0,0
58895,-0.372128,-0.181057,0.879431,0.21604443,-0.71166253,-2.9982507,2,0,-4,-0.21973985,0,-19.573023,1,0,0,0,1,0,0,0,0.50634235,-0.60918504,-2.4055037,121.92985,-22.38731,0,0
58945,-0.301116,-0.110886,0.67943096,0.17203367,-0.72762316,2.9782019,2,0,-4,1.2909715,0,-25.444933,1,0,0,0,1,0,0,0,0.56716925,-0.53155845,-2.2987711,150.79836,1.8945484,0,0
58995,-0.217578,-0.056223,0.4794309,0.137616,-0.73531485,2.6071727,2,0,-4,2.4446056,0,-34.579014,1,0,0,0,1,0,0,0,0.6515572,-0.40348703,-2.1277418,194.04745,40.30451,0,0
59045,-0.124845,-0.019245,0.2794311,0.10535811,-0.7273064,1.9244282,2,0,-4,2.7192805,0,-9.78651,1,0,0,0,1,0,0,0,0.74396837,-0.029248387,-1.6449971,274.39926,125.54976,0,0
59095,-0.026614,-0.001428,0.07943106,0.078374974,-0.703519,1.2066292,2,0,-4,3.4334347,0,-9.78651,1,0,0,0,1,0,0,0,0.61865425,0.34816855,-1.127198,284.21503,171.07605,0,0
59145,-0.026614,-0.001428,0.07943106,0.065068364,-0.67731565,0.37270528,2,0,-4,1.8403212,0,-0.65243536,1,0,0,0,1,0,0,0,0.16072722,0.66286993,-0.29327416,172.71812,157.01654,0,0
59195,-0.026614,-0.001428,0.07943106,0.06575619,-0.6516715,-0.5272851,2,0,-4,-1.2085692,0,-5.2194743,1,0,0,0,1,0,0,0,-0.40701953,0.5154454,0.60671616,-53.54024,29.972954,0,0
59245,-0.026614,-0.001428,0.07943106,0.06575619,-0.6516715,-0.5272851,2,0,-4,-0.10986992,0,-1.3048685,1,0,0,0,1,0,0,0,-0.40701953,0.5154454,0.60671616,-53.54024,29.972954,0,0
59295,-0.026614,-0.001428,0.07943106,0.06575619,-0.6516715,-0.5272851,2,0,-4,0.41201216,0,-0.6524343,1,0,0,0,1,0,0,0,-0.40701953,0.5154454,0.60671616,-53.54024,29.972954,0,0
59345,-0.026614,-0.001428,0.07943106,0.06575619,-0.6516715,-0.5272851,2,0,-4,0.05493496,0,-1.3048683,1,0,0,0,1,0,0,0,-0.40701953,0.5154454,0.60671616,-53.54024,29.972954,0,0
59395,-0.026614,-0.001428,0.07943106,0.06575619,-0.6516715,-0.5272851,2,0,-4,0.16480488,0,-1.3048683,1,0,0,0,1,0,0,0,-0.40701953,0.5154454,0.60671616,-53.54024,29.972954,0,0
59445,-0.026614,-0.001428,0.07943106,0.06575619,-0.6516715,-0.5272851,2,0,-4,0.19227235,0,-1.9573026,1,0,0,0,1,0,0,0,-0.40701953,0.5154454,0.60671616,-53.54024,29.972954,0,0
59495,-0.026614,-0.001428,0.07943106,0.06575619,-0.6516715,-0.5272851,2,0,-4,0.19227235,0,-1.9573026,1,0,0,0,1,0,0,0,-0.40701953,0.5154454,0.60671616,-53.54024,29.972954,0,0
59545,-0.026614,-0.001428,0.07943106,0.06575619,-0.6516715,-0.5272851,2,0,-4,0.10986992,0,-1.3048685,1,0,0,0,1,0,0,0,-0.40701953,0.5154454,0.60671616,-53.54024,29.972954,0,0
59595,-0.026614,-0.001428,0.07943106,0.06575619,-0.6516715,-0.5272851,2,0,-4,0.13733739,0,-1.9573026,1,0,0,0,1,0,0,0,-0.40701953,0.5154454,0.60671616,-53.54024,29.972954,0,0
59645,-0.026614,-0.001428,0.07943106,0.06575619,-0.6516715,-0.5272851,2,0,-4,0.13733739,0,-0.65243423,1,0,0,0,1,0,0,0,-0.40701953,0.5154454,0.60671616,-53.54024,29.972954,0,0
59695,-0.026614,-0.001428,0.07943106,0.06575619,-0.6516715,-0.5272851,2,0,-4,0.10986992,0,-1.3048685,1,0,0,0,1,0,0,0,-0.40701953,0.5154454,0.60671616,-53.54024,29.972954,0,0
59745,-0.026614,-0.001428,0.07943106,0.06575619,-0.6516715,-0.5272851,2,0,-4,0.08240244,0,-0.6524342,1,0,0,0,1,0,0,0,-0.40701953,0.5154454,0.60671616,-53.54024,29.972954,0,0
59795,-0.026614,-0.001428,0.07943106,0.06575619,-0.6516715,-0.5272851,2,0,-4,0.05493496,0,-1.3048683,1,0,0,0,1,0,0,0,-0.40701953,0.5154454,0.60671616,-53.54024,29.972954,0,0
59845,-0.026614,-0.001428,0.07943106,0.06575619,-0.6516715,-0.5272851,2,0,-4,0.08240244,0,-0.6524342,1,0,0,0,1,0,0,0,-0.40701953,0.5154454,0.60671616,-53.54024,29.972954,0,0
59895,-0.026614,-0.001428,0.07943106,0.06575619,-0.6516715,-0.5272851,2,0,-4,0.08240244,0,-0.6524342,1,0,0,0,1,0,0,0,-0.40701953,0.5154454,0.60671616,-53.54024,29.972954,0,0
59945,-0.026614,-0.001428,0.07943106,0.06575619,-0.6516715,-0.5272851,2,0,-4,0.08240244,0,-0.6524342,1,0,0,0,1,0,0,0,-0.40701953,0.5154454,0.60671616,-53.54024,29.972954,0,0
59995,-0.026614,-0.001428,0.07943106,0.06575619,-0.6516715,-0.5272851,2,0,-4,0.08240244,0,-0.6524342,1,0,0,0,1,0,0,0,-0.40701953,0.5154454,0.60671616,-53.54024,29.972954,0,0
60045,-0.026614,-0.001428,0.07943106,0.06575619,-0.6516715,-0.5272851,2,0,-4,0.08240244,0,-0.6524342,1,0,0,0,1,0,0,0,-0.40701953,0.5154454,0.60671616,-53.54024,29.972954,0,0
60095,-0.026614,-0.001428,0.07943106,0.06575619,-0.6516715,-0.5272851,2,0,-4,0.05493496,0,-1.3048683,1,0,0,0,1,0,0,0,-0.40701953,0.5154454,0.60671616,-53.54024,29.972954,0,0
60145,-0.026614,-0.001428,0.07943106,0.06575619,-0.6516715,-0.5272851,2,0,-4,-0,0,0,1,0,0,0,1,0,0,0,-0.40701953,0.5154454,0.60671616,-53.54024,29.972954,0,0
60195,-0.026614,-0.001428,0.07943106,0.06575619,-0.6516715,-0.5272851,2,0,-4,0.05493496,0,0,1,0,0,0,1,0,0,0,-0.40701953,0.5154454,0.60671616,-53.54024,29.972954,0,0
60245,-0.026614,-0.001428,0.07943106,0.06575619,-0.6516715,-0.5272851,2,0,-4,0.05493496,0,-1.3048683,1,0,0,0,1,0,0,0,-0.40701953,0.5154454,0.60671616,-53.54024,29.972954,0,0
60295,-0.026614,-0.001428,0.07943106,0.06575619,-0.6516715,-0.5272851,2,0,-4,0.05493496,0,0,1,0,0,0,1,0,0,0,-0.40701953,0.5154454,0.60671616,-53.54024,29.972954,0,0
60345,-0.026614,-0.001428,0.07943106,0.06575619,-0.6516715,-0.5272851,2,0,-4,0.05493496,0,0,1,0,0,0,1,0,0,0,-0.40701953,0.5154454,0.60671616,-53.54024,29.972954,0,0
60395,-0.026614,-0.001428,0.07943106,0.06575619,-0.6516715,-0.5272851,2,0,-4,0.05493496,0,-1.3048683,1,0,0,0,1,0,0,0,-0.40701953,0.5154454,0.60671616,-53.54024,29.972954,0,0
60445,-0.026614,-0.001428,0.07943106,0.06575619,-0.6516715,-0.5272851,2,0,-4,0.02746748,0,0.6524342,1,0,0,0,1,0,0,0,-0.40701953,0.5154454,0.60671616,-53.54024,29.972954,0,0
60495,-0.026614,-0.001428,0.07943106,0.06575619,-0.6516715,-0.5272851,2,0,-4,0.02746748,0,-0.6524342,1,0,0,0,1,0,0,0,-0.40701953,0.5154454,0.60671616,-53.54024,29.972954,0,0
60545,-0.026614,-0.001428,0.07943106,0.06575619,-0.6516715,-0.5272851,2,0,-4,-0,0,0,1,0,0,0,1,0,0,0,-0.40701953,0.5154454,0.60671616,-53.54024,29.972954,0,0
60595,-0.026614,-0.001428,0.07943106,0.06575619,-0.6516715,-0.5272851,2,0,-4,-0,0,0,1,0,0,0,1,0,0,0,-0.40701953,0.5154454,0.60671616,-53.54024,29.972954,0,0
60645,-0.026614,-0.001428,0.07943106,0.06575619,-0.6516715,-0.5272851,2,0,-4,-0,0,0,1,0,0,0,1,0,0,0,-0.40701953,0.5154454,0.60671616,-53.54024,29.972954,0,0
60695,-0.026614,-0.001428,0.07943106,0.06575619,-0.6516715,-0.5272851,2,0,-4,-0,0,0,1,0,0,0,1,0,0,0,-0.40701953,0.5154454,0.60671616,-53.54024,29.972954,0,0
60745,-0.026614,-0.001428,0.07943106,0.06575619,-0.6516715,-0.5272851,2,0,-4,0.02746748,0,0.6524342,1,0,0,0,1,0,0,0,-0.40701953,0.5154454,0.60671616,-53.54024,29.972954,0,0
60795,-0.026614,-0.001428,0.07943106,0.06575619,-0.6516715,-0.5272851,2,0,-4,-0,0,0,1,0,0,0,1,0,0,0,-0.40701953,0.5154454,0.60671616,-53.54024,29.972954,0,0
60845,-0.026614,-0.001428,0.07943106,0.06575619,-0.6516715,-0.5272851,2,0,-4,-0,0,0,1,0,0,0,1,0,0,0,-0.40701953,0.5154454,0.60671616,-53.54024,29.972954,0,0
60895,-0.026614,-0.001428,0.07943106,0.06575619,-0.6516715,-0.5272851,2,0,-4,-0,0,0,1,0,0,0,1,0,0,0,-0.40701953,0.5154454,0.60671616,-53.54024,29.972954,0,0
60945,-0.026614,-0.001428,0.07943106,0.06575619,-0.6516715,-0.5272851,2,0,-4,-0,0,0,1,0,0,0,1,0,0,0,-0.40701953,0.5154454,0.60671616,-53.54024,29.972954,0,0
60995,-0.026614,-0.001428,0.07943106,0.06575619,-0.6516715,-0.5272851,2,0,-4,-0,0,0,1,0,0,0,1,0,0,0,-0.40701953,0.5154454,0.60671616,-53.54024,29.972954,0,0
61045,-0.026614,-0.001428,0.07943106,0.06575619,-0.6516715,-0.5272851,2,0,-4,-0,0,0,1,0,0,0,1,0,0,0,-0.40701953,0.5154454,0.60671616,-53.54024,29.972954,0,0
61095,-0.026614,-0.001428,0.07943106,0.06575619,-0.6516715,-0.5272851,2,0,-4,-0,0,0,1,0,0,0,1,0,0,0,-0.40701953,0.5154454,0.60671616,-53.54024,29.972954,0,0
61145,-0.026614,-0.001428,0.07943106,0.06575619,-0.6516715,-0.5272851,2,0,-4,-0,0,0,1,0,0,0,1,0,0,0,-0.40701953,0.5154454,0.60671616,-53.54024,29.972954,0,0
61195,-0.026614,-0.001428,0.07943106,0.06575619,-0.6516715,-0.5272851,2,0,-4,-0,0,0,1,0,0,0,1,0,0,0,-0.40701953,0.5154454,0.60671616,-53.54024,29.972954,0,0
61245,-0.026614,-0.001428,0.07943106,0.06575619,-0.6516715,-0.5272851,2,0,-4,-0,0,0,1,0,0,0,1,0,0,0,-0.40701953,0.5154454,0.60671616,-53.54024,29.972954,0,0
61295,-0.026614,-0.001428,0.07943106,0.06575619,-0.6516715,-0.5272851,2,0,-4,-0,0,0,1,0,0,0,1,0,0,0,-0.40701953,0.5154454,0.60671616,-53.54024,29.972954,0,0
61345,-0.026614,-0.001428,0.07943106,0.06575619,-0.6516715,-0.5272851,2,0,-4,-0,0,0,1,0,0,0,1,0,0,0,-0.40701953,0.5154454,0.60671616,-53.54024,29.972954,0,0
61395,-0.026614,-0.001428,0.07943106,0.06575619,-0.6516715,-0.5272851,2,0,-4,-0,0,0,1,0,0,0,1,0,0,0,-0.40701953,0.5154454,0.60671616,-53.54024,29.972954,0,0
61445,-0.026614,-0.001428,0.07943106,0.06575619,-0.6516715,-0.5272851,2,0,-4,-0,0,0,1,0,0,0,1,0,0,0,-0.40701953,0.5154454,0.60671616,-53.54024,29.972954,0,0
61495,-0.026614,-0.001428,0.07943106,0.06575619,-0.6516715,-0.5272851,2,0,-4,-0,0,0,1,0,0,0,1,0,0,0,-0.40701953,0.5154454,0.60671616,-53.54024,29.972954,0,0
61545,-0.026614,-0.001428,0.07943106,0.06575619,-0.6516715,-0.5272851,2,0,-4,-0,0,0,1,0,0,0,1,0,0,0,-0.40701953,0.5154454,0.60671616,-53.54024,29.972954,0,0
61595,-0.026614,-0.001428,0.07943106,0.06575619,-0.6516715,-0.5272851,2,0,-4,-0,0,0,1,0,0,0,1,0,0,0,-0.40701953,0.5154454,0.60671616,-53.54024,29.972954,0,0
61645,-0.026614,-0.001428,0.07943106,0.06575619,-0.6516715,-0.5272851,2,0,-4,-0,0,0,1,0,0,0,1,0,0,0,-0.40701953,0.5154454,0.60671616,-53.54024,29.972954,0,0
61695,-0.026614,-0.001428,0.07943106,0.06575619,-0.6516715,-0.5272851,2,0,-4,-0,0,0,1,0,0,0,1,0,0,0,-0.40701953,0.5154454,0.60671616,-53.54024,29.972954,0,0
61745,-0.026614,-0.001428,0.07943106,0.06575619,-0.6516715,-0.5272851,2,0,-4,-0,0,0,1,0,0,0,1,0,0,0,-0.40701953,0.5154454,0.60671616,-53.54024,29.972954,0,0
61795,-0.026614,-0.001428,0.07943106,0.06575619,-0.6516715,-0.5272851,2,0,-4,-0,0,0,1,0,0,0,1,0,0,0,-0.40701953,0.5154454,0.60671616,-53.54024,29.972954,0,0
61845,-0.026614,-0.001428,0.07943106,0.06575619,-0.6516715,-0.5272851,2,0,-4,-0,0,0,1,0,0,0,1,0,0,0,-0.40701953,0.5154454,0.60671616,-53.54024,29.972954,0,0
61895,-0.026614,-0.001428,0.07943106,0.06575619,-0.6516715,-0.5272851,2,0,-4,-0,0,0,1,0,0,0,1,0,0,0,-0.40701953,0.5154454,0.60671616,-53.54024,29.972954,0,0
61945,-0.026614,-0.001428,0.07943106,0.06575619,-0.6516715,-0.5272851,2,0,-4,-0,0,0,1,0,0,0,1,0,0,0,-0.40701953,0.5154454,0.60671616,-53.54024,29.972954,0,0
61995,-0.026614,-0.001428,0.07943106,0.06575619,-0.6516715,-0.5272851,2,0,-4,-0,0,0,1,0,0,0,1,0,0,0,-0.40701953,0.5154454,0.60671616,-53.54024,29.972954,0,0
62045,-0.026614,-0.001428,0.07943106,0.06575619,-0.6516715,-0.5272851,2,0,-4,-0,0,0,1,0,0,0,1,0,0,0,-0.40701953,0.5154454,0.60671616,-53.54024,29.972954,0,0
62095,-0.026614,-0.001428,0.07943106,0.06575619,-0.6516715,-0.5272851,2,0,-4,-0,0,0,1,0,0,0,1,0,0,0,-0.40701953,0.5154454,0.60671616,-53.54024,29.972954,0,0
62145,-0.026614,-0.001428,0.07943106,0.06575619,-0.6516715,-0.5272851,2,0,-4,-0,0,0,1,0,0,0,1,0,0,0,-0.40701953,0.5154454,0.60671616,-53.54024,29.972954,0,0
62195,-0.026614,-0.001428,0.07943106,0.06575619,-0.6516715,-0.5272851,2,0,-4,-0,0,0,1,0,0,0,1,0,0,0,-0.40701953,0.5154454,0.60671616,-53.54024,29.972954,0,0
62245,-0.026614,-0.001428,0.07943106,0.06575619,-0.6516715,-0.5272851,2,0,-4,-0,0,0,1,0,0,0,1,0,0,0,-0.40701953,0.5154454,0.60671616,-53.54024,29.972954,0,0
62295,-0.026614,-0.001428,0.07943106,0.06575619,-0.6516715,-0.5272851,2,0,-4,-0,0,0,1,0,0,0,1,0,0,0,-0.40701953,0.5154454,0.60671616,-53.54024,29.972954,0,0
62345,-0.026614,-0.001428,0.07943106,0.06575619,-0.6516715,-0.5272851,2,0,-4,-0,0,0,1,0,0,0,1,0,0,0,-0.40701953,0.5154454,0.60671616,-53.54024,29.972954,0,0
62395,-0.026614,-0.001428,0.07943106,0.06575619,-0.6516715,-0.5272851,2,0,-4,-0,0,0,1,0,0,0,1,0,0,0,-0.40701953,0.5154454,0.60671616,-53.54024,29.972954,0,0
62445,-0.026614,-0.001428,0.07943106,0.06575619,-0.6516715,-0.5272851,2,0,-4,-0,0,0,1,0,0,0,1,0,0,0,-0.40701953,0.5154454,0.60671616,-53.54024,29.972954,0,0
62495,0,0,0,0,0,0,0,0,0,0,0,0,1,0,0,0,1,0,0,0,0,0,0,0,0,0,0
62545,0,0,0,0,0,0,0,0,0,0,0,0,1,0,0,0,1,0,0,0,0,0,0,0,0,0,0
62595,0,0,0,0,0,0,0,0,0,0,0,0,1,0,0,0,1,0,0,0,0,0,0,0,0,0,0
62645,0,0,0,0,0,0,0,0,0,0,0,0,1,0,0,0,1,0,0,0,0,0,0,0,0,0,0
62695,0,0,0,0,0,0,0,0,0,0,0,0,1,0,0,0,1,0,0,0,0,0,0,0,0,0,0
62745,0,0,0,0,0,0,0,0,0,0,0,0,1,0,0,0,1,0,0,0,0,0,0,0,0,0,0
62795,0,0,0,0,0,0,0,0,0,0,0,0,1,0,0,0,1,0,0,0,0,0,0,0,0,0,0
62845,0,0,0,0,0,0,0,0,0,0,0,0,1,0,0,0,1,0,0,0,0,0,0,0,0,0,0
62895,0,0,0,0,0,0,0,0,0,0,0,0,1,0,0,0,1,0,0,0,0,0,0,0,0,0,0
62945,0,0,0,0,0,0,0,0,0,0,0,0,1,0,0,0,1,0,0,0,0,0,0,0,0,0,0
62995,0,0,0,0,0,0,0,0,0,0,0,0,1,0,0,0,1,0,0,0,0,0,0,0,0,0,0
63045,0,0,0,0,0,0,0,0,0,0,0,0,1,0,0,0,1,0,0,0,0,0,0,0,0,0,0
63095,0,0,0,0,0,0,0,0,0,0,0,0,1,0,0,0,1,0,0,0,0,0,0,0,0,0,0
63145,0,0,0,0,0,0,0,0,0,0,0,0,1,0,0,0,1,0,0,0,0,0,0,0,0,0,0
63195,0,0,0,0,0,0,0,0,0,0,0,0,1,0,0,0,1,0,0,0,0,0,0,0,0,0,0
63245,0,0,0,0,0,0,0,0,0,0,0,0,1,0,0,0,1,0,0,0,0,0,0,0,0,0,0
63295,0,0,0,0,0,0,0,0,0,0,0,0,1,0,0,0,1,0,0,0,0,0,0,0,0,0,0
63345,0,0,0,0,0,0,0,0,0,0,0,0,1,0,0,0,1,0,0,0,0,0,0,0,0,0,0
63395,0,0,0,0,0,0,0,0,0,0,0,0,1,0,0,0,1,0,0,0,0,0,0,0,0,0,0
63445,0,0,0,0,0,0,0,0,0,0,0,0,1,0,0,0,1,0,0,0,0,0,0,0,0,0,0
63495,0,0,0,0,0,0,0,0,0,0,0,0,1,0,0,0,1,0,0,0,0,0,0,0,0,0,0
63545,0,0,0,0,0,0,0,0,0,0,0,0,1,0,0,0,1,0,0,0,0,0,0,0,0,0,0
63595,0,0,0,0,0,0,0,0,0,0,0,0,1,0,0,0,1,0,0,0,0,0,0,0,0,0,0
63645,0,0,0,0,0,0,0,0,0,0,0,0,1,0,0,0,1,0,0,0,0,0,0,0,0,0,0
63695,0,0,0,0,0,0,0,0,0,0,0,0,1,0,0,0,1,0,0,0,0,0,0,0,0,0,0
63745,0,0,0,0,0,0,0,0,0,0,0,0,1,0,0,0,1,0,0,0,0,0,0,0,0,0,0
63795,0,0,0,0,0,0,0,0,0,0,0,0,1,0,0,0,1,0,0,0,0,0,0,0,0,0,0
63845,0,0,0,0,0,0,0,0,0,0,0,0,1,0,0,0,1,0,0,0,0,0,0,0,0,0,0
63895,0,0,0,0,0,0,0,0,0,0,0,0,1,0,0,0,1,0,0,0,0,0,0,0,0,0,0
63945,0,0,0,0,0,0,0,0,0,0,0,0,1,0,0,0,1,0,0,0,0,0,0,0,0,0,0
63995,0,0,0,0,0,0,0,0,0,0,0,0,1,0,0,0,1,0,0,0,0,0,0,0,0,0,0
64045,0,0,0,0,0,0,0,0,0,0,0,0,1,0,0,0,1,0,0,0,0,0,0,0,0,0,0
64095,0,0,0,0,0,0,0,0,0,0,0,0,1,0,0,0,1,0,0,0,0,0,0,0,0,0,0
64145,0,0,0,0,0,0,0,0,0,0,0,0,1,0,0,0,1,0,0,0,0,0,0,0,0,0,0
64195,0,0,0,0,0,0,0,0,0,0,0,0,1,0,0,0,1,0,0,0,0,0,0,0,0,0,0
64245,0,0,0,0,0,0,0,0,0,0,0,0,1,0,0,0,1,0,0,0,0,0,0,0,0,0,0
64295,0,0,0,0,0,0,0,0,0,0,0,0,1,0,0,0,1,0,0,0,0,0,0,0,0,0,0
64345,0,0,0,0,0,0,0,0,0,0,0,0,1,0,0,0,1,0,0,0,0,0,0,0,0,0,0
64395,0,0,0,0,0,0,0,0,0,0,0,0,1,0,0,0,1,0,0,0,0,0,0,0,0,0,0
64445,0,0,0,0,0,0,0,0,0,0,0,0,1,0,0,0,1,0,0,0,0,0,0,0,0,0,0
64495,0,0,0,0,0,0,0,0,0,0,0,0,1,0,0,0,1,0,0,0,0,0,0,0,0,0,0
64545,0,0,0,0,0,0,0,0,0,0,0,0,1,0,0,0,1,0,0,0,0,0,0,0,0,0,0
64595,0,0,0,0,0,0,0,0,0,0,0,0,1,0,0,0,1,0,0,0,0,0,0,0,0,0,0
64645,0,0,0,0,0,0,0,0,0,0,0,0,1,0,0,0,1,0,0,0,0,0,0,0,0,0,0
64695,0,0,0,0,0,0,0,0,0,0,0,0,1,0,0,0,1,0,0,0,0,0,0,0,0,0,0
64745,0,0,0,0,0,0,0,0,0,0,0,0,1,0,0,0,1,0,0,0,0,0,0,0,0,0,0
64795,0,0,0,0,0,0,0,0,0,0,0,0,1,0,0,0,1,0,0,0,0,0,0,0,0,0,0
64845,0,0,0,0,0,0,0,0,0,0,0,0,1,0,0,0,1,0,0,0,0,0,0,0,0,0,0
64895,0,0,0,0,0,0,0,0,0,0,0,0,1,0,0,0,1,0,0,0,0,0,0,0,0,0,0
64945,0,0,0,0,0,0,0,0,0,0,0,0,1,0,0,0,1,0,0,0,0,0,0,0,0,0,0
64995,0,0,0,0,0,0,0,0,0,0,0,0,1,0,0,0,1,0,0,0,0,0,0,0,0,0,0
65045,0,0,0,0,0,0,0,0,0,0,0,0,1,0,0,0,1,0,0,0,0,0,0,0,0,0,0
65095,0,0,0,0,0,0,0,0,0,0,0,0,1,0,0,0,1,0,0,0,0,0,0,0,0,0,0
65145,0,0,0,0,0,0,0,0,0,0,0,0,1,0,0,0,1,0,0,0,0,0,0,0,0,0,0
65195,0,0,0,0,0,0,0,0,0,0,0,0,1,0,0,0,1,0,0,0,0,0,0,0,0,0,0
65245,0,0,0,0,0,0,0,0,0,0,0,0,1,0,0,0,1,0,0,0,0,0,0,0,0,0,0
65295,0,0,0,0,0,0,0,0,0,0,0,0,1,0,0,0,1,0,0,0,0,0,0,0,0,0,0
65345,0,0,0,0,0,0,0,0,0,0,0,0,1,0,0,0,1,0,0,0,0,0,0,0,0,0,0
65395,0,0,0,0,0,0,0,0,0,0,0,0,1,0,0,0,1,0,0,0,0,0,0,0,0,0,0
65445,0,0,0,0,0,0,0,0,0,0,0,0,1,0,0,0,1,0,0,0,0,0,0,0,0,0,0
65495,0,0,0,0,0,0,0,0,0,0,0,0,1,0,0,0,1,0,0,0,0,0,0,0,0,0,0
65545,0,0,0,0,0,0,0,0,0,0,0,0,1,0,0,0,1,0,0,0,0,0,0,0,0,0,0
65595,0,0,0,0,0,0,0,0,0,0,0,0,1,0,0,0,1,0,0,0,0,0,0,0,0,0,0
65645,0,0,0,0,0,0,0,0,0,0,0,0,1,0,0,0,1,0,0,0,0,0,0,0,0,0,0
65695,0,0,0,0,0,0,0,0,0,0,0,0,1,0,0,0,1,0,0,0,0,0,0,0,0,0,0
65745,0,0,0,0,0,0,0,0,0,0,0,0,1,0,0,0,1,0,0,0,0,0,0,0,0,0,0
65795,0,0,0,0,0,0,0,0,0,0,0,0,1,0,0,0,1,0,0,0,0,0,0,0,0,0,0
65845,0,0,0,0,0,0,0,0,0,0,0,0,1,0,0,0,1,0,0,0,0,0,0,0,0,0,0
65895,0,0,0,0,0,0,0,0,0,0,0,0,1,0,0,0,1,0,0,0,0,0,0,0,0,0,0
65945,0,0,0,0,0,0,0,0,0,0,0,0,1,0,0,0,1,0,0,0,0,0,0,0,0,0,0
65995,0,0,0,0,0,0,0,0,0,0,0,0,1,0,0,0,1,0,0,0,0,0,0,0,0,0,0
66045,0,0,0,0,0,0,0,0,0,0,0,0,1,0,0,0,1,0,0,0,0,0,0,0,0,0,0
66095,0,0,0,0,0,0,0,0,0,0,0,0,1,0,0,0,1,0,0,0,0,0,0,0,0,0,0
66145,0,0,0,0,0,0,0,0,0,0,0,0,1,0,0,0,1,0,0,0,0,0,0,0,0,0,0
66195,0,0,0,0,0,0,0,0,0,0,0,0,1,0,0,0,1,0,0,0,0,0,0,0,0,0,0
66245,0,0,0,0,0,0,0,0,0,0,0,0,1,0,0,0,1,0,0,0,0,0,0,0,0,0,0
66295,0,0,0,0,0,0,0,0,0,0,0,0,1,0,0,0,1,0,0,0,0,0,0,0,0,0,0
66345,0,0,0,0,0,0,0,0,0,0,0,0,1,0,0,0,1,0,0,0,0,0,0,0,0,0,0
66395,0,0,0,0,0,0,0,0,0,0,0,0,1,0,0,0,1,0,0,0,0,0,0,0,0,0,0
66445,0,0,0,0,0,0,0,0,0,0,0,0,1,0,0,0,1,0,0,0,0,0,0,0,0,0,0
66495,0,0,0,0,0,0,0,0,0,0,0,0,1,0,0,0,1,0,0,0,0,0,0,0,0,0,0
66545,0,0,0,0,0,0,0,0,0,0,0,0,1,0,0,0,1,0,0,0,0,0,0,0,0,0,0
66595,0,0,0,0,0,0,0,0,0,0,0,0,1,0,0,0,1,0,0,0,0,0,0,0,0,0,0
66645,0,0,0,0,0,0,0,0,0,0,0,0,1,0,0,0,1,0,0,0,0,0,0,0,0,0,0
66695,0,0,0,0,0,0,0,0,0,0,0,0,1,0,0,0,1,0,0,0,0,0,0,0,0,0,0
66745,0,0,0,0,0,0,0,0,0,0,0,0,1,0,0,0,1,0,0,0,0,0,0,0,0,0,0
66795,0,0,0,0,0,0,0,0,0,0,0,0,1,0,0,0,1,0,0,0,0,0,0,0,0,0,0
66845,0,0,0,0,0,0,0,0,0,0,0,0,1,0,0,0,1,0,0,0,0,0,0,0,0,0,0
66895,0,0,0,0,0,0,0,0,0,0,0,0,1,0,0,0,1,0,0,0,0,0,0,0,0,0,0
66945,0,0,0,0,0,0,0,0,0,0,0,0,1,0,0,0,1,0,0,0,0,0,0,0,0,0,0
66995,0,0,0,0,0,0,0,0,0,0,0,0,1,0,0,0,1,0,0,0,0,0,0,0,0,0,0
67045,0,0,0,0,0,0,0,0,0,0,0,0,1,0,0,0,1,0,0,0,0,0,0,0,0,0,0
67095,0,0,0,0,0,0,0,0,0,0,0,0,1,0,0,0,1,0,0,0,0,0,0,0,0,0,0
67145,0,0,0,0,0,0,0,0,0,0,0,0,1,0,0,0,1,0,0,0,0,0,0,0,0,0,0
67195,0,0,0,0,0,0,0,0,0,0,0,0,1,0,0,0,1,0,0,0,0,0,0,0,0,0,0
67245,0,0,0,0,0,0,0,0,0,0,0,0,1,0,0,0,1,0,0,0,0,0,0,0,0,0,0
67295,0,0,0,0,0,0,0,0,0,0,0,0,1,0,0,0,1,0,0,0,0,0,0,0,0,0,0
67345,0,0,0,0,0,0,0,0,0,0,0,0,1,0,0,0,1,0,0,0,0,0,0,0,0,0,0
67395,0,0,0,0,0,0,0,0,0,0,0,0,1,0,0,0,1,0,0,0,0,0,0,0,0,0,0
67445,0,0,0,0,0,0,0,0,0,0,0,0,1,0,0,0,1,0,0,0,0,0,0,0,0,0,0
67495,0,0,0,0,0,0,0,0,0,0,0,0,1,0,0,0,1,0,0,0,0,0,0,0,0,0,0
67545,0,0,0,0,0,0,0,0,0,0,0,0,1,0,0,0,1,0,0,0,0,0,0,0,0,0,0
67595,0,0,0,0,0,0,0,0,0,0,0,0,1,0,0,0,1,0,0,0,0,0,0,0,0,0,0
67645,0,0,0,0,0,0,0,0,0,0,0,0,1,0,0,0,1,0,0,0,0,0,0,0,0,0,0
67695,0,0,0,0,0,0,0,0,0,0,0,0,1,0,0,0,1,0,0,0,0,0,0,0,0,0,0
67745,0,0,0,0,0,0,0,0,0,0,0,0,1,0,0,0,1,0,0,0,0,0,0,0,0,0,0
67795,0,0,0,0,0,0,0,0,0,0,0,0,1,0,0,0,1,0,0,0,0,0,0,0,0,0,0
67845,0,0,0,0,0,0,0,0,0,0,0,0,1,0,0,0,1,0,0,0,0,0,0,0,0,0,0
67895,0,0,0,0,0,0,0,0,0,0,0,0,1,0,0,0,1,0,0,0,0,0,0,0,0,0,0
67945,0,0,0,0,0,0,0,0,0,0,0,0,1,0,0,0,1,0,0,0,0,0,0,0,0,0,0
67995,0,0,0,0,0,0,0,0,0,0,0,0,1,0,0,0,1,0,0,0,0,0,0,0,0,0,0
68045,0,0,0,0,0,0,0,0,0,0,0,0,1,0,0,0,1,0,0,0,0,0,0,0,0,0,0
68095,0,0,0,0,0,0,0,0,0,0,0,0,1,0,0,0,1,0,0,0,0,0,0,0,0,0,0
68145,0,0,0,0,0,0,0,0,0,0,0,0,1,0,0,0,1,0,0,0,0,0,0,0,0,0,0
68195,0,0,0,0,0,0,0,0,0,0,0,0,1,0,0,0,1,0,0,0,0,0,0,0,0,0,0
68245,0,0,0,0,0,0,0,0,0,0,0,0,1,0,0,0,1,0,0,0,0,0,0,0,0,0,0
68295,0,0,0,0,0,0,0,0,0,0,0,0,1,0,0,0,1,0,0,0,0,0,0,0,0,0,0
68345,0,0,0,0,0,0,0,0,0,0,0,0,1,0,0,0,1,0,0,0,0,0,0,0,0,0,0
68395,0,0,0,0,0,0,0,0,0,0,0,0,1,0,0,0,1,0,0,0,0,0,0,0,0,0,0
68445,0,0,0,0,0,0,0,0,0,0,0,0,1,0,0,0,1,0,0,0,0,0,0,0,0,0,0
68495,0,0,0,0,0,0,0,0,0,0,0,0,1,0,0,0,1,0,0,0,0,0,0,0,0,0,0
68545,0,0,0,0,0,0,0,0,0,0,0,0,1,0,0,0,1,0,0,0,0,0,0,0,0,0,0
68595,0,0,0,0,0,0,0,0,0,0,0,0,1,0,0,0,1,0,0,0,0,0,0,0,0,0,0
68645,0,0,0,0,0,0,0,0,0,0,0,0,1,0,0,0,1,0,0,0,0,0,0,0,0,0,0
68695,0,0,0,0,0,0,0,0,0,0,0,0,1,0,0,0,1,0,0,0,0,0,0,0,0,0,0
68745,0,0,0,0,0,0,0,0,0,0,0,0,1,0,0,0,1,0,0,0,0,0,0,0,0,0,0
68795,0,0,0,0,0,0,0,0,0,0,0,0,1,0,0,0,1,0,0,0,0,0,0,0,0,0,0
68845,0,0,0,0,0,0,0,0,0,0,0,0,1,0,0,0,1,0,0,0,0,0,0,0,0,0,0
68895,0,0,0,0,0,0,0,0,0,0,0,0,1,0,0,0,1,0,0,0,0,0,0,0,0,0,0
68945,0,0,0,0,0,0,0,0,0,0,0,0,1,0,0,0,1,0,0,0,0,0,0,0,0,0,0
68995,0,0,0,0,0,0,0,0,0,0,0,0,1,0,0,0,1,0,0,0,0,0,0,0,0,0,0
69045,0,0,0,0,0,0,0,0,0,0,0,0,1,0,0,0,1,0,0,0,0,0,0,0,0,0,0
69095,0,0,0,0,0,0,0,0,0,0,0,0,1,0,0,0,1,0,0,0,0,0,0,0,0,0,0
69145,0,0,0,0,0,0,0,0,0,0,0,0,1,0,0,0,1,0,0,0,0,0,0,0,0,0,0
69195,0,0,0,0,0,0,0,0,0,0,0,0,1,0,0,0,1,0,0,0,0,0,0,0,0,0,0
69245,0,0,0,0,0,0,0,0,0,0,0,0,1,0,0,0,1,0,0,0,0,0,0,0,0,0,0
69295,0,0,0,0,0,0,0,0,0,0,0,0,1,0,0,0,1,0,0,0,0,0,0,0,0,0,0
69345,0,0,0,0,0,0,0,0,0,0,0,0,1,0,0,0,1,0,0,0,0,0,0,0,0,0,0
69395,0,0,0,0,0,0,0,0,0,0,0,0,1,0,0,0,1,0,0,0,0,0,0,0,0,0,0
69445,0,0,0,0,0,0,0,0,0,0,0,0,1,0,0,0,1,0,0,0,0,0,0,0,0,0,0
69495,0,0,0,0,0,0,0,0,0,0,0,0,1,0,0,0,1,0,0,0,0,0,0,0,0,0,0
69545,0,0,0,0,0,0,0,0,0,0,0,0,1,0,0,0,1,0,0,0,0,0,0,0,0,0,0
69595,0,0,0,0,0,0,0,0,0,0,0,0,1,0,0,0,1,0,0,0,0,0,0,0,0,0,0
69645,0,0,0,0,0,0,0,0,0,0,0,0,1,0,0,0,1,0,0,0,0,0,0,0,0,0,0
69695,0,0,0,0,0,0,0,0,0,0,0,0,1,0,0,0,1,0,0,0,0,0,0,0,0,0,0
69745,0,0,0,0,0,0,0,0,0,0,0,0,1,0,0,0,1,0,0,0,0,0,0,0,0,0,0
69795,0,0,0,0,0,0,0,0,0,0,0,0,1,0,0,0,1,0,0,0,0,0,0,0,0,0,0
69845,0,0,0,0,0,0,0,0,0,0,0,0,1,0,0,0,1,0,0,0,0,0,0,0,0,0,0
69895,0,0,0,0,0,0,0,0,0,0,0,0,1,0,0,0,1,0,0,0,0,0,0,0,0,0,0
69945,0,0,0,0,0,0,0,0,0,0,0,0,1,0,0,0,1,0,0,0,0,0,0,0,0,0,0
69995,0,0,0,0,0,0,0,0,0,0,0,0,1,0,0,0,1,0,0,0,0,0,0,0,0,0,0
70045,0,0,0,0,0,0,0,0,0,0,0,0,1,0,0,0,1,0,0,0,0,0,0,0,0,0,0
70095,0,0,0,0,0,0,0,0,0,0,0,0,1,0,0,0,1,0,0,0,0,0,0,0,0,0,0
70145,0,0,0,0,0,0,0,0,0,0,0,0,1,0,0,0,1,0,0,0,0,0,0,0,0,0,0
70195,0,0,0,0,0,0,0,0,0,0,0,0,1,0,0,0,1,0,0,0,0,0,0,0,0,0,0
70245,0,0,0,0,0,0,0,0,0,0,0,0,1,0,0,0,1,0,0,0,0,0,0,0,0,0,0
70295,0,0,0,0,0,0,0,0,0,0,0,0,1,0,0,0,1,0,0,0,0,0,0,0,0,0,0
70345,0,0,0,0,0,0,0,0,0,0,0,0,1,0,0,0,1,0,0,0,0,0,0,0,0,0,0
70395,0,0,0,0,0,0,0,0,0,0,0,0,1,0,0,0,1,0,0,0,0,0,0,0,0,0,0
70445,0,0,0,0,0,0,0,0,0,0,0,0,1,0,0,0,1,0,0,0,0,0,0,0,0,0,0
70495,0,0,0,0,0,0,0,0,0,0,0,0,1,0,0,0,1,0,0,0,0,0,0,0,0,0,0
70545,0,0,0,0,0,0,0,0,0,0,0,0,1,0,0,0,1,0,0,0,0,0,0,0,0,0,0
70595,0,0,0,0,0,0,0,0,0,0,0,0,1,0,0,0,1,0,0,0,0,0,0,0,0,0,0
70645,0,0,0,0,0,0,0,0,0,0,0,0,1,0,0,0,1,0,0,0,0,0,0,0,0,0,0
70695,0,0,0,0,0,0,0,0,0,0,0,0,1,0,0,0,1,0,0,0,0,0,0,0,0,0,0
70745,0,0,0,0,0,0,0,0,0,0,0,0,1,0,0,0,1,0,0,0,0,0,0,0,0,0,0
70795,0,0,0,0,0,0,0,0,0,0,0,0,1,0,0,0,1,0,0,0,0,0,0,0,0,0,0
70845,0,0,0,0,0,0,0,0,0,0,0,0,1,0,0,0,1,0,0,0,0,0,0,0,0,0,0
70895,0,0,0,0,0,0,0,0,0,0,0,0,1,0,0,0,1,0,0,0,0,0,0,0,0,0,0
70945,0,0,0,0,0,0,0,0,0,0,0,0,1,0,0,0,1,0,0,0,0,0,0,0,0,0,0
70995,0,0,0,0,0,0,0,0,0,0,0,0,1,0,0,0,1,0,0,0,0,0,0,0,0,0,0
71045,0,0,0,0,0,0,0,0,0,0,0,0,1,0,0,0,1,0,0,0,0,0,0,0,0,0,0
71095,0,0,0,0,0,0,0,0,0,0,0,0,1,0,0,0,1,0,0,0,0,0,0,0,0,0,0
71145,0,0,0,0,0,0,0,0,0,0,0,0,1,0,0,0,1,0,0,0,0,0,0,0,0,0,0
71195,0,0,0,0,0,0,0,0,0,0,0,0,1,0,0,0,1,0,0,0,0,0,0,0,0,0,0
71245,0,0,0,0,0,0,0,0,0,0,0,0,1,0,0,0,1,0,0,0,0,0,0,0,0,0,0
71295,0,0,0,0,0,0,0,0,0,0,0,0,1,0,0,0,1,0,0,0,0,0,0,0,0,0,0
71345,0,0,0,0,0,0,0,0,0,0,0,0,1,0,0,0,1,0,0,0,0,0,0,0,0,0,0
71395,0,0,0,0,0,0,0,0,0,0,0,0,1,0,0,0,1,0,0,0,0,0,0,0,0,0,0
71445,0,0,0,0,0,0,0,0,0,0,0,0,1,0,0,0,1,0,0,0,0,0,0,0,0,0,0
71495,0,0,0,0,0,0,0,0,0,0,0,0,1,0,0,0,1,0,0,0,0,0,0,0,0,0,0
71545,0,0,0,0,0,0,0,0,0,0,0,0,1,0,0,0,1,0,0,0,0,0,0,0,0,0,0
71595,0,0,0,0,0,0,0,0,0,0,0,0,1,0,0,0,1,0,0,0,0,0,0,0,0,0,0
71645,0,0,0,0,0,0,0,0,0,0,0,0,1,0,0,0,1,0,0,0,0,0,0,0,0,0,0
71695,0,0,0,0,0,0,0,0,0,0,0,0,1,0,0,0,1,0,0,0,0,0,0,0,0,0,0
71745,0,0,0,0,0,0,0,0,0,0,0,0,1,0,0,0,1,0,0,0,0,0,0,0,0,0,0
71795,0,0,0,0,0,0,0,0,0,0,0,0,1,0,0,0,1,0,0,0,0,0,0,0,0,0,0
71845,0,0,0,0,0,0,0,0,0,0,0,0,1,0,0,0,1,0,0,0,0,0,0,0,0,0,0
71895,0,0,0,0,0,0,0,0,0,0,0,0,1,0,0,0,1,0,0,0,0,0,0,0,0,0,0
71945,0,0,0,0,0,0,0,0,0,0,0,0,1,0,0,0,1,0,0,0,0,0,0,0,0,0,0
71995,0,0,0,0,0,0,0,0,0,0,0,0,1,0,0,0,1,0,0,0,0,0,0,0,0,0,0
72045,0,0,0,0,0,0,0,0,0,0,0,0,1,0,0,0,1,0,0,0,0,0,0,0,0,0,0
72095,0,0,0,0,0,0,0,0,0,0,0,0,1,0,0,0,1,0,0,0,0,0,0,0,0,0,0
72145,0,0,0,0,0,0,0,0,0,0,0,0,1,0,0,0,1,0,0,0,0,0,0,0,0,0,0
72195,0,0,0,0,0,0,0,0,0,0,0,0,1,0,0,0,1,0,0,0,0,0,0,0,0,0,0
72245,0,0,0,0,0,0,0,0,0,0,0,0,1,0,0,0,1,0,0,0,0,0,0,0,0,0,0
72295,0,0,0,0,0,0,0,0,0,0,0,0,1,0,0,0,1,0,0,0,0,0,0,0,0,0,0
72345,0,0,0,0,0,0,0,0,0,0,0,0,1,0,0,0,1,0,0,0,0,0,0,0,0,0,0
72395,0,0,0,0,0,0,0,0,0,0,0,0,1,0,0,0,1,0,0,0,0,0,0,0,0,0,0
72445,0,0,0,0,0,0,0,0,0,0,0,0,1,0,0,0,1,0,0,0,0,0,0,0,0,0,0
72495,0,0,0,0,0,0,0,0,0,0,0,0,1,0,0,0,1,0,0,0,0,0,0,0,0,0,0
72545,0,0,0,0,0,0,0,0,0,0,0,0,1,0,0,0,1,0,0,0,0,0,0,0,0,0,0
72595,0,0,0,0,0,0,0,0,0,0,0,0,1,0,0,0,1,0,0,0,0,0,0,0,0,0,0
72645,0,0,0,0,0,0,0,0,0,0,0,0,1,0,0,0,1,0,0,0,0,0,0,0,0,0,0
72695,0,0,0,0,0,0,0,0,0,0,0,0,1,0,0,0,1,0,0,0,0,0,0,0,0,0,0
72745,0,0,0,0,0,0,0,0,0,0,0,0,1,0,0,0,1,0,0,0,0,0,0,0,0,0,0
72795,0,0,0,0,0,0,0,0,0,0,0,0,1,0,0,0,1,0,0,0,0,0,0,0,0,0,0
72845,0,0,0,0,0,0,0,0,0,0,0,0,1,0,0,0,1,0,0,0,0,0,0,0,0,0,0
72895,0,0,0,0,0,0,0,0,0,0,0,0,1,0,0,0,1,0,0,0,0,0,0,0,0,0,0
72945,0,0,0,0,0,0,0,0,0,0,0,0,1,0,0,0,1,0,0,0,0,0,0,0,0,0,0
72995,0,0,0,0,0,0,0,0,0,0,0,0,1,0,0,0,1,0,0,0,0,0,0,0,0,0,0
73045,0,0,0,0,0,0,0,0,0,0,0,0,1,0,0,0,1,0,0,0,0,0,0,0,0,0,0
73095,0,0,0,0,0,0,0,0,0,0,0,0,1,0,0,0,1,0,0,0,0,0,0,0,0,0,0
73145,0,0,0,0,0,0,0,0,0,0,0,0,1,0,0,0,1,0,0,0,0,0,0,0,0,0,0
73195,0,0,0,0,0,0,0,0,0,0,0,0,1,0,0,0,1,0,0,0,0,0,0,0,0,0,0
73245,0,0,0,0,0,0,0,0,0,0,0,0,1,0,0,0,1,0,0,0,0,0,0,0,0,0,0
73295,0,0,0,0,0,0,0,0,0,0,0,0,1,0,0,0,1,0,0,0,0,0,0,0,0,0,0
73345,0,0,0,0,0,0,0,0,0,0,0,0,1,0,0,0,1,0,0,0,0,0,0,0,0,0,0
73395,0,0,0,0,0,0,0,0,0,0,0,0,1,0,0,0,1,0,0,0,0,0,0,0,0,0,0
73445,0,0,0,0,0,0,0,0,0,0,0,0,1,0,0,0,1,0,0,0,0,0,0,0,0,0,0
73495,0,0,0,0,0,0,0,0,0,0,0,0,1,0,0,0,1,0,0,0,0,0,0,0,0,0,0
73545,0,0,0,0,0,0,0,0,0,0,0,0,1,0,0,0,1,0,0,0,0,0,0,0,0,0,0
73595,0,0,0,0,0,0,0,0,0,0,0,0,1,0,0,0,1,0,0,0,0,0,0,0,0,0,0
73645,0,0,0,0,0,0,0,0,0,0,0,0,1,0,0,0,1,0,0,0,0,0,0,0,0,0,0
73695,0,0,0,0,0,0,0,0,0,0,0,0,1,0,0,0,1,0,0,0,0,0,0,0,0,0,0
73745,0,0,0,0,0,0,0,0,0,0,0,0,1,0,0,0,1,0,0,0,0,0,0,0,0,0,0
73795,0,0,0,0,0,0,0,0,0,0,0,0,1,0,0,0,1,0,0,0,0,0,0,0,0,0,0
73845,0,0,0,0,0,0,0,0,0,0,0,0,1,0,0,0,1,0,0,0,0,0,0,0,0,0,0
73895,0,0,0,0,0,0,0,0,0,0,0,0,1,0,0,0,1,0,0,0,0,0,0,0,0,0,0
73945,0,0,0,0,0,0,0,0,0,0,0,0,1,0,0,0,1,0,0,0,0,0,0,0,0,0,0
73995,0,0,0,0,0,0,0,0,0,0,0,0,1,0,0,0,1,0,0,0,0,0,0,0,0,0,0
74045,0,0,0,0,0,0,0,0,0,0,0,0,1,0,0,0,1,0,0,0,0,0,0,0,0,0,0
74095,0,0,0,0,0,0,0,0,0,0,0,0,1,0,0,0,1,0,0,0,0,0,0,0,0,0,0
74145,0,0,0,0,0,0,0,0,0,0,0,0,1,0,0,0,1,0,0,0,0,0,0,0,0,0,0
74195,0,0,0,0,0,0,0,0,0,0,0,0,1,0,0,0,1,0,0,0,0,0,0,0,0,0,0
74245,0,0,0,0,0,0,0,0,0,0,0,0,1,0,0,0,1,0,0,0,0,0,0,0,0,0,0
74295,0,0,0,0,0,0,0,0,0,0,0,0,1,0,0,0,1,0,0,0,0,0,0,0,0,0,0
74345,0,0,0,0,0,0,0,0,0,0,0,0,1,0,0,0,1,0,0,0,0,0,0,0,0,0,0
74395,0,0,0,0,0,0,0,0,0,0,0,0,1,0,0,0,1,0,0,0,0,0,0,0,0,0,0
74445,0,0,0,0,0,0,0,0,0,0,0,0,1,0,0,0,1,0,0,0,0,0,0,0,0,0,0
74495,0,0,0,0,0,0,0,0,0,0,0,0,1,0,0,0,1,0,0,0,0,0,0,0,0,0,0
74545,0,0,0,0,0,0,0,0,0,0,0,0,1,0,0,0,1,0,0,0,0,0,0,0,0,0,0
74595,0,0,0,0,0,0,0,0,0,0,0,0,1,0,0,0,1,0,0,0,0,0,0,0,0,0,0
74645,0,0,0,0,0,0,0,0,0,0,0,0,1,0,0,0,1,0,0,0,0,0,0,0,0,0,0
74695,0,0,0,0,0,0,0,0,0,0,0,0,1,0,0,0,1,0,0,0,0,0,0,0,0,0,0
74745,0,0,0,0,0,0,0,0,0,0,0,0,1,0,0,0,1,0,0,0,0,0,0,0,0,0,0
74795,0,0,0,0,0,0,0,0,0,0,0,0,1,0,0,0,1,0,0,0,0,0,0,0,0,0,0
74845,0,0,0,0,0,0,0,0,0,0,0,0,1,0,0,0,1,0,0,0,0,0,0,0,0,0,0
74895,0,0,0,0,0,0,0,0,0,0,0,0,1,0,0,0,1,0,0,0,0,0,0,0,0,0,0
74945,0,0,0,0,0,0,0,0,0,0,0,0,1,0,0,0,1,0,0,0,0,0,0,0,0,0,0
74995,0,0,0,0,0,0,0,0,0,0,0,0,1,0,0,0,1,0,0,0,0,0,0,0,0,0,0
75045,0,0,0,0,0,0,0,0,0,0,0,0,1,0,0,0,1,0,0,0,0,0,0,0,0,0,0
75095,0,0,0,0,0,0,0,0,0,0,0,0,1,0,0,0,1,0,0,0,0,0,0,0,0,0,0
75145,0,0,0,0,0,0,0,0,0,0,0,0,1,0,0,0,1,0,0,0,0,0,0,0,0,0,0
75195,0,0,0,0,0,0,0,0,0,0,0,0,1,0,0,0,1,0,0,0,0,0,0,0,0,0,0
75245,0,0,0,0,0,0,0,0,0,0,0,0,1,0,0,0,1,0,0,0,0,0,0,0,0,0,0
75295,0,0,0,0,0,0,0,0,0,0,0,0,1,0,0,0,1,0,0,0,0,0,0,0,0,0,0
75345,0,0,0,0,0,0,0,0,0,0,0,0,1,0,0,0,1,0,0,0,0,0,0,0,0,0,0
75395,0,0,0,0,0,0,0,0,0,0,0,0,1,0,0,0,1,0,0,0,0,0,0,0,0,0,0
75445,0,0,0,0,0,0,0,0,0,0,0,0,1,0,0,0,1,0,0,0,0,0,0,0,0,0,0
75495,0,0,0,0,0,0,0,0,0,0,0,0,1,0,0,0,1,0,0,0,0,0,0,0,0,0,0
75545,0,0,0,0,0,0,0,0,0,0,0,0,1,0,0,0,1,0,0,0,0,0,0,0,0,0,0
75595,0,0,0,0,0,0,0,0,0,0,0,0,1,0,0,0,1,0,0,0,0,0,0,0,0,0,0
75645,0,0,0,0,0,0,0,0,0,0,0,0,1,0,0,0,1,0,0,0,0,0,0,0,0,0,0
75695,0,0,0,0,0,0,0,0,0,0,0,0,1,0,0,0,1,0,0,0,0,0,0,0,0,0,0
75745,0,0,0,0,0,0,0,0,0,0,0,0,1,0,0,0,1,0,0,0,0,0,0,0,0,0,0
75795,0,0,0,0,0,0,0,0,0,0,0,0,1,0,0,0,1,0,0,0,0,0,0,0,0,0,0
75845,0,0,0,0,0,0,0,0,0,0,0,0,1,0,0,0,1,0,0,0,0,0,0,0,0,0,0
75895,0,0,0,0,0,0,0,0,0,0,0,0,1,0,0,0,1,0,0,0,0,0,0,0,0,0,0
75945,0,0,0,0,0,0,0,0,0,0,0,0,1,0,0,0,1,0,0,0,0,0,0,0,0,0,0
75995,0,0,0,0,0,0,0,0,0,0,0,0,1,0,0,0,1,0,0,0,0,0,0,0,0,0,0
76045,0,0,0,0,0,0,0,0,0,0,0,0,1,0,0,0,1,0,0,0,0,0,0,0,0,0,0
76095,0,0,0,0,0,0,0,0,0,0,0,0,1,0,0,0,1,0,0,0,0,0,0,0,0,0,0
76145,0,0,0,0,0,0,0,0,0,0,0,0,1,0,0,0,1,0,0,0,0,0,0,0,0,0,0
76195,0,0,0,0,0,0,0,0,0,0,0,0,1,0,0,0,1,0,0,0,0,0,0,0,0,0,0
76245,0,0,0,0,0,0,0,0,0,0,0,0,1,0,0,0,1,0,0,0,0,0,0,0,0,0,0
76295,0,0,0,0,0,0,0,0,0,0,0,0,1,0,0,0,1,0,0,0,0,0,0,0,0,0,0
76345,0,0,0,0,0,0,0,0,0,0,0,0,1,0,0,0,1,0,0,0,0,0,0,0,0,0,0
76395,0,0,0,0,0,0,0,0,0,0,0,0,1,0,0,0,1,0,0,0,0,0,0,0,0,0,0
76445,0,0,0,0,0,0,0,0,0,0,0,0,1,0,0,0,1,0,0,0,0,0,0,0,0,0,0
76495,0,0,0,0,0,0,0,0,0,0,0,0,1,0,0,0,1,0,0,0,0,0,0,0,0,0,0
76545,0,0,0,0,0,0,0,0,0,0,0,0,1,0,0,0,1,0,0,0,0,0,0,0,0,0,0
76595,0,0,0,0,0,0,0,0,0,0,0,0,1,0,0,0,1,0,0,0,0,0,0,0,0,0,0
76645,0,0,0,0,0,0,0,0,0,0,0,0,1,0,0,0,1,0,0,0,0,0,0,0,0,0,0
76695,0,0,0,0,0,0,0,0,0,0,0,0,1,0,0,0,1,0,0,0,0,0,0,0,0,0,0
76745,0,0,0,0,0,0,0,0,0,0,0,0,1,0,0,0,1,0,0,0,0,0,0,0,0,0,0
76795,0,0,0,0,0,0,0,0,0,0,0,0,1,0,0,0,1,0,0,0,0,0,0,0,0,0,0
76845,0,0,0,0,0,0,0,0,0,0,0,0,1,0,0,0,1,0,0,0,0,0,0,0,0,0,0
76895,0,0,0,0,0,0,0,0,0,0,0,0,1,0,0,0,1,0,0,0,0,0,0,0,0,0,0
76945,0,0,0,0,0,0,0,0,0,0,0,0,1,0,0,0,1,0,0,0,0,0,0,0,0,0,0
76995,0,0,0,0,0,0,0,0,0,0,0,0,1,0,0,0,1,0,0,0,0,0,0,0,0,0,0
77045,0,0,0,0,0,0,0,0,0,0,0,0,1,0,0,0,1,0,0,0,0,0,0,0,0,0,0
77095,0,0,0,0,0,0,0,0,0,0,0,0,1,0,0,0,1,0,0,0,0,0,0,0,0,0,0
77145,0,0,0,0,0,0,0,0,0,0,0,0,1,0,0,0,1,0,0,0,0,0,0,0,0,0,0
77195,0,0,0,0,0,0,0,0,0,0,0,0,1,0,0,0,1,0,0,0,0,0,0,0,0,0,0
77245,0,0,0,0,0,0,0,0,0,0,0,0,1,0,0,0,1,0,0,0,0,0,0,0,0,0,0
77295,0,0,0,0,0,0,0,0,0,0,0,0,1,0,0,0,1,0,0,0,0,0,0,0,0,0,0
77345,0,0,0,0,0,0,0,0,0,0,0,0,1,0,0,0,1,0,0,0,0,0,0,0,0,0,0
77395,0,0,0,0,0,0,0,0,0,0,0,0,1,0,0,0,1,0,0,0,0,0,0,0,0,0,0
77445,0,0,0,0,0,0,0,0,0,0,0,0,1,0,0,0,1,0,0,0,0,0,0,0,0,0,0
77495,0,0,0,0,0,0,0,0,0,0,0,0,1,0,0,0,1,0,0,0,0,0,0,0,0,0,0
77545,0,0,0,0,0,0,0,0,0,0,0,0,1,0,0,0,1,0,0,0,0,0,0,0,0,0,0
77595,0,0,0,0,0,0,0,0,0,0,0,0,1,0,0,0,1,0,0,0,0,0,0,0,0,0,0
77645,0,0,0,0,0,0,0,0,0,0,0,0,1,0,0,0,1,0,0,0,0,0,0,0,0,0,0
77695,0,0,0,0,0,0,0,0,0,0,0,0,1,0,0,0,1,0,0,0,0,0,0,0,0,0,0
77745,0,0,0,0,0,0,0,0,0,0,0,0,1,0,0,0,1,0,0,0,0,0,0,0,0,0,0
77795,0,0,0,0,0,0,0,0,0,0,0,0,1,0,0,0,1,0,0,0,0,0,0,0,0,0,0
77845,0,0,0,0,0,0,0,0,0,0,0,0,1,0,0,0,1,0,0,0,0,0,0,0,0,0,0
77895,0,0,0,0,0,0,0,0,0,0,0,0,1,0,0,0,1,0,0,0,0,0,0,0,0,0,0
77945,0,0,0,0,0,0,0,0,0,0,0,0,1,0,0,0,1,0,0,0,0,0,0,0,0,0,0
77995,0,0,0,0,0,0,0,0,0,0,0,0,1,0,0,0,1,0,0,0,0,0,0,0,0,0,0
78045,0,0,0,0,0,0,0,0,0,0,0,0,1,0,0,0,1,0,0,0,0,0,0,0,0,0,0
78095,0,0,0,0,0,0,0,0,0,0,0,0,1,0,0,0,1,0,0,0,0,0,0,0,0,0,0
78145,0,0,0,0,0,0,0,0,0,0,0,0,1,0,0,0,1,0,0,0,0,0,0,0,0,0,0
78195,0,0,0,0,0,0,0,0,0,0,0,0,1,0,0,0,1,0,0,0,0,0,0,0,0,0,0
78245,0,0,0,0,0,0,0,0,0,0,0,0,1,0,0,0,1,0,0,0,0,0,0,0,0,0,0
78295,0,0,0,0,0,0,0,0,0,0,0,0,1,0,0,0,1,0,0,0,0,0,0,0,0,0,0
78345,0,0,0,0,0,0,0,0,0,0,0,0,1,0,0,0,1,0,0,0,0,0,0,0,0,0,0
78395,0,0,0,0,0,0,0,0,0,0,0,0,1,0,0,0,1,0,0,0,0,0,0,0,0,0,0
78445,0,0,0,0,0,0,0,0,0,0,0,0,1,0,0,0,1,0,0,0,0,0,0,0,0,0,0
78495,0,0,0,0,0,0,0,0,0,0,0,0,1,0,0,0,1,0,0,0,0,0,0,0,0,0,0
78545,0,0,0,0,0,0,0,0,0,0,0,0,1,0,0,0,1,0,0,0,0,0,0,0,0,0,0
78595,0,0,0,0,0,0,0,0,0,0,0,0,1,0,0,0,1,0,0,0,0,0,0,0,0,0,0
78645,0,0,0,0,0,0,0,0,0,0,0,0,1,0,0,0,1,0,0,0,0,0,0,0,0,0,0
78695,0,0,0,0,0,0,0,0,0,0,0,0,1,0,0,0,1,0,0,0,0,0,0,0,0,0,0
78745,0,0,0,0,0,0,0,0,0,0,0,0,1,0,0,0,1,0,0,0,0,0,0,0,0,0,0
78795,0,0,0,0,0,0,0,0,0,0,0,0,1,0,0,0,1,0,0,0,0,0,0,0,0,0,0
78845,0,0,0,0,0,0,0,0,0,0,0,0,1,0,0,0,1,0,0,0,0,0,0,0,0,0,0
78895,0,0,0,0,0,0,0,0,0,0,0,0,1,0,0,0,1,0,0,0,0,0,0,0,0,0,0
78945,0,0,0,0,0,0,0,0,0,0,0,0,1,0,0,0,1,0,0,0,0,0,0,0,0,0,0
78995,0,0,0,0,0,0,0,0,0,0,0,0,1,0,0,0,1,0,0,0,0,0,0,0,0,0,0
79045,0,0,0,0,0,0,0,0,0,0,0,0,1,0,0,0,1,0,0,0,0,0,0,0,0,0,0
79095,0,0,0,0,0,0,0,0,0,0,0,0,1,0,0,0,1,0,0,0,0,0,0,0,0,0,0
79145,0,0,0,0,0,0,0,0,0,0,0,0,1,0,0,0,1,0,0,0,0,0,0,0,0,0,0
79195,0,0,0,0,0,0,0,0,0,0,0,0,1,0,0,0,1,0,0,0,0,0,0,0,0,0,0
79245,0,0,0,0,0,0,0,0,0,0,0,0,1,0,0,0,1,0,0,0,0,0,0,0,0,0,0
79295,0,0,0,0,0,0,0,0,0,0,0,0,1,0,0,0,1,0,0,0,0,0,0,0,0,0,0
79345,0,0,0,0,0,0,0,0,0,0,0,0,1,0,0,0,1,0,0,0,0,0,0,0,0,0,0
79395,0,0,0,0,0,0,0,0,0,0,0,0,1,0,0,0,1,0,0,0,0,0,0,0,0,0,0
79445,0,0,0,0,0,0,0,0,0,0,0,0,1,0,0,0,1,0,0,0,0,0,0,0,0,0,0
79495,0,0,0,0,0,0,0,0,0,0,0,0,1,0,0,0,1,0,0,0,0,0,0,0,0,0,0
79545,0,0,0,0,0,0,0,0,0,0,0,0,1,0,0,0,1,0,0,0,0,0,0,0,0,0,0
79595,0,0,0,0,0,0,0,0,0,0,0,0,1,0,0,0,1,0,0,0,0,0,0,0,0,0,0
79645,0,0,0,0,0,0,0,0,0,0,0,0,1,0,0,0,1,0,0,0,0,0,0,0,0,0,0
79695,0,0,0,0,0,0,0,0,0,0,0,0,1,0,0,0,1,0,0,0,0,0,0,0,0,0,0
79745,0,0,0,0,0,0,0,0,0,0,0,0,1,0,0,0,1,0,0,0,0,0,0,0,0,0,0
79795,0,0,0,0,0,0,0,0,0,0,0,0,1,0,0,0,1,0,0,0,0,0,0,0,0,0,0
79845,0,0,0,0,0,0,0,0,0,0,0,0,1,0,0,0,1,0,0,0,0,0,0,0,0,0,0
79895,0,0,0,0,0,0,0,0,0,0,0,0,1,0,0,0,1,0,0,0,0,0,0,0,0,0,0
79945,0,0,0,0,0,0,0,0,0,0,0,0,1,0,0,0,1,0,0,0,0,0,0,0,0,0,0
79995,0,0,0,0,0,0,0,0,0,0,0,0,1,0,0,0,1,0,0,0,0,0,0,0,0,0,0
80045,0,0,0,0,0,0,0,0,0,0,0,0,1,0,0,0,1,0,0,0,0,0,0,0,0,0,0
80095,0,0,0,0,0,0,0,0,0,0,0,0,1,0,0,0,1,0,0,0,0,0,0,0,0,0,0
80145,0,0,0,0,0,0,0,0,0,0,0,0,1,0,0,0,1,0,0,0,0,0,0,0,0,0,0
80195,0,0,0,0,0,0,0,0,0,0,0,0,1,0,0,0,1,0,0,0,0,0,0,0,0,0,0
80245,0,0,0,0,0,0,0,0,0,0,0,0,1,0,0,0,1,0,0,0,0,0,0,0,0,0,0
80295,0,0,0,0,0,0,0,0,0,0,0,0,1,0,0,0,1,0,0,0,0,0,0,0,0,0,0
80345,0,0,0,0,0,0,0,0,0,0,0,0,1,0,0,0,1,0,0,0,0,0,0,0,0,0,0
80395,0,0,0,0,0,0,0,0,0,0,0,0,1,0,0,0,1,0,0,0,0,0,0,0,0,0,0
80445,0,0,0,0,0,0,0,0,0,0,0,0,1,0,0,0,1,0,0,0,0,0,0,0,0,0,0
80495,0,0,0,0,0,0,0,0,0,0,0,0,1,0,0,0,1,0,0,0,0,0,0,0,0,0,0
80545,0,0,0,0,0,0,0,0,0,0,0,0,1,0,0,0,1,0,0,0,0,0,0,0,0,0,0
80595,0,0,0,0,0,0,0,0,0,0,0,0,1,0,0,0,1,0,0,0,0,0,0,0,0,0,0
80645,0,0,0,0,0,0,0,0,0,0,0,0,1,0,0,0,1,0,0,0,0,0,0,0,0,0,0
80695,0,0,0,0,0,0,0,0,0,0,0,0,1,0,0,0,1,0,0,0,0,0,0,0,0,0,0
80745,0,0,0,0,0,0,0,0,0,0,0,0,1,0,0,0,1,0,0,0,0,0,0,0,0,0,0
80795,0,0,0,0,0,0,0,0,0,0,0,0,1,0,0,0,1,0,0,0,0,0,0,0,0,0,0
80845,0,0,0,0,0,0,0,0,0,0,0,0,1,0,0,0,1,0,0,0,0,0,0,0,0,0,0
80895,0,0,0,0,0,0,0,0,0,0,0,0,1,0,0,0,1,0,0,0,0,0,0,0,0,0,0
80945,0,0,0,0,0,0,0,0,0,0,0,0,1,0,0,0,1,0,0,0,0,0,0,0,0,0,0
80995,0,0,0,0,0,0,0,0,0,0,0,0,1,0,0,0,1,0,0,0,0,0,0,0,0,0,0
81045,0,0,0,0,0,0,0,0,0,0,0,0,1,0,0,0,1,0,0,0,0,0,0,0,0,0,0
81095,0,0,0,0,0,0,0,0,0,0,0,0,1,0,0,0,1,0,0,0,0,0,0,0,0,0,0
81145,0,0,0,0,0,0,0,0,0,0,0,0,1,0,0,0,1,0,0,0,0,0,0,0,0,0,0
81195,0,0,0,0,0,0,0,0,0,0,0,0,1,0,0,0,1,0,0,0,0,0,0,0,0,0,0
81245,0,0,0,0,0,0,0,0,0,0,0,0,1,0,0,0,1,0,0,0,0,0,0,0,0,0,0
81295,0,0,0,0,0,0,0,0,0,0,0,0,1,0,0,0,1,0,0,0,0,0,0,0,0,0,0
81345,0,0,0,0,0,0,0,0,0,0,0,0,1,0,0,0,1,0,0,0,0,0,0,0,0,0,0
81395,0,0,0,0,0,0,0,0,0,0,0,0,1,0,0,0,1,0,0,0,0,0,0,0,0,0,0
81445,0,0,0,0,0,0,0,0,0,0,0,0,1,0,0,0,1,0,0,0,0,0,0,0,0,0,0
81495,0,0,0,0,0,0,0,0,0,0,0,0,1,0,0,0,1,0,0,0,0,0,0,0,0,0,0
81545,0,0,0,0,0,0,0,0,0,0,0,0,1,0,0,0,1,0,0,0,0,0,0,0,0,0,0
81595,0,0,0,0,0,0,0,0,0,0,0,0,1,0,0,0,1,0,0,0,0,0,0,0,0,0,0
81645,0,0,0,0,0,0,0,0,0,0,0,0,1,0,0,0,1,0,0,0,0,0,0,0,0,0,0
81695,0,0,0,0,0,0,0,0,0,0,0,0,1,0,0,0,1,0,0,0,0,0,0,0,0,0,0
81745,0,0,0,0,0,0,0,0,0,0,0,0,1,0,0,0,1,0,0,0,0,0,0,0,0,0,0
81795,0,0,0,0,0,0,0,0,0,0,0,0,1,0,0,0,1,0,0,0,0,0,0,0,0,0,0
81845,0,0,0,0,0,0,0,0,0,0,0,0,1,0,0,0,1,0,0,0,0,0,0,0,0,0,0
81895,0,0,0,0,0,0,0,0,0,0,0,0,1,0,0,0,1,0,0,0,0,0,0,0,0,0,0
81945,0,0,0,0,0,0,0,0,0,0,0,0,1,0,0,0,1,0,0,0,0,0,0,0,0,0,0
81995,0,0,0,0,0,0,0,0,0,0,0,0,1,0,0,0,1,0,0,0,0,0,0,0,0,0,0
82045,0,0,0,0,0,0,0,0,0,0,0,0,1,0,0,0,1,0,0,0,0,0,0,0,0,0,0
82095,0,0,0,0,0,0,0,0,0,0,0,0,1,0,0,0,1,0,0,0,0,0,0,0,0,0,0
82145,0,0,0,0,0,0,0,0,0,0,0,0,1,0,0,0,1,0,0,0,0,0,0,0,0,0,0
82195,0,0,0,0,0,0,0,0,0,0,0,0,1,0,0,0,1,0,0,0,0,0,0,0,0,0,0
82245,0,0,0,0,0,0,0,0,0,0,0,0,1,0,0,0,1,0,0,0,0,0,0,0,0,0,0
82295,0,0,0,0,0,0,0,0,0,0,0,0,1,0,0,0,1,0,0,0,0,0,0,0,0,0,0
82345,0,0,0,0,0,0,0,0,0,0,0,0,1,0,0,0,1,0,0,0,0,0,0,0,0,0,0
82395,0,0,0,0,0,0,0,0,0,0,0,0,1,0,0,0,1,0,0,0,0,0,0,0,0,0,0
82445,0,0,0,0,0,0,0,0,0,0,0,0,1,0,0,0,1,0,0,0,0,0,0,0,0,0,0
82495,0,0,0,0,0,0,0,0,0,0,0,0,1,0,0,0,1,0,0,0,0,0,0,0,0,0,0
82545,0,0,0,0,0,0,0,0,0,0,0,0,1,0,0,0,1,0,0,0,0,0,0,0,0,0,0
82595,0,0,0,0,0,0,0,0,0,0,0,0,1,0,0,0,1,0,0,0,0,0,0,0,0,0,0
82645,0,0,0,0,0,0,0,0,0,0,0,0,1,0,0,0,1,0,0,0,0,0,0,0,0,0,0
82695,0,0,0,0,0,0,0,0,0,0,0,0,1,0,0,0,1,0,0,0,0,0,0,0,0,0,0
82745,0,0,0,0,0,0,0,0,0,0,0,0,1,0,0,0,1,0,0,0,0,0,0,0,0,0,0
82795,0,0,0,0,0,0,0,0,0,0,0,0,1,0,0,0,1,0,0,0,0,0,0,0,0,0,0
82845,0,0,0,0,0,0,0,0,0,0,0,0,1,0,0,0,1,0,0,0,0,0,0,0,0,0,0
82895,0,0,0,0,0,0,0,0,0,0,0,0,1,0,0,0,1,0,0,0,0,0,0,0,0,0,0
82945,0,0,0,0,0,0,0,0,0,0,0,0,1,0,0,0,1,0,0,0,0,0,0,0,0,0,0
82995,0,0,0,0,0,0,0,0,0,0,0,0,1,0,0,0,1,0,0,0,0,0,0,0,0,0,0
83045,0,0,0,0,0,0,0,0,0,0,0,0,1,0,0,0,1,0,0,0,0,0,0,0,0,0,0
83095,0,0,0,0,0,0,0,0,0,0,0,0,1,0,0,0,1,0,0,0,0,0,0,0,0,0,0
83145,0,0,0,0,0,0,0,0,0,0,0,0,1,0,0,0,1,0,0,0,0,0,0,0,0,0,0
83195,0,0,0,0,0,0,0,0,0,0,0,0,1,0,0,0,1,0,0,0,0,0,0,0,0,0,0
83245,0,0,0,0,0,0,0,0,0,0,0,0,1,0,0,0,1,0,0,0,0,0,0,0,0,0,0
83295,0,0,0,0,0,0,0,0,0,0,0,0,1,0,0,0,1,0,0,0,0,0,0,0,0,0,0
83345,0,0,0,0,0,0,0,0,0,0,0,0,1,0,0,0,1,0,0,0,0,0,0,0,0,0,0
83395,0,0,0,0,0,0,0,0,0,0,0,0,1,0,0,0,1,0,0,0,0,0,0,0,0,0,0
83445,0,0,0,0,0,0,0,0,0,0,0,0,1,0,0,0,1,0,0,0,0,0,0,0,0,0,0
83495,0,0,0,0,0,0,0,0,0,0,0,0,1,0,0,0,1,0,0,0,0,0,0,0,0,0,0
83545,0,0,0,0,0,0,0,0,0,0,0,0,1,0,0,0,1,0,0,0,0,0,0,0,0,0,0
83595,0,0,0,0,0,0,0,0,0,0,0,0,1,0,0,0,1,0,0,0,0,0,0,0,0,0,0
83645,0,0,0,0,0,0,0,0,0,0,0,0,1,0,0,0,1,0,0,0,0,0,0,0,0,0,0
83695,0,0,0,0,0,0,0,0,0,0,0,0,1,0,0,0,1,0,0,0,0,0,0,0,0,0,0
83745,0,0,0,0,0,0,0,0,0,0,0,0,1,0,0,0,1,0,0,0,0,0,0,0,0,0,0
83795,0,0,0,0,0,0,0,0,0,0,0,0,1,0,0,0,1,0,0,0,0,0,0,0,0,0,0
83845,0,0,0,0,0,0,0,0,0,0,0,0,1,0,0,0,1,0,0,0,0,0,0,0,0,0,0
83895,0,0,0,0,0,0,0,0,0,0,0,0,1,0,0,0,1,0,0,0,0,0,0,0,0,0,0
83945,0,0,0,0,0,0,0,0,0,0,0,0,1,0,0,0,1,0,0,0,0,0,0,0,0,0,0
83995,0,0,0,0,0,0,0,0,0,0,0,0,1,0,0,0,1,0,0,0,0,0,0,0,0,0,0
84045,0,0,0,0,0,0,0,0,0,0,0,0,1,0,0,0,1,0,0,0,0,0,0,0,0,0,0
84095,0,0,0,0,0,0,0,0,0,0,0,0,1,0,0,0,1,0,0,0,0,0,0,0,0,0,0
84145,0,0,0,0,0,0,0,0,0,0,0,0,1,0,0,0,1,0,0,0,0,0,0,0,0,0,0
84195,0,0,0,0,0,0,0,0,0,0,0,0,1,0,0,0,1,0,0,0,0,0,0,0,0,0,0
84245,0,0,0,0,0,0,0,0,0,0,0,0,1,0,0,0,1,0,0,0,0,0,0,0,0,0,0
84295,0,0,0,0,0,0,0,0,0,0,0,0,1,0,0,0,1,0,0,0,0,0,0,0,0,0,0
84345,0,0,0,0,0,0,0,0,0,0,0,0,1,0,0,0,1,0,0,0,0,0,0,0,0,0,0
84395,0,0,0,0,0,0,0,0,0,0,0,0,1,0,0,0,1,0,0,0,0,0,0,0,0,0,0
84445,0,0,0,0,0,0,0,0,0,0,0,0,1,0,0,0,1,0,0,0,0,0,0,0,0,0,0
84495,0,0,0,0,0,0,0,0,0,0,0,0,1,0,0,0,1,0,0,0,0,0,0,0,0,0,0
84545,0,0,0,0,0,0,0,0,0,0,0,0,1,0,0,0,1,0,0,0,0,0,0,0,0,0,0
84595,0,0,0,0,0,0,0,0,0,0,0,0,1,0,0,0,1,0,0,0,0,0,0,0,0,0,0
84645,0,0,0,0,0,0,0,0,0,0,0,0,1,0,0,0,1,0,0,0,0,0,0,0,0,0,0
84695,0,0,0,0,0,0,0,0,0,0,0,0,1,0,0,0,1,0,0,0,0,0,0,0,0,0,0
84745,0,0,0,0,0,0,0,0,0,0,0,0,1,0,0,0,1,0,0,0,0,0,0,0,0,0,0
84795,0,0,0,0,0,0,0,0,0,0,0,0,1,0,0,0,1,0,0,0,0,0,0,0,0,0,0
84845,0,0,0,0,0,0,0,0,0,0,0,0,1,0,0,0,1,0,0,0,0,0,0,0,0,0,0
84895,0,0,0,0,0,0,0,0,0,0,0,0,1,0,0,0,1,0,0,0,0,0,0,0,0,0,0
84945,0,0,0,0,0,0,0,0,0,0,0,0,1,0,0,0,1,0,0,0,0,0,0,0,0,0,0
84995,0,0,0,0,0,0,0,0,0,0,0,0,1,0,0,0,1,0,0,0,0,0,0,0,0,0,0
85045,0,0,0,0,0,0,0,0,0,0,0,0,1,0,0,0,1,0,0,0,0,0,0,0,0,0,0
85095,0,0,0,0,0,0,0,0,0,0,0,0,1,0,0,0,1,0,0,0,0,0,0,0,0,0,0
85145,0,0,0,0,0,0,0,0,0,0,0,0,1,0,0,0,1,0,0,0,0,0,0,0,0,0,0
85195,0,0,0,0,0,0,0,0,0,0,0,0,1,0,0,0,1,0,0,0,0,0,0,0,0,0,0
85245,0,0,0,0,0,0,0,0,0,0,0,0,1,0,0,0,1,0,0,0,0,0,0,0,0,0,0
85295,0,0,0,0,0,0,0,0,0,0,0,0,1,0,0,0,1,0,0,0,0,0,0,0,0,0,0
85345,0,0,0,0,0,0,0,0,0,0,0,0,1,0,0,0,1,0,0,0,0,0,0,0,0,0,0
85395,0,0,0,0,0,0,0,0,0,0,0,0,1,0,0,0,1,0,0,0,0,0,0,0,0,0,0
85445,0,0,0,0,0,0,0,0,0,0,0,0,1,0,0,0,1,0,0,0,0,0,0,0,0,0,0
85495,0,0,0,0,0,0,0,0,0,0,0,0,1,0,0,0,1,0,0,0,0,0,0,0,0,0,0
85545,0,0,0,0,0,0,0,0,0,0,0,0,1,0,0,0,1,0,0,0,0,0,0,0,0,0,0
85595,0,0,0,0,0,0,0,0,0,0,0,0,1,0,0,0,1,0,0,0,0,0,0,0,0,0,0
85645,0,0,0,0,0,0,0,0,0,0,0,0,1,0,0,0,1,0,0,0,0,0,0,0,0,0,0
85695,0,0,0,0,0,0,0,0,0,0,0,0,1,0,0,0,1,0,0,0,0,0,0,0,0,0,0
85745,0,0,0,0,0,0,0,0,0,0,0,0,1,0,0,0,1,0,0,0,0,0,0,0,0,0,0
85795,0,0,0,0,0,0,0,0,0,0,0,0,1,0,0,0,1,0,0,0,0,0,0,0,0,0,0
85845,0,0,0,0,0,0,0,0,0,0,0,0,1,0,0,0,1,0,0,0,0,0,0,0,0,0,0
85895,0,0,0,0,0,0,0,0,0,0,0,0,1,0,0,0,1,0,0,0,0,0,0,0,0,0,0
85945,0,0,0,0,0,0,0,0,0,0,0,0,1,0,0,0,1,0,0,0,0,0,0,0,0,0,0
85995,0,0,0,0,0,0,0,0,0,0,0,0,1,0,0,0,1,0,0,0,0,0,0,0,0,0,0
86045,0,0,0,0,0,0,0,0,0,0,0,0,1,0,0,0,1,0,0,0,0,0,0,0,0,0,0
86095,0,0,0,0,0,0,0,0,0,0,0,0,1,0,0,0,1,0,0,0,0,0,0,0,0,0,0
86145,0,0,0,0,0,0,0,0,0,0,0,0,1,0,0,0,1,0,0,0,0,0,0,0,0,0,0
86195,0,0,0,0,0,0,0,0,0,0,0,0,1,0,0,0,1,0,0,0,0,0,0,0,0,0,0
86245,0,0,0,0,0,0,0,0,0,0,0,0,1,0,0,0,1,0,0,0,0,0,0,0,0,0,0
86295,0,0,0,0,0,0,0,0,0,0,0,0,1,0,0,0,1,0,0,0,0,0,0,0,0,0,0
86345,0,0,0,0,0,0,0,0,0,0,0,0,1,0,0,0,1,0,0,0,0,0,0,0,0,0,0
86395,0,0,0,0,0,0,0,0,0,0,0,0,1,0,0,0,1,0,0,0,0,0,0,0,0,0,0
86445,0,0,0,0,0,0,0,0,0,0,0,0,1,0,0,0,1,0,0,0,0,0,0,0,0,0,0
86495,0,0,0,0,0,0,0,0,0,0,0,0,1,0,0,0,1,0,0,0,0,0,0,0,0,0,0
86545,0,0,0,0,0,0,0,0,0,0,0,0,1,0,0,0,1,0,0,0,0,0,0,0,0,0,0
86595,0,0,0,0,0,0,0,0,0,0,0,0,1,0,0,0,1,0,0,0,0,0,0,0,0,0,0
86645,0,0,0,0,0,0,0,0,0,0,0,0,1,0,0,0,1,0,0,0,0,0,0,0,0,0,0
86695,0,0,0,0,0,0,0,0,0,0,0,0,1,0,0,0,1,0,0,0,0,0,0,0,0,0,0
86745,0,0,0,0,0,0,0,0,0,0,0,0,1,0,0,0,1,0,0,0,0,0,0,0,0,0,0
86795,0,0,0,0,0,0,0,0,0,0,0,0,1,0,0,0,1,0,0,0,0,0,0,0,0,0,0
86845,0,0,0,0,0,0,0,0,0,0,0,0,1,0,0,0,1,0,0,0,0,0,0,0,0,0,0
86895,0,0,0,0,0,0,0,0,0,0,0,0,1,0,0,0,1,0,0,0,0,0,0,0,0,0,0
86945,0,0,0,0,0,0,0,0,0,0,0,0,1,0,0,0,1,0,0,0,0,0,0,0,0,0,0
86995,0,0,0,0,0,0,0,0,0,0,0,0,1,0,0,0,1,0,0,0,0,0,0,0,0,0,0
87045,0,0,0,0,0,0,0,0,0,0,0,0,1,0,0,0,1,0,0,0,0,0,0,0,0,0,0
87095,0,0,0,0,0,0,0,0,0,0,0,0,1,0,0,0,1,0,0,0,0,0,0,0,0,0,0
87145,0,0,0,0,0,0,0,0,0,0,0,0,1,0,0,0,1,0,0,0,0,0,0,0,0,0,0
87195,0,0,0,0,0,0,0,0,0,0,0,0,1,0,0,0,1,0,0,0,0,0,0,0,0,0,0
87245,0,0,0,0,0,0,0,0,0,0,0,0,1,0,0,0,1,0,0,0,0,0,0,0,0,0,0
87295,0,0,0,0,0,0,0,0,0,0,0,0,1,0,0,0,1,0,0,0,0,0,0,0,0,0,0
87345,0,0,0,0,0,0,0,0,0,0,0,0,1,0,0,0,1,0,0,0,0,0,0,0,0,0,0
87395,0,0,0,0,0,0,0,0,0,0,0,0,1,0,0,0,1,0,0,0,0,0,0,0,0,0,0
87445,0,0,0,0,0,0,0,0,0,0,0,0,1,0,0,0,1,0,0,0,0,0,0,0,0,0,0
87495,0,0,0,0,0,0,0,0,0,0,0,0,1,0,0,0,1,0,0,0,0,0,0,0,0,0,0
87545,0,0,0,0,0,0,0,0,0,0,0,0,1,0,0,0,1,0,0,0,0,0,0,0,0,0,0
87595,0,0,0,0,0,0,0,0,0,0,0,0,1,0,0,0,1,0,0,0,0,0,0,0,0,0,0
87645,0,0,0,0,0,0,0,0,0,0,0,0,1,0,0,0,1,0,0,0,0,0,0,0,0,0,0
87695,0,0,0,0,0,0,0,0,0,0,0,0,1,0,0,0,1,0,0,0,0,0,0,0,0,0,0
87745,0,0,0,0,0,0,0,0,0,0,0,0,1,0,0,0,1,0,0,0,0,0,0,0,0,0,0
87795,0,0,0,0,0,0,0,0,0,0,0,0,1,0,0,0,1,0,0,0,0,0,0,0,0,0,0
87845,0,0,0,0,0,0,0,0,0,0,0,0,1,0,0,0,1,0,0,0,0,0,0,0,0,0,0
87895,0,0,0,0,0,0,0,0,0,0,0,0,1,0,0,0,1,0,0,0,0,0,0,0,0,0,0
87945,0,0,0,0,0,0,0,0,0,0,0,0,1,0,0,0,1,0,0,0,0,0,0,0,0,0,0
87995,0,0,0,0,0,0,0,0,0,0,0,0,1,0,0,0,1,0,0,0,0,0,0,0,0,0,0
88045,0,0,0,0,0,0,0,0,0,0,0,0,1,0,0,0,1,0,0,0,0,0,0,0,0,0,0
88095,0,0,0,0,0,0,0,0,0,0,0,0,1,0,0,0,1,0,0,0,0,0,0,0,0,0,0
88145,0,0,0,0,0,0,0,0,0,0,0,0,1,0,0,0,1,0,0,0,0,0,0,0,0,0,0
88195,0,0,0,0,0,0,0,0,0,0,0,0,1,0,0,0,1,0,0,0,0,0,0,0,0,0,0
88245,0,0,0,0,0,0,0,0,0,0,0,0,1,0,0,0,1,0,0,0,0,0,0,0,0,0,0
88295,0,0,0,0,0,0,0,0,0,0,0,0,1,0,0,0,1,0,0,0,0,0,0,0,0,0,0
88345,0,0,0,0,0,0,0,0,0,0,0,0,1,0,0,0,1,0,0,0,0,0,0,0,0,0,0
88395,0,0,0,0,0,0,0,0,0,0,0,0,1,0,0,0,1,0,0,0,0,0,0,0,0,0,0
88445,0,0,0,0,0,0,0,0,0,0,0,0,1,0,0,0,1,0,0,0,0,0,0,0,0,0,0
88495,0,0,0,0,0,0,0,0,0,0,0,0,1,0,0,0,1,0,0,0,0,0,0,0,0,0,0
88545,0,0,0,0,0,0,0,0,0,0,0,0,1,0,0,0,1,0,0,0,0,0,0,0,0,0,0
88595,0,0,0,0,0,0,0,0,0,0,0,0,1,0,0,0,1,0,0,0,0,0,0,0,0,0,0
88645,0,0,0,0,0,0,0,0,0,0,0,0,1,0,0,0,1,0,0,0,0,0,0,0,0,0,0
88695,0,0,0,0,0,0,0,0,0,0,0,0,1,0,0,0,1,0,0,0,0,0,0,0,0,0,0
88745,0,0,0,0,0,0,0,0,0,0,0,0,1,0,0,0,1,0,0,0,0,0,0,0,0,0,0
88795,0,0,0,0,0,0,0,0,0,0,0,0,1,0,0,0,1,0,0,0,0,0,0,0,0,0,0
88845,0,0,0,0,0,0,0,0,0,0,0,0,1,0,0,0,1,0,0,0,0,0,0,0,0,0,0
88895,0,0,0,0,0,0,0,0,0,0,0,0,1,0,0,0,1,0,0,0,0,0,0,0,0,0,0
88945,0,0,0,0,0,0,0,0,0,0,0,0,1,0,0,0,1,0,0,0,0,0,0,0,0,0,0
88995,0,0,0,0,0,0,0,0,0,0,0,0,1,0,0,0,1,0,0,0,0,0,0,0,0,0,0
89045,0,0,0,0,0,0,0,0,0,0,0,0,1,0,0,0,1,0,0,0,0,0,0,0,0,0,0
89095,0,0,0,0,0,0,0,0,0,0,0,0,1,0,0,0,1,0,0,0,0,0,0,0,0,0,0
89145,0,0,0,0,0,0,0,0,0,0,0,0,1,0,0,0,1,0,0,0,0,0,0,0,0,0,0
89195,0,0,0,0,0,0,0,0,0,0,0,0,1,0,0,0,1,0,0,0,0,0,0,0,0,0,0
89245,0,0,0,0,0,0,0,0,0,0,0,0,1,0,0,0,1,0,0,0,0,0,0,0,0,0,0
89295,0,0,0,0,0,0,0,0,0,0,0,0,1,0,0,0,1,0,0,0,0,0,0,0,0,0,0
89345,0,0,0,0,0,0,0,0,0,0,0,0,1,0,0,0,1,0,0,0,0,0,0,0,0,0,0
89395,0,0,0,0,0,0,0,0,0,0,0,0,1,0,0,0,1,0,0,0,0,0,0,0,0,0,0
89445,0,0,0,0,0,0,0,0,0,0,0,0,1,0,0,0,1,0,0,0,0,0,0,0,0,0,0
89495,0,0,0,0,0,0,0,0,0,0,0,0,1,0,0,0,1,0,0,0,0,0,0,0,0,0,0
89545,0,0,0,0,0,0,0,0,0,0,0,0,1,0,0,0,1,0,0,0,0,0,0,0,0,0,0
89595,0,0,0,0,0,0,0,0,0,0,0,0,1,0,0,0,1,0,0,0,0,0,0,0,0,0,0
89645,0,0,0,0,0,0,0,0,0,0,0,0,1,0,0,0,1,0,0,0,0,0,0,0,0,0,0
89695,0,0,0,0,0,0,0,0,0,0,0,0,1,0,0,0,1,0,0,0,0,0,0,0,0,0,0
89745,0,0,0,0,0,0,0,0,0,0,0,0,1,0,0,0,1,0,0,0,0,0,0,0,0,0,0
89795,0,0,0,0,0,0,0,0,0,0,0,0,1,0,0,0,1,0,0,0,0,0,0,0,0,0,0
89845,0,0,0,0,0,0,0,0,0,0,0,0,1,0,0,0,1,0,0,0,0,0,0,0,0,0,0
89895,0,0,0,0,0,0,0,0,0,0,0,0,1,0,0,0,1,0,0,0,0,0,0,0,0,0,0
89945,0,0,0,0,0,0,0,0,0,0,0,0,1,0,0,0,1,0,0,0,0,0,0,0,0,0,0
89995,0,0,0,0,0,0,0,0,0,0,0,0,1,0,0,0,1,0,0,0,0,0,0,0,0,0,0
90045,0,0,0,0,0,0,0,0,0,0,0,0,1,0,0,0,1,0,0,0,0,0,0,0,0,0,0
90095,0,0,0,0,0,0,0,0,0,0,0,0,1,0,0,0,1,0,0,0,0,0,0,0,0,0,0
90145,0,0,0,0,0,0,0,0,0,0,0,0,1,0,0,0,1,0,0,0,0,0,0,0,0,0,0
90195,0,0,0,0,0,0,0,0,0,0,0,0,1,0,0,0,1,0,0,0,0,0,0,0,0,0,0
90245,0,0,0,0,0,0,0,0,0,0,0,0,1,0,0,0,1,0,0,0,0,0,0,0,0,0,0
90295,0,0,0,0,0,0,0,0,0,0,0,0,1,0,0,0,1,0,0,0,0,0,0,0,0,0,0
90345,0,0,0,0,0,0,0,0,0,0,0,0,1,0,0,0,1,0,0,0,0,0,0,0,0,0,0
90395,0,0,0,0,0,0,0,0,0,0,0,0,1,0,0,0,1,0,0,0,0,0,0,0,0,0,0
90445,0,0,0,0,0,0,0,0,0,0,0,0,1,0,0,0,1,0,0,0,0,0,0,0,0,0,0
90495,0,0,0,0,0,0,0,0,0,0,0,0,1,0,0,0,1,0,0,0,0,0,0,0,0,0,0
90545,0,0,0,0,0,0,0,0,0,0,0,0,1,0,0,0,1,0,0,0,0,0,0,0,0,0,0
90595,0,0,0,0,0,0,0,0,0,0,0,0,1,0,0,0,1,0,0,0,0,0,0,0,0,0,0
90645,0,0,0,0,0,0,0,0,0,0,0,0,1,0,0,0,1,0,0,0,0,0,0,0,0,0,0
90695,0,0,0,0,0,0,0,0,0,0,0,0,1,0,0,0,1,0,0,0,0,0,0,0,0,0,0
90745,0,0,0,0,0,0,0,0,0,0,0,0,1,0,0,0,1,0,0,0,0,0,0,0,0,0,0
90795,0,0,0,0,0,0,0,0,0,0,0,0,1,0,0,0,1,0,0,0,0,0,0,0,0,0,0
90845,0,0,0,0,0,0,0,0,0,0,0,0,1,0,0,0,1,0,0,0,0,0,0,0,0,0,0
90895,0,0,0,0,0,0,0,0,0,0,0,0,1,0,0,0,1,0,0,0,0,0,0,0,0,0,0
90945,0,0,0,0,0,0,0,0,0,0,0,0,1,0,0,0,1,0,0,0,0,0,0,0,0,0,0
90995,0,0,0,0,0,0,0,0,0,0,0,0,1,0,0,0,1,0,0,0,0,0,0,0,0,0,0
91045,0,0,0,0,0,0,0,0,0,0,0,0,1,0,0,0,1,0,0,0,0,0,0,0,0,0,0
91095,0,0,0,0,0,0,0,0,0,0,0,0,1,0,0,0,1,0,0,0,0,0,0,0,0,0,0
91145,0,0,0,0,0,0,0,0,0,0,0,0,1,0,0,0,1,0,0,0,0,0,0,0,0,0,0
91195,0,0,0,0,0,0,0,0,0,0,0,0,1,0,0,0,1,0,0,0,0,0,0,0,0,0,0
91245,0,0,0,0,0,0,0,0,0,0,0,0,1,0,0,0,1,0,0,0,0,0,0,0,0,0,0
91295,0,0,0,0,0,0,0,0,0,0,0,0,1,0,0,0,1,0,0,0,0,0,0,0,0,0,0
91345,0,0,0,0,0,0,0,0,0,0,0,0,1,0,0,0,1,0,0,0,0,0,0,0,0,0,0
91395,0,0,0,0,0,0,0,0,0,0,0,0,1,0,0,0,1,0,0,0,0,0,0,0,0,0,0
91445,0,0,0,0,0,0,0,0,0,0,0,0,1,0,0,0,1,0,0,0,0,0,0,0,0,0,0
91495,0,0,0,0,0,0,0,0,0,0,0,0,1,0,0,0,1,0,0,0,0,0,0,0,0,0,0
91545,0,0,0,0,0,0,0,0,0,0,0,0,1,0,0,0,1,0,0,0,0,0,0,0,0,0,0
91595,0,0,0,0,0,0,0,0,0,0,0,0,1,0,0,0,1,0,0,0,0,0,0,0,0,0,0
91645,0,0,0,0,0,0,0,0,0,0,0,0,1,0,0,0,1,0,0,0,0,0,0,0,0,0,0
91695,0,0,0,0,0,0,0,0,0,0,0,0,1,0,0,0,1,0,0,0,0,0,0,0,0,0,0
91745,0,0,0,0,0,0,0,0,0,0,0,0,1,0,0,0,1,0,0,0,0,0,0,0,0,0,0
91795,0,0,0,0,0,0,0,0,0,0,0,0,1,0,0,0,1,0,0,0,0,0,0,0,0,0,0
91845,0,0,0,0,0,0,0,0,0,0,0,0,1,0,0,0,1,0,0,0,0,0,0,0,0,0,0
91895,0,0,0,0,0,0,0,0,0,0,0,0,1,0,0,0,1,0,0,0,0,0,0,0,0,0,0
91945,0,0,0,0,0,0,0,0,0,0,0,0,1,0,0,0,1,0,0,0,0,0,0,0,0,0,0
91995,0,0,0,0,0,0,0,0,0,0,0,0,1,0,0,0,1,0,0,0,0,0,0,0,0,0,0
92045,0,0,0,0,0,0,0,0,0,0,0,0,1,0,0,0,1,0,0,0,0,0,0,0,0,0,0
92095,0,0,0,0,0,0,0,0,0,0,0,0,1,0,0,0,1,0,0,0,0,0,0,0,0,0,0
92145,0,0,0,0,0,0,0,0,0,0,0,0,1,0,0,0,1,0,0,0,0,0,0,0,0,0,0
92195,0,0,0,0,0,0,0,0,0,0,0,0,1,0,0,0,1,0,0,0,0,0,0,0,0,0,0
92245,0,0,0,0,0,0,0,0,0,0,0,0,1,0,0,0,1,0,0,0,0,0,0,0,0,0,0
92295,0,0,0,0,0,0,0,0,0,0,0,0,1,0,0,0,1,0,0,0,0,0,0,0,0,0,0
92345,0,0,0,0,0,0,0,0,0,0,0,0,1,0,0,0,1,0,0,0,0,0,0,0,0,0,0
92395,0,0,0,0,0,0,0,0,0,0,0,0,1,0,0,0,1,0,0,0,0,0,0,0,0,0,0
92445,0,0,0,0,0,0,0,0,0,0,0,0,1,0,0,0,1,0,0,0,0,0,0,0,0,0,0
92495,0,0,0,0,0,0,0,0,0,0,0,0,1,0,0,0,1,0,0,0,0,0,0,0,0,0,0
92545,0,0,0,0,0,0,0,0,0,0,0,0,1,0,0,0,1,0,0,0,0,0,0,0,0,0,0
92595,0,0,0,0,0,0,0,0,0,0,0,0,1,0,0,0,1,0,0,0,0,0,0,0,0,0,0
92645,0,0,0,0,0,0,0,0,0,0,0,0,1,0,0,0,1,0,0,0,0,0,0,0,0,0,0
92695,0,0,0,0,0,0,0,0,0,0,0,0,1,0,0,0,1,0,0,0,0,0,0,0,0,0,0
92745,0,0,0,0,0,0,0,0,0,0,0,0,1,0,0,0,1,0,0,0,0,0,0,0,0,0,0
92795,0,0,0,0,0,0,0,0,0,0,0,0,1,0,0,0,1,0,0,0,0,0,0,0,0,0,0
92845,0,0,0,0,0,0,0,0,0,0,0,0,1,0,0,0,1,0,0,0,0,0,0,0,0,0,0
92895,0,0,0,0,0,0,0,0,0,0,0,0,1,0,0,0,1,0,0,0,0,0,0,0,0,0,0
92945,0,0,0,0,0,0,0,0,0,0,0,0,1,0,0,0,1,0,0,0,0,0,0,0,0,0,0
92995,0,0,0,0,0,0,0,0,0,0,0,0,1,0,0,0,1,0,0,0,0,0,0,0,0,0,0
93045,0,0,0,0,0,0,0,0,0,0,0,0,1,0,0,0,1,0,0,0,0,0,0,0,0,0,0
93095,0,0,0,0,0,0,0,0,0,0,0,0,1,0,0,0,1,0,0,0,0,0,0,0,0,0,0
93145,0,0,0,0,0,0,0,0,0,0,0,0,1,0,0,0,1,0,0,0,0,0,0,0,0,0,0
93195,0,0,0,0,0,0,0,0,0,0,0,0,1,0,0,0,1,0,0,0,0,0,0,0,0,0,0
93245,0,0,0,0,0,0,0,0,0,0,0,0,1,0,0,0,1,0,0,0,0,0,0,0,0,0,0
93295,0,0,0,0,0,0,0,0,0,0,0,0,1,0,0,0,1,0,0,0,0,0,0,0,0,0,0
93345,0,0,0,0,0,0,0,0,0,0,0,0,1,0,0,0,1,0,0,0,0,0,0,0,0,0,0
93395,0,0,0,0,0,0,0,0,0,0,0,0,1,0,0,0,1,0,0,0,0,0,0,0,0,0,0
93445,0,0,0,0,0,0,0,0,0,0,0,0,1,0,0,0,1,0,0,0,0,0,0,0,0,0,0
93495,0,0,0,0,0,0,0,0,0,0,0,0,1,0,0,0,1,0,0,0,0,0,0,0,0,0,0
93545,0,0,0,0,0,0,0,0,0,0,0,0,1,0,0,0,1,0,0,0,0,0,0,0,0,0,0
93595,0,0,0,0,0,0,0,0,0,0,0,0,1,0,0,0,1,0,0,0,0,0,0,0,0,0,0
93645,0,0,0,0,0,0,0,0,0,0,0,0,1,0,0,0,1,0,0,0,0,0,0,0,0,0,0
93695,0,0,0,0,0,0,0,0,0,0,0,0,1,0,0,0,1,0,0,0,0,0,0,0,0,0,0
93745,0,0,0,0,0,0,0,0,0,0,0,0,1,0,0,0,1,0,0,0,0,0,0,0,0,0,0
93795,0,0,0,0,0,0,0,0,0,0,0,0,1,0,0,0,1,0,0,0,0,0,0,0,0,0,0
93845,0,0,0,0,0,0,0,0,0,0,0,0,1,0,0,0,1,0,0,0,0,0,0,0,0,0,0
93895,0,0,0,0,0,0,0,0,0,0,0,0,1,0,0,0,1,0,0,0,0,0,0,0,0,0,0
93945,0,0,0,0,0,0,0,0,0,0,0,0,1,0,0,0,1,0,0,0,0,0,0,0,0,0,0
93995,0,0,0,0,0,0,0,0,0,0,0,0,1,0,0,0,1,0,0,0,0,0,0,0,0,0,0
94045,0,0,0,0,0,0,0,0,0,0,0,0,1,0,0,0,1,0,0,0,0,0,0,0,0,0,0
94095,0,0,0,0,0,0,0,0,0,0,0,0,1,0,0,0,1,0,0,0,0,0,0,0,0,0,0
94145,0,0,0,0,0,0,0,0,0,0,0,0,1,0,0,0,1,0,0,0,0,0,0,0,0,0,0
94195,0,0,0,0,0,0,0,0,0,0,0,0,1,0,0,0,1,0,0,0,0,0,0,0,0,0,0
94245,0,0,0,0,0,0,0,0,0,0,0,0,1,0,0,0,1,0,0,0,0,0,0,0,0,0,0
94295,0,0,0,0,0,0,0,0,0,0,0,0,1,0,0,0,1,0,0,0,0,0,0,0,0,0,0
94345,0,0,0,0,0,0,0,0,0,0,0,0,1,0,0,0,1,0,0,0,0,0,0,0,0,0,0
94395,0,0,0,0,0,0,0,0,0,0,0,0,1,0,0,0,1,0,0,0,0,0,0,0,0,0,0
94445,0,0,0,0,0,0,0,0,0,0,0,0,1,0,0,0,1,0,0,0,0,0,0,0,0,0,0
94495,0,0,0,0,0,0,0,0,0,0,0,0,1,0,0,0,1,0,0,0,0,0,0,0,0,0,0
94545,0,0,0,0,0,0,0,0,0,0,0,0,1,0,0,0,1,0,0,0,0,0,0,0,0,0,0
94595,0,0,0,0,0,0,0,0,0,0,0,0,1,0,0,0,1,0,0,0,0,0,0,0,0,0,0
94645,0,0,0,0,0,0,0,0,0,0,0,0,1,0,0,0,1,0,0,0,0,0,0,0,0,0,0
94695,0,0,0,0,0,0,0,0,0,0,0,0,1,0,0,0,1,0,0,0,0,0,0,0,0,0,0
94745,0,0,0,0,0,0,0,0,0,0,0,0,1,0,0,0,1,0,0,0,0,0,0,0,0,0,0
94795,0,0,0,0,0,0,0,0,0,0,0,0,1,0,0,0,1,0,0,0,0,0,0,0,0,0,0
94845,0,0,0,0,0,0,0,0,0,0,0,0,1,0,0,0,1,0,0,0,0,0,0,0,0,0,0
94895,0,0,0,0,0,0,0,0,0,0,0,0,1,0,0,0,1,0,0,0,0,0,0,0,0,0,0
94945,0,0,0,0,0,0,0,0,0,0,0,0,1,0,0,0,1,0,0,0,0,0,0,0,0,0,0
94995,0,0,0,0,0,0,0,0,0,0,0,0,1,0,0,0,1,0,0,0,0,0,0,0,0,0,0
95045,0,0,0,0,0,0,0,0,0,0,0,0,1,0,0,0,1,0,0,0,0,0,0,0,0,0,0
95095,0,0,0,0,0,0,0,0,0,0,0,0,1,0,0,0,1,0,0,0,0,0,0,0,0,0,0
95145,0,0,0,0,0,0,0,0,0,0,0,0,1,0,0,0,1,0,0,0,0,0,0,0,0,0,0
95195,0,0,0,0,0,0,0,0,0,0,0,0,1,0,0,0,1,0,0,0,0,0,0,0,0,0,0
95245,0,0,0,0,0,0,0,0,0,0,0,0,1,0,0,0,1,0,0,0,0,0,0,0,0,0,0
95295,0,0,0,0,0,0,0,0,0,0,0,0,1,0,0,0,1,0,0,0,0,0,0,0,0,0,0
95345,0,0,0,0,0,0,0,0,0,0,0,0,1,0,0,0,1,0,0,0,0,0,0,0,0,0,0
95395,0,0,0,0,0,0,0,0,0,0,0,0,1,0,0,0,1,0,0,0,0,0,0,0,0,0,0
95445,0,0,0,0,0,0,0,0,0,0,0,0,1,0,0,0,1,0,0,0,0,0,0,0,0,0,0
95495,0,0,0,0,0,0,0,0,0,0,0,0,1,0,0,0,1,0,0,0,0,0,0,0,0,0,0
95545,0,0,0,0,0,0,0,0,0,0,0,0,1,0,0,0,1,0,0,0,0,0,0,0,0,0,0
95595,0,0,0,0,0,0,0,0,0,0,0,0,1,0,0,0,1,0,0,0,0,0,0,0,0,0,0
95645,0,0,0,0,0,0,0,0,0,0,0,0,1,0,0,0,1,0,0,0,0,0,0,0,0,0,0
95695,0,0,0,0,0,0,0,0,0,0,0,0,1,0,0,0,1,0,0,0,0,0,0,0,0,0,0
95745,0,0,0,0,0,0,0,0,0,0,0,0,1,0,0,0,1,0,0,0,0,0,0,0,0,0,0
95795,0,0,0,0,0,0,0,0,0,0,0,0,1,0,0,0,1,0,0,0,0,0,0,0,0,0,0
95845,0,0,0,0,0,0,0,0,0,0,0,0,1,0,0,0,1,0,0,0,0,0,0,0,0,0,0
95895,0,0,0,0,0,0,0,0,0,0,0,0,1,0,0,0,1,0,0,0,0,0,0,0,0,0,0
95945,0,0,0,0,0,0,0,0,0,0,0,0,1,0,0,0,1,0,0,0,0,0,0,0,0,0,0
95995,0,0,0,0,0,0,0,0,0,0,0,0,1,0,0,0,1,0,0,0,0,0,0,0,0,0,0
96045,0,0,0,0,0,0,0,0,0,0,0,0,1,0,0,0,1,0,0,0,0,0,0,0,0,0,0
96095,0,0,0,0,0,0,0,0,0,0,0,0,1,0,0,0,1,0,0,0,0,0,0,0,0,0,0
96145,0,0,0,0,0,0,0,0,0,0,0,0,1,0,0,0,1,0,0,0,0,0,0,0,0,0,0
96195,0,0,0,0,0,0,0,0,0,0,0,0,1,0,0,0,1,0,0,0,0,0,0,0,0,0,0
96245,0,0,0,0,0,0,0,0,0,0,0,0,1,0,0,0,1,0,0,0,0,0,0,0,0,0,0
96295,0,0,0,0,0,0,0,0,0,0,0,0,1,0,0,0,1,0,0,0,0,0,0,0,0,0,0
96345,0,0,0,0,0,0,0,0,0,0,0,0,1,0,0,0,1,0,0,0,0,0,0,0,0,0,0
96395,0,0,0,0,0,0,0,0,0,0,0,0,1,0,0,0,1,0,0,0,0,0,0,0,0,0,0
96445,0,0,0,0,0,0,0,0,0,0,0,0,1,0,0,0,1,0,0,0,0,0,0,0,0,0,0
96495,0,0,0,0,0,0,0,0,0,0,0,0,1,0,0,0,1,0,0,0,0,0,0,0,0,0,0
96545,0,0,0,0,0,0,0,0,0,0,0,0,1,0,0,0,1,0,0,0,0,0,0,0,0,0,0
96595,0,0,0,0,0,0,0,0,0,0,0,0,1,0,0,0,1,0,0,0,0,0,0,0,0,0,0
96645,0,0,0,0,0,0,0,0,0,0,0,0,1,0,0,0,1,0,0,0,0,0,0,0,0,0,0
96695,0,0,0,0,0,0,0,0,0,0,0,0,1,0,0,0,1,0,0,0,0,0,0,0,0,0,0
96745,0,0,0,0,0,0,0,0,0,0,0,0,1,0,0,0,1,0,0,0,0,0,0,0,0,0,0
96795,0,0,0,0,0,0,0,0,0,0,0,0,1,0,0,0,1,0,0,0,0,0,0,0,0,0,0
96845,0,0,0,0,0,0,0,0,0,0,0,0,1,0,0,0,1,0,0,0,0,0,0,0,0,0,0
96895,0,0,0,0,0,0,0,0,0,0,0,0,1,0,0,0,1,0,0,0,0,0,0,0,0,0,0
96945,0,0,0,0,0,0,0,0,0,0,0,0,1,0,0,0,1,0,0,0,0,0,0,0,0,0,0
96995,0,0,0,0,0,0,0,0,0,0,0,0,1,0,0,0,1,0,0,0,0,0,0,0,0,0,0
97045,0,0,0,0,0,0,0,0,0,0,0,0,1,0,0,0,1,0,0,0,0,0,0,0,0,0,0
97095,0,0,0,0,0,0,0,0,0,0,0,0,1,0,0,0,1,0,0,0,0,0,0,0,0,0,0
97145,0,0,0,0,0,0,0,0,0,0,0,0,1,0,0,0,1,0,0,0,0,0,0,0,0,0,0
97195,0,0,0,0,0,0,0,0,0,0,0,0,1,0,0,0,1,0,0,0,0,0,0,0,0,0,0
97245,0,0,0,0,0,0,0,0,0,0,0,0,1,0,0,0,1,0,0,0,0,0,0,0,0,0,0
97295,0,0,0,0,0,0,0,0,0,0,0,0,1,0,0,0,1,0,0,0,0,0,0,0,0,0,0
97345,0,0,0,0,0,0,0,0,0,0,0,0,1,0,0,0,1,0,0,0,0,0,0,0,0,0,0
97395,0,0,0,0,0,0,0,0,0,0,0,0,1,0,0,0,1,0,0,0,0,0,0,0,0,0,0
97445,0,0,0,0,0,0,0,0,0,0,0,0,1,0,0,0,1,0,0,0,0,0,0,0,0,0,0
97495,0,0,0,0,0,0,0,0,0,0,0,0,1,0,0,0,1,0,0,0,0,0,0,0,0,0,0
97545,0,0,0,0,0,0,0,0,0,0,0,0,1,0,0,0,1,0,0,0,0,0,0,0,0,0,0
97595,0,0,0,0,0,0,0,0,0,0,0,0,1,0,0,0,1,0,0,0,0,0,0,0,0,0,0
97645,0,0,0,0,0,0,0,0,0,0,0,0,1,0,0,0,1,0,0,0,0,0,0,0,0,0,0
97695,0,0,0,0,0,0,0,0,0,0,0,0,1,0,0,0,1,0,0,0,0,0,0,0,0,0,0
97745,0,0,0,0,0,0,0,0,0,0,0,0,1,0,0,0,1,0,0,0,0,0,0,0,0,0,0
97795,0,0,0,0,0,0,0,0,0,0,0,0,1,0,0,0,1,0,0,0,0,0,0,0,0,0,0
97845,0,0,0,0,0,0,0,0,0,0,0,0,1,0,0,0,1,0,0,0,0,0,0,0,0,0,0
97895,0,0,0,0,0,0,0,0,0,0,0,0,1,0,0,0,1,0,0,0,0,0,0,0,0,0,0
97945,0,0,0,0,0,0,0,0,0,0,0,0,1,0,0,0,1,0,0,0,0,0,0,0,0,0,0
97995,0,0,0,0,0,0,0,0,0,0,0,0,1,0,0,0,1,0,0,0,0,0,0,0,0,0,0
98045,0,0,0,0,0,0,0,0,0,0,0,0,1,0,0,0,1,0,0,0,0,0,0,0,0,0,0
98095,0,0,0,0,0,0,0,0,0,0,0,0,1,0,0,0,1,0,0,0,0,0,0,0,0,0,0
98145,0,0,0,0,0,0,0,0,0,0,0,0,1,0,0,0,1,0,0,0,0,0,0,0,0,0,0
98195,0,0,0,0,0,0,0,0,0,0,0,0,1,0,0,0,1,0,0,0,0,0,0,0,0,0,0
98245,0,0,0,0,0,0,0,0,0,0,0,0,1,0,0,0,1,0,0,0,0,0,0,0,0,0,0
98295,0,0,0,0,0,0,0,0,0,0,0,0,1,0,0,0,1,0,0,0,0,0,0,0,0,0,0
98345,0,0,0,0,0,0,0,0,0,0,0,0,1,0,0,0,1,0,0,0,0,0,0,0,0,0,0
98395,0,0,0,0,0,0,0,0,0,0,0,0,1,0,0,0,1,0,0,0,0,0,0,0,0,0,0
98445,0,0,0,0,0,0,0,0,0,0,0,0,1,0,0,0,1,0,0,0,0,0,0,0,0,0,0
98495,0,0,0,0,0,0,0,0,0,0,0,0,1,0,0,0,1,0,0,0,0,0,0,0,0,0,0
98545,0,0,0,0,0,0,0,0,0,0,0,0,1,0,0,0,1,0,0,0,0,0,0,0,0,0,0
98595,0,0,0,0,0,0,0,0,0,0,0,0,1,0,0,0,1,0,0,0,0,0,0,0,0,0,0
98645,0,0,0,0,0,0,0,0,0,0,0,0,1,0,0,0,1,0,0,0,0,0,0,0,0,0,0
98695,0,0,0,0,0,0,0,0,0,0,0,0,1,0,0,0,1,0,0,0,0,0,0,0,0,0,0
98745,0,0,0,0,0,0,0,0,0,0,0,0,1,0,0,0,1,0,0,0,0,0,0,0,0,0,0
98795,0,0,0,0,0,0,0,0,0,0,0,0,1,0,0,0,1,0,0,0,0,0,0,0,0,0,0
98845,0,0,0,0,0,0,0,0,0,0,0,0,1,0,0,0,1,0,0,0,0,0,0,0,0,0,0
98895,0,0,0,0,0,0,0,0,0,0,0,0,1,0,0,0,1,0,0,0,0,0,0,0,0,0,0
98945,0,0,0,0,0,0,0,0,0,0,0,0,1,0,0,0,1,0,0,0,0,0,0,0,0,0,0
98995,0,0,0,0,0,0,0,0,0,0,0,0,1,0,0,0,1,0,0,0,0,0,0,0,0,0,0
99045,0,0,0,0,0,0,0,0,0,0,0,0,1,0,0,0,1,0,0,0,0,0,0,0,0,0,0
99095,0,0,0,0,0,0,0,0,0,0,0,0,1,0,0,0,1,0,0,0,0,0,0,0,0,0,0
99145,0,0,0,0,0,0,0,0,0,0,0,0,1,0,0,0,1,0,0,0,0,0,0,0,0,0,0
99195,0,0,0,0,0,0,0,0,0,0,0,0,1,0,0,0,1,0,0,0,0,0,0,0,0,0,0
99245,0,0,0,0,0,0,0,0,0,0,0,0,1,0,0,0,1,0,0,0,0,0,0,0,0,0,0
99295,0,0,0,0,0,0,0,0,0,0,0,0,1,0,0,0,1,0,0,0,0,0,0,0,0,0,0
99345,0,0,0,0,0,0,0,0,0,0,0,0,1,0,0,0,1,0,0,0,0,0,0,0,0,0,0
99395,0,0,0,0,0,0,0,0,0,0,0,0,1,0,0,0,1,0,0,0,0,0,0,0,0,0,0
99445,0,0,0,0,0,0,0,0,0,0,0,0,1,0,0,0,1,0,0,0,0,0,0,0,0,0,0
99495,0,0,0,0,0,0,0,0,0,0,0,0,1,0,0,0,1,0,0,0,0,0,0,0,0,0,0
99545,0,0,0,0,0,0,0,0,0,0,0,0,1,0,0,0,1,0,0,0,0,0,0,0,0,0,0
99595,0,0,0,0,0,0,0,0,0,0,0,0,1,0,0,0,1,0,0,0,0,0,0,0,0,0,0
99645,0,0,0,0,0,0,0,0,0,0,0,0,1,0,0,0,1,0,0,0,0,0,0,0,0,0,0
99695,0,0,0,0,0,0,0,0,0,0,0,0,1,0,0,0,1,0,0,0,0,0,0,0,0,0,0
99745,0,0,0,0,0,0,0,0,0,0,0,0,1,0,0,0,1,0,0,0,0,0,0,0,0,0,0
99795,0,0,0,0,0,0,0,0,0,0,0,0,1,0,0,0,1,0,0,0,0,0,0,0,0,0,0
99845,0,0,0,0,0,0,0,0,0,0,0,0,1,0,0,0,1,0,0,0,0,0,0,0,0,0,0
99895,0,0,0,0,0,0,0,0,0,0,0,0,1,0,0,0,1,0,0,0,0,0,0,0,0,0,0
99945,0,0,0,0,0,0,0,0,0,0,0,0,1,0,0,0,1,0,0,0,0,0,0,0,0,0,0
99995,0,0,0,0,0,0,0,0,0,0,0,0,1,0,0,0,1,0,0,0,0,0,0,0,0,0,0
100045,0,0,0,0,0,0,0,0,0,0,0,0,1,0,0,0,1,0,0,0,0,0,0,0,0,0,0
100095,0,0,0,0,0,0,0,0,0,0,0,0,1,0,0,0,1,0,0,0,0,0,0,0,0,0,0
100145,0,0,0,0,0,0,0,0,0,0,0,0,1,0,0,0,1,0,0,0,0,0,0,0,0,0,0
100195,0,0,0,0,0,0,0,0,0,0,0,0,1,0,0,0,1,0,0,0,0,0,0,0,0,0,0
100245,0,0,0,0,0,0,0,0,0,0,0,0,1,0,0,0,1,0,0,0,0,0,0,0,0,0,0
100295,0,0,0,0,0,0,0,0,0,0,0,0,1,0,0,0,1,0,0,0,0,0,0,0,0,0,0
100345,0,0,0,0,0,0,0,0,0,0,0,0,1,0,0,0,1,0,0,0,0,0,0,0,0,0,0
100395,0,0,0,0,0,0,0,0,0,0,0,0,1,0,0,0,1,0,0,0,0,0,0,0,0,0,0
100445,0,0,0,0,0,0,0,0,0,0,0,0,1,0,0,0,1,0,0,0,0,0,0,0,0,0,0
100495,0,0,0,0,0,0,0,0,0,0,0,0,1,0,0,0,1,0,0,0,0,0,0,0,0,0,0
100545,0,0,0,0,0,0,0,0,0,0,0,0,1,0,0,0,1,0,0,0,0,0,0,0,0,0,0
100595,0,0,0,0,0,0,0,0,0,0,0,0,1,0,0,0,1,0,0,0,0,0,0,0,0,0,0
100645,0,0,0,0,0,0,0,0,0,0,0,0,1,0,0,0,1,0,0,0,0,0,0,0,0,0,0
100695,0,0,0,0,0,0,0,0,0,0,0,0,1,0,0,0,1,0,0,0,0,0,0,0,0,0,0
100745,0,0,0,0,0,0,0,0,0,0,0,0,1,0,0,0,1,0,0,0,0,0,0,0,0,0,0
100795,0,0,0,0,0,0,0,0,0,0,0,0,1,0,0,0,1,0,0,0,0,0,0,0,0,0,0
100845,0,0,0,0,0,0,0,0,0,0,0,0,1,0,0,0,1,0,0,0,0,0,0,0,0,0,0
100895,0,0,0,0,0,0,0,0,0,0,0,0,1,0,0,0,1,0,0,0,0,0,0,0,0,0,0
100945,0,0,0,0,0,0,0,0,0,0,0,0,1,0,0,0,1,0,0,0,0,0,0,0,0,0,0
100995,0,0,0,0,0,0,0,0,0,0,0,0,1,0,0,0,1,0,0,0,0,0,0,0,0,0,0
101045,0,0,0,0,0,0,0,0,0,0,0,0,1,0,0,0,1,0,0,0,0,0,0,0,0,0,0
101095,0,0,0,0,0,0,0,0,0,0,0,0,1,0,0,0,1,0,0,0,0,0,0,0,0,0,0
101145,0,0,0,0,0,0,0,0,0,0,0,0,1,0,0,0,1,0,0,0,0,0,0,0,0,0,0
101195,0,0,0,0,0,0,0,0,0,0,0,0,1,0,0,0,1,0,0,0,0,0,0,0,0,0,0
101245,0,0,0,0,0,0,0,0,0,0,0,0,1,0,0,0,1,0,0,0,0,0,0,0,0,0,0
101295,0,0,0,0,0,0,0,0,0,0,0,0,1,0,0,0,1,0,0,0,0,0,0,0,0,0,0
101345,0,0,0,0,0,0,0,0,0,0,0,0,1,0,0,0,1,0,0,0,0,0,0,0,0,0,0
101395,0,0,0,0,0,0,0,0,0,0,0,0,1,0,0,0,1,0,0,0,0,0,0,0,0,0,0
101445,0,0,0,0,0,0,0,0,0,0,0,0,1,0,0,0,1,0,0,0,0,0,0,0,0,0,0
101495,0,0,0,0,0,0,0,0,0,0,0,0,1,0,0,0,1,0,0,0,0,0,0,0,0,0,0
101545,0,0,0,0,0,0,0,0,0,0,0,0,1,0,0,0,1,0,0,0,0,0,0,0,0,0,0
101595,0,0,0,0,0,0,0,0,0,0,0,0,1,0,0,0,1,0,0,0,0,0,0,0,0,0,0
101645,0,0,0,0,0,0,0,0,0,0,0,0,1,0,0,0,1,0,0,0,0,0,0,0,0,0,0
101695,0,0,0,0,0,0,0,0,0,0,0,0,1,0,0,0,1,0,0,0,0,0,0,0,0,0,0
101745,0,0,0,0,0,0,0,0,0,0,0,0,1,0,0,0,1,0,0,0,0,0,0,0,0,0,0
101795,0,0,0,0,0,0,0,0,0,0,0,0,1,0,0,0,1,0,0,0,0,0,0,0,0,0,0
101845,0,0,0,0,0,0,0,0,0,0,0,0,1,0,0,0,1,0,0,0,0,0,0,0,0,0,0
101895,0,0,0,0,0,0,0,0,0,0,0,0,1,0,0,0,1,0,0,0,0,0,0,0,0,0,0
101945,0,0,0,0,0,0,0,0,0,0,0,0,1,0,0,0,1,0,0,0,0,0,0,0,0,0,0
101995,0,0,0,0,0,0,0,0,0,0,0,0,1,0,0,0,1,0,0,0,0,0,0,0,0,0,0
102045,0,0,0,0,0,0,0,0,0,0,0,0,1,0,0,0,1,0,0,0,0,0,0,0,0,0,0
102095,0,0,0,0,0,0,0,0,0,0,0,0,1,0,0,0,1,0,0,0,0,0,0,0,0,0,0
102145,0,0,0,0,0,0,0,0,0,0,0,0,1,0,0,0,1,0,0,0,0,0,0,0,0,0,0
102195,0,0,0,0,0,0,0,0,0,0,0,0,1,0,0,0,1,0,0,0,0,0,0,0,0,0,0
102245,0,0,0,0,0,0,0,0,0,0,0,0,1,0,0,0,1,0,0,0,0,0,0,0,0,0,0
102295,0,0,0,0,0,0,0,0,0,0,0,0,1,0,0,0,1,0,0,0,0,0,0,0,0,0,0
102345,0,0,0,0,0,0,0,0,0,0,0,0,1,0,0,0,1,0,0,0,0,0,0,0,0,0,0
102395,0,0,0,0,0,0,0,0,0,0,0,0,1,0,0,0,1,0,0,0,0,0,0,0,0,0,0
102445,0,0,0,0,0,0,0,0,0,0,0,0,1,0,0,0,1,0,0,0,0,0,0,0,0,0,0
102495,0,0,0,0,0,0,0,0,0,0,0,0,1,0,0,0,1,0,0,0,0,0,0,0,0,0,0
102545,0,0,0,0,0,0,0,0,0,0,0,0,1,0,0,0,1,0,0,0,0,0,0,0,0,0,0
102595,0,0,0,0,0,0,0,0,0,0,0,0,1,0,0,0,1,0,0,0,0,0,0,0,0,0,0
102645,0,0,0,0,0,0,0,0,0,0,0,0,1,0,0,0,1,0,0,0,0,0,0,0,0,0,0
102695,0,0,0,0,0,0,0,0,0,0,0,0,1,0,0,0,1,0,0,0,0,0,0,0,0,0,0
102745,0,0,0,0,0,0,0,0,0,0,0,0,1,0,0,0,1,0,0,0,0,0,0,0,0,0,0
102795,0,0,0,0,0,0,0,0,0,0,0,0,1,0,0,0,1,0,0,0,0,0,0,0,0,0,0
102845,0,0,0,0,0,0,0,0,0,0,0,0,1,0,0,0,1,0,0,0,0,0,0,0,0,0,0
102895,0,0,0,0,0,0,0,0,0,0,0,0,1,0,0,0,1,0,0,0,0,0,0,0,0,0,0
102945,0,0,0,0,0,0,0,0,0,0,0,0,1,0,0,0,1,0,0,0,0,0,0,0,0,0,0
102995,0,0,0,0,0,0,0,0,0,0,0,0,1,0,0,0,1,0,0,0,0,0,0,0,0,0,0
103045,0,0,0,0,0,0,0,0,0,0,0,0,1,0,0,0,1,0,0,0,0,0,0,0,0,0,0
103095,0,0,0,0,0,0,0,0,0,0,0,0,1,0,0,0,1,0,0,0,0,0,0,0,0,0,0
103145,0,0,0,0,0,0,0,0,0,0,0,0,1,0,0,0,1,0,0,0,0,0,0,0,0,0,0
103195,0,0,0,0,0,0,0,0,0,0,0,0,1,0,0,0,1,0,0,0,0,0,0,0,0,0,0
103245,0,0,0,0,0,0,0,0,0,0,0,0,1,0,0,0,1,0,0,0,0,0,0,0,0,0,0
103295,0,0,0,0,0,0,0,0,0,0,0,0,1,0,0,0,1,0,0,0,0,0,0,0,0,0,0
103345,0,0,0,0,0,0,0,0,0,0,0,0,1,0,0,0,1,0,0,0,0,0,0,0,0,0,0
103395,0,0,0,0,0,0,0,0,0,0,0,0,1,0,0,0,1,0,0,0,0,0,0,0,0,0,0
103445,0,0,0,0,0,0,0,0,0,0,0,0,1,0,0,0,1,0,0,0,0,0,0,0,0,0,0
103495,0,0,0,0,0,0,0,0,0,0,0,0,1,0,0,0,1,0,0,0,0,0,0,0,0,0,0
103545,0,0,0,0,0,0,0,0,0,0,0,0,1,0,0,0,1,0,0,0,0,0,0,0,0,0,0
103595,0,0,0,0,0,0,0,0,0,0,0,0,1,0,0,0,1,0,0,0,0,0,0,0,0,0,0
103645,0,0,0,0,0,0,0,0,0,0,0,0,1,0,0,0,1,0,0,0,0,0,0,0,0,0,0
103695,0,0,0,0,0,0,0,0,0,0,0,0,1,0,0,0,1,0,0,0,0,0,0,0,0,0,0
103745,0,0,0,0,0,0,0,0,0,0,0,0,1,0,0,0,1,0,0,0,0,0,0,0,0,0,0
103795,0,0,0,0,0,0,0,0,0,0,0,0,1,0,0,0,1,0,0,0,0,0,0,0,0,0,0
103845,0,0,0,0,0,0,0,0,0,0,0,0,1,0,0,0,1,0,0,0,0,0,0,0,0,0,0
103895,0,0,0,0,0,0,0,0,0,0,0,0,1,0,0,0,1,0,0,0,0,0,0,0,0,0,0
103945,0,0,0,0,0,0,0,0,0,0,0,0,1,0,0,0,1,0,0,0,0,0,0,0,0,0,0
103995,0,0,0,0,0,0,0,0,0,0,0,0,1,0,0,0,1,0,0,0,0,0,0,0,0,0,0
104045,0,0,0,0,0,0,0,0,0,0,0,0,1,0,0,0,1,0,0,0,0,0,0,0,0,0,0
104095,0,0,0,0,0,0,0,0,0,0,0,0,1,0,0,0,1,0,0,0,0,0,0,0,0,0,0
104145,0,0,0,0,0,0,0,0,0,0,0,0,1,0,0,0,1,0,0,0,0,0,0,0,0,0,0
104195,0,0,0,0,0,0,0,0,0,0,0,0,1,0,0,0,1,0,0,0,0,0,0,0,0,0,0
104245,0,0,0,0,0,0,0,0,0,0,0,0,1,0,0,0,1,0,0,0,0,0,0,0,0,0,0
104295,0,0,0,0,0,0,0,0,0,0,0,0,1,0,0,0,1,0,0,0,0,0,0,0,0,0,0
104345,0,0,0,0,0,0,0,0,0,0,0,0,1,0,0,0,1,0,0,0,0,0,0,0,0,0,0
104395,0,0,0,0,0,0,0,0,0,0,0,0,1,0,0,0,1,0,0,0,0,0,0,0,0,0,0
104445,0,0,0,0,0,0,0,0,0,0,0,0,1,0,0,0,1,0,0,0,0,0,0,0,0,0,0
104495,0,0,0,0,0,0,0,0,0,0,0,0,1,0,0,0,1,0,0,0,0,0,0,0,0,0,0
104545,0,0,0,0,0,0,0,0,0,0,0,0,1,0,0,0,1,0,0,0,0,0,0,0,0,0,0
104595,0,0,0,0,0,0,0,0,0,0,0,0,1,0,0,0,1,0,0,0,0,0,0,0,0,0,0
104645,0,0,0,0,0,0,0,0,0,0,0,0,1,0,0,0,1,0,0,0,0,0,0,0,0,0,0
104695,0,0,0,0,0,0,0,0,0,0,0,0,1,0,0,0,1,0,0,0,0,0,0,0,0,0,0
104745,0,0,0,0,0,0,0,0,0,0,0,0,1,0,0,0,1,0,0,0,0,0,0,0,0,0,0
104795,0,0,0,0,0,0,0,0,0,0,0,0,1,0,0,0,1,0,0,0,0,0,0,0,0,0,0
104845,0,0,0,0,0,0,0,0,0,0,0,0,1,0,0,0,1,0,0,0,0,0,0,0,0,0,0
104895,0,0,0,0,0,0,0,0,0,0,0,0,1,0,0,0,1,0,0,0,0,0,0,0,0,0,0
104945,0,0,0,0,0,0,0,0,0,0,0,0,1,0,0,0,1,0,0,0,0,0,0,0,0,0,0
104995,0,0,0,0,0,0,0,0,0,0,0,0,1,0,0,0,1,0,0,0,0,0,0,0,0,0,0
105045,0,0,0,0,0,0,0,0,0,0,0,0,1,0,0,0,1,0,0,0,0,0,0,0,0,0,0
105095,0,0,0,0,0,0,0,0,0,0,0,0,1,0,0,0,1,0,0,0,0,0,0,0,0,0,0
105145,0,0,0,0,0,0,0,0,0,0,0,0,1,0,0,0,1,0,0,0,0,0,0,0,0,0,0
105195,0,0,0,0,0,0,0,0,0,0,0,0,1,0,0,0,1,0,0,0,0,0,0,0,0,0,0
105245,0,0,0,0,0,0,0,0,0,0,0,0,1,0,0,0,1,0,0,0,0,0,0,0,0,0,0
105295,0,0,0,0,0,0,0,0,0,0,0,0,1,0,0,0,1,0,0,0,0,0,0,0,0,0,0
105345,0,0,0,0,0,0,0,0,0,0,0,0,1,0,0,0,1,0,0,0,0,0,0,0,0,0,0
105395,0,0,0,0,0,0,0,0,0,0,0,0,1,0,0,0,1,0,0,0,0,0,0,0,0,0,0
105445,0,0,0,0,0,0,0,0,0,0,0,0,1,0,0,0,1,0,0,0,0,0,0,0,0,0,0
105495,0,0,0,0,0,0,0,0,0,0,0,0,1,0,0,0,1,0,0,0,0,0,0,0,0,0,0
105545,0,0,0,0,0,0,0,0,0,0,0,0,1,0,0,0,1,0,0,0,0,0,0,0,0,0,0
105595,0,0,0,0,0,0,0,0,0,0,0,0,1,0,0,0,1,0,0,0,0,0,0,0,0,0,0
105645,0,0,0,0,0,0,0,0,0,0,0,0,1,0,0,0,1,0,0,0,0,0,0,0,0,0,0
105695,0,0,0,0,0,0,0,0,0,0,0,0,1,0,0,0,1,0,0,0,0,0,0,0,0,0,0
105745,0,0,0,0,0,0,0,0,0,0,0,0,1,0,0,0,1,0,0,0,0,0,0,0,0,0,0
105795,0,0,0,0,0,0,0,0,0,0,0,0,1,0,0,0,1,0,0,0,0,0,0,0,0,0,0
105845,0,0,0,0,0,0,0,0,0,0,0,0,1,0,0,0,1,0,0,0,0,0,0,0,0,0,0
105895,0,0,0,0,0,0,0,0,0,0,0,0,1,0,0,0,1,0,0,0,0,0,0,0,0,0,0
105945,0,0,0,0,0,0,0,0,0,0,0,0,1,0,0,0,1,0,0,0,0,0,0,0,0,0,0
105995,0,0,0,0,0,0,0,0,0,0,0,0,1,0,0,0,1,0,0,0,0,0,0,0,0,0,0
106045,0,0,0,0,0,0,0,0,0,0,0,0,1,0,0,0,1,0,0,0,0,0,0,0,0,0,0
106095,0,0,0,0,0,0,0,0,0,0,0,0,1,0,0,0,1,0,0,0,0,0,0,0,0,0,0
106145,0,0,0,0,0,0,0,0,0,0,0,0,1,0,0,0,1,0,0,0,0,0,0,0,0,0,0
106195,0,0,0,0,0,0,0,0,0,0,0,0,1,0,0,0,1,0,0,0,0,0,0,0,0,0,0
106245,0,0,0,0,0,0,0,0,0,0,0,0,1,0,0,0,1,0,0,0,0,0,0,0,0,0,0
106295,0,0,0,0,0,0,0,0,0,0,0,0,1,0,0,0,1,0,0,0,0,0,0,0,0,0,0
106345,0,0,0,0,0,0,0,0,0,0,0,0,1,0,0,0,1,0,0,0,0,0,0,0,0,0,0
106395,0,0,0,0,0,0,0,0,0,0,0,0,1,0,0,0,1,0,0,0,0,0,0,0,0,0,0
106445,0,0,0,0,0,0,0,0,0,0,0,0,1,0,0,0,1,0,0,0,0,0,0,0,0,0,0
106495,0,0,0,0,0,0,0,0,0,0,0,0,1,0,0,0,1,0,0,0,0,0,0,0,0,0,0
106545,0,0,0,0,0,0,0,0,0,0,0,0,1,0,0,0,1,0,0,0,0,0,0,0,0,0,0
106595,0,0,0,0,0,0,0,0,0,0,0,0,1,0,0,0,1,0,0,0,0,0,0,0,0,0,0
106645,0,0,0,0,0,0,0,0,0,0,0,0,1,0,0,0,1,0,0,0,0,0,0,0,0,0,0
106695,0,0,0,0,0,0,0,0,0,0,0,0,1,0,0,0,1,0,0,0,0,0,0,0,0,0,0
106745,0,0,0,0,0,0,0,0,0,0,0,0,1,0,0,0,1,0,0,0,0,0,0,0,0,0,0
106795,0,0,0,0,0,0,0,0,0,0,0,0,1,0,0,0,1,0,0,0,0,0,0,0,0,0,0
106845,0,0,0,0,0,0,0,0,0,0,0,0,1,0,0,0,1,0,0,0,0,0,0,0,0,0,0
106895,0,0,0,0,0,0,0,0,0,0,0,0,1,0,0,0,1,0,0,0,0,0,0,0,0,0,0
106945,0,0,0,0,0,0,0,0,0,0,0,0,1,0,0,0,1,0,0,0,0,0,0,0,0,0,0
106995,0,0,0,0,0,0,0,0,0,0,0,0,1,0,0,0,1,0,0,0,0,0,0,0,0,0,0
107045,0,0,0,0,0,0,0,0,0,0,0,0,1,0,0,0,1,0,0,0,0,0,0,0,0,0,0
107095,0,0,0,0,0,0,0,0,0,0,0,0,1,0,0,0,1,0,0,0,0,0,0,0,0,0,0
107145,0,0,0,0,0,0,0,0,0,0,0,0,1,0,0,0,1,0,0,0,0,0,0,0,0,0,0
107195,0,0,0,0,0,0,0,0,0,0,0,0,1,0,0,0,1,0,0,0,0,0,0,0,0,0,0
107245,0,0,0,0,0,0,0,0,0,0,0,0,1,0,0,0,1,0,0,0,0,0,0,0,0,0,0
107295,0,0,0,0,0,0,0,0,0,0,0,0,1,0,0,0,1,0,0,0,0,0,0,0,0,0,0
107345,0,0,0,0,0,0,0,0,0,0,0,0,1,0,0,0,1,0,0,0,0,0,0,0,0,0,0
107395,0,0,0,0,0,0,0,0,0,0,0,0,1,0,0,0,1,0,0,0,0,0,0,0,0,0,0
107445,0,0,0,0,0,0,0,0,0,0,0,0,1,0,0,0,1,0,0,0,0,0,0,0,0,0,0
107495,0,0,0,0,0,0,0,0,0,0,0,0,1,0,0,0,1,0,0,0,0,0,0,0,0,0,0
107545,0,0,0,0,0,0,0,0,0,0,0,0,1,0,0,0,1,0,0,0,0,0,0,0,0,0,0
107595,0,0,0,0,0,0,0,0,0,0,0,0,1,0,0,0,1,0,0,0,0,0,0,0,0,0,0
107645,0,0,0,0,0,0,0,0,0,0,0,0,1,0,0,0,1,0,0,0,0,0,0,0,0,0,0
107695,0,0,0,0,0,0,0,0,0,0,0,0,1,0,0,0,1,0,0,0,0,0,0,0,0,0,0
107745,0,0,0,0,0,0,0,0,0,0,0,0,1,0,0,0,1,0,0,0,0,0,0,0,0,0,0
107795,0,0,0,0,0,0,0,0,0,0,0,0,1,0,0,0,1,0,0,0,0,0,0,0,0,0,0
107845,0,0,0,0,0,0,0,0,0,0,0,0,1,0,0,0,1,0,0,0,0,0,0,0,0,0,0
107895,0,0,0,0,0,0,0,0,0,0,0,0,1,0,0,0,1,0,0,0,0,0,0,0,0,0,0
107945,0,0,0,0,0,0,0,0,0,0,0,0,1,0,0,0,1,0,0,0,0,0,0,0,0,0,0
107995,0,0,0,0,0,0,0,0,0,0,0,0,1,0,0,0,1,0,0,0,0,0,0,0,0,0,0
108045,0,0,0,0,0,0,0,0,0,0,0,0,1,0,0,0,1,0,0,0,0,0,0,0,0,0,0
108095,0,0,0,0,0,0,0,0,0,0,0,0,1,0,0,0,1,0,0,0,0,0,0,0,0,0,0
108145,0,0,0,0,0,0,0,0,0,0,0,0,1,0,0,0,1,0,0,0,0,0,0,0,0,0,0
108195,0,0,0,0,0,0,0,0,0,0,0,0,1,0,0,0,1,0,0,0,0,0,0,0,0,0,0
108245,0,0,0,0,0,0,0,0,0,0,0,0,1,0,0,0,1,0,0,0,0,0,0,0,0,0,0
108295,0,0,0,0,0,0,0,0,0,0,0,0,1,0,0,0,1,0,0,0,0,0,0,0,0,0,0
108345,0,0,0,0,0,0,0,0,0,0,0,0,1,0,0,0,1,0,0,0,0,0,0,0,0,0,0
108395,0,0,0,0,0,0,0,0,0,0,0,0,1,0,0,0,1,0,0,0,0,0,0,0,0,0,0
108445,0,0,0,0,0,0,0,0,0,0,0,0,1,0,0,0,1,0,0,0,0,0,0,0,0,0,0
108495,0,0,0,0,0,0,0,0,0,0,0,0,1,0,0,0,1,0,0,0,0,0,0,0,0,0,0
108545,0,0,0,0,0,0,0,0,0,0,0,0,1,0,0,0,1,0,0,0,0,0,0,0,0,0,0
108595,0,0,0,0,0,0,0,0,0,0,0,0,1,0,0,0,1,0,0,0,0,0,0,0,0,0,0
108645,0,0,0,0,0,0,0,0,0,0,0,0,1,0,0,0,1,0,0,0,0,0,0,0,0,0,0
108695,0,0,0,0,0,0,0,0,0,0,0,0,1,0,0,0,1,0,0,0,0,0,0,0,0,0,0
108745,0,0,0,0,0,0,0,0,0,0,0,0,1,0,0,0,1,0,0,0,0,0,0,0,0,0,0
108795,0,0,0,0,0,0,0,0,0,0,0,0,1,0,0,0,1,0,0,0,0,0,0,0,0,0,0
108845,0,0,0,0,0,0,0,0,0,0,0,0,1,0,0,0,1,0,0,0,0,0,0,0,0,0,0
108895,0,0,0,0,0,0,0,0,0,0,0,0,1,0,0,0,1,0,0,0,0,0,0,0,0,0,0
108945,0,0,0,0,0,0,0,0,0,0,0,0,1,0,0,0,1,0,0,0,0,0,0,0,0,0,0
108995,0,0,0,0,0,0,0,0,0,0,0,0,1,0,0,0,1,0,0,0,0,0,0,0,0,0,0
109045,0,0,0,0,0,0,0,0,0,0,0,0,1,0,0,0,1,0,0,0,0,0,0,0,0,0,0
109095,0,0,0,0,0,0,0,0,0,0,0,0,1,0,0,0,1,0,0,0,0,0,0,0,0,0,0
109145,0,0,0,0,0,0,0,0,0,0,0,0,1,0,0,0,1,0,0,0,0,0,0,0,0,0,0
109195,0,0,0,0,0,0,0,0,0,0,0,0,1,0,0,0,1,0,0,0,0,0,0,0,0,0,0
109245,0,0,0,0,0,0,0,0,0,0,0,0,1,0,0,0,1,0,0,0,0,0,0,0,0,0,0
109295,0,0,0,0,0,0,0,0,0,0,0,0,1,0,0,0,1,0,0,0,0,0,0,0,0,0,0
109345,0,0,0,0,0,0,0,0,0,0,0,0,1,0,0,0,1,0,0,0,0,0,0,0,0,0,0
109395,0,0,0,0,0,0,0,0,0,0,0,0,1,0,0,0,1,0,0,0,0,0,0,0,0,0,0
109445,0,0,0,0,0,0,0,0,0,0,0,0,1,0,0,0,1,0,0,0,0,0,0,0,0,0,0
109495,0,0,0,0,0,0,0,0,0,0,0,0,1,0,0,0,1,0,0,0,0,0,0,0,0,0,0
109545,0,0,0,0,0,0,0,0,0,0,0,0,1,0,0,0,1,0,0,0,0,0,0,0,0,0,0
109595,0,0,0,0,0,0,0,0,0,0,0,0,1,0,0,0,1,0,0,0,0,0,0,0,0,0,0
109645,0,0,0,0,0,0,0,0,0,0,0,0,1,0,0,0,1,0,0,0,0,0,0,0,0,0,0
109695,0,0,0,0,0,0,0,0,0,0,0,0,1,0,0,0,1,0,0,0,0,0,0,0,0,0,0
109745,0,0,0,0,0,0,0,0,0,0,0,0,1,0,0,0,1,0,0,0,0,0,0,0,0,0,0
109795,0,0,0,0,0,0,0,0,0,0,0,0,1,0,0,0,1,0,0,0,0,0,0,0,0,0,0
109845,0,0,0,0,0,0,0,0,0,0,0,0,1,0,0,0,1,0,0,0,0,0,0,0,0,0,0
109895,0,0,0,0,0,0,0,0,0,0,0,0,1,0,0,0,1,0,0,0,0,0,0,0,0,0,0
109945,0,0,0,0,0,0,0,0,0,0,0,0,1,0,0,0,1,0,0,0,0,0,0,0,0,0,0
109995,0,0,0,0,0,0,0,0,0,0,0,0,1,0,0,0,1,0,0,0,0,0,0,0,0,0,0
110045,0,0,0,0,0,0,0,0,0,0,0,0,1,0,0,0,1,0,0,0,0,0,0,0,0,0,0
110095,0,0,0,0,0,0,0,0,0,0,0,0,1,0,0,0,1,0,0,0,0,0,0,0,0,0,0
110145,0,0,0,0,0,0,0,0,0,0,0,0,1,0,0,0,1,0,0,0,0,0,0,0,0,0,0
110195,0,0,0,0,0,0,0,0,0,0,0,0,1,0,0,0,1,0,0,0,0,0,0,0,0,0,0
110245,0,0,0,0,0,0,0,0,0,0,0,0,1,0,0,0,1,0,0,0,0,0,0,0,0,0,0
110295,0,0,0,0,0,0,0,0,0,0,0,0,1,0,0,0,1,0,0,0,0,0,0,0,0,0,0
110345,0,0,0,0,0,0,0,0,0,0,0,0,1,0,0,0,1,0,0,0,0,0,0,0,0,0,0
110395,0,0,0,0,0,0,0,0,0,0,0,0,1,0,0,0,1,0,0,0,0,0,0,0,0,0,0
110445,0,0,0,0,0,0,0,0,0,0,0,0,1,0,0,0,1,0,0,0,0,0,0,0,0,0,0
110495,0,0,0,0,0,0,0,0,0,0,0,0,1,0,0,0,1,0,0,0,0,0,0,0,0,0,0
110545,0,0,0,0,0,0,0,0,0,0,0,0,1,0,0,0,1,0,0,0,0,0,0,0,0,0,0
110595,0,0,0,0,0,0,0,0,0,0,0,0,1,0,0,0,1,0,0,0,0,0,0,0,0,0,0
110645,0,0,0,0,0,0,0,0,0,0,0,0,1,0,0,0,1,0,0,0,0,0,0,0,0,0,0
110695,0,0,0,0,0,0,0,0,0,0,0,0,1,0,0,0,1,0,0,0,0,0,0,0,0,0,0
110745,0,0,0,0,0,0,0,0,0,0,0,0,1,0,0,0,1,0,0,0,0,0,0,0,0,0,0
110795,0,0,0,0,0,0,0,0,0,0,0,0,1,0,0,0,1,0,0,0,0,0,0,0,0,0,0
110845,0,0,0,0,0,0,0,0,0,0,0,0,1,0,0,0,1,0,0,0,0,0,0,0,0,0,0
110895,0,0,0,0,0,0,0,0,0,0,0,0,1,0,0,0,1,0,0,0,0,0,0,0,0,0,0
110945,0,0,0,0,0,0,0,0,0,0,0,0,1,0,0,0,1,0,0,0,0,0,0,0,0,0,0
110995,0,0,0,0,0,0,0,0,0,0,0,0,1,0,0,0,1,0,0,0,0,0,0,0,0,0,0
111045,0,0,0,0,0,0,0,0,0,0,0,0,1,0,0,0,1,0,0,0,0,0,0,0,0,0,0
111095,0,0,0,0,0,0,0,0,0,0,0,0,1,0,0,0,1,0,0,0,0,0,0,0,0,0,0
111145,0,0,0,0,0,0,0,0,0,0,0,0,1,0,0,0,1,0,0,0,0,0,0,0,0,0,0
111195,0,0,0,0,0,0,0,0,0,0,0,0,1,0,0,0,1,0,0,0,0,0,0,0,0,0,0
111245,0,0,0,0,0,0,0,0,0,0,0,0,1,0,0,0,1,0,0,0,0,0,0,0,0,0,0
111295,0,0,0,0,0,0,0,0,0,0,0,0,1,0,0,0,1,0,0,0,0,0,0,0,0,0,0
111345,0,0,0,0,0,0,0,0,0,0,0,0,1,0,0,0,1,0,0,0,0,0,0,0,0,0,0
111395,0,0,0,0,0,0,0,0,0,0,0,0,1,0,0,0,1,0,0,0,0,0,0,0,0,0,0
111445,0,0,0,0,0,0,0,0,0,0,0,0,1,0,0,0,1,0,0,0,0,0,0,0,0,0,0
111495,0,0,0,0,0,0,0,0,0,0,0,0,1,0,0,0,1,0,0,0,0,0,0,0,0,0,0
111545,0,0,0,0,0,0,0,0,0,0,0,0,1,0,0,0,1,0,0,0,0,0,0,0,0,0,0
111595,0,0,0,0,0,0,0,0,0,0,0,0,1,0,0,0,1,0,0,0,0,0,0,0,0,0,0
111645,0,0,0,0,0,0,0,0,0,0,0,0,1,0,0,0,1,0,0,0,0,0,0,0,0,0,0
111695,0,0,0,0,0,0,0,0,0,0,0,0,1,0,0,0,1,0,0,0,0,0,0,0,0,0,0
111745,0,0,0,0,0,0,0,0,0,0,0,0,1,0,0,0,1,0,0,0,0,0,0,0,0,0,0
111795,0,0,0,0,0,0,0,0,0,0,0,0,1,0,0,0,1,0,0,0,0,0,0,0,0,0,0
111845,0,0,0,0,0,0,0,0,0,0,0,0,1,0,0,0,1,0,0,0,0,0,0,0,0,0,0
111895,0,0,0,0,0,0,0,0,0,0,0,0,1,0,0,0,1,0,0,0,0,0,0,0,0,0,0
111945,0,0,0,0,0,0,0,0,0,0,0,0,1,0,0,0,1,0,0,0,0,0,0,0,0,0,0
111995,0,0,0,0,0,0,0,0,0,0,0,0,1,0,0,0,1,0,0,0,0,0,0,0,0,0,0
112045,0,0,0,0,0,0,0,0,0,0,0,0,1,0,0,0,1,0,0,0,0,0,0,0,0,0,0
112095,0,0,0,0,0,0,0,0,0,0,0,0,1,0,0,0,1,0,0,0,0,0,0,0,0,0,0
112145,0,0,0,0,0,0,0,0,0,0,0,0,1,0,0,0,1,0,0,0,0,0,0,0,0,0,0
112195,0,0,0,0,0,0,0,0,0,0,0,0,1,0,0,0,1,0,0,0,0,0,0,0,0,0,0
112245,0,0,0,0,0,0,0,0,0,0,0,0,1,0,0,0,1,0,0,0,0,0,0,0,0,0,0
112295,0,0,0,0,0,0,0,0,0,0,0,0,1,0,0,0,1,0,0,0,0,0,0,0,0,0,0
112345,0,0,0,0,0,0,0,0,0,0,0,0,1,0,0,0,1,0,0,0,0,0,0,0,0,0,0
112395,0,0,0,0,0,0,0,0,0,0,0,0,1,0,0,0,1,0,0,0,0,0,0,0,0,0,0
112445,0,0,0,0,0,0,0,0,0,0,0,0,1,0,0,0,1,0,0,0,0,0,0,0,0,0,0
112495,0,0,0,0,0,0,0,0,0,0,0,0,1,0,0,0,1,0,0,0,0,0,0,0,0,0,0
112545,0,0,0,0,0,0,0,0,0,0,0,0,1,0,0,0,1,0,0,0,0,0,0,0,0,0,0
112595,0,0,0,0,0,0,0,0,0,0,0,0,1,0,0,0,1,0,0,0,0,0,0,0,0,0,0
112645,0,0,0,0,0,0,0,0,0,0,0,0,1,0,0,0,1,0,0,0,0,0,0,0,0,0,0
112695,0,0,0,0,0,0,0,0,0,0,0,0,1,0,0,0,1,0,0,0,0,0,0,0,0,0,0
112745,0,0,0,0,0,0,0,0,0,0,0,0,1,0,0,0,1,0,0,0,0,0,0,0,0,0,0
112795,0,0,0,0,0,0,0,0,0,0,0,0,1,0,0,0,1,0,0,0,0,0,0,0,0,0,0
112845,0,0,0,0,0,0,0,0,0,0,0,0,1,0,0,0,1,0,0,0,0,0,0,0,0,0,0
112895,0,0,0,0,0,0,0,0,0,0,0,0,1,0,0,0,1,0,0,0,0,0,0,0,0,0,0
112945,0,0,0,0,0,0,0,0,0,0,0,0,1,0,0,0,1,0,0,0,0,0,0,0,0,0,0
112995,0,0,0,0,0,0,0,0,0,0,0,0,1,0,0,0,1,0,0,0,0,0,0,0,0,0,0
113045,0,0,0,0,0,0,0,0,0,0,0,0,1,0,0,0,1,0,0,0,0,0,0,0,0,0,0
113095,0,0,0,0,0,0,0,0,0,0,0,0,1,0,0,0,1,0,0,0,0,0,0,0,0,0,0
113145,0,0,0,0,0,0,0,0,0,0,0,0,1,0,0,0,1,0,0,0,0,0,0,0,0,0,0
113195,0,0,0,0,0,0,0,0,0,0,0,0,1,0,0,0,1,0,0,0,0,0,0,0,0,0,0
113245,0,0,0,0,0,0,0,0,0,0,0,0,1,0,0,0,1,0,0,0,0,0,0,0,0,0,0
113295,0,0,0,0,0,0,0,0,0,0,0,0,1,0,0,0,1,0,0,0,0,0,0,0,0,0,0
113345,0,0,0,0,0,0,0,0,0,0,0,0,1,0,0,0,1,0,0,0,0,0,0,0,0,0,0
113395,0,0,0,0,0,0,0,0,0,0,0,0,1,0,0,0,1,0,0,0,0,0,0,0,0,0,0
113445,0,0,0,0,0,0,0,0,0,0,0,0,1,0,0,0,1,0,0,0,0,0,0,0,0,0,0
113495,0,0,0,0,0,0,0,0,0,0,0,0,1,0,0,0,1,0,0,0,0,0,0,0,0,0,0
113545,0,0,0,0,0,0,0,0,0,0,0,0,1,0,0,0,1,0,0,0,0,0,0,0,0,0,0
113595,0,0,0,0,0,0,0,0,0,0,0,0,1,0,0,0,1,0,0,0,0,0,0,0,0,0,0
113645,0,0,0,0,0,0,0,0,0,0,0,0,1,0,0,0,1,0,0,0,0,0,0,0,0,0,0
113695,0,0,0,0,0,0,0,0,0,0,0,0,1,0,0,0,1,0,0,0,0,0,0,0,0,0,0
113745,0,0,0,0,0,0,0,0,0,0,0,0,1,0,0,0,1,0,0,0,0,0,0,0,0,0,0
113795,0,0,0,0,0,0,0,0,0,0,0,0,1,0,0,0,1,0,0,0,0,0,0,0,0,0,0
113845,0,0,0,0,0,0,0,0,0,0,0,0,1,0,0,0,1,0,0,0,0,0,0,0,0,0,0
113895,0,0,0,0,0,0,0,0,0,0,0,0,1,0,0,0,1,0,0,0,0,0,0,0,0,0,0
113945,0,0,0,0,0,0,0,0,0,0,0,0,1,0,0,0,1,0,0,0,0,0,0,0,0,0,0
113995,0,0,0,0,0,0,0,0,0,0,0,0,1,0,0,0,1,0,0,0,0,0,0,0,0,0,0
114045,0,0,0,0,0,0,0,0,0,0,0,0,1,0,0,0,1,0,0,0,0,0,0,0,0,0,0
114095,0,0,0,0,0,0,0,0,0,0,0,0,1,0,0,0,1,0,0,0,0,0,0,0,0,0,0
114145,0,0,0,0,0,0,0,0,0,0,0,0,1,0,0,0,1,0,0,0,0,0,0,0,0,0,0
114195,0,0,0,0,0,0,0,0,0,0,0,0,1,0,0,0,1,0,0,0,0,0,0,0,0,0,0
114245,0,0,0,0,0,0,0,0,0,0,0,0,1,0,0,0,1,0,0,0,0,0,0,0,0,0,0
114295,0,0,0,0,0,0,0,0,0,0,0,0,1,0,0,0,1,0,0,0,0,0,0,0,0,0,0
114345,0,0,0,0,0,0,0,0,0,0,0,0,1,0,0,0,1,0,0,0,0,0,0,0,0,0,0
114395,0,0,0,0,0,0,0,0,0,0,0,0,1,0,0,0,1,0,0,0,0,0,0,0,0,0,0
114445,0,0,0,0,0,0,0,0,0,0,0,0,1,0,0,0,1,0,0,0,0,0,0,0,0,0,0
114495,0,0,0,0,0,0,0,0,0,0,0,0,1,0,0,0,1,0,0,0,0,0,0,0,0,0,0
114545,0,0,0,0,0,0,0,0,0,0,0,0,1,0,0,0,1,0,0,0,0,0,0,0,0,0,0
114595,0,0,0,0,0,0,0,0,0,0,0,0,1,0,0,0,1,0,0,0,0,0,0,0,0,0,0
114645,0,0,0,0,0,0,0,0,0,0,0,0,1,0,0,0,1,0,0,0,0,0,0,0,0,0,0
114695,0,0,0,0,0,0,0,0,0,0,0,0,1,0,0,0,1,0,0,0,0,0,0,0,0,0,0
114745,0,0,0,0,0,0,0,0,0,0,0,0,1,0,0,0,1,0,0,0,0,0,0,0,0,0,0
114795,0,0,0,0,0,0,0,0,0,0,0,0,1,0,0,0,1,0,0,0,0,0,0,0,0,0,0
114845,0,0,0,0,0,0,0,0,0,0,0,0,1,0,0,0,1,0,0,0,0,0,0,0,0,0,0
114895,0,0,0,0,0,0,0,0,0,0,0,0,1,0,0,0,1,0,0,0,0,0,0,0,0,0,0
114945,0,0,0,0,0,0,0,0,0,0,0,0,1,0,0,0,1,0,0,0,0,0,0,0,0,0,0
114995,0,0,0,0,0,0,0,0,0,0,0,0,1,0,0,0,1,0,0,0,0,0,0,0,0,0,0
115045,0,0,0,0,0,0,0,0,0,0,0,0,1,0,0,0,1,0,0,0,0,0,0,0,0,0,0
115095,0,0,0,0,0,0,0,0,0,0,0,0,1,0,0,0,1,0,0,0,0,0,0,0,0,0,0
115145,0,0,0,0,0,0,0,0,0,0,0,0,1,0,0,0,1,0,0,0,0,0,0,0,0,0,0
115195,0,0,0,0,0,0,0,0,0,0,0,0,1,0,0,0,1,0,0,0,0,0,0,0,0,0,0
115245,0,0,0,0,0,0,0,0,0,0,0,0,1,0,0,0,1,0,0,0,0,0,0,0,0,0,0
115295,0,0,0,0,0,0,0,0,0,0,0,0,1,0,0,0,1,0,0,0,0,0,0,0,0,0,0
115345,0,0,0,0,0,0,0,0,0,0,0,0,1,0,0,0,1,0,0,0,0,0,0,0,0,0,0
115395,0,0,0,0,0,0,0,0,0,0,0,0,1,0,0,0,1,0,0,0,0,0,0,0,0,0,0
115445,0,0,0,0,0,0,0,0,0,0,0,0,1,0,0,0,1,0,0,0,0,0,0,0,0,0,0
115495,0,0,0,0,0,0,0,0,0,0,0,0,1,0,0,0,1,0,0,0,0,0,0,0,0,0,0
115545,0,0,0,0,0,0,0,0,0,0,0,0,1,0,0,0,1,0,0,0,0,0,0,0,0,0,0
115595,0,0,0,0,0,0,0,0,0,0,0,0,1,0,0,0,1,0,0,0,0,0,0,0,0,0,0
115645,0,0,0,0,0,0,0,0,0,0,0,0,1,0,0,0,1,0,0,0,0,0,0,0,0,0,0
115695,0,0,0,0,0,0,0,0,0,0,0,0,1,0,0,0,1,0,0,0,0,0,0,0,0,0,0
115745,0,0,0,0,0,0,0,0,0,0,0,0,1,0,0,0,1,0,0,0,0,0,0,0,0,0,0
115795,0,0,0,0,0,0,0,0,0,0,0,0,1,0,0,0,1,0,0,0,0,0,0,0,0,0,0
115845,0,0,0,0,0,0,0,0,0,0,0,0,1,0,0,0,1,0,0,0,0,0,0,0,0,0,0
115895,0,0,0,0,0,0,0,0,0,0,0,0,1,0,0,0,1,0,0,0,0,0,0,0,0,0,0
115945,0,0,0,0,0,0,0,0,0,0,0,0,1,0,0,0,1,0,0,0,0,0,0,0,0,0,0
115995,0,0,0,0,0,0,0,0,0,0,0,0,1,0,0,0,1,0,0,0,0,0,0,0,0,0,0
116045,0,0,0,0,0,0,0,0,0,0,0,0,1,0,0,0,1,0,0,0,0,0,0,0,0,0,0
116095,0,0,0,0,0,0,0,0,0,0,0,0,1,0,0,0,1,0,0,0,0,0,0,0,0,0,0
116145,0,0,0,0,0,0,0,0,0,0,0,0,1,0,0,0,1,0,0,0,0,0,0,0,0,0,0
116195,0,0,0,0,0,0,0,0,0,0,0,0,1,0,0,0,1,0,0,0,0,0,0,0,0,0,0
116245,0,0,0,0,0,0,0,0,0,0,0,0,1,0,0,0,1,0,0,0,0,0,0,0,0,0,0
116295,0,0,0,0,0,0,0,0,0,0,0,0,1,0,0,0,1,0,0,0,0,0,0,0,0,0,0
116345,0,0,0,0,0,0,0,0,0,0,0,0,1,0,0,0,1,0,0,0,0,0,0,0,0,0,0
116395,0,0,0,0,0,0,0,0,0,0,0,0,1,0,0,0,1,0,0,0,0,0,0,0,0,0,0
116445,0,0,0,0,0,0,0,0,0,0,0,0,1,0,0,0,1,0,0,0,0,0,0,0,0,0,0
116495,0,0,0,0,0,0,0,0,0,0,0,0,1,0,0,0,1,0,0,0,0,0,0,0,0,0,0
116545,0,0,0,0,0,0,0,0,0,0,0,0,1,0,0,0,1,0,0,0,0,0,0,0,0,0,0
116595,0,0,0,0,0,0,0,0,0,0,0,0,1,0,0,0,1,0,0,0,0,0,0,0,0,0,0
116645,0,0,0,0,0,0,0,0,0,0,0,0,1,0,0,0,1,0,0,0,0,0,0,0,0,0,0
116695,0,0,0,0,0,0,0,0,0,0,0,0,1,0,0,0,1,0,0,0,0,0,0,0,0,0,0
116745,0,0,0,0,0,0,0,0,0,0,0,0,1,0,0,0,1,0,0,0,0,0,0,0,0,0,0
116795,0,0,0,0,0,0,0,0,0,0,0,0,1,0,0,0,1,0,0,0,0,0,0,0,0,0,0
116845,0,0,0,0,0,0,0,0,0,0,0,0,1,0,0,0,1,0,0,0,0,0,0,0,0,0,0
116895,0,0,0,0,0,0,0,0,0,0,0,0,1,0,0,0,1,0,0,0,0,0,0,0,0,0,0
116945,0,0,0,0,0,0,0,0,0,0,0,0,1,0,0,0,1,0,0,0,0,0,0,0,0,0,0
116995,0,0,0,0,0,0,0,0,0,0,0,0,1,0,0,0,1,0,0,0,0,0,0,0,0,0,0
117045,0,0,0,0,0,0,0,0,0,0,0,0,1,0,0,0,1,0,0,0,0,0,0,0,0,0,0
117095,0,0,0,0,0,0,0,0,0,0,0,0,1,0,0,0,1,0,0,0,0,0,0,0,0,0,0
117145,0,0,0,0,0,0,0,0,0,0,0,0,1,0,0,0,1,0,0,0,0,0,0,0,0,0,0
117195,0,0,0,0,0,0,0,0,0,0,0,0,1,0,0,0,1,0,0,0,0,0,0,0,0,0,0
117245,0,0,0,0,0,0,0,0,0,0,0,0,1,0,0,0,1,0,0,0,0,0,0,0,0,0,0
117295,0,0,0,0,0,0,0,0,0,0,0,0,1,0,0,0,1,0,0,0,0,0,0,0,0,0,0
117345,0,0,0,0,0,0,0,0,0,0,0,0,1,0,0,0,1,0,0,0,0,0,0,0,0,0,0
117395,0,0,0,0,0,0,0,0,0,0,0,0,1,0,0,0,1,0,0,0,0,0,0,0,0,0,0
117445,0,0,0,0,0,0,0,0,0,0,0,0,1,0,0,0,1,0,0,0,0,0,0,0,0,0,0
117495,0,0,0,0,0,0,0,0,0,0,0,0,1,0,0,0,1,0,0,0,0,0,0,0,0,0,0
117545,0,0,0,0,0,0,0,0,0,0,0,0,1,0,0,0,1,0,0,0,0,0,0,0,0,0,0
117595,0,0,0,0,0,0,0,0,0,0,0,0,1,0,0,0,1,0,0,0,0,0,0,0,0,0,0
117645,0,0,0,0,0,0,0,0,0,0,0,0,1,0,0,0,1,0,0,0,0,0,0,0,0,0,0
117695,0,0,0,0,0,0,0,0,0,0,0,0,1,0,0,0,1,0,0,0,0,0,0,0,0,0,0
117745,0,0,0,0,0,0,0,0,0,0,0,0,1,0,0,0,1,0,0,0,0,0,0,0,0,0,0
117795,0,0,0,0,0,0,0,0,0,0,0,0,1,0,0,0,1,0,0,0,0,0,0,0,0,0,0
117845,0,0,0,0,0,0,0,0,0,0,0,0,1,0,0,0,1,0,0,0,0,0,0,0,0,0,0
117895,0,0,0,0,0,0,0,0,0,0,0,0,1,0,0,0,1,0,0,0,0,0,0,0,0,0,0
117945,0,0,0,0,0,0,0,0,0,0,0,0,1,0,0,0,1,0,0,0,0,0,0,0,0,0,0
117995,0,0,0,0,0,0,0,0,0,0,0,0,1,0,0,0,1,0,0,0,0,0,0,0,0,0,0
118045,0,0,0,0,0,0,0,0,0,0,0,0,1,0,0,0,1,0,0,0,0,0,0,0,0,0,0
118095,0,0,0,0,0,0,0,0,0,0,0,0,1,0,0,0,1,0,0,0,0,0,0,0,0,0,0
118145,0,0,0,0,0,0,0,0,0,0,0,0,1,0,0,0,1,0,0,0,0,0,0,0,0,0,0
118195,0,0,0,0,0,0,0,0,0,0,0,0,1,0,0,0,1,0,0,0,0,0,0,0,0,0,0
118245,0,0,0,0,0,0,0,0,0,0,0,0,1,0,0,0,1,0,0,0,0,0,0,0,0,0,0
118295,0,0,0,0,0,0,0,0,0,0,0,0,1,0,0,0,1,0,0,0,0,0,0,0,0,0,0
118345,0,0,0,0,0,0,0,0,0,0,0,0,1,0,0,0,1,0,0,0,0,0,0,0,0,0,0
118395,0,0,0,0,0,0,0,0,0,0,0,0,1,0,0,0,1,0,0,0,0,0,0,0,0,0,0
118445,0,0,0,0,0,0,0,0,0,0,0,0,1,0,0,0,1,0,0,0,0,0,0,0,0,0,0
118495,0,0,0,0,0,0,0,0,0,0,0,0,1,0,0,0,1,0,0,0,0,0,0,0,0,0,0
118545,0,0,0,0,0,0,0,0,0,0,0,0,1,0,0,0,1,0,0,0,0,0,0,0,0,0,0
118595,0,0,0,0,0,0,0,0,0,0,0,0,1,0,0,0,1,0,0,0,0,0,0,0,0,0,0
118645,0,0,0,0,0,0,0,0,0,0,0,0,1,0,0,0,1,0,0,0,0,0,0,0,0,0,0
118695,0,0,0,0,0,0,0,0,0,0,0,0,1,0,0,0,1,0,0,0,0,0,0,0,0,0,0
118745,0,0,0,0,0,0,0,0,0,0,0,0,1,0,0,0,1,0,0,0,0,0,0,0,0,0,0
118795,0,0,0,0,0,0,0,0,0,0,0,0,1,0,0,0,1,0,0,0,0,0,0,0,0,0,0
118845,0,0,0,0,0,0,0,0,0,0,0,0,1,0,0,0,1,0,0,0,0,0,0,0,0,0,0
118895,0,0,0,0,0,0,0,0,0,0,0,0,1,0,0,0,1,0,0,0,0,0,0,0,0,0,0
118945,0,0,0,0,0,0,0,0,0,0,0,0,1,0,0,0,1,0,0,0,0,0,0,0,0,0,0
118995,0,0,0,0,0,0,0,0,0,0,0,0,1,0,0,0,1,0,0,0,0,0,0,0,0,0,0
119045,0,0,0,0,0,0,0,0,0,0,0,0,1,0,0,0,1,0,0,0,0,0,0,0,0,0,0
119095,0,0,0,0,0,0,0,0,0,0,0,0,1,0,0,0,1,0,0,0,0,0,0,0,0,0,0
119145,0,0,0,0,0,0,0,0,0,0,0,0,1,0,0,0,1,0,0,0,0,0,0,0,0,0,0
119195,0,0,0,0,0,0,0,0,0,0,0,0,1,0,0,0,1,0,0,0,0,0,0,0,0,0,0
119245,0,0,0,0,0,0,0,0,0,0,0,0,1,0,0,0,1,0,0,0,0,0,0,0,0,0,0
119295,0,0,0,0,0,0,0,0,0,0,0,0,1,0,0,0,1,0,0,0,0,0,0,0,0,0,0
119345,0,0,0,0,0,0,0,0,0,0,0,0,1,0,0,0,1,0,0,0,0,0,0,0,0,0,0
119395,0,0,0,0,0,0,0,0,0,0,0,0,1,0,0,0,1,0,0,0,0,0,0,0,0,0,0
119445,0,0,0,0,0,0,0,0,0,0,0,0,1,0,0,0,1,0,0,0,0,0,0,0,0,0,0
119495,0,0,0,0,0,0,0,0,0,0,0,0,1,0,0,0,1,0,0,0,0,0,0,0,0,0,0
119545,0,0,0,0,0,0,0,0,0,0,0,0,1,0,0,0,1,0,0,0,0,0,0,0,0,0,0
119595,0,0,0,0,0,0,0,0,0,0,0,0,1,0,0,0,1,0,0,0,0,0,0,0,0,0,0
119645,0,0,0,0,0,0,0,0,0,0,0,0,1,0,0,0,1,0,0,0,0,0,0,0,0,0,0
119695,0,0,0,0,0,0,0,0,0,0,0,0,1,0,0,0,1,0,0,0,0,0,0,0,0,0,0
119745,0,0,0,0,0,0,0,0,0,0,0,0,1,0,0,0,1,0,0,0,0,0,0,0,0,0,0
119795,0,0,0,0,0,0,0,0,0,0,0,0,1,0,0,0,1,0,0,0,0,0,0,0,0,0,0
119845,0,0,0,0,0,0,0,0,0,0,0,0,1,0,0,0,1,0,0,0,0,0,0,0,0,0,0
119895,0,0,0,0,0,0,0,0,0,0,0,0,1,0,0,0,1,0,0,0,0,0,0,0,0,0,0
119945,0,0,0,0,0,0,0,0,0,0,0,0,1,0,0,0,1,0,0,0,0,0,0,0,0,0,0
119995,0,0,0,0,0,0,0,0,0,0,0,0,1,0,0,0,1,0,0,0,0,0,0,0,0,0,0
120045,0,0,0,0,0,0,0,0,0,0,0,0,1,0,0,0,1,0,0,0,0,0,0,0,0,0,0
120095,0,0,0,0,0,0,0,0,0,0,0,0,1,0,0,0,1,0,0,0,0,0,0,0,0,0,0
120145,0,0,0,0,0,0,0,0,0,0,0,0,1,0,0,0,1,0,0,0,0,0,0,0,0,0,0
120195,0,0,0,0,0,0,0,0,0,0,0,0,1,0,0,0,1,0,0,0,0,0,0,0,0,0,0
120245,0,0,0,0,0,0,0,0,0,0,0,0,1,0,0,0,1,0,0,0,0,0,0,0,0,0,0
120295,0,0,0,0,0,0,0,0,0,0,0,0,1,0,0,0,1,0,0,0,0,0,0,0,0,0,0
120345,0,0,0,0,0,0,0,0,0,0,0,0,1,0,0,0,1,0,0,0,0,0,0,0,0,0,0
120395,0,0,0,0,0,0,0,0,0,0,0,0,1,0,0,0,1,0,0,0,0,0,0,0,0,0,0
120445,0,0,0,0,0,0,0,0,0,0,0,0,1,0,0,0,1,0,0,0,0,0,0,0,0,0,0
120495,0,0,0,0,0,0,0,0,0,0,0,0,1,0,0,0,1,0,0,0,0,0,0,0,0,0,0
120545,0,0,0,0,0,0,0,0,0,0,0,0,1,0,0,0,1,0,0,0,0,0,0,0,0,0,0
120595,0,0,0,0,0,0,0,0,0,0,0,0,1,0,0,0,1,0,0,0,0,0,0,0,0,0,0
120645,0,0,0,0,0,0,0,0,0,0,0,0,1,0,0,0,1,0,0,0,0,0,0,0,0,0,0
120695,0,0,0,0,0,0,0,0,0,0,0,0,1,0,0,0,1,0,0,0,0,0,0,0,0,0,0
120745,0,0,0,0,0,0,0,0,0,0,0,0,1,0,0,0,1,0,0,0,0,0,0,0,0,0,0
120795,0,0,0,0,0,0,0,0,0,0,0,0,1,0,0,0,1,0,0,0,0,0,0,0,0,0,0
120845,0,0,0,0,0,0,0,0,0,0,0,0,1,0,0,0,1,0,0,0,0,0,0,0,0,0,0
120895,0,0,0,0,0,0,0,0,0,0,0,0,1,0,0,0,1,0,0,0,0,0,0,0,0,0,0
120945,0,0,0,0,0,0,0,0,0,0,0,0,1,0,0,0,1,0,0,0,0,0,0,0,0,0,0
120995,0,0,0,0,0,0,0,0,0,0,0,0,1,0,0,0,1,0,0,0,0,0,0,0,0,0,0
121045,0,0,0,0,0,0,0,0,0,0,0,0,1,0,0,0,1,0,0,0,0,0,0,0,0,0,0
121095,0,0,0,0,0,0,0,0,0,0,0,0,1,0,0,0,1,0,0,0,0,0,0,0,0,0,0
121145,0,0,0,0,0,0,0,0,0,0,0,0,1,0,0,0,1,0,0,0,0,0,0,0,0,0,0
121195,0,0,0,0,0,0,0,0,0,0,0,0,1,0,0,0,1,0,0,0,0,0,0,0,0,0,0
121245,0,0,0,0,0,0,0,0,0,0,0,0,1,0,0,0,1,0,0,0,0,0,0,0,0,0,0
121295,0,0,0,0,0,0,0,0,0,0,0,0,1,0,0,0,1,0,0,0,0,0,0,0,0,0,0
121345,0,0,0,0,0,0,0,0,0,0,0,0,1,0,0,0,1,0,0,0,0,0,0,0,0,0,0
121395,0,0,0,0,0,0,0,0,0,0,0,0,1,0,0,0,1,0,0,0,0,0,0,0,0,0,0
121445,0,0,0,0,0,0,0,0,0,0,0,0,1,0,0,0,1,0,0,0,0,0,0,0,0,0,0
121495,0,0,0,0,0,0,0,0,0,0,0,0,1,0,0,0,1,0,0,0,0,0,0,0,0,0,0
121545,0,0,0,0,0,0,0,0,0,0,0,0,1,0,0,0,1,0,0,0,0,0,0,0,0,0,0
121595,0,0,0,0,0,0,0,0,0,0,0,0,1,0,0,0,1,0,0,0,0,0,0,0,0,0,0
121645,0,0,0,0,0,0,0,0,0,0,0,0,1,0,0,0,1,0,0,0,0,0,0,0,0,0,0
121695,0,0,0,0,0,0,0,0,0,0,0,0,1,0,0,0,1,0,0,0,0,0,0,0,0,0,0
121745,0,0,0,0,0,0,0,0,0,0,0,0,1,0,0,0,1,0,0,0,0,0,0,0,0,0,0
121795,0,0,0,0,0,0,0,0,0,0,0,0,1,0,0,0,1,0,0,0,0,0,0,0,0,0,0
121845,0,0,0,0,0,0,0,0,0,0,0,0,1,0,0,0,1,0,0,0,0,0,0,0,0,0,0
121895,0,0,0,0,0,0,0,0,0,0,0,0,1,0,0,0,1,0,0,0,0,0,0,0,0,0,0
121945,0,0,0,0,0,0,0,0,0,0,0,0,1,0,0,0,1,0,0,0,0,0,0,0,0,0,0
121995,0,0,0,0,0,0,0,0,0,0,0,0,1,0,0,0,1,0,0,0,0,0,0,0,0,0,0
122045,0,0,0,0,0,0,0,0,0,0,0,0,1,0,0,0,1,0,0,0,0,0,0,0,0,0,0
122095,0,0,0,0,0,0,0,0,0,0,0,0,1,0,0,0,1,0,0,0,0,0,0,0,0,0,0
122145,0,0,0,0,0,0,0,0,0,0,0,0,1,0,0,0,1,0,0,0,0,0,0,0,0,0,0
122195,0,0,0,0,0,0,0,0,0,0,0,0,1,0,0,0,1,0,0,0,0,0,0,0,0,0,0
122245,0,0,0,0,0,0,0,0,0,0,0,0,1,0,0,0,1,0,0,0,0,0,0,0,0,0,0
122295,0,0,0,0,0,0,0,0,0,0,0,0,1,0,0,0,1,0,0,0,0,0,0,0,0,0,0
122345,0,0,0,0,0,0,0,0,0,0,0,0,1,0,0,0,1,0,0,0,0,0,0,0,0,0,0
122395,0,0,0,0,0,0,0,0,0,0,0,0,1,0,0,0,1,0,0,0,0,0,0,0,0,0,0
122445,0,0,0,0,0,0,0,0,0,0,0,0,1,0,0,0,1,0,0,0,0,0,0,0,0,0,0
122495,0,0,0,0,0,0,0,0,0,0,0,0,1,0,0,0,1,0,0,0,0,0,0,0,0,0,0
122545,0,0,0,0,0,0,0,0,0,0,0,0,1,0,0,0,1,0,0,0,0,0,0,0,0,0,0
122595,0,0,0,0,0,0,0,0,0,0,0,0,1,0,0,0,1,0,0,0,0,0,0,0,0,0,0
122645,0,0,0,0,0,0,0,0,0,0,0,0,1,0,0,0,1,0,0,0,0,0,0,0,0,0,0
122695,0,0,0,0,0,0,0,0,0,0,0,0,1,0,0,0,1,0,0,0,0,0,0,0,0,0,0
122745,0,0,0,0,0,0,0,0,0,0,0,0,1,0,0,0,1,0,0,0,0,0,0,0,0,0,0
122795,0,0,0,0,0,0,0,0,0,0,0,0,1,0,0,0,1,0,0,0,0,0,0,0,0,0,0
122845,0,0,0,0,0,0,0,0,0,0,0,0,1,0,0,0,1,0,0,0,0,0,0,0,0,0,0
122895,0,0,0,0,0,0,0,0,0,0,0,0,1,0,0,0,1,0,0,0,0,0,0,0,0,0,0
122945,0,0,0,0,0,0,0,0,0,0,0,0,1,0,0,0,1,0,0,0,0,0,0,0,0,0,0
122995,0,0,0,0,0,0,0,0,0,0,0,0,1,0,0,0,1,0,0,0,0,0,0,0,0,0,0
123045,0,0,0,0,0,0,0,0,0,0,0,0,1,0,0,0,1,0,0,0,0,0,0,0,0,0,0
123095,0,0,0,0,0,0,0,0,0,0,0,0,1,0,0,0,1,0,0,0,0,0,0,0,0,0,0
123145,0,0,0,0,0,0,0,0,0,0,0,0,1,0,0,0,1,0,0,0,0,0,0,0,0,0,0
123195,0,0,0,0,0,0,0,0,0,0,0,0,1,0,0,0,1,0,0,0,0,0,0,0,0,0,0
123245,0,0,0,0,0,0,0,0,0,0,0,0,1,0,0,0,1,0,0,0,0,0,0,0,0,0,0
123295,0,0,0,0,0,0,0,0,0,0,0,0,1,0,0,0,1,0,0,0,0,0,0,0,0,0,0
123345,0,0,0,0,0,0,0,0,0,0,0,0,1,0,0,0,1,0,0,0,0,0,0,0,0,0,0
123395,0,0,0,0,0,0,0,0,0,0,0,0,1,0,0,0,1,0,0,0,0,0,0,0,0,0,0
123445,0,0,0,0,0,0,0,0,0,0,0,0,1,0,0,0,1,0,0,0,0,0,0,0,0,0,0
123495,0,0,0,0,0,0,0,0,0,0,0,0,1,0,0,0,1,0,0,0,0,0,0,0,0,0,0
123545,0,0,0,0,0,0,0,0,0,0,0,0,1,0,0,0,1,0,0,0,0,0,0,0,0,0,0
123595,0,0,0,0,0,0,0,0,0,0,0,0,1,0,0,0,1,0,0,0,0,0,0,0,0,0,0
123645,0,0,0,0,0,0,0,0,0,0,0,0,1,0,0,0,1,0,0,0,0,0,0,0,0,0,0
123695,0,0,0,0,0,0,0,0,0,0,0,0,1,0,0,0,1,0,0,0,0,0,0,0,0,0,0
123745,0,0,0,0,0,0,0,0,0,0,0,0,1,0,0,0,1,0,0,0,0,0,0,0,0,0,0
123795,0,0,0,0,0,0,0,0,0,0,0,0,1,0,0,0,1,0,0,0,0,0,0,0,0,0,0
123845,0,0,0,0,0,0,0,0,0,0,0,0,1,0,0,0,1,0,0,0,0,0,0,0,0,0,0
123895,0,0,0,0,0,0,0,0,0,0,0,0,1,0,0,0,1,0,0,0,0,0,0,0,0,0,0
123945,0,0,0,0,0,0,0,0,0,0,0,0,1,0,0,0,1,0,0,0,0,0,0,0,0,0,0
123995,0,0,0,0,0,0,0,0,0,0,0,0,1,0,0,0,1,0,0,0,0,0,0,0,0,0,0
124045,0,0,0,0,0,0,0,0,0,0,0,0,1,0,0,0,1,0,0,0,0,0,0,0,0,0,0
124095,0,0,0,0,0,0,0,0,0,0,0,0,1,0,0,0,1,0,0,0,0,0,0,0,0,0,0
124145,0,0,0,0,0,0,0,0,0,0,0,0,1,0,0,0,1,0,0,0,0,0,0,0,0,0,0
124195,0,0,0,0,0,0,0,0,0,0,0,0,1,0,0,0,1,0,0,0,0,0,0,0,0,0,0
124245,0,0,0,0,0,0,0,0,0,0,0,0,1,0,0,0,1,0,0,0,0,0,0,0,0,0,0
124295,0,0,0,0,0,0,0,0,0,0,0,0,1,0,0,0,1,0,0,0,0,0,0,0,0,0,0
124345,0,0,0,0,0,0,0,0,0,0,0,0,1,0,0,0,1,0,0,0,0,0,0,0,0,0,0
124395,0,0,0,0,0,0,0,0,0,0,0,0,1,0,0,0,1,0,0,0,0,0,0,0,0,0,0
124445,0,0,0,0,0,0,0,0,0,0,0,0,1,0,0,0,1,0,0,0,0,0,0,0,0,0,0
124495,0,0,0,0,0,0,0,0,0,0,0,0,1,0,0,0,1,0,0,0,0,0,0,0,0,0,0
124545,0,0,0,0,0,0,0,0,0,0,0,0,1,0,0,0,1,0,0,0,0,0,0,0,0,0,0
124595,0,0,0,0,0,0,0,0,0,0,0,0,1,0,0,0,1,0,0,0,0,0,0,0,0,0,0
124645,0,0,0,0,0,0,0,0,0,0,0,0,1,0,0,0,1,0,0,0,0,0,0,0,0,0,0
124695,0,0,0,0,0,0,0,0,0,0,0,0,1,0,0,0,1,0,0,0,0,0,0,0,0,0,0
124745,0,0,0,0,0,0,0,0,0,0,0,0,1,0,0,0,1,0,0,0,0,0,0,0,0,0,0
124795,0,0,0,0,0,0,0,0,0,0,0,0,1,0,0,0,1,0,0,0,0,0,0,0,0,0,0
124845,0,0,0,0,0,0,0,0,0,0,0,0,1,0,0,0,1,0,0,0,0,0,0,0,0,0,0
124895,0,0,0,0,0,0,0,0,0,0,0,0,1,0,0,0,1,0,0,0,0,0,0,0,0,0,0
124945,0,0,0,0,0,0,0,0,0,0,0,0,1,0,0,0,1,0,0,0,0,0,0,0,0,0,0
124995,0,0,0,0,0,0,0,0,0,0,0,0,1,0,0,0,1,0,0,0,0,0,0,0,0,0,0
125045,0,0,0,0,0,0,0,0,0,0,0,0,1,0,0,0,1,0,0,0,0,0,0,0,0,0,0
125095,0,0,0,0,0,0,0,0,0,0,0,0,1,0,0,0,1,0,0,0,0,0,0,0,0,0,0
125145,0,0,0,0,0,0,0,0,0,0,0,0,1,0,0,0,1,0,0,0,0,0,0,0,0,0,0
125195,0,0,0,0,0,0,0,0,0,0,0,0,1,0,0,0,1,0,0,0,0,0,0,0,0,0,0
125245,0,0,0,0,0,0,0,0,0,0,0,0,1,0,0,0,1,0,0,0,0,0,0,0,0,0,0
125295,0,0,0,0,0,0,0,0,0,0,0,0,1,0,0,0,1,0,0,0,0,0,0,0,0,0,0
125345,0,0,0,0,0,0,0,0,0,0,0,0,1,0,0,0,1,0,0,0,0,0,0,0,0,0,0
125395,0,0,0,0,0,0,0,0,0,0,0,0,1,0,0,0,1,0,0,0,0,0,0,0,0,0,0
125445,0,0,0,0,0,0,0,0,0,0,0,0,1,0,0,0,1,0,0,0,0,0,0,0,0,0,0
125495,0,0,0,0,0,0,0,0,0,0,0,0,1,0,0,0,1,0,0,0,0,0,0,0,0,0,0
125545,0,0,0,0,0,0,0,0,0,0,0,0,1,0,0,0,1,0,0,0,0,0,0,0,0,0,0
125595,0,0,0,0,0,0,0,0,0,0,0,0,1,0,0,0,1,0,0,0,0,0,0,0,0,0,0
125645,0,0,0,0,0,0,0,0,0,0,0,0,1,0,0,0,1,0,0,0,0,0,0,0,0,0,0
125695,0,0,0,0,0,0,0,0,0,0,0,0,1,0,0,0,1,0,0,0,0,0,0,0,0,0,0
125745,0,0,0,0,0,0,0,0,0,0,0,0,1,0,0,0,1,0,0,0,0,0,0,0,0,0,0
125795,0,0,0,0,0,0,0,0,0,0,0,0,1,0,0,0,1,0,0,0,0,0,0,0,0,0,0
125845,0,0,0,0,0,0,0,0,0,0,0,0,1,0,0,0,1,0,0,0,0,0,0,0,0,0,0
125895,0,0,0,0,0,0,0,0,0,0,0,0,1,0,0,0,1,0,0,0,0,0,0,0,0,0,0
125945,0,0,0,0,0,0,0,0,0,0,0,0,1,0,0,0,1,0,0,0,0,0,0,0,0,0,0
125995,0,0,0,0,0,0,0,0,0,0,0,0,1,0,0,0,1,0,0,0,0,0,0,0,0,0,0
126045,0,0,0,0,0,0,0,0,0,0,0,0,1,0,0,0,1,0,0,0,0,0,0,0,0,0,0
126095,0,0,0,0,0,0,0,0,0,0,0,0,1,0,0,0,1,0,0,0,0,0,0,0,0,0,0
126145,0,0,0,0,0,0,0,0,0,0,0,0,1,0,0,0,1,0,0,0,0,0,0,0,0,0,0
126195,0,0,0,0,0,0,0,0,0,0,0,0,1,0,0,0,1,0,0,0,0,0,0,0,0,0,0
126245,0,0,0,0,0,0,0,0,0,0,0,0,1,0,0,0,1,0,0,0,0,0,0,0,0,0,0
126295,0,0,0,0,0,0,0,0,0,0,0,0,1,0,0,0,1,0,0,0,0,0,0,0,0,0,0
126345,0,0,0,0,0,0,0,0,0,0,0,0,1,0,0,0,1,0,0,0,0,0,0,0,0,0,0
126395,0,0,0,0,0,0,0,0,0,0,0,0,1,0,0,0,1,0,0,0,0,0,0,0,0,0,0
126445,0,0,0,0,0,0,0,0,0,0,0,0,1,0,0,0,1,0,0,0,0,0,0,0,0,0,0
126495,0,0,0,0,0,0,0,0,0,0,0,0,1,0,0,0,1,0,0,0,0,0,0,0,0,0,0
126545,0,0,0,0,0,0,0,0,0,0,0,0,1,0,0,0,1,0,0,0,0,0,0,0,0,0,0
126595,0,0,0,0,0,0,0,0,0,0,0,0,1,0,0,0,1,0,0,0,0,0,0,0,0,0,0
126645,0,0,0,0,0,0,0,0,0,0,0,0,1,0,0,0,1,0,0,0,0,0,0,0,0,0,0
126695,0,0,0,0,0,0,0,0,0,0,0,0,1,0,0,0,1,0,0,0,0,0,0,0,0,0,0
126745,0,0,0,0,0,0,0,0,0,0,0,0,1,0,0,0,1,0,0,0,0,0,0,0,0,0,0
126795,0,0,0,0,0,0,0,0,0,0,0,0,1,0,0,0,1,0,0,0,0,0,0,0,0,0,0
126845,0,0,0,0,0,0,0,0,0,0,0,0,1,0,0,0,1,0,0,0,0,0,0,0,0,0,0
126895,0,0,0,0,0,0,0,0,0,0,0,0,1,0,0,0,1,0,0,0,0,0,0,0,0,0,0
126945,0,0,0,0,0,0,0,0,0,0,0,0,1,0,0,0,1,0,0,0,0,0,0,0,0,0,0
126995,0,0,0,0,0,0,0,0,0,0,0,0,1,0,0,0,1,0,0,0,0,0,0,0,0,0,0
127045,0,0,0,0,0,0,0,0,0,0,0,0,1,0,0,0,1,0,0,0,0,0,0,0,0,0,0
127095,0,0,0,0,0,0,0,0,0,0,0,0,1,0,0,0,1,0,0,0,0,0,0,0,0,0,0
127145,0,0,0,0,0,0,0,0,0,0,0,0,1,0,0,0,1,0,0,0,0,0,0,0,0,0,0
127195,0,0,0,0,0,0,0,0,0,0,0,0,1,0,0,0,1,0,0,0,0,0,0,0,0,0,0
127245,0,0,0,0,0,0,0,0,0,0,0,0,1,0,0,0,1,0,0,0,0,0,0,0,0,0,0
127295,0,0,0,0,0,0,0,0,0,0,0,0,1,0,0,0,1,0,0,0,0,0,0,0,0,0,0
127345,0,0,0,0,0,0,0,0,0,0,0,0,1,0,0,0,1,0,0,0,0,0,0,0,0,0,0
127395,0,0,0,0,0,0,0,0,0,0,0,0,1,0,0,0,1,0,0,0,0,0,0,0,0,0,0
127445,0,0,0,0,0,0,0,0,0,0,0,0,1,0,0,0,1,0,0,0,0,0,0,0,0,0,0
127495,0,0,0,0,0,0,0,0,0,0,0,0,1,0,0,0,1,0,0,0,0,0,0,0,0,0,0
127545,0,0,0,0,0,0,0,0,0,0,0,0,1,0,0,0,1,0,0,0,0,0,0,0,0,0,0
127595,0,0,0,0,0,0,0,0,0,0,0,0,1,0,0,0,1,0,0,0,0,0,0,0,0,0,0
127645,0,0,0,0,0,0,0,0,0,0,0,0,1,0,0,0,1,0,0,0,0,0,0,0,0,0,0
127695,0,0,0,0,0,0,0,0,0,0,0,0,1,0,0,0,1,0,0,0,0,0,0,0,0,0,0
127745,0,0,0,0,0,0,0,0,0,0,0,0,1,0,0,0,1,0,0,0,0,0,0,0,0,0,0
127795,0,0,0,0,0,0,0,0,0,0,0,0,1,0,0,0,1,0,0,0,0,0,0,0,0,0,0
127845,0,0,0,0,0,0,0,0,0,0,0,0,1,0,0,0,1,0,0,0,0,0,0,0,0,0,0
127895,0,0,0,0,0,0,0,0,0,0,0,0,1,0,0,0,1,0,0,0,0,0,0,0,0,0,0
127945,0,0,0,0,0,0,0,0,0,0,0,0,1,0,0,0,1,0,0,0,0,0,0,0,0,0,0
127995,0,0,0,0,0,0,0,0,0,0,0,0,1,0,0,0,1,0,0,0,0,0,0,0,0,0,0
128045,0,0,0,0,0,0,0,0,0,0,0,0,1,0,0,0,1,0,0,0,0,0,0,0,0,0,0
128095,0,0,0,0,0,0,0,0,0,0,0,0,1,0,0,0,1,0,0,0,0,0,0,0,0,0,0
128145,0,0,0,0,0,0,0,0,0,0,0,0,1,0,0,0,1,0,0,0,0,0,0,0,0,0,0
128195,0,0,0,0,0,0,0,0,0,0,0,0,1,0,0,0,1,0,0,0,0,0,0,0,0,0,0
128245,0,0,0,0,0,0,0,0,0,0,0,0,1,0,0,0,1,0,0,0,0,0,0,0,0,0,0
128295,0,0,0,0,0,0,0,0,0,0,0,0,1,0,0,0,1,0,0,0,0,0,0,0,0,0,0
128345,0,0,0,0,0,0,0,0,0,0,0,0,1,0,0,0,1,0,0,0,0,0,0,0,0,0,0
128395,0,0,0,0,0,0,0,0,0,0,0,0,1,0,0,0,1,0,0,0,0,0,0,0,0,0,0
128445,0,0,0,0,0,0,0,0,0,0,0,0,1,0,0,0,1,0,0,0,0,0,0,0,0,0,0
128495,0,0,0,0,0,0,0,0,0,0,0,0,1,0,0,0,1,0,0,0,0,0,0,0,0,0,0
128545,0,0,0,0,0,0,0,0,0,0,0,0,1,0,0,0,1,0,0,0,0,0,0,0,0,0,0
128595,0,0,0,0,0,0,0,0,0,0,0,0,1,0,0,0,1,0,0,0,0,0,0,0,0,0,0
128645,0,0,0,0,0,0,0,0,0,0,0,0,1,0,0,0,1,0,0,0,0,0,0,0,0,0,0
128695,0,0,0,0,0,0,0,0,0,0,0,0,1,0,0,0,1,0,0,0,0,0,0,0,0,0,0
128745,0,0,0,0,0,0,0,0,0,0,0,0,1,0,0,0,1,0,0,0,0,0,0,0,0,0,0
128795,0,0,0,0,0,0,0,0,0,0,0,0,1,0,0,0,1,0,0,0,0,0,0,0,0,0,0
128845,0,0,0,0,0,0,0,0,0,0,0,0,1,0,0,0,1,0,0,0,0,0,0,0,0,0,0
128895,0,0,0,0,0,0,0,0,0,0,0,0,1,0,0,0,1,0,0,0,0,0,0,0,0,0,0
128945,0,0,0,0,0,0,0,0,0,0,0,0,1,0,0,0,1,0,0,0,0,0,0,0,0,0,0
128995,0,0,0,0,0,0,0,0,0,0,0,0,1,0,0,0,1,0,0,0,0,0,0,0,0,0,0
129045,0,0,0,0,0,0,0,0,0,0,0,0,1,0,0,0,1,0,0,0,0,0,0,0,0,0,0
129095,0,0,0,0,0,0,0,0,0,0,0,0,1,0,0,0,1,0,0,0,0,0,0,0,0,0,0
129145,0,0,0,0,0,0,0,0,0,0,0,0,1,0,0,0,1,0,0,0,0,0,0,0,0,0,0
129195,0,0,0,0,0,0,0,0,0,0,0,0,1,0,0,0,1,0,0,0,0,0,0,0,0,0,0
129245,0,0,0,0,0,0,0,0,0,0,0,0,1,0,0,0,1,0,0,0,0,0,0,0,0,0,0
129295,0,0,0,0,0,0,0,0,0,0,0,0,1,0,0,0,1,0,0,0,0,0,0,0,0,0,0
129345,0,0,0,0,0,0,0,0,0,0,0,0,1,0,0,0,1,0,0,0,0,0,0,0,0,0,0
129395,0,0,0,0,0,0,0,0,0,0,0,0,1,0,0,0,1,0,0,0,0,0,0,0,0,0,0
129445,0,0,0,0,0,0,0,0,0,0,0,0,1,0,0,0,1,0,0,0,0,0,0,0,0,0,0
129495,0,0,0,0,0,0,0,0,0,0,0,0,1,0,0,0,1,0,0,0,0,0,0,0,0,0,0
129545,0,0,0,0,0,0,0,0,0,0,0,0,1,0,0,0,1,0,0,0,0,0,0,0,0,0,0
129595,0,0,0,0,0,0,0,0,0,0,0,0,1,0,0,0,1,0,0,0,0,0,0,0,0,0,0
129645,0,0,0,0,0,0,0,0,0,0,0,0,1,0,0,0,1,0,0,0,0,0,0,0,0,0,0
129695,0,0,0,0,0,0,0,0,0,0,0,0,1,0,0,0,1,0,0,0,0,0,0,0,0,0,0
129745,0,0,0,0,0,0,0,0,0,0,0,0,1,0,0,0,1,0,0,0,0,0,0,0,0,0,0
129795,0,0,0,0,0,0,0,0,0,0,0,0,1,0,0,0,1,0,0,0,0,0,0,0,0,0,0
129845,0,0,0,0,0,0,0,0,0,0,0,0,1,0,0,0,1,0,0,0,0,0,0,0,0,0,0
129895,0,0,0,0,0,0,0,0,0,0,0,0,1,0,0,0,1,0,0,0,0,0,0,0,0,0,0
129945,0,0,0,0,0,0,0,0,0,0,0,0,1,0,0,0,1,0,0,0,0,0,0,0,0,0,0
129995,0,0,0,0,0,0,0,0,0,0,0,0,1,0,0,0,1,0,0,0,0,0,0,0,0,0,0
130045,0,0,0,0,0,0,0,0,0,0,0,0,1,0,0,0,1,0,0,0,0,0,0,0,0,0,0
130095,0,0,0,0,0,0,0,0,0,0,0,0,1,0,0,0,1,0,0,0,0,0,0,0,0,0,0
130145,0,0,0,0,0,0,0,0,0,0,0,0,1,0,0,0,1,0,0,0,0,0,0,0,0,0,0
130195,0,0,0,0,0,0,0,0,0,0,0,0,1,0,0,0,1,0,0,0,0,0,0,0,0,0,0
130245,0,0,0,0,0,0,0,0,0,0,0,0,1,0,0,0,1,0,0,0,0,0,0,0,0,0,0
130295,0,0,0,0,0,0,0,0,0,0,0,0,1,0,0,0,1,0,0,0,0,0,0,0,0,0,0
130345,0,0,0,0,0,0,0,0,0,0,0,0,1,0,0,0,1,0,0,0,0,0,0,0,0,0,0
130395,0,0,0,0,0,0,0,0,0,0,0,0,1,0,0,0,1,0,0,0,0,0,0,0,0,0,0
130445,0,0,0,0,0,0,0,0,0,0,0,0,1,0,0,0,1,0,0,0,0,0,0,0,0,0,0
130495,0,0,0,0,0,0,0,0,0,0,0,0,1,0,0,0,1,0,0,0,0,0,0,0,0,0,0
130545,0,0,0,0,0,0,0,0,0,0,0,0,1,0,0,0,1,0,0,0,0,0,0,0,0,0,0
130595,0,0,0,0,0,0,0,0,0,0,0,0,1,0,0,0,1,0,0,0,0,0,0,0,0,0,0
130645,0,0,0,0,0,0,0,0,0,0,0,0,1,0,0,0,1,0,0,0,0,0,0,0,0,0,0
130695,0,0,0,0,0,0,0,0,0,0,0,0,1,0,0,0,1,0,0,0,0,0,0,0,0,0,0
130745,0,0,0,0,0,0,0,0,0,0,0,0,1,0,0,0,1,0,0,0,0,0,0,0,0,0,0
130795,0,0,0,0,0,0,0,0,0,0,0,0,1,0,0,0,1,0,0,0,0,0,0,0,0,0,0
130845,0,0,0,0,0,0,0,0,0,0,0,0,1,0,0,0,1,0,0,0,0,0,0,0,0,0,0
130895,0,0,0,0,0,0,0,0,0,0,0,0,1,0,0,0,1,0,0,0,0,0,0,0,0,0,0
130945,0,0,0,0,0,0,0,0,0,0,0,0,1,0,0,0,1,0,0,0,0,0,0,0,0,0,0
130995,0,0,0,0,0,0,0,0,0,0,0,0,1,0,0,0,1,0,0,0,0,0,0,0,0,0,0
131045,0,0,0,0,0,0,0,0,0,0,0,0,1,0,0,0,1,0,0,0,0,0,0,0,0,0,0
131095,0,0,0,0,0,0,0,0,0,0,0,0,1,0,0,0,1,0,0,0,0,0,0,0,0,0,0
131145,0,0,0,0,0,0,0,0,0,0,0,0,1,0,0,0,1,0,0,0,0,0,0,0,0,0,0
131195,0,0,0,0,0,0,0,0,0,0,0,0,1,0,0,0,1,0,0,0,0,0,0,0,0,0,0
131245,0,0,0,0,0,0,0,0,0,0,0,0,1,0,0,0,1,0,0,0,0,0,0,0,0,0,0
131295,0,0,0,0,0,0,0,0,0,0,0,0,1,0,0,0,1,0,0,0,0,0,0,0,0,0,0
131345,0,0,0,0,0,0,0,0,0,0,0,0,1,0,0,0,1,0,0,0,0,0,0,0,0,0,0
131395,0,0,0,0,0,0,0,0,0,0,0,0,1,0,0,0,1,0,0,0,0,0,0,0,0,0,0
131445,0,0,0,0,0,0,0,0,0,0,0,0,1,0,0,0,1,0,0,0,0,0,0,0,0,0,0
131495,0,0,0,0,0,0,0,0,0,0,0,0,1,0,0,0,1,0,0,0,0,0,0,0,0,0,0
131545,0,0,0,0,0,0,0,0,0,0,0,0,1,0,0,0,1,0,0,0,0,0,0,0,0,0,0
131595,0,0,0,0,0,0,0,0,0,0,0,0,1,0,0,0,1,0,0,0,0,0,0,0,0,0,0
131645,0,0,0,0,0,0,0,0,0,0,0,0,1,0,0,0,1,0,0,0,0,0,0,0,0,0,0
131695,0,0,0,0,0,0,0,0,0,0,0,0,1,0,0,0,1,0,0,0,0,0,0,0,0,0,0
131745,0,0,0,0,0,0,0,0,0,0,0,0,1,0,0,0,1,0,0,0,0,0,0,0,0,0,0
131795,0,0,0,0,0,0,0,0,0,0,0,0,1,0,0,0,1,0,0,0,0,0,0,0,0,0,0
131845,0,0,0,0,0,0,0,0,0,0,0,0,1,0,0,0,1,0,0,0,0,0,0,0,0,0,0
131895,0,0,0,0,0,0,0,0,0,0,0,0,1,0,0,0,1,0,0,0,0,0,0,0,0,0,0
131945,0,0,0,0,0,0,0,0,0,0,0,0,1,0,0,0,1,0,0,0,0,0,0,0,0,0,0
131995,0,0,0,0,0,0,0,0,0,0,0,0,1,0,0,0,1,0,0,0,0,0,0,0,0,0,0
132045,0,0,0,0,0,0,0,0,0,0,0,0,1,0,0,0,1,0,0,0,0,0,0,0,0,0,0
132095,0,0,0,0,0,0,0,0,0,0,0,0,1,0,0,0,1,0,0,0,0,0,0,0,0,0,0
132145,0,0,0,0,0,0,0,0,0,0,0,0,1,0,0,0,1,0,0,0,0,0,0,0,0,0,0
132195,0,0,0,0,0,0,0,0,0,0,0,0,1,0,0,0,1,0,0,0,0,0,0,0,0,0,0
132245,0,0,0,0,0,0,0,0,0,0,0,0,1,0,0,0,1,0,0,0,0,0,0,0,0,0,0
132295,0,0,0,0,0,0,0,0,0,0,0,0,1,0,0,0,1,0,0,0,0,0,0,0,0,0,0
132345,0,0,0,0,0,0,0,0,0,0,0,0,1,0,0,0,1,0,0,0,0,0,0,0,0,0,0
132395,0,0,0,0,0,0,0,0,0,0,0,0,1,0,0,0,1,0,0,0,0,0,0,0,0,0,0
132445,0,0,0,0,0,0,0,0,0,0,0,0,1,0,0,0,1,0,0,0,0,0,0,0,0,0,0
132495,0,0,0,0,0,0,0,0,0,0,0,0,1,0,0,0,1,0,0,0,0,0,0,0,0,0,0
132545,0,0,0,0,0,0,0,0,0,0,0,0,1,0,0,0,1,0,0,0,0,0,0,0,0,0,0
132595,0,0,0,0,0,0,0,0,0,0,0,0,1,0,0,0,1,0,0,0,0,0,0,0,0,0,0
132645,0,0,0,0,0,0,0,0,0,0,0,0,1,0,0,0,1,0,0,0,0,0,0,0,0,0,0
132695,0,0,0,0,0,0,0,0,0,0,0,0,1,0,0,0,1,0,0,0,0,0,0,0,0,0,0
132745,0,0,0,0,0,0,0,0,0,0,0,0,1,0,0,0,1,0,0,0,0,0,0,0,0,0,0
132795,0,0,0,0,0,0,0,0,0,0,0,0,1,0,0,0,1,0,0,0,0,0,0,0,0,0,0
132845,0,0,0,0,0,0,0,0,0,0,0,0,1,0,0,0,1,0,0,0,0,0,0,0,0,0,0
132895,0,0,0,0,0,0,0,0,0,0,0,0,1,0,0,0,1,0,0,0,0,0,0,0,0,0,0
132945,0,0,0,0,0,0,0,0,0,0,0,0,1,0,0,0,1,0,0,0,0,0,0,0,0,0,0
132995,0,0,0,0,0,0,0,0,0,0,0,0,1,0,0,0,1,0,0,0,0,0,0,0,0,0,0
133045,0,0,0,0,0,0,0,0,0,0,0,0,1,0,0,0,1,0,0,0,0,0,0,0,0,0,0
133095,0,0,0,0,0,0,0,0,0,0,0,0,1,0,0,0,1,0,0,0,0,0,0,0,0,0,0
133145,0,0,0,0,0,0,0,0,0,0,0,0,1,0,0,0,1,0,0,0,0,0,0,0,0,0,0
133195,0,0,0,0,0,0,0,0,0,0,0,0,1,0,0,0,1,0,0,0,0,0,0,0,0,0,0
133245,0,0,0,0,0,0,0,0,0,0,0,0,1,0,0,0,1,0,0,0,0,0,0,0,0,0,0
133295,0,0,0,0,0,0,0,0,0,0,0,0,1,0,0,0,1,0,0,0,0,0,0,0,0,0,0
133345,0,0,0,0,0,0,0,0,0,0,0,0,1,0,0,0,1,0,0,0,0,0,0,0,0,0,0
133395,0,0,0,0,0,0,0,0,0,0,0,0,1,0,0,0,1,0,0,0,0,0,0,0,0,0,0
133445,0,0,0,0,0,0,0,0,0,0,0,0,1,0,0,0,1,0,0,0,0,0,0,0,0,0,0
133495,0,0,0,0,0,0,0,0,0,0,0,0,1,0,0,0,1,0,0,0,0,0,0,0,0,0,0
133545,0,0,0,0,0,0,0,0,0,0,0,0,1,0,0,0,1,0,0,0,0,0,0,0,0,0,0
133595,0,0,0,0,0,0,0,0,0,0,0,0,1,0,0,0,1,0,0,0,0,0,0,0,0,0,0
133645,0,0,0,0,0,0,0,0,0,0,0,0,1,0,0,0,1,0,0,0,0,0,0,0,0,0,0
133695,0,0,0,0,0,0,0,0,0,0,0,0,1,0,0,0,1,0,0,0,0,0,0,0,0,0,0
133745,0,0,0,0,0,0,0,0,0,0,0,0,1,0,0,0,1,0,0,0,0,0,0,0,0,0,0
133795,0,0,0,0,0,0,0,0,0,0,0,0,1,0,0,0,1,0,0,0,0,0,0,0,0,0,0
133845,0,0,0,0,0,0,0,0,0,0,0,0,1,0,0,0,1,0,0,0,0,0,0,0,0,0,0
133895,0,0,0,0,0,0,0,0,0,0,0,0,1,0,0,0,1,0,0,0,0,0,0,0,0,0,0
133945,0,0,0,0,0,0,0,0,0,0,0,0,1,0,0,0,1,0,0,0,0,0,0,0,0,0,0
133995,0,0,0,0,0,0,0,0,0,0,0,0,1,0,0,0,1,0,0,0,0,0,0,0,0,0,0
134045,0,0,0,0,0,0,0,0,0,0,0,0,1,0,0,0,1,0,0,0,0,0,0,0,0,0,0
134095,0,0,0,0,0,0,0,0,0,0,0,0,1,0,0,0,1,0,0,0,0,0,0,0,0,0,0
134145,0,0,0,0,0,0,0,0,0,0,0,0,1,0,0,0,1,0,0,0,0,0,0,0,0,0,0
134195,0,0,0,0,0,0,0,0,0,0,0,0,1,0,0,0,1,0,0,0,0,0,0,0,0,0,0
134245,0,0,0,0,0,0,0,0,0,0,0,0,1,0,0,0,1,0,0,0,0,0,0,0,0,0,0
134295,0,0,0,0,0,0,0,0,0,0,0,0,1,0,0,0,1,0,0,0,0,0,0,0,0,0,0
134345,0,0,0,0,0,0,0,0,0,0,0,0,1,0,0,0,1,0,0,0,0,0,0,0,0,0,0
134395,0,0,0,0,0,0,0,0,0,0,0,0,1,0,0,0,1,0,0,0,0,0,0,0,0,0,0
134445,0,0,0,0,0,0,0,0,0,0,0,0,1,0,0,0,1,0,0,0,0,0,0,0,0,0,0
134495,0,0,0,0,0,0,0,0,0,0,0,0,1,0,0,0,1,0,0,0,0,0,0,0,0,0,0
134545,0,0,0,0,0,0,0,0,0,0,0,0,1,0,0,0,1,0,0,0,0,0,0,0,0,0,0
134595,0,0,0,0,0,0,0,0,0,0,0,0,1,0,0,0,1,0,0,0,0,0,0,0,0,0,0
134645,0,0,0,0,0,0,0,0,0,0,0,0,1,0,0,0,1,0,0,0,0,0,0,0,0,0,0
134695,0,0,0,0,0,0,0,0,0,0,0,0,1,0,0,0,1,0,0,0,0,0,0,0,0,0,0
134745,0,0,0,0,0,0,0,0,0,0,0,0,1,0,0,0,1,0,0,0,0,0,0,0,0,0,0
134795,0,0,0,0,0,0,0,0,0,0,0,0,1,0,0,0,1,0,0,0,0,0,0,0,0,0,0
134845,0,0,0,0,0,0,0,0,0,0,0,0,1,0,0,0,1,0,0,0,0,0,0,0,0,0,0
134895,0,0,0,0,0,0,0,0,0,0,0,0,1,0,0,0,1,0,0,0,0,0,0,0,0,0,0
134945,0,0,0,0,0,0,0,0,0,0,0,0,1,0,0,0,1,0,0,0,0,0,0,0,0,0,0
134995,0,0,0,0,0,0,0,0,0,0,0,0,1,0,0,0,1,0,0,0,0,0,0,0,0,0,0
135045,0,0,0,0,0,0,0,0,0,0,0,0,1,0,0,0,1,0,0,0,0,0,0,0,0,0,0
135095,0,0,0,0,0,0,0,0,0,0,0,0,1,0,0,0,1,0,0,0,0,0,0,0,0,0,0
135145,0,0,0,0,0,0,0,0,0,0,0,0,1,0,0,0,1,0,0,0,0,0,0,0,0,0,0
135195,0,0,0,0,0,0,0,0,0,0,0,0,1,0,0,0,1,0,0,0,0,0,0,0,0,0,0
135245,0,0,0,0,0,0,0,0,0,0,0,0,1,0,0,0,1,0,0,0,0,0,0,0,0,0,0
135295,0,0,0,0,0,0,0,0,0,0,0,0,1,0,0,0,1,0,0,0,0,0,0,0,0,0,0
135345,0,0,0,0,0,0,0,0,0,0,0,0,1,0,0,0,1,0,0,0,0,0,0,0,0,0,0
135395,0,0,0,0,0,0,0,0,0,0,0,0,1,0,0,0,1,0,0,0,0,0,0,0,0,0,0
135445,0,0,0,0,0,0,0,0,0,0,0,0,1,0,0,0,1,0,0,0,0,0,0,0,0,0,0
135495,0,0,0,0,0,0,0,0,0,0,0,0,1,0,0,0,1,0,0,0,0,0,0,0,0,0,0
135545,0,0,0,0,0,0,0,0,0,0,0,0,1,0,0,0,1,0,0,0,0,0,0,0,0,0,0
135595,0,0,0,0,0,0,0,0,0,0,0,0,1,0,0,0,1,0,0,0,0,0,0,0,0,0,0
135645,0,0,0,0,0,0,0,0,0,0,0,0,1,0,0,0,1,0,0,0,0,0,0,0,0,0,0
135695,0,0,0,0,0,0,0,0,0,0,0,0,1,0,0,0,1,0,0,0,0,0,0,0,0,0,0
135745,0,0,0,0,0,0,0,0,0,0,0,0,1,0,0,0,1,0,0,0,0,0,0,0,0,0,0
135795,0,0,0,0,0,0,0,0,0,0,0,0,1,0,0,0,1,0,0,0,0,0,0,0,0,0,0
135845,0,0,0,0,0,0,0,0,0,0,0,0,1,0,0,0,1,0,0,0,0,0,0,0,0,0,0
135900,0,0,0,0,0,0,0,0,0,0,0,0,1,0,0,0,1,0,0,0,0,0,0,0,0,0,0
135945,0,0,0,0,0,0,0,0,0,0,0,0,1,0,0,0,1,0,0,0,0,0,0,0,0,0,0
135995,0,0,0,0,0,0,0,0,0,0,0,0,1,0,0,0,1,0,0,0,0,0,0,0,0,0,0
136045,0,0,0,0,0,0,0,0,0,0,0,0,1,0,0,0,1,0,0,0,0,0,0,0,0,0,0
136095,0,0,0,0,0,0,0,0,0,0,0,0,1,0,0,0,1,0,0,0,0,0,0,0,0,0,0
136145,0,0,0,0,0,0,0,0,0,0,0,0,1,0,0,0,1,0,0,0,0,0,0,0,0,0,0
136195,0,0,0,0,0,0,0,0,0,0,0,0,1,0,0,0,1,0,0,0,0,0,0,0,0,0,0
136245,0,0,0,0,0,0,0,0,0,0,0,0,1,0,0,0,1,0,0,0,0,0,0,0,0,0,0
136295,0,0,0,0,0,0,0,0,0,0,0,0,1,0,0,0,1,0,0,0,0,0,0,0,0,0,0
136345,0,0,0,0,0,0,0,0,0,0,0,0,1,0,0,0,1,0,0,0,0,0,0,0,0,0,0
136395,0,0,0,0,0,0,0,0,0,0,0,0,1,0,0,0,1,0,0,0,0,0,0,0,0,0,0
136445,0,0,0,0,0,0,0,0,0,0,0,0,1,0,0,0,1,0,0,0,0,0,0,0,0,0,0
136495,0,0,0,0,0,0,0,0,0,0,0,0,1,0,0,0,1,0,0,0,0,0,0,0,0,0,0
136545,0,0,0,0,0,0,0,0,0,0,0,0,1,0,0,0,1,0,0,0,0,0,0,0,0,0,0
136595,0,0,0,0,0,0,0,0,0,0,0,0,1,0,0,0,1,0,0,0,0,0,0,0,0,0,0
136645,0,0,0,0,0,0,0,0,0,0,0,0,1,0,0,0,1,0,0,0,0,0,0,0,0,0,0
136695,0,0,0,0,0,0,0,0,0,0,0,0,1,0,0,0,1,0,0,0,0,0,0,0,0,0,0
136745,0,0,0,0,0,0,0,0,0,0,0,0,1,0,0,0,1,0,0,0,0,0,0,0,0,0,0
136795,0,0,0,0,0,0,0,0,0,0,0,0,1,0,0,0,1,0,0,0,0,0,0,0,0,0,0
136845,0,0,0,0,0,0,0,0,0,0,0,0,1,0,0,0,1,0,0,0,0,0,0,0,0,0,0
136895,0,0,0,0,0,0,0,0,0,0,0,0,1,0,0,0,1,0,0,0,0,0,0,0,0,0,0
136945,0,0,0,0,0,0,0,0,0,0,0,0,1,0,0,0,1,0,0,0,0,0,0,0,0,0,0
136995,0,0,0,0,0,0,0,0,0,0,0,0,1,0,0,0,1,0,0,0,0,0,0,0,0,0,0
137045,0,0,0,0,0,0,0,0,0,0,0,0,1,0,0,0,1,0,0,0,0,0,0,0,0,0,0
137095,0,0,0,0,0,0,0,0,0,0,0,0,1,0,0,0,1,0,0,0,0,0,0,0,0,0,0
137145,0,0,0,0,0,0,0,0,0,0,0,0,1,0,0,0,1,0,0,0,0,0,0,0,0,0,0
137195,0,0,0,0,0,0,0,0,0,0,0,0,1,0,0,0,1,0,0,0,0,0,0,0,0,0,0
137245,0,0,0,0,0,0,0,0,0,0,0,0,1,0,0,0,1,0,0,0,0,0,0,0,0,0,0
137295,0,0,0,0,0,0,0,0,0,0,0,0,1,0,0,0,1,0,0,0,0,0,0,0,0,0,0
137345,0,0,0,0,0,0,0,0,0,0,0,0,1,0,0,0,1,0,0,0,0,0,0,0,0,0,0
137395,0,0,0,0,0,0,0,0,0,0,0,0,1,0,0,0,1,0,0,0,0,0,0,0,0,0,0
137445,0,0,0,0,0,0,0,0,0,0,0,0,1,0,0,0,1,0,0,0,0,0,0,0,0,0,0
137495,0,0,0,0,0,0,0,0,0,0,0,0,1,0,0,0,1,0,0,0,0,0,0,0,0,0,0
137545,0,0,0,0,0,0,0,0,0,0,0,0,1,0,0,0,1,0,0,0,0,0,0,0,0,0,0
137595,0,0,0,0,0,0,0,0,0,0,0,0,1,0,0,0,1,0,0,0,0,0,0,0,0,0,0
137645,0,0,0,0,0,0,0,0,0,0,0,0,1,0,0,0,1,0,0,0,0,0,0,0,0,0,0
137695,0,0,0,0,0,0,0,0,0,0,0,0,1,0,0,0,1,0,0,0,0,0,0,0,0,0,0
137745,0,0,0,0,0,0,0,0,0,0,0,0,1,0,0,0,1,0,0,0,0,0,0,0,0,0,0
137795,0,0,0,0,0,0,0,0,0,0,0,0,1,0,0,0,1,0,0,0,0,0,0,0,0,0,0
137845,0,0,0,0,0,0,0,0,0,0,0,0,1,0,0,0,1,0,0,0,0,0,0,0,0,0,0
137895,0,0,0,0,0,0,0,0,0,0,0,0,1,0,0,0,1,0,0,0,0,0,0,0,0,0,0
137945,0,0,0,0,0,0,0,0,0,0,0,0,1,0,0,0,1,0,0,0,0,0,0,0,0,0,0
137995,0,0,0,0,0,0,0,0,0,0,0,0,1,0,0,0,1,0,0,0,0,0,0,0,0,0,0
138045,0,0,0,0,0,0,0,0,0,0,0,0,1,0,0,0,1,0,0,0,0,0,0,0,0,0,0
138095,0,0,0,0,0,0,0,0,0,0,0,0,1,0,0,0,1,0,0,0,0,0,0,0,0,0,0
138145,0,0,0,0,0,0,0,0,0,0,0,0,1,0,0,0,1,0,0,0,0,0,0,0,0,0,0
138195,0,0,0,0,0,0,0,0,0,0,0,0,1,0,0,0,1,0,0,0,0,0,0,0,0,0,0
138245,0,0,0,0,0,0,0,0,0,0,0,0,1,0,0,0,1,0,0,0,0,0,0,0,0,0,0
138295,0,0,0,0,0,0,0,0,0,0,0,0,1,0,0,0,1,0,0,0,0,0,0,0,0,0,0
138345,0,0,0,0,0,0,0,0,0,0,0,0,1,0,0,0,1,0,0,0,0,0,0,0,0,0,0
138395,0,0,0,0,0,0,0,0,0,0,0,0,1,0,0,0,1,0,0,0,0,0,0,0,0,0,0
138445,0,0,0,0,0,0,0,0,0,0,0,0,1,0,0,0,1,0,0,0,0,0,0,0,0,0,0
138495,0,0,0,0,0,0,0,0,0,0,0,0,1,0,0,0,1,0,0,0,0,0,0,0,0,0,0
138545,0,0,0,0,0,0,0,0,0,0,0,0,1,0,0,0,1,0,0,0,0,0,0,0,0,0,0
138595,0,0,0,0,0,0,0,0,0,0,0,0,1,0,0,0,1,0,0,0,0,0,0,0,0,0,0
138645,0,0,0,0,0,0,0,0,0,0,0,0,1,0,0,0,1,0,0,0,0,0,0,0,0,0,0
138695,0,0,0,0,0,0,0,0,0,0,0,0,1,0,0,0,1,0,0,0,0,0,0,0,0,0,0
138745,0,0,0,0,0,0,0,0,0,0,0,0,1,0,0,0,1,0,0,0,0,0,0,0,0,0,0
138795,0,0,0,0,0,0,0,0,0,0,0,0,1,0,0,0,1,0,0,0,0,0,0,0,0,0,0
138845,0,0,0,0,0,0,0,0,0,0,0,0,1,0,0,0,1,0,0,0,0,0,0,0,0,0,0
138895,0,0,0,0,0,0,0,0,0,0,0,0,1,0,0,0,1,0,0,0,0,0,0,0,0,0,0
138945,0,0,0,0,0,0,0,0,0,0,0,0,1,0,0,0,1,0,0,0,0,0,0,0,0,0,0
138995,0,0,0,0,0,0,0,0,0,0,0,0,1,0,0,0,1,0,0,0,0,0,0,0,0,0,0
139045,0,0,0,0,0,0,0,0,0,0,0,0,1,0,0,0,1,0,0,0,0,0,0,0,0,0,0
139095,0,0,0,0,0,0,0,0,0,0,0,0,1,0,0,0,1,0,0,0,0,0,0,0,0,0,0
139145,0,0,0,0,0,0,0,0,0,0,0,0,1,0,0,0,1,0,0,0,0,0,0,0,0,0,0
139195,0,0,0,0,0,0,0,0,0,0,0,0,1,0,0,0,1,0,0,0,0,0,0,0,0,0,0
139245,0,0,0,0,0,0,0,0,0,0,0,0,1,0,0,0,1,0,0,0,0,0,0,0,0,0,0
139295,0,0,0,0,0,0,0,0,0,0,0,0,1,0,0,0,1,0,0,0,0,0,0,0,0,0,0
139345,0,0,0,0,0,0,0,0,0,0,0,0,1,0,0,0,1,0,0,0,0,0,0,0,0,0,0
139395,0,0,0,0,0,0,0,0,0,0,0,0,1,0,0,0,1,0,0,0,0,0,0,0,0,0,0
139445,0,0,0,0,0,0,0,0,0,0,0,0,1,0,0,0,1,0,0,0,0,0,0,0,0,0,0
139495,0,0,0,0,0,0,0,0,0,0,0,0,1,0,0,0,1,0,0,0,0,0,0,0,0,0,0
139545,0,0,0,0,0,0,0,0,0,0,0,0,1,0,0,0,1,0,0,0,0,0,0,0,0,0,0
139595,0,0,0,0,0,0,0,0,0,0,0,0,1,0,0,0,1,0,0,0,0,0,0,0,0,0,0
139645,0,0,0,0,0,0,0,0,0,0,0,0,1,0,0,0,1,0,0,0,0,0,0,0,0,0,0
139695,0,0,0,0,0,0,0,0,0,0,0,0,1,0,0,0,1,0,0,0,0,0,0,0,0,0,0
139745,0,0,0,0,0,0,0,0,0,0,0,0,1,0,0,0,1,0,0,0,0,0,0,0,0,0,0
139795,0,0,0,0,0,0,0,0,0,0,0,0,1,0,0,0,1,0,0,0,0,0,0,0,0,0,0
139845,0,0,0,0,0,0,0,0,0,0,0,0,1,0,0,0,1,0,0,0,0,0,0,0,0,0,0
139895,0,0,0,0,0,0,0,0,0,0,0,0,1,0,0,0,1,0,0,0,0,0,0,0,0,0,0
139945,0,0,0,0,0,0,0,0,0,0,0,0,1,0,0,0,1,0,0,0,0,0,0,0,0,0,0
139995,0,0,0,0,0,0,0,0,0,0,0,0,1,0,0,0,1,0,0,0,0,0,0,0,0,0,0
140045,0,0,0,0,0,0,0,0,0,0,0,0,1,0,0,0,1,0,0,0,0,0,0,0,0,0,0
140095,0,0,0,0,0,0,0,0,0,0,0,0,1,0,0,0,1,0,0,0,0,0,0,0,0,0,0
140145,0,0,0,0,0,0,0,0,0,0,0,0,1,0,0,0,1,0,0,0,0,0,0,0,0,0,0
140195,0,0,0,0,0,0,0,0,0,0,0,0,1,0,0,0,1,0,0,0,0,0,0,0,0,0,0
140245,0,0,0,0,0,0,0,0,0,0,0,0,1,0,0,0,1,0,0,0,0,0,0,0,0,0,0
140295,0,0,0,0,0,0,0,0,0,0,0,0,1,0,0,0,1,0,0,0,0,0,0,0,0,0,0
140345,0,0,0,0,0,0,0,0,0,0,0,0,1,0,0,0,1,0,0,0,0,0,0,0,0,0,0
140395,0,0,0,0,0,0,0,0,0,0,0,0,1,0,0,0,1,0,0,0,0,0,0,0,0,0,0
140445,0,0,0,0,0,0,0,0,0,0,0,0,1,0,0,0,1,0,0,0,0,0,0,0,0,0,0
140495,0,0,0,0,0,0,0,0,0,0,0,0,1,0,0,0,1,0,0,0,0,0,0,0,0,0,0
140545,0,0,0,0,0,0,0,0,0,0,0,0,1,0,0,0,1,0,0,0,0,0,0,0,0,0,0
140595,0,0,0,0,0,0,0,0,0,0,0,0,1,0,0,0,1,0,0,0,0,0,0,0,0,0,0
140645,0,0,0,0,0,0,0,0,0,0,0,0,1,0,0,0,1,0,0,0,0,0,0,0,0,0,0
140695,0,0,0,0,0,0,0,0,0,0,0,0,1,0,0,0,1,0,0,0,0,0,0,0,0,0,0
140745,0,0,0,0,0,0,0,0,0,0,0,0,1,0,0,0,1,0,0,0,0,0,0,0,0,0,0
140795,0,0,0,0,0,0,0,0,0,0,0,0,1,0,0,0,1,0,0,0,0,0,0,0,0,0,0
140845,0,0,0,0,0,0,0,0,0,0,0,0,1,0,0,0,1,0,0,0,0,0,0,0,0,0,0
140895,0,0,0,0,0,0,0,0,0,0,0,0,1,0,0,0,1,0,0,0,0,0,0,0,0,0,0
140945,0,0,0,0,0,0,0,0,0,0,0,0,1,0,0,0,1,0,0,0,0,0,0,0,0,0,0
140995,0,0,0,0,0,0,0,0,0,0,0,0,1,0,0,0,1,0,0,0,0,0,0,0,0,0,0
141045,0,0,0,0,0,0,0,0,0,0,0,0,1,0,0,0,1,0,0,0,0,0,0,0,0,0,0
141095,0,0,0,0,0,0,0,0,0,0,0,0,1,0,0,0,1,0,0,0,0,0,0,0,0,0,0
141145,0,0,0,0,0,0,0,0,0,0,0,0,1,0,0,0,1,0,0,0,0,0,0,0,0,0,0
141195,0,0,0,0,0,0,0,0,0,0,0,0,1,0,0,0,1,0,0,0,0,0,0,0,0,0,0
141245,0,0,0,0,0,0,0,0,0,0,0,0,1,0,0,0,1,0,0,0,0,0,0,0,0,0,0
141295,0,0,0,0,0,0,0,0,0,0,0,0,1,0,0,0,1,0,0,0,0,0,0,0,0,0,0
141345,0,0,0,0,0,0,0,0,0,0,0,0,1,0,0,0,1,0,0,0,0,0,0,0,0,0,0
141395,0,0,0,0,0,0,0,0,0,0,0,0,1,0,0,0,1,0,0,0,0,0,0,0,0,0,0
141445,0,0,0,0,0,0,0,0,0,0,0,0,1,0,0,0,1,0,0,0,0,0,0,0,0,0,0
141495,0,0,0,0,0,0,0,0,0,0,0,0,1,0,0,0,1,0,0,0,0,0,0,0,0,0,0
141545,0,0,0,0,0,0,0,0,0,0,0,0,1,0,0,0,1,0,0,0,0,0,0,0,0,0,0
141595,0,0,0,0,0,0,0,0,0,0,0,0,1,0,0,0,1,0,0,0,0,0,0,0,0,0,0
141645,0,0,0,0,0,0,0,0,0,0,0,0,1,0,0,0,1,0,0,0,0,0,0,0,0,0,0
141695,0,0,0,0,0,0,0,0,0,0,0,0,1,0,0,0,1,0,0,0,0,0,0,0,0,0,0
141745,0,0,0,0,0,0,0,0,0,0,0,0,1,0,0,0,1,0,0,0,0,0,0,0,0,0,0
141795,0,0,0,0,0,0,0,0,0,0,0,0,1,0,0,0,1,0,0,0,0,0,0,0,0,0,0
141845,0,0,0,0,0,0,0,0,0,0,0,0,1,0,0,0,1,0,0,0,0,0,0,0,0,0,0
141895,0,0,0,0,0,0,0,0,0,0,0,0,1,0,0,0,1,0,0,0,0,0,0,0,0,0,0
141945,0,0,0,0,0,0,0,0,0,0,0,0,1,0,0,0,1,0,0,0,0,0,0,0,0,0,0
141995,0,0,0,0,0,0,0,0,0,0,0,0,1,0,0,0,1,0,0,0,0,0,0,0,0,0,0
142045,0,0,0,0,0,0,0,0,0,0,0,0,1,0,0,0,1,0,0,0,0,0,0,0,0,0,0
142095,0,0,0,0,0,0,0,0,0,0,0,0,1,0,0,0,1,0,0,0,0,0,0,0,0,0,0
142145,0,0,0,0,0,0,0,0,0,0,0,0,1,0,0,0,1,0,0,0,0,0,0,0,0,0,0
142195,0,0,0,0,0,0,0,0,0,0,0,0,1,0,0,0,1,0,0,0,0,0,0,0,0,0,0
142245,0,0,0,0,0,0,0,0,0,0,0,0,1,0,0,0,1,0,0,0,0,0,0,0,0,0,0
142295,0,0,0,0,0,0,0,0,0,0,0,0,1,0,0,0,1,0,0,0,0,0,0,0,0,0,0
142345,0,0,0,0,0,0,0,0,0,0,0,0,1,0,0,0,1,0,0,0,0,0,0,0,0,0,0
142395,0,0,0,0,0,0,0,0,0,0,0,0,1,0,0,0,1,0,0,0,0,0,0,0,0,0,0
142445,0,0,0,0,0,0,0,0,0,0,0,0,1,0,0,0,1,0,0,0,0,0,0,0,0,0,0
142495,0,0,0,0,0,0,0,0,0,0,0,0,1,0,0,0,1,0,0,0,0,0,0,0,0,0,0
142545,0,0,0,0,0,0,0,0,0,0,0,0,1,0,0,0,1,0,0,0,0,0,0,0,0,0,0
142595,0,0,0,0,0,0,0,0,0,0,0,0,1,0,0,0,1,0,0,0,0,0,0,0,0,0,0
142645,0,0,0,0,0,0,0,0,0,0,0,0,1,0,0,0,1,0,0,0,0,0,0,0,0,0,0
142695,0,0,0,0,0,0,0,0,0,0,0,0,1,0,0,0,1,0,0,0,0,0,0,0,0,0,0
142745,0,0,0,0,0,0,0,0,0,0,0,0,1,0,0,0,1,0,0,0,0,0,0,0,0,0,0
142795,0,0,0,0,0,0,0,0,0,0,0,0,1,0,0,0,1,0,0,0,0,0,0,0,0,0,0
142845,0,0,0,0,0,0,0,0,0,0,0,0,1,0,0,0,1,0,0,0,0,0,0,0,0,0,0
142895,0,0,0,0,0,0,0,0,0,0,0,0,1,0,0,0,1,0,0,0,0,0,0,0,0,0,0
142945,0,0,0,0,0,0,0,0,0,0,0,0,1,0,0,0,1,0,0,0,0,0,0,0,0,0,0
142995,0,0,0,0,0,0,0,0,0,0,0,0,1,0,0,0,1,0,0,0,0,0,0,0,0,0,0
143045,0,0,0,0,0,0,0,0,0,0,0,0,1,0,0,0,1,0,0,0,0,0,0,0,0,0,0
143095,0,0,0,0,0,0,0,0,0,0,0,0,1,0,0,0,1,0,0,0,0,0,0,0,0,0,0
143145,0,0,0,0,0,0,0,0,0,0,0,0,1,0,0,0,1,0,0,0,0,0,0,0,0,0,0
143195,0,0,0,0,0,0,0,0,0,0,0,0,1,0,0,0,1,0,0,0,0,0,0,0,0,0,0
143245,0,0,0,0,0,0,0,0,0,0,0,0,1,0,0,0,1,0,0,0,0,0,0,0,0,0,0
143295,0,0,0,0,0,0,0,0,0,-0,0,0,1,0,0,0,1,0,0,0,0,0,0,0,0,0,0
143345,0,0,0,0,0,0,0,0,0,-0,0,0,1,0,0,0,1,0,0,0,0,0,0,0,0,0,0
143395,0,0,0,0,0,0,0,0,0,-0,0,0,1,0,0,0,1,0,0,0,0,0,0,0,0,0,0
143445,0,0,0,0,0,0,0,0,0,-0,0,0,1,0,0,0,1,0,0,0,0,0,0,0,0,0,0
143495,0,0,0,0,0,0,0,0,0,-0,0,0,1,0,0,0,1,0,0,0,0,0,0,0,0,0,0
143545,0,0,0,0,0,0,0,0,0,-0,0,0,1,0,0,0,1,0,0,0,0,0,0,0,0,0,0
143595,0,0,0,0,0,0,0,0,0,-0,0,0,1,0,0,0,1,0,0,0,0,0,0,0,0,0,0
143645,0,0,0,0,0,0,0,0,0,-0,0,0,1,0,0,0,1,0,0,0,0,0,0,0,0,0,0
143695,0,0,0,0,0,0,0,0,0,-0,0,0,1,0,0,0,1,0,0,0,0,0,0,0,0,0,0
143745,0,0,0,0,0,0,0,0,0,-0,0,0,1,0,0,0,1,0,0,0,0,0,0,0,0,0,0
143795,0,0,0,0,0,0,0,0,0,-0,0,0,1,0,0,0,1,0,0,0,0,0,0,0,0,0,0
143845,0,0,0,0,0,0,0,0,0,-0,0,0,1,0,0,0,1,0,0,0,0,0,0,0,0,0,0
143895,0,0,0,0,0,0,0,0,0,-0,0,0,1,0,0,0,1,0,0,0,0,0,0,0,0,0,0
143945,0,0,0,0,0,0,0,0,0,-0,0,0,1,0,0,0,1,0,0,0,0,0,0,0,0,0,0
143995,0,0,0,0,0,0,0,0,0,-0,0,0,1,0,0,0,1,0,0,0,0,0,0,0,0,0,0
144045,0,0,0,0,0,0,0,0,0,-0,0,0,1,0,0,0,1,0,0,0,0,0,0,0,0,0,0
144095,0,0,0,0,0,0,0,0,0,-0,0,0,1,0,0,0,1,0,0,0,0,0,0,0,0,0,0
144145,0,0,0,0,0,0,0,0,0,-0,0,0,1,0,0,0,1,0,0,0,0,0,0,0,0,0,0
144195,0,0,0,0,0,0,0,0,0,-0,0,0,1,0,0,0,1,0,0,0,0,0,0,0,0,0,0
144245,0,0,0,0,0,0,0,0,0,-0,0,0,1,0,0,0,1,0,0,0,0,0,0,0,0,0,0
144295,0,0,0,0,0,0,0,0,0,-0,0,0,1,0,0,0,1,0,0,0,0,0,0,0,0,0,0
144345,0,0,0,0,0,0,0,0,0,-0,0,0,1,0,0,0,1,0,0,0,0,0,0,0,0,0,0
144395,0,0,0,0,0,0,0,0,0,-0,0,0,1,0,0,0,1,0,0,0,0,0,0,0,0,0,0
144445,0,0,0,0,0,0,0,0,0,-0,0,0,1,0,0,0,1,0,0,0,0,0,0,0,0,0,0
144495,0,0,0,0,0,0,0,0,0,-0,0,0,1,0,0,0,1,0,0,0,0,0,0,0,0,0,0
144545,0,0,0,0,0,0,0,0,0,-0,0,0,1,0,0,0,1,0,0,0,0,0,0,0,0,0,0
144595,0,0,0,0,0,0,0,0,0,-0,0,0,1,0,0,0,1,0,0,0,0,0,0,0,0,0,0
144645,0,0,0,0,0,0,0,0,0,-0,0,0,1,0,0,0,1,0,0,0,0,0,0,0,0,0,0
144695,0,0,0,0,0,0,0,0,0,-0,0,0,1,0,0,0,1,0,0,0,0,0,0,0,0,0,0
144745,0,0,0,0,0,0,0,0,0,-0,0,0,1,0,0,0,1,0,0,0,0,0,0,0,0,0,0
144795,0.049917,0.002498,0.099999905,0,0,0,0.5,0,1,0.21973984,0,1.3048683,1,0,0,0,1,0,0,0,0.049917,0.002498,0.099999905,40.90595,49.360123,0,0
144845,0.074719,0.005614,0.1500001,0.042523634,0.0020824536,0.097865164,0.5,0,1,0.49441463,0,1.3048683,1,0,0,0,1,0,0,0,0.032386374,0.00036887266,0.052134994,36.859333,43.773075,0,0
144895,0.099335,0.009967,0.20000005,0.057532385,0.0038035787,0.13048688,0.5,0,1,0.35707724,0,0.65243393,1,0,0,0,1,0,0,0,0.042249203,0.0006717937,0.06951308,39.32401,46.790222,0,0
144945,0.123702,0.015544,0.25,0.08062863,0.0072186217,0.16310859,0.5,0,1,0.49441463,0,1.3048683,1,0,0,0,1,0,0,0,0.04385359,0.0012203534,0.086891405,39.454967,47.476883,0,0
144995,0.14776,0.022332,0.29999995,0.10900652,0.012365513,0.19573028,0.5,0,1,0.57681704,0,0.65243393,1,0,0,0,1,0,0,0,0.039951835,0.0022392976,0.10426974,38.02462,46.60883,0,0
145045,0.171449,0.030314,0.3499999,0.13720143,0.018435236,0.22835198,0.5,0,1,0.57681704,0,0.65243393,1,0,0,0,1,0,0,0,0.036047563,0.003817685,0.121647835,36.58027,45.734604,0,0
145095,0.194709,0.03947,0.4000001,0.16373883,0.025522431,0.29359534,0.5,0,1,0.54934955,0,1.3048679,1,0,0,0,1,0,0,0,0.033681307,0.0043881144,0.10640478,36.20354,44.88871,0,0
145145,0.217483,0.049776,0.45000005,0.19003096,0.033471398,0.29359534,0.5,0,1,0.57681704,0,1.9573026,1,0,0,0,1,0,0,0,0.03099583,0.007662422,0.15640473,34.435207,44.73705,0,0
145195,0.239713,0.061209,0.5,0.21604985,0.042273678,0.35883874,0.5,0,1,0.54934955,0,1.3048679,1,0,0,0,1,0,0,0,0.028805774,0.009419046,0.1411612,34.114,43.967575,0,0
145245,0.261344,0.073738,0.54999995,0.24143949,0.052753586,0.4240821,0.5,0,1,0.5218821,0,1.9573022,1,0,0,0,1,0,0,0,0.026776047,0.010935162,0.12591793,33.8331,43.2336,0,0
145295,0.282321,0.087332,0.60000014,0.26609185,0.06486653,0.48932552,0.5,0,1,0.54934955,0,1.3048679,1,0,0,0,1,0,0,0,0.024884125,0.012200954,0.11067461,33.586197,42.52874,0,0
145345,0.302593,0.101958,0.64999986,0.28990203,0.07856096,0.5545689,0.5,0,1,0.54934955,0,1.3048679,1,0,0,0,1,0,0,0,0.023109274,0.013207695,0.09543085,33.367455,41.84713,0,0
145395,0.302593,0.101958,0.64999986,0.31276873,0.09377862,0.61981225,0.5,0,1,0.46694717,0,0.6524343,1,0,0,0,1,0,0,0,-0.0035316627,0.01256882,0.030187607,27.035501,33.449463,0,0
145445,0.340819,0.134156,0.75,0.33022943,0.107119516,0.6850557,0.5,0,1,0.5218821,0,0.65243393,1,0,0,0,1,0,0,0,0.025306813,0.014236426,0.06494427,34.533443,42.069878,0,0
145495,0.358678,0.151647,0.79999995,0.35092166,0.12518314,0.7502991,0.5,0,1,0.57681704,0,0.65243393,1,0,0,0,1,0,0,0,0.023718243,0.01406919,0.049700737,34.35553,41.408802,0,0
145545,0.37564,0.170008,0.85000014,0.37039214,0.1445574,0.8155425,0.5,0,1,0.5218821,0,0.65243393,1,0,0,0,1,0,0,0,0.022127792,0.013624758,0.034457684,34.1722,40.737583,0,0
145595,0.391663,0.189195,0.89999986,0.38855806,0.16515987,0.88078594,0.5,0,1,0.5218821,0,0.65243393,1,0,0,0,1,0,0,0,0.020513296,0.012904785,0.019213675,33.97716,40.05003,0,0
145645,0.406708,0.209158,0.95000005,0.4053421,0.18690287,0.9460293,0.5,0,1,0.5218821,0,0.65243393,1,0,0,0,1,0,0,0,0.018850056,0.011909333,0.003970623,33.76339,39.339275,0,0
145695,0.420735,0.229849,1.0000002,0.42067286,0.20969388,1.0112727,0.5,0,1,0.54934955,0,1.3048679,1,0,0,0,1,0,0,0,0.017114606,0.0106453225,-0.01127243,33.524174,38.598816,0,0
145745,0.433712,0.251214,1.05,0.43558037,0.23438317,1.0438944,0.5,0,1,0.49441463,0,1.3048683,1,0,0,0,1,0,0,0,0.013608529,0.010078473,0.0061054234,32.26962,37.88401,0,0
145795,0.433712,0.251214,1.05,0.44833237,0.25714913,1.0765162,0.5,0,1,0.49441463,0,0,1,0,0,0,1,0,0,0,-0.012160629,0.010054845,-0.02651644,25.526794,30.110876,0,0
145845,0.456382,0.295756,1.1499999,0.45812032,0.27682278,1.1417596,0.5,0,1,0.46694717,0,0.6524343,1,0,0,0,1,0,0,0,0.016494129,0.009456893,0.008240224,33.051918,38.723904,0,0
145895,0.46602,0.318821,1.2,0.46858686,0.3007258,1.1743814,0.5,0,1,0.5218821,0,0.65243393,1,0,0,0,1,0,0,0,0.015700856,0.0093546305,0.025618553,32.546104,38.765114,0,0
145945,0.474492,0.342339,1.2500002,0.47836038,0.32639563,1.2396247,0.5,0,1,0.5218821,0,0.65243393,1,0,0,0,1,0,0,0,0.013819242,0.00884218,0.0103755,32.270126,37.999825,0,0
145995,0.481779,0.366251,1.3,0.4864413,0.35120693,1.2722465,0.5,0,1,0.54934955,0,1.3048679,1,0,0,0,1,0,0,0,0.01300723,0.00888104,0.027753353,31.75679,38.0357,0,0
146045,0.481779,0.366251,1.3,0.4936599,0.3777089,1.3374898,0.5,0,1,0.46694717,0,0.6524343,1,0,0,0,1,0,0,0,-0.013894307,0.008909997,-0.037489895,25.210417,29.430117,0,0
146095,0.492725,0.415016,1.3999999,0.4987402,0.39908755,1.3374898,0.5,0,1,0.49441463,0,1.3048683,1,0,0,0,1,0,0,0,0.014106218,0.009534802,0.06251001,31.463589,38.849087,0,0
146145,0.496356,0.439749,1.45,0.50333476,0.42616802,1.4679767,0.5,0,1,0.54934955,0,1.3048679,1,0,0,0,1,0,0,0,0.012792965,0.008335824,-0.01797676,32.42971,37.25623,0,0
146195,0.498747,0.464631,1.5000002,0.50526136,0.45356786,1.53322,0.5,0,1,0.5218821,0,0.65243393,1,0,0,0,1,0,0,0,0.010810591,0.0069253854,-0.033219814,32.11168,36.43479,0,0
146245,0.499892,0.489603,1.55,0.50629324,0.48101595,1.53322,0.5,0,1,0.54934955,0,0,1,0,0,0,1,0,0,0,0.008340523,0.006719316,0.016779898,30.642178,36.540558,0,0
146295,0.499892,0.489603,1.55,0.5068481,0.50710416,1.5658418,0.5,0,1,0.46694717,0,0.6524343,1,0,0,0,1,0,0,0,-0.017535394,0.0068693077,-0.015841959,23.878868,28.749628,0,0
146345,0.498433,0.53956,1.6499999,0.50661415,0.52770346,1.5984635,0.5,0,1,0.49441463,0,1.3048683,1,0,0,0,1,0,0,0,0.012078337,0.00785003,0.05153656,31.09905,38.112026,0,0
146395,0.495832,0.564422,1.7,0.50495917,0.55512106,1.6637069,0.5,0,1,0.54934955,0,1.3048679,1,0,0,0,1,0,0,0,0.010107623,0.008224889,0.036293026,30.803164,37.341213,0,0
146445,0.491993,0.589123,1.7500002,0.5024142,0.5783293,1.6963286,0.5,0,1,0.5218821,0,0.65243393,1,0,0,0,1,0,0,0,0.012013515,0.008987816,0.053671837,31.034668,38.13294,0,0
146495,0.486924,0.613601,1.8,0.4980882,0.60545397,1.761572,0.5,0,1,0.54934955,0,1.3048679,1,0,0,0,1,0,0,0,0.0101162195,0.00941682,0.038427826,30.76,37.384228,0,0
146545,0.480638,0.637795,1.8500001,0.49200296,0.63223886,1.8268154,0.5,0,1,0.54934955,0,1.3048679,1,0,0,0,1,0,0,0,0.0082529755,0.009587553,0.023184776,30.48982,36.635677,0,0
146595,0.47315,0.661645,1.8999999,0.4841683,0.65712905,1.9246805,0.5,0,1,0.54934955,0,0,1,0,0,0,1,0,0,0,0.008054426,0.008770542,-0.024680616,31.19491,35.816666,0,0
146645,0.46448,0.68509,1.95,0.4746496,0.68289447,1.9246805,0.5,0,1,0.54934955,0,1.3048679,1,0,0,0,1,0,0,0,0.005583699,0.008778574,0.025319576,29.710163,35.910633,0,0
146695,0.454649,0.708073,2.0000002,0.46520883,0.70722085,1.9573022,0.5,0,1,0.5218821,0,1.9573022,1,0,0,0,1,0,0,0,0.004769879,0.009459619,0.04269791,29.183233,35.942856,0,0
146745,0.443681,0.730536,2.05,0.45420212,0.73087996,2.0551674,0.5,0,1,0.49441463,0,1.3048683,1,0,0,0,1,0,0,0,0.004594767,0.009471023,-0.0051674843,29.917429,35.166286,0,0
146795,0.431605,0.752423,2.0999997,0.44198346,0.75236994,2.120411,0.5,0,1,0.49441463,0,1.3048683,1,0,0,0,1,0,0,0,0.005466511,0.008822261,-0.020411491,30.402277,35.159607,0,0
146845,0.431605,0.752423,2.0999997,0.42799187,0.77439576,2.1530325,0.5,0,1,0.46694717,0,0.6524343,1,0,0,0,1,0,0,0,-0.020339275,0.009064853,-0.053032875,23.619701,27.351585,0,0
146895,0.404248,0.794251,2.2,0.4163846,0.79141504,2.1856542,0.5,0,1,0.46694717,0,0.6524343,1,0,0,0,1,0,0,0,0.009317501,0.008277938,0.014346123,30.944256,36.790405,0,0
146945,0.389037,0.814087,2.2500002,0.40098676,0.8124818,2.2182758,0.5,0,1,0.54934955,0,1.3048679,1,0,0,0,1,0,0,0,0.008488105,0.008563005,0.031724457,30.421942,36.821163,0,0
146995,0.372853,0.833138,2.3,0.3854406,0.8317024,2.2835193,0.5,0,1,0.46694714,0,1.9573026,1,0,0,0,1,0,0,0,0.009317104,0.008584845,0.016480923,30.906994,36.825386,0,0
147045,0.355737,0.851357,2.3499997,0.36681145,0.851887,2.3487628,0.5,0,1,0.57681704,0,0.65243393,1,0,0,0,1,0,0,0,0.0073948647,0.008260775,0.0012369156,30.613794,36.045765,0,0
147095,0.355737,0.851357,2.3499997,0.34753388,0.8714532,2.3487628,0.5,0,1,0.43947968,0,1.3048686,1,0,0,0,1,0,0,0,-0.020072617,0.008260764,0.0012369156,22.888567,28.320538,0,0
147145,0.318882,0.885116,2.45,0.33087888,0.88781506,2.3813844,0.5,0,1,0.46694714,0,1.9573026,1,0,0,0,1,0,0,0,0.0068341983,0.010222731,0.06861591,29.30421,36.89295,0,0
147195,0.299236,0.900572,2.5000002,0.31111184,0.9048493,2.4792495,0.5,0,1,0.54934955,0,1.3048679,1,0,0,0,1,0,0,0,0.0067343423,0.010676112,0.020751,30.094198,36.180412,0,0
147245,0.278842,0.915027,2.55,0.29335266,0.9177902,2.544493,0.5,0,1,0.49441463,0,1.3048683,1,0,0,0,1,0,0,0,0.010446306,0.01044361,0.005506992,31.386917,36.988182,0,0
147295,0.257751,0.928444,2.5999997,0.27014628,0.93248457,2.6097364,0.5,0,1,0.5218821,0,0.65243393,1,0,0,0,1,0,0,0,0.008634003,0.009768481,-0.009737015,31.12219,36.231472,0,0
147345,0.257751,0.928444,2.5999997,0.24744378,0.9453492,2.642358,0.5,0,1,0.49441463,0,1.3048683,1,0,0,0,1,0,0,0,-0.017142627,0.009907284,-0.0423584,24.359682,28.441526,0,0
147395,0.21369,0.952036,2.7,0.22781888,0.9552345,2.7076015,0.5,0,1,0.49441463,0,1.3048683,1,0,0,0,1,0,0,0,0.011474103,0.00884311,-0.0076017384,31.89514,37.05723,0,0
147445,0.19083,0.962151,2.7500002,0.20396802,0.96581936,2.7402232,0.5,0,1,0.6042846,0,1.3048686,1,0,0,0,1,0,0,0,0.010660736,0.00850958,0.009777069,31.394062,37.099613,0,0
147495,0.167494,0.971111,2.8,0.17834692,0.9757199,2.8054667,0.5,0,1,0.49441463,0,1.3048683,1,0,0,0,1,0,0,0,0.008725411,0.007930653,-0.0054669385,31.09601,36.311096,0,0
147545,0.143739,0.978894,2.8499997,0.15096848,0.9847872,2.8380883,0.5,0,1,0.54934955,0,1.3048679,1,0,0,0,1,0,0,0,0.0051377667,0.0077845277,0.011911392,29.81203,35.57352,0,0
147595,0.143739,0.978894,2.8499997,0.12714918,0.99140203,2.9033318,0.5,0,1,0.43947968,0,1.3048686,1,0,0,0,1,0,0,0,-0.019073213,0.008239273,-0.053332325,23.98652,27.69593,0,0
147645,0.095211,0.990851,2.95,0.105795965,0.9965882,2.9033318,0.5,0,1,0.46694717,0,0.6524343,1,0,0,0,1,0,0,0,0.008931891,0.008073296,0.046668053,30.296585,37.159554,0,0
147695,0.07056,0.994996,3.0000002,0.08034194,1.0023323,2.9359534,0.5,0,1,0.54934955,0,1.3048679,1,0,0,0,1,0,0,0,0.008077818,0.009179151,0.06404686,29.743656,37.17197,0,0
147745,0.045732,0.997904,3.05,0.055864446,1.0057917,3.06644,0.5,0,1,0.5218821,0,1.9573022,1,0,0,0,1,0,0,0,0.009511625,0.008626162,-0.016439915,31.481112,36.36073,0,0
147795,0.02079,0.999568,3.0999997,0.031166071,1.0068427,3.1316836,0.5,0,1,0.6042846,0,1.3048686,1,0,0,0,1,0,0,0,0.010303478,0.0073772054,-0.03168392,31.94281,36.32152,0,0
147845,0.02079,0.999568,3.0999997,0.0036999434,1.0071149,3.1316836,0.5,0,1,0.46694717,0,0.6524343,1,0,0,0,1,0,0,0,-0.017163998,0.0073771873,-0.03168392,24.217585,28.596298,0,0
147895,-0.029187,0.999147,-3.083185,-0.016900243,1.006983,-3.11888,0.5,0,1,0.5218821,0,0.65243393,1,0,0,0,1,0,0,0,0.012461549,0.0075549823,0.035695072,31.480602,37.989204,0,0
147945,-0.054098,0.997065,-3.0331852,-0.04432568,1.005464,-3.0536366,0.5,0,1,0.57681704,0,1.9573026,1,0,0,0,1,0,0,0,0.0104723275,0.007508058,0.020451548,31.175432,37.20218,0,0
147995,-0.078873,0.99374,-2.983185,-0.06886692,1.0024904,-2.988393,0.5,0,1,0.5218821,0,0.65243393,1,0,0,0,1,0,0,0,0.011224201,0.0071209557,0.0052080154,31.636698,37.176064,0,0
148045,-0.103451,0.989181,-2.9331849,-0.09729441,0.99762493,-2.9557714,0.5,0,1,0.57681704,0,0.65243393,1,0,0,0,1,0,0,0,0.0076106493,0.0071611376,0.02258682,30.338186,36.42686,0,0
148095,-0.127771,0.983399,-2.8831847,-0.12410916,0.99167246,-2.890528,0.5,0,1,0.5218821,0,1.9573022,1,0,0,0,1,0,0,0,0.00560247,0.0071043633,0.0073432922,30.021587,35.628113,0,0
148145,-0.151771,0.976409,-2.833185,-0.14927608,0.98477834,-2.8579063,0.5,0,1,0.5218821,0,1.9573022,1,0,0,0,1,0,0,0,0.0047377385,0.007336489,0.024721624,29.493525,35.65235,0,0
148195,-0.175392,0.968228,-2.7831852,-0.17653617,0.9753612,-2.7600412,0.5,0,1,0.5218821,0,0.65243393,1,0,0,0,1,0,0,0,0.0015942479,0.0070463247,-0.023143768,29.368488,34.01153,0,0
148245,-0.198574,0.958877,-2.733185,-0.19916674,0.9654128,-2.6947978,0.5,0,1,0.5218821,0,0.65243393,1,0,0,0,1,0,0,0,0.0022894042,0.006150304,-0.038387295,29.796963,33.94478,0,0
148295,-0.22126,0.948379,-2.6831849,-0.22251233,0.9537558,-2.6621761,0.5,0,1,0.5218821,0,0.65243393,1,0,0,0,1,0,0,0,0.0013689621,0.0053483117,-0.02100849,29.2863,33.969944,0,0
148345,-0.243393,0.93676,-2.6331847,-0.24645704,0.94029796,-2.5969326,0.5,0,1,0.5218821,0,1.9573022,1,0,0,0,1,0,0,0,-0.0007875711,0.0046135844,-0.03625202,28.912498,33.103428,0,0
148395,-0.264918,0.92405,-2.583185,-0.26855195,0.9264157,-2.564311,0.5,0,1,0.5218821,0,0.65243393,1,0,0,0,1,0,0,0,-0.0017539827,0.003965562,-0.018873692,28.386522,33.115726,0,0
148445,-0.285781,0.91028,-2.5331852,-0.28881562,0.91225594,-2.4990675,0.5,0,1,0.5218821,0,0.65243393,1,0,0,0,1,0,0,0,-0.0012454443,0.0034003218,-0.0341177,28.761967,33.001095,0,0
148495,-0.305929,0.895484,-2.483185,-0.308113,0.89680517,-2.433824,0.5,0,1,0.46694717,0,0.6524343,1,0,0,0,1,0,0,0,-0.0008004743,0.0024237726,-0.04936123,29.115393,32.85821,0,0
148545,-0.325313,0.8797,-2.4331849,-0.32766035,0.8795192,-2.4012024,0.5,0,1,0.49441463,0,0,1,0,0,0,1,0,0,0,-0.0018547769,0.0014500128,-0.031982422,28.574501,32.85022,0,0
148595,-0.343883,0.862966,-2.3831847,-0.34463632,0.86349064,-2.3685808,0.5,0,1,0.49441463,0,1.3048683,1,0,0,0,1,0,0,0,-0.00017287678,0.0009015774,-0.014603615,28.790222,33.605865,0,0
148645,-0.361594,0.845326,-2.333185,-0.36175925,0.8456603,-2.3033373,0.5,0,1,0.5218821,0,0.65243393,1,0,0,0,1,0,0,0,0.00013804587,0.0003464443,-0.029847624,29.112072,33.43774,0,0
148695,-0.378401,0.826822,-2.2831852,-0.37889123,0.8259779,-2.2707157,0.5,0,1,0.49441463,0,1.3048683,1,0,0,0,1,0,0,0,-0.00096139463,-0.00016874232,-0.012469292,28.544113,33.410244,0,0
148745,-0.394263,0.807501,-2.233185,-0.39537212,0.8057472,-2.238094,0.5,0,1,0.5218821,0,0.65243393,1,0,0,0,1,0,0,0,-0.0020640083,-0.00021415821,0.0049090385,27.962059,33.376183,0,0
148795,-0.409139,0.787412,-2.1831849,-0.40951997,0.7871747,-2.2054725,0.5,0,1,0.54934955,0,1.3048679,1,0,0,0,1,0,0,0,-0.00041695725,0.00016608497,0.022287367,28.140575,34.109364,0,0
148845,-0.422992,0.766604,-2.1331847,-0.42352024,0.7668005,-2.1402287,0.5,0,1,0.49441463,0,1.3048683,1,0,0,0,1,0,0,0,-0.00011929838,0.0005508454,0.0070438385,28.46887,33.962475,0,0
148895,-0.435788,0.74513,-2.083185,-0.4364972,0.744162,-2.0423636,0.5,0,1,0.49441463,0,1.3048683,1,0,0,0,1,0,0,0,-0.0011845118,0.00019206482,-0.040821552,28.902348,32.879295,0,0
148945,-0.435788,0.74513,-2.083185,-0.4477274,0.72213936,-2.0423636,0.5,0,1,0.46694717,0,0.6524343,1,0,0,0,1,0,0,0,-0.025905255,0.00019205362,-0.040821552,21.949636,25.926584,0,0
148995,-0.458083,0.7004,-1.983185,-0.45646203,0.70501065,-2.0423636,0.5,0,1,0.49441463,0,1.3048683,1,0,0,0,1,0,0,0,0.0048438217,0.00065048237,0.059178356,28.987503,36.127735,0,0
149045,-0.467526,0.677255,-1.9331849,-0.46696797,0.68263346,-1.9771203,0.5,0,1,0.49441463,0,1.3048683,1,0,0,0,1,0,0,0,0.005161117,0.0016131813,0.0439353,29.334017,36.008797,0,0
149095,-0.475801,0.653666,-1.8831851,-0.47599262,0.6596189,-1.9118769,0.5,0,1,0.49441463,0,1.3048683,1,0,0,0,1,0,0,0,0.00554587,0.0021718666,0.028691769,29.69561,35.898216,0,0
149145,-0.482887,0.629694,-1.833185,-0.4843315,0.6334478,-1.8466336,0.5,0,1,0.54934955,0,0,1,0,0,0,1,0,0,0,0.0032185258,0.0024122521,0.013448715,29.289778,35.014988,0,0
149195,-0.482887,0.629694,-1.833185,-0.49028486,0.60945463,-1.7813902,0.5,0,1,0.43947968,0,1.3048686,1,0,0,0,1,0,0,0,-0.021338658,0.0030035656,-0.05179453,23.368977,27.044212,0,0
149245,-0.493422,0.580838,-1.733185,-0.49491924,0.58938205,-1.8140119,0.5,0,1,0.46694717,0,0.6524343,1,0,0,0,1,0,0,0,0.007931993,0.0035107862,0.08082676,29.445223,37.312477,0,0
149295,-0.496846,0.556076,-1.6831849,-0.49995705,0.5637789,-1.7161468,0.5,0,1,0.49441463,0,1.3048683,1,0,0,0,1,0,0,0,0.007171058,0.0041939383,0.032961845,30.065237,36.43453,0,0
149345,-0.499027,0.531174,-1.6331851,-0.50220466,0.54054,-1.6182817,0.5,0,1,0.54934955,0,1.3048679,1,0,0,0,1,0,0,0,0.009204584,0.00361864,-0.014903545,31.410782,36.25985,0,0
149395,-0.499962,0.506194,-1.583185,-0.503018,0.51445854,-1.58566,0.5,0,1,0.5218821,0,0.65243393,1,0,0,0,1,0,0,0,0.008218206,0.0031785206,0.0024752615,30.865854,36.25669,0,0
149445,-0.499962,0.506194,-1.583185,-0.5025303,0.4869954,-1.5204166,0.5,0,1,0.46694717,0,0.6524343,1,0,0,0,1,0,0,0,-0.019044902,0.003531829,-0.06276846,24.163256,27.500904,0,0
149495,-0.498082,0.456251,-1.483185,-0.5011574,0.4664406,-1.4877949,0.5,0,1,0.49441463,0,1.3048683,1,0,0,0,1,0,0,0,0.010409482,0.0022200258,0.0046100616,31.45578,36.89889,0,0
149545,-0.495273,0.431411,-1.4331849,-0.49888018,0.43906766,-1.4877949,0.5,0,1,0.54934955,0,1.3048679,1,0,0,0,1,0,0,0,0.007929361,0.0029599825,0.054610252,29.917198,36.94989,0,0
149595,-0.491226,0.406744,-1.3831851,-0.49602824,0.41451198,-1.4225515,0.5,0,1,0.5218821,0,0.65243393,1,0,0,0,1,0,0,0,0.008392081,0.003602235,0.039366245,30.305042,36.86708,0,0
149645,-0.485952,0.382309,-1.333185,-0.49108735,0.38749254,-1.3573081,0.5,0,1,0.5218821,0,0.65243393,1,0,0,0,1,0,0,0,0.0061538992,0.0039205346,0.024123192,29.928684,36.014698,0,0
149695,-0.485952,0.382309,-1.333185,-0.48431805,0.36229175,-1.259443,0.5,0,1,0.46694717,0,0.6524343,1,0,0,0,1,0,0,0,-0.019555358,0.0045768414,-0.07374191,24.160894,27.169361,0,0
149745,-0.471774,0.334383,-1.233185,-0.4775864,0.34137428,-1.259443,0.5,0,1,0.49441463,0,1.3048683,1,0,0,0,1,0,0,0,0.008435731,0.003391162,0.02625799,30.539257,36.684296,0,0
149795,-0.462907,0.311011,-1.1831849,-0.46924976,0.31810164,-1.1941997,0.5,0,1,0.57681704,0,0.65243393,1,0,0,0,1,0,0,0,0.008926358,0.0032906346,0.011014939,30.927519,36.58976,0,0
149845,-0.452883,0.288112,-1.1331851,-0.45941356,0.29542205,-1.1289563,0.5,0,1,0.49441463,0,1.3048683,1,0,0,0,1,0,0,0,0.009400512,0.0027776028,-0.0042290688,31.307203,36.480022,0,0
149895,-0.441727,0.265742,-1.083185,-0.44686478,0.27098867,-1.063713,0.5,0,1,0.54934955,0,0,1,0,0,0,1,0,0,0,0.007081507,0.0019433191,-0.019472122,30.896553,35.574936,0,0
149945,-0.441727,0.265742,-1.083185,-0.43274972,0.24742542,-0.9984696,0.5,0,1,0.46694717,0,0.6524343,1,0,0,0,1,0,0,0,-0.020259716,0.002373367,-0.08471537,24.125746,26.754028,0,0
149995,-0.416134,0.222813,-0.98318505,-0.42131168,0.23029193,-0.96584785,0.5,0,1,0.46694717,0,0.6524343,1,0,0,0,1,0,0,0,0.009096308,0.000005381182,-0.017337322,31.446045,36.161236,0,0
150045,-0.40176,0.202361,-0.93318486,-0.40612334,0.20907362,-0.93322617,0.5,0,1,0.54934955,0,1.3048679,1,0,0,0,1,0,0,0,0.007991133,-0.00048951944,0.000041484833,30.869461,36.12554,0,0
150095,-0.386382,0.182654,-0.88318515,-0.3924745,0.19185255,-0.86798275,0.5,0,1,0.49441463,0,1.3048683,1,0,0,0,1,0,0,0,0.010956731,-0.0012969174,-0.015202522,31.946955,36.70898,0,0
150145,-0.370039,0.163739,-0.83318496,-0.3740463,0.17148435,-0.8027394,0.5,0,1,0.6042846,0,1.3048686,1,0,0,0,1,0,0,0,0.008354973,-0.002498695,-0.030445576,31.454412,35.716293,0,0
150195,-0.370039,0.163739,-0.83318496,-0.355614,0.15301403,-0.7701177,0.5,0,1,0.46694717,0,0.6524343,1,0,0,0,1,0,0,0,-0.017821595,-0.0023442707,-0.0630672,24.557817,27.79328,0,0
150245,-0.33462,0.128477,-0.73318505,-0.33934987,0.13823792,-0.7048743,0.5,0,1,0.49441463,0,1.3048683,1,0,0,0,1,0,0,0,0.009927176,-0.004370161,-0.028310776,31.879637,36.17935,0,0
150295,-0.315633,0.112217,-0.68318486,-0.31975257,0.12100863,-0.73749596,0.5,0,1,0.54934955,0,1.3048679,1,0,0,0,1,0,0,0,0.008960934,-0.0037370103,0.05431104,30.265419,37.18295,0,0
150345,-0.295858,0.096927,-0.63318515,-0.29883078,0.1032114,-0.67225254,0.5,0,1,0.49441463,0,1.3048683,1,0,0,0,1,0,0,0,0.0062395767,-0.0030657474,0.03906727,29.75737,36.204704,0,0
150395,-0.275343,0.082644,-0.58318496,-0.27815187,0.087296456,-0.6396309,0.5,0,1,0.54934955,0,1.3048679,1,0,0,0,1,0,0,0,0.005030649,-0.0020561274,0.05644607,29.10941,36.120785,0,0
150445,-0.275343,0.082644,-0.58318496,-0.25559124,0.07162864,-0.5743875,0.5,0,1,0.43947968,0,1.3048686,1,0,0,0,1,0,0,0,-0.022566972,-0.0014838632,-0.008797406,22.421179,27.382479,0,0
150495,-0.232301,0.05724,-0.48318505,-0.23676394,0.060297757,-0.50914407,0.5,0,1,0.46694717,0,0.6524343,1,0,0,0,1,0,0,0,0.0053873137,-0.0004945437,0.025959017,29.717522,35.79178,0,0
150545,-0.209882,0.046183,-0.4331851,-0.21377514,0.04795201,-0.4765224,0.5,0,1,0.5218821,0,0.65243393,1,0,0,0,1,0,0,0,0.004270854,0.00021381595,0.043337345,29.104925,35.73875,0,0
150595,-0.186938,0.036261,-0.3831849,-0.1925298,0.038270354,-0.37865725,0.5,0,1,0.54934955,0,1.3048679,1,0,0,0,1,0,0,0,0.005938487,0.00020012143,-0.0045275693,30.358528,35.481228,0,0
150645,-0.163527,0.027497,-0.33318496,-0.16669047,0.028954182,-0.31341386,0.5,0,1,0.49441463,0,1.3048683,1,0,0,0,1,0,0,0,0.0034586294,-0.00041087472,-0.0197711,29.90074,34.53252,0,0
150695,-0.163527,0.027497,-0.33318496,-0.14029872,0.021342479,-0.24817047,0.5,0,1,0.46694717,0,0.6524343,1,0,0,0,1,0,0,0,-0.024028378,0.000260388,-0.08501458,23.086401,25.67191,0,0
150745,-0.115539,0.013532,-0.23318505,-0.121660545,0.016619675,-0.24817047,0.5,0,1,0.46694717,0,0.6524343,1,0,0,0,1,0,0,0,0.006692431,-0.0014894394,0.014985323,30.272673,35.984802,0,0
150795,-0.091081,0.008366,-0.1831851,-0.0962647,0.010623569,-0.21554877,0.5,0,1,0.57681704,0,0.65243393,1,0,0,0,1,0,0,0,0.005546598,-0.0010966194,0.032363657,29.660168,35.92706,0,0
150845,-0.066396,0.004428,-0.13318491,-0.07195642,0.006126656,-0.15030536,0.5,0,1,0.49441463,0,1.3048683,1,0,0,0,1,0,0,0,0.0057520857,-0.00084688724,0.017120361,29.968351,35.75803,0,0
150895,-0.041545,0.001729,-0.08318496,-0.044678926,0.0029016389,-0.08506197,0.5,0,1,0.54934955,0,1.3048679,1,0,0,0,1,0,0,0,0.0032222222,-0.00090214226,0.0018770696,29.502432,34.809956,0,0
150945,-0.041545,0.001729,-0.08318496,-0.018646466,0.0011090528,-0.05244027,0.5,0,1,0.43947968,0,1.3048686,1,0,0,0,1,0,0,0,-0.022899553,-0.0005811577,-0.030744791,22.653374,26.936087,0,0
150995,0.008407,0.000071,0.016814947,0.0019406993,0.00036492682,-0.019818556,0.5,0,1,0.43947968,0,1.3048686,1,0,0,0,1,0,0,0,0.0064708563,-0.0001657248,0.03663349,29.840796,36.257122,0,0
151045,0.033404,-0.000134,-0.033185005,0.026659405,0.0006814215,0.04542486,0.5,0,-1,0.5218821,0,0.65243393,1,0,0,0,1,0,0,0,0.0067006107,-0.0011208479,-0.07860994,36.917915,29.158167,0,0
151095,0.058359,-0.001588,-0.08318496,0.05137811,0.0009979161,-0.019818556,0.5,0,-1,0.49441463,0,-1.3048683,1,0,0,0,1,0,0,0,0.007030767,-0.0024470661,-0.06336641,36.81498,29.514387,0,0
151145,0.08321,-0.004287,-0.13318491,0.07741057,-0.00079466973,-0.117683664,0.5,0,-1,0.57681704,0,-1.9573026,1,0,0,0,1,0,0,0,0.0061693564,-0.002787251,-0.015501261,35.87934,30.083406,0,0
151195,0.107895,-0.008224,-0.1831851,0.10185259,-0.0044963537,-0.18292706,0.5,0,-1,0.54934955,0,0,1,0,0,0,1,0,0,0,0.006619689,-0.0025662852,-0.00025796893,35.767365,30.456203,0,0
151245,0.132353,-0.013391,-0.23318505,0.12886178,-0.009492923,-0.18292704,0.5,0,-1,0.54934955,0,0,1,0,0,0,1,0,0,0,0.0041420525,-0.0031979592,-0.05025792,35.8251,28.925882,0,0
151295,0.156522,-0.019773,-0.283185,0.15443969,-0.014657529,-0.21554875,0.5,0,-1,0.5218821,0,-1.9573022,1,0,0,0,1,0,0,0,0.0031282464,-0.004551722,-0.06763625,35.79254,28.324194,0,0
151345,0.180341,-0.027356,-0.33318496,0.17962645,-0.021478754,-0.31341386,0.5,0,-1,0.5218821,0,-0.65243393,1,0,0,0,1,0,0,0,0.0024917491,-0.0053706435,-0.0197711,34.930454,28.958935,0,0
151395,0.203752,-0.036119,-0.3831849,0.2040262,-0.030728312,-0.411279,0.5,0,-1,0.5218821,0,-0.65243393,1,0,0,0,1,0,0,0,0.0019037548,-0.0050507835,0.028094053,34.00074,29.545456,0,0
151445,0.226696,-0.046042,-0.4331851,0.22635108,-0.04134501,-0.47652242,0.5,0,-1,0.49441463,0,0,1,0,0,0,1,0,0,0,0.0024609615,-0.004015511,0.043337345,33.891777,29.933828,0,0
151495,0.249115,-0.057099,-0.48318505,0.24933988,-0.053690754,-0.5091441,0.5,0,-1,0.5218821,0,-0.65243393,1,0,0,0,1,0,0,0,0.0014649305,-0.0030855609,0.025959017,33.897305,29.405655,0,0
151545,0.270953,-0.069262,-0.533185,0.27092507,-0.065740384,-0.5091441,0.5,0,-1,0.5218821,0,-0.65243393,1,0,0,0,1,0,0,0,0.0017409233,-0.003061328,-0.024040937,34.765526,28.695677,0,0
151595,0.292157,-0.082502,-0.58318496,0.2921058,-0.07848762,-0.5743875,0.5,0,-1,0.5218821,0,-0.65243393,1,0,0,0,1,0,0,0,0.00222408,-0.0033423554,-0.008797406,34.670834,29.077791,0,0
151645,0.312672,-0.096785,-0.63318515,0.3137783,-0.093020506,-0.6070092,0.5,0,-1,0.5218821,0,-0.65243393,1,0,0,0,1,0,0,0,0.001238633,-0.003723058,-0.026175974,34.661503,28.513813,0,0
151695,0.332447,-0.112076,-0.68318486,0.33361214,-0.10777629,-0.6722526,0.5,0,-1,0.54934955,0,-1.3048679,1,0,0,0,1,0,0,0,0.0017660046,-0.004089779,-0.010932207,34.58094,28.908695,0,0
151745,0.351434,-0.128335,-0.73318505,0.35244176,-0.123793796,-0.737496,0.5,0,-1,0.5218821,0,-0.65243393,1,0,0,0,1,0,0,0,0.0023077698,-0.004038851,0.0043110847,34.49384,29.303698,0,0
151795,0.369584,-0.145524,-0.783185,0.370187,-0.14100486,-0.80273944,0.5,0,-1,0.5218821,0,-0.65243393,1,0,0,0,1,0,0,0,0.0028315,-0.0035733485,0.019554377,34.391148,29.689623,0,0
151845,0.386853,-0.163598,-0.83318496,0.38800707,-0.16006655,-0.8353611,0.5,0,-1,0.5218821,0,-0.65243393,1,0,0,0,1,0,0,0,0.0018444385,-0.0032250728,0.0021762848,34.39102,29.146322,0,0
151895,0.403196,-0.182512,-0.88318515,0.40454647,-0.18024948,-0.9332262,0.5,0,-1,0.49441463,0,-1.3048683,1,0,0,0,1,0,0,0,0.0010141785,-0.0024319082,0.050041195,33.35687,29.635366,0,0
151945,0.418574,-0.20222,-0.93318486,0.41860563,-0.20058306,-0.99846965,0.5,0,-1,0.5218821,0,-0.65243393,1,0,0,0,1,0,0,0,0.0013589548,-0.0009131293,0.06528473,33.17414,29.957127,0,0
151995,0.432948,-0.222671,-0.98318505,0.43237826,-0.22274646,-1.0310913,0.5,0,-1,0.5218821,0,-0.65243393,1,0,0,0,1,0,0,0,0.00022804126,0.00052752695,0.0479064,33.149338,29.407232,0,0
152045,0.446281,-0.243816,-1.0331852,0.45618,-0.25969103,-0.96584785,0.5,0,-1,0.49441463,0,-1.3048683,1,0,0,0,1,0,0,0,-0.018687475,0.0008861879,-0.067337506,29.609867,22.236784,0,0
152095,0.458541,-0.2656,-1.083185,0.46850288,-0.27952144,-1.063713,0.5,0,-1,0.43947968,0,-1.3048686,1,0,0,0,1,0,0,0,-0.017007412,-0.0019476512,-0.019472122,29.41476,23.506718,0,0
152145,0.469697,-0.28797,-1.1331851,0.4797968,-0.3015115,-1.1289563,0.5,0,-1,0.43947968,0,-1.3048686,1,0,0,0,1,0,0,0,-0.016559761,-0.0033394857,-0.0042290688,29.316664,23.86791,0,0
152195,0.479721,-0.31087,-1.1831849,0.48943466,-0.32277673,-1.161578,0.5,0,-1,0.46694717,0,-0.6524343,1,0,0,0,1,0,0,0,-0.014788616,-0.0041740118,-0.02160692,30.0887,24.078115,0,0
152245,0.488588,-0.334242,-1.233185,0.49751577,-0.34321082,-1.2268215,0.5,0,-1,0.43947968,0,-1.3048686,1,0,0,0,1,0,0,0,-0.011454175,-0.005380217,-0.0063633923,30.802061,25.253698,0,0
152295,0.496276,-0.358028,-1.2831852,0.5041457,-0.3627154,-1.2594433,0.5,0,-1,0.43947968,0,0,1,0,0,0,1,0,0,0,-0.0068728826,-0.006055347,-0.023741724,32.36203,26.254358,0,0
152345,0.502765,-0.382168,-1.333185,0.51093465,-0.3850539,-1.292065,0.5,0,-1,0.46694717,0,-0.6524343,1,0,0,0,1,0,0,0,-0.005022294,-0.0070603276,-0.041120056,33.14704,26.47508,0,0
152395,0.50804,-0.406602,-1.3831851,0.51625276,-0.4077875,-1.3899301,0.5,0,-1,0.49441463,0,-1.3048683,1,0,0,0,1,0,0,0,-0.0026434925,-0.0078655295,0.0067448616,33.092663,27.918951,0,0
152445,0.512087,-0.43127,-1.4331849,0.5199041,-0.4322371,-1.4551735,0.5,0,-1,0.5218821,0,-0.65243393,1,0,0,0,1,0,0,0,-0.0018624479,-0.007653328,0.021988869,33.06317,28.37409,0,0
152495,0.514896,-0.456109,-1.483185,0.5219536,-0.4568727,-1.5204169,0.5,0,-1,0.46694717,0,-0.6524343,1,0,0,0,1,0,0,0,-0.0011181526,-0.007010194,0.037231922,33.012783,28.814938,0,0
152545,0.51646,-0.481058,-1.5331852,0.5223926,-0.48158953,-1.5856602,0.5,0,-1,0.49441463,0,-1.3048683,1,0,0,0,1,0,0,0,-0.00044328786,-0.0059398147,0.052474976,32.932377,29.23224,0,0
152595,0.516776,-0.506053,-1.583185,0.52202517,-0.50630754,-1.5856602,0.5,0,-1,0.49441463,0,-1.3048683,1,0,0,0,1,0,0,0,-0.0001765235,-0.005252347,0.0024752615,33.83389,28.566624,0,0
152645,0.515841,-0.531033,-1.6331851,0.52085173,-0.53100044,-1.6509036,0.5,0,-1,0.5218821,0,-0.65243393,1,0,0,0,1,0,0,0,0.00043340537,-0.004992051,0.017718313,33.757935,28.976048,0,0
152695,0.513659,-0.555935,-1.6831849,0.5183397,-0.55697334,-1.6835253,0.5,0,-1,0.49441463,0,-1.3048683,1,0,0,0,1,0,0,0,-0.0005051895,-0.0047677844,0.00034046176,33.771423,28.444403,0,0
152745,0.510236,-0.580697,-1.733185,0.5147592,-0.5814334,-1.7487687,0.5,0,-1,0.49441463,0,-1.3048683,1,0,0,0,1,0,0,0,0.000075970194,-0.0045820842,0.015583515,33.688976,28.846167,0,0
152795,0.505579,-0.605257,-1.7831852,0.5097214,-0.6070366,-1.7813904,0.5,0,-1,0.54934955,0,-1.3048679,1,0,0,0,1,0,0,0,-0.0008743668,-0.0044228975,-0.0017948151,33.698532,28.309534,0,0
152845,0.4997,-0.629553,-1.833185,0.5044691,-0.6297855,-1.8140122,0.5,0,-1,0.49441463,0,-1.3048683,1,0,0,0,1,0,0,0,0.0009228997,-0.0046847076,-0.019172668,34.47472,28.53292,0,0
152895,0.4997,-0.629553,-1.833185,0.49847764,-0.65235096,-1.8466339,0.5,0,-1,0.46694717,0,-0.6524343,1,0,0,0,1,0,0,0,-0.022269037,-0.0050329287,0.013449192,27.442663,22.52535,0,0
152945,0.48434,-0.677113,-1.9331849,0.49254444,-0.67207867,-1.8792557,0.5,0,-1,0.49441463,0,-1.3048683,1,0,0,0,1,0,0,0,0.00728751,-0.006288825,-0.05392933,36.786068,29.72229,0,0
152995,0.474897,-0.700258,-1.983185,0.48421806,-0.6968087,-1.9118774,0.5,0,-1,0.5218821,0,-1.9573022,1,0,0,0,1,0,0,0,0.00636857,-0.007630292,-0.07130765,36.778038,29.145447,0,0
153045,0.464309,-0.722902,-2.0331852,0.47429705,-0.7209432,-2.0097425,0.5,0,-1,0.5218821,0,-1.9573022,1,0,0,0,1,0,0,0,0.006017869,-0.008208716,-0.023442745,36.000053,29.867823,0,0
153095,0.452602,-0.744989,-2.083185,0.46181902,-0.7454128,-2.074986,0.5,0,-1,0.5218821,0,-0.65243393,1,0,0,0,1,0,0,0,0.004081617,-0.0082748765,-0.008199215,35.222916,29.57089,0,0
153145,0.452602,-0.744989,-2.083185,0.44811058,-0.767616,-2.172851,0.5,0,-1,0.46694717,0,-0.6524343,1,0,0,0,1,0,0,0,-0.021192234,-0.009112794,0.08966589,26.453623,23.874664,0,0
153195,0.425952,-0.787271,-2.1831849,0.43672216,-0.78478247,-2.1402295,0.5,0,-1,0.46694717,0,-0.6524343,1,0,0,0,1,0,0,0,0.007902665,-0.0077289958,-0.0429554,36.814007,30.073586,0,0
153245,0.411077,-0.80736,-2.233185,0.4227219,-0.80515665,-2.205473,0.5,0,-1,0.49441463,0,-1.3048683,1,0,0,0,1,0,0,0,0.008678736,-0.00807081,-0.027711868,36.8113,30.54649,0,0
153295,0.395215,-0.82668,-2.2831852,0.40742308,-0.8245747,-2.2707164,0.5,0,-1,0.5218821,0,-0.65243393,1,0,0,0,1,0,0,0,0.009474239,-0.007981739,-0.012468815,36.8033,31.021095,0,0
153345,0.378408,-0.845184,-2.333185,0.3908908,-0.842954,-2.33596,0.5,0,-1,0.54934955,0,-1.3048679,1,0,0,0,1,0,0,0,0.010254731,-0.0074588004,0.0027747154,36.780346,31.487698,0,0
153395,0.378408,-0.845184,-2.333185,0.3712293,-0.86213434,-2.4012034,0.5,0,-1,0.49441463,0,-1.3048683,1,0,0,0,1,0,0,0,-0.016733639,-0.0076702307,0.06801844,28.090185,24.852617,0,0
153445,0.342126,-0.879558,-2.4331849,0.35500798,-0.8769574,-2.4012034,0.5,0,-1,0.5218821,0,-0.65243393,1,0,0,0,1,0,0,0,0.011263851,-0.006770069,-0.03198147,37.591488,31.212465,0,0
153495,0.322743,-0.895342,-2.483185,0.33413777,-0.8948151,-2.4664469,0.5,0,-1,0.54934955,0,-1.3048679,1,0,0,0,1,0,0,0,0.00922426,-0.006710544,-0.016737938,36.788403,30.891483,0,0
153545,0.302595,-0.910138,-2.5331852,0.3143467,-0.9096282,-2.5316904,0.5,0,-1,0.57681704,0,-1.9573026,1,0,0,0,1,0,0,0,0.0099249305,-0.0063133477,-0.0014948845,36.746037,31.336664,0,0
153595,0.281732,-0.923909,-2.583185,0.29133034,-0.92461854,-2.5969338,0.5,0,-1,0.54934955,0,-1.3048679,1,0,0,0,1,0,0,0,0.007841874,-0.0055800234,0.013748647,35.91082,30.994324,0,0
153645,0.281732,-0.923909,-2.583185,0.2678373,-0.93885016,-2.5969338,0.5,0,-1,0.49441463,0,-1.3048683,1,0,0,0,1,0,0,0,-0.019625608,-0.0055800145,0.013748647,28.185589,23.269093,0,0
153695,0.238074,-0.948238,-2.6831849,0.2486815,-0.94961643,-2.6621773,0.5,0,-1,0.46694717,0,-0.6524343,1,0,0,0,1,0,0,0,0.008775848,-0.0061158394,-0.021007538,36.72247,30.70015,0,0
153745,0.215388,-0.958736,-2.733185,0.22533588,-0.9612734,-2.694799,0.5,0,-1,0.54934955,0,-1.3048679,1,0,0,0,1,0,0,0,0.007875029,-0.0065865386,-0.038386345,36.730946,30.15271,0,0
153795,0.192206,-0.968087,-2.7831852,0.2027053,-0.9712218,-2.7600424,0.5,0,-1,0.5218821,0,-1.9573022,1,0,0,0,1,0,0,0,0.00857701,-0.0068188747,-0.023142815,36.704327,30.603502,0,0
153845,0.168585,-0.976268,-2.833185,0.17689303,-0.9806127,-2.825286,0.5,0,-1,0.49441463,0,-1.3048683,1,0,0,0,1,0,0,0,0.006544413,-0.0067134453,-0.0078988075,35.898586,30.280695,0,0
153895,0.168585,-0.976268,-2.833185,0.15196434,-0.9883239,-2.8579075,0.5,0,-1,0.46694717,0,-0.6524343,1,0,0,0,1,0,0,0,-0.019330746,-0.006922016,0.024722576,28.099298,23.508055,0,0
153945,0.120265,-0.989039,-2.9331849,0.13209571,-0.9937666,-2.8905292,0.5,0,-1,0.46694717,0,-0.6524343,1,0,0,0,1,0,0,0,0.010285302,-0.0075185415,-0.042655945,37.478138,30.75049,0,0
153995,0.095687,-0.993599,-2.983185,0.10653286,-0.9990052,-2.9883943,0.5,0,-1,0.57681704,0,-0.65243393,1,0,0,0,1,0,0,0,0.009893842,-0.006997962,0.005208969,36.63647,31.427963,0,0
154045,0.070911,-0.996923,-3.0331852,0.08199161,-1.0019788,-3.0536377,0.5,0,-1,0.5218821,0,-0.65243393,1,0,0,0,1,0,0,0,0.01059368,-0.0060095205,0.0204525,36.578754,31.867119,0,0
154095,0.046001,-0.999006,-3.083185,0.055964448,-1.0038466,-3.0862594,0.5,0,-1,0.5218821,0,-0.65243393,1,0,0,0,1,0,0,0,0.009680484,-0.005384295,0.003074169,36.59771,31.34727,0,0
154145,0.046001,-0.999006,-3.083185,0.027145552,-1.0049717,-3.118881,0.5,0,-1,0.46694717,0,-0.6524343,1,0,0,0,1,0,0,0,-0.018986065,-0.005536029,0.03569603,28.001778,23.778742,0,0
154195,-0.003976,-0.999426,3.0999997,0.0051726457,-1.004754,3.0990608,0.5,0,-1,0.49441463,0,0,1,0,0,0,1,0,0,0,0.009366912,-0.00493413,0.00093889236,36.539806,31.229055,0,0
154245,-0.028918,-0.997763,3.05,-0.020876298,-1.0032194,3.0664392,0.5,0,-1,0.54934955,0,-1.3048679,1,0,0,0,1,0,0,0,0.008428685,-0.0048371907,-0.016438963,36.545296,30.687391,0,0
154295,-0.053746,-0.994855,3.0000002,-0.045453597,-1.0005603,3.0011957,0.5,0,-1,0.5218821,0,-1.9573022,1,0,0,0,1,0,0,0,0.009009187,-0.004488752,-0.0011954308,36.469364,31.098255,0,0
154345,-0.078397,-0.99071,2.95,-0.07251097,-0.99583155,2.9359522,0.5,0,-1,0.54934955,0,-1.3048679,1,0,0,0,1,0,0,0,0.006807795,-0.00381173,0.014047623,35.601177,30.72204,0,0
154395,-0.078397,-0.99071,2.95,-0.09796499,-0.9900874,2.9033306,0.5,0,-1,0.46694717,0,-0.6524343,1,0,0,0,1,0,0,0,-0.019162135,-0.004013282,0.046669483,27.753027,23.90022,0,0
154445,-0.126925,-0.978752,2.8499997,-0.1193182,-0.9849012,2.9033306,0.5,0,-1,0.49441463,0,-1.3048683,1,0,0,0,1,0,0,0,0.008843201,-0.0041801427,-0.0533309,37.198532,30.18691,0,0
154495,-0.15068,-0.97097,2.8,-0.14457132,-0.97832984,2.870709,0.5,0,-1,0.57681704,0,-1.9573026,1,0,0,0,1,0,0,0,0.007855307,-0.005456901,-0.07070875,37.170925,29.591505,0,0
154545,-0.174017,-0.96201,2.7500002,-0.16816218,-0.9709416,2.8054655,0.5,0,-1,0.49441463,0,-1.3048683,1,0,0,0,1,0,0,0,0.008473108,-0.0065006437,-0.05546522,37.142773,30.02723,0,0
154595,-0.196876,-0.951895,2.7,-0.19234557,-0.9611403,2.7076004,0.5,0,-1,0.54934955,0,-1.3048679,1,0,0,0,1,0,0,0,0.007998038,-0.0064831567,-0.007600308,36.30096,30.696129,0,0
154645,-0.196876,-0.951895,2.7,-0.21687669,-0.94878364,2.6423569,0.5,0,-1,0.46694717,0,-0.6524343,1,0,0,0,1,0,0,0,-0.019049155,-0.0068437993,0.057642933,27.61626,24.064781,0,0
154695,-0.240937,-0.928303,2.5999997,-0.2347997,-0.9386273,2.6097353,0.5,0,-1,0.49441463,0,0,1,0,0,0,1,0,0,0,0.010525345,-0.0057857307,-0.009735584,37.03939,31.378149,0,0
154745,-0.262028,-0.914885,2.55,-0.2570705,-0.92502904,2.5771136,0.5,0,-1,0.57681704,0,-0.65243393,1,0,0,0,1,0,0,0,0.009615253,-0.005918239,-0.027113438,37.04877,30.836834,0,0
154795,-0.282422,-0.90043,2.5000002,-0.2775138,-0.9111299,2.5118701,0.5,0,-1,0.49441463,0,-1.3048683,1,0,0,0,1,0,0,0,0.010268139,-0.0057569947,-0.011869907,36.999798,31.271627,0,0
154845,-0.302068,-0.884974,2.45,-0.29917336,-0.8942383,2.4466267,0.5,0,-1,0.54934955,0,-1.3048679,1,0,0,0,1,0,0,0,0.008155775,-0.0052620666,0.003373146,36.16317,30.924099,0,0
154895,-0.302068,-0.884974,2.45,-0.31968555,-0.8759705,2.3813832,0.5,0,-1,0.46694717,0,-0.6524343,1,0,0,0,1,0,0,0,-0.01897138,-0.005615009,0.06861687,27.433897,24.247627,0,0
154945,-0.338923,-0.851215,2.3499997,-0.33510756,-0.86031747,2.3161397,0.5,0,-1,0.49441463,0,-1.3048683,1,0,0,0,1,0,0,0,0.009276718,-0.0033697118,0.033860207,35.964546,31.717775,0,0
154995,-0.356039,-0.832997,2.3,-0.3524901,-0.84085596,2.283518,0.5,0,-1,0.57681704,0,-0.65243393,1,0,0,0,1,0,0,0,0.008266553,-0.0024538827,0.016481876,35.961147,31.180296,0,0
155045,-0.372223,-0.813945,2.2500002,-0.36922863,-0.82083786,2.2508965,0.5,0,-1,0.49441463,0,-1.3048683,1,0,0,0,1,0,0,0,0.0072423303,-0.0020065778,-0.00089645386,35.94813,30.625647,0,0
155095,-0.387434,-0.794109,2.2,-0.38530537,-0.8002845,2.2182748,0.5,0,-1,0.57681704,0,-0.65243393,1,0,0,0,1,0,0,0,0.0062095793,-0.00202712,-0.018274784,35.926975,30.055477,0,0
155145,-0.387434,-0.794109,2.2,-0.4007032,-0.7792177,2.1856532,0.5,0,-1,0.46694717,0,-0.6524343,1,0,0,0,1,0,0,0,-0.019818239,-0.002249117,0.014347077,28.09541,23.250395,0,0
155195,-0.414791,-0.752282,2.0999997,-0.4127865,-0.76086426,2.1204097,0.5,0,-1,0.49441463,0,-1.3048683,1,0,0,0,1,0,0,0,0.008365352,-0.0027737268,-0.020410059,36.571594,30.6209,0,0
155245,-0.426867,-0.730395,2.05,-0.42500517,-0.7393743,2.0551662,0.5,0,-1,0.54934955,0,-1.3048679,1,0,0,0,1,0,0,0,0.00881333,-0.0025335327,-0.0051665306,36.461143,30.995514,0,0
155295,-0.437835,-0.707932,2.0000002,-0.43553844,-0.71853805,2.0225446,0.5,0,-1,0.5218821,0,-0.65243393,1,0,0,0,1,0,0,0,0.010544648,-0.0025637685,-0.022544384,37.21512,31.200365,0,0
155345,-0.447666,-0.684949,1.95,-0.44770372,-0.6923885,1.9899229,0.5,0,-1,0.54934955,0,-1.3048679,1,0,0,0,1,0,0,0,0.0067802127,-0.0030620603,-0.039922714,36.41757,29.846498,0,0
155395,-0.447666,-0.684949,1.95,-0.45805767,-0.6669472,1.9246795,0.5,0,-1,0.43947968,0,-1.3048686,1,0,0,0,1,0,0,0,-0.020487461,-0.003509357,0.025320528,27.73713,23.218636,0,0
155445,-0.463824,-0.637654,1.8500001,-0.4656726,-0.6463348,1.9246795,0.5,0,-1,0.46694714,0,-1.9573026,1,0,0,0,1,0,0,0,0.007502283,-0.004742335,-0.074679375,37.119503,29.426323,0,0
155495,-0.47011,-0.61346,1.8,-0.47434583,-0.62027264,1.8594362,0.5,0,-1,0.54934955,0,-1.3048679,1,0,0,0,1,0,0,0,0.0053250818,-0.0059998124,-0.059436325,36.308907,29.076084,0,0
155545,-0.475179,-0.588982,1.7500002,-0.4806257,-0.5977857,1.8268144,0.5,0,-1,0.49441463,0,-1.3048683,1,0,0,0,1,0,0,0,0.0071375053,-0.0074985437,-0.076814175,37.06723,29.26332,0,0
155595,-0.479019,-0.564281,1.7,-0.4867109,-0.57100075,1.761571,0.5,0,-1,0.49441463,0,-1.3048683,1,0,0,0,1,0,0,0,0.0051393155,-0.008826571,-0.06157112,36.308582,28.963852,0,0
155645,-0.479019,-0.564281,1.7,-0.49060428,-0.54658854,1.6963277,0.5,0,-1,0.46694717,0,-0.6524343,1,0,0,0,1,0,0,0,-0.019003728,-0.009279009,0.0036725998,28.551504,23.258474,0,0
155695,-0.482973,-0.514458,1.6000001,-0.49335545,-0.5247875,1.6963277,0.5,0,-1,0.46694717,0,-0.6524343,1,0,0,0,1,0,0,0,0.008948307,-0.011594016,-0.0963273,37.863026,29.380651,0,0
155745,-0.483078,-0.489461,1.55,-0.49535227,-0.49876988,1.5984626,0.5,0,-1,0.5218821,0,-1.9573022,1,0,0,0,1,0,0,0,0.008965775,-0.012527076,-0.04846239,37.229866,30.239994,0,0
155795,-0.481934,-0.46449,1.5000002,-0.49479738,-0.47268167,1.5005975,0.5,0,-1,0.5218821,0,-1.9573022,1,0,0,0,1,0,0,0,0.009073755,-0.01225711,-0.0005970001,36.539413,31.064558,0,0
155845,-0.479543,-0.439607,1.45,-0.4925428,-0.44668514,1.4679757,0.5,0,-1,0.5218821,0,-0.65243393,1,0,0,0,1,0,0,0,0.0083750505,-0.01220465,-0.017975807,36.6118,30.589066,0,0
155895,-0.479543,-0.439607,1.45,-0.4894415,-0.42077598,1.435354,0.5,0,-1,0.43947968,0,-1.3048686,1,0,0,0,1,0,0,0,-0.017321972,-0.012350585,0.014646052,28.87237,23.877317,0,0
155945,-0.471048,-0.390355,1.3500001,-0.48591205,-0.39769694,1.4027323,0.5,0,-1,0.46694714,0,-1.9573026,1,0,0,0,1,0,0,0,0.009724878,-0.013426511,-0.05273199,37.51104,30.372328,0,0
155995,-0.464965,-0.366109,1.3,-0.48043665,-0.37078074,1.3374889,0.5,0,-1,0.54934955,0,-1.3048679,1,0,0,0,1,0,0,0,0.008122149,-0.013972408,-0.037488937,36.84566,30.179134,0,0
156045,-0.457678,-0.342197,1.2500002,-0.4739399,-0.34692898,1.2722455,0.5,0,-1,0.5218821,0,-1.9573022,1,0,0,0,1,0,0,0,0.009305859,-0.014150698,-0.022245407,36.95366,30.765417,0,0
156095,-0.449206,-0.31868,1.2,-0.465054,-0.32239446,1.1743804,0.5,0,-1,0.5218821,0,-0.65243393,1,0,0,0,1,0,0,0,0.009545566,-0.013184799,0.025619507,36.255337,31.59353,0,0
156145,-0.449206,-0.31868,1.2,-0.45458743,-0.29849148,1.1417587,0.5,0,-1,0.46694717,0,-0.6524343,1,0,0,0,1,0,0,0,-0.016120099,-0.013292034,0.05824137,28.480442,24.846027,0,0
156195,-0.42879,-0.273061,1.1000001,-0.44453004,-0.2774214,1.1091369,0.5,0,-1,0.49441463,0,-1.3048683,1,0,0,0,1,0,0,0,0.010915091,-0.012150007,-0.009136677,37.189964,31.447163,0,0
156245,-0.416898,-0.251073,1.05,-0.4314995,-0.2532415,1.0438936,0.5,0,-1,0.6042846,0,-1.3048686,1,0,0,0,1,0,0,0,0.009216878,-0.011530627,0.006106377,36.46753,31.215796,0,0
156295,-0.403922,-0.229707,1.0000002,-0.41692024,-0.22996262,0.9786502,0.5,0,-1,0.5218821,0,-0.65243393,1,0,0,0,1,0,0,0,0.0074669784,-0.010642564,0.021349907,35.721188,30.96474,0,0
156345,-0.389894,-0.209017,0.95000005,-0.4020048,-0.2085516,0.9460285,0.5,0,-1,0.54934955,0,-1.3048679,1,0,0,0,1,0,0,0,0.006706236,-0.010095269,0.0039715767,35.78412,30.487644,0,0
156395,-0.389894,-0.209017,0.95000005,-0.38639897,-0.18763845,0.9134067,0.5,0,-1,0.43947968,0,0,1,0,0,0,1,0,0,0,-0.019058695,-0.010296781,0.036593437,28.00376,23.733881,0,0
156445,-0.358826,-0.169867,0.85000014,-0.37241152,-0.17069125,0.84816325,0.5,0,-1,0.46694717,0,-0.6524343,1,0,0,0,1,0,0,0,0.009603186,-0.009644908,0.0018367766,36.629227,31.272455,0,0
156495,-0.341864,-0.151505,0.79999995,-0.35358328,-0.15069227,0.7829199,0.5,0,-1,0.5218821,0,-0.65243393,1,0,0,0,1,0,0,0,0.0077340417,-0.0088423295,0.017080069,35.85205,30.989227,0,0
156545,-0.324005,-0.134014,0.75,-0.33550042,-0.13383627,0.7176764,0.5,0,-1,0.5218821,0,-0.65243393,1,0,0,0,1,0,0,0,0.008543027,-0.0076936837,0.0323236,35.81816,31.45464,0,0
156595,-0.305295,-0.117438,0.70000005,-0.31423002,-0.11645717,0.65243304,0.5,0,-1,0.57681704,0,-0.65243393,1,0,0,0,1,0,0,0,0.006504374,-0.00620403,0.04756689,34.97355,31.114462,0,0
156645,-0.305295,-0.117438,0.70000005,-0.29323977,-0.10095517,0.61981136,0.5,0,-1,0.43947968,0,0,1,0,0,0,1,0,0,0,-0.019387376,-0.006414173,0.08018875,27.114138,24.279621,0,0
156695,-0.265507,-0.087191,0.60000014,-0.27627817,-0.08926375,0.58718956,0.5,0,-1,0.49441463,0,0,1,0,0,0,1,0,0,0,0.0101153515,-0.0042419047,0.012810707,36.554867,31.629885,0,0
156745,-0.24453,-0.073596,0.54999995,-0.2529273,-0.07480004,0.5219462,0.5,0,-1,0.57681704,0,-0.65243393,1,0,0,0,1,0,0,0,0.007879495,-0.003142905,0.028053762,35.667027,31.240591,0,0
156795,-0.222899,-0.061067,0.5,-0.23250148,-0.063491434,0.4893245,0.5,0,-1,0.5218821,0,-0.65243393,1,0,0,0,1,0,0,0,0.009615184,-0.0023735208,0.01067543,36.433937,31.471039,0,0
156845,-0.200669,-0.049635,0.45000005,-0.2078491,-0.05137852,0.4240811,0.5,0,-1,0.54934955,0,-1.3048679,1,0,0,0,1,0,0,0,0.0072614904,-0.0013654178,0.02591896,35.51468,31.048918,0,0
156895,-0.200669,-0.049635,0.45000005,-0.18245944,-0.040898636,0.3588377,0.5,0,-1,0.49441463,0,0,1,0,0,0,1,0,0,0,-0.020117806,-0.0017849621,0.09116245,26.670208,24.253996,0,0
156945,-0.154635,-0.030172,0.3499999,-0.16188508,-0.033181675,0.3588377,0.5,0,-1,0.46694717,0,-0.6524343,1,0,0,0,1,0,0,0,0.007845253,0.0002718463,-0.008837699,36.223885,30.686626,0,0
156995,-0.130946,-0.02219,0.29999995,-0.13730681,-0.024417493,0.326216,0.5,0,-1,0.54934955,0,-1.3048679,1,0,0,0,1,0,0,0,0.00673918,0.00007162662,-0.02621603,36.17918,30.090134,0,0
157045,-0.106888,-0.015402,0.25,-0.11627309,-0.018058341,0.2609726,0.5,0,-1,0.5218821,0,-0.65243393,1,0,0,0,1,0,0,0,0.009752693,0.00014485326,-0.0109725,36.794395,31.187733,0,0
157095,-0.082521,-0.009825,0.20000005,-0.08951864,-0.011840486,0.1957292,0.5,0,-1,0.54934955,0,-1.3048679,1,0,0,0,1,0,0,0,0.007256001,0.000616089,0.004270792,35.849422,30.7315,0,0
157145,-0.082521,-0.009825,0.20000005,-0.06257562,-0.00649856,0.1957292,0.5,0,-1,0.46694717,0,-0.6524343,1,0,0,0,1,0,0,0,-0.020211473,0.0006160899,0.004270792,28.124199,23.006275,0,0
157195,-0.033103,-0.002357,0.099999905,-0.0423057,-0.0028222317,0.16310748,0.5,0,-1,0.46694717,0,-0.6524343,1,0,0,0,1,0,0,0,0.009156104,-0.0010353248,-0.06310749,37.398018,30.127874,0,0
157245,-0.008176,-0.000484,0.049999952,-0.01638149,0.00015059207,0.06524237,0.5,0,-1,0.54934955,0,-1.3048679,1,0,0,0,1,0,0,0,0.008146659,-0.001168207,-0.015242337,36.41872,30.656517,0,0
157295,0.016814,0.000141,0,0.0110713765,0.0010464408,-0.0000010207295,0.5,0,-1,0.49441463,0,-1.3048683,1,0,0,0,1,0,0,0,0.0057426253,-0.0009054353,0.0000009536743,35.503494,30.22673,0,0
157345,0.043733,0.000867,0.053864956,0.037162013,0.000620816,-0.032622717,0.538648,0,1.077297,0.57681704,0,-0.65243393,1,0,0,0,1,0,0,0,0.0065594614,0.0004603791,0.08648778,31.076828,39.692204,0,0
157395,0.043733,0.000867,0.053864956,0.06599903,0.001091185,0.06524241,0.538648,0,1.077297,0.54934955,0,1.3048679,1,0,0,0,1,0,0,0,-0.022233276,0.0012279537,-0.011377573,24.758636,30.061787,0,0
157445,0.105655,0.008097,0.17863011,0.08926879,0.0029931285,0.097864114,0.652306,0,1.304612,0.57681704,0,0.65243393,1,0,0,0,1,0,0,0,0.016806494,0.0034783864,0.08076596,40.232777,50.49333,0,0
157495,0.140312,0.015633,0.249578,0.12194955,0.0072818752,0.16310757,0.709483,0,1.418966,0.741622,0,0.6524332,1,0,0,0,1,0,0,0,0.01947483,0.0052584903,0.086470366,43.927067,55.381554,0,0
157545,0.177067,0.026518,0.32626295,0.15428117,0.013692191,0.22835104,0.766847,0,1.533694,0.7141545,0,1.3048679,1,0,0,0,1,0,0,0,0.025097732,0.0073347967,0.09791184,48.265816,61.24842,0,0
157595,0.215522,0.041322,0.4087,0.19143355,0.023614231,0.2935944,0.824373,0,1.648745,0.82402444,0,2.6097367,1,0,0,0,1,0,0,0,0.028182242,0.009978982,0.11510563,51.650944,66.566284,0,0
157645,0.255167,0.06061,0.4969039,0.23515408,0.040012777,0.42408127,0.882039,0,1.764077,0.9064268,0,1.9573032,1,0,0,0,1,0,0,0,0.026715547,0.010537668,0.07282257,55.68026,69.30988,0,0
157695,0.295363,0.084918,0.59088707,0.27794427,0.061911218,0.5219464,0.939829,0,1.879657,0.96136177,0,1.9573026,1,0,0,0,1,0,0,0,0.026569897,0.0112590045,0.06894064,58.915455,73.22966,0,0
157745,0.335337,0.114728,0.69066,0.321391,0.09082473,0.6524332,0.997728,0,1.995457,0.98882926,0,1.3048679,1,0,0,0,1,0,0,0,0.025593827,0.0105268145,0.038226843,62.89036,76.13104,0,0
157795,0.374177,0.150439,0.79623294,0.36231,0.12538597,0.7502984,1.055726,0,2.111451,1.0437642,0,1.3048679,1,0,0,0,1,0,0,0,0.025763132,0.010234317,0.045934677,65.902145,80.41616,0,0
157845,0.410832,0.192327,0.907614,0.39965624,0.16377999,0.84816355,1.113811,0,2.227622,1.0986992,0,1.3048693,1,0,0,0,1,0,0,0,0.028803386,0.01049733,0.059450388,69.455574,85.72672,0,0
157895,0.444122,0.240511,1.024811,0.4349028,0.20944026,0.9786503,1.171975,0,2.343951,1.2360367,0,1.9573019,1,0,0,0,1,0,0,0,0.030926416,0.009692331,0.046160694,73.81404,89.92289,0,0
157945,0.472752,0.294909,1.1478322,0.46510494,0.2633596,1.1417588,1.230212,0,2.460423,1.2360365,0,3.262171,1,0,0,0,1,0,0,0,0.03187111,0.0061704307,0.006073475,79.02083,92.68032,0,0
157995,0.495344,0.355196,1.276684,0.4875841,0.3224002,1.2722456,1.288513,0,2.577026,1.2909715,0,1.9573032,1,0,0,0,1,0,0,0,0.033627484,0.0022297683,0.0044384003,82.98226,96.99573,0,0
158045,0.510473,0.420766,1.411371,0.5049088,0.38600492,1.3374891,1.346875,0,2.693749,1.4008414,0,1.9573019,1,0,0,0,1,0,0,0,0.03510572,0.0026231632,0.073881626,83.540665,104.10637,0,0
158095,0.516725,0.490694,1.5519001,0.51388615,0.46100512,1.5658411,1.405291,0,2.810582,1.4008414,0,3.262171,1,0,0,0,1,0,0,0,0.029702567,-0.0026916964,-0.01394081,89.45893,102.89306,0,0
158145,0.512757,0.563709,1.6982758,0.5094178,0.5350326,1.6963279,1.463758,0,2.927515,1.5381788,0,2.6097343,1,0,0,0,1,0,0,0,0.028032724,-0.006903309,0.0019478798,91.73538,107.002426,0,0
158195,0.497382,0.638178,1.8505032,0.4948343,0.6105462,1.8268147,1.522271,0,3.044542,1.5656463,0,3.2621696,1,0,0,0,1,0,0,0,0.026086032,-0.009461872,0.023688318,93.52989,111.373985,0,0
158245,0.469659,0.712111,2.0085862,0.47054923,0.68352026,1.9573014,1.580828,0,3.161656,1.5656463,0,4.567039,1,0,0,0,1,0,0,0,0.026817236,-0.009952827,0.05128479,95.58474,116.84364,0,0
158295,0.428992,0.783177,2.172528,0.43345746,0.75401306,2.1530316,1.639425,0,3.27885,1.6205814,0,4.5670376,1,0,0,0,1,0,0,0,0.026814299,-0.0123073235,0.019496443,100.66801,119.30421,0,0
158345,0.375233,0.848761,2.342334,0.38015038,0.8221637,2.3161402,1.69806,0,3.396119,1.7853862,0,1.9573032,1,0,0,0,1,0,0,0,0.022880254,-0.014425399,0.026193619,102.57385,122.48098,0,0
158395,0.308789,0.906036,2.518007,0.31246012,0.8824474,2.5118704,1.756729,0,3.513459,1.7579187,0,3.9146037,1,0,0,0,1,0,0,0,0.016858758,-0.016902108,0.0061364174,105.41862,123.65141,0,0
158445,0.230707,0.952081,2.69955,0.23355842,0.93240845,2.6423573,1.815432,0,3.630863,1.7304512,0,3.262171,1,0,0,0,1,0,0,0,0.011921726,-0.015906384,0.057192806,104.257515,129.00641,0,0
158495,0.142755,0.98402,2.886967,0.15011942,0.96782076,2.8380876,1.874165,0,3.748329,1.8677886,0,5.2194743,1,0,0,0,1,0,0,0,0.011869248,-0.013257857,0.048879623,107.97174,132.69554,0,0
158545,0.047461,0.999201,3.08026,0.06303991,0.9874719,3.0011961,1.932927,0,3.865853,1.8403212,0,4.5670404,1,0,0,0,1,0,0,0,0.017066943,-0.009433668,0.0790639,110.526054,139.9352,0,0
158595,-0.051887,0.995399,-3.003754,-0.044078007,0.9885334,-3.0210154,1.991716,0,3.983431,1.950191,0,1.9573019,1,0,0,0,1,0,0,0,0.0069264635,-0.0077550793,0.017261505,115.08872,137.73482,0,0
158645,-0.14891,0.971878,-2.803754,-0.13855919,0.9707719,-2.8905284,2,0,4,1.895256,0,4.567039,1,0,0,0,1,0,0,0,0.009751506,-0.0036429085,0.08677434,111.38939,143.15518,0,0
158695,-0.239327,0.92955,-2.6037543,-0.22908151,0.9309782,-2.5643115,2,0,4,1.8128536,0,3.9146063,1,0,0,0,1,0,0,0,0.00936463,-0.0043947045,-0.039443016,119.64052,135.43262,0,0
158745,-0.319531,0.870104,-2.403754,-0.3167414,0.87182784,-2.5316896,2,0,4,2.005126,0,0.65243393,1,0,0,0,1,0,0,0,0.0032740212,-0.00018481468,0.12793589,106.32294,143.47552,0,0
158795,-0.386327,0.795907,-2.2037537,-0.3771542,0.80242145,-2.0423641,2,0,4,1.6755162,0,4.5670404,1,0,0,0,1,0,0,0,0.009970479,-0.005212251,-0.16138934,125.96693,126.392685,0,0
158845,-0.43705,0.70992,-2.003754,-0.43315527,0.72092474,-2.3033378,2,0,4,1.6755162,0,0.65243536,1,0,0,0,1,0,0,0,0.010786434,0.0044638934,0.2995839,93.16315,151.76903,0,0
158895,-0.46968,0.61557,-1.8037541,-0.4462839,0.63123786,-1.1289563,2,0,4,1.7579188,0,9.13408,1,0,0,0,1,0,0,0,0.0041589523,-0.027848924,-0.67479795,128.58047,68.96721,0,0
158945,-0.482915,0.516617,-1.6037543,-0.46033677,0.5598185,-2.401203,2,0,4,0.9338942,0,-7.8292093,1,0,0,0,1,0,0,0,0.045810074,0.01666087,0.7974487,43.961197,156.44061,0,0
158995,-0.476227,0.417008,-1.403754,-0.4622631,0.4980467,-0.802739,2,0,4,1.3459066,0,29.359539,1,0,0,0,1,0,0,0,0.048586756,-0.06634445,-0.6010151,144.04016,89.48039,0,0
159045,-0.449883,0.320713,-1.2037537,-0.42878824,0.46957114,-0.6070088,2,0,4,1.1261666,0,3.2621696,1,0,0,0,1,0,0,0,0.067584276,-0.13429855,-0.596745,151.60701,93.2014,0,0
159095,-0.404933,0.231572,-1.0037539,-0.3682937,0.38790718,-1.2594432,2,0,4,2.636878,0,-18.268156,1,0,0,0,1,0,0,0,0.13759421,-0.08277051,0.25568914,135.7516,183.51744,0,0
159145,-0.343169,0.153137,-0.8037541,-0.32011613,0.24617383,-1.2268214,2,0,4,2.4995406,0,11.09138,1,0,0,0,1,0,0,0,0.07981271,-0.053077467,0.4230671,101.65068,171.20244,0,0
159195,-0.267055,0.088536,-0.60375404,-0.23479545,0.19095634,0.078046806,2,0,4,1.7304512,0,5.871908,1,0,0,0,1,0,0,0,-0.04014682,-0.09959336,-0.6818008,118.179886,53.347294,0,0
159245,-0.179623,0.040345,-0.403754,-0.18370715,0.16133393,-1.1289563,2,0,4,1.4008414,0,-12.39625,1,0,0,0,1,0,0,0,0.11111632,-0.04804338,0.7252021,73.90254,175.69171,0,0
159295,-0.08436,0.010484,-0.20375395,-0.1260239,0.11693962,-0.18292695,2,0,4,2.279801,0,20.225458,1,0,0,0,1,0,0,0,0.06033393,-0.097100444,-0.020827057,135.79788,148.08571,0,0
159345,0.014937,0.000145,-0.0037539005,0.009022087,0.09195678,-0.18292695,2,0,4,2.856618,0,-3.9146063,1,0,0,0,1,0,0,0,0.022517562,-0.08920396,0.17917298,110.36927,148.2947,0,0
159395,0.114233,-0.010195,-0.20375395,0.13241076,0.111818664,0.5021289,2,0,-4,0.98882926,0,-7.8292103,1,0,0,0,1,0,0,0,-0.074658185,-0.09820347,-0.7058828,128.72383,19.54073,0,0
159445,0.209496,-0.040055,-0.403754,0.18549223,0.10466316,-0.7701178,2,0,-4,1.5931139,0,-16.963291,1,0,0,0,1,0,0,0,0.117986254,-0.08717096,0.36636376,140.54378,159.23248,0,0
159495,0.296928,-0.088247,-0.60375404,0.25600222,0.018620081,-0.9984697,2,0,-4,3.0214229,0,5.219477,1,0,0,0,1,0,0,0,0.11200204,-0.023474116,0.39471555,133.87096,159.90668,0,0
159545,0.373043,-0.152847,-0.8037541,0.3419829,-0.047552593,-0.31341386,2,0,-4,2.4995406,0,4.567036,1,0,0,0,1,0,0,0,0.06201016,-0.09058909,-0.4903402,170.83627,84.587616,0,0
159595,0.434806,-0.231282,-1.0037539,0.40069816,-0.1355045,-1.6509042,2,0,-4,1.8952562,0,-9.786514,1,0,0,0,1,0,0,0,0.09274097,0.041662756,0.64715004,96.94446,154.67365,0,0
159645,0.479756,-0.320423,-1.2037537,0.44830164,-0.20939364,-0.34603572,2,0,-4,1.2360365,0,5.8719068,1,0,0,0,1,0,0,0,0.06724785,-0.09377966,-0.857718,161.9338,39.4344,0,0
159695,0.5061,-0.416718,-1.403754,0.48037735,-0.28678572,-2.0097427,2,0,-4,2.114996,0,-18.920591,1,0,0,0,1,0,0,0,0.106682904,0.07850357,0.605989,104.82453,160.66937,0,0
159745,0.512788,-0.516328,-1.6037543,0.4760747,-0.37732622,-1.2268218,2,0,-4,2.5544758,0,15.005988,1,0,0,0,1,0,0,0,0.14324015,-0.012313083,-0.37693262,190.66846,122.353615,0,0
159795,0.499554,-0.61528,-1.8037541,0.48070586,-0.51321137,-1.8466344,2,0,-4,3.15876,0,-12.39625,1,0,0,0,1,0,0,0,0.09307679,0.04593435,0.04288006,157.43051,144.69534,0,0
159845,0.466924,-0.70963,-2.003754,0.4410573,-0.6532858,-1.8466344,2,0,-4,2.3072681,0,-2.6097357,1,0,0,0,1,0,0,0,0.04716937,0.04023441,-0.15711975,155.86258,117.590706,0,0
159895,0.4162,-0.795618,-2.2037537,0.39364076,-0.74627024,-2.2380948,2,0,-4,2.0875285,0,-5.2194743,1,0,0,0,1,0,0,0,0.024801334,0.04825987,0.03434086,138.73468,125.06867,0,0
159945,0.349405,-0.869814,-2.403754,0.32675058,-0.8436135,-2.1076078,2,0,-4,2.114996,0,-5.8719068,1,0,0,0,1,0,0,0,0.010929767,0.032866813,-0.29614592,150.54921,94.71586,0,0
159995,0.2692,-0.929261,-2.6037543,0.24096173,-0.91003466,-2.857907,2,0,-4,2.060061,0,-7.1767764,1,0,0,0,1,0,0,0,-0.021728212,0.026361674,0.25415275,108.68862,121.0584,0,0
160045,0.178784,-0.971588,-2.803754,0.1689131,-0.9603804,-2.2054727,2,0,-4,1.7579187,0,-2.6097386,1,0,0,0,1,0,0,0,0.00317248,0.014593878,-0.5982814,149.81209,58.548607,0,0
160095,0.081761,-0.995109,-3.003754,0.07069792,-0.9805076,2.609736,2,0,-4,1.9776585,0,-15.658421,1,0,0,0,1,0,0,0,-0.016939785,0.006973997,0.66969573,64.3416,122.132416,0,0
160145,-0.018001,-0.998886,3.0794308,0.004772663,-0.9940177,-2.2054722,2,0,-4,1.0712316,0,13.701117,1,0,0,0,1,0,0,0,0.017423123,-0.01545233,-0.99828225,136.71175,8.525497,0,0
160195,-0.116525,-0.982768,2.879431,-0.013688222,-1.0083109,-2.7600412,2,0,-4,1.0986991,0,-14.353553,1,0,0,0,1,0,0,0,0.08593042,-0.061998434,-0.6437128,174.53532,73.76875,0,0
160245,-0.209882,-0.947397,2.6794312,-0.12355275,-1.0072222,2.740223,2,0,-4,3.2960975,0,-16.963285,1,0,0,0,1,0,0,0,0.10284086,-0.021343622,-0.060791966,168.72864,138.6575,0,0
160295,-0.294352,-0.894184,2.479431,-0.23472908,-0.9289532,2.316141,2,0,-4,3.2411628,0,0,1,0,0,0,1,0,0,0,0.065988034,0.020232826,0.16329002,141.51651,142.2762,0,0
160345,-0.366566,-0.825251,2.279431,-0.30635607,-0.8711905,2.6097362,2,0,-4,1.8403212,0,-4.5670404,1,0,0,0,1,0,0,0,0.07519045,-0.00905923,-0.3303051,170.68283,108.09765,0,0
160395,-0.423645,-0.743344,2.0794308,-0.35427168,-0.75874346,1.3374895,2,0,-4,2.1699307,0,-11.091381,1,0,0,0,1,0,0,0,-0.0010566013,0.071054086,0.74194145,57.45731,126.23786,0,0
160445,-0.463315,-0.651731,1.879431,-0.37774602,-0.70605445,2.6423576,2,0,-4,1.0986991,0,11.743815,1,0,0,0,1,0,0,0,0.10113278,-0.006726701,-0.76292664,173.17223,64.41912,0,0
160495,-0.483993,-0.554062,1.6794312,-0.42771852,-0.6720787,2.4466274,2,0,-4,1.950191,0,-18.920591,1,0,0,0,1,0,0,0,0.11879611,-0.054609954,-0.76719624,179.47682,67.3109,0,0
160545,-0.484855,-0.454233,1.4794309,-0.43918604,-0.5490082,0.8807856,2,0,-4,2.417138,0,-20.877893,1,0,0,0,1,0,0,0,0.044023998,0.09555041,0.59864527,87.56569,143.72275,0,0
160595,-0.465867,-0.356222,1.2794311,-0.4290368,-0.4506475,2.0551672,2,0,-4,1.6205814,0,12.396251,1,0,0,0,1,0,0,0,0.1007136,-0.011375848,-0.77573633,172.66837,62.459427,0,0
160645,-0.427785,-0.263937,1.0794308,-0.41433415,-0.36398995,0.75029874,2,0,-4,2.1699307,0,-20.22546,1,0,0,0,1,0,0,0,0.05838273,0.08235882,0.32913205,122.22361,147.19748,0,0
160695,-0.372128,-0.181057,0.879431,-0.32168788,-0.25891742,0.94602895,2,0,-4,2.3896706,0,-0.6524325,1,0,0,0,1,0,0,0,0.033649653,0.086453184,-0.06659794,146.18465,122.18907,0,0
160745,-0.301116,-0.110886,0.67943096,-0.21692356,-0.17887208,0.35883823,2,0,-4,1.8677886,0,-7.8292103,1,0,0,0,1,0,0,0,-0.054954015,0.093223006,0.32059267,90.85636,115.494194,0,0
160795,-0.301116,-0.110886,0.67943096,-0.16151571,-0.14068006,0.8481638,2,0,-4,1.6205813,0,0.6524325,1,0,0,0,1,0,0,0,-0.06997871,0.12441425,-0.16873288,120.74489,86.34167,0,0
160845,-0.124845,-0.019245,0.2794311,-0.067574024,-0.10190445,-0.06524402,2,0,-4,2.0325933,0,-9.134078,1,0,0,0,1,0,0,0,-0.062538326,0.07874965,0.34467506,86.75992,113.35858,0,0
160895,-0.026614,-0.001428,0.07943106,0.012038209,-0.08064291,0.58719015,2,0,-4,1.5381788,0,3.9146051,1,0,0,0,1,0,0,0,0.011708975,0.08736072,-0.5077591,150.99406,74.051285,0,0
160945,-0.026614,-0.001428,0.07943106,0.11743652,-0.08925778,-0.75030017,2,0,-4,2.2523332,0,-24.7925,1,0,0,0,1,0,0,0,-0.16525815,-0.03397596,0.8297312,2.9142907,72.89652,0,0
160995,-0.026614,-0.001428,0.07943106,0.15890568,-0.12094244,-0.55456996,2,0,-4,-0.027467439,0,17.615723,1,0,0,0,1,0,0,0,-0.22064894,0.0039119124,0.634001,11.643596,65.65733,0,0
161045,-0.026614,-0.001428,0.07943106,0.15890568,-0.12094244,-0.55456996,2,0,-4,0.21973984,0,-1.3048683,1,0,0,0,1,0,0,0,-0.22064894,0.0039119124,0.634001,11.643596,65.65733,0,0
161095,-0.026614,-0.001428,0.07943106,0.15890568,-0.12094244,-0.55456996,2,0,-4,0.6042846,0,-1.3048686,1,0,0,0,1,0,0,0,-0.22064894,0.0039119124,0.634001,11.643596,65.65733,0,0
161145,-0.026614,-0.001428,0.07943106,0.15890568,-0.12094244,-0.55456996,2,0,-4,0.27467477,0,0,1,0,0,0,1,0,0,0,-0.22064894,0.0039119124,0.634001,11.643596,65.65733,0,0
161195,-0.026614,-0.001428,0.07943106,0.15890568,-0.12094244,-0.55456996,2,0,-4,0.41201216,0,-0.6524343,1,0,0,0,1,0,0,0,-0.22064894,0.0039119124,0.634001,11.643596,65.65733,0,0
161245,-0.026614,-0.001428,0.07943106,0.15890568,-0.12094244,-0.55456996,2,0,-4,0.49441463,0,0,1,0,0,0,1,0,0,0,-0.22064894,0.0039119124,0.634001,11.643596,65.65733,0,0
161295,-0.026614,-0.001428,0.07943106,0.15890568,-0.12094244,-0.55456996,2,0,-4,0.43947968,0,0,1,0,0,0,1,0,0,0,-0.22064894,0.0039119124,0.634001,11.643596,65.65733,0,0
161345,-0.026614,-0.001428,0.07943106,0.15890568,-0.12094244,-0.55456996,2,0,-4,0.3845447,0,0,1,0,0,0,1,0,0,0,-0.22064894,0.0039119124,0.634001,11.643596,65.65733,0,0
161395,-0.026614,-0.001428,0.07943106,0.15890568,-0.12094244,-0.55456996,2,0,-4,0.3845447,0,0,1,0,0,0,1,0,0,0,-0.22064894,0.0039119124,0.634001,11.643596,65.65733,0,0
161445,-0.026614,-0.001428,0.07943106,0.15890568,-0.12094244,-0.55456996,2,0,-4,0.32960975,0,0,1,0,0,0,1,0,0,0,-0.22064894,0.0039119124,0.634001,11.643596,65.65733,0,0
161495,-0.026614,-0.001428,0.07943106,0.15890568,-0.12094244,-0.55456996,2,0,-4,0.32960975,0,0,1,0,0,0,1,0,0,0,-0.22064894,0.0039119124,0.634001,11.643596,65.65733,0,0
161545,-0.026614,-0.001428,0.07943106,0.15890568,-0.12094244,-0.55456996,2,0,-4,0.24720731,0,-0.6524342,1,0,0,0,1,0,0,0,-0.22064894,0.0039119124,0.634001,11.643596,65.65733,0,0
161595,-0.026614,-0.001428,0.07943106,0.15890568,-0.12094244,-0.55456996,2,0,-4,0.24720731,0,-0.6524342,1,0,0,0,1,0,0,0,-0.22064894,0.0039119124,0.634001,11.643596,65.65733,0,0
161645,-0.026614,-0.001428,0.07943106,0.15890568,-0.12094244,-0.55456996,2,0,-4,0.21973984,0,0,1,0,0,0,1,0,0,0,-0.22064894,0.0039119124,0.634001,11.643596,65.65733,0,0
161695,-0.026614,-0.001428,0.07943106,0.15890568,-0.12094244,-0.55456996,2,0,-4,0.19227235,0,-0.6524342,1,0,0,0,1,0,0,0,-0.22064894,0.0039119124,0.634001,11.643596,65.65733,0,0
161745,-0.026614,-0.001428,0.07943106,0.15890568,-0.12094244,-0.55456996,2,0,-4,0.16480488,0,0,1,0,0,0,1,0,0,0,-0.22064894,0.0039119124,0.634001,11.643596,65.65733,0,0
161795,-0.026614,-0.001428,0.07943106,0.15890568,-0.12094244,-0.55456996,2,0,-4,0.16480488,0,0,1,0,0,0,1,0,0,0,-0.22064894,0.0039119124,0.634001,11.643596,65.65733,0,0
161845,-0.026614,-0.001428,0.07943106,0.15890568,-0.12094244,-0.55456996,2,0,-4,0.10986992,0,0,1,0,0,0,1,0,0,0,-0.22064894,0.0039119124,0.634001,11.643596,65.65733,0,0
161895,-0.026614,-0.001428,0.07943106,0.15890568,-0.12094244,-0.55456996,2,0,-4,0.19227235,0,-0.6524342,1,0,0,0,1,0,0,0,-0.22064894,0.0039119124,0.634001,11.643596,65.65733,0,0
161945,-0.026614,-0.001428,0.07943106,0.15890568,-0.12094244,-0.55456996,2,0,-4,0.13733739,0,-0.65243423,1,0,0,0,1,0,0,0,-0.22064894,0.0039119124,0.634001,11.643596,65.65733,0,0
161995,-0.026614,-0.001428,0.07943106,0.15890568,-0.12094244,-0.55456996,2,0,-4,0.13733739,0,-0.65243423,1,0,0,0,1,0,0,0,-0.22064894,0.0039119124,0.634001,11.643596,65.65733,0,0
162045,-0.026614,-0.001428,0.07943106,0.15890568,-0.12094244,-0.55456996,2,0,-4,0.13733739,0,0.65243423,1,0,0,0,1,0,0,0,-0.22064894,0.0039119124,0.634001,11.643596,65.65733,0,0
162095,-0.026614,-0.001428,0.07943106,0.15890568,-0.12094244,-0.55456996,2,0,-4,0.10986992,0,0,1,0,0,0,1,0,0,0,-0.22064894,0.0039119124,0.634001,11.643596,65.65733,0,0
162145,-0.026614,-0.001428,0.07943106,0.15890568,-0.12094244,-0.55456996,2,0,-4,0.10986992,0,0,1,0,0,0,1,0,0,0,-0.22064894,0.0039119124,0.634001,11.643596,65.65733,0,0
162195,-0.026614,-0.001428,0.07943106,0.15890568,-0.12094244,-0.55456996,2,0,-4,0.10986992,0,0,1,0,0,0,1,0,0,0,-0.22064894,0.0039119124,0.634001,11.643596,65.65733,0,0
162245,-0.026614,-0.001428,0.07943106,0.15890568,-0.12094244,-0.55456996,2,0,-4,0.08240244,0,-0.6524342,1,0,0,0,1,0,0,0,-0.22064894,0.0039119124,0.634001,11.643596,65.65733,0,0
162295,-0.026614,-0.001428,0.07943106,0.15890568,-0.12094244,-0.55456996,2,0,-4,0.08240244,0,-0.6524342,1,0,0,0,1,0,0,0,-0.22064894,0.0039119124,0.634001,11.643596,65.65733,0,0
162345,-0.026614,-0.001428,0.07943106,0.15890568,-0.12094244,-0.55456996,2,0,-4,0.10986992,0,-1.3048685,1,0,0,0,1,0,0,0,-0.22064894,0.0039119124,0.634001,11.643596,65.65733,0,0
162395,-0.026614,-0.001428,0.07943106,0.15890568,-0.12094244,-0.55456996,2,0,-4,0.08240244,0,0.6524342,1,0,0,0,1,0,0,0,-0.22064894,0.0039119124,0.634001,11.643596,65.65733,0,0
162445,-0.026614,-0.001428,0.07943106,0.15890568,-0.12094244,-0.55456996,2,0,-4,0.08240244,0,0.6524342,1,0,0,0,1,0,0,0,-0.22064894,0.0039119124,0.634001,11.643596,65.65733,0,0
162495,-0.026614,-0.001428,0.07943106,0.15890568,-0.12094244,-0.55456996,2,0,-4,0.02746748,0,-0.6524342,1,0,0,0,1,0,0,0,-0.22064894,0.0039119124,0.634001,11.643596,65.65733,0,0
162545,-0.026614,-0.001428,0.07943106,0.15890568,-0.12094244,-0.55456996,2,0,-4,0.05493496,0,0,1,0,0,0,1,0,0,0,-0.22064894,0.0039119124,0.634001,11.643596,65.65733,0,0
162595,-0.026614,-0.001428,0.07943106,0.15890568,-0.12094244,-0.55456996,2,0,-4,0.02746748,0,0.6524342,1,0,0,0,1,0,0,0,-0.22064894,0.0039119124,0.634001,11.643596,65.65733,0,0
162645,-0.026614,-0.001428,0.07943106,0.15890568,-0.12094244,-0.55456996,2,0,-4,0.02746748,0,0.6524342,1,0,0,0,1,0,0,0,-0.22064894,0.0039119124,0.634001,11.643596,65.65733,0,0
162695,-0.026614,-0.001428,0.07943106,0.15890568,-0.12094244,-0.55456996,2,0,-4,0.02746748,0,0.6524342,1,0,0,0,1,0,0,0,-0.22064894,0.0039119124,0.634001,11.643596,65.65733,0,0
162745,-0.026614,-0.001428,0.07943106,0.15890568,-0.12094244,-0.55456996,2,0,-4,0.05493496,0,0,1,0,0,0,1,0,0,0,-0.22064894,0.0039119124,0.634001,11.643596,65.65733,0,0
162795,-0.026614,-0.001428,0.07943106,0.15890568,-0.12094244,-0.55456996,2,0,-4,0.05493496,0,0,1,0,0,0,1,0,0,0,-0.22064894,0.0039119124,0.634001,11.643596,65.65733,0,0
162845,-0.026614,-0.001428,0.07943106,0.15890568,-0.12094244,-0.55456996,2,0,-4,0.05493496,0,0,1,0,0,0,1,0,0,0,-0.22064894,0.0039119124,0.634001,11.643596,65.65733,0,0
162895,-0.026614,-0.001428,0.07943106,0.15890568,-0.12094244,-0.55456996,2,0,-4,-0,0,0,1,0,0,0,1,0,0,0,-0.22064894,0.0039119124,0.634001,11.643596,65.65733,0,0
162945,-0.026614,-0.001428,0.07943106,0.15890568,-0.12094244,-0.55456996,2,0,-4,0.02746748,0,0.6524342,1,0,0,0,1,0,0,0,-0.22064894,0.0039119124,0.634001,11.643596,65.65733,0,0
162995,-0.026614,-0.001428,0.07943106,0.15890568,-0.12094244,-0.55456996,2,0,-4,-0,0,0,1,0,0,0,1,0,0,0,-0.22064894,0.0039119124,0.634001,11.643596,65.65733,0,0
163045,-0.026614,-0.001428,0.07943106,0.15890568,-0.12094244,-0.55456996,2,0,-4,-0,0,0,1,0,0,0,1,0,0,0,-0.22064894,0.0039119124,0.634001,11.643596,65.65733,0,0
163095,-0.026614,-0.001428,0.07943106,0.15890568,-0.12094244,-0.55456996,2,0,-4,0.02746748,0,-0.6524342,1,0,0,0,1,0,0,0,-0.22064894,0.0039119124,0.634001,11.643596,65.65733,0,0
163145,-0.026614,-0.001428,0.07943106,0.15890568,-0.12094244,-0.55456996,2,0,-4,-0,0,0,1,0,0,0,1,0,0,0,-0.22064894,0.0039119124,0.634001,11.643596,65.65733,0,0
163195,-0.026614,-0.001428,0.07943106,0.15890568,-0.12094244,-0.55456996,2,0,-4,0.02746748,0,0.6524342,1,0,0,0,1,0,0,0,-0.22064894,0.0039119124,0.634001,11.643596,65.65733,0,0
163245,-0.026614,-0.001428,0.07943106,0.15890568,-0.12094244,-0.55456996,2,0,-4,-0,0,0,1,0,0,0,1,0,0,0,-0.22064894,0.0039119124,0.634001,11.643596,65.65733,0,0
163295,-0.026614,-0.001428,0.07943106,0.15890568,-0.12094244,-0.55456996,2,0,-4,0.02746748,0,0.6524342,1,0,0,0,1,0,0,0,-0.22064894,0.0039119124,0.634001,11.643596,65.65733,0,0
163345,-0.026614,-0.001428,0.07943106,0.15890568,-0.12094244,-0.55456996,2,0,-4,-0,0,0,1,0,0,0,1,0,0,0,-0.22064894,0.0039119124,0.634001,11.643596,65.65733,0,0
163395,-0.026614,-0.001428,0.07943106,0.15890568,-0.12094244,-0.55456996,2,0,-4,0.02746748,0,0.6524342,1,0,0,0,1,0,0,0,-0.22064894,0.0039119124,0.634001,11.643596,65.65733,0,0
163445,-0.026614,-0.001428,0.07943106,0.15890568,-0.12094244,-0.55456996,2,0,-4,-0,0,0,1,0,0,0,1,0,0,0,-0.22064894,0.0039119124,0.634001,11.643596,65.65733,0,0
163495,-0.026614,-0.001428,0.07943106,0.15890568,-0.12094244,-0.55456996,2,0,-4,-0,0,0,1,0,0,0,1,0,0,0,-0.22064894,0.0039119124,0.634001,11.643596,65.65733,0,0
163545,-0.026614,-0.001428,0.07943106,0.15890568,-0.12094244,-0.55456996,2,0,-4,-0,0,0,1,0,0,0,1,0,0,0,-0.22064894,0.0039119124,0.634001,11.643596,65.65733,0,0
163595,-0.026614,-0.001428,0.07943106,0.15890568,-0.12094244,-0.55456996,2,0,-4,-0,0,0,1,0,0,0,1,0,0,0,-0.22064894,0.0039119124,0.634001,11.643596,65.65733,0,0
163645,-0.026614,-0.001428,0.07943106,0.15890568,-0.12094244,-0.55456996,2,0,-4,0.02746748,0,0.6524342,1,0,0,0,1,0,0,0,-0.22064894,0.0039119124,0.634001,11.643596,65.65733,0,0
163695,-0.026614,-0.001428,0.07943106,0.15890568,-0.12094244,-0.55456996,2,0,-4,-0,0,0,1,0,0,0,1,0,0,0,-0.22064894,0.0039119124,0.634001,11.643596,65.65733,0,0
163745,-0.026614,-0.001428,0.07943106,0.15890568,-0.12094244,-0.55456996,2,0,-4,-0,0,0,1,0,0,0,1,0,0,0,-0.22064894,0.0039119124,0.634001,11.643596,65.65733,0,0
163795,-0.026614,-0.001428,0.07943106,0.15890568,-0.12094244,-0.55456996,2,0,-4,-0,0,0,1,0,0,0,1,0,0,0,-0.22064894,0.0039119124,0.634001,11.643596,65.65733,0,0
163845,-0.026614,-0.001428,0.07943106,0.15890568,-0.12094244,-0.55456996,2,0,-4,-0,0,0,1,0,0,0,1,0,0,0,-0.22064894,0.0039119124,0.634001,11.643596,65.65733,0,0
163895,-0.026614,-0.001428,0.07943106,0.15890568,-0.12094244,-0.55456996,2,0,-4,-0,0,0,1,0,0,0,1,0,0,0,-0.22064894,0.0039119124,0.634001,11.643596,65.65733,0,0
163945,-0.026614,-0.001428,0.07943106,0.15890568,-0.12094244,-0.55456996,2,0,-4,-0,0,0,1,0,0,0,1,0,0,0,-0.22064894,0.0039119124,0.634001,11.643596,65.65733,0,0
163995,-0.026614,-0.001428,0.07943106,0.15890568,-0.12094244,-0.55456996,2,0,-4,-0,0,0,1,0,0,0,1,0,0,0,-0.22064894,0.0039119124,0.634001,11.643596,65.65733,0,0
164045,-0.026614,-0.001428,0.07943106,0.15890568,-0.12094244,-0.55456996,2,0,-4,-0,0,0,1,0,0,0,1,0,0,0,-0.22064894,0.0039119124,0.634001,11.643596,65.65733,0,0
164095,-0.026614,-0.001428,0.07943106,0.15890568,-0.12094244,-0.55456996,2,0,-4,-0,0,0,1,0,0,0,1,0,0,0,-0.22064894,0.0039119124,0.634001,11.643596,65.65733,0,0
164145,-0.026614,-0.001428,0.07943106,0.15890568,-0.12094244,-0.55456996,2,0,-4,-0,0,0,1,0,0,0,1,0,0,0,-0.22064894,0.0039119124,0.634001,11.643596,65.65733,0,0
164195,-0.026614,-0.001428,0.07943106,0.15890568,-0.12094244,-0.55456996,2,0,-4,-0,0,0,1,0,0,0,1,0,0,0,-0.22064894,0.0039119124,0.634001,11.643596,65.65733,0,0
164245,-0.026614,-0.001428,0.07943106,0.15890568,-0.12094244,-0.55456996,2,0,-4,-0,0,0,1,0,0,0,1,0,0,0,-0.22064894,0.0039119124,0.634001,11.643596,65.65733,0,0
164295,-0.026614,-0.001428,0.07943106,0.15890568,-0.12094244,-0.55456996,2,0,-4,-0,0,0,1,0,0,0,1,0,0,0,-0.22064894,0.0039119124,0.634001,11.643596,65.65733,0,0
164345,-0.026614,-0.001428,0.07943106,0.15890568,-0.12094244,-0.55456996,2,0,-4,-0,0,0,1,0,0,0,1,0,0,0,-0.22064894,0.0039119124,0.634001,11.643596,65.65733,0,0
164395,-0.026614,-0.001428,0.07943106,0.15890568,-0.12094244,-0.55456996,2,0,-4,-0,0,0,1,0,0,0,1,0,0,0,-0.22064894,0.0039119124,0.634001,11.643596,65.65733,0,0
164445,-0.026614,-0.001428,0.07943106,0.15890568,-0.12094244,-0.55456996,2,0,-4,-0,0,0,1,0,0,0,1,0,0,0,-0.22064894,0.0039119124,0.634001,11.643596,65.65733,0,0
164495,-0.026614,-0.001428,0.07943106,0.15890568,-0.12094244,-0.55456996,2,0,-4,-0,0,0,1,0,0,0,1,0,0,0,-0.22064894,0.0039119124,0.634001,11.643596,65.65733,0,0
164545,-0.026614,-0.001428,0.07943106,0.15890568,-0.12094244,-0.55456996,2,0,-4,-0,0,0,1,0,0,0,1,0,0,0,-0.22064894,0.0039119124,0.634001,11.643596,65.65733,0,0
164595,-0.026614,-0.001428,0.07943106,0.15890568,-0.12094244,-0.55456996,2,0,-4,-0,0,0,1,0,0,0,1,0,0,0,-0.22064894,0.0039119124,0.634001,11.643596,65.65733,0,0
164645,-0.026614,-0.001428,0.07943106,0.15890568,-0.12094244,-0.55456996,2,0,-4,-0,0,0,1,0,0,0,1,0,0,0,-0.22064894,0.0039119124,0.634001,11.643596,65.65733,0,0
164695,-0.026614,-0.001428,0.07943106,0.15890568,-0.12094244,-0.55456996,2,0,-4,-0,0,0,1,0,0,0,1,0,0,0,-0.22064894,0.0039119124,0.634001,11.643596,65.65733,0,0
164745,-0.026614,-0.001428,0.07943106,0.15890568,-0.12094244,-0.55456996,2,0,-4,-0,0,0,1,0,0,0,1,0,0,0,-0.22064894,0.0039119124,0.634001,11.643596,65.65733,0,0
164795,-0.026614,-0.001428,0.07943106,0.15890568,-0.12094244,-0.55456996,2,0,-4,-0,0,0,1,0,0,0,1,0,0,0,-0.22064894,0.0039119124,0.634001,11.643596,65.65733,0,0
164845,-0.026614,-0.001428,0.07943106,0.15890568,-0.12094244,-0.55456996,2,0,-4,-0,0,0,1,0,0,0,1,0,0,0,-0.22064894,0.0039119124,0.634001,11.643596,65.65733,0,0
164895,-0.026614,-0.001428,0.07943106,0.15890568,-0.12094244,-0.55456996,2,0,-4,-0,0,0,1,0,0,0,1,0,0,0,-0.22064894,0.0039119124,0.634001,11.643596,65.65733,0,0
164945,-0.026614,-0.001428,0.07943106,0.15890568,-0.12094244,-0.55456996,2,0,-4,-0,0,0,1,0,0,0,1,0,0,0,-0.22064894,0.0039119124,0.634001,11.643596,65.65733,0,0
164995,-0.026614,-0.001428,0.07943106,0.15890568,-0.12094244,-0.55456996,2,0,-4,-0,0,0,1,0,0,0,1,0,0,0,-0.22064894,0.0039119124,0.634001,11.643596,65.65733,0,0
165045,-0.026614,-0.001428,0.07943106,0.15890568,-0.12094244,-0.55456996,2,0,-4,-0,0,0,1,0,0,0,1,0,0,0,-0.22064894,0.0039119124,0.634001,11.643596,65.65733,0,0
165095,-0.026614,-0.001428,0.07943106,0.15890568,-0.12094244,-0.55456996,2,0,-4,-0,0,0,1,0,0,0,1,0,0,0,-0.22064894,0.0039119124,0.634001,11.643596,65.65733,0,0
165145,-0.026614,-0.001428,0.07943106,0.15890568,-0.12094244,-0.55456996,2,0,-4,-0,0,0,1,0,0,0,1,0,0,0,-0.22064894,0.0039119124,0.634001,11.643596,65.65733,0,0
165195,-0.026614,-0.001428,0.07943106,0.15890568,-0.12094244,-0.55456996,2,0,-4,-0,0,0,1,0,0,0,1,0,0,0,-0.22064894,0.0039119124,0.634001,11.643596,65.65733,0,0
165245,-0.026614,-0.001428,0.07943106,0.15890568,-0.12094244,-0.55456996,2,0,-4,-0,0,0,1,0,0,0,1,0,0,0,-0.22064894,0.0039119124,0.634001,11.643596,65.65733,0,0
165295,-0.026614,-0.001428,0.07943106,0.15890568,-0.12094244,-0.55456996,2,0,-4,-0,0,0,1,0,0,0,1,0,0,0,-0.22064894,0.0039119124,0.634001,11.643596,65.65733,0,0
165345,-0.026614,-0.001428,0.07943106,0.15890568,-0.12094244,-0.55456996,2,0,-4,-0,0,0,1,0,0,0,1,0,0,0,-0.22064894,0.0039119124,0.634001,11.643596,65.65733,0,0
165395,-0.026614,-0.001428,0.07943106,0.15890568,-0.12094244,-0.55456996,2,0,-4,-0,0,0,1,0,0,0,1,0,0,0,-0.22064894,0.0039119124,0.634001,11.643596,65.65733,0,0
165445,-0.026614,-0.001428,0.07943106,0.15890568,-0.12094244,-0.55456996,2,0,-4,-0,0,0,1,0,0,0,1,0,0,0,-0.22064894,0.0039119124,0.634001,11.643596,65.65733,0,0
165495,-0.026614,-0.001428,0.07943106,0.15890568,-0.12094244,-0.55456996,2,0,-4,-0,0,0,1,0,0,0,1,0,0,0,-0.22064894,0.0039119124,0.634001,11.643596,65.65733,0,0
165545,-0.026614,-0.001428,0.07943106,0.15890568,-0.12094244,-0.55456996,2,0,-4,-0,0,0,1,0,0,0,1,0,0,0,-0.22064894,0.0039119124,0.634001,11.643596,65.65733,0,0
165595,-0.026614,-0.001428,0.07943106,0.15890568,-0.12094244,-0.55456996,2,0,-4,-0,0,0,1,0,0,0,1,0,0,0,-0.22064894,0.0039119124,0.634001,11.643596,65.65733,0,0
165645,-0.026614,-0.001428,0.07943106,0.15890568,-0.12094244,-0.55456996,2,0,-4,-0,0,0,1,0,0,0,1,0,0,0,-0.22064894,0.0039119124,0.634001,11.643596,65.65733,0,0
165695,-0.026614,-0.001428,0.07943106,0.15890568,-0.12094244,-0.55456996,2,0,-4,-0,0,0,1,0,0,0,1,0,0,0,-0.22064894,0.0039119124,0.634001,11.643596,65.65733,0,0
165745,-0.026614,-0.001428,0.07943106,0.15890568,-0.12094244,-0.55456996,2,0,-4,-0,0,0,1,0,0,0,1,0,0,0,-0.22064894,0.0039119124,0.634001,11.643596,65.65733,0,0
165795,-0.026614,-0.001428,0.07943106,0.15890568,-0.12094244,-0.55456996,2,0,-4,-0,0,0,1,0,0,0,1,0,0,0,-0.22064894,0.0039119124,0.634001,11.643596,65.65733,0,0
165845,-0.026614,-0.001428,0.07943106,0.15890568,-0.12094244,-0.55456996,2,0,-4,-0,0,0,1,0,0,0,1,0,0,0,-0.22064894,0.0039119124,0.634001,11.643596,65.65733,0,0
165895,-0.026614,-0.001428,0.07943106,0.15890568,-0.12094244,-0.55456996,2,0,-4,-0,0,0,1,0,0,0,1,0,0,0,-0.22064894,0.0039119124,0.634001,11.643596,65.65733,0,0
165945,-0.026614,-0.001428,0.07943106,0.15890568,-0.12094244,-0.55456996,2,0,-4,-0,0,0,1,0,0,0,1,0,0,0,-0.22064894,0.0039119124,0.634001,11.643596,65.65733,0,0
165995,-0.026614,-0.001428,0.07943106,0.15890568,-0.12094244,-0.55456996,2,0,-4,-0,0,0,1,0,0,0,1,0,0,0,-0.22064894,0.0039119124,0.634001,11.643596,65.65733,0,0
166045,-0.026614,-0.001428,0.07943106,0.15890568,-0.12094244,-0.55456996,2,0,-4,-0,0,0,1,0,0,0,1,0,0,0,-0.22064894,0.0039119124,0.634001,11.643596,65.65733,0,0
166095,-0.026614,-0.001428,0.07943106,0.15890568,-0.12094244,-0.55456996,2,0,-4,-0,0,0,1,0,0,0,1,0,0,0,-0.22064894,0.0039119124,0.634001,11.643596,65.65733,0,0
166145,-0.026614,-0.001428,0.07943106,0.15890568,-0.12094244,-0.55456996,2,0,-4,-0,0,0,1,0,0,0,1,0,0,0,-0.22064894,0.0039119124,0.634001,11.643596,65.65733,0,0
166195,-0.026614,-0.001428,0.07943106,0.15890568,-0.12094244,-0.55456996,2,0,-4,-0,0,0,1,0,0,0,1,0,0,0,-0.22064894,0.0039119124,0.634001,11.643596,65.65733,0,0
166245,-0.026614,-0.001428,0.07943106,0.15890568,-0.12094244,-0.55456996,2,0,-4,-0,0,0,1,0,0,0,1,0,0,0,-0.22064894,0.0039119124,0.634001,11.643596,65.65733,0,0
166295,-0.026614,-0.001428,0.07943106,0.15890568,-0.12094244,-0.55456996,2,0,-4,-0,0,0,1,0,0,0,1,0,0,0,-0.22064894,0.0039119124,0.634001,11.643596,65.65733,0,0
166345,-0.026614,-0.001428,0.07943106,0.15890568,-0.12094244,-0.55456996,2,0,-4,-0,0,0,1,0,0,0,1,0,0,0,-0.22064894,0.0039119124,0.634001,11.643596,65.65733,0,0
166395,-0.026614,-0.001428,0.07943106,0.15890568,-0.12094244,-0.55456996,2,0,-4,-0,0,0,1,0,0,0,1,0,0,0,-0.22064894,0.0039119124,0.634001,11.643596,65.65733,0,0
166445,-0.026614,-0.001428,0.07943106,0.15890568,-0.12094244,-0.55456996,2,0,-4,-0,0,0,1,0,0,0,1,0,0,0,-0.22064894,0.0039119124,0.634001,11.643596,65.65733,0,0
166495,-0.026614,-0.001428,0.07943106,0.15890568,-0.12094244,-0.55456996,2,0,-4,-0,0,0,1,0,0,0,1,0,0,0,-0.22064894,0.0039119124,0.634001,11.643596,65.65733,0,0
166545,-0.026614,-0.001428,0.07943106,0.15890568,-0.12094244,-0.55456996,2,0,-4,-0,0,0,1,0,0,0,1,0,0,0,-0.22064894,0.0039119124,0.634001,11.643596,65.65733,0,0
166595,-0.026614,-0.001428,0.07943106,0.15890568,-0.12094244,-0.55456996,2,0,-4,-0,0,0,1,0,0,0,1,0,0,0,-0.22064894,0.0039119124,0.634001,11.643596,65.65733,0,0
166645,-0.026614,-0.001428,0.07943106,0.15890568,-0.12094244,-0.55456996,2,0,-4,-0,0,0,1,0,0,0,1,0,0,0,-0.22064894,0.0039119124,0.634001,11.643596,65.65733,0,0
166695,-0.026614,-0.001428,0.07943106,0.15890568,-0.12094244,-0.55456996,2,0,-4,-0,0,0,1,0,0,0,1,0,0,0,-0.22064894,0.0039119124,0.634001,11.643596,65.65733,0,0
166745,-0.026614,-0.001428,0.07943106,0.15890568,-0.12094244,-0.55456996,2,0,-4,-0,0,0,1,0,0,0,1,0,0,0,-0.22064894,0.0039119124,0.634001,11.643596,65.65733,0,0
166795,-0.026614,-0.001428,0.07943106,0.15890568,-0.12094244,-0.55456996,2,0,-4,-0,0,0,1,0,0,0,1,0,0,0,-0.22064894,0.0039119124,0.634001,11.643596,65.65733,0,0
166845,-0.026614,-0.001428,0.07943106,0.15890568,-0.12094244,-0.55456996,2,0,-4,-0,0,0,1,0,0,0,1,0,0,0,-0.22064894,0.0039119124,0.634001,11.643596,65.65733,0,0
166895,-0.026614,-0.001428,0.07943106,0.15890568,-0.12094244,-0.55456996,2,0,-4,-0,0,0,1,0,0,0,1,0,0,0,-0.22064894,0.0039119124,0.634001,11.643596,65.65733,0,0
166945,-0.026614,-0.001428,0.07943106,0.15890568,-0.12094244,-0.55456996,2,0,-4,-0,0,0,1,0,0,0,1,0,0,0,-0.22064894,0.0039119124,0.634001,11.643596,65.65733,0,0
166995,-0.026614,-0.001428,0.07943106,0.15890568,-0.12094244,-0.55456996,2,0,-4,-0,0,0,1,0,0,0,1,0,0,0,-0.22064894,0.0039119124,0.634001,11.643596,65.65733,0,0
167045,-0.026614,-0.001428,0.07943106,0.15890568,-0.12094244,-0.55456996,2,0,-4,-0,0,0,1,0,0,0,1,0,0,0,-0.22064894,0.0039119124,0.634001,11.643596,65.65733,0,0
167095,-0.026614,-0.001428,0.07943106,0.15890568,-0.12094244,-0.55456996,2,0,-4,-0,0,0,1,0,0,0,1,0,0,0,-0.22064894,0.0039119124,0.634001,11.643596,65.65733,0,0
167145,-0.026614,-0.001428,0.07943106,0.15890568,-0.12094244,-0.55456996,2,0,-4,-0,0,0,1,0,0,0,1,0,0,0,-0.22064894,0.0039119124,0.634001,11.643596,65.65733,0,0
167195,-0.026614,-0.001428,0.07943106,0.15890568,-0.12094244,-0.55456996,2,0,-4,-0,0,0,1,0,0,0,1,0,0,0,-0.22064894,0.0039119124,0.634001,11.643596,65.65733,0,0
167245,-0.026614,-0.001428,0.07943106,0.15890568,-0.12094244,-0.55456996,2,0,-4,-0,0,0,1,0,0,0,1,0,0,0,-0.22064894,0.0039119124,0.634001,11.643596,65.65733,0,0
167295,-0.026614,-0.001428,0.07943106,0.15890568,-0.12094244,-0.55456996,2,0,-4,-0,0,0,1,0,0,0,1,0,0,0,-0.22064894,0.0039119124,0.634001,11.643596,65.65733,0,0
167345,-0.026614,-0.001428,0.07943106,0.15890568,-0.12094244,-0.55456996,2,0,-4,-0,0,0,1,0,0,0,1,0,0,0,-0.22064894,0.0039119124,0.634001,11.643596,65.65733,0,0
167395,-0.026614,-0.001428,0.07943106,0.15890568,-0.12094244,-0.55456996,2,0,-4,-0,0,0,1,0,0,0,1,0,0,0,-0.22064894,0.0039119124,0.634001,11.643596,65.65733,0,0
167445,-0.026614,-0.001428,0.07943106,0.15890568,-0.12094244,-0.55456996,2,0,-4,-0,0,0,1,0,0,0,1,0,0,0,-0.22064894,0.0039119124,0.634001,11.643596,65.65733,0,0
167495,-0.026614,-0.001428,0.07943106,0.15890568,-0.12094244,-0.55456996,2,0,-4,-0,0,0,1,0,0,0,1,0,0,0,-0.22064894,0.0039119124,0.634001,11.643596,65.65733,0,0
167545,-0.026614,-0.001428,0.07943106,0.15890568,-0.12094244,-0.55456996,2,0,-4,-0,0,0,1,0,0,0,1,0,0,0,-0.22064894,0.0039119124,0.634001,11.643596,65.65733,0,0
167595,-0.026614,-0.001428,0.07943106,0.15890568,-0.12094244,-0.55456996,2,0,-4,-0,0,0,1,0,0,0,1,0,0,0,-0.22064894,0.0039119124,0.634001,11.643596,65.65733,0,0
167645,-0.026614,-0.001428,0.07943106,0.15890568,-0.12094244,-0.55456996,2,0,-4,-0,0,0,1,0,0,0,1,0,0,0,-0.22064894,0.0039119124,0.634001,11.643596,65.65733,0,0
167695,-0.026614,-0.001428,0.07943106,0.15890568,-0.12094244,-0.55456996,2,0,-4,-0,0,0,1,0,0,0,1,0,0,0,-0.22064894,0.0039119124,0.634001,11.643596,65.65733,0,0
167745,-0.026614,-0.001428,0.07943106,0.15890568,-0.12094244,-0.55456996,2,0,-4,-0,0,0,1,0,0,0,1,0,0,0,-0.22064894,0.0039119124,0.634001,11.643596,65.65733,0,0
167795,-0.026614,-0.001428,0.07943106,0.15890568,-0.12094244,-0.55456996,2,0,-4,-0,0,0,1,0,0,0,1,0,0,0,-0.22064894,0.0039119124,0.634001,11.643596,65.65733,0,0
167845,-0.026614,-0.001428,0.07943106,0.15890568,-0.12094244,-0.55456996,2,0,-4,-0,0,0,1,0,0,0,1,0,0,0,-0.22064894,0.0039119124,0.634001,11.643596,65.65733,0,0
167895,-0.026614,-0.001428,0.07943106,0.15890568,-0.12094244,-0.55456996,2,0,-4,-0,0,0,1,0,0,0,1,0,0,0,-0.22064894,0.0039119124,0.634001,11.643596,65.65733,0,0
167945,-0.026614,-0.001428,0.07943106,0.15890568,-0.12094244,-0.55456996,2,0,-4,-0,0,0,1,0,0,0,1,0,0,0,-0.22064894,0.0039119124,0.634001,11.643596,65.65733,0,0
167995,-0.026614,-0.001428,0.07943106,0.15890568,-0.12094244,-0.55456996,2,0,-4,-0,0,0,1,0,0,0,1,0,0,0,-0.22064894,0.0039119124,0.634001,11.643596,65.65733,0,0
168045,-0.026614,-0.001428,0.07943106,0.15890568,-0.12094244,-0.55456996,2,0,-4,-0,0,0,1,0,0,0,1,0,0,0,-0.22064894,0.0039119124,0.634001,11.643596,65.65733,0,0
168095,-0.026614,-0.001428,0.07943106,0.15890568,-0.12094244,-0.55456996,2,0,-4,-0,0,0,1,0,0,0,1,0,0,0,-0.22064894,0.0039119124,0.634001,11.643596,65.65733,0,0
168145,-0.026614,-0.001428,0.07943106,0.15890568,-0.12094244,-0.55456996,2,0,-4,-0,0,0,1,0,0,0,1,0,0,0,-0.22064894,0.0039119124,0.634001,11.643596,65.65733,0,0
168195,-0.026614,-0.001428,0.07943106,0.15890568,-0.12094244,-0.55456996,2,0,-4,-0,0,0,1,0,0,0,1,0,0,0,-0.22064894,0.0039119124,0.634001,11.643596,65.65733,0,0
168245,-0.026614,-0.001428,0.07943106,0.15890568,-0.12094244,-0.55456996,2,0,-4,-0,0,0,1,0,0,0,1,0,0,0,-0.22064894,0.0039119124,0.634001,11.643596,65.65733,0,0
168295,-0.026614,-0.001428,0.07943106,0.15890568,-0.12094244,-0.55456996,2,0,-4,-0,0,0,1,0,0,0,1,0,0,0,-0.22064894,0.0039119124,0.634001,11.643596,65.65733,0,0
168345,-0.026614,-0.001428,0.07943106,0.15890568,-0.12094244,-0.55456996,2,0,-4,-0,0,0,1,0,0,0,1,0,0,0,-0.22064894,0.0039119124,0.634001,11.643596,65.65733,0,0
168395,-0.026614,-0.001428,0.07943106,0.15890568,-0.12094244,-0.55456996,2,0,-4,-0,0,0,1,0,0,0,1,0,0,0,-0.22064894,0.0039119124,0.634001,11.643596,65.65733,0,0
168445,-0.026614,-0.001428,0.07943106,0.15890568,-0.12094244,-0.55456996,2,0,-4,-0,0,0,1,0,0,0,1,0,0,0,-0.22064894,0.0039119124,0.634001,11.643596,65.65733,0,0
168495,-0.026614,-0.001428,0.07943106,0.15890568,-0.12094244,-0.55456996,2,0,-4,-0,0,0,1,0,0,0,1,0,0,0,-0.22064894,0.0039119124,0.634001,11.643596,65.65733,0,0
168545,-0.026614,-0.001428,0.07943106,0.15890568,-0.12094244,-0.55456996,2,0,-4,-0,0,0,1,0,0,0,1,0,0,0,-0.22064894,0.0039119124,0.634001,11.643596,65.65733,0,0
168595,-0.026614,-0.001428,0.07943106,0.15890568,-0.12094244,-0.55456996,2,0,-4,-0,0,0,1,0,0,0,1,0,0,0,-0.22064894,0.0039119124,0.634001,11.643596,65.65733,0,0
168645,-0.026614,-0.001428,0.07943106,0.15890568,-0.12094244,-0.55456996,2,0,-4,-0,0,0,1,0,0,0,1,0,0,0,-0.22064894,0.0039119124,0.634001,11.643596,65.65733,0,0
168695,-0.026614,-0.001428,0.07943106,0.15890568,-0.12094244,-0.55456996,2,0,-4,-0,0,0,1,0,0,0,1,0,0,0,-0.22064894,0.0039119124,0.634001,11.643596,65.65733,0,0
168745,-0.026614,-0.001428,0.07943106,0.15890568,-0.12094244,-0.55456996,2,0,-4,-0,0,0,1,0,0,0,1,0,0,0,-0.22064894,0.0039119124,0.634001,11.643596,65.65733,0,0
168795,-0.026614,-0.001428,0.07943106,0.15890568,-0.12094244,-0.55456996,2,0,-4,-0,0,0,1,0,0,0,1,0,0,0,-0.22064894,0.0039119124,0.634001,11.643596,65.65733,0,0
168845,-0.026614,-0.001428,0.07943106,0.15890568,-0.12094244,-0.55456996,2,0,-4,-0,0,0,1,0,0,0,1,0,0,0,-0.22064894,0.0039119124,0.634001,11.643596,65.65733,0,0
168895,-0.026614,-0.001428,0.07943106,0.15890568,-0.12094244,-0.55456996,2,0,-4,-0,0,0,1,0,0,0,1,0,0,0,-0.22064894,0.0039119124,0.634001,11.643596,65.65733,0,0
168945,-0.026614,-0.001428,0.07943106,0.15890568,-0.12094244,-0.55456996,2,0,-4,-0,0,0,1,0,0,0,1,0,0,0,-0.22064894,0.0039119124,0.634001,11.643596,65.65733,0,0
168995,-0.026614,-0.001428,0.07943106,0.15890568,-0.12094244,-0.55456996,2,0,-4,-0,0,0,1,0,0,0,1,0,0,0,-0.22064894,0.0039119124,0.634001,11.643596,65.65733,0,0
169045,-0.026614,-0.001428,0.07943106,0.15890568,-0.12094244,-0.55456996,2,0,-4,-0,0,0,1,0,0,0,1,0,0,0,-0.22064894,0.0039119124,0.634001,11.643596,65.65733,0,0
169095,-0.026614,-0.001428,0.07943106,0.15890568,-0.12094244,-0.55456996,2,0,-4,-0,0,0,1,0,0,0,1,0,0,0,-0.22064894,0.0039119124,0.634001,11.643596,65.65733,0,0
169145,-0.026614,-0.001428,0.07943106,0.15890568,-0.12094244,-0.55456996,2,0,-4,-0,0,0,1,0,0,0,1,0,0,0,-0.22064894,0.0039119124,0.634001,11.643596,65.65733,0,0
169195,-0.026614,-0.001428,0.07943106,0.15890568,-0.12094244,-0.55456996,2,0,-4,-0,0,0,1,0,0,0,1,0,0,0,-0.22064894,0.0039119124,0.634001,11.643596,65.65733,0,0
169245,-0.026614,-0.001428,0.07943106,0.15890568,-0.12094244,-0.55456996,2,0,-4,-0,0,0,1,0,0,0,1,0,0,0,-0.22064894,0.0039119124,0.634001,11.643596,65.65733,0,0
169295,-0.026614,-0.001428,0.07943106,0.15890568,-0.12094244,-0.55456996,2,0,-4,-0,0,0,1,0,0,0,1,0,0,0,-0.22064894,0.0039119124,0.634001,11.643596,65.65733,0,0
169345,-0.026614,-0.001428,0.07943106,0.15890568,-0.12094244,-0.55456996,2,0,-4,-0,0,0,1,0,0,0,1,0,0,0,-0.22064894,0.0039119124,0.634001,11.643596,65.65733,0,0
169395,-0.026614,-0.001428,0.07943106,0.15890568,-0.12094244,-0.55456996,2,0,-4,-0,0,0,1,0,0,0,1,0,0,0,-0.22064894,0.0039119124,0.634001,11.643596,65.65733,0,0
169445,-0.026614,-0.001428,0.07943106,0.15890568,-0.12094244,-0.55456996,2,0,-4,-0,0,0,1,0,0,0,1,0,0,0,-0.22064894,0.0039119124,0.634001,11.643596,65.65733,0,0
169495,-0.026614,-0.001428,0.07943106,0.15890568,-0.12094244,-0.55456996,2,0,-4,-0,0,0,1,0,0,0,1,0,0,0,-0.22064894,0.0039119124,0.634001,11.643596,65.65733,0,0
169545,-0.026614,-0.001428,0.07943106,0.15890568,-0.12094244,-0.55456996,2,0,-4,-0,0,0,1,0,0,0,1,0,0,0,-0.22064894,0.0039119124,0.634001,11.643596,65.65733,0,0
169595,-0.026614,-0.001428,0.07943106,0.15890568,-0.12094244,-0.55456996,2,0,-4,-0,0,0,1,0,0,0,1,0,0,0,-0.22064894,0.0039119124,0.634001,11.643596,65.65733,0,0
169645,-0.026614,-0.001428,0.07943106,0.15890568,-0.12094244,-0.55456996,2,0,-4,-0,0,0,1,0,0,0,1,0,0,0,-0.22064894,0.0039119124,0.634001,11.643596,65.65733,0,0
169695,-0.026614,-0.001428,0.07943106,0.15890568,-0.12094244,-0.55456996,2,0,-4,-0,0,0,1,0,0,0,1,0,0,0,-0.22064894,0.0039119124,0.634001,11.643596,65.65733,0,0
169745,-0.026614,-0.001428,0.07943106,0.15890568,-0.12094244,-0.55456996,2,0,-4,-0,0,0,1,0,0,0,1,0,0,0,-0.22064894,0.0039119124,0.634001,11.643596,65.65733,0,0
169795,-0.026614,-0.001428,0.07943106,0.15890568,-0.12094244,-0.55456996,2,0,-4,-0,0,0,1,0,0,0,1,0,0,0,-0.22064894,0.0039119124,0.634001,11.643596,65.65733,0,0
169845,-0.026614,-0.001428,0.07943106,0.15890568,-0.12094244,-0.55456996,2,0,-4,-0,0,0,1,0,0,0,1,0,0,0,-0.22064894,0.0039119124,0.634001,11.643596,65.65733,0,0
169895,-0.026614,-0.001428,0.07943106,0.15890568,-0.12094244,-0.55456996,2,0,-4,-0,0,0,1,0,0,0,1,0,0,0,-0.22064894,0.0039119124,0.634001,11.643596,65.65733,0,0
169945,-0.026614,-0.001428,0.07943106,0.15890568,-0.12094244,-0.55456996,2,0,-4,-0,0,0,1,0,0,0,1,0,0,0,-0.22064894,0.0039119124,0.634001,11.643596,65.65733,0,0
169995,-0.026614,-0.001428,0.07943106,0.15890568,-0.12094244,-0.55456996,2,0,-4,-0,0,0,1,0,0,0,1,0,0,0,-0.22064894,0.0039119124,0.634001,11.643596,65.65733,0,0
170045,-0.026614,-0.001428,0.07943106,0.15890568,-0.12094244,-0.55456996,2,0,-4,-0,0,0,1,0,0,0,1,0,0,0,-0.22064894,0.0039119124,0.634001,11.643596,65.65733,0,0
170095,-0.026614,-0.001428,0.07943106,0.15890568,-0.12094244,-0.55456996,2,0,-4,-0,0,0,1,0,0,0,1,0,0,0,-0.22064894,0.0039119124,0.634001,11.643596,65.65733,0,0
170145,-0.026614,-0.001428,0.07943106,0.15890568,-0.12094244,-0.55456996,2,0,-4,-0,0,0,1,0,0,0,1,0,0,0,-0.22064894,0.0039119124,0.634001,11.643596,65.65733,0,0
170195,-0.026614,-0.001428,0.07943106,0.15890568,-0.12094244,-0.55456996,2,0,-4,-0,0,0,1,0,0,0,1,0,0,0,-0.22064894,0.0039119124,0.634001,11.643596,65.65733,0,0
170245,-0.026614,-0.001428,0.07943106,0.15890568,-0.12094244,-0.55456996,2,0,-4,-0,0,0,1,0,0,0,1,0,0,0,-0.22064894,0.0039119124,0.634001,11.643596,65.65733,0,0
170295,-0.026614,-0.001428,0.07943106,0.15890568,-0.12094244,-0.55456996,2,0,-4,-0,0,0,1,0,0,0,1,0,0,0,-0.22064894,0.0039119124,0.634001,11.643596,65.65733,0,0
170345,-0.026614,-0.001428,0.07943106,0.15890568,-0.12094244,-0.55456996,2,0,-4,-0,0,0,1,0,0,0,1,0,0,0,-0.22064894,0.0039119124,0.634001,11.643596,65.65733,0,0
170395,-0.026614,-0.001428,0.07943106,0.15890568,-0.12094244,-0.55456996,2,0,-4,-0,0,0,1,0,0,0,1,0,0,0,-0.22064894,0.0039119124,0.634001,11.643596,65.65733,0,0
170445,-0.026614,-0.001428,0.07943106,0.15890568,-0.12094244,-0.55456996,2,0,-4,-0,0,0,1,0,0,0,1,0,0,0,-0.22064894,0.0039119124,0.634001,11.643596,65.65733,0,0
170495,0,0,0,0,0,0,0,0,0,0,0,0,1,0,0,0,1,0,0,0,0,0,0,0,0,0,0
170545,0,0,0,0,0,0,0,0,0,0,0,0,1,0,0,0,1,0,0,0,0,0,0,0,0,0,0
170595,0,0,0,0,0,0,0,0,0,0,0,0,1,0,0,0,1,0,0,0,0,0,0,0,0,0,0
170645,0,0,0,0,0,0,0,0,0,0,0,0,1,0,0,0,1,0,0,0,0,0,0,0,0,0,0
170695,0,0,0,0,0,0,0,0,0,0,0,0,1,0,0,0,1,0,0,0,0,0,0,0,0,0,0
170745,0,0,0,0,0,0,0,0,0,0,0,0,1,0,0,0,1,0,0,0,0,0,0,0,0,0,0
170795,0,0,0,0,0,0,0,0,0,0,0,0,1,0,0,0,1,0,0,0,0,0,0,0,0,0,0
170845,0,0,0,0,0,0,0,0,0,0,0,0,1,0,0,0,1,0,0,0,0,0,0,0,0,0,0
170895,0,0,0,0,0,0,0,0,0,0,0,0,1,0,0,0,1,0,0,0,0,0,0,0,0,0,0
170945,0,0,0,0,0,0,0,0,0,0,0,0,1,0,0,0,1,0,0,0,0,0,0,0,0,0,0
170995,0,0,0,0,0,0,0,0,0,0,0,0,1,0,0,0,1,0,0,0,0,0,0,0,0,0,0
171045,0,0,0,0,0,0,0,0,0,0,0,0,1,0,0,0,1,0,0,0,0,0,0,0,0,0,0
171095,0,0,0,0,0,0,0,0,0,0,0,0,1,0,0,0,1,0,0,0,0,0,0,0,0,0,0
171145,0,0,0,0,0,0,0,0,0,0,0,0,1,0,0,0,1,0,0,0,0,0,0,0,0,0,0
171195,0,0,0,0,0,0,0,0,0,0,0,0,1,0,0,0,1,0,0,0,0,0,0,0,0,0,0
171245,0,0,0,0,0,0,0,0,0,0,0,0,1,0,0,0,1,0,0,0,0,0,0,0,0,0,0
171295,0,0,0,0,0,0,0,0,0,0,0,0,1,0,0,0,1,0,0,0,0,0,0,0,0,0,0
171345,0,0,0,0,0,0,0,0,0,0,0,0,1,0,0,0,1,0,0,0,0,0,0,0,0,0,0
171395,0,0,0,0,0,0,0,0,0,0,0,0,1,0,0,0,1,0,0,0,0,0,0,0,0,0,0
171445,0,0,0,0,0,0,0,0,0,0,0,0,1,0,0,0,1,0,0,0,0,0,0,0,0,0,0
171495,0,0,0,0,0,0,0,0,0,0,0,0,1,0,0,0,1,0,0,0,0,0,0,0,0,0,0
171545,0,0,0,0,0,0,0,0,0,0,0,0,1,0,0,0,1,0,0,0,0,0,0,0,0,0,0
171595,0,0,0,0,0,0,0,0,0,0,0,0,1,0,0,0,1,0,0,0,0,0,0,0,0,0,0
171645,0,0,0,0,0,0,0,0,0,0,0,0,1,0,0,0,1,0,0,0,0,0,0,0,0,0,0
171695,0,0,0,0,0,0,0,0,0,0,0,0,1,0,0,0,1,0,0,0,0,0,0,0,0,0,0
171745,0,0,0,0,0,0,0,0,0,0,0,0,1,0,0,0,1,0,0,0,0,0,0,0,0,0,0
171795,0,0,0,0,0,0,0,0,0,0,0,0,1,0,0,0,1,0,0,0,0,0,0,0,0,0,0
171845,0,0,0,0,0,0,0,0,0,0,0,0,1,0,0,0,1,0,0,0,0,0,0,0,0,0,0
171895,0,0,0,0,0,0,0,0,0,0,0,0,1,0,0,0,1,0,0,0,0,0,0,0,0,0,0
171945,0,0,0,0,0,0,0,0,0,0,0,0,1,0,0,0,1,0,0,0,0,0,0,0,0,0,0
171995,0,0,0,0,0,0,0,0,0,0,0,0,1,0,0,0,1,0,0,0,0,0,0,0,0,0,0
172045,0,0,0,0,0,0,0,0,0,0,0,0,1,0,0,0,1,0,0,0,0,0,0,0,0,0,0
172095,0,0,0,0,0,0,0,0,0,0,0,0,1,0,0,0,1,0,0,0,0,0,0,0,0,0,0
172145,0,0,0,0,0,0,0,0,0,0,0,0,1,0,0,0,1,0,0,0,0,0,0,0,0,0,0
172195,0,0,0,0,0,0,0,0,0,0,0,0,1,0,0,0,1,0,0,0,0,0,0,0,0,0,0
172245,0,0,0,0,0,0,0,0,0,0,0,0,1,0,0,0,1,0,0,0,0,0,0,0,0,0,0
172295,0,0,0,0,0,0,0,0,0,0,0,0,1,0,0,0,1,0,0,0,0,0,0,0,0,0,0
172345,0,0,0,0,0,0,0,0,0,0,0,0,1,0,0,0,1,0,0,0,0,0,0,0,0,0,0
172395,0,0,0,0,0,0,0,0,0,0,0,0,1,0,0,0,1,0,0,0,0,0,0,0,0,0,0
172445,0,0,0,0,0,0,0,0,0,0,0,0,1,0,0,0,1,0,0,0,0,0,0,0,0,0,0
172495,0,0,0,0,0,0,0,0,0,0,0,0,1,0,0,0,1,0,0,0,0,0,0,0,0,0,0
172545,0,0,0,0,0,0,0,0,0,0,0,0,1,0,0,0,1,0,0,0,0,0,0,0,0,0,0
172595,0,0,0,0,0,0,0,0,0,0,0,0,1,0,0,0,1,0,0,0,0,0,0,0,0,0,0
172645,0,0,0,0,0,0,0,0,0,0,0,0,1,0,0,0,1,0,0,0,0,0,0,0,0,0,0
172695,0,0,0,0,0,0,0,0,0,0,0,0,1,0,0,0,1,0,0,0,0,0,0,0,0,0,0
172745,0,0,0,0,0,0,0,0,0,0,0,0,1,0,0,0,1,0,0,0,0,0,0,0,0,0,0
172795,0,0,0,0,0,0,0,0,0,0,0,0,1,0,0,0,1,0,0,0,0,0,0,0,0,0,0
172845,0,0,0,0,0,0,0,0,0,0,0,0,1,0,0,0,1,0,0,0,0,0,0,0,0,0,0
172895,0,0,0,0,0,0,0,0,0,0,0,0,1,0,0,0,1,0,0,0,0,0,0,0,0,0,0
172945,0,0,0,0,0,0,0,0,0,0,0,0,1,0,0,0,1,0,0,0,0,0,0,0,0,0,0
172995,0,0,0,0,0,0,0,0,0,0,0,0,1,0,0,0,1,0,0,0,0,0,0,0,0,0,0
173045,0,0,0,0,0,0,0,0,0,0,0,0,1,0,0,0,1,0,0,0,0,0,0,0,0,0,0
173095,0,0,0,0,0,0,0,0,0,0,0,0,1,0,0,0,1,0,0,0,0,0,0,0,0,0,0
173145,0,0,0,0,0,0,0,0,0,0,0,0,1,0,0,0,1,0,0,0,0,0,0,0,0,0,0
173195,0,0,0,0,0,0,0,0,0,0,0,0,1,0,0,0,1,0,0,0,0,0,0,0,0,0,0
173245,0,0,0,0,0,0,0,0,0,0,0,0,1,0,0,0,1,0,0,0,0,0,0,0,0,0,0
173295,0,0,0,0,0,0,0,0,0,0,0,0,1,0,0,0,1,0,0,0,0,0,0,0,0,0,0
173345,0,0,0,0,0,0,0,0,0,0,0,0,1,0,0,0,1,0,0,0,0,0,0,0,0,0,0
173395,0,0,0,0,0,0,0,0,0,0,0,0,1,0,0,0,1,0,0,0,0,0,0,0,0,0,0
173445,0,0,0,0,0,0,0,0,0,0,0,0,1,0,0,0,1,0,0,0,0,0,0,0,0,0,0
173495,0,0,0,0,0,0,0,0,0,0,0,0,1,0,0,0,1,0,0,0,0,0,0,0,0,0,0
173545,0,0,0,0,0,0,0,0,0,0,0,0,1,0,0,0,1,0,0,0,0,0,0,0,0,0,0
173595,0,0,0,0,0,0,0,0,0,0,0,0,1,0,0,0,1,0,0,0,0,0,0,0,0,0,0
173645,0,0,0,0,0,0,0,0,0,0,0,0,1,0,0,0,1,0,0,0,0,0,0,0,0,0,0
173695,0,0,0,0,0,0,0,0,0,0,0,0,1,0,0,0,1,0,0,0,0,0,0,0,0,0,0
173745,0,0,0,0,0,0,0,0,0,0,0,0,1,0,0,0,1,0,0,0,0,0,0,0,0,0,0
173795,0,0,0,0,0,0,0,0,0,0,0,0,1,0,0,0,1,0,0,0,0,0,0,0,0,0,0
173845,0,0,0,0,0,0,0,0,0,0,0,0,1,0,0,0,1,0,0,0,0,0,0,0,0,0,0
173895,0,0,0,0,0,0,0,0,0,0,0,0,1,0,0,0,1,0,0,0,0,0,0,0,0,0,0
173945,0,0,0,0,0,0,0,0,0,0,0,0,1,0,0,0,1,0,0,0,0,0,0,0,0,0,0
173995,0,0,0,0,0,0,0,0,0,0,0,0,1,0,0,0,1,0,0,0,0,0,0,0,0,0,0
174045,0,0,0,0,0,0,0,0,0,0,0,0,1,0,0,0,1,0,0,0,0,0,0,0,0,0,0
174095,0,0,0,0,0,0,0,0,0,0,0,0,1,0,0,0,1,0,0,0,0,0,0,0,0,0,0
174145,0,0,0,0,0,0,0,0,0,0,0,0,1,0,0,0,1,0,0,0,0,0,0,0,0,0,0
174195,0,0,0,0,0,0,0,0,0,0,0,0,1,0,0,0,1,0,0,0,0,0,0,0,0,0,0
174245,0,0,0,0,0,0,0,0,0,0,0,0,1,0,0,0,1,0,0,0,0,0,0,0,0,0,0
174295,0,0,0,0,0,0,0,0,0,0,0,0,1,0,0,0,1,0,0,0,0,0,0,0,0,0,0
174345,0,0,0,0,0,0,0,0,0,0,0,0,1,0,0,0,1,0,0,0,0,0,0,0,0,0,0
174395,0,0,0,0,0,0,0,0,0,0,0,0,1,0,0,0,1,0,0,0,0,0,0,0,0,0,0
174445,0,0,0,0,0,0,0,0,0,0,0,0,1,0,0,0,1,0,0,0,0,0,0,0,0,0,0
174495,0,0,0,0,0,0,0,0,0,0,0,0,1,0,0,0,1,0,0,0,0,0,0,0,0,0,0
174545,0,0,0,0,0,0,0,0,0,0,0,0,1,0,0,0,1,0,0,0,0,0,0,0,0,0,0
174595,0,0,0,0,0,0,0,0,0,0,0,0,1,0,0,0,1,0,0,0,0,0,0,0,0,0,0
174645,0,0,0,0,0,0,0,0,0,0,0,0,1,0,0,0,1,0,0,0,0,0,0,0,0,0,0
174695,0,0,0,0,0,0,0,0,0,0,0,0,1,0,0,0,1,0,0,0,0,0,0,0,0,0,0
174745,0,0,0,0,0,0,0,0,0,0,0,0,1,0,0,0,1,0,0,0,0,0,0,0,0,0,0
174795,0,0,0,0,0,0,0,0,0,0,0,0,1,0,0,0,1,0,0,0,0,0,0,0,0,0,0
174845,0,0,0,0,0,0,0,0,0,0,0,0,1,0,0,0,1,0,0,0,0,0,0,0,0,0,0
174895,0,0,0,0,0,0,0,0,0,0,0,0,1,0,0,0,1,0,0,0,0,0,0,0,0,0,0
174945,0,0,0,0,0,0,0,0,0,0,0,0,1,0,0,0,1,0,0,0,0,0,0,0,0,0,0
174995,0,0,0,0,0,0,0,0,0,0,0,0,1,0,0,0,1,0,0,0,0,0,0,0,0,0,0
175045,0,0,0,0,0,0,0,0,0,0,0,0,1,0,0,0,1,0,0,0,0,0,0,0,0,0,0
175095,0,0,0,0,0,0,0,0,0,0,0,0,1,0,0,0,1,0,0,0,0,0,0,0,0,0,0
175145,0,0,0,0,0,0,0,0,0,0,0,0,1,0,0,0,1,0,0,0,0,0,0,0,0,0,0
175195,0,0,0,0,0,0,0,0,0,0,0,0,1,0,0,0,1,0,0,0,0,0,0,0,0,0,0
175245,0,0,0,0,0,0,0,0,0,0,0,0,1,0,0,0,1,0,0,0,0,0,0,0,0,0,0
175295,0,0,0,0,0,0,0,0,0,0,0,0,1,0,0,0,1,0,0,0,0,0,0,0,0,0,0
175345,0,0,0,0,0,0,0,0,0,0,0,0,1,0,0,0,1,0,0,0,0,0,0,0,0,0,0
175395,0,0,0,0,0,0,0,0,0,0,0,0,1,0,0,0,1,0,0,0,0,0,0,0,0,0,0
175445,0,0,0,0,0,0,0,0,0,0,0,0,1,0,0,0,1,0,0,0,0,0,0,0,0,0,0
175495,0,0,0,0,0,0,0,0,0,0,0,0,1,0,0,0,1,0,0,0,0,0,0,0,0,0,0
175545,0,0,0,0,0,0,0,0,0,0,0,0,1,0,0,0,1,0,0,0,0,0,0,0,0,0,0
175595,0,0,0,0,0,0,0,0,0,0,0,0,1,0,0,0,1,0,0,0,0,0,0,0,0,0,0
175645,0,0,0,0,0,0,0,0,0,0,0,0,1,0,0,0,1,0,0,0,0,0,0,0,0,0,0
175695,0,0,0,0,0,0,0,0,0,0,0,0,1,0,0,0,1,0,0,0,0,0,0,0,0,0,0
175745,0,0,0,0,0,0,0,0,0,0,0,0,1,0,0,0,1,0,0,0,0,0,0,0,0,0,0
175795,0,0,0,0,0,0,0,0,0,0,0,0,1,0,0,0,1,0,0,0,0,0,0,0,0,0,0
175845,0,0,0,0,0,0,0,0,0,0,0,0,1,0,0,0,1,0,0,0,0,0,0,0,0,0,0
175895,0,0,0,0,0,0,0,0,0,0,0,0,1,0,0,0,1,0,0,0,0,0,0,0,0,0,0
175945,0,0,0,0,0,0,0,0,0,0,0,0,1,0,0,0,1,0,0,0,0,0,0,0,0,0,0
175995,0,0,0,0,0,0,0,0,0,0,0,0,1,0,0,0,1,0,0,0,0,0,0,0,0,0,0
176045,0,0,0,0,0,0,0,0,0,0,0,0,1,0,0,0,1,0,0,0,0,0,0,0,0,0,0
176095,0,0,0,0,0,0,0,0,0,0,0,0,1,0,0,0,1,0,0,0,0,0,0,0,0,0,0
176145,0,0,0,0,0,0,0,0,0,0,0,0,1,0,0,0,1,0,0,0,0,0,0,0,0,0,0
176195,0,0,0,0,0,0,0,0,0,0,0,0,1,0,0,0,1,0,0,0,0,0,0,0,0,0,0
176245,0,0,0,0,0,0,0,0,0,0,0,0,1,0,0,0,1,0,0,0,0,0,0,0,0,0,0
176295,0,0,0,0,0,0,0,0,0,0,0,0,1,0,0,0,1,0,0,0,0,0,0,0,0,0,0
176345,0,0,0,0,0,0,0,0,0,0,0,0,1,0,0,0,1,0,0,0,0,0,0,0,0,0,0
176395,0,0,0,0,0,0,0,0,0,0,0,0,1,0,0,0,1,0,0,0,0,0,0,0,0,0,0
176445,0,0,0,0,0,0,0,0,0,0,0,0,1,0,0,0,1,0,0,0,0,0,0,0,0,0,0
176495,0,0,0,0,0,0,0,0,0,0,0,0,1,0,0,0,1,0,0,0,0,0,0,0,0,0,0
176545,0,0,0,0,0,0,0,0,0,0,0,0,1,0,0,0,1,0,0,0,0,0,0,0,0,0,0
176595,0,0,0,0,0,0,0,0,0,0,0,0,1,0,0,0,1,0,0,0,0,0,0,0,0,0,0
176645,0,0,0,0,0,0,0,0,0,0,0,0,1,0,0,0,1,0,0,0,0,0,0,0,0,0,0
176695,0,0,0,0,0,0,0,0,0,0,0,0,1,0,0,0,1,0,0,0,0,0,0,0,0,0,0
176745,0,0,0,0,0,0,0,0,0,0,0,0,1,0,0,0,1,0,0,0,0,0,0,0,0,0,0
176795,0,0,0,0,0,0,0,0,0,0,0,0,1,0,0,0,1,0,0,0,0,0,0,0,0,0,0
176845,0,0,0,0,0,0,0,0,0,0,0,0,1,0,0,0,1,0,0,0,0,0,0,0,0,0,0
176895,0,0,0,0,0,0,0,0,0,0,0,0,1,0,0,0,1,0,0,0,0,0,0,0,0,0,0
176945,0,0,0,0,0,0,0,0,0,0,0,0,1,0,0,0,1,0,0,0,0,0,0,0,0,0,0
176995,0,0,0,0,0,0,0,0,0,0,0,0,1,0,0,0,1,0,0,0,0,0,0,0,0,0,0
177045,0,0,0,0,0,0,0,0,0,0,0,0,1,0,0,0,1,0,0,0,0,0,0,0,0,0,0
177095,0,0,0,0,0,0,0,0,0,0,0,0,1,0,0,0,1,0,0,0,0,0,0,0,0,0,0
177145,0,0,0,0,0,0,0,0,0,0,0,0,1,0,0,0,1,0,0,0,0,0,0,0,0,0,0
177195,0,0,0,0,0,0,0,0,0,0,0,0,1,0,0,0,1,0,0,0,0,0,0,0,0,0,0
177245,0,0,0,0,0,0,0,0,0,0,0,0,1,0,0,0,1,0,0,0,0,0,0,0,0,0,0
177295,0,0,0,0,0,0,0,0,0,0,0,0,1,0,0,0,1,0,0,0,0,0,0,0,0,0,0
177345,0,0,0,0,0,0,0,0,0,0,0,0,1,0,0,0,1,0,0,0,0,0,0,0,0,0,0
177395,0,0,0,0,0,0,0,0,0,0,0,0,1,0,0,0,1,0,0,0,0,0,0,0,0,0,0
177445,0,0,0,0,0,0,0,0,0,0,0,0,1,0,0,0,1,0,0,0,0,0,0,0,0,0,0
177495,0,0,0,0,0,0,0,0,0,0,0,0,1,0,0,0,1,0,0,0,0,0,0,0,0,0,0
177545,0,0,0,0,0,0,0,0,0,0,0,0,1,0,0,0,1,0,0,0,0,0,0,0,0,0,0
177595,0,0,0,0,0,0,0,0,0,0,0,0,1,0,0,0,1,0,0,0,0,0,0,0,0,0,0
177645,0,0,0,0,0,0,0,0,0,0,0,0,1,0,0,0,1,0,0,0,0,0,0,0,0,0,0
177695,0,0,0,0,0,0,0,0,0,0,0,0,1,0,0,0,1,0,0,0,0,0,0,0,0,0,0
177745,0,0,0,0,0,0,0,0,0,0,0,0,1,0,0,0,1,0,0,0,0,0,0,0,0,0,0
177795,0,0,0,0,0,0,0,0,0,0,0,0,1,0,0,0,1,0,0,0,0,0,0,0,0,0,0
177845,0,0,0,0,0,0,0,0,0,0,0,0,1,0,0,0,1,0,0,0,0,0,0,0,0,0,0
177895,0,0,0,0,0,0,0,0,0,0,0,0,1,0,0,0,1,0,0,0,0,0,0,0,0,0,0
177945,0,0,0,0,0,0,0,0,0,0,0,0,1,0,0,0,1,0,0,0,0,0,0,0,0,0,0
177995,0,0,0,0,0,0,0,0,0,0,0,0,1,0,0,0,1,0,0,0,0,0,0,0,0,0,0
178045,0,0,0,0,0,0,0,0,0,0,0,0,1,0,0,0,1,0,0,0,0,0,0,0,0,0,0
178095,0,0,0,0,0,0,0,0,0,0,0,0,1,0,0,0,1,0,0,0,0,0,0,0,0,0,0
178145,0,0,0,0,0,0,0,0,0,0,0,0,1,0,0,0,1,0,0,0,0,0,0,0,0,0,0
178195,0,0,0,0,0,0,0,0,0,0,0,0,1,0,0,0,1,0,0,0,0,0,0,0,0,0,0
178245,0,0,0,0,0,0,0,0,0,0,0,0,1,0,0,0,1,0,0,0,0,0,0,0,0,0,0
178295,0,0,0,0,0,0,0,0,0,0,0,0,1,0,0,0,1,0,0,0,0,0,0,0,0,0,0
178345,0,0,0,0,0,0,0,0,0,0,0,0,1,0,0,0,1,0,0,0,0,0,0,0,0,0,0
178395,0,0,0,0,0,0,0,0,0,0,0,0,1,0,0,0,1,0,0,0,0,0,0,0,0,0,0
178445,0,0,0,0,0,0,0,0,0,0,0,0,1,0,0,0,1,0,0,0,0,0,0,0,0,0,0
178495,0,0,0,0,0,0,0,0,0,0,0,0,1,0,0,0,1,0,0,0,0,0,0,0,0,0,0
178545,0,0,0,0,0,0,0,0,0,0,0,0,1,0,0,0,1,0,0,0,0,0,0,0,0,0,0
178595,0,0,0,0,0,0,0,0,0,0,0,0,1,0,0,0,1,0,0,0,0,0,0,0,0,0,0
178645,0,0,0,0,0,0,0,0,0,0,0,0,1,0,0,0,1,0,0,0,0,0,0,0,0,0,0
178695,0,0,0,0,0,0,0,0,0,0,0,0,1,0,0,0,1,0,0,0,0,0,0,0,0,0,0
178745,0,0,0,0,0,0,0,0,0,0,0,0,1,0,0,0,1,0,0,0,0,0,0,0,0,0,0
178795,0,0,0,0,0,0,0,0,0,0,0,0,1,0,0,0,1,0,0,0,0,0,0,0,0,0,0
178845,0,0,0,0,0,0,0,0,0,0,0,0,1,0,0,0,1,0,0,0,0,0,0,0,0,0,0
178895,0,0,0,0,0,0,0,0,0,0,0,0,1,0,0,0,1,0,0,0,0,0,0,0,0,0,0
178945,0,0,0,0,0,0,0,0,0,0,0,0,1,0,0,0,1,0,0,0,0,0,0,0,0,0,0
178995,0,0,0,0,0,0,0,0,0,0,0,0,1,0,0,0,1,0,0,0,0,0,0,0,0,0,0
179045,0,0,0,0,0,0,0,0,0,0,0,0,1,0,0,0,1,0,0,0,0,0,0,0,0,0,0
179095,0,0,0,0,0,0,0,0,0,0,0,0,1,0,0,0,1,0,0,0,0,0,0,0,0,0,0
179145,0,0,0,0,0,0,0,0,0,0,0,0,1,0,0,0,1,0,0,0,0,0,0,0,0,0,0
179195,0,0,0,0,0,0,0,0,0,0,0,0,1,0,0,0,1,0,0,0,0,0,0,0,0,0,0
179245,0,0,0,0,0,0,0,0,0,0,0,0,1,0,0,0,1,0,0,0,0,0,0,0,0,0,0
179295,0,0,0,0,0,0,0,0,0,0,0,0,1,0,0,0,1,0,0,0,0,0,0,0,0,0,0
179345,0,0,0,0,0,0,0,0,0,0,0,0,1,0,0,0,1,0,0,0,0,0,0,0,0,0,0
179395,0,0,0,0,0,0,0,0,0,0,0,0,1,0,0,0,1,0,0,0,0,0,0,0,0,0,0
179445,0,0,0,0,0,0,0,0,0,0,0,0,1,0,0,0,1,0,0,0,0,0,0,0,0,0,0
179495,0,0,0,0,0,0,0,0,0,0,0,0,1,0,0,0,1,0,0,0,0,0,0,0,0,0,0
179545,0,0,0,0,0,0,0,0,0,0,0,0,1,0,0,0,1,0,0,0,0,0,0,0,0,0,0
179595,0,0,0,0,0,0,0,0,0,0,0,0,1,0,0,0,1,0,0,0,0,0,0,0,0,0,0
179645,0,0,0,0,0,0,0,0,0,0,0,0,1,0,0,0,1,0,0,0,0,0,0,0,0,0,0
179695,0,0,0,0,0,0,0,0,0,0,0,0,1,0,0,0,1,0,0,0,0,0,0,0,0,0,0
179745,0,0,0,0,0,0,0,0,0,0,0,0,1,0,0,0,1,0,0,0,0,0,0,0,0,0,0
179795,0,0,0,0,0,0,0,0,0,0,0,0,1,0,0,0,1,0,0,0,0,0,0,0,0,0,0
179845,0,0,0,0,0,0,0,0,0,0,0,0,1,0,0,0,1,0,0,0,0,0,0,0,0,0,0
179895,0,0,0,0,0,0,0,0,0,0,0,0,1,0,0,0,1,0,0,0,0,0,0,0,0,0,0
179945,0,0,0,0,0,0,0,0,0,0,0,0,1,0,0,0,1,0,0,0,0,0,0,0,0,0,0
179995,0,0,0,0,0,0,0,0,0,0,0,0,1,0,0,0,1,0,0,0,0,0,0,0,0,0,0
180045,0,0,0,0,0,0,0,0,0,0,0,0,1,0,0,0,1,0,0,0,0,0,0,0,0,0,0
180095,0,0,0,0,0,0,0,0,0,0,0,0,1,0,0,0,1,0,0,0,0,0,0,0,0,0,0
180145,0,0,0,0,0,0,0,0,0,0,0,0,1,0,0,0,1,0,0,0,0,0,0,0,0,0,0
180195,0,0,0,0,0,0,0,0,0,0,0,0,1,0,0,0,1,0,0,0,0,0,0,0,0,0,0
180245,0,0,0,0,0,0,0,0,0,0,0,0,1,0,0,0,1,0,0,0,0,0,0,0,0,0,0
180295,0,0,0,0,0,0,0,0,0,0,0,0,1,0,0,0,1,0,0,0,0,0,0,0,0,0,0
180345,0,0,0,0,0,0,0,0,0,0,0,0,1,0,0,0,1,0,0,0,0,0,0,0,0,0,0
180395,0,0,0,0,0,0,0,0,0,0,0,0,1,0,0,0,1,0,0,0,0,0,0,0,0,0,0
180445,0,0,0,0,0,0,0,0,0,0,0,0,1,0,0,0,1,0,0,0,0,0,0,0,0,0,0
180495,0,0,0,0,0,0,0,0,0,0,0,0,1,0,0,0,1,0,0,0,0,0,0,0,0,0,0
180545,0,0,0,0,0,0,0,0,0,0,0,0,1,0,0,0,1,0,0,0,0,0,0,0,0,0,0
180595,0,0,0,0,0,0,0,0,0,0,0,0,1,0,0,0,1,0,0,0,0,0,0,0,0,0,0
180645,0,0,0,0,0,0,0,0,0,0,0,0,1,0,0,0,1,0,0,0,0,0,0,0,0,0,0
180695,0,0,0,0,0,0,0,0,0,0,0,0,1,0,0,0,1,0,0,0,0,0,0,0,0,0,0
180745,0,0,0,0,0,0,0,0,0,0,0,0,1,0,0,0,1,0,0,0,0,0,0,0,0,0,0
180795,0,0,0,0,0,0,0,0,0,0,0,0,1,0,0,0,1,0,0,0,0,0,0,0,0,0,0
180845,0,0,0,0,0,0,0,0,0,0,0,0,1,0,0,0,1,0,0,0,0,0,0,0,0,0,0
180895,0,0,0,0,0,0,0,0,0,0,0,0,1,0,0,0,1,0,0,0,0,0,0,0,0,0,0
180945,0,0,0,0,0,0,0,0,0,0,0,0,1,0,0,0,1,0,0,0,0,0,0,0,0,0,0
180995,0,0,0,0,0,0,0,0,0,0,0,0,1,0,0,0,1,0,0,0,0,0,0,0,0,0,0
181045,0,0,0,0,0,0,0,0,0,0,0,0,1,0,0,0,1,0,0,0,0,0,0,0,0,0,0
181095,0,0,0,0,0,0,0,0,0,0,0,0,1,0,0,0,1,0,0,0,0,0,0,0,0,0,0
181145,0,0,0,0,0,0,0,0,0,0,0,0,1,0,0,0,1,0,0,0,0,0,0,0,0,0,0
181195,0,0,0,0,0,0,0,0,0,0,0,0,1,0,0,0,1,0,0,0,0,0,0,0,0,0,0
181245,0,0,0,0,0,0,0,0,0,0,0,0,1,0,0,0,1,0,0,0,0,0,0,0,0,0,0
181295,0,0,0,0,0,0,0,0,0,0,0,0,1,0,0,0,1,0,0,0,0,0,0,0,0,0,0
181345,0,0,0,0,0,0,0,0,0,0,0,0,1,0,0,0,1,0,0,0,0,0,0,0,0,0,0
181395,0,0,0,0,0,0,0,0,0,0,0,0,1,0,0,0,1,0,0,0,0,0,0,0,0,0,0
181445,0,0,0,0,0,0,0,0,0,0,0,0,1,0,0,0,1,0,0,0,0,0,0,0,0,0,0
181495,0,0,0,0,0,0,0,0,0,0,0,0,1,0,0,0,1,0,0,0,0,0,0,0,0,0,0
181545,0,0,0,0,0,0,0,0,0,0,0,0,1,0,0,0,1,0,0,0,0,0,0,0,0,0,0
181595,0,0,0,0,0,0,0,0,0,0,0,0,1,0,0,0,1,0,0,0,0,0,0,0,0,0,0
181645,0,0,0,0,0,0,0,0,0,0,0,0,1,0,0,0,1,0,0,0,0,0,0,0,0,0,0
181695,0,0,0,0,0,0,0,0,0,0,0,0,1,0,0,0,1,0,0,0,0,0,0,0,0,0,0
181745,0,0,0,0,0,0,0,0,0,0,0,0,1,0,0,0,1,0,0,0,0,0,0,0,0,0,0
181795,0,0,0,0,0,0,0,0,0,0,0,0,1,0,0,0,1,0,0,0,0,0,0,0,0,0,0
181845,0,0,0,0,0,0,0,0,0,0,0,0,1,0,0,0,1,0,0,0,0,0,0,0,0,0,0
181895,0,0,0,0,0,0,0,0,0,0,0,0,1,0,0,0,1,0,0,0,0,0,0,0,0,0,0
181945,0,0,0,0,0,0,0,0,0,0,0,0,1,0,0,0,1,0,0,0,0,0,0,0,0,0,0
181995,0,0,0,0,0,0,0,0,0,0,0,0,1,0,0,0,1,0,0,0,0,0,0,0,0,0,0
182045,0,0,0,0,0,0,0,0,0,0,0,0,1,0,0,0,1,0,0,0,0,0,0,0,0,0,0
182095,0,0,0,0,0,0,0,0,0,0,0,0,1,0,0,0,1,0,0,0,0,0,0,0,0,0,0
182145,0,0,0,0,0,0,0,0,0,0,0,0,1,0,0,0,1,0,0,0,0,0,0,0,0,0,0
182195,0,0,0,0,0,0,0,0,0,0,0,0,1,0,0,0,1,0,0,0,0,0,0,0,0,0,0
182245,0,0,0,0,0,0,0,0,0,0,0,0,1,0,0,0,1,0,0,0,0,0,0,0,0,0,0
182295,0,0,0,0,0,0,0,0,0,0,0,0,1,0,0,0,1,0,0,0,0,0,0,0,0,0,0
182345,0,0,0,0,0,0,0,0,0,0,0,0,1,0,0,0,1,0,0,0,0,0,0,0,0,0,0
182395,0,0,0,0,0,0,0,0,0,0,0,0,1,0,0,0,1,0,0,0,0,0,0,0,0,0,0
182445,0,0,0,0,0,0,0,0,0,0,0,0,1,0,0,0,1,0,0,0,0,0,0,0,0,0,0
182495,0,0,0,0,0,0,0,0,0,0,0,0,1,0,0,0,1,0,0,0,0,0,0,0,0,0,0
182545,0,0,0,0,0,0,0,0,0,0,0,0,1,0,0,0,1,0,0,0,0,0,0,0,0,0,0
182595,0,0,0,0,0,0,0,0,0,0,0,0,1,0,0,0,1,0,0,0,0,0,0,0,0,0,0
182645,0,0,0,0,0,0,0,0,0,0,0,0,1,0,0,0,1,0,0,0,0,0,0,0,0,0,0
182695,0,0,0,0,0,0,0,0,0,0,0,0,1,0,0,0,1,0,0,0,0,0,0,0,0,0,0
182745,0,0,0,0,0,0,0,0,0,0,0,0,1,0,0,0,1,0,0,0,0,0,0,0,0,0,0
182795,0,0,0,0,0,0,0,0,0,0,0,0,1,0,0,0,1,0,0,0,0,0,0,0,0,0,0
182845,0,0,0,0,0,0,0,0,0,0,0,0,1,0,0,0,1,0,0,0,0,0,0,0,0,0,0
182895,0,0,0,0,0,0,0,0,0,0,0,0,1,0,0,0,1,0,0,0,0,0,0,0,0,0,0
182945,0,0,0,0,0,0,0,0,0,0,0,0,1,0,0,0,1,0,0,0,0,0,0,0,0,0,0
182995,0,0,0,0,0,0,0,0,0,0,0,0,1,0,0,0,1,0,0,0,0,0,0,0,0,0,0
183045,0,0,0,0,0,0,0,0,0,0,0,0,1,0,0,0,1,0,0,0,0,0,0,0,0,0,0
183095,0,0,0,0,0,0,0,0,0,0,0,0,1,0,0,0,1,0,0,0,0,0,0,0,0,0,0
183145,0,0,0,0,0,0,0,0,0,0,0,0,1,0,0,0,1,0,0,0,0,0,0,0,0,0,0
183195,0,0,0,0,0,0,0,0,0,0,0,0,1,0,0,0,1,0,0,0,0,0,0,0,0,0,0
183245,0,0,0,0,0,0,0,0,0,0,0,0,1,0,0,0,1,0,0,0,0,0,0,0,0,0,0
183295,0,0,0,0,0,0,0,0,0,0,0,0,1,0,0,0,1,0,0,0,0,0,0,0,0,0,0
183345,0,0,0,0,0,0,0,0,0,0,0,0,1,0,0,0,1,0,0,0,0,0,0,0,0,0,0
183395,0,0,0,0,0,0,0,0,0,0,0,0,1,0,0,0,1,0,0,0,0,0,0,0,0,0,0
183445,0,0,0,0,0,0,0,0,0,0,0,0,1,0,0,0,1,0,0,0,0,0,0,0,0,0,0
183495,0,0,0,0,0,0,0,0,0,0,0,0,1,0,0,0,1,0,0,0,0,0,0,0,0,0,0
183545,0,0,0,0,0,0,0,0,0,0,0,0,1,0,0,0,1,0,0,0,0,0,0,0,0,0,0
183595,0,0,0,0,0,0,0,0,0,0,0,0,1,0,0,0,1,0,0,0,0,0,0,0,0,0,0
183645,0,0,0,0,0,0,0,0,0,0,0,0,1,0,0,0,1,0,0,0,0,0,0,0,0,0,0
183695,0,0,0,0,0,0,0,0,0,0,0,0,1,0,0,0,1,0,0,0,0,0,0,0,0,0,0
183745,0,0,0,0,0,0,0,0,0,0,0,0,1,0,0,0,1,0,0,0,0,0,0,0,0,0,0
183795,0,0,0,0,0,0,0,0,0,0,0,0,1,0,0,0,1,0,0,0,0,0,0,0,0,0,0
183845,0,0,0,0,0,0,0,0,0,0,0,0,1,0,0,0,1,0,0,0,0,0,0,0,0,0,0
183895,0,0,0,0,0,0,0,0,0,0,0,0,1,0,0,0,1,0,0,0,0,0,0,0,0,0,0
183945,0,0,0,0,0,0,0,0,0,0,0,0,1,0,0,0,1,0,0,0,0,0,0,0,0,0,0
183995,0,0,0,0,0,0,0,0,0,0,0,0,1,0,0,0,1,0,0,0,0,0,0,0,0,0,0
184045,0,0,0,0,0,0,0,0,0,0,0,0,1,0,0,0,1,0,0,0,0,0,0,0,0,0,0
184095,0,0,0,0,0,0,0,0,0,0,0,0,1,0,0,0,1,0,0,0,0,0,0,0,0,0,0
184145,0,0,0,0,0,0,0,0,0,0,0,0,1,0,0,0,1,0,0,0,0,0,0,0,0,0,0
184195,0,0,0,0,0,0,0,0,0,0,0,0,1,0,0,0,1,0,0,0,0,0,0,0,0,0,0
184245,0,0,0,0,0,0,0,0,0,0,0,0,1,0,0,0,1,0,0,0,0,0,0,0,0,0,0
184295,0,0,0,0,0,0,0,0,0,0,0,0,1,0,0,0,1,0,0,0,0,0,0,0,0,0,0
184345,0,0,0,0,0,0,0,0,0,0,0,0,1,0,0,0,1,0,0,0,0,0,0,0,0,0,0
184395,0,0,0,0,0,0,0,0,0,0,0,0,1,0,0,0,1,0,0,0,0,0,0,0,0,0,0
184445,0,0,0,0,0,0,0,0,0,0,0,0,1,0,0,0,1,0,0,0,0,0,0,0,0,0,0
184495,0,0,0,0,0,0,0,0,0,0,0,0,1,0,0,0,1,0,0,0,0,0,0,0,0,0,0
184545,0,0,0,0,0,0,0,0,0,0,0,0,1,0,0,0,1,0,0,0,0,0,0,0,0,0,0
184595,0,0,0,0,0,0,0,0,0,0,0,0,1,0,0,0,1,0,0,0,0,0,0,0,0,0,0
184645,0,0,0,0,0,0,0,0,0,0,0,0,1,0,0,0,1,0,0,0,0,0,0,0,0,0,0
184695,0,0,0,0,0,0,0,0,0,0,0,0,1,0,0,0,1,0,0,0,0,0,0,0,0,0,0
184745,0,0,0,0,0,0,0,0,0,0,0,0,1,0,0,0,1,0,0,0,0,0,0,0,0,0,0
184795,0,0,0,0,0,0,0,0,0,0,0,0,1,0,0,0,1,0,0,0,0,0,0,0,0,0,0
184845,0,0,0,0,0,0,0,0,0,0,0,0,1,0,0,0,1,0,0,0,0,0,0,0,0,0,0
184895,0,0,0,0,0,0,0,0,0,0,0,0,1,0,0,0,1,0,0,0,0,0,0,0,0,0,0
184945,0,0,0,0,0,0,0,0,0,0,0,0,1,0,0,0,1,0,0,0,0,0,0,0,0,0,0
184995,0,0,0,0,0,0,0,0,0,0,0,0,1,0,0,0,1,0,0,0,0,0,0,0,0,0,0
185045,0,0,0,0,0,0,0,0,0,0,0,0,1,0,0,0,1,0,0,0,0,0,0,0,0,0,0
185095,0,0,0,0,0,0,0,0,0,0,0,0,1,0,0,0,1,0,0,0,0,0,0,0,0,0,0
185145,0,0,0,0,0,0,0,0,0,0,0,0,1,0,0,0,1,0,0,0,0,0,0,0,0,0,0
185195,0,0,0,0,0,0,0,0,0,0,0,0,1,0,0,0,1,0,0,0,0,0,0,0,0,0,0
185245,0,0,0,0,0,0,0,0,0,0,0,0,1,0,0,0,1,0,0,0,0,0,0,0,0,0,0
185295,0,0,0,0,0,0,0,0,0,0,0,0,1,0,0,0,1,0,0,0,0,0,0,0,0,0,0
185345,0,0,0,0,0,0,0,0,0,0,0,0,1,0,0,0,1,0,0,0,0,0,0,0,0,0,0
185395,0,0,0,0,0,0,0,0,0,0,0,0,1,0,0,0,1,0,0,0,0,0,0,0,0,0,0
185445,0,0,0,0,0,0,0,0,0,0,0,0,1,0,0,0,1,0,0,0,0,0,0,0,0,0,0
185495,0,0,0,0,0,0,0,0,0,0,0,0,1,0,0,0,1,0,0,0,0,0,0,0,0,0,0
185545,0,0,0,0,0,0,0,0,0,0,0,0,1,0,0,0,1,0,0,0,0,0,0,0,0,0,0
185595,0,0,0,0,0,0,0,0,0,0,0,0,1,0,0,0,1,0,0,0,0,0,0,0,0,0,0
185645,0,0,0,0,0,0,0,0,0,0,0,0,1,0,0,0,1,0,0,0,0,0,0,0,0,0,0
185695,0,0,0,0,0,0,0,0,0,0,0,0,1,0,0,0,1,0,0,0,0,0,0,0,0,0,0
185745,0,0,0,0,0,0,0,0,0,0,0,0,1,0,0,0,1,0,0,0,0,0,0,0,0,0,0
185795,0,0,0,0,0,0,0,0,0,0,0,0,1,0,0,0,1,0,0,0,0,0,0,0,0,0,0
185845,0,0,0,0,0,0,0,0,0,0,0,0,1,0,0,0,1,0,0,0,0,0,0,0,0,0,0
185895,0,0,0,0,0,0,0,0,0,0,0,0,1,0,0,0,1,0,0,0,0,0,0,0,0,0,0
185945,0,0,0,0,0,0,0,0,0,0,0,0,1,0,0,0,1,0,0,0,0,0,0,0,0,0,0
185995,0,0,0,0,0,0,0,0,0,0,0,0,1,0,0,0,1,0,0,0,0,0,0,0,0,0,0
186045,0,0,0,0,0,0,0,0,0,0,0,0,1,0,0,0,1,0,0,0,0,0,0,0,0,0,0
186095,0,0,0,0,0,0,0,0,0,0,0,0,1,0,0,0,1,0,0,0,0,0,0,0,0,0,0
186145,0,0,0,0,0,0,0,0,0,0,0,0,1,0,0,0,1,0,0,0,0,0,0,0,0,0,0
186195,0,0,0,0,0,0,0,0,0,0,0,0,1,0,0,0,1,0,0,0,0,0,0,0,0,0,0
186245,0,0,0,0,0,0,0,0,0,0,0,0,1,0,0,0,1,0,0,0,0,0,0,0,0,0,0
186295,0,0,0,0,0,0,0,0,0,0,0,0,1,0,0,0,1,0,0,0,0,0,0,0,0,0,0
186345,0,0,0,0,0,0,0,0,0,0,0,0,1,0,0,0,1,0,0,0,0,0,0,0,0,0,0
186395,0,0,0,0,0,0,0,0,0,0,0,0,1,0,0,0,1,0,0,0,0,0,0,0,0,0,0
186445,0,0,0,0,0,0,0,0,0,0,0,0,1,0,0,0,1,0,0,0,0,0,0,0,0,0,0
186495,0,0,0,0,0,0,0,0,0,0,0,0,1,0,0,0,1,0,0,0,0,0,0,0,0,0,0
186545,0,0,0,0,0,0,0,0,0,0,0,0,1,0,0,0,1,0,0,0,0,0,0,0,0,0,0
186595,0,0,0,0,0,0,0,0,0,0,0,0,1,0,0,0,1,0,0,0,0,0,0,0,0,0,0
186645,0,0,0,0,0,0,0,0,0,0,0,0,1,0,0,0,1,0,0,0,0,0,0,0,0,0,0
186695,0,0,0,0,0,0,0,0,0,0,0,0,1,0,0,0,1,0,0,0,0,0,0,0,0,0,0
186745,0,0,0,0,0,0,0,0,0,0,0,0,1,0,0,0,1,0,0,0,0,0,0,0,0,0,0
186795,0,0,0,0,0,0,0,0,0,0,0,0,1,0,0,0,1,0,0,0,0,0,0,0,0,0,0
186845,0,0,0,0,0,0,0,0,0,0,0,0,1,0,0,0,1,0,0,0,0,0,0,0,0,0,0
186895,0,0,0,0,0,0,0,0,0,0,0,0,1,0,0,0,1,0,0,0,0,0,0,0,0,0,0
186945,0,0,0,0,0,0,0,0,0,0,0,0,1,0,0,0,1,0,0,0,0,0,0,0,0,0,0
186995,0,0,0,0,0,0,0,0,0,0,0,0,1,0,0,0,1,0,0,0,0,0,0,0,0,0,0
187045,0,0,0,0,0,0,0,0,0,0,0,0,1,0,0,0,1,0,0,0,0,0,0,0,0,0,0
187095,0,0,0,0,0,0,0,0,0,0,0,0,1,0,0,0,1,0,0,0,0,0,0,0,0,0,0
187145,0,0,0,0,0,0,0,0,0,0,0,0,1,0,0,0,1,0,0,0,0,0,0,0,0,0,0
187195,0,0,0,0,0,0,0,0,0,0,0,0,1,0,0,0,1,0,0,0,0,0,0,0,0,0,0
187245,0,0,0,0,0,0,0,0,0,0,0,0,1,0,0,0,1,0,0,0,0,0,0,0,0,0,0
187295,0,0,0,0,0,0,0,0,0,0,0,0,1,0,0,0,1,0,0,0,0,0,0,0,0,0,0
187345,0,0,0,0,0,0,0,0,0,0,0,0,1,0,0,0,1,0,0,0,0,0,0,0,0,0,0
187395,0,0,0,0,0,0,0,0,0,0,0,0,1,0,0,0,1,0,0,0,0,0,0,0,0,0,0
187445,0,0,0,0,0,0,0,0,0,0,0,0,1,0,0,0,1,0,0,0,0,0,0,0,0,0,0
187495,0,0,0,0,0,0,0,0,0,0,0,0,1,0,0,0,1,0,0,0,0,0,0,0,0,0,0
187545,0,0,0,0,0,0,0,0,0,0,0,0,1,0,0,0,1,0,0,0,0,0,0,0,0,0,0
187595,0,0,0,0,0,0,0,0,0,0,0,0,1,0,0,0,1,0,0,0,0,0,0,0,0,0,0
187645,0,0,0,0,0,0,0,0,0,0,0,0,1,0,0,0,1,0,0,0,0,0,0,0,0,0,0
187695,0,0,0,0,0,0,0,0,0,0,0,0,1,0,0,0,1,0,0,0,0,0,0,0,0,0,0
187745,0,0,0,0,0,0,0,0,0,0,0,0,1,0,0,0,1,0,0,0,0,0,0,0,0,0,0
187795,0,0,0,0,0,0,0,0,0,0,0,0,1,0,0,0,1,0,0,0,0,0,0,0,0,0,0
187845,0,0,0,0,0,0,0,0,0,0,0,0,1,0,0,0,1,0,0,0,0,0,0,0,0,0,0
187895,0,0,0,0,0,0,0,0,0,0,0,0,1,0,0,0,1,0,0,0,0,0,0,0,0,0,0
187945,0,0,0,0,0,0,0,0,0,0,0,0,1,0,0,0,1,0,0,0,0,0,0,0,0,0,0
187995,0,0,0,0,0,0,0,0,0,0,0,0,1,0,0,0,1,0,0,0,0,0,0,0,0,0,0
188045,0,0,0,0,0,0,0,0,0,0,0,0,1,0,0,0,1,0,0,0,0,0,0,0,0,0,0
188095,0,0,0,0,0,0,0,0,0,0,0,0,1,0,0,0,1,0,0,0,0,0,0,0,0,0,0
188145,0,0,0,0,0,0,0,0,0,0,0,0,1,0,0,0,1,0,0,0,0,0,0,0,0,0,0
188195,0,0,0,0,0,0,0,0,0,0,0,0,1,0,0,0,1,0,0,0,0,0,0,0,0,0,0
188245,0,0,0,0,0,0,0,0,0,0,0,0,1,0,0,0,1,0,0,0,0,0,0,0,0,0,0
188295,0,0,0,0,0,0,0,0,0,0,0,0,1,0,0,0,1,0,0,0,0,0,0,0,0,0,0
188345,0,0,0,0,0,0,0,0,0,0,0,0,1,0,0,0,1,0,0,0,0,0,0,0,0,0,0
188395,0,0,0,0,0,0,0,0,0,0,0,0,1,0,0,0,1,0,0,0,0,0,0,0,0,0,0
188445,0,0,0,0,0,0,0,0,0,0,0,0,1,0,0,0,1,0,0,0,0,0,0,0,0,0,0
188495,0,0,0,0,0,0,0,0,0,0,0,0,1,0,0,0,1,0,0,0,0,0,0,0,0,0,0
188545,0,0,0,0,0,0,0,0,0,0,0,0,1,0,0,0,1,0,0,0,0,0,0,0,0,0,0
188595,0,0,0,0,0,0,0,0,0,0,0,0,1,0,0,0,1,0,0,0,0,0,0,0,0,0,0
188645,0,0,0,0,0,0,0,0,0,0,0,0,1,0,0,0,1,0,0,0,0,0,0,0,0,0,0
188695,0,0,0,0,0,0,0,0,0,0,0,0,1,0,0,0,1,0,0,0,0,0,0,0,0,0,0
188745,0,0,0,0,0,0,0,0,0,0,0,0,1,0,0,0,1,0,0,0,0,0,0,0,0,0,0
188795,0,0,0,0,0,0,0,0,0,0,0,0,1,0,0,0,1,0,0,0,0,0,0,0,0,0,0
188845,0,0,0,0,0,0,0,0,0,0,0,0,1,0,0,0,1,0,0,0,0,0,0,0,0,0,0
188895,0,0,0,0,0,0,0,0,0,0,0,0,1,0,0,0,1,0,0,0,0,0,0,0,0,0,0
188945,0,0,0,0,0,0,0,0,0,0,0,0,1,0,0,0,1,0,0,0,0,0,0,0,0,0,0
188995,0,0,0,0,0,0,0,0,0,0,0,0,1,0,0,0,1,0,0,0,0,0,0,0,0,0,0
189045,0,0,0,0,0,0,0,0,0,0,0,0,1,0,0,0,1,0,0,0,0,0,0,0,0,0,0
189095,0,0,0,0,0,0,0,0,0,0,0,0,1,0,0,0,1,0,0,0,0,0,0,0,0,0,0
189145,0,0,0,0,0,0,0,0,0,0,0,0,1,0,0,0,1,0,0,0,0,0,0,0,0,0,0
189195,0,0,0,0,0,0,0,0,0,0,0,0,1,0,0,0,1,0,0,0,0,0,0,0,0,0,0
189245,0,0,0,0,0,0,0,0,0,0,0,0,1,0,0,0,1,0,0,0,0,0,0,0,0,0,0
189295,0,0,0,0,0,0,0,0,0,0,0,0,1,0,0,0,1,0,0,0,0,0,0,0,0,0,0
189345,0,0,0,0,0,0,0,0,0,0,0,0,1,0,0,0,1,0,0,0,0,0,0,0,0,0,0
189395,0,0,0,0,0,0,0,0,0,0,0,0,1,0,0,0,1,0,0,0,0,0,0,0,0,0,0
189445,0,0,0,0,0,0,0,0,0,0,0,0,1,0,0,0,1,0,0,0,0,0,0,0,0,0,0
189495,0,0,0,0,0,0,0,0,0,0,0,0,1,0,0,0,1,0,0,0,0,0,0,0,0,0,0
189545,0,0,0,0,0,0,0,0,0,0,0,0,1,0,0,0,1,0,0,0,0,0,0,0,0,0,0
189595,0,0,0,0,0,0,0,0,0,0,0,0,1,0,0,0,1,0,0,0,0,0,0,0,0,0,0
189645,0,0,0,0,0,0,0,0,0,0,0,0,1,0,0,0,1,0,0,0,0,0,0,0,0,0,0
189695,0,0,0,0,0,0,0,0,0,0,0,0,1,0,0,0,1,0,0,0,0,0,0,0,0,0,0
189745,0,0,0,0,0,0,0,0,0,0,0,0,1,0,0,0,1,0,0,0,0,0,0,0,0,0,0
189795,0,0,0,0,0,0,0,0,0,0,0,0,1,0,0,0,1,0,0,0,0,0,0,0,0,0,0
189845,0,0,0,0,0,0,0,0,0,0,0,0,1,0,0,0,1,0,0,0,0,0,0,0,0,0,0
189895,0,0,0,0,0,0,0,0,0,0,0,0,1,0,0,0,1,0,0,0,0,0,0,0,0,0,0
189945,0,0,0,0,0,0,0,0,0,0,0,0,1,0,0,0,1,0,0,0,0,0,0,0,0,0,0
189995,0,0,0,0,0,0,0,0,0,0,0,0,1,0,0,0,1,0,0,0,0,0,0,0,0,0,0
190045,0,0,0,0,0,0,0,0,0,0,0,0,1,0,0,0,1,0,0,0,0,0,0,0,0,0,0
190095,0,0,0,0,0,0,0,0,0,0,0,0,1,0,0,0,1,0,0,0,0,0,0,0,0,0,0
190145,0,0,0,0,0,0,0,0,0,0,0,0,1,0,0,0,1,0,0,0,0,0,0,0,0,0,0
190195,0,0,0,0,0,0,0,0,0,0,0,0,1,0,0,0,1,0,0,0,0,0,0,0,0,0,0
190245,0,0,0,0,0,0,0,0,0,0,0,0,1,0,0,0,1,0,0,0,0,0,0,0,0,0,0
190295,0,0,0,0,0,0,0,0,0,0,0,0,1,0,0,0,1,0,0,0,0,0,0,0,0,0,0
190345,0,0,0,0,0,0,0,0,0,0,0,0,1,0,0,0,1,0,0,0,0,0,0,0,0,0,0
190395,0,0,0,0,0,0,0,0,0,0,0,0,1,0,0,0,1,0,0,0,0,0,0,0,0,0,0
190445,0,0,0,0,0,0,0,0,0,0,0,0,1,0,0,0,1,0,0,0,0,0,0,0,0,0,0
190495,0,0,0,0,0,0,0,0,0,0,0,0,1,0,0,0,1,0,0,0,0,0,0,0,0,0,0
190545,0,0,0,0,0,0,0,0,0,0,0,0,1,0,0,0,1,0,0,0,0,0,0,0,0,0,0
190595,0,0,0,0,0,0,0,0,0,0,0,0,1,0,0,0,1,0,0,0,0,0,0,0,0,0,0
190645,0,0,0,0,0,0,0,0,0,0,0,0,1,0,0,0,1,0,0,0,0,0,0,0,0,0,0
190695,0,0,0,0,0,0,0,0,0,0,0,0,1,0,0,0,1,0,0,0,0,0,0,0,0,0,0
190745,0,0,0,0,0,0,0,0,0,0,0,0,1,0,0,0,1,0,0,0,0,0,0,0,0,0,0
190795,0,0,0,0,0,0,0,0,0,0,0,0,1,0,0,0,1,0,0,0,0,0,0,0,0,0,0
190845,0,0,0,0,0,0,0,0,0,0,0,0,1,0,0,0,1,0,0,0,0,0,0,0,0,0,0
190895,0,0,0,0,0,0,0,0,0,0,0,0,1,0,0,0,1,0,0,0,0,0,0,0,0,0,0
190945,0,0,0,0,0,0,0,0,0,0,0,0,1,0,0,0,1,0,0,0,0,0,0,0,0,0,0
190995,0,0,0,0,0,0,0,0,0,0,0,0,1,0,0,0,1,0,0,0,0,0,0,0,0,0,0
191045,0,0,0,0,0,0,0,0,0,0,0,0,1,0,0,0,1,0,0,0,0,0,0,0,0,0,0
191095,0,0,0,0,0,0,0,0,0,0,0,0,1,0,0,0,1,0,0,0,0,0,0,0,0,0,0
191145,0,0,0,0,0,0,0,0,0,0,0,0,1,0,0,0,1,0,0,0,0,0,0,0,0,0,0
191195,0,0,0,0,0,0,0,0,0,0,0,0,1,0,0,0,1,0,0,0,0,0,0,0,0,0,0
191245,0,0,0,0,0,0,0,0,0,0,0,0,1,0,0,0,1,0,0,0,0,0,0,0,0,0,0
191295,0,0,0,0,0,0,0,0,0,0,0,0,1,0,0,0,1,0,0,0,0,0,0,0,0,0,0
191345,0,0,0,0,0,0,0,0,0,0,0,0,1,0,0,0,1,0,0,0,0,0,0,0,0,0,0
191395,0,0,0,0,0,0,0,0,0,0,0,0,1,0,0,0,1,0,0,0,0,0,0,0,0,0,0
191445,0,0,0,0,0,0,0,0,0,0,0,0,1,0,0,0,1,0,0,0,0,0,0,0,0,0,0
191495,0,0,0,0,0,0,0,0,0,0,0,0,1,0,0,0,1,0,0,0,0,0,0,0,0,0,0
191545,0,0,0,0,0,0,0,0,0,0,0,0,1,0,0,0,1,0,0,0,0,0,0,0,0,0,0
191595,0,0,0,0,0,0,0,0,0,0,0,0,1,0,0,0,1,0,0,0,0,0,0,0,0,0,0
191645,0,0,0,0,0,0,0,0,0,0,0,0,1,0,0,0,1,0,0,0,0,0,0,0,0,0,0
191695,0,0,0,0,0,0,0,0,0,0,0,0,1,0,0,0,1,0,0,0,0,0,0,0,0,0,0
191745,0,0,0,0,0,0,0,0,0,0,0,0,1,0,0,0,1,0,0,0,0,0,0,0,0,0,0
191795,0,0,0,0,0,0,0,0,0,0,0,0,1,0,0,0,1,0,0,0,0,0,0,0,0,0,0
191845,0,0,0,0,0,0,0,0,0,0,0,0,1,0,0,0,1,0,0,0,0,0,0,0,0,0,0
191895,0,0,0,0,0,0,0,0,0,0,0,0,1,0,0,0,1,0,0,0,0,0,0,0,0,0,0
191945,0,0,0,0,0,0,0,0,0,0,0,0,1,0,0,0,1,0,0,0,0,0,0,0,0,0,0
191995,0,0,0,0,0,0,0,0,0,0,0,0,1,0,0,0,1,0,0,0,0,0,0,0,0,0,0
192045,0,0,0,0,0,0,0,0,0,0,0,0,1,0,0,0,1,0,0,0,0,0,0,0,0,0,0
192095,0,0,0,0,0,0,0,0,0,0,0,0,1,0,0,0,1,0,0,0,0,0,0,0,0,0,0
192145,0,0,0,0,0,0,0,0,0,0,0,0,1,0,0,0,1,0,0,0,0,0,0,0,0,0,0
192195,0,0,0,0,0,0,0,0,0,0,0,0,1,0,0,0,1,0,0,0,0,0,0,0,0,0,0
192245,0,0,0,0,0,0,0,0,0,0,0,0,1,0,0,0,1,0,0,0,0,0,0,0,0,0,0
192295,0,0,0,0,0,0,0,0,0,0,0,0,1,0,0,0,1,0,0,0,0,0,0,0,0,0,0
192345,0,0,0,0,0,0,0,0,0,0,0,0,1,0,0,0,1,0,0,0,0,0,0,0,0,0,0
192395,0,0,0,0,0,0,0,0,0,0,0,0,1,0,0,0,1,0,0,0,0,0,0,0,0,0,0
192445,0,0,0,0,0,0,0,0,0,0,0,0,1,0,0,0,1,0,0,0,0,0,0,0,0,0,0
192495,0,0,0,0,0,0,0,0,0,0,0,0,1,0,0,0,1,0,0,0,0,0,0,0,0,0,0
192545,0,0,0,0,0,0,0,0,0,0,0,0,1,0,0,0,1,0,0,0,0,0,0,0,0,0,0
192595,0,0,0,0,0,0,0,0,0,0,0,0,1,0,0,0,1,0,0,0,0,0,0,0,0,0,0
192645,0,0,0,0,0,0,0,0,0,0,0,0,1,0,0,0,1,0,0,0,0,0,0,0,0,0,0
192695,0,0,0,0,0,0,0,0,0,0,0,0,1,0,0,0,1,0,0,0,0,0,0,0,0,0,0
192745,0,0,0,0,0,0,0,0,0,0,0,0,1,0,0,0,1,0,0,0,0,0,0,0,0,0,0
192795,0,0,0,0,0,0,0,0,0,0,0,0,1,0,0,0,1,0,0,0,0,0,0,0,0,0,0
192845,0,0,0,0,0,0,0,0,0,0,0,0,1,0,0,0,1,0,0,0,0,0,0,0,0,0,0
192895,0,0,0,0,0,0,0,0,0,0,0,0,1,0,0,0,1,0,0,0,0,0,0,0,0,0,0
192945,0,0,0,0,0,0,0,0,0,0,0,0,1,0,0,0,1,0,0,0,0,0,0,0,0,0,0
192995,0,0,0,0,0,0,0,0,0,0,0,0,1,0,0,0,1,0,0,0,0,0,0,0,0,0,0
193045,0,0,0,0,0,0,0,0,0,0,0,0,1,0,0,0,1,0,0,0,0,0,0,0,0,0,0
193095,0,0,0,0,0,0,0,0,0,0,0,0,1,0,0,0,1,0,0,0,0,0,0,0,0,0,0
193145,0,0,0,0,0,0,0,0,0,0,0,0,1,0,0,0,1,0,0,0,0,0,0,0,0,0,0
193195,0,0,0,0,0,0,0,0,0,0,0,0,1,0,0,0,1,0,0,0,0,0,0,0,0,0,0
193245,0,0,0,0,0,0,0,0,0,0,0,0,1,0,0,0,1,0,0,0,0,0,0,0,0,0,0
193295,0,0,0,0,0,0,0,0,0,0,0,0,1,0,0,0,1,0,0,0,0,0,0,0,0,0,0
193345,0,0,0,0,0,0,0,0,0,0,0,0,1,0,0,0,1,0,0,0,0,0,0,0,0,0,0
193395,0,0,0,0,0,0,0,0,0,0,0,0,1,0,0,0,1,0,0,0,0,0,0,0,0,0,0
193445,0,0,0,0,0,0,0,0,0,0,0,0,1,0,0,0,1,0,0,0,0,0,0,0,0,0,0
193495,0,0,0,0,0,0,0,0,0,0,0,0,1,0,0,0,1,0,0,0,0,0,0,0,0,0,0
193545,0,0,0,0,0,0,0,0,0,0,0,0,1,0,0,0,1,0,0,0,0,0,0,0,0,0,0
193595,0,0,0,0,0,0,0,0,0,0,0,0,1,0,0,0,1,0,0,0,0,0,0,0,0,0,0
193645,0,0,0,0,0,0,0,0,0,0,0,0,1,0,0,0,1,0,0,0,0,0,0,0,0,0,0
193695,0,0,0,0,0,0,0,0,0,0,0,0,1,0,0,0,1,0,0,0,0,0,0,0,0,0,0
193745,0,0,0,0,0,0,0,0,0,0,0,0,1,0,0,0,1,0,0,0,0,0,0,0,0,0,0
193795,0,0,0,0,0,0,0,0,0,0,0,0,1,0,0,0,1,0,0,0,0,0,0,0,0,0,0
193845,0,0,0,0,0,0,0,0,0,0,0,0,1,0,0,0,1,0,0,0,0,0,0,0,0,0,0
193895,0,0,0,0,0,0,0,0,0,0,0,0,1,0,0,0,1,0,0,0,0,0,0,0,0,0,0
193945,0,0,0,0,0,0,0,0,0,0,0,0,1,0,0,0,1,0,0,0,0,0,0,0,0,0,0
193995,0,0,0,0,0,0,0,0,0,0,0,0,1,0,0,0,1,0,0,0,0,0,0,0,0,0,0
194045,0,0,0,0,0,0,0,0,0,0,0,0,1,0,0,0,1,0,0,0,0,0,0,0,0,0,0
194095,0,0,0,0,0,0,0,0,0,0,0,0,1,0,0,0,1,0,0,0,0,0,0,0,0,0,0
194145,0,0,0,0,0,0,0,0,0,0,0,0,1,0,0,0,1,0,0,0,0,0,0,0,0,0,0
194195,0,0,0,0,0,0,0,0,0,0,0,0,1,0,0,0,1,0,0,0,0,0,0,0,0,0,0
194245,0,0,0,0,0,0,0,0,0,0,0,0,1,0,0,0,1,0,0,0,0,0,0,0,0,0,0
194295,0,0,0,0,0,0,0,0,0,0,0,0,1,0,0,0,1,0,0,0,0,0,0,0,0,0,0
194345,0,0,0,0,0,0,0,0,0,0,0,0,1,0,0,0,1,0,0,0,0,0,0,0,0,0,0
194395,0,0,0,0,0,0,0,0,0,0,0,0,1,0,0,0,1,0,0,0,0,0,0,0,0,0,0
194445,0,0,0,0,0,0,0,0,0,0,0,0,1,0,0,0,1,0,0,0,0,0,0,0,0,0,0
194495,0,0,0,0,0,0,0,0,0,0,0,0,1,0,0,0,1,0,0,0,0,0,0,0,0,0,0
194545,0,0,0,0,0,0,0,0,0,0,0,0,1,0,0,0,1,0,0,0,0,0,0,0,0,0,0
194595,0,0,0,0,0,0,0,0,0,0,0,0,1,0,0,0,1,0,0,0,0,0,0,0,0,0,0
194645,0,0,0,0,0,0,0,0,0,0,0,0,1,0,0,0,1,0,0,0,0,0,0,0,0,0,0
194695,0,0,0,0,0,0,0,0,0,0,0,0,1,0,0,0,1,0,0,0,0,0,0,0,0,0,0
194745,0,0,0,0,0,0,0,0,0,0,0,0,1,0,0,0,1,0,0,0,0,0,0,0,0,0,0
194795,0,0,0,0,0,0,0,0,0,0,0,0,1,0,0,0,1,0,0,0,0,0,0,0,0,0,0
194845,0,0,0,0,0,0,0,0,0,0,0,0,1,0,0,0,1,0,0,0,0,0,0,0,0,0,0
194895,0,0,0,0,0,0,0,0,0,0,0,0,1,0,0,0,1,0,0,0,0,0,0,0,0,0,0
194945,0,0,0,0,0,0,0,0,0,0,0,0,1,0,0,0,1,0,0,0,0,0,0,0,0,0,0
194995,0,0,0,0,0,0,0,0,0,0,0,0,1,0,0,0,1,0,0,0,0,0,0,0,0,0,0
195045,0,0,0,0,0,0,0,0,0,0,0,0,1,0,0,0,1,0,0,0,0,0,0,0,0,0,0
195095,0,0,0,0,0,0,0,0,0,0,0,0,1,0,0,0,1,0,0,0,0,0,0,0,0,0,0
195145,0,0,0,0,0,0,0,0,0,0,0,0,1,0,0,0,1,0,0,0,0,0,0,0,0,0,0
195195,0,0,0,0,0,0,0,0,0,0,0,0,1,0,0,0,1,0,0,0,0,0,0,0,0,0,0
195245,0,0,0,0,0,0,0,0,0,0,0,0,1,0,0,0,1,0,0,0,0,0,0,0,0,0,0
195295,0,0,0,0,0,0,0,0,0,0,0,0,1,0,0,0,1,0,0,0,0,0,0,0,0,0,0
195345,0,0,0,0,0,0,0,0,0,0,0,0,1,0,0,0,1,0,0,0,0,0,0,0,0,0,0
195395,0,0,0,0,0,0,0,0,0,0,0,0,1,0,0,0,1,0,0,0,0,0,0,0,0,0,0
195445,0,0,0,0,0,0,0,0,0,0,0,0,1,0,0,0,1,0,0,0,0,0,0,0,0,0,0
195495,0,0,0,0,0,0,0,0,0,0,0,0,1,0,0,0,1,0,0,0,0,0,0,0,0,0,0
195545,0,0,0,0,0,0,0,0,0,0,0,0,1,0,0,0,1,0,0,0,0,0,0,0,0,0,0
195595,0,0,0,0,0,0,0,0,0,0,0,0,1,0,0,0,1,0,0,0,0,0,0,0,0,0,0
195645,0,0,0,0,0,0,0,0,0,0,0,0,1,0,0,0,1,0,0,0,0,0,0,0,0,0,0
195695,0,0,0,0,0,0,0,0,0,0,0,0,1,0,0,0,1,0,0,0,0,0,0,0,0,0,0
195745,0,0,0,0,0,0,0,0,0,0,0,0,1,0,0,0,1,0,0,0,0,0,0,0,0,0,0
195795,0,0,0,0,0,0,0,0,0,0,0,0,1,0,0,0,1,0,0,0,0,0,0,0,0,0,0
195845,0,0,0,0,0,0,0,0,0,0,0,0,1,0,0,0,1,0,0,0,0,0,0,0,0,0,0
195895,0,0,0,0,0,0,0,0,0,0,0,0,1,0,0,0,1,0,0,0,0,0,0,0,0,0,0
195945,0,0,0,0,0,0,0,0,0,0,0,0,1,0,0,0,1,0,0,0,0,0,0,0,0,0,0
195995,0,0,0,0,0,0,0,0,0,0,0,0,1,0,0,0,1,0,0,0,0,0,0,0,0,0,0
196045,0,0,0,0,0,0,0,0,0,0,0,0,1,0,0,0,1,0,0,0,0,0,0,0,0,0,0
196095,0,0,0,0,0,0,0,0,0,0,0,0,1,0,0,0,1,0,0,0,0,0,0,0,0,0,0
196145,0,0,0,0,0,0,0,0,0,0,0,0,1,0,0,0,1,0,0,0,0,0,0,0,0,0,0
196195,0,0,0,0,0,0,0,0,0,0,0,0,1,0,0,0,1,0,0,0,0,0,0,0,0,0,0
196245,0,0,0,0,0,0,0,0,0,0,0,0,1,0,0,0,1,0,0,0,0,0,0,0,0,0,0
196295,0,0,0,0,0,0,0,0,0,0,0,0,1,0,0,0,1,0,0,0,0,0,0,0,0,0,0
196345,0,0,0,0,0,0,0,0,0,0,0,0,1,0,0,0,1,0,0,0,0,0,0,0,0,0,0
196395,0,0,0,0,0,0,0,0,0,0,0,0,1,0,0,0,1,0,0,0,0,0,0,0,0,0,0
196445,0,0,0,0,0,0,0,0,0,0,0,0,1,0,0,0,1,0,0,0,0,0,0,0,0,0,0
196495,0,0,0,0,0,0,0,0,0,0,0,0,1,0,0,0,1,0,0,0,0,0,0,0,0,0,0
196545,0,0,0,0,0,0,0,0,0,0,0,0,1,0,0,0,1,0,0,0,0,0,0,0,0,0,0
196595,0,0,0,0,0,0,0,0,0,0,0,0,1,0,0,0,1,0,0,0,0,0,0,0,0,0,0
196645,0,0,0,0,0,0,0,0,0,0,0,0,1,0,0,0,1,0,0,0,0,0,0,0,0,0,0
196695,0,0,0,0,0,0,0,0,0,0,0,0,1,0,0,0,1,0,0,0,0,0,0,0,0,0,0
196745,0,0,0,0,0,0,0,0,0,0,0,0,1,0,0,0,1,0,0,0,0,0,0,0,0,0,0
196795,0,0,0,0,0,0,0,0,0,0,0,0,1,0,0,0,1,0,0,0,0,0,0,0,0,0,0
196845,0,0,0,0,0,0,0,0,0,0,0,0,1,0,0,0,1,0,0,0,0,0,0,0,0,0,0
196895,0,0,0,0,0,0,0,0,0,0,0,0,1,0,0,0,1,0,0,0,0,0,0,0,0,0,0
196945,0,0,0,0,0,0,0,0,0,0,0,0,1,0,0,0,1,0,0,0,0,0,0,0,0,0,0
196995,0,0,0,0,0,0,0,0,0,0,0,0,1,0,0,0,1,0,0,0,0,0,0,0,0,0,0
197045,0,0,0,0,0,0,0,0,0,0,0,0,1,0,0,0,1,0,0,0,0,0,0,0,0,0,0
197095,0,0,0,0,0,0,0,0,0,0,0,0,1,0,0,0,1,0,0,0,0,0,0,0,0,0,0
197145,0,0,0,0,0,0,0,0,0,0,0,0,1,0,0,0,1,0,0,0,0,0,0,0,0,0,0
197195,0,0,0,0,0,0,0,0,0,0,0,0,1,0,0,0,1,0,0,0,0,0,0,0,0,0,0
197245,0,0,0,0,0,0,0,0,0,0,0,0,1,0,0,0,1,0,0,0,0,0,0,0,0,0,0
197295,0,0,0,0,0,0,0,0,0,0,0,0,1,0,0,0,1,0,0,0,0,0,0,0,0,0,0
197345,0,0,0,0,0,0,0,0,0,0,0,0,1,0,0,0,1,0,0,0,0,0,0,0,0,0,0
197395,0,0,0,0,0,0,0,0,0,0,0,0,1,0,0,0,1,0,0,0,0,0,0,0,0,0,0
197445,0,0,0,0,0,0,0,0,0,0,0,0,1,0,0,0,1,0,0,0,0,0,0,0,0,0,0
197495,0,0,0,0,0,0,0,0,0,0,0,0,1,0,0,0,1,0,0,0,0,0,0,0,0,0,0
197545,0,0,0,0,0,0,0,0,0,0,0,0,1,0,0,0,1,0,0,0,0,0,0,0,0,0,0
197595,0,0,0,0,0,0,0,0,0,0,0,0,1,0,0,0,1,0,0,0,0,0,0,0,0,0,0
197645,0,0,0,0,0,0,0,0,0,0,0,0,1,0,0,0,1,0,0,0,0,0,0,0,0,0,0
197695,0,0,0,0,0,0,0,0,0,0,0,0,1,0,0,0,1,0,0,0,0,0,0,0,0,0,0
197745,0,0,0,0,0,0,0,0,0,0,0,0,1,0,0,0,1,0,0,0,0,0,0,0,0,0,0
197795,0,0,0,0,0,0,0,0,0,0,0,0,1,0,0,0,1,0,0,0,0,0,0,0,0,0,0
197845,0,0,0,0,0,0,0,0,0,0,0,0,1,0,0,0,1,0,0,0,0,0,0,0,0,0,0
197895,0,0,0,0,0,0,0,0,0,0,0,0,1,0,0,0,1,0,0,0,0,0,0,0,0,0,0
197945,0,0,0,0,0,0,0,0,0,0,0,0,1,0,0,0,1,0,0,0,0,0,0,0,0,0,0
197995,0,0,0,0,0,0,0,0,0,0,0,0,1,0,0,0,1,0,0,0,0,0,0,0,0,0,0
198045,0,0,0,0,0,0,0,0,0,0,0,0,1,0,0,0,1,0,0,0,0,0,0,0,0,0,0
198095,0,0,0,0,0,0,0,0,0,0,0,0,1,0,0,0,1,0,0,0,0,0,0,0,0,0,0
198145,0,0,0,0,0,0,0,0,0,0,0,0,1,0,0,0,1,0,0,0,0,0,0,0,0,0,0
198195,0,0,0,0,0,0,0,0,0,0,0,0,1,0,0,0,1,0,0,0,0,0,0,0,0,0,0
198245,0,0,0,0,0,0,0,0,0,0,0,0,1,0,0,0,1,0,0,0,0,0,0,0,0,0,0
198295,0,0,0,0,0,0,0,0,0,0,0,0,1,0,0,0,1,0,0,0,0,0,0,0,0,0,0
198345,0,0,0,0,0,0,0,0,0,0,0,0,1,0,0,0,1,0,0,0,0,0,0,0,0,0,0
198395,0,0,0,0,0,0,0,0,0,0,0,0,1,0,0,0,1,0,0,0,0,0,0,0,0,0,0
198445,0,0,0,0,0,0,0,0,0,0,0,0,1,0,0,0,1,0,0,0,0,0,0,0,0,0,0
198495,0,0,0,0,0,0,0,0,0,0,0,0,1,0,0,0,1,0,0,0,0,0,0,0,0,0,0
198545,0,0,0,0,0,0,0,0,0,0,0,0,1,0,0,0,1,0,0,0,0,0,0,0,0,0,0
198595,0,0,0,0,0,0,0,0,0,0,0,0,1,0,0,0,1,0,0,0,0,0,0,0,0,0,0
198645,0,0,0,0,0,0,0,0,0,0,0,0,1,0,0,0,1,0,0,0,0,0,0,0,0,0,0
198695,0,0,0,0,0,0,0,0,0,0,0,0,1,0,0,0,1,0,0,0,0,0,0,0,0,0,0
198745,0,0,0,0,0,0,0,0,0,0,0,0,1,0,0,0,1,0,0,0,0,0,0,0,0,0,0
198795,0,0,0,0,0,0,0,0,0,0,0,0,1,0,0,0,1,0,0,0,0,0,0,0,0,0,0
198845,0,0,0,0,0,0,0,0,0,0,0,0,1,0,0,0,1,0,0,0,0,0,0,0,0,0,0
198895,0,0,0,0,0,0,0,0,0,0,0,0,1,0,0,0,1,0,0,0,0,0,0,0,0,0,0
198945,0,0,0,0,0,0,0,0,0,0,0,0,1,0,0,0,1,0,0,0,0,0,0,0,0,0,0
198995,0,0,0,0,0,0,0,0,0,0,0,0,1,0,0,0,1,0,0,0,0,0,0,0,0,0,0
199045,0,0,0,0,0,0,0,0,0,0,0,0,1,0,0,0,1,0,0,0,0,0,0,0,0,0,0
199095,0,0,0,0,0,0,0,0,0,0,0,0,1,0,0,0,1,0,0,0,0,0,0,0,0,0,0
199145,0,0,0,0,0,0,0,0,0,0,0,0,1,0,0,0,1,0,0,0,0,0,0,0,0,0,0
199195,0,0,0,0,0,0,0,0,0,0,0,0,1,0,0,0,1,0,0,0,0,0,0,0,0,0,0
199245,0,0,0,0,0,0,0,0,0,0,0,0,1,0,0,0,1,0,0,0,0,0,0,0,0,0,0
199295,0,0,0,0,0,0,0,0,0,0,0,0,1,0,0,0,1,0,0,0,0,0,0,0,0,0,0
199345,0,0,0,0,0,0,0,0,0,0,0,0,1,0,0,0,1,0,0,0,0,0,0,0,0,0,0
199395,0,0,0,0,0,0,0,0,0,0,0,0,1,0,0,0,1,0,0,0,0,0,0,0,0,0,0
199445,0,0,0,0,0,0,0,0,0,0,0,0,1,0,0,0,1,0,0,0,0,0,0,0,0,0,0
199495,0,0,0,0,0,0,0,0,0,0,0,0,1,0,0,0,1,0,0,0,0,0,0,0,0,0,0
199545,0,0,0,0,0,0,0,0,0,0,0,0,1,0,0,0,1,0,0,0,0,0,0,0,0,0,0
199595,0,0,0,0,0,0,0,0,0,0,0,0,1,0,0,0,1,0,0,0,0,0,0,0,0,0,0
199645,0,0,0,0,0,0,0,0,0,0,0,0,1,0,0,0,1,0,0,0,0,0,0,0,0,0,0
199695,0,0,0,0,0,0,0,0,0,0,0,0,1,0,0,0,1,0,0,0,0,0,0,0,0,0,0
199745,0,0,0,0,0,0,0,0,0,0,0,0,1,0,0,0,1,0,0,0,0,0,0,0,0,0,0
199795,0,0,0,0,0,0,0,0,0,0,0,0,1,0,0,0,1,0,0,0,0,0,0,0,0,0,0
199845,0,0,0,0,0,0,0,0,0,0,0,0,1,0,0,0,1,0,0,0,0,0,0,0,0,0,0
199895,0,0,0,0,0,0,0,0,0,0,0,0,1,0,0,0,1,0,0,0,0,0,0,0,0,0,0
199945,0,0,0,0,0,0,0,0,0,0,0,0,1,0,0,0,1,0,0,0,0,0,0,0,0,0,0
199995,0,0,0,0,0,0,0,0,0,0,0,0,1,0,0,0,1,0,0,0,0,0,0,0,0,0,0
200045,0,0,0,0,0,0,0,0,0,0,0,0,1,0,0,0,1,0,0,0,0,0,0,0,0,0,0
200095,0,0,0,0,0,0,0,0,0,0,0,0,1,0,0,0,1,0,0,0,0,0,0,0,0,0,0
200145,0,0,0,0,0,0,0,0,0,0,0,0,1,0,0,0,1,0,0,0,0,0,0,0,0,0,0
200195,0,0,0,0,0,0,0,0,0,0,0,0,1,0,0,0,1,0,0,0,0,0,0,0,0,0,0
200245,0,0,0,0,0,0,0,0,0,0,0,0,1,0,0,0,1,0,0,0,0,0,0,0,0,0,0
200295,0,0,0,0,0,0,0,0,0,0,0,0,1,0,0,0,1,0,0,0,0,0,0,0,0,0,0
200345,0,0,0,0,0,0,0,0,0,0,0,0,1,0,0,0,1,0,0,0,0,0,0,0,0,0,0
200395,0,0,0,0,0,0,0,0,0,0,0,0,1,0,0,0,1,0,0,0,0,0,0,0,0,0,0
200445,0,0,0,0,0,0,0,0,0,0,0,0,1,0,0,0,1,0,0,0,0,0,0,0,0,0,0
200495,0,0,0,0,0,0,0,0,0,0,0,0,1,0,0,0,1,0,0,0,0,0,0,0,0,0,0
200545,0,0,0,0,0,0,0,0,0,0,0,0,1,0,0,0,1,0,0,0,0,0,0,0,0,0,0
200595,0,0,0,0,0,0,0,0,0,0,0,0,1,0,0,0,1,0,0,0,0,0,0,0,0,0,0
200645,0,0,0,0,0,0,0,0,0,0,0,0,1,0,0,0,1,0,0,0,0,0,0,0,0,0,0
200695,0,0,0,0,0,0,0,0,0,0,0,0,1,0,0,0,1,0,0,0,0,0,0,0,0,0,0
200745,0,0,0,0,0,0,0,0,0,0,0,0,1,0,0,0,1,0,0,0,0,0,0,0,0,0,0
200795,0,0,0,0,0,0,0,0,0,0,0,0,1,0,0,0,1,0,0,0,0,0,0,0,0,0,0
200845,0,0,0,0,0,0,0,0,0,0,0,0,1,0,0,0,1,0,0,0,0,0,0,0,0,0,0
200895,0,0,0,0,0,0,0,0,0,0,0,0,1,0,0,0,1,0,0,0,0,0,0,0,0,0,0
200945,0,0,0,0,0,0,0,0,0,0,0,0,1,0,0,0,1,0,0,0,0,0,0,0,0,0,0
200995,0,0,0,0,0,0,0,0,0,0,0,0,1,0,0,0,1,0,0,0,0,0,0,0,0,0,0
201045,0,0,0,0,0,0,0,0,0,0,0,0,1,0,0,0,1,0,0,0,0,0,0,0,0,0,0
201095,0,0,0,0,0,0,0,0,0,0,0,0,1,0,0,0,1,0,0,0,0,0,0,0,0,0,0
201145,0,0,0,0,0,0,0,0,0,0,0,0,1,0,0,0,1,0,0,0,0,0,0,0,0,0,0
201195,0,0,0,0,0,0,0,0,0,0,0,0,1,0,0,0,1,0,0,0,0,0,0,0,0,0,0
201245,0,0,0,0,0,0,0,0,0,0,0,0,1,0,0,0,1,0,0,0,0,0,0,0,0,0,0
201295,0,0,0,0,0,0,0,0,0,0,0,0,1,0,0,0,1,0,0,0,0,0,0,0,0,0,0
201345,0,0,0,0,0,0,0,0,0,0,0,0,1,0,0,0,1,0,0,0,0,0,0,0,0,0,0
201395,0,0,0,0,0,0,0,0,0,0,0,0,1,0,0,0,1,0,0,0,0,0,0,0,0,0,0
201445,0,0,0,0,0,0,0,0,0,0,0,0,1,0,0,0,1,0,0,0,0,0,0,0,0,0,0
201495,0,0,0,0,0,0,0,0,0,0,0,0,1,0,0,0,1,0,0,0,0,0,0,0,0,0,0
201545,0,0,0,0,0,0,0,0,0,0,0,0,1,0,0,0,1,0,0,0,0,0,0,0,0,0,0
201595,0,0,0,0,0,0,0,0,0,0,0,0,1,0,0,0,1,0,0,0,0,0,0,0,0,0,0
201645,0,0,0,0,0,0,0,0,0,0,0,0,1,0,0,0,1,0,0,0,0,0,0,0,0,0,0
201695,0,0,0,0,0,0,0,0,0,0,0,0,1,0,0,0,1,0,0,0,0,0,0,0,0,0,0
201745,0,0,0,0,0,0,0,0,0,0,0,0,1,0,0,0,1,0,0,0,0,0,0,0,0,0,0
201795,0,0,0,0,0,0,0,0,0,0,0,0,1,0,0,0,1,0,0,0,0,0,0,0,0,0,0
201845,0,0,0,0,0,0,0,0,0,0,0,0,1,0,0,0,1,0,0,0,0,0,0,0,0,0,0
201895,0,0,0,0,0,0,0,0,0,0,0,0,1,0,0,0,1,0,0,0,0,0,0,0,0,0,0
201945,0,0,0,0,0,0,0,0,0,0,0,0,1,0,0,0,1,0,0,0,0,0,0,0,0,0,0
201995,0,0,0,0,0,0,0,0,0,0,0,0,1,0,0,0,1,0,0,0,0,0,0,0,0,0,0
202045,0,0,0,0,0,0,0,0,0,0,0,0,1,0,0,0,1,0,0,0,0,0,0,0,0,0,0
202095,0,0,0,0,0,0,0,0,0,0,0,0,1,0,0,0,1,0,0,0,0,0,0,0,0,0,0
202145,0,0,0,0,0,0,0,0,0,0,0,0,1,0,0,0,1,0,0,0,0,0,0,0,0,0,0
202195,0,0,0,0,0,0,0,0,0,0,0,0,1,0,0,0,1,0,0,0,0,0,0,0,0,0,0
202245,0,0,0,0,0,0,0,0,0,0,0,0,1,0,0,0,1,0,0,0,0,0,0,0,0,0,0
202295,0,0,0,0,0,0,0,0,0,0,0,0,1,0,0,0,1,0,0,0,0,0,0,0,0,0,0
202345,0,0,0,0,0,0,0,0,0,0,0,0,1,0,0,0,1,0,0,0,0,0,0,0,0,0,0
202395,0,0,0,0,0,0,0,0,0,0,0,0,1,0,0,0,1,0,0,0,0,0,0,0,0,0,0
202445,0,0,0,0,0,0,0,0,0,0,0,0,1,0,0,0,1,0,0,0,0,0,0,0,0,0,0
202495,0,0,0,0,0,0,0,0,0,0,0,0,1,0,0,0,1,0,0,0,0,0,0,0,0,0,0
202545,0,0,0,0,0,0,0,0,0,0,0,0,1,0,0,0,1,0,0,0,0,0,0,0,0,0,0
202595,0,0,0,0,0,0,0,0,0,0,0,0,1,0,0,0,1,0,0,0,0,0,0,0,0,0,0
202645,0,0,0,0,0,0,0,0,0,0,0,0,1,0,0,0,1,0,0,0,0,0,0,0,0,0,0
202695,0,0,0,0,0,0,0,0,0,0,0,0,1,0,0,0,1,0,0,0,0,0,0,0,0,0,0
202745,0,0,0,0,0,0,0,0,0,0,0,0,1,0,0,0,1,0,0,0,0,0,0,0,0,0,0
202795,0,0,0,0,0,0,0,0,0,0,0,0,1,0,0,0,1,0,0,0,0,0,0,0,0,0,0
202845,0,0,0,0,0,0,0,0,0,0,0,0,1,0,0,0,1,0,0,0,0,0,0,0,0,0,0
202895,0,0,0,0,0,0,0,0,0,0,0,0,1,0,0,0,1,0,0,0,0,0,0,0,0,0,0
202945,0,0,0,0,0,0,0,0,0,0,0,0,1,0,0,0,1,0,0,0,0,0,0,0,0,0,0
202995,0,0,0,0,0,0,0,0,0,0,0,0,1,0,0,0,1,0,0,0,0,0,0,0,0,0,0
203045,0,0,0,0,0,0,0,0,0,0,0,0,1,0,0,0,1,0,0,0,0,0,0,0,0,0,0
203095,0,0,0,0,0,0,0,0,0,0,0,0,1,0,0,0,1,0,0,0,0,0,0,0,0,0,0
203145,0,0,0,0,0,0,0,0,0,0,0,0,1,0,0,0,1,0,0,0,0,0,0,0,0,0,0
203195,0,0,0,0,0,0,0,0,0,0,0,0,1,0,0,0,1,0,0,0,0,0,0,0,0,0,0
203245,0,0,0,0,0,0,0,0,0,0,0,0,1,0,0,0,1,0,0,0,0,0,0,0,0,0,0
203295,0,0,0,0,0,0,0,0,0,0,0,0,1,0,0,0,1,0,0,0,0,0,0,0,0,0,0
203345,0,0,0,0,0,0,0,0,0,0,0,0,1,0,0,0,1,0,0,0,0,0,0,0,0,0,0
203395,0,0,0,0,0,0,0,0,0,0,0,0,1,0,0,0,1,0,0,0,0,0,0,0,0,0,0
203445,0,0,0,0,0,0,0,0,0,0,0,0,1,0,0,0,1,0,0,0,0,0,0,0,0,0,0
203495,0,0,0,0,0,0,0,0,0,0,0,0,1,0,0,0,1,0,0,0,0,0,0,0,0,0,0
203545,0,0,0,0,0,0,0,0,0,0,0,0,1,0,0,0,1,0,0,0,0,0,0,0,0,0,0
203595,0,0,0,0,0,0,0,0,0,0,0,0,1,0,0,0,1,0,0,0,0,0,0,0,0,0,0
203645,0,0,0,0,0,0,0,0,0,0,0,0,1,0,0,0,1,0,0,0,0,0,0,0,0,0,0
203695,0,0,0,0,0,0,0,0,0,0,0,0,1,0,0,0,1,0,0,0,0,0,0,0,0,0,0
203745,0,0,0,0,0,0,0,0,0,0,0,0,1,0,0,0,1,0,0,0,0,0,0,0,0,0,0
203795,0,0,0,0,0,0,0,0,0,0,0,0,1,0,0,0,1,0,0,0,0,0,0,0,0,0,0
203845,0,0,0,0,0,0,0,0,0,0,0,0,1,0,0,0,1,0,0,0,0,0,0,0,0,0,0
203895,0,0,0,0,0,0,0,0,0,0,0,0,1,0,0,0,1,0,0,0,0,0,0,0,0,0,0
203945,0,0,0,0,0,0,0,0,0,0,0,0,1,0,0,0,1,0,0,0,0,0,0,0,0,0,0
203995,0,0,0,0,0,0,0,0,0,0,0,0,1,0,0,0,1,0,0,0,0,0,0,0,0,0,0
204045,0,0,0,0,0,0,0,0,0,0,0,0,1,0,0,0,1,0,0,0,0,0,0,0,0,0,0
204095,0,0,0,0,0,0,0,0,0,0,0,0,1,0,0,0,1,0,0,0,0,0,0,0,0,0,0
204145,0,0,0,0,0,0,0,0,0,0,0,0,1,0,0,0,1,0,0,0,0,0,0,0,0,0,0
204195,0,0,0,0,0,0,0,0,0,0,0,0,1,0,0,0,1,0,0,0,0,0,0,0,0,0,0
204245,0,0,0,0,0,0,0,0,0,0,0,0,1,0,0,0,1,0,0,0,0,0,0,0,0,0,0
204295,0,0,0,0,0,0,0,0,0,0,0,0,1,0,0,0,1,0,0,0,0,0,0,0,0,0,0
204345,0,0,0,0,0,0,0,0,0,0,0,0,1,0,0,0,1,0,0,0,0,0,0,0,0,0,0
204395,0,0,0,0,0,0,0,0,0,0,0,0,1,0,0,0,1,0,0,0,0,0,0,0,0,0,0
204445,0,0,0,0,0,0,0,0,0,0,0,0,1,0,0,0,1,0,0,0,0,0,0,0,0,0,0
204495,0,0,0,0,0,0,0,0,0,0,0,0,1,0,0,0,1,0,0,0,0,0,0,0,0,0,0
204545,0,0,0,0,0,0,0,0,0,0,0,0,1,0,0,0,1,0,0,0,0,0,0,0,0,0,0
204595,0,0,0,0,0,0,0,0,0,0,0,0,1,0,0,0,1,0,0,0,0,0,0,0,0,0,0
204645,0,0,0,0,0,0,0,0,0,0,0,0,1,0,0,0,1,0,0,0,0,0,0,0,0,0,0
204695,0,0,0,0,0,0,0,0,0,0,0,0,1,0,0,0,1,0,0,0,0,0,0,0,0,0,0
204745,0,0,0,0,0,0,0,0,0,0,0,0,1,0,0,0,1,0,0,0,0,0,0,0,0,0,0
204795,0,0,0,0,0,0,0,0,0,0,0,0,1,0,0,0,1,0,0,0,0,0,0,0,0,0,0
204845,0,0,0,0,0,0,0,0,0,0,0,0,1,0,0,0,1,0,0,0,0,0,0,0,0,0,0
204895,0,0,0,0,0,0,0,0,0,0,0,0,1,0,0,0,1,0,0,0,0,0,0,0,0,0,0
204945,0,0,0,0,0,0,0,0,0,0,0,0,1,0,0,0,1,0,0,0,0,0,0,0,0,0,0
204995,0,0,0,0,0,0,0,0,0,0,0,0,1,0,0,0,1,0,0,0,0,0,0,0,0,0,0
205045,0,0,0,0,0,0,0,0,0,0,0,0,1,0,0,0,1,0,0,0,0,0,0,0,0,0,0
205095,0,0,0,0,0,0,0,0,0,0,0,0,1,0,0,0,1,0,0,0,0,0,0,0,0,0,0
205145,0,0,0,0,0,0,0,0,0,0,0,0,1,0,0,0,1,0,0,0,0,0,0,0,0,0,0
205195,0,0,0,0,0,0,0,0,0,0,0,0,1,0,0,0,1,0,0,0,0,0,0,0,0,0,0
205245,0,0,0,0,0,0,0,0,0,0,0,0,1,0,0,0,1,0,0,0,0,0,0,0,0,0,0
205295,0,0,0,0,0,0,0,0,0,0,0,0,1,0,0,0,1,0,0,0,0,0,0,0,0,0,0
205345,0,0,0,0,0,0,0,0,0,0,0,0,1,0,0,0,1,0,0,0,0,0,0,0,0,0,0
205395,0,0,0,0,0,0,0,0,0,0,0,0,1,0,0,0,1,0,0,0,0,0,0,0,0,0,0
205445,0,0,0,0,0,0,0,0,0,0,0,0,1,0,0,0,1,0,0,0,0,0,0,0,0,0,0
205495,0,0,0,0,0,0,0,0,0,0,0,0,1,0,0,0,1,0,0,0,0,0,0,0,0,0,0
205545,0,0,0,0,0,0,0,0,0,0,0,0,1,0,0,0,1,0,0,0,0,0,0,0,0,0,0
205595,0,0,0,0,0,0,0,0,0,0,0,0,1,0,0,0,1,0,0,0,0,0,0,0,0,0,0
205645,0,0,0,0,0,0,0,0,0,0,0,0,1,0,0,0,1,0,0,0,0,0,0,0,0,0,0
205695,0,0,0,0,0,0,0,0,0,0,0,0,1,0,0,0,1,0,0,0,0,0,0,0,0,0,0
205745,0,0,0,0,0,0,0,0,0,0,0,0,1,0,0,0,1,0,0,0,0,0,0,0,0,0,0
205795,0,0,0,0,0,0,0,0,0,0,0,0,1,0,0,0,1,0,0,0,0,0,0,0,0,0,0
205845,0,0,0,0,0,0,0,0,0,0,0,0,1,0,0,0,1,0,0,0,0,0,0,0,0,0,0
205895,0,0,0,0,0,0,0,0,0,0,0,0,1,0,0,0,1,0,0,0,0,0,0,0,0,0,0
205945,0,0,0,0,0,0,0,0,0,0,0,0,1,0,0,0,1,0,0,0,0,0,0,0,0,0,0
205995,0,0,0,0,0,0,0,0,0,0,0,0,1,0,0,0,1,0,0,0,0,0,0,0,0,0,0
206045,0,0,0,0,0,0,0,0,0,0,0,0,1,0,0,0,1,0,0,0,0,0,0,0,0,0,0
206095,0,0,0,0,0,0,0,0,0,0,0,0,1,0,0,0,1,0,0,0,0,0,0,0,0,0,0
206145,0,0,0,0,0,0,0,0,0,0,0,0,1,0,0,0,1,0,0,0,0,0,0,0,0,0,0
206195,0,0,0,0,0,0,0,0,0,0,0,0,1,0,0,0,1,0,0,0,0,0,0,0,0,0,0
206245,0,0,0,0,0,0,0,0,0,0,0,0,1,0,0,0,1,0,0,0,0,0,0,0,0,0,0
206295,0,0,0,0,0,0,0,0,0,0,0,0,1,0,0,0,1,0,0,0,0,0,0,0,0,0,0
206345,0,0,0,0,0,0,0,0,0,0,0,0,1,0,0,0,1,0,0,0,0,0,0,0,0,0,0
206395,0,0,0,0,0,0,0,0,0,0,0,0,1,0,0,0,1,0,0,0,0,0,0,0,0,0,0
206445,0,0,0,0,0,0,0,0,0,0,0,0,1,0,0,0,1,0,0,0,0,0,0,0,0,0,0
206495,0,0,0,0,0,0,0,0,0,0,0,0,1,0,0,0,1,0,0,0,0,0,0,0,0,0,0
206545,0,0,0,0,0,0,0,0,0,0,0,0,1,0,0,0,1,0,0,0,0,0,0,0,0,0,0
206595,0,0,0,0,0,0,0,0,0,0,0,0,1,0,0,0,1,0,0,0,0,0,0,0,0,0,0
206645,0,0,0,0,0,0,0,0,0,0,0,0,1,0,0,0,1,0,0,0,0,0,0,0,0,0,0
206695,0,0,0,0,0,0,0,0,0,0,0,0,1,0,0,0,1,0,0,0,0,0,0,0,0,0,0
206745,0,0,0,0,0,0,0,0,0,0,0,0,1,0,0,0,1,0,0,0,0,0,0,0,0,0,0
206795,0,0,0,0,0,0,0,0,0,0,0,0,1,0,0,0,1,0,0,0,0,0,0,0,0,0,0
206845,0,0,0,0,0,0,0,0,0,0,0,0,1,0,0,0,1,0,0,0,0,0,0,0,0,0,0
206895,0,0,0,0,0,0,0,0,0,0,0,0,1,0,0,0,1,0,0,0,0,0,0,0,0,0,0
206945,0,0,0,0,0,0,0,0,0,0,0,0,1,0,0,0,1,0,0,0,0,0,0,0,0,0,0
206995,0,0,0,0,0,0,0,0,0,0,0,0,1,0,0,0,1,0,0,0,0,0,0,0,0,0,0
207045,0,0,0,0,0,0,0,0,0,0,0,0,1,0,0,0,1,0,0,0,0,0,0,0,0,0,0
207095,0,0,0,0,0,0,0,0,0,0,0,0,1,0,0,0,1,0,0,0,0,0,0,0,0,0,0
207145,0,0,0,0,0,0,0,0,0,0,0,0,1,0,0,0,1,0,0,0,0,0,0,0,0,0,0
207195,0,0,0,0,0,0,0,0,0,0,0,0,1,0,0,0,1,0,0,0,0,0,0,0,0,0,0
207245,0,0,0,0,0,0,0,0,0,0,0,0,1,0,0,0,1,0,0,0,0,0,0,0,0,0,0
207295,0,0,0,0,0,0,0,0,0,0,0,0,1,0,0,0,1,0,0,0,0,0,0,0,0,0,0
207345,0,0,0,0,0,0,0,0,0,0,0,0,1,0,0,0,1,0,0,0,0,0,0,0,0,0,0
207395,0,0,0,0,0,0,0,0,0,0,0,0,1,0,0,0,1,0,0,0,0,0,0,0,0,0,0
207445,0,0,0,0,0,0,0,0,0,0,0,0,1,0,0,0,1,0,0,0,0,0,0,0,0,0,0
207495,0,0,0,0,0,0,0,0,0,0,0,0,1,0,0,0,1,0,0,0,0,0,0,0,0,0,0
207545,0,0,0,0,0,0,0,0,0,0,0,0,1,0,0,0,1,0,0,0,0,0,0,0,0,0,0
207595,0,0,0,0,0,0,0,0,0,0,0,0,1,0,0,0,1,0,0,0,0,0,0,0,0,0,0
207645,0,0,0,0,0,0,0,0,0,0,0,0,1,0,0,0,1,0,0,0,0,0,0,0,0,0,0
207695,0,0,0,0,0,0,0,0,0,0,0,0,1,0,0,0,1,0,0,0,0,0,0,0,0,0,0
207745,0,0,0,0,0,0,0,0,0,0,0,0,1,0,0,0,1,0,0,0,0,0,0,0,0,0,0
207795,0,0,0,0,0,0,0,0,0,0,0,0,1,0,0,0,1,0,0,0,0,0,0,0,0,0,0
207845,0,0,0,0,0,0,0,0,0,0,0,0,1,0,0,0,1,0,0,0,0,0,0,0,0,0,0
207895,0,0,0,0,0,0,0,0,0,0,0,0,1,0,0,0,1,0,0,0,0,0,0,0,0,0,0
207945,0,0,0,0,0,0,0,0,0,0,0,0,1,0,0,0,1,0,0,0,0,0,0,0,0,0,0
207995,0,0,0,0,0,0,0,0,0,0,0,0,1,0,0,0,1,0,0,0,0,0,0,0,0,0,0
208045,0,0,0,0,0,0,0,0,0,0,0,0,1,0,0,0,1,0,0,0,0,0,0,0,0,0,0
208095,0,0,0,0,0,0,0,0,0,0,0,0,1,0,0,0,1,0,0,0,0,0,0,0,0,0,0
208145,0,0,0,0,0,0,0,0,0,0,0,0,1,0,0,0,1,0,0,0,0,0,0,0,0,0,0
208195,0,0,0,0,0,0,0,0,0,0,0,0,1,0,0,0,1,0,0,0,0,0,0,0,0,0,0
208245,0,0,0,0,0,0,0,0,0,0,0,0,1,0,0,0,1,0,0,0,0,0,0,0,0,0,0
208295,0,0,0,0,0,0,0,0,0,0,0,0,1,0,0,0,1,0,0,0,0,0,0,0,0,0,0
208345,0,0,0,0,0,0,0,0,0,0,0,0,1,0,0,0,1,0,0,0,0,0,0,0,0,0,0
