ts,x,y,yaw,x_des,y_des,yaw_des,v_ff,w_ff,v_actual,w_actual,omega_l_cmd,omega_r_cmd,omega_l_meas,omega_r_meas,duty_l,duty_r,x_err,y_err,yaw_err,x_raw,y_raw,yaw_raw,acc_x,acc_y,acc_z,gyro_x,gyro_y,gyro_z
63274,,,,,,,,,,,,,,,,,,,,,,,-0.016165,-0.008784,1.021872,0.140000,-0.560000,-0.210000
63275,,,,,,,,,,,,,0.000000,0.000000,0.000000,0.000000,,,,,,,,,,,,
63280,,,,,,,,,,,,,,,,,,,,-0.887405,-0.977715,0.144123,,,,,,
63284,,,,,,,,,,,,,,,,,,,,,,,-0.016165,-0.008784,1.021872,-2.240000,-1.330000,-0.420000
63285,,,,,,,,,,,,,0.000000,0.000000,0.000000,0.000000,,,,,,,,,,,,
63288,,,,,,,,,,,,,,,,,,,,-0.887412,-0.977713,0.144123,,,,,,
63294,,,,,,,,,,,,,,,,,,,,,,,-0.015616,-0.008418,1.022299,0.070000,-0.140000,-0.490000
63295,,,,,,,,,,,,,0.000000,0.000000,0.000000,0.000000,,,,-0.887409,-0.977718,0.144123,,,,,,
63304,,,,,,,,,,,,,,,,,,,,,,,-0.015616,-0.008418,1.022299,3.220000,0.420000,-0.140000
63305,,,,,,,,,,,,,0.000000,0.000000,0.000000,0.000000,,,,,,,,,,,,
63310,,,,,,,,,,,,,,,,,,,,-0.887401,-0.977716,0.144109,,,,,,
63315,,,,,,,,,,,,,0.000000,0.000000,0.000000,0.000000,,,,,,,-0.015982,-0.007869,1.021933,-0.560000,-0.840000,-0.070000
63317,,,,,,,,,,,,,,,,,,,,-0.887388,-0.977718,0.144123,,,,,,
63324,,,,-0.999909,-1.000000,0.004439,0.000695,0.033584,,,,,,,,,,,,,,,,,,,,
63326,,,,,,,,,,,-0.072706,0.094807,,,,,-0.114555,-0.005890,-0.139684,,,,,,,,,
63327,,,,,,,,,,,,,0.000000,0.000000,-0.003340,0.004356,,,,,,,,,,,,
63328,,,,,,,,,,,,,,,,,,,,,,,-0.015982,-0.007869,1.021933,-2.800000,-1.260000,-0.420000
63325,,,,,,,,,,,,,,,,,,,,-0.887388,-0.977714,0.144123,,,,,,
63342,,,,,,,,,,,,,0.000000,0.000000,-0.003377,0.004404,,,,,,,,,,,,
63340,,,,,,,,,,,,,,,,,,,,-0.887384,-0.977713,0.144123,,,,,,
63345,,,,,,,,,,,,,,,,,,,,,,,-0.015555,-0.007869,1.021933,1.470000,0.140000,0.000000
63347,,,,,,,,,,,,,,,,,,,,-0.887393,-0.977707,0.144109,,,,,,
63350,,,,,,,,,,,,,,,,,,,,,,,-0.015555,-0.008113,1.022360,0.630000,-1.190000,-0.280000
63355,,,,,,,,,,,,,,,-0.003414,0.004452,,,,-0.887394,-0.977704,0.144109,-0.015555,-0.008113,1.022360,-2.940000,-1.400000,-0.420000
63356,,,,,,,,,,,,,0.000000,0.000000,,,,,,,,,,,,,,
63364,,,,,,,,,,,,,,,,,,,,,,,-0.015555,-0.008113,1.022360,0.140000,-0.420000,-0.140000
63365,,,,,,,,,,,,,0.000000,0.000000,-0.003451,0.004500,,,,,,,,,,,,
63371,,,,,,,,,,,,,,,,,,,,-0.887412,-0.977704,0.144109,,,,,,
63374,,,,-0.999697,-0.999998,0.014820,0.002717,0.132075,,,,,,,,,,,,,,,,,,,,
63376,,,,,,,,,,,-0.198994,0.460969,,,,,-0.114325,-0.005936,-0.129290,,,,,,,,,
63377,,,,,,,,,,,,,0.000000,0.000000,-0.009294,0.021381,,,,,,,-0.015433,-0.009028,1.016748,-2.730000,-1.470000,-0.280000
63379,,,,,,,,,,,,,,,,,,,,-0.887421,-0.977711,0.144109,,,,,,
63384,,,,,,,,,,,,,,,,,,,,,,,-0.015433,-0.007991,1.022787,-0.140000,-0.140000,-0.420000
63385,,,,,,,,,,,,,0.000000,0.000000,-0.009395,0.021615,,,,,,,,,,,,
63387,,,,,,,,,,,,,,,,,,,,-0.887395,-0.977724,0.144123,,,,,,
63402,,,,,,,,,,,,,,,-0.009496,0.021848,,,,,,,,,,,,
63403,,,,,,,,,,,,,0.000000,0.000000,,,,,,,,,,,,,,
63395,,,,,,,,,,,,,,,,,,,,-0.887402,-0.977714,0.144109,,,,,,
63405,,,,,,,,,,,,,,,,,,,,,,,-0.016043,-0.007991,1.022787,3.080000,0.350000,0.000000
63409,,,,,,,,,,,,,,,,,,,,-0.887397,-0.977721,0.144123,-0.016043,-0.006710,1.022726,-2.450000,-1.400000,-0.140000
63414,,,,,,,,,,,,,,,,,,,,,,,-0.016043,-0.006710,1.022726,-2.590000,-1.330000,-0.350000
63415,,,,,,,,,,,,,0.000000,0.000000,-0.009597,0.022082,,,,,,,,,,,,
63417,,,,,,,,,,,,,,,,,,,,-0.887398,-0.977722,0.144123,,,,,,
63424,,,,-0.999296,-0.999988,0.034878,0.005950,0.293680,,,,,,,,,,,,,,,,,,,,
63426,,,,,,,,,,,-0.412801,1.059832,,,,,-0.113935,-0.005965,-0.109244,,,,,,,,,
63427,,,,,,,,,,,,,0.000000,0.000000,-0.019543,0.049887,,,,,,,,,,,,
63428,,,,,,,,,,,,,,,,,,,,,,,-0.016043,-0.007991,1.022726,1.190000,0.280000,-0.420000
63425,,,,,,,,,,,,,,,,,,,,-0.887388,-0.977716,0.144123,,,,,,
63434,,,,,,,,,,,,,,,,,,,,,,,-0.016043,-0.007991,1.022726,2.660000,0.210000,-0.070000
63435,,,,,,,,,,,,,0.000000,0.000000,-0.019752,0.050425,,,,,,,,,,,,
63440,,,,,,,,,,,,,,,,,,,,-0.887391,-0.977716,0.144123,,,,,,
63444,,,,,,,,,,,,,,,,,,,,,,,-0.016287,-0.007137,1.018456,-0.980000,-0.700000,-0.070000
63445,,,,,,,,,,,,,0.000000,0.000000,-0.019962,0.050963,,,,,,,,,,,,
63448,,,,,,,,,,,,,,,,,,,,-0.887377,-0.977714,0.144123,,,,,,
63462,,,,,,,,,,,,,0.000000,0.000000,-0.020171,0.051501,,,,,,,,,,,,
63456,,,,,,,,,,,,,,,,,,,,-0.887347,-0.977709,0.144109,,,,,,
63465,,,,,,,,,,,,,,,,,,,,,,,-0.016287,-0.007137,1.018456,0.140000,-0.560000,-0.210000
63470,,,,,,,,,,,,,,,,,,,,,,,-0.016104,-0.007869,1.019005,-0.070000,-0.350000,-0.280000
63474,,,,-0.998660,-0.999955,0.067933,0.010237,0.519651,,,,,,,,,,,,,,,,,,,,
63476,,,,,,,,,,,-0.729990,1.890354,,,,,-0.113350,-0.006029,-0.076177,,,,,,,,,
63477,,,,,,,,,,,,,0.000000,0.000000,-0.035019,0.090365,,,,,,,,,,,,
63471,,,,,,,,,,,,,,,,,,,,-0.887378,-0.977697,0.144123,,,,,,
63478,,,,,,,,,,,,,,,,,,,,,,,-0.016104,-0.007869,1.019005,0.000000,-0.420000,-0.210000
63479,,,,,,,,,,,,,,,,,,,,-0.887376,-0.977689,0.144123,,,,,,
63484,,,,,,,,,,,,,,,,,,,,,,,-0.014701,-0.008418,1.022482,0.140000,-0.490000,-0.210000
63485,,,,,,,,,,,,,0.000000,0.616767,-0.035390,0.062912,,,,,,,,,,,,
63487,,,,,,,,,,,,,,,,,,,,-0.887387,-0.977686,0.144109,,,,,,
63494,,,,,,,,,,,,,,,,,,,,,,,-0.014701,-0.008418,1.022482,-0.210000,-2.940000,4.690000
63495,,,,,,,,,,,,,0.000000,0.518947,-0.035761,0.068067,,,,-0.887385,-0.977681,0.144109,,,,,,
63504,,,,,,,,,,,,,,,,,,,,,,,0.000183,-0.007991,1.024983,-0.140000,0.420000,5.950000
63505,,,,,,,,,,,,,0.000000,0.436642,-0.036132,0.072556,,,,,,,,,,,,
63523,,,,,,,,,,,,,0.000000,0.367391,-0.036504,0.076485,,,,,,,,,,,,
63518,,,,,,,,,,,,,,,,,,,,-0.887318,-0.977695,0.146885,,,,,,
63525,,,,-0.997753,-0.999871,0.117594,0.015375,0.814588,,,,,,,,,,,,,,,,,,,,
63527,,,,,,,,,,,-1.180349,2.957946,,,,,-0.112502,-0.005766,-0.029360,,,,,,,,,
63528,,,,,,,,,,,,,,,,,,,,,,,0.000183,-0.007991,1.024983,-0.210000,-0.280000,6.300000
63526,,,,,,,,,,,,,,,,,,,,-0.887272,-0.977669,0.146885,,,,,,
63533,,,,,,,,,,,,,,,,,,,,,,,-0.009272,-0.004880,1.021750,-0.070000,0.420000,5.320000
63535,,,,,,,,,,,,,0.000000,0.309122,-0.057715,0.129336,,,,,,,,,,,,
63538,,,,,,,,,,,,,,,,,,,,,,,-0.013115,-0.010614,1.016687,0.070000,-0.070000,6.300000
63541,,,,,,,,,,,,,,,,,,,,-0.887216,-0.977669,0.149660,,,,,,
63544,,,,,,,,,,,,,,,,,,,,,,,-0.013115,-0.010614,1.016687,-0.280000,-0.350000,5.600000
63545,,,,,,,,,,,,,-0.548271,0.808367,-0.033016,0.107647,,,,,,,,,,,,
63549,,,,,,,,,,,,,,,,,,,,-0.887178,-0.977650,0.149660,,,,,,
63554,,,,,,,,,,,,,,,,,,,,,,,0.020618,-0.003843,1.038342,-0.980000,-6.370000,21.559999
63555,,,,,,,,,,,,,-0.461316,0.680160,-0.037351,0.114659,,,,,,,,,,,,
63557,,,,,,,,,,,,,,,,,,,,-0.887145,-0.977615,0.152423,,,,,,
63564,,,,,,,,,,,,,,,,,,,,,,,0.020618,-0.003843,1.038342,-1.960000,-0.770000,32.970001
63565,,,,,,,,,,,,,-0.388151,1.118194,-0.041094,0.095607,,,,-0.886989,-0.977551,0.157975,,,,,,
63582,,,,,,,,,,,,,-0.326590,1.616712,-0.044338,0.073539,,,,,,,,,,,,
63584,,,,-0.996557,-0.999687,0.187734,0.021136,1.184890,,,,,,,,,,,,,,,,,,,,
63586,,,,,,,,,,,-1.802372,4.268611,,,,,-0.111706,-0.004541,0.029087,,,,,,,,,
63580,,,,,,,,,,,,,,,,,,,,-0.886715,-0.977425,0.163516,,,,,,
63588,,,,,,,,,,,,,,,,,,,,-0.886356,-0.977118,0.177418,0.049349,-0.000183,1.020042,-2.240000,-2.380000,62.299999
63593,,,,,,,,,,,,,,,,,,,,,,,0.022143,-0.003111,1.014308,-2.520000,4.060000,60.549999
63595,,,,,,,,,,,,,-0.274793,2.153460,-0.076002,0.110121,,,,,,,,,,,,
63596,,,,,,,,,,,,,,,,,,,,-0.885986,-0.976976,0.191275,,,,,,
63599,,,,,,,,,,,,,,,,,,,,,,,0.022143,-0.003111,1.014308,-2.240000,2.450000,51.310001
63604,,,,,,,,,,,,,,,,,,,,,,,0.022143,-0.003111,1.014308,-1.820000,-3.430000,45.990002
63605,,,,,,,,,,,,,-0.779924,2.360634,-0.053428,0.101623,,,,,,,,,,,,
63611,,,,,,,,,,,,,,,,,,,,-0.885586,-0.976832,0.196846,,,,,,
63614,,,,,,,,,,,,,,,,,,,,,,,0.038430,-0.007869,1.037366,-2.170000,-6.650000,63.980000
63615,,,,,,,,,,,,,-0.656228,3.083222,-0.059669,0.069190,,,,,,,,,,,,
63619,,,,,,,,,,,,,,,,,,,,-0.885136,-0.976627,0.210728,,,,,,
63625,,,,-0.995073,-0.999333,0.282036,0.027316,1.633369,,,,,,,,,,,,,,,,,,,,
63626,,,,,,,,,,,-2.610861,5.807896,,,,,,,,,,,,,,,,
63627,,,,,,,,,,,,,-0.552150,3.554278,-0.102607,0.119360,-0.112173,0.000693,0.072605,,,,,,,,,
63628,,,,,,,,,,,,,,,,,,,,-0.884673,-0.976313,0.221853,0.038430,-0.007869,1.037366,-3.080000,7.070000,58.660000
63642,,,,,,,,,,,,,,,-0.091503,0.097980,,,,,,,,,,,,
63643,,,,,,,,,,,,,-0.814678,4.040864,,,,,,,,,,,,,,
63636,,,,,,,,,,,,,,,,,,,,-0.884153,-0.976149,0.235785,,,,,,
63645,,,,,,,,,,,,,,,,,,,,,,,0.010736,-0.005429,1.002230,-1.470000,2.240000,67.339996
63650,,,,,,,,,,,,,,,,,,,,-0.883713,-0.975970,0.244161,0.014091,0.005185,1.044930,-3.150000,-5.950000,73.290001
63655,,,,,,,,,,,,,-1.107661,4.244367,-0.078855,0.089460,,,,,,,0.014091,0.005185,1.044930,-3.850000,-0.840000,90.300003
63658,,,,,,,,,,,,,,,,,,,,-0.883271,-0.975693,0.255333,,,,,,
63664,,,,,,,,,,,,,,,,,,,,,,,0.014091,0.005185,1.044930,-2.380000,9.940000,108.360001
63665,,,,,,,,,,,,,-1.480976,4.669189,-0.062336,0.070587,,,,,,,,,,,,
63666,,,,,,,,,,,,,,,,,,,,-0.882549,-0.975408,0.272084,,,,,,
63675,,,,-0.993319,-0.998709,0.402719,0.033823,2.146922,,,,,,,,,,,,,,,,,,,,
63677,,,,,,,,,,,-3.598155,7.546535,-1.722426,5.357653,-0.097626,0.120003,-0.112827,0.007349,0.130838,,,,,,,,,
63678,,,,,,,,,,,,,,,,,,,,,,,-0.062952,0.011895,1.008818,-6.300000,14.070000,119.419998
63681,,,,,,,,,,,,,,,,,,,,-0.881796,-0.974979,0.294425,,,,,,
63684,,,,,,,,,,,,,,,,,,,,,,,-0.062952,0.011895,1.008818,-4.270000,3.570000,121.029999
63685,,,,,,,,,,,,,-1.449249,5.799080,-0.111265,0.100645,,,,,,,,,,,,
63689,,,,,,,,,,,,,,,,,,,,-0.881168,-0.974638,0.316820,,,,,,
63702,,,,,,,,,,,,,-1.874566,6.189682,-0.092634,0.083418,,,,,,,,,,,,
63697,,,,,,,,,,,,,,,,,,,,-0.880683,-0.974314,0.336458,,,,,,
63705,,,,,,,,,,,,,,,,,,,,-0.880334,-0.973945,0.361754,-0.025864,-0.014945,1.017724,-3.430000,-10.010000,144.410004
63710,,,,,,,,,,,,,,,,,,,,,,,-0.007625,0.033672,1.028887,-5.390000,-11.270000,146.929993
63714,,,,,,,,,,,,,,,,,,,,,,,-0.007625,0.033672,1.028887,-4.060000,2.450000,149.729996
63715,,,,,,,,,,,,,,,-0.069197,0.053432,,,,,,,,,,,,
63716,,,,,,,,,,,,,-2.398716,6.850910,,,,,,,,,,,,,,
63721,,,,,,,,,,,,,,,,,,,,-0.880044,-0.973436,0.387105,,,,,,
63725,,,,-0.991336,-0.997687,0.548227,0.040794,2.676139,,,,,,,,,,,,,,,,,,,,
63727,,,,,,,,,,,-4.600061,9.351742,-2.495823,7.196986,-0.111907,0.121608,-0.112140,0.019412,0.163190,,,,,,,,,
63728,,,,,,,,,,,,,,,,,,,,,,,-0.039955,-0.033367,1.011563,-6.790000,0.910000,162.259995
63729,,,,,,,,,,,,,,,,,,,,-0.879515,-0.972949,0.418229,,,,,,
63742,,,,,,,,,,,,,-2.811760,7.834980,-0.098314,0.093080,,,,,,,,,,,,
63737,,,,,,,,,,,,,,,,,,,,-0.879124,-0.972595,0.443691,,,,,,
63745,,,,,,,,,,,,,,,,,,,,,,,-0.039955,-0.033367,1.011563,-0.560000,-3.290000,133.979996
63750,,,,,,,,,,,,,,,,,,,,,,,-0.012261,0.016104,1.029680,-2.730000,-11.130000,142.800003
63752,,,,,,,,,,,,,,,,,,,,-0.878792,-0.972138,0.466399,,,,,,
63756,,,,,,,,,,,,,-3.170875,8.202473,-0.082552,0.076789,,,,,,,-0.012261,0.016104,1.029680,-0.700000,-4.690000,171.429993
63760,,,,,,,,,,,,,,,,,,,,-0.878360,-0.971697,0.489187,,,,,,
63764,,,,,,,,,,,,,,,,,,,,,,,-0.016165,0.004392,1.015101,-11.830000,6.090000,173.669998
63765,,,,,,,,,,,,,-3.241479,8.622075,-0.080008,0.057889,,,,,,,,,,,,
63768,,,,,,,,,,,,,,,,,,,,-0.877832,-0.971162,0.520623,,,,,,
63775,,,,-0.989184,-0.996114,0.710884,0.048709,3.118654,,,,,,,,,,,,-0.877336,-0.970705,0.549320,,,,,,
63777,,,,,,,,,,,-5.342935,11.000271,,,,,-0.108987,0.033659,0.191890,,,,,,,,,
63778,,,,,,,,,,,,,-3.613970,8.584496,-0.097962,0.136659,,,,,,,,,,,,
63779,,,,,,,,,,,,,,,,,,,,,,,-0.016165,0.004392,1.015101,-3.220000,2.520000,158.479996
63784,,,,,,,,,,,,,,,,,,,,,,,-0.022143,-0.000427,1.043039,-3.920000,1.050000,151.970001
63785,,,,,,,,,,,,,-3.758904,9.377326,-0.092117,0.101052,,,,,,,,,,,,
63802,,,,,,,,,,,,,-4.158371,9.549464,-0.074366,0.093888,,,,,,,,,,,,
63798,,,,,,,,,,,,,,,,,,,,-0.876597,-0.969654,0.601270,,,,,,
63804,,,,,,,,,,,,,,,,,,,,,,,-0.022143,-0.000427,1.043039,-9.520000,-1.540000,171.429993
63806,,,,,,,,,,,,,,,,,,,,-0.876277,-0.969210,0.630316,,,,,,
63810,,,,,,,,,,,,,,,,,,,,,,,-0.000549,-0.003965,1.015711,-4.760000,-6.580000,175.979996
63814,,,,,,,,,,,,,,,,,,,,,,,-0.000549,-0.003965,1.015711,-7.140000,-0.280000,176.259995
63815,,,,,,,,,,,,,-3.902847,9.650893,-0.086854,0.089921,,,,,,,,,,,,
63821,,,,,,,,,,,,,,,,,,,,-0.875993,-0.968712,0.656584,,,,,,
63825,,,,-0.986937,-0.993814,0.877153,0.058411,3.340810,,,,,,,,,,,,,,,,,,,,
63827,,,,,,,,,,,-5.447546,12.204830,-3.760104,10.025257,-0.099082,0.129191,-0.103165,0.047887,0.220977,,,,,,,,,
63828,,,,,,,,,,,,,,,,,,,,,,,-0.026535,0.015067,1.014003,-3.570000,-2.520000,177.660004
63829,,,,,,,,,,,,,,,,,,,,-0.875735,-0.968080,0.688811,,,,,,
63834,,,,,,,,,,,,,,,,,,,,,,,-0.026535,0.015067,1.014003,-4.060000,-2.450000,162.050003
63835,,,,,,,,,,,,,-5.108779,10.380279,-0.037272,0.113815,,,,,,,,,,,,
63836,,,,,,,,,,,,,,,,,,,,-0.875373,-0.967398,0.718305,,,,,,
63844,,,,,,,,,,,,,,,,,,,,,,,0.015189,-0.006222,1.031571,-6.160000,-4.900000,177.380005
63845,,,,,,,,,,,,,-4.298526,10.373991,-0.075104,0.115049,,,,,,,,,,,,
63862,,,,,,,,,,,,,-4.280776,10.720663,-0.076521,0.099882,,,,,,,,,,,,
63859,,,,,,,,,,,,,,,,,,,,-0.874569,-0.966039,0.780741,,,,,,
63865,,,,,,,,,,,,,,,,,,,,,,,0.015189,-0.006222,1.031571,-8.960000,-5.670000,177.660004
63870,,,,,,,,,,,,,,,,,,,,,,,0.020313,0.015738,1.025532,-4.270000,-4.410000,175.350006
63868,,,,,,,,,,,,,,,,,,,,-0.874037,-0.965325,0.813792,,,,,,
63875,,,,-0.984676,-0.990593,1.032146,0.070954,3.258142,,,,,,,,,,,,,,,,,,,,
63877,,,,,,,,,,,-4.578679,12.806951,-4.676318,10.811153,-0.018369,0.124244,-0.094305,0.063087,0.219252,,,,,,,,,
63876,,,,,,,,,,,,,,,,,,,,-0.873522,-0.964479,0.847085,,,,,,
63879,,,,,,,,,,,,,,,,,,,,,,,0.046116,0.005551,1.014125,-3.500000,-6.090000,175.699997
63884,,,,,,,,,,,,,,,,,,,,,,,0.046116,0.005551,1.014125,-5.250000,9.380000,169.119995
63885,,,,,,,,,,,,,-3.934653,11.096049,-0.052720,0.112057,,,,,,,,,,,,
63891,,,,,,,,,,,,,,,,,,,,-0.873155,-0.963474,0.877525,,,,,,
63894,,,,,,,,,,,,,,,,,,,,,,,0.024888,0.011834,1.031388,-6.090000,-3.080000,173.320007
63895,,,,,,,,,,,,,-3.310616,11.523794,-0.081997,0.093098,,,,,,,,,,,,
63899,,,,,,,,,,,,,,,,,,,,-0.872753,-0.962519,0.908239,,,,,,
63904,,,,,,,,,,,,,,,,,,,,,,,0.024888,0.011834,1.031388,-6.440000,-12.880000,165.899994
63905,,,,,,,,,,,,,-3.881543,11.340106,-0.056168,0.102279,,,,,,,,,,,,
63907,,,,,,,,,,,,,,,,,,,,-0.872286,-0.961662,0.939116,,,,,,
63922,,,,,,,,,,,,,-3.265930,11.484395,-0.085082,0.096341,,,,-0.871982,-0.960755,0.964022,,,,,,
63925,,,,-0.982486,-0.986256,1.165246,0.087283,2.905535,,,,,,,,,,,,,,,,,,,,
63927,,,,,,,,,,,-2.839541,12.966023,,,,,-0.084752,0.074629,0.224601,,,,,,,,,
63928,,,,,,,,,,,,,,,,,,,,,,,0.018300,0.019154,1.037244,-6.650000,-14.280000,155.190002
63930,,,,,,,,,,,,,,,,,,,,-0.871649,-0.959742,0.992244,,,,,,
63933,,,,,,,,,,,,,,,,,,,,,,,0.009821,-0.009089,1.001864,-1.610000,-4.130000,145.460007
63935,,,,,,,,,,,,,-3.167381,11.760108,-0.009698,0.091474,,,,,,,,,,,,
63938,,,,,,,,,,,,,,,,,,,,-0.871305,-0.958791,1.017508,0.009821,-0.009089,1.001864,-2.380000,-4.620000,140.210007
63944,,,,,,,,,,,,,,,,,,,,,,,0.009821,-0.009089,1.001864,-3.290000,-1.330000,134.679993
63945,,,,,,,,,,,,,-2.665034,11.535968,-0.032773,0.102464,,,,,,,,,,,,
63946,,,,,,,,,,,,,,,,,,,,-0.870889,-0.957807,1.042943,,,,,,
63954,,,,,,,,,,,,,,,,,,,,,,,0.032391,0.015311,1.019188,-3.010000,-4.340000,126.070000
63956,,,,,,,,,,,,,-2.242359,11.882793,-0.052420,0.087151,,,,,,,,,,,,
63955,,,,,,,,,,,,,,,,,,,,-0.870454,-0.956721,1.065355,,,,,,
63964,,,,,,,,,,,,,,,,,,,,,,,0.032391,0.015311,1.019188,-2.240000,1.540000,122.919998
63965,,,,,,,,,,,,,-1.886721,11.657531,-0.069181,0.098130,,,,,,,,,,,,
63970,,,,,,,,,,,,,,,,,,,,-0.870149,-0.955766,1.084708,,,,,,
63984,,,,-0.980440,-0.980616,1.272190,0.107929,2.404984,,,,,,,,,,,,,,,,,,,,
63986,,,,,,,,,,,-0.365690,13.000113,,,0.030740,0.101496,-0.073394,0.085942,0.188441,-0.869281,-0.953435,1.130262,,,,,,
63987,,,,,,,,,,,,,-1.587487,11.628382,,,,,,,,,,,,,,
63978,,,,,,,,,,,,,,,,,,,,-0.869714,-0.954592,1.107424,,,,,,
63988,,,,,,,,,,,,,,,,,,,,,,,0.023302,-0.011285,1.013637,-1.050000,4.900000,123.830002
63993,,,,,,,,,,,,,,,,,,,,,,,-0.004758,0.011651,1.035902,-3.920000,0.070000,122.919998
63995,,,,,,,,,,,,,-1.335711,11.625866,0.019758,0.102314,,,,,,,,,,,,
63998,,,,,,,,,,,,,,,,,,,,,,,-0.004758,0.011651,1.035902,-3.080000,-1.540000,124.669998
64001,,,,,,,,,,,,,,,,,,,,-0.868950,-0.952384,1.149986,,,,,,
64004,,,,,,,,,,,,,,,,,,,,,,,-0.004758,0.011651,1.035902,-1.750000,-0.630000,126.559998
64005,,,,,,,,,,,,,-0.576092,11.973103,-0.014763,0.087010,,,,,,,,,,,,
64009,,,,,,,,,,,,,,,,,,,,-0.868700,-0.951155,1.173126,,,,,,
64014,,,,,,,,,,,,,,,,,,,,,,,0.002318,0.004453,1.009306,-1.050000,-2.100000,129.919998
64015,,,,,,,,,,,,,-0.484724,11.718319,-0.018868,0.099281,,,,,,,,,,,,
64018,,,,,,,,,,,,,,,,,,,,-0.868454,-0.950103,1.196510,,,,,,
64025,,,,-0.978590,-0.973509,1.353413,0.132869,1.875155,,,,,,,,,,,,,,,,,,,,
64027,,,,,,,,,,,2.438653,13.218069,-0.407847,12.199498,0.106454,0.087633,-0.061882,0.094059,0.156337,,,,,,,,,
64028,,,,,,,,,,,,,,,,,,,,,,,0.002318,0.004453,1.030778,-2.240000,3.500000,128.520004
64026,,,,,,,,,,,,,,,,,,,,-0.868125,-0.948915,1.216693,,,,,,
64042,,,,,,,,,,,,,0.029736,12.129147,0.087807,0.091384,,,,,,,,,,,,
64041,,,,,,,,,,,,,,,,,,,,-0.867742,-0.947663,1.240381,,,,,,
64045,,,,,,,,,,,,,,,,,,,,,,,-0.005917,0.010126,1.030778,-4.830000,7.000000,127.750000
64050,,,,,,,,,,,,,,,,,,,,,,,-0.012261,0.011407,1.033401,-6.510000,3.780000,123.620003
64049,,,,,,,,,,,,,,,,,,,,-0.867464,-0.946370,1.264265,,,,,,
64055,,,,,,,,,,,,,0.830915,11.817252,0.052234,0.106266,,,,,,,-0.012261,0.011407,1.033401,-5.250000,-3.850000,115.570000
64057,,,,,,,,,,,,,,,,,,,,-0.867222,-0.945189,1.288392,,,,,,
64064,,,,,,,,,,,,,,,,,,,,,,,0.052216,-0.000061,1.021323,-2.590000,-15.890000,89.739998
64065,,,,,,,,,,,,,,,0.033964,0.092495,,,,-0.866976,-0.944132,1.305792,,,,,,
64066,,,,,,,,,,,,,1.246521,12.132593,,,,,,,,,,,,,,
64075,,,,-0.976955,-0.964809,1.411433,0.161537,1.382760,,,,,,,,,,,,,,,,,,,,
64077,,,,,,,,,,,5.466578,13.709919,1.048823,12.113026,0.181966,0.116262,-0.048720,0.100758,0.105818,,,,,,,,,
64078,,,,,,,,,,,,,,,,,,,,,,,0.052216,-0.000061,1.021323,-3.150000,-7.070000,87.779999
64080,,,,,,,,,,,,,,,,,,,,-0.866799,-0.942939,1.319793,,,,,,
64084,,,,,,,,,,,,,,,,,,,,,,,0.026596,-0.001891,0.994849,-2.450000,15.260000,89.110001
64085,,,,,,,,,,,,,2.177777,11.487196,0.132551,0.145711,,,,,,,,,,,,
64088,,,,,,,,,,,,,,,,,,,,-0.866769,-0.941571,1.330395,,,,,,
64102,,,,,,,,,,,,,2.478302,11.926046,0.120471,0.126759,,,,,,,,,,,,
64096,,,,,,,,,,,,,,,,,,,,-0.866537,-0.940220,1.344599,,,,,,
64104,,,,,,,,,,,,,,,,,,,,-0.866246,-0.938983,1.358841,0.026596,-0.001891,0.994849,-1.050000,-4.060000,73.290001
64110,,,,,,,,,,,,,,,,,,,,,,,0.125843,0.002379,1.070123,-5.460000,-16.940001,74.480003
64115,,,,,,,,,,,,,,,,,,,,,,,0.125843,0.002379,1.070123,-2.940000,-0.840000,69.720001
64116,,,,,,,,,,,,,3.334386,12.116479,0.082816,0.118952,,,,,,,,,,,,
64119,,,,,,,,,,,,,,,,,,,,-0.866053,-0.937432,1.369430,,,,,,
64125,,,,-0.975512,-0.954450,1.449021,0.192909,0.947542,,,,,,,,,,,,,,,,,,,,
64127,,,,,,,,,,,8.455032,14.515615,3.756803,12.572929,0.200704,0.135488,-0.038344,0.103967,0.077729,-0.865798,-0.935468,1.383824,,,,,,
64128,,,,,,,,,,,,,,,,,,,,,,,0.102419,0.016714,0.984418,-3.010000,11.270000,75.180000
64142,,,,,,,,,,,,,5.006757,12.793802,0.146053,0.126395,,,,,,,,,,,,
64135,,,,,,,,,,,,,,,,,,,,-0.865572,-0.933664,1.394622,,,,,,
64145,,,,,,,,,,,,,,,,,,,,,,,0.102419,0.016714,0.984418,-0.980000,6.020000,82.599998
64150,,,,,,,,,,,,,,,,,,,,-0.865272,-0.931722,1.409009,0.040748,0.003416,1.055971,-1.050000,-24.780001,42.560001
64155,,,,,,,,,,,,,5.824475,13.182388,0.110491,0.109538,,,,,,,0.040748,0.003416,1.055971,1.610000,-7.490000,44.590000
64157,,,,,,,,,,,,,,,,,,,,-0.864877,-0.929877,1.419975,,,,,,
64164,,,,,,,,,,,,,,,,,,,,,,,0.166225,0.005734,1.043832,-4.200000,7.280000,34.930000
64165,,,,,,,,,,,,,6.545361,13.284525,0.078932,0.105553,,,,,,,,,,,,
64166,,,,,,,,,,,,,,,,,,,,-0.864775,-0.927642,1.427343,,,,,,
64175,,,,-0.974178,-0.942427,1.468331,0.225613,0.563270,,,,,,,,,,,,-0.864516,-0.925469,1.431129,,,,,,
64177,,,,,,,,,,,11.468832,15.463572,7.370704,13.506895,0.179241,0.139039,-0.030050,0.106223,0.040154,,,,,,,,,
64178,,,,,,,,,,,,,,,,,,,,,,,0.166225,0.005734,1.043832,-0.070000,15.890000,36.049999
64184,,,,,,,,,,,,,,,,,,,,,,,0.054717,0.002440,0.971791,3.010000,16.730000,46.970001
64185,,,,,,,,,,,,,8.202480,14.032394,0.143467,0.116118,,,,,,,,,,,,
64203,,,,,,,,,,,,,8.810792,14.352490,0.117440,0.102277,,,,,,,,,,,,
64199,,,,,,,,,,,,,,,,,,,,-0.863935,-0.920754,1.449269,,,,,,
64205,,,,,,,,,,,,,,,,,,,,,,,0.054717,-0.019581,1.068232,7.140000,-13.090000,35.770000
64207,,,,,,,,,,,,,,,,,,,,-0.863572,-0.918667,1.456714,,,,,,
64210,,,,,,,,,,,,,,,,,,,,,,,0.060024,-0.019581,1.068232,7.070000,-20.440001,31.709999
64214,,,,,,,,,,,,,,,,,,,,,,,0.044225,0.008296,1.020957,5.460000,-3.080000,35.279999
64215,,,,,,,,,,,,,,,0.085429,0.090088,,,,,,,,,,,,
64216,,,,,,,,,,,,,9.543850,14.632725,,,,,,,,,,,,,,
64225,,,,-0.972814,-0.928818,1.470582,0.258055,0.213197,,,,,,,,,,,,,,,,,,,,
64227,,,,,,,,,,,14.367493,16.466578,10.391408,14.673186,0.179289,0.134106,-0.022407,0.107409,0.012081,,,,,,,,,
64228,,,,,,,,,,,,,,,,,,,,,,,0.044225,0.008296,1.020957,4.130000,15.050000,27.650000
64222,,,,,,,,,,,,,,,,,,,,-0.863376,-0.916430,1.460651,,,,,,
64230,,,,,,,,,,,,,,,,,,,,-0.863083,-0.913921,1.464304,,,,,,
64234,,,,,,,,,,,,,,,,,,,,,,,0.002684,0.009638,0.976122,1.750000,15.680000,26.459999
64235,,,,,,,,,,,,,10.703293,14.959302,0.167140,0.122025,,,,,,,,,,,,
64238,,,,,,,,,,,,,,,,,,,,-0.862874,-0.911229,1.471755,,,,,,
64244,,,,,,,,,,,,,,,,,,,,,,,0.002684,0.009638,0.976122,-3.080000,-7.350000,17.010000
64245,,,,,,,,,,,,,11.744349,15.325355,0.121736,0.106170,,,,,,,,,,,,
64247,,,,,,,,,,,,,,,,,,,,-0.862549,-0.908586,1.475334,,,,,,
64262,,,,,,,,,,,,,12.532829,15.545887,0.087271,0.096737,,,,,,,,,,,,
64261,,,,,,,,,,,,,,,,,,,,-0.862261,-0.906230,1.479036,,,,,,
64264,,,,,,,,,,,,,,,,,,,,,,,0.077775,0.005551,1.057740,4.270000,-14.140000,-0.490000
64270,,,,,,,,,,,,,,,,,,,,,,,0.077775,-0.018788,1.052189,3.640000,2.310000,4.270000
64269,,,,,,,,,,,,,,,,,,,,-0.861981,-0.903685,1.479076,,,,,,
64275,,,,-0.971211,-0.913781,1.455995,0.288571,-0.122438,,,,,,,,,,,,,,,,,,,,
64277,,,,,,,,,,,17.182501,17.293354,12.688148,15.580505,0.208616,0.133041,-0.019705,0.107850,-0.023830,,,,,,,,,
64278,,,,,,,,,,,,,,,,,,,,-0.861732,-0.901010,1.479035,0.002989,-0.018788,1.052189,1.260000,2.100000,5.810000
64284,,,,,,,,,,,,,,,,,,,,,,,0.002989,-0.018788,1.052189,1.120000,5.880000,6.720000
64285,,,,,,,,,,,,,14.022310,15.786639,0.150417,0.124563,,,,,,,,,,,,
64287,,,,,,,,,,,,,,,,,,,,-0.861462,-0.898471,1.475378,,,,,,
64294,,,,,,,,,,,,,,,,,,,,,,,-0.018605,0.000671,0.968253,-0.910000,-5.810000,-1.540000
64295,,,,,,,,,,,,,14.543043,16.027550,0.128412,0.114405,,,,,,,,,,,,
64304,,,,,,,,,,,,,,,,,,,,,,,-0.018605,0.000671,0.968253,-2.450000,-4.270000,-17.219999
64301,,,,,,,,,,,,,,,,,,,,-0.861307,-0.895771,1.475430,,,,,,
64305,,,,,,,,,,,,,14.980358,16.229422,0.109924,0.105895,,,,,,,,,,,,
64309,,,,,,,,,,,,,,,,,,,,-0.860972,-0.893208,1.475433,,,,,,
64322,,,,,,,,,,,,,15.532473,16.258101,0.086012,0.105132,,,,,,,,,,,,
64318,,,,,,,,,,,,,,,,,,,,-0.860815,-0.890463,1.471644,,,,,,
64325,,,,-0.969097,-0.897556,1.423824,0.315628,-0.463538,,,,,,,,,,,,,,,,,,,,
64327,,,,,,,,,,,19.776442,17.899223,,,,,-0.017619,0.107071,-0.049102,-0.860531,-0.887614,1.471597,,,,,,
64329,,,,,,,,,,,,,,,,,,,,,,,0.100223,-0.001769,1.047309,-1.470000,3.850000,-10.080000
64334,,,,,,,,,,,,,,,,,,,,,,,0.000854,-0.030256,1.003389,3.150000,2.380000,-12.250000
64335,,,,,,,,,,,,,,,0.203689,0.137585,,,,-0.860242,-0.884694,1.467792,,,,,,
64336,,,,,,,,,,,,,15.549290,16.159834,,,,,,,,,,,,,,
64339,,,,,,,,,,,,,,,,,,,,,,,0.000854,-0.030256,1.003389,0.910000,2.660000,-9.170000
64344,,,,,,,,,,,,,,,,,,,,-0.859875,-0.881861,1.467826,0.000854,-0.030256,1.054934,-1.540000,1.750000,-5.320000
64345,,,,,,,,,,,,,16.385433,16.348768,0.167922,0.129900,,,,,,,,,,,,
64354,,,,,,,,,,,,,,,,,,,,,,,-0.020923,-0.004453,1.054934,-1.610000,-15.680000,-4.760000
64355,,,,,,,,,,,,,17.070379,17.039530,0.138586,0.099370,,,,,,,,,,,,
64359,,,,,,,,,,,,,,,,,,,,-0.859608,-0.878993,1.467792,,,,,,
64364,,,,,,,,,,,,,,,,,,,,,,,0.084973,-0.009821,1.056337,-1.260000,-32.060001,-31.290001
64365,,,,,,,,,,,,,17.648014,17.074556,0.113769,0.098217,,,,,,,,,,,,
64367,,,,,,,,,,,,,,,,,,,,-0.859350,-0.876442,1.464068,,,,,,
64382,,,,,,,,,,,,,17.819092,16.676573,0.107089,0.116675,,,,,,,,,,,,
64384,,,,-0.966141,-0.880456,1.372462,0.338053,-0.828764,,,,,,,,,,,,,,,,,,,,
64386,,,,,,,,,,,22.251797,17.982471,,,,,-0.015413,0.105752,-0.091411,,,,,,,,,
64376,,,,,,,,,,,,,,,,,,,,-0.859216,-0.873684,1.456809,,,,,,
64388,,,,,,,,,,,,,,,,,,,,,,,0.084973,-0.009821,1.056337,3.010000,15.680000,-38.220001
64391,,,,,,,,,,,,,,,,,,,,-0.858822,-0.870669,1.449404,,,,,,
64394,,,,,,,,,,,,,,,,,,,,,,,0.018117,-0.035441,0.949709,4.130000,18.760000,-34.020000
64395,,,,,,,,,,,,,,,0.200831,0.111833,,,,,,,,,,,,
64396,,,,,,,,,,,,,18.248602,16.880335,,,,,,,,,,,,,,
64399,,,,,,,,,,,,,,,,,,,,-0.858395,-0.867550,1.441972,0.018117,-0.035441,0.949709,4.130000,16.170000,-31.219999
64404,,,,,,,,,,,,,,,,,,,,,,,-0.017080,-0.030927,1.053226,4.270000,4.200000,-23.170000
64405,,,,,,,,,,,,,18.666006,16.962807,0.183935,0.108652,,,,,,,,,,,,
64407,,,,,,,,,,,,,,,,,,,,-0.857952,-0.864504,1.438204,,,,,,
64414,,,,,,,,,,,,,,,,,,,,,,,-0.017080,-0.030927,1.053226,-2.380000,-18.969999,-50.820000
64415,,,,,,,,,,,,,18.993217,17.012205,0.170916,0.106929,,,,,,,,,,,,
64417,,,,,,,,,,,,,,,,,,,,-0.857437,-0.861662,1.430859,,,,,,
64425,,,,-0.961964,-0.862854,1.299760,0.355314,-1.233112,,,,,,,,,,,,-0.857130,-0.858672,1.420082,,,,,,
64427,,,,,,,,,,,24.505526,17.589869,19.737980,17.131884,0.241011,0.084199,-0.015657,0.103343,-0.132241,,,,,,,,,
64428,,,,,,,,,,,,,,,,,,,,,,,0.086010,-0.011773,0.995825,-5.320000,-17.219999,-66.919998
64442,,,,,,,,,,,,,21.064001,16.642998,0.183302,0.106599,,,,,,,,,,,,
64440,,,,,,,,,,,,,,,,,,,,-0.856702,-0.855749,1.405589,,,,,,
64444,,,,,,,,,,,,,,,,,,,,,,,0.086010,-0.011773,0.995825,-0.770000,18.410000,-104.860001
64449,,,,,,,,,,,,,,,,,,,,-0.856232,-0.852472,1.390965,0.084973,-0.054656,1.000095,-5.110000,9.660000,-128.029999
64455,,,,,,,,,,,,,22.151083,16.418598,0.135755,0.117253,,,,,,,0.084973,-0.054656,1.000095,-1.610000,4.060000,-149.940002
64457,,,,,,,,,,,,,,,,,,,,-0.855553,-0.849208,1.369314,,,,,,
64464,,,,,,,,,,,,,,,,,,,,,,,0.070760,-0.081435,1.086166,7.140000,0.000000,-159.039993
64465,,,,,,,,,,,,,23.020559,16.005926,0.097525,0.136558,,,,-0.854593,-0.845847,1.340822,,,,,,
64475,,,,-0.956154,-0.845159,1.203781,0.367804,-1.681904,,,,,,,,,,,,,,,,,,,,
64477,,,,,,,,,,,26.454893,17.077244,23.613424,16.296669,0.160037,0.101004,-0.022316,0.099079,-0.138928,,,,,,,,,
64478,,,,,,,,,,,,,,,,,,,,,,,0.070760,-0.081435,1.086166,-8.610000,-6.230000,-153.300003
64480,,,,,,,,,,,,,,,,,,,,-0.853765,-0.842765,1.312797,,,,,,
64484,,,,,,,,,,,,,,,,,,,,,,,0.045994,-0.097966,0.907924,-0.840000,16.730000,-124.599998
64485,,,,,,,,,,,,,23.798634,15.677166,0.153067,0.129545,,,,,,,,,,,,
64489,,,,,,,,,,,,,,,,,,,,-0.852992,-0.839424,1.288429,,,,,,
64502,,,,,,,,,,,,,24.878069,16.103107,0.105378,0.110906,,,,,,,,,,,,
64497,,,,,,,,,,,,,,,,,,,,-0.851854,-0.835927,1.264288,,,,,,
64505,,,,,,,,,,,,,,,,,,,,,,,0.045994,-0.097966,0.907924,6.790000,28.840000,-103.389999
64506,,,,,,,,,,,,,,,,,,,,-0.850701,-0.832417,1.247159,,,,,,
64510,,,,,,,,,,,,,,,,,,,,,,,-0.007259,-0.128161,1.110078,7.420000,8.330000,-104.930000
64516,,,,,,,,,,,,,24.499281,16.323391,0.123389,0.101394,,,,,,,0.021899,-0.074603,1.053958,7.000000,-4.760000,-108.360001
64515,,,,,,,,,,,,,,,,,,,,-0.849412,-0.829044,1.226778,,,,,,
64525,,,,-0.948293,-0.827795,1.084284,0.377094,-2.158815,,,,,,,,,,,,,,,,,,,,
64527,,,,,,,,,,,28.290453,16.294451,24.636915,16.249014,0.201761,0.069596,-0.031850,0.093566,-0.145503,,,,,,,,,
64528,,,,,,,,,,,,,,,,,,,,,,,0.021899,-0.074603,1.053958,6.230000,-13.860000,-104.160004
64530,,,,,,,,,,,,,,,,,,,,-0.848141,-0.825930,1.209922,,,,,,
64543,,,,,,,,,,,,,26.016666,16.139263,0.140848,0.074613,,,,,,,,,,,,
64538,,,,,,,,,,,,,,,,,,,,-0.846897,-0.822817,1.193147,,,,,,
64545,,,,,,,,,,,,,,,,,,,,,,,-0.065148,-0.057096,0.963251,-1.190000,-17.010000,-93.029999
64546,,,,,,,,,,,,,,,,,,,,-0.845523,-0.819606,1.176464,,,,,,
64550,,,,,,,,,,,,,,,,,,,,,,,-0.065148,-0.057096,0.963251,9.660000,-40.459999,-113.750000
64555,,,,,,,,,,,,,,,,,,,,,,,0.005673,-0.107909,1.137589,14.490000,-41.230000,-135.100006
64556,,,,,,,,,,,,,26.054867,16.078243,0.140268,0.077468,,,,,,,,,,,,
64560,,,,,,,,,,,,,,,,,,,,-0.844254,-0.816646,1.163173,,,,,,
64565,,,,,,,,,,,,,26.417347,15.775624,0.124915,0.091346,,,,,,,0.005673,-0.107909,1.137589,-2.660000,-25.129999,-150.850006
64568,,,,,,,,,,,,,,,,,,,,-0.842892,-0.813784,1.140108,,,,,,
64575,,,,-0.937977,-0.811165,0.944836,0.386016,-2.609827,,,,,,,,,,,,,,,,,,,,
64577,,,,,,,,,,,30.183645,15.075018,26.424597,15.605300,0.211838,0.043856,-0.037508,0.087427,-0.194052,,,,,,,,,
64578,,,,,,,,,,,,,,,,,,,,,,,-0.079117,-0.086010,0.872788,8.610000,27.090000,-151.830002
64576,,,,,,,,,,,,,,,,,,,,-0.841374,-0.810848,1.110660,,,,,,
64584,,,,,,,,,,,,,,,,,,,,,,,-0.079117,-0.086010,0.872788,5.670000,23.870001,-149.869995
64585,,,,,,,,,,,,,27.554054,15.790499,0.162321,0.035152,,,,,,,,,,,,
64602,,,,,,,,,,,,,27.897181,14.632752,0.148036,0.087511,,,,,,,,,,,,
64600,,,,,,,,,,,,,,,,,,,,-0.837806,-0.804881,1.055730,,,,,,
64605,,,,,,,,,,,,,,,,,,,,,,,-0.054717,-0.121024,1.104710,11.410000,15.120000,-189.279999
64608,,,,,,,,,,,,,,,,,,,,-0.835932,-0.802236,1.027014,,,,,,
64610,,,,,,,,,,,,,,,,,,,,,,,-0.053802,-0.152439,1.007598,8.190000,12.530000,-206.220001
64616,,,,,,,,,,,,,28.073486,14.228996,0.141174,0.106124,,,,-0.833975,-0.799615,0.985975,-0.053802,-0.152439,1.007598,17.780001,16.309999,-222.389999
64625,,,,-0.924845,-0.795618,0.794338,0.398349,-2.938071,,,,,,,,,,,,,,,,,,,,
64627,,,,,,,,,,,31.831337,14.877774,28.576826,14.450175,0.194633,0.087536,-0.046801,0.077948,-0.193090,,,,,,,,,
64628,,,,,,,,,,,,,,,,,,,,,,,-0.053802,-0.152439,1.007598,11.480000,11.410000,-230.020004
64631,,,,,,,,,,,,,,,,,,,,-0.832063,-0.797186,0.948470,,,,,,
64635,,,,,,,,,,,,,29.254854,13.460955,0.165365,0.132886,,,,,,,-0.060146,-0.095282,1.026081,15.330000,-1.260000,-223.720001
64639,,,,,,,,,,,,,,,,,,,,-0.830128,-0.794967,0.911325,,,,,,
64644,,,,,,,,,,,,,,,,,,,,,,,-0.060146,-0.095282,1.026081,4.900000,-34.090000,-215.529999
64645,,,,,,,,,,,,,29.553452,13.520899,0.153060,0.130875,,,,,,,,,,,,
64647,,,,,,,,,,,,,,,,,,,,-0.828136,-0.792795,0.871438,,,,,,
64666,,,,,,,,,,,,,29.853891,13.739039,0.140518,0.121617,,,,,,,,,,,,
64656,,,,,,,,,,,,,,,,,,,,-0.826139,-0.790855,0.831906,,,,,,
64669,,,,,,,,,,,,,,,,,,,,,,,0.043798,-0.143594,0.994849,4.760000,-51.310001,-193.759995
64670,,,,,,,,,,,,,,,,,,,,-0.824220,-0.788992,0.795828,,,,,,
64675,,,,-0.908610,-0.781421,0.645847,0.417917,-3.036725,,,,,,,,,,,,,,,,,,,,
64677,,,,,,,,,,,33.216251,16.131037,29.680573,13.587365,0.212902,0.186500,-0.053769,0.065604,-0.152815,,,,,,,,,
64678,,,,,,,,,,,,,,,,,,,,,,,0.044103,-0.120414,1.083909,4.760000,18.480000,-180.669998
64679,,,,,,,,,,,,,,,,,,,,-0.822097,-0.786775,0.759901,,,,,,
64683,,,,,,,,,,,,,,,,,,,,,,,0.044103,-0.120414,1.083909,1.190000,21.980000,-167.720001
64685,,,,,,,,,,,,,30.187288,14.039436,0.191557,0.167143,,,,,,,,,,,,
64688,,,,,,,,,,,,,,,,,,,,,,,0.035319,-0.130723,0.961055,-5.180000,18.900000,-164.639999
64687,,,,,,,,,,,,,,,,,,,,-0.819632,-0.784462,0.721263,,,,,,
64694,,,,,,,,,,,,,,,,,,,,,,,0.035319,-0.130723,0.961055,-8.400000,-2.170000,-157.990005
64695,,,,,,,,,,,,,30.338001,14.556347,0.186221,0.144591,,,,-0.816971,-0.782058,0.697639,,,,,,
64704,,,,,,,,,,,,,,,,,,,,,,,0.140849,-0.090646,1.060302,3.080000,-3.150000,-144.899994
64705,,,,,,,,,,,,,30.456861,15.534689,0.182265,0.100685,,,,,,,,,,,,
64710,,,,,,,,,,,,,,,,,,,,-0.814212,-0.779750,0.677094,,,,,,
64724,,,,,,,,,,,,,30.609570,15.709034,0.176700,0.093023,,,,,,,,,,,,
64726,,,,-0.889085,-0.768728,0.512375,0.447250,-2.857983,,,,,,,,,,,,-0.807924,-0.775124,0.627402,,,,,,
64728,,,,,,,,,,,34.663162,18.067860,,,,,-0.052072,0.055376,-0.162675,,,,,,,,,
64730,,,,,,,,,,,,,31.218533,16.860008,0.216210,0.129112,,,,,,,0.140849,-0.090646,1.060302,3.360000,0.770000,-140.770004
64735,,,,,,,,,,,,,31.472233,16.267994,0.206388,0.156766,,,,,,,0.064416,-0.137677,1.025593,10.920000,-6.510000,-165.970001
64740,,,,,,,,,,,,,,,,,,,,,,,0.064416,-0.137677,0.991494,-0.280000,-5.810000,-170.729996
64741,,,,,,,,,,,,,,,,,,,,-0.804743,-0.773044,0.598380,,,,,,
64745,,,,,,,,,,,,,,,,,,,,,,,0.017263,-0.131394,0.991494,-4.130000,-7.070000,-177.240005
64746,,,,,,,,,,,,,32.371738,16.901163,0.166945,0.128773,,,,,,,,,,,,
64749,,,,,,,,,,,,,,,,,,,,-0.801539,-0.771039,0.569481,,,,,,
64754,,,,,,,,,,,,,,,,,,,,,,,0.017263,-0.131394,0.991494,14.420000,-6.580000,-168.839996
64755,,,,,,,,,,,,,32.292122,17.028717,0.171755,0.123546,,,,,,,,,,,,
64757,,,,,,,,,,,,,,,,,,,,-0.798258,-0.768985,0.540701,,,,,,
64764,,,,,,,,,,,,,,,,,,,,,,,0.088572,-0.124623,1.104649,-7.070000,0.280000,-169.470001
64765,,,,,,,,,,,,,32.649441,17.067387,0.156652,0.122312,,,,,,,,,,,,
64783,,,,-0.866208,-0.757549,0.402788,0.486527,-2.451073,,,,,,,,,,,,,,,,,,,,
64785,,,,,,,,,,,35.982212,21.609528,,,,,-0.052610,0.044675,-0.136382,,,,,,,,,
64787,,,,,,,,,,,,,32.891117,17.457571,0.206818,0.266654,,,,,,,,,,,,
64780,,,,,,,,,,,,,,,,,,,,-0.791279,-0.764985,0.480628,,,,,,
64789,,,,,,,,,,,,,,,,,,,,-0.787562,-0.763131,0.452184,0.088572,-0.124623,1.104649,-3.430000,2.170000,-159.389999
64794,,,,,,,,,,,,,,,,,,,,,,,0.019215,-0.114436,0.947635,6.860000,9.170000,-158.759995
64795,,,,,,,,,,,,,33.258369,18.411322,0.191638,0.225247,,,,,,,,,,,,
64797,,,,,,,,,,,,,,,,,,,,-0.783708,-0.761323,0.423889,,,,,,
64800,,,,,,,,,,,,,,,,,,,,,,,0.016714,-0.147010,1.022421,10.220000,3.220000,-138.039993
64804,,,,,,,,,,,,,,,,,,,,,,,0.016714,-0.147010,1.022421,5.740000,-30.590000,-119.139999
64805,,,,,,,,,,,,,33.482914,19.340811,0.182785,0.184459,,,,-0.779964,-0.759701,0.401234,,,,,,
64814,,,,,,,,,,,,,,,,,,,,,,,0.016714,-0.147010,1.022421,-0.980000,-10.080000,-97.650002
64815,,,,,,,,,,,,,33.643665,20.650272,0.176728,0.125850,,,,,,,,,,,,
64820,,,,,,,,,,,,,,,,,,,,-0.776196,-0.758166,0.378631,,,,,,
64825,,,,-0.840061,-0.747742,0.320820,0.533469,-1.920628,,,,,,,,,,,,,,,,,,,,
64827,,,,,,,,,,,37.054302,26.570513,33.566753,21.199848,0.230263,0.327533,-0.055250,0.033423,-0.060604,,,,,,,,,
64828,,,,,,,,,,,,,,,,,,,,-0.772038,-0.756317,0.358984,0.181048,-0.092293,1.068903,-1.610000,11.200000,-86.660004
64842,,,,,,,,,,,,,33.718792,23.313280,0.225112,0.233880,,,,,,,,,,,,
64836,,,,,,,,,,,,,,,,,,,,-0.767468,-0.754614,0.344910,,,,,,
64845,,,,,,,,,,,,,,,,,,,,,,,0.181048,-0.092293,0.952698,-11.550000,-10.780000,-84.629997
64850,,,,,,,,,,,,,,,,,,,,,,,0.061427,-0.074359,0.952698,5.530000,-25.480000,-63.560001
64851,,,,,,,,,,,,,,,,,,,,-0.762941,-0.752775,0.330919,,,,,,
64855,,,,,,,,,,,,,,,,,,,,,,,0.265594,-0.078812,1.077565,-4.130000,-29.120001,-43.889999
64856,,,,,,,,,,,,,34.304554,24.758215,0.200100,0.169638,,,,,,,,,,,,
64861,,,,,,,,,,,,,,,,,,,,-0.762941,-0.752775,0.330919,,,,,,
64864,,,,,,,,,,,,,,,,,,,,,,,0.265594,-0.078812,1.077565,0.980000,7.420000,-31.570000
64865,,,,,,,,,,,,,34.506199,25.909674,0.192310,0.118043,,,,,,,,,,,,
64871,,,,,,,,,,,,,,,,,,,,-0.758331,-0.751126,0.322447,,,,,,
64875,,,,-0.810884,-0.739000,0.266707,0.584108,-1.358058,,,,,,,,,,,,,,,,,,,,
64877,,,,,,,,,,,38.656933,31.042696,35.113613,26.945097,0.238553,0.274617,-0.046560,0.028100,-0.053625,,,,,,,,,
64878,,,,,,,,,,,,,,,,,,,,,,,0.138592,-0.072529,0.988505,2.870000,14.070000,-29.610001
64879,,,,,,,,,,,,,,,,,,,,-0.753370,-0.749244,0.314025,,,,,,
64884,,,,,,,,,,,,,,,,,,,,,,,0.138592,-0.072529,0.988505,-21.209999,9.800000,-50.259998
64885,,,,,,,,,,,,,35.521282,27.984217,0.221818,0.229443,,,,,,,,,,,,
64887,,,,,,,,,,,,,,,,,,,,-0.748107,-0.747471,0.305616,,,,,,
64902,,,,,,,,,,,,,36.199799,29.193670,0.192556,0.175992,,,,,,,,,,,,
64897,,,,,,,,,,,,,,,,,,,,-0.748107,-0.747471,0.305616,,,,,,
64905,,,,,,,,,,,,,,,,,,,,,,,0.034221,-0.042090,1.033523,6.790000,-5.530000,-32.970001
64907,,,,,,,,,,,,,,,,,,,,-0.748107,-0.747471,0.305616,,,,,,
64910,,,,,,,,,,,,,,,,,,,,,,,0.034221,-0.083753,1.048285,12.460000,-5.950000,-33.320000
64915,,,,,,,,,,,,,,,,,,,,,,,0.176473,-0.083753,1.048285,2.870000,8.610000,-30.379999
64916,,,,,,,,,,,,,36.812569,30.520485,0.165938,0.116585,,,,-0.742684,-0.745468,0.302822,,,,,,
64925,,,,-0.779081,-0.730856,0.239325,0.633814,-0.810730,,,,,,,,,,,,-0.737012,-0.743589,0.297276,,,,,,
64927,,,,,,,,,,,40.352764,35.261730,36.797562,30.532825,0.244245,0.307593,-0.031485,0.024773,-0.059797,,,,,,,,,
64928,,,,,,,,,,,,,,,,,,,,,,,0.176473,-0.083753,1.048285,-7.280000,30.030001,-35.279999
64942,,,,,,,,,,,,,37.452705,32.542183,0.216340,0.218861,,,,,,,,,,,,
64934,,,,,,,,,,,,,,,,,,,,-0.726074,-0.740125,0.280545,,,,,,
64945,,,,,,,,,,,,,,,,,,,,,,,0.021228,-0.042029,0.995581,9.520000,33.320000,-48.369999
64943,,,,,,,,,,,,,,,,,,,,-0.713944,-0.736586,0.266560,,,,,,
64950,,,,,,,,,,,,,,,,,,,,,,,0.081923,-0.055266,1.035048,11.130000,-8.120000,-18.690001
64951,,,,,,,,,,,,,,,,,,,,-0.707832,-0.734810,0.261127,,,,,,
64955,,,,,,,,,,,,,38.109726,33.978012,0.188016,0.155120,,,,,,,0.081923,-0.055266,1.035048,3.850000,-44.660000,-8.260000
64959,,,,,,,,,,,,,,,,,,,,-0.701945,-0.733197,0.258259,,,,,,
64964,,,,,,,,,,,,,,,,,,,,,,,0.081923,-0.055266,1.035048,7.630000,-52.639999,-8.750000
64965,,,,,,,,,,,,,38.626278,34.603127,0.165728,0.127420,,,,,,,,,,,,
64968,,,,,,,,,,,,,,,,,,,,-0.696219,-0.731691,0.258110,,,,,,
64975,,,,-0.745212,-0.722698,0.237690,0.678177,-0.288060,,,,,,,,,,,,,,,,,,,,
64977,,,,,,,,,,,41.287022,39.742554,39.088688,34.762390,0.187863,0.323440,-0.043662,0.021278,-0.020557,,,,,,,,,
64978,,,,,,,,,,,,,,,,,,,,,,,0.087901,-0.039833,1.141615,-1.820000,-5.110000,-13.160000
64976,,,,,,,,,,,,,,,,,,,,-0.690107,-0.730007,0.258120,,,,,,
64984,,,,,,,,,,,,,,,,,,,,-0.720049,-0.738369,0.274924,0.087901,-0.039833,1.141615,12.810000,6.650000,-16.590000
64985,,,,,,,,,,,,,39.480152,35.840008,0.171251,0.277166,,,,,,,,,,,,
65002,,,,,,,,,,,,,39.440075,37.687042,0.173985,0.195495,,,,,,,,,,,,
65000,,,,,,,,,,,,,,,,,,,,-0.677581,-0.726680,0.252586,,,,,,
65005,,,,,,,,,,,,,,,,,,,,,,,-0.011651,-0.031415,0.866261,-3.220000,24.570000,26.600000
65008,,,,,,,,,,,,,,,,,,,,-0.671194,-0.724898,0.255333,,,,,,
65010,,,,,,,,,,,,,,,,,,,,,,,0.079117,0.011163,1.080371,-9.380000,-20.650000,45.639999
65016,,,,,,,,,,,,,39.141373,38.460571,0.188453,0.161506,,,,-0.664957,-0.722945,0.260916,0.079117,0.011163,1.080371,-2.170000,-22.750000,57.119999
65025,,,,-0.709978,-0.713791,0.261694,0.713659,0.222228,,,,,,,,,,,,,,,,,,,,
65027,,,,,,,,,,,41.823601,43.465931,39.322590,39.241230,0.205552,0.295293,-0.041034,0.020479,0.001560,,,,,,,,,
65028,,,,,,,,,,,,,,,,,,,,,,,0.017751,0.009089,1.023458,0.420000,3.220000,57.119999
65024,,,,,,,,,,,,,,,,,,,,-0.731713,-0.741887,0.286069,,,,,,
65034,,,,,,,,,,,,,,,,,,,,,,,0.017751,0.009089,1.023458,-7.630000,1.540000,53.900002
65032,,,,,,,,,,,,,,,,,,,,-0.658437,-0.721079,0.274858,,,,,,
65035,,,,,,,,,,,,,39.627083,40.212730,0.193043,0.253473,,,,,,,,,,,,
65040,,,,,,,,,,,,,,,,,,,,-0.651701,-0.719164,0.286059,,,,,,
65044,,,,,,,,,,,,,,,,,,,,,,,0.012017,0.093086,0.975634,-13.440000,-7.210000,41.930000
65045,,,,,,,,,,,,,39.358669,41.492283,0.206307,0.197218,,,,,,,,,,,,
65048,,,,,,,,,,,,,,,,,,,,-0.645243,-0.716960,0.297248,,,,,,
65062,,,,,,,,,,,,,39.637463,42.084793,0.194943,0.171406,,,,,,,,,,,,
65056,,,,,,,,,,,,,,,,,,,,-0.638995,-0.714931,0.305616,,,,,,
65064,,,,,,,,,,,,,,,,,,,,,,,0.012017,0.093086,0.975634,4.060000,-10.010000,63.630001
65069,,,,,,,,,,,,,,,,,,,,,,,0.093818,0.034221,1.033889,-1.540000,24.430000,56.630001
65071,,,,,,,,,,,,,,,,,,,,-0.632349,-0.712678,0.314025,,,,,,
65075,,,,-0.674203,-0.703318,0.312319,0.738121,0.741313,,,,,,,,,,,,,,,,,,,,
65076,,,,,,,,,,,41.948620,46.267296,,,,,,,,,,,,,,,,
65077,,,,,,,,,,,,,39.691093,42.123226,0.199372,0.297310,-0.036958,0.021829,0.000803,,,,,,,,,
65078,,,,,,,,,,,,,,,,,,,,,,,0.093818,0.034221,1.033889,-13.020000,27.160000,49.980000
65080,,,,,,,,,,,,,,,,,,,,-0.625472,-0.710272,0.325245,,,,,,
65084,,,,,,,,,,,,,,,,,,,,,,,0.009150,0.096319,0.991860,-8.610000,20.440001,44.520000
65085,,,,,,,,,,,,,39.800209,43.127434,0.195580,0.253934,,,,,,,,,,,,
65089,,,,,,,,,,,,,,,,,,,,-0.618611,-0.707779,0.333666,,,,,,
65095,,,,,,,,,,,,,40.053925,44.494961,0.185182,0.193591,,,,,,,0.009150,0.096319,0.991860,-4.900000,8.400000,32.970001
65097,,,,,,,,,,,,,,,,,,,,-0.611855,-0.705338,0.342089,,,,,,
65104,,,,,,,,,,,,,,,,,,,,,,,0.035197,0.022082,1.077748,-4.130000,-26.600000,63.910000
65105,,,,,,,,,,,,,40.291241,44.577084,0.175398,0.190774,,,,,,,,,,,,
65122,,,,,,,,,,,,,40.342133,44.965256,0.173937,0.174053,,,,,,,,,,,,
65119,,,,,,,,,,,,,,,,,,,,-0.598876,-0.700370,0.367379,,,,,,
65125,,,,-0.638796,-0.690416,0.391350,0.751300,1.289907,,,,,,,,,,,,,,,,,,,,
65127,,,,,,,,,,,40.952087,48.813190,40.825615,44.715511,0.107727,0.301678,-0.033701,0.023657,0.024858,-0.592274,-0.697724,0.375857,,,,,,
65128,,,,,,,,,,,,,,,,,,,,,,,0.035197,0.022082,1.077748,-8.050000,-21.770000,67.129997
65133,,,,,,,,,,,,,,,,,,,,,,,0.001403,0.065331,1.114287,0.210000,-6.510000,61.389999
65136,,,,,,,,,,,,,40.254642,45.495590,0.133701,0.268375,,,,,,,,,,,,
65135,,,,,,,,,,,,,,,,,,,,-0.585665,-0.695049,0.389928,,,,,,
65139,,,,,,,,,,,,,,,,,,,,,,,-0.021899,0.042761,0.876570,-1.050000,-6.440000,62.439999
65144,,,,,,,,,,,,,,,,,,,,,,,-0.021899,0.042761,0.876570,-2.870000,-2.310000,77.839996
65145,,,,,,,,,,,,,39.399731,46.021255,0.172850,0.246217,,,,,,,,,,,,
65154,,,,,,,,,,,,,,,,,,,,,,,-0.021899,0.042761,1.049505,-3.920000,-7.350000,119.839996
65155,,,,,,,,,,,,,38.627579,46.937252,0.208681,0.206079,,,,,,,,,,,,
65158,,,,,,,,,,,,,,,,,,,,-0.572474,-0.689376,0.415335,,,,,,
65164,,,,,,,,,,,,,,,,,,,,,,,0.022082,0.118706,1.049505,-10.080000,18.620001,148.119995
65165,,,,,,,,,,,,,39.626617,47.714584,0.164536,0.171765,,,,,,,,,,,,
65166,,,,,,,,,,,,,,,,,,,,-0.565920,-0.686373,0.438030,,,,,,
65182,,,,,,,,,,,,,39.031239,47.509808,0.192229,0.181618,,,,,,,,,,,,
65184,,,,-0.604711,-0.674231,0.500426,0.755235,1.877462,,,,,,,,,,,,,,,,,,,,
65186,,,,,,,,,,,39.042255,51.052792,,,,,-0.029985,0.027467,0.061432,,,,,,,,,
65181,,,,,,,,,,,,,,,,,,,,-0.559418,-0.683097,0.460716,,,,,,
65188,,,,,,,,,,,,,,,,,,,,,,,-0.011285,0.145851,0.948489,2.240000,35.209999,132.089996
65190,,,,,,,,,,,,,,,,,,,,-0.552610,-0.679567,0.486312,,,,,,
65193,,,,,,,,,,,,,,,,,,,,,,,-0.011285,0.125294,0.989786,6.860000,26.110001,136.080002
65195,,,,,,,,,,,,,39.259068,46.794071,0.096193,0.316749,,,,,,,,,,,,
65198,,,,,,,,,,,,,,,,,,,,,,,0.008113,0.125294,0.989786,-20.580000,35.070000,133.000000
65197,,,,,,,,,,,,,,,,,,,,-0.545957,-0.676009,0.512026,,,,,,
65204,,,,,,,,,,,,,,,,,,,,,,,0.008113,0.125294,0.989786,-21.209999,41.580002,100.519997
65205,,,,,,,,,,,,,,,0.154571,0.257079,,,,-0.539477,-0.672059,0.534924,,,,,,
65206,,,,,,,,,,,,,37.972488,48.154594,,,,,,,,,,,,,,
65214,,,,,,,,,,,,,,,,,,,,,,,-0.050813,0.192455,1.074332,4.900000,40.599998,113.680000
65215,,,,,,,,,,,,,37.433865,49.291378,0.179606,0.206884,,,,,,,,,,,,
65220,,,,,,,,,,,,,,,,,,,,-0.532948,-0.668154,0.552165,,,,,,
65225,,,,-0.572906,-0.653960,0.639076,0.754566,2.485001,,,,,,,,,,,,,,,,,,,,
65227,,,,,,,,,,,36.941109,52.907585,37.637604,49.503975,0.075588,0.282730,-0.026451,0.033069,0.086663,,,,,,,,,
65228,,,,,,,,,,,,,,,,,,,,-0.526831,-0.663855,0.575252,-0.050813,0.192455,1.074332,-10.920000,12.810000,177.240005
65242,,,,,,,,,,,,,36.813797,50.473534,0.112751,0.240319,,,,,,,,,,,,
65235,,,,,,,,,,,,,,,,,,,,-0.520742,-0.659690,0.607068,,,,,,
65245,,,,,,,,,,,,,,,,,,,,,,,-0.035929,0.155794,1.032852,-14.700000,10.920000,183.679993
65250,,,,,,,,,,,,,,,,,,,,-0.515004,-0.655111,0.638988,-0.039955,0.236375,1.017724,-8.120000,-15.540000,208.320007
65255,,,,,,,,,,,,,,,,,,,,,,,-0.039955,0.236375,1.017724,5.320000,-10.570000,238.490005
65256,,,,,,,,,,,,,35.776386,51.270741,0.160066,0.205260,,,,,,,,,,,,
65258,,,,,,,,,,,,,,,,,,,,-0.509243,-0.650650,0.677043,,,,,,
65264,,,,,,,,,,,,,,,,,,,,,,,-0.039955,0.236375,1.017724,-34.650002,2.100000,275.519989
65265,,,,,,,,,,,,,35.125195,51.510773,0.190323,0.195168,,,,,,,,,,,,
65267,,,,,,,,,,,,,,,,,,,,-0.503816,-0.645870,0.721227,,,,,,
65275,,,,-0.544291,-0.628905,0.802047,0.756384,3.044147,,,,,,,,,,,,,,,,,,,,
65277,,,,,,,,,,,35.639660,54.468483,,,,,-0.019171,0.039510,0.081519,-0.498677,-0.640556,0.768765,,,,,,
65278,,,,,,,,,,,,,34.983028,51.484200,0.138479,0.268294,,,,,,,,,,,,
65279,,,,,,,,,,,,,,,,,,,,,,,-0.158417,0.260226,1.056459,-27.860001,0.980000,283.220001
65284,,,,,,,,,,,,,,,,,,,,,,,-0.158417,0.260226,1.056459,-15.750000,-18.059999,272.790009
65285,,,,,,,,,,,,,,,0.170579,0.262928,,,,-0.494002,-0.635456,0.816754,,,,,,
65286,,,,,,,,,,,,,34.286190,51.635609,,,,,,,,,,,,,,
65302,,,,,,,,,,,,,34.028969,52.835987,0.183000,0.209670,,,,,,,,,,,,
65299,,,,,,,,,,,,,,,,,,,,-0.489448,-0.630186,0.862232,,,,,,
65304,,,,,,,,,,,,,,,,,,,,,,,-0.014823,0.304085,1.047858,-14.910000,-38.150002,251.020004
65309,,,,,,,,,,,,,,,,,,,,,,,-0.050264,0.294874,0.969961,12.180000,-60.130001,249.970001
65308,,,,,,,,,,,,,,,,,,,,-0.485008,-0.624648,0.911275,,,,,,
65314,,,,,,,,,,,,,,,,,,,,,,,-0.050264,0.294874,0.969961,4.830000,-68.040001,261.380005
65315,,,,,,,,,,,,,,,0.201452,0.192809,,,,,,,,,,,,
65316,,,,,,,,,,,,,33.642334,53.224331,,,,,,-0.480738,-0.619221,0.957812,,,,,,
65325,,,,-0.519683,-0.598519,0.977847,0.769168,3.435575,,,,,,,,,,,,,,,,,,,,
65327,,,,,,,,,,,36.311821,55.605846,33.929199,52.748215,0.219967,0.266904,-0.005712,0.043868,0.023852,,,,,,,,,
65328,,,,,,,,,,,,,,,,,,,,,,,-0.050264,0.294874,1.076589,-1.820000,-9.450000,245.350006
65343,,,,,,,,,,,,,34.110973,53.074451,0.212914,0.253515,,,,,,,,,,,,
65338,,,,,,,,,,,,,,,,,,,,-0.472978,-0.607176,1.039779,,,,,,
65345,,,,,,,,,,,,,,,,,,,,,,,0.042578,0.289079,1.076589,4.480000,11.690000,204.539993
65350,,,,,,,,,,,,,,,,,,,,,,,0.055144,0.261141,0.891149,-3.080000,11.830000,191.309998
65349,,,,,,,,,,,,,,,,,,,,-0.472978,-0.607176,1.039779,,,,,,
65355,,,,,,,,,,,,,,,,,,,,,,,0.055144,0.261141,0.891149,-6.440000,9.310000,186.199997
65356,,,,,,,,,,,,,34.213829,53.562222,0.209361,0.232600,,,,,,,,,,,,
65357,,,,,,,,,,,,,,,,,,,,-0.469302,-0.600745,1.081507,,,,,,
65364,,,,,,,,,,,,,,,,,,,,,,,0.103761,0.300791,1.128195,-16.660000,-14.560000,189.279999
65365,,,,,,,,,,,,,35.027718,53.576618,0.173368,0.232996,,,,,,,,,,,,
65368,,,,,,,,,,,,,,,,,,,,-0.469302,-0.600745,1.081507,,,,,,
65375,,,,-0.499758,-0.562434,1.151196,0.800482,3.543313,,,,,,,,,,,,,,,,,,,,
65377,,,,,,,,,,,37.152138,58.344913,34.970440,53.326542,0.214936,0.370245,0.018413,0.044825,0.065146,,,,,,,,,
65378,,,,,,,,,,,,,,,,,,,,,,,0.103761,0.300791,1.128195,13.440000,-7.630000,174.860001
65376,,,,,,,,,,,,,,,,,,,,-0.465953,-0.594187,1.110674,,,,,,
65384,,,,,,,,,,,,,,,,,,,,-0.462946,-0.587605,1.140173,0.058499,0.202276,0.912255,-23.799999,30.170000,173.669998
65385,,,,,,,,,,,,,35.612114,53.807156,0.186826,0.350936,,,,,,,,,,,,
65402,,,,,,,,,,,,,35.939266,54.900105,0.172716,0.303481,,,,,,,,,,,,
65400,,,,,,,,,,,,,,,,,,,,-0.454616,-0.566153,1.233606,,,,,,
65405,,,,,,,,,,,,,,,,,,,,,,,0.058499,0.202276,0.912255,5.110000,14.630000,226.029999
65410,,,,,,,,,,,,,,,,,,,,,,,0.134017,0.229238,1.108187,-19.600000,-26.040001,242.479996
65408,,,,,,,,,,,,,,,,,,,,-0.452217,-0.558720,1.274675,,,,,,
65415,,,,,,,,,,,,,,,,,,,,,,,0.134017,0.229238,1.108187,-11.550000,-29.330000,257.950012
65416,,,,,,,,,,,,,36.262112,55.829453,0.158632,0.262916,,,,,,,,,,,,
65417,,,,,,,,,,,,,,,,,,,,-0.450230,-0.551133,1.316321,,,,,,
65425,,,,-0.485017,-0.520495,1.308710,0.854189,3.344490,,,,,,,,,,,,,,,,,,,,
65427,,,,,,,,,,,42.042431,60.078621,36.098858,56.753761,0.388484,0.300616,0.021883,0.041400,-0.004371,,,,,,,,,
65428,,,,,,,,,,,,,,,,,,,,,,,0.090463,0.270535,1.022238,2.730000,-17.780001,270.619995
65426,,,,,,,,,,,,,,,,,,,,-0.448294,-0.543488,1.365805,,,,,,
65434,,,,,,,,,,,,,,,,,,,,-0.459913,-0.580668,1.176515,0.090463,0.270535,1.022238,0.630000,37.169998,281.609985
65435,,,,,,,,,,,,,37.088867,57.825550,0.346577,0.253648,,,,,,,,,,,,
65441,,,,,,,,,,,,,,,,,,,,-0.446625,-0.535237,1.408964,,,,,,
65444,,,,,,,,,,,,,,,,,,,,,,,0.050935,0.307135,0.969595,3.220000,26.950001,269.220001
65445,,,,,,,,,,,,,38.342720,57.986301,0.292178,0.247505,,,,,,,,,,,,
65463,,,,,,,,,,,,,40.207848,58.325211,0.209371,0.233189,,,,,,,,,,,,
65461,,,,,,,,,,,,,,,,,,,,-0.444289,-0.518533,1.505561,,,,,,
65465,,,,,,,,,,,,,,,,,,,,,,,0.050935,0.307135,0.969595,-14.350000,-34.930000,149.940002
65470,,,,,,,,,,,,,,,,,,,,-0.443407,-0.510393,1.536509,0.212524,0.294996,1.005341,-7.630000,-17.360001,137.130005
65475,,,,-0.475749,-0.472772,1.443037,0.928947,2.931740,,,,,,,,,,,,,,,,,,,,
65477,,,,,,,,,,,48.907677,61.713154,41.393452,58.528042,0.466864,0.298519,0.036459,0.033727,-0.089610,,,,,,,,,
65480,,,,,,,,,,,,,,,,,,,,,,,0.212524,0.267485,0.933178,15.610000,-7.350000,121.800003
65479,,,,,,,,,,,,,,,,,,,,-0.443055,-0.501888,1.559470,,,,,,
65485,,,,,,,,,,,,,43.381134,58.456078,0.380815,0.303408,,,,,,,0.099735,0.267485,0.933178,-9.450000,16.940001,118.160004
65490,,,,,,,,,,,,,,,,,,,,-0.442708,-0.493410,1.582419,,,,,,
65495,,,,,,,,,,,,,46.362816,58.498985,0.248787,0.303138,,,,,,,0.099735,0.257725,1.057862,-18.410000,-5.740000,94.010002
65498,,,,,,,,,,,,,,,,,,,,-0.442880,-0.484614,1.598014,,,,,,
65505,,,,,,,,,,,,,48.352859,58.564232,0.160082,0.301836,,,,,,,0.145424,0.257725,1.057862,2.450000,-34.160000,57.540001
65506,,,,,,,,,,,,,,,,,,,,-0.443069,-0.476274,1.609576,,,,,,
65522,,,,,,,,,,,,,48.138481,58.763344,0.170063,0.294445,,,,,,,,,,,,
65521,,,,,,,,,,,,,,,,,,,,-0.443444,-0.467073,1.621069,,,,,,
65525,,,,-0.472014,-0.419562,1.552725,1.018993,2.437464,,,,,,,,,,,,,,,,,,,,
65527,,,,,,,,,,,55.472412,66.069366,47.991413,59.739059,0.473405,0.448326,0.048810,0.026041,-0.069654,,,,,,,,,
65528,,,,,,,,,,,,,,,,,,,,,,,0.237534,0.106445,0.936594,-4.760000,13.300000,70.910004
65529,,,,,,,,,,,,,,,,,,,,-0.444041,-0.457715,1.628702,,,,,,
65534,,,,,,,,,,,,,,,,,,,,,,,0.047763,0.132370,0.903715,8.960000,38.639999,87.919998
65535,,,,,,,,,,,,,50.038658,60.613033,0.384820,0.412120,,,,,,,,,,,,
65537,,,,,,,,,,,,,,,,,,,,-0.444589,-0.448203,1.643872,,,,,,
65539,,,,,,,,,,,,,,,,,,,,,,,0.047763,0.132370,0.903715,10.640000,45.779999,144.550003
65544,,,,,,,,,,,,,,,,,,,,,,,0.047763,0.132370,0.903715,-13.090000,-21.000000,151.270004
65545,,,,,,,,,,,,,52.517582,61.963020,0.275696,0.353974,,,,,,,,,,,,
65552,,,,,,,,,,,,,,,,,,,,-0.445311,-0.438722,1.662634,,,,,,
65555,,,,,,,,,,,,,54.067120,63.660984,0.207257,0.279426,,,,,,,0.226737,0.117608,1.138321,-1.820000,-80.080002,124.879997
65559,,,,,,,,,,,,,,,,,,,,-0.446205,-0.429246,1.692432,,,,,,
65564,,,,,,,,,,,,,,,,,,,,,,,0.226737,0.117608,1.138321,-11.270000,-23.100000,118.089996
65565,,,,,,,,,,,,,,,0.199907,0.242484,,,,,,,,,,,,
65566,,,,,,,,,,,,,54.245903,64.506638,,,,,,,,,,,,,,
65568,,,,,,,,,,,,,,,,,,,,-0.447113,-0.419927,1.714548,,,,,,
65582,,,,,,,,,,,,,54.076656,64.734238,0.208178,0.233011,,,,,,,,,,,,
65584,,,,-0.473632,-0.361375,1.639739,1.116199,1.957414,,,,,,,,,,,,,,,,,,,,
65586,,,,,,,,,,,62.822430,70.258041,,,,,0.061549,0.017701,-0.075829,-0.449867,-0.399673,1.758067,,,,,,
65575,,,,,,,,,,,,,,,,,,,,-0.448650,-0.409679,1.732728,,,,,,
65589,,,,,,,,,,,,,,,,,,,,,,,0.170251,0.154940,0.863394,5.670000,30.940001,127.400002
65594,,,,,,,,,,,,,,,,,,,,,,,-0.018605,0.254370,1.024129,-12.180000,36.400002,131.320007
65595,,,,,,,,,,,,,53.854424,64.015182,0.549188,0.454173,,,,,,,,,,,,
65599,,,,,,,,,,,,,,,,,,,,,,,-0.018605,0.254370,1.024129,11.690000,35.000000,133.419998
65602,,,,,,,,,,,,,,,,,,,,-0.451856,-0.389374,1.775816,,,,,,
65604,,,,,,,,,,,,,,,,,,,,,,,-0.018605,0.254370,1.024129,12.880000,30.379999,135.029999
65605,,,,,,,,,,,,,55.723972,65.369118,0.469702,0.396480,,,,,,,,,,,,
65610,,,,,,,,,,,,,,,,,,,,-0.453803,-0.379333,1.800700,,,,,,
65623,,,,,,,,,,,,,59.938183,67.446533,0.283815,0.305557,,,,,,,,,,,,
65625,,,,-0.480186,-0.298916,1.707166,1.211971,1.533844,,,,,,,,,,,,,,,,,,,,
65628,,,,,,,,,,,70.190712,74.113167,,,,,0.083266,0.007421,-0.092557,,,,,,,,,
65618,,,,,,,,,,,,,,,,,,,,-0.456241,-0.369324,1.821669,,,,,,
65629,,,,,,,,,,,,,63.405014,67.560364,0.459787,0.474323,,,,,,,,,,,,
65630,,,,,,,,,,,,,,,,,,,,,,,-0.048190,0.230275,1.038952,-24.360001,8.260000,90.930000
65626,,,,,,,,,,,,,,,,,,,,-0.458331,-0.359994,1.835847,,,,,,
65635,,,,,,,,,,,,,65.330994,69.626114,0.376915,0.385065,,,,,,,0.272365,0.097539,0.708515,-23.520000,-17.430000,61.880001
65640,,,,,,,,,,,,,,,,,,,,,,,0.272365,0.097539,0.708515,-5.460000,26.879999,40.320000
65641,,,,,,,,,,,,,,,,,,,,-0.460707,-0.350559,1.846410,,,,,,
65645,,,,,,,,,,,,,67.611557,70.675812,0.277162,0.340302,,,,,,,0.272365,0.113887,0.818620,6.090000,31.010000,34.369999
65648,,,,,,,,,,,,,,,,,,,,-0.463737,-0.339318,1.856685,,,,,,
65655,,,,,,,,,,,,,68.402054,71.528587,0.243042,0.303829,,,,,,,0.209779,0.113887,0.818620,-27.790001,-1.820000,43.049999
65656,,,,,,,,,,,,,,,,,,,,-0.466499,-0.329009,1.863682,,,,,,
65664,,,,,,,,,,,,,,,,,,,,,,,0.195810,0.147010,0.909205,10.430000,7.980000,31.150000
65665,,,,,,,,,,,,,67.974831,71.702484,0.263110,0.297355,,,,,,,,,,,,
65682,,,,,,,,,,,,,67.735046,71.530312,0.274992,0.306306,,,,,,,,,,,,
65684,,,,-0.491036,-0.233049,1.757939,1.298419,1.173161,,,,,,,,,,,,,,,,,,,,
65686,,,,,,,,,,,76.804901,77.630653,,,,,0.098347,-0.003976,-0.103494,-0.476330,-0.295723,1.880776,,,,,,
65678,,,,,,,,,,,,,,,,,,,,-0.472836,-0.307048,1.870456,,,,,,
65688,,,,,,,,,,,,,67.812302,71.989281,0.568385,0.444167,,,,,,,,,,,,
65689,,,,,,,,,,,,,,,,,,,,,,,0.195810,0.147010,0.909205,11.200000,20.790001,56.139999
65694,,,,,,,,,,,,,,,,,,,,,,,-0.008113,0.102236,0.952454,2.800000,6.370000,53.060001
65695,,,,,,,,,,,,,69.722694,73.237206,0.487535,0.391234,,,,,,,,,,,,
65699,,,,,,,,,,,,,,,,,,,,,,,-0.008113,0.102236,0.952454,-17.709999,-21.280001,49.209999
65700,,,,,,,,,,,,,,,,,,,,-0.479706,-0.284946,1.890990,,,,,,
65705,,,,,,,,,,,,,72.403267,74.261292,0.371258,0.347674,,,,,,,0.067649,0.104676,0.809897,-27.719999,-34.930000,35.980000
65708,,,,,,,,,,,,,,,,,,,,-0.483514,-0.274389,1.901134,,,,,,
65714,,,,,,,,,,,,,,,,,,,,,,,0.067649,0.104676,0.809897,-9.450000,38.430000,20.160000
65715,,,,,,,,,,,,,74.621368,74.540558,0.274296,0.336906,,,,,,,,,,,,
65716,,,,,,,,,,,,,,,,,,,,-0.487262,-0.263441,1.904673,,,,,,
65725,,,,-0.505347,-0.164757,1.794324,1.368927,0.865328,,,,,,,,,,,,,,,,,,,,
65727,,,,,,,,,,,82.203499,80.561981,74.836899,74.768906,0.506794,0.459033,0.099703,-0.014828,-0.106657,,,,,,,,,
65728,,,,,,,,,,,,,,,,,,,,,,,0.243207,0.035685,0.789218,-3.360000,67.129997,0.140000
65730,,,,,,,,,,,,,,,,,,,,-0.491536,-0.251592,1.907699,,,,,,
65743,,,,,,,,,,,,,76.657486,75.915787,0.429241,0.410768,,,,,,,,,,,,
65738,,,,,,,,,,,,,,,,,,,,-0.495482,-0.239865,1.904301,,,,,,
65745,,,,,,,,,,,,,,,,,,,,,,,0.243207,0.035685,0.789218,-3.850000,41.790001,-7.770000
65746,,,,,,,,,,,,,,,,,,,,-0.499729,-0.227997,1.904168,,,,,,
65750,,,,,,,,,,,,,,,,,,,,,,,0.127673,0.040687,0.946720,14.000000,-34.930000,-20.580000
65755,,,,,,,,,,,,,78.832039,77.312195,0.334946,0.350770,,,,,,,0.127673,0.040687,0.946720,49.840000,-59.779999,-26.040001
65761,,,,,,,,,,,,,,,,,,,,-0.503626,-0.216490,1.901131,,,,,,
65764,,,,,,,,,,,,,,,,,,,,,,,0.244793,-0.047519,0.906887,19.950001,-42.209999,-27.790001
65765,,,,,,,,,,,,,,,0.280787,0.334930,,,,,,,,,,,,
65766,,,,,,,,,,,,,80.083138,77.704033,,,,,,,,,,,,,,
65769,,,,,,,,,,,,,,,,,,,,-0.507658,-0.204595,1.890906,,,,,,
65775,,,,-0.522124,-0.095094,1.817793,1.418437,0.594983,,,,,,,,,,,,,,,,,,,,
65777,,,,,,,,,,,85.420677,83.758301,,,,,0.108241,-0.020527,-0.072007,,,,,,,,,
65778,,,,,,,,,,,,,80.463249,78.461472,0.408391,0.445111,,,,,,,,,,,,
65779,,,,,,,,,,,,,,,,,,,,,,,0.244793,-0.047519,0.906887,-6.650000,14.980000,-30.450001
65784,,,,,,,,,,,,,,,,,,,,,,,0.126026,-0.026901,0.642269,-5.530000,39.480000,-25.900000
65785,,,,,,,,,,,,,81.050133,79.365837,0.384736,0.407462,,,,,,,,,,,,
65802,,,,,,,,,,,,,81.895592,80.152237,0.349243,0.374615,,,,,,,,,,,,
65799,,,,,,,,,,,,,,,,,,,,-0.520366,-0.166382,1.880606,,,,,,
65805,,,,,,,,,,,,,,,,,,,,,,,0.126026,-0.026901,0.642269,-0.420000,23.240000,-11.410000
65807,,,,,,,,,,,,,,,,,,,,-0.524508,-0.153632,1.873900,,,,,,
65811,,,,,,,,,,,,,,,,,,,,,,,0.097600,-0.085827,0.893284,-11.200000,-31.850000,-9.940000
65816,,,,,,,,,,,,,82.959671,81.492813,0.303560,0.316635,,,,,,,0.105225,-0.062525,1.022604,-11.970000,-42.139999,-9.030000
65815,,,,,,,,,,,,,,,,,,,,-0.528904,-0.141068,1.873892,,,,,,
65825,,,,-0.540256,-0.025142,1.829015,1.443560,0.345993,,,,,,,,,,,,,,,,,,,,
65827,,,,,,,,,,,87.078423,85.371284,83.199982,81.965767,0.367859,0.368481,0.113852,-0.023715,-0.045010,,,,,,,,,
65828,,,,,,,,,,,,,,,,,,,,,,,0.105225,-0.062525,1.022604,16.379999,-50.330002,-7.910000
65831,,,,,,,,,,,,,,,,,,,,-0.532652,-0.128600,1.873961,,,,,,
65834,,,,,,,,,,,,,,,,,,,,,,,0.038369,-0.076860,0.898774,8.470000,-31.920000,-5.110000
65835,,,,,,,,,,,,,83.438354,82.399887,0.359215,0.350871,,,,,,,,,,,,
65839,,,,,,,,,,,,,,,,,,,,-0.536622,-0.115563,1.874020,,,,,,
65844,,,,,,,,,,,,,,,,,,,,,,,0.038369,-0.076860,0.898774,-5.460000,-1.820000,-6.720000
65845,,,,,,,,,,,,,84.451469,82.481827,0.315919,0.348736,,,,,,,,,,,,
65848,,,,,,,,,,,,,,,,,,,,-0.540671,-0.102773,1.870531,,,,,,
65862,,,,,,,,,,,,,84.334259,83.000824,0.322485,0.327080,,,,,,,,,,,,
65856,,,,,,,,,,,,,,,,,,,,-0.544951,-0.089485,1.867102,,,,,,
65865,,,,,,,,,,,,,,,,,,,,,,,0.047214,-0.010919,0.752984,-19.389999,41.509998,-14.070000
65870,,,,,,,,,,,,,,,,,,,,,,,0.047214,-0.010919,0.903349,5.740000,59.220001,-9.310000
65871,,,,,,,,,,,,,,,,,,,,-0.549232,-0.075699,1.866987,,,,,,
65875,,,,-0.558564,0.044042,1.827872,1.442635,0.102526,,,,,,,,,,,,,,,,,,,,
65877,,,,,,,,,,,87.545792,84.841217,84.434921,82.948753,0.340113,0.306914,0.117120,-0.025935,-0.038611,,,,,,,,,
65879,,,,,,,,,,,,,,,,,,,,,,,0.038064,-0.058316,0.903349,12.460000,40.459999,-9.450000
65880,,,,,,,,,,,,,,,,,,,,-0.553390,-0.062178,1.866909,,,,,,
65884,,,,,,,,,,,,,,,,,,,,,,,0.038064,-0.058316,0.903349,32.549999,32.060001,-3.150000
65885,,,,,,,,,,,,,85.245476,82.642448,0.305603,0.321520,,,,,,,,,,,,
65887,,,,,,,,,,,,,,,,,,,,-0.557720,-0.048683,1.866817,,,,,,
65894,,,,,,,,,,,,,,,,,,,,,,,-0.043249,-0.056730,1.080554,-6.160000,25.059999,-9.450000
65895,,,,,,,,,,,,,,,0.298455,0.320351,,,,-0.561636,-0.035176,1.866711,,,,,,
65896,,,,,,,,,,,,,85.432320,82.693863,,,,,,,,,,,,,,
65904,,,,,,,,,,,,,,,,,,,,,,,-0.043249,-0.056730,1.080554,18.480000,10.920000,-15.680000
65905,,,,,,,,,,,,,85.054520,82.750381,0.316357,0.318930,,,,,,,,,,,,
65922,,,,,,,,,,,,,84.806030,82.867332,0.328694,0.314788,,,,,,,,,,,,
65925,,,,-0.575856,0.111463,1.813419,1.415728,-0.151391,,,,,,,,,,,,,,,,,,,,
65927,,,,,,,,,,,86.923073,82.163254,,,,,0.142117,-0.028877,-0.051682,-0.574038,0.004480,1.852816,,,,,,
65918,,,,,,,,,,,,,,,,,,,,-0.569554,-0.008422,1.859870,,,,,,
65928,,,,,,,,,,,,,85.337547,82.774208,0.278703,0.200679,,,,,,,,,,,,
65929,,,,,,,,,,,,,,,,,,,,,,,-0.022753,-0.022997,0.858209,-9.730000,5.110000,-23.799999
65934,,,,,,,,,,,,,,,,,,,,,,,-0.065392,0.010065,1.053409,0.770000,-12.460000,-27.580000
65935,,,,,,,,,,,,,,,0.267251,0.234746,,,,-0.578068,0.017673,1.852882,,,,,,
65936,,,,,,,,,,,,,85.612823,82.002365,,,,,,,,,,,,,,
65940,,,,,,,,,,,,,,,,,,,,,,,-0.065392,0.010065,1.053409,10.780000,-1.400000,-31.500000
65945,,,,,,,,,,,,,85.193130,81.607025,0.286613,0.252437,,,,,,,-0.065392,0.010065,1.053409,6.720000,7.630000,-56.840000
65951,,,,,,,,,,,,,,,,,,,,-0.581760,0.030699,1.845880,,,,,,
65954,,,,,,,,,,,,,,,,,,,,,,,-0.126819,-0.114009,0.868701,3.710000,27.650000,-80.150002
65955,,,,,,,,,,,,,84.820160,80.707924,0.304108,0.292768,,,,,,,,,,,,
65959,,,,,,,,,,,,,,,,,,,,-0.585404,0.043760,1.831967,,,,,,
65964,,,,,,,,,,,,,,,,,,,,,,,-0.126819,-0.114009,0.730048,19.320000,44.240002,-76.440002
65965,,,,,,,,,,,,,84.559395,80.000046,0.316795,0.325040,,,,,,,,,,,,
65967,,,,,,,,,,,,,,,,,,,,-0.588820,0.056515,1.821422,,,,,,
65984,,,,-0.590975,0.176230,1.783819,1.364609,-0.432797,,,,,,,,,,,,,,,,,,,,
65986,,,,,,,,,,,84.177750,78.896561,84.613327,79.985031,0.193265,0.181176,0.118560,-0.027421,-0.037529,,,,,,,,,
65974,,,,,,,,,,,,,,,,,,,,-0.592198,0.069573,1.806964,,,,,,
65988,,,,,,,,,,,,,,,,,,,,,,,-0.202703,-0.138897,0.730048,23.309999,51.169998,-81.199997
65989,,,,,,,,,,,,,,,,,,,,-0.595365,0.082677,1.792933,,,,,,
65993,,,,,,,,,,,,,,,,,,,,,,,-0.074603,-0.170739,0.808372,-5.320000,37.310001,-77.209999
65995,,,,,,,,,,,,,84.136543,79.065674,0.214337,0.221682,,,,,,,,,,,,
65999,,,,,,,,,,,,,,,,,,,,,,,-0.074603,-0.170739,0.808372,-1.120000,35.349998,-77.139999
65998,,,,,,,,,,,,,,,,,,,,-0.598465,0.095888,1.778270,,,,,,
66004,,,,,,,,,,,,,,,,,,,,,,,-0.088694,-0.183854,1.060180,3.080000,30.379999,-73.010002
66005,,,,,,,,,,,,,82.313133,76.949303,0.295800,0.316122,,,,,,,,,,,,
66008,,,,,,,,,,,,,,,,,,,,-0.601279,0.108464,1.763982,,,,,,
66014,,,,,,,,,,,,,,,,,,,,,,,-0.088694,-0.183854,1.060180,-3.430000,57.680000,-60.689999
66015,,,,,,,,,,,,,81.351891,76.289055,0.339686,0.346606,,,,,,,,,,,,
66016,,,,,,,,,,,,,,,,,,,,-0.603962,0.121654,1.756559,,,,,,
66025,,,,-0.602848,0.237584,1.736240,1.292717,-0.760634,,,,,,,,,,,,-0.606221,0.134908,1.745042,,,,,,
66027,,,,,,,,,,,80.196121,74.360611,81.808533,76.627350,0.142728,0.129995,0.113949,-0.022603,-0.021597,,,,,,,,,
66029,,,,,,,,,,,,,,,,,,,,,,,-0.298961,-0.188368,0.823378,33.669998,97.790001,-60.060001
66042,,,,,,,,,,,,,,,0.204872,0.187385,,,,,,,,,,,,
66043,,,,,,,,,,,,,80.402023,75.319557,,,,,,,,,,,,,,
66035,,,,,,,,,,,,,,,,,,,,-0.608712,0.147954,1.733076,,,,,,
66045,,,,,,,,,,,,,,,,,,,,,,,-0.298961,-0.188368,0.823378,-18.549999,22.330000,-45.779999
66050,,,,,,,,,,,,,,,,,,,,-0.610745,0.159855,1.726531,-0.209169,-0.148352,0.957883,3.220000,-48.720001,-53.830002
66055,,,,,,,,,,,,,78.640877,73.096344,0.283612,0.286427,,,,,,,-0.209169,-0.148352,0.957883,-0.420000,-11.970000,-54.110001
66059,,,,,,,,,,,,,,,,,,,,-0.612658,0.171602,1.716053,,,,,,
66064,,,,,,,,,,,,,,,,,,,,,,,-0.442494,-0.127490,0.608963,14.630000,38.430000,-59.290001
66065,,,,,,,,,,,,,,,0.327849,0.315668,,,,,,,,,,,,
66066,,,,,,,,,,,,,77.670540,72.457657,,,,,,,,,,,,,,
66067,,,,,,,,,,,,,,,,,,,,-0.614437,0.183326,1.708239,,,,,,
66082,,,,,,,,,,,,,77.937218,72.557526,0.317202,0.312170,,,,,,,,,,,,
66084,,,,-0.610533,0.294921,1.666860,1.205116,-1.155359,,,,,,,,,,,,,,,,,,,,
66086,,,,,,,,,,,76.235336,67.761703,,,,,0.110000,-0.019086,-0.041122,-0.616177,0.194864,1.697000,,,,,,
66087,,,,,,,,,,,,,77.513344,71.901688,0.159879,0.046594,,,,,,,,,,,,
66076,,,,,,,,,,,,,,,,,,,,-0.616177,0.194864,1.697000,,,,,,
66089,,,,,,,,,,,,,,,,,,,,,,,-0.442494,-0.127490,0.608963,-10.290000,8.050000,-68.110001
66094,,,,,,,,,,,,,,,,,,,,-0.617957,0.205950,1.682318,-0.308538,-0.119682,0.612562,-9.100000,-80.779999,-66.849998
66095,,,,,,,,,,,,,,,0.181401,0.144376,,,,,,,,,,,,
66096,,,,,,,,,,,,,77.019135,69.675400,,,,,,,,,,,,,,
66100,,,,,,,,,,,,,,,,,,,,,,,-0.039955,-0.152134,0.872849,-19.040001,-115.570000,-69.790001
66102,,,,,,,,,,,,,,,,,,,,-0.619275,0.216650,1.671977,,,,,,
66105,,,,,,,,,,,,,75.255775,67.426460,0.260128,0.244314,,,,,,,-0.039955,-0.152134,0.872849,-4.270000,-97.160004,-74.970001
66110,,,,,,,,,,,,,,,,,,,,-0.620486,0.227105,1.657439,,,,,,
66115,,,,,,,,,,,,,74.294464,66.060745,0.303766,0.305770,,,,,,,-0.039955,-0.152134,0.872849,40.880001,-2.730000,-104.790001
66119,,,,,,,,,,,,,,,,,,,,-0.621319,0.237496,1.643116,,,,,,
66125,,,,-0.613251,0.347802,1.571244,1.108464,-1.635026,,,,,,,,,,,,,,,,,,,,
66127,,,,,,,,,,,72.035889,60.199059,74.007370,66.159836,0.128933,-0.037973,0.109105,-0.015750,-0.070554,-0.622161,0.248284,1.623796,,,,,,
66128,,,,,,,,,,,,,,,,,,,,,,,-0.405650,-0.193004,0.841495,22.190001,25.549999,-120.400002
66142,,,,,,,,,,,,,72.643456,62.706146,0.189310,0.114416,,,,,,,,,,,,
66141,,,,,,,,,,,,,,,,,,,,-0.622880,0.258973,1.600659,,,,,,
66145,,,,,,,,,,,,,,,,,,,,,,,-0.405650,-0.193004,0.933300,11.480000,24.780001,-107.169998
66150,,,,,,,,,,,,,,,,,,,,-0.623134,0.269718,1.581278,-0.159698,-0.236314,0.933300,12.250000,47.810001,-130.619995
66155,,,,,,,,,,,,,70.578209,58.927910,0.281952,0.283184,,,,,,,-0.392657,-0.214415,0.828014,1.400000,101.849998,-148.750000
66158,,,,,,,,,,,,,,,,,,,,-0.623225,0.280189,1.555489,,,,,,
66164,,,,,,,,,,,,,,,,,,,,,,,-0.392657,-0.214415,0.828014,17.219999,163.029999,-181.229996
66165,,,,,,,,,,,,,69.808998,57.263149,0.317320,0.358764,,,,,,,,,,,,
66167,,,,,,,,,,,,,,,,,,,,-0.623188,0.291077,1.529546,,,,,,
66175,,,,-0.610417,0.395954,1.445679,1.010953,-2.202967,,,,,,,,,,,,,,,,,,,,
66177,,,,,,,,,,,67.584496,52.905880,70.342072,57.929230,0.093678,0.001232,0.105323,-0.008223,-0.082982,,,,,,,,,
66178,,,,,,,,,,,,,,,,,,,,,,,-0.463173,-0.227896,0.776469,25.969999,10.710000,-185.919998
66181,,,,,,,,,,,,,,,,,,,,-0.622880,0.300825,1.492139,,,,,,
66184,,,,,,,,,,,,,,,,,,,,,,,-0.463173,-0.227896,0.776469,42.209999,-102.199997,-163.800003
66185,,,,,,,,,,,,,69.868362,56.753563,0.113657,0.051753,,,,,,,,,,,,
66202,,,,,,,,,,,,,67.862389,53.802547,0.203090,0.183067,,,,,,,,,,,,
66199,,,,,,,,,,,,,,,,,,,,-0.622041,0.317049,1.434735,,,,,,
66205,,,,,,,,,,,,,,,,,,,,,,,-0.065575,-0.215635,0.630191,-26.459999,-136.360001,-155.050003
66207,,,,,,,,,,,,,,,,,,,,-0.621191,0.325044,1.405286,,,,,,
66210,,,,,,,,,,,,,,,,,,,,,,,-0.065575,-0.414190,1.076650,-9.940000,19.250000,-172.550003
66215,,,,,,,,,,,,,,,,,,,,-0.619932,0.333387,1.380129,-0.598898,-0.414190,1.076650,-8.050000,46.689999,-177.729996
66216,,,,,,,,,,,,,66.080757,51.907845,0.283420,0.268187,,,,,,,,,,,,
66225,,,,-0.601656,0.439275,1.290091,0.922024,-2.821365,,,,,,,,,,,,,,,,,,,,
66227,,,,,,,,,,,63.670139,46.151714,65.258789,50.919086,0.144319,0.007696,0.106842,0.002124,-0.090860,,,,,,,,,
66228,,,,,,,,,,,,,,,,,,,,,,,-0.598898,-0.414190,1.076650,27.860001,60.410000,-171.779999
66229,,,,,,,,,,,,,,,,,,,,-0.618232,0.341811,1.351535,,,,,,
66235,,,,,,,,,,,,,64.121552,48.765835,0.195009,0.102767,,,,,,,-0.161955,-0.312564,0.827038,13.090000,56.770000,-168.279999
66238,,,,,,,,,,,,,,,,,,,,-0.616538,0.349875,1.320020,,,,,,
66244,,,,,,,,,,,,,,,,,,,,,,,-0.161955,-0.312564,0.827038,34.299999,27.440001,-149.309998
66245,,,,,,,,,,,,,62.185055,45.971481,0.282484,0.227983,,,,,,,,,,,,
66246,,,,,,,,,,,,,,,,,,,,-0.614370,0.357849,1.292348,,,,,,
66262,,,,,,,,,,,,,61.949852,45.651932,0.293901,0.242549,,,,,,,,,,,,
66260,,,,,,,,,,,,,,,,,,,,-0.611840,0.365731,1.255061,,,,,,
66265,,,,,,,,,,,,,,,,,,,,,,,-0.125782,-0.346419,1.071282,27.440001,56.770000,-232.259995
66270,,,,,,,,,,,,,,,,,,,,,,,-0.281271,-0.223687,0.982039,10.360000,-46.480000,-227.080002
66268,,,,,,,,,,,,,,,,,,,,-0.609117,0.373172,1.217933,,,,,,
66275,,,,-0.586814,0.477808,1.111928,0.851461,-3.377901,,,,,,,,,,,,,,,,,,,,
66277,,,,,,,,,,,60.771191,40.495106,,,,,0.105534,0.015190,-0.106292,,,,,,,,,
66278,,,,,,,,,,,,,62.213886,45.369659,0.151395,-0.001062,,,,,,,,,,,,
66276,,,,,,,,,,,,,,,,,,,,-0.606721,0.379851,1.177715,,,,,,
66280,,,,,,,,,,,,,,,,,,,,,,,-0.281271,-0.223687,0.982039,8.190000,-86.099998,-217.559998
66285,,,,,,,,,,,,,61.503479,43.808929,0.182893,0.067259,,,,,,,-0.281271,-0.223687,0.647820,23.100000,-145.320007,-216.860001
66291,,,,,,,,,,,,,,,,,,,,-0.604275,0.386014,1.140588,,,,,,
66294,,,,,,,,,,,,,,,,,,,,,,,0.045628,-0.307623,0.647820,2.100000,-163.660004,-227.080002
66295,,,,,,,,,,,,,60.521362,41.246998,0.227089,0.181824,,,,,,,,,,,,
66299,,,,,,,,,,,,,,,,,,,,-0.601596,0.391802,1.100812,,,,,,
66304,,,,,,,,,,,,,,,,,,,,,,,0.045628,-0.336293,1.055178,15.400000,-95.339996,-261.380005
66305,,,,,,,,,,,,,60.783607,40.183521,0.215316,0.229703,,,,,,,,,,,,
66307,,,,,,,,,,,,,,,,,,,,-0.598731,0.397617,1.058893,,,,,,
66322,,,,,,,,,,,,,60.277214,40.334621,0.238292,0.223006,,,,,,,,,,,,
66315,,,,,,,,,,,,,,,,,,,,-0.595563,0.403256,1.008004,,,,,,
66325,,,,-0.565954,0.511737,0.927182,0.807331,-3.693347,,,,,,,,,,,,,,,,,,,,
66327,,,,,,,,,,,58.397034,37.844288,60.425816,40.409927,0.123903,0.099175,0.106791,0.032689,-0.082077,,,,,,,,,
66330,,,,,,,,,,,,,,,,,,,,-0.592202,0.408696,0.964092,-0.312503,-0.336293,1.055178,23.100000,-58.310001,-243.740005
66335,,,,,,,,,,,,,59.608913,39.395763,0.159990,0.143952,,,,,,,-0.081130,-0.368928,0.856806,14.350000,-29.330000,-208.880005
66340,,,,,,,,,,,,,,,,,,,,,,,-0.081130,-0.368928,0.856806,8.750000,12.460000,-202.509995
66338,,,,,,,,,,,,,,,,,,,,-0.588569,0.414069,0.923902,,,,,,
66345,,,,,,,,,,,,,57.829185,38.081039,0.240267,0.202916,,,,,,,0.021106,-0.339892,1.076040,10.640000,21.559999,-203.699997
66346,,,,,,,,,,,,,,,,,,,,-0.584294,0.420031,0.883730,,,,,,
66362,,,,,,,,,,,,,57.347698,37.723454,0.262448,0.219049,,,,,,,,,,,,
66360,,,,,,,,,,,,,,,,,,,,-0.579934,0.425450,0.853214,,,,,,
66365,,,,,,,,,,,,,,,,,,,,,,,0.021106,-0.339892,1.076040,1.120000,41.720001,-170.940002
66370,,,,,,,,,,,,,,,,,,,,,,,-0.124806,-0.316956,0.980026,7.210000,42.279999,-174.580002
66368,,,,,,,,,,,,,,,,,,,,-0.575120,0.430921,0.822819,,,,,,
66375,,,,-0.539349,0.541360,0.754788,0.793031,-3.630067,,,,,,,,,,,,,,,,,,,,
66377,,,,,,,,,,,56.999027,37.640381,56.753639,37.762257,0.226437,0.208082,0.104745,0.048949,-0.067551,,,,,,,,,
66376,,,,,,,,,,,,,,,,,,,,-0.570185,0.436100,0.792690,,,,,,
66380,,,,,,,,,,,,,,,,,,,,,,,-0.124806,-0.316956,0.980026,8.540000,19.110001,-187.179993
66385,,,,,,,,,,,,,56.444870,38.459591,0.240590,0.176340,,,,,,,0.098332,-0.239425,0.983808,-8.260000,-33.599998,-174.929993
66391,,,,,,,,,,,,,,,,,,,,-0.565379,0.441007,0.762797,,,,,,
66394,,,,,,,,,,,,,,,,,,,,,,,0.098332,-0.239425,0.983808,1.260000,-52.430000,-175.210007
66395,,,,,,,,,,,,,56.257988,38.386024,0.249366,0.179259,,,,,,,,,,,,
66399,,,,,,,,,,,,,,,,,,,,-0.560474,0.445711,0.730180,,,,,,
66404,,,,,,,,,,,,,,,,,,,,,,,0.042761,-0.223321,1.028277,14.140000,-0.350000,-170.940002
66405,,,,,,,,,,,,,56.123734,37.790665,0.255847,0.205921,,,,,,,,,,,,
66407,,,,,,,,,,,,,,,,,,,,-0.555350,0.450355,0.700708,,,,,,
66421,,,,,,,,,,,,,55.791508,37.966743,0.271391,0.197844,,,,,,,,,,,,
66425,,,,-0.507465,0.567068,0.608143,0.805500,-3.219919,,,,,,,,,,,,,,,,,,,,
66427,,,,,,,,,,,56.811726,39.163765,55.509457,37.656208,0.276169,0.280814,0.110582,0.058876,-0.088126,,,,,,,,,
66428,,,,,,,,,,,,,,,,,,,,,,,0.042761,-0.223321,1.028277,-11.410000,45.849998,-182.490005
66422,,,,,,,,,,,,,,,,,,,,-0.549711,0.455429,0.668298,,,,,,
66430,,,,,,,,,,,,,,,,,,,,-0.543629,0.459997,0.636111,,,,,,
66433,,,,,,,,,,,,,,,,,,,,,,,0.055632,-0.226859,0.838506,17.500000,37.869999,-182.979996
66435,,,,,,,,,,,,,,,0.257396,0.253376,,,,,,,,,,,,
66436,,,,,,,,,,,,,55.938549,38.278854,,,,,,,,,,,,,,
66439,,,,,,,,,,,,,,,,,,,,,,,0.068076,-0.307135,1.130696,2.590000,24.920000,-187.460007
66438,,,,,,,,,,,,,,,,,,,,-0.537521,0.464417,0.609921,,,,,,
66444,,,,,,,,,,,,,,,,,,,,,,,0.068076,-0.307135,1.130696,41.650002,-13.860000,-177.029999
66445,,,,,,,,,,,,,55.886093,39.373592,0.260222,0.204226,,,,,,,,,,,,
66446,,,,,,,,,,,,,,,,,,,,-0.531094,0.468632,0.575194,,,,,,
66454,,,,,,,,,,,,,,,,,,,,,,,0.068076,-0.307135,1.033645,13.300000,-39.410000,-159.600006
66455,,,,,,,,,,,,,56.335663,39.702896,0.240327,0.189196,,,,,,,,,,,,
66461,,,,,,,,,,,,,,,,,,,,-0.525131,0.472497,0.549306,,,,,,
66464,,,,,,,,,,,,,,,,,,,,,,,0.116083,-0.230397,1.033645,25.270000,-16.730000,-159.669998
66465,,,,,,,,,,,,,56.712059,39.978653,0.223517,0.176423,,,,,,,,,,,,
66469,,,,,,,,,,,,,,,,,,,,-0.518613,0.476266,0.520621,,,,,,
66483,,,,-0.470933,0.589315,0.491802,0.836501,-2.631841,,,,,,,,,,,,,,,,,,,,
66485,,,,,,,,,,,56.224377,43.779415,,,,,,,,-0.505313,0.483369,0.460772,,,,,,
66486,,,,,,,,,,,,,,,0.204272,0.377818,0.097961,0.074284,-0.029808,,,,,,,,,
66487,,,,,,,,,,,,,56.551178,40.133373,,,,,,,,,,,,,,
66489,,,,,,,,,,,,,,,,,,,,,,,0.033184,-0.233935,1.031632,5.040000,-2.870000,-166.669998
66494,,,,,,,,,,,,,,,,,,,,,,,-0.006771,-0.208986,0.846985,-6.370000,14.070000,-171.429993
66495,,,,,,,,,,,,,56.179882,41.137695,0.220896,0.334272,,,,,,,,,,,,
66499,,,,,,,,,,,,,,,,,,,,-0.498298,0.486942,0.429539,-0.006771,-0.208986,0.846985,-14.490000,24.780001,-154.000000
66505,,,,,,,,,,,,,56.039440,42.834839,0.227270,0.258878,,,,,,,-0.006771,-0.208986,0.846985,-9.590000,13.370000,-121.309998
66507,,,,,,,,,,,,,,,,,,,,-0.491310,0.490447,0.401257,,,,,,
66514,,,,,,,,,,,,,,,,,,,,,,,0.118950,-0.166042,1.132099,-13.650000,-7.980000,-74.550003
66515,,,,,,,,,,,,,,,0.232310,0.219222,,,,-0.484327,0.493998,0.378642,,,,,,
66516,,,,,,,,,,,,,55.930107,43.722443,,,,,,,,,,,,,,
66525,,,,-0.430526,0.608605,0.404075,0.875982,-2.028805,,,,,,,,,,,,,,,,,,,,
66527,,,,,,,,,,,55.982559,48.753216,56.011238,44.797432,0.217860,0.395056,0.092287,0.086460,0.023465,,,,,,,,,
66528,,,,,,,,,,,,,,,,,,,,,,,0.118950,-0.166042,1.132099,-12.950000,-19.320000,-56.279999
66530,,,,,,,,,,,,,,,,,,,,-0.477185,0.497328,0.361748,,,,,,
66546,,,,,,,,,,,,,55.546078,46.691349,0.238821,0.311678,,,,,,,,,,,,
66538,,,,,,,,,,,,,,,,,,,,-0.469757,0.500583,0.350508,,,,,,
66549,,,,,,,,,,,,,,,,,,,,,,,0.066917,-0.168665,0.963251,-1.960000,-3.640000,2.240000
66547,,,,,,,,,,,,,,,,,,,,-0.461909,0.503809,0.344879,,,,,,
66554,,,,,,,,,,,,,,,,,,,,,,,0.112118,-0.100345,1.052189,9.100000,-40.810001,25.690001
66556,,,,,,,,,,,,,55.311947,49.004974,0.249602,0.208404,,,,,,,,,,,,
66558,,,,,,,,,,,,,,,,,,,,,,,0.112118,-0.100345,1.052189,21.139999,-31.290001,49.770000
66562,,,,,,,,,,,,,,,,,,,,-0.454112,0.506776,0.347702,,,,,,
66564,,,,,,,,,,,,,,,,,,,,,,,0.112118,-0.100345,1.052189,4.480000,-19.740000,60.200001
66565,,,,,,,,,,,,,55.358871,50.603397,0.247830,0.136196,,,,,,,,,,,,
66569,,,,,,,,,,,,,,,,,,,,-0.446095,0.509892,0.358973,,,,,,
66575,,,,-0.387121,0.625461,0.340819,0.914875,-1.494889,,,,,,,,,,,,,,,,,,,,
66577,,,,,,,,,,,57.541157,51.859970,55.104458,50.155922,0.329435,0.295194,0.095366,0.087807,-0.016066,-0.437854,0.513474,0.367457,,,,,,
66578,,,,,,,,,,,,,,,,,,,,,,,0.122366,-0.009516,1.096048,-11.270000,0.000000,47.669998
66584,,,,,,,,,,,,,,,,,,,,,,,0.122366,-0.009516,1.096048,-3.290000,-2.030000,16.100000
66585,,,,,,,,,,,,,,,0.314318,0.244464,,,,-0.429703,0.516757,0.373061,,,,,,
66586,,,,,,,,,,,,,55.468784,51.305084,,,,,,,,,,,,,,
66602,,,,,,,,,,,,,56.375198,52.224941,0.274675,0.203444,,,,,,,,,,,,
66600,,,,,,,,,,,,,,,,,,,,-0.421504,0.520170,0.373089,,,,,,
66605,,,,,,,,,,,,,,,,,,,,,,,-0.016714,0.028609,0.983320,1.680000,-8.610000,-59.220001
66610,,,,,,,,,,,,,,,,,,,,,,,0.107055,0.023424,0.880413,-18.549999,-52.709999,-58.660000
66608,,,,,,,,,,,,,,,,,,,,-0.413332,0.523413,0.364630,,,,,,
66615,,,,,,,,,,,,,,,,,,,,,,,0.107055,0.023424,0.880413,-23.170000,-29.610001,-70.839996
66616,,,,,,,,,,,,,57.380077,52.230389,0.230149,0.203013,,,,-0.405385,0.526913,0.353559,,,,,,
66625,,,,-0.341666,0.640408,0.297795,0.946269,-1.049767,,,,,,,,,,,,,,,,,,,,
66627,,,,,,,,,,,58.850887,54.167004,57.867462,52.096333,0.267068,0.312247,0.098570,0.085040,-0.051820,,,,,,,,,
66628,,,,,,,,,,,,,,,,,,,,,,,0.107055,-0.073200,0.933666,-3.990000,31.570000,-90.510002
66642,,,,,,,,,,,,,58.425896,52.488266,0.242544,0.295738,,,,,,,,,,,,
66639,,,,,,,,,,,,,,,,,,,,-0.388575,0.533831,0.314078,,,,,,
66645,,,,,,,,,,,,,,,,,,,,,,,0.063135,-0.073200,0.933666,-18.129999,42.700001,-90.230003
66647,,,,,,,,,,,,,,,,,,,,-0.379926,0.537096,0.294439,,,,,,
66650,,,,,,,,,,,,,,,,,,,,,,,0.034770,-0.168787,0.989481,10.080000,1.750000,-62.860001
66656,,,,,,,,,,,,,58.777615,52.980186,0.226999,0.274549,,,,,,,0.034770,-0.168787,0.989481,1.680000,-36.470001,-59.430000
66661,,,,,,,,,,,,,,,,,,,,-0.371269,0.539997,0.286041,,,,,,
66664,,,,,,,,,,,,,,,,,,,,,,,0.082716,-0.159393,1.025227,5.670000,-42.139999,-38.150002
66665,,,,,,,,,,,,,59.157043,54.279087,0.210034,0.216947,,,,,,,,,,,,
66669,,,,,,,,,,,,,,,,,,,,-0.362644,0.542885,0.274922,,,,,,
66675,,,,-0.295150,0.653956,0.271601,0.965512,-0.682553,,,,,,,,,,,,,,,,,,,,
66677,,,,,,,,,,,58.244648,57.221783,58.743454,54.639141,0.201260,0.337567,0.095136,0.088502,-0.005586,-0.353900,0.545374,0.272107,,,,,,
66678,,,,,,,,,,,,,,,,,,,,,,,0.082716,-0.159393,1.025227,27.719999,6.020000,-19.320000
66684,,,,,,,,,,,,,,,,,,,,,,,0.027145,-0.094245,1.003877,4.620000,34.580002,-19.950001
66685,,,,,,,,,,,,,58.600746,55.147377,0.207397,0.316122,,,,-0.344852,0.548244,0.269276,,,,,,
66702,,,,,,,,,,,,,57.968712,56.395672,0.235519,0.261278,,,,,,,,,,,,
66700,,,,,,,,,,,,,,,,,,,,-0.335602,0.551115,0.266484,,,,,,
66705,,,,,,,,,,,,,,,,,,,,,,,0.027145,-0.094245,1.003877,0.770000,23.520000,27.719999
66710,,,,,,,,,,,,,,,,,,,,,,,0.035624,-0.037759,1.052128,-8.750000,-22.680000,41.439999
66708,,,,,,,,,,,,,,,,,,,,-0.326505,0.554054,0.269260,,,,,,
66715,,,,,,,,,,,,,,,,,,,,,,,0.035624,-0.037759,1.052128,-13.440000,-30.170000,54.669998
66716,,,,,,,,,,,,,57.531498,57.402031,0.255238,0.216632,,,,-0.317432,0.556877,0.274871,,,,,,
66725,,,,-0.248557,0.666581,0.259874,0.969904,-0.373068,,,,,,,,,,,,,,,,,,,,
66727,,,,,,,,,,,57.898735,58.081615,58.003315,57.414566,0.218991,0.254429,0.095995,0.086988,-0.015088,,,,,,,,,
66728,,,,,,,,,,,,,,,,,,,,,,,0.022265,0.016043,0.898103,10.850000,10.150000,63.770000
66731,,,,,,,,,,,,,,,,,,,,-0.308175,0.559910,0.288835,,,,,,
66734,,,,,,,,,,,,,,,,,,,,,,,0.022265,0.016043,0.898103,3.710000,53.830002,67.199997
66735,,,,,,,,,,,,,57.953770,58.111954,0.221152,0.223594,,,,,,,,,,,,
66739,,,,,,,,,,,,,,,,,,,,-0.298944,0.563052,0.305686,,,,,,
66744,,,,,,,,,,,,,,,,,,,,,,,0.015982,0.078934,1.033645,-10.710000,42.560001,45.570000
66745,,,,,,,,,,,,,57.528458,58.209442,0.240136,0.219221,,,,,,,,,,,,
66747,,,,,,,,,,,,,,,,,,,,-0.289333,0.566335,0.311220,,,,,,
66762,,,,,,,,,,,,,57.411530,57.984512,0.245551,0.229211,,,,,,,,,,,,
66756,,,,,,,,,,,,,,,,,,,,-0.279972,0.569783,0.322418,,,,,,
66765,,,,,,,,,,,,,,,,,,,,,,,0.015982,0.078934,1.033645,-4.130000,31.360001,40.880001
66770,,,,,,,,,,,,,,,,,,,,,,,-0.057401,0.103273,1.151985,-10.290000,18.340000,34.580002
66771,,,,,,,,,,,,,,,,,,,,-0.270811,0.573176,0.328025,,,,,,
66775,,,,-0.202844,0.678717,0.261254,0.958338,-0.100514,,,,,,,,,,,,,,,,,,,,
66777,,,,,,,,,,,57.393154,56.993027,57.496967,57.979073,0.219383,0.180876,0.098126,0.078639,-0.062797,,,,,,,,,
66780,,,,,,,,,,,,,,,,,,,,,,,-0.057401,0.026901,0.828929,-0.840000,17.570000,15.820000
66778,,,,,,,,,,,,,,,,,,,,-0.261701,0.576565,0.333618,,,,,,
66785,,,,,,,,,,,,,57.793285,58.198929,0.206094,0.170556,,,,,,,-0.037271,0.026901,0.828929,-10.080000,9.380000,4.550000
66786,,,,,,,,,,,,,,,,,,,,-0.252587,0.579958,0.339260,,,,,,
66794,,,,,,,,,,,,,,,,,,,,,,,-0.078751,0.050142,1.054507,-0.420000,0.980000,-9.310000
66795,,,,,,,,,,,,,57.399605,57.740913,0.223476,0.190402,,,,,,,,,,,,
66804,,,,,,,,,,,,,,,,,,,,,,,-0.078751,0.050142,1.054507,3.570000,14.700000,-26.250000
66802,,,,,,,,,,,,,,,,,,,,-0.243563,0.583562,0.339255,,,,,,
66805,,,,,,,,,,,,,57.595100,56.788269,0.214741,0.232575,,,,,,,,,,,,
66823,,,,,,,,,,,,,57.506596,56.827728,0.218591,0.230916,,,,,,,,,,,,
66820,,,,,,,,,,,,,,,,,,,,-0.226357,0.589991,0.322367,,,,,,
66826,,,,-0.158901,0.690745,0.275301,0.930987,0.154255,,,,,,,,,,,,,,,,,,,,
66828,,,,,,,,,,,54.944283,56.275951,,,,,0.095851,0.074413,-0.046656,-0.217790,0.593297,0.311204,,,,,,
66829,,,,,,,,,,,,,57.219658,56.648457,0.121778,0.206947,,,,,,,,,,,,
66830,,,,,,,,,,,,,,,,,,,,,,,-0.134627,-0.045750,0.897493,1.470000,21.910000,-55.369999
66835,,,,,,,,,,,,,56.975475,56.494865,0.131549,0.213631,,,,,,,-0.066490,-0.078934,0.921527,-2.310000,12.880000,-49.840000
66836,,,,,,,,,,,,,,,,,,,,-0.209004,0.596282,0.302867,,,,,,
66840,,,,,,,,,,,,,,,,,,,,,,,-0.066490,-0.078934,0.921527,0.210000,8.050000,-37.380001
66845,,,,,,,,,,,,,56.144226,56.286846,0.167716,0.222829,,,,,,,-0.066490,-0.078934,0.921527,-9.380000,13.930000,-16.730000
66850,,,,,,,,,,,,,,,,,,,,-0.200255,0.599472,0.297218,,,,,,
66854,,,,,,,,,,,,,,,,,,,,,,,-0.169214,-0.067466,1.120997,-4.340000,33.599998,20.510000
66855,,,,,,,,,,,,,55.476254,55.596256,0.196999,0.253727,,,,,,,,,,,,
66859,,,,,,,,,,,,,,,,,,,,-0.191700,0.602616,0.297218,,,,,,
66864,,,,,,,,,,,,,,,,,,,,,,,-0.169214,-0.067466,1.120997,-13.440000,47.950001,42.770000
66865,,,,,,,,,,,,,54.896820,55.545731,0.222658,0.256334,,,,,,,,,,,,
66867,,,,,,,,,,,,,,,,,,,,-0.183001,0.605562,0.308381,,,,,,
66882,,,,,,,,,,,,,54.520603,56.066246,0.239518,0.233411,,,,,,,,,,,,
66884,,,,-0.117535,0.702981,0.302455,0.889069,0.409076,,,,,,,,,,,,,,,,,,,,
66886,,,,,,,,,,,51.242836,55.082012,,,,,0.092103,0.072814,-0.008339,,,,,,,,,
66876,,,,,,,,,,,,,,,,,,,,-0.174458,0.608676,0.316570,,,,,,
66889,,,,,,,,,,,,,,,,,,,,,,,-0.191235,-0.042334,1.053226,-11.690000,32.689999,77.839996
66891,,,,,,,,,,,,,,,,,,,,-0.165691,0.611843,0.328042,,,,,,
66895,,,,,,,,,,,,,,,0.082505,0.163629,,,,,,,-0.065697,0.059963,0.920246,8.050000,19.180000,79.800003
66896,,,,,,,,,,,,,54.325520,56.430962,,,,,,,,,,,,,,
66900,,,,,,,,,,,,,,,,,,,,,,,-0.065697,0.059963,0.920246,-14.700000,5.180000,68.599998
66898,,,,,,,,,,,,,,,,,,,,-0.156950,0.614970,0.339327,,,,,,
66905,,,,,,,,,,,,,52.861496,55.733326,0.146604,0.194234,,,,,,,-0.065697,0.059963,0.920246,-18.059999,-3.430000,56.000000
66907,,,,,,,,,,,,,,,,,,,,-0.148442,0.618555,0.350603,,,,,,
66914,,,,,,,,,,,,,,,,,,,,,,,-0.058743,0.108031,1.097756,6.860000,-14.210000,65.379997
66915,,,,,,,,,,,,,51.051617,55.111465,0.226960,0.221795,,,,,,,,,,,,
66916,,,,,,,,,,,,,,,,,,,,-0.140184,0.621875,0.361700,,,,,,
66925,,,,-0.079434,0.715679,0.344059,0.834663,0.681561,,,,,,,,,,,,,,,,,,,,
66927,,,,,,,,,,,47.557091,52.252747,50.964890,55.323208,0.065306,0.085090,0.090071,0.066450,-0.016711,,,,,,,,,
66928,,,,,,,,,,,,,,,,,,,,,,,-0.058743,0.108031,1.097756,0.280000,44.799999,78.470001
66930,,,,,,,,,,,,,,,,,,,,-0.131812,0.625448,0.381381,,,,,,
66955,,,,,,,,,,,,,48.911369,53.745461,0.155874,0.154444,,,,,,,,,,,,
66946,,,,,,,,,,,,,,,,,,,,-0.115700,0.632443,0.409642,,,,,,
66958,,,,,,,,,,,,,,,,,,,,,,,-0.283711,0.061549,0.886025,11.130000,55.509998,56.840000
66963,,,,,,,,,,,,,,,,,,,,,,,-0.194834,0.095099,0.819413,-9.240000,12.530000,56.419998
66961,,,,,,,,,,,,,,,,,,,,-0.107735,0.636070,0.421331,,,,,,
66965,,,,,,,,,,,,,47.534138,52.133221,0.217089,0.226152,,,,,,,,,,,,
66968,,,,,,,,,,,,,,,,,,,,,,,-0.610305,0.092537,0.819413,1.120000,-23.240000,61.459999
66969,,,,,,,,,,,,,,,,,,,,-0.100367,0.639520,0.429949,,,,,,
66973,,,,,,,,,,,,,,,,,,,,,,,-0.610305,0.092537,0.819413,12.320000,-49.209999,64.120003
66975,,,,-0.045159,0.729022,0.402408,0.770553,0.990240,,,,,,,,,,,,,,,,,,,,
66977,,,,,,,,,,,43.197800,48.930988,46.918549,51.711330,0.048331,0.095498,0.087542,0.058641,-0.025520,-0.093595,0.642533,0.449894,,,,,,
66982,,,,,,,,,,,,,,,,,,,,,,,-0.610305,0.083875,0.775005,-23.660000,-76.790001,59.849998
66985,,,,,,,,,,,,,46.260311,50.292957,0.076108,0.158023,,,,,,,,,,,,
66988,,,,,,,,,,,,,,,,,,,,,,,-0.328729,0.083875,0.775005,-21.070000,-84.139999,59.639999
66986,,,,,,,,,,,,,,,,,,,,-0.087946,0.645440,0.463504,,,,,,
67002,,,,,,,,,,,,,44.238304,49.292274,0.165702,0.202441,,,,,,,,,,,,
67001,,,,,,,,,,,,,,,,,,,,-0.082564,0.648467,0.471783,,,,,,
67004,,,,,,,,,,,,,,,,,,,,,,,-0.328729,0.083875,0.775005,-2.100000,-87.360001,79.660004
67009,,,,,,,,,,,,,,,,,,,,,,,-0.254248,0.121329,1.060729,5.600000,-11.480000,100.589996
67010,,,,,,,,,,,,,,,,,,,,-0.077239,0.651314,0.480479,,,,,,
67014,,,,,,,,,,,,,,,,,,,,,,,-0.254248,0.121329,1.060729,0.980000,5.740000,114.940002
67015,,,,,,,,,,,,,42.895695,48.769131,0.225699,0.225841,,,,,,,,,,,,
67019,,,,,,,,,,,,,,,,,,,,-0.071805,0.654204,0.492038,,,,,,
67025,,,,-0.015129,0.743124,0.480765,0.700115,1.354663,,,,,,,,,,,,,,,,,,,,
67027,,,,,,,,,,,37.981937,45.754013,42.232655,49.063862,0.019952,0.068905,0.091425,0.051722,-0.010722,,,,,,,,,
67028,,,,,,,,,,,,,,,,,,,,,,,-0.235582,0.054107,0.886574,1.400000,1.680000,121.870003
67029,,,,,,,,,,,,,,,,,,,,-0.066226,0.657460,0.509567,,,,,,
67034,,,,,,,,,,,,,,,,,,,,,,,-0.235582,0.054107,0.886574,-15.610000,-22.750000,96.180000
67035,,,,,,,,,,,,,40.751106,47.803020,0.084798,0.124248,,,,,,,,,,,,
67037,,,,,,,,,,,,,,,,,,,,-0.060724,0.660756,0.529543,,,,,,
67044,,,,,,,,,,,,,,,,,,,,,,,-0.011590,0.135664,1.128805,12.530000,-51.240002,103.459999
67045,,,,,,,,,,,,,38.127422,45.706379,0.202065,0.218042,,,,-0.055348,0.664012,0.549430,,,,,,
67062,,,,,,,,,,,,,37.808186,45.532833,0.216431,0.225917,,,,,,,,,,,,
67060,,,,,,,,,,,,,,,,,,,,-0.050118,0.667609,0.569438,,,,,,
67064,,,,,,,,,,,,,,,,,,,,,,,-0.011590,0.135664,1.128805,-13.720000,3.710000,112.349998
67069,,,,,,,,,,,,,,,,,,,,,,,-0.319640,0.082594,0.854671,-13.790000,37.029999,88.269997
67068,,,,,,,,,,,,,,,,,,,,-0.044803,0.671243,0.592515,,,,,,
67075,,,,0.010388,0.758033,0.583118,0.627207,1.793132,,,,,,,,,,,,-0.039859,0.674886,0.609898,,,,,,
67077,,,,,,,,,,,32.611202,42.413540,37.495598,45.416065,-0.013100,0.079705,0.093880,0.041484,-0.007270,,,,,,,,,
67078,,,,,,,,,,,,,,,,,,,,,,,-0.319640,0.082594,0.854671,-18.480000,-18.549999,78.750000
67084,,,,,,,,,,,,,,,,,,,,,,,0.015494,0.161589,1.164002,-9.800000,-54.110001,88.199997
67085,,,,,,,,,,,,,35.491425,44.784126,0.075391,0.106858,,,,,,,,,,,,
67090,,,,,,,,,,,,,,,,,,,,-0.035107,0.678521,0.627323,,,,,,
67103,,,,,,,,,,,,,34.216835,43.279816,0.131783,0.173941,,,,,,,,,,,,
67100,,,,,,,,,,,,,,,,,,,,-0.030412,0.682001,0.639025,,,,,,
67104,,,,,,,,,,,,,,,,,,,,,,,0.015494,0.161589,1.164002,-5.040000,-57.610001,93.309998
67109,,,,,,,,,,,,,,,,,,,,,,,-0.068930,0.089670,0.932324,-2.730000,41.160000,111.230003
67108,,,,,,,,,,,,,,,,,,,,-0.025785,0.685771,0.659448,,,,,,
67114,,,,,,,,,,,,,,,,,,,,,,,-0.379908,0.074847,0.899079,3.570000,53.689999,114.309998
67115,,,,,,,,,,,,,33.200367,42.590092,0.177110,0.204812,,,,,,,,,,,,
67116,,,,,,,,,,,,,,,,,,,,-0.021199,0.689579,0.676988,,,,,,
67125,,,,0.031274,0.773726,0.713251,0.556063,2.314233,,,,,,,,,,,,,,,,,,,,
67127,,,,,,,,,,,26.661243,39.818237,33.119564,42.434109,-0.091009,0.093427,0.093456,0.032754,0.035812,,,,,,,,,
67128,,,,,,,,,,,,,,,,,,,,,,,-0.379908,0.074847,0.899079,-10.220000,58.590000,118.720001
67130,,,,,,,,,,,,,,,,,,,,-0.016502,0.693530,0.700515,,,,,,
67134,,,,,,,,,,,,,,,,,,,,,,,-0.092598,0.157502,0.960140,-17.219999,51.520000,117.949997
67135,,,,,,,,,,,,,30.486998,42.254555,0.025743,0.100271,,,,,,,,,,,,
67138,,,,,,,,,,,,,,,,,,,,-0.011977,0.697683,0.718326,,,,,,
67144,,,,,,,,,,,,,,,,,,,,,,,-0.092598,0.157502,0.960140,-8.330000,29.820000,107.870003
67145,,,,,,,,,,,,,27.294916,40.482456,0.169367,0.179845,,,,,,,,,,,,
67146,,,,,,,,,,,,,,,,,,,,-0.007654,0.701886,0.739063,,,,,,
67162,,,,,,,,,,,,,27.268013,39.687721,0.170269,0.215751,,,,,,,,,,,,
67156,,,,,,,,,,,,,,,,,,,,-0.003426,0.706266,0.768830,,,,,,
67164,,,,,,,,,,,,,,,,,,,,,,,-0.228750,0.112484,0.999729,-28.070000,69.370003,193.690002
67165,,,,,,,,,,,,,,,,,,,,0.000815,0.710902,0.805077,,,,,,
67170,,,,,,,,,,,,,,,,,,,,,,,-0.228750,0.112484,0.999729,-12.250000,9.170000,176.889999
67175,,,,0.047559,0.790128,0.872594,0.491098,2.897306,,,,,,,,,,,,,,,,,,,,
67177,,,,,,,,,,,21.101883,37.516663,27.273952,40.250107,-0.085133,0.084636,0.089710,0.021328,0.068020,,,,,,,,,
67179,,,,,,,,,,,,,,,,,,,,,,,-0.266143,0.078141,1.063840,-14.560000,-65.940002,158.690002
67180,,,,,,,,,,,,,,,,,,,,0.004534,0.715059,0.839064,,,,,,
67184,,,,,,,,,,,,,,,,,,,,,,,-0.266143,0.078141,1.063840,-1.680000,-113.470001,145.179993
67185,,,,,,,,,,,,,25.578943,40.443043,-0.010662,0.074387,,,,,,,,,,,,
67189,,,,,,,,,,,,,,,,,,,,0.007439,0.718386,0.869326,,,,,,
67194,,,,,,,,,,,,,,,,,,,,,,,-0.041175,0.198555,0.901763,-25.549999,-123.830002,163.309998
67195,,,,,,,,,,,,,23.169754,38.422462,0.097402,0.165448,,,,,,,,,,,,
67196,,,,,,,,,,,,,,,,,,,,0.009876,0.721843,0.890463,,,,,,
67204,,,,,,,,,,,,,,,,,,,,,,,-0.041175,0.198555,0.901763,-27.299999,-33.250000,213.710007
67205,,,,,,,,,,,,,22.787971,38.365719,0.113827,0.167581,,,,0.012220,0.725465,0.926983,,,,,,
67223,,,,,,,,,,,,,22.037971,38.645744,0.147317,0.154314,,,,,,,,,,,,
67220,,,,,,,,,,,,,,,,,,,,0.014541,0.729571,0.964305,,,,,,
67225,,,,0.059410,0.807110,1.056820,0.436490,3.463178,,,,,,,,,,,,,,,,,,,,
67227,,,,,,,,,,,16.328608,35.675690,,,,,0.089126,0.007425,0.092269,0.016842,0.733487,1.002103,,,,,,
67228,,,,,,,,,,,,,,,,,,,,,,,-0.504592,0.147254,1.056215,-24.639999,21.280001,220.500000
67233,,,,,,,,,,,,,,,,,,,,,,,-0.075884,0.191113,1.023946,-40.389999,-6.790000,189.630005
67235,,,,,,,,,,,,,,,-0.049108,0.096336,,,,,,,,,,,,
67236,,,,,,,,,,,,,21.521416,38.048336,,,,,,0.018876,0.737677,1.036786,,,,,,
67239,,,,,,,,,,,,,,,,,,,,,,,-0.075884,0.191113,1.023946,-27.160000,-8.820000,187.250000
67244,,,,,,,,,,,,,,,,,,,,,,,-0.075884,0.191113,1.023946,-21.910000,-34.720001,179.130005
67245,,,,,,,,,,,,,19.758413,37.514858,0.029291,0.119645,,,,,,,,,,,,
67251,,,,,,,,,,,,,,,,,,,,0.020669,0.741586,1.071996,,,,,,
67254,,,,,,,,,,,,,,,,,,,,,,,-0.033062,0.130296,0.991860,-14.420000,-26.809999,196.000000
67255,,,,,,,,,,,,,17.722485,35.956032,0.121154,0.190387,,,,,,,,,,,,
67258,,,,,,,,,,,,,,,,,,,,0.022425,0.745510,1.104227,,,,,,
67264,,,,,,,,,,,,,,,,,,,,,,,-0.033062,0.130296,1.005951,-22.400000,40.880001,255.429993
67265,,,,,,,,,,,,,17.650572,36.278927,0.123741,0.175392,,,,,,,,,,,,
67266,,,,,,,,,,,,,,,,,,,,0.024002,0.749692,1.146951,,,,,,
67284,,,,0.067113,0.824493,1.253528,0.395382,3.863253,,,,,,,,,,,,,,,,,,,,
67286,,,,,,,,,,,12.890631,34.151756,,,,,0.085882,-0.008378,0.106572,,,,,,,,,
67287,,,,,,,,,,,,,17.100645,36.273693,-0.010415,0.104907,,,,,,,,,,,,
67281,,,,,,,,,,,,,,,,,,,,0.025592,0.754002,1.193451,,,,,,
67290,,,,,,,,,,,,,,,,,,,,,,,-0.352153,0.109312,1.005951,-25.200001,56.070000,232.679993
67289,,,,,,,,,,,,,,,,,,,,0.026868,0.758189,1.233953,,,,,,
67295,,,,,,,,,,,,,16.413307,35.920216,0.019120,0.120118,,,,,,,-0.010736,0.180743,1.040660,-26.459999,-7.630000,236.949997
67297,,,,,,,,,,,,,,,,,,,,0.027860,0.762319,1.271464,,,,,,
67300,,,,,,,,,,,,,,,,,,,,,,,-0.010736,0.180743,1.040660,-30.240000,-17.570000,224.070007
67305,,,,,,,,,,,,,14.359422,34.617401,0.112072,0.179320,,,,0.028548,0.766361,1.312845,-0.062769,0.169580,1.025715,-30.379999,-21.070000,227.570007
67314,,,,,,,,,,,,,,,,,,,,,,,-0.062769,0.169580,1.025715,-30.379999,-0.140000,285.109985
67315,,,,,,,,,,,,,14.277311,34.615318,0.115100,0.179175,,,,,,,,,,,,
67320,,,,,,,,,,,,,,,,,,,,0.029053,0.770522,1.358668,,,,,,
67325,,,,0.071059,0.842072,1.445301,0.368771,3.944425,,,,,,,,,,,,,,,,,,,,
67327,,,,,,,,,,,11.427444,32.528870,14.371892,35.258629,0.042304,0.074181,0.078910,-0.025760,0.087684,,,,,,,,,
67328,,,,,,,,,,,,,,,,,,,,0.029347,0.774837,1.405548,-0.284138,0.120414,0.963678,-39.689999,36.049999,280.559998
67342,,,,,,,,,,,,,12.834595,34.861214,0.111818,0.091131,,,,,,,,,,,,
67336,,,,,,,,,,,,,,,,,,,,0.029656,0.778929,1.453130,,,,,,
67345,,,,,,,,,,,,,,,,,,,,,,,-0.284138,0.120414,0.963678,-15.400000,1.610000,244.649994
67350,,,,,,,,,,,,,,,,,,,,,,,-0.025498,0.147498,1.015833,-15.330000,-5.530000,252.910004
67351,,,,,,,,,,,,,,,,,,,,0.029751,0.782959,1.494302,,,,,,
67355,,,,,,,,,,,,,13.199481,33.733055,0.094227,0.142056,,,,,,,-0.025498,0.147498,1.015833,-24.639999,11.480000,264.739990
67359,,,,,,,,,,,,,,,,,,,,0.029657,0.786956,1.540214,,,,,,
67364,,,,,,,,,,,,,,,,,,,,,,,-0.261446,0.122244,1.000461,-14.210000,45.570000,226.520004
67365,,,,,,,,,,,,,12.756006,32.782894,0.113802,0.185340,,,,,,,,,,,,
67367,,,,,,,,,,,,,,,,,,,,0.029398,0.790945,1.580144,,,,,,
67375,,,,0.071722,0.859610,1.617051,0.354768,3.674049,,,,,,,,,,,,0.028901,0.794632,1.614620,,,,,,
67377,,,,,,,,,,,11.796783,30.616821,12.609020,33.211876,0.136984,0.077062,0.068499,-0.042652,0.039121,,,,,,,,,
67378,,,,,,,,,,,,,,,,,,,,,,,-0.261446,0.122244,1.000461,-24.920000,18.620001,184.660004
67384,,,,,,,,,,,,,,,,,,,,,,,-0.103273,0.169397,1.057069,-22.330000,-13.860000,180.600006
67385,,,,,,,,,,,,,13.235115,32.539768,0.107640,0.106769,,,,,,,,,,,,
67390,,,,,,,,,,,,,,,,,,,,0.028260,0.798064,1.645327,,,,,,
67403,,,,,,,,,,,,,13.368673,31.525307,0.100726,0.152640,,,,,,,,,,,,
67397,,,,,,,,,,,,,,,,,,,,0.027534,0.801284,1.675728,,,,,,
67405,,,,,,,,,,,,,,,,,,,,0.026858,0.804364,1.705777,-0.103273,0.169397,1.057069,-23.870001,-51.310001,155.820007
67410,,,,,,,,,,,,,,,,,,,,,,,-0.028853,0.068381,1.014918,-3.290000,-46.410000,141.679993
67415,,,,,,,,,,,,,,,0.079795,0.166694,,,,,,,-0.028853,0.068381,1.015223,-2.100000,-49.000000,133.630005
67416,,,,,,,,,,,,,13.804141,31.210915,,,,,,,,,,,,,,
67420,,,,,,,,,,,,,,,,,,,,0.026337,0.807507,1.735015,,,,,,
67425,,,,0.069628,0.876864,1.761435,0.349137,3.172198,,,,,,,,,,,,,,,,,,,,
67427,,,,,,,,,,,12.907893,28.847635,13.987126,31.479971,0.121674,0.072322,0.061137,-0.053964,0.025295,,,,,,,,,
67428,,,,,,,,,,,,,,,,,,,,,,,-0.159393,0.056364,1.015223,-15.890000,-57.189999,124.389999
67429,,,,,,,,,,,,,,,,,,,,0.025650,0.810540,1.757121,,,,,,
67442,,,,,,,,,,,,,14.250731,30.387474,0.108948,0.121393,,,,,,,,,,,,
67437,,,,,,,,,,,,,,,,,,,,0.024963,0.813310,1.778931,,,,,,
67445,,,,,,,,,,,,,,,,,,,,0.024176,0.816094,1.803942,-0.159393,0.074725,1.033096,-4.900000,-71.190002,154.279999
67450,,,,,,,,,,,,,,,,,,,,,,,-0.065392,0.074725,1.033096,0.630000,-101.430000,144.339996
67455,,,,,,,,,,,,,14.515103,29.775583,0.096051,0.148844,,,,,,,-0.061000,0.018361,1.003755,-4.340000,-98.279999,120.470001
67460,,,,,,,,,,,,,,,,,,,,0.023342,0.818612,1.825237,,,,,,
67464,,,,,,,,,,,,,,,,,,,,,,,-0.061000,0.018361,1.003755,10.500000,-72.730003,90.019997
67465,,,,,,,,,,,,,14.948304,29.976709,0.075225,0.139081,,,,,,,,,,,,
67468,,,,,,,,,,,,,,,,,,,,0.022646,0.821180,1.842797,,,,,,
67475,,,,0.065338,0.893588,1.878189,0.346869,2.603725,,,,,,,,,,,,,,,,,,,,
67477,,,,,,,,,,,14.210691,27.263910,14.944463,29.009539,0.134528,0.110135,0.057672,-0.060711,0.031991,,,,,,,,,
67478,,,,,,,,,,,,,,,,,,,,,,,-0.078507,0.091866,1.040965,-7.140000,-19.530001,88.129997
67476,,,,,,,,,,,,,,,,,,,,0.021763,0.824073,1.856662,,,,,,
67484,,,,,,,,,,,,,,,,,,,,,,,-0.078507,0.091866,1.040965,-4.340000,12.880000,113.889999
67485,,,,,,,,,,,,,15.185674,28.325729,0.123029,0.140763,,,,,,,,,,,,
67486,,,,,,,,,,,,,,,,,,,,0.020663,0.827174,1.873937,,,,,,
67502,,,,,,,,,,,,,15.093725,27.804409,0.126766,0.164251,,,,,,,,,,,,
67501,,,,,,,,,,,,,,,,,,,,0.019614,0.830677,1.897912,,,,,,
67505,,,,,,,,,,,,,,,,,,,,,,,0.046177,0.043371,0.967582,-3.360000,15.470000,84.769997
67510,,,,,,,,,,,,,,,,,,,,,,,0.046177,0.026474,1.046455,0.350000,-7.910000,92.540001
67509,,,,,,,,,,,,,,,,,,,,0.018519,0.833731,1.914777,,,,,,
67515,,,,,,,,,,,,,,,0.105754,0.180248,,,,,,,0.052094,0.026474,1.046455,0.840000,-14.980000,103.739998
67516,,,,,,,,,,,,,15.539613,27.451418,,,,,,,,,,,,,,
67517,,,,,,,,,,,,,,,,,,,,0.017232,0.836840,1.928361,,,,,,
67525,,,,0.059417,0.909543,1.970754,0.343636,2.078549,,,,,,,,,,,,,,,,,,,,
67527,,,,,,,,,,,15.324838,25.749907,15.439729,27.354080,0.161047,0.114909,0.053001,-0.065103,0.039499,,,,,,,,,
67528,,,,,,,,,,,,,,,,,,,,,,,0.052094,0.026474,1.046455,-1.190000,-14.140000,97.300003
67531,,,,,,,,,,,,,,,,,,,,0.016023,0.840066,1.948543,,,,,,
67534,,,,,,,,,,,,,,,,,,,,,,,0.075091,0.059841,1.058106,-10.780000,2.520000,111.300003
67535,,,,,,,,,,,,,15.609297,26.943186,0.153178,0.133010,,,,,,,,,,,,
67539,,,,,,,,,,,,,,,,,,,,0.014579,0.843294,1.965166,,,,,,
67544,,,,,,,,,,,,,,,,,,,,,,,0.075091,0.059841,1.058106,-5.600000,-0.700000,107.379997
67545,,,,,,,,,,,,,16.420641,27.052633,0.115662,0.127356,,,,,,,,,,,,
67547,,,,,,,,,,,,,,,,,,,,0.012960,0.846494,1.985028,,,,,,
67562,,,,,,,,,,,,,16.830030,26.780357,0.096243,0.139227,,,,,,,,,,,,
67555,,,,,,,,,,,,,,,,,,,,0.011097,0.849876,2.001543,,,,,,
67565,,,,,,,,,,,,,,,,,,,,,,,0.073200,0.056120,0.994117,-11.970000,-0.420000,74.550003
67570,,,,,,,,,,,,,,,,,,,,0.009662,0.853111,2.011413,0.035258,0.023546,0.975817,-1.260000,8.400000,69.790001
67575,,,,0.052415,0.924510,2.043543,0.336436,1.638757,,,,,,,,,,,,,,,,,,,,
67577,,,,,,,,,,,16.101068,24.122416,16.672682,26.480255,0.138496,0.077670,0.046209,-0.069144,0.030679,,,,,,,,,
67579,,,,,,,,,,,,,,,,,,,,,,,0.035258,0.023546,0.975817,-1.470000,12.180000,72.239998
67578,,,,,,,,,,,,,,,,,,,,0.007977,0.856619,2.024505,,,,,,
67585,,,,,,,,,,,,,17.271265,26.171930,0.110661,0.090647,,,,,,,0.035258,0.028121,1.028948,-2.450000,14.910000,78.750000
67586,,,,,,,,,,,,,,,,,,,,0.006221,0.860075,2.037593,,,,,,
67594,,,,,,,,,,,,,,,,,,,,,,,0.020923,0.028121,1.028948,3.430000,12.810000,76.370003
67595,,,,,,,,,,,,,17.817369,24.758833,0.084933,0.154616,,,,,,,,,,,,
67600,,,,,,,,,,,,,,,,,,,,0.004358,0.863513,2.050477,,,,,,
67604,,,,,,,,,,,,,,,,,,,,,,,-0.016958,-0.006893,1.070428,3.080000,4.760000,59.639999
67605,,,,,,,,,,,,,17.743418,25.235096,0.087456,0.132376,,,,,,,,,,,,
67609,,,,,,,,,,,,,,,,,,,,0.002628,0.866836,2.063253,,,,,,
67622,,,,,,,,,,,,,17.529337,25.457851,0.096464,0.121555,,,,,,,,,,,,
67619,,,,,,,,,,,,,,,,,,,,0.000916,0.870127,2.069737,,,,,,
67625,,,,0.044842,0.938300,2.100662,0.323640,1.286639,,,,,,,,,,,,,,,,,,,,
67627,,,,,,,,,,,16.249157,22.443161,17.975149,25.721521,0.082075,0.031553,0.038813,-0.071265,0.029181,-0.001004,0.873298,2.079430,,,,,,
67629,,,,,,,,,,,,,,,,,,,,,,,-0.016958,-0.006893,1.070428,3.780000,10.850000,58.380001
67634,,,,,,,,,,,,,,,,,,,,,,,-0.049410,0.068503,0.925980,1.960000,-0.980000,84.139999
67635,,,,,,,,,,,,,17.848026,25.046757,0.087037,0.060905,,,,,,,,,,,,
67639,,,,,,,,,,,,,,,,,,,,,,,-0.049410,0.068503,0.925980,3.080000,-1.050000,87.290001
67641,,,,,,,,,,,,,,,,,,,,-0.002942,0.876445,2.092252,,,,,,
67645,,,,,,,,,,,,,17.755377,23.812387,0.090479,0.116337,,,,,,,-0.037332,-0.011041,1.126182,2.660000,2.240000,85.540001
67649,,,,,,,,,,,,,,,,,,,,-0.004793,0.879533,2.105011,,,,,,
67654,,,,,,,,,,,,,,,,,,,,,,,-0.037332,-0.011041,1.126182,12.880000,36.680000,43.610001
67655,,,,,,,,,,,,,17.678247,23.870165,0.093254,0.112979,,,,,,,,,,,,
67657,,,,,,,,,,,,,,,,,,,,-0.006607,0.882723,2.117710,,,,,,
67664,,,,,,,,,,,,,,,,,,,,,,,-0.151707,0.033672,0.910913,2.310000,40.740002,39.619999
67665,,,,,,,,,,,,,17.622473,23.381950,0.095087,0.134700,,,,,,,,,,,,
67666,,,,,,,,,,,,,,,,,,,,-0.008514,0.885773,2.123946,,,,,,
67684,,,,0.037154,0.950760,2.145436,0.304750,1.009137,,,,,,,,,,,,,,,,,,,,
67686,,,,,,,,,,,15.877004,20.561539,,,,,0.031381,-0.072992,0.021159,,,,,,,,,
67687,,,,,,,,,,,,,17.645960,23.516861,0.076206,0.041511,,,,,,,,,,,,
67681,,,,,,,,,,,,,,,,,,,,-0.010511,0.888845,2.130127,,,,,,
67689,,,,,,,,,,,,,,,,,,,,-0.012343,0.891751,2.136338,-0.151707,0.033672,0.910913,-6.440000,33.110001,62.160000
67694,,,,,,,,,,,,,,,,,,,,,,,-0.081740,0.024888,1.135759,1.750000,5.880000,72.730003
67695,,,,,,,,,,,,,18.013994,22.953770,0.058379,0.065889,,,,,,,,,,,,
67697,,,,,,,,,,,,,,,,,,,,-0.014033,0.894584,2.148824,,,,,,
67700,,,,,,,,,,,,,,,,,,,,,,,-0.025315,0.009943,0.950258,0.980000,2.170000,76.160004
67705,,,,,,,,,,,,,17.353819,22.059357,0.087639,0.105788,,,,-0.015870,0.897256,2.164725,-0.025315,0.009943,0.950258,0.770000,-2.030000,77.910004
67714,,,,,,,,,,,,,,,,,,,,,,,-0.025315,0.009943,0.950258,-6.510000,3.290000,68.459999
67715,,,,,,,,,,,,,16.799898,21.858337,0.112352,0.114264,,,,,,,,,,,,
67721,,,,,,,,,,,,,,,,,,,,-0.017732,0.899954,2.174104,,,,,,
67725,,,,0.029733,0.961782,2.180476,0.280109,0.790640,,,,,,,,,,,,,,,,,,,,
67727,,,,,,,,,,,15.032332,18.464165,16.446539,22.089375,0.089307,0.006588,0.024056,-0.074168,0.006396,,,,,,,,,
67728,,,,,,,,,,,,,,,,,,,,,,,-0.148718,0.012200,1.025593,4.690000,26.110001,31.500000
67729,,,,,,,,,,,,,,,,,,,,-0.019649,0.902530,2.183248,,,,,,
67742,,,,,,,,,,,,,16.734238,20.758087,0.075360,0.065930,,,,,,,,,,,,
67737,,,,,,,,,,,,,,,,,,,,-0.021445,0.905040,2.186285,,,,,,
67745,,,,,,,,,,,,,,,,,,,,,,,-0.148718,0.012200,1.025593,-2.870000,20.090000,44.520000
67746,,,,,,,,,,,,,,,,,,,,-0.023260,0.907539,2.195568,,,,,,
67750,,,,,,,,,,,,,,,,,,,,,,,-0.093879,0.036356,1.050969,-5.180000,13.020000,43.750000
67755,,,,,,,,,,,,,16.604530,19.569473,0.080453,0.119394,,,,,,,-0.153293,-0.017080,0.985821,-0.280000,24.639999,23.799999
67760,,,,,,,,,,,,,,,,,,,,-0.024833,0.909852,2.198811,,,,,,
67764,,,,,,,,,,,,,,,,,,,,,,,-0.153293,-0.017080,0.985821,1.820000,49.139999,-15.680000
67765,,,,,,,,,,,,,16.163694,19.754719,0.099913,0.110315,,,,,,,,,,,,
67769,,,,,,,,,,,,,,,,,,,,-0.026622,0.912421,2.201602,,,,,,
67783,,,,0.022890,0.971296,2.207750,0.250652,0.617370,,,,,,,,,,,,,,,,,,,,
67786,,,,,,,,,,,13.688013,16.284361,16.199259,19.220745,0.035870,0.033959,0.018324,-0.074721,0.005506,,,,,,,,,
67776,,,,,,,,,,,,,,,,,,,,-0.028261,0.914766,2.197914,,,,,,
67790,,,,,,,,,,,,,,,,,,,,,,,-0.145973,0.051240,1.020347,-5.950000,14.910000,16.870001
67791,,,,,,,,,,,,,,,,,,,,-0.029962,0.916724,2.194922,,,,,,
67794,,,,,,,,,,,,,,,,,,,,,,,-0.032513,-0.061854,1.028643,2.240000,8.470000,7.560000
67795,,,,,,,,,,,,,15.459427,18.001705,0.068606,0.088512,,,,,,,,,,,,
67799,,,,,,,,,,,,,,,,,,,,-0.031540,0.918946,2.197905,-0.032513,-0.061854,1.028643,3.500000,0.070000,8.120000
67805,,,,,,,,,,,,,14.658191,17.347473,0.104543,0.117718,,,,,,,-0.032513,-0.061854,1.028643,1.680000,-3.920000,9.380000
67807,,,,,,,,,,,,,,,,,,,,-0.033199,0.921098,2.201308,,,,,,
67814,,,,,,,,,,,,,,,,,,,,,,,-0.138531,0.023363,1.013637,-0.420000,12.040000,25.059999
67815,,,,,,,,,,,,,15.067599,17.330360,0.085222,0.117962,,,,-0.034603,0.923203,2.207366,,,,,,
67825,,,,0.016849,0.979282,2.228770,0.217690,0.478586,,,,,,,,,,,,,,,,,,,,
67827,,,,,,,,,,,11.970443,14.054811,15.517242,17.894358,-0.015245,-0.011144,0.014395,-0.074736,0.019974,,,,,,,,,
67828,,,,,,,,,,,,,,,,,,,,,,,-0.138531,0.023363,1.013637,-4.200000,21.490000,29.750000
67829,,,,,,,,,,,,,,,,,,,,-0.036330,0.925301,2.207402,,,,,,
67843,,,,,,,,,,,,,13.760296,16.464491,0.063786,0.052688,,,,,,,,,,,,
67839,,,,,,,,,,,,,,,,,,,,-0.037796,0.927358,2.210206,,,,,,
67845,,,,,,,,,,,,,,,,,,,,,,,-0.170739,-0.025559,1.006317,0.070000,10.500000,43.330002
67850,,,,,,,,,,,,,,,,,,,,,,,-0.199897,0.017873,1.031632,-6.440000,9.870000,48.299999
67848,,,,,,,,,,,,,,,,,,,,-0.039213,0.929084,2.216644,,,,,,
67855,,,,,,,,,,,,,12.849317,15.548429,0.104789,0.093608,,,,,,,-0.199897,0.017873,1.031632,-10.080000,63.279999,48.369999
67856,,,,,,,,,,,,,,,,,,,,-0.040741,0.931058,2.225686,,,,,,
67864,,,,,,,,,,,,,,,,,,,,,,,-0.199897,0.017873,1.031632,-4.760000,100.589996,43.889999
67865,,,,,,,,,,,,,13.008702,15.279735,0.097006,0.105209,,,,-0.042420,0.933173,2.234057,,,,,,
67875,,,,0.011750,0.985770,2.244714,0.182756,0.366288,,,,,,,,,,,,,,,,,,,,
67877,,,,,,,,,,,10.174676,11.675134,12.830894,15.684428,0.021997,-0.023582,0.008183,-0.075052,0.010910,,,,,,,,,
67878,,,,,,,,,,,,,,,,,,,,,,,-0.362157,0.003782,0.996374,-1.960000,-6.440000,41.160000
67881,,,,,,,,,,,,,,,,,,,,-0.043848,0.934529,2.243179,,,,,,
67884,,,,,,,,,,,,,,,,,,,,,,,-0.362157,0.003782,0.996374,2.030000,-82.459999,14.140000
67885,,,,,,,,,,,,,11.451042,15.162263,0.084150,-0.001594,,,,,,,,,,,,
67889,,,,,,,,,,,,,,,,,,,,-0.044636,0.935215,2.249982,,,,,,
67902,,,,,,,,,,,,,11.254413,13.405329,0.092549,0.077490,,,,,,,,,,,,
67897,,,,,,,,,,,,,,,,,,,,-0.045054,0.936021,2.247591,,,,,,
67905,,,,,,,,,,,,,,,,,,,,,,,-0.089182,0.006893,0.904142,1.470000,-94.919998,1.190000
67910,,,,,,,,,,,,,,,,,,,,,,,-0.244061,-0.045018,1.107699,9.660000,-35.980000,-30.309999
67912,,,,,,,,,,,,,,,,,,,,-0.045325,0.936668,2.253838,,,,,,
67915,,,,,,,,,,,,,11.554076,12.946934,0.078206,0.097705,,,,,,,-0.244061,-0.045018,1.107699,7.980000,-24.639999,-44.799999
67920,,,,,,,,,,,,,,,,,,,,-0.045873,0.937542,2.250554,,,,,,
67925,,,,0.007659,0.990830,2.256501,0.147442,0.274649,,,,,,,,,,,,,,,,,,,,
67927,,,,,,,,,,,8.276638,9.352273,11.616651,12.788600,-0.012810,-0.002644,0.007426,-0.075124,0.006208,,,,,,,,,
67928,,,,,,,,,,,,,,,,,,,,-0.046509,0.938374,2.238714,-0.244061,0.056669,0.993202,7.280000,-29.820000,-46.900002
67934,,,,,,,,,,,,,,,,,,,,,,,-0.127795,0.056669,0.993202,2.800000,-57.959999,-44.450001
67935,,,,,,,,,,,,,10.425304,10.760326,0.040345,0.089001,,,,,,,,,,,,
67936,,,,,,,,,,,,,,,,,,,,-0.047105,0.938815,2.226751,,,,,,
67944,,,,,,,,,,,,,,,,,,,,,,,-0.001769,-0.075213,1.022055,2.100000,-83.230003,-15.820000
67945,,,,,,,,,,,,,9.319240,10.148517,0.090181,0.116455,,,,,,,,,,,,
67962,,,,,,,,,,,,,9.842223,10.873480,0.065567,0.082667,,,,,,,,,,,,
67959,,,,,,,,,,,,,,,,,,,,-0.047732,0.940040,2.224101,,,,,,
67964,,,,,,,,,,,,,,,,,,,,,,,-0.001769,-0.075213,1.022055,0.420000,-55.790001,10.010000
67967,,,,,,,,,,,,,,,,,,,,-0.048203,0.940807,2.224209,,,,,,
67970,,,,,,,,,,,,,,,,,,,,,,,-0.190686,0.028914,0.986614,-2.940000,-67.550003,27.370001
67975,,,,0.004557,0.994589,2.264912,0.113295,0.199564,,,,,,,,,,,,-0.048678,0.941179,2.227320,,,,,,
67977,,,,,,,,,,,6.314105,7.224935,9.715385,10.224550,-0.019902,0.013688,0.009981,-0.074649,0.037666,,,,,,,,,
67978,,,,,,,,,,,,,,,,,,,,,,,-0.190686,0.028914,0.986614,1.400000,-92.820000,33.110001
67984,,,,,,,,,,,,,,,,,,,,,,,0.107604,-0.012871,1.088362,-1.330000,-15.050000,27.090000
67985,,,,,,,,,,,,,8.174524,9.920007,0.049381,0.026195,,,,,,,,,,,,
67990,,,,,,,,,,,,,,,,,,,,-0.049103,0.941655,2.236681,,,,,,
67994,,,,,,,,,,,,,,,,,,,,,,,0.107604,-0.012871,1.088362,-0.560000,45.500000,21.209999
67995,,,,,,,,,,,,,7.425433,8.346692,0.082957,0.097334,,,,,,,,,,,,
67997,,,,,,,,,,,,,,,,,,,,-0.050013,0.943042,2.239726,,,,,,
68005,,,,,,,,,,,,,6.794928,8.664414,0.111450,0.082119,,,,-0.050922,0.944161,2.242786,-0.028060,0.006344,0.900604,0.070000,50.189999,20.650000
68022,,,,,,,,,,,,,7.037356,8.610342,0.100032,0.083877,,,,,,,,,,,,
68020,,,,,,,,,,,,,,,,,,,,-0.052123,0.945235,2.245678,,,,,,
68025,,,,0.002395,0.997172,2.270529,0.081749,0.138232,,,,,,,,,,,,,,,,,,,,
68027,,,,,,,,,,,4.593395,5.179251,6.990010,8.313520,0.022517,0.002538,0.006419,-0.074987,0.025105,,,,,,,,,
68028,,,,,,,,,,,,,,,,,,,,-0.052985,0.946331,2.251673,-0.028060,0.006344,0.900604,0.910000,60.549999,23.100000
68033,,,,,,,,,,,,,,,,,,,,,,,-0.087901,0.001037,1.078236,-2.520000,-15.890000,3.710000
68035,,,,,,,,,,,,,6.544097,7.657698,0.041852,0.031174,,,,,,,,,,,,
68036,,,,,,,,,,,,,,,,,,,,-0.053814,0.947321,2.251610,,,,,,
68038,,,,,,,,,,,,,,,,,,,,,,,0.111630,-0.001403,1.048468,-3.570000,-20.580000,-2.100000
68044,,,,,,,,,,,,,,,,,,,,,,,0.111630,-0.001403,1.048468,-1.330000,-24.920000,-8.540000
68045,,,,,,,,,,,,,6.055802,6.992785,0.063368,0.060563,,,,,,,,,,,,
68050,,,,,,,,,,,,,,,,,,,,-0.054501,0.948108,2.251786,,,,,,
68062,,,,,,,,,,,,,6.393737,7.182115,0.047045,0.050912,,,,,,,,,,,,
68058,,,,,,,,,,,,,,,,,,,,-0.055116,0.948880,2.248774,,,,,,
68065,,,,,,,,,,,,,,,,,,,,,,,0.111630,-0.001403,1.048468,-3.150000,21.700001,-0.140000
68067,,,,,,,,,,,,,,,,,,,,-0.055983,0.949732,2.251666,,,,,,
68070,,,,,,,,,,,,,,,,,,,,,,,-0.215879,0.002684,1.000339,-0.980000,29.120001,5.600000
68075,,,,0.001033,0.998785,2.273972,0.054055,0.088901,,,,,,,,,,,,-0.056627,0.950440,2.251577,,,,,,
68077,,,,,,,,,,,3.046727,3.414635,6.122130,7.156692,-0.012732,-0.030382,0.002230,-0.075163,0.022182,,,,,,,,,
68079,,,,,,,,,,,,,,,,,,,,,,,-0.215879,-0.030378,1.036390,2.170000,23.030001,3.500000
68084,,,,,,,,,,,,,,,,,,,,,,,-0.060512,-0.030378,1.036390,0.420000,7.700000,-7.070000
68085,,,,,,,,,,,,,5.801749,6.021640,0.000479,0.020066,,,,,,,,,,,,
68090,,,,,,,,,,,,,,,,,,,,-0.057168,0.951251,2.251537,,,,,,
68095,,,,,,,,,,,,,4.881591,5.066607,0.041518,0.062789,,,,,,,-0.041358,0.010919,1.005646,-1.610000,-0.910000,-4.760000
68098,,,,,,,,,,,,,,,,,,,,-0.057581,0.951913,2.248637,,,,,,
68104,,,,,,,,,,,,,,,,,,,,,,,-0.041358,0.010919,1.005646,2.520000,6.790000,1.190000
68105,,,,,,,,,,,,,4.654210,5.356722,0.051071,0.048566,,,,,,,,,,,,
68106,,,,,,,,,,,,,,,,,,,,-0.058087,0.952572,2.248416,,,,,,
68123,,,,,,,,,,,,,4.229819,5.448447,0.069827,0.043346,,,,,,,,,,,,
68125,,,,0.000312,0.999634,2.275765,0.031269,0.050550,,,,,,,,,,,,,,,,,,,,
68127,,,,,,,,,,,1.761666,1.974936,,,,,-0.000087,-0.075015,0.026064,,,,,,,,,
68115,,,,,,,,,,,,,,,,,,,,-0.058845,0.953209,2.254266,,,,,,
68129,,,,,,,,,,,,,,,,,,,,-0.059388,0.953819,2.263267,-0.203435,-0.005246,1.000095,-2.730000,43.119999,18.900000
68134,,,,,,,,,,,,,,,,,,,,,,,-0.070028,-0.016775,1.039196,-1.470000,24.430000,27.719999
68135,,,,,,,,,,,,,4.430866,5.020271,0.000638,-0.004393,,,,,,,,,,,,
68137,,,,,,,,,,,,,,,,,,,,-0.059791,0.954370,2.266363,,,,,,
68140,,,,,,,,,,,,,,,,,,,,,,,-0.070028,-0.016775,1.039196,-1.820000,13.860000,21.000000
68144,,,,,,,,,,,,,,,,,,,,,,,-0.070028,-0.016775,1.039196,-2.100000,3.570000,8.260000
68145,,,,,,,,,,,,,3.728130,4.224056,0.031703,0.030794,,,,,,,,,,,,
68152,,,,,,,,,,,,,,,,,,,,-0.060088,0.954837,2.266340,,,,,,
68154,,,,,,,,,,,,,,,,,,,,,,,-0.035014,-0.000976,1.015772,-0.490000,-0.490000,4.060000
68155,,,,,,,,,,,,,3.136848,3.554120,0.057984,0.060560,,,,,,,,,,,,
68160,,,,,,,,,,,,,,,,,,,,-0.060603,0.955299,2.272149,,,,,,
68164,,,,,,,,,,,,,,,,,,,,,,,-0.035014,-0.000976,1.015772,-2.450000,6.720000,-8.610000
68165,,,,,,,,,,,,,2.639344,3.536947,0.080239,0.060549,,,,,,,,,,,,
68168,,,,,,,,,,,,,,,,,,,,-0.060937,0.955610,2.271932,,,,,,
68182,,,,,,,,,,,,,3.210822,3.636039,0.053424,0.055181,,,,,,,,,,,,
68184,,,,0.000038,0.999955,2.276439,0.014235,0.022806,,,,,,,,,,,,,,,,,,,,
68186,,,,,,,,,,,0.807153,0.891715,,,,,-0.005230,-0.075184,0.006022,,,,,,,,,
68176,,,,,,,,,,,,,,,,,,,,-0.061300,0.955944,2.266084,,,,,,
68189,,,,,,,,,,,,,,,,,,,,,,,-0.147681,-0.017507,1.011075,5.110000,18.059999,-7.770000
68191,,,,,,,,,,,,,,,,,,,,-0.061590,0.956261,2.263074,,,,,,
68194,,,,,,,,,,,,,,,,,,,,,,,-0.087169,-0.001098,1.026203,-1.960000,-5.180000,5.740000
68195,,,,,,,,,,,,,3.109758,3.467535,0.013288,0.012109,,,,,,,,,,,,
68199,,,,,,,,,,,,,,,,,,,,,,,-0.087169,-0.001098,1.026203,3.780000,-26.670000,-6.440000
68198,,,,,,,,,,,,,,,,,,,,-0.061769,0.956552,2.260157,,,,,,
68204,,,,,,,,,,,,,,,,,,,,,,,-0.087169,-0.001098,1.026203,1.330000,-33.250000,-15.750000
68205,,,,,,,,,,,,,2.616550,2.917584,0.034877,0.036177,,,,,,,,,,,,
68206,,,,,,,,,,,,,,,,,,,,-0.061700,0.956716,2.263038,,,,,,
68214,,,,,,,,,,,,,,,,,,,,,,,-0.007198,-0.001708,1.022543,1.680000,-35.770000,-15.190000
68215,,,,,,,,,,,,,2.201565,2.454854,0.053107,0.056500,,,,,,,,,,,,
68220,,,,,,,,,,,,,,,,,,,,-0.061776,0.956734,2.260116,,,,,,
68225,,,,0.000000,1.000000,2.276533,0.003636,0.005806,,,,,,,,,,,,,,,,,,,,
68227,,,,,,,,,,,0.204285,0.227133,2.329146,2.065514,0.018655,0.042973,-0.006020,-0.075188,0.015344,-0.061797,0.956818,2.257145,,,,,,
68228,,,,,,,,,,,,,,,,,,,,,,,-0.007198,-0.001708,1.022543,-2.800000,-16.730000,-3.220000
68245,,,,,,,,,,,,,2.266045,2.044225,0.020486,0.043020,,,,,,,,,,,,
68235,,,,,,,,,,,,,,,,,,,,-0.061869,0.956851,2.257312,,,,,,
68248,,,,,,,,,,,,,,,,,,,,,,,-0.168726,-0.012261,1.012844,3.780000,-14.840000,-9.730000
68249,,,,,,,,,,,,,,,,,,,,-0.061887,0.956842,2.251304,,,,,,
68254,,,,,,,,,,,,,,,,,,,,,,,-0.101870,-0.007808,1.021994,-0.490000,-12.180000,-4.340000
68255,,,,,,,,,,,,,1.906650,2.233585,0.036028,0.033354,,,,,,,,,,,,
68256,,,,,,,,,,,,,,,,,,,,-0.061931,0.956879,2.251327,,,,,,
68259,,,,,,,,,,,,,,,,,,,,,,,-0.101870,-0.007808,1.021994,-1.190000,-9.310000,0.630000
68264,,,,,,,,,,,,,,,,,,,,,,,-0.117608,-0.016958,1.008879,-1.190000,-9.310000,3.710000
68265,,,,,,,,,,,,,1.604255,1.879338,0.049121,0.048686,,,,,,,,,,,,
68275,,,,0.000000,1.000000,2.276533,0.000000,0.000000,,,,,,,,,,,,,,,,,,,,
68277,,,,,,,,,,,-0.001490,-0.001490,1.812591,2.044047,0.029276,0.029670,-0.005639,-0.075261,0.024152,,,,,,,,,
68278,,,,,,,,,,,,,,,,,,,,,,,-0.117608,-0.016958,1.008879,-0.210000,-22.400000,13.510000
68271,,,,,,,,,,,,,,,,,,,,-0.061893,0.956805,2.251397,,,,,,
68279,,,,,,,,,,,,,,,,,,,,-0.061826,0.956700,2.254443,,,,,,
68284,,,,,,,,,,,,,,,,,,,,,,,-0.038003,0.011102,1.027057,0.560000,-31.430000,14.210000
68285,,,,,,,,,,,,,2.198803,1.719861,0.010520,0.043597,,,,,,,,,,,,
68286,,,,,,,,,,,,,,,,,,,,-0.061591,0.956471,2.254482,,,,,,
68302,,,,,,,,,,,,,1.850073,1.780573,0.025502,0.039918,,,,,,,,,,,,
68301,,,,,,,,,,,,,,,,,,,,-0.061475,0.956154,2.260753,,,,,,
68304,,,,,,,,,,,,,,,,,,,,,,,-0.038003,0.011102,1.027057,-1.050000,-51.240002,12.320000
68309,,,,,,,,,,,,,,,,,,,,-0.061089,0.955847,2.261020,-0.034709,-0.029524,1.026203,0.770000,-49.209999,9.870000
68314,,,,,,,,,,,,,,,,,,,,,,,-0.034709,-0.029524,1.026203,-0.140000,-28.980000,8.260000
68315,,,,,,,,,,,,,1.556651,1.498174,0.038107,0.052050,,,,,,,,,,,,
68317,,,,,,,,,,,,,,,,,,,,-0.060672,0.955537,2.264310,,,,,,
68325,,,,0.000000,1.000000,2.276533,0.000000,0.000000,,,,,,,,,,,,,,,,,,,,
68327,,,,,,,,,,,-0.001264,-0.001264,1.309766,1.260563,0.048732,0.062275,-0.004783,-0.075093,0.013272,,,,,,,,,
68328,,,,,,,,,,,,,,,,,,,,,,,-0.011041,0.011102,1.019859,-1.050000,8.330000,5.740000
68331,,,,,,,,,,,,,,,,,,,,-0.060659,0.955488,2.264310,,,,,,
68334,,,,,,,,,,,,,,,,,,,,,,,-0.011041,0.011102,1.019859,0.980000,8.470000,-5.180000
68335,,,,,,,,,,,,,1.102037,1.060638,0.057655,0.070863,,,,,,,,,,,,
68339,,,,,,,,,,,,,,,,,,,,-0.060673,0.955537,2.261208,,,,,,
68344,,,,,,,,,,,,,,,,,,,,,,,0.076982,-0.021960,1.018639,0.140000,2.100000,-3.570000
68345,,,,,,,,,,,,,0.927254,0.892420,0.065162,0.078088,,,,,,,,,,,,
68347,,,,,,,,,,,,,,,,,,,,-0.060769,0.955634,2.264290,,,,,,
68361,,,,,,,,,,,,,0.780191,0.750882,0.071479,0.084168,,,,,,,,,,,,
68358,,,,,,,,,,,,,,,,,,,,-0.060845,0.955679,2.264290,,,,,,
68364,,,,,,,,,,,,,,,,,,,,,,,0.076982,-0.021960,1.018639,-0.700000,1.260000,5.530000
68366,,,,,,,,,,,,,,,,,,,,-0.060890,0.955718,2.264266,,,,,,
68370,,,,,,,,,,,,,,,,,,,,,,,-0.016958,-0.002013,1.014369,0.140000,-1.820000,8.680000
68375,,,,0.000000,1.000000,2.276533,0.000000,0.000000,,,,,,,,,,,,,,,,,,,,
68376,,,,,,,,,,,-0.001298,-0.001298,,,,,,,,,,,,,,,,
68377,,,,,,,,,,,,,0.656453,0.631792,0.076793,0.089282,-0.004912,-0.075128,0.012375,,,,,,,,,
68378,,,,,,,,,,,,,,,,,,,,,,,-0.016958,-0.002013,1.014369,-0.280000,-4.340000,5.390000
68381,,,,,,,,,,,,,,,,,,,,-0.060905,0.955732,2.264266,,,,,,
68384,,,,,,,,,,,,,,,,,,,,,,,-0.002562,-0.004209,1.023885,-0.700000,0.000000,5.670000
68385,,,,,,,,,,,,,0.552339,1.174346,0.081265,0.063912,,,,,,,,,,,,
68389,,,,,,,,,,,,,,,,,,,,-0.060969,0.955783,2.267299,,,,,,
68402,,,,,,,,,,,,,0.464738,0.988095,0.085027,0.071912,,,,,,,,,,,,
68397,,,,,,,,,,,,,,,,,,,,-0.061060,0.955904,2.270401,,,,,,
68405,,,,,,,,,,,,,,,,,,,,-0.061185,0.955970,2.270334,-0.002562,-0.004209,1.020896,-0.280000,-0.700000,4.130000
68410,,,,,,,,,,,,,,,,,,,,,,,0.018666,-0.013054,1.020896,-0.280000,1.120000,1.820000
68415,,,,,,,,,,,,,,,,,,,,,,,0.011163,-0.006405,1.019310,-0.210000,0.420000,-1.890000
68416,,,,,,,,,,,,,0.793086,0.831383,0.069631,0.078644,,,,,,,,,,,,
68420,,,,,,,,,,,,,,,,,,,,-0.061290,0.956049,2.270334,,,,,,
68425,,,,0.000000,1.000000,2.276533,0.000000,0.000000,,,,,,,,,,,,,,,,,,,,
68427,,,,,,,,,,,-0.001536,-0.001536,0.667302,1.180443,0.075025,0.062099,-0.005816,-0.075188,0.006686,,,,,,,,,
68428,,,,,,,,,,,,,,,,,,,,-0.061401,0.956152,2.267238,0.011163,-0.006405,1.019310,0.000000,0.280000,-4.830000
68434,,,,,,,,,,,,,,,,,,,,,,,-0.005124,-0.010431,1.019310,-0.070000,0.770000,3.290000
68435,,,,,,,,,,,,,0.561468,0.993225,0.079570,0.070139,,,,,,,,,,,,
68436,,,,,,,,,,,,,,,,,,,,-0.061545,0.956368,2.267168,,,,,,
68444,,,,,,,,,,,,,,,,,,,,,,,-0.005124,-0.010431,1.019310,-0.700000,-5.880000,13.230000
68445,,,,,,,,,,,,,0.472419,1.383860,0.083395,0.051601,,,,,,,,,,,,
68462,,,,,,,,,,,,,1.072435,1.164380,0.055455,0.061027,,,,,,,,,,,,
68459,,,,,,,,,,,,,,,,,,,,-0.061778,0.956599,2.270181,,,,,,
68465,,,,,,,,,,,,,,,,,,,,,,,0.054778,-0.005429,1.027545,-0.210000,-4.690000,-17.080000
68467,,,,,,,,,,,,,,,,,,,,-0.061993,0.956827,2.270187,,,,,,
68469,,,,,,,,,,,,,,,,,,,,,,,0.054778,-0.005429,1.018456,1.400000,0.420000,-25.690001
68475,,,,0.000000,1.000000,2.276533,0.000000,0.000000,,,,,,,,,,,,-0.062295,0.957067,2.267116,,,,,,
68477,,,,,,,,,,,-0.001813,-0.001813,1.256775,1.334137,0.046386,0.052584,-0.006866,-0.075228,0.006299,,,,,,,,,
68478,,,,,,,,,,,,,,,,,,,,,,,0.047519,-0.016348,1.018456,1.260000,6.930000,-28.420000
68484,,,,,,,,,,,,,,,,,,,,,,,0.047519,-0.016348,1.018456,1.120000,9.590000,-20.299999
68485,,,,,,,,,,,,,1.057450,1.122543,0.054947,0.061672,,,,,,,,,,,,
68490,,,,,,,,,,,,,,,,,,,,-0.062520,0.957260,2.261071,,,,,,
68494,,,,,,,,,,,,,,,,,,,,,,,-0.051484,-0.005917,1.016260,0.700000,8.680000,-14.630000
68495,,,,,,,,,,,,,0.889739,0.944507,0.062150,0.069318,,,,,,,,,,,,
68498,,,,,,,,,,,,,,,,,,,,-0.062707,0.957558,2.261029,,,,,,
68504,,,,,,,,,,,,,,,,,,,,,,,-0.051484,-0.005917,1.016260,0.490000,5.320000,-8.470000
68505,,,,,,,,,,,,,0.748626,0.794708,0.068210,0.075752,,,,,,,,,,,,
68523,,,,,,,,,,,,,0.629894,0.983578,0.073309,0.066628,,,,,,,,,,,,
68513,,,,,,,,,,,,,,,,,,,,-0.062772,0.957808,2.257984,,,,,,
68525,,,,0.000000,1.000000,2.276533,0.000000,0.000000,,,,,,,,,,,,,,,,,,,,
68527,,,,,,,,,,,-0.001916,-0.001916,,,,,-0.007255,-0.075282,0.017230,,,,,,,,,
68521,,,,,,,,,,,,,,,,,,,,-0.062848,0.957929,2.257984,,,,,,
68529,,,,,,,,,,,,,,,,,,,,-0.062899,0.958072,2.257994,-0.056181,-0.007381,1.022848,0.420000,0.910000,14.490000
68534,,,,,,,,,,,,,,,,,,,,,,,-0.040077,-0.004209,1.023214,-0.910000,-14.700000,32.900002
68535,,,,,,,,,,,,,0.961998,1.259588,0.057647,0.053373,,,,,,,,,,,,
68539,,,,,,,,,,,,,,,,,,,,,,,-0.040077,-0.004209,1.023214,-0.700000,-14.560000,34.299999
68537,,,,,,,,,,,,,,,,,,,,-0.062968,0.958058,2.261123,,,,,,
68544,,,,,,,,,,,,,,,,,,,,,,,-0.040077,-0.004209,1.023214,-2.310000,-8.260000,39.689999
68545,,,,,,,,,,,,,,,0.064200,0.036651,,,,-0.063023,0.958135,2.267279,,,,,,
68546,,,,,,,,,,,,,0.809425,1.607868,,,,,,,,,,,,,,
68554,,,,,,,,,,,,,,,,,,,,,,,0.003416,-0.000427,1.027789,-0.910000,3.150000,29.049999
68555,,,,,,,,,,,,,1.229764,1.352860,0.044381,0.047605,,,,,,,,,,,,
68560,,,,,,,,,,,,,,,,,,,,-0.063244,0.958241,2.276435,,,,,,
68564,,,,,,,,,,,,,,,,,,,,,,,0.003416,-0.000427,1.012173,0.630000,2.800000,3.850000
68565,,,,,,,,,,,,,1.034723,1.138296,0.052759,0.056822,,,,,,,,,,,,
68568,,,,,,,,,,,,,,,,,,,,-0.063427,0.958429,2.279440,,,,,,
68582,,,,,,,,,,,,,1.207335,1.294482,0.044262,0.049031,,,,,,,,,,,,
68584,,,,0.000000,1.000000,2.276533,0.000000,0.000000,,,,,,,,,,,,-0.063738,0.958920,2.276393,,,,,,
68586,,,,,,,,,,,-0.002536,-0.002536,,,,,-0.009603,-0.075218,-0.001289,,,,,,,,,
68588,,,,,,,,,,,,,,,,,,,,,,,0.041053,-0.018483,1.012173,0.140000,5.810000,-12.530000
68593,,,,,,,,,,,,,,,,,,,,,,,-0.032025,-0.005429,1.021262,0.560000,9.520000,-16.240000
68595,,,,,,,,,,,,,1.015852,1.089177,0.052468,0.057831,,,,,,,,,,,,
68598,,,,,,,,,,,,,,,,,,,,,,,-0.032025,-0.005429,1.021262,0.630000,10.290000,-15.750000
68599,,,,,,,,,,,,,,,,,,,,-0.063877,0.959087,2.270276,,,,,,
68605,,,,,,,,,,,,,0.854738,0.916433,0.059386,0.065249,,,,,,,-0.043554,-0.010797,1.014979,0.770000,9.170000,-15.820000
68610,,,,,,,,,,,,,,,,,,,,-0.063974,0.959235,2.267238,,,,,,
68614,,,,,,,,,,,,,,,,,,,,,,,-0.043554,-0.010797,1.014979,0.630000,0.980000,-14.840000
68615,,,,,,,,,,,,,,,0.039986,0.071490,,,,-0.064030,0.959339,2.264155,,,,,,
68616,,,,,,,,,,,,,1.265577,0.771087,,,,,,,,,,,,,,
68625,,,,0.000000,1.000000,2.276533,0.000000,0.000000,,,,,,,,,,,,,,,,,,,,
68627,,,,,,,,,,,-0.002560,-0.002560,1.064856,0.648792,0.048589,0.076731,-0.009688,-0.075236,0.011638,,,,,,,,,
68628,,,,,,,,,,,,,,,,,,,,,,,-0.032696,-0.006405,1.024312,0.490000,-6.370000,-12.740000
68630,,,,,,,,,,,,,,,,,,,,-0.064049,0.959391,2.261123,,,,,,
68643,,,,,,,,,,,,,0.895970,0.893600,0.055844,0.065096,,,,,,,,,,,,
68638,,,,,,,,,,,,,,,,,,,,-0.064096,0.959434,2.261054,,,,,,
68645,,,,,,,,,,,,,,,,,,,,,,,-0.032696,-0.006405,1.024312,0.420000,-10.780000,7.490000
68650,,,,,,,,,,,,,,,,,,,,,,,-0.028792,-0.004819,1.027118,-0.280000,-10.640000,16.030001
68652,,,,,,,,,,,,,,,,,,,,-0.064015,0.959404,2.261123,,,,,,
68655,,,,,,,,,,,,,0.753869,1.179068,0.061948,0.051459,,,,,,,-0.028792,-0.004819,1.027118,-0.840000,-0.560000,18.900000
68660,,,,,,,,,,,,,,,,,,,,-0.064030,0.959403,2.264243,,,,,,
68664,,,,,,,,,,,,,,,,,,,,,,,0.003172,-0.006405,1.004975,-0.280000,7.350000,19.040001
68665,,,,,,,,,,,,,0.634305,0.992068,0.067083,0.059491,,,,,,,,,,,,
68668,,,,,,,,,,,,,,,,,,,,-0.064247,0.959567,2.267238,,,,,,
68675,,,,0.000000,1.000000,2.276533,0.000000,0.000000,,,,,,,,,,,,,,,,,,,,
68677,,,,,,,,,,,-0.002702,-0.002702,0.533704,1.308489,0.071402,0.044380,-0.010233,-0.075221,0.009198,,,,,,,,,
68678,,,,,,,,,,,,,,,,,,,,,,,0.003172,-0.006405,1.004975,-0.070000,-1.400000,18.410000
68682,,,,,,,,,,,,,,,,,,,,-0.064369,0.959750,2.273386,,,,,,
68684,,,,,,,,,,,,,,,,,,,,,,,0.027816,-0.007930,1.044991,-0.210000,-7.910000,11.690000
68685,,,,,,,,,,,,,1.097402,1.100962,0.045107,0.053293,,,,,,,,,,,,
68690,,,,,,,,,,,,,,,,,,,,-0.064481,0.959869,2.276393,,,,,,
68703,,,,,,,,,,,,,0.923354,1.244146,0.052582,0.046122,,,,,,,,,,,,
68698,,,,,,,,,,,,,,,,,,,,-0.064660,0.959996,2.276366,,,,,,
68704,,,,,,,,,,,,,,,,,,,,,,,0.027816,-0.007930,1.044991,-0.770000,-0.560000,15.750000
68707,,,,,,,,,,,,,,,,,,,,-0.064926,0.960133,2.282458,,,,,,
68709,,,,,,,,,,,,,,,,,,,,,,,0.011773,-0.009516,1.003572,-0.350000,6.300000,19.110001
68714,,,,,,,,,,,,,,,,,,,,,,,0.011773,-0.009516,1.026752,-0.700000,5.530000,18.270000
68715,,,,,,,,,,,,,0.776910,1.046824,0.058871,0.054596,,,,,,,,,,,,
68725,,,,0.000000,1.000000,2.276533,0.000000,0.000000,,,,,,,,,,,,,,,,,,,,
68727,,,,,,,,,,,-0.003202,-0.003202,0.653692,0.880797,0.064145,0.061711,-0.012127,-0.075204,-0.004878,,,,,,,,,
68721,,,,,,,,,,,,,,,,,,,,-0.065123,0.960238,2.285529,,,,,,
68728,,,,,,,,,,,,,,,,,,,,,,,-0.038735,-0.002013,1.026752,-0.980000,6.300000,13.440000
68729,,,,,,,,,,,,,,,,,,,,-0.065293,0.960376,2.288529,,,,,,
68734,,,,,,,,,,,,,,,,,,,,,,,-0.038735,-0.014579,1.018761,-0.070000,3.570000,8.470000
68735,,,,,,,,,,,,,0.550016,0.741103,0.068596,0.067709,,,,,,,,,,,,
68738,,,,,,,,,,,,,,,,,,,,-0.065384,0.960482,2.291538,,,,,,
68744,,,,,,,,,,,,,,,,,,,,,,,-0.043005,-0.014579,1.018761,0.000000,1.260000,4.060000
68745,,,,,,,,,,,,,0.462783,1.171229,0.072340,0.047477,,,,,,,,,,,,
68762,,,,,,,,,,,,,0.389386,0.985472,0.075491,0.055453,,,,,,,,,,,,
68760,,,,,,,,,,,,,,,,,,,,-0.065476,0.960533,2.291568,,,,,,
68765,,,,,,,,,,,,,,,,,,,,,,,-0.042151,-0.003843,1.021079,0.070000,-0.350000,7.420000
68770,,,,,,,,,,,,,,,,,,,,,,,-0.042151,-0.003843,1.021079,0.280000,-4.270000,4.480000
68768,,,,,,,,,,,,,,,,,,,,-0.065489,0.960513,2.291568,,,,,,
68775,,,,0.000000,1.000000,2.276533,0.000000,0.000000,,,,,,,,,,,,,,,,,,,,
68777,,,,,,,,,,,-0.003568,-0.003568,0.327629,1.179004,0.078128,0.046011,-0.013519,-0.075250,-0.014673,,,,,,,,,
68776,,,,,,,,,,,,,,,,,,,,-0.065522,0.960518,2.294605,,,,,,
68779,,,,,,,,,,,,,,,,,,,,,,,-0.016104,-0.012688,1.018456,0.350000,-2.310000,1.470000
68784,,,,,,,,,,,,,,,,,,,,,,,-0.016104,-0.012688,1.018456,-0.350000,-2.590000,2.310000
68785,,,,,,,,,,,,,0.275667,0.992014,0.080357,0.054039,,,,,,,,,,,,
68790,,,,,,,,,,,,,,,,,,,,-0.065496,0.960523,2.294605,,,,,,
68794,,,,,,,,,,,,,,,,,,,,,,,-0.012139,-0.005185,1.024739,-0.210000,0.420000,-0.700000
68795,,,,,,,,,,,,,0.231946,0.834680,0.082233,0.060793,,,,,,,,,,,,
68798,,,,,,,,,,,,,,,,,,,,-0.065532,0.960524,2.294605,,,,,,
68804,,,,,,,,,,,,,,,,,,,,,,,-0.012139,-0.005185,1.024739,0.350000,-1.470000,-1.190000
68805,,,,,,,,,,,,,0.195160,0.702300,0.083811,0.066475,,,,,,,,,,,,
68806,,,,,,,,,,,,,,,,,,,,-0.065533,0.960530,2.294605,,,,,,
68822,,,,,,,,,,,,,0.164207,0.590915,0.085138,0.071256,,,,,,,,,,,,
68825,,,,0.000000,1.000000,2.276533,0.000000,0.000000,,,,,,,,,,,,,,,,,,,,
68827,,,,,,,,,,,-0.003656,-0.003656,,,,,-0.013852,-0.075238,-0.018137,,,,,,,,,
68821,,,,,,,,,,,,,,,,,,,,-0.065514,0.960532,2.294605,,,,,,
68828,,,,,,,,,,,,,,,,,,,,,,,0.003782,-0.008113,1.024495,0.140000,-5.390000,-3.500000
68829,,,,,,,,,,,,,,,,,,,,-0.065507,0.960564,2.294630,,,,,,
68833,,,,,,,,,,,,,,,,,,,,,,,0.079117,-0.010797,1.028338,0.490000,-3.220000,-10.150000
68835,,,,,,,,,,,,,0.548706,0.497196,0.067305,0.075275,,,,,,,,,,,,
68838,,,,,,,,,,,,,,,,,,,,,,,0.079117,-0.010797,1.028338,0.070000,0.560000,-12.740000
68837,,,,,,,,,,,,,,,,,,,,-0.065594,0.960687,2.291609,,,,,,
68844,,,,,,,,,,,,,,,,,,,,,,,0.079117,-0.010797,1.028338,0.210000,3.430000,-21.980000
68845,,,,,,,,,,,,,1.011225,0.967885,0.045681,0.053300,,,,,,,,,,,,
68846,,,,,,,,,,,,,,,,,,,,-0.065783,0.960838,2.288570,,,,,,
68854,,,,,,,,,,,,,,,,,,,,,,,0.075823,-0.008662,1.011624,-0.140000,8.540000,-12.460000
68855,,,,,,,,,,,,,1.399006,0.814378,0.027270,0.059889,,,,,,,,,,,,
68861,,,,,,,,,,,,,,,,,,,,-0.065990,0.961084,2.285513,,,,,,
68864,,,,,,,,,,,,,,,,,,,,,,,0.075823,-0.008662,1.011624,-0.490000,6.440000,-10.220000
68865,,,,,,,,,,,,,1.177123,0.685218,0.036795,0.065434,,,,,,,,,,,,
68869,,,,,,,,,,,,,,,,,,,,-0.066180,0.961451,2.282445,,,,,,
68882,,,,,,,,,,,,,0.990431,0.915842,0.044810,0.054441,,,,,,,,,,,,
68884,,,,0.000000,1.000000,2.276533,0.000000,0.000000,,,,,,,,,,,,,,,,,,,,
68886,,,,,,,,,,,-0.003717,-0.003717,,,,,-0.014076,-0.075289,-0.006876,,,,,,,,,
68876,,,,,,,,,,,,,,,,,,,,-0.066466,0.961912,2.282472,,,,,,
68888,,,,,,,,,,,,,,,,,,,,,,,0.002989,-0.005002,1.017541,-0.420000,5.110000,-7.140000
68893,,,,,,,,,,,,,,,,,,,,,,,-0.032269,-0.009577,1.024129,0.350000,6.370000,-3.850000
68891,,,,,,,,,,,,,,,,,,,,-0.066733,0.962198,2.282381,,,,,,
68895,,,,,,,,,,,,,0.833349,1.165100,0.051539,0.042452,,,,,,,,,,,,
68898,,,,,,,,,,,,,,,,,,,,,,,-0.032269,-0.009577,1.024129,-0.560000,10.640000,0.070000
68899,,,,,,,,,,,,,,,,,,,,-0.066896,0.962473,2.279392,,,,,,
68904,,,,,,,,,,,,,,,,,,,,,,,-0.088206,-0.000976,1.019432,-2.940000,14.910000,2.660000
68905,,,,,,,,,,,,,0.701180,0.980315,0.057214,0.050387,,,,,,,,,,,,
68908,,,,,,,,,,,,,,,,,,,,-0.067040,0.962684,2.279475,,,,,,
68922,,,,,,,,,,,,,0.922072,0.824837,0.046659,0.057063,,,,,,,,,,,,
68916,,,,,,,,,,,,,,,,,,,,-0.067235,0.962833,2.279381,,,,,,
68925,,,,0.000000,1.000000,2.276533,0.000000,0.000000,,,,,,,,,,,,,,,,,,,,
68927,,,,,,,,,,,-0.004084,-0.004084,0.775831,1.748108,0.052919,0.014000,-0.015466,-0.075243,-0.003106,,,,,,,,,
68929,,,,,,,,,,,,,,,,,,,,,,,-0.088206,-0.000976,1.019432,-1.400000,13.230000,9.100000
68930,,,,,,,,,,,,,,,,,,,,-0.067395,0.963002,2.279413,,,,,,
68934,,,,,,,,,,,,,,,,,,,,,,,-0.047763,-0.017507,1.023336,-1.820000,7.560000,13.650000
68935,,,,,,,,,,,,,0.652784,1.470858,0.058202,0.025907,,,,,,,,,,,,
68939,,,,,,,,,,,,,,,,,,,,,,,-0.047763,-0.017507,1.023336,-1.890000,0.140000,11.690000
68938,,,,,,,,,,,,,,,,,,,,-0.067624,0.963148,2.282337,,,,,,
68944,,,,,,,,,,,,,,,,,,,,,,,-0.056242,-0.009760,1.019127,0.210000,-2.590000,7.280000
68945,,,,,,,,,,,,,,,0.062647,0.035926,,,,-0.067709,0.963215,2.282295,,,,,,
68946,,,,,,,,,,,,,0.549252,1.237580,,,,,,,,,,,,,,
68954,,,,,,,,,,,,,,,,,,,,,,,-0.056242,-0.009760,1.019127,0.350000,-4.410000,3.010000
68955,,,,,,,,,,,,,0.462141,1.041299,0.066387,0.044355,,,,,,,,,,,,
68959,,,,,,,,,,,,,,,,,,,,-0.067710,0.963242,2.285338,,,,,,
68964,,,,,,,,,,,,,,,,,,,,,,,-0.064965,-0.002135,1.020469,-0.980000,-8.960000,5.670000
68965,,,,,,,,,,,,,0.388845,0.876149,0.069533,0.051447,,,,,,,,,,,,
68967,,,,,,,,,,,,,,,,,,,,-0.067666,0.963176,2.285380,,,,,,
68982,,,,,,,,,,,,,0.327174,1.074183,0.072180,0.041857,,,,,,,,,,,,
68984,,,,0.000000,1.000000,2.276533,0.000000,0.000000,,,,,,,,,,,,,,,,,,,,
68986,,,,,,,,,,,-0.004363,-0.004363,,,,,-0.016533,-0.075233,-0.008979,,,,,,,,,
68981,,,,,,,,,,,,,,,,,,,,-0.067538,0.963085,2.285423,,,,,,
68988,,,,,,,,,,,,,,,,,,,,,,,-0.064965,-0.002135,1.020469,0.140000,-16.870001,7.630000
68989,,,,,,,,,,,,,,,,,,,,-0.067373,0.962926,2.288587,,,,,,
68993,,,,,,,,,,,,,,,,,,,,,,,-0.023119,-0.018544,1.022909,0.210000,-23.799999,8.050000
68995,,,,,,,,,,,,,0.275284,0.903817,0.074397,0.049170,,,,,,,,,,,,
68999,,,,,,,,,,,,,,,,,,,,,,,-0.014518,0.002318,1.032364,-0.350000,-11.760000,5.810000
68997,,,,,,,,,,,,,,,,,,,,-0.067231,0.962773,2.288657,,,,,,
69004,,,,,,,,,,,,,,,,,,,,,,,-0.014518,0.002318,1.032364,-0.910000,-0.490000,2.030000
69005,,,,,,,,,,,,,0.231624,0.760471,0.076270,0.055324,,,,-0.067226,0.962743,2.288657,,,,,,
69014,,,,,,,,,,,,,,,,,,,,,,,-0.014518,0.002318,1.032364,0.420000,6.720000,0.770000
69015,,,,,,,,,,,,,0.194889,0.639861,0.077845,0.060501,,,,,,,,,,,,
69020,,,,,,,,,,,,,,,,,,,,-0.067257,0.962789,2.288657,,,,,,
69025,,,,0.000000,1.000000,2.276533,0.000000,0.000000,,,,,,,,,,,,,,,,,,,,
69027,,,,,,,,,,,-0.004301,-0.004301,0.640729,0.538379,0.057170,0.064860,-0.016296,-0.075138,-0.012226,,,,,,,,,
69028,,,,,,,,,,,,,,,,,,,,-0.067324,0.962851,2.288613,0.035624,-0.024095,1.003511,0.350000,1.260000,0.560000
69042,,,,,,,,,,,,,0.897833,0.452992,0.044976,0.068525,,,,,,,,,,,,
69036,,,,,,,,,,,,,,,,,,,,-0.067333,0.962888,2.288613,,,,,,
69045,,,,,,,,,,,,,,,,,,,,,,,0.035624,-0.024095,1.003511,-0.560000,-13.930000,-28.840000
69050,,,,,,,,,,,,,,,,,,,,,,,0.003477,0.000488,1.021567,1.610000,-1.960000,-28.910000
69051,,,,,,,,,,,,,,,,,,,,-0.067424,0.962970,2.285501,,,,,,
69055,,,,,,,,,,,,,0.755437,0.381147,0.051089,0.071608,,,,,,,0.063684,-0.018239,1.014735,-1.050000,4.410000,-24.150000
69059,,,,,,,,,,,,,,,,,,,,-0.067430,0.963104,2.282458,,,,,,
69064,,,,,,,,,,,,,,,,,,,,,,,0.063684,-0.018239,1.014735,-0.630000,13.090000,-15.470000
69065,,,,,,,,,,,,,0.635624,0.320697,0.056233,0.074202,,,,,,,,,,,,
69067,,,,,,,,,,,,,,,,,,,,-0.067659,0.963305,2.279370,,,,,,
69075,,,,0.000000,1.000000,2.276533,0.000000,0.000000,,,,,,,,,,,,,,,,,,,,
69077,,,,,,,,,,,-0.004276,-0.004276,0.534814,0.269835,0.060554,0.076381,-0.016192,-0.075247,-0.003366,,,,,,,,,
69078,,,,,,,,,,,,,,,,,,,,,,,-0.010248,0.000427,1.033218,-0.350000,7.420000,-11.480000
69082,,,,,,,,,,,,,,,,,,,,-0.067917,0.963429,2.276323,,,,,,
69085,,,,,,,,,,,,,1.094041,0.871087,0.034462,0.048485,,,,,,,-0.010248,0.000427,1.033218,-0.210000,0.560000,-8.540000
69102,,,,,,,,,,,,,0.920526,0.732933,0.041914,0.054417,,,,,,,,,,,,
69099,,,,,,,,,,,,,,,,,,,,-0.068139,0.963694,2.276245,,,,,,
69104,,,,,,,,,,,,,,,,,,,,,,,-0.040016,-0.015189,1.019127,-0.210000,-1.610000,10.150000
69107,,,,,,,,,,,,,,,,,,,,-0.068203,0.963764,2.276288,,,,,,
69110,,,,,,,,,,,,,,,,,,,,,,,-0.040016,-0.015189,1.019127,-1.120000,5.320000,9.660000
69115,,,,,,,,,,,,,0.774531,0.616690,0.048183,0.059408,,,,,,,-0.076250,-0.007564,1.016138,-0.280000,3.920000,6.230000
69125,,,,0.000000,1.000000,2.276533,0.000000,0.000000,,,,,,,,,,,,,,,,,,,,
69127,,,,,,,,,,,-0.004394,-0.004394,0.651690,0.518883,0.053451,0.063601,-0.016639,-0.075406,0.000071,,,,,,,,,
69128,,,,,,,,,,,,,,,,,,,,,,,-0.076250,-0.007564,1.016138,0.630000,-0.420000,0.910000
69121,,,,,,,,,,,,,,,,,,,,-0.068318,0.963916,2.279381,,,,,,
69130,,,,,,,,,,,,,,,,,,,,-0.068360,0.963952,2.279381,,,,,,
69134,,,,,,,,,,,,,,,,,,,,,,,-0.036844,-0.010126,1.023824,-0.210000,-3.710000,-0.700000
69135,,,,,,,,,,,,,0.548332,0.436588,0.057889,0.067134,,,,,,,,,,,,
69138,,,,,,,,,,,,,,,,,,,,-0.068361,0.963947,2.279335,,,,,,
69144,,,,,,,,,,,,,,,,,,,,,,,-0.036844,-0.010126,1.023824,-0.070000,-6.930000,0.070000
69145,,,,,,,,,,,,,0.461366,0.367345,0.061622,0.070107,,,,,,,,,,,,
69146,,,,,,,,,,,,,,,,,,,,-0.068291,0.963893,2.279392,,,,,,
69161,,,,,,,,,,,,,0.388194,0.309084,0.064764,0.072607,,,,,,,,,,,,
69160,,,,,,,,,,,,,,,,,,,,-0.068228,0.963848,2.279335,,,,,,
69163,,,,,,,,,,,,,,,,,,,,,,,-0.029768,-0.015677,1.022299,0.560000,-11.550000,0.140000
69169,,,,,,,,,,,,,,,,,,,,,,,0.000122,-0.002867,1.019432,-0.210000,-1.610000,-0.140000
69168,,,,,,,,,,,,,,,,,,,,-0.068168,0.963632,2.279329,,,,,,
69175,,,,0.000000,1.000000,2.276533,0.000000,0.000000,,,,,,,,,,,,,,,,,,,,
69177,,,,,,,,,,,-0.004424,-0.004424,0.326626,0.260063,0.067406,0.074710,-0.016754,-0.075426,-0.002490,,,,,,,,,
69178,,,,,,,,,,,,,,,,,,,,,,,0.000122,-0.002867,1.019432,-0.140000,1.330000,-0.840000
69176,,,,,,,,,,,,,,,,,,,,-0.068184,0.963652,2.279370,,,,,,
69184,,,,,,,,,,,,,,,,,,,,,,,0.000122,-0.002867,1.019432,0.140000,0.840000,-0.420000
69185,,,,,,,,,,,,,0.274823,0.218817,0.069629,0.076480,,,,,,,,,,,,
69191,,,,,,,,,,,,,,,,,,,,-0.068155,0.963753,2.279370,,,,,,
69194,,,,,,,,,,,,,,,,,,,,,,,0.010736,-0.012017,1.023763,-0.210000,-0.560000,1.610000
69195,,,,,,,,,,,,,0.231236,0.184113,0.071499,0.077968,,,,,,,,,,,,
69199,,,,,,,,,,,,,,,,,,,,-0.068175,0.963774,2.279381,,,,,,
69204,,,,,,,,,,,,,,,,,,,,,,,0.010736,-0.012017,1.021323,-0.140000,-0.910000,2.240000
69205,,,,,,,,,,,,,0.194562,0.154912,0.073072,0.079220,,,,,,,,,,,,
69207,,,,,,,,,,,,,,,,,,,,-0.068185,0.963766,2.279381,,,,,,
69222,,,,,,,,,,,,,0.163704,0.130343,0.074395,0.080273,,,,,,,,,,,,
69221,,,,,,,,,,,,,,,,,,,,-0.068195,0.963781,2.279370,,,,,,
69225,,,,0.000000,1.000000,2.276533,0.000000,0.000000,,,,,,,,,,,,,,,,,,,,
69227,,,,,,,,,,,-0.004456,-0.004456,0.137741,0.109671,0.075507,0.081158,-0.016876,-0.075356,-0.002780,,,,,,,,,
69228,,,,,,,,,,,,,,,,,,,,-0.068204,0.963789,2.282426,-0.016104,-0.009028,1.021323,0.070000,0.280000,0.910000
69233,,,,,,,,,,,,,,,,,,,,,,,-0.008662,-0.008845,1.020774,-0.140000,0.070000,2.100000
69235,,,,,,,,,,,,,0.772763,0.749145,0.046119,0.051579,,,,,,,,,,,,
69236,,,,,,,,,,,,,,,,,,,,-0.068241,0.963775,2.282373,,,,,,
69239,,,,,,,,,,,,,,,,,,,,,,,-0.008662,-0.008845,1.020774,-0.070000,-0.350000,3.290000
69244,,,,,,,,,,,,,,,,,,,,,,,0.003904,-0.011712,1.022055,-0.350000,-0.910000,5.180000
69245,,,,,,,,,,,,,1.197647,0.630330,0.026109,0.056681,,,,,,,,,,,,
69263,,,,,,,,,,,,,1.007700,0.530360,0.034266,0.060973,,,,,,,,,,,,
69258,,,,,,,,,,,,,,,,,,,,-0.068303,0.963876,2.282373,,,,,,
69264,,,,,,,,,,,,,,,,,,,,,,,0.003904,-0.011712,1.022055,0.140000,-8.960000,-6.510000
69266,,,,,,,,,,,,,,,,,,,,-0.068346,0.963961,2.279381,,,,,,
69270,,,,,,,,,,,,,,,,,,,,,,,0.027877,-0.010736,1.015528,-0.420000,8.540000,-4.270000
69275,,,,0.000000,1.000000,2.276533,0.000000,0.000000,,,,,,,,,,,,,,,,,,,,
69277,,,,,,,,,,,-0.004521,-0.004521,0.847879,0.446245,0.041122,0.064578,-0.017118,-0.075354,-0.002450,,,,,,,,,
69278,,,,,,,,,,,,,,,,,,,,,,,0.027877,-0.010736,1.015528,-0.350000,5.530000,-1.890000
69280,,,,,,,,,,,,,,,,,,,,-0.068506,0.963978,2.279335,,,,,,
69284,,,,,,,,,,,,,,,,,,,,,,,-0.017202,-0.009333,1.031449,-0.770000,0.910000,2.800000
69285,,,,,,,,,,,,,0.713405,0.375470,0.046897,0.067617,,,,,,,,,,,,
69288,,,,,,,,,,,,,,,,,,,,-0.068692,0.964084,2.282381,,,,,,
69294,,,,,,,,,,,,,,,,,,,,,,,-0.017202,-0.009333,1.031449,-0.630000,-0.910000,6.510000
69295,,,,,,,,,,,,,1.148310,0.315921,0.026453,0.070172,,,,,,,,,,,,
69297,,,,,,,,,,,,,,,,,,,,-0.068781,0.964211,2.282426,,,,,,
69304,,,,,,,,,,,,,,,,,,,,,,,0.005551,-0.011468,1.020469,0.490000,-11.690000,-4.830000
69305,,,,,,,,,,,,,0.966188,0.813591,0.034274,0.047033,,,,,,,,,,,,
69322,,,,,,,,,,,,,0.812950,0.684555,0.040855,0.052574,,,,,,,,,,,,
69320,,,,,,,,,,,,,,,,,,,,-0.068820,0.964357,2.282488,,,,,,
69325,,,,0.000000,1.000000,2.276533,0.000000,0.000000,,,,,,,,,,,,,,,,,,,,
69327,,,,,,,,,,,-0.004735,-0.004735,0.684016,0.575984,0.046385,0.057228,-0.017931,-0.075392,-0.005556,,,,,,,,,
69328,,,,,,,,,,,,,,,,,,,,-0.068934,0.964462,2.285531,0.005551,-0.011468,1.020469,-0.560000,-0.490000,10.360000
69334,,,,,,,,,,,,,,,,,,,,,,,-0.010004,-0.008906,1.012417,-0.630000,2.870000,12.530000
69335,,,,,,,,,,,,,0.575531,1.163530,0.051042,0.029809,,,,,,,,,,,,
69336,,,,,,,,,,,,,,,,,,,,-0.069079,0.964549,2.285480,,,,,,
69339,,,,,,,,,,,,,,,,,,,,,,,-0.029890,-0.010065,1.030168,-1.050000,2.240000,13.510000
69344,,,,,,,,,,,,,,,,,,,,,,,-0.029890,-0.010065,1.030168,-1.120000,-0.910000,11.480000
69345,,,,,,,,,,,,,0.484252,0.978994,0.054961,0.037734,,,,,,,,,,,,
69351,,,,,,,,,,,,,,,,,,,,-0.069166,0.964655,2.288482,,,,,,
69354,,,,,,,,,,,,,,,,,,,,,,,-0.029890,-0.010065,1.030168,0.000000,-4.690000,0.910000
69355,,,,,,,,,,,,,0.407449,0.823726,0.058258,0.044401,,,,,,,,,,,,
69359,,,,,,,,,,,,,,,,,,,,-0.069221,0.964686,2.291520,,,,,,
69364,,,,,,,,,,,,,,,,,,,,,,,0.005246,-0.012139,1.024739,0.350000,3.360000,-5.320000
69365,,,,,,,,,,,,,0.890272,0.693083,0.035759,0.050010,,,,,,,,,,,,
69367,,,,,,,,,,,,,,,,,,,,-0.069285,0.964761,2.288482,,,,,,
69382,,,,,,,,,,,,,0.749075,0.583160,0.041822,0.054730,,,,,,,,,,,,
69384,,,,0.000000,1.000000,2.276533,0.000000,0.000000,,,,,,,,,,,,,,,,,,,,
69386,,,,,,,,,,,-0.005007,-0.005007,,,,,-0.018963,-0.075374,-0.011276,,,,,,,,,
69375,,,,,,,,,,,,,,,,,,,,-0.069390,0.964847,2.288521,,,,,,
69388,,,,,,,,,,,,,,,,,,,,,,,0.005246,-0.014457,1.013210,0.350000,2.100000,-6.370000
69390,,,,,,,,,,,,,,,,,,,,-0.069451,0.964893,2.285480,,,,,,
69393,,,,,,,,,,,,,,,,,,,,,,,-0.027206,-0.010492,1.020896,-0.070000,-0.560000,-4.550000
69395,,,,,,,,,,,,,0.630272,0.490670,0.046912,0.058689,,,,,,,,,,,,
69398,,,,,,,,,,,,,,,,,,,,-0.069459,0.964913,2.285480,-0.038857,-0.010492,1.020896,0.140000,0.140000,-3.010000
69404,,,,,,,,,,,,,,,,,,,,,,,-0.038857,-0.010492,1.020896,0.000000,0.140000,-1.330000
69405,,,,,,,,,,,,,0.530311,0.412850,0.051203,0.062029,,,,,,,,,,,,
69406,,,,,,,,,,,,,,,,,,,,-0.069483,0.964936,2.285480,,,,,,
69414,,,,,,,,,,,,,,,,,,,,,,,-0.032208,-0.009760,1.021567,-0.140000,-1.050000,1.400000
69415,,,,,,,,,,,,,0.446203,0.347372,0.054813,0.064839,,,,,,,,,,,,
69420,,,,,,,,,,,,,,,,,,,,-0.069471,0.964941,2.285480,,,,,,
69425,,,,0.000000,1.000000,2.276533,0.000000,0.000000,,,,,,,,,,,,,,,,,,,,
69427,,,,,,,,,,,-0.005034,-0.005034,0.375435,0.771209,0.057848,0.045093,-0.019064,-0.075444,-0.009062,,,,,,,,,
69428,,,,,,,,,,,,,,,,,,,,-0.069447,0.964915,2.285480,-0.032208,-0.009760,1.021567,0.000000,-2.940000,1.820000
69442,,,,,,,,,,,,,0.315891,0.648895,0.060404,0.050344,,,,,,,,,,,,
69437,,,,,,,,,,,,,,,,,,,,-0.069427,0.964930,2.285531,,,,,,
69445,,,,,,,,,,,,,,,,,,,,-0.069436,0.964943,2.285531,-0.008540,-0.011224,1.023397,-0.070000,0.490000,-0.630000
69450,,,,,,,,,,,,,,,,,,,,,,,-0.005124,-0.011102,1.021201,0.000000,0.070000,-1.260000
69455,,,,,,,,,,,,,0.265791,0.545980,0.062553,0.054762,,,,,,,-0.005124,-0.011102,1.021201,0.210000,-0.560000,-0.630000
69460,,,,,,,,,,,,,,,,,,,,-0.069447,0.964925,2.285516,,,,,,
69464,,,,,,,,,,,,,,,,,,,,,,,-0.005124,-0.011102,1.021201,-0.070000,-1.890000,-3.220000
69465,,,,,,,,,,,,,0.223636,0.459387,0.064361,0.058479,,,,,,,,,,,,
69467,,,,,,,,,,,,,,,,,,,,-0.069447,0.964933,2.285480,,,,,,
69475,,,,0.000000,1.000000,2.276533,0.000000,0.000000,,,,,,,,,,,,,,,,,,,,
69477,,,,,,,,,,,-0.005034,-0.005034,0.188168,0.386529,0.065883,0.061607,-0.019070,-0.075433,-0.009151,,,,,,,,,
69478,,,,,,,,,,,,,,,,,,,,,,,0.004270,-0.011956,1.025654,0.140000,0.700000,-4.760000
69484,,,,,,,,,,,,,,,,,,,,,,,0.004270,-0.011956,1.025654,0.070000,3.990000,-5.320000
69482,,,,,,,,,,,,,,,,,,,,-0.069452,0.964921,2.285516,,,,,,
69485,,,,,,,,,,,,,0.800474,0.325225,0.037521,0.064238,,,,,,,,,,,,
69502,,,,,,,,,,,,,0.673519,0.273644,0.042971,0.066451,,,,,,,,,,,,
69499,,,,,,,,,,,,,,,,,,,,-0.069598,0.965073,2.282438,,,,,,
69505,,,,,,,,,,,,,,,,,,,,,,,0.006832,-0.007076,1.015345,0.140000,2.800000,-1.260000
69507,,,,,,,,,,,,,,,,,,,,-0.069625,0.965109,2.282398,,,,,,
69510,,,,,,,,,,,,,,,,,,,,,,,-0.030744,-0.013847,1.025105,0.000000,-2.380000,0.280000
69515,,,,,,,,,,,,,0.566699,0.230244,0.047557,0.068312,,,,-0.069614,0.965124,2.282438,-0.030744,-0.013847,1.025105,0.000000,-3.150000,2.170000
69525,,,,0.000000,1.000000,2.276533,0.000000,0.000000,,,,,,,,,,,,,,,,,,,,
69526,,,,,,,,,,,-0.005033,-0.005033,,,,,-0.019060,-0.075495,-0.005901,,,,,,,,,
69527,,,,,,,,,,,,,0.476820,0.193728,0.051411,0.069877,,,,,,,,,,,,
69528,,,,,,,,,,,,,,,,,,,,,,,-0.030744,-0.013847,1.025105,-0.140000,-3.640000,4.200000
69530,,,,,,,,,,,,,,,,,,,,-0.069623,0.965096,2.285480,,,,,,
69535,,,,,,,,,,,,,0.401196,0.163002,0.054657,0.071194,,,,,,,-0.027511,-0.008540,1.023946,-0.140000,-1.050000,2.450000
69538,,,,,,,,,,,,,,,,,,,,-0.069589,0.965106,2.285493,,,,,,
69544,,,,,,,,,,,,,,,,,,,,,,,-0.027511,-0.012505,1.016687,0.070000,0.560000,1.050000
69545,,,,,,,,,,,,,0.337567,0.137150,0.057388,0.072302,,,,,,,,,,,,
69547,,,,,,,,,,,,,,,,,,,,-0.069557,0.965135,2.285493,,,,,,
69562,,,,,,,,,,,,,0.284029,0.115398,0.059685,0.073234,,,,-0.069570,0.965128,2.285493,,,,,,
69564,,,,,,,,,,,,,,,,,,,,,,,-0.004392,-0.012505,1.016687,0.070000,-0.560000,0.700000
69569,,,,,,,,,,,,,,,,,,,,,,,-0.008906,-0.009821,1.022909,0.000000,-0.070000,1.120000
69570,,,,,,,,,,,,,,,,,,,,-0.069591,0.965131,2.285493,,,,,,
69575,,,,0.000000,1.000000,2.276533,0.000000,0.000000,,,,,,,,,,,,,,,,,,,,
69576,,,,,,,,,,,-0.005085,-0.005085,,,,,-0.019258,-0.075424,-0.008565,,,,,,,,,
69577,,,,,,,,,,,,,0.238982,0.097096,0.061616,0.074016,,,,,,,,,,,,
69578,,,,,,,,,,,,,,,,,,,,-0.069605,0.965142,2.285493,-0.008906,-0.009821,1.022909,0.070000,-0.140000,0.490000
69584,,,,,,,,,,,,,,,,,,,,,,,-0.009272,-0.011773,1.022482,0.140000,-0.630000,0.140000
69585,,,,,,,,,,,,,0.201079,0.081697,0.063242,0.074674,,,,,,,,,,,,
69586,,,,,,,,,,,,,,,,,,,,-0.069589,0.965167,2.285493,,,,,,
69594,,,,,,,,,,,,,,,,,,,,,,,-0.009272,-0.011773,1.022482,-0.070000,-0.210000,0.280000
69595,,,,,,,,,,,,,0.169188,0.068739,0.064609,0.075228,,,,,,,,,,,,
69601,,,,,,,,,,,,,,,,,,,,-0.069586,0.965179,2.285493,,,,,,
69604,,,,,,,,,,,,,,,,,,,,,,,-0.012322,-0.011651,1.020896,0.070000,-0.770000,0.280000
69605,,,,,,,,,,,,,0.142355,0.057837,0.065759,0.075694,,,,,,,,,,,,
69610,,,,,,,,,,,,,,,,,,,,-0.069609,0.965164,2.285493,,,,,,
69618,,,,,,,,,,,,,,,,,,,,-0.069593,0.965187,2.285493,,,,,,
69622,,,,,,,,,,,,,0.119777,0.048664,0.066726,0.076086,,,,,,,,,,,,
69625,,,,0.000000,1.000000,2.276533,0.000000,0.000000,,,,,,,,,,,,-0.069579,0.965194,2.285493,,,,,,
69627,,,,,,,,,,,-0.005099,-0.005099,,,,,-0.019313,-0.075384,-0.008869,,,,,,,,,
69629,,,,,,,,,,,,,,,,,,,,,,,-0.012322,-0.011651,1.020896,0.000000,-0.350000,-0.420000
69634,,,,,,,,,,,,,,,,,,,,,,,-0.011224,-0.010004,1.020652,0.140000,-0.420000,-0.420000
69635,,,,,,,,,,,,,0.100781,0.040946,0.067539,0.076414,,,,,,,,,,,,
69639,,,,,,,,,,,,,,,,,,,,,,,-0.009882,-0.011346,1.021811,0.140000,-0.420000,-0.560000
69642,,,,,,,,,,,,,,,,,,,,-0.069586,0.965189,2.285493,,,,,,
69644,,,,,,,,,,,,,,,,,,,,,,,-0.009882,-0.011346,1.021811,0.070000,-0.490000,-0.700000
69645,,,,,,,,,,,,,0.084797,0.034452,0.068223,0.076690,,,,,,,,,,,,
69650,,,,,,,,,,,,,,,,,,,,-0.069587,0.965184,2.285493,,,,,,
69654,,,,,,,,,,,,,,,,,,,,,,,-0.009882,-0.011346,1.021811,0.070000,-0.280000,-0.910000
69655,,,,,,,,,,,,,0.071348,0.028988,0.068798,0.076922,,,,,,,,,,,,
69658,,,,,,,,,,,,,,,,,,,,-0.069621,0.965164,2.285493,,,,,,
69664,,,,,,,,,,,,,,,,,,,,,,,-0.009211,-0.010004,1.021384,0.070000,-0.350000,-0.280000
69665,,,,,,,,,,,,,0.060032,0.024390,0.069282,0.077117,,,,,,,,,,,,
69667,,,,,,,,,,,,,,,,,,,,-0.069612,0.965180,2.285493,,,,,,
69684,,,,0.000000,1.000000,2.276533,0.000000,0.000000,,,,,,,,,,,,,,,,,,,,
69685,,,,,,,,,,,-0.005102,-0.005102,,,,,-0.019324,-0.075398,-0.008924,,,,,,,,,
69686,,,,,,,,,,,,,0.050511,0.020522,0.069688,0.077281,,,,,,,,,,,,
69675,,,,,,,,,,,,,,,,,,,,-0.069606,0.965195,2.285493,,,,,,
69688,,,,,,,,,,,,,,,,,,,,,,,-0.009211,-0.010004,1.021384,0.070000,-0.420000,-0.140000
69690,,,,,,,,,,,,,,,,,,,,-0.069597,0.965202,2.285493,,,,,,
69693,,,,,,,,,,,,,,,,,,,,,,,-0.012871,-0.010553,1.021628,0.070000,-0.280000,-0.210000
69695,,,,,,,,,,,,,0.042500,0.017267,0.070029,0.077418,,,,,,,,,,,,
69698,,,,,,,,,,,,,,,,,,,,,,,-0.009882,-0.009821,1.021140,0.070000,-0.420000,-0.210000
69699,,,,,,,,,,,,,,,,,,,,-0.069608,0.965206,2.285493,,,,,,
69704,,,,,,,,,,,,,,,,,,,,,,,-0.009882,-0.009821,1.021140,0.070000,-0.280000,-0.280000
69705,,,,,,,,,,,,,0.035759,0.014529,0.070316,0.077533,,,,,,,,,,,,
69707,,,,,,,,,,,,,,,,,,,,-0.069617,0.965204,2.285493,,,,,,
69722,,,,,,,,,,,,,0.030088,0.012224,0.070557,0.077629,,,,,,,,,,,,
69715,,,,,,,,,,,,,,,,,,,,-0.069649,0.965187,2.285493,,,,,,
69725,,,,0.000000,1.000000,2.276533,0.000000,0.000000,,,,,,,,,,,,,,,,,,,,
69727,,,,,,,,,,,-0.005109,-0.005109,,,,,-0.019351,-0.075419,-0.008943,,,,,,,,,
69729,,,,,,,,,,,,,,,,,,,,-0.069622,0.965203,2.285493,-0.010858,-0.009516,1.021567,0.000000,-0.420000,0.140000
69734,,,,,,,,,,,,,,,,,,,,,,,-0.009516,-0.010919,1.021140,-0.070000,-0.280000,0.000000
69735,,,,,,,,,,,,,0.025316,0.010286,0.070759,0.077710,,,,,,,,,,,,
69739,,,,,,,,,,,,,,,,,,,,,,,-0.009516,-0.010919,1.021140,0.070000,-0.070000,-0.700000
69737,,,,,,,,,,,,,,,,,,,,-0.069615,0.965207,2.285493,,,,,,
69744,,,,,,,,,,,,,,,,,,,,,,,-0.009516,-0.010919,1.021140,0.140000,-0.070000,-0.070000
69745,,,,,,,,,,,,,0.021301,0.008654,0.070929,0.077777,,,,,,,,,,,,
69746,,,,,,,,,,,,,,,,,,,,-0.069621,0.965210,2.285493,,,,,,
69754,,,,,,,,,,,,,,,,,,,,,,,-0.011956,-0.009760,1.021018,0.000000,-0.700000,-0.210000
69755,,,,,,,,,,,,,0.017923,0.007282,0.071072,0.077833,,,,,,,,,,,,
69761,,,,,,,,,,,,,,,,,,,,-0.069624,0.965211,2.285493,,,,,,
69764,,,,,,,,,,,,,,,,,,,,,,,-0.011956,-0.009760,1.021018,0.140000,-0.420000,-0.350000
69765,,,,,,,,,,,,,0.015080,0.006127,0.071191,0.077881,,,,,,,,,,,,
69769,,,,,,,,,,,,,,,,,,,,-0.069622,0.965222,2.285493,,,,,,
69782,,,,,,,,,,,,,0.012688,0.005155,0.071291,0.077920,,,,,,,,,,,,
69784,,,,0.000000,1.000000,2.276533,0.000000,0.000000,,,,,,,,,,,,,,,,,,,,
69786,,,,,,,,,,,-0.005111,-0.005111,,,,,-0.019361,-0.075381,-0.008953,,,,,,,,,
69785,,,,,,,,,,,,,,,,,,,,-0.069618,0.965233,2.285493,,,,,,
69789,,,,,,,,,,,,,,,,,,,,,,,-0.010187,-0.011346,1.021140,0.140000,-0.350000,-0.280000
69794,,,,,,,,,,,,,,,,,,,,,,,-0.010614,-0.010370,1.021445,0.070000,-0.490000,-0.210000
69795,,,,,,,,,,,,,0.010676,0.004338,0.071375,0.077952,,,,,,,,,,,,
69799,,,,,,,,,,,,,,,,,,,,,,,-0.010614,-0.010370,1.021445,0.070000,-0.560000,-0.210000
69800,,,,,,,,,,,,,,,,,,,,-0.069624,0.965220,2.285493,,,,,,
69804,,,,,,,,,,,,,,,,,,,,,,,-0.010614,-0.010370,1.021445,0.070000,-0.490000,-0.280000
69805,,,,,,,,,,,,,0.008983,0.003650,0.071445,0.077979,,,,,,,,,,,,
69808,,,,,,,,,,,,,,,,,,,,-0.069619,0.965220,2.285493,,,,,,
69814,,,,,,,,,,,,,,,,,,,,,,,-0.010370,-0.011224,1.021689,-0.070000,-0.350000,-0.210000
69815,,,,,,,,,,,,,0.007558,0.003071,0.071504,0.078001,,,,,,,,,,,,
69816,,,,,,,,,,,,,,,,,,,,-0.069623,0.965221,2.285493,,,,,,
69825,,,,0.000000,1.000000,2.276533,0.000000,0.000000,,,,,,,,,,,,,,,,,,,,
69826,,,,,,,,,,,-0.005112,-0.005112,,,,,-0.019362,-0.075379,-0.008956,,,,,,,,,
69827,,,,,,,,,,,,,0.006359,0.002584,0.071553,0.078020,,,,,,,,,,,,
69828,,,,,,,,,,,,,,,,,,,,,,,-0.010370,-0.011224,1.021689,0.070000,-0.420000,-0.210000
69842,,,,,,,,,,,,,0.005351,0.002174,0.071593,0.078035,,,,,,,,,,,,
69839,,,,,,,,,,,,,,,,,,,,-0.069630,0.965216,2.285493,,,,,,
69845,,,,,,,,,,,,,,,,,,,,,,,-0.009943,-0.011773,1.021567,0.140000,-0.630000,1.890000
69846,,,,,,,,,,,,,,,,,,,,-0.069625,0.965218,2.285493,,,,,,
69850,,,,,,,,,,,,,,,,,,,,,,,-0.003233,-0.011895,1.022177,-0.140000,-1.190000,2.730000
69855,,,,,,,,,,,,,,,,,,,,-0.069662,0.965207,2.285493,-0.003233,-0.011895,1.022177,-0.140000,-0.280000,3.010000
69856,,,,,,,,,,,,,0.004502,0.001829,0.071627,0.078047,,,,,,,,,,,,
69864,,,,,,,,,,,,,,,,,,,,,,,-0.003233,-0.010675,1.019981,-0.070000,0.840000,2.170000
69865,,,,,,,,,,,,,0.003788,0.001539,0.071655,0.078057,,,,,,,,,,,,
69870,,,,,,,,,,,,,,,,,,,,-0.069698,0.965226,2.285451,,,,,,
69875,,,,0.000000,1.000000,2.276533,0.000000,0.000000,,,,,,,,,,,,,,,,,,,,
69876,,,,,,,,,,,-0.005124,-0.005124,,,,,-0.019407,-0.075430,-0.008920,,,,,,,,,
69877,,,,,,,,,,,,,0.003187,0.001295,0.071678,0.078064,,,,,,,,,,,,
69878,,,,,,,,,,,,,,,,,,,,-0.069688,0.965276,2.285493,-0.002867,-0.010675,1.019981,-0.070000,0.140000,2.380000
69884,,,,,,,,,,,,,,,,,,,,,,,-0.017690,-0.011041,1.023397,-0.140000,-0.770000,2.660000
69885,,,,,,,,,,,,,0.002682,0.001090,0.071697,0.078070,,,,,,,,,,,,
69886,,,,,,,,,,,,,,,,,,,,-0.069677,0.965288,2.285493,,,,,,
69902,,,,,,,,,,,,,0.002256,0.321444,0.071713,0.063279,,,,,,,,,,,,
69895,,,,,,,,,,,,,,,,,,,,-0.069686,0.965297,2.285493,,,,,,
69905,,,,,,,,,,,,,,,,,,,,,,,-0.017690,-0.011041,1.023397,-0.070000,-1.190000,3.430000
69910,,,,,,,,,,,,,,,,,,,,-0.069700,0.965305,2.288534,-0.006222,-0.012139,1.021018,-0.210000,-0.560000,3.920000
69915,,,,,,,,,,,,,0.001899,0.270463,0.071726,0.065466,,,,,,,-0.006222,-0.012139,1.021018,-0.210000,0.140000,3.780000
69918,,,,,,,,,,,,,,,,,,,,-0.069709,0.965331,2.288534,,,,,,
69925,,,,0.000000,1.000000,2.276533,0.000000,0.000000,,,,,,,,,,,,,,,,,,,,
69927,,,,,,,,,,,-0.005208,-0.005208,0.001597,0.227567,0.071732,0.067303,-0.019730,-0.075319,-0.011963,,,,,,,,,
69928,,,,,,,,,,,,,,,,,,,,,,,-0.005551,-0.010614,1.019127,-0.140000,0.350000,2.870000
69926,,,,,,,,,,,,,,,,,,,,-0.069736,0.965364,2.288534,,,,,,
69934,,,,,,,,,,,,,,,,,,,,,,,-0.005551,-0.010614,1.019127,-0.280000,-0.910000,4.620000
69935,,,,,,,,,,,,,0.001344,0.191475,0.071740,0.068851,,,,,,,,,,,,
69941,,,,,,,,,,,,,,,,,,,,-0.069757,0.965384,2.288534,,,,,,
69944,,,,,,,,,,,,,,,,,,,,,,,-0.011163,-0.010980,1.024861,-0.210000,-0.910000,4.480000
69945,,,,,,,,,,,,,0.001131,0.161107,0.071747,0.070152,,,,,,,,,,,,
69950,,,,,,,,,,,,,,,,,,,,-0.069784,0.965391,2.288534,,,,,,
69962,,,,,,,,,,,,,0.000952,0.135556,0.071752,0.071247,,,,,,,,,,,,
69958,,,,,,,,,,,,,,,,,,,,-0.069766,0.965425,2.288534,,,,,,
69964,,,,,,,,,,,,,,,,,,,,,,,-0.011163,-0.010980,1.024861,-0.140000,1.190000,3.290000
69965,,,,,,,,,,,,,,,,,,,,-0.069795,0.965463,2.291573,,,,,,
69970,,,,,,,,,,,,,,,,,,,,,,,-0.009089,-0.013420,1.018029,-0.140000,0.910000,3.150000
69975,,,,0.000000,1.000000,2.276533,0.000000,0.000000,,,,,,,,,,,,,,,,,,,,
69976,,,,,,,,,,,-0.005304,-0.005304,,,,,,,,,,,,,,,,
69977,,,,,,,,,,,,,0.000801,0.114056,0.071751,0.072164,-0.020096,-0.075235,-0.014893,,,,,,,,,
69978,,,,,,,,,,,,,,,,,,,,,,,-0.009089,-0.013420,1.018029,-0.280000,0.700000,3.080000
69980,,,,,,,,,,,,,,,,,,,,-0.069832,0.965488,2.291573,,,,,,
69984,,,,,,,,,,,,,,,,,,,,,,,-0.016470,-0.010797,1.022787,-0.210000,0.420000,2.870000
69985,,,,,,,,,,,,,0.000674,0.095967,0.071754,0.072938,,,,,,,,,,,,
69989,,,,,,,,,,,,,,,,,,,,-0.069865,0.965505,2.291573,,,,,,
69994,,,,,,,,,,,,,,,,,,,,,,,-0.016470,-0.010797,1.022787,0.000000,0.280000,2.100000
69995,,,,,,,,,,,,,0.000567,0.080747,0.071756,0.073589,,,,,,,,,,,,
69997,,,,,,,,,,,,,,,,,,,,-0.069894,0.965542,2.291573,,,,,,
70004,,,,,,,,,,,,,,,,,,,,,,,-0.014884,-0.013115,1.021201,-0.140000,-0.420000,2.660000
70005,,,,,,,,,,,,,0.000477,0.615275,0.071757,0.048873,,,,,,,,,,,,
70022,,,,,,,,,,,,,0.000401,0.517692,0.071758,0.053062,,,,,,,,,,,,
70020,,,,,,,,,,,,,,,,,,,,-0.069921,0.965562,2.294610,,,,,,
70025,,,,0.000000,1.000000,2.276533,0.000000,0.000000,,,,,,,,,,,,,,,,,,,,
70027,,,,,,,,,,,-0.005414,-0.005414,0.000338,0.435586,0.071753,0.056583,-0.020518,-0.075192,-0.018235,-0.069885,0.965501,2.291627,,,,,,
70028,,,,,,,,,,,,,,,,,,,,,,,-0.014884,-0.013115,1.019066,0.000000,-5.180000,0.280000
70033,,,,,,,,,,,,,,,,,,,,,,,-0.012810,-0.010431,1.020774,0.000000,-0.350000,-0.630000
70035,,,,,,,,,,,,,0.000284,0.366502,0.071752,0.059547,,,,-0.069882,0.965508,2.291627,,,,,,
70039,,,,,,,,,,,,,,,,,,,,,,,-0.022204,-0.011346,1.020774,0.070000,0.140000,-0.630000
70044,,,,,,,,,,,,,,,,,,,,,,,-0.022204,-0.011346,1.020774,0.280000,0.000000,-0.420000
70045,,,,,,,,,,,,,0.000239,0.308375,0.071751,0.062040,,,,,,,,,,,,
70050,,,,,,,,,,,,,,,,,,,,-0.069883,0.965520,2.291573,,,,,,
70054,,,,,,,,,,,,,,,,,,,,,,,-0.007259,-0.010675,1.022787,0.070000,-0.280000,0.140000
70055,,,,,,,,,,,,,0.000201,0.259466,0.071750,0.064138,,,,,,,,,,,,
70058,,,,,,,,,,,,,,,,,,,,-0.069888,0.965542,2.294664,,,,,,
70064,,,,,,,,,,,,,,,,,,,,,,,-0.007259,-0.010675,1.022787,0.000000,-0.910000,1.470000
70065,,,,,,,,,,,,,0.000169,0.218315,0.071749,0.065902,,,,-0.069914,0.965516,2.291573,,,,,,
70082,,,,,,,,,,,,,0.000142,0.183690,0.071747,0.067386,,,,,,,,,,,,
70084,,,,0.000000,1.000000,2.276533,0.000000,0.000000,,,,,,,,,,,,,,,,,,,,
70086,,,,,,,,,,,-0.005352,-0.005352,,,,,-0.020275,-0.075273,-0.015459,,,,,,,,,
70080,,,,,,,,,,,,,,,,,,,,-0.069930,0.965530,2.294597,,,,,,
70088,,,,,,,,,,,,,,,,,,,,-0.069942,0.965556,2.294610,-0.002074,-0.010309,1.023397,-0.140000,-2.520000,9.870000
70094,,,,,,,,,,,,,,,,,,,,,,,0.025315,-0.008723,1.019859,-0.560000,0.910000,9.800000
70095,,,,,,,,,,,,,0.000120,0.549154,0.071748,0.050424,,,,,,,,,,,,
70096,,,,,,,,,,,,,,,,,,,,-0.070053,0.965618,2.297644,,,,,,
70099,,,,,,,,,,,,,,,,,,,,,,,0.025315,-0.008723,1.019859,-0.350000,2.170000,9.380000
70104,,,,,,,,,,,,,,,,,,,,,,,0.025315,-0.008723,1.019859,-0.420000,1.680000,9.240000
70105,,,,,,,,,,,,,0.000101,0.462058,0.071746,0.054162,,,,,,,,,,,,
70110,,,,,,,,,,,,,,,,,,,,-0.070166,0.965685,2.300715,,,,,,
70114,,,,,,,,,,,,,,,,,,,,,,,-0.011346,-0.012200,1.023336,-0.490000,-1.400000,8.400000
70115,,,,,,,,,,,,,0.000085,0.388775,0.071744,0.057306,,,,,,,,,,,,
70118,,,,,,,,,,,,,,,,,,,,-0.070247,0.965733,2.303745,,,,,,
70125,,,,0.000000,1.000000,2.276533,0.000000,0.000000,,,,,,,,,,,,,,,,,,,,
70127,,,,,,,,,,,-0.005664,-0.005664,0.000071,0.327115,0.071728,0.059940,-0.021464,-0.075140,-0.026546,-0.070293,0.965790,2.303762,,,,,,
70128,,,,,,,,,,,,,,,,,,,,,,,-0.011346,-0.012200,1.023336,-0.420000,-2.800000,7.000000
70145,,,,,,,,,,,,,0.303630,0.275235,0.057717,0.062165,,,,,,,,,,,,
70135,,,,,,,,,,,,,,,,,,,,-0.070426,0.965898,2.303707,,,,,,
70148,,,,,,,,,,,,,,,,,,,,,,,-0.007869,-0.012810,1.019554,-0.140000,-1.750000,-17.780001
70150,,,,,,,,,,,,,,,,,,,,-0.070435,0.965984,2.300715,,,,,,
70153,,,,,,,,,,,,,,,,,,,,,,,0.014640,-0.015067,1.021323,0.700000,-2.450000,-22.750000
70155,,,,,,,,,,,,,0.255474,0.231583,0.059782,0.064037,,,,,,,,,,,,
70158,,,,,,,,,,,,,,,,,,,,-0.070479,0.966088,2.297644,0.014640,-0.015067,1.021323,0.560000,-2.590000,-23.030001
70164,,,,,,,,,,,,,,,,,,,,,,,0.014640,-0.015067,1.021323,1.190000,-0.280000,-24.010000
70165,,,,,,,,,,,,,0.762125,0.194854,0.036269,0.065611,,,,,,,,,,,,
70166,,,,,,,,,,,,,,,,,,,,-0.070555,0.966207,2.291595,,,,,,
70184,,,,0.000000,1.000000,2.276533,0.000000,0.000000,,,,,,,,,,,,,,,,,,,,
70185,,,,,,,,,,,-0.005598,-0.005598,,,,,-0.021200,-0.075305,-0.015560,,,,,,,,,
70186,,,,,,,,,,,,,0.641252,0.163950,0.041448,0.066935,,,,,,,,,,,,
70181,,,,,,,,,,,,,,,,,,,,-0.070634,0.966364,2.288529,,,,,,
70188,,,,,,,,,,,,,,,,,,,,,,,0.026901,-0.017324,1.023763,1.260000,5.740000,-12.180000
70189,,,,,,,,,,,,,,,,,,,,-0.070715,0.966516,2.285501,,,,,,
70194,,,,,,,,,,,,,,,,,,,,,,,-0.031110,-0.004331,1.018151,0.490000,0.140000,-9.170000
70195,,,,,,,,,,,,,0.539549,0.715038,0.045814,0.041409,,,,,,,,,,,,
70199,,,,,,,,,,,,,,,,,,,,,,,-0.031110,-0.004331,1.018151,0.210000,0.070000,-5.880000
70197,,,,,,,,,,,,,,,,,,,,-0.070835,0.966596,2.282415,,,,,,
70204,,,,,,,,,,,,,,,,,,,,,,,-0.051423,-0.012627,1.017724,0.280000,-0.630000,-2.450000
70205,,,,,,,,,,,,,0.453977,0.601633,0.049487,0.046277,,,,,,,,,,,,
70214,,,,,,,,,,,,,,,,,,,,,,,-0.051423,-0.012627,1.017724,-0.280000,0.630000,0.490000
70211,,,,,,,,,,,,,,,,,,,,-0.070885,0.966692,2.282426,,,,,,
70215,,,,,,,,,,,,,0.381976,0.506214,0.052577,0.050373,,,,,,,,,,,,
70219,,,,,,,,,,,,,,,,,,,,-0.070943,0.966707,2.282415,,,,,,
70225,,,,0.000000,1.000000,2.276533,0.000000,0.000000,,,,,,,,,,,,,,,,,,,,
70227,,,,,,,,,,,-0.005587,-0.005587,0.800662,0.425929,0.033052,0.053819,-0.021163,-0.075452,-0.006796,,,,,,,,,
70228,,,,,,,,,,,,,,,,,,,,-0.070964,0.966702,2.282415,-0.066063,-0.012932,1.019920,-0.140000,-0.070000,0.420000
70242,,,,,,,,,,,,,0.673677,0.358376,0.038504,0.056718,,,,,,,,,,,,
70236,,,,,,,,,,,,,,,,,,,,-0.070909,0.966659,2.282406,,,,,,
70245,,,,,,,,,,,,,,,,,,,,,,,-0.066063,-0.012932,1.019920,0.280000,-6.090000,1.750000
70250,,,,,,,,,,,,,,,,,,,,,,,-0.025193,-0.007808,1.025227,-0.350000,-1.330000,1.400000
70251,,,,,,,,,,,,,,,,,,,,-0.070840,0.966596,2.282415,,,,,,
70255,,,,,,,,,,,,,0.566831,0.301538,0.043091,0.059157,,,,,,,-0.025193,-0.007808,1.025227,-0.210000,1.890000,2.170000
70259,,,,,,,,,,,,,,,,,,,,-0.070833,0.966581,2.282458,,,,,,
70264,,,,,,,,,,,,,,,,,,,,,,,0.010065,-0.015677,1.011990,0.000000,3.570000,3.080000
70265,,,,,,,,,,,,,0.476932,0.253714,0.046949,0.061208,,,,,,,,,,,,
70267,,,,,,,,,,,,,,,,,,,,-0.070857,0.966595,2.285458,,,,,,
70275,,,,-0.000006,1.000007,2.276533,0.000000,0.000000,,,,,,,,,,,,-0.070863,0.966606,2.285458,,,,,,
70277,,,,,,,,,,,-0.005599,-0.005599,,,,,-0.021205,-0.075419,-0.008563,,,,,,,,,
70278,,,,,,,,,,,,,0.401290,0.213475,0.050195,0.062933,,,,,,,,,,,,
70279,,,,,,,,,,,,,,,,,,,,,,,0.010065,-0.015677,1.011990,0.070000,-0.630000,1.470000
70284,,,,,,,,,,,,,,,,,,,,,,,-0.009394,-0.007930,1.028887,0.000000,-2.310000,0.210000
70285,,,,,,,,,,,,,0.337646,0.179618,0.052926,0.064385,,,,,,,,,,,,
70290,,,,,,,,,,,,,,,,,,,,-0.070863,0.966612,2.285488,,,,,,
70303,,,,,,,,,,,,,0.284095,0.151130,0.055223,0.065606,,,,,,,,,,,,
70298,,,,,,,,,,,,,,,,,,,,-0.070881,0.966608,2.285458,,,,,,
70305,,,,,,,,,,,,,,,,,,,,-0.070870,0.966624,2.285458,-0.009394,-0.007930,1.028887,0.000000,-0.070000,-0.350000
70310,,,,,,,,,,,,,,,,,,,,,,,-0.008601,-0.015250,1.017724,0.070000,-0.770000,-0.350000
70314,,,,,,,,,,,,,,,,,,,,,,,-0.008601,-0.015250,1.017724,-0.070000,-0.770000,-0.140000
70315,,,,,,,,,,,,,,,0.057156,0.066632,,,,-0.070874,0.966624,2.285458,,,,,,
70316,,,,,,,,,,,,,0.239038,0.127161,,,,,,,,,,,,,,
70325,,,,-0.000050,1.000059,2.276533,0.000588,0.000001,,,,,,,,,,,,,,,,,,,,
70327,,,,,,,,,,,0.030388,0.028723,0.201126,0.106993,0.060443,0.069080,-0.021165,-0.075410,-0.008803,,,,,,,,,
70328,,,,,,,,,,,,,,,,,,,,,,,-0.011834,-0.008235,1.022665,0.070000,-0.630000,0.140000
70330,,,,,,,,,,,,,,,,,,,,-0.070873,0.966620,2.285458,,,,,,
70334,,,,,,,,,,,,,,,,,,,,,,,-0.011834,-0.008235,1.022665,0.070000,-0.420000,-0.140000
70335,,,,,,,,,,,,,0.169228,0.090024,0.061829,0.069824,,,,,,,,,,,,
70338,,,,,,,,,,,,,,,,,,,,-0.070883,0.966610,2.285488,,,,,,
70344,,,,,,,,,,,,,,,,,,,,,,,-0.008174,-0.013542,1.021079,0.000000,-0.560000,0.140000
70345,,,,,,,,,,,,,0.142388,0.075746,0.062997,0.070452,,,,,,,,,,,,
70346,,,,,,,,,,,,,,,,,,,,-0.070875,0.966617,2.285458,,,,,,
70362,,,,,,,,,,,,,0.119805,0.063733,0.063983,0.070983,,,,,,,,,,,,
70356,,,,,,,,,,,,,,,,,,,,-0.070885,0.966622,2.285458,,,,,,
70364,,,,,,,,,,,,,,,,,,,,,,,-0.008174,-0.011956,1.021750,0.000000,-0.560000,1.050000
70369,,,,,,,,,,,,,,,,,,,,,,,-0.008235,-0.011956,1.021750,0.000000,-0.420000,0.910000
70370,,,,,,,,,,,,,,,,,,,,-0.070884,0.966629,2.285458,,,,,,
70375,,,,-0.000167,1.000196,2.276538,0.002305,0.000025,,,,,,,,,,,,,,,,,,,,
70377,,,,,,,,,,,0.135436,0.129009,0.100804,0.053625,0.069664,0.076061,-0.020995,-0.075413,-0.008863,,,,,,,,,
70378,,,,,,,,,,,,,,,,,,,,-0.070895,0.966636,2.285458,-0.009211,-0.010187,1.020469,-0.070000,-0.140000,0.770000
70384,,,,,,,,,,,,,,,,,,,,,,,-0.009211,-0.010187,1.020469,-0.070000,0.210000,0.280000
70385,,,,,,,,,,,,,0.084817,0.045120,0.070419,0.076492,,,,,,,,,,,,
70387,,,,,,,,,,,,,,,,,,,,-0.070903,0.966641,2.285458,,,,,,
70402,,,,,,,,,,,,,0.071365,0.037964,0.071066,0.076865,,,,,,,,,,,,
70401,,,,,,,,,,,,,,,,,,,,-0.070929,0.966639,2.285488,,,,,,
70405,,,,,,,,,,,,,,,,,,,,,,,-0.010187,-0.012078,1.021567,0.070000,-0.490000,-5.810000
70410,,,,,,,,,,,,,,,,,,,,,,,-0.010187,-0.012078,1.021567,0.560000,-3.150000,-8.190000
70409,,,,,,,,,,,,,,,,,,,,-0.070920,0.966652,2.285458,,,,,,
70415,,,,,,,,,,,,,0.060046,0.031943,0.071621,0.077189,,,,,,,0.008906,-0.014213,1.021689,0.280000,-1.820000,-6.860000
70417,,,,,,,,,,,,,,,,,,,,-0.070928,0.966675,2.285488,,,,,,
70425,,,,-0.000391,1.000458,2.276559,0.005081,0.000186,,,,,,,,,,,,,,,,,,,,
70427,,,,,,,,,,,0.304966,0.291462,0.526522,0.026877,0.057953,0.084970,-0.020709,-0.075418,-0.008899,,,,,,,,,
70428,,,,,,,,,,,,,,,,,,,,,,,0.008906,-0.014213,1.021689,-0.070000,2.730000,-1.260000
70431,,,,,,,,,,,,,,,,,,,,-0.070938,0.966703,2.282415,,,,,,
70434,,,,,,,,,,,,,,,,,,,,,,,-0.021899,-0.008540,1.017114,0.070000,0.280000,2.870000
70435,,,,,,,,,,,,,0.443016,0.022614,0.061695,0.085302,,,,,,,,,,,,
70439,,,,,,,,,,,,,,,,,,,,-0.070964,0.966724,2.282445,,,,,,
70444,,,,,,,,,,,,,,,,,,,,,,,-0.021899,-0.008540,1.017114,-0.280000,-4.620000,6.860000
70445,,,,,,,,,,,,,0.372753,0.019027,0.064868,0.085604,,,,,,,,,,,,
70447,,,,,,,,,,,,,,,,,,,,-0.071002,0.966743,2.285488,,,,,,
70462,,,,,,,,,,,,,0.313635,0.342729,0.067562,0.070801,,,,-0.071063,0.966773,2.285501,,,,,,
70464,,,,,,,,,,,,,,,,,,,,,,,0.003050,-0.008662,1.029070,-0.560000,1.050000,6.230000
70470,,,,,,,,,,,,,,,,,,,,-0.071155,0.966826,2.288490,0.010431,-0.013969,1.019615,-0.140000,1.120000,14.420000
70475,,,,-0.000751,1.000881,2.276628,0.008847,0.000754,,,,,,,,,,,,,,,,,,,,
70477,,,,,,,,,,,0.534448,0.512165,0.263892,0.288372,0.080444,0.083470,-0.020630,-0.075432,-0.011631,,,,,,,,,
70479,,,,,,,,,,,,,,,,,,,,-0.071176,0.966932,2.288556,0.010431,-0.013969,1.019615,-0.420000,-4.270000,19.530001
70484,,,,,,,,,,,,,,,,,,,,,,,0.010431,-0.013969,1.019615,-0.910000,-0.630000,18.129999
70485,,,,,,,,,,,,,0.222039,0.882598,0.082513,0.056159,,,,,,,,,,,,
70488,,,,,,,,,,,,,,,,,,,,-0.071350,0.966995,2.294585,,,,,,
70494,,,,,,,,,,,,,,,,,,,,,,,0.028304,-0.005734,1.015406,-0.910000,-1.260000,28.770000
70495,,,,,,,,,,,,,0.186823,1.290889,0.084298,0.037128,,,,,,,,,,,,
70497,,,,,,,,,,,,,,,,,,,,-0.071625,0.967135,2.300685,,,,,,
70504,,,,,,,,,,,,,,,,,,,,,,,0.028304,-0.005734,1.019615,-0.840000,3.080000,24.990000
70505,,,,,,,,,,,,,,,0.085842,0.046180,,,,-0.071829,0.967283,2.303683,,,,,,
70506,,,,,,,,,,,,,0.157193,1.086154,,,,,,,,,,,,,,
70521,,,,,,,,,,,,,,,0.087184,0.053839,,,,,,,,,,,,
70522,,,,,,,,,,,,,0.132262,0.913890,,,,,,,,,,,,,,
70520,,,,,,,,,,,,,,,,,,,,-0.071988,0.967475,2.306723,,,,,,
70525,,,,-0.001278,1.001499,2.276807,0.013537,0.002215,,,,,,,,,,,,,,,,,,,,
70527,,,,,,,,,,,0.821915,0.783952,0.111286,0.768947,0.101608,0.072867,-0.022128,-0.075254,-0.029008,,,,,,,,,
70528,,,,,,,,,,,,,,,,,,,,-0.072144,0.967652,2.309785,0.021350,-0.012139,1.019615,-0.560000,5.040000,17.570000
70534,,,,,,,,,,,,,,,,,,,,,,,-0.039223,-0.015494,1.028948,0.140000,1.400000,14.280000
70535,,,,,,,,,,,,,0.093636,1.305846,0.102783,0.048108,,,,,,,,,,,,
70536,,,,,,,,,,,,,,,,,,,,-0.072255,0.967801,2.315832,,,,,,
70539,,,,,,,,,,,,,,,,,,,,,,,-0.039223,-0.015494,1.028948,0.210000,1.190000,12.180000
70544,,,,,,,,,,,,,,,,,,,,,,,-0.026901,-0.011956,1.018273,0.000000,-0.840000,7.840000
70545,,,,,,,,,,,,,0.078785,1.098739,0.103839,0.057396,,,,,,,,,,,,
70551,,,,,,,,,,,,,,,,,,,,-0.072327,0.967860,2.315832,,,,,,
70554,,,,,,,,,,,,,,,,,,,,,,,-0.026901,-0.011956,1.018273,0.490000,-6.790000,-11.340000
70555,,,,,,,,,,,,,0.612417,0.924479,0.079601,0.065274,,,,,,,,,,,,
70559,,,,,,,,,,,,,,,,,,,,-0.072365,0.967910,2.315832,,,,,,
70564,,,,,,,,,,,,,,,,,,,,,,,0.030195,-0.021716,1.037366,1.540000,-9.100000,-34.369999
70565,,,,,,,,,,,,,1.063945,1.326514,0.058879,0.046657,,,,,,,,,,,,
70568,,,,,,,,,,,,,,,,,,,,-0.072363,0.967961,2.309834,,,,,,
70595,,,,-0.001998,1.002344,2.277201,0.019083,0.005300,,,,,,,,,,,,,,,,,,,,
70597,,,,,,,,,,,1.156687,1.111691,,,0.074121,0.071205,-0.022002,-0.075172,-0.032512,,,,,,,,,
70598,,,,,,,,,,,,,1.065618,1.116129,,,,,,,,,,,,,,
70591,,,,,,,,,,,,,,,,,,,,-0.072594,0.968410,2.297682,,,,,,
70600,,,,,,,,,,,,,,,,,,,,,,,0.030195,-0.021716,1.037366,2.450000,7.770000,-8.610000
70599,,,,,,,,,,,,,,,,,,,,-0.072841,0.968660,2.297540,,,,,,
70605,,,,,,,,,,,,,,,,,,,,,,,-0.036295,-0.012993,1.024495,1.120000,7.630000,-6.020000
70606,,,,,,,,,,,,,0.896611,1.616151,0.081963,0.048138,,,,,,,,,,,,
70607,,,,,,,,,,,,,,,,,,,,-0.073052,0.968838,2.294454,,,,,,
70610,,,,,,,,,,,,,,,,,,,,,,,-0.036295,-0.012993,1.024495,0.560000,7.980000,-3.290000
70616,,,,,,,,,,,,,1.273268,1.359829,0.064722,0.059705,,,,,,,-0.036295,-0.012993,1.024495,0.000000,7.630000,3.920000
70615,,,,,,,,,,,,,,,,,,,,-0.073295,0.968983,2.294413,,,,,,
70621,,,,,,,,,,,,,,,,,,,,,,,-0.040809,-0.003050,1.022970,-0.700000,-2.380000,15.610000
70625,,,,-0.002936,1.003442,2.277972,0.025419,0.011006,,,,,,,,,,,,,,,,,,,,
70626,,,,,,,,,,,1.526137,1.500984,,,,,,,,,,,,,,,,
70627,,,,,,,,,,,,,1.582348,1.655180,0.067447,0.063911,-0.020841,-0.075515,-0.017796,,,,,,,,,
70630,,,,,,,,,,,,,,,,,,,,,,,-0.040809,-0.003050,1.022970,-0.770000,-9.380000,24.500000
70629,,,,,,,,,,,,,,,,,,,,-0.073388,0.969115,2.297489,,,,,,
70643,,,,,,,,,,,,,1.331387,1.733498,0.078996,0.060219,,,,,,,,,,,,
70637,,,,,,,,,,,,,,,,,,,,-0.073406,0.969197,2.300685,,,,,,
70646,,,,,,,,,,,,,,,,,,,,-0.073464,0.969331,2.300730,-0.040809,-0.003050,1.022970,-0.490000,-12.320000,10.710000
70651,,,,,,,,,,,,,,,,,,,,,,,0.023058,-0.010980,1.033340,-0.910000,1.120000,3.780000
70655,,,,,,,,,,,,,1.556422,1.894758,0.068713,0.052662,,,,,,,,,,,,
70656,,,,,,,,,,,,,,,,,,,,,,,0.015372,-0.018605,0.999363,0.630000,7.560000,-7.210000
70660,,,,,,,,,,,,,,,,,,,,-0.073592,0.969653,2.303852,,,,,,
70664,,,,,,,,,,,,,,,,,,,,,,,0.015372,-0.018605,0.999363,0.980000,8.540000,-16.590000
70665,,,,,,,,,,,,,1.309573,1.594249,0.080086,0.066325,,,,,,,,,,,,
70668,,,,,,,,,,,,,,,,,,,,-0.073838,0.969928,2.300799,,,,,,
70675,,,,-0.004115,1.004820,2.279351,0.032478,0.020593,,,,,,,,,,,,,,,,,,,,
70677,,,,,,,,,,,1.936851,1.933897,1.571714,1.341401,0.087046,0.097907,-0.020492,-0.075247,-0.021260,,,,,,,,,
70678,,,,,,,,,,,,,,,,,,,,,,,0.015372,-0.010065,1.039928,0.630000,2.240000,-19.950001
70676,,,,,,,,,,,,,,,,,,,,-0.074076,0.970158,2.297716,,,,,,
70684,,,,,,,,,,,,,,,,,,,,,,,-0.016836,-0.010065,1.039928,1.050000,-1.680000,-21.280001
70685,,,,,,,,,,,,,1.980975,1.787190,0.068356,0.077648,,,,,,,,,,,,
70702,,,,,,,,,,,,,1.995167,1.832116,0.067679,0.075650,,,,,,,,,,,,
70700,,,,,,,,,,,,,,,,,,,,-0.074389,0.970599,2.291595,,,,,,
70705,,,,,,,,,,,,,,,,,,,,,,,0.007503,-0.011773,1.025532,0.840000,-6.440000,-7.140000
70708,,,,,,,,,,,,,,,,,,,,-0.074645,0.970766,2.291626,,,,,,
70710,,,,,,,,,,,,,,,,,,,,,,,0.007503,-0.011773,1.025532,0.350000,0.490000,-8.190000
70716,,,,,,,,,,,,,2.069731,1.932540,0.064210,0.071070,,,,-0.074909,0.971045,2.288510,0.041968,-0.007137,1.005585,-0.630000,-0.280000,-5.180000
70725,,,,-0.005558,1.006500,2.281650,0.040188,0.035583,,,,,,,,,,,,,,,,,,,,
70727,,,,,,,,,,,2.362376,2.431555,2.246333,1.626039,0.075624,0.108167,-0.018981,-0.075541,-0.007762,,,,,,,,,
70728,,,,,,,,,,,,,,,,,,,,,,,0.041968,-0.007137,1.005585,-0.770000,1.260000,-7.210000
70731,,,,,,,,,,,,,,,,,,,,-0.075090,0.971333,2.288521,,,,,,
70734,,,,,,,,,,,,,,,,,,,,,,,-0.023729,-0.011834,1.029375,-0.910000,1.750000,-5.530000
70735,,,,,,,,,,,,,2.533808,2.011894,0.062422,0.090777,,,,,,,,,,,,
70739,,,,,,,,,,,,,,,,,,,,-0.075385,0.971534,2.285516,,,,,,
70744,,,,,,,,,,,,,,,,,,,,,,,-0.023729,-0.011834,1.029375,-0.070000,-2.660000,0.840000
70745,,,,,,,,,,,,,2.131946,2.240858,0.080873,0.080429,,,,,,,,,,,,
70747,,,,,,,,,,,,,,,,,,,,-0.075640,0.971820,2.285529,,,,,,
70762,,,,,,,,,,,,,2.438478,2.530116,0.066850,0.067182,,,,,,,,,,,,
70756,,,,,,,,,,,,,,,,,,,,-0.075937,0.972153,2.288593,,,,,,
70764,,,,,,,,,,,,,,,,,,,,,,,0.009577,-0.012200,1.028155,-1.050000,-10.570000,14.140000
70769,,,,,,,,,,,,,,,,,,,,,,,0.062403,-0.006893,1.017663,-0.910000,-4.830000,8.470000
70771,,,,,,,,,,,,,,,,,,,,-0.076242,0.972614,2.291644,,,,,,
70775,,,,-0.007285,1.008499,2.285277,0.048473,0.057741,,,,,,,,,,,,,,,,,,,,
70777,,,,,,,,,,,2.811211,2.973373,2.419371,2.496476,0.088395,0.093676,-0.018549,-0.075493,-0.006255,,,,,,,,,
70778,,,,,,,,,,,,,,,,,,,,,,,0.062403,-0.006893,1.017663,0.280000,3.220000,4.200000
70779,,,,,,,,,,,,,,,,,,,,-0.076604,0.972957,2.291644,,,,,,
70784,,,,,,,,,,,,,,,,,,,,,,,0.062403,-0.006893,1.017663,-0.070000,10.850000,6.790000
70785,,,,,,,,,,,,,2.707105,2.771981,0.075323,0.081211,,,,,,,,,,,,
70787,,,,,,,,,,,,,,,,,,,,-0.076984,0.973368,2.294597,,,,,,
70794,,,,,,,,,,,,,,,,,,,,,,,-0.037088,-0.016043,1.014552,-0.630000,6.020000,26.389999
70795,,,,,,,,,,,,,,,0.095180,0.076338,,,,-0.077344,0.973755,2.294632,,,,,,
70796,,,,,,,,,,,,,2.277758,2.879844,,,,,,,,,,,,,,
70804,,,,,,,,,,,,,,,,,,,,,,,-0.037088,-0.016043,1.014552,-1.260000,-12.390000,32.130001
70805,,,,,,,,,,,,,2.465329,3.520749,0.086799,0.046824,,,,,,,,,,,,
70810,,,,,,,,,,,,,,,,,,,,-0.077792,0.974122,2.303779,,,,,,
70822,,,,,,,,,,,,,2.730167,3.618197,0.074760,0.042050,,,,,,,,,,,,
70817,,,,,,,,,,,,,,,,,,,,-0.078280,0.974394,2.306797,,,,,,
70825,,,,-0.009316,1.010828,2.290747,0.057251,0.089068,,,,,,,,,,,,-0.078662,0.974980,2.306837,,,,,,
70827,,,,,,,,,,,3.277928,3.554908,2.297162,3.044350,0.116285,0.095006,-0.019250,-0.075554,-0.015499,,,,,,,,,
70829,,,,,,,,,,,,,,,,,,,,,,,0.031110,-0.002013,1.027118,-0.350000,1.400000,-8.120000
70834,,,,,,,,,,,,,,,,,,,,,,,0.020069,-0.022875,1.012173,0.980000,8.750000,-12.040000
70835,,,,,,,,,,,,,2.611729,3.240413,0.102280,0.086226,,,,,,,,,,,,
70839,,,,,,,,,,,,,,,,,,,,,,,0.020069,-0.022875,1.012173,0.630000,6.930000,-12.250000
70840,,,,,,,,,,,,,,,,,,,,-0.078938,0.975440,2.303830,,,,,,
70844,,,,,,,,,,,,,,,,,,,,,,,0.018849,-0.008784,1.040904,1.120000,-3.080000,-15.470000
70845,,,,,,,,,,,,,3.295820,3.275639,0.071076,0.084762,,,,,,,,,,,,
70848,,,,,,,,,,,,,,,,,,,,-0.079345,0.975967,2.300579,,,,,,
70862,,,,,,,,,,,,,3.432117,3.415136,0.064782,0.078472,,,,,,,,,,,,
70856,,,,,,,,,,,,,,,,,,,,-0.079634,0.976404,2.297667,,,,,,
70865,,,,,,,,,,,,,,,,,,,,,,,0.018849,-0.008784,1.040904,2.170000,-7.770000,-7.350000
70870,,,,,,,,,,,,,,,,,,,,,,,0.031293,-0.010980,1.006500,0.210000,3.710000,2.380000
70875,,,,-0.011672,1.013493,2.298689,0.066428,0.131804,,,,,,,,,,,,,,,,,,,,
70877,,,,,,,,,,,3.711372,4.220203,3.606699,3.592411,0.076641,0.101056,-0.017540,-0.075446,0.000317,,,,,,,,,
70871,,,,,,,,,,,,,,,,,,,,-0.080118,0.976845,2.291609,,,,,,
70879,,,,,,,,,,,,,,,,,,,,,,,0.031293,-0.010980,1.006500,1.260000,6.650000,9.240000
70880,,,,,,,,,,,,,,,,,,,,-0.080581,0.977430,2.294779,,,,,,
70885,,,,,,,,,,,,,3.705048,3.693026,0.072158,0.096734,,,,,,,0.011163,-0.012017,1.022543,0.070000,1.610000,-5.110000
70888,,,,,,,,,,,,,,,,,,,,-0.081177,0.978043,2.294757,,,,,,
70894,,,,,,,,,,,,,,,,,,,,,,,0.011163,-0.012017,1.022543,0.140000,-8.330000,14.840000
70895,,,,,,,,,,,,,3.664432,4.201321,0.074035,0.073557,,,,,,,,,,,,
70904,,,,,,,,,,,,,,,,,,,,,,,0.018178,-0.002257,1.034682,-0.840000,3.080000,33.599998
70903,,,,,,,,,,,,,,,,,,,,-0.081743,0.978640,2.297744,,,,,,
70905,,,,,,,,,,,,,4.178252,4.629991,0.050358,0.053794,,,,,,,,,,,,
70922,,,,,,,,,,,,,3.847154,4.558821,0.065393,0.056868,,,,,,,,,,,,
70925,,,,-0.014373,1.016492,2.309869,0.075901,0.188442,,,,,,,,,,,,,,,,,,,,
70927,,,,,,,,,,,4.127759,4.936133,3.236995,4.833488,0.112676,0.077049,-0.016578,-0.075481,0.011487,-0.083449,0.980488,2.309885,,,,,,
70919,,,,,,,,,,,,,,,,,,,,-0.082933,0.979768,2.303672,,,,,,
70929,,,,,,,,,,,,,,,,,,,,,,,0.018178,-0.002257,1.034682,-1.050000,7.420000,16.520000
70934,,,,,,,,,,,,,,,,,,,,,,,0.013298,-0.010919,1.000217,-2.380000,2.870000,15.610000
70935,,,,,,,,,,,,,,,0.105044,0.080695,,,,-0.084180,0.981142,2.312724,,,,,,
70936,,,,,,,,,,,,,3.412292,4.755581,,,,,,,,,,,,,,
70939,,,,,,,,,,,,,,,,,,,,,,,-0.052948,-0.003050,1.023580,-1.540000,3.710000,14.910000
70944,,,,,,,,,,,,,,,,,,,,,,,-0.052948,-0.003050,1.023580,-2.030000,5.460000,13.720000
70945,,,,,,,,,,,,,4.516911,5.098551,0.054454,0.064967,,,,,,,,,,,,
70950,,,,,,,,,,,,,,,,,,,,-0.084722,0.981619,2.315846,,,,,,
70954,,,,,,,,,,,,,,,,,,,,,,,-0.052948,-0.003050,1.023580,-3.150000,-8.190000,-2.450000
70955,,,,,,,,,,,,,3.800528,4.837420,0.087301,0.076930,,,,,,,,,,,,
70958,,,,,,,,,,,,,,,,,,,,-0.085362,0.982110,2.315773,,,,,,
70964,,,,,,,,,,,,,,,,,,,,,,,0.051911,-0.012749,1.049688,-1.050000,-3.430000,-13.370000
70965,,,,,,,,,,,,,3.746422,5.167521,0.089964,0.061753,,,,,,,,,,,,
70966,,,,,,,,,,,,,,,,,,,,-0.085794,0.982653,2.315832,,,,,,
70982,,,,,,,,,,,,,4.498951,5.021307,0.055445,0.068380,,,,,,,,,,,,
70984,,,,-0.017442,1.019810,2.325197,0.085552,0.261776,,,,,,,,,,,,,,,,,,,,
70986,,,,,,,,,,,4.528305,5.688133,,,,,-0.018811,-0.075428,0.010400,,,,,,,,,
70981,,,,,,,,,,,,,,,,,,,,-0.086390,0.983425,2.315847,,,,,,
70988,,,,,,,,,,,,,,,,,,,,,,,0.051911,-0.012749,1.049688,-2.590000,6.580000,-2.170000
70989,,,,,,,,,,,,,,,,,,,,-0.086931,0.983945,2.312840,,,,,,
70993,,,,,,,,,,,,,,,,,,,,,,,-0.010187,-0.005429,0.989115,-0.770000,-5.040000,-20.860001
70995,,,,,,,,,,,,,4.582582,5.022092,0.069875,0.102993,,,,,,,,,,,,
70999,,,,,,,,,,,,,,,,,,,,,,,0.006161,-0.024461,1.035475,-0.140000,0.140000,-26.879999
70997,,,,,,,,,,,,,,,,,,,,-0.087588,0.984527,2.312859,,,,,,
71004,,,,,,,,,,,,,,,,,,,,,,,0.006161,-0.024461,1.035475,-0.700000,1.190000,-28.139999
71005,,,,,,,,,,,,,4.952548,5.322351,0.052778,0.089480,,,,,,,,,,,,
71011,,,,,,,,,,,,,,,,,,,,-0.088211,0.985201,2.309737,,,,,,
71014,,,,,,,,,,,,,,,,,,,,,,,0.007564,-0.009760,1.023519,0.700000,-4.130000,-4.410000
71015,,,,,,,,,,,,,5.262623,5.026001,0.038257,0.103339,,,,,,,,,,,,
71020,,,,,,,,,,,,,,,,,,,,-0.088705,0.985907,2.306723,,,,,,
71025,,,,-0.020905,1.023422,2.345755,0.095254,0.354957,,,,,,,,,,,,,,,,,,,,
71027,,,,,,,,,,,4.823221,6.545654,5.377396,5.653015,0.046175,0.114341,-0.017725,-0.075431,0.038549,,,,,,,,,
71028,,,,,,,,,,,,,,,,,,,,-0.089226,0.986574,2.306827,0.007564,-0.009760,1.023519,1.680000,-5.250000,9.170000
71042,,,,,,,,,,,,,4.524540,5.836960,0.085267,0.106304,,,,,,,,,,,,
71036,,,,,,,,,,,,,,,,,,,,-0.089973,0.987217,2.312913,,,,,,
71045,,,,,,,,,,,,,,,,,,,,,,,-0.011590,-0.015799,1.021506,0.910000,-1.890000,66.779999
71050,,,,,,,,,,,,,,,,,,,,-0.090713,0.987800,2.321812,-0.011590,-0.015799,1.021506,-0.350000,-1.750000,80.570000
71055,,,,,,,,,,,,,4.631139,6.559600,0.080498,0.073302,,,,,,,0.000732,0.004148,1.014674,-1.050000,6.020000,83.089996
71058,,,,,,,,,,,,,,,,,,,,-0.091333,0.988634,2.336948,,,,,,
71064,,,,,,,,,,,,,,,,,,,,,,,0.000732,0.004148,1.014674,-0.280000,-15.680000,82.949997
71065,,,,,,,,,,,,,4.445409,7.165553,0.089171,0.045319,,,,,,,,,,,,
71066,,,,,,,,,,,,,,,,,,,,-0.092348,0.989370,2.351769,,,,,,
71075,,,,-0.024791,1.027287,2.372809,0.104876,0.471551,,,,,,,,,,,,,,,,,,,,
71077,,,,,,,,,,,5.139185,7.383723,4.213142,6.974647,0.114652,0.092499,-0.020500,-0.074680,0.022543,,,,,,,,,
71078,,,,,,,,,,,,,,,,,,,,,,,0.058072,-0.004758,1.034316,-0.350000,-0.140000,66.919998
71081,,,,,,,,,,,,,,,,,,,,-0.093181,0.990053,2.366901,,,,,,
71084,,,,,,,,,,,,,,,,,,,,,,,0.058072,-0.004758,1.034316,0.210000,20.370001,68.389999
71085,,,,,,,,,,,,,4.195293,7.169179,0.115948,0.083731,,,,,,,,,,,,
71089,,,,,,,,,,,,,,,,,,,,-0.094019,0.990770,2.372941,,,,,,
71102,,,,,,,,,,,,,4.498628,7.646660,0.102432,0.061808,,,,,,,,,,,,
71097,,,,,,,,,,,,,,,,,,,,-0.094837,0.991697,2.381871,,,,,,
71105,,,,,,,,,,,,,,,,,,,,-0.095737,0.992390,2.390635,-0.033123,0.001220,0.987895,-0.770000,5.390000,22.680000
71110,,,,,,,,,,,,,,,,,,,,,,,0.087779,-0.000671,1.051518,-1.610000,-18.340000,24.780001
71116,,,,,,,,,,,,,4.589314,7.640153,0.098574,0.061974,,,,,,,0.087779,-0.000671,1.051518,1.050000,-11.760000,18.270000
71120,,,,,,,,,,,,,,,,,,,,-0.096457,0.992964,2.393795,,,,,,
71125,,,,-0.029132,1.031345,2.407834,0.114289,0.615529,,,,,,,,,,,,,,,,,,,,
71127,,,,,,,,,,,5.356834,8.291512,4.860885,7.427861,0.096371,0.113535,-0.023147,-0.073923,0.015185,,,,,,,,,
71128,,,,,,,,,,,,,,,,,,,,-0.097325,0.994038,2.393760,0.087779,-0.000671,1.051518,-0.630000,-1.400000,-4.620000
71143,,,,,,,,,,,,,5.484246,7.644099,0.067854,0.103996,,,,,,,,,,,,
71136,,,,,,,,,,,,,,,,,,,,-0.098309,0.994703,2.390631,,,,,,
71145,,,,,,,,,,,,,,,,,,,,,,,0.014457,-0.015555,1.012173,-0.630000,11.760000,-8.610000
71150,,,,,,,,,,,,,,,,,,,,,,,0.053680,-0.003355,1.041697,-2.100000,-12.740000,6.370000
71151,,,,,,,,,,,,,,,,,,,,-0.099350,0.995621,2.393704,,,,,,
71155,,,,,,,,,,,,,5.896627,7.713927,0.048757,0.101104,,,,,,,0.053680,-0.003355,1.041697,-1.260000,-6.580000,4.900000
71159,,,,,,,,,,,,,,,,,,,,-0.100269,0.996382,2.393646,,,,,,
71164,,,,,,,,,,,,,,,,,,,,,,,0.026352,-0.009882,1.001986,-2.660000,-2.450000,14.280000
71165,,,,,,,,,,,,,6.057744,8.134980,0.041045,0.081966,,,,,,,,,,,,
71167,,,,,,,,,,,,,,,,,,,,-0.101340,0.997136,2.396531,,,,,,
71175,,,,-0.033969,1.035520,2.452511,0.123389,0.791099,,,,,,,,,,,,,,,,,,,,
71177,,,,,,,,,,,5.353461,9.362052,6.045997,8.268290,0.041032,0.125368,-0.023555,-0.073840,0.054599,,,,,,,,,
71178,,,,,,,,,,,,,,,,,,,,,,,0.026352,-0.009882,1.001986,-2.170000,13.720000,19.389999
71184,,,,,,,,,,,,,,,,,,,,,,,-0.026352,-0.007686,1.028765,-1.400000,10.220000,33.110001
71182,,,,,,,,,,,,,,,,,,,,-0.102488,0.998361,2.396714,,,,,,
71185,,,,,,,,,,,,,5.735907,8.903357,0.055008,0.096579,,,,,,,,,,,,
71190,,,,,,,,,,,,,,,,,,,,-0.103627,0.999353,2.402572,,,,,,
71203,,,,,,,,,,,,,5.451097,9.053549,0.067975,0.089872,,,,,,,,,,,,
71198,,,,,,,,,,,,,,,,,,,,-0.104633,1.000389,2.411419,,,,,,
71205,,,,,,,,,,,,,,,,,,,,,,,-0.026352,-0.007686,1.028765,0.000000,9.520000,38.709999
71206,,,,,,,,,,,,,,,,,,,,-0.105918,1.001148,2.426202,,,,,,
71210,,,,,,,,,,,,,,,,,,,,,,,-0.049166,0.013786,1.016077,-0.770000,1.960000,92.470001
71216,,,,,,,,,,,,,5.844739,10.134028,0.049733,0.040098,,,,,,,-0.049166,0.013786,1.016077,4.830000,-0.560000,94.779999
71221,,,,,,,,,,,,,,,,,,,,-0.106958,1.002074,2.441053,,,,,,
71225,,,,-0.039346,1.039708,2.508681,0.132121,1.002148,,,,,,,,,,,,,,,,,,,,
71227,,,,,,,,,,,5.291816,10.451275,5.411994,10.009461,0.066629,0.095805,-0.027351,-0.072358,0.067724,,,,,,,,,
71228,,,,,,,,,,,,,,,,,,,,,,,-0.036051,-0.021106,1.019554,-1.120000,-8.400000,103.669998
71229,,,,,,,,,,,,,,,,,,,,-0.108078,1.003030,2.458713,,,,,,
71234,,,,,,,,,,,,,,,,,,,,,,,-0.036051,-0.021106,1.019554,-1.680000,-13.930000,90.370003
71235,,,,,,,,,,,,,5.210756,9.736170,0.075872,0.108666,,,,,,,,,,,,
71237,,,,,,,,,,,,,,,,,,,,-0.109215,1.003790,2.476350,,,,,,
71244,,,,,,,,,,,,,,,,,,,,,,,-0.002013,0.026169,1.015772,0.910000,0.490000,90.720001
71245,,,,,,,,,,,,,4.931994,10.382671,0.088801,0.079142,,,,-0.110249,1.004416,2.488011,,,,,,
71263,,,,,,,,,,,,,5.106181,10.967582,0.080932,0.052135,,,,,,,,,,,,
71259,,,,,,,,,,,,,,,,,,,,-0.111545,1.005372,2.505455,,,,,,
71265,,,,,,,,,,,,,,,,,,,,,,,-0.002013,0.026169,1.015772,1.540000,10.920000,66.919998
71267,,,,,,,,,,,,,,,,,,,,-0.112678,1.006204,2.517299,,,,,,
71270,,,,,,,,,,,,,,,,,,,,,,,-0.002806,-0.005612,1.025471,0.070000,0.210000,62.090000
71275,,,,-0.045318,1.043785,2.578212,0.140522,1.250969,,,,,,,,,,,,-0.114016,1.006974,2.528754,,,,,,
71277,,,,,,,,,,,5.166447,11.581538,5.036661,10.338604,0.078447,0.133226,-0.032542,-0.069893,0.062502,,,,,,,,,
71280,,,,,,,,,,,,,,,,,,,,,,,-0.002806,-0.005612,1.025471,-0.840000,-5.740000,69.650002
71285,,,,,,,,,,,,,4.916996,10.736353,0.084048,0.115467,,,,,,,0.010370,0.020557,1.021323,0.070000,0.490000,64.889999
71289,,,,,,,,,,,,,,,,,,,,-0.115163,1.007696,2.540262,,,,,,
71294,,,,,,,,,,,,,,,,,,,,,,,0.010370,0.020557,1.021323,-0.630000,3.850000,47.389999
71295,,,,,,,,,,,,,5.234477,11.776856,0.069492,0.067777,,,,,,,,,,,,
71298,,,,,,,,,,,,,,,,,,,,-0.116382,1.008517,2.548996,,,,,,
71304,,,,,,,,,,,,,,,,,,,,,,,-0.005368,-0.002989,1.026691,-0.560000,-5.740000,65.449997
71305,,,,,,,,,,,,,5.497529,11.002286,0.057292,0.103501,,,,-0.117541,1.009240,2.557706,,,,,,
71322,,,,,,,,,,,,,5.289009,11.247490,0.066766,0.092457,,,,,,,,,,,,
71321,,,,,,,,,,,,,,,,,,,,-0.118820,1.009952,2.569302,,,,,,
71325,,,,-0.051946,1.047598,2.662706,0.148773,1.535805,,,,,,,,,,,,,,,,,,,,
71327,,,,,,,,,,,4.813385,12.875073,4.450171,11.484955,0.089193,0.141557,-0.035832,-0.067818,0.093004,,,,,,,,,
71328,,,,,,,,,,,,,,,,,,,,,,,-0.005368,-0.002989,1.043405,-3.500000,-3.290000,64.260002
71329,,,,,,,,,,,,,,,,,,,,-0.120266,1.010700,2.583578,,,,,,
71333,,,,,,,,,,,,,,,,,,,,,,,0.033733,0.004148,1.006866,-1.890000,10.290000,66.010002
71335,,,,,,,,,,,,,5.106753,11.707009,0.058972,0.131986,,,,,,,,,,,,
71338,,,,,,,,,,,,,,,,,,,,,,,-0.055388,0.004148,1.006866,-2.170000,4.270000,74.269997
71337,,,,,,,,,,,,,,,,,,,,-0.121604,1.011492,2.592249,,,,,,
71344,,,,,,,,,,,,,,,,,,,,,,,-0.055388,0.004148,1.006866,-3.640000,-12.040000,94.639999
71345,,,,,,,,,,,,,4.844266,12.587500,0.070977,0.091809,,,,,,,,,,,,
71351,,,,,,,,,,,,,,,,,,,,-0.122954,1.012156,2.609529,,,,,,
71354,,,,,,,,,,,,,,,,,,,,,,,0.060634,0.014640,1.038220,-1.470000,-21.770000,90.860001
71355,,,,,,,,,,,,,4.623190,12.780019,0.081200,0.083041,,,,,,,,,,,,
71360,,,,,,,,,,,,,,,,,,,,-0.124127,1.012801,2.626972,,,,,,
71364,,,,,,,,,,,,,,,,,,,,,,,0.060634,0.014640,1.038220,-1.960000,-0.140000,106.680000
71365,,,,,,,,,,,,,4.990372,12.403737,0.064293,0.100516,,,,,,,,,,,,
71368,,,,,,,,,,,,,,,,,,,,-0.125654,1.013437,2.643949,,,,,,
71382,,,,,,,,,,,,,4.844857,12.697358,0.070941,0.087160,,,,,,,,,,,,
71384,,,,-0.059300,1.050967,2.762975,0.157260,1.846911,,,,,,,,,,,,,,,,,,,,
71386,,,,,,,,,,,4.402455,14.242433,,,,,-0.040374,-0.064602,0.118804,,,,,,,,,
71376,,,,,,,,,,,,,,,,,,,,-0.127269,1.014301,2.660889,,,,,,
71388,,,,,,,,,,,,,,,,,,,,,,,-0.041419,0.018849,0.993507,-4.760000,17.290001,94.080002
71390,,,,,,,,,,,,,,,,,,,,-0.128872,1.014931,2.683697,,,,,,
71393,,,,,,,,,,,,,,,,,,,,,,,0.004880,0.016653,1.034987,-0.980000,-9.310000,102.480003
71395,,,,,,,,,,,,,4.494634,12.774414,0.068109,0.147072,,,,,,,,,,,,
71398,,,,,,,,,,,,,,,,,,,,-0.130373,1.015397,2.697890,0.004880,0.016653,1.034987,-2.170000,-11.270000,105.070000
71404,,,,,,,,,,,,,,,,,,,,,,,0.004880,0.016653,1.034987,-1.960000,-10.150000,106.190002
71405,,,,,,,,,,,,,5.427261,13.490852,0.024829,0.114615,,,,,,,,,,,,
71406,,,,,,,,,,,,,,,,,,,,-0.131706,1.016142,2.715052,,,,,,
71414,,,,,,,,,,,,,,,,,,,,,,,-0.030256,0.015433,1.032425,-4.410000,-12.950000,125.650002
71415,,,,,,,,,,,,,,,0.064204,0.112688,,,,,,,,,,,,
71416,,,,,,,,,,,,,4.566497,13.540760,,,,,,,,,,,,,,
71421,,,,,,,,,,,,,,,,,,,,-0.133256,1.016467,2.737765,,,,,,
71425,,,,-0.067458,1.053684,2.878324,0.166643,2.161792,,,,,,,,,,,,,,,,,,,,
71427,,,,,,,,,,,4.027507,15.670799,4.318582,14.251188,0.058218,0.146394,-0.045798,-0.060049,0.141037,,,,,,,,,
71428,,,,,,,,,,,,,,,,,,,,,,,-0.030256,0.015433,1.032425,-5.250000,-3.150000,127.120003
71429,,,,,,,,,,,,,,,,,,,,-0.134788,1.016931,2.760358,,,,,,
71442,,,,,,,,,,,,,4.362140,14.540648,0.056047,0.133694,,,,,,,,,,,,
71438,,,,,,,,,,,,,,,,,,,,-0.136598,1.017463,2.785467,,,,,,
71445,,,,,,,,,,,,,,,,,,,,,,,0.020008,0.033245,1.019188,-8.820000,-16.100000,139.440002
71446,,,,,,,,,,,,,,,,,,,,-0.138222,1.017929,2.805006,,,,,,
71450,,,,,,,,,,,,,,,,,,,,,,,0.036966,0.019337,1.025532,-3.570000,-19.320000,151.130005
71455,,,,,,,,,,,,,3.670304,15.072562,0.087977,0.109594,,,,,,,0.036966,0.019337,1.025532,-3.290000,-7.910000,156.380005
71460,,,,,,,,,,,,,,,,,,,,-0.139814,1.018232,2.830458,,,,,,
71464,,,,,,,,,,,,,,,,,,,,,,,0.036966,0.019337,1.025532,-2.100000,3.360000,173.600006
71465,,,,,,,,,,,,,3.637793,15.430050,0.089669,0.093313,,,,,,,,,,,,
71468,,,,,,,,,,,,,,,,,,,,-0.141718,1.018712,2.861234,,,,,,
71475,,,,-0.076506,1.055513,3.005865,0.177888,2.442610,,,,,,,,,,,,,,,,,,,,
71477,,,,,,,,,,,3.913431,17.099171,4.005242,15.816053,0.067526,0.141811,-0.052373,-0.053383,0.145342,,,,,,,,,
71478,,,,,,,,,,,,,,,,,,,,,,,0.005978,0.031293,0.989176,-1.330000,14.910000,181.509995
71476,,,,,,,,,,,,,,,,,,,,-0.143663,1.019008,2.891943,,,,,,
71484,,,,,,,,,,,,,,,,,,,,,,,0.005978,0.025803,1.058716,-2.380000,-6.090000,152.460007
71485,,,,,,,,,,,,,3.370010,16.566801,0.096957,0.107632,,,,,,,,,,,,
71502,,,,,,,,,,,,,3.480567,16.841988,0.092107,0.095136,,,,,,,,,,,,
71499,,,,,,,,,,,,,,,,,,,,-0.147468,1.019506,2.947583,,,,,,
71504,,,,,,,,,,,,,,,,,,,,,,,0.038430,0.025803,1.058716,-1.680000,-12.530000,163.169998
71509,,,,,,,,,,,,,,,,,,,,,,,-0.001708,0.046360,1.004060,-4.480000,2.520000,153.160004
71507,,,,,,,,,,,,,,,,,,,,-0.149363,1.019714,2.975416,,,,,,
71514,,,,,,,,,,,,,,,,,,,,,,,-0.001708,0.046360,1.004060,-5.880000,-1.960000,138.460007
71515,,,,,,,,,,,,,3.766436,16.684509,0.079063,0.102576,,,,,,,,,,,,
71521,,,,,,,,,,,,,,,,,,,,-0.151305,1.019945,2.997621,,,,,,
71525,,,,-0.086538,1.056194,3.140376,0.192246,2.641326,,,,,,,,,,,,,,,,,,,,
71527,,,,,,,,,,,4.208827,18.504230,4.094936,16.815916,0.077602,0.161883,-0.058754,-0.045149,0.143644,,,,,,,,,
71528,,,,,,,,,,,,,,,,,,,,,,,0.043310,0.042395,1.050664,-5.180000,-7.490000,120.680000
71530,,,,,,,,,,,,,,,,,,,,-0.153311,1.020044,3.022682,,,,,,
71543,,,,,,,,,,,,,4.512374,16.993963,0.058292,0.154492,,,,,,,,,,,,
71537,,,,,,,,,,,,,,,,,,,,-0.155269,1.020068,3.042024,,,,,,
71545,,,,,,,,,,,,,,,,,,,,-0.157226,1.020108,3.061568,0.043310,0.042395,1.050664,-2.940000,-1.050000,132.300003
71551,,,,,,,,,,,,,,,,,,,,,,,0.013481,0.010919,0.989054,-0.630000,-6.790000,137.550003
71556,,,,,,,,,,,,,4.208931,17.596481,0.072215,0.127313,,,,,,,0.013481,0.010919,0.989054,0.140000,-0.700000,148.539993
71559,,,,,,,,,,,,,,,,,,,,-0.159306,1.020209,3.089093,,,,,,
71564,,,,,,,,,,,,,,,,,,,,,,,0.062098,0.039345,1.023580,-2.310000,7.210000,172.410004
71565,,,,,,,,,,,,,4.696679,17.693888,0.049584,0.123261,,,,,,,,,,,,
71568,,,,,,,,,,,,,,,,,,,,-0.161531,1.020219,3.119538,,,,,,
71575,,,,-0.097653,1.055440,-3.008036,0.211129,2.716159,,,,,,,,,,,,,,,,,,,,
71577,,,,,,,,,,,4.995675,19.905569,4.418083,18.151724,0.098757,0.167424,-0.063016,-0.036550,0.155235,,,,,,,,,
71578,,,,,,,,,,,,,,,,,,,,,,,0.062098,0.039345,1.023580,-7.070000,3.780000,179.830002
71576,,,,,,,,,,,,,,,,,,,,-0.163904,1.020080,-3.133107,,,,,,
71584,,,,,,,,,,,,,,,,,,,,,,,0.023180,0.058804,1.048895,-4.270000,-9.170000,171.779999
71585,,,,,,,,,,,,,3.717375,18.582748,0.131554,0.148336,,,,,,,,,,,,
71602,,,,,,,,,,,,,4.435617,19.232025,0.098900,0.118904,,,,,,,,,,,,
71599,,,,,,,,,,,,,,,,,,,,-0.168266,1.019431,-3.072251,,,,,,
71605,,,,,,,,,,,,,,,,,,,,,,,0.023180,0.058804,1.048895,-4.060000,-5.110000,197.470001
71607,,,,,,,,,,,,,,,,,,,,-0.170616,1.019104,-3.038927,,,,,,
71610,,,,,,,,,,,,,,,,,,,,,,,0.011529,0.054229,1.003572,-3.290000,-25.690001,173.460007
71616,,,,,,,,,,,,,4.530754,19.775640,0.094777,0.094038,,,,,,,0.011529,0.054229,1.041453,0.560000,-15.470000,163.169998
71625,,,,-0.109954,1.052948,-2.879555,0.235916,2.652340,,,,,,,,,,,,,,,,,,,,
71627,,,,,,,,,,,6.513891,21.305382,5.290440,19.595749,0.130099,0.167235,-0.063945,-0.027253,0.157278,,,,,,,,,
71628,,,,,,,,,,,,,,,,,,,,,,,0.116022,0.057828,1.041453,-4.830000,18.340000,162.470001
71622,,,,,,,,,,,,,,,,,,,,-0.172920,1.018603,-3.008255,,,,,,
71630,,,,,,,,,,,,,,,,,,,,-0.175383,1.018064,-2.974865,,,,,,
71634,,,,,,,,,,,,,,,,,,,,,,,0.116022,0.057828,0.977647,0.560000,11.760000,142.729996
71635,,,,,,,,,,,,,5.750536,20.385342,0.109425,0.131556,,,,,,,,,,,,
71637,,,,,,,,,,,,,,,,,,,,-0.178078,1.017428,-2.952893,,,,,,
71644,,,,,,,,,,,,,,,,,,,,,,,0.027511,0.038003,0.977647,-3.640000,6.440000,142.449997
71645,,,,,,,,,,,,,5.934712,20.440859,0.101291,0.129459,,,,-0.180543,1.016893,-2.927862,,,,,,
71662,,,,,,,,,,,,,6.613745,20.763548,0.070149,0.114963,,,,,,,,,,,,
71660,,,,,,,,,,,,,,,,,,,,-0.183081,1.016113,-2.905648,,,,,,
71665,,,,,,,,,,,,,,,,,,,,,,,0.080337,0.053497,1.045052,0.700000,-12.320000,132.020004
71670,,,,,,,,,,,,,,,,,,,,,,,0.080337,0.053497,1.045052,-3.360000,5.740000,127.260002
71668,,,,,,,,,,,,,,,,,,,,-0.185635,1.015291,-2.880392,,,,,,
71675,,,,-0.123547,1.048396,-2.762213,0.267736,2.470546,,,,,,,,,,,,,,,,,,,,
71677,,,,,,,,,,,9.004007,22.736008,7.053440,20.819880,0.164816,0.178658,-0.068170,-0.015978,0.119678,,,,,,,,,
71676,,,,,,,,,,,,,,,,,,,,-0.188396,1.014365,-2.855306,,,,,,
71679,,,,,,,,,,,,,,,,,,,,,,,0.039040,0.044225,1.028948,-4.130000,8.330000,127.190002
71684,,,,,,,,,,,,,,,,,,,,,,,0.039040,0.044225,1.028948,-3.780000,7.700000,128.309998
71685,,,,,,,,,,,,,7.883970,21.416256,0.127456,0.152096,,,,,,,,,,,,
71690,,,,,,,,,,,,,,,,,,,,-0.191020,1.013460,-2.835826,,,,,,
71694,,,,,,,,,,,,,,,,,,,,,,,0.020984,0.046299,1.007232,-1.960000,-16.590000,132.369995
71695,,,,,,,,,,,,,8.278385,21.309263,0.109814,0.157716,,,,,,,,,,,,
71699,,,,,,,,,,,,,,,,,,,,-0.193649,1.012383,-2.807938,,,,,,
71704,,,,,,,,,,,,,,,,,,,,,,,0.020984,0.046299,1.007232,-2.310000,-3.290000,116.620003
71705,,,,,,,,,,,,,9.154330,21.760183,0.069727,0.137621,,,,,,,,,,,,
71707,,,,,,,,,,,,,,,,,,,,-0.196151,1.011407,-2.787975,,,,,,
71722,,,,,,,,,,,,,9.345315,22.251884,0.060829,0.115411,,,,,,,,,,,,
71725,,,,-0.138537,1.041455,-2.658509,0.307343,2.214930,,,,,,,,,,,,,,,,,,,,
71727,,,,,,,,,,,11.829949,24.580908,8.934449,21.936642,0.209881,0.215181,-0.064616,-0.008021,0.126740,,,,,,,,,
71715,,,,,,,,,,,,,,,,,,,,-0.199064,1.010066,-2.768444,,,,,,
71729,,,,,,,,,,,,,,,,,,,,-0.201831,1.008886,-2.748606,0.115168,0.047458,1.040477,-3.920000,1.750000,126.769997
71734,,,,,,,,,,,,,,,,,,,,,,,0.019581,0.037820,1.019920,-2.310000,12.320000,140.699997
71735,,,,,,,,,,,,,10.196294,22.475761,0.153204,0.191688,,,,,,,,,,,,
71739,,,,,,,,,,,,,,,,,,,,,,,0.019581,0.037820,1.019920,-4.270000,12.110000,143.220001
71737,,,,,,,,,,,,,,,,,,,,-0.204825,1.007439,-2.723337,,,,,,
71744,,,,,,,,,,,,,,,,,,,,,,,0.019581,0.037820,1.019920,-9.310000,0.350000,150.360001
71745,,,,,,,,,,,,,11.316935,23.291540,0.102387,0.155165,,,,-0.207662,1.006090,-2.697895,,,,,,
71754,,,,,,,,,,,,,,,,,,,,,,,0.098027,0.061610,1.055971,-3.080000,-48.790001,132.580002
71755,,,,,,,,,,,,,11.717142,23.987648,0.084203,0.123740,,,,,,,,,,,,
71760,,,,,,,,,,,,,,,,,,,,-0.210334,1.004553,-2.675067,,,,,,
71764,,,,,,,,,,,,,,,,,,,,,,,0.098027,0.061610,1.055971,-3.220000,-1.820000,133.770004
71765,,,,,,,,,,,,,12.054319,24.574238,0.068720,0.097007,,,,,,,,,,,,
71768,,,,,,,,,,,,,,,,,,,,-0.213090,1.002943,-2.652106,,,,,,
71782,,,,,,,,,,,,,11.760567,24.236500,0.082145,0.112578,,,,,,,,,,,,
71784,,,,-0.155025,1.031791,-2.568882,0.355083,1.932022,,,,,,,,,,,,,,,,,,,,
71786,,,,,,,,,,,15.606868,26.655533,,,,,,,,,,,,,,,,
71787,,,,,,,,,,,,,,,,,-0.064495,0.001834,0.084144,,,,,,,,,
71776,,,,,,,,,,,,,,,,,,,,-0.216297,1.001060,-2.629373,,,,,,
71789,,,,,,,,,,,,,,,,,,,,,,,0.076311,0.075335,0.921527,-5.600000,35.070000,128.729996
71791,,,,,,,,,,,,,,,,,,,,-0.219469,0.999043,-2.606668,,,,,,
71794,,,,,,,,,,,,,,,,,,,,,,,-0.024949,0.057950,1.099647,-8.610000,33.459999,129.429993
71795,,,,,,,,,,,,,11.982032,23.731295,0.245502,0.231215,,,,,,,,,,,,
71799,,,,,,,,,,,,,,,,,,,,-0.222699,0.996890,-2.580818,-0.024949,0.057950,1.099647,-9.240000,32.689999,127.470001
71805,,,,,,,,,,,,,13.377614,24.911409,0.183245,0.178498,,,,,,,-0.024949,0.050569,1.001559,-10.920000,33.529999,120.959999
71807,,,,,,,,,,,,,,,,,,,,-0.225739,0.994835,-2.563748,,,,,,
71814,,,,,,,,,,,,,,,,,,,,,,,-0.078568,0.050569,1.001559,-4.550000,16.870001,106.610001
71815,,,,,,,,,,,,,14.540590,25.887459,0.130960,0.134552,,,,-0.228454,0.992797,-2.546452,,,,,,
71825,,,,-0.173104,1.019077,-2.492433,0.410944,1.656303,,,,,,,,,,,,,,,,,,,,
71827,,,,,,,,,,,19.793442,29.228399,15.541871,26.034101,0.277226,0.245945,-0.060408,0.009349,0.053637,,,,,,,,,
71828,,,,,,,,,,,,,,,,,,,,,,,0.212158,0.039040,1.034499,0.630000,-72.800003,92.400002
71829,,,,,,,,,,,,,,,,,,,,-0.231033,0.990875,-2.525882,,,,,,
71845,,,,,,,,,,,,,16.957567,26.979771,0.214564,0.204269,,,,,,,,,,,,
71836,,,,,,,,,,,,,,,,,,,,-0.233279,0.989182,-2.510999,,,,,,
71848,,,,,,,,,,,,,,,,,,,,,,,0.212158,0.039040,1.034499,0.630000,-28.209999,53.549999
71851,,,,,,,,,,,,,,,,,,,,-0.236022,0.987038,-2.499224,,,,,,
71854,,,,,,,,,,,,,,,,,,,,,,,0.069906,0.043981,1.132526,0.070000,-7.980000,51.869999
71855,,,,,,,,,,,,,19.159691,27.592371,0.115164,0.177362,,,,,,,,,,,,
71859,,,,,,,,,,,,,,,,,,,,,,,0.069906,0.043981,1.132526,-8.190000,17.219999,46.689999
71858,,,,,,,,,,,,,,,,,,,,-0.239165,0.984680,-2.490469,,,,,,
71864,,,,,,,,,,,,,,,,,,,,,,,0.303048,0.023241,0.850584,2.800000,30.450001,37.450001
71865,,,,,,,,,,,,,,,0.079030,0.177900,,,,,,,,,,,,
71866,,,,,,,,,,,,,19.955772,27.598858,,,,,,,,,,,,,,
71875,,,,-0.192859,1.002997,-2.427615,0.474624,1.406996,,,,,,,,,,,,,,,,,,,,
71877,,,,,,,,,,,24.045153,32.559677,,,,,-0.048439,0.013608,0.061238,,,,,,,,,
71872,,,,,,,,,,,,,,,,,,,,-0.242626,0.981837,-2.481892,,,,,,
71878,,,,,,,,,,,,,19.944162,28.176983,0.273816,0.304416,,,,,,,,,,,,
71879,,,,,,,,,,,,,,,,,,,,,,,0.303048,0.023241,0.850584,5.250000,30.590000,47.810001
71881,,,,,,,,,,,,,,,,,,,,-0.246369,0.979063,-2.473118,,,,,,
71884,,,,,,,,,,,,,,,,,,,,,,,0.078873,0.016043,1.079700,-1.820000,17.990000,64.959999
71885,,,,,,,,,,,,,20.989773,29.319788,0.228120,0.254422,,,,,,,,,,,,
71889,,,,,,,,,,,,,,,,,,,,-0.250029,0.975990,-2.470047,,,,,,
71902,,,,,,,,,,,,,22.589973,30.584684,0.156544,0.198265,,,,,,,,,,,,
71898,,,,,,,,,,,,,,,,,,,,-0.253773,0.972879,-2.449622,,,,,,
71904,,,,,,,,,,,,,,,,,,,,,,,0.078873,0.016043,1.079700,-5.880000,-3.640000,93.660004
71906,,,,,,,,,,,,,,,,,,,,-0.257033,0.969977,-2.434836,,,,,,
71909,,,,,,,,,,,,,,,,,,,,,,,0.137677,0.056852,1.057374,-3.850000,-59.990002,84.629997
71914,,,,,,,,,,,,,,,,,,,,,,,0.137677,0.056852,1.057374,-7.840000,-29.190001,89.809998
71915,,,,,,,,,,,,,23.514330,31.470297,0.115040,0.158797,,,,,,,,,,,,
71921,,,,,,,,,,,,,,,,,,,,-0.260565,0.966850,-2.416876,,,,,,
71925,,,,-0.214358,0.983256,-2.372717,0.545587,1.191464,,,,,,,,,,,,,,,,,,,,
71927,,,,,,,,,,,28.906683,36.227142,24.038090,32.149952,0.312878,0.295333,-0.045098,0.018371,0.043661,,,,,,,,,
71928,,,,,,,,,,,,,,,,,,,,,,,0.185196,0.061549,1.011319,0.490000,10.920000,89.809998
71929,,,,,,,,,,,,,,,,,,,,-0.264667,0.963150,-2.399399,,,,,,
71943,,,,,,,,,,,,,25.470379,33.344646,0.250100,0.242977,,,,,,,,,,,,
71937,,,,,,,,,,,,,,,,,,,,-0.268398,0.959472,-2.381313,,,,,,
71945,,,,,,,,,,,,,,,,,,,,-0.272312,0.955644,-2.363744,0.185196,0.061549,1.011319,0.070000,24.570000,94.290001
71950,,,,,,,,,,,,,,,,,,,,,,,0.023058,0.075091,1.020774,-16.240000,-49.560001,83.860001
71955,,,,,,,,,,,,,26.998262,34.908474,0.182236,0.173193,,,,,,,0.023058,0.075335,1.112274,1.540000,-52.779999,71.050003
71960,,,,,,,,,,,,,,,,,,,,-0.275887,0.951961,-2.351390,,,,,,
71964,,,,,,,,,,,,,,,,,,,,,,,0.312869,0.075335,1.112274,2.170000,-0.630000,63.910000
71965,,,,,,,,,,,,,28.746712,35.402363,0.103544,0.151362,,,,,,,,,,,,
71968,,,,,,,,,,,,,,,,,,,,-0.279843,0.947877,-2.342214,,,,,,
71975,,,,-0.237655,0.959589,-2.326103,0.623096,1.009968,,,,,,,,,,,,,,,,,,,,
71977,,,,,,,,,,,34.228485,40.226269,28.837721,35.832855,0.341239,0.313796,-0.037775,0.022092,0.016864,,,,,,,,,
71978,,,,,,,,,,,,,,,,,,,,,,,0.137677,0.053680,0.802394,-12.390000,39.200001,50.959999
71976,,,,,,,,,,,,,,,,,,,,-0.284117,0.943292,-2.330471,,,,,,
71984,,,,,,,,,,,,,,,,,,,,,,,0.137677,0.053680,0.802394,-5.320000,65.309998,48.509998
71985,,,,,,,,,,,,,30.282585,36.837013,0.278344,0.270414,,,,-0.288581,0.938371,-2.321404,,,,,,
72002,,,,,,,,,,,,,31.946638,37.784878,0.204755,0.229078,,,,,,,,,,,,
71999,,,,,,,,,,,,,,,,,,,,-0.292738,0.933631,-2.312743,,,,,,
72005,,,,,,,,,,,,,,,,,,,,,,,0.050386,0.060878,1.195173,-14.350000,46.060001,41.650002
72007,,,,,,,,,,,,,,,,,,,,-0.296824,0.929144,-2.306585,,,,,,
72010,,,,,,,,,,,,,,,,,,,,,,,0.050386,0.060878,1.195173,-10.010000,-71.470001,38.570000
72016,,,,,,,,,,,,,33.635029,38.547325,0.129213,0.195683,,,,,,,0.269864,0.019032,0.935191,-2.660000,-28.350000,35.349998
72015,,,,,,,,,,,,,,,,,,,,-0.300700,0.924585,-2.300044,,,,,,
72025,,,,-0.262778,0.931769,-2.286337,0.706237,0.859368,,,,,,,,,,,,,,,,,,,,
72027,,,,,,,,,,,39.563370,44.837128,33.809036,39.444569,0.363366,0.364678,-0.030519,0.023553,0.013271,,,,,,,,,
72028,,,,,,,,,,,,,,,,,,,,,,,0.269864,0.019032,0.935191,0.770000,34.509998,39.900002
72030,,,,,,,,,,,,,,,,,,,,-0.305286,0.919316,-2.288222,,,,,,
72035,,,,,,,,,,,,,35.647274,40.389011,0.282978,0.324617,,,,,,,0.086925,0.030500,0.970754,14.490000,37.730000,44.869999
72038,,,,,,,,,,,,,,,,,,,,-0.309738,0.914068,-2.285177,,,,,,
72044,,,,,,,,,,,,,,,,,,,,,,,0.086925,0.030500,0.970754,1.890000,-3.780000,69.300003
72045,,,,,,,,,,,,,37.132641,42.220650,0.217649,0.243864,,,,,,,,,,,,
72046,,,,,,,,,,,,,,,,,,,,-0.314402,0.908891,-2.276103,,,,,,
72062,,,,,,,,,,,,,38.454155,43.390728,0.158990,0.192163,,,,,,,,,,,,
72061,,,,,,,,,,,,,,,,,,,,-0.318895,0.903500,-2.260659,,,,,,
72065,,,,,,,,,,,,,,,,,,,,,,,0.220332,0.019642,0.994727,0.840000,-22.610001,61.740002
72070,,,,,,,,,,,,,,,,,,,,,,,0.147010,0.041602,0.935008,-11.830000,19.600000,61.459999
72069,,,,,,,,,,,,,,,,,,,,-0.323800,0.897647,-2.254714,,,,,,
72075,,,,-0.289737,0.899616,-2.252199,0.793932,0.735341,,,,,,,,,,,,,,,,,,,,
72077,,,,,,,,,,,45.220619,49.674221,38.582439,43.834976,0.409308,0.391261,-0.022928,0.025155,0.002226,,,,,,,,,
72079,,,,,,,,,,,,,,,,,,,,,,,0.147010,0.041602,0.935008,-4.130000,21.209999,63.349998
72078,,,,,,,,,,,,,,,,,,,,-0.328408,0.891678,-2.239422,,,,,,
72084,,,,,,,,,,,,,,,,,,,,,,,0.147010,0.041602,0.935008,9.100000,28.490000,65.239998
72085,,,,,,,,,,,,,,,0.335339,0.325044,,,,-0.333326,0.885630,-2.230309,,,,,,
72086,,,,,,,,,,,,,40.293716,45.365742,,,,,,,,,,,,,,
72094,,,,,,,,,,,,,,,,,,,,,,,-0.019825,0.077836,1.124901,-0.770000,12.460000,63.910000
72095,,,,,,,,,,,,,42.694057,47.511093,0.229356,0.230271,,,,,,,,,,,,
72101,,,,,,,,,,,,,,,,,,,,-0.338015,0.879504,-2.217971,,,,,,
72104,,,,,,,,,,,,,,,,,,,,,,,-0.019825,0.077836,1.124901,7.700000,-80.709999,49.000000
72105,,,,,,,,,,,,,43.601665,48.203213,0.189620,0.200090,,,,,,,,,,,,
72110,,,,,,,,,,,,,,,,,,,,-0.342421,0.873725,-2.211554,,,,,,
72122,,,,,,,,,,,,,,,0.155306,0.184199,,,,,,,,,,,,
72123,,,,,,,,,,,,,44.379082,48.571350,,,,,,,,,,,,,,
72125,,,,-0.318509,0.863002,-2.222679,0.884960,0.633529,,,,,,,,,,,,,,,,,,,,
72127,,,,,,,,,,,51.098808,54.680164,,,,,-0.006412,0.025597,-0.010973,,,,,,,,,
72118,,,,,,,,,,,,,,,,,,,,-0.346908,0.867631,-2.202169,,,,,,
72126,,,,,,,,,,,,,,,,,,,,-0.351951,0.860695,-2.196145,,,,,,
72129,,,,,,,,,,,,,,,,,,,,,,,0.302743,0.048190,1.007659,-7.840000,9.520000,35.070000
72134,,,,,,,,,,,,,,,,,,,,,,,0.041480,0.087047,0.812398,9.380000,57.959999,37.869999
72135,,,,,,,,,,,,,44.106640,48.479778,0.432866,0.414391,,,,,,,,,,,,
72139,,,,,,,,,,,,,,,,,,,,,,,0.041480,0.087047,0.812398,1.820000,55.299999,39.340000
72140,,,,,,,,,,,,,,,,,,,,-0.357047,0.853571,-2.190009,,,,,,
72144,,,,,,,,,,,,,,,,,,,,,,,-0.056242,0.045994,1.222806,-7.140000,49.419998,40.250000
72145,,,,,,,,,,,,,45.886314,50.114311,0.356204,0.343868,,,,,,,,,,,,
72148,,,,,,,,,,,,,,,,,,,,-0.361888,0.846407,-2.183957,,,,,,
72154,,,,,,,,,,,,,,,,,,,,,,,-0.056242,0.045994,1.222806,-23.799999,21.980000,40.459999
72155,,,,,,,,,,,,,48.483593,52.041027,0.241784,0.259345,,,,,,,,,,,,
72156,,,,,,,,,,,,,,,,,,,,-0.366464,0.839535,-2.177749,,,,,,
72164,,,,,,,,,,,,,,,,,,,,,,,0.296155,0.024400,0.833565,14.700000,-80.709999,20.580000
72165,,,,,,,,,,,,,49.558491,52.551716,0.194664,0.237668,,,,,,,,,,,,
72182,,,,,,,,,,,,,49.998966,53.181499,0.175593,0.210364,,,,,,,,,,,,
72184,,,,-0.349047,0.821861,-2.196947,0.977966,0.550022,,,,,,,,,,,,,,,,,,,,
72187,,,,,,,,,,,57.013958,59.874073,,,,,0.004404,0.024436,-0.018966,,,,,,,,,
72179,,,,,,,,,,,,,,,,,,,,-0.375631,0.826681,-2.170987,,,,,,
72189,,,,,,,,,,,,,,,,,,,,-0.380697,0.818655,-2.164983,0.296155,0.024400,0.833565,7.210000,-77.839996,24.150000
72194,,,,,,,,,,,,,,,,,,,,,,,0.041663,0.051911,1.075674,1.680000,25.200001,29.049999
72195,,,,,,,,,,,,,49.769569,53.257927,0.452340,0.441087,,,,,,,,,,,,
72196,,,,,,,,,,,,,,,,,,,,-0.385604,0.811341,-2.161849,,,,,,
72199,,,,,,,,,,,,,,,,,,,,,,,0.041663,0.051911,1.075674,-4.340000,24.290001,32.200001
72204,,,,,,,,,,,,,,,,,,,,,,,-0.020984,0.033855,0.963251,9.030000,24.500000,33.040001
72205,,,,,,,,,,,,,51.751957,54.687057,0.366882,0.380187,,,,-0.390411,0.803873,-2.155737,,,,,,
72214,,,,,,,,,,,,,,,,,,,,,,,-0.020984,0.033855,0.963251,0.000000,-23.030001,49.000000
72215,,,,,,,,,,,,,,,0.270400,0.279955,,,,,,,,,,,,
72216,,,,,,,,,,,,,53.957054,56.974697,,,,,,,,,,,,,,
72219,,,,,,,,,,,,,,,,,,,,-0.395252,0.796401,-2.152519,,,,,,
72225,,,,-0.381270,0.776191,-2.174324,1.071493,0.481510,,,,,,,,,,,,,,,,,,,,
72227,,,,,,,,,,,62.863895,65.196777,55.250774,57.789818,0.476047,0.483357,0.009655,0.022801,-0.022150,,,,,,,,,
72228,,,,,,,,,,,,,,,,,,,,-0.399966,0.789251,-2.146170,0.201178,0.013725,1.080371,19.740000,-115.080002,30.660000
72243,,,,,,,,,,,,,58.017525,60.503254,0.355790,0.365387,,,,,,,,,,,,
72236,,,,,,,,,,,,,,,,,,,,-0.404639,0.781843,-2.136250,,,,,,
72246,,,,,,,,,,,,,,,,,,,,,,,0.201178,0.013725,1.080371,-19.110001,33.459999,12.460000
72251,,,,,,,,,,,,,,,,,,,,-0.409879,0.773237,-2.133425,0.165798,0.051789,0.842471,-1.610000,0.490000,16.730000
72255,,,,,,,,,,,,,60.506058,62.164585,0.246609,0.293239,,,,,,,,,,,,
72256,,,,,,,,,,,,,,,,,,,,,,,0.165798,0.051789,0.727181,-38.919998,-7.980000,23.660000
72259,,,,,,,,,,,,,,,,,,,,-0.415015,0.764847,-2.130094,,,,,,
72264,,,,,,,,,,,,,,,,,,,,,,,0.385459,0.023912,0.727181,-0.560000,12.600000,6.580000
72265,,,,,,,,,,,,,,,0.212340,0.246588,,,,,,,,,,,,
72266,,,,,,,,,,,,,61.296619,63.238777,,,,,,,,,,,,,,
72267,,,,,,,,,,,,,,,,,,,,-0.420440,0.756031,-2.127099,,,,,,
72282,,,,,,,,,,,,,61.207020,63.173290,0.217156,0.250521,,,,-0.426215,0.747058,-2.127054,,,,,,
72284,,,,-0.415068,0.726059,-2.154251,1.164003,0.425280,,,,,,,,,,,,,,,,,,,,
72286,,,,,,,,,,,68.677048,70.430954,,,,,0.022271,0.020459,-0.026667,,,,,,,,,
72288,,,,,,,,,,,,,,,,,,,,,,,0.385459,0.023912,0.727181,11.550000,38.849998,13.370000
72290,,,,,,,,,,,,,,,,,,,,-0.431840,0.737532,-2.127095,,,,,,
72294,,,,,,,,,,,,,,,,,,,,,,,0.156282,-0.008174,1.092876,-11.830000,54.389999,14.700000
72295,,,,,,,,,,,,,,,0.494992,0.480229,,,,,,,,,,,,
72296,,,,,,,,,,,,,60.829506,63.295223,,,,,,,,,,,,,,
72299,,,,,,,,,,,,,,,,,,,,,,,-0.049288,0.037881,1.092876,-17.780001,57.330002,24.290001
72298,,,,,,,,,,,,,,,,,,,,-0.437589,0.728106,-2.124074,,,,,,
72304,,,,,,,,,,,,,,,,,,,,,,,-0.049288,0.037881,1.092876,-28.629999,57.470001,26.809999
72305,,,,,,,,,,,,,63.285343,64.809845,0.389038,0.416050,,,,,,,,,,,,
72306,,,,,,,,,,,,,,,,,,,,-0.443149,0.718597,-2.117872,,,,,,
72314,,,,,,,,,,,,,,,,,,,,,,,0.017202,0.029829,0.910242,3.710000,27.719999,35.070000
72315,,,,,,,,,,,,,,,0.302645,0.340599,,,,,,,,,,,,
72316,,,,,,,,,,,,,65.276344,66.559059,,,,,,,,,,,,,,
72321,,,,,,,,,,,,,,,,,,,,-0.448532,0.709256,-2.111643,,,,,,
72325,,,,-0.450297,0.671602,-2.136271,1.253914,0.379146,,,,,,,,,,,,,,,,,,,,
72327,,,,,,,,,,,74.184456,75.682335,66.818092,67.897369,0.481266,0.517068,0.033107,0.017932,-0.024346,,,,,,,,,
72328,,,,,,,,,,,,,,,,,,,,,,,0.017202,0.029829,0.910242,-13.720000,-83.370003,21.700001
72329,,,,,,,,,,,,,,,,,,,,-0.453858,0.700064,-2.108362,,,,,,
72342,,,,,,,,,,,,,69.083672,70.359283,0.383785,0.411027,,,,,,,,,,,,
72337,,,,,,,,,,,,,,,,,,,,-0.458980,0.691186,-2.104808,,,,,,
72344,,,,,,,,,,,,,,,,,,,,,,,0.196054,0.039955,0.794647,-7.700000,-126.419998,27.580000
72349,,,,,,,,,,,,,,,,,,,,,,,0.196054,0.039955,0.794647,-8.540000,44.730000,35.070000
72352,,,,,,,,,,,,,,,,,,,,-0.464713,0.681407,-2.098235,,,,,,
72355,,,,,,,,,,,,,71.879135,73.369171,0.261475,0.279250,,,,,,,0.192516,-0.007320,0.720105,7.770000,37.099998,19.879999
72360,,,,,,,,,,,,,,,,,,,,-0.470613,0.670843,-2.095458,,,,,,
72364,,,,,,,,,,,,,,,,,,,,,,,0.192516,-0.007320,0.720105,18.620001,17.290001,11.550000
72365,,,,,,,,,,,,,72.009048,74.360855,0.256843,0.236117,,,,,,,,,,,,
72368,,,,,,,,,,,,,,,,,,,,-0.476846,0.660718,-2.095389,,,,,,
72375,,,,-0.486784,0.613031,-2.119999,1.339632,0.341362,,,,,,,,,,,,-0.483211,0.649561,-2.085923,,,,,,
72377,,,,,,,,,,,79.493637,80.620415,72.116547,73.634232,0.489629,0.489196,0.045832,0.015274,-0.025156,,,,,,,,,
72379,,,,,,,,,,,,,,,,,,,,,,,0.279990,-0.002013,1.026447,0.770000,29.120001,16.450001
72384,,,,,,,,,,,,,,,,,,,,,,,0.279990,-0.002013,1.026447,-6.930000,29.610001,17.920000
72385,,,,,,,,,,,,,73.584328,74.182076,0.427945,0.468325,,,,,,,,,,,,
72398,,,,,,,,,,,,,,,,,,,,-0.495257,0.628001,-2.085988,,,,,,
72403,,,,,,,,,,,,,75.660988,76.476372,0.338371,0.369317,,,,,,,,,,,,
72405,,,,,,,,,,,,,,,,,,,,,,,-0.062342,0.035502,0.968131,21.559999,19.389999,3.850000
72406,,,,,,,,,,,,,,,,,,,,-0.501114,0.617595,-2.085871,,,,,,
72410,,,,,,,,,,,,,,,,,,,,,,,0.215696,0.015616,0.693387,-25.620001,-127.610001,5.390000
72416,,,,,,,,,,,,,77.136902,77.822968,0.274522,0.311392,,,,,,,0.215696,0.015616,0.693387,-18.549999,-114.800003,7.350000
72414,,,,,,,,,,,,,,,,,,,,-0.506576,0.607346,-2.082437,,,,,,
72425,,,,-0.524328,0.550624,-2.105117,1.419589,0.310548,,,,,,,,,,,,,,,,,,,,
72427,,,,,,,,,,,84.362419,85.324913,77.477875,78.055130,0.477131,0.511727,0.057796,0.012386,-0.022205,,,,,,,,,
72428,,,,,,,,,,,,,,,,,,,,,,,0.215696,0.015616,0.693387,0.560000,30.030001,9.450000
72429,,,,,,,,,,,,,,,,,,,,-0.512685,0.596277,-2.082105,,,,,,
72434,,,,,,,,,,,,,,,,,,,,,,,0.139629,0.014152,0.831247,29.469999,70.419998,11.060000
72435,,,,,,,,,,,,,79.233109,79.718811,0.402499,0.441367,,,,,,,,,,,,
72437,,,,,,,,,,,,,,,,,,,,-0.519378,0.583987,-2.079388,,,,,,
72444,,,,,,,,,,,,,,,,,,,,,,,0.139629,0.014152,0.799161,-32.970001,8.400000,16.590000
72445,,,,,,,,,,,,,79.867775,80.826485,0.376857,0.394911,,,,,,,,,,,,
72462,,,,,,,,,,,,,81.225883,82.032547,0.318686,0.343511,,,,,,,,,,,,
72460,,,,,,,,,,,,,,,,,,,,-0.532216,0.560617,-2.072911,,,,,,
72465,,,,,,,,,,,,,,,,,,,,,,,0.133712,-0.010126,0.799161,-17.080000,-32.759998,20.160000
72470,,,,,,,,,,,,,,,,,,,,,,,0.159149,0.006283,0.950014,26.600000,-16.240000,18.620001
72468,,,,,,,,,,,,,,,,,,,,-0.538436,0.548930,-2.072746,,,,,,
72475,,,,-0.562700,0.484728,-2.091354,1.492286,0.285618,,,,,,,,,,,,,,,,,,,,
72477,,,,,,,,,,,88.752350,89.642067,81.775864,82.808075,0.490725,0.502359,0.067779,0.009687,-0.018420,,,,,,,,,
72476,,,,,,,,,,,,,,,,,,,,-0.545340,0.536858,-2.066386,,,,,,
72480,,,,,,,,,,,,,,,,,,,,,,,0.159149,0.006283,0.950014,21.629999,18.690001,15.680000
72485,,,,,,,,,,,,,82.941437,83.809944,0.442473,0.461310,,,,,,,0.078873,0.006466,0.783301,-1.750000,48.369999,12.390000
72490,,,,,,,,,,,,,,,,,,,,-0.552111,0.524167,-2.063327,,,,,,
72495,,,,,,,,,,,,,84.563461,85.294228,0.373340,0.398310,,,,,,,0.078873,0.006466,0.783301,-2.940000,53.900002,15.050000
72499,,,,,,,,,,,,,,,,,,,,-0.558707,0.511637,-2.063332,,,,,,
72505,,,,,,,,,,,,,85.399567,86.014435,0.338312,0.368514,,,,,,,0.199897,0.048617,0.882975,18.270000,19.110001,11.830000
72507,,,,,,,,,,,,,,,,,,,,-0.565390,0.499093,-2.060185,,,,,,
72523,,,,,,,,,,,,,86.224724,87.054459,0.303345,0.324137,,,,,,,,,,,,
72525,,,,-0.601647,0.415751,-2.078472,1.556330,0.265722,,,,,,,,,,,,,,,,,,,,
72527,,,,,,,,,,,92.692085,93.370018,,,,,0.089258,0.007236,-0.017900,,,,,,,,,
72515,,,,,,,,,,,,,,,,,,,,-0.572361,0.486388,-2.053750,,,,,,
72528,,,,,,,,,,,,,87.261177,86.908478,0.433279,0.497169,,,,,,,,,,,,
72526,,,,,,,,,,,,,,,,,,,,-0.579093,0.473561,-2.056983,,,,,,
72530,,,,,,,,,,,,,,,,,,,,,,,0.199897,0.048617,0.882975,-0.350000,7.350000,6.090000
72535,,,,,,,,,,,,,,,,,,,,,,,0.089182,0.004270,0.896212,39.900002,-26.600000,14.980000
72536,,,,,,,,,,,,,88.042114,88.476379,0.401392,0.430886,,,,,,,,,,,,
72540,,,,,,,,,,,,,,,,,,,,,,,-0.015006,0.002074,1.002657,27.790001,-34.299999,15.890000
72541,,,,,,,,,,,,,,,,,,,,-0.585984,0.460715,-2.056921,,,,,,
72545,,,,,,,,,,,,,,,,,,,,,,,-0.015006,0.002074,1.002657,-21.840000,-46.270000,17.920000
72546,,,,,,,,,,,,,89.312126,89.677513,0.347405,0.380080,,,,,,,,,,,,
72549,,,,,,,,,,,,,,,,,,,,-0.592612,0.448296,-2.050419,,,,,,
72554,,,,,,,,,,,,,,,,,,,,,,,-0.015006,0.002074,1.002657,-12.180000,-28.420000,20.370001
72555,,,,,,,,,,,,,89.986458,90.864632,0.319204,0.329283,,,,,,,,,,,,
72556,,,,,,,,,,,,,,,,,,,,-0.598974,0.435526,-2.047021,,,,,,
72564,,,,,,,,,,,,,,,,,,,,,,,0.126453,0.070516,0.715286,-14.630000,56.419998,28.840000
72565,,,,,,,,,,,,,90.002739,90.741631,0.319860,0.336017,,,,,,,,,,,,
72579,,,,,,,,,,,,,,,,,,,,-0.612977,0.407887,-2.040797,,,,,,
72584,,,,-0.640899,0.344156,-2.066268,1.610468,0.250206,,,,,,,,,,,,,,,,,,,,
72586,,,,,,,,,,,96.231880,96.265007,,,,,0.071639,0.004050,-0.024422,,,,,,,,,
72587,,,,,,,,,,,,,89.705276,90.326981,0.491263,0.483999,,,,-0.619997,0.394070,-2.034283,,,,,,
72589,,,,,,,,,,,,,,,,,,,,,,,0.126453,0.070516,0.715286,6.090000,78.050003,24.290001
72594,,,,,,,,,,,,,,,,,,,,,,,0.013359,0.029585,0.797270,-5.600000,66.639999,20.299999
72595,,,,,,,,,,,,,90.409454,91.581749,0.463366,0.431390,,,,,,,,,,,,
72599,,,,,,,,,,,,,,,,,,,,,,,-0.117364,0.088877,1.243851,-10.220000,55.299999,10.990000
72602,,,,,,,,,,,,,,,,,,,,-0.626667,0.380528,-2.027740,,,,,,
72605,,,,,,,,,,,,,92.015327,92.451874,0.395131,0.395196,,,,,,,-0.117364,0.088877,1.243851,16.660000,45.009998,1.540000
72610,,,,,,,,,,,,,,,,,,,,-0.633427,0.366841,-2.027537,,,,,,
72614,,,,,,,,,,,,,,,,,,,,,,,-0.117364,0.030927,0.714066,2.940000,-13.370000,-0.840000
72615,,,,,,,,,,,,,93.305565,93.125153,0.340073,0.367287,,,,,,,,,,,,
72619,,,,,,,,,,,,,,,,,,,,-0.640080,0.353367,-2.027675,,,,,,
72625,,,,-0.680171,0.270451,-2.054556,1.653626,0.238574,,,,,,,,,,,,,,,,,,,,
72627,,,,,,,,,,,98.975342,98.683769,93.601723,93.449928,0.449862,0.461525,0.090846,0.000786,-0.025547,-0.646433,0.339683,-2.034419,,,,,,
72628,,,,,,,,,,,,,,,,,,,,,,,0.123342,0.030927,0.714066,-32.619999,-62.650002,-20.930000
72642,,,,,,,,,,,,,94.724396,94.225334,0.402868,0.429843,,,,-0.652616,0.326825,-2.037607,,,,,,
72645,,,,,,,,,,,,,,,,,,,,,,,0.029585,0.028060,0.988505,-6.370000,-81.550003,-12.460000
72650,,,,,,,,,,,,,,,,,,,,-0.658959,0.313619,-2.040786,0.029585,0.028060,0.988505,-9.030000,-124.320000,-16.940001
72655,,,,,,,,,,,,,95.832642,95.412735,0.355940,0.379515,,,,,,,0.080215,-0.043371,0.986248,-25.830000,-41.230000,-23.520000
72657,,,,,,,,,,,,,,,,,,,,-0.665124,0.300457,-2.040322,,,,,,
72664,,,,,,,,,,,,,,,,,,,,,,,0.080215,-0.043371,0.986248,10.290000,44.939999,-19.180000
72665,,,,,,,,,,,,,,,0.329463,0.350153,,,,,,,,,,,,
72666,,,,,,,,,,,,,96.466492,96.113182,,,,,,-0.672166,0.286222,-2.040498,,,,,,
72675,,,,-0.719169,0.195184,-2.043167,1.684936,0.230465,,,,,,,,,,,,,,,,,,,,
72677,,,,,,,,,,,100.268311,101.202858,96.373734,95.615646,0.392064,0.485003,0.101832,-0.000685,-0.003349,,,,,,,,,
72678,,,,,,,,,,,,,,,,,,,,,,,0.099918,-0.069174,0.710223,-2.240000,40.880001,-13.160000
72681,,,,,,,,,,,,,,,,,,,,-0.679498,0.271814,-2.043883,,,,,,
72684,,,,,,,,,,,,,,,,,,,,,,,0.099918,-0.069174,0.710223,-35.490002,33.180000,-14.000000
72685,,,,,,,,,,,,,96.037621,96.079262,0.408933,0.467322,,,,,,,,,,,,
72689,,,,,,,,,,,,,,,,,,,,-0.686284,0.257952,-2.047039,,,,,,
72703,,,,,,,,,,,,,96.746071,97.099907,0.379719,0.424738,,,,,,,,,,,,
72697,,,,,,,,,,,,,,,,,,,,-0.693106,0.243666,-2.049786,,,,,,
72705,,,,,,,,,,,,,,,,,,,,,,,-0.036051,-0.029036,1.064023,-22.680000,25.760000,4.550000
72710,,,,,,,,,,,,,,,,,,,,,,,0.094611,-0.075335,0.814533,33.599998,-31.570000,10.990000
72711,,,,,,,,,,,,,,,,,,,,-0.700080,0.229806,-2.053518,,,,,,
72716,,,,,,,,,,,,,97.467720,98.167076,0.349558,0.379574,,,,,,,0.094611,-0.075335,0.814533,2.030000,-56.980000,17.990000
72720,,,,,,,,,,,,,,,,,,,,-0.707024,0.215987,-2.049946,,,,,,
72725,,,,-0.757593,0.118927,-2.031942,1.703761,0.225633,,,,,,,,,,,,,,,,,,,,
72727,,,,,,,,,,,100.762627,102.935875,97.820396,98.902931,0.357198,0.425195,0.109103,-0.000239,0.016577,,,,,,,,,
72728,,,,,,,,,,,,,,,,,,,,-0.714318,0.201736,-2.049708,0.094611,-0.075335,0.814533,3.990000,-45.360001,18.690001
72743,,,,,,,,,,,,,97.789040,99.403656,0.360085,0.405088,,,,,,,,,,,,
72738,,,,,,,,,,,,,,,,,,,,-0.721672,0.187482,-2.043089,,,,,,
72745,,,,,,,,,,,,,,,,,,,,-0.728933,0.173462,-2.043392,0.025864,-0.019825,1.122034,14.770000,-7.980000,32.689999
72751,,,,,,,,,,,,,,,,,,,,,,,-0.001342,0.016897,0.715286,-21.420000,-11.270000,36.119999
72756,,,,,,,,,,,,,97.489243,99.669914,0.374870,0.395103,,,,,,,-0.001342,0.016897,0.715286,1.610000,7.070000,39.619999
72764,,,,,,,,,,,,,,,,,,,,,,,-0.001342,0.016897,0.715286,9.170000,23.170000,52.919998
72762,,,,,,,,,,,,,,,,,,,,-0.736074,0.159111,-2.043025,,,,,,
72765,,,,,,,,,,,,,,,0.356004,0.391541,,,,,,,,,,,,
72766,,,,,,,,,,,,,97.953201,99.788017,,,,,,,,,,,,,,
72770,,,,,,,,,,,,,,,,,,,,-0.743313,0.143999,-2.030330,,,,,,
72775,,,,-0.795149,0.042269,-2.020723,1.709714,0.223936,,,,,,,,,,,,,,,,,,,,
72777,,,,,,,,,,,101.377434,103.053764,,,,,0.113963,-0.001318,0.009624,,,,,,,,,
72778,,,,,,,,,,,,,97.811897,100.261246,0.390825,0.377357,,,,,,,0.010675,0.065880,0.999729,14.420000,18.410000,50.959999
72779,,,,,,,,,,,,,,,,,,,,-0.750513,0.129304,-2.017124,,,,,,
72784,,,,,,,,,,,,,,,,,,,,,,,-0.010736,0.110959,0.991189,-4.410000,14.420000,48.160000
72785,,,,,,,,,,,,,98.318993,100.379875,0.370208,0.373532,,,,,,,,,,,,
72787,,,,,,,,,,,,,,,,,,,,-0.757441,0.114538,-2.010652,,,,,,
72802,,,,,,,,,,,,,98.361908,100.428619,0.369867,0.372738,,,,,,,,,,,,
72795,,,,,,,,,,,,,,,,,,,,-0.764447,0.099683,-2.000804,,,,,,
72805,,,,,,,,,,,,,,,,,,,,,,,-0.010736,0.110959,0.991189,7.000000,4.340000,28.910000
72810,,,,,,,,,,,,,,,,,,,,-0.771030,0.084859,-1.997577,0.006466,0.121573,0.978684,-23.660000,-24.430000,21.070000
72815,,,,,,,,,,,,,98.523300,100.262230,0.364264,0.381436,,,,,,,0.006466,0.121573,0.978684,-27.580000,-35.490002,21.490000
72819,,,,,,,,,,,,,,,,,,,,-0.777283,0.070040,-1.990504,,,,,,
72825,,,,-0.831548,-0.034198,-2.009357,1.702667,0.225329,,,,,,,,,,,,,,,,,,,,
72827,,,,,,,,,,,101.913277,101.657425,,,,,0.117155,-0.006722,-0.016947,-0.783383,0.055675,-1.990361,,,,,,
72828,,,,,,,,,,,,,98.777359,100.240494,0.378192,0.322050,,,,,,,,,,,,
72829,,,,,,,,,,,,,,,,,,,,,,,-0.025315,0.105652,0.917501,-11.060000,-38.150002,15.120000
72834,,,,,,,,,,,,,,,,,,,,,,,-0.025315,0.105652,0.917501,10.850000,34.160000,14.350000
72835,,,,,,,,,,,,,,,0.366209,0.319457,,,,-0.789615,0.041296,-1.993895,,,,,,
72836,,,,,,,,,,,,,99.084335,100.315422,,,,,,,,,,,,,,
72844,,,,,,,,,,,,,,,,,,,,,,,-0.024217,0.010004,0.889014,4.550000,48.090000,4.760000
72845,,,,,,,,,,,,,99.280632,99.219154,0.358966,0.368642,,,,,,,,,,,,
72850,,,,,,,,,,,,,,,,,,,,-0.796080,0.026056,-1.990881,,,,,,
72862,,,,,,,,,,,,,99.124359,98.740936,0.367221,0.391042,,,,,,,,,,,,
72857,,,,,,,,,,,,,,,,,,,,-0.802708,0.010964,-1.984192,,,,,,
72865,,,,,,,,,,,,,,,,,,,,,,,-0.024217,0.010004,0.889014,4.970000,42.419998,-31.500000
72866,,,,,,,,,,,,,,,,,,,,-0.809425,-0.004120,-1.991358,,,,,,
72871,,,,,,,,,,,,,,,,,,,,,,,-0.057279,-0.020191,0.717116,11.620000,38.779999,-31.219999
72875,,,,-0.866516,-0.109889,-1.997682,1.682756,0.229861,,,,,,,,,,,,,,,,,,,,
72877,,,,,,,,,,,100.431099,100.786545,99.053062,99.086128,0.306294,0.338816,0.119688,-0.008779,-0.005928,,,,,,,,,
72880,,,,,,,,,,,,,,,,,,,,-0.815871,-0.019063,-1.998061,-0.057279,-0.020191,0.717116,0.420000,37.730000,-33.459999
72885,,,,,,,,,,,,,98.836174,98.863998,0.316604,0.349522,,,,,,,-0.054595,-0.015555,0.804041,-14.630000,24.780001,-34.930000
72888,,,,,,,,,,,,,,,,,,,,-0.822263,-0.034020,-2.001398,,,,,,
72894,,,,,,,,,,,,,,,,,,,,,,,-0.054595,-0.015555,0.804041,16.799999,11.690000,-30.379999
72895,,,,,,,,,,,,,98.475334,97.951797,0.333401,0.390909,,,,,,,,,,,,
72896,,,,,,,,,,,,,,,,,,,,-0.828796,-0.048756,-2.008013,,,,,,
72904,,,,,,,,,,,,,,,,,,,,,,,-0.071492,-0.109617,1.217499,11.620000,-2.310000,-16.379999
72905,,,,,,,,,,,,,97.705307,97.814743,0.368507,0.398426,,,,,,,,,,,,
72923,,,,,,,,,,,,,98.112396,97.892654,0.351866,0.396491,,,,,,,,,,,,
72925,,,,-0.899798,-0.184241,-1.985529,1.650377,0.237678,,,,,,,,,,,,,,,,,,,,
72927,,,,,,,,,,,97.588638,99.733307,,,,,0.149983,-0.007110,0.021296,-0.848590,-0.092227,-2.017928,,,,,,
72919,,,,,,,,,,,,,,,,,,,,-0.842097,-0.077836,-2.014612,,,,,,
72928,,,,,,,,,,,,,98.761620,98.576729,0.198357,0.321043,,,,,,,,,,,,
72930,,,,,,,,,,,,,,,,,,,,,,,-0.071492,-0.109617,1.217499,-0.700000,12.110000,2.030000
72935,,,,,,,,,,,,,,,0.259575,0.315583,,,,,,,-0.118706,-0.027511,0.834846,-5.250000,-0.910000,5.110000
72936,,,,,,,,,,,,,97.366829,98.713249,,,,,,,,,,,,,,
72940,,,,,,,,,,,,,,,,,,,,,,,-0.043371,-0.027511,0.834846,-18.830000,-18.129999,8.960000
72941,,,,,,,,,,,,,,,,,,,,-0.855308,-0.106733,-2.014647,,,,,,
72945,,,,,,,,,,,,,,,0.315601,0.357308,,,,,,,-0.043371,-0.027511,0.834846,-24.850000,-22.610001,8.890000
72946,,,,,,,,,,,,,96.105247,97.783546,,,,,,,,,,,,,,
72954,,,,,,,,,,,,,,,,,,,,,,,-0.168970,0.034892,0.991189,-21.770000,7.350000,50.119999
72952,,,,,,,,,,,,,,,,,,,,-0.861650,-0.121280,-2.011337,,,,,,
72955,,,,,,,,,,,,,95.211906,97.175911,0.355950,0.385233,,,,,,,,,,,,
72960,,,,,,,,,,,,,,,,,,,,-0.868007,-0.135607,-2.004695,,,,,,
72965,,,,,,,,,,,,,94.928040,97.678093,0.369744,0.364282,,,,,,,-0.168970,0.034892,0.991189,10.430000,43.750000,56.139999
72968,,,,,,,,,,,,,,,,,,,,-0.874140,-0.150010,-1.991723,,,,,,
72984,,,,-0.931164,-0.256718,-1.972714,1.606177,0.249032,,,,,,,,,,,,,,,,,,,,
72986,,,,,,,,,,,95.061607,96.975807,,,,,0.122999,-0.008545,0.018015,,,,,,,,,
72987,,,,,,,,,,,,,95.114899,97.687134,0.250823,0.242695,,,,,,,,,,,,
72985,,,,,,,,,,,,,,,,,,,,-0.887015,-0.178649,-1.978553,,,,,,
72989,,,,,,,,,,,,,,,,,,,,,,,-0.176595,0.045567,0.762439,-2.800000,30.730000,36.750000
72994,,,,,,,,,,,,,,,,,,,,,,,-0.059780,0.109434,1.031022,0.770000,7.560000,29.540001
72995,,,,,,,,,,,,,94.328659,97.114639,0.285669,0.267725,,,,,,,,,,,,
72999,,,,,,,,,,,,,,,,,,,,,,,-0.059780,0.109434,1.031022,5.810000,-3.150000,27.230000
73000,,,,,,,,,,,,,,,,,,,,-0.893060,-0.193233,-1.965276,,,,,,
73005,,,,,,,,,,,,,92.562508,94.906631,0.364380,0.365590,,,,,,,-0.059780,0.109434,1.031022,-2.590000,-1.890000,27.440001
73008,,,,,,,,,,,,,,,,,,,,-0.899290,-0.207604,-1.961953,,,,,,
73014,,,,,,,,,,,,,,,,,,,,,,,-0.103761,0.101321,0.719373,-21.139999,35.560001,14.210000
73015,,,,,,,,,,,,,92.655663,94.080833,0.361522,0.403273,,,,,,,,,,,,
73016,,,,,,,,,,,,,,,,,,,,-0.905042,-0.221920,-1.958632,,,,,,
73025,,,,-0.960409,-0.326827,-1.959027,1.551030,0.264295,,,,,,,,,,,,,,,,,,,,
73027,,,,,,,,,,,92.301216,93.172455,93.141609,94.800781,0.218701,0.204009,0.118281,-0.011369,0.001125,,,,,,,,,
73028,,,,,,,,,,,,,,,,,,,,,,,-0.103761,0.101321,0.719373,22.330000,63.770000,11.550000
73043,,,,,,,,,,,,,91.687752,93.083778,0.282855,0.279451,,,,,,,,,,,,
73038,,,,,,,,,,,,,,,,,,,,-0.916594,-0.250709,-1.951890,,,,,,
73045,,,,,,,,,,,,,,,,,,,,,,,-0.228628,0.066917,0.861930,-3.780000,56.349998,6.930000
73046,,,,,,,,,,,,,,,,,,,,-0.922248,-0.264906,-1.951924,,,,,,
73050,,,,,,,,,,,,,,,,,,,,,,,-0.144326,0.041724,0.960384,7.770000,34.299999,3.710000
73055,,,,,,,,,,,,,,,,,,,,,,,-0.144326,0.041724,0.960384,-16.520000,44.099998,4.900000
73056,,,,,,,,,,,,,90.469238,91.227509,0.337297,0.361956,,,,,,,,,,,,
73061,,,,,,,,,,,,,,,,,,,,-0.927625,-0.278968,-1.951996,,,,,,
73064,,,,,,,,,,,,,,,,,,,,,,,-0.144326,0.041724,0.960384,31.850000,29.889999,-8.610000
73065,,,,,,,,,,,,,90.210617,90.848625,0.349720,0.379779,,,,,,,,,,,,
73069,,,,,,,,,,,,,,,,,,,,-0.933213,-0.292786,-1.955129,,,,,,
73075,,,,-0.987366,-0.394122,-1.944231,1.486020,0.283976,,,,,,,,,,,,,,,,,,,,
73077,,,,,,,,,,,88.102058,89.587997,90.252777,91.252487,0.162195,0.203652,0.114308,-0.012167,0.010792,-0.938651,-0.306135,-1.957578,,,,,,
73078,,,,,,,,,,,,,,,,,,,,,,,-0.434564,-0.018849,0.701866,-3.360000,-43.259998,-10.570000
73084,,,,,,,,,,,,,,,,,,,,,,,-0.434564,-0.018849,0.701866,-22.469999,-47.740002,-9.590000
73085,,,,,,,,,,,,,89.415794,90.256950,0.198349,0.247111,,,,,,,,,,,,
73102,,,,,,,,,,,,,87.642326,88.676605,0.276611,0.317107,,,,,,,,,,,,
73100,,,,,,,,,,,,,,,,,,,,-0.948747,-0.331832,-1.961542,,,,,,
73105,,,,,,,,,,,,,,,,,,,,,,,-0.136274,0.020252,0.735538,24.639999,-54.810001,22.680000
73108,,,,,,,,,,,,,,,,,,,,-0.953666,-0.344601,-1.961936,,,,,,
73110,,,,,,,,,,,,,,,,,,,,,,,-0.319213,-0.030256,0.819413,1.400000,48.439999,28.420000
73116,,,,,,,,,,,,,86.470787,87.738800,0.328987,0.359311,,,,,,,-0.319213,-0.030256,0.819413,-22.820000,65.169998,28.770000
73125,,,,-1.011897,-0.458213,-1.928051,1.412403,0.308753,,,,,,,,,,,,,,,,,,,,
73127,,,,,,,,,,,83.009201,85.809212,85.744728,87.773727,0.135268,0.190375,0.125779,-0.010720,0.032262,,,,,,,,,
73128,,,,,,,,,,,,,,,,,,,,,,,-0.288896,0.018056,0.728218,3.780000,76.790001,40.880001
73122,,,,,,,,,,,,,,,,,,,,-0.958665,-0.357633,-1.951413,,,,,,
73130,,,,,,,,,,,,,,,,,,,,-0.963731,-0.370327,-1.944111,,,,,,
73134,,,,,,,,,,,,,,,,,,,,,,,-0.288896,0.018056,0.728218,5.810000,29.959999,42.349998
73135,,,,,,,,,,,,,84.335350,86.719757,0.196701,0.236358,,,,,,,,,,,,
73138,,,,,,,,,,,,,,,,,,,,-0.968530,-0.383112,-1.937365,,,,,,
73144,,,,,,,,,,,,,,,,,,,,,,,-0.164273,0.060390,0.797453,-2.100000,-44.590000,49.419998
73145,,,,,,,,,,,,,81.939552,85.043770,0.302828,0.310608,,,,,,,,,,,,
73146,,,,,,,,,,,,,,,,,,,,-0.972991,-0.395353,-1.931247,,,,,,
73162,,,,,,,,,,,,,81.227341,84.162483,0.335124,0.350286,,,,,,,,,,,,
73161,,,,,,,,,,,,,,,,,,,,-0.977522,-0.407523,-1.921200,,,,,,
73164,,,,,,,,,,,,,,,,,,,,,,,-0.164273,0.060390,0.797453,11.060000,12.600000,61.669998
73169,,,,,,,,,,,,,,,,,,,,,,,-0.349713,0.127917,0.857050,21.350000,-2.100000,66.779999
73170,,,,,,,,,,,,,,,,,,,,-0.981527,-0.419477,-1.914552,,,,,,
73175,,,,-1.033905,-0.518774,-1.910162,1.331581,0.339506,,,,,,,,,,,,,,,,,,,,
73177,,,,,,,,,,,78.928635,80.306046,80.887505,84.463852,0.169133,0.092065,0.111943,-0.015592,0.005812,,,,,,,,,
73179,,,,,,,,,,,,,,,,,,,,,,,-0.349713,0.127917,0.857050,11.900000,-10.150000,63.840000
73178,,,,,,,,,,,,,,,,,,,,-0.986056,-0.431611,-1.907203,,,,,,
73184,,,,,,,,,,,,,,,,,,,,,,,-0.140849,0.093391,0.758169,-27.580000,-56.840000,39.410000
73185,,,,,,,,,,,,,80.118011,83.127144,0.202493,0.149630,,,,,,,,,,,,
73187,,,,,,,,,,,,,,,,,,,,-0.989931,-0.443570,-1.893844,,,,,,
73203,,,,,,,,,,,,,78.274673,80.167534,0.284194,0.280342,,,,,,,,,,,,
73201,,,,,,,,,,,,,,,,,,,,-0.993547,-0.455012,-1.890947,,,,,,
73205,,,,,,,,,,,,,,,,,,,,,,,-0.140849,0.093391,0.758169,9.380000,-77.279999,4.200000
73210,,,,,,,,,,,,,,,,,,,,,,,-0.239974,0.098820,0.972035,3.850000,35.000000,-6.930000
73209,,,,,,,,,,,,,,,,,,,,-0.997186,-0.467083,-1.880896,,,,,,
73216,,,,,,,,,,,,,77.679588,78.457115,0.311098,0.356785,,,,,,,-0.239974,0.098820,0.972035,13.720000,77.139999,-24.780001
73217,,,,,,,,,,,,,,,,,,,,-1.000723,-0.479394,-1.850401,,,,,,
73225,,,,-1.053330,-0.575542,-1.890171,1.245060,0.377371,,,,,,,,,,,,-1.003364,-0.492862,-1.745611,,,,,,
73227,,,,,,,,,,,74.704796,74.096466,77.396362,78.050568,0.135493,0.098191,0.106919,-0.023354,-0.034914,,,,,,,,,
73229,,,,,,,,,,,,,,,,,,,,,,,-0.368257,-0.006710,0.633363,11.270000,74.199997,-30.730000
73234,,,,,,,,,,,,,,,,,,,,,,,-0.368257,-0.006710,0.633363,17.920000,-2.170000,-24.150000
73235,,,,,,,,,,,,,75.966064,76.516510,0.198137,0.164834,,,,,,,,,,,,
73240,,,,,,,,,,,,,,,,,,,,-1.008657,-0.502297,-1.870710,,,,,,
73244,,,,,,,,,,,,,,,,,,,,,,,-0.163480,0.007930,0.912621,-23.450001,-28.980000,-19.950001
73245,,,,,,,,,,,,,74.284889,73.656769,0.272740,0.291597,,,,,,,,,,,,
73248,,,,,,,,,,,,,,,,,,,,-1.011990,-0.512940,-1.901041,,,,,,
73262,,,,,,,,,,,,,73.727585,72.538834,0.297899,0.341858,,,,-1.015498,-0.523388,-1.913570,,,,,,
73264,,,,,,,,,,,,,,,,,,,,,,,-0.163480,0.007930,0.693082,37.660000,16.309999,-33.740002
73270,,,,,,,,,,,,,,,,,,,,-1.019166,-0.533904,-1.921107,-0.338001,-0.049227,0.693082,-18.549999,-38.779999,-34.299999
73275,,,,-1.070150,-0.628324,-1.867608,1.154410,0.423804,,,,,,,,,,,,,,,,,,,,
73277,,,,,,,,,,,67.090187,70.799637,,,,,0.105801,-0.016122,0.048955,,,,,,,,,
73278,,,,,,,,,,,,,73.702408,72.702187,-0.042312,0.187488,,,,-1.022684,-0.543965,-1.921153,,,,,,
73280,,,,,,,,,,,,,,,,,,,,,,,-0.231068,-0.057645,0.720837,4.690000,-59.009998,-31.780001
73285,,,,,,,,,,,,,71.713669,72.257874,0.043625,0.206470,,,,,,,-0.231068,-0.057645,0.720837,-5.600000,-84.559998,-15.540000
73287,,,,,,,,,,,,,,,,,,,,-1.025908,-0.554037,-1.921325,,,,,,
73294,,,,,,,,,,,,,,,,,,,,,,,-0.074481,-0.012383,0.973255,11.620000,-109.550003,3.010000
73295,,,,,,,,,,,,,68.015671,70.666649,0.207347,0.277190,,,,,,,,,,,,
73296,,,,,,,,,,,,,,,,,,,,-1.029104,-0.563172,-1.938698,,,,,,
73304,,,,,,,,,,,,,,,,,,,,,,,-0.074481,-0.012383,0.973255,-24.850000,-51.730000,81.550003
73305,,,,,,,,,,,,,65.444176,69.865585,0.322366,0.313236,,,,,,,,,,,,
73322,,,,,,,,,,,,,65.278816,70.646423,0.330635,0.278644,,,,,,,,,,,,
73325,,,,-1.084379,-0.676994,-1.841893,1.061229,0.480658,,,,,,,,,,,,,,,,,,,,
73327,,,,,,,,,,,60.359039,66.047043,,,,,0.123815,-0.011527,0.090536,-1.038540,-0.592613,-1.901488,,,,,,
73328,,,,,,,,,,,,,64.981789,70.503708,0.042391,0.071491,,,,,,,,,,,,
73319,,,,,,,,,,,,,,,,,,,,-1.035385,-0.582331,-1.928378,,,,,,
73330,,,,,,,,,,,,,,,,,,,,,,,-0.462075,0.011956,0.788608,13.090000,41.230000,117.949997
73335,,,,,,,,,,,,,,,0.129938,0.167376,,,,-1.041457,-0.603074,-1.880933,0.002745,0.117730,0.970449,-13.860000,-26.320000,96.599998
73336,,,,,,,,,,,,,62.981907,68.320236,,,,,,,,,,,,,,
73340,,,,,,,,,,,,,,,,,,,,,,,0.002745,0.117730,0.970449,-25.760000,-39.970001,85.889999
73345,,,,,,,,,,,,,60.696690,66.288895,0.231332,0.257536,,,,,,,0.002745,0.117730,0.970449,-31.990000,-42.000000,82.110001
73349,,,,,,,,,,,,,,,,,,,,-1.043692,-0.615100,-1.786986,,,,,,
73354,,,,,,,,,,,,,,,,,,,,,,,-0.192028,0.181597,0.883768,2.030000,49.000000,83.089996
73355,,,,,,,,,,,,,59.835468,65.636414,0.269876,0.286745,,,,,,,,,,,,
73358,,,,,,,,,,,,,,,,,,,,-1.046036,-0.626019,-1.744824,,,,,,
73364,,,,,,,,,,,,,,,,,,,,,,,-0.192028,0.181597,0.883768,3.290000,95.199997,85.610001
73365,,,,,,,,,,,,,60.182747,65.610168,0.254532,0.288134,,,,,,,,,,,,
73366,,,,,,,,,,,,,,,,,,,,-1.049129,-0.635857,-1.755630,,,,,,
73382,,,,,,,,,,,,,59.617580,65.847145,0.280029,0.277704,,,,,,,,,,,,
73384,,,,-1.096070,-0.721494,-1.812317,0.967107,0.550286,,,,,,,,,,,,,,,,,,,,
73386,,,,,,,,,,,57.669739,57.861473,,,,,0.094853,-0.029388,-0.046984,,,,,,,,,
73381,,,,,,,,,,,,,,,,,,,,-1.050361,-0.647154,-1.690244,,,,,,
73389,,,,,,,,,,,,,,,,,,,,,,,-0.288896,0.164090,0.948794,-24.430000,91.980003,80.570000
73394,,,,,,,,,,,,,,,,,,,,,,,-0.008052,0.143716,1.070367,-10.430000,25.969999,70.559998
73395,,,,,,,,,,,,,59.467888,65.518631,0.166113,-0.075945,,,,,,,,,,,,
73399,,,,,,,,,,,,,,,,,,,,,,,-0.008052,0.143716,1.070367,-16.799999,10.150000,74.199997
73404,,,,,,,,,,,,,,,,,,,,,,,-0.008052,0.143716,1.070367,25.200001,-2.240000,70.419998
73405,,,,,,,,,,,,,58.812149,62.806259,0.194721,0.042278,,,,,,,,,,,,
73414,,,,,,,,,,,,,,,,,,,,,,,-0.050508,0.113704,0.945805,-21.770000,27.090000,20.020000
73415,,,,,,,,,,,,,58.242767,58.866463,0.219775,0.217148,,,,,,,,,,,,
73425,,,,-1.105307,-0.761829,-1.778006,0.873582,0.635648,,,,,,,,,,,,,,,,,,,,
73427,,,,,,,,,,,52.365055,51.775288,57.950916,57.534069,-0.007047,0.001743,0.117638,-0.039927,-0.081975,,,,,,,,,
73428,,,,,,,,,,,,,,,,,,,,,,,-0.050508,0.050264,0.885415,13.580000,80.989998,-65.800003
73442,,,,,,,,,,,,,55.706062,54.258564,0.091503,0.146762,,,,,,,,,,,,
73445,,,,,,,,,,,,,,,,,,,,,,,-0.497821,0.050264,0.885415,5.670000,13.020000,-88.059998
73450,,,,,,,,,,,,,,,,,,,,,,,-0.396683,-0.010309,0.714493,13.650000,-41.509998,-79.519997
73454,,,,,,,,,,,,,,,,,,,,,,,-0.396683,-0.010309,0.714493,5.740000,-15.680000,-81.199997
73455,,,,,,,,,,,,,53.421478,52.203552,0.192996,0.238324,,,,,,,,,,,,
73464,,,,,,,,,,,,,,,,,,,,,,,-0.758535,-0.081801,0.821243,-2.660000,2.800000,-62.160000
73465,,,,,,,,,,,,,52.077789,51.053028,0.253154,0.290077,,,,,,,,,,,,
73474,,,,-1.112204,-0.798064,-1.737879,0.782119,0.740415,,,,,,,,,,,,,,,,,,,,
73476,,,,,,,,,,,45.848816,47.658348,51.790329,51.426350,-0.029054,0.086985,0.111731,-0.040908,-0.031813,,,,,,,,,
73477,,,,,,,,,,,,,,,,,,,,,,,-0.758535,-0.081801,0.821243,5.320000,-47.599998,-27.020000
73484,,,,,,,,,,,,,,,,,,,,,,,-0.189100,-0.145363,0.779092,7.910000,-102.480003,4.550000
73485,,,,,,,,,,,,,50.911938,50.605686,0.007727,0.122262,,,,,,,,,,,,
73494,,,,,,,,,,,,,,,,,,,,,,,-0.189100,-0.145363,0.779092,-16.520000,-106.540001,25.270000
73495,,,,,,,,,,,,,47.791191,48.634377,0.146622,0.210128,,,,,,,,,,,,
73504,,,,,,,,,,,,,,,,,,,,,,,-0.336415,-0.018666,1.089460,2.660000,2.590000,60.549999
73505,,,,,,,,,,,,,46.217693,48.565201,0.216967,0.212764,,,,,,,,,,,,
73514,,,,,,,,,,,,,,,,,,,,,,,-0.336415,-0.018666,1.089460,-1.400000,41.790001,88.059998
73515,,,,,,,,,,,,,45.458218,48.528519,0.251211,0.213962,,,,,,,,,,,,
73524,,,,-1.116901,-0.830318,-1.690622,0.694075,0.869024,,,,,,,,,,,,,,,,,,,,
73526,,,,,,,,,,,39.981979,43.034470,44.819653,47.908474,0.013879,0.031494,0.103712,-0.044941,-0.014623,,,,,,,,,
73527,,,,,,,,,,,,,,,,,,,,,,,-0.260653,0.025376,0.857782,-8.260000,36.259998,92.540001
73542,,,,,,,,,,,,,42.294056,45.598038,0.126165,0.133985,,,,,,,,,,,,
73544,,,,,,,,,,,,,,,,,,,,,,,-0.260653,0.025376,0.857782,-22.330000,-18.969999,61.599998
73549,,,,,,,,,,,,,,,,,,,,,,,0.036417,0.116998,1.056825,5.530000,-3.500000,56.279999
73554,,,,,,,,,,,,,,,,,,,,,,,0.036417,0.116998,1.056825,-8.260000,103.110001,60.759998
73555,,,,,,,,,,,,,40.413010,44.399681,0.210456,0.187126,,,,,,,,,,,,
73564,,,,,,,,,,,,,,,,,,,,,,,-0.493185,0.037393,0.817339,-4.690000,89.110001,66.080002
73565,,,,,,,,,,,,,40.036308,43.390694,0.227353,0.232276,,,,,,,,,,,,
73574,,,,-1.119561,-0.858757,-1.634650,0.610682,1.026578,,,,,,,,,,,,,,,,,,,,
73576,,,,,,,,,,,34.275169,38.774551,40.240017,43.566509,-0.042082,0.029864,0.095847,-0.048347,0.008500,,,,,,,,,
73577,,,,,,,,,,,,,,,,,,,,,,,-0.493185,0.037393,1.014918,1.890000,-28.910000,64.330002
73584,,,,,,,,,,,,,,,,,,,,,,,-0.255041,0.071370,1.014918,0.280000,-84.000000,39.270000
73585,,,,,,,,,,,,,38.057816,42.656670,0.054325,0.068879,,,,,,,,,,,,
73594,,,,,,,,,,,,,,,,,,,,,,,-0.099613,0.092842,0.921344,-1.890000,-91.769997,34.720001
73595,,,,,,,,,,,,,35.862835,40.281025,0.152433,0.175170,,,,,,,,,,,,
73604,,,,,,,,,,,,,,,,,,,,,,,-0.099613,0.092842,0.921344,-22.190001,4.760000,81.970001
73605,,,,,,,,,,,,,35.092098,39.902256,0.186749,0.191662,,,,,,,,,,,,
73622,,,,,,,,,,,,,34.518021,39.563595,0.212497,0.206521,,,,,,,,,,,,
73624,,,,-1.120365,-0.883586,-1.568137,0.533027,1.218390,,,,,,,,,,,,,,,,,,,,
73626,,,,,,,,,,,28.944344,34.799637,,,,,0.087207,-0.052491,0.025602,,,,,,,,,
73627,,,,,,,,,,,,,,,,,,,,,,,-0.447801,0.038186,0.996069,0.420000,41.509998,63.980000
73632,,,,,,,,,,,,,,,,,,,,,,,0.061061,0.078080,0.920917,-7.280000,-26.740000,59.990002
73635,,,,,,,,,,,,,34.286041,39.337940,-0.020706,0.034653,,,,,,,,,,,,
73637,,,,,,,,,,,,,,,,,,,,,,,0.061061,0.078080,0.920917,-9.100000,-35.490002,53.619999
73644,,,,,,,,,,,,,,,,,,,,,,,0.061061,0.078080,0.920917,-5.110000,-74.480003,50.259998
73645,,,,,,,,,,,,,32.687328,37.486435,0.049625,0.116950,,,,,,,,,,,,
73654,,,,,,,,,,,,,,,,,,,,,,,-0.014335,0.057340,1.071343,-16.240000,-57.119999,51.380001
73655,,,,,,,,,,,,,30.792412,36.475029,0.134315,0.161800,,,,,,,,,,,,
73664,,,,,,,,,,,,,,,,,,,,,,,-0.014335,0.057340,1.071343,0.770000,35.630001,78.610001
73665,,,,,,,,,,,,,30.294020,36.171696,0.156147,0.174805,,,,,,,,,,,,
73674,,,,-1.120365,-0.883586,-1.568137,0.533027,1.218390,,,,,,,,,,,,,,,,,,,,
73676,,,,,,,,,,,29.562819,34.152966,30.548313,36.505577,0.172116,0.129321,0.056254,-0.056621,-0.031958,,,,,,,,,
73677,,,,,,,,,,,,,,,,,,,,,,,-0.429074,0.018483,0.909083,-2.520000,53.060001,86.449997
73684,,,,,,,,,,,,,,,,,,,,,,,-0.429074,0.018483,0.909083,-15.470000,40.459999,82.949997
73685,,,,,,,,,,,,,29.888920,36.097240,0.201739,0.146774,,,,,,,,,,,,
73702,,,,,,,,,,,,,29.747160,35.299313,0.208049,0.182236,,,,,,,,,,,,
73704,,,,,,,,,,,,,,,,,,,,,,,-0.004026,0.096624,0.976732,-17.570000,-0.210000,35.560001
73709,,,,,,,,,,,,,,,,,,,,,,,-0.045018,0.041907,1.163636,-4.550000,-31.570000,26.809999
73714,,,,,,,,,,,,,,,,,,,,,,,-0.045018,0.041907,1.163636,-0.070000,-48.790001,16.030001
73715,,,,,,,,,,,,,30.346663,35.018242,0.180563,0.194491,,,,,,,,,,,,
73724,,,,-1.117181,-0.923393,-1.395734,0.398489,1.718578,,,,,,,,,,,,,,,,,,,,
73726,,,,,,,,,,,18.976809,28.480864,30.579481,35.519310,-0.317943,-0.090304,0.066207,-0.058531,0.094698,,,,,,,,,
73727,,,,,,,,,,,,,,,,,,,,,,,-0.045018,0.041907,1.163636,11.690000,-73.639999,0.840000
73734,,,,,,,,,,,,,,,,,,,,,,,0.017324,-0.011224,0.943670,-3.290000,-108.500000,12.110000
73735,,,,,,,,,,,,,27.532297,32.890484,-0.183698,0.027040,,,,,,,,,,,,
73744,,,,,,,,,,,,,,,,,,,,,,,0.017324,-0.011224,0.895114,-13.650000,-63.910000,33.320000
73745,,,,,,,,,,,,,23.165670,30.417892,0.012834,0.138549,,,,,,,,,,,,
73754,,,,,,,,,,,,,,,,,,,,,,,-0.215818,0.038796,0.895114,-4.620000,76.089996,43.889999
73755,,,,,,,,,,,,,20.039587,29.977575,0.154528,0.157814,,,,,,,,,,,,
73764,,,,,,,,,,,,,,,,,,,,,,,-0.653127,0.046726,0.893833,-3.920000,174.649994,103.320000
73765,,,,,,,,,,,,,20.142345,30.144688,0.149252,0.149353,,,,,,,,,,,,
73783,,,,-1.113600,-0.938908,-1.286853,0.342935,2.020628,,,,,,,,,,,,,,,,,,,,
73785,,,,,,,,,,,14.875653,25.920017,19.415733,29.751232,-0.007041,0.048415,0.055061,-0.062923,0.105627,,,,,,,,,
73787,,,,,,,,,,,,,,,,,,,,,,,-0.653127,0.046726,0.893833,-21.700001,195.089996,114.589996
73792,,,,,,,,,,,,,,,,,,,,,,,-0.028243,0.020435,1.176080,-19.809999,-12.320000,112.209999
73795,,,,,,,,,,,,,18.518496,28.851358,0.031990,0.087934,,,,,,,,,,,,
73797,,,,,,,,,,,,,,,,,,,,,,,-0.028243,0.020435,1.176080,-16.520000,-44.099998,111.160004
73804,,,,,,,,,,,,,,,,,,,,,,,-0.154391,0.099918,0.798429,-16.520000,-47.459999,116.620003
73805,,,,,,,,,,,,,17.775429,28.114975,0.064376,0.120377,,,,,,,,,,,,
73814,,,,,,,,,,,,,,,,,,,,,,,-0.154391,0.099918,0.798429,-22.750000,21.840000,125.510002
73815,,,,,,,,,,,,,17.691267,28.031973,0.066764,0.123074,,,,,,,,,,,,
73824,,,,-1.108964,-0.951876,-1.162840,0.295718,2.333699,,,,,,,,,,,,,,,,,,,,
73826,,,,,,,,,,,11.152236,23.930309,16.907875,27.630987,-0.071022,0.048234,0.043062,-0.066322,0.128375,,,,,,,,,
73827,,,,,,,,,,,,,,,,,,,,,,,-0.428342,0.096319,1.164856,-7.420000,-1.680000,128.660004
73834,,,,,,,,,,,,,,,,,,,,,,,-0.428342,0.096319,1.164856,-13.230000,-17.360001,129.639999
73835,,,,,,,,,,,,,15.424004,26.841867,-0.005373,0.082816,,,,,,,,,,,,
73844,,,,,,,,,,,,,,,,,,,,,,,-0.157746,0.052155,0.886818,-12.530000,-2.520000,163.169998
73845,,,,,,,,,,,,,13.526413,25.876692,0.080172,0.125946,,,,,,,,,,,,
73865,,,,,,,,,,,,,13.082023,26.024895,0.099497,0.118088,,,,,,,,,,,,
73867,,,,,,,,,,,,,,,,,,,,,,,-0.157746,0.052155,0.886818,-28.139999,58.029999,205.169998
73872,,,,,,,,,,,,,,,,,,,,,,,-0.517463,0.053619,1.067012,-24.850000,-61.250000,202.649994
73874,,,,-1.103474,-0.962583,-1.026507,0.256881,2.617610,,,,,,,,,,,,,,,,,,,,
73876,,,,,,,,,,,8.122040,22.310040,11.959543,26.182835,0.009931,0.034423,0.030014,-0.069386,0.137960,,,,,,,,,
73880,,,,,,,,,,,,,,,,,,,,,,,-0.112057,0.124379,0.903410,-16.100000,-89.809998,177.800003
73885,,,,,,,,,,,,,10.653753,25.576206,0.068453,0.060531,,,,,,,-0.112057,0.124379,0.903410,-22.469999,-91.839996,177.589996
73894,,,,,,,,,,,,,,,,,,,,,,,-0.112057,0.124379,0.903410,-10.920000,-96.739998,177.729996
73895,,,,,,,,,,,,,10.065935,24.274487,0.094383,0.119160,,,,,,,,,,,,
73904,,,,,,,,,,,,,,,,,,,,,,,-0.141215,0.018849,1.120326,-2.660000,-53.830002,133.279999
73905,,,,,,,,,,,,,10.108680,24.249357,0.091399,0.119310,,,,,,,,,,,,
73910,,,,,,,,,,,,,,,,,,,,-1.072910,-0.938970,-1.143635,,,,,,
73914,,,,,,,,,,,,,,,,,,,,,,,-0.141215,0.099003,0.956541,-4.900000,-45.430000,135.380005
73915,,,,,,,,,,,,,10.154074,24.250214,0.088270,0.118270,,,,,,,,,,,,
73917,,,,,,,,,,,,,,,,,,,,-1.072238,-0.940299,-1.123708,,,,,,
73925,,,,-1.097319,-0.971310,-0.883471,0.226082,2.816748,,,,,,,,,,,,-1.071075,-0.941665,-1.097389,,,,,,
73927,,,,,,,,,,,5.014038,21.249994,9.473763,23.659573,-0.025457,0.095415,0.017183,-0.036265,0.239467,,,,,,,,,
73928,,,,,,,,,,,,,,,,,,,,,,,-0.201300,0.099003,0.956541,-6.860000,-58.450001,131.880005
73941,,,,,,,,,,,,,8.367284,23.075644,0.023556,0.121252,,,,,,,,,,,,
73940,,,,,,,,,,,,,,,,,,,,-1.071049,-0.942413,-1.104153,,,,,,
73944,,,,,,,,,,,,,,,,,,,,,,,0.025193,-0.009089,1.066524,-4.550000,-100.519997,135.240005
73949,,,,,,,,,,,,,,,,,,,,,,,0.025193,-0.009089,1.066524,-4.200000,-45.150002,146.440002
73948,,,,,,,,,,,,,,,,,,,,-1.070105,-0.943650,-1.084678,,,,,,
73954,,,,,,,,,,,,,,,,,,,,,,,-0.187697,0.100101,1.034926,-8.820000,13.440000,183.399994
73955,,,,,,,,,,,,,7.800714,22.457771,0.048101,0.148964,,,,,,,,,,,,
73956,,,,,,,,,,,,,,,,,,,,-1.068812,-0.945482,-1.049338,,,,,,
73964,,,,,,,,,,,,,,,,,,,,,,,-0.187697,0.100101,1.034926,-13.790000,31.500000,203.559998
73965,,,,,,,,,,,,,7.110964,22.180634,0.078651,0.161194,,,,,,,,,,,,
73971,,,,,,,,,,,,,,,,,,,,-1.067213,-0.947387,-1.011162,,,,,,
73975,,,,-1.090682,-0.978325,-0.741320,0.202531,2.878660,,,,,,,,,,,,,,,,,,,,
73977,,,,,,,,,,,3.393911,19.967020,5.983164,21.990124,0.054612,0.109951,0.013359,-0.036290,0.266856,,,,,,,,,
73978,,,,,,,,,,,,,,,,,,,,,,,-0.021167,0.019642,0.955870,-4.970000,11.830000,221.550003
73979,,,,,,,,,,,,,,,,,,,,-1.066256,-0.949094,-0.982689,,,,,,
73984,,,,,,,,,,,,,,,,,,,,,,,-0.021167,0.019642,0.955870,-7.140000,-6.300000,244.649994
73985,,,,,,,,,,,,,5.683349,22.397182,0.067194,0.090009,,,,,,,,,,,,
73987,,,,,,,,,,,,,,,,,,,,-1.064889,-0.950950,-0.951013,,,,,,
74001,,,,,,,,,,,,,4.781969,21.918222,0.107858,0.110990,,,,,,,,,,,,
73995,,,,,,,,,,,,,,,,,,,,-1.063362,-0.952396,-0.910634,,,,,,
74003,,,,,,,,,,,,,,,,,,,,,,,0.004880,0.091805,1.029192,-12.670000,-19.670000,241.149994
74008,,,,,,,,,,,,,,,,,,,,,,,-0.028914,0.066063,1.054202,-7.210000,-28.000000,235.619995
74009,,,,,,,,,,,,,,,,,,,,-1.061970,-0.953620,-0.870539,,,,,,
74014,,,,,,,,,,,,,,,,,,,,,,,-0.028914,0.066063,1.054202,-9.800000,-30.100000,225.539993
74015,,,,,,,,,,,,,,,0.124207,0.126212,,,,,,,,,,,,
74016,,,,,,,,,,,,,4.414378,21.568628,,,,,,,,,,,,,,
74017,,,,,,,,,,,,,,,,,,,,-1.060621,-0.954947,-0.836871,,,,,,
74025,,,,-1.083727,-0.983884,-0.607625,0.185008,2.781425,,,,,,,,,,,,-1.059401,-0.955982,-0.806629,,,,,,
74027,,,,,,,,,,,2.945852,18.593317,4.654909,21.910446,0.091780,0.045874,0.005930,-0.036463,0.229523,,,,,,,,,
74028,,,,,,,,,,,,,,,,,,,,,,,-0.028914,0.066063,1.054202,-8.890000,-14.490000,189.490005
74040,,,,,,,,,,,,,4.792463,21.500828,0.084519,0.063165,,,,,,,,,,,,
74039,,,,,,,,,,,,,,,,,,,,-1.057844,-0.957119,-0.782633,,,,,,
74042,,,,,,,,,,,,,,,,,,,,,,,0.053741,0.050935,1.024678,-4.620000,-2.660000,139.789993
74045,,,,,,,,,,,,,4.980069,19.986176,0.074865,0.131924,,,,,,,,,,,,
74047,,,,,,,,,,,,,,,,,,,,-1.056181,-0.958437,-0.758641,0.020008,0.011468,0.975146,-0.140000,11.270000,139.789993
74054,,,,,,,,,,,,,,,,,,,,,,,0.020008,0.011468,0.975146,2.240000,4.410000,124.389999
74055,,,,,,,,,,,,,4.738004,19.555241,0.085045,0.151195,,,,,,,,,,,,
74062,,,,,,,,,,,,,,,,,,,,-1.054577,-0.959735,-0.737774,,,,,,
74064,,,,,,,,,,,,,,,,,,,,,,,0.020008,0.011468,1.038586,-1.260000,7.840000,123.269997
74065,,,,,,,,,,,,,5.083210,19.743736,0.068109,0.141956,,,,,,,,,,,,
74070,,,,,,,,,,,,,,,,,,,,-1.052564,-0.961506,-0.706017,,,,,,
74075,,,,-1.076607,-0.988221,-0.487974,0.172019,2.547434,,,,,,,,,,,,,,,,,,,,
74077,,,,,,,,,,,2.904131,17.176353,5.232938,19.958118,0.058161,0.065733,-0.001005,-0.035848,0.216998,,,,,,,,,
74078,,,,,,,,,,,,,,,,,,,,-1.050687,-0.963021,-0.679635,-0.006344,0.054168,1.038586,-1.470000,4.060000,125.440002
74084,,,,,,,,,,,,,,,,,,,,,,,0.060573,0.037759,1.050298,-0.840000,-24.010000,149.309998
74085,,,,,,,,,,,,,5.045219,19.361662,0.065666,0.091958,,,,-1.048984,-0.964119,-0.653334,,,,,,
74101,,,,,,,,,,,,,4.946010,19.094751,0.069164,0.103210,,,,,,,,,,,,
74100,,,,,,,,,,,,,,,,,,,,-1.047047,-0.965054,-0.627158,,,,,,
74104,,,,,,,,,,,,,,,,,,,,,,,0.060573,0.037759,1.050298,-0.490000,0.210000,154.699997
74109,,,,,,,,,,,,,,,,,,,,,,,-0.043920,0.037820,0.964410,-0.210000,19.530001,156.309998
74108,,,,,,,,,,,,,,,,,,,,-1.045012,-0.966221,-0.600826,,,,,,
74114,,,,,,,,,,,,,,,,,,,,,,,-0.043920,0.037820,0.964410,-2.660000,18.760000,157.289993
74115,,,,,,,,,,,,,,,0.069213,0.119194,,,,,,,,,,,,
74116,,,,,,,,,,,,,4.922266,18.728752,,,,,,-1.042940,-0.967402,-0.574834,,,,,,
74125,,,,-1.069456,-0.991548,-0.385119,0.162044,2.229601,,,,,,,,,,,,,,,,,,,,
74127,,,,,,,,,,,3.306162,15.713869,5.092097,19.085131,0.079047,0.034251,-0.009023,-0.034595,0.189289,,,,,,,,,
74128,,,,,,,,,,,,,,,,,,,,,,,-0.023485,0.056120,1.052799,-0.630000,3.220000,144.619995
74131,,,,,,,,,,,,,,,,,,,,-1.040911,-0.968313,-0.545986,,,,,,
74134,,,,,,,,,,,,,,,,,,,,,,,-0.023485,0.056120,1.052799,3.570000,-4.410000,142.800003
74135,,,,,,,,,,,,,5.580096,19.297241,0.055529,0.022695,,,,,,,,,,,,
74138,,,,,,,,,,,,,,,,,,,,-1.039009,-0.969319,-0.525646,,,,,,
74144,,,,,,,,,,,,,,,,,,,,,,,-0.017629,0.030622,1.007110,2.730000,-2.590000,143.360001
74145,,,,,,,,,,,,,5.243861,17.883003,0.069932,0.086350,,,,,,,,,,,,
74146,,,,,,,,,,,,,,,,,,,,-1.037073,-0.970219,-0.499952,,,,,,
74160,,,,,,,,,,,,,5.179849,17.349752,0.071901,0.109931,,,,,,,,,,,,
74162,,,,,,,,,,,,,,,,,,,,,,,-0.017629,0.030622,1.007110,-7.420000,9.660000,87.360001
74161,,,,,,,,,,,,,,,,,,,,-1.035111,-0.970901,-0.474203,,,,,,
74165,,,,,,,,,,,,,,,0.064826,0.059892,,,,,,,,,,,,
74166,,,,,,,,,,,,,5.311823,18.412075,,,,,,,,,,,,,,
74168,,,,,,,,,,,,,,,,,,,,,,,-0.121207,0.029524,1.022116,1.960000,21.280001,87.080002
74169,,,,,,,,,,,,,,,,,,,,-1.033396,-0.971792,-0.459851,,,,,,
74175,,,,-1.062393,-0.994056,-0.299348,0.153763,1.883997,,,,,,,,,,,,,,,,,,,,
74177,,,,,,,,,,,3.859853,14.279634,4.945283,17.871498,0.106491,0.017374,-0.016082,-0.032728,0.159350,,,,,,,,,
74178,,,,,,,,,,,,,,,,,,,,,,,-0.121207,0.029524,1.022116,-9.170000,19.459999,89.040001
74176,,,,,,,,,,,,,,,,,,,,-1.031576,-0.972256,-0.445408,,,,,,
74184,,,,,,,,,,,,,,,,,,,,,,,-0.040138,0.059536,1.025227,1.470000,10.150000,93.730003
74185,,,,,,,,,,,,,5.460431,16.336548,0.082113,0.086511,,,,,,,,,,,,
74191,,,,,,,,,,,,,,,,,,,,-1.029570,-0.973028,-0.428325,,,,,,
74195,,,,,,,,,,,,,5.690287,15.389391,0.070664,0.129254,,,,,,,-0.040138,0.059536,1.025227,1.260000,3.920000,88.970001
74199,,,,,,,,,,,,,,,,,,,,-1.027870,-0.973709,-0.411344,,,,,,
74204,,,,,,,,,,,,,,,,,,,,,,,-0.008540,-0.005734,1.017907,-5.110000,-9.520000,53.130001
74205,,,,,,,,,,,,,6.432786,15.690265,0.035392,0.114772,,,,,,,,,,,,
74207,,,,,,,,,,,,,,,,,,,,-1.026229,-0.974148,-0.397338,,,,,,
74221,,,,,,,,,,,,,6.098930,15.947325,0.049511,0.102163,,,,,,,,,,,,
74215,,,,,,,,,,,,,,,,,,,,-1.024795,-0.974768,-0.388862,,,,,,
74225,,,,-1.055518,-0.995911,-0.229408,0.146184,1.551269,,,,,,,,,,,,,,,,,,,,
74227,,,,,,,,,,,4.285699,12.962793,6.122438,15.399675,0.067021,0.065810,-0.020488,-0.031101,0.157222,,,,,,,,,
74228,,,,,,,,,,,,,,,,,,,,,,,-0.008540,-0.005734,1.017907,-6.020000,-34.720001,81.059998
74230,,,,,,,,,,,,,,,,,,,,-1.023258,-0.975050,-0.380394,,,,,,
74233,,,,,,,,,,,,,,,,,,,,,,,-0.059719,0.068930,1.029192,-3.290000,-17.290001,88.269997
74235,,,,,,,,,,,,,5.797225,15.540507,0.081109,0.058054,,,,,,,,,,,,
74238,,,,,,,,,,,,,,,,,,,,-1.021753,-0.975315,-0.369224,0.015006,-0.016470,1.046882,-1.680000,0.210000,89.669998
74244,,,,,,,,,,,,,,,,,,,,,,,0.015006,-0.016470,1.046882,-0.770000,15.190000,95.269997
74245,,,,,,,,,,,,,5.974327,14.720595,0.072150,0.094623,,,,,,,,,,,,
74246,,,,,,,,,,,,,,,,,,,,-1.020043,-0.975720,-0.346734,,,,,,
74260,,,,,,,,,,,,,6.183923,14.700158,0.061600,0.094668,,,,,,,,,,,,
74262,,,,,,,,,,,,,,,,,,,,,,,-0.070150,0.043798,0.977342,-7.770000,23.309999,91.910004
74261,,,,,,,,,,,,,,,,,,,,-1.018164,-0.976215,-0.332532,,,,,,
74265,,,,,,,,,,,,,6.148211,14.258830,0.062278,0.114173,,,,,,,,,,,,
74268,,,,,,,,,,,,,,,,,,,,,,,-0.070150,0.043798,0.977342,-5.810000,6.440000,75.669998
74269,,,,,,,,,,,,,,,,,,,,-1.016410,-0.976508,-0.315396,,,,,,
74275,,,,-1.048916,-0.997253,-0.173330,0.138652,1.253121,,,,,,,,,,,,,,,,,,,,
74277,,,,,,,,,,,4.680081,11.716088,6.106980,14.799006,0.081519,0.031073,-0.024490,-0.029680,0.141378,-1.014610,-0.976828,-0.301587,,,,,,
74278,,,,,,,,,,,,,,,,,,,,,,,-0.010248,0.019276,1.052067,-4.410000,2.170000,68.809998
74284,,,,,,,,,,,,,,,,,,,,,,,-0.010248,0.019276,1.052067,-4.340000,-21.490000,94.290001
74285,,,,,,,,,,,,,5.801358,13.777773,0.094899,0.076644,,,,,,,,,,,,
74294,,,,,,,,,,,,,,,,,,,,,,,-0.004270,0.017446,1.022238,-3.150000,-23.870001,95.760002
74292,,,,,,,,,,,,,,,,,,,,-1.012849,-0.977168,-0.284227,,,,,,
74295,,,,,,,,,,,,,5.978467,13.238425,0.086149,0.100489,,,,,,,,,,,,
74300,,,,,,,,,,,,,,,,,,,,-1.011253,-0.977520,-0.267632,,,,,,
74304,,,,,,,,,,,,,,,,,,,,,,,-0.004270,0.017446,1.022238,-4.760000,-13.650000,60.130001
74305,,,,,,,,,,,,,6.127266,13.332779,0.078616,0.095355,,,,,,,,,,,,
74308,,,,,,,,,,,,,,,,,,,,-1.009691,-0.977619,-0.253505,,,,,,
74321,,,,,,,,,,,,,6.214149,13.688422,0.073865,0.078109,,,,,,,,,,,,
74315,,,,,,,,,,,,,,,,,,,,-1.008102,-0.978018,-0.242596,,,,,,
74325,,,,-1.042654,-0.998203,-0.128992,0.130801,0.997163,,,,,,,,,,,,,,,,,,,,
74327,,,,,,,,,,,4.981289,10.538912,7.071058,13.359911,0.047543,0.038080,-0.028684,-0.027813,0.113512,,,,,,,,,
74328,,,,,,,,,,,,,,,,,,,,,,,-0.036478,0.017019,1.013515,-1.540000,10.850000,34.930000
74333,,,,,,,,,,,,,,,,,,,,,,,0.029524,0.013969,1.045479,-5.740000,-9.310000,58.590000
74331,,,,,,,,,,,,,,,,,,,,-1.006410,-0.978209,-0.234108,,,,,,
74335,,,,,,,,,,,,,7.232072,12.523512,0.039052,0.075207,,,,,,,,,,,,
74338,,,,,,,,,,,,,,,,,,,,,,,0.029524,0.013969,1.045479,-4.060000,-6.370000,57.959999
74339,,,,,,,,,,,,,,,,,,,,-1.004616,-0.978518,-0.225797,,,,,,
74344,,,,,,,,,,,,,,,,,,,,,,,0.029524,0.013969,1.045479,-3.990000,-4.690000,57.330002
74345,,,,,,,,,,,,,6.634055,11.635262,0.065478,0.115151,,,,,,,,,,,,
74347,,,,,,,,,,,,,,,,,,,,-1.003036,-0.978662,-0.215087,,,,,,
74354,,,,,,,,,,,,,,,,,,,,,,,-0.044713,0.005673,0.988749,-3.990000,4.550000,46.689999
74355,,,,,,,,,,,,,6.678325,12.530989,0.062594,0.073289,,,,,,,,,,,,
74356,,,,,,,,,,,,,,,,,,,,-1.001472,-0.978827,-0.201160,,,,,,
74364,,,,,,,,,,,,,,,,,,,,,,,-0.044713,0.005673,0.988749,-1.540000,6.930000,46.270000
74365,,,,,,,,,,,,,6.166697,12.733791,0.085319,0.062921,,,,,,,,,,,,
74391,,,,,,,,,,,,,6.454007,12.190452,0.071466,0.086855,,,,,,,,,,,,
74394,,,,-1.036785,-0.998858,-0.094395,0.122479,0.783025,,,,,,,,,,,,,,,,,,,,
74396,,,,,,,,,,,5.071232,9.472273,,,,,-0.030726,-0.026584,0.105520,,,,,,,,,
74388,,,,,,,,,,,,,,,,,,,,-0.996707,-0.979347,-0.175962,,,,,,
74397,,,,,,,,,,,,,7.547598,12.374242,0.024495,0.028424,,,,,,,,,,,,
74398,,,,,,,,,,,,,,,,,,,,,,,-0.060573,0.007381,1.032608,-2.310000,0.770000,46.970001
74403,,,,,,,,,,,,,,,,,,,,-0.995159,-0.979460,-0.164802,-0.031354,0.002989,1.024800,-1.540000,-12.530000,41.230000
74405,,,,,,,,,,,,,,,0.078400,0.060690,,,,,,,,,,,,
74406,,,,,,,,,,,,,6.350548,11.642014,,,,,,,,,,,,,,
74408,,,,,,,,,,,,,,,,,,,,,,,-0.016958,0.009577,1.032974,-2.730000,-10.080000,40.529999
74411,,,,,,,,,,,,,,,,,,,,-0.993766,-0.979584,-0.156377,,,,,,
74414,,,,,,,,,,,,,,,,,,,,,,,-0.016958,0.009577,1.032974,-1.610000,-1.750000,40.110001
74415,,,,,,,,,,,,,,,0.073553,0.094066,,,,,,,,,,,,
74416,,,,,,,,,,,,,6.441552,10.893790,,,,,,,,,,,,,,
74419,,,,,,,,,,,,,,,,,,,,-0.992461,-0.979723,-0.148211,-0.016958,0.009577,1.032974,-2.800000,4.620000,36.259998
74425,,,,-1.031348,-0.999297,-0.067766,0.113677,0.606775,,,,,,,,,,,,,,,,,,,,
74426,,,,,,,,,,,5.078458,8.447136,,,,,-0.035410,-0.025066,0.081124,,,,,,,,,
74427,,,,,,,,,,,,,6.866635,11.094986,0.053653,0.036907,,,,-0.991203,-0.979835,-0.145139,,,,,,
74428,,,,,,,,,,,,,,,,,,,,,,,-0.079361,-0.013420,0.993080,-3.780000,11.060000,26.250000
74441,,,,,,,,,,,,,6.940642,10.886062,0.049333,0.045180,,,,-0.989660,-0.980119,-0.140174,,,,,,
74444,,,,,,,,,,,,,,,,,,,,,,,-0.079361,-0.013420,0.993080,2.030000,13.860000,18.340000
74449,,,,,,,,,,,,,,,,,,,,-0.988168,-0.980249,-0.132226,-0.024400,0.021411,1.023214,-2.310000,1.120000,8.610000
74454,,,,,,,,,,,,,,,,,,,,,,,-0.024400,0.021411,1.023214,-3.010000,-1.680000,5.880000
74455,,,,,,,,,,,,,6.217277,10.291794,0.081699,0.071306,,,,,,,,,,,,
74456,,,,,,,,,,,,,,,,,,,,-0.987065,-0.980209,-0.132081,,,,,,
74464,,,,,,,,,,,,,,,,,,,,,,,-0.035746,-0.014518,1.024495,-3.990000,-3.010000,3.010000
74465,,,,,,,,,,,,,6.330748,9.209280,0.075893,0.120221,,,,,,,,,,,,
74471,,,,,,,,,,,,,,,,,,,,-0.985901,-0.980261,-0.132009,,,,,,
74475,,,,-1.026368,-0.999583,-0.047588,0.104476,0.463413,,,,,,,,,,,,,,,,,,,,
74477,,,,,,,,,,,4.899497,7.526270,6.762848,9.663565,0.047117,0.056506,-0.037576,-0.024410,0.083472,,,,,,,,,
74478,,,,,,,,,,,,,,,,,,,,,,,-0.035746,-0.014518,1.024495,-3.640000,-1.260000,0.980000
74479,,,,,,,,,,,,,,,,,,,,-0.984753,-0.980367,-0.132053,,,,,,
74484,,,,,,,,,,,,,,,,,,,,,,,-0.063013,-0.009150,1.032120,-2.450000,-5.670000,0.560000
74485,,,,,,,,,,,,,6.971990,9.412653,0.036537,0.066972,,,,,,,,,,,,
74488,,,,,,,,,,,,,,,,,,,,-0.983683,-0.980483,-0.129450,,,,,,
74500,,,,,,,,,,,,,6.610855,8.664429,0.052112,0.100469,,,,,,,,,,,,
74496,,,,,,,,,,,,,,,,,,,,-0.982845,-0.980442,-0.126611,,,,,,
74503,,,,,,,,,,,,,,,,,,,,,,,-0.063013,-0.009150,1.032120,-2.100000,-1.960000,34.369999
74505,,,,,,,,,,,,,6.596642,8.324519,0.051895,0.115543,,,,,,,,,,,,
74508,,,,,,,,,,,,,,,,,,,,,,,0.012810,-0.000732,1.036451,-3.010000,10.290000,32.830002
74510,,,,,,,,,,,,,,,,,,,,-0.981684,-0.980508,-0.118418,,,,,,
74514,,,,,,,,,,,,,,,,,,,,,,,0.012810,-0.000732,1.036451,-4.270000,16.309999,31.219999
74515,,,,,,,,,,,,,6.099460,9.200431,0.073927,0.074798,,,,,,,,,,,,
74518,,,,,,,,,,,,,,,,,,,,-0.980455,-0.980630,-0.112782,,,,,,
74525,,,,-1.021862,-0.999763,-0.032571,0.095001,0.348028,,,,,,,,,,,,,,,,,,,,
74527,,,,,,,,,,,4.649906,6.650320,5.605107,9.160308,0.084606,0.035500,-0.039093,-0.023606,0.079197,,,,,,,,,
74528,,,,,,,,,,,,,,,,,,,,,,,-0.040870,-0.006100,0.976366,-2.590000,14.280000,36.680000
74526,,,,,,,,,,,,,,,,,,,,-0.979212,-0.980721,-0.107296,,,,,,
74541,,,,,,,,,,,,,6.248011,8.473419,0.054524,0.065843,,,,,,,,,,,,
74540,,,,,,,,,,,,,,,,,,,,-0.977871,-0.980727,-0.096190,,,,,,
74544,,,,,,,,,,,,,,,,,,,,,,,-0.040870,-0.006100,0.976366,-3.220000,-4.200000,58.869999
74549,,,,,,,,,,,,,,,,,,,,,,,0.027877,-0.002928,1.045296,-2.870000,-8.680000,44.869999
74548,,,,,,,,,,,,,,,,,,,,-0.976585,-0.980797,-0.085075,,,,,,
74554,,,,,,,,,,,,,,,,,,,,,,,0.027877,-0.032208,1.039074,-3.290000,-2.660000,24.780001
74555,,,,,,,,,,,,,6.031234,8.290771,0.063690,0.073324,,,,,,,,,,,,
74556,,,,,,,,,,,,,,,,,,,,-0.975435,-0.980719,-0.079574,,,,,,
74564,,,,,,,,,,,,,,,,,,,,,,,-0.041541,-0.032208,1.039074,10.430000,2.450000,20.580000
74565,,,,,,,,,,,,,5.621849,8.617363,0.081833,0.057454,,,,,,,,,,,,
74571,,,,,,,,,,,,,,,,,,,,-0.974327,-0.980812,-0.076605,,,,,,
74575,,,,-1.017834,-0.999871,-0.021634,0.085397,0.256231,,,,,,,,,,,,,,,,,,,,
74576,,,,,,,,,,,4.368909,5.801689,,,,,,,,,,,,,,,,
74577,,,,,,,,,,,,,5.693931,9.178064,0.065118,-0.008338,-0.041903,-0.022317,0.055460,,,,,,,,,
74578,,,,,,,,,,,,,,,,,,,,,,,-0.058804,0.032757,0.998082,-1.260000,0.770000,27.930000
74579,,,,,,,,,,,,,,,,,,,,-0.973287,-0.980801,-0.071320,,,,,,
74584,,,,,,,,,,,,,,,,,,,,,,,-0.058804,0.032757,0.998082,-2.730000,1.260000,30.030001
74585,,,,,,,,,,,,,5.430759,8.362309,0.076553,0.027478,,,,,,,,,,,,
74588,,,,,,,,,,,,,,,,,,,,-0.972327,-0.980790,-0.065632,,,,,,
74600,,,,,,,,,,,,,5.305011,7.403831,0.081799,0.070274,,,,,,,,,,,,
74595,,,,,,,,,,,,,,,,,,,,-0.971472,-0.980874,-0.062905,,,,,,
74602,,,,,,,,,,,,,,,,,,,,,,,-0.026596,-0.029280,1.045235,-0.770000,-10.220000,0.070000
74605,,,,,,,,,,,,,5.539170,6.229582,0.070549,0.123485,,,,,,,,,,,,
74607,,,,,,,,,,,,,,,,,,,,,,,-0.026596,-0.029280,1.045235,-5.740000,-3.150000,-6.160000
74610,,,,,,,,,,,,,,,,,,,,-0.970524,-0.980882,-0.065709,,,,,,
74614,,,,,,,,,,,,,,,,,,,,,,,-0.110715,-0.024400,1.009550,-5.040000,10.850000,-34.580002
74615,,,,,,,,,,,,,,,0.060050,0.093239,,,,,,,,,,,,
74616,,,,,,,,,,,,,5.754447,6.882254,,,,,,,,,,,,,,
74618,,,,,,,,,,,,,,,,,,,,-0.969705,-0.980893,-0.068534,,,,,,
74625,,,,-1.014280,-0.999934,-0.013873,0.075810,0.184225,,,,,,,,,,,,-0.969024,-0.980966,-0.073989,,,,,,
74627,,,,,,,,,,,3.988565,5.037554,5.315348,6.737841,0.062033,0.064157,-0.043226,-0.022016,0.054452,,,,,,,,,
74628,,,,,,,,,,,,,,,,,,,,,,,-0.110715,-0.024400,1.009550,-4.830000,-0.840000,-39.130001
74634,,,,,,,,,,,,,,,,,,,,,,,0.048556,0.021045,1.041270,1.610000,-30.799999,13.930000
74635,,,,,,,,,,,,,5.778819,6.975704,0.040029,0.052345,,,,,,,,,,,,
74640,,,,,,,,,,,,,,,,,,,,-0.968412,-0.980989,-0.076803,,,,,,
74644,,,,,,,,,,,,,,,,,,,,,,,0.048556,0.021045,1.041270,0.770000,-4.620000,16.520000
74645,,,,,,,,,,,,,5.410513,6.965789,0.056068,0.051816,,,,,,,,,,,,
74648,,,,,,,,,,,,,,,,,,,,-0.967716,-0.981062,-0.076697,,,,,,
74662,,,,,,,,,,,,,5.206826,6.515434,0.064719,0.071561,,,,,,,,,,,,
74656,,,,,,,,,,,,,,,,,,,,-0.966869,-0.981072,-0.071142,,,,,,
74665,,,,,,,,,,,,,,,,,,,,,,,-0.036234,-0.033245,0.979172,-0.700000,13.160000,25.549999
74670,,,,,,,,,,,,,,,,,,,,,,,-0.041114,-0.002074,1.042490,-1.820000,15.120000,25.059999
74671,,,,,,,,,,,,,,,,,,,,-0.965851,-0.981068,-0.065613,,,,,,
74675,,,,-1.011192,-0.999968,-0.008533,0.066377,0.128744,,,,,,,,,,,,,,,,,,,,
74677,,,,,,,,,,,3.570769,4.328155,4.746071,6.577232,0.066078,0.035322,-0.044115,-0.021787,0.056232,,,,,,,,,
74678,,,,,,,,,,,,,,,,,,,,,,,-0.041114,-0.002074,1.042490,-0.210000,8.050000,12.110000
74681,,,,,,,,,,,,,,,,,,,,-0.964926,-0.981097,-0.060134,,,,,,
74684,,,,,,,,,,,,,,,,,,,,,,,-0.041114,-0.002074,1.042490,-0.210000,-1.890000,24.709999
74685,,,,,,,,,,,,,4.649736,6.190475,0.069914,0.051977,,,,,,,,,,,,
74689,,,,,,,,,,,,,,,,,,,,-0.964121,-0.981166,-0.057205,,,,,,
74694,,,,,,,,,,,,,,,,,,,,,,,-0.015555,-0.005856,1.020713,-0.700000,-7.490000,29.610001
74695,,,,,,,,,,,,,5.010711,5.757876,0.052753,0.070938,,,,,,,,,,,,
74696,,,,,,,,,,,,,,,,,,,,-0.963440,-0.981179,-0.054434,,,,,,
74704,,,,,,,,,,,,,,,,,,,,,,,-0.015555,-0.005856,1.020713,-0.630000,-12.670000,15.610000
74705,,,,,,,,,,,,,4.763786,5.940226,0.063385,0.061820,,,,,,,,,,,,
74722,,,,,,,,,,,,,4.008249,5.660043,0.097548,0.073894,,,,,,,,,,,,
74725,,,,-1.008552,-0.999986,-0.004993,0.057224,0.086950,,,,,,,,,,,,,,,,,,,,
74727,,,,,,,,,,,3.147141,3.661958,4.387532,5.777351,0.060387,0.037180,-0.044177,-0.021209,0.048951,-0.961340,-0.981044,-0.048893,,,,,,
74719,,,,,,,,,,,,,,,,,,,,-0.962037,-0.981154,-0.048991,,,,,,
74729,,,,,,,,,,,,,,,,,,,,,,,-0.019459,-0.015494,1.026569,-0.280000,-4.270000,8.120000
74734,,,,,,,,,,,,,,,,,,,,,,,-0.034526,-0.004453,1.018090,-0.700000,-3.360000,21.070000
74735,,,,,,,,,,,,,,,0.091774,0.046867,,,,,,,,,,,,
74736,,,,,,,,,,,,,3.691669,5.543447,,,,,,-0.960675,-0.980983,-0.043467,,,,,,
74739,,,,,,,,,,,,,,,,,,,,,,,-0.034526,-0.004453,1.018090,-0.980000,1.330000,20.090000
74744,,,,,,,,,,,,,,,,,,,,,,,-0.046055,-0.012627,1.011685,-1.960000,4.200000,18.900000
74745,,,,,,,,,,,,,4.751150,5.212583,0.042750,0.061135,,,,,,,,,,,,
74751,,,,,,,,,,,,,,,,,,,,-0.960036,-0.981007,-0.043303,,,,,,
74754,,,,,,,,,,,,,,,,,,,,,,,-0.046055,-0.012627,1.011685,-0.350000,5.390000,16.030001
74755,,,,,,,,,,,,,3.997617,4.934193,0.076606,0.073156,,,,,,,,,,,,
74760,,,,,,,,,,,,,,,,,,,,-0.959446,-0.980970,-0.040532,,,,,,
74764,,,,,,,,,,,,,,,,,,,,,,,0.004331,-0.014884,1.028643,0.070000,-6.720000,-10.710000
74765,,,,,,,,,,,,,3.912142,5.248724,0.080106,0.058038,,,,,,,,,,,,
74768,,,,,,,,,,,,,,,,,,,,-0.958843,-0.980977,-0.040743,,,,,,
74782,,,,,,,,,,,,,3.966743,5.091343,0.077205,0.064473,,,,,,,,,,,,
74784,,,,-1.006338,-0.999994,-0.002749,0.048460,0.056346,,,,,,,,,,,,,,,,,,,,
74786,,,,,,,,,,,2.718275,3.045856,,,,,-0.046623,-0.020909,0.038178,,,,,,,,,
74776,,,,,,,,,,,,,,,,,,,,-0.958220,-0.980955,-0.040890,,,,,,
74788,,,,,,,,,,,,,,,,,,,,,,,0.004331,-0.014884,1.028643,-0.140000,-4.690000,15.260000
74791,,,,,,,,,,,,,,,,,,,,-0.957559,-0.980937,-0.037973,,,,,,
74794,,,,,,,,,,,,,,,,,,,,,,,0.003172,-0.007930,1.012661,-0.910000,5.180000,6.370000
74795,,,,,,,,,,,,,4.132107,4.681100,0.049447,0.054274,,,,,,,,,,,,
74799,,,,,,,,,,,,,,,,,,,,-0.956800,-0.980881,-0.035041,0.003172,-0.007930,1.028582,0.280000,-4.410000,-10.920000
74804,,,,,,,,,,,,,,,,,,,,,,,0.033977,-0.015433,1.028582,-0.350000,-3.080000,-10.080000
74805,,,,,,,,,,,,,3.476754,5.035331,0.078883,0.037144,,,,,,,,,,,,
74807,,,,,,,,,,,,,,,,,,,,-0.956146,-0.980914,-0.037712,,,,,,
74822,,,,,,,,,,,,,4.240186,4.565438,0.043371,0.057754,,,,,,,,,,,,
74821,,,,,,,,,,,,,,,,,,,,-0.955456,-0.980954,-0.037712,,,,,,
74825,,,,-1.004524,-0.999998,-0.001403,0.040181,0.034715,,,,,,,,,,,,,,,,,,,,
74827,,,,,,,,,,,2.283580,2.491020,3.567692,3.841359,0.053525,0.064754,-0.048335,-0.020865,0.036311,,,,,,,,,
74828,,,,,,,,,,,,,,,,,,,,,,,0.033977,-0.015433,1.028582,0.280000,3.640000,5.320000
74829,,,,,,,,,,,,,,,,,,,,-0.954632,-0.981022,-0.035065,,,,,,
74833,,,,,,,,,,,,,,,,,,,,,,,-0.007686,-0.013176,1.011502,0.140000,3.290000,-5.460000
74835,,,,,,,,,,,,,3.001855,3.903234,0.078914,0.061221,,,,,,,,,,,,
74838,,,,,,,,,,,,,,,,,,,,-0.953902,-0.980988,-0.037762,-0.005673,-0.014945,1.033035,0.770000,-0.070000,-10.150000
74844,,,,,,,,,,,,,,,,,,,,,,,-0.005673,-0.014945,1.033035,0.630000,-0.210000,-9.310000
74845,,,,,,,,,,,,,3.617686,3.830143,0.050207,0.063867,,,,,,,,,,,,
74846,,,,,,,,,,,,,,,,,,,,-0.953179,-0.980973,-0.040532,,,,,,
74854,,,,,,,,,,,,,,,,,,,,,,,-0.005673,-0.014945,1.033035,1.050000,4.480000,-7.210000
74855,,,,,,,,,,,,,4.141127,4.319888,0.025439,0.040647,,,,,,,,,,,,
74861,,,,,,,,,,,,,,,,,,,,-0.952504,-0.981007,-0.043176,,,,,,
74864,,,,,,,,,,,,,,,,,,,,,,,-0.044164,-0.016409,1.020042,2.030000,-1.260000,-3.780000
74865,,,,,,,,,,,,,3.484344,4.182473,0.054722,0.046042,,,,,,,,,,,,
74870,,,,,,,,,,,,,,,,,,,,-0.951847,-0.981068,-0.043176,,,,,,
74884,,,,-1.003080,-0.999999,-0.000653,0.032475,0.020088,,,,,,,,,,,,,,,,,,,,
74886,,,,,,,,,,,1.859390,1.992794,3.726023,4.048663,0.023454,0.028397,-0.050357,-0.021070,0.041492,,,,,,,,,
74878,,,,,,,,,,,,,,,,,,,,-0.951222,-0.981187,-0.037881,,,,,,
74888,,,,,,,,,,,,,,,,,,,,,,,-0.044164,-0.016409,1.019981,0.980000,-3.640000,20.020000
74887,,,,,,,,,,,,,,,,,,,,-0.950632,-0.981221,-0.035309,,,,,,
74893,,,,,,,,,,,,,,,,,,,,,,,-0.027328,-0.006832,1.022726,1.120000,4.970000,22.330000
74895,,,,,,,,,,,,,3.135075,3.994604,0.049706,0.029841,,,,-0.949964,-0.981190,-0.029665,,,,,,
74898,,,,,,,,,,,,,,,,,,,,,,,-0.060817,-0.011041,1.022726,1.120000,1.260000,20.510000
74904,,,,,,,,,,,,,,,,,,,,,,,-0.060817,-0.011041,1.022726,0.910000,-0.980000,20.160000
74905,,,,,,,,,,,,,2.637852,3.361060,0.071945,0.057986,,,,,,,,,,,,
74909,,,,,,,,,,,,,,,,,,,,-0.949439,-0.981034,-0.029377,,,,,,
74914,,,,,,,,,,,,,,,,,,,,,,,-0.059719,-0.017873,1.026081,-0.840000,-1.120000,22.469999
74915,,,,,,,,,,,,,2.765944,3.374451,0.065654,0.056675,,,,,,,,,,,,
74918,,,,,,,,,,,,,,,,,,,,-0.948903,-0.981008,-0.026552,,,,,,
74925,,,,-1.001970,-1.000000,-0.000267,0.025418,0.010735,,,,,,,,,,,,,,,,,,,,
74927,,,,,,,,,,,1.472342,1.537354,2.800657,3.786047,0.045786,0.016074,-0.052494,-0.020423,0.027093,,,,,,,,,
74928,,,,,,,,,,,,,,,,,,,,,,,-0.059719,-0.017873,1.026081,4.200000,12.880000,6.860000
74926,,,,,,,,,,,,,,,,,,,,-0.948406,-0.981112,-0.023727,,,,,,
74942,,,,,,,,,,,,,,,0.049214,0.026228,,,,,,,,,,,,
74943,,,,,,,,,,,,,2.711525,3.540632,,,,,,,,,,,,,,
74941,,,,,,,,,,,,,,,,,,,,-0.947947,-0.981064,-0.021261,,,,,,
74945,,,,,,,,,,,,,,,,,,,,,,,-0.082045,0.023973,0.999607,-2.730000,9.660000,-8.540000
74950,,,,,,,,,,,,,,,,,,,,,,,-0.082045,-0.055693,1.042795,1.820000,-10.920000,-6.650000
74949,,,,,,,,,,,,,,,,,,,,-0.947584,-0.981068,-0.018605,,,,,,
74955,,,,,,,,,,,,,2.702428,2.979087,0.049004,0.051055,,,,,,,-0.005368,-0.055693,1.042795,3.010000,-13.230000,-6.440000
74957,,,,,,,,,,,,,,,,,,,,-0.947374,-0.981138,-0.021418,,,,,,
74964,,,,,,,,,,,,,,,,,,,,,,,-0.005368,-0.055693,1.042795,0.210000,-7.490000,-7.000000
74965,,,,,,,,,,,,,2.273823,2.506603,0.068105,0.072069,,,,-0.947219,-0.981139,-0.021404,,,,,,
74975,,,,-1.001158,-1.000000,-0.000093,0.019083,0.005170,,,,,,,,,,,,,,,,,,,,
74976,,,,,,,,,,,1.111133,1.141303,,,,,,,,,,,,,,,,
74977,,,,,,,,,,,,,1.913194,2.589295,0.067668,0.049537,-0.053540,-0.020033,0.021620,,,,,,,,,
74978,,,,,,,,,,,,,,,,,,,,,,,-0.051301,0.015250,1.016870,-0.420000,-3.080000,-4.830000
74980,,,,,,,,,,,,,,,,,,,,-0.947051,-0.981112,-0.024126,,,,,,
74984,,,,,,,,,,,,,,,,,,,,,,,-0.051301,0.015250,1.016870,0.560000,4.410000,-4.130000
74985,,,,,,,,,,,,,1.609761,2.817168,0.081228,0.038313,,,,,,,,,,,,
74988,,,,,,,,,,,,,,,,,,,,-0.946847,-0.981104,-0.024126,,,,,,
75003,,,,,,,,,,,,,1.993888,2.690082,0.063294,0.043311,,,,,,,,,,,,
74996,,,,,,,,,,,,,,,,,,,,-0.946619,-0.981090,-0.026848,,,,,,
75005,,,,,,,,,,,,,,,,,,,,,,,-0.048556,-0.024278,1.016199,0.420000,6.160000,7.070000
75010,,,,,,,,,,,,,,,,,,,,,,,-0.027145,0.000366,1.028155,-0.420000,-14.210000,9.450000
75011,,,,,,,,,,,,,,,,,,,,-0.946381,-0.981064,-0.026801,,,,,,
75015,,,,,,,,,,,,,,,,,,,,,,,-0.027145,0.000366,1.028155,1.680000,-25.900000,-10.290000
75016,,,,,,,,,,,,,2.098219,2.263435,0.058043,0.062163,,,,,,,,,,,,
75018,,,,,,,,,,,,,,,,,,,,-0.946250,-0.981106,-0.026801,,,,,,
75025,,,,-1.000602,-1.000000,-0.000025,0.013537,0.002160,,,,,,,,,,,,,,,,,,,,
75026,,,,,,,,,,,0.786598,0.802643,,,,,-0.053911,-0.020309,0.026213,,,,,,,,,
75027,,,,,,,,,,,,,1.765441,2.392790,0.057912,0.040035,,,,-0.946220,-0.981141,-0.029654,,,,,,
75028,,,,,,,,,,,,,,,,,,,,,,,-0.027145,0.000366,1.028155,0.210000,-6.580000,-18.200001
75042,,,,,,,,,,,,,,,0.054182,0.056699,,,,,,,,,,,,
75043,,,,,,,,,,,,,1.835653,2.013293,,,,,,,,,,,,,,
75041,,,,,,,,,,,,,,,,,,,,-0.945936,-0.981122,-0.032321,,,,,,
75045,,,,,,,,,,,,,,,,,,,,,,,0.046543,-0.021228,1.035170,0.630000,13.790000,-13.020000
75050,,,,,,,,,,,,,,,,,,,,,,,-0.020252,-0.004514,1.001742,0.140000,15.820000,-12.040000
75049,,,,,,,,,,,,,,,,,,,,-0.945598,-0.981133,-0.035091,,,,,,
75055,,,,,,,,,,,,,1.544518,1.693984,0.067053,0.070785,,,,,,,-0.020252,-0.004514,1.001742,0.000000,14.490000,-10.920000
75057,,,,,,,,,,,,,,,,,,,,-0.945230,-0.981086,-0.037762,,,,,,
75064,,,,,,,,,,,,,,,,,,,,,,,-0.043249,-0.012566,1.020774,0.140000,13.580000,-8.960000
75065,,,,,,,,,,,,,1.299557,1.425318,0.077946,0.082701,,,,-0.944885,-0.981088,-0.037881,,,,,,
75075,,,,-1.000258,-1.000000,-0.000004,0.008847,0.000735,,,,,,,,,,,,,,,,,,,,
75076,,,,,,,,,,,0.508747,0.519307,,,,,-0.054627,-0.020932,0.036797,,,,,,,,,
75077,,,,,,,,,,,,,1.093447,1.679502,0.074374,0.057622,,,,,,,,,,,,
75078,,,,,,,,,,,,,,,,,,,,,,,-0.043249,-0.012566,1.020774,-0.210000,3.640000,2.170000
75079,,,,,,,,,,,,,,,,,,,,-0.944554,-0.981097,-0.040582,,,,,,
75084,,,,,,,,,,,,,,,,,,,,,,,-0.016287,-0.005185,1.031510,-0.210000,-2.030000,19.670000
75085,,,,,,,,,,,,,0.920027,1.413132,0.082063,0.069300,,,,,,,,,,,,
75087,,,,,,,,,,,,,,,,,,,,-0.944361,-0.981088,-0.037811,,,,,,
75102,,,,,,,,,,,,,1.421836,1.836735,0.058745,0.049338,,,,-0.944260,-0.981072,-0.032147,,,,,,
75104,,,,,,,,,,,,,,,,,,,,,,,-0.016287,-0.005185,1.031510,-0.280000,-15.260000,38.709999
75109,,,,,,,,,,,,,,,,,,,,,,,-0.007320,-0.005429,1.026691,-0.280000,-31.920000,23.100000
75110,,,,,,,,,,,,,,,,,,,,-0.944146,-0.981045,-0.026716,,,,,,
75115,,,,,,,,,,,,,1.613415,1.962512,0.049458,0.042876,,,,,,,-0.007320,-0.005429,1.026691,0.350000,-15.050000,6.930000
75118,,,,,,,,,,,,,,,,,,,,-0.944038,-0.981052,-0.021288,,,,,,
75125,,,,-1.000078,-1.000000,-0.000000,0.005081,0.000181,,,,,,,,,,,,,,,,,,,,
75126,,,,,,,,,,,0.287927,0.289968,,,,,-0.055657,-0.020187,0.022303,-0.943680,-0.981064,-0.021111,,,,,,
75127,,,,,,,,,,,,,1.357527,1.651257,0.050523,0.045929,,,,,,,,,,,,
75128,,,,,,,,,,,,,,,,,,,,,,,0.073383,-0.015555,1.008086,0.280000,14.350000,-2.030000
75134,,,,,,,,,,,,,,,,,,,,,,,0.073383,-0.015555,1.008086,0.490000,22.400000,-4.410000
75135,,,,,,,,,,,,,1.790489,1.389367,0.030045,0.057296,,,,,,,,,,,,
75141,,,,,,,,,,,,,,,,,,,,-0.943153,-0.981104,-0.021177,,,,,,
75144,,,,,,,,,,,,,,,,,,,,,,,-0.026169,-0.009882,1.034804,-0.070000,17.850000,-4.970000
75145,,,,,,,,,,,,,1.506517,1.169014,0.042357,0.066884,,,,,,,,,,,,
75149,,,,,,,,,,,,,,,,,,,,-0.942494,-0.981074,-0.023983,,,,,,
75163,,,,,,,,,,,,,1.267584,1.301701,0.052739,0.060328,,,,,,,,,,,,
75157,,,,,,,,,,,,,,,,,,,,-0.942065,-0.981116,-0.021166,,,,,,
75166,,,,,,,,,,,,,,,,,,,,,,,-0.026169,-0.009882,1.034804,0.630000,12.040000,-6.650000
75171,,,,,,,,,,,,,,,,,,,,-0.941689,-0.981101,-0.023889,-0.044896,-0.011285,1.007659,0.420000,11.620000,-5.950000
75175,,,,-1.000010,-1.000000,-0.000000,0.002305,0.000025,,,,,,,,,,,,,,,,,,,,
75177,,,,,,,,,,,0.122322,0.122864,1.066545,1.849727,0.053868,0.026877,-0.057460,-0.020111,0.021233,,,,,,,,,
75180,,,,,,,,,,,,,,,,,,,,,,,-0.044896,-0.011285,1.029619,0.210000,7.560000,13.440000
75179,,,,,,,,,,,,,,,,,,,,-0.941366,-0.981077,-0.026579,,,,,,
75185,,,,,,,,,,,,,0.897391,1.556360,0.061178,0.039510,,,,,,,-0.046970,-0.003965,1.029619,-0.560000,-13.440000,23.799999
75188,,,,,,,,,,,,,,,,,,,,-0.941138,-0.981060,-0.023842,,,,,,
75194,,,,,,,,,,,,,,,,,,,,,,,-0.046970,-0.003965,1.025166,-0.910000,-14.070000,26.879999
75195,,,,,,,,,,,,,0.755064,1.855484,0.067338,0.025007,,,,,,,,,,,,
75196,,,,,,,,,,,,,,,,,,,,-0.940947,-0.981023,-0.021088,,,,,,
75204,,,,,,,,,,,,,,,,,,,,,,,-0.034770,-0.010065,1.025166,-0.560000,-14.000000,27.440001
75205,,,,,,,,,,,,,1.184855,1.561204,0.047225,0.037679,,,,,,,,,,,,
75222,,,,,,,,,,,,,0.996937,1.313597,0.055339,0.048351,,,,,,,,,,,,
75220,,,,,,,,,,,,,,,,,,,,-0.940699,-0.981010,-0.007237,,,,,,
75225,,,,-1.000000,-1.000000,-0.000000,0.000588,0.000001,,,,,,,,,,,,,,,,,,,,
75227,,,,,,,,,,,0.019661,0.019480,1.897216,1.105260,0.008731,0.052591,-0.059105,-0.019462,0.008151,,,,,,,,,
75229,,,,,,,,,,,,,,,,,,,,,,,-0.048312,-0.005307,1.019127,-0.420000,-15.960000,25.410000
75228,,,,,,,,,,,,,,,,,,,,-0.940594,-0.980996,-0.004642,,,,,,
75234,,,,,,,,,,,,,,,,,,,,,,,-0.061610,-0.022387,1.015711,-1.680000,6.510000,12.250000
75235,,,,,,,,,,,,,1.596317,1.572343,0.021631,0.030536,,,,,,,,,,,,
75239,,,,,,,,,,,,,,,,,,,,,,,-0.061610,-0.022387,1.015711,1.960000,8.960000,2.170000
75244,,,,,,,,,,,,,,,,,,,,,,,-0.061610,-0.022387,1.015711,1.820000,7.420000,-3.850000
75242,,,,,,,,,,,,,,,,,,,,-0.940454,-0.981009,-0.001872,,,,,,
75245,,,,,,,,,,,,,1.343141,1.322969,0.032486,0.041228,,,,,,,,,,,,
75250,,,,,,,,,,,,,,,,,,,,-0.940315,-0.981020,-0.001823,,,,,,
75254,,,,,,,,,,,,,,,,,,,,,,,-0.031598,0.001159,1.029436,0.210000,3.710000,-4.900000
75255,,,,,,,,,,,,,1.130118,1.113146,0.041621,0.050226,,,,,,,,,,,,
