ts,x,y,yaw,x_des,y_des,yaw_des,v_ff,w_ff,v_actual,w_actual,omega_l_cmd,omega_r_cmd,omega_l_meas,omega_r_meas,duty_l,duty_r,x_err,y_err,yaw_err,x_raw,y_raw,yaw_raw,acc_x,acc_y,acc_z,gyro_x,gyro_y,gyro_z
16445,,,,,,,,,,,,,,,,,,,,,,,-0.017751,-0.010065,1.018761,0.070000,-0.420000,-0.210000
16446,,,,,,,,,,,,,0.000000,0.000000,0.000000,0.000000,,,,-0.956588,-1.115059,0.002629,,,,,,
16455,,,,,,,,,,,,,,,,,,,,,,,-0.017751,-0.009272,1.019798,3.010000,0.700000,-0.070000
16456,,,,,,,,,,,,,0.000000,0.000000,0.000000,0.000000,,,,-0.956572,-1.115086,0.002629,,,,,,
16465,,,,,,,,,,,,,,,,,,,,,,,-0.017751,-0.009272,1.019798,2.590000,-1.890000,0.000000
16466,,,,,,,,,,,,,0.000000,0.000000,0.000000,0.000000,,,,,,,,,,,,
16467,,,,,,,,,,,,,,,,,,,,-0.956577,-1.115079,0.002629,,,,,,
16475,,,,,,,,,,,,,,,,,,,,,,,-0.016836,-0.009882,1.018517,-3.780000,-1.050000,-0.420000
16476,,,,,,,,,,,,,0.000000,0.000000,0.000000,0.000000,,,,,,,,,,,,
16478,,,,,,,,,,,,,,,,,,,,-0.956576,-1.115085,0.002629,,,,,,
16485,,,,,,,,,,,,,,,,,,,,-0.956580,-1.115075,0.002629,-0.016836,-0.009882,1.018334,1.190000,0.840000,-0.350000
16486,,,,,,,,,,,,,0.000000,0.000000,0.000000,0.000000,,,,,,,,,,,,
16491,,,,-0.999902,-1.000000,0.003362,0.000744,0.025452,,,-0.983555,-0.851628,,,,,-0.043019,0.115189,0.000733,,,,,,,,,
16496,,,,,,,,,,,,,,,,,,,,,,,-0.016836,-0.009394,1.018334,3.780000,-0.280000,0.000000
16497,,,,,,,,,,,,,0.000000,0.000000,-0.013755,-0.011910,,,,,,,,,,,,
16495,,,,,,,,,,,,,,,,,,,,-0.956582,-1.115066,0.002629,,,,,,
16505,,,,,,,,,,,,,,,,,,,,,,,-0.016775,-0.010248,1.020408,-1.540000,-1.890000,-0.140000
16506,,,,,,,,,,,,,0.000000,0.000000,-0.013755,-0.011910,,,,,,,,,,,,
16508,,,,,,,,,,,,,,,,,,,,-0.956597,-1.115070,0.002629,,,,,,
16515,,,,,,,,,,,,,,,,,,,,,,,-0.016775,-0.010248,1.020408,-3.430000,-0.700000,-0.630000
16526,,,,,,,,,,,,,0.000000,0.000000,-0.013755,-0.011910,,,,-0.956593,-1.115057,0.002629,,,,,,
16516,,,,,,,,,,,,,,,,,,,,-0.956592,-1.115061,0.002629,,,,,,
16531,,,,,,,,,,,,,,,,,,,,,,,-0.017385,-0.009028,1.019249,3.360000,-0.560000,0.000000
16536,,,,,,,,,,,,,,,,,,,,-0.956586,-1.115053,0.002629,-0.017385,-0.009028,1.019249,1.890000,-1.260000,0.000000
16537,,,,,,,,,,,,,0.000000,0.000000,-0.013755,-0.011910,,,,,,,,,,,,
16541,,,,-0.999675,-0.999998,0.011200,0.002912,0.099936,,,-1.039310,-0.519985,,,,,-0.042787,0.115170,0.008571,,,,,,,,,
16546,,,,,,,,,,,,,,,,,,,,-0.956585,-1.115060,0.002629,-0.016958,-0.009455,1.019127,-2.940000,-1.820000,-0.210000
16547,,,,,,,,,,,,,0.000000,0.000000,-0.014534,-0.007272,,,,,,,,,,,,
16555,,,,,,,,,,,,,,,,,,,,,,,-0.016958,-0.009455,1.019127,-2.030000,0.280000,-0.560000
16566,,,,,,,,,,,,,0.000000,0.000000,-0.014534,-0.007272,,,,,,,,,,,,
16557,,,,,,,,,,,,,,,,,,,,-0.956588,-1.115059,0.002629,,,,,,
16565,,,,,,,,,,,,,,,,,,,,-0.956586,-1.115060,0.002629,,,,,,
16571,,,,,,,,,,,,,,,,,,,,,,,-0.017446,-0.008845,1.018944,3.710000,-0.420000,0.000000
16576,,,,,,,,,,,,,,,,,,,,-0.956583,-1.115059,0.002629,-0.017446,-0.008845,1.018944,1.750000,-1.260000,-0.070000
16577,,,,,,,,,,,,,0.000000,0.000000,-0.014534,-0.007272,,,,,,,,,,,,
16585,,,,,,,,,,,,,,,,,,,,,,,-0.016958,-0.009699,1.019798,-3.430000,-1.610000,-0.350000
16586,,,,,,,,,,,,,0.000000,0.000000,-0.014534,-0.007272,,,,-0.956582,-1.115062,0.002629,,,,,,
16591,,,,-0.999244,-0.999990,0.026256,0.006390,0.221293,,,-1.134944,0.020499,,,,,-0.042359,0.115183,0.023627,,,,,,,,,
16596,,,,,,,,,,,,,,,,,,,,-0.956583,-1.115058,0.002629,-0.016958,-0.009699,1.019798,-1.050000,0.560000,-0.280000
16597,,,,,,,,,,,,,0.000000,0.000000,-0.015872,0.000287,,,,,,,,,,,,
16605,,,,,,,,,,,,,,,,,,,,,,,-0.017019,-0.009333,1.019554,3.710000,0.490000,-0.210000
16606,,,,,,,,,,,,,0.000000,0.000000,-0.015872,0.000287,,,,,,,,,,,,
16607,,,,,,,,,,,,,,,,,,,,-0.956574,-1.115067,0.002629,,,,,,
16615,,,,,,,,,,,,,,,,,,,,-0.956572,-1.115082,0.002629,-0.017019,-0.009333,1.019554,1.190000,-1.330000,0.000000
16627,,,,,,,,,,,,,0.000000,0.000000,-0.015872,0.000287,,,,,,,,,,,,
16625,,,,,,,,,,,,,,,,,,,,-0.956567,-1.115090,0.002629,,,,,,
16631,,,,,,,,,,,,,,,,,,,,,,,-0.017568,-0.009272,1.018395,0.070000,-0.560000,-0.210000
16636,,,,,,,,,,,,,0.000000,0.000000,-0.015872,0.000287,,,,-0.956580,-1.115078,0.002629,,,,,,
16637,,,,,,,,,,,,,,,,,,,,,,,-0.017141,-0.008479,1.016931,0.140000,-0.630000,-0.210000
16641,,,,-0.998555,-0.999964,0.050825,0.011034,0.388558,,,-1.280165,0.763817,,,,,-0.041672,0.115222,0.048196,,,,,,,,,
16646,,,,,,,,,,,,,,,,,,,,,,,-0.017141,-0.008479,1.016931,0.000000,-0.420000,-0.210000
16647,,,,,,,,,,,,,0.000000,0.000000,-0.017903,0.010682,,,,-0.956572,-1.115078,0.002629,,,,,,
16655,,,,,,,,,,,,,,,,,,,,,,,-0.017141,-0.008479,1.023214,0.000000,-0.350000,-0.210000
16656,,,,,,,,,,,,,0.000000,0.000000,-0.017903,0.010682,,,,,,,,,,,,
16657,,,,,,,,,,,,,,,,,,,,-0.956582,-1.115064,0.002629,,,,,,
16665,,,,,,,,,,,,,,,,,,,,,,,-0.017873,-0.008967,1.023214,0.140000,-0.490000,-0.140000
16666,,,,,,,,,,,,,0.000000,0.000000,-0.017903,0.010682,,,,,,,,,,,,
16667,,,,,,,,,,,,,,,,,,,,-0.956586,-1.115058,0.005397,,,,,,
16675,,,,,,,,,,,,,,,,,,,,-0.956593,-1.115052,0.002629,-0.016775,-0.010370,1.021323,0.140000,-0.630000,-0.280000
16686,,,,,,,,,,,,,0.000000,0.000000,-0.017903,0.010682,,,,,,,,,,,,
16685,,,,,,,,,,,,,,,,,,,,-0.956594,-1.115054,0.002629,,,,,,
16691,,,,-0.997567,-0.999895,0.087234,0.016664,0.601971,,,-1.493875,1.706013,,,,,-0.040671,0.115268,0.084605,,,,,,,,,
16693,,,,,,,,,,,,,,,,,,,,,,,-0.016775,-0.010370,1.021323,0.070000,-0.420000,-0.210000
16696,,,,,,,,,,,,,0.000000,0.000000,-0.020891,0.023858,,,,-0.956581,-1.115072,0.005397,,,,,,
16698,,,,,,,,,,,,,,,,,,,,,,,-0.017202,-0.008601,1.018151,0.070000,-0.420000,-0.210000
16705,,,,,,,,,,,,,,,,,,,,,,,-0.017202,-0.008601,1.018151,0.070000,-0.490000,-0.280000
16706,,,,,,,,,,,,,0.000000,0.000000,-0.020891,0.023858,,,,-0.956572,-1.115089,0.002629,,,,,,
16715,,,,,,,,,,,,,,,,,,,,,,,-0.015921,-0.008174,1.022238,0.140000,-0.560000,-0.210000
16716,,,,,,,,,,,,,0.000000,0.000000,-0.020891,0.023858,,,,-0.956580,-1.115070,0.002629,,,,,,
16725,,,,,,,,,,,,,,,,,,,,,,,-0.015921,-0.008174,1.022238,0.070000,-0.420000,-0.210000
16726,,,,,,,,,,,,,0.000000,0.000000,-0.020891,0.023858,,,,,,,,,,,,
16728,,,,,,,,,,,,,,,,,,,,-0.956587,-1.115062,0.002641,,,,,,
16735,,,,,,,,,,,,,,,,,,,,,,,-0.016775,-0.008296,1.017236,0.000000,-0.560000,-0.140000
16746,,,,,,,,,,,,,0.000000,0.000000,-0.020891,0.023858,,,,-0.956592,-1.115057,0.002629,,,,,,
16748,,,,-0.996249,-0.999747,0.137814,0.023073,0.862218,,,-1.804083,2.841424,,,,,-0.039357,0.115419,0.135174,,,,,,,,,
16753,,,,,,,,,,,,,,,,,,,,,,,-0.018361,-0.008662,1.020713,0.000000,-0.560000,-0.280000
16756,,,,,,,,,,,,,0.000000,0.000000,-0.025230,0.039737,,,,,,,,,,,,
16758,,,,,,,,,,,,,,,,,,,,,,,-0.018361,-0.008662,1.020713,0.070000,-0.490000,-0.210000
16757,,,,,,,,,,,,,,,,,,,,-0.956577,-1.115071,0.002629,,,,,,
16765,,,,,,,,,,,,,,,,,,,,,,,-0.018361,-0.008662,1.020713,0.000000,-0.490000,-0.280000
16766,,,,,,,,,,,,,0.000000,0.000000,-0.025230,0.039737,,,,,,,,,,,,
16767,,,,,,,,,,,,,,,,,,,,-0.956583,-1.115072,0.002629,,,,,,
16775,,,,,,,,,,,,,,,,,,,,,,,-0.017019,-0.009455,1.020652,0.140000,-0.490000,-0.280000
16776,,,,,,,,,,,,,0.000000,0.000000,-0.025230,0.039737,,,,,,,,,,,,
16777,,,,,,,,,,,,,,,,,,,,-0.956590,-1.115066,0.002629,,,,,,
16785,,,,,,,,,,,,,,,,,,,,,,,-0.017019,-0.009455,1.020652,0.070000,-0.560000,-0.280000
16786,,,,,,,,,,,,,0.000000,0.000000,-0.025230,0.039737,,,,,,,,,,,,
16791,,,,-0.994588,-0.999460,0.204727,0.030059,1.168338,,,-2.240405,4.158512,,,,,-0.037694,0.115705,0.202097,,,,,,,,,
16788,,,,,,,,,,,,,,,,,,,,-0.956590,-1.115062,0.002629,,,,,,
16806,,,,,,,,,,,,,0.000000,0.000000,-0.031331,0.058156,,,,-0.956579,-1.115078,0.002629,-0.016226,-0.009760,1.019981,-0.070000,-0.420000,-0.280000
16795,,,,,,,,,,,,,,,,,,,,-0.956587,-1.115069,0.002629,,,,,,
16812,,,,,,,,,,,,,,,,,,,,,,,-0.016470,-0.008601,1.020225,0.070000,-0.420000,-0.280000
16816,,,,,,,,,,,,,0.000000,0.000000,-0.031331,0.058156,,,,-0.956583,-1.115075,0.002629,,,,,,
16817,,,,,,,,,,,,,,,,,,,,,,,-0.016470,-0.008601,1.020225,0.070000,-0.420000,-0.210000
16825,,,,,,,,,,,,,,,,,,,,,,,-0.016470,-0.008296,1.020286,0.140000,-0.630000,-0.140000
16826,,,,,,,,,,,,,0.000000,0.000000,-0.031331,0.058156,,,,,,,,,,,,
16827,,,,,,,,,,,,,,,,,,,,-0.956586,-1.115065,0.002629,,,,,,
16835,,,,,,,,,,,,,,,,,,,,,,,-0.017568,-0.008296,1.020286,0.140000,-0.420000,-0.350000
16836,,,,,,,,,,,,,0.000000,0.000000,-0.031331,0.058156,,,,,,,,,,,,
16837,,,,,,,,,,,,,,,,,,,,-0.956589,-1.115063,0.002629,,,,,,
16841,,,,-0.992584,-0.998955,0.289525,0.037468,1.513613,,,-2.823949,5.626464,,,,,-0.035690,0.116202,0.286896,,,,,,,,,
16846,,,,,,,,,,,,,,,,,,,,,,,-0.017629,-0.009455,1.019554,0.140000,-0.560000,-0.210000
16847,,,,,,,,,,,,,0.000000,0.000000,-0.039492,0.078685,,,,-0.956593,-1.115059,0.002629,,,,,,
16855,,,,,,,,,,,,,,,,,,,,,,,-0.017629,-0.009455,1.019554,0.070000,-0.560000,-0.350000
16866,,,,,,,,,,,,,0.000000,0.000000,-0.039492,0.078685,,,,,,,,,,,,
16857,,,,,,,,,,,,,,,,,,,,-0.956589,-1.115061,0.002629,,,,,,
16867,,,,,,,,,,,,,,,,,,,,-0.956589,-1.115062,0.002629,,,,,,
16871,,,,,,,,,,,,,,,,,,,,,,,-0.013359,-0.007747,1.019249,-0.210000,-3.220000,7.770000
16876,,,,,,,,,,,,,0.000000,0.000000,-0.039492,0.078685,,,,,,,-0.013359,-0.007747,1.019249,-0.070000,-1.120000,7.210000
16877,,,,,,,,,,,,,,,,,,,,-0.956568,-1.115054,0.005397,,,,,,
16885,,,,,,,,,,,,,,,,,,,,-0.956491,-1.115056,0.008164,0.000793,-0.008723,1.018639,-0.070000,2.310000,6.580000
16886,,,,,,,,,,,,,0.000000,0.000000,-0.039492,0.078685,,,,,,,,,,,,
16891,,,,-0.990259,-0.998130,0.392367,0.045261,1.879184,,,-3.523954,7.190044,,,,,-0.032858,0.117183,0.384668,,,,,,,,,
16896,,,,,,,,,,,,,,,,,,,,,,,0.000793,-0.008723,1.018639,-0.070000,2.170000,2.940000
16897,,,,,,,,,,,,,0.000000,0.000000,-0.049282,0.100551,,,,,,,,,,,,
16895,,,,,,,,,,,,,,,,,,,,-0.956426,-1.115034,0.008164,,,,,,
16905,,,,,,,,,,,,,,,,,,,,,,,-0.020191,-0.012078,1.019493,0.000000,1.960000,-0.070000
16906,,,,,,,,,,,,,0.000000,0.000000,-0.049282,0.100551,,,,-0.956376,-1.115015,0.008164,,,,,,
16915,,,,,,,,,,,,,,,,,,,,,,,-0.020191,-0.012078,1.019493,0.000000,-1.190000,2.170000
16926,,,,,,,,,,,,,0.000000,0.000000,-0.049282,0.100551,,,,,,,,,,,,
16916,,,,,,,,,,,,,,,,,,,,-0.956329,-1.115008,0.008118,,,,,,
16927,,,,,,,,,,,,,,,,,,,,-0.956299,-1.115000,0.008118,,,,,,
16931,,,,,,,,,,,,,,,,,,,,,,,-0.021045,-0.008723,1.021811,-0.070000,-1.540000,6.300000
16936,,,,,,,,,,,,,0.000000,0.537661,-0.049282,0.095183,,,,,,,-0.021045,-0.008723,1.021811,-0.140000,-3.150000,8.960000
16941,,,,-0.987648,-0.996861,0.511023,0.053581,2.227351,,,,,,,,,,,,,,,,,,,,
16942,,,,,,,,,,,-4.321585,8.713091,,,,,-0.030342,0.118407,0.502498,,,,,,,,,
16938,,,,,,,,,,,,,,,,,,,,-0.956275,-1.114988,0.010885,,,,,,
16946,,,,,,,,,,,,,0.000000,0.452388,-0.060436,0.117333,,,,,,,,,,,,
16947,,,,,,,,,,,,,,,,,,,,,,,-0.003599,-0.008113,1.020774,-0.560000,-9.170000,19.459999
16945,,,,,,,,,,,,,,,,,,,,-0.956218,-1.114948,0.010859,,,,,,
16955,,,,,,,,,,,,,,,,,,,,-0.956121,-1.114892,0.016436,-0.003599,-0.008113,1.020774,-0.630000,-4.200000,26.250000
16965,,,,,,,,,,,,,0.000000,0.942719,-0.060436,0.112438,,,,,,,,,,,,
16966,,,,,,,,,,,,,,,,,,,,-0.955926,-1.114843,0.021971,,,,,,
16971,,,,,,,,,,,,,,,,,,,,,,,0.028670,-0.004636,1.024800,-1.960000,-0.560000,40.459999
16976,,,,,,,,,,,,,,,,,,,,-0.955638,-1.114832,0.030303,0.055022,-0.022387,1.017724,-2.520000,-0.980000,43.959999
16977,,,,,,,,,,,,,0.000000,1.286137,-0.060436,0.109009,,,,,,,,,,,,
16985,,,,,,,,,,,,,,,,,,,,,,,0.055022,-0.022387,1.017724,-2.100000,1.540000,45.360001
16986,,,,,,,,,,,,,0.000000,1.664243,-0.060436,0.105233,,,,-0.955288,-1.114818,0.038651,,,,,,
16991,,,,-0.984801,-0.995010,0.640190,0.062795,2.501059,,,-4.910535,10.126997,,,,,-0.024973,0.120844,0.602698,,,,,,,,,
16996,,,,,,,,,,,,,0.000000,1.947519,-0.068673,0.122178,,,,-0.954918,-1.114769,0.044097,,,,,,
16997,,,,,,,,,,,,,,,,,,,,,,,0.016775,-0.001525,1.024617,-2.240000,1.610000,46.689999
17005,,,,,,,,,,,,,,,,,,,,,,,0.016775,-0.001525,1.024617,-4.060000,-4.410000,48.650002
17006,,,,,,,,,,,,,0.000000,2.737176,-0.068673,0.114293,,,,,,,,,,,,
17007,,,,,,,,,,,,,,,,,,,,-0.954545,-1.114600,0.052320,,,,,,
17015,,,,,,,,,,,,,,,,,,,,,,,0.027755,0.005734,1.027667,-4.130000,-7.420000,56.910000
17027,,,,,,,,,,,,,0.000000,3.099602,-0.068673,0.110675,,,,,,,,,,,,
17017,,,,,,,,,,,,,,,,,,,,-0.954076,-1.114460,0.060626,,,,,,
17025,,,,,,,,,,,,,,,,,,,,-0.953463,-1.114418,0.071735,,,,,,
17032,,,,,,,,,,,,,,,,,,,,,,,0.027755,0.005734,1.016931,-2.730000,-2.870000,56.419998
17036,,,,,,,,,,,,,0.000000,3.190031,-0.068673,0.109772,,,,,,,,,,,,
17037,,,,,,,,,,,,,,,,,,,,,,,-0.004636,-0.018300,1.016931,-2.800000,-5.530000,59.430000
17035,,,,,,,,,,,,,,,,,,,,-0.952973,-1.114375,0.080045,,,,,,
17041,,,,-0.981777,-0.992421,0.771963,0.073466,2.638598,,,-5.185598,11.257237,,,,,-0.018988,0.123874,0.692865,,,,,,,,,
17046,,,,,,,,,,,,,0.000000,3.782847,-0.072519,0.119659,,,,-0.952547,-1.114196,0.091154,,,,,,
17047,,,,,,,,,,,,,,,,,,,,,,,-0.004636,-0.018300,1.016931,-2.590000,-4.340000,57.540001
17055,,,,,,,,,,,,,,,,,,,,,,,-0.018605,0.007198,1.015528,-2.870000,-4.830000,60.130001
17056,,,,,,,,,,,,,0.000000,4.279429,-0.072519,0.114701,,,,,,,,,,,,
17057,,,,,,,,,,,,,,,,,,,,-0.952113,-1.114066,0.099441,,,,,,
17064,,,,,,,,,,,,,,,,,,,,,,,-0.018605,0.007198,1.015528,-2.450000,-11.340000,72.800003
17066,,,,,,,,,,,,,0.000000,4.695711,-0.072519,0.110544,,,,,,,,,,,,
17067,,,,,,,,,,,,,,,,,,,,-0.951648,-1.113911,0.110554,,,,,,
17075,,,,,,,,,,,,,,,,,,,,,,,0.017934,-0.011041,1.021140,-1.680000,-8.120000,70.419998
17086,,,,,,,,,,,,,0.000000,5.027462,-0.072519,0.107232,,,,-0.950510,-1.113600,0.138378,,,,,,
17078,,,,,,,,,,,,,,,,,,,,-0.951049,-1.113799,0.124479,,,,,,
17091,,,,-0.978643,-0.988942,0.897697,0.086240,2.602674,,,-4.933920,12.107043,,,,,-0.010727,0.127382,0.760158,,,,,,,,,
17093,,,,,,,,,,,,,,,,,,,,,,,0.037759,0.000305,1.017846,-3.500000,14.700000,69.790001
17096,,,,,,,,,,,,,0.000000,5.358576,-0.069000,0.115810,,,,-0.949698,-1.113336,0.149463,,,,,,
17099,,,,,,,,,,,,,,,,,,,,,,,0.037759,0.000305,1.017846,-1.680000,14.490000,67.339996
17105,,,,,,,,,,,,,,,,,,,,,,,0.037759,0.000305,1.017846,-1.260000,9.100000,77.699997
17106,,,,,,,,,,,,,0.000000,5.057529,-0.069000,0.118816,,,,-0.948899,-1.113103,0.163292,,,,,,
17115,,,,,,,,,,,,,,,,,,,,,,,0.016470,-0.017446,1.022665,-3.220000,9.450000,71.889999
17116,,,,,,,,,,,,,0.000000,5.902706,-0.069000,0.110377,,,,,,,,,,,,
17117,,,,,,,,,,,,,,,,,,,,-0.948093,-1.112922,0.174408,,,,,,
17125,,,,,,,,,,,,,,,,,,,,,,,0.016470,-0.017446,1.022665,-2.940000,-0.420000,89.529999
17126,,,,,,,,,,,,,0.000000,6.061976,-0.069000,0.108787,,,,,,,,,,,,
17127,,,,,,,,,,,,,,,,,,,,-0.947320,-1.112758,0.188287,,,,,,
17135,,,,,,,,,,,,,,,,,,,,,,,-0.007747,0.006527,1.022360,-3.640000,4.760000,86.870003
17146,,,,,,,,,,,,,0.000000,6.476002,-0.069000,0.104653,,,,,,,,,,,,
17147,,,,-0.975460,-0.984426,1.010290,0.101654,2.402567,,,,,,,,,,,,,,,,,,,,
17148,,,,,,,,,,,-4.314073,12.644578,,,,,-0.003423,0.131362,0.820935,-0.945754,-1.112263,0.221714,,,,,,
17137,,,,,,,,,,,,,,,,,,,,-0.946540,-1.112496,0.204986,,,,,,
17153,,,,,,,,,,,,,,,,,,,,,,,0.011895,-0.003721,1.014003,-2.730000,8.680000,85.959999
17156,,,,,,,,,,,,,0.000000,6.532145,-0.060331,0.111609,,,,,,,,,,,,
17155,,,,,,,,,,,,,,,,,,,,-0.945014,-1.111948,0.235644,,,,,,
17158,,,,,,,,,,,,,,,,,,,,,,,0.011895,-0.003721,1.014003,-2.310000,3.990000,89.529999
17164,,,,,,,,,,,,,,,,,,,,,,,-0.023424,0.000061,1.022177,-3.080000,1.960000,93.029999
17166,,,,,,,,,,,,,0.000000,7.141457,-0.060331,0.105526,,,,,,,,,,,,
17167,,,,,,,,,,,,,,,,,,,,-0.944189,-1.111654,0.252434,,,,,,
17175,,,,,,,,,,,,,,,,,,,,,,,-0.023424,0.000061,1.022177,-3.430000,-0.770000,93.870003
17176,,,,,,,,,,,,,0.000000,7.651485,-0.060331,0.100433,,,,,,,,,,,,
17177,,,,,,,,,,,,,,,,,,,,-0.943364,-1.111301,0.269168,,,,,,
17185,,,,,,,,,,,,,,,,,,,,-0.942517,-1.111040,0.285959,-0.016897,0.002867,1.020652,-3.150000,-2.660000,97.720001
17186,,,,,,,,,,,,,0.000000,7.536049,-0.060331,0.101586,,,,,,,,,,,,
17191,,,,-0.972281,-0.978744,1.105466,0.119956,2.086988,,,-2.907371,13.302015,,,,,0.008679,0.135377,0.821415,,,,,,,,,
17205,,,,,,,,,,,,,0.000000,7.776484,-0.040659,0.108379,,,,,,,,,,,,
17196,,,,,,,,,,,,,,,,,,,,-0.941767,-1.110660,0.302784,,,,,,
17208,,,,,,,,,,,,,,,,,,,,,,,-0.016897,0.002867,1.020652,-2.590000,0.560000,97.720001
17206,,,,,,,,,,,,,,,,,,,,-0.940949,-1.110309,0.319597,,,,,,
17213,,,,,,,,,,,,,,,,,,,,,,,-0.010309,-0.002745,1.021079,-3.780000,2.660000,95.970001
17216,,,,,,,,,,,,,0.000000,8.040502,-0.040659,0.105743,,,,,,,,,,,,
17218,,,,,,,,,,,,,,,,,,,,,,,-0.010309,-0.002745,1.021079,-3.990000,2.310000,93.870003
17217,,,,,,,,,,,,,,,,,,,,-0.940193,-1.109896,0.336327,,,,,,
17225,,,,,,,,,,,,,,,,,,,,,,,-0.029524,0.001037,1.026508,-5.320000,-2.030000,97.230003
17226,,,,,,,,,,,,,0.000000,8.413244,-0.040659,0.102021,,,,,,,,,,,,
17227,,,,,,,,,,,,,,,,,,,,-0.939365,-1.109646,0.353280,,,,,,
17235,,,,,,,,,,,,,,,,,,,,,,,-0.029524,0.001037,1.026508,-5.460000,-6.580000,99.959999
17236,,,,,,,,,,,,,0.000000,8.176661,-0.040659,0.104383,,,,,,,,,,,,
17237,,,,,,,,,,,,,,,,,,,,-0.938712,-1.109089,0.370079,,,,,,
17241,,,,-0.969140,-0.971798,1.181623,0.141013,1.715076,,,,,,,,,,,,,,,,,,,,
17242,,,,,,,,,,,-1.206562,14.041364,,,,,0.021312,0.139064,0.812037,,,,,,,,,
17246,,,,,,,,,,,,,0.000000,8.523994,-0.016873,0.111255,,,,,,,,,,,,
17247,,,,,,,,,,,,,,,,,,,,,,,-0.017324,0.007747,1.021567,-4.620000,-2.520000,94.919998
17248,,,,,,,,,,,,,,,,,,,,-0.938094,-1.108498,0.386982,,,,,,
17255,,,,,,,,,,,,,,,,,,,,,,,-0.017324,0.007747,1.021567,-3.710000,-3.290000,98.279999
17266,,,,,,,,,,,,,0.000000,8.534535,-0.016873,0.111150,,,,-0.936666,-1.107654,0.420884,,,,,,
17256,,,,,,,,,,,,,,,,,,,,-0.937392,-1.108122,0.403939,,,,,,
17271,,,,,,,,,,,,,,,,,,,,,,,-0.024583,-0.006222,1.009916,-4.270000,-1.890000,102.620003
17276,,,,,,,,,,,,,,,,,,,,-0.935975,-1.107176,0.440736,-0.024583,0.000915,1.020164,-2.310000,-6.020000,102.550003
17277,,,,,,,,,,,,,0.000000,8.709428,-0.016873,0.109403,,,,,,,,,,,,
17285,,,,,,,,,,,,,,,,,,,,,,,0.008113,0.000915,1.020164,-3.990000,-4.690000,105.139999
17286,,,,,,,,,,,,,0.000000,9.119568,-0.016873,0.105308,,,,,,,,,,,,
17287,,,,,,,,,,,,,,,,,,,,-0.935226,-1.106677,0.457781,,,,,,
17291,,,,-0.966044,-0.963531,1.238871,0.164307,1.331897,,,0.859340,15.028037,,,,,0.035682,0.142093,0.780990,,,,,,,,,
17306,,,,,,,,,,,,,,,,,,,,,,,-0.006588,0.000793,1.029741,-4.270000,-5.180000,107.730003
17307,,,,,,,,,,,,,0.000000,9.252505,0.012018,0.117779,,,,,,,,,,,,
17305,,,,,,,,,,,,,,,,,,,,-0.933669,-1.105741,0.494839,,,,,,
17312,,,,,,,,,,,,,,,,,,,,,,,-0.006588,0.000793,1.029741,-4.200000,-2.870000,106.889999
17316,,,,,,,,,,,,,0.000000,9.564222,0.012018,0.114667,,,,,,,,,,,,
17317,,,,,,,,,,,,,,,,,,,,,,,-0.018544,0.003416,1.025898,-4.060000,-2.940000,108.430000
17315,,,,,,,,,,,,,,,,,,,,-0.932976,-1.105108,0.511972,,,,,,
17325,,,,,,,,,,,,,,,,,,,,,,,-0.018544,0.003416,1.025898,-4.970000,-4.690000,112.000000
17326,,,,,,,,,,,,,0.000000,9.697967,0.012018,0.113332,,,,-0.932285,-1.104535,0.532025,,,,,,
17335,,,,,,,,,,,,,,,,,,,,,,,0.009821,0.001403,1.018334,-4.270000,-5.180000,109.690002
17336,,,,,,,,,,,,,0.000000,9.257627,0.012018,0.117728,,,,-0.931466,-1.103957,0.552145,,,,,,
17341,,,,-0.962965,-0.953935,1.278040,0.189012,0.961034,,,3.339591,16.290493,,,,,0.051904,0.144316,0.726191,,,,,,,,,
17346,,,,,,,,,,,,,0.000000,9.432857,0.046703,0.133634,,,,,,,,,,,,
17347,,,,,,,,,,,,,,,,,,,,-0.930761,-1.103285,0.572363,0.009821,0.001403,1.018334,-5.670000,0.700000,110.110001
17355,,,,,,,,,,,,,,,,,,,,,,,-0.007869,0.002074,1.019310,-4.200000,-3.920000,116.269997
17366,,,,,,,,,,,,,0.000000,9.848728,0.046703,0.129481,,,,,,,,,,,,
17357,,,,,,,,,,,,,,,,,,,,-0.930051,-1.102579,0.589694,,,,,,
17367,,,,,,,,,,,,,,,,,,,,-0.929410,-1.101919,0.615756,,,,,,
17371,,,,,,,,,,,,,,,,,,,,,,,-0.007869,0.010736,1.032486,-5.670000,-3.010000,125.510002
17376,,,,,,,,,,,,,,,,,,,,,,,0.021472,0.010736,1.032486,-6.650000,-2.450000,129.360001
17377,,,,,,,,,,,,,0.000000,10.269760,0.046703,0.125277,,,,,,,,,,,,
17375,,,,,,,,,,,,,,,,,,,,-0.928599,-1.101150,0.636118,,,,,,
17385,,,,,,,,,,,,,,,,,,,,-0.927784,-1.100346,0.656541,0.021472,0.010736,1.032486,-5.460000,-1.120000,124.809998
17386,,,,,,,,,,,,,0.000000,10.482929,0.046703,0.123149,,,,,,,,,,,,
17391,,,,-0.959835,-0.943057,1.299979,0.214103,0.608676,,,6.361096,17.776127,,,,,0.070673,0.144239,0.643601,,,,,,,,,
17396,,,,,,,,,,,,,0.000000,10.459209,0.088958,0.144162,,,,-0.926990,-1.099492,0.679990,,,,,,
17397,,,,,,,,,,,,,,,,,,,,,,,0.019459,0.000610,1.025532,-6.090000,-5.950000,130.759995
17405,,,,,,,,,,,,,,,,,,,,,,,0.019459,0.000610,1.025532,-6.440000,-4.900000,132.440002
17406,,,,,,,,,,,,,0.000000,11.000774,0.088958,0.138755,,,,,,,,,,,,
17407,,,,,,,,,,,,,,,,,,,,-0.926194,-1.098623,0.703524,,,,,,
17415,,,,,,,,,,,,,,,,,,,,-0.925464,-1.097725,0.727165,0.003538,0.009028,1.007720,-3.290000,-2.800000,140.699997
17427,,,,,,,,,,,,,0.000000,11.375823,0.088958,0.135010,,,,,,,,,,,,
17425,,,,,,,,,,,,,,,,,,,,-0.924621,-1.096757,0.750922,,,,,,
17432,,,,,,,,,,,,,,,,,,,,,,,0.037820,0.005307,1.017236,-4.480000,0.770000,148.259995
17436,,,,,,,,,,,,,0.000000,11.909966,0.088958,0.129677,,,,-0.923728,-1.095722,0.777744,,,,,,
17437,,,,,,,,,,,,,,,,,,,,,,,0.037820,0.005307,1.017236,-2.170000,-3.080000,146.089996
17441,,,,-0.956539,-0.930999,1.305191,0.238486,0.270609,,,,,,,,,,,,,,,,,,,,
17442,,,,,,,,,,,10.049675,19.310663,,,,,0.092264,0.140492,0.527835,,,,,,,,,
17446,,,,,,,,,,,,,0.547940,12.212805,0.135071,0.148113,,,,,,,,,,,,
17447,,,,,,,,,,,,,,,,,,,,-0.922796,-1.094643,0.801737,0.032452,-0.000122,1.019554,-3.080000,2.310000,145.669998
17455,,,,,,,,,,,,,,,,,,,,,,,0.032452,-0.000122,1.019554,-2.590000,4.480000,152.740005
17456,,,,,,,,,,,,,0.461037,12.465631,0.135939,0.145589,,,,,,,,,,,,
17457,,,,,,,,,,,,,,,,,,,,-0.921892,-1.093556,0.828875,,,,,,
17465,,,,,,,,,,,,,,,,,,,,,,,0.032452,-0.000122,1.039318,-3.710000,-10.710000,146.300003
17466,,,,,,,,,,,,,0.935196,12.677698,0.131204,0.143471,,,,,,,,,,,,
17467,,,,,,,,,,,,,,,,,,,,-0.920988,-1.092367,0.856191,,,,,,
17475,,,,,,,,,,,,,,,,,,,,-0.920123,-1.091174,0.880617,0.063745,0.005185,1.039318,-3.360000,-10.010000,129.220001
17486,,,,,,,,,,,,,1.342729,13.168361,0.127135,0.138572,,,,,,,,,,,,
17485,,,,,,,,,,,,,,,,,,,,-0.919161,-1.089814,0.898992,,,,,,
17491,,,,-0.952918,-0.917917,1.293701,0.261148,-0.062082,,,,,,,,,,,,,,,,,,,,
17492,,,,,,,,,,,14.078877,20.522152,,,,,0.113610,0.133510,0.395189,,,,,,,,,
17494,,,,,,,,,,,,,,,,,,,,,,,0.116205,0.000671,1.008330,-1.820000,11.060000,114.169998
17496,,,,,,,,,,,,,1.658711,13.724554,0.180328,0.149961,,,,-0.918038,-1.088341,0.917451,,,,,,
17499,,,,,,,,,,,,,,,,,,,,,,,0.116205,0.000671,1.008330,-0.700000,4.760000,114.099998
17505,,,,,,,,,,,,,,,,,,,,,,,0.028060,0.030927,1.055056,-3.010000,-0.980000,113.050003
17506,,,,,,,,,,,,,2.498959,13.754477,0.171938,0.149662,,,,,,,,,,,,
17507,,,,,,,,,,,,,,,,,,,,-0.916940,-1.086879,0.939116,,,,,,
17515,,,,,,,,,,,,,,,,,,,,,,,0.028060,0.030927,1.055056,-2.380000,-21.770000,96.949997
17516,,,,,,,,,,,,,3.198174,14.311891,0.164957,0.144096,,,,,,,,,,,,
17517,,,,,,,,,,,,,,,,,,,,-0.915999,-1.085339,0.957787,,,,,,
17525,,,,,,,,,,,,,,,,,,,,-0.915015,-1.083774,0.973436,0.111874,0.018910,1.005463,1.750000,5.250000,87.849998
17526,,,,,,,,,,,,,4.330146,14.774028,0.153654,0.139482,,,,,,,,,,,,
17535,,,,,,,,,,,,,,,,,,,,,,,0.111874,0.018910,1.005463,-1.330000,11.970000,75.040001
17546,,,,,,,,,,,,,5.274567,14.877640,0.144224,0.138448,,,,,,,,,,,,
17548,,,,-0.948769,-0.904014,1.265122,0.281313,-0.398889,,,,,,,,,,,,,,,,,,,,
17549,,,,,,,,,,,17.622358,21.198076,,,,,0.129789,0.128829,0.290075,,,,,,,,,
17547,,,,,,,,,,,,,,,,,,,,-0.912680,-1.080015,1.001704,,,,,,
17554,,,,,,,,,,,,,,,,,,,,,,,0.093086,0.013664,1.029924,-5.110000,-7.910000,54.459999
17556,,,,,,,,,,,,,6.098213,15.285032,0.185555,0.143833,,,,,,,,,,,,
17559,,,,,,,,,,,,,,,,,,,,,,,0.093086,0.013664,1.016321,-2.590000,-13.230000,53.970001
17557,,,,,,,,,,,,,,,,,,,,-0.911632,-1.078207,1.008012,,,,,,
17565,,,,,,,,,,,,,,,,,,,,,,,0.072468,0.019886,1.016321,1.680000,-16.309999,50.049999
17566,,,,,,,,,,,,,7.330321,15.609932,0.173253,0.140589,,,,,,,,,,,,
17568,,,,,,,,,,,,,,,,,,,,-0.910514,-1.076281,1.017506,,,,,,
17575,,,,,,,,,,,,,,,,,,,,-0.909357,-1.074252,1.030201,0.072468,0.019886,1.016321,0.980000,-5.740000,39.130001
17576,,,,,,,,,,,,,8.351583,15.864008,0.163056,0.138052,,,,,,,,,,,,
17585,,,,,,,,,,,,,,,,,,,,-0.908115,-1.072312,1.033382,0.105408,-0.016897,1.012905,4.690000,-10.850000,25.340000
17586,,,,,,,,,,,,,9.226306,15.547260,0.154322,0.141214,,,,,,,,,,,,
17591,,,,-0.943846,-0.889524,1.218910,0.298606,-0.746247,,,,,,,,,,,,,,,,,,,,
17592,,,,,,,,,,,20.920826,21.245041,,,,,0.139037,0.124244,0.185224,,,,,,,,,
17606,,,,,,,,,,,,,10.271273,15.868418,0.190016,0.138664,,,,,,,,,,,,
17596,,,,,,,,,,,,,,,,,,,,-0.906754,-1.070036,1.036567,,,,,,
17608,,,,,,,,,,,,,,,,,,,,,,,0.105408,0.006039,1.042185,-0.770000,3.710000,14.000000
17607,,,,,,,,,,,,,,,,,,,,-0.905409,-1.067773,1.036568,,,,,,
17613,,,,,,,,,,,,,,,,,,,,,,,0.074786,0.006039,1.042185,1.190000,-13.510000,2.310000
17616,,,,,,,,,,,,,11.274417,15.983854,0.180000,0.137512,,,,,,,,,,,,
17618,,,,,,,,,,,,,,,,,,,,,,,0.052094,-0.008174,1.048651,1.190000,-11.550000,0.140000
17617,,,,,,,,,,,,,,,,,,,,-0.904210,-1.065678,1.036564,,,,,,
17625,,,,,,,,,,,,,,,,,,,,-0.902870,-1.063432,1.036564,0.052094,-0.008174,1.048651,7.280000,-10.710000,-10.220000
17626,,,,,,,,,,,,,12.775922,15.641898,0.165008,0.140926,,,,,,,,,,,,
17635,,,,,,,,,,,,,,,,,,,,,,,0.052094,-0.030988,0.983869,7.490000,-4.060000,-18.200001
17636,,,,,,,,,,,,,13.492949,15.904382,0.157849,0.138305,,,,-0.901401,-1.061079,1.033377,,,,,,
17641,,,,-0.937879,-0.874699,1.154872,0.313202,-1.103144,,,23.452637,20.976290,,,,,0.141800,0.126452,0.119486,,,,,,,,,
17646,,,,,,,,,,,,,14.633347,16.115595,0.181869,0.132438,,,,,,,,,,,,
17647,,,,,,,,,,,,,,,,,,,,-0.899826,-1.058764,1.030203,0.094794,-0.030988,0.983869,5.880000,6.160000,-23.590000
17655,,,,,,,,,,,,,,,,,,,,,,,0.068442,-0.009211,1.005097,2.870000,4.480000,-28.980000
17666,,,,,,,,,,,,,15.592382,16.292898,0.172293,0.130668,,,,,,,,,,,,
17657,,,,,,,,,,,,,,,,,,,,-0.898284,-1.056347,1.027016,,,,,,
17668,,,,,,,,,,,,,,,,,,,,-0.896673,-1.053822,1.017504,,,,,,
17671,,,,,,,,,,,,,,,,,,,,,,,0.068442,-0.009211,1.005097,5.180000,-5.180000,-46.410000
17676,,,,,,,,,,,,,16.828489,16.358171,0.159951,0.130016,,,,,,,0.078141,-0.033611,1.040172,4.760000,-7.140000,-56.490002
17675,,,,,,,,,,,,,,,,,,,,-0.895161,-1.051257,1.011167,,,,,,
17685,,,,,,,,,,,,,,,,,,,,-0.893438,-1.048749,1.001686,0.078141,-0.033611,1.040172,-0.280000,5.670000,-64.540001
17686,,,,,,,,,,,,,17.571058,16.606737,0.152537,0.127534,,,,,,,,,,,,
17691,,,,-0.930580,-0.859791,1.073955,0.325931,-1.455532,,,,,,,,,,,,,,,,,,,,
17692,,,,,,,,,,,25.548574,20.511145,,,,,0.139500,0.132792,0.070234,,,,,,,,,
17696,,,,,,,,,,,,,18.582794,16.686127,0.171746,0.120236,,,,-0.891693,-1.045998,0.989091,,,,,,
17697,,,,,,,,,,,,,,,,,,,,,,,0.062159,-0.009028,1.010221,-6.650000,4.830000,-73.500000
17705,,,,,,,,,,,,,,,,,,,,,,,0.062159,-0.009028,1.010221,-3.640000,3.990000,-79.169998
17706,,,,,,,,,,,,,19.510525,16.253971,0.162483,0.124551,,,,-0.890028,-1.043314,0.973423,,,,,,
17715,,,,,,,,,,,,,,,,,,,,,,,0.032269,-0.067405,1.003023,0.770000,-0.280000,-87.779999
17726,,,,,,,,,,,,,20.436899,16.356586,0.153233,0.123527,,,,,,,,,,,,
17716,,,,,,,,,,,,,,,,,,,,-0.888232,-1.040635,0.957788,,,,,,
17727,,,,,,,,,,,,,,,,,,,,-0.886325,-1.038056,0.945332,,,,,,
17731,,,,,,,,,,,,,,,,,,,,,,,0.047214,-0.066490,1.026081,-1.190000,16.309999,-102.410004
17736,,,,,,,,,,,,,21.182428,16.040615,0.145789,0.126682,,,,,,,,,,,,
17737,,,,,,,,,,,,,,,,,,,,-0.884282,-1.035324,0.926723,0.047214,-0.066490,1.026081,-5.040000,10.920000,-101.639999
17741,,,,-0.921662,-0.845034,0.979144,0.338269,-1.771434,,,,,,,,,,,,,,,,,,,,
17742,,,,,,,,,,,27.032391,20.165150,,,,,0.130137,0.143858,0.050189,,,,,,,,,
17746,,,,,,,,,,,,,21.658861,16.236549,0.161783,0.119887,,,,,,,,,,,,
17747,,,,,,,,,,,,,,,,,,,,,,,0.047214,-0.066490,1.031266,-4.550000,-1.750000,-105.209999
17745,,,,,,,,,,,,,,,,,,,,-0.882225,-1.032767,0.908201,,,,,,
17755,,,,,,,,,,,,,,,,,,,,,,,0.009150,-0.072529,1.031266,-11.270000,-0.490000,-112.000000
17766,,,,,,,,,,,,,22.606403,16.126667,0.152322,0.120984,,,,,,,,,,,,
17756,,,,,,,,,,,,,,,,,,,,-0.880185,-1.030129,0.889772,,,,,,
17767,,,,,,,,,,,,,,,,,,,,-0.878231,-1.027564,0.871449,,,,,,
17771,,,,,,,,,,,,,,,,,,,,,,,0.018178,-0.074969,1.031327,3.150000,8.120000,-116.690002
17776,,,,,,,,,,,,,23.390917,16.300158,0.144489,0.119252,,,,,,,,,,,,
17777,,,,,,,,,,,,,,,,,,,,-0.875965,-1.025041,0.850111,0.018178,-0.074969,1.031327,5.110000,1.680000,-122.639999
17785,,,,,,,,,,,,,,,,,,,,,,,0.018178,-0.074969,1.011014,0.770000,0.980000,-122.849998
17786,,,,,,,,,,,,,24.069054,16.457413,0.137718,0.117681,,,,,,,,,,,,
17787,,,,,,,,,,,,,,,,,,,,-0.873708,-1.022667,0.828875,,,,,,
17791,,,,-0.910855,-0.830617,0.876001,0.352160,-2.002318,,,,,,,,,,,,,,,,,,,,
17792,,,,,,,,,,,28.131943,20.178516,,,,,0.116813,0.156883,0.044989,,,,,,,,,
17796,,,,,,,,,,,,,24.624660,16.033747,0.147547,0.122099,,,,,,,,,,,,
17797,,,,,,,,,,,,,,,,,,,,,,,0.008052,-0.101626,1.011014,1.050000,-1.120000,-121.519997
17795,,,,,,,,,,,,,,,,,,,,-0.871375,-1.020241,0.807768,,,,,,
17805,,,,,,,,,,,,,,,,,,,,,,,-0.027389,-0.090097,1.029558,-0.630000,1.120000,-122.779999
17806,,,,,,,,,,,,,25.118202,16.240177,0.142619,0.120037,,,,-0.869052,-1.017907,0.786729,,,,,,
17815,,,,,,,,,,,,,,,,,,,,,,,-0.027389,-0.090097,1.029558,-3.290000,0.700000,-123.900002
17826,,,,,,,,,,,,,25.420717,16.075506,0.139599,0.121682,,,,,,,,,,,,
17817,,,,,,,,,,,,,,,,,,,,-0.866727,-1.015533,0.765815,,,,,,
17827,,,,,,,,,,,,,,,,,,,,-0.864235,-1.013234,0.742023,,,,,,
17831,,,,,,,,,,,,,,,,,,,,,,,0.006344,-0.092354,1.004548,10.080000,11.830000,-120.120003
17836,,,,,,,,,,,,,25.404371,15.820433,0.139762,0.124228,,,,,,,,,,,,
17837,,,,,,,,,,,,,,,,,,,,,,,0.006344,-0.092354,1.004548,7.000000,9.030000,-118.160004
17834,,,,,,,,,,,,,,,,,,,,-0.861475,-1.011038,0.721242,,,,,,
17841,,,,-0.897930,-0.816673,0.772180,0.369611,-2.097304,,,28.923098,20.813023,,,,,0.101197,0.169869,0.049610,,,,,,,,,
17846,,,,,,,,,,,,,25.766270,16.055706,0.147213,0.130753,,,,,,,,,,,,
17847,,,,,,,,,,,,,,,,,,,,,,,-0.022082,-0.121634,1.037366,4.690000,5.110000,-113.959999
17845,,,,,,,,,,,,,,,,,,,,-0.858886,-1.009001,0.700556,,,,,,
17855,,,,,,,,,,,,,,,,,,,,,,,-0.022082,-0.121634,1.037366,7.560000,-2.870000,-114.379997
17856,,,,,,,,,,,,,26.057093,16.245117,0.144309,0.128861,,,,-0.856295,-1.006840,0.682869,,,,,,
17865,,,,,,,,,,,,,,,,,,,,,,,-0.017507,-0.080215,1.055422,9.520000,-9.380000,-110.949997
17866,,,,,,,,,,,,,26.318127,16.414698,0.141702,0.127168,,,,-0.853558,-1.004904,0.665318,,,,,,
17875,,,,,,,,,,,,,,,,,,,,,,,-0.017507,-0.080215,1.055422,9.730000,-12.110000,-105.629997
17886,,,,,,,,,,,,,26.209036,16.521303,0.142792,0.126104,,,,,,,,,,,,
17877,,,,,,,,,,,,,,,,,,,,-0.850902,-1.003011,0.641954,,,,,,
17891,,,,-0.882717,-0.803263,0.675818,0.392137,-2.027697,,,,,,,,,,,,,,,,,,,,
17892,,,,,,,,,,,30.012182,22.166368,,,,,0.093556,0.179101,0.035068,,,,,,,,,
17887,,,,,,,,,,,,,,,,,,,,-0.848103,-1.001206,0.624466,,,,,,
17894,,,,,,,,,,,,,,,,,,,,,,,-0.008113,-0.090585,1.002413,6.720000,-12.530000,-105.629997
17896,,,,,,,,,,,,,26.496622,16.678738,0.155151,0.143458,,,,,,,,,,,,
17895,,,,,,,,,,,,,,,,,,,,-0.845457,-0.999337,0.607031,,,,,,
17899,,,,,,,,,,,,,,,,,,,,,,,-0.007564,-0.059597,1.027362,5.040000,-10.990000,-104.019997
17905,,,,,,,,,,,,,,,,,,,,,,,-0.007564,-0.059597,1.027362,6.370000,-4.060000,-105.769997
17906,,,,,,,,,,,,,26.683962,16.777054,0.153280,0.142476,,,,-0.842645,-0.997557,0.589696,,,,,,
17915,,,,,,,,,,,,,,,,,,,,,,,-0.007564,-0.059597,1.027362,3.080000,-0.910000,-104.510002
17916,,,,,,,,,,,,,26.287466,16.855913,0.157239,0.141689,,,,,,,,,,,,
17917,,,,,,,,,,,,,,,,,,,,-0.839790,-0.995780,0.569448,,,,,,
17925,,,,,,,,,,,,,,,,,,,,,,,0.028548,-0.089121,1.010953,5.390000,3.500000,-104.510002
17926,,,,,,,,,,,,,26.514179,16.930006,0.154975,0.140949,,,,,,,,,,,,
17928,,,,,,,,,,,,,,,,,,,,-0.836891,-0.994010,0.552167,,,,,,
17935,,,,,,,,,,,,,,,,,,,,,,,0.028548,-0.089121,1.010953,-3.360000,7.560000,-102.269997
17947,,,,-0.865125,-0.790361,0.593634,0.420266,-1.804024,,,,,,,,,,,,,,,,,,,,
17948,,,,,,,,,,,30.690147,24.425728,,,,,0.082579,0.188189,0.041917,,,,,,,,,
17949,,,,,,,,,,,,,26.560688,17.315548,0.163992,0.168696,,,,,,,,,,,,
17945,,,,,,,,,,,,,,,,,,,,-0.830693,-0.990384,0.517743,,,,,,
17954,,,,,,,,,,,,,,,,,,,,,,,0.033855,-0.053192,0.990945,2.520000,12.810000,-103.879997
17956,,,,,,,,,,,,,27.132547,16.961494,0.158282,0.172231,,,,-0.827412,-0.988563,0.497666,,,,,,
17959,,,,,,,,,,,,,,,,,,,,,,,0.033611,-0.104188,0.983503,-1.610000,3.920000,-102.550003
17965,,,,,,,,,,,,,,,,,,,,,,,0.033611,-0.104188,0.983503,-3.850000,1.260000,-98.629997
17966,,,,,,,,,,,,,27.221685,17.565672,0.157392,0.166199,,,,,,,,,,,,
17967,,,,,,,,,,,,,,,,,,,,-0.824273,-0.986939,0.480550,,,,,,
17975,,,,,,,,,,,,,,,,,,,,,,,0.056547,-0.061488,1.129171,0.000000,-2.450000,-94.500000
17976,,,,,,,,,,,,,27.839760,18.070045,0.151221,0.161163,,,,,,,,,,,,
17977,,,,,,,,,,,,,,,,,,,,-0.820855,-0.985183,0.463471,,,,,,
17985,,,,,,,,,,,,,,,,,,,,,,,0.056547,-0.061488,1.129171,-12.250000,-12.670000,-88.480003
17986,,,,,,,,,,,,,27.796017,18.482868,0.151658,0.157041,,,,,,,,,,,,
17991,,,,-0.845157,-0.777850,0.529886,0.453349,-1.469194,,,31.069849,27.493502,,,,,,,,,,,,,,,,
17992,,,,,,,,,,,,,,,,,0.070842,0.196332,0.066670,,,,,,,,,
17988,,,,,,,,,,,,,,,,,,,,-0.817572,-0.983445,0.449293,,,,,,
18005,,,,,,,,,,,,,27.881422,18.921877,0.156115,0.195560,,,,,,,,,,,,
17995,,,,,,,,,,,,,,,,,,,,-0.814157,-0.981800,0.435131,,,,,,
18008,,,,,,,,,,,,,,,,,,,,,,,0.044591,-0.058560,0.908107,-1.260000,19.250000,-82.110001
18006,,,,,,,,,,,,,,,,,,,,-0.810355,-0.980122,0.418013,,,,,,
18013,,,,,,,,,,,,,,,,,,,,,,,0.029646,-0.125843,1.096841,5.950000,12.110000,-77.279999
18016,,,,,,,,,,,,,28.134506,19.557039,0.153588,0.189218,,,,,,,,,,,,
18018,,,,,,,,,,,,,,,,,,,,,,,0.029646,-0.125843,1.096841,9.100000,4.830000,-69.019997
18017,,,,,,,,,,,,,,,,,,,,-0.806686,-0.978615,0.403966,,,,,,
18025,,,,,,,,,,,,,,,,,,,,,,,0.029646,-0.125843,1.096841,2.590000,-13.230000,-58.099998
18026,,,,,,,,,,,,,28.058100,20.292805,0.154351,0.181871,,,,,,,,,,,,
18027,,,,,,,,,,,,,,,,,,,,-0.802918,-0.977186,0.392673,,,,,,
18035,,,,,,,,,,,,,,,,,,,,,,,0.044896,-0.056303,1.037366,5.040000,-26.389999,-52.779999
18036,,,,,,,,,,,,,28.002216,20.919231,0.154909,0.175616,,,,,,,,,,,,
18041,,,,-0.822924,-0.765525,0.486497,0.489730,-1.074612,,,,,,,,,,,,,,,,,,,,
18042,,,,,,,,,,,31.447582,31.057234,,,,,0.062497,0.203184,0.093730,,,,,,,,,
18037,,,,,,,,,,,,,,,,,,,,-0.799344,-0.975688,0.384222,,,,,,
18046,,,,,,,,,,,,,28.485094,21.431242,0.155370,0.220342,,,,,,,,,,,,
18047,,,,,,,,,,,,,,,,,,,,,,,0.044896,-0.056303,1.037366,-15.330000,-21.490000,-42.209999
18048,,,,,,,,,,,,,,,,,,,,-0.795610,-0.974195,0.375952,,,,,,
18055,,,,,,,,,,,,,,,,,,,,,,,0.043127,-0.026901,1.028887,4.830000,3.780000,-36.610001
18066,,,,,,,,,,,,,28.551279,22.346525,0.154709,0.211203,,,,-0.787699,-0.970999,0.364537,,,,,,
18056,,,,,,,,,,,,,,,,,,,,-0.791758,-0.972403,0.370235,,,,,,
18072,,,,,,,,,,,,,,,,,,,,,,,0.082167,-0.082655,0.980697,5.250000,-4.830000,-7.280000
18076,,,,,,,,,,,,,28.524330,23.866312,0.154978,0.196028,,,,,,,,,,,,
18077,,,,,,,,,,,,,,,,,,,,-0.783498,-0.969460,0.364605,0.082167,-0.082655,0.980697,4.060000,1.400000,-0.210000
18085,,,,,,,,,,,,,,,,,,,,,,,0.082167,-0.082655,0.980697,6.510000,16.379999,15.820000
18086,,,,,,,,,,,,,28.389633,24.470377,0.156323,0.189997,,,,,,,,,,,,
18087,,,,,,,,,,,,,,,,,,,,-0.779085,-0.967825,0.364606,,,,,,
18091,,,,-0.798653,-0.753094,0.463861,0.527150,-0.659961,,,32.238888,34.606651,,,,,0.058444,0.207645,0.100116,,,,,,,,,
18096,,,,,,,,,,,,,28.276741,25.527792,0.168517,0.229077,,,,,,,,,,,,
18097,,,,,,,,,,,,,,,,,,,,-0.774758,-0.966175,0.367384,0.082350,-0.006527,1.037976,5.110000,3.570000,17.920000
18105,,,,,,,,,,,,,,,,,,,,,,,0.082350,-0.006527,1.041331,5.250000,-8.540000,23.309999
18106,,,,,,,,,,,,,28.176893,26.412033,0.169514,0.220248,,,,,,,,,,,,
18108,,,,,,,,,,,,,,,,,,,,-0.770315,-0.964593,0.373050,,,,,,
18115,,,,,,,,,,,,,,,,,,,,,,,0.043005,-0.000488,1.041331,12.320000,-19.180000,38.570000
18126,,,,,,,,,,,,,28.283350,27.336668,0.168451,0.211016,,,,-0.761346,-0.961088,0.387168,,,,,,
18116,,,,,,,,,,,,,,,,,,,,-0.765822,-0.962996,0.376014,,,,,,
18131,,,,,,,,,,,,,,,,,,,,,,,0.099308,-0.000732,0.993507,19.670000,7.070000,47.740002
18136,,,,,,,,,,,,,,,,,,,,,,,0.099308,-0.000732,0.993507,13.300000,16.730000,52.290001
18137,,,,,,,,,,,,,28.542393,28.273052,0.165864,0.201666,,,,,,,,,,,,
18141,,,,-0.772688,-0.740195,0.461707,0.563213,-0.246592,,,33.940075,38.054108,,,,,0.072117,0.208989,0.076726,,,,,,,,,
18138,,,,,,,,,,,,,,,,,,,,-0.756603,-0.959320,0.392752,,,,,,
18146,,,,,,,,,,,,,28.710409,29.657497,0.187977,0.236054,,,,-0.751628,-0.957347,0.401199,,,,,,
18147,,,,,,,,,,,,,,,,,,,,,,,0.086925,0.040260,0.993873,2.800000,5.040000,53.270000
18155,,,,,,,,,,,,,,,,,,,,,,,0.086925,0.040260,0.993873,-7.350000,0.770000,53.130001
18170,,,,,,,,,,,,,29.008820,30.729868,0.184998,0.225347,,,,,,,,,,,,
18165,,,,,,,,,,,,,,,,,,,,-0.742036,-0.952999,0.418180,,,,,,
18175,,,,,,,,,,,,,,,,,,,,,,,0.069662,0.080276,1.069879,-7.000000,-5.740000,56.419998
18176,,,,,,,,,,,,,29.576096,31.885532,0.179334,0.213808,,,,-0.737283,-0.950581,0.432363,,,,,,
18181,,,,,,,,,,,,,,,,,,,,,,,0.069662,0.080276,0.982039,-2.170000,1.050000,53.200001
18185,,,,,,,,,,,,,,,,,,,,,,,0.103151,0.033428,0.982039,8.890000,5.670000,56.419998
18186,,,,,,,,,,,,,29.851768,32.346756,0.176581,0.209203,,,,-0.732403,-0.948259,0.440840,,,,,,
18191,,,,-0.745482,-0.726406,0.479691,0.595790,0.159193,,,35.688686,40.912830,,,,,0.082792,0.206469,0.041485,,,,,,,,,
18196,,,,,,,,,,,,,30.042791,33.236633,0.199128,0.240296,,,,-0.727242,-0.945898,0.449335,,,,,,
18197,,,,,,,,,,,,,,,,,,,,,,,0.103151,0.033428,0.982039,-7.980000,1.330000,58.380001
18205,,,,,,,,,,,,,,,,,,,,,,,0.053436,0.045445,1.074698,-9.310000,-10.990000,52.779999
18206,,,,,,,,,,,,,30.765135,34.001148,0.191915,0.232663,,,,,,,,,,,,
18207,,,,,,,,,,,,,,,,,,,,-0.722251,-0.943231,0.457851,,,,,,
18215,,,,,,,,,,,,,,,,,,,,,,,0.053436,0.045445,1.074698,11.690000,-7.420000,57.049999
18226,,,,,,,,,,,,,31.254440,34.782520,0.187030,0.224861,,,,,,,,,,,,
18218,,,,,,,,,,,,,,,,,,,,-0.717255,-0.940677,0.469286,,,,,,
18225,,,,,,,,,,,,,,,,,,,,-0.712013,-0.938081,0.480656,,,,,,
18231,,,,,,,,,,,,,,,,,,,,,,,0.100833,0.019581,0.980209,0.420000,8.330000,62.230000
18236,,,,,,,,,,,,,,,,,,,,-0.706617,-0.935264,0.492044,0.100833,0.019581,0.980209,-3.640000,0.280000,59.849998
18237,,,,,,,,,,,,,31.496979,35.505402,0.184608,0.217643,,,,,,,,,,,,
18241,,,,-0.717587,-0.711271,0.517666,0.623349,0.559693,,,36.864124,43.742146,,,,,0.096074,0.202736,0.026843,,,,,,,,,
18246,,,,,,,,,,,,,31.909729,36.484234,0.196925,0.247437,,,,-0.701349,-0.932390,0.500594,,,,,,
18247,,,,,,,,,,,,,,,,,,,,,,,0.086498,0.065209,1.069269,-3.710000,-5.180000,58.799999
18255,,,,,,,,,,,,,,,,,,,,,,,0.086498,0.065209,1.069269,-10.150000,16.590000,61.250000
18256,,,,,,,,,,,,,32.871944,37.268486,0.187317,0.239606,,,,,,,,,,,,
18257,,,,,,,,,,,,,,,,,,,,-0.696077,-0.929309,0.512028,,,,,,
18265,,,,,,,,,,,,,,,,,,,,,,,0.052582,0.067344,0.966606,4.270000,0.560000,59.080002
18266,,,,,,,,,,,,,33.134548,37.929016,0.184695,0.233011,,,,,,,,,,,,
18264,,,,,,,,,,,,,,,,,,,,-0.690609,-0.926210,0.520616,,,,,,
18275,,,,,,,,,,,,,,,,,,,,-0.685279,-0.922996,0.534938,0.052582,0.067344,1.119594,-13.510000,-14.280000,68.949997
18286,,,,,,,,,,,,,33.554825,38.669922,0.180499,0.225613,,,,,,,,,,,,
18287,,,,,,,,,,,,,,,,,,,,-0.680078,-0.919809,0.543578,,,,,,
18291,,,,-0.689633,-0.694320,0.575646,0.645227,0.959468,,,,,,,,,,,,,,,,,,,,
18292,,,,,,,,,,,37.318630,46.510262,,,,,0.108519,0.197980,0.032287,,,,,,,,,
18293,,,,,,,,,,,,,,,,,,,,,,,0.065148,0.055144,1.119594,22.469999,-23.100000,72.029999
18296,,,,,,,,,,,,,33.837627,39.262390,0.184031,0.258409,,,,,,,,,,,,
18299,,,,,,,,,,,,,,,,,,,,,,,0.055876,0.022692,0.967521,14.770000,-3.360000,75.739998
18297,,,,,,,,,,,,,,,,,,,,-0.674607,-0.916682,0.557956,,,,,,
18305,,,,,,,,,,,,,,,,,,,,-0.669002,-0.913242,0.572359,0.055876,0.022692,0.967521,11.690000,4.970000,78.959999
18306,,,,,,,,,,,,,34.512913,39.626572,0.177289,0.254773,,,,,,,,,,,,
18315,,,,,,,,,,,,,,,,,,,,,,,0.062647,0.091805,0.989725,3.780000,3.780000,83.510002
18316,,,,,,,,,,,,,34.520771,40.467888,0.177210,0.246373,,,,-0.663530,-0.909772,0.586799,,,,,,
18325,,,,,,,,,,,,,,,,,,,,,,,0.062647,0.091805,0.989725,4.130000,6.580000,95.620003
18326,,,,,,,,,,,,,35.087097,41.738636,0.171556,0.233685,,,,-0.657945,-0.906062,0.601270,,,,,,
18335,,,,,,,,,,,,,,,,,,,,,,,0.058743,0.117974,1.048956,-6.580000,3.010000,95.339996
18346,,,,,,,,,,,,,34.904469,42.384842,0.173379,0.227232,,,,,,,,,,,,
18348,,,,-0.662303,-0.675094,0.653479,0.661821,1.359454,,,,,,,,,,,,-0.647010,-0.898271,0.636138,,,,,,
18349,,,,,,,,,,,37.316833,49.301395,,,,,0.126858,0.192724,0.050917,,,,,,,,,
18337,,,,,,,,,,,,,,,,,,,,-0.652370,-0.902214,0.618681,,,,,,
18354,,,,,,,,,,,,,,,,,,,,,,,0.058743,0.153842,1.011990,-12.110000,9.030000,101.430000
18356,,,,,,,,,,,,,35.579704,42.438335,0.166612,0.265732,,,,-0.641655,-0.893837,0.653648,,,,,,
18359,,,,,,,,,,,,,,,,,,,,,,,0.020313,0.153842,1.011990,-11.060000,3.990000,102.199997
18365,,,,,,,,,,,,,,,,,,,,,,,0.020313,0.153842,1.011990,-7.140000,-0.210000,101.570000
18366,,,,,,,,,,,,,35.416164,43.378777,0.168245,0.256341,,,,-0.636465,-0.889652,0.671201,,,,,,
18375,,,,,,,,,,,,,,,,,,,,,,,0.025193,0.088511,1.013149,-5.880000,-9.170000,113.120003
18376,,,,,,,,,,,,,35.842922,43.641529,0.163984,0.253718,,,,,,,,,,,,
18377,,,,,,,,,,,,,,,,,,,,-0.631293,-0.885299,0.688817,,,,,,
18385,,,,,,,,,,,,,,,,,,,,,,,0.025193,0.088511,1.013149,-46.619999,-12.530000,115.709999
18386,,,,,,,,,,,,,35.635429,44.388058,0.166056,0.246264,,,,,,,,,,,,
18391,,,,-0.636298,-0.653168,0.750226,0.674696,1.751018,,,,,,,,,,,,,,,,,,,,
18392,,,,,,,,,,,37.284168,51.615376,,,,,0.143733,0.182434,0.061447,,,,,,,,,
18388,,,,,,,,,,,,,,,,,,,,-0.626215,-0.880613,0.709443,,,,,,
18405,,,,,,,,,,,,,35.688656,45.049870,0.165067,0.272016,,,,,,,,,,,,
18395,,,,,,,,,,,,,,,,,,,,-0.621190,-0.875981,0.730156,,,,,,
18408,,,,,,,,,,,,,,,,,,,,,,,0.029341,0.162565,1.037915,-11.270000,-1.050000,131.250000
18407,,,,,,,,,,,,,,,,,,,,-0.616109,-0.871090,0.753913,,,,,,
18413,,,,,,,,,,,,,,,,,,,,,,,0.014579,0.122427,1.059204,3.150000,-10.710000,133.279999
18416,,,,,,,,,,,,,36.092384,45.990227,0.161036,0.262627,,,,,,,,,,,,
18418,,,,,,,,,,,,,,,,,,,,-0.611302,-0.866337,0.777782,0.014579,0.122427,1.059204,-6.860000,-10.990000,137.410004
18425,,,,,,,,,,,,,,,,,,,,-0.606507,-0.861460,0.798797,0.014579,0.122427,1.059204,-8.540000,-23.379999,147.979996
18426,,,,,,,,,,,,,35.858028,46.382030,0.163376,0.258715,,,,,,,,,,,,
18435,,,,,,,,,,,,,,,,,,,,,,,0.023424,0.120109,0.974475,1.610000,-2.380000,159.529999
18436,,,,,,,,,,,,,35.657520,47.255707,0.165378,0.249992,,,,-0.601761,-0.856296,0.825937,,,,,,
18441,,,,-0.612305,-0.628176,0.863368,0.686519,2.110689,,,,,,,,,,,,,,,,,,,,
18442,,,,,,,,,,,38.080292,53.125702,,,,,0.160885,0.162757,0.039398,,,,,,,,,
18446,,,,,,,,,,,,,35.484947,47.436745,0.178235,0.269306,,,,-0.596902,-0.850942,0.856255,,,,,,
18447,,,,,,,,,,,,,,,,,,,,,,,0.019825,0.157807,1.096170,-2.170000,13.370000,169.539993
18455,,,,,,,,,,,,,,,,,,,,,,,0.019825,0.157807,1.096170,-6.860000,6.860000,168.070007
18466,,,,,,,,,,,,,35.600578,48.118340,0.177080,0.262500,,,,,,,,,,,,
18456,,,,,,,,,,,,,,,,,,,,-0.592365,-0.845362,0.886721,,,,,,
18467,,,,,,,,,,,,,,,,,,,,-0.587861,-0.839799,0.914396,,,,,,
18472,,,,,,,,,,,,,,,,,,,,,,,0.027389,0.184220,0.937814,8.470000,-3.080000,172.690002
18476,,,,,,,,,,,,,35.433174,48.705044,0.178752,0.256642,,,,,,,,,,,,
18477,,,,,,,,,,,,,,,,,,,,-0.583520,-0.833947,0.945361,0.027389,0.184220,0.937814,-13.720000,-1.890000,172.830002
18485,,,,,,,,,,,,,,,,,,,,,,,0.030622,0.210938,1.135210,-11.550000,-6.790000,181.649994
18486,,,,,,,,,,,,,35.308353,49.222748,0.179998,0.251473,,,,,,,,,,,,
18487,,,,,,,,,,,,,,,,,,,,-0.579577,-0.828133,0.976562,,,,,,
18491,,,,-0.590958,-0.599828,0.988198,0.700739,2.399278,,,,,,,,,,,,,,,,,,,,
18492,,,,,,,,,,,39.446941,54.538658,,,,,0.182778,0.137519,0.012995,,,,,,,,,
18496,,,,,,,,,,,,,35.705616,49.593975,0.195144,0.267526,,,,,,,,,,,,
18497,,,,,,,,,,,,,,,,,,,,-0.575587,-0.822160,1.008043,0.030622,0.210938,1.135210,-0.560000,-8.330000,181.089996
18505,,,,,,,,,,,,,,,,,,,,-0.571626,-0.815976,1.039765,0.036539,0.181719,0.942450,-0.770000,10.500000,176.399994
18506,,,,,,,,,,,,,35.544247,49.980686,0.196755,0.263665,,,,,,,,,,,,
18515,,,,,,,,,,,,,,,,,,,,-0.567949,-0.809459,1.068574,0.036539,0.181719,0.942450,2.380000,-1.470000,175.559998
18526,,,,,,,,,,,,,35.585728,50.436741,0.196341,0.259111,,,,-0.564517,-0.803097,1.097647,,,,,,
18531,,,,,,,,,,,,,,,,,,,,,,,0.049532,0.209962,0.983137,-9.240000,-9.170000,168.699997
18536,,,,,,,,,,,,,,,,,,,,-0.561292,-0.796355,1.130258,0.049532,0.209962,0.983137,-9.730000,0.840000,163.589996
18537,,,,,,,,,,,,,36.094276,50.640736,0.191263,0.257074,,,,,,,,,,,,
18541,,,,-0.572804,-0.567927,1.117958,0.720931,2.570997,,,,,,,,,,,,,,,,,,,,
18542,,,,,,,,,,,41.399315,55.908489,,,,,0.201715,0.108026,-0.011253,,,,,,,,,
18546,,,,,,,,,,,,,36.370197,51.009773,0.215812,0.272546,,,,-0.558241,-0.789638,1.156570,,,,,,
18547,,,,,,,,,,,,,,,,,,,,,,,0.044225,0.227469,1.090619,27.510000,-4.270000,167.300003
18555,,,,,,,,,,,,,,,,,,,,,,,0.044225,0.227469,1.090619,15.330000,-3.850000,162.190002
18566,,,,,,,,,,,,,36.802429,51.276882,0.211496,0.269879,,,,,,,,,,,,
18557,,,,,,,,,,,,,,,,,,,,-0.555092,-0.782860,1.186466,,,,,,
18567,,,,,,,,,,,,,,,,,,,,-0.552325,-0.775614,1.213278,,,,,,
18572,,,,,,,,,,,,,,,,,,,,,,,0.059292,0.163724,0.868518,-2.520000,19.530001,151.130005
18576,,,,,,,,,,,,,37.157387,51.587765,0.207952,0.266775,,,,,,,,,,,,
18577,,,,,,,,,,,,,,,,,,,,,,,0.075762,0.215391,1.169919,-5.950000,9.100000,151.830002
18578,,,,,,,,,,,,,,,,,,,,-0.549514,-0.768194,1.240368,,,,,,
18585,,,,,,,,,,,,,,,,,,,,,,,0.075762,0.215391,1.169919,3.500000,-11.060000,147.000000
18586,,,,,,,,,,,,,37.841492,52.175632,0.201121,0.260906,,,,,,,,,,,,
18591,,,,-0.558266,-0.532385,1.245004,0.749896,2.593263,,,,,,,,,,,,,,,,,,,,
18592,,,,,,,,,,,43.415989,58.258595,,,,,0.219905,0.084209,0.002175,,,,,,,,,
18588,,,,,,,,,,,,,,,,,,,,-0.547113,-0.760955,1.267698,,,,,,
18596,,,,,,,,,,,,,38.425713,52.681755,0.223491,0.288718,,,,,,,,,,,,
18597,,,,,,,,,,,,,,,,,,,,,,,0.039711,0.191601,0.950685,-13.230000,-19.809999,139.860001
18595,,,,,,,,,,,,,,,,,,,,-0.544881,-0.753641,1.291850,,,,,,
18605,,,,,,,,,,,,,,,,,,,,,,,0.039711,0.191601,0.950685,2.520000,-16.100000,140.490005
18606,,,,,,,,,,,,,38.904690,53.090824,0.218708,0.284633,,,,,,,,,,,,
18607,,,,,,,,,,,,,,,,,,,,-0.543033,-0.746278,1.316236,,,,,,
18615,,,,,,,,,,,,,,,,,,,,,,,0.061976,0.158661,1.071160,-2.310000,-0.700000,142.240005
18627,,,,,,,,,,,,,39.657349,53.191166,0.211193,0.283631,,,,,,,,,,,,
18625,,,,,,,,,,,,,,,,,,,,-0.539297,-0.731108,1.365687,,,,,,
18632,,,,,,,,,,,,,,,,,,,,,,,0.061976,0.158661,1.071160,6.930000,-7.070000,140.630005
18636,,,,,,,,,,,,,39.740002,53.444557,0.210368,0.281101,,,,-0.537683,-0.723291,1.390785,,,,,,
18637,,,,,,,,,,,,,,,,,,,,,,,0.087352,0.182817,1.019371,13.160000,-11.340000,139.649994
18641,,,,-0.547621,-0.493223,1.362533,0.788802,2.465438,,,,,,,,,,,,,,,,,,,,
18642,,,,,,,,,,,47.175842,59.463509,,,,,0.225172,0.051182,-0.027109,,,,,,,,,
18646,,,,,,,,,,,,,40.591412,54.323711,0.254447,0.289174,,,,-0.536189,-0.715400,1.416156,,,,,,
18647,,,,,,,,,,,,,,,,,,,,,,,0.087352,0.182817,1.019371,1.540000,5.180000,144.899994
18655,,,,,,,,,,,,,,,,,,,,,,,0.054046,0.192394,1.044320,1.820000,3.150000,141.610001
18656,,,,,,,,,,,,,40.732864,54.480305,0.253035,0.287610,,,,-0.534888,-0.707272,1.441790,,,,,,
18665,,,,,,,,,,,,,,,,,,,,,,,0.054046,0.192394,1.044320,21.209999,-10.010000,136.429993
18666,,,,,,,,,,,,,41.952293,55.165031,0.240859,0.280773,,,,,,,,,,,,
18667,,,,,,,,,,,,,,,,,,,,-0.533765,-0.699238,1.463995,,,,,,
18675,,,,,,,,,,,,,,,,,,,,,,,0.113704,0.164334,0.918843,-2.870000,16.940001,129.360001
18686,,,,,,,,,,,,,42.687672,55.173203,0.233517,0.280692,,,,,,,,,,,,
18677,,,,,,,,,,,,,,,,,,,,-0.532838,-0.690964,1.490193,,,,,,
18691,,,,-0.540969,-0.450581,1.465851,0.836777,2.220022,,,,,,,,,,,,,,,,,,,,
18692,,,,,,,,,,,51.265610,61.842934,,,,,0.238439,0.026965,-0.026171,,,,,,,,,
18693,,,,,,,,,,,,,,,,,,,,,,,0.107238,0.218075,1.024129,-9.380000,30.240000,111.510002
18688,,,,,,,,,,,,,,,,,,,,-0.532152,-0.682105,1.509110,,,,,,
18696,,,,,,,,,,,,,43.544819,55.684589,0.282153,0.308861,,,,,,,,,,,,
18695,,,,,,,,,,,,,,,,,,,,-0.531642,-0.673711,1.524360,,,,,,
18698,,,,,,,,,,,,,,,,,,,,,,,0.107238,0.218075,1.024129,2.800000,11.760000,105.139999
18705,,,,,,,,,,,,,,,,,,,,,,,0.107238,0.218075,1.024129,-3.010000,3.570000,105.419998
18706,,,,,,,,,,,,,44.329117,56.191486,0.274322,0.303800,,,,-0.531353,-0.665094,1.543584,,,,,,
18715,,,,,,,,,,,,,,,,,,,,,,,0.050752,0.175314,1.059875,-21.350000,-13.860000,90.440002
18716,,,,,,,,,,,,,45.513485,56.589813,0.262496,0.299823,,,,-0.531450,-0.656396,1.559102,,,,,,
18725,,,,,,,,,,,,,,,,,,,,,,,0.050752,0.175314,1.059875,5.180000,-13.370000,78.750000
18726,,,,,,,,,,,,,46.507534,56.922157,0.252571,0.296504,,,,,,,,,,,,
18727,,,,,,,,,,,,,,,,,,,,-0.531430,-0.647899,1.574462,,,,,,
18735,,,,,,,,,,,,,,,,,,,,,,,0.133163,0.115534,1.046150,-4.550000,4.060000,76.230003
18746,,,,,,,,,,,,,47.566792,57.145977,0.241994,0.294270,,,,,,,,,,,,
18748,,,,-0.538227,-0.404707,1.552622,0.891081,1.905161,,,,,,,,,,,,,,,,,,,,
18749,,,,,,,,,,,55.667469,64.310837,,,,,0.243202,0.005670,-0.022801,,,,,,,,,
18745,,,,,,,,,,,,,,,,,,,,-0.531707,-0.630268,1.601734,,,,,,
18754,,,,,,,,,,,,,,,,,,,,,,,0.102663,0.108153,1.011929,12.040000,5.880000,76.300003
18756,,,,,,,,,,,,,48.294235,57.457031,0.296290,0.325677,,,,,,,,,,,,
18755,,,,,,,,,,,,,,,,,,,,-0.531953,-0.621039,1.613218,,,,,,
18759,,,,,,,,,,,,,,,,,,,,,,,0.102663,0.108153,1.011929,-0.420000,-2.100000,73.360001
18765,,,,,,,,,,,,,,,,,,,,,,,0.102663,0.113948,1.038464,6.860000,-1.610000,71.190002
18766,,,,,,,,,,,,,49.431019,58.240128,0.284939,0.317858,,,,-0.532356,-0.611946,1.624734,,,,,,
18775,,,,,,,,,,,,,,,,,,,,,,,0.059048,0.113948,1.038464,25.059999,-26.110001,73.709999
18776,,,,,,,,,,,,,50.899685,58.859222,0.270275,0.311676,,,,-0.532804,-0.602828,1.639773,,,,,,
18785,,,,,,,,,,,,,,,,,,,,,,,0.124379,0.084241,1.016565,1.890000,-16.309999,68.739998
18786,,,,,,,,,,,,,51.589626,59.382111,0.263386,0.306455,,,,,,,,,,,,
18787,,,,,,,,,,,,,,,,,,,,-0.533216,-0.593688,1.650879,,,,,,
18791,,,,-0.539125,-0.355958,1.622312,0.947728,1.564193,,,,,,,,,,,,,,,,,,,,
18792,,,,,,,,,,,60.295849,66.375267,,,,,0.238185,-0.013218,-0.028643,,,,,,,,,
18806,,,,,,,,,,,,,52.390221,59.763428,0.320119,0.331519,,,,,,,,,,,,
18797,,,,,,,,,,,,,,,,,,,,-0.534216,-0.584154,1.666107,,,,,,
18808,,,,,,,,,,,,,,,,,,,,,,,0.124379,0.084241,1.016565,-26.950001,16.660000,56.349998
18805,,,,,,,,,,,,,,,,,,,,-0.535203,-0.574768,1.673641,,,,,,
18813,,,,,,,,,,,,,,,,,,,,,,,0.105103,0.131882,0.907680,10.990000,24.639999,57.119999
18816,,,,,,,,,,,,,53.446056,60.200748,0.309577,0.327152,,,,-0.536129,-0.564989,1.684792,,,,,,
18818,,,,,,,,,,,,,,,,,,,,,,,0.105103,0.131882,0.907680,-11.480000,18.340000,54.320000
18825,,,,,,,,,,,,,,,,,,,,,,,0.086437,0.100040,1.028094,-17.430000,-3.010000,44.450001
18826,,,,,,,,,,,,,54.863297,61.096348,0.295426,0.318210,,,,-0.537377,-0.555276,1.692335,,,,,,
18835,,,,,,,,,,,,,,,,,,,,,,,0.086437,0.100040,1.028094,24.290001,-2.870000,38.779999
18836,,,,,,,,,,,,,55.486340,61.279320,0.289205,0.316383,,,,-0.538607,-0.545386,1.699584,,,,,,
18841,,,,-0.543208,-0.304782,1.675390,1.002214,1.225186,,,,,,,,,,,,,,,,,,,,
18842,,,,,,,,,,,64.630348,68.773445,,,,,0.239324,-0.026500,-0.024878,,,,,,,,,
18846,,,,,,,,,,,,,56.530308,61.951412,0.339398,0.343210,,,,,,,,,,,,
18847,,,,,,,,,,,,,,,,,,,,-0.539723,-0.535609,1.703318,0.137677,0.048373,0.983869,0.770000,17.360001,35.840000
18855,,,,,,,,,,,,,,,,,,,,,,,0.137677,0.048373,0.983869,3.500000,-7.560000,28.910000
18866,,,,,,,,,,,,,58.058311,62.350555,0.324142,0.339225,,,,,,,,,,,,
18857,,,,,,,,,,,,,,,,,,,,-0.541336,-0.525330,1.710664,,,,,,
18867,,,,,,,,,,,,,,,,,,,,-0.542693,-0.515432,1.714333,,,,,,
18871,,,,,,,,,,,,,,,,,,,,,,,0.107848,0.055327,0.923601,-3.360000,-26.459999,10.150000
18876,,,,,,,,,,,,,,,,,,,,,,,0.107848,0.055327,0.923601,35.980000,-37.380001,8.120000
18877,,,,,,,,,,,,,59.483788,63.626957,0.309908,0.326480,,,,,,,,,,,,
18878,,,,,,,,,,,,,,,,,,,,-0.544055,-0.505457,1.714218,,,,,,
18885,,,,,,,,,,,,,,,,,,,,-0.545411,-0.495292,1.717675,0.149511,0.006344,0.938485,19.389999,-17.709999,9.870000
18886,,,,,,,,,,,,,61.163971,64.065071,0.293132,0.322106,,,,,,,,,,,,
18891,,,,-0.549857,-0.251704,1.712658,1.050139,0.900751,,,,,,,,,,,,,,,,,,,,
18892,,,,,,,,,,,67.987801,71.419983,,,,,0.241550,-0.031507,-0.005941,,,,,,,,,
18896,,,,,,,,,,,,,61.894169,64.335152,0.332795,0.356420,,,,-0.546793,-0.484934,1.721391,,,,,,
18897,,,,,,,,,,,,,,,,,,,,,,,0.149511,0.025742,0.919758,-13.020000,21.980000,-1.610000
18905,,,,,,,,,,,,,,,,,,,,,,,0.144082,0.025742,0.919758,-6.930000,27.230000,-6.090000
18906,,,,,,,,,,,,,63.020039,65.073883,0.321553,0.349044,,,,,,,,,,,,
18907,,,,,,,,,,,,,,,,,,,,-0.548533,-0.474171,1.721471,,,,,,
18915,,,,,,,,,,,,,,,,,,,,,,,0.144082,0.025742,0.977098,-3.570000,14.070000,-9.870000
18927,,,,,,,,,,,,,64.205544,65.667450,0.309716,0.343118,,,,,,,,,,,,
18925,,,,,,,,,,,,,,,,,,,,-0.552043,-0.452319,1.714339,,,,,,
18932,,,,,,,,,,,,,,,,,,,,,,,0.091866,0.034221,0.977098,6.930000,-7.140000,-11.060000
18936,,,,,,,,,,,,,65.021072,66.251122,0.301573,0.337290,,,,,,,,,,,,
18937,,,,,,,,,,,,,,,,,,,,,,,0.107787,-0.031293,1.021262,12.110000,-11.970000,-4.760000
18935,,,,,,,,,,,,,,,,,,,,-0.553743,-0.441387,1.714282,,,,,,
18941,,,,-0.558313,-0.197309,1.734804,1.087678,0.592326,,,,,,,,,,,,,,,,,,,,
18942,,,,,,,,,,,70.284370,73.729759,,,,,0.242257,-0.030710,0.019147,,,,,,,,,
18946,,,,,,,,,,,,,66.250313,67.285278,0.321417,0.359266,,,,-0.555404,-0.430565,1.714282,,,,,,
18947,,,,,,,,,,,,,,,,,,,,,,,0.107787,-0.031293,1.021262,24.990000,-12.740000,-5.390000
18955,,,,,,,,,,,,,,,,,,,,,,,0.087352,-0.037454,0.905423,11.060000,-8.190000,-6.020000
18956,,,,,,,,,,,,,67.269470,67.591408,0.311241,0.356209,,,,,,,,,,,,
18957,,,,,,,,,,,,,,,,,,,,-0.556972,-0.419335,1.710631,,,,,,
18965,,,,,,,,,,,,,,,,,,,,-0.558636,-0.408225,1.710612,0.087352,-0.037454,0.905423,-0.140000,-0.070000,-6.230000
18966,,,,,,,,,,,,,68.091087,68.361961,0.303037,0.348515,,,,,,,,,,,,
18975,,,,,,,,,,,,,,,,,,,,-0.560136,-0.396918,1.710547,0.089731,-0.053009,0.967216,30.660000,-6.860000,-0.630000
18985,,,,,,,,,,,,,,,0.295903,0.341810,,,,,,,,,,,,
18986,,,,,,,,,,,,,68.805557,69.033470,,,,,,-0.561699,-0.385269,1.710559,,,,,,
18991,,,,-0.567708,-0.142220,1.742150,1.111885,0.294624,,,,,,,,,,,,,,,,,,,,
18992,,,,,,,,,,,72.062141,74.843155,,,,,0.241539,-0.028078,0.030977,,,,,,,,,
18994,,,,,,,,,,,,,,,,,,,,,,,0.089731,0.005185,0.978562,-11.970000,-1.890000,-2.170000
18996,,,,,,,,,,,,,69.339523,70.051590,0.315433,0.347215,,,,-0.563336,-0.373836,1.706954,,,,,,
18999,,,,,,,,,,,,,,,,,,,,,,,0.064416,0.005185,0.978562,-10.080000,4.410000,3.080000
19005,,,,,,,,,,,,,,,,,,,,,,,0.064416,0.005185,0.978562,-11.550000,1.330000,0.630000
19006,,,,,,,,,,,,,69.887352,70.486481,0.309963,0.342873,,,,,,,,,,,,
19007,,,,,,,,,,,,,,,,,,,,-0.565158,-0.362128,1.710509,,,,,,
19015,,,,,,,,,,,,,,,,,,,,,,,0.034770,0.000854,0.912560,9.100000,2.870000,0.140000
19027,,,,,,,,,,,,,70.465935,70.970039,0.304186,0.338045,,,,,,,,,,,,
19018,,,,,,,,,,,,,,,,,,,,-0.566911,-0.350741,1.714224,,,,,,
19028,,,,,,,,,,,,,,,,,,,,-0.568430,-0.339032,1.710559,,,,,,
19032,,,,,,,,,,,,,,,,,,,,,,,0.061000,-0.013054,0.952759,-0.560000,-2.870000,8.330000
19036,,,,,,,,,,,,,71.576920,71.415977,0.293093,0.333592,,,,-0.570130,-0.327179,1.714276,,,,,,
19037,,,,,,,,,,,,,,,,,,,,,,,0.061000,-0.013054,0.952759,4.760000,-8.750000,1.120000
19041,,,,-0.577107,-0.087072,1.734519,1.120921,-0.001332,,,,,,,,,,,,,,,,,,,,
19042,,,,,,,,,,,73.650093,74.269707,,,,,0.238678,-0.027315,0.020635,,,,,,,,,
19046,,,,,,,,,,,,,71.731560,72.144081,0.313756,0.318303,,,,-0.571927,-0.315478,1.710612,,,,,,
19047,,,,,,,,,,,,,,,,,,,,,,,0.061000,-0.013054,0.911462,2.030000,-3.010000,3.290000
19055,,,,,,,,,,,,,,,,,,,,,,,0.036600,0.003599,0.911462,27.020000,6.160000,2.380000
19056,,,,,,,,,,,,,72.405975,72.205299,0.307023,0.317691,,,,,,,,,,,,
19057,,,,,,,,,,,,,,,,,,,,-0.573535,-0.303328,1.714218,,,,,,
19065,,,,,,,,,,,,,,,,,,,,,,,0.036600,0.003599,0.911462,20.160000,19.740000,-4.970000
19066,,,,,,,,,,,,,72.437241,72.268387,0.306710,0.317061,,,,,,,,,,,,
19068,,,,,,,,,,,,,,,,,,,,-0.575057,-0.291475,1.714266,,,,,,
19075,,,,,,,,,,,,,,,,,,,,-0.576728,-0.279384,1.710654,0.035075,-0.026718,0.917074,-16.799999,9.730000,-16.799999
19087,,,,,,,,,,,,,72.989731,72.324135,0.301194,0.316505,,,,,,,,,,,,
19086,,,,,,,,,,,,,,,,,,,,-0.578606,-0.267368,1.703305,,,,,,
19091,,,,-0.585547,-0.032497,1.711164,1.114187,-0.306421,,,,,,,,,,,,,,,,,,,,
19092,,,,,,,,,,,74.310577,72.592178,,,,,0.233814,-0.024222,0.007518,,,,,,,,,
19094,,,,,,,,,,,,,,,,,,,,,,,-0.004880,-0.009638,1.085190,-11.760000,-3.500000,-30.379999
19096,,,,,,,,,,,,,74.011772,72.851822,0.300226,0.287776,,,,-0.580265,-0.255450,1.703355,,,,,,
19100,,,,,,,,,,,,,,,,,,,,,,,-0.004880,-0.009638,1.085190,6.300000,-8.540000,-30.940001
19105,,,,,,,,,,,,,,,,,,,,,,,-0.014274,-0.061244,0.932202,21.910000,-7.070000,-35.700001
19106,,,,,,,,,,,,,74.356148,72.830956,0.296787,0.287985,,,,,,,,,,,,
19107,,,,,,,,,,,,,,,,,,,,-0.581767,-0.243884,1.695936,,,,,,
19115,,,,,,,,,,,,,,,,,,,,,,,-0.014274,-0.061244,0.932202,-5.600000,-12.810000,-38.290001
19116,,,,,,,,,,,,,74.633728,72.253120,0.294016,0.293754,,,,,,,,,,,,
19118,,,,,,,,,,,,,,,,,,,,-0.583358,-0.232092,1.688540,,,,,,
19125,,,,,,,,,,,,,,,,,,,,-0.584712,-0.220129,1.684731,-0.028121,-0.080581,0.978806,16.450001,-14.840000,-43.400002
19126,,,,,,,,,,,,,74.841805,71.743759,0.291938,0.298840,,,,,,,,,,,,
19135,,,,,,,,,,,,,,,,,,,,,,,-0.028121,-0.080581,0.978806,-2.380000,-13.650000,-49.490002
19146,,,,,,,,,,,,,75.082016,71.649635,0.289540,0.299780,,,,,,,,,,,,
19148,,,,-0.592083,0.020903,1.670790,1.092426,-0.632104,,,74.518799,69.958313,,,,,0.239309,-0.019741,-0.012707,,,,,,,,,
19147,,,,,,,,,,,,,,,,,,,,-0.586913,-0.196646,1.662136,,,,,,
19154,,,,,,,,,,,,,,,,,,,,,,,-0.025132,-0.121268,0.880779,-7.630000,4.060000,-77.000000
19156,,,,,,,,,,,,,75.595390,71.627266,0.287326,0.263169,,,,,,,,,,,,
19159,,,,,,,,,,,,,,,,,,,,,,,-0.025132,-0.121268,0.880779,-20.930000,11.550000,-78.750000
19158,,,,,,,,,,,,,,,,,,,,-0.588065,-0.185062,1.651016,,,,,,
19165,,,,,,,,,,,,,,,,,,,,-0.589184,-0.172993,1.635978,-0.040199,-0.089975,0.903044,9.170000,12.880000,-79.099998
19166,,,,,,,,,,,,,75.684952,71.248077,0.286431,0.266955,,,,,,,,,,,,
19175,,,,,,,,,,,,,,,,,,,,,,,-0.040199,-0.089975,0.903044,-20.370001,10.150000,-85.120003
19176,,,,,,,,,,,,,75.754219,70.374725,0.285740,0.275675,,,,,,,,,,,,
19177,,,,,,,,,,,,,,,,,,,,-0.590126,-0.161171,1.624628,,,,,,
19185,,,,,,,,,,,,,,,,,,,,,,,-0.041602,-0.139019,0.992348,0.980000,7.420000,-86.169998
19186,,,,,,,,,,,,,76.299248,69.588654,0.280298,0.283524,,,,,,,,,,,,
19191,,,,-0.595824,0.072579,1.611679,1.057776,-0.988703,,,,,,,,,,,,,,,,,,,,
19192,,,,,,,,,,,72.982140,66.997375,,,,,0.233604,-0.006700,-0.012372,,,,,,,,,
19188,,,,,,,,,,,,,,,,,,,,-0.591078,-0.149422,1.605535,,,,,,
19205,,,,,,,,,,,,,76.156776,69.371567,0.260231,0.244284,,,,,,,,,,,,
19198,,,,,,,,,,,,,,,,,,,,-0.591595,-0.137730,1.590029,,,,,,
19206,,,,,,,,,,,,,,,,,,,,-0.592070,-0.125998,1.570701,,,,,,
19209,,,,,,,,,,,,,,,,,,,,,,,-0.041602,-0.139019,0.992348,-15.120000,16.240000,-106.540001
19214,,,,,,,,,,,,,,,,,,,,,,,-0.086071,-0.200690,0.923906,21.490000,8.400000,-108.639999
19216,,,,,,,,,,,,,76.282089,68.539047,0.258979,0.252596,,,,-0.592066,-0.114696,1.551356,,,,,,
19219,,,,,,,,,,,,,,,,,,,,,,,-0.048678,-0.253150,0.980026,1.540000,3.150000,-109.269997
19225,,,,,,,,,,,,,,,,,,,,,,,-0.048678,-0.253150,0.980026,-1.120000,-4.550000,-111.370003
19226,,,,,,,,,,,,,75.703239,67.542603,0.264759,0.262546,,,,-0.591915,-0.103142,1.535936,,,,,,
19235,,,,,,,,,,,,,,,,,,,,,,,-0.048678,-0.253150,0.980026,8.680000,0.070000,-128.589996
19236,,,,,,,,,,,,,75.199974,67.238060,0.269784,0.265586,,,,,,,,,,,,
19238,,,,,,,,,,,,,,,,,,,,-0.591434,-0.091612,1.512931,,,,,,
19241,,,,-0.595982,0.122049,1.532080,1.013774,-1.381853,,,,,,,,,,,,,,,,,,,,
19242,,,,,,,,,,,69.689865,64.018219,,,,,0.214029,0.016414,0.016371,,,,,,,,,
19246,,,,,,,,,,,,,75.312187,66.424141,0.222622,0.232050,,,,,,,,,,,,
19247,,,,,,,,,,,,,,,,,,,,,,,-0.081313,-0.224175,0.789279,-9.380000,19.459999,-140.699997
19248,,,,,,,,,,,,,,,,,,,,-0.591031,-0.080530,1.490268,,,,,,
19255,,,,,,,,,,,,,,,,,,,,,,,-0.135603,-0.251564,0.953613,1.470000,19.040001,-135.309998
19266,,,,,,,,,,,,,74.909714,65.552376,0.226641,0.240755,,,,-0.589379,-0.058088,1.445575,,,,,,
19258,,,,,,,,,,,,,,,,,,,,-0.590362,-0.069295,1.464041,,,,,,
19272,,,,,,,,,,,,,,,,,,,,,,,-0.135603,-0.251564,0.953613,27.160000,45.290001,-117.529999
19276,,,,,,,,,,,,,73.870811,64.856308,0.237014,0.247705,,,,-0.587901,-0.046822,1.427200,,,,,,
19277,,,,,,,,,,,,,,,,,,,,,,,-0.176107,-0.278343,0.948550,-20.299999,53.270000,-119.279999
19285,,,,,,,,,,,,,,,,,,,,,,,-0.176107,-0.278343,0.948550,-2.450000,61.320000,-109.339996
19286,,,,,,,,,,,,,73.124741,63.894459,0.244463,0.257309,,,,,,,,,,,,
19287,,,,,,,,,,,,,,,,,,,,-0.586491,-0.035649,1.405463,,,,,,
19291,,,,-0.591892,0.168916,1.431017,0.965257,-1.805827,,,,,,,,,,,,,,,,,,,,
19292,,,,,,,,,,,67.061600,60.106815,,,,,0.201044,0.038744,0.023891,,,,,,,,,
19296,,,,,,,,,,,,,72.482651,63.072968,0.214119,0.210811,,,,,,,,,,,,
19297,,,,,,,,,,,,,,,,,,,,-0.584766,-0.024779,1.387715,-0.163358,-0.241438,0.867664,-10.850000,77.070000,-108.080002
19305,,,,,,,,,,,,,,,,,,,,-0.582864,-0.013938,1.366441,-0.163358,-0.241438,0.867664,-2.240000,68.180000,-105.559998
19306,,,,,,,,,,,,,71.407196,62.393017,0.224857,0.217600,,,,,,,,,,,,
19315,,,,,,,,,,,,,,,,,,,,,,,-0.135725,-0.231373,1.027240,-3.360000,77.419998,-108.220001
19356,,,,,,,,,,,,,70.484077,61.257118,0.234074,0.228942,,,,,,,,,,,,
19358,,,,-0.583050,0.212881,1.309600,0.918103,-2.233501,,,67.642006,54.443256,,,,,0.219206,0.047209,-0.052669,-0.570945,0.036963,1.272720,,,,,,
19361,,,,,,,,,,,,,69.928452,60.040260,0.247738,0.161888,,,,,,,,,,,,
19365,,,,,,,,,,,,,,,,,,,,,,,-0.309636,-0.220759,0.823378,34.580002,-23.590000,-122.849998
19368,,,,,,,,,,,,,,,,,,,,-0.567980,0.045951,1.251901,,,,,,
19371,,,,,,,,,,,,,,,,,,,,,,,-0.239059,-0.294630,0.946537,27.090000,-21.700001,-117.879997
19376,,,,,,,,,,,,,,,0.252448,0.175679,,,,-0.564987,0.054849,1.228045,-0.239059,-0.294630,0.946537,10.220000,-12.180000,-118.510002
19377,,,,,,,,,,,,,69.456810,58.659115,,,,,,,,,,,,,,
19382,,,,,,,,,,,,,,,,,,,,,,,-0.239059,-0.294630,0.946537,6.720000,-3.500000,-133.070007
19386,,,,,,,,,,,,,68.777107,56.820774,0.259234,0.194034,,,,-0.561839,0.063630,1.207802,,,,,,
19387,,,,,,,,,,,,,,,,,,,,,,,-0.239059,-0.231678,0.844850,-3.990000,11.130000,-152.460007
19391,,,,-0.569123,0.253750,1.172430,0.878605,-2.608023,,,,,,,,,,,,,,,,,,,,
19392,,,,,,,,,,,64.597229,50.863735,,,,,0.177583,0.073995,-0.038501,,,,,,,,,
19395,,,,,,,,,,,,,,,,,,,,,,,-0.208437,-0.231678,0.844850,16.940001,18.969999,-171.220001
19406,,,,,,,,,,,,,68.615524,55.248859,0.218267,0.159671,,,,,,,,,,,,
19397,,,,,,,,,,,,,,,,,,,,-0.558472,0.072115,1.177659,,,,,,
19405,,,,,,,,,,,,,,,,,,,,-0.554748,0.080597,1.148240,,,,,,
19411,,,,,,,,,,,,,,,,,,,,,,,-0.208437,-0.286517,0.899201,21.980000,22.190001,-201.949997
19416,,,,,,,,,,,,,67.781967,53.890816,0.226590,0.173230,,,,-0.550808,0.088914,1.112243,-0.181536,-0.286517,0.899201,16.170000,14.700000,-210.699997
19421,,,,,,,,,,,,,,,,,,,,,,,-0.181536,-0.286517,0.899201,1.680000,9.030000,-223.020004
19426,,,,,,,,,,,,,,,,,,,,-0.546794,0.096963,1.070013,-0.165554,-0.270230,0.901092,10.640000,3.010000,-228.830002
19427,,,,,,,,,,,,,66.942009,52.124435,0.234977,0.190867,,,,,,,,,,,,
19431,,,,,,,,,,,,,,,,,,,,,,,-0.165554,-0.270230,0.901092,21.980000,-7.140000,-247.800003
19436,,,,,,,,,,,,,66.416824,50.981136,0.240221,0.202283,,,,,,,,,,,,
19437,,,,,,,,,,,,,,,,,,,,-0.542784,0.104355,1.028251,-0.165554,-0.270230,0.901092,17.219999,-19.389999,-246.960007
19441,,,,-0.549967,0.291435,1.028001,0.852396,-2.849806,,,,,,,,,,,,,,,,,,,,
19442,,,,,,,,,,,61.990646,49.405441,,,,,0.156707,0.102359,-0.002885,,,,,,,,,
19446,,,,,,,,,,,,,66.291878,49.469482,0.205016,0.196982,,,,,,,,,,,,
19447,,,,,,,,,,,,,,,,,,,,-0.538323,0.111634,0.986957,-0.256078,-0.367647,0.938485,18.129999,-28.980000,-239.470001
19455,,,,,,,,,,,,,,,,,,,,-0.533889,0.118447,0.943130,-0.256078,-0.367647,0.938485,29.330000,-28.139999,-234.289993
19465,,,,,,,,,,,,,65.676704,48.411316,0.211158,0.207548,,,,-0.529086,0.124855,0.902913,,,,,,
19471,,,,,,,,,,,,,,,,,,,,,,,-0.172142,-0.437248,1.039684,16.660000,-17.290001,-220.289993
19476,,,,,,,,,,,,,65.226387,47.211185,0.215655,0.219531,,,,-0.523977,0.131252,0.866232,-0.172142,-0.437248,1.039684,28.490000,-12.600000,-214.059998
19485,,,,,,,,,,,,,,,,,,,,,,,-0.194590,-0.387167,0.974231,22.260000,-6.160000,-208.809998
19486,,,,,,,,,,,,,64.526436,47.099045,0.222643,0.220651,,,,-0.518578,0.137306,0.826753,,,,,,
19491,,,,-0.525624,0.325960,0.886957,0.843034,-2.890743,,,,,,,,,,,,,,,,,,,,
19492,,,,,,,,,,,59.137711,49.925735,,,,,0.134003,0.132516,0.057409,,,,,,,,,
19505,,,,,,,,,,,,,,,0.192575,0.232547,,,,,,,,,,,,
19506,,,,,,,,,,,,,63.542034,46.636326,,,,,,,,,,,,,,
19496,,,,,,,,,,,,,,,,,,,,-0.513261,0.142992,0.790630,,,,,,
19508,,,,,,,,,,,,,,,,,,,,,,,-0.194590,-0.387167,0.974231,24.850000,-4.900000,-205.309998
19507,,,,,,,,,,,,,,,,,,,,-0.507567,0.148536,0.754680,,,,,,
19513,,,,,,,,,,,,,,,,,,,,,,,-0.154940,-0.348920,1.111481,27.090000,-15.470000,-197.330002
19516,,,,,,,,,,,,,62.838570,46.010132,0.199599,0.238799,,,,,,,,,,,,
19518,,,,,,,,,,,,,,,,,,,,,,,-0.154940,-0.348920,0.880901,33.810001,-23.730000,-187.529999
19517,,,,,,,,,,,,,,,,,,,,-0.501579,0.153923,0.718910,,,,,,
19525,,,,,,,,,,,,,,,,,,,,,,,-0.074908,-0.288591,0.880901,8.680000,-25.410000,-182.139999
19526,,,,,,,,,,,,,62.202374,45.298805,0.205951,0.245902,,,,,,,,,,,,
19528,,,,,,,,,,,,,,,,,,,,-0.495899,0.158844,0.686438,,,,,,
19535,,,,,,,,,,,,,,,,,,,,-0.489864,0.164038,0.656981,-0.074908,-0.288591,0.880901,5.460000,-29.260000,-149.869995
19536,,,,,,,,,,,,,61.084751,45.221901,0.217110,0.246670,,,,,,,,,,,,
19541,,,,-0.496317,0.357447,0.758878,0.850861,-2.718247,,,57.175568,51.544125,,,,,,,,,,,,,,,,
19542,,,,,,,,,,,,,,,,,0.112856,0.156882,0.100463,,,,,,,,,
19546,,,,,,,,,,,,,60.751225,45.753426,0.193000,0.263995,,,,-0.483701,0.168514,0.633650,,,,,,
19547,,,,,,,,,,,,,,,,,,,,,,,-0.137494,-0.279502,1.071648,17.080000,-37.450001,-135.380005
19555,,,,,,,,,,,,,,,,,,,,,,,-0.137494,-0.279502,1.071648,-2.590000,-40.880001,-122.639999
19566,,,,,,,,,,,,,59.667229,45.944706,0.203824,0.262085,,,,,,,,,,,,
19564,,,,,,,,,,,,,,,,,,,,-0.471552,0.177439,0.592598,,,,,,
19571,,,,,,,,,,,,,,,,,,,,,,,-0.075640,-0.229787,0.973438,14.280000,-63.139999,-94.639999
19576,,,,,,,,,,,,,,,,,,,,,,,-0.063867,-0.192760,1.064145,9.240000,-70.279999,-86.870003
19577,,,,,,,,,,,,,59.261269,46.205593,0.207877,0.259480,,,,,,,,,,,,
19578,,,,,,,,,,,,,,,,,,,,-0.465300,0.181666,0.575210,,,,,,
19585,,,,,,,,,,,,,,,,,,,,-0.459204,0.185782,0.563658,-0.063867,-0.192760,1.064145,-2.940000,-70.349998,-59.360001
19586,,,,,,,,,,,,,58.735058,46.566998,0.213131,0.255872,,,,,,,,,,,,
19591,,,,-0.462443,0.386112,0.649811,0.872907,-2.384676,,,57.574577,53.533581,,,,,0.103455,0.171311,0.088209,,,,,,,,,
19596,,,,,,,,,,,,,58.164719,46.833382,0.224406,0.281034,,,,-0.452967,0.189654,0.555039,,,,,,
19597,,,,,,,,,,,,,,,,,,,,,,,-0.043005,-0.129320,1.030107,1.260000,-68.110001,-42.910000
19605,,,,,,,,,,,,,,,,,,,,,,,-0.043005,-0.129320,1.030107,9.940000,-38.080002,-32.900002
19606,,,,,,,,,,,,,57.724514,47.641281,0.228801,0.272967,,,,,,,,,,,,
19608,,,,,,,,,,,,,,,,,,,,-0.446648,0.193676,0.546461,,,,,,
19615,,,,,,,,,,,,,,,,,,,,,,,0.025132,-0.075030,0.951173,16.660000,-2.940000,-21.840000
19625,,,,,,,,,,,,,56.702980,48.218948,0.239001,0.267200,,,,,,,,,,,,
19617,,,,,,,,,,,,,,,,,,,,-0.439876,0.197805,0.543568,,,,,,
19628,,,,,,,,,,,,,,,,,,,,-0.432928,0.201852,0.540702,,,,,,
19631,,,,,,,,,,,,,,,,,,,,,,,0.025132,-0.075030,1.064938,9.100000,12.460000,-21.559999
19636,,,,,,,,,,,,,55.853119,48.235641,0.247487,0.267033,,,,,,,0.065880,-0.033245,1.064938,0.700000,10.080000,-19.530001
19635,,,,,,,,,,,,,,,,,,,,-0.425867,0.206174,0.534949,,,,,,
19641,,,,-0.424553,0.412247,0.561945,0.903922,-1.971167,,,,,,,,,,,,,,,,,,,,
19642,,,,,,,,,,,59.950016,55.394051,,,,,0.105145,0.177110,0.031022,,,,,,,,,
19646,,,,,,,,,,,,,55.431232,49.021889,0.284919,0.285201,,,,-0.418743,0.210490,0.532087,,,,,,
19647,,,,,,,,,,,,,,,,,,,,,,,0.065880,-0.033245,1.064938,-13.230000,6.790000,-23.170000
19655,,,,,,,,,,,,,,,,,,,,,,,0.065148,-0.021045,0.943182,-8.330000,9.730000,-23.799999
19656,,,,,,,,,,,,,55.433422,49.491005,0.284897,0.280517,,,,-0.411553,0.214921,0.529219,,,,,,
19665,,,,,,,,,,,,,,,,,,,,,,,0.065148,-0.021045,0.943182,-4.690000,-4.900000,-31.570000
19666,,,,,,,,,,,,,55.941689,49.847618,0.279822,0.276956,,,,,,,,,,,,
19667,,,,,,,,,,,,,,,,,,,,-0.404321,0.219217,0.523469,,,,,,
19675,,,,,,,,,,,,,,,,,,,,-0.397217,0.223675,0.517752,0.100467,-0.038369,1.063291,-11.340000,-23.660000,-41.580002
19685,,,,,,,,,,,,,56.097965,50.096676,0.278262,0.274469,,,,,,,,,,,,
19686,,,,,,,,,,,,,,,,,,,,-0.389904,0.227906,0.509183,,,,,,
19691,,,,-0.383327,0.436211,0.494814,0.937853,-1.545529,,,,,,,,,,,,,,,,,,,,
19692,,,,,,,,,,,62.038689,57.570835,,,,,0.106585,0.179150,-0.011261,,,,,,,,,
19693,,,,,,,,,,,,,,,,,,,,,,,0.109007,-0.083570,1.045601,-4.690000,7.560000,-60.759998
19696,,,,,,,,,,,,,56.470055,50.444862,0.303756,0.301434,,,,-0.382440,0.232243,0.497738,,,,,,
19698,,,,,,,,,,,,,,,,,,,,,,,0.109007,-0.083570,1.045601,-11.970000,15.680000,-63.209999
19705,,,,,,,,,,,,,,,,,,,,,,,0.109007,-0.083570,1.045601,7.000000,14.000000,-67.339996
19706,,,,,,,,,,,,,56.855202,50.686630,0.299911,0.299020,,,,,,,,,,,,
19707,,,,,,,,,,,,,,,,,,,,-0.374781,0.236590,0.486302,,,,,,
19715,,,,,,,,,,,,,,,,,,,,,,,0.097295,-0.115961,0.956846,-7.630000,-13.650000,-72.239998
19716,,,,,,,,,,,,,57.710823,51.423603,0.291367,0.291662,,,,,,,,,,,,
19717,,,,,,,,,,,,,,,,,,,,-0.366880,0.240819,0.474898,,,,,,
19725,,,,,,,,,,,,,,,,,,,,,,,0.097295,-0.115961,0.960811,6.160000,-15.190000,-75.879997
19726,,,,,,,,,,,,,58.432732,51.496857,0.284159,0.290930,,,,,,,,,,,,
19728,,,,,,,,,,,,,,,,,,,,-0.359025,0.244941,0.460682,,,,,,
19735,,,,,,,,,,,,,,,,,,,,,,,0.127917,-0.110654,0.960811,25.900000,8.750000,-79.870003
19744,,,,,,,,,,,,,59.099945,52.022270,0.277497,0.285684,,,,,,,,,,,,
19746,,,,-0.339549,0.458402,0.446726,0.969045,-1.145705,,,,,,,,,,,,-0.342472,0.252876,0.432317,,,,,,
19747,,,,,,,,,,,62.948936,60.681667,,,,,0.111111,0.182865,-0.011947,,,,,,,,,
19736,,,,,,,,,,,,,,,,,,,,-0.350876,0.249017,0.446515,,,,,,
19752,,,,,,,,,,,,,,,,,,,,,,,0.121817,-0.145058,0.901580,-7.910000,34.860001,-87.290001
19756,,,,,,,,,,,,,59.910858,52.627331,0.282130,0.323147,,,,-0.333869,0.257090,0.418128,,,,,,
19757,,,,,,,,,,,,,,,,,,,,,,,0.121817,-0.145058,0.901580,-10.780000,15.050000,-89.040001
19765,,,,,,,,,,,,,,,,,,,,,,,0.064843,-0.140056,1.058899,-6.440000,3.500000,-91.070000
19766,,,,,,,,,,,,,60.234348,53.560135,0.278900,0.313833,,,,-0.325332,0.261163,0.403975,,,,,,
19775,,,,,,,,,,,,,,,,,,,,,,,0.064843,-0.140056,1.058899,-19.180000,-18.270000,-81.900002
19776,,,,,,,,,,,,,61.119350,53.855534,0.270064,0.310884,,,,,,,,,,,,
19777,,,,,,,,,,,,,,,,,,,,-0.316810,0.264899,0.389859,,,,,,
19785,,,,,,,,,,,,,,,,,,,,,,,0.080093,-0.132736,1.045113,-3.990000,-20.860001,-76.089996
19786,,,,,,,,,,,,,61.823078,54.616856,0.263037,0.303282,,,,,,,,,,,,
19788,,,,,,,,,,,,,,,,,,,,-0.308254,0.268690,0.375801,,,,,,
19791,,,,-0.294079,0.479248,0.415768,0.992876,-0.784373,,,,,,,,,,,,,,,,,,,,
19792,,,,,,,,,,,61.376171,64.201744,,,,,0.091297,0.190673,0.038937,,,,,,,,,
19806,,,,,,,,,,,,,61.937756,55.323338,0.239897,0.345456,,,,,,,,,,,,
19805,,,,,,,,,,,,,,,,,,,,-0.290371,0.275855,0.350434,,,,,,
19808,,,,,,,,,,,,,,,,,,,,,,,0.080093,-0.132736,1.045113,1.330000,-0.280000,-63.490002
19813,,,,,,,,,,,,,,,,,,,,,,,0.064538,-0.145912,0.950319,12.530000,4.550000,-56.000000
19816,,,,,,,,,,,,,62.373539,56.268215,0.235546,0.336021,,,,,,,,,,,,
19818,,,,,,,,,,,,,,,,,,,,-0.281100,0.279287,0.344870,0.064538,-0.145912,0.950319,12.950000,3.150000,-48.230000
19825,,,,,,,,,,,,,,,,,,,,,,,0.055083,-0.135786,1.019249,-7.490000,-11.480000,-35.070000
19826,,,,,,,,,,,,,62.346001,57.208981,0.235821,0.326628,,,,-0.271762,0.282811,0.333619,,,,,,
19835,,,,,,,,,,,,,,,,,,,,,,,0.055083,-0.135786,1.019249,14.840000,-14.560000,-13.020000
19836,,,,,,,,,,,,,62.341728,58.019444,0.235864,0.318536,,,,,,,,,,,,
19841,,,,-0.247825,0.499176,0.400336,1.005998,-0.459347,,,60.354370,66.711639,,,,,,,,,,,,,,,,
19842,,,,,,,,,,,,,,,,,0.092695,0.196628,0.066644,,,,,,,,,
19838,,,,,,,,,,,,,,,,,,,,-0.262720,0.286133,0.328007,,,,,,
19846,,,,,,,,,,,,,62.292500,58.655731,0.222066,0.347283,,,,,,,,,,,,
19847,,,,,,,,,,,,,,,,,,,,,,,0.055205,-0.090097,1.024861,-1.540000,7.070000,7.980000
19845,,,,,,,,,,,,,,,,,,,,-0.253143,0.289380,0.330899,,,,,,
19855,,,,,,,,,,,,,,,,,,,,,,,0.055205,-0.090097,1.024861,-16.730000,22.260000,14.280000
19865,,,,,,,,,,,,,61.800594,59.878521,0.226977,0.335074,,,,,,,,,,,,
19856,,,,,,,,,,,,,,,,,,,,-0.243553,0.292577,0.330935,,,,,,
19866,,,,,,,,,,,,,,,,,,,,-0.233985,0.296143,0.333662,,,,,,
19871,,,,,,,,,,,,,,,,,,,,,,,0.032208,-0.007381,0.905240,-2.660000,19.040001,49.000000
19876,,,,,,,,,,,,,61.531277,60.917442,0.229666,0.324700,,,,,,,0.032208,-0.007381,1.066402,-13.580000,14.000000,60.549999
19878,,,,,,,,,,,,,,,,,,,,-0.224247,0.299684,0.344870,,,,,,
19885,,,,,,,,,,,,,,,,,,,,-0.214445,0.303501,0.358925,0.032208,0.015555,1.066402,0.700000,3.640000,79.940002
19886,,,,,,,,,,,,,61.205090,61.798336,0.232923,0.315905,,,,,,,,,,,,
19891,,,,-0.201708,0.518602,0.399356,1.006338,-0.161535,,,60.313129,66.748634,,,,,0.087997,0.197092,0.042059,,,,,,,,,
19906,,,,,,,,,,,,,60.864780,63.016907,0.235744,0.304255,,,,,,,,,,,,
19896,,,,,,,,,,,,,,,,,,,,-0.204791,0.307038,0.370163,,,,,,
19908,,,,,,,,,,,,,,,,,,,,,,,-0.015433,0.071980,1.098244,1.540000,-8.260000,93.029999
19907,,,,,,,,,,,,,,,,,,,,-0.195309,0.310899,0.387095,,,,,,
19913,,,,,,,,,,,,,,,,,,,,,,,-0.015433,0.071980,1.072929,4.830000,-25.200001,101.919998
19916,,,,,,,,,,,,,60.402676,63.835426,0.240358,0.296082,,,,,,,,,,,,
19918,,,,,,,,,,,,,,,,,,,,,,,-0.021716,0.155916,1.072929,-19.250000,-26.180000,103.389999
19917,,,,,,,,,,,,,,,,,,,,-0.185734,0.314871,0.406843,,,,,,
19925,,,,,,,,,,,,,,,,,,,,-0.176411,0.319039,0.423878,-0.021716,0.155916,1.072929,-0.490000,-30.660000,107.730003
19926,,,,,,,,,,,,,60.153751,64.139824,0.242844,0.293043,,,,,,,,,,,,
19935,,,,,,,,,,,,,,,,,,,,,,,-0.017568,0.163602,1.036512,10.990000,-39.060001,107.449997
19936,,,,,,,,,,,,,60.493187,64.944824,0.239455,0.285005,,,,,,,,,,,,
19941,,,,-0.156633,0.537908,0.412362,0.993018,0.120770,,,,,,,,,,,,,,,,,,,,
19942,,,,,,,,,,,60.875896,65.504662,,,,,0.106901,0.191629,-0.009591,,,,,,,,,
19938,,,,,,,,,,,,,,,,,,,,-0.167366,0.323065,0.443695,,,,,,
19946,,,,,,,,,,,,,60.193371,65.032440,0.250318,0.266734,,,,,,,,,,,,
19947,,,,,,,,,,,,,,,,,,,,,,,-0.017568,0.163602,1.036512,9.310000,-3.430000,98.910004
19948,,,,,,,,,,,,,,,,,,,,-0.158140,0.327383,0.463532,,,,,,
19955,,,,,,,,,,,,,,,,,,,,,,,-0.004026,0.152500,0.904142,-15.470000,42.560001,87.360001
19966,,,,,,,,,,,,,59.810005,64.959633,0.254146,0.267461,,,,,,,,,,,,
19956,,,,,,,,,,,,,,,,,,,,-0.148708,0.332143,0.477803,,,,,,
19967,,,,,,,,,,,,,,,,,,,,-0.139044,0.337362,0.494883,,,,,,
19971,,,,,,,,,,,,,,,,,,,,,,,-0.004026,0.195627,1.004365,-10.360000,44.310001,72.239998
19976,,,,,,,,,,,,,59.905205,64.801697,0.253196,0.269038,,,,,,,,,,,,
19977,,,,,,,,,,,,,,,,,,,,-0.129491,0.342597,0.512026,0.006405,0.195627,1.004365,-10.080000,42.070000,65.870003
19985,,,,,,,,,,,,,,,,,,,,-0.120284,0.348120,0.520578,0.006405,0.195627,1.004365,-19.040001,27.440001,58.240002
19986,,,,,,,,,,,,,60.299019,64.418930,0.249264,0.272859,,,,,,,,,,,,
19991,,,,-0.113459,0.557429,0.439513,0.966238,0.400003,,,,,,,,,,,,,,,,,,,,
19992,,,,,,,,,,,60.523220,62.384968,,,,,0.110130,0.178828,-0.076184,,,,,,,,,
19996,,,,,,,,,,,,,60.070297,64.085892,0.246615,0.232557,,,,,,,,,,,,
19997,,,,,,,,,,,,,,,,,,,,,,,-0.021594,0.130967,1.065365,-0.910000,16.799999,35.840000
19995,,,,,,,,,,,,,,,,,,,,-0.111766,0.353202,0.526265,,,,,,
20005,,,,,,,,,,,,,,,,,,,,,,,-0.021594,0.130967,1.065365,-14.630000,10.780000,31.219999
20006,,,,,,,,,,,,,60.425957,63.804680,0.243064,0.235364,,,,-0.102651,0.358644,0.531982,,,,,,
20015,,,,,,,,,,,,,,,,,,,,,,,-0.064416,0.074969,0.885049,-1.750000,8.400000,21.139999
20026,,,,,,,,,,,,,60.544720,63.387577,0.241878,0.239529,,,,,,,,,,,,
20017,,,,,,,,,,,,,,,,,,,,-0.093816,0.363844,0.537725,,,,,,
20028,,,,,,,,,,,,,,,,,,,,-0.085349,0.369171,0.537660,,,,,,
20031,,,,,,,,,,,,,,,,,,,,,,,-0.100894,0.008967,0.906948,23.799999,11.410000,-13.300000
20036,,,,,,,,,,,,,,,,,,,,-0.076942,0.374141,0.534838,-0.100894,0.008967,0.906948,28.280001,11.830000,-18.480000
20037,,,,,,,,,,,,,60.863041,62.732880,0.238700,0.246066,,,,,,,,,,,,
20041,,,,-0.072977,0.577439,0.481581,0.927165,0.688634,,,,,,,,,,,,,,,,,,,,
20042,,,,,,,,,,,56.853603,61.317360,,,,,0.107111,0.172967,-0.053192,,,,,,,,,
20046,,,,,,,,,,,,,61.297585,61.684109,0.183042,0.241608,,,,-0.068337,0.379229,0.532055,,,,,,
20047,,,,,,,,,,,,,,,,,,,,,,,-0.084851,-0.039040,0.785131,10.360000,4.270000,-32.970001
20055,,,,,,,,,,,,,,,,,,,,,,,-0.084851,-0.039040,0.785131,-4.270000,2.380000,-41.020000
20056,,,,,,,,,,,,,60.890766,61.215988,0.187104,0.246282,,,,,,,,,,,,
20057,,,,,,,,,,,,,,,,,,,,-0.059731,0.384358,0.523495,,,,,,
20065,,,,,,,,,,,,,,,,,,,,,,,-0.084851,-0.077958,0.966545,8.120000,1.190000,-47.529999
20066,,,,,,,,,,,,,60.014668,60.837132,0.195852,0.250064,,,,,,,,,,,,
20067,,,,,,,,,,,,,,,,,,,,-0.051267,0.389340,0.517737,,,,,,
20075,,,,,,,,,,,,,,,,,,,,,,,-0.088816,-0.077958,0.966545,10.570000,12.600000,-36.049999
20090,,,,,,,,,,,,,59.700764,60.392788,0.198986,0.254501,,,,,,,,,,,,
20086,,,,,,,,,,,,,,,,,,,,-0.034317,0.399149,0.509062,,,,,,
20092,,,,-0.035872,0.598145,0.539904,0.877838,0.998617,,,,,,,,,,,,,,,,,,,,
20093,,,,,,,,,,,50.766670,60.990837,,,,,0.096140,0.174246,0.028116,,,,,,,,,
20096,,,,,,,,,,,,,58.941811,59.524078,0.121440,0.258609,,,,,,,,,,,,
20097,,,,,,,,,,,,,,,,,,,,-0.025833,0.403882,0.509156,-0.178547,-0.061000,0.969839,9.940000,31.570000,8.330000
20102,,,,,,,,,,,,,,,,,,,,,,,-0.178547,-0.066063,1.066951,0.280000,33.110001,13.650000
20106,,,,,,,,,,,,,58.373932,59.412621,0.127110,0.259721,,,,,,,,,,,,
20108,,,,,,,,,,,,,,,,,,,,,,,-0.137433,-0.066063,1.066951,-3.710000,32.270000,21.840000
20107,,,,,,,,,,,,,,,,,,,,-0.017249,0.408626,0.514914,,,,,,
20115,,,,,,,,,,,,,,,,,,,,-0.008811,0.413479,0.517792,-0.137433,-0.066063,1.066951,-3.430000,50.189999,47.459999
20116,,,,,,,,,,,,,56.798580,59.318840,0.142840,0.260658,,,,,,,,,,,,
20125,,,,,,,,,,,,,,,,,,,,,,,-0.212097,0.030500,0.930494,-18.340000,69.160004,84.839996
20126,,,,,,,,,,,,,55.470757,59.237114,0.156098,0.261474,,,,-0.000233,0.418270,0.529466,,,,,,
20135,,,,,,,,,,,,,,,,,,,,,,,-0.212097,0.030500,0.930494,-0.420000,87.430000,109.129997
20156,,,,,,,,,,,,,53.997631,59.180893,0.170806,0.262035,,,,,,,,,,,,
20158,,,,-0.002721,0.619675,0.616224,0.821037,1.340213,,,45.148849,59.490250,,,,,,,,,,,,,,,,
20159,,,,,,,,,,,,,,,,,0.099467,0.174729,0.083981,,,,,,,,,
20157,,,,,,,,,,,,,,,,,,,,0.024348,0.433468,0.590985,,,,,,
20164,,,,,,,,,,,,,,,,,,,,,,,-0.277001,0.153110,1.060851,-20.020000,-46.970001,157.220001
20166,,,,,,,,,,,,,52.420437,59.468876,0.107990,0.238174,,,,,,,,,,,,
20165,,,,,,,,,,,,,,,,,,,,0.031162,0.438175,0.621910,,,,,,
20170,,,,,,,,,,,,,,,,,,,,,,,-0.277001,0.153110,1.060851,-15.610000,-47.389999,163.309998
20175,,,,,,,,,,,,,,,,,,,,0.037988,0.443091,0.645471,-0.277001,0.153110,1.060851,-10.570000,-44.520000,159.110001
20176,,,,,,,,,,,,,51.194115,59.850658,0.120235,0.234362,,,,,,,,,,,,
20180,,,,,,,,,,,,,,,,,,,,,,,-0.193980,0.247355,0.886635,-20.160000,-36.330002,164.500000
20185,,,,,,,,,,,,,,,,,,,,0.044535,0.448276,0.677532,-0.193980,0.247355,0.886635,-38.360001,-20.370001,178.500000
20186,,,,,,,,,,,,,49.726307,59.781418,0.134891,0.235054,,,,,,,,,,,,
20191,,,,0.026041,0.642085,0.712320,0.760180,1.718796,,,42.168903,55.647312,,,,,0.107165,0.162970,0.038710,,,,,,,,,
20205,,,,,,,,,,,,,47.903984,59.540878,0.111412,0.183713,,,,,,,,,,,,
20196,,,,,,,,,,,,,,,,,,,,0.051002,0.453775,0.707036,,,,,,
20207,,,,,,,,,,,,,,,,,,,,,,,-0.193980,0.262910,0.862723,-6.790000,2.590000,193.830002
20206,,,,,,,,,,,,,,,,,,,,0.057357,0.459263,0.739688,,,,,,
20213,,,,,,,,,,,,,,,,,,,,,,,-0.247721,0.262910,0.862723,-16.379999,22.680000,210.000000
20216,,,,,,,,,,,,,46.244179,58.509529,0.127985,0.194011,,,,0.063535,0.465200,0.778715,,,,,,
20218,,,,,,,,,,,,,,,,,,,,,,,-0.210084,0.277916,0.912255,-36.400002,26.809999,215.669998
20225,,,,,,,,,,,,,,,,,,,,,,,-0.210084,0.277916,0.912255,-11.830000,23.309999,216.300003
20226,,,,,,,,,,,,,44.938404,57.998722,0.141023,0.199111,,,,,,,,,,,,
20227,,,,,,,,,,,,,,,,,,,,0.069288,0.471278,0.818009,,,,,,
20235,,,,,,,,,,,,,,,,,,,,,,,-0.366793,0.277672,0.984723,-35.980000,-5.530000,197.679993
20236,,,,,,,,,,,,,43.309383,57.047440,0.157288,0.208609,,,,,,,,,,,,
20237,,,,,,,,,,,,,,,,,,,,0.074657,0.477149,0.854627,,,,,,
20241,,,,0.050122,0.665351,0.829226,0.699129,2.128835,,,,,,,,,,,,,,,,,,,,
20242,,,,,,,,,,,39.419102,51.789055,,,,,0.125433,0.142598,-0.021513,,,,,,,,,
20246,,,,,,,,,,,,,42.469067,56.220470,0.127223,0.162910,,,,,,,,,,,,
20247,,,,,,,,,,,,,,,,,,,,,,,-0.366793,0.277672,0.984723,-12.740000,-16.379999,195.229996
20248,,,,,,,,,,,,,,,,,,,,0.079325,0.482871,0.887819,,,,,,
20255,,,,,,,,,,,,,,,,,,,,0.084010,0.488467,0.918638,-0.228079,0.258335,0.850096,-16.450001,-22.469999,186.479996
20265,,,,,,,,,,,,,41.089260,55.196644,0.141000,0.173132,,,,,,,,,,,,
20266,,,,,,,,,,,,,,,,,,,,0.088050,0.494468,0.952570,,,,,,
20271,,,,,,,,,,,,,,,,,,,,,,,-0.228079,0.258335,0.850096,-11.060000,4.410000,156.520004
20276,,,,,,,,,,,,,,,,,,,,,,,-0.286395,0.274378,1.060119,-18.480000,12.880000,151.339996
20277,,,,,,,,,,,,,40.398567,54.210541,0.147897,0.182978,,,,0.091869,0.500149,0.980586,,,,,,
20285,,,,,,,,,,,,,,,,,,,,0.095694,0.506194,1.005983,-0.286395,0.274378,1.060119,-24.709999,26.110001,135.380005
20286,,,,,,,,,,,,,39.294193,52.683201,0.158924,0.198228,,,,,,,,,,,,
20291,,,,0.069379,0.689378,0.966007,0.641922,2.544681,,,,,,,,,,,,,,,,,,,,
20292,,,,,,,,,,,35.711769,49.119144,,,,,0.140281,0.120653,-0.037963,,,,,,,,,
20296,,,,,,,,,,,,,38.545948,51.456604,0.114549,0.173138,,,,,,,,,,,,
20297,,,,,,,,,,,,,,,,,,,,,,,-0.182268,0.162138,0.816302,-3.430000,23.730000,125.650002
20299,,,,,,,,,,,,,,,,,,,,0.099209,0.512119,1.028218,,,,,,
20305,,,,,,,,,,,,,,,,,,,,,,,-0.182268,0.162138,0.816302,-31.080000,2.520000,111.720001
20306,,,,,,,,,,,,,37.376953,50.437492,0.126221,0.183313,,,,0.102659,0.518032,1.047579,,,,,,
20315,,,,,,,,,,,,,,,,,,,,,,,-0.218319,0.168055,1.083848,-7.000000,1.400000,110.599998
20326,,,,,,,,,,,,,36.638992,48.993923,0.133589,0.197727,,,,,,,,,,,,
20317,,,,,,,,,,,,,,,,,,,,0.105684,0.523758,1.066477,,,,,,
20328,,,,,,,,,,,,,,,,,,,,0.108709,0.529490,1.083240,,,,,,
20331,,,,,,,,,,,,,,,,,,,,,,,-0.181475,0.100284,0.815570,-15.470000,20.020000,112.769997
20336,,,,,,,,,,,,,35.674171,48.223442,0.143222,0.205420,,,,0.111656,0.535300,1.102895,-0.181475,0.100284,0.815570,-10.080000,11.550000,108.989998
20341,,,,0.083826,0.714011,1.118483,0.592296,2.913053,,,,,,,,,,,,,,,,,,,,
20342,,,,,,,,,,,31.138607,47.969147,,,,,0.147066,0.105170,0.013566,,,,,,,,,
20346,,,,,,,,,,,,,35.031994,47.262863,0.085680,0.198929,,,,0.114163,0.541084,1.122446,,,,,,
20347,,,,,,,,,,,,,,,,,,,,,,,-0.181475,0.100284,1.038281,-15.750000,5.600000,115.709999
20355,,,,,,,,,,,,,,,,,,,,,,,-0.184830,0.137494,1.038281,-14.070000,-0.840000,117.669998
20356,,,,,,,,,,,,,34.410358,46.894497,0.091887,0.202607,,,,,,,,,,,,
20358,,,,,,,,,,,,,,,,,,,,0.116605,0.546867,1.142122,,,,,,
20365,,,,,,,,,,,,,,,,,,,,0.118935,0.552423,1.161670,-0.184830,0.137494,1.038281,-23.520000,-14.070000,123.480003
20366,,,,,,,,,,,,,33.313576,46.543171,0.102838,0.206115,,,,,,,,,,,,
20375,,,,,,,,,,,,,,,,,,,,,,,-0.172996,0.136945,0.999241,-32.480000,-1.400000,151.899994
20386,,,,,,,,,,,,,32.450703,46.068710,0.111453,0.210852,,,,0.122773,0.563883,1.215232,,,,,,
20376,,,,,,,,,,,,,,,,,,,,0.120882,0.558122,1.188259,,,,,,
20391,,,,0.093624,0.739040,1.278823,0.553010,3.159523,,,,,,,,,,,,,,,,,,,,
20392,,,,,,,,,,,27.597626,46.892559,,,,,0.154103,0.088088,0.061645,,,,,,,,,
20393,,,,,,,,,,,,,,,,,,,,,,,-0.204594,0.098881,0.968985,-7.210000,3.150000,168.910004
20396,,,,,,,,,,,,,31.070620,45.757328,0.075714,0.198905,,,,,,,,,,,,
20398,,,,,,,,,,,,,,,,,,,,,,,-0.204594,0.098881,0.968985,-14.490000,-1.400000,183.539993
20397,,,,,,,,,,,,,,,,,,,,0.124685,0.569524,1.248979,,,,,,
20405,,,,,,,,,,,,,,,,,,,,0.126263,0.575154,1.280067,-0.183244,0.163968,1.062254,-22.330000,-11.200000,193.199997
20406,,,,,,,,,,,,,30.524134,45.072189,0.081170,0.205746,,,,,,,,,,,,
20415,,,,,,,,,,,,,,,,,,,,,,,-0.183244,0.163968,1.062254,-27.299999,-7.140000,205.309998
20425,,,,,,,,,,,,,29.099030,45.040459,0.095399,0.206063,,,,,,,,,,,,
20416,,,,,,,,,,,,,,,,,,,,0.127453,0.580818,1.314486,,,,,,
20426,,,,,,,,,,,,,,,,,,,,0.128571,0.586419,1.357025,,,,,,
20431,,,,,,,,,,,,,,,,,,,,,,,-0.189832,0.195322,0.966850,-27.160000,6.720000,238.979996
20436,,,,,,,,,,,,,27.894318,44.717834,0.107428,0.209284,,,,,,,-0.189832,0.195322,0.966850,-25.620001,5.600000,247.520004
20437,,,,,,,,,,,,,,,,,,,,0.129393,0.592215,1.396209,,,,,,
20441,,,,0.099060,0.764209,1.437039,0.525108,3.219408,,,,,,,,,,,,,,,,,,,,
20442,,,,,,,,,,,26.554113,45.034031,,,,,0.163992,0.060054,0.042014,,,,,,,,,
20446,,,,,,,,,,,,,26.914207,44.513447,0.102621,0.185334,,,,,,,,,,,,
20447,,,,,,,,,,,,,,,,,,,,0.130127,0.597757,1.443922,-0.189710,0.210938,1.033096,-39.340000,-6.370000,254.169998
20455,,,,,,,,,,,,,,,,,,,,,,,-0.189710,0.210938,1.033096,-25.760000,-14.980000,259.700012
20456,,,,,,,,,,,,,25.939219,44.589760,0.112356,0.184572,,,,,,,,,,,,
20457,,,,,,,,,,,,,,,,,,,,0.130223,0.603202,1.484621,,,,,,
20465,,,,,,,,,,,,,,,,,,,,0.130289,0.608713,1.533783,-0.166774,0.233325,1.006073,-22.610001,-15.190000,265.649994
20466,,,,,,,,,,,,,25.111244,44.089798,0.120623,0.189564,,,,,,,,,,,,
20475,,,,,,,,,,,,,,,,,,,,,,,-0.166774,0.233325,1.006073,-27.090000,-17.570000,269.359985
20486,,,,,,,,,,,,,24.453714,43.747383,0.127188,0.192983,,,,,,,,,,,,
20476,,,,,,,,,,,,,,,,,,,,0.130092,0.614097,1.581431,,,,,,
20487,,,,,,,,,,,,,,,,,,,,0.129540,0.619390,1.627953,,,,,,
20491,,,,0.100544,0.789239,1.584090,0.507501,3.078494,,,,,,,,,,,,,,,,,,,,
20492,,,,,,,,,,,27.504980,42.252579,,,,,0.171114,0.020057,-0.040189,,,,,,,,,
20493,,,,,,,,,,,,,,,,,,,,,,,-0.140788,0.243207,1.015711,-38.290001,-22.889999,245.559998
20496,,,,,,,,,,,,,24.310583,43.212296,0.141915,0.159428,,,,,,,,,,,,
20498,,,,,,,,,,,,,,,,,,,,,,,-0.140788,0.196542,0.967460,-7.700000,-27.790001,245.630005
20497,,,,,,,,,,,,,,,,,,,,0.128842,0.624583,1.669482,,,,,,
20505,,,,,,,,,,,,,,,,,,,,,,,-0.118584,0.196542,0.967460,-7.700000,-30.799999,242.970001
20506,,,,,,,,,,,,,23.736950,42.922874,0.147643,0.162318,,,,,,,,,,,,
20508,,,,,,,,,,,,,,,,,,,,0.128151,0.629727,1.714172,,,,,,
20515,,,,,,,,,,,,,,,,,,,,0.127116,0.634468,1.750645,-0.118584,0.196542,0.967460,-23.450001,-40.599998,219.729996
20516,,,,,,,,,,,,,23.266207,42.703182,0.152343,0.164511,,,,,,,,,,,,
20525,,,,,,,,,,,,,,,,,,,,,,,-0.105896,0.195261,1.046943,-16.870001,-40.320000,191.800003
20526,,,,,,,,,,,,,23.394094,41.930027,0.151066,0.172231,,,,0.125927,0.639298,1.790120,,,,,,
20535,,,,,,,,,,,,,,,,,,,,,,,-0.105896,0.195261,0.978867,-8.610000,-46.200001,172.759995
20545,,,,,,,,,,,,,23.703405,41.596458,0.147978,0.175562,,,,,,,,,,,,
20547,,,,0.098580,0.813827,1.714156,0.497241,2.783905,,,,,,,,,,,,,,,,,,,,
20548,,,,,,,,,,,28.379862,40.199905,,,,,0.175754,-0.011297,-0.076766,0.123483,0.648505,1.849774,,,,,,
20536,,,,,,,,,,,,,,,,,,,,0.124726,0.644040,1.821876,,,,,,
20553,,,,,,,,,,,,,,,,,,,,,,,-0.100406,0.172264,0.978867,0.140000,-67.480003,144.410004
20556,,,,,,,,,,,,,23.937391,40.989281,0.157876,0.152918,,,,0.122133,0.652987,1.873913,,,,,,
20559,,,,,,,,,,,,,,,,,,,,,,,-0.070211,0.118401,1.017419,2.170000,-70.489998,140.139999
20565,,,,,,,,,,,,,,,,,,,,,,,-0.070211,0.118401,1.017419,-3.990000,-76.580002,134.119995
20566,,,,,,,,,,,,,24.002144,40.556015,0.157230,0.157244,,,,0.120659,0.657267,1.897790,,,,,,
20575,,,,,,,,,,,,,,,,,,,,,,,-0.054046,0.119194,1.064511,-3.150000,-89.040001,125.370003
20576,,,,,,,,,,,,,24.582897,39.608196,0.151431,0.166708,,,,,,,,,,,,
20577,,,,,,,,,,,,,,,,,,,,0.119200,0.661202,1.914513,,,,,,
20585,,,,,,,,,,,,,,,,,,,,,,,-0.054046,0.119194,1.064511,-3.640000,-95.199997,101.080002
20586,,,,,,,,,,,,,25.070217,39.357315,0.146565,0.169213,,,,,,,,,,,,
20587,,,,,,,,,,,,,,,,,,,,0.117708,0.665151,1.937785,,,,,,
20591,,,,0.093737,0.837675,1.825186,0.490409,2.412519,,,,,,,,,,,,,,,,,,,,
20592,,,,,,,,,,,29.330591,37.943848,,,,,0.169688,-0.039380,-0.112027,,,,,,,,,
20606,,,,,,,,,,,,,24.980103,38.666702,0.160761,0.144558,,,,0.114028,0.674032,1.961156,,,,,,
20598,,,,,,,,,,,,,,,,,,,,0.115954,0.669387,1.950859,,,,,,
20607,,,,,,,,,,,,,,,,,,,,,,,-0.014579,0.094184,0.936594,1.890000,6.020000,75.459999
20612,,,,,,,,,,,,,,,,,,,,,,,0.019581,0.052704,1.033279,-4.900000,38.709999,55.580002
20616,,,,,,,,,,,,,25.274576,37.322521,0.157821,0.157979,,,,0.112016,0.678775,1.971336,,,,,,
20617,,,,,,,,,,,,,,,,,,,,,,,0.019581,0.052704,1.033279,-4.620000,24.500000,61.810001
20625,,,,,,,,,,,,,,,,,,,,,,,0.019581,0.052704,1.033279,-6.230000,6.650000,55.020000
20626,,,,,,,,,,,,,25.646463,35.783604,0.154107,0.173345,,,,,,,,,,,,
20627,,,,,,,,,,,,,,,,,,,,0.109810,0.683396,1.984588,,,,,,
20635,,,,,,,,,,,,,,,,,,,,,,,0.023119,0.049593,0.935069,-5.740000,-3.710000,46.130001
20636,,,,,,,,,,,,,25.968195,35.046242,0.150895,0.180707,,,,,,,,,,,,
20637,,,,,,,,,,,,,,,,,,,,0.107842,0.687961,1.994530,,,,,,
20641,,,,0.086629,0.860493,1.917817,0.483137,2.031400,,,,,,,,,,,,,,,,,,,,
20642,,,,,,,,,,,29.450306,36.952232,,,,,0.165856,-0.052039,-0.079370,,,,,,,,,
20646,,,,,,,,,,,,,26.776142,34.961800,0.144502,0.167683,,,,,,,,,,,,
20647,,,,,,,,,,,,,,,,,,,,,,,0.023119,0.049593,0.935069,-8.400000,-11.340000,29.750000
20648,,,,,,,,,,,,,,,,,,,,0.105709,0.692225,1.997803,,,,,,
20655,,,,,,,,,,,,,,,,,,,,,,,-0.001708,0.033245,1.094950,-4.410000,-14.560000,26.040001
20666,,,,,,,,,,,,,27.208122,34.645966,0.140189,0.170836,,,,,,,,,,,,
20658,,,,,,,,,,,,,,,,,,,,0.103647,0.696438,2.001066,,,,,,
20671,,,,,,,,,,,,,,,,,,,,,,,0.015006,0.003660,1.000156,-1.680000,-2.730000,33.320000
20668,,,,,,,,,,,,,,,,,,,,0.101575,0.700874,2.004354,,,,,,
20676,,,,,,,,,,,,,27.114176,33.900036,0.141127,0.178284,,,,0.099443,0.705057,2.010843,0.015006,0.003660,1.000156,-3.710000,16.450001,28.280001
20685,,,,,,,,,,,,,,,,,,,,,,,0.015006,0.003660,1.000156,4.410000,40.250000,36.889999
20686,,,,,,,,,,,,,27.304016,33.574905,0.139231,0.181531,,,,,,,,,,,,
20687,,,,,,,,,,,,,,,,,,,,0.097271,0.709874,2.017421,,,,,,
20691,,,,0.077881,0.882009,1.994039,0.472301,1.680565,,,,,,,,,,,,,,,,,,,,
20692,,,,,,,,,,,28.978035,36.152271,,,,,0.163383,-0.057436,-0.026842,,,,,,,,,
20696,,,,,,,,,,,,,27.358885,33.183372,0.132079,0.174253,,,,,,,,,,,,
20697,,,,,,,,,,,,,,,,,,,,0.095013,0.714510,2.024193,0.021472,0.007076,1.001986,-2.310000,28.700001,37.799999
20705,,,,,,,,,,,,,,,,,,,,,,,0.021472,0.007076,1.066402,4.340000,11.060000,40.950001
20706,,,,,,,,,,,,,27.399319,32.847488,0.131675,0.177606,,,,,,,,,,,,
20708,,,,,,,,,,,,,,,,,,,,0.092724,0.719105,2.030676,,,,,,
20715,,,,,,,,,,,,,,,,,,,,,,,-0.001037,0.027267,1.066402,-0.700000,3.080000,44.799999
20725,,,,,,,,,,,,,,,0.130367,0.176545,,,,,,,,,,,,
20726,,,,,,,,,,,,,27.530323,32.953766,,,,,,,,,,,,,,
20716,,,,,,,,,,,,,,,,,,,,0.090372,0.723631,2.040472,,,,,,
20727,,,,,,,,,,,,,,,,,,,,0.088122,0.727988,2.046846,,,,,,
20732,,,,,,,,,,,,,,,,,,,,,,,-0.023607,0.023607,0.959530,-1.960000,-13.440000,52.080002
20736,,,,,,,,,,,,,27.875044,32.961777,0.126925,0.176465,,,,,,,,,,,,
20737,,,,,,,,,,,,,,,,,,,,,,,-0.023607,0.023607,0.959530,-4.480000,-11.970000,52.779999
20735,,,,,,,,,,,,,,,,,,,,0.085805,0.732398,2.059829,,,,,,
20741,,,,0.068107,0.901980,2.056239,0.455805,1.376082,,,,,,,,,,,,,,,,,,,,
20742,,,,,,,,,,,28.346895,34.542328,,,,,0.157993,-0.064194,-0.004506,,,,,,,,,
20746,,,,,,,,,,,,,27.838465,33.214542,0.118464,0.151427,,,,,,,,,,,,
20747,,,,,,,,,,,,,,,,,,,,,,,-0.019764,0.035075,1.104710,6.650000,-2.240000,66.989998
20748,,,,,,,,,,,,,,,,,,,,0.083554,0.736635,2.066196,,,,,,
20755,,,,,,,,,,,,,,,,,,,,,,,-0.019764,0.035075,1.104710,1.470000,-3.570000,67.830002
20766,,,,,,,,,,,,,27.495342,32.833183,0.121890,0.155235,,,,,,,,,,,,
20757,,,,,,,,,,,,,,,,,,,,0.081163,0.741089,2.082323,,,,,,
20767,,,,,,,,,,,,,,,,,,,,0.078563,0.745388,2.091908,,,,,,
20771,,,,,,,,,,,,,,,,,,,,,,,-0.021716,0.067039,0.961787,0.000000,10.220000,67.059998
20776,,,,,,,,,,,,,,,,,,,,,,,-0.021716,0.067039,0.961787,5.320000,13.300000,67.900002
20777,,,,,,,,,,,,,27.250938,32.771290,0.124330,0.155853,,,,,,,,,,,,
20775,,,,,,,,,,,,,,,,,,,,0.076049,0.749587,2.101454,,,,,,
20785,,,,,,,,,,,,,,,,,,,,,,,-0.053924,0.035990,1.071709,-2.800000,13.930000,69.160004
20786,,,,,,,,,,,,,27.083488,32.321819,0.126002,0.160341,,,,0.073456,0.753850,2.114350,,,,,,
20791,,,,0.057877,0.920214,2.106732,0.432617,1.119712,,,,,,,,,,,,,,,,,,,,
20792,,,,,,,,,,,27.473255,32.240234,,,,,0.150503,-0.072666,-0.007429,,,,,,,,,
20796,,,,,,,,,,,,,27.178637,32.134991,0.112835,0.130012,,,,0.070862,0.758079,2.130204,,,,,,
20797,,,,,,,,,,,,,,,,,,,,,,,-0.053924,0.035990,1.071709,-2.450000,9.170000,65.379997
20805,,,,,,,,,,,,,,,,,,,,,,,-0.049898,0.060146,1.024617,-9.590000,6.230000,64.750000
20806,,,,,,,,,,,,,26.700214,31.965380,0.117612,0.131705,,,,0.068253,0.762222,2.139729,,,,,,
20815,,,,,,,,,,,,,,,,,,,,,,,-0.049898,0.060146,1.024617,-5.810000,2.450000,57.889999
20826,,,,,,,,,,,,,26.503197,31.471659,0.119579,0.136635,,,,,,,,,,,,
20816,,,,,,,,,,,,,,,,,,,,0.065534,0.766184,2.152369,,,,,,
20828,,,,,,,,,,,,,,,,,,,,0.062847,0.770052,2.158589,,,,,,
20831,,,,,,,,,,,,,,,,,,,,,,,-0.078202,0.045994,0.967033,-0.910000,8.820000,38.639999
20836,,,,,,,,,,,,,,,,,,,,,,,-0.078202,0.045994,1.039074,-2.100000,8.680000,33.599998
20837,,,,,,,,,,,,,25.955841,31.180891,0.125044,0.139538,,,,,,,,,,,,
20835,,,,,,,,,,,,,,,,,,,,0.060354,0.773824,2.164871,,,,,,
20841,,,,0.047706,0.936554,2.147503,0.402630,0.906589,,,,,,,,,,,,,,,,,,,,
20842,,,,,,,,,,,26.110857,29.542780,,,,,0.141976,-0.080590,-0.017410,,,,,,,,,
20846,,,,,,,,,,,,,26.016102,31.009151,0.105390,0.103530,,,,,,,,,,,,
20847,,,,,,,,,,,,,,,,,,,,,,,-0.090829,0.032452,1.039074,-1.890000,7.910000,28.910000
20848,,,,,,,,,,,,,,,,,,,,0.057676,0.777693,2.167996,,,,,,
20855,,,,,,,,,,,,,,,,,,,,,,,-0.090829,0.032452,0.972889,-9.660000,2.170000,27.230000
20856,,,,,,,,,,,,,26.261152,29.915903,0.102943,0.114446,,,,0.055037,0.781370,2.177440,,,,,,
20865,,,,,,,,,,,,,,,,,,,,,,,-0.057950,0.027389,0.972889,-12.110000,0.420000,19.459999
20866,,,,,,,,,,,,,25.386753,29.558733,0.111673,0.118012,,,,,,,,,,,,
20867,,,,,,,,,,,,,,,,,,,,0.052460,0.784942,2.180563,,,,,,
20875,,,,,,,,,,,,,,,,,,,,,,,-0.057950,-0.002684,1.019066,-2.730000,7.910000,0.630000
20885,,,,,,,,,,,,,25.307398,28.817699,0.112466,0.125411,,,,0.047423,0.791801,2.180598,,,,,,
20877,,,,,,,,,,,,,,,,,,,,0.049872,0.788282,2.183718,,,,,,
20891,,,,0.038025,0.950909,2.180223,0.366476,0.729965,,,,,,,,,,,,,,,,,,,,
20892,,,,,,,,,,,24.003523,26.948795,,,,,0.135690,-0.083604,-0.001946,,,,,,,,,
20894,,,,,,,,,,,,,,,,,,,,,,,-0.097478,-0.002684,1.019066,-0.140000,12.180000,-4.830000
20896,,,,,,,,,,,,,25.408058,27.847324,0.081990,0.098824,,,,,,,,,,,,
20895,,,,,,,,,,,,,,,,,,,,0.044959,0.795263,2.180612,,,,,,
20899,,,,,,,,,,,,,,,,,,,,,,,-0.104005,-0.012932,1.033035,-3.430000,12.530000,-1.610000
20905,,,,,,,,,,,,,,,,,,,,,,,-0.104005,-0.012932,1.033035,-7.070000,11.620000,-3.080000
20906,,,,,,,,,,,,,24.676268,27.278320,0.089297,0.104505,,,,0.042549,0.798592,2.174379,,,,,,
20915,,,,,,,,,,,,,,,,,,,,,,,-0.087169,-0.008479,0.934581,-10.360000,13.440000,-7.700000
20916,,,,,,,,,,,,,24.610582,26.799948,0.089953,0.109281,,,,0.040099,0.801930,2.177545,,,,,,
20925,,,,,,,,,,,,,,,,,,,,,,,-0.087169,-0.008479,0.934581,-3.080000,41.230000,-3.150000
20926,,,,,,,,,,,,,24.538683,25.833481,0.090671,0.118931,,,,,,,,,,,,
20927,,,,,,,,,,,,,,,,,,,,0.037692,0.805445,2.177569,,,,,,
20935,,,,,,,,,,,,,,,,,,,,,,,-0.180499,-0.027938,1.089460,-1.820000,43.119999,-1.190000
20947,,,,0.029183,0.963227,2.206229,0.325338,0.583199,,,,,,,,,,,,,,,,,,,,
20948,,,,,,,,,,,21.489882,24.335886,,,,,0.134029,-0.083171,0.027209,,,,,,,,,
20949,,,,,,,,,,,,,23.999796,25.328735,0.060899,0.087430,,,,,,,,,,,,
20944,,,,,,,,,,,,,,,,,,,,0.033074,0.811952,2.177528,,,,,,
20954,,,,,,,,,,,,,,,,,,,,,,,-0.180499,-0.024827,0.944341,4.130000,45.360001,13.090000
20956,,,,,,,,,,,,,23.242380,24.360548,0.068461,0.097097,,,,,,,,,,,,
20955,,,,,,,,,,,,,,,,,,,,0.030724,0.815377,2.177532,,,,,,
20959,,,,,,,,,,,,,,,,,,,,,,,-0.103395,-0.024827,0.944341,8.610000,48.090000,17.360001
20965,,,,,,,,,,,,,,,,,,,,,,,-0.103395,-0.024827,0.944341,1.260000,52.500000,18.410000
20966,,,,,,,,,,,,,22.303301,23.793560,0.077838,0.102759,,,,0.028635,0.818519,2.180652,,,,,,
20975,,,,,,,,,,,,,,,,,,,,,,,-0.176961,-0.013969,1.060729,-11.200000,68.669998,20.790001
20976,,,,,,,,,,,,,21.493074,23.292393,0.085928,0.107763,,,,0.026280,0.821782,2.183654,,,,,,
20985,,,,,,,,,,,,,,,,,,,,,,,-0.176961,-0.013969,1.060729,-7.490000,80.010002,19.180000
20986,,,,,,,,,,,,,21.388203,22.351494,0.086975,0.117157,,,,,,,,,,,,
20987,,,,,,,,,,,,,,,,,,,,0.023899,0.824944,2.192713,,,,,,
20991,,,,0.021430,0.973515,2.226616,0.280766,0.460681,,,,,,,,,,,,,,,,,,,,
20992,,,,,,,,,,,18.754389,21.100630,,,,,0.122700,-0.084505,0.034260,,,,,,,,,
21005,,,,,,,,,,,,,20.597214,22.274788,0.056617,0.072679,,,,,,,,,,,,
20998,,,,,,,,,,,,,,,,,,,,0.021591,0.828034,2.189673,,,,,,
21007,,,,,,,,,,,,,,,,,,,,,,,-0.169458,0.019886,0.942267,-5.390000,10.500000,23.240000
21006,,,,,,,,,,,,,,,,,,,,0.019793,0.830483,2.195871,,,,,,
21012,,,,,,,,,,,,,,,,,,,,,,,-0.245830,-0.024095,1.041331,0.420000,-37.450001,32.619999
21016,,,,,,,,,,,,,20.285149,21.696661,0.059733,0.078451,,,,,,,,,,,,
21018,,,,,,,,,,,,,,,,,,,,,,,-0.245830,-0.024095,1.041331,-5.810000,-34.930000,35.700001
21017,,,,,,,,,,,,,,,,,,,,0.018163,0.832353,2.199313,,,,,,
21025,,,,,,,,,,,,,,,,,,,,,,,-0.245830,-0.024095,1.024434,-6.930000,-18.410000,36.259998
21026,,,,,,,,,,,,,19.266764,21.004120,0.069902,0.085366,,,,,,,,,,,,
21027,,,,,,,,,,,,,,,,,,,,0.016471,0.834725,2.208452,,,,,,
21035,,,,,,,,,,,,,,,,,,,,,,,-0.208376,-0.005246,1.024434,-5.460000,3.290000,28.490000
21036,,,,,,,,,,,,,18.950754,20.412565,0.073057,0.091273,,,,,,,,,,,,
21037,,,,,,,,,,,,,,,,,,,,0.014705,0.836704,2.211635,,,,,,
21041,,,,0.014919,0.981841,2.242289,0.234542,0.357953,,,,,,,,,,,,,,,,,,,,
21042,,,,,,,,,,,16.072052,17.837585,,,,,0.116193,-0.086853,0.031069,,,,,,,,,
21046,,,,,,,,,,,,,18.135822,19.913454,0.043682,0.050623,,,,,,,,,,,,
21047,,,,,,,,,,,,,,,,,,,,,,,-0.205021,0.017629,0.951600,-1.120000,16.940001,29.400000
21048,,,,,,,,,,,,,,,,,,,,0.013035,0.839144,2.214622,,,,,,
21055,,,,,,,,,,,,,,,,,,,,,,,-0.205021,0.017629,0.951600,1.750000,23.379999,29.260000
21066,,,,,,,,,,,,,17.204573,18.978144,0.052980,0.059962,,,,,,,,,,,,
21056,,,,,,,,,,,,,,,,,,,,0.011338,0.841391,2.220835,,,,,,
21067,,,,,,,,,,,,,,,,,,,,0.009884,0.843459,2.226931,,,,,,
21071,,,,,,,,,,,,,,,,,,,,,,,-0.227347,-0.024156,1.091900,-5.600000,20.160000,24.219999
21076,,,,,,,,,,,,,16.010714,18.526190,0.064901,0.064475,,,,,,,-0.227347,-0.024156,1.091900,-3.150000,14.420000,20.440001
21077,,,,,,,,,,,,,,,,,,,,0.008191,0.845386,2.232991,,,,,,
21085,,,,,,,,,,,,,,,,,,,,,,,-0.321714,0.010431,0.944463,-8.820000,-10.010000,14.490000
21086,,,,,,,,,,,,,15.177731,17.294252,0.073218,0.076775,,,,,,,,,,,,
21088,,,,,,,,,,,,,,,,,,,,0.006881,0.846967,2.230006,,,,,,
21091,,,,0.009712,0.988314,2.253998,0.188505,0.271596,,,,,,,,,,,,,,,,,,,,
21092,,,,,,,,,,,13.376162,14.623729,,,,,0.109948,-0.088825,0.023828,,,,,,,,,
21096,,,,,,,,,,,,,14.958559,16.739401,0.037705,0.037370,,,,,,,,,,,,
21097,,,,,,,,,,,,,,,,,,,,,,,-0.321714,0.010431,0.944463,-1.050000,-19.600000,8.820000
21095,,,,,,,,,,,,,,,,,,,,0.005834,0.848260,2.236196,,,,,,
21105,,,,,,,,,,,,,,,,,,,,,,,-0.226920,-0.021838,0.980270,5.040000,-18.900000,3.500000
21106,,,,,,,,,,,,,14.235095,15.733495,0.044928,0.047414,,,,0.004807,0.849615,2.239317,,,,,,
21115,,,,,,,,,,,,,,,,,,,,,,,-0.226920,-0.021838,0.980270,-3.360000,-14.560000,0.420000
21126,,,,,,,,,,,,,13.084146,14.621584,0.056420,0.058516,,,,,,,,,,,,
21116,,,,,,,,,,,,,,,,,,,,0.003834,0.850828,2.239215,,,,,,
21127,,,,,,,,,,,,,,,,,,,,0.002763,0.852074,2.239417,,,,,,
21131,,,,,,,,,,,,,,,,,,,,,,,-0.218685,-0.010492,1.045662,-1.750000,22.049999,2.590000
21136,,,,,,,,,,,,,12.570189,13.343392,0.061552,0.071279,,,,,,,-0.218685,-0.010492,1.045662,1.890000,31.080000,2.800000
21141,,,,0.005773,0.993111,2.262417,0.144439,0.199124,,,,,,,,,,,,,,,,,,,,
21142,,,,,,,,,,,10.819337,11.720333,,,,,0.108475,-0.089766,0.023140,,,,,,,,,
21138,,,,,,,,,,,,,,,,,,,,0.001827,0.853353,2.236317,,,,,,
21146,,,,,,,,,,,,,11.703974,12.354548,0.034444,0.040549,,,,,,,,,,,,
21147,,,,,,,,,,,,,,,,,,,,,,,-0.224785,-0.027267,0.969412,2.240000,3.990000,-0.070000
21145,,,,,,,,,,,,,,,,,,,,0.000911,0.854492,2.236183,,,,,,
21155,,,,,,,,,,,,,,,,,,,,,,,-0.224785,-0.027267,0.969412,3.010000,-12.390000,1.050000
21165,,,,,,,,,,,,,10.980063,11.527456,0.041673,0.048807,,,,,,,,,,,,
21156,,,,,,,,,,,,,,,,,,,,0.000222,0.855479,2.239187,,,,,,
21166,,,,,,,,,,,,,,,,,,,,-0.000375,0.856153,2.236261,,,,,,
21171,,,,,,,,,,,,,,,,,,,,,,,-0.168604,0.005917,0.993690,1.750000,-2.100000,1.190000
21176,,,,,,,,,,,,,10.229603,10.690180,0.049166,0.057167,,,,,,,-0.168604,-0.016714,1.033706,2.170000,10.430000,3.780000
21177,,,,,,,,,,,,,,,,,,,,-0.001042,0.856961,2.239351,,,,,,
21185,,,,,,,,,,,,,,,,,,,,,,,-0.256017,-0.016714,1.033706,-2.100000,14.210000,-0.840000
21186,,,,,,,,,,,,,9.176495,9.564024,0.059681,0.068412,,,,,,,,,,,,
21184,,,,,,,,,,,,,,,,,,,,-0.001775,0.857580,2.239319,,,,,,
21191,,,,0.003032,0.996402,2.268071,0.104011,0.138829,,,8.406861,9.064665,,,,,,,,,,,,,,,,
21192,,,,,,,,,,,,,,,,,0.105859,-0.089839,0.028437,,,,,,,,,
21196,,,,,,,,,,,,,8.269428,9.143822,0.035000,0.035468,,,,,,,,,,,,
21197,,,,,,,,,,,,,,,,,,,,,,,-0.185745,-0.017080,1.004365,1.260000,4.340000,-0.770000
21195,,,,,,,,,,,,,,,,,,,,-0.002229,0.858295,2.239251,,,,,,
21205,,,,,,,,,,,,,,,,,,,,,,,-0.185745,-0.017080,1.004365,-3.360000,-5.460000,7.350000
21206,,,,,,,,,,,,,8.055544,8.242435,0.037135,0.044468,,,,,,,,,,,,
21208,,,,,,,,,,,,,,,,,,,,-0.002665,0.858711,2.239364,,,,,,
21215,,,,,,,,,,,,,,,,,,,,,,,-0.164639,-0.021045,0.989054,1.540000,-11.480000,9.240000
21226,,,,,,,,,,,,,7.049148,7.748825,0.047184,0.049397,,,,,,,,,,,,
21216,,,,,,,,,,,,,,,,,,,,-0.003016,0.859103,2.239498,,,,,,
21227,,,,,,,,,,,,,,,,,,,,-0.003385,0.859787,2.239405,,,,,,
21231,,,,,,,,,,,,,,,,,,,,,,,-0.164639,-0.021045,0.989054,3.920000,-2.800000,8.960000
21236,,,,,,,,,,,,,,,,,,,,,,,-0.184586,0.016165,1.012600,-2.800000,5.950000,20.650000
21237,,,,,,,,,,,,,5.931152,7.039760,0.058347,0.056477,,,,-0.003573,0.860290,2.239434,,,,,,
21241,,,,0.001307,0.998455,2.271548,0.068682,0.089679,,,,,,,,,,,,,,,,,,,,
21242,,,,,,,,,,,6.338947,6.774649,,,,,0.105127,-0.089602,0.031186,,,,,,,,,
21246,,,,,,,,,,,,,5.578530,6.511313,0.032948,0.029728,,,,,,,,,,,,
21247,,,,,,,,,,,,,,,,,,,,,,,-0.184586,0.016165,1.012600,-8.680000,14.910000,34.020000
21248,,,,,,,,,,,,,,,,,,,,-0.004138,0.860630,2.248522,,,,,,
21255,,,,,,,,,,,,,,,,,,,,-0.004470,0.860988,2.254591,-0.192638,-0.066551,1.004426,1.680000,7.770000,26.389999
21256,,,,,,,,,,,,,5.241660,5.478618,0.036312,0.040039,,,,,,,,,,,,
21265,,,,,,,,,,,,,,,,,,,,,,,-0.192638,-0.066551,1.004426,-2.240000,-10.990000,20.020000
21266,,,,,,,,,,,,,4.957996,5.157373,0.039144,0.043247,,,,,,,,,,,,
21267,,,,,,,,,,,,,,,,,,,,-0.004648,0.861199,2.257710,,,,,,
21275,,,,,,,,,,,,,,,,,,,,-0.004716,0.861202,2.260798,-0.150731,0.047519,0.999790,-3.080000,-15.050000,11.130000
21286,,,,,,,,,,,,,4.171658,4.613328,0.046996,0.048679,,,,,,,,,,,,
21285,,,,,,,,,,,,,,,,,,,,-0.004819,0.861308,2.260784,,,,,,
21291,,,,0.000394,0.999535,2.273363,0.039698,0.051132,,,,,,,,,,,,,,,,,,,,
21292,,,,,,,,,,,4.638664,4.844443,,,,,0.103231,-0.091837,0.013929,,,,,,,,,
21293,,,,,,,,,,,,,,,,,,,,,,,-0.155855,-0.065758,1.023519,1.190000,-13.020000,5.950000
21296,,,,,,,,,,,,,3.510032,3.881654,0.029824,0.028991,,,,-0.004800,0.861380,2.263871,,,,,,
21298,,,,,,,,,,,,,,,,,,,,,,,-0.155855,-0.065758,1.023519,1.330000,-7.490000,-1.120000
21305,,,,,,,,,,,,,,,,,,,,,,,-0.155855,-0.065758,1.023519,0.350000,-5.110000,-4.620000
21306,,,,,,,,,,,,,2.953341,3.266023,0.035382,0.035138,,,,,,,,,,,,
21307,,,,,,,,,,,,,,,,,,,,-0.004810,0.861415,2.263871,,,,,,
21315,,,,,,,,,,,,,,,,,,,,,,,-0.164212,0.022753,1.003633,0.490000,-0.770000,-9.940000
21316,,,,,,,,,,,,,2.484940,2.748031,0.040059,0.040310,,,,,,,,,,,,
21318,,,,,,,,,,,,,,,,,,,,-0.004824,0.861386,2.260874,,,,,,
21325,,,,,,,,,,,,,,,,,,,,,,,-0.164212,0.022753,1.003633,1.050000,-5.250000,-4.480000
21326,,,,,,,,,,,,,2.090828,2.312193,0.043994,0.044662,,,,-0.004775,0.861372,2.257781,,,,,,
21335,,,,,,,,,,,,,,,,,,,,,,,-0.127002,-0.034770,1.013210,1.050000,-10.780000,0.210000
21345,,,,,,,,,,,,,1.759223,1.945479,0.047305,0.048323,,,,-0.004530,0.861331,2.260784,,,,,,
21347,,,,0.000048,0.999943,2.274046,0.018065,0.023102,,,,,,,,,,,,,,,,,,,,
21348,,,,,,,,,,,3.384837,3.479890,,,,,0.103912,-0.091646,0.015974,,,,,,,,,
21353,,,,,,,,,,,,,,,,,,,,,,,-0.104127,-0.001647,1.016321,0.000000,-23.240000,-0.280000
21356,,,,,,,,,,,,,1.480210,1.636926,0.032557,0.032321,,,,-0.004366,0.861134,2.260883,,,,,,
21358,,,,,,,,,,,,,,,,,,,,,,,-0.104127,-0.001647,1.016321,0.700000,-24.639999,-0.420000
21364,,,,,,,,,,,,,,,,,,,,,,,-0.112850,-0.018544,1.016626,0.560000,-26.250000,-0.420000
21366,,,,,,,,,,,,,1.245448,1.377309,0.034901,0.034913,,,,,,,,,,,,
21367,,,,,,,,,,,,,,,,,,,,-0.004285,0.860942,2.260945,,,,,,
21375,,,,,,,,,,,,,,,,,,,,,,,-0.112850,-0.018544,1.016626,0.070000,-29.750000,-0.280000
21376,,,,,,,,,,,,,1.047920,1.158868,0.036873,0.037094,,,,-0.004125,0.860526,2.263977,,,,,,
21385,,,,,,,,,,,,,,,,,,,,,,,-0.098210,-0.015128,1.017907,0.350000,-35.419998,-0.770000
21386,,,,,,,,,,,,,0.881720,0.975071,0.038532,0.038930,,,,,,,,,,,,
21387,,,,,,,,,,,,,,,,,,,,-0.003765,0.860151,2.264034,,,,,,
21391,,,,0.000000,1.000000,2.274142,0.004614,0.005885,,,2.621825,2.644481,,,,,0.104994,-0.092219,0.010532,,,,,,,,,
21406,,,,,,,,,,,,,0.741879,0.820425,0.029258,0.028791,,,,-0.003187,0.859455,2.261012,,,,,,
21397,,,,,,,,,,,,,,,,,,,,-0.003483,0.859830,2.261030,,,,,,
21407,,,,,,,,,,,,,,,,,,,,,,,-0.098210,-0.015128,1.017907,0.560000,-42.560001,0.140000
21412,,,,,,,,,,,,,,,,,,,,,,,-0.088633,-0.009333,1.018456,0.490000,-49.139999,-0.420000
21416,,,,,,,,,,,,,0.624217,0.690305,0.030433,0.030090,,,,-0.002858,0.859038,2.264078,,,,,,
21417,,,,,,,,,,,,,,,,,,,,,,,-0.088633,-0.009333,1.018456,0.630000,-51.520000,-0.630000
21425,,,,,,,,,,,,,,,,,,,,,,,-0.074176,-0.015494,1.018334,0.770000,-56.630001,-0.210000
21426,,,,,,,,,,,,,0.525216,0.580823,0.031421,0.031183,,,,,,,,,,,,
21427,,,,,,,,,,,,,,,,,,,,-0.002418,0.858640,2.264068,,,,,,
21435,,,,,,,,,,,,,,,,,,,,,,,-0.074176,-0.015494,1.018334,0.630000,-61.740002,0.210000
21436,,,,,,,,,,,,,0.441917,0.488704,0.032253,0.032103,,,,,,,,,,,,
21441,,,,0.000000,1.000000,2.274142,0.000000,0.000000,,,,,,,,,,,,,,,,,,,,
21442,,,,,,,,,,,2.394762,2.394762,,,,,0.106964,-0.092203,0.010074,,,,,,,,,
21438,,,,,,,,,,,,,,,,,,,,-0.002042,0.858033,2.260992,,,,,,
21446,,,,,,,,,,,,,0.371829,0.411196,0.029778,0.029384,,,,-0.001514,0.857501,2.260949,,,,,,
21447,,,,,,,,,,,,,,,,,,,,,,,-0.056303,-0.010736,1.021628,0.630000,-67.199997,0.210000
21455,,,,,,,,,,,,,,,,,,,,,,,-0.056303,-0.010736,1.021628,0.350000,-43.680000,0.770000
21465,,,,,,,,,,,,,0.312857,0.345980,0.030366,0.030036,,,,,,,,,,,,
21457,,,,,,,,,,,,,,,,,,,,-0.001052,0.856938,2.260798,,,,,,
21470,,,,,,,,,,,,,,,,,,,,,,,0.017080,-0.014945,1.034072,-0.910000,26.389999,5.110000
21467,,,,,,,,,,,,,,,,,,,,-0.000954,0.856810,2.263892,,,,,,
21475,,,,,,,,,,,,,,,,,,,,-0.000990,0.856877,2.263902,0.017080,-0.014945,1.034072,-1.750000,30.660000,6.090000
21476,,,,,,,,,,,,,0.263237,0.291107,0.030862,0.030584,,,,,,,,,,,,
21485,,,,,,,,,,,,,,,,,,,,-0.001042,0.856914,2.263984,0.029524,-0.007198,0.985760,-0.210000,14.840000,-9.310000
21486,,,,,,,,,,,,,0.221488,0.244938,0.031279,0.031044,,,,,,,,,,,,
21491,,,,0.000000,1.000000,2.274142,0.000000,0.000000,,,2.444286,2.444286,,,,,,,,,,,,,,,,
21492,,,,,,,,,,,,,,,,,0.109176,-0.092232,0.010131,,,,,,,,,
21496,,,,,,,,,,,,,0.186360,0.206091,0.032322,0.032125,,,,,,,,,,,,
21497,,,,,,,,,,,,,,,,,,,,-0.000951,0.856855,2.260854,0.047519,-0.020252,1.022604,0.910000,-15.890000,-14.560000
21505,,,,,,,,,,,,,,,,,,,,,,,0.047519,-0.020252,1.022604,-0.140000,-10.430000,-5.670000
21506,,,,,,,,,,,,,0.156803,0.173405,0.032617,0.032451,,,,,,,,,,,,
21507,,,,,,,,,,,,,,,,,,,,-0.000853,0.856752,2.257781,,,,,,
21515,,,,,,,,,,,,,,,,,,,,-0.000888,0.856712,2.260842,0.047519,-0.020252,1.022787,0.070000,3.080000,2.660000
21525,,,,,,,,,,,,,0.131934,0.145903,0.032865,0.032726,,,,,,,,,,,,
21528,,,,,,,,,,,,,,,,,,,,-0.000880,0.856797,2.260883,,,,,,
21531,,,,,,,,,,,,,,,,,,,,,,,-0.011773,-0.013664,1.022787,0.070000,3.010000,3.850000
21536,,,,,,,,,,,,,,,0.033074,0.032957,,,,-0.000907,0.856839,2.260892,-0.007259,-0.009394,1.035841,-0.280000,0.910000,1.890000
21537,,,,,,,,,,,,,0.111009,0.122762,,,,,,,,,,,,,,
21541,,,,0.000000,1.000000,2.274142,0.000000,0.000000,,,2.457433,2.457433,,,,,,,,,,,,,,,,
21542,,,,,,,,,,,,,,,,,0.109763,-0.091872,0.012979,,,,,,,,,
21546,,,,,,,,,,,,,0.093403,0.103292,0.033434,0.033335,,,,-0.000908,0.856813,2.260883,,,,,,
21547,,,,,,,,,,,,,,,,,,,,,,,-0.007259,-0.009394,1.035841,0.070000,-1.260000,0.420000
21555,,,,,,,,,,,,,,,,,,,,,,,-0.021899,-0.017751,1.019554,0.210000,-0.140000,-0.070000
21566,,,,,,,,,,,,,0.078590,0.086910,0.033582,0.033499,,,,,,,,,,,,
21557,,,,,,,,,,,,,,,,,,,,-0.000916,0.856813,2.260883,,,,,,
21565,,,,,,,,,,,,,,,,,,,,-0.000911,0.856813,2.260883,,,,,,
21571,,,,,,,,,,,,,,,,,,,,,,,-0.021899,-0.017751,1.019554,0.000000,-1.120000,-0.350000
21576,,,,,,,,,,,,,0.066125,0.073126,0.033706,0.033636,,,,,,,-0.016104,-0.010797,1.022055,0.070000,-0.770000,-0.210000
21575,,,,,,,,,,,,,,,,,,,,-0.000915,0.856812,2.260883,,,,,,
21585,,,,,,,,,,,,,,,,,,,,-0.000907,0.856805,2.260883,-0.016104,-0.010797,1.022055,0.140000,-0.420000,-0.140000
21586,,,,,,,,,,,,,0.055638,0.061528,0.033811,0.033752,,,,,,,,,,,,
21591,,,,0.000000,1.000000,2.274142,0.000000,0.000000,,,2.459181,2.459181,,,,,,,,,,,,,,,,
21592,,,,,,,,,,,,,,,,,0.109841,-0.091860,0.013231,,,,,,,,,
21596,,,,,,,,,,,,,0.046814,0.051770,0.033924,0.033874,,,,-0.000916,0.856810,2.260883,,,,,,
21597,,,,,,,,,,,,,,,,,,,,,,,-0.013176,-0.013725,1.019188,0.000000,-0.210000,-0.210000
21605,,,,,,,,,,,,,,,,,,,,,,,-0.013176,-0.013725,1.019188,0.070000,-0.280000,-0.350000
21606,,,,,,,,,,,,,0.039389,0.043559,0.033998,0.033956,,,,-0.000915,0.856816,2.260883,,,,,,
21615,,,,,,,,,,,,,,,,,,,,,,,-0.015250,-0.015006,1.020164,0.210000,-0.420000,-0.210000
21625,,,,,,,,,,,,,0.033142,0.036651,0.034060,0.034025,,,,,,,,,,,,
21617,,,,,,,,,,,,,,,,,,,,-0.000914,0.856808,2.260883,,,,,,
21626,,,,,,,,,,,,,,,,,,,,-0.000915,0.856815,2.260883,,,,,,
21631,,,,,,,,,,,,,,,,,,,,,,,-0.014457,-0.012993,1.021079,0.000000,-0.560000,-0.210000
21636,,,,,,,,,,,,,0.027886,0.030838,0.034113,0.034083,,,,-0.000915,0.856810,2.260883,-0.014457,-0.012993,1.021079,0.070000,-0.350000,-0.280000
21641,,,,0.000000,1.000000,2.274142,0.000000,0.000000,,,2.459194,2.459194,,,,,0.109842,-0.091861,0.013255,,,,,,,,,
21646,,,,,,,,,,,,,0.023463,0.025947,0.034157,0.034132,,,,,,,,,,,,
21647,,,,,,,,,,,,,,,,,,,,-0.000916,0.856810,2.260883,-0.014457,-0.012993,1.020225,0.070000,-0.350000,-0.210000
21655,,,,,,,,,,,,,,,,,,,,,,,-0.014457,-0.014213,1.020225,0.070000,-0.490000,-0.280000
21656,,,,,,,,,,,,,0.019742,0.021832,0.034194,0.034173,,,,,,,,,,,,
21657,,,,,,,,,,,,,,,,,,,,-0.000910,0.856819,2.260883,,,,,,
21665,,,,,,,,,,,,,,,,,,,,,,,-0.014457,-0.014213,1.020225,0.000000,-0.490000,-0.210000
21666,,,,,,,,,,,,,0.016611,0.018369,0.034225,0.034208,,,,-0.000915,0.856814,2.260883,,,,,,
21675,,,,,,,,,,,,,,,,,,,,,,,-0.015250,-0.013176,1.020652,0.140000,-0.490000,-0.280000
21686,,,,,,,,,,,,,0.013976,0.015456,0.034252,0.034237,,,,-0.000916,0.856813,2.260883,,,,,,
21676,,,,,,,,,,,,,,,,,,,,-0.000917,0.856812,2.260883,,,,,,
21691,,,,0.000000,1.000000,2.274142,0.000000,0.000000,,,2.459165,2.459165,,,,,0.109840,-0.091860,0.013258,,,,,,,,,
21692,,,,,,,,,,,,,,,,,,,,,,,-0.014335,-0.012810,1.020896,0.070000,-0.420000,-0.280000
21696,,,,,,,,,,,,,0.011760,0.013005,0.034273,0.034261,,,,,,,,,,,,
21698,,,,,,,,,,,,,,,,,,,,,,,-0.014335,-0.012810,1.020896,0.070000,-0.420000,-0.210000
21697,,,,,,,,,,,,,,,,,,,,-0.000918,0.856811,2.260883,,,,,,
21705,,,,,,,,,,,,,,,,,,,,,,,-0.014274,-0.014701,1.020835,0.070000,-0.490000,-0.280000
21706,,,,,,,,,,,,,0.009895,0.010942,0.034292,0.034282,,,,,,,,,,,,
21707,,,,,,,,,,,,,,,,,,,,-0.000917,0.856811,2.260883,,,,,,
21715,,,,,,,,,,,,,,,,,,,,,,,-0.014274,-0.014701,1.020835,0.070000,-0.420000,-0.280000
21716,,,,,,,,,,,,,0.008325,0.009207,0.034308,0.034299,,,,,,,,,,,,
21718,,,,,,,,,,,,,,,,,,,,-0.000916,0.856818,2.260883,,,,,,
21725,,,,,,,,,,,,,,,,,,,,-0.000919,0.856817,2.260883,-0.014640,-0.013054,1.020896,0.000000,-0.420000,-0.280000
21726,,,,,,,,,,,,,0.007005,0.007746,0.034321,0.034313,,,,,,,,,,,,
21735,,,,,,,,,,,,,,,,,,,,,,,-0.014640,-0.013054,1.020896,0.070000,-0.350000,-0.280000
21745,,,,,,,,,,,,,0.005894,0.006518,0.034332,0.034326,,,,,,,,,,,,
21747,,,,0.000000,1.000000,2.274142,0.000000,0.000000,,,,,,,,,,,,-0.000921,0.856815,2.260883,,,,,,
21748,,,,,,,,,,,2.459071,2.459071,,,,,0.109836,-0.091860,0.013258,,,,,,,,,
21737,,,,,,,,,,,,,,,,,,,,-0.000918,0.856820,2.260883,,,,,,
21753,,,,,,,,,,,,,,,,,,,,,,,-0.014945,-0.013115,1.020774,0.070000,-0.420000,-0.210000
21756,,,,,,,,,,,,,0.004959,0.005484,0.034340,0.034335,,,,,,,,,,,,
21758,,,,,,,,,,,,,,,,,,,,-0.000915,0.856817,2.260883,-0.014945,-0.013115,1.020774,0.070000,-0.490000,-0.280000
21765,,,,,,,,,,,,,,,,,,,,-0.000916,0.856816,2.260883,-0.015006,-0.013359,1.021628,0.070000,-0.490000,-0.210000
21766,,,,,,,,,,,,,0.004173,0.004614,0.034348,0.034343,,,,,,,,,,,,
21775,,,,,,,,,,,,,,,,,,,,-0.000917,0.856818,2.260883,-0.015006,-0.013359,1.021628,0.070000,-0.420000,-0.280000
21776,,,,,,,,,,,,,0.003511,0.003883,0.034354,0.034351,,,,,,,,,,,,
21785,,,,,,,,,,,,,,,,,,,,,,,-0.014457,-0.013481,1.021018,0.070000,-0.490000,-0.210000
21786,,,,,,,,,,,,,0.002954,0.003267,0.034360,0.034357,,,,-0.000914,0.856818,2.260883,,,,,,
21791,,,,0.000000,1.000000,2.274142,0.000000,0.000000,,,2.459118,2.459118,,,,,0.109838,-0.091856,0.013259,,,,,,,,,
21805,,,,,,,,,,,,,,,0.034365,0.034363,,,,,,,,,,,,
21806,,,,,,,,,,,,,0.002485,0.002749,,,,,,-0.000922,0.856818,2.260883,,,,,,
21796,,,,,,,,,,,,,,,,,,,,-0.000919,0.856817,2.260883,,,,,,
21808,,,,,,,,,,,,,,,,,,,,,,,-0.014457,-0.013481,1.021018,0.000000,-0.420000,-0.280000
21813,,,,,,,,,,,,,,,,,,,,,,,-0.015433,-0.013542,1.020957,0.070000,-0.490000,-0.280000
21816,,,,,,,,,,,,,0.002091,0.002313,0.034369,0.034367,,,,,,,,,,,,
21818,,,,,,,,,,,,,,,,,,,,-0.000924,0.856818,2.260883,-0.015555,-0.014335,1.020530,0.070000,-0.490000,-0.210000
21825,,,,,,,,,,,,,,,,,,,,,,,-0.015555,-0.014335,1.020530,0.070000,-0.490000,-0.280000
21826,,,,,,,,,,,,,0.001760,0.001946,0.034373,0.034371,,,,,,,,,,,,
21828,,,,,,,,,,,,,,,,,,,,-0.000922,0.856817,2.260883,,,,,,
21835,,,,,,,,,,,,,,,,,,,,,,,-0.015555,-0.014335,1.020957,0.070000,-0.560000,-0.280000
21836,,,,,,,,,,,,,0.001481,0.001637,0.034375,0.034374,,,,,,,,,,,,
21837,,,,,,,,,,,,,,,,,,,,-0.000916,0.856821,2.260883,,,,,,
21841,,,,0.000000,1.000000,2.274142,0.000000,0.000000,,,2.459053,2.459053,,,,,0.109835,-0.091855,0.013259,,,,,,,,,
21846,,,,,,,,,,,,,0.001246,0.001378,0.034377,0.034375,,,,,,,,,,,,
21847,,,,,,,,,,,,,,,,,,,,,,,-0.015128,-0.013481,1.020957,0.070000,-0.420000,-0.210000
21848,,,,,,,,,,,,,,,,,,,,-0.000917,0.856822,2.260883,,,,,,
21855,,,,,,,,,,,,,,,,,,,,,,,-0.015250,-0.013725,1.021140,0.070000,-0.490000,-0.280000
21870,,,,,,,,,,,,,0.001048,0.001159,0.034379,0.034378,,,,,,,,,,,,
21866,,,,,,,,,,,,,,,,,,,,-0.000921,0.856814,2.260883,,,,,,
21875,,,,,,,,,,,,,,,,,,,,,,,-0.014152,-0.013054,1.019920,0.070000,-0.490000,-0.210000
21876,,,,,,,,,,,,,0.000882,0.000975,0.034380,0.034379,,,,,,,,,,,,
21877,,,,,,,,,,,,,,,,,,,,-0.000923,0.856817,2.260883,,,,,,
21880,,,,,,,,,,,,,,,,,,,,,,,-0.014152,-0.013054,1.019920,0.070000,-0.490000,-0.210000
21885,,,,,,,,,,,,,,,,,,,,,,,-0.014152,-0.013054,1.019920,0.070000,-0.490000,-0.210000
21886,,,,,,,,,,,,,0.000742,0.000821,0.034382,0.034381,,,,,,,,,,,,
21887,,,,,,,,,,,,,,,,,,,,-0.000923,0.856819,2.260883,,,,,,
21891,,,,0.000000,1.000000,2.274142,0.000000,0.000000,,,2.458992,2.458992,,,,,0.109833,-0.091861,0.013259,,,,,,,,,
21896,,,,,,,,,,,,,0.000624,0.000690,0.034382,0.034381,,,,,,,,,,,,
21897,,,,,,,,,,,,,,,,,,,,,,,-0.015738,-0.013237,1.021872,0.070000,-0.490000,-0.210000
21899,,,,,,,,,,,,,,,,,,,,-0.000922,0.856818,2.260883,,,,,,
21905,,,,,,,,,,,,,,,,,,,,,,,-0.015738,-0.013237,1.021872,0.070000,-0.420000,-0.280000
21906,,,,,,,,,,,,,0.000525,0.000581,0.034383,0.034383,,,,-0.000923,0.856818,2.260883,,,,,,
21915,,,,,,,,,,,,,,,,,,,,,,,-0.016287,-0.013725,1.021079,0.070000,-0.490000,-0.210000
21926,,,,,,,,,,,,,0.000442,0.000489,0.034384,0.034384,,,,,,,,,,,,
21916,,,,,,,,,,,,,,,,,,,,-0.000921,0.856817,2.260883,,,,,,
21927,,,,,,,,,,,,,,,,,,,,-0.000918,0.856820,2.260883,,,,,,
21930,,,,,,,,,,,,,,,,,,,,,,,-0.016287,-0.013542,1.020530,0.070000,-0.490000,-0.210000
21935,,,,,,,,,,,,,,,,,,,,,,,-0.015067,-0.013542,1.020530,0.070000,-0.490000,-0.280000
21936,,,,,,,,,,,,,0.000372,0.000411,0.034385,0.034384,,,,,,,,,,,,
21941,,,,0.000000,1.000000,2.274142,0.000000,0.000000,,,,,,,,,,,,,,,,,,,,
21942,,,,,,,,,,,2.459038,2.459038,,,,,0.109835,-0.091858,0.013259,,,,,,,,,
21937,,,,,,,,,,,,,,,,,,,,-0.000920,0.856819,2.260883,,,,,,
21946,,,,,,,,,,,,,0.000313,0.000346,0.034386,0.034386,,,,,,,,,,,,
21947,,,,,,,,,,,,,,,,,,,,,,,-0.015067,-0.013542,1.020530,0.000000,-0.490000,-0.210000
21945,,,,,,,,,,,,,,,,,,,,-0.000918,0.856820,2.260883,,,,,,
21955,,,,,,,,,,,,,,,,,,,,,,,-0.015677,-0.012627,1.020774,0.070000,-0.490000,-0.210000
21967,,,,,,,,,,,,,0.000263,0.000291,0.034386,0.034386,,,,,,,,,,,,
21956,,,,,,,,,,,,,,,,,,,,-0.000921,0.856824,2.260883,,,,,,
21966,,,,,,,,,,,,,,,,,,,,-0.000928,0.856824,2.260883,,,,,,
21972,,,,,,,,,,,,,,,,,,,,,,,-0.014274,-0.013481,1.019920,0.070000,-0.490000,-0.280000
21976,,,,,,,,,,,,,0.000222,0.000245,0.034387,0.034387,,,,,,,,,,,,
21977,,,,,,,,,,,,,,,,,,,,-0.000926,0.856823,2.260883,-0.014274,-0.013481,1.019920,0.070000,-0.420000,-0.280000
21985,,,,,,,,,,,,,,,,,,,,,,,-0.014274,-0.013481,1.019920,0.140000,-0.490000,-0.210000
21986,,,,,,,,,,,,,0.000186,0.000206,0.034387,0.034387,,,,,,,,,,,,
21987,,,,,,,,,,,,,,,,,,,,-0.000923,0.856821,2.260883,,,,,,
21991,,,,0.000000,1.000000,2.274142,0.000000,0.000000,,,2.458963,2.458963,,,,,0.109831,-0.091860,0.013259,,,,,,,,,
21996,,,,,,,,,,,,,0.000157,0.000173,0.034386,0.034386,,,,,,,,,,,,
21997,,,,,,,,,,,,,,,,,,,,,,,-0.014518,-0.013481,1.021384,0.070000,-0.490000,-0.280000
21998,,,,,,,,,,,,,,,,,,,,-0.000923,0.856824,2.260883,,,,,,
22005,,,,,,,,,,,,,,,,,,,,,,,-0.014518,-0.013298,1.021079,0.070000,-0.420000,-0.280000
22006,,,,,,,,,,,,,0.000132,0.000146,0.034387,0.034387,,,,,,,,,,,,
22008,,,,,,,,,,,,,,,,,,,,-0.000926,0.856824,2.260883,,,,,,
22015,,,,,,,,,,,,,,,,,,,,,,,-0.015250,-0.013298,1.021079,0.000000,-0.560000,-0.210000
22025,,,,,,,,,,,,,0.000111,0.000123,0.034387,0.034387,,,,,,,,,,,,
22016,,,,,,,,,,,,,,,,,,,,-0.000924,0.856820,2.260883,,,,,,
22027,,,,,,,,,,,,,,,,,,,,-0.000927,0.856821,2.260883,,,,,,
22031,,,,,,,,,,,,,,,,,,,,,,,-0.014579,-0.013298,1.021445,0.070000,-0.560000,-0.280000
22036,,,,,,,,,,,,,,,0.034387,0.034387,,,,,,,-0.014579,-0.013298,1.021445,0.140000,-0.490000,-0.210000
22037,,,,,,,,,,,,,0.000093,0.000103,,,,,,,,,,,,,,
22035,,,,,,,,,,,,,,,,,,,,-0.000926,0.856822,2.260883,,,,,,
22041,,,,0.000000,1.000000,2.274142,0.000000,0.000000,,,2.458892,2.458892,,,,,0.109828,-0.091861,0.013259,,,,,,,,,
22046,,,,,,,,,,,,,0.000079,0.000087,0.034386,0.034386,,,,,,,,,,,,
22047,,,,,,,,,,,,,,,,,,,,,,,-0.015555,-0.012749,1.021262,0.070000,-0.490000,-0.210000
22048,,,,,,,,,,,,,,,,,,,,-0.000927,0.856821,2.260883,,,,,,
22055,,,,,,,,,,,,,,,,,,,,-0.000928,0.856823,2.260883,-0.015555,-0.012749,1.021262,-0.070000,-0.490000,-0.280000
22056,,,,,,,,,,,,,0.000066,0.000073,0.034386,0.034386,,,,,,,,,,,,
22065,,,,,,,,,,,,,,,,,,,,-0.000930,0.856824,2.260883,-0.015006,-0.013298,1.021201,0.000000,-0.490000,-0.210000
22066,,,,,,,,,,,,,0.000056,0.000062,0.034386,0.034386,,,,,,,,,,,,
22075,,,,,,,,,,,,,,,,,,,,,,,-0.015006,-0.013298,1.021201,0.070000,-0.490000,-0.350000
22086,,,,,,,,,,,,,0.000047,0.000052,0.034387,0.034386,,,,-0.000931,0.856822,2.260883,,,,,,
22076,,,,,,,,,,,,,,,,,,,,-0.000930,0.856824,2.260883,,,,,,
22091,,,,0.000000,1.000000,2.274142,0.000000,0.000000,,,2.458827,2.458827,,,,,,,,,,,,,,,,
22092,,,,,,,,,,,,,,,,,0.109825,-0.091865,0.013259,,,,,,,,,
22093,,,,,,,,,,,,,,,,,,,,,,,-0.015433,-0.013725,1.020896,0.070000,-0.490000,-0.210000
22096,,,,,,,,,,,,,0.000039,0.000044,0.034386,0.034386,,,,-0.000931,0.856823,2.260883,,,,,,
22099,,,,,,,,,,,,,,,,,,,,,,,-0.015433,-0.013725,1.020957,0.140000,-0.490000,-0.210000
22105,,,,,,,,,,,,,,,,,,,,,,,-0.014823,-0.014152,1.020957,0.140000,-0.560000,-0.210000
22106,,,,,,,,,,,,,0.000033,0.000037,0.034386,0.034386,,,,,,,,,,,,
22107,,,,,,,,,,,,,,,,,,,,-0.000933,0.856824,2.260883,,,,,,
22115,,,,,,,,,,,,,,,,,,,,,,,-0.014823,-0.014152,1.020957,0.070000,-0.490000,-0.280000
22116,,,,,,,,,,,,,0.000028,0.000031,0.034386,0.034386,,,,,,,,,,,,
22117,,,,,,,,,,,,,,,,,,,,-0.000935,0.856819,2.260883,,,,,,
22125,,,,,,,,,,,,,,,,,,,,-0.000934,0.856821,2.260883,-0.014823,-0.013603,1.021506,0.140000,-0.560000,-0.210000
22126,,,,,,,,,,,,,0.000023,0.000026,0.034386,0.034386,,,,,,,,,,,,
22135,,,,,,,,,,,,,,,,,,,,,,,-0.014823,-0.013603,1.021506,0.070000,-0.490000,-0.280000
22145,,,,,,,,,,,,,0.000020,0.000022,0.034386,0.034386,,,,-0.000932,0.856822,2.260883,,,,,,
22147,,,,0.000000,1.000000,2.274142,0.000000,0.000000,,,,,,,,,,,,,,,,,,,,
22148,,,,,,,,,,,2.458795,2.458795,,,,,0.109824,-0.091869,0.013259,,,,,,,,,
22153,,,,,,,,,,,,,,,,,,,,,,,-0.014579,-0.014640,1.021445,0.070000,-0.420000,-0.280000
22156,,,,,,,,,,,,,0.000017,0.000018,0.034385,0.034385,,,,-0.000931,0.856823,2.260883,,,,,,
22159,,,,,,,,,,,,,,,,,,,,,,,-0.015860,-0.013481,1.021445,0.070000,-0.490000,-0.350000
22165,,,,,,,,,,,,,,,,,,,,,,,-0.015860,-0.013481,1.021445,0.070000,-0.490000,-0.210000
22166,,,,,,,,,,,,,0.000014,0.000015,0.034385,0.034385,,,,-0.000935,0.856824,2.260883,,,,,,
22175,,,,,,,,,,,,,,,,,,,,,,,-0.015494,-0.013908,1.020835,0.070000,-0.490000,-0.210000
22176,,,,,,,,,,,,,0.000012,0.000013,0.034386,0.034385,,,,,,,,,,,,
22177,,,,,,,,,,,,,,,,,,,,-0.000930,0.856827,2.260883,,,,,,
22185,,,,,,,,,,,,,,,,,,,,,,,-0.015494,-0.013908,1.020835,0.000000,-0.490000,-0.280000
22186,,,,,,,,,,,,,0.000010,0.000011,0.034386,0.034386,,,,,,,,,,,,
22187,,,,,,,,,,,,,,,,,,,,-0.000933,0.856828,2.260883,,,,,,
22191,,,,0.000000,1.000000,2.274142,0.000000,0.000000,,,2.458702,2.458702,,,,,,,,,,,,,,,,
22192,,,,,,,,,,,,,,,,,0.109820,-0.091863,0.013259,,,,,,,,,
22206,,,,,,,,,,,,,0.000008,0.000009,0.034384,0.034384,,,,,,,,,,,,
22195,,,,,,,,,,,,,,,,,,,,-0.000932,0.856828,2.260883,,,,,,
22207,,,,,,,,,,,,,,,,,,,,,,,-0.015616,-0.013359,1.021079,0.070000,-0.350000,-0.210000
22205,,,,,,,,,,,,,,,,,,,,-0.000935,0.856829,2.260883,,,,,,
22212,,,,,,,,,,,,,,,,,,,,,,,-0.015616,-0.012627,1.021872,0.000000,-0.490000,-0.210000
22216,,,,,,,,,,,,,0.000007,0.000008,0.034384,0.034384,,,,-0.000932,0.856830,2.260883,,,,,,
22217,,,,,,,,,,,,,,,,,,,,,,,-0.015494,-0.012627,1.021872,0.070000,-0.490000,-0.210000
22225,,,,,,,,,,,,,,,,,,,,,,,-0.015494,-0.012627,1.021872,0.070000,-0.560000,-0.280000
22226,,,,,,,,,,,,,0.000006,0.000007,0.034384,0.034384,,,,,,,,,,,,
22227,,,,,,,,,,,,,,,,,,,,-0.000934,0.856826,2.260883,,,,,,
22235,,,,,,,,,,,,,,,,,,,,,,,-0.015860,-0.013908,1.021689,0.140000,-0.350000,-0.280000
22236,,,,,,,,,,,,,0.000005,0.000005,0.034384,0.034384,,,,,,,,,,,,
22238,,,,,,,,,,,,,,,,,,,,-0.000933,0.856830,2.260883,,,,,,
22241,,,,0.000000,1.000000,2.274142,0.000000,0.000000,,,,,,,,,,,,,,,,,,,,
22242,,,,,,,,,,,2.458665,2.458665,,,,,0.109818,-0.091862,0.013259,,,,,,,,,
22246,,,,,,,,,,,,,0.000004,0.000005,0.034384,0.034384,,,,,,,,,,,,
22247,,,,,,,,,,,,,,,,,,,,,,,-0.015860,-0.013908,1.021689,0.000000,-0.420000,-0.350000
22248,,,,,,,,,,,,,,,,,,,,-0.000935,0.856826,2.260883,,,,,,
22255,,,,,,,,,,,,,,,,,,,,,,,-0.014762,-0.013298,1.021262,0.070000,-0.490000,-0.280000
22265,,,,,,,,,,,,,0.000004,0.000004,0.034384,0.034384,,,,,,,,,,,,
22259,,,,,,,,,,,,,,,,,,,,-0.000931,0.856830,2.260883,,,,,,
22267,,,,,,,,,,,,,,,,,,,,-0.000939,0.856831,2.260883,,,,,,
22271,,,,,,,,,,,,,,,,,,,,,,,-0.014945,-0.012871,1.021323,0.000000,-0.560000,-0.280000
22276,,,,,,,,,,,,,0.000003,0.000003,0.034384,0.034384,,,,,,,-0.014945,-0.012871,1.021323,0.070000,-0.490000,-0.210000
22277,,,,,,,,,,,,,,,,,,,,-0.000935,0.856832,2.260883,,,,,,
22285,,,,,,,,,,,,,,,,,,,,,,,-0.014945,-0.012871,1.021323,0.000000,-0.490000,-0.210000
22286,,,,,,,,,,,,,0.000002,0.000003,0.034384,0.034384,,,,,,,,,,,,
22288,,,,,,,,,,,,,,,,,,,,-0.000934,0.856829,2.260883,,,,,,
22291,,,,0.000000,1.000000,2.274142,0.000000,0.000000,,,,,,,,,,,,,,,,,,,,
22292,,,,,,,,,,,2.458653,2.458653,,,,,0.109817,-0.091864,0.013259,,,,,,,,,
22296,,,,,,,,,,,,,0.000002,0.000002,0.034384,0.034384,,,,,,,,,,,,
22297,,,,,,,,,,,,,,,,,,,,,,,-0.015128,-0.014091,1.021262,0.140000,-0.560000,-0.210000
22295,,,,,,,,,,,,,,,,,,,,-0.000931,0.856827,2.260883,,,,,,
22305,,,,,,,,,,,,,,,,,,,,,,,-0.015128,-0.014091,1.021262,0.070000,-0.560000,-0.140000
22306,,,,,,,,,,,,,0.000002,0.000002,0.034384,0.034384,,,,-0.000932,0.856830,2.260883,,,,,,
22315,,,,,,,,,,,,,,,,,,,,,,,-0.015250,-0.014335,1.021628,0.000000,-0.490000,-0.210000
22325,,,,,,,,,,,,,0.000001,0.000002,0.034384,0.034384,,,,,,,,,,,,
22317,,,,,,,,,,,,,,,,,,,,-0.000934,0.856832,2.260883,,,,,,
22327,,,,,,,,,,,,,,,,,,,,-0.000935,0.856831,2.260883,,,,,,
22331,,,,,,,,,,,,,,,,,,,,,,,-0.015921,-0.013908,1.021018,0.070000,-0.490000,-0.280000
22336,,,,,,,,,,,,,0.000001,0.000001,0.034384,0.034384,,,,,,,-0.015921,-0.013908,1.021018,0.070000,-0.490000,-0.350000
22338,,,,,,,,,,,,,,,,,,,,-0.000937,0.856831,2.260883,,,,,,
22341,,,,0.000000,1.000000,2.274142,0.000000,0.000000,,,,,,,,,,,,,,,,,,,,
22342,,,,,,,,,,,2.458595,2.458595,,,,,0.109815,-0.091865,0.013259,,,,,,,,,
22346,,,,,,,,,,,,,0.000001,0.000001,0.034383,0.034383,,,,,,,,,,,,
22347,,,,,,,,,,,,,,,,,,,,,,,-0.015067,-0.013725,1.021872,0.140000,-0.560000,-0.280000
22345,,,,,,,,,,,,,,,,,,,,-0.000936,0.856831,2.260883,,,,,,
22355,,,,,,,,,,,,,,,,,,,,,,,-0.015067,-0.013725,1.021872,0.000000,-0.560000,-0.210000
22365,,,,,,,,,,,,,0.000001,0.000001,0.034383,0.034383,,,,,,,,,,,,
22356,,,,,,,,,,,,,,,,,,,,-0.000937,0.856832,2.260883,,,,,,
22366,,,,,,,,,,,,,,,,,,,,-0.000941,0.856833,2.260883,,,,,,
22371,,,,,,,,,,,,,,,,,,,,,,,-0.015738,-0.013481,1.020896,0.070000,-0.490000,-0.280000
22376,,,,,,,,,,,,,0.000001,0.000001,0.034383,0.034383,,,,,,,-0.015738,-0.013481,1.020896,0.070000,-0.420000,-0.280000
22377,,,,,,,,,,,,,,,,,,,,-0.000936,0.856833,2.260883,,,,,,
22385,,,,,,,,,,,,,,,,,,,,,,,-0.015677,-0.013359,1.022177,0.070000,-0.560000,-0.280000
22386,,,,,,,,,,,,,0.000001,0.000001,0.034383,0.034383,,,,,,,,,,,,
22387,,,,,,,,,,,,,,,,,,,,-0.000935,0.856835,2.260883,,,,,,
22391,,,,0.000000,1.000000,2.274142,0.000000,0.000000,,,,,,,,,,,,,,,,,,,,
22392,,,,,,,,,,,2.458544,2.458544,,,,,0.109813,-0.091861,0.013259,,,,,,,,,
22396,,,,,,,,,,,,,0.000001,0.000001,0.034382,0.034382,,,,-0.000938,0.856838,2.260883,,,,,,
22397,,,,,,,,,,,,,,,,,,,,,,,-0.015677,-0.013359,1.022177,0.000000,-0.490000,-0.280000
22405,,,,,,,,,,,,,,,,,,,,,,,-0.015738,-0.013603,1.020591,0.140000,-0.490000,-0.210000
22406,,,,,,,,,,,,,0.000000,0.000000,0.034382,0.034382,,,,-0.000939,0.856837,2.260883,,,,,,
22415,,,,,,,,,,,,,,,,,,,,,,,-0.015738,-0.013603,1.020591,0.070000,-0.490000,-0.280000
22425,,,,,,,,,,,,,0.000000,0.000000,0.034382,0.034382,,,,,,,,,,,,
22417,,,,,,,,,,,,,,,,,,,,-0.000935,0.856833,2.260883,,,,,,
22427,,,,,,,,,,,,,,,,,,,,-0.000936,0.856839,2.260883,,,,,,
22431,,,,,,,,,,,,,,,,,,,,,,,-0.014884,-0.012871,1.021323,0.070000,-0.420000,-0.350000
22436,,,,,,,,,,,,,,,0.034382,0.034382,,,,,,,-0.014884,-0.012871,1.021323,0.070000,-0.560000,-0.210000
22437,,,,,,,,,,,,,0.000000,0.000000,,,,,,,,,,,,,,
22441,,,,0.000000,1.000000,2.274142,0.000000,0.000000,,,,,,,,,,,,,,,,,,,,
22442,,,,,,,,,,,2.458459,2.458459,,,,,0.109809,-0.091859,0.013259,,,,,,,,,
22438,,,,,,,,,,,,,,,,,,,,-0.000936,0.856841,2.260883,,,,,,
22446,,,,,,,,,,,,,0.000000,0.000000,0.034381,0.034381,,,,-0.000934,0.856835,2.260883,,,,,,
22447,,,,,,,,,,,,,,,,,,,,,,,-0.015738,-0.014152,1.021323,0.070000,-0.490000,-0.280000
22455,,,,,,,,,,,,,,,,,,,,,,,-0.015738,-0.014152,1.021323,0.140000,-0.420000,-0.210000
22456,,,,,,,,,,,,,0.000000,0.000000,0.034381,0.034381,,,,-0.000938,0.856832,2.260883,,,,,,
22465,,,,,,,,,,,,,,,,,,,,,,,-0.014823,-0.013542,1.021628,0.070000,-0.490000,-0.280000
22466,,,,,,,,,,,,,0.000000,0.000000,0.034381,0.034381,,,,,,,,,,,,
22467,,,,,,,,,,,,,,,,,,,,-0.000938,0.856834,2.260883,,,,,,
22475,,,,,,,,,,,,,,,,,,,,,,,-0.014823,-0.013542,1.021628,0.070000,-0.560000,-0.280000
22485,,,,,,,,,,,,,0.000000,0.000000,0.034381,0.034381,,,,,,,,,,,,
22478,,,,,,,,,,,,,,,,,,,,-0.000940,0.856838,2.260883,,,,,,
22491,,,,0.000000,1.000000,2.274142,0.000000,0.000000,,,2.458428,2.458428,,,,,,,,,,,,,,,,
22492,,,,,,,,,,,,,,,,,0.109807,-0.091862,0.013259,,,,,,,,,
22493,,,,,,,,,,,,,,,,,,,,,,,-0.015189,-0.013115,1.020591,0.070000,-0.490000,-0.350000
22488,,,,,,,,,,,,,,,,,,,,-0.000943,0.856834,2.260883,,,,,,
22496,,,,,,,,,,,,,0.000000,0.000000,0.034380,0.034380,,,,,,,,,,,,
22495,,,,,,,,,,,,,,,,,,,,-0.000940,0.856834,2.260883,,,,,,
22498,,,,,,,,,,,,,,,,,,,,,,,-0.016165,-0.013969,1.021079,0.140000,-0.490000,-0.210000
22505,,,,,,,,,,,,,,,,,,,,,,,-0.016165,-0.013969,1.021079,0.070000,-0.420000,-0.210000
22506,,,,,,,,,,,,,0.000000,0.000000,0.034380,0.034380,,,,-0.000941,0.856836,2.260883,,,,,,
22515,,,,,,,,,,,,,,,,,,,,,,,-0.015372,-0.012871,1.021262,0.070000,-0.560000,-0.210000
22516,,,,,,,,,,,,,0.000000,0.000000,0.034380,0.034380,,,,,,,,,,,,
22517,,,,,,,,,,,,,,,,,,,,-0.000938,0.856838,2.260883,,,,,,
22525,,,,,,,,,,,,,,,,,,,,,,,-0.015372,-0.012871,1.021262,0.070000,-0.490000,-0.210000
22526,,,,,,,,,,,,,0.000000,0.000000,0.034380,0.034380,,,,,,,,,,,,
22527,,,,,,,,,,,,,,,,,,,,-0.000940,0.856841,2.260883,,,,,,
22535,,,,,,,,,,,,,,,,,,,,,,,-0.015250,-0.013664,1.021262,0.140000,-0.420000,-0.210000
22544,,,,,,,,,,,,,0.000000,0.000000,0.034380,0.034380,,,,,,,,,,,,
22546,,,,0.000000,1.000000,2.274142,0.000000,0.000000,,,2.458372,2.458372,,,,,0.109805,-0.091860,0.013259,,,,,,,,,
22537,,,,,,,,,,,,,,,,,,,,-0.000940,0.856836,2.260883,,,,,,
22548,,,,,,,,,,,,,,,,,,,,-0.000937,0.856835,2.260883,,,,,,
22552,,,,,,,,,,,,,,,,,,,,,,,-0.015250,-0.013542,1.021689,0.070000,-0.490000,-0.210000
22556,,,,,,,,,,,,,0.000000,0.000000,0.034380,0.034380,,,,,,,,,,,,
22557,,,,,,,,,,,,,,,,,,,,,,,-0.015738,-0.013542,1.021689,0.070000,-0.560000,-0.210000
22558,,,,,,,,,,,,,,,,,,,,-0.000939,0.856840,2.260883,,,,,,
22565,,,,,,,,,,,,,,,,,,,,-0.000941,0.856841,2.260883,-0.015738,-0.013542,1.021689,0.000000,-0.560000,-0.280000
22566,,,,,,,,,,,,,0.000000,0.000000,0.034380,0.034380,,,,,,,,,,,,
22575,,,,,,,,,,,,,,,,,,,,,,,-0.015311,-0.013237,1.020896,0.000000,-0.490000,-0.210000
22576,,,,,,,,,,,,,0.000000,0.000000,0.034380,0.034380,,,,-0.000944,0.856841,2.260883,,,,,,
22585,,,,,,,,,,,,,,,,,,,,,,,-0.015311,-0.013237,1.020896,0.000000,-0.490000,-0.280000
22586,,,,,,,,,,,,,0.000000,0.000000,0.034380,0.034380,,,,,,,,,,,,
22587,,,,,,,,,,,,,,,,,,,,-0.000942,0.856836,2.260883,,,,,,
22591,,,,0.000000,1.000000,2.274142,0.000000,0.000000,,,2.458423,2.458423,,,,,0.109807,-0.091865,0.013259,,,,,,,,,
22603,,,,,,,,,,,,,0.000000,0.000000,0.034380,0.034380,,,,,,,,,,,,
22597,,,,,,,,,,,,,,,,,,,,-0.000941,0.856842,2.260883,,,,,,
22605,,,,,,,,,,,,,,,,,,,,,,,-0.014945,-0.013908,1.022421,0.070000,-0.490000,-0.280000
22610,,,,,,,,,,,,,,,,,,,,,,,-0.015006,-0.013725,1.021567,0.070000,-0.490000,-0.280000
22608,,,,,,,,,,,,,,,,,,,,-0.000941,0.856842,2.260883,,,,,,
22615,,,,,,,,,,,,,,,,,,,,,,,-0.015006,-0.013725,1.021567,0.070000,-0.490000,-0.210000
22616,,,,,,,,,,,,,0.000000,0.000000,0.034380,0.034380,,,,-0.000937,0.856839,2.260883,,,,,,
22625,,,,,,,,,,,,,,,,,,,,,,,-0.015006,-0.013725,1.021567,0.140000,-0.490000,-0.210000
22626,,,,,,,,,,,,,0.000000,0.000000,0.034380,0.034380,,,,-0.000940,0.856839,2.260883,,,,,,
22635,,,,,,,,,,,,,,,,,,,,,,,-0.015555,-0.012627,1.021750,0.070000,-0.490000,-0.280000
22636,,,,,,,,,,,,,0.000000,0.000000,0.034380,0.034380,,,,,,,,,,,,
22641,,,,0.000000,1.000000,2.274142,0.000000,0.000000,,,,,,,,,,,,,,,,,,,,
22642,,,,,,,,,,,2.458411,2.458411,,,,,0.109807,-0.091862,0.013259,,,,,,,,,
22638,,,,,,,,,,,,,,,,,,,,-0.000941,0.856837,2.260883,,,,,,
22646,,,,,,,,,,,,,0.000000,0.000000,0.034380,0.034380,,,,,,,,,,,,
22647,,,,,,,,,,,,,,,,,,,,,,,-0.015128,-0.012566,1.021079,0.000000,-0.420000,-0.210000
22645,,,,,,,,,,,,,,,,,,,,-0.000939,0.856840,2.260883,,,,,,
22655,,,,,,,,,,,,,,,,,,,,-0.000944,0.856839,2.260883,-0.015128,-0.012566,1.021079,0.070000,-0.420000,-0.210000
22664,,,,,,,,,,,,,0.000000,0.000000,0.034380,0.034380,,,,,,,,,,,,
22666,,,,,,,,,,,,,,,,,,,,-0.000941,0.856842,2.260883,,,,,,
22669,,,,,,,,,,,,,,,,,,,,,,,-0.015433,-0.012688,1.021628,0.070000,-0.490000,-0.280000
22675,,,,,,,,,,,,,,,,,,,,,,,-0.015433,-0.012688,1.021628,0.070000,-0.420000,-0.210000
22676,,,,,,,,,,,,,0.000000,0.000000,0.034380,0.034380,,,,,,,,,,,,
22677,,,,,,,,,,,,,,,,,,,,-0.000938,0.856840,2.260883,,,,,,
22685,,,,,,,,,,,,,,,,,,,,,,,-0.014884,-0.013054,1.021628,0.070000,-0.560000,-0.210000
22686,,,,,,,,,,,,,0.000000,0.000000,0.034380,0.034380,,,,,,,,,,,,
22687,,,,,,,,,,,,,,,,,,,,-0.000941,0.856838,2.260883,,,,,,
22691,,,,0.000000,1.000000,2.274142,0.000000,0.000000,,,2.458400,2.458400,,,,,0.109806,-0.091863,0.013259,,,,,,,,,
22704,,,,,,,,,,,,,,,,,,,,,,,-0.014884,-0.013054,1.021628,0.070000,-0.490000,-0.140000
22705,,,,,,,,,,,,,0.000000,0.000000,0.034380,0.034380,,,,-0.000939,0.856840,2.260883,,,,,,
22695,,,,,,,,,,,,,,,,,,,,-0.000943,0.856838,2.260883,,,,,,
22709,,,,,,,,,,,,,,,,,,,,,,,-0.015616,-0.013481,1.021201,0.000000,-0.490000,-0.210000
22715,,,,,,,,,,,,,,,,,,,,,,,-0.015616,-0.013481,1.021201,0.070000,-0.490000,-0.280000
22716,,,,,,,,,,,,,0.000000,0.000000,0.034380,0.034380,,,,-0.000955,0.856846,2.260892,,,,,,
22725,,,,,,,,,,,,,,,,,,,,,,,-0.015128,-0.014030,1.020774,0.070000,-0.560000,-0.280000
22726,,,,,,,,,,,,,0.000000,0.000000,0.034380,0.034380,,,,-0.000944,0.856843,2.260883,,,,,,
22735,,,,,,,,,,,,,,,,,,,,,,,-0.015128,-0.014030,1.020774,0.140000,-0.490000,-0.280000
22736,,,,,,,,,,,,,0.000000,0.000000,0.034380,0.034380,,,,-0.000941,0.856842,2.260883,,,,,,
22741,,,,0.000000,1.000000,2.274142,0.000000,0.000000,,,2.458343,2.458343,,,,,0.109803,-0.091861,0.013259,,,,,,,,,
22746,,,,,,,,,,,,,0.000000,0.000000,0.034379,0.034379,,,,,,,,,,,,
22747,,,,,,,,,,,,,,,,,,,,-0.000939,0.856840,2.260883,-0.015433,-0.012749,1.020774,0.070000,-0.490000,-0.210000
22755,,,,,,,,,,,,,,,,,,,,,,,-0.015433,-0.012749,1.020774,0.140000,-0.490000,-0.280000
22765,,,,,,,,,,,,,0.000000,0.000000,0.034379,0.034379,,,,,,,,,,,,
22757,,,,,,,,,,,,,,,,,,,,-0.000941,0.856839,2.260883,,,,,,
22770,,,,,,,,,,,,,,,,,,,,,,,-0.015250,-0.013542,1.020835,0.070000,-0.420000,-0.210000
22768,,,,,,,,,,,,,,,,,,,,-0.000938,0.856841,2.260883,,,,,,
22775,,,,,,,,,,,,,,,,,,,,-0.000932,0.856842,2.260883,-0.015250,-0.013542,1.020835,0.070000,-0.490000,-0.210000
22776,,,,,,,,,,,,,0.000000,0.000000,0.034379,0.034379,,,,,,,,,,,,
22785,,,,,,,,,,,,,,,,,,,,,,,-0.015250,-0.013847,1.022360,0.000000,-0.490000,-0.280000
22786,,,,,,,,,,,,,0.000000,0.000000,0.034379,0.034379,,,,-0.000936,0.856839,2.260883,,,,,,
22791,,,,0.000000,1.000000,2.274142,0.000000,0.000000,,,2.458447,2.458447,,,,,0.109808,-0.091859,0.013259,,,,,,,,,
22796,,,,,,,,,,,,,0.000000,0.000000,0.034381,0.034381,,,,-0.000943,0.856839,2.260883,,,,,,
22797,,,,,,,,,,,,,,,,,,,,,,,-0.015311,-0.014152,1.021445,0.070000,-0.560000,-0.280000
22805,,,,,,,,,,,,,,,,,,,,,,,-0.015311,-0.014152,1.021445,0.140000,-0.560000,-0.210000
22806,,,,,,,,,,,,,0.000000,0.000000,0.034381,0.034381,,,,-0.000940,0.856845,2.260883,,,,,,
22815,,,,,,,,,,,,,,,,,,,,,,,-0.015311,-0.012444,1.020408,0.070000,-0.420000,-0.210000
22824,,,,,,,,,,,,,0.000000,0.000000,0.034381,0.034381,,,,,,,,,,,,
22817,,,,,,,,,,,,,,,,,,,,-0.000953,0.856851,2.260892,,,,,,
22825,,,,,,,,,,,,,,,,,,,,-0.000941,0.856842,2.260883,,,,,,
22829,,,,,,,,,,,,,,,,,,,,,,,-0.015555,-0.012444,1.020408,0.070000,-0.490000,-0.210000
22835,,,,,,,,,,,,,,,,,,,,-0.000940,0.856841,2.260883,-0.015799,-0.012383,1.022665,0.070000,-0.490000,-0.210000
22836,,,,,,,,,,,,,0.000000,0.000000,0.034381,0.034381,,,,,,,,,,,,
22841,,,,0.000000,1.000000,2.274142,0.000000,0.000000,,,2.458379,2.458379,,,,,0.109805,-0.091861,0.013259,,,,,,,,,
22846,,,,,,,,,,,,,0.000000,0.000000,0.034380,0.034380,,,,-0.000943,0.856844,2.260883,,,,,,
22847,,,,,,,,,,,,,,,,,,,,,,,-0.015799,-0.012383,1.022665,0.070000,-0.420000,-0.210000
22855,,,,,,,,,,,,,,,,,,,,,,,-0.015738,-0.013725,1.021445,0.140000,-0.490000,-0.280000
22856,,,,,,,,,,,,,0.000000,0.000000,0.034380,0.034380,,,,-0.000944,0.856846,2.260883,,,,,,
22865,,,,,,,,,,,,,,,,,,,,,,,-0.015738,-0.013725,1.021445,0.070000,-0.560000,-0.210000
22866,,,,,,,,,,,,,0.000000,0.000000,0.034380,0.034380,,,,,,,,,,,,
22867,,,,,,,,,,,,,,,,,,,,-0.000942,0.856845,2.260883,,,,,,
22875,,,,,,,,,,,,,,,,,,,,,,,-0.015006,-0.013908,1.022177,0.140000,-0.490000,-0.210000
22884,,,,,,,,,,,,,0.000000,0.000000,0.034380,0.034380,,,,,,,,,,,,
22878,,,,,,,,,,,,,,,,,,,,-0.000943,0.856846,2.260883,,,,,,
22886,,,,,,,,,,,,,,,,,,,,-0.000939,0.856845,2.260883,,,,,,
22889,,,,,,,,,,,,,,,,,,,,,,,-0.015006,-0.013908,1.022177,0.070000,-0.490000,-0.210000
22891,,,,0.000000,1.000000,2.274142,0.000000,0.000000,,,2.458309,2.458309,,,,,0.109802,-0.091857,0.013259,,,,,,,,,
22896,,,,,,,,,,,,,0.000000,0.000000,0.034379,0.034379,,,,,,,,,,,,
22897,,,,,,,,,,,,,,,,,,,,-0.000938,0.856846,2.260883,-0.015067,-0.013054,1.021872,0.070000,-0.490000,-0.210000
22905,,,,,,,,,,,,,,,,,,,,,,,-0.015067,-0.013054,1.021872,0.000000,-0.490000,-0.280000
22906,,,,,,,,,,,,,0.000000,0.000000,0.034379,0.034379,,,,,,,,,,,,
22907,,,,,,,,,,,,,,,,,,,,-0.000942,0.856842,2.260883,,,,,,
22915,,,,,,,,,,,,,,,,,,,,-0.000943,0.856843,2.260883,-0.014945,-0.013176,1.021140,0.070000,-0.560000,-0.210000
22916,,,,,,,,,,,,,0.000000,0.000000,0.034379,0.034379,,,,,,,,,,,,
22925,,,,,,,,,,,,,,,,,,,,,,,-0.014945,-0.013176,1.021140,0.000000,-0.560000,-0.280000
22926,,,,,,,,,,,,,0.000000,0.000000,0.034379,0.034379,,,,,,,,,,,,
22928,,,,,,,,,,,,,,,,,,,,-0.000940,0.856846,2.260883,,,,,,
22935,,,,,,,,,,,,,,,,,,,,-0.000941,0.856842,2.260883,-0.015982,-0.014213,1.020713,0.140000,-0.560000,-0.280000
22944,,,,,,,,,,,,,0.000000,0.000000,0.034379,0.034379,,,,,,,,,,,,
22946,,,,0.000000,1.000000,2.274142,0.000000,0.000000,,,2.458278,2.458278,,,,,,,,,,,,,,,,
22947,,,,,,,,,,,,,,,,,0.109801,-0.091857,0.013259,-0.000938,0.856842,2.260883,,,,,,
22952,,,,,,,,,,,,,,,,,,,,,,,-0.016165,-0.013176,1.021689,0.070000,-0.560000,-0.210000
22956,,,,,,,,,,,,,0.000000,0.000000,0.034378,0.034378,,,,,,,,,,,,
22957,,,,,,,,,,,,,,,,,,,,,,,-0.016165,-0.013176,1.021689,0.070000,-0.490000,-0.280000
22955,,,,,,,,,,,,,,,,,,,,-0.000940,0.856842,2.260883,,,,,,
22965,,,,,,,,,,,,,,,,,,,,-0.000956,0.856853,2.260892,-0.016165,-0.013176,1.021689,0.070000,-0.490000,-0.210000
22966,,,,,,,,,,,,,0.000000,0.000000,0.034378,0.034378,,,,,,,,,,,,
22975,,,,,,,,,,,,,,,,,,,,,,,-0.015677,-0.012932,1.021933,0.070000,-0.490000,-0.280000
22976,,,,,,,,,,,,,0.000000,0.000000,0.034378,0.034378,,,,-0.000942,0.856847,2.260883,,,,,,
22985,,,,,,,,,,,,,,,,,,,,,,,-0.015311,-0.013115,1.021506,0.070000,-0.490000,-0.210000
22986,,,,,,,,,,,,,0.000000,0.000000,0.034378,0.034378,,,,,,,,,,,,
22987,,,,,,,,,,,,,,,,,,,,-0.000940,0.856847,2.260883,,,,,,
22991,,,,0.000000,1.000000,2.274142,0.000000,0.000000,,,2.458275,2.458275,,,,,0.109800,-0.091857,0.013259,,,,,,,,,
23005,,,,,,,,,,,,,,,0.034378,0.034378,,,,,,,,,,,,
23006,,,,,,,,,,,,,0.000000,0.000000,,,,,,,,,,,,,,
22997,,,,,,,,,,,,,,,,,,,,-0.000943,0.856845,2.260883,,,,,,
23007,,,,,,,,,,,,,,,,,,,,,,,-0.015311,-0.013115,1.021506,0.140000,-0.560000,-0.210000
23008,,,,,,,,,,,,,,,,,,,,-0.000942,0.856842,2.260883,,,,,,
23013,,,,,,,,,,,,,,,,,,,,,,,-0.015921,-0.012139,1.021445,0.000000,-0.560000,-0.280000
23016,,,,,,,,,,,,,0.000000,0.000000,0.034378,0.034378,,,,,,,,,,,,
23015,,,,,,,,,,,,,,,,,,,,-0.000946,0.856847,2.260883,,,,,,
23018,,,,,,,,,,,,,,,,,,,,,,,-0.015921,-0.012139,1.021445,0.070000,-0.490000,-0.210000
23025,,,,,,,,,,,,,,,,,,,,,,,-0.015860,-0.013176,1.022177,0.070000,-0.490000,-0.280000
23026,,,,,,,,,,,,,0.000000,0.000000,0.034378,0.034378,,,,-0.000943,0.856850,2.260883,,,,,,
23035,,,,,,,,,,,,,,,,,,,,,,,-0.015860,-0.013176,1.022177,0.140000,-0.490000,-0.210000
23045,,,,,,,,,,,,,0.000000,0.000000,0.034378,0.034378,,,,,,,,,,,,
23047,,,,0.000000,1.000000,2.274142,0.000000,0.000000,,,,,,,,,,,,,,,,,,,,
23048,,,,,,,,,,,2.458175,2.458175,,,,,0.109796,-0.091857,0.013259,,,,,,,,,
23046,,,,,,,,,,,,,,,,,,,,-0.000944,0.856848,2.260883,,,,,,
23053,,,,,,,,,,,,,,,,,,,,,,,-0.015616,-0.013420,1.021140,0.140000,-0.560000,-0.280000
23056,,,,,,,,,,,,,0.000000,0.000000,0.034377,0.034377,,,,,,,,,,,,
23058,,,,,,,,,,,,,,,,,,,,,,,-0.015616,-0.013420,1.021140,0.070000,-0.560000,-0.210000
23057,,,,,,,,,,,,,,,,,,,,-0.000945,0.856847,2.260883,,,,,,
23065,,,,,,,,,,,,,,,,,,,,,,,-0.015433,-0.012810,1.021872,0.070000,-0.490000,-0.280000
23066,,,,,,,,,,,,,0.000000,0.000000,0.034377,0.034377,,,,,,,,,,,,
23067,,,,,,,,,,,,,,,,,,,,-0.000947,0.856849,2.260883,,,,,,
23075,,,,,,,,,,,,,,,,,,,,,,,-0.015433,-0.012810,1.021872,0.140000,-0.490000,-0.280000
23076,,,,,,,,,,,,,0.000000,0.000000,0.034377,0.034377,,,,,,,,,,,,
23078,,,,,,,,,,,,,,,,,,,,-0.000944,0.856843,2.260883,,,,,,
23085,,,,,,,,,,,,,,,,,,,,-0.000942,0.856841,2.260883,-0.015860,-0.012932,1.021140,0.070000,-0.420000,-0.280000
23086,,,,,,,,,,,,,0.000000,0.000000,0.034377,0.034377,,,,,,,,,,,,
23091,,,,0.000000,1.000000,2.274142,0.000000,0.000000,,,2.458324,2.458324,,,,,0.109803,-0.091862,0.013259,,,,,,,,,
23106,,,,,,,,,,,,,0.000000,0.000000,0.034379,0.034379,,,,,,,-0.015860,-0.012932,1.021140,0.070000,-0.490000,-0.210000
23099,,,,,,,,,,,,,,,,,,,,-0.000946,0.856843,2.260883,,,,,,
23107,,,,,,,,,,,,,,,,,,,,-0.000942,0.856844,2.260883,,,,,,
23112,,,,,,,,,,,,,,,,,,,,,,,-0.016043,-0.013786,1.021750,0.070000,-0.560000,-0.280000
23116,,,,,,,,,,,,,0.000000,0.000000,0.034379,0.034379,,,,,,,,,,,,
23117,,,,,,,,,,,,,,,,,,,,-0.000940,0.856843,2.260883,-0.015067,-0.014762,1.021994,0.070000,-0.560000,-0.210000
23125,,,,,,,,,,,,,,,,,,,,-0.000943,0.856845,2.260883,-0.015067,-0.014762,1.021994,-0.070000,-0.490000,-0.350000
23126,,,,,,,,,,,,,0.000000,0.000000,0.034379,0.034379,,,,,,,,,,,,
23135,,,,,,,,,,,,,,,,,,,,,,,-0.015067,-0.014762,1.021506,0.140000,-0.490000,-0.210000
23136,,,,,,,,,,,,,0.000000,0.000000,0.034379,0.034379,,,,-0.000944,0.856842,2.260883,,,,,,
23141,,,,0.000000,1.000000,2.274142,0.000000,0.000000,,,2.458285,2.458285,,,,,0.109801,-0.091863,0.013259,,,,,,,,,
23146,,,,,,,,,,,,,0.000000,0.000000,0.034378,0.034378,,,,-0.000942,0.856847,2.260883,,,,,,
23147,,,,,,,,,,,,,,,,,,,,,,,-0.016043,-0.013359,1.021506,0.070000,-0.490000,-0.280000
23155,,,,,,,,,,,,,,,,,,,,,,,-0.015799,-0.013542,1.021262,0.070000,-0.560000,-0.280000
23166,,,,,,,,,,,,,0.000000,0.000000,0.034378,0.034378,,,,,,,,,,,,
23157,,,,,,,,,,,,,,,,,,,,-0.000945,0.856852,2.260883,,,,,,
23167,,,,,,,,,,,,,,,,,,,,-0.000951,0.856848,2.260883,,,,,,
23171,,,,,,,,,,,,,,,,,,,,,,,-0.015799,-0.013542,1.021262,0.140000,-0.560000,-0.210000
23176,,,,,,,,,,,,,0.000000,0.000000,0.034378,0.034378,,,,,,,-0.016226,-0.012993,1.021628,0.070000,-0.490000,-0.280000
23177,,,,,,,,,,,,,,,,,,,,-0.000943,0.856847,2.260883,,,,,,
23185,,,,,,,,,,,,,,,,,,,,,,,-0.016226,-0.012993,1.021628,0.000000,-0.490000,-0.210000
23186,,,,,,,,,,,,,0.000000,0.000000,0.034378,0.034378,,,,,,,,,,,,
23187,,,,,,,,,,,,,,,,,,,,-0.000948,0.856846,2.260883,,,,,,
23191,,,,0.000000,1.000000,2.274142,0.000000,0.000000,,,2.458172,2.458172,,,,,0.109796,-0.091864,0.013259,,,,,,,,,
23196,,,,,,,,,,,,,0.000000,0.000000,0.034377,0.034377,,,,,,,,,,,,
23197,,,,,,,,,,,,,,,,,,,,-0.000942,0.856844,2.260883,-0.015189,-0.012932,1.021628,0.000000,-0.490000,-0.280000
23205,,,,,,,,,,,,,,,,,,,,,,,-0.015189,-0.012932,1.021628,0.070000,-0.490000,-0.280000
23206,,,,,,,,,,,,,0.000000,0.000000,0.034377,0.034377,,,,,,,,,,,,
23208,,,,,,,,,,,,,,,,,,,,-0.000947,0.856850,2.260883,,,,,,
23215,,,,,,,,,,,,,,,,,,,,,,,-0.015555,-0.013237,1.021567,0.140000,-0.490000,-0.210000
23225,,,,,,,,,,,,,0.000000,0.000000,0.034377,0.034377,,,,-0.000950,0.856848,2.260883,,,,,,
23218,,,,,,,,,,,,,,,,,,,,-0.000960,0.856852,2.260892,,,,,,
23231,,,,,,,,,,,,,,,,,,,,,,,-0.015982,-0.012810,1.021262,0.070000,-0.420000,-0.210000
23236,,,,,,,,,,,,,0.000000,0.000000,0.034377,0.034377,,,,-0.000947,0.856845,2.260883,-0.015982,-0.012810,1.021262,0.070000,-0.560000,-0.280000
23241,,,,0.000000,1.000000,2.274142,0.000000,0.000000,,,2.458190,2.458190,,,,,0.109797,-0.091863,0.013259,,,,,,,,,
23246,,,,,,,,,,,,,0.000000,0.000000,0.034377,0.034377,,,,-0.000945,0.856847,2.260883,,,,,,
23247,,,,,,,,,,,,,,,,,,,,,,,-0.015982,-0.012810,1.021262,0.070000,-0.420000,-0.210000
23255,,,,,,,,,,,,,,,,,,,,,,,-0.015250,-0.013176,1.021872,0.140000,-0.560000,-0.280000
23256,,,,,,,,,,,,,0.000000,0.000000,0.034377,0.034377,,,,-0.000945,0.856845,2.260883,,,,,,
23265,,,,,,,,,,,,,,,,,,,,,,,-0.015250,-0.013176,1.021872,0.070000,-0.420000,-0.280000
23266,,,,,,,,,,,,,0.000000,0.000000,0.034377,0.034377,,,,,,,,,,,,
23267,,,,,,,,,,,,,,,,,,,,-0.000947,0.856847,2.260883,,,,,,
23275,,,,,,,,,,,,,,,,,,,,,,,-0.015006,-0.013054,1.021445,0.000000,-0.490000,-0.280000
23286,,,,,,,,,,,,,0.000000,0.000000,0.034377,0.034377,,,,,,,,,,,,
23278,,,,,,,,,,,,,,,,,,,,-0.000946,0.856847,2.260883,,,,,,
23285,,,,,,,,,,,,,,,,,,,,-0.000946,0.856848,2.260883,,,,,,
23291,,,,0.000000,1.000000,2.274142,0.000000,0.000000,,,2.458155,2.458155,,,,,,,,,,,,,,,,
23292,,,,,,,,,,,,,,,,,0.109795,-0.091861,0.013259,,,,-0.016287,-0.013725,1.021201,0.000000,-0.560000,-0.280000
23296,,,,,,,,,,,,,0.000000,0.000000,0.034377,0.034377,,,,-0.000944,0.856845,2.260883,,,,,,
23298,,,,,,,,,,,,,,,,,,,,,,,-0.016287,-0.013725,1.021201,0.070000,-0.560000,-0.280000
23305,,,,,,,,,,,,,,,,,,,,,,,-0.016287,-0.013054,1.021506,0.070000,-0.560000,-0.280000
23306,,,,,,,,,,,,,0.000000,0.000000,0.034377,0.034377,,,,-0.000947,0.856846,2.260883,,,,,,
23315,,,,,,,,,,,,,,,,,,,,,,,-0.015616,-0.013054,1.021506,0.000000,-0.420000,-0.280000
23316,,,,,,,,,,,,,0.000000,0.000000,0.034377,0.034377,,,,,,,,,,,,
23317,,,,,,,,,,,,,,,,,,,,-0.000948,0.856846,2.260883,,,,,,
23325,,,,,,,,,,,,,,,,,,,,,,,-0.016043,-0.012871,1.022055,0.000000,-0.490000,-0.280000
23326,,,,,,,,,,,,,0.000000,0.000000,0.034377,0.034377,,,,,,,,,,,,
23327,,,,,,,,,,,,,,,,,,,,-0.000944,0.856847,2.260883,,,,,,
23335,,,,,,,,,,,,,,,,,,,,,,,-0.016043,-0.012871,1.022055,0.140000,-0.490000,-0.280000
23345,,,,,,,,,,,,,0.000000,0.000000,0.034377,0.034377,,,,-0.000947,0.856846,2.260883,,,,,,
23347,,,,0.000000,1.000000,2.274142,0.000000,0.000000,,,2.458197,2.458197,,,,,0.109797,-0.091860,0.013259,,,,,,,,,
23353,,,,,,,,,,,,,,,,,,,,,,,-0.016287,-0.014030,1.021994,0.070000,-0.490000,-0.280000
23356,,,,,,,,,,,,,0.000000,0.000000,0.034377,0.034377,,,,-0.000942,0.856847,2.260883,,,,,,
23358,,,,,,,,,,,,,,,,,,,,,,,-0.016287,-0.014030,1.021994,0.070000,-0.420000,-0.210000
23365,,,,,,,,,,,,,,,,,,,,,,,-0.016165,-0.013054,1.021201,0.070000,-0.490000,-0.210000
23366,,,,,,,,,,,,,0.000000,0.000000,0.034377,0.034377,,,,-0.000943,0.856849,2.260883,,,,,,
23375,,,,,,,,,,,,,,,,,,,,,,,-0.016165,-0.013054,1.021201,0.070000,-0.490000,-0.210000
23376,,,,,,,,,,,,,0.000000,0.000000,0.034377,0.034377,,,,,,,,,,,,
23377,,,,,,,,,,,,,,,,,,,,-0.000947,0.856848,2.260883,,,,,,
23385,,,,,,,,,,,,,,,,,,,,,,,-0.016226,-0.013969,1.021323,0.070000,-0.490000,-0.210000
23386,,,,,,,,,,,,,0.000000,0.000000,0.034377,0.034377,,,,,,,,,,,,
23391,,,,0.000000,1.000000,2.274142,0.000000,0.000000,,,2.458157,2.458157,,,,,0.109795,-0.091861,0.013259,,,,,,,,,
23387,,,,,,,,,,,,,,,,,,,,-0.000943,0.856851,2.260883,,,,,,
23405,,,,,,,,,,,,,0.000000,0.000000,0.034377,0.034377,,,,,,,,,,,,
23398,,,,,,,,,,,,,,,,,,,,-0.000950,0.856847,2.260883,,,,,,
23407,,,,,,,,,,,,,,,,,,,,,,,-0.016226,-0.013969,1.021323,0.140000,-0.490000,-0.210000
23408,,,,,,,,,,,,,,,,,,,,-0.000946,0.856851,2.260883,,,,,,
23413,,,,,,,,,,,,,,,,,,,,,,,-0.016348,-0.013420,1.021506,0.140000,-0.490000,-0.210000
23416,,,,,,,,,,,,,0.000000,0.000000,0.034377,0.034377,,,,-0.000944,0.856852,2.260883,,,,,,
23418,,,,,,,,,,,,,,,,,,,,,,,-0.016348,-0.013725,1.022482,0.070000,-0.490000,-0.280000
23425,,,,,,,,,,,,,,,,,,,,,,,-0.016287,-0.013725,1.022482,0.000000,-0.560000,-0.210000
23426,,,,,,,,,,,,,0.000000,0.000000,0.034377,0.034377,,,,-0.000946,0.856849,2.260883,,,,,,
23435,,,,,,,,,,,,,,,,,,,,,,,-0.016287,-0.013725,1.022482,0.070000,-0.490000,-0.280000
23436,,,,,,,,,,,,,0.000000,0.000000,0.034377,0.034377,,,,,,,,,,,,
23441,,,,-0.000006,1.000008,2.274142,0.000000,0.000000,,,,,,,,,,,,,,,,,,,,
23442,,,,,,,,,,,2.458365,2.458365,,,,,0.109804,-0.091860,0.013259,,,,,,,,,
23438,,,,,,,,,,,,,,,,,,,,-0.000945,0.856850,2.260883,,,,,,
23446,,,,,,,,,,,,,0.000000,0.000000,0.034380,0.034380,,,,,,,,,,,,
23447,,,,,,,,,,,,,,,,,,,,,,,-0.016470,-0.012627,1.021140,0.070000,-0.420000,-0.210000
23448,,,,,,,,,,,,,,,,,,,,-0.000946,0.856851,2.260883,,,,,,
23455,,,,,,,,,,,,,,,,,,,,-0.000947,0.856852,2.260854,-0.016470,-0.012627,1.021628,0.070000,-0.560000,-0.210000
23465,,,,,,,,,,,,,0.000000,0.000000,0.034380,0.034380,,,,,,,,,,,,
23466,,,,,,,,,,,,,,,,,,,,-0.000948,0.856851,2.260883,,,,,,
23471,,,,,,,,,,,,,,,,,,,,,,,-0.015799,-0.014640,1.021628,0.070000,-0.490000,-0.280000
23476,,,,,,,,,,,,,0.000000,0.000000,0.034380,0.034380,,,,-0.000949,0.856851,2.260883,-0.015921,-0.013237,1.022421,0.140000,-0.490000,-0.210000
23485,,,,,,,,,,,,,,,,,,,,,,,-0.015921,-0.013237,1.022421,0.000000,-0.490000,-0.210000
23486,,,,,,,,,,,,,0.000000,0.000000,0.034380,0.034380,,,,,,,,,,,,
23487,,,,,,,,,,,,,,,,,,,,-0.000947,0.856848,2.260883,,,,,,
23491,,,,-0.000050,1.000059,2.274142,0.000588,0.000001,,,2.496296,2.495462,,,,,0.109872,-0.091861,0.013259,,,,,,,,,
23505,,,,,,,,,,,,,0.000000,0.000000,0.034910,0.034898,,,,,,,,,,,,
23506,,,,,,,,,,,,,,,,,,,,-0.000944,0.856852,2.260883,-0.015677,-0.014091,1.020896,0.210000,-0.490000,-0.210000
23495,,,,,,,,,,,,,,,,,,,,-0.000945,0.856851,2.260883,,,,,,
23512,,,,,,,,,,,,,,,,,,,,,,,-0.015677,-0.012810,1.021140,0.070000,-0.490000,-0.210000
23516,,,,,,,,,,,,,0.000000,0.000000,0.034910,0.034898,,,,-0.000945,0.856851,2.260883,,,,,,
23517,,,,,,,,,,,,,,,,,,,,,,,-0.015616,-0.012810,1.021140,0.070000,-0.420000,-0.210000
23525,,,,,,,,,,,,,,,,,,,,,,,-0.015616,-0.012810,1.021140,0.070000,-0.420000,-0.210000
23526,,,,,,,,,,,,,0.000000,0.000000,0.034910,0.034898,,,,,,,,,,,,
23527,,,,,,,,,,,,,,,,,,,,-0.000943,0.856849,2.260883,,,,,,
23535,,,,,,,,,,,,,,,,,,,,,,,-0.015982,-0.013115,1.022360,0.140000,-0.490000,-0.280000
23536,,,,,,,,,,,,,0.000000,0.000000,0.034910,0.034898,,,,-0.000949,0.856844,2.260854,,,,,,
23541,,,,-0.000167,1.000197,2.274147,0.002305,0.000025,,,2.606712,2.603555,,,,,0.110057,-0.091859,0.013290,,,,,,,,,
23546,,,,,,,,,,,,,0.000000,0.000000,0.036454,0.036410,,,,-0.000948,0.856850,2.260854,,,,,,
23547,,,,,,,,,,,,,,,,,,,,,,,-0.015982,-0.013115,1.022360,0.000000,-0.490000,-0.280000
23555,,,,,,,,,,,,,,,,,,,,,,,-0.015799,-0.014213,1.022055,0.070000,-0.560000,-0.280000
23566,,,,,,,,,,,,,0.000000,0.000000,0.036454,0.036410,,,,,,,,,,,,
23557,,,,,,,,,,,,,,,,,,,,-0.000948,0.856851,2.260883,,,,,,
23568,,,,,,,,,,,,,,,,,,,,-0.000949,0.856853,2.260883,,,,,,
23571,,,,,,,,,,,,,,,,,,,,,,,-0.015616,-0.013725,1.022055,0.070000,-0.560000,-0.280000
23576,,,,,,,,,,,,,0.000000,0.000000,0.036454,0.036410,,,,-0.000953,0.856853,2.260883,-0.015616,-0.013725,1.022055,0.070000,-0.490000,-0.280000
23585,,,,,,,,,,,,,,,,,,,,,,,-0.015616,-0.013725,1.022055,0.000000,-0.490000,-0.280000
23586,,,,,,,,,,,,,0.000000,0.000000,0.036454,0.036410,,,,-0.000950,0.856855,2.260883,,,,,,
23591,,,,-0.000389,1.000459,2.274168,0.005081,0.000186,,,2.785678,2.779387,,,,,0.110390,-0.091851,0.013288,,,,,,,,,
23596,,,,,,,,,,,,,0.000000,0.000000,0.038957,0.038869,,,,,,,,,,,,
23597,,,,,,,,,,,,,,,,,,,,-0.000949,0.856855,2.260883,-0.015982,-0.013054,1.021750,0.070000,-0.490000,-0.280000
23605,,,,,,,,,,,,,,,,,,,,,,,-0.015982,-0.013054,1.021750,0.070000,-0.420000,-0.280000
23606,,,,,,,,,,,,,0.000000,0.000000,0.038957,0.038869,,,,,,,,,,,,
23608,,,,,,,,,,,,,,,,,,,,-0.000944,0.856857,2.260883,,,,,,
23615,,,,,,,,,,,,,,,,,,,,-0.000950,0.856853,2.260883,-0.015738,-0.012688,1.021811,0.070000,-0.560000,-0.210000
23625,,,,,,,,,,,,,0.000000,0.000000,0.038957,0.038869,,,,,,,,,,,,
23626,,,,,,,,,,,,,,,,,,,,-0.000949,0.856855,2.260883,,,,,,
23631,,,,,,,,,,,,,,,,,,,,,,,-0.015433,-0.013969,1.021994,0.070000,-0.560000,-0.210000
23636,,,,,,,,,,,,,,,,,,,,,,,-0.015433,-0.013969,1.021994,0.070000,-0.560000,-0.280000
23637,,,,,,,,,,,,,0.000000,0.000000,0.038957,0.038869,,,,,,,,,,,,
23641,,,,-0.000749,1.000883,2.274237,0.008847,0.000753,,,3.029904,3.021174,,,,,,,,,,,,,,,,
23642,,,,,,,,,,,,,,,,,0.110945,-0.091843,0.013354,,,,,,,,,
23638,,,,,,,,,,,,,,,,,,,,-0.000951,0.856852,2.260883,,,,,,
23646,,,,,,,,,,,,,0.000000,0.000000,0.042372,0.042250,,,,,,,,,,,,
23647,,,,,,,,,,,,,,,,,,,,,,,-0.015555,-0.013115,1.021872,0.000000,-0.490000,-0.280000
23645,,,,,,,,,,,,,,,,,,,,-0.000949,0.856852,2.260883,,,,,,
23655,,,,,,,,,,,,,,,,,,,,,,,-0.015555,-0.013115,1.021872,0.070000,-0.490000,-0.210000
23656,,,,,,,,,,,,,0.000000,0.000000,0.042372,0.042250,,,,-0.000949,0.856856,2.260883,,,,,,
23665,,,,,,,,,,,,,,,,,,,,,,,-0.016165,-0.013542,1.021994,0.070000,-0.490000,-0.210000
23666,,,,,,,,,,,,,0.000000,0.000000,0.042372,0.042250,,,,-0.000948,0.856855,2.260854,,,,,,
23675,,,,,,,,,,,,,,,,,,,,,,,-0.016165,-0.013542,1.021994,0.140000,-0.490000,-0.280000
23685,,,,,,,,,,,,,0.000000,0.000000,0.042372,0.042250,,,,,,,,,,,,
23677,,,,,,,,,,,,,,,,,,,,-0.000948,0.856853,2.260883,,,,,,
23687,,,,,,,,,,,,,,,,,,,,-0.000950,0.856858,2.260883,,,,,,
23691,,,,-0.001274,1.001502,2.274416,0.013537,0.002214,,,,,,,,,,,,,,,,,,,,
23692,,,,,,,,,,,3.334687,3.326893,,,,,0.111755,-0.091831,0.013534,,,,,,,,,
23693,,,,,,,,,,,,,,,,,,,,,,,-0.015677,-0.012871,1.021445,0.070000,-0.560000,-0.210000
23696,,,,,,,,,,,,,0.000000,0.000000,0.046635,0.046526,,,,,,,,,,,,
23695,,,,,,,,,,,,,,,,,,,,-0.000955,0.856856,2.260883,,,,,,
23698,,,,,,,,,,,,,,,,,,,,,,,-0.015677,-0.012871,1.021445,0.070000,-0.560000,-0.210000
23705,,,,,,,,,,,,,,,,,,,,-0.000952,0.856854,2.260883,-0.016165,-0.012017,1.021811,0.070000,-0.490000,-0.210000
23706,,,,,,,,,,,,,0.000000,0.000000,0.046635,0.046526,,,,,,,,,,,,
23715,,,,,,,,,,,,,,,,,,,,,,,-0.016165,-0.012017,1.021811,0.000000,-0.420000,-0.280000
23716,,,,,,,,,,,,,0.000000,0.000000,0.046635,0.046526,,,,-0.000952,0.856856,2.260883,,,,,,
23725,,,,,,,,,,,,,,,,,,,,,,,-0.015372,-0.013725,1.021567,0.070000,-0.420000,-0.210000
23726,,,,,,,,,,,,,0.000000,0.000000,0.046635,0.046526,,,,-0.000952,0.856856,2.260883,,,,,,
23735,,,,,,,,,,,,,,,,,,,,,,,-0.015372,-0.013725,1.021567,0.070000,-0.490000,-0.280000
23749,,,,,,,,,,,,,0.000000,0.000000,0.046635,0.046526,,,,,,,,,,,,
23751,,,,-0.001992,1.002348,2.274810,0.019083,0.005297,,,3.694874,3.695436,,,,,0.112864,-0.091818,0.013927,,,,,,,,,
23747,,,,,,,,,,,,,,,,,,,,-0.000947,0.856856,2.260883,,,,,,
23756,,,,,,,,,,,,,0.000000,0.000000,0.051672,0.051680,,,,,,,-0.014884,-0.013786,1.021994,0.140000,-0.490000,-0.210000
23757,,,,,,,,,,,,,,,,,,,,-0.000953,0.856855,2.260854,,,,,,
23761,,,,,,,,,,,,,,,,,,,,,,,-0.015189,-0.013115,1.021994,0.140000,-0.490000,-0.210000
23766,,,,,,,,,,,,,,,,,,,,,,,-0.015189,-0.013115,1.021994,0.070000,-0.560000,-0.210000
23767,,,,,,,,,,,,,0.000000,0.000000,0.051672,0.051680,,,,,,,,,,,,
23765,,,,,,,,,,,,,,,,,,,,-0.000951,0.856855,2.260883,,,,,,
23775,,,,,,,,,,,,,,,,,,,,,,,-0.015189,-0.013115,1.021994,0.140000,-0.490000,-0.210000
23776,,,,,,,,,,,,,0.000000,0.000000,0.051672,0.051680,,,,-0.000948,0.856853,2.260883,,,,,,
23785,,,,,,,,,,,,,,,,,,,,,,,-0.016348,-0.013237,1.021445,-0.070000,-0.490000,-0.280000
23786,,,,,,,,,,,,,0.000000,0.000000,0.051672,0.051680,,,,,,,,,,,,
23787,,,,,,,,,,,,,,,,,,,,-0.000948,0.856856,2.260883,,,,,,
23791,,,,-0.002928,1.003449,2.275580,0.025419,0.010999,,,4.104423,4.126453,,,,,0.114312,-0.091795,0.014697,,,,,,,,,
23818,,,,,,,,,,,,,0.000000,0.000000,0.057399,0.057707,,,,,,,,,,,,
23815,,,,,,,,,,,,,,,,,,,,-0.000950,0.856853,2.260883,,,,,,
23820,,,,,,,,,,,,,,,,,,,,,,,-0.016470,-0.013054,1.021872,0.140000,-0.490000,-0.280000
23825,,,,,,,,,,,,,,,,,,,,-0.000964,0.856859,2.260892,-0.015616,-0.014091,1.021689,0.070000,-0.560000,-0.210000
23826,,,,,,,,,,,,,0.000000,0.000000,0.057399,0.057707,,,,,,,,,,,,
23830,,,,,,,,,,,,,,,,,,,,,,,-0.015616,-0.014091,1.021689,0.070000,-0.490000,-0.210000
23835,,,,,,,,,,,,,,,,,,,,,,,-0.016104,-0.013481,1.021445,0.140000,-0.490000,-0.210000
23836,,,,,,,,,,,,,0.000000,0.000000,0.057399,0.057707,,,,-0.000948,0.856859,2.260883,,,,,,
23841,,,,-0.004104,1.004830,2.276958,0.032478,0.020580,,,,,,,,,,,,,,,,,,,,
23842,,,,,,,,,,,4.556062,4.620162,,,,,0.116123,-0.091766,0.016075,,,,-0.016104,-0.013481,1.021445,-0.070000,-0.490000,-0.280000
23846,,,,,,,,,,,,,0.000000,0.000000,0.063715,0.064612,,,,,,,,,,,,
23845,,,,,,,,,,,,,,,,,,,,-0.000950,0.856858,2.260883,,,,,,
23848,,,,,,,,,,,,,,,,,,,,,,,-0.016104,-0.013481,1.021445,0.140000,-0.560000,-0.210000
23855,,,,,,,,,,,,,,,,,,,,-0.000951,0.856853,2.260883,-0.016470,-0.013847,1.021506,0.140000,-0.490000,-0.210000
23865,,,,,,,,,,,,,0.000000,0.000000,0.063715,0.064612,,,,,,,,,,,,
23866,,,,,,,,,,,,,,,,,,,,-0.000951,0.856854,2.260854,,,,,,
23871,,,,,,,,,,,,,,,,,,,,,,,-0.016470,-0.013237,1.021323,0.070000,-0.560000,-0.490000
23876,,,,,,,,,,,,,0.000000,0.000000,0.063715,0.064612,,,,,,,-0.015799,-0.013237,1.021323,0.210000,-0.560000,-0.490000
23877,,,,,,,,,,,,,,,,,,,,-0.000951,0.856861,2.260883,,,,,,
23885,,,,,,,,,,,,,,,,,,,,,,,-0.015799,-0.013237,1.021323,0.000000,-0.420000,-0.280000
23886,,,,,,,,,,,,,0.000000,0.000000,0.063715,0.064612,,,,,,,,,,,,
23891,,,,-0.005543,1.006513,2.279256,0.040187,0.035561,,,,,,,,,,,,,,,,,,,,
23892,,,,,,,,,,,5.041301,5.177595,,,,,0.118334,-0.091728,0.018373,,,,,,,,,
23888,,,,,,,,,,,,,,,,,,,,-0.000955,0.856856,2.260854,,,,,,
23896,,,,,,,,,,,,,0.000000,0.000000,0.070501,0.072407,,,,,,,,,,,,
23897,,,,,,,,,,,,,,,,,,,,,,,-0.016836,-0.013542,1.021750,0.140000,-0.630000,-0.070000
23895,,,,,,,,,,,,,,,,,,,,-0.000952,0.856855,2.260854,,,,,,
23905,,,,,,,,,,,,,,,,,,,,-0.000954,0.856857,2.260854,-0.016836,-0.013542,1.021750,0.140000,-0.630000,-0.210000
23906,,,,,,,,,,,,,0.000000,0.000000,0.070501,0.072407,,,,,,,,,,,,
23915,,,,,,,,,,,,,,,,,,,,,,,-0.014457,-0.013969,1.022177,0.070000,-0.770000,-0.980000
23926,,,,,,,,,,,,,0.000000,0.272626,0.070501,0.069685,,,,,,,,,,,,
23916,,,,,,,,,,,,,,,,,,,,-0.000948,0.856852,2.260854,,,,,,
23927,,,,,,,,,,,,,,,,,,,,-0.000949,0.856861,2.260883,,,,,,
23932,,,,,,,,,,,,,,,,,,,,,,,-0.008418,-0.012078,1.021567,0.070000,-7.210000,10.570000
23936,,,,,,,,,,,,,0.000000,0.780266,0.070501,0.064617,,,,,,,,,,,,
23937,,,,,,,,,,,,,,,,,,,,-0.000957,0.856873,2.263913,-0.008418,-0.012078,1.021567,-0.980000,-8.190000,19.040001
23941,,,,-0.007265,1.008516,2.282881,0.048472,0.057706,,,,,,,,,,,,,,,,,,,,
23942,,,,,,,,,,,5.547778,5.787913,,,,,0.120622,-0.092085,0.018580,,,,,,,,,
23946,,,,,,,,,,,,,0.000000,0.656516,0.077584,0.074387,,,,,,,,,,,,
23947,,,,,,,,,,,,,,,,,,,,,,,0.049593,-0.013664,1.017907,-0.280000,-0.770000,13.790000
23948,,,,,,,,,,,,,,,,,,,,-0.001069,0.856946,2.266970,,,,,,
23955,,,,,,,,,,,,,,,,,,,,-0.001184,0.857059,2.270025,0.049593,-0.013664,1.017907,-0.140000,2.100000,20.090000
23956,,,,,,,,,,,,,0.000000,1.100167,0.077584,0.069958,,,,,,,,,,,,
23965,,,,,,,,,,,,,,,,,,,,,,,0.017263,-0.012383,1.028521,-1.120000,0.420000,22.610001
23966,,,,,,,,,,,,,0.000000,0.925681,0.077584,0.071700,,,,-0.001416,0.857175,2.270054,,,,,,
23975,,,,,,,,,,,,,,,,,,,,,,,0.017263,-0.012383,1.028521,-0.840000,-2.310000,23.870001
23985,,,,,,,,,,,,,0.000000,1.062484,0.077584,0.070334,,,,,,,,,,,,
23976,,,,,,,,,,,,,,,,,,,,-0.001578,0.857302,2.276128,,,,,,
23986,,,,,,,,,,,,,,,,,,,,-0.001802,0.857495,2.279253,,,,,,
23991,,,,-0.009290,1.010850,2.288347,0.057250,0.089016,,,,,,,,,,,,,,,,,,,,
23992,,,,,,,,,,,6.044922,6.401574,,,,,0.121408,-0.094029,0.009474,,,,-0.021960,-0.014091,1.018578,-0.630000,3.080000,12.740000
23996,,,,,,,,,,,,,0.000000,1.403321,0.084537,0.075513,,,,,,,,,,,,
23998,,,,,,,,,,,,,,,,,,,,,,,-0.021960,-0.014091,1.018578,-0.420000,2.660000,8.680000
23997,,,,,,,,,,,,,,,,,,,,-0.001966,0.857685,2.282292,,,,,,
24005,,,,,,,,,,,,,,,,,,,,,,,-0.020679,-0.015555,1.026996,-0.070000,-4.970000,8.050000
24006,,,,,,,,,,,,,0.548990,1.180754,0.079055,0.077735,,,,,,,,,,,,
24007,,,,,,,,,,,,,,,,,,,,-0.002103,0.857905,2.285358,,,,,,
24015,,,,,,,,,,,,,,,,,,,,,,,-0.020679,-0.015555,1.026996,-0.280000,-4.340000,6.860000
24026,,,,,,,,,,,,,0.461920,1.531652,0.079925,0.074231,,,,,,,,,,,,
24018,,,,,,,,,,,,,,,,,,,,-0.002187,0.858010,2.288400,,,,,,
24025,,,,,,,,,,,,,,,,,,,,-0.002361,0.858172,2.288401,,,,,,
24031,,,,,,,,,,,,,,,,,,,,,,,0.008540,-0.013664,1.018700,-0.560000,-0.490000,21.209999
24036,,,,,,,,,,,,,,,,,,,,,,,0.008540,-0.013664,1.018700,-1.190000,-0.840000,21.840000
24037,,,,,,,,,,,,,0.388660,1.817774,0.080656,0.071374,,,,,,,,,,,,
24035,,,,,,,,,,,,,,,,,,,,-0.002521,0.858406,2.291409,,,,,,
24041,,,,-0.011639,1.013521,2.296286,0.066426,0.131730,,,6.542478,7.080559,,,,,,,,,,,,,,,,
24042,,,,,,,,,,,,,,,,,0.122584,-0.095519,0.004754,,,,,,,,,
24046,,,,,,,,,,,,,0.916861,1.529475,0.082340,0.083748,,,,-0.002753,0.858612,2.294478,,,,,,
24047,,,,,,,,,,,,,,,,,,,,,,,0.033733,-0.010919,1.033889,-0.490000,-4.830000,8.120000
24055,,,,,,,,,,,,,,,,,,,,,,,0.033733,-0.010919,1.033889,0.210000,0.070000,0.210000
24056,,,,,,,,,,,,,1.318837,1.834290,0.078327,0.080705,,,,,,,,,,,,
24057,,,,,,,,,,,,,,,,,,,,-0.002912,0.858874,2.297514,,,,,,
24065,,,,,,,,,,,,,,,,,,,,,,,0.022021,-0.020618,1.012905,0.770000,1.050000,-17.780001
24066,,,,,,,,,,,,,1.658216,1.543371,0.074938,0.083610,,,,,,,,,,,,
24067,,,,,,,,,,,,,,,,,,,,-0.003143,0.859126,2.291378,,,,,,
24075,,,,,,,,,,,,,,,,,,,,,,,0.022021,-0.020618,1.012905,0.700000,-2.870000,-13.090000
24086,,,,,,,,,,,,,1.668932,1.846009,0.074831,0.080588,,,,-0.003641,0.859669,2.288346,,,,,,
24078,,,,,,,,,,,,,,,,,,,,-0.003350,0.859329,2.288268,,,,,,
24091,,,,-0.014333,1.016526,2.307460,0.075897,0.188343,,,,,,,,,,,,,,,,,,,,
24092,,,,,,,,,,,7.013649,7.884480,,,,,0.125194,-0.095135,0.018702,,,,,,,,,
24093,,,,,,,,,,,,,,,,,,,,,,,0.001830,-0.013054,1.029741,0.630000,-1.470000,6.650000
24096,,,,,,,,,,,,,1.949436,2.098429,0.078619,0.089310,,,,-0.003923,0.859925,2.291297,,,,,,
24098,,,,,,,,,,,,,,,,,,,,,,,-0.006527,-0.006283,1.018700,-0.560000,-0.770000,8.120000
24105,,,,,,,,,,,,,,,,,,,,,,,-0.006527,-0.006283,1.018700,-0.070000,-1.820000,3.220000
24106,,,,,,,,,,,,,2.188859,1.765618,0.076229,0.092633,,,,-0.004256,0.860222,2.291378,,,,,,
24115,,,,,,,,,,,,,,,,,,,,,,,-0.006527,-0.022509,1.025227,0.420000,-4.130000,-9.030000
24116,,,,,,,,,,,,,2.390584,2.034470,0.074215,0.089949,,,,,,,,,,,,
24117,,,,,,,,,,,,,,,,,,,,-0.004613,0.860563,2.291373,,,,,,
24125,,,,,,,,,,,,,,,,,,,,,,,0.015189,-0.022509,1.025227,0.560000,-3.360000,-10.500000
24126,,,,,,,,,,,,,2.011437,2.260185,0.078000,0.087695,,,,,,,,,,,,
24127,,,,,,,,,,,,,,,,,,,,-0.004856,0.860901,2.291373,,,,,,
24135,,,,,,,,,,,,,,,,,,,,,,,-0.007503,-0.004026,1.024129,-0.140000,-1.260000,0.630000
24145,,,,,,,,,,,,,2.255084,2.464380,0.075568,0.085656,,,,-0.005460,0.861572,2.291409,,,,,,
24148,,,,-0.017394,1.019851,2.322782,0.085545,0.261653,,,7.445657,8.742640,,,,,0.127702,-0.095442,0.031456,,,,,,,,,
24153,,,,,,,,,,,,,,,,,,,,,,,-0.007503,-0.018117,1.023641,0.210000,-3.780000,8.540000
24156,,,,,,,,,,,,,2.416584,2.592686,0.079997,0.096376,,,,-0.005783,0.861990,2.294445,,,,,,
24159,,,,,,,,,,,,,,,,,,,,,,,0.016470,-0.018117,1.023641,0.210000,0.490000,1.190000
24165,,,,,,,,,,,,,,,,,,,,,,,0.016470,-0.018117,1.023641,-0.560000,1.820000,-0.700000
24166,,,,,,,,,,,,,2.580813,2.728985,0.078357,0.095015,,,,,,,,,,,,
24167,,,,,,,,,,,,,,,,,,,,-0.006125,0.862354,2.294447,,,,,,
24175,,,,,,,,,,,,,,,,,,,,,,,0.020496,-0.010858,1.017297,-0.630000,-4.830000,13.020000
24176,,,,,,,,,,,,,2.719602,3.392380,0.076971,0.088392,,,,,,,,,,,,
24177,,,,,,,,,,,,,,,,,,,,-0.006464,0.862775,2.294447,,,,,,
24185,,,,,,,,,,,,,,,,,,,,,,,0.020496,-0.010858,1.017297,-0.910000,-0.280000,27.440001
24186,,,,,,,,,,,,,2.836158,3.402233,0.075807,0.088293,,,,,,,,,,,,
24188,,,,,,,,,,,,,,,,,,,,-0.006954,0.863282,2.297482,,,,,,
24191,,,,-0.020848,1.023471,2.343332,0.095243,0.354817,,,,,,,,,,,,,,,,,,,,
24192,,,,,,,,,,,7.789883,9.637444,,,,,0.129010,-0.096038,0.045901,,,,,,,,,
24205,,,,,,,,,,,,,,,0.079525,0.097813,,,,-0.007889,0.864311,2.303548,,,,,,
24206,,,,,,,,,,,,,2.945939,3.702033,,,,,,,,,,,,,,
24198,,,,,,,,,,,,,,,,,,,,-0.007475,0.863823,2.303513,,,,,,
24208,,,,,,,,,,,,,,,,,,,,,,,0.022387,-0.011956,1.010831,-0.210000,1.540000,16.730000
24213,,,,,,,,,,,,,,,,,,,,,,,0.033123,-0.011285,1.041209,-0.280000,-0.350000,24.219999
24216,,,,,,,,,,,,,2.999757,3.635934,0.078988,0.098473,,,,-0.008517,0.864763,2.309528,,,,,,
24218,,,,,,,,,,,,,,,,,,,,,,,0.033123,-0.011285,1.041209,-0.980000,4.270000,25.200001
24225,,,,,,,,,,,,,,,,,,,,,,,0.033123,-0.011285,1.041209,0.070000,4.480000,24.290001
24226,,,,,,,,,,,,,2.523995,4.163377,0.083738,0.093207,,,,-0.009012,0.865373,2.312632,,,,,,
24235,,,,,,,,,,,,,,,,,,,,,,,-0.015067,-0.010370,1.006622,-1.260000,-3.640000,36.400002
24236,,,,,,,,,,,,,3.218468,4.597844,0.076804,0.088869,,,,,,,,,,,,
24237,,,,,,,,,,,,,,,,,,,,-0.009540,0.865966,2.321663,,,,,,
24241,,,,-0.024723,1.027344,2.370380,0.104858,0.471412,,,8.057806,10.519697,,,,,0.128480,-0.098878,0.049616,,,,,,,,,
24246,,,,,,,,,,,,,3.256180,4.964948,0.080174,0.097542,,,,,,,,,,,,
24247,,,,,,,,,,,,,,,,,,,,-0.010083,0.866462,2.324593,-0.015067,-0.008906,1.033096,-0.490000,-3.080000,18.270000
24255,,,,,,,,,,,,,,,,,,,,,,,0.042273,-0.008906,1.033096,-1.190000,2.590000,27.299999
24265,,,,,,,,,,,,,3.303080,5.304167,0.079706,0.094155,,,,-0.011359,0.867727,2.330710,,,,,,
24257,,,,,,,,,,,,,,,,,,,,-0.010734,0.867140,2.327616,,,,,,
24271,,,,,,,,,,,,,,,,,,,,,,,0.013359,-0.007076,1.009184,-1.260000,8.610000,31.290001
24276,,,,,,,,,,,,,,,,,,,,,,,0.013359,-0.007076,1.009184,-1.330000,1.610000,32.200001
24277,,,,,,,,,,,,,3.268864,5.442231,0.080048,0.092776,,,,,,,,,,,,
24275,,,,,,,,,,,,,,,,,,,,-0.012026,0.868386,2.336732,,,,,,
24285,,,,,,,,,,,,,,,,,,,,,,,0.017934,-0.006466,1.031571,-1.190000,-7.280000,33.459999
24286,,,,,,,,,,,,,3.334570,5.747389,0.079392,0.089729,,,,-0.012825,0.869172,2.345751,,,,,,
24291,,,,-0.029053,1.031412,2.405402,0.114262,0.615429,,,8.204005,11.465590,,,,,,,,,,,,,,,,
24292,,,,,,,,,,,,,,,,,0.127357,-0.101894,0.059763,,,,,,,,,
24296,,,,,,,,,,,,,3.353758,5.931954,0.081245,0.101114,,,,-0.013628,0.869758,2.351819,,,,,,
24297,,,,,,,,,,,,,,,,,,,,,,,0.017934,-0.006466,1.031571,-2.100000,0.210000,34.439999
24305,,,,,,,,,,,,,,,,,,,,,,,-0.011712,-0.006527,1.018090,-2.030000,-0.980000,40.110001
24306,,,,,,,,,,,,,3.915971,6.085265,0.075631,0.099584,,,,,,,,,,,,
24307,,,,,,,,,,,,,,,,,,,,-0.014207,0.870499,2.357785,,,,,,
24315,,,,,,,,,,,,,,,,,,,,,,,-0.011712,-0.006527,1.018090,-2.100000,-5.950000,26.250000
24325,,,,,,,,,,,,,3.869643,6.269633,0.076094,0.097743,,,,-0.015709,0.871784,2.369691,,,,,,
24317,,,,,,,,,,,,,,,,,,,,-0.015017,0.871136,2.363741,,,,,,
24331,,,,,,,,,,,,,,,,,,,,,,,0.032574,-0.010248,1.028887,-1.190000,8.050000,39.900002
24336,,,,,,,,,,,,,,,,,,,,-0.016629,0.872502,2.375778,0.032574,-0.010248,1.028887,-2.240000,6.160000,50.259998
24337,,,,,,,,,,,,,3.723016,6.676564,0.077558,0.093680,,,,,,,,,,,,
24341,,,,-0.033878,1.035597,2.450084,0.123349,0.791107,,,8.211242,12.473966,,,,,,,,,,,,,,,,
24342,,,,,,,,,,,,,,,,,0.125563,-0.105567,0.074406,,,,,,,,,
24346,,,,,,,,,,,,,3.724890,6.802351,0.077640,0.106525,,,,-0.017464,0.873289,2.384685,,,,,,
24347,,,,,,,,,,,,,,,,,,,,,,,-0.016043,-0.008479,1.013149,-1.260000,-1.890000,46.060001
24355,,,,,,,,,,,,,,,,,,,,,,,-0.016043,-0.008479,1.013149,-0.630000,-9.100000,46.130001
24366,,,,,,,,,,,,,3.936573,7.328399,0.075526,0.101273,,,,,,,,,,,,
24356,,,,,,,,,,,,,,,,,,,,-0.018163,0.874005,2.393616,,,,,,
24367,,,,,,,,,,,,,,,,,,,,-0.019020,0.874656,2.399551,,,,,,
24372,,,,,,,,,,,,,,,,,,,,,,,0.017446,-0.008052,1.031327,-2.660000,-3.290000,59.570000
24376,,,,,,,,,,,,,3.885134,7.311918,0.076040,0.101438,,,,,,,,,,,,
24377,,,,,,,,,,,,,,,,,,,,,,,0.017446,-0.008052,1.031327,-2.800000,3.640000,54.740002
24378,,,,,,,,,,,,,,,,,,,,-0.019986,0.875417,2.411417,,,,,,
24385,,,,,,,,,,,,,,,,,,,,-0.020976,0.876127,2.420306,0.019886,0.000122,1.021262,-3.220000,-4.620000,55.160000
24386,,,,,,,,,,,,,3.816947,7.796233,0.076721,0.096602,,,,,,,,,,,,
24391,,,,-0.039243,1.039796,2.506275,0.132064,1.002378,,,8.068957,13.502287,,,,,,,,,,,,,,,,
24392,,,,,,,,,,,,,,,,,0.121933,-0.110764,0.086441,,,,,,,,,
24396,,,,,,,,,,,,,4.309448,8.206553,0.069814,0.106886,,,,-0.021860,0.876845,2.429191,,,,,,
24397,,,,,,,,,,,,,,,,,,,,,,,0.019886,0.000122,1.016382,0.350000,-6.090000,58.520000
24405,,,,,,,,,,,,,,,,,,,,,,,-0.007991,-0.008540,1.016382,-1.890000,3.290000,61.950001
24406,,,,,,,,,,,,,4.173413,8.547327,0.071172,0.103483,,,,,,,,,,,,
24407,,,,,,,,,,,,,,,,,,,,-0.022861,0.877536,2.443962,,,,,,
24415,,,,,,,,,,,,,,,,,,,,,,,-0.007991,-0.008540,1.016382,1.750000,-0.910000,59.849998
24425,,,,,,,,,,,,,4.075861,8.884776,0.072146,0.100114,,,,,,,,,,,,
24417,,,,,,,,,,,,,,,,,,,,-0.023827,0.878325,2.452749,,,,,,
24428,,,,,,,,,,,,,,,,,,,,-0.024863,0.879107,2.461552,,,,,,
24431,,,,,,,,,,,,,,,,,,,,,,,0.037759,-0.007442,1.015772,0.980000,9.940000,70.209999
24436,,,,,,,,,,,,,,,,,,,,-0.025833,0.880083,2.473306,-0.016897,-0.001952,1.014247,-0.210000,9.520000,73.989998
24437,,,,,,,,,,,,,3.917415,8.939607,0.073728,0.099566,,,,,,,,,,,,
24441,,,,-0.045201,1.043885,2.575853,0.140442,1.251598,,,,,,,,,,,,,,,,,,,,
24442,,,,,,,,,,,7.748578,14.589692,,,,,0.116834,-0.116516,0.102904,,,,,,,,,
24446,,,,,,,,,,,,,3.879697,9.856124,0.069624,0.105622,,,,-0.027141,0.880966,2.490973,,,,,,
24447,,,,,,,,,,,,,,,,,,,,,,,-0.016897,-0.001952,1.014247,0.280000,6.510000,87.360001
24455,,,,,,,,,,,,,,,,,,,,,,,-0.011529,0.005673,1.024861,-0.210000,1.400000,91.139999
24456,,,,,,,,,,,,,3.812042,9.935936,0.070300,0.104825,,,,,,,,,,,,
24457,,,,,,,,,,,,,,,,,,,,-0.028139,0.881754,2.505530,,,,,,
24465,,,,,,,,,,,,,,,,,,,,,,,-0.011529,0.005673,1.024861,-0.140000,-7.280000,79.449997
24466,,,,,,,,,,,,,3.755171,10.003255,0.070867,0.104153,,,,,,,,,,,,
24468,,,,,,,,,,,,,,,,,,,,-0.029308,0.882396,2.520071,,,,,,
24475,,,,,,,,,,,,,,,,,,,,,,,0.008296,0.002318,1.033828,0.560000,-3.640000,91.419998
24486,,,,,,,,,,,,,3.972230,10.583750,0.068700,0.098357,,,,,,,,,,,,
24478,,,,,,,,,,,,,,,,,,,,-0.030484,0.883022,2.531647,,,,,,
24485,,,,,,,,,,,,,,,,,,,,-0.031616,0.883864,2.549017,,,,,,
24491,,,,-0.051815,1.047710,2.660433,0.148664,1.537083,,,,,,,,,,,,,,,,,,,,
24492,,,,,,,,,,,7.284397,15.662364,,,,,0.108470,-0.124498,0.112361,,,,,,,,,
24493,,,,,,,,,,,,,,,,,,,,,,,0.008296,0.002318,1.008574,-0.210000,5.460000,107.309998
24496,,,,,,,,,,,,,3.342234,10.581543,0.068499,0.113380,,,,-0.032868,0.884607,2.569270,,,,,,
24499,,,,,,,,,,,,,,,,,,,,,,,-0.027877,0.007442,1.008574,-1.050000,0.140000,99.190002
24505,,,,,,,,,,,,,,,,,,,,,,,-0.027877,0.007442,1.008574,-1.190000,6.020000,102.900002
24506,,,,,,,,,,,,,3.361311,11.099934,0.068309,0.108204,,,,,,,,,,,,
24507,,,,,,,,,,,,,,,,,,,,-0.034150,0.885182,2.586507,,,,,,
24515,,,,,,,,,,,,,,,,,,,,,,,-0.025132,0.017568,1.035536,-3.430000,4.970000,117.809998
24516,,,,,,,,,,,,,2.828207,11.526184,0.073632,0.103948,,,,,,,,,,,,
24517,,,,,,,,,,,,,,,,,,,,-0.035421,0.885792,2.603754,,,,,,
24525,,,,,,,,,,,,,,,,,,,,-0.036744,0.886409,2.629578,-0.025132,0.017568,1.035536,-5.180000,0.630000,127.820000
24526,,,,,,,,,,,,,2.928864,11.345764,0.072626,0.105750,,,,,,,,,,,,
24535,,,,,,,,,,,,,,,,,,,,,,,-0.017751,0.015555,1.027850,-2.660000,-10.850000,109.970001
24547,,,,-0.059153,1.051091,2.760845,0.157115,1.849147,,,6.709088,16.851988,,,,,0.100207,-0.132547,0.131183,-0.039237,0.887635,2.669513,,,,,,
24548,,,,,,,,,,,,,2.951110,11.736764,0.064359,0.118482,,,,,,,,,,,,
24553,,,,,,,,,,,,,,,,,,,,,,,0.001342,0.005307,1.011319,-0.490000,3.360000,117.809998
24556,,,,,,,,,,,,,2.483064,12.052613,0.069032,0.115328,,,,,,,,,,,,
24559,,,,,,,,,,,,,,,,,,,,,,,0.001342,0.005307,1.011319,-0.980000,5.880000,121.800003
24557,,,,,,,,,,,,,,,,,,,,-0.040546,0.888139,2.686612,,,,,,
24565,,,,,,,,,,,,,,,,,,,,-0.042014,0.888817,2.709307,0.001342,0.005307,1.011319,-1.680000,5.950000,129.990005
24566,,,,,,,,,,,,,2.638018,12.336142,0.067485,0.112498,,,,,,,,,,,,
24575,,,,,,,,,,,,,,,,,,,,-0.043395,0.889230,2.734785,-0.030195,0.027328,1.012966,-3.290000,3.150000,142.029999
24576,,,,,,,,,,,,,2.219628,12.573155,0.071662,0.110131,,,,,,,,,,,,
24585,,,,,,,,,,,,,,,,,,,,,,,-0.030195,0.027328,1.012966,-1.750000,4.340000,149.729996
24586,,,,,,,,,,,,,1.867595,12.774126,0.075177,0.108124,,,,-0.044803,0.889659,2.760209,,,,,,
24591,,,,-0.067296,1.053822,2.876403,0.166455,2.165284,,,6.154273,17.780552,,,,,,,,,,,,,,,,
24592,,,,,,,,,,,,,,,,,0.082494,-0.143792,0.118178,,,,,,,,,
24606,,,,,,,,,,,,,1.571394,13.249622,0.070376,0.116362,,,,,,,,,,,,
24597,,,,,,,,,,,,,,,,,,,,-0.046236,0.890175,2.788364,,,,,,
24607,,,,,,,,,,,,,,,,,,,,-0.047566,0.890545,2.813686,-0.032086,0.024278,1.017541,0.210000,4.830000,154.350006
24612,,,,,,,,,,,,,,,,,,,,,,,-0.039040,0.018117,1.021445,-2.450000,3.150000,166.740005
24616,,,,,,,,,,,,,1.322171,13.268313,0.072864,0.116176,,,,,,,,,,,,
24618,,,,,,,,,,,,,,,,,,,,,,,-0.039040,0.018117,1.021445,-5.250000,0.980000,166.600006
24617,,,,,,,,,,,,,,,,,,,,-0.049143,0.890853,2.844477,,,,,,
24625,,,,,,,,,,,,,,,,,,,,,,,-0.030988,0.036051,1.028643,-3.360000,0.840000,165.130005
24626,,,,,,,,,,,,,1.112474,13.905038,0.074958,0.109818,,,,,,,,,,,,
24628,,,,,,,,,,,,,,,,,,,,-0.050468,0.891078,2.869609,,,,,,
24635,,,,,,,,,,,,,,,,,,,,,,,-0.030988,0.036051,1.028643,-7.280000,-2.310000,166.880005
24636,,,,,,,,,,,,,0.936036,13.894993,0.076720,0.109919,,,,,,,,,,,,
24641,,,,-0.076328,1.055665,3.004219,0.177653,2.447495,,,5.709680,18.938097,,,,,0.068927,-0.151641,0.133298,,,,,,,,,
24638,,,,,,,,,,,,,,,,,,,,-0.051993,0.891297,2.900310,,,,,,
24646,,,,,,,,,,,,,0.787580,13.879484,0.071985,0.126261,,,,,,,,,,,,
24647,,,,,,,,,,,,,,,,,,,,,,,-0.017751,0.044591,1.038708,-7.420000,-4.550000,164.500000
24645,,,,,,,,,,,,,,,,,,,,-0.053468,0.891373,2.930924,,,,,,
24655,,,,,,,,,,,,,,,,,,,,,,,-0.017751,0.044591,1.038708,-6.790000,-5.110000,161.910004
24665,,,,,,,,,,,,,0.662670,14.206774,0.073232,0.122993,,,,,,,,,,,,
24656,,,,,,,,,,,,,,,,,,,,-0.054816,0.891451,2.958785,,,,,,
24666,,,,,,,,,,,,,,,,,,,,-0.056272,0.891471,2.989299,,,,,,
24671,,,,,,,,,,,,,,,,,,,,,,,-0.036783,0.023058,1.021018,-5.250000,-7.770000,173.250000
24676,,,,,,,,,,,,,0.557571,14.456304,0.074281,0.120502,,,,,,,-0.036783,0.023058,1.021018,-3.710000,-2.660000,170.869995
24677,,,,,,,,,,,,,,,,,,,,-0.057599,0.891462,3.017142,,,,,,
24685,,,,,,,,,,,,,,,,,,,,,,,-0.005307,0.025803,1.000583,-4.200000,-2.310000,172.410004
24686,,,,,,,,,,,,,0.469140,15.022326,0.075164,0.114850,,,,,,,,,,,,
24687,,,,,,,,,,,,,,,,,,,,-0.059185,0.891531,3.047627,,,,,,
24691,,,,-0.086343,1.056359,3.139053,0.191963,2.647406,,,5.755132,19.580181,,,,,0.043169,-0.161342,0.094284,,,,,,,,,
24696,,,,,,,,,,,,,0.394734,14.825606,0.076543,0.125794,,,,,,,,,,,,
24697,,,,,,,,,,,,,,,,,,,,,,,-0.005307,0.025803,1.000583,-7.070000,-5.180000,171.009995
24695,,,,,,,,,,,,,,,,,,,,-0.060607,0.891458,3.078161,,,,,,
24705,,,,,,,,,,,,,,,,,,,,,,,-0.005063,0.026657,1.039135,-3.640000,-0.630000,168.699997
24706,,,,,,,,,,,,,0.332129,15.223648,0.077168,0.121820,,,,-0.062030,0.891457,3.108787,,,,,,
24715,,,,,,,,,,,,,,,,,,,,,,,-0.005063,0.026657,1.039135,-6.650000,17.570000,167.440002
24725,,,,,,,,,,,,,0.279454,15.095371,0.077694,0.123100,,,,,,,,,,,,
24716,,,,,,,,,,,,,,,,,,,,-0.063772,0.891367,3.136483,,,,,,
24727,,,,,,,,,,,,,,,,,,,,-0.065505,0.891187,-3.116296,,,,,,
24731,,,,,,,,,,,,,,,,,,,,,,,0.013115,0.031964,1.010709,-9.380000,9.310000,164.710007
24736,,,,,,,,,,,,,0.235132,15.632309,0.078136,0.117739,,,,,,,0.013115,0.031964,1.056825,-10.500000,0.070000,169.330002
24737,,,,,,,,,,,,,,,,,,,,-0.067064,0.890900,-3.088663,,,,,,
24741,,,,-0.097442,1.055620,-3.009029,0.210802,2.722837,,,,,,,,,,,,,,,,,,,,
24742,,,,,,,,,,,6.335299,20.370344,,,,,0.021744,-0.166035,0.079536,,,,,,,,,
24746,,,,,,,,,,,,,0.197840,15.418413,0.086622,0.130925,,,,,,,,,,,,
24747,,,,,,,,,,,,,,,,,,,,,,,-0.034221,0.024949,1.056825,-9.240000,-10.080000,175.699997
24748,,,,,,,,,,,,,,,,,,,,-0.068623,0.890589,-3.060917,,,,,,
24755,,,,,,,,,,,,,,,,,,,,-0.069980,0.890250,-3.030518,-0.034221,0.024949,0.990030,-5.110000,-18.200001,179.270004
24765,,,,,,,,,,,,,0.166463,15.793787,0.086935,0.127177,,,,,,,,,,,,
24766,,,,,,,,,,,,,,,,,,,,-0.071270,0.889764,-2.999793,,,,,,
24771,,,,,,,,,,,,,,,,,,,,,,,-0.040504,0.033428,0.990030,-6.160000,-25.200001,194.460007
24776,,,,,,,,,,,,,0.657197,15.874565,0.082036,0.126371,,,,,,,,,,,,
24777,,,,,,,,,,,,,,,,,,,,-0.072658,0.889297,-2.966515,-0.011163,0.042944,1.042551,-6.230000,-21.840000,189.839996
24785,,,,,,,,,,,,,,,,,,,,,,,-0.011163,0.042944,1.042551,-6.160000,-9.660000,186.690002
24786,,,,,,,,,,,,,0.552965,16.093531,0.083076,0.124184,,,,,,,,,,,,
24787,,,,,,,,,,,,,,,,,,,,-0.074011,0.888813,-2.933135,,,,,,
24791,,,,-0.109727,1.053141,-2.880244,0.235552,2.658807,,,7.750488,21.099218,,,,,0.001029,-0.168062,0.053151,,,,,,,,,
24796,,,,,,,,,,,,,0.465265,15.732856,0.103743,0.137979,,,,,,,,,,,,
24797,,,,,,,,,,,,,,,,,,,,,,,0.072468,0.025986,1.025105,-4.900000,5.670000,160.020004
24798,,,,,,,,,,,,,,,,,,,,-0.075495,0.888273,-2.902485,,,,,,
24805,,,,,,,,,,,,,,,,,,,,,,,0.072468,0.025986,1.025105,-4.410000,1.540000,142.729996
24806,,,,,,,,,,,,,0.940630,15.983403,0.098997,0.135477,,,,-0.077217,0.887671,-2.874574,,,,,,
24815,,,,,,,,,,,,,,,,,,,,,,,0.061000,0.002196,1.017053,-2.730000,-5.670000,142.800003
24825,,,,,,,,,,,,,1.638106,15.988412,0.092033,0.135427,,,,,,,,,,,,
24816,,,,,,,,,,,,,,,,,,,,-0.078837,0.887050,-2.849358,,,,,,
24827,,,,,,,,,,,,,,,,,,,,-0.080634,0.886341,-2.826895,,,,,,
24831,,,,,,,,,,,,,,,,,,,,,,,0.061000,0.049410,1.049078,-9.800000,-8.330000,138.250000
24836,,,,,,,,,,,,,1.871056,16.409176,0.089707,0.131226,,,,,,,0.028182,0.049410,1.049078,-8.820000,-14.840000,135.449997
24837,,,,,,,,,,,,,,,,,,,,-0.082281,0.885708,-2.801577,,,,,,
24841,,,,-0.123304,1.048603,-2.762654,0.267348,2.476117,,,9.928269,22.083893,,,,,-0.015680,-0.167176,0.038027,,,,,,,,,
24846,,,,,,,,,,,,,2.150482,16.687553,0.117372,0.142217,,,,,,,,,,,,
24847,,,,,,,,,,,,,,,,,,,,-0.083825,0.884885,-2.778885,0.028182,0.049410,1.049078,-8.470000,-15.960000,133.279999
24855,,,,,,,,,,,,,,,,,,,,,,,0.034221,0.046543,0.998265,-4.340000,4.060000,133.279999
24856,,,,,,,,,,,,,2.904855,16.779505,0.109840,0.141299,,,,,,,,,,,,
24858,,,,,,,,,,,,,,,,,,,,-0.085550,0.884034,-2.756118,,,,,,
24865,,,,,,,,,,,,,,,,,,,,-0.087377,0.883139,-2.733729,0.034221,0.046543,0.998265,-2.100000,0.560000,132.020004
24866,,,,,,,,,,,,,3.538044,16.853022,0.103518,0.140565,,,,,,,,,,,,
24875,,,,,,,,,,,,,,,,,,,,,,,0.090402,0.003965,1.018822,1.540000,-2.730000,115.500000
24886,,,,,,,,,,,,,4.073619,16.921902,0.098170,0.139877,,,,-0.091153,0.881223,-2.688308,,,,,,
24876,,,,,,,,,,,,,,,,,,,,-0.089242,0.882204,-2.711153,,,,,,
24891,,,,-0.138278,1.041675,-2.658765,0.306943,2.219267,,,,,,,,,,,,,,,,,,,,
24892,,,,,,,,,,,12.850374,23.468988,,,,,-0.027961,-0.164801,0.028405,,,,,,,,,
24894,,,,,,,,,,,,,,,,,,,,,,,0.047031,0.035990,1.010709,-0.630000,-2.870000,117.250000
24896,,,,,,,,,,,,,4.516302,17.504366,0.134615,0.153431,,,,-0.093135,0.880223,-2.671220,,,,,,
24899,,,,,,,,,,,,,,,,,,,,,,,0.047031,0.035990,1.010709,-0.910000,4.200000,123.620003
24905,,,,,,,,,,,,,,,,,,,,,,,0.047031,0.035990,1.010709,-1.050000,-1.820000,119.000000
24906,,,,,,,,,,,,,4.897222,17.471186,0.130812,0.153762,,,,,,,,,,,,
24907,,,,,,,,,,,,,,,,,,,,-0.095058,0.879050,-2.648489,,,,,,
24915,,,,,,,,,,,,,,,,,,,,-0.097006,0.877857,-2.628557,0.047702,0.026901,1.022299,-1.610000,-6.370000,117.949997
24916,,,,,,,,,,,,,5.763681,17.986572,0.122160,0.148616,,,,,,,,,,,,
24925,,,,,,,,,,,,,,,,,,,,-0.099046,0.876534,-2.608437,0.047702,0.041846,1.050725,-3.850000,-12.600000,112.419998
24926,,,,,,,,,,,,,5.945442,18.421543,0.120345,0.144273,,,,,,,,,,,,
24935,,,,,,,,,,,,,,,,,,,,,,,0.077470,0.041846,1.050725,-0.840000,-0.280000,112.769997
24947,,,,-0.154750,1.032025,-2.569009,0.354682,1.935126,,,,,,,,,,,,,,,,,,,,
24948,,,,,,,,,,,16.374048,25.611000,6.734974,18.469849,0.161740,0.173747,-0.031702,-0.162084,0.035774,,,,,,,,,
24946,,,,,,,,,,,,,,,,,,,,-0.103163,0.873842,-2.570808,,,,,,
24954,,,,,,,,,,,,,,,,,,,,,,,0.065087,0.031781,0.992165,-2.170000,6.160000,105.489998
24956,,,,,,,,,,,,,7.751581,19.015154,0.151589,0.168302,,,,,,,,,,,,
24959,,,,,,,,,,,,,,,,,,,,,,,0.065087,0.031781,0.992165,-2.870000,4.620000,100.379997
24957,,,,,,,,,,,,,,,,,,,,-0.105421,0.872359,-2.550574,,,,,,
24965,,,,,,,,,,,,,,,,,,,,,,,0.070394,0.035075,1.043649,-1.260000,2.310000,95.900002
24966,,,,,,,,,,,,,8.163688,19.282366,0.147475,0.165634,,,,,,,,,,,,
24967,,,,,,,,,,,,,,,,,,,,-0.107550,0.870849,-2.539082,,,,,,
24975,,,,,,,,,,,,,,,,,,,,,,,0.070394,0.035075,1.043649,5.810000,-2.870000,96.459999
24976,,,,,,,,,,,,,9.058484,20.055906,0.138540,0.157910,,,,,,,,,,,,
24978,,,,,,,,,,,,,,,,,,,,-0.109789,0.869258,-2.521661,,,,,,
24985,,,,,,,,,,,,,,,,,,,,,,,0.125599,0.018849,1.005707,2.870000,6.930000,88.339996
24986,,,,,,,,,,,,,9.813349,20.162348,0.131003,0.156847,,,,,,,,,,,,
24991,,,,-0.172815,1.019323,-2.492476,0.410553,1.658370,,,,,,,,,,,,,,,,,,,,
24992,,,,,,,,,,,20.538649,28.100924,,,,,-0.036073,-0.158692,0.027648,,,,,,,,,
24988,,,,,,,,,,,,,,,,,,,,-0.112131,0.867506,-2.504288,,,,,,
25006,,,,,,,,,,,,,10.745343,20.558941,0.179938,0.187708,,,,-0.116995,0.863564,-2.474961,,,,,,
24996,,,,,,,,,,,,,,,,,,,,-0.114667,0.865654,-2.489448,,,,,,
25007,,,,,,,,,,,,,,,,,,,,,,,0.125599,0.018849,1.005707,-4.410000,15.330000,90.580002
25013,,,,,,,,,,,,,,,,,,,,,,,0.075152,0.059109,1.039745,2.170000,-1.050000,81.830002
25016,,,,,,,,,,,,,11.722024,21.051542,0.170186,0.182790,,,,-0.119464,0.861627,-2.457408,,,,,,
25018,,,,,,,,,,,,,,,,,,,,,,,0.075152,0.059109,1.039745,4.130000,7.140000,78.260002
25025,,,,,,,,,,,,,,,,,,,,,,,0.081374,0.026230,0.981978,5.110000,6.720000,78.680000
25026,,,,,,,,,,,,,12.603991,21.550278,0.161380,0.177810,,,,,,,,,,,,
25027,,,,,,,,,,,,,,,,,,,,-0.121957,0.859436,-2.445971,,,,,,
25035,,,,,,,,,,,,,,,,,,,,,,,0.081374,0.026230,0.981978,0.000000,23.799999,69.650002
25036,,,,,,,,,,,,,13.348010,21.972620,0.153951,0.173593,,,,,,,,,,,,
25037,,,,,,,,,,,,,,,,,,,,-0.124676,0.857201,-2.434222,,,,,,
25041,,,,-0.192556,1.003255,-2.427611,0.474252,1.408280,,,,,,,,,,,,,,,,,,,,
25042,,,,,,,,,,,25.274242,30.877903,,,,,-0.042897,-0.155118,0.006726,,,,,,,,,
25046,,,,,,,,,,,,,13.971268,22.324114,0.213954,0.208919,,,,,,,,,,,,
25047,,,,,,,,,,,,,,,,,,,,-0.127560,0.854691,-2.422491,0.149389,0.039833,1.035841,7.630000,19.320000,69.160004
25055,,,,,,,,,,,,,,,,,,,,,,,0.149389,0.039833,1.035841,-1.540000,-2.730000,62.580002
25066,,,,,,,,,,,,,15.355251,23.214064,0.200136,0.200033,,,,-0.132997,0.849575,-2.398693,,,,,,
25058,,,,,,,,,,,,,,,,,,,,-0.130396,0.852225,-2.410778,,,,,,
25071,,,,,,,,,,,,,,,,,,,,,,,0.093818,0.046177,1.063352,-5.670000,-10.080000,46.060001
25076,,,,,,,,,,,,,,,,,,,,,,,0.186782,0.042456,1.002169,-2.450000,0.000000,42.419998
25077,,,,,,,,,,,,,16.947592,23.559996,0.184236,0.196579,,,,-0.135702,0.846953,-2.392799,,,,,,
25085,,,,,,,,,,,,,,,,,,,,,,,0.186782,0.042456,1.002169,0.280000,20.440001,36.959999
25086,,,,,,,,,,,,,17.779318,24.516199,0.175932,0.187032,,,,,,,,,,,,
25087,,,,,,,,,,,,,,,,,,,,-0.138805,0.843983,-2.383956,,,,,,
25091,,,,-0.214043,0.983524,-2.372685,0.545241,1.192192,,,,,,,,,,,,,,,,,,,,
25092,,,,,,,,,,,30.260717,34.657021,,,,,-0.041229,-0.153004,0.009958,,,,,,,,,
25096,,,,,,,,,,,,,19.350994,25.019403,0.229974,0.234857,,,,,,,,,,,,
25097,,,,,,,,,,,,,,,,,,,,,,,0.134627,0.017385,1.043405,-7.070000,7.980000,30.309999
25098,,,,,,,,,,,,,,,,,,,,-0.141944,0.840911,-2.381111,,,,,,
25105,,,,,,,,,,,,,,,,,,,,,,,0.134627,0.017385,1.043405,-3.080000,-10.500000,27.090000
25106,,,,,,,,,,,,,20.664125,25.981298,0.216862,0.225253,,,,,,,,,,,,
25107,,,,,,,,,,,,,,,,,,,,-0.145023,0.837781,-2.372081,,,,,,
25115,,,,,,,,,,,,,,,,,,,,,,,0.111996,0.024339,1.084641,-6.300000,-35.419998,28.209999
25126,,,,,,,,,,,,,22.302429,26.776297,0.200504,0.217315,,,,,,,,,,,,
25117,,,,,,,,,,,,,,,,,,,,-0.148126,0.834659,-2.368917,,,,,,
25125,,,,,,,,,,,,,,,,,,,,-0.151192,0.831588,-2.365834,,,,,,
25131,,,,,,,,,,,,,,,,,,,,,,,0.111996,0.024339,0.971120,-2.660000,-18.620001,15.610000
25136,,,,,,,,,,,,,,,,,,,,,,,0.162809,0.010492,0.971120,-2.170000,-9.800000,13.020000
25137,,,,,,,,,,,,,23.416384,27.697487,0.189382,0.208117,,,,,,,,,,,,
25135,,,,,,,,,,,,,,,,,,,,-0.154508,0.828081,-2.362624,,,,,,
25141,,,,-0.237328,0.959867,-2.326061,0.622782,1.010323,,,,,,,,,,,,,,,,,,,,
25142,,,,,,,,,,,35.274853,39.428722,,,,,-0.033786,-0.151881,0.034721,,,,,,,,,
25146,,,,,,,,,,,,,24.956497,28.558617,0.244126,0.266250,,,,-0.158002,0.824540,-2.362533,,,,,,
25147,,,,,,,,,,,,,,,,,,,,,,,0.162809,0.010492,0.971120,-5.670000,5.250000,9.310000
25155,,,,,,,,,,,,,,,,,,,,,,,0.142801,0.005246,0.946720,-11.200000,15.960000,6.090000
25166,,,,,,,,,,,,,26.426186,29.457008,0.229451,0.257280,,,,,,,,,,,,
25156,,,,,,,,,,,,,,,,,,,,-0.161701,0.820747,-2.359540,,,,,,
25167,,,,,,,,,,,,,,,,,,,,-0.165360,0.816918,-2.359566,,,,,,
25172,,,,,,,,,,,,,,,,,,,,,,,0.198433,0.017446,1.092937,-12.460000,-12.460000,4.200000
25176,,,,,,,,,,,,,27.809185,30.916739,0.215642,0.242705,,,,,,,,,,,,
25177,,,,,,,,,,,,,,,,,,,,-0.168930,0.812963,-2.359453,0.198433,0.017446,1.092937,-12.040000,-14.490000,4.130000
25185,,,,,,,,,,,,,,,,,,,,-0.172969,0.808849,-2.353389,0.198433,0.017446,1.092937,6.370000,-8.680000,7.700000
25186,,,,,,,,,,,,,29.410864,32.025558,0.199650,0.231634,,,,,,,,,,,,
25191,,,,-0.262442,0.932055,-2.286292,0.705960,0.859479,,,,,,,,,,,,,,,,,,,,
25192,,,,,,,,,,,40.305962,44.865387,,,,,-0.024361,-0.150249,0.065565,,,,,,,,,
25196,,,,,,,,,,,,,30.790672,32.990677,0.256232,0.298028,,,,,,,,,,,,
25197,,,,,,,,,,,,,,,,,,,,,,,0.169702,-0.044591,1.043832,-9.800000,5.810000,7.140000
25195,,,,,,,,,,,,,,,,,,,,-0.177062,0.804622,-2.356266,,,,,,
25205,,,,,,,,,,,,,,,,,,,,-0.181282,0.800165,-2.350345,0.169702,-0.044591,1.043832,-15.190000,22.820000,10.640000
25206,,,,,,,,,,,,,31.929159,34.327686,0.244864,0.284678,,,,,,,,,,,,
25215,,,,,,,,,,,,,,,,,,,,,,,0.121146,0.020862,1.006439,-12.110000,12.040000,10.780000
25226,,,,,,,,,,,,,33.358475,35.647152,0.230593,0.271503,,,,-0.189937,0.791242,-2.347175,,,,,,
25216,,,,,,,,,,,,,,,,,,,,-0.185698,0.795616,-2.350502,,,,,,
25232,,,,,,,,,,,,,,,,,,,,,,,0.189832,-0.044713,1.045845,-4.340000,-17.570000,17.500000
25236,,,,,,,,,,,,,34.771263,37.255573,0.216486,0.255444,,,,,,,,,,,,
25237,,,,,,,,,,,,,,,,,,,,-0.194425,0.786554,-2.344219,0.189832,-0.044713,1.045845,-14.840000,-2.380000,15.470000
25241,,,,-0.289391,0.899909,-2.252159,0.793697,0.735299,,,,,,,,,,,,,,,,,,,,
25242,,,,,,,,,,,45.475662,50.652809,,,,,-0.014831,-0.147105,0.090657,,,,,,,,,
25246,,,,,,,,,,,,,35.834469,37.924767,0.278168,0.329698,,,,,,,,,,,,
25247,,,,,,,,,,,,,,,,,,,,-0.199073,0.781604,-2.341416,0.167201,0.011834,0.987956,0.280000,31.709999,20.930000
25255,,,,,,,,,,,,,,,,,,,,-0.204069,0.776621,-2.341497,0.167201,0.011834,0.987956,5.320000,16.170000,25.270000
25256,,,,,,,,,,,,,37.265751,39.024529,0.263877,0.318717,,,,,,,,,,,,
25265,,,,,,,,,,,,,,,,,,,,,,,0.156038,-0.009760,1.050786,10.570000,-19.040001,29.610001
25266,,,,,,,,,,,,,38.495148,40.524193,0.251601,0.303743,,,,-0.208954,0.771523,-2.335558,,,,,,
25275,,,,,,,,,,,,,,,,,,,,,,,0.156038,-0.009760,1.050786,10.780000,-23.870001,37.939999
25286,,,,,,,,,,,,,39.687870,41.935707,0.239692,0.289649,,,,,,,,,,,,
25276,,,,,,,,,,,,,,,,,,,,-0.213942,0.766366,-2.326209,,,,,,
25287,,,,,,,,,,,,,,,,,,,,-0.219080,0.760926,-2.317249,,,,,,
25291,,,,-0.318158,0.863301,-2.222648,0.884768,0.633393,,,,,,,,,,,,,,,,,,,,
25292,,,,,,,,,,,51.185268,56.329140,,,,,-0.007634,-0.142270,0.094898,,,,,,,,,
25294,,,,,,,,,,,,,,,,,,,,,,,0.166408,0.021167,1.053897,17.780001,-8.400000,45.779999
25296,,,,,,,,,,,,,40.679352,43.691601,0.309640,0.351499,,,,,,,,,,,,
25299,,,,,,,,,,,,,,,,,,,,,,,0.166408,0.021167,1.053897,23.309999,-3.360000,42.630001
25297,,,,,,,,,,,,,,,,,,,,-0.224204,0.755633,-2.311320,,,,,,
25305,,,,,,,,,,,,,,,,,,,,-0.229512,0.749905,-2.302116,0.150792,0.030683,0.920002,7.700000,20.860001,42.560001
25306,,,,,,,,,,,,,42.463284,44.997787,0.291828,0.338457,,,,,,,,,,,,
25315,,,,,,,,,,,,,,,,,,,,,,,0.150792,0.030683,0.920002,-16.100000,-0.630000,42.490002
25316,,,,,,,,,,,,,43.409817,46.639664,0.282377,0.322064,,,,,,,,,,,,
25319,,,,,,,,,,,,,,,,,,,,-0.234837,0.743843,-2.296427,,,,,,
25325,,,,,,,,,,,,,,,,,,,,,,,0.218319,0.087657,1.042856,-5.950000,-4.620000,41.580002
25326,,,,,,,,,,,,,44.757374,48.023792,0.268922,0.308243,,,,,,,,,,,,
25327,,,,,,,,,,,,,,,,,,,,-0.240308,0.737529,-2.286842,,,,,,
25335,,,,,,,,,,,,,,,,,,,,,,,0.218319,0.087657,1.042856,3.430000,-1.540000,39.970001
25346,,,,,,,,,,,,,46.091679,49.384094,0.255599,0.294661,,,,,,,,,,,,
25348,,,,-0.348691,0.822164,-2.196925,0.977822,0.549832,,,,,,,,,,,,,,,,,,,,
25349,,,,,,,,,,,57.406693,62.148354,,,,,0.006672,-0.137330,0.089786,,,,,,,,,
25345,,,,,,,,,,,,,,,,,,,,-0.251097,0.724574,-2.274785,,,,,,
25354,,,,,,,,,,,,,,,,,,,,,,,0.169397,0.056669,0.919880,6.230000,7.910000,35.419998
25356,,,,,,,,,,,,,47.047215,50.368500,0.333064,0.366212,,,,,,,,,,,,
25355,,,,,,,,,,,,,,,,,,,,-0.256761,0.717704,-2.268851,,,,,,
25359,,,,,,,,,,,,,,,,,,,,,,,0.119499,0.030012,1.069147,5.460000,-0.840000,34.160000
25365,,,,,,,,,,,,,,,,,,,,,,,0.119499,0.030012,1.069147,-2.520000,-11.480000,32.900002
25366,,,,,,,,,,,,,48.933430,51.727959,0.314230,0.352638,,,,-0.262272,0.711171,-2.262740,,,,,,
25375,,,,,,,,,,,,,,,,,,,,,,,0.119499,0.030012,1.069147,-20.719999,-26.040001,29.959999
25376,,,,,,,,,,,,,50.492256,53.391788,0.298666,0.336026,,,,,,,,,,,,
25377,,,,,,,,,,,,,,,,,,,,-0.267682,0.704173,-2.259300,,,,,,
25385,,,,,,,,,,,,,,,,,,,,-0.273481,0.697316,-2.249778,0.165249,0.031354,1.027972,16.520000,-4.620000,34.230000
25386,,,,,,,,,,,,,51.809486,54.797699,0.285513,0.321988,,,,,,,,,,,,
25391,,,,-0.380911,0.776496,-2.174314,1.071397,0.481292,,,,,,,,,,,,,,,,,,,,
25392,,,,,,,,,,,63.646145,67.467079,,,,,0.006604,-0.133292,0.076104,,,,,,,,,
25405,,,,,,,,,,,,,52.989025,55.788052,0.360993,0.386480,,,,,,,,,,,,
25396,,,,,,,,,,,,,,,,,,,,-0.279290,0.690132,-2.244140,,,,,,
25408,,,,,,,,,,,,,,,,,,,,,,,0.193431,0.021533,0.968863,7.770000,13.020000,28.209999
25406,,,,,,,,,,,,,,,,,,,,-0.285327,0.682734,-2.241144,,,,,,
25413,,,,,,,,,,,,,,,,,,,,,,,0.193431,0.021533,0.968863,19.389999,17.150000,26.670000
25416,,,,,,,,,,,,,54.243584,57.107037,0.348467,0.373311,,,,,,,,,,,,
25419,,,,,,,,,,,,,,,,,,,,,,,0.116937,0.006588,0.957944,7.560000,17.290001,23.520000
25417,,,,,,,,,,,,,,,,,,,,-0.291577,0.675248,-2.235072,,,,,,
25425,,,,,,,,,,,,,,,,,,,,,,,0.116937,0.006588,0.957944,-8.190000,1.190000,23.660000
25426,,,,,,,,,,,,,56.086098,58.495407,0.330070,0.359448,,,,,,,,,,,,
25428,,,,,,,,,,,,,,,,,,,,-0.297696,0.667393,-2.232033,,,,,,
25435,,,,,,,,,,,,,,,,,,,,,,,0.229116,0.058377,0.966179,-14.770000,2.870000,21.139999
25436,,,,,,,,,,,,,57.589146,59.616341,0.315062,0.348256,,,,,,,,,,,,
25441,,,,-0.414708,0.726365,-2.154252,1.163958,0.425050,,,,,,,,,,,,,,,,,,,,
25442,,,,,,,,,,,69.656311,73.545959,,,,,0.024567,-0.128593,0.077657,,,,,,,,,
25438,,,,,,,,,,,,,,,,,,,,-0.303823,0.659380,-2.228662,,,,,,
25446,,,,,,,,,,,,,58.875805,60.581486,0.386266,0.423631,,,,,,,,,,,,
25447,,,,,,,,,,,,,,,,,,,,,,,0.229116,0.058377,0.966179,-41.090000,6.580000,12.740000
25448,,,,,,,,,,,,,,,,,,,,-0.310128,0.651268,-2.225617,,,,,,
25455,,,,,,,,,,,,,,,,,,,,,,,0.178730,0.042517,0.899323,-29.120001,0.140000,5.530000
25470,,,,,,,,,,,,,60.806091,62.241249,0.366992,0.407059,,,,,,,,,,,,
25467,,,,,,,,,,,,,,,,,,,,-0.322729,0.634300,-2.225538,,,,,,
25475,,,,,,,,,,,,,,,,,,,,,,,0.196237,-0.001647,0.982954,20.860001,-6.440000,0.070000
25476,,,,,,,,,,,,,62.617031,63.824570,0.348911,0.391249,,,,,,,,,,,,
25477,,,,,,,,,,,,,,,,,,,,-0.329273,0.625538,-2.225978,,,,,,
25480,,,,,,,,,,,,,,,,,,,,,,,0.196237,-0.001647,0.982954,23.170000,-14.910000,7.980000
25485,,,,,,,,,,,,,,,,,,,,,,,0.196237,-0.001647,0.982954,7.980000,-9.380000,9.240000
25486,,,,,,,,,,,,,64.212425,65.228447,0.332981,0.377232,,,,,,,,,,,,
25491,,,,-0.449938,0.671907,-2.136283,1.253919,0.378913,,,,,,,,,,,,,,,,,,,,
25492,,,,,,,,,,,74.892555,79.682281,,,,,0.036615,-0.123902,0.089355,,,,,,,,,
25488,,,,,,,,,,,,,,,,,,,,-0.335927,0.616949,-2.222398,,,,,,
25496,,,,,,,,,,,,,66.027473,66.882355,0.388086,0.446533,,,,,,,,,,,,
25497,,,,,,,,,,,,,,,,,,,,,,,0.229970,-0.015982,0.925492,16.309999,-11.060000,9.590000
25495,,,,,,,,,,,,,,,,,,,,-0.342684,0.608108,-2.222864,,,,,,
25505,,,,,,,,,,,,,,,,,,,,-0.349692,0.599145,-2.219647,0.229970,-0.015982,0.925492,26.320000,-3.850000,9.730000
25506,,,,,,,,,,,,,67.662582,68.381882,0.371760,0.431561,,,,,,,,,,,,
25515,,,,,,,,,,,,,,,,,,,,,,,0.139263,-0.013115,0.798246,-8.120000,14.140000,12.180000
25525,,,,,,,,,,,,,69.157349,70.046898,0.356835,0.414936,,,,,,,,,,,,
25516,,,,,,,,,,,,,,,,,,,,-0.356947,0.589653,-2.216830,,,,,,
25526,,,,,,,,,,,,,,,,,,,,-0.364223,0.579757,-2.216799,,,,,,
25531,,,,,,,,,,,,,,,,,,,,,,,0.191967,0.034709,0.952332,-0.630000,5.950000,20.860001
25536,,,,,,,,,,,,,,,,,,,,,,,0.191967,0.034709,0.952332,-19.250000,-5.740000,20.580000
25537,,,,,,,,,,,,,70.680710,71.429176,0.341624,0.401134,,,,,,,,,,,,
25535,,,,,,,,,,,,,,,,,,,,-0.371413,0.570079,-2.213816,,,,,,
25541,,,,-0.486429,0.613333,-2.120023,1.339686,0.341133,,,,,,,,,,,,,,,,,,,,
25542,,,,,,,,,,,79.772606,85.134399,,,,,0.035362,-0.117966,0.094169,,,,,,,,,
25546,,,,,,,,,,,,,71.776138,73.577843,0.398933,0.455927,,,,,,,,,,,,
25547,,,,,,,,,,,,,,,,,,,,,,,0.164700,0.019398,0.930921,21.840000,-22.190001,20.930000
25548,,,,,,,,,,,,,,,,,,,,-0.378729,0.560230,-2.210641,,,,,,
25555,,,,,,,,,,,,,,,,,,,,-0.386324,0.550171,-2.204362,0.164700,0.019398,0.930921,-14.070000,-7.560000,24.920000
25556,,,,,,,,,,,,,73.499481,75.015434,0.381726,0.441573,,,,,,,,,,,,
25565,,,,,,,,,,,,,,,,,,,,,,,0.164700,0.019398,0.919697,15.960000,-20.650000,34.720001
25566,,,,,,,,,,,,,74.493454,76.319023,0.371801,0.428557,,,,-0.393759,0.540285,-2.198296,,,,,,
25575,,,,,,,,,,,,,,,,,,,,,,,0.160735,0.042944,0.919697,25.690001,-32.340000,37.099998
25585,,,,,,,,,,,,,75.890968,78.001450,0.357848,0.411758,,,,,,,,,,,,
25576,,,,,,,,,,,,,,,,,,,,-0.401287,0.530077,-2.188740,,,,,,
25587,,,,,,,,,,,,,,,,,,,,-0.408987,0.519642,-2.182546,,,,,,
25591,,,,-0.523978,0.550922,-2.105152,1.419692,0.310327,,,,,,,,,,,,,,,,,,,,
25592,,,,,,,,,,,85.416779,89.716766,,,,,0.040620,-0.112108,0.078315,,,,,,,,,
25593,,,,,,,,,,,,,,,,,,,,,,,0.161345,0.049593,0.854793,4.200000,-5.810000,37.939999
25596,,,,,,,,,,,,,77.356964,79.132721,0.422142,0.464546,,,,,,,,,,,,
25598,,,,,,,,,,,,,,,,,,,,-0.416802,0.508762,-2.176452,0.161345,0.049593,0.854793,-5.810000,17.010000,35.349998
25605,,,,,,,,,,,,,,,,,,,,,,,0.134078,0.107665,0.840458,-8.890000,31.780001,42.279999
25606,,,,,,,,,,,,,78.255936,80.847374,0.413166,0.447426,,,,-0.424489,0.497585,-2.170225,,,,,,
25615,,,,,,,,,,,,,,,,,,,,,,,0.134078,0.107665,0.840458,-33.740002,20.860001,39.830002
25627,,,,,,,,,,,,,79.935280,82.371910,0.396398,0.432204,,,,-0.439757,0.474719,-2.154582,,,,,,
25616,,,,,,,,,,,,,,,,,,,,-0.432151,0.486175,-2.164103,,,,,,
25633,,,,,,,,,,,,,,,,,,,,,,,0.184647,0.107482,0.964044,-10.990000,-12.670000,30.590000
25636,,,,,,,,,,,,,81.755150,83.805336,0.378228,0.417891,,,,,,,,,,,,
25638,,,,,,,,,,,,,,,,,,,,,,,0.184647,0.107482,0.964044,7.070000,1.610000,32.060001
25637,,,,,,,,,,,,,,,,,,,,-0.447408,0.462943,-2.151438,,,,,,
25641,,,,-0.562356,0.485020,-2.091398,1.492436,0.285406,,,,,,,,,,,,,,,,,,,,
25642,,,,,,,,,,,90.740654,93.679848,,,,,0.044788,-0.108145,0.061039,,,,,,,,,
25646,,,,,,,,,,,,,82.521828,84.796181,0.445026,0.463421,,,,,,,,,,,,
25647,,,,,,,,,,,,,,,,,,,,,,,0.151097,0.058438,0.761341,15.120000,26.530001,29.190001
25648,,,,,,,,,,,,,,,,,,,,-0.455300,0.451138,-2.144880,,,,,,
25655,,,,,,,,,,,,,,,,,,,,,,,0.151097,0.058438,0.761341,14.770000,42.980000,23.240000
25656,,,,,,,,,,,,,84.200012,85.566765,0.428269,0.455726,,,,-0.463353,0.439374,-2.139040,,,,,,
25665,,,,,,,,,,,,,,,,,,,,,,,0.137494,0.063928,0.900055,-24.780001,14.840000,11.550000
25666,,,,,,,,,,,,,85.661140,87.359840,0.413680,0.437823,,,,,,,,,,,,
25667,,,,,,,,,,,,,,,,,,,,-0.471246,0.427049,-2.139271,,,,,,
25675,,,,,,,,,,,,,,,,,,,,,,,0.137494,0.063928,0.900055,-15.120000,-16.799999,4.690000
25673,,,,,,,,,,,,,,,,,,,,-0.471246,0.427049,-2.139271,,,,,,
25687,,,,,,,,,,,,,86.980408,88.143532,0.400508,0.429998,,,,,,,,,,,,
25680,,,,,,,,,,,,,,,,,,,,-0.479093,0.414631,-2.132516,,,,,,
25691,,,,-0.601313,0.416036,-2.078528,1.556524,0.265520,,,,,,,,,,,,,,,,,,,,
25692,,,,,,,,,,,95.330383,97.801498,,,,,0.062840,-0.104150,0.054705,,,,,,,,,
25688,,,,,,,,,,,,,,,,,,,,-0.486808,0.402215,-2.132673,,,,,,
25694,,,,,,,,,,,,,,,,,,,,,,,0.156404,0.072590,0.829417,36.189999,-3.360000,-2.380000
25696,,,,,,,,,,,,,88.819786,89.219383,0.446328,0.476896,,,,-0.494616,0.389947,-2.135883,,,,,,
25699,,,,,,,,,,,,,,,,,,,,,,,0.124013,0.007991,0.831857,3.850000,-8.750000,-4.200000
25705,,,,,,,,,,,,,,,,,,,,,,,0.124013,0.007991,0.831857,3.220000,-10.290000,-4.550000
25706,,,,,,,,,,,,,90.152870,90.489090,0.433018,0.464219,,,,-0.502575,0.377392,-2.135857,,,,,,
25715,,,,,,,,,,,,,,,,,,,,,,,0.124013,0.007991,0.831857,21.280001,-30.520000,-8.750000
25716,,,,,,,,,,,,,91.740089,91.475212,0.417170,0.454372,,,,,,,,,,,,
25717,,,,,,,,,,,,,,,,,,,,-0.510513,0.364618,-2.135857,,,,,,
25725,,,,,,,,,,,,,,,,,,,,,,,0.153415,-0.003111,0.931836,13.650000,-26.879999,-12.110000
25726,,,,,,,,,,,,,93.075577,92.852707,0.403835,0.440618,,,,,,,,,,,,
25727,,,,,,,,,,,,,,,,,,,,-0.518725,0.352101,-2.138930,,,,,,
25735,,,,,,,,,,,,,,,,,,,,,,,0.153415,0.000366,0.688446,-29.540001,23.870001,-14.210000
25747,,,,-0.640575,0.344432,-2.066333,1.610704,0.250013,,,,,,,,,,,,-0.535246,0.325307,-2.144847,,,,,,
25748,,,,,,,,,,,97.811699,102.123238,,,,,0.071744,-0.098612,0.072303,,,,,,,,,
25749,,,,,,,,,,,,,93.880363,93.453354,0.430500,0.495060,,,,,,,,,,,,
25754,,,,,,,,,,,,,,,,,,,,,,,0.119255,-0.031232,0.937570,-5.950000,26.459999,-16.240000
25756,,,,,,,,,,,,,95.033867,94.674576,0.418983,0.482866,,,,,,,,,,,,
25760,,,,,,,,,,,,,,,,,,,,,,,0.105835,-0.031232,0.937570,5.530000,2.870000,-11.270000
25757,,,,,,,,,,,,,,,,,,,,-0.543575,0.312140,-2.148421,,,,,,
25765,,,,,,,,,,,,,,,,,,,,-0.552073,0.298937,-2.151487,0.105835,-0.031232,0.937570,-13.720000,-8.680000,-8.330000
25766,,,,,,,,,,,,,96.469460,95.616890,0.404649,0.473457,,,,,,,,,,,,
25775,,,,,,,,,,,,,,,,,,,,-0.560654,0.285954,-2.151438,0.083021,-0.056181,0.853939,11.970000,-43.400002,-2.800000
25776,,,,,,,,,,,,,97.048477,96.878685,0.398867,0.460858,,,,,,,,,,,,
25785,,,,,,,,,,,,,,,,,,,,,,,0.083021,-0.056181,0.853939,35.139999,-5.810000,0.910000
25786,,,,,,,,,,,,,97.632050,97.489182,0.393041,0.454763,,,,-0.569521,0.272828,-2.151250,,,,,,
25791,,,,-0.679859,0.270717,-2.054631,1.653900,0.238390,,,,,,,,,,,,,,,,,,,,
25792,,,,,,,,,,,98.770027,105.669106,,,,,0.063382,-0.091159,0.095678,,,,,,,,,
25806,,,,,,,,,,,,,98.166008,98.045799,0.401111,0.498793,,,,,,,,,,,,
25796,,,,,,,,,,,,,,,,,,,,-0.578396,0.259162,-2.151469,,,,,,
25808,,,,,,,,,,,,,,,,,,,,,,,0.101321,-0.030805,0.765916,-11.690000,44.029999,4.060000
25807,,,,,,,,,,,,,,,,,,,,-0.587153,0.245225,-2.151543,,,,,,
25813,,,,,,,,,,,,,,,,,,,,,,,0.077043,0.044591,0.946903,-3.010000,-5.810000,13.650000
25816,,,,,,,,,,,,,98.690155,99.125450,0.395878,0.488013,,,,,,,,,,,,
25815,,,,,,,,,,,,,,,,,,,,-0.596006,0.231459,-2.151378,,,,,,
25819,,,,,,,,,,,,,,,,,,,,,,,0.077043,0.044591,0.946903,-1.820000,-7.420000,21.420000
25825,,,,,,,,,,,,,,,,,,,,-0.604678,0.217762,-2.144967,0.077043,0.044591,0.946903,-19.600000,-10.920000,23.870001
25826,,,,,,,,,,,,,99.418404,100.330681,0.388606,0.475979,,,,,,,,,,,,
25835,,,,,,,,,,,,,,,,,,,,,,,0.058499,0.034221,0.969961,-1.260000,-23.520000,35.840000
25836,,,,,,,,,,,,,99.668236,101.540482,0.386112,0.463900,,,,-0.613044,0.204284,-2.144937,,,,,,
25841,,,,-0.718869,0.195438,-2.043249,1.685243,0.230289,,,,,,,,,,,,,,,,,,,,
25842,,,,,,,,,,,100.243614,107.981430,,,,,0.064830,-0.084086,0.100596,,,,,,,,,
25846,,,,,,,,,,,,,99.773529,102.446266,0.405668,0.487193,,,,-0.621891,0.190366,-2.138631,,,,,,
25847,,,,,,,,,,,,,,,,,,,,,,,0.058499,0.034221,0.969961,5.810000,18.900000,45.430000
25855,,,,,,,,,,,,,,,,,,,,,,,0.062525,0.045323,0.866200,-25.690001,42.980000,51.240002
25866,,,,,,,,,,,,,100.113678,103.184425,0.402272,0.479823,,,,,,,,,,,,
25856,,,,,,,,,,,,,,,,,,,,-0.631215,0.175590,-2.126192,,,,,,
25867,,,,,,,,,,,,,,,,,,,,-0.639826,0.160895,-2.116715,,,,,,
25871,,,,,,,,,,,,,,,,,,,,,,,0.066917,0.164456,0.983076,3.080000,-5.040000,57.400002
25876,,,,,,,,,,,,,100.154846,104.330490,0.401861,0.468379,,,,,,,0.066917,0.164456,0.983076,5.880000,-12.600000,66.570000
25877,,,,,,,,,,,,,,,,,,,,-0.648365,0.146446,-2.107081,,,,,,
25885,,,,,,,,,,,,,,,,,,,,,,,0.066917,0.164456,0.829722,21.840000,-36.189999,70.349998
25886,,,,,,,,,,,,,101.099670,105.174042,0.392427,0.459957,,,,,,,,,,,,
25891,,,,-0.757308,0.119169,-2.032031,1.704098,0.225464,,,,,,,,,,,,,,,,,,,,
25892,,,,,,,,,,,103.092415,108.478409,,,,,0.077712,-0.079677,0.074781,,,,,,,,,
25888,,,,,,,,,,,,,,,,,,,,-0.657024,0.132277,-2.097760,,,,,,
25896,,,,,,,,,,,,,101.501808,105.477867,0.428251,0.463873,,,,,,,,,,,,
25897,,,,,,,,,,,,,,,,,,,,,,,0.044103,0.100040,0.829722,15.190000,-14.350000,72.589996
25898,,,,,,,,,,,,,,,,,,,,-0.665376,0.118023,-2.081603,,,,,,
25905,,,,,,,,,,,,,,,,,,,,,,,0.044164,0.153842,0.928664,31.780001,-24.219999,74.690002
25906,,,,,,,,,,,,,101.831902,106.272575,0.424956,0.455938,,,,-0.673898,0.103047,-2.065574,,,,,,
25915,,,,,,,,,,,,,,,,,,,,,,,0.044164,0.153842,0.928664,14.630000,-25.620001,68.320000
25926,,,,,,,,,,,,,102.136879,106.682549,0.421910,0.451845,,,,,,,,,,,,
25917,,,,,,,,,,,,,,,,,,,,-0.682234,0.088133,-2.049649,,,,,,
25928,,,,,,,,,,,,,,,,,,,,-0.690202,0.072912,-2.039714,,,,,,
25931,,,,,,,,,,,,,,,,,,,,,,,0.039711,0.197274,0.870165,-16.870001,21.700001,52.220001
25936,,,,,,,,,,,,,102.900154,107.290291,0.414289,0.445777,,,,,,,,,,,,
25937,,,,,,,,,,,,,,,,,,,,,,,0.039711,0.197274,0.870165,-10.710000,30.590000,51.520000
25935,,,,,,,,,,,,,,,,,,,,-0.698081,0.057420,-2.033278,,,,,,
25941,,,,-0.794879,0.042498,-2.020821,1.710074,0.223772,,,,,,,,,,,,,,,,,,,,
25942,,,,,,,,,,,106.303627,105.675354,,,,,0.057987,-0.079853,0.015015,,,,,,,,,
25946,,,,,,,,,,,,,103.581726,107.275589,0.452392,0.406723,,,,-0.706061,0.041869,-2.023482,,,,,,
25947,,,,,,,,,,,,,,,,,,,,,,,0.062342,0.164273,0.956785,4.690000,9.310000,45.009998
25955,,,,,,,,,,,,,,,,,,,,,,,0.062342,0.164273,0.956785,-2.240000,-8.960000,37.310001
25966,,,,,,,,,,,,,104.343529,106.914368,0.444786,0.410330,,,,-0.721413,0.010862,-2.010635,,,,,,
25956,,,,,,,,,,,,,,,,,,,,-0.713745,0.026284,-2.017154,,,,,,
25972,,,,,,,,,,,,,,,,,,,,,,,0.003416,0.123769,0.956297,22.330000,-35.419998,11.340000
25976,,,,,,,,,,,,,105.489433,107.081734,0.433344,0.408659,,,,,,,,,,,,
25977,,,,,,,,,,,,,,,,,,,,-0.729076,-0.004399,-2.007196,0.003416,0.123769,0.956297,-4.410000,-36.470001,-11.550000
25985,,,,,,,,,,,,,,,,,,,,-0.736260,-0.020008,-2.013535,0.030805,0.073017,0.885171,-16.870001,-6.370000,-23.100000
25986,,,,,,,,,,,,,106.289360,106.533463,0.425357,0.414133,,,,,,,,,,,,
25991,,,,-0.831295,-0.033982,-2.009463,1.703046,0.225169,,,,,,,,,,,,,,,,,,,,
25992,,,,,,,,,,,106.239822,104.699181,,,,,0.053531,-0.079769,0.005741,,,,,,,,,
25996,,,,,,,,,,,,,107.047485,106.151894,0.416895,0.404292,,,,,,,,,,,,
25997,,,,,,,,,,,,,,,,,,,,,,,0.030805,0.073017,0.885171,-9.800000,15.120000,-47.950001
25995,,,,,,,,,,,,,,,,,,,,-0.743600,-0.035640,-2.019962,,,,,,
26005,,,,,,,,,,,,,,,,,,,,-0.750921,-0.051006,-2.030041,0.007747,-0.004514,0.854549,6.160000,14.700000,-58.590000
26006,,,,,,,,,,,,,107.648056,105.795860,0.410898,0.407847,,,,,,,,,,,,
26015,,,,,,,,,,,,,,,,,,,,,,,0.007747,-0.004514,0.854549,-8.190000,30.590000,-65.379997
26026,,,,,,,,,,,,,107.878098,105.482414,0.408602,0.410976,,,,-0.766519,-0.082194,-2.062537,,,,,,
26016,,,,,,,,,,,,,,,,,,,,-0.758581,-0.066793,-2.046069,,,,,,
26031,,,,,,,,,,,,,,,,,,,,,,,-0.012871,-0.116449,0.879437,-10.290000,3.990000,-87.919998
26036,,,,,,,,,,,,,108.665642,105.070763,0.400738,0.415087,,,,,,,,,,,,
26037,,,,,,,,,,,,,,,,,,,,-0.774185,-0.097637,-2.071990,-0.019825,-0.167140,0.907741,-25.129999,2.240000,-92.540001
26041,,,,-0.866279,-0.109688,-1.997795,1.683149,0.229704,,,,,,,,,,,,,,,,,,,,
26042,,,,,,,,,,,101.353783,106.660820,,,,,0.054610,-0.075010,0.072381,,,,,,,,,
26046,,,,,,,,,,,,,108.990082,104.867928,0.329169,0.444545,,,,,,,,,,,,
26047,,,,,,,,,,,,,,,,,,,,-0.781621,-0.112763,-2.087989,-0.019825,-0.167140,0.907741,-31.639999,-1.610000,-95.480003
26055,,,,,,,,,,,,,,,,,,,,-0.789824,-0.128353,-2.103936,-0.019825,-0.232532,0.876387,24.990000,3.920000,-97.930000
26056,,,,,,,,,,,,,108.702370,104.685661,0.332041,0.446365,,,,,,,,,,,,
26065,,,,,,,,,,,,,,,,,,,,-0.797907,-0.142941,-2.119618,-0.023851,-0.232532,0.876387,-26.740000,-4.410000,-87.290001
26066,,,,,,,,,,,,,107.859123,104.479462,0.340461,0.448424,,,,,,,,,,,,
26075,,,,,,,,,,,,,,,,,,,,,,,-0.061732,-0.306952,1.129171,5.740000,-1.750000,-63.700001
26085,,,,,,,,,,,,,,,0.345704,0.448315,,,,,,,,,,,,
26086,,,,,,,,,,,,,107.334015,104.490372,,,,,,-0.815251,-0.172406,-2.138967,,,,,,
26076,,,,,,,,,,,,,,,,,,,,-0.806547,-0.158024,-2.132160,,,,,,
26091,,,,-0.899579,-0.184054,-1.985651,1.650778,0.237522,,,,,,,,,,,,,,,,,,,,
26092,,,,,,,,,,,94.590050,107.745354,,,,,0.054859,-0.064899,0.149874,,,,,,,,,
26094,,,,,,,,,,,,,,,,,,,,,,,-0.061732,-0.306952,1.129171,11.550000,-13.930000,-23.450001
26096,,,,,,,,,,,,,106.436966,105.084717,0.260072,0.457547,,,,,,,,,,,,
26099,,,,,,,,,,,,,,,,,,,,,,,-0.056486,-0.181963,0.675636,-12.180000,-10.570000,-1.400000
26097,,,,,,,,,,,,,,,,,,,,-0.824048,-0.187038,-2.148087,,,,,,
26105,,,,,,,,,,,,,,,,,,,,,,,-0.056486,-0.181963,0.675636,-5.880000,-4.480000,21.420000
26106,,,,,,,,,,,,,105.492828,105.454132,0.269499,0.453859,,,,,,,,,,,,
26108,,,,,,,,,,,,,,,,,,,,-0.832770,-0.201670,-2.144688,,,,,,
26115,,,,,,,,,,,,,,,,,,,,-0.841919,-0.216075,-2.144520,-0.103334,-0.136579,1.034438,14.910000,14.070000,62.930000
26116,,,,,,,,,,,,,104.094727,105.704994,0.283458,0.451354,,,,,,,,,,,,
26125,,,,,,,,,,,,,,,,,,,,,,,-0.103334,-0.136579,1.034438,6.160000,30.309999,104.930000
26126,,,,,,,,,,,,,102.397568,105.946861,0.300404,0.448939,,,,-0.850935,-0.230733,-2.125931,,,,,,
26135,,,,,,,,,,,,,,,,,,,,,,,-0.101016,0.039345,0.783484,-3.990000,43.189999,137.690002
26147,,,,-0.930961,-0.256546,-1.972843,1.606581,0.248876,,,,,,,,,,,,-0.869016,-0.260095,-2.078872,,,,,,
26148,,,,,,,,,,,91.950653,105.347069,,,,,0.062590,-0.054535,0.150972,,,,,,,,,
26149,,,,,,,,,,,,,100.679726,106.522964,0.280645,0.409647,,,,,,,,,,,,
26154,,,,,,,,,,,,,,,,,,,,,,,-0.097112,0.257908,0.893040,-40.669998,36.400002,173.949997
26156,,,,,,,,,,,,,99.490257,106.740181,0.292522,0.407478,,,,,,,,,,,,
26160,,,,,,,,,,,,,,,,,,,,,,,-0.097112,0.257908,0.893040,-45.009998,31.850000,183.330002
26157,,,,,,,,,,,,,,,,,,,,-0.877296,-0.274624,-2.050007,,,,,,
26165,,,,,,,,,,,,,,,,,,,,-0.885075,-0.289824,-2.017472,-0.097112,0.257908,0.893040,-58.869999,31.709999,187.039993
26166,,,,,,,,,,,,,97.478867,106.883224,0.312605,0.406050,,,,,,,,,,,,
26175,,,,,,,,,,,,,,,,,,,,,,,-0.101809,0.373991,0.824415,-26.459999,37.450001,209.860001
26176,,,,,,,,,,,,,96.259422,106.910851,0.324781,0.405774,,,,-0.892581,-0.304899,-1.984687,,,,,,
26185,,,,,,,,,,,,,,,,,,,,,,,-0.101809,0.373991,0.824415,-14.490000,47.389999,229.949997
26186,,,,,,,,,,,,,94.691177,106.392990,0.340439,0.410945,,,,,,,,,,,,
26187,,,,,,,,,,,,,,,,,,,,-0.899735,-0.320509,-1.941777,,,,,,
26191,,,,-0.960224,-0.326670,-1.959165,1.551432,0.264137,,,,,,,,,,,,,,,,,,,,
26192,,,,,,,,,,,96.517593,94.771141,,,,,0.029527,-0.054217,-0.011733,,,,,,,,,
26206,,,,,,,,,,,,,93.949043,106.540314,0.411717,0.261572,,,,,,,,,,,,
26197,,,,,,,,,,,,,,,,,,,,-0.906309,-0.335994,-1.901302,,,,,,
26208,,,,,,,,,,,,,,,,,,,,,,,-0.150426,0.506971,1.098305,-8.750000,50.189999,221.830002
26207,,,,,,,,,,,,,,,,,,,,-0.912705,-0.351561,-1.863797,,,,,,
26213,,,,,,,,,,,,,,,,,,,,,,,-0.118889,0.393999,0.755241,-15.050000,42.139999,204.679993
26216,,,,,,,,,,,,,93.707405,105.387527,0.414129,0.273083,,,,,,,,,,,,
26218,,,,,,,,,,,,,,,,,,,,-0.918346,-0.367004,-1.832524,-0.118889,0.393999,0.755241,-12.110000,31.639999,190.399994
26225,,,,,,,,,,,,,,,,,,,,-0.923175,-0.383238,-1.786750,-0.134627,0.633668,1.098366,-21.420000,32.270000,166.389999
26226,,,,,,,,,,,,,94.183098,104.010757,0.409380,0.286829,,,,,,,,,,,,
26235,,,,,,,,,,,,,,,,,,,,,,,-0.134627,0.633668,1.098366,-38.570000,42.910000,115.849998
26236,,,,,,,,,,,,,95.123138,101.749626,0.399994,0.309406,,,,-0.927459,-0.398876,-1.765432,,,,,,
26241,,,,-0.987197,-0.393979,-1.944377,1.486415,0.283815,,,,,,,,,,,,,,,,,,,,
26242,,,,,,,,,,,97.591568,82.173706,,,,,0.007682,-0.059594,-0.169119,,,,,,,,,
26246,,,,,,,,,,,,,95.433151,99.908928,0.411918,0.151613,,,,,,,,,,,,
26247,,,,,,,,,,,,,,,,,,,,-0.931624,-0.414061,-1.758067,-0.124135,0.272792,0.560651,29.889999,7.280000,39.130001
26255,,,,,,,,,,,,,,,,,,,,,,,-0.124135,0.272792,0.560651,19.600000,-26.670000,-3.290000
26265,,,,,,,,,,,,,96.177467,96.824097,0.404486,0.182414,,,,,,,,,,,,
26258,,,,,,,,,,,,,,,,,,,,-0.935638,-0.429030,-1.747215,,,,,,
26268,,,,,,,,,,,,,,,,,,,,-0.939022,-0.443469,-1.761655,,,,,,
26271,,,,,,,,,,,,,,,,,,,,,,,-0.285541,0.417911,0.926895,34.020000,-5.950000,-126.349998
26276,,,,,,,,,,,,,97.130348,93.745544,0.394971,0.213153,,,,,,,-0.285541,0.417911,0.926895,20.090000,10.640000,-187.880005
26275,,,,,,,,,,,,,,,,,,,,-0.942418,-0.457830,-1.779646,,,,,,
26285,,,,,,,,,,,,,,,,,,,,,,,-0.286822,0.023912,0.529968,42.279999,39.060001,-261.239990
26286,,,,,,,,,,,,,98.311691,90.316269,0.383176,0.247393,,,,-0.945937,-0.472383,-1.818586,,,,,,
26291,,,,-1.011745,-0.458084,-1.928207,1.412787,0.308585,,,,,,,,,,,,,,,,,,,,
26292,,,,,,,,,,,90.849609,81.276527,,,,,0.002403,-0.067340,-0.106678,,,,,,,,,
26296,,,,,,,,,,,,,98.706238,86.466202,0.284952,0.273289,,,,-0.949512,-0.486785,-1.870690,,,,,,
26297,,,,,,,,,,,,,,,,,,,,,,,-0.286822,0.023912,0.529968,-12.250000,50.259998,-307.720001
26305,,,,,,,,,,,,,,,,,,,,,,,-0.152195,-0.248209,0.545462,56.419998,-3.640000,-327.390015
26306,,,,,,,,,,,,,98.997849,84.300072,0.282040,0.294917,,,,,,,,,,,,
26307,,,,,,,,,,,,,,,,,,,,-0.953389,-0.500936,-1.934972,,,,,,
26315,,,,,,,,,,,,,,,,,,,,,,,-0.152195,-0.248209,0.545462,31.430000,-49.419998,-353.429993
26326,,,,,,,,,,,,,98.396011,81.984863,0.288050,0.318034,,,,,,,,,,,,
26317,,,,,,,,,,,,,,,,,,,,-0.957408,-0.513765,-1.988597,,,,,,
26327,,,,,,,,,,,,,,,,,,,,-0.961766,-0.526559,-2.047741,,,,,,
26331,,,,,,,,,,,,,,,,,,,,,,,-0.310429,-0.531005,0.796355,52.570000,-14.350000,-296.519989
26336,,,,,,,,,,,,,,,,,,,,,,,-0.310429,-0.531005,0.796355,35.349998,-9.520000,-287.489990
26337,,,,,,,,,,,,,97.963097,80.492378,0.292372,0.332936,,,,,,,,,,,,
26341,,,,-1.033769,-0.518658,-1.910325,1.331950,0.339329,,,,,,,,,,,,,,,,,,,,
26342,,,,,,,,,,,76.401321,86.354378,,,,,0.024307,-0.067638,0.132788,,,,,,,,,
26338,,,,,,,,,,,,,,,,,,,,-0.966700,-0.538424,-2.102311,,,,,,
26346,,,,,,,,,,,,,96.636246,79.568031,0.103565,0.413177,,,,,,,,,,,,
26347,,,,,,,,,,,,,,,,,,,,,,,-0.238815,-0.694912,1.020713,67.339996,-2.450000,-266.140015
26348,,,,,,,,,,,,,,,,,,,,-0.972421,-0.550604,-2.146616,,,,,,
26355,,,,,,,,,,,,,,,,,,,,,,,-0.238815,-0.694912,1.020713,55.509998,0.280000,-258.649994
26366,,,,,,,,,,,,,93.544205,79.183014,0.134438,0.417022,,,,-0.984168,-0.573161,-2.239893,,,,,,
26356,,,,,,,,,,,,,,,,,,,,-0.978247,-0.561684,-2.196610,,,,,,
26371,,,,,,,,,,,,,,,,,,,,,,,-0.157929,-0.540826,0.772321,20.090000,48.230000,-117.529999
26376,,,,,,,,,,,,,,,,,,,,,,,-0.331230,-0.612623,0.952820,8.260000,58.939999,-63.910000
26377,,,,,,,,,,,,,90.029144,79.489426,0.169535,0.413962,,,,-0.990916,-0.584634,-2.255121,,,,,,
26385,,,,,,,,,,,,,,,,,,,,,,,-0.331230,-0.612623,0.952820,16.590000,45.080002,31.570000
26386,,,,,,,,,,,,,86.388428,79.884293,0.205887,0.410020,,,,,,,,,,,,
26391,,,,-1.053209,-0.575439,-1.890346,1.245410,0.377183,,,,,,,,,,,,,,,,,,,,
26392,,,,,,,,,,,59.459988,85.073929,,,,,0.031169,-0.054264,0.352319,,,,,,,,,
26387,,,,,,,,,,,,,,,,,,,,-0.997577,-0.595465,-2.264588,,,,,,
26396,,,,,,,,,,,,,83.112762,80.932472,0.001673,0.381647,,,,,,,,,,,,
26397,,,,,,,,,,,,,,,,,,,,,,,-0.320860,-0.426573,0.794281,36.610001,-16.799999,110.040001
26398,,,,,,,,,,,,,,,,,,,,-1.004971,-0.606108,-2.243047,,,,,,
26405,,,,,,,,,,,,,,,,,,,,-1.011834,-0.616403,-2.227648,-0.320860,-0.426573,0.794281,-23.170000,-44.099998,136.149994
26406,,,,,,,,,,,,,78.716675,81.824089,0.045567,0.372745,,,,,,,,,,,,
26415,,,,,,,,,,,,,,,,,,,,-1.018588,-0.626315,-2.193435,-0.303231,-0.094062,0.746884,-29.959999,-52.990002,218.539993
26426,,,,,,,,,,,,,74.165359,82.524643,0.091011,0.365750,,,,,,,,,,,,
26427,,,,,,,,,,,,,,,,,,,,-1.025290,-0.636474,-2.137040,,,,,,
26432,,,,,,,,,,,,,,,,,,,,,,,-0.303231,-0.094062,1.041392,-11.970000,21.910000,389.130005
26436,,,,,,,,,,,,,68.441612,83.709961,0.148161,0.353915,,,,,,,,,,,,
26437,,,,,,,,,,,,,,,,,,,,-1.031673,-0.646887,-2.070150,-0.441823,0.274744,1.041392,-53.340000,33.040001,410.899994
26441,,,,-1.070043,-0.628233,-1.867792,1.154738,0.423602,,,,,,,,,,,,,,,,,,,,
26442,,,,,,,,,,,61.912266,76.688629,,,,,0.003082,-0.042590,0.204270,,,,,,,,,
26446,,,,,,,,,,,,,64.146210,84.099060,0.225344,0.232763,,,,,,,,,,,,
26447,,,,,,,,,,,,,,,,,,,,,,,-0.441823,0.274744,1.041392,-45.150002,31.010000,453.739990
26448,,,,,,,,,,,,,,,,,,,,-1.037097,-0.657821,-1.988706,,,,,,
26455,,,,,,,,,,,,,,,,,,,,,,,-0.331718,0.479643,0.890905,-70.419998,0.630000,475.790009
26456,,,,,,,,,,,,,61.096554,83.912834,0.255794,0.234623,,,,-1.042250,-0.668321,-1.911796,,,,,,
26465,,,,,,,,,,,,,,,,,,,,,,,-0.331718,0.479643,0.890905,-52.919998,-32.060001,479.429993
26466,,,,,,,,,,,,,59.639820,82.679588,0.270339,0.246936,,,,-1.046434,-0.678720,-1.829161,,,,,,
26475,,,,,,,,,,,,,,,,,,,,,,,-0.229421,0.522831,0.840641,-44.240002,-5.110000,434.630005
26486,,,,,,,,,,,,,58.130871,81.354431,0.285405,0.260168,,,,,,,,,,,,
26476,,,,,,,,,,,,,,,,,,,,-1.049857,-0.688689,-1.754651,,,,,,
26491,,,,-1.084286,-0.676915,-1.842089,1.061534,0.480438,,,,,,,,,,,,,,,,,,,,
26492,,,,,,,,,,,66.384621,62.926544,,,,,-0.005889,-0.035996,-0.079897,,,,,,,,,
26493,,,,,,,,,,,,,,,,,,,,,,,-0.187209,0.701805,1.007720,-35.070000,-21.420000,326.130005
26488,,,,,,,,,,,,,,,,,,,,-1.053150,-0.698970,-1.677609,,,,,,
26496,,,,,,,,,,,,,57.621384,79.883583,0.353037,0.082394,,,,-1.055417,-0.708986,-1.609384,,,,,,
26498,,,,,,,,,,,,,,,,,,,,,,,-0.187209,0.701805,1.007720,-61.389999,-26.459999,311.429993
26505,,,,,,,,,,,,,,,,,,,,,,,-0.187209,0.701805,1.007720,-13.580000,-32.340000,272.929993
26506,,,,,,,,,,,,,57.791058,77.070023,0.351343,0.110487,,,,-1.057287,-0.718829,-1.565181,,,,,,
26515,,,,,,,,,,,,,,,,,,,,,,,-0.080032,0.527467,0.820694,12.110000,-11.480000,166.809998
26516,,,,,,,,,,,,,57.958218,74.179535,0.349674,0.139348,,,,,,,,,,,,
26517,,,,,,,,,,,,,,,,,,,,-1.059028,-0.728366,-1.526309,,,,,,
26525,,,,,,,,,,,,,,,,,,,,,,,-0.080032,0.527467,0.820694,-15.260000,-2.520000,59.080002
26526,,,,,,,,,,,,,58.622025,71.175529,0.343046,0.169342,,,,,,,,,,,,
26527,,,,,,,,,,,,,,,,,,,,-1.059851,-0.738133,-1.511212,,,,,,
26535,,,,,,,,,,,,,,,,,,,,,,,-0.210328,0.695644,1.065060,14.980000,3.920000,-23.100000
26547,,,,-1.095989,-0.721425,-1.812525,0.967386,0.550045,,,63.499352,49.153778,,,,,,,,,,,,,,,,
26548,,,,,,,,,,,,,59.965973,67.806267,0.289277,0.010375,-0.018804,-0.035551,-0.290563,,,,,,,,,
26546,,,,,,,,,,,,,,,,,,,,-1.060436,-0.756473,-1.518668,,,,,,
26554,,,,,,,,,,,,,,,,,,,,,,,-0.086925,0.431880,0.851743,27.510000,-19.740000,-145.039993
26556,,,,,,,,,,,,,60.868603,63.994347,0.280265,0.048436,,,,-1.060337,-0.765630,-1.541225,,,,,,
26559,,,,,,,,,,,,,,,,,,,,,,,-0.086925,0.431880,0.851743,23.730000,-22.820000,-168.699997
26565,,,,,,,,,,,,,,,,,,,,,,,-0.131943,0.045506,0.879132,13.230000,-15.960000,-209.300003
26566,,,,,,,,,,,,,62.156029,59.315430,0.267410,0.095154,,,,-1.060190,-0.774521,-1.574695,,,,,,
26575,,,,,,,,,,,,,,,,,,,,,,,-0.131943,0.045506,0.879132,19.950001,24.570000,-289.170013
26576,,,,,,,,,,,,,62.717331,55.391815,0.261806,0.134330,,,,,,,,,,,,
26577,,,,,,,,,,,,,,,,,,,,-1.060281,-0.783379,-1.613352,,,,,,
26585,,,,,,,,,,,,,,,,,,,,,,,-0.264435,-0.277672,0.689910,12.880000,56.630001,-369.809998
26586,,,,,,,,,,,,,63.750153,52.645557,0.251493,0.161751,,,,,,,,,,,,
26587,,,,,,,,,,,,,,,,,,,,-1.060612,-0.792121,-1.673638,,,,,,
26591,,,,-1.105237,-0.761770,-1.778227,0.873834,0.635382,,,,,,,,,,,,,,,,,,,,
26592,,,,,,,,,,,54.280052,50.967999,,,,,-0.025264,-0.047414,-0.108182,,,,,,,,,
26606,,,,,,,,,,,,,64.194687,49.295853,0.118125,0.220568,,,,,,,,,,,,
26598,,,,,,,,,,,,,,,,,,,,-1.061514,-0.800969,-1.740086,,,,,,
26605,,,,,,,,,,,,,,,,,,,,-1.062638,-0.809054,-1.814871,,,,,,
26608,,,,,,,,,,,,,,,,,,,,,,,-0.264435,-0.277672,0.689910,25.340000,65.449997,-389.410004
26613,,,,,,,,,,,,,,,,,,,,,,,-0.191540,-0.475800,0.913719,41.160000,-23.240000,-388.640015
26616,,,,,,,,,,,,,64.085754,47.839008,0.119213,0.235114,,,,-1.064178,-0.816380,-1.884669,,,,,,
26618,,,,,,,,,,,,,,,,,,,,,,,-0.191540,-0.475800,0.913719,26.950001,-43.400002,-380.100006
26625,,,,,,,,,,,,,,,,,,,,,,,-0.247111,-0.487512,0.903410,47.040001,-26.250000,-349.579987
26626,,,,,,,,,,,,,63.265881,46.297939,0.127399,0.250501,,,,-1.066388,-0.823285,-1.948746,,,,,,
26635,,,,,,,,,,,,,,,,,,,,,,,-0.247111,-0.487512,0.903410,25.200001,-13.230000,-277.970001
26636,,,,,,,,,,,,,61.994541,44.979393,0.140093,0.263667,,,,-1.068815,-0.830388,-2.001782,,,,,,
26641,,,,-1.112144,-0.798013,-1.738117,0.782343,0.740119,,,,,,,,,,,,,,,,,,,,
26642,,,,,,,,,,,39.049477,53.224209,,,,,-0.012364,-0.052851,0.249823,,,,,,,,,
26646,,,,,,,,,,,,,60.406193,44.440849,-0.057043,0.300596,,,,,,,,,,,,
26647,,,,,,,,,,,,,,,,,,,,,,,-0.269254,-0.569557,1.054385,44.310001,-2.100000,-184.100006
26650,,,,,,,,,,,,,,,,,,,,-1.071674,-0.837031,-2.044209,,,,,,
26655,,,,,,,,,,,,,,,,,,,,,,,-0.269254,-0.569557,1.054385,31.639999,-4.410000,-156.729996
26666,,,,,,,,,,,,,56.766136,44.682983,-0.020698,0.298179,,,,-1.078408,-0.850378,-2.086116,,,,,,
26658,,,,,,,,,,,,,,,,,,,,-1.074847,-0.843746,-2.073152,,,,,,
26672,,,,,,,,,,,,,,,,,,,,,,,-0.194407,-0.413763,0.917867,-2.310000,37.310001,67.410004
26676,,,,,,,,,,,,,52.239792,45.990200,0.024496,0.285127,,,,-1.081747,-0.857077,-2.076526,,,,,,
26677,,,,,,,,,,,,,,,,,,,,,,,-0.468907,-0.143167,1.049932,-11.900000,23.520000,119.910004
26685,,,,,,,,,,,,,,,,,,,,,,,-0.468907,-0.143167,1.049932,-21.700001,-4.970000,199.429993
26686,,,,,,,,,,,,,47.246170,46.925190,0.074356,0.275791,,,,,,,,,,,,
26687,,,,,,,,,,,,,,,,,,,,-1.085021,-0.863635,-2.050789,,,,,,
26691,,,,-1.116850,-0.830275,-1.690876,0.694271,0.868695,,,,,,,,,,,,,,,,,,,,
26692,,,,,,,,,,,30.560751,48.474358,,,,,-0.015256,-0.043673,0.354906,,,,,,,,,
26696,,,,,,,,,,,,,44.133358,48.243725,-0.013276,0.196200,,,,,,,,,,,,
26697,,,,,,,,,,,,,,,,,,,,,,,-0.405284,0.130540,0.928298,-31.290001,-15.400000,288.540009
26698,,,,,,,,,,,,,,,,,,,,-1.087758,-0.870087,-2.005110,,,,,,
26705,,,,,,,,,,,,,,,,,,,,,,,-0.405284,0.130540,0.928298,-50.820000,-20.370001,329.839996
26706,,,,,,,,,,,,,40.424091,49.366375,0.023760,0.184991,,,,,,,,,,,,
26708,,,,,,,,,,,,,,,,,,,,-1.090095,-0.876482,-1.948730,,,,,,
26715,,,,,,,,,,,,,,,,,,,,,,,-0.263764,0.354105,1.043100,-43.259998,-11.760000,362.320007
26726,,,,,,,,,,,,,36.452049,49.125557,0.063420,0.187395,,,,,,,,,,,,
26716,,,,,,,,,,,,,,,,,,,,-1.092043,-0.882670,-1.891316,,,,,,
26727,,,,,,,,,,,,,,,,,,,,-1.093411,-0.889387,-1.818611,,,,,,
26731,,,,,,,,,,,,,,,,,,,,,,,-0.263764,0.354105,1.043100,-56.349998,62.509998,404.320007
26736,,,,,,,,,,,,,32.815041,49.375336,0.099734,0.184901,,,,,,,-0.421693,0.388631,0.969046,-49.560001,62.230000,407.540009
26737,,,,,,,,,,,,,,,,,,,,-1.094580,-0.896326,-1.743874,,,,,,
26741,,,,-1.119519,-0.858721,-1.634923,0.610850,1.026216,,,,,,,,,,,,,,,,,,,,
26742,,,,,,,,,,,31.851089,40.959404,,,,,-0.032314,-0.031159,0.120658,,,,,,,,,
26746,,,,,,,,,,,,,29.886850,49.511383,0.147017,0.078448,,,,,,,,,,,,
26747,,,,,,,,,,,,,,,,,,,,,,,-0.421693,0.388631,0.969046,-68.250000,-0.840000,392.700012
26748,,,,,,,,,,,,,,,,,,,,-1.095232,-0.902599,-1.666588,,,,,,
26755,,,,,,,,,,,,,,,,,,,,-1.095294,-0.907900,-1.612369,-0.310368,0.301767,0.901763,-60.830002,-50.470001,377.929993
26766,,,,,,,,,,,,,28.439404,48.244095,0.161469,0.091102,,,,-1.095084,-0.912667,-1.555889,,,,,,
26772,,,,,,,,,,,,,,,,,,,,,,,-0.273280,0.360510,0.916891,-18.410000,-42.840000,288.750000
26776,,,,,,,,,,,,,26.651899,46.583149,0.179317,0.107686,,,,-1.094474,-0.917965,-1.489105,,,,,,
26777,,,,,,,,,,,,,,,,,,,,,,,-0.273280,0.360510,0.916891,-11.900000,-42.630001,245.210007
26785,,,,,,,,,,,,,,,,,,,,,,,-0.273280,0.360510,0.916891,-17.990000,-23.730000,195.160004
26786,,,,,,,,,,,,,26.272879,45.241871,0.183101,0.121078,,,,,,,,,,,,
26791,,,,-1.120330,-0.883557,-1.568431,0.533168,1.217999,,,,,,,,,,,,,,,,,,,,
26792,,,,,,,,,,,29.912386,33.554790,,,,,-0.036844,-0.022923,-0.072571,,,,,,,,,
26788,,,,,,,,,,,,,,,,,,,,-1.093946,-0.922605,-1.455276,,,,,,
26796,,,,,,,,,,,,,25.938494,42.994003,0.159328,0.039971,,,,,,,,,,,,
26797,,,,,,,,,,,,,,,,,,,,,,,-0.203557,0.276696,1.069879,-16.100000,-18.410000,119.980003
26795,,,,,,,,,,,,,,,,,,,,-1.092959,-0.927278,-1.421836,,,,,,
26805,,,,,,,,,,,,,,,,,,,,,,,-0.203557,0.276696,1.069879,-12.530000,-25.340000,100.519997
26806,,,,,,,,,,,,,25.663319,41.110584,0.162075,0.058776,,,,-1.092049,-0.931687,-1.403504,,,,,,
26815,,,,,,,,,,,,,,,,,,,,,,,-0.128588,0.099369,0.931165,-7.420000,-7.630000,47.529999
26825,,,,,,,,,,,,,,,0.160754,0.084714,,,,,,,,,,,,
26826,,,,,,,,,,,,,25.795700,38.512856,,,,,,,,,,,,,,
26816,,,,,,,,,,,,,,,,,,,,-1.091172,-0.936075,-1.396573,,,,,,
26827,,,,,,,,,,,,,,,,,,,,-1.090322,-0.940230,-1.396716,,,,,,
26831,,,,,,,,,,,,,,,,,,,,,,,-0.217770,0.015067,0.976183,-5.040000,24.639999,-55.790001
26836,,,,,,,,,,,,,26.403788,35.537571,0.154682,0.114422,,,,,,,,,,,,
26837,,,,,,,,,,,,,,,,,,,,,,,-0.217770,0.015067,0.976183,-2.030000,32.480000,-76.440002
26838,,,,,,,,,,,,,,,,,,,,-1.089528,-0.944576,-1.404160,,,,,,
26841,,,,-1.119476,-0.905020,-1.489425,0.462158,1.448380,,,,,,,,,,,,,,,,,,,,
26842,,,,,,,,,,,24.801315,29.622940,,,,,-0.043868,-0.022813,-0.085085,,,,,,,,,
26846,,,,,,,,,,,,,27.156057,33.194584,0.075694,0.082830,,,,,,,,,,,,
26847,,,,,,,,,,,,,,,,,,,,,,,-0.188368,-0.043676,1.002352,20.440001,12.810000,-98.910004
26848,,,,,,,,,,,,,,,,,,,,-1.088836,-0.948842,-1.418711,,,,,,
26855,,,,,,,,,,,,,,,,,,,,,,,-0.188368,-0.043676,1.002352,1.260000,-10.850000,-115.220001
26856,,,,,,,,,,,,,26.689323,31.221537,0.080354,0.102530,,,,-1.088433,-0.952511,-1.444751,,,,,,
26865,,,,,,,,,,,,,,,,,,,,,,,-0.188368,-0.043676,0.960079,0.350000,-19.740000,-120.959999
26866,,,,,,,,,,,,,26.289661,29.007847,0.084345,0.124633,,,,-1.087928,-0.956287,-1.463901,,,,,,
26875,,,,,,,,,,,,,,,,,,,,,,,-0.157014,-0.076921,0.960079,21.770000,4.340000,-107.309998
26885,,,,,,,,,,,,,26.065470,27.507118,0.086583,0.139618,,,,,,,,,,,,
26877,,,,,,,,,,,,,,,,,,,,-1.087660,-0.960172,-1.482565,,,,,,
26891,,,,-1.117158,-0.923373,-1.396066,0.398579,1.718190,,,,,,,,,,,,,,,,,,,,
26892,,,,,,,,,,,18.251822,28.615267,,,,,-0.039963,-0.025919,0.078749,,,,,,,,,
26893,,,,,,,,,,,,,,,,,,,,,,,-0.272609,-0.124501,1.024190,14.000000,28.000000,-67.059998
26888,,,,,,,,,,,,,,,,,,,,-1.087223,-0.964064,-1.498423,,,,,,
26896,,,,,,,,,,,,,25.541828,26.754831,0.000218,0.133037,,,,,,,,,,,,
26895,,,,,,,,,,,,,,,,,,,,-1.087150,-0.967762,-1.505503,,,,,,
26898,,,,,,,,,,,,,,,,,,,,,,,-0.272609,-0.124501,1.024190,13.440000,11.830000,-58.799999
26905,,,,,,,,,,,,,,,,,,,,,,,-0.198067,-0.067588,0.996984,10.710000,-4.200000,-43.049999
26906,,,,,,,,,,,,,24.757496,25.778118,0.008050,0.142789,,,,-1.087259,-0.971050,-1.516931,,,,,,
26915,,,,,,,,,,,,,,,,,,,,,,,-0.198067,-0.067588,0.996984,3.710000,-16.799999,24.709999
26916,,,,,,,,,,,,,23.593451,25.004700,0.019672,0.150512,,,,-1.087154,-0.974153,-1.516017,,,,,,
26925,,,,,,,,,,,,,,,,,,,,,,,-0.298595,0.020984,0.967704,-7.350000,12.110000,71.820000
26926,,,,,,,,,,,,,22.043730,24.875305,0.035146,0.151804,,,,,,,,,,,,
26927,,,,,,,,,,,,,,,,,,,,-1.086563,-0.977177,-1.508043,,,,,,
26935,,,,,,,,,,,,,,,,,,,,,,,-0.298595,0.020984,0.967704,-11.480000,0.350000,112.209999
26947,,,,-1.113581,-0.938892,-1.287197,0.343001,2.020311,,,12.398414,26.827814,,,,,-0.040248,-0.024433,0.215729,,,,,,,,,
26948,,,,,,,,,,,,,,,-0.028758,0.129870,,,,,,,,,,,,
26949,,,,,,,,,,,,,20.245499,24.568451,,,,,,,,,,,,,,
26945,,,,,,,,,,,,,,,,,,,,-1.085599,-0.983203,-1.474308,,,,,,
26953,,,,,,,,,,,,,,,,,,,,,,,-0.261568,0.022692,1.028948,-16.309999,-10.290000,164.710007
26956,,,,,,,,,,,,,17.765295,25.056297,-0.003993,0.124999,,,,-1.085092,-0.986055,-1.444578,,,,,,
26958,,,,,,,,,,,,,,,,,,,,,,,-0.261568,0.022692,0.966789,-14.910000,-11.970000,174.860001
26965,,,,,,,,,,,,,,,,,,,,,,,-0.194285,0.084180,0.966789,-14.070000,-3.710000,194.389999
26966,,,,,,,,,,,,,15.496652,24.924908,0.018659,0.126311,,,,-1.084409,-0.988945,-1.415804,,,,,,
26975,,,,,,,,,,,,,,,,,,,,,,,-0.194285,0.084180,0.966789,-32.970001,21.629999,252.699997
26976,,,,,,,,,,,,,13.588092,24.267082,0.037715,0.132880,,,,-1.083544,-0.991818,-1.368705,,,,,,
26985,,,,,,,,,,,,,,,,,,,,,,,-0.307135,0.096014,1.022055,-33.459999,-5.810000,255.919998
26986,,,,,,,,,,,,,11.981677,24.258926,0.053755,0.132961,,,,,,,,,,,,
26987,,,,,,,,,,,,,,,,,,,,-1.082656,-0.994361,-1.323213,,,,,,
26991,,,,-1.108949,-0.951864,-1.163187,0.295764,2.333533,,,,,,,,,,,,,,,,,,,,
26992,,,,,,,,,,,9.474199,24.131533,,,,,-0.047344,-0.015209,0.165007,,,,,,,,,
27006,,,,,,,,,,,,,10.357996,24.560675,0.029072,0.092241,,,,,,,,,,,,
26998,,,,,,,,,,,,,,,,,,,,-1.081632,-0.996768,-1.281652,,,,,,
27007,,,,,,,,,,,,,,,,,,,,,,,-0.307135,0.108641,0.973133,-30.870001,-12.530000,261.100006
27005,,,,,,,,,,,,,,,,,,,,-1.080505,-0.998854,-1.240813,,,,,,
27012,,,,,,,,,,,,,,,,,,,,,,,-0.205082,0.108641,0.973133,-36.820000,-8.960000,254.309998
27016,,,,,,,,,,,,,8.715217,24.402044,0.045475,0.093825,,,,,,,,,,,,
27017,,,,,,,,,,,,,,,,,,,,,,,-0.163480,0.117608,1.034011,-33.529999,-10.920000,254.869995
27018,,,,,,,,,,,,,,,,,,,,-1.079362,-1.000762,-1.200067,,,,,,
27025,,,,,,,,,,,,,,,,,,,,-1.077997,-1.002582,-1.160570,-0.163480,0.117608,1.034011,-27.020000,-9.800000,253.960007
27026,,,,,,,,,,,,,7.881309,23.821836,0.053801,0.099618,,,,,,,,,,,,
27035,,,,,,,,,,,,,,,,,,,,,,,-0.163480,0.024461,0.943975,-22.120001,1.470000,236.320007
27036,,,,,,,,,,,,,7.180100,23.336302,0.060803,0.104466,,,,-1.076599,-1.004633,-1.114080,,,,,,
27041,,,,-1.103462,-0.962573,-1.026841,0.256908,2.617687,,,7.199193,21.907087,,,,,,,,,,,,,,,,
27042,,,,,,,,,,,,,,,,,-0.049589,-0.005576,0.091916,,,,,,,,,
27046,,,,,,,,,,,,,6.589662,22.925121,0.034883,0.077464,,,,-1.075071,-1.006644,-1.065297,,,,,,
27047,,,,,,,,,,,,,,,,,,,,,,,-0.175375,0.024461,0.943975,-20.860001,15.750000,216.509995
27055,,,,,,,,,,,,,,,,,,,,,,,-0.163724,0.103273,0.974292,-20.020000,13.230000,214.270004
27066,,,,,,,,,,,,,5.544541,22.357828,0.045318,0.083128,,,,,,,,,,,,
27057,,,,,,,,,,,,,,,,,,,,-1.073519,-1.008449,-1.023694,,,,,,
27067,,,,,,,,,,,,,,,,,,,,-1.072127,-1.009984,-0.989079,,,,,,
27071,,,,,,,,,,,,,,,,,,,,,,,-0.163724,0.103273,0.974292,-19.180000,-9.170000,180.740005
27076,,,,,,,,,,,,,4.665176,21.430878,0.054098,0.092383,,,,,,,-0.184098,-0.007930,1.012234,-16.450001,-7.770000,168.910004
27078,,,,,,,,,,,,,,,,,,,,-1.070923,-1.011309,-0.957743,,,,,,
27085,,,,,,,,,,,,,,,,,,,,-1.069958,-1.012549,-0.929199,-0.184098,-0.007930,1.012234,-14.840000,-6.300000,155.960007
27086,,,,,,,,,,,,,3.925278,20.778826,0.061486,0.098894,,,,,,,,,,,,
27091,,,,-1.097311,-0.971302,-0.883780,0.226094,2.817133,,,,,,,,,,,,,,,,,,,,
27092,,,,,,,,,,,5.212643,20.230621,,,,,-0.049395,0.002827,0.047462,,,,,,,,,
27096,,,,,,,,,,,,,3.850890,20.224106,0.034447,0.080988,,,,,,,,,,,,
27097,,,,,,,,,,,,,,,,,,,,,,,-0.176961,0.079178,1.004304,-13.510000,-1.960000,151.410004
27095,,,,,,,,,,,,,,,,,,,,-1.068572,-1.013702,-0.904983,,,,,,
27105,,,,,,,,,,,,,,,,,,,,,,,-0.176961,0.079178,1.004304,-18.340000,-0.070000,155.960007
27106,,,,,,,,,,,,,3.240138,19.208321,0.040546,0.091130,,,,-1.067290,-1.014821,-0.877211,,,,,,
27115,,,,,,,,,,,,,,,,,,,,,,,-0.185135,0.023790,1.025837,-16.030001,2.940000,165.970001
27126,,,,,,,,,,,,,2.726252,18.623152,0.045677,0.096973,,,,-1.064817,-1.016734,-0.819566,,,,,,
27116,,,,,,,,,,,,,,,,,,,,-1.066066,-1.015794,-0.849791,,,,,,
27131,,,,,,,,,,,,,,,,,,,,,,,-0.192455,0.027145,0.992165,-17.709999,-1.750000,160.649994
27136,,,,,,,,,,,,,2.293868,17.800177,0.049994,0.105190,,,,-1.063706,-1.017472,-0.789451,-0.192455,0.027145,0.992165,-17.570000,-8.890000,157.429993
27141,,,,-1.090675,-0.978319,-0.741588,0.202532,2.879345,,,3.693628,18.984215,,,,,,,,,,,,,,,,
27142,,,,,,,,,,,,,,,,,-0.046803,0.008606,0.047007,,,,,,,,,
27146,,,,,,,,,,,,,1.930060,17.803219,0.032383,0.087729,,,,,,,,,,,,
27147,,,,,,,,,,,,,,,,,,,,-1.062692,-1.017962,-0.762273,-0.192455,0.027145,1.000522,-15.540000,-13.160000,152.949997
27155,,,,,,,,,,,,,,,,,,,,,,,-0.146156,0.039345,1.000522,-14.840000,-13.720000,149.100006
27166,,,,,,,,,,,,,1.623952,17.172270,0.035440,0.094029,,,,,,,,,,,,
27157,,,,,,,,,,,,,,,,,,,,-1.061689,-1.018672,-0.738126,,,,,,
27168,,,,,,,,,,,,,,,,,,,,-1.060565,-1.019193,-0.711355,,,,,,
27171,,,,,,,,,,,,,,,,,,,,,,,-0.126209,0.011834,1.034255,-16.309999,-16.240000,141.750000
27176,,,,,,,,,,,,,1.366393,16.572550,0.038011,0.100017,,,,,,,-0.126209,0.011834,1.034255,-16.309999,-16.450001,138.250000
27175,,,,,,,,,,,,,,,,,,,,-1.059705,-1.019701,-0.688051,,,,,,
27185,,,,,,,,,,,,,,,,,,,,,,,-0.126209,0.011834,1.017114,-17.430000,-17.430000,132.229996
27186,,,,,,,,,,,,,1.149683,16.197811,0.040175,0.103758,,,,,,,,,,,,
27191,,,,-1.083722,-0.983880,-0.607847,0.185002,2.782312,,,2.825966,17.905731,,,,,,,,,,,,,,,,
27192,,,,,,,,,,,,,,,,,-0.041467,0.012682,0.076263,,,,,,,,,
27188,,,,,,,,,,,,,,,,,,,,-1.058672,-1.020108,-0.661305,,,,,,
27196,,,,,,,,,,,,,0.967343,15.273485,0.029862,0.097905,,,,-1.057881,-1.020445,-0.643684,,,,,,
27197,,,,,,,,,,,,,,,,,,,,,,,-0.129198,0.023546,1.017114,-14.840000,-20.090000,132.860001
27205,,,,,,,,,,,,,,,,,,,,,,,-0.098759,0.012993,1.007110,-13.020000,-27.230000,134.960007
27206,,,,,,,,,,,,,0.813922,15.047069,0.031394,0.100166,,,,-1.057083,-1.020774,-0.620689,,,,,,
27215,,,,,,,,,,,,,,,,,,,,,,,-0.098759,0.012993,1.007110,-11.410000,-33.459999,135.940002
27226,,,,,,,,,,,,,0.684834,14.557020,0.032683,0.105059,,,,,,,,,,,,
27217,,,,,,,,,,,,,,,,,,,,-1.056201,-1.021123,-0.594506,,,,,,
27227,,,,,,,,,,,,,,,,,,,,-1.055433,-1.021355,-0.568215,,,,,,
27231,,,,,,,,,,,,,,,,,,,,,,,-0.091256,0.010858,1.019249,-9.030000,-41.720001,134.889999
27236,,,,,,,,,,,,,,,,,,,,,,,-0.091256,0.010858,1.019249,-8.610000,-44.380001,136.009995
27237,,,,,,,,,,,,,0.576219,14.341062,0.033767,0.107215,,,,,,,,,,,,
27235,,,,,,,,,,,,,,,,,,,,-1.054726,-1.021393,-0.544950,,,,,,
27241,,,,-1.076603,-0.988218,-0.488151,0.172009,2.548380,,,2.883524,16.533033,,,,,-0.036007,0.017159,0.057155,,,,,,,,,
27246,,,,,,,,,,,,,0.484831,13.829224,0.035484,0.093129,,,,,,,,,,,,
27247,,,,,,,,,,,,,,,,,,,,,,,-0.071309,0.010187,1.010892,-6.440000,-53.130001,142.660004
27245,,,,,,,,,,,,,,,,,,,,-1.054152,-1.021556,-0.524651,,,,,,
27255,,,,,,,,,,,,,,,,,,,,,,,-0.071309,0.010187,1.010892,-6.230000,-59.290001,143.220001
27256,,,,,,,,,,,,,0.407937,13.828772,0.036252,0.093134,,,,-1.053480,-1.021696,-0.498716,,,,,,
27265,,,,,,,,,,,,,,,,,,,,,,,-0.063379,0.011346,1.027972,-6.090000,-62.930000,140.630005
27266,,,,,,,,,,,,,0.343238,13.830380,0.036898,0.093117,,,,-1.052905,-1.021792,-0.475606,,,,,,
27275,,,,,,,,,,,,,,,,,,,,,,,-0.063379,0.011346,1.027972,-5.250000,-64.470001,137.199997
27285,,,,,,,,,,,,,0.288800,13.321990,0.037442,0.098194,,,,,,,,,,,,
27277,,,,,,,,,,,,,,,,,,,,-1.052341,-1.021866,-0.449781,,,,,,
27287,,,,,,,,,,,,,,,,,,,,-1.051811,-1.021886,-0.426979,,,,,,
27291,,,,-1.069453,-0.991546,-0.385253,0.162032,2.230483,,,3.342638,15.190948,,,,,,,,,,,,,,,,
27292,,,,,,,,,,,,,,,,,-0.028839,0.020435,0.040935,,,,,,,,,
27293,,,,,,,,,,,,,,,,,,,,,,,-0.063135,0.016348,1.022665,-2.660000,-38.990002,126.699997
27296,,,,,,,,,,,,,0.242997,13.287728,0.044320,0.079767,,,,,,,,,,,,
27298,,,,,,,,,,,,,,,,,,,,,,,-0.063135,0.005002,0.998143,-3.080000,5.740000,121.099998
27297,,,,,,,,,,,,,,,,,,,,-1.051137,-1.021960,-0.404306,,,,,,
27305,,,,,,,,,,,,,,,,,,,,,,,-0.003660,0.005002,0.998143,-4.340000,16.170000,120.470001
27306,,,,,,,,,,,,,0.204457,12.276394,0.044704,0.089865,,,,,,,,,,,,
27307,,,,,,,,,,,,,,,,,,,,-1.050179,-1.022187,-0.384644,,,,,,
27315,,,,,,,,,,,,,,,,,,,,-1.049190,-1.022525,-0.364875,-0.003660,0.005002,0.998143,-2.310000,19.740000,106.610001
27316,,,,,,,,,,,,,0.172030,11.974502,0.045028,0.092879,,,,,,,,,,,,
27325,,,,,,,,,,,,,,,,,,,,-1.048030,-1.022786,-0.345271,0.005673,-0.016836,1.031510,-3.710000,7.840000,94.220001
27326,,,,,,,,,,,,,0.144746,11.171004,0.045301,0.100902,,,,,,,,,,,,
27335,,,,,,,,,,,,,,,,,,,,,,,0.005673,-0.016836,1.031510,-6.020000,2.240000,93.379997
27348,,,,,,,,,,,,,0.121790,10.867185,0.045530,0.103935,,,,,,,,,,,,
27350,,,,-1.062391,-0.994055,-0.299450,0.153753,1.884748,,,,,,,,,,,,,,,,,,,,
27351,,,,,,,,,,,3.837468,13.930586,,,,,-0.023263,0.022280,0.043773,,,,,,,,,
27346,,,,,,,,,,,,,,,,,,,,-1.046008,-1.023164,-0.306076,,,,,,
27356,,,,,,,,,,,,,,,,,,,,-1.045277,-1.023288,-0.292039,-0.023424,-0.017019,1.019554,-1.400000,-6.720000,100.029999
27357,,,,,,,,,,,,,0.102474,11.119733,0.052643,0.083788,,,,,,,,,,,,
27362,,,,,,,,,,,,,,,,,,,,,,,-0.016531,-0.017019,1.019554,-1.470000,-8.050000,103.459999
27366,,,,,,,,,,,,,0.086221,10.534424,0.052805,0.089632,,,,,,,,,,,,
27367,,,,,,,,,,,,,,,,,,,,-1.044439,-1.023389,-0.272381,-0.016531,-0.017019,1.019554,-2.450000,-8.190000,107.379997
27375,,,,,,,,,,,,,,,,,,,,,,,-0.010004,0.016775,1.017175,-1.540000,-8.540000,107.239998
27376,,,,,,,,,,,,,0.072547,10.505007,0.052942,0.089926,,,,,,,,,,,,
27377,,,,,,,,,,,,,,,,,,,,-1.043585,-1.023439,-0.252759,,,,,,
27385,,,,,,,,,,,,,,,,,,,,,,,-0.010004,0.016775,1.017175,-1.680000,0.770000,99.400002
27386,,,,,,,,,,,,,0.061041,10.486214,0.053057,0.090114,,,,,,,,,,,,
27384,,,,,,,,,,,,,,,,,,,,-1.042661,-1.023542,-0.233309,,,,,,
27391,,,,-1.055517,-0.995910,-0.229482,0.146175,1.551871,,,4.508764,12.547911,,,,,-0.018825,0.023968,0.004475,,,,,,,,,
27405,,,,,,,,,,,,,0.051360,10.227937,0.062541,0.073356,,,,,,,,,,,,
27398,,,,,,,,,,,,,,,,,,,,-1.041655,-1.023589,-0.216603,,,,,,
27407,,,,,,,,,,,,,,,,,,,,,,,-0.012322,-0.009211,1.015650,-0.980000,0.910000,98.489998
27408,,,,,,,,,,,,,,,,,,,,-1.040733,-1.023776,-0.199886,,,,,,
27412,,,,,,,,,,,,,,,,,,,,,,,-0.015616,0.012810,1.031144,-2.450000,3.080000,97.510002
27416,,,,,,,,,,,,,0.043214,9.644791,0.062622,0.079179,,,,,,,,,,,,
27417,,,,,,,,,,,,,,,,,,,,,,,-0.015616,0.012810,1.031144,-2.450000,4.550000,95.900002
27415,,,,,,,,,,,,,,,,,,,,-1.039724,-1.023791,-0.180342,,,,,,
27425,,,,,,,,,,,,,,,,,,,,-1.038798,-1.023912,-0.163767,-0.015616,0.012810,1.031144,-2.870000,4.830000,92.120003
27426,,,,,,,,,,,,,0.036360,9.210676,0.062691,0.083513,,,,,,,,,,,,
27435,,,,,,,,,,,,,,,,,,,,,,,-0.034892,-0.005917,1.019005,-2.800000,5.320000,86.029999
27436,,,,,,,,,,,,,0.030594,9.398827,0.062748,0.081634,,,,-1.038050,-1.024020,-0.147020,,,,,,
27441,,,,-1.048915,-0.997252,-0.173384,0.138644,1.253586,,,,,,,,,,,,,,,,,,,,
27442,,,,,,,,,,,5.029574,11.288815,,,,,-0.014585,0.024929,-0.026774,,,,,,,,,
27446,,,,,,,,,,,,,0.025741,9.006595,0.070080,0.067943,,,,-1.037259,-1.024016,-0.136029,,,,,,
27447,,,,,,,,,,,,,,,,,,,,,,,-0.034892,-0.005917,1.019005,-2.520000,5.250000,82.599998
27455,,,,,,,,,,,,,,,,,,,,,,,-0.032452,0.004209,1.024556,-3.640000,-6.230000,88.480003
27478,,,,,,,,,,,,,0.365805,8.610587,0.066685,0.071897,,,,,,,,,,,,
27467,,,,,,,,,,,,,,,,,,,,-1.035661,-1.023981,-0.102632,,,,,,
27477,,,,,,,,,,,,,,,,,,,,-1.035040,-1.023978,-0.088779,,,,,,
27483,,,,,,,,,,,,,,,,,,,,,,,-0.042273,-0.003050,1.020164,-1.120000,-2.170000,70.699997
27486,,,,,,,,,,,,,0.307789,7.907166,0.067264,0.078920,,,,,,,,,,,,
27485,,,,,,,,,,,,,,,,,,,,-1.034336,-1.023941,-0.077794,,,,,,
27488,,,,,,,,,,,,,,,,,,,,,,,0.010004,-0.014762,1.028521,-1.540000,-10.010000,53.900002
27491,,,,-1.042654,-0.998202,-0.129031,0.130795,0.997514,,,5.383573,10.152644,,,,,-0.010246,0.025062,-0.051714,,,,,,,,,
27496,,,,,,,,,,,,,0.800269,7.735680,0.067297,0.064743,,,,,,,0.010004,-0.014762,1.028521,-0.980000,-4.480000,28.070000
27495,,,,,,,,,,,,,,,,,,,,-1.033748,-1.023891,-0.069523,,,,,,
27501,,,,,,,,,,,,,,,,,,,,,,,0.010004,-0.014762,1.028521,-1.540000,3.430000,26.250000
27506,,,,,,,,,,,,,0.673346,8.139657,0.068565,0.060710,,,,,,,-0.027023,-0.003660,0.997960,-0.140000,10.430000,24.850000
27505,,,,,,,,,,,,,,,,,,,,-1.033027,-1.023928,-0.066753,,,,,,
27515,,,,,,,,,,,,,,,,,,,,,,,-0.027023,-0.003660,0.997960,-0.490000,6.580000,32.060001
27526,,,,,,,,,,,,,0.847419,7.129572,0.066827,0.070795,,,,-1.031499,-1.023947,-0.055639,,,,,,
27516,,,,,,,,,,,,,,,,,,,,-1.032275,-1.023937,-0.063883,,,,,,
27531,,,,,,,,,,,,,,,,,,,,,,,-0.019947,-0.007808,1.040782,-1.960000,3.710000,32.270000
27536,,,,,,,,,,,,,0.713019,6.521466,0.068169,0.076867,,,,-1.030898,-1.023940,-0.052907,-0.019947,-0.007808,1.040782,-1.330000,4.410000,27.790001
27541,,,,-1.036785,-0.998857,-0.094423,0.122474,0.783286,,,5.457792,9.207341,,,,,-0.007094,0.024775,-0.044245,,,,,,,,,
27546,,,,,,,,,,,,,0.599934,6.604516,0.070336,0.062818,,,,,,,,,,,,
27547,,,,,,,,,,,,,,,,,,,,-1.030248,-1.023929,-0.047403,-0.058560,-0.002745,1.014491,-1.610000,12.250000,24.010000
27555,,,,,,,,,,,,,,,,,,,,,,,-0.058560,-0.002745,1.014491,-1.260000,14.420000,24.709999
27556,,,,,,,,,,,,,0.504784,6.105421,0.071286,0.067801,,,,,,,,,,,,
27557,,,,,,,,,,,,,,,,,,,,-1.029623,-1.023942,-0.041948,,,,,,
27565,,,,,,,,,,,,,,,,,,,,,,,-0.079239,-0.006588,1.020408,-3.080000,15.190000,28.139999
27566,,,,,,,,,,,,,1.518515,6.230890,0.061164,0.066548,,,,,,,,,,,,
27567,,,,,,,,,,,,,,,,,,,,-1.029013,-1.023937,-0.033723,,,,,,
27575,,,,,,,,,,,,,,,,,,,,,,,-0.079239,-0.006588,1.020408,-1.330000,-0.350000,37.169998
27586,,,,,,,,,,,,,1.556745,5.521737,0.060782,0.073629,,,,,,,,,,,,
27578,,,,,,,,,,,,,,,,,,,,-1.028512,-1.023899,-0.030888,,,,,,
27591,,,,-1.031348,-0.999297,-0.067786,0.113674,0.606968,,,5.421697,8.326962,,,,,,,,,,,,,,,,
27592,,,,,,,,,,,,,,,,,-0.003593,0.024520,-0.038541,,,,,,,,,
27593,,,,,,,,,,,,,,,,,,,,,,,0.019154,-0.008784,1.025532,-0.910000,-31.850000,8.190000
27588,,,,,,,,,,,,,,,,,,,,-1.028140,-1.023925,-0.025253,,,,,,
27596,,,,,,,,,,,,,1.837095,5.700487,0.057478,0.059533,,,,,,,,,,,,
27595,,,,,,,,,,,,,,,,,,,,-1.027914,-1.023955,-0.025126,,,,,,
27598,,,,,,,,,,,,,,,,,,,,,,,0.019154,-0.008784,1.025532,-0.070000,-19.809999,6.580000
27604,,,,,,,,,,,,,,,,,,,,,,,-0.042639,-0.008723,1.027118,-0.350000,-15.190000,5.740000
27606,,,,,,,,,,,,,1.545731,5.346044,0.060387,0.063072,,,,-1.027624,-1.023964,-0.025093,,,,,,
27615,,,,,,,,,,,,,,,,,,,,,,,-0.042639,-0.008723,1.027118,0.280000,-2.310000,12.180000
27626,,,,,,,,,,,,,1.842358,4.769051,0.057426,0.068833,,,,,,,,,,,,
27616,,,,,,,,,,,,,,,,,,,,-1.027314,-1.023944,-0.022331,,,,,,
27627,,,,,,,,,,,,,,,,,,,,-1.026766,-1.023981,-0.016759,,,,,,
27631,,,,,,,,,,,,,,,,,,,,,,,-0.007381,-0.007564,1.006378,-1.190000,8.330000,21.629999
27636,,,,,,,,,,,,,,,,,,,,,,,-0.007381,-0.007564,1.006378,0.140000,6.300000,17.010000
27637,,,,,,,,,,,,,1.550160,4.535574,0.060343,0.071164,,,,-1.026286,-1.023930,-0.014085,,,,,,
27641,,,,-1.026368,-0.999583,-0.047602,0.104474,0.463554,,,5.277208,7.489523,,,,,-0.000421,0.024345,-0.034701,,,,,,,,,
27646,,,,,,,,,,,,,,,,,,,,,,,-0.022204,-0.015433,1.022726,-0.140000,1.680000,1.330000
27647,,,,,,,,,,,,,1.843776,4.355703,0.055391,0.061248,,,,,,,,,,,,
27648,,,,,,,,,,,,,,,,,,,,-1.025886,-1.023914,-0.014082,,,,,,
27655,,,,,,,,,,,,,,,,,,,,,,,-0.022204,-0.015433,1.022726,-0.490000,2.940000,-0.770000
27656,,,,,,,,,,,,,1.551353,4.261909,0.058311,0.062185,,,,,,,,,,,,
27658,,,,,,,,,,,,,,,,,,,,-1.025431,-1.023953,-0.011314,,,,,,
27665,,,,,,,,,,,,,,,,,,,,,,,-0.032330,-0.001525,1.018334,-0.770000,-7.350000,13.510000
27666,,,,,,,,,,,,,1.305308,4.129969,0.060767,0.063502,,,,-1.025007,-1.023962,-0.011347,,,,,,
27675,,,,,,,,,,,,,,,,,,,,,,,-0.032330,-0.001525,1.026386,-0.980000,0.000000,13.160000
27686,,,,,,,,,,,,,1.098286,3.474956,0.062834,0.070043,,,,,,,,,,,,
27676,,,,,,,,,,,,,,,,,,,,-1.024594,-1.023924,-0.011286,,,,,,
27687,,,,,,,,,,,,,,,,,,,,-1.024184,-1.023892,-0.008518,,,,,,
27691,,,,-1.021862,-0.999763,-0.032581,0.095000,0.348131,,,5.019558,6.707068,,,,,0.002173,0.024148,-0.025650,,,,,,,,,
27692,,,,,,,,,,,,,,,,,,,,,,,-0.023363,-0.014518,1.026386,-1.330000,10.710000,18.830000
27696,,,,,,,,,,,,,1.464856,3.464585,0.055571,0.059204,,,,,,,,,,,,
27697,,,,,,,,,,,,,,,,,,,,,,,-0.065636,-0.008235,1.017785,0.210000,9.870000,14.980000
27698,,,,,,,,,,,,,,,,,,,,-1.023752,-1.023838,-0.005777,,,,,,
27705,,,,,,,,,,,,,,,,,,,,-1.023423,-1.023850,-0.003036,-0.065636,-0.008235,1.017785,-0.560000,9.520000,13.020000
27706,,,,,,,,,,,,,1.232530,2.915102,0.057891,0.064690,,,,,,,,,,,,
27715,,,,,,,,,,,,,,,,,,,,,,,-0.046421,-0.007076,1.019920,-0.070000,8.190000,9.800000
27716,,,,,,,,,,,,,1.037050,3.550082,0.059843,0.058350,,,,-1.023162,-1.023799,-0.000299,,,,,,
27725,,,,,,,,,,,,,,,,,,,,,,,-0.046421,-0.007076,1.019920,-0.560000,8.400000,12.180000
27726,,,,,,,,,,,,,0.872574,2.987039,0.061485,0.063972,,,,,,,,,,,,
27727,,,,,,,,,,,,,,,,,,,,-1.022916,-1.023771,-0.000322,,,,,,
27735,,,,,,,,,,,,,,,,,,,,,,,-0.037942,-0.009455,1.026874,-0.910000,-8.470000,26.600000
27747,,,,-1.017833,-0.999871,-0.021640,0.085396,0.256305,,,4.719288,5.962637,,,,,0.005080,0.023906,-0.022503,,,,,,,,,
27748,,,,,,,,,,,,,1.223067,2.757736,0.053786,0.055851,,,,-1.022486,-1.023781,0.010805,,,,,,
27737,,,,,,,,,,,,,,,,,,,,-1.022616,-1.023813,0.007984,,,,,,
27753,,,,,,,,,,,,,,,,,,,,,,,-0.010858,-0.012078,1.027789,-0.140000,-26.530001,-3.430000
27756,,,,,,,,,,,,,1.029089,2.320359,0.055723,0.060218,,,,,,,,,,,,
27758,,,,,,,,,,,,,,,,,,,,-1.022470,-1.023778,0.013651,-0.010858,-0.012078,1.027789,0.420000,-22.330000,-11.830000
27765,,,,,,,,,,,,,,,,,,,,-1.022451,-1.023830,0.010936,-0.010858,-0.012078,1.027789,0.350000,-16.240000,-13.090000
27766,,,,,,,,,,,,,0.865875,1.952349,0.057353,0.063892,,,,,,,,,,,,
27775,,,,,,,,,,,,,,,,,,,,,,,-0.014762,-0.009699,1.013271,0.140000,9.170000,-13.930000
27776,,,,,,,,,,,,,0.728547,1.642706,0.058724,0.066984,,,,-1.022258,-1.023813,0.008169,,,,,,
27785,,,,,,,,,,,,,,,,,,,,,,,-0.014762,-0.009699,1.013271,0.420000,14.350000,-15.190000
27786,,,,,,,,,,,,,0.612999,1.382173,0.059877,0.069585,,,,,,,,,,,,
27787,,,,,,,,,,,,,,,,,,,,-1.022004,-1.023792,0.005375,,,,,,
27791,,,,-1.014280,-0.999934,-0.013877,0.075809,0.184277,,,4.368591,5.264919,,,,,0.007864,0.023813,-0.019506,,,,,,,,,
27805,,,,,,,,,,,,,0.804998,1.741400,0.053056,0.056241,,,,-1.021528,-1.023820,-0.000295,,,,,,
27795,,,,,,,,,,,,,,,,,,,,-1.021717,-1.023793,0.002527,,,,,,
27807,,,,,,,,,,,,,,,,,,,,,,,-0.040077,-0.011041,1.015955,0.140000,10.430000,-13.300000
27812,,,,,,,,,,,,,,,,,,,,,,,-0.052033,-0.007564,1.018456,0.000000,9.590000,-2.660000
27816,,,,,,,,,,,,,0.677325,1.465214,0.054331,0.058999,,,,-1.021290,-1.023794,-0.003044,,,,,,
27817,,,,,,,,,,,,,,,,,,,,,,,-0.052033,-0.007564,1.018456,-0.770000,0.910000,12.460000
27825,,,,,,,,,,,,,,,,,,,,,,,-0.052033,-0.007564,1.018456,-0.560000,-7.490000,23.730000
27826,,,,,,,,,,,,,0.569901,1.786735,0.055403,0.055788,,,,,,,,,,,,
27827,,,,,,,,,,,,,,,,,,,,-1.021137,-1.023747,0.002470,,,,,,
27835,,,,,,,,,,,,,,,,,,,,,,,-0.012139,-0.005124,1.031693,-0.210000,-15.050000,26.809999
27836,,,,,,,,,,,,,0.479515,1.503358,0.056306,0.058618,,,,,,,,,,,,
27837,,,,,,,,,,,,,,,,,,,,-1.021123,-1.023730,0.007958,,,,,,
27841,,,,-1.011192,-0.999968,-0.008535,0.066377,0.128780,,,3.976694,4.604399,,,,,0.010142,0.023680,-0.017139,,,,,,,,,
27846,,,,,,,,,,,,,0.403464,1.814248,0.051585,0.046277,,,,,,,,,,,,
27847,,,,,,,,,,,,,,,,,,,,-1.021137,-1.023748,0.013599,-0.003599,-0.007015,1.021811,-0.910000,-13.650000,29.959999
27855,,,,,,,,,,,,,,,,,,,,,,,-0.003599,-0.007015,1.021811,-0.560000,-12.110000,24.080000
27865,,,,,,,,,,,,,0.339474,1.526508,0.052223,0.049150,,,,,,,,,,,,
27857,,,,,,,,,,,,,,,,,,,,-1.021061,-1.023708,0.019187,,,,,,
27867,,,,,,,,,,,,,,,,,,,,-1.020919,-1.023692,0.021955,,,,,,
27870,,,,,,,,,,,,,,,,,,,,,,,-0.027633,-0.014640,1.021506,-0.420000,6.370000,13.020000
27875,,,,,,,,,,,,,,,,,,,,-1.020652,-1.023666,0.024696,-0.027633,-0.014640,1.021506,-0.420000,9.660000,4.550000
27876,,,,,,,,,,,,,0.285634,1.284404,0.052761,0.051567,,,,,,,,,,,,
27885,,,,,,,,,,,,,,,,,,,,-1.020434,-1.023689,0.027494,-0.033550,-0.011773,1.014735,-0.070000,9.590000,0.070000
27886,,,,,,,,,,,,,0.240332,1.080697,0.053213,0.053601,,,,,,,,,,,,
27891,,,,-1.008552,-0.999986,-0.004994,0.057224,0.086974,,,3.597579,3.966937,,,,,0.012522,0.023382,-0.031593,,,,,,,,,
27896,,,,,,,,,,,,,0.202215,0.909298,0.048292,0.046397,,,,-1.020250,-1.023677,0.024749,,,,,,
27897,,,,,,,,,,,,,,,,,,,,,,,-0.033550,-0.011773,1.014735,0.140000,12.040000,1.120000
27905,,,,,,,,,,,,,,,,,,,,,,,-0.053741,-0.009638,1.019676,0.000000,7.560000,-0.980000
27906,,,,,,,,,,,,,0.170144,0.765083,0.048612,0.047837,,,,-1.020200,-1.023614,0.024728,,,,,,
27915,,,,,,,,,,,,,,,,,,,,,,,-0.053741,-0.009638,1.019676,0.000000,0.070000,-0.980000
27924,,,,,,,,,,,,,0.143159,0.643741,0.048882,0.049049,,,,,,,,,,,,
27916,,,,,,,,,,,,,,,,,,,,-1.020176,-1.023611,0.021938,,,,,,
27929,,,,,,,,,,,,,,,,,,,,,,,-0.039162,-0.011041,1.024861,0.140000,-3.220000,0.140000
27927,,,,,,,,,,,,,,,,,,,,-1.020188,-1.023613,0.021938,,,,,,
27935,,,,,,,,,,,,,,,,,,,,,,,-0.039162,-0.011041,1.024861,0.280000,-5.320000,-0.910000
27936,,,,,,,,,,,,,0.120454,0.541644,0.049109,0.050068,,,,,,,,,,,,
27937,,,,,,,,,,,,,,,,,,,,-1.020230,-1.023611,0.021938,,,,,,
27941,,,,-1.006338,-0.999994,-0.002750,0.048460,0.056361,,,,,,,,,,,,,,,,,,,,
27942,,,,,,,,,,,3.167896,3.409978,,,,,0.014419,0.023303,-0.025426,,,,,,,,,
27946,,,,,,,,,,,,,0.101350,0.455739,0.043290,0.043137,,,,,,,,,,,,
27947,,,,,,,,,,,,,,,,,,,,,,,-0.034160,-0.009760,1.021262,0.210000,-11.550000,0.350000
27948,,,,,,,,,,,,,,,,,,,,-1.020270,-1.023665,0.024723,,,,,,
27955,,,,,,,,,,,,,,,,,,,,,,,-0.034160,-0.009760,1.021262,0.280000,-11.830000,0.420000
27965,,,,,,,,,,,,,0.085276,0.383459,0.043451,0.043859,,,,,,,,,,,,
27959,,,,,,,,,,,,,,,,,,,,-1.020436,-1.023685,0.027494,,,,,,
27966,,,,,,,,,,,,,,,,,,,,-1.020566,-1.023669,0.024726,,,,,,
27970,,,,,,,,,,,,,,,,,,,,,,,-0.034648,-0.012078,1.025410,0.350000,-8.820000,-3.290000
27975,,,,,,,,,,,,,,,,,,,,,,,-0.034648,-0.012078,1.025410,0.350000,-6.300000,-3.920000
27976,,,,,,,,,,,,,0.071751,0.322642,0.043586,0.044466,,,,,,,,,,,,
27977,,,,,,,,,,,,,,,,,,,,-1.020740,-1.023670,0.024723,,,,,,
27985,,,,,,,,,,,,,,,,,,,,,,,-0.004941,-0.009394,1.021567,0.140000,-0.280000,-3.570000
27986,,,,,,,,,,,,,0.060371,0.271471,0.043699,0.044977,,,,,,,,,,,,
27987,,,,,,,,,,,,,,,,,,,,-1.020815,-1.023674,0.024723,,,,,,
27991,,,,-1.004524,-0.999998,-0.001404,0.040181,0.034724,,,2.766805,2.904570,,,,,0.016810,0.023263,-0.026129,,,,,,,,,
27996,,,,,,,,,,,,,0.050796,0.228416,0.038186,0.038339,,,,,,,,,,,,
27997,,,,,,,,,,,,,,,,,,,,,,,0.006283,-0.008845,1.012905,0.280000,3.010000,-3.010000
27998,,,,,,,,,,,,,,,,,,,,-1.020822,-1.023664,0.021955,,,,,,
28005,,,,,,,,,,,,,,,,,,,,,,,0.006283,-0.008845,1.012905,0.000000,1.190000,-1.820000
28006,,,,,,,,,,,,,0.042740,0.192189,0.038266,0.038701,,,,,,,,,,,,
28008,,,,,,,,,,,,,,,,,,,,-1.020781,-1.023680,0.021955,,,,,,
28015,,,,,,,,,,,,,,,,,,,,,,,-0.014030,-0.011468,1.025654,0.070000,-0.350000,0.770000
28026,,,,,,,,,,,,,0.035962,0.161708,0.038334,0.039005,,,,,,,,,,,,
28016,,,,,,,,,,,,,,,,,,,,-1.020758,-1.023684,0.021955,,,,,,
28027,,,,,,,,,,,,,,,,,,,,-1.020755,-1.023687,0.021955,,,,,,
28031,,,,,,,,,,,,,,,,,,,,,,,-0.014030,-0.011468,1.025654,0.210000,-1.050000,-0.910000
28036,,,,,,,,,,,,,,,,,,,,,,,-0.018056,-0.009882,1.023641,0.140000,-0.840000,-0.210000
28037,,,,,,,,,,,,,0.030258,0.136061,0.038391,0.039261,,,,-1.020760,-1.023686,0.021955,,,,,,
28041,,,,-1.003080,-0.999999,-0.000653,0.032475,0.020093,,,2.356831,2.433651,,,,,,,,,,,,,,,,
28042,,,,,,,,,,,,,,,,,0.018197,0.023286,-0.022927,,,,,,,,,
28046,,,,,,,,,,,,,0.025459,0.114482,0.032705,0.032891,,,,,,,,,,,,
28047,,,,,,,,,,,,,,,,,,,,,,,-0.018056,-0.009882,1.023641,0.140000,-0.350000,0.070000
28045,,,,,,,,,,,,,,,,,,,,-1.020774,-1.023680,0.021955,,,,,,
28055,,,,,,,,,,,,,,,,,,,,,,,-0.012505,-0.010248,1.020408,0.140000,-0.280000,-0.560000
28056,,,,,,,,,,,,,0.021421,0.096325,0.032746,0.033072,,,,-1.020779,-1.023680,0.021955,,,,,,
28065,,,,,,,,,,,,,,,,,,,,,,,-0.012505,-0.010248,1.020408,0.070000,0.000000,-0.140000
28066,,,,,,,,,,,,,0.018024,0.081048,0.032780,0.033225,,,,-1.020775,-1.023677,0.021955,,,,,,
28075,,,,,,,,,,,,,,,,,,,,,,,-0.017202,-0.009577,1.021262,0.140000,-0.630000,-0.210000
28086,,,,,,,,,,,,,0.015165,0.068193,0.032808,0.033353,,,,,,,,,,,,
28076,,,,,,,,,,,,,,,,,,,,-1.020768,-1.023682,0.021955,,,,,,
28087,,,,,,,,,,,,,,,,,,,,-1.020772,-1.023683,0.021955,,,,,,
28091,,,,-1.001970,-1.000000,-0.000267,0.025418,0.010738,,,1.970498,2.006114,,,,,0.019314,0.023264,-0.022293,,,,,,,,,
28092,,,,,,,,,,,,,,,,,,,,,,,-0.015372,-0.009272,1.021384,0.070000,-0.420000,-0.280000
28096,,,,,,,,,,,,,0.012760,0.057378,0.027430,0.027482,,,,,,,,,,,,
28097,,,,,,,,,,,,,,,,,,,,,,,-0.015372,-0.009272,1.021384,0.070000,-0.420000,-0.280000
28098,,,,,,,,,,,,,,,,,,,,-1.020773,-1.023681,0.021955,,,,,,
28105,,,,,,,,,,,,,,,,,,,,,,,-0.015372,-0.009272,1.021384,0.140000,-0.420000,-0.280000
28106,,,,,,,,,,,,,0.010736,0.048278,0.027450,0.027573,,,,-1.020770,-1.023683,0.021955,,,,,,
28115,,,,,,,,,,,,,,,,,,,,,,,-0.014091,-0.010187,1.021140,0.000000,-0.350000,-0.140000
28116,,,,,,,,,,,,,0.009034,0.040621,0.027467,0.027649,,,,-1.020763,-1.023690,0.021955,,,,,,
28125,,,,,,,,,,,,,,,,,,,,,,,-0.014091,-0.010187,1.021140,0.070000,-0.560000,-0.350000
28126,,,,,,,,,,,,,0.007601,0.034178,0.027481,0.027714,,,,,,,,,,,,
28128,,,,,,,,,,,,,,,,,,,,-1.020771,-1.023680,0.021955,,,,,,
28135,,,,,,,,,,,,,,,,,,,,,,,-0.015921,-0.011224,1.022543,0.070000,-0.420000,-0.280000
28145,,,,,,,,,,,,,0.006395,0.028758,0.027493,0.027768,,,,,,,,,,,,
28147,,,,-1.001158,-1.000000,-0.000093,0.019083,0.005171,,,,,,,,,,,,,,,,,,,,
28148,,,,,,,,,,,1.612612,1.624843,,,,,0.020127,0.023243,-0.022072,,,,,,,,,
28146,,,,,,,,,,,,,,,,,,,,-1.020756,-1.023683,0.021955,,,,,,
28153,,,,,,,,,,,,,,,,,,,,,,,-0.015128,-0.011102,1.021567,0.070000,-0.420000,-0.210000
28156,,,,,,,,,,,,,0.005381,0.024197,0.022498,0.022481,,,,,,,,,,,,
28158,,,,,,,,,,,,,,,,,,,,,,,-0.015128,-0.011102,1.021567,0.070000,-0.420000,-0.210000
28157,,,,,,,,,,,,,,,,,,,,-1.020759,-1.023681,0.021955,,,,,,
28165,,,,,,,,,,,,,,,,,,,,,,,-0.015128,-0.009943,1.020530,0.070000,-0.350000,-0.210000
28166,,,,,,,,,,,,,0.004528,0.020359,0.022507,0.022520,,,,,,,,,,,,
28167,,,,,,,,,,,,,,,,,,,,-1.020756,-1.023688,0.021955,,,,,,
28175,,,,,,,,,,,,,,,,,,,,,,,-0.015250,-0.009943,1.020530,0.070000,-0.490000,-0.280000
28176,,,,,,,,,,,,,0.003810,0.017130,0.022514,0.022552,,,,,,,,,,,,
28178,,,,,,,,,,,,,,,,,,,,-1.020766,-1.023682,0.021955,,,,,,
28185,,,,,,,,,,,,,,,,,,,,,,,-0.015189,-0.010492,1.021628,0.070000,-0.420000,-0.280000
28186,,,,,,,,,,,,,0.003205,0.014413,0.022520,0.022579,,,,,,,,,,,,
28191,,,,-1.000602,-1.000000,-0.000025,0.013537,0.002161,,,1.291072,1.292121,,,,,0.020679,0.023233,-0.021991,,,,,,,,,
28188,,,,,,,,,,,,,,,,,,,,-1.020757,-1.023683,0.021955,,,,,,
28206,,,,,,,,,,,,,0.002697,0.012127,0.018028,0.017949,,,,-1.020756,-1.023685,0.021955,,,,,,
28195,,,,,,,,,,,,,,,,,,,,-1.020759,-1.023684,0.021955,,,,,,
28207,,,,,,,,,,,,,,,,,,,,,,,-0.015189,-0.010492,1.021628,0.140000,-0.420000,-0.210000
28212,,,,,,,,,,,,,,,,,,,,,,,-0.015433,-0.010431,1.022116,0.000000,-0.350000,-0.210000
28216,,,,,,,,,,,,,0.002269,0.010204,0.018033,0.017968,,,,,,,,,,,,
28217,,,,,,,,,,,,,,,,,,,,-1.020756,-1.023678,0.021955,-0.015433,-0.010431,1.022116,0.070000,-0.420000,-0.210000
28225,,,,,,,,,,,,,,,,,,,,-1.020755,-1.023682,0.021955,-0.015189,-0.010126,1.022116,0.070000,-0.490000,-0.210000
28226,,,,,,,,,,,,,0.001909,0.008586,0.018036,0.017984,,,,,,,,,,,,
28235,,,,,,,,,,,,,,,,,,,,,,,-0.015189,-0.010126,1.022116,0.000000,-0.490000,-0.280000
28236,,,,,,,,,,,,,0.001607,0.007224,0.018039,0.017998,,,,-1.020752,-1.023681,0.021955,,,,,,
28241,,,,-1.000258,-1.000000,-0.000004,0.008847,0.000736,,,1.013304,1.010552,,,,,0.021010,0.023225,-0.021965,,,,,,,,,
28246,,,,,,,,,,,,,,,,,,,,-1.020765,-1.023686,0.021955,-0.016043,-0.009882,1.021567,0.140000,-0.420000,-0.210000
28247,,,,,,,,,,,,,0.001352,0.006078,0.014157,0.014072,,,,,,,,,,,,
28255,,,,,,,,,,,,,,,,,,,,,,,-0.016043,-0.009882,1.021567,0.140000,-0.350000,-0.210000
28266,,,,,,,,,,,,,0.001137,0.005114,0.014159,0.014081,,,,,,,,,,,,
28257,,,,,,,,,,,,,,,,,,,,-1.020769,-1.023684,0.021955,,,,,,
28267,,,,,,,,,,,,,,,,,,,,-1.020762,-1.023684,0.021955,,,,,,
28271,,,,,,,,,,,,,,,,,,,,,,,-0.016104,-0.010004,1.021567,0.140000,-0.560000,-0.280000
28276,,,,,,,,,,,,,0.000957,0.004303,0.014161,0.014089,,,,,,,-0.016104,-0.010004,1.021567,0.070000,-0.490000,-0.210000
28277,,,,,,,,,,,,,,,,,,,,-1.020766,-1.023687,0.021955,,,,,,
28285,,,,,,,,,,,,,,,,,,,,-1.020766,-1.023690,0.021955,-0.015982,-0.011468,1.021811,0.140000,-0.420000,-0.280000
28286,,,,,,,,,,,,,0.000805,0.003621,0.014163,0.014096,,,,,,,,,,,,
28291,,,,-1.000078,-1.000000,-0.000000,0.005081,0.000181,,,0.787108,0.784297,,,,,0.021202,0.023229,-0.021958,,,,,,,,,
28296,,,,,,,,,,,,,,,,,,,,,,,-0.015982,-0.010248,1.021262,0.070000,-0.420000,-0.210000
28297,,,,,,,,,,,,,0.000677,0.003046,0.011001,0.010938,,,,,,,,,,,,
28295,,,,,,,,,,,,,,,,,,,,-1.020763,-1.023690,0.021955,,,,,,
28305,,,,,,,,,,,,,,,,,,,,,,,-0.016165,-0.010248,1.021262,0.070000,-0.420000,-0.280000
28306,,,,,,,,,,,,,0.000570,0.002563,0.011002,0.010943,,,,-1.020762,-1.023694,0.021955,,,,,,
28315,,,,,,,,,,,,,,,,,,,,,,,-0.016165,-0.010248,1.021811,0.070000,-0.490000,-0.280000
28326,,,,,,,,,,,,,0.000480,0.002157,0.011003,0.010947,,,,,,,,,,,,
28316,,,,,,,,,,,,,,,,,,,,-1.020762,-1.023699,0.021955,,,,,,
28327,,,,,,,,,,,,,,,,,,,,-1.020761,-1.023689,0.021955,,,,,,
28331,,,,,,,,,,,,,,,,,,,,,,,-0.015189,-0.010553,1.021811,0.070000,-0.490000,-0.280000
28336,,,,,,,,,,,,,0.000404,0.001815,0.011003,0.010950,,,,,,,-0.015372,-0.009577,1.022055,0.070000,-0.420000,-0.210000
28341,,,,-1.000010,-1.000000,-0.000000,0.002305,0.000025,,,0.618009,0.616442,,,,,0.021267,0.023228,-0.021957,,,,,,,,,
28338,,,,,,,,,,,,,,,,,,,,-1.020764,-1.023683,0.021955,,,,,,
28346,,,,,,,,,,,,,,,,,,,,,,,-0.015372,-0.009577,1.022055,0.070000,-0.420000,-0.280000
28347,,,,,,,,,,,,,0.000340,0.001527,0.008639,0.008606,,,,,,,,,,,,
28345,,,,,,,,,,,,,,,,,,,,-1.020764,-1.023689,0.021955,,,,,,
28355,,,,,,,,,,,,,,,,,,,,,,,-0.016043,-0.010736,1.020591,0.070000,-0.490000,-0.280000
28365,,,,,,,,,,,,,0.000286,0.001285,0.008640,0.008608,,,,,,,,,,,,
28356,,,,,,,,,,,,,,,,,,,,-1.020763,-1.023690,0.021955,,,,,,
28366,,,,,,,,,,,,,,,,,,,,-1.020756,-1.023685,0.021955,,,,,,
28371,,,,,,,,,,,,,,,,,,,,,,,-0.016043,-0.010736,1.020591,0.140000,-0.420000,-0.210000
28376,,,,,,,,,,,,,0.000240,0.001081,0.008640,0.008610,,,,,,,-0.015555,-0.009699,1.021811,0.070000,-0.490000,-0.210000
28377,,,,,,,,,,,,,,,,,,,,-1.020753,-1.023686,0.021955,,,,,,
28385,,,,,,,,,,,,,,,,,,,,,,,-0.015555,-0.009699,1.021811,0.070000,-0.490000,-0.280000
28386,,,,,,,,,,,,,0.000202,0.000910,0.008641,0.008612,,,,,,,,,,,,
28388,,,,,,,,,,,,,,,,,,,,-1.020754,-1.023680,0.021955,,,,,,
28391,,,,-1.000000,-1.000000,-0.000000,0.000588,0.000001,,,0.512397,0.511970,,,,,0.021269,0.023220,-0.021956,,,,,,,,,
28396,,,,,,,,,,,,,0.000170,0.000765,0.007164,0.007152,,,,,,,,,,,,
28397,,,,,,,,,,,,,,,,,,,,,,,-0.015677,-0.009516,1.021567,0.210000,-0.420000,-0.280000
28398,,,,,,,,,,,,,,,,,,,,-1.020754,-1.023684,0.021955,,,,,,
28405,,,,,,,,,,,,,,,,,,,,,,,-0.015677,-0.009516,1.021567,0.070000,-0.420000,-0.210000
28406,,,,,,,,,,,,,0.000143,0.000644,0.007164,0.007153,,,,,,,,,,,,
28408,,,,,,,,,,,,,,,,,,,,-1.020747,-1.023685,0.021955,,,,,,
28415,,,,,,,,,,,,,,,,,,,,,,,-0.015433,-0.010492,1.021384,0.140000,-0.420000,-0.210000
28425,,,,,,,,,,,,,0.000120,0.000542,0.007165,0.007154,,,,,,,,,,,,
28416,,,,,,,,,,,,,,,,,,,,-1.020701,-1.023691,0.021955,,,,,,
28426,,,,,,,,,,,,,,,,,,,,-1.020731,-1.023693,0.021955,,,,,,
28431,,,,,,,,,,,,,,,,,,,,,,,-0.015677,-0.010553,1.021140,0.070000,-0.490000,-0.280000
28436,,,,,,,,,,,,,0.000101,0.000456,0.007165,0.007155,,,,,,,-0.015677,-0.010553,1.021140,0.070000,-0.420000,-0.280000
28437,,,,,,,,,,,,,,,,,,,,-1.020745,-1.023687,0.021955,,,,,,
28441,,,,-1.000000,-1.000000,-0.000000,0.000588,0.000001,,,0.512207,0.511780,,,,,0.021261,0.023225,-0.021956,,,,,,,,,
28446,,,,,,,,,,,,,0.000085,0.000384,0.007162,0.007153,,,,,,,,,,,,
28447,,,,,,,,,,,,,,,,,,,,,,,-0.015677,-0.010553,1.021262,0.070000,-0.420000,-0.210000
28444,,,,,,,,,,,,,,,,,,,,-1.020743,-1.023690,0.021955,,,,,,
28455,,,,,,,,,,,,,,,,,,,,,,,-0.015799,-0.010248,1.021262,0.070000,-0.490000,-0.210000
28456,,,,,,,,,,,,,0.000072,0.000323,0.007162,0.007154,,,,,,,,,,,,
28458,,,,,,,,,,,,,,,,,,,,-1.020738,-1.023688,0.021955,,,,,,
28465,,,,,,,,,,,,,,,,,,,,,,,-0.015799,-0.010248,1.021262,0.070000,-0.420000,-0.280000
28466,,,,,,,,,,,,,,,0.007162,0.007154,,,,,,,,,,,,
