ts,x,y,yaw,x_des,y_des,yaw_des,v_ff,w_ff,v_actual,w_actual,omega_l_cmd,omega_r_cmd,omega_l_meas,omega_r_meas,duty_l,duty_r,x_err,y_err,yaw_err,x_raw,y_raw,yaw_raw,acc_x,acc_y,acc_z,gyro_x,gyro_y,gyro_z
52608,,,,,,,,,,,,,,,,,,,,,,,-0.014396,-0.007808,1.021811,0.000000,-0.560000,-0.210000
52609,,,,,,,,,,,,,0.000000,0.000000,0.000000,0.000000,,,,,,,,,,,,
52614,,,,-0.999961,-1.000000,0.000066,0.000000,0.000000,,,,,,,,,,,,,,,,,,,,
52616,,,,,,,,,,,-2.886163,-2.886163,,,,,-0.010230,0.034772,-0.238511,,,,,,,,,
52619,,,,,,,,,,,,,0.000000,0.000000,-0.030665,-0.030665,,,,,,,,,,,,
52621,,,,,,,,,,,,,,,,,,,,,,,-0.013908,-0.008052,1.022116,1.260000,-0.420000,0.000000
52620,,,,,,,,,,,,,,,,,,,,-0.981788,-1.031366,0.238577,,,,,,
52629,,,,,,,,,,,,,0.000000,0.000000,-0.031267,-0.031267,,,,,,,-0.013908,-0.008052,1.022116,-2.800000,-1.470000,-0.350000
52628,,,,,,,,,,,,,,,,,,,,-0.981805,-1.031362,0.235790,,,,,,
52635,,,,,,,,,,,,,,,,,,,,-0.981809,-1.031370,0.238577,,,,,,
52638,,,,,,,,,,,,,,,,,,,,,,,-0.014335,-0.008357,1.023519,-1.050000,-0.490000,-1.400000
52639,,,,,,,,,,,,,0.000000,0.000000,-0.031868,-0.031868,,,,,,,,,,,,
52643,,,,,,,,,,,,,,,,,,,,-0.981808,-1.031357,0.238577,,,,,,
52649,,,,,,,,,,,,,0.000000,0.000000,-0.032469,-0.032469,,,,,,,-0.014335,-0.008357,1.023519,3.080000,0.420000,-0.070000
52650,,,,,,,,,,,,,,,,,,,,-0.981822,-1.031354,0.238577,,,,,,
52657,,,,-0.999688,-1.000000,0.000517,0.002362,0.003913,,,,,,,,,,,,,,,,,,,,
52659,,,,,,,,,,,-2.657693,-2.670019,0.000000,0.000000,-0.030643,-0.030774,-0.009952,0.034689,-0.238060,,,,,,,,,
52658,,,,,,,,,,,,,,,,,,,,-0.981814,-1.031360,0.238577,,,,,,
52662,,,,,,,,,,,,,,,,,,,,,,,-0.013969,-0.008479,1.022970,0.840000,-1.190000,0.000000
52676,,,,,,,,,,,,,0.000000,0.000000,-0.031197,-0.031330,,,,,,,,,,,,
52666,,,,,,,,,,,,,,,,,,,,-0.981817,-1.031367,0.238577,,,,,,
52679,,,,,,,,,,,,,,,,,,,,,,,-0.013969,-0.008479,1.022970,-2.940000,-1.750000,-0.280000
52680,,,,,,,,,,,,,,,,,,,,-0.981814,-1.031361,0.235793,,,,,,
52684,,,,,,,,,,,,,,,,,,,,,,,-0.014152,-0.008479,1.022787,2.030000,0.420000,-0.070000
52689,,,,,,,,,,,,,,,-0.031751,-0.031887,,,,,,,-0.014152,-0.008479,1.022787,2.380000,-0.070000,0.000000
52687,,,,,,,,,,,,,,,,,,,,-0.981807,-1.031368,0.235797,,,,,,
52690,,,,,,,,,,,,,0.000000,0.000000,,,,,,,,,,,,,,
52698,,,,,,,,,,,,,,,,,,,,,,,-0.013115,-0.009150,1.019371,-2.450000,-1.470000,-0.350000
52699,,,,,,,,,,,,,0.000000,0.000000,-0.032304,-0.032443,,,,,,,,,,,,
52702,,,,,,,,,,,,,,,,,,,,-0.981811,-1.031359,0.235790,,,,,,
52707,,,,-0.998965,-0.999999,0.001720,0.009253,0.015353,,,,,,,,,,,,,,,,,,,,
52709,,,,,,,,,,,-2.049170,-2.095190,0.000000,0.000000,-0.026392,-0.026892,-0.009345,0.034501,-0.234303,,,,,,,,,
52712,,,,,,,,,,,,,,,,,,,,,,,-0.013115,-0.009150,1.019371,-0.490000,0.280000,-0.420000
52710,,,,,,,,,,,,,,,,,,,,-0.981806,-1.031357,0.235790,,,,,,
52718,,,,,,,,,,,,,,,,,,,,-0.981816,-1.031360,0.235790,-0.014518,-0.007991,1.021506,2.940000,0.420000,-0.140000
52719,,,,,,,,,,,,,0.000000,0.000000,-0.026819,-0.027328,,,,,,,,,,,,
52736,,,,,,,,,,,,,0.000000,0.000000,-0.027246,-0.027765,,,,,,,,,,,,
52726,,,,,,,,,,,,,,,,,,,,-0.981816,-1.031363,0.235804,,,,,,
52739,,,,,,,,,,,,,,,,,,,,,,,-0.014518,-0.007991,1.021506,0.280000,-1.470000,-0.420000
52740,,,,,,,,,,,,,,,,,,,,-0.981808,-1.031352,0.235790,,,,,,
52744,,,,,,,,,,,,,,,,,,,,,,,-0.014579,-0.008479,1.022665,-1.960000,-0.840000,-0.490000
52749,,,,,,,,,,,,,0.000000,0.000000,-0.027673,-0.028201,,,,-0.981833,-1.031355,0.235787,-0.014579,-0.008479,1.022665,0.070000,-0.070000,-0.350000
52757,,,,-0.997588,-0.999995,0.004027,0.020362,0.033948,,,,,,,,,,,,-0.981819,-1.031357,0.235790,,,,,,
52759,,,,,,,,,,,-0.964163,-1.061526,,,,,-0.007994,0.034173,-0.231780,,,,,,,,,
52760,,,,,,,,,,,,,0.000000,0.000000,-0.016572,-0.017655,,,,,,,,,,,,
52762,,,,,,,,,,,,,,,,,,,,,,,-0.013664,-0.008601,1.023153,2.870000,-0.210000,-0.070000
52769,,,,,,,,,,,,,0.000000,0.000000,-0.016773,-0.017876,,,,,,,-0.013664,-0.008601,1.023153,-0.350000,-1.400000,-0.210000
52772,,,,,,,,,,,,,,,,,,,,-0.981820,-1.031372,0.235790,,,,,,
52779,,,,,,,,,,,,,0.000000,0.000000,-0.016973,-0.018097,,,,,,,-0.014457,-0.008479,1.022543,0.350000,-0.420000,-0.210000
52780,,,,,,,,,,,,,,,,,,,,-0.981820,-1.031363,0.235790,,,,,,
52796,,,,,,,,,,,,,0.000000,0.000000,-0.017174,-0.018318,,,,,,,,,,,,
52787,,,,,,,,,,,,,,,,,,,,-0.981839,-1.031357,0.238577,,,,,,
52795,,,,,,,,,,,,,,,,,,,,-0.981850,-1.031362,0.238577,,,,,,
52799,,,,,,,,,,,,,,,,,,,,,,,-0.014457,-0.008479,1.018944,0.140000,-0.420000,-0.210000
52804,,,,,,,,,,,,,,,,,,,,,,,-0.015677,-0.008723,1.018944,0.000000,-0.420000,-0.280000
52807,,,,-0.995373,-0.999982,0.007781,0.035344,0.059463,,,,,,,,,,,,,,,,,,,,
52809,,,,,,,,,,,0.621675,0.457731,0.000000,0.000000,-0.000526,-0.002397,-0.005733,0.033685,-0.230563,,,,,,,,,
52810,,,,,,,,,,,,,,,,,,,,-0.981869,-1.031359,0.238577,,,,,,
52813,,,,,,,,,,,,,,,,,,,,,,,-0.015067,-0.008418,1.025166,-0.070000,-0.420000,-0.280000
52819,,,,,,,,,,,,,0.000000,0.000000,-0.000396,-0.002302,,,,,,,-0.015067,-0.008418,1.025166,0.070000,-0.490000,-0.210000
52818,,,,,,,,,,,,,,,,,,,,-0.981829,-1.031358,0.238577,,,,,,
52826,,,,,,,,,,,,,,,,,,,,-0.981819,-1.031363,0.238577,,,,,,
52829,,,,,,,,,,,,,0.000000,0.000000,-0.000267,-0.002207,,,,,,,-0.013969,-0.007747,1.025410,0.140000,-0.630000,-0.280000
52838,,,,,,,,,,,,,,,,,,,,,,,-0.013969,-0.007747,1.025410,0.070000,-0.490000,-0.210000
52839,,,,,,,,,,,,,0.000000,0.000000,-0.000137,-0.002111,,,,,,,,,,,,
52841,,,,,,,,,,,,,,,,,,,,-0.981815,-1.031364,0.235797,,,,,,
52856,,,,,,,,,,,,,0.000000,0.000000,-0.000008,-0.002016,,,,,,,,,,,,
52857,,,,-0.992157,-0.999948,0.013330,0.053801,0.091854,,,,,,,,,,,,-0.981801,-1.031362,0.235790,,,,,,
52859,,,,,,,,,,,2.634506,2.417742,,,,,-0.002707,0.032962,-0.222681,,,,,,,,,
52848,,,,,,,,,,,,,,,,,,,,-0.981803,-1.031365,0.235790,,,,,,
52862,,,,,,,,,,,,,,,,,,,,,,,-0.014274,-0.007137,1.019432,0.000000,-0.560000,-0.280000
52867,,,,,,,,,,,,,,,,,,,,,,,-0.014701,-0.009333,1.025105,0.140000,-0.560000,-0.280000
52869,,,,,,,,,,,,,0.000000,0.000000,0.021508,0.018905,,,,,,,,,,,,
52872,,,,,,,,,,,,,,,,,,,,,,,-0.014701,-0.009333,1.025105,0.070000,-0.490000,-0.280000
52871,,,,,,,,,,,,,,,,,,,,-0.981817,-1.031365,0.235790,,,,,,
52879,,,,,,,,,,,,,0.000000,0.000000,0.022057,0.019408,,,,-0.981825,-1.031365,0.235790,-0.014701,-0.009333,1.025105,0.000000,-0.420000,-0.210000
52897,,,,,,,,,,,,,0.000000,0.000000,0.022606,0.019912,,,,,,,,,,,,
52887,,,,,,,,,,,,,,,,,,,,-0.981826,-1.031368,0.235797,,,,,,
52899,,,,,,,,,,,,,,,,,,,,,,,-0.014091,-0.005734,1.020103,0.070000,-0.630000,-0.280000
52901,,,,,,,,,,,,,,,,,,,,-0.981825,-1.031353,0.238580,,,,,,
52904,,,,,,,,,,,,,,,,,,,,,,,-0.014945,-0.006466,1.017724,0.000000,-0.770000,-0.420000
52907,,,,-0.987804,-0.999873,0.021037,0.075278,0.131309,,,,,,,,,,,,,,,,,,,,
52909,,,,,,,,,,,5.198781,4.933735,0.000000,0.000000,0.050400,0.047148,0.001622,0.032002,-0.217327,,,,,,,,,
52910,,,,,,,,,,,,,,,,,,,,-0.981842,-1.031360,0.238577,,,,,,
52913,,,,,,,,,,,,,,,,,,,,,,,-0.014945,-0.006466,1.017724,0.560000,0.070000,-0.350000
52918,,,,,,,,,,,,,,,,,,,,-0.981836,-1.031358,0.238577,-0.014945,-0.006466,1.017724,1.820000,0.140000,0.000000
52919,,,,,,,,,,,,,0.000000,0.000000,0.051483,0.048176,,,,,,,,,,,,
52929,,,,,,,,,,,,,0.000000,0.000000,0.052566,0.049204,,,,,,,-0.014152,-0.009150,1.022116,0.840000,-0.910000,0.070000
52926,,,,,,,,,,,,,,,,,,,,-0.981824,-1.031366,0.238577,,,,,,
52938,,,,,,,,,,,,,,,,,,,,,,,-0.014152,-0.009150,1.022116,-1.890000,-0.910000,-0.420000
52939,,,,,,,,,,,,,0.000000,0.000000,0.053649,0.050232,,,,,,,,,,,,
52941,,,,,,,,,,,,,,,,,,,,-0.981828,-1.031359,0.238577,,,,,,
52956,,,,,,,,,,,,,0.000000,0.000000,0.054733,0.051260,,,,-0.981822,-1.031361,0.238577,,,,,,
52958,,,,-0.982202,-0.999727,0.031296,0.099257,0.178286,,,,,,,,,,,,,,,,,,,,
52960,,,,,,,,,,,8.227021,7.964970,,,,,0.007111,0.030824,-0.207263,,,,,,,,,
52962,,,,,,,,,,,,,,,,,,,,,,,-0.014518,-0.008357,1.023092,1.260000,-0.350000,0.070000
52967,,,,,,,,,,,,,,,,,,,,,,,-0.014030,-0.007564,1.022726,-1.400000,-1.190000,-0.140000
52969,,,,,,,,,,,,,0.000000,0.000000,0.087991,0.084494,,,,,,,,,,,,
52972,,,,,,,,,,,,,,,,,,,,,,,-0.014030,-0.007564,1.022726,-2.380000,-1.260000,-0.350000
52971,,,,,,,,,,,,,,,,,,,,-0.981830,-1.031361,0.235797,,,,,,
52979,,,,,,,,,,,,,0.000000,0.000000,0.089705,0.086154,,,,-0.981832,-1.031360,0.238584,-0.014091,-0.008601,1.022848,-1.820000,-0.770000,-0.420000
52989,,,,,,,,,,,,,0.546566,0.000000,0.085611,0.087813,,,,,,,-0.014091,-0.008601,1.022848,-1.680000,-1.680000,1.890000
52988,,,,,,,,,,,,,,,,,,,,-0.981826,-1.031372,0.238577,,,,,,
52999,,,,,,,,,,,,,0.459880,0.000000,0.088132,0.089472,,,,,,,-0.006222,-0.007991,1.021750,-0.140000,-0.840000,2.380000
53002,,,,,,,,,,,,,,,,,,,,-0.981818,-1.031354,0.238577,,,,,,
53007,,,,-0.975273,-0.999465,0.044550,0.125160,0.233559,,,,,,,,,,,,,,,,,,,,
53009,,,,,,,,,,,11.703851,11.523300,0.925295,0.000000,0.121747,0.128939,0.013870,0.029445,-0.193668,,,,,,,,,
53020,,,,,,,,,,,,,0.778543,0.000000,0.125552,0.131340,,,,,,,,,,,,
53018,,,,,,,,,,,,,,,,,,,,-0.981796,-1.031364,0.235784,,,,,,
53023,,,,,,,,,,,,,,,,,,,,,,,-0.006222,-0.007991,1.021750,2.590000,-6.510000,-20.650000
53028,,,,,,,,,,,,,,,,,,,,,,,0.060573,-0.014518,1.024983,0.210000,-1.680000,-22.959999
53026,,,,,,,,,,,,,,,,,,,,-0.981616,-1.031340,0.233000,,,,,,
53029,,,,,,,,,,,,,1.281338,0.626272,0.122486,0.127086,,,,,,,,,,,,
53033,,,,,,,,,,,,,,,,,,,,,,,0.060573,-0.014518,1.032852,1.960000,0.700000,-22.820000
53038,,,,,,,,,,,,,,,,,,,,,,,0.105225,0.002806,1.032852,2.380000,0.560000,-18.969999
53039,,,,,,,,,,,,,1.625122,0.526945,0.121004,0.130412,,,,,,,,,,,,
53041,,,,,,,,,,,,,,,,,,,,-0.981313,-1.031320,0.227438,,,,,,
53049,,,,,,,,,,,,,1.915484,0.991477,0.120019,0.127767,,,,-0.980967,-1.031226,0.221875,0.105225,0.002806,1.032852,0.630000,-0.770000,-8.120000
53057,,,,-0.966973,-0.999025,0.061306,0.152352,0.298265,,,,,,,,,,,,-0.980525,-1.031138,0.219113,,,,,,
53059,,,,,,,,,,,15.193459,15.359296,2.148078,1.907009,0.156664,0.160991,0.020729,0.028312,-0.161223,,,,,,,,,
53063,,,,,,,,,,,,,,,,,,,,,,,0.089670,-0.013969,1.030656,-3.780000,-19.809999,6.930000
53076,,,,,,,,,,,,,2.794301,2.591465,0.152516,0.156521,,,,,,,,,,,,
53071,,,,,,,,,,,,,,,,,,,,-0.979669,-1.031029,0.227438,,,,,,
53079,,,,,,,,,,,,,,,,,,,,-0.978983,-1.030773,0.233109,0.089670,-0.013969,1.030656,-0.490000,-6.440000,18.410000
53084,,,,,,,,,,,,,,,,,,,,,,,0.117181,-0.003111,1.041392,-2.380000,-5.320000,24.080000
53089,,,,,,,,,,,,,3.181157,3.425508,0.150988,0.150320,,,,,,,,,,,,
53087,,,,,,,,,,,,,,,,,,,,-0.978140,-1.030421,0.235897,,,,,,
53090,,,,,,,,,,,,,,,,,,,,,,,0.117181,-0.003111,1.041392,-1.820000,-5.320000,17.219999
53098,,,,,,,,,,,,,,,,,,,,,,,0.175558,-0.005307,1.019981,0.350000,-6.300000,19.320000
53099,,,,,,,,,,,,,4.324925,4.530522,0.141338,0.141065,,,,,,,,,,,,
53102,,,,,,,,,,,,,,,,,,,,-0.977236,-1.030140,0.235797,,,,,,
53107,,,,-0.957295,-0.998331,0.082163,0.180160,0.373960,,,,,,,,,,,,,,,,,,,,
53109,,,,,,,,,,,18.532486,18.930502,,,,,0.026823,0.026314,-0.152680,-0.976009,-1.029888,0.235787,,,,,,
53110,,,,,,,,,,,,,4.669737,5.358100,0.175416,0.172472,,,,,,,,,,,,
53113,,,,,,,,,,,,,,,,,,,,,,,0.175558,-0.005307,1.019615,-1.470000,0.770000,18.480000
53119,,,,,,,,,,,,,5.638291,6.217480,0.168013,0.166169,,,,,,,0.141459,-0.003050,1.019615,0.770000,-0.490000,22.610001
53117,,,,,,,,,,,,,,,,,,,,-0.974602,-1.029550,0.235786,,,,,,
53135,,,,,,,,,,,,,6.441617,7.268458,0.162164,0.157651,,,,,,,,,,,,
53132,,,,,,,,,,,,,,,,,,,,-0.973070,-1.029154,0.241357,,,,,,
53139,,,,,,,,,,,,,,,,,,,,-0.971458,-1.028606,0.252592,0.184281,-0.002440,1.035353,-0.350000,-2.520000,30.870001
53144,,,,,,,,,,,,,,,,,,,,,,,0.184281,-0.002440,1.035353,-1.190000,-4.480000,29.120001
53149,,,,,,,,,,,,,7.404752,8.497412,0.154450,0.147023,,,,,,,0.176473,0.006527,0.999485,-0.770000,-0.980000,24.360001
53147,,,,,,,,,,,,,,,,,,,,-0.969503,-1.028075,0.255307,,,,,,
53157,,,,-0.946273,-0.997283,0.107834,0.207883,0.462685,,,,,,,,,,,,,,,,,,,,
53159,,,,,,,,,,,21.116547,21.809643,7.867753,9.878714,0.179304,0.165111,0.030374,0.023967,-0.146603,,,,,,,,,
53162,,,,,,,,,,,,,,,,,,,,,,,0.176473,0.006527,0.999485,-4.200000,10.920000,23.660000
53161,,,,,,,,,,,,,,,,,,,,-0.967230,-1.027506,0.266635,,,,,,
53168,,,,,,,,,,,,,,,,,,,,,,,0.147620,0.009943,1.025654,-5.110000,3.570000,20.090000
53169,,,,,,,,,,,,,9.403036,10.538436,0.165752,0.160587,,,,-0.965083,-1.026682,0.269628,,,,,,
53179,,,,,,,,,,,,,10.106567,11.610605,0.160718,0.151543,,,,,,,0.147620,0.009943,1.025654,-1.540000,-12.950000,13.230000
53177,,,,,,,,,,,,,,,,,,,,-0.962788,-1.026010,0.272248,,,,,,
53196,,,,,,,,,,,,,11.419298,12.684795,0.149064,0.142255,,,,,,,,,,,,
53185,,,,,,,,,,,,,,,,,,,,-0.960257,-1.025268,0.272208,,,,,,
53199,,,,,,,,,,,,,,,,,,,,,,,0.139446,-0.012932,1.066280,6.300000,-9.660000,12.810000
53200,,,,,,,,,,,,,,,,,,,,-0.957754,-1.024572,0.272062,,,,,,
53204,,,,,,,,,,,,,,,,,,,,,,,0.109800,0.000488,1.014491,-4.970000,-12.460000,13.440000
53207,,,,-0.933981,-0.995760,0.139178,0.234828,0.567028,,,,,,,,,,,,,,,,,,,,
53209,,,,,,,,,,,22.692701,23.910597,12.480475,13.545265,0.156555,0.157336,0.030864,0.021408,-0.132387,,,,,,,,,
53208,,,,,,,,,,,,,,,,,,,,-0.954998,-1.023813,0.274879,,,,,,
53214,,,,,,,,,,,,,,,,,,,,,,,0.109800,0.000488,1.014491,-5.460000,-3.150000,4.760000
53216,,,,,,,,,,,,,,,,,,,,-0.952402,-1.022913,0.277775,,,,,,
53219,,,,,,,,,,,,,13.209702,14.647342,0.150935,0.147786,,,,,,,0.109800,0.000488,1.014491,-7.210000,0.560000,6.090000
53228,,,,,,,,,,,,,,,,,,,,,,,0.099979,0.000366,0.970449,2.660000,12.810000,4.550000
53229,,,,,,,,,,,,,13.939621,15.149252,0.145155,0.144383,,,,,,,,,,,,
53231,,,,,,,,,,,,,,,,,,,,-0.949654,-1.022056,0.277889,,,,,,
53238,,,,,,,,,,,,,,,,,,,,,,,0.099979,0.000366,0.970449,2.240000,7.070000,5.810000
53239,,,,,,,,,,,,,15.015115,16.032898,0.135552,0.136819,,,,-0.946729,-1.021115,0.280685,,,,,,
53256,,,,,,,,,,,,,15.628454,16.817566,0.130634,0.130123,,,,,,,,,,,,
53258,,,,-0.920538,-0.993620,0.177227,0.260333,0.690175,,,,,,,,,,,,,,,,,,,,
53260,,,,,,,,,,,24.383245,26.530190,,,,,0.032688,0.019187,-0.103616,,,,,,,,,
53247,,,,,,,,,,,,,,,,,,,,-0.943806,-1.020216,0.277754,,,,,,
53262,,,,,,,,,,,,,,,,,,,,-0.940817,-1.019321,0.280602,0.086559,-0.020130,1.075186,-0.070000,-3.640000,1.260000
53267,,,,,,,,,,,,,,,,,,,,,,,0.047885,0.000976,1.025105,0.210000,2.170000,7.840000
53269,,,,,,,,,,,,,16.377897,17.378416,0.142105,0.153475,,,,,,,,,,,,
53270,,,,,,,,,,,,,,,,,,,,-0.937672,-1.018321,0.280694,,,,,,
53273,,,,,,,,,,,,,,,,,,,,,,,0.047885,0.000976,1.025105,2.030000,1.120000,6.020000
53278,,,,,,,,,,,,,,,,,,,,-0.934541,-1.017410,0.283493,0.047885,-0.019215,1.001681,-0.210000,-5.670000,5.740000
53279,,,,,,,,,,,,,17.063707,17.905544,0.136486,0.149781,,,,,,,,,,,,
53296,,,,,,,,,,,,,17.600273,18.308596,0.132310,0.147295,,,,,,,,,,,,
53293,,,,,,,,,,,,,,,,,,,,-0.931345,-1.016449,0.283345,,,,,,
53299,,,,,,,,,,,,,,,,,,,,,,,0.025803,-0.019215,1.001681,-3.290000,0.910000,12.390000
53301,,,,,,,,,,,,,,,,,,,,-0.928213,-1.015411,0.283333,,,,,,
53305,,,,,,,,,,,,,,,,,,,,,,,0.057706,-0.000915,1.019066,9.100000,0.070000,17.150000
53307,,,,-0.906105,-0.990698,0.223212,0.283818,0.835884,,,,,,,,,,,,,,,,,,,,
53309,,,,,,,,,,,24.034224,27.603174,18.117903,19.127516,0.124515,0.151708,0.028558,0.017565,-0.060462,-0.925098,-1.014403,0.286083,,,,,,
53314,,,,,,,,,,,,,,,,,,,,,,,0.057706,-0.000915,1.019066,6.790000,8.190000,22.049999
53319,,,,,,,,,,,,,18.491205,19.881828,0.121781,0.145459,,,,,,,0.046116,-0.013237,1.005524,6.930000,10.640000,28.629999
53317,,,,,,,,,,,,,,,,,,,,-0.921796,-1.013467,0.291642,,,,,,
53325,,,,,,,,,,,,,,,,,,,,-0.918206,-1.012451,0.291608,,,,,,
53329,,,,,,,,,,,,,18.358494,20.088562,0.124346,0.144871,,,,,,,0.046116,-0.013237,1.005524,3.290000,5.670000,37.099998
53338,,,,,,,,,,,,,,,,,,,,,,,0.036295,0.033367,1.011258,-2.170000,6.580000,38.990002
53339,,,,,,,,,,,,,18.732162,20.735397,0.121558,0.139564,,,,,,,,,,,,
53340,,,,,,,,,,,,,,,,,,,,-0.914586,-1.011485,0.294419,,,,,,
53357,,,,-0.890886,-0.986807,0.278570,0.304838,1.008304,,,,,,,,,,,,,,,,,,,,
53359,,,,,,,,,,,24.859224,30.150482,,,,,0.029757,0.016707,-0.016502,,,,,,,,,
53360,,,,,,,,,,,,,19.115608,21.317186,0.127355,0.161878,,,,,,,,,,,,
53356,,,,,,,,,,,,,,,,,,,,-0.907290,-1.009100,0.311242,,,,,,
53363,,,,,,,,,,,,,,,,,,,,,,,0.036295,0.033367,1.011258,3.850000,7.490000,43.610001
53368,,,,,,,,,,,,,,,,,,,,,,,0.016836,0.015250,1.032364,0.420000,10.150000,47.669998
53369,,,,,,,,,,,,,19.184914,22.277739,0.127815,0.153513,,,,,,,,,,,,
53370,,,,,,,,,,,,,,,,,,,,-0.903707,-1.007948,0.319682,,,,,,
53373,,,,,,,,,,,,,,,,,,,,,,,0.016836,0.030439,1.003084,-2.170000,8.190000,49.209999
53378,,,,,,,,,,,,,,,,,,,,,,,0.016470,0.030439,1.003084,3.920000,4.130000,50.820000
53379,,,,,,,,,,,,,19.438450,22.590130,0.126303,0.151834,,,,-0.900200,-1.006573,0.330863,,,,,,
53388,,,,,,,,,,,,,,,,,,,,,,,0.016470,0.030439,1.003084,2.730000,1.120000,58.450001
53389,,,,,,,,,,,,,19.650778,23.401024,0.125176,0.144793,,,,,,,,,,,,
53386,,,,,,,,,,,,,,,,,,,,-0.896567,-1.005287,0.342089,,,,,,
53398,,,,,,,,,,,,,,,,,,,,,,,0.014884,0.023058,1.068354,-1.960000,-5.250000,59.150002
53399,,,,,,,,,,,,,19.815861,24.065216,0.124508,0.139142,,,,,,,,,,,,
53401,,,,,,,,,,,,,,,,,,,,-0.893002,-1.003916,0.350503,,,,,,
53407,,,,-0.875124,-0.981740,0.344914,0.323147,1.211437,,,,,,,,,,,,,,,,,,,,
53409,,,,,,,,,,,23.956594,30.573286,19.906372,24.559549,0.115006,0.139650,0.024829,0.014747,-0.004235,,,,,,,,,
53420,,,,,,,,,,,,,19.820240,24.759096,0.116765,0.138783,,,,,,,,,,,,
53417,,,,,,,,,,,,,,,,,,,,-0.886207,-1.000870,0.370190,,,,,,
53423,,,,,,,,,,,,,,,,,,,,,,,0.014884,0.023058,1.068354,-9.660000,3.220000,53.830002
53428,,,,,,,,,,,,,,,,,,,,,,,0.021167,0.067405,0.982283,-1.680000,6.300000,57.119999
53429,,,,,,,,,,,,,20.282993,25.039587,0.112710,0.137014,,,,,,,,,,,,
53433,,,,,,,,,,,,,,,,,,,,,,,-0.023302,0.007564,1.075369,-2.520000,3.010000,59.709999
53432,,,,,,,,,,,,,,,,,,,,-0.882571,-0.999454,0.384319,,,,,,
53439,,,,,,,,,,,,,20.357725,24.908525,0.112681,0.139559,,,,,,,-0.023302,0.007564,1.075369,-1.050000,4.480000,59.500000
53440,,,,,,,,,,,,,,,,,,,,-0.878983,-0.997773,0.395582,,,,,,
53449,,,,,,,,,,,,,20.419609,25.345526,0.112774,0.136096,,,,,,,-0.012871,0.028060,0.993019,-3.150000,4.410000,63.560001
53448,,,,,,,,,,,,,,,,,,,,-0.875189,-0.996188,0.406908,,,,,,
53457,,,,-0.859103,-0.975275,0.423912,0.338781,1.447963,,,,,,,,,,,,,,,,,,,,
53459,,,,,,,,,,,23.590214,31.958418,20.372051,25.580381,0.110123,0.149407,0.023172,0.012919,0.018028,,,,,,,,,
53456,,,,,,,,,,,,,,,,,,,,-0.871910,-0.994462,0.412596,,,,,,
53463,,,,,,,,,,,,,,,,,,,,,,,-0.012871,0.028060,0.993019,1.960000,1.890000,67.760002
53476,,,,,,,,,,,,,20.095341,25.462397,0.113734,0.151989,,,,,,,,,,,,
53471,,,,,,,,,,,,,,,,,,,,-0.868554,-0.992895,0.423833,,,,,,
53479,,,,,,,,,,,,,,,,,,,,-0.865101,-0.991129,0.437996,-0.029280,0.031110,1.042673,-0.070000,-8.120000,75.459999
53484,,,,,,,,,,,,,,,,,,,,,,,-0.029280,0.031110,1.042673,-6.230000,-12.250000,79.589996
53489,,,,,,,,,,,,,,,,,,,,,,,-0.012322,0.066734,0.986919,-3.220000,-9.520000,81.059998
53490,,,,,,,,,,,,,20.085016,25.792156,0.114571,0.149839,,,,,,,,,,,,
53487,,,,,,,,,,,,,,,,,,,,-0.861652,-0.989321,0.449346,,,,,,
53495,,,,,,,,,,,,,,,,,,,,-0.858260,-0.987587,0.463552,,,,,,
53499,,,,,,,,,,,,,19.868038,26.451130,0.117607,0.144122,,,,,,,-0.012322,0.066734,0.986919,-0.770000,-2.590000,87.570000
53507,,,,-0.843136,-0.967174,0.517023,0.352152,1.716970,,,,,,,,,,,,,,,,,,,,
53509,,,,,,,,,,,23.139843,33.771481,19.912016,26.516045,0.113130,0.163843,0.022714,0.011548,0.053201,,,,,,,,,
53510,,,,,,,,,,,,,,,,,,,,-0.854909,-0.985819,0.477789,,,,,,
53513,,,,,,,,,,,,,,,,,,,,,,,-0.011529,0.011102,1.095255,-0.560000,-7.630000,94.150002
53519,,,,,,,,,,,,,20.140079,26.825413,0.111379,0.162068,,,,,,,-0.011529,0.011102,1.095255,-1.050000,-9.730000,94.080002
53518,,,,,,,,,,,,,,,,,,,,-0.851482,-0.983880,0.494887,,,,,,
53536,,,,,,,,,,,,,19.930931,27.214342,0.114226,0.159383,,,,,,,,,,,,
53526,,,,,,,,,,,,,,,,,,,,-0.848197,-0.981905,0.514909,,,,,,
53539,,,,,,,,,,,,,,,,,,,,,,,-0.003904,0.075701,0.970754,-3.290000,0.560000,107.660004
53541,,,,,,,,,,,,,,,,,,,,-0.844971,-0.979822,0.534974,,,,,,
53544,,,,,,,,,,,,,,,,,,,,,,,0.014518,0.058011,1.021994,9.380000,-1.330000,113.680000
53549,,,,,,,,,,,,,19.549583,27.663343,0.118947,0.155978,,,,-0.841657,-0.977700,0.552208,0.014518,0.058011,1.021994,17.290001,-0.490000,119.000000
53557,,,,-0.827566,-0.957193,0.625024,0.364136,2.010308,,,,,,,,,,,,-0.838371,-0.975645,0.572371,,,,,,
53559,,,,,,,,,,,22.829466,35.565620,19.722168,27.640135,0.114563,0.176560,0.022791,0.010151,0.073936,,,,,,,,,
53563,,,,,,,,,,,,,,,,,,,,,,,0.014518,0.058011,1.021994,-6.720000,5.530000,123.760002
53568,,,,,,,,,,,,,,,,,,,,,,,0.002928,0.073932,1.049627,3.500000,2.030000,126.489998
53569,,,,,,,,,,,,,19.431870,28.364159,0.118295,0.170518,,,,,,,,,,,,
53572,,,,,,,,,,,,,,,,,,,,-0.834902,-0.973220,0.589704,,,,,,
53579,,,,,,,,,,,,,19.080606,28.780743,0.122735,0.167592,,,,,,,0.002928,0.073932,1.049627,2.590000,-8.190000,135.589996
53580,,,,,,,,,,,,,,,,,,,,-0.831538,-0.970863,0.612878,,,,,,
53596,,,,,,,,,,,,,19.013536,29.147974,0.124229,0.165104,,,,,,,,,,,,
53588,,,,,,,,,,,,,,,,,,,,-0.828381,-0.968319,0.636142,,,,,,
53595,,,,,,,,,,,,,,,,,,,,-0.825277,-0.965780,0.665351,,,,,,
53600,,,,,,,,,,,,,,,,,,,,,,,0.007625,0.079666,1.028460,-10.640000,-19.459999,138.179993
53605,,,,,,,,,,,,,,,,,,,,,,,0.012749,0.112057,1.030107,-11.690000,-16.520000,137.830002
53607,,,,-0.812756,-0.945083,0.747325,0.376141,2.308013,,,,,,,,,,,,,,,,,,,,
53609,,,,,,,,,,,22.593174,37.219765,,,,,0.022708,0.008641,0.083698,,,,,,,,,
53610,,,,,,,,,,,,,18.769804,29.672762,0.125103,0.178440,,,,-0.822103,-0.963085,0.688848,,,,,,
53614,,,,,,,,,,,,,,,,,,,,,,,0.012749,0.112057,1.030107,-7.770000,-0.630000,131.600006
53619,,,,,,,,,,,,,18.619944,30.055319,0.127492,0.175948,,,,,,,0.019276,0.087901,0.994361,-2.100000,5.670000,135.380005
53618,,,,,,,,,,,,,,,,,,,,-0.819184,-0.960439,0.709524,,,,,,
53626,,,,,,,,,,,,,,,,,,,,-0.816273,-0.957470,0.733150,,,,,,
53637,,,,,,,,,,,,,18.816652,30.328276,0.126229,0.174541,,,,,,,,,,,,
53639,,,,,,,,,,,,,,,,,,,,,,,0.019276,0.087901,0.994361,-4.270000,4.480000,141.050003
53640,,,,,,,,,,,,,,,,,,,,-0.813290,-0.954388,0.759883,,,,,,
53645,,,,,,,,,,,,,,,,,,,,,,,0.029768,0.099125,1.066524,-4.900000,-16.240000,141.679993
53649,,,,,,,,,,,,,,,,,,,,,,,0.029768,0.099125,1.066524,0.350000,-9.030000,147.070007
53650,,,,,,,,,,,,,18.746105,30.929506,0.127766,0.169588,,,,,,,,,,,,
53648,,,,,,,,,,,,,,,,,,,,-0.810341,-0.951230,0.783824,,,,,,
53657,,,,-0.799078,-0.930599,0.881287,0.390087,2.575342,,,,,,,,,,,,,,,,,,,,
53659,,,,,,,,,,,22.480520,38.971394,,,0.122971,0.187647,0.022637,0.006762,0.098094,,,,,,,,,
53660,,,,,,,,,,,,,19.160135,31.104830,,,,,,,,,,,,,,
53656,,,,,,,,,,,,,,,,,,,,-0.807408,-0.948039,0.807827,,,,,,
53663,,,,,,,,,,,,,,,,,,,,,,,0.056120,0.075945,0.930433,4.620000,19.600000,142.940002
53668,,,,,,,,,,,,,,,,,,,,,,,0.056120,0.075945,0.930433,-5.950000,32.689999,144.899994
53669,,,,,,,,,,,,,18.974138,31.306646,0.125639,0.187141,,,,,,,,,,,,
53672,,,,,,,,,,,,,,,,,,,,-0.804313,-0.944605,0.835027,,,,,,
53679,,,,,,,,,,,,,19.244888,31.808161,0.123493,0.183410,,,,,,,0.049105,0.123586,1.036573,-10.570000,9.590000,152.110001
53680,,,,,,,,,,,,,,,,,,,,-0.801209,-0.940986,0.865380,,,,,,
53696,,,,,,,,,,,,,19.130829,31.986818,0.125379,0.183004,,,,,,,,,,,,
53687,,,,,,,,,,,,,,,,,,,,-0.798460,-0.937159,0.892889,,,,,,
53699,,,,,,,,,,,,,,,,,,,,,,,0.049105,0.123586,1.036573,-13.650000,-20.719999,158.830002
53704,,,,,,,,,,,,,,,,,,,,,,,0.028182,0.103456,1.047248,-1.050000,-17.639999,161.979996
53702,,,,,,,,,,,,,,,,,,,,-0.795820,-0.933495,0.917501,,,,,,
53707,,,,-0.786908,-0.913508,1.021978,0.408262,2.766460,,,,,,,,,,,,,,,,,,,,
53709,,,,,,,,,,,22.608553,40.433601,19.335836,32.582233,0.125259,0.193669,0.021507,0.005168,0.105771,,,,,,,,,
53710,,,,,,,,,,,,,,,,,,,,-0.793355,-0.929974,0.945454,,,,,,
53713,,,,,,,,,,,,,,,,,,,,,,,0.028182,0.103456,1.047248,-0.630000,-0.770000,168.279999
53719,,,,,,,,,,,,,19.649675,33.048862,0.122606,0.190346,,,,,,,0.006039,0.095282,1.081164,-8.540000,0.490000,166.740005
53718,,,,,,,,,,,,,,,,,,,,-0.790768,-0.926206,0.973573,,,,,,
53729,,,,,,,,,,,,,19.243483,33.769855,0.127538,0.184224,,,,,,,0.006039,0.095282,1.081164,-11.480000,-1.680000,174.580002
53727,,,,,,,,,,,,,,,,,,,,-0.788343,-0.922015,1.004981,,,,,,
53739,,,,,,,,,,,,,19.522003,33.964851,0.125280,0.183541,,,,,,,0.048373,0.154513,0.909571,-8.120000,17.219999,177.589996
53742,,,,,,,,,,,,,,,,,,,,-0.786082,-0.917827,1.033451,,,,,,
53756,,,,,,,,,,,,,19.655222,34.390961,0.124508,0.180361,,,,,,,,,,,,
53758,,,,-0.776609,-0.893591,1.162852,0.432984,2.838830,,,,,,,,,,,,,,,,,,,,
53760,,,,,,,,,,,24.605276,43.597729,,,,,0.025437,0.004293,0.127805,-0.781466,-0.909058,1.094502,,,,,,
53751,,,,,,,,,,,,,,,,,,,,-0.783737,-0.913467,1.062219,,,,,,
53763,,,,,,,,,,,,,,,,,,,,,,,0.048373,0.154513,0.909571,0.700000,7.910000,184.449997
53768,,,,,,,,,,,,,,,,,,,,,,,0.033977,0.146522,1.051640,0.630000,9.380000,186.199997
53769,,,,,,,,,,,,,19.458599,34.777946,0.148427,0.211127,,,,,,,,,,,,
53771,,,,,,,,,,,,,,,,,,,,-0.781466,-0.909058,1.094502,,,,,,
53773,,,,,,,,,,,,,,,,,,,,,,,0.008723,0.146522,1.051640,-0.700000,7.280000,186.199997
53778,,,,,,,,,,,,,,,,,,,,,,,0.008723,0.146522,1.051640,-3.360000,3.570000,184.589996
53779,,,,,,,,,,,,,19.674393,35.315697,0.147207,0.207251,,,,-0.779495,-0.904649,1.130298,,,,,,
53789,,,,,,,,,,,,,19.830793,35.722019,0.146572,0.204659,,,,,,,0.027999,0.148657,1.062437,-3.990000,-8.330000,189.210007
53788,,,,,,,,,,,,,,,,,,,,-0.777526,-0.899983,1.166517,,,,,,
53798,,,,,,,,,,,,,,,,,,,,-0.777526,-0.899983,1.166517,0.027999,0.148657,1.062437,-5.950000,-21.980000,190.610001
53799,,,,,,,,,,,,,19.982559,36.650364,0.145954,0.196436,,,,,,,,,,,,
53807,,,,-0.768523,-0.870658,1.297249,0.466156,2.773336,,,,,,,,,,,,,,,,,,,,
53809,,,,,,,,,,,28.054232,46.986408,,,,,0.030257,0.003244,0.128831,,,,,,,,,
53820,,,,,,,,,,,,,20.468327,37.103329,0.178401,0.229076,,,,,,,,,,,,
53814,,,,,,,,,,,,,,,,,,,,-0.773925,-0.890821,1.226798,,,,,,
53824,,,,,,,,,,,,,,,,,,,,,,,0.051911,0.152927,0.981673,-3.850000,5.320000,183.889999
53823,,,,,,,,,,,,,,,,,,,,-0.771294,-0.881342,1.295359,,,,,,
53829,,,,,,,,,,,,,20.741663,37.084763,0.177077,0.231332,,,,,,,0.041907,0.158783,1.042856,5.600000,-3.430000,182.839996
53834,,,,,,,,,,,,,,,,,,,,,,,0.041907,0.158783,1.042856,-1.680000,-14.070000,184.309998
53832,,,,,,,,,,,,,,,,,,,,-0.770305,-0.876253,1.326781,,,,,,
53839,,,,,,,,,,,,,21.289160,37.781048,0.172784,0.225997,,,,,,,0.041907,0.158783,1.042856,-2.660000,-22.959999,183.190002
53840,,,,,,,,,,,,,,,,,,,,-0.769094,-0.871161,1.358615,,,,,,
53849,,,,,,,,,,,,,21.867668,38.568920,0.168046,0.219543,,,,,,,0.097539,0.140849,1.028948,-12.950000,-21.209999,183.889999
53848,,,,,,,,,,,,,,,,,,,,-0.768137,-0.866029,1.394565,,,,,,
53857,,,,-0.762957,-0.844550,1.419966,0.508861,2.584937,,,,,,,,,,,,,,,,,,,,
53859,,,,,,,,,,,30.874220,45.870144,,,,,0.022984,-0.001175,0.031417,,,,,,,,,
53860,,,,,,,,,,,,,22.612146,38.770924,0.191388,0.207290,,,,,,,,,,,,
53856,,,,,,,,,,,,,,,,,,,,-0.767409,-0.860740,1.427336,,,,,,
53863,,,,,,,,,,,,,,,,,,,,,,,0.097539,0.140849,1.028948,-6.160000,-4.130000,181.649994
53879,,,,,,,,,,,,,23.155355,39.229046,0.187337,0.203902,,,,,,,,,,,,
53875,,,,,,,,,,,,,,,,,,,,-0.772438,-0.886022,1.264278,,,,,,
53883,,,,,,,,,,,,,,,,,,,,-0.766443,-0.849630,1.490504,0.103761,0.164273,1.021323,5.810000,-4.340000,162.539993
53889,,,,,,,,,,,,,23.982805,39.757153,0.180154,0.199674,,,,,,,0.099674,0.156099,1.052555,-0.910000,-5.320000,153.020004
53891,,,,,,,,,,,,,,,,,,,,-0.766198,-0.843932,1.516863,,,,,,
53894,,,,,,,,,,,,,,,,,,,,,,,0.099674,0.156099,1.052555,1.540000,-11.900000,147.910004
53899,,,,,,,,,,,,,25.087381,39.995998,0.169853,0.198410,,,,,,,0.099674,0.156099,1.052555,-8.050000,-13.790000,145.039993
53898,,,,,,,,,,,,,,,,,,,,-0.765910,-0.838243,1.547636,,,,,,
53907,,,,-0.760168,-0.815145,1.528033,0.561174,2.313931,,,,,,,,,,,,,,,,,,,,
53909,,,,,,,,,,,35.915962,47.686539,,,0.221776,0.213001,0.023477,-0.005114,-0.017822,,,,,,,,,
53910,,,,,,,,,,,,,25.355713,40.554317,,,,,,,,,,,,,,
53921,,,,,,,,,,,,,25.967127,40.608364,0.217480,0.213912,,,,,,,,,,,,
53917,,,,,,,,,,,,,,,,,,,,-0.765826,-0.826752,1.594147,,,,,,
53924,,,,,,,,,,,,,,,,,,,,,,,0.066856,0.132309,0.984845,11.060000,1.050000,130.970001
53926,,,,,,,,,,,,,,,,,,,,-0.766237,-0.820624,1.621052,,,,,,
53929,,,,,,,,,,,,,27.273825,40.949230,0.205669,0.211765,,,,,,,0.065697,0.128405,1.027972,-4.340000,-5.390000,122.220001
53934,,,,,,,,,,,,,,,,,,,,,,,0.065697,0.128405,1.027972,-6.440000,-10.710000,113.190002
53935,,,,,,,,,,,,,,,,,,,,-0.766900,-0.855146,1.460586,,,,,,
53939,,,,,,,,,,,,,,,,,,,,,,,0.111264,0.145058,1.024556,-8.680000,-14.070000,109.129997
53940,,,,,,,,,,,,,28.333843,40.917458,0.196207,0.213507,,,,,,,,,,,,
53943,,,,,,,,,,,,,,,,,,,,-0.766436,-0.814643,1.640076,,,,,,
53949,,,,,,,,,,,,,29.032261,41.350838,0.190366,0.210312,,,,,,,0.111264,0.145058,1.024556,-5.040000,-0.490000,98.419998
53952,,,,,,,,,,,,,,,,,,,,-0.766961,-0.808637,1.658930,,,,,,
53957,,,,-0.760351,-0.782367,1.620558,0.622221,2.006036,,,,,,,,,,,,,,,,,,,,
53959,,,,,,,,,,,41.685001,50.801380,29.709440,41.658798,0.245901,0.241455,0.025737,-0.008895,-0.038442,,,,,,,,,
53962,,,,,,,,,,,,,,,,,,,,,,,0.096380,0.092720,0.989542,0.350000,12.250000,89.809998
53960,,,,,,,,,,,,,,,,,,,,-0.767739,-0.802520,1.673872,,,,,,
53976,,,,,,,,,,,,,30.926493,41.968842,0.235465,0.240066,,,,,,,,,,,,
53969,,,,,,,,,,,,,,,,,,,,-0.768585,-0.796479,1.688728,,,,,,
53977,,,,,,,,,,,,,,,,,,,,-0.769415,-0.789985,1.703513,,,,,,
53980,,,,,,,,,,,,,,,,,,,,,,,0.096380,0.092720,0.989542,-4.340000,-16.030001,76.370003
53985,,,,,,,,,,,,,,,,,,,,,,,0.093452,0.086925,1.048224,-1.190000,-16.799999,72.029999
53989,,,,,,,,,,,,,31.894442,42.443951,0.227422,0.236858,,,,,,,,,,,,
53990,,,,,,,,,,,,,,,,,,,,,,,0.093452,0.086925,1.048224,5.600000,-0.910000,67.339996
53992,,,,,,,,,,,,,,,,,,,,-0.770387,-0.783767,1.718182,,,,,,
53999,,,,,,,,,,,,,32.860897,42.284973,0.219193,0.240288,,,,,,,0.165676,0.063501,1.054202,-13.580000,11.410000,61.740002
54000,,,,,,,,,,,,,,,,,,,,-0.771364,-0.777322,1.729135,,,,,,
54007,,,,-0.763629,-0.746189,1.698061,0.690404,1.696925,,,,,,,,,,,,-0.772478,-0.770741,1.739988,,,,,,
54009,,,,,,,,,,,47.910835,55.349613,,,,,0.029658,-0.012570,-0.032501,,,,,,,,,
54010,,,,,,,,,,,,,33.962090,42.943661,0.275480,0.283389,,,,,,,,,,,,
54013,,,,,,,,,,,,,,,,,,,,,,,0.165676,0.063501,1.054202,4.270000,-9.380000,61.529999
54018,,,,,,,,,,,,,,,,,,,,,,,0.121512,0.053985,0.964471,-2.170000,-3.570000,60.900002
54019,,,,,,,,,,,,,35.432484,43.560978,0.262763,0.279414,,,,,,,,,,,,
54022,,,,,,,,,,,,,,,,,,,,-0.773523,-0.764070,1.750821,,,,,,
54037,,,,,,,,,,,,,36.796936,44.243557,0.250866,0.274618,,,,,,,,,,,,
54031,,,,,,,,,,,,,,,,,,,,-0.774933,-0.757221,1.761577,,,,,,
54041,,,,,,,,,,,,,,,,,,,,-0.776197,-0.750224,1.768768,0.121512,0.053985,0.964471,-3.640000,-11.410000,54.320000
54046,,,,,,,,,,,,,,,,,,,,,,,0.180560,0.052582,1.082323,21.910000,-7.420000,55.580002
54049,,,,,,,,,,,,,38.273308,45.452942,0.237495,0.264082,,,,,,,,,,,,
54051,,,,,,,,,,,,,,,,,,,,,,,0.172264,0.030134,0.907436,30.170000,6.090000,56.070000
54052,,,,,,,,,,,,,,,,,,,,-0.776197,-0.750224,1.768768,,,,,,
54057,,,,-0.770041,-0.706637,1.761780,0.763649,1.407466,,,,,,,,,,,,,,,,,,,,
54059,,,,,,,,,,,56.054760,62.837219,,,0.317673,0.338230,0.041011,-0.014733,-0.009352,,,,,,,,,
54060,,,,,,,,,,,,,39.060055,46.155903,,,,,,,,,,,,,,
54063,,,,,,,,,,,,,,,,,,,,,,,0.172264,0.030134,0.907436,21.559999,25.760000,59.360001
54061,,,,,,,,,,,,,,,,,,,,-0.777629,-0.742871,1.779517,,,,,,
54069,,,,,,,,,,,,,40.261490,47.369839,0.308448,0.328808,,,,,,,0.172264,0.030134,0.907436,7.140000,18.480000,62.720001
54070,,,,,,,,,,,,,,,,,,,,-0.779035,-0.735563,1.790196,,,,,,
54079,,,,,,,,,,,,,42.059708,48.586254,0.292632,0.319106,,,,,,,0.147742,0.072895,1.037732,5.460000,-28.350000,63.139999
54078,,,,,,,,,,,,,,,,,,,,-0.780612,-0.728076,1.800787,,,,,,
54097,,,,,,,,,,,,,43.558750,49.992847,0.279620,0.307130,,,,,,,,,,,,
54094,,,,,,,,,,,,,,,,,,,,-0.783937,-0.712725,1.825408,,,,,,
54099,,,,,,,,,,,,,,,,,,,,,,,0.147742,0.084241,1.049932,3.430000,9.100000,64.820000
54104,,,,,,,,,,,,,,,,,,,,,,,0.218563,0.084241,1.049932,-6.020000,12.180000,60.340000
54102,,,,,,,,,,,,,,,,,,,,-0.786188,-0.704689,1.835926,,,,,,
54107,,,,-0.779533,-0.663791,1.813174,0.839609,1.146260,,,,,,,,,,,,,,,,,,,,
54109,,,,,,,,,,,61.223782,65.738358,,,,,0.038472,-0.017205,-0.022305,,,,,,,,,
54110,,,,,,,,,,,,,44.955723,51.199909,0.322302,0.327805,,,,-0.788471,-0.696460,1.846286,,,,,,
54114,,,,,,,,,,,,,,,,,,,,,,,0.223870,0.093452,0.945622,3.780000,3.220000,58.660000
54119,,,,,,,,,,,,,46.529148,52.943459,0.308973,0.312309,,,,,,,0.223870,0.093452,0.945622,-13.720000,5.040000,64.120003
54118,,,,,,,,,,,,,,,,,,,,-0.790745,-0.688236,1.856707,,,,,,
54126,,,,,,,,,,,,,,,,,,,,-0.793545,-0.679627,1.867005,,,,,,
54129,,,,,,,,,,,,,47.997684,53.947689,0.296431,0.304304,,,,,,,0.188063,0.105652,1.013393,-11.480000,0.770000,61.669998
54138,,,,,,,,,,,,,,,,,,,,,,,0.188063,0.105652,1.013393,14.560000,-11.340000,55.299999
54139,,,,,,,,,,,,,49.142601,54.696266,0.287022,0.298807,,,,,,,,,,,,
54140,,,,,,,,,,,,,,,,,,,,-0.796004,-0.670993,1.877347,,,,,,
54156,,,,,,,,,,,,,50.513767,55.841278,0.274970,0.288942,,,,,,,,,,,,
54158,,,,-0.791955,-0.617787,1.853634,0.915817,0.914188,,,,,,,,,,,,,,,,,,,,
54160,,,,,,,,,,,69.756096,72.660561,,,,,0.048939,-0.019961,-0.024333,,,,,,,,,
54159,,,,,,,,,,,,,,,,,,,,-0.801866,-0.653686,1.894446,,,,,,
54161,,,,,,,,,,,,,52.168724,56.651291,0.350274,0.355946,,,,,,,,,,,,
54163,,,,,,,,,,,,,,,,,,,,,,,0.179035,0.078507,1.080005,-23.940001,2.030000,45.639999
54169,,,,,,,,,,,,,53.289219,57.731880,0.342032,0.347800,,,,-0.801866,-0.653686,1.894446,0.127063,0.056242,0.925614,-3.710000,14.350000,47.180000
54174,,,,,,,,,,,,,,,,,,,,,,,0.127063,0.056242,0.925614,6.440000,21.629999,42.630001
54179,,,,,,,,,,,,,,,0.328389,0.341322,,,,-0.801866,-0.653686,1.894446,0.127063,0.056242,0.925614,4.410000,8.750000,42.770000
54180,,,,,,,,,,,,,54.896187,58.634239,,,,,,,,,,,,,,
54189,,,,,,,,,,,,,55.872944,60.157352,0.321107,0.328061,,,,,,,0.197518,0.080154,1.102758,-11.130000,-10.920000,42.139999
54187,,,,,,,,,,,,,,,,,,,,-0.804542,-0.644616,1.908097,,,,,,
54195,,,,,,,,,,,,,,,,,,,,-0.807618,-0.635307,1.914813,,,,,,
54199,,,,,,,,,,,,,57.405621,61.010521,0.307714,0.321601,,,,,,,0.197518,0.080154,1.102758,11.900000,-9.940000,35.349998
54204,,,,,,,,,,,,,,,,,,,,-0.814377,-0.616511,1.924948,,,,,,
54218,,,,-0.807057,-0.568817,1.884352,0.989799,0.708197,,,,,,,,,,,,,,,,,,,,
54220,,,,,,,,,,,73.877724,74.423340,,,,,0.043038,-0.023379,-0.039451,,,,,,,,,
54221,,,,,,,,,,,,,58.474358,62.003777,0.342724,0.332205,,,,,,,,,,,,
54213,,,,,,,,,,,,,,,,,,,,-0.817921,-0.607019,1.931679,,,,,,
54223,,,,,,,,,,,,,,,,,,,,,,,0.176656,0.069235,0.927200,-30.309999,39.759998,31.570000
54222,,,,,,,,,,,,,,,,,,,,-0.821640,-0.597462,1.938362,,,,,,
54229,,,,,,,,,,,,,59.508430,63.165287,0.334946,0.322451,,,,,,,0.154025,0.041114,0.883036,-15.540000,11.480000,33.529999
54230,,,,,,,,,,,,,,,,,,,,-0.825338,-0.587303,1.945000,,,,,,
54234,,,,,,,,,,,,,,,,,,,,,,,0.154025,0.041114,0.883036,8.750000,4.690000,33.250000
54239,,,,,,,,,,,,,,,,,,,,,,,0.154025,0.050447,1.113311,17.920000,-13.160000,26.389999
54240,,,,,,,,,,,,,61.177036,63.725025,0.320211,0.318849,,,,,,,,,,,,
54238,,,,,,,,,,,,,,,,,,,,-0.829363,-0.577261,1.948205,,,,,,
54258,,,,-0.824492,-0.517127,1.906278,1.059153,0.523682,,,,,,,,,,,,,,,,,,,,
54259,,,,,,,,,,,81.927666,80.966789,,,,,0.053524,-0.026680,-0.041856,,,,,,,,,
54261,,,,,,,,,,,,,62.333672,64.736099,0.396098,0.379859,,,,,,,,,,,,
54254,,,,,,,,,,,,,,,,,,,,-0.810950,-0.625989,1.914799,,,,,,
54263,,,,,,,,,,,,,,,,,,,,,,,0.127246,0.050447,1.113311,-10.150000,3.010000,12.600000
54262,,,,,,,,,,,,,,,,,,,,-0.837114,-0.557477,1.951763,,,,,,
54268,,,,,,,,,,,,,,,,,,,,,,,0.088511,0.034526,0.886452,28.139999,12.740000,11.690000
54269,,,,,,,,,,,,,64.101067,66.122467,0.381402,0.368511,,,,,,,,,,,,
54270,,,,,,,,,,,,,,,,,,,,-0.841100,-0.547593,1.955146,,,,,,
54274,,,,,,,,,,,,,,,,,,,,,,,0.088511,0.034526,0.886452,11.480000,8.470000,10.500000
54279,,,,,,,,,,,,,65.732887,66.897408,0.367778,0.363369,,,,,,,0.150914,0.019520,0.931104,14.910000,-12.250000,7.210000
54278,,,,,,,,,,,,,,,,,,,,-0.845191,-0.537340,1.958457,,,,,,
54289,,,,,,,,,,,,,67.095505,68.075333,0.356674,0.353785,,,,,,,0.150914,0.019520,0.931104,-6.230000,-35.630001,-2.590000
54293,,,,,,,,,,,,,,,,,,,,-0.849282,-0.526816,1.961821,,,,,,
54299,,,,,,,,,,,,,68.493088,69.317520,0.344914,0.343273,,,,,,,0.161467,0.031171,0.867420,-13.440000,-19.670000,-17.010000
54301,,,,,,,,,,,,,,,,,,,,-0.853583,-0.516312,1.955169,,,,,,
54307,,,,-0.843824,-0.463015,1.920122,1.121633,0.355728,,,,,,,,,,,,,,,,,,,,
54309,,,,,,,,,,,84.266830,82.579285,,,,,0.046590,-0.029053,-0.035096,,,,,,,,,
54310,,,,,,,,,,,,,69.717018,70.410698,0.359563,0.351217,,,,,,,,,,,,
54321,,,,,,,,,,,,,70.667458,70.750801,0.352495,0.350139,,,,,,,,,,,,
54318,,,,,,,,,,,,,,,,,,,,-0.862337,-0.494369,1.951813,,,,,,
54324,,,,,,,,,,,,,,,,,,,,,,,0.161467,0.031171,0.867420,0.770000,13.090000,-15.820000
54326,,,,,,,,,,,,,,,,,,,,-0.866790,-0.483254,1.948385,,,,,,
54329,,,,,,,,,,,,,71.995117,71.438461,0.341222,0.345297,,,,,,,0.140788,-0.022265,0.839299,10.360000,1.540000,-13.720000
54334,,,,,,,,,,,,,,,,,,,,,,,0.141581,-0.044896,0.972584,-17.219999,-6.650000,-14.140000
54339,,,,,,,,,,,,,73.264854,72.244820,0.330288,0.339050,,,,,,,0.141581,-0.044896,0.972584,-25.059999,-12.110000,-17.080000
54341,,,,,,,,,,,,,,,,,,,,-0.871103,-0.472106,1.945083,,,,,,
54349,,,,,,,,,,,,,73.795090,72.936836,0.326946,0.333850,,,,,,,0.141581,-0.044896,0.972584,3.990000,7.700000,-18.270000
54348,,,,,,,,,,,,,,,,,,,,-0.875724,-0.460865,1.941732,,,,,,
54357,,,,-0.864531,-0.406828,1.926368,1.175209,0.199645,,,,,,,,,,,,-0.880239,-0.449103,1.938440,,,,,,
54359,,,,,,,,,,,87.416344,86.143356,,,,,0.046462,-0.030041,-0.015830,,,,,,,,,
54360,,,,,,,,,,,,,74.539062,73.298271,0.354687,0.369887,,,,,,,,,,,,
54363,,,,,,,,,,,,,,,,,,,,,,,0.091622,-0.058194,0.859612,-0.490000,37.939999,-15.540000
54376,,,,,,,,,,,,,75.236946,74.192947,0.349955,0.363057,,,,,,,,,,,,
54371,,,,,,,,,,,,,,,,,,,,-0.884763,-0.437549,1.934890,,,,,,
54379,,,,,,,,,,,,,,,,,,,,,,,0.091622,-0.058194,0.859612,14.280000,-21.559999,-19.950001
54380,,,,,,,,,,,,,,,,,,,,-0.889088,-0.425857,1.931527,,,,,,
54385,,,,,,,,,,,,,,,,,,,,,,,0.078202,-0.043737,1.083543,-0.420000,-32.480000,-18.760000
54389,,,,,,,,,,,,,76.052307,75.173889,0.343829,0.355125,,,,,,,,,,,,
54390,,,,,,,,,,,,,,,,,,,,,,,0.078202,-0.040870,0.845704,14.280000,-41.020000,-15.050000
54388,,,,,,,,,,,,,,,,,,,,-0.893820,-0.414332,1.928159,,,,,,
54398,,,,,,,,,,,,,,,,,,,,,,,0.092354,-0.040870,0.845704,-16.799999,-2.450000,-2.800000
54396,,,,,,,,,,,,,,,,,,,,-0.898171,-0.402852,1.928335,,,,,,
54399,,,,,,,,,,,,,77.065971,76.326874,0.335426,0.345159,,,,,,,,,,,,
54407,,,,-0.886024,-0.348959,1.925292,1.218135,0.051107,,,,,,,,,,,,,,,,,,,,
54409,,,,,,,,,,,90.042519,88.835869,,,,,0.046317,-0.030257,-0.003633,,,,,,,,,
54410,,,,,,,,,,,,,77.541542,76.919670,0.360433,0.369514,,,,,,,,,,,,
54413,,,,,,,,,,,,,,,,,,,,,,,0.092354,-0.040870,0.870897,10.850000,42.700001,-4.060000
54411,,,,,,,,,,,,,,,,,,,,-0.902983,-0.390638,1.921567,,,,,,
54419,,,,,,,,,,,,,78.436844,77.339973,0.353524,0.367531,,,,-0.907598,-0.378438,1.924874,0.107970,-0.053497,0.870897,-26.040001,38.849998,-0.490000
54436,,,,,,,,,,,,,79.007759,78.084854,0.349876,0.362011,,,,,,,,,,,,
54427,,,,,,,,,,,,,,,,,,,,-0.912283,-0.366438,1.924692,,,,,,
54439,,,,,,,,,,,,,,,,,,,,,,,0.092720,-0.043920,0.864919,11.550000,-12.530000,-3.290000
54444,,,,,,,,,,,,,,,,,,,,,,,0.092720,-0.043920,0.864919,4.340000,-22.469999,-0.700000
54441,,,,,,,,,,,,,,,,,,,,-0.916773,-0.354114,1.924834,,,,,,
54449,,,,,,,,,,,,,79.745514,78.968979,0.344336,0.354857,,,,-0.921376,-0.341849,1.921462,0.071309,-0.011346,1.053592,12.880000,-36.540001,-3.150000
54457,,,,-0.907664,-0.289846,1.916970,1.248999,-0.093917,,,,,,,,,,,,,,,,,,,,
54459,,,,,,,,,,,91.864182,89.746323,,,,,0.044302,-0.030693,-0.004519,,,,,,,,,
54460,,,,,,,,,,,,,80.639832,79.986450,0.356335,0.355776,,,,,,,,,,,,
54458,,,,,,,,,,,,,,,,,,,,-0.925810,-0.329643,1.924901,,,,,,
54463,,,,,,,,,,,,,,,,,,,,,,,0.071309,-0.011346,1.053592,-39.480000,-21.350000,-9.450000
54468,,,,,,,,,,,,,,,,,,,,,,,0.058072,0.012200,0.715957,10.430000,45.919998,-2.030000
54469,,,,,,,,,,,,,81.145981,80.596230,0.353295,0.351330,,,,,,,,,,,,
54472,,,,,,,,,,,,,,,,,,,,-0.930342,-0.317027,1.921556,,,,,,
54479,,,,,,,,,,,,,81.444016,80.981453,0.352362,0.349144,,,,,,,0.058072,0.012200,0.715957,-10.570000,32.410000,1.960000
54482,,,,,,,,,,,,,,,,,,,,-0.934951,-0.303853,1.918128,,,,,,
54496,,,,,,,,,,,,,82.192207,81.167412,0.346583,0.348994,,,,,,,,,,,,
54491,,,,,,,,,,,,,,,,,,,,-0.939741,-0.291038,1.921413,,,,,,
54499,,,,,,,,,,,,,,,,,,,,-0.944677,-0.278388,1.918154,0.077714,-0.009272,0.944707,-10.850000,-14.350000,-7.070000
54505,,,,,,,,,,,,,,,,,,,,,,,0.011773,-0.041175,0.970937,25.410000,-17.850000,-9.870000
54507,,,,-0.928777,-0.229962,1.901282,1.266765,-0.239347,,,,,,,,,,,,-0.948985,-0.265921,1.921458,,,,,,
54509,,,,,,,,,,,92.761192,88.832565,,,,,0.040359,-0.031379,-0.016359,,,,,,,,,
54510,,,,,,,,,,,,,82.692162,81.829895,0.352817,0.334034,,,,,,,,,,,,
54514,,,,,,,,,,,,,,,,,,,,,,,0.011773,-0.041175,0.970937,2.730000,-25.129999,-15.330000
54516,,,,,,,,,,,,,,,,,,,,-0.953541,-0.253080,1.921556,,,,,,
54519,,,,,,,,,,,,,83.471535,82.167091,0.346634,0.331910,,,,,,,,,,,,
54520,,,,,,,,,,,,,,,,,,,,,,,0.011773,-0.041175,0.970937,-14.630000,-35.139999,-14.280000
54528,,,,,,,,,,,,,,,,,,,,,,,0.037271,-0.034587,0.917501,16.660000,-27.090000,-23.030001
54529,,,,,,,,,,,,,83.931450,82.833893,0.343682,0.326214,,,,,,,,,,,,
54531,,,,,,,,,,,,,,,,,,,,-0.958107,-0.240793,1.914844,,,,,,
54539,,,,,,,,,,,,,84.319801,82.848320,0.341396,0.327310,,,,,,,0.037271,-0.034587,0.917501,-24.920000,-0.280000,-31.150000
54538,,,,,,,,,,,,,,,,,,,,-0.962956,-0.227808,1.911459,,,,,,
54557,,,,-0.948673,-0.169817,1.877894,1.270811,-0.389259,,,,,,,,,,,,,,,,,,,,
54559,,,,,,,,,,,96.498390,90.325905,,,,,0.048845,-0.032777,-0.032943,,,,,,,,,
54560,,,,,,,,,,,,,84.495827,82.726379,0.380992,0.345719,,,,,,,,,,,,
54546,,,,,,,,,,,,,,,,,,,,-0.967403,-0.214945,1.904634,,,,,,
54563,,,,,,,,,,,,,,,,,,,,,,,0.008235,-0.026657,0.852963,8.820000,18.690001,-36.259998
54561,,,,,,,,,,,,,,,,,,,,-0.972280,-0.201998,1.894321,,,,,,
54569,,,,,,,,,,,,,85.091820,82.436584,0.377160,0.350381,,,,-0.976841,-0.188859,1.890910,0.006527,-0.075396,0.996191,-10.010000,12.950000,-40.180000
54574,,,,,,,,,,,,,,,,,,,,,,,0.006527,-0.075396,0.996191,11.410000,-0.140000,-41.720001
54579,,,,,,,,,,,,,,,,,,,,,,,0.001281,-0.137921,0.915549,29.820000,-8.120000,-52.570000
54580,,,,,,,,,,,,,86.058174,82.791061,0.369269,0.348259,,,,,,,,,,,,
54578,,,,,,,,,,,,,,,,,,,,-0.981260,-0.175813,1.884026,,,,,,
54596,,,,,,,,,,,,,86.700066,82.954086,0.364624,0.348096,,,,,,,,,,,,
54585,,,,,,,,,,,,,,,,,,,,-0.985252,-0.162804,1.873787,,,,,,
54600,,,,,,,,,,,,,,,,,,,,-0.989372,-0.149903,1.863568,0.001281,-0.137921,0.915549,22.750000,-48.790001,-68.879997
54605,,,,,,,,,,,,,,,,,,,,,,,0.035868,-0.117486,0.926956,-18.059999,-23.590000,-69.089996
54607,,,,-0.966670,-0.109951,1.846218,1.260945,-0.548229,,,,,,,,,,,,,,,,,,,,
54610,,,,,,,,,,,91.212097,85.381470,87.277412,83.329544,0.304364,0.293108,0.032801,-0.033232,-0.018413,,,,,,,,,
54608,,,,,,,,,,,,,,,,,,,,-0.993386,-0.136903,1.853257,,,,,,
54615,,,,,,,,,,,,,,,,,,,,,,,0.035868,-0.117486,0.926956,16.309999,-12.950000,-69.720001
54616,,,,,,,,,,,,,,,,,,,,-0.997251,-0.124057,1.839364,,,,,,
54619,,,,,,,,,,,,,87.790474,83.272461,0.299732,0.294142,,,,,,,,,,,,
54621,,,,,,,,,,,,,,,,,,,,,,,0.028853,-0.124806,0.823683,0.980000,0.840000,-76.230003
54629,,,,,,,,,,,,,87.533775,82.638969,0.303172,0.301312,,,,,,,0.028853,-0.124806,0.823683,-5.460000,21.420000,-74.480003
54630,,,,,,,,,,,,,,,,,,,,-1.001123,-0.110791,1.828932,,,,,,
54639,,,,,,,,,,,,,87.349419,82.135048,0.305898,0.307238,,,,,,,-0.031293,-0.188490,1.065060,-4.130000,21.840000,-74.620003
54638,,,,,,,,,,,,,,,,,,,,-1.005098,-0.097216,1.814884,,,,,,
54658,,,,-0.982112,-0.050930,1.805358,1.237428,-0.721776,,,,,,,,,,,,,,,,,,,,
54659,,,,,,,,,,,91.419014,85.398605,,,,,0.038389,-0.033419,-0.009660,,,,,,,,,
54660,,,,,,,,,,,,,86.929596,81.751999,0.313361,0.312166,,,,,,,,,,,,
54647,,,,,,,,,,,,,,,,,,,,-1.008465,-0.083599,1.800767,,,,,,
54661,,,,,,,,,,,,,,,,,,,,-1.011463,-0.070277,1.790108,,,,,,
54664,,,,,,,,,,,,,,,,,,,,,,,-0.031293,-0.188490,1.065060,34.439999,20.440001,-62.860001
54669,,,,,,,,,,,,,86.593834,81.652573,0.317864,0.313982,,,,-1.014249,-0.056783,1.779488,-0.069113,-0.212036,0.982344,0.980000,27.440001,-68.250000
54675,,,,,,,,,,,,,,,,,,,,,,,-0.102541,-0.179401,0.781898,-5.110000,22.400000,-69.440002
54679,,,,,,,,,,,,,86.518692,81.814774,0.319668,0.313039,,,,,,,,,,,,
54677,,,,,,,,,,,,,,,,,,,,-1.017149,-0.043312,1.765151,,,,,,
54680,,,,,,,,,,,,,,,,,,,,,,,-0.102541,-0.179401,0.781898,-8.960000,20.160000,-63.630001
54685,,,,,,,,,,,,,,,,,,,,-1.020012,-0.029893,1.754350,,,,,,
54689,,,,,,,,,,,,,86.341263,81.254684,0.322574,0.319737,,,,,,,-0.102541,-0.179401,0.781898,-4.410000,21.000000,-63.349998
54699,,,,,,,,,,,,,86.292488,81.466843,0.324150,0.318346,,,,,,,-0.064355,-0.156587,0.974597,5.950000,16.309999,-54.529999
54700,,,,,,,,,,,,,,,,,,,,-1.022612,-0.016433,1.743455,,,,,,
54707,,,,-0.994388,0.006661,1.754017,1.200988,-0.916903,,,,,,,,,,,,,,,,,,,,
54709,,,,,,,,,,,83.450356,77.900284,,,,,0.019072,-0.031796,0.008303,,,,,,,,,
54710,,,,,,,,,,,,,86.726021,81.619827,0.235945,0.237870,,,,,,,,,,,,
54717,,,,,,,,,,,,,,,,,,,,-1.027231,0.010040,1.725349,,,,,,
54721,,,,,,,,,,,,,85.796341,80.549980,0.245140,0.248462,,,,,,,,,,,,
54724,,,,,,,,,,,,,,,,,,,,,,,-0.064355,-0.156587,0.974597,18.969999,-15.470000,-45.290001
54726,,,,,,,,,,,,,,,,,,,,-1.029093,0.023249,1.718086,,,,,,
54730,,,,,,,,,,,,,84.775261,79.102348,0.255500,0.263291,,,,,,,-0.060268,-0.140544,1.141493,26.600000,-16.450001,-43.259998
54735,,,,,,,,,,,,,,,,,,,,,,,-0.069723,-0.140544,1.141493,22.750000,-5.810000,-45.709999
54739,,,,,,,,,,,,,83.775917,78.410065,0.265842,0.270397,,,,,,,,,,,,
54740,,,,,,,,,,,,,,,,,,,,-1.030928,0.036108,1.710766,-0.069723,-0.140544,1.141493,21.070000,20.020000,-50.470001
54749,,,,,,,,,,,,,82.540100,78.025269,0.278905,0.274379,,,,,,,-0.260958,-0.085400,0.552965,-25.620001,57.680000,-58.240002
54750,,,,,,,,,,,,,,,,,,,,-1.032835,0.049353,1.699740,,,,,,
54757,,,,-1.002945,0.062225,1.690378,1.152851,-1.142728,,,,,,,,,,,,,,,,,,,,
54759,,,,,,,,,,,78.917679,70.841164,,,,,0.009229,-0.031286,-0.009717,,,,,,,,,
54760,,,,,,,,,,,,,81.954285,77.634468,0.237159,0.203502,,,,,,,,,,,,
54758,,,,,,,,,,,,,,,,,,,,-1.034726,0.062804,1.692070,,,,,,
54763,,,,,,,,,,,,,,,,,,,,,,,-0.260958,-0.085400,0.552965,-8.540000,80.709999,-47.880001
54776,,,,,,,,,,,,,80.925766,76.293625,0.247455,0.216333,,,,,,,,,,,,
54766,,,,,,,,,,,,,,,,,,,,-1.036527,0.075734,1.684350,,,,,,
54780,,,,,,,,,,,,,,,,,,,,,,,-0.169031,-0.089060,0.942633,-26.459999,111.300003,-45.009998
54781,,,,,,,,,,,,,,,,,,,,-1.038355,0.088950,1.676349,,,,,,
54785,,,,,,,,,,,,,,,,,,,,,,,-0.169031,-0.089060,0.942633,-21.490000,136.500000,-55.439999
54789,,,,,,,,,,,,,79.835815,74.679947,0.258617,0.232342,,,,,,,,,,,,
54790,,,,,,,,,,,,,,,,,,,,-1.039741,0.102112,1.672058,-0.288408,-0.137677,0.812459,-5.460000,134.889999,-58.450001
54799,,,,,,,,,,,,,78.681747,73.795609,0.270688,0.240939,,,,,,,-0.288408,-0.137677,0.812459,10.710000,12.180000,-66.779999
54798,,,,,,,,,,,,,,,,,,,,-1.041100,0.115363,1.659183,,,,,,
54807,,,,-1.007302,0.115159,1.611967,1.094799,-1.411028,,,,,,,,,,,,,,,,,,,,
54809,,,,,,,,,,,73.885391,61.735855,,,,,-0.002671,-0.033540,-0.046863,,,,,,,,,
54810,,,,,,,,,,,,,78.194855,72.519485,0.222442,0.157138,,,,,,,,,,,,
54806,,,,,,,,,,,,,,,,,,,,-1.042102,0.127033,1.644706,,,,,,
54821,,,,,,,,,,,,,77.479660,71.243591,0.229143,0.168448,,,,-1.042946,0.138327,1.634081,,,,,,
54824,,,,,,,,,,,,,,,,,,,,,,,-0.393328,-0.082167,0.713578,7.840000,-61.389999,-80.779999
54829,,,,,,,,,,,,,76.231606,69.685730,0.241655,0.183019,,,,,,,-0.237534,-0.185928,0.687043,4.900000,-14.490000,-93.309998
54830,,,,,,,,,,,,,,,,,,,,-1.043765,0.149261,1.623172,,,,,,
54834,,,,,,,,,,,,,,,,,,,,,,,-0.237534,-0.185928,0.687043,-0.700000,12.320000,-104.230003
54839,,,,,,,,,,,,,,,0.249316,0.195670,,,,,,,-0.237534,-0.185928,0.687043,0.770000,32.549999,-115.080002
54840,,,,,,,,,,,,,75.464569,68.339256,,,,,,,,,,,,,,
54838,,,,,,,,,,,,,,,,,,,,-1.044587,0.160483,1.603462,,,,,,
54846,,,,,,,,,,,,,,,,,,,,-1.044851,0.171656,1.583875,,,,,,
54849,,,,,,,,,,,,,74.892761,66.618149,0.255062,0.212581,,,,,,,-0.355203,-0.188978,0.641842,17.080000,42.349998,-124.879997
54857,,,,-1.007063,0.164869,1.515557,1.029273,-1.736202,,,,,,,,,,,,,,,,,,,,
54859,,,,,,,,,,,69.936699,54.741302,74.097733,65.552193,0.221345,0.148572,-0.007239,-0.037607,-0.068192,,,,,,,,,
54863,,,,,,,,,,,,,,,,,,,,,,,-0.355203,-0.188978,0.641842,-12.390000,-14.210000,-138.110001
54862,,,,,,,,,,,,,,,,,,,,-1.045289,0.182255,1.558342,,,,,,
54876,,,,,,,,,,,,,73.385399,63.597633,0.228046,0.167087,,,,,,,,,,,,
54869,,,,,,,,,,,,,,,,,,,,-1.045318,0.192615,1.538474,,,,,,
54879,,,,,,,,,,,,,,,,,,,,,,,-0.321165,-0.175558,0.785802,19.180000,-4.830000,-140.350006
54878,,,,,,,,,,,,,,,,,,,,-1.045093,0.202855,1.511029,,,,,,
54885,,,,,,,,,,,,,,,,,,,,,,,-0.263398,-0.243634,0.754875,-4.830000,-2.170000,-155.539993
54886,,,,,,,,,,,,,,,,,,,,-1.044645,0.213019,1.488405,,,,,,
54889,,,,,,,,,,,,,72.435516,62.062283,0.237420,0.181555,,,,,,,,,,,,
54890,,,,,,,,,,,,,,,,,,,,,,,-0.263398,-0.243634,0.754875,9.520000,-5.740000,-160.160004
54898,,,,,,,,,,,,,,,,,,,,,,,-0.263398,-0.317627,0.937753,38.849998,-16.660000,-171.919998
54899,,,,,,,,,,,,,71.921501,60.449898,0.242361,0.197161,,,,,,,,,,,,
54900,,,,,,,,,,,,,,,,,,,,-1.043909,0.222778,1.458559,,,,,,
54907,,,,-1.001915,0.210778,1.397286,0.959527,-2.133269,,,,,,,,,,,,,,,,,,,,
54909,,,,,,,,,,,66.335106,49.549183,,,0.212576,0.158445,-0.007434,-0.042965,-0.062881,-1.042827,0.232227,1.428501,,,,,,
54910,,,,,,,,,,,,,71.084290,58.789700,,,,,,,,,,,,,,
54913,,,,,,,,,,,,,,,,,,,,,,,-0.346541,-0.317627,0.937753,16.309999,-10.710000,-179.970001
54918,,,,,,,,,,,,,,,,,,,,-1.041431,0.241495,1.395950,-0.210145,-0.314516,0.936777,25.900000,-10.850000,-175.979996
54919,,,,,,,,,,,,,70.038612,57.420990,0.222697,0.171063,,,,,,,,,,,,
54936,,,,,,,,,,,,,68.982788,55.772175,0.233144,0.186942,,,,,,,,,,,,
54925,,,,,,,,,,,,,,,,,,,,-1.039636,0.250662,1.363723,,,,,,
54939,,,,,,,,,,,,,,,,,,,,,,,-0.210145,-0.314516,0.936777,15.680000,9.030000,-179.619995
54940,,,,,,,,,,,,,,,,,,,,-1.037600,0.259788,1.331880,,,,,,
54945,,,,,,,,,,,,,,,,,,,,,,,-0.250588,-0.334097,0.948550,15.890000,-1.120000,-177.380005
54950,,,,,,,,,,,,,68.469528,54.650719,0.238046,0.197561,,,,,,,-0.250588,-0.334097,0.948550,18.059999,-12.600000,-181.369995
54948,,,,,,,,,,,,,,,,,,,,-1.035341,0.268415,1.300318,,,,,,
54957,,,,-0.991641,0.252345,1.253339,0.889857,-2.610883,,,,,,,,,,,,,,,,,,,,
54959,,,,,,,,,,,63.709061,45.382931,,,,,-0.004167,-0.046442,-0.049669,,,,,,,,,
54960,,,,,,,,,,,,,67.479370,53.530083,0.220220,0.164138,,,,,,,,,,,,
54956,,,,,,,,,,,,,,,,,,,,-1.032867,0.277017,1.269240,,,,,,
54963,,,,,,,,,,,,,,,,,,,,,,,-0.253089,-0.317017,0.916891,34.439999,-11.970000,-174.369995
54968,,,,,,,,,,,,,,,,,,,,,,,-0.253089,-0.317017,0.916891,9.100000,-11.200000,-178.009995
54969,,,,,,,,,,,,,66.569000,52.528107,0.229107,0.173087,,,,,,,,,,,,
54971,,,,,,,,,,,,,,,,,,,,-1.030209,0.285179,1.238233,,,,,,
54979,,,,,,,,,,,,,66.434601,51.328979,0.229939,0.184339,,,,,,,-0.169458,-0.300486,0.985028,18.969999,-9.170000,-174.720001
54978,,,,,,,,,,,,,,,,,,,,-1.027409,0.293358,1.207712,,,,,,
54996,,,,,,,,,,,,,65.334991,50.347244,0.241054,0.193531,,,,,,,,,,,,
54986,,,,,,,,,,,,,,,,,,,,-1.024488,0.301256,1.183953,,,,,,
54999,,,,,,,,,,,,,,,,,,,,,,,-0.169458,-0.300486,0.985028,20.370001,5.180000,-177.380005
55000,,,,,,,,,,,,,,,,,,,,-1.021196,0.308970,1.157274,,,,,,
55005,,,,,,,,,,,,,,,,,,,,,,,-0.180682,-0.288164,0.947208,28.139999,4.690000,-179.479996
55007,,,,-0.976110,0.289078,1.081780,0.825799,-3.154540,,,,,,,,,,,,-1.017688,0.316452,1.131019,,,,,,
55009,,,,,,,,,,,62.734245,40.281460,,,0.237575,0.145974,-0.000413,-0.049299,-0.076094,,,,,,,,,
55010,,,,,,,,,,,,,64.655769,49.624355,,,,,,,,,,,,,,
55014,,,,,,,,,,,,,,,,,,,,,,,-0.180682,-0.288164,1.049139,25.200001,-2.100000,-180.600006
55019,,,,,,,,,,,,,,,,,,,,,,,-0.140117,-0.307318,1.049139,14.980000,-1.050000,-181.160004
55020,,,,,,,,,,,,,64.563736,48.707134,0.238153,0.153774,,,,,,,,,,,,
55021,,,,,,,,,,,,,,,,,,,,-1.014018,0.323805,1.089627,,,,,,
55029,,,,,,,,,,,,,64.187782,47.364674,0.241766,0.166282,,,,-1.009934,0.331091,1.054279,-0.140117,-0.307318,1.049139,29.610001,-4.970000,-187.250000
55039,,,,,,,,,,,,,63.737370,46.879692,0.246249,0.169959,,,,,,,-0.136091,-0.269010,0.931470,17.709999,12.460000,-208.529999
55037,,,,,,,,,,,,,,,,,,,,-1.006032,0.338061,1.021484,,,,,,
55057,,,,-0.955278,0.320555,0.885690,0.774103,-3.698681,,,,,,,,,,,,,,,,,,,,
55059,,,,,,,,,,,65.129135,37.092258,,,,,0.010682,-0.052448,-0.134160,,,,,,,,,
55060,,,,,,,,,,,,,63.542206,45.966667,0.273559,0.144400,,,,-0.996988,0.351744,0.930822,,,,,,
55052,,,,,,,,,,,,,,,,,,,,-1.001463,0.345184,0.977428,,,,,,
55063,,,,,,,,,,,,,,,,,,,,,,,-0.136091,-0.269010,0.931470,8.820000,-16.309999,-218.190002
55068,,,,,,,,,,,,,,,,,,,,-0.992340,0.358077,0.893571,-0.188185,-0.340075,0.959225,30.030001,-18.129999,-219.100006
55069,,,,,,,,,,,,,63.371944,44.868561,0.275699,0.154219,,,,,,,,,,,,
55073,,,,,,,,,,,,,,,,,,,,,,,-0.126697,-0.340075,0.959225,15.330000,-22.680000,-223.929993
55078,,,,,,,,,,,,,,,,,,,,,,,-0.126697,-0.340075,0.959225,15.120000,-21.770000,-227.360001
55076,,,,,,,,,,,,,,,,,,,,-0.987629,0.364061,0.847729,,,,,,
55079,,,,,,,,,,,,,63.712147,43.768246,0.272450,0.164289,,,,,,,,,,,,
55089,,,,,,,,,,,,,63.474293,42.856369,0.275273,0.172587,,,,,,,-0.128832,-0.395890,1.052372,32.060001,-25.480000,-255.850006
55091,,,,,,,,,,,,,,,,,,,,-0.982676,0.369768,0.805413,,,,,,
55099,,,,,,,,,,,,,63.802441,42.624718,0.272131,0.173848,,,,-0.977290,0.375256,0.763733,-0.128832,-0.395890,1.052372,28.700001,-37.730000,-275.940002
55116,,,,,,,,,,,,,64.078514,42.036549,0.269474,0.178944,,,,,,,,,,,,
55119,,,,-0.929186,0.346440,0.675887,0.742007,-4.108429,,,,,,,,,,,,,,,,,,,,
55121,,,,,,,,,,,64.500603,36.546577,64.413879,41.668484,0.259451,0.176027,0.014889,-0.054117,-0.092236,,,,,,,,,
55107,,,,,,,,,,,,,,,,,,,,-0.971524,0.380228,0.719154,,,,,,
55124,,,,,,,,,,,,,,,,,,,,,,,-0.099918,-0.366061,1.006073,42.770000,-65.519997,-312.549988
55122,,,,,,,,,,,,,,,,,,,,-0.965981,0.384909,0.668797,,,,,,
55129,,,,,,,,,,,,,64.334526,41.141872,0.260313,0.180555,,,,,,,-0.051423,-0.376248,0.765367,-1.330000,-80.709999,-313.739990
55130,,,,,,,,,,,,,,,,,,,,-0.960654,0.389321,0.613229,,,,,,
55134,,,,,,,,,,,,,,,,,,,,,,,-0.051423,-0.376248,0.765367,-8.260000,-87.919998,-314.510010
55139,,,,,,,,,,,,,,,,,,,,,,,-0.051423,-0.376248,0.765367,4.130000,-99.050003,-312.130005
55140,,,,,,,,,,,,,64.734573,40.448696,0.256097,0.186963,,,,,,,,,,,,
55137,,,,,,,,,,,,,,,,,,,,-0.955083,0.393615,0.555271,,,,,,
55149,,,,,,,,,,,,,64.974442,40.454338,0.253499,0.186090,,,,,,,-0.034038,-0.442494,1.058472,8.610000,-108.500000,-310.940002
55152,,,,,,,,,,,,,,,,,,,,-0.949147,0.397400,0.500621,,,,,,
55157,,,,-0.897955,0.366506,0.469310,0.735437,-4.224585,,,,,,,,,,,,,,,,,,,,
55159,,,,,,,,,,,67.246216,41.508385,64.745766,39.871906,0.285002,0.244184,0.029405,-0.051799,-0.034735,,,,,,,,,
55160,,,,,,,,,,,,,,,,,,,,-0.942896,0.400767,0.449377,,,,,,
55163,,,,,,,,,,,,,,,,,,,,,,,-0.034038,-0.442494,1.058472,23.030001,-32.970001,-300.299988
55176,,,,,,,,,,,,,64.823898,39.556049,0.284693,0.247880,,,,-0.929783,0.407132,0.347771,,,,,,
55168,,,,,,,,,,,,,,,,,,,,-0.936598,0.403826,0.401349,,,,,,
55180,,,,,,,,,,,,,,,,,,,,,,,-0.017873,-0.453535,1.026752,12.250000,20.580000,-279.089996
55185,,,,,,,,,,,,,,,,,,,,,,,0.102297,-0.391986,0.561993,6.930000,1.400000,-273.489990
55189,,,,,,,,,,,,,,,,,,,,,,,0.102297,-0.391986,0.561993,25.480000,-7.350000,-268.380005
55190,,,,,,,,,,,,,64.727791,39.941856,0.286219,0.244188,,,,,,,,,,,,
55191,,,,,,,,,,,,,,,,,,,,-0.922832,0.410155,0.297255,,,,,,
55199,,,,,,,,,,,,,64.436348,40.061092,0.289840,0.243248,,,,,,,0.102297,-0.391986,0.561993,24.430000,-22.190001,-258.230011
55198,,,,,,,,,,,,,,,,,,,,-0.915664,0.412780,0.249701,,,,,,
55207,,,,-0.861778,0.380649,0.282163,0.756652,-3.982164,,,,,,,,,,,,,,,,,,,,
55209,,,,,,,,,,,70.324364,49.172401,,,,,0.043706,-0.044499,0.030028,,,,,,,,,
55210,,,,,,,,,,,,,64.669624,40.501774,0.320652,0.320297,,,,,,,,,,,,
55206,,,,,,,,,,,,,,,,,,,,-0.908146,0.414926,0.205102,,,,,,
55221,,,,,,,,,,,,,64.729881,42.050316,0.321190,0.305650,,,,,,,,,,,,
55224,,,,,,,,,,,,,,,,,,,,,,,0.111325,-0.463600,0.781044,0.770000,-22.610001,-237.020004
55222,,,,,,,,,,,,,,,,,,,,-0.901023,0.416785,0.163401,,,,,,
55229,,,,,,,,,,,,,65.008705,43.114120,0.319393,0.295831,,,,,,,0.114131,-0.315492,0.564982,-10.150000,42.910000,-233.169998
55230,,,,,,,,,,,,,,,,,,,,-0.893546,0.418633,0.113472,,,,,,
55234,,,,,,,,,,,,,,,,,,,,,,,0.114131,-0.315492,0.564982,11.760000,56.419998,-229.669998
55239,,,,,,,,,,,,,64.819939,44.266968,0.322506,0.284844,,,,,,,0.222650,-0.304512,0.473177,10.500000,61.669998,-220.500000
55238,,,,,,,,,,,,,,,,,,,,-0.885474,0.420308,0.058117,,,,,,
55246,,,,,,,,,,,,,,,,,,,,-0.876439,0.421936,0.030782,,,,,,
55249,,,,,,,,,,,,,65.045502,44.987495,0.321256,0.278210,,,,,,,0.222650,-0.304512,0.473177,-5.600000,35.070000,-197.399994
55257,,,,-0.820919,0.388904,0.123750,0.803104,-3.472623,,,,,,,,,,,,,,,,,,,,
55259,,,,,,,,,,,72.882011,57.881046,65.542290,45.962231,0.344253,0.361255,0.053995,-0.034688,0.089948,,,,,,,,,
55263,,,,,,,,,,,,,,,,,,,,,,,0.182695,-0.428281,0.540399,20.510000,5.810000,-189.279999
55261,,,,,,,,,,,,,,,,,,,,-0.866440,0.423831,0.039096,,,,,,
55276,,,,,,,,,,,,,66.318069,47.543537,0.337539,0.346937,,,,,,,,,,,,
55269,,,,,,,,,,,,,,,,,,,,-0.857129,0.425089,0.033841,,,,,,
55279,,,,,,,,,,,,,,,,,,,,,,,0.182695,-0.428281,0.540399,12.390000,-20.719999,-171.009995
55277,,,,,,,,,,,,,,,,,,,,-0.848027,0.425376,0.006187,,,,,,
55284,,,,,,,,,,,,,,,,,,,,,,,0.165676,-0.332206,0.667828,-14.000000,-22.049999,-157.570007
55289,,,,,,,,,,,,,,,,,,,,,,,0.165676,-0.332206,0.667828,-0.630000,-25.200001,-156.380005
55290,,,,,,,,,,,,,66.655495,49.652443,0.335322,0.326683,,,,,,,,,,,,
55292,,,,,,,,,,,,,,,,,,,,-0.839170,0.425009,-0.026770,,,,,,
55299,,,,,,,,,,,,,67.724434,51.089970,0.325261,0.313124,,,,,,,0.215147,-0.288286,0.794037,16.309999,-21.139999,-137.690002
55300,,,,,,,,,,,,,,,,,,,,-0.830007,0.424313,-0.051119,,,,,,
55307,,,,-0.775708,0.391458,-0.004115,0.868544,-2.859102,,,,,,,,,,,,,,,,,,,,
55309,,,,,,,,,,,76.821205,63.506145,68.088898,52.506157,0.364317,0.359258,0.055950,-0.029356,0.052772,,,,,,,,,
55308,,,,,,,,,,,,,,,,,,,,-0.820705,0.423618,-0.072885,,,,,,
55321,,,,,,,,,,,,,68.394249,54.317345,0.362892,0.342306,,,,,,,,,,,,
55316,,,,,,,,,,,,,,,,,,,,-0.811042,0.422528,-0.103522,,,,,,
55324,,,,,,,,,,,,,,,,,,,,,,,0.215147,-0.288286,0.794037,5.880000,-9.800000,-119.139999
55329,,,,,,,,,,,,,69.673401,55.914387,0.351057,0.327252,,,,,,,0.183915,-0.259555,0.673318,-4.130000,4.410000,-114.940002
55331,,,,,,,,,,,,,,,,,,,,-0.800997,0.421494,-0.126109,,,,,,
55334,,,,,,,,,,,,,,,,,,,,,,,0.213134,-0.232654,0.763842,-4.270000,8.750000,-112.839996
55339,,,,,,,,,,,,,,,0.347855,0.318400,,,,-0.790758,0.420509,-0.140082,0.213134,-0.232654,0.763842,-20.860001,13.020000,-109.620003
55340,,,,,,,,,,,,,70.114906,56.896400,,,,,,,,,,,,,,
55348,,,,,,,,,,,,,,,,,,,,,,,0.213134,-0.232654,0.763842,3.290000,23.170000,-108.220001
55349,,,,,,,,,,,,,70.912766,58.088131,0.340775,0.307115,,,,,,,,,,,,
55354,,,,,,,,,,,,,,,,,,,,-0.780171,0.418457,-0.157068,,,,,,
55357,,,,-0.726538,0.388657,-0.104017,0.945236,-2.265123,,,,,,,,,,,,,,,,,,,,
55359,,,,,,,,,,,80.182167,70.638229,,,,,0.057548,-0.020940,0.054594,,,,,,,,,
55360,,,,,,,,,,,,,71.785690,58.887268,0.368441,0.375531,,,,,,,,,,,,
55363,,,,,,,,,,,,,,,,,,,,,,,0.175192,-0.217648,0.739930,-5.810000,39.830002,-108.360001
55361,,,,,,,,,,,,,,,,,,,,-0.769434,0.416226,-0.182538,,,,,,
55377,,,,,,,,,,,,,72.248108,60.434761,0.365277,0.361537,,,,-0.748246,0.410433,-0.257755,,,,,,
55369,,,,,,,,,,,,,,,,,,,,-0.758466,0.413171,-0.229148,,,,,,
55379,,,,,,,,,,,,,,,,,,,,,,,0.175192,-0.217648,0.739930,24.639999,18.129999,-107.660004
55384,,,,,,,,,,,,,,,,,,,,,,,0.129869,-0.253333,0.915976,16.030001,-49.349998,-100.449997
55389,,,,,,,,,,,,,,,,,,,,,,,0.163907,-0.259128,0.965142,21.980000,-66.779999,-98.349998
55390,,,,,,,,,,,,,73.454323,62.248100,0.354114,0.344396,,,,,,,,,,,,
55392,,,,,,,,,,,,,,,,,,,,-0.737999,0.407303,-0.286038,,,,,,
55399,,,,,,,,,,,,,74.954910,63.810722,0.339572,0.329541,,,,,,,0.163907,-0.259128,0.965142,-3.430000,-59.779999,-91.000000
55400,,,,,,,,,,,,,,,,,,,,-0.727728,0.404385,-0.311312,,,,,,
55407,,,,-0.673861,0.381003,-0.179970,1.025630,-1.744851,,,,,,,,,,,,,,,,,,,,
55409,,,,,,,,,,,80.841644,79.640831,,,,,0.058334,-0.006228,0.127184,,,,,,,,,
55410,,,,,,,,,,,,,75.166840,65.264046,0.345416,0.411174,,,,,,,,,,,,
55408,,,,,,,,,,,,,,,,,,,,-0.717270,0.401677,-0.328158,,,,,,
55413,,,,,,,,,,,,,,,,,,,,,,,0.127551,-0.116083,0.564799,-14.350000,43.610001,-89.180000
55415,,,,,,,,,,,,,,,,,,,,-0.705779,0.398537,-0.336468,,,,,,
55419,,,,,,,,,,,,,75.830673,66.354347,0.339545,0.402585,,,,,,,0.127551,-0.116083,0.564799,-5.460000,69.300003,-86.940002
55436,,,,,,,,,,,,,76.123169,67.825600,0.337481,0.389721,,,,,,,,,,,,
55430,,,,,,,,,,,,,,,,,,,,-0.694146,0.395144,-0.353309,,,,,,
55439,,,,,,,,,,,,,,,,,,,,,,,0.185074,-0.187209,0.835517,-34.020000,-11.550000,-36.750000
55437,,,,,,,,,,,,,,,,,,,,-0.682575,0.391326,-0.370122,,,,,,
55444,,,,,,,,,,,,,,,,,,,,,,,0.185074,-0.187209,0.912011,-12.950000,-26.670000,-28.629999
55449,,,,,,,,,,,,,,,,,,,,,,,0.154208,-0.189344,0.912011,-18.410000,-28.559999,-19.670000
55450,,,,,,,,,,,,,76.825233,69.843658,0.331005,0.370741,,,,,,,,,,,,
55451,,,,,,,,,,,,,,,,,,,,-0.671041,0.387445,-0.378614,,,,,,
55457,,,,-0.618189,0.369155,-0.235804,1.103103,-1.306226,,,,,,,,,,,,,,,,,,,,
55459,,,,,,,,,,,82.644913,85.825317,76.977211,71.102921,0.349387,0.425112,0.055908,0.002736,0.142220,,,,,,,,,
55460,,,,,,,,,,,,,,,,,,,,-0.659392,0.383436,-0.375825,,,,,,
55463,,,,,,,,,,,,,,,,,,,,,,,0.154208,-0.189344,0.912011,20.020000,-1.260000,-6.300000
55469,,,,,,,,,,,,,77.437531,73.045731,0.345677,0.407537,,,,,,,0.108580,-0.089792,1.004304,-4.060000,-0.770000,-6.300000
55467,,,,,,,,,,,,,,,,,,,,-0.647647,0.379021,-0.375821,,,,,,
55478,,,,,,,,,,,,,,,,,,,,,,,0.108580,-0.089792,1.004304,10.990000,-30.240000,9.310000
55479,,,,,,,,,,,,,78.199554,75.071411,0.338665,0.388677,,,,,,,,,,,,
55482,,,,,,,,,,,,,,,,,,,,-0.635815,0.374887,-0.378666,,,,,,
55496,,,,,,,,,,,,,,,0.337468,0.373480,,,,,,,,,,,,
55497,,,,,,,,,,,,,78.399345,76.712494,,,,,,,,,,,,,,
55490,,,,,,,,,,,,,,,,,,,,-0.623960,0.370661,-0.375883,,,,,,
55499,,,,,,,,,,,,,,,,,,,,,,,0.133529,-0.014457,0.856867,-11.200000,-13.440000,44.590000
55498,,,,,,,,,,,,,,,,,,,,-0.612059,0.366420,-0.370240,,,,,,
55504,,,,,,,,,,,,,,,,,,,,,,,0.119987,0.028548,0.890661,3.920000,1.820000,44.730000
55507,,,,-0.560090,0.353907,-0.274576,1.172126,-0.937317,,,,,,,,,,,,,,,,,,,,
55509,,,,,,,,,,,86.783897,89.412529,,,,,0.053027,0.007479,0.097615,,,,,,,,,
55510,,,,,,,,,,,,,78.909637,77.907883,0.376908,0.400792,,,,,,,,,,,,
55506,,,,,,,,,,,,,,,,,,,,-0.599738,0.362227,-0.356161,,,,,,
55513,,,,,,,,,,,,,,,,,,,,,,,0.119987,0.028548,0.890661,25.690001,18.900000,52.639999
55518,,,,,,,,,,,,,,,,,,,,,,,0.119987,0.028548,0.890661,8.890000,29.680000,60.340000
55519,,,,,,,,,,,,,78.971931,79.272453,0.377886,0.388690,,,,,,,,,,,,
55520,,,,,,,,,,,,,,,,,,,,-0.587222,0.357805,-0.350578,,,,,,
55529,,,,,,,,,,,,,79.636032,80.438431,0.372458,0.378414,,,,-0.574286,0.353455,-0.342101,0.101626,0.075396,0.859368,26.809999,11.900000,52.500000
55539,,,,,,,,,,,,,80.741577,81.966148,0.362200,0.364052,,,,,,,0.101626,0.075396,0.957578,12.810000,-9.310000,43.889999
55538,,,,,,,,,,,,,,,,,,,,-0.561432,0.349060,-0.333619,,,,,,
55556,,,,,,,,,,,,,81.387787,82.738426,0.356593,0.357398,,,,,,,,,,,,
55558,,,,-0.500181,0.336175,-0.298484,1.228224,-0.620881,,,,,,,,,,,,,,,,,,,,
55560,,,,,,,,,,,94.213051,94.156357,,,,,0.061084,0.008216,0.037315,,,,,,,,,
55546,,,,,,,,,,,,,,,,,,,,-0.548585,0.345105,-0.328028,,,,,,
55561,,,,,,,,,,,,,,,,,,,,-0.535412,0.340995,-0.316816,,,,,,
55563,,,,,,,,,,,,,,,,,,,,,,,0.108092,0.106384,0.957578,-22.820000,25.059999,31.219999
55568,,,,,,,,,,,,,,,,,,,,,,,0.099613,0.110166,0.778604,-1.750000,49.980000,38.290001
55569,,,,,,,,,,,,,81.997154,83.133583,0.430178,0.404993,,,,-0.522249,0.337141,-0.313989,,,,,,
55574,,,,,,,,,,,,,,,,,,,,,,,0.099613,0.110166,0.778604,6.510000,54.810001,28.209999
55579,,,,,,,,,,,,,,,,,,,,,,,0.084363,0.084485,0.886330,-14.770000,62.369999,30.660000
55580,,,,,,,,,,,,,82.615143,84.095284,0.426156,0.397071,,,,,,,,,,,,
55577,,,,,,,,,,,,,,,,,,,,-0.508399,0.333143,-0.305605,,,,,,
55589,,,,,,,,,,,,,83.942711,85.188095,0.414467,0.387556,,,,,,,0.084363,0.084485,0.886330,30.520000,16.730000,23.730000
55592,,,,,,,,,,,,,,,,,,,,-0.494611,0.329095,-0.299982,,,,,,
55599,,,,,,,,,,,,,85.402962,85.903664,0.401092,0.381822,,,,-0.481127,0.325076,-0.302655,0.118462,0.034038,1.005524,20.860001,-42.349998,11.760000
55616,,,,,,,,,,,,,86.401604,86.822891,0.392317,0.373774,,,,,,,,,,,,
55619,,,,-0.439130,0.316968,-0.308913,1.267944,-0.339998,,,,,,,,,,,,,,,,,,,,
55621,,,,,,,,,,,92.779144,90.838440,87.441299,86.742699,0.367662,0.340901,0.043648,0.005158,-0.003820,,,,,,,,,
55607,,,,,,,,,,,,,,,,,,,,-0.467522,0.321389,-0.299941,,,,,,
55624,,,,,,,,,,,,,,,,,,,,,,,0.118462,0.034038,1.005524,8.190000,-11.270000,-20.510000
55622,,,,,,,,,,,,,,,,,,,,-0.454194,0.317594,-0.299968,,,,,,
55629,,,,,,,,,,,,,,,0.358180,0.337162,,,,,,,0.054778,0.063928,0.904081,-5.740000,29.959999,-20.790001
55630,,,,,,,,,,,,,88.438408,87.174904,,,,,,-0.440299,0.313478,-0.300029,,,,,,
55635,,,,,,,,,,,,,,,,,,,,,,,0.088206,0.001220,0.673989,-18.340000,47.669998,-18.270000
55639,,,,,,,,,,,,,89.160110,86.962532,0.351416,0.340182,,,,,,,,,,,,
55640,,,,,,,,,,,,,,,,,,,,,,,0.088206,0.001220,0.673989,5.250000,51.730000,-23.730000
55638,,,,,,,,,,,,,,,,,,,,-0.426025,0.309698,-0.302805,,,,,,
55646,,,,,,,,,,,,,,,,,,,,-0.412014,0.305966,-0.308321,,,,,,
55649,,,,,,,,,,,,,89.251434,87.402397,0.351200,0.336316,,,,,,,0.088206,0.001220,0.673989,-14.840000,45.290001,-30.520000
55657,,,,-0.377639,0.297354,-0.306523,1.288842,-0.079377,,,,,,,,,,,,,,,,,,,,
55659,,,,,,,,,,,90.876282,90.799957,89.952629,87.335670,0.324266,0.337332,0.035563,0.002546,0.002947,,,,,,,,,
55662,,,,,,,,,,,,,,,,,,,,,,,-0.015555,-0.045445,1.083543,30.660000,19.040001,-38.009998
55660,,,,,,,,,,,,,,,,,,,,-0.397580,0.301846,-0.311118,,,,,,
55676,,,,,,,,,,,,,,,0.322318,0.338335,,,,,,,,,,,,
55677,,,,,,,,,,,,,90.154121,87.309196,,,,,,-0.369037,0.293448,-0.325058,,,,,,
55669,,,,,,,,,,,,,,,,,,,,-0.383342,0.297666,-0.322239,,,,,,
55679,,,,,,,,,,,,,,,,,,,,,,,-0.015555,-0.045445,1.083543,12.390000,4.830000,-43.330002
55684,,,,,,,,,,,,,,,,,,,,,,,-0.030805,-0.107909,0.835578,8.400000,-1.050000,-44.240002
55689,,,,,,,,,,,,,,,0.326930,0.334261,,,,,,,-0.030805,-0.107909,1.171688,9.380000,-8.750000,-43.400002
55690,,,,,,,,,,,,,89.734200,87.761040,,,,,,,,,,,,,,
55692,,,,,,,,,,,,,,,,,,,,-0.355124,0.289172,-0.327901,,,,,,
55699,,,,,,,,,,,,,89.687592,87.459961,0.327663,0.338093,,,,,,,-0.062830,-0.114497,1.171688,-25.340000,-13.440000,-44.240002
55700,,,,,,,,,,,,,,,,,,,,-0.341726,0.284983,-0.341839,,,,,,
55707,,,,-0.316436,0.278421,-0.291274,1.289519,0.175102,,,,,,,,,,,,,,,,,,,,
55709,,,,,,,,,,,85.560356,90.757072,,,,,0.026266,0.002486,0.049566,,,,,,,,,
55710,,,,,,,,,,,,,89.675468,87.274757,0.271558,0.340301,,,,,,,,,,,,
55708,,,,,,,,,,,,,,,,,,,,-0.327837,0.280531,-0.350373,,,,,,
55726,,,,,,,,,,,,,89.320755,87.630981,0.274470,0.337242,,,,,,,,,,,,
55716,,,,,,,,,,,,,,,,,,,,-0.314242,0.276070,-0.350470,,,,,,
55728,,,,,,,,,,,,,,,,,,,,,,,-0.062830,-0.077287,0.865346,3.080000,-22.680000,-22.049999
55733,,,,,,,,,,,,,,,,,,,,,,,-0.099613,-0.095099,1.038037,5.250000,-16.379999,-5.880000
55732,,,,,,,,,,,,,,,,,,,,-0.300666,0.271683,-0.356093,,,,,,
55738,,,,,,,,,,,,,,,,,,,,,,,-0.099613,-0.095099,1.038037,4.760000,-7.490000,1.890000
55739,,,,,,,,,,,,,88.692955,87.694260,0.280357,0.337221,,,,,,,,,,,,
55740,,,,,,,,,,,,,,,,,,,,-0.287303,0.267198,-0.356052,,,,,,
55744,,,,,,,,,,,,,,,,,,,,,,,-0.099613,-0.095099,1.038037,-11.620000,0.840000,26.879999
55749,,,,,,,,,,,,,,,,,,,,,,,-0.131028,-0.065331,1.019066,7.980000,5.600000,34.369999
55750,,,,,,,,,,,,,88.349342,88.036850,0.283355,0.334219,,,,,,,,,,,,
55748,,,,,,,,,,,,,,,,,,,,-0.273903,0.262479,-0.358864,,,,,,
55757,,,,-0.256268,0.261243,-0.262411,1.269672,0.437360,,,,,,,,,,,,,,,,,,,,
55759,,,,,,,,,,,78.853134,89.260803,,,,,0.017063,0.005172,0.095175,,,,,,,,,
55760,,,,,,,,,,,,,87.385284,88.209702,0.221753,0.317051,,,,,,,,,,,,
55756,,,,,,,,,,,,,,,,,,,,-0.260666,0.257914,-0.353199,,,,,,
55763,,,,,,,,,,,,,,,,,,,,,,,-0.131028,-0.065331,1.019066,-0.630000,2.590000,46.759998
55776,,,,,,,,,,,,,85.640388,88.016609,0.238515,0.319322,,,,,,,,,,,,
55771,,,,,,,,,,,,,,,,,,,,-0.246919,0.253357,-0.339183,,,,,,
55779,,,,,,,,,,,,,,,,,,,,-0.233416,0.249071,-0.327978,-0.103639,0.027023,0.906094,-29.330000,14.350000,77.559998
55785,,,,,,,,,,,,,,,,,,,,,,,-0.160796,0.159759,0.867542,-11.970000,23.520000,98.769997
55787,,,,,,,,,,,,,,,,,,,,-0.219798,0.244848,-0.308405,,,,,,
55789,,,,,,,,,,,,,84.453514,87.692436,0.249711,0.323025,,,,,,,,,,,,
55790,,,,,,,,,,,,,,,,,,,,,,,-0.160796,0.159759,0.867542,-31.920000,35.770000,116.059998
55798,,,,,,,,,,,,,,,,,,,,,,,-0.160796,0.159759,0.867542,19.670000,44.240002,141.889999
55799,,,,,,,,,,,,,82.547432,87.460899,0.268797,0.325812,,,,,,,,,,,,
55802,,,,,,,,,,,,,,,,,,,,-0.206530,0.241058,-0.288842,,,,,,
55807,,,,-0.197876,0.246834,-0.218395,1.230161,0.722239,,,,,,,,,,,,,,,,,,,,
55809,,,,,,,,,,,73.865997,83.871300,81.660126,87.916878,0.224466,0.264079,0.006893,0.008166,0.072394,,,,,,,,,
55810,,,,,,,,,,,,,,,,,,,,-0.192825,0.236896,-0.269035,,,,,,
55813,,,,,,,,,,,,,,,,,,,,,,,-0.184708,0.171654,0.885049,-16.520000,66.010002,142.100006
55819,,,,,,,,,,,,,80.028709,87.557114,0.240176,0.267059,,,,,,,-0.184708,0.171654,0.885049,9.170000,65.940002,148.960007
55817,,,,,,,,,,,,,,,,,,,,-0.178881,0.233862,-0.233071,,,,,,
55838,,,,,,,,,,,,,78.227013,86.621841,0.258035,0.276228,,,,,,,,,,,,
55825,,,,,,,,,,,,,,,,,,,,-0.164978,0.230451,-0.202581,,,,,,
55841,,,,,,,,,,,,,,,,,,,,,,,-0.129564,0.285419,0.943670,-6.020000,111.510002,144.690002
55840,,,,,,,,,,,,,,,,,,,,-0.151080,0.227395,-0.177500,,,,,,
55846,,,,,,,,,,,,,,,,,,,,,,,-0.243939,0.309026,0.811666,-12.530000,118.440002,138.320007
55849,,,,,,,,,,,,,76.848190,85.829514,0.271777,0.284073,,,,,,,,,,,,
55848,,,,,,,,,,,,,,,,,,,,-0.137446,0.224758,-0.154993,,,,,,
55852,,,,,,,,,,,,,,,,,,,,,,,-0.243939,0.309026,0.811666,-23.590000,115.779999,135.029999
55857,,,,-0.141984,0.236113,-0.156797,1.173063,1.046461,,,,,,,,,,,,,,,,,,,,
55859,,,,,,,,,,,68.796188,75.055313,75.859161,85.015923,0.227797,0.198640,-0.005743,0.010536,0.002619,,,,,,,,,
55862,,,,,,,,,,,,,,,,,,,,-0.123809,0.222524,-0.135628,-0.243939,0.309026,0.811666,-42.910000,-37.730000,121.379997
55869,,,,,,,,,,,,,75.025566,83.849831,0.235183,0.208955,,,,,,,-0.292190,0.315797,0.932690,-7.630000,-60.619999,121.449997
55871,,,,,,,,,,,,,,,,,,,,-0.111050,0.220932,-0.108161,,,,,,
55879,,,,,,,,,,,,,74.160812,82.688980,0.243073,0.219456,,,,-0.098785,0.219275,-0.086073,-0.308355,0.257725,0.552172,-25.059999,-36.259998,92.540001
55896,,,,,,,,,,,,,73.494041,80.995972,0.249040,0.235854,,,,,,,,,,,,
55886,,,,,,,,,,,,,,,,,,,,-0.086832,0.218096,-0.075084,,,,,,
55899,,,,,,,,,,,,,,,,,,,,,,,-0.308355,0.257725,0.552172,-19.040001,3.710000,52.849998
55901,,,,,,,,,,,,,,,,,,,,-0.075437,0.217143,-0.071822,,,,,,
55905,,,,,,,,,,,,,,,,,,,,,,,-0.262300,0.308233,0.454938,-5.600000,11.340000,40.529999
55907,,,,-0.089272,0.229867,-0.074231,1.101758,1.428817,,,,,,,,,,,,,,,,,,,,
55909,,,,,,,,,,,60.912872,68.993828,,,,,-0.014611,0.011678,-0.000879,,,,,,,,,
55910,,,,,,,,,,,,,72.670967,78.983086,0.173046,0.191600,,,,,,,,,,,,
55908,,,,,,,,,,,,,,,,,,,,-0.063871,0.216307,-0.068906,,,,,,
55914,,,,,,,,,,,,,,,,,,,,,,,-0.262300,0.308233,0.454938,-13.580000,-4.340000,26.459999
55916,,,,,,,,,,,,,,,,,,,,-0.051998,0.215915,-0.060715,,,,,,
55919,,,,,,,,,,,,,71.663101,77.527687,0.181305,0.204983,,,,,,,-0.292068,0.120841,0.612440,9.730000,-26.040001,21.280001
55929,,,,,,,,,,,,,69.876419,75.937828,0.198049,0.220097,,,,,,,-0.292068,0.120841,0.612440,-6.300000,-1.330000,9.730000
55931,,,,,,,,,,,,,,,,,,,,-0.040529,0.215395,-0.052506,,,,,,
55939,,,,,,,,,,,,,68.641083,74.288216,0.209307,0.236178,,,,,,,-0.330010,0.067832,0.584136,4.690000,19.809999,27.650000
55938,,,,,,,,,,,,,,,,,,,,-0.029260,0.215143,-0.050131,,,,,,
55956,,,,,,,,,,,,,67.590408,72.669762,0.218860,0.252271,,,,,,,,,,,,
55958,,,,-0.040362,0.228720,0.033471,1.020980,1.887978,,,,,,,,,,,,,,,,,,,,
55959,,,,,,,,,,,52.236965,68.279640,,,,,-0.012547,0.013062,0.081608,,,,,,,,,
55946,,,,,,,,,,,,,,,,,,,,-0.018540,0.214789,-0.047219,,,,,,
55961,,,,,,,,,,,,,,,,,,,,-0.007890,0.214499,-0.041932,,,,,,
55963,,,,,,,,,,,,,,,,,,,,,,,-0.330010,0.067832,0.584136,-17.080000,-12.950000,45.500000
55968,,,,,,,,,,,,,,,,,,,,0.002719,0.214009,-0.030528,-0.333975,0.043066,0.783911,8.960000,-14.280000,39.830002
55969,,,,,,,,,,,,,66.741432,71.837776,0.134308,0.252756,,,,,,,,,,,,
55974,,,,,,,,,,,,,,,,,,,,,,,-0.240340,0.013969,0.708332,-12.950000,-20.020000,42.349998
55976,,,,,,,,,,,,,,,,,,,,0.013033,0.213872,-0.022202,,,,,,
55979,,,,,,,,,,,,,65.206223,71.091339,0.147598,0.259946,,,,,,,-0.240340,0.013969,0.708332,-4.830000,-31.150000,51.029999
55989,,,,,,,,,,,,,63.340328,70.552284,0.164721,0.265088,,,,,,,-0.240340,0.013969,0.708332,7.280000,-18.059999,70.629997
55991,,,,,,,,,,,,,,,,,,,,0.022837,0.213613,-0.019184,,,,,,
55999,,,,,,,,,,,,,62.047497,70.303879,0.176144,0.267254,,,,0.032907,0.213735,-0.004958,-0.273646,0.111813,1.036207,-36.889999,8.120000,126.209999
56017,,,,0.004199,0.233117,0.170409,0.936890,2.434410,,,,,,,,,,,,,,,,,,,,
56019,,,,,,,,,,,37.863712,62.053841,,,,,-0.028029,0.019265,0.172586,,,,,,,,,
56020,,,,,,,,,,,,,60.115879,69.699173,0.041908,0.207108,,,,,,,,,,,,
56007,,,,,,,,,,,,,,,,,,,,0.042876,0.214211,0.016532,,,,,,
56024,,,,,,,,,,,,,,,,,,,,,,,-0.273646,0.111813,1.036207,-13.230000,21.209999,170.169998
56022,,,,,,,,,,,,,,,,,,,,0.053091,0.214580,0.044415,,,,,,
56029,,,,,,,,,,,,,57.094460,69.302460,0.069375,0.209730,,,,,,,-0.217221,0.147681,1.031083,-14.490000,7.140000,173.880005
56030,,,,,,,,,,,,,,,,,,,,0.063009,0.215346,0.075120,,,,,,
56034,,,,,,,,,,,,,,,,,,,,,,,-0.217465,0.242902,1.031083,-13.440000,5.460000,191.940002
56039,,,,,,,,,,,,,54.079376,67.645790,0.097403,0.225822,,,,,,,-0.217465,0.242902,1.031083,-18.760000,12.530000,215.669998
56037,,,,,,,,,,,,,,,,,,,,0.072653,0.216311,0.102848,,,,,,
56056,,,,,,,,,,,,,50.985550,66.915878,0.126897,0.232412,,,,,,,,,,,,
56058,,,,0.043965,0.243302,0.338465,0.857003,3.050662,,,,,,,,,,,,,,,,,,,,
56060,,,,,,,,,,,29.838680,59.956333,,,,,-0.026203,0.029885,0.232070,,,,,,,,,
56046,,,,,,,,,,,,,,,,,,,,0.082405,0.217670,0.144668,,,,,,
56061,,,,,,,,,,,,,,,,,,,,0.091815,0.219315,0.194695,,,,,,
56063,,,,,,,,,,,,,,,,,,,,,,,-0.383751,0.263886,0.892735,-28.700001,-17.780001,285.739990
56068,,,,,,,,,,,,,,,,,,,,0.100715,0.221155,0.244653,-0.397293,0.257359,0.703086,-34.090000,-28.980000,284.549988
56069,,,,,,,,,,,,,48.343830,66.354568,0.066966,0.215077,,,,,,,,,,,,
56074,,,,,,,,,,,,,,,,,,,,,,,-0.397293,0.257359,0.703086,-43.680000,-38.709999,294.559998
56076,,,,,,,,,,,,,,,,,,,,0.108985,0.223395,0.300233,,,,,,
56079,,,,,,,,,,,,,45.995335,65.936531,0.088063,0.218186,,,,,,,-0.397293,0.257359,0.703086,-37.939999,-31.500000,307.720001
56089,,,,,,,,,,,,,43.233604,65.678551,0.114041,0.219681,,,,,,,-0.345748,0.547536,0.889990,-41.720001,-8.050000,320.880005
56091,,,,,,,,,,,,,,,,,,,,0.116714,0.225977,0.353380,,,,,,
56099,,,,,,,,,,,,,41.328140,64.614555,0.131496,0.229794,,,,0.124107,0.229210,0.410190,-0.345748,0.547536,0.889990,-54.320000,15.470000,342.510010
56107,,,,0.078597,0.259320,0.533729,0.789715,3.659728,,,,,,,,,,,,0.131538,0.232657,0.467295,,,,,,
56109,,,,,,,,,,,27.025854,54.673523,,,,,-0.029200,0.045497,0.130960,,,,,,,,,
56110,,,,,,,,,,,,,39.371380,64.073334,0.120006,0.178444,,,,,,,,,,,,
56121,,,,,,,,,,,,,37.508343,63.160641,0.137229,0.186183,,,,,,,,,,,,
56124,,,,,,,,,,,,,,,,,,,,,,,-0.276879,0.467992,0.964471,-37.380001,24.430000,341.250000
56122,,,,,,,,,,,,,,,,,,,,0.138703,0.236503,0.527496,,,,,,
56129,,,,,,,,,,,,,,,,,,,,,,,-0.223931,0.426146,0.984296,-39.200001,-26.809999,335.440002
56130,,,,,,,,,,,,,36.072659,62.169643,0.150299,0.194944,,,,0.145299,0.241087,0.596157,,,,,,
56135,,,,,,,,,,,,,,,,,,,,,,,-0.223931,0.426146,0.984296,-24.430000,-24.639999,328.929993
56139,,,,,,,,,,,,,34.941505,60.915733,0.160433,0.206706,,,,,,,,,,,,
56140,,,,,,,,,,,,,,,,,,,,,,,-0.223931,0.426146,0.984296,-35.000000,-16.379999,320.179993
56138,,,,,,,,,,,,,,,,,,,,0.151448,0.245433,0.659931,,,,,,
56146,,,,,,,,,,,,,,,,,,,,0.157100,0.250093,0.718571,,,,,,
56149,,,,,,,,,,,,,34.340191,60.037445,0.165173,0.214737,,,,,,,-0.252174,0.451705,0.976854,-41.720001,-3.080000,312.899994
56157,,,,0.107878,0.281019,0.743826,0.742978,4.108709,,,,,,,,,,,,,,,,,,,,
56159,,,,,,,,,,,29.256804,54.349655,33.684067,59.031471,0.194324,0.220867,-0.016853,0.055643,0.031814,,,,,,,,,
56162,,,,,,,,,,,,,,,,,,,,,,,-0.252174,0.451705,0.976854,-41.930000,-9.870000,295.679993
56161,,,,,,,,,,,,,,,,,,,,0.162260,0.255064,0.771852,,,,,,
56176,,,,,,,,,,,,,33.437943,58.502441,0.196017,0.225512,,,,0.171568,0.265389,0.868487,,,,,,
56168,,,,,,,,,,,,,,,,,,,,0.167020,0.260140,0.819908,,,,,,
56179,,,,,,,,,,,,,,,,,,,,,,,-0.147620,0.448899,1.042063,-23.379999,-36.889999,261.519989
56184,,,,,,,,,,,,,,,,,,,,,,,-0.068442,0.351482,0.951112,-13.790000,-45.220001,254.240005
56189,,,,,,,,,,,,,32.954002,58.059368,0.200288,0.229355,,,,,,,-0.068442,0.351482,0.951112,-5.110000,-50.680000,248.850006
56191,,,,,,,,,,,,,,,,,,,,0.175825,0.270779,0.914460,,,,,,
56199,,,,,,,,,,,,,33.216286,57.633213,0.196731,0.233110,,,,0.179746,0.276150,0.954762,-0.068442,0.319701,1.100440,-22.400000,-68.250000,234.149994
56207,,,,0.131713,0.308062,0.950569,0.721929,4.231292,,,,,,,,,,,,0.183307,0.281879,0.998623,,,,,,
56209,,,,,,,,,,,32.672890,56.776409,,,,,-0.001904,0.057743,-0.002771,,,,,,,,,
56210,,,,,,,,,,,,,33.646404,57.298927,0.227632,0.261762,,,,,,,,,,,,
56237,,,,,,,,,,,,,34.409809,57.157581,0.219318,0.263155,,,,0.192394,0.297810,1.104236,,,,,,
56230,,,,,,,,,,,,,,,,,,,,0.189590,0.292597,1.071787,,,,,,
56240,,,,,,,,,,,,,,,,,,,,,,,-0.080398,0.319701,1.100440,-11.480000,-93.029999,195.860001
56245,,,,,,,,,,,,,,,,,,,,,,,0.075457,0.220210,0.985821,-5.460000,-10.640000,190.610001
56249,,,,,,,,,,,,,35.031837,57.211525,0.212347,0.262502,,,,,,,,,,,,
56250,,,,,,,,,,,,,,,,,,,,,,,0.075457,0.220210,0.985821,9.170000,25.270000,188.789993
56251,,,,,,,,,,,,,,,,,,,,0.195110,0.303533,1.136940,,,,,,
56255,,,,,,,,,,,,,,,,,,,,,,,0.133285,0.153842,0.780312,14.140000,46.340000,187.600006
56257,,,,0.150139,0.339953,1.137955,0.726569,3.983052,,,,,,,,,,,,,,,,,,,,
56259,,,,,,,,,,,38.029770,60.854725,,,,,0.013786,0.056151,-0.000789,0.198205,0.310521,1.163187,,,,,,
56260,,,,,,,,,,,,,35.244804,56.529076,0.266509,0.312995,,,,,,,,,,,,
56265,,,,,,,,,,,,,,,,,,,,,,,0.133285,0.153842,0.780312,2.870000,21.070000,189.139999
56267,,,,,,,,,,,,,,,,,,,,0.201566,0.317607,1.203195,,,,,,
56270,,,,,,,,,,,,,35.851181,56.341515,0.260647,0.315889,,,,,,,0.133285,0.153842,0.780312,-8.610000,23.870001,186.550003
56275,,,,,,,,,,,,,,,,,,,,,,,0.161772,0.344467,1.066402,-9.660000,16.730000,183.330002
56279,,,,,,,,,,,,,36.912167,56.606178,0.249828,0.314017,,,,,,,,,,,,
56280,,,,,,,,,,,,,,,,,,,,,,,0.161772,0.344467,1.066402,2.030000,-1.610000,185.500000
56282,,,,,,,,,,,,,,,,,,,,0.204185,0.325021,1.233586,,,,,,
56296,,,,,,,,,,,,,37.674858,57.223030,0.241957,0.308348,,,,,,,,,,,,
56290,,,,,,,,,,,,,,,,,,,,0.206618,0.332395,1.267698,,,,,,
56299,,,,,,,,,,,,,,,,,,,,,,,0.161772,0.344467,1.066402,6.720000,17.500000,184.169998
56298,,,,,,,,,,,,,,,,,,,,0.208971,0.340090,1.298794,,,,,,
56304,,,,,,,,,,,,,,,,,,,,,,,0.203252,0.209474,0.945744,-21.490000,19.180000,188.160004
56307,,,,0.163310,0.376059,1.297998,0.751582,3.486112,,,,,,,,,,,,,,,,,,,,
56309,,,,,,,,,,,43.462025,63.495548,,,,,0.022535,0.053548,-0.002532,,,,,,,,,
56310,,,,,,,,,,,,,38.385475,57.586304,0.292198,0.333304,,,,,,,,,,,,
56306,,,,,,,,,,,,,,,,,,,,0.210908,0.348148,1.326750,,,,,,
56314,,,,,,,,,,,,,,,,,,,,,,,0.203252,0.209474,0.945744,2.940000,8.050000,190.539993
56319,,,,,,,,,,,,,39.768051,58.222244,0.278566,0.327778,,,,,,,0.178303,0.267668,0.986309,1.330000,6.510000,194.669998
56321,,,,,,,,,,,,,,,,,,,,0.212848,0.356428,1.362121,,,,,,
56329,,,,,,,,,,,,,41.113518,59.373974,0.265040,0.316639,,,,0.214226,0.364806,1.398015,0.178303,0.267668,0.986309,-16.309999,-35.209999,187.529999
56339,,,,,,,,,,,,,42.165775,60.234715,0.254349,0.308353,,,,,,,0.174399,0.271999,1.117947,-14.210000,-22.820000,189.490005
56337,,,,,,,,,,,,,,,,,,,,0.215494,0.373043,1.427118,,,,,,
56356,,,,,,,,,,,,,43.132179,60.886684,0.244351,0.302105,,,,,,,,,,,,
56352,,,,,,,,,,,,,,,,,,,,0.216485,0.381575,1.460289,,,,,,
56358,,,,0.171495,0.415646,1.430310,0.788676,2.915761,,,,,,,,,,,,,,,,,,,,
56360,,,,,,,,,,,49.873714,65.328445,,,,,0.028983,0.048485,-0.030350,0.217385,0.390876,1.490262,,,,,,
56363,,,,,,,,,,,,,,,,,,,,,,,0.174399,0.271999,0.938119,3.850000,4.130000,186.410004
56368,,,,,,,,,,,,,,,,,,,,0.217992,0.399937,1.524368,0.173057,0.298107,1.015894,-2.870000,-13.300000,185.500000
56369,,,,,,,,,,,,,44.031284,61.549881,0.302991,0.315076,,,,,,,,,,,,
56374,,,,,,,,,,,,,,,,,,,,,,,0.138836,0.298107,1.015894,-2.730000,-11.970000,186.270004
56376,,,,,,,,,,,,,,,,,,,,0.218275,0.409116,1.559092,,,,,,
56379,,,,,,,,,,,,,45.276958,62.211517,0.290973,0.308834,,,,,,,0.138836,0.298107,1.015894,13.440000,-19.389999,185.710007
56389,,,,,,,,,,,,,46.341682,63.338970,0.280618,0.297504,,,,,,,0.120231,0.244061,0.923418,1.400000,-9.380000,189.699997
56391,,,,,,,,,,,,,,,,,,,,0.218507,0.418365,1.590271,,,,,,
56399,,,,,,,,,,,,,47.215130,63.709507,0.272073,0.293981,,,,0.218309,0.427719,1.621047,0.120231,0.244061,0.923418,-1.820000,15.190000,160.649994
56416,,,,,,,,,,,,,48.361717,64.158951,0.260445,0.289543,,,,,,,,,,,,
56419,,,,0.175062,0.457910,1.538455,0.829425,2.389527,,,,,,,,,,,,,,,,,,,,
56420,,,,,,,,,,,56.133617,65.801338,,,,,,,,,,,,,,,,
56421,,,,,,,,,,,,,,,,,0.032389,0.041693,-0.081390,,,,,,,,,
56407,,,,,,,,,,,,,,,,,,,,0.217866,0.437675,1.655149,,,,,,
56423,,,,,,,,,,,,,,,,,,,,,,,0.161162,0.275598,0.978257,-6.370000,28.139999,140.139999
56422,,,,,,,,,,,,,,,,,,,,0.217040,0.447314,1.677586,,,,,,
56428,,,,,,,,,,,,,,,,,,,,,,,0.117120,0.291519,1.059631,1.750000,3.850000,142.380005
56429,,,,,,,,,,,,,49.176826,64.589943,0.318611,0.290232,,,,,,,,,,,,
56430,,,,,,,,,,,,,,,,,,,,0.215921,0.457256,1.703469,,,,,,
56434,,,,,,,,,,,,,,,,,,,,,,,0.117120,0.291519,1.059631,-23.590000,-4.270000,139.649994
56439,,,,,,,,,,,,,,,,,,,,,,,0.117120,0.291519,1.059631,-7.420000,-8.400000,137.270004
56440,,,,,,,,,,,,,50.319836,64.866508,0.307916,0.287546,,,,,,,,,,,,
56438,,,,,,,,,,,,,,,,,,,,0.214516,0.466997,1.729055,,,,,,
56457,,,,0.174461,0.502010,1.627008,0.866922,1.951864,,,,,,,,,,,,,,,,,,,,
56459,,,,,,,,,,,62.632950,68.292198,,,,,0.040423,0.033912,-0.104168,,,,,,,,,
56460,,,,,,,,,,,,,51.840107,65.165504,0.362029,0.311029,,,,0.211022,0.486256,1.768771,,,,,,
56452,,,,,,,,,,,,,,,,,,,,0.212853,0.476608,1.750800,,,,,,
56464,,,,,,,,,,,,,,,,,,,,,,,0.076494,0.245891,1.003267,-0.700000,-5.530000,99.959999
56469,,,,,,,,,,,,,53.486328,65.278786,0.346787,0.310477,,,,,,,0.122244,0.199165,0.955382,4.760000,6.790000,90.089996
56468,,,,,,,,,,,,,,,,,,,,0.208930,0.495917,1.786593,,,,,,
56474,,,,,,,,,,,,,,,,,,,,,,,0.122244,0.199165,0.955382,12.460000,9.590000,74.900002
56476,,,,,,,,,,,,,,,,,,,,0.207021,0.506255,1.804289,,,,,,
56479,,,,,,,,,,,,,55.716419,65.638588,0.324998,0.307282,,,,,,,0.122244,0.199165,0.955382,18.270000,2.940000,68.250000
56489,,,,,,,,,,,,,56.997231,65.907822,0.312830,0.304974,,,,,,,0.181719,0.133163,0.937143,27.510000,6.440000,44.380001
56491,,,,,,,,,,,,,,,,,,,,0.204641,0.516257,1.811335,,,,,,
56499,,,,,,,,,,,,,58.334915,66.378464,0.299791,0.300470,,,,0.202211,0.526528,1.818365,0.181719,0.133163,0.937143,17.570000,-10.150000,32.060001
56507,,,,0.170207,0.547111,1.700168,0.896225,1.604511,,,,,,,,,,,,0.199826,0.536382,1.825389,,,,,,
56509,,,,,,,,,,,62.570389,65.206947,,,,,0.028653,0.025997,-0.117122,,,,,,,,,
56510,,,,,,,,,,,,,60.050102,66.817940,0.281798,0.263419,,,,,,,,,,,,
56521,,,,,,,,,,,,,60.741806,66.922722,0.274974,0.261970,,,,,,,,,,,,
56524,,,,,,,,,,,,,,,,,,,,,,,0.135908,0.120414,0.957517,-2.450000,-1.400000,17.920000
56522,,,,,,,,,,,,,,,,,,,,0.197132,0.546596,1.832339,,,,,,
56529,,,,,,,,,,,,,61.506393,66.707016,0.267231,0.263904,,,,,,,0.100833,0.103456,0.824598,-1.330000,43.119999,15.680000
56530,,,,,,,,,,,,,,,,,,,,0.194096,0.557637,1.835821,,,,,,
56534,,,,,,,,,,,,,,,,,,,,,,,0.100833,0.103456,0.824598,-22.190001,36.680000,11.620000
56539,,,,,,,,,,,,,62.090553,66.466354,0.261246,0.266149,,,,,,,0.027755,0.072651,0.944829,-37.660000,31.850000,7.210000
56538,,,,,,,,,,,,,,,,,,,,0.190917,0.567914,1.839285,,,,,,
56549,,,,,,,,,,,,,62.870945,66.552742,0.253054,0.264968,,,,,,,0.027755,0.072651,0.944829,25.690001,22.330000,4.480000
56546,,,,,,,,,,,,,,,,,,,,0.187720,0.578727,1.835674,,,,,,
56557,,,,0.162857,0.592407,1.761316,0.914217,1.333216,,,,,,,,,,,,,,,,,,,,
56559,,,,,,,,,,,61.139111,64.469360,,,,,0.020028,0.020423,-0.075673,,,,,,,,,
56560,,,,,,,,,,,,,63.474285,66.572151,0.231374,0.256645,,,,,,,,,,,,
56563,,,,,,,,,,,,,,,,,,,,,,,-0.037820,-0.012566,1.140639,-18.270000,5.040000,3.500000
56561,,,,,,,,,,,,,,,,,,,,0.184903,0.588933,1.839241,,,,,,
56576,,,,,,,,,,,,,63.462215,66.068756,0.231015,0.261555,,,,,,,,,,,,
56570,,,,,,,,,,,,,,,,,,,,0.181856,0.599714,1.842615,,,,,,
56580,,,,,,,,,,,,,,,,,,,,,,,-0.037820,-0.012566,1.140639,28.280001,-12.110000,11.130000
56578,,,,,,,,,,,,,,,,,,,,0.179045,0.609870,1.846232,,,,,,
56585,,,,,,,,,,,,,,,,,,,,,,,-0.021350,-0.025437,0.877912,14.000000,-14.560000,13.370000
56586,,,,,,,,,,,,,,,,,,,,0.176200,0.619959,1.846191,,,,,,
56589,,,,,,,,,,,,,63.323452,66.343788,0.232006,0.258300,,,,,,,,,,,,
56590,,,,,,,,,,,,,,,,,,,,,,,-0.021350,-0.025437,0.877912,-3.080000,-16.030001,11.760000
56598,,,,,,,,,,,,,,,,,,,,,,,-0.060817,0.014274,1.177788,6.090000,-24.150000,14.070000
56599,,,,,,,,,,,,,63.126431,66.214745,0.233644,0.259281,,,,,,,,,,,,
56600,,,,,,,,,,,,,,,,,,,,0.173182,0.629990,1.846238,,,,,,
56607,,,,0.152995,0.637132,1.813023,0.919255,1.121141,,,,,,,,,,,,,,,,,,,,
56609,,,,,,,,,,,58.889030,63.394714,,,,,,,,0.170342,0.640010,1.849736,,,,,,
56610,,,,,,,,,,,,,63.330181,66.439468,0.207158,0.245111,0.012559,0.017455,-0.034835,,,,,,,,,
56621,,,,,,,,,,,,,,,0.212391,0.245819,,,,,,,,,,,,
56622,,,,,,,,,,,,,62.750561,66.313171,,,,,,,,,,,,,,
56617,,,,,,,,,,,,,,,,,,,,0.167185,0.650432,1.856644,,,,,,
56625,,,,,,,,,,,,,,,,,,,,,,,-0.060817,0.014274,1.177788,-25.969999,-3.710000,36.889999
56629,,,,,,,,,,,,,62.817509,65.815086,0.210876,0.250503,,,,,,,,,,,,
56630,,,,,,,,,,,,,,,,,,,,,,,-0.072712,0.042639,0.836554,-0.980000,34.509998,39.900002
56631,,,,,,,,,,,,,,,,,,,,0.164261,0.660811,1.863530,,,,,,
56635,,,,,,,,,,,,,,,,,,,,,,,-0.071797,0.042151,1.064206,-10.640000,40.599998,51.380001
56639,,,,,,,,,,,,,62.159332,65.776161,0.217050,0.250412,,,,0.160879,0.671162,1.873524,,,,,,
56640,,,,,,,,,,,,,,,,,,,,,,,-0.071797,0.042151,1.064206,18.410000,39.200001,60.060001
56649,,,,,,,,,,,,,61.460991,65.581856,0.223789,0.251981,,,,,,,-0.071797,0.042151,1.064206,11.760000,39.759998,69.230003
56647,,,,,,,,,,,,,,,,,,,,0.157681,0.681694,1.887065,,,,,,
56657,,,,0.141203,0.680617,1.857227,0.910833,0.953640,,,,,,,,,,,,,,,,,,,,
56659,,,,,,,,,,,56.383923,60.254902,,,0.197307,0.220063,0.004392,0.015967,-0.029744,,,,,,,,,
56660,,,,,,,,,,,,,61.397865,65.403191,,,,,,,,,,,,,,
56663,,,,,,,,,,,,,,,,,,,,,,,-0.107787,0.053070,1.036512,-8.610000,42.840000,80.150002
56662,,,,,,,,,,,,,,,,,,,,0.154346,0.691545,1.897381,,,,,,
56676,,,,,,,,,,,,,60.728600,65.106285,0.203373,0.222145,,,,,,,,,,,,
56670,,,,,,,,,,,,,,,,,,,,0.150722,0.701475,1.907601,,,,,,
56679,,,,,,,,,,,,,,,,,,,,,,,-0.107787,0.053070,0.932934,12.740000,45.849998,79.029999
56678,,,,,,,,,,,,,,,,,,,,0.147129,0.711532,1.921126,,,,,,
56684,,,,,,,,,,,,,,,,,,,,,,,-0.089548,0.097539,0.932934,-9.660000,50.610001,81.059998
56686,,,,,,,,,,,,,,,,,,,,0.143529,0.721569,1.934318,,,,,,
56689,,,,,,,,,,,,,59.721024,64.636406,0.213174,0.226127,,,,,,,,,,,,
56690,,,,,,,,,,,,,,,,,,,,,,,-0.164639,0.152561,1.013088,3.710000,55.230000,73.989998
56698,,,,,,,,,,,,,,,,,,,,,,,-0.164639,0.152561,1.013088,-9.310000,66.010002,70.000000
56699,,,,,,,,,,,,,59.019836,64.251961,0.219929,0.229299,,,,,,,,,,,,
56700,,,,,,,,,,,,,,,,,,,,0.139914,0.731254,1.947469,,,,,,
56707,,,,0.128055,0.722260,1.895343,0.889334,0.819155,,,,,,,,,,,,,,,,,,,,
56709,,,,,,,,,,,53.693939,55.588860,,,,,-0.003698,0.014331,-0.051109,,,,,,,,,
56710,,,,,,,,,,,,,58.549358,63.997555,0.195797,0.181592,,,,,,,,,,,,
56708,,,,,,,,,,,,,,,,,,,,0.135760,0.740830,1.960572,,,,,,
56713,,,,,,,,,,,,,,,,,,,,,,,-0.145302,0.146766,0.835273,-18.690001,72.870003,66.290001
56718,,,,,,,,,,,,,,,,,,,,,,,-0.145302,0.146766,0.835273,0.910000,69.019997,68.040001
56716,,,,,,,,,,,,,,,,,,,,0.131489,0.750553,1.970410,,,,,,
56719,,,,,,,,,,,,,57.805721,63.528809,0.202687,0.184821,,,,,,,,,,,,
56736,,,,,,,,,,,,,57.301899,62.450539,0.207183,0.194623,,,,,,,,,,,,
56731,,,,,,,,,,,,,,,,,,,,0.127415,0.760178,1.983265,,,,,,
56739,,,,,,,,,,,,,,,,,,,,0.123427,0.768889,1.992695,-0.190930,0.100467,0.904386,-8.680000,-7.420000,39.970001
56745,,,,,,,,,,,,,,,,,,,,,,,-0.190930,0.100467,0.737551,-19.530001,-15.960000,38.990002
56749,,,,,,,,,,,,,57.128128,61.460190,0.208278,0.203716,,,,,,,,,,,,
56747,,,,,,,,,,,,,,,,,,,,0.119416,0.777595,2.002328,,,,,,
56751,,,,,,,,,,,,,,,,,,,,,,,-0.289506,0.082960,0.737551,0.490000,-18.690001,31.850000
56757,,,,0.114090,0.761574,1.928425,0.855756,0.709029,,,,,,,,,,,,,,,,,,,,
56759,,,,,,,,,,,50.053143,50.182388,,,,,-0.012028,0.011594,-0.072578,,,,,,,,,
56760,,,,,,,,,,,,,56.956821,61.124714,0.170699,0.148614,,,,,,,,,,,,
56755,,,,,,,,,,,,,,,,,,,,0.115966,0.785812,2.009023,,,,,,
56763,,,,,,,,,,,,,,,,,,,,,,,-0.289506,0.082960,0.737551,2.310000,-37.380001,18.620001
56768,,,,,,,,,,,,,,,,,,,,,,,-0.279685,0.061854,0.929762,-9.380000,-36.889999,18.059999
56769,,,,,,,,,,,,,56.531479,60.038345,0.173780,0.157877,,,,,,,,,,,,
56771,,,,,,,,,,,,,,,,,,,,0.112196,0.793787,2.006159,,,,,,
56779,,,,,,,,,,,,,55.811234,58.761913,0.180083,0.169385,,,,0.108304,0.801496,2.012827,-0.279685,0.061854,0.929762,19.459999,-11.970000,19.809999
56796,,,,,,,,,,,,,,,0.189347,0.183034,,,,,,,,,,,,
56797,,,,,,,,,,,,,54.826412,57.309113,,,,,,,,,,,,,,
56787,,,,,,,,,,,,,,,,,,,,0.104540,0.809463,2.010088,,,,,,
56799,,,,,,,,,,,,,,,,,,,,,,,-0.235094,-0.006283,0.780556,-12.320000,38.009998,-7.420000
56804,,,,,,,,,,,,,,,,,,,,,,,-0.264130,0.007930,0.896029,0.490000,25.549999,-8.190000
56802,,,,,,,,,,,,,,,,,,,,0.100727,0.817154,2.006503,,,,,,
56807,,,,0.099803,0.798167,1.957249,0.811541,0.616846,,,,,,,,,,,,,,,,,,,,
56809,,,,,,,,,,,45.606903,46.506660,54.151962,56.240906,0.148278,0.153844,-0.016865,0.008885,-0.050719,,,,,,,,,
56810,,,,,,,,,,,,,,,,,,,,0.096992,0.825220,2.009325,,,,,,
56813,,,,,,,,,,,,,,,,,,,,,,,-0.264130,0.007930,0.896029,13.160000,8.960000,-16.170000
56818,,,,,,,,,,,,,,,,,,,,0.093605,0.832973,2.009222,-0.264130,0.007930,0.896029,-6.860000,-16.100000,-18.410000
56819,,,,,,,,,,,,,53.486549,55.244186,0.153567,0.162407,,,,,,,,,,,,
56826,,,,,,,,,,,,,,,,,,,,0.090150,0.840162,2.005988,,,,,,
56829,,,,,,,,,,,,,52.553192,54.032070,0.161843,0.173465,,,,,,,-0.245342,0.000366,0.804468,1.680000,-14.280000,-8.540000
56839,,,,,,,,,,,,,51.464703,52.709030,0.171961,0.185955,,,,,,,-0.245342,0.000366,0.802211,-19.180000,1.540000,-4.690000
56841,,,,,,,,,,,,,,,,,,,,0.086717,0.847238,2.006124,,,,,,
56856,,,,,,,,,,,,,50.747700,52.118385,0.178358,0.190938,,,,,,,,,,,,
56858,,,,0.085641,0.831746,1.982387,0.758401,0.537922,,,,,,,,,,,,0.080163,0.861031,2.006292,,,,,,
56860,,,,,,,,,,,42.581875,44.447372,,,,,-0.014246,0.007504,-0.024955,,,,,,,,,
56861,,,,,,,,,,,,,50.262207,51.415501,0.150305,0.175357,,,,,,,,,,,,
56864,,,,,,,,,,,,,,,,,,,,,,,-0.291153,-0.019093,0.802211,-12.250000,-15.120000,12.810000
56866,,,,,,,,,,,,,,,,,,,,0.076819,0.867689,2.009224,,,,,,
56869,,,,,,,,,,,,,49.020016,50.663338,0.161903,0.181897,,,,,,,-0.237595,-0.027999,1.069025,-32.830002,-10.430000,14.000000
56874,,,,,,,,,,,,,,,,,,,,,,,-0.237595,-0.027999,1.069025,-16.660000,-13.230000,19.879999
56879,,,,,,,,,,,,,48.452785,49.835480,0.166589,0.189398,,,,,,,-0.153476,0.015677,0.940376,-0.700000,-11.130000,25.059999
56881,,,,,,,,,,,,,,,,,,,,0.073537,0.874069,2.012609,,,,,,
56889,,,,,,,,,,,,,47.352730,49.613552,0.177054,0.190634,,,,0.070197,0.880608,2.012763,-0.153476,0.015677,0.940376,-3.640000,1.050000,30.730000
56899,,,,,,,,,,,,,46.906101,49.351704,0.180805,0.192339,,,,,,,-0.167445,0.001281,0.917013,6.020000,9.100000,34.790001
56896,,,,,,,,,,,,,,,,,,,,0.066923,0.887350,2.019436,,,,,,
56916,,,,,,,,,,,,,46.385597,48.772793,0.185435,0.197469,,,,,,,,,,,,
56919,,,,0.071987,0.862107,2.004261,0.698175,0.468853,,,,,,,,,,,,,,,,,,,,
56920,,,,,,,,,,,35.898930,37.854881,,,,,-0.024422,0.006448,-0.016013,0.060388,0.900437,2.032461,,,,,,
56921,,,,,,,,,,,,,46.576958,48.585545,0.111603,0.128512,,,,,,,,,,,,
56912,,,,,,,,,,,,,,,,,,,,0.063534,0.893837,2.028781,,,,,,
56924,,,,,,,,,,,,,,,,,,,,,,,-0.167445,0.001281,0.917013,15.680000,5.530000,45.570000
56929,,,,,,,,,,,,,45.111656,48.117638,0.124947,0.131248,,,,,,,-0.145851,0.016775,1.044015,-2.660000,0.560000,47.459999
56928,,,,,,,,,,,,,,,,,,,,0.057041,0.906849,2.041944,,,,,,
56934,,,,,,,,,,,,,,,,,,,,,,,-0.118828,0.060695,0.980819,2.590000,-1.540000,48.020000
56936,,,,,,,,,,,,,,,,,,,,0.053711,0.913305,2.054951,,,,,,
56939,,,,,,,,,,,,,43.920677,46.992065,0.135682,0.141069,,,,,,,-0.118828,0.060695,0.980819,-6.230000,-2.450000,47.529999
56948,,,,,,,,,,,,,,,,,,,,,,,-0.118828,0.060695,0.980819,-3.780000,16.730000,36.820000
56949,,,,,,,,,,,,,42.588448,46.299431,0.148166,0.146525,,,,,,,,,,,,
56950,,,,,,,,,,,,,,,,,,,,0.050245,0.919669,2.064595,,,,,,
56957,,,,0.059158,0.889149,2.023205,0.632768,0.407226,,,,,,,,,,,,,,,,,,,,
56959,,,,,,,,,,,30.561562,31.234926,,,,,-0.030982,0.006618,-0.040551,,,,,,,,,
56960,,,,,,,,,,,,,42.153564,45.275986,0.094683,0.085302,,,,,,,,,,,,
56958,,,,,,,,,,,,,,,,,,,,0.046925,0.925919,2.070846,,,,,,
56963,,,,,,,,,,,,,,,,,,,,,,,-0.279075,0.043615,0.967948,-22.330000,60.340000,36.330002
56976,,,,,,,,,,,,,40.688309,43.968052,0.107836,0.096274,,,,,,,,,,,,
56972,,,,,,,,,,,,,,,,,,,,0.043406,0.932400,2.076344,,,,,,
56979,,,,,,,,,,,,,,,,,,,,,,,-0.279075,0.043615,0.967948,5.880000,-10.710000,19.809999
56981,,,,,,,,,,,,,,,,,,,,0.040032,0.938409,2.082785,,,,,,
56984,,,,,,,,,,,,,,,,,,,,,,,-0.263703,0.002074,0.777750,-8.680000,-11.970000,24.709999
56989,,,,,,,,,,,,,,,,,,,,,,,-0.263703,0.002074,0.809409,-8.680000,-10.500000,24.430000
56990,,,,,,,,,,,,,39.579842,42.750549,0.117504,0.106557,,,,0.036964,0.943653,2.089024,,,,,,
56999,,,,,,,,,,,,,38.471642,41.139477,0.127400,0.121276,,,,,,,-0.450607,0.038247,0.809409,-6.930000,-30.240000,14.770000
56998,,,,,,,,,,,,,,,,,,,,0.034129,0.948689,2.089179,,,,,,
57007,,,,0.047404,0.912837,2.039471,0.564034,0.351346,,,,,,,,,,,,,,,,,,,,
57009,,,,,,,,,,,24.615435,24.813190,,,,,-0.037588,0.006235,-0.049644,,,,,,,,,
57010,,,,,,,,,,,,,38.131844,39.852757,0.066185,0.064653,,,,,,,,,,,,
57006,,,,,,,,,,,,,,,,,,,,0.031526,0.953222,2.089811,,,,,,
57021,,,,,,,,,,,,,36.433128,38.364326,0.081418,0.077334,,,,,,,,,,,,
57020,,,,,,,,,,,,,,,,,,,,0.028921,0.957970,2.096507,,,,,,
57023,,,,,,,,,,,,,,,,,,,,,,,-0.450607,-0.001037,0.895907,10.500000,-11.200000,15.610000
57028,,,,,,,,,,,,,,,,,,,,0.026197,0.962760,2.099274,-0.285907,0.025681,0.904386,-15.610000,18.690001,8.050000
57029,,,,,,,,,,,,,35.325584,36.950493,0.090723,0.089533,,,,,,,,,,,,
57033,,,,,,,,,,,,,,,,,,,,,,,-0.285907,0.025681,0.904386,-0.840000,34.790001,6.440000
57038,,,,,,,,,,,,,,,,,,,,,,,-0.285907,0.025681,0.904386,0.490000,30.870001,11.550000
57036,,,,,,,,,,,,,,,,,,,,0.023373,0.967108,2.098703,,,,,,
57039,,,,,,,,,,,,,34.121513,35.488712,0.101285,0.102536,,,,,,,,,,,,
57049,,,,,,,,,,,,,33.087193,34.237556,0.110294,0.113605,,,,,,,-0.438895,-0.020374,1.019005,-10.780000,-6.930000,10.640000
57051,,,,,,,,,,,,,,,,,,,,0.020689,0.970933,2.095597,,,,,,
57057,,,,0.036905,0.933223,2.053278,0.493752,0.300094,,,,,,,,,,,,,,,,,,,,
57059,,,,,,,,,,,19.244095,19.578993,,,,,-0.040820,0.004919,-0.042668,0.018177,0.974245,2.096713,,,,,,
57060,,,,,,,,,,,,,32.024731,33.515793,0.062748,0.063697,,,,,,,,,,,,
57063,,,,,,,,,,,,,,,,,,,,,,,-0.438895,-0.020374,1.019005,3.920000,-20.230000,13.510000
57076,,,,,,,,,,,,,30.665854,32.258636,0.074523,0.074151,,,,,,,,,,,,
57067,,,,,,,,,,,,,,,,,,,,0.016095,0.977959,2.099977,,,,,,
57079,,,,,,,,,,,,,,,,,,,,,,,-0.233874,-0.021594,0.878949,6.720000,1.190000,22.820000
57084,,,,,,,,,,,,,,,,,,,,,,,-0.319518,0.004087,1.029131,-15.050000,19.389999,18.549999
57082,,,,,,,,,,,,,,,,,,,,0.014294,0.981535,2.099952,,,,,,
57089,,,,,,,,,,,,,28.999329,30.739132,0.089850,0.087654,,,,,,,-0.319518,0.004087,1.029131,-2.240000,21.490000,19.250000
57090,,,,,,,,,,,,,,,,,,,,0.012213,0.985108,2.109196,,,,,,
57098,,,,,,,,,,,,,,,,,,,,0.010174,0.988600,2.115161,-0.319518,0.004087,1.029131,2.870000,0.280000,20.299999
57099,,,,,,,,,,,,,27.800238,29.264109,0.100558,0.101001,,,,,,,,,,,,
57107,,,,0.027779,0.950404,2.064810,0.423563,0.252777,,,,,,,,,,,,,,,,,,,,
57109,,,,,,,,,,,14.646962,14.708390,,,,,,,,,,,,,,,,
57110,,,,,,,,,,,,,26.964905,28.707146,0.058807,0.053151,-0.041984,0.004715,-0.049875,,,,,,,,,
57106,,,,,,,,,,,,,,,,,,,,0.008334,0.991620,2.118601,,,,,,
57121,,,,,,,,,,,,,25.712107,27.178028,0.069551,0.066481,,,,0.006657,0.994356,2.122021,,,,,,
57124,,,,,,,,,,,,,,,,,,,,,,,-0.320677,-0.013481,1.007964,2.800000,-23.520000,26.530001
57129,,,,,,,,,,,,,24.160753,26.025826,0.083729,0.076126,,,,0.004727,0.997008,2.128623,-0.187270,0.011163,0.940193,-5.320000,3.990000,21.209999
57134,,,,,,,,,,,,,,,,,,,,,,,-0.187270,0.011163,0.940193,-4.060000,17.990000,20.370001
57139,,,,,,,,,,,,,,,,,,,,,,,-0.187270,0.011163,0.940193,2.100000,21.490000,18.760000
57140,,,,,,,,,,,,,23.035870,24.605141,0.093699,0.088863,,,,,,,,,,,,
57137,,,,,,,,,,,,,,,,,,,,0.003062,0.999684,2.126062,,,,,,
57146,,,,,,,,,,,,,,,,,,,,0.001399,1.002475,2.131684,,,,,,
57149,,,,,,,,,,,,,22.241472,24.133677,0.100392,0.091810,,,,,,,-0.282064,0.006161,1.066585,3.850000,4.690000,20.299999
57157,,,,0.020083,0.964535,2.074239,0.354984,0.209045,,,,,,,,,,,,,,,,,,,,
57159,,,,,,,,,,,10.368850,10.226244,21.374693,22.966793,0.062564,0.054622,-0.042256,0.004380,-0.057487,,,,,,,,,
57162,,,,,,,,,,,,,,,,,,,,-0.000051,1.005018,2.138152,-0.282064,0.006161,0.946476,4.550000,-24.780001,16.730000
57176,,,,,,,,,,,,,20.562078,21.901670,0.068906,0.063285,,,,,,,,,,,,
57170,,,,,,,,,,,,,,,,,,,,-0.001170,1.007501,2.140657,,,,,,
57179,,,,,,,,,,,,,,,,,,,,,,,-0.195322,-0.008113,0.946476,-2.310000,-24.709999,13.230000
57178,,,,,,,,,,,,,,,,,,,,-0.002585,1.009434,2.144142,,,,,,
57184,,,,,,,,,,,,,,,,,,,,,,,-0.189100,0.004636,1.080615,-5.180000,-13.020000,8.190000
57186,,,,,,,,,,,,,,,,,,,,-0.003990,1.011439,2.147379,,,,,,
57189,,,,,,,,,,,,,19.452255,21.009651,0.078574,0.070330,,,,,,,,,,,,
57190,,,,,,,,,,,,,,,,,,,,,,,-0.189100,0.004636,1.080615,1.890000,0.490000,8.330000
57198,,,,,,,,,,,,,,,,,,,,,,,-0.239791,-0.009394,0.938729,0.070000,18.270000,7.980000
57199,,,,,,,,,,,,,18.559990,19.870382,0.086162,0.080188,,,,,,,,,,,,
57200,,,,,,,,,,,,,,,,,,,,-0.005321,1.013525,2.147512,,,,,,
57207,,,,0.013809,0.975824,2.081747,0.289414,0.168808,,,,,,,,,,,,,,,,,,,,
57209,,,,,,,,,,,6.322146,6.048734,,,,,-0.042253,0.004490,-0.065456,,,,,,,,,
57210,,,,,,,,,,,,,17.721498,19.350344,0.050368,0.039318,,,,,,,,,,,,
57208,,,,,,,,,,,,,,,,,,,,-0.006597,1.015851,2.150374,,,,,,
57213,,,,,,,,,,,,,,,,,,,,,,,-0.239791,-0.009394,0.938729,4.060000,24.360001,6.650000
57218,,,,,,,,,,,,,,,,,,,,,,,-0.155306,-0.001464,1.025410,0.560000,12.320000,9.380000
57217,,,,,,,,,,,,,,,,,,,,-0.007980,1.017976,2.150053,,,,,,
57219,,,,,,,,,,,,,16.613451,17.983961,0.059766,0.051065,,,,,,,,,,,,
57236,,,,,,,,,,,,,15.945954,17.099102,0.064714,0.057980,,,,,,,,,,,,
57231,,,,,,,,,,,,,,,,,,,,-0.009293,1.019890,2.150594,,,,,,
57239,,,,,,,,,,,,,,,,,,,,,,,-0.155306,-0.001464,1.025410,1.820000,3.640000,9.380000
57240,,,,,,,,,,,,,,,,,,,,-0.010405,1.021701,2.150446,,,,,,
57244,,,,,,,,,,,,,,,,,,,,,,,-0.224907,-0.026474,0.990335,0.910000,0.420000,8.470000
57249,,,,,,,,,,,,,,,,,,,,,,,-0.224907,-0.026474,0.990335,0.560000,-6.370000,9.520000
57250,,,,,,,,,,,,,14.961508,16.317913,0.073169,0.063978,,,,,,,,,,,,
57247,,,,,,,,,,,,,,,,,,,,-0.011442,1.023460,2.156750,,,,,,
57257,,,,0.008906,0.984513,2.087513,0.228097,0.132149,,,,,,,,,,,,,,,,,,,,
57259,,,,,,,,,,,2.052037,1.772730,14.345013,15.486292,0.032550,0.025242,-0.043788,0.004564,-0.069488,,,,,,,,,
57262,,,,,,,,,,,,,,,,,,,,-0.012367,1.024750,2.156829,-0.228689,0.014701,0.994849,-0.770000,-14.350000,1.330000
57269,,,,,,,,,,,,,13.759271,14.719543,0.036212,0.030532,,,,,,,-0.228689,0.014701,0.994849,3.220000,-13.020000,2.100000
57270,,,,,,,,,,,,,,,,,,,,-0.013380,1.026152,2.156909,,,,,,
57279,,,,,,,,,,,,,12.671388,13.479361,0.045332,0.041011,,,,,,,-0.176656,0.006283,1.021811,0.350000,-4.060000,3.360000
57278,,,,,,,,,,,,,,,,,,,,-0.014108,1.027431,2.156821,,,,,,
57296,,,,,,,,,,,,,11.644753,12.652263,0.054027,0.047360,,,,,,,,,,,,
57286,,,,,,,,,,,,,,,,,,,,-0.014949,1.028885,2.156974,,,,,,
57299,,,,,,,,,,,,,,,,,,,,,,,-0.176656,0.006283,1.021811,5.110000,-0.140000,7.490000
57300,,,,,,,,,,,,,,,,,,,,-0.015899,1.030191,2.156829,,,,,,
57304,,,,,,,,,,,,,,,,,,,,,,,-0.289079,-0.019825,0.990945,0.980000,-15.680000,7.560000
57307,,,,0.005258,0.990901,2.091748,0.172148,0.099272,,,,,,,,,,,,,,,,,,,,
57309,,,,,,,,,,,-1.718609,-1.894081,11.000949,11.848668,0.018806,0.014672,-0.044575,0.004132,-0.065877,-0.016615,1.031099,2.159977,,,,,,
57313,,,,,,,,,,,,,,,,,,,,,,,-0.289079,-0.019825,0.974475,-1.470000,-16.450001,8.890000
57318,,,,,,,,,,,,,,,,,,,,,,,-0.246562,0.013542,0.974475,-2.590000,-15.540000,7.910000
57316,,,,,,,,,,,,,,,,,,,,-0.017141,1.031710,2.160260,,,,,,
57319,,,,,,,,,,,,,9.819498,11.096070,0.028709,0.019805,,,,,,,,,,,,
57329,,,,,,,,,,,,,8.812113,9.886220,0.037009,0.029954,,,,,,,-0.246562,-0.011651,1.040904,-1.750000,-5.460000,3.360000
57331,,,,,,,,,,,,,,,,,,,,-0.017601,1.032449,2.160044,,,,,,
57338,,,,,,,,,,,,,,,,,,,,,,,-0.219722,-0.011651,1.040904,-2.170000,34.580002,6.930000
57339,,,,,,,,,,,,,8.512269,8.867144,0.038001,0.038327,,,,-0.018141,1.033072,2.160122,,,,,,
57356,,,,,,,,,,,,,7.482560,7.781152,0.046810,0.047624,,,,,,,,,,,,
57347,,,,,,,,,,,,,,,,,,,,-0.018561,1.033750,2.159911,,,,,,
57358,,,,0.002749,0.995259,2.094636,0.122587,0.070471,,,,,,,,,,,,,,,,,,,,
57360,,,,,,,,,,,-4.680940,-4.804375,,,,,-0.043994,0.003690,-0.065314,,,,,,,,,
57362,,,,,,,,,,,,,,,,,,,,-0.018634,1.034046,2.160112,-0.275476,-0.011712,0.983625,-1.260000,-36.259998,-2.520000
57368,,,,,,,,,,,,,,,,,,,,,,,-0.196298,0.006283,1.005402,1.820000,-24.570000,-1.470000
57369,,,,,,,,,,,,,6.717690,7.390790,0.021545,0.018834,,,,-0.018625,1.034194,2.163113,,,,,,
57373,,,,,,,,,,,,,,,,,,,,,,,-0.196298,0.006283,1.005402,0.140000,-13.230000,1.820000
57378,,,,,,,,,,,,,,,,,,,,,,,-0.196298,0.006283,1.005402,-2.240000,-11.410000,6.230000
57379,,,,,,,,,,,,,5.652264,6.767157,0.030491,0.022920,,,,,,,,,,,,
57377,,,,,,,,,,,,,,,,,,,,-0.018677,1.034411,2.163252,,,,,,
57389,,,,,,,,,,,,,4.755814,5.693885,0.037863,0.031912,,,,,,,-0.171105,-0.013908,0.993751,1.120000,2.380000,21.700001
57392,,,,,,,,,,,,,,,,,,,,-0.018873,1.034470,2.166529,,,,,,
57399,,,,,,,,,,,,,4.001541,4.790834,0.043911,0.039320,,,,,,,-0.171105,-0.013908,0.993751,-4.130000,7.490000,26.040001
57400,,,,,,,,,,,,,,,,,,,,-0.019134,1.034595,2.169796,,,,,,
57420,,,,0.001181,0.997966,2.096430,0.080332,0.046089,,,,,,,,,,,,,,,,,,,,
57422,,,,,,,,,,,-6.745407,-6.867083,,,,,-0.041928,0.003868,-0.073152,,,,,,,,,
57423,,,,,,,,,,,,,3.366896,4.031007,0.026910,0.023478,,,,,,,,,,,,
57417,,,,,,,,,,,,,,,,,,,,-0.019320,1.034843,2.178928,,,,,,
57427,,,,,,,,,,,,,,,,,,,,,,,-0.139202,-0.019886,1.010160,-0.840000,3.640000,-1.470000
57429,,,,,,,,,,,,,2.832906,3.391689,0.030477,0.028000,,,,,,,,,,,,
57432,,,,,,,,,,,,,,,,,,,,,,,-0.115961,0.005734,1.021750,0.000000,4.200000,-3.290000
57431,,,,,,,,,,,,,,,,,,,,-0.019423,1.034885,2.178937,,,,,,
57437,,,,,,,,,,,,,,,,,,,,,,,-0.115961,0.005734,1.021750,0.210000,4.200000,-3.220000
57439,,,,,,,,,,,,,2.383607,2.853766,0.033255,0.031578,,,,-0.019467,1.034914,2.178797,,,,,,
57443,,,,,,,,,,,,,,,,,,,,,,,-0.121939,-0.010797,1.011258,0.070000,3.500000,-2.240000
57448,,,,,,,,,,,,,,,,,,,,-0.019514,1.034864,2.175731,-0.121939,-0.010797,1.011258,0.210000,1.050000,-1.260000
57449,,,,,,,,,,,,,2.005566,2.401159,0.035370,0.034362,,,,,,,,,,,,
57457,,,,0.000356,0.999388,2.097372,0.046211,0.026482,,,,,,,,,,,,,,,,,,,,
57459,,,,,,,,,,,-8.526465,-8.611613,1.687483,2.020335,0.018003,0.017942,-0.040610,0.003838,-0.078150,,,,,,,,,
57455,,,,,,,,,,,,,,,,,,,,-0.019466,1.034886,2.175589,,,,,,
57463,,,,,,,,,,,,,,,,,,,,,,,-0.121939,-0.010797,1.011258,0.280000,-6.650000,0.490000
57476,,,,,,,,,,,,,1.419848,1.699909,0.018719,0.019132,,,,,,,,,,,,
57470,,,,,,,,,,,,,,,,,,,,-0.019462,1.034810,2.175743,,,,,,
57479,,,,,,,,,,,,,,,,,,,,,,,-0.100040,-0.002501,1.014369,-0.210000,-10.990000,-0.910000
57478,,,,,,,,,,,,,,,,,,,,-0.019378,1.034736,2.179145,,,,,,
57484,,,,,,,,,,,,,,,,,,,,,,,-0.110410,-0.012810,1.014979,0.560000,-12.390000,-1.050000
57486,,,,,,,,,,,,,,,,,,,,-0.019255,1.034648,2.179191,,,,,,
57489,,,,,,,,,,,,,,,,,,,,,,,-0.110410,-0.012810,1.014979,0.350000,-13.930000,-0.490000
57490,,,,,,,,,,,,,1.194660,1.430303,0.019039,0.019848,,,,,,,,,,,,
57498,,,,,,,,,,,,,,,,,,,,,,,-0.101199,-0.001098,1.016748,0.000000,-17.639999,0.280000
57499,,,,,,,,,,,,,1.005187,1.203457,0.019027,0.020166,,,,,,,,,,,,
57501,,,,,,,,,,,,,,,,,,,,-0.019139,1.034554,2.179125,,,,,,
57507,,,,0.000044,0.999925,2.097727,0.020976,0.012013,,,,,,,,,,,,,,,,,,,,
57509,,,,,,,,,,,-9.813184,-9.855947,0.845764,1.012589,0.005064,0.006928,-0.039504,0.004034,-0.081249,,,,,,,,,
57520,,,,,,,,,,,,,0.711626,0.851992,0.004268,0.006370,,,,,,,,,,,,
57517,,,,,,,,,,,,,,,,,,,,-0.018974,1.034082,2.176304,,,,,,
57523,,,,,,,,,,,,,,,,,,,,,,,-0.101199,-0.001098,1.016748,0.280000,-21.490000,-0.210000
57528,,,,,,,,,,,,,,,,,,,,,,,-0.098088,-0.010065,1.016809,0.350000,-26.320000,-0.070000
57529,,,,,,,,,,,,,0.598762,0.716866,0.003275,0.005575,,,,,,,,,,,,
57533,,,,,,,,,,,,,,,,,,,,,,,-0.098088,-0.010065,1.016809,0.280000,-27.930000,-0.070000
57532,,,,,,,,,,,,,,,,,,,,-0.018913,1.033704,2.176366,,,,,,
57538,,,,,,,,,,,,,,,,,,,,,,,-0.089182,-0.005246,1.017785,0.280000,-29.680000,-0.350000
57539,,,,,,,,,,,,,0.503798,0.603171,0.002115,0.004580,,,,,,,,,,,,
57540,,,,,,,,,,,,,,,,,,,,-0.018610,1.033633,2.176469,,,,,,
57549,,,,,,,,,,,,,0.423896,0.507508,0.000814,0.003418,,,,,,,-0.089182,-0.005246,1.017785,0.560000,-34.160000,-0.350000
57547,,,,,,,,,,,,,,,,,,,,-0.018070,1.033606,2.179842,,,,,,
57557,,,,0.000000,1.000000,2.097777,0.005353,0.003065,,,,,,,,,,,,,,,,,,,,
57559,,,,,,,,,,,-10.397637,-10.408775,0.356666,0.427017,-0.006814,-0.003760,-0.038059,0.004375,-0.082058,,,,,,,,,
57556,,,,,,,,,,,,,,,,,,,,-0.017668,1.033155,2.176778,,,,,,
57562,,,,,,,,,,,,,,,,,,,,,,,-0.081984,-0.006710,1.017968,0.700000,-37.869999,-0.280000
57576,,,,,,,,,,,,,0.300099,0.359292,-0.008453,-0.005298,,,,,,,,,,,,
57571,,,,,,,,,,,,,,,,,,,,-0.017393,1.032712,2.176778,,,,,,
57579,,,,,,,,,,,,,,,,,,,,,,,-0.081984,-0.006710,1.017968,0.770000,-41.580002,-0.210000
57578,,,,,,,,,,,,,,,,,,,,-0.017245,1.032208,2.179998,,,,,,
57584,,,,,,,,,,,,,,,,,,,,,,,-0.071736,-0.007991,1.019737,0.840000,-46.970001,-0.280000
57586,,,,,,,,,,,,,,,,,,,,-0.017086,1.031731,2.180295,,,,,,
57589,,,,,,,,,,,,,0.252503,0.302308,-0.010176,-0.006935,,,,,,,-0.071736,-0.007991,1.019737,0.840000,-48.930000,-0.560000
57598,,,,,,,,,,,,,,,,,,,,,,,-0.056608,-0.006832,1.020286,0.910000,-52.919998,-0.560000
57599,,,,,,,,,,,,,0.212456,0.254362,-0.011970,-0.008658,,,,,,,,,,,,
57601,,,,,,,,,,,,,,,,,,,,-0.016912,1.031299,2.177269,,,,,,
57607,,,,0.000000,1.000000,2.097777,0.000000,0.000000,,,,,,,,,,,,,,,,,,,,
57609,,,,,,,,,,,-10.043523,-10.043523,,,,,-0.035599,0.003980,-0.079741,-0.016689,1.030786,2.177371,,,,,,
57610,,,,,,,,,,,,,0.178760,0.214020,-0.010060,-0.006570,,,,,,,,,,,,
57613,,,,,,,,,,,,,,,,,,,,,,,-0.056608,-0.006832,1.020286,1.050000,-59.009998,-0.560000
57618,,,,,,,,,,,,,,,,,,,,,,,-0.042212,-0.005795,1.021933,0.980000,-59.919998,-0.910000
57617,,,,,,,,,,,,,,,,,,,,-0.016242,1.030164,2.177501,,,,,,
57619,,,,,,,,,,,,,0.150409,0.180077,-0.011888,-0.008346,,,,,,,,,,,,
57636,,,,,,,,,,,,,0.126554,0.151516,-0.013758,-0.010172,,,,,,,,,,,,
57632,,,,,,,,,,,,,,,,,,,,-0.015750,1.029677,2.177619,,,,,,
57639,,,,,,,,,,,,,,,,,,,,,,,-0.042212,-0.005795,1.021933,0.700000,22.469999,-5.180000
57640,,,,,,,,,,,,,,,,,,,,-0.015617,1.029619,2.174507,,,,,,
57644,,,,,,,,,,,,,,,,,,,,,,,0.025864,-0.006100,1.028155,0.630000,24.639999,-6.090000
57649,,,,,,,,,,,,,,,,,,,,,,,0.025864,-0.010675,1.001498,0.840000,18.270000,-7.280000
57650,,,,,,,,,,,,,0.106483,0.127486,-0.015664,-0.012041,,,,,,,,,,,,
57648,,,,,,,,,,,,,,,,,,,,-0.015549,1.029610,2.174480,,,,,,
57657,,,,0.000000,1.000000,2.097777,0.000000,0.000000,,,,,,,,,,,,,,,,,,,,
57659,,,,,,,,,,,-9.426486,-9.426486,0.089594,0.107267,-0.011043,-0.007389,-0.033412,0.004006,-0.076974,,,,,,,,,
57662,,,,,,,,,,,,,,,,,,,,-0.015531,1.029634,2.171333,0.040443,-0.010675,1.001498,-0.140000,0.420000,-10.360000
57669,,,,,,,,,,,,,0.075385,0.090254,-0.012874,-0.009195,,,,,,,0.015433,-0.000061,1.012295,0.630000,-4.270000,-10.780000
57670,,,,,,,,,,,,,,,,,,,,-0.015507,1.029599,2.171326,,,,,,
57678,,,,,,,,,,,,,,,,,,,,-0.015503,1.029453,2.168223,0.015433,-0.000061,1.012295,0.420000,-13.720000,-7.700000
57679,,,,,,,,,,,,,0.063429,0.075940,-0.014727,-0.011025,,,,,,,,,,,,
57696,,,,,,,,,,,,,0.053369,0.063896,-0.016597,-0.012877,,,,,,,,,,,,
57686,,,,,,,,,,,,,,,,,,,,-0.015452,1.029331,2.168237,,,,,,
57699,,,,,,,,,,,,,,,,,,,,,,,-0.000305,-0.007015,1.039989,0.070000,1.050000,-1.680000
57700,,,,,,,,,,,,,,,,,,,,-0.015400,1.029293,2.168237,,,,,,
57704,,,,,,,,,,,,,,,,,,,,,,,-0.000305,-0.007015,1.039989,-0.070000,4.620000,-1.750000
57707,,,,0.000000,1.000000,2.097777,0.000000,0.000000,,,,,,,,,,,,,,,,,,,,
57709,,,,,,,,,,,-9.290735,-9.290735,0.044905,0.053762,-0.017040,-0.013304,-0.032930,0.003767,-0.071015,-0.015417,1.029311,2.168223,,,,,,
57713,,,,,,,,,,,,,,,,,,,,,,,0.021899,-0.004941,1.009794,0.210000,1.330000,-2.240000
57718,,,,,,,,,,,,,,,,,,,,,,,0.021899,-0.004941,1.009794,0.070000,-1.540000,-0.980000
57719,,,,,,,,,,,,,0.037783,0.045235,-0.018909,-0.015160,,,,,,,,,,,,
57717,,,,,,,,,,,,,,,,,,,,-0.015412,1.029321,2.168237,,,,,,
57729,,,,,,,,,,,,,0.031790,0.038061,-0.020789,-0.017029,,,,,,,-0.004331,-0.003477,1.024800,0.000000,0.560000,0.210000
57732,,,,,,,,,,,,,,,,,,,,-0.015427,1.029316,2.168223,,,,,,
57738,,,,,,,,,,,,,,,,,,,,,,,-0.004331,-0.003477,1.024800,0.070000,-0.630000,0.210000
57739,,,,,,,,,,,,,0.026748,0.032024,-0.022678,-0.018908,,,,-0.015440,1.029322,2.168223,,,,,,
57756,,,,,,,,,,,,,0.022506,0.026945,-0.024574,-0.020797,,,,,,,,,,,,
57747,,,,,,,,,,,,,,,,,,,,-0.015497,1.029358,2.168223,,,,,,
57758,,,,0.000000,1.000000,2.097777,0.000000,0.000000,,,,,,,,,,,,,,,,,,,,
57760,,,,,,,,,,,-9.306710,-9.306710,,,,,-0.032987,0.003707,-0.070498,,,,,,,,,
57755,,,,,,,,,,,,,,,,,,,,-0.015509,1.029345,2.168214,,,,,,
57763,,,,,,,,,,,,,,,,,,,,,,,-0.007747,-0.007381,1.022543,0.070000,-0.420000,-0.350000
57768,,,,,,,,,,,,,,,,,,,,,,,-0.004819,-0.005063,1.020469,0.210000,-0.490000,-0.210000
57769,,,,,,,,,,,,,0.018937,0.022672,-0.026646,-0.022862,,,,,,,,,,,,
57770,,,,,,,,,,,,,,,,,,,,-0.015509,1.029338,2.168223,,,,,,
57773,,,,,,,,,,,,,,,,,,,,,,,-0.004819,-0.005063,1.020469,0.140000,-0.210000,-0.280000
57778,,,,,,,,,,,,,,,,,,,,-0.015511,1.029340,2.168223,-0.004819,-0.005063,1.020469,0.000000,-0.070000,-0.280000
57779,,,,,,,,,,,,,0.015933,0.019076,-0.028557,-0.024768,,,,,,,,,,,,
57786,,,,,,,,,,,,,,,,,,,,-0.015509,1.029338,2.168223,,,,,,
57789,,,,,,,,,,,,,0.013406,0.016051,-0.030472,-0.026678,,,,,,,-0.006100,-0.003904,1.021140,0.000000,-0.630000,-0.350000
57798,,,,,,,,,,,,,,,,,,,,,,,-0.006100,-0.003904,1.021140,0.070000,-0.560000,-0.210000
57799,,,,,,,,,,,,,0.011280,0.013505,-0.032391,-0.028593,,,,,,,,,,,,
57801,,,,,,,,,,,,,,,,,,,,-0.015510,1.029350,2.168223,,,,,,
57817,,,,,,,,,,,,,0.009491,0.011363,-0.034313,-0.030512,,,,-0.015489,1.029347,2.168223,,,,,,
57819,,,,0.000000,1.000000,2.097777,0.000000,0.000000,,,,,,,,,,,,,,,,,,,,
57821,,,,,,,,,,,-9.307949,-9.307949,,,,,-0.032992,0.003688,-0.070452,,,,,,,,,
57823,,,,,,,,,,,,,,,,,,,,,,,-0.005978,-0.007808,1.021506,0.070000,-0.350000,-0.210000
57828,,,,,,,,,,,,,,,,,,,,,,,-0.004087,-0.005917,1.021018,0.070000,-0.350000,-0.210000
57829,,,,,,,,,,,,,0.007986,0.009561,-0.036251,-0.032448,,,,,,,,,,,,
57833,,,,,,,,,,,,,,,,,,,,,,,-0.004087,-0.005917,1.021018,0.000000,-0.420000,-0.280000
57832,,,,,,,,,,,,,,,,,,,,-0.015514,1.029346,2.168214,,,,,,
57838,,,,,,,,,,,,,,,,,,,,,,,-0.005246,-0.005856,1.021567,-0.070000,-0.490000,-0.280000
57839,,,,,,,,,,,,,-0.542050,0.008045,-0.032348,-0.034373,,,,-0.015515,1.029347,2.171344,,,,,,
57849,,,,,,,,,,,,,-0.456080,0.006769,-0.035088,-0.036300,,,,,,,-0.005246,-0.005856,1.021567,0.000000,-0.350000,-0.280000
57847,,,,,,,,,,,,,,,,,,,,-0.015514,1.029341,2.168214,,,,,,
57857,,,,0.000000,1.000000,2.097777,0.000000,0.000000,,,,,,,,,,,,,,,,,,,,
57859,,,,,,,,,,,-9.301808,-9.301808,-0.383746,0.005695,-0.037635,-0.038164,-0.032970,0.003690,-0.070798,,,,,,,,,
57855,,,,,,,,,,,,,,,,,,,,-0.015515,1.029342,2.168214,,,,,,
57863,,,,,,,,,,,,,,,,,,,,,,,-0.004270,-0.005917,1.021506,0.070000,-0.420000,-0.280000
57876,,,,,,,,,,,,,-0.322884,0.004792,-0.040140,-0.040093,,,,,,,,,,,,
57870,,,,,,,,,,,,,,,,,,,,-0.015517,1.029346,2.168214,,,,,,
57879,,,,,,,,,,,,,,,,,,,,,,,-0.004270,-0.005917,1.021506,0.140000,-0.490000,-0.350000
57878,,,,,,,,,,,,,,,,,,,,-0.015516,1.029340,2.168196,,,,,,
57885,,,,,,,,,,,,,,,,,,,,,,,-0.005551,-0.005734,1.021811,0.070000,-0.420000,-0.280000
57886,,,,,,,,,,,,,,,,,,,,-0.015514,1.029343,2.168214,,,,,,
57889,,,,,,,,,,,,,-0.271674,0.004032,-0.042554,-0.042024,,,,,,,,,,,,
57890,,,,,,,,,,,,,,,,,,,,,,,-0.005551,-0.005734,1.021811,0.140000,-0.420000,-0.280000
57898,,,,,,,,,,,,,,,,,,,,,,,-0.005368,-0.006771,1.021079,0.000000,-0.420000,-0.280000
57899,,,,,,,,,,,,,-0.228587,0.003392,-0.044894,-0.043956,,,,,,,,,,,,
57901,,,,,,,,,,,,,,,,,,,,-0.015512,1.029349,2.168214,,,,,,
57907,,,,0.000000,1.000000,2.097777,0.000000,0.000000,,,,,,,,,,,,,,,,,,,,
57909,,,,,,,,,,,-9.305033,-9.305033,-0.192333,0.002854,-0.047203,-0.045923,-0.032981,0.003690,-0.070648,,,,,,,,,
57920,,,,,,,,,,,,,-0.161829,0.002402,-0.049426,-0.047858,,,,,,,,,,,,
57917,,,,,,,,,,,,,,,,,,,,-0.015524,1.029356,2.168223,,,,,,
57923,,,,,,,,,,,,,,,,,,,,,,,-0.005368,-0.006771,1.021079,0.000000,-0.490000,-0.210000
57928,,,,,,,,,,,,,,,,,,,,,,,-0.005795,-0.005246,1.021628,0.070000,-0.420000,-0.280000
57929,,,,,,,,,,,,,-0.136163,0.002021,-0.051603,-0.049793,,,,,,,,,,,,
57934,,,,,,,,,,,,,,,,,,,,,,,-0.004697,-0.004758,1.021506,0.000000,-0.490000,-0.280000
57932,,,,,,,,,,,,,,,,,,,,-0.015518,1.029355,2.171353,,,,,,
57939,,,,,,,,,,,,,-0.114567,0.001700,-0.053743,-0.051728,,,,-0.015508,1.029355,2.168223,-0.004697,-0.004758,1.021506,0.000000,-0.560000,-0.070000
57949,,,,,,,,,,,,,-0.096397,0.001431,-0.055851,-0.053664,,,,,,,-0.004697,-0.004758,1.021506,0.070000,-0.350000,0.700000
57948,,,,,,,,,,,,,,,,,,,,-0.015506,1.029357,2.168223,,,,,,
57957,,,,0.000000,1.000000,2.097777,0.000000,0.000000,,,,,,,,,,,,,,,,,,,,
57959,,,,,,,,,,,-9.307497,-9.307497,-0.081108,0.001204,-0.057958,-0.055627,-0.032990,0.003696,-0.070539,,,,,,,,,
57956,,,,,,,,,,,,,,,,,,,,-0.015511,1.029352,2.171333,,,,,,
57962,,,,,,,,,,,,,,,,,,,,,,,-0.006161,-0.005063,1.020713,0.140000,-0.490000,0.560000
57976,,,,,,,,,,,,,-0.068245,0.001013,-0.060017,-0.057564,,,,,,,,,,,,
57970,,,,,,,,,,,,,,,,,,,,-0.015514,1.029355,2.171353,,,,,,
57979,,,,,,,,,,,,,,,,,,,,,,,-0.006161,-0.005063,1.021384,0.000000,-0.140000,0.490000
57978,,,,,,,,,,,,,,,,,,,,-0.015507,1.029346,2.171344,,,,,,
57984,,,,,,,,,,,,,,,,,,,,,,,-0.005490,-0.006222,1.021384,0.070000,-0.280000,0.490000
57989,,,,,,,,,,,,,-0.057421,0.000852,-0.062056,-0.059502,,,,,,,-0.005551,-0.006771,1.021140,0.070000,-0.490000,0.350000
57992,,,,,,,,,,,,,,,,,,,,-0.015510,1.029344,2.171344,,,,,,
57999,,,,,,,,,,,,,-0.048314,0.000717,-0.064080,-0.061439,,,,,,,-0.005551,-0.006771,1.021140,0.070000,-0.420000,0.560000
58000,,,,,,,,,,,,,,,,,,,,-0.015520,1.029345,2.171344,,,,,,
58007,,,,0.000000,1.000000,2.097777,0.000000,0.000000,,,,,,,,,,,,,,,,,,,,
58009,,,,,,,,,,,-9.304756,-9.304756,-0.040651,0.000603,-0.066062,-0.063348,-0.032980,0.003772,-0.073351,,,,,,,,,
58008,,,,,,,,,,,,,,,,,,,,-0.015525,1.029345,2.171344,,,,,,
58013,,,,,,,,,,,,,,,,,,,,,,,-0.006527,-0.005612,1.021750,0.070000,-0.490000,0.070000
58018,,,,,,,,,,,,,,,,,,,,,,,-0.006527,-0.005612,1.021750,0.140000,-0.490000,0.000000
58019,,,,,,,,,,,,,-0.034204,0.000508,-0.068060,-0.065286,,,,,,,,,,,,
58022,,,,,,,,,,,,,,,,,,,,-0.015519,1.029325,2.171344,,,,,,
58035,,,,,,,,,,,,,-0.028779,0.000427,-0.070049,-0.067224,,,,,,,,,,,,
58030,,,,,,,,,,,,,,,,,,,,-0.015511,1.029332,2.171353,,,,,,
58039,,,,,,,,,,,,,,,,,,,,,,,-0.005673,-0.004636,1.021018,0.070000,-0.420000,0.350000
58038,,,,,,,,,,,,,,,,,,,,-0.015514,1.029349,2.171353,,,,,,
58044,,,,,,,,,,,,,,,,,,,,,,,-0.005673,-0.005795,1.022238,0.000000,-0.560000,0.070000
58046,,,,,,,,,,,,,,,,,,,,-0.015523,1.029347,2.171344,,,,,,
58049,,,,,,,,,,,,,-0.024215,0.000359,-0.072030,-0.069161,,,,,,,,,,,,
58050,,,,,,,,,,,,,,,,,,,,,,,-0.005856,-0.005795,1.022238,0.140000,-0.560000,-0.070000
58057,,,,0.000000,1.000000,2.097777,0.000000,0.000000,,,,,,,,,,,,,,,,,,,,
58059,,,,,,,,,,,-9.305626,-9.305626,-0.020374,0.000302,-0.074014,-0.071109,-0.032983,0.003777,-0.073568,,,,,,,,,
58062,,,,,,,,,,,,,,,,,,,,,,,-0.005856,-0.005795,1.022238,0.140000,0.140000,0.770000
58060,,,,,,,,,,,,,,,,,,,,-0.015526,1.029336,2.171353,,,,,,
58069,,,,,,,,,,,,,-0.017143,0.000254,-0.075982,-0.073047,,,,,,,-0.008052,-0.004758,1.020774,0.140000,0.350000,1.470000
58068,,,,,,,,,,,,,,,,,,,,-0.015515,1.029333,2.171353,,,,,,
58079,,,,,,,,,,,,,-0.014424,0.000214,-0.077946,-0.074985,,,,,,,-0.008052,-0.004758,1.020774,0.210000,0.490000,1.960000
58083,,,,,,,,,,,,,,,,,,,,-0.015518,1.029333,2.171344,,,,,,
58096,,,,,,,,,,,,,-0.012136,0.000180,-0.079906,-0.076924,,,,,,,,,,,,
58091,,,,,,,,,,,,,,,,,,,,-0.015448,1.029291,2.171353,,,,,,
58099,,,,,,,,,,,,,,,,,,,,-0.015411,1.029298,2.171353,-0.016287,-0.004575,1.021567,0.070000,2.940000,8.750000
58105,,,,,,,,,,,,,,,,,,,,,,,-0.023119,-0.006283,1.021018,-0.070000,0.140000,8.120000
58107,,,,0.000000,1.000000,2.097777,0.000000,0.000000,,,,,,,,,,,,-0.015415,1.029282,2.171353,,,,,,
58109,,,,,,,,,,,-9.278825,-9.278825,,,,,-0.032888,0.003837,-0.073585,,,,,,,,,
58110,,,,,,,,,,,,,-0.417469,0.000152,-0.077251,-0.078577,,,,,,,,,,,,
58114,,,,,,,,,,,,,,,,,,,,,,,-0.023119,-0.006283,1.021018,0.000000,-2.380000,5.740000
58119,,,,,,,,,,,,,,,-0.079801,-0.080510,,,,,,,-0.023119,-0.006283,1.022726,-0.420000,-2.520000,4.060000
58120,,,,,,,,,,,,,-0.351258,0.000128,,,,,,,,,,,,,,
58122,,,,,,,,,,,,,,,,,,,,-0.015414,1.029212,2.174480,,,,,,
58129,,,,,,,,,,,,,-0.295548,0.000107,-0.082253,-0.082443,,,,,,,-0.005612,-0.008357,1.022726,0.210000,-3.220000,1.050000
58130,,,,,,,,,,,,,,,,,,,,-0.015404,1.029160,2.174480,,,,,,
58138,,,,,,,,,,,,,,,,,,,,-0.015415,1.029155,2.177578,-0.005612,-0.004758,1.024983,0.280000,-3.990000,-0.280000
58139,,,,,,,,,,,,,-0.248674,0.000090,-0.084622,-0.084376,,,,,,,,,,,,
58156,,,,,,,,,,,,,-0.209235,-0.329750,-0.086922,-0.082804,,,,,,,,,,,,
58158,,,,0.000000,1.000000,2.097777,0.000000,0.000000,,,,,,,,,,,,,,,,,,,,
58160,,,,,,,,,,,-9.235584,-9.235584,,,,,-0.032735,0.003948,-0.079186,,,,,,,,,
58146,,,,,,,,,,,,,,,,,,,,-0.015529,1.029055,2.177550,,,,,,
58162,,,,,,,,,,,,,,,,,,,,,,,0.005307,-0.004758,1.024983,-0.140000,2.310000,4.270000
58161,,,,,,,,,,,,,,,,,,,,-0.015652,1.028883,2.177563,,,,,,
58167,,,,,,,,,,,,,,,,,,,,,,,-0.002440,-0.006527,1.015589,0.140000,0.000000,4.550000
58169,,,,,,,,,,,,,-0.176050,-0.684435,-0.088705,-0.080441,,,,,,,,,,,,
58168,,,,,,,,,,,,,,,,,,,,-0.015648,1.028860,2.177547,,,,,,
58173,,,,,,,,,,,,,,,,,,,,,,,-0.002440,-0.006527,1.015589,-1.330000,1.680000,2.660000
58178,,,,,,,,,,,,,,,,,,,,,,,-0.049044,-0.017812,1.024617,-2.660000,8.680000,-4.480000
58176,,,,,,,,,,,,,,,,,,,,-0.015485,1.028909,2.177551,,,,,,
58179,,,,,,,,,,,,,-0.148128,-0.575883,-0.090889,-0.083376,,,,,,,,,,,,
58188,,,,,,,,,,,,,,,,,,,,,,,-0.049044,-0.017812,1.024617,0.700000,14.770000,-21.700001
58189,,,,,,,,,,,,,-0.673128,-1.033041,-0.087204,-0.080323,,,,,,,,,,,,
58191,,,,,,,,,,,,,,,,,,,,-0.015457,1.028878,2.174429,,,,,,
58199,,,,,,,,,,,,,-0.566369,-1.417086,-0.090122,-0.077951,,,,-0.015454,1.028707,2.171294,-0.056242,0.007442,1.015467,1.470000,17.430000,-32.410000
58218,,,,0.000000,1.000000,2.097777,0.000000,0.000000,,,,,,,,,,,,,,,,,,,,
58220,,,,,,,,,,,-9.135415,-9.135415,-0.476543,-1.714905,-0.091819,-0.075351,-0.032380,0.003490,-0.073333,,,,,,,,,
58206,,,,,,,,,,,,,,,,,,,,-0.015284,1.028626,2.161905,,,,,,
58223,,,,,,,,,,,,,,,,,,,,,,,-0.056242,0.007442,1.015467,1.400000,10.150000,-35.000000
58221,,,,,,,,,,,,,,,,,,,,-0.015116,1.028545,2.155627,,,,,,
58228,,,,,,,,,,,,,,,,,,,,,,,-0.031171,-0.012932,1.021872,1.680000,11.620000,-36.189999
58229,,,,,,,,,,,,,-0.400963,-2.045691,-0.094426,-0.073382,,,,-0.014887,1.028554,2.152416,,,,,,
58233,,,,,,,,,,,,,,,,,,,,,,,-0.031171,-0.002928,1.018517,2.310000,14.980000,-36.540001
58238,,,,,,,,,,,,,,,,,,,,,,,-0.076311,-0.002928,1.018517,3.710000,16.660000,-31.570000
58237,,,,,,,,,,,,,,,,,,,,-0.014578,1.028494,2.146004,,,,,,
58239,,,,,,,,,,,,,-0.879798,-2.263672,-0.091158,-0.072543,,,,,,,,,,,,
58248,,,,,,,,,,,,,,,,,,,,,,,-0.076311,-0.002928,1.018517,-0.140000,18.620001,-12.110000
58249,,,,,,,,,,,,,-1.293941,-2.458333,-0.088477,-0.071907,,,,,,,,,,,,
58252,,,,,,,,,,,,,,,,,,,,-0.014404,1.028229,2.142803,,,,,,
58257,,,,0.000000,1.000000,2.097777,0.000000,0.000000,,,,,,,,,,,,,,,,,,,,
58259,,,,,,,,,,,-8.881660,-8.881660,-1.623112,-2.602830,-0.083917,-0.069066,-0.031481,0.003168,-0.046498,,,,,,,,,
58260,,,,,,,,,,,,,,,,,,,,-0.014266,1.027958,2.139649,,,,,,
58263,,,,,,,,,,,,,,,,,,,,,,,-0.077470,0.002684,1.023336,2.100000,24.010000,3.500000
58276,,,,,,,,,,,,,-1.687083,-2.832815,-0.084750,-0.067931,,,,-0.013921,1.027585,2.142646,,,,,,
58268,,,,,,,,,,,,,,,,,,,,-0.014139,1.027745,2.139594,,,,,,
58279,,,,,,,,,,,,,,,,,,,,,,,-0.077470,0.002684,1.023336,-2.170000,19.250000,-5.250000
58284,,,,,,,,,,,,,,,,,,,,,,,-0.078324,-0.029524,1.010648,1.050000,15.260000,-9.800000
58289,,,,,,,,,,,,,-2.278141,-2.812845,-0.079969,-0.069403,,,,,,,-0.078324,-0.029524,1.030351,0.140000,13.090000,-12.110000
58291,,,,,,,,,,,,,,,,,,,,-0.013599,1.027251,2.142623,,,,,,
58298,,,,,,,,,,,,,,,,,,,,,,,-0.045018,0.033306,1.030351,-1.260000,14.350000,2.240000
58299,,,,,,,,,,,,,-2.464052,-2.913952,-0.079369,-0.069593,,,,-0.013313,1.026870,2.145603,,,,,,
58307,,,,0.000000,1.000000,2.097777,0.000000,0.000000,,,,,,,,,,,,-0.013205,1.026536,2.148778,,,,,,
58309,,,,,,,,,,,-8.394132,-8.394132,-2.605710,-2.984256,-0.074021,-0.064910,-0.029753,0.003402,-0.047366,,,,,,,,,
58321,,,,,,,,,,,,,-2.192444,-3.002151,-0.079618,-0.065847,,,,-0.012960,1.026199,2.148697,,,,,,
58323,,,,,,,,,,,,,,,,,,,,,,,-0.045018,-0.029585,1.007110,-4.410000,10.990000,6.440000
58328,,,,,,,,,,,,,,,,,,,,,,,-0.056669,0.027084,1.028155,-3.150000,1.540000,7.350000
58329,,,,,,,,,,,,,-2.486569,-3.167857,-0.077785,-0.065209,,,,-0.012769,1.025589,2.148893,,,,,,
58334,,,,,,,,,,,,,,,,,,,,,,,-0.056669,0.027084,1.028155,-5.110000,-4.200000,9.800000
58339,,,,,,,,,,,,,-3.187970,-2.665434,-0.071563,-0.071636,,,,,,,-0.056669,0.027084,1.028155,-3.920000,-10.920000,15.750000
58337,,,,,,,,,,,,,,,,,,,,-0.012579,1.024818,2.149024,,,,,,
58346,,,,,,,,,,,,,,,,,,,,-0.012367,1.024219,2.152278,,,,,,
58349,,,,,,,,,,,,,-3.231569,-2.791908,-0.072185,-0.071486,,,,,,,-0.047275,-0.039772,1.028521,0.210000,-19.879999,15.050000
58357,,,,0.000000,1.000000,2.097777,0.000000,0.000000,,,,,,,,,,,,,,,,,,,,
58359,,,,,,,,,,,-7.633584,-7.633584,-3.256703,-2.886772,-0.064912,-0.063564,-0.027057,0.003015,-0.054244,,,,,,,,,
58362,,,,,,,,,,,,,,,,,,,,,,,-0.047275,-0.039772,1.028521,-2.380000,-18.830000,5.110000
58361,,,,,,,,,,,,,,,,,,,,-0.012085,1.023818,2.155346,,,,,,
58376,,,,,,,,,,,,,-3.380376,-2.749023,-0.064510,-0.066017,,,,,,,,,,,,
58369,,,,,,,,,,,,,,,,,,,,-0.011500,1.023259,2.155152,,,,,,
58379,,,,,,,,,,,,,,,,,,,,,,,-0.066185,0.019093,1.016931,-0.910000,-28.000000,14.280000
58377,,,,,,,,,,,,,,,,,,,,-0.011067,1.022578,2.155300,,,,,,
58384,,,,,,,,,,,,,,,,,,,,,,,-0.019215,-0.041724,1.027484,0.630000,-33.880001,14.350000
58389,,,,,,,,,,,,,-3.261491,-2.730270,-0.066659,-0.067234,,,,,,,-0.019215,-0.041724,1.027484,2.870000,-41.020000,13.720000
58392,,,,,,,,,,,,,,,,,,,,-0.010397,1.021959,2.158593,,,,,,
58399,,,,,,,,,,,,,-2.744218,-2.863832,-0.073066,-0.066836,,,,,,,-0.019215,-0.041724,1.027484,-0.070000,-54.810001,12.040000
58400,,,,,,,,,,,,,,,,,,,,-0.009804,1.021255,2.158672,,,,,,
58407,,,,0.000000,1.000000,2.097777,0.000000,0.000000,,,,,,,,,,,,,,,,,,,,
58409,,,,,,,,,,,-6.564162,-6.564162,-2.308985,-2.409628,-0.067347,-0.061293,-0.023266,0.003577,-0.060245,,,,,,,,,
58408,,,,,,,,,,,,,,,,,,,,-0.009360,1.020412,2.158746,,,,,,
58413,,,,,,,,,,,,,,,,,,,,,,,-0.004880,0.021106,1.026447,-0.700000,-50.610001,-8.400000
58416,,,,,,,,,,,,,,,,,,,,-0.008888,1.019622,2.158769,,,,,,
58418,,,,,,,,,,,,,,,,,,,,,,,-0.004880,0.021106,1.026447,-0.210000,-30.170000,-10.780000
58419,,,,,,,,,,,,,-1.942779,-2.589657,-0.072124,-0.060246,,,,,,,,,,,,
58435,,,,,,,,,,,,,-2.639408,-2.848773,-0.065685,-0.058321,,,,,,,,,,,,
58431,,,,,,,,,,,,,,,,,,,,-0.008615,1.019154,2.155646,,,,,,
58439,,,,,,,,,,,,,,,,,,,,-0.008530,1.018911,2.152460,0.051911,-0.023424,1.024678,0.070000,16.030001,-21.209999
58444,,,,,,,,,,,,,,,,,,,,,,,0.037271,0.005307,1.006317,0.070000,14.770000,-14.840000
58449,,,,,,,,,,,,,-2.617608,-3.190579,-0.066734,-0.055463,,,,,,,0.037271,0.005307,1.006317,0.210000,16.170000,-2.660000
58447,,,,,,,,,,,,,,,,,,,,-0.008447,1.018692,2.149302,,,,,,
58457,,,,0.000000,1.000000,2.097777,0.000000,0.000000,,,,,,,,,,,,,,,,,,,,
58459,,,,,,,,,,,-5.735051,-5.735051,-2.202455,-2.684552,-0.063158,-0.052733,-0.020328,0.003173,-0.051812,,,,,,,,,
58462,,,,,,,,,,,,,,,,,,,,,,,0.037271,0.005307,1.004609,-0.770000,9.380000,-4.130000
58461,,,,,,,,,,,,,,,,,,,,-0.008215,1.018461,2.149302,,,,,,
58469,,,,,,,,,,,,,-1.853146,-2.816430,-0.067606,-0.051968,,,,-0.007909,1.018076,2.146188,-0.019215,-0.021167,1.004609,-0.140000,2.520000,-3.850000
58478,,,,,,,,,,,,,,,,,,,,,,,0.018422,0.016897,1.045174,-1.470000,-9.800000,-1.750000
58479,,,,,,,,,,,,,-1.559237,-2.369744,-0.071537,-0.057322,,,,,,,,,,,,
58477,,,,,,,,,,,,,,,,,,,,-0.007673,1.017801,2.146200,,,,,,
58495,,,,,,,,,,,,,-1.648599,-1.993902,-0.071458,-0.062016,,,,,,,,,,,,
58491,,,,,,,,,,,,,,,,,,,,-0.007539,1.017490,2.146209,,,,,,
58499,,,,,,,,,,,,,,,,,,,,-0.007379,1.016928,2.146254,0.018422,0.016897,1.045174,-0.350000,-26.180000,-6.090000
58504,,,,,,,,,,,,,,,,,,,,,,,0.055510,-0.022265,1.042490,0.140000,-11.130000,-3.990000
58507,,,,0.000000,1.000000,2.097777,0.000000,0.000000,,,,,,,,,,,,-0.007238,1.016738,2.146266,,,,,,
58509,,,,,,,,,,,-5.155535,-5.155535,-1.777009,-2.067547,-0.064787,-0.055856,-0.018274,0.003030,-0.048490,,,,,,,,,
58513,,,,,,,,,,,,,,,,,,,,,,,0.055510,-0.022265,1.042490,-0.630000,9.030000,-2.730000
58518,,,,,,,,,,,,,,,,,,,,,,,0.048983,0.001342,0.977403,-0.210000,17.920000,9.870000
58519,,,,,,,,,,,,,-2.057894,-2.302353,-0.062507,-0.054004,,,,,,,,,,,,
58521,,,,,,,,,,,,,,,,,,,,-0.007205,1.016727,2.146250,,,,,,
58529,,,,,,,,,,,,,-1.731512,-1.937200,-0.066620,-0.058478,,,,,,,0.048983,0.001342,0.977403,-2.870000,24.709999,2.800000
58530,,,,,,,,,,,,,,,,,,,,-0.007212,1.016748,2.146228,,,,,,
58539,,,,,,,,,,,,,-1.456894,-2.177680,-0.070251,-0.056594,,,,,,,-0.033550,-0.015921,1.036634,-1.820000,15.120000,2.520000
58537,,,,,,,,,,,,,,,,,,,,-0.007160,1.016703,2.146196,,,,,,
58556,,,,,,,,,,,,,-1.225830,-1.832299,-0.073477,-0.060884,,,,,,,,,,,,
58558,,,,0.000000,1.000000,2.097777,0.000000,0.000000,,,,,,,,,,,,,,,,,,,,
58560,,,,,,,,,,,-5.033122,-5.033122,,,,,-0.017840,0.003069,-0.047955,-0.007047,1.016554,2.149279,,,,,,
58552,,,,,,,,,,,,,,,,,,,,-0.007076,1.016626,2.146166,,,,,,
58562,,,,,,,,,,,,,,,,,,,,,,,-0.033550,-0.015921,1.036634,-0.980000,0.980000,-2.520000
58567,,,,,,,,,,,,,,,,,,,,,,,-0.003172,-0.004331,1.030229,0.420000,-13.090000,-0.350000
58569,,,,,,,,,,,,,-1.434988,-1.541696,-0.070772,-0.063363,,,,,,,,,,,,
58568,,,,,,,,,,,,,,,,,,,,-0.006922,1.016408,2.146166,,,,,,
58572,,,,,,,,,,,,,,,,,,,,,,,-0.003172,-0.006161,1.024800,0.140000,-19.320000,1.820000
58578,,,,,,,,,,,,,,,,,,,,,,,0.024034,-0.006161,1.024800,-0.210000,-22.750000,2.170000
58576,,,,,,,,,,,,,,,,,,,,-0.006799,1.016265,2.146166,,,,,,
58579,,,,,,,,,,,,,-1.207399,-1.297183,-0.073940,-0.066688,,,,,,,,,,,,
58596,,,,,,,,,,,,,-1.330615,-1.091450,-0.073428,-0.069653,,,,,,,,,,,,
58591,,,,,,,,,,,,,,,,,,,,-0.006726,1.016118,2.149344,,,,,,
58599,,,,,,,,,,,,,,,,,,,,-0.006618,1.015854,2.146202,0.024034,-0.006161,1.024800,0.630000,3.920000,13.160000
58604,,,,,,,,,,,,,,,,,,,,,,,-0.011224,-0.008418,1.026264,-3.150000,9.380000,20.650000
58607,,,,0.000000,1.000000,2.097777,0.000000,0.000000,,,,,,,,,,,,-0.006605,1.015849,2.152495,,,,,,
58609,,,,,,,,,,,-4.767893,-4.767893,,,,,-0.016900,0.003077,-0.048572,,,,,,,,,
58610,,,,,,,,,,,,,-1.533209,-0.918346,-0.069229,-0.069495,,,,,,,,,,,,
58614,,,,,,,,,,,,,,,,,,,,,,,-0.011224,-0.008418,0.995886,0.630000,15.960000,30.730000
58619,,,,,,,,,,,,,-1.868851,-0.772696,-0.066336,-0.071845,,,,,,,-0.042883,0.002318,0.995886,-2.660000,16.170000,33.459999
58622,,,,,,,,,,,,,,,,,,,,-0.006617,1.015872,2.155606,,,,,,
58629,,,,,,,,,,,,,-1.572451,-0.650146,-0.070090,-0.073979,,,,,,,-0.037698,-0.027633,1.026447,0.210000,16.379999,33.950001
58630,,,,,,,,,,,,,,,,,,,,-0.006625,1.015820,2.161845,,,,,,
58638,,,,,,,,,,,,,,,,,,,,,,,-0.037698,-0.027633,1.026447,-0.350000,10.990000,29.750000
58639,,,,,,,,,,,,,-1.870559,-1.094533,-0.067588,-0.070115,,,,-0.006542,1.015803,2.168074,,,,,,
58656,,,,,,,,,,,,,-1.899436,-0.920940,-0.067885,-0.072725,,,,,,,,,,,,
58658,,,,0.000000,1.000000,2.097777,0.000000,0.000000,,,,,,,,,,,,,,,,,,,,
58660,,,,,,,,,,,-4.700920,-4.700920,,,,,-0.016662,0.003456,-0.069233,,,,,,,,,
58647,,,,,,,,,,,,,,,,,,,,-0.006531,1.015672,2.171166,,,,,,
58662,,,,,,,,,,,,,,,,,,,,-0.006495,1.015526,2.174293,-0.005307,0.013969,1.030900,-2.030000,-2.100000,16.660000
58668,,,,,,,,,,,,,,,,,,,,,,,0.000793,-0.019703,1.025715,0.070000,-11.130000,14.210000
58669,,,,,,,,,,,,,-2.012728,-0.774878,-0.066567,-0.074367,,,,,,,,,,,,
58670,,,,,,,,,,,,,,,,,,,,-0.006327,1.015370,2.180534,,,,,,
58673,,,,,,,,,,,,,,,,,,,,,,,0.000793,-0.019703,1.025715,0.420000,-11.550000,23.660000
58678,,,,,,,,,,,,,,,,,,,,-0.006204,1.015161,2.183697,0.000793,-0.019703,1.025715,2.310000,-0.420000,32.060001
58679,,,,,,,,,,,,,-2.242001,-0.651983,-0.064691,-0.076490,,,,,,,,,,,,
58689,,,,,,,,,,,,,-1.886420,-0.548578,-0.068981,-0.078433,,,,,,,-0.066185,-0.010492,1.006439,-0.210000,-1.190000,29.469999
58686,,,,,,,,,,,,,,,,,,,,-0.006162,1.015002,2.189925,,,,,,
58699,,,,,,,,,,,,,-2.143287,-0.461574,-0.066838,-0.080222,,,,,,,-0.066185,-0.010492,1.006439,0.630000,-8.610000,24.010000
58701,,,,,,,,,,,,,,,,,,,,-0.005989,1.014771,2.193150,,,,,,
58707,,,,0.000000,1.000000,2.097777,0.000000,0.000000,,,,,,,,,,,,,,,,,,,,
58709,,,,,,,,,,,-4.372710,-4.372710,-1.803361,-0.388368,-0.067496,-0.078396,-0.015499,0.003742,-0.094484,,,,,,,,,
58718,,,,,,,,,,,,,,,,,,,,-0.005784,1.014227,2.196370,,,,,,
58721,,,,,,,,,,,,,-1.517348,-0.326773,-0.071070,-0.079880,,,,,,,,,,,,
58723,,,,,,,,,,,,,,,,,,,,,,,0.002135,0.007259,1.038769,-1.750000,-18.340000,11.200000
58726,,,,,,,,,,,,,,,,,,,,-0.005660,1.013999,2.199497,,,,,,
58729,,,,,,,,,,,,,-1.276696,-0.274947,-0.074222,-0.081274,,,,,,,0.012749,-0.034404,1.029253,1.400000,-9.450000,10.150000
58734,,,,,,,,,,,,,,,,,,,,,,,0.012749,-0.034404,1.029253,0.910000,-0.840000,9.240000
58739,,,,,,,,,,,,,-1.074212,-0.231340,-0.077018,-0.082591,,,,,,,0.012749,-0.034404,1.029253,-0.210000,4.130000,8.190000
58741,,,,,,,,,,,,,,,,,,,,-0.005584,1.013891,2.202602,,,,,,
58749,,,,,,,,,,,,,-0.903842,-0.194649,-0.079516,-0.083844,,,,-0.005580,1.013841,2.205704,0.052826,0.015250,0.997289,-1.610000,4.200000,6.020000
58757,,,,0.000000,1.000000,2.097777,0.000000,0.000000,,,,,,,,,,,,-0.005624,1.013824,2.205669,,,,,,
58759,,,,,,,,,,,-4.091382,-4.091382,-1.290668,-0.163778,-0.073139,-0.082053,-0.014502,0.003727,-0.107349,,,,,,,,,
58763,,,,,,,,,,,,,,,,,,,,,,,0.052826,0.015250,0.997289,0.210000,0.420000,-0.280000
58776,,,,,,,,,,,,,,,-0.072488,-0.083147,,,,,,,,,,,,
58777,,,,,,,,,,,,,-1.406816,-0.137803,,,,,,,,,,,,,,
58772,,,,,,,,,,,,,,,,,,,,-0.005624,1.013829,2.205669,,,,,,
58779,,,,,,,,,,,,,,,,,,,,,,,0.038125,-0.028304,1.032059,1.120000,8.890000,10.640000
58780,,,,,,,,,,,,,,,,,,,,-0.005628,1.013860,2.205669,,,,,,
58784,,,,,,,,,,,,,,,,,,,,,,,-0.033367,0.020435,1.027118,-3.570000,14.910000,20.370001
58789,,,,,,,,,,,,,-1.606674,-0.115947,-0.070924,-0.084203,,,,,,,-0.033367,0.020435,1.027118,-5.180000,16.730000,18.830000
58788,,,,,,,,,,,,,,,,,,,,-0.005649,1.013868,2.205647,,,,,,
58796,,,,,,,,,,,,,,,,,,,,-0.005648,1.013861,2.208746,,,,,,
58799,,,,,,,,,,,,,-1.351855,-0.097558,-0.074149,-0.085227,,,,,,,-0.029890,-0.052582,1.015772,1.120000,13.160000,15.680000
58807,,,,0.000000,1.000000,2.097777,0.000000,0.000000,,,,,,,,,,,,,,,,,,,,
58809,,,,,,,,,,,-4.075923,-4.075923,-1.137451,-0.082085,-0.076834,-0.086059,-0.014447,0.003733,-0.111639,,,,,,,,,
58812,,,,,,,,,,,,,,,,,,,,,,,-0.029890,-0.052582,1.015772,0.140000,1.820000,12.110000
58814,,,,,,,,,,,,,,,,,,,,-0.005629,1.013893,2.211844,,,,,,
58819,,,,,,,,,,,,,-1.511068,-0.069067,-0.073476,-0.087029,,,,-0.005615,1.013857,2.214911,-0.009882,0.026718,1.017541,-1.750000,0.210000,9.170000
58836,,,,,,,,,,,,,-1.271412,-0.058113,-0.076557,-0.087980,,,,,,,,,,,,
58827,,,,,,,,,,,,,,,,,,,,-0.005600,1.013789,2.214911,,,,,,
58839,,,,,,,,,,,,,,,,,,,,,,,-0.009882,0.026718,1.017541,-0.700000,-11.200000,4.830000
58841,,,,,,,,,,,,,,,,,,,,-0.005544,1.013710,2.214901,,,,,,
58844,,,,,,,,,,,,,,,,,,,,,,,-0.015006,-0.029768,1.027972,-0.560000,-14.630000,2.660000
58849,,,,,,,,,,,,,-1.069766,-0.048896,-0.079284,-0.088915,,,,-0.005498,1.013621,2.218031,-0.015006,-0.029768,1.027972,-0.770000,-16.379999,0.350000
58857,,,,0.000000,1.000000,2.097777,0.000000,0.000000,,,,,,,,,,,,,,,,,,,,
58859,,,,,,,,,,,-3.995867,-3.995867,-1.434753,-0.041141,-0.075182,-0.088986,-0.014163,0.003831,-0.120324,,,,,,,,,
58856,,,,,,,,,,,,,,,,,,,,-0.005508,1.013483,2.218054,,,,,,
58863,,,,,,,,,,,,,,,,,,,,,,,-0.014213,0.003599,1.028155,1.820000,-4.270000,16.170000
58868,,,,,,,,,,,,,,,,,,,,,,,-0.014213,0.003599,1.028155,-2.100000,-0.140000,23.030001
58869,,,,,,,,,,,,,-1.207201,-0.034616,-0.078133,-0.089879,,,,,,,,,,,,
58871,,,,,,,,,,,,,,,,,,,,-0.005489,1.013390,2.221109,,,,,,
58878,,,,,,,,,,,,,,,,,,,,,,,-0.059902,-0.011529,1.009306,-0.420000,7.000000,24.360001
58879,,,,,,,,,,,,,-1.564618,-0.029126,-0.074916,-0.090763,,,,-0.005436,1.013260,2.227267,,,,,,
58896,,,,,,,,,,,,,-1.641978,-0.024507,-0.074601,-0.091638,,,,,,,,,,,,
58887,,,,,,,,,,,,,,,,,,,,-0.005322,1.013193,2.230317,,,,,,
58898,,,,,,,,,,,,,,,,,,,,,,,-0.059902,-0.011529,1.009306,-2.310000,13.720000,38.009998
58903,,,,,,,,,,,,,,,,,,,,,,,-0.047641,-0.006710,1.011441,-1.400000,11.200000,35.139999
58902,,,,,,,,,,,,,,,,,,,,-0.005291,1.013147,2.236484,,,,,,
58907,,,,0.000000,1.000000,2.097777,0.000000,0.000000,,,,,,,,,,,,,,,,,,,,
58909,,,,,,,,,,,-3.835206,-3.835206,-2.195830,-0.020620,-0.067500,-0.090800,-0.013594,0.003965,-0.138420,,,,,,,,,
58912,,,,,,,,,,,,,,,,,,,,,,,-0.047641,-0.006710,1.011441,-0.490000,6.160000,28.350000
58911,,,,,,,,,,,,,,,,,,,,-0.005251,1.013041,2.242625,,,,,,
58918,,,,,,,,,,,,,,,,,,,,,,,-0.019276,-0.005734,1.036024,-1.680000,3.990000,21.840000
58919,,,,,,,,,,,,,-2.406995,-0.017350,-0.065597,-0.091630,,,,-0.005183,1.012888,2.248727,,,,,,
58936,,,,,,,,,,,,,-2.357974,-0.347326,-0.066416,-0.088919,,,,,,,,,,,,
58927,,,,,,,,,,,,,,,,,,,,-0.005182,1.012689,2.251789,,,,,,
58939,,,,,,,,,,,,,,,,,,,,,,,-0.019276,-0.005734,1.036024,-2.520000,10.640000,29.610001
58942,,,,,,,,,,,,,,,,,,,,-0.005143,1.012511,2.257831,,,,,,
58944,,,,,,,,,,,,,,,,,,,,,,,-0.063440,0.000427,1.016626,-1.120000,4.620000,30.309999
58949,,,,,,,,,,,,,,,,,,,,,,,-0.013542,-0.033062,1.023946,-0.140000,-0.210000,28.070000
58950,,,,,,,,,,,,,-2.375869,-0.292240,-0.066533,-0.090231,,,,-0.005016,1.012226,2.263949,,,,,,
58957,,,,0.000000,1.000000,2.097777,0.000000,0.000000,,,,,,,,,,,,,,,,,,,,
58959,,,,,,,,,,,-3.553647,-3.553647,-1.999056,-0.799064,-0.067850,-0.082592,-0.012596,0.003975,-0.165461,,,,,,,,,
58958,,,,,,,,,,,,,,,,,,,,-0.004853,1.011968,2.270102,,,,,,
58963,,,,,,,,,,,,,,,,,,,,,,,-0.013542,-0.033062,1.023946,-1.330000,-11.270000,15.890000
58969,,,,,,,,,,,,,-1.682006,-0.672332,-0.071542,-0.084513,,,,,,,-0.026779,-0.009150,1.025593,-3.360000,-9.730000,6.440000
58966,,,,,,,,,,,,,,,,,,,,-0.004592,1.011659,2.270061,,,,,,
58978,,,,,,,,,,,,,,,,,,,,,,,-0.026779,-0.009150,1.025593,3.290000,-11.620000,-8.400000
58979,,,,,,,,,,,,,-1.970612,-1.121073,-0.068866,-0.080345,,,,,,,,,,,,
58981,,,,,,,,,,,,,,,,,,,,-0.004171,1.011401,2.270181,,,,,,
58996,,,,,,,,,,,,,-1.977341,-1.262538,-0.069124,-0.079349,,,,,,,,,,,,
58989,,,,,,,,,,,,,,,,,,,,-0.003857,1.011107,2.267185,,,,,,
58999,,,,,,,,,,,,,,,,,,,,,,,-0.009821,0.001281,1.023824,-3.850000,-18.410000,-26.740000
58997,,,,,,,,,,,,,,,,,,,,-0.003588,1.010743,2.261036,,,,,,
59004,,,,,,,,,,,,,,,,,,,,,,,-0.009821,0.001281,1.023824,1.610000,-12.390000,-22.330000
59007,,,,0.000000,1.000000,2.097777,0.000000,0.000000,,,,,,,,,,,,,,,,,,,,
59009,,,,,,,,,,,-2.998435,-2.998435,-2.080657,-1.479223,-0.062455,-0.071625,-0.010628,0.004071,-0.163999,,,,,,,,,
59013,,,,,,,,,,,,,,,,,,,,,,,-0.032391,-0.008235,1.016992,0.840000,-6.300000,-14.910000
59011,,,,,,,,,,,,,,,,,,,,-0.003309,1.010286,2.257984,,,,,,
59019,,,,,,,,,,,,,-1.750665,-1.804099,-0.066153,-0.068490,,,,-0.002989,1.009848,2.254931,-0.032391,-0.008235,1.016992,-1.470000,1.890000,-16.240000
59029,,,,,,,,,,,,,-1.473009,-2.054518,-0.069363,-0.066078,,,,,,,-0.012322,-0.037881,1.013454,-0.420000,1.750000,-21.980000
59027,,,,,,,,,,,,,,,,,,,,-0.002740,1.009570,2.251867,,,,,,
59038,,,,,,,,,,,,,,,,,,,,,,,-0.012322,-0.037881,1.013454,0.980000,-4.620000,-23.730000
59039,,,,,,,,,,,,,-1.239390,-2.289131,-0.072163,-0.063782,,,,,,,,,,,,
59042,,,,,,,,,,,,,,,,,,,,-0.002596,1.009219,2.248719,,,,,,
59057,,,,0.000000,1.000000,2.097777,0.000000,0.000000,,,,,,,,,,,,,,,,,,,,
59059,,,,,,,,,,,-2.495802,-2.495802,,,,,-0.008846,0.003778,-0.151223,,,,,,,,,
59060,,,,,,,,,,,,,-1.302215,-2.444860,-0.066521,-0.056934,,,,,,,,,,,,
59058,,,,,,,,,,,,,,,,,,,,-0.001995,1.008865,2.245653,,,,,,
59063,,,,,,,,,,,,,,,,,,,,,,,0.015738,0.012444,1.038403,-0.630000,2.100000,-16.379999
59068,,,,,,,,,,,,,,,,,,,,,,,0.034770,-0.019032,1.006744,0.420000,-1.470000,-14.280000
59066,,,,,,,,,,,,,,,,,,,,-0.001807,1.008674,2.242625,,,,,,
59069,,,,,,,,,,,,,-1.095684,-2.057105,-0.068964,-0.061065,,,,,,,,,,,,
59073,,,,,,,,,,,,,,,,,,,,,,,0.034770,-0.019032,1.006744,-0.210000,-0.980000,-15.960000
59078,,,,,,,,,,,,,,,,,,,,,,,0.034770,-0.019032,1.006744,-0.350000,3.150000,-24.500000
59079,,,,,,,,,,,,,-1.473791,-2.282731,-0.065239,-0.058759,,,,,,,,,,,,
59081,,,,,,,,,,,,,,,,,,,,-0.001636,1.008443,2.239552,,,,,,
59089,,,,,,,,,,,,,-1.787492,-2.468134,-0.062118,-0.056833,,,,,,,-0.002135,-0.003050,1.017358,0.350000,5.600000,-14.140000
59088,,,,,,,,,,,,,,,,,,,,-0.001404,1.008235,2.233430,,,,,,
59099,,,,,,,,,,,,,-1.503996,-2.076688,-0.065278,-0.060998,,,,,,,-0.002135,-0.003050,1.017358,-6.300000,7.560000,4.060000
59096,,,,,,,,,,,,,,,,,,,,-0.001239,1.007992,2.230340,,,,,,
59116,,,,,,,,,,,,,-1.593007,-1.747325,-0.064539,-0.064585,,,,,,,,,,,,
59118,,,,0.000000,1.000000,2.097777,0.000000,0.000000,,,,,,,,,,,,,,,,,,,,
59120,,,,,,,,,,,-2.006561,-2.006561,,,,,-0.007112,0.003904,-0.134009,,,,,,,,,
59119,,,,,,,,,,,,,,,,,,,,-0.000792,1.007564,2.233472,,,,,,
59124,,,,,,,,,,,,,,,,,,,,,,,-0.049593,-0.020923,1.024312,3.710000,-13.930000,15.610000
59129,,,,,,,,,,,,,-1.749633,-1.879476,-0.057865,-0.058139,,,,,,,0.002684,0.009394,1.034072,-2.380000,-14.560000,15.540000
59127,,,,,,,,,,,,,,,,,,,,-0.000685,1.007244,2.236565,,,,,,
59134,,,,,,,,,,,,,,,,,,,,,,,0.002684,0.009394,1.034072,-1.330000,-8.960000,14.910000
59139,,,,,,,,,,,,,-1.472141,-1.581391,-0.060867,-0.061332,,,,,,,0.018849,-0.029158,1.010282,-0.070000,-0.560000,10.150000
59141,,,,,,,,,,,,,,,,,,,,-0.000586,1.007008,2.239627,,,,,,
59149,,,,,,,,,,,,,-1.238659,-1.330582,-0.063459,-0.064086,,,,-0.000475,1.006906,2.239585,0.018849,-0.029158,1.010282,0.280000,5.110000,8.540000
59157,,,,0.000000,1.000000,2.097777,0.000000,0.000000,,,,,,,,,,,,-0.000362,1.006796,2.242659,,,,,,
59159,,,,,,,,,,,-1.620730,-1.620730,-1.042207,-1.119552,-0.061607,-0.062369,-0.005745,0.003909,-0.141083,,,,,,,,,
59163,,,,,,,,,,,,,,,,,,,,,,,0.025132,0.001281,1.028399,-0.280000,-3.150000,6.720000
59176,,,,,,,,,,,,,-0.876913,-0.941990,-0.063483,-0.064360,,,,,,,,,,,,
59173,,,,,,,,,,,,,,,,,,,,-0.000301,1.006651,2.242659,,,,,,
59179,,,,,,,,,,,,,,,,,,,,,,,0.025132,0.001281,1.028399,-0.700000,0.910000,-4.480000
59180,,,,,,,,,,,,,,,,,,,,-0.000249,1.006562,2.242675,,,,,,
59184,,,,,,,,,,,,,,,,,,,,,,,0.054107,-0.025620,1.019371,0.630000,2.800000,-4.270000
59189,,,,,,,,,,,,,,,,,,,,,,,0.054107,-0.025620,1.019371,0.070000,4.130000,-3.780000
59190,,,,,,,,,,,,,-0.737835,-0.792591,-0.065116,-0.066089,,,,,,,,,,,,
59188,,,,,,,,,,,,,,,,,,,,-0.000205,1.006567,2.242675,,,,,,
59196,,,,,,,,,,,,,,,,,,,,-0.000217,1.006571,2.239575,,,,,,
59199,,,,,,,,,,,,,-1.206281,-1.252353,-0.060323,-0.061377,,,,,,,0.026779,0.000976,1.019493,-0.350000,0.140000,-2.380000
59207,,,,0.000000,1.000000,2.097777,0.000000,0.000000,,,,,,,,,,,,,,,,,,,,
59209,,,,,,,,,,,-1.480168,-1.480168,-1.548256,-1.053730,-0.055282,-0.062070,-0.005246,0.003904,-0.141703,,,,,,,,,
59213,,,,,,,,,,,,,,,,,,,,,,,0.026779,0.000976,1.019493,0.280000,16.170000,3.710000
59211,,,,,,,,,,,,,,,,,,,,-0.000238,1.006579,2.239585,,,,,,
59219,,,,,,,,,,,,,-1.302702,-1.447819,-0.057877,-0.057972,,,,-0.000248,1.006622,2.242649,-0.071980,-0.009272,1.021018,0.560000,27.580000,10.360000
59236,,,,,,,,,,,,,-1.414801,-1.218195,-0.056723,-0.060418,,,,,,,,,,,,
59226,,,,,,,,,,,,,,,,,,,,-0.000334,1.006616,2.242625,,,,,,
59239,,,,,,,,,,,,,,,,,,,,,,,-0.071980,-0.009272,1.021018,-2.380000,17.920000,2.450000
59240,,,,,,,,,,,,,,,,,,,,-0.000404,1.006566,2.245611,,,,,,
59244,,,,,,,,,,,,,,,,,,,,,,,-0.048190,-0.032391,1.016809,-0.070000,5.880000,0.350000
59249,,,,,,,,,,,,,-1.190413,-1.444385,-0.059121,-0.058070,,,,,,,-0.048190,-0.032391,1.016809,-1.330000,2.310000,-3.920000
59248,,,,,,,,,,,,,,,,,,,,-0.000320,1.006455,2.245524,,,,,,
59257,,,,0.000000,1.000000,2.097777,0.000000,0.000000,,,,,,,,,,,,,,,,,,,,
59259,,,,,,,,,,,-1.453962,-1.453962,-1.001613,-1.215305,-0.060909,-0.060233,-0.005153,0.003792,-0.147043,,,,,,,,,
59256,,,,,,,,,,,,,,,,,,,,-0.000266,1.006349,2.245524,,,,,,
59263,,,,,,,,,,,,,,,,,,,,,,,-0.021533,0.010797,1.023336,0.770000,-13.300000,-12.040000
59268,,,,,,,,,,,,,,,,,,,,,,,-0.021533,0.010797,1.029009,1.610000,-18.620001,-12.320000
59269,,,,,,,,,,,,,-0.842757,-1.586909,-0.062691,-0.056334,,,,,,,,,,,,
59271,,,,,,,,,,,,,,,,,,,,-0.000104,1.006050,2.242458,,,,,,
59278,,,,,,,,,,,,,,,,,,,,,,,-0.014091,-0.029890,1.029009,0.770000,-25.200001,-16.799999
59279,,,,,,,,,,,,,-0.709096,-1.335225,-0.064238,-0.058981,,,,0.000312,1.005868,2.239508,,,,,,
59299,,,,,,,,,,,,,-0.596633,-1.123458,-0.065588,-0.061255,,,,,,,,,,,,
59287,,,,,,,,,,,,,,,,,,,,0.000657,1.005632,2.236432,,,,,,
59302,,,,,,,,,,,,,,,,,,,,0.000875,1.005374,2.233390,-0.026413,-0.002196,1.025166,0.280000,-7.280000,-9.450000
59307,,,,0.000000,1.000000,2.097777,0.000000,0.000000,,,,,,,,,,,,,,,,,,,,
59309,,,,,,,,,,,-1.062173,-1.062173,-0.502007,-0.945278,-0.062609,-0.059055,-0.003765,0.003976,-0.136164,,,,,,,,,
59310,,,,,,,,,,,,,,,,,,,,0.001059,1.005177,2.233430,0.023973,-0.016470,1.011685,0.910000,0.770000,-8.890000
59315,,,,,,,,,,,,,,,,,,,,,,,0.023973,-0.016470,1.011685,-0.280000,9.940000,-7.000000
59319,,,,,,,,,,,,,-0.422389,-0.795357,-0.063572,-0.060672,,,,,,,,,,,,
59317,,,,,,,,,,,,,,,,,,,,0.001091,1.005133,2.230317,,,,,,
59320,,,,,,,,,,,,,,,,,,,,,,,0.023973,-0.016470,1.011685,-0.140000,7.490000,-6.580000
59326,,,,,,,,,,,,,,,,,,,,0.001038,1.005109,2.233397,,,,,,
59328,,,,,,,,,,,,,,,,,,,,,,,0.019825,-0.006832,1.025410,0.000000,-0.210000,-5.390000
59329,,,,,,,,,,,,,-0.355398,-0.669213,-0.064417,-0.062068,,,,,,,,,,,,
59338,,,,,,,,,,,,,,,,,,,,,,,0.019825,-0.006832,1.025410,0.700000,-4.620000,-3.360000
59339,,,,,,,,,,,,,-0.299032,-0.563076,-0.065163,-0.063277,,,,,,,,,,,,
59341,,,,,,,,,,,,,,,,,,,,0.001054,1.005026,2.233359,,,,,,
59356,,,,,,,,,,,,,-0.251605,-0.473772,-0.065826,-0.064330,,,,,,,,,,,,
59358,,,,0.000000,1.000000,2.097777,0.000000,0.000000,,,,,,,,,,,,,,,,,,,,
59359,,,,,,,,,,,-0.939085,-0.939085,,,,,-0.003329,0.003927,-0.135459,,,,,,,,,
59349,,,,,,,,,,,,,,,,,,,,0.001120,1.004971,2.233397,,,,,,
59357,,,,,,,,,,,,,,,,,,,,0.001112,1.004959,2.233359,,,,,,
59362,,,,,,,,,,,,,,,,,,,,,,,0.016897,-0.011346,1.019920,0.000000,1.400000,0.700000
59367,,,,,,,,,,,,,,,,,,,,,,,0.014579,-0.012139,1.016565,0.140000,1.190000,0.350000
59369,,,,,,,,,,,,,-0.211701,-0.398632,-0.065111,-0.063943,,,,,,,,,,,,
59373,,,,,,,,,,,,,,,,,,,,,,,0.014579,-0.012139,1.016565,0.280000,1.400000,-0.140000
59372,,,,,,,,,,,,,,,,,,,,0.001098,1.004980,2.233359,,,,,,
59379,,,,,,,,,,,,,-0.178125,-0.335409,-0.065620,-0.064728,,,,,,,0.014579,-0.012139,1.016565,0.210000,1.190000,-0.560000
59380,,,,,,,,,,,,,,,,,,,,0.001074,1.005016,2.233359,,,,,,
59396,,,,,,,,,,,,,-0.149874,-0.282213,-0.066078,-0.065419,,,,0.001061,1.005014,2.233359,,,,,,
59388,,,,,,,,,,,,,,,,,,,,0.001067,1.005020,2.233359,,,,,,
59399,,,,,,,,,,,,,,,,,,,,,,,-0.014518,-0.009089,1.024983,0.000000,-1.260000,-0.210000
59403,,,,,,,,,,,,,,,,,,,,,,,-0.014518,-0.014396,1.023519,0.210000,-1.470000,-0.420000
59407,,,,0.000000,1.000000,2.097777,0.000000,0.000000,,,,,,,,,,,,,,,,,,,,
59409,,,,,,,,,,,-0.927786,-0.927786,-0.126104,-0.237454,-0.066375,-0.065911,-0.003288,0.003921,-0.135469,,,,,,,,,
59412,,,,,,,,,,,,,,,,,,,,,,,-0.014518,-0.014396,1.023519,0.070000,-1.050000,-0.630000
59410,,,,,,,,,,,,,,,,,,,,0.001077,1.005012,2.233359,,,,,,
59418,,,,,,,,,,,,,,,,,,,,0.001075,1.005003,2.233359,-0.014518,-0.014396,1.023519,0.000000,0.140000,-0.140000
59419,,,,,,,,,,,,,-0.106104,-0.199794,-0.066755,-0.066455,,,,,,,,,,,,
59426,,,,,,,,,,,,,,,,,,,,0.001080,1.005002,2.233359,,,,,,
59429,,,,,,,,,,,,,-0.089276,-0.168106,-0.067105,-0.066943,,,,,,,-0.003355,-0.010492,1.020103,0.070000,0.070000,-0.280000
59438,,,,,,,,,,,,,,,,,,,,,,,-0.003355,-0.012383,1.022299,0.070000,-0.280000,-0.420000
59439,,,,,,,,,,,,,-0.075117,-0.141445,-0.067430,-0.067385,,,,,,,,,,,,
59440,,,,,,,,,,,,,,,,,,,,0.001067,1.005012,2.233359,,,,,,
59456,,,,,,,,,,,,,-0.063203,-0.119011,-0.067734,-0.067787,,,,0.001065,1.005012,2.233359,,,,,,
59448,,,,,,,,,,,,,,,,,,,,0.001065,1.005017,2.233359,,,,,,
59458,,,,0.000000,1.000000,2.097777,0.000000,0.000000,,,,,,,,,,,,,,,,,,,,
59460,,,,,,,,,,,-0.929266,-0.929266,,,,,-0.003294,0.003926,-0.135530,,,,,,,,,
59463,,,,,,,,,,,,,,,,,,,,,,,-0.011529,-0.012383,1.022299,0.000000,-0.700000,-0.280000
59467,,,,,,,,,,,,,,,,,,,,,,,-0.008967,-0.011590,1.021323,0.070000,-0.280000,-0.350000
59469,,,,,,,,,,,,,-0.053179,-0.100136,-0.068036,-0.068172,,,,,,,,,,,,
59473,,,,,,,,,,,,,,,,,,,,,,,-0.008967,-0.011590,1.021323,0.070000,-0.140000,-0.280000
59471,,,,,,,,,,,,,,,,,,,,0.001064,1.005021,2.233359,,,,,,
59478,,,,,,,,,,,,,,,,,,,,0.001062,1.005023,2.233359,-0.008906,-0.011895,1.020225,0.000000,-0.210000,-0.140000
59479,,,,,,,,,,,,,-0.044745,-0.084255,-0.068309,-0.068513,,,,,,,,,,,,
59489,,,,,,,,,,,,,-0.037648,-0.070892,-0.068568,-0.068831,,,,,,,-0.008906,-0.011895,1.020225,0.140000,-0.490000,-0.210000
59486,,,,,,,,,,,,,,,,,,,,0.001056,1.005025,2.233359,,,,,,
59498,,,,,,,,,,,,,,,,,,,,,,,-0.009699,-0.011834,1.020957,0.140000,-0.490000,-0.280000
59499,,,,,,,,,,,,,-0.031677,-0.059648,-0.068817,-0.069129,,,,,,,,,,,,
59501,,,,,,,,,,,,,,,,,,,,0.001054,1.005026,2.233359,,,,,,
59507,,,,0.000000,1.000000,2.097777,0.000000,0.000000,,,,,,,,,,,,,,,,,,,,
59509,,,,,,,,,,,-0.933747,-0.933747,-0.026653,-0.050188,-0.069105,-0.069459,-0.003310,0.003923,-0.135556,,,,,,,,,
59521,,,,,,,,,,,,,-0.022426,-0.042228,-0.069339,-0.069727,,,,,,,,,,,,
59517,,,,,,,,,,,,,,,,,,,,0.001050,1.005025,2.233359,,,,,,
59523,,,,,,,,,,,,,,,,,,,,,,,-0.009699,-0.011834,1.020957,0.000000,-0.420000,-0.350000
59528,,,,,,,,,,,,,,,,,,,,,,,-0.008906,-0.011102,1.021079,0.070000,-0.350000,-0.210000
59529,,,,,,,,,,,,,-0.018869,-0.035531,-0.069567,-0.069984,,,,,,,,,,,,
59534,,,,,,,,,,,,,,,,,,,,,,,-0.009821,-0.010736,1.022482,0.070000,-0.420000,-0.280000
59532,,,,,,,,,,,,,,,,,,,,0.001078,1.004996,2.230236,,,,,,
59539,,,,,,,,,,,,,-0.015877,-0.029896,-0.069789,-0.070231,,,,,,,-0.009821,-0.010736,1.022482,0.070000,-0.490000,-0.210000
59540,,,,,,,,,,,,,,,,,,,,0.001070,1.005008,2.230278,,,,,,
59549,,,,,,,,,,,,,-0.013359,-0.025154,-0.070007,-0.070470,,,,,,,-0.009821,-0.010736,1.022482,0.070000,-0.490000,-0.280000
59548,,,,,,,,,,,,,,,,,,,,0.001101,1.005026,2.230278,,,,,,
59557,,,,0.000000,1.000000,2.097777,0.000000,0.000000,,,,,,,,,,,,,,,,,,,,
59559,,,,,,,,,,,-0.930361,-0.930361,-0.011240,-0.021165,-0.070186,-0.070666,-0.003298,0.003948,-0.132749,,,,,,,,,
59556,,,,,,,,,,,,,,,,,,,,0.001085,1.005046,2.233365,,,,,,
59563,,,,,,,,,,,,,,,,,,,,,,,-0.009577,-0.011590,1.021750,0.000000,-0.420000,-0.070000
59576,,,,,,,,,,,,,-0.009457,-0.017808,-0.070396,-0.070891,,,,,,,,,,,,
59570,,,,,,,,,,,,,,,,,,,,0.001071,1.005036,2.233359,,,,,,
59579,,,,,,,,,,,,,,,,,,,,0.001068,1.005029,2.233359,-0.009577,-0.011590,1.021750,0.070000,-0.490000,-0.140000
59584,,,,,,,,,,,,,,,,,,,,,,,-0.009760,-0.011224,1.020835,0.070000,-0.420000,-0.280000
59587,,,,,,,,,,,,,,,,,,,,0.001083,1.005029,2.233359,,,,,,
59589,,,,,,,,,,,,,,,,,,,,,,,-0.009882,-0.011346,1.021262,0.140000,-0.420000,-0.210000
59590,,,,,,,,,,,,,-0.007957,-0.014984,-0.070604,-0.071111,,,,,,,,,,,,
59598,,,,,,,,,,,,,,,,,,,,,,,-0.009882,-0.011346,1.021262,0.140000,-0.490000,-0.210000
59599,,,,,,,,,,,,,-0.006695,-0.012607,-0.070809,-0.071327,,,,,,,,,,,,
59601,,,,,,,,,,,,,,,,,,,,0.001084,1.005032,2.233359,,,,,,
59607,,,,-0.000005,1.000009,2.097777,0.000000,0.000000,,,,,,,,,,,,,,,,,,,,
59609,,,,,,,,,,,-0.928105,-0.928105,,,,,-0.003290,0.003948,-0.135340,,,,,,,,,
59610,,,,,,,,,,,,,-0.005633,-0.010608,-0.070989,-0.071515,,,,,,,,,,,,
59608,,,,,,,,,,,,,,,,,,,,0.001081,1.005025,2.233359,,,,,,
59622,,,,,,,,,,,,,-0.004740,-0.464305,-0.071191,-0.066886,,,,,,,,,,,,
59623,,,,,,,,,,,,,,,,,,,,,,,-0.009089,-0.011712,1.020774,0.000000,-0.490000,-0.280000
59616,,,,,,,,,,,,,,,,,,,,0.001085,1.005020,2.233359,,,,,,
59628,,,,,,,,,,,,,,,,,,,,,,,-0.010553,-0.010919,1.022055,0.210000,-0.630000,-0.280000
59629,,,,,,,,,,,,,-0.003988,-1.131340,-0.071391,-0.059895,,,,,,,,,,,,
59633,,,,,,,,,,,,,,,,,,,,,,,-0.010553,-0.010919,1.022055,0.070000,-0.490000,-0.280000
59631,,,,,,,,,,,,,,,,,,,,0.001081,1.005020,2.233359,,,,,,
59638,,,,,,,,,,,,,,,,,,,,,,,-0.010553,-0.010919,1.022055,-1.680000,2.590000,-3.990000
59639,,,,,,,,,,,,,-0.003356,-0.951909,-0.071590,-0.061759,,,,0.001078,1.005021,2.233359,,,,,,
59649,,,,,,,,,,,,,-0.002823,-0.800936,-0.071789,-0.063359,,,,,,,-0.060878,-0.013725,1.010038,7.350000,11.270000,-21.490000
59646,,,,,,,,,,,,,,,,,,,,0.001093,1.005024,2.230233,,,,,,
59657,,,,-0.000039,1.000067,2.097777,0.000588,0.000001,,,,,,,,,,,,,,,,,,,,
59659,,,,,,,,,,,-0.863776,-0.868720,-0.002376,-1.215903,-0.071303,-0.058345,-0.003200,0.003930,-0.132079,,,,,,,,,
59662,,,,,,,,,,,,,,,,,,,,0.001142,1.004965,2.227104,-0.060878,-0.013725,1.010038,0.560000,3.990000,-14.280000
59676,,,,,,,,,,,,,,,-0.071486,-0.060322,,,,,,,,,,,,
59677,,,,,,,,,,,,,-0.001999,-1.023061,,,,,,,,,,,,,,
59670,,,,,,,,,,,,,,,,,,,,0.001209,1.004907,2.224019,,,,,,
59680,,,,,,,,,,,,,,,,,,,,,,,-0.025559,-0.019581,1.036024,1.470000,-10.710000,-10.290000
59678,,,,,,,,,,,,,,,,,,,,0.001361,1.004802,2.220977,,,,,,
59685,,,,,,,,,,,,,,,,,,,,,,,-0.004941,0.009760,1.021750,0.630000,-13.510000,-7.560000
59689,,,,,,,,,,,,,-0.001682,-0.860803,-0.071669,-0.062014,,,,,,,,,,,,
59690,,,,,,,,,,,,,,,,,,,,,,,-0.004941,0.009760,1.021750,-0.910000,-12.390000,-4.900000
59692,,,,,,,,,,,,,,,,,,,,0.001498,1.004655,2.217928,,,,,,
59699,,,,,,,,,,,,,-0.001415,-0.724280,-0.071852,-0.063466,,,,,,,-0.004941,0.009760,1.021750,0.280000,-3.500000,-1.540000
59700,,,,,,,,,,,,,,,,,,,,0.001735,1.004568,2.218014,,,,,,
59707,,,,-0.000130,1.000223,2.097781,0.002305,0.000024,,,,,,,,,,,,0.001789,1.004562,2.218014,,,,,,
59709,,,,,,,,,,,-0.518177,-0.535746,-0.001191,-0.609409,-0.068362,-0.061178,-0.002376,0.004089,-0.120666,,,,,,,,,
59713,,,,,,,,,,,,,,,,,,,,,,,0.021838,-0.030683,1.010282,0.840000,4.480000,2.030000
59718,,,,,,,,,,,,,,,,,,,,,,,0.021838,-0.030683,1.010282,-0.280000,2.240000,3.080000
59719,,,,,,,,,,,,,-0.001002,-0.512757,-0.068471,-0.062190,,,,,,,,,,,,
59721,,,,,,,,,,,,,,,,,,,,0.001771,1.004590,2.218014,,,,,,
59737,,,,,,,,,,,,,-0.000843,-0.431433,-0.068581,-0.063059,,,,0.001727,1.004569,2.218014,,,,,,
59729,,,,,,,,,,,,,,,,,,,,0.001724,1.004574,2.218014,,,,,,
59739,,,,,,,,,,,,,,,,,,,,,,,0.011712,0.006893,1.030839,-0.350000,0.070000,-1.260000
59744,,,,,,,,,,,,,,,,,,,,,,,-0.009943,-0.021716,1.019798,0.280000,-0.070000,-1.260000
59749,,,,,,,,,,,,,,,,,,,,,,,-0.009943,-0.021716,1.019798,-0.070000,-0.630000,-0.770000
59750,,,,,,,,,,,,,-0.000709,-0.363008,-0.068690,-0.063808,,,,,,,,,,,,
59752,,,,,,,,,,,,,,,,,,,,0.001720,1.004589,2.218014,,,,,,
59757,,,,-0.000303,1.000521,2.097801,0.005081,0.000174,,,,,,,,,,,,,,,,,,,,
59759,,,,,,,,,,,-0.233420,-0.271269,-0.000597,-0.305435,-0.065773,-0.061645,-0.002015,0.004064,-0.119968,,,,,,,,,
59760,,,,,,,,,,,,,,,,,,,,0.001721,1.004590,2.218014,,,,,,
59763,,,,,,,,,,,,,,,,,,,,,,,-0.009943,-0.006954,1.020469,-0.210000,-0.350000,0.210000
59768,,,,,,,,,,,,,,,,,,,,0.001726,1.004593,2.218014,-0.011346,-0.006954,1.020469,0.490000,-0.700000,-0.210000
59769,,,,,,,,,,,,,-0.000502,-0.256993,-0.065823,-0.062153,,,,,,,,,,,,
59776,,,,,,,,,,,,,,,,,,,,0.001734,1.004598,2.218014,,,,,,
59779,,,,,,,,,,,,,-0.000422,-0.216234,-0.065872,-0.062589,,,,,,,-0.009333,-0.009943,1.020530,0.140000,-0.420000,-0.630000
59796,,,,,,,,,,,,,-0.000355,-0.181939,-0.065922,-0.062965,,,,,,,,,,,,
59791,,,,,,,,,,,,,,,,,,,,0.001741,1.004579,2.217979,,,,,,
59799,,,,,,,,,,,,,,,,,,,,,,,-0.009333,-0.009943,1.020530,-0.140000,-0.350000,-0.140000
59800,,,,,,,,,,,,,,,,,,,,0.001758,1.004580,2.217979,,,,,,
59804,,,,,,,,,,,,,,,,,,,,,,,-0.010553,-0.015067,1.021018,0.280000,-0.280000,-0.350000
59807,,,,-0.000582,1.001001,2.097866,0.008847,0.000707,,,,,,,,,,,,,,,,,,,,
59809,,,,,,,,,,,0.176143,0.112422,-0.000299,-0.153083,-0.061619,-0.059213,-0.001440,0.004022,-0.119954,,,,,,,,,
59808,,,,,,,,,,,,,,,,,,,,0.001755,1.004573,2.217971,,,,,,
59813,,,,,,,,,,,,,,,,,,,,,,,-0.010553,-0.015067,1.021018,0.070000,-0.630000,-0.350000
59816,,,,,,,,,,,,,,,,,,,,0.001733,1.004572,2.217979,,,,,,
59819,,,,,,,,,,,,,-0.000252,-0.128804,-0.061583,-0.059416,,,,,,,-0.010065,-0.007503,1.020835,-0.140000,-0.490000,-0.280000
59829,,,,,,,,,,,,,-0.000212,-0.108376,-0.061546,-0.059583,,,,,,,-0.010065,-0.007503,1.020835,0.210000,-0.490000,-0.210000
59833,,,,,,,,,,,,,,,,,,,,0.001731,1.004575,2.218014,,,,,,
59839,,,,,,,,,,,,,-0.000178,-0.091188,-0.061510,-0.059719,,,,,,,-0.009760,-0.012627,1.021201,0.140000,-0.490000,-0.280000
59840,,,,,,,,,,,,,,,,,,,,0.001722,1.004597,2.218014,,,,,,
59867,,,,,,,,,,,,,-0.000150,-0.076725,-0.061474,-0.059831,,,,,,,,,,,,
59869,,,,-0.000991,1.001703,2.098034,0.013537,0.002077,,,,,,,,,,,,,,,,,,,,
59870,,,,,,,,,,,0.700475,0.608350,,,,,-0.000667,0.003911,-0.119905,,,,,,,,,
59856,,,,,,,,,,,,,,,,,,,,0.001736,1.004615,2.218014,,,,,,
59871,,,,,,,,,,,,,,,,,,,,0.001730,1.004628,2.217979,,,,,,
59874,,,,,,,,,,,,,,,,,,,,,,,-0.009760,-0.012627,1.021201,0.070000,-0.490000,-0.210000
59879,,,,,,,,,,,,,,,,,,,,0.001717,1.004627,2.217939,-0.009943,-0.009211,1.022055,0.000000,-0.490000,-0.280000
59880,,,,,,,,,,,,,-0.000126,-0.064557,-0.055866,-0.054651,,,,,,,,,,,,
59885,,,,,,,,,,,,,,,,,,,,,,,-0.009943,-0.009211,1.022055,0.070000,-0.350000,-0.280000
59889,,,,,,,,,,,,,,,,,,,,,,,-0.009943,-0.009211,1.022055,0.140000,-0.420000,-0.280000
59890,,,,,,,,,,,,,-0.000106,-0.054318,-0.055720,-0.054620,,,,0.001717,1.004627,2.217939,,,,,,
59895,,,,,,,,,,,,,,,,,,,,,,,-0.010980,-0.013359,1.020408,0.140000,-0.490000,-0.280000
59899,,,,,,,,,,,,,-0.000089,-0.045703,-0.055575,-0.054573,,,,,,,,,,,,
59900,,,,,,,,,,,,,,,,,,,,,,,-0.010980,-0.013359,1.020408,0.070000,-0.490000,-0.280000
59897,,,,,,,,,,,,,,,,,,,,0.001702,1.004619,2.217971,,,,,,
59907,,,,-0.001549,1.002661,2.098404,0.019082,0.004971,,,,,,,,,,,,,,,,,,,,
59909,,,,,,,,,,,1.360583,1.242148,-0.000075,-0.038455,-0.048415,-0.047780,0.000402,0.003774,-0.119528,,,,,,,,,
59906,,,,,,,,,,,,,,,,,,,,0.001702,1.004618,2.217971,,,,,,
59920,,,,,,,,,,,,,-0.000063,-0.032356,-0.048132,-0.047578,,,,,,,,,,,,
59914,,,,,,,,,,,,,,,,,,,,0.001706,1.004611,2.217971,,,,,,
59923,,,,,,,,,,,,,,,,,,,,,,,-0.010980,-0.013359,1.020408,0.000000,-0.560000,-0.280000
59922,,,,,,,,,,,,,,,,,,,,0.001712,1.004617,2.217979,,,,,,
59928,,,,,,,,,,,,,,,,,,,,,,,-0.010614,-0.011285,1.020896,0.000000,-0.490000,-0.280000
59929,,,,,,,,,,,,,-0.000053,-0.027224,-0.047848,-0.047367,,,,,,,,,,,,
59930,,,,,,,,,,,,,,,,,,,,0.001713,1.004626,2.217979,,,,,,
59933,,,,,,,,,,,,,,,,,,,,,,,-0.011346,-0.011285,1.020896,0.070000,-0.490000,-0.280000
59938,,,,,,,,,,,,,,,,,,,,0.001715,1.004627,2.217979,-0.011346,-0.011285,1.020896,0.000000,-0.490000,-0.350000
59939,,,,,,,,,,,,,-0.000045,-0.022906,-0.047565,-0.047148,,,,,,,,,,,,
59949,,,,,,,,,,,,,-0.000038,-0.019273,-0.047282,-0.046923,,,,,,,-0.011224,-0.012017,1.021140,0.140000,-0.490000,-0.280000
59946,,,,,,,,,,,,,,,,,,,,0.001708,1.004629,2.217979,,,,,,
59957,,,,-0.002277,1.003909,2.099127,0.025416,0.010324,,,,,,,,,,,,,,,,,,,,
59959,,,,,,,,,,,2.166897,2.030177,-0.000032,-0.016217,-0.038431,-0.038320,0.001830,0.003612,-0.118834,,,,,,,,,
59962,,,,,,,,,,,,,,,,,,,,,,,-0.011224,-0.012017,1.021140,0.070000,-0.420000,-0.280000
59961,,,,,,,,,,,,,,,,,,,,0.001715,1.004628,2.217979,,,,,,
59976,,,,,,,,,,,,,-0.000027,-0.013645,-0.037980,-0.037921,,,,,,,,,,,,
59969,,,,,,,,,,,,,,,,,,,,0.001716,1.004621,2.217979,,,,,,
59977,,,,,,,,,,,,,,,,,,,,0.001717,1.004616,2.217939,,,,,,
59979,,,,,,,,,,,,,,,,,,,,,,,-0.010675,-0.010492,1.020957,0.070000,-0.420000,-0.280000
59984,,,,,,,,,,,,,,,,,,,,,,,-0.010675,-0.010492,1.020652,0.070000,-0.490000,-0.280000
59989,,,,,,,,,,,,,,,,,,,,,,,-0.010370,-0.011163,1.020652,0.210000,-0.490000,-0.280000
59990,,,,,,,,,,,,,-0.000022,-0.011481,-0.037528,-0.037518,,,,,,,,,,,,
59991,,,,,,,,,,,,,,,,,,,,0.001705,1.004616,2.217971,,,,,,
59998,,,,,,,,,,,,,,,,,,,,,,,-0.010370,-0.011163,1.020652,0.140000,-0.420000,-0.350000
59999,,,,,,,,,,,,,-0.000019,-0.009660,-0.037077,-0.037112,,,,,,,,,,,,
60000,,,,,,,,,,,,,,,,,,,,0.001699,1.004620,2.217971,,,,,,
60007,,,,-0.003192,1.005475,2.100421,0.032470,0.019321,,,,,,,,,,,,0.001708,1.004613,2.217971,,,,,,
60009,,,,,,,,,,,3.115818,2.976777,-0.000016,-0.008128,-0.026543,-0.026646,0.003632,0.003388,-0.117541,,,,,,,,,
60021,,,,,,,,,,,,,-0.000013,-0.006839,-0.025894,-0.026038,,,,,,,,,,,,
60016,,,,,,,,,,,,,,,,,,,,0.001701,1.004620,2.217971,,,,,,
60023,,,,,,,,,,,,,,,,,,,,,,,-0.009821,-0.011407,1.022177,0.140000,-0.420000,-0.350000
60028,,,,,,,,,,,,,,,,,,,,,,,-0.010126,-0.010919,1.022116,0.000000,-0.350000,-0.280000
60029,,,,,,,,,,,,,-0.000011,-0.005754,-0.025245,-0.025428,,,,,,,,,,,,
60030,,,,,,,,,,,,,,,,,,,,0.001712,1.004615,2.217971,,,,,,
60033,,,,,,,,,,,,,,,,,,,,,,,-0.010126,-0.010919,1.022116,0.000000,-0.350000,-0.280000
60038,,,,,,,,,,,,,,,,,,,,0.001709,1.004622,2.217971,-0.010126,-0.010919,1.022116,0.070000,-0.490000,-0.280000
60039,,,,,,,,,,,,,-0.000009,-0.004841,-0.024596,-0.024816,,,,,,,,,,,,
60048,,,,,,,,,,,,,,,,,,,,,,,-0.009821,-0.011407,1.021323,0.070000,-0.490000,-0.280000
60049,,,,,,,,,,,,,-0.000008,-0.004074,-0.023947,-0.024203,,,,,,,,,,,,
60052,,,,,,,,,,,,,,,,,,,,0.001724,1.004616,2.217979,,,,,,
60057,,,,-0.004312,1.007383,2.102580,0.040168,0.033401,,,,,,,,,,,,,,,,,,,,
60059,,,,,,,,,,,4.208454,4.093060,-0.000007,-0.003428,-0.011689,-0.011729,0.005845,0.003146,-0.115395,,,,,,,,,
60060,,,,,,,,,,,,,,,,,,,,0.001729,1.004611,2.217939,,,,,,
60062,,,,,,,,,,,,,,,,,,,,,,,-0.009821,-0.011407,1.021323,0.070000,-0.490000,-0.280000
60076,,,,,,,,,,,,,-0.000006,-0.002884,-0.010812,-0.010881,,,,,,,,,,,,
60068,,,,,,,,,,,,,,,,,,,,0.001729,1.004609,2.217939,,,,,,
60079,,,,,,,,,,,,,,,,,,,,,,,-0.010187,-0.011224,1.020530,0.140000,-0.490000,-0.280000
60084,,,,,,,,,,,,,,,,,,,,,,,-0.010309,-0.011041,1.022116,0.070000,-0.490000,-0.280000
60083,,,,,,,,,,,,,,,,,,,,0.001735,1.004618,2.217939,,,,,,
60089,,,,,,,,,,,,,,,,,,,,,,,-0.010309,-0.011041,1.022116,0.070000,-0.490000,-0.280000
60090,,,,,,,,,,,,,-0.000005,-0.002427,-0.009935,-0.010032,,,,,,,,,,,,
60091,,,,,,,,,,,,,,,,,,,,0.001732,1.004624,2.217979,,,,,,
60098,,,,,,,,,,,,,,,,,,,,,,,-0.010431,-0.011346,1.021872,0.000000,-0.490000,-0.280000
60099,,,,,,,,,,,,,-0.000004,-0.002042,-0.009058,-0.009183,,,,0.001725,1.004625,2.217979,,,,,,
60107,,,,-0.005653,1.009655,2.105990,0.048430,0.054242,,,,,,,,,,,,0.001732,1.004620,2.217979,,,,,,
60109,,,,,,,,,,,5.431434,5.378030,,,,,0.008462,0.002853,-0.111988,,,,,,,,,
60110,,,,,,,,,,,,,-0.000003,-0.001718,0.004813,0.005319,,,,,,,,,,,,
60113,,,,,,,,,,,,,,,,,,,,,,,-0.010431,-0.011346,1.021872,0.140000,-0.490000,-0.280000
60118,,,,,,,,,,,,,,,,,,,,,,,-0.010675,-0.010675,1.021384,0.140000,-0.490000,-0.280000
60119,,,,,,,,,,,,,-0.000003,-0.001445,0.005944,0.006437,,,,,,,,,,,,
60122,,,,,,,,,,,,,,,,,,,,0.001734,1.004620,2.217939,,,,,,
60136,,,,,,,,,,,,,-0.000002,-0.001216,0.007076,0.007555,,,,,,,,,,,,
60131,,,,,,,,,,,,,,,,,,,,0.001739,1.004616,2.217939,,,,,,
60140,,,,,,,,,,,,,,,,,,,,,,,-0.010675,-0.010675,1.021384,0.070000,-0.490000,-0.280000
60139,,,,,,,,,,,,,,,,,,,,0.001734,1.004618,2.217939,,,,,,
60145,,,,,,,,,,,,,,,,,,,,,,,-0.010797,-0.011468,1.021506,0.070000,-0.420000,-0.280000
60149,,,,,,,,,,,,,-0.000002,-0.001023,0.008207,0.008674,,,,,,,,,,,,
60150,,,,,,,,,,,,,,,,,,,,,,,-0.010797,-0.011468,1.021506,0.070000,-0.490000,-0.280000
60148,,,,,,,,,,,,,,,,,,,,0.001725,1.004612,2.217939,,,,,,
60157,,,,-0.007233,1.012304,2.111139,0.057164,0.083774,,,,,,,,,,,,,,,,,,,,
60159,,,,,,,,,,,6.787262,6.849507,-0.000002,-0.000861,0.023745,0.025427,0.011537,0.002510,-0.106802,,,,,,,,,
60155,,,,,,,,,,,,,,,,,,,,0.001727,1.004607,2.217939,,,,,,
60162,,,,,,,,,,,,,,,,,,,,,,,-0.010614,-0.011163,1.021445,0.140000,-0.490000,-0.280000
60168,,,,,,,,,,,,,,,,,,,,,,,-0.010614,-0.011163,1.021445,0.140000,-0.420000,-0.280000
60169,,,,,,,,,,,,,-0.000001,-0.000724,0.025159,0.026853,,,,,,,,,,,,
60170,,,,,,,,,,,,,,,,,,,,0.001729,1.004600,2.217979,,,,,,
60179,,,,,,,,,,,,,-0.000001,-0.000610,0.026573,0.028279,,,,,,,-0.010675,-0.011285,1.022299,0.070000,-0.490000,-0.210000
60178,,,,,,,,,,,,,,,,,,,,0.001718,1.004594,2.217979,,,,,,
60196,,,,,,,,,,,,,-0.000001,-0.000513,0.027987,0.029705,,,,,,,,,,,,
60186,,,,,,,,,,,,,,,,,,,,0.001700,1.004610,2.217971,,,,,,
60199,,,,,,,,,,,,,,,,,,,,,,,-0.010675,-0.011285,1.022299,-0.070000,-0.420000,-0.280000
60200,,,,,,,,,,,,,,,,,,,,0.001686,1.004620,2.217971,,,,,,
60204,,,,,,,,,,,,,,,,,,,,,,,-0.010431,-0.011407,1.021750,0.000000,-0.420000,-0.210000
60207,,,,-0.009068,1.015338,2.118633,0.066263,0.124202,,,,,,,,,,,,,,,,,,,,
60209,,,,,,,,,,,8.251384,8.501146,-0.000001,-0.000432,0.044957,0.048680,0.015037,0.002119,-0.099335,,,,,,,,,
60208,,,,,,,,,,,,,,,,,,,,0.001679,1.004623,2.217971,,,,,,
60214,,,,,,,,,,,,,,,,,,,,,,,-0.010431,-0.011407,1.021750,0.070000,-0.490000,-0.280000
60216,,,,,,,,,,,,,,,,,,,,0.001697,1.004616,2.217939,,,,,,
60219,,,,,,,,,,,,,-0.000001,-0.000363,0.046676,0.050450,,,,,,,-0.010309,-0.011773,1.021689,0.140000,-0.420000,-0.350000
60228,,,,,,,,,,,,,,,,,,,,,,,-0.010309,-0.011773,1.021689,0.070000,-0.490000,-0.560000
60229,,,,,,,,,,,,,-0.000001,-0.000306,0.048395,0.052221,,,,,,,,,,,,
60231,,,,,,,,,,,,,,,,,,,,0.001703,1.004613,2.217939,,,,,,
60238,,,,,,,,,,,,,,,,,,,,,,,-0.009760,-0.011041,1.021811,0.070000,-0.350000,-0.420000
60239,,,,,,,,,,,,,-0.000001,-0.000257,0.050114,0.053991,,,,,,,,,,,,
60240,,,,,,,,,,,,,,,,,,,,0.001701,1.004618,2.217939,,,,,,
60256,,,,,,,,,,,,,-0.000000,-0.000216,0.051833,0.055762,,,,0.001710,1.004610,2.217939,,,,,,
60258,,,,-0.011177,1.018756,2.129218,0.075606,0.178062,,,,,,,,,,,,,,,,,,,,
60259,,,,,,,,,,,9.827906,10.360360,,,,,,,,,,,,,,,,
60260,,,,,,,,,,,,,,,,,0.019043,0.001749,-0.088723,,,,,,,,,
60248,,,,,,,,,,,,,,,,,,,,0.001702,1.004616,2.217939,,,,,,
60262,,,,,,,,,,,,,,,,,,,,,,,-0.009760,-0.011285,1.020835,0.070000,-0.700000,-1.120000
60267,,,,,,,,,,,,,,,,,,,,,,,-0.010797,-0.011102,1.021445,0.070000,-0.140000,-0.840000
60269,,,,,,,,,,,,,-0.000000,0.414582,0.070303,0.072880,,,,,,,,,,,,
60273,,,,,,,,,,,,,,,,,,,,,,,-0.010492,-0.011102,1.021445,0.000000,-0.280000,-0.210000
60271,,,,,,,,,,,,,,,,,,,,0.001719,1.004605,2.217939,,,,,,
60278,,,,,,,,,,,,,,,,,,,,,,,-0.010492,-0.011102,1.021445,0.070000,-0.420000,0.210000
60279,,,,,,,,,,,,,-0.000000,0.348829,0.072350,0.075651,,,,0.001703,1.004615,2.217971,,,,,,
60295,,,,,,,,,,,,,,,0.074398,0.078324,,,,0.001690,1.004623,2.217971,,,,,,
60296,,,,,,,,,,,,,-0.000000,0.293505,,,,,,,,,,,,,,
60287,,,,,,,,,,,,,,,,,,,,0.001712,1.004618,2.217979,,,,,,
60299,,,,,,,,,,,,,,,,,,,,,,,-0.004819,-0.011407,1.023214,0.070000,-2.800000,3.220000
60304,,,,,,,,,,,,,,,,,,,,,,,-0.004819,-0.011407,1.023214,0.070000,-0.070000,3.290000
60307,,,,-0.013582,1.022545,2.143798,0.085051,0.248326,,,,,,,,,,,,,,,,,,,,
60309,,,,,,,,,,,11.478807,12.415204,-0.000000,0.246955,0.093986,0.102749,0.023498,0.001373,-0.074398,,,,,,,,,
60310,,,,,,,,,,,,,,,,,,,,0.001671,1.004637,2.217979,,,,,,
60313,,,,,,,,,,,,,,,,,,,,,,,0.006039,-0.011285,1.019127,-0.070000,1.470000,1.890000
60318,,,,,,,,,,,,,,,,,,,,0.001635,1.004690,2.217979,0.006039,-0.011285,1.019127,-0.140000,0.840000,1.750000
60319,,,,,,,,,,,,,-0.000000,0.207788,0.096377,0.105700,,,,,,,,,,,,
60329,,,,,,,,,,,,,0.539419,0.714251,0.093037,0.102862,,,,,,,0.010309,-0.009821,1.028521,-0.070000,-6.930000,3.990000
60326,,,,,,,,,,,,,,,,,,,,0.001603,1.004731,2.217979,,,,,,
60339,,,,,,,,,,,,,0.453867,1.156627,0.096225,0.100600,,,,,,,0.010309,-0.009821,1.028521,-0.560000,-6.300000,17.639999
60341,,,,,,,,,,,,,,,,,,,,0.001569,1.004765,2.221104,,,,,,
60356,,,,,,,,,,,,,0.381883,1.290889,0.099287,0.101519,,,,,,,,,,,,
60350,,,,,,,,,,,,,,,,,,,,0.001365,1.004861,2.224116,,,,,,
60358,,,,-0.016306,1.026680,2.163478,0.094437,0.338553,,,,,,,,,,,,0.001098,1.005048,2.230284,,,,,,
60360,,,,,,,,,,,13.091388,14.551849,,,,,0.028043,0.000773,-0.060847,,,,,,,,,
60363,,,,,,,,,,,,,,,,,,,,,,,0.053619,-0.008296,1.016626,-1.610000,0.070000,35.349998
60368,,,,,,,,,,,,,,,,,,,,0.000860,1.005313,2.236432,0.048739,-0.006405,1.027606,-2.310000,3.080000,39.130001
60369,,,,,,,,,,,,,0.321317,1.941480,0.119376,0.119626,,,,,,,,,,,,
60373,,,,,,,,,,,,,,,,,,,,,,,0.048739,-0.006405,1.027606,-2.030000,5.250000,34.650002
60378,,,,,,,,,,,,,,,,,,,,,,,0.048739,-0.006405,1.027606,-2.100000,2.520000,31.570000
60376,,,,,,,,,,,,,,,,,,,,0.000630,1.005609,2.239508,,,,,,
60379,,,,,,,,,,,,,0.270356,2.180840,0.122578,0.119710,,,,,,,,,,,,
60388,,,,,,,,,,,,,,,,,,,,,,,0.013908,-0.012749,1.020713,-1.960000,-13.790000,39.480000
60389,,,,,,,,,,,,,0.227477,2.385447,0.125705,0.120113,,,,,,,,,,,,
60391,,,,,,,,,,,,,,,,,,,,0.000234,1.005955,2.248766,,,,,,
60399,,,,,,,,,,,,,0.738734,3.101784,0.122953,0.115036,,,,-0.000092,1.006287,2.254942,0.013908,-0.012749,1.029131,-0.770000,-15.050000,37.869999
60407,,,,-0.019379,1.031121,2.189601,0.103589,0.453093,,,,,,,,,,,,,,,,,,,,
60409,,,,,,,,,,,14.354202,16.367985,1.148922,3.664544,0.134585,0.130739,0.031475,-0.000703,-0.064605,,,,,,,,,
60416,,,,,,,,,,,,,,,,,,,,-0.000792,1.007148,2.264216,,,,,,
60421,,,,,,,,,,,,,1.430539,4.011018,0.134344,0.129704,,,,,,,,,,,,
60423,,,,,,,,,,,,,,,,,,,,,,,0.089487,-0.005734,1.029131,-1.330000,0.910000,23.100000
60428,,,,,,,,,,,,,,,,,,,,,,,0.099796,-0.019581,1.020286,1.540000,-4.900000,15.890000
60429,,,,,,,,,,,,,1.901340,4.072555,0.132034,0.131625,,,,,,,,,,,,
60433,,,,,,,,,,,,,,,,,,,,,,,0.099796,-0.019581,1.020286,1.050000,-0.350000,13.650000
60431,,,,,,,,,,,,,,,,,,,,-0.001288,1.007610,2.270308,,,,,,
60438,,,,,,,,,,,,,,,,,,,,,,,0.114009,-0.007015,1.023946,0.490000,-1.400000,16.660000
60439,,,,,,,,,,,,,2.702102,4.528962,0.126120,0.129337,,,,-0.002002,1.008311,2.273196,,,,,,
60449,,,,,,,,,,,,,3.371307,5.457306,0.121438,0.121940,,,,,,,0.114009,-0.007015,1.023946,1.750000,-4.270000,17.430000
60448,,,,,,,,,,,,,,,,,,,,-0.002579,1.009058,2.276288,,,,,,
60457,,,,-0.022834,1.035807,2.223811,0.112325,0.597306,,,,,,,,,,,,,,,,,,,,
60459,,,,,,,,,,,15.068067,17.910463,3.892650,5.647809,0.125771,0.138578,0.033518,-0.001903,-0.052243,,,,,,,,,
60455,,,,,,,,,,,,,,,,,,,,-0.003141,1.009893,2.276380,,,,,,
60463,,,,,,,,,,,,,,,,,,,,,,,0.120353,-0.009821,1.027179,2.660000,2.310000,27.860001
60476,,,,,,,,,,,,,4.259330,6.392157,0.124204,0.133224,,,,,,,,,,,,
60470,,,,,,,,,,,,,,,,,,,,-0.004013,1.011012,2.279526,,,,,,
60479,,,,,,,,,,,,,,,,,,,,,,,0.120353,-0.009821,1.027179,4.060000,2.170000,23.730000
60477,,,,,,,,,,,,,,,,,,,,-0.004986,1.011964,2.285529,,,,,,
60484,,,,,,,,,,,,,,,,,,,,,,,0.106140,-0.009211,1.019920,3.500000,3.430000,30.100000
60489,,,,,,,,,,,,,,,0.120560,0.128964,,,,,,,0.106140,-0.009211,1.019920,2.380000,-1.680000,27.230000
60490,,,,,,,,,,,,,4.814220,7.018921,,,,,,,,,,,,,,
60492,,,,,,,,,,,,,,,,,,,,-0.005983,1.013093,2.288490,,,,,,
60499,,,,,,,,,,,,,5.760933,7.615968,0.112637,0.124889,,,,,,,0.073017,-0.000976,1.039257,3.010000,-3.220000,31.219999
60500,,,,,,,,,,,,,,,,,,,,-0.006882,1.014189,2.294734,,,,,,
60507,,,,-0.026714,1.040659,2.268103,0.120477,0.777723,,,,,,,,,,,,-0.007893,1.015479,2.300737,,,,,,
60509,,,,,,,,,,,14.890526,18.878443,,,0.111200,0.127758,0.033083,-0.002679,-0.026503,,,,,,,,,
60510,,,,,,,,,,,,,5.901135,8.515847,,,,,,,,,,,,,,
60521,,,,,,,,,,,,,6.436821,9.127374,0.107381,0.123419,,,,,,,,,,,,
60524,,,,,,,,,,,,,,,,,,,,,,,0.073017,-0.000976,1.039257,2.170000,0.140000,37.730000
60522,,,,,,,,,,,,,,,,,,,,-0.009026,1.016752,2.303768,,,,,,
60529,,,,,,,,,,,,,6.711700,9.623411,0.106222,0.120180,,,,-0.010259,1.018016,2.309824,0.066246,0.001647,0.999729,-0.070000,-3.570000,36.119999
60534,,,,,,,,,,,,,,,,,,,,,,,0.054534,0.008906,1.042429,0.840000,2.730000,40.950001
60539,,,,,,,,,,,,,7.263238,10.251823,0.102066,0.115431,,,,,,,0.054534,0.008906,1.042429,-0.070000,0.560000,45.709999
60537,,,,,,,,,,,,,,,,,,,,-0.011537,1.019373,2.318884,,,,,,
60548,,,,,,,,,,,,,,,,,,,,,,,0.054534,0.008906,1.042429,-1.190000,-10.640000,35.700001
60549,,,,,,,,,,,,,7.789905,10.304500,0.098059,0.116669,,,,,,,,,,,,
60552,,,,,,,,,,,,,,,,,,,,-0.012820,1.020613,2.324927,,,,,,
60557,,,,-0.031066,1.045574,2.324865,0.127916,1.001932,,,,,,,,,,,,,,,,,,,,
60559,,,,,,,,,,,14.013427,19.420170,8.155237,10.804622,0.086337,0.118897,0.030826,-0.003768,0.000532,,,,,,,,,
60560,,,,,,,,,,,,,,,,,,,,-0.014097,1.022005,2.330975,,,,,,
60563,,,,,,,,,,,,,,,,,,,,,,,0.028975,0.007869,1.026813,0.000000,-3.640000,40.110001
60576,,,,,,,,,,,,,8.170421,11.381066,0.087396,0.114567,,,,-0.016782,1.024709,2.343049,,,,,,
60568,,,,,,,,,,,,,,,,,,,,-0.015437,1.023228,2.336919,,,,,,
60579,,,,,,,,,,,,,,,,,,,,,,,0.028975,0.007869,1.008696,0.490000,-5.250000,41.650002
60584,,,,,,,,,,,,,,,,,,,,,,,0.022448,0.003721,1.008696,2.030000,2.940000,49.000000
60589,,,,,,,,,,,,,,,,,,,,,,,-0.015067,0.002196,1.014064,0.350000,3.640000,53.060001
60590,,,,,,,,,,,,,8.477249,11.579350,0.085354,0.114135,,,,,,,,,,,,
60591,,,,,,,,,,,,,,,,,,,,-0.018242,1.025993,2.352053,,,,,,
60598,,,,,,,,,,,,,,,,,,,,,,,-0.015067,0.002196,1.014064,1.120000,-7.840000,57.889999
60599,,,,,,,,,,,,,8.299801,12.076954,0.088392,0.110482,,,,-0.019598,1.027431,2.361021,,,,,,
60607,,,,-0.035949,1.050423,2.396831,0.134595,1.277724,,,,,,,,,,,,-0.021010,1.028757,2.372978,,,,,,
60609,,,,,,,,,,,12.713053,19.915316,,,,,0.027934,-0.004820,0.035958,,,,,,,,,
60610,,,,,,,,,,,,,8.522288,12.726276,0.073402,0.110374,,,,,,,,,,,,
60613,,,,,,,,,,,,,,,,,,,,,,,0.021594,0.016409,1.003694,3.430000,-5.950000,61.040001
60618,,,,,,,,,,,,,,,,,,,,,,,0.021594,0.016409,1.003694,-8.960000,10.010000,57.820000
60619,,,,,,,,,,,,,8.935975,13.061651,0.069880,0.108308,,,,,,,,,,,,
60621,,,,,,,,,,,,,,,,,,,,-0.022494,1.030009,2.381923,,,,,,
60636,,,,,,,,,,,,,8.790951,13.216461,0.072208,0.108091,,,,,,,,,,,,
60630,,,,,,,,,,,,,,,,,,,,-0.024176,1.031352,2.390881,,,,,,
60639,,,,,,,,,,,,,,,,,,,,,,,-0.017507,0.043920,1.064572,-6.090000,10.430000,65.870003
60638,,,,,,,,,,,,,,,,,,,,-0.025616,1.032556,2.402769,,,,,,
60645,,,,,,,,,,,,,,,,,,,,,,,-0.037698,-0.029707,0.999546,0.840000,8.050000,68.529999
60649,,,,,,,,,,,,,,,,,,,,,,,-0.037698,-0.029707,0.999546,-0.700000,4.690000,69.370003
60650,,,,,,,,,,,,,8.619024,13.157527,0.074852,0.110113,,,,,,,,,,,,
60652,,,,,,,,,,,,,,,,,,,,-0.027224,1.033819,2.411596,,,,,,
60657,,,,-0.041429,1.055049,2.486848,0.140621,1.610603,,,,,,,,,,,,,,,,,,,,
60659,,,,,,,,,,,11.119356,20.492783,8.386629,13.339908,0.061241,0.115718,0.024865,-0.006280,0.075987,,,,,,,,,
60660,,,,,,,,,,,,,,,,,,,,-0.028728,1.035096,2.429368,,,,,,
60663,,,,,,,,,,,,,,,,,,,,,,,-0.037698,-0.029707,0.999546,-3.780000,-5.740000,75.040001
60669,,,,,,,,,,,,,8.183111,14.040702,0.063972,0.109763,,,,,,,-0.026962,0.051301,1.024678,-8.470000,-10.430000,74.690002
60668,,,,,,,,,,,,,,,,,,,,-0.030239,1.036181,2.441213,,,,,,
60678,,,,,,,,,,,,,,,,,,,,,,,-0.026962,0.051301,1.024678,-3.430000,-13.440000,76.510002
60679,,,,,,,,,,,,,7.980158,14.003623,0.066740,0.111501,,,,,,,,,,,,
60683,,,,,,,,,,,,,,,,,,,,-0.031798,1.037334,2.452886,,,,,,
60696,,,,,,,,,,,,,8.044685,14.443010,0.066709,0.108184,,,,,,,,,,,,
60690,,,,,,,,,,,,,,,,,,,,-0.033332,1.038337,2.467725,,,,,,
60699,,,,,,,,,,,,,,,,,,,,,,,-0.011956,-0.003416,0.999668,-0.700000,7.000000,96.180000
60698,,,,,,,,,,,,,,,,,,,,-0.034767,1.039491,2.485294,,,,,,
60704,,,,,,,,,,,,,,,,,,,,,,,-0.024583,0.019215,1.022787,-0.350000,7.630000,103.110001
60707,,,,-0.047583,1.059267,2.597255,0.146333,1.998248,,,,,,,,,,,,,,,,,,,,
60709,,,,,,,,,,,9.480942,21.322611,7.555312,14.511890,0.055141,0.117530,0.022281,-0.007774,0.113242,,,,,,,,,
60706,,,,,,,,,,,,,,,,,,,,-0.036398,1.040517,2.499897,,,,,,
60714,,,,,,,,,,,,,,,,,,,,,,,-0.024583,0.019215,1.022787,-1.190000,7.420000,107.309998
60719,,,,,,,,,,,,,7.492449,14.481125,0.056210,0.119275,,,,,,,-0.024583,0.019215,1.017968,-1.820000,4.270000,103.949997
60722,,,,,,,,,,,,,,,,,,,,-0.038043,1.041680,2.520226,,,,,,
60729,,,,,,,,,,,,,6.851041,14.918891,0.063439,0.116049,,,,,,,0.001037,0.025254,1.017968,-2.660000,0.070000,107.379997
60730,,,,,,,,,,,,,,,,,,,,-0.039740,1.042685,2.534647,,,,,,
60739,,,,,,,,,,,,,5.764465,15.291078,0.075532,0.113429,,,,,,,0.001037,0.033855,1.031205,-3.990000,5.600000,114.660004
60738,,,,,,,,,,,,,,,,,,,,-0.041526,1.043671,2.557706,,,,,,
60756,,,,,,,,,,,,,6.185948,15.203436,0.071828,0.115617,,,,,,,,,,,,
60745,,,,,,,,,,,,,,,,,,,,-0.043290,1.044641,2.577940,,,,,,
60758,,,,-0.054498,1.062865,2.728716,0.152409,2.420811,,,,,,,,,,,,,,,,,,,,
60760,,,,,,,,,,,7.634279,22.172838,,,,,0.019345,-0.009343,0.151661,-0.045192,1.045593,2.600950,,,,,,
60762,,,,,,,,,,,,,,,,,,,,,,,-0.012688,0.033855,1.031205,-0.770000,15.890000,142.029999
60767,,,,,,,,,,,,,,,,,,,,,,,-0.064172,0.028304,1.016992,-6.720000,9.170000,143.429993
60769,,,,,,,,,,,,,6.009144,15.607177,0.054772,0.121636,,,,-0.046907,1.046409,2.623683,,,,,,
60773,,,,,,,,,,,,,,,,,,,,,,,-0.064172,0.028304,1.016992,-7.140000,-3.570000,135.169998
60778,,,,,,,,,,,,,,,,,,,,,,,0.015189,0.040138,1.040294,-4.060000,-15.960000,125.790001
60776,,,,,,,,,,,,,,,,,,,,-0.048707,1.047255,2.649434,,,,,,
60779,,,,,,,,,,,,,5.604917,15.875997,0.059406,0.120147,,,,,,,,,,,,
60789,,,,,,,,,,,,,5.263036,16.093359,0.063461,0.119150,,,,,,,0.015189,0.040138,1.040294,-6.510000,-19.320000,133.000000
60791,,,,,,,,,,,,,,,,,,,,-0.050335,1.047988,2.675236,,,,,,
60798,,,,,,,,,,,,,,,,,,,,,,,-0.030134,0.024461,1.031876,-3.990000,-3.220000,139.229996
60799,,,,,,,,,,,,,4.428318,16.260403,0.072824,0.118641,,,,-0.052030,1.048457,2.695053,,,,,,
60818,,,,-0.062268,1.065600,2.878647,0.159951,2.829463,,,,,,,,,,,,,,,,,,,,
60820,,,,,,,,,,,6.015553,23.161337,4.771526,16.556734,0.052646,0.127227,0.016765,-0.010954,0.184315,,,,,,,,,
60806,,,,,,,,,,,,,,,,,,,,-0.053700,1.049123,2.720637,,,,,,
60823,,,,,,,,,,,,,,,,,,,,,,,-0.030134,0.024461,1.031876,-7.070000,6.160000,158.550003
60821,,,,,,,,,,,,,,,,,,,,-0.055570,1.049733,2.746192,,,,,,
60828,,,,,,,,,,,,,,,,,,,,,,,-0.036356,0.038125,0.996008,-1.470000,-5.600000,151.270004
60829,,,,,,,,,,,,,4.014761,16.361017,0.060946,0.130683,,,,-0.057349,1.050442,2.774462,,,,,,
60833,,,,,,,,,,,,,,,,,,,,,,,-0.004941,0.017507,1.033035,-3.780000,-5.110000,153.789993
60838,,,,,,,,,,,,,,,,,,,,,,,-0.004941,0.017507,1.033035,-4.760000,-5.740000,161.279999
60837,,,,,,,,,,,,,,,,,,,,-0.059156,1.050951,2.805379,,,,,,
60839,,,,,,,,,,,,,4.446485,16.971552,0.056776,0.125613,,,,,,,,,,,,
60849,,,,,,,,,,,,,3.741271,17.096367,0.064595,0.125576,,,,,,,-0.004941,0.017507,1.033035,-6.300000,-4.550000,170.029999
60852,,,,,,,,,,,,,,,,,,,,-0.060961,1.051538,2.836215,,,,,,
60857,,,,-0.070997,1.067203,3.040165,0.170500,3.144534,,,,,,,,,,,,,,,,,,,,
60859,,,,,,,,,,,4.931559,24.127657,3.683083,17.595947,0.054170,0.131799,0.014408,-0.011862,0.205494,,,,,,,,,
60860,,,,,,,,,,,,,,,,,,,,-0.062859,1.051792,2.864060,,,,,,
60862,,,,,,,,,,,,,,,,,,,,,,,-0.008845,0.055571,1.036817,-8.190000,-9.940000,168.070007
60876,,,,,,,,,,,,,3.431613,17.799234,0.057102,0.130999,,,,-0.066565,1.052102,2.922506,,,,,,
60868,,,,,,,,,,,,,,,,,,,,-0.064786,1.051914,2.894647,,,,,,
60879,,,,,,,,,,,,,,,,,,,,,,,-0.008845,0.055571,1.036817,-4.340000,7.770000,185.220001
60884,,,,,,,,,,,,,,,,,,,,,,,-0.020191,0.035807,0.999790,-1.680000,12.600000,192.429993
60889,,,,,,,,,,,,,,,,,,,,,,,-0.009882,0.042334,1.009062,-1.120000,23.100000,196.070007
60890,,,,,,,,,,,,,2.887358,17.731064,0.063197,0.133042,,,,,,,,,,,,
60891,,,,,,,,,,,,,,,,,,,,-0.068540,1.052398,2.953104,,,,,,
60899,,,,,,,,,,,,,2.429423,18.400648,0.068489,0.127261,,,,-0.070701,1.052605,2.989103,-0.009882,0.042334,1.009062,-1.960000,17.500000,206.220001
60907,,,,-0.080798,1.067381,-3.080150,0.185880,3.280918,,,,,,,,,,,,,,,,,,,,
60909,,,,,,,,,,,4.760634,24.991489,2.044116,18.666456,0.071288,0.134808,0.012367,-0.012970,0.214498,,,,,,,,,
60906,,,,,,,,,,,,,,,,,,,,-0.072728,1.052622,3.022635,,,,,,
60921,,,,,,,,,,,,,1.719919,19.025183,0.075298,0.132314,,,,-0.074764,1.052424,3.061325,,,,,,
60923,,,,,,,,,,,,,,,,,,,,,,,-0.022387,0.055083,1.037610,-6.650000,5.180000,225.820007
60928,,,,,,,,,,,,,,,,,,,,,,,-0.017263,0.065209,1.018700,-5.670000,-7.210000,228.550003
60929,,,,,,,,,,,,,1.447140,19.402695,0.078830,0.129546,,,,,,,,,,,,
60930,,,,,,,,,,,,,,,,,,,,-0.076700,1.052316,3.100082,,,,,,
60934,,,,,,,,,,,,,,,,,,,,,,,-0.017263,0.065209,1.018700,-9.520000,-10.640000,230.649994
60939,,,,,,,,,,,,,1.217623,19.613068,0.081959,0.128475,,,,,,,-0.017263,0.065209,1.018700,-10.080000,-15.610000,230.649994
60938,,,,,,,,,,,,,,,,,,,,-0.078596,1.052096,-3.141443,,,,,,
60949,,,,,,,,,,,,,1.571019,19.781496,0.078942,0.127806,,,,,,,-0.018971,0.065392,1.024617,-5.740000,-15.190000,229.039993
60946,,,,,,,,,,,,,,,,,,,,-0.080389,1.051854,-3.102599,,,,,,
60957,,,,-0.091786,1.065819,-2.926363,0.207882,3.197852,,,,,,,,,,,,,,,,,,,,
60959,,,,,,,,,,,6.133514,25.721178,1.321855,19.865345,0.096841,0.135753,0.010989,-0.014265,0.178222,,,,,,,,,
60962,,,,,,,,,,,,,,,,,,,,-0.082308,1.051502,-3.063858,-0.018971,0.065392,1.024617,-2.800000,-5.390000,204.679993
60977,,,,,,,,,,,,,1.735006,19.828688,0.093454,0.137363,,,,,,,,,,,,
60970,,,,,,,,,,,,,,,,,,,,-0.084242,1.051033,-3.027809,,,,,,
60980,,,,,,,,,,,,,,,,,,,,,,,0.076311,0.020618,1.021994,-5.880000,6.440000,188.160004
60978,,,,,,,,,,,,,,,,,,,,-0.086469,1.050515,-2.994613,,,,,,
60985,,,,,,,,,,,,,,,,,,,,,,,0.057096,0.040077,1.017907,-5.600000,1.400000,185.850006
60986,,,,,,,,,,,,,,,,,,,,-0.088642,1.050062,-2.961194,,,,,,
60989,,,,,,,,,,,,,1.909053,19.828388,0.092521,0.138594,,,,,,,,,,,,
60990,,,,,,,,,,,,,,,,,,,,,,,0.057096,0.040077,1.017907,-3.990000,1.820000,182.979996
60998,,,,,,,,,,,,,,,,,,,,,,,0.057096,0.040077,1.017907,-6.440000,-0.490000,186.270004
60999,,,,,,,,,,,,,2.153611,19.967611,0.090803,0.138342,,,,,,,,,,,,
61001,,,,,,,,,,,,,,,,,,,,-0.090790,1.049452,-2.930709,,,,,,
61007,,,,-0.104080,1.062187,-2.788989,0.237905,2.928810,,,,,,,,,,,,,,,,,,,,
61009,,,,,,,,,,,8.773483,26.686499,2.876025,19.992676,0.112006,0.149531,0.010511,-0.015137,0.142488,,,,,,,,,
61012,,,,,,,,,,,,,,,,,,,,,,,0.047214,0.067710,1.023641,-6.650000,-0.560000,164.500000
61010,,,,,,,,,,,,,,,,,,,,-0.092839,1.048640,-2.897277,,,,,,
61018,,,,,,,,,,,,,,,,,,,,,,,0.047214,0.067710,1.023641,-14.350000,0.280000,162.820007
61019,,,,,,,,,,,,,2.983130,20.201292,0.112096,0.148709,,,,-0.095002,1.047918,-2.869374,,,,,,
61040,,,,,,,,,,,,,3.815676,20.392109,0.104457,0.148033,,,,,,,,,,,,
61027,,,,,,,,,,,,,,,,,,,,-0.097377,1.047069,-2.841467,,,,,,
61041,,,,,,,,,,,,,,,,,,,,-0.099503,1.046057,-2.810590,,,,,,
61044,,,,,,,,,,,,,,,,,,,,,,,0.050142,0.064904,1.023641,-6.020000,5.810000,152.880005
61049,,,,,,,,,,,,,4.410869,20.758997,0.099166,0.145446,,,,-0.101849,1.045162,-2.785220,0.095221,0.024034,1.010221,-4.060000,9.800000,147.630005
61054,,,,,,,,,,,,,,,,,,,,,,,0.095221,0.024034,1.010221,-3.640000,3.080000,143.570007
61057,,,,-0.117799,1.056147,-2.671065,0.276763,2.556438,,,,,,,,,,,,,,,,,,,,
61059,,,,,,,,,,,12.561656,28.282248,5.320951,21.222458,0.130654,0.158711,0.011279,-0.015786,0.113743,,,,,,,,,
61058,,,,,,,,,,,,,,,,,,,,-0.104390,1.043933,-2.762800,,,,,,
61063,,,,,,,,,,,,,,,,,,,,,,,0.057035,0.048678,1.025288,-3.220000,4.480000,151.270004
61066,,,,,,,,,,,,,,,,,,,,-0.106796,1.042884,-2.737241,,,,,,
61069,,,,,,,,,,,,,5.604933,21.240231,0.129146,0.159993,,,,,,,0.057035,0.048678,1.025288,-3.360000,-4.270000,146.649994
61079,,,,,,,,,,,,,6.363126,21.714846,0.122539,0.156417,,,,,,,0.060695,0.037027,1.050603,0.770000,-4.760000,148.330002
61080,,,,,,,,,,,,,,,,,,,,-0.109231,1.041616,-2.708953,,,,,,
61096,,,,,,,,,,,,,7.275850,22.114702,0.114133,0.153537,,,,,,,,,,,,
61087,,,,,,,,,,,,,,,,,,,,-0.111662,1.040339,-2.686380,,,,,,
61099,,,,,,,,,,,,,,,,,,,,,,,0.060695,0.037027,1.050603,-6.790000,-5.110000,138.389999
61104,,,,,,,,,,,,,,,,,,,,,,,0.076860,0.062403,1.012844,-2.660000,-1.330000,138.529999
61102,,,,,,,,,,,,,,,,,,,,-0.114124,1.038800,-2.663627,,,,,,
61107,,,,-0.133059,1.047353,-2.572248,0.324702,2.162256,,,,,,,,,,,,,,,,,,,,
61109,,,,,,,,,,,17.249027,30.664583,,,,,0.013050,-0.016264,0.090034,,,,,,,,,
61110,,,,,,,,,,,,,7.732616,22.231421,0.160184,0.178894,,,,-0.116648,1.037330,-2.637954,,,,,,
61113,,,,,,,,,,,,,,,,,,,,,,,0.076860,0.062403,1.012844,-0.070000,3.710000,136.220001
61118,,,,,,,,,,,,,,,,,,,,,,,0.055266,0.044469,1.025715,-4.830000,5.670000,141.750000
61119,,,,,,,,,,,,,8.264515,22.808197,0.156515,0.174523,,,,-0.119391,1.035684,-2.612197,,,,,,
61129,,,,,,,,,,,,,9.626497,23.467192,0.143916,0.169158,,,,,,,0.055266,0.044469,1.025715,1.330000,-21.840000,129.429993
61126,,,,,,,,,,,,,,,,,,,,-0.122034,1.033898,-2.589476,,,,,,
61138,,,,,,,,,,,,,,,,,,,,,,,0.108519,0.049044,1.041697,-4.690000,-12.320000,125.720001
61139,,,,,,,,,,,,,10.346431,23.677011,0.137855,0.168428,,,,,,,,,,,,
61141,,,,,,,,,,,,,,,,,,,,-0.124555,1.032253,-2.569069,,,,,,
61155,,,,,,,,,,,,,,,0.131881,0.163638,,,,,,,,,,,,
61156,,,,,,,,,,,,,11.044015,24.264816,,,,,,,,,,,,,,
61157,,,,-0.149970,1.035466,-2.490392,0.381549,1.797997,,,,,,,,,,,,-0.129905,1.028285,-2.528446,,,,,,
61159,,,,,,,,,,,23.637569,35.041969,,,,,0.019451,-0.016486,0.076240,,,,,,,,,
61163,,,,,,,,,,,,,,,,,,,,,,,0.108519,0.049044,1.041697,-10.710000,-1.820000,112.209999
61168,,,,,,,,,,,,,,,,,,,,,,,0.094733,0.078751,1.006988,-9.660000,2.310000,110.599998
61169,,,,,,,,,,,,,11.700317,24.429554,0.194079,0.209731,,,,,,,,,,,,
61173,,,,,,,,,,,,,,,,,,,,,,,0.079422,0.045994,1.003755,-3.080000,8.330000,107.730003
61171,,,,,,,,,,,,,,,,,,,,-0.132684,1.026084,-2.508208,,,,,,
61179,,,,,,,,,,,,,13.141910,24.951376,0.181249,0.206397,,,,-0.135568,1.023708,-2.487795,0.079422,0.045994,1.003755,3.360000,9.310000,110.879997
61188,,,,,,,,,,,,,,,,,,,,,,,0.079422,0.045994,1.003755,3.500000,-16.730000,109.620003
61187,,,,,,,,,,,,,,,,,,,,-0.138443,1.021381,-2.470188,,,,,,
61189,,,,,,,,,,,,,14.228158,25.749920,0.171894,0.200015,,,,,,,,,,,,
61198,,,,,,,,,,,,,,,,,,,,,,,0.133163,0.022509,1.105625,2.800000,-22.190001,105.839996
61199,,,,,,,,,,,,,14.807733,26.771072,0.167696,0.191101,,,,,,,,,,,,
61202,,,,,,,,,,,,,,,,,,,,-0.141187,1.019112,-2.452362,,,,,,
61218,,,,-0.168629,1.020162,-2.422777,0.446840,1.485500,,,,,,,,,,,,-0.147227,1.013683,-2.411318,,,,,,
61219,,,,,,,,,,,29.579868,38.215343,,,,,,,,,,,,,,,,
61220,,,,,,,,,,,,,,,,,0.020895,-0.018206,0.029890,,,,,,,,,
61221,,,,,,,,,,,,,15.965620,27.283855,0.220370,0.221093,,,,,,,,,,,,
61224,,,,,,,,,,,,,,,,,,,,,,,0.133163,0.022509,0.976976,-5.110000,10.360000,99.610001
61229,,,,,,,,,,,,,17.337473,27.511301,0.208631,0.220954,,,,,,,0.127307,0.058682,0.998692,1.120000,13.370000,99.680000
61234,,,,,,,,,,,,,,,,,,,,,,,0.127307,0.058682,0.998692,3.290000,9.310000,98.910004
61232,,,,,,,,,,,,,,,,,,,,-0.150317,1.010847,-2.396300,,,,,,
61239,,,,,,,,,,,,,18.413706,28.613659,0.199746,0.211471,,,,,,,0.127307,0.058682,0.998692,-0.910000,-6.020000,95.690002
61240,,,,,,,,,,,,,,,,,,,,-0.153626,1.007645,-2.378582,,,,,,
61249,,,,,,,,,,,,,19.439255,29.148912,0.191176,0.207785,,,,,,,0.183000,0.061000,1.080615,2.170000,-23.870001,89.459999
61248,,,,,,,,,,,,,,,,,,,,-0.156778,1.004406,-2.360618,,,,,,
61257,,,,-0.189123,1.001134,-2.366776,0.519908,1.227909,,,,,,,,,,,,,,,,,,,,
61259,,,,,,,,,,,36.738667,42.833019,,,,,0.025486,-0.020408,-0.005968,,,,,,,,,
61260,,,,,,,,,,,,,20.555479,30.299917,0.257491,0.246507,,,,,,,,,,,,
61256,,,,,,,,,,,,,,,,,,,,-0.159884,1.001244,-2.348458,,,,,,
61263,,,,,,,,,,,,,,,,,,,,,,,0.183000,0.061000,1.080615,0.910000,1.960000,81.550003
61276,,,,,,,,,,,,,21.910709,31.098677,0.246463,0.240631,,,,,,,,,,,,
61270,,,,,,,,,,,,,,,,,,,,-0.163321,0.997591,-2.333543,,,,,,
61279,,,,,,,,,,,,,,,,,,,,,,,0.138287,0.057401,0.970083,7.000000,5.600000,72.449997
61278,,,,,,,,,,,,,,,,,,,,-0.166680,0.994015,-2.318471,,,,,,
61285,,,,,,,,,,,,,,,,,,,,,,,0.138287,0.038064,1.041514,9.520000,9.940000,67.339996
61286,,,,,,,,,,,,,,,,,,,,-0.170277,0.990237,-2.306344,,,,,,
61289,,,,,,,,,,,,,23.507084,32.083073,0.232591,0.232617,,,,,,,,,,,,
61290,,,,,,,,,,,,,,,,,,,,,,,0.240157,0.038064,1.041514,1.050000,8.750000,65.029999
61298,,,,,,,,,,,,,,,,,,,,,,,0.240157,0.038064,1.041514,-3.990000,3.570000,61.180000
61299,,,,,,,,,,,,,25.257158,33.020824,0.216753,0.224893,,,,,,,,,,,,
61300,,,,,,,,,,,,,,,,,,,,-0.173955,0.986064,-2.297352,,,,,,
61307,,,,-0.211515,0.978107,-2.320111,0.599918,1.019779,,,,,,,,,,,,,,,,,,,,
61309,,,,,,,,,,,44.286171,48.443592,,,,,0.031059,-0.022809,-0.023458,,,,,,,,,
61310,,,,,,,,,,,,,26.486858,34.066303,0.286271,0.275441,,,,,,,,,,,,
61322,,,,,,,,,,,,,28.222359,35.056343,0.271540,0.267917,,,,,,,,,,,,
61317,,,,,,,,,,,,,,,,,,,,-0.181528,0.977083,-2.276075,,,,,,
61324,,,,,,,,,,,,,,,,,,,,,,,0.207278,0.074237,0.998509,-12.250000,9.380000,49.070000
61325,,,,,,,,,,,,,,,,,,,,-0.185299,0.972430,-2.266911,,,,,,
61329,,,,,,,,,,,,,30.045631,36.495670,0.255514,0.255413,,,,,,,0.168482,0.063989,1.025288,3.920000,-6.720000,42.279999
61334,,,,,,,,,,,,,,,,,,,,,,,0.168482,0.063989,1.025288,2.730000,-13.230000,39.270000
61339,,,,,,,,,,,,,31.911053,37.338116,0.238661,0.248951,,,,,,,0.168482,0.063989,1.025288,7.350000,-11.340000,35.490002
61340,,,,,,,,,,,,,,,,,,,,-0.189288,0.967796,-2.260566,,,,,,
61349,,,,,,,,,,,,,33.021370,38.709778,0.229442,0.236691,,,,,,,0.222406,0.021777,1.093730,-14.490000,-10.990000,25.549999
61348,,,,,,,,,,,,,,,,,,,,-0.193269,0.962856,-2.257573,,,,,,
61357,,,,-0.235851,0.950845,-2.280917,0.685880,0.853023,,,,,,,,,,,,,,,,,,,,
61359,,,,,,,,,,,51.780807,54.740284,,,0.294288,0.298075,0.036407,-0.025339,-0.024479,,,,,,,,,
61360,,,,,,,,,,,,,34.633778,39.420002,,,,,,,,,,,,,,
61363,,,,,,,,,,,,,,,,,,,,-0.197246,0.957694,-2.251480,0.222406,0.021777,1.093730,12.810000,4.970000,27.510000
61377,,,,,,,,,,,,,36.193695,40.541405,0.281286,0.289352,,,,,,,,,,,,
61371,,,,,,,,,,,,,,,,,,,,-0.201726,0.952416,-2.248599,,,,,,
61380,,,,,,,,,,,,,,,,,,,,,,,0.165615,0.011651,0.949160,11.060000,-27.930000,30.030001
61379,,,,,,,,,,,,,,,,,,,,-0.205945,0.947122,-2.242453,,,,,,
61385,,,,,,,,,,,,,,,,,,,,,,,0.178364,0.034709,1.050176,-3.500000,-33.810001,28.420000
61389,,,,,,,,,,,,,37.867462,41.961746,0.266749,0.277219,,,,,,,,,,,,
61390,,,,,,,,,,,,,,,,,,,,,,,0.178364,0.034709,1.050176,-0.140000,-18.969999,26.459999
61387,,,,,,,,,,,,,,,,,,,,-0.210073,0.941627,-2.236057,,,,,,
61398,,,,,,,,,,,,,,,,,,,,,,,0.223992,0.030561,0.960506,9.940000,8.540000,28.350000
61399,,,,,,,,,,,,,39.513596,42.958523,0.252158,0.269290,,,,,,,,,,,,
61402,,,,,,,,,,,,,,,,,,,,-0.214711,0.935969,-2.236163,,,,,,
61407,,,,-0.262149,0.919160,-2.247702,0.776659,0.719670,,,,,,,,,,,,,,,,,,,,
61409,,,,,,,,,,,59.423920,62.004944,,,,,0.042622,-0.026991,-0.012510,,,,,,,,,
61410,,,,,,,,,,,,,40.581356,44.003819,0.324576,0.337826,,,,-0.219161,0.929910,-2.226935,,,,,,
61413,,,,,,,,,,,,,,,,,,,,,,,0.223992,0.030561,0.960506,-15.470000,-6.090000,23.520000
61419,,,,,,,,,,,,,42.198818,45.653740,0.311316,0.324045,,,,,,,0.156709,0.057401,1.018517,1.330000,-5.810000,27.719999
61418,,,,,,,,,,,,,,,,,,,,-0.223748,0.923613,-2.220620,,,,,,
61436,,,,,,,,,,,,,44.047684,46.954655,0.295261,0.313630,,,,,,,,,,,,
61426,,,,,,,,,,,,,,,,,,,,-0.228330,0.917618,-2.214520,,,,,,
61439,,,,,,,,,,,,,,,,,,,,,,,0.156709,0.057401,1.018517,16.660000,6.300000,31.780001
61440,,,,,,,,,,,,,,,,,,,,-0.233165,0.911370,-2.211380,,,,,,
61444,,,,,,,,,,,,,,,,,,,,,,,0.232349,0.019154,0.979477,-4.900000,5.390000,32.130001
61449,,,,,,,,,,,,,,,,,,,,,,,0.232349,0.019154,0.979477,-20.299999,0.560000,31.500000
61450,,,,,,,,,,,,,45.379795,48.657528,0.284310,0.298672,,,,,,,,,,,,
61448,,,,,,,,,,,,,,,,,,,,-0.238286,0.904319,-2.201837,,,,,,
61457,,,,-0.290400,0.882916,-2.219281,0.870979,0.612864,,,,,,,,,,,,,,,,,,,,
61459,,,,,,,,,,,67.445190,68.956650,,,,,0.048212,-0.029413,-0.017189,,,,,,,,,
61460,,,,,,,,,,,,,46.909206,50.212509,0.356212,0.358793,,,,,,,,,,,,
61456,,,,,,,,,,,,,,,,,,,,-0.243152,0.897314,-2.198865,,,,,,
61463,,,,,,,,,,,,,,,,,,,,,,,0.235399,0.065697,0.903349,-8.330000,34.720001,35.560001
61469,,,,,,,,,,,,,48.705795,51.485191,0.341402,0.349176,,,,,,,0.235399,0.065697,0.903349,-11.760000,30.730000,26.600000
61470,,,,,,,,,,,,,,,,,,,,-0.248367,0.889931,-2.195738,,,,,,
61479,,,,,,,,,,,,,50.844971,53.731548,0.322577,0.328948,,,,,,,0.198738,0.043188,1.074393,-13.860000,-11.340000,26.950001
61478,,,,,,,,,,,,,,,,,,,,-0.253551,0.882435,-2.193036,,,,,,
61496,,,,,,,,,,,,,52.344177,54.772942,0.310107,0.321055,,,,,,,,,,,,
61486,,,,,,,,,,,,,,,,,,,,-0.258570,0.875086,-2.186545,,,,,,
61499,,,,,,,,,,,,,,,,,,,,,,,0.198738,0.043188,1.074393,9.940000,-2.450000,22.610001
61501,,,,,,,,,,,,,,,,,,,,-0.263988,0.867531,-2.183358,,,,,,
61504,,,,,,,,,,,,,,,,,,,,,,,0.237229,0.005551,1.007476,-8.470000,10.010000,22.889999
61507,,,,-0.320562,0.842041,-2.194721,0.967439,0.527053,,,,,,,,,,,,,,,,,,,,
61509,,,,,,,,,,,75.201881,76.326813,,,,,0.053571,-0.031609,-0.011676,-0.269509,0.859467,-2.180361,,,,,,
61510,,,,,,,,,,,,,53.849026,56.284855,0.379678,0.386254,,,,,,,,,,,,
61514,,,,,,,,,,,,,,,,,,,,,,,0.237229,0.005551,1.007476,11.480000,16.870001,24.850000
61519,,,,,,,,,,,,,,,,,,,,,,,0.185074,0.037881,0.851377,-15.120000,10.080000,23.030001
61520,,,,,,,,,,,,,55.739372,57.788879,0.364042,0.374449,,,,,,,,,,,,
61517,,,,,,,,,,,,,,,,,,,,-0.275230,0.851402,-2.171111,,,,,,
61525,,,,,,,,,,,,,,,,,,,,-0.280581,0.843048,-2.167975,,,,,,
61529,,,,,,,,,,,,,57.559914,59.284370,0.348753,0.362422,,,,,,,0.185074,0.037881,0.851377,12.880000,-20.299999,21.070000
61538,,,,,,,,,,,,,,,,,,,,,,,0.217221,0.013298,1.029375,26.670000,-8.820000,22.540001
61539,,,,,,,,,,,,,59.143597,61.158382,0.335602,0.346061,,,,,,,,,,,,
61540,,,,,,,,,,,,,,,,,,,,-0.286255,0.834924,-2.161670,,,,,,
61556,,,,,,,,,,,,,60.834011,62.529255,0.320987,0.334655,,,,-0.298176,0.817300,-2.155437,,,,,,
61558,,,,-0.352562,0.796529,-2.173274,1.064533,0.457871,,,,,,,,,,,,,,,,,,,,
61560,,,,,,,,,,,85.661552,86.207916,,,,,0.068043,-0.033614,-0.011127,,,,,,,,,
61563,,,,,,,,,,,,,,,,,,,,,,,0.217221,0.016958,0.839482,0.000000,16.170000,20.580000
61568,,,,,,,,,,,,,,,,,,,,,,,0.147986,0.042761,0.853817,-4.690000,24.709999,14.420000
61569,,,,,,,,,,,,,62.363064,63.789440,0.418868,0.429127,,,,,,,,,,,,
61571,,,,,,,,,,,,,,,,,,,,-0.303947,0.807890,-2.152339,,,,,,
61574,,,,,,,,,,,,,,,,,,,,,,,0.147986,0.042761,0.853817,-8.750000,24.500000,11.620000
61579,,,,,,,,,,,,,63.983658,65.731972,0.406503,0.413158,,,,,,,0.147986,0.042761,0.853817,-29.190001,19.459999,17.639999
61578,,,,,,,,,,,,,,,,,,,,-0.309955,0.798416,-2.149188,,,,,,
61589,,,,,,,,,,,,,65.625969,67.097000,0.393570,0.402921,,,,,,,0.186294,0.028914,0.984662,-4.550000,-0.840000,9.800000
61587,,,,,,,,,,,,,,,,,,,,-0.316090,0.788865,-2.152384,,,,,,
61599,,,,,,,,,,,,,68.148193,68.823723,0.370945,0.388556,,,,,,,0.186294,0.028914,0.984662,-6.020000,-13.930000,13.230000
61601,,,,,,,,,,,,,,,,,,,,-0.322141,0.779371,-2.149287,,,,,,
61617,,,,-0.386294,0.746443,-2.154350,1.160674,0.401932,,,,,,,,,,,,-0.335097,0.759280,-2.142939,,,,,,
61619,,,,,,,,,,,90.456314,90.949249,,,,,0.063566,-0.035603,-0.004511,,,,,,,,,
61620,,,,,,,,,,,,,69.872520,70.440910,0.407217,0.425371,,,,,,,,,,,,
61624,,,,,,,,,,,,,,,,,,,,,,,0.259494,0.005185,0.862845,23.450001,-2.870000,10.990000
61625,,,,,,,,,,,,,,,,,,,,-0.341701,0.749022,-2.139738,,,,,,
61629,,,,,,,,,,,,,,,,,,,,,,,0.203801,-0.004941,0.815082,-3.220000,-6.020000,8.750000
61630,,,,,,,,,,,,,71.598030,72.658424,0.393172,0.406083,,,,,,,,,,,,
61634,,,,,,,,,,,,,,,,,,,,,,,0.203801,-0.004941,0.815082,-8.820000,-22.820000,6.300000
61639,,,,,,,,,,,,,73.068474,73.960693,0.381477,0.396057,,,,,,,0.203801,-0.004941,0.815082,-26.180000,-22.190001,8.190000
61640,,,,,,,,,,,,,,,,,,,,-0.348065,0.738717,-2.139828,,,,,,
61649,,,,,,,,,,,,,74.904594,75.655312,0.365591,0.381591,,,,-0.354623,0.728047,-2.136525,0.200202,0.028426,0.882121,-16.309999,8.890000,9.380000
61657,,,,-0.421617,0.691920,-2.137468,1.254231,0.356627,,,,,,,,,,,,,,,,,,,,
61659,,,,,,,,,,,97.222130,97.607590,,,,,0.066564,-0.037096,-0.000411,,,,,,,,,
61660,,,,,,,,,,,,,76.461296,77.092949,0.424178,0.440247,,,,,,,,,,,,
61656,,,,,,,,,,,,,,,,,,,,-0.361531,0.716822,-2.136580,,,,,,
61663,,,,,,,,,,,,,,,,,,,,,,,0.200202,0.028426,0.882121,-21.559999,39.060001,2.100000
61676,,,,,,,,,,,,,77.732895,78.264366,0.414992,0.432075,,,,,,,,,,,,
61671,,,,,,,,,,,,,,,,,,,,-0.368493,0.705486,-2.136582,,,,,,
61679,,,,,,,,,,,,,,,,,,,,-0.375679,0.694007,-2.136743,0.175619,0.004209,0.811605,-6.580000,-10.780000,9.380000
61684,,,,,,,,,,,,,,,,,,,,,,,0.175802,-0.020191,0.889685,38.639999,-21.700001,12.460000
61689,,,,,,,,,,,,,,,,,,,,,,,0.175802,-0.020191,0.889685,39.130001,-16.590000,8.470000
61690,,,,,,,,,,,,,79.602722,80.049904,0.399186,0.417133,,,,,,,,,,,,
61687,,,,,,,,,,,,,,,,,,,,-0.382541,0.683137,-2.136638,,,,,,
61695,,,,,,,,,,,,,,,,,,,,-0.389955,0.671724,-2.136674,,,,,,
61699,,,,,,,,,,,,,80.976257,81.935791,0.388263,0.400753,,,,,,,0.175802,-0.020191,0.807579,45.639999,4.620000,11.270000
61707,,,,-0.458357,0.633170,-2.122237,1.343557,0.319947,,,,,,,,,,,,,,,,,,,,
61709,,,,,,,,,,,103.133568,104.442871,,,,,0.069331,-0.037100,0.013723,,,,,,,,,
61710,,,,,,,,,,,,,82.437012,83.244362,0.438936,0.462740,,,,,,,,,,,,
61722,,,,,,,,,,,,,83.826370,84.943977,0.428485,0.449098,,,,,,,,,,,,
61718,,,,,,,,,,,,,,,,,,,,-0.405048,0.648342,-2.127220,,,,,,
61724,,,,,,,,,,,,,,,,,,,,,,,0.177998,-0.043676,0.807579,16.379999,-18.620001,10.150000
61726,,,,,,,,,,,,,,,,,,,,-0.412611,0.636116,-2.127054,,,,,,
61729,,,,,,,,,,,,,86.363541,86.512291,0.405550,0.436497,,,,,,,,,,,,
61730,,,,,,,,,,,,,,,,,,,,,,,0.155611,0.040077,0.828258,-11.970000,-12.950000,13.020000
61735,,,,,,,,,,,,,,,,,,,,,,,0.155611,0.040077,0.828258,-25.340000,0.210000,9.660000
61739,,,,,,,,,,,,,87.465134,87.590286,0.397340,0.428778,,,,,,,,,,,,
61740,,,,,,,,,,,,,,,,,,,,,,,0.182024,0.050447,0.901641,2.380000,8.960000,12.740000
61741,,,,,,,,,,,,,,,,,,,,-0.419778,0.624130,-2.123881,,,,,,
61749,,,,,,,,,,,,,88.378616,88.483917,0.390898,0.422795,,,,-0.427510,0.611576,-2.123977,0.182024,0.050447,0.901641,-28.209999,16.940001,21.070000
61757,,,,-0.496308,0.570474,-2.108336,1.427037,0.290346,,,,,,,,,,,,-0.435205,0.598284,-2.117683,,,,,,
61759,,,,,,,,,,,108.844872,110.242836,,,,,0.071196,-0.036842,0.016563,,,,,,,,,
61760,,,,,,,,,,,,,89.297684,89.901314,0.444890,0.472684,,,,,,,,,,,,
61763,,,,,,,,,,,,,,,,,,,,,,,0.170190,0.033916,0.876875,-7.350000,6.510000,16.309999
61777,,,,,,,,,,,,,90.261261,91.412819,0.438724,0.460862,,,,,,,,,,,,
61772,,,,,,,,,,,,,,,,,,,,-0.442999,0.585556,-2.114499,,,,,,
61779,,,,,,,,,,,,,,,,,,,,,,,0.170190,0.033916,0.876875,17.780001,12.180000,21.280001
61780,,,,,,,,,,,,,,,,,,,,-0.450825,0.572564,-2.111320,,,,,,
61784,,,,,,,,,,,,,,,,,,,,,,,0.138043,0.007503,0.816729,-22.959999,3.850000,23.379999
61789,,,,,,,,,,,,,91.557472,92.960045,0.428823,0.448346,,,,,,,0.138043,0.007503,0.816729,-17.360001,-1.610000,23.870001
61788,,,,,,,,,,,,,,,,,,,,-0.458415,0.559698,-2.108141,,,,,,
61799,,,,,,,,,,,,,93.204926,94.385048,0.414921,0.436806,,,,,,,0.159088,0.058804,0.860405,-3.010000,-10.220000,21.209999
61796,,,,,,,,,,,,,,,,,,,,-0.466345,0.546049,-2.104968,,,,,,
61807,,,,-0.535237,0.504184,-2.095491,1.503120,0.266639,,,,,,,,,,,,,,,,,,,,
61809,,,,,,,,,,,114.040878,114.634888,,,,,0.071255,-0.037843,0.010229,,,,,,,,,
61810,,,,,,,,,,,,,94.129082,95.122032,0.463567,0.478945,,,,,,,,,,,,
61813,,,,,,,,,,,,,,,,,,,,,,,0.159088,0.058804,0.860405,31.360001,-23.590000,28.280001
61811,,,,,,,,,,,,,,,,,,,,-0.473834,0.532905,-2.101678,,,,,,
61819,,,,,,,,,,,,,95.495171,96.330643,0.453201,0.470168,,,,-0.481688,0.519330,-2.095386,0.116449,0.030134,0.879193,-9.730000,-31.219999,26.530001
61836,,,,,,,,,,,,,96.654289,97.683350,0.444749,0.459609,,,,,,,,,,,,
61827,,,,,,,,,,,,,,,,,,,,-0.489528,0.505650,-2.091994,,,,,,
61839,,,,,,,,,,,,,,,,,,,,,,,0.116449,0.030134,0.879193,-0.490000,-4.830000,15.260000
61841,,,,,,,,,,,,,,,,,,,,-0.497358,0.491871,-2.088795,,,,,,
61844,,,,,,,,,,,,,,,,,,,,,,,0.122671,0.053802,0.823622,-18.620001,-1.540000,20.580000
61849,,,,,,,,,,,,,,,,,,,,,,,0.122671,0.053802,0.855525,-12.110000,13.300000,15.750000
61850,,,,,,,,,,,,,97.896759,99.157181,0.435170,0.447481,,,,-0.505273,0.477334,-2.082312,,,,,,
61857,,,,-0.574885,0.434711,-2.083472,1.570363,0.247915,,,,,,,,,,,,,,,,,,,,
61859,,,,,,,,,,,118.928223,118.228966,,,,,0.071326,-0.039678,-0.000179,,,,,,,,,
61860,,,,,,,,,,,,,98.550392,100.168846,0.483517,0.478144,,,,,,,,,,,,
61858,,,,,,,,,,,,,,,,,,,,-0.513185,0.462931,-2.079104,,,,,,
61863,,,,,,,,,,,,,,,,,,,,,,,0.174216,0.052216,0.855525,-12.950000,27.160000,17.290001
61868,,,,,,,,,,,,,,,,,,,,,,,0.174216,0.034099,0.867115,1.260000,11.340000,14.070000
61869,,,,,,,,,,,,,100.194580,100.980537,0.470292,0.473282,,,,,,,,,,,,
61872,,,,,,,,,,,,,,,,,,,,-0.520940,0.448543,-2.076077,,,,,,
61879,,,,,,,,,,,,,101.313820,101.975128,0.462303,0.466308,,,,,,,0.133102,0.034099,0.867115,21.840000,-8.610000,22.959999
61880,,,,,,,,,,,,,,,,,,,,-0.529082,0.433874,-2.075956,,,,,,
61896,,,,,,,,,,,,,102.420387,102.976814,0.454216,0.459051,,,,-0.545519,0.404388,-2.069595,,,,,,
61888,,,,,,,,,,,,,,,,,,,,-0.537260,0.419179,-2.072750,,,,,,
61900,,,,,,,,,,,,,,,,,,,,,,,0.096441,-0.015799,0.809348,21.280001,23.590000,3.780000
61905,,,,,,,,,,,,,,,,,,,,,,,0.096441,-0.015799,0.809348,-18.969999,51.029999,4.970000
61907,,,,-0.614970,0.362525,-2.072080,1.627472,0.233485,,,,,,,,,,,,,,,,,,,,
61909,,,,,,,,,,,122.364815,121.282349,,,,,0.070137,-0.040871,-0.001770,,,,,,,,,
61910,,,,,,,,,,,,,103.785011,104.253189,0.479670,0.481110,,,,,,,,,,,,
61911,,,,,,,,,,,,,,,,,,,,-0.554021,0.388724,-2.066517,,,,,,
61914,,,,,,,,,,,,,,,,,,,,,,,0.122610,0.036600,0.753838,-4.200000,51.310001,-0.280000
61919,,,,,,,,,,,,,,,0.474076,0.475982,,,,-0.562434,0.373294,-2.069775,0.122610,0.036600,0.753838,28.280001,45.639999,6.440000
61920,,,,,,,,,,,,,104.675751,105.069672,,,,,,,,,,,,,,
61929,,,,,,,,,,,,,105.846100,105.622169,0.465326,0.473490,,,,,,,0.121024,0.003416,0.968314,-25.620001,0.350000,5.250000
61927,,,,,,,,,,,,,,,,,,,,-0.570976,0.357860,-2.066664,,,,,,
61938,,,,,,,,,,,,,,,,,,,,,,,0.121024,0.003416,0.968314,28.910000,-36.189999,6.160000
61939,,,,,,,,,,,,,106.960457,106.772041,0.456928,0.464535,,,,,,,,,,,,
61941,,,,,,,,,,,,,,,,,,,,-0.578933,0.342703,-2.066664,,,,,,
61956,,,,,,,,,,,,,108.192650,107.714882,0.447045,0.457540,,,,,,,,,,,,
61949,,,,,,,,,,,,,,,,,,,,-0.587499,0.327193,-2.069826,,,,,,
61958,,,,-0.655196,0.288145,-2.061133,1.673330,0.222833,,,,,,,,,,,,,,,,,,,,
61960,,,,,,,,,,,123.778168,123.761902,,,,,0.066860,-0.040700,0.009103,,,,,,,,,
61957,,,,,,,,,,,,,,,,,,,,-0.595421,0.312246,-2.066511,,,,,,
61964,,,,,,,,,,,,,,,,,,,,,,,0.084851,0.000061,0.866871,7.350000,-17.990000,-10.570000
61966,,,,,,,,,,,,,,,,,,,,-0.603704,0.296371,-2.069692,,,,,,
61969,,,,,,,,,,,,,108.903900,108.501907,0.457457,0.478350,,,,,,,0.091805,0.032147,0.733952,-8.120000,32.549999,-9.520000
61974,,,,,,,,,,,,,,,,,,,,,,,0.091805,0.032147,0.733952,-2.730000,33.040001,-8.120000
61979,,,,,,,,,,,,,109.761192,108.873573,0.451448,0.477580,,,,,,,0.091805,0.032147,0.733952,-27.650000,37.450001,-7.770000
61981,,,,,,,,,,,,,,,,,,,,-0.612319,0.280003,-2.069808,,,,,,
61989,,,,,,,,,,,,,110.436905,109.690063,0.447188,0.472006,,,,-0.621056,0.263772,-2.066635,0.049349,-0.017568,0.827709,-13.300000,22.049999,-5.460000
61999,,,,,,,,,,,,,110.949211,110.320816,0.444524,0.468236,,,,,,,0.049349,-0.017568,0.827709,26.600000,-25.830000,1.750000
61997,,,,,,,,,,,,,,,,,,,,-0.629475,0.248106,-2.066646,,,,,,
62018,,,,-0.695254,0.212126,-2.050468,1.707033,0.215588,,,,,,,,,,,,,,,,,,,,
62020,,,,,,,,,,,124.412216,125.208809,,,,,0.063098,-0.040585,0.016960,,,,,,,,,
62021,,,,,,,,,,,,,111.471375,111.194290,0.448386,0.477129,,,,-0.646581,0.216378,-2.069796,,,,,,
62006,,,,,,,,,,,,,,,,,,,,-0.638161,0.232240,-2.066622,,,,,,
62024,,,,,,,,,,,,,,,,,,,,,,,0.049410,-0.042883,0.915549,-6.510000,-16.240000,-3.430000
62029,,,,,,,,,,,,,112.329636,112.096497,0.441963,0.470463,,,,,,,0.051667,0.000366,0.900360,-27.860001,24.080000,3.010000
62031,,,,,,,,,,,,,,,,,,,,-0.654990,0.200279,-2.072686,,,,,,
62034,,,,,,,,,,,,,,,,,,,,,,,0.051667,0.000366,0.900360,-7.980000,35.419998,5.530000
62039,,,,,,,,,,,,,,,0.441608,0.469930,,,,-0.663498,0.184027,-2.075494,0.053253,-0.022082,0.842288,24.780001,20.370001,1.190000
62040,,,,,,,,,,,,,112.599976,112.403809,,,,,,,,,,,,,,
62049,,,,,,,,,,,,,112.994446,113.382515,0.439877,0.462199,,,,,,,0.053253,-0.022082,0.842288,7.770000,-0.490000,10.780000
62047,,,,,,,,,,,,,,,,,,,,-0.672386,0.167447,-2.072616,,,,,,
62057,,,,-0.734832,0.135051,-2.039932,1.727915,0.211499,,,,,,,,,,,,,,,,,,,,
62059,,,,,,,,,,,123.521149,126.051033,,,,,0.058512,-0.039148,0.031942,,,,,,,,,
62060,,,,,,,,,,,,,113.644119,113.970634,0.425886,0.467362,,,,,,,,,,,,
62063,,,,,,,,,,,,,,,,,,,,,,,0.028182,-0.059719,0.989237,46.340000,-31.920000,16.309999
62062,,,,,,,,,,,,,,,,,,,,-0.681234,0.151087,-2.066614,,,,,,
62076,,,,,,,,,,,,,113.858276,114.470749,0.425668,0.464565,,,,,,,,,,,,
62069,,,,,,,,,,,,,,,,,,,,-0.690273,0.134854,-2.060165,,,,,,
62079,,,,,,,,,,,,,,,,,,,,,,,0.028182,-0.059719,0.989237,8.680000,-23.730000,21.840000
62077,,,,,,,,,,,,,,,,,,,,-0.698853,0.118630,-2.056891,,,,,,
62084,,,,,,,,,,,,,,,,,,,,,,,0.003599,0.014030,0.692228,-1.330000,16.590000,26.950001
62089,,,,,,,,,,,,,113.989502,115.313248,0.426287,0.458026,,,,,,,0.003599,0.014030,0.692228,5.460000,55.790001,33.950001
62092,,,,,,,,,,,,,,,,,,,,-0.707800,0.102112,-2.053563,,,,,,
62099,,,,,,,,,,,,,113.932655,115.046455,0.428877,0.463098,,,,,,,0.038430,0.045933,0.794342,-41.020000,61.669998,38.290001
62100,,,,,,,,,,,,,,,,,,,,-0.716916,0.085340,-2.050039,,,,,,
62107,,,,-0.773618,0.057522,-2.029376,1.735566,0.210422,,,,,,,,,,,,,,,,,,,,
62110,,,,,,,,,,,122.458008,123.923096,113.904106,115.342407,0.419882,0.439637,0.051051,-0.037450,0.021632,,,,,,,,,
62108,,,,,,,,,,,,,,,,,,,,-0.725528,0.068467,-2.042850,,,,,,
62121,,,,,,,,,,,,,113.741112,116.004372,0.423396,0.434391,,,,,,,,,,,,
62116,,,,,,,,,,,,,,,,,,,,-0.734260,0.051564,-2.033458,,,,,,
62124,,,,,,,,,,,,,,,,,,,,,,,0.038430,0.045933,0.794342,38.009998,28.700001,36.750000
62129,,,,,,,,,,,,,113.593338,116.775620,0.426782,0.427846,,,,,,,0.012627,0.077165,1.046577,-45.709999,17.780001,28.420000
62131,,,,,,,,,,,,,,,,,,,,-0.742336,0.035184,-2.033512,,,,,,
62134,,,,,,,,,,,,,,,,,,,,,,,-0.022570,0.119316,0.757010,-13.580000,4.830000,33.389999
62139,,,,,,,,,,,,,113.903130,116.580704,0.425337,0.431406,,,,-0.750634,0.018237,-2.033545,-0.022570,0.119316,0.757010,9.170000,-6.160000,35.349998
62149,,,,,,,,,,,,,114.304756,116.557663,0.422852,0.433181,,,,,,,-0.022570,0.119316,0.757010,1.470000,-7.630000,40.810001
62147,,,,,,,,,,,,,,,,,,,,-0.758497,0.001535,-2.030269,,,,,,
62157,,,,-0.811308,-0.019860,-2.018651,1.729842,0.212310,,,,,,,,,,,,,,,,,,,,
62159,,,,,,,,,,,120.339165,120.669678,,,,,0.042738,-0.037777,0.011605,,,,,,,,,
62160,,,,,,,,,,,,,114.346481,116.242081,0.401594,0.403501,,,,,,,,,,,,
62156,,,,,,,,,,,,,,,,,,,,-0.766674,-0.015309,-2.023850,,,,,,
62163,,,,,,,,,,,,,,,,,,,,,,,-0.050569,0.112606,0.995154,26.320000,-28.770000,36.189999
62175,,,,,,,,,,,,,113.960243,115.910179,0.406947,0.407950,,,,,,,,,,,,
62171,,,,,,,,,,,,,,,,,,,,-0.775065,-0.032102,-2.014178,,,,,,
62178,,,,,,,,,,,,,,,,,,,,,,,-0.050569,0.112606,0.995154,43.259998,-42.139999,25.059999
62179,,,,,,,,,,,,,,,,,,,,-0.783089,-0.048635,-2.014100,,,,,,
62183,,,,,,,,,,,,,,,,,,,,,,,-0.032147,0.027694,0.912926,-46.830002,-32.270000,19.180000
62188,,,,,,,,,,,,,,,,,,,,,,,-0.032147,0.027694,0.754692,0.350000,-35.630001,21.629999
62187,,,,,,,,,,,,,,,,,,,,-0.790655,-0.065672,-2.010620,,,,,,
62189,,,,,,,,,,,,,114.031143,115.671814,0.407522,0.411474,,,,,,,,,,,,
62199,,,,,,,,,,,,,113.821640,115.760719,0.411062,0.411570,,,,,,,-0.070821,0.133407,0.754692,-3.010000,-24.570000,15.120000
62201,,,,,,,,,,,,,,,,,,,,-0.798382,-0.082314,-1.999791,,,,,,
62207,,,,-0.847611,-0.096496,-2.007603,1.710871,0.217210,,,,,,,,,,,,,,,,,,,,
62209,,,,,,,,,,,117.588776,115.859367,,,,,0.033537,-0.038788,-0.006763,-0.806077,-0.099357,-2.000499,,,,,,
62210,,,,,,,,,,,,,113.663620,115.295158,0.384876,0.366430,,,,,,,,,,,,
62213,,,,,,,,,,,,,,,,,,,,,,,-0.059353,0.062891,0.722606,4.480000,74.199997,9.730000
62219,,,,,,,,,,,,,113.784096,114.571465,0.384414,0.374237,,,,,,,-0.059353,0.062891,0.722606,44.099998,74.550003,10.220000
62217,,,,,,,,,,,,,,,,,,,,-0.813781,-0.116151,-2.004250,,,,,,
62237,,,,,,,,,,,,,,,0.392444,0.383069,,,,,,,,,,,,
62238,,,,,,,,,,,,,113.102943,113.765442,,,,,,,,,,,,,,
62232,,,,,,,,,,,,,,,,,,,,-0.821838,-0.133296,-1.997828,,,,,,
62241,,,,,,,,,,,,,,,,,,,,,,,-0.050264,0.018605,0.918050,10.010000,74.620003,-18.270000
62240,,,,,,,,,,,,,,,,,,,,-0.829390,-0.150834,-1.998156,,,,,,
62246,,,,,,,,,,,,,,,,,,,,,,,-0.120170,0.049959,0.634400,-6.440000,80.010002,-20.860001
62249,,,,,,,,,,,,,112.535347,112.623299,0.399409,0.395641,,,,,,,,,,,,
62248,,,,,,,,,,,,,,,,,,,,-0.836700,-0.168197,-2.001616,,,,,,
62252,,,,,,,,,,,,,,,,,,,,,,,-0.120170,0.049959,0.634400,19.809999,76.930000,-22.680000
62257,,,,-0.882253,-0.171812,-1.996067,1.679050,0.225267,,,,,,,,,,,,,,,,,,,,
62259,,,,,,,,,,,111.844391,111.483803,,,,,0.022670,-0.039800,0.005410,,,,,,,,,
62260,,,,,,,,,,,,,112.120811,112.194817,0.343832,0.354377,,,,,,,,,,,,
62256,,,,,,,,,,,,,,,,,,,,-0.844340,-0.185449,-2.008258,,,,,,
62263,,,,,,,,,,,,,,,,,,,,,,,-0.120170,0.049959,0.634400,-7.070000,83.230003,-28.559999
62269,,,,,,,,,,,,,111.974510,111.448906,0.345329,0.362154,,,,,,,-0.163785,-0.050630,0.716506,-4.900000,81.550003,-26.040001
62271,,,,,,,,,,,,,,,,,,,,-0.852120,-0.202511,-2.011550,,,,,,
62279,,,,,,,,,,,,,110.688362,110.246117,0.358967,0.374941,,,,,,,-0.163785,-0.050630,0.716506,25.200001,96.529999,-27.580000
62278,,,,,,,,,,,,,,,,,,,,-0.859878,-0.219323,-2.037817,,,,,,
62296,,,,,,,,,,,,,110.156288,109.456810,0.364862,0.383586,,,,,,,,,,,,
62286,,,,,,,,,,,,,,,,,,,,-0.867765,-0.236149,-2.044336,,,,,,
62299,,,,,,,,,,,,,,,,,,,,,,,-0.218197,-0.101504,0.802882,-1.750000,-1.540000,-29.750000
62301,,,,,,,,,,,,,,,,,,,,-0.875132,-0.252275,-2.054105,,,,,,
62305,,,,,,,,,,,,,,,,,,,,,,,-0.212341,-0.068869,0.514535,19.040001,-14.070000,-13.790000
62307,,,,-0.914989,-0.245260,-1.983868,1.635031,0.236728,,,,,,,,,,,,,,,,,,,,
62309,,,,,,,,,,,102.701752,108.974487,,,,,0.012597,-0.038506,0.066359,-0.882507,-0.268049,-2.060688,,,,,,
62310,,,,,,,,,,,,,109.546837,108.958298,0.274548,0.362643,,,,,,,,,,,,
62315,,,,,,,,,,,,,,,,,,,,,,,-0.212341,-0.068869,0.514535,13.160000,-80.989998,-8.820000
62317,,,,,,,,,,,,,,,,,,,,-0.889690,-0.283290,-2.064135,,,,,,
62319,,,,,,,,,,,,,108.643700,108.736755,0.282718,0.365000,,,,,,,,,,,,
62320,,,,,,,,,,,,,,,,,,,,,,,-0.212341,-0.068869,0.514535,-7.630000,-86.379997,-1.680000
62328,,,,,,,,,,,,,,,,,,,,,,,-0.265289,-0.099003,0.795684,4.620000,-48.860001,24.780001
62329,,,,,,,,,,,,,107.865906,108.492645,0.289744,0.367643,,,,,,,,,,,,
62332,,,,,,,,,,,,,,,,,,,,-0.896673,-0.297889,-2.064086,,,,,,
62339,,,,,,,,,,,,,106.128532,107.753738,0.307128,0.375595,,,,,,,-0.265289,-0.099003,0.795684,18.200001,-24.360001,34.930000
62340,,,,,,,,,,,,,,,,,,,,-0.904087,-0.313198,-2.054230,,,,,,
62357,,,,-0.945599,-0.316335,-1.970801,1.579704,0.251957,,,,,,,,,,,,,,,,,,,,
62359,,,,,,,,,,,100.539482,108.477219,,,,,0.020553,-0.035170,0.081820,,,,,,,,,
62360,,,,,,,,,,,,,104.422729,107.382416,0.301564,0.374511,,,,,,,,,,,,
62348,,,,,,,,,,,,,,,,,,,,-0.911397,-0.328327,-2.047634,,,,,,
62363,,,,,,,,,,,,,,,,,,,,-0.918599,-0.343633,-2.037987,-0.229177,-0.099857,0.710650,3.920000,24.219999,81.550003
62369,,,,,,,,,,,,,102.463417,106.705956,0.321573,0.381926,,,,,,,-0.230336,0.089670,0.717360,15.050000,29.260000,85.330002
62371,,,,,,,,,,,,,,,,,,,,-0.925647,-0.358896,-2.028254,,,,,,
62374,,,,,,,,,,,,,,,,,,,,,,,-0.230336,0.089670,0.717360,-17.709999,31.570000,94.220001
62379,,,,,,,,,,,,,101.406738,106.061691,0.332399,0.389141,,,,-0.932695,-0.374310,-2.012018,-0.211914,0.175863,0.857233,-1.050000,41.299999,106.470001
62389,,,,,,,,,,,,,100.289688,105.869255,0.344087,0.391689,,,,,,,-0.211914,0.175863,0.857233,-25.900000,45.919998,115.639999
62387,,,,,,,,,,,,,,,,,,,,-0.939116,-0.389490,-2.002293,,,,,,
62398,,,,,,,,,,,,,,,,,,,,,,,-0.152378,0.188246,0.798490,19.879999,57.049999,123.339996
62399,,,,,,,,,,,,,99.169197,105.506668,0.356044,0.396084,,,,,,,,,,,,
62403,,,,,,,,,,,,,,,,,,,,-0.945511,-0.404734,-1.975612,,,,,,
62416,,,,,,,,,,,,,98.529793,105.502228,0.363123,0.396750,,,,,,,,,,,,
62419,,,,-0.973898,-0.384581,-1.956640,1.514173,0.271455,,,,,,,,,,,,,,,,,,,,
62421,,,,,,,,,,,92.386620,94.155876,98.443573,106.382263,0.277834,0.235856,-0.005821,-0.033885,0.020011,,,,,,,,,
62418,,,,,,,,,,,,,,,,,,,,-0.957958,-0.436240,-1.925497,,,,,,
62424,,,,,,,,,,,,,,,,,,,,,,,-0.152378,0.188246,0.798490,-11.060000,-18.969999,119.839996
62426,,,,,,,,,,,,,,,,,,,,-0.963233,-0.451625,-1.901748,,,,,,
62429,,,,,,,,,,,,,,,,,,,,,,,-0.201544,0.320860,1.040416,-24.850000,-29.610001,115.989998
62430,,,,,,,,,,,,,97.097351,105.073959,0.290876,0.247209,,,,,,,,,,,,
62434,,,,,,,,,,,,,,,,,,,,,,,-0.104859,0.315614,0.785741,-21.000000,-30.450001,116.550003
62439,,,,,,,,,,,,,,,0.305980,0.262659,,,,,,,-0.104859,0.315614,0.785741,-30.799999,-25.129999,102.760002
62440,,,,,,,,,,,,,95.583443,103.405815,,,,,,,,,,,,,,
62441,,,,,,,,,,,,,,,,,,,,-0.967875,-0.466706,-1.884422,,,,,,
62458,,,,-0.999738,-0.449599,-1.941116,1.439721,0.295886,,,,,,,,,,,,,,,,,,,,
62460,,,,,,,,,,,90.642166,85.449211,94.511261,101.358803,0.298171,0.189973,-0.007381,-0.035416,-0.055031,,,,,,,,,
62457,,,,,,,,,,,,,,,,,,,,-0.976923,-0.497146,-1.866807,,,,,,
62464,,,,,,,,,,,,,,,,,,,,,,,-0.104859,0.315614,0.785741,24.709999,45.220001,30.940001
62469,,,,,,,,,,,,,93.949936,98.509102,0.303329,0.216936,,,,,,,-0.315553,0.305610,0.634522,-31.990000,21.770000,19.389999
62471,,,,,,,,,,,,,,,,,,,,-0.981244,-0.512325,-1.859300,,,,,,
62474,,,,,,,,,,,,,,,,,,,,,,,-0.309758,0.161772,0.639036,-5.110000,5.320000,1.540000
62479,,,,,,,,,,,,,,,,,,,,-0.985151,-0.526820,-1.855761,-0.309758,0.161772,0.639036,17.850000,-15.470000,-13.510000
62480,,,,,,,,,,,,,92.809914,95.587494,0.314752,0.245258,,,,,,,,,,,,
62489,,,,,,,,,,,,,92.408279,93.027168,0.318568,0.270349,,,,,,,-0.309758,0.161772,0.639036,-9.800000,-29.750000,-55.860001
62487,,,,,,,,,,,,,,,,,,,,-0.988885,-0.541018,-1.852925,,,,,,
62495,,,,,,,,,,,,,,,,,,,,-0.992512,-0.554606,-1.863626,,,,,,
62499,,,,,,,,,,,,,92.515511,91.395889,0.317061,0.286102,,,,,,,-0.348005,0.073017,0.461282,20.020000,-31.080000,-79.730003
62507,,,,-1.023008,-0.511054,-1.923912,1.357782,0.326116,,,,,,,,,,,,,,,,,,,,
62509,,,,,,,,,,,78.706558,73.572212,,,,,-0.031358,-0.041535,-0.057553,,,,,,,,,
62510,,,,,,,,,,,,,92.419220,89.915382,0.190878,0.174401,,,,,,,,,,,,
62520,,,,,,,,,,,,,91.276337,87.610207,0.200164,0.195488,,,,,,,,,,,,
62518,,,,,,,,,,,,,,,,,,,,-0.999535,-0.580871,-1.901284,,,,,,
62524,,,,,,,,,,,,,,,,,,,,,,,-0.348005,0.073017,0.522282,-11.060000,-23.309999,-107.519997
62526,,,,,,,,,,,,,,,,,,,,-1.003235,-0.593952,-1.918227,,,,,,
62529,,,,,,,,,,,,,89.702309,84.774429,0.214269,0.222694,,,,,,,-0.264618,-0.210694,0.713578,17.080000,22.959999,-92.889999
62534,,,,,,,,,,,,,,,,,,,,,,,-0.264618,-0.210694,0.713578,30.940001,40.180000,-90.650002
62539,,,,,,,,,,,,,87.594833,82.897636,0.234371,0.240301,,,,,,,-0.264618,-0.210694,0.713578,46.480000,52.849998,-96.040001
62540,,,,,,,,,,,,,,,,,,,,-1.007659,-0.607451,-1.924268,,,,,,
62549,,,,,,,,,,,,,85.740013,81.240623,0.252226,0.255964,,,,,,,-0.457622,-0.210084,0.626470,17.430000,1.680000,-97.510002
62548,,,,,,,,,,,,,,,,,,,,-1.011931,-0.620544,-1.913756,,,,,,
62557,,,,-1.043637,-0.568675,-1.904651,1.269895,0.363261,,,,,,,,,,,,,,,,,,,,
62559,,,,,,,,,,,68.549179,69.283463,,,,,-0.037918,-0.047071,0.008608,,,,,,,,,
62560,,,,,,,,,,,,,84.505905,79.689766,0.155951,0.225276,,,,,,,,,,,,
62556,,,,,,,,,,,,,,,,,,,,-1.016084,-0.632774,-1.924047,,,,,,
62563,,,,,,,,,,,,,,,,,,,,,,,-0.457622,-0.210084,0.626470,23.379999,12.250000,-86.870003
62576,,,,,,,,,,,,,82.539711,78.151039,0.173518,0.239457,,,,,,,,,,,,
62571,,,,,,,,,,,,,,,,,,,,-1.020152,-0.644161,-1.944247,,,,,,
62579,,,,,,,,,,,,,,,,,,,,-1.024198,-0.654877,-1.988333,-0.260958,-0.185196,0.457683,-8.960000,17.290001,-41.650002
62584,,,,,,,,,,,,,,,,,,,,,,,-0.260958,-0.204167,0.890356,-13.860000,25.340000,-36.189999
62589,,,,,,,,,,,,,,,,,,,,,,,-0.421022,-0.204167,0.890356,-24.990000,28.420000,-17.920000
62590,,,,,,,,,,,,,80.201965,76.509338,0.195442,0.255053,,,,,,,,,,,,
62587,,,,,,,,,,,,,,,,,,,,-1.028779,-0.666254,-1.995041,,,,,,
62599,,,,,,,,,,,,,77.462769,75.530006,0.222118,0.263953,,,,,,,-0.421022,-0.204167,0.890356,10.010000,10.920000,11.410000
62602,,,,,,,,,,,,,,,,,,,,-1.033113,-0.677437,-1.997902,,,,,,
62607,,,,-1.061595,-0.622264,-1.882868,1.177672,0.408754,,,,,,,,,,,,,,,,,,,,
62610,,,,,,,,,,,58.126244,66.827652,75.806839,74.686790,0.127111,0.245518,-0.038693,-0.048543,0.109430,-1.037272,-0.688022,-1.994911,,,,,,
62613,,,,,,,,,,,,,,,,,,,,,,,-0.394731,-0.092110,0.727730,-17.500000,-20.160000,40.599998
62618,,,,,,,,,,,,,,,,,,,,-1.041277,-0.698303,-1.981916,-0.394731,-0.092110,0.727730,8.890000,-28.910000,53.270000
62619,,,,,,,,,,,,,73.329926,74.177406,0.149745,0.249293,,,,,,,,,,,,
62636,,,,,,,,,,,,,70.911034,73.529877,0.172279,0.254642,,,,,,,,,,,,
62632,,,,,,,,,,,,,,,,,,,,-1.045450,-0.708340,-1.978459,,,,,,
62640,,,,,,,,,,,,,,,,,,,,-1.049161,-0.718580,-1.958868,-0.289994,-0.011895,0.685152,-1.190000,-0.350000,117.180000
62645,,,,,,,,,,,,,,,,,,,,,,,-0.393145,0.109617,0.866078,-11.200000,7.280000,126.419998
62649,,,,,,,,,,,,,68.235291,72.581474,0.198045,0.263322,,,,,,,,,,,,
62650,,,,,,,,,,,,,,,,,,,,,,,-0.393145,0.109617,0.866078,-16.730000,7.070000,133.979996
62648,,,,,,,,,,,,,,,,,,,,-1.053029,-0.729053,-1.925061,,,,,,
62657,,,,-1.076890,-0.671689,-1.857999,1.082748,0.464428,,,,,,,,,,,,-1.056800,-0.739750,-1.890227,,,,,,
62659,,,,,,,,,,,51.938194,57.832874,,,,,-0.045494,-0.042233,0.069326,,,,,,,,,
62660,,,,,,,,,,,,,66.314354,72.065628,0.150601,0.172035,,,,,,,,,,,,
62663,,,,,,,,,,,,,,,,,,,,,,,-0.393145,0.109617,0.866078,-26.110001,-3.430000,158.479996
62668,,,,,,,,,,,,,,,,,,,,,,,-0.256871,0.206729,0.662765,-29.680000,-10.500000,155.330002
62669,,,,,,,,,,,,,63.820892,71.525726,0.174099,0.174806,,,,,,,,,,,,
62672,,,,,,,,,,,,,,,,,,,,-1.060012,-0.749871,-1.859221,,,,,,
62679,,,,,,,,,,,,,61.953712,70.087524,0.191462,0.187234,,,,-1.062466,-0.759267,-1.849033,-0.256871,0.265228,0.826428,-31.080000,-24.430000,145.669998
62697,,,,,,,,,,,,,60.314098,68.417313,0.206796,0.202427,,,,,,,,,,,,
62688,,,,,,,,,,,,,,,,,,,,-1.065055,-0.768349,-1.831307,,,,,,
62696,,,,,,,,,,,,,,,,,,,,-1.067168,-0.777554,-1.810501,,,,,,
62700,,,,,,,,,,,,,,,,,,,,,,,-0.324154,0.265228,0.826428,-9.450000,-18.549999,122.989998
62705,,,,,,,,,,,,,,,,,,,,,,,-0.340319,0.231007,0.679357,2.800000,-28.070000,108.080002
62707,,,,-1.089568,-0.716888,-1.829350,0.986753,0.532615,,,,,,,,,,,,,,,,,,,,
62709,,,,,,,,,,,46.380272,47.119492,59.157558,67.236992,0.158287,0.098933,-0.053550,-0.036197,-0.015338,,,,,,,,,
62710,,,,,,,,,,,,,,,,,,,,-1.069138,-0.786615,-1.796181,,,,,,
62714,,,,,,,,,,,,,,,,,,,,,,,-0.340319,0.231007,0.679357,7.840000,-15.820000,95.480003
62719,,,,,,,,,,,,,,,,,,,,,,,-0.237717,0.203618,0.700341,12.600000,-6.230000,85.540001
62720,,,,,,,,,,,,,57.480442,64.828850,0.173444,0.120329,,,,,,,,,,,,
62718,,,,,,,,,,,,,,,,,,,,-1.071126,-0.795352,-1.785340,,,,,,
62726,,,,,,,,,,,,,,,,,,,,-1.072882,-0.804928,-1.749706,,,,,,
62729,,,,,,,,,,,,,56.297028,63.046619,0.183705,0.135575,,,,,,,-0.237717,0.203618,0.700341,-9.800000,27.090000,41.439999
62739,,,,,,,,,,,,,55.562679,60.695496,0.189442,0.157238,,,,,,,-0.383873,0.145973,0.895602,-11.900000,19.670000,10.640000
62741,,,,,,,,,,,,,,,,,,,,-1.074138,-0.813836,-1.732270,,,,,,
62756,,,,,,,,,,,,,54.379757,58.698509,0.200097,0.175628,,,,,,,,,,,,
62749,,,,,,,,,,,,,,,,,,,,-1.075420,-0.822203,-1.732484,,,,,,
62758,,,,-1.099711,-0.757864,-1.796054,0.891267,0.616267,,,,,,,,,,,,,,,,,,,,
62760,,,,,,,,,,,39.574745,38.439957,,,,,-0.059443,-0.034386,-0.060085,,,,,,,,,
62757,,,,,,,,,,,,,,,,,,,,-1.076374,-0.829832,-1.732177,,,,,,
62763,,,,,,,,,,,,,,,,,,,,,,,-0.383873,0.145973,0.895602,3.150000,1.540000,-31.639999
62768,,,,,,,,,,,,,,,,,,,,,,,-0.297253,0.056852,0.761341,-4.060000,-11.270000,-38.500000
62769,,,,,,,,,,,,,53.896061,56.672916,0.131261,0.102517,,,,,,,,,,,,
62773,,,,,,,,,,,,,,,,,,,,,,,-0.241865,0.008845,0.971547,10.780000,-7.280000,-39.340000
62772,,,,,,,,,,,,,,,,,,,,-1.077524,-0.837693,-1.735091,,,,,,
62779,,,,,,,,,,,,,52.997753,54.241394,0.137822,0.124554,,,,-1.078684,-0.846307,-1.716622,-0.241865,0.008845,0.971547,13.930000,-2.170000,-40.320000
62788,,,,,,,,,,,,,,,,,,,,-1.080403,-0.852922,-1.761772,-0.241865,0.008845,0.971547,-6.930000,14.070000,-57.189999
62789,,,,,,,,,,,,,51.719833,52.217960,0.148604,0.142761,,,,,,,,,,,,
62799,,,,,,,,,,,,,50.600372,50.474625,0.157968,0.158413,,,,,,,-0.278648,-0.054412,0.862296,-1.330000,41.299999,-59.220001
62796,,,,,,,,,,,,,,,,,,,,-1.081960,-0.859973,-1.803424,,,,,,
62818,,,,-1.107430,-0.794682,-1.757048,0.797790,0.719077,,,,,,,,,,,,,,,,,,,,
62820,,,,,,,,,,,31.111221,36.089127,49.525448,48.904808,0.077167,0.147608,-0.058045,-0.039512,0.040812,,,,,,,,,
62819,,,,,,,,,,,,,,,,,,,,-1.085273,-0.874435,-1.814179,,,,,,
62824,,,,,,,,,,,,,,,,,,,,,,,-0.278648,-0.054412,0.862296,22.469999,-7.700000,-46.619999
62829,,,,,,,,,,,,,48.452065,47.313370,0.084735,0.161847,,,,,,,-0.373747,-0.102663,0.883341,6.440000,-34.580002,-34.230000
62827,,,,,,,,,,,,,,,,,,,,-1.086113,-0.881028,-1.824929,,,,,,
62834,,,,,,,,,,,,,,,,,,,,,,,-0.261568,-0.044835,0.883341,12.110000,-37.029999,-30.940001
62839,,,,,,,,,,,,,46.859886,46.455639,0.098039,0.168622,,,,,,,-0.261568,-0.044835,0.883341,-4.270000,-19.600000,-15.680000
62842,,,,,,,,,,,,,,,,,,,,-1.087316,-0.887209,-1.828461,,,,,,
62849,,,,,,,,,,,,,44.961876,45.175140,0.114925,0.180067,,,,-1.088436,-0.893833,-1.828323,-0.330803,-0.054412,0.945012,11.060000,14.420000,22.610001
62857,,,,-1.112867,-0.827460,-1.711016,0.707717,0.845562,,,,,,,,,,,,,,,,,,,,
62859,,,,,,,,,,,23.206575,32.105049,,,,,-0.058215,-0.040261,0.114582,,,,,,,,,
62860,,,,,,,,,,,,,43.095764,44.328175,0.047880,0.144843,,,,,,,,,,,,
62858,,,,,,,,,,,,,,,,,,,,-1.089649,-0.900708,-1.803965,,,,,,
62863,,,,,,,,,,,,,,,,,,,,,,,-0.330803,-0.054412,0.945012,-12.460000,11.760000,60.689999
62876,,,,,,,,,,,,,40.994457,43.722012,0.066063,0.148737,,,,,,,,,,,,
62866,,,,,,,,,,,,,,,,,,,,-1.090779,-0.907161,-1.792936,,,,,,
62879,,,,,,,,,,,,,,,,,,,,,,,-0.280722,0.012505,0.927200,-8.330000,-3.080000,112.279999
62880,,,,,,,,,,,,,,,,,,,,-1.092140,-0.912979,-1.770895,,,,,,
62885,,,,,,,,,,,,,,,,,,,,,,,-0.280722,0.012505,0.927200,-29.260000,15.050000,127.400002
62889,,,,,,,,,,,,,38.574764,43.318947,0.088066,0.150599,,,,-1.093416,-0.919511,-1.738155,,,,,,
62890,,,,,,,,,,,,,,,,,,,,,,,-0.374357,0.101870,0.829234,-10.080000,24.430000,136.080002
62899,,,,,,,,,,,,,36.769588,42.378639,0.104044,0.158254,,,,,,,-0.374357,0.101870,0.829234,-14.980000,-3.150000,153.720001
62896,,,,,,,,,,,,,,,,,,,,-1.094599,-0.925796,-1.698253,,,,,,
62907,,,,-1.116186,-0.856365,-1.656368,0.622310,1.001017,,,,,,,,,,,,,,,,,,,,
62909,,,,,,,,,,,17.020678,23.762939,,,0.057768,0.070857,-0.065853,-0.030564,0.048217,,,,,,,,,
62910,,,,,,,,,,,,,34.673157,42.060635,,,,,,,,,,,,,,
62926,,,,,,,,,,,,,32.562981,40.812199,0.076511,0.080310,,,,,,,,,,,,
62911,,,,,,,,,,,,,,,,,,,,-1.095609,-0.931400,-1.664839,,,,,,
62929,,,,,,,,,,,,,,,,,,,,,,,-0.343064,0.117974,0.872971,-23.309999,-25.549999,155.820007
62927,,,,,,,,,,,,,,,,,,,,-1.095640,-0.941430,-1.619211,,,,,,
62934,,,,,,,,,,,,,,,,,,,,,,,-0.250893,0.172569,0.929457,-6.510000,27.860001,150.500000
62939,,,,,,,,,,,,,,,0.094488,0.090838,,,,,,,-0.250893,0.172569,0.929457,-15.820000,44.869999,148.259995
62940,,,,,,,,,,,,,30.566278,39.487038,,,,,,,,,,,,,,
62941,,,,,,,,,,,,,,,,,,,,-1.096260,-0.946677,-1.584411,,,,,,
62944,,,,,,,,,,,,,,,,,,,,,,,-0.418582,0.110959,1.008330,-22.400000,33.389999,141.119995
62949,,,,,,,,,,,,,,,,,,,,-1.096379,-0.951590,-1.556545,-0.418582,0.110959,1.008330,-15.610000,7.980000,122.570000
62950,,,,,,,,,,,,,28.941565,38.059044,0.108929,0.102734,,,,,,,,,,,,
62957,,,,-1.117569,-0.881606,-1.591236,0.542689,1.191152,,,,,,,,,,,,,,,,,,,,
62959,,,,,,,,,,,11.672043,16.718830,,,0.062792,0.041588,-0.070231,-0.020514,-0.029344,,,,,,,,,
62960,,,,,,,,,,,,,27.701433,36.489548,,,,,,,,,,,,,,
62958,,,,,,,,,,,,,,,,,,,,-1.096038,-0.955788,-1.541315,,,,,,
62963,,,,,,,,,,,,,,,,,,,,,,,-0.418582,0.110959,1.008330,-11.970000,-20.719999,102.059998
62976,,,,,,,,,,,,,25.969646,34.694798,0.077853,0.056538,,,,,,,,,,,,
62966,,,,,,,,,,,,,,,,,,,,-1.095610,-0.959757,-1.526054,,,,,,
62979,,,,,,,,,,,,,,,,,,,,,,,-0.320372,0.097661,0.895419,-17.500000,7.980000,56.209999
62981,,,,,,,,,,,,,,,,,,,,-1.095661,-0.963752,-1.510456,,,,,,
62985,,,,,,,,,,,,,,,,,,,,,,,-0.270962,0.054717,1.046028,-0.910000,28.980000,48.299999
62989,,,,,,,,,,,,,24.760185,32.517143,0.087725,0.075931,,,,-1.095427,-0.967621,-1.499055,,,,,,
62990,,,,,,,,,,,,,,,,,,,,,,,-0.270962,0.054717,1.046028,-10.080000,38.849998,44.310001
62999,,,,,,,,,,,,,23.565769,30.638983,0.097689,0.092595,,,,,,,-0.270962,0.054717,0.996496,-9.100000,0.350000,28.490000
62998,,,,,,,,,,,,,,,,,,,,-1.095085,-0.971229,-1.491621,,,,,,
63007,,,,-1.117213,-0.903422,-1.513565,0.469812,1.421021,,,,,,,,,,,,,,,,,,,,
63009,,,,,,,,,,,6.452429,13.225942,,,0.045813,0.070562,-0.069504,-0.016674,-0.021537,,,,,,,,,
63010,,,,,,,,,,,,,22.995411,28.946812,,,,,,,,,,,,,,
63006,,,,,,,,,,,,,,,,,,,,-1.094747,-0.974349,-1.487846,,,,,,
63013,,,,,,,,,,,,,,,,,,,,,,,-0.365329,0.027084,0.996496,-10.850000,-28.629999,13.790000
63018,,,,,,,,,,,,,,,,,,,,,,,-0.205204,0.022936,0.944463,-4.970000,-30.660000,12.250000
63019,,,,,,,,,,,,,22.190123,27.197630,0.050922,0.085872,,,,,,,,,,,,
63020,,,,,,,,,,,,,,,,,,,,-1.094362,-0.977067,-1.483934,,,,,,
63036,,,,,,,,,,,,,20.986986,25.862078,0.060427,0.097152,,,,,,,,,,,,
63029,,,,,,,,,,,,,,,,,,,,-1.094031,-0.979716,-1.487590,,,,,,
63037,,,,,,,,,,,,,,,,,,,,-1.093792,-0.982515,-1.483836,,,,,,
63039,,,,,,,,,,,,,,,,,,,,,,,-0.205204,0.022936,0.944463,-5.040000,10.220000,26.879999
63044,,,,,,,,,,,,,,,,,,,,,,,-0.264069,0.007015,1.048529,-13.370000,22.049999,31.780001
63049,,,,,,,,,,,,,19.645977,24.542889,0.071647,0.108536,,,,,,,-0.264069,0.007015,1.048529,-8.260000,23.170000,40.110001
63051,,,,,,,,,,,,,,,,,,,,-1.093342,-0.985269,-1.480480,,,,,,
63057,,,,-1.115325,-0.922078,-1.421358,0.404467,1.692648,,,,,,,,,,,,,,,,,,,,
63059,,,,,,,,,,,1.694317,12.114289,18.725639,23.394779,0.028122,0.106565,-0.065267,-0.015978,0.056291,,,,,,,,,
63062,,,,,,,,,,,,,,,,,,,,,,,-0.196359,-0.041114,0.998082,-1.820000,4.410000,54.740002
63060,,,,,,,,,,,,,,,,,,,,-1.092981,-0.988043,-1.477219,,,,,,
63068,,,,,,,,,,,,,,,,,,,,,,,-0.196359,-0.041114,0.998082,-3.920000,-18.830000,64.959999
63069,,,,,,,,,,,,,17.445829,22.501162,0.038172,0.113710,,,,,,,,,,,,
63067,,,,,,,,,,,,,,,,,,,,-1.092922,-0.990566,-1.465779,,,,,,
63076,,,,,,,,,,,,,,,,,,,,-1.092559,-0.992941,-1.454460,,,,,,
63079,,,,,,,,,,,,,15.770187,22.206282,0.052694,0.114679,,,,,,,-0.188002,0.024522,0.970205,-2.030000,-14.840000,80.360001
63096,,,,,,,,,,,,,14.924280,21.994856,0.058750,0.114823,,,,,,,,,,,,
63091,,,,,,,,,,,,,,,,,,,,-1.092370,-0.995231,-1.439845,,,,,,
63099,,,,,,,,,,,,,,,,,,,,-1.091763,-0.997330,-1.429086,-0.188002,0.024522,0.970205,-18.059999,-10.850000,124.599998
63104,,,,,,,,,,,,,,,,,,,,,,,-0.188673,0.048434,1.018456,-13.020000,-11.200000,130.130005
63107,,,,-1.112113,-0.937855,-1.313211,0.347251,2.000611,,,,,,,,,,,,-1.091198,-0.999778,-1.403726,,,,,,
63109,,,,,,,,,,,-2.496352,10.764410,,,,,-0.062009,-0.011645,0.114464,,,,,,,,,
63110,,,,,,,,,,,,,13.725250,21.621037,0.024207,0.102394,,,,,,,,,,,,
63114,,,,,,,,,,,,,,,,,,,,,,,-0.188673,0.048434,1.018456,-16.590000,-15.260000,131.039993
63119,,,,,,,,,,,,,12.710487,21.097097,0.031609,0.105699,,,,,,,-0.119255,0.046238,0.999302,-14.840000,-16.520000,133.559998
63122,,,,,,,,,,,,,,,,,,,,-1.090520,-1.001773,-1.385447,,,,,,
63129,,,,,,,,,,,,,11.244591,21.051023,0.044017,0.104036,,,,,,,-0.119255,0.046238,0.999302,-19.040001,-14.700000,149.869995
63130,,,,,,,,,,,,,,,,,,,,-1.089800,-1.003717,-1.375577,,,,,,
63139,,,,,,,,,,,,,10.553123,20.988104,0.048501,0.102561,,,,,,,-0.170190,0.064660,1.046150,-15.330000,6.790000,171.080002
63138,,,,,,,,,,,,,,,,,,,,-1.089277,-1.005795,-1.350072,,,,,,
63156,,,,,,,,,,,,,9.533935,20.932079,0.056611,0.101027,,,,,,,,,,,,
63158,,,,-1.107789,-0.951044,-1.189169,0.298538,2.325523,,,,,,,,,,,,,,,,,,,,
63160,,,,,,,,,,,-5.610718,9.966816,,,,,-0.057789,-0.005863,0.158570,-1.086643,-1.009364,-1.294895,,,,,,
63146,,,,,,,,,,,,,,,,,,,,-1.087908,-1.007586,-1.326148,,,,,,
63163,,,,,,,,,,,,,,,,,,,,,,,-0.170190,0.064660,1.046150,-14.560000,1.190000,174.509995
63168,,,,,,,,,,,,,,,,,,,,-1.085782,-1.010400,-1.284531,-0.158234,0.002501,1.065731,-24.150000,-2.100000,181.580002
63169,,,,,,,,,,,,,8.434290,20.499321,0.032698,0.095032,,,,,,,,,,,,
63173,,,,,,,,,,,,,,,,,,,,,,,-0.183305,0.098271,1.065731,-22.750000,4.900000,196.279999
63178,,,,,,,,,,,,,,,,,,,,,,,-0.183305,0.098271,1.065731,-25.969999,5.460000,200.410004
63176,,,,,,,,,,,,,,,,,,,,-1.085068,-1.012240,-1.256768,,,,,,
63179,,,,,,,,,,,,,7.646266,20.546057,0.038145,0.092341,,,,,,,,,,,,
63188,,,,,,,,,,,,,,,,,,,,,,,-0.158844,0.022448,0.974780,-20.650000,-4.690000,198.029999
63189,,,,,,,,,,,,,6.433567,20.021648,0.048268,0.095709,,,,,,,,,,,,
63191,,,,,,,,,,,,,,,,,,,,-1.084403,-1.013970,-1.217585,,,,,,
63198,,,,,,,,,,,,,,,,,,,,-1.083258,-1.015433,-1.187453,-0.158844,0.022448,0.974780,-24.709999,-13.370000,193.759995
63199,,,,,,,,,,,,,5.961198,19.586189,0.050778,0.098241,,,,,,,,,,,,
63218,,,,-1.102557,-0.961934,-1.051748,0.258409,2.627977,,,,,,,,,,,,,,,,,,,,
63220,,,,,,,,,,,-8.245469,8.300216,5.275107,19.332729,0.027662,0.081222,-0.056777,0.002205,0.138582,,,,,,,,,
63206,,,,,,,,,,,,,,,,,,,,-1.082246,-1.016804,-1.150693,,,,,,
63223,,,,,,,,,,,,,,,,,,,,,,,-0.152378,0.075091,1.045784,-25.200001,-16.870001,187.949997
63221,,,,,,,,,,,,,,,,,,,,-1.080282,-1.019014,-1.083007,,,,,,
63228,,,,,,,,,,,,,,,,,,,,-1.078956,-1.020460,-1.037213,-0.124501,0.014701,0.973194,-17.150000,-17.639999,187.389999
63229,,,,,,,,,,,,,4.438474,19.330952,0.033735,0.078943,,,,,,,,,,,,
63233,,,,,,,,,,,,,,,,,,,,,,,-0.124501,0.014701,0.973194,-16.730000,-17.990000,186.619995
63238,,,,,,,,,,,,,,,,,,,,,,,-0.124501,0.014701,0.973194,-15.610000,-18.830000,186.199997
63236,,,,,,,,,,,,,,,,,,,,-1.078219,-1.021793,-1.008489,,,,,,
63239,,,,,,,,,,,,,3.734532,18.465012,0.038572,0.085845,,,,,,,,,,,,
63249,,,,,,,,,,,,,3.142234,18.280579,0.042369,0.085687,,,,,,,-0.139141,0.033123,1.019310,-17.080000,-13.300000,175.699997
63252,,,,,,,,,,,,,,,,,,,,-1.077040,-1.023062,-0.974013,,,,,,
63257,,,,-1.096614,-0.970810,-0.906469,0.226567,2.850238,,,,,,,,,,,,,,,,,,,,
63259,,,,,,,,,,,-9.417706,7.176950,2.643876,18.049820,0.032837,0.074125,-0.054182,0.013020,0.073950,,,,,,,,,
63260,,,,,,,,,,,,,,,,,,,,-1.076256,-1.024448,-0.948924,,,,,,
63262,,,,,,,,,,,,,,,,,,,,,,,-0.139141,0.033123,1.019310,-15.960000,-9.800000,166.880005
63276,,,,,,,,,,,,,2.224556,17.541679,0.034779,0.077259,,,,-1.073731,-1.026655,-0.896870,,,,,,
63268,,,,,,,,,,,,,,,,,,,,-1.074827,-1.025574,-0.924571,,,,,,
63279,,,,,,,,,,,,,,,,,,,,,,,-0.142008,0.044286,1.011441,-15.540000,-3.360000,168.000000
63284,,,,,,,,,,,,,,,,,,,,,,,-0.156343,0.021167,1.026874,-19.180000,-0.490000,159.529999
63289,,,,,,,,,,,,,1.871742,17.162140,0.036102,0.079132,,,,,,,-0.156343,0.021167,1.026874,-16.870001,-2.870000,154.910004
63291,,,,,,,,,,,,,,,,,,,,-1.072959,-1.027672,-0.875272,,,,,,
63299,,,,,,,,,,,,,1.574883,16.672186,0.036904,0.082258,,,,-1.072120,-1.028741,-0.857477,-0.156343,0.021167,1.026874,-19.530001,-5.250000,146.649994
63307,,,,-1.090147,-0.977947,-0.761146,0.202254,2.934141,,,,,,,,,,,,,,,,,,,,
63309,,,,,,,,,,,-10.144090,7.095837,1.325106,16.153021,0.029550,0.084934,-0.050145,0.019724,0.094933,,,,,,,,,
63308,,,,,,,,,,,,,,,,,,,,-1.071395,-1.029521,-0.835971,,,,,,
63321,,,,,,,,,,,,,1.114944,15.447599,0.029394,0.090542,,,,,,,,,,,,
63316,,,,,,,,,,,,,,,,,,,,-1.070379,-1.030089,-0.814971,,,,,,
63325,,,,,,,,,,,,,,,,,,,,,,,-0.119682,0.035258,1.008757,-14.070000,-4.760000,140.770004
63329,,,,,,,,,,,,,,,,,,,,,,,-0.120292,-0.004026,1.000156,-10.780000,-9.100000,138.740005
63330,,,,,,,,,,,,,0.938114,15.579911,0.028927,0.087396,,,,-1.069438,-1.029774,-0.795258,,,,,,
63335,,,,,,,,,,,,,,,,,,,,,,,-0.120292,-0.004026,1.000156,-11.340000,-11.130000,136.429993
63339,,,,,,,,,,,,,0.789329,15.449043,0.028199,0.087019,,,,,,,,,,,,
63340,,,,,,,,,,,,,,,,,,,,,,,-0.104981,0.013786,1.018456,-10.920000,-12.950000,134.679993
63338,,,,,,,,,,,,,,,,,,,,-1.068459,-1.030382,-0.773665,,,,,,
63345,,,,,,,,,,,,,,,,,,,,-1.067498,-1.030833,-0.755360,,,,,,
63349,,,,,,,,,,,,,0.664141,15.193677,0.027251,0.087992,,,,,,,-0.104981,0.013786,1.018456,-11.620000,-15.470000,132.649994
63357,,,,-1.083328,-0.983602,-0.623846,0.184254,2.851066,,,,,,,,,,,,,,,,,,,,
63359,,,,,,,,,,,-9.493370,7.600657,0.558808,14.927406,0.033033,0.094498,-0.043961,0.023819,0.128691,,,,,,,,,
63362,,,,,,,,,,,,,,,,,,,,,,,-0.094245,0.012383,1.019249,-10.780000,-28.559999,140.419998
63360,,,,,,,,,,,,,,,,,,,,-1.066428,-1.031143,-0.731404,,,,,,
63376,,,,,,,,,,,,,,,0.031880,0.097796,,,,-1.064977,-1.032085,-0.687003,,,,,,
63377,,,,,,,,,,,,,0.470181,14.473392,,,,,,,,,,,,,,
63368,,,,,,,,,,,,,,,,,,,,-1.065674,-1.031880,-0.710951,,,,,,
63379,,,,,,,,,,,,,,,,,,,,,,,-0.094245,0.012383,1.019249,-11.970000,-40.320000,137.899994
63384,,,,,,,,,,,,,,,,,,,,,,,-0.087169,0.015006,1.022482,-10.430000,-45.570000,142.380005
63389,,,,,,,,,,,,,0.395611,14.299562,0.030597,0.098211,,,,,,,-0.087169,0.015006,1.022482,-9.660000,-49.560001,144.479996
63391,,,,,,,,,,,,,,,,,,,,-1.064290,-1.032186,-0.663442,,,,,,
63398,,,,,,,,,,,,,,,,,,,,,,,-0.065575,0.011651,1.017053,-8.330000,-58.029999,146.369995
63399,,,,,,,,,,,,,0.332867,14.282991,0.029203,0.096991,,,,-1.063499,-1.032637,-0.638019,,,,,,
63407,,,,-1.076315,-0.988014,-0.500678,0.171039,2.620200,,,,,,,,,,,,-1.062657,-1.032757,-0.600888,,,,,,
63409,,,,,,,,,,,-7.723961,8.108458,0.280074,14.152543,0.046517,0.102380,-0.036976,0.028374,0.136126,,,,,,,,,
63420,,,,,,,,,,,,,0.235654,13.905172,0.045321,0.103750,,,,,,,,,,,,
63423,,,,,,,,,,,,,,,,,,,,,,,-0.065575,0.011651,1.017053,-6.720000,-70.699997,146.509995
63422,,,,,,,,,,,,,,,,,,,,-1.061817,-1.032802,-0.569222,,,,,,
63428,,,,,,,,,,,,,,,,,,,,,,,-0.047885,0.011956,1.029497,-5.880000,-19.040001,144.830002
63429,,,,,,,,,,,,,0.198279,13.579490,0.044060,0.106002,,,,,,,,,,,,
63430,,,,,,,,,,,,,,,,,,,,-1.061180,-1.032909,-0.546198,,,,,,
63434,,,,,,,,,,,,,,,,,,,,,,,0.005429,0.012993,0.997655,-7.350000,1.260000,144.970001
63439,,,,,,,,,,,,,0.166832,13.058757,0.042744,0.110395,,,,,,,0.005429,0.012993,0.997655,-6.650000,13.510000,143.149994
63438,,,,,,,,,,,,,,,,,,,,-1.060162,-1.033275,-0.523115,,,,,,
63446,,,,,,,,,,,,,,,,,,,,-1.059075,-1.033759,-0.502924,,,,,,
63449,,,,,,,,,,,,,0.140373,13.198754,0.041381,0.107876,,,,,,,0.005429,0.012993,0.997655,-2.380000,19.180000,145.110001
63457,,,,-1.069246,-0.991400,-0.394749,0.161027,2.296304,,,,,,,,,,,,,,,,,,,,
63459,,,,,,,,,,,-5.135694,8.590051,0.118110,13.252048,0.067480,0.111367,-0.029448,0.032320,0.109277,,,,,,,,,
63462,,,,,,,,,,,,,,,,,,,,,,,0.030744,-0.018117,1.012234,-2.450000,-2.590000,145.740005
63460,,,,,,,,,,,,,,,,,,,,-1.057793,-1.033994,-0.477237,,,,,,
63488,,,,,,,,,,,,,0.099377,13.280495,0.066584,0.110093,,,,,,,,,,,,
63476,,,,,,,,,,,,,,,,,,,,-1.055473,-1.034364,-0.426127,,,,,,
63491,,,,,,,,,,,,,,,,,,,,-1.054407,-1.034452,-0.397893,0.030744,-0.018117,1.012234,-3.500000,-12.600000,154.839996
63496,,,,,,,,,,,,,,,,,,,,,,,0.004453,0.006527,1.052433,-2.240000,19.110001,154.350006
63499,,,,,,,,,,,,,0.083616,13.515120,0.065661,0.106623,,,,-1.052987,-1.034824,-0.372387,,,,,,
63502,,,,,,,,,,,,,,,,,,,,,,,0.004453,0.006527,1.052433,-6.370000,18.200001,156.100006
63507,,,,-1.062245,-0.993952,-0.306484,0.152829,1.939842,,,,,,,,,,,,-1.051338,-1.035011,-0.344292,,,,,,
63509,,,,,,,,,,,-2.721031,8.600710,0.070355,13.533792,0.090370,0.105512,-0.023467,0.034834,0.066527,,,,,,,,,
63511,,,,,,,,,,,,,,,,,,,,,,,0.004453,0.006527,1.052433,-1.750000,16.730000,156.869995
63516,,,,,,,,,,,,,,,,,,,,-1.049889,-1.035250,-0.313409,0.022875,0.019703,0.964166,-2.590000,7.210000,151.899994
63519,,,,,,,,,,,,,0.059196,13.630789,0.089907,0.103454,,,,,,,,,,,,
63521,,,,,,,,,,,,,,,,,,,,,,,0.022875,0.019703,0.964166,-2.170000,3.290000,152.389999
63528,,,,,,,,,,,,,,,,,,,,,,,0.013481,0.003782,1.058289,-3.500000,-4.270000,142.029999
63529,,,,,,,,,,,,,0.049808,13.664461,0.089428,0.102048,,,,,,,,,,,,
63531,,,,,,,,,,,,,,,,,,,,-1.048386,-1.035237,-0.287553,,,,,,
63538,,,,,,,,,,,,,,,,,,,,,,,0.013481,0.003782,1.058289,-5.460000,-20.020000,124.529999
63539,,,,,,,,,,,,,0.590180,13.690362,0.083109,0.100718,,,,-1.046892,-1.035513,-0.257012,,,,,,
63555,,,,,,,,,,,,,1.169434,13.874068,0.076265,0.097706,,,,,,,,,,,,
63557,,,,-1.055416,-0.995838,-0.234610,0.145391,1.595328,,,,,,,,,,,,,,,,,,,,
63559,,,,,,,,,,,-0.557420,8.450856,,,,,-0.018312,0.036322,0.022278,,,,,,,,,
63547,,,,,,,,,,,,,,,,,,,,-1.045630,-1.035684,-0.235224,,,,,,
63562,,,,,,,,,,,,,,,,,,,,,,,0.048678,0.007869,1.041209,-2.240000,2.660000,108.150002
63561,,,,,,,,,,,,,,,,,,,,-1.044181,-1.035822,-0.220943,,,,,,
63567,,,,,,,,,,,,,,,,,,,,,,,0.030744,-0.000122,0.989725,-0.490000,13.020000,107.940002
63569,,,,,,,,,,,,,1.382020,13.663929,0.096184,0.097247,,,,,,,,,,,,
63572,,,,,,,,,,,,,,,,,,,,,,,0.030744,-0.000122,0.989725,-1.960000,10.920000,109.339996
63570,,,,,,,,,,,,,,,,,,,,-1.042456,-1.035984,-0.204060,,,,,,
63578,,,,,,,,,,,,,,,,,,,,-1.040730,-1.036237,-0.181339,0.030744,-0.000122,0.989725,-1.330000,10.220000,108.080002
63579,,,,,,,,,,,,,2.259816,13.690798,0.086453,0.095876,,,,,,,,,,,,
63596,,,,,,,,,,,,,2.563065,13.835233,0.082644,0.093250,,,,,,,,,,,,
63586,,,,,,,,,,,,,,,,,,,,-1.039193,-1.036370,-0.161986,,,,,,
63599,,,,,,,,,,,,,,,,,,,,,,,0.014152,0.022631,1.044198,-1.190000,-8.610000,89.180000
63601,,,,,,,,,,,,,,,,,,,,-1.037713,-1.036447,-0.142740,,,,,,
63604,,,,,,,,,,,,,,,,,,,,,,,0.000549,0.018788,1.017541,-1.960000,-3.990000,88.970001
63607,,,,-1.048848,-0.997204,-0.177078,0.138018,1.286632,,,,,,,,,,,,,,,,,,,,
63609,,,,,,,,,,,0.607079,7.431674,,,,,-0.016407,0.037321,-0.033506,-1.036003,-1.036602,-0.131618,,,,,,
63610,,,,,,,,,,,,,2.941094,13.602291,0.090350,0.083774,,,,,,,,,,,,
63614,,,,,,,,,,,,,,,,,,,,,,,0.000549,0.018788,1.017541,1.400000,2.170000,80.709999
63619,,,,,,,,,,,,,3.624068,13.169113,0.082608,0.087091,,,,,,,0.000549,0.018788,1.017541,2.380000,4.620000,78.889999
63617,,,,,,,,,,,,,,,,,,,,-1.034266,-1.036673,-0.117381,,,,,,
63628,,,,,,,,,,,,,,,,,,,,,,,0.020801,-0.009943,1.003694,0.770000,6.160000,79.800003
63629,,,,,,,,,,,,,3.597782,13.274460,0.082258,0.084776,,,,,,,,,,,,
63632,,,,,,,,,,,,,,,,,,,,-1.032651,-1.036689,-0.100778,,,,,,
63639,,,,,,,,,,,,,4.124600,13.363982,0.076038,0.082608,,,,,,,0.020801,-0.009943,1.038708,0.840000,1.540000,71.680000
63640,,,,,,,,,,,,,,,,,,,,-1.030885,-1.036774,-0.087153,,,,,,
63656,,,,,,,,,,,,,4.454731,13.213037,0.071797,0.082976,,,,,,,,,,,,
63647,,,,,,,,,,,,,,,,,,,,-1.028997,-1.037043,-0.070745,,,,,,
63658,,,,-1.042609,-0.998171,-0.131667,0.130317,1.022110,,,,,,,,,,,,,,,,,,,,
63660,,,,,,,,,,,1.018580,6.185063,,,,,-0.016138,0.037850,-0.061607,,,,,,,,,
63655,,,,,,,,,,,,,,,,,,,,-1.027485,-1.036856,-0.061809,,,,,,
63663,,,,,,,,,,,,,,,,,,,,,,,-0.019154,0.022143,1.038708,-1.890000,-3.360000,60.970001
63668,,,,,,,,,,,,,,,,,,,,,,,-0.037576,0.010675,1.036634,-1.960000,-1.400000,57.750000
63669,,,,,,,,,,,,,4.568490,13.168148,0.074159,0.069003,,,,,,,,,,,,
63671,,,,,,,,,,,,,,,,,,,,-1.025970,-1.036958,-0.045977,,,,,,
63673,,,,,,,,,,,,,,,,,,,,,,,-0.037576,0.010675,1.036634,-1.820000,-3.500000,60.900002
63678,,,,,,,,,,,,,,,,,,,,,,,-0.042029,0.008296,0.998387,0.210000,-2.870000,64.610001
63679,,,,,,,,,,,,,4.938596,12.721682,0.069487,0.072292,,,,-1.024375,-1.036828,-0.036826,,,,,,
63689,,,,,,,,,,,,,5.250003,12.346025,0.065362,0.074922,,,,,,,-0.042029,0.008296,0.998387,0.280000,2.870000,69.300003
63687,,,,,,,,,,,,,,,,,,,,-1.022867,-1.036800,-0.026281,,,,,,
63698,,,,,,,,,,,,,,,,,,,,,,,-0.039711,0.001281,1.032974,-0.490000,-0.700000,60.619999
63699,,,,,,,,,,,,,5.516219,12.036243,0.061652,0.076930,,,,,,,,,,,,
63702,,,,,,,,,,,,,,,,,,,,-1.021074,-1.036861,-0.012621,,,,,,
63707,,,,-1.036757,-0.998837,-0.096282,0.122125,0.801367,,,,,,,,,,,,,,,,,,,,
63709,,,,,,,,,,,1.188820,5.008166,,,,,-0.016061,0.037868,-0.083901,,,,,,,,,
63719,,,,,,,,,,,,,5.194546,12.063497,0.065941,0.062916,,,,,,,,,,,,
63717,,,,,,,,,,,,,,,,,,,,-1.017897,-1.036795,0.014725,,,,,,
63723,,,,,,,,,,,,,,,,,,,,,,,-0.039711,0.001281,1.032974,1.470000,1.820000,62.650002
63728,,,,,,,,,,,,,,,,,,,,,,,-0.052094,0.009760,0.999302,-2.310000,3.080000,63.209999
63729,,,,,,,,,,,,,5.439051,11.752765,0.062509,0.064748,,,,,,,,,,,,
63733,,,,,,,,,,,,,,,,,,,,,,,-0.052094,0.009760,0.999302,-1.610000,2.100000,63.840000
63732,,,,,,,,,,,,,,,,,,,,-1.016446,-1.036770,0.022986,,,,,,
63739,,,,,,,,,,,,,5.667795,11.525842,0.059193,0.065754,,,,,,,-0.062464,0.013115,1.034194,-2.100000,0.140000,60.759998
63740,,,,,,,,,,,,,,,,,,,,-1.015054,-1.036657,0.031578,,,,,,
63748,,,,,,,,,,,,,,,,,,,,-1.013566,-1.036525,0.055730,-0.062464,0.013115,1.034194,-1.680000,-6.160000,54.389999
63749,,,,,,,,,,,,,4.768882,10.801832,0.067811,0.072089,,,,,,,,,,,,
63757,,,,-1.031330,-0.999285,-0.069082,0.113429,0.620157,,,,,,,,,,,,-1.012154,-1.036345,0.069394,,,,,,
63759,,,,,,,,,,,1.368000,3.953258,4.546089,10.689316,0.071336,0.060869,-0.015583,0.038172,-0.123778,,,,,,,,,
63763,,,,,,,,,,,,,,,,,,,,,,,-0.044042,0.008235,1.013088,-2.590000,0.490000,55.860001
63777,,,,,,,,,,,,,5.080003,10.562645,0.065001,0.060811,,,,,,,,,,,,
63772,,,,,,,,,,,,,,,,,,,,-1.010691,-1.036177,0.077684,,,,,,
63780,,,,,,,,,,,,,,,,,,,,-1.009139,-1.036014,0.091393,-0.044042,0.008235,1.013088,-2.450000,3.710000,55.860001
63785,,,,,,,,,,,,,,,,,,,,,,,-0.072346,0.002684,1.017968,-4.060000,2.170000,52.430000
63789,,,,,,,,,,,,,5.160326,9.773420,0.063374,0.067820,,,,,,,,,,,,
63790,,,,,,,,,,,,,,,,,,,,,,,-0.072346,0.002928,1.029253,-3.710000,-6.300000,40.250000
63788,,,,,,,,,,,,,,,,,,,,-1.007963,-1.035826,0.096968,,,,,,
63798,,,,,,,,,,,,,,,,,,,,,,,-0.026291,0.002928,1.029253,-3.220000,-13.020000,28.139999
63796,,,,,,,,,,,,,,,,,,,,-1.007072,-1.035639,0.102589,,,,,,
63799,,,,,,,,,,,,,4.889673,9.866680,0.065460,0.065617,,,,,,,,,,,,
63807,,,,-1.026358,-0.999576,-0.048490,0.104308,0.473111,,,,,,,,,,,,,,,,,,,,
63809,,,,,,,,,,,1.277259,2.946154,4.654982,9.383447,0.066256,0.058818,-0.015431,0.037878,-0.150922,,,,,,,,,
63812,,,,,,,,,,,,,,,,,,,,,,,-0.026291,0.002928,1.019920,-2.660000,-13.580000,23.940001
63811,,,,,,,,,,,,,,,,,,,,-1.005894,-1.035475,0.113539,,,,,,
63818,,,,,,,,,,,,,,,,,,,,,,,-0.056852,-0.002379,1.019920,-2.590000,-5.390000,21.980000
63819,,,,,,,,,,,,,5.584862,9.563392,0.055672,0.055565,,,,-1.004884,-1.035262,0.119071,,,,,,
63836,,,,,,,,,,,,,5.356207,9.032294,0.057204,0.059830,,,,,,,,,,,,
63827,,,,,,,,,,,,,,,,,,,,-1.003811,-1.035105,0.119079,,,,,,
63839,,,,,,,,,,,,,,,,,,,,,,,-0.064660,-0.011102,1.013576,-0.140000,12.110000,20.090000
63842,,,,,,,,,,,,,,,,,,,,-1.002853,-1.035017,0.119100,,,,,,
63844,,,,,,,,,,,,,,,,,,,,,,,-0.064660,-0.011102,1.013576,1.750000,11.270000,16.730000
63849,,,,,,,,,,,,,,,,,,,,,,,-0.057340,-0.013298,1.021018,1.820000,9.030000,19.250000
63850,,,,,,,,,,,,,4.902743,8.787866,0.061172,0.061159,,,,-1.001815,-1.034925,0.130195,,,,,,
63857,,,,-1.021856,-0.999759,-0.033178,0.094892,0.355002,,,,,,,,,,,,,,,,,,,,
63859,,,,,,,,,,,1.041705,2.071143,4.691162,7.960104,0.060162,0.059440,-0.015287,0.037490,-0.164057,,,,,,,,,
63858,,,,,,,,,,,,,,,,,,,,-1.000953,-1.034718,0.132955,,,,,,
63862,,,,,,,,,,,,,,,,,,,,,,,-0.057340,-0.013298,1.021018,2.170000,4.900000,28.770000
63866,,,,,,,,,,,,,,,,,,,,-0.999949,-1.034495,0.135733,,,,,,
63869,,,,,,,,,,,,,5.059932,7.810419,0.055484,0.059803,,,,,,,-0.076677,-0.000671,1.022909,-0.630000,4.550000,34.860001
63878,,,,,,,,,,,,,,,,,,,,,,,-0.076677,-0.000671,1.022909,0.420000,-6.860000,26.320000
63879,,,,,,,,,,,,,4.257426,7.668007,0.063173,0.060121,,,,,,,,,,,,
63881,,,,,,,,,,,,,,,,,,,,-0.999058,-1.034338,0.141266,,,,,,
63896,,,,,,,,,,,,,4.234150,7.429789,0.062751,0.061486,,,,,,,,,,,,
63889,,,,,,,,,,,,,,,,,,,,-0.998201,-1.034246,0.146813,,,,,,
63899,,,,,,,,,,,,,,,,,,,,,,,-0.039223,-0.001037,1.022421,-0.560000,-12.740000,34.860001
63897,,,,,,,,,,,,,,,,,,,,-0.997506,-1.034018,0.155138,,,,,,
63904,,,,,,,,,,,,,,,,,,,,,,,-0.069723,-0.004697,1.019371,-0.700000,-15.120000,36.259998
63907,,,,-1.017830,-0.999869,-0.022032,0.085329,0.261192,,,,,,,,,,,,,,,,,,,,
63909,,,,,,,,,,,0.819396,1.355694,3.967207,7.465206,0.062560,0.052392,-0.014809,0.036909,-0.177614,,,,,,,,,
63905,,,,,,,,,,,,,,,,,,,,-0.996911,-1.033889,0.160699,,,,,,
63913,,,,,,,,,,,,,,,,,,,,,,,-0.069723,-0.004697,1.019371,-0.350000,-21.559999,29.469999
63918,,,,,,,,,,,,,,,,,,,,,,,-0.069723,-0.004697,1.019371,-0.280000,-18.549999,25.620001
63919,,,,,,,,,,,,,3.900146,6.843361,0.062617,0.057726,,,,,,,,,,,,
63921,,,,,,,,,,,,,,,,,,,,-0.996461,-1.033815,0.166251,,,,,,
63929,,,,,,,,,,,,,3.830351,6.306772,0.062716,0.062284,,,,,,,-0.002745,-0.004392,1.035963,-0.490000,-2.240000,19.950001
63928,,,,,,,,,,,,,,,,,,,,-0.995992,-1.033744,0.166270,,,,,,
63938,,,,,,,,,,,,,,,,,,,,,,,-0.002745,-0.004392,1.035963,-0.700000,14.420000,17.290001
63937,,,,,,,,,,,,,,,,,,,,-0.995232,-1.033595,0.174577,,,,,,
63939,,,,,,,,,,,,,3.222857,5.854017,0.068544,0.066063,,,,,,,,,,,,
63955,,,,,,,,,,,,,3.046485,5.929891,0.069917,0.064320,,,,,,,,,,,,
63953,,,,,,,,,,,,,,,,,,,,-0.994418,-1.033456,0.180130,,,,,,
63958,,,,-1.014279,-0.999933,-0.014125,0.075769,0.187700,,,,,,,,,,,,,,,,,,,,
63959,,,,,,,,,,,0.756000,0.910886,,,,,-0.013566,0.036547,-0.194433,,,,,,,,,
63962,,,,,,,,,,,,,,,,,,,,,,,-0.049044,-0.007503,0.982954,-0.560000,1.050000,32.689999
63961,,,,,,,,,,,,,,,,,,,,-0.993694,-1.033340,0.180127,,,,,,
63967,,,,,,,,,,,,,,,,,,,,,,,-0.038796,-0.001159,1.041819,-1.120000,-3.850000,28.070000
63969,,,,,,,,,,,,,3.362466,5.388986,0.065422,0.064388,,,,,,,,,,,,
63968,,,,,,,,,,,,,,,,,,,,-0.993158,-1.033127,0.182921,,,,,,
63972,,,,,,,,,,,,,,,,,,,,,,,-0.038796,-0.001159,1.041819,-2.450000,-14.350000,12.600000
63978,,,,,,,,,,,,,,,,,,,,,,,-0.038796,-0.010370,1.028460,0.350000,-18.270000,5.810000
63976,,,,,,,,,,,,,,,,,,,,-0.992663,-1.032991,0.188480,,,,,,
63979,,,,,,,,,,,,,3.377008,5.629952,0.064725,0.060894,,,,,,,,,,,,
63996,,,,,,,,,,,,,3.168684,5.391580,0.066392,0.062444,,,,,,,,,,,,
63991,,,,,,,,,,,,,,,,,,,,-0.992232,-1.032917,0.188481,,,,,,
63999,,,,,,,,,,,,,,,,,,,,,,,-0.019154,-0.010370,1.028460,-1.120000,-2.240000,10.640000
64000,,,,,,,,,,,,,,,,,,,,-0.991772,-1.032756,0.191257,,,,,,
64004,,,,,,,,,,,,,,,,,,,,,,,-0.027145,-0.007442,1.010587,-1.260000,6.230000,4.970000
64007,,,,-1.011191,-0.999968,-0.008686,0.066354,0.131126,,,,,,,,,,,,,,,,,,,,
64009,,,,,,,,,,,0.483503,0.411299,3.072081,4.942426,0.064021,0.060975,-0.012863,0.035908,-0.200749,,,,,,,,,
64008,,,,,,,,,,,,,,,,,,,,-0.991151,-1.032557,0.196856,,,,,,
64013,,,,,,,,,,,,,,,,,,,,,,,-0.027145,-0.007442,1.010587,-0.980000,1.050000,7.840000
64018,,,,,,,,,,,,,,,,,,,,,,,0.013359,-0.006954,1.032425,-0.630000,-3.500000,6.020000
64016,,,,,,,,,,,,,,,,,,,,-0.990641,-1.032434,0.199637,,,,,,
64019,,,,,,,,,,,,,3.141698,4.715406,0.062742,0.062443,,,,,,,,,,,,
64029,,,,,,,,,,,,,3.194024,4.518142,0.061632,0.063642,,,,,,,0.013359,-0.006954,1.032425,-1.400000,2.940000,-4.270000
64031,,,,,,,,,,,,,,,,,,,,-0.990038,-1.032319,0.199603,,,,,,
64038,,,,,,,,,,,,,,,,,,,,,,,-0.035746,-0.015677,0.998814,0.140000,5.040000,-6.580000
64039,,,,,,,,,,,,,3.233798,4.347910,0.060645,0.064595,,,,-0.989643,-1.032223,0.196817,,,,,,
64057,,,,-1.008551,-0.999985,-0.005081,0.057212,0.088537,,,,,,,,,,,,,,,,,,,,
64059,,,,,,,,,,,0.145233,-0.056581,3.260790,4.198204,0.056191,0.060394,-0.012297,0.035329,-0.202364,,,,,,,,,
64055,,,,,,,,,,,,,,,,,,,,-0.988615,-1.032067,0.194032,,,,,,
64063,,,,,,,,,,,,,,,,,,,,,,,-0.035746,-0.015677,0.998814,-0.980000,-16.660000,3.220000
64068,,,,,,,,,,,,,,,,,,,,,,,-0.018178,-0.002806,1.038281,-0.210000,-7.420000,-1.890000
64069,,,,,,,,,,,,,3.301734,4.090474,0.055107,0.060653,,,,,,,,,,,,
64070,,,,,,,,,,,,,,,,,,,,-0.988188,-1.031938,0.194033,,,,,,
64073,,,,,,,,,,,,,,,,,,,,,,,-0.018178,-0.011163,1.010038,-0.210000,4.550000,-2.310000
64078,,,,,,,,,,,,,,,,,,,,-0.987510,-1.031868,0.196813,0.012017,-0.011163,1.010038,0.000000,10.920000,-2.730000
64079,,,,,,,,,,,,,2.778078,3.992937,0.060013,0.060825,,,,,,,,,,,,
64086,,,,,,,,,,,,,,,,,,,,-0.986932,-1.031659,0.196810,,,,,,
64089,,,,,,,,,,,,,2.337475,3.907377,0.064146,0.060890,,,,,,,0.012017,-0.011163,1.010038,-1.120000,13.930000,0.910000
64098,,,,,,,,,,,,,,,,,,,,,,,-0.039162,-0.011895,1.030717,0.280000,8.750000,27.020000
64099,,,,,,,,,,,,,1.966751,3.835551,0.067628,0.060828,,,,,,,,,,,,
64101,,,,,,,,,,,,,,,,,,,,-0.986308,-1.031528,0.202372,,,,,,
64107,,,,-1.006338,-0.999994,-0.002797,0.048454,0.057365,,,,,,,,,,,,,,,,,,,,
64109,,,,,,,,,,,-0.600621,-0.879228,,,,,-0.013162,0.034932,-0.206193,,,,,,,,,
64110,,,,,,,,,,,,,2.180343,3.752752,0.057054,0.052156,,,,,,,,,,,,
64120,,,,,,,,,,,,,2.339917,3.662941,0.054779,0.052145,,,,,,,,,,,,
64117,,,,,,,,,,,,,,,,,,,,-0.985360,-1.031218,0.210719,,,,,,
64124,,,,,,,,,,,,,,,,,,,,,,,-0.039162,-0.011895,1.030717,-3.220000,9.590000,32.900002
64126,,,,,,,,,,,,,,,,,,,,-0.984863,-1.031108,0.216284,,,,,,
64129,,,,,,,,,,,,,2.587816,3.701008,0.051533,0.050794,,,,,,,-0.073627,-0.008540,1.020591,-1.750000,5.670000,33.250000
64134,,,,,,,,,,,,,,,,,,,,,,,-0.075152,0.000854,1.020591,-1.890000,0.560000,34.650002
64139,,,,,,,,,,,,,2.177388,3.670366,0.055229,0.050166,,,,,,,-0.075152,0.000854,1.020591,-1.680000,-11.550000,33.529999
64140,,,,,,,,,,,,,,,,,,,,-0.984506,-1.030947,0.221853,,,,,,
64149,,,,,,,,,,,,,1.832054,3.088245,0.058320,0.055403,,,,,,,-0.001891,-0.019581,1.027057,0.560000,-26.879999,20.510000
64148,,,,,,,,,,,,,,,,,,,,-0.984332,-1.030758,0.224638,,,,,,
64157,,,,-1.004524,-0.999998,-0.001430,0.040179,0.035340,,,,,,,,,,,,,,,,,,,,
64159,,,,,,,,,,,-0.994508,-1.340776,2.077299,2.598449,0.051022,0.054877,-0.012842,0.034503,-0.225260,,,,,,,,,
64156,,,,,,,,,,,,,,,,,,,,-0.984115,-1.030704,0.230218,,,,,,
64162,,,,,,,,,,,,,,,,,,,,,,,-0.001891,-0.019581,1.027057,0.490000,-14.770000,16.730000
64176,,,,,,,,,,,,,1.747839,2.508836,0.053883,0.055008,,,,,,,,,,,,
64171,,,,,,,,,,,,,,,,,,,,-0.983923,-1.030652,0.235797,,,,,,
64179,,,,,,,,,,,,,,,,,,,,-0.983598,-1.030584,0.235791,-0.039650,-0.007381,1.019249,-0.070000,17.990000,15.260000
64184,,,,,,,,,,,,,,,,,,,,,,,-0.039650,-0.007381,1.019249,0.280000,19.040001,14.910000
64189,,,,,,,,,,,,,1.470632,2.536392,0.056257,0.053913,,,,,,,,,,,,
64187,,,,,,,,,,,,,,,,,,,,-0.983199,-1.030631,0.238571,,,,,,
64190,,,,,,,,,,,,,,,,,,,,,,,-0.070333,-0.004514,1.014979,-0.840000,16.450001,14.700000
64198,,,,,,,,,,,,,,,,,,,,,,,-0.070333,-0.004514,1.014979,-0.630000,12.390000,11.550000
64199,,,,,,,,,,,,,1.237389,3.230552,0.058221,0.045730,,,,,,,,,,,,
64202,,,,,,,,,,,,,,,,,,,,-0.982955,-1.030533,0.238574,,,,,,
64207,,,,-1.003080,-0.999999,-0.000663,0.032474,0.020448,,,,,,,,,,,,,,,,,,,,
64209,,,,,,,,,,,-1.332583,-1.685711,1.041139,2.718186,0.056250,0.046557,-0.012359,0.034423,-0.239546,-0.982771,-1.030497,0.238578,,,,,,
64213,,,,,,,,,,,,,,,,,,,,,,,-0.041846,-0.014091,1.019066,-0.840000,-12.810000,27.020000
64218,,,,,,,,,,,,,,,,,,,,-0.982625,-1.030441,0.244154,-0.041846,-0.014091,1.019066,-0.630000,-15.820000,24.709999
64219,,,,,,,,,,,,,0.876015,2.287081,0.057510,0.050220,,,,,,,,,,,,
64237,,,,,,,,,,,,,0.737078,1.924350,0.058526,0.053246,,,,,,,,,,,,
64232,,,,,,,,,,,,,,,,,,,,-0.982570,-1.030383,0.249728,,,,,,
64240,,,,,,,,,,,,,,,,,,,,-0.982605,-1.030387,0.252517,-0.025742,-0.001525,1.027362,-1.190000,-11.620000,6.930000
64245,,,,,,,,,,,,,,,,,,,,,,,-0.061061,-0.019398,1.016565,0.280000,-6.370000,2.170000
64249,,,,,,,,,,,,,0.620178,1.619148,0.059337,0.055737,,,,,,,,,,,,
64250,,,,,,,,,,,,,,,,,,,,,,,-0.061061,-0.019398,1.016565,0.280000,-1.400000,-2.240000
64248,,,,,,,,,,,,,,,,,,,,-0.982734,-1.030343,0.255313,,,,,,
64257,,,,-1.001970,-1.000000,-0.000272,0.025418,0.010927,,,,,,,,,,,,,,,,,,,,
64259,,,,,,,,,,,-1.404201,-1.732909,0.521817,1.362351,0.059214,0.057275,-0.011025,0.034222,-0.254981,,,,,,,,,
64256,,,,,,,,,,,,,,,,,,,,-0.982699,-1.030403,0.252512,,,,,,
64263,,,,,,,,,,,,,,,,,,,,,,,-0.061061,-0.019398,1.016565,0.630000,2.870000,-7.630000
64268,,,,,,,,,,,,,,,,,,,,,,,-0.031964,-0.008296,1.013210,0.350000,1.400000,-8.190000
64269,,,,,,,,,,,,,0.439057,1.146282,0.059692,0.058926,,,,,,,,,,,,
64271,,,,,,,,,,,,,,,,,,,,-0.982797,-1.030362,0.252519,,,,,,
64279,,,,,,,,,,,,,0.369423,0.964481,0.060048,0.060258,,,,-0.982843,-1.030376,0.249730,-0.031964,-0.008296,1.013210,0.560000,-1.680000,-7.770000
64296,,,,,,,,,,,,,0.310832,0.811514,0.060301,0.061321,,,,,,,,,,,,
64287,,,,,,,,,,,,,,,,,,,,-0.982937,-1.030413,0.249734,,,,,,
64299,,,,,,,,,,,,,,,,,,,,,,,-0.027084,-0.011834,1.028460,0.420000,-1.540000,-8.190000
64301,,,,,,,,,,,,,,,,,,,,-0.983006,-1.030441,0.249734,,,,,,
64304,,,,,,,,,,,,,,,,,,,,,,,-0.006405,-0.009943,1.020957,0.630000,-1.120000,-6.860000
64307,,,,-1.001158,-1.000000,-0.000095,0.019083,0.005262,,,,,,,,,,,,,,,,,,,,
64309,,,,,,,,,,,-1.562981,-1.820604,0.261534,0.682808,0.058780,0.061227,-0.010105,0.033989,-0.250634,,,,,,,,,
64308,,,,,,,,,,,,,,,,,,,,-0.983082,-1.030467,0.246955,,,,,,
64313,,,,,,,,,,,,,,,,,,,,,,,-0.006405,-0.009943,1.020957,-0.140000,-5.250000,4.200000
64316,,,,,,,,,,,,,,,,,,,,-0.983105,-1.030483,0.246949,,,,,,
64319,,,,,,,,,,,,,0.220055,0.574515,0.058841,0.061856,,,,,,,0.027145,-0.005490,1.023763,-0.140000,-0.630000,2.730000
64328,,,,,,,,,,,,,,,,,,,,,,,0.027145,-0.005490,1.023763,0.280000,3.640000,-2.800000
64329,,,,,,,,,,,,,0.185154,0.483397,0.058840,0.062325,,,,,,,,,,,,
64330,,,,,,,,,,,,,,,,,,,,-0.983081,-1.030473,0.246949,,,,,,
64338,,,,,,,,,,,,,,,,,,,,-0.983021,-1.030462,0.246955,-0.007564,-0.011590,1.022360,-0.070000,2.170000,1.610000
64339,,,,,,,,,,,,,0.155789,0.406730,0.058788,0.062660,,,,,,,,,,,,
64356,,,,,,,,,,,,,0.131080,0.342222,0.058692,0.062881,,,,,,,,,,,,
64352,,,,,,,,,,,,,,,,,,,,-0.982958,-1.030446,0.246944,,,,,,
64358,,,,-1.000602,-1.000000,-0.000025,0.013537,0.002199,,,,,,,,,,,,,,,,,,,,
64359,,,,,,,,,,,-1.810615,-1.999002,,,,,,,,,,,,,,,,
64360,,,,,,,,,,,,,,,,,-0.009668,0.033838,-0.247435,-0.982945,-1.030430,0.249753,,,,,,
64362,,,,,,,,,,,,,,,,,,,,,,,-0.007564,-0.011590,1.022360,0.070000,-1.680000,-0.210000
64367,,,,,,,,,,,,,,,,,,,,-0.982968,-1.030427,0.249763,-0.024400,-0.010187,1.020713,0.140000,-1.960000,-0.280000
64369,,,,,,,,,,,,,0.110291,0.287946,0.055929,0.061112,,,,,,,,,,,,
64373,,,,,,,,,,,,,,,,,,,,,,,-0.024400,-0.010187,1.020713,0.140000,-1.400000,-0.490000
64375,,,,,,,,,,,,,,,,,,,,-0.982977,-1.030438,0.249763,,,,,,
64378,,,,,,,,,,,,,,,,,,,,,,,-0.007564,-0.009089,1.019066,0.070000,-0.980000,-0.350000
64379,,,,,,,,,,,,,0.092799,0.242278,0.055715,0.061120,,,,,,,,,,,,
64396,,,,,,,,,,,,,0.078081,0.203852,0.055475,0.061062,,,,,,,,,,,,
64391,,,,,,,,,,,,,,,,,,,,-0.982963,-1.030441,0.249763,,,,,,
64398,,,,,,,,,,,,,,,,,,,,,,,-0.007564,-0.009089,1.019066,0.000000,0.280000,-0.350000
64399,,,,,,,,,,,,,,,,,,,,-0.982955,-1.030437,0.249763,,,,,,
64403,,,,,,,,,,,,,,,,,,,,,,,-0.005307,-0.010309,1.020469,0.070000,0.210000,-0.420000
64407,,,,-1.000258,-1.000000,-0.000004,0.008847,0.000749,,,,,,,,,,,,,,,,,,,,
64409,,,,,,,,,,,-2.009973,-2.138075,0.065697,0.171521,0.053095,0.059469,-0.009256,0.033769,-0.249667,,,,,,,,,
64406,,,,,,,,,,,,,,,,,,,,-0.982963,-1.030436,0.249781,,,,,,
64413,,,,,,,,,,,,,,,,,,,,,,,-0.005307,-0.010309,1.020469,0.070000,-0.630000,-0.210000
64418,,,,,,,,,,,,,,,,,,,,,,,-0.015189,-0.008296,1.021872,0.140000,-0.980000,-0.280000
64419,,,,,,,,,,,,,0.055278,0.144318,0.052773,0.059277,,,,,,,,,,,,
64421,,,,,,,,,,,,,,,,,,,,-0.982969,-1.030441,0.252571,,,,,,
64429,,,,,,,,,,,,,0.046511,0.121429,0.052436,0.059044,,,,-0.982956,-1.030432,0.249781,-0.015189,-0.008296,1.021872,0.210000,-0.910000,-0.070000
64439,,,,,,,,,,,,,0.039134,0.102171,0.052086,0.058778,,,,,,,-0.010675,-0.009333,1.021811,0.070000,-0.350000,-0.350000
64437,,,,,,,,,,,,,,,,,,,,-0.983004,-1.030458,0.249744,,,,,,
64456,,,,,,,,,,,,,0.032927,0.085966,0.051725,0.058484,,,,,,,,,,,,
64458,,,,-1.000078,-1.000000,-0.000000,0.005081,0.000184,,,,,,,,,,,,,,,,,,,,
64460,,,,,,,,,,,-2.199854,-2.274798,,,,,-0.009024,0.033732,-0.249779,-0.983023,-1.030466,0.249744,,,,,,
64453,,,,,,,,,,,,,,,,,,,,-0.983039,-1.030457,0.246955,,,,,,
64462,,,,,,,,,,,,,,,,,,,,,,,-0.010675,-0.009333,1.020103,0.140000,-0.140000,-0.350000
64467,,,,,,,,,,,,,,,,,,,,,,,-0.008174,-0.010248,1.020103,0.140000,-0.560000,-0.280000
64469,,,,,,,,,,,,,0.027705,0.072332,0.049337,0.056712,,,,-0.982963,-1.030442,0.249763,,,,,,
64473,,,,,,,,,,,,,,,,,,,,,,,-0.012383,-0.009028,1.022177,0.070000,-0.700000,-0.280000
64478,,,,,,,,,,,,,,,,,,,,,,,-0.012383,-0.009028,1.022177,0.070000,-0.700000,-0.210000
64476,,,,,,,,,,,,,,,,,,,,-0.982949,-1.030435,0.249763,,,,,,
64479,,,,,,,,,,,,,0.023311,0.060860,0.048920,0.056345,,,,,,,,,,,,
64489,,,,,,,,,,,,,0.019614,0.051208,0.048496,0.055961,,,,,,,-0.009577,-0.009638,1.021811,0.000000,-0.560000,-0.280000
64490,,,,,,,,,,,,,,,,,,,,-0.982973,-1.030440,0.249763,,,,,,
64499,,,,,,,,,,,,,0.016503,0.043086,0.048067,0.055563,,,,,,,-0.009577,-0.009638,1.021811,0.070000,-0.350000,-0.210000
64498,,,,,,,,,,,,,,,,,,,,-0.982962,-1.030444,0.249781,,,,,,
64507,,,,-1.000010,-1.000000,-0.000000,0.002305,0.000025,,,,,,,,,,,,,,,,,,,,
64509,,,,,,,,,,,-2.379751,-2.414070,0.013886,0.036253,0.045721,0.053673,-0.008992,0.033714,-0.249802,,,,,,,,,
64505,,,,,,,,,,,,,,,,,,,,-0.982957,-1.030444,0.249763,,,,,,
64520,,,,,,,,,,,,,0.011683,0.030503,0.045246,0.053224,,,,,,,,,,,,
64519,,,,,,,,,,,,,,,,,,,,-0.982947,-1.030446,0.249763,,,,,,
64523,,,,,,,,,,,,,,,,,,,,,,,-0.010126,-0.009333,1.022482,0.070000,-0.350000,-0.210000
64528,,,,,,,,,,,,,,,,,,,,,,,-0.011590,-0.010858,1.022055,0.070000,-0.560000,-0.280000
64527,,,,,,,,,,,,,,,,,,,,-0.982939,-1.030446,0.249763,,,,,,
64529,,,,,,,,,,,,,0.009830,0.025665,0.044768,0.052766,,,,,,,,,,,,
64534,,,,,,,,,,,,,,,,,,,,,,,-0.011590,-0.010858,1.022055,0.070000,-0.560000,-0.280000
64539,,,,,,,,,,,,,0.008271,0.021595,0.044286,0.052301,,,,,,,-0.011590,-0.010858,1.022055,0.070000,-0.490000,-0.350000
64541,,,,,,,,,,,,,,,,,,,,-0.982959,-1.030439,0.249763,,,,,,
64549,,,,,,,,,,,,,0.006960,0.018170,0.043803,0.051830,,,,-0.982946,-1.030432,0.249763,-0.010370,-0.010126,1.021506,0.140000,-0.420000,-0.210000
64557,,,,-1.000000,-1.000000,-0.000000,0.000588,0.000001,,,,,,,,,,,,-0.982940,-1.030436,0.249763,,,,,,
64559,,,,,,,,,,,-2.499620,-2.508404,0.005856,0.015288,0.042044,0.050351,-0.009002,0.033703,-0.249775,,,,,,,,,
64562,,,,,,,,,,,,,,,,,,,,,,,-0.010370,-0.010126,1.021506,0.070000,-0.490000,-0.280000
64576,,,,,,,,,,,,,0.004927,0.012863,0.041531,0.049851,,,,,,,,,,,,
64572,,,,,,,,,,,,,,,,,,,,-0.982935,-1.030438,0.249763,,,,,,
64579,,,,,,,,,,,,,,,,,,,,-0.982955,-1.030439,0.249763,-0.010980,-0.009516,1.022238,0.140000,-0.490000,-0.210000
64584,,,,,,,,,,,,,,,,,,,,,,,-0.011407,-0.008784,1.021628,0.000000,-0.560000,-0.280000
64589,,,,,,,,,,,,,,,0.041018,0.049348,,,,,,,-0.011407,-0.008784,1.021628,0.070000,-0.490000,-0.210000
64590,,,,,,,,,,,,,0.004146,0.010823,,,,,,,,,,,,,,
64588,,,,,,,,,,,,,,,,,,,,-0.982962,-1.030444,0.249763,,,,,,
64596,,,,,,,,,,,,,,,,,,,,-0.982960,-1.030442,0.249763,,,,,,
64598,,,,,,,,,,,,,,,,,,,,,,,-0.011407,-0.008784,1.021628,0.000000,-0.350000,-0.280000
64599,,,,,,,,,,,,,0.003488,0.009107,0.040503,0.048841,,,,,,,,,,,,
64607,,,,-1.000000,-1.000000,-0.000000,0.000588,0.000001,,,,,,,,,,,,,,,,,,,,
64609,,,,,,,,,,,-2.495914,-2.504697,,,,,,,,,,,,,,,,
