ts,x,y,yaw,x_des,y_des,yaw_des,v_ff,w_ff,v_actual,w_actual,omega_l_cmd,omega_r_cmd,omega_l_meas,omega_r_meas,duty_l,duty_r,x_err,y_err,yaw_err,x_raw,y_raw,yaw_raw,acc_x,acc_y,acc_z,gyro_x,gyro_y,gyro_z
62880,,,,,,,,,,,,,,,,,,,,,,,-0.015555,-0.008052,1.021933,-0.070000,-0.630000,-0.210000
62882,,,,,,,,,,,,,0.000000,0.000000,0.000000,0.000000,,,,,,,,,,,,
62883,,,,-0.999959,-1.000000,0.000082,0.000000,0.000000,,,,,,,,,,,,,,,,,,,,
62885,,,,,,,,,,,-0.008302,-0.008302,,,,,-0.069428,-0.017437,-0.048013,,,,,,,,,
62890,,,,,,,,,,,,,,,,,,,,,,,-0.015494,-0.008113,1.021811,-1.050000,-0.490000,-0.490000
62889,,,,,,,,,,,,,,,,,,,,-0.931461,-0.979246,0.048095,,,,,,
62891,,,,,,,,,,,,,0.000000,0.000000,-0.000274,-0.000274,,,,,,,,,,,,
62897,,,,,,,,,,,,,,,,,,,,-0.931430,-0.979246,0.048095,,,,,,
62900,,,,,,,,,,,,,,,,,,,,,,,-0.015494,-0.008113,1.021811,3.220000,0.420000,-0.210000
62901,,,,,,,,,,,,,0.000000,0.000000,-0.000280,-0.000280,,,,,,,,,,,,
62904,,,,,,,,,,,,,,,,,,,,-0.931439,-0.979256,0.048095,,,,,,
62910,,,,,,,,,,,,,,,,,,,,,,,-0.015555,-0.007930,1.022604,0.280000,-0.770000,-0.140000
62911,,,,,,,,,,,,,0.000000,0.000000,-0.000286,-0.000286,,,,,,,,,,,,
62912,,,,,,,,,,,,,,,,,,,,-0.931433,-0.979243,0.048095,,,,,,
62920,,,,,,,,,,,,,,,,,,,,-0.931424,-0.979263,0.048095,-0.015555,-0.007930,1.022604,-3.290000,-1.470000,-0.490000
62921,,,,,,,,,,,,,0.000000,0.000000,-0.000293,-0.000293,,,,,,,,,,,,
62925,,,,-0.999679,-1.000000,0.000646,0.002430,0.004892,,,,,,,,,,,,,,,,,,,,
62927,,,,,,,,,,,0.129670,0.148854,,,,,-0.069171,-0.017434,-0.047449,,,,,,,,,
62937,,,,,,,,,,,,,0.000000,0.000000,0.004251,0.004884,,,,,,,,,,,,
62935,,,,,,,,,,,,,,,,,,,,-0.931424,-0.979261,0.048095,,,,,,
62941,,,,,,,,,,,,,,,,,,,,,,,-0.016348,-0.008357,1.023458,1.750000,-0.350000,0.000000
62943,,,,,,,,,,,,,,,,,,,,-0.931414,-0.979253,0.048095,,,,,,
62946,,,,,,,,,,,,,,,,,,,,,,,-0.015738,-0.007808,1.022787,-1.050000,-1.120000,-0.070000
62952,,,,,,,,,,,,,0.000000,0.000000,0.004350,0.004997,,,,,,,-0.015738,-0.007808,1.022787,-2.800000,-1.400000,-0.280000
62950,,,,,,,,,,,,,,,,,,,,-0.931415,-0.979260,0.048095,,,,,,
62960,,,,,,,,,,,,,,,,,,,,,,,-0.015738,-0.007808,1.022787,-1.260000,-0.490000,-0.420000
62961,,,,,,,,,,,,,0.000000,0.000000,0.004448,0.005110,,,,,,,,,,,,
62966,,,,,,,,,,,,,,,,,,,,-0.931409,-0.979260,0.048095,,,,,,
62971,,,,,,,,,,,,,0.000000,0.000000,0.004547,0.005223,,,,,,,-0.015555,-0.008662,1.020164,-0.210000,-0.140000,-0.420000
62975,,,,-0.998936,-0.999999,0.002152,0.009516,0.019207,,,,,,,,,,,,,,,,,,,,
62977,,,,,,,,,,,0.531719,0.607484,,,,,-0.068445,-0.017469,-0.045943,,,,,,,,,
62974,,,,,,,,,,,,,,,,,,,,-0.931422,-0.979263,0.048095,,,,,,
62981,,,,,,,,,,,,,0.000000,0.000000,0.017902,0.020458,,,,,,,,,,,,
62982,,,,,,,,,,,,,,,,,,,,-0.931430,-0.979262,0.048095,-0.016348,-0.008601,1.020957,3.220000,0.420000,0.000000
62992,,,,,,,,,,,,,0.000000,0.000000,0.018306,0.020920,,,,,,,,,,,,
62990,,,,,,,,,,,,,,,,,,,,-0.931423,-0.979263,0.048095,,,,,,
62997,,,,,,,,,,,,,,,,,,,,,,,-0.016348,-0.008601,1.020957,-2.450000,-1.260000,-0.420000
63001,,,,,,,,,,,,,0.000000,0.000000,0.018710,0.021382,,,,,,,,,,,,
63002,,,,,,,,,,,,,,,,,,,,,,,-0.015738,-0.008296,1.022909,-1.540000,-0.630000,-0.490000
63005,,,,,,,,,,,,,,,,,,,,-0.931430,-0.979255,0.048095,,,,,,
63010,,,,,,,,,,,,,,,,,,,,,,,-0.015738,-0.008296,1.022909,1.050000,0.280000,-0.350000
63011,,,,,,,,,,,,,0.000000,0.000000,0.019114,0.021844,,,,,,,,,,,,
63013,,,,,,,,,,,,,,,,,,,,-0.931443,-0.979261,0.048095,,,,,,
63020,,,,,,,,,,,,,,,,,,,,,,,-0.015189,-0.008418,1.023275,2.940000,-0.700000,0.000000
63022,,,,,,,,,,,,,0.000000,0.000000,0.019518,0.022305,,,,,,,,,,,,
63021,,,,,,,,,,,,,,,,,,,,-0.931444,-0.979258,0.048040,,,,,,
63025,,,,-0.997523,-0.999994,0.005045,0.020918,0.042521,,,,,,,,,,,,,,,,,,,,
63027,,,,,,,,,,,1.177369,1.347111,,,,,-0.067001,-0.017538,-0.043000,,,,,,,,,
63031,,,,,,,,,,,,,0.000000,0.000000,0.041204,0.047146,,,,,,,,,,,,
63032,,,,,,,,,,,,,,,,,,,,,,,-0.015189,-0.008418,1.023275,-2.940000,-1.470000,-0.280000
63036,,,,,,,,,,,,,,,,,,,,-0.931453,-0.979261,0.048095,,,,,,
63040,,,,,,,,,,,,,,,,,,,,,,,-0.015311,-0.007564,1.022421,-0.490000,-0.350000,-0.420000
63041,,,,,,,,,,,,,0.000000,0.000000,0.042099,0.048170,,,,,,,,,,,,
63052,,,,,,,,,,,,,0.000000,0.000000,0.042994,0.049194,,,,-0.931467,-0.979255,0.048095,,,,,,
63044,,,,,,,,,,,,,,,,,,,,-0.931445,-0.979252,0.048095,,,,,,
63057,,,,,,,,,,,,,,,,,,,,,,,-0.015189,-0.008357,1.023336,0.000000,-0.140000,-0.210000
63062,,,,,,,,,,,,,0.000000,0.000000,0.043889,0.050219,,,,,,,-0.015189,-0.008357,1.023336,0.140000,-0.350000,-0.140000
63060,,,,,,,,,,,,,,,,,,,,-0.931444,-0.979248,0.048040,,,,,,
63070,,,,,,,,,,,,,,,,,,,,,,,-0.015189,-0.008357,1.023336,0.070000,-0.490000,-0.350000
63071,,,,,,,,,,,,,0.000000,0.000000,0.044785,0.051243,,,,,,,,,,,,
63075,,,,-0.995256,-0.999977,0.009768,0.036231,0.074658,,,,,,,,,,,,,,,,,,,,
63077,,,,,,,,,,,2.040924,2.344717,,,,,-0.064734,-0.017640,-0.038272,,,,,,,,,
63074,,,,,,,,,,,,,,,,,,,,-0.931445,-0.979252,0.048095,,,,,,
63081,,,,,,,,,,,,,0.000000,0.000000,0.074129,0.085133,,,,,,,,,,,,
63082,,,,,,,,,,,,,,,,,,,,,,,-0.015738,-0.010553,1.020042,0.070000,-0.630000,-0.140000
63083,,,,,,,,,,,,,,,,,,,,-0.931428,-0.979263,0.048095,,,,,,
63090,,,,,,,,,,,,,,,,,,,,,,,-0.015738,-0.010553,1.020042,0.070000,-0.560000,-0.280000
63091,,,,,,,,,,,,,0.000000,0.000000,0.075682,0.086917,,,,-0.931435,-0.979255,0.048095,,,,,,
63100,,,,,,,,,,,,,,,,,,,,,,,-0.013420,-0.008174,1.023885,0.070000,-1.610000,6.580000
63099,,,,,,,,,,,,,,,,,,,,-0.931407,-0.979254,0.048095,,,,,,
63101,,,,,,,,,,,,,0.000000,0.547335,0.077235,0.070662,,,,,,,,,,,,
63112,,,,,,,,,,,,,0.000000,0.460527,0.078787,0.074891,,,,,,,,,,,,
63114,,,,,,,,,,,,,,,,,,,,-0.931395,-0.979241,0.050866,,,,,,
63117,,,,,,,,,,,,,,,,,,,,,,,0.016775,-0.007808,1.027728,-0.210000,1.470000,6.440000
63122,,,,,,,,,,,,,0.000000,0.387488,0.080340,0.078731,,,,-0.931306,-0.979228,0.050811,0.016775,-0.007808,1.027728,-0.210000,3.080000,4.620000
63125,,,,-0.991979,-0.999933,0.016782,0.054963,0.115776,,,,,,,,,,,,,,,,,,,,
63127,,,,,,,,,,,3.091242,3.571594,,,,,-0.061649,-0.017590,-0.034115,,,,,,,,,
63131,,,,,,,,,,,,,0.000000,0.326032,0.116466,0.122635,,,,,,,,,,,,
63129,,,,,,,,,,,,,,,,,,,,-0.931187,-0.979192,0.050866,,,,,,
63133,,,,,,,,,,,,,,,,,,,,,,,-0.009272,-0.006771,1.023275,-0.280000,2.170000,8.820000
63140,,,,,,,,,,,,,,,,,,,,,,,-0.009272,-0.006771,1.023275,-0.420000,0.630000,10.710000
63141,,,,,,,,,,,,,0.000000,0.822098,0.118819,0.108763,,,,,,,,,,,,
63144,,,,,,,,,,,,,,,,,,,,-0.931070,-0.979174,0.053772,,,,,,
63150,,,,,,,,,,,,,,,,,,,,,,,0.055571,-0.006405,1.039501,-0.700000,-14.000000,17.430000
63151,,,,,,,,,,,,,0.000000,1.240040,0.121172,0.097088,,,,,,,,,,,,
63152,,,,,,,,,,,,,,,,,,,,-0.930948,-0.979167,0.059179,,,,,,
63161,,,,,,,,,,,,,,,0.105476,0.087293,,,,,,,0.055571,-0.006405,1.039501,-0.700000,-10.220000,15.540000
63162,,,,,,,,,,,,,0.547885,1.591255,,,,,,,,,,,,,,
63160,,,,,,,,,,,,,,,,,,,,-0.930746,-0.979155,0.061838,,,,,,
63172,,,,,,,,,,,,,1.002933,1.880823,0.092421,0.079261,,,,,,,,,,,,
63176,,,,-0.987569,-0.999838,0.026591,0.076521,0.166456,,,,,,,,,,,,,,,,,,,,
63177,,,,,,,,,,,4.293414,4.989117,,,,,-0.058041,-0.017139,-0.035051,,,,,,,,,
63175,,,,,,,,,,,,,,,,,,,,-0.930114,-0.979259,0.066789,,,,,,
63180,,,,,,,,,,,,,,,,,,,,,,,0.151280,-0.015372,1.020652,2.100000,4.480000,-5.950000
63181,,,,,,,,,,,,,,,0.120515,0.137009,,,,,,,,,,,,
63182,,,,,,,,,,,,,1.398901,1.582525,,,,,,,,,,,,,,
63183,,,,,,,,,,,,,,,,,,,,-0.929061,-0.979274,0.077546,,,,,,
63186,,,,,,,,,,,,,,,,,,,,,,,0.151280,-0.015372,1.020652,0.000000,9.450000,-7.840000
63191,,,,,,,,,,,,,,,0.111968,0.111753,,,,,,,0.059658,-0.001525,1.011746,-1.680000,5.670000,-9.660000
63192,,,,,,,,,,,,,1.725472,2.428410,,,,,,,,,,,,,,
63190,,,,,,,,,,,,,,,,,,,,-0.928794,-0.979047,0.064143,,,,,,
63200,,,,,,,,,,,,,,,,,,,,,,,0.059658,-0.001525,1.011746,0.280000,-16.730000,1.540000
63201,,,,,,,,,,,,,2.549239,2.591977,0.086802,0.108318,,,,,,,,,,,,
63211,,,,,,,,,,,,,,,0.083484,0.087764,,,,,,,,,,,,
63212,,,,,,,,,,,,,2.690345,3.271721,,,,,,,,,,,,,,
63205,,,,,,,,,,,,,,,,,,,,-0.928375,-0.978881,0.053653,,,,,,
63213,,,,,,,,,,,,,,,,,,,,-0.927749,-0.978839,0.053712,,,,,,
63217,,,,,,,,,,,,,,,,,,,,,,,0.110715,-0.009882,1.065670,-0.280000,-1.330000,0.840000
63221,,,,,,,,,,,,,3.364077,3.853247,0.062523,0.069926,,,,,,,,,,,,
63223,,,,,,,,,,,,,,,,,,,,,,,0.110715,-0.009882,1.065670,-3.220000,9.660000,18.129999
63222,,,,,,,,,,,,,,,,,,,,-0.926905,-0.978729,0.056687,,,,,,
63225,,,,-0.981940,-0.999652,0.039768,0.100209,0.227801,,,,,,,,,,,,,,,,,,,,
63227,,,,,,,,,,,5.579784,6.586595,,,,,-0.056076,-0.017710,-0.017738,,,,,,,,,
63231,,,,,,,,,,,,,,,0.105121,0.107459,,,,,,,,,,,,
63232,,,,,,,,,,,,,3.377813,4.336680,,,,,,,,,0.041724,0.001708,0.973865,-2.730000,2.660000,16.100000
63236,,,,,,,,,,,,,,,,,,,,-0.925567,-0.978805,0.064425,,,,,,
63240,,,,,,,,,,,,,,,,,,,,,,,0.041724,0.001708,0.973865,2.310000,3.220000,13.510000
63241,,,,,,,,,,,,,3.939518,4.746309,0.088309,0.095690,,,,,,,,,,,,
63244,,,,,,,,,,,,,,,,,,,,-0.924534,-0.978591,0.064676,,,,,,
63250,,,,,,,,,,,,,,,,,,,,,,,-0.015982,-0.018910,1.046882,0.280000,-3.640000,19.320000
63251,,,,,,,,,,,,,,,0.092136,0.085889,,,,,,,,,,,,
63252,,,,,,,,,,,,,3.861276,5.086675,,,,,,,,,,,,,,
63253,,,,,,,,,,,,,,,,,,,,-0.923664,-0.978453,0.064937,,,,,,
63260,,,,,,,,,,,,,,,,,,,,-0.922585,-0.978489,0.075355,-0.015982,-0.018910,1.046882,2.310000,-12.250000,23.309999
63261,,,,,,,,,,,,,,,0.077527,0.059471,,,,,,,,,,,,
63262,,,,,,,,,,,,,4.344868,5.923914,,,,,,,,,,,,,,
63272,,,,,,,,,,,,,4.750220,6.078830,0.065125,0.054877,,,,,,,,,,,,
63276,,,,-0.975049,-0.999319,0.056995,0.125238,0.301556,,,,,,,,,,,,,,,,,,,,
63277,,,,,,,,,,,6.929543,8.279427,,,,,-0.053881,-0.016845,-0.017956,,,,,,,,,
63275,,,,,,,,,,,,,,,,,,,,-0.921589,-0.978271,0.078238,,,,,,
63280,,,,,,,,,,,,,,,,,,,,,,,0.049166,0.004209,1.031449,-2.660000,1.540000,23.590000
63281,,,,,,,,,,,,,,,0.116814,0.106431,,,,,,,,,,,,
63282,,,,,,,,,,,,,4.547490,6.216037,,,,,,,,,,,,,,
63283,,,,,,,,,,,,,,,,,,,,-0.920526,-0.978151,0.081304,,,,,,
63286,,,,,,,,,,,,,,,,,,,,,,,-0.007930,-0.004819,1.002962,-2.730000,1.960000,15.470000
63291,,,,,,,,,,,,,,,,,,,,-0.919232,-0.978096,0.086605,-0.007930,-0.004819,1.002962,0.420000,1.680000,9.660000
63292,,,,,,,,,,,,,4.921257,6.872672,0.106335,0.086403,,,,,,,,,,,,
63300,,,,,,,,,,,,,,,,,,,,,,,-0.007930,0.000061,1.045235,3.010000,-8.120000,9.170000
63301,,,,,,,,,,,,,5.238615,6.880535,0.097428,0.087218,,,,,,,,,,,,
63305,,,,,,,,,,,,,,,,,,,,-0.917853,-0.978114,0.094356,,,,,,
63310,,,,,,,,,,,,,,,,,,,,,,,0.009211,0.000061,1.045235,0.000000,-19.670000,9.100000
63311,,,,,,,,,,,,,,,0.090036,0.088170,,,,,,,,,,,,
63312,,,,,,,,,,,,,5.502549,6.884060,,,,,,,,,,,,,,
63313,,,,,,,,,,,,,,,,,,,,-0.917042,-0.977935,0.091803,,,,,,
63320,,,,,,,,,,,,,,,,,,,,,,,0.036600,-0.015616,0.997228,0.350000,8.540000,4.410000
63321,,,,,,,,,,,,,,,0.083794,0.089112,,,,,,,,,,,,
63322,,,,,,,,,,,,,5.725394,6.887797,,,,,,-0.915847,-0.977803,0.091716,,,,,,
63325,,,,-0.966900,-0.998764,0.079101,0.150744,0.390258,,,,,,,,,,,,,,,,,,,,
63327,,,,,,,,,,,8.258354,10.052600,,,,,-0.052618,-0.016211,-0.012166,,,,,,,,,
63334,,,,,,,,,,,,,,,0.116547,0.128779,,,,,,,,,,,,
63335,,,,,,,,,,,,,6.085593,7.486389,,,,,,,,,,,,,,
63330,,,,,,,,,,,,,,,,,,,,-0.914407,-0.977731,0.097129,,,,,,
63340,,,,,,,,,,,,,,,,,,,,,,,0.036600,0.001647,1.044625,1.330000,3.430000,17.430000
63341,,,,,,,,,,,,,,,0.124240,0.118373,,,,,,,,,,,,
63342,,,,,,,,,,,,,5.902133,7.862478,,,,,,,,,,,,,,
63345,,,,,,,,,,,,,,,,,,,,-0.912960,-0.977641,0.105338,0.031598,0.001647,1.044625,1.540000,2.660000,17.639999
63350,,,,,,,,,,,,,,,,,,,,,,,0.031598,0.001647,1.044625,1.610000,-17.500000,23.240000
63351,,,,,,,,,,,,,6.612028,8.261462,0.102697,0.106926,,,,,,,,,,,,
63354,,,,,,,,,,,,,,,,,,,,-0.911641,-0.977446,0.110859,,,,,,
63361,,,,,,,,,,,,,,,0.102435,0.097376,,,,-0.910290,-0.977375,0.116381,0.076433,0.004392,1.042734,2.450000,-1.400000,26.530001
63362,,,,,,,,,,,,,6.658249,8.593527,,,,,,,,,,,,,,
63372,,,,,,,,,,,,,7.164186,8.792529,0.087021,0.091947,,,,,,,,,,,,
63369,,,,,,,,,,,,,,,,,,,,-0.908870,-0.977155,0.119176,,,,,,
63376,,,,-0.957548,-0.997893,0.107125,0.175824,0.497438,,,,,,,,,,,,,,,,,,,,
63378,,,,,,,,,,,9.516281,11.843976,,,,,-0.050735,-0.014859,-0.011050,,,,,,,,,
63381,,,,,,,,,,,,,,,0.128467,0.140510,,,,,,,0.050325,0.005856,1.003938,0.000000,0.980000,25.620001
63382,,,,,,,,,,,,,7.185809,9.134828,,,,,,,,,,,,,,
63386,,,,,,,,,,,,,,,,,,,,,,,0.050325,0.005856,1.003938,-0.280000,-2.380000,20.930000
63385,,,,,,,,,,,,,,,,,,,,-0.907258,-0.977085,0.127472,,,,,,
63391,,,,,,,,,,,,,,,0.113627,0.118092,,,,,,,0.050325,0.005856,1.003938,-0.840000,-4.900000,24.920000
63392,,,,,,,,,,,,,7.691616,9.880013,,,,,,-0.905673,-0.976716,0.127541,,,,,,
63400,,,,,,,,,,,,,,,,,,,,,,,0.036051,0.000244,1.039440,0.350000,-18.410000,29.680000
63401,,,,,,,,,,,,,7.568820,9.958684,0.119058,0.117009,,,,-0.904280,-0.976556,0.130285,,,,,,
63410,,,,,,,,,,,,,,,,,,,,,,,0.036051,0.000244,1.039440,-0.840000,-0.490000,33.250000
63411,,,,,,,,,,,,,8.010738,10.569014,0.106025,0.098393,,,,,,,,,,,,
63416,,,,,,,,,,,,,,,,,,,,-0.902501,-0.976322,0.138662,,,,,,
63420,,,,,,,,,,,,,,,,,,,,,,,0.104676,0.002806,0.990884,0.000000,6.230000,27.510000
63421,,,,,,,,,,,,,,,0.094978,0.100505,,,,,,,,,,,,
63422,,,,,,,,,,,,,8.381908,10.534440,,,,,,,,,,,,,,
63425,,,,-0.947101,-0.996588,0.142377,0.199582,0.627854,,,,,,,,,,,,,,,,,,,,
63427,,,,,,,,,,,10.596013,13.654357,,,,,-0.047083,-0.013903,0.003662,,,,,,,,,
63424,,,,,,,,,,,,,,,,,,,,-0.900756,-0.975888,0.138662,,,,,,
63436,,,,,,,,,,,,,8.917155,11.101219,0.113723,0.142351,,,,,,,,,,,,
63432,,,,,,,,,,,,,,,,,,,,-0.898715,-0.975566,0.146986,,,,,,
63440,,,,,,,,,,,,,,,,,,,,,,,0.060024,0.008784,1.019249,-1.680000,5.880000,23.940001
63439,,,,,,,,,,,,,,,,,,,,-0.896720,-0.975089,0.149733,,,,,,
63441,,,,,,,,,,,,,,,0.127571,0.134346,,,,,,,,,,,,
63442,,,,,,,,,,,,,8.534811,11.404401,,,,,,,,,,,,,,
63445,,,,,,,,,,,,,,,,,,,,,,,0.060024,0.008784,1.019249,-1.470000,-0.770000,23.590000
63450,,,,,,,,,,,,,,,,,,,,,,,0.060024,0.008784,1.042917,-2.240000,-5.110000,30.379999
63451,,,,,,,,,,,,,9.382253,11.796725,0.101308,0.123180,,,,,,,,,,,,
63454,,,,,,,,,,,,,,,,,,,,-0.894659,-0.974715,0.158117,,,,,,
63460,,,,,,,,,,,,,,,,,,,,,,,0.033794,0.005307,1.042917,-1.960000,-19.110001,27.510000
63462,,,,,,,,,,,,,9.517951,12.631971,0.097779,0.097161,,,,,,,,,,,,
63461,,,,,,,,,,,,,,,,,,,,-0.892612,-0.974241,0.166329,,,,,,
63470,,,,,,,,,,,,,,,,,,,,,,,0.085827,0.007442,1.002291,-0.840000,3.430000,36.049999
63469,,,,,,,,,,,,,,,,,,,,-0.890593,-0.973829,0.171878,,,,,,
63471,,,,,,,,,,,,,10.226049,12.846186,0.075341,0.090907,,,,,,,,,,,,
63475,,,,-0.935715,-0.994704,0.186521,0.221183,0.787746,,,,,,,,,,,,,,,,,,,,
63477,,,,,,,,,,,11.464437,15.408662,,,,,-0.047804,-0.012829,0.015268,,,,,,,,,
63481,,,,,,,,,,,,,10.245211,12.996798,0.103518,0.144198,,,,,,,,,,,,
63482,,,,,,,,,,,,,,,,,,,,,,,0.085827,0.007442,1.002291,-2.800000,16.940001,29.330000
63483,,,,,,,,,,,,,,,,,,,,-0.888189,-0.973358,0.177440,,,,,,
63492,,,,,,,,,,,,,10.737310,13.581743,0.088289,0.126834,,,,,,,,,,,,
63491,,,,,,,,,,,,,,,,,,,,-0.885949,-0.972754,0.183041,,,,,,
63497,,,,,,,,,,,,,,,,,,,,,,,0.010919,0.012566,1.035170,-5.390000,4.970000,39.759998
63501,,,,,,,,,,,,,10.737133,14.265614,0.088853,0.105772,,,,,,,,,,,,
63502,,,,,,,,,,,,,,,,,,,,,,,0.010919,0.012566,1.035170,-3.710000,-10.290000,44.450001
63506,,,,,,,,,,,,,,,,,,,,-0.883546,-0.972332,0.191338,,,,,,
63511,,,,,,,,,,,,,,,0.073389,0.091020,,,,,,,0.034648,0.004697,1.040172,-1.680000,-16.590000,49.700001
63512,,,,,,,,,,,,,11.224882,14.741409,,,,,,,,,,,,,,
63514,,,,,,,,,,,,,,,,,,,,-0.881525,-0.971869,0.194079,,,,,,
63520,,,,,,,,,,,,,,,,,,,,,,,0.034648,0.004697,1.040172,5.040000,-1.610000,60.200001
63521,,,,,,,,,,,,,11.087939,14.594521,0.078071,0.096357,,,,,,,,,,,,
63525,,,,-0.923601,-0.992079,0.241650,0.239933,0.984974,,,,,,,,,,,,,,,,,,,,
63527,,,,,,,,,,,11.976432,17.148046,,,,,-0.045285,-0.011647,0.046599,,,,,,,,,
63523,,,,,,,,,,,,,,,,,,,,-0.879251,-0.971400,0.205214,,,,,,
63535,,,,,,,,,,,,,10.898680,15.026083,0.101398,0.139947,,,,,,,,,,,,
63531,,,,,,,,,,,,,,,,,,,,-0.876839,-0.970890,0.216324,,,,,,
63540,,,,,,,,,,,,,,,,,,,,,,,-0.015738,-0.006039,1.008635,-5.880000,9.940000,60.200001
63542,,,,,,,,,,,,,11.887881,15.360678,0.069730,0.130586,,,,,,,,,,,,
63545,,,,,,,,,,,,,,,,,,,,-0.874664,-0.970142,0.227438,-0.015738,0.054412,0.998387,-7.140000,7.070000,59.919998
63550,,,,,,,,,,,,,,,,,,,,,,,-0.027389,0.054412,0.998387,-8.470000,0.420000,58.799999
63551,,,,,,,,,,,,,,,0.077478,0.121561,,,,,,,,,,,,
63552,,,,,,,,,,,,,11.654094,15.677193,,,,,,,,,,,,,,
63553,,,,,,,,,,,,,,,,,,,,-0.872427,-0.969330,0.241415,,,,,,
63560,,,,,,,,,,,,,,,,,,,,,,,-0.027389,0.054412,0.998387,-6.160000,-4.900000,71.889999
63561,,,,,,,,,,,,,,,0.084319,0.096120,,,,-0.870387,-0.968584,0.247049,,,,,,
63562,,,,,,,,,,,,,11.453387,16.486057,,,,,,,,,,,,,,
63570,,,,,,,,,,,,,,,,,,,,,,,0.035746,0.014274,1.044137,-4.690000,-2.940000,79.519997
63571,,,,,,,,,,,,,11.286676,16.621029,0.090198,0.092194,,,,,,,,,,,,
63575,,,,-0.911012,-0.988528,0.310329,0.255372,1.228762,,,,,,,,,,,,,,,,,,,,
63577,,,,,,,,,,,12.196715,18.774399,,,,,-0.044266,-0.009337,0.063251,,,,,,,,,
63576,,,,,,,,,,,,,,,,,,,,-0.868274,-0.967739,0.258318,,,,,,
63581,,,,,,,,,,,,,,,0.102964,0.142948,,,,,,,,,,,,
63582,,,,,,,,,,,,,11.134332,16.714472,,,,,,,,,,,,,,
63583,,,,,,,,,,,,,,,,,,,,,,,0.035746,0.004941,1.026203,-0.560000,2.870000,78.680000
63592,,,,,,,,,,,,,11.523751,16.757711,0.090991,0.143112,,,,,,,,,,,,
63584,,,,,,,,,,,,,,,,,,,,-0.866020,-0.966973,0.272347,,,,,,
63593,,,,,,,,,,,,,,,,,,,,-0.863707,-0.966114,0.286363,,,,,,
63597,,,,,,,,,,,,,,,,,,,,,,,-0.003477,0.004941,1.026203,-0.980000,1.400000,74.480003
63601,,,,,,,,,,,,,,,0.096478,0.121836,,,,-0.861364,-0.965419,0.300215,,,,,,
63602,,,,,,,,,,,,,11.372460,17.452690,,,,,,,,,0.027694,0.033611,1.028582,-2.310000,-14.070000,78.260002
63610,,,,,,,,,,,,,,,,,,,,,,,0.027694,0.033611,1.028582,0.700000,-10.570000,89.250000
63611,,,,,,,,,,,,,11.214264,17.427153,0.102308,0.123692,,,,,,,,,,,,
63616,,,,,,,,,,,,,,,,,,,,-0.859072,-0.964577,0.316958,,,,,,
63620,,,,,,,,,,,,,,,,,,,,,,,0.027694,0.018788,1.013454,0.280000,6.160000,88.830002
63621,,,,,,,,,,,,,,,0.107534,0.107614,,,,,,,,,,,,
63622,,,,,,,,,,,,,11.078179,17.948202,,,,,,,,,,,,,,
63626,,,,-0.898244,-0.983843,0.395515,0.267387,1.528362,,,,,,,,,,,,,,,,,,,,
63627,,,,,,,,,,,12.053099,20.340143,,,,,-0.043218,-0.006041,0.078765,,,,,,,,,
63624,,,,,,,,,,,,,,,,,,,,-0.856687,-0.963662,0.331076,,,,,,
63631,,,,,,,,,,,,,,,0.107383,0.163171,,,,-0.854247,-0.962731,0.350558,,,,,,
63632,,,,,,,,,,,,,10.965331,17.841867,,,,,,,,,,,,,,
63633,,,,,,,,,,,,,,,,,,,,,,,0.039162,0.018788,1.013454,0.630000,4.690000,90.370003
63640,,,,,,,,,,,,,,,,,,,,,,,0.022692,0.032086,1.014308,-0.070000,1.750000,83.230003
63639,,,,,,,,,,,,,,,,,,,,-0.851761,-0.961673,0.367407,,,,,,
63641,,,,,,,,,,,,,,,0.093419,0.150153,,,,,,,,,,,,
63642,,,,,,,,,,,,,11.416007,18.296812,,,,,,,,,,,,,,
63652,,,,,,,,,,,,,11.238894,19.206356,0.099727,0.121852,,,,,,,,,,,,
63654,,,,,,,,,,,,,,,,,,,,-0.849106,-0.960738,0.381500,,,,,,
63656,,,,,,,,,,,,,,,,,,,,,,,0.022692,0.032086,1.014308,2.520000,-4.760000,102.690002
63662,,,,,,,,,,,,,11.560512,19.316387,0.089791,0.119112,,,,-0.846671,-0.959532,0.398426,0.057401,0.030012,1.034865,3.010000,1.470000,106.540001
63670,,,,,,,,,,,,,,,,,,,,,,,0.057401,0.030012,1.034865,-0.840000,9.450000,103.949997
63671,,,,,,,,,,,,,11.462517,19.723812,0.093389,0.106518,,,,,,,,,,,,
63675,,,,-0.885624,-0.977804,0.500190,0.276358,1.889301,,,,,,,,,,,,,,,,,,,,
63677,,,,,,,,,,,11.509605,21.901030,,,,,-0.042942,-0.001694,0.101815,,,,,,,,,
63676,,,,,,,,,,,,,,,,,,,,-0.844073,-0.958356,0.418171,,,,,,
63681,,,,,,,,,,,,,,,0.063856,0.153258,,,,,,,,,,,,
63682,,,,,,,,,,,,,11.831920,19.876652,,,,,,,,,,,,,,
63683,,,,,,,,,,,,,,,,,,,,,,,0.007930,0.059292,1.018151,-2.870000,9.660000,104.790001
63692,,,,,,,,,,,,,11.576683,20.507263,0.071993,0.134103,,,,-0.838880,-0.955704,0.455014,,,,,,
63684,,,,,,,,,,,,,,,,,,,,-0.841474,-0.957062,0.435155,,,,,,
63697,,,,,,,,,,,,,,,,,,,,,,,0.006222,0.041602,1.003328,-4.550000,9.590000,96.389999
63701,,,,,,,,,,,,,11.412023,20.597614,0.077351,0.132211,,,,,,,,,,,,
63702,,,,,,,,,,,,,,,,,,,,,,,0.006222,0.041602,1.003328,-7.770000,2.660000,107.379997
63706,,,,,,,,,,,,,,,,,,,,-0.836142,-0.954186,0.474934,,,,,,
63710,,,,,,,,,,,,,,,,,,,,,,,0.006222,0.041602,1.003328,-9.870000,2.310000,116.550003
63711,,,,,,,,,,,,,,,0.082998,0.114796,,,,,,,,,,,,
63712,,,,,,,,,,,,,11.242429,21.158325,,,,,,,,,,,,,,
63720,,,,,,,,,,,,,,,,,,,,-0.833719,-0.952689,0.492033,-0.012200,0.053802,1.063596,1.750000,1.190000,125.720001
63721,,,,,,,,,,,,,,,0.069711,0.099490,,,,,,,,,,,,
63722,,,,,,,,,,,,,11.653127,21.641672,,,,,,-0.831163,-0.951066,0.512037,,,,,,
63725,,,,-0.873504,-0.970176,0.626452,0.283312,2.305248,,,,,,,,,,,,,,,,,,,,
63727,,,,,,,,,,,10.731827,23.467010,,,,,-0.045939,0.004083,0.115729,,,,,,,,,
63731,,,,,,,,,,,,,,,0.050720,0.155827,,,,,,,,,,,,
63732,,,,,,,,,,,,,11.449920,21.499260,,,,,,,,,,,,,,
63733,,,,,,,,,,,,,,,,,,,,,,,-0.012200,0.053802,1.036146,-3.500000,0.000000,139.160004
63730,,,,,,,,,,,,,,,,,,,,-0.828687,-0.949571,0.534956,,,,,,
63740,,,,,,,,,,,,,,,,,,,,,,,-0.054168,0.032940,1.036146,-8.120000,0.280000,139.580002
63741,,,,,,,,,,,,,11.275800,21.920431,0.055886,0.143511,,,,,,,,,,,,
63751,,,,,,,,,,,,,,,0.078359,0.133404,,,,,,,,,,,,
63752,,,,,,,,,,,,,10.579054,22.264437,,,,,,,,,,,,,,
63745,,,,,,,,,,,,,,,,,,,,-0.826313,-0.947886,0.560827,,,,,,
63753,,,,,,,,,,,,,,,,,,,,-0.824082,-0.946211,0.583913,,,,,,
63757,,,,,,,,,,,,,,,,,,,,,,,-0.028853,0.082411,1.001925,-7.280000,-16.170000,158.130005
63762,,,,,,,,,,,,,9.941809,22.375376,0.099416,0.130690,,,,,,,-0.028853,0.082411,1.001925,-4.130000,-10.290000,162.750000
63761,,,,,,,,,,,,,,,,,,,,-0.821886,-0.944530,0.609968,,,,,,
63770,,,,,,,,,,,,,,,,,,,,,,,-0.028853,0.082411,1.012966,-2.450000,-1.120000,170.729996
63771,,,,,,,,,,,,,,,0.094599,0.114583,,,,,,,,,,,,
63772,,,,,,,,,,,,,10.107018,22.891260,,,,,,,,,,,,,,
63775,,,,-0.862248,-0.960716,0.773894,0.290062,2.744572,,,,,,,,,,,,-0.819801,-0.942798,0.639068,,,,,,
63777,,,,,,,,,,,9.661166,25.129284,,,,,-0.042491,0.009996,0.161728,,,,,,,,,
63781,,,,,,,,,,,,,,,0.040491,0.162851,,,,,,,,,,,,
63782,,,,,,,,,,,,,10.697350,23.098989,,,,,,,,,,,,,,
63783,,,,,,,,,,,,,,,,,,,,,,,-0.017019,0.055388,1.012966,-4.130000,12.810000,172.619995
63784,,,,,,,,,,,,,,,,,,,,-0.817645,-0.940914,0.668279,,,,,,
63790,,,,,,,,,,,,,,,,,,,,,,,0.024217,0.073505,1.008513,-4.130000,1.050000,154.910004
63791,,,,,,,,,,,,,,,0.077442,0.158743,,,,,,,,,,,,
63792,,,,,,,,,,,,,9.548800,23.271841,,,,,,-0.815502,-0.938876,0.694706,,,,,,
63800,,,,,,,,,,,,,,,,,,,,,,,0.024217,0.073505,1.008513,-9.940000,-5.880000,164.149994
63801,,,,,,,,,,,,,9.133003,23.426180,0.091197,0.155111,,,,,,,,,,,,
63802,,,,,,,,,,,,,,,,,,,,-0.813270,-0.936888,0.724231,,,,,,
63812,,,,,,,,,,,,,9.233560,23.841589,0.088302,0.142776,,,,,,,,,,,,
63810,,,,,,,,,,,,,,,,,,,,-0.811279,-0.934519,0.756876,,,,,,
63817,,,,,,,,,,,,,,,,,,,,,,,-0.010614,0.086254,1.083543,1.540000,-7.630000,200.690002
63821,,,,,,,,,,,,,,,0.059799,0.114126,,,,,,,,,,,,
63822,,,,,,,,,,,,,10.110734,24.743546,,,,,,,,,-0.010614,0.086254,1.083543,0.630000,-4.620000,205.869995
63825,,,,-0.852225,-0.949181,0.937740,0.299222,3.137480,,,,,,,,,,,,-0.809339,-0.932215,0.789745,,,,,,
63827,,,,,,,,,,,8.982397,26.788393,,,,,-0.039825,0.017546,0.180960,,,,,,,,,
63831,,,,,,,,,,,,,,,0.071802,0.171622,,,,,,,,,,,,
63832,,,,,,,,,,,,,9.056215,24.662533,,,,,,,,,,,,,,
63833,,,,,,,,,,,,,,,,,,,,,,,-0.003843,0.052094,0.959652,-0.210000,-6.370000,200.339996
63834,,,,,,,,,,,,,,,,,,,,-0.807301,-0.929924,0.828893,,,,,,
63840,,,,,,,,,,,,,,,,,,,,,,,-0.003843,0.052094,0.959652,-1.540000,3.430000,191.309998
63841,,,,,,,,,,,,,,,0.082974,0.157917,,,,,,,,,,,,
63842,,,,,,,,,,,,,8.714567,25.129728,,,,,,-0.805393,-0.927554,0.862279,,,,,,
63852,,,,,,,,,,,,,8.391240,25.908772,0.093810,0.133600,,,,,,,,,,,,
63857,,,,,,,,,,,,,,,,,,,,,,,0.010248,0.116632,1.046028,-4.270000,-4.830000,221.130005
63856,,,,,,,,,,,,,,,,,,,,-0.803624,-0.925000,0.895937,,,,,,
63861,,,,,,,,,,,,,,,0.081952,0.138537,,,,,,,,,,,,
63862,,,,,,,,,,,,,8.765994,25.779385,,,,,,,,,0.010248,0.116632,1.046028,-5.040000,-4.130000,226.169998
63865,,,,,,,,,,,,,,,,,,,,-0.801829,-0.922406,0.936044,,,,,,
63870,,,,,,,,,,,,,,,,,,,,,,,-0.016165,0.090951,1.023641,-8.190000,-9.310000,232.820007
63871,,,,,,,,,,,,,,,0.091783,0.129569,,,,,,,,,,,,
63872,,,,,,,,,,,,,8.472029,26.076059,,,,,,,,,,,,,,
63876,,,,-0.843790,-0.935325,1.108295,0.313956,3.383192,,,,,,,,,,,,,,,,,,,,
63878,,,,,,,,,,,9.178768,28.409821,,,,,-0.035195,0.026189,0.172799,,,,,,,,,
63873,,,,,,,,,,,,,,,,,,,,-0.800218,-0.919648,0.976556,,,,,,
63881,,,,,,,,,,,,,,,0.088759,0.175213,,,,-0.798647,-0.917070,1.020792,,,,,,
63882,,,,,,,,,,,,,8.772019,26.323475,,,,,,,,,,,,,,
63883,,,,,,,,,,,,,,,,,,,,,,,-0.016165,0.090951,0.978623,2.100000,-7.000000,218.889999
63890,,,,,,,,,,,,,,,,,,,,,,,0.030500,0.086376,0.978623,5.110000,0.770000,211.889999
63891,,,,,,,,,,,,,,,0.098694,0.169667,,,,,,,,,,,,
63892,,,,,,,,,,,,,8.479088,26.541817,,,,,,,,,,,,,,
63895,,,,,,,,,,,,,,,,,,,,-0.797270,-0.914355,1.055780,,,,,,
63900,,,,,,,,,,,,,,,,,,,,,,,0.030500,0.086376,0.978623,-0.420000,17.080000,218.889999
63901,,,,,,,,,,,,,8.231288,26.720221,0.107374,0.165262,,,,,,,,,,,,
63911,,,,,,,,,,,,,,,0.097089,0.144062,,,,-0.794447,-0.908341,1.130292,,,,,,
63912,,,,,,,,,,,,,8.566983,27.405928,,,,,,,,,,,,,,
63917,,,,,,,,,,,,,,,,,,,,,,,0.042395,0.105774,1.033950,-0.700000,-3.500000,235.059998
63921,,,,,,,,,,,,,,,0.106206,0.125688,,,,,,,,,,,,
63922,,,,,,,,,,,,,8.303809,27.989321,,,,,,,,,0.048617,0.108885,1.063291,-6.020000,-3.010000,233.449997
63926,,,,-0.837279,-0.918913,1.273325,0.337349,3.396604,,,,,,,,,,,,,,,,,,,,
63928,,,,,,,,,,,10.628528,29.954414,,,,,-0.027736,0.034302,0.143171,,,,,,,,,
63925,,,,,,,,,,,,,,,,,,,,-0.793228,-0.905283,1.173190,,,,,,
63931,,,,,,,,,,,,,,,0.143604,0.178347,,,,,,,,,,,,
63932,,,,,,,,,,,,,8.631639,27.936382,,,,,,,,,,,,,,
63933,,,,,,,,,,,,,,,,,,,,,,,0.048617,0.108885,1.063291,-1.050000,2.240000,228.690002
63934,,,,,,,,,,,,,,,,,,,,-0.792090,-0.901970,1.213343,,,,,,
63940,,,,,,,,,,,,,,,,,,,,,,,0.048617,0.131150,0.994605,-6.580000,0.490000,218.399994
63941,,,,,,,,,,,,,8.360086,28.444090,0.154058,0.163277,,,,-0.791195,-0.898699,1.254057,,,,,,
63950,,,,,,,,,,,,,,,,,,,,,,,0.015006,0.131150,0.994605,-4.900000,-8.750000,202.580002
63949,,,,,,,,,,,,,,,,,,,,-0.790439,-0.895450,1.291861,,,,,,
63951,,,,,,,,,,,,,9.225276,28.315054,0.127467,0.168682,,,,,,,,,,,,
63960,,,,,,,,,,,,,,,,,,,,,,,0.095465,0.101260,1.058960,3.150000,-14.420000,192.779999
63961,,,,,,,,,,,,,9.406795,28.758228,0.122610,0.155432,,,,,,,,,,,,
63972,,,,,,,,,,,,,10.035991,28.969679,0.102939,0.149433,,,,,,,,,,,,
63964,,,,,,,,,,,,,,,,,,,,-0.789588,-0.892103,1.326830,,,,,,
63976,,,,-0.832991,-0.899725,1.422350,0.371605,3.168587,,,,,,,,,,,,,,,,,,,,
63978,,,,,,,,,,,13.473367,31.485966,,,,,-0.017827,0.040337,0.096436,,,,,,,,,
63974,,,,,,,,,,,,,,,,,,,,-0.788978,-0.888746,1.358782,,,,,,
63981,,,,,,,,,,,,,,,0.174380,0.202353,,,,-0.788441,-0.885131,1.387403,0.095465,0.101260,1.058960,-5.810000,0.980000,178.919998
63982,,,,,,,,,,,,,10.708730,28.903980,,,,,,,,,,,,,,
63986,,,,,,,,,,,,,,,,,,,,,,,0.055144,0.116388,1.019676,-4.060000,-4.060000,185.429993
63991,,,,,,,,,,,,,,,,,,,,,,,0.055144,0.116388,1.019676,-1.960000,-12.110000,181.860001
63992,,,,,,,,,,,,,11.110172,29.569426,0.163404,0.182602,,,,,,,,,,,,
63990,,,,,,,,,,,,,,,,,,,,-0.788044,-0.881422,1.420076,,,,,,
64000,,,,,,,,,,,,,,,,,,,,,,,0.073688,0.085278,1.018456,0.630000,-14.980000,181.509995
64001,,,,,,,,,,,,,11.640429,29.464373,0.147904,0.187528,,,,,,,,,,,,
64004,,,,,,,,,,,,,,,,,,,,-0.787535,-0.877837,1.453095,,,,,,
64011,,,,,,,,,,,,,11.989994,29.731731,0.137900,0.180359,,,,,,,0.073688,0.085278,1.018456,-3.360000,4.410000,167.300003
64012,,,,,,,,,,,,,,,,,,,,-0.787224,-0.873964,1.486735,,,,,,
64020,,,,,,,,,,,,,,,,,,,,-0.787110,-0.869865,1.516861,0.131821,0.116998,0.983808,-9.380000,6.720000,167.369995
64021,,,,,,,,,,,,,,,0.111622,0.174612,,,,,,,,,,,,
64022,,,,,,,,,,,,,12.828909,29.949228,,,,,,,,,,,,,,
64025,,,,-0.831180,-0.877558,1.549579,0.417510,2.773226,,,,,,,,,,,,,,,,,,,,
64027,,,,,,,,,,,17.567245,33.153870,,,,,-0.009726,0.043625,0.034644,,,,,,,,,
64035,,,,,,,,,,,,,13.606550,30.422134,0.220205,0.214637,,,,-0.787092,-0.865738,1.543889,,,,,,
64040,,,,,,,,,,,,,,,,,,,,,,,0.131821,0.141642,1.053653,-1.610000,-5.530000,171.360001
64041,,,,,,,,,,,,,,,0.208989,0.204768,,,,,,,,,,,,
64042,,,,,,,,,,,,,14.044909,30.789900,,,,,,,,,,,,,,
64046,,,,,,,,,,,,,,,,,,,,,,,0.069113,0.141642,1.053653,-3.150000,-5.320000,177.029999
64045,,,,,,,,,,,,,,,,,,,,-0.787330,-0.861560,1.574691,,,,,,
64051,,,,,,,,,,,,,,,0.177244,0.187310,,,,,,,0.069113,0.141642,1.053653,-7.210000,-9.870000,173.110001
64052,,,,,,,,,,,,,15.102384,31.381615,,,,,,,,,,,,,,
64053,,,,,,,,,,,,,,,,,,,,-0.787506,-0.857542,1.601871,,,,,,
64060,,,,,,,,,,,,,,,,,,,,,,,0.128832,0.081740,1.050054,-7.070000,-11.970000,148.399994
64062,,,,,,,,,,,,,15.971465,31.845022,0.150820,0.173577,,,,,,,,,,,,
64061,,,,,,,,,,,,,,,,,,,,-0.787790,-0.853278,1.628686,,,,,,
64070,,,,,,,,,,,,,,,,,,,,-0.788270,-0.848684,1.655159,0.128832,0.081740,1.050054,-5.460000,-8.050000,138.669998
64071,,,,,,,,,,,,,,,0.126760,0.159454,,,,,,,,,,,,
64072,,,,,,,,,,,,,16.747341,32.309319,,,,,,,,,,,,,,
64076,,,,-0.832039,-0.852235,1.653847,0.474468,2.312751,,,,,,,,,,,,,,,,,,,,
64077,,,,,,,,,,,22.359766,35.318108,,,,,0.000321,0.043969,-0.002358,,,,,,,,,
64081,,,,,,,,,,,,,,,0.262293,0.236148,,,,,,,,,,,,
64082,,,,,,,,,,,,,17.390141,32.133450,,,,,,,,,,,,,,
64083,,,,,,,,,,,,,,,,,,,,,,,0.131089,0.107726,0.980636,0.490000,12.670000,136.360001
64092,,,,,,,,,,,,,18.426788,33.000221,0.232437,0.210431,,,,,,,,,,,,
64085,,,,,,,,,,,,,,,,,,,,-0.788783,-0.844022,1.681330,,,,,,
64093,,,,,,,,,,,,,,,,,,,,-0.789407,-0.839392,1.703515,,,,,,
64097,,,,,,,,,,,,,,,,,,,,,,,0.040077,0.091622,1.006439,-11.270000,-6.090000,134.470001
64101,,,,,,,,,,,,,,,0.186377,0.202249,,,,-0.790174,-0.834900,1.725460,,,,,,
64102,,,,,,,,,,,,,19.936884,33.307114,,,,,,,,,0.040077,0.091622,1.006439,-17.570000,-17.500000,125.580002
64111,,,,,,,,,,,,,,,0.148544,0.197426,,,,,,,0.040077,0.090280,1.055056,0.000000,9.660000,105.489998
64112,,,,,,,,,,,,,21.157974,33.503452,,,,,,,,,,,,,,
64115,,,,,,,,,,,,,,,,,,,,-0.791039,-0.830003,1.747283,,,,,,
64120,,,,,,,,,,,,,,,,,,,,,,,0.237717,0.090280,1.055056,-6.720000,16.240000,97.930000
64121,,,,,,,,,,,,,21.645634,34.229298,0.133617,0.175228,,,,,,,,,,,,
64126,,,,-0.835697,-0.823610,1.736843,0.540915,1.864190,,,,,,,,,,,,,,,,,,,,
64127,,,,,,,,,,,27.557552,38.195641,,,,,,,,,,,,,,,,
64128,,,,,,,,,,,,,,,,,0.013918,0.042823,-0.013158,,,,,,,,,
64123,,,,,,,,,,,,,,,,,,,,-0.792261,-0.824890,1.765211,,,,,,
64136,,,,,,,,,,,,,22.413767,34.529343,0.277868,0.259637,,,,,,,,,,,,
64130,,,,,,,,,,,,,,,,,,,,-0.793300,-0.819826,1.783063,,,,,,
64140,,,,,,,,,,,,,,,,,,,,,,,0.089304,0.104066,1.036756,-6.720000,-1.050000,106.820000
64141,,,,,,,,,,,,,,,0.240034,0.251574,,,,,,,,,,,,
64142,,,,,,,,,,,,,23.702768,34.865578,,,,,,,,,,,,,,
64146,,,,,,,,,,,,,,,,,,,,,,,0.089304,0.104066,1.036756,-5.460000,-2.310000,111.230003
64145,,,,,,,,,,,,,,,,,,,,-0.794610,-0.814541,1.804150,,,,,,
64151,,,,,,,,,,,,,,,0.205069,0.220337,,,,,,,0.033489,0.055022,1.023885,4.830000,-23.450001,102.690002
64152,,,,,,,,,,,,,24.872490,35.907871,,,,,,,,,,,,,,
64155,,,,,,,,,,,,,,,,,,,,-0.794610,-0.814541,1.804150,,,,,,
64161,,,,,,,,,,,,,25.875603,36.810070,0.174602,0.192836,,,,,,,0.033489,0.055022,1.023885,-24.709999,-12.320000,93.379997
64163,,,,,,,,,,,,,,,,,,,,-0.795991,-0.809502,1.821879,,,,,,
64170,,,,,,,,,,,,,,,,,,,,,,,0.197823,0.087047,1.083421,12.530000,-3.780000,98.489998
64171,,,,,,,,,,,,,26.699226,36.994484,0.149181,0.187928,,,,-0.797267,-0.804403,1.839405,,,,,,
64176,,,,-0.842204,-0.791573,1.801385,0.614772,1.465405,,,,,,,,,,,,,,,,,,,,
64177,,,,,,,,,,,33.232727,41.450199,,,,,,,,,,,,,,,,
64178,,,,,,,,,,,,,,,,,0.024320,0.039922,-0.038994,,,,,,,,,
64179,,,,,,,,,,,,,,,,,,,,-0.798844,-0.799117,1.856655,,,,,,
64181,,,,,,,,,,,,,,,0.329070,0.271802,,,,,,,,,,,,
64182,,,,,,,,,,,,,26.835934,37.683964,,,,,,,,,,,,,,
64183,,,,,,,,,,,,,,,,,,,,,,,0.197823,0.087047,1.083421,8.680000,1.960000,95.129997
64187,,,,,,,,,,,,,,,,,,,,-0.800393,-0.793823,1.870520,,,,,,
64192,,,,,,,,,,,,,28.428194,38.087402,0.282494,0.261667,,,,,,,,,,,,
64197,,,,,,,,,,,,,,,,,,,,,,,0.073078,0.059414,0.926346,-0.420000,11.830000,98.839996
64195,,,,,,,,,,,,,,,,,,,,-0.802142,-0.788283,1.887627,,,,,,
64202,,,,,,,,,,,,,29.715294,38.896336,0.244561,0.238093,,,,,,,0.073078,0.059414,0.926346,3.780000,-16.379999,72.800003
64203,,,,,,,,,,,,,,,,,,,,-0.804012,-0.782541,1.904691,,,,,,
64210,,,,,,,,,,,,,,,,,,,,,,,0.230763,0.096929,1.171322,-1.260000,-32.130001,67.900002
64212,,,,,,,,,,,,,31.486504,39.800892,0.189956,0.210795,,,,,,,,,,,,
64211,,,,,,,,,,,,,,,,,,,,-0.805938,-0.776872,1.918311,,,,,,
64220,,,,,,,,,,,,,,,,,,,,,,,0.230763,0.096929,1.171322,10.430000,-2.380000,60.830002
64221,,,,,,,,,,,,,32.523727,40.067722,0.157736,0.203438,,,,,,,,,,,,
64226,,,,-0.851527,-0.756056,1.850365,0.693745,1.126032,,,,,,,,,,,,-0.807979,-0.770901,1.928437,,,,,,
64228,,,,,,,,,,,39.140297,45.009560,,,,,0.035001,0.035788,-0.067617,,,,,,,,,
64236,,,,,,,,,,,,,32.615154,40.462582,0.346069,0.306607,,,,,,,,,,,,
64234,,,,,,,,,,,,,,,,,,,,-0.810321,-0.764698,1.938514,,,,,,
64241,,,,,,,,,,,,,,,0.286582,0.285777,,,,,,,0.186355,0.054229,0.864370,-0.350000,26.110001,60.200001
64242,,,,,,,,,,,,,34.614170,41.216991,,,,,,,,,,,,,,
64246,,,,,,,,,,,,,,,,,,,,,,,0.042273,0.080703,1.062071,3.430000,19.950001,66.500000
64244,,,,,,,,,,,,,,,,,,,,-0.812879,-0.758395,1.948453,,,,,,
64251,,,,,,,,,,,,,,,0.237186,0.269631,,,,,,,0.042273,0.080703,1.062071,5.250000,-2.310000,74.620003
64252,,,,,,,,,,,,,36.252605,41.808216,,,,,,,,,,,,,,
64255,,,,,,,,,,,,,,,,,,,,-0.815450,-0.752298,1.955113,,,,,,
64261,,,,,,,,,,,,,37.073593,42.843193,0.212916,0.238694,,,,,,,0.042273,0.080703,0.977281,0.490000,-27.930000,59.639999
64263,,,,,,,,,,,,,,,,,,,,-0.817883,-0.746190,1.968474,,,,,,
64270,,,,,,,,,,,,,,,,,,,,,,,0.236131,0.035502,0.977281,-3.570000,21.700001,60.410000
64271,,,,,,,,,,,,,,,0.192299,0.212354,,,,,,,,,,,,
64272,,,,,,,,,,,,,37.761730,43.710941,,,,,,-0.820590,-0.739513,1.981812,,,,,,
64276,,,,-0.863548,-0.717036,1.886308,0.775482,0.841632,,,,,,,,,,,,,,,,,,,,
64278,,,,,,,,,,,45.122528,48.731590,,,,,0.038303,0.030389,-0.095046,,,,,,,,,
64282,,,,,,,,,,,,,38.330185,43.882305,0.367708,0.327675,,,,,,,,,,,,
64283,,,,,,,,,,,,,,,,,,,,,,,0.127368,0.062464,1.006256,12.110000,12.880000,67.830002
64281,,,,,,,,,,,,,,,,,,,,-0.823490,-0.732920,1.991638,,,,,,
64292,,,,,,,,,,,,,39.781986,45.529392,0.326211,0.278375,,,,,,,,,,,,
64291,,,,,,,,,,,,,,,,,,,,-0.826603,-0.726186,2.001484,,,,,,
64298,,,,,,,,,,,,,,,,,,,,,,,0.127368,0.062464,1.006256,11.830000,-0.420000,50.470001
64301,,,,,,,,,,,,,,,0.280605,0.260477,,,,,,,,,,,,
64302,,,,,,,,,,,,,41.326275,46.162144,,,,,,,,,0.165127,0.084790,1.077870,-11.550000,-19.320000,44.520000
64306,,,,,,,,,,,,,,,,,,,,-0.829878,-0.719191,2.014522,,,,,,
64311,,,,,,,,,,,,,,,0.229837,0.233467,,,,,,,0.165127,0.084790,1.077870,-9.520000,-35.980000,20.650000
64312,,,,,,,,,,,,,42.993511,47.062408,,,,,,,,,,,,,,
64314,,,,,,,,,,,,,,,,,,,,-0.833187,-0.712608,2.017794,,,,,,
64320,,,,,,,,,,,,,,,,,,,,,,,0.197762,0.035563,0.908717,-1.120000,15.400000,16.660000
64321,,,,,,,,,,,,,,,0.204276,0.210704,,,,,,,,,,,,
64322,,,,,,,,,,,,,43.838188,47.809147,,,,,,-0.836508,-0.705688,2.024462,,,,,,
64326,,,,-0.878056,-0.674543,1.911245,0.857652,0.602842,,,,,,,,,,,,,,,,,,,,
64328,,,,,,,,,,,50.973606,52.704906,,,,,0.053102,0.024023,-0.106760,,,,,,,,,
64332,,,,,,,,,,,,,44.546589,47.887753,0.370572,0.336609,,,,,,,,,,,,
64330,,,,,,,,,,,,,,,,,,,,-0.840423,-0.698343,2.027586,,,,,,
64333,,,,,,,,,,,,,,,,,,,,,,,0.197762,0.035563,0.908717,11.340000,44.520000,9.310000
64340,,,,,,,,,,,,,,,,,,,,,,,0.086132,0.018788,1.038037,-13.370000,47.459999,13.650000
64341,,,,,,,,,,,,,46.280415,48.541737,0.319819,0.319329,,,,,,,,,,,,
64346,,,,,,,,,,,,,,,,,,,,-0.844092,-0.691055,2.027484,,,,,,
64352,,,,,,,,,,,,,47.750874,49.653549,0.276186,0.286817,,,,,,,,,,,,
64354,,,,,,,,,,,,,,,,,,,,-0.847680,-0.683213,2.033875,,,,,,
64357,,,,,,,,,,,,,,,,,,,,,,,0.188124,-0.013786,1.057069,1.680000,-51.450001,3.500000
64361,,,,,,,,,,,,,,,0.241456,0.242938,,,,,,,,,,,,
64362,,,,,,,,,,,,,48.908897,51.091896,,,,,,-0.851163,-0.676164,2.030844,0.188124,-0.013786,1.057069,-4.060000,-74.900002,-2.030000
64370,,,,,,,,,,,,,,,,,,,,,,,0.188124,-0.013786,1.057069,-1.680000,-44.310001,-1.890000
64371,,,,,,,,,,,,,,,0.210921,0.223186,,,,-0.854828,-0.669042,2.031109,,,,,,
64372,,,,,,,,,,,,,49.908413,51.745190,,,,,,,,,,,,,,
64376,,,,-0.894755,-0.628658,1.926740,0.937995,0.399814,,,,,,,,,,,,,,,,,,,,
64378,,,,,,,,,,,56.561954,56.851891,,,,,0.054446,0.017830,-0.104782,,,,,,,,,
64381,,,,,,,,,,,,,,,0.363329,0.356213,,,,,,,,,,,,
64382,,,,,,,,,,,,,50.774117,51.770756,,,,,,,,,,,,,,
64383,,,,,,,,,,,,,,,,,,,,,,,0.139507,0.000915,0.932812,-5.110000,28.559999,0.770000
64386,,,,,,,,,,,,,,,,,,,,-0.858753,-0.661349,2.031039,,,,,,
64390,,,,,,,,,,,,,,,,,,,,,,,0.139507,0.000915,0.932812,-13.580000,48.509998,2.380000
64391,,,,,,,,,,,,,51.494560,52.881458,0.344710,0.324512,,,,,,,,,,,,
64394,,,,,,,,,,,,,,,,,,,,-0.862852,-0.653063,2.030973,,,,,,
64400,,,,,,,,,,,,,,,,,,,,,,,0.070028,-0.007442,0.862479,10.780000,-3.570000,-0.490000
64401,,,,,,,,,,,,,,,0.295162,0.298713,,,,,,,,,,,,
64402,,,,,,,,,,,,,53.160759,53.781403,,,,,,-0.866955,-0.645056,2.030743,,,,,,
64412,,,,,,,,,,,,,54.186981,54.709190,0.264864,0.271317,,,,,,,,,,,,
64410,,,,,,,,,,,,,,,,,,,,-0.870882,-0.636945,2.030911,,,,,,
64417,,,,,,,,,,,,,,,,,,,,,,,0.230641,-0.028121,1.031449,22.680000,-22.610001,-11.760000
64422,,,,,,,,,,,,,55.281342,55.720730,0.231578,0.240509,,,,,,,0.230641,-0.028121,1.031449,13.930000,-4.060000,-10.850000
64426,,,,-0.913263,-0.579523,1.933961,1.014351,0.223852,,,,,,,,,,,,,,,,,,,,
64428,,,,,,,,,,,61.797237,60.943802,,,,,0.069499,0.012450,-0.097363,,,,,,,,,
64425,,,,,,,,,,,,,,,,,,,,-0.874929,-0.628520,2.024405,,,,,,
64431,,,,,,,,,,,,,,,0.380327,0.354732,,,,,,,,,,,,
64432,,,,,,,,,,,,,55.905426,56.275127,,,,,,,,,,,,,,
64434,,,,,,,,,,,,,,,,,,,,,,,0.107116,-0.055327,1.003816,3.430000,-1.400000,-6.720000
64433,,,,,,,,,,,,,,,,,,,,-0.879121,-0.620228,2.024362,,,,,,
64440,,,,,,,,,,,,,,,,,,,,,,,0.107116,-0.055327,1.003816,2.660000,3.430000,-5.530000
64442,,,,,,,,,,,,,57.390316,56.611752,0.337327,0.347585,,,,,,,,,,,,
64441,,,,,,,,,,,,,,,,,,,,-0.883272,-0.611685,2.024453,,,,,,
64452,,,,,,,,,,,,,58.305943,58.178108,0.311416,0.300756,,,,,,,,,,,,
64450,,,,,,,,,,,,,,,,,,,,-0.887431,-0.602834,2.024430,,,,,,
64457,,,,,,,,,,,,,,,,,,,,,,,0.121024,-0.011468,1.066219,21.980000,-25.270000,-15.960000
64461,,,,,,,,,,,,,,,0.259163,0.284277,,,,,,,,,,,,
64462,,,,,,,,,,,,,60.021019,58.759525,,,,,,,,,0.121024,-0.011468,1.066219,12.110000,-12.250000,-8.680000
64466,,,,,,,,,,,,,,,,,,,,-0.891453,-0.594174,2.021271,,,,,,
64470,,,,,,,,,,,,,,,,,,,,,,,0.177876,-0.022997,0.863577,6.230000,9.800000,-15.540000
64471,,,,,,,,,,,,,,,0.250455,0.251960,,,,,,,,,,,,
64472,,,,,,,,,,,,,60.335907,59.820835,,,,,,,,,,,,,,
64476,,,,-0.933122,-0.527340,1.933753,1.084703,0.067786,,,,,,,,,,,,-0.895916,-0.585068,2.017947,,,,,,
64478,,,,,,,,,,,66.564728,64.805183,,,,,0.078083,0.008342,-0.087935,,,,,,,,,
64482,,,,,,,,,,,,,61.150326,60.170433,0.378056,0.365189,,,,,,,,,,,,
64484,,,,,,,,,,,,,,,,,,,,-0.900525,-0.576077,2.014640,0.177876,-0.022997,0.863577,1.470000,32.900002,-17.709999
64490,,,,,,,,,,,,,,,,,,,,,,,0.074298,-0.017080,0.863760,-7.770000,39.689999,-10.710000
64491,,,,,,,,,,,,,,,0.357596,0.356782,,,,,,,,,,,,
64492,,,,,,,,,,,,,61.921741,60.546215,,,,,,-0.905105,-0.566722,2.011312,,,,,,
64500,,,,,,,,,,,,,,,,,,,,,,,0.074298,-0.017080,0.863760,21.629999,4.550000,-14.210000
64501,,,,,,,,,,,,,,,0.324304,0.316207,,,,-0.909781,-0.557220,2.011280,,,,,,
64502,,,,,,,,,,,,,63.075214,61.917847,,,,,,,,,,,,,,
64512,,,,,,,,,,,,,64.479507,62.419216,0.282082,0.302416,,,,,,,,,,,,
64517,,,,,,,,,,,,,,,,,,,,,,,0.166713,-0.045750,1.071709,0.630000,-19.530001,-18.620001
64515,,,,,,,,,,,,,,,,,,,,-0.914163,-0.547589,2.011242,,,,,,
64521,,,,,,,,,,,,,,,0.274627,0.267031,,,,,,,,,,,,
64522,,,,,,,,,,,,,64.763329,63.582973,,,,,,,,,0.166713,-0.045750,1.071709,2.730000,-12.880000,-26.530001
64526,,,,-0.953809,-0.472374,1.926702,1.147211,-0.074160,,,,,,,,,,,,,,,,,,,,
64528,,,,,,,,,,,70.885666,68.097130,,,,,0.084838,0.003836,-0.084446,,,,,,,,,
64524,,,,,,,,,,,,,,,,,,,,-0.918855,-0.538027,2.008002,,,,,,
64532,,,,,,,,,,,,,65.459496,63.917961,0.391853,0.362476,,,,-0.923457,-0.528529,2.001435,,,,,,
64533,,,,,,,,,,,,,,,,,,,,,,,0.106872,-0.038613,0.956480,4.060000,-4.200000,-22.959999
64540,,,,,,,,,,,,,,,,,,,,-0.928205,-0.518685,2.001355,0.106872,-0.038613,0.956480,17.290001,6.930000,-19.320000
64542,,,,,,,,,,,,,66.593628,64.748199,0.359841,0.339203,,,,,,,,,,,,
64552,,,,,,,,,,,,,68.417641,65.787880,0.304885,0.308585,,,,,,,,,,,,
64557,,,,,,,,,,,,,,,,,,,,,,,0.042151,-0.047641,0.936838,22.959999,-35.630001,-33.250000
64555,,,,,,,,,,,,,,,,,,,,-0.932759,-0.508654,1.994854,,,,,,
64562,,,,,,,,,,,,,69.063667,66.328392,0.286162,0.293111,,,,,,,0.042151,-0.047641,0.871324,1.330000,-20.230000,-35.349998
64563,,,,,,,,,,,,,,,,,,,,-0.936835,-0.498584,1.988374,,,,,,
64570,,,,,,,,,,,,,,,,,,,,,,,0.169275,-0.066185,0.871324,14.980000,21.350000,-43.680000
64572,,,,,,,,,,,,,69.798141,66.912285,0.264106,0.275828,,,,,,,,,,,,
64571,,,,,,,,,,,,,,,,,,,,-0.941428,-0.488342,1.978411,,,,,,
64576,,,,-0.974745,-0.414956,1.913179,1.200262,-0.206664,,,,,,,,,,,,,,,,,,,,
64578,,,,,,,,,,,74.363831,71.250290,,,,,0.081326,0.001512,-0.065605,,,,,,,,,
64582,,,,,,,,,,,,,69.736801,66.758209,0.378041,0.382415,,,,,,,,,,,,
64583,,,,,,,,,,,,,,,,,,,,,,,0.075823,-0.080520,0.833565,-8.680000,43.680000,-37.730000
64586,,,,,,,,,,,,,,,,,,,,-0.946108,-0.477597,1.978341,,,,,,
64590,,,,,,,,,,,,,,,,,,,,,,,0.075823,-0.080520,0.833565,-7.700000,33.950001,-35.070000
64591,,,,,,,,,,,,,,,0.348883,0.355611,,,,,,,,,,,,
64592,,,,,,,,,,,,,70.762848,67.707283,,,,,,,,,,,,,,
64595,,,,,,,,,,,,,,,,,,,,-0.950946,-0.466936,1.968429,,,,,,
64601,,,,,,,,,,,,,,,0.324976,0.333689,,,,,,,0.078141,-0.075762,1.070916,-9.520000,3.010000,-33.459999
64602,,,,,,,,,,,,,71.599396,68.480286,,,,,,-0.955656,-0.456305,1.961537,,,,,,
64612,,,,,,,,,,,,,72.280716,69.656296,0.305373,0.298283,,,,,,,,,,,,
64610,,,,,,,,,,,,,,,,,,,,-0.959909,-0.445620,1.954981,,,,,,
64617,,,,,,,,,,,,,,,,,,,,,,,0.078141,-0.075762,1.070916,-5.950000,-49.840000,-37.240002
64621,,,,,,,,,,,,,,,0.285660,0.283346,,,,,,,,,,,,
64622,,,,,,,,,,,,,72.948753,70.162865,,,,,,,,,0.089365,-0.097356,0.871934,30.870001,-24.290001,-38.430000
64626,,,,-0.995315,-0.355478,1.893376,1.242504,-0.333617,,,,,,,,,,,,,,,,,,,,
64628,,,,,,,,,,,77.318954,73.463928,,,,,0.095869,-0.000884,-0.061311,,,,,,,,,
64625,,,,,,,,,,,,,,,,,,,,-0.964370,-0.435437,1.951690,,,,,,
64632,,,,,,,,,,,,,73.415596,70.524429,0.366178,0.343303,,,,,,,,,,,,
64634,,,,,,,,,,,,,,,,,,,,,,,0.089365,-0.097356,0.871934,-1.960000,22.469999,-33.459999
64633,,,,,,,,,,,,,,,,,,,,-0.968741,-0.424525,1.945083,,,,,,
64640,,,,,,,,,,,,,,,,,,,,,,,0.047458,-0.104249,0.919270,-0.350000,20.860001,-36.259998
64641,,,,,,,,,,,,,,,0.338911,0.335603,,,,,,,,,,,,
64642,,,,,,,,,,,,,74.365631,70.837898,,,,,,-0.973279,-0.413300,1.938292,,,,,,
64650,,,,,,,,,,,,,,,,,,,,-0.977337,-0.401862,1.931614,0.047458,-0.104249,0.919270,15.680000,-8.050000,-44.660000
64652,,,,,,,,,,,,,74.656319,71.138763,0.331949,0.328060,,,,,,,,,,,,
64661,,,,,,,,,,,,,75.443863,71.935143,0.308896,0.304459,,,,,,,0.081252,-0.113460,0.934154,-5.810000,-18.480000,-53.689999
64675,,,,,,,,,,,,,,,0.294062,0.308930,,,,,,,,,,,,
64676,,,,,,,,,,,,,75.954567,71.832695,,,,,,,,,,,,,,
64677,,,,-1.014884,-0.294396,1.867319,1.272879,-0.458424,,,,,,,,,,,,,,,,,,,,
64679,,,,,,,,,,,79.588959,74.868950,,,,,0.112575,-0.002594,-0.062840,,,,,,,,,
64673,,,,,,,,,,,,,,,,,,,,-0.985854,-0.379822,1.914783,,,,,,
64682,,,,,,,,,,,,,75.862000,72.393860,0.370508,0.337116,,,,,,,,,,,,
64681,,,,,,,,,,,,,,,,,,,,-0.990122,-0.367999,1.904575,,,,,,
64685,,,,,,,,,,,,,,,,,,,,,,,0.066856,-0.100589,0.838140,-19.320000,39.130001,-52.500000
64690,,,,,,,,,,,,,,,,,,,,,,,0.066856,-0.100589,0.838140,17.430000,34.580002,-47.250000
64692,,,,,,,,,,,,,76.998070,72.434006,0.337185,0.337782,,,,,,,,,,,,
64695,,,,,,,,,,,,,,,,,,,,,,,0.028304,-0.141642,1.031327,12.530000,24.290001,-53.970001
64696,,,,,,,,,,,,,,,,,,,,-0.994325,-0.356238,1.894220,,,,,,
64701,,,,,,,,,,,,,,,0.325700,0.320605,,,,,,,0.028304,-0.141642,1.031327,-12.250000,8.260000,-52.709999
64702,,,,,,,,,,,,,77.421852,73.032272,,,,,,,,,,,,,,
64705,,,,,,,,,,,,,,,,,,,,-0.998454,-0.344534,1.887394,,,,,,
64711,,,,,,,,,,,,,,,0.299552,0.289468,,,,,,,0.028304,-0.141642,1.031327,22.190001,-24.430000,-60.549999
64712,,,,,,,,,,,,,78.294632,74.053238,,,,,,,,,,,,,,
64713,,,,,,,,,,,,,,,,,,,,-1.002289,-0.332839,1.877175,,,,,,
64720,,,,,,,,,,,,,,,,,,,,,,,0.057950,-0.140483,0.952393,32.270000,-43.820000,-54.320000
64722,,,,,,,,,,,,,78.497498,73.831367,0.294096,0.297190,,,,,,,,,,,,
64721,,,,,,,,,,,,,,,,,,,,-1.005877,-0.321308,1.866947,,,,,,
64726,,,,-1.032817,-0.232226,1.834875,1.290660,-0.584290,,,,,,,,,,,,,,,,,,,,
64728,,,,,,,,,,,80.508781,76.323494,,,,,0.094873,-0.000259,-0.033537,,,,,,,,,
64738,,,,,,,,,,,,,78.641922,74.035072,0.319704,0.337930,,,,,,,,,,,,
64736,,,,,,,,,,,,,,,,,,,,-1.009241,-0.309742,1.856678,,,,,,
64743,,,,,,,,,,,,,,,,,,,,,,,0.009455,-0.147498,0.923113,-27.790001,10.710000,-58.730000
64744,,,,,,,,,,,,,,,,,,,,-1.012639,-0.297874,1.846314,,,,,,
64748,,,,,,,,,,,,,,,,,,,,,,,0.009455,-0.147498,0.923113,-12.110000,31.430000,-56.560001
64752,,,,,,,,,,,,,78.732666,74.071251,0.318278,0.338577,,,,-1.016193,-0.286019,1.835831,,,,,,
64753,,,,,,,,,,,,,,,,,,,,,,,-0.014518,-0.096746,0.728096,30.520000,46.830002,-51.799999
64761,,,,,,,,,,,,,,,,,,,,,,,-0.014518,-0.096746,0.728096,-16.940001,61.880001,-47.880001
64762,,,,,,,,,,,,,78.855896,74.385513,0.315743,0.330320,,,,,,,,,,,,
64760,,,,,,,,,,,,,,,,,,,,-1.019550,-0.273591,1.832287,,,,,,
64770,,,,,,,,,,,,,,,,,,,,,,,0.051179,-0.126514,1.173518,11.760000,26.459999,-43.470001
64771,,,,,,,,,,,,,,,0.313167,0.322863,,,,,,,,,,,,
64772,,,,,,,,,,,,,78.977386,74.666962,,,,,,,,,,,,,,
64776,,,,-1.048497,-0.169539,1.795734,1.295465,-0.714509,,,,,,,,,,,,,,,,,,,,
64778,,,,,,,,,,,81.122597,76.282768,,,,,0.107011,0.001124,-0.036037,,,,,,,,,
64775,,,,,,,,,,,,,,,,,,,,-1.022951,-0.261164,1.821682,,,,,,
64782,,,,,,,,,,,,,79.538925,75.366821,0.316026,0.300523,,,,,,,,,,,,
64784,,,,,,,,,,,,,,,,,,,,,,,0.051179,-0.126514,1.173518,-9.240000,0.700000,-37.590000
64792,,,,,,,,,,,,,79.613808,75.595810,0.314884,0.293939,,,,,,,,,,,,
64783,,,,,,,,,,,,,,,,,,,,-1.026156,-0.248881,1.814749,,,,,,
64791,,,,,,,,,,,,,,,,,,,,-1.029366,-0.236627,1.807628,,,,,,
64797,,,,,,,,,,,,,,,,,,,,,,,0.008113,-0.081435,0.808555,22.190001,-21.770000,-39.759998
64799,,,,,,,,,,,,,,,,,,,,-1.032192,-0.224497,1.800662,,,,,,
64801,,,,,,,,,,,,,,,0.299230,0.295460,,,,,,,,,,,,
64802,,,,,,,,,,,,,80.141708,75.565086,,,,,,,,,0.008113,-0.081435,0.808555,1.750000,-31.150000,-41.509998
64810,,,,,,,,,,,,,,,,,,,,,,,-0.011956,-0.114497,1.023214,0.840000,-55.160000,-47.250000
64811,,,,,,,,,,,,,80.045273,75.646065,0.303079,0.293442,,,,,,,,,,,,
64814,,,,,,,,,,,,,,,,,,,,-1.035098,-0.212438,1.793622,,,,,,
64820,,,,,,,,,,,,,,,,,,,,,,,-0.011956,-0.114497,1.023214,-32.060001,-50.540001,-50.330002
64821,,,,,,,,,,,,,,,0.306760,0.292002,,,,,,,,,,,,
64822,,,,,,,,,,,,,79.956520,75.706917,,,,,,,,,,,,,,
64826,,,,-1.061343,-0.106955,1.749389,1.287279,-0.852777,,,,,,,,,,,,,,,,,,,,
64828,,,,,,,,,,,81.043602,75.318245,,,,,0.108513,0.002359,-0.043938,,,,,,,,,
64823,,,,,,,,,,,,,,,,,,,,-1.037827,-0.200543,1.786623,,,,,,
64836,,,,,,,,,,,,,80.308098,75.615395,0.293943,0.264601,,,,,,,,,,,,
64830,,,,,,,,,,,,,,,,,,,,-1.040633,-0.188507,1.775937,,,,,,
64841,,,,,,,,,,,,,,,0.304687,0.250784,,,,,,,-0.023424,-0.063379,0.812703,-2.520000,52.919998,-56.910000
64842,,,,,,,,,,,,,79.989540,76.041100,,,,,,,,,,,,,,
64846,,,,,,,,,,,,,,,,,,,,,,,-0.002562,-0.142679,0.893101,1.050000,58.590000,-61.250000
64845,,,,,,,,,,,,,,,,,,,,-1.043389,-0.176186,1.768797,,,,,,
64851,,,,,,,,,,,,,,,,,,,,,,,-0.002562,-0.142679,0.893101,15.680000,50.959999,-60.340000
64852,,,,,,,,,,,,,80.195595,75.261833,0.298943,0.275079,,,,,,,,,,,,
64853,,,,,,,,,,,,,,,,,,,,-1.045984,-0.163498,1.757948,,,,,,
64860,,,,,,,,,,,,,,,,,,,,,,,-0.002562,-0.142679,0.893101,-5.810000,43.189999,-63.910000
64861,,,,,,,,,,,,,,,0.311371,0.315654,,,,,,,,,,,,
64862,,,,,,,,,,,,,79.827026,73.991608,,,,,,-1.048350,-0.150803,1.743453,,,,,,
64870,,,,,,,,,,,,,,,,,,,,,,,-0.050264,-0.139202,1.118679,-20.299999,33.389999,-69.650002
64872,,,,,,,,,,,,,80.309082,73.756332,0.296948,0.324206,,,,,,,,,,,,
64871,,,,,,,,,,,,,,,,,,,,-1.050877,-0.138175,1.735977,,,,,,
64876,,,,-1.070830,-0.045133,1.695081,1.266465,-1.003535,,,,,,,,,,,,,,,,,,,,
64878,,,,,,,,,,,80.020370,73.834099,,,,,0.096089,0.004585,-0.040319,,,,,,,,,
64882,,,,,,,,,,,,,80.155685,74.642204,0.269769,0.249792,,,,,,,,,,,,
64883,,,,,,,,,,,,,,,,,,,,,,,-0.044713,-0.162809,0.740845,33.599998,24.290001,-82.110001
64892,,,,,,,,,,,,,79.741188,74.567444,0.282899,0.251542,,,,,,,,,,,,
64885,,,,,,,,,,,,,,,,,,,,-1.052963,-0.125721,1.721498,,,,,,
64895,,,,,,,,,,,,,,,,,,,,-1.054891,-0.113265,1.706789,,,,,,
64898,,,,,,,,,,,,,,,,,,,,,,,-0.044713,-0.162809,0.740845,18.270000,0.280000,-83.650002
64901,,,,,,,,,,,,,,,0.290791,0.286461,,,,,,,,,,,,
64902,,,,,,,,,,,,,79.500969,73.455948,,,,,,-1.056647,-0.100824,1.691984,,,,,,
64903,,,,,,,,,,,,,,,,,,,,,,,-0.065514,-0.184952,1.038464,2.310000,-3.850000,-79.099998
64910,,,,,,,,,,,,,,,,,,,,,,,-0.065514,-0.184952,1.038464,9.030000,-10.920000,-76.650002
64912,,,,,,,,,,,,,79.480797,73.299850,0.291845,0.291744,,,,,,,,,,,,
64911,,,,,,,,,,,,,,,,,,,,-1.058098,-0.088594,1.677227,,,,,,
64920,,,,,,,,,,,,,,,,,,,,,,,-0.065514,-0.186538,0.804346,23.870001,-3.150000,-71.400002
64921,,,,,,,,,,,,,79.542770,73.240593,0.290291,0.294058,,,,,,,,,,,,
64926,,,,-1.076498,0.015238,1.631736,1.233779,-1.172358,,,,,,,,,,,,,,,,,,,,
64928,,,,,,,,,,,78.423340,71.431740,,,,,0.104213,0.007330,-0.045187,,,,,,,,,
64925,,,,,,,,,,,,,,,,,,,,-1.059427,-0.076261,1.665959,,,,,,
64931,,,,,,,,,,,,,,,0.240986,0.204643,,,,,,,,,,,,
64932,,,,,,,,,,,,,79.500809,73.651482,,,,,,,,,,,,,,
64934,,,,,,,,,,,,,,,,,,,,,,,-0.109861,-0.186538,0.804346,-26.250000,3.150000,-80.290001
64933,,,,,,,,,,,,,,,,,,,,-1.060214,-0.064070,1.651149,,,,,,
64940,,,,,,,,,,,,,,,,,,,,,,,-0.099003,-0.184708,1.005768,-11.480000,-1.400000,-79.519997
64941,,,,,,,,,,,,,,,0.240092,0.225763,,,,,,,,,,,,
64942,,,,,,,,,,,,,79.502213,72.935776,,,,,,-1.061320,-0.052153,1.635905,,,,,,
64952,,,,,,,,,,,,,78.731049,71.591789,0.263883,0.267522,,,,,,,,,,,,
64950,,,,,,,,,,,,,,,,,,,,-1.062298,-0.040155,1.624630,,,,,,
64957,,,,,,,,,,,,,,,,,,,,,,,-0.099003,-0.184708,0.934032,-5.180000,1.750000,-67.410004
64961,,,,,,,,,,,,,77.963303,71.398285,0.288172,0.273579,,,,,,,,,,,,
64963,,,,,,,,,,,,,,,,,,,,,,,-0.124684,-0.159515,0.934032,15.400000,20.230000,-70.070000
64964,,,,,,,,,,,,,,,,,,,,-1.063100,-0.028102,1.613096,,,,,,
64970,,,,,,,,,,,,,,,,,,,,,,,-0.124684,-0.159515,0.934032,38.360001,31.990000,-80.849998
64971,,,,,,,,,,,,,,,0.298953,0.268239,,,,,,,,,,,,
64972,,,,,,,,,,,,,77.637253,71.566223,,,,,,,,,,,,,,
64976,,,,-1.077968,0.073450,1.557886,1.190407,-1.366310,,,,,,,,,,,,,,,,,,,,
64978,,,,,,,,,,,76.288780,68.222992,,,,,0.101954,0.010552,-0.055570,,,,,,,,,
64973,,,,,,,,,,,,,,,,,,,,-1.063409,-0.016000,1.601566,,,,,,
64981,,,,,,,,,,,,,,,0.239951,0.178359,,,,,,,,,,,,
64982,,,,,,,,,,,,,77.367760,71.164703,,,,,,-1.063921,-0.003977,1.585933,,,,,,
64983,,,,,,,,,,,,,,,,,,,,,,,-0.126758,-0.160918,0.812947,-22.820000,30.030001,-82.250000
64992,,,,,,,,,,,,,77.192337,70.395462,0.244710,0.200640,,,,,,,,,,,,
64991,,,,,,,,,,,,,,,,,,,,-1.064152,0.007971,1.574062,,,,,,
64997,,,,,,,,,,,,,,,,,,,,,,,-0.090097,-0.179462,0.987590,-20.230000,20.719999,-83.720001
65002,,,,,,,,,,,,,76.803917,68.390869,0.256419,0.263032,,,,,,,-0.090097,-0.179462,0.987590,-25.270000,14.280000,-84.839996
65000,,,,,,,,,,,,,,,,,,,,-1.064402,0.019832,1.555254,,,,,,
65011,,,,,,,,,,,,,76.381454,68.126854,0.269523,0.271343,,,,,,,-0.090097,-0.179462,0.987590,31.570000,42.840000,-93.589996
65015,,,,,,,,,,,,,,,,,,,,-1.064129,0.031681,1.543799,,,,,,
65020,,,,,,,,,,,,,,,,,,,,,,,-0.230580,-0.192333,0.893467,5.530000,63.279999,-109.620003
65021,,,,,,,,,,,,,75.759064,68.266418,0.289353,0.266956,,,,,,,,,,,,
65026,,,,-1.074946,0.128794,1.471593,1.138013,-1.594120,,,,,,,,,,,,,,,,,,,,
65028,,,,,,,,,,,73.752213,64.255203,,,,,0.096813,0.013524,-0.071885,,,,,,,,,
65023,,,,,,,,,,,,,,,,,,,,-1.063725,0.043507,1.524760,,,,,,
65032,,,,,,,,,,,,,75.781395,68.382751,0.207864,0.136161,,,,,,,,,,,,
65033,,,,,,,,,,,,,,,,,,,,,,,-0.230580,-0.216611,0.979172,5.880000,69.650002,-103.320000
65031,,,,,,,,,,,,,,,,,,,,-1.063127,0.055340,1.506252,,,,,,
65040,,,,,,,,,,,,,,,,,,,,,,,-0.145790,-0.216611,0.979172,21.350000,51.380001,-88.059998
65041,,,,,,,,,,,,,75.325050,66.346832,0.220876,0.198092,,,,,,,,,,,,
65051,,,,,,,,,,,,,,,0.269808,0.253496,,,,,,,,,,,,
65052,,,,,,,,,,,,,73.758018,64.564880,,,,,,,,,,,,,,
65046,,,,,,,,,,,,,,,,,,,,-1.062336,0.066935,1.487832,,,,,,
65054,,,,,,,,,,,,,,,,,,,,-1.061325,0.078177,1.472811,,,,,,
65057,,,,,,,,,,,,,,,,,,,,,,,-0.165615,-0.187087,0.931897,15.890000,10.850000,-101.779999
65061,,,,,,,,,,,,,,,0.276113,0.265483,,,,,,,,,,,,
65062,,,,,,,,,,,,,73.560951,64.182854,,,,,,,,,-0.165615,-0.187087,0.931897,7.700000,28.700001,-111.300003
65070,,,,,,,,,,,,,,,,,,,,-1.058972,0.099859,1.431983,-0.165615,-0.187087,0.725168,2.450000,-22.680000,-115.639999
65071,,,,,,,,,,,,,,,0.280644,0.257458,,,,,,,,,,,,
65072,,,,,,,,,,,,,73.424126,64.435310,,,,,,,,,,,,,,
65076,,,,-1.067230,0.180574,1.370431,1.078828,-1.865709,,,,,,,,,,,,,,,,,,,,
65078,,,,,,,,,,,70.556625,60.344746,,,,,0.079814,0.019247,-0.063507,,,,,,,,,
65081,,,,,,,,,,,,,,,0.184287,0.127042,,,,,,,,,,,,
65082,,,,,,,,,,,,,73.241966,64.587074,,,,,,,,,,,,,,
65083,,,,,,,,,,,,,,,,,,,,,,,-0.316651,-0.170434,0.725168,8.190000,-60.340000,-113.610001
65084,,,,,,,,,,,,,,,,,,,,-1.057619,0.110001,1.413332,,,,,,
65090,,,,,,,,,,,,,,,,,,,,,,,-0.131882,-0.241377,0.891820,4.620000,-62.230000,-110.389999
65091,,,,,,,,,,,,,,,0.201296,0.151814,,,,,,,,,,,,
65092,,,,,,,,,,,,,72.645576,63.710381,,,,,,,,,,,,,,
65093,,,,,,,,,,,,,,,,,,,,-1.056175,0.120156,1.395080,,,,,,
65100,,,,,,,,,,,,,,,,,,,,,,,-0.131882,-0.241377,0.891820,4.130000,-61.810001,-104.089996
65101,,,,,,,,,,,,,,,0.217557,0.227094,,,,-1.054453,0.129807,1.376760,,,,,,
65102,,,,,,,,,,,,,72.087196,61.280159,,,,,,,,,,,,,,
65112,,,,,,,,,,,,,71.003586,60.276424,0.251100,0.258545,,,,,,,,,,,,
65117,,,,,,,,,,,,,,,,,,,,,,,-0.269437,-0.220393,0.968314,22.889999,11.270000,-109.970001
65116,,,,,,,,,,,,,,,,,,,,-1.052691,0.139768,1.358764,,,,,,
65121,,,,,,,,,,,,,,,0.275374,0.246378,,,,,,,,,,,,
65122,,,,,,,,,,,,,70.235634,60.657528,,,,,,,,,-0.269437,-0.220393,0.968314,6.090000,26.180000,-112.419998
65126,,,,-1.054706,0.228125,1.251642,1.015779,-2.190153,,,,,,,,,,,,,,,,,,,,
65128,,,,,,,,,,,67.862907,54.952454,,,,,0.084872,0.020764,-0.105549,,,,,,,,,
65124,,,,,,,,,,,,,,,,,,,,-1.050493,0.149537,1.341127,,,,,,
65131,,,,,,,,,,,,,,,0.194925,0.065195,,,,-1.048242,0.159356,1.320344,,,,,,
65132,,,,,,,,,,,,,70.056160,60.901157,,,,,,,,,,,,,,
65133,,,,,,,,,,,,,,,,,,,,,,,-0.200629,-0.195017,0.835578,12.950000,20.370001,-112.699997
65140,,,,,,,,,,,,,,,,,,,,,,,-0.200629,-0.195017,0.835578,24.500000,6.090000,-100.800003
65141,,,,,,,,,,,,,,,0.215706,0.124349,,,,,,,,,,,,
65142,,,,,,,,,,,,,69.355064,58.912621,,,,,,-1.048242,0.159356,1.320344,,,,,,
65150,,,,,,,,,,,,,,,,,,,,,,,-0.079971,-0.224175,1.038220,4.690000,3.640000,-102.059998
65151,,,,,,,,,,,,,,,0.251407,0.192785,,,,-1.045622,0.169105,1.303062,,,,,,
65152,,,,,,,,,,,,,68.206375,56.683704,,,,,,,,,,,,,,
65161,,,,,,,,,,,,,,,0.263652,0.233364,,,,,,,-0.079971,-0.224175,1.038220,-20.370001,51.380001,-156.169998
65162,,,,,,,,,,,,,67.816490,55.377197,,,,,,,,,,,,,,
65160,,,,,,,,,,,,,,,,,,,,-1.042879,0.178741,1.285962,,,,,,
65172,,,,,,,,,,,,,67.337227,54.707344,0.279074,0.254533,,,,,,,,,,,,
65168,,,,,,,,,,,,,,,,,,,,-1.040206,0.188249,1.264975,,,,,,
65176,,,,-1.037343,0.270832,1.112700,0.952631,-2.570261,,,,,,,,,,,,-1.037340,0.197769,1.231159,,,,,,
65178,,,,,,,,,,,65.165947,49.365002,,,,,0.079450,0.022430,-0.149619,,,,,,,,,
65181,,,,,,,,,,,,,,,,,,,,,,,-0.283589,-0.160979,0.829234,-0.490000,59.919998,-176.539993
65182,,,,,,,,,,,,,67.538605,54.735607,0.186335,0.074199,,,,,,,,,,,,
65184,,,,,,,,,,,,,,,,,,,,-1.034144,0.207097,1.200932,,,,,,
65187,,,,,,,,,,,,,,,,,,,,,,,-0.198006,-0.305061,1.208898,18.620001,17.709999,-171.080002
65192,,,,,,,,,,,,,67.393448,53.451065,0.189133,0.111267,,,,,,,-0.198006,-0.305061,1.208898,33.669998,-38.779999,-158.619995
65193,,,,,,,,,,,,,,,,,,,,-1.030714,0.215720,1.167580,,,,,,
65200,,,,,,,,,,,,,,,,,,,,-1.027272,0.223778,1.140889,-0.198006,-0.305061,1.208898,11.620000,-44.099998,-163.169998
65201,,,,,,,,,,,,,,,0.230756,0.174165,,,,,,,,,,,,
65202,,,,,,,,,,,,,66.044197,51.394531,,,,,,,,,,,,,,
65212,,,,,,,,,,,,,65.716011,50.719673,0.240615,0.194263,,,,,,,,,,,,
65217,,,,,,,,,,,,,,,,,,,,,,,-0.150670,-0.281881,0.794708,16.309999,35.490002,-200.690002
65215,,,,,,,,,,,,,,,,,,,,-1.023656,0.231935,1.108133,,,,,,
65221,,,,,,,,,,,,,,,0.249992,0.216893,,,,,,,,,,,,
65222,,,,,,,,,,,,,65.410889,49.982567,,,,,,,,,,,,,,
65223,,,,,,,,,,,,,,,,,,,,-1.019552,0.240027,1.075729,-0.378566,-0.342149,1.118679,28.209999,18.480000,-202.020004
65226,,,,-1.015193,0.308149,0.952550,0.894106,-2.991653,,,,,,,,,,,,,,,,,,,,
65228,,,,,,,,,,,62.561264,44.830223,,,,,0.071905,0.026513,-0.155823,,,,,,,,,
65231,,,,,,,,,,,,,,,0.164253,0.078239,,,,,,,,,,,,
65232,,,,,,,,,,,,,65.462265,49.737312,,,,,,-1.015438,0.247272,1.043729,,,,,,
65233,,,,,,,,,,,,,,,,,,,,,,,-0.378566,-0.342149,1.118679,44.240002,-0.420000,-197.399994
65240,,,,,,,,,,,,,,,,,,,,-1.010948,0.254552,1.005843,-0.378566,-0.338306,0.869494,34.860001,-6.370000,-196.350006
65241,,,,,,,,,,,,,,,0.195309,0.115931,,,,,,,,,,,,
65242,,,,,,,,,,,,,64.426903,48.446827,,,,,,,,,,,,,,
65250,,,,,,,,,,,,,,,,,,,,,,,-0.123586,-0.338306,0.869494,28.910000,-11.620000,-190.050003
65251,,,,,,,,,,,,,63.501335,46.229359,0.223645,0.184490,,,,,,,,,,,,
65255,,,,,,,,,,,,,,,,,,,,-1.006412,0.261426,0.971308,,,,,,
65261,,,,,,,,,,,,,,,0.246716,0.207371,,,,,,,-0.321104,-0.313601,1.006134,-8.120000,27.650000,-203.979996
65262,,,,,,,,,,,,,62.761906,45.484592,,,,,,,,,,,,,,
65272,,,,,,,,,,,,,62.591049,45.879879,0.252060,0.194127,,,,-0.996916,0.274760,0.900136,,,,,,
65263,,,,,,,,,,,,,,,,,,,,-1.001594,0.268448,0.936739,,,,,,
65276,,,,-0.988370,0.339620,0.773561,0.845796,-3.407051,,,,,,,,,,,,,,,,,,,,
65278,,,,,,,,,,,60.376904,41.583534,,,,,0.056734,0.033428,-0.130290,,,,,,,,,
65281,,,,,,,,,,,,,,,,,,,,,,,-0.321104,-0.313601,1.006134,-7.980000,-45.430000,-214.130005
65282,,,,,,,,,,,,,62.583923,45.767643,0.181818,0.092162,,,,,,,,,,,,
65280,,,,,,,,,,,,,,,,,,,,-0.992312,0.280627,0.869059,,,,,,
65287,,,,,,,,,,,,,,,,,,,,,,,-0.211365,-0.269132,0.834236,17.639999,-62.790001,-200.830002
65292,,,,,,,,,,,,,62.203121,44.341953,0.192360,0.134844,,,,,,,-0.211365,-0.269132,0.834236,32.410000,-73.849998,-188.649994
65295,,,,,,,,,,,,,,,,,,,,-0.987753,0.286305,0.826789,,,,,,
65300,,,,,,,,,,,,,,,,,,,,,,,-0.118645,-0.385581,1.237629,8.260000,-82.809998,-194.740005
65301,,,,,,,,,,,,,,,0.215472,0.194319,,,,,,,,,,,,
65302,,,,,,,,,,,,,61.441868,42.430408,,,,,,-0.982887,0.291478,0.790357,,,,,,
65310,,,,,,,,,,,,,,,,,,,,,,,-0.118645,-0.385581,1.237629,36.610001,-43.680000,-209.089996
65311,,,,,,,,,,,,,,,0.245135,0.197853,,,,-0.977900,0.296506,0.751435,,,,,,
65312,,,,,,,,,,,,,60.496098,42.300129,,,,,,,,,,,,,,
65320,,,,,,,,,,,,,,,,,,,,,,,-0.231190,-0.269986,0.819718,-1.400000,-30.940001,-211.750000
65321,,,,,,,,,,,,,60.227657,42.723160,0.253698,0.183645,,,,,,,,,,,,
65326,,,,-0.957053,0.364899,0.583179,0.813606,-3.727561,,,,,,,,,,,,-0.972698,0.301243,0.712723,,,,,,
65328,,,,,,,,,,,59.309727,38.240028,,,,,0.060773,0.035852,-0.166637,,,,,,,,,
65336,,,,,,,,,,,,,60.694027,42.112484,0.204342,0.094568,,,,,,,,,,,,
65334,,,,,,,,,,,,,,,,,,,,-0.967319,0.306111,0.671557,,,,,,
65341,,,,,,,,,,,,,,,0.208330,0.093160,,,,,,,-0.231190,-0.330498,1.189439,12.320000,-61.950001,-186.270004
65342,,,,,,,,,,,,,60.536617,42.061508,,,,,,-0.961543,0.310500,0.639207,,,,,,
65346,,,,,,,,,,,,,,,,,,,,,,,-0.078202,-0.330498,1.189439,11.060000,-69.580002,-191.869995
65351,,,,,,,,,,,,,,,,,,,,,,,-0.078202,-0.330498,1.189439,26.250000,-79.730003,-207.550003
65352,,,,,,,,,,,,,59.718456,40.330959,0.233758,0.145980,,,,,,,,,,,,
65350,,,,,,,,,,,,,,,,,,,,-0.956138,0.314570,0.607164,,,,,,
65361,,,,,,,,,,,,,59.047798,39.434902,0.255073,0.173241,,,,,,,-0.016165,-0.262056,0.827587,-10.010000,-81.199997,-241.850006
65372,,,,,,,,,,,,,58.762089,39.589424,0.264497,0.167314,,,,,,,,,,,,
65366,,,,,,,,,,,,,,,,,,,,-0.950644,0.318475,0.569473,,,,,,
65376,,,,-0.921464,0.383763,0.393328,0.802524,-3.846595,,,,,,,,,,,,,,,,,,,,
65378,,,,,,,,,,,58.879669,37.194080,,,,,0.059200,0.039298,-0.175495,,,,,,,,,
65374,,,,,,,,,,,,,,,,,,,,-0.945164,0.322219,0.520642,,,,,,
65382,,,,,,,,,,,,,59.761597,38.986084,0.218804,0.151962,,,,-0.939226,0.325293,0.483529,-0.150609,-0.328546,1.034560,-6.300000,-11.970000,-264.600006
65387,,,,,,,,,,,,,,,,,,,,,,,-0.150609,-0.328546,1.034560,-22.540001,-9.450000,-258.579987
65392,,,,,,,,,,,,,59.277176,38.199154,0.233739,0.175941,,,,,,,0.025498,-0.296643,0.838933,-2.380000,-3.570000,-253.750000
65390,,,,,,,,,,,,,,,,,,,,-0.932880,0.329060,0.435220,,,,,,
65400,,,,,,,,,,,,,,,,,,,,,,,0.025498,-0.296643,0.838933,16.379999,33.040001,-260.049988
65401,,,,,,,,,,,,,,,0.253265,0.193438,,,,,,,,,,,,
65402,,,,,,,,,,,,,58.662304,37.632324,,,,,,,,,,,,,,
65405,,,,,,,,,,,,,,,,,,,,-0.926385,0.332029,0.389922,,,,,,
65411,,,,,,,,,,,,,,,0.252653,0.208625,,,,,,,0.028548,-0.399367,1.045296,-7.840000,33.599998,-255.220001
65412,,,,,,,,,,,,,58.686584,37.150967,,,,,,,,,,,,,,
65413,,,,,,,,,,,,,,,,,,,,-0.919873,0.334946,0.344886,,,,,,
65420,,,,,,,,,,,,,,,,,,,,,,,0.028548,-0.399367,1.045296,20.160000,19.670000,-244.509995
65421,,,,,,,,,,,,,,,0.252359,0.204159,,,,-0.913111,0.337507,0.300026,,,,,,
65422,,,,,,,,,,,,,58.700436,37.290413,,,,,,,,,,,,,,
65425,,,,-0.881871,0.396133,0.216671,0.814998,-3.703571,,,,,,,,,,,,,,,,,,,,
65427,,,,,,,,,,,58.702454,39.997410,,,,,,,,,,,,,,,,
65428,,,,,,,,,,,,,,,,,0.047567,0.046598,-0.088286,,,,,,,,,
65435,,,,,,,,,,,,,58.524506,37.333084,0.252462,0.293208,,,,,,,,,,,,
65429,,,,,,,,,,,,,,,,,,,,-0.905604,0.339560,0.260895,,,,,,
65440,,,,,,,,,,,,,,,,,,,,-0.905604,0.339560,0.260895,0.038796,-0.369050,1.089033,36.049999,-33.669998,-234.919998
65442,,,,,,,,,,,,,58.963341,37.598034,0.238434,0.286757,,,,,,,,,,,,
65446,,,,,,,,,,,,,,,,,,,,,,,0.038796,-0.369050,1.089033,30.030001,-27.790001,-225.399994
65448,,,,,,,,,,,,,,,,,,,,-0.899029,0.341251,0.216282,,,,,,
65451,,,,,,,,,,,,,58.951168,38.776890,0.238622,0.250592,,,,,,,0.052094,-0.330376,1.040294,11.130000,-21.209999,-212.309998
65456,,,,,,,,,,,,,,,,,,,,-0.892591,0.342763,0.166257,,,,,,
65461,,,,,,,,,,,,,,,0.256864,0.237548,,,,,,,0.052094,-0.330376,1.040294,3.290000,-1.190000,-176.960007
65462,,,,,,,,,,,,,58.380035,39.210766,,,,,,,,,,,,,,
65464,,,,,,,,,,,,,,,,,,,,-0.885456,0.344190,0.130164,,,,,,
65470,,,,,,,,,,,,,,,,,,,,,,,0.145363,-0.225334,0.903776,-27.719999,14.770000,-158.550003
65471,,,,,,,,,,,,,58.420967,40.103710,0.255797,0.209341,,,,,,,,,,,,
65472,,,,,,,,,,,,,,,,,,,,-0.878057,0.345555,0.096913,,,,,,
65475,,,,-0.838567,0.402085,0.062241,0.849883,-3.332119,,,,,,,,,,,,,,,,,,,,
65477,,,,,,,,,,,59.288280,43.966522,,,,,,,,,,,,,,,,
65478,,,,,,,,,,,,,,,,,0.044528,0.052339,-0.037051,,,,,,,,,
65481,,,,,,,,,,,,,,,0.291939,0.313437,,,,-0.870356,0.346834,0.074741,,,,,,
65482,,,,,,,,,,,,,57.892548,40.842197,,,,,,,,,,,,,,
65483,,,,,,,,,,,,,,,,,,,,,,,0.145363,-0.225334,0.903776,0.420000,34.720001,-145.880005
65489,,,,,,,,,,,,,,,,,,,,-0.862373,0.347703,0.044380,,,,,,
65492,,,,,,,,,,,,,57.683578,41.753983,0.299778,0.286499,,,,,,,,,,,,
65497,,,,,,,,,,,,,,,,,,,,,,,0.103517,-0.265045,0.925431,-24.780001,32.060001,-144.199997
65501,,,,,,,,,,,,,,,,,,,,,,,0.103517,-0.265045,0.925431,-19.459999,16.520000,-129.919998
65502,,,,,,,,,,,,,57.985935,42.914955,0.291294,0.250807,,,,,,,,,,,,
65504,,,,,,,,,,,,,,,,,,,,-0.854482,0.348535,0.016731,,,,,,
65510,,,,,,,,,,,,,,,,,,,,,,,0.148901,-0.215391,1.073844,8.260000,-11.410000,-124.669998
65512,,,,,,,,,,,,,58.422276,43.474987,0.278250,0.233577,,,,-0.846553,0.349141,-0.008196,,,,,,
65520,,,,,,,,,,,,,,,,,,,,-0.838703,0.349601,-0.027647,0.148901,-0.215391,1.073844,-4.550000,-26.879999,-120.330002
65521,,,,,,,,,,,,,,,0.259197,0.190871,,,,,,,,,,,,
65522,,,,,,,,,,,,,59.034332,44.811378,,,,,,,,,,,,,,
65525,,,,-0.791879,0.401855,-0.066201,0.902781,-2.833011,,,,,,,,,,,,,,,,,,,,
65527,,,,,,,,,,,61.142685,48.536415,,,,,,,,,,,,,,,,
65528,,,,,,,,,,,,,,,,,0.044988,0.053794,-0.037504,,,,,,,,,
65535,,,,,,,,,,,,,59.229759,44.872997,0.312756,0.335318,,,,,,,,,,,,
65536,,,,,,,,,,,,,,,,,,,,-0.830599,0.349442,-0.052602,,,,,,
65540,,,,,,,,,,,,,,,,,,,,,,,0.128588,-0.224114,1.041453,-4.970000,-16.520000,-130.619995
65541,,,,,,,,,,,,,,,0.304502,0.311909,,,,,,,,,,,,
65542,,,,,,,,,,,,,59.533134,45.690228,,,,,,,,,,,,,,
65546,,,,,,,,,,,,,,,,,,,,,,,0.059536,-0.214476,0.924089,26.180000,-13.930000,-137.970001
65544,,,,,,,,,,,,,,,,,,,,-0.822123,0.349416,-0.069186,,,,,,
65551,,,,,,,,,,,,,,,0.274999,0.265567,,,,-0.812704,0.350146,-0.053042,0.059536,-0.214476,0.924089,25.900000,-22.680000,-131.740005
65552,,,,,,,,,,,,,60.489483,47.200226,,,,,,,,,,,,,,
65561,,,,,,,,,,,,,,,,,,,,,,,0.059536,-0.214476,0.963495,19.879999,-30.450001,-110.320000
65559,,,,,,,,,,,,,,,,,,,,-0.803757,0.350835,-0.040717,,,,,,
65562,,,,,,,,,,,,,60.553719,48.299042,0.273447,0.231265,,,,,,,,,,,,
65570,,,,,,,,,,,,,,,,,,,,,,,0.161650,-0.229055,0.963495,-1.610000,-9.380000,-106.540001
65571,,,,,,,,,,,,,61.048569,49.054371,0.257989,0.207149,,,,,,,,,,,,
65575,,,,-0.742157,0.395847,-0.168996,0.967424,-2.306533,,,,,,,,,,,,-0.794952,0.350421,-0.056701,,,,,,
65578,,,,,,,,,,,64.521210,52.258949,,,,,0.058392,0.048388,-0.119424,,,,,,,,,
65581,,,,,,,,,,,,,,,0.362100,0.313338,,,,,,,,,,,,
65582,,,,,,,,,,,,,61.183743,49.455578,,,,,,-0.786222,0.349355,-0.082184,,,,,,
65583,,,,,,,,,,,,,,,,,,,,,,,0.097600,-0.151158,0.835944,0.840000,31.010000,-108.290001
65592,,,,,,,,,,,,,61.687943,49.778278,0.348552,0.305192,,,,,,,,,,,,
65590,,,,,,,,,,,,,,,,,,,,-0.777136,0.347391,-0.109360,,,,,,
65597,,,,,,,,,,,,,,,,,,,,,,,0.097600,-0.151158,0.835944,-20.860001,16.940001,-118.650002
65601,,,,,,,,,,,,,62.614212,50.808422,0.321066,0.274097,,,,,,,,,,,,
65602,,,,,,,,,,,,,,,,,,,,,,,0.120170,-0.195505,1.092327,-2.800000,-1.540000,-122.360001
65605,,,,,,,,,,,,,,,,,,,,-0.767979,0.345175,-0.160651,,,,,,
65611,,,,,,,,,,,,,,,0.289406,0.252358,,,,,,,0.120170,-0.195505,1.092327,32.619999,-24.010000,-124.250000
65612,,,,,,,,,,,,,63.647915,51.521660,,,,,,,,,,,,,,
65614,,,,,,,,,,,,,,,,,,,,-0.759147,0.343418,-0.196813,,,,,,
65620,,,,,,,,,,,,,,,,,,,,,,,0.173057,-0.194712,0.781410,-0.140000,2.030000,-124.250000
65621,,,,,,,,,,,,,,,0.279812,0.216130,,,,,,,,,,,,
65622,,,,,,,,,,,,,63.968407,52.669056,,,,,,-0.750481,0.341916,-0.224638,,,,,,
65625,,,,-0.689776,0.384627,-0.248533,1.037106,-1.813754,,,,,,,,,,,,,,,,,,,,
65628,,,,,,,,,,,66.439400,59.593204,,,,,0.050406,0.054714,-0.029275,,,,,,,,,
65636,,,,,,,,,,,,,64.611198,52.871887,0.321085,0.444302,,,,,,,,,,,,
65630,,,,,,,,,,,,,,,,,,,,-0.740625,0.340185,-0.244154,,,,,,
65641,,,,,,,,,,,,,,,0.316036,0.416935,,,,,,,0.173057,-0.209169,0.809836,10.500000,21.350000,-136.990005
65642,,,,,,,,,,,,,64.813736,53.891289,,,,,,,,,,,,,,
65646,,,,,,,,,,,,,,,,,,,,,,,0.071492,-0.209169,0.809836,3.430000,20.020000,-141.190002
65645,,,,,,,,,,,,,,,,,,,,-0.731237,0.338160,-0.263676,,,,,,
65651,,,,,,,,,,,,,,,0.294488,0.378313,,,,,,,0.071492,-0.209169,0.809836,11.830000,-0.350000,-137.199997
65652,,,,,,,,,,,,,65.526260,55.236916,,,,,,-0.721790,0.335894,-0.291620,,,,,,
65660,,,,,,,,,,,,,,,,,,,,-0.712403,0.333457,-0.314000,0.117059,-0.247416,1.079883,23.520000,-52.779999,-94.989998
65661,,,,,,,,,,,,,,,0.258876,0.310714,,,,,,,,,,,,
65662,,,,,,,,,,,,,66.660255,57.453918,,,,,,,,,,,,,,
65670,,,,,,,,,,,,,,,,,,,,,,,0.117059,-0.247416,1.079883,-3.430000,-15.050000,-65.029999
65671,,,,,,,,,,,,,66.512436,58.766224,0.263438,0.270354,,,,,,,,,,,,
65675,,,,-0.635136,0.368917,-0.307712,1.105565,-1.377631,,,,,,,,,,,,-0.703265,0.330900,-0.322525,,,,,,
65678,,,,,,,,,,,68.830635,65.579353,,,,,0.061607,0.057555,0.004710,,,,,,,,,
65681,,,,,,,,,,,,,66.359779,59.842113,0.344708,0.427917,,,,,,,,,,,,
65683,,,,,,,,,,,,,,,,,,,,-0.692770,0.328199,-0.330829,0.157990,-0.120048,0.634034,6.580000,63.070000,-31.850000
65692,,,,,,,,,,,,,66.814812,61.330845,0.332106,0.384842,,,,,,,,,,,,
65691,,,,,,,,,,,,,,,,,,,,-0.682271,0.325140,-0.336444,,,,,,
65698,,,,,,,,,,,,,,,,,,,,,,,0.078812,-0.147254,0.927383,-17.990000,21.700001,-19.809999
65701,,,,,,,,,,,,,,,0.323168,0.330453,,,,,,,,,,,,
65702,,,,,,,,,,,,,67.144043,63.136837,,,,,,,,,,,,,,
65703,,,,,,,,,,,,,,,,,,,,,,,0.078812,-0.147254,0.927383,-12.110000,-12.880000,-7.770000
65706,,,,,,,,,,,,,,,,,,,,-0.671984,0.321984,-0.342016,,,,,,
65710,,,,,,,,,,,,,,,,,,,,,,,0.078812,-0.147254,0.927383,0.210000,-57.820000,12.320000
65711,,,,,,,,,,,,,,,0.296410,0.301521,,,,,,,,,,,,
65712,,,,,,,,,,,,,68.022614,64.102020,,,,,,,,,,,,,,
65715,,,,,,,,,,,,,,,,,,,,-0.661744,0.319045,-0.344826,,,,,,
65721,,,,,,,,,,,,,68.210701,65.460739,0.291033,0.259248,,,,,,,0.183549,-0.051118,1.091534,-1.820000,-35.349998,17.080000
65726,,,,-0.578671,0.349579,-0.349158,1.167364,-0.998381,,,,,,,,,,,,,,,,,,,,
65728,,,,,,,,,,,71.684303,70.239525,,,,,0.067599,0.057002,-0.004797,,,,,,,,,
65723,,,,,,,,,,,,,,,,,,,,-0.651484,0.315772,-0.342046,,,,,,
65732,,,,,,,,,,,,,68.287697,65.973877,0.380015,0.391574,,,,,,,,,,,,
65733,,,,,,,,,,,,,,,,,,,,,,,0.083021,-0.032818,0.842349,22.330000,19.389999,9.800000
65731,,,,,,,,,,,,,,,,,,,,-0.640839,0.312335,-0.336468,,,,,,
65740,,,,,,,,,,,,,,,,,,,,,,,0.083021,-0.032818,0.842349,5.810000,22.330000,0.560000
65741,,,,,,,,,,,,,69.035072,67.088226,0.358853,0.359393,,,,,,,,,,,,
65752,,,,,,,,,,,,,69.824242,68.186165,0.335771,0.326859,,,,,,,,,,,,
65746,,,,,,,,,,,,,,,,,,,,-0.630138,0.308752,-0.333648,,,,,,
65754,,,,,,,,,,,,,,,,,,,,-0.619598,0.305255,-0.336404,,,,,,
65757,,,,,,,,,,,,,,,,,,,,,,,0.096258,-0.003294,1.028155,14.630000,-39.480000,6.580000
65761,,,,,,,,,,,,,,,0.295516,0.296419,,,,,,,,,,,,
65762,,,,,,,,,,,,,71.132484,69.191376,,,,,,,,,0.096258,-0.003294,1.028155,-10.220000,-16.379999,6.860000
65763,,,,,,,,,,,,,,,,,,,,-0.608768,0.301666,-0.330872,,,,,,
65770,,,,,,,,,,,,,,,,,,,,,,,0.144753,0.021350,0.835212,-22.190001,18.830000,-7.280000
65771,,,,,,,,,,,,,,,0.288401,0.279877,,,,-0.598047,0.298260,-0.333678,,,,,,
65772,,,,,,,,,,,,,71.369202,69.735954,,,,,,,,,,,,,,
65775,,,,-0.520846,0.327593,-0.374906,1.218004,-0.666242,,,,,,,,,,,,,,,,,,,,
65778,,,,,,,,,,,74.477997,73.489952,,,,,0.063945,0.053344,-0.038996,,,,,,,,,
65779,,,,,,,,,,,,,,,,,,,,-0.586345,0.294665,-0.330826,,,,,,
65782,,,,,,,,,,,,,71.380074,70.005859,0.377219,0.375126,,,,,,,,,,,,
65783,,,,,,,,,,,,,,,,,,,,,,,0.144753,0.021350,0.835212,-34.790001,53.130001,-10.150000
65790,,,,,,,,,,,,,,,,,,,,,,,0.035136,0.047458,1.013149,-8.330000,31.780001,-13.510000
65791,,,,,,,,,,,,,72.312378,70.599152,0.349975,0.358978,,,,,,,,,,,,
65794,,,,,,,,,,,,,,,,,,,,-0.574659,0.291470,-0.330790,,,,,,
65800,,,,,,,,,,,,,,,,,,,,,,,0.035136,0.047458,1.013149,9.660000,-8.260000,-12.040000
65801,,,,,,,,,,,,,72.898315,71.456810,0.333024,0.333948,,,,-0.563163,0.287885,-0.336325,,,,,,
65812,,,,,,,,,,,,,74.183418,72.435257,0.293357,0.304399,,,,,,,,,,,,
65809,,,,,,,,,,,,,,,,,,,,-0.551860,0.284447,-0.339191,,,,,,
65818,,,,,,,,,,,,,,,,,,,,,,,0.109678,-0.055083,0.972401,6.370000,-61.810001,-14.980000
65822,,,,,,,,,,,,,74.735367,72.704582,0.276018,0.296654,,,,,,,,,,,,
65823,,,,,,,,,,,,,,,,,,,,,,,0.109678,-0.055083,0.972401,3.500000,-25.270000,-11.480000
65826,,,,-0.462158,0.304030,-0.386331,1.253947,-0.368280,,,,,,,,,,,,,,,,,,,,
65828,,,,,,,,,,,76.130203,76.163391,,,,,0.077021,0.048660,-0.045754,,,,,,,,,
65824,,,,,,,,,,,,,,,,,,,,-0.540902,0.280860,-0.344765,,,,,,
65831,,,,,,,,,,,,,,,0.338171,0.381839,,,,,,,,,,,,
65832,,,,,,,,,,,,,74.427414,72.718712,,,,,,,,,,,,,,
65833,,,,,,,,,,,,,,,,,,,,-0.529343,0.276953,-0.342105,0.078263,-0.036722,0.911584,14.000000,20.230000,-11.690000
65840,,,,,,,,,,,,,,,,,,,,-0.517806,0.273253,-0.339293,0.078263,-0.036722,0.911584,21.209999,34.299999,-10.080000
65842,,,,,,,,,,,,,74.668213,73.778008,0.331851,0.350854,,,,,,,,,,,,
65852,,,,,,,,,,,,,75.211601,74.462578,0.315716,0.330954,,,,,,,,,,,,
65857,,,,,,,,,,,,,,,,,,,,,,,0.030744,-0.023973,0.761951,-18.760000,12.810000,8.050000
65855,,,,,,,,,,,,,,,,,,,,-0.505899,0.269519,-0.336450,,,,,,
65861,,,,,,,,,,,,,,,0.304109,0.316184,,,,,,,,,,,,
65862,,,,,,,,,,,,,75.599213,74.968987,,,,,,,,,,,,,,
65863,,,,,,,,,,,,,,,,,,,,,,,0.030744,0.015860,1.089399,-8.820000,6.790000,4.200000
65864,,,,,,,,,,,,,,,,,,,,-0.493918,0.265785,-0.341991,,,,,,
65870,,,,,,,,,,,,,,,,,,,,,,,0.087413,0.015860,1.089399,-3.500000,-7.070000,5.180000
65871,,,,,,,,,,,,,,,0.302316,0.294297,,,,,,,,,,,,
65872,,,,,,,,,,,,,75.668709,75.686600,,,,,,-0.481966,0.262068,-0.341967,,,,,,
65876,,,,-0.403146,0.280024,-0.384136,1.272638,-0.091061,,,,,,,,,,,,,,,,,,,,
65878,,,,,,,,,,,76.678993,77.905830,,,,,0.069089,0.043548,-0.042310,,,,,,,,,
65880,,,,,,,,,,,,,,,,,,,,-0.469982,0.258107,-0.339133,,,,,,
65882,,,,,,,,,,,,,76.128586,75.624428,0.305501,0.352046,,,,,,,,,,,,
65883,,,,,,,,,,,,,,,,,,,,,,,0.027877,-0.024644,0.848083,19.040001,-14.700000,10.920000
65890,,,,,,,,,,,,,,,,,,,,,,,0.027877,-0.024644,0.848083,-13.930000,0.070000,7.770000
65891,,,,,,,,,,,,,76.236755,76.392662,0.302494,0.329411,,,,,,,,,,,,
65894,,,,,,,,,,,,,,,,,,,,-0.458203,0.254308,-0.339025,,,,,,
65900,,,,,,,,,,,,,,,,,,,,,,,0.001769,0.017080,1.045784,4.130000,2.170000,6.230000
65901,,,,,,,,,,,,,,,0.287423,0.315968,,,,,,,,,,,,
65902,,,,,,,,,,,,,76.721649,76.852829,,,,,,-0.445879,0.250490,-0.330726,,,,,,
65912,,,,,,,,,,,,,76.383652,77.008377,0.298137,0.311850,,,,,,,,,,,,
65910,,,,,,,,,,,,,,,,,,,,-0.434238,0.246682,-0.327937,,,,,,
65917,,,,,,,,,,,,,,,,,,,,,,,0.001769,0.017080,1.045784,20.440001,-30.799999,18.410000
65921,,,,,,,,,,,,,,,0.289071,0.306407,,,,,,,,,,,,
65922,,,,,,,,,,,,,76.676064,77.201706,,,,,,,,,0.006649,-0.012749,0.898713,22.540001,-32.970001,21.840000
65925,,,,-0.344374,0.256726,-0.368347,1.272540,0.178783,,,,,,,,,,,,-0.422403,0.242756,-0.322290,,,,,,
65928,,,,,,,,,,,76.128967,78.463516,,,,,0.080780,0.038652,-0.039683,,,,,,,,,
65932,,,,,,,,,,,,,76.568703,77.558868,0.274990,0.313353,,,,,,,,,,,,
65933,,,,,,,,,,,,,,,,,,,,-0.410640,0.238847,-0.319638,0.006649,-0.012749,0.898713,-36.540001,9.730000,18.549999
65940,,,,,,,,,,,,,,,,,,,,,,,-0.025132,0.091988,0.924882,-23.309999,30.520000,17.709999
65942,,,,,,,,,,,,,76.365440,77.741318,0.281111,0.308260,,,,,,,,,,,,
65941,,,,,,,,,,,,,,,,,,,,-0.398647,0.235149,-0.322419,,,,,,
65950,,,,,,,,,,,,,,,,,,,,,,,-0.025132,0.091988,0.924882,-29.049999,32.130001,15.190000
65949,,,,,,,,,,,,,,,,,,,,-0.386450,0.231500,-0.319524,,,,,,
65951,,,,,,,,,,,,,,,0.280718,0.298038,,,,,,,,,,,,
65952,,,,,,,,,,,,,76.371964,78.080452,,,,,,,,,,,,,,
65961,,,,,,,,,,,,,76.354210,77.791733,0.281092,0.307525,,,,,,,-0.029585,0.049227,0.929335,9.590000,18.129999,20.370001
65972,,,,,,,,,,,,,76.135193,77.885208,0.287883,0.305079,,,,-0.361447,0.224707,-0.311118,,,,,,
65964,,,,,,,,,,,,,,,,,,,,-0.374061,0.228013,-0.319507,,,,,,
65976,,,,-0.286435,0.235272,-0.338277,1.253184,0.455037,,,,,,,,,,,,,,,,,,,,
65978,,,,,,,,,,,74.271645,78.030685,,,,,0.069153,0.033197,-0.027136,,,,,,,,,
65981,,,,,,,,,,,,,,,,,,,,,,,-0.047092,0.047641,1.022848,-16.940001,-0.980000,22.120001
65982,,,,,,,,,,,,,76.099083,77.571548,0.229847,0.301765,,,,,,,,,,,,
65980,,,,,,,,,,,,,,,,,,,,-0.348957,0.221444,-0.302762,,,,,,
65987,,,,,,,,,,,,,,,,,,,,,,,-0.047092,0.047641,1.022848,-11.900000,-1.260000,21.700001
65992,,,,,,,,,,,,,75.654007,77.949692,0.242592,0.290077,,,,,,,-0.047092,0.047641,1.022848,-13.790000,-12.110000,23.170000
65995,,,,,,,,,,,,,,,,,,,,-0.337249,0.218178,-0.297221,,,,,,
66000,,,,,,,,,,,,,,,,,,,,,,,-0.043493,0.025071,0.831308,-1.680000,-15.330000,22.959999
66001,,,,,,,,,,,,,74.645622,77.734093,0.273635,0.297010,,,,,,,,,,,,
66003,,,,,,,,,,,,,,,,,,,,-0.325380,0.214825,-0.294416,,,,,,
66013,,,,,,,,,,,,,74.389763,77.471024,0.281493,0.305626,,,,,,,,,,,,
66011,,,,,,,,,,,,,,,,,,,,-0.313612,0.211423,-0.294407,,,,,,
66018,,,,,,,,,,,,,,,,,,,,,,,-0.089609,0.042090,0.882914,-24.500000,-1.820000,56.770000
66021,,,,,,,,,,,,,,,0.273594,0.293635,,,,,,,,,,,,
66022,,,,,,,,,,,,,74.634743,77.861168,,,,,,,,,,,,,,
66023,,,,,,,,,,,,,,,,,,,,,,,-0.089609,0.042090,0.882914,8.890000,-3.500000,62.790001
66025,,,,-0.229941,0.216743,-0.292444,1.215240,0.752664,,,,,,,,,,,,-0.301495,0.208355,-0.285995,,,,,,
66028,,,,,,,,,,,70.926376,76.821495,,,,,0.077548,0.029395,0.000705,,,,,,,,,
66032,,,,,,,,,,,,,74.879097,77.593811,0.158688,0.263710,,,,,,,,,,,,
66033,,,,,,,,,,,,,,,,,,,,-0.289610,0.205096,-0.272040,-0.076494,0.065331,1.061766,-28.910000,-6.300000,62.509998
66040,,,,,,,,,,,,,,,,,,,,,,,-0.076494,0.065331,1.061766,13.440000,-12.250000,65.099998
66042,,,,,,,,,,,,,73.436172,77.367638,0.201642,0.270323,,,,,,,,,,,,
66041,,,,,,,,,,,,,,,,,,,,-0.277784,0.202170,-0.263698,,,,,,
66050,,,,,,,,,,,,,,,,,,,,,,,-0.076494,0.096502,0.876814,-13.370000,-12.460000,63.419998
66051,,,,,,,,,,,,,72.202148,77.154236,0.239062,0.276706,,,,,,,,,,,,
66056,,,,,,,,,,,,,,,,,,,,-0.266227,0.199257,-0.249723,,,,,,
66061,,,,,,,,,,,,,,,0.271273,0.282254,,,,,,,-0.076250,0.096502,0.876814,19.809999,22.260000,102.410004
66062,,,,,,,,,,,,,71.161743,76.972252,,,,,,,,,,,,,,
66072,,,,,,,,,,,,,70.866837,76.802597,0.280503,0.287551,,,,-0.242015,0.193736,-0.216238,,,,,,
66064,,,,,,,,,,,,,,,,,,,,-0.253940,0.196459,-0.238554,,,,,,
66076,,,,-0.175507,0.202121,-0.228477,1.160594,1.088513,,,,,,,,,,,,,,,,,,,,
66078,,,,,,,,,,,67.193993,73.899597,,,,,0.064136,0.022652,-0.010679,,,,,,,,,
66081,,,,,,,,,,,,,,,,,,,,-0.230144,0.191342,-0.196760,-0.194773,0.123952,0.930433,8.540000,42.700001,110.320000
66082,,,,,,,,,,,,,71.054131,76.619812,0.155157,0.199939,,,,,,,,,,,,
66087,,,,,,,,,,,,,,,,,,,,,,,-0.194773,0.123952,0.930433,11.620000,43.049999,101.709999
66091,,,,,,,,,,,,,,,,,,,,,,,-0.063196,0.179279,0.895236,-7.910000,31.780001,95.480003
66092,,,,,,,,,,,,,69.414345,75.702209,0.204580,0.227155,,,,,,,,,,,,
66095,,,,,,,,,,,,,,,,,,,,-0.218325,0.189054,-0.179887,,,,,,
66100,,,,,,,,,,,,,,,,,,,,,,,-0.063196,0.179279,0.895236,-37.450001,45.290001,68.180000
66101,,,,,,,,,,,,,67.473381,75.031036,0.264928,0.247209,,,,,,,,,,,,
66104,,,,,,,,,,,,,,,,,,,,-0.206617,0.187194,-0.171381,,,,,,
66111,,,,,,,,,,,,,,,0.274468,0.276920,,,,,,,-0.205204,0.231861,0.928603,-17.500000,83.580002,81.480003
66112,,,,,,,,,,,,,67.168320,74.074493,,,,,,-0.194581,0.185556,-0.149575,,,,,,
66120,,,,,,,,,,,,,,,,,,,,,,,-0.205204,0.231861,0.928603,-26.740000,101.500000,80.290001
66121,,,,,,,,,,,,,,,0.265406,0.285247,,,,,,,,,,,,
66122,,,,,,,,,,,,,67.452217,73.809906,,,,,,,,,,,,,,
66125,,,,-0.123735,0.192259,-0.143075,1.092426,1.481220,,,,,,,,,,,,,,,,,,,,
66128,,,,,,,,,,,61.987900,70.824768,,,,,0.068299,0.017314,0.006987,,,,,,,,,
66126,,,,,,,,,,,,,,,,,,,,-0.182395,0.183884,-0.133041,,,,,,
66137,,,,,,,,,,,,,66.935379,73.375572,0.114715,0.200601,,,,,,,,,,,,
66134,,,,,,,,,,,,,,,,,,,,-0.170391,0.182698,-0.119471,,,,,,
66141,,,,,,,,,,,,,,,,,,,,,,,-0.176107,0.157624,0.709125,-8.260000,78.889999,55.299999
66143,,,,,,,,,,,,,,,,,,,,-0.158401,0.181351,-0.102871,,,,,,
66146,,,,,,,,,,,,,,,,,,,,,,,-0.125538,0.145241,1.144055,-6.090000,59.080002,54.669998
66151,,,,,,,,,,,,,,,,,,,,-0.146710,0.180300,-0.094489,-0.125538,0.145241,1.144055,1.260000,23.870001,57.750000
66152,,,,,,,,,,,,,65.056572,72.295593,0.171105,0.233246,,,,,,,,,,,,
66161,,,,,,,,,,,,,63.046307,70.798767,0.233192,0.280117,,,,,,,-0.125538,0.145241,1.144055,8.470000,-27.510000,70.419998
66166,,,,,,,,,,,,,,,,,,,,-0.135794,0.179269,-0.085922,,,,,,
66170,,,,,,,,,,,,,,,,,,,,,,,-0.316590,0.052338,0.706563,3.850000,-19.110001,98.769997
66171,,,,,,,,,,,,,,,0.255599,0.272806,,,,,,,,,,,,
66172,,,,,,,,,,,,,62.322010,71.027252,,,,,,,,,,,,,,
66176,,,,-0.075197,0.187844,-0.032231,1.015322,1.948555,,,,,,,,,,,,,,,,,,,,
66178,,,,,,,,,,,55.549263,67.725342,,,,,0.059959,0.013652,0.051905,,,,,,,,,
66174,,,,,,,,,,,,,,,,,,,,-0.125256,0.178433,-0.072126,,,,,,
66182,,,,,,,,,,,,,62.301651,70.722229,0.048657,0.182656,,,,-0.115131,0.177508,-0.054843,,,,,,
66184,,,,,,,,,,,,,,,,,,,,,,,-0.367098,0.132187,0.816363,-3.360000,-49.490002,108.849998
66192,,,,,,,,,,,,,60.994396,70.222916,0.085429,0.196372,,,,,,,,,,,,
66197,,,,,,,,,,,,,,,,,,,,,,,-0.367098,0.132187,0.816363,-15.820000,-57.750000,110.320000
66196,,,,,,,,,,,,,,,,,,,,-0.105091,0.176953,-0.040978,,,,,,
66201,,,,,,,,,,,,,,,0.175861,0.227881,,,,,,,,,,,,
66202,,,,,,,,,,,,,58.052437,69.183189,,,,,,,,,-0.208803,0.223809,0.983808,-22.120001,-38.220001,106.260002
66206,,,,,,,,,,,,,,,,,,,,-0.095260,0.176863,-0.024490,,,,,,
66211,,,,,,,,,,,,,56.542034,68.106514,0.222519,0.261398,,,,,,,-0.208803,0.223809,0.983808,-33.669998,26.250000,137.410004
66215,,,,,,,,,,,,,,,,,,,,-0.085681,0.176773,-0.005257,,,,,,
66220,,,,,,,,,,,,,,,,,,,,,,,-0.374479,0.209413,0.753899,-20.580000,69.650002,162.610001
66221,,,,,,,,,,,,,55.765545,67.680183,0.246737,0.274824,,,,,,,,,,,,
66225,,,,-0.030416,0.189379,0.107827,0.935319,2.498538,,,,,,,,,,,,,,,,,,,,
66228,,,,,,,,,,,48.389782,64.638535,,,,,0.055210,0.012632,0.109897,,,,,,,,,
66226,,,,,,,,,,,,,,,,,,,,-0.085681,0.176773,-0.005257,,,,,,
66236,,,,,,,,,,,,,55.552155,67.453445,0.022135,0.182464,,,,,,,,,,,,
66235,,,,,,,,,,,,,,,,,,,,-0.075530,0.177143,0.019621,,,,,,
66241,,,,,,,,,,,,,,,,,,,,,,,-0.374479,0.247843,1.018151,-35.279999,-20.440001,155.119995
66242,,,,,,,,,,,,,54.704189,67.703911,0.043889,0.172155,,,,,,,,,,,,
66243,,,,,,,,,,,,,,,,,,,,-0.065217,0.177691,0.050104,,,,,,
66246,,,,,,,,,,,,,,,,,,,,,,,-0.197762,0.247843,1.018151,1.960000,-65.940002,146.580002
66251,,,,,,,,,,,,,,,,,,,,-0.055523,0.178750,0.077851,-0.197762,0.247843,1.018151,-20.440001,-66.430000,146.720001
66252,,,,,,,,,,,,,51.960529,66.134361,0.127555,0.220448,,,,,,,,,,,,
66260,,,,,,,,,,,,,,,,,,,,-0.046491,0.179573,0.105720,-0.237961,0.262483,1.011624,-32.340000,-43.680000,205.169998
66261,,,,,,,,,,,,,,,0.189967,0.247474,,,,,,,,,,,,
66262,,,,,,,,,,,,,49.941639,65.261353,,,,,,,,,,,,,,
66270,,,,,,,,,,,,,,,,,,,,,,,-0.237961,0.262483,1.011624,-12.250000,54.320000,216.580002
66269,,,,,,,,,,,,,,,,,,,,-0.037598,0.180977,0.130336,,,,,,
66271,,,,,,,,,,,,,,,0.215502,0.264107,,,,,,,,,,,,
66272,,,,,,,,,,,,,49.113426,64.731331,,,,,,,,,,,,,,
66275,,,,0.010151,0.197162,0.278381,0.859854,3.109229,,,,,,,,,,,,,,,,,,,,
66278,,,,,,,,,,,41.807949,61.614532,,,,,0.049585,0.009799,0.146296,,,,,,,,,
66277,,,,,,,,,,,,,,,,,,,,-0.028506,0.182607,0.171954,,,,,,
66281,,,,,,,,,,,,,,,0.022376,0.178057,,,,,,,,,,,,
66282,,,,,,,,,,,,,48.470264,64.359718,,,,,,,,,,,,,,
66283,,,,,,,,,,,,,,,,,,,,,,,-0.351665,0.231739,0.859124,-2.240000,17.360001,225.960007
66292,,,,,,,,,,,,,46.684326,63.809181,0.075011,0.193737,,,,,,,,,,,,
66286,,,,,,,,,,,,,,,,,,,,-0.019298,0.184501,0.213744,,,,,,
66297,,,,,,,,,,,,,,,,,,,,-0.019298,0.184501,0.213744,-0.185562,0.319579,1.036817,-16.100000,-50.610001,224.210007
66301,,,,,,,,,,,,,,,0.166018,0.211618,,,,,,,,,,,,
66302,,,,,,,,,,,,,43.757877,63.204132,,,,,,,,,,,,,,
66303,,,,,,,,,,,,,,,,,,,,,,,-0.185562,0.319579,1.036817,-0.560000,-17.150000,227.080002
66305,,,,,,,,,,,,,,,,,,,,-0.010787,0.186630,0.255247,,,,,,
66311,,,,,,,,,,,,,,,0.194239,0.233625,,,,,,,-0.185562,0.319579,1.036817,-35.980000,13.650000,243.809998
66312,,,,,,,,,,,,,42.839764,62.486507,,,,,,,,,,,,,,
66313,,,,,,,,,,,,,,,,,,,,-0.002619,0.188878,0.299956,,,,,,
66320,,,,,,,,,,,,,,,,,,,,,,,-0.389912,0.335927,1.005890,-9.870000,45.220001,273.279999
66321,,,,,,,,,,,,,,,0.200184,0.251748,,,,0.005160,0.191450,0.336540,,,,,,
66322,,,,,,,,,,,,,42.631260,61.906147,,,,,,,,,,,,,,
66325,,,,0.046132,0.211281,0.474778,0.797254,3.698403,,,,,,,,,,,,,,,,,,,,
66327,,,,,,,,,,,36.906868,59.079456,,,,,,,,,,,,,,,,
66328,,,,,,,,,,,,,,,,,0.045316,0.005285,0.139524,,,,,,,,,
66352,,,,,,,,,,,,,41.702057,61.631290,0.070429,0.178063,,,,,,,,,,,,
66346,,,,,,,,,,,,,,,,,,,,0.027417,0.201027,0.464047,,,,,,
66354,,,,,,,,,,,,,,,,,,,,0.034406,0.204769,0.506814,,,,,,
66359,,,,,,,,,,,,,,,,,,,,,,,-0.389912,0.353312,0.926407,-46.130001,-54.740002,223.369995
66361,,,,,,,,,,,,,,,0.105318,0.219516,,,,,,,,,,,,
66362,,,,,,,,,,,,,40.511841,60.293484,,,,,,0.040926,0.208914,0.546718,,,,,,
66364,,,,,,,,,,,,,,,,,,,,,,,-0.054534,0.353312,0.926407,-34.299999,-65.099998,217.770004
66369,,,,,,,,,,,,,,,,,,,,,,,-0.054534,0.353312,0.926407,-27.580000,-73.010002,220.570007
66371,,,,,,,,,,,,,,,0.150618,0.243714,,,,,,,,,,,,
66372,,,,,,,,,,,,,39.030060,59.519199,,,,,,,,,,,,,,
66370,,,,,,,,,,,,,,,,,,,,0.047056,0.213220,0.589648,,,,,,
66376,,,,0.077256,0.231617,0.684228,0.755323,4.113781,,,,,,,,,,,,,,,,,,,,
66378,,,,,,,,,,,34.193714,57.184731,,,,,0.035919,-0.001271,0.099054,,,,,,,,,
66379,,,,,,,,,,,,,,,,,,,,,,,-0.091378,0.336903,0.987956,-3.570000,-61.389999,239.750000
66382,,,,,,,,,,,,,38.315987,59.388813,0.083780,0.185931,,,,,,,,,,,,
66384,,,,,,,,,,,,,,,,,,,,,,,-0.091378,0.336903,0.987956,-12.110000,-17.430000,260.260010
66386,,,,,,,,,,,,,,,,,,,,0.053158,0.217871,0.633120,,,,,,
66389,,,,,,,,,,,,,,,,,,,,,,,-0.091378,0.281515,1.007964,-18.059999,-14.420000,261.170013
66391,,,,,,,,,,,,,,,0.099973,0.187579,,,,,,,,,,,,
66392,,,,,,,,,,,,,37.718472,59.284725,,,,,,,,,,,,,,
66394,,,,,,,,,,,,,,,,,,,,0.059219,0.222644,0.680025,-0.261019,0.281515,1.007964,-32.759998,-15.190000,260.190002
66400,,,,,,,,,,,,,,,,,,,,,,,-0.261019,0.281515,1.007964,-37.660000,-14.700000,262.079987
66401,,,,,,,,,,,,,36.139778,58.138653,0.148566,0.223218,,,,,,,,,,,,
66412,,,,,,,,,,,,,35.197769,57.432995,0.177686,0.245429,,,,0.070380,0.232992,0.780581,,,,,,
66403,,,,,,,,,,,,,,,,,,,,0.064959,0.227692,0.730011,,,,,,
66418,,,,,,,,,,,,,,,,,,,,,,,-0.198372,0.342637,0.970632,-33.110001,24.219999,278.600006
66422,,,,,,,,,,,,,35.245499,57.895283,0.175341,0.230190,,,,,,,,,,,,
66420,,,,,,,,,,,,,,,,,,,,0.075294,0.238364,0.822764,,,,,,
66423,,,,,,,,,,,,,,,,,,,,,,,-0.198372,0.342637,0.970632,-37.939999,22.610001,280.910004
66425,,,,0.103358,0.257852,0.888974,0.738938,4.201987,,,,,,,,,,,,,,,,,,,,
66428,,,,,,,,,,,33.565269,56.066273,,,,,0.033401,-0.007179,0.067497,,,,,,,,,
66431,,,,,,,,,,,,,,,0.174977,0.205837,,,,,,,,,,,,
66432,,,,,,,,,,,,,34.602451,57.507565,,,,,,,,,,,,,,
66433,,,,,,,,,,,,,,,,,,,,,,,-0.149572,0.351299,1.051274,-11.550000,15.400000,281.679993
66435,,,,,,,,,,,,,,,,,,,,0.079982,0.244150,0.871511,,,,,,
66440,,,,,,,,,,,,,,,,,,,,,,,-0.149572,0.351299,1.051274,-13.370000,-8.680000,258.089996
66441,,,,,,,,,,,,,,,0.192483,0.198774,,,,,,,,,,,,
66442,,,,,,,,,,,,,34.039520,57.689674,,,,,,,,,,,,,,
66443,,,,,,,,,,,,,,,,,,,,0.084463,0.249828,0.917730,,,,,,
66450,,,,,,,,,,,,,,,,,,,,,,,-0.025620,0.312076,0.996801,-37.799999,-24.639999,247.800003
66451,,,,,,,,,,,,,,,0.207188,0.227567,,,,0.088481,0.255711,0.961231,,,,,,
66452,,,,,,,,,,,,,33.576286,56.765812,,,,,,,,,,,,,,
66460,,,,,,,,,,,,,,,,,,,,,,,-0.025620,0.312076,0.996801,-2.100000,-42.070000,241.289993
66461,,,,,,,,,,,,,33.755409,56.019238,0.201349,0.251318,,,,,,,,,,,,
66472,,,,,,,,,,,,,34.327770,55.754177,0.182569,0.259982,,,,,,,,,,,,
66466,,,,,,,,,,,,,,,,,,,,0.092101,0.261707,1.008061,,,,,,
66476,,,,0.124388,0.289488,1.073963,0.747834,3.935610,,,,,,,,,,,,,,,,,,,,
66478,,,,,,,,,,,34.938171,55.795330,,,,,0.040011,-0.012448,0.063917,,,,,,,,,
66474,,,,,,,,,,,,,,,,,,,,0.095328,0.267441,1.046336,,,,,,
66481,,,,,,,,,,,,,,,,,,,,,,,-0.045445,0.308721,1.101965,-25.969999,-77.419998,204.610001
66482,,,,,,,,,,,,,34.447895,55.814777,0.222742,0.249437,,,,0.098324,0.273517,1.087926,,,,,,
66486,,,,,,,,,,,,,,,,,,,,,,,-0.001647,0.256810,0.955077,-0.070000,-104.930000,213.360001
66491,,,,,,,,,,,,,,,0.204936,0.234606,,,,,,,-0.001647,0.256810,0.955077,11.130000,-115.779999,214.550003
66492,,,,,,,,,,,,,35.006950,56.270042,,,,,,,,,,,,,,
66490,,,,,,,,,,,,,,,,,,,,0.101248,0.279175,1.120426,,,,,,
66500,,,,,,,,,,,,,,,,,,,,,,,-0.001647,0.256810,0.955077,4.900000,-124.879997,203.000000
66501,,,,,,,,,,,,,35.496170,56.132992,0.188962,0.238693,,,,,,,,,,,,
66512,,,,,,,,,,,,,35.732098,55.228870,0.180845,0.267848,,,,,,,,,,,,
66505,,,,,,,,,,,,,,,,,,,,0.104072,0.284988,1.160003,,,,,,
66513,,,,,,,,,,,,,,,,,,,,0.106767,0.290964,1.189976,,,,,,
66518,,,,,,,,,,,,,,,,,,,,,,,0.054351,0.227042,1.114409,-2.800000,33.669998,190.679993
66522,,,,,,,,,,,,,35.667278,55.433239,0.182330,0.261643,,,,,,,,,,,,
66521,,,,,,,,,,,,,,,,,,,,0.109353,0.298639,1.226794,,,,,,
66524,,,,,,,,,,,,,,,,,,,,,,,0.088267,0.187392,0.777018,0.420000,38.080002,192.080002
66526,,,,0.140414,0.325883,1.232066,0.776589,3.440871,,,,,,,,,,,,,,,,,,,,
66528,,,,,,,,,,,38.801750,55.609596,,,,,0.036391,-0.019909,0.007185,,,,,,,,,
66532,,,,,,,,,,,,,35.524246,54.912224,0.311966,0.272803,,,,,,,,,,,,
66533,,,,,,,,,,,,,,,,,,,,,,,0.088267,0.187392,0.777018,-1.960000,24.709999,197.470001
66530,,,,,,,,,,,,,,,,,,,,0.111949,0.305578,1.260849,,,,,,
66540,,,,,,,,,,,,,,,,,,,,,,,0.088267,0.333792,1.237446,-35.700001,13.090000,196.419998
66541,,,,,,,,,,,,,35.924728,54.980785,0.301528,0.271123,,,,,,,,,,,,
66545,,,,,,,,,,,,,,,,,,,,0.113997,0.313071,1.291893,,,,,,
66550,,,,,,,,,,,,,,,,,,,,,,,0.056669,0.333792,1.237446,-2.310000,-28.280001,182.279999
66551,,,,,,,,,,,,,,,0.258051,0.253043,,,,,,,,,,,,
66552,,,,,,,,,,,,,37.332413,55.552441,,,,,,0.115657,0.320228,1.323235,,,,,,
66561,,,,,,,,,,,,,,,0.219793,0.254074,,,,,,,0.197518,0.176412,0.905789,-19.670000,-33.669998,151.690002
66562,,,,,,,,,,,,,38.545479,55.522114,,,,,,,,,,,,,,
66560,,,,,,,,,,,,,,,,,,,,0.117191,0.327148,1.351457,,,,,,
66572,,,,,,,,,,,,,39.434895,55.335045,0.191098,0.260220,,,,,,,,,,,,
66576,,,,0.151612,0.366271,1.363208,0.816965,2.884294,,,,,,,,,,,,,,,,,,,,
66578,,,,,,,,,,,42.792046,56.527775,,,,,0.044845,-0.025146,0.009282,,,,,,,,,
66575,,,,,,,,,,,,,,,,,,,,0.118883,0.335019,1.376463,,,,,,
66581,,,,,,,,,,,,,,,,,,,,,,,0.197518,0.176412,0.905728,-23.100000,13.440000,126.070000
66582,,,,,,,,,,,,,39.765739,54.790428,0.309379,0.307895,,,,,,,,,,,,
66583,,,,,,,,,,,,,,,,,,,,0.120212,0.343005,1.398000,,,,,,
66587,,,,,,,,,,,,,,,,,,,,,,,0.137616,0.183793,0.905728,-7.350000,30.030001,130.339996
66592,,,,,,,,,,,,,40.756298,54.961800,0.279608,0.303696,,,,,,,0.137616,0.183793,0.905728,6.580000,37.939999,133.490005
66591,,,,,,,,,,,,,,,,,,,,0.121320,0.351202,1.423462,,,,,,
66600,,,,,,,,,,,,,,,,,,,,,,,0.124806,0.173728,1.131733,4.060000,-5.320000,122.430000
66601,,,,,,,,,,,,,,,0.243153,0.282797,,,,,,,,,,,,
66602,,,,,,,,,,,,,41.928871,55.643654,,,,,,,,,,,,,,
66606,,,,,,,,,,,,,,,,,,,,0.122388,0.359515,1.441790,,,,,,
66611,,,,,,,,,,,,,42.969460,56.157043,0.210061,0.266831,,,,,,,0.124806,0.173728,1.131733,2.590000,-20.230000,117.879997
66614,,,,,,,,,,,,,,,,,,,,0.123489,0.367564,1.464041,,,,,,
66620,,,,,,,,,,,,,,,,,,,,,,,0.163419,0.127307,0.922198,12.040000,27.790001,112.349998
66621,,,,,,,,,,,,,,,0.182761,0.254624,,,,,,,,,,,,
66622,,,,,,,,,,,,,43.806416,56.542141,,,,,,0.124296,0.376004,1.482698,,,,,,
66626,,,,0.158260,0.409806,1.470950,0.860623,2.374207,,,,,,,,,,,,,,,,,,,,
66628,,,,,,,,,,,47.157681,57.464935,,,,,0.037286,-0.030839,-0.011429,,,,,,,,,
66635,,,,,,,,,,,,,43.997662,56.696541,0.317290,0.279980,,,,,,,,,,,,
66630,,,,,,,,,,,,,,,,,,,,0.124987,0.384899,1.505347,,,,,,
66641,,,,,,,,,,,,,45.042034,57.509624,0.285920,0.254233,,,,,,,0.051362,0.193919,1.087935,13.720000,6.440000,126.279999
66646,,,,,,,,,,,,,,,,,,,,,,,0.051362,0.193919,1.087935,6.440000,4.480000,134.960007
66644,,,,,,,,,,,,,,,,,,,,0.125411,0.393693,1.528205,,,,,,
66651,,,,,,,,,,,,,,,,,,,,,,,0.051362,0.193919,1.087935,-8.890000,-22.260000,123.900002
66652,,,,,,,,,,,,,46.003292,57.574177,0.256426,0.252106,,,,0.125679,0.402500,1.551353,,,,,,
66661,,,,,,,,,,,,,,,,,,,,,,,0.033001,0.161101,1.079883,19.530001,-43.259998,102.059998
66662,,,,,,,,,,,,,46.970337,58.358715,0.225991,0.226596,,,,,,,,,,,,
66659,,,,,,,,,,,,,,,,,,,,0.125869,0.410846,1.570762,,,,,,
66672,,,,,,,,,,,,,47.511589,58.159203,0.208598,0.232361,,,,,,,,,,,,
66676,,,,0.160726,0.455594,1.559736,0.900707,1.950609,,,,,,,,,,,,,,,,,,,,
66678,,,,,,,,,,,50.832634,58.662834,,,,,0.044033,-0.034914,-0.012375,,,,,,,,,
66673,,,,,,,,,,,,,,,,,,,,0.125930,0.419200,1.590271,,,,,,
66681,,,,,,,,,,,,,,,,,,,,0.125615,0.428082,1.601833,0.060939,0.155611,1.000339,-8.050000,17.150000,77.209999
66682,,,,,,,,,,,,,47.927437,58.022224,0.313822,0.275051,,,,,,,,,,,,
66686,,,,,,,,,,,,,,,,,,,,,,,0.060939,0.155611,1.000339,10.850000,34.020000,75.040001
66691,,,,,,,,,,,,,,,,,,,,,,,0.041114,0.127734,0.814289,-8.120000,48.650002,74.269997
66692,,,,,,,,,,,,,48.371990,57.938522,0.301707,0.278262,,,,,,,,,,,,
66695,,,,,,,,,,,,,,,,,,,,0.125325,0.437320,1.620991,,,,,,
66700,,,,,,,,,,,,,,,,,,,,,,,0.041114,0.127734,0.814289,8.750000,22.680000,63.770000
66701,,,,,,,,,,,,,49.684193,57.733475,0.261161,0.285465,,,,,,,,,,,,
66703,,,,,,,,,,,,,,,,,,,,0.124611,0.446488,1.628589,,,,,,
66711,,,,,,,,,,,,,,,0.233117,0.280821,,,,,,,0.125172,0.103761,1.116849,-12.460000,-11.410000,47.740002
66712,,,,,,,,,,,,,50.578384,57.899429,,,,,,,,,,,,,,
66710,,,,,,,,,,,,,,,,,,,,0.123963,0.455479,1.643782,,,,,,
66720,,,,,,,,,,,,,,,,,,,,,,,0.125172,0.103761,1.116849,9.240000,-21.000000,43.820000
66721,,,,,,,,,,,,,51.336945,58.594410,0.208764,0.258924,,,,,,,,,,,,
66726,,,,0.159448,0.502728,1.633611,0.932277,1.614347,,,,,,,,,,,,,,,,,,,,
66728,,,,,,,,,,,53.721603,59.614285,,,,,0.044437,-0.038807,-0.010133,,,,,,,,,
66725,,,,,,,,,,,,,,,,,,,,0.123460,0.464147,1.651352,,,,,,
66736,,,,,,,,,,,,,51.640274,58.481087,0.292016,0.293418,,,,,,,,,,,,
66733,,,,,,,,,,,,,,,,,,,,0.122717,0.473793,1.658842,,,,,,
66741,,,,,,,,,,,,,,,,,,,,0.121677,0.483072,1.666305,0.077165,0.051545,1.046821,2.100000,10.290000,63.209999
66742,,,,,,,,,,,,,51.988625,59.879108,0.282377,0.249084,,,,,,,,,,,,
66747,,,,,,,,,,,,,,,,,,,,,,,0.077165,0.051545,1.015345,16.799999,3.150000,68.389999
66752,,,,,,,,,,,,,52.782608,59.953388,0.258051,0.246474,,,,,,,0.004026,0.072285,1.015345,-4.690000,-9.170000,72.239998
66756,,,,,,,,,,,,,,,,,,,,0.120732,0.492171,1.681141,,,,,,
66761,,,,,,,,,,,,,,,,,,,,,,,0.004026,0.072285,1.015345,-9.660000,-26.600000,48.930000
66762,,,,,,,,,,,,,53.517353,59.550846,0.235019,0.259229,,,,,,,,,,,,
66763,,,,,,,,,,,,,,,,,,,,0.119537,0.501528,1.688587,,,,,,
66770,,,,,,,,,,,,,,,,,,,,,,,0.053985,0.098149,1.059326,17.150000,-24.500000,37.730000
66771,,,,,,,,,,,,,,,0.207267,0.244529,,,,0.118349,0.510592,1.699673,,,,,,
66772,,,,,,,,,,,,,54.380234,60.006859,,,,,,,,,,,,,,
66776,,,,0.154920,0.550334,1.695859,0.952173,1.351710,,,,,,,,,,,,,,,,,,,,
66778,,,,,,,,,,,55.613132,60.144157,,,,,0.035407,-0.041386,-0.003754,,,,,,,,,
66781,,,,,,,,,,,,,,,0.264738,0.251773,,,,,,,,,,,,
66782,,,,,,,,,,,,,54.478680,60.303318,,,,,,,,,,,,,,
66783,,,,,,,,,,,,,,,,,,,,,,,0.053985,0.098149,1.059326,-14.980000,-11.620000,36.330002
66786,,,,,,,,,,,,,,,,,,,,0.117125,0.519682,1.703426,,,,,,
66792,,,,,,,,,,,,,54.646378,60.065350,0.260203,0.259344,,,,,,,,,,,,
66794,,,,,,,,,,,,,,,,,,,,0.115856,0.528762,1.707122,,,,,,
66797,,,,,,,,,,,,,,,,,,,,,,,0.010065,0.066429,0.960079,4.970000,7.980000,43.259998
66802,,,,,,,,,,,,,55.115185,59.674706,0.245801,0.272036,,,,0.114444,0.538432,1.714485,0.010065,0.066429,0.960079,-10.780000,26.740000,39.619999
66811,,,,,,,,,,,,,55.336109,59.769970,0.239047,0.269323,,,,,,,0.031293,0.064660,0.916586,-6.650000,34.020000,33.040001
66816,,,,,,,,,,,,,,,,,,,,0.112862,0.548047,1.721766,,,,,,
66820,,,,,,,,,,,,,,,,,,,,,,,0.031293,0.064660,0.916586,10.080000,23.170000,36.540001
66821,,,,,,,,,,,,,55.879471,60.158337,0.221694,0.257058,,,,,,,,,,,,
66826,,,,0.147668,0.597590,1.748994,0.958735,1.146595,,,,,,,,,,,,,,,,,,,,
66828,,,,,,,,,,,56.150375,60.369183,,,,,0.042905,-0.041942,0.025565,,,,,,,,,
66824,,,,,,,,,,,,,,,,,,,,0.111328,0.557407,1.728933,,,,,,
66837,,,,,,,,,,,,,56.031403,60.352791,0.233945,0.258036,,,,,,,,,,,,
66832,,,,,,,,,,,,,,,,,,,,0.109759,0.566944,1.732601,,,,,,
66841,,,,,,,,,,,,,,,,,,,,,,,0.041541,0.034953,1.177910,-7.420000,4.690000,43.330002
66840,,,,,,,,,,,,,,,,,,,,0.108044,0.576617,1.743267,,,,,,
66846,,,,,,,,,,,,,,,,,,,,,,,-0.019337,0.050813,1.177910,-12.250000,-3.570000,45.990002
66851,,,,,,,,,,,,,,,0.235041,0.257351,,,,,,,-0.019337,0.050813,1.177910,-9.870000,-3.850000,51.869999
66852,,,,,,,,,,,,,56.000374,60.374355,,,,,,,,,,,,,,
66855,,,,,,,,,,,,,,,,,,,,0.106243,0.585817,1.747056,,,,,,
66861,,,,,,,,,,,,,,,0.221752,0.248690,,,,,,,-0.019337,0.057828,0.958188,-1.330000,-7.210000,53.689999
66862,,,,,,,,,,,,,56.414986,60.642094,,,,,,,,,,,,,,
66863,,,,,,,,,,,,,,,,,,,,0.104512,0.595207,1.757920,,,,,,
66870,,,,,,,,,,,,,,,,,,,,,,,-0.002562,0.057828,0.958188,15.750000,-15.680000,53.970001
66871,,,,,,,,,,,,,,,0.226720,0.239812,,,,,,,,,,,,
66872,,,,,,,,,,,,,56.254944,60.910057,,,,,,,,,,,,,,
66876,,,,0.138236,0.643739,1.794889,0.951471,0.984923,,,,,,,,,,,,,,,,,,,,
66878,,,,,,,,,,,55.965961,59.633163,,,,,0.041282,-0.042198,0.036030,,,,,,,,,
66882,,,,,,,,,,,,,56.616131,61.079014,0.208996,0.210126,,,,,,,,,,,,
66880,,,,,,,,,,,,,,,,,,,,0.100716,0.614060,1.775900,,,,,,
66883,,,,,,,,,,,,,,,,,,,,,,,-0.011773,0.060390,0.949221,-6.790000,10.500000,51.169998
66892,,,,,,,,,,,,,55.993500,60.793156,0.228621,0.218240,,,,,,,,,,,,
66897,,,,,,,,,,,,,,,,,,,,,,,-0.011773,0.060390,0.949221,14.350000,10.710000,50.820000
66895,,,,,,,,,,,,,,,,,,,,0.098812,0.623877,1.789377,,,,,,
66901,,,,,,,,,,,,,,,0.216268,0.229618,,,,,,,,,,,,
66902,,,,,,,,,,,,,56.374847,60.413277,,,,,,,,,-0.029097,0.077531,1.051762,-6.580000,7.210000,49.630001
66903,,,,,,,,,,,,,,,,,,,,0.096845,0.633595,1.803914,,,,,,
66911,,,,,,,,,,,,,,,,,,,,,,,-0.029097,0.077531,1.051762,-18.270000,6.370000,49.700001
66912,,,,,,,,,,,,,56.198193,59.596123,0.221661,0.255432,,,,,,,,,,,,
66910,,,,,,,,,,,,,,,,,,,,0.094572,0.642948,1.814317,,,,,,
66920,,,,,,,,,,,,,,,,,,,,,,,-0.044530,0.103456,0.975695,8.330000,4.480000,45.919998
66921,,,,,,,,,,,,,56.053082,60.008091,0.226172,0.242139,,,,,,,,,,,,
66926,,,,0.127162,0.688139,1.834947,0.930781,0.855580,,,,,,,,,,,,,,,,,,,,
66928,,,,,,,,,,,55.236156,57.894176,,,,,0.036137,-0.042491,0.022028,,,,,,,,,
66925,,,,,,,,,,,,,,,,,,,,0.092154,0.652168,1.818053,,,,,,
66931,,,,,,,,,,,,,,,0.206476,0.174419,,,,,,,,,,,,
66932,,,,,,,,,,,,,55.930103,60.353729,,,,,,0.089785,0.661596,1.828180,,,,,,
66933,,,,,,,,,,,,,,,,,,,,,,,-0.044530,0.103456,0.975695,-10.500000,3.780000,36.820000
66940,,,,,,,,,,,,,,,,,,,,0.087104,0.670922,1.831753,-0.058926,0.049471,0.992836,-9.310000,4.340000,37.730000
66941,,,,,,,,,,,,,,,0.190067,0.197134,,,,,,,,,,,,
66942,,,,,,,,,,,,,56.420723,59.592106,,,,,,,,,,,,,,
66952,,,,,,,,,,,,,56.045341,59.249554,0.201284,0.206889,,,,,,,,,,,,
66954,,,,,,,,,,,,,,,,,,,,0.084793,0.679663,1.838830,,,,,,
66957,,,,,,,,,,,,,,,,,,,,,,,-0.079056,0.017141,1.106723,7.700000,0.350000,22.120001
66961,,,,,,,,,,,,,,,0.234965,0.220412,,,,,,,,,,,,
66962,,,,,,,,,,,,,54.984455,58.798752,,,,,,0.082210,0.688654,1.842178,-0.079056,0.017141,1.106723,-20.860001,13.300000,12.740000
66970,,,,,,,,,,,,,,,,,,,,0.079444,0.697535,1.842091,-0.079056,0.017141,1.106723,3.360000,12.390000,11.410000
66972,,,,,,,,,,,,,55.610878,58.270405,0.214901,0.236795,,,,,,,,,,,,
66976,,,,0.114966,0.730235,1.870186,0.897735,0.750073,,,,,,,,,,,,,,,,,,,,
66978,,,,,,,,,,,53.389385,55.704090,,,,,0.022826,-0.042924,0.028351,,,,,,,,,
66981,,,,,,,,,,,,,,,0.156573,0.163270,,,,,,,,,,,,
66982,,,,,,,,,,,,,55.556267,58.341824,,,,,,,,,,,,,,
66983,,,,,,,,,,,,,,,,,,,,,,,-0.114619,0.049105,0.827099,-1.400000,22.959999,18.340000
66985,,,,,,,,,,,,,,,,,,,,0.076973,0.706501,1.845830,,,,,,
66990,,,,,,,,,,,,,,,,,,,,,,,-0.114619,0.049105,0.827099,1.190000,12.460000,18.549999
66991,,,,,,,,,,,,,54.982376,57.875301,0.173465,0.176318,,,,,,,,,,,,
66993,,,,,,,,,,,,,,,,,,,,0.074561,0.715432,1.849490,,,,,,
67000,,,,,,,,,,,,,,,,,,,,,,,-0.073688,0.016592,1.129476,15.470000,9.590000,18.410000
67001,,,,,,,,,,,,,,,0.188981,0.206240,,,,0.072045,0.723897,1.852955,,,,,,
67002,,,,,,,,,,,,,54.464764,56.898869,,,,,,,,,,,,,,
67012,,,,,,,,,,,,,53.973610,56.564796,0.204045,0.216124,,,,,,,,,,,,
67017,,,,,,,,,,,,,,,,,,,,,,,-0.169336,-0.003233,0.886635,-3.150000,48.580002,8.190000
67016,,,,,,,,,,,,,,,,,,,,0.069557,0.733079,1.852740,,,,,,
67021,,,,,,,,,,,,,,,0.211381,0.236551,,,,,,,,,,,,
67022,,,,,,,,,,,,,53.732952,55.913177,,,,,,,,,-0.169336,-0.003233,0.886635,-2.520000,48.509998,16.240000
67026,,,,0.102135,0.769596,1.901363,0.853847,0.662066,,,,,,,,,,,,,,,,,,,,
67028,,,,,,,,,,,50.607674,53.076813,,,,,0.025355,-0.041499,0.047744,,,,,,,,,
67024,,,,,,,,,,,,,,,,,,,,0.066870,0.741819,1.856122,,,,,,
67031,,,,,,,,,,,,,,,0.130626,0.154349,,,,,,,,,,,,
67032,,,,,,,,,,,,,53.434143,55.816799,,,,,,0.064344,0.750291,1.859187,,,,,,
67033,,,,,,,,,,,,,,,,,,,,,,,-0.112301,0.030988,0.853451,6.230000,48.369999,19.950001
67040,,,,,,,,,,,,,,,,,,,,0.061758,0.759299,1.865729,-0.112301,0.030988,0.853451,14.140000,46.900002,22.750000
67041,,,,,,,,,,,,,,,0.154318,0.172586,,,,,,,,,,,,
67042,,,,,,,,,,,,,52.635281,55.188320,,,,,,,,,,,,,,
67052,,,,,,,,,,,,,51.737339,53.885464,0.181843,0.213170,,,,,,,,,,,,
67057,,,,,,,,,,,,,,,,,,,,,,,-0.091195,0.009028,0.992958,6.440000,63.349998,49.840000
67055,,,,,,,,,,,,,,,,,,,,0.059054,0.767919,1.868872,,,,,,
67061,,,,,,,,,,,,,,,0.208412,0.214338,,,,,,,,,,,,
67062,,,,,,,,,,,,,50.890484,53.830021,,,,,,0.056281,0.776267,1.875882,-0.091195,0.009028,0.992958,-11.200000,85.190002,41.439999
67070,,,,,,,,,,,,,,,,,,,,0.053557,0.784913,1.881803,-0.271816,0.019947,0.965142,-8.540000,94.080002,35.840000
67071,,,,,,,,,,,,,,,0.203934,0.206880,,,,,,,,,,,,
67072,,,,,,,,,,,,,51.021847,54.042011,,,,,,,,,,,,,,
67076,,,,0.089109,0.805901,1.929023,0.800912,0.586821,,,,,,,,,,,,,,,,,,,,
67077,,,,,,,,,,,47.537422,49.718658,,,,,,,,,,,,,,,,
67078,,,,,,,,,,,,,,,,,0.009971,-0.040275,0.047099,,,,,,,,,
67081,,,,,,,,,,,,,,,0.117534,0.108446,,,,,,,,,,,,
67082,,,,,,,,,,,,,50.604031,53.693356,,,,,,,,,,,,,,
67083,,,,,,,,,,,,,,,,,,,,,,,-0.271816,0.019947,0.965142,-44.450001,-3.710000,30.379999
67085,,,,,,,,,,,,,,,,,,,,0.050835,0.793492,1.888102,,,,,,
67090,,,,,,,,,,,,,,,,,,,,,,,-0.217343,0.064416,1.066280,20.230000,-71.050003,38.360001
67091,,,,,,,,,,,,,50.260212,52.859570,0.126307,0.132412,,,,,,,,,,,,
67094,,,,,,,,,,,,,,,,,,,,0.048164,0.800695,1.891478,,,,,,
67100,,,,,,,,,,,,,,,,,,,,,,,-0.217343,0.064416,1.066280,-12.880000,-63.770000,35.700001
67101,,,,,,,,,,,,,48.867531,51.602844,0.169380,0.170749,,,,,,,,,,,,
67102,,,,,,,,,,,,,,,,,,,,0.045728,0.807890,1.899123,,,,,,
67112,,,,,,,,,,,,,48.578091,50.879581,0.177739,0.192753,,,,,,,,,,,,
67111,,,,,,,,,,,,,,,,,,,,0.043276,0.815191,1.909031,,,,,,
67118,,,,,,,,,,,,,,,,,,,,,,,-0.299022,0.006832,0.867237,-2.730000,20.580000,29.049999
67121,,,,,,,,,,,,,,,0.207270,0.215731,,,,,,,,,,,,
67122,,,,,,,,,,,,,47.643017,50.143608,,,,,,,,,,,,,,
67123,,,,,,,,,,,,,,,,,,,,,,,-0.299022,0.006832,0.867237,12.670000,21.139999,28.420000
67126,,,,0.076277,0.838929,1.953561,0.740857,0.520828,,,,,,,,,,,,,,,,,,,,
67128,,,,,,,,,,,44.031322,45.942299,,,,,0.010832,-0.038988,0.044745,,,,,,,,,
67125,,,,,,,,,,,,,,,,,,,,0.040574,0.822417,1.909203,,,,,,
67131,,,,,,,,,,,,,,,0.089492,0.083990,,,,,,,,,,,,
67132,,,,,,,,,,,,,47.759537,50.411587,,,,,,,,,,,,,,
67133,,,,,,,,,,,,,,,,,,,,0.038176,0.829399,1.916466,-0.213866,0.003477,0.897798,-11.690000,27.370001,22.120001
67140,,,,,,,,,,,,,,,,,,,,,,,-0.213866,0.003477,0.897798,-9.030000,21.209999,22.120001
67141,,,,,,,,,,,,,,,0.118508,0.126096,,,,0.035378,0.836508,1.916200,,,,,,
67142,,,,,,,,,,,,,46.777401,49.008835,,,,,,,,,,,,,,
67150,,,,,,,,,,,,,,,,,,,,,,,-0.158295,0.051789,1.110322,-8.050000,18.830000,21.000000
67151,,,,,,,,,,,,,,,0.179656,0.180720,,,,,,,,,,,,
67152,,,,,,,,,,,,,44.829647,47.254288,,,,,,,,,,,,,,
67156,,,,,,,,,,,,,,,,,,,,0.032727,0.843571,1.922606,,,,,,
67161,,,,,,,,,,,,,,,0.196237,0.191579,,,,,,,-0.158295,0.051789,1.110322,1.190000,66.080002,23.379999
67162,,,,,,,,,,,,,44.300240,46.888718,,,,,,,,,,,,,,
67164,,,,,,,,,,,,,,,,,,,,0.030080,0.850678,1.928784,,,,,,
67172,,,,,,,,,,,,,44.664295,46.314377,0.184200,0.209504,,,,,,,,,,,,
67171,,,,,,,,,,,,,,,,,,,,0.027405,0.857586,1.931965,,,,,,
67176,,,,0.063975,0.868551,1.975256,0.675606,0.461505,,,,,,,,,,,,,,,,,,,,
67178,,,,,,,,,,,40.178059,41.871395,,,,,-0.002036,-0.038050,0.043874,,,,,,,,,
67181,,,,,,,,,,,,,,,,,,,,,,,-0.284504,0.002135,0.797514,-0.980000,-50.610001,21.139999
67182,,,,,,,,,,,,,44.412945,46.370689,0.066468,0.074894,,,,,,,,,,,,
67180,,,,,,,,,,,,,,,,,,,,0.025010,0.863610,1.932557,,,,,,
67187,,,,,,,,,,,,,,,,,,,,,,,-0.238510,0.013115,0.984235,-20.930000,-54.810001,17.430000
67192,,,,,,,,,,,,,43.752281,45.399529,0.084687,0.103012,,,,,,,-0.238510,0.013115,0.984235,-34.299999,-55.369999,13.580000
67194,,,,,,,,,,,,,,,,,,,,0.022523,0.869563,1.939267,,,,,,
67200,,,,,,,,,,,,,,,,,,,,,,,-0.139080,0.027633,1.084824,0.350000,-63.980000,10.780000
67201,,,,,,,,,,,,,41.920383,44.441315,0.141530,0.131460,,,,,,,,,,,,
67202,,,,,,,,,,,,,,,,,,,,0.020355,0.875462,1.943052,,,,,,
67212,,,,,,,,,,,,,41.160496,43.281605,0.164908,0.167207,,,,,,,,,,,,
67211,,,,,,,,,,,,,,,,,,,,0.018092,0.881317,1.939844,,,,,,
67217,,,,,,,,,,,,,,,,,,,,,,,-0.139080,0.027633,1.084824,4.690000,46.410000,21.070000
67222,,,,,,,,,,,,,40.491749,42.809113,0.185908,0.181490,,,,,,,-0.385154,-0.041663,0.775554,-8.890000,50.959999,16.030001
67220,,,,,,,,,,,,,,,,,,,,0.015623,0.887616,1.945938,,,,,,
67226,,,,0.052469,0.894736,1.994323,0.607036,0.407022,,,,,,,,,,,,,,,,,,,,
67227,,,,,,,,,,,36.060356,37.647392,,,,,,,,,,,,,,,,
67228,,,,,,,,,,,,,,,,,-0.007018,-0.036878,0.047698,,,,,,,,,
67231,,,,,,,,,,,,,,,0.053232,0.056814,,,,,,,,,,,,
67232,,,,,,,,,,,,,40.437325,42.387154,,,,,,,,,,,,,,
67233,,,,,,,,,,,,,,,,,,,,,,,-0.385154,-0.041663,0.775554,3.500000,45.709999,14.070000
67235,,,,,,,,,,,,,,,,,,,,0.013314,0.893724,1.948757,,,,,,
67240,,,,,,,,,,,,,,,,,,,,,,,-0.153781,-0.001464,0.984723,16.660000,18.059999,21.420000
67241,,,,,,,,,,,,,,,0.080124,0.093504,,,,,,,,,,,,
67242,,,,,,,,,,,,,39.508331,41.148914,,,,,,,,,,,,,,
67243,,,,,,,,,,,,,,,,,,,,0.010907,0.899582,1.948538,,,,,,
67250,,,,,,,,,,,,,,,,,,,,,,,-0.153781,-0.001464,0.984723,-1.330000,-23.450001,22.680000
67251,,,,,,,,,,,,,37.635998,39.016384,0.138477,0.160295,,,,0.008615,0.905162,1.955705,,,,,,
67261,,,,,,,,,,,,,,,,,,,,,,,-0.256017,-0.015372,0.943487,5.740000,17.360001,16.450001
67262,,,,,,,,,,,,,37.098778,38.803417,0.154767,0.166178,,,,,,,,,,,,
67259,,,,,,,,,,,,,,,,,,,,0.006512,0.910597,1.959413,,,,,,
67272,,,,,,,,,,,,,36.687702,38.669266,0.167361,0.169656,,,,,,,,,,,,
67276,,,,0.041971,0.917517,2.010914,0.536881,0.356118,,,,,,,,,,,,,,,,,,,,
67278,,,,,,,,,,,31.850977,33.327610,,,,,-0.007588,-0.035446,0.050943,,,,,,,,,
67275,,,,,,,,,,,,,,,,,,,,0.004372,0.915917,1.961866,,,,,,
67281,,,,,,,,,,,,,,,,,,,,,,,-0.343491,0.012200,1.056032,7.140000,-26.459999,36.610001
67282,,,,,,,,,,,,,36.417099,38.639194,0.038278,0.028792,,,,,,,,,,,,
67285,,,,,,,,,,,,,,,,,,,,0.004372,0.915917,1.961866,-0.343491,0.012200,1.056032,11.480000,-33.810001,39.200001
67291,,,,,,,,,,,,,,,,,,,,,,,-0.343491,0.012200,1.056032,11.340000,-36.959999,36.959999
67292,,,,,,,,,,,,,35.030605,36.900276,0.080012,0.081455,,,,,,,,,,,,
67294,,,,,,,,,,,,,,,,,,,,0.002509,0.920607,1.969304,,,,,,
67300,,,,,,,,,,,,,,,,,,,,,,,-0.109434,0.024095,1.039989,2.590000,-52.009998,30.660000
67301,,,,,,,,,,,,,32.778011,35.452240,0.151086,0.125964,,,,,,,,,,,,
67302,,,,,,,,,,,,,,,,,,,,0.000606,0.925479,1.976074,,,,,,
67311,,,,,,,,,,,,,,,,,,,,-0.001153,0.929980,1.979978,-0.109434,0.024095,1.039989,-0.210000,35.630001,28.490000
67312,,,,,,,,,,,,,32.493080,34.743176,0.159671,0.147469,,,,,,,,,,,,
67320,,,,,,,,,,,,,,,,,,,,,,,-0.363255,0.020130,0.918477,0.000000,47.740002,29.750000
67322,,,,,,,,,,,,,32.778580,34.127918,0.149857,0.166460,,,,,,,,,,,,
67319,,,,,,,,,,,,,,,,,,,,-0.003333,0.934605,1.983854,,,,,,
67326,,,,0.032625,0.937001,2.025165,0.466719,0.308027,,,,,,,,,,,,,,,,,,,,
67327,,,,,,,,,,,27.740047,28.942394,,,,,-0.012387,-0.033921,0.042205,,,,,,,,,
67335,,,,,,,,,,,,,32.041367,33.987877,0.038809,0.027028,,,,,,,,,,,,
67329,,,,,,,,,,,,,,,,,,,,-0.005398,0.939390,1.989818,,,,,,
67337,,,,,,,,,,,,,,,,,,,,-0.007404,0.944118,1.996173,,,,,,
67341,,,,,,,,,,,,,,,0.061342,0.059080,,,,,,,-0.098210,0.029341,0.983869,1.680000,-5.180000,4.130000
67342,,,,,,,,,,,,,31.250723,32.888515,,,,,,,,,,,,,,
67346,,,,,,,,,,,,,,,,,,,,,,,-0.098210,0.029341,0.983869,-1.680000,-25.059999,16.309999
67345,,,,,,,,,,,,,,,,,,,,-0.009581,0.948673,1.996357,,,,,,
67351,,,,,,,,,,,,,,,,,,,,,,,-0.095709,0.013725,1.019188,-1.610000,-36.189999,21.280001
67352,,,,,,,,,,,,,29.516186,31.431196,0.115340,0.103681,,,,,,,,,,,,
67353,,,,,,,,,,,,,,,,,,,,-0.011448,0.953014,2.002545,,,,,,
67361,,,,,,,,,,,,,,,0.138977,0.118408,,,,,,,-0.095709,0.013725,1.019188,-4.970000,11.130000,20.440001
67362,,,,,,,,,,,,,28.751284,30.922054,,,,,,,,,,,,,,
67363,,,,,,,,,,,,,,,,,,,,-0.011448,0.953014,2.002545,,,,,,
67372,,,,,,,,,,,,,28.824423,30.136120,0.135807,0.142576,,,,-0.013425,0.957038,2.006367,,,,,,
67376,,,,0.024526,0.953333,2.037191,0.397941,0.262365,,,,,,,,,,,,,,,,,,,,
67378,,,,,,,,,,,23.707790,24.638296,,,,,-0.019329,-0.032856,0.031708,,,,,,,,,
67382,,,,,,,,,,,,,28.674206,29.777866,0.007835,0.012425,,,,,,,-0.422059,-0.006161,1.057801,-1.820000,-23.590000,5.250000
67381,,,,,,,,,,,,,,,,,,,,-0.015635,0.961206,2.005973,,,,,,
67387,,,,,,,,,,,,,,,,,,,,,,,-0.422059,-0.006161,0.834175,-14.420000,-31.430000,4.480000
67389,,,,,,,,,,,,,,,,,,,,-0.017590,0.964889,2.006185,,,,,,
67392,,,,,,,,,,,,,27.839508,28.237694,0.031343,0.058895,,,,,,,-0.134627,0.030927,0.834175,-10.990000,-37.520000,2.170000
67400,,,,,,,,,,,,,,,,,,,,,,,-0.134627,0.030927,0.834175,-9.520000,-25.690001,-17.639999
67398,,,,,,,,,,,,,,,,,,,,-0.019285,0.968506,2.006428,,,,,,
67401,,,,,,,,,,,,,,,0.093763,0.084317,,,,,,,,,,,,
67402,,,,,,,,,,,,,25.835775,27.376617,,,,,,,,,,,,,,
67407,,,,,,,,,,,,,,,,,,,,-0.021002,0.971898,2.006725,,,,,,
67410,,,,,,,,,,,,,,,,,,,,,,,-0.358802,-0.025376,1.139114,4.130000,50.610001,-7.210000
67411,,,,,,,,,,,,,,,0.118511,0.116597,,,,,,,,,,,,
67412,,,,,,,,,,,,,25.029835,26.326300,,,,,,,,,,,,,,
67415,,,,,,,,,,,,,,,,,,,,-0.022751,0.975511,2.003357,,,,,,
67420,,,,,,,,,,,,,,,,,,,,,,,-0.358802,-0.025376,1.139114,-2.800000,27.230000,6.790000
67421,,,,,,,,,,,,,24.907297,25.998142,0.121506,0.126042,,,,,,,,,,,,
67426,,,,0.017711,0.966703,2.047112,0.331774,0.219071,,,,,,,,,,,,,,,,,,,,
67427,,,,,,,,,,,19.705854,20.582977,,,,,,,,,,,,,,,,
67428,,,,,,,,,,,,,,,,,-0.025014,-0.032966,0.042677,,,,,,,,,
67423,,,,,,,,,,,,,,,,,,,,-0.024450,0.978881,1.999581,,,,,,
67436,,,,,,,,,,,,,24.792349,25.710184,-0.006955,0.001371,,,,,,,,,,,,
67431,,,,,,,,,,,,,,,,,,,,-0.025824,0.981765,2.002791,,,,,,
67440,,,,,,,,,,,,,,,,,,,,,,,-0.288164,-0.038369,0.966911,0.980000,-54.950001,4.480000
67441,,,,,,,,,,,,,23.743494,25.476831,0.023538,0.005089,,,,,,,,,,,,
67445,,,,,,,,,,,,,,,,,,,,-0.027008,0.984526,2.006579,-0.148047,0.024034,0.994910,-3.920000,-52.990002,4.270000
67451,,,,,,,,,,,,,,,0.072143,0.080000,,,,,,,-0.148047,0.024034,0.994910,-1.750000,-56.770000,5.180000
67452,,,,,,,,,,,,,22.166891,23.078041,,,,,,,,,,,,,,
67453,,,,,,,,,,,,,,,,,,,,-0.028202,0.987090,2.004006,,,,,,
67461,,,,,,,,,,,,,,,0.095611,0.108181,,,,,,,-0.148047,0.024034,0.994910,1.960000,-39.619999,9.730000
67462,,,,,,,,,,,,,21.393681,22.160322,,,,,,,,,,,,,,
67460,,,,,,,,,,,,,,,,,,,,-0.029305,0.989815,2.010176,,,,,,
67470,,,,,,,,,,,,,,,,,,,,,,,-0.334158,-0.015433,0.927749,-8.820000,41.020000,5.740000
67471,,,,,,,,,,,,,20.745590,21.939632,0.115570,0.114208,,,,,,,,,,,,
67476,,,,0.012168,0.977342,2.055070,0.269316,0.178341,,,,,,,,,,,,,,,,,,,,
67478,,,,,,,,,,,15.980398,16.719316,,,,,-0.029101,-0.032221,0.044393,,,,,,,,,
67475,,,,,,,,,,,,,,,,,,,,-0.030483,0.992652,2.010285,,,,,,
67481,,,,,,,,,,,,,20.738354,21.743021,-0.007385,-0.007324,,,,,,,,,,,,
67483,,,,,,,,,,,,,,,,,,,,,,,-0.167323,0.000427,1.073539,0.210000,42.770000,6.930000
67482,,,,,,,,,,,,,,,,,,,,-0.031744,0.995398,2.012733,,,,,,
67492,,,,,,,,,,,,,19.055096,19.900423,0.044249,0.049340,,,,,,,,,,,,
67491,,,,,,,,,,,,,,,,,,,,-0.033301,0.997837,2.009567,,,,,,
67497,,,,,,,,,,,,,,,,,,,,,,,-0.167323,0.000427,1.073539,3.710000,4.340000,15.470000
67499,,,,,,,,,,,,,,,,,,,,-0.034522,1.000370,2.013018,,,,,,
67502,,,,,,,,,,,,,17.131046,18.391350,0.105081,0.096462,,,,,,,,,,,,
67503,,,,,,,,,,,,,,,,,,,,,,,-0.096075,-0.029402,0.983503,-1.540000,9.660000,17.219999
67510,,,,,,,,,,,,,,,,,,,,,,,-0.096075,-0.029402,0.983503,-1.960000,74.059998,21.000000
67511,,,,,,,,,,,,,17.224171,18.284590,0.101142,0.098687,,,,,,,,,,,,
67514,,,,,,,,,,,,,,,,,,,,-0.035924,1.002994,2.019600,,,,,,
67520,,,,,,,,,,,,,,,,,,,,,,,-0.423889,0.014213,1.031815,-7.070000,-20.860001,20.160000
67521,,,,,,,,,,,,,,,0.100217,0.103039,,,,,,,,,,,,
67522,,,,,,,,,,,,,17.223324,18.115561,,,,,,-0.037007,1.005370,2.025128,,,,,,
67526,,,,0.007842,0.985505,2.061218,0.211510,0.140533,,,,,,,,,,,,,,,,,,,,
67527,,,,,,,,,,,12.570971,13.114755,,,,,-0.037293,-0.031580,0.036568,,,,,,,,,
67535,,,,,,,,,,,,,16.489147,17.639362,0.011243,-0.000958,,,,,,,,,,,,
67530,,,,,,,,,,,,,,,,,,,,-0.037521,1.006553,2.025918,,,,,,
67540,,,,,,,,,,,,,,,,,,,,,,,-0.423889,0.015677,1.000339,-5.180000,-87.430000,2.660000
67541,,,,,,,,,,,,,,,0.036637,0.029971,,,,,,,,,,,,
67542,,,,,,,,,,,,,15.625753,16.593544,,,,,,,,,,,,,,
67546,,,,,,,,,,,,,,,,,,,,,,,-0.055327,0.015677,1.000339,-1.820000,-100.169998,21.490000
67545,,,,,,,,,,,,,,,,,,,,-0.038287,1.007913,2.026222,,,,,,
67550,,,,,,,,,,,,,,,,,,,,,,,-0.055327,0.015677,1.000339,4.270000,-107.660004,23.730000
67551,,,,,,,,,,,,,14.246484,15.610271,0.079655,0.059643,,,,,,,,,,,,
67553,,,,,,,,,,,,,,,,,,,,-0.038614,1.009250,2.033046,,,,,,
67560,,,,,,,,,,,,,,,,,,,,,,,-0.190381,-0.043066,0.992592,2.450000,-52.500000,10.920000
67562,,,,,,,,,,,,,14.166252,15.313743,0.081012,0.067486,,,,,,,,,,,,
67561,,,,,,,,,,,,,,,,,,,,-0.038980,1.010470,2.036870,,,,,,
67570,,,,,,,,,,,,,,,,,,,,,,,-0.190381,-0.043066,0.992592,0.280000,-29.260000,6.300000
67571,,,,,,,,,,,,,14.121659,14.536613,0.081258,0.091358,,,,,,,,,,,,
67576,,,,0.004628,0.991493,2.065754,0.159194,0.106114,,,,,,,,,,,,,,,,,,,,
67578,,,,,,,,,,,9.472593,9.862217,,,,,-0.037042,-0.030488,0.029569,,,,,,,,,
67575,,,,,,,,,,,,,,,,,,,,-0.039822,1.011755,2.037024,,,,,,
67581,,,,,,,,,,,,,14.075490,14.424632,-0.020456,-0.013162,,,,,,,,,,,,
67583,,,,,,,,,,,,,,,,,,,,-0.040644,1.012928,2.040497,-0.185318,0.034526,1.004243,-1.610000,-34.790001,8.960000
67592,,,,,,,,,,,,,12.863815,13.667933,0.015914,0.008263,,,,,,,,,,,,
67591,,,,,,,,,,,,,,,,,,,,-0.041332,1.013886,2.034046,,,,,,
67596,,,,,,,,,,,,,,,,,,,,,,,-0.040260,-0.039833,1.030961,3.920000,-55.090000,-1.260000
67601,,,,,,,,,,,,,,,,,,,,,,,-0.040260,-0.039833,1.030961,1.330000,-55.230000,0.210000
67602,,,,,,,,,,,,,10.823612,12.085286,0.080484,0.057454,,,,,,,,,,,,
67605,,,,,,,,,,,,,,,,,,,,-0.041913,1.015046,2.037340,,,,,,
67610,,,,,,,,,,,,,,,,,,,,,,,-0.040260,-0.039833,1.030961,-10.290000,19.180000,11.690000
67611,,,,,,,,,,,,,,,0.081360,0.064250,,,,,,,,,,,,
67612,,,,,,,,,,,,,10.765661,11.827233,,,,,,,,,,,,,,
67613,,,,,,,,,,,,,,,,,,,,-0.042420,1.016173,2.040622,,,,,,
67620,,,,,,,,,,,,,,,,,,,,,,,-0.372588,-0.000732,0.979660,5.040000,70.559998,-0.210000
67621,,,,,,,,,,,,,,,0.082302,0.088314,,,,-0.042965,1.017742,2.043718,,,,,,
67622,,,,,,,,,,,,,10.707025,11.050632,,,,,,,,,,,,,,
67626,,,,0.002418,0.995570,2.068856,0.113132,0.075618,,,,,,,,,,,,,,,,,,,,
67627,,,,,,,,,,,6.736248,7.002284,,,,,-0.040498,-0.030296,0.025487,,,,,,,,,
67631,,,,,,,,,,,,,9.556774,10.393770,0.029054,0.014772,,,,,,,,,,,,
67633,,,,,,,,,,,,,,,,,,,,,,,-0.372588,0.004392,1.064389,4.480000,28.000000,-23.309999
67635,,,,,,,,,,,,,,,,,,,,-0.043579,1.019046,2.043538,,,,,,
67640,,,,,,,,,,,,,,,,,,,,,,,0.015372,0.004392,1.064389,1.820000,2.800000,7.980000
67641,,,,,,,,,,,,,8.589009,8.745317,0.058791,0.066504,,,,,,,,,,,,
67643,,,,,,,,,,,,,,,,,,,,-0.044252,1.020174,2.043401,,,,,,
67652,,,,,,,,,,,,,7.765143,8.435013,0.084526,0.075399,,,,,,,,,,,,
67651,,,,,,,,,,,,,,,,,,,,-0.044702,1.021045,2.043436,,,,,,
67657,,,,,,,,,,,,,,,,,,,,,,,-0.100589,-0.028121,1.013149,-1.330000,19.389999,22.049999
67659,,,,,,,,,,,,,,,,,,,,-0.044963,1.022105,2.043331,,,,,,
67661,,,,,,,,,,,,,,,0.087579,0.081646,,,,,,,,,,,,
67662,,,,,,,,,,,,,7.648658,8.212286,,,,,,,,,-0.100589,-0.028121,1.013149,-3.990000,34.790001,23.870001
67670,,,,,,,,,,,,,,,,,,,,,,,-0.100589,0.018605,0.976061,-2.240000,33.880001,24.990000
67671,,,,,,,,,,,,,7.531240,9.101137,0.090753,0.051433,,,,,,,,,,,,
67676,,,,0.001039,0.998101,2.070788,0.074033,0.049585,,,,,,,,,,,,,,,,,,,,
67677,,,,,,,,,,,4.404640,4.581798,,,,,,,,,,,,,,,,
67678,,,,,,,,,,,,,,,,,-0.042530,-0.030000,0.026161,,,,,,,,,
67674,,,,,,,,,,,,,,,,,,,,-0.045533,1.023161,2.046487,,,,,,
67681,,,,,,,,,,,,,,,0.016500,0.017561,,,,,,,,,,,,
67682,,,,,,,,,,,,,7.432335,7.657696,,,,,,-0.046023,1.023998,2.049700,,,,,,
67683,,,,,,,,,,,,,,,,,,,,,,,-0.150365,0.018605,0.976061,-0.700000,-28.770000,16.590000
67692,,,,,,,,,,,,,6.253566,6.984533,0.053066,0.037417,,,,,,,,,,,,
67690,,,,,,,,,,,,,,,,,,,,-0.046458,1.024676,2.056288,,,,,,
67697,,,,,,,,,,,,,,,,,,,,,,,0.046665,-0.023546,1.067195,-6.020000,-34.650002,1.890000
67701,,,,,,,,,,,,,5.818144,6.433180,0.066016,0.053768,,,,,,,,,,,,
67702,,,,,,,,,,,,,,,,,,,,,,,0.046665,-0.023546,1.067195,-1.750000,-17.570000,-23.100000
67705,,,,,,,,,,,,,,,,,,,,-0.046628,1.025315,2.056355,,,,,,
67710,,,,,,,,,,,,,,,,,,,,,,,-0.215818,0.013420,1.003084,13.230000,-2.240000,-12.320000
67711,,,,,,,,,,,,,5.443105,6.508317,0.077307,0.049881,,,,,,,,,,,,
67713,,,,,,,,,,,,,,,,,,,,-0.046825,1.025982,2.050033,,,,,,
67720,,,,,,,,,,,,,,,,,,,,,,,-0.215818,0.013420,1.003084,-14.280000,17.850000,-5.180000
67721,,,,,,,,,,,,,,,0.050918,0.046408,,,,-0.047445,1.026527,2.049734,,,,,,
67722,,,,,,,,,,,,,6.219360,6.569118,,,,,,,,,,,,,,
67725,,,,0.000313,0.999429,2.071804,0.042551,0.028537,,,,,,,,,,,,,,,,,,,,
67727,,,,,,,,,,,2.531400,2.628934,,,,,-0.046084,-0.029890,0.022211,,,,,,,,,
67731,,,,,,,,,,,,,,,0.002114,-0.003329,,,,,,,,,,,,
67732,,,,,,,,,,,,,5.781461,6.075747,,,,,,,,,,,,,,
67733,,,,,,,,,,,,,,,,,,,,,,,-0.129198,-0.043737,1.003572,2.940000,10.850000,-11.760000
67735,,,,,,,,,,,,,,,,,,,,-0.047910,1.027037,2.049715,,,,,,
67740,,,,,,,,,,,,,,,,,,,,,,,-0.129198,-0.043737,1.003572,4.130000,-21.490000,-14.420000
67741,,,,,,,,,,,,,5.412405,5.112133,0.011820,0.025850,,,,,,,,,,,,
67751,,,,,,,,,,,,,,,0.037958,0.050719,,,,,,,,,,,,
67752,,,,,,,,,,,,,4.553997,4.301348,,,,,,-0.048358,1.027605,2.040436,,,,,,
67744,,,,,,,,,,,,,,,,,,,,-0.048155,1.027429,2.043547,,,,,,
67757,,,,,,,,,,,,,,,,,,,,,,,-0.020069,0.034221,1.029802,-0.910000,-27.580000,-14.210000
67762,,,,,,,,,,,,,4.381943,3.619154,0.042097,0.071961,,,,,,,-0.020069,0.034221,1.029802,2.030000,-25.340000,0.350000
67760,,,,,,,,,,,,,,,,,,,,-0.048561,1.027818,2.040531,,,,,,
67770,,,,,,,,,,,,,,,,,,,,,,,-0.146156,-0.019581,1.024800,-5.670000,-6.020000,1.540000
67771,,,,,,,,,,,,,4.233696,4.138616,0.045581,0.054063,,,,,,,,,,,,
67776,,,,0.000038,0.999930,2.072187,0.019306,0.012957,,,,,,,,,,,,,,,,,,,,
67777,,,,,,,,,,,1.143149,1.191371,,,,,,,,,,,,,,,,
67778,,,,,,,,,,,,,,,,,-0.047039,-0.030647,0.030973,,,,,,,,,
67774,,,,,,,,,,,,,,,,,,,,-0.048735,1.028211,2.043695,,,,,,
67781,,,,,,,,,,,,,,,0.020568,0.008972,,,,,,,,,,,,
67782,,,,,,,,,,,,,3.562231,4.030336,,,,,,-0.048735,1.028557,2.043584,,,,,,
67783,,,,,,,,,,,,,,,,,,,,,,,-0.146156,-0.019581,1.007171,1.050000,-4.690000,3.080000
67790,,,,,,,,,,,,,,,,,,,,-0.048572,1.028833,2.043443,-0.108885,-0.031903,1.007171,0.420000,-3.430000,15.890000
67791,,,,,,,,,,,,,,,0.037388,0.009834,,,,,,,,,,,,
67792,,,,,,,,,,,,,2.997261,3.938844,,,,,,,,,,,,,,
67800,,,,,,,,,,,,,,,,,,,,,,,-0.108885,-0.031903,1.007171,-3.640000,-3.570000,30.030001
67801,,,,,,,,,,,,,2.521895,3.314143,0.051678,0.028377,,,,,,,,,,,,
67805,,,,,,,,,,,,,,,,,,,,-0.048660,1.028960,2.046665,,,,,,
67813,,,,,,,,,,,,,2.121922,2.788520,0.063839,0.044122,,,,-0.048752,1.029044,2.053142,,,,,,
67817,,,,,,,,,,,,,,,,,,,,,,,-0.099735,0.017629,1.015467,0.140000,-12.740000,26.110001
67821,,,,,,,,,,,,,,,0.074210,0.037159,,,,,,,,,,,,
67822,,,,,,,,,,,,,1.785385,2.962538,,,,,,,,,-0.062281,-0.020862,1.024800,0.140000,-15.750000,24.010000
67820,,,,,,,,,,,,,,,,,,,,-0.048713,1.029106,2.056376,,,,,,
67825,,,,0.000000,1.000000,2.072241,0.004925,0.003307,,,,,,,,,,,,,,,,,,,,
67827,,,,,,,,,,,0.288228,0.298785,,,,,-0.048543,-0.029547,0.016169,,,,,,,,,
67831,,,,,,,,,,,,,,,0.018649,0.021857,,,,,,,,,,,,
67832,,,,,,,,,,,,,2.598104,2.492679,,,,,,,,,,,,,,
67833,,,,,,,,,,,,,,,,,,,,,,,-0.062281,-0.020862,1.024800,-1.890000,-22.400000,16.520000
67835,,,,,,,,,,,,,,,,,,,,-0.048744,1.029048,2.056568,,,,,,
67840,,,,,,,,,,,,,,,,,,,,,,,-0.042944,-0.013359,1.028338,-0.280000,-29.120001,12.040000
67841,,,,,,,,,,,,,2.186044,2.097340,0.030502,0.033246,,,,,,,,,,,,
67843,,,,,,,,,,,,,,,,,,,,-0.048794,1.028922,2.056706,,,,,,
67852,,,,,,,,,,,,,1.839337,1.764701,0.040510,0.042864,,,,,,,,,,,,
67851,,,,,,,,,,,,,,,,,,,,-0.048719,1.028724,2.056713,,,,,,
67857,,,,,,,,,,,,,,,,,,,,,,,-0.042944,-0.013359,1.028338,2.310000,-41.720001,-30.730000
67861,,,,,,,,,,,,,,,0.048965,0.050993,,,,,,,,,,,,
67862,,,,,,,,,,,,,1.547618,1.484820,,,,,,,,,,,,,,
67863,,,,,,,,,,,,,,,,,,,,,,,-0.040931,-0.002684,1.024617,-0.210000,-26.670000,-27.860001
67865,,,,,,,,,,,,,,,,,,,,-0.048620,1.028509,2.050367,,,,,,
67870,,,,,,,,,,,,,,,,,,,,,,,-0.040931,-0.002684,1.024617,0.840000,-6.230000,-17.080000
67871,,,,,,,,,,,,,1.302166,1.249327,0.056114,0.057869,,,,,,,,,,,,
67876,,,,0.000000,1.000000,2.072241,0.000000,0.000000,,,,,,,,,,,,,,,,,,,,
67878,,,,,,,,,,,-0.005726,-0.005726,,,,,-0.047882,-0.029948,0.021439,,,,,,,,,
67873,,,,,,,,,,,,,,,,,,,,-0.048460,1.028337,2.047178,,,,,,
67881,,,,,,,,,,,,,,,0.034333,0.053622,,,,-0.048434,1.028445,2.043936,,,,,,
67882,,,,,,,,,,,,,1.643858,1.051184,,,,,,,,,,,,,,
67883,,,,,,,,,,,,,,,,,,,,,,,-0.024888,-0.014213,0.982039,-0.070000,15.750000,-10.010000
67890,,,,,,,,,,,,,,,,,,,,,,,-0.024888,-0.014213,0.982039,0.000000,5.880000,-6.020000
67891,,,,,,,,,,,,,,,0.041692,0.040248,,,,,,,,,,,,
67892,,,,,,,,,,,,,1.383142,1.431690,,,,,,,,,,,,,,
67895,,,,,,,,,,,,,,,,,,,,-0.048499,1.028506,2.043936,,,,,,
67900,,,,,,,,,,,,,,,,,,,,,,,-0.015433,-0.005246,1.052677,0.280000,-3.430000,-2.940000
67901,,,,,,,,,,,,,1.163775,1.204624,0.047883,0.046656,,,,,,,,,,,,
67911,,,,,,,,,,,,,0.979200,1.013571,0.053091,0.052048,,,,,,,,,,,,
67903,,,,,,,,,,,,,,,,,,,,-0.048566,1.028446,2.043889,,,,,,
67912,,,,,,,,,,,,,,,,,,,,-0.048501,1.028319,2.040669,,,,,,
67917,,,,,,,,,,,,,,,,,,,,,,,-0.010126,-0.007381,1.033584,0.140000,-10.500000,3.780000
67921,,,,,,,,,,,,,0.823899,0.852818,0.057473,0.056584,,,,,,,,,,,,
67922,,,,,,,,,,,,,,,,,,,,,,,-0.010126,-0.007381,1.033584,0.140000,-6.300000,5.530000
67925,,,,0.000000,1.000000,2.072241,0.000000,0.000000,,,,,,,,,,,,,,,,,,,,
67927,,,,,,,,,,,-0.005660,-0.005660,,,,,-0.047325,-0.030382,0.030698,-0.048449,1.028303,2.043957,,,,,,
67931,,,,,,,,,,,,,0.693229,0.717561,0.061158,0.060398,,,,,,,,,,,,
67933,,,,,,,,,,,,,,,,,,,,,,,-0.010126,-0.007381,1.033584,0.000000,3.360000,5.460000
67934,,,,,,,,,,,,,,,,,,,,-0.048370,1.028247,2.043938,,,,,,
67940,,,,,,,,,,,,,,,,,,,,,,,0.020862,-0.009211,1.003938,-0.280000,3.360000,6.230000
67941,,,,,,,,,,,,,0.583282,0.603756,0.064260,0.063609,,,,,,,,,,,,
67942,,,,,,,,,,,,,,,,,,,,-0.048394,1.028313,2.043938,,,,,,
67950,,,,,,,,,,,,,,,,,,,,,,,0.020862,-0.009211,1.003938,-0.140000,-1.540000,6.860000
67949,,,,,,,,,,,,,,,,,,,,-0.048422,1.028452,2.043938,,,,,,
67952,,,,,,,,,,,,,0.490774,1.045980,0.066868,0.048534,,,,,,,,,,,,
67960,,,,,,,,,,,,,,,,,,,,,,,-0.001037,-0.007442,1.028826,-0.210000,-2.380000,12.880000
67961,,,,,,,,,,,,,0.412937,0.880087,0.069063,0.053216,,,,,,,,,,,,
67972,,,,,,,,,,,,,0.347445,1.255537,0.070908,0.040137,,,,-0.048586,1.028526,2.050365,,,,,,
67964,,,,,,,,,,,,,,,,,,,,-0.048442,1.028499,2.043938,,,,,,
67976,,,,0.000000,1.000000,2.072241,0.000000,0.000000,,,,,,,,,,,,,,,,,,,,
67977,,,,,,,,,,,-0.005680,-0.005680,,,,,-0.047510,-0.030119,0.027756,,,,,,,,,
67981,,,,,,,,,,,,,,,0.072461,0.045763,,,,,,,0.014640,-0.003843,1.019249,-0.840000,5.040000,15.470000
67982,,,,,,,,,,,,,0.292340,1.056409,,,,,,,,,,,,,,
67980,,,,,,,,,,,,,,,,,,,,-0.048681,1.028592,2.053603,,,,,,
67986,,,,,,,,,,,,,,,,,,,,,,,0.014640,-0.003843,1.019249,-0.140000,0.000000,7.420000
67991,,,,,,,,,,,,,,,,,,,,,,,0.021106,-0.016043,1.027057,0.070000,-0.490000,4.060000
67992,,,,,,,,,,,,,0.788727,0.888862,0.055837,0.050490,,,,,,,,,,,,
67995,,,,,,,,,,,,,,,,,,,,-0.048722,1.028754,2.056834,,,,,,
68000,,,,,,,,,,,,,,,,,,,,,,,0.021106,-0.016043,1.027057,-0.350000,-0.140000,7.560000
68001,,,,,,,,,,,,,0.663635,0.747889,0.059365,0.054468,,,,,,,,,,,,
68003,,,,,,,,,,,,,,,,,,,,-0.048802,1.028914,2.056868,,,,,,
68011,,,,,,,,,,,,,,,,,,,,-0.048866,1.029049,2.056871,-0.026779,-0.003782,1.016931,-0.420000,3.150000,9.310000
68012,,,,,,,,,,,,,0.558382,1.175400,0.062334,0.039772,,,,,,,,,,,,
68020,,,,,,,,,,,,,,,,,,,,,,,-0.026779,-0.003782,1.016931,-0.210000,2.380000,10.850000
68021,,,,,,,,,,,,,0.469823,0.988982,0.064831,0.045033,,,,,,,,,,,,
68026,,,,0.000000,1.000000,2.072241,0.000000,0.000000,,,,,,,,,,,,,,,,,,,,
68027,,,,,,,,,,,-0.005798,-0.005798,,,,,-0.048492,-0.029656,0.015982,,,,,,,,,
68025,,,,,,,,,,,,,,,,,,,,-0.048913,1.029202,2.060101,,,,,,
68035,,,,,,,,,,,,,0.395309,0.832129,0.066929,0.049458,,,,,,,,,,,,
68034,,,,,,,,,,,,,,,,,,,,-0.048937,1.029266,2.063327,,,,,,
68040,,,,,,,,,,,,,,,,,,,,,,,-0.040992,-0.010980,1.023641,-0.210000,-4.550000,6.930000
68041,,,,,,,,,,,,,,,0.068695,0.053181,,,,-0.049004,1.029293,2.066587,,,,,,
68042,,,,,,,,,,,,,0.332613,0.700153,,,,,,,,,,,,,,
68046,,,,,,,,,,,,,,,,,,,,,,,-0.040992,-0.010980,1.023641,-0.070000,-3.640000,5.110000
68050,,,,,,,,,,,,,,,,,,,,,,,-0.037515,-0.007564,1.023824,-0.070000,-1.890000,3.150000
68051,,,,,,,,,,,,,0.279860,0.589109,0.070180,0.056312,,,,,,,,,,,,
68056,,,,,,,,,,,,,,,,,,,,-0.048960,1.029346,2.066614,,,,,,
68061,,,,,,,,,,,,,0.235474,0.495676,0.071429,0.058946,,,,,,,-0.037515,-0.007564,1.023824,0.000000,1.190000,-1.260000
68077,,,,0.000000,1.000000,2.072241,0.000000,0.000000,,,,,,,,,,,,,,,,,,,,
68078,,,,,,,,,,,-0.005869,-0.005869,,,,,-0.049085,-0.029139,0.006282,,,,,,,,,
68079,,,,,,,,,,,,,0.198128,0.731481,0.072478,0.050777,,,,,,,,,,,,
68072,,,,,,,,,,,,,,,,,,,,-0.048906,1.029376,2.066614,,,,,,
68080,,,,,,,,,,,,,,,,,,,,-0.048893,1.029357,2.066624,,,,,,
68084,,,,,,,,,,,,,,,,,,,,,,,-0.025498,-0.009272,1.021201,0.000000,-0.490000,2.800000
68089,,,,,,,,,,,,,,,,,,,,,,,-0.002440,-0.009821,1.021201,0.070000,0.140000,3.500000
68091,,,,,,,,,,,,,0.166705,0.615468,0.073360,0.054048,,,,,,,,,,,,
68094,,,,,,,,,,,,,,,,,,,,,,,-0.002440,-0.009821,1.021201,0.210000,0.560000,3.010000
68095,,,,,,,,,,,,,,,,,,,,-0.048913,1.029343,2.066624,,,,,,
68100,,,,,,,,,,,,,,,,,,,,,,,-0.002440,-0.009821,1.021201,0.210000,0.070000,1.680000
68101,,,,,,,,,,,,,0.140266,0.517855,0.074102,0.056799,,,,,,,,,,,,
68103,,,,,,,,,,,,,,,,,,,,-0.048944,1.029391,2.066614,,,,,,
68110,,,,,,,,,,,,,,,,,,,,,,,0.003416,-0.007320,1.025105,-0.140000,-1.330000,5.740000
68111,,,,,,,,,,,,,0.118019,0.435723,0.074726,0.059114,,,,,,,,,,,,
68112,,,,,,,,,,,,,,,,,,,,-0.048987,1.029409,2.066614,,,,,,
68120,,,,,,,,,,,,,,,,,,,,-0.049020,1.029450,2.069844,0.003416,-0.007320,1.025105,-0.210000,-0.700000,10.640000
68122,,,,,,,,,,,,,0.099302,0.366617,0.075250,0.061061,,,,,,,,,,,,
68126,,,,0.000000,1.000000,2.072241,0.000000,0.000000,,,,,,,,,,,,,,,,,,,,
68127,,,,,,,,,,,-0.005897,-0.005897,,,,,-0.049322,-0.028953,0.002502,,,,,,,,,
68137,,,,,,,,,,,,,0.083552,0.658121,0.075690,0.051151,,,,,,,,,,,,
68134,,,,,,,,,,,,,,,,,,,,-0.049057,1.029531,2.069844,,,,,,
68142,,,,,,,,,,,,,,,,,,,,-0.049127,1.029652,2.073084,0.012749,-0.005734,1.021567,-0.560000,-0.140000,15.260000
68147,,,,,,,,,,,,,,,,,,,,,,,0.015311,-0.005734,1.021567,-0.630000,-1.610000,19.459999
68152,,,,,,,,,,,,,0.070301,0.941898,0.076059,0.041274,,,,,,,0.015311,-0.005734,1.021567,-0.840000,-2.310000,24.080000
68150,,,,,,,,,,,,,,,,,,,,-0.049270,1.029780,2.076287,,,,,,
68160,,,,,,,,,,,,,,,,,,,,,,,0.015311,-0.013054,1.015894,-0.210000,0.070000,19.740000
68161,,,,,,,,,,,,,0.059151,0.792513,0.076370,0.045487,,,,,,,,,,,,
68165,,,,,,,,,,,,,,,,,,,,-0.049509,1.029926,2.079487,,,,,,
68170,,,,,,,,,,,,,,,,,,,,,,,0.010370,-0.013054,1.015894,-0.490000,-0.770000,20.370001
68171,,,,,,,,,,,,,,,0.076630,0.049031,,,,,,,,,,,,
68172,,,,,,,,,,,,,0.049770,0.666820,,,,,,,,,,,,,,
68176,,,,0.000000,1.000000,2.072241,0.000000,0.000000,,,,,,,,,,,,,,,,,,,,
68177,,,,,,,,,,,-0.006003,-0.006003,,,,,-0.050211,-0.028665,-0.006936,,,,,,,,,
68174,,,,,,,,,,,,,,,,,,,,-0.049670,1.030082,2.085890,,,,,,
68181,,,,,,,,,,,,,,,0.076845,0.033910,,,,,,,,,,,,
68182,,,,,,,,,,,,,0.041876,1.109334,,,,,,-0.049736,1.030254,2.089102,,,,,,
68183,,,,,,,,,,,,,,,,,,,,,,,-0.027450,-0.005063,1.026996,-0.490000,-0.420000,14.070000
68192,,,,,,,,,,,,,0.035235,0.933393,0.077028,0.038871,,,,,,,,,,,,
68189,,,,,,,,,,,,,,,,,,,,-0.049768,1.030437,2.089102,,,,,,
68197,,,,,,,,,,,,,,,,,,,,,,,-0.027450,-0.005063,1.019371,0.000000,1.120000,5.600000
68201,,,,,,,,,,,,,,,0.077181,0.043045,,,,,,,,,,,,
68202,,,,,,,,,,,,,0.029646,0.785357,,,,,,,,,-0.032391,-0.010858,1.019371,0.070000,0.910000,2.590000
68204,,,,,,,,,,,,,,,,,,,,-0.049864,1.030554,2.092301,,,,,,
68210,,,,,,,,,,,,,,,,,,,,,,,-0.032391,-0.010858,1.019371,0.210000,-3.080000,-9.170000
68211,,,,,,,,,,,,,,,0.077309,0.046557,,,,-0.049922,1.030612,2.092292,,,,,,
68212,,,,,,,,,,,,,0.024945,0.660799,,,,,,,,,,,,,,
68220,,,,,,,,,,,,,,,,,,,,,,,-0.000061,-0.013847,1.028643,1.260000,-5.670000,-26.950001
68219,,,,,,,,,,,,,,,,,,,,-0.049882,1.030621,2.089093,,,,,,
68221,,,,,,,,,,,,,0.570144,0.555996,0.059284,0.049510,,,,,,,,,,,,
68226,,,,0.000000,1.000000,2.072241,0.000000,0.000000,,,,,,,,,,,,,,,,,,,,
68227,,,,,,,,,,,-0.006129,-0.006129,,,,,-0.051258,-0.028204,-0.016008,,,,,,,,,
68231,,,,,,,,,,,,,1.028322,0.467815,0.043716,0.051992,,,,,,,,,,,,
68233,,,,,,,,,,,,,,,,,,,,,,,-0.000061,-0.013847,1.028643,1.750000,1.890000,-39.270000
68234,,,,,,,,,,,,,,,,,,,,-0.049877,1.030711,2.085924,,,,,,
68240,,,,,,,,,,,,,,,,,,,,,,,0.040809,-0.012932,1.009245,0.700000,7.560000,-43.259998
68241,,,,,,,,,,,,,,,0.030275,0.054081,,,,,,,,,,,,
68242,,,,,,,,,,,,,1.411631,0.393620,,,,,,-0.049918,1.030931,2.076312,,,,,,
68252,,,,,,,,,,,,,1.187746,0.331192,0.036589,0.055838,,,,,,,,,,,,
68250,,,,,,,,,,,,,,,,,,,,-0.049885,1.031067,2.069824,,,,,,
68256,,,,,,,,,,,,,,,,,,,,,,,-0.025559,-0.007259,1.032974,0.840000,3.710000,-26.459999
68261,,,,,,,,,,,,,,,,,,,,,,,-0.025559,-0.007259,1.032974,1.190000,0.560000,-19.670000
68262,,,,,,,,,,,,,0.999370,0.278665,0.041901,0.057316,,,,,,,,,,,,
68265,,,,,,,,,,,,,,,,,,,,-0.049879,1.031182,2.063381,,,,,,
68270,,,,,,,,,,,,,,,,,,,,,,,-0.025559,-0.007259,1.032974,0.630000,-5.250000,-14.630000
68271,,,,,,,,,,,,,0.840869,0.234468,0.046370,0.058559,,,,,,,,,,,,
68276,,,,0.000000,1.000000,2.072241,0.000000,0.000000,,,,,,,,,,,,,,,,,,,,
68277,,,,,,,,,,,-0.006112,-0.006112,,,,,-0.051103,-0.029145,0.007273,,,,,,,,,
68274,,,,,,,,,,,,,,,,,,,,-0.049946,1.031263,2.060184,,,,,,
68281,,,,,,,,,,,,,0.707507,0.197282,0.050119,0.059601,,,,,,,,,,,,
68283,,,,,,,,,,,,,,,,,,,,,,,-0.031232,-0.000854,1.016809,-0.070000,-3.010000,0.490000
68282,,,,,,,,,,,,,,,,,,,,-0.049996,1.031378,2.060196,,,,,,
68292,,,,,,,,,,,,,0.595297,0.165993,0.053283,0.060480,,,,,,,,,,,,
68290,,,,,,,,,,,,,,,,,,,,-0.050024,1.031451,2.060209,,,,,,
68297,,,,,,,,,,,,,,,,,,,,,,,-0.064782,-0.014579,1.015772,-0.490000,3.850000,14.000000
68301,,,,,,,,,,,,,,,0.055944,0.042899,,,,,,,,,,,,
68302,,,,,,,,,,,,,0.500883,0.694304,,,,,,,,,-0.064782,-0.014579,1.015772,0.070000,2.100000,12.180000
68305,,,,,,,,,,,,,,,,,,,,-0.050100,1.031488,2.063391,,,,,,
68311,,,,,,,,,,,,,0.421443,0.584187,0.058183,0.046004,,,,,,,-0.064782,-0.014579,1.028887,-0.210000,-4.060000,8.960000
68314,,,,,,,,,,,,,,,,,,,,-0.050118,1.031561,2.066624,,,,,,
68320,,,,,,,,,,,,,,,,,,,,,,,-0.018361,-0.000427,1.028887,-0.420000,-4.060000,8.400000
68321,,,,,,,,,,,,,0.354602,0.491535,0.060065,0.048615,,,,,,,,,,,,
68322,,,,,,,,,,,,,,,,,,,,-0.050161,1.031584,2.069880,,,,,,
68325,,,,0.000000,1.000000,2.072241,0.000000,0.000000,,,,,,,,,,,,,,,,,,,,
68327,,,,,,,,,,,-0.006184,-0.006184,,,,,-0.051719,-0.028938,0.002661,,,,,,,,,
68331,,,,,,,,,,,,,,,0.061648,0.050812,,,,,,,,,,,,
68332,,,,,,,,,,,,,0.298362,0.413577,,,,,,,,,,,,,,
68330,,,,,,,,,,,,,,,,,,,,-0.050197,1.031625,2.069880,,,,,,
68333,,,,,,,,,,,,,,,,,,,,,,,-0.002806,-0.018117,1.014369,-0.210000,2.730000,4.340000
68340,,,,,,,,,,,,,,,,,,,,,,,-0.002806,-0.018117,1.014369,0.280000,2.240000,3.430000
68341,,,,,,,,,,,,,0.251042,0.347984,0.062979,0.052659,,,,,,,,,,,,
68352,,,,,,,,,,,,,0.211226,0.292794,0.064099,0.054212,,,,,,,,,,,,
68345,,,,,,,,,,,,,,,,,,,,-0.050170,1.031662,2.069844,,,,,,
68353,,,,,,,,,,,,,,,,,,,,-0.050185,1.031704,2.069816,,,,,,
68357,,,,,,,,,,,,,,,,,,,,,,,-0.018666,-0.001708,1.028643,-0.210000,-0.420000,4.340000
68362,,,,,,,,,,,,,0.177726,0.246357,0.065040,0.055519,,,,,,,-0.018666,-0.001708,1.028643,0.140000,-0.350000,3.780000
68361,,,,,,,,,,,,,,,,,,,,-0.050274,1.031721,2.073033,,,,,,
68370,,,,,,,,,,,,,,,,,,,,,,,-0.018117,-0.013542,1.020530,0.140000,-0.630000,2.170000
68371,,,,,,,,,,,,,0.149538,0.786832,0.065831,0.037477,,,,,,,,,,,,
68376,,,,0.000000,1.000000,2.072241,0.000000,0.000000,,,,,,,,,,,,-0.050353,1.031751,2.073052,,,,,,
68378,,,,,,,,,,,-0.006220,-0.006220,,,,,-0.052028,-0.028780,-0.001027,,,,,,,,,
68381,,,,,,,,,,,,,,,0.066495,0.040997,,,,,,,,,,,,
68382,,,,,,,,,,,,,0.125822,0.662041,,,,,,,,,,,,,,
68383,,,,,,,,,,,,,,,,,,,,-0.050308,1.031744,2.073052,-0.018117,-0.013542,1.020530,-0.140000,-0.140000,2.100000
68390,,,,,,,,,,,,,,,,,,,,,,,-0.013603,-0.008540,1.019798,0.140000,1.400000,-1.050000
68391,,,,,,,,,,,,,,,0.067054,0.043957,,,,,,,,,,,,
68392,,,,,,,,,,,,,0.105866,0.557041,,,,,,-0.050347,1.031747,2.073052,,,,,,
68400,,,,,,,,,,,,,,,,,,,,,,,-0.013603,-0.008540,1.019798,0.140000,-1.120000,-0.630000
68401,,,,,,,,,,,,,0.089076,0.468694,0.067523,0.046446,,,,,,,,,,,,
68406,,,,,,,,,,,,,,,,,,,,-0.050343,1.031744,2.073052,,,,,,
68412,,,,,,,,,,,,,0.074948,0.394359,0.067917,0.048540,,,,,,,,,,,,
68414,,,,,,,,,,,,,,,,,,,,-0.050350,1.031750,2.073052,,,,,,
68417,,,,,,,,,,,,,,,,,,,,,,,-0.022570,-0.007381,1.024678,0.000000,-1.330000,-0.770000
68421,,,,,,,,,,,,,,,0.068248,0.050301,,,,,,,,,,,,
68422,,,,,,,,,,,,,0.063062,0.331814,,,,,,-0.050357,1.031757,2.073052,-0.022570,-0.007381,1.024678,0.000000,-1.050000,-0.560000
68425,,,,0.000000,1.000000,2.072241,0.000000,0.000000,,,,,,,,,,,,,,,,,,,,
68427,,,,,,,,,,,-0.006228,-0.006228,,,,,-0.052093,-0.028832,-0.001050,,,,,,,,,
68431,,,,,,,,,,,,,,,0.068525,0.051781,,,,,,,,,,,,
68432,,,,,,,,,,,,,0.053060,0.279188,,,,,,,,,,,,,,
68430,,,,,,,,,,,,,,,,,,,,-0.050347,1.031763,2.069835,,,,,,
68433,,,,,,,,,,,,,,,,,,,,,,,-0.006283,-0.012200,1.021018,0.070000,0.280000,0.070000
68440,,,,,,,,,,,,,,,,,,,,,,,-0.006283,-0.012200,1.021018,-0.070000,0.560000,-0.210000
68441,,,,,,,,,,,,,0.044645,0.234909,0.068758,0.053026,,,,,,,,,,,,
68444,,,,,,,,,,,,,,,,,,,,-0.050334,1.031766,2.073061,,,,,,
68450,,,,,,,,,,,,,,,,,,,,,,,-0.008235,-0.007198,1.019920,0.000000,-0.490000,0.770000
68451,,,,,,,,,,,,,0.037564,0.197652,0.068953,0.054073,,,,,,,,,,,,
68452,,,,,,,,,,,,,,,,,,,,-0.050297,1.031742,2.073025,,,,,,
68461,,,,,,,,,,,,,,,0.069117,0.054954,,,,,,,-0.008235,-0.007198,1.019920,-0.070000,-0.910000,1.470000
68462,,,,,,,,,,,,,0.031606,0.166305,,,,,,,,,,,,,,
68460,,,,,,,,,,,,,,,,,,,,-0.050302,1.031756,2.069808,,,,,,
68471,,,,,,,,,,,,,0.026594,0.139929,0.069253,0.055693,,,,,,,,,,,,
68476,,,,0.000000,1.000000,2.072241,0.000000,0.000000,,,,,,,,,,,,,,,,,,,,
68478,,,,,,,,,,,-0.006215,-0.006215,,,,,-0.051976,-0.028955,0.002048,,,,,,,,,
68475,,,,,,,,,,,,,,,,,,,,-0.050299,1.031766,2.073025,,,,,,
68480,,,,,,,,,,,,,,,,,,,,,,,-0.009211,-0.008052,1.022116,-0.070000,-1.330000,4.760000
68481,,,,,,,,,,,,,,,0.069368,0.056315,,,,,,,,,,,,
68482,,,,,,,,,,,,,0.022376,0.117736,,,,,,-0.050362,1.031821,2.073052,,,,,,
68485,,,,,,,,,,,,,,,,,,,,,,,0.012627,-0.007869,1.024190,-0.350000,-2.310000,11.830000
68490,,,,,,,,,,,,,,,,,,,,-0.050429,1.031880,2.076266,0.012627,-0.007869,1.024190,-0.420000,-0.770000,14.350000
68491,,,,,,,,,,,,,,,0.069464,0.056838,,,,,,,,,,,,
68492,,,,,,,,,,,,,0.018827,0.099063,,,,,,,,,,,,,,
68500,,,,,,,,,,,,,,,,,,,,,,,0.010004,-0.008662,1.015772,-0.350000,2.730000,12.530000
68501,,,,,,,,,,,,,0.015841,0.632120,0.069543,0.039154,,,,,,,,,,,,
68504,,,,,,,,,,,,,,,,,,,,-0.050589,1.031936,2.079406,,,,,,
68512,,,,,,,,,,,,,0.013329,0.531866,0.069609,0.041979,,,,-0.050658,1.032026,2.082614,,,,,,
68517,,,,,,,,,,,,,,,,,,,,,,,0.010004,-0.008662,1.015772,-0.560000,-1.190000,18.410000
68522,,,,,,,,,,,,,0.011215,1.021138,0.069664,0.025412,,,,,,,0.006283,-0.005795,1.026020,-0.280000,1.260000,16.030001
68520,,,,,,,,,,,,,,,,,,,,-0.050756,1.032161,2.082614,,,,,,
68525,,,,0.000000,1.000000,2.072241,0.000000,0.000000,,,,,,,,,,,,,,,,,,,,
68527,,,,,,,,,,,-0.006321,-0.006321,,,,,-0.052881,-0.028496,-0.010162,,,,,,,,,
68531,,,,,,,,,,,,,0.009436,0.859185,0.069707,0.029984,,,,,,,,,,,,
68533,,,,,,,,,,,,,,,,,,,,,,,0.006283,-0.005795,1.026020,-0.140000,1.120000,11.480000
68534,,,,,,,,,,,,,,,,,,,,-0.050865,1.032336,2.085874,,,,,,
68540,,,,,,,,,,,,,,,,,,,,,,,-0.030805,-0.011407,1.023214,-0.210000,-1.190000,9.100000
68541,,,,,,,,,,,,,0.007940,0.722918,0.069744,0.033826,,,,,,,,,,,,
68542,,,,,,,,,,,,,,,,,,,,-0.050958,1.032465,2.085868,,,,,,
68550,,,,,,,,,,,,,,,,,,,,,,,-0.030805,-0.011407,1.023214,0.070000,-2.100000,7.000000
68551,,,,,,,,,,,,,,,0.051778,0.037057,,,,,,,,,,,,
68552,,,,,,,,,,,,,0.551769,0.608263,,,,,,,,,,,,,,
68549,,,,,,,,,,,,,,,,,,,,-0.050986,1.032507,2.089086,,,,,,
68560,,,,,,,,,,,,,,,,,,,,,,,-0.044896,-0.007747,1.019859,0.000000,-3.920000,3.850000
68561,,,,,,,,,,,,,0.464258,0.511793,0.054243,0.039775,,,,,,,,,,,,
68572,,,,,,,,,,,,,0.920854,0.430622,0.038811,0.042062,,,,-0.050954,1.032562,2.089077,,,,,,
68564,,,,,,,,,,,,,,,,,,,,-0.050981,1.032620,2.089049,,,,,,
68576,,,,0.000000,1.000000,2.072241,0.000000,0.000000,,,,,,,,,,,,,,,,,,,,
68577,,,,,,,,,,,-0.006399,-0.006399,,,,,-0.053508,-0.028183,-0.015872,,,,,,,,,
68580,,,,,,,,,,,,,,,,,,,,,,,0.002074,-0.014457,1.025288,0.840000,-3.220000,-10.500000
68579,,,,,,,,,,,,,,,,,,,,-0.050953,1.032564,2.085874,,,,,,
68582,,,,,,,,,,,,,0.774806,0.362326,0.042924,0.043981,,,,,,,,,,,,
68585,,,,,,,,,,,,,,,,,,,,,,,0.002074,-0.014457,1.025288,0.000000,4.970000,-10.570000
68590,,,,,,,,,,,,,,,,,,,,,,,0.002074,-0.014457,1.025288,-0.140000,8.120000,-7.560000
68591,,,,,,,,,,,,,0.651922,0.304861,0.046387,0.045598,,,,,,,,,,,,
68594,,,,,,,,,,,,,,,,,,,,-0.050988,1.032690,2.085851,,,,,,
68600,,,,,,,,,,,,,,,,,,,,,,,-0.012627,-0.001647,1.018761,0.140000,1.610000,-5.250000
68601,,,,,,,,,,,,,0.548527,0.256510,0.049301,0.046958,,,,,,,,,,,,
68602,,,,,,,,,,,,,,,,,,,,-0.051013,1.032751,2.085851,,,,,,
68610,,,,,,,,,,,,,,,,,,,,,,,-0.012627,-0.001647,1.018761,0.630000,-5.600000,-10.850000
68611,,,,,,,,,,,,,0.461531,0.215827,0.051751,0.048101,,,,,,,,,,,,
68616,,,,,,,,,,,,,,,,,,,,-0.051032,1.032768,2.082669,,,,,,
68620,,,,,,,,,,,,,,,,,,,,,,,-0.002867,-0.016226,1.029070,0.560000,-3.570000,-15.820000
68621,,,,,,,,,,,,,0.936162,0.181597,0.035724,0.049063,,,,,,,,,,,,
68626,,,,0.000000,1.000000,2.072241,0.000000,0.000000,,,,,,,,,,,,,,,,,,,,
68628,,,,,,,,,,,-0.006408,-0.006408,,,,,-0.053580,-0.028453,-0.010263,,,,,,,,,
68632,,,,,,,,,,,,,,,,,,,,-0.051047,1.032836,2.079469,,,,,,
68636,,,,,,,,,,,,,0.787686,0.152796,0.039907,0.049870,,,,,,,,,,,,
68640,,,,,,,,,,,,,,,,,,,,-0.051075,1.032931,2.079412,0.005063,-0.002318,1.010709,0.070000,4.410000,-3.640000
68641,,,,,,,,,,,,,,,0.043428,0.050549,,,,,,,,,,,,
68642,,,,,,,,,,,,,0.662759,0.128562,,,,,,,,,,,,,,
68646,,,,,,,,,,,,,,,,,,,,,,,0.005063,-0.002318,1.010709,0.140000,3.850000,-2.100000
68651,,,,,,,,,,,,,0.557646,0.108172,0.046391,0.051120,,,,,,,-0.046299,-0.009333,1.027667,0.070000,2.800000,-0.980000
68655,,,,,,,,,,,,,,,,,,,,-0.051103,1.033015,2.076202,,,,,,
68660,,,,,,,,,,,,,,,,,,,,,,,-0.046299,-0.009333,1.027667,0.140000,-3.640000,-4.970000
68661,,,,,,,,,,,,,0.469203,0.091016,0.048882,0.051599,,,,,,,,,,,,
68663,,,,,,,,,,,,,,,,,,,,-0.051108,1.033035,2.076202,,,,,,
68670,,,,,,,,,,,,,,,,,,,,,,,-0.022875,-0.009821,1.026386,0.070000,-6.580000,-5.180000
68671,,,,,,,,,,,,,0.394787,0.076581,0.050978,0.052002,,,,-0.051110,1.033007,2.076227,,,,,,
68675,,,,0.000000,1.000000,2.072241,0.000000,0.000000,,,,,,,,,,,,,,,,,,,,
68677,,,,,,,,,,,-0.006413,-0.006413,,,,,-0.053632,-0.028728,-0.004251,,,,,,,,,
68681,,,,,,,,,,,,,0.332174,0.064435,0.052740,0.052339,,,,,,,,,,,,
68683,,,,,,,,,,,,,,,,,,,,,,,-0.022875,-0.009821,1.026386,0.070000,-0.700000,-1.680000
68685,,,,,,,,,,,,,,,,,,,,-0.051100,1.033000,2.073013,,,,,,
68692,,,,,,,,,,,,,0.279491,0.054216,0.054223,0.052623,,,,,,,,,,,,
68693,,,,,,,,,,,,,,,,,,,,-0.051102,1.033019,2.073013,,,,,,
68697,,,,,,,,,,,,,,,,,,,,,,,-0.004880,-0.004331,1.013698,-0.140000,0.910000,-1.050000
68702,,,,,,,,,,,,,0.235164,0.045617,0.055469,0.052861,,,,,,,-0.004880,-0.004331,1.013698,0.000000,-0.420000,-1.610000
68701,,,,,,,,,,,,,,,,,,,,-0.051118,1.033002,2.076250,,,,,,
68710,,,,,,,,,,,,,,,,,,,,,,,-0.017080,-0.012993,1.025471,0.350000,-2.380000,-2.030000
68711,,,,,,,,,,,,,0.197867,0.038382,0.056517,0.053060,,,,,,,,,,,,
68716,,,,,,,,,,,,,,,,,,,,-0.051124,1.033021,2.073013,,,,,,
68720,,,,,,,,,,,,,,,,,,,,,,,-0.017080,-0.012993,1.025471,0.070000,-1.190000,-1.470000
68721,,,,,,,,,,,,,0.166485,0.032295,0.057398,0.053227,,,,,,,,,,,,
68726,,,,0.000000,1.000000,2.072241,0.000000,0.000000,,,,,,,,,,,,,,,,,,,,
68727,,,,,,,,,,,-0.006405,-0.006405,,,,,-0.053563,-0.028906,-0.000953,,,,,,,,,
68724,,,,,,,,,,,,,,,,,,,,-0.051123,1.033020,2.073043,,,,,,
68735,,,,,,,,,,,,,0.140081,0.027173,0.058139,0.053367,,,,,,,,,,,,
68732,,,,,,,,,,,,,,,,,,,,-0.051132,1.033018,2.073043,,,,,,
68741,,,,,,,,,,,,,,,,,,,,,,,-0.009455,-0.005490,1.020042,0.070000,-0.280000,-0.770000
68742,,,,,,,,,,,,,0.117864,0.022863,0.058761,0.053484,,,,,,,,,,,,
68740,,,,,,,,,,,,,,,,,,,,-0.051130,1.033026,2.073043,,,,,,
68746,,,,,,,,,,,,,,,,,,,,,,,-0.012017,-0.012139,1.023153,0.210000,-0.700000,-0.840000
68751,,,,,,,,,,,,,0.099171,0.019237,0.059284,0.053581,,,,,,,-0.012017,-0.012139,1.023153,0.140000,-0.910000,-0.770000
68754,,,,,,,,,,,,,,,,,,,,-0.051126,1.033030,2.073043,,,,,,
68760,,,,,,,,,,,,,,,,,,,,,,,-0.012017,-0.012139,1.023153,0.000000,-0.770000,-0.280000
68761,,,,,,,,,,,,,0.083442,0.016186,0.059723,0.053663,,,,,,,,,,,,
68763,,,,,,,,,,,,,,,,,,,,-0.051111,1.033036,2.073018,,,,,,
68770,,,,,,,,,,,,,,,,,,,,,,,-0.011102,-0.007808,1.021567,0.070000,-0.350000,-0.280000
68771,,,,,,,,,,,,,,,0.060092,0.053730,,,,-0.051124,1.033034,2.073043,,,,,,
68772,,,,,,,,,,,,,0.070208,0.013619,,,,,,,,,,,,,,
68775,,,,0.000000,1.000000,2.072241,0.000000,0.000000,,,,,,,,,,,,,,,,,,,,
68777,,,,,,,,,,,-0.006405,-0.006405,,,,,-0.053566,-0.028910,-0.000769,,,,,,,,,
68781,,,,,,,,,,,,,0.059073,0.011459,0.060402,0.053786,,,,,,,,,,,,
68782,,,,,,,,,,,,,,,,,,,,,,,-0.010553,-0.007869,1.022055,0.000000,-0.420000,-0.280000
68785,,,,,,,,,,,,,,,,,,,,-0.051129,1.033041,2.073043,,,,,,
68792,,,,,,,,,,,,,0.049704,0.009642,0.060661,0.053833,,,,,,,,,,,,
68793,,,,,,,,,,,,,,,,,,,,-0.051120,1.033046,2.073013,,,,,,
68796,,,,,,,,,,,,,,,,,,,,,,,-0.010553,-0.007869,1.022055,0.070000,-0.560000,-0.280000
68801,,,,,,,,,,,,,,,,,,,,-0.051129,1.033042,2.073043,-0.010736,-0.009272,1.020957,0.070000,-0.490000,-0.280000
68802,,,,,,,,,,,,,0.041821,0.008112,0.060879,0.053871,,,,,,,,,,,,
68810,,,,,,,,,,,,,,,,,,,,,,,-0.010736,-0.009272,1.020957,0.070000,-0.420000,-0.280000
68811,,,,,,,,,,,,,0.035188,0.006826,0.061061,0.053903,,,,,,,,,,,,
68816,,,,,,,,,,,,,,,,,,,,-0.051132,1.033042,2.073043,,,,,,
68820,,,,,,,,,,,,,,,,,,,,,,,-0.009943,-0.010248,1.022177,0.000000,-0.420000,-0.280000
68821,,,,,,,,,,,,,0.029607,0.005743,0.061214,0.053928,,,,,,,,,,,,
68826,,,,0.000000,1.000000,2.072241,0.000000,0.000000,,,,,,,,,,,,,,,,,,,,
68827,,,,,,,,,,,-0.006406,-0.006406,,,,,-0.053576,-0.028912,-0.000780,,,,,,,,,
68824,,,,,,,,,,,,,,,,,,,,-0.051130,1.033042,2.073043,,,,,,
68836,,,,,,,,,,,,,0.024912,0.004832,0.061342,0.053949,,,,,,,,,,,,
68832,,,,,,,,,,,,,,,,,,,,-0.051128,1.033041,2.073043,,,,,,
68840,,,,,,,,,,,,,,,,,,,,-0.051133,1.033046,2.073043,-0.009943,-0.010248,1.021445,0.070000,-0.560000,-0.350000
68841,,,,,,,,,,,,,,,0.061448,0.053966,,,,,,,,,,,,
68842,,,,,,,,,,,,,0.020961,0.004066,,,,,,,,,,,,,,
68845,,,,,,,,,,,,,,,,,,,,,,,-0.010614,-0.008357,1.021445,0.070000,-0.490000,-0.280000
68850,,,,,,,,,,,,,,,,,,,,,,,-0.010614,-0.008357,1.021445,0.000000,-0.420000,-0.280000
68851,,,,,,,,,,,,,0.017636,0.003421,0.061537,0.053979,,,,,,,,,,,,
68855,,,,,,,,,,,,,,,,,,,,-0.051137,1.033046,2.073043,,,,,,
68860,,,,,,,,,,,,,,,,,,,,,,,-0.010492,-0.009394,1.021628,0.070000,-0.420000,-0.280000
68861,,,,,,,,,,,,,0.014839,0.002879,0.061612,0.053990,,,,,,,,,,,,
68862,,,,,,,,,,,,,,,,,,,,-0.051136,1.033041,2.073043,,,,,,
68870,,,,,,,,,,,,,,,,,,,,,,,-0.010492,-0.009394,1.021628,0.070000,-0.420000,-0.280000
68871,,,,,,,,,,,,,0.012486,0.002422,0.061673,0.053998,,,,,,,,,,,,
68875,,,,0.000000,1.000000,2.072241,0.000000,0.000000,,,,,,,,,,,,,,,,,,,,
68878,,,,,,,,,,,-0.006406,-0.006406,,,,,-0.053577,-0.028915,-0.000792,,,,,,,,,
68877,,,,,,,,,,,,,,,,,,,,-0.051130,1.033034,2.073043,,,,,,
68881,,,,,,,,,,,,,,,0.061724,0.054004,,,,,,,,,,,,
68882,,,,,,,,,,,,,0.010505,0.002038,,,,,,,,,,,,,,
68883,,,,,,,,,,,,,,,,,,,,,,,-0.010431,-0.008357,1.021811,0.000000,-0.490000,-0.280000
68892,,,,,,,,,,,,,0.008839,0.001715,0.061766,0.054008,,,,,,,,,,,,
68885,,,,,,,,,,,,,,,,,,,,-0.051133,1.033038,2.073043,,,,,,
68893,,,,,,,,,,,,,,,,,,,,-0.051138,1.033036,2.073043,,,,,,
68897,,,,,,,,,,,,,,,,,,,,,,,-0.010553,-0.008967,1.022055,0.000000,-0.350000,-0.210000
68902,,,,,,,,,,,,,0.007437,0.001443,0.061801,0.054011,,,,,,,-0.010553,-0.008967,1.022055,0.000000,-0.490000,-0.210000
68901,,,,,,,,,,,,,,,,,,,,-0.051139,1.033039,2.073043,,,,,,
68911,,,,,,,,,,,,,0.006258,0.001214,0.061829,0.054012,,,,,,,-0.010553,-0.008967,1.022055,0.000000,-0.490000,-0.280000
68909,,,,,,,,,,,,,,,,,,,,-0.051146,1.033041,2.073043,,,,,,
68920,,,,,,,,,,,,,,,,,,,,,,,-0.010126,-0.008784,1.021811,0.140000,-0.420000,-0.280000
68921,,,,,,,,,,,,,0.005265,0.001021,0.061853,0.054013,,,,,,,,,,,,
68925,,,,0.000000,1.000000,2.072241,0.000000,0.000000,,,,,,,,,,,,,,,,,,,,
68927,,,,,,,,,,,-0.006407,-0.006407,,,,,-0.053581,-0.028923,-0.000798,,,,,,,,,
68924,,,,,,,,,,,,,,,,,,,,-0.051138,1.033038,2.073043,,,,,,
68931,,,,,,,,,,,,,,,0.061871,0.054013,,,,,,,,,,,,
68932,,,,,,,,,,,,,0.004430,0.000859,,,,,,-0.051142,1.033046,2.073043,,,,,,
68933,,,,,,,,,,,,,,,,,,,,,,,-0.009882,-0.008479,1.021811,0.070000,-0.350000,-0.280000
68940,,,,,,,,,,,,,,,,,,,,-0.051138,1.033038,2.073043,-0.009882,-0.008479,1.021811,0.070000,-0.490000,-0.280000
68941,,,,,,,,,,,,,0.003728,0.000723,0.061886,0.054012,,,,,,,,,,,,
68951,,,,,,,,,,,,,,,0.061898,0.054010,,,,,,,,,,,,
68952,,,,,,,,,,,,,0.003136,0.000608,,,,,,,,,,,,,,
68956,,,,,,,,,,,,,,,,,,,,,,,-0.009699,-0.008235,1.021994,0.070000,-0.420000,-0.280000
68955,,,,,,,,,,,,,,,,,,,,-0.051128,1.033038,2.073018,,,,,,
68962,,,,,,,,,,,,,0.002639,0.000512,0.061907,0.054008,,,,-0.051123,1.033032,2.073018,-0.009699,-0.008235,1.021994,0.070000,-0.420000,-0.280000
68970,,,,,,,,,,,,,,,,,,,,-0.051132,1.033040,2.073043,-0.009699,-0.009089,1.022421,0.070000,-0.490000,-0.280000
68971,,,,,,,,,,,,,,,0.061914,0.054005,,,,,,,,,,,,
68972,,,,,,,,,,,,,0.002220,0.000431,,,,,,,,,,,,,,
68975,,,,0.000000,1.000000,2.072241,0.000000,0.000000,,,,,,,,,,,,,,,,,,,,
68977,,,,,,,,,,,-0.006406,-0.006406,,,,,-0.053575,-0.028913,-0.000800,,,,,,,,,
68981,,,,,,,,,,,,,0.001868,0.000362,0.061919,0.054002,,,,,,,,,,,,
68982,,,,,,,,,,,,,,,,,,,,,,,-0.010065,-0.009089,1.022421,0.070000,-0.350000,-0.350000
68985,,,,,,,,,,,,,,,,,,,,-0.051144,1.033045,2.073043,,,,,,
68990,,,,,,,,,,,,,,,,,,,,,,,-0.010614,-0.008479,1.022482,0.070000,-0.420000,-0.280000
68991,,,,,,,,,,,,,0.001572,0.000305,0.061923,0.053999,,,,,,,,,,,,
68995,,,,,,,,,,,,,,,,,,,,-0.051138,1.033049,2.073043,,,,,,
69000,,,,,,,,,,,,,,,,,,,,,,,-0.010614,-0.008479,1.022482,0.140000,-0.420000,-0.210000
69001,,,,,,,,,,,,,0.001323,0.000257,0.061925,0.053996,,,,,,,,,,,,
69003,,,,,,,,,,,,,,,,,,,,-0.051133,1.033045,2.073043,,,,,,
69012,,,,,,,,,,,,,0.001113,0.000216,0.061926,0.053992,,,,-0.051133,1.033045,2.073013,,,,,,
69017,,,,,,,,,,,,,,,,,,,,,,,-0.009943,-0.008967,1.021872,0.070000,-0.350000,-0.210000
69021,,,,,,,,,,,,,,,0.061926,0.053988,,,,,,,,,,,,
69022,,,,,,,,,,,,,0.000936,0.000182,,,,,,,,,-0.009943,-0.008967,1.021872,0.070000,-0.420000,-0.280000
69020,,,,,,,,,,,,,,,,,,,,-0.051140,1.033036,2.073043,,,,,,
69025,,,,0.000000,1.000000,2.072241,0.000000,0.000000,,,,,,,,,,,,,,,,,,,,
69027,,,,,,,,,,,-0.006406,-0.006406,,,,,-0.053575,-0.028921,-0.000802,,,,,,,,,
69031,,,,,,,,,,,,,,,0.061925,0.053984,,,,,,,,,,,,
69032,,,,,,,,,,,,,0.000788,0.000153,,,,,,,,,-0.010553,-0.008845,1.021567,0.140000,-0.490000,-0.280000
69035,,,,,,,,,,,,,,,,,,,,-0.051140,1.033035,2.073043,,,,,,
69040,,,,,,,,,,,,,,,,,,,,,,,-0.010553,-0.008845,1.021567,0.070000,-0.420000,-0.280000
69041,,,,,,,,,,,,,0.000663,0.000129,0.061924,0.053980,,,,,,,,,,,,
69052,,,,,,,,,,,,,0.000558,0.000108,0.061922,0.053975,,,,-0.051123,1.033050,2.073018,,,,,,
69044,,,,,,,,,,,,,,,,,,,,-0.051137,1.033037,2.073043,,,,,,
69057,,,,,,,,,,,,,,,,,,,,,,,-0.011102,-0.008357,1.021872,0.000000,-0.420000,-0.350000
69061,,,,,,,,,,,,,0.000469,0.000091,0.061920,0.053971,,,,,,,,,,,,
69062,,,,,,,,,,,,,,,,,,,,,,,-0.011102,-0.008357,1.021872,0.000000,-0.490000,-0.280000
69066,,,,,,,,,,,,,,,,,,,,-0.051118,1.033054,2.073013,,,,,,
69070,,,,,,,,,,,,,,,,,,,,,,,-0.010797,-0.008784,1.022177,0.000000,-0.490000,-0.280000
69071,,,,,,,,,,,,,0.000395,0.000077,0.061917,0.053967,,,,,,,,,,,,
69075,,,,0.000000,1.000000,2.072241,0.000000,0.000000,,,,,,,,,,,,-0.051126,1.033056,2.073043,,,,,,
69077,,,,,,,,,,,-0.006406,-0.006406,,,,,-0.053579,-0.028897,-0.000774,,,,,,,,,
69081,,,,,,,,,,,,,0.000332,0.000064,0.061914,0.053962,,,,,,,,,,,,
69083,,,,,,,,,,,,,,,,,,,,-0.051120,1.033056,2.073018,-0.010797,-0.008967,1.021750,0.000000,-0.490000,-0.280000
69090,,,,,,,,,,,,,,,,,,,,,,,-0.010065,-0.008967,1.021750,0.070000,-0.490000,-0.350000
69091,,,,,,,,,,,,,,,0.061911,0.053957,,,,-0.051121,1.033057,2.073043,,,,,,
69092,,,,,,,,,,,,,0.000280,0.000054,,,,,,,,,,,,,,
69100,,,,,,,,,,,,,,,,,,,,,,,-0.010065,-0.008967,1.021750,0.070000,-0.420000,-0.350000
69101,,,,,,,,,,,,,0.000235,0.000046,0.061907,0.053953,,,,,,,,,,,,
69106,,,,,,,,,,,,,,,,,,,,-0.051122,1.033059,2.073043,,,,,,
69112,,,,,,,,,,,,,,,0.061903,0.053948,,,,,,,,,,,,
69113,,,,,,,,,,,,,0.000198,0.000038,,,,,,,,,,,,,,
69114,,,,,,,,,,,,,,,,,,,,-0.051123,1.033054,2.073043,,,,,,
69117,,,,,,,,,,,,,,,,,,,,,,,-0.009638,-0.009333,1.022665,0.070000,-0.490000,-0.280000
69121,,,,,,,,,,,,,0.000167,0.000032,0.061899,0.053943,,,,,,,,,,,,
69122,,,,,,,,,,,,,,,,,,,,-0.051123,1.033054,2.073043,-0.011041,-0.008601,1.021994,0.000000,-0.420000,-0.350000
69125,,,,0.000000,1.000000,2.072241,0.000000,0.000000,,,,,,,,,,,,,,,,,,,,
69127,,,,,,,,,,,-0.006407,-0.006407,,,,,-0.053583,-0.028897,-0.000800,,,,,,,,,
69131,,,,,,,,,,,,,,,0.061895,0.053939,,,,,,,,,,,,
69132,,,,,,,,,,,,,0.000140,0.000027,,,,,,,,,,,,,,
69133,,,,,,,,,,,,,,,,,,,,,,,-0.011041,-0.008601,1.021994,0.070000,-0.420000,-0.280000
69137,,,,,,,,,,,,,,,,,,,,-0.051126,1.033054,2.073043,,,,,,
69140,,,,,,,,,,,,,,,,,,,,,,,-0.010248,-0.008723,1.022299,0.140000,-0.490000,-0.210000
69141,,,,,,,,,,,,,0.000118,0.000023,0.061891,0.053934,,,,,,,,,,,,
69146,,,,,,,,,,,,,,,,,,,,-0.051115,1.033060,2.073018,,,,,,
69150,,,,,,,,,,,,,,,,,,,,,,,-0.010248,-0.008723,1.022299,0.210000,-0.420000,-0.280000
69151,,,,,,,,,,,,,0.000099,0.000019,0.061886,0.053929,,,,,,,,,,,,
69154,,,,,,,,,,,,,,,,,,,,-0.051122,1.033054,2.073018,,,,,,
69160,,,,,,,,,,,,,,,,,,,,,,,-0.010431,-0.009394,1.022604,0.000000,-0.420000,-0.350000
69161,,,,,,,,,,,,,0.000083,0.000016,0.061882,0.053924,,,,,,,,,,,,
69162,,,,,,,,,,,,,,,,,,,,-0.051131,1.033041,2.073043,,,,,,
69172,,,,,,,,,,,,,0.000070,0.000014,0.061878,0.053920,,,,,,,,,,,,
69170,,,,,,,,,,,,,,,,,,,,-0.051131,1.033044,2.073043,,,,,,
69175,,,,0.000000,1.000000,2.072241,0.000000,0.000000,,,,,,,,,,,,,,,,,,,,
69177,,,,,,,,,,,-0.006406,-0.006406,,,,,-0.053578,-0.028908,-0.000802,,,,,,,,,
69180,,,,,,,,,,,,,,,,,,,,,,,-0.010431,-0.008845,1.022177,0.070000,-0.420000,-0.280000
69181,,,,,,,,,,,,,0.000059,0.000011,0.061873,0.053915,,,,,,,,,,,,
69186,,,,,,,,,,,,,,,,,,,,,,,-0.010675,-0.008845,1.022177,0.070000,-0.420000,-0.280000
69185,,,,,,,,,,,,,,,,,,,,-0.051126,1.033051,2.073043,,,,,,
69191,,,,,,,,,,,,,0.000050,0.000010,0.061868,0.053910,,,,,,,-0.010675,-0.008845,1.022177,0.000000,-0.490000,-0.210000
69193,,,,,,,,,,,,,,,,,,,,-0.051131,1.033060,2.073043,,,,,,
69200,,,,,,,,,,,,,,,,,,,,,,,-0.010797,-0.009211,1.021567,0.070000,-0.560000,-0.210000
69201,,,,,,,,,,,,,0.000042,0.000008,0.061864,0.053905,,,,-0.051131,1.033057,2.073043,,,,,,
69212,,,,,,,,,,,,,0.000035,0.000007,0.061859,0.053900,,,,,,,,,,,,
69217,,,,,,,,,,,,,,,,,,,,,,,-0.010187,-0.008235,1.021994,0.070000,-0.420000,-0.350000
69216,,,,,,,,,,,,,,,,,,,,-0.051116,1.033065,2.073018,,,,,,
69221,,,,,,,,,,,,,0.000030,0.000006,0.061854,0.053896,,,,,,,,,,,,
69222,,,,,,,,,,,,,,,,,,,,,,,-0.010187,-0.008235,1.021994,0.000000,-0.490000,-0.280000
69225,,,,0.000000,1.000000,2.072241,0.000000,0.000000,,,,,,,,,,,,,,,,,,,,
69227,,,,,,,,,,,-0.006407,-0.006407,,,,,-0.053587,-0.028889,-0.000779,,,,,,,,,
69223,,,,,,,,,,,,,,,,,,,,-0.051128,1.033055,2.073018,,,,,,
69231,,,,,,,,,,,,,0.000025,0.000005,0.061850,0.053891,,,,,,,,,,,,
69233,,,,,,,,,,,,,,,,,,,,,,,-0.010187,-0.008235,1.021994,0.070000,-0.420000,-0.350000
69232,,,,,,,,,,,,,,,,,,,,-0.051134,1.033045,2.073043,,,,,,
69240,,,,,,,,,,,,,,,,,,,,-0.051133,1.033050,2.073043,-0.010248,-0.008662,1.021994,0.070000,-0.490000,-0.350000
69241,,,,,,,,,,,,,,,0.061845,0.053886,,,,,,,,,,,,
69242,,,,,,,,,,,,,0.000021,0.000004,,,,,,,,,,,,,,
69250,,,,,,,,,,,,,,,,,,,,,,,-0.010248,-0.008662,1.021994,0.070000,-0.420000,-0.210000
69251,,,,,,,,,,,,,0.000018,0.000003,0.061840,0.053881,,,,,,,,,,,,
69254,,,,,,,,,,,,,,,,,,,,-0.051133,1.033056,2.073043,,,,,,
69260,,,,,,,,,,,,,,,,,,,,,,,-0.010736,-0.008357,1.022299,0.070000,-0.490000,-0.210000
69261,,,,,,,,,,,,,0.000015,0.000003,0.061835,0.053876,,,,-0.051135,1.033053,2.073043,,,,,,
69272,,,,,,,,,,,,,0.000012,0.000002,0.061830,0.053871,,,,,,,,,,,,
69276,,,,0.000000,1.000000,2.072241,0.000000,0.000000,,,,,,,,,,,,,,,,,,,,
69277,,,,,,,,,,,-0.006407,-0.006407,,,,,-0.053587,-0.028907,-0.000800,,,,,,,,,
69275,,,,,,,,,,,,,,,,,,,,-0.051134,1.033049,2.073043,,,,,,
69280,,,,,,,,,,,,,,,,,,,,,,,-0.011346,-0.008357,1.021567,0.000000,-0.420000,-0.280000
69281,,,,,,,,,,,,,,,0.061826,0.053866,,,,,,,,,,,,
69282,,,,,,,,,,,,,0.000011,0.000002,,,,,,,,,,,,,,
69283,,,,,,,,,,,,,,,,,,,,-0.051127,1.033046,2.073043,,,,,,
69286,,,,,,,,,,,,,,,,,,,,,,,-0.011346,-0.008357,1.021567,0.000000,-0.420000,-0.210000
69291,,,,,,,,,,,,,,,0.061821,0.053862,,,,-0.051125,1.033046,2.073043,-0.011224,-0.008479,1.021994,0.140000,-0.420000,-0.210000
69292,,,,,,,,,,,,,0.000009,0.000002,,,,,,,,,,,,,,
69300,,,,,,,,,,,,,,,,,,,,,,,-0.011224,-0.008479,1.021994,0.000000,-0.490000,-0.280000
69301,,,,,,,,,,,,,0.000007,0.000001,0.061816,0.053857,,,,,,,,,,,,
69305,,,,,,,,,,,,,,,,,,,,-0.051132,1.033046,2.073043,,,,,,
69310,,,,,,,,,,,,,,,,,,,,,,,-0.010126,-0.007991,1.021262,0.000000,-0.490000,-0.210000
69311,,,,,,,,,,,,,0.000006,0.000001,0.061811,0.053852,,,,,,,,,,,,
69312,,,,,,,,,,,,,,,,,,,,-0.051127,1.033054,2.073018,,,,,,
69320,,,,,,,,,,,,,,,,,,,,-0.051129,1.033047,2.073013,-0.010126,-0.007991,1.021262,0.000000,-0.490000,-0.210000
69321,,,,,,,,,,,,,0.000005,0.000001,0.061806,0.053847,,,,,,,,,,,,
69325,,,,0.000000,1.000000,2.072241,0.000000,0.000000,,,,,,,,,,,,,,,,,,,,
69327,,,,,,,,,,,-0.006406,-0.006406,,,,,-0.053579,-0.028907,-0.000774,,,,,,,,,
69335,,,,,,,,,,,,,0.000004,0.000001,0.061801,0.053842,,,,,,,,,,,,
69334,,,,,,,,,,,,,,,,,,,,-0.051130,1.033044,2.073018,,,,,,
69340,,,,,,,,,,,,,,,,,,,,,,,-0.010614,-0.008906,1.022482,0.070000,-0.560000,-0.210000
69341,,,,,,,,,,,,,0.000004,0.000001,0.061797,0.053837,,,,,,,,,,,,
69343,,,,,,,,,,,,,,,,,,,,-0.051139,1.033048,2.073043,,,,,,
69345,,,,,,,,,,,,,,,,,,,,,,,-0.010614,-0.008906,1.022482,0.070000,-0.420000,-0.280000
69350,,,,,,,,,,,,,,,,,,,,-0.051138,1.033047,2.073043,-0.010309,-0.009333,1.021933,0.070000,-0.490000,-0.280000
69351,,,,,,,,,,,,,,,0.061792,0.053832,,,,,,,,,,,,
69352,,,,,,,,,,,,,0.000003,0.000001,,,,,,,,,,,,,,
69360,,,,,,,,,,,,,,,,,,,,,,,-0.010309,-0.009333,1.021933,0.070000,-0.490000,-0.280000
69361,,,,,,,,,,,,,0.000003,0.000001,0.061787,0.053828,,,,,,,,,,,,
69365,,,,,,,,,,,,,,,,,,,,-0.051132,1.033052,2.073043,,,,,,
69370,,,,,,,,,,,,,,,,,,,,,,,-0.010248,-0.008540,1.022543,0.000000,-0.490000,-0.280000
69371,,,,,,,,,,,,,0.000002,0.000000,0.061782,0.053823,,,,,,,,,,,,
69376,,,,0.000000,1.000000,2.072241,0.000000,0.000000,,,,,,,,,,,,,,,,,,,,
69378,,,,,,,,,,,-0.006407,-0.006407,,,,,-0.053584,-0.028906,-0.000800,,,,,,,,,
69373,,,,,,,,,,,,,,,,,,,,-0.051130,1.033050,2.073043,,,,,,
69381,,,,,,,,,,,,,,,0.061777,0.053818,,,,,,,,,,,,
69382,,,,,,,,,,,,,0.000002,0.000000,,,,,,-0.051133,1.033046,2.073043,,,,,,
69383,,,,,,,,,,,,,,,,,,,,,,,-0.010248,-0.008540,1.022543,0.070000,-0.490000,-0.280000
69392,,,,,,,,,,,,,0.000002,0.000000,0.061772,0.053813,,,,,,,,,,,,
69390,,,,,,,,,,,,,,,,,,,,-0.051134,1.033046,2.073043,,,,,,
69397,,,,,,,,,,,,,,,,,,,,,,,-0.010858,-0.008784,1.023275,0.000000,-0.490000,-0.280000
69401,,,,,,,,,,,,,,,,,,,,,,,-0.010858,-0.008784,1.023275,0.070000,-0.420000,-0.280000
69402,,,,,,,,,,,,,0.000001,0.000000,0.061767,0.053808,,,,,,,,,,,,
69404,,,,,,,,,,,,,,,,,,,,-0.051133,1.033041,2.073043,,,,,,
69410,,,,,,,,,,,,,,,,,,,,,,,-0.011224,-0.007991,1.021933,0.140000,-0.420000,-0.280000
69411,,,,,,,,,,,,,,,0.061763,0.053803,,,,,,,,,,,,
69412,,,,,,,,,,,,,0.000001,0.000000,,,,,,-0.051133,1.033042,2.073043,,,,,,
69420,,,,,,,,,,,,,,,,,,,,-0.051134,1.033045,2.073043,-0.011224,-0.007991,1.021933,0.140000,-0.490000,-0.210000
69421,,,,,,,,,,,,,0.000001,0.000000,0.061758,0.053798,,,,,,,,,,,,
69425,,,,0.000000,1.000000,2.072241,0.000000,0.000000,,,,,,,,,,,,,,,,,,,,
69427,,,,,,,,,,,-0.006406,-0.006406,,,,,-0.053580,-0.028911,-0.000802,,,,,,,,,
69435,,,,,,,,,,,,,0.000001,0.000000,0.061753,0.053793,,,,-0.051135,1.033045,2.073043,,,,,,
69440,,,,,,,,,,,,,,,,,,,,,,,-0.010187,-0.008662,1.022116,0.000000,-0.490000,-0.280000
69441,,,,,,,,,,,,,0.000001,0.000000,0.061748,0.053789,,,,,,,,,,,,
69443,,,,,,,,,,,,,,,,,,,,-0.051132,1.033052,2.073043,,,,,,
69445,,,,,,,,,,,,,,,,,,,,,,,-0.010614,-0.008540,1.022116,0.070000,-0.560000,-0.210000
69450,,,,,,,,,,,,,,,,,,,,,,,-0.010614,-0.008540,1.022116,0.070000,-0.490000,-0.140000
69451,,,,,,,,,,,,,0.000001,0.000000,0.061743,0.053784,,,,-0.051129,1.033049,2.073043,,,,,,
69460,,,,,,,,,,,,,,,,,,,,,,,-0.011224,-0.008479,1.022909,0.070000,-0.490000,-0.280000
69461,,,,,,,,,,,,,0.000000,0.000000,0.061738,0.053779,,,,,,,,,,,,
69465,,,,,,,,,,,,,,,,,,,,-0.051126,1.033054,2.073043,,,,,,
69470,,,,,,,,,,,,,,,,,,,,,,,-0.011224,-0.008479,1.022909,0.070000,-0.420000,-0.280000
69471,,,,,,,,,,,,,0.000000,0.000000,0.061733,0.053774,,,,,,,,,,,,
69475,,,,0.000000,1.000000,2.072241,0.000000,0.000000,,,,,,,,,,,,,,,,,,,,
69477,,,,,,,,,,,-0.006407,-0.006407,,,,,-0.053583,-0.028901,-0.000802,,,,,,,,,
69474,,,,,,,,,,,,,,,,,,,,-0.051119,1.033054,2.073043,,,,,,
69481,,,,,,,,,,,,,0.000000,0.000000,0.061729,0.053769,,,,,,,,,,,,
69483,,,,,,,,,,,,,,,,,,,,,,,-0.011102,-0.008357,1.022543,0.070000,-0.490000,-0.210000
69482,,,,,,,,,,,,,,,,,,,,-0.051121,1.033053,2.073043,,,,,,
69492,,,,,,,,,,,,,0.000000,0.000000,0.061724,0.053764,,,,,,,,,,,,
69490,,,,,,,,,,,,,,,,,,,,-0.051122,1.033059,2.073043,,,,,,
69497,,,,,,,,,,,,,,,,,,,,,,,-0.011102,-0.009150,1.021506,0.070000,-0.420000,-0.280000
69501,,,,,,,,,,,,,0.000000,0.000000,0.061719,0.053759,,,,,,,,,,,,
69502,,,,,,,,,,,,,,,,,,,,,,,-0.009943,-0.009150,1.021506,0.070000,-0.490000,-0.280000
69505,,,,,,,,,,,,,,,,,,,,-0.051118,1.033058,2.073043,,,,,,
69510,,,,,,,,,,,,,,,,,,,,,,,-0.009943,-0.009150,1.021506,0.000000,-0.420000,-0.280000
69511,,,,,,,,,,,,,0.000000,0.000000,0.061714,0.053754,,,,,,,,,,,,
69513,,,,,,,,,,,,,,,,,,,,-0.051118,1.033058,2.073043,,,,,,
69520,,,,,,,,,,,,,,,,,,,,,,,-0.011102,-0.009211,1.022543,0.070000,-0.420000,-0.280000
69521,,,,,,,,,,,,,0.000000,0.000000,0.061709,0.053750,,,,-0.051133,1.033056,2.073043,,,,,,
69525,,,,0.000000,1.000000,2.072241,0.000000,0.000000,,,,,,,,,,,,,,,,,,,,
69527,,,,,,,,,,,-0.006408,-0.006408,,,,,-0.053589,-0.028905,-0.000802,,,,,,,,,
69535,,,,,,,,,,,,,0.000000,0.000000,0.061704,0.053745,,,,,,,,,,,,
69536,,,,,,,,,,,,,,,,,,,,-0.051140,1.033053,2.073043,,,,,,
69540,,,,,,,,,,,,,,,,,,,,,,,-0.011102,-0.009272,1.022421,0.070000,-0.490000,-0.280000
69541,,,,,,,,,,,,,,,0.061699,0.053740,,,,,,,,,,,,
69542,,,,,,,,,,,,,0.000000,0.000000,,,,,,,,,,,,,,
69545,,,,,,,,,,,,,,,,,,,,,,,-0.010736,-0.009272,1.022421,0.070000,-0.490000,-0.280000
69544,,,,,,,,,,,,,,,,,,,,-0.051140,1.033047,2.073043,,,,,,
69550,,,,,,,,,,,,,,,,,,,,,,,-0.010736,-0.009272,1.022421,0.000000,-0.490000,-0.280000
69551,,,,,,,,,,,,,0.000000,0.000000,0.061694,0.053735,,,,,,,,,,,,
69552,,,,,,,,,,,,,,,,,,,,-0.051136,1.033043,2.073043,,,,,,
69560,,,,,,,,,,,,,,,,,,,,-0.051141,1.033040,2.073043,-0.010980,-0.008845,1.021811,0.070000,-0.490000,-0.280000
69561,,,,,,,,,,,,,,,0.061690,0.053730,,,,,,,,,,,,
69562,,,,,,,,,,,,,0.000000,0.000000,,,,,,,,,,,,,,
69570,,,,,,,,,,,,,,,,,,,,,,,-0.010980,-0.008845,1.021811,0.000000,-0.420000,-0.280000
69571,,,,,,,,,,,,,0.000000,0.000000,0.061685,0.053725,,,,,,,,,,,,
69575,,,,0.000000,1.000000,2.072241,0.000000,0.000000,,,,,,,,,,,,-0.051131,1.033040,2.073043,,,,,,
69577,,,,,,,,,,,-0.006406,-0.006406,,,,,-0.053579,-0.028919,-0.000802,,,,,,,,,
69581,,,,,,,,,,,,,,,0.061680,0.053720,,,,,,,,,,,,
69582,,,,,,,,,,,,,0.000000,0.000000,,,,,,,,,,,,,,
69583,,,,,,,,,,,,,,,,,,,,-0.051126,1.033043,2.073043,-0.011041,-0.008479,1.021323,0.000000,-0.490000,-0.280000
69592,,,,,,,,,,,,,0.000000,0.000000,0.061675,0.053716,,,,,,,,,,,,
69591,,,,,,,,,,,,,,,,,,,,-0.051126,1.033041,2.073043,,,,,,
69597,,,,,,,,,,,,,,,,,,,,,,,-0.010004,-0.008601,1.022116,0.070000,-0.490000,-0.210000
69602,,,,,,,,,,,,,0.000000,0.000000,0.061670,0.053711,,,,,,,-0.010004,-0.008601,1.022116,0.070000,-0.490000,-0.210000
69605,,,,,,,,,,,,,,,,,,,,-0.051128,1.033047,2.073043,,,,,,
69610,,,,,,,,,,,,,,,,,,,,,,,-0.010004,-0.008296,1.022726,0.070000,-0.420000,-0.280000
69611,,,,,,,,,,,,,0.000000,0.000000,0.061665,0.053706,,,,,,,,,,,,
69613,,,,,,,,,,,,,,,,,,,,-0.051133,1.033052,2.073043,,,,,,
69620,,,,,,,,,,,,,,,,,,,,,,,-0.010248,-0.008296,1.022726,0.000000,-0.560000,-0.210000
69621,,,,,,,,,,,,,0.000000,0.000000,0.061660,0.053701,,,,-0.051133,1.033051,2.073043,,,,,,
69625,,,,0.000000,1.000000,2.072241,0.000000,0.000000,,,,,,,,,,,,,,,,,,,,
69627,,,,,,,,,,,-0.006407,-0.006407,,,,,-0.053584,-0.028908,-0.000802,,,,,,,,,
69629,,,,,,,,,,,,,,,,,,,,-0.051130,1.033055,2.073043,,,,,,
69632,,,,,,,,,,,,,0.000000,0.000000,0.061656,0.053696,,,,,,,,,,,,
69633,,,,,,,,,,,,,,,,,,,,,,,-0.011041,-0.007259,1.021811,0.140000,-0.420000,-0.280000
69640,,,,,,,,,,,,,,,,,,,,,,,-0.011041,-0.007259,1.021811,-0.070000,-0.420000,-0.350000
69641,,,,,,,,,,,,,0.000000,0.000000,0.061651,0.053691,,,,,,,,,,,,
69644,,,,,,,,,,,,,,,,,,,,-0.051129,1.033059,2.073043,,,,,,
69652,,,,,,,,,,,,,0.000000,0.000000,0.061646,0.053686,,,,-0.051116,1.033038,2.073043,,,,,,
69657,,,,,,,,,,,,,,,,,,,,,,,-0.009882,-0.008113,1.022177,0.070000,-0.490000,-0.280000
69661,,,,,,,,,,,,,,,0.061641,0.053681,,,,,,,,,,,,
69662,,,,,,,,,,,,,0.000000,0.000000,,,,,,,,,-0.009882,-0.008113,1.022177,0.070000,-0.420000,-0.280000
69660,,,,,,,,,,,,,,,,,,,,-0.051131,1.033058,2.073043,,,,,,
69670,,,,,,,,,,,,,,,,,,,,,,,-0.010919,-0.008540,1.022360,0.070000,-0.420000,-0.140000
69671,,,,,,,,,,,,,0.000000,0.000000,0.061636,0.053677,,,,,,,,,,,,
69675,,,,0.000000,1.000000,2.072241,0.000000,0.000000,,,,,,,,,,,,-0.051131,1.033062,2.073043,,,,,,
69677,,,,,,,,,,,-0.006408,-0.006408,,,,,-0.053589,-0.028903,-0.000802,,,,,,,,,
69681,,,,,,,,,,,,,0.000000,0.000000,0.061631,0.053672,,,,,,,,,,,,
69682,,,,,,,,,,,,,,,,,,,,,,,-0.010919,-0.008540,1.022360,0.070000,-0.490000,-0.280000
69683,,,,,,,,,,,,,,,,,,,,-0.051122,1.033031,2.073043,,,,,,
69690,,,,,,,,,,,,,,,,,,,,,,,-0.010553,-0.008113,1.021323,0.070000,-0.490000,-0.210000
69691,,,,,,,,,,,,,,,0.061626,0.053667,,,,-0.051124,1.033059,2.073043,,,,,,
69692,,,,,,,,,,,,,0.000000,0.000000,,,,,,,,,,,,,,
69700,,,,,,,,,,,,,,,,,,,,,,,-0.010553,-0.008113,1.021323,0.140000,-0.560000,-0.280000
69701,,,,,,,,,,,,,0.000000,0.000000,0.061621,0.053662,,,,,,,,,,,,
69705,,,,,,,,,,,,,,,,,,,,-0.051131,1.033065,2.073043,,,,,,
69712,,,,,,,,,,,,,0.000000,0.000000,0.061617,0.053657,,,,,,,,,,,,
69713,,,,,,,,,,,,,,,,,,,,-0.051138,1.033063,2.073043,,,,,,
69717,,,,,,,,,,,,,,,,,,,,,,,-0.010797,-0.008357,1.021018,0.070000,-0.420000,-0.210000
69721,,,,,,,,,,,,,,,0.061612,0.053652,,,,-0.051137,1.033058,2.073043,,,,,,
69722,,,,,,,,,,,,,0.000000,0.000000,,,,,,,,,-0.010797,-0.008357,1.021018,0.000000,-0.490000,-0.280000
69725,,,,0.000000,1.000000,2.072241,0.000000,0.000000,,,,,,,,,,,,,,,,,,,,
69727,,,,,,,,,,,-0.006408,-0.006408,,,,,-0.053593,-0.028907,-0.000802,,,,,,,,,
69730,,,,,,,,,,,,,,,,,,,,-0.051128,1.033031,2.073043,,,,,,
69732,,,,,,,,,,,,,0.000000,0.000000,0.061607,0.053647,,,,,,,,,,,,
69733,,,,,,,,,,,,,,,,,,,,,,,-0.010553,-0.006832,1.022909,0.000000,-0.420000,-0.280000
69740,,,,,,,,,,,,,,,,,,,,,,,-0.010553,-0.006832,1.022909,0.140000,-0.490000,-0.210000
69741,,,,,,,,,,,,,0.000000,0.000000,0.061602,0.053642,,,,,,,,,,,,
69752,,,,,,,,,,,,,0.000000,0.000000,0.061597,0.053638,,,,-0.051113,1.033036,2.073043,,,,,,
69744,,,,,,,,,,,,,,,,,,,,-0.051119,1.033034,2.073043,,,,,,
69757,,,,,,,,,,,,,,,,,,,,,,,-0.011224,-0.008418,1.021994,0.070000,-0.490000,-0.210000
69761,,,,,,,,,,,,,,,0.061592,0.053633,,,,,,,,,,,,
69762,,,,,,,,,,,,,0.000000,0.000000,,,,,,,,,-0.010553,-0.009516,1.022360,-0.070000,-0.490000,-0.280000
69766,,,,,,,,,,,,,,,,,,,,-0.051116,1.033039,2.073043,,,,,,
69770,,,,,,,,,,,,,,,,,,,,,,,-0.010553,-0.009516,1.022360,0.070000,-0.420000,-0.210000
69771,,,,,,,,,,,,,0.000000,0.000000,0.061587,0.053628,,,,,,,,,,,,
69775,,,,0.000000,1.000000,2.072241,0.000000,0.000000,,,,,,,,,,,,,,,,,,,,
69777,,,,,,,,,,,-0.006405,-0.006405,,,,,-0.053568,-0.028899,-0.000802,,,,,,,,,
69774,,,,,,,,,,,,,,,,,,,,-0.051113,1.033048,2.073043,,,,,,
69781,,,,,,,,,,,,,0.000000,0.000000,0.061583,0.053623,,,,,,,,,,,,
69783,,,,,,,,,,,,,,,,,,,,,,,-0.010797,-0.009028,1.022177,0.000000,-0.420000,-0.280000
69782,,,,,,,,,,,,,,,,,,,,-0.051117,1.033047,2.073043,,,,,,
69790,,,,,,,,,,,,,,,,,,,,-0.051119,1.033038,2.073043,-0.010797,-0.009028,1.022177,0.000000,-0.490000,-0.210000
69791,,,,,,,,,,,,,0.000000,0.000000,0.061578,0.053618,,,,,,,,,,,,
69800,,,,,,,,,,,,,,,,,,,,,,,-0.011102,-0.008906,1.021872,0.070000,-0.490000,-0.210000
69801,,,,,,,,,,,,,0.000000,0.000000,0.061573,0.053613,,,,,,,,,,,,
69828,,,,,,,,,,,,,0.000000,0.000000,0.061568,0.053608,,,,,,,,,,,,
69831,,,,0.000000,1.000000,2.072241,0.000000,0.000000,,,,,,,,,,,,,,,,,,,,
69833,,,,,,,,,,,-0.006405,-0.006405,,,,,-0.053567,-0.028901,-0.000802,,,,,,,,,
69821,,,,,,,,,,,,,,,,,,,,-0.051111,1.033043,2.073043,,,,,,
69834,,,,,,,,,,,,,0.000000,0.000000,0.061563,0.053604,,,,,,,,,,,,
69836,,,,,,,,,,,,,,,,,,,,-0.051116,1.033033,2.073043,,,,,,
69839,,,,,,,,,,,,,,,,,,,,,,,-0.010980,-0.008784,1.021506,0.070000,-0.490000,-0.280000
69841,,,,,,,,,,,,,,,0.061558,0.053599,,,,,,,,,,,,
69842,,,,,,,,,,,,,0.000000,0.000000,,,,,,,,,,,,,,
69844,,,,,,,,,,,,,,,,,,,,,,,-0.011285,-0.008784,1.021506,0.070000,-0.490000,-0.280000
69843,,,,,,,,,,,,,,,,,,,,-0.051130,1.033057,2.073043,,,,,,
69849,,,,,,,,,,,,,,,,,,,,,,,-0.011285,-0.008784,1.021506,0.140000,-0.420000,-0.280000
69851,,,,,,,,,,,,,0.000000,0.000000,0.061553,0.053594,,,,,,,,,,,,
69854,,,,,,,,,,,,,,,,,,,,,,,-0.011285,-0.008784,1.021506,0.000000,-0.420000,-0.280000
69852,,,,,,,,,,,,,,,,,,,,-0.051121,1.033032,2.073043,,,,,,
69859,,,,,,,,,,,,,,,,,,,,,,,-0.011651,-0.009760,1.022360,0.070000,-0.420000,-0.280000
69860,,,,,,,,,,,,,,,,,,,,-0.051115,1.033031,2.073043,,,,,,
69862,,,,,,,,,,,,,0.000000,0.000000,0.061548,0.053589,,,,,,,,,,,,
69864,,,,,,,,,,,,,,,,,,,,,,,-0.011651,-0.009760,1.022360,0.000000,-0.420000,-0.280000
69872,,,,,,,,,,,,,0.000000,0.000000,0.061544,0.053584,,,,,,,,,,,,
69876,,,,-0.000005,1.000009,2.072241,0.000000,0.000000,,,,,,,,,,,,,,,,,,,,
69878,,,,,,,,,,,-0.006403,-0.006403,,,,,-0.053548,-0.028902,-0.000802,,,,,,,,,
69875,,,,,,,,,,,,,,,,,,,,-0.051113,1.033038,2.073043,,,,,,
69881,,,,,,,,,,,,,,,0.061539,0.053579,,,,,,,-0.010431,-0.009150,1.022665,0.000000,-0.490000,-0.280000
69882,,,,,,,,,,,,,0.000000,0.000000,,,,,,,,,,,,,,
69883,,,,,,,,,,,,,,,,,,,,-0.051119,1.033036,2.076258,,,,,,
69886,,,,,,,,,,,,,,,,,,,,,,,-0.010431,-0.009150,1.022665,0.070000,-0.490000,-0.280000
69891,,,,,,,,,,,,,0.000000,0.000000,0.061534,0.053574,,,,-0.051118,1.033038,2.073043,-0.010431,-0.009150,1.022665,0.000000,-0.490000,-0.280000
69900,,,,,,,,,,,,,,,,,,,,,,,-0.010614,-0.009394,1.022360,0.140000,-0.490000,-0.210000
69901,,,,,,,,,,,,,0.000000,0.000000,0.061529,0.053570,,,,,,,,,,,,
69906,,,,,,,,,,,,,,,,,,,,-0.051123,1.033038,2.073043,,,,,,
69910,,,,,,,,,,,,,,,,,,,,,,,-0.010614,-0.009394,1.022360,0.070000,-0.490000,-0.210000
69911,,,,,,,,,,,,,0.000000,0.000000,0.061524,0.053565,,,,,,,,,,,,
69914,,,,,,,,,,,,,,,,,,,,-0.051118,1.033038,2.073043,,,,,,
69920,,,,,,,,,,,,,,,,,,,,,,,-0.011102,-0.007442,1.022360,0.140000,-0.490000,-0.350000
69921,,,,,,,,,,,,,0.000000,0.000000,0.061519,0.053560,,,,,,,,,,,,
69922,,,,,,,,,,,,,,,,,,,,-0.051111,1.033039,2.073043,,,,,,
69925,,,,-0.000037,1.000068,2.072241,0.000588,0.000001,,,,,,,,,,,,,,,,,,,,
69927,,,,,,,,,,,0.029848,0.028841,,,,,-0.053486,-0.028895,-0.000802,,,,,,,,,
69935,,,,,,,,,,,,,0.000000,0.000000,0.062712,0.054719,,,,,,,,,,,,
69930,,,,,,,,,,,,,,,,,,,,-0.051110,1.033041,2.073043,,,,,,
69940,,,,,,,,,,,,,,,,,,,,,,,-0.011102,-0.009150,1.021872,0.140000,-0.490000,-0.280000
69941,,,,,,,,,,,,,,,0.062734,0.054741,,,,,,,,,,,,
69942,,,,,,,,,,,,,0.000000,0.000000,,,,,,,,,,,,,,
69945,,,,,,,,,,,,,,,,,,,,,,,-0.011102,-0.009150,1.021872,0.140000,-0.420000,-0.280000
69944,,,,,,,,,,,,,,,,,,,,-0.051115,1.033038,2.073043,,,,,,
69950,,,,,,,,,,,,,,,,,,,,,,,-0.010980,-0.008662,1.021872,0.140000,-0.420000,-0.280000
69951,,,,,,,,,,,,,0.000000,0.000000,0.062757,0.054763,,,,,,,,,,,,
69952,,,,,,,,,,,,,,,,,,,,-0.051115,1.033045,2.073043,,,,,,
69961,,,,,,,,,,,,,,,,,,,,,,,-0.010980,-0.008662,1.021872,0.000000,-0.420000,-0.280000
69962,,,,,,,,,,,,,0.000000,0.000000,0.062780,0.054785,,,,,,,,,,,,
69960,,,,,,,,,,,,,,,,,,,,-0.051115,1.033043,2.076258,,,,,,
69970,,,,,,,,,,,,,,,,,,,,,,,-0.011102,-0.008784,1.022177,0.070000,-0.490000,-0.280000
69971,,,,,,,,,,,,,0.000000,0.000000,0.062802,0.054807,,,,,,,,,,,,
69976,,,,-0.000124,1.000226,2.072245,0.002305,0.000023,,,,,,,,,,,,,,,,,,,,
69977,,,,,,,,,,,0.135726,0.131707,,,,,-0.053396,-0.028739,-0.003743,,,,,,,,,
69974,,,,,,,,,,,,,,,,,,,,-0.051116,1.033046,2.076258,,,,,,
69981,,,,,,,,,,,,,0.000000,0.000000,0.066321,0.058225,,,,,,,,,,,,
69983,,,,,,,,,,,,,,,,,,,,,,,-0.011102,-0.008784,1.022177,0.140000,-0.560000,-0.280000
69982,,,,,,,,,,,,,,,,,,,,-0.051119,1.033047,2.076250,,,,,,
69992,,,,,,,,,,,,,0.000000,0.000000,0.066424,0.058325,,,,,,,,,,,,
69990,,,,,,,,,,,,,,,,,,,,-0.051120,1.033046,2.076258,,,,,,
69997,,,,,,,,,,,,,,,,,,,,,,,-0.010858,-0.009150,1.021689,0.070000,-0.490000,-0.210000
70002,,,,,,,,,,,,,0.000000,0.000000,0.066527,0.058425,,,,,,,-0.010858,-0.009150,1.021689,0.000000,-0.490000,-0.210000
70005,,,,,,,,,,,,,,,,,,,,-0.051121,1.033048,2.076258,,,,,,
70010,,,,,,,,,,,,,,,,,,,,,,,-0.010492,-0.007808,1.022177,0.000000,-0.490000,-0.210000
70011,,,,,,,,,,,,,0.000000,0.000000,0.066631,0.058525,,,,,,,,,,,,
70013,,,,,,,,,,,,,,,,,,,,-0.051118,1.033045,2.073043,,,,,,
70020,,,,,,,,,,,,,,,,,,,,,,,-0.010492,-0.007808,1.022177,0.070000,-0.700000,-0.630000
70021,,,,,,,,,,,,,,,0.066734,0.058626,,,,-0.051112,1.033047,2.073043,,,,,,
70022,,,,,,,,,,,,,0.000000,0.000000,,,,,,,,,,,,,,
70025,,,,-0.000289,1.000528,2.072265,0.005081,0.000172,,,,,,,,,,,,,,,,,,,,
70027,,,,,,,,,,,0.306443,0.298551,,,,,-0.052976,-0.028879,-0.001025,,,,,,,,,
70036,,,,,,,,,,,,,0.000000,0.000000,0.072474,0.064235,,,,,,,,,,,,
70030,,,,,,,,,,,,,,,,,,,,-0.051108,1.033047,2.073043,,,,,,
70040,,,,,,,,,,,,,,,,,,,,,,,-0.008113,-0.009089,1.022665,0.070000,0.070000,-1.260000
70041,,,,,,,,,,,,,,,0.072707,0.064462,,,,,,,,,,,,
70042,,,,,,,,,,,,,0.000000,0.000000,,,,,,,,,,,,,,
70045,,,,,,,,,,,,,,,,,,,,-0.051120,1.033049,2.073043,-0.007930,-0.008418,1.022055,0.070000,0.140000,-1.260000
70050,,,,,,,,,,,,,,,,,,,,,,,-0.007930,-0.008418,1.022055,0.070000,-0.420000,-1.470000
70051,,,,,,,,,,,,,0.549378,0.000000,0.054799,0.064689,,,,,,,,,,,,
70052,,,,,,,,,,,,,,,,,,,,-0.051122,1.033062,2.073043,,,,,,
70060,,,,,,,,,,,,,,,,,,,,-0.051135,1.033073,2.073043,-0.007930,-0.008418,1.022055,0.210000,-0.840000,0.000000
70061,,,,,,,,,,,,,0.462246,0.000000,0.057492,0.064916,,,,,,,,,,,,
70070,,,,,,,,,,,,,,,,,,,,,,,-0.005551,-0.008601,1.021567,0.000000,-0.070000,3.360000
70071,,,,,,,,,,,,,0.388934,0.000000,0.059794,0.065142,,,,,,,,,,,,
70076,,,,-0.000557,1.001016,2.072329,0.008847,0.000699,,,,,,,,,,,,,,,,,,,,
70077,,,,,,,,,,,0.537246,0.525679,,,,,,,,,,,,,,,,
70078,,,,,,,,,,,,,,,,,-0.052448,-0.028915,-0.000415,,,,,,,,,
70075,,,,,,,,,,,,,,,,,,,,-0.051153,1.033091,2.073043,,,,,,
70081,,,,,,,,,,,,,,,0.069389,0.054823,,,,,,,,,,,,
70082,,,,,,,,,,,,,0.327249,0.546511,,,,,,,,,,,,,,
70083,,,,,,,,,,,,,,,,,,,,-0.051159,1.033101,2.076258,-0.012505,-0.010004,1.024861,0.070000,-2.800000,3.570000
70092,,,,,,,,,,,,,0.275347,0.459834,0.071262,0.057670,,,,,,,,,,,,
70090,,,,,,,,,,,,,,,,,,,,-0.051178,1.033131,2.073043,,,,,,
70098,,,,,,,,,,,,,,,,,,,,,,,-0.012505,-0.010004,1.024861,-0.140000,-2.730000,6.860000
70101,,,,,,,,,,,,,0.231677,0.386904,0.072903,0.060128,,,,,,,,,,,,
70103,,,,,,,,,,,,,,,,,,,,,,,0.005307,-0.006283,1.019981,-0.140000,-1.400000,5.810000
70106,,,,,,,,,,,,,,,,,,,,-0.051176,1.033123,2.076258,,,,,,
70111,,,,,,,,,,,,,,,0.074349,0.062259,,,,,,,0.005307,-0.006283,1.019981,0.000000,0.140000,5.670000
70112,,,,,,,,,,,,,0.194933,0.325541,,,,,,,,,,,,,,
70114,,,,,,,,,,,,,,,,,,,,-0.051211,1.033190,2.076258,,,,,,
70120,,,,,,,,,,,,,,,,,,,,,,,-0.002257,-0.010675,1.022787,0.070000,-1.330000,5.670000
70121,,,,,,,,,,,,,0.164017,0.273910,0.075630,0.064116,,,,,,,,,,,,
70122,,,,,,,,,,,,,,,,,,,,-0.051247,1.033245,2.076258,,,,,,
70126,,,,-0.000947,1.001728,2.072495,0.013537,0.002052,,,,,,,,,,,,,,,,,,,,
70128,,,,,,,,,,,0.823474,0.809700,,,,,-0.051925,-0.028759,-0.003559,,,,,,,,,
70135,,,,,,,,,,,,,,,0.086218,0.062214,,,,,,,,,,,,
70136,,,,,,,,,,,,,0.138004,0.621298,,,,,,,,,,,,,,
70130,,,,,,,,,,,,,,,,,,,,-0.051264,1.033260,2.079469,,,,,,
70141,,,,,,,,,,,,,,,0.087462,0.065610,,,,,,,-0.002257,-0.007503,1.021811,-0.140000,-2.310000,8.400000
70142,,,,,,,,,,,,,0.116116,0.522760,,,,,,,,,,,,,,
70146,,,,,,,,,,,,,,,,,,,,,,,-0.004270,-0.007503,1.021811,-0.210000,-4.760000,12.600000
70145,,,,,,,,,,,,,,,,,,,,-0.051308,1.033353,2.079469,,,,,,
70151,,,,,,,,,,,,,0.097700,0.989783,0.088608,0.050411,,,,,,,-0.004270,-0.007503,1.021811,-0.350000,-7.980000,18.200001
70153,,,,,,,,,,,,,,,,,,,,-0.051358,1.033421,2.079499,,,,,,
70160,,,,,,,,,,,,,,,,,,,,,,,0.035319,-0.004758,1.025715,-0.490000,-2.170000,16.940001
70161,,,,,,,,,,,,,,,0.089671,0.055456,,,,-0.051516,1.033571,2.085856,,,,,,
70162,,,,,,,,,,,,,0.082205,0.832803,,,,,,,,,,,,,,
70170,,,,,,,,,,,,,,,,,,,,,,,0.035319,-0.004758,1.025715,-0.280000,0.000000,11.830000
70171,,,,,,,,,,,,,0.069167,0.700720,0.090665,0.059799,,,,,,,,,,,,
70176,,,,-0.001481,1.002700,2.072860,0.019082,0.004911,,,,,,,,,,,,,,,,,,,,
70177,,,,,,,,,,,1.160384,1.146785,,,,,,,,,,,,,,,,
70178,,,,,,,,,,,,,,,,,-0.051496,-0.028346,-0.012693,,,,,,,,,
70175,,,,,,,,,,,,,,,,,,,,-0.051637,1.033645,2.089021,,,,,,
70181,,,,,,,,,,,,,0.606303,1.137692,0.084622,0.056584,,,,,,,,,,,,
70183,,,,,,,,,,,,,,,,,,,,,,,0.021289,-0.015738,1.023458,0.280000,2.520000,-5.600000
70192,,,,,,,,,,,,,0.510143,0.957254,0.088217,0.062546,,,,-0.052048,1.033915,2.089008,,,,,,
70184,,,,,,,,,,,,,,,,,,,,-0.051861,1.033830,2.092192,,,,,,
70197,,,,,,,,,,,,,,,,,,,,,,,0.003111,-0.006527,1.019005,0.210000,4.200000,-13.580000
70202,,,,,,,,,,,,,0.972474,0.805433,0.073454,0.067700,,,,,,,0.003111,-0.006527,1.019005,0.350000,0.630000,-21.840000
70200,,,,,,,,,,,,,,,,,,,,-0.052215,1.034090,2.085797,,,,,,
70211,,,,,,,,,,,,,,,0.059363,0.072175,,,,,,,0.003111,-0.006527,1.019005,0.910000,2.170000,-26.950001
70212,,,,,,,,,,,,,1.403833,0.677691,,,,,,,,,,,,,,
70215,,,,,,,,,,,,,,,,,,,,-0.052309,1.034266,2.079407,,,,,,
70220,,,,,,,,,,,,,,,,,,,,,,,0.029036,-0.021045,1.021872,2.030000,2.590000,-35.070000
70221,,,,,,,,,,,,,1.730618,0.570209,0.048394,0.076078,,,,,,,,,,,,
70226,,,,-0.002176,1.003966,2.073575,0.025416,0.010199,,,,,,,,,,,,,,,,,,,,
70227,,,,,,,,,,,1.536318,1.541119,,,,,,,,,,,,,,,,
70228,,,,,,,,,,,,,,,,,-0.050860,-0.029024,-0.005392,,,,,,,,,
70223,,,,,,,,,,,,,,,,,,,,-0.052361,1.034424,2.076209,,,,,,
70231,,,,,,,,,,,,,,,0.069424,0.092521,,,,-0.052442,1.034648,2.066569,,,,,,
70232,,,,,,,,,,,,,1.456142,0.479774,,,,,,,,,,,,,,
70233,,,,,,,,,,,,,,,,,,,,,,,-0.013420,0.004087,1.019554,0.280000,4.200000,-27.090000
70240,,,,,,,,,,,,,,,,,,,,,,,-0.013420,0.004087,1.019554,0.630000,1.330000,-20.020000
70239,,,,,,,,,,,,,,,,,,,,-0.052692,1.034940,2.060167,,,,,,
70241,,,,,,,,,,,,,1.775408,0.953892,0.058947,0.077680,,,,,,,,,,,,
70251,,,,,,,,,,,,,,,0.068059,0.065080,,,,,,,,,,,,
70252,,,,,,,,,,,,,1.493828,1.349170,,,,,,,,,,,,,,
70256,,,,,,,,,,,,,,,,,,,,,,,0.001037,-0.013908,1.031998,0.070000,-5.320000,11.270000
70254,,,,,,,,,,,,,,,,,,,,-0.052862,1.035210,2.060191,,,,,,
70262,,,,,,,,,,,,,1.788583,1.135192,0.058363,0.072288,,,,-0.052973,1.035550,2.066548,0.001037,-0.013908,1.031998,-0.490000,-0.070000,15.820000
70270,,,,,,,,,,,,,,,,,,,,,,,-0.003294,0.001891,1.012600,-1.470000,3.990000,31.990000
70271,,,,,,,,,,,,,1.504914,1.524220,0.067534,0.059757,,,,,,,,,,,,
70275,,,,-0.003051,1.005554,2.074853,0.032469,0.019088,,,,,,,,,,,,,,,,,,,,
70277,,,,,,,,,,,1.943706,1.991232,,,,,-0.050147,-0.029591,0.007248,,,,,,,,,
70276,,,,,,,,,,,,,,,,,,,,-0.053109,1.035995,2.072929,,,,,,
70281,,,,,,,,,,,,,1.813954,1.830199,0.070803,0.064526,,,,,,,,,,,,
70283,,,,,,,,,,,,,,,,,,,,,,,-0.003294,0.001891,1.012600,0.350000,0.770000,6.930000
70284,,,,,,,,,,,,,,,,,,,,-0.053254,1.036345,2.076188,,,,,,
70290,,,,,,,,,,,,,,,,,,,,,,,0.040687,-0.017690,1.015040,-0.490000,7.560000,6.720000
70291,,,,,,,,,,,,,2.074256,2.087924,0.062311,0.056143,,,,-0.053469,1.036754,2.076163,,,,,,
70300,,,,,,,,,,,,,,,,,,,,,,,0.040687,-0.017690,1.015040,0.280000,7.350000,-2.800000
70301,,,,,,,,,,,,,1.745279,2.303894,0.073069,0.048942,,,,,,,,,,,,
70306,,,,,,,,,,,,,,,,,,,,-0.053707,1.037208,2.076175,,,,,,
70312,,,,,,,,,,,,,1.468478,1.938496,0.082356,0.060763,,,,,,,,,,,,
70314,,,,,,,,,,,,,,,,,,,,-0.053854,1.037678,2.073002,,,,,,
70317,,,,,,,,,,,,,,,,,,,,,,,-0.030195,-0.006222,1.039501,-0.280000,-0.560000,7.840000
70321,,,,,,,,,,,,,,,0.070572,0.051118,,,,-0.054041,1.038117,2.076194,,,,,,
70322,,,,,,,,,,,,,1.836485,2.231959,,,,,,,,,-0.030195,-0.006222,1.039501,0.350000,-0.280000,9.520000
70325,,,,-0.004122,1.007491,2.076986,0.040165,0.033000,,,,,,,,,,,,,,,,,,,,
70327,,,,,,,,,,,2.384514,2.485904,,,,,-0.050862,-0.028896,0.001187,,,,,,,,,
70331,,,,,,,,,,,,,,,0.076738,0.060870,,,,,,,,,,,,
70332,,,,,,,,,,,,,2.092828,2.425580,,,,,,,,,,,,,,
70333,,,,,,,,,,,,,,,,,,,,,,,-0.029158,-0.009089,1.014552,-0.560000,-7.350000,18.059999
70336,,,,,,,,,,,,,,,,,,,,-0.054181,1.038350,2.079405,,,,,,
70340,,,,,,,,,,,,,,,,,,,,,,,-0.029158,-0.009089,1.014552,0.490000,-7.910000,-8.960000
70341,,,,,,,,,,,,,2.309067,2.589044,0.069826,0.055523,,,,,,,,,,,,
70343,,,,,,,,,,,,,,,,,,,,-0.054352,1.038595,2.082613,,,,,,
70350,,,,,,,,,,,,,,,,,,,,,,,0.020191,-0.012444,1.018822,1.050000,5.320000,-16.730000
70351,,,,,,,,,,,,,,,0.063964,0.068992,,,,-0.054604,1.039049,2.079374,,,,,,
70352,,,,,,,,,,,,,2.488483,2.178421,,,,,,,,,,,,,,
70360,,,,,,,,,,,,,,,,,,,,,,,0.020191,-0.012444,1.018822,0.070000,13.090000,-17.290001
70361,,,,,,,,,,,,,2.644632,2.383746,0.058733,0.062452,,,,,,,,,,,,
70366,,,,,,,,,,,,,,,,,,,,-0.054829,1.039547,2.076124,,,,,,
70372,,,,,,,,,,,,,2.738090,2.518581,0.055451,0.058081,,,,,,,,,,,,
70376,,,,-0.005404,1.009795,2.080355,0.048424,0.053596,,,,,,,,,,,,,,,,,,,,
70378,,,,,,,,,,,2.838666,3.035892,,,,,-0.049991,-0.028857,0.004439,,,,,,,,,
70373,,,,,,,,,,,,,,,,,,,,-0.055060,1.039931,2.069692,,,,,,
70381,,,,,,,,,,,,,,,,,,,,-0.055333,1.040337,2.072910,-0.017019,-0.007076,1.026020,0.490000,-10.360000,-4.480000
70382,,,,,,,,,,,,,2.872602,2.119133,0.065728,0.089379,,,,,,,,,,,,
70387,,,,,,,,,,,,,,,,,,,,,,,0.007320,-0.008906,1.032547,-0.350000,-11.480000,-5.180000
70392,,,,,,,,,,,,,2.958679,2.324711,0.062863,0.083294,,,,,,,0.007320,-0.008906,1.032547,0.280000,-5.250000,-5.810000
70396,,,,,,,,,,,,,,,,,,,,-0.055558,1.040577,2.069672,,,,,,
70400,,,,,,,,,,,,,,,,,,,,,,,0.007320,-0.008906,1.032547,-0.980000,4.830000,1.050000
70401,,,,,,,,,,,,,2.489432,2.529758,0.078252,0.077071,,,,,,,,,,,,
70412,,,,,,,,,,,,,2.634829,2.668760,0.073721,0.072871,,,,-0.056134,1.041443,2.072958,,,,,,
70404,,,,,,,,,,,,,,,,,,,,-0.055841,1.040941,2.069722,,,,,,
70418,,,,,,,,,,,,,,,,,,,,,,,-0.001769,-0.005307,1.002718,-1.050000,1.680000,15.190000
70421,,,,,,,,,,,,,,,0.069378,0.068829,,,,,,,,,,,,
70422,,,,,,,,,,,,,2.771187,2.799736,,,,,,,,,,,,,,
70420,,,,,,,,,,,,,,,,,,,,-0.056375,1.041916,2.072958,,,,,,
70423,,,,,,,,,,,,,,,,,,,,,,,0.007198,-0.006588,1.042612,-0.770000,-4.690000,14.910000
70425,,,,-0.006915,1.012483,2.085445,0.057152,0.082790,,,,,,,,,,,,,,,,,,,,
70427,,,,,,,,,,,3.295648,3.639552,,,,,-0.049572,-0.029156,0.012215,,,,,,,,,
70431,,,,,,,,,,,,,,,0.080918,0.085485,,,,,,,,,,,,
70432,,,,,,,,,,,,,2.879893,2.903914,,,,,,,,,,,,,,
70433,,,,,,,,,,,,,,,,,,,,,,,0.007198,-0.006588,1.042612,-0.560000,-3.220000,5.110000
70434,,,,,,,,,,,,,,,,,,,,-0.056599,1.042374,2.076194,,,,,,
70440,,,,,,,,,,,,,,,,,,,,,,,0.021777,-0.011407,1.013271,-0.630000,7.210000,-2.310000
70441,,,,,,,,,,,,,2.971800,3.540669,0.078203,0.065040,,,,,,,,,,,,
70442,,,,,,,,,,,,,,,,,,,,-0.056760,1.042898,2.079433,,,,,,
70450,,,,,,,,,,,,,,,,,,,,-0.057094,1.043461,2.076163,0.021777,-0.011407,1.013271,-0.770000,10.010000,7.490000
70451,,,,,,,,,,,,,,,0.075964,0.065606,,,,,,,,,,,,
70452,,,,,,,,,,,,,3.047147,3.525794,,,,,,,,,,,,,,
70460,,,,,,,,,,,,,,,,,,,,,,,0.004026,-0.004087,1.027972,-0.280000,1.260000,13.720000
70461,,,,,,,,,,,,,3.114135,3.516869,0.073943,0.065987,,,,,,,,,,,,
70465,,,,,,,,,,,,,,,,,,,,-0.057497,1.044126,2.079214,,,,,,
70472,,,,,,,,,,,,,3.638737,3.468345,0.056776,0.067681,,,,,,,,,,,,
70476,,,,-0.008671,1.015563,2.092855,0.066241,0.122775,,,,,,,,,,,,,,,,,,,,
70478,,,,,,,,,,,3.749665,4.290317,,,,,-0.048734,-0.028782,0.014284,,,,,,,,,
70473,,,,,,,,,,,,,,,,,,,,-0.057987,1.044620,2.079280,,,,,,
70480,,,,,,,,,,,,,,,,,,,,,,,0.004026,-0.004087,1.015772,-1.120000,-3.010000,-8.330000
70482,,,,,,,,,,,,,3.651668,4.098335,0.071065,0.068496,,,,,,,,,,,,
70481,,,,,,,,,,,,,,,,,,,,-0.058374,1.045016,2.079368,,,,,,
70485,,,,,,,,,,,,,,,,,,,,,,,0.017751,-0.009638,1.015772,-1.260000,6.230000,-6.230000
70490,,,,,,,,,,,,,,,,,,,,,,,0.017751,-0.009638,1.015772,-1.540000,5.040000,0.840000
70491,,,,,,,,,,,,,3.622501,3.998327,0.072101,0.071941,,,,,,,,,,,,
70495,,,,,,,,,,,,,,,,,,,,-0.058642,1.045677,2.079351,,,,,,
70500,,,,,,,,,,,,,,,,,,,,,,,-0.019093,-0.007259,1.025349,-2.030000,1.260000,2.450000
70501,,,,,,,,,,,,,3.597128,3.913347,0.073035,0.074966,,,,,,,,,,,,
70503,,,,,,,,,,,,,,,,,,,,-0.058940,1.046495,2.082553,,,,,,
70510,,,,,,,,,,,,,,,,,,,,,,,-0.019093,-0.007259,1.025349,0.210000,-4.620000,-15.470000
70511,,,,,,,,,,,,,,,0.055841,0.077661,,,,-0.059241,1.047089,2.079450,,,,,,
70512,,,,,,,,,,,,,4.121953,3.840355,,,,,,,,,,,,,,
70520,,,,,,,,,,,,,,,,,,,,,,,-0.003721,-0.012261,1.027728,-1.820000,-3.850000,-2.730000
70521,,,,,,,,,,,,,4.017921,4.330695,0.058988,0.061831,,,,,,,,,,,,
70526,,,,-0.010690,1.019031,2.103324,0.075566,0.176083,,,,,,,,,,,,,,,,,,,,
70528,,,,,,,,,,,4.175603,4.996336,,,,,-0.048159,-0.028725,0.023690,,,,,,,,,
70535,,,,,,,,,,,,,4.176969,4.041992,0.067587,0.094607,,,,,,,,,,,,
70534,,,,,,,,,,,,,,,,,,,,-0.059895,1.048265,2.082542,,,,,,
70540,,,,,,,,,,,,,,,,,,,,,,,-0.003721,-0.010675,1.019371,-0.630000,1.820000,-3.220000
70541,,,,,,,,,,,,,3.514501,4.282354,0.089435,0.087407,,,,,,,,,,,,
70542,,,,,,,,,,,,,,,,,,,,-0.060206,1.049038,2.082504,,,,,,
70546,,,,,,,,,,,,,,,,,,,,,,,-0.002440,-0.010675,1.019371,-0.630000,7.350000,-5.320000
70551,,,,,,,,,,,,,,,,,,,,,,,-0.002440,-0.010675,1.019371,-0.070000,-0.490000,7.770000
70552,,,,,,,,,,,,,3.504105,4.697182,0.090282,0.074270,,,,,,,,,,,,
70550,,,,,,,,,,,,,,,,,,,,-0.060562,1.049744,2.079334,,,,,,
70560,,,,,,,,,,,,,,,,,,,,,,,-0.004026,-0.007503,1.023946,-1.470000,-10.080000,26.809999
70561,,,,,,,,,,,,,4.047886,4.501974,0.072859,0.080936,,,,,,,,,,,,
70565,,,,,,,,,,,,,,,,,,,,-0.061035,1.050260,2.079292,,,,,,
70570,,,,,,,,,,,,,,,,,,,,,,,-0.004026,-0.007503,1.023946,-0.420000,-9.800000,0.000000
70571,,,,,,,,,,,,,,,0.076113,0.068827,,,,,,,,,,,,
70572,,,,,,,,,,,,,3.952182,4.880543,,,,,,,,,,,,,,
70576,,,,-0.012993,1.022878,2.117756,0.084982,0.245699,,,,,,,,,,,,,,,,,,,,
70577,,,,,,,,,,,4.555898,5.756125,,,,,-0.047330,-0.028594,0.037671,,,,,,,,,
70573,,,,,,,,,,,,,,,,,,,,-0.061541,1.050805,2.085748,,,,,,
70581,,,,,,,,,,,,,,,0.091432,0.101437,,,,-0.061968,1.051407,2.085818,,,,,,
70582,,,,,,,,,,,,,3.873141,4.654263,,,,,,,,,,,,,,
70583,,,,,,,,,,,,,,,,,,,,,,,0.020557,-0.013420,1.045479,-1.190000,3.220000,17.500000
70592,,,,,,,,,,,,,4.343607,5.543218,0.076437,0.072959,,,,,,,,,,,,
70597,,,,,,,,,,,,,,,,,,,,,,,-0.023912,-0.009333,0.985394,0.490000,7.070000,-0.070000
70596,,,,,,,,,,,,,,,,,,,,-0.062350,1.052222,2.088991,,,,,,
70601,,,,,,,,,,,,,,,0.081000,0.083798,,,,,,,,,,,,
70602,,,,,,,,,,,,,4.210140,5.219492,,,,,,,,,-0.023912,-0.009333,0.985394,1.890000,-16.379999,16.660000
70604,,,,,,,,,,,,,,,,,,,,-0.062629,1.053188,2.089053,,,,,,
70611,,,,,,,,,,,,,,,,,,,,,,,0.029707,-0.005795,1.051762,1.680000,-15.750000,24.920000
70612,,,,,,,,,,,,,4.635213,5.484482,0.067245,0.075467,,,,-0.062939,1.053931,2.092193,,,,,,
70620,,,,,,,,,,,,,,,,,,,,-0.063481,1.054591,2.098591,0.029707,-0.005795,1.051762,-1.750000,4.410000,22.400000
70621,,,,,,,,,,,,,4.450278,5.715063,0.073284,0.068070,,,,,,,,,,,,
70625,,,,-0.015604,1.027077,2.137252,0.094324,0.335225,,,,,,,,,,,,,,,,,,,,
70627,,,,,,,,,,,4.892685,6.553396,,,,,-0.047801,-0.027531,0.039173,,,,,,,,,
70635,,,,,,,,,,,,,4.548514,5.612704,0.081230,0.097766,,,,-0.064023,1.055404,2.101772,,,,,,
70640,,,,,,,,,,,,,,,,,,,,,,,-0.008052,-0.012139,1.015894,-0.840000,-0.980000,20.230000
70641,,,,,,,,,,,,,,,0.105281,0.070933,,,,,,,,,,,,
70642,,,,,,,,,,,,,3.827119,6.448224,,,,,,,,,,,,,,
70645,,,,,,,,,,,,,,,,,,,,,,,-0.008052,-0.012139,1.015894,-1.330000,2.800000,19.110001
70643,,,,,,,,,,,,,,,,,,,,-0.064487,1.056121,2.104956,,,,,,
70650,,,,,,,,,,,,,,,,,,,,,,,-0.047763,-0.002196,1.014003,-0.840000,0.910000,17.430000
70651,,,,,,,,,,,,,,,0.089994,0.068621,,,,-0.065077,1.056800,2.104955,,,,,,
70652,,,,,,,,,,,,,4.315357,6.520754,,,,,,,,,,,,,,
70660,,,,,,,,,,,,,,,,,,,,,,,-0.047763,-0.002196,1.014003,0.210000,-10.220000,8.610000
70661,,,,,,,,,,,,,,,0.076764,0.066510,,,,,,,,,,,,
70662,,,,,,,,,,,,,4.729918,6.585539,,,,,,,,,,,,,,
70665,,,,,,,,,,,,,,,,,,,,-0.065553,1.057559,2.108139,,,,,,
70670,,,,,,,,,,,,,,,,,,,,,,,0.051728,-0.011773,1.021262,-1.540000,4.830000,5.740000
70671,,,,,,,,,,,,,4.528521,6.089840,0.083530,0.082831,,,,,,,,,,,,
70676,,,,-0.018553,1.031587,2.163164,0.103411,0.449104,,,,,,,,,,,,,,,,,,,,
70677,,,,,,,,,,,5.128286,7.412834,,,,,,,,,,,,,,,,
70678,,,,,,,,,,,,,,,,,-0.046439,-0.027039,0.054584,,,,,,,,,
70673,,,,,,,,,,,,,,,,,,,,-0.066041,1.058432,2.111322,,,,,,
70681,,,,,,,,,,,,,,,0.079160,0.107277,,,,-0.066459,1.059394,2.114548,,,,,,
70682,,,,,,,,,,,,,4.905076,6.218770,,,,,,,,,,,,,,
70683,,,,,,,,,,,,,,,,,,,,,,,0.051728,-0.011773,1.021262,-1.050000,9.730000,-8.820000
70692,,,,,,,,,,,,,5.222460,6.327802,0.068864,0.104593,,,,,,,,,,,,
70696,,,,,,,,,,,,,,,,,,,,,,,0.017507,-0.013054,1.006927,-1.050000,-3.360000,12.250000
70695,,,,,,,,,,,,,,,,,,,,-0.067077,1.060330,2.111281,,,,,,
70702,,,,,,,,,,,,,5.450312,6.380347,0.061278,0.103689,,,,,,,0.017507,-0.013054,1.006927,-2.450000,-2.100000,12.180000
70703,,,,,,,,,,,,,,,,,,,,-0.067589,1.061058,2.114507,,,,,,
70711,,,,,,,,,,,,,,,0.070662,0.081217,,,,-0.068335,1.061967,2.117635,0.033855,-0.002318,1.035170,-4.060000,-2.660000,21.000000
70712,,,,,,,,,,,,,5.158312,7.085683,,,,,,,,,,,,,,
70720,,,,,,,,,,,,,,,,,,,,,,,0.033855,-0.002318,1.035170,-0.770000,8.260000,26.879999
70722,,,,,,,,,,,,,4.882523,7.046532,0.079734,0.082758,,,,,,,,,,,,
70719,,,,,,,,,,,,,,,,,,,,-0.068927,1.062860,2.117618,,,,,,
70726,,,,-0.021873,1.036350,2.197152,0.112053,0.592876,,,,,,,,,,,,,,,,,,,,
70727,,,,,,,,,,,5.235554,8.332729,,,,,-0.047028,-0.026348,0.078511,,,,,,,,,
70735,,,,,,,,,,,,,5.304426,7.523981,0.069545,0.097635,,,,,,,,,,,,
70734,,,,,,,,,,,,,,,,,,,,-0.069633,1.064146,2.123783,,,,,,
70740,,,,,,,,,,,,,,,,,,,,,,,0.022570,-0.010309,1.052006,-3.500000,6.020000,36.680000
70741,,,,,,,,,,,,,,,0.067950,0.108323,,,,,,,,,,,,
70742,,,,,,,,,,,,,5.351179,7.218712,,,,,,-0.070313,1.065171,2.133306,,,,,,
70746,,,,,,,,,,,,,,,,,,,,,,,-0.036417,-0.003721,1.052006,-3.080000,-7.210000,32.060001
70751,,,,,,,,,,,,,5.600350,7.720627,0.059642,0.092619,,,,,,,-0.036417,-0.003721,1.052006,-1.400000,-16.870001,28.490000
70757,,,,,,,,,,,,,,,,,,,,-0.070925,1.066093,2.139571,,,,,,
70761,,,,,,,,,,,,,,,0.070610,0.079320,,,,,,,0.019642,-0.005429,1.031205,-3.360000,-18.690001,41.580002
70762,,,,,,,,,,,,,5.259414,8.137974,,,,,,,,,,,,,,
70765,,,,,,,,,,,,,,,,,,,,-0.071561,1.066959,2.146042,,,,,,
70770,,,,,,,,,,,,,,,,,,,,,,,0.019642,-0.005429,1.031205,-2.030000,1.400000,51.310001
70771,,,,,,,,,,,,,5.523471,8.494593,0.061881,0.067705,,,,,,,,,,,,
70776,,,,-0.025606,1.041285,2.241251,0.120073,0.773397,,,,,,,,,,,,,,,,,,,,
70777,,,,,,,,,,,5.214138,9.305230,,,,,-0.046612,-0.024579,0.095062,,,,,,,,,
70773,,,,,,,,,,,,,,,,,,,,-0.072228,1.067901,2.152335,,,,,,
70781,,,,,,,,,,,,,,,0.071811,0.108025,,,,,,,,,,,,
70782,,,,,,,,,,,,,5.194343,8.241138,,,,,,,,,,,,,,
70783,,,,,,,,,,,,,,,,,,,,,,,-0.001525,-0.007564,1.000217,-1.400000,0.420000,42.980000
70780,,,,,,,,,,,,,,,,,,,,-0.073019,1.069013,2.158577,,,,,,
70792,,,,,,,,,,,,,4.902976,9.063918,0.081439,0.081696,,,,,,,,,,,,
70797,,,,,,,,,,,,,,,,,,,,,,,-0.001525,0.000183,1.017846,-2.240000,3.780000,50.610001
70795,,,,,,,,,,,,,,,,,,,,-0.073867,1.070120,2.171095,,,,,,
70801,,,,,,,,,,,,,,,0.088704,0.092054,,,,,,,,,,,,
70802,,,,,,,,,,,,,4.689950,8.755551,,,,,,,,,-0.018178,0.000183,1.017846,-1.260000,0.420000,62.860001
70803,,,,,,,,,,,,,,,,,,,,-0.074689,1.071014,2.180632,,,,,,
70810,,,,,,,,,,,,,,,,,,,,,,,-0.018178,0.000183,1.017846,-1.400000,0.700000,71.610001
70811,,,,,,,,,,,,,,,0.059442,0.084083,,,,-0.075308,1.072154,2.189758,,,,,,
70812,,,,,,,,,,,,,5.589118,9.009914,,,,,,,,,,,,,,
70820,,,,,,,,,,,,,,,,,,,,,,,-0.024400,-0.003660,1.021201,-1.260000,-2.380000,69.440002
70821,,,,,,,,,,,,,5.250403,9.771821,0.070329,0.059174,,,,,,,,,,,,
70825,,,,-0.029802,1.046288,2.297927,0.127328,0.998812,,,,,,,,,,,,,,,,,,,,
70827,,,,,,,,,,,5.031042,10.345604,,,,,,,,,,,,,,,,
70828,,,,,,,,,,,,,,,,,-0.047457,-0.022038,0.108103,,,,,,,,,
70826,,,,,,,,,,,,,,,,,,,,-0.076181,1.073154,2.202357,,,,,,
70831,,,,,,,,,,,,,,,0.073658,0.108118,,,,,,,,,,,,
70832,,,,,,,,,,,,,4.965574,9.317780,,,,,,,,,,,,,,
70833,,,,,,,,,,,,,,,,,,,,,,,-0.024400,-0.003660,1.021201,-0.490000,3.500000,61.880001
70834,,,,,,,,,,,,,,,,,,,,-0.077142,1.074182,2.211700,,,,,,
70840,,,,,,,,,,,,,,,,,,,,,,,0.027389,0.004209,1.032547,-2.450000,8.400000,60.970001
70841,,,,,,,,,,,,,,,0.063514,0.103396,,,,,,,,,,,,
70842,,,,,,,,,,,,,5.274576,9.484793,,,,,,-0.077955,1.075251,2.224020,,,,,,
70852,,,,,,,,,,,,,4.981484,10.154328,0.072996,0.081967,,,,,,,,,,,,
70851,,,,,,,,,,,,,,,,,,,,-0.078777,1.076291,2.236240,,,,,,
70857,,,,,,,,,,,,,,,,,,,,,,,-0.015738,-0.002562,1.029802,-1.540000,-7.490000,76.160004
70861,,,,,,,,,,,,,5.300356,10.207255,0.062515,0.080368,,,,,,,,,,,,
70862,,,,,,,,,,,,,,,,,,,,,,,-0.015738,-0.002562,1.029802,-3.150000,-7.000000,83.019997
70865,,,,,,,,,,,,,,,,,,,,-0.079655,1.077279,2.245664,,,,,,
70870,,,,,,,,,,,,,,,,,,,,,,,-0.015738,-0.002562,1.029802,-0.070000,-9.870000,67.129997
70871,,,,,,,,,,,,,4.459719,10.231544,0.090041,0.079672,,,,,,,,,,,,
70876,,,,-0.034519,1.051230,2.370044,0.133763,1.277818,,,,,,,,,,,,,,,,,,,,
70878,,,,,,,,,,,4.645246,11.478270,,,,,-0.048483,-0.018932,0.124313,,,,,,,,,
70873,,,,,,,,,,,,,,,,,,,,-0.080549,1.078331,2.257978,,,,,,
70882,,,,,,,,,,,,,4.299467,10.249998,0.083040,0.116524,,,,-0.081524,1.079229,2.270058,,,,,,
70883,,,,,,,,,,,,,,,,,,,,,,,0.004209,-0.001952,1.019798,-2.590000,3.570000,72.239998
70892,,,,,,,,,,,,,5.187312,10.717336,0.054010,0.102047,,,,,,,,,,,,
70890,,,,,,,,,,,,,,,,,,,,-0.082513,1.080404,2.285384,,,,,,
70897,,,,,,,,,,,,,,,,,,,,,,,-0.047336,0.014823,1.020042,-4.200000,5.180000,81.830002
70902,,,,,,,,,,,,,4.364604,11.180596,0.080740,0.087345,,,,,,,-0.047336,0.014823,1.020042,-3.360000,-11.830000,81.550003
70905,,,,,,,,,,,,,,,,,,,,-0.083437,1.081361,2.297494,,,,,,
70911,,,,,,,,,,,,,,,0.084451,0.088048,,,,,,,-0.047336,-0.000244,1.032242,-2.520000,-17.709999,73.989998
70912,,,,,,,,,,,,,4.258664,11.166213,,,,,,-0.084287,1.082383,2.309615,,,,,,
70920,,,,,,,,,,,,,,,,,,,,-0.085256,1.083277,2.324936,0.030195,-0.000244,1.032242,-1.050000,-0.910000,84.699997
70921,,,,,,,,,,,,,,,0.052713,0.092401,,,,,,,,,,,,
70922,,,,,,,,,,,,,5.229545,11.041556,,,,,,,,,,,,,,
70926,,,,-0.039824,1.055955,2.460659,0.139467,1.617262,,,,,,,,,,,,,,,,,,,,
70927,,,,,,,,,,,4.058330,12.723255,,,,,-0.050860,-0.014475,0.137585,,,,,,,,,
70931,,,,,,,,,,,,,,,0.060262,0.119181,,,,,,,,,,,,
70932,,,,,,,,,,,,,4.400138,11.485439,,,,,,,,,,,,,,
70933,,,,,,,,,,,,,,,,,,,,,,,-0.007625,-0.002318,0.993263,1.540000,0.770000,78.959999
70935,,,,,,,,,,,,,,,,,,,,-0.086326,1.084324,2.339990,,,,,,
70940,,,,,,,,,,,,,,,,,,,,,,,-0.007625,-0.002318,0.993263,0.140000,-1.540000,78.959999
70941,,,,,,,,,,,,,,,0.064937,0.125968,,,,,,,,,,,,
70942,,,,,,,,,,,,,4.250547,11.308661,,,,,,,,,,,,,,
70943,,,,,,,,,,,,,,,,,,,,-0.087364,1.085379,2.351879,,,,,,
70952,,,,,,,,,,,,,3.576410,12.069489,0.087039,0.101944,,,,,,,,,,,,
70951,,,,,,,,,,,,,,,,,,,,-0.088572,1.086294,2.366901,,,,,,
70957,,,,,,,,,,,,,,,,,,,,,,,0.011041,0.017873,1.041392,-1.190000,1.470000,118.230003
70961,,,,,,,,,,,,,,,0.067034,0.087433,,,,,,,,,,,,
70962,,,,,,,,,,,,,4.193753,12.524390,,,,,,,,,0.011041,0.017873,1.041392,-5.390000,0.490000,135.589996
70965,,,,,,,,,,,,,,,,,,,,-0.089610,1.087438,2.387957,,,,,,
70970,,,,,,,,,,,,,,,,,,,,,,,-0.043066,0.014823,1.018456,-3.570000,-1.610000,142.940002
70971,,,,,,,,,,,,,4.624504,12.729782,0.052713,0.080806,,,,,,,,,,,,
70976,,,,-0.045795,1.060277,2.572395,0.144772,2.016475,,,,,,,,,,,,,,,,,,,,
70977,,,,,,,,,,,3.177716,14.114472,,,,,-0.050630,-0.010102,0.183210,,,,,,,,,
70973,,,,,,,,,,,,,,,,,,,,-0.090989,1.088240,2.408526,,,,,,
70981,,,,,,,,,,,,,,,0.047406,0.121133,,,,-0.092267,1.089249,2.435366,,,,,,
70982,,,,,,,,,,,,,3.891057,12.899735,,,,,,,,,,,,,,
70983,,,,,,,,,,,,,,,,,,,,,,,-0.043066,0.014823,1.018456,-5.950000,-12.320000,118.930000
70990,,,,,,,,,,,,,,,,,,,,,,,-0.002013,0.026230,1.037976,-5.390000,-0.490000,119.910004
70991,,,,,,,,,,,,,,,0.067237,0.117172,,,,,,,,,,,,
70992,,,,,,,,,,,,,3.273935,13.048026,,,,,,,,,,,,,,
70995,,,,,,,,,,,,,,,,,,,,-0.093504,1.090141,2.458940,,,,,,
71000,,,,,,,,,,,,,,,,,,,,,,,-0.002013,0.026230,1.037976,-4.270000,6.230000,134.539993
71001,,,,,,,,,,,,,2.754688,13.721345,0.084311,0.095758,,,,,,,,,,,,
71012,,,,,,,,,,,,,2.853024,13.686059,0.081389,0.097226,,,,,,,,,,,,
71011,,,,,,,,,,,,,,,,,,,,-0.096354,1.091712,2.502683,,,,,,
71017,,,,,,,,,,,,,,,,,,,,,,,-0.018361,0.014579,1.007720,-8.260000,-1.610000,159.880005
71021,,,,,,,,,,,,,,,0.059626,0.076847,,,,,,,,,,,,
71022,,,,,,,,,,,,,3.519612,14.313143,,,,,,,,,-0.018361,0.014579,1.042551,-7.490000,-3.220000,160.440002
71026,,,,-0.052519,1.063983,2.706213,0.150353,2.456800,,,,,,,,,,,,,,,,,,,,
71027,,,,,,,,,,,2.268529,15.616749,,,,,-0.051674,-0.003825,0.204167,,,,,,,,,
71025,,,,,,,,,,,,,,,,,,,,-0.097638,1.092409,2.531837,,,,,,
71031,,,,,,,,,,,,,,,0.047768,0.128722,,,,,,,,,,,,
71032,,,,,,,,,,,,,2.961401,14.240144,,,,,,,,,,,,,,
71033,,,,,,,,,,,,,,,,,,,,-0.099067,1.093123,2.560621,-0.046055,0.039833,1.042551,-3.780000,-24.780001,131.809998
71040,,,,,,,,,,,,,,,,,,,,,,,-0.046055,0.039833,1.042551,0.140000,1.050000,126.769997
71042,,,,,,,,,,,,,2.491723,14.170553,0.062746,0.132084,,,,,,,,,,,,
71041,,,,,,,,,,,,,,,,,,,,-0.100248,1.093616,2.580940,,,,,,
71050,,,,,,,,,,,,,,,,,,,,,,,0.034587,-0.003721,1.005463,-1.330000,1.960000,144.830002
71049,,,,,,,,,,,,,,,,,,,,-0.101705,1.094439,2.606479,,,,,,
71051,,,,,,,,,,,,,2.096535,14.670267,0.075626,0.116696,,,,,,,,,,,,
71060,,,,,,,,,,,,,,,,,,,,,,,0.034587,-0.003721,1.016260,-4.270000,1.890000,159.179993
71061,,,,,,,,,,,,,2.311469,15.080784,0.068660,0.103868,,,,,,,,,,,,
71064,,,,,,,,,,,,,,,,,,,,-0.103177,1.095099,2.629620,,,,,,
71072,,,,,,,,,,,,,2.972504,15.258055,0.046794,0.098427,,,,-0.104882,1.095840,2.664141,,,,,,
71076,,,,-0.060094,1.066828,2.859660,0.157335,2.888271,,,,,,,,,,,,,,,,,,,,
71078,,,,,,,,,,,1.546026,17.189806,,,,,-0.052956,0.005092,0.199006,,,,,,,,,
71081,,,,,,,,,,,,,,,,,,,,,,,0.018422,0.034831,1.016260,-4.410000,-13.370000,160.089996
71082,,,,,,,,,,,,,2.501064,15.182515,0.037968,0.153134,,,,,,,,,,,,
71080,,,,,,,,,,,,,,,,,,,,-0.106370,1.096430,2.692526,,,,,,
71086,,,,,,,,,,,,,,,,,,,,,,,0.042273,0.017934,1.026874,-1.750000,-8.050000,146.720001
71091,,,,,,,,,,,,,,,,,,,,,,,0.042273,0.017934,1.026874,-2.590000,3.220000,152.460007
71092,,,,,,,,,,,,,2.104395,15.484006,0.050326,0.144733,,,,,,,,,,,,
71096,,,,,,,,,,,,,,,,,,,,-0.107948,1.097019,2.718036,,,,,,
71100,,,,,,,,,,,,,,,,,,,,,,,0.023912,0.041602,1.004365,-2.240000,6.720000,164.919998
71101,,,,,,,,,,,,,2.326691,15.808508,0.042554,0.135338,,,,,,,,,,,,
71104,,,,,,,,,,,,,,,,,,,,-0.109784,1.097596,2.743116,,,,,,
71111,,,,,,,,,,,,,,,0.054134,0.110956,,,,,,,0.023912,0.041602,1.004365,-4.760000,-4.760000,187.320007
71112,,,,,,,,,,,,,1.957678,16.579353,,,,,,-0.111690,1.098283,2.774484,,,,,,
71120,,,,,,,,,,,,,,,,,,,,-0.113496,1.098556,2.805358,0.010187,0.038857,1.063962,-10.780000,-9.870000,197.610001
71121,,,,,,,,,,,,,,,0.064067,0.089467,,,,,,,,,,,,
71122,,,,,,,,,,,,,1.647190,17.244471,,,,,,,,,,,,,,
71125,,,,-0.068626,1.068543,3.025601,0.167301,3.225570,,,,,,,,,,,,,,,,,,,,
71127,,,,,,,,,,,1.119383,18.717451,,,,,-0.052128,0.013638,0.219543,,,,,,,,,
71135,,,,,,,,,,,,,1.385945,17.443005,0.058531,0.133292,,,,,,,,,,,,
71134,,,,,,,,,,,,,,,,,,,,-0.115171,1.098853,2.841691,,,,,,
71139,,,,,,,,,,,,,,,,,,,,,,,0.010187,0.047885,1.000339,-5.740000,6.020000,197.889999
71141,,,,,,,,,,,,,1.166134,17.859144,0.065580,0.120546,,,,,,,,,,,,
71145,,,,,,,,,,,,,,,,,,,,,,,-0.029951,0.047885,1.000339,-6.650000,6.930000,196.279999
71143,,,,,,,,,,,,,,,,,,,,-0.117246,1.099319,2.875284,,,,,,
71150,,,,,,,,,,,,,,,,,,,,,,,-0.029951,0.047885,1.000339,-6.930000,5.670000,194.949997
71152,,,,,,,,,,,,,0.981185,17.761705,0.071647,0.124427,,,,,,,,,,,,
71151,,,,,,,,,,,,,,,,,,,,-0.119335,1.099507,2.908642,,,,,,
71161,,,,,,,,,,,,,1.375335,18.243292,0.058746,0.109273,,,,,,,-0.027755,0.039406,1.038403,-6.230000,-6.650000,207.130005
71159,,,,,,,,,,,,,,,,,,,,-0.121185,1.099672,2.941982,,,,,,
71172,,,,,,,,,,,,,1.699851,18.605766,0.047837,0.097677,,,,,,,,,,,,
71176,,,,-0.078226,1.068834,-3.090060,0.182149,3.374407,,,,,,,,,,,,,,,,,,,,
71178,,,,,,,,,,,1.379556,20.070482,,,,,-0.048204,0.021908,0.248630,,,,,,,,,
71174,,,,,,,,,,,,,,,,,,,,-0.123033,1.099707,2.978209,,,,,,
71181,,,,,,,,,,,,,,,0.046643,0.130362,,,,,,,-0.014640,0.045445,1.000583,-2.520000,-7.630000,212.800003
71182,,,,,,,,,,,,,1.982865,18.970556,,,,,,-0.124790,1.099803,3.014339,,,,,,
71186,,,,,,,,,,,,,,,,,,,,,,,-0.014640,0.045445,1.000583,-7.560000,-8.400000,189.210007
71191,,,,,,,,,,,,,,,,,,,,,,,-0.014640,0.045445,1.000583,-9.170000,-5.460000,181.300003
71192,,,,,,,,,,,,,1.668383,19.237272,0.056549,0.122417,,,,,,,,,,,,
71190,,,,,,,,,,,,,,,,,,,,-0.126653,1.099649,3.053072,,,,,,
71200,,,,,,,,,,,,,,,,,,,,,,,0.016287,0.041663,1.060790,-11.620000,-4.130000,187.669998
71201,,,,,,,,,,,,,1.955492,18.944817,0.046854,0.132711,,,,,,,,,,,,
71204,,,,,,,,,,,,,,,,,,,,-0.128538,1.099574,3.080768,,,,,,
71211,,,,,,,,,,,,,,,0.056638,0.124499,,,,,,,0.016287,0.041663,1.060790,-2.520000,-3.360000,196.979996
71212,,,,,,,,,,,,,1.645351,19.220217,,,,,,,,,,,,,,
71213,,,,,,,,,,,,,,,,,,,,-0.130499,1.099486,3.113922,,,,,,
71220,,,,,,,,,,,,,,,,,,,,,,,-0.004758,0.031354,0.990762,-3.430000,-1.260000,208.460007
71221,,,,,,,,,,,,,,,0.065040,0.117145,,,,-0.132543,1.099325,-3.133169,,,,,,
71222,,,,,,,,,,,,,1.384398,19.463173,,,,,,,,,,,,,,
71225,,,,-0.089013,1.067385,-2.932153,0.203742,3.287857,,,,,,,,,,,,,,,,,,,,
71227,,,,,,,,,,,2.976309,21.270309,,,,,-0.043099,0.032314,0.203378,,,,,,,,,
71235,,,,,,,,,,,,,1.164832,19.581392,0.124819,0.153171,,,,-0.134546,1.099019,-3.097260,,,,,,
71240,,,,,,,,,,,,,,,,,,,,,,,-0.000183,0.030439,1.004365,-4.130000,7.840000,223.929993
71241,,,,,,,,,,,,,,,0.132305,0.142065,,,,,,,,,,,,
71242,,,,,,,,,,,,,0.980090,19.958628,,,,,,,,,,,,,,
71246,,,,,,,,,,,,,,,,,,,,,,,-0.000183,0.030439,1.004365,-6.160000,5.670000,225.820007
71244,,,,,,,,,,,,,,,,,,,,-0.136496,1.098735,-3.061274,,,,,,
71251,,,,,,,,,,,,,1.374247,20.090784,0.120880,0.138733,,,,,,,0.003111,0.068259,1.039379,-4.270000,0.350000,230.020004
71252,,,,,,,,,,,,,,,,,,,,-0.138531,1.098244,-3.019768,,,,,,
71260,,,,,,,,,,,,,,,,,,,,-0.140414,1.097892,-2.980598,0.003111,0.068259,1.039379,-2.030000,-27.090000,210.630005
71261,,,,,,,,,,,,,,,0.111240,0.136185,,,,,,,,,,,,
71262,,,,,,,,,,,,,1.704894,20.196001,,,,,,,,,,,,,,
71270,,,,,,,,,,,,,,,,,,,,,,,0.139507,0.044835,1.050969,-9.240000,-9.590000,197.119995
71271,,,,,,,,,,,,,,,0.103131,0.134474,,,,,,,,,,,,
71272,,,,,,,,,,,,,1.981228,20.273293,,,,,,,,,,,,,,
71275,,,,-0.101108,1.063866,-2.791657,0.233523,3.002026,,,,,,,,,,,,-0.142387,1.097170,-2.938918,,,,,,
71277,,,,,,,,,,,5.413634,22.471827,,,,,,,,,,,,,,,,
71278,,,,,,,,,,,,,,,,,-0.033335,0.040026,0.186882,,,,,,,,,
71281,,,,,,,,,,,,,,,0.158205,0.154244,,,,,,,,,,,,
71282,,,,,,,,,,,,,2.763106,20.894300,,,,,,,,,,,,,,
71283,,,,,,,,,,,,,,,,,,,,,,,0.139507,0.044835,1.050969,0.280000,3.920000,175.979996
71284,,,,,,,,,,,,,,,,,,,,-0.144554,1.096585,-2.913987,,,,,,
71292,,,,,,,,,,,,,3.356600,20.675629,0.140766,0.162649,,,,-0.146957,1.095814,-2.880590,,,,,,
71297,,,,,,,,,,,,,,,,,,,,,,,0.081801,0.022509,0.978440,1.120000,1.470000,167.649994
71301,,,,,,,,,,,,,,,0.121321,0.156168,,,,,,,,,,,,
71302,,,,,,,,,,,,,3.997195,20.915329,,,,,,,,,0.081801,0.022509,0.978440,1.960000,-4.340000,158.199997
71300,,,,,,,,,,,,,,,,,,,,-0.149358,1.094986,-2.852766,,,,,,
71311,,,,,,,,,,,,,4.462439,21.445353,0.107138,0.139966,,,,,,,0.125416,0.056425,1.070306,-1.470000,-4.340000,161.000000
71314,,,,,,,,,,,,,,,,,,,,-0.151732,1.094254,-2.824720,,,,,,
71320,,,,,,,,,,,,,,,,,,,,,,,0.125416,0.056425,1.070306,-5.880000,-9.310000,152.250000
71321,,,,,,,,,,,,,4.849255,21.875074,0.095170,0.126648,,,,,,,,,,,,
71322,,,,,,,,,,,,,,,,,,,,-0.154159,1.093294,-2.799304,,,,,,
71325,,,,-0.114633,1.057935,-2.671663,0.272308,2.607959,,,,,,,,,,,,,,,,,,,,
71327,,,,,,,,,,,8.909213,23.913748,,,,,-0.025120,0.046619,0.128664,,,,,,,,,
71335,,,,,,,,,,,,,5.677649,22.000029,0.182912,0.170189,,,,,,,,,,,,
71329,,,,,,,,,,,,,,,,,,,,-0.156844,1.092023,-2.771140,,,,,,
71340,,,,,,,,,,,,,,,,,,,,,,,0.083753,0.077836,1.033096,-4.340000,1.120000,150.990005
71341,,,,,,,,,,,,,,,0.157587,0.171311,,,,,,,,,,,,
71342,,,,,,,,,,,,,6.527271,22.011019,,,,,,,,,,,,,,
71346,,,,,,,,,,,,,,,,,,,,,,,0.022326,0.048495,1.007842,-7.560000,-0.280000,143.990005
71344,,,,,,,,,,,,,,,,,,,,-0.159407,1.090891,-2.745696,,,,,,
71351,,,,,,,,,,,,,7.686899,22.909775,0.121451,0.143348,,,,,,,0.022326,0.048495,1.007842,-8.540000,-25.620001,134.889999
71352,,,,,,,,,,,,,,,,,,,,-0.161919,1.089501,-2.717420,,,,,,
71361,,,,,,,,,,,,,,,,,,,,,,,0.022326,0.048495,1.007842,-0.910000,-9.800000,129.710007
71362,,,,,,,,,,,,,8.112073,22.564917,0.108472,0.155420,,,,,,,,,,,,
71360,,,,,,,,,,,,,,,,,,,,-0.164188,1.088187,-2.694646,,,,,,
71370,,,,,,,,,,,,,,,,,,,,,,,0.150914,0.045140,1.009855,3.010000,25.900000,126.559998
71371,,,,,,,,,,,,,9.022121,22.830210,0.079284,0.147776,,,,,,,,,,,,
71376,,,,-0.129706,1.049246,-2.571633,0.320318,2.194230,,,,,,,,,,,,,,,,,,,,
71378,,,,,,,,,,,12.732099,25.920967,,,,,-0.014268,0.050125,0.120512,,,,,,,,,
71374,,,,,,,,,,,,,,,,,,,,-0.167086,1.086727,-2.671845,,,,,,
71382,,,,,,,,,,,,,9.230250,23.580105,0.197361,0.189644,,,,-0.170083,1.085198,-2.652094,,,,,,
71383,,,,,,,,,,,,,,,,,,,,,,,0.065026,0.043798,1.009733,4.340000,22.889999,131.740005
71392,,,,,,,,,,,,,10.477119,23.635401,0.159316,0.189649,,,,,,,,,,,,
71389,,,,,,,,,,,,,,,,,,,,-0.172978,1.083608,-2.629303,,,,,,
71397,,,,,,,,,,,,,,,,,,,,,,,0.065026,0.043798,1.009733,-1.820000,-6.230000,148.119995
71401,,,,,,,,,,,,,,,0.142778,0.168750,,,,,,,,,,,,
71402,,,,,,,,,,,,,11.036486,24.328901,,,,,,,,,0.106506,0.055632,1.063901,1.680000,-28.770000,126.769997
71404,,,,,,,,,,,,,,,,,,,,-0.175864,1.081723,-2.606573,,,,,,
71411,,,,,,,,,,,,,,,0.111636,0.152636,,,,,,,0.106506,0.055632,1.063901,-0.560000,-28.490000,124.599998
71412,,,,,,,,,,,,,12.029388,24.859600,,,,,,-0.178512,1.079923,-2.580592,,,,,,
71420,,,,,,,,,,,,,,,,,,,,-0.181424,1.077942,-2.560410,0.126087,0.069113,0.987041,1.540000,6.930000,125.370003
71421,,,,,,,,,,,,,,,0.102943,0.139136,,,,,,,,,,,,
71422,,,,,,,,,,,,,12.311965,25.297743,,,,,,,,,,,,,,
71426,,,,-0.146439,1.037461,-2.489166,0.377346,1.815420,,,,,,,,,,,,,,,,,,,,
71427,,,,,,,,,,,17.293913,28.458389,,,,,,,,,,,,,,,,
71428,,,,,,,,,,,,,,,,,-0.006660,0.053059,0.071607,,,,,,,,,
71435,,,,,,,,,,,,,,,0.226105,0.212467,,,,-0.184625,1.075735,-2.539982,,,,,,
71436,,,,,,,,,,,,,13.103762,25.598265,,,,,,,,,,,,,,
71440,,,,,,,,,,,,,,,,,,,,,,,0.126087,0.068442,1.052799,-1.540000,17.010000,126.559998
71441,,,,,,,,,,,,,13.785479,27.058329,0.207128,0.167093,,,,,,,,,,,,
71442,,,,,,,,,,,,,,,,,,,,-0.187856,1.073325,-2.519845,,,,,,
71446,,,,,,,,,,,,,,,,,,,,,,,0.020862,0.068442,1.052799,1.610000,10.710000,127.050003
71451,,,,,,,,,,,,,,,0.173929,0.165147,,,,,,,0.020862,0.068442,1.052799,-4.690000,-14.700000,123.410004
71452,,,,,,,,,,,,,14.887404,27.151279,,,,,,,,,,,,,,
71450,,,,,,,,,,,,,,,,,,,,-0.190900,1.071071,-2.493636,,,,,,
71461,,,,,,,,,,,,,15.809937,27.770599,0.145723,0.145973,,,,,,,0.123464,0.068381,1.034865,1.750000,-32.830002,91.489998
71465,,,,,,,,,,,,,,,,,,,,-0.193714,1.068723,-2.475980,,,,,,
71470,,,,,,,,,,,,,,,,,,,,,,,0.123464,0.068381,1.034865,-7.420000,-14.280000,82.110001
71471,,,,,,,,,,,,,,,0.121475,0.147229,,,,,,,,,,,,
71472,,,,,,,,,,,,,16.589130,27.748379,,,,,,,,,,,,,,
71476,,,,-0.164931,1.022251,-2.421325,0.442901,1.493262,,,,,,,,,,,,,,,,,,,,
71477,,,,,,,,,,,22.058290,31.709312,,,,,0.005963,0.054334,0.052582,,,,,,,,,
71473,,,,,,,,,,,,,,,,,,,,-0.196604,1.066225,-2.458395,,,,,,
71482,,,,,,,,,,,,,17.232555,27.713432,0.255957,0.254562,,,,,,,,,,,,
71483,,,,,,,,,,,,,,,,,,,,,,,0.084607,0.061976,0.992714,-0.140000,9.170000,76.580002
71480,,,,,,,,,,,,,,,,,,,,-0.199637,1.063592,-2.446575,,,,,,
71496,,,,,,,,,,,,,18.781387,28.378527,0.209333,0.236030,,,,,,,,,,,,
71495,,,,,,,,,,,,,,,,,,,,-0.202850,1.060749,-2.432009,,,,,,
71501,,,,,,,,,,,,,,,0.188255,0.204252,,,,,,,0.078263,0.043676,1.007842,-9.030000,-16.520000,65.239998
71502,,,,,,,,,,,,,19.507662,29.435198,,,,,,,,,,,,,,
71503,,,,,,,,,,,,,,,,,,,,-0.206039,1.057818,-2.420148,,,,,,
71506,,,,,,,,,,,,,,,,,,,,,,,0.078263,0.043676,1.007842,-7.630000,-13.720000,63.349998
71512,,,,,,,,,,,,,20.616276,30.019938,0.154184,0.187000,,,,-0.209151,1.054988,-2.410801,0.078263,0.043676,1.007842,-13.090000,0.560000,64.610001
71520,,,,,,,,,,,,,,,,,,,,-0.212593,1.051604,-2.402147,0.263581,0.058072,1.055483,-12.460000,15.330000,63.209999
71521,,,,,,,,,,,,,,,0.111963,0.174757,,,,,,,,,,,,
71522,,,,,,,,,,,,,21.949116,30.436678,,,,,,,,,,,,,,
71526,,,,-0.185271,1.003309,-2.365326,0.516294,1.229725,,,,,,,,,,,,,,,,,,,,
71527,,,,,,,,,,,27.164032,35.561203,,,,,,,,,,,,,,,,
71528,,,,,,,,,,,,,,,,,0.012725,0.054135,0.035854,,,,,,,,,
71531,,,,,,,,,,,,,,,0.266511,0.297656,,,,,,,,,,,,
71532,,,,,,,,,,,,,22.293558,30.528013,,,,,,,,,,,,,,
71533,,,,,,,,,,,,,,,,,,,,,,,0.107848,0.036234,0.973804,-0.420000,22.959999,67.480003
71535,,,,,,,,,,,,,,,,,,,,-0.216364,1.048010,-2.387612,,,,,,
71540,,,,,,,,,,,,,,,,,,,,,,,0.107848,0.036234,0.973804,-1.260000,13.090000,79.239998
71541,,,,,,,,,,,,,,,0.225102,0.263210,,,,,,,,,,,,
71542,,,,,,,,,,,,,23.686285,31.709974,,,,,,,,,,,,,,
71553,,,,,,,,,,,,,24.993013,33.125065,0.185403,0.220285,,,,,,,,,,,,
71551,,,,,,,,,,,,,,,,,,,,-0.223418,1.040699,-2.360758,,,,,,
71559,,,,,,,,,,,,,,,,,,,,,,,0.146949,0.044530,1.043893,-12.180000,-18.969999,82.180000
71561,,,,,,,,,,,,,,,0.161815,0.194783,,,,,,,,,,,,
71562,,,,,,,,,,,,,25.771935,33.969334,,,,,,,,,,,,,,
71564,,,,,,,,,,,,,,,,,,,,,,,0.146949,0.044530,1.043893,-4.340000,12.390000,83.019997
71566,,,,,,,,,,,,,,,,,,,,-0.226682,1.037016,-2.345408,,,,,,
71570,,,,,,,,,,,,,,,,,,,,,,,0.198006,0.049837,1.027301,6.720000,22.540001,84.070000
71571,,,,,,,,,,,,,26.624914,34.620075,0.135221,0.174904,,,,,,,,,,,,
71576,,,,-0.207525,0.980360,-2.318794,0.596676,1.018151,,,,,,,,,,,,,,,,,,,,
71578,,,,,,,,,,,32.541531,39.976845,,,,,0.026809,0.053320,0.024711,,,,,,,,,
71574,,,,,,,,,,,,,,,,,,,,-0.230656,1.032946,-2.330565,,,,,,
71581,,,,,,,,,,,,,,,0.304806,0.301623,,,,,,,,,,,,
71582,,,,,,,,,,,,,26.773846,35.140339,,,,,,-0.234737,1.028545,-2.312583,,,,,,
71583,,,,,,,,,,,,,,,,,,,,,,,0.198006,0.049837,1.027301,2.660000,18.620001,93.029999
71590,,,,,,,,,,,,,,,,,,,,,,,0.025986,0.062037,1.028765,6.230000,19.040001,94.849998
71592,,,,,,,,,,,,,27.950167,36.074265,0.271211,0.275151,,,,,,,,,,,,
71589,,,,,,,,,,,,,,,,,,,,-0.238748,1.024231,-2.297491,,,,,,
71600,,,,,,,,,,,,,,,,,,,,,,,0.025986,0.062037,1.028765,-8.120000,-24.080000,84.839996
71601,,,,,,,,,,,,,,,0.221370,0.230680,,,,,,,,,,,,
71602,,,,,,,,,,,,,29.600311,37.541935,,,,,,,,,,,,,,
71613,,,,,,,,,,,,,30.731766,38.384861,0.187034,0.205290,,,,,,,,,,,,
71604,,,,,,,,,,,,,,,,,,,,-0.242466,1.019838,-2.282250,,,,,,
71612,,,,,,,,,,,,,,,,,,,,-0.245928,1.015350,-2.266830,,,,,,
71618,,,,,,,,,,,,,,,,,,,,,,,0.254065,0.086681,1.032974,20.930000,16.520000,71.120003
71621,,,,,,,,,,,,,,,0.163197,0.179903,,,,,,,,,,,,
71622,,,,,,,,,,,,,31.511705,39.207462,,,,,,,,,,,,,,
71623,,,,,,,,,,,,,,,,,,,,,,,0.254065,0.086681,1.032974,13.440000,18.480000,69.930000
71626,,,,-0.231741,0.953167,-2.279802,0.683048,0.849532,,,,,,,,,,,,-0.250117,1.010402,-2.254662,,,,,,
71628,,,,,,,,,,,38.474548,44.561649,,,,,0.038577,0.050789,-0.012874,,,,,,,,,
71632,,,,,,,,,,,,,32.553444,39.577698,0.321760,0.316447,,,,,,,,,,,,
71633,,,,,,,,,,,,,,,,,,,,,,,0.149511,0.038003,0.975756,-4.200000,10.290000,65.169998
71634,,,,,,,,,,,,,,,,,,,,-0.254197,1.005265,-2.242322,,,,,,
71640,,,,,,,,,,,,,,,,,,,,,,,0.149511,0.038003,0.975756,-2.310000,7.980000,64.540001
71641,,,,,,,,,,,,,,,0.280329,0.274800,,,,-0.258225,1.000100,-2.230189,,,,,,
71642,,,,,,,,,,,,,33.979671,40.988079,,,,,,,,,,,,,,
71650,,,,,,,,,,,,,,,,,,,,,,,0.048068,0.081252,1.133624,2.170000,-37.029999,52.709999
71651,,,,,,,,,,,,,35.706558,42.150818,0.228087,0.240050,,,,,,,,,,,,
71656,,,,,,,,,,,,,,,,,,,,-0.262080,0.994855,-2.220822,,,,,,
71661,,,,,,,,,,,,,,,0.201137,0.210497,,,,,,,0.048068,0.081252,1.133624,-2.730000,-46.970001,53.130001
71662,,,,,,,,,,,,,36.608208,43.124527,,,,,,,,,,,,,,
71672,,,,,,,,,,,,,37.481133,43.477730,0.174415,0.200214,,,,,,,,,,,,
71665,,,,,,,,,,,,,,,,,,,,-0.265846,0.989930,-2.214267,,,,,,
71676,,,,-0.257939,0.921538,-2.246816,0.774266,0.715277,,,,,,,,,,,,,,,,,,,,
71678,,,,,,,,,,,44.517414,49.565769,,,,,0.049908,0.047345,-0.033067,,,,,,,,,
71673,,,,,,,,,,,,,,,,,,,,-0.270197,0.984245,-2.205299,,,,,,
71681,,,,,,,,,,,,,,,,,,,,-0.274340,0.978311,-2.199030,0.243451,0.028426,0.997533,1.820000,8.960000,40.599998
71682,,,,,,,,,,,,,37.927288,43.553795,0.355307,0.359641,,,,,,,,,,,,
71687,,,,,,,,,,,,,,,,,,,,,,,0.091683,0.055571,0.913048,-3.220000,13.230000,42.980000
71692,,,,,,,,,,,,,39.829189,44.563332,0.299198,0.331814,,,,,,,0.091683,0.055571,0.913048,-7.000000,13.720000,42.630001
71695,,,,,,,,,,,,,,,,,,,,-0.278349,0.972536,-2.192804,,,,,,
71700,,,,,,,,,,,,,,,,,,,,,,,0.091683,0.055571,0.913048,-4.130000,-41.369999,43.959999
71701,,,,,,,,,,,,,,,0.264709,0.284587,,,,,,,,,,,,
71702,,,,,,,,,,,,,41.013664,46.151031,,,,,,,,,,,,,,
71712,,,,,,,,,,,,,42.478592,47.332489,0.220268,0.249204,,,,,,,,,,,,
71704,,,,,,,,,,,,,,,,,,,,-0.282581,0.966558,-2.183453,,,,,,
71711,,,,,,,,,,,,,,,,,,,,-0.286794,0.960523,-2.177186,,,,,,
71718,,,,,,,,,,,,,,,,,,,,,,,0.204472,0.048922,1.117337,-9.380000,-2.940000,46.830002
71722,,,,,,,,,,,,,43.662109,48.311935,0.183749,0.219406,,,,,,,,,,,,
71720,,,,,,,,,,,,,,,,,,,,-0.290977,0.953885,-2.167579,,,,,,
71723,,,,,,,,,,,,,,,,,,,,,,,0.196115,0.016287,0.763964,-21.629999,15.470000,40.180000
71726,,,,-0.286109,0.885340,-2.218634,0.869050,0.608135,,,,,,,,,,,,,,,,,,,,
71728,,,,,,,,,,,50.758591,54.762035,,,,,0.054465,0.042581,-0.051010,,,,,,,,,
71731,,,,,,,,,,,,,,,0.378219,0.386659,,,,,,,,,,,,
71732,,,,,,,,,,,,,43.868412,48.329323,,,,,,,,,,,,,,
71733,,,,,,,,,,,,,,,,,,,,,,,0.196115,0.016287,0.763964,-0.490000,67.269997,46.689999
71734,,,,,,,,,,,,,,,,,,,,-0.295541,0.947385,-2.161451,,,,,,
71740,,,,,,,,,,,,,,,,,,,,,,,0.083082,0.073993,1.146861,-12.460000,68.180000,49.490002
71741,,,,,,,,,,,,,,,0.343035,0.356242,,,,,,,,,,,,
71742,,,,,,,,,,,,,45.130810,49.432213,,,,,,-0.300347,0.939836,-2.152432,,,,,,
71750,,,,,,,,,,,,,,,,,,,,-0.305063,0.932506,-2.139890,0.083082,0.073993,1.146861,-4.270000,10.990000,49.560001
71751,,,,,,,,,,,,,,,0.295836,0.295536,,,,,,,,,,,,
71752,,,,,,,,,,,,,46.736576,51.451218,,,,,,,,,,,,,,
71761,,,,,,,,,,,,,48.646641,52.613541,0.237611,0.260777,,,,,,,0.282918,0.035258,1.039745,11.830000,-65.660004,43.119999
71772,,,,,,,,,,,,,49.490753,53.898438,0.212140,0.221175,,,,-0.313586,0.918861,-2.129811,,,,,,
71764,,,,,,,,,,,,,,,,,,,,-0.309536,0.925696,-2.136797,,,,,,
71776,,,,-0.316214,0.844497,-2.194306,0.965991,0.522310,,,,,,,,,,,,,,,,,,,,
71778,,,,,,,,,,,57.100376,60.097000,,,,,0.064428,0.037192,-0.064951,,,,,,,,,
71781,,,,,,,,,,,,,,,,,,,,-0.318380,0.911331,-2.120706,0.136213,0.052399,0.949038,21.980000,25.620001,34.580002
71782,,,,,,,,,,,,,50.032871,53.741497,0.398908,0.397795,,,,,,,,,,,,
71787,,,,,,,,,,,,,,,,,,,,,,,0.136213,0.052399,0.949038,-3.290000,32.549999,35.279999
71792,,,,,,,,,,,,,51.567966,54.688404,0.355226,0.372408,,,,,,,0.136213,0.052399,0.949038,2.100000,38.150002,32.200001
71795,,,,,,,,,,,,,,,,,,,,-0.323194,0.903391,-2.114253,,,,,,
71800,,,,,,,,,,,,,,,,,,,,,,,0.117059,0.063013,0.960872,16.379999,-1.750000,31.780001
71801,,,,,,,,,,,,,53.181152,56.382679,0.307843,0.322330,,,,,,,,,,,,
71804,,,,,,,,,,,,,,,,,,,,-0.328181,0.895363,-2.114461,,,,,,
71811,,,,,,,,,,,,,,,0.265282,0.295882,,,,,,,0.117059,0.063013,0.960872,-24.920000,-35.349998,31.150000
71812,,,,,,,,,,,,,54.604584,57.298347,,,,,,-0.332711,0.887698,-2.104755,,,,,,
71820,,,,,,,,,,,,,,,,,,,,,,,0.270901,0.066978,0.967704,1.260000,15.820000,21.770000
71819,,,,,,,,,,,,,,,,,,,,-0.337497,0.879280,-2.101678,,,,,,
71822,,,,,,,,,,,,,55.708961,58.517975,0.231836,0.258979,,,,,,,,,,,,
71825,,,,-0.348180,0.799004,-2.173083,1.063578,0.453290,,,,,,,,,,,,,,,,,,,,
71828,,,,,,,,,,,63.421391,65.559753,,,,,0.074571,0.031438,-0.071395,,,,,,,,,
71835,,,,,,,,,,,,,56.046947,58.809299,0.424194,0.425513,,,,,,,,,,,,
71834,,,,,,,,,,,,,,,,,,,,-0.342540,0.870705,-2.098620,,,,,,
71840,,,,,,,,,,,,,,,,,,,,,,,0.270901,0.018544,0.813252,-2.380000,42.630001,28.350000
71841,,,,,,,,,,,,,,,0.400302,0.386603,,,,,,,,,,,,
71842,,,,,,,,,,,,,56.974308,60.190952,,,,,,,,,,,,,,
71843,,,,,,,,,,,,,,,,,,,,-0.347616,0.861901,-2.092301,,,,,,
71846,,,,,,,,,,,,,,,,,,,,,,,0.131821,0.018544,0.813252,13.300000,28.420000,28.559999
71851,,,,,,,,,,,,,,,0.343286,0.345060,,,,-0.352870,0.852668,-2.085982,0.131821,0.018544,0.813252,1.330000,-7.070000,28.209999
71852,,,,,,,,,,,,,58.914654,61.621140,,,,,,,,,,,,,,
71861,,,,,,,,,,,,,61.118198,62.845558,0.276333,0.308979,,,,,,,0.108702,0.017019,1.256600,-10.150000,-66.639999,21.070000
71866,,,,,,,,,,,,,,,,,,,,-0.357407,0.844169,-2.082711,,,,,,
71870,,,,,,,,,,,,,,,,,,,,,,,0.108702,0.017019,0.922991,1.120000,-27.719999,6.090000
71871,,,,,,,,,,,,,,,0.256021,0.280270,,,,,,,,,,,,
71872,,,,,,,,,,,,,61.809589,63.809555,,,,,,,,,,,,,,
71876,,,,-0.381902,0.748923,-2.154368,1.160219,0.397602,,,,,,,,,,,,,,,,,,,,
71878,,,,,,,,,,,69.639061,71.061821,,,,,0.094082,0.025323,-0.071712,,,,,,,,,
71874,,,,,,,,,,,,,,,,,,,,-0.362314,0.835471,-2.079296,,,,,,
71882,,,,,,,,,,,,,62.418495,64.649261,0.436206,0.430345,,,,-0.367756,0.825973,-2.076202,,,,,,
71884,,,,,,,,,,,,,,,,,,,,,,,0.195505,0.026779,0.922991,20.860001,18.900000,11.830000
71892,,,,,,,,,,,,,63.803112,65.142738,0.397672,0.419622,,,,,,,,,,,,
71890,,,,,,,,,,,,,,,,,,,,-0.372767,0.816710,-2.076239,,,,,,
71897,,,,,,,,,,,,,,,,,,,,,,,0.081435,0.021655,0.873459,-0.210000,-39.340000,12.110000
71901,,,,,,,,,,,,,,,0.331392,0.360189,,,,,,,,,,,,
71902,,,,,,,,,,,,,66.022949,67.150108,,,,,,,,,0.081435,0.021655,0.873459,-22.049999,-50.259998,17.639999
71906,,,,,,,,,,,,,,,,,,,,-0.377935,0.807267,-2.076124,,,,,,
71911,,,,,,,,,,,,,,,0.283607,0.318343,,,,,,,0.255041,0.041114,0.857355,-29.750000,-38.360001,14.280000
71912,,,,,,,,,,,,,67.608818,68.557205,,,,,,,,,,,,,,
71913,,,,,,,,,,,,,,,,,,,,-0.382675,0.797896,-2.069429,,,,,,
71920,,,,,,,,,,,,,,,,,,,,,,,0.255041,0.041114,0.857355,24.010000,12.670000,3.360000
71921,,,,,,,,,,,,,,,0.260138,0.300046,,,,-0.388035,0.787888,-2.069732,,,,,,
71922,,,,,,,,,,,,,68.393959,69.191933,,,,,,,,,,,,,,
71926,,,,-0.417239,0.694392,-2.137680,1.254274,0.352585,,,,,,,,,,,,,,,,,,,,
71928,,,,,,,,,,,75.650864,76.499367,,,,,0.096612,0.019181,-0.067523,,,,,,,,,
71935,,,,,,,,,,,,,68.553894,69.618423,0.447518,0.461090,,,,-0.393663,0.777438,-2.066472,,,,,,
71941,,,,,,,,,,,,,,,0.421895,0.440677,,,,,,,0.158905,0.004270,0.746030,8.330000,31.500000,17.150000
71942,,,,,,,,,,,,,69.533005,70.428703,,,,,,,,,,,,,,
71943,,,,,,,,,,,,,,,,,,,,-0.399409,0.766563,-2.066555,,,,,,
71946,,,,,,,,,,,,,,,,,,,,,,,0.158905,0.004270,1.152961,-11.690000,28.770000,23.730000
71951,,,,,,,,,,,,,,,0.376605,0.382420,,,,-0.404633,0.756259,-2.063372,-0.006344,0.018422,1.152961,-24.850000,3.080000,22.750000
71952,,,,,,,,,,,,,71.105156,72.406624,,,,,,,,,,,,,,
71961,,,,,,,,,,,,,,,0.337864,0.349900,,,,,,,-0.006344,0.018422,1.152961,18.830000,-66.570000,14.140000
71962,,,,,,,,,,,,,72.433037,73.528091,,,,,,,,,,,,,,
71966,,,,,,,,,,,,,,,,,,,,-0.410104,0.745924,-2.060111,,,,,,
71970,,,,,,,,,,,,,,,,,,,,,,,0.252296,-0.006283,0.828502,11.200000,-75.389999,16.379999
71971,,,,,,,,,,,,,,,0.303614,0.320991,,,,,,,,,,,,
71972,,,,,,,,,,,,,73.587212,74.508591,,,,,,,,,,,,,,
71976,,,,-0.454018,0.635621,-2.122630,1.344093,0.316199,,,,,,,,,,,,,,,,,,,,
71978,,,,,,,,,,,81.390968,81.712097,,,,,0.116912,0.013145,-0.062437,,,,,,,,,
71973,,,,,,,,,,,,,,,,,,,,-0.415443,0.735878,-2.056645,,,,,,
71982,,,,,,,,,,,,,74.475929,75.251183,0.459413,0.464611,,,,,,,,,,,,
71981,,,,,,,,,,,,,,,,,,,,-0.420997,0.725070,-2.053463,,,,,,
71984,,,,,,,,,,,,,,,,,,,,,,,0.252296,-0.006283,0.827709,3.150000,27.860001,11.760000
71992,,,,,,,,,,,,,75.718712,76.371010,0.425330,0.434081,,,,,,,,,,,,
71996,,,,,,,,,,,,,,,,,,,,,,,0.131638,0.015433,0.827709,-54.389999,49.910000,9.660000
71995,,,,,,,,,,,,,,,,,,,,-0.426616,0.714054,-2.050177,,,,,,
72002,,,,,,,,,,,,,77.083893,77.632736,0.386375,0.398156,,,,,,,0.131638,0.015433,0.827709,-4.830000,44.799999,1.260000
72004,,,,,,,,,,,,,,,,,,,,-0.432193,0.702482,-2.050159,,,,,,
72011,,,,,,,,,,,,,,,0.363010,0.377380,,,,,,,0.167750,0.009943,0.797636,-20.440001,14.420000,4.200000
72012,,,,,,,,,,,,,77.925140,78.386940,,,,,,-0.438205,0.690616,-2.047190,,,,,,
72020,,,,,,,,,,,,,,,,,,,,-0.444237,0.678799,-2.047199,0.167750,0.009943,0.797636,9.660000,-25.690001,1.750000
72021,,,,,,,,,,,,,,,0.322122,0.356179,,,,,,,,,,,,
72022,,,,,,,,,,,,,79.296494,79.135834,,,,,,,,,,,,,,
72026,,,,-0.492031,0.572890,-2.108895,1.428051,0.286882,,,,,,,,,,,,,,,,,,,,
72028,,,,,,,,,,,86.846870,86.463425,,,,,0.116787,0.006350,-0.060479,,,,,,,,,
72036,,,,,,,,,,,,,79.925812,80.179039,0.476975,0.475866,,,,,,,,,,,,
72035,,,,,,,,,,,,,,,,,,,,-0.450232,0.667107,-2.050374,,,,,,
72041,,,,,,,,,,,,,,,0.438523,0.438188,,,,,,,0.194712,-0.031293,0.908534,25.480000,-13.930000,1.610000
72042,,,,,,,,,,,,,81.308342,81.521408,,,,,,-0.456395,0.655366,-2.046989,,,,,,
72046,,,,,,,,,,,,,,,,,,,,,,,0.062525,-0.031293,0.908534,21.700001,-5.600000,6.020000
72051,,,,,,,,,,,,,,,,,,,,-0.462650,0.643688,-2.046938,0.062525,-0.031293,0.908534,21.980000,-16.799999,7.980000
72052,,,,,,,,,,,,,82.609283,82.788559,0.401572,0.401839,,,,,,,,,,,,
72061,,,,,,,,,,,,,,,0.349019,0.367228,,,,,,,0.177632,0.034343,0.949587,-19.809999,-62.650002,4.060000
72059,,,,,,,,,,,,,,,,,,,,-0.468516,0.631677,-2.043627,,,,,,
72062,,,,,,,,,,,,,84.369125,83.969536,,,,,,,,,,,,,,
72070,,,,,,,,,,,,,,,,,,,,,,,0.177632,0.034343,0.949587,-35.139999,-20.719999,2.030000
72071,,,,,,,,,,,,,85.254723,84.918503,0.322846,0.339055,,,,,,,,,,,,
72076,,,,-0.531046,0.506551,-2.096203,1.504592,0.263440,,,,,,,,,,,,,,,,,,,,
72078,,,,,,,,,,,91.679260,91.012177,,,,,0.138511,0.001438,-0.051899,,,,,,,,,
72074,,,,,,,,,,,,,,,,,,,,-0.474501,0.619441,-2.043578,,,,,,
72081,,,,,,,,,,,,,,,0.472622,0.478109,,,,,,,,,,,,
72082,,,,,,,,,,,,,85.401566,85.118668,,,,,,-0.481042,0.606717,-2.047087,,,,,,
72084,,,,,,,,,,,,,,,,,,,,,,,0.092354,-0.003111,0.618845,0.560000,70.349998,-4.340000
72092,,,,,,,,,,,,,86.540039,85.795692,0.441477,0.461296,,,,,,,,,,,,
72097,,,,,,,,,,,,,,,,,,,,-0.487485,0.593947,-2.043844,0.092354,-0.031415,1.090558,-5.600000,59.009998,-7.210000
72101,,,,,,,,,,,,,,,0.406954,0.442044,,,,,,,,,,,,
72102,,,,,,,,,,,,,87.756691,86.532722,,,,,,,,,0.090951,-0.031415,1.090558,-19.950001,24.360001,-9.800000
72105,,,,,,,,,,,,,,,,,,,,-0.494102,0.580783,-2.047284,,,,,,
72111,,,,,,,,,,,,,,,0.364498,0.393872,,,,,,,0.090951,-0.031415,1.090558,-10.990000,-43.049999,-15.260000
72112,,,,,,,,,,,,,89.193161,88.163315,,,,,,,,,,,,,,
72113,,,,,,,,,,,,,,,,,,,,-0.500361,0.567566,-2.047289,,,,,,
72120,,,,,,,,,,,,,,,,,,,,,,,0.156953,-0.000305,0.879437,-23.309999,-90.370003,-10.640000
72121,,,,,,,,,,,,,,,0.345050,0.352122,,,,-0.506780,0.554963,-2.050429,,,,,,
72122,,,,,,,,,,,,,89.868347,89.550774,,,,,,,,,,,,,,
72126,,,,-0.570800,0.437018,-2.084328,1.572269,0.244957,,,,,,,,,,,,,,,,,,,,
72128,,,,,,,,,,,95.737778,95.314667,,,,,0.135064,-0.002309,-0.034157,,,,,,,,,
72132,,,,,,,,,,,,,90.319351,90.052147,0.460697,0.473638,,,,,,,,,,,,
72133,,,,,,,,,,,,,,,,,,,,,,,0.156953,-0.000305,0.879437,-7.630000,-24.709999,1.890000
72136,,,,,,,,,,,,,,,,,,,,-0.512804,0.542736,-2.053267,,,,,,
72140,,,,,,,,,,,,,,,,,,,,,,,0.095770,-0.049471,0.786778,-30.660000,28.070000,-6.370000
72141,,,,,,,,,,,,,,,0.428454,0.457440,,,,,,,,,,,,
72142,,,,,,,,,,,,,91.472519,90.694916,,,,,,,,,,,,,,
72152,,,,,,,,,,,,,92.471397,91.817123,0.400186,0.425546,,,,,,,,,,,,
72145,,,,,,,,,,,,,,,,,,,,-0.519575,0.529242,-2.049708,,,,,,
72153,,,,,,,,,,,,,,,,,,,,-0.526646,0.515501,-2.053572,,,,,,
72157,,,,,,,,,,,,,,,,,,,,,,,0.119438,-0.042395,0.687409,3.080000,38.919998,-1.820000
72162,,,,,,,,,,,,,92.866539,92.316032,0.390253,0.412509,,,,,,,,,,,,
72163,,,,,,,,,,,,,,,,,,,,,,,0.119438,-0.042395,0.687409,3.010000,31.570000,-4.060000
72161,,,,,,,,,,,,,,,,,,,,-0.533551,0.502012,-2.053457,,,,,,
72170,,,,,,,,,,,,,,,,,,,,,,,0.119438,-0.042395,0.687409,30.520000,31.010000,1.190000
72171,,,,,,,,,,,,,,,0.368593,0.388184,,,,,,,,,,,,
72172,,,,,,,,,,,,,93.622009,93.158813,,,,,,,,,,,,,,
72176,,,,-0.611012,0.364761,-2.073067,1.629778,0.230744,,,,,,,,,,,,,,,,,,,,
72178,,,,,,,,,,,99.129211,98.993294,,,,,0.156131,-0.004820,-0.019509,,,,,,,,,
72175,,,,,,,,,,,,,,,,,,,,-0.540917,0.487967,-2.053565,,,,,,
72181,,,,,,,,,,,,,,,0.462365,0.471428,,,,,,,,,,,,
72182,,,,,,,,,,,,,94.100456,94.258110,,,,,,,,,,,,,,
72184,,,,,,,,,,,,,,,,,,,,,,,0.124562,-0.072895,1.086593,16.030001,3.710000,2.240000
72183,,,,,,,,,,,,,,,,,,,,-0.548041,0.474468,-2.053643,,,,,,
72193,,,,,,,,,,,,,94.955681,94.595222,0.439289,0.464514,,,,,,,,,,,,
72191,,,,,,,,,,,,,,,,,,,,-0.555228,0.460629,-2.053711,,,,,,
72198,,,,,,,,,,,,,,,,,,,,,,,0.124562,-0.023485,0.806176,16.940001,-42.000000,3.920000
72199,,,,,,,,,,,,,,,,,,,,-0.562207,0.447282,-2.050439,,,,,,
72202,,,,,,,,,,,,,95.949814,96.263985,0.411140,0.415196,,,,,,,,,,,,
72203,,,,,,,,,,,,,,,,,,,,,,,0.058987,-0.023485,0.806176,-44.520000,-47.529999,8.260000
72210,,,,,,,,,,,,,,,,,,,,,,,0.105042,0.029097,0.852780,7.490000,19.530001,1.820000
72211,,,,,,,,,,,,,,,0.373569,0.396232,,,,,,,,,,,,
72212,,,,,,,,,,,,,97.216820,96.931671,,,,,,,,,,,,,,
72214,,,,,,,,,,,,,,,,,,,,-0.569112,0.433370,-2.050370,,,,,,
72220,,,,,,,,,,,,,,,,,,,,,,,0.105042,0.029097,0.852780,11.060000,63.770000,0.910000
72221,,,,,,,,,,,,,97.662949,97.423027,0.360968,0.382318,,,,,,,,,,,,
72222,,,,,,,,,,,,,,,,,,,,-0.576689,0.418752,-2.053722,,,,,,
72226,,,,-0.651384,0.290298,-2.062244,1.675998,0.220283,,,,,,,,,,,,,,,,,,,,
72228,,,,,,,,,,,101.818970,101.951195,,,,,0.149470,-0.006426,-0.008341,,,,,,,,,
72229,,,,,,,,,,,,,,,,,,,,-0.584201,0.404136,-2.047327,,,,,,
72232,,,,,,,,,,,,,97.857132,97.655258,0.440993,0.469698,,,,,,,,,,,,
72234,,,,,,,,,,,,,,,,,,,,,,,0.081496,0.004636,0.843508,25.830000,34.720001,3.570000
72240,,,,,,,,,,,,,,,,,,,,,,,0.081496,0.004636,0.843508,31.150000,39.480000,5.110000
72241,,,,,,,,,,,,,,,0.441568,0.451909,,,,,,,,,,,,
72242,,,,,,,,,,,,,97.938339,98.325676,,,,,,,,,,,,,,
72252,,,,,,,,,,,,,98.835945,99.161850,0.416266,0.428347,,,,-0.599319,0.375387,-2.047200,,,,,,
72244,,,,,,,,,,,,,,,,,,,,-0.591883,0.389347,-2.050570,,,,,,
72258,,,,,,,,,,,,,,,,,,,,,,,-0.002928,-0.043920,1.103551,2.310000,-24.430000,12.600000
72261,,,,,,,,,,,,,,,0.375487,0.407007,,,,,,,,,,,,
72262,,,,,,,,,,,,,100.200600,99.906815,,,,,,,,,,,,,,
72259,,,,,,,,,,,,,,,,,,,,-0.606741,0.361191,-2.044006,,,,,,
72263,,,,,,,,,,,,,,,,,,,,,,,-0.002928,-0.043920,1.103551,-31.639999,-52.779999,13.230000
72270,,,,,,,,,,,,,,,,,,,,,,,0.125782,0.054412,0.653493,-6.020000,-73.919998,9.520000
72271,,,,,,,,,,,,,,,0.358763,0.389147,,,,,,,,,,,,
72272,,,,,,,,,,,,,100.770172,100.522980,,,,,,,,,,,,,,
72276,,,,-0.691604,0.214188,-2.051694,1.710022,0.213205,,,,,,,,,,,,,,,,,,,,
72278,,,,,,,,,,,103.971359,103.942017,,,,,0.168120,-0.008337,-0.006655,,,,,,,,,
72274,,,,,,,,,,,,,,,,,,,,-0.613681,0.346922,-2.044005,,,,,,
72281,,,,,,,,,,,,,100.692688,101.033134,0.430017,0.437024,,,,,,,,,,,,
72283,,,,,,,,,,,,,,,,,,,,,,,0.125782,0.054412,0.653493,-2.310000,-6.230000,6.790000
72282,,,,,,,,,,,,,,,,,,,,-0.621059,0.332422,-2.043946,,,,,,
72290,,,,,,,,,,,,,,,,,,,,-0.628391,0.317707,-2.040773,-0.008235,0.036478,1.089948,-17.639999,15.960000,11.410000
72292,,,,,,,,,,,,,101.119781,101.406227,0.419127,0.427547,,,,,,,,,,,,
72300,,,,,,,,,,,,,,,,,,,,,,,-0.008235,0.036478,1.089948,-8.050000,1.470000,11.970000
72301,,,,,,,,,,,,,101.591820,101.832832,0.406478,0.416082,,,,,,,,,,,,
72312,,,,,,,,,,,,,101.975815,102.178604,0.396236,0.406833,,,,,,,,,,,,
72305,,,,,,,,,,,,,,,,,,,,-0.635647,0.303144,-2.037389,,,,,,
72313,,,,,,,,,,,,,,,,,,,,-0.643073,0.287965,-2.037457,,,,,,
72318,,,,,,,,,,,,,,,,,,,,,,,0.039223,0.010980,0.790499,3.150000,-39.689999,-0.840000
72322,,,,,,,,,,,,,102.128036,102.298660,0.393012,0.404441,,,,,,,,,,,,
72323,,,,,,,,,,,,,,,,,,,,,,,0.039223,0.012078,0.894626,-0.910000,-34.650002,3.430000
72321,,,,,,,,,,,,,,,,,,,,-0.650252,0.273481,-2.034099,,,,,,
72326,,,,-0.731358,0.137014,-2.041268,1.731178,0.209259,,,,,,,,,,,,,,,,,,,,
72328,,,,,,,,,,,105.414810,105.068504,,,,,0.159378,-0.011353,-0.006398,,,,,,,,,
72332,,,,,,,,,,,,,102.828255,102.426727,0.417933,0.437265,,,,,,,,,,,,
72333,,,,,,,,,,,,,,,,,,,,,,,0.062708,0.012078,0.894626,15.820000,30.379999,3.080000
72336,,,,,,,,,,,,,,,,,,,,-0.657254,0.259100,-2.037095,,,,,,
72340,,,,,,,,,,,,,,,,,,,,,,,0.062708,0.012078,0.894626,9.660000,76.019997,-5.740000
72341,,,,,,,,,,,,,,,0.412845,0.430209,,,,,,,,,,,,
72342,,,,,,,,,,,,,103.054390,102.716545,,,,,,,,,,,,,,
72344,,,,,,,,,,,,,,,,,,,,-0.664974,0.243687,-2.040262,,,,,,
72350,,,,,,,,,,,,,,,,,,,,,,,0.021777,-0.030683,0.843630,-7.140000,52.430000,-3.780000
72351,,,,,,,,,,,,,103.169693,102.885429,0.411077,0.426742,,,,,,,,,,,,
72352,,,,,,,,,,,,,,,,,,,,-0.672338,0.228678,-2.043681,,,,,,
72361,,,,,,,,,,,,,,,0.393493,0.407685,,,,-0.679732,0.213373,-2.046984,0.021777,-0.030683,0.948794,3.360000,17.150000,-1.750000
72362,,,,,,,,,,,,,103.782867,103.543694,,,,,,,,,,,,,,
72372,,,,,,,,,,,,,103.592484,103.933563,0.400802,0.396582,,,,,,,,,,,,
72376,,,,-0.770332,0.059378,-2.030814,1.739054,0.208301,,,,,,,,,,,,,,,,,,,,
72378,,,,,,,,,,,105.327919,106.098145,,,,,0.176923,-0.010128,0.014869,,,,,,,,,
72375,,,,,,,,,,,,,,,,,,,,-0.687461,0.198024,-2.043862,,,,,,
72382,,,,,,,,,,,,,104.026367,103.802338,0.385797,0.434140,,,,,,,0.043310,-0.012444,0.948794,13.930000,-29.330000,-3.150000
72383,,,,,,,,,,,,,,,,,,,,-0.694995,0.182898,-2.046920,,,,,,
72388,,,,,,,,,,,,,,,,,,,,,,,0.018727,-0.031476,0.845033,-20.650000,-40.320000,-2.730000
72392,,,,,,,,,,,,,104.833801,104.048546,0.361332,0.428189,,,,,,,,,,,,
72393,,,,,,,,,,,,,,,,,,,,,,,0.018727,-0.031476,0.845033,30.940001,-42.910000,-0.840000
72391,,,,,,,,,,,,,,,,,,,,-0.702352,0.167707,-2.050282,,,,,,
72400,,,,,,,,,,,,,,,,,,,,,,,-0.045262,-0.040382,0.998265,10.850000,-50.540001,-4.970000
72401,,,,,,,,,,,,,104.725136,105.165627,0.365156,0.394540,,,,,,,,,,,,
72412,,,,,,,,,,,,,104.636742,105.007370,0.368427,0.400279,,,,,,,,,,,,
72405,,,,,,,,,,,,,,,,,,,,-0.709903,0.153000,-2.046801,,,,,,
72414,,,,,,,,,,,,,,,,,,,,-0.717437,0.138172,-2.049898,,,,,,
72418,,,,,,,,,,,,,,,,,,,,,,,-0.045262,-0.051301,1.077077,23.730000,-15.330000,19.530001
72421,,,,,,,,,,,,,,,0.376699,0.391600,,,,,,,,,,,,
72422,,,,,,,,,,,,,104.392174,105.309608,,,,,,-0.725149,0.123380,-2.053134,,,,,,
72423,,,,,,,,,,,,,,,,,,,,,,,-0.028792,-0.051301,1.077077,22.540001,-9.240000,21.629999
72426,,,,-0.808219,-0.018114,-2.020189,1.733504,0.210287,,,,,,,,,,,,,,,,,,,,
72428,,,,,,,,,,,104.451515,106.215302,,,,,0.164971,-0.008138,0.031563,,,,,,,,,
72432,,,,,,,,,,,,,104.306923,105.078850,0.352459,0.403223,,,,,,,,,,,,
72430,,,,,,,,,,,,,,,,,,,,-0.732534,0.109023,-2.058148,,,,,,
72433,,,,,,,,,,,,,,,,,,,,,,,-0.028792,-0.051301,1.077077,-4.200000,1.050000,23.590000
72440,,,,,,,,,,,,,,,,,,,,,,,-0.022265,0.019337,0.725534,-20.719999,32.900002,19.110001
72441,,,,,,,,,,,,,104.253479,105.452637,0.354262,0.392318,,,,,,,,,,,,
72444,,,,,,,,,,,,,,,,,,,,-0.739961,0.093852,-2.071148,,,,,,
72451,,,,,,,,,,,,,,,0.375580,0.402811,,,,,,,-0.022265,0.019337,0.725534,-35.139999,27.440001,21.840000
72452,,,,,,,,,,,,,103.583595,105.139626,,,,,,,,,,,,,,
72453,,,,,,,,,,,,,,,,,,,,-0.747047,0.078365,-2.070881,,,,,,
72461,,,,,,,,,,,,,,,0.393418,0.411307,,,,-0.754546,0.062901,-2.067705,-0.035075,0.079239,1.015711,2.800000,22.120001,24.920000
72462,,,,,,,,,,,,,103.040703,104.897720,,,,,,,,,,,,,,
72472,,,,,,,,,,,,,103.369217,105.469482,0.384161,0.394293,,,,,,,,,,,,
72476,,,,-0.844725,-0.094866,-2.009237,1.714656,0.215264,,,,,,,,,,,,,,,,,,,,
72478,,,,,,,,,,,102.460930,105.703705,,,,,0.180186,-0.004531,0.055392,,,,,,,,,
72475,,,,,,,,,,,,,,,,,,,,-0.761613,0.047912,-2.069064,,,,,,
72482,,,,,,,,,,,,,103.596390,105.363556,0.314957,0.382074,,,,,,,-0.054656,0.023241,0.920429,-0.700000,4.410000,26.600000
72483,,,,,,,,,,,,,,,,,,,,-0.768919,0.032372,-2.055935,,,,,,
72487,,,,,,,,,,,,,,,,,,,,,,,-0.054656,0.023241,0.920429,3.150000,-2.100000,32.619999
72492,,,,,,,,,,,,,103.246605,105.269516,0.325108,0.385316,,,,,,,-0.054656,0.023241,0.886818,7.000000,-8.960000,35.700001
72491,,,,,,,,,,,,,,,,,,,,-0.776018,0.017276,-2.053047,,,,,,
72500,,,,,,,,,,,,,,,,,,,,,,,-0.018971,0.057340,0.886818,13.510000,-24.709999,32.549999
72501,,,,,,,,,,,,,,,0.361423,0.395780,,,,,,,,,,,,
72502,,,,,,,,,,,,,102.077484,104.949234,,,,,,,,,,,,,,
72499,,,,,,,,,,,,,,,,,,,,-0.783097,0.002079,-2.049704,,,,,,
72510,,,,,,,,,,,,,,,,,,,,,,,-0.018971,0.057340,0.886818,38.849998,-20.930000,38.009998
72511,,,,,,,,,,,,,,,0.370980,0.402703,,,,,,,,,,,,
72512,,,,,,,,,,,,,101.784653,104.749100,,,,,,,,,,,,,,
72513,,,,,,,,,,,,,,,,,,,,-0.790278,-0.013197,-2.039755,,,,,,
72521,,,,,,,,,,,,,,,0.379049,0.391191,,,,-0.797454,-0.028243,-2.033592,-0.064416,0.060390,0.850645,2.310000,16.730000,52.220001
72522,,,,,,,,,,,,,101.546272,105.137428,,,,,,,,,,,,,,
72526,,,,-0.879575,-0.170299,-1.997794,1.682905,0.223377,,,,,,,,,,,,,,,,,,,,
72528,,,,,,,,,,,101.332802,103.159554,,,,,0.164967,-0.009822,0.035424,,,,,,,,,
72536,,,,,,,,,,,,,101.848808,105.261070,0.334559,0.307295,,,,-0.804599,-0.044098,-2.017083,,,,,,
72540,,,,,,,,,,,,,,,,,,,,,,,-0.103639,0.131760,0.980453,2.310000,48.439999,61.740002
72541,,,,,,,,,,,,,,,0.348370,0.336962,,,,,,,,,,,,
72542,,,,,,,,,,,,,101.399109,104.270187,,,,,,,,,,,,,,
72546,,,,,,,,,,,,,,,,,,,,,,,-0.103639,0.131760,0.980453,19.950001,34.860001,54.599998
72544,,,,,,,,,,,,,,,,,,,,-0.811130,-0.059571,-2.014013,,,,,,
72551,,,,,,,,,,,,,,,0.370873,0.355680,,,,,,,-0.052277,0.132858,1.049505,5.040000,26.950001,50.049999
72552,,,,,,,,,,,,,100.685814,103.650421,,,,,,,,,,,,,,
72553,,,,,,,,,,,,,,,,,,,,-0.817903,-0.075185,-2.001278,,,,,,
72561,,,,,,,,,,,,,,,,,,,,-0.824291,-0.090624,-1.998094,-0.052277,0.132858,1.049505,-4.480000,21.350000,46.759998
72562,,,,,,,,,,,,,100.570610,102.518356,0.375029,0.391089,,,,,,,,,,,,
72572,,,,,,,,,,,,,100.416168,102.581535,0.380517,0.389599,,,,,,,,,,,,
72576,,,,-0.912520,-0.243865,-1.985687,1.638905,0.234873,,,,,,,,,,,,,,,,,,,,
72578,,,,,,,,,,,99.482239,99.773827,,,,,0.174839,-0.016286,0.013555,,,,,,,,,
72575,,,,,,,,,,,,,,,,,,,,-0.830625,-0.106134,-1.995032,,,,,,
72581,,,,,,,,,,,,,,,,,,,,,,,-0.074359,0.095526,0.523624,17.639999,36.959999,11.690000
72582,,,,,,,,,,,,,100.541946,102.917389,0.318700,0.272231,,,,,,,,,,,,
72583,,,,,,,,,,,,,,,,,,,,-0.837067,-0.121721,-1.985115,,,,,,
72587,,,,,,,,,,,,,,,,,,,,,,,-0.074359,0.162443,0.979233,-44.660000,25.549999,6.440000
72592,,,,,,,,,,,,,100.198936,102.197632,0.328723,0.292532,,,,,,,-0.105103,0.162443,0.979233,-24.360001,15.960000,0.490000
72591,,,,,,,,,,,,,,,,,,,,-0.842760,-0.137825,-1.963931,,,,,,
72600,,,,,,,,,,,,,,,,,,,,-0.848406,-0.152706,-1.991948,-0.105103,0.162443,0.979233,-13.860000,15.120000,-4.550000
72602,,,,,,,,,,,,,99.723816,100.263565,0.343200,0.351858,,,,,,,,,,,,
72611,,,,,,,,,,,,,,,,,,,,,,,-0.114436,0.017141,0.922869,27.719999,30.100000,-22.750000
72612,,,,,,,,,,,,,98.922585,99.376732,0.368382,0.379553,,,,,,,,,,,,
72614,,,,,,,,,,,,,,,,,,,,-0.854478,-0.168067,-1.991974,,,,,,
72621,,,,,,,,,,,,,99.163795,98.996597,0.361187,0.391906,,,,,,,-0.114436,0.017141,0.922869,32.340000,57.400002,-32.340000
72622,,,,,,,,,,,,,,,,,,,,-0.860373,-0.182935,-1.998779,,,,,,
72626,,,,-0.943338,-0.315058,-1.972713,1.583548,0.250115,,,,,,,,,,,,,,,,,,,,
72628,,,,,,,,,,,95.935532,96.538612,,,,,0.156006,-0.020133,0.026212,,,,,,,,,
72636,,,,,,,,,,,,,99.521088,99.380409,0.237549,0.277711,,,,,,,,,,,,
72637,,,,,,,,,,,,,,,,,,,,-0.866293,-0.198355,-2.002202,,,,,,
72640,,,,,,,,,,,,,,,,,,,,,,,-0.214598,-0.047397,0.709552,11.830000,55.299999,-30.940001
72641,,,,,,,,,,,,,,,0.274712,0.314754,,,,,,,,,,,,
72642,,,,,,,,,,,,,98.260765,98.142395,,,,,,,,,,,,,,
72646,,,,,,,,,,,,,,,,,,,,,,,-0.081496,-0.063013,0.811178,16.309999,52.570000,-20.020000
72645,,,,,,,,,,,,,,,,,,,,-0.872177,-0.213656,-2.012101,,,,,,
72651,,,,,,,,,,,,,97.524773,96.875244,0.296230,0.353703,,,,,,,-0.081496,-0.063013,0.811178,-26.040001,18.270000,-14.420000
72653,,,,,,,,,,,,,,,,,,,,-0.878004,-0.228556,-2.012240,,,,,,
72661,,,,,,,,,,,,,,,,,,,,-0.884206,-0.243693,-2.015570,-0.081496,-0.063013,0.811178,18.410000,33.389999,6.790000
72662,,,,,,,,,,,,,96.810158,96.810043,0.317653,0.355506,,,,,,,,,,,,
72670,,,,,,,,,,,,,,,,,,,,,,,-0.313296,-0.071187,1.002840,15.400000,22.330000,18.480000
72671,,,,,,,,,,,,,,,0.333731,0.372061,,,,,,,,,,,,
72672,,,,,,,,,,,,,96.281776,96.281677,,,,,,,,,,,,,,
72669,,,,,,,,,,,,,,,,,,,,-0.890295,-0.259027,-2.005373,,,,,,
72676,,,,-0.971843,-0.383420,-1.958644,1.517941,0.269605,,,,,,,,,,,,,,,,,,,,
72678,,,,,,,,,,,91.452530,92.913589,,,,,0.147469,-0.021268,0.046163,,,,,,,,,
72681,,,,,,,,,,,,,,,0.206700,0.255433,,,,,,,,,,,,
72682,,,,,,,,,,,,,95.783569,96.330605,,,,,,,,,,,,,,
72683,,,,,,,,,,,,,,,,,,,,,,,-0.221125,-0.047885,0.723948,13.020000,-30.100000,24.709999
72693,,,,,,,,,,,,,94.500160,95.953857,0.244092,0.264712,,,,,,,,,,,,
72684,,,,,,,,,,,,,,,,,,,,-0.896375,-0.273472,-1.998611,,,,,,
72692,,,,,,,,,,,,,,,,,,,,-0.902131,-0.287292,-1.995237,,,,,,
72698,,,,,,,,,,,,,,,,,,,,,,,-0.221125,-0.047885,0.723948,-9.310000,-50.189999,39.689999
72702,,,,,,,,,,,,,92.973038,94.808029,0.290250,0.298749,,,,,,,,,,,,
72703,,,,,,,,,,,,,,,,,,,,,,,-0.251259,0.048007,0.782569,-2.310000,-5.950000,42.840000
72700,,,,,,,,,,,,,,,,,,,,-0.907637,-0.301273,-1.988829,,,,,,
72710,,,,,,,,,,,,,,,,,,,,,,,-0.251259,0.048007,0.782569,30.870001,28.420000,51.310001
72711,,,,,,,,,,,,,,,0.338550,0.321054,,,,,,,,,,,,
72712,,,,,,,,,,,,,91.416557,94.059608,,,,,,,,,,,,,,
72715,,,,,,,,,,,,,,,,,,,,-0.913298,-0.314796,-1.989008,,,,,,
72721,,,,,,,,,,,,,,,0.346965,0.341866,,,,,,,-0.407053,0.076189,0.585234,-33.810001,45.500000,47.389999
72722,,,,,,,,,,,,,91.152870,93.376732,,,,,,,,,,,,,,
72726,,,,-0.997882,-0.448551,-1.943217,1.443371,0.294004,,,,,,,,,,,,,,,,,,,,
72728,,,,,,,,,,,86.952187,88.367599,,,,,0.155286,-0.022849,0.045275,,,,,,,,,
72723,,,,,,,,,,,,,,,,,,,,-0.918868,-0.329520,-1.975671,,,,,,
72736,,,,,,,,,,,,,90.979836,93.217239,0.209369,0.201741,,,,,,,,,,,,
72732,,,,,,,,,,,,,,,,,,,,-0.924082,-0.343194,-1.962137,,,,,,
72741,,,,,,,,,,,,,,,,,,,,,,,-0.407053,0.076189,0.632692,21.350000,-17.080000,38.220001
72742,,,,,,,,,,,,,91.270645,92.101753,0.196925,0.233447,,,,,,,,,,,,
72740,,,,,,,,,,,,,,,,,,,,-0.928993,-0.356718,-1.955573,,,,,,
72747,,,,,,,,,,,,,,,,,,,,,,,-0.170861,0.095343,0.632692,15.120000,-22.750000,35.349998
72752,,,,,,,,,,,,,88.940659,90.696091,0.267739,0.275277,,,,,,,-0.170861,0.095343,0.632692,-2.520000,-25.480000,26.950001
72755,,,,,,,,,,,,,,,,,,,,-0.934028,-0.369985,-1.949064,,,,,,
72761,,,,,,,,,,,,,,,0.327908,0.307131,,,,,,,-0.195688,0.073688,1.038891,16.100000,8.120000,-1.960000
72762,,,,,,,,,,,,,87.002571,89.638443,,,,,,,,,,,,,,
72764,,,,,,,,,,,,,,,,,,,,-0.938872,-0.383081,-1.952491,,,,,,
72770,,,,,,,,,,,,,,,,,,,,,,,-0.195688,0.073688,1.038891,-16.660000,56.419998,5.460000
72771,,,,,,,,,,,,,,,0.347837,0.356897,,,,,,,,,,,,
72772,,,,,,,,,,,,,86.375725,88.044724,,,,,,-0.943533,-0.395965,-1.962592,,,,,,
72776,,,,-1.021345,-0.510114,-1.926112,1.361275,0.324177,,,,,,,,,,,,,,,,,,,,
72778,,,,,,,,,,,82.256256,83.143860,,,,,0.136372,-0.027846,0.037257,,,,,,,,,
72782,,,,,,,,,,,,,86.397125,87.801422,0.197686,0.198123,,,,,,,,,,,,
72780,,,,,,,,,,,,,,,,,,,,-0.948177,-0.409177,-1.959042,,,,,,
72784,,,,,,,,,,,,,,,,,,,,,,,-0.256871,0.041846,0.418826,9.590000,21.209999,9.030000
72792,,,,,,,,,,,,,85.565353,86.746933,0.220987,0.228129,,,,,,,,,,,,
72797,,,,,,,,,,,,,,,,,,,,,,,-0.251625,0.026718,0.922381,-19.110001,-72.870003,2.100000
72796,,,,,,,,,,,,,,,,,,,,-0.952982,-0.422890,-1.948678,,,,,,
72801,,,,,,,,,,,,,,,0.257754,0.270650,,,,,,,,,,,,
72802,,,,,,,,,,,,,84.332420,85.326599,,,,,,,,,-0.251625,0.026718,0.922381,-1.960000,-48.439999,-5.250000
72804,,,,,,,,,,,,,,,,,,,,-0.957161,-0.435268,-1.948869,,,,,,
72810,,,,,,,,,,,,,,,,,,,,,,,-0.251625,0.026718,0.922381,-10.290000,-7.840000,3.850000
72811,,,,,,,,,,,,,,,0.298210,0.298555,,,,,,,,,,,,
72812,,,,,,,,,,,,,83.014404,84.398956,,,,,,-0.961283,-0.447767,-1.945459,,,,,,
72820,,,,,,,,,,,,,,,,,,,,-0.965362,-0.460342,-1.938285,-0.365939,0.018605,0.660142,12.670000,43.049999,2.730000
72821,,,,,,,,,,,,,,,0.315567,0.322533,,,,,,,,,,,,
72822,,,,,,,,,,,,,82.452209,83.617165,,,,,,,,,,,,,,
72826,,,,-1.042158,-0.567840,-1.906953,1.273200,0.361238,,,,,,,,,,,,,,,,,,,,
72828,,,,,,,,,,,77.053795,77.670815,,,,,0.128014,-0.032539,0.032458,,,,,,,,,
72832,,,,,,,,,,,,,81.986794,82.966988,0.163715,0.167690,,,,,,,,,,,,
72833,,,,,,,,,,,,,,,,,,,,,,,-0.208559,-0.020191,0.815692,26.459999,28.559999,8.190000
72835,,,,,,,,,,,,,,,,,,,,-0.969113,-0.472586,-1.955068,,,,,,
72840,,,,,,,,,,,,,,,,,,,,,,,-0.208559,-0.020191,0.815692,9.170000,-1.190000,9.730000
72841,,,,,,,,,,,,,81.079750,81.354660,0.188878,0.215152,,,,,,,,,,,,
72843,,,,,,,,,,,,,,,,,,,,-0.974134,-0.485467,-1.930027,,,,,,
72852,,,,,,,,,,,,,78.720749,79.477066,0.261247,0.272375,,,,,,,,,,,,
72851,,,,,,,,,,,,,,,,,,,,-0.978657,-0.497676,-1.909784,,,,,,
72857,,,,,,,,,,,,,,,,,,,,,,,-0.183366,-0.005368,0.763720,0.700000,25.690001,-8.470000
72861,,,,,,,,,,,,,,,0.293093,0.307953,,,,,,,,,,,,
72862,,,,,,,,,,,,,77.685234,78.321602,,,,,,,,,-0.183366,-0.005368,0.763720,-14.210000,46.340000,0.420000
72866,,,,,,,,,,,,,,,,,,,,-0.982868,-0.509932,-1.906902,,,,,,
72870,,,,,,,,,,,,,,,,,,,,,,,-0.453840,0.012261,0.676429,-22.120001,-18.480000,2.730000
72871,,,,,,,,,,,,,,,0.300809,0.318885,,,,,,,,,,,,
72872,,,,,,,,,,,,,77.428749,77.964188,,,,,,,,,,,,,,
72876,,,,-1.060289,-0.621526,-1.885282,1.180758,0.406618,,,,,,,,,,,,,,,,,,,,
72878,,,,,,,,,,,71.545799,71.982224,,,,,0.130024,-0.035822,0.023901,,,,,,,,,
72874,,,,,,,,,,,,,,,,,,,,-0.986569,-0.521477,-1.913239,,,,,,
72881,,,,,,,,,,,,,,,0.130987,0.128476,,,,,,,,,,,,
72882,,,,,,,,,,,,,77.200806,78.199150,,,,,,-0.990253,-0.532274,-1.917109,,,,,,
72884,,,,,,,,,,,,,,,,,,,,,,,-0.453840,0.012261,0.676429,25.900000,-65.169998,13.580000
72892,,,,,,,,,,,,,75.897629,76.737633,0.168379,0.170510,,,,,,,,,,,,
72890,,,,,,,,,,,,,,,,,,,,-0.994005,-0.543265,-1.910277,,,,,,
72898,,,,,,,,,,,,,,,,,,,,,,,-0.162321,-0.015494,0.757132,17.639999,-72.379997,14.560000
72901,,,,,,,,,,,,,,,0.235676,0.223196,,,,,,,,,,,,
72902,,,,,,,,,,,,,73.694778,74.980057,,,,,,,,,,,,,,
72903,,,,,,,,,,,,,,,,,,,,,,,-0.162321,-0.015494,0.757132,29.330000,-46.549999,3.220000
72905,,,,,,,,,,,,,,,,,,,,-0.997673,-0.553815,-1.913603,,,,,,
72910,,,,,,,,,,,,,,,,,,,,,,,-0.322873,0.007320,0.911340,1.540000,27.930000,-0.840000
72911,,,,,,,,,,,,,,,0.274851,0.268248,,,,,,,,,,,,
72912,,,,,,,,,,,,,72.421837,73.503273,,,,,,,,,,,,,,
72913,,,,,,,,,,,,,,,,,,,,-1.001309,-0.564313,-1.921243,,,,,,
72920,,,,,,,,,,,,,,,,,,,,,,,-0.322873,0.007320,0.911340,21.490000,60.340000,5.810000
72921,,,,,,,,,,,,,,,0.291197,0.307177,,,,-1.004813,-0.575095,-1.921511,,,,,,
72922,,,,,,,,,,,,,71.891228,72.253372,,,,,,,,,,,,,,
72926,,,,-1.075747,-0.671043,-1.860531,1.085595,0.462147,,,,,,,,,,,,,,,,,,,,
72928,,,,,,,,,,,64.854462,66.907845,,,,,0.115147,-0.033708,0.059643,,,,,,,,,
72932,,,,,,,,,,,,,71.898438,71.659851,0.075247,0.162687,,,,,,,,,,,,
72933,,,,,,,,,,,,,,,,,,,,,,,-0.267729,0.015616,0.690764,-1.540000,65.589996,-4.620000
72936,,,,,,,,,,,,,,,,,,,,-1.008715,-0.585959,-1.917767,,,,,,
72940,,,,,,,,,,,,,,,,,,,,,,,-0.267729,0.015616,0.690764,-4.760000,30.660000,-5.320000
72941,,,,,,,,,,,,,69.920334,70.828415,0.133406,0.185728,,,,,,,,,,,,
72944,,,,,,,,,,,,,,,,,,,,-1.012406,-0.597156,-1.907669,,,,,,
72952,,,,,,,,,,,,,67.497162,69.280769,0.207443,0.232477,,,,-1.016287,-0.607682,-1.914040,,,,,,
72958,,,,,,,,,,,,,,,,,,,,,,,-0.153415,0.017507,0.912621,6.930000,0.770000,33.459999
72962,,,,,,,,,,,,,66.243927,68.335396,0.245716,0.261051,,,,,,,,,,,,
72960,,,,,,,,,,,,,,,,,,,,-1.019601,-0.617748,-1.910757,,,,,,
72963,,,,,,,,,,,,,,,,,,,,,,,-0.153415,0.017507,0.898347,-28.910000,11.060000,33.810001
72970,,,,,,,,,,,,,,,,,,,,,,,-0.514108,0.004575,0.898347,-27.299999,0.420000,47.810001
72971,,,,,,,,,,,,,,,0.264377,0.272668,,,,,,,,,,,,
72972,,,,,,,,,,,,,65.630424,67.939781,,,,,,,,,,,,,,
72976,,,,-1.088576,-0.716327,-1.832010,0.989343,0.530155,,,,,,,,,,,,,,,,,,,,
72978,,,,,,,,,,,58.466675,61.467251,,,,,0.115139,-0.032258,0.077635,,,,,,,,,
72975,,,,,,,,,,,,,,,,,,,,-1.022899,-0.627905,-1.896688,,,,,,
72981,,,,,,,,,,,,,,,0.076037,0.091221,,,,,,,,,,,,
72982,,,,,,,,,,,,,65.058624,68.094734,,,,,,,,,,,,,,
72983,,,,,,,,,,,,,,,,,,,,-1.025963,-0.637166,-1.893529,-0.216855,0.064477,0.884683,0.980000,-13.300000,53.830002
72990,,,,,,,,,,,,,,,,,,,,-1.028640,-0.646369,-1.886848,-0.216855,0.064477,0.884683,-14.700000,-17.010000,51.939999
72991,,,,,,,,,,,,,,,0.120452,0.133435,,,,,,,,,,,,
72992,,,,,,,,,,,,,63.522388,66.625847,,,,,,,,,,,,,,
73000,,,,,,,,,,,,,,,,,,,,,,,-0.216855,0.064477,0.884683,3.920000,3.500000,33.250000
73001,,,,,,,,,,,,,,,0.194502,0.187988,,,,,,,,,,,,
73002,,,,,,,,,,,,,61.105026,64.810173,,,,,,,,,,,,,,
73012,,,,,,,,,,,,,59.517082,63.174812,0.243678,0.238144,,,,,,,,,,,,
73005,,,,,,,,,,,,,,,,,,,,-1.031664,-0.655851,-1.883293,,,,,,
73013,,,,,,,,,,,,,,,,,,,,-1.034562,-0.665563,-1.880008,,,,,,
73018,,,,,,,,,,,,,,,,,,,,,,,-0.226127,0.065514,0.918416,13.370000,110.529999,47.110001
73021,,,,,,,,,,,,,,,0.277729,0.272418,,,,,,,,,,,,
73022,,,,,,,,,,,,,58.436394,62.071255,,,,,,,,,,,,,,
73023,,,,,,,,,,,,,,,,,,,,,,,-0.463356,0.062159,0.972645,2.800000,80.010002,39.759998
73026,,,,-1.098856,-0.757382,-1.798853,0.893588,0.613596,,,,,,,,,,,,,,,,,,,,
73028,,,,,,,,,,,52.440590,55.860176,,,,,0.106994,-0.033278,0.080646,-1.037470,-0.675282,-1.862642,,,,,,
73031,,,,,,,,,,,,,,,0.062709,0.106828,,,,,,,,,,,,
73032,,,,,,,,,,,,,59.058170,61.567108,,,,,,,,,,,,,,
73033,,,,,,,,,,,,,,,,,,,,,,,-0.463356,0.062159,0.972645,-5.320000,-26.809999,38.290001
73036,,,,,,,,,,,,,,,,,,,,-1.040077,-0.684380,-1.865364,,,,,,
73040,,,,,,,,,,,,,,,,,,,,,,,-0.151524,0.083570,0.731878,-0.980000,-42.560001,36.470001
73041,,,,,,,,,,,,,,,0.112689,0.134983,,,,,,,,,,,,
73042,,,,,,,,,,,,,57.353451,60.559029,,,,,,,,,,,,,,
73044,,,,,,,,,,,,,,,,,,,,-1.042268,-0.692619,-1.858791,,,,,,
73050,,,,,,,,,,,,,,,,,,,,,,,-0.151524,0.083570,0.731878,4.130000,-61.880001,22.750000
73051,,,,,,,,,,,,,55.388306,59.182571,0.172423,0.175841,,,,,,,,,,,,
73052,,,,,,,,,,,,,,,,,,,,-1.044516,-0.700854,-1.858887,,,,,,
73061,,,,,,,,,,,,,54.276424,58.016968,0.206090,0.210953,,,,,,,-0.405406,0.068320,0.929518,2.940000,34.369999,37.029999
73059,,,,,,,,,,,,,,,,,,,,-1.046756,-0.709354,-1.855615,,,,,,
73072,,,,,,,,,,,,,53.217796,56.904346,0.238901,0.245261,,,,,,,,,,,,
73076,,,,-1.106701,-0.794271,-1.759999,0.799836,0.716166,,,,,,,,,,,,,,,,,,,,
73078,,,,,,,,,,,46.308163,50.512108,,,,,0.098317,-0.033688,0.094583,,,,,,,,,
73074,,,,,,,,,,,,,,,,,,,,-1.048876,-0.717874,-1.845127,,,,,,
73081,,,,,,,,,,,,,,,,,,,,,,,-0.317261,0.030195,0.956297,-4.340000,-33.740002,35.279999
73082,,,,,,,,,,,,,53.016449,56.667580,0.045840,0.078559,,,,-1.050870,-0.725558,-1.841902,,,,,,
73087,,,,,,,,,,,,,,,,,,,,,,,-0.317261,0.030195,0.956297,-6.230000,-39.970001,34.930000
73092,,,,,,,,,,,,,51.786568,55.371384,0.080506,0.115807,,,,,,,-0.317261,0.030195,0.956297,10.360000,-50.820000,39.130001
73090,,,,,,,,,,,,,,,,,,,,-1.052518,-0.733215,-1.841869,,,,,,
73100,,,,,,,,,,,,,,,,,,,,,,,-0.153964,0.070821,1.050054,-21.840000,-43.610001,35.630001
73101,,,,,,,,,,,,,50.129665,53.741970,0.129982,0.164873,,,,,,,,,,,,
73112,,,,,,,,,,,,,48.054497,52.696274,0.194315,0.196275,,,,-1.055900,-0.748423,-1.824719,,,,,,
73105,,,,,,,,,,,,,,,,,,,,-1.054164,-0.740681,-1.831806,,,,,,
73118,,,,,,,,,,,,,,,,,,,,,,,-0.456829,0.038308,0.805993,-21.700001,75.459999,51.799999
73122,,,,,,,,,,,,,47.166885,51.633633,0.221746,0.229042,,,,,,,,,,,,
73120,,,,,,,,,,,,,,,,,,,,-1.057406,-0.756132,-1.817786,,,,,,
73123,,,,,,,,,,,,,,,,,,,,,,,-0.456829,0.038308,0.805993,-9.660000,38.080002,66.430000
73125,,,,-1.112251,-0.827112,-1.714132,0.709485,0.842396,,,,,,,,,,,,,,,,,,,,
73128,,,,,,,,,,,40.469814,45.340202,,,,,0.082830,-0.035724,0.103060,,,,,,,,,
73132,,,,,,,,,,,,,47.344276,51.102596,0.025343,0.077128,,,,,,,,,,,,
73133,,,,,,,,,,,,,,,,,,,,,,,-0.456829,0.064477,0.949099,-8.960000,-55.720001,67.690002
73134,,,,,,,,,,,,,,,,,,,,-1.059062,-0.763505,-1.802974,,,,,,
73140,,,,,,,,,,,,,,,,,,,,,,,-0.317322,0.064477,0.949099,-8.470000,-80.570000,67.970001
73141,,,,,,,,,,,,,,,0.067982,0.104340,,,,,,,,,,,,
73142,,,,,,,,,,,,,45.868885,50.128117,,,,,,-1.060220,-0.769632,-1.796127,,,,,,
73150,,,,,,,,,,,,,,,,,,,,,,,-0.317322,0.064477,0.949099,7.910000,-57.820000,60.619999
73151,,,,,,,,,,,,,,,0.139708,0.144951,,,,-1.061558,-0.777019,-1.757277,,,,,,
73152,,,,,,,,,,,,,43.534485,48.765007,,,,,,,,,,,,,,
73160,,,,,,,,,,,,,,,,,,,,,,,-0.225578,0.071309,0.901458,-3.500000,21.000000,80.500000
73159,,,,,,,,,,,,,,,,,,,,-1.063040,-0.784246,-1.724772,,,,,,
73161,,,,,,,,,,,,,,,0.184124,0.180514,,,,,,,,,,,,
73162,,,,,,,,,,,,,42.095566,47.589657,,,,,,,,,,,,,,
73172,,,,,,,,,,,,,41.415173,46.582989,0.204989,0.211506,,,,,,,,,,,,
73176,,,,-1.115670,-0.856074,-1.659659,0.623805,0.997611,,,,,,,,,,,,,,,,,,,,
73178,,,,,,,,,,,35.427029,40.245579,,,,,0.078618,-0.040620,0.068613,,,,,,,,,
73174,,,,,,,,,,,,,,,,,,,,-1.063901,-0.790293,-1.731490,,,,,,
73181,,,,,,,,,,,,,,,0.056714,0.052150,,,,,,,-0.366610,0.071126,0.925248,1.750000,50.259998,90.089996
73182,,,,,,,,,,,,,40.896591,46.344765,,,,,,-1.064936,-0.796646,-1.726985,,,,,,
73186,,,,,,,,,,,,,,,,,,,,,,,-0.366610,0.071126,0.925248,10.780000,36.959999,85.470001
73191,,,,,,,,,,,,,,,,,,,,,,,-0.090646,0.112606,0.994422,5.740000,-3.080000,67.480003
73190,,,,,,,,,,,,,,,,,,,,-1.065711,-0.803096,-1.713287,,,,,,
73192,,,,,,,,,,,,,38.619415,45.308022,0.126694,0.081208,,,,,,,,,,,,
73200,,,,,,,,,,,,,,,,,,,,,,,-0.090646,0.112606,0.994422,-13.160000,-33.320000,57.330002
73201,,,,,,,,,,,,,37.655918,43.283710,0.155621,0.143261,,,,,,,,,,,,
73204,,,,,,,,,,,,,,,,,,,,-1.066681,-0.809151,-1.692043,,,,,,
73210,,,,,,,,,,,,,,,,,,,,,,,-0.354776,0.085034,0.921710,-7.000000,36.119999,41.930000
73211,,,,,,,,,,,,,,,0.187735,0.168101,,,,,,,,,,,,
73212,,,,,,,,,,,,,36.617630,42.449287,,,,,,-1.066923,-0.815096,-1.684664,,,,,,
73220,,,,,,,,,,,,,,,,,,,,-1.067445,-0.821088,-1.676889,-0.354776,0.085034,0.921710,-10.150000,22.820000,29.049999
73221,,,,,,,,,,,,,,,0.180061,0.189788,,,,,,,,,,,,
73222,,,,,,,,,,,,,36.824703,41.731461,,,,,,,,,,,,,,
73226,,,,-1.117142,-0.881365,-1.594707,0.543916,1.187578,,,,,,,,,,,,,,,,,,,,
73227,,,,,,,,,,,29.976496,35.935135,,,,,,,,,,,,,,,,
73228,,,,,,,,,,,,,,,,,0.065567,-0.042974,0.082453,,,,,,,,,
73235,,,,,,,,,,,,,37.087219,41.215767,-0.007889,0.064464,,,,-1.067706,-0.826338,-1.677103,,,,,,
73240,,,,,,,,,,,,,,,,,,,,,,,-0.227713,0.065880,0.978013,1.540000,-56.279999,11.130000
73241,,,,,,,,,,,,,35.437603,40.604328,0.040513,0.080353,,,,,,,,,,,,
73245,,,,,,,,,,,,,,,,,,,,,,,-0.227713,0.065880,0.978013,-26.040001,-63.770000,-1.540000
73243,,,,,,,,,,,,,,,,,,,,-1.068166,-0.831520,-1.673516,,,,,,
73250,,,,,,,,,,,,,,,,,,,,,,,-0.090524,0.025376,1.090558,-25.620001,-65.379997,-0.140000
73251,,,,,,,,,,,,,,,0.094477,0.143785,,,,,,,,,,,,
73252,,,,,,,,,,,,,33.657028,38.552856,,,,,,-1.068432,-0.836586,-1.673782,,,,,,
73261,,,,,,,,,,,,,,,0.123021,0.162764,,,,,,,-0.090524,0.025376,1.090558,-7.280000,-14.490000,63.980000
73262,,,,,,,,,,,,,32.696377,37.910065,,,,,,,,,,,,,,
73260,,,,,,,,,,,,,,,,,,,,-1.068769,-0.841941,-1.670048,,,,,,
73290,,,,-1.116863,-0.903224,-1.517206,0.470782,1.417457,,,,,,,,,,,,,,,,,,,,
73292,,,,,,,,,,,24.281384,32.328964,,,,,0.064938,-0.041996,0.149145,,,,,,,,,
73293,,,,,,,,,,,,,31.780313,37.533379,-0.036022,0.055170,,,,,,,,,,,,
73287,,,,,,,,,,,,,,,,,,,,-1.069194,-0.852764,-1.643646,,,,,,
73298,,,,,,,,,,,,,,,,,,,,,,,-0.167445,0.030927,1.025593,-18.059999,33.320000,85.820000
73297,,,,,,,,,,,,,,,,,,,,-1.069194,-0.852764,-1.643646,,,,,,
73301,,,,,,,,,,,,,,,0.033690,0.111721,,,,,,,,,,,,
73302,,,,,,,,,,,,,29.476349,35.685177,,,,,,,,,,,,,,
73304,,,,,,,,,,,,,,,,,,,,,,,-0.089182,0.092598,0.973499,-9.660000,23.030001,95.690002
73306,,,,,,,,,,,,,,,,,,,,-1.069521,-0.858024,-1.632211,,,,,,
73310,,,,,,,,,,,,,,,,,,,,,,,-0.089182,0.092598,0.973499,-10.430000,12.600000,98.699997
73311,,,,,,,,,,,,,,,0.092948,0.150706,,,,,,,,,,,,
73312,,,,,,,,,,,,,27.545792,34.416538,,,,,,,,,,,,,,
73315,,,,,,,,,,,,,,,,,,,,,,,-0.089182,0.092598,0.973499,-12.740000,31.570000,136.429993
73313,,,,,,,,,,,,,,,,,,,,-1.069740,-0.863513,-1.601487,,,,,,
73320,,,,,,,,,,,,,,,,,,,,,,,-0.089182,0.092598,0.973499,-14.490000,28.490000,142.729996
73321,,,,,,,,,,,,,,,0.125770,0.148255,,,,-1.070031,-0.868735,-1.582415,,,,,,
73322,,,,,,,,,,,,,26.467316,34.441891,,,,,,,,,,,,,,
73326,,,,-1.115041,-0.921918,-1.425140,0.405195,1.689441,,,,,,,,,,,,,,,,,,,,
73327,,,,,,,,,,,19.647888,29.010460,,,,,,,,,,,,,,,,
73328,,,,,,,,,,,,,,,,,0.053818,-0.044342,0.157753,,,,,,,,,
73329,,,,,,,,,,,,,,,,,,,,-1.070029,-0.873481,-1.569933,-0.522953,0.054229,1.085312,-5.320000,-0.560000,148.330002
73336,,,,,,,,,,,,,25.618113,34.560265,-0.000393,0.033566,,,,,,,,,,,,
73338,,,,,,,,,,,,,,,,,,,,-1.069772,-0.878020,-1.549078,,,,,,
73342,,,,,,,,,,,,,24.470190,33.937523,0.032691,0.049723,,,,,,,-0.522953,0.123525,0.834175,-15.470000,-32.619999,150.080002
73347,,,,,,,,,,,,,,,,,,,,,,,-0.159576,0.123525,0.834175,-16.030001,-33.320000,151.130005
73346,,,,,,,,,,,,,,,,,,,,-1.069452,-0.881987,-1.522111,,,,,,
73352,,,,,,,,,,,,,22.791615,32.409225,0.084097,0.096112,,,,,,,-0.159576,0.123525,0.834175,-16.450001,-36.330002,152.320007
73354,,,,,,,,,,,,,,,,,,,,-1.068904,-0.886117,-1.495499,,,,,,
73361,,,,,,,,,,,,,22.016870,31.813131,0.107112,0.113060,,,,,,,-0.270413,0.113155,1.044747,-10.430000,-4.060000,136.149994
73362,,,,,,,,,,,,,,,,,,,,-1.068173,-0.890164,-1.469121,,,,,,
73370,,,,,,,,,,,,,,,,,,,,-1.067495,-0.894349,-1.447538,-0.270413,0.113155,1.044747,-14.490000,60.689999,136.639999
73371,,,,,,,,,,,,,,,0.129904,0.150523,,,,,,,,,,,,
73372,,,,,,,,,,,,,21.267178,30.606625,,,,,,,,,,,,,,
73376,,,,-1.111887,-0.937727,-1.317064,0.347756,1.998349,,,,,,,,,,,,,,,,,,,,
73378,,,,,,,,,,,15.698698,26.205214,,,,,0.038155,-0.049148,0.134141,,,,,,,,,
73381,,,,,,,,,,,,,,,0.019199,0.053936,,,,,,,,,,,,
73382,,,,,,,,,,,,,20.640259,30.695314,,,,,,,,,,,,,,
73383,,,,,,,,,,,,,,,,,,,,,,,-0.297070,0.059902,1.057862,-9.310000,-11.130000,132.369995
73392,,,,,,,,,,,,,19.493002,30.079617,0.053133,0.070723,,,,-1.065781,-0.901564,-1.408498,,,,,,
73384,,,,,,,,,,,,,,,,,,,,-1.066725,-0.898230,-1.430124,,,,,,
73397,,,,,,,,,,,,,,,,,,,,,,,-0.116998,0.095648,0.926102,-13.720000,-52.849998,107.519997
73401,,,,,,,,,,,,,,,0.096162,0.113166,,,,,,,,,,,,
73402,,,,,,,,,,,,,18.096397,28.698961,,,,,,,,,-0.116998,0.095648,0.926102,-19.389999,-40.110001,96.529999
73400,,,,,,,,,,,,,,,,,,,,-1.065272,-0.904451,-1.404961,,,,,,
73410,,,,,,,,,,,,,,,,,,,,,,,-0.116998,0.095648,0.926102,-7.280000,19.600000,117.599998
73411,,,,,,,,,,,,,,,0.098687,0.116913,,,,,,,,,,,,
73412,,,,,,,,,,,,,17.963255,28.526419,,,,,,,,,,,,,,
73415,,,,,,,,,,,,,,,,,,,,-1.064294,-0.907461,-1.382919,,,,,,
73420,,,,,,,,,,,,,,,,,,,,,,,-0.342881,0.073505,1.020408,-12.810000,32.200001,119.489998
73421,,,,,,,,,,,,,17.314676,27.852819,0.118281,0.137286,,,,,,,,,,,,
73426,,,,-1.107610,-0.950942,-1.192983,0.298842,2.325044,,,,,,,,,,,,,,,,,,,,
73427,,,,,,,,,,,11.580652,24.122637,,,,,,,,,,,,,,,,
73428,,,,,,,,,,,,,,,,,0.034082,-0.050680,0.186989,,,,,,,,,
73423,,,,,,,,,,,,,,,,,,,,-1.063415,-0.910602,-1.361432,,,,,,
73432,,,,,,,,,,,,,16.743259,27.241072,-0.000116,0.087351,,,,-1.062433,-0.913954,-1.336584,,,,,,
73433,,,,,,,,,,,,,,,,,,,,,,,-0.342881,0.073505,1.020408,-10.990000,-1.890000,101.290001
73440,,,,,,,,,,,,,,,,,,,,-1.061440,-0.916792,-1.322612,-0.103334,0.040748,1.048590,-6.650000,-11.270000,96.180000
73441,,,,,,,,,,,,,,,0.028961,0.100228,,,,,,,,,,,,
73442,,,,,,,,,,,,,15.740746,26.777563,,,,,,,,,,,,,,
73452,,,,,,,,,,,,,13.787393,25.789425,0.090186,0.130773,,,,,,,,,,,,
73456,,,,,,,,,,,,,,,,,,,,,,,-0.165798,0.088511,0.964959,-12.740000,11.690000,150.850006
73455,,,,,,,,,,,,,,,,,,,,-1.060904,-0.919536,-1.311438,,,,,,
73462,,,,,,,,,,,,,13.736592,25.437012,0.090152,0.141109,,,,,,,-0.165798,0.088511,0.964959,-32.830002,32.689999,178.919998
73463,,,,,,,,,,,,,,,,,,,,-1.060058,-0.922307,-1.293953,,,,,,
73470,,,,,,,,,,,,,,,,,,,,,,,-0.165798,0.088511,0.964959,-29.820000,19.250000,180.110001
73471,,,,,,,,,,,,,,,0.104247,0.142260,,,,-1.058409,-0.924949,-1.263457,,,,,,
73472,,,,,,,,,,,,,13.258779,25.371260,,,,,,,,,,,,,,
73476,,,,-1.102417,-0.961854,-1.055368,0.258542,2.630212,,,,,,,,,,,,,,,,,,,,
73477,,,,,,,,,,,8.318574,22.439299,,,,,0.022037,-0.053000,0.207892,,,,,,,,,
73481,,,,,,,,,,,,,12.805899,25.747280,0.009990,0.073148,,,,,,,,,,,,
73483,,,,,,,,,,,,,,,,,,,,,,,-0.260409,0.034465,1.039501,-14.980000,-22.469999,155.539993
73486,,,,,,,,,,,,,,,,,,,,-1.057074,-0.927578,-1.229074,,,,,,
73490,,,,,,,,,,,,,,,,,,,,,,,-0.260409,0.034465,0.970205,-15.960000,-44.029999,161.630005
73491,,,,,,,,,,,,,11.868341,25.490870,0.037504,0.079060,,,,,,,,,,,,
73493,,,,,,,,,,,,,,,,,,,,-1.056140,-0.929898,-1.204343,,,,,,
73500,,,,,,,,,,,,,,,,,,,,,,,-0.049715,0.091683,0.970205,-20.370001,-53.200001,171.360001
73501,,,,,,,,,,,,,10.533686,24.186338,0.078869,0.119816,,,,,,,,,,,,
73502,,,,,,,,,,,,,,,,,,,,-1.054668,-0.932404,-1.164115,,,,,,
73512,,,,,,,,,,,,,10.456361,24.599232,0.079709,0.104814,,,,,,,,,,,,
73517,,,,,,,,,,,,,,,,,,,,,,,-0.239852,0.071858,1.064999,-19.040001,-3.920000,168.699997
73522,,,,,,,,,,,,,10.402410,24.441458,0.079836,0.108356,,,,,,,-0.239852,0.071858,1.064999,-14.280000,0.140000,168.699997
73521,,,,,,,,,,,,,,,,,,,,-1.053054,-0.934901,-1.114529,,,,,,
73526,,,,-1.096506,-0.970749,-0.909730,0.226565,2.855789,,,,,,,,,,,,,,,,,,,,
73528,,,,,,,,,,,5.908555,21.055838,,,,,0.012852,-0.054652,0.205720,,,,,,,,,
73524,,,,,,,,,,,,,,,,,,,,-1.051379,-0.937469,-1.069030,,,,,,
73531,,,,,,,,,,,,,,,0.014373,0.054063,,,,,,,,,,,,
73532,,,,,,,,,,,,,9.919631,24.649696,,,,,,,,,,,,,,
73533,,,,,,,,,,,,,,,,,,,,-1.050046,-0.939400,-1.043647,-0.159088,0.077775,0.983686,-23.590000,-7.910000,162.679993
73540,,,,,,,,,,,,,,,,,,,,,,,-0.159088,0.077775,0.983686,-18.760000,-20.580000,144.550003
73541,,,,,,,,,,,,,,,0.045202,0.090023,,,,-1.048848,-0.940888,-1.040481,,,,,,
73542,,,,,,,,,,,,,8.894096,23.478851,,,,,,,,,,,,,,
73552,,,,,,,,,,,,,8.022536,22.450327,0.071729,0.122180,,,,,,,,,,,,
73556,,,,,,,,,,,,,,,,,,,,-1.047304,-0.942836,-1.011752,-0.068686,0.048556,0.994056,-11.130000,-11.830000,169.539993
73562,,,,,,,,,,,,,7.866486,22.238676,0.075256,0.128104,,,,,,,-0.068686,0.048556,0.994056,-22.400000,7.070000,188.929993
73564,,,,,,,,,,,,,,,,,,,,-1.045952,-0.944595,-0.986263,,,,,,
73570,,,,,,,,,,,,,,,,,,,,,,,-0.240157,0.064721,1.031205,-16.379999,16.940001,182.139999
73571,,,,,,,,,,,,,8.266661,22.556488,0.060498,0.116671,,,,,,,,,,,,
73572,,,,,,,,,,,,,,,,,,,,-1.044559,-0.946560,-0.957980,,,,,,
73575,,,,-1.090066,-0.977900,-0.763924,0.202155,2.942761,,,,,,,,,,,,,,,,,,,,
73577,,,,,,,,,,,4.321144,19.785278,,,,,,,,,,,,,,,,
73578,,,,,,,,,,,,,,,,,-0.000324,-0.055126,0.195505,,,,,,,,,
73581,,,,,,,,,,,,,7.503618,22.815380,0.031320,0.064829,,,,,,,,,,,,
73580,,,,,,,,,,,,,,,,,,,,-1.043016,-0.948505,-0.932822,,,,,,
73583,,,,,,,,,,,,,,,,,,,,,,,-0.240157,0.064721,1.031205,-20.930000,4.340000,154.839996
73590,,,,,,,,,,,,,,,,,,,,,,,-0.036966,0.064538,1.022177,-17.360001,-26.530001,170.100006
73591,,,,,,,,,,,,,,,0.050152,0.091748,,,,,,,,,,,,
73592,,,,,,,,,,,,,6.860493,21.931606,,,,,,,,,,,,,,
73594,,,,,,,,,,,,,,,,,,,,-1.041326,-0.949920,-0.901625,,,,,,
73600,,,,,,,,,,,,,,,,,,,,,,,-0.036966,0.064538,1.022177,-18.620001,-34.090000,173.389999
73601,,,,,,,,,,,,,5.772418,21.195436,0.084216,0.114464,,,,,,,,,,,,
73603,,,,,,,,,,,,,,,,,,,,-1.039692,-0.951232,-0.873932,,,,,,
73612,,,,,,,,,,,,,5.910288,20.993967,0.078527,0.120043,,,,,,,,,,,,
73611,,,,,,,,,,,,,,,,,,,,-1.038238,-0.952705,-0.846209,,,,,,
73618,,,,,,,,,,,,,,,,,,,,,,,-0.110532,0.056547,1.025593,-13.230000,7.210000,183.470001
73621,,,,,,,,,,,,,,,0.051586,0.096945,,,,,,,,,,,,
73622,,,,,,,,,,,,,6.686753,21.663275,,,,,,,,,,,,,,
73623,,,,,,,,,,,,,,,,,,,,,,,-0.110532,0.055937,0.937448,-15.120000,7.490000,183.470001
73625,,,,-1.083268,-0.983567,-0.626087,0.184099,2.861546,,,,,,,,,,,,,,,,,,,,
73628,,,,,,,,,,,3.360376,18.491341,,,,,-0.007119,-0.054047,0.217291,,,,,,,,,
73626,,,,,,,,,,,,,,,,,,,,-1.036613,-0.954010,-0.821472,,,,,,
73631,,,,,,,,,,,,,,,0.053023,0.057526,,,,,,,,,,,,
73632,,,,,,,,,,,,,5.626233,21.514458,,,,,,,,,,,,,,
73633,,,,,,,,,,,,,,,,,,,,,,,-0.182695,0.055937,0.937448,-5.600000,-13.230000,165.619995
73634,,,,,,,,,,,,,,,,,,,,-1.035023,-0.955158,-0.791155,,,,,,
73640,,,,,,,,,,,,,,,,,,,,,,,-0.182695,0.055937,0.937448,-9.800000,-32.830002,175.139999
73641,,,,,,,,,,,,,4.733912,20.852758,0.080832,0.077110,,,,,,,,,,,,
73642,,,,,,,,,,,,,,,,,,,,-1.033707,-0.956293,-0.766946,,,,,,
73652,,,,,,,,,,,,,4.526895,19.720636,0.086629,0.112790,,,,,,,,,,,,
73651,,,,,,,,,,,,,,,,,,,,-1.032159,-0.957332,-0.734035,,,,,,
73657,,,,,,,,,,,,,,,,,,,,,,,-0.020557,0.026108,1.075674,-12.880000,-21.700001,193.690002
73661,,,,,,,,,,,,,,,0.054629,0.105690,,,,,,,,,,,,
73662,,,,,,,,,,,,,5.465586,19.906256,,,,,,,,,-0.174399,0.041053,0.996618,-17.920000,-9.940000,177.729996
73666,,,,,,,,,,,,,,,,,,,,-1.030522,-0.958182,-0.704111,,,,,,
73670,,,,,,,,,,,,,,,,,,,,,,,-0.174399,0.041053,0.996618,3.150000,-8.400000,163.520004
73671,,,,,,,,,,,,,5.146628,20.584318,0.063568,0.082133,,,,,,,,,,,,
73676,,,,-1.076270,-0.987989,-0.502408,0.170862,2.630901,,,,,,,,,,,,,,,,,,,,
73677,,,,,,,,,,,3.247549,17.102381,,,,,,,,,,,,,,,,
73678,,,,,,,,,,,,,,,,,-0.015739,-0.052181,0.200678,,,,,,,,,
73674,,,,,,,,,,,,,,,,,,,,-1.028834,-0.959722,-0.667089,,,,,,
73681,,,,,,,,,,,,,4.878699,20.609602,0.067348,0.033712,,,,,,,,,,,,
73683,,,,,,,,,,,,,,,,,,,,,,,-0.025437,0.070394,1.033706,-6.300000,-35.349998,140.630005
73682,,,,,,,,,,,,,,,,,,,,-1.027025,-0.960705,-0.635357,,,,,,
73690,,,,,,,,,,,,,,,,,,,,-1.025320,-0.961455,-0.606294,-0.025437,0.070394,1.033706,-9.520000,-38.360001,140.350006
73691,,,,,,,,,,,,,,,0.073592,0.066763,,,,,,,,,,,,
73692,,,,,,,,,,,,,4.652162,19.529814,,,,,,,,,,,,,,
73700,,,,,,,,,,,,,,,,,,,,,,,-0.075213,0.030622,1.023885,-5.390000,-44.169998,142.309998
73701,,,,,,,,,,,,,5.012640,18.079851,0.060571,0.112905,,,,,,,,,,,,
73705,,,,,,,,,,,,,,,,,,,,-1.023826,-0.962117,-0.585900,,,,,,
73712,,,,,,,,,,,,,5.243816,18.290928,0.051554,0.105161,,,,,,,,,,,,
73713,,,,,,,,,,,,,,,,,,,,-1.022485,-0.962770,-0.565762,,,,,,
73717,,,,,,,,,,,,,,,,,,,,,,,-0.075213,0.039101,1.017541,6.440000,-33.459999,100.239998
73722,,,,,,,,,,,,,4.412147,18.677628,0.077554,0.091438,,,,-1.021255,-0.963625,-0.551272,-0.100772,0.039101,1.017541,3.080000,-35.490002,97.089996
73726,,,,-1.069214,-0.991382,-0.396039,0.160854,2.305914,,,,,,,,,,,,,,,,,,,,
73727,,,,,,,,,,,3.652485,15.657012,,,,,-0.026168,-0.048695,0.156227,,,,,,,,,
73731,,,,,,,,,,,,,,,0.093729,0.062418,,,,,,,,,,,,
73732,,,,,,,,,,,,,4.302095,18.074215,,,,,,,,,,,,,,
73730,,,,,,,,,,,,,,,,,,,,-1.020052,-0.964039,-0.531361,,,,,,
73733,,,,,,,,,,,,,,,,,,,,,,,-0.100772,0.039101,1.017541,-7.070000,-42.419998,106.260002
73740,,,,,,,,,,,,,,,,,,,,,,,-0.013115,0.025864,1.069513,-1.610000,-10.990000,131.669998
73741,,,,,,,,,,,,,4.717873,17.403824,0.079474,0.082735,,,,,,,,,,,,
73745,,,,,,,,,,,,,,,,,,,,-1.018705,-0.964474,-0.511387,,,,,,
73750,,,,,,,,,,,,,,,,,,,,,,,-0.013115,0.025864,1.069513,-7.490000,18.410000,133.559998
73751,,,,,,,,,,,,,5.063957,16.832253,0.067204,0.100300,,,,,,,,,,,,
73754,,,,,,,,,,,,,,,,,,,,-1.017019,-0.965114,-0.485454,,,,,,
73761,,,,,,,,,,,,,4.808974,16.355299,0.074553,0.115174,,,,,,,-0.053131,0.013969,0.915000,1.750000,8.610000,120.330002
73772,,,,,,,,,,,,,5.091358,16.896610,0.064320,0.096728,,,,-1.013759,-0.966312,-0.448305,,,,,,
73763,,,,,,,,,,,,,,,,,,,,-1.015333,-0.965791,-0.462749,,,,,,
73775,,,,-1.062222,-0.993939,-0.307426,0.152675,1.947728,,,,,,,,,,,,,,,,,,,,
73777,,,,,,,,,,,4.124447,14.246280,,,,,-0.031829,-0.045759,0.139883,,,,,,,,,
73780,,,,,,,,,,,,,,,,,,,,-1.012063,-0.966923,-0.434232,-0.002440,0.052887,1.108614,-8.820000,-1.610000,104.089996
73782,,,,,,,,,,,,,4.858463,15.940589,0.086544,0.080760,,,,,,,,,,,,
73786,,,,,,,,,,,,,,,,,,,,,,,-0.002440,0.052887,1.108614,-7.910000,-22.889999,113.470001
73791,,,,,,,,,,,,,4.637565,15.611030,0.093284,0.090355,,,,,,,-0.002440,0.052887,1.108614,-9.520000,-14.980000,112.139999
73795,,,,,,,,,,,,,,,,,,,,-1.010509,-0.967147,-0.411559,,,,,,
73800,,,,,,,,,,,,,,,,,,,,,,,-0.003843,0.022875,1.035536,-8.120000,3.010000,104.580002
73801,,,,,,,,,,,,,4.997266,15.873167,0.080996,0.080638,,,,,,,,,,,,
73803,,,,,,,,,,,,,,,,,,,,-1.009013,-0.967614,-0.391793,,,,,,
73810,,,,,,,,,,,,,,,,,,,,,,,-0.003843,0.022875,0.981490,-1.050000,-7.630000,79.309998
73812,,,,,,,,,,,,,4.750224,15.537781,0.088493,0.090477,,,,,,,,,,,,
73811,,,,,,,,,,,,,,,,,,,,-1.007388,-0.968028,-0.377846,,,,,,
73820,,,,,,,,,,,,,,,,,,,,,,,0.001525,0.003721,0.981490,-1.260000,-2.170000,91.070000
73819,,,,,,,,,,,,,,,,,,,,-1.005716,-0.968419,-0.363690,,,,,,
73821,,,,,,,,,,,,,5.098149,15.276109,0.076508,0.098136,,,,,,,,,,,,
73825,,,,-1.055401,-0.995830,-0.235288,0.145264,1.601428,,,,,,,,,,,,,,,,,,,,
73827,,,,,,,,,,,4.595459,12.912163,,,,,-0.036758,-0.043132,0.127039,,,,,,,,,
73835,,,,,,,,,,,,,5.102940,14.886711,0.091185,0.066143,,,,,,,,,,,,
73834,,,,,,,,,,,,,,,,,,,,-1.004187,-0.968787,-0.346602,,,,,,
73840,,,,,,,,,,,,,,,,,,,,,,,-0.024461,0.018666,1.024922,0.630000,-5.460000,85.120003
73841,,,,,,,,,,,,,,,0.089770,0.059340,,,,,,,,,,,,
73842,,,,,,,,,,,,,5.133957,15.046710,,,,,,-1.002420,-0.969261,-0.329876,,,,,,
73845,,,,,,,,,,,,,,,,,,,,,,,-0.024461,0.018666,1.024922,-1.470000,-2.800000,92.889999
73850,,,,,,,,,,,,,,,,,,,,,,,-0.005856,0.021350,1.023458,-3.290000,-0.140000,95.410004
73851,,,,,,,,,,,,,5.419687,14.310264,0.079914,0.082040,,,,,,,,,,,,
73857,,,,,,,,,,,,,,,,,,,,-1.000684,-0.969550,-0.313003,,,,,,
73860,,,,,,,,,,,,,,,,,,,,,,,-0.005856,0.021350,1.023458,-3.570000,-8.820000,72.800003
73861,,,,,,,,,,,,,5.656556,13.685303,0.071454,0.101620,,,,,,,,,,,,
73865,,,,,,,,,,,,,,,,,,,,-0.998917,-0.969895,-0.296326,,,,,,
73870,,,,,,,,,,,,,,,,,,,,,,,-0.009638,0.026413,1.016382,-5.110000,3.360000,68.529999
73871,,,,,,,,,,,,,5.854645,13.705251,0.064093,0.100368,,,,,,,,,,,,
73876,,,,-1.048837,-0.997198,-0.177560,0.137917,1.291183,,,,,,,,,,,,,,,,,,,,
73878,,,,,,,,,,,4.963733,11.676047,,,,,-0.039903,-0.040576,0.117840,,,,,,,,,
73873,,,,,,,,,,,,,,,,,,,,-0.997366,-0.970136,-0.282182,,,,,,
73881,,,,,,,,,,,,,,,0.087895,0.040298,,,,,,,,,,,,
73882,,,,,,,,,,,,,5.473652,14.269370,,,,,,-0.995654,-0.970468,-0.268159,,,,,,
73883,,,,,,,,,,,,,,,,,,,,,,,-0.009638,0.026413,1.016382,-4.480000,3.430000,60.200001
73922,,,,,,,,,,,,,5.818742,13.354259,0.076104,0.068541,,,,,,,,,,,,
73915,,,,,,,,,,,,,,,,,,,,-0.990732,-0.971236,-0.234762,,,,,,
73926,,,,-1.042602,-0.998167,-0.132007,0.130242,1.025435,,,,,,,,,,,,,,,,,,,,
73927,,,,,,,,,,,5.215505,10.524820,,,,,,,,,,,,,,,,
73928,,,,,,,,,,,,,,,,,-0.044200,-0.038135,0.101639,,,,,,,,,
73923,,,,,,,,,,,,,,,,,,,,-0.989003,-0.971509,-0.231894,,,,,,
73930,,,,,,,,,,,,,,,,,,,,,,,-0.093452,-0.004941,1.004487,1.750000,23.450001,-9.520000
73932,,,,,,,,,,,,,6.616042,12.383040,0.057454,0.061344,,,,,,,,,,,,
73931,,,,,,,,,,,,,,,,,,,,-0.987511,-0.971728,-0.231898,,,,,,
73936,,,,,,,,,,,,,,,,,,,,,,,-0.093452,-0.004941,1.004487,-2.660000,24.150000,-13.160000
73940,,,,,,,,,,,,,,,,,,,,,,,-0.093452,-0.004941,1.004487,-1.960000,18.760000,-20.790001
73941,,,,,,,,,,,,,,,0.054753,0.070354,,,,,,,,,,,,
73942,,,,,,,,,,,,,6.665381,12.067056,,,,,,,,,,,,,,
73952,,,,,,,,,,,,,,,,,,,,,,,-0.039345,-0.024644,1.017053,-3.360000,15.260000,-21.209999
73953,,,,,,,,,,,,,6.585711,11.619410,0.056274,0.083954,,,,,,,,,,,,
73947,,,,,,,,,,,,,,,,,,,,-0.986066,-0.971939,-0.237284,,,,,,
73957,,,,,,,,,,,,,,,,,,,,,,,-0.039345,-0.024644,1.017053,2.940000,7.140000,-17.360001
73955,,,,,,,,,,,,,,,,,,,,-0.984654,-0.972260,-0.240076,,,,,,
73961,,,,,,,,,,,,,6.792896,11.654089,0.048385,0.081971,,,,,,,,,,,,
73963,,,,,,,,,,,,,,,,,,,,,,,-0.061671,-0.025193,1.047736,4.480000,3.640000,-12.460000
73964,,,,,,,,,,,,,,,,,,,,-0.983411,-0.972675,-0.245598,,,,,,
73968,,,,,,,,,,,,,,,,,,,,,,,-0.061671,-0.025193,1.047736,5.040000,-3.220000,1.190000
73971,,,,,,,,,,,,,6.812085,10.902292,0.046545,0.105928,,,,,,,,,,,,
73973,,,,,,,,,,,,,,,,,,,,,,,-0.061671,-0.025193,1.047736,0.490000,-9.730000,18.340000
73972,,,,,,,,,,,,,,,,,,,,-0.982065,-0.972990,-0.245466,,,,,,
73976,,,,-1.036752,-0.998835,-0.096521,0.122070,0.803770,,,,,,,,,,,,,,,,,,,,
73977,,,,,,,,,,,5.175634,9.497519,,,,,-0.046801,-0.038133,0.144586,,,,,,,,,
73981,,,,,,,,,,,,,,,0.061576,0.074558,,,,-0.980949,-0.973106,-0.242593,,,,,,
73982,,,,,,,,,,,,,6.279077,10.815356,,,,,,,,,-0.061671,0.004941,1.002291,1.120000,-10.920000,29.610001
73992,,,,,,,,,,,,,6.339759,10.684856,0.058726,0.077862,,,,,,,,,,,,
73991,,,,,,,,,,,,,,,,,,,,-0.979882,-0.973278,-0.234213,,,,,,
73994,,,,,,,,,,,,,,,,,,,,,,,-0.064355,0.004941,1.002291,-0.280000,-23.730000,62.650002
73999,,,,,,,,,,,,,,,,,,,,,,,-0.064355,-0.001769,1.034438,-1.120000,-25.200001,63.490002
74001,,,,,,,,,,,,,6.475274,10.701739,0.053358,0.076395,,,,,,,,,,,,
74004,,,,,,,,,,,,,,,,,,,,,,,-0.039162,-0.001769,1.034438,-2.310000,-26.320000,64.959999
74005,,,,,,,,,,,,,,,,,,,,-0.978772,-0.973503,-0.226021,,,,,,
74010,,,,,,,,,,,,,,,,,,,,,,,-0.039162,-0.001769,1.034438,-1.680000,-21.840000,65.660004
74011,,,,,,,,,,,,,,,0.068212,0.077301,,,,,,,,,,,,
74012,,,,,,,,,,,,,5.995629,10.646446,,,,,,,,,,,,,,
74014,,,,,,,,,,,,,,,,,,,,-0.977620,-0.973569,-0.212120,,,,,,
74020,,,,,,,,,,,,,,,,,,,,,,,-0.047763,0.011407,1.025288,-3.430000,-16.100000,72.589996
74021,,,,,,,,,,,,,6.140382,10.601409,0.062801,0.077910,,,,,,,,,,,,
74022,,,,,,,,,,,,,,,,,,,,-0.976427,-0.973668,-0.198244,,,,,,
74025,,,,-1.031328,-0.999283,-0.069247,0.113390,0.621883,,,,,,,,,,,,,,,,,,,,
74027,,,,,,,,,,,5.157146,8.500801,,,,,-0.048876,-0.035871,0.128921,,,,,,,,,
74031,,,,,,,,,,,,,,,0.075526,0.045380,,,,-0.975237,-0.973742,-0.187109,,,,,,
74032,,,,,,,,,,,,,5.714733,10.564672,,,,,,,,,,,,,,
74033,,,,,,,,,,,,,,,,,,,,,,,-0.047763,0.011407,1.025288,-3.430000,3.220000,78.680000
74040,,,,,,,,,,,,,,,,,,,,,,,-0.013359,-0.004453,1.005280,-1.680000,-8.610000,68.250000
74041,,,,,,,,,,,,,,,0.086976,0.044971,,,,,,,,,,,,
74042,,,,,,,,,,,,,5.355105,10.529305,,,,,,,,,,,,,,
74046,,,,,,,,,,,,,,,,,,,,-0.973931,-0.973689,-0.173200,,,,,,
74052,,,,,,,,,,,,,5.547873,9.380400,0.080459,0.081364,,,,,,,,,,,,
74054,,,,,,,,,,,,,,,,,,,,-0.972705,-0.973825,-0.159381,,,,,,
74057,,,,,,,,,,,,,,,,,,,,,,,-0.010797,0.000976,1.001193,1.750000,5.460000,63.139999
74062,,,,,,,,,,,,,5.213341,9.528750,0.091208,0.075793,,,,-0.971446,-0.973937,-0.148011,-0.010797,0.000976,1.001193,0.420000,7.350000,62.720001
74070,,,,,,,,,,,,,,,,,,,,,,,-0.010797,0.000976,1.001193,-3.570000,2.660000,52.849998
74071,,,,,,,,,,,,,4.969839,9.767494,0.099207,0.067123,,,,,,,,,,,,
74075,,,,-1.026356,-0.999575,-0.048601,0.104282,0.474345,,,,,,,,,,,,,,,,,,,,
74077,,,,,,,,,,,5.047567,7.554253,,,,,-0.050620,-0.033411,0.099668,-0.970194,-0.974021,-0.136742,,,,,,
74081,,,,,,,,,,,,,5.277062,9.861528,0.085590,0.031838,,,,,,,,,,,,
74083,,,,,,,,,,,,,,,,,,,,,,,-0.022875,0.007015,1.079212,-3.150000,-11.340000,24.500000
74087,,,,,,,,,,,,,,,,,,,,-0.969061,-0.974068,-0.128564,,,,,,
74090,,,,,,,,,,,,,,,,,,,,,,,-0.022875,0.007015,1.079212,-2.030000,-9.870000,20.860001
74091,,,,,,,,,,,,,5.535890,9.393259,0.076873,0.045532,,,,,,,,,,,,
74096,,,,,,,,,,,,,,,,,,,,-0.968039,-0.974098,-0.125847,,,,,,
74100,,,,,,,,,,,,,,,,,,,,,,,-0.024827,-0.011163,0.983320,-1.820000,-5.250000,14.840000
74101,,,,,,,,,,,,,5.205451,8.451041,0.087406,0.075226,,,,,,,,,,,,
74104,,,,,,,,,,,,,,,,,,,,-0.966945,-0.974385,-0.118287,,,,,,
74112,,,,,,,,,,,,,5.392687,8.123526,0.081106,0.085352,,,,,,,,,,,,
74113,,,,,,,,,,,,,,,,,,,,-0.966047,-0.974312,-0.120579,,,,,,
74117,,,,,,,,,,,,,,,,,,,,,,,-0.011102,-0.014091,1.002413,0.420000,8.120000,-2.940000
74121,,,,,,,,,,,,,5.733284,8.628951,0.069601,0.068236,,,,,,,,,,,,
74122,,,,,,,,,,,,,,,,,,,,-0.964870,-0.974367,-0.120440,-0.011102,-0.014091,1.002413,1.190000,3.710000,-9.170000
74125,,,,-1.021855,-0.999758,-0.033253,0.094875,0.355879,,,,,,,,,,,,,,,,,,,,
74127,,,,,,,,,,,4.803762,6.672982,,,,,-0.053475,-0.032009,0.087138,,,,,,,,,
74132,,,,,,,,,,,,,5.920307,8.356720,0.054859,0.047315,,,,,,,,,,,,
74133,,,,,,,,,,,,,,,,,,,,,,,0.023241,-0.011163,1.048468,1.680000,-13.160000,6.440000
74131,,,,,,,,,,,,,,,,,,,,-0.963822,-0.974493,-0.123216,,,,,,
74140,,,,,,,,,,,,,,,,,,,,,,,0.023241,-0.011163,1.048468,0.210000,-0.910000,10.920000
74141,,,,,,,,,,,,,,,0.048766,0.053543,,,,,,,,,,,,
74142,,,,,,,,,,,,,6.079104,8.129102,,,,,,,,,,,,,,
74146,,,,,,,,,,,,,,,,,,,,-0.962846,-0.974605,-0.123112,,,,,,
74150,,,,,,,,,,,,,,,,,,,,,,,0.023241,-0.011102,0.991311,-0.420000,7.840000,4.410000
74151,,,,,,,,,,,,,5.114958,7.389092,0.079614,0.076856,,,,,,,,,,,,
74154,,,,,,,,,,,,,,,,,,,,-0.961603,-0.974835,-0.118109,,,,,,
74160,,,,,,,,,,,,,,,,,,,,,,,-0.004026,-0.011102,0.991311,-0.210000,12.810000,4.270000
74161,,,,,,,,,,,,,4.852493,7.314718,0.088039,0.078764,,,,,,,,,,,,
74162,,,,,,,,,,,,,,,,,,,,-0.960341,-0.974974,-0.112722,,,,,,
74172,,,,,,,,,,,,,5.167743,7.781886,0.077598,0.062856,,,,,,,,,,,,
74170,,,,,,,,,,,,,,,,,,,,-0.959163,-0.975117,-0.115108,,,,,,
74175,,,,-1.017830,-0.999869,-0.022082,0.085318,0.261810,,,,,,,,,,,,,,,,,,,,
74177,,,,,,,,,,,4.458492,5.856549,,,,,-0.055449,-0.031238,0.091318,,,,,,,,,
74179,,,,,,,,,,,,,,,,,,,,,,,-0.055388,0.006344,1.026935,-3.710000,15.680000,32.340000
74181,,,,,,,,,,,,,,,0.038126,0.039230,,,,,,,,,,,,
74182,,,,,,,,,,,,,6.009851,7.655486,,,,,,,,,,,,,,
74184,,,,,,,,,,,,,,,,,,,,-0.957992,-0.975113,-0.109507,-0.055388,0.006344,1.026935,1.680000,3.850000,36.119999
74190,,,,,,,,,,,,,,,,,,,,,,,0.033184,-0.032147,1.025715,0.910000,-7.280000,14.350000
74191,,,,,,,,,,,,,,,0.050313,0.059843,,,,,,,,,,,,
74192,,,,,,,,,,,,,5.604793,6.989431,,,,,,-0.956929,-0.975201,-0.104090,,,,,,
74200,,,,,,,,,,,,,,,,,,,,,,,0.033184,-0.032147,1.025715,1.540000,-15.960000,15.540000
74201,,,,,,,,,,,,,5.265194,6.979551,0.060649,0.059306,,,,,,,,,,,,
74212,,,,,,,,,,,,,4.943031,6.898388,0.070668,0.061129,,,,,,,,,,,,
74207,,,,,,,,,,,,,,,,,,,,-0.955916,-0.975265,-0.101289,,,,,,
74215,,,,,,,,,,,,,,,,,,,,-0.954910,-0.975236,-0.101398,,,,,,
74217,,,,,,,,,,,,,,,,,,,,,,,-0.035990,0.002074,1.034499,4.340000,16.590000,30.590000
74221,,,,,,,,,,,,,,,0.076757,0.057610,,,,,,,,,,,,
74222,,,,,,,,,,,,,4.747380,6.980930,,,,,,-0.953705,-0.975364,-0.090428,-0.035990,0.002074,1.034499,0.420000,23.799999,40.320000
74226,,,,-1.014278,-0.999932,-0.014157,0.075763,0.188129,,,,,,,,,,,,,,,,,,,,
74227,,,,,,,,,,,4.089999,5.079264,,,,,,,,,,,,,,,,
74228,,,,,,,,,,,,,,,,,-0.058048,-0.029918,0.076360,,,,,,,,,
74231,,,,,,,,,,,,,,,0.035039,0.013458,,,,,,,,,,,,
74232,,,,,,,,,,,,,5.636283,7.515593,,,,,,,,,,,,,,
74230,,,,,,,,,,,,,,,,,,,,-0.952612,-0.975336,-0.081850,,,,,,
74233,,,,,,,,,,,,,,,,,,,,,,,-0.103822,-0.013115,0.992775,0.700000,21.629999,50.259998
74240,,,,,,,,,,,,,,,,,,,,,,,-0.103822,-0.013115,0.992775,-0.840000,15.260000,46.480000
74241,,,,,,,,,,,,,4.742368,6.873052,0.063363,0.032809,,,,,,,,,,,,
74245,,,,,,,,,,,,,,,,,,,,-0.951483,-0.975379,-0.073282,,,,,,
74250,,,,,,,,,,,,,,,,,,,,,,,-0.036600,0.007076,1.036390,1.750000,1.330000,39.970001
74251,,,,,,,,,,,,,3.990228,6.329770,0.087690,0.049373,,,,,,,,,,,,
74252,,,,,,,,,,,,,,,,,,,,-0.950454,-0.975450,-0.065162,,,,,,
74260,,,,,,,,,,,,,,,,,,,,-0.949535,-0.975494,-0.059804,-0.036600,0.007076,1.036390,-6.720000,10.360000,28.559999
74261,,,,,,,,,,,,,,,0.072393,0.063423,,,,,,,,,,,,
74262,,,,,,,,,,,,,4.456022,5.875190,,,,,,,,,,,,,,
74272,,,,,,,,,,,,,4.292481,6.572939,0.077512,0.039788,,,,,,,,,,,,
74276,,,,-1.011191,-0.999967,-0.008705,0.066351,0.131419,,,,,,,,,,,,,,,,,,,,
74277,,,,,,,,,,,3.691663,4.348985,,,,,,,,,,,,,,,,
74278,,,,,,,,,,,,,,,,,-0.060083,-0.028137,0.051798,,,,,,,,,
74274,,,,,,,,,,,,,,,,,,,,-0.948653,-0.975628,-0.056954,,,,,,
74280,,,,,,,,,,,,,,,,,,,,,,,-0.141947,-0.029890,1.014979,-5.600000,8.190000,-17.639999
74281,,,,,,,,,,,,,,,0.068488,0.012585,,,,,,,,,,,,
74282,,,,,,,,,,,,,4.163018,6.633119,,,,,,-0.947947,-0.975647,-0.059671,,,,,,
74286,,,,,,,,,,,,,,,,,,,,,,,-0.011407,0.032391,1.029863,1.260000,-7.490000,-12.460000
74291,,,,,,,,,,,,,4.604296,5.581105,0.053570,0.045556,,,,,,,-0.011407,0.032391,1.029863,0.700000,-15.260000,-4.480000
74290,,,,,,,,,,,,,,,,,,,,-0.947354,-0.975705,-0.059617,,,,,,
74300,,,,,,,,,,,,,,,,,,,,,,,-0.011407,0.032391,1.007842,2.730000,-20.440001,-1.890000
74301,,,,,,,,,,,,,4.421719,4.695941,0.058899,0.073823,,,,,,,,,,,,
74305,,,,,,,,,,,,,,,,,,,,-0.946859,-0.975779,-0.062389,,,,,,
74310,,,,,,,,,,,,,,,,,,,,,,,-0.038125,-0.038796,1.007842,1.330000,-27.930000,-6.300000
74311,,,,,,,,,,,,,,,0.063425,0.080075,,,,,,,,,,,,
74312,,,,,,,,,,,,,4.267714,4.498444,,,,,,,,,,,,,,
74313,,,,,,,,,,,,,,,,,,,,-0.946357,-0.975787,-0.062443,,,,,,
74320,,,,,,,,,,,,,,,,,,,,,,,-0.050264,0.011895,1.033523,-0.210000,-28.629999,-6.090000
74321,,,,,,,,,,,,,,,0.067227,0.067318,,,,-0.945950,-0.975767,-0.065323,,,,,,
74322,,,,,,,,,,,,,4.139180,4.881643,,,,,,,,,,,,,,
74325,,,,-1.008551,-0.999985,-0.005093,0.057210,0.088732,,,,,,,,,,,,,,,,,,,,
74327,,,,,,,,,,,3.237271,3.690592,,,,,-0.060927,-0.028195,0.059214,,,,,,,,,
74335,,,,,,,,,,,,,4.732040,5.356749,0.032313,0.029491,,,,-0.945563,-0.975709,-0.068148,,,,,,
74339,,,,,,,,,,,,,,,,,,,,,,,-0.050264,-0.018483,1.024983,1.190000,-5.040000,1.260000
74341,,,,,,,,,,,,,,,0.055947,0.056265,,,,,,,,,,,,
74342,,,,,,,,,,,,,3.981538,4.507167,,,,,,,,,,,,,,
74344,,,,,,,,,,,,,,,,,,,,-0.945170,-0.975746,-0.068135,-0.023058,-0.018483,1.024983,-0.980000,-6.090000,17.990000
74350,,,,,,,,,,,,,,,,,,,,,,,-0.023058,-0.018483,1.024983,-1.190000,3.920000,15.470000
74351,,,,,,,,,,,,,3.898392,4.340657,0.058125,0.061139,,,,,,,,,,,,
74352,,,,,,,,,,,,,,,,,,,,-0.944588,-0.975750,-0.062716,,,,,,
74360,,,,,,,,,,,,,,,,,,,,-0.943946,-0.975793,-0.059705,-0.016958,0.001159,0.984662,-1.190000,17.360001,13.650000
74361,,,,,,,,,,,,,3.829762,4.201883,0.059886,0.065225,,,,,,,,,,,,
74372,,,,,,,,,,,,,3.222361,4.618593,0.079484,0.051081,,,,,,,,,,,,
74376,,,,-1.006338,-0.999994,-0.002803,0.048453,0.057490,,,,,,,,,,,,,,,,,,,,
74378,,,,,,,,,,,2.787756,3.078485,,,,,-0.060962,-0.027827,0.056139,,,,,,,,,
74374,,,,,,,,,,,,,,,,,,,,-0.943256,-0.975827,-0.056875,,,,,,
74381,,,,,,,,,,,,,,,,,,,,,,,-0.016958,-0.016897,1.049200,0.700000,1.190000,7.210000
74382,,,,,,,,,,,,,3.818427,4.439650,0.044983,0.036076,,,,-0.942563,-0.975746,-0.057009,,,,,,
74387,,,,,,,,,,,,,,,,,,,,,,,-0.003721,-0.016897,1.049200,0.070000,-11.970000,13.580000
74392,,,,,,,,,,,,,3.212824,4.261853,0.064189,0.040909,,,,,,,-0.003721,-0.016897,1.049200,-0.280000,-12.040000,9.940000
74390,,,,,,,,,,,,,,,,,,,,-0.941963,-0.975729,-0.057064,,,,,,
74400,,,,,,,,,,,,,,,,,,,,,,,-0.010309,-0.006039,1.017358,0.070000,-7.700000,5.950000
74401,,,,,,,,,,,,,3.278471,4.161124,0.061698,0.043334,,,,,,,,,,,,
74405,,,,,,,,,,,,,,,,,,,,-0.941420,-0.975687,-0.057064,,,,,,
74410,,,,,,,,,,,,,,,,,,,,,,,-0.010309,-0.006039,1.017358,0.000000,5.950000,5.040000
74411,,,,,,,,,,,,,,,0.042438,0.064294,,,,,,,,,,,,
74412,,,,,,,,,,,,,3.850649,3.501169,,,,,,,,,,,,,,
74413,,,,,,,,,,,,,,,,,,,,-0.940824,-0.975721,-0.054405,,,,,,
74420,,,,,,,,,,,,,,,,,,,,,,,-0.025437,-0.010126,1.009062,0.840000,4.970000,-8.540000
74421,,,,,,,,,,,,,,,0.061788,0.064197,,,,-0.940279,-0.975743,-0.054342,,,,,,
74422,,,,,,,,,,,,,3.239936,3.494375,,,,,,,,,,,,,,
74425,,,,-1.004524,-0.999998,-0.001433,0.040178,0.035416,,,,,,,,,,,,,,,,,,,,
74427,,,,,,,,,,,2.343395,2.518876,,,,,-0.062762,-0.027698,0.053086,,,,,,,,,
74435,,,,,,,,,,,,,2.726082,4.176641,0.063735,0.022874,,,,,,,,,,,,
74437,,,,,,,,,,,,,,,,,,,,-0.939678,-0.975815,-0.051579,,,,,,
74440,,,,,,,,,,,,,,,,,,,,,,,-0.025437,-0.008906,1.027667,0.840000,9.030000,-4.830000
74441,,,,,,,,,,,,,2.293725,3.514225,0.077718,0.043483,,,,,,,,,,,,
74445,,,,,,,,,,,,,,,,,,,,-0.939101,-0.975895,-0.054238,-0.045567,-0.008906,1.027667,1.190000,-3.780000,30.030001
74450,,,,,,,,,,,,,,,,,,,,,,,-0.045567,-0.008906,1.027667,-2.450000,-3.080000,34.930000
74451,,,,,,,,,,,,,2.477054,2.956869,0.071703,0.061128,,,,,,,,,,,,
74454,,,,,,,,,,,,,,,,,,,,-0.938527,-0.975839,-0.054182,,,,,,
74460,,,,,,,,,,,,,,,,,,,,,,,-0.045201,-0.000549,1.025715,0.840000,-1.890000,36.330002
74461,,,,,,,,,,,,,,,0.048365,0.058174,,,,-0.938030,-0.975774,-0.045869,,,,,,
74462,,,,,,,,,,,,,3.180847,3.036236,,,,,,,,,,,,,,
74470,,,,,,,,,,,,,,,,,,,,-0.937571,-0.975752,-0.043098,-0.045201,-0.014457,1.018761,2.870000,3.080000,20.090000
74471,,,,,,,,,,,,,,,0.064384,0.055634,,,,,,,,,,,,
74472,,,,,,,,,,,,,2.676364,3.101254,,,,,,,,,,,,,,
74475,,,,-1.003080,-0.999999,-0.000666,0.032474,0.020492,,,,,,,,,,,,,,,,,,,,
74477,,,,,,,,,,,1.918128,2.010467,,,,,-0.064354,-0.027073,0.043041,,,,,,,,,
74481,,,,,,,,,,,,,2.801603,4.258526,0.045955,0.000197,,,,,,,,,,,,
74482,,,,,,,,,,,,,,,,,,,,,,,-0.060451,-0.014457,1.018761,-2.520000,-7.210000,-1.190000
74485,,,,,,,,,,,,,,,,,,,,-0.937197,-0.975758,-0.043080,,,,,,
74492,,,,,,,,,,,,,2.357268,3.583123,0.059953,0.020786,,,,-0.936886,-0.975770,-0.043141,,,,,,
74497,,,,,,,,,,,,,,,,,,,,,,,-0.019520,0.002135,1.033889,-1.050000,-3.990000,19.389999
74502,,,,,,,,,,,,,1.983405,3.014839,0.071963,0.038352,,,,,,,-0.019520,0.002135,1.033889,0.140000,5.600000,20.930000
74500,,,,,,,,,,,,,,,,,,,,-0.936466,-0.975718,-0.040371,,,,,,
74510,,,,,,,,,,,,,,,,,,,,,,,-0.056913,-0.016714,0.997045,0.770000,8.680000,25.340000
74511,,,,,,,,,,,,,1.668837,2.536685,0.082299,0.053375,,,,,,,,,,,,
74515,,,,,,,,,,,,,,,,,,,,-0.936038,-0.975766,-0.037466,,,,,,
74520,,,,,,,,,,,,,,,,,,,,,,,-0.056913,-0.016714,0.997045,-0.630000,15.400000,22.330000
74521,,,,,,,,,,,,,1.404159,2.683025,0.091227,0.048143,,,,,,,,,,,,
74525,,,,-1.001970,-1.000000,-0.000272,0.025418,0.010951,,,,,,,,,,,,,,,,,,,,
74527,,,,,,,,,,,1.514951,1.557325,,,,,-0.065002,-0.026647,0.036664,,,,,,,,,
74524,,,,,,,,,,,,,,,,,,,,-0.935641,-0.975804,-0.031999,,,,,,
74536,,,,,,,,,,,,,1.563407,3.021393,0.073049,0.021502,,,,,,,,,,,,
74532,,,,,,,,,,,,,,,,,,,,-0.935292,-0.975773,-0.026397,,,,,,
74540,,,,,,,,,,,,,,,,,,,,,,,-0.091683,0.001159,1.025776,-0.910000,13.440000,12.390000
74541,,,,,,,,,,,,,2.283872,2.542200,0.049227,0.036210,,,,,,,,,,,,
74545,,,,,,,,,,,,,,,,,,,,,,,-0.091683,0.001159,1.035292,1.190000,-1.960000,-0.350000
74546,,,,,,,,,,,,,,,,,,,,-0.934979,-0.975755,-0.023564,,,,,,
74550,,,,,,,,,,,,,,,,,,,,,,,-0.002318,-0.013969,1.035292,1.050000,-18.340000,-14.210000
74551,,,,,,,,,,,,,1.921649,2.139006,0.060601,0.048772,,,,,,,,,,,,
74555,,,,,,,,,,,,,,,,,,,,-0.934751,-0.975764,-0.023440,,,,,,
74560,,,,,,,,,,,,,,,,,,,,,,,-0.002318,-0.013969,1.035292,1.400000,-23.030001,-13.020000
74561,,,,,,,,,,,,,,,0.052269,0.059529,,,,,,,,,,,,
74562,,,,,,,,,,,,,2.164651,1.799760,,,,,,,,,,,,,,
74563,,,,,,,,,,,,,,,,,,,,-0.934778,-0.975791,-0.023627,,,,,,
74570,,,,,,,,,,,,,,,,,,,,,,,-0.039589,-0.002745,1.014918,0.630000,-22.260000,-11.340000
74571,,,,,,,,,,,,,1.821337,1.514318,0.063109,0.068769,,,,-0.934839,-0.975787,-0.026459,,,,,,
74575,,,,-1.001158,-1.000000,-0.000095,0.019083,0.005274,,,,,,,,,,,,,,,,,,,,
74577,,,,,,,,,,,1.145331,1.157881,,,,,-0.065641,-0.026030,0.027497,,,,,,,,,
74581,,,,,,,,,,,,,2.078216,1.819890,0.042188,0.045522,,,,,,,,,,,,
74582,,,,,,,,,,,,,,,,,,,,,,,-0.039589,-0.002745,1.020652,1.610000,0.000000,-20.440001
74586,,,,,,,,,,,,,,,,,,,,-0.934953,-0.975835,-0.029420,,,,,,
74592,,,,,,,,,,,,,1.748611,1.531255,0.052362,0.054549,,,,,,,,,,,,
74596,,,,,,,,,,,,,,,,,,,,,,,-0.024400,-0.015189,1.020652,-0.840000,1.680000,9.940000
74594,,,,,,,,,,,,,,,,,,,,-0.934775,-0.975872,-0.032131,,,,,,
74601,,,,,,,,,,,,,,,,,,,,,,,-0.024400,-0.015189,1.024739,-0.560000,1.470000,12.180000
74602,,,,,,,,,,,,,1.471281,1.826804,0.061061,0.044507,,,,,,,,,,,,
74603,,,,,,,,,,,,,,,,,,,,-0.934537,-0.975842,-0.032189,,,,,,
74611,,,,,,,,,,,,,,,0.049829,0.053565,,,,-0.934253,-0.975791,-0.029303,-0.009333,0.004514,1.024739,-0.420000,-3.010000,15.330000
74612,,,,,,,,,,,,,1.803930,1.537072,,,,,,,,,,,,,,
74620,,,,,,,,,,,,,,,,,,,,-0.934099,-0.975785,-0.023822,-0.009333,0.004514,1.024739,0.140000,-6.160000,21.770000
74621,,,,,,,,,,,,,,,0.058775,0.043244,,,,,,,,,,,,
74622,,,,,,,,,,,,,1.517827,1.840902,,,,,,,,,,,,,,
74625,,,,-1.000602,-1.000000,-0.000025,0.013537,0.002204,,,,,,,,,,,,,,,,,,,,
74627,,,,,,,,,,,0.814754,0.814606,,,,,-0.065961,-0.025794,0.023847,,,,,,,,,
74631,,,,,,,,,,,,,,,0.055525,0.041031,,,,,,,,,,,,
74632,,,,,,,,,,,,,1.277099,1.548935,,,,,,,,,-0.018483,-0.009455,1.018273,-1.680000,-3.500000,26.740000
74635,,,,,,,,,,,,,,,,,,,,-0.933934,-0.975746,-0.021122,,,,,,
74640,,,,,,,,,,,,,,,,,,,,,,,-0.014213,-0.005063,1.020408,-0.560000,-1.190000,20.160000
74641,,,,,,,,,,,,,1.074551,1.852762,0.061861,0.030440,,,,,,,,,,,,
74643,,,,,,,,,,,,,,,,,,,,-0.933773,-0.975734,-0.018163,,,,,,
74652,,,,,,,,,,,,,0.904127,1.558914,0.067291,0.039354,,,,,,,,,,,,
74651,,,,,,,,,,,,,,,,,,,,-0.933614,-0.975706,-0.015334,,,,,,
74657,,,,,,,,,,,,,,,,,,,,,,,-0.014213,-0.005063,1.020408,0.070000,3.080000,10.500000
74662,,,,,,,,,,,,,0.760732,1.311670,0.071958,0.046952,,,,,,,-0.049898,-0.014579,1.018822,0.070000,0.280000,7.700000
74666,,,,,,,,,,,,,,,,,,,,-0.933452,-0.975715,-0.012563,,,,,,
74670,,,,,,,,,,,,,,,,,,,,,,,-0.049898,-0.014579,1.018822,-0.140000,0.140000,1.890000
74671,,,,,,,,,,,,,0.640080,1.103639,0.075983,0.053443,,,,,,,,,,,,
74675,,,,-1.000258,-1.000000,-0.000004,0.008847,0.000750,,,,,,,,,,,,,,,,,,,,
74677,,,,,,,,,,,0.532723,0.526755,,,,,-0.066492,-0.025153,0.013126,,,,,,,,,
74674,,,,,,,,,,,,,,,,,,,,-0.933312,-0.975744,-0.012623,,,,,,
74681,,,,,,,,,,,,,0.538563,0.928602,0.070155,0.049499,,,,,,,,,,,,
74683,,,,,,,,,,,,,,,,,,,,,,,-0.044469,-0.001891,1.021628,-0.070000,0.910000,-5.040000
74682,,,,,,,,,,,,,,,,,,,,-0.933238,-0.975762,-0.009986,,,,,,
74692,,,,,,,,,,,,,0.453147,0.781325,0.072971,0.054056,,,,,,,,,,,,
74690,,,,,,,,,,,,,,,,,,,,-0.933251,-0.975761,-0.012756,,,,,,
74697,,,,,,,,,,,,,,,,,,,,,,,-0.035563,-0.009211,1.023641,0.560000,-1.540000,-5.460000
74702,,,,,,,,,,,,,0.381278,0.657407,0.075404,0.057954,,,,,,,-0.035563,-0.009211,1.023641,0.280000,-2.870000,-4.830000
74706,,,,,,,,,,,,,,,,,,,,-0.933284,-0.975773,-0.012756,,,,,,
74710,,,,,,,,,,,,,,,,,,,,,,,-0.035563,-0.009211,1.023641,0.280000,-4.200000,-6.370000
74711,,,,,,,,,,,,,0.320807,0.553142,0.077516,0.061297,,,,,,,,,,,,
74713,,,,,,,,,,,,,,,,,,,,-0.933331,-0.975766,-0.015526,,,,,,
74720,,,,,,,,,,,,,,,,,,,,,,,-0.008601,-0.007137,1.023946,0.070000,-7.210000,-3.990000
74721,,,,,,,,,,,,,0.269927,0.465414,0.079357,0.064174,,,,-0.933402,-0.975776,-0.015526,,,,,,
74725,,,,-1.000078,-1.000000,-0.000000,0.005081,0.000185,,,,,,,,,,,,,,,,,,,,
74727,,,,,,,,,,,0.303072,0.298660,,,,,-0.066323,-0.025236,0.015164,,,,,,,,,
74731,,,,,,,,,,,,,,,0.073388,0.059126,,,,,,,,,,,,
74732,,,,,,,,,,,,,0.227117,0.391599,,,,,,,,,,,,,,
74730,,,,,,,,,,,,,,,,,,,,-0.933416,-0.975781,-0.015453,,,,,,
74733,,,,,,,,,,,,,,,,,,,,,,,-0.008601,-0.007137,1.023946,0.630000,2.800000,-9.730000
74740,,,,,,,,,,,,,,,,,,,,,,,0.042395,-0.006771,1.013149,0.840000,2.800000,-12.950000
74741,,,,,,,,,,,,,0.738596,0.329491,0.056556,0.061106,,,,,,,,,,,,
74745,,,,,,,,,,,,,,,,,,,,-0.933334,-0.975780,-0.018223,,,,,,
74752,,,,,,,,,,,,,0.621454,0.277234,0.060094,0.062809,,,,,,,,,,,,
74753,,,,,,,,,,,,,,,,,,,,-0.933189,-0.975803,-0.020993,,,,,,
74756,,,,,,,,,,,,,,,,,,,,,,,0.023363,-0.006405,1.025227,0.420000,4.410000,-15.820000
74762,,,,,,,,,,,,,1.069567,0.779940,0.045055,0.046225,,,,,,,0.023363,-0.006405,1.025227,0.840000,1.890000,-17.080000
74761,,,,,,,,,,,,,,,,,,,,-0.933002,-0.975815,-0.023763,,,,,,
74770,,,,,,,,,,,,,,,,,,,,,,,0.023363,-0.006405,1.025227,1.050000,0.490000,-17.430000
74771,,,,,,,,,,,,,0.899933,0.656241,0.050074,0.049944,,,,,,,,,,,,
74775,,,,-1.000010,-1.000000,-0.000000,0.002305,0.000025,,,,,,,,,,,,,,,,,,,,
74777,,,,,,,,,,,0.133039,0.131197,,,,,-0.066450,-0.025739,0.023242,,,,,,,,,
74776,,,,,,,,,,,,,,,,,,,,-0.932825,-0.975854,-0.029361,,,,,,
74781,,,,,,,,,,,,,,,0.048713,0.047575,,,,,,,,,,,,
74782,,,,,,,,,,,,,0.757204,0.552161,,,,,,,,,,,,,,
74783,,,,,,,,,,,,,,,,,,,,,,,-0.006283,-0.006222,1.027118,0.490000,3.570000,-14.070000
74784,,,,,,,,,,,,,,,,,,,,-0.932649,-0.975884,-0.029420,,,,,,
74790,,,,,,,,,,,,,,,,,,,,,,,-0.006283,-0.007137,1.018700,0.560000,2.100000,-9.030000
74791,,,,,,,,,,,,,,,0.034117,0.050148,,,,,,,,,,,,
74792,,,,,,,,,,,,,1.184721,0.464588,,,,,,-0.932491,-0.975906,-0.032255,,,,,,
74800,,,,,,,,,,,,,,,,,,,,-0.932339,-0.975941,-0.034959,-0.037088,-0.007137,1.018700,0.210000,1.680000,-2.520000
74801,,,,,,,,,,,,,,,0.039524,0.052328,,,,,,,,,,,,
74802,,,,,,,,,,,,,0.996824,0.390905,,,,,,,,,,,,,,
74812,,,,,,,,,,,,,0.838728,0.328907,0.044089,0.054179,,,,,,,,,,,,
74817,,,,,,,,,,,,,,,,,,,,,,,-0.039101,-0.002196,1.018578,-0.280000,0.350000,9.660000
74815,,,,,,,,,,,,,,,,,,,,-0.932231,-0.975950,-0.034959,,,,,,
74822,,,,,,,,,,,,,0.705705,0.276742,0.047947,0.055751,,,,,,,-0.039101,-0.002196,1.018578,-0.420000,-0.840000,10.850000
74825,,,,-1.000000,-1.000000,-0.000000,0.000588,0.000001,,,,,,,,,,,,,,,,,,,,
74827,,,,,,,,,,,0.027889,0.027554,,,,,-0.066874,-0.026372,0.034328,,,,,,,,,
74823,,,,,,,,,,,,,,,,,,,,-0.932140,-0.975929,-0.032189,,,,,,
74831,,,,,,,,,,,,,,,0.047730,0.034688,,,,,,,,,,,,
74832,,,,,,,,,,,,,0.593780,0.807264,,,,,,,,,,,,,,
74833,,,,,,,,,,,,,,,,,,,,,,,-0.035258,-0.009760,1.021506,-0.280000,-3.010000,10.290000
74830,,,,,,,,,,,,,,,,,,,,-0.932096,-0.975921,-0.029420,,,,,,
74840,,,,,,,,,,,,,,,,,,,,,,,-0.035258,-0.009760,1.021506,-0.280000,-3.220000,11.830000
74841,,,,,,,,,,,,,0.499607,0.679232,0.050412,0.038325,,,,,,,,,,,,
74845,,,,,,,,,,,,,,,,,,,,-0.932063,-0.975907,-0.029420,,,,,,
74850,,,,,,,,,,,,,,,,,,,,,,,-0.015311,-0.004087,1.020774,-0.560000,0.840000,11.760000
74851,,,,,,,,,,,,,0.420369,0.571505,0.052671,0.041389,,,,,,,,,,,,
74854,,,,,,,,,,,,,,,,,,,,-0.932003,-0.975897,-0.026650,,,,,,
74860,,,,,,,,,,,,,,,,,,,,,,,-0.015311,-0.004087,1.020774,-0.280000,2.310000,11.550000
74861,,,,,,,,,,,,,0.353698,0.480865,0.054575,0.043970,,,,,,,,,,,,
74862,,,,,,,,,,,,,,,,,,,,-0.931943,-0.975904,-0.026650,,,,,,
74871,,,,,,,,,,,,,,,0.056181,0.028049,,,,,,,,,,,,
74872,,,,,,,,,,,,,0.297602,0.952319,,,,,,,,,,,,,,
74870,,,,,,,,,,,,,,,,,,,,-0.931846,-0.975897,-0.023822,,,,,,
74876,,,,-1.000000,-1.000000,-0.000000,0.000588,0.000001,,,,,,,,,,,,,,,,,,,,
74878,,,,,,,,,,,0.027894,0.027412,,,,,-0.067560,-0.025738,0.024164,,,,,,,,,
74880,,,,,,,,,,,,,,,,,,,,,,,-0.013481,-0.008357,1.020164,-0.420000,-1.330000,8.610000
74881,,,,,,,,,,,,,,,0.057538,0.032339,,,,,,,,,,,,
74882,,,,,,,,,,,,,0.250402,0.801281,,,,,,,,,,,,,,
74885,,,,,,,,,,,,,,,,,,,,,,,-0.008113,-0.004758,1.024983,-0.420000,-2.030000,9.800000
74886,,,,,,,,,,,,,,,,,,,,-0.931789,-0.975890,-0.021052,,,,,,
74890,,,,,,,,,,,,,,,,,,,,,,,-0.008113,-0.004758,1.024983,-0.420000,0.700000,8.470000
74891,,,,,,,,,,,,,0.210688,0.674198,0.058680,0.035949,,,,,,,,,,,,
74894,,,,,,,,,,,,,,,,,,,,-0.931740,-0.975862,-0.021052,,,,,,
74900,,,,,,,,,,,,,,,,,,,,,,,-0.008113,-0.004758,1.024983,-0.140000,1.750000,8.820000
