ts,x,y,yaw,x_des,y_des,yaw_des,v_ff,w_ff,v_actual,w_actual,omega_l_cmd,omega_r_cmd,omega_l_meas,omega_r_meas,duty_l,duty_r,x_err,y_err,yaw_err,x_raw,y_raw,yaw_raw,acc_x,acc_y,acc_z,gyro_x,gyro_y,gyro_z
15010,,,,,,,,,,,,,,,,,,,,-0.507998,-1.047211,-0.169991,0.013725,0.000305,1.023824,0.581000,-0.448000,-0.777000
15015,,,,,,,,,,,,,0.000000,0.000000,0.000000,0.000000,,,,,,,,,,,,
15020,,,,,,,,,,,,,,,,,,,,-0.507745,-1.047228,-0.170686,0.000610,0.009577,1.025105,-0.371000,-0.161000,-0.329000
15025,,,,,,,,,,,,,0.000000,0.000000,0.000000,0.000000,,,,,,,,,,,,
15030,,,,,,,,,,,,,,,,,,,,-0.507746,-1.047155,-0.171469,0.001830,-0.001952,1.023214,0.756000,0.196000,-0.252000
15035,,,,,,,,,,,,,0.000000,0.000000,0.000000,0.000000,,,,,,,,,,,,
15040,,,,,,,,,,,,,,,,,,,,-0.507979,-1.047204,-0.171325,0.017873,0.003477,1.022665,-0.077000,-0.357000,-0.392000
15045,,,,,,,,,,,,,0.000000,0.000000,0.000000,0.000000,,,,,,,,,,,,
15050,,,,-0.499626,-1.000000,0.000054,0.002822,0.000410,,,,,,,,,,,,-0.507986,-1.047341,-0.168226,0.001281,0.000488,1.031815,0.301000,-0.301000,-0.014000
15052,,,,,,,,,,,0.211293,0.240486,,,,,0.000315,0.048072,0.168283,,,,,,,,,
15055,,,,,,,,,,,,,0.000000,0.000000,0.002908,0.003310,,,,,,,,,,,,
15060,,,,,,,,,,,,,,,,,,,,-0.507966,-1.047042,-0.171799,0.013603,0.000854,1.020835,-0.301000,-0.245000,0.406000
15065,,,,,,,,,,,,,0.000000,0.000000,0.002908,0.003310,,,,,,,,,,,,
15070,,,,,,,,,,,,,,,,,,,,-0.507799,-1.047285,-0.170580,0.012444,0.005002,1.023824,-0.168000,-1.043000,-0.154000
15075,,,,,,,,,,,,,0.000000,0.000000,0.002908,0.003310,,,,,,,,,,,,
15080,,,,,,,,,,,,,,,,,,,,-0.507596,-1.047241,-0.170427,0.025742,-0.001952,1.028399,0.098000,0.434000,-0.707000
15085,,,,,,,,,,,,,0.000000,0.000000,0.002908,0.003310,,,,,,,,,,,,
15090,,,,,,,,,,,,,,,,,,,,-0.507889,-1.047046,-0.171844,0.017080,0.004270,1.027057,0.049000,-0.707000,1.169000
15095,,,,,,,,,,,,,0.000000,0.000000,0.002908,0.003310,,,,,,,,,,,,
15100,,,,-0.498753,-1.000000,0.000181,0.011125,0.001618,,,,,,,,,,,,-0.507834,-1.047049,-0.170896,0.011041,0.002928,1.019981,-0.462000,0.203000,-0.294000
15102,,,,,,,,,,,0.784722,0.901149,,,,,0.000966,0.047933,0.170855,,,,,,,,,
15105,,,,,,,,,,,,,0.000000,0.000000,0.010800,0.012403,,,,,,,,,,,,
15110,,,,,,,,,,,,,,,,,,,,-0.507721,-1.047282,-0.169598,0.028365,-0.008235,1.019188,0.210000,-0.574000,0.119000
15115,,,,,,,,,,,,,0.000000,0.000000,0.010800,0.012403,,,,,,,,,,,,
15120,,,,,,,,,,,,,,,,,,,,-0.507537,-1.047183,-0.169367,0.026291,-0.001037,1.021567,0.063000,-1.001000,0.476000
15125,,,,,,,,,,,,,0.000000,0.000000,0.010800,0.012403,,,,,,,,,,,,
15130,,,,,,,,,,,,,,,,,,,,-0.507525,-1.047212,-0.171554,0.032574,-0.001769,1.027911,0.623000,-0.133000,0.301000
15135,,,,,,,,,,,,,0.000000,0.544543,0.010800,0.007086,,,,,,,,,,,,
15140,,,,,,,,,,,,,,,,,,,,-0.507478,-1.047240,-0.169665,0.026169,-0.002684,1.022360,0.161000,0.091000,0.112000
15145,,,,,,,,,,,,,0.544543,0.458179,0.005484,0.007929,,,,,,,,,,,,
15150,,,,-0.498753,-1.000000,0.000181,0.011125,0.001618,,,,,,,,,,,,-0.507306,-1.047274,-0.171170,0.011529,0.001647,1.026630,-0.315000,-0.252000,0.350000
15152,,,,,,,,,,,0.685092,0.801832,,,,,0.000387,0.048031,0.171379,,,,,,,,,
15155,,,,,,,,,,,,,0.458179,0.385511,0.004956,0.007272,,,,,,,,,,,,
15160,,,,,,,,,,,,,,,,,,,,-0.507506,-1.047334,-0.170673,0.014396,0.000976,1.016260,-0.350000,-0.147000,-0.154000
15165,,,,,,,,,,,,,0.385511,0.324369,0.005666,0.007869,,,,,,,,,,,,
15170,,,,,,,,,,,,,,,,,,,,-0.507169,-1.047356,-0.169102,0.014579,0.005368,1.020591,0.574000,-0.063000,-0.133000
15175,,,,,,,,,,,,,0.324369,0.272924,0.006263,0.008372,,,,,,,,,,,,
15180,,,,,,,,,,,,,,,,,,,,-0.507069,-1.047156,-0.170105,0.019276,0.003599,1.022604,0.518000,-0.154000,-0.056000
15185,,,,,,,,,,,,,0.817467,0.774182,0.001448,0.003477,,,,,,,,,,,,
15190,,,,,,,,,,,,,,,,,,,,-0.506830,-1.047258,-0.169252,-0.005673,-0.000610,1.018334,0.385000,-0.049000,1.211000
15195,,,,,,,,,,,,,0.687817,0.651396,0.002714,0.004676,,,,,,,,,,,,
15200,,,,-0.494362,-0.999998,0.000824,0.043134,0.006305,,,,,,,,,,,,-0.506861,-1.047442,-0.170711,0.000305,-0.005124,1.020652,0.140000,-0.931000,0.721000
15202,,,,,,,,,,,3.127023,3.581380,,,,,0.004249,0.048870,0.171605,,,,,,,,,
15205,,,,,,,,,,,,,0.578729,0.548085,0.037385,0.043937,,,,,,,,,,,,
15210,,,,,,,,,,,,,,,,,,,,-0.506781,-1.047307,-0.170763,0.094855,-0.007137,1.014552,-0.119000,0.042000,1.589000
15215,,,,,,,,,,,,,0.486943,0.461158,0.038281,0.044785,,,,,,,,,,,,
15220,,,,,,,,,,,,,,,,,,,,-0.506394,-1.047616,-0.168782,0.088938,-0.002379,1.016687,0.504000,-0.413000,1.743000
15225,,,,,,,,,,,,,0.954257,0.932562,0.033719,0.040183,,,,,,,,,,,,
15230,,,,,,,,,,,,,,,,,,,,-0.506233,-1.047301,-0.169570,0.071370,0.005795,1.013881,-0.518000,-0.469000,1.428000
15235,,,,,,,,,,,,,0.802911,1.329201,0.035196,0.036311,,,,,,,,,,,,
15240,,,,,,,,,,,,,,,,,,,,-0.505895,-1.047400,-0.169545,0.054290,0.005734,1.016443,0.350000,0.189000,1.078000
15245,,,,,,,,,,,,,1.220113,1.118389,0.031123,0.038369,,,,,,,,,,,,
15250,,,,-0.490379,-0.999993,0.001412,0.066272,0.009742,,,,,,,,,,,,-0.505496,-1.047425,-0.170099,0.060695,-0.006466,1.024190,-0.651000,-0.287000,0.630000
15252,,,,,,,,,,,4.866935,5.566373,,,,,0.006896,0.049328,0.171650,,,,,,,,,
15255,,,,,,,,,,,,,1.571146,1.485556,0.051640,0.062101,,,,,,,,,,,,
15260,,,,,,,,,,,,,,,,,,,,-0.505149,-1.047501,-0.167971,0.103090,-0.000183,1.015955,-0.385000,-0.350000,2.058000
15265,,,,,,,,,,,,,1.866505,1.794490,0.048757,0.059085,,,,,,,,,,,,
15270,,,,,,,,,,,,,,,,,,,,-0.504305,-1.047868,-0.167767,0.088511,0.003233,1.020347,-0.833000,0.581000,1.477000
15275,,,,,,,,,,,,,2.115020,2.054426,0.046331,0.056548,,,,,,,,,,,,
15280,,,,,,,,,,,,,,,,,,,,-0.503644,-1.048014,-0.166700,0.079361,-0.005551,1.023763,-0.812000,0.133000,2.919000
15285,,,,,,,,,,,,,2.324121,2.273137,0.044290,0.054413,,,,,,,,,,,,
15290,,,,,,,,,,,,,,,,,,,,-0.503010,-1.048064,-0.167597,0.072956,-0.004758,1.020713,0.434000,0.784000,2.436000
15295,,,,,,,,,,,,,2.500058,3.001704,0.042572,0.047301,,,,,,,,,,,,
15300,,,,-0.490379,-0.999993,0.001412,0.066272,0.009742,,,,,,,,,,,,-0.502192,-1.048227,-0.169490,0.069418,0.006161,1.016626,-0.273000,0.028000,2.877000
15302,,,,,,,,,,,4.307565,5.003848,,,,,0.003625,0.049516,0.170563,,,,,,,,,
15305,,,,,,,,,,,,,3.192635,3.070176,0.028108,0.038882,,,,,,,,,,,,
15310,,,,,,,,,,,,,,,,,,,,-0.501491,-1.048096,-0.164852,0.035441,-0.001891,1.024373,-0.952000,-0.553000,2.303000
15315,,,,,,,,,,,,,3.230826,3.672333,0.027736,0.033007,,,,,,,,,,,,
15320,,,,,,,,,,,,,,,,,,,,-0.500550,-1.048427,-0.165423,0.020984,0.005795,1.025471,0.420000,-0.518000,1.491000
15325,,,,,,,,,,,,,3.807503,4.178987,0.022109,0.028063,,,,,,,,,,,,
15330,,,,,,,,,,,,,,,,,,,,-0.499626,-1.048463,-0.166186,0.009333,0.007503,1.018273,-0.518000,-0.686000,2.128000
15335,,,,,,,,,,,,,3.748176,4.060742,0.022688,0.029217,,,,,,,,,,,,
15340,,,,,,,,,,,,,,,,,,,,-0.498875,-1.048748,-0.166390,-0.000183,-0.001098,1.027667,0.504000,-0.364000,1.155000
15345,,,,,,,,,,,,,4.242801,4.505794,0.017862,0.024875,,,,,,,,,,,,
15350,,,,-0.477804,-0.999964,0.003301,0.125164,0.018765,,,,,,,,,,,,-0.497761,-1.048777,-0.167400,0.006405,0.004575,1.026752,-0.056000,-1.078000,1.120000
15352,,,,,,,,,,,8.952673,10.277473,,,,,0.011633,0.051471,0.170637,,,,,,,,,
15355,,,,,,,,,,,,,4.658978,4.335718,0.077701,0.099079,,,,,,,,,,,,
15360,,,,,,,,,,,,,,,,,,,,-0.497281,-1.048956,-0.163360,0.145180,0.007991,1.026996,-0.749000,0.196000,3.234000
15365,,,,,,,,,,,,,4.464607,4.737159,0.079597,0.095162,,,,,,,,,,,,
15370,,,,,,,,,,,,,,,,,,,,-0.496065,-1.049068,-0.165141,0.139507,0.003355,1.016687,0.637000,-0.525000,4.109000
15375,,,,,,,,,,,,,4.845606,5.074931,0.075880,0.091867,,,,,,,,,,,,
15380,,,,,,,,,,,,,,,,,,,,-0.494905,-1.049357,-0.163138,0.116022,-0.000549,1.016931,0.168000,-0.385000,5.670000
15385,,,,,,,,,,,,,5.166179,5.903676,0.072753,0.083782,,,,,,,,,,,,
15390,,,,,,,,,,,,,,,,,,,,-0.493717,-1.049525,-0.163243,0.103822,0.001891,1.023153,-0.483000,-0.553000,3.997000
15395,,,,,,,,,,,,,5.980452,6.056438,0.064808,0.082291,,,,,,,,,,,,
15400,,,,-0.468856,-0.999928,0.004676,0.160144,0.024371,,,,,,,,,,,,-0.492293,-1.049615,-0.162221,0.078812,0.000488,1.018273,-0.168000,0.329000,4.697000
15402,,,,,,,,,,,11.514287,13.191839,,,,,0.015147,0.052834,0.167266,,,,,,,,,
15405,,,,,,,,,,,,,6.121037,6.729516,0.098674,0.115814,,,,,,,,,,,,
15410,,,,,,,,,,,,,,,,,,,,-0.490976,-1.049914,-0.161943,0.153049,0.003660,1.017846,-0.609000,-0.154000,4.886000
15415,,,,,,,,,,,,,6.783870,6.751300,0.092207,0.115601,,,,,,,,,,,,
15420,,,,,,,,,,,,,,,,,,,,-0.489550,-1.050282,-0.161403,0.137067,-0.000915,1.008452,-0.196000,-0.322000,5.859000
15425,,,,,,,,,,,,,7.341577,7.858716,0.086766,0.104797,,,,,,,,,,,,
15430,,,,,,,,,,,,,,,,,,,,-0.487461,-1.050452,-0.158905,0.124135,-0.002074,1.015894,-0.539000,-0.049000,7.056000
15435,,,,,,,,,,,,,7.810831,8.245952,0.082188,0.101020,,,,,,,,,,,,
15440,,,,,,,,,,,,,,,,,,,,-0.485696,-1.050860,-0.158711,0.095770,0.005856,1.025776,-0.133000,1.176000,7.693000
15445,,,,,,,,,,,,,8.205662,8.571773,0.078336,0.097841,,,,,,,,,,,,
15450,,,,-0.457937,-0.999868,0.006389,0.198230,0.030746,,,,,,,,,,,,-0.483980,-1.051050,-0.157161,0.086925,0.007442,1.020896,0.259000,-0.805000,7.343000
15452,,,,,,,,,,,14.114908,16.171124,,,,,0.017846,0.054623,0.163712,,,,,,,,,
15455,,,,,,,,,,,,,9.082416,9.390461,0.105535,0.130807,,,,,,,,,,,,
15460,,,,,,,,,,,,,,,,,,,,-0.481928,-1.051452,-0.157010,0.142130,0.000854,1.017053,-0.259000,0.546000,8.078000
15465,,,,,,,,,,,,,9.275573,10.079306,0.103651,0.124090,,,,,,,,,,,,
15470,,,,,,,,,,,,,,,,,,,,-0.479813,-1.051700,-0.154820,0.128039,0.003538,1.023153,0.126000,0.028000,8.491000
15475,,,,,,,,,,,,,9.982638,10.658899,0.096756,0.118438,,,,,,,,,,,,
15480,,,,,,,,,,,,,,,,,,,,-0.477666,-1.052261,-0.153773,0.110288,0.004392,1.018273,-0.350000,0.672000,8.190000
15485,,,,,,,,,,,,,10.577563,11.146569,0.090955,0.113682,,,,,,,,,,,,
15490,,,,,,,,,,,,,,,,,,,,-0.475246,-1.052521,-0.152043,0.085278,0.011346,1.015894,0.084000,-0.189000,9.149000
15495,,,,,,,,,,,,,11.622677,12.101438,0.080763,0.104371,,,,,,,,,,,,
15500,,,,-0.444929,-0.999771,0.008484,0.238930,0.037939,,,,,,,,,,,,-0.472815,-1.052806,-0.148696,0.068137,0.020374,1.017175,-0.091000,-0.749000,8.960000
15502,,,,,,,,,,,16.769972,19.195721,,,,,0.019856,0.056585,0.157520,,,,,,,,,
15505,,,,,,,,,,,,,11.957491,12.360321,0.113996,0.143421,,,,,,,,,,,,
15510,,,,,,,,,,,,,,,,,,,,-0.470476,-1.053219,-0.146460,0.143045,0.002928,1.015833,-0.399000,-0.483000,10.332000
15515,,,,,,,,,,,,,12.783748,13.122688,0.105941,0.135988,,,,,,,,,,,,
15520,,,,,,,,,,,,,,,,,,,,-0.467657,-1.053677,-0.147036,0.108641,0.005490,1.026142,-0.042000,-0.595000,11.935000
15525,,,,,,,,,,,,,12.934416,13.764144,0.104472,0.129735,,,,,,,,,,,,
15530,,,,,,,,,,,,,,,,,,,,-0.465160,-1.053943,-0.143356,0.035807,0.005551,1.027179,0.168000,0.854000,13.811000
15535,,,,,,,,,,,,,13.605732,14.848408,0.097928,0.119164,,,,,,,,,,,,
15540,,,,,,,,,,,,,,,,,,,,-0.462193,-1.054322,-0.141465,0.078690,0.008540,1.023275,-0.007000,-2.366000,12.796000
15545,,,,,,,,,,,,,14.170577,15.216165,0.092421,0.115579,,,,,,,,,,,,
15550,,,,-0.429742,-0.999623,0.011008,0.281711,0.046020,,,,,,,,,,,,-0.459456,-1.054860,-0.139157,0.068198,0.008845,1.021079,0.595000,-0.434000,12.607000
15552,,,,,,,,,,,19.572596,22.358128,,,,,0.021914,0.058814,0.150157,,,,,,,,,
15555,,,,,,,,,,,,,14.645838,15.525595,0.126283,0.155990,,,,,,,,,,,,
15560,,,,,,,,,,,,,,,,,,,,-0.456623,-1.055155,-0.137354,0.142740,0.009882,1.017419,0.693000,0.532000,12.761000
15565,,,,,,,,,,,,,15.590265,16.330492,0.117083,0.148149,,,,,,,,,,,,
15570,,,,,,,,,,,,,,,,,,,,-0.453252,-1.055633,-0.135596,0.115717,0.001525,1.026325,-0.441000,-0.014000,13.811000
15575,,,,,,,,,,,,,15.840363,17.007732,0.114647,0.141552,,,,,,,,,,,,
15580,,,,,,,,,,,,,,,,,,,,-0.450184,-1.055950,-0.132094,0.087108,0.003843,1.021628,-0.714000,0.441000,14.917000
15585,,,,,,,,,,,,,16.595339,17.577564,0.107293,0.136001,,,,,,,,,,,,
15590,,,,,,,,,,,,,,,,,,,,-0.446963,-1.056337,-0.128312,0.118828,-0.558699,0.658251,-8.267000,4.515000,17.171000
15595,,,,,,,,,,,,,17.230574,18.057018,0.101105,0.131331,,,,,,,,,,,,
15600,,,,-0.429742,-0.999623,0.011008,0.281711,0.046020,,,,,,,,,,,,-0.443615,-1.056821,-0.127150,0.072529,0.006039,1.021750,-0.490000,-1.561000,17.318001
15602,,,,,,,,,,,17.058470,19.682995,,,,,0.006641,0.058511,0.138502,,,,,,,,,
15605,,,,,,,,,,,,,17.765062,19.004976,0.061350,0.085337,,,,,,,,,,,,
15610,,,,,,,,,,,,,,,,,,,,-0.440361,-1.057273,-0.121702,-0.035258,0.012566,1.016565,-0.490000,-0.399000,16.114000
15615,,,,,,,,,,,,,18.214781,19.258043,0.056969,0.082872,,,,,,,,,,,,
15620,,,,,,,,,,,,,,,,,,,,-0.437149,-1.057836,-0.122311,-0.034526,0.009455,1.022909,0.420000,0.644000,16.044001
15625,,,,,,,,,,,,,18.593172,19.470974,0.053282,0.080798,,,,,,,,,,,,
15630,,,,,,,,,,,,,,,,,,,,-0.433857,-1.058183,-0.117983,-0.047946,0.007808,1.010587,0.476000,0.546000,14.483000
15635,,,,,,,,,,,,,18.367008,20.194677,0.055486,0.073747,,,,,,,,,,,,
15640,,,,,,,,,,,,,,,,,,,,-0.430442,-1.058397,-0.115915,-0.046238,0.007686,1.027484,-0.119000,-1.491000,14.707000
15645,,,,,,,,,,,,,18.721258,20.259058,0.052035,0.073120,,,,,,,,,,,,
15650,,,,-0.392623,-0.999095,0.017554,0.371190,0.065250,,,,,,,,,,,,-0.427250,-1.058867,-0.113725,-0.044103,0.005368,1.022299,-0.434000,-0.987000,12.236000
15652,,,,,,,,,,,25.781565,29.186512,,,,,0.027697,0.063308,0.131202,,,,,,,,,
15655,,,,,,,,,,,,,19.019323,20.313227,0.168925,0.203086,,,,,,,,,,,,
15660,,,,,,,,,,,,,,,,,,,,-0.423984,-1.059394,-0.111465,0.222040,-0.503555,0.682956,-8.827000,7.574000,15.834000
15665,,,,,,,,,,,,,18.725573,20.358807,0.171784,0.202643,,,,,,,,,,,,
15670,,,,,,,,,,,,,,,,,,,,-0.420751,-1.059543,-0.108635,0.222528,0.008662,1.023885,-0.098000,-1.834000,15.057000
15675,,,,,,,,,,,,,19.567495,20.397156,0.163591,0.202270,,,,,,,,,,,,
15680,,,,,,,,,,,,,,,,,,,,-0.417031,-1.060083,-0.105010,0.194834,0.010553,1.012478,0.189000,-0.448000,17.374001
15685,,,,,,,,,,,,,19.731348,20.973967,0.161997,0.196657,,,,,,,,,,,,
15690,,,,,,,,,,,,,,,,,,,,-0.413454,-1.060449,-0.102601,0.171105,0.017873,1.019676,0.427000,-1.232000,20.622000
15695,,,,,,,,,,,,,20.413755,22.003838,0.155357,0.186636,,,,,,,,,,,,
15700,,,,-0.370666,-0.998664,0.021704,0.416640,0.076675,,,,,,,,,,,,-0.409471,-1.060972,-0.099015,0.177571,-0.524783,0.658007,-8.764000,7.350000,23.177000
15702,,,,,,,,,,,29.301073,32.960468,,,,,0.032526,0.065819,0.120673,,,,,,,,,
15705,,,,,,,,,,,,,20.987934,22.325829,0.198059,0.235275,,,,,,,,,,,,
15710,,,,,,,,,,,,,,,,,,,,-0.405527,-1.061137,-0.095523,0.248209,0.021716,1.015162,0.126000,-7.420000,22.820000
15715,,,,,,,,,,,,,21.471046,23.141294,0.193360,0.227344,,,,,,,,,,,,
15720,,,,,,,,,,,,,,,,,,,,-0.401248,-1.061677,-0.090738,0.220027,0.018300,1.015833,-0.042000,-3.465000,24.500000
15725,,,,,,,,,,,,,22.422081,24.371971,0.184110,0.215374,,,,,,,,,,,,
15730,,,,,,,,,,,,,,,,,,,,-0.396694,-1.061978,-0.086344,0.162016,-0.112789,1.402512,-7.959000,7.567000,28.917000
15735,,,,,,,,,,,,,23.222282,24.862919,0.176327,0.210599,,,,,,,,,,,,
15740,,,,,,,,,,,,,,,,,,,,-0.391860,-1.062411,-0.079829,0.161711,0.029951,1.020042,0.546000,1.141000,26.166000
15745,,,,,,,,,,,,,23.895571,25.820545,0.169779,0.201285,,,,,,,,,,,,
15750,,,,-0.346483,-0.998081,0.026538,0.461686,0.089552,,,,,,,,,,,,-0.387112,-1.062727,-0.076317,0.124989,0.025925,1.014491,-0.315000,2.170000,27.867001
15752,,,,,,,,,,,32.646870,36.360519,,,,,0.035757,0.067585,0.103213,,,,,,,,,
15755,,,,,,,,,,,,,25.006618,27.170835,0.204849,0.234763,,,,,,,,,,,,
15760,,,,,,,,,,,,,,,,,,,,-0.382100,-1.063017,-0.069888,0.107909,0.051972,1.102331,1.407000,-2.527000,27.398001
15765,,,,,,,,,,,,,25.941454,27.762426,0.195762,0.229013,,,,,,,,,,,,
15770,,,,,,,,,,,,,,,,,,,,-0.377114,-1.063437,-0.066821,0.177937,0.024766,1.024434,0.126000,-5.222000,27.930000
15775,,,,,,,,,,,,,26.728025,28.804733,0.188117,0.218882,,,,,,,,,,,,
15780,,,,,,,,,,,,,,,,,,,,-0.371918,-1.064002,-0.062035,0.142862,0.028975,1.016626,-0.595000,-0.070000,27.909000
15785,,,,,,,,,,,,,27.389845,29.681730,0.181684,0.210358,,,,,,,,,,,,
15790,,,,,,,,,,,,,,,,,,,,-0.366566,-1.064240,-0.057319,0.121756,0.030500,1.022787,0.539000,1.001000,28.854000
15795,,,,,,,,,,,,,28.491243,30.964180,0.170979,0.197893,,,,,,,,,,,,
15800,,,,-0.320149,-0.997309,0.032150,0.505644,0.104128,,,,,,,,,,,,-0.360814,-1.064536,-0.052823,0.086315,0.026596,1.018700,-0.210000,3.010000,27.594000
15802,,,,,,,,,,,35.678051,39.356529,,,,,0.037266,0.069272,0.084993,,,,,,,,,
15805,,,,,,,,,,,,,28.873417,31.498688,0.208801,0.233744,,,,,,,,,,,,
15810,,,,,,,,,,,,,,,,,,,,-0.355327,-1.064784,-0.048013,0.044713,-0.399428,0.390522,-2.359000,2.982000,28.573999
15815,,,,,,,,,,,,,29.739521,32.492966,0.200389,0.224087,,,,,,,,,,,,
15820,,,,,,,,,,,,,,,,,,,,-0.349498,-1.065006,-0.042943,0.143533,0.025498,1.013515,0.567000,-8.316000,26.698000
15825,,,,,,,,,,,,,31.012804,33.329552,0.188022,0.215962,,,,,,,,,,,,
15830,,,,,,,,,,,,,,,,,,,,-0.343774,-1.065312,-0.037671,0.123281,0.022265,1.021628,-0.091000,-0.602000,23.982000
15835,,,,,,,,,,,,,31.539602,34.033455,0.182906,0.209125,,,,,,,,,,,,
15840,,,,,,,,,,,,,,,,,,,,-0.337708,-1.065413,-0.031322,0.089670,0.014091,1.018944,1.288000,3.451000,25.256001
15845,,,,,,,,,,,,,32.527393,34.625721,0.173312,0.203373,,,,,,,,,,,,
15850,,,,-0.291772,-0.996305,0.038650,0.547822,0.120708,,,,,,,,,,,,-0.331689,-1.065665,-0.029414,0.054961,0.017568,1.041270,0.287000,4.438000,27.475000
15852,,,,,,,,,,,38.483276,42.088989,,,,,0.038022,0.070520,0.068348,,,,,,,,,
15855,,,,,,,,,,,,,32.813976,35.668594,0.208999,0.230717,,,,,,,,,,,,
15860,,,,,,,,,,,,,,,,,,,,-0.325723,-1.065920,-0.024179,0.129137,0.021472,1.013149,0.084000,-6.895000,26.488001
15865,,,,,,,,,,,,,33.599648,36.001526,0.201367,0.227483,,,,,,,,,,,,
15870,,,,,,,,,,,,,,,,,,,,-0.319492,-1.066072,-0.019343,0.122732,0.002806,1.034316,-1.442000,-3.136000,25.108999
15875,,,,,,,,,,,,,34.260715,36.826199,0.194947,0.219473,,,,,,,,,,,,
15880,,,,,,,,,,,,,,,,,,,,-0.313157,-1.066212,-0.014565,0.094672,0.037942,1.020530,0.651000,0.126000,25.990999
15885,,,,,,,,,,,,,34.816936,37.520077,0.189544,0.212733,,,,,,,,,,,,
15890,,,,,,,,,,,,,,,,,,,,-0.306690,-1.066016,-0.011829,0.067466,0.044408,1.019737,0.490000,1.904000,25.816000
15895,,,,,,,,,,,,,35.829483,38.103905,0.179709,0.207063,,,,,,,,,,,,
15900,,,,-0.261494,-0.995022,0.046167,0.587525,0.139678,,,,,,,,,,,,-0.300280,-1.066133,-0.004166,0.045811,0.030378,1.024617,-0.091000,2.009000,26.011999
15902,,,,,,,,,,,41.156147,44.586769,,,,,0.038607,0.071292,0.050653,,,,,,,,,
15905,,,,,,,,,,,,,36.136898,38.595139,0.213355,0.236518,,,,,,,,,,,,
15910,,,,,,,,,,,,,,,,,,,,-0.294031,-1.066287,-0.000859,0.107909,0.036112,1.021262,0.588000,-2.380000,26.320000
15915,,,,,,,,,,,,,36.940098,39.008465,0.205557,0.232505,,,,,,,,,,,,
15920,,,,,,,,,,,,,,,,,,,,-0.287198,-1.066309,0.002944,0.081069,-0.024522,1.167540,-2.408000,0.826000,26.516001
15925,,,,,,,,,,,,,37.615913,39.900776,0.198995,0.223842,,,,,,,,,,,,
15930,,,,,,,,,,,,,,,,,,,,-0.280472,-1.066372,0.006928,0.087352,0.044774,1.010770,0.476000,-0.322000,27.993000
15935,,,,,,,,,,,,,37.639999,40.107025,0.198762,0.221839,,,,,,,,,,,,
15940,,,,,,,,,,,,,,,,,,,,-0.273965,-1.066114,0.011164,0.051179,0.093025,1.165527,2.261000,4.095000,26.089001
15945,,,,,,,,,,,,,38.204807,40.825108,0.193278,0.214868,,,,,,,,,,,,
15950,,,,-0.229497,-0.993407,0.054862,0.624066,0.161526,,,,,,,,,,,,-0.266993,-1.066069,0.016337,0.055754,0.039284,1.008696,-1.015000,0.014000,25.844000
15952,,,,,,,,,,,43.509682,46.858849,,,,,0.038824,0.072009,0.038173,,,,,,,,,
15955,,,,,,,,,,,,,38.680038,41.429302,0.220903,0.240121,,,,,,,,,,,,
15960,,,,,,,,,,,,,,,,,,,,-0.260085,-1.065962,0.021303,0.101992,0.005124,1.032852,-0.987000,-4.004000,26.145000
15965,,,,,,,,,,,,,39.624439,41.393127,0.211739,0.240472,,,,,,,,,,,,
15970,,,,,,,,,,,,,,,,,,,,-0.253217,-1.065832,0.027718,0.080947,0.020557,1.037366,0.952000,-2.149000,25.410000
15975,,,,,,,,,,,,,39.874519,42.451778,0.209312,0.230199,,,,,,,,,,,,
15980,,,,,,,,,,,,,,,,,,,,-0.246322,-1.065440,0.031320,0.079849,0.036661,1.008696,0.392000,0.084000,26.334000
15985,,,,,,,,,,,,,40.084930,42.797981,0.207271,0.226840,,,,,,,,,,,,
15990,,,,,,,,,,,,,,,,,,,,-0.239237,-1.065486,0.034500,0.062037,0.043920,1.035536,-0.693000,1.897000,24.451000
15995,,,,,,,,,,,,,40.806519,43.089275,0.200269,0.224013,,,,,,,,,,,,
16000,,,,-0.195992,-0.991400,0.064927,0.656779,0.186870,,,,,,,,,,,,-0.231882,-1.065229,0.039707,0.049044,-0.004087,1.032669,-1.498000,1.372000,25.150999
16002,,,,,,,,,,,45.626114,48.836964,,,,,0.038892,0.072336,0.025322,,,,,,,,,
16005,,,,,,,,,,,,,41.413662,43.334373,0.223386,0.248749,,,,,,,,,,,,
16010,,,,,,,,,,,,,,,,,,,,-0.224876,-1.064892,0.044287,0.033428,-0.165920,1.494561,-9.492000,-1.134000,26.152000
16015,,,,,,,,,,,,,41.924511,44.085140,0.218428,0.241463,,,,,,,,,,,,
16020,,,,,,,,,,,,,,,,,,,,-0.217668,-1.064509,0.047064,0.094428,0.035563,1.017236,0.490000,-5.838000,25.066999
16025,,,,,,,,,,,,,42.354340,44.172291,0.214256,0.240618,,,,,,,,,,,,
16030,,,,,,,,,,,,,,,,,,,,-0.210148,-1.064150,0.052873,0.134932,-0.246867,0.428342,0.147000,0.532000,24.976000
16035,,,,,,,,,,,,,42.715996,44.790165,0.210747,0.234621,,,,,,,,,,,,
16040,,,,,,,,,,,,,,,,,,,,-0.203003,-1.063747,0.057095,0.058011,0.038979,1.010160,0.707000,3.472000,24.709999
16045,,,,,,,,,,,,,43.020294,45.310043,0.207793,0.229576,,,,,,,,,,,,
16050,,,,-0.161226,-0.988940,0.076602,0.685025,0.216498,,,,,,,,,,,,-0.195427,-1.063121,0.060582,0.052155,0.036600,1.029436,-0.070000,4.193000,24.759001
16052,,,,,,,,,,,47.380165,50.524055,,,,,0.038708,0.071992,0.015944,,,,,,,,,
16055,,,,,,,,,,,,,43.276333,45.747471,0.229346,0.248450,,,,,,,,,,,,
16060,,,,,,,,,,,,,,,,,,,,-0.187992,-1.062915,0.065459,0.087840,0.030012,1.005036,0.595000,-4.340000,23.121000
16065,,,,,,,,,,,,,43.491760,46.115520,0.227255,0.244878,,,,,,,,,,,,
16070,,,,,,,,,,,,,,,,,,,,-0.180426,-1.062226,0.069117,0.076921,0.038308,1.022116,-0.168000,-2.198000,22.239000
16075,,,,,,,,,,,,,44.217567,46.425198,0.220211,0.241873,,,,,,,,,,,,
16080,,,,,,,,,,,,,,,,,,,,-0.172973,-1.061635,0.072034,0.043371,0.092171,1.176873,2.730000,2.492000,20.797001
16085,,,,,,,,,,,,,44.828259,46.685760,0.214285,0.239344,,,,,,,,,,,,
16090,,,,,,,,,,,,,,,,,,,,-0.165317,-1.061281,0.078592,0.039894,0.040077,1.019554,-0.483000,0.763000,20.622000
16095,,,,,,,,,,,,,44.797554,46.904995,0.214583,0.237217,,,,,,,,,,,,
16100,,,,-0.125476,-0.985957,0.090183,0.708212,0.251431,,,,,,,,,,,,-0.157302,-1.060497,0.081284,0.049654,0.020496,1.026874,-0.406000,0.756000,21.139999
16102,,,,,,,,,,,48.669041,51.817692,,,,,0.037868,0.071706,0.008941,,,,,,,,,
16105,,,,,,,,,,,,,45.316261,47.634007,0.227218,0.247878,,,,,,,,,,,,
16110,,,,,,,,,,,,,,,,,,,,-0.149843,-1.059945,0.082985,0.018666,-0.037027,1.159610,-3.479000,4.578000,19.992001
16115,,,,,,,,,,,,,45.752701,47.702850,0.222982,0.247210,,,,,,,,,,,,
16120,,,,,,,,,,,,,,,,,,,,-0.141875,-1.059298,0.087457,0.053070,0.014335,1.026325,-0.021000,-1.134000,21.301001
16125,,,,,,,,,,,,,46.119919,48.305321,0.219418,0.241362,,,,,,,,,,,,
16130,,,,,,,,,,,,,,,,,,,,-0.134093,-1.058658,0.089355,0.049715,0.030195,1.017724,0.805000,-0.462000,20.237000
16135,,,,,,,,,,,,,46.428898,48.267693,0.216419,0.241727,,,,,,,,,,,,
16140,,,,,,,,,,,,,,,,,,,,-0.126330,-1.057808,0.094038,0.038369,0.040809,1.034072,-0.497000,0.469000,20.566000
16145,,,,,,,,,,,,,46.688873,48.780579,0.213896,0.236749,,,,,,,,,,,,
16150,,,,-0.089047,-0.982378,0.106043,0.725800,0.292994,,,,,,,,,,,,-0.118324,-1.057225,0.096329,0.030683,0.044896,1.015711,-0.994000,1.099000,20.153000
16152,,,,,,,,,,,49.368206,52.791313,,,,,0.036417,0.071645,0.009304,,,,,,,,,
16155,,,,,,,,,,,,,46.907616,49.212120,0.221361,0.245913,,,,,,,,,,,,
16160,,,,,,,,,,,,,,,,,,,,-0.110438,-1.056374,0.102626,0.046909,0.019642,1.022604,0.035000,-2.548000,21.469000
16165,,,,,,,,,,,,,47.636211,49.575218,0.214288,0.242388,,,,,,,,,,,,
16170,,,,,,,,,,,,,,,,,,,,-0.102640,-1.055384,0.105551,0.027511,0.029036,1.016016,0.336000,-1.344000,19.628000
16175,,,,,,,,,,,,,47.704704,49.336189,0.213623,0.244709,,,,,,,,,,,,
16180,,,,,,,,,,,,,,,,,,,,-0.094749,-1.054769,0.107231,0.027145,0.022997,1.035780,0.686000,0.231000,21.643999
16185,,,,,,,,,,,,,47.762337,49.679611,0.213063,0.241375,,,,,,,,,,,,
16190,,,,,,,,,,,,,,,,,,,,-0.086645,-1.053646,0.110831,-0.001586,0.097478,1.165832,2.954000,4.998000,23.393999
16195,,,,,,,,,,,,,48.355373,49.968563,0.207306,0.238569,,,,,,,,,,,,
16200,,,,-0.089047,-0.982378,0.106043,0.725800,0.292994,,,,,,,,,,,,-0.078804,-1.052764,0.116451,0.013786,0.010248,1.034438,-0.133000,-2.121000,25.291000
16202,,,,,,,,,,,43.104706,45.836971,,,,,-0.002020,0.071122,-0.010048,,,,,,,,,
16205,,,,,,,,,,,,,48.309807,50.211693,0.121890,0.140880,,,,,,,,,,,,
16210,,,,,,,,,,,,,,,,,,,,-0.070585,-1.052036,0.119754,-0.242658,-0.119011,1.441857,-9.478000,9.681000,24.080000
16215,,,,,,,,,,,,,48.271469,50.416260,0.122262,0.138894,,,,,,,,,,,,
16220,,,,,,,,,,,,,,,,,,,,-0.062854,-1.051152,0.126240,-0.172264,0.039528,1.009855,1.043000,14.735000,23.233000
16225,,,,,,,,,,,,,48.239212,50.043839,0.122576,0.142510,,,,,,,,,,,,
16230,,,,,,,,,,,,,,,,,,,,-0.055379,-1.050096,0.128062,-0.170495,0.031842,1.032913,1.519000,16.142000,21.721001
16235,,,,,,,,,,,,,47.667530,49.730484,0.128125,0.145552,,,,,,,,,,,,
16240,,,,,,,,,,,,,,,,,,,,-0.047806,-1.049129,0.132813,-0.070089,-0.322263,0.312259,0.686000,15.897000,20.195000
16245,,,,,,,,,,,,,47.731056,49.466827,0.127508,0.148111,,,,,,,,,,,,
16250,,,,-0.015505,-0.973120,0.146634,0.742397,0.403562,,,,,,,,,,,,-0.040307,-1.048096,0.136153,-0.145546,0.017690,1.025349,-1.253000,12.789000,18.620001
16252,,,,,,,,,,,49.764580,53.846066,,,,,0.034680,0.070916,0.010774,,,,,,,,,
16255,,,,,,,,,,,,,47.239967,49.244984,0.223589,0.260092,,,,,,,,,,,,
16260,,,,,,,,,,,,,,,,,,,,-0.033287,-1.047118,0.138283,0.024461,0.005734,1.034621,-0.581000,-9.380000,18.767000
16265,,,,,,,,,,,,,46.826763,48.513786,0.227604,0.267197,,,,,,,,,,,,
16270,,,,,,,,,,,,,,,,,,,,-0.026035,-1.046054,0.142218,0.018971,0.039528,1.023336,-0.938000,-53.172001,21.882000
16275,,,,,,,,,,,,,46.479095,48.443096,0.230983,0.267884,,,,,,,,,,,,
16280,,,,,,,,,,,,,,,,,,,,-0.018770,-1.045053,0.147308,0.179035,0.042212,1.018883,0.728000,-59.856998,26.124001
16285,,,,,,,,,,,,,46.731110,48.928162,0.228534,0.263170,,,,,,,,,,,,
16290,,,,,,,,,,,,,,,,,,,,-0.011401,-1.043902,0.150299,0.188185,0.039711,1.018944,1.134000,-13.321000,29.518999
16295,,,,,,,,,,,,,46.398609,48.791756,0.231765,0.264496,,,,,,,,,,,,
16300,,,,0.020880,-0.967275,0.172765,0.740749,0.478003,,,,,,,,,,,,-0.003700,-1.042628,0.156569,0.144143,0.099857,1.052738,1.687000,20.712999,31.115000
16302,,,,,,,,,,,49.587814,54.235500,,,,,0.035910,0.070596,0.016015,,,,,,,,,
16305,,,,,,,,,,,,,46.118847,48.676979,0.232053,0.270944,,,,,,,,,,,,
16310,,,,,,,,,,,,,,,,,,,,0.003777,-1.041514,0.163528,0.072407,-0.089609,1.401353,-8.869000,42.398998,35.693001
16315,,,,,,,,,,,,,46.427994,49.124954,0.229049,0.266592,,,,,,,,,,,,
16320,,,,,,,,,,,,,,,,,,,,0.011697,-1.040174,0.171482,0.049166,0.035258,1.041941,1.043000,28.601999,37.750999
16325,,,,,,,,,,,,,46.688114,48.957333,0.226522,0.268220,,,,,,,,,,,,
16330,,,,,,,,,,,,,,,,,,,,0.019525,-1.038880,0.175863,0.025925,0.379298,0.334890,-1.610000,-8.918000,39.193001
16335,,,,,,,,,,,,,46.906979,49.360840,0.224396,0.264300,,,,,,,,,,,,
16340,,,,,,,,,,,,,,,,,,,,0.027155,-1.037422,0.182896,0.096807,0.058560,1.015711,0.672000,-21.819000,40.557999
16345,,,,,,,,,,,,,47.091129,49.700352,0.222607,0.261002,,,,,,,,,,,,
16350,,,,0.056496,-0.960503,0.204089,0.732231,0.570489,,,,,,,,,,,,0.035211,-1.036044,0.189156,0.093391,0.058316,1.016626,0.371000,-6.510000,41.797001
16352,,,,,,,,,,,48.701710,53.784126,,,,,0.035078,0.070206,0.015561,,,,,,,,,
16355,,,,,,,,,,,,,47.246075,50.530563,0.208954,0.246758,,,,,,,,,,,,
16360,,,,,,,,,,,,,,,,,,,,0.043115,-1.034404,0.197962,0.132858,-0.165554,0.405101,0.238000,6.286000,43.021999
16365,,,,,,,,,,,,,47.376446,50.684555,0.207687,0.245261,,,,,,,,,,,,
16370,,,,,,,,,,,,,,,,,,,,0.051149,-1.032792,0.207074,-0.005917,-0.028304,1.168211,-2.751000,14.742000,44.268002
16375,,,,,,,,,,,,,47.486137,50.814125,0.206621,0.244002,,,,,,,,,,,,
16380,,,,,,,,,,,,,,,,,,,,0.059009,-1.031125,0.214504,-0.031293,0.125233,1.168211,3.108000,14.266000,45.255001
16385,,,,,,,,,,,,,47.578434,51.467690,0.205724,0.237650,,,,,,,,,,,,
16390,,,,,,,,,,,,,,,,,,,,0.066779,-1.029520,0.219952,0.013054,0.056791,1.016931,0.567000,-10.843000,45.395000
16395,,,,,,,,,,,,,47.656094,51.473057,0.204969,0.237598,,,,,,,,,,,,
16400,,,,0.090944,-0.952716,0.241990,0.716852,0.686819,,,,,,,,,,,,0.074667,-1.027608,0.228169,-0.037393,0.240096,1.453569,9.128000,2.023000,44.981998
16402,,,,,,,,,,,47.113850,52.690376,,,,,0.032796,0.069289,0.014088,,,,,,,,,
16405,,,,,,,,,,,,,48.265980,51.477570,0.177262,0.222545,,,,,,,,,,,,
16410,,,,,,,,,,,,,,,,,,,,0.082720,-1.025730,0.236687,-0.041724,0.057767,1.020774,0.462000,1.568000,45.842999
16415,,,,,,,,,,,,,48.234592,52.025909,0.177566,0.217217,,,,,,,,,,,,
16420,,,,,,,,,,,,,,,,,,,,0.090532,-1.024153,0.244391,-0.047092,0.083875,1.032730,-0.105000,5.740000,47.382999
16425,,,,,,,,,,,,,48.208183,51.942741,0.177823,0.218025,,,,,,,,,,,,
16430,,,,,,,,,,,,,,,,,,,,0.098083,-1.021862,0.255744,-0.070516,0.076616,1.013027,-0.049000,-1.442000,48.334999
16435,,,,,,,,,,,,,48.185966,51.872765,0.178039,0.218705,,,,,,,,,,,,
16440,,,,,,,,,,,,,,,,,,,,0.105932,-1.019707,0.261254,-0.065026,-0.016165,1.158207,-2.821000,-4.018000,49.384998
16445,,,,,,,,,,,,,47.622726,51.813885,0.183511,0.219277,,,,,,,,,,,,
16450,,,,0.090944,-0.952716,0.241990,0.716852,0.686819,,,,,,,,,,,,0.113491,-1.017694,0.270652,0.105286,-0.201239,0.403515,1.029000,-1.988000,50.091999
16452,,,,,,,,,,,41.451546,45.540886,,,,,-0.004383,0.068648,-0.028434,,,,,,,,,
16455,,,,,,,,,,,,,47.693359,51.764343,0.105243,0.121779,,,,,,,,,,,,
16460,,,,,,,,,,,,,,,,,,,,0.121263,-1.015700,0.278740,-0.223809,0.029646,1.177117,-3.759000,14.630000,48.111000
16465,,,,,,,,,,,,,47.752792,51.722660,0.104666,0.122183,,,,,,,,,,,,
16470,,,,,,,,,,,,,,,,,,,,0.128528,-1.013592,0.287544,-0.189161,0.081008,1.037366,0.609000,24.101000,43.659000
16475,,,,,,,,,,,,,47.258255,51.143044,0.109465,0.127807,,,,,,,,,,,,
16480,,,,,,,,,,,,,,,,,,,,0.135710,-1.011281,0.293426,-0.171410,0.050569,1.038159,-1.078000,30.597000,39.074001
16485,,,,,,,,,,,,,46.842148,50.655354,0.113502,0.132539,,,,,,,,,,,,
16490,,,,,,,,,,,,,,,,,,,,0.142837,-1.009303,0.301658,-0.168543,0.033977,1.016077,0.602000,31.290001,36.217999
16495,,,,,,,,,,,,,45.947498,50.245014,0.122183,0.136520,,,,,,,,,,,,
16500,,,,0.154716,-0.933732,0.345569,0.666580,1.025929,,,,,,,,,,,,0.149537,-1.007056,0.308191,-0.159210,0.040809,1.015162,-0.000000,30.365999,34.104000
16502,,,,,,,,,,,41.822506,49.757809,,,,,0.027080,0.068282,0.037104,,,,,,,,,
16505,,,,,,,,,,,,,45.194736,49.355209,0.134462,0.202950,,,,,,,,,,,,
16510,,,,,,,,,,,,,,,,,,,,0.156347,-1.004891,0.313831,-0.099308,0.039711,1.025471,-0.952000,19.229000,36.498001
16515,,,,,,,,,,,,,45.105907,48.606529,0.135327,0.210239,,,,,,,,,,,,
16520,,,,,,,,,,,,,,,,,,,,0.163086,-1.003038,0.322227,-0.107482,-0.000122,1.072868,-1.295000,-1.400000,45.646999
16525,,,,,,,,,,,,,44.486622,47.976585,0.141355,0.216371,,,,,,,,,,,,
16530,,,,,,,,,,,,,,,,,,,,0.169165,-1.000601,0.330288,-0.085461,0.090890,1.090314,-0.119000,-23.590000,54.887001
16535,,,,,,,,,,,,,43.421013,47.991100,0.151729,0.216230,,,,,,,,,,,,
16540,,,,,,,,,,,,,,,,,,,,0.175996,-0.998402,0.339538,-0.070150,0.068625,1.025959,-0.609000,-48.083000,63.875000
16545,,,,,,,,,,,,,43.068951,47.458767,0.155156,0.221412,,,,,,,,,,,,
16550,,,,0.183236,-0.922353,0.417080,0.632914,1.274441,,,,,,,,,,,,0.182350,-0.995988,0.354754,-0.060268,0.101870,1.003938,-0.735000,-73.863998,69.776001
16552,,,,,,,,,,,38.561466,48.461594,,,,,0.026204,0.068743,0.062693,,,,,,,,,
16555,,,,,,,,,,,,,42.772728,47.555405,0.113183,0.202682,,,,,,,,,,,,
16560,,,,,,,,,,,,,,,,,,,,0.188702,-0.993757,0.364287,0.024766,0.090707,1.021323,0.294000,-67.724998,77.623001
16565,,,,,,,,,,,,,42.523487,47.636715,0.115613,0.201890,,,,,,,,,,,,
16570,,,,,,,,,,,,,,,,,,,,0.195086,-0.991199,0.379897,0.035136,0.107421,1.042612,1.239000,-13.321000,88.143997
16575,,,,,,,,,,,,,41.769230,47.705132,0.122968,0.201222,,,,,,,,,,,,
16580,,,,,,,,,,,,,,,,,,,,0.201296,-0.988654,0.395263,-0.021289,0.148474,1.201334,0.861000,29.267000,96.403999
16585,,,,,,,,,,,,,41.134602,47.218151,0.129156,0.205971,,,,,,,,,,,,
16590,,,,,,,,,,,,,,,,,,,,0.207420,-0.986201,0.414786,-0.018178,0.123708,1.008696,2.121000,41.551998,102.746002
16595,,,,,,,,,,,,,40.056080,46.808407,0.139672,0.209966,,,,,,,,,,,,
16600,,,,0.208991,-0.909598,0.507204,0.595039,1.599387,,,,,,,,,,,,0.213740,-0.983372,0.430835,-0.079483,-0.020679,1.464305,-10.724000,37.743999,107.513000
16602,,,,,,,,,,,35.237358,47.073547,,,,,0.026298,0.069032,0.077372,,,,,,,,,
16605,,,,,,,,,,,,,39.693153,47.008194,0.097507,0.188931,,,,,,,,,,,,
16610,,,,,,,,,,,,,,,,,,,,0.219599,-0.980578,0.450355,-0.129442,0.079910,1.177910,-3.297000,15.239000,112.966003
16615,,,,,,,,,,,,,38.843246,46.631748,0.105793,0.192602,,,,,,,,,,,,
16620,,,,,,,,,,,,,,,,,,,,0.225730,-0.977587,0.471934,-0.056669,-0.172264,0.287066,-0.441000,0.987000,119.497002
16625,,,,,,,,,,,,,38.672676,46.859550,0.107456,0.190381,,,,,,,,,,,,
16630,,,,,,,,,,,,,,,,,,,,0.231227,-0.974485,0.493667,-0.144814,0.355874,1.620160,11.928000,-14.147000,126.651001
16635,,,,,,,,,,,,,37.984619,46.506683,0.114165,0.193821,,,,,,,,,,,,
16640,,,,,,,,,,,,,,,,,,,,0.237035,-0.971336,0.517095,-0.087230,0.210206,1.194380,4.046000,-32.591999,130.718002
16645,,,,,,,,,,,,,37.405685,46.754322,0.119809,0.191407,,,,,,,,,,,,
16650,,,,0.231609,-0.895378,0.621234,0.554773,2.021691,,,,,,,,,,,,0.242597,-0.968240,0.540597,0.006893,0.152683,1.022055,0.686000,-32.556999,134.106003
16652,,,,,,,,,,,31.956760,45.891533,,,,,0.027820,0.068204,0.082439,,,,,,,,,
16655,,,,,,,,,,,,,36.918568,46.962685,0.079446,0.173122,,,,,,,,,,,,
16660,,,,,,,,,,,,,,,,,,,,0.248030,-0.965096,0.563824,0.062769,-0.154574,0.448167,-1.519000,-2.604000,136.492996
16665,,,,,,,,,,,,,35.964169,46.593456,0.088752,0.176722,,,,,,,,,,,,
16670,,,,,,,,,,,,,,,,,,,,0.253162,-0.961679,0.590008,-0.072346,0.180499,1.078907,3.010000,19.579000,143.570007
16675,,,,,,,,,,,,,35.705677,46.282791,0.091272,0.179751,,,,,,,,,,,,
16680,,,,,,,,,,,,,,,,,,,,0.258319,-0.957951,0.614749,0.088145,0.314638,0.431087,0.868000,23.877001,149.358994
16685,,,,,,,,,,,,,34.943642,46.021393,0.098703,0.182300,,,,,,,,,,,,
16690,,,,,,,,,,,,,,,,,,,,0.263335,-0.954643,0.640102,-0.116754,0.395341,1.569896,10.213000,16.485001,153.041000
16695,,,,,,,,,,,,,34.302464,45.801456,0.104955,0.184444,,,,,,,,,,,,
16700,,,,0.250738,-0.879609,0.764552,0.514770,2.555481,,,,,,,,,,,,0.268151,-0.950812,0.667480,-0.081252,0.177449,1.029009,0.574000,-5.817000,155.337006
16702,,,,,,,,,,,28.382322,45.251747,,,,,0.030158,0.066770,0.098655,,,,,,,,,
16705,,,,,,,,,,,,,33.762978,45.616402,0.060999,0.177447,,,,,,,,,,,,
16710,,,,,,,,,,,,,,,,,,,,0.272842,-0.947052,0.694560,-0.020069,0.343369,0.325801,0.287000,-20.818001,161.084000
16715,,,,,,,,,,,,,32.764511,45.460693,0.070747,0.178967,,,,,,,,,,,,
16720,,,,,,,,,,,,,,,,,,,,0.277289,-0.943329,0.723534,0.069296,-0.160125,0.402722,0.077000,-19.614000,170.268005
16725,,,,,,,,,,,,,32.468945,45.329685,0.073632,0.180246,,,,,,,,,,,,
16730,,,,,,,,,,,,,,,,,,,,0.281612,-0.939412,0.753763,0.108092,0.305183,0.466894,2.079000,-3.024000,178.345993
16735,,,,,,,,,,,,,31.675709,45.219452,0.081377,0.181322,,,,,,,,,,,,
16740,,,,,,,,,,,,,,,,,,,,0.285795,-0.935466,0.787584,-0.084180,0.271877,1.202371,3.710000,16.170000,184.869995
16745,,,,,,,,,,,,,31.008284,45.126701,0.087892,0.182228,,,,,,,,,,,,
16750,,,,0.266059,-0.862211,0.940089,0.478761,3.184285,,,,,,,,,,,,0.289821,-0.931353,0.821433,-0.037515,-0.262788,0.342942,-3.654000,5.348000,187.957001
16752,,,,,,,,,,,25.028515,45.417091,,,,,0.034168,0.064561,0.120393,,,,,,,,,
16755,,,,,,,,,,,,,29.902168,45.048664,0.052467,0.185270,,,,,,,,,,,,
16760,,,,,,,,,,,,,,,,,,,,0.293454,-0.927153,0.853965,-0.095099,0.219722,1.091900,2.625000,-12.929000,194.005005
16765,,,,,,,,,,,,,29.516026,44.983002,0.056242,0.185912,,,,,,,,,,,,
16770,,,,,,,,,,,,,,,,,,,,0.297024,-0.923068,0.889131,0.060756,-0.198372,0.436150,-1.085000,-8.953000,205.751007
16775,,,,,,,,,,,,,28.646582,44.927753,0.064742,0.186452,,,,,,,,,,,,
16780,,,,,,,,,,,,,,,,,,,,0.300599,-0.918507,0.926047,-0.091500,0.090219,1.503101,-10.731000,12.845000,215.677002
16785,,,,,,,,,,,,,27.915033,44.336723,0.071894,0.192231,,,,,,,,,,,,
16790,,,,,,,,,,,,,,,,,,,,0.303802,-0.913975,0.961528,-0.017385,0.368684,0.353800,1.799000,-1.820000,222.039993
16795,,,,,,,,,,,,,27.299507,44.383972,0.077912,0.191769,,,,,,,,,,,,
16800,,,,0.277283,-0.843110,1.143781,0.451636,3.818710,,,,,,,,,,,,0.306946,-0.909659,1.002970,0.114863,0.346175,0.498614,2.282000,-4.760000,226.610992
16802,,,,,,,,,,,22.501909,46.433102,,,,,0.039922,0.060879,0.142497,,,,,,,,,
16805,,,,,,,,,,,,,26.781605,44.423733,0.048122,0.205398,,,,,,,,,,,,
16810,,,,,,,,,,,,,,,,,,,,0.309808,-0.905028,1.043963,-0.114802,0.120780,1.532320,-11.543000,5.327000,234.884995
16815,,,,,,,,,,,,,25.801296,44.457184,0.057716,0.205071,,,,,,,,,,,,
16820,,,,,,,,,,,,,,,,,,,,0.312170,-0.900687,1.085914,0.040077,-0.263642,0.560834,-8.267000,-5.852000,247.498993
16825,,,,,,,,,,,,,25.521009,44.485329,0.060459,0.204795,,,,,,,,,,,,
16830,,,,,,,,,,,,,,,,,,,,0.314537,-0.895840,1.130251,-0.064904,0.335561,1.305949,4.718000,8.904000,256.920990
16835,,,,,,,,,,,,,24.740633,44.509010,0.068097,0.204564,,,,,,,,,,,,
16840,,,,,,,,,,,,,,,,,,,,0.316747,-0.891068,1.174830,0.114985,0.362828,0.491843,2.338000,-8.981000,264.683990
16845,,,,,,,,,,,,,24.084024,44.528938,0.074523,0.204369,,,,,,,,,,,,
16850,,,,0.284163,-0.822236,1.361041,0.438945,4.270397,,,,,,,,,,,,0.318942,-0.886257,1.220181,-0.065392,0.510936,1.666520,12.040000,6.923000,270.346985
16852,,,,,,,,,,,22.012451,48.123753,,,,,0.047937,0.054758,0.142843,,,,,,,,,
16855,,,,,,,,,,,,,23.531555,44.545704,0.073189,0.227497,,,,,,,,,,,,
16860,,,,,,,,,,,,,,,,,,,,0.320518,-0.881150,1.269132,-0.009150,0.328424,1.274046,3.374000,-7.364000,276.002991
16865,,,,,,,,,,,,,23.066706,45.104355,0.077737,0.222032,,,,,,,,,,,,
16870,,,,,,,,,,,,,,,,,,,,0.322191,-0.876306,1.320173,-0.033611,0.527528,1.754482,10.164000,13.762000,284.227997
16875,,,,,,,,,,,,,22.131039,45.029858,0.086890,0.222760,,,,,,,,,,,,
16880,,,,,,,,,,,,,,,,,,,,0.323374,-0.871296,1.370356,-0.032635,0.204106,1.599237,-11.102000,-10.556000,289.660004
16885,,,,,,,,,,,,,21.888313,45.511723,0.089264,0.218047,,,,,,,,,,,,
16890,,,,,,,,,,,,,,,,,,,,0.324387,-0.866161,1.419610,0.107665,0.397293,0.500078,3.234000,-1.645000,293.265015
16895,,,,,,,,,,,,,21.684082,45.372620,0.091262,0.219407,,,,,,,,,,,,
16900,,,,0.286497,-0.799528,1.570484,0.445389,4.334429,,,,,,,,,,,,0.325086,-0.860733,1.471470,-0.029219,0.348859,1.328031,4.655000,-1.260000,294.686005
16902,,,,,,,,,,,24.406595,49.877701,,,,,0.056891,0.044614,0.101282,,,,,,,,,
16905,,,,,,,,,,,,,20.967699,45.800117,0.131168,0.239282,,,,,,,,,,,,
16910,,,,,,,,,,,,,,,,,,,,0.325728,-0.855542,1.523911,0.047214,0.543571,1.780529,10.101000,1.729000,292.558014
16915,,,,,,,,,,,,,20.909479,45.615276,0.131736,0.241085,,,,,,,,,,,,
16920,,,,,,,,,,,,,,,,,,,,0.325810,-0.850222,1.576574,0.054107,0.542351,1.815116,11.319000,11.963000,291.283997
16925,,,,,,,,,,,,,20.860493,46.004292,0.132214,0.237291,,,,,,,,,,,,
16930,,,,,,,,,,,,,,,,,,,,0.325940,-0.844705,1.625122,0.175070,-0.164212,0.461404,-2.072000,-8.470000,290.556000
16935,,,,,,,,,,,,,20.819275,46.331608,0.132616,0.234098,,,,,,,,,,,,
16940,,,,,,,,,,,,,,,,,,,,0.325444,-0.839283,1.676562,0.027877,0.544242,1.826340,11.095000,12.537000,285.662994
16945,,,,,,,,,,,,,21.329138,46.607014,0.127643,0.231412,,,,,,,,,,,,
16950,,,,0.284136,-0.774931,1.754381,0.472887,3.972036,,,,,,,,,,,,0.324686,-0.833797,1.726833,0.160857,-0.258335,0.580110,-7.756000,-2.856000,284.914001
16952,,,,,,,,,,,29.308182,51.203651,,,,,0.064355,0.030994,0.028908,,,,,,,,,
16955,,,,,,,,,,,,,21.213593,46.838741,0.195863,0.247215,,,,,,,,,,,,
16960,,,,,,,,,,,,,,,,,,,,0.324003,-0.828111,1.773874,0.023546,0.480375,0.412787,1.477000,-2.275000,275.996002
16965,,,,,,,,,,,,,21.660915,47.033714,0.191518,0.245321,,,,,,,,,,,,
16970,,,,,,,,,,,,,,,,,,,,0.322640,-0.822633,1.822096,0.140239,0.536434,0.598654,3.486000,-1.645000,261.848999
16975,,,,,,,,,,,,,22.037294,47.197765,0.187862,0.243728,,,,,,,,,,,,
16980,,,,,,,,,,,,,,,,,,,,0.321150,-0.816865,1.864539,0.064477,0.517829,1.567578,10.031000,-0.693000,248.388000
16985,,,,,,,,,,,,,22.898521,47.880341,0.179496,0.237097,,,,,,,,,,,,
16990,,,,,,,,,,,,,,,,,,,,0.319174,-0.811169,1.908851,0.131455,0.379786,0.506910,1.841000,-3.122000,238.028000
16995,,,,,,,,,,,,,23.623159,47.910118,0.172457,0.236808,,,,,,,,,,,,
17000,,,,0.276985,-0.748400,1.905326,0.519881,3.352339,,,,,,,,,,,,0.317211,-0.805413,1.949737,0.045262,-0.213439,0.339953,-2.555000,-8.988000,230.167007
17002,,,,,,,,,,,35.411720,52.084641,,,,,0.067885,0.016203,-0.045057,,,,,,,,,
17005,,,,,,,,,,,,,24.232868,47.935169,0.249895,0.248519,,,,,,,,,,,,
17010,,,,,,,,,,,,,,,,,,,,0.314970,-0.799698,1.988367,0.172813,0.341173,1.237385,4.564000,-10.241000,215.985001
17015,,,,,,,,,,,,,25.290421,47.956249,0.239655,0.248315,,,,,,,,,,,,
17020,,,,,,,,,,,,,,,,,,,,0.312331,-0.793983,2.022789,0.157380,0.367403,0.522770,2.520000,-4.459000,195.048004
17025,,,,,,,,,,,,,26.180244,48.518532,0.231038,0.242870,,,,,,,,,,,,
17030,,,,,,,,,,,,,,,,,,,,0.309534,-0.788044,2.056038,0.138348,0.138836,1.403793,-8.351000,8.827000,181.013000
17035,,,,,,,,,,,,,27.473486,48.447090,0.218515,0.243562,,,,,,,,,,,,
17040,,,,,,,,,,,,,,,,,,,,0.306383,-0.782261,2.085829,0.137616,0.335805,0.473299,0.294000,3.696000,162.679993
17045,,,,,,,,,,,,,28.561621,48.386978,0.207979,0.244144,,,,,,,,,,,,
17050,,,,0.276985,-0.748400,1.905326,0.519881,3.352339,,,,,,,,,,,,0.302982,-0.776596,2.112974,0.076616,0.251625,1.197491,4.165000,-6.818000,151.542999
17052,,,,,,,,,,,31.651279,44.111027,,,,,0.037665,0.007590,-0.209893,,,,,,,,,
17055,,,,,,,,,,,,,29.477175,48.880947,0.147690,0.130186,,,,,,,,,,,,
17060,,,,,,,,,,,,,,,,,,,,0.299261,-0.770721,2.137736,-0.122366,0.097600,1.398120,-9.072000,4.319000,141.490997
17065,,,,,,,,,,,,,30.247522,48.752026,0.140219,0.131436,,,,,,,,,,,,
17070,,,,,,,,,,,,,,,,,,,,0.296022,-0.764959,2.160431,-0.146522,0.233691,1.291736,4.305000,9.394000,120.050003
17075,,,,,,,,,,,,,31.440237,48.099010,0.128652,0.137769,,,,,,,,,,,,
17080,,,,,,,,,,,,,,,,,,,,0.292115,-0.759640,2.180699,-0.182024,0.386984,1.583682,11.935000,0.511000,107.786003
17085,,,,,,,,,,,,,31.899242,48.094105,0.124200,0.137816,,,,,,,,,,,,
17090,,,,,,,,,,,,,,,,,,,,0.288341,-0.754152,2.197100,-0.035746,-0.238205,0.288286,1.232000,-10.227000,94.661003
17095,,,,,,,,,,,,,32.829994,47.545433,0.115174,0.143137,,,,,,,,,,,,
17100,,,,0.248245,-0.689403,2.116653,0.656281,2.093292,,,,,,,,,,,,0.284743,-0.749014,2.210941,-0.132736,-0.042517,1.440576,-9.436000,-1.673000,87.486000
17102,,,,,,,,,,,48.446579,56.175789,,,,,0.069632,-0.006677,-0.098048,,,,,,,,,
17105,,,,,,,,,,,,,33.068584,46.539242,0.342933,0.318165,,,,,,,,,,,,
17110,,,,,,,,,,,,,,,,,,,,0.280839,-0.743795,2.225468,0.368013,0.089975,1.007415,0.126000,2.555000,78.204002
17115,,,,,,,,,,,,,33.813877,46.237171,0.335705,0.321095,,,,,,,,,,,,
17120,,,,,,,,,,,,,,,,,,,,0.276717,-0.738730,2.238937,0.345321,0.074847,1.014491,0.742000,2.527000,62.041000
17125,,,,,,,,,,,,,34.985512,46.527554,0.324341,0.318279,,,,,,,,,,,,
17130,,,,,,,,,,,,,,,,,,,,0.272335,-0.733231,2.246626,0.313418,0.288652,1.413858,9.184000,2.366000,48.551998
17135,,,,,,,,,,,,,35.971321,46.227341,0.314780,0.321190,,,,,,,,,,,,
17140,,,,,,,,,,,,,,,,,,,,0.267748,-0.727695,2.254774,0.303597,-0.103639,1.404159,-8.190000,4.830000,48.502998
17145,,,,,,,,,,,,,37.345325,46.519283,0.301454,0.318359,,,,,,,,,,,,
17150,,,,0.248245,-0.689403,2.116653,0.656281,2.093292,,,,,,,,,,,,0.263182,-0.721760,2.263849,0.250161,0.117364,1.155889,3.038000,1.855000,38.381001
17152,,,,,,,,,,,42.982677,49.017559,,,,,0.034475,-0.009345,-0.150423,,,,,,,,,
17155,,,,,,,,,,,,,39.045959,47.309467,0.210269,0.212705,,,,,,,,,,,,
17160,,,,,,,,,,,,,,,,,,,,0.258119,-0.715866,2.270483,0.010126,0.055876,1.012661,-0.560000,1.036000,35.419998
17165,,,,,,,,,,,,,39.932323,47.429783,0.201637,0.211533,,,,,,,,,,,,
17170,,,,,,,,,,,,,,,,,,,,0.253204,-0.709972,2.274799,0.005856,0.030317,0.995276,1.064000,1.372000,30.030001
17175,,,,,,,,,,,,,41.222656,48.075562,0.189071,0.205244,,,,,,,,,,,,
17180,,,,,,,,,,,,,,,,,,,,0.247992,-0.704098,2.280369,-0.018849,0.043554,0.994483,-0.147000,-2.121000,27.566000
17185,,,,,,,,,,,,,42.308342,48.074375,0.178498,0.205256,,,,,,,,,,,,
17190,,,,,,,,,,,,,,,,,,,,0.243046,-0.698325,2.283146,-0.029036,0.046665,1.011685,-0.112000,-0.210000,28.063000
17195,,,,,,,,,,,,,42.677296,48.617920,0.174905,0.199962,,,,,,,,,,,,
17200,,,,0.200821,-0.622382,2.240960,0.821450,1.229054,,,,,,,,,,,,0.238016,-0.692407,2.289664,-0.039101,0.041175,1.011380,-0.203000,-0.007000,28.385000
17202,,,,,,,,,,,61.984226,65.919266,,,,,0.077287,-0.018391,-0.051568,,,,,,,,,
17205,,,,,,,,,,,,,43.532276,48.530716,0.427635,0.433019,,,,,,,,,,,,
17210,,,,,,,,,,,,,,,,,,,,0.233144,-0.686720,2.295065,0.555771,0.092415,1.220305,2.401000,-7.651000,26.488001
17215,,,,,,,,,,,,,44.251656,49.001884,0.420629,0.428430,,,,,,,,,,,,
17220,,,,,,,,,,,,,,,,,,,,0.227537,-0.680595,2.298804,0.474946,0.030988,1.011624,1.337000,-7.567000,25.886000
17225,,,,,,,,,,,,,45.401485,49.398327,0.409431,0.424570,,,,,,,,,,,,
17230,,,,,,,,,,,,,,,,,,,,0.221765,-0.674237,2.301757,0.434259,0.045018,1.022909,-0.224000,-0.623000,23.597000
17235,,,,,,,,,,,,,46.913494,50.820980,0.394706,0.410715,,,,,,,,,,,,
17240,,,,,,,,,,,,,,,,,,,,0.215964,-0.667725,2.307580,0.365695,0.045201,1.009184,0.077000,3.815000,24.716999
17245,,,,,,,,,,,,,48.185699,52.018002,0.382317,0.399057,,,,,,,,,,,,
17250,,,,0.170586,-0.585864,2.281124,0.906442,0.927927,,,,,,,,,,,,0.209593,-0.660721,2.312270,0.315309,0.038308,1.027606,0.336000,3.857000,23.562000
17252,,,,,,,,,,,68.578682,71.413055,,,,,0.081699,-0.021937,-0.032560,,,,,,,,,
17255,,,,,,,,,,,,,49.800674,53.025173,0.457296,0.464832,,,,,,,,,,,,
17260,,,,,,,,,,,,,,,,,,,,0.202878,-0.653501,2.315606,0.288835,0.037515,1.010038,0.588000,1.967000,21.742001
17265,,,,,,,,,,,,,51.159515,54.417152,0.444055,0.451268,,,,,,,,,,,,
17270,,,,,,,,,,,,,,,,,,,,0.196247,-0.646282,2.317568,0.397903,0.028792,1.013942,-0.021000,-4.067000,19.166000
17275,,,,,,,,,,,,,53.391930,56.132904,0.422302,0.434549,,,,,,,,,,,,
17280,,,,,,,,,,,,,,,,,,,,0.189102,-0.638487,2.323258,0.341356,0.041785,1.097207,0.672000,0.679000,16.457001
17285,,,,,,,,,,,,,55.270283,58.121082,0.403998,0.415175,,,,,,,,,,,,
17290,,,,,,,,,,,,,,,,,,,,0.181924,-0.630796,2.324394,0.270535,0.037515,1.012722,0.042000,1.582000,14.658000
17295,,,,,,,,,,,,,57.395271,59.793934,0.383291,0.398874,,,,,,,,,,,,
17300,,,,0.136415,-0.547368,2.310331,0.989571,0.686395,,,,,,,,,,,,0.174275,-0.622706,2.326429,0.213866,0.019947,1.022543,-0.497000,2.905000,12.523000
17302,,,,,,,,,,,74.025787,76.089149,,,,,0.081164,-0.024201,-0.016950,,,,,,,,,
17305,,,,,,,,,,,,,59.183239,61.201473,0.440799,0.449493,,,,,,,,,,,,
17310,,,,,,,,,,,,,,,,,,,,0.166718,-0.614745,2.330101,0.320616,0.025315,1.015650,-0.210000,2.072000,11.361000
17315,,,,,,,,,,,,,60.687634,62.930317,0.426133,0.432639,,,,,,,,,,,,
17320,,,,,,,,,,,,,,,,,,,,0.158749,-0.606320,2.329757,0.266509,0.029829,1.017175,1.008000,-4.746000,10.465000
17325,,,,,,,,,,,,,62.497974,64.384964,0.408485,0.418458,,,,,,,,,,,,
17330,,,,,,,,,,,,,,,,,,,,0.150700,-0.597569,2.334197,0.226066,0.012078,1.022665,-0.252000,-0.763000,7.266000
17335,,,,,,,,,,,,,64.565735,66.153450,0.388327,0.401217,,,,,,,,,,,,
17340,,,,,,,,,,,,,,,,,,,,0.142432,-0.589012,2.335153,0.174277,0.014396,1.016138,0.217000,1.575000,6.433000
17345,,,,,,,,,,,,,65.761009,67.641457,0.376674,0.386711,,,,,,,,,,,,
17350,,,,0.098715,-0.506929,2.330356,1.068646,0.487316,,,,,,,,,,,,0.134064,-0.580465,2.334775,0.128161,0.016836,1.027423,0.161000,2.667000,4.788000
17352,,,,,,,,,,,78.660645,80.122017,,,,,0.077927,-0.025436,-0.005296,,,,,,,,,
17355,,,,,,,,,,,,,67.855797,68.893463,0.419944,0.429918,,,,,,,,,,,,
17360,,,,,,,,,,,,,,,,,,,,0.125559,-0.571557,2.336795,0.207461,0.013054,1.026935,-0.294000,2.667000,4.228000
17365,,,,,,,,,,,,,69.073807,70.491447,0.408073,0.414345,,,,,,,,,,,,
17370,,,,,,,,,,,,,,,,,,,,0.117002,-0.562618,2.335515,0.172569,0.001220,1.012356,-0.847000,-2.590000,2.534000
17375,,,,,,,,,,,,,70.643188,71.835983,0.392779,0.401241,,,,,,,,,,,,
17380,,,,,,,,,,,,,,,,,,,,0.108191,-0.553603,2.337127,0.142862,-0.001220,1.019920,0.574000,-1.407000,3.087000
17385,,,,,,,,,,,,,71.963661,72.967278,0.379910,0.390216,,,,,,,,,,,,
17390,,,,,,,,,,,,,,,,,,,,0.099398,-0.544198,2.337612,0.090158,0.021045,1.029131,0.812000,1.267000,2.905000
17395,,,,,,,,,,,,,73.074707,73.919151,0.369082,0.380939,,,,,,,,,,,,
17400,,,,0.098715,-0.506929,2.330356,1.068646,0.487316,,,,,,,,,,,,0.090645,-0.535165,2.334844,0.074908,0.001342,1.025044,-0.049000,1.813000,2.898000
17402,,,,,,,,,,,67.852280,69.318542,,,,,0.015090,-0.025395,-0.005231,,,,,,,,,
17405,,,,,,,,,,,,,74.009544,74.720062,0.211346,0.224583,,,,,,,,,,,,
17410,,,,,,,,,,,,,,,,,,,,0.081666,-0.526094,2.338768,-0.252723,0.011590,1.024190,0.854000,12.215000,3.745000
17415,,,,,,,,,,,,,74.796112,75.393944,0.203673,0.218010,,,,,,,,,,,,
17420,,,,,,,,,,,,,,,,,,,,0.072989,-0.516940,2.337906,-0.247050,0.010248,1.028033,0.329000,32.886002,3.234000
17425,,,,,,,,,,,,,74.913391,75.960945,0.202529,0.212479,,,,,,,,,,,,
17430,,,,,,,,,,,,,,,,,,,,0.064441,-0.508039,2.338616,-0.249978,0.004880,1.026203,0.238000,52.556000,3.381000
17435,,,,,,,,,,,,,75.012070,75.893478,0.201566,0.213137,,,,,,,,,,,,
17440,,,,,,,,,,,,,,,,,,,,0.055968,-0.499370,2.338810,-0.242841,0.001464,1.014369,0.434000,70.693001,2.919000
17445,,,,,,,,,,,,,75.095093,75.292168,0.200757,0.219002,,,,,,,,,,,,
17450,,,,0.014760,-0.420436,2.347115,1.206965,0.165875,,,,,,,,,,,,0.047702,-0.490673,2.337811,-0.246074,0.011102,1.014003,-0.175000,84.777000,3.437000
17452,,,,,,,,,,,86.922058,87.428856,,,,,0.073537,-0.025016,0.009332,,,,,,,,,
17455,,,,,,,,,,,,,74.075867,74.786232,0.472846,0.472890,,,,,,,,,,,,
17460,,,,,,,,,,,,,,,,,,,,0.039889,-0.482656,2.340041,0.167628,0.012261,1.033584,-1.036000,54.676998,3.136000
17465,,,,,,,,,,,,,73.762833,74.360527,0.475896,0.477038,,,,,,,,,,,,
17470,,,,,,,,,,,,,,,,,,,,0.031633,-0.473948,2.340683,0.152317,-0.002074,1.037854,0.756000,-34.601002,2.191000
17475,,,,,,,,,,,,,74.588531,74.546890,0.467852,0.475222,,,,,,,,,,,,
17480,,,,,,,,,,,,,,,,,,,,0.022933,-0.465338,2.341712,0.141093,-0.000793,1.031449,0.119000,-117.837997,1.001000
17485,,,,,,,,,,,,,75.283272,75.248238,0.461083,0.468389,,,,,,,,,,,,
17490,,,,,,,,,,,,,,,,,,,,0.014260,-0.456450,2.340546,0.129686,0.013298,1.019127,-0.126000,-194.067993,1.120000
17495,,,,,,,,,,,,,75.867828,76.382896,0.455388,0.457334,,,,,,,,,,,,
17500,,,,-0.030277,-0.374523,2.344872,1.262821,0.024484,,,,,,,,,,,,0.005502,-0.447344,2.342707,0.458354,0.006100,1.008025,0.308000,-138.320007,1.526000
17502,,,,,,,,,,,91.579521,90.886642,,,,,0.077050,-0.025140,0.002165,,,,,,,,,
17505,,,,,,,,,,,,,76.904213,77.337593,0.509090,0.495362,,,,,,,,,,,,
17510,,,,,,,,,,,,,,,,,,,,-0.003561,-0.437940,2.340972,0.382653,0.274439,0.630801,-0.091000,-14.770000,0.210000
17515,,,,,,,,,,,,,77.776237,78.140877,0.500607,0.487547,,,,,,,,,,,,
17520,,,,,,,,,,,,,,,,,,,,-0.012858,-0.428357,2.342510,0.424072,-0.004636,1.004975,-0.469000,71.154999,-2.457000
17525,,,,,,,,,,,,,79.054489,78.816757,0.488171,0.480971,,,,,,,,,,,,
17530,,,,,,,,,,,,,,,,,,,,-0.022464,-0.418791,2.341923,0.280844,-0.010004,1.009184,0.406000,97.055000,-3.486000
17535,,,,,,,,,,,,,79.585472,79.929993,0.483005,0.470141,,,,,,,,,,,,
17540,,,,,,,,,,,,,,,,,,,,-0.032176,-0.408789,2.340642,0.120719,-0.007564,1.024861,-1.344000,66.975998,-2.828000
17545,,,,,,,,,,,,,81.121330,80.866661,0.468063,0.461028,,,,,,,,,,,,
17550,,,,-0.076410,-0.326950,2.335603,1.307843,-0.114329,,,,,,,,,,,,-0.042181,-0.398635,2.341034,0.069784,-0.008601,1.023702,-0.812000,3.248000,-2.058000
17552,,,,,,,,,,,94.711739,92.779503,,,,,0.075496,-0.025318,-0.005369,,,,,,,,,
17555,,,,,,,,,,,,,81.869057,82.199326,0.503784,0.474045,,,,,,,,,,,,
17560,,,,,,,,,,,,,,,,,,,,-0.051738,-0.388220,2.339053,0.112606,-0.006344,1.014613,0.749000,-58.681000,-4.438000
17565,,,,,,,,,,,,,83.587280,83.320625,0.487069,0.463137,,,,,,,,,,,,
17570,,,,,,,,,,,,,,,,,,,,-0.061989,-0.377974,2.338346,0.273036,-0.026169,1.017297,-0.623000,-50.365002,-7.371000
17575,,,,,,,,,,,,,85.032990,84.808624,0.473005,0.448661,,,,,,,,,,,,
17580,,,,,,,,,,,,,,,,,,,,-0.072106,-0.367266,2.337018,0.223016,-0.022936,1.016199,0.287000,-6.377000,-9.359000
17585,,,,,,,,,,,,,86.249413,86.060631,0.461171,0.436481,,,,,,,,,,,,
17590,,,,,,,,,,,,,,,,,,,,-0.082311,-0.356640,2.336565,0.158234,-0.025864,1.020408,-1.449000,24.003000,-11.704000
17595,,,,,,,,,,,,,87.272911,86.569527,0.451214,0.431530,,,,,,,,,,,,
17600,,,,-0.122834,-0.277819,2.318895,1.340802,-0.257698,,,,,,,,,,,,-0.092598,-0.345905,2.334924,0.089365,-0.033733,1.038342,0.224000,34.818001,-11.655000
17602,,,,,,,,,,,96.581932,93.179573,,,,,0.070313,-0.025296,-0.015972,,,,,,,,,
17605,,,,,,,,,,,,,88.134079,87.542252,0.468489,0.427545,,,,,,,,,,,,
17610,,,,,,,,,,,,,,,,,,,,-0.102794,-0.335158,2.330495,0.023119,-0.035563,1.019798,0.826000,24.233999,-14.658000
17615,,,,,,,,,,,,,88.858673,88.360710,0.461442,0.419585,,,,,,,,,,,,
17620,,,,,,,,,,,,,,,,,,,,-0.113288,-0.324268,2.328804,0.005429,-0.057157,1.013698,-0.161000,-18.725000,-19.320000
17625,,,,,,,,,,,,,90.012886,89.593895,0.450216,0.407591,,,,,,,,,,,,
17630,,,,,,,,,,,,,,,,,,,,-0.123665,-0.313097,2.322617,0.114192,0.476532,0.635193,7.833000,-7.469000,-25.528999
17635,,,,,,,,,,,,,90.984039,90.086960,0.440771,0.402796,,,,,,,,,,,,
17640,,,,,,,,,,,,,,,,,,,,-0.134043,-0.302040,2.318126,0.053680,-0.085400,1.026813,0.021000,-1.267000,-29.652000
17645,,,,,,,,,,,,,91.801163,90.501823,0.432824,0.398761,,,,,,,,,,,,
17650,,,,-0.122834,-0.277819,2.318895,1.340802,-0.257698,,,,,,,,,,,,-0.144416,-0.290849,2.312630,0.029768,-0.089548,1.027667,-0.756000,7.700000,-32.466000
17652,,,,,,,,,,,82.963539,80.972122,,,,,-0.004825,-0.024722,0.005441,,,,,,,,,
17655,,,,,,,,,,,,,92.488701,90.850883,0.239160,0.227753,,,,,,,,,,,,
17660,,,,,,,,,,,,,,,,,,,,-0.154723,-0.279600,2.308672,-0.344162,-0.133773,1.102636,-0.630000,34.376999,-33.257000
17665,,,,,,,,,,,,,93.067184,91.144592,0.233531,0.224895,,,,,,,,,,,,
17670,,,,,,,,,,,,,,,,,,,,-0.164409,-0.268716,2.302462,-0.319823,-0.079544,1.010465,0.630000,71.246002,-29.302000
17675,,,,,,,,,,,,,92.464844,90.847168,0.239392,0.227790,,,,,,,,,,,,
17680,,,,,,,,,,,,,,,,,,,,-0.174338,-0.258145,2.298581,-0.318603,-0.067649,1.012051,0.616000,106.274002,-25.396000
17685,,,,,,,,,,,,,91.958031,90.052376,0.244324,0.235524,,,,,,,,,,,,
17690,,,,,,,,,,,,,,,,,,,,-0.183376,-0.247329,2.293269,-0.316346,-0.037454,1.058899,1.498000,133.272995,-22.120001
17695,,,,,,,,,,,,,90.987053,88.839096,0.253773,0.247331,,,,,,,,,,,,
17700,,,,-0.212965,-0.175377,2.259437,1.366996,-0.589253,,,,,,,,,,,,-0.192883,-0.236911,2.290618,-0.292495,-0.044652,0.990640,0.511000,153.699005,-19.579000
17702,,,,,,,,,,,97.708076,91.506065,,,,,0.059493,-0.025480,-0.031375,,,,,,,,,
17705,,,,,,,,,,,,,90.170074,87.818237,0.464109,0.401873,,,,,,,,,,,,
17710,,,,,,,,,,,,,,,,,,,,-0.201691,-0.226762,2.288463,-0.023363,-0.028121,1.021201,1.708000,139.369995,-21.812000
17715,,,,,,,,,,,,,89.482666,86.959290,0.470791,0.410223,,,,,,,,,,,,
17720,,,,,,,,,,,,,,,,,,,,-0.210702,-0.216175,2.283355,-0.679235,-0.022936,1.109041,3.444000,83.656998,-30.422001
17725,,,,,,,,,,,,,88.904282,86.781113,0.476414,0.411955,,,,,,,,,,,,
17730,,,,,,,,,,,,,,,,,,,,-0.219646,-0.205808,2.276258,-0.046360,-0.065331,1.045845,4.200000,-109.948997,-29.722000
17735,,,,,,,,,,,,,88.962173,86.631195,0.475851,0.413413,,,,,,,,,,,,
17740,,,,,,,,,,,,,,,,,,,,-0.228473,-0.195218,2.270434,-0.020069,0.261629,0.288469,2.688000,-160.951004,-40.683998
17745,,,,,,,,,,,,,89.555428,87.049599,0.470084,0.409345,,,,,,,,,,,,
17750,,,,-0.254708,-0.122340,2.213527,1.359409,-0.796509,,,,,,,,,,,,-0.237425,-0.184397,2.261786,-0.026291,-0.121085,1.012051,2.352000,-209.335007,-48.146000
17752,,,,,,,,,,,98.146820,89.710228,,,,,0.058604,-0.026283,-0.048685,,,,,,,,,
17755,,,,,,,,,,,,,90.054588,87.401642,0.471178,0.381262,,,,,,,,,,,,
17760,,,,,,,,,,,,,,,,,,,,-0.246485,-0.173612,2.253122,-0.009699,-0.402539,1.560258,-11.053000,-248.367004,-57.729000
17765,,,,,,,,,,,,,91.019127,87.697853,0.461810,0.378385,,,,,,,,,,,,
17770,,,,,,,,,,,,,,,,,,,,-0.255377,-0.162588,2.241910,0.353434,-0.176778,1.012356,-3.437000,-166.186996,-73.122002
17775,,,,,,,,,,,,,91.286148,87.402542,0.459217,0.381253,,,,,,,,,,,,
17780,,,,,,,,,,,,,,,,,,,,-0.264151,-0.151517,2.226557,0.340136,-0.212829,1.012722,-4.032000,-13.937000,-84.461998
17785,,,,,,,,,,,,,92.055367,87.154068,0.451747,0.383666,,,,,,,,,,,,
17790,,,,,,,,,,,,,,,,,,,,-0.272797,-0.140155,2.210321,0.263581,-0.275232,0.545096,-4.011000,89.831001,-94.276001
17795,,,,,,,,,,,,,92.158035,86.945000,0.450749,0.385696,,,,,,,,,,,,
17800,,,,-0.292819,-0.068296,2.153612,1.338413,-1.047941,,,,,,,,,,,,-0.281539,-0.128405,2.194008,0.040992,-0.226920,1.378783,8.505000,126.573997,-101.388000
17802,,,,,,,,,,,96.698479,87.457382,,,,,0.055231,-0.026004,-0.041942,,,,,,,,,
17805,,,,,,,,,,,,,92.244423,86.224548,0.430124,0.361823,,,,,,,,,,,,
17810,,,,,,,,,,,,,,,,,,,,-0.289756,-0.116436,2.176246,-0.025986,0.182878,0.330986,3.696000,97.460999,-104.712997
17815,,,,,,,,,,,,,92.317116,86.162903,0.429416,0.362422,,,,,,,,,,,,
17820,,,,,,,,,,,,,,,,,,,,-0.297969,-0.104515,2.157155,-0.030744,0.172752,0.322263,5.208000,65.569000,-110.257004
17825,,,,,,,,,,,,,92.922813,86.111038,0.423524,0.362927,,,,,,,,,,,,
17830,,,,,,,,,,,,,,,,,,,,-0.306071,-0.092392,2.137606,-0.015250,0.140910,0.272487,0.987000,36.126999,-114.127998
17835,,,,,,,,,,,,,93.432457,85.522850,0.418566,0.368649,,,,,,,,,,,,
17840,,,,,,,,,,,,,,,,,,,,-0.313667,-0.080069,2.115028,-0.027694,0.146217,0.270291,3.857000,8.169000,-116.459000
17845,,,,,,,,,,,,,93.861267,85.572495,0.414395,0.368166,,,,,,,,,,,,
17850,,,,-0.326236,-0.013417,2.080539,1.305338,-1.359456,,,,,,,,,,,,-0.321064,-0.067594,2.098558,-0.118828,-0.567971,1.589477,-7.371000,-17.885000,-116.277000
17852,,,,,,,,,,,93.704735,84.458359,,,,,0.049358,-0.022935,-0.019513,,,,,,,,,
17855,,,,,,,,,,,,,94.222061,85.614265,0.369777,0.326567,,,,,,,,,,,,
17860,,,,,,,,,,,,,,,,,,,,-0.328161,-0.055163,2.076814,-0.158966,-0.387472,1.238483,-1.610000,-38.969002,-114.491997
17865,,,,,,,,,,,,,94.525642,85.649414,0.366818,0.326225,,,,,,,,,,,,
17870,,,,,,,,,,,,,,,,,,,,-0.335049,-0.042414,2.058541,-0.147071,-0.319457,1.117642,0.469000,-49.462002,-111.692001
17875,,,,,,,,,,,,,94.236526,85.678986,0.369636,0.325937,,,,,,,,,,,,
17880,,,,,,,,,,,,,,,,,,,,-0.341863,-0.029655,2.037151,-0.137921,-0.307684,1.115934,-0.812000,-60.151001,-110.607002
17885,,,,,,,,,,,,,94.537811,85.159317,0.366699,0.331002,,,,,,,,,,,,
17890,,,,,,,,,,,,,,,,,,,,-0.347958,-0.017071,2.019466,-0.043615,-0.305244,1.104405,-1.435000,-60.123001,-108.282997
17895,,,,,,,,,,,,,94.246765,85.266617,0.369536,0.329956,,,,,,,,,,,,
17900,,,,-0.326236,-0.013417,2.080539,1.305338,-1.359456,,,,,,,,,,,,-0.354119,-0.004496,1.999802,-0.009211,-0.273768,1.045967,-2.310000,-21.385000,-107.435997
17902,,,,,,,,,,,78.410812,75.470749,,,,,-0.019858,-0.021648,0.079523,,,,,,,,,
17905,,,,,,,,,,,,,94.001884,84.812363,0.161421,0.210677,,,,,,,,,,,,
17910,,,,,,,,,,,,,,,,,,,,-0.359673,0.008101,1.983897,-0.342393,-0.247111,1.031510,-1.785000,25.962999,-96.054001
17915,,,,,,,,,,,,,93.251297,84.430145,0.168749,0.214408,,,,,,,,,,,,
17920,,,,,,,,,,,,,,,,,,,,-0.365211,0.020938,1.970420,-0.319152,-0.178913,1.003328,-0.644000,77.994003,-73.843002
17925,,,,,,,,,,,,,92.075211,83.564003,0.180232,0.222865,,,,,,,,,,,,
17930,,,,,,,,,,,,,,,,,,,,-0.370245,0.033006,1.956997,-0.300974,-0.134017,1.003084,1.337000,112.217003,-52.248001
17935,,,,,,,,,,,,,90.541100,82.290695,0.195210,0.235297,,,,,,,,,,,,
17940,,,,,,,,,,,,,,,,,,,,-0.375142,0.044992,1.951651,-0.291763,-0.093086,1.032486,1.526000,138.089005,-36.112999
17945,,,,,,,,,,,,,88.705765,81.763870,0.213129,0.240440,,,,,,,,,,,,
17950,,,,-0.377762,0.097911,1.924639,1.227539,-1.559248,,,,,,,,,,,,-0.379624,0.056849,1.946750,-0.270413,-0.038613,0.990945,0.553000,155.253006,-18.865000
17952,,,,,,,,,,,87.218925,77.185692,,,,,0.037301,-0.016800,-0.021100,,,,,,,,,
17955,,,,,,,,,,,,,87.161514,80.776062,0.349434,0.273827,,,,,,,,,,,,
17960,,,,,,,,,,,,,,,,,,,,-0.384345,0.068364,1.942903,-0.155794,-0.028670,1.002901,1.806000,153.223007,-16.016001
17965,,,,,,,,,,,,,85.317635,79.400375,0.367365,0.287205,,,,,,,,,,,,
17970,,,,,,,,,,,,,,,,,,,,-0.388806,0.080252,1.939448,-0.979721,0.125416,1.130635,3.171000,128.610992,-28.917000
17975,,,,,,,,,,,,,83.766197,78.787415,0.382453,0.293166,,,,,,,,,,,,
17980,,,,,,,,,,,,,,,,,,,,-0.393251,0.091450,1.933638,-0.179828,-0.099125,1.094279,4.431000,-105.301003,-32.823002
17985,,,,,,,,,,,,,83.549904,78.271667,0.384556,0.298182,,,,,,,,,,,,
17990,,,,,,,,,,,,,,,,,,,,-0.397753,0.102691,1.926096,-0.143899,-0.103395,1.050725,3.983000,-132.432999,-49.966000
17995,,,,,,,,,,,,,82.823372,77.837723,0.391622,0.302402,,,,,,,,,,,,
18000,,,,-0.395879,0.153825,1.842871,1.192328,-1.610999,,,,,,,,,,,,-0.401899,0.114296,1.916400,-0.098698,-0.134444,1.007415,4.690000,-162.848007,-63.567001
18002,,,,,,,,,,,86.062019,72.813553,,,,,0.034873,-0.018917,-0.072000,,,,,,,,,
18005,,,,,,,,,,,,,82.756607,77.472603,0.376299,0.246078,,,,,,,,,,,,
18010,,,,,,,,,,,,,,,,,,,,-0.405819,0.125671,1.905236,-0.119621,-0.156160,1.020591,2.891000,-187.873001,-80.591003
18015,,,,,,,,,,,,,82.700439,77.165382,0.376843,0.249057,,,,,,,,,,,,
18020,,,,,,,,,,,,,,,,,,,,-0.409730,0.137349,1.888950,0.080886,-0.205143,1.050237,-0.966000,-203.742004,-100.267998
18025,,,,,,,,,,,,,82.653175,76.362350,0.377301,0.256844,,,,,,,,,,,,
18030,,,,,,,,,,,,,,,,,,,,-0.413694,0.148519,1.867112,0.189832,-0.253760,1.037793,-4.074000,-93.848999,-120.168999
18035,,,,,,,,,,,,,82.613403,75.686676,0.377687,0.263395,,,,,,,,,,,,
18040,,,,,,,,,,,,,,,,,,,,-0.416985,0.160158,1.845205,0.128161,-0.482693,1.480714,-4.725000,26.018999,-136.345993
18045,,,,,,,,,,,,,82.579941,74.573624,0.378012,0.274188,,,,,,,,,,,,
18050,,,,-0.408949,0.209531,1.758911,1.159829,-1.657471,,,,,,,,,,,,-0.420158,0.171840,1.820040,0.081008,-0.335134,1.036512,-4.249000,79.323997,-150.856995
18052,,,,,,,,,,,83.675728,70.788902,,,,,0.033431,-0.020208,-0.062671,,,,,,,,,
18055,,,,,,,,,,,,,82.551788,73.092560,0.345632,0.260754,,,,,,,,,,,,
18060,,,,,,,,,,,,,,,,,,,,-0.423101,0.183681,1.791056,-0.055754,-0.380579,1.104344,-2.996000,97.488998,-159.354996
18065,,,,,,,,,,,,,81.983559,72.390930,0.351158,0.267577,,,,,,,,,,,,
18070,,,,,,,,,,,,,,,,,,,,-0.425582,0.195324,1.764506,-0.104310,-0.635742,1.646817,-9.996000,87.857002,-164.772995
18075,,,,,,,,,,,,,82.049995,71.256042,0.350512,0.278613,,,,,,,,,,,,
18080,,,,,,,,,,,,,,,,,,,,-0.427812,0.207293,1.734705,-0.083692,-0.324154,1.172054,6.090000,62.069000,-167.285995
18085,,,,,,,,,,,,,82.105888,70.301147,0.349968,0.287899,,,,,,,,,,,,
18090,,,,,,,,,,,,,,,,,,,,-0.429564,0.219066,1.706929,-0.047702,-0.466650,0.403027,4.249000,34.209000,-168.182007
18095,,,,,,,,,,,,,82.152924,70.042236,0.349511,0.290416,,,,,,,,,,,,
18100,,,,-0.417038,0.264735,1.673020,1.130025,-1.698590,,,,,,,,,,,,-0.431114,0.230783,1.675820,-0.102968,-0.445666,1.225734,1.722000,9.079000,-166.173004
18102,,,,,,,,,,,80.189514,70.406448,,,,,0.032084,-0.017688,-0.005324,,,,,,,,,
18105,,,,,,,,,,,,,82.192490,69.279846,0.301194,0.292630,,,,,,,,,,,,
18110,,,,,,,,,,,,,,,,,,,,-0.432473,0.242721,1.647941,-0.206912,-0.618418,1.634373,-5.376000,-11.879000,-161.455002
18115,,,,,,,,,,,,,81.681244,69.182922,0.306187,0.293577,,,,,,,,,,,,
18120,,,,,,,,,,,,,,,,,,,,-0.433181,0.254626,1.619570,-0.159271,-0.200385,1.434781,15.540000,-32.123001,-146.860001
18125,,,,,,,,,,,,,81.795624,69.101364,0.305070,0.294374,,,,,,,,,,,,
18130,,,,,,,,,,,,,,,,,,,,-0.433570,0.266508,1.595098,-0.109983,-0.321470,1.098061,1.659000,-51.513000,-135.289001
18135,,,,,,,,,,,,,81.347321,68.488197,0.309449,0.300363,,,,,,,,,,,,
18140,,,,,,,,,,,,,,,,,,,,-0.433772,0.278050,1.575049,-0.045506,-0.449753,0.390827,1.757000,-71.106003,-123.347000
18145,,,,,,,,,,,,,81.514664,68.516823,0.307814,0.300083,,,,,,,,,,,,
18150,,,,-0.417038,0.264735,1.673020,1.130025,-1.698590,,,,,,,,,,,,-0.433974,0.289753,1.551966,-0.119743,-0.447191,1.815848,-10.367000,-89.439003,-114.247002
18152,,,,,,,,,,,66.437660,63.567963,,,,,-0.024855,-0.017399,0.120866,,,,,,,,,
18155,,,,,,,,,,,,,81.110916,69.085457,0.122079,0.200248,,,,,,,,,,,,
18160,,,,,,,,,,,,,,,,,,,,-0.433533,0.301459,1.534838,-0.321165,-0.293044,1.240740,-4.137000,-36.582001,-97.103996
18165,,,,,,,,,,,,,80.226669,68.474815,0.130737,0.206227,,,,,,,,,,,,
18170,,,,,,,,,,,,,,,,,,,,-0.433295,0.312742,1.522412,-0.256017,-0.145302,1.069025,-1.323000,19.452999,-65.653000
18175,,,,,,,,,,,,,78.938110,68.505562,0.143354,0.205926,,,,,,,,,,,,
18180,,,,,,,,,,,,,,,,,,,,-0.432738,0.323767,1.512774,-0.229848,-0.088267,1.025471,-0.049000,57.259998,-38.297001
18185,,,,,,,,,,,,,77.309380,67.986893,0.159301,0.211004,,,,,,,,,,,,
18190,,,,,,,,,,,,,,,,,,,,-0.431998,0.334568,1.509163,-0.213622,-0.042700,1.011868,-0.161000,73.086998,-15.862000
18195,,,,,,,,,,,,,75.394424,67.550484,0.178052,0.215278,,,,,,,,,,,,
18200,,,,-0.418657,0.372432,1.496344,1.078111,-1.766419,,,,,,,,,,,,-0.431314,0.345002,1.508479,-0.197823,-0.000305,1.017907,0.441000,82.761002,-0.287000
18202,,,,,,,,,,,76.429268,66.335632,,,,,0.027965,-0.010828,-0.009514,,,,,,,,,
18205,,,,,,,,,,,,,73.783180,66.638741,0.331447,0.262395,,,,,,,,,,,,
18210,,,,,,,,,,,,,,,,,,,,-0.430625,0.355543,1.508026,-0.043493,-0.010492,1.030778,-0.322000,69.824997,-2.261000
18215,,,,,,,,,,,,,72.427475,66.416153,0.344630,0.264560,,,,,,,,,,,,
18220,,,,,,,,,,,,,,,,,,,,-0.429864,0.365750,1.506348,-0.043249,-0.024400,1.021628,0.231000,33.334000,-15.785000
18225,,,,,,,,,,,,,71.286789,66.228859,0.355722,0.266381,,,,,,,,,,,,
18230,,,,,,,,,,,,,,,,,,,,-0.429251,0.376253,1.501739,-0.049044,-0.055632,1.069208,1.043000,-4.137000,-31.219999
18235,,,,,,,,,,,,,70.327019,65.526733,0.365054,0.273208,,,,,,,,,,,,
18240,,,,,,,,,,,,,,,,,,,,-0.428746,0.386699,1.496305,-0.028548,-0.089670,1.024068,0.756000,-43.294998,-45.290001
18245,,,,,,,,,,,,,70.064003,65.480507,0.367612,0.273658,,,,,,,,,,,,
18250,,,,-0.412432,0.424311,1.405889,1.055694,-1.794844,,,,,,,,,,,,-0.427701,0.397346,1.487522,-0.024827,-0.154696,1.247511,-2.807000,-81.592003,-59.269001
18252,,,,,,,,,,,76.717026,62.870632,,,,,0.027948,-0.012841,-0.079501,,,,,,,,,
18255,,,,,,,,,,,,,70.387253,65.441605,0.368151,0.226591,,,,,,,,,,,,
18260,,,,,,,,,,,,,,,,,,,,-0.426783,0.407840,1.472455,0.016653,-0.414678,0.363560,0.357000,-117.579002,-76.846001
18265,,,,,,,,,,,,,70.659233,65.408882,0.365518,0.226908,,,,,,,,,,,,
18270,,,,,,,,,,,,,,,,,,,,-0.425988,0.418235,1.458579,0.231617,-0.326838,0.570594,-1.218000,-100.043999,-100.365997
18275,,,,,,,,,,,,,70.888077,64.836800,0.363302,0.232447,,,,,,,,,,,,
18280,,,,,,,,,,,,,,,,,,,,-0.424351,0.428783,1.437791,0.135176,-0.281332,1.232444,-6.342000,-21.749001,-122.212997
18285,,,,,,,,,,,,,71.080620,64.355453,0.361438,0.237107,,,,,,,,,,,,
18290,,,,,,,,,,,,,,,,,,,,-0.422969,0.439282,1.412674,0.048983,-0.483181,1.636264,-10.262000,45.395000,-138.873001
18295,,,,,,,,,,,,,71.242638,63.405903,0.359869,0.246300,,,,,,,,,,,,
18300,,,,-0.401713,0.474464,1.314139,1.035400,-1.821172,,,,,,,,,,,,-0.421471,0.449957,1.388487,0.114375,0.131211,0.438834,0.875000,57.393002,-155.742996
18302,,,,,,,,,,,75.386436,61.582649,,,,,0.027506,-0.015012,-0.076200,,,,,,,,,
18305,,,,,,,,,,,,,71.923492,62.606953,0.335177,0.236383,,,,,,,,,,,,
18310,,,,,,,,,,,,,,,,,,,,-0.419393,0.460195,1.360855,-0.022265,0.157014,0.313052,2.044000,57.575001,-165.934998
18315,,,,,,,,,,,,,71.951820,61.934715,0.334902,0.242911,,,,,,,,,,,,
18320,,,,,,,,,,,,,,,,,,,,-0.416871,0.470933,1.328501,-0.095953,-0.251747,1.434598,12.551000,31.017000,-173.998993
18325,,,,,,,,,,,,,72.520203,61.369095,0.329382,0.248405,,,,,,,,,,,,
18330,,,,,,,,,,,,,,,,,,,,-0.414316,0.481181,1.298079,-0.062037,-0.350018,1.040355,1.484000,2.919000,-177.296005
18335,,,,,,,,,,,,,72.998444,60.893185,0.324737,0.253027,,,,,,,,,,,,
18340,,,,,,,,,,,,,,,,,,,,-0.411298,0.491521,1.267666,-0.071248,-0.446642,1.240740,-2.597000,-24.129000,-178.751999
18345,,,,,,,,,,,,,73.400826,61.037292,0.320830,0.251627,,,,,,,,,,,,
18350,,,,-0.386673,0.522583,1.221103,1.017060,-1.846707,,,,,,,,,,,,-0.408091,0.501631,1.236135,-0.100772,-0.671610,1.821643,-9.597000,-48.195000,-178.472000
18352,,,,,,,,,,,72.868706,61.901222,,,,,0.026687,-0.013486,-0.018061,,,,,,,,,
18355,,,,,,,,,,,,,73.739395,60.614006,0.282976,0.260170,,,,,,,,,,,,
18360,,,,,,,,,,,,,,,,,,,,-0.404556,0.511684,1.204903,0.140849,0.122183,0.566873,10.010000,-30.030001,-174.488998
18365,,,,,,,,,,,,,73.479729,60.257851,0.285511,0.263646,,,,,,,,,,,,
18370,,,,,,,,,,,,,,,,,,,,-0.400663,0.521758,1.175894,0.146156,0.147742,0.558150,8.533000,2.562000,-164.723999
18375,,,,,,,,,,,,,73.805779,59.958179,0.282328,0.266571,,,,,,,,,,,,
18380,,,,,,,,,,,,,,,,,,,,-0.396686,0.531286,1.148654,-0.006527,-0.298473,1.035353,-1.001000,17.605000,-151.130005
18385,,,,,,,,,,,,,73.535583,59.706039,0.284965,0.269033,,,,,,,,,,,,
18390,,,,,,,,,,,,,,,,,,,,-0.391916,0.540942,1.124022,-0.070699,-0.519781,1.543910,-9.744000,34.474998,-140.266006
18395,,,,,,,,,,,,,73.308235,60.038429,0.287184,0.265788,,,,,,,,,,,,
18400,,,,-0.367499,0.568362,1.126735,1.000543,-1.872667,,,,,,,,,,,,-0.387455,0.550256,1.100032,-0.061976,-0.249917,1.017236,-0.364000,8.316000,-129.352997
18402,,,,,,,,,,,70.501732,61.651855,,,,,0.025075,-0.009636,0.025664,,,,,,,,,
18405,,,,,,,,,,,,,73.116943,59.773563,0.256444,0.264967,,,,,,,,,,,,
18410,,,,,,,,,,,,,,,,,,,,-0.382657,0.559649,1.078369,-0.047153,-0.351482,0.353495,-0.308000,-13.769000,-116.339996
18415,,,,,,,,,,,,,72.411453,60.095245,0.263340,0.261823,,,,,,,,,,,,
18420,,,,,,,,,,,,,,,,,,,,-0.377515,0.568758,1.062598,0.092110,-0.303414,0.462197,-0.070000,-22.687000,-102.466003
18425,,,,,,,,,,,,,72.362396,59.821365,0.263820,0.264500,,,,,,,,,,,,
18430,,,,,,,,,,,,,,,,,,,,-0.372495,0.577887,1.043305,-0.074969,-0.085522,1.385554,8.862000,0.665000,-91.455002
18435,,,,,,,,,,,,,71.776573,60.135468,0.269546,0.261430,,,,,,,,,,,,
18440,,,,,,,,,,,,,,,,,,,,-0.367318,0.586851,1.029622,0.096380,-0.292129,0.456951,-1.036000,5.236000,-80.380997
18445,,,,,,,,,,,,,71.283661,60.399750,0.274364,0.258846,,,,,,,,,,,,
18450,,,,-0.344394,0.611501,1.030950,0.985769,-1.900019,,,,,,,,,,,,-0.361856,0.595593,1.017716,-0.024278,-0.137616,1.018090,-0.049000,9.597000,-72.646004
18452,,,,,,,,,,,69.466064,60.042175,,,,,0.022607,-0.006444,0.014962,,,,,,,,,
18455,,,,,,,,,,,,,70.324387,60.077576,0.269496,0.239824,,,,,,,,,,,,
18460,,,,,,,,,,,,,,,,,,,,-0.356495,0.604429,1.004732,-0.080581,-0.121573,1.026935,-0.147000,0.224000,-67.654999
18465,,,,,,,,,,,,,70.061790,60.351040,0.272056,0.237157,,,,,,,,,,,,
18470,,,,,,,,,,,,,,,,,,,,-0.350848,0.612947,0.993799,0.097478,0.189527,0.412177,-1.029000,-13.818000,-66.192001
18475,,,,,,,,,,,,,69.296303,60.581135,0.279519,0.234914,,,,,,,,,,,,
18480,,,,,,,,,,,,,,,,,,,,-0.345435,0.621565,0.981516,-0.034770,-0.124257,1.001681,-0.560000,-5.628000,-66.094002
18485,,,,,,,,,,,,,69.196762,60.774738,0.280490,0.233026,,,,,,,,,,,,
18490,,,,,,,,,,,,,,,,,,,,-0.339799,0.629982,0.968742,-0.030927,-0.123586,1.018456,-0.994000,3.829000,-69.117996
18495,,,,,,,,,,,,,68.568466,60.393089,0.286616,0.236747,,,,,,,,,,,,
18500,,,,-0.317575,0.651706,0.933647,0.972736,-1.929327,,,,,,,,,,,,-0.333917,0.638268,0.959678,-0.058499,-0.204472,1.226161,-3.857000,12.915000,-70.783997
18502,,,,,,,,,,,69.239746,57.838955,,,,,0.020281,-0.005585,-0.024206,,,,,,,,,
18505,,,,,,,,,,,,,68.039818,60.071972,0.288619,0.209657,,,,,,,,,,,,
18510,,,,,,,,,,,,,,,,,,,,-0.328116,0.646331,0.944953,-0.129442,0.010065,1.483032,11.459000,-7.252000,-75.327003
18515,,,,,,,,,,,,,68.139557,60.346325,0.287650,0.206991,,,,,,,,,,,,
18520,,,,,,,,,,,,,,,,,,,,-0.322263,0.654687,0.930900,-0.051240,-0.157258,1.017541,-0.175000,-5.579000,-84.924004
18525,,,,,,,,,,,,,67.678940,60.032623,0.292126,0.210039,,,,,,,,,,,,
18530,,,,,,,,,,,,,,,,,,,,-0.316072,0.662371,0.918003,-0.036417,-0.176595,1.019920,-0.063000,3.514000,-93.778999
18535,,,,,,,,,,,,,67.291367,59.768677,0.295892,0.212604,,,,,,,,,,,,
18540,,,,,,,,,,,,,,,,,,,,-0.310308,0.670289,0.897980,-0.074847,-0.189405,1.035414,-0.735000,5.432000,-103.348000
18545,,,,,,,,,,,,,67.509811,59.002048,0.293769,0.220054,,,,,,,,,,,,
18550,,,,-0.287270,0.688695,0.834742,0.961527,-1.960593,,,,,,,,,,,,-0.303916,0.677939,0.879344,-0.014030,-0.200873,1.047614,-0.182000,-13.097000,-109.850998
18552,,,,,,,,,,,68.793549,56.298687,,,,,0.018767,-0.005937,-0.044372,,,,,,,,,
18555,,,,,,,,,,,,,67.149071,58.901550,0.291151,0.199907,,,,,,,,,,,,
18560,,,,,,,,,,,,,,,,,,,,-0.297419,0.685444,0.859845,-0.038369,-0.210328,1.033584,-1.918000,-3.514000,-117.250000
18565,,,,,,,,,,,,,67.390083,58.272446,0.288810,0.206019,,,,,,,,,,,,
18570,,,,,,,,,,,,,,,,,,,,-0.291178,0.692839,0.836992,-0.027572,-0.234118,1.020347,-1.617000,4.095000,-126.217003
18575,,,,,,,,,,,,,67.048325,57.743118,0.292130,0.211161,,,,,,,,,,,,
18580,,,,,,,,,,,,,,,,,,,,-0.284335,0.700153,0.814027,-0.006771,-0.348249,0.352763,-1.085000,3.178000,-132.488998
18585,,,,,,,,,,,,,67.305313,57.297745,0.289633,0.215488,,,,,,,,,,,,
18590,,,,,,,,,,,,,,,,,,,,-0.277607,0.707032,0.792538,0.121207,-0.294874,0.463600,0.420000,-10.710000,-137.570999
18595,,,,,,,,,,,,,66.977005,56.923004,0.292823,0.219129,,,,,,,,,,,,
18600,,,,-0.253720,0.722196,0.734201,0.952317,-1.993140,,,,,,,,,,,,-0.270991,0.713872,0.766339,0.082716,0.239120,0.554795,9.107000,5.124000,-140.455002
18602,,,,,,,,,,,67.958450,55.809139,,,,,0.018077,-0.006016,-0.033544,,,,,,,,,
18605,,,,,,,,,,,,,67.245308,56.607700,0.278772,0.215467,,,,,,,,,,,,
18610,,,,,,,,,,,,,,,,,,,,-0.264039,0.720636,0.741105,-0.070089,-0.351055,1.261480,-3.752000,12.411000,-142.709000
18615,,,,,,,,,,,,,66.926514,55.797859,0.281874,0.223346,,,,,,,,,,,,
18620,,,,,,,,,,,,,,,,,,,,-0.256648,0.727005,0.717666,-0.063074,-0.281271,1.086471,-1.764000,-11.648000,-142.548004
18625,,,,,,,,,,,,,67.202820,55.661003,0.279185,0.224678,,,,,,,,,,,,
18630,,,,,,,,,,,,,,,,,,,,-0.249358,0.733184,0.690522,-0.013664,-0.258823,1.037610,-1.302000,-4.886000,-141.078003
18635,,,,,,,,,,,,,66.890762,55.545849,0.282222,0.225798,,,,,,,,,,,,
18640,,,,,,,,,,,,,,,,,,,,-0.241833,0.739347,0.668341,0.109190,-0.308477,0.456402,-0.252000,1.155000,-139.979004
18645,,,,,,,,,,,,,67.172745,54.904419,0.279478,0.232039,,,,,,,,,,,,
18650,,,,-0.217173,0.751951,0.632090,0.945372,-2.025538,,,,,,,,,,,,-0.234398,0.745051,0.643381,-0.074054,-0.481595,1.638521,-11.802000,-2.576000,-138.389999
18652,,,,,,,,,,,67.077560,55.792519,,,,,0.017795,-0.004845,-0.011894,,,,,,,,,
18655,,,,,,,,,,,,,66.865456,54.909264,0.270378,0.231782,,,,,,,,,,,,
18660,,,,,,,,,,,,,,,,,,,,-0.226456,0.750982,0.620264,-0.031781,-0.257054,1.100318,-2.247000,-1.274000,-132.923004
18665,,,,,,,,,,,,,66.606911,54.368793,0.272899,0.237052,,,,,,,,,,,,
18670,,,,,,,,,,,,,,,,,,,,-0.218769,0.756125,0.597015,0.002806,-0.215086,1.023214,-1.260000,2.996000,-127.498001
18675,,,,,,,,,,,,,66.389366,54.458588,0.275021,0.236177,,,,,,,,,,,,
18680,,,,,,,,,,,,,,,,,,,,-0.211025,0.761642,0.574895,-0.052399,-0.140117,1.384883,9.863000,2.765000,-123.185997
18685,,,,,,,,,,,,,66.206322,54.534138,0.276805,0.235440,,,,,,,,,,,,
18690,,,,,,,,,,,,,,,,,,,,-0.202617,0.766863,0.554790,-0.058072,-0.412543,1.555866,-9.429000,6.853000,-118.978996
18695,,,,,,,,,,,,,66.052315,54.597706,0.278307,0.234820,,,,,,,,,,,,
18700,,,,-0.177884,0.777718,0.528591,0.941042,-2.055599,,,,,,,,,,,,-0.194674,0.771587,0.532923,-0.010614,-0.218685,1.073478,-2.205000,-4.284000,-116.584999
18702,,,,,,,,,,,66.644775,55.587967,,,,,0.017476,-0.003261,-0.004471,,,,,,,,,
18705,,,,,,,,,,,,,65.922729,54.106651,0.273614,0.236783,,,,,,,,,,,,
18710,,,,,,,,,,,,,,,,,,,,-0.186463,0.776420,0.514925,-0.003660,-0.187331,1.022848,-0.448000,0.070000,-112.665001
18715,,,,,,,,,,,,,65.813698,54.238022,0.274676,0.235504,,,,,,,,,,,,
18720,,,,,,,,,,,,,,,,,,,,-0.178366,0.781196,0.493325,-0.043432,-0.171532,1.014796,0.238000,-3.549000,-108.961998
18725,,,,,,,,,,,,,65.177414,54.348553,0.280875,0.234427,,,,,,,,,,,,
18730,,,,,,,,,,,,,,,,,,,,-0.169792,0.785607,0.476027,0.017385,-0.253882,0.940498,-0.217000,-13.300000,-106.322998
18735,,,,,,,,,,,,,65.186584,54.441559,0.280785,0.233521,,,,,,,,,,,,
18740,,,,,,,,,,,,,,,,,,,,-0.161426,0.789737,0.457252,0.126514,-0.297924,0.466955,-1.120000,-2.443000,-104.846001
18745,,,,,,,,,,,,,65.194305,54.519810,0.280710,0.232758,,,,,,,,,,,,
18750,,,,-0.136112,0.799272,0.424041,0.939741,-2.080491,,,,,,,,,,,,-0.152760,0.793983,0.439378,0.094123,0.227469,0.554246,9.562000,12.950000,-105.042000
18752,,,,,,,,,,,66.798363,55.177975,,,,,0.017229,-0.002256,-0.014644,,,,,,,,,
18755,,,,,,,,,,,,,65.200798,54.585651,0.282741,0.226476,,,,,,,,,,,,
18760,,,,,,,,,,,,,,,,,,,,-0.144138,0.797883,0.419773,-0.024888,0.145302,0.266326,-0.238000,9.149000,-103.467003
18765,,,,,,,,,,,,,64.661720,54.641052,0.287987,0.225937,,,,,,,,,,,,
18770,,,,,,,,,,,,,,,,,,,,-0.135348,0.801804,0.403616,-0.047763,-0.372100,1.486570,-9.520000,-6.580000,-105.035004
18775,,,,,,,,,,,,,64.752686,54.143120,0.287102,0.230783,,,,,,,,,,,,
18780,,,,,,,,,,,,,,,,,,,,-0.126633,0.805387,0.385319,0.001891,-0.203618,1.079822,-2.121000,-4.998000,-107.583000
18785,,,,,,,,,,,,,64.829224,54.268707,0.286357,0.229561,,,,,,,,,,,,
18790,,,,,,,,,,,,,,,,,,,,-0.117893,0.808843,0.363427,0.015006,-0.183061,1.021872,-0.644000,2.219000,-108.430000
18795,,,,,,,,,,,,,64.349075,54.374374,0.291030,0.228533,,,,,,,,,,,,
18800,,,,-0.092122,0.816408,0.318949,0.941918,-2.096966,,,,,,,,,,,,-0.108951,0.812203,0.346389,-0.039345,-0.100040,1.394643,9.695000,12.593000,-110.194000
18802,,,,,,,,,,,67.234261,54.969814,,,,,0.017197,-0.001744,-0.027191,,,,,,,,,
18805,,,,,,,,,,,,,64.489624,54.463280,0.295621,0.224804,,,,,,,,,,,,
18810,,,,,,,,,,,,,,,,,,,,-0.099974,0.815450,0.325976,0.007442,-0.176107,1.056764,0.028000,-4.949000,-113.154999
18815,,,,,,,,,,,,,64.607880,54.538090,0.294472,0.224077,,,,,,,,,,,,
18820,,,,,,,,,,,,,,,,,,,,-0.091056,0.818351,0.306207,-0.024034,-0.271755,1.168150,-4.536000,2.233000,-116.746002
18825,,,,,,,,,,,,,64.707382,54.056488,0.293504,0.228759,,,,,,,,,,,,
18830,,,,,,,,,,,,,,,,,,,,-0.082022,0.821270,0.285798,0.112423,-0.319762,0.466284,-0.154000,-4.823000,-120.554001
18835,,,,,,,,,,,,,64.791107,54.195812,0.292690,0.227404,,,,,,,,,,,,
18840,,,,,,,,,,,,,,,,,,,,-0.072887,0.823704,0.263890,-0.039833,-0.416813,1.552084,-9.737000,9.919000,-121.709000
18845,,,,,,,,,,,,,64.317001,54.313042,0.297300,0.226265,,,,,,,,,,,,
18850,,,,-0.046180,0.828941,0.213975,0.948024,-2.101743,,,,,,,,,,,,-0.063630,0.826098,0.243345,0.020679,-0.216611,1.036512,-0.469000,-7.672000,-123.900002
18852,,,,,,,,,,,67.745834,55.328583,,,,,0.017563,-0.001460,-0.029978,,,,,,,,,
18855,,,,,,,,,,,,,64.462639,53.867134,0.302901,0.235522,,,,,,,,,,,,
18860,,,,,,,,,,,,,,,,,,,,-0.054450,0.828459,0.219743,0.117242,0.141459,0.442799,1.680000,1.379000,-128.184006
18865,,,,,,,,,,,,,65.129723,54.036488,0.296416,0.233875,,,,,,,,,,,,
18870,,,,,,,,,,,,,,,,,,,,-0.045221,0.830690,0.197083,-0.033550,-0.230519,1.042734,-0.798000,1.708000,-128.876999
18875,,,,,,,,,,,,,65.146454,53.634441,0.296253,0.237784,,,,,,,,,,,,
18880,,,,,,,,,,,,,,,,,,,,-0.035675,0.832353,0.174150,-0.019276,-0.138958,1.377380,8.484000,-6.517000,-129.472000
18885,,,,,,,,,,,,,65.160538,53.840702,0.296116,0.235779,,,,,,,,,,,,
18890,,,,,,,,,,,,,,,,,,,,-0.026336,0.833985,0.153016,0.025254,-0.247233,1.078785,-1.029000,-1.561000,-129.626007
18895,,,,,,,,,,,,,65.172394,54.014252,0.296001,0.234092,,,,,,,,,,,,
18900,,,,0.001450,0.836710,0.109901,0.958469,-2.091960,,,,,,,,,,,,-0.016911,0.835224,0.130919,-0.039406,-0.446337,1.709281,-9.926000,16.205000,-129.373993
18902,,,,,,,,,,,68.316277,56.339291,,,,,0.018337,-0.000927,-0.021560,,,,,,,,,
18905,,,,,,,,,,,,,65.182365,53.615730,0.303767,0.251865,,,,,,,,,,,,
18910,,,,,,,,,,,,,,,,,,,,-0.007326,0.836457,0.106244,-0.009699,-0.423035,0.373076,-1.435000,2.982000,-129.850006
18915,,,,,,,,,,,,,65.190750,53.824963,0.303685,0.249829,,,,,,,,,,,,
18920,,,,,,,,,,,,,,,,,,,,0.002160,0.837641,0.086188,-0.012322,-0.430782,1.526647,-8.694000,-2.149000,-127.889999
18925,,,,,,,,,,,,,65.742355,54.001007,0.298317,0.248115,,,,,,,,,,,,
18930,,,,,,,,,,,,,,,,,,,,0.011723,0.838218,0.064623,0.118828,-0.352092,0.474885,0.224000,-3.514000,-128.016006
18935,,,,,,,,,,,,,65.661926,54.149132,0.299099,0.246674,,,,,,,,,,,,
18940,,,,,,,,,,,,,,,,,,,,0.021330,0.838887,0.041302,-0.019276,-0.431087,1.533662,-10.129000,11.459000,-125.712997
18945,,,,,,,,,,,,,65.594261,54.273762,0.299758,0.245460,,,,,,,,,,,,
18950,,,,0.050505,0.839578,0.007575,0.973589,-2.065650,,,,,,,,,,,,0.031173,0.839343,0.017077,-0.032147,-0.068015,1.455277,11.046000,0.413000,-125.544998
18952,,,,,,,,,,,69.082253,57.794224,,,,,0.019304,-0.000072,-0.010029,,,,,,,,,
18955,,,,,,,,,,,,,65.537323,54.378628,0.310843,0.264432,,,,,,,,,,,,
18960,,,,,,,,,,,,,,,,,,,,0.040824,0.839252,-0.004997,-0.004453,-0.360266,1.537444,-10.724000,-0.203000,-124.046997
18965,,,,,,,,,,,,,66.033958,54.466862,0.306008,0.263573,,,,,,,,,,,,
18970,,,,,,,,,,,,,,,,,,,,0.050417,0.839161,-0.024747,0.018544,-0.099064,1.398242,8.701000,4.641000,-122.142998
18975,,,,,,,,,,,,,65.907280,54.541100,0.307241,0.262850,,,,,,,,,,,,
18980,,,,,,,,,,,,,,,,,,,,0.060060,0.838800,-0.045611,0.025132,-0.277733,1.197735,-3.976000,4.298000,-118.622002
18985,,,,,,,,,,,,,66.345245,54.603565,0.302977,0.262242,,,,,,,,,,,,
18990,,,,,,,,,,,,,,,,,,,,0.070207,0.838495,-0.064782,-0.007137,-0.083692,1.373964,8.666000,10.143000,-116.822998
18995,,,,,,,,,,,,,66.169197,55.200668,0.304691,0.256428,,,,,,,,,,,,
19000,,,,0.100722,0.837430,-0.092145,0.993601,-2.022078,,,,,,,,,,,,0.079997,0.837575,-0.084313,-0.018971,-0.412299,1.478213,-9.576000,3.822000,-112.679001
19002,,,,,,,,,,,70.356087,59.453320,,,,,0.020638,0.001600,-0.007593,,,,,,,,,
19005,,,,,,,,,,,,,66.565620,55.158524,0.318321,0.279619,,,,,,,,,,,,
19010,,,,,,,,,,,,,,,,,,,,0.089832,0.836833,-0.103803,0.126087,-0.412116,0.505263,-1.050000,-2.044000,-111.089996
19015,,,,,,,,,,,,,66.354622,55.667610,0.320374,0.274663,,,,,,,,,,,,
19020,,,,,,,,,,,,,,,,,,,,0.099608,0.835607,-0.125180,0.151585,0.137311,0.418399,-0.525000,-9.576000,-108.779999
19025,,,,,,,,,,,,,66.721634,55.551411,0.316802,0.275794,,,,,,,,,,,,
19030,,,,,,,,,,,,,,,,,,,,0.109565,0.834415,-0.142798,0.057340,-0.216916,1.064084,-2.149000,-4.697000,-107.583000
19035,,,,,,,,,,,,,67.030441,55.998184,0.313796,0.271445,,,,,,,,,,,,
19040,,,,,,,,,,,,,,,,,,,,0.119431,0.832855,-0.160053,0.001830,-0.068137,1.373964,8.148000,6.202000,-105.133003
19045,,,,,,,,,,,,,66.745720,56.374100,0.316567,0.267786,,,,,,,,,,,,
19050,,,,0.100722,0.837430,-0.092145,0.993601,-2.022078,,,,,,,,,,,,0.129563,0.831222,-0.180259,0.136030,0.133041,0.400038,-0.931000,1.890000,-104.418999
19052,,,,,,,,,,,59.204952,52.899075,,,,,-0.029480,0.000955,0.088394,,,,,,,,,
19055,,,,,,,,,,,,,67.050705,56.690392,0.160388,0.174662,,,,,,,,,,,,
19060,,,,,,,,,,,,,,,,,,,,0.139423,0.829432,-0.196388,-0.248209,-0.237351,1.180045,-3.759000,9.632000,-98.475998
19065,,,,,,,,,,,,,67.307320,56.956524,0.157888,0.172070,,,,,,,,,,,,
19070,,,,,,,,,,,,,,,,,,,,0.149069,0.827603,-0.213252,-0.205143,-0.153720,1.044381,-0.196000,20.356001,-80.128998
19075,,,,,,,,,,,,,66.434143,57.180447,0.166395,0.169888,,,,,,,,,,,,
19080,,,,,,,,,,,,,,,,,,,,0.158750,0.825224,-0.227502,-0.231678,-0.194163,1.237812,-4.599000,31.653999,-68.425003
19085,,,,,,,,,,,,,65.699455,56.824310,0.173552,0.173358,,,,,,,,,,,,
19090,,,,,,,,,,,,,,,,,,,,0.167925,0.823229,-0.237729,-0.186111,-0.094123,1.006744,0.280000,36.931999,-55.671001
19095,,,,,,,,,,,,,65.081291,56.524658,0.179574,0.176277,,,,,,,,,,,,
19100,,,,0.151847,0.830181,-0.188473,1.018583,-1.961894,,,,,,,,,,,,0.176699,0.821173,-0.244108,-0.170739,-0.082655,1.021567,0.819000,38.066002,-47.292000
19102,,,,,,,,,,,61.947529,54.577972,,,,,-0.026384,0.002734,0.057157,,,,,,,,,
19105,,,,,,,,,,,,,64.016624,56.272530,0.227678,0.201840,,,,,,,,,,,,
19110,,,,,,,,,,,,,,,,,,,,0.185662,0.818666,-0.251312,-0.123403,-0.071675,1.008635,0.322000,31.451000,-39.535999
19115,,,,,,,,,,,,,63.120815,56.060390,0.236385,0.203902,,,,,,,,,,,,
19120,,,,,,,,,,,,,,,,,,,,0.194411,0.816481,-0.260026,-0.115961,-0.076250,1.022177,0.483000,14.756000,-40.389999
19125,,,,,,,,,,,,,62.367081,55.881897,0.243712,0.205637,,,,,,,,,,,,
19130,,,,,,,,,,,,,,,,,,,,0.203141,0.814021,-0.266516,-0.103212,-0.060756,1.021811,2.450000,-4.375000,-39.696999
19135,,,,,,,,,,,,,61.732887,55.731712,0.249877,0.207097,,,,,,,,,,,,
19140,,,,,,,,,,,,,,,,,,,,0.211732,0.811673,-0.271644,-0.086193,-0.072407,1.007049,0.763000,-26.389999,-42.819000
19145,,,,,,,,,,,,,61.199276,55.605347,0.255063,0.208326,,,,,,,,,,,,
19150,,,,0.255768,0.800589,-0.352904,1.082614,-1.685644,,,,,,,,,,,,0.220484,0.809450,-0.280148,-0.078324,-0.075091,1.021140,1.813000,-47.375999,-45.814999
19152,,,,,,,,,,,79.157814,66.661942,,,,,0.036184,0.001335,-0.071171,,,,,,,,,
19155,,,,,,,,,,,,,60.750298,55.499020,0.494882,0.374745,,,,,,,,,,,,
19160,,,,,,,,,,,,,,,,,,,,0.228875,0.806822,-0.287585,0.363499,-0.280356,1.621746,-8.967000,-94.605003,-50.463001
19165,,,,,,,,,,,,,60.917068,55.409561,0.493267,0.375611,,,,,,,,,,,,
19170,,,,,,,,,,,,,,,,,,,,0.237913,0.804121,-0.300788,0.531432,-0.107238,1.019554,-0.525000,-116.319000,-77.385002
19175,,,,,,,,,,,,,61.601933,55.878830,0.486635,0.371067,,,,,,,,,,,,
19180,,,,,,,,,,,,,,,,,,,,0.246905,0.801343,-0.317427,0.622139,-0.390888,1.304058,-9.079000,-24.584000,-91.609001
19185,,,,,,,,,,,,,62.722725,55.729130,0.475782,0.372517,,,,,,,,,,,,
19190,,,,,,,,,,,,,,,,,,,,0.256297,0.798302,-0.336237,0.462624,-0.218990,1.066646,-3.500000,38.051998,-112.707001
19195,,,,,,,,,,,,,63.665756,56.147717,0.466650,0.368463,,,,,,,,,,,,
19200,,,,0.307879,0.779709,-0.406205,1.112346,-1.248074,,,,,,,,,,,,0.266433,0.794700,-0.357510,0.349835,-0.239120,1.031083,-2.954000,63.398998,-126.685997
19202,,,,,,,,,,,80.757683,71.606026,,,,,0.044035,0.000477,-0.049030,,,,,,,,,
19205,,,,,,,,,,,,,65.003761,57.044460,0.476209,0.428009,,,,,,,,,,,,
19210,,,,,,,,,,,,,,,,,,,,0.276271,0.790940,-0.379002,0.076677,-0.509777,0.432429,-0.623000,52.388000,-131.677002
19215,,,,,,,,,,,,,66.129562,57.798977,0.465263,0.420673,,,,,,,,,,,,
19220,,,,,,,,,,,,,,,,,,,,0.286621,0.786739,-0.404510,0.215879,-0.353129,1.281061,-3.283000,-32.207001,-128.190994
19225,,,,,,,,,,,,,67.621361,58.433830,0.450758,0.414500,,,,,,,,,,,,
19230,,,,,,,,,,,,,,,,,,,,0.296791,0.782099,-0.424461,0.337696,-0.272548,1.029924,-1.631000,-30.485001,-126.987000
19235,,,,,,,,,,,,,69.421097,60.057079,0.433259,0.398717,,,,,,,,,,,,
19240,,,,,,,,,,,,,,,,,,,,0.307235,0.777359,-0.445655,0.269376,-0.338184,1.218902,-3.815000,-1.246000,-122.010002
19245,,,,,,,,,,,,,70.935394,61.422882,0.418535,0.385437,,,,,,,,,,,,
19250,,,,0.359584,0.756241,-0.443489,1.131437,-0.895241,,,,,,,,,,,,0.317814,0.772215,-0.470007,0.205265,-0.355813,0.507093,-1.204000,13.391000,-119.707001
19252,,,,,,,,,,,79.121880,75.942375,,,,,0.044692,0.004571,0.024675,,,,,,,,,
19255,,,,,,,,,,,,,72.209526,62.572071,0.384023,0.434400,,,,,,,,,,,,
19260,,,,,,,,,,,,,,,,,,,,0.328813,0.766685,-0.486689,0.148352,-0.499468,1.492426,-9.723000,27.811001,-106.680000
19265,,,,,,,,,,,,,73.826118,63.538994,0.368228,0.424953,,,,,,,,,,,,
19270,,,,,,,,,,,,,,,,,,,,0.339469,0.761063,-0.505463,0.071614,-0.214781,1.070245,-1.848000,11.578000,-82.180000
19275,,,,,,,,,,,,,74.641777,64.897110,0.360259,0.411684,,,,,,,,,,,,
19280,,,,,,,,,,,,,,,,,,,,0.350055,0.755043,-0.515402,0.127185,-0.164944,1.061400,-2.366000,-18.591999,-58.716000
19285,,,,,,,,,,,,,75.328079,66.584366,0.353554,0.395199,,,,,,,,,,,,
19290,,,,,,,,,,,,,,,,,,,,0.360887,0.748802,-0.521046,0.120597,-0.090707,1.017236,-0.049000,-6.881000,-39.879002
19295,,,,,,,,,,,,,75.905525,68.004028,0.347912,0.381329,,,,,,,,,,,,
19300,,,,0.359584,0.756241,-0.443489,1.131437,-0.895241,,,,,,,,,,,,0.371639,0.742546,-0.528942,0.075884,-0.060939,1.012234,-0.070000,5.229000,-23.954000
19302,,,,,,,,,,,66.550011,66.807831,,,,,-0.017040,0.005730,0.086685,,,,,,,,,
19305,,,,,,,,,,,,,76.935936,69.743073,0.164779,0.238568,,,,,,,,,,,,
19310,,,,,,,,,,,,,,,,,,,,0.382426,0.736047,-0.529425,-0.257725,-0.011895,1.011746,-0.126000,17.976000,-4.711000
19315,,,,,,,,,,,,,76.713837,70.661766,0.166948,0.229597,,,,,,,,,,,,
19320,,,,,,,,,,,,,,,,,,,,0.392996,0.729925,-0.530374,-0.257176,0.021045,1.018883,-0.203000,42.098000,9.247000
19325,,,,,,,,,,,,,76.526962,71.434746,0.168773,0.222048,,,,,,,,,,,,
19330,,,,,,,,,,,,,,,,,,,,0.403426,0.724077,-0.527716,-0.258640,0.041175,1.019798,-1.190000,62.118000,18.795000
19335,,,,,,,,,,,,,75.825180,72.085136,0.175626,0.215697,,,,,,,,,,,,
19340,,,,,,,,,,,,,,,,,,,,0.413385,0.718163,-0.522808,-0.242963,0.050020,1.018822,-0.266000,82.383003,23.618000
19345,,,,,,,,,,,,,74.690163,72.087830,0.186710,0.215671,,,,,,,,,,,,
19350,,,,0.460397,0.705631,-0.479258,1.130366,-0.353637,,,,,,,,,,,,0.423440,0.712488,-0.518290,-0.249978,0.059963,1.013332,-0.441000,95.269997,26.257000
19352,,,,,,,,,,,75.410210,76.288277,,,,,0.035526,0.012531,0.042112,,,,,,,,,
19355,,,,,,,,,,,,,73.735153,71.545555,0.317951,0.351332,,,,,,,,,,,,
19360,,,,,,,,,,,,,,,,,,,,0.433295,0.706769,-0.514355,-0.041053,0.049044,1.024190,-1.141000,84.994003,27.552000
19365,,,,,,,,,,,,,72.387070,71.633827,0.331077,0.350473,,,,,,,,,,,,
19370,,,,,,,,,,,,,,,,,,,,0.443191,0.701245,-0.508380,-0.049288,0.056791,1.022726,-0.889000,42.700001,26.936001
19375,,,,,,,,,,,,,72.341881,71.708099,0.331517,0.349750,,,,,,,,,,,,
19380,,,,,,,,,,,,,,,,,,,,0.453137,0.696016,-0.504547,-0.069296,0.082960,1.086227,-1.022000,1.225000,26.978001
19385,,,,,,,,,,,,,71.759308,71.770592,0.337189,0.349141,,,,,,,,,,,,
19390,,,,,,,,,,,,,,,,,,,,0.463028,0.690139,-0.500025,-0.061732,0.060268,1.012234,-2.219000,-38.528000,25.179001
19395,,,,,,,,,,,,,71.813683,71.823174,0.336660,0.348629,,,,,,,,,,,,
19400,,,,0.508881,0.680352,-0.480147,1.109435,-0.126929,,,,,,,,,,,,0.473219,0.684869,-0.495088,-0.051667,0.042334,1.022726,-1.169000,-78.931999,23.323999
19402,,,,,,,,,,,73.897774,74.589813,,,,,0.033401,0.013111,0.017136,,,,,,,,,
19405,,,,,,,,,,,,,71.859428,72.411957,0.315402,0.319526,,,,,,,,,,,,
19410,,,,,,,,,,,,,,,,,,,,0.483255,0.679387,-0.489879,-0.093635,-0.037637,1.174677,-3.507000,-111.740997,19.417999
19415,,,,,,,,,,,,,71.897919,72.907364,0.315028,0.314711,,,,,,,,,,,,
19420,,,,,,,,,,,,,,,,,,,,0.493051,0.673906,-0.489273,-0.070821,0.037515,1.009001,-0.700000,-139.110992,15.449000
19425,,,,,,,,,,,,,71.930305,72.779655,0.314713,0.315953,,,,,,,,,,,,
19430,,,,,,,,,,,,,,,,,,,,0.503367,0.668639,-0.484976,0.129076,0.031354,1.012600,-0.357000,-144.417007,10.871000
19435,,,,,,,,,,,,,72.502098,73.216743,0.309156,0.311705,,,,,,,,,,,,
19440,,,,,,,,,,,,,,,,,,,,0.513612,0.663268,-0.483602,0.171837,0.014213,1.024373,0.567000,-54.424999,7.931000
19445,,,,,,,,,,,,,72.438667,73.039963,0.309773,0.313423,,,,,,,,,,,,
19450,,,,0.555715,0.656203,-0.470053,1.075653,0.091125,,,,,,,,,,,,0.523774,0.657896,-0.482635,0.135176,0.006527,1.021994,1.036000,26.985001,4.298000
19452,,,,,,,,,,,70.591064,72.193512,,,,,0.028927,0.013371,0.013328,,,,,,,,,
19455,,,,,,,,,,,,,71.840744,72.891220,0.270210,0.281988,,,,,,,,,,,,
19460,,,,,,,,,,,,,,,,,,,,0.533790,0.652586,-0.482601,-0.026535,0.005185,1.018029,0.399000,68.397003,3.535000
19465,,,,,,,,,,,,,71.882202,72.766068,0.269807,0.283205,,,,,,,,,,,,
19470,,,,,,,,,,,,,,,,,,,,0.544164,0.647299,-0.481145,-0.081679,0.006588,1.024983,0.056000,66.765999,2.912000
19475,,,,,,,,,,,,,71.372536,72.116226,0.274764,0.289526,,,,,,,,,,,,
19480,,,,,,,,,,,,,,,,,,,,0.554143,0.641854,-0.481849,-0.082716,0.007442,1.019798,-0.315000,50.119999,3.577000
19485,,,,,,,,,,,,,71.488251,72.113991,0.273638,0.289548,,,,,,,,,,,,
19490,,,,,,,,,,,,,,,,,,,,0.564328,0.636743,-0.480718,-0.093940,0.006649,1.012966,-0.728000,31.233999,4.046000
19495,,,,,,,,,,,,,71.041069,71.567566,0.277988,0.294862,,,,,,,,,,,,
19500,,,,0.600657,0.633919,-0.448352,1.030235,0.314528,,,,,,,,,,,,0.574172,0.631573,-0.479388,-0.089792,0.009394,1.018639,-0.756000,11.753000,4.452000
19502,,,,,,,,,,,65.613007,69.244911,,,,,0.022334,0.014296,0.030949,,,,,,,,,
19505,,,,,,,,,,,,,71.209351,71.652344,0.207931,0.253526,,,,,,,,,,,,
19510,,,,,,,,,,,,,,,,,,,,0.584057,0.626257,-0.479037,-0.179767,0.014762,1.009489,-0.266000,-2.303000,7.154000
19515,,,,,,,,,,,,,70.806404,71.179138,0.211857,0.258136,,,,,,,,,,,,
19520,,,,,,,,,,,,,,,,,,,,0.593937,0.621011,-0.477234,-0.162565,0.022448,1.018212,0.455000,-1.995000,13.678000
19525,,,,,,,,,,,,,69.922821,70.780983,0.220465,0.262015,,,,,,,,,,,,
19530,,,,,,,,,,,,,,,,,,,,0.603485,0.616231,-0.475294,-0.233630,-0.175192,1.826706,-10.038000,-5.348000,17.584000
19535,,,,,,,,,,,,,69.723915,70.445969,0.222403,0.265279,,,,,,,,,,,,
19540,,,,,,,,,,,,,,,,,,,,0.613204,0.611341,-0.471398,-0.135908,0.047336,1.020042,0.126000,-14.609000,23.219000
19545,,,,,,,,,,,,,69.012016,70.164093,0.229338,0.268025,,,,,,,,,,,,
19550,,,,0.600657,0.633919,-0.448352,1.030235,0.314528,,,,,,,,,,,,0.622723,0.606382,-0.466155,-0.118218,0.053741,1.019310,-0.427000,-25.066999,26.915001
19552,,,,,,,,,,,56.570454,59.566765,,,,,-0.032237,0.014654,0.017984,,,,,,,,,
19555,,,,,,,,,,,,,68.413017,69.926926,0.111068,0.137475,,,,,,,,,,,,
19560,,,,,,,,,,,,,,,,,,,,0.632030,0.601752,-0.460652,-0.308172,0.055327,1.019798,-0.658000,-17.087000,29.316000
19565,,,,,,,,,,,,,67.909027,69.182823,0.115971,0.144714,,,,,,,,,,,,
19570,,,,,,,,,,,,,,,,,,,,0.641468,0.597203,-0.459316,-0.299083,0.014274,1.097207,-1.309000,15.176000,29.042999
19575,,,,,,,,,,,,,66.940422,68.556740,0.125394,0.150805,,,,,,,,,,,,
19580,,,,,,,,,,,,,,,,,,,,0.650187,0.592626,-0.450968,-0.259006,0.049288,1.018212,-0.245000,39.473000,28.266001
19585,,,,,,,,,,,,,65.580894,67.485413,0.138621,0.161228,,,,,,,,,,,,
19590,,,,,,,,,,,,,,,,,,,,0.658794,0.588651,-0.446774,-0.229543,0.047092,1.018822,-0.742000,56.917000,28.728001
19595,,,,,,,,,,,,,64.436989,66.039452,0.149750,0.175296,,,,,,,,,,,,
19600,,,,0.684051,0.597460,-0.363717,0.911369,0.836816,,,,,,,,,,,,0.667507,0.584709,-0.443205,-0.340746,-0.163724,1.799317,-10.164000,69.132004,25.732000
19602,,,,,,,,,,,53.465408,61.893578,,,,,0.009196,0.018653,0.080144,,,,,,,,,
19605,,,,,,,,,,,,,62.929966,64.822815,0.121408,0.218960,,,,,,,,,,,,
19610,,,,,,,,,,,,,,,,,,,,0.675961,0.580815,-0.436716,-0.200019,0.055815,1.005768,-1.799000,71.953003,33.648998
19615,,,,,,,,,,,,,61.661957,63.799145,0.133795,0.228960,,,,,,,,,,,,
19620,,,,,,,,,,,,,,,,,,,,0.683873,0.576695,-0.430429,-0.192333,0.067283,1.011197,-3.010000,69.426003,48.804001
19625,,,,,,,,,,,,,60.050510,62.937824,0.149536,0.237374,,,,,,,,,,,,
19630,,,,,,,,,,,,,,,,,,,,0.692014,0.573128,-0.418526,-0.186294,0.094184,1.013271,-4.032000,61.320000,62.285999
19635,,,,,,,,,,,,,58.694637,61.668568,0.162781,0.249772,,,,,,,,,,,,
19640,,,,,,,,,,,,,,,,,,,,0.700210,0.569807,-0.407578,-0.197213,0.179035,1.203408,-1.925000,48.271999,74.382004
19645,,,,,,,,,,,,,57.553810,61.145161,0.173925,0.254885,,,,,,,,,,,,
19650,,,,0.722173,0.584330,-0.295262,0.842329,1.170695,,,,,,,,,,,,0.708215,0.566337,-0.390802,-0.067161,-0.134810,0.243695,-6.909000,29.176001,84.643997
19652,,,,,,,,,,,47.429752,58.075397,,,,,0.005711,0.021981,0.097114,,,,,,,,,
19655,,,,,,,,,,,,,56.049374,60.704762,0.105511,0.206614,,,,,,,,,,,,
19660,,,,,,,,,,,,,,,,,,,,0.716191,0.562908,-0.376838,-0.251503,0.140117,1.013393,-7.504000,17.332001,93.926003
19665,,,,,,,,,,,,,55.328083,60.334213,0.112557,0.210234,,,,,,,,,,,,
19670,,,,,,,,,,,,,,,,,,,,0.724355,0.559964,-0.359748,-0.114741,-0.152439,0.256688,-8.743000,16.926001,106.372002
19675,,,,,,,,,,,,,53.632103,60.022434,0.129126,0.213280,,,,,,,,,,,,
19680,,,,,,,,,,,,,,,,,,,,0.732101,0.556811,-0.337131,-0.324642,0.362706,1.572092,1.148000,13.825000,117.851997
19685,,,,,,,,,,,,,52.749649,59.215557,0.137747,0.221163,,,,,,,,,,,,
19690,,,,,,,,,,,,,,,,,,,,0.739960,0.554213,-0.317561,-0.081130,0.487024,0.435113,-7.427000,3.318000,122.905998
19695,,,,,,,,,,,,,51.462608,59.081196,0.150321,0.222476,,,,,,,,,,,,
19700,,,,0.757740,0.575154,-0.204012,0.770588,1.580274,,,,,,,,,,,,0.747566,0.551644,-0.295084,-0.282064,0.056608,1.465952,-22.218000,-8.764000,125.069000
19702,,,,,,,,,,,41.656574,53.992889,,,,,0.002588,0.025464,0.093130,,,,,,,,,
19705,,,,,,,,,,,,,50.379692,58.423603,0.081542,0.172755,,,,,,,,,,,,
19710,,,,,,,,,,,,,,,,,,,,0.755401,0.549334,-0.273402,-0.303048,0.145424,1.060180,-12.894000,-16.764999,130.585007
19715,,,,,,,,,,,,,49.468529,58.414845,0.090429,0.172840,,,,,,,,,,,,
19720,,,,,,,,,,,,,,,,,,,,0.762940,0.547267,-0.249337,-0.304390,0.270474,1.199992,-8.232000,-11.277000,137.787994
19725,,,,,,,,,,,,,48.157330,57.862934,0.103219,0.178224,,,,,,,,,,,,
19730,,,,,,,,,,,,,,,,,,,,0.770507,0.545603,-0.225797,-0.337635,0.054778,1.458876,-22.232000,-10.521000,137.850998
19735,,,,,,,,,,,,,47.054089,56.854012,0.113980,0.188064,,,,,,,,,,,,
19740,,,,,,,,,,,,,,,,,,,,0.777765,0.544114,-0.201592,-0.252967,0.257908,1.226832,-7.973000,-15.505000,142.856003
19745,,,,,,,,,,,,,46.125824,56.549648,0.123034,0.191033,,,,,,,,,,,,
19750,,,,0.790661,0.570245,-0.085084,0.699650,2.084030,,,,,,,,,,,,0.784966,0.542472,-0.175557,-0.268827,0.050142,1.458815,-21.931000,-24.024000,142.513000
19752,,,,,,,,,,,35.778385,50.411594,,,,,0.000428,0.028379,0.092321,,,,,,,,,
19755,,,,,,,,,,,,,44.800236,55.749016,0.055107,0.149581,,,,,,,,,,,,
19760,,,,,,,,,,,,,,,,,,,,0.792133,0.541243,-0.151305,-0.315248,0.246501,1.213595,-8.064000,-28.385000,146.524002
19765,,,,,,,,,,,,,43.684887,55.075363,0.065987,0.156152,,,,,,,,,,,,
19770,,,,,,,,,,,,,,,,,,,,0.799159,0.540115,-0.124966,-0.357460,0.036051,1.432158,-22.042999,-21.840000,150.268997
19775,,,,,,,,,,,,,42.746433,54.508549,0.075142,0.161681,,,,,,,,,,,,
19780,,,,,,,,,,,,,,,,,,,,0.806012,0.539346,-0.095423,-0.234179,0.205570,1.084763,-9.142000,-22.042999,156.891006
19785,,,,,,,,,,,,,41.956818,54.031635,0.082844,0.166334,,,,,,,,,,,,
19790,,,,,,,,,,,,,,,,,,,,0.812834,0.538801,-0.068479,-0.299693,0.374479,1.618757,0.308000,-22.785000,161.707001
19795,,,,,,,,,,,,,40.747894,53.085815,0.094637,0.175560,,,,,,,,,,,,
19800,,,,0.790661,0.570245,-0.085084,0.699650,2.084030,,,,,,,,,,,,0.819503,0.538483,-0.042853,-0.252235,0.030744,1.446371,-20.888000,-31.794001,161.636993
19802,,,,,,,,,,,32.837826,43.009281,,,,,-0.030511,0.030487,-0.040829,,,,,,,,,
19805,,,,,,,,,,,,,39.730705,52.290001,0.064428,0.081930,,,,,,,,,,,,
19810,,,,,,,,,,,,,,,,,,,,0.825729,0.538265,-0.010593,-0.289689,0.198372,1.070611,-5.964000,-33.908001,157.744995
19815,,,,,,,,,,,,,38.330299,51.620403,0.078024,0.088431,,,,,,,,,,,,
19820,,,,,,,,,,,,,,,,,,,,0.832195,0.538078,0.012130,-0.389180,0.263154,1.861476,3.885000,-24.688999,146.656998
19825,,,,,,,,,,,,,37.696541,50.512463,0.084178,0.099188,,,,,,,,,,,,
19830,,,,,,,,,,,,,,,,,,,,0.838107,0.538170,0.037596,-0.227591,0.152317,1.085983,-3.507000,-21.469000,129.947998
19835,,,,,,,,,,,,,36.618752,49.580242,0.094642,0.108239,,,,,,,,,,,,
19840,,,,,,,,,,,,,,,,,,,,0.844290,0.538514,0.056644,-0.186050,0.137006,1.017419,-4.578000,-23.037001,116.522003
19845,,,,,,,,,,,,,35.711903,48.251328,0.103447,0.121142,,,,,,,,,,,,
19850,,,,0.848344,0.574063,0.247223,0.578135,3.332832,,,,,,,,,,,,0.849876,0.538674,0.075743,-0.059170,0.328363,0.330193,-5.033000,-29.945999,105.553001
19852,,,,,,,,,,,23.890024,46.747715,,,,,0.000821,0.035403,0.171500,,,,,,,,,
19855,,,,,,,,,,,,,34.948879,47.133179,-0.012926,0.183210,,,,,,,,,,,,
19860,,,,,,,,,,,,,,,,,,,,0.855475,0.539472,0.096570,-0.010553,0.403820,0.348554,-3.192000,-37.198002,113.680000
19865,,,,,,,,,,,,,34.306870,46.192368,-0.006628,0.192439,,,,,,,,,,,,
19870,,,,,,,,,,,,,,,,,,,,0.860889,0.539830,0.118596,-0.127856,-0.119194,0.264679,-3.941000,-40.922001,146.964996
19875,,,,,,,,,,,,,33.222141,45.400772,0.004013,0.200204,,,,,,,,,,,,
19880,,,,,,,,,,,,,,,,,,,,0.866239,0.540589,0.150375,0.001403,0.427671,0.375394,-2.086000,-47.089001,175.882004
19885,,,,,,,,,,,,,31.764908,45.279263,0.018308,0.201396,,,,,,,,,,,,
19890,,,,,,,,,,,,,,,,,,,,0.871636,0.541393,0.181929,0.006222,0.449387,0.408639,0.056000,-59.416000,202.453995
19895,,,,,,,,,,,,,30.538792,44.632484,0.030336,0.207741,,,,,,,,,,,,
19900,,,,0.873062,0.583015,0.451381,0.538229,3.901810,,,,,,,,,,,,0.876498,0.542326,0.219826,0.171288,0.380823,0.556564,2.394000,-70.056000,224.804993
19902,,,,,,,,,,,19.673315,46.787655,,,,,0.005161,0.040473,0.232352,,,,,,,,,
19905,,,,,,,,,,,,,29.507137,44.632828,-0.017991,0.208336,,,,,,,,,,,,
19910,,,,,,,,,,,,,,,,,,,,0.881695,0.543484,0.261244,-0.121573,0.396805,1.726849,11.900000,-11.543000,249.011002
19915,,,,,,,,,,,,,28.094561,44.633118,-0.004103,0.208334,,,,,,,,,,,,
19920,,,,,,,,,,,,,,,,,,,,0.886416,0.544691,0.308500,-0.003294,-0.209413,0.580354,-7.112000,25.193001,276.415985
19925,,,,,,,,,,,,,26.361475,44.088818,0.012936,0.213685,,,,,,,,,,,,
19930,,,,,,,,,,,,,,,,,,,,0.891125,0.546368,0.358281,0.115046,0.507032,0.569191,6.678000,44.869999,300.299988
19935,,,,,,,,,,,,,24.903257,44.175385,0.027273,0.212834,,,,,,,,,,,,
19940,,,,,,,,,,,,,,,,,,,,0.895916,0.548238,0.413912,-0.059536,-0.147742,0.321531,-2.898000,34.516998,317.106995
19945,,,,,,,,,,,,,23.131771,44.248226,0.044690,0.212118,,,,,,,,,,,,
19950,,,,0.895047,0.596687,0.660171,0.518898,4.194142,,,,,,,,,,,,0.900232,0.550189,0.472019,-0.058194,0.286273,1.407819,-14.175000,10.031000,326.837006
19952,,,,,,,,,,,20.488888,47.953323,,,,,0.016118,0.043868,0.192458,,,,,,,,,
19955,,,,,,,,,,,,,22.185783,44.854053,0.065366,0.222113,,,,,,,,,,,,
19960,,,,,,,,,,,,,,,,,,,,0.904515,0.552552,0.527659,-0.053558,0.578768,1.672071,9.877000,-16.400999,335.054993
19965,,,,,,,,,,,,,20.845289,44.819256,0.078471,0.222453,,,,,,,,,,,,
19970,,,,,,,,,,,,,,,,,,,,0.908776,0.554923,0.588908,-0.019154,-0.287005,0.491599,-11.669000,-50.764000,338.869995
19975,,,,,,,,,,,,,20.261938,45.334522,0.084174,0.217416,,,,,,,,,,,,
19980,,,,,,,,,,,,,,,,,,,,0.912765,0.557790,0.646937,0.185562,-0.059719,0.435967,3.150000,-44.855999,339.912994
19985,,,,,,,,,,,,,19.226566,45.223522,0.094297,0.218501,,,,,,,,,,,,
19990,,,,,,,,,,,,,,,,,,,,0.916561,0.560741,0.704027,0.189222,-0.137128,0.583892,-4.263000,-1.113000,338.877014
19995,,,,,,,,,,,,,18.899946,45.674671,0.097490,0.214090,,,,,,,,,,,,
20000,,,,0.914337,0.615013,0.854010,0.522320,4.080001,,,,,,,,,,,,0.920338,0.564109,0.764595,0.165737,-0.187087,0.609878,-6.489000,27.965000,336.468994
20002,,,,,,,,,,,25.203028,49.552937,,,,,0.030611,0.041040,0.092868,,,,,,,,,
20005,,,,,,,,,,,,,18.625128,45.509724,0.164656,0.237454,,,,,,,,,,,,
20010,,,,,,,,,,,,,,,,,,,,0.923822,0.567401,0.822978,0.105408,0.411323,1.281122,4.788000,30.954000,325.591003
20015,,,,,,,,,,,,,17.849352,45.915478,0.172185,0.233516,,,,,,,,,,,,
20020,,,,,,,,,,,,,,,,,,,,0.927247,0.571452,0.876801,0.081923,0.223016,1.514325,-11.102000,-0.763000,313.075012
20025,,,,,,,,,,,,,18.285702,45.712341,0.167950,0.235488,,,,,,,,,,,,
20030,,,,,,,,,,,,,,,,,,,,0.930252,0.575500,0.930000,0.248880,-0.078629,0.461038,-0.854000,-34.832001,296.162994
20035,,,,,,,,,,,,,18.652845,46.085960,0.164387,0.231861,,,,,,,,,,,,
20040,,,,,,,,,,,,,,,,,,,,0.933634,0.579720,0.980238,0.162992,0.340258,0.532286,3.808000,-14.931000,283.143005
20045,,,,,,,,,,,,,18.961761,46.400326,0.161388,0.228810,,,,,,,,,,,,
20050,,,,0.914337,0.615013,0.854010,0.522320,4.080001,,,,,,,,,,,,0.936656,0.584421,1.028032,0.058499,0.500505,1.566541,11.389000,13.118000,270.528992
20052,,,,,,,,,,,25.500217,43.067165,,,,,0.014608,0.034933,-0.173617,,,,,,,,,
20055,,,,,,,,,,,,,19.221684,46.664833,0.162632,0.137526,,,,,,,,,,,,
20060,,,,,,,,,,,,,,,,,,,,0.939427,0.589394,1.074085,0.037088,0.347334,0.463112,2.247000,16.870001,251.153000
20065,,,,,,,,,,,,,19.984924,46.342846,0.155262,0.140636,,,,,,,,,,,,
20070,,,,,,,,,,,,,,,,,,,,0.942103,0.594202,1.114332,-0.053192,0.172264,1.231468,-2.324000,14.294000,221.080994
20075,,,,,,,,,,,,,20.627115,46.071926,0.149060,0.143252,,,,,,,,,,,,
20080,,,,,,,,,,,,,,,,,,,,0.944372,0.599033,1.150209,-0.060695,0.408395,0.365939,1.673000,-13.307000,195.061996
20085,,,,,,,,,,,,,21.711996,45.299431,0.138584,0.150712,,,,,,,,,,,,
20090,,,,,,,,,,,,,,,,,,,,0.946821,0.604317,1.182916,-0.039650,0.222040,1.197064,4.305000,-13.874000,174.593994
20095,,,,,,,,,,,,,22.624817,45.193996,0.129768,0.151730,,,,,,,,,,,,
20100,,,,0.945110,0.665044,1.156545,0.587841,3.020284,,,,,,,,,,,,0.948561,0.609471,1.210774,-0.064172,0.313662,1.539335,10.080000,8.617000,160.181000
20102,,,,,,,,,,,37.694439,52.291916,,,,,0.050875,0.022656,-0.056949,,,,,,,,,
20105,,,,,,,,,,,,,23.392862,44.560741,0.289077,0.283930,,,,,,,,,,,,
20110,,,,,,,,,,,,,,,,,,,,0.950539,0.614535,1.237916,0.376126,0.047397,1.435452,-10.094000,12.894000,149.604004
20115,,,,,,,,,,,,,24.039097,44.027920,0.282828,0.289082,,,,,,,,,,,,
20120,,,,,,,,,,,,,,,,,,,,0.952583,0.620065,1.260229,0.185318,0.155001,1.066280,1.407000,4.529000,127.588997
20125,,,,,,,,,,,,,25.127382,44.124146,0.272304,0.288152,,,,,,,,,,,,
20130,,,,,,,,,,,,,,,,,,,,0.954254,0.625995,1.282394,0.320128,-0.168299,0.588467,-8.855000,-3.115000,119.405998
20135,,,,,,,,,,,,,26.587608,44.205112,0.258183,0.287369,,,,,,,,,,,,
20140,,,,,,,,,,,,,,,,,,,,0.956245,0.631814,1.300973,0.239913,0.163297,1.197064,2.982000,-0.700000,105.539001
20145,,,,,,,,,,,,,28.360785,44.273235,0.241036,0.286710,,,,,,,,,,,,
20150,,,,0.956776,0.696319,1.265234,0.639580,2.431104,,,,,,,,,,,,0.957783,0.638154,1.318927,0.208925,0.119621,1.028826,0.707000,0.875000,101.332001
20152,,,,,,,,,,,43.475719,54.717129,,,,,0.056198,0.015182,-0.057598,,,,,,,,,
20155,,,,,,,,,,,,,29.308193,44.330559,0.311342,0.319629,,,,,,,,,,,,
20160,,,,,,,,,,,,,,,,,,,,0.959521,0.644646,1.336876,0.230275,0.233264,0.478057,0.406000,2.149000,96.186996
20165,,,,,,,,,,,,,31.194427,44.923328,0.293043,0.313878,,,,,,,,,,,,
20170,,,,,,,,,,,,,,,,,,,,0.960934,0.651562,1.351779,0.214110,0.018300,1.372195,-10.206000,10.402000,92.022003
20175,,,,,,,,,,,,,32.781506,45.422089,0.277647,0.309040,,,,,,,,,,,,
20180,,,,,,,,,,,,,,,,,,,,0.962641,0.658632,1.365114,0.238998,0.021411,1.379820,-8.407000,-3.486000,85.532997
20185,,,,,,,,,,,,,34.116871,46.386288,0.264693,0.299686,,,,,,,,,,,,
20190,,,,,,,,,,,,,,,,,,,,0.963922,0.665639,1.381320,0.181963,0.013847,1.376892,-9.079000,5.047000,81.325996
20195,,,,,,,,,,,,,35.784992,47.197563,0.248510,0.291816,,,,,,,,,,,,
20200,,,,0.966116,0.731402,1.351545,0.696881,1.931882,,,,,,,,,,,,0.965606,0.673533,1.392394,0.134627,-0.004209,1.384395,-8.827000,9.478000,80.192001
20202,,,,,,,,,,,48.433243,57.259811,,,,,0.057297,0.009504,-0.044157,,,,,,,,,
20205,,,,,,,,,,,,,37.188549,47.880173,0.303033,0.320211,,,,,,,,,,,,
20210,,,,,,,,,,,,,,,,,,,,0.966995,0.681043,1.407239,0.248392,0.012505,1.382565,-7.609000,11.487000,77.084000
20215,,,,,,,,,,,,,38.369503,48.454517,0.291554,0.314628,,,,,,,,,,,,
20220,,,,,,,,,,,,,,,,,,,,0.968132,0.688982,1.419367,0.048251,0.331535,0.347273,0.252000,2.709000,68.627998
20225,,,,,,,,,,,,,39.907700,49.482315,0.276603,0.304638,,,,,,,,,,,,
20230,,,,,,,,,,,,,,,,,,,,0.969444,0.697008,1.430349,0.177510,0.094550,1.010465,0.469000,-7.329000,65.219002
20235,,,,,,,,,,,,,41.201939,50.347103,0.264023,0.296232,,,,,,,,,,,,
20240,,,,,,,,,,,,,,,,,,,,0.970414,0.705200,1.440810,0.132919,0.107604,1.013942,-0.161000,-2.436000,61.669998
20245,,,,,,,,,,,,,42.290909,51.074738,0.253438,0.289159,,,,,,,,,,,,
20250,,,,0.973258,0.769958,1.420336,0.755619,1.535432,,,,,,,,,,,,0.971477,0.713703,1.452926,0.079788,0.131394,1.205238,2.499000,4.669000,60.570999
20252,,,,,,,,,,,52.885193,59.758156,,,,,0.056337,0.004676,-0.034827,,,,,,,,,
20255,,,,,,,,,,,,,43.751713,51.686970,0.300379,0.317538,,,,,,,,,,,,
20260,,,,,,,,,,,,,,,,,,,,0.972423,0.722122,1.462452,0.177632,-0.022204,1.393240,-8.638000,9.016000,61.222000
20265,,,,,,,,,,,,,44.980835,52.746643,0.288424,0.307231,,,,,,,,,,,,
20270,,,,,,,,,,,,,,,,,,,,0.973615,0.730748,1.472056,0.138409,0.075518,1.016687,0.819000,-4.893000,53.647999
20275,,,,,,,,,,,,,46.015015,53.093708,0.278365,0.303855,,,,,,,,,,,,
20280,,,,,,,,,,,,,,,,,,,,0.974361,0.739561,1.481525,0.128832,0.084241,1.031998,-0.028000,-3.080000,49.483002
20285,,,,,,,,,,,,,47.429718,53.930275,0.264604,0.295718,,,,,,,,,,,,
20290,,,,,,,,,,,,,,,,,,,,0.975061,0.748391,1.489244,0.083875,0.058682,1.121424,-2.436000,1.820000,48.853001
20295,,,,,,,,,,,,,48.075508,54.634159,0.258323,0.288872,,,,,,,,,,,,
20300,,,,0.973258,0.769958,1.420336,0.755619,1.535432,,,,,,,,,,,,0.975710,0.757407,1.498150,0.066368,0.081801,1.019859,-0.539000,-0.371000,47.782001
20302,,,,,,,,,,,46.065937,51.283180,,,,,0.012561,0.003289,-0.079462,,,,,,,,,
20305,,,,,,,,,,,,,49.163414,55.226410,0.154096,0.166728,,,,,,,,,,,,
20310,,,,,,,,,,,,,,,,,,,,0.976473,0.766282,1.509575,-0.183244,0.101565,1.078358,1.050000,11.270000,45.164001
20315,,,,,,,,,,,,,50.078781,55.724728,0.145181,0.161875,,,,,,,,,,,,
20320,,,,,,,,,,,,,,,,,,,,0.976906,0.775420,1.514087,-0.181963,0.064965,1.012905,-0.322000,17.226999,40.033001
20325,,,,,,,,,,,,,50.304428,55.599468,0.142984,0.163095,,,,,,,,,,,,
20330,,,,,,,,,,,,,,,,,,,,0.977366,0.784199,1.521373,-0.172081,0.078446,1.002108,0.455000,21.181999,37.457001
20335,,,,,,,,,,,,,50.494286,56.038620,0.141135,0.158818,,,,,,,,,,,,
20340,,,,,,,,,,,,,,,,,,,,0.977756,0.792606,1.527999,-0.187514,0.083631,1.079822,0.028000,23.849001,35.049000
20345,,,,,,,,,,,,,50.654034,55.319035,0.139579,0.165826,,,,,,,,,,,,
20350,,,,0.981537,0.856012,1.520555,0.865810,0.993044,,,,,,,,,,,,0.978213,0.800861,1.532092,-0.167262,0.059841,1.009062,-0.966000,26.551001,33.452999
20352,,,,,,,,,,,60.652481,65.291870,,,,,0.055307,-0.001278,-0.012565,,,,,,,,,
20355,,,,,,,,,,,,,50.788445,55.258121,0.338674,0.358885,,,,,,,,,,,,
20360,,,,,,,,,,,,,,,,,,,,0.978530,0.809105,1.538502,0.144509,0.024705,1.066341,-1.162000,-5.019000,32.354000
20365,,,,,,,,,,,,,50.901539,54.662323,0.337573,0.364687,,,,,,,,,,,,
20370,,,,,,,,,,,,,,,,,,,,0.978678,0.817559,1.546043,0.145973,0.044225,1.016870,-0.189000,-79.876999,31.191999
20375,,,,,,,,,,,,,50.996696,55.250103,0.336646,0.358963,,,,,,,,,,,,
20380,,,,,,,,,,,,,,,,,,,,0.978896,0.826090,1.550412,0.358558,0.045262,1.027362,0.798000,-99.588997,29.931999
20385,,,,,,,,,,,,,51.621304,55.744663,0.330563,0.354146,,,,,,,,,,,,
20390,,,,,,,,,,,,,,,,,,,,0.979232,0.835178,1.552821,0.362218,0.045079,1.008391,0.777000,-28.693001,29.834000
20395,,,,,,,,,,,,,52.146851,56.160789,0.325445,0.350094,,,,,,,,,,,,
20400,,,,0.982989,0.902709,1.557430,0.913357,0.811056,,,,,,,,,,,,0.979325,0.844314,1.560792,0.289750,0.047153,1.014979,0.539000,29.225000,28.993999
20402,,,,,,,,,,,64.458138,68.429436,,,,,0.058400,-0.003158,-0.004257,,,,,,,,,
20405,,,,,,,,,,,,,53.133587,56.510914,0.368081,0.389749,,,,,,,,,,,,
20410,,,,,,,,,,,,,,,,,,,,0.979194,0.853611,1.564813,0.305732,0.043615,1.028826,0.385000,53.542999,29.511999
20415,,,,,,,,,,,,,53.963825,56.805508,0.359999,0.386881,,,,,,,,,,,,
20420,,,,,,,,,,,,,,,,,,,,0.979315,0.863494,1.570173,0.237534,0.056608,1.003145,0.231000,47.669998,28.566999
20425,,,,,,,,,,,,,54.662392,57.597927,0.353198,0.379167,,,,,,,,,,,,
20430,,,,,,,,,,,,,,,,,,,,0.979346,0.873443,1.574643,0.109556,0.091622,1.002352,-0.063000,-15.680000,27.790001
20435,,,,,,,,,,,,,55.794704,58.809208,0.342174,0.367374,,,,,,,,,,,,
20440,,,,,,,,,,,,,,,,,,,,0.979307,0.883381,1.581464,0.229177,0.079727,1.005341,-0.105000,-28.966000,29.525999
20445,,,,,,,,,,,,,56.747437,59.828381,0.332899,0.357452,,,,,,,,,,,,
20450,,,,0.982869,0.951279,1.588002,0.954155,0.669314,,,,,,,,,,,,0.979139,0.893499,1.586271,0.180438,0.107726,1.159183,2.688000,-4.865000,29.344000
20452,,,,,,,,,,,67.158005,70.589638,,,,,0.057879,-0.004657,0.001325,,,,,,,,,
20455,,,,,,,,,,,,,57.549061,60.685909,0.362205,0.378802,,,,,,,,,,,,
20460,,,,,,,,,,,,,,,,,,,,0.978951,0.903991,1.589717,0.228140,0.052643,1.022726,0.077000,11.109000,27.566000
20465,,,,,,,,,,,,,58.768093,61.951981,0.350334,0.366473,,,,,,,,,,,,
20470,,,,,,,,,,,,,,,,,,,,0.978682,0.914578,1.596591,0.156770,-0.091439,1.372683,-8.757000,24.857000,27.545000
20475,,,,,,,,,,,,,59.793785,62.472710,0.340346,0.361402,,,,,,,,,,,,
20480,,,,,,,,,,,,,,,,,,,,0.978423,0.925343,1.600875,0.122549,0.046665,1.026996,-0.413000,13.755000,23.436001
20485,,,,,,,,,,,,,60.656803,63.455395,0.331941,0.351833,,,,,,,,,,,,
20490,,,,,,,,,,,,,,,,,,,,0.978115,0.936236,1.603186,0.126270,0.038735,1.017907,0.735000,-13.237000,21.483000
20495,,,,,,,,,,,,,61.927490,64.826767,0.319567,0.338478,,,,,,,,,,,,
20500,,,,0.981347,1.001282,1.613584,0.987372,0.557705,,,,,,,,,,,,0.977699,0.947137,1.608617,0.094611,0.041419,1.023763,0.140000,-4.767000,19.481001
20502,,,,,,,,,,,68.805847,71.769684,,,,,0.054176,-0.005733,0.004485,,,,,,,,,
20505,,,,,,,,,,,,,62.996647,65.436096,0.331782,0.348743,,,,,,,,,,,,
20510,,,,,,,,,,,,,,,,,,,,0.977331,0.958363,1.610482,0.112911,0.048617,1.004548,1.015000,1.456000,18.900000
20515,,,,,,,,,,,,,63.896233,65.948784,0.323024,0.343751,,,,,,,,,,,,
20520,,,,,,,,,,,,,,,,,,,,0.976900,0.969057,1.616644,0.071370,0.041480,1.012173,0.574000,6.216000,19.096001
20525,,,,,,,,,,,,,64.653145,66.924706,0.315654,0.334250,,,,,,,,,,,,
20530,,,,,,,,,,,,,,,,,,,,0.976276,0.980684,1.617968,0.048800,0.049532,1.005585,-0.322000,6.307000,17.801001
20535,,,,,,,,,,,,,65.290009,67.745850,0.309454,0.326255,,,,,,,,,,,,
20540,,,,,,,,,,,,,,,,,,,,0.975919,0.991842,1.621800,0.024217,0.072285,1.065975,0.448000,-3.304000,17.738001
20545,,,,,,,,,,,,,65.825874,67.892212,0.304237,0.324830,,,,,,,,,,,,
20550,,,,0.981347,1.001282,1.613584,0.987372,0.557705,,,,,,,,,,,,0.975243,1.002952,1.624385,0.037820,0.035563,1.026813,0.637000,-1.036000,16.968000
20552,,,,,,,,,,,59.550350,61.757946,,,,,-0.001834,-0.006025,-0.011173,,,,,,,,,
20555,,,,,,,,,,,,,66.821289,68.559906,0.167390,0.180787,,,,,,,,,,,,
20560,,,,,,,,,,,,,,,,,,,,0.974754,1.014493,1.625805,-0.249124,0.020679,1.018334,0.427000,8.708000,14.994000
20565,,,,,,,,,,,,,67.114288,69.121696,0.164536,0.175316,,,,,,,,,,,,
20570,,,,,,,,,,,,,,,,,,,,0.974031,1.025431,1.627435,-0.245647,0.018300,1.019493,-0.735000,30.597000,11.627000
20575,,,,,,,,,,,,,66.816269,68.505310,0.167438,0.181319,,,,,,,,,,,,
20580,,,,,,,,,,,,,,,,,,,,0.973388,1.036044,1.629731,-0.234423,0.010797,1.021323,0.721000,48.090000,8.029000
20585,,,,,,,,,,,,,66.565521,67.986679,0.169880,0.186370,,,,,,,,,,,,
20590,,,,,,,,,,,,,,,,,,,,0.972635,1.046554,1.632674,-0.230702,0.019825,1.011624,-0.469000,61.908001,7.308000
20595,,,,,,,,,,,,,66.354546,67.550301,0.171935,0.190620,,,,,,,,,,,,
20600,,,,0.974783,1.103841,1.653520,1.029171,0.397119,,,,,,,,,,,,0.972126,1.056536,1.633511,-0.218319,0.018788,1.018029,-0.427000,72.533997,7.336000
20602,,,,,,,,,,,70.179688,73.069817,,,,,0.047013,-0.005635,0.019785,,,,,,,,,
20605,,,,,,,,,,,,,65.632477,66.638596,0.325030,0.354950,,,,,,,,,,,,
20610,,,,,,,,,,,,,,,,,,,,0.971600,1.066743,1.635324,0.026352,0.010065,1.022848,-0.196000,54.040001,9.198000
20615,,,,,,,,,,,,,65.024940,66.416023,0.330951,0.357119,,,,,,,,,,,,
20620,,,,,,,,,,,,,,,,,,,,0.970953,1.076925,1.636928,0.019093,0.023546,1.030595,-0.658000,-1.106000,8.988000
20625,,,,,,,,,,,,,64.513748,66.228752,0.335932,0.358944,,,,,,,,,,,,
20630,,,,,,,,,,,,,,,,,,,,0.970201,1.087322,1.637144,0.017568,0.012200,1.026874,0.588000,-54.208000,9.401000
20635,,,,,,,,,,,,,64.628181,66.071182,0.334817,0.360479,,,,,,,,,,,,
20640,,,,,,,,,,,,,,,,,,,,0.969457,1.097625,1.640321,0.018788,0.012261,1.020347,-0.294000,-104.922997,9.555000
20645,,,,,,,,,,,,,65.269005,66.483147,0.328572,0.356465,,,,,,,,,,,,
20650,,,,0.970079,1.155518,1.669214,1.037345,0.338699,,,,,,,,,,,,0.968642,1.108109,1.640890,0.026901,0.020435,1.015650,-1.008000,-154.895996,10.654000
20652,,,,,,,,,,,70.609207,73.636757,,,,,0.047049,-0.004776,0.027951,,,,,,,,,
20655,,,,,,,,,,,,,65.808197,66.829781,0.329206,0.360857,,,,,,,,,,,,
20660,,,,,,,,,,,,,,,,,,,,0.968166,1.118762,1.644508,0.280356,-0.197640,0.533384,0.476000,-105.483002,13.937000
20665,,,,,,,,,,,,,66.261871,67.121429,0.324786,0.358016,,,,,,,,,,,,
20670,,,,,,,,,,,,,,,,,,,,0.967156,1.129619,1.647794,0.283589,0.030988,1.011929,0.350000,-8.932000,15.974000
20675,,,,,,,,,,,,,66.099052,67.366829,0.326372,0.355625,,,,,,,,,,,,
20680,,,,,,,,,,,,,,,,,,,,0.966211,1.140525,1.647873,0.200019,0.035746,1.007110,0.322000,57.428001,18.788000
20685,,,,,,,,,,,,,66.506599,67.573303,0.322402,0.353614,,,,,,,,,,,,
20690,,,,,,,,,,,,,,,,,,,,0.965505,1.151656,1.653058,0.104859,0.045994,1.028094,0.861000,76.362999,21.167999
20695,,,,,,,,,,,,,66.304962,67.747032,0.324366,0.351921,,,,,,,,,,,,
20700,,,,0.964647,1.206904,1.682713,1.037063,0.290577,,,,,,,,,,,,0.964452,1.162528,1.657844,0.019947,0.043737,1.024495,-0.511000,55.076000,21.532000
20702,,,,,,,,,,,70.294250,72.949242,,,,,0.044207,-0.004046,0.025105,,,,,,,,,
20705,,,,,,,,,,,,,66.679848,68.437752,0.316370,0.335725,,,,,,,,,,,,
20710,,,,,,,,,,,,,,,,,,,,0.963639,1.173807,1.658937,-0.004941,0.054900,1.013149,0.217000,14.917000,22.441999
20715,,,,,,,,,,,,,66.995277,68.474380,0.313299,0.335368,,,,,,,,,,,,
20720,,,,,,,,,,,,,,,,,,,,0.962583,1.184984,1.663105,-0.020618,0.049593,1.019432,0.315000,-19.572001,21.587999
20725,,,,,,,,,,,,,67.260681,69.049736,0.310714,0.329766,,,,,,,,,,,,
20730,,,,,,,,,,,,,,,,,,,,0.961478,1.196051,1.667120,-0.021594,0.046726,1.002596,1.120000,-54.648998,20.132000
20735,,,,,,,,,,,,,68.028534,69.533844,0.303238,0.325052,,,,,,,,,,,,
20740,,,,,,,,,,,,,,,,,,,,0.960286,1.207413,1.670829,0.080215,0.042273,1.020774,1.120000,-30.296000,19.530001
20745,,,,,,,,,,,,,68.130066,69.941177,0.302249,0.321086,,,,,,,,,,,,
20750,,,,0.958644,1.257597,1.694376,1.028524,0.250535,,,,,,,,,,,,0.959356,1.218902,1.675608,0.056364,0.040504,1.018456,0.609000,1.274000,19.403999
20752,,,,,,,,,,,69.070351,71.214828,,,,,0.038618,-0.003364,0.018828,,,,,,,,,
20755,,,,,,,,,,,,,68.760033,70.283905,0.279301,0.293919,,,,,,,,,,,,
20760,,,,,,,,,,,,,,,,,,,,0.957993,1.229912,1.677411,-0.015311,0.037881,1.018151,-0.189000,19.614000,18.193001
20765,,,,,,,,,,,,,68.745544,70.572273,0.279442,0.291113,,,,,,,,,,,,
20770,,,,,,,,,,,,,,,,,,,,0.956746,1.241132,1.679998,-0.039772,0.038186,1.015284,-0.091000,24.360001,14.945000
20775,,,,,,,,,,,,,68.733360,70.270363,0.279561,0.294051,,,,,,,,,,,,
20780,,,,,,,,,,,,,,,,,,,,0.955540,1.252360,1.683799,-0.061061,0.020801,1.028338,0.364000,16.177000,13.377000
20785,,,,,,,,,,,,,68.723099,70.560883,0.279661,0.291223,,,,,,,,,,,,
20790,,,,,,,,,,,,,,,,,,,,0.954358,1.263441,1.684543,-0.072468,0.013969,1.020591,-0.140000,-5.292000,10.136000
20795,,,,,,,,,,,,,69.259018,70.260780,0.274445,0.294144,,,,,,,,,,,,
20800,,,,0.958644,1.257597,1.694376,1.028524,0.250535,,,,,,,,,,,,0.953088,1.274589,1.687091,-0.013786,0.012017,1.023702,0.224000,-19.138000,8.316000
20802,,,,,,,,,,,59.708759,61.281647,,,,,-0.017554,-0.003540,0.007451,,,,,,,,,
20805,,,,,,,,,,,,,69.165390,70.552818,0.146790,0.154887,,,,,,,,,,,,
20810,,,,,,,,,,,,,,,,,,,,0.951734,1.285464,1.685607,-0.276330,0.024156,1.024678,0.385000,-0.700000,6.678000
20815,,,,,,,,,,,,,69.086617,70.253998,0.147557,0.157796,,,,,,,,,,,,
20820,,,,,,,,,,,,,,,,,,,,0.950543,1.296329,1.687609,-0.260104,0.006710,1.018395,-0.294000,27.860001,5.313000
20825,,,,,,,,,,,,,68.475792,69.458023,0.153502,0.165543,,,,,,,,,,,,
20830,,,,,,,,,,,,,,,,,,,,0.949294,1.306659,1.689178,-0.246745,0.003050,1.012783,0.322000,50.344002,5.572000
20835,,,,,,,,,,,,,67.417297,68.788292,0.163805,0.172062,,,,,,,,,,,,
20840,,,,,,,,,,,,,,,,,,,,0.947991,1.317149,1.690632,-0.234118,0.006405,1.019615,1.323000,66.142998,3.290000
20845,,,,,,,,,,,,,66.526680,67.680237,0.172474,0.182847,,,,,,,,,,,,
20850,,,,0.945518,1.355416,1.713288,0.988122,0.188417,,,,,,,,,,,,0.946850,1.326807,1.691540,-0.218746,0.003782,1.021079,0.686000,75.957001,2.905000
20852,,,,,,,,,,,64.921646,66.858315,,,,,0.028411,-0.002148,0.021211,,,,,,,,,
20855,,,,,,,,,,,,,65.777321,66.747917,0.251356,0.268508,,,,,,,,,,,,
20860,,,,,,,,,,,,,,,,,,,,0.945703,1.336538,1.692656,-0.086437,0.005917,1.021018,-0.154000,67.724998,3.444000
20865,,,,,,,,,,,,,64.602264,65.418922,0.262796,0.281446,,,,,,,,,,,,
20870,,,,,,,,,,,,,,,,,,,,0.944297,1.346365,1.691718,-0.072346,0.012749,1.021567,-0.770000,39.228001,3.927000
20875,,,,,,,,,,,,,64.158112,64.845253,0.267120,0.287031,,,,,,,,,,,,
20880,,,,,,,,,,,,,,,,,,,,0.943305,1.355911,1.693263,-0.079910,0.009028,1.013088,-0.035000,6.279000,6.769000
20885,,,,,,,,,,,,,63.784405,64.362564,0.270758,0.291730,,,,,,,,,,,,
20890,,,,,,,,,,,,,,,,,,,,0.942071,1.365729,1.694125,-0.078324,0.009394,1.018822,0.238000,-25.844000,7.490000
20895,,,,,,,,,,,,,63.469967,63.956429,0.273819,0.295684,,,,,,,,,,,,
20900,,,,0.938670,1.401865,1.720955,0.957227,0.164080,,,,,,,,,,,,0.940859,1.375399,1.695010,-0.067222,0.011468,1.026813,0.035000,-59.073002,8.050000
20902,,,,,,,,,,,62.601994,64.624077,,,,,0.026300,-0.001114,0.025801,,,,,,,,,
20905,,,,,,,,,,,,,63.205399,63.614708,0.244531,0.268328,,,,,,,,,,,,
20910,,,,,,,,,,,,,,,,,,,,0.939344,1.385226,1.697374,-0.097051,0.009699,1.016748,-0.441000,-88.494003,8.638000
20915,,,,,,,,,,,,,62.982792,63.871727,0.246699,0.265824,,,,,,,,,,,,
20920,,,,,,,,,,,,,,,,,,,,0.938376,1.395028,1.697960,-0.072163,0.016958,1.025410,0.777000,-109.424004,7.868000
20925,,,,,,,,,,,,,62.795490,63.543442,0.248523,0.269022,,,,,,,,,,,,
20930,,,,,,,,,,,,,,,,,,,,0.937165,1.404511,1.699242,0.090097,0.012078,1.028765,0.133000,-114.814003,7.924000
20935,,,,,,,,,,,,,62.637894,63.811764,0.250058,0.266408,,,,,,,,,,,,
20940,,,,,,,,,,,,,,,,,,,,0.935907,1.414180,1.699297,0.127978,0.012627,1.014186,0.091000,-43.554001,7.742000
20945,,,,,,,,,,,,,62.505291,63.492985,0.251350,0.269513,,,,,,,,,,,,
20950,,,,0.931795,1.446284,1.727648,0.919993,0.143136,,,,,,,,,,,,0.934497,1.423849,1.702625,0.089487,0.019581,1.027850,0.280000,21.580999,7.511000
20952,,,,,,,,,,,59.720409,61.568863,,,,,0.022396,-0.000267,0.024858,,,,,,,,,
20955,,,,,,,,,,,,,62.393723,62.680225,0.212854,0.235455,,,,,,,,,,,,
20960,,,,,,,,,,,,,,,,,,,,0.933178,1.433674,1.704044,-0.048007,0.022692,1.025349,0.469000,54.515999,8.218000
20965,,,,,,,,,,,,,61.755302,62.540909,0.219070,0.236812,,,,,,,,,,,,
20970,,,,,,,,,,,,,,,,,,,,0.931967,1.443208,1.704623,-0.090951,0.017995,1.023458,0.028000,52.990002,8.638000
20975,,,,,,,,,,,,,61.218140,61.879147,0.224300,0.243255,,,,,,,,,,,,
20980,,,,,,,,,,,,,,,,,,,,0.930528,1.452789,1.706869,-0.086498,0.009882,1.026752,0.014000,36.407001,7.070000
20985,,,,,,,,,,,,,61.310711,61.866882,0.223399,0.243374,,,,,,,,,,,,
20990,,,,,,,,,,,,,,,,,,,,0.929337,1.462174,1.708846,-0.081252,0.011712,1.015345,-0.735000,18.305000,7.840000
20995,,,,,,,,,,,,,60.844059,61.312023,0.227942,0.248776,,,,,,,,,,,,
21000,,,,0.925004,1.488416,1.733492,0.877103,0.124980,,,,,,,,,,,,0.927979,1.471554,1.711337,-0.084851,0.010980,1.028826,0.147000,-1.617000,7.168000
21002,,,,,,,,,,,56.257439,57.882160,,,,,0.016986,0.000596,0.022497,,,,,,,,,
21005,,,,,,,,,,,,,60.451416,60.845161,0.184179,0.202668,,,,,,,,,,,,
21010,,,,,,,,,,,,,,,,,,,,0.926982,1.480964,1.711301,-0.153781,0.017690,1.029497,0.385000,-15.253000,7.805000
21015,,,,,,,,,,,,,60.121048,60.996887,0.187397,0.201190,,,,,,,,,,,,
21020,,,,,,,,,,,,,,,,,,,,0.925268,1.490266,1.710231,-0.136335,0.011895,1.018151,-1.435000,-19.201000,6.440000
21025,,,,,,,,,,,,,59.843075,60.580006,0.190105,0.205251,,,,,,,,,,,,
21030,,,,,,,,,,,,,,,,,,,,0.924170,1.499367,1.714345,-0.124318,0.009089,1.022055,0.175000,-24.934000,6.377000
21035,,,,,,,,,,,,,59.064648,59.684700,0.197687,0.213971,,,,,,,,,,,,
21040,,,,,,,,,,,,,,,,,,,,0.922890,1.508043,1.715312,-0.052155,0.001281,1.024983,0.686000,-23.709000,4.704000
21045,,,,,,,,,,,,,58.954220,59.475933,0.198762,0.216005,,,,,,,,,,,,
21050,,,,0.925004,1.488416,1.733492,0.877103,0.124980,,,,,,,,,,,,0.921556,1.517044,1.715633,-0.047824,0.001281,1.022116,0.637000,-6.741000,6.174000
21052,,,,,,,,,,,48.455044,49.884762,,,,,-0.029005,0.000712,0.017831,,,,,,,,,
21055,,,,,,,,,,,,,58.316765,58.755733,0.097826,0.113189,,,,,,,,,,,,
21060,,,,,,,,,,,,,,,,,,,,0.920242,1.525654,1.718389,-0.250100,0.008052,1.027362,0.357000,12.026000,5.887000
21065,,,,,,,,,,,,,57.780407,58.149757,0.103047,0.119087,,,,,,,,,,,,
21070,,,,,,,,,,,,,,,,,,,,0.919057,1.534248,1.717232,-0.236802,0.014945,1.034621,0.770000,33.529999,5.376000
21075,,,,,,,,,,,,,56.784576,57.095345,0.112740,0.129351,,,,,,,,,,,,
21080,,,,,,,,,,,,,,,,,,,,0.918022,1.542592,1.719038,-0.213073,0.013420,1.023702,-0.210000,49.209999,6.587000
21085,,,,,,,,,,,,,55.402138,56.208164,0.126197,0.137987,,,,,,,,,,,,
21090,,,,,,,,,,,,,,,,,,,,0.916726,1.550577,1.720727,-0.188673,0.014335,1.018822,-0.602000,57.182999,4.711000
21095,,,,,,,,,,,,,54.783501,55.461689,0.132219,0.145253,,,,,,,,,,,,
21100,,,,0.912045,1.565018,1.743044,0.777324,0.095227,,,,,,,,,,,,0.915421,1.558357,1.719943,-0.185562,0.008540,1.018212,-0.259000,60.249001,4.424000
21102,,,,,,,,,,,48.456467,49.871670,,,,,0.006834,0.002345,0.022917,,,,,,,,,
21105,,,,,,,,,,,,,53.718433,54.289062,0.142582,0.156468,,,,,,,,,,,,
21110,,,,,,,,,,,,,,,,,,,,0.914421,1.566161,1.720724,-0.174338,0.001342,1.011014,0.140000,56.749001,4.424000
21115,,,,,,,,,,,,,52.277744,53.302414,0.156613,0.166077,,,,,,,,,,,,
21120,,,,,,,,,,,,,,,,,,,,0.913186,1.573541,1.721203,-0.156221,0.012566,1.016626,0.259000,48.881001,3.675000
21125,,,,,,,,,,,,,51.610092,51.927708,0.163114,0.179464,,,,,,,,,,,,
21130,,,,,,,,,,,,,,,,,,,,0.912077,1.581341,1.725161,-0.143960,0.015433,1.016443,-0.378000,34.979000,3.717000
21135,,,,,,,,,,,,,50.503784,51.315571,0.173888,0.185425,,,,,,,,,,,,
21140,,,,,,,,,,,,,,,,,,,,0.911034,1.588626,1.724535,-0.137555,0.005124,1.015162,-0.434000,17.829000,3.346000
21145,,,,,,,,,,,,,50.117485,50.255974,0.177650,0.195744,,,,,,,,,,,,
21150,,,,0.906037,1.599156,1.746913,0.722031,0.082948,,,,,,,,,,,,0.909997,1.595838,1.721807,-0.118218,0.001281,1.027667,-0.315000,-3.654000,4.536000
21152,,,,,,,,,,,44.503006,45.889191,,,,,0.003622,0.003396,0.025137,,,,,,,,,
21155,,,,,,,,,,,,,49.247906,49.908974,0.131783,0.144393,,,,,,,,,,,,
21160,,,,,,,,,,,,,,,,,,,,0.908684,1.603417,1.724441,-0.203740,0.001464,1.011807,0.420000,-18.039000,4.053000
21165,,,,,,,,,,,,,49.060787,49.072468,0.133606,0.152543,,,,,,,,,,,,
21170,,,,,,,,,,,,,,,,,,,,0.907491,1.610307,1.724888,-0.187209,0.000183,1.019371,-0.301000,-24.108000,3.661000
21175,,,,,,,,,,,,,48.358799,48.913170,0.140446,0.154095,,,,,,,,,,,,
21180,,,,,,,,,,,,,,,,,,,,0.906452,1.617360,1.726569,-0.172691,0.005795,1.018090,-0.105000,-31.632999,4.914000
21185,,,,,,,,,,,,,47.768150,48.234596,0.146200,0.160706,,,,,,,,,,,,
21190,,,,,,,,,,,,,,,,,,,,0.905189,1.624260,1.727633,-0.150365,0.012078,1.015284,-0.875000,-43.393002,5.439000
21195,,,,,,,,,,,,,47.271175,47.663647,0.151042,0.166269,,,,,,,,,,,,
21200,,,,0.900425,1.630384,1.750269,0.664211,0.072055,,,,,,,,,,,,0.904297,1.631080,1.725174,-0.125599,0.005429,1.012966,-0.399000,-55.993000,5.299000
21202,,,,,,,,,,,40.314266,41.576023,,,,,-0.000343,0.003955,0.025065,,,,,,,,,
21205,,,,,,,,,,,,,46.308479,47.183247,0.102863,0.111680,,,,,,,,,,,,
21210,,,,,,,,,,,,,,,,,,,,0.903301,1.638014,1.728977,-0.199836,0.003294,1.016077,-0.091000,-64.540001,5.005000
21215,,,,,,,,,,,,,46.043011,46.234493,0.105449,0.120923,,,,,,,,,,,,
21220,,,,,,,,,,,,,,,,,,,,0.902165,1.644286,1.729059,-0.175741,-0.005002,1.024251,-0.889000,-61.831001,2.856000
21225,,,,,,,,,,,,,45.275101,45.436214,0.112930,0.128699,,,,,,,,,,,,
21230,,,,,,,,,,,,,,,,,,,,0.901041,1.650969,1.729595,-0.130784,0.010858,1.019798,-0.266000,-64.588997,5.418000
21235,,,,,,,,,,,,,44.628983,44.764545,0.119224,0.135242,,,,,,,,,,,,
21240,,,,,,,,,,,,,,,,,,,,0.900255,1.657220,1.732525,-0.035136,0.002135,1.017785,-0.434000,-33.194000,4.620000
21245,,,,,,,,,,,,,43.540794,44.199398,0.129825,0.140748,,,,,,,,,,,,
21250,,,,0.895255,1.658645,1.753166,0.604703,0.062347,,,,,,,,,,,,0.899111,1.663245,1.731909,0.000854,0.010919,1.024373,1.092000,2.429000,4.487000
21252,,,,,,,,,,,36.097633,37.129692,,,,,-0.004190,0.004553,0.021291,,,,,,,,,
21255,,,,,,,,,,,,,43.169735,43.723888,0.075512,0.084295,,,,,,,,,,,,
21260,,,,,,,,,,,,,,,,,,,,0.898176,1.669495,1.732091,-0.156892,-0.001525,1.019005,0.385000,24.766001,2.751000
21265,,,,,,,,,,,,,42.312984,42.779247,0.083857,0.093496,,,,,,,,,,,,
21270,,,,,,,,,,,,,,,,,,,,0.897261,1.675389,1.732448,-0.159454,-0.003965,1.015528,0.112000,30.771999,2.632000
21275,,,,,,,,,,,,,41.047573,41.439884,0.096181,0.106540,,,,,,,,,,,,
21280,,,,,,,,,,,,,,,,,,,,0.896041,1.681124,1.731811,-0.125843,-0.001281,1.014796,0.021000,28.917000,3.080000
21285,,,,,,,,,,,,,40.527397,40.857491,0.101247,0.112212,,,,,,,,,,,,
21290,,,,,,,,,,,,,,,,,,,,0.895402,1.686739,1.733213,-0.123952,0.006344,1.018822,-0.630000,21.455000,3.535000
21295,,,,,,,,,,,,,39.545177,39.822918,0.110813,0.122288,,,,,,,,,,,,
21300,,,,0.895255,1.658645,1.753166,0.604703,0.062347,,,,,,,,,,,,0.894450,1.692415,1.735195,-0.103456,0.011224,1.017114,-0.280000,9.450000,3.129000
21302,,,,,,,,,,,31.077192,32.016853,,,,,-0.033686,0.004722,0.018027,,,,,,,,,
21305,,,,,,,,,,,,,38.718739,38.952431,0.049904,0.060536,,,,,,,,,,,,
21310,,,,,,,,,,,,,,,,,,,,0.893452,1.697927,1.734871,-0.193187,-0.005002,1.022726,-0.777000,4.914000,2.898000
21315,,,,,,,,,,,,,38.023373,38.220001,0.056674,0.067668,,,,,,,,,,,,
21320,,,,,,,,,,,,,,,,,,,,0.892503,1.703191,1.734609,-0.191662,-0.000793,1.030656,-0.707000,11.858000,2.912000
21325,,,,,,,,,,,,,36.893749,37.603737,0.067673,0.073668,,,,,,,,,,,,
21330,,,,,,,,,,,,,,,,,,,,0.891672,1.708346,1.734877,-0.156465,0.007686,1.023580,0.588000,12.488000,2.345000
21335,,,,,,,,,,,,,36.487827,36.540665,0.071626,0.084019,,,,,,,,,,,,
21340,,,,,,,,,,,,,,,,,,,,0.890875,1.713133,1.737940,-0.158051,0.009760,1.016565,-0.497000,9.555000,1.974000
21345,,,,,,,,,,,,,35.601742,35.646202,0.080254,0.092729,,,,,,,,,,,,
21350,,,,0.886369,1.706213,1.757766,0.483885,0.045877,,,,,,,,,,,,0.890169,1.718003,1.736576,-0.133651,0.008723,1.021262,-0.070000,0.973000,3.290000
21352,,,,,,,,,,,27.528112,28.349243,,,,,-0.011265,0.005694,0.021275,,,,,,,,,
21355,,,,,,,,,,,,,34.311646,34.893597,0.044001,0.049616,,,,,,,,,,,,
21360,,,,,,,,,,,,,,,,,,,,0.889226,1.722773,1.736161,-0.190564,-0.000488,1.030229,-0.658000,-3.052000,3.206000
21365,,,,,,,,,,,,,33.770702,34.260357,0.049273,0.055788,,,,,,,,,,,,
21370,,,,,,,,,,,,,,,,,,,,0.888675,1.727216,1.739406,-0.174521,-0.000122,1.013149,-0.294000,-0.861000,1.141000
21375,,,,,,,,,,,,,32.771011,33.183006,0.059016,0.066288,,,,,,,,,,,,
21380,,,,,,,,,,,,,,,,,,,,0.888018,1.731459,1.738200,-0.142130,-0.000000,1.012844,0.070000,-3.465000,1.533000
21385,,,,,,,,,,,,,31.929871,32.276520,0.067213,0.075122,,,,,,,,,,,,
21390,,,,,,,,,,,,,,,,,,,,0.887148,1.735960,1.737034,-0.122366,0.007442,1.023092,-0.560000,-10.311000,2.233000
21395,,,,,,,,,,,,,31.222134,31.513805,0.074111,0.082555,,,,,,,,,,,,
21400,,,,0.882682,1.725607,1.759549,0.424183,0.038881,,,,,,,,,,,,0.886336,1.740060,1.738044,-0.104066,-0.004697,1.025715,0.385000,-21.693001,2.478000
21402,,,,,,,,,,,23.437122,24.156704,,,,,-0.013917,0.006021,0.021402,,,,,,,,,
21405,,,,,,,,,,,,,30.082102,30.327515,0.028998,0.036497,,,,,,,,,,,,
21410,,,,,,,,,,,,,,,,,,,,0.885604,1.744312,1.737383,-0.180682,0.000488,1.013332,-0.616000,-28.643999,2.478000
21415,,,,,,,,,,,,,29.667421,29.873913,0.033039,0.040917,,,,,,,,,,,,
21420,,,,,,,,,,,,,,,,,,,,0.884947,1.747995,1.738045,-0.157380,0.008235,1.027667,0.182000,-26.802999,1.281000
21425,,,,,,,,,,,,,28.773968,28.947708,0.041745,0.049942,,,,,,,,,,,,
21430,,,,,,,,,,,,,,,,,,,,0.884481,1.751771,1.739809,-0.093208,0.001586,1.022116,0.133000,-21.532000,2.156000
21435,,,,,,,,,,,,,28.022215,28.168400,0.049070,0.057536,,,,,,,,,,,,
21440,,,,,,,,,,,,,,,,,,,,0.883775,1.755512,1.741675,-0.066307,0.010492,1.020530,0.119000,-5.978000,2.338000
21445,,,,,,,,,,,,,26.845146,27.512690,0.060540,0.063925,,,,,,,,,,,,
21450,,,,0.879498,1.742206,1.761036,0.365984,0.032592,,,,,,,,,,,,0.883432,1.758799,1.742267,-0.050569,-0.004880,1.025776,0.322000,6.342000,1.960000
21452,,,,,,,,,,,19.568197,20.141359,,,,,-0.015956,0.006685,0.018580,,,,,,,,,
21455,,,,,,,,,,,,,26.399305,26.416433,0.011732,0.019441,,,,,,,,,,,,
21460,,,,,,,,,,,,,,,,,,,,0.882570,1.762241,1.739199,-0.158966,0.004270,1.016260,-1.127000,12.684000,1.673000
21465,,,,,,,,,,,,,25.479631,25.494041,0.020690,0.028426,,,,,,,,,,,,
21470,,,,,,,,,,,,,,,,,,,,0.882073,1.765630,1.740585,-0.150548,0.001098,1.017602,0.238000,14.840000,1.610000
21475,,,,,,,,,,,,,24.705816,24.717943,0.028228,0.035985,,,,,,,,,,,,
21480,,,,,,,,,,,,,,,,,,,,0.881493,1.768991,1.741990,-0.123586,-0.004392,1.026325,0.385000,8.757000,2.870000
21485,,,,,,,,,,,,,23.510187,24.064934,0.039874,0.042346,,,,,,,,,,,,
21490,,,,,,,,,,,,,,,,,,,,0.881010,1.771640,1.742688,-0.115595,-0.003172,1.014674,0.252000,-0.770000,1.239000
21495,,,,,,,,,,,,,23.048727,22.970947,0.044369,0.053003,,,,,,,,,,,,
21500,,,,0.876812,1.756106,1.762254,0.310003,0.026943,,,,,,,,,,,,0.880514,1.774632,1.742643,-0.095587,-0.000000,1.029192,0.035000,-12.215000,2.478000
21502,,,,,,,,,,,15.821449,16.321466,,,,,-0.017857,0.006827,0.019689,,,,,,,,,
21505,,,,,,,,,,,,,22.115911,22.595011,0.001925,0.004129,,,,,,,,,,,,
21510,,,,,,,,,,,,,,,,,,,,0.880097,1.777400,1.742933,-0.148657,0.012871,1.018334,-0.434000,-17.808001,2.282000
21515,,,,,,,,,,,,,21.331041,21.734156,0.009577,0.012521,,,,,,,,,,,,
21520,,,,,,,,,,,,,,,,,,,,0.879550,1.780273,1.744619,-0.112606,0.001159,1.024129,0.392000,-4.795000,1.085000
21525,,,,,,,,,,,,,20.670650,21.009830,0.016014,0.019582,,,,,,,,,,,,
21530,,,,,,,,,,,,,,,,,,,,0.878965,1.783003,1.744150,-0.106445,-0.006344,1.040782,-0.112000,4.508000,1.043000
21535,,,,,,,,,,,,,20.115000,19.855843,0.021431,0.030832,,,,,,,,,,,,
21540,,,,,,,,,,,,,,,,,,,,0.878645,1.785242,1.741252,-0.075579,0.006222,1.028033,0.217000,9.205000,1.722000
21545,,,,,,,,,,,,,19.102930,19.429419,0.031297,0.034989,,,,,,,,,,,,
21550,,,,0.874602,1.767479,1.763233,0.256907,0.021884,,,,,,,,,,,,0.878322,1.787528,1.742796,-0.077043,-0.009638,1.020835,-0.553000,8.582000,1.624000
21552,,,,,,,,,,,12.327099,12.747518,,,,,-0.019346,0.007097,0.020195,,,,,,,,,
21555,,,,,,,,,,,,,18.795919,18.526083,-0.013733,-0.005325,,,,,,,,,,,,
21560,,,,,,,,,,,,,,,,,,,,0.877829,1.790037,1.745286,-0.149633,-0.001647,1.019981,0.581000,3.255000,1.323000
21565,,,,,,,,,,,,,17.993057,17.766016,-0.005909,0.002083,,,,,,,,,,,,
21570,,,,,,,,,,,,,,,,,,,,0.877174,1.791992,1.743131,-0.149938,0.004331,1.024190,-0.945000,1.498000,1.302000
21575,,,,,,,,,,,,,16.772985,17.126497,0.005981,0.008315,,,,,,,,,,,,
21580,,,,,,,,,,,,,,,,,,,,0.877296,1.793967,1.743690,-0.119499,0.002074,1.019127,0.301000,-5.838000,0.854000
21585,,,,,,,,,,,,,16.290960,16.588404,0.010679,0.013559,,,,,,,,,,,,
21590,,,,,,,,,,,,,,,,,,,,0.876931,1.796035,1.743107,-0.076433,0.009577,1.026996,1.057000,-8.211000,0.455000
21595,,,,,,,,,,,,,15.340841,15.591111,0.019938,0.023278,,,,,,,,,,,,
21600,,,,0.872833,1.776542,1.764002,0.207368,0.017378,,,,,,,,,,,,0.876535,1.797790,1.743688,-0.048007,0.000549,1.025105,0.210000,-1.792000,1.330000
21602,,,,,,,,,,,9.112931,9.451818,,,,,-0.020489,0.007304,0.020168,,,,,,,,,
21605,,,,,,,,,,,,,15.085955,14.751988,-0.021765,-0.013851,,,,,,,,,,,,
21610,,,,,,,,,,,,,,,,,,,,0.876246,1.799432,1.744797,-0.140178,0.005551,1.026264,0.168000,2.345000,1.505000
21615,,,,,,,,,,,,,14.326949,14.590493,-0.014367,-0.012277,,,,,,,,,,,,
21620,,,,,,,,,,,,,,,,,,,,0.875859,1.801090,1.744395,-0.115656,-0.004880,1.029131,0.182000,3.976000,2.100000
21625,,,,,,,,,,,,,13.688323,13.365526,-0.008143,-0.000338,,,,,,,,,,,,
21630,,,,,,,,,,,,,,,,,,,,0.875635,1.802472,1.744778,-0.091378,-0.002257,1.025227,-0.637000,4.823000,0.686000
21635,,,,,,,,,,,,,12.606440,12.879381,0.002402,0.004400,,,,,,,,,,,,
21640,,,,,,,,,,,,,,,,,,,,0.875452,1.804132,1.745492,-0.078629,0.002257,1.026935,-0.490000,-4.858000,0.077000
21645,,,,,,,,,,,,,12.240686,12.470339,0.005967,0.008387,,,,,,,,,,,,
21650,,,,0.871477,1.783460,1.764583,0.161964,0.013400,,,,,,,,,,,,0.875208,1.805313,1.745356,-0.047153,-0.011224,1.026630,-0.217000,-1.785000,0.364000
21652,,,,,,,,,,,6.248225,6.505000,,,,,-0.021087,0.007471,0.019171,,,,,,,,,
21655,,,,,,,,,,,,,11.388398,11.581628,-0.025110,-0.023464,,,,,,,,,,,,
21660,,,,,,,,,,,,,,,,,,,,0.874807,1.806573,1.745878,-0.113582,-0.000610,1.013942,0.091000,0.798000,1.015000
21665,,,,,,,,,,,,,10.671283,10.833867,-0.018120,-0.016175,,,,,,,,,,,,
21670,,,,,,,,,,,,,,,,,,,,0.874632,1.807532,1.746457,-0.098698,0.001281,1.035841,0.777000,1.666000,0.028000
21675,,,,,,,,,,,,,10.067903,10.204700,-0.012239,-0.010042,,,,,,,,,,,,
21680,,,,,,,,,,,,,,,,,,,,0.874586,1.808749,1.744433,-0.079300,0.006405,1.025837,0.035000,2.338000,0.287000
21685,,,,,,,,,,,,,9.560218,9.675320,-0.007290,-0.004882,,,,,,,,,,,,
21690,,,,,,,,,,,,,,,,,,,,0.874330,1.809473,1.746743,-0.064111,0.004392,1.022482,-0.588000,-1.204000,-0.119000
21695,,,,,,,,,,,,,9.133053,9.229899,-0.003126,-0.000541,,,,,,,,,,,,
21700,,,,0.870484,1.788517,1.765003,0.121232,0.009932,,,,,,,,,,,,0.874383,1.810298,1.745218,-0.045506,0.004392,1.011075,-0.483000,-0.343000,0.287000
21702,,,,,,,,,,,3.780670,3.975947,,,,,-0.020991,0.007617,0.019691,,,,,,,,,
21705,,,,,,,,,,,,,8.229093,8.310579,-0.028245,-0.026355,,,,,,,,,,,,
21710,,,,,,,,,,,,,,,,,,,,0.874190,1.811413,1.747617,-0.106262,0.001403,1.018944,0.672000,0.672000,1.190000
21715,,,,,,,,,,,,,8.013043,8.081607,-0.026139,-0.024123,,,,,,,,,,,,
21720,,,,,,,,,,,,,,,,,,,,0.874018,1.811941,1.744354,-0.089365,0.000793,1.026691,-0.504000,0.700000,0.371000
21725,,,,,,,,,,,,,7.286717,7.344406,-0.019058,-0.016936,,,,,,,,,,,,
21730,,,,,,,,,,,,,,,,,,,,0.873802,1.812775,1.746134,-0.071797,-0.003599,1.020042,0.287000,0.420000,0.441000
21735,,,,,,,,,,,,,6.675586,6.724125,-0.013100,-0.010888,,,,,,,,,,,,
21740,,,,,,,,,,,,,,,,,,,,0.873941,1.813125,1.745231,-0.054595,0.002318,1.029436,0.098000,0.217000,-0.007000
21745,,,,,,,,,,,,,6.161380,6.202221,-0.008087,-0.005800,,,,,,,,,,,,
21750,,,,0.869806,1.791959,1.765288,0.085675,0.006970,,,,,,,,,,,,0.873834,1.813460,1.745655,-0.040748,-0.001952,1.022543,-0.497000,-1.960000,-0.035000
21752,,,,,,,,,,,1.674183,1.811904,,,,,-0.020641,0.007706,0.019629,,,,,,,,,
21755,,,,,,,,,,,,,5.728728,5.763091,-0.032834,-0.031276,,,,,,,,,,,,
21760,,,,,,,,,,,,,,,,,,,,0.873579,1.813925,1.745811,-0.092232,-0.003721,1.015772,-0.161000,-1.190000,0.553000
21765,,,,,,,,,,,,,4.820151,4.849064,-0.023976,-0.022364,,,,,,,,,,,,
21770,,,,,,,,,,,,,,,,,,,,0.873510,1.814197,1.748882,-0.070882,-0.001952,1.016504,-0.014000,0.700000,-0.350000
21775,,,,,,,,,,,,,4.600217,4.624545,-0.021832,-0.020175,,,,,,,,,,,,
21780,,,,,,,,,,,,,,,,,,,,0.873640,1.814733,1.746095,-0.059841,-0.011590,1.022909,-0.042000,0.273000,-0.077000
21785,,,,,,,,,,,,,3.870622,3.891092,-0.014718,-0.013024,,,,,,,,,,,,
21790,,,,,,,,,,,,,,,,,,,,0.873498,1.814823,1.745936,-0.033916,-0.011407,1.029131,-0.784000,-0.098000,0.371000
21795,,,,,,,,,,,,,3.801284,3.818507,-0.014042,-0.012316,,,,,,,,,,,,
21800,,,,0.869389,1.794077,1.765463,0.055760,0.004514,,,,,,,,,,,,0.873256,1.815077,1.747079,-0.029280,0.000183,1.017602,0.112000,-1.470000,0.462000
21802,,,,,,,,,,,-0.058638,0.027477,,,,,-0.020128,0.007512,0.018489,,,,,,,,,
21805,,,,,,,,,,,,,3.198400,3.212891,-0.031992,-0.030949,,,,,,,,,,,,
21810,,,,,,,,,,,,,,,,,,,,0.873412,1.815177,1.745243,-0.070638,0.005124,1.019066,0.966000,-0.196000,-0.644000
21815,,,,,,,,,,,,,2.691133,2.703326,-0.027046,-0.025980,,,,,,,,,,,,
21820,,,,,,,,,,,,,,,,,,,,0.873501,1.814997,1.747169,-0.057157,0.005551,1.019920,0.294000,0.140000,-0.021000
21825,,,,,,,,,,,,,2.264319,2.274579,-0.022884,-0.021800,,,,,,,,,,,,
21830,,,,,,,,,,,,,,,,,,,,0.873409,1.815273,1.745049,-0.040687,-0.002562,1.019981,-0.343000,1.498000,0.560000
21835,,,,,,,,,,,,,1.905198,1.913830,-0.019382,-0.018283,,,,,,,,,,,,
21840,,,,,,,,,,,,,,,,,,,,0.873314,1.815281,1.746536,-0.024034,0.001464,1.011136,1.029000,0.693000,-0.168000
21845,,,,,,,,,,,,,1.603033,1.610296,-0.016436,-0.015323,,,,,,,,,,,,
21850,,,,0.869170,1.795185,1.765554,0.031864,0.002572,,,,,,,,,,,,0.873362,1.815036,1.747049,-0.030683,-0.003111,1.024983,0.014000,-1.449000,0.084000
21852,,,,,,,,,,,-1.310446,-1.261162,,,,,-0.018934,0.007602,0.018506,,,,,,,,,
21855,,,,,,,,,,,,,1.348792,1.354903,-0.031171,-0.030553,,,,,,,,,,,,
21860,,,,,,,,,,,,,,,,,,,,0.873246,1.814901,1.746954,-0.054534,0.001220,1.021262,0.693000,-1.708000,0.826000
21865,,,,,,,,,,,,,0.590330,1.140015,-0.023775,-0.028457,,,,,,,,,,,,
21870,,,,,,,,,,,,,,,,,,,,0.873483,1.814724,1.748288,-0.040321,-0.007198,1.021323,-0.231000,-0.595000,0.350000
21875,,,,,,,,,,,,,0.496704,0.414665,-0.022862,-0.021385,,,,,,,,,,,,
21880,,,,,,,,,,,,,,,,,,,,0.873489,1.814517,1.746198,-0.031903,0.004636,1.022299,-0.784000,1.008000,-0.735000
21885,,,,,,,,,,,,,0.417926,0.348899,-0.022094,-0.020744,,,,,,,,,,,,
21890,,,,,,,,,,,,,,,,,,,,0.873641,1.814465,1.747629,-0.033550,-0.006405,1.015589,-0.140000,0.784000,0.014000
21895,,,,,,,,,,,,,-0.192900,-0.250979,-0.016138,-0.014894,,,,,,,,,,,,
21900,,,,0.869089,1.795596,1.765587,0.014376,0.001159,,,,,,,,,,,,0.873659,1.814009,1.747800,-0.049105,-0.006222,1.034255,-0.819000,0.791000,0.448000
21902,,,,,,,,,,,-2.114090,-2.092231,,,,,-0.017407,0.007729,0.017896,,,,,,,,,
21905,,,,,,,,,,,,,-0.162306,-0.211174,-0.027488,-0.026711,,,,,,,,,,,,
21910,,,,,,,,,,,,,,,,,,,,0.873736,1.813676,1.747374,-0.030073,-0.002074,1.025044,0.308000,-0.728000,1.064000
21915,,,,,,,,,,,,,-0.681107,-0.722225,-0.022429,-0.021728,,,,,,,,,,,,
21920,,,,,,,,,,,,,,,,,,,,0.873676,1.813161,1.746026,-0.025925,0.000000,1.019310,-0.196000,0.049000,0.154000
21925,,,,,,,,,,,,,-1.117627,-0.607680,-0.018173,-0.022845,,,,,,,,,,,,
21930,,,,,,,,,,,,,,,,,,,,0.873749,1.813053,1.747232,-0.008845,0.004087,1.030778,0.133000,0.399000,-1.008000
21935,,,,,,,,,,,,,-0.940371,-1.055845,-0.019901,-0.018475,,,,,,,,,,,,
21940,,,,,,,,,,,,,,,,,,,,0.873868,1.812564,1.746347,-0.013725,0.004026,1.026752,0.959000,1.554000,0.525000
21945,,,,,,,,,,,,,-1.335771,-1.432931,-0.016046,-0.014798,,,,,,,,,,,,
21950,,,,0.869076,1.795660,1.765593,0.003642,0.000293,,,,,,,,,,,,0.873981,1.812049,1.747786,-0.008845,0.008845,1.021811,0.637000,1.309000,0.112000
21952,,,,,,,,,,,-2.415313,-2.409780,,,,,-0.015350,0.007715,0.017893,,,,,,,,,
21955,,,,,,,,,,,,,-1.668461,-1.750211,-0.016944,-0.016071,,,,,,,,,,,,
21960,,,,,,,,,,,,,,,,,,,,0.873955,1.811577,1.746742,-0.007747,-0.000915,1.017358,-0.042000,-2.072000,0.063000
21965,,,,,,,,,,,,,-1.948386,-1.472627,-0.014214,-0.018778,,,,,,,,,,,,
21970,,,,,,,,,,,,,,,,,,,,0.874086,1.811296,1.746842,-0.001159,0.004453,1.022421,-0.805000,0.154000,-0.546000
21975,,,,,,,,,,,,,-1.639372,-1.783612,-0.017228,-0.015745,,,,,,,,,,,,
21980,,,,,,,,,,,,,,,,,,,,0.874204,1.811013,1.746983,-0.006893,0.002257,1.032608,-0.273000,-0.021000,-0.616000
21985,,,,,,,,,,,,,-1.923910,-2.045274,-0.014453,-0.013194,,,,,,,,,,,,
21990,,,,,,,,,,,,,,,,,,,,0.874386,1.810480,1.747241,-0.000671,0.001098,1.024495,-0.973000,0.357000,-0.245000
21995,,,,,,,,,,,,,-2.163321,-2.265436,-0.012119,-0.011047,,,,,,,,,,,,
22000,,,,0.869076,1.795660,1.765593,0.000000,0.000000,,,,,,,,,,,,0.874295,1.810076,1.743603,-0.004087,0.002501,1.008513,-0.427000,-0.014000,0.392000
22002,,,,,,,,,,,-2.289562,-2.289562,,,,,-0.013326,0.007627,0.021728,,,,,,,,,
22005,,,,,,,,,,,,,-2.364761,-2.450681,-0.008425,-0.007587,,,,,,,,,,,,
22010,,,,,,,,,,,,,,,,,,,,0.874471,1.809344,1.745750,0.020496,0.001525,1.028033,-0.791000,-2.009000,-0.126000
22015,,,,,,,,,,,,,-2.534253,-2.606546,-0.006772,-0.006067,,,,,,,,,,,,
22020,,,,,,,,,,,,,,,,,,,,0.874652,1.809020,1.746774,0.029097,0.010126,1.024922,0.217000,-1.400000,0.098000
22025,,,,,,,,,,,,,-2.676863,-2.193147,-0.005381,-0.010098,,,,,,,,,,,,
22030,,,,,,,,,,,,,,,,,,,,0.874541,1.808673,1.746474,0.015982,0.004148,1.016809,-0.798000,-0.651000,-0.070000
22035,,,,,,,,,,,,,-2.252312,-2.389857,-0.009522,-0.008180,,,,,,,,,,,,
22040,,,,,,,,,,,,,,,,,,,,0.874787,1.808090,1.745977,0.008967,-0.008296,1.019676,-0.308000,0.028000,-0.917000
22045,,,,,,,,,,,,,-2.439639,-2.555369,-0.007695,-0.006566,,,,,,,,,,,,
22050,,,,0.869076,1.795660,1.765593,0.000000,0.000000,,,,,,,,,,,,0.874977,1.807948,1.747211,0.015494,0.001464,1.020469,0.448000,2.387000,-0.266000
22052,,,,,,,,,,,-1.904260,-1.904260,,,,,-0.011083,0.007936,0.018756,,,,,,,,,
22055,,,,,,,,,,,,,-2.597255,-2.694630,-0.000859,0.000090,,,,,,,,,,,,
22060,,,,,,,,,,,,,,,,,,,,0.874703,1.807381,1.746391,-0.021228,0.003660,1.022116,0.203000,0.462000,-0.175000
22065,,,,,,,,,,,,,-2.729873,-2.267261,0.000434,-0.004077,,,,,,,,,,,,
22070,,,,,,,,,,,,,,,,,,,,0.874885,1.807233,1.746458,0.028975,0.003172,1.017114,0.448000,-1.274000,-0.413000
22075,,,,,,,,,,,,,-2.296915,-2.452217,-0.003788,-0.002274,,,,,,,,,,,,
22080,,,,,,,,,,,,,,,,,,,,0.874986,1.806648,1.746488,0.020313,0.004331,1.019798,-0.308000,-0.462000,-0.154000
22085,,,,,,,,,,,,,-2.477167,-2.607838,-0.002030,-0.000756,,,,,,,,,,,,
22090,,,,,,,,,,,,,,,,,,,,0.875131,1.806433,1.745085,0.027511,0.001342,1.036390,1.232000,0.735000,0.224000
22095,,,,,,,,,,,,,-2.084288,-2.194234,-0.005862,-0.004789,,,,,,,,,,,,
22100,,,,0.869076,1.795660,1.765593,0.000000,0.000000,,,,,,,,,,,,0.875116,1.806067,1.749749,0.021045,0.004697,1.019127,-0.196000,1.561000,-0.217000
22102,,,,,,,,,,,-1.577586,-1.577586,,,,,-0.009181,0.007807,0.016176,,,,,,,,,
22105,,,,,,,,,,,,,-2.298263,-2.390772,0.000717,0.001619,,,,,,,,,,,,
22110,,,,,,,,,,,,,,,,,,,,0.875021,1.805765,1.746877,0.025681,0.005490,1.023153,-0.357000,0.098000,0.924000
22115,,,,,,,,,,,,,-2.478301,-2.556138,0.002473,0.003232,,,,,,,,,,,,
22120,,,,,,,,,,,,,,,,,,,,0.875295,1.805269,1.749000,0.036051,-0.002257,1.022787,-0.532000,-2.142000,0.133000
22125,,,,,,,,,,,,,-2.085242,-2.150734,-0.001360,-0.000721,,,,,,,,,,,,
22130,,,,,,,,,,,,,,,,,,,,0.875159,1.805164,1.747117,0.023058,-0.004575,1.022665,-0.406000,-0.686000,0.896000
22135,,,,,,,,,,,,,-2.299066,-2.354171,0.000725,0.001262,,,,,,,,,,,,
22140,,,,,,,,,,,,,,,,,,,,0.875096,1.804820,1.748026,0.025925,0.009699,1.022787,-0.315000,0.119000,0.224000
22145,,,,,,,,,,,,,-1.934434,-1.980799,-0.002831,-0.002378,,,,,,,,,,,,
22150,,,,0.869076,1.795660,1.765593,0.000000,0.000000,,,,,,,,,,,,0.875062,1.804571,1.746997,0.015738,0.014518,1.026447,-0.035000,0.441000,-1.582000
22152,,,,,,,,,,,-1.325346,-1.325346,,,,,-0.007713,0.007484,0.018430,,,,,,,,,
22155,,,,,,,,,,,,,-2.172175,-1.666644,0.002956,-0.001973,,,,,,,,,,,,
22160,,,,,,,,,,,,,,,,,,,,0.875267,1.804320,1.747133,0.023790,-0.001525,1.018639,-0.623000,0.497000,0.385000
22165,,,,,,,,,,,,,-1.827668,-1.946857,-0.000403,0.000759,,,,,,,,,,,,
22170,,,,,,,,,,,,,,,,,,,,0.875315,1.804138,1.747697,0.021594,-0.005856,1.024678,0.266000,-2.611000,-0.714000
22175,,,,,,,,,,,,,-1.537800,-1.638085,-0.003230,-0.002252,,,,,,,,,,,,
22180,,,,,,,,,,,,,,,,,,,,0.875539,1.803847,1.746908,0.014640,0.002135,1.024739,1.050000,-1.169000,-0.644000
22185,,,,,,,,,,,,,-1.838448,-1.922828,-0.000298,0.000525,,,,,,,,,,,,
22190,,,,,,,,,,,,,,,,,,,,0.875500,1.803912,1.745048,0.023729,-0.002257,1.021994,-0.168000,0.812000,0.343000
22195,,,,,,,,,,,,,-1.546870,-1.617867,-0.003141,-0.002449,,,,,,,,,,,,
22200,,,,0.869076,1.795660,1.765593,0.000000,0.000000,,,,,,,,,,,,0.875426,1.803604,1.746116,0.010553,-0.001647,1.022848,-0.231000,0.763000,-0.112000
22202,,,,,,,,,,,-1.149735,-1.149735,,,,,-0.006691,0.007625,0.019446,,,,,,,,,
22205,,,,,,,,,,,,,-1.301536,-1.361273,-0.003119,-0.002536,,,,,,,,,,,,
22210,,,,,,,,,,,,,,,,,,,,0.875577,1.803417,1.746692,0.016409,-0.003294,1.022909,0.168000,0.959000,0.609000
22215,,,,,,,,,,,,,-1.639655,-1.689918,0.000179,0.000669,,,,,,,,,,,,
22220,,,,,,,,,,,,,,,,,,,,0.875663,1.803406,1.748840,0.017690,0.002562,1.019005,0.217000,-2.464000,0.413000
22225,,,,,,,,,,,,,-1.379606,-1.421897,-0.002357,-0.001945,,,,,,,,,,,,
22230,,,,,,,,,,,,,,,,,,,,0.875767,1.803009,1.746707,0.019703,-0.006283,1.020530,1.008000,-0.574000,0.819000
22235,,,,,,,,,,,,,-1.160800,-1.196384,-0.004491,-0.004144,,,,,,,,,,,,
22240,,,,,,,,,,,,,,,,,,,,0.875772,1.802747,1.746526,0.013542,0.002257,1.031998,-0.385000,0.105000,-0.959000
22245,,,,,,,,,,,,,-1.521240,-1.551180,-0.000976,-0.000684,,,,,,,,,,,,
22250,,,,0.869076,1.795660,1.765593,0.000000,0.000000,,,,,,,,,,,,0.875596,1.802838,1.746859,0.017751,0.003172,1.023519,0.301000,0.371000,-0.112000
22252,,,,,,,,,,,-1.011275,-1.011275,,,,,-0.005886,0.007672,0.018818,,,,,,,,,
22255,,,,,,,,,,,,,-1.279971,-1.305163,-0.001425,-0.001179,,,,,,,,,,,,
22260,,,,,,,,,,,,,,,,,,,,0.875658,1.802715,1.746196,0.015250,-0.002135,1.028948,-0.084000,0.455000,0.707000
22265,,,,,,,,,,,,,-1.076968,-1.098164,-0.003404,-0.003198,,,,,,,,,,,,
22270,,,,,,,,,,,,,,,,,,,,0.875736,1.802501,1.745238,-0.006222,-0.005368,1.015528,-0.161000,0.301000,-0.196000
22275,,,,,,,,,,,,,-1.450704,-0.923995,0.000240,-0.004896,,,,,,,,,,,,
22280,,,,,,,,,,,,,,,,,,,,0.875732,1.802258,1.745182,0.019032,-0.010614,1.023641,0.966000,-1.477000,-0.973000
22285,,,,,,,,,,,,,-1.220622,-1.321993,-0.002004,-0.001015,,,,,,,,,,,,
22290,,,,,,,,,,,,,,,,,,,,0.875642,1.802253,1.747295,0.014274,-0.006161,1.027789,-1.155000,-0.133000,-0.336000
22295,,,,,,,,,,,,,-1.027031,-1.112324,-0.003891,-0.003060,,,,,,,,,,,,
22300,,,,0.869076,1.795660,1.765593,0.000000,0.000000,,,,,,,,,,,,0.875843,1.801945,1.745728,0.009760,-0.000976,1.019920,-0.077000,-0.371000,-0.189000
22302,,,,,,,,,,,-0.861255,-0.861255,,,,,-0.005012,0.007750,0.019846,,,,,,,,,
22305,,,,,,,,,,,,,-0.864144,-0.935910,-0.003417,-0.002717,,,,,,,,,,,,
22310,,,,,,,,,,,,,,,,,,,,0.875748,1.801889,1.746988,0.011834,-0.002196,1.022177,-0.049000,1.120000,-0.714000
22315,,,,,,,,,,,,,-1.271634,-0.787474,0.000557,-0.004165,,,,,,,,,,,,
22320,,,,,,,,,,,,,,,,,,,,0.875680,1.801848,1.746157,0.012261,-0.000915,1.014735,-0.042000,0.679000,-0.784000
22325,,,,,,,,,,,,,-1.069952,-1.207124,-0.001410,-0.000072,,,,,,,,,,,,
22330,,,,,,,,,,,,,,,,,,,,0.875967,1.801663,1.746256,0.010431,0.007564,1.020530,0.504000,-2.009000,0.308000
22335,,,,,,,,,,,,,-0.900258,-1.015674,-0.003065,-0.001939,,,,,,,,,,,,
22340,,,,,,,,,,,,,,,,,,,,0.875903,1.801510,1.746762,0.012078,0.008235,1.021201,0.252000,0.112000,-0.399000
22345,,,,,,,,,,,,,-0.757477,-0.854588,-0.004457,-0.003510,,,,,,,,,,,,
22350,,,,0.869076,1.795660,1.765593,0.000000,0.000000,,,,,,,,,,,,0.875908,1.801391,1.746751,0.011346,-0.010126,1.030473,-0.770000,-0.350000,-0.098000
22352,,,,,,,,,,,-0.762902,-0.762902,,,,,-0.004440,0.007731,0.019004,,,,,,,,,
22355,,,,,,,,,,,,,-0.637341,-0.719050,-0.004276,-0.003479,,,,,,,,,,,,
22360,,,,,,,,,,,,,,,,,,,,0.875925,1.801138,1.748402,-0.001342,-0.008784,1.021933,0.336000,0.413000,-0.294000
22365,,,,,,,,,,,,,-1.080802,-1.149552,0.000049,0.000719,,,,,,,,,,,,
22370,,,,,,,,,,,,,,,,,,,,0.876035,1.801209,1.747766,0.020557,-0.002745,1.020774,-0.168000,0.945000,-0.119000
22375,,,,,,,,,,,,,-0.909386,-0.967233,-0.001623,-0.001059,,,,,,,,,,,,
22380,,,,,,,,,,,,,,,,,,,,0.875937,1.801059,1.745573,0.009028,0.002074,1.014064,0.980000,-2.345000,-0.224000
22385,,,,,,,,,,,,,-0.765158,-0.813829,-0.003030,-0.002555,,,,,,,,,,,,
22390,,,,,,,,,,,,,,,,,,,,0.875953,1.800849,1.747366,0.007686,0.002806,1.021933,0.427000,-0.413000,-0.056000
22395,,,,,,,,,,,,,-0.643803,-0.684756,-0.004213,-0.003814,,,,,,,,,,,,
22400,,,,0.869076,1.795660,1.765593,0.000000,0.000000,,,,,,,,,,,,0.875835,1.800888,1.746835,0.004758,0.004758,1.029558,0.000000,-0.728000,-0.168000
22402,,,,,,,,,,,-0.680246,-0.680246,,,,,-0.003959,0.007584,0.018811,,,,,,,,,
22405,,,,,,,,,,,,,-1.086239,-0.576154,0.001239,-0.003736,,,,,,,,,,,,
22410,,,,,,,,,,,,,,,,,,,,0.875984,1.800731,1.748708,0.007808,0.002196,1.023458,-0.819000,0.882000,-0.882000
22415,,,,,,,,,,,,,-0.913962,-1.029319,-0.000442,0.000683,,,,,,,,,,,,
22420,,,,,,,,,,,,,,,,,,,,0.876180,1.800852,1.747378,0.008418,0.000915,1.014552,-0.266000,1.540000,0.217000
22425,,,,,,,,,,,,,-0.769007,-0.866069,-0.001855,-0.000909,,,,,,,,,,,,
22430,,,,,,,,,,,,,,,,,,,,0.876095,1.800408,1.744651,0.004331,0.007137,1.020774,0.378000,0.854000,0.217000
22435,,,,,,,,,,,,,-0.647043,-0.728710,-0.003045,-0.002248,,,,,,,,,,,,
22440,,,,,,,,,,,,,,,,,,,,0.875926,1.800304,1.747357,0.000061,-0.003050,1.022848,-0.434000,-0.966000,0.014000
22445,,,,,,,,,,,,,-0.544422,-0.613137,-0.004046,-0.003375,,,,,,,,,,,,
22450,,,,0.869076,1.795660,1.765593,0.000000,0.000000,,,,,,,,,,,,0.876013,1.800322,1.745900,0.015128,-0.001220,1.026630,0.056000,-0.875000,-0.686000
22452,,,,,,,,,,,-0.582814,-0.582814,,,,,-0.003392,0.007638,0.019674,,,,,,,,,
22455,,,,,,,,,,,,,-0.458076,-0.515893,-0.003548,-0.002984,,,,,,,,,,,,
22460,,,,,,,,,,,,,,,,,,,,0.876090,1.799999,1.748023,0.007930,0.000671,1.023824,-0.007000,0.161000,1.127000
22465,,,,,,,,,,,,,-0.929968,-0.434072,0.001055,-0.003782,,,,,,,,,,,,
22470,,,,,,,,,,,,,,,,,,,,0.876006,1.800078,1.747003,0.024644,0.004941,1.018700,0.294000,2.016000,-0.504000
22475,,,,,,,,,,,,,-0.782475,-0.909772,-0.000384,0.000858,,,,,,,,,,,,
22480,,,,,,,,,,,,,,,,,,,,0.876217,1.799967,1.746254,0.014213,0.005307,1.016138,-0.623000,1.771000,-1.127000
22485,,,,,,,,,,,,,-0.658375,-0.765482,-0.001594,-0.000550,,,,,,,,,,,,
22490,,,,,,,,,,,,,,,,,,,,0.876209,1.799978,1.747218,0.009882,0.007259,1.026630,-0.735000,-1.456000,-0.091000
22495,,,,,,,,,,,,,-0.553956,-0.644076,-0.002613,-0.001734,,,,,,,,,,,,
22500,,,,0.869076,1.795660,1.765593,0.000000,0.000000,,,,,,,,,,,,0.875965,1.799778,1.745838,0.007747,-0.006893,1.021933,0.770000,-0.560000,-0.343000
22502,,,,,,,,,,,-0.491444,-0.491444,,,,,-0.002860,0.007512,0.019820,,,,,,,,,
22505,,,,,,,,,,,,,-0.466099,-0.541926,-0.002213,-0.001473,,,,,,,,,,,,
22510,,,,,,,,,,,,,,,,,,,,0.876180,1.799776,1.746264,0.016531,0.000488,1.025105,-0.070000,0.938000,2.009000
22515,,,,,,,,,,,,,-0.392175,-0.455976,-0.002934,-0.002312,,,,,,,,,,,,
22520,,,,,,,,,,,,,,,,,,,,0.876442,1.799512,1.746077,0.003050,0.002745,1.020408,-0.357000,0.350000,0.560000
22525,,,,,,,,,,,,,-0.874520,-0.928201,0.001771,0.002294,,,,,,,,,,,,
22530,,,,,,,,,,,,,,,,,,,,0.876152,1.799559,1.746728,0.025437,0.007320,1.027423,-0.217000,1.001000,0.560000
22535,,,,,,,,,,,,,-0.735821,-0.780989,0.000418,0.000858,,,,,,,,,,,,
22540,,,,,,,,,,,,,,,,,,,,0.876203,1.799389,1.748466,0.013176,-0.008601,1.027789,-0.077000,1.617000,-0.119000
22545,,,,,,,,,,,,,-0.619119,-0.657124,-0.000720,-0.000350,,,,,,,,,,,,
22550,,,,0.869076,1.795660,1.765593,0.000000,0.000000,,,,,,,,,,,,0.876160,1.799290,1.747692,0.013847,-0.009577,1.029009,-0.476000,-1.071000,-0.336000
22552,,,,,,,,,,,-0.400071,-0.400071,,,,,-0.002328,0.007604,0.018092,,,,,,,,,
22555,,,,,,,,,,,,,-0.520927,-0.552904,-0.000422,-0.000110,,,,,,,,,,,,
22560,,,,,,,,,,,,,,,,,,,,0.876287,1.799419,1.745083,0.016409,-0.000305,1.034316,0.406000,-0.035000,0.210000
22565,,,,,,,,,,,,,-0.438308,-0.465213,-0.001227,-0.000965,,,,,,,,,,,,
22570,,,,,,,,,,,,,,,,,,,,0.876169,1.799477,1.746048,-0.002013,0.000732,1.024556,-0.210000,0.413000,0.189000
22575,,,,,,,,,,,,,-0.368792,-0.391430,-0.001905,-0.001685,,,,,,,,,,,,
22580,,,,,,,,,,,,,,,,,,,,0.876412,1.799116,1.745656,0.007686,0.000488,1.022970,0.364000,0.784000,-0.826000
22585,,,,,,,,,,,,,-0.310302,-0.329349,-0.002476,-0.002290,,,,,,,,,,,,
22590,,,,,,,,,,,,,,,,,,,,0.876265,1.798992,1.747707,0.002867,-0.001891,1.019066,-0.441000,-0.119000,-0.581000
22595,,,,,,,,,,,,,-0.805631,-0.277115,0.002355,-0.002799,,,,,,,,,,,,
22600,,,,0.869076,1.795660,1.765593,0.000000,0.000000,,,,,,,,,,,,0.876418,1.799089,1.745599,0.019337,-0.005002,1.019310,0.539000,-0.924000,-1.050000
22602,,,,,,,,,,,-0.357198,-0.357198,,,,,-0.002079,0.007809,0.019410,,,,,,,,,
22605,,,,,,,,,,,,,-0.677858,-0.233164,0.001697,-0.002638,,,,,,,,,,,,
22610,,,,,,,,,,,,,,,,,,,,0.876192,1.799158,1.746352,0.014152,0.003111,1.033340,-0.266000,-0.315000,-0.805000
22615,,,,,,,,,,,,,-0.570349,-0.740727,0.000649,0.002310,,,,,,,,,,,,
22620,,,,,,,,,,,,,,,,,,,,0.876084,1.799003,1.744950,0.006405,0.001403,1.020042,0.063000,-0.343000,-0.021000
22625,,,,,,,,,,,,,-0.479892,-0.623248,-0.000233,0.001165,,,,,,,,,,,,
22630,,,,,,,,,,,,,,,,,,,,0.876305,1.798978,1.745721,0.002806,0.002806,1.026752,-1.050000,1.295000,-0.266000
22635,,,,,,,,,,,,,-0.403781,-0.524401,-0.000975,0.000201,,,,,,,,,,,,
22640,,,,,,,,,,,,,,,,,,,,0.876418,1.798958,1.746565,-0.003355,-0.000427,1.014003,-0.350000,1.351000,-0.749000
22645,,,,,,,,,,,,,-0.339741,-0.441231,-0.001599,-0.000610,,,,,,,,,,,,
22650,,,,0.869076,1.795660,1.765593,0.000000,0.000000,,,,,,,,,,,,0.876220,1.798920,1.747658,0.002989,0.003233,1.014857,0.259000,-3.402000,0.231000
22652,,,,,,,,,,,-0.332860,-0.332860,,,,,-0.001937,0.007623,0.018140,,,,,,,,,
22655,,,,,,,,,,,,,-0.285858,-0.371251,-0.001790,-0.000957,,,,,,,,,,,,
22660,,,,,,,,,,,,,,,,,,,,0.876356,1.798846,1.747049,0.016836,-0.003538,1.009672,0.350000,-0.945000,-0.504000
22665,,,,,,,,,,,,,-0.240521,-0.312371,-0.002232,-0.001531,,,,,,,,,,,,
22670,,,,,,,,,,,,,,,,,,,,0.876369,1.798703,1.744802,-0.000061,0.008845,1.022238,-0.504000,0.728000,0.644000
22675,,,,,,,,,,,,,-0.202374,-0.262829,-0.002604,-0.002014,,,,,,,,,,,,
22680,,,,,,,,,,,,,,,,,,,,0.876464,1.798465,1.747529,0.002013,-0.001342,1.025593,-0.224000,1.309000,0.056000
22685,,,,,,,,,,,,,-0.170278,-0.221144,-0.002917,-0.002421,,,,,,,,,,,,
22690,,,,,,,,,,,,,,,,,,,,0.876504,1.798750,1.748493,0.009211,-0.002684,1.021445,-0.182000,0.644000,0.259000
22695,,,,,,,,,,,,,-0.143272,-0.186071,-0.003181,-0.002763,,,,,,,,,,,,
22700,,,,0.869076,1.795660,1.765593,0.000000,0.000000,,,,,,,,,,,,0.876472,1.798618,1.745997,0.009577,0.001769,1.029924,-0.581000,0.819000,0.133000
22702,,,,,,,,,,,-0.281609,-0.281609,,,,,-0.001639,0.007784,0.019508,,,,,,,,,
22705,,,,,,,,,,,,,-0.665092,-0.156560,0.002614,-0.002346,,,,,,,,,,,,
22710,,,,,,,,,,,,,,,,,,,,0.876284,1.798508,1.748978,0.013908,-0.009211,1.012966,0.280000,-1.232000,-0.196000
22715,,,,,,,,,,,,,-0.559608,-0.131729,0.001585,-0.002588,,,,,,,,,,,,
22720,,,,,,,,,,,,,,,,,,,,0.876285,1.798594,1.747093,0.013298,-0.004026,1.028826,-0.140000,-0.077000,-1.547000
22725,,,,,,,,,,,,,-0.470854,-0.655380,0.000719,0.002519,,,,,,,,,,,,
22730,,,,,,,,,,,,,,,,,,,,0.876218,1.798369,1.745922,0.008723,-0.005307,1.029436,0.616000,0.665000,-0.616000
22735,,,,,,,,,,,,,-0.396177,-0.551437,-0.000009,0.001505,,,,,,,,,,,,
22740,,,,,,,,,,,,,,,,,,,,0.876423,1.798397,1.747297,0.010126,0.004941,1.013332,0.427000,0.707000,0.371000
22745,,,,,,,,,,,,,-0.333343,-0.463979,-0.000622,0.000652,,,,,,,,,,,,
22750,,,,0.869076,1.795660,1.765593,0.000000,0.000000,,,,,,,,,,,,0.876245,1.798365,1.748582,0.014701,-0.003050,1.006866,-0.021000,1.204000,-0.210000
22752,,,,,,,,,,,-0.238604,-0.238604,,,,,-0.001389,0.007556,0.017325,,,,,,,,,
22755,,,,,,,,,,,,,-0.280475,-0.390392,-0.000546,0.000526,,,,,,,,,,,,
22760,,,,,,,,,,,,,,,,,,,,0.876572,1.798404,1.744428,0.020801,0.002501,1.025410,-0.273000,-2.030000,0.602000
22765,,,,,,,,,,,,,-0.235991,-0.328476,-0.000980,-0.000078,,,,,,,,,,,,
22770,,,,,,,,,,,,,,,,,,,,0.876377,1.798363,1.746561,0.004514,0.007503,1.019798,-0.539000,-0.917000,0.448000
22775,,,,,,,,,,,,,-0.198563,-0.276379,-0.001345,-0.000586,,,,,,,,,,,,
22780,,,,,,,,,,,,,,,,,,,,0.876545,1.798303,1.746303,0.004453,0.000183,1.015772,-0.063000,0.000000,-0.287000
22785,,,,,,,,,,,,,-0.167071,-0.232546,-0.001652,-0.001014,,,,,,,,,,,,
22790,,,,,,,,,,,,,,,,,,,,0.876377,1.798284,1.745548,0.004209,-0.003721,1.017968,0.455000,-0.049000,-0.217000
22795,,,,,,,,,,,,,-0.140574,-0.195664,-0.001911,-0.001373,,,,,,,,,,,,
22800,,,,0.869076,1.795660,1.765593,0.000000,0.000000,,,,,,,,,,,,0.876525,1.798222,1.747512,0.006527,-0.002928,1.019432,-0.154000,0.875000,-0.266000
22802,,,,,,,,,,,-0.209014,-0.209014,,,,,-0.001216,0.007764,0.018062,,,,,,,,,
22805,,,,,,,,,,,,,-0.118279,-0.164631,-0.001721,-0.001269,,,,,,,,,,,,
22810,,,,,,,,,,,,,,,,,,,,0.876422,1.798093,1.747939,0.012444,0.000488,1.022360,-0.791000,-2.695000,0.735000
22815,,,,,,,,,,,,,-0.099520,-0.138521,-0.001904,-0.001524,,,,,,,,,,,,
22820,,,,,,,,,,,,,,,,,,,,0.876438,1.798178,1.746447,0.011895,0.001464,1.018761,-0.385000,-0.546000,0.672000
22825,,,,,,,,,,,,,-0.083736,-0.116551,-0.002058,-0.001738,,,,,,,,,,,,
22830,,,,,,,,,,,,,,,,,,,,0.876390,1.797969,1.747472,-0.002562,-0.005917,1.025349,0.406000,-0.273000,0.847000
22835,,,,,,,,,,,,,-0.070455,-0.098066,-0.002187,-0.001918,,,,,,,,,,,,
22840,,,,,,,,,,,,,,,,,,,,0.876351,1.798135,1.747077,0.002379,-0.000976,1.023885,-0.049000,-0.497000,-0.644000
22845,,,,,,,,,,,,,-0.603824,-0.082513,0.003015,-0.002070,,,,,,,,,,,,
22850,,,,0.869076,1.795660,1.765593,0.000000,0.000000,,,,,,,,,,,,0.876498,1.797880,1.746937,0.007259,0.000244,1.023275,1.358000,0.833000,-1.008000
22852,,,,,,,,,,,-0.152249,-0.152249,,,,,-0.000886,0.007703,0.018188,,,,,,,,,
22855,,,,,,,,,,,,,-0.508058,-0.069426,0.002859,-0.001416,,,,,,,,,,,,
22860,,,,,,,,,,,,,,,,,,,,0.876448,1.798056,1.747028,0.014457,0.009699,1.032547,0.350000,0.259000,-0.357000
22865,,,,,,,,,,,,,-0.427480,-0.602959,0.002074,0.003785,,,,,,,,,,,,
22870,,,,,,,,,,,,,,,,,,,,0.876507,1.797928,1.746418,0.014152,-0.007686,1.013759,-0.231000,-0.665000,-1.218000
22875,,,,,,,,,,,,,-0.359681,-0.507329,0.001413,0.002852,,,,,,,,,,,,
22880,,,,,,,,,,,,,,,,,,,,0.876542,1.797891,1.745946,0.012139,-0.000244,1.020103,0.588000,-0.840000,-0.140000
22885,,,,,,,,,,,,,-0.302636,-0.426867,0.000857,0.002068,,,,,,,,,,,,
22890,,,,,,,,,,,,,,,,,,,,0.876240,1.797912,1.746736,0.014396,0.006405,1.013210,0.441000,0.546000,0.588000
22895,,,,,,,,,,,,,-0.254638,-0.359166,0.000389,0.001408,,,,,,,,,,,,
22900,,,,0.869076,1.795660,1.765593,0.000000,0.000000,,,,,,,,,,,,0.876387,1.797972,1.748945,0.005063,0.004270,1.032669,-0.077000,0.518000,1.680000
22902,,,,,,,,,,,-0.163560,-0.163560,,,,,-0.000952,0.007613,0.016861,,,,,,,,,
22905,,,,,,,,,,,,,-0.214252,-0.302202,-0.000160,0.000698,,,,,,,,,,,,
22910,,,,,,,,,,,,,,,,,,,,0.876399,1.797869,1.748390,0.015433,0.000183,1.024678,0.763000,1.645000,0.063000
22915,,,,,,,,,,,,,-0.180272,-0.254273,-0.000491,0.000231,,,,,,,,,,,,
22920,,,,,,,,,,,,,,,,,,,,0.876436,1.797888,1.744840,0.003477,0.001342,1.015040,-0.091000,-1.526000,0.602000
22925,,,,,,,,,,,,,-0.151681,-0.213945,-0.000770,-0.000163,,,,,,,,,,,,
22930,,,,,,,,,,,,,,,,,,,,0.876488,1.797837,1.744659,0.012871,0.002379,1.023763,0.007000,-0.973000,0.525000
22935,,,,,,,,,,,,,-0.127624,-0.180013,-0.001005,-0.000494,,,,,,,,,,,,
22940,,,,,,,,,,,,,,,,,,,,0.876300,1.797791,1.747167,0.001891,-0.010675,1.024312,-0.140000,-0.497000,0.245000
22945,,,,,,,,,,,,,-0.107383,-0.151463,-0.001202,-0.000772,,,,,,,,,,,,
22950,,,,0.869076,1.795660,1.765593,0.000000,0.000000,,,,,,,,,,,,0.876542,1.797584,1.746489,0.006649,0.001159,1.024312,0.203000,0.406000,0.245000
22952,,,,,,,,,,,-0.105049,-0.105049,,,,,-0.000611,0.007681,0.018951,,,,,,,,,
22955,,,,,,,,,,,,,-0.090352,-0.127441,-0.000564,-0.000202,,,,,,,,,,,,
22960,,,,,,,,,,,,,,,,,,,,0.876542,1.797830,1.746208,-0.002440,0.001342,1.016504,0.042000,1.169000,0.042000
22965,,,,,,,,,,,,,-0.076022,-0.107229,-0.000703,-0.000399,,,,,,,,,,,,
22970,,,,,,,,,,,,,,,,,,,,0.876525,1.797758,1.747512,-0.003782,0.001586,1.015650,-0.154000,-2.828000,0.364000
22975,,,,,,,,,,,,,-0.063965,-0.090222,-0.000821,-0.000565,,,,,,,,,,,,
22980,,,,,,,,,,,,,,,,,,,,0.876466,1.797968,1.746051,0.003904,-0.005063,1.022360,-0.903000,-0.511000,-0.021000
22985,,,,,,,,,,,,,-0.053820,-0.075913,-0.000920,-0.000704,,,,,,,,,,,,
22990,,,,,,,,,,,,,,,,,,,,0.876580,1.797822,1.746959,0.004026,-0.001403,1.029253,-0.168000,0.238000,0.595000
22995,,,,,,,,,,,,,-0.045284,-0.063873,-0.001003,-0.000822,,,,,,,,,,,,
23000,,,,0.869076,1.795660,1.765593,0.000000,0.000000,,,,,,,,,,,,0.876270,1.797913,1.748834,0.008296,-0.005673,1.010587,0.560000,-0.021000,-0.189000
23002,,,,,,,,,,,-0.156627,-0.156627,,,,,-0.000912,0.007496,0.016957,,,,,,,,,
23005,,,,,,,,,,,,,-0.038102,-0.053743,-0.001782,-0.001630,,,,,,,,,,,,
23010,,,,,,,,,,,,,,,,,,,,0.876253,1.797695,1.746673,-0.000671,0.004697,1.027972,-0.672000,1.498000,-1.127000
23015,,,,,,,,,,,,,-0.032059,-0.045219,-0.001841,-0.001713,,,,,,,,,,,,
23020,,,,,,,,,,,,,,,,,,,,0.876569,1.797721,1.748138,-0.000915,0.006283,1.024617,-0.301000,0.994000,-0.196000
23025,,,,,,,,,,,,,-0.026975,-0.038048,-0.001891,-0.001783,,,,,,,,,,,,
23030,,,,,,,,,,,,,,,,,,,,0.876323,1.797753,1.747874,0.008418,-0.000122,1.027118,-0.469000,-2.163000,0.280000
23035,,,,,,,,,,,,,-0.022696,-0.032013,-0.001933,-0.001842,,,,,,,,,,,,
23040,,,,,,,,,,,,,,,,,,,,0.876617,1.797783,1.745809,0.003050,0.003233,1.027179,-0.007000,0.147000,0.777000
23045,,,,,,,,,,,,,-0.019097,-0.026936,-0.001968,-0.001891,,,,,,,,,,,,
23050,,,,0.869076,1.795660,1.765593,0.000000,0.000000,,,,,,,,,,,,0.876490,1.797668,1.747351,-0.000671,-0.001098,1.025593,-0.420000,-0.133000,-0.364000
23052,,,,,,,,,,,-0.119053,-0.119053,,,,,-0.000693,0.007639,0.018140,,,,,,,,,
23055,,,,,,,,,,,,,-0.016068,-0.022664,-0.001481,-0.001416,,,,,,,,,,,,
23060,,,,,,,,,,,,,,,,,,,,0.876602,1.797617,1.746853,0.008418,-0.000488,1.025044,-0.154000,-0.462000,-0.476000
23065,,,,,,,,,,,,,-0.013520,-0.019069,-0.001505,-0.001451,,,,,,,,,,,,
23070,,,,,,,,,,,,,,,,,,,,0.876378,1.797744,1.747234,0.007137,-0.007442,1.032913,0.945000,1.645000,0.469000
23075,,,,,,,,,,,,,-0.011375,-0.016045,-0.001526,-0.001481,,,,,,,,,,,,
23080,,,,,,,,,,,,,,,,,,,,0.876508,1.797596,1.749505,0.009089,0.006649,1.024251,1.232000,-2.352000,0.497000
23085,,,,,,,,,,,,,-0.009571,-0.013500,-0.001544,-0.001506,,,,,,,,,,,,
23090,,,,,,,,,,,,,,,,,,,,0.876522,1.797606,1.745391,0.011529,0.006771,1.017358,-0.308000,-1.610000,0.868000
23095,,,,,,,,,,,,,-0.008053,-0.011359,-0.001559,-0.001527,,,,,,,,,,,,
23100,,,,0.869076,1.795660,1.765593,0.000000,0.000000,,,,,,,,,,,,0.876564,1.797440,1.746498,0.000976,-0.002074,1.023702,-0.455000,-0.651000,1.078000
23102,,,,,,,,,,,-0.079782,-0.079782,,,,,-0.000464,0.007680,0.019018,,,,,,,,,
23105,,,,,,,,,,,,,-0.006776,-0.009558,-0.001031,-0.001004,,,,,,,,,,,,
23110,,,,,,,,,,,,,,,,,,,,0.876577,1.797498,1.746231,0.007808,-0.007198,1.022177,0.105000,1.533000,0.182000
23115,,,,,,,,,,,,,-0.550245,-0.008042,0.004269,-0.001019,,,,,,,,,,,,
23120,,,,,,,,,,,,,,,,,,,,0.876358,1.797565,1.746774,0.006222,0.000610,1.025227,-0.028000,0.098000,-1.589000
23125,,,,,,,,,,,,,-0.462976,-0.006766,0.003418,-0.001031,,,,,,,,,,,,
23130,,,,,,,,,,,,,,,,,,,,0.876701,1.797524,1.747018,0.015006,-0.000244,1.019920,-0.931000,0.273000,-2.002000
23135,,,,,,,,,,,,,-0.389548,-0.550236,0.002702,0.004269,,,,,,,,,,,,
23140,,,,,,,,,,,,,,,,,,,,0.876609,1.797445,1.745779,0.015860,-0.001525,1.027911,0.014000,-1.302000,-0.595000
23145,,,,,,,,,,,,,-0.327765,-0.462969,0.002099,0.003418,,,,,,,,,,,,
23150,,,,0.869076,1.795660,1.765593,0.000000,0.000000,,,,,,,,,,,,0.876529,1.797456,1.746711,0.014091,0.011956,1.017480,-0.175000,0.161000,-0.532000
23152,,,,,,,,,,,-0.075296,-0.075296,,,,,-0.000438,0.007654,0.019002,,,,,,,,,
23155,,,,,,,,,,,,,-0.275782,-0.389542,0.001654,0.002764,,,,,,,,,,,,
23160,,,,,,,,,,,,,,,,,,,,0.876696,1.797164,1.747890,0.012627,-0.007991,1.031876,0.588000,1.358000,0.581000
23165,,,,,,,,,,,,,-0.232043,-0.327760,0.001228,0.002161,,,,,,,,,,,,
23170,,,,,,,,,,,,,,,,,,,,0.876437,1.797462,1.745564,0.015555,0.005490,1.026142,0.098000,-0.168000,-0.777000
23175,,,,,,,,,,,,,-0.195241,-0.275778,0.000869,0.001654,,,,,,,,,,,,
23180,,,,,,,,,,,,,,,,,,,,0.876738,1.797560,1.746675,0.008357,0.001403,1.020286,-0.294000,0.917000,-0.434000
23185,,,,,,,,,,,,,-0.164275,-0.232039,0.000567,0.001228,,,,,,,,,,,,
23190,,,,,,,,,,,,,,,,,,,,0.876403,1.797423,1.745920,0.018605,-0.006771,1.022848,0.224000,-1.736000,-0.210000
23195,,,,,,,,,,,,,-0.138221,-0.195238,0.000313,0.000869,,,,,,,,,,,,
23200,,,,0.869076,1.795660,1.765593,0.000000,0.000000,,,,,,,,,,,,0.876418,1.797373,1.747003,0.011529,-0.003416,1.014979,0.042000,-0.924000,0.784000
23202,,,,,,,,,,,-0.067369,-0.067369,,,,,-0.000392,0.007539,0.018671,,,,,,,,,
23205,,,,,,,,,,,,,-0.116299,-0.164273,0.000208,0.000676,,,,,,,,,,,,
23210,,,,,,,,,,,,,,,,,,,,0.876470,1.797192,1.746796,0.007869,-0.006771,1.008757,0.231000,0.875000,-0.364000
23215,,,,,,,,,,,,,-0.097854,-0.138219,0.000028,0.000422,,,,,,,,,,,,
23220,,,,,,,,,,,,,,,,,,,,0.876605,1.797610,1.746852,0.018544,-0.007381,1.015406,-0.476000,1.232000,0.021000
23225,,,,,,,,,,,,,-0.082335,-0.116298,-0.000124,0.000208,,,,,,,,,,,,
23230,,,,,,,,,,,,,,,,,,,,0.876489,1.797337,1.745739,-0.000305,0.005307,1.025105,0.448000,0.497000,-0.511000
23235,,,,,,,,,,,,,-0.069276,-0.097853,-0.000251,0.000028,,,,,,,,,,,,
23240,,,,,,,,,,,,,,,,,,,,0.876498,1.797381,1.747805,0.001098,-0.000183,1.031144,0.385000,-2.324000,0.133000
23245,,,,,,,,,,,,,-0.058289,-0.082333,-0.000358,-0.000124,,,,,,,,,,,,
23250,,,,0.869076,1.795660,1.765593,0.000000,0.000000,,,,,,,,,,,,0.876771,1.797266,1.745414,0.008601,0.004270,1.018273,-0.595000,-1.428000,-0.252000
23252,,,,,,,,,,,-0.043378,-0.043378,,,,,-0.000252,0.007830,0.020072,,,,,,,,,
23255,,,,,,,,,,,,,-0.049044,-0.069275,-0.000118,0.000079,,,,,,,,,,,,
23260,,,,,,,,,,,,,,,,,,,,0.876388,1.797476,1.747494,0.008723,0.009394,1.016138,-0.693000,-0.280000,-0.637000
23265,,,,,,,,,,,,,-0.041266,-0.058288,-0.000194,-0.000028,,,,,,,,,,,,
23270,,,,,,,,,,,,,,,,,,,,0.876540,1.797330,1.746244,0.006832,0.003294,1.026691,0.343000,0.154000,-0.511000
23275,,,,,,,,,,,,,-0.034721,0.495499,-0.000258,-0.005429,,,,,,,,,,,,
23280,,,,,,,,,,,,,,,,,,,,0.876529,1.797345,1.746402,-0.000854,-0.004148,1.027911,0.735000,1.043000,-0.420000
23285,,,,,,,,,,,,,-0.029214,-0.127630,-0.000312,0.000648,,,,,,,,,,,,
23290,,,,,,,,,,,,,,,,,,,,0.876485,1.797544,1.744101,-0.002257,0.000976,1.015650,-0.217000,0.427000,-1.015000
23295,,,,,,,,,,,,,-0.024581,-0.107388,-0.000357,0.000451,,,,,,,,,,,,
23300,,,,0.869076,1.795660,1.765593,0.000000,0.000000,,,,,,,,,,,,0.876348,1.797464,1.748435,0.001769,0.000427,1.014796,0.448000,-1.001000,-0.140000
23302,,,,,,,,,,,-0.080130,-0.080130,,,,,-0.000466,0.007506,0.017469,,,,,,,,,
23305,,,,,,,,,,,,,-0.020682,-0.090356,-0.000900,-0.000221,,,,,,,,,,,,
23310,,,,,,,,,,,,,,,,,,,,0.876532,1.797211,1.747395,-0.002013,-0.002440,1.022543,-0.910000,-0.532000,0.203000
23315,,,,,,,,,,,,,-0.017402,-0.076026,-0.000932,-0.000361,,,,,,,,,,,,
23320,,,,,,,,,,,,,,,,,,,,0.876547,1.797493,1.747257,0.012871,-0.005795,1.023519,-0.441000,0.742000,-0.343000
23325,,,,,,,,,,,,,-0.014642,-0.063968,-0.000959,-0.000478,,,,,,,,,,,,
23330,,,,,,,,,,,,,,,,,,,,0.876302,1.797317,1.746431,0.008906,0.015860,1.021567,0.035000,0.833000,0.091000
23335,,,,,,,,,,,,,-0.012320,-0.053823,-0.000982,-0.000577,,,,,,,,,,,,
23340,,,,,,,,,,,,,,,,,,,,0.876501,1.797469,1.746388,0.005368,-0.008540,1.023397,0.035000,0.770000,-0.133000
23345,,,,,,,,,,,,,-0.010366,-0.045286,-0.001001,-0.000660,,,,,,,,,,,,
23350,,,,0.869076,1.795660,1.765593,0.000000,0.000000,,,,,,,,,,,,0.876541,1.797342,1.747672,0.006161,0.004148,1.029314,-0.455000,-1.211000,-0.322000
23352,,,,,,,,,,,-0.060237,-0.060237,,,,,-0.000351,0.007633,0.017911,,,,,,,,,
23355,,,,,,,,,,,,,-0.008722,-0.038104,-0.000743,-0.000457,,,,,,,,,,,,
23360,,,,,,,,,,,,,,,,,,,,0.876459,1.797449,1.747495,0.006527,0.003538,1.016382,-0.140000,-0.322000,-0.434000
23365,,,,,,,,,,,,,-0.007339,-0.032061,-0.000757,-0.000516,,,,,,,,,,,,
23370,,,,,,,,,,,,,,,,,,,,0.876418,1.797487,1.747561,0.010675,-0.001098,1.009611,0.672000,-1.197000,-0.364000
23375,,,,,,,,,,,,,-0.006175,-0.026976,-0.000768,-0.000565,,,,,,,,,,,,
23380,,,,,,,,,,,,,,,,,,,,0.876653,1.797588,1.747348,0.006832,-0.004575,1.024129,0.147000,1.638000,0.357000
23385,,,,,,,,,,,,,-0.005195,-0.022697,-0.000778,-0.000607,,,,,,,,,,,,
23390,,,,,,,,,,,,,,,,,,,,0.876492,1.797456,1.744850,0.008357,-0.003904,1.032608,-0.476000,1.414000,0.371000
23395,,,,,,,,,,,,,-0.004371,-0.019098,-0.000786,-0.000642,,,,,,,,,,,,
23400,,,,0.869076,1.795660,1.765593,0.000000,0.000000,,,,,,,,,,,,0.876642,1.797463,1.748028,0.016104,0.003233,1.013454,0.147000,0.910000,0.329000
23402,,,,,,,,,,,-0.074272,-0.074272,,,,,-0.000432,0.007755,0.017606,,,,,,,,,
23405,,,,,,,,,,,,,-0.003678,-0.016069,-0.000986,-0.000865,,,,,,,,,,,,
23410,,,,,,,,,,,,,,,,,,,,0.876702,1.797345,1.747665,0.002806,-0.003355,1.017175,0.105000,-0.938000,0.595000
23415,,,,,,,,,,,,,-0.003095,-0.013520,-0.000991,-0.000890,,,,,,,,,,,,
23420,,,,,,,,,,,,,,,,,,,,0.876567,1.797413,1.748076,0.009455,0.003660,1.021201,-0.889000,0.007000,0.280000
23425,,,,,,,,,,,,,-0.002604,-0.011376,-0.000996,-0.000911,,,,,,,,,,,,
23430,,,,,,,,,,,,,,,,,,,,0.876718,1.797323,1.748252,-0.000000,-0.004087,1.021567,0.273000,-0.161000,-0.042000
23435,,,,,,,,,,,,,-0.002191,-0.009572,-0.001000,-0.000928,,,,,,,,,,,,
23440,,,,,,,,,,,,,,,,,,,,0.876620,1.797315,1.745635,0.003355,0.003599,1.022604,0.889000,1.743000,0.952000
23445,,,,,,,,,,,,,-0.001843,-0.008054,-0.001003,-0.000943,,,,,,,,,,,,
23450,,,,0.869076,1.795660,1.765593,0.000000,0.000000,,,,,,,,,,,,0.876594,1.797378,1.746152,0.004148,-0.004453,1.018090,-0.112000,0.301000,-0.231000
23452,,,,,,,,,,,-0.065987,-0.065987,,,,,-0.000384,0.007707,0.019292,,,,,,,,,
23455,,,,,,,,,,,,,-0.001551,-0.006776,-0.000892,-0.000841,,,,,,,,,,,,
23460,,,,,,,,,,,,,,,,,,,,0.876494,1.797298,1.745308,0.009882,-0.000366,1.018395,-0.910000,-1.435000,-0.364000
23465,,,,,,,,,,,,,-0.001305,-0.005702,-0.000895,-0.000852,,,,,,,,,,,,
23470,,,,,,,,,,,,,,,,,,,,0.876552,1.797450,1.747200,0.008845,-0.003599,1.019310,0.665000,-0.315000,0.140000
23475,,,,,,,,,,,,,-0.001098,-0.004797,-0.000897,-0.000861,,,,,,,,,,,,
23480,,,,,,,,,,,,,,,,,,,,0.876547,1.797284,1.747536,0.001098,-0.007564,1.029802,0.105000,0.987000,0.105000
23485,,,,,,,,,,,,,-0.000924,-0.004036,-0.000899,-0.000868,,,,,,,,,,,,
23490,,,,,,,,,,,,,,,,,,,,0.876516,1.797228,1.746190,0.010126,-0.002867,1.018761,0.056000,1.281000,-0.392000
23495,,,,,,,,,,,,,-0.000777,-0.003396,-0.000900,-0.000874,,,,,,,,,,,,
23500,,,,0.869076,1.795662,1.765593,0.000000,0.000000,,,,,,,,,,,,0.876731,1.797074,1.745767,0.006405,-0.004636,1.029436,0.371000,1.162000,0.168000
23502,,,,,,,,,,,-0.014571,-0.014571,,,,,-0.000085,0.007778,0.019783,,,,,,,,,
23505,,,,,,,,,,,,,-0.000654,-0.002858,-0.000194,-0.000173,,,,,,,,,,,,
23510,,,,,,,,,,,,,,,,,,,,0.876521,1.797250,1.745372,0.016226,0.005612,1.015223,-0.252000,-1.925000,-1.029000
23515,,,,,,,,,,,,,-0.000550,-0.002404,-0.000195,-0.000177,,,,,,,,,,,,
23520,,,,,,,,,,,,,,,,,,,,0.876496,1.797300,1.747451,0.013542,0.000305,1.026935,-0.910000,-0.644000,0.343000
23525,,,,,,,,,,,,,-0.000463,-0.002023,-0.000196,-0.000181,,,,,,,,,,,,
23530,,,,,,,,,,,,,,,,,,,,0.876769,1.797122,1.745694,0.002806,0.002440,1.016321,-0.238000,0.210000,0.609000
23535,,,,,,,,,,,,,-0.000390,-0.001702,-0.000197,-0.000184,,,,,,,,,,,,
23540,,,,,,,,,,,,,,,,,,,,0.876595,1.797322,1.746547,0.005002,0.002013,1.031388,0.511000,0.196000,-0.721000
23545,,,,,,,,,,,,,-0.000328,-0.001432,-0.000197,-0.000186,,,,,,,,,,,,
23550,,,,0.869073,1.795676,1.765593,0.000121,0.000000,,,,,,,,,,,,0.876491,1.797105,1.746824,0.012444,0.001830,1.016260,-0.679000,1.316000,-0.343000
23552,,,,,,,,,,,-0.010595,-0.010457,,,,,-0.000105,0.007572,0.018855,,,,,,,,,
23555,,,,,,,,,,,,,-0.000276,-0.001205,-0.000143,-0.000132,,,,,,,,,,,,
23560,,,,,,,,,,,,,,,,,,,,0.876688,1.796969,1.746314,0.006893,0.006893,1.029253,0.238000,0.350000,0.175000
23565,,,,,,,,,,,,,-0.000232,-0.001014,-0.000143,-0.000134,,,,,,,,,,,,
23570,,,,,,,,,,,,,,,,,,,,0.876643,1.797044,1.745938,0.002928,0.005856,1.026569,-0.665000,-1.344000,0.357000
23575,,,,,,,,,,,,,-0.000195,-0.000853,-0.000144,-0.000135,,,,,,,,,,,,
23580,,,,,,,,,,,,,,,,,,,,0.876586,1.797340,1.746668,0.013359,-0.002623,1.021262,-0.735000,-0.035000,0.084000
23585,,,,,,,,,,,,,-0.000164,-0.000718,-0.000144,-0.000137,,,,,,,,,,,,
23590,,,,,,,,,,,,,,,,,,,,0.876665,1.797030,1.747657,0.002989,0.005917,1.017053,0.294000,0.406000,0.938000
23595,,,,,,,,,,,,,-0.000138,-0.000604,-0.000144,-0.000138,,,,,,,,,,,,
23600,,,,0.869073,1.795676,1.765593,0.000121,0.000000,,,,,,,,,,,,0.876746,1.797244,1.746989,0.001708,-0.008296,1.027301,-0.287000,0.924000,-0.259000
23602,,,,,,,,,,,-0.025414,-0.025277,,,,,-0.000191,0.007807,0.018625,,,,,,,,,
23605,,,,,,,,,,,,,-0.000116,-0.000508,-0.000348,-0.000343,,,,,,,,,,,,
23610,,,,,,,,,,,,,,,,,,,,0.876642,1.796853,1.748250,0.001830,-0.007198,1.020225,-0.210000,1.239000,0.182000
23615,,,,,,,,,,,,,-0.000098,-0.000428,-0.000349,-0.000343,,,,,,,,,,,,
23620,,,,,,,,,,,,,,,,,,,,0.876639,1.796952,1.746253,0.003050,0.001464,1.032852,-0.798000,-2.604000,0.504000
23625,,,,,,,,,,,,,-0.000082,-0.000360,-0.000349,-0.000344,,,,,,,,,,,,
23630,,,,,,,,,,,,,,,,,,,,0.876559,1.796929,1.747005,0.014030,-0.000671,1.019554,0.700000,-1.701000,-0.560000
23635,,,,,,,,,,,,,-0.000069,-0.000303,-0.000349,-0.000345,,,,,,,,,,,,
23640,,,,,,,,,,,,,,,,,,,,0.876636,1.797128,1.747746,0.004819,-0.008357,1.018456,0.749000,0.077000,-0.560000
23645,,,,,,,,,,,,,-0.000058,-0.000255,-0.000349,-0.000345,,,,,,,,,,,,
23650,,,,0.869052,1.795783,1.765594,0.001061,0.000008,,,,,,,,,,,,0.876588,1.797030,1.746477,0.002135,-0.002867,1.020347,0.196000,1.785000,0.350000
23652,,,,,,,,,,,0.077714,0.078979,,,,,0.000075,0.007652,0.019076,,,,,,,,,
23655,,,,,,,,,,,,,-0.000049,-0.000214,0.001069,0.001088,,,,,,,,,,,,
23660,,,,,,,,,,,,,,,,,,,,0.876571,1.796888,1.744727,0.013237,-0.002745,1.020896,0.693000,0.420000,0.756000
23665,,,,,,,,,,,,,-0.544584,-0.000180,0.006380,0.001088,,,,,,,,,,,,
23670,,,,,,,,,,,,,,,,,,,,0.876878,1.796901,1.745573,0.020984,-0.001952,1.018761,-0.042000,0.833000,-0.056000
23675,,,,,,,,,,,,,-0.458213,-0.000152,0.005538,0.001088,,,,,,,,,,,,
23680,,,,,,,,,,,,,,,,,,,,0.876516,1.796869,1.747279,0.009699,0.000305,1.027301,0.203000,-0.049000,-1.526000
23685,,,,,,,,,,,,,0.159003,-0.000128,-0.000482,0.001087,,,,,,,,,,,,
23690,,,,,,,,,,,,,,,,,,,,0.876798,1.797196,1.745726,0.012200,0.000244,1.014369,0.084000,-1.309000,-0.924000
23695,,,,,,,,,,,,,0.133785,-0.000107,-0.000236,0.001087,,,,,,,,,,,,
23700,,,,0.869029,1.795899,1.765597,0.001863,0.000032,,,,,,,,,,,,0.876730,1.797024,1.744636,0.008601,-0.011102,1.034133,-0.035000,1.113000,-0.490000
23702,,,,,,,,,,,0.150821,0.153309,,,,,0.000216,0.007769,0.020910,,,,,,,,,
23705,,,,,,,,,,,,,0.112566,-0.000090,0.000976,0.002110,,,,,,,,,,,,
23710,,,,,,,,,,,,,,,,,,,,0.876640,1.797044,1.746459,0.007869,-0.002257,1.022299,-0.168000,1.526000,-0.497000
23715,,,,,,,,,,,,,0.094713,-0.000076,0.001151,0.002109,,,,,,,,,,,,
23720,,,,,,,,,,,,,,,,,,,,0.876684,1.796884,1.744715,0.018727,0.000732,1.017602,0.203000,0.588000,0.252000
23725,,,,,,,,,,,,,0.079692,-0.000064,0.001297,0.002109,,,,,,,,,,,,
23730,,,,,,,,,,,,,,,,,,,,0.876529,1.797074,1.745965,0.012078,-0.000061,1.020042,0.182000,-2.198000,0.735000
23735,,,,,,,,,,,,,0.067053,-0.000054,0.001420,0.002109,,,,,,,,,,,,
23740,,,,,,,,,,,,,,,,,,,,0.876526,1.797177,1.745955,0.013725,0.005002,1.022421,0.602000,-0.182000,0.504000
23745,,,,,,,,,,,,,0.056418,-0.000045,0.001524,0.002109,,,,,,,,,,,,
23750,,,,0.868995,1.796069,1.765605,0.002876,0.000096,,,,,,,,,,,,0.876657,1.797050,1.747872,0.005185,-0.009150,1.014735,0.371000,0.553000,-0.357000
23752,,,,,,,,,,,0.241389,0.245071,,,,,0.000382,0.007720,0.018046,,,,,,,,,
23755,,,,,,,,,,,,,0.047470,-0.000038,0.002857,0.003371,,,,,,,,,,,,
23760,,,,,,,,,,,,,,,,,,,,0.876618,1.797023,1.746136,0.008906,0.002501,1.016809,0.133000,-0.028000,-0.707000
23765,,,,,,,,,,,,,0.039941,-0.000032,0.002930,0.003371,,,,,,,,,,,,
23770,,,,,,,,,,,,,,,,,,,,0.876495,1.797153,1.745938,0.010736,0.001037,1.032059,0.189000,0.847000,0.497000
23775,,,,,,,,,,,,,0.033607,-0.000027,0.002992,0.003371,,,,,,,,,,,,
23780,,,,,,,,,,,,,,,,,,,,0.876590,1.797136,1.745718,0.012322,0.000061,1.023946,0.343000,-2.065000,0.903000
23785,,,,,,,,,,,,,0.028277,-0.000023,0.003044,0.003371,,,,,,,,,,,,
23790,,,,,,,,,,,,,,,,,,,,0.876456,1.797156,1.746725,0.016775,0.000488,1.006744,0.119000,-0.518000,0.448000
23795,,,,,,,,,,,,,0.023792,-0.000019,0.003088,0.003371,,,,,,,,,,,,
23800,,,,0.868949,1.796303,1.765622,0.004092,0.000233,,,,,,,,,,,,0.876559,1.797133,1.746874,0.010126,-0.001220,1.021567,0.686000,-0.196000,-0.658000
23802,,,,,,,,,,,0.339718,0.345583,,,,,0.000524,0.007645,0.018709,,,,,,,,,
23805,,,,,,,,,,,,,0.020019,-0.000016,0.004477,0.004753,,,,,,,,,,,,
23810,,,,,,,,,,,,,,,,,,,,0.876510,1.797463,1.746447,0.020801,-0.002928,1.018578,0.371000,-0.399000,-0.112000
23815,,,,,,,,,,,,,0.016844,-0.000014,0.004508,0.004753,,,,,,,,,,,,
23820,,,,,,,,,,,,,,,,,,,,0.876627,1.797376,1.746182,0.007442,0.000976,1.026447,0.434000,0.483000,0.035000
23825,,,,,,,,,,,,,0.014172,-0.000011,0.004534,0.004753,,,,,,,,,,,,
23830,,,,,,,,,,,,,,,,,,,,0.876836,1.797523,1.747669,0.005612,0.009150,1.014247,0.112000,0.679000,-0.616000
23835,,,,,,,,,,,,,0.011925,-0.000010,0.004556,0.004753,,,,,,,,,,,,
23840,,,,,,,,,,,,,,,,,,,,0.876572,1.797497,1.746636,0.018300,0.000488,1.023031,0.112000,-1.701000,-0.042000
23845,,,,,,,,,,,,,0.010033,0.544535,0.004574,-0.000558,,,,,,,,,,,,
23850,,,,0.868949,1.796303,1.765622,0.004092,0.000233,,,,,,,,,,,,0.876577,1.797545,1.746910,0.004636,0.005124,1.018883,0.567000,-0.875000,-0.518000
23852,,,,,,,,,,,0.272555,0.278345,,,,,0.000133,0.007721,0.018283,,,,,,,,,
23855,,,,,,,,,,,,,0.552985,0.458172,-0.001643,-0.000640,,,,,,,,,,,,
23860,,,,,,,,,,,,,,,,,,,,0.876601,1.797654,1.746746,-0.003111,0.004331,1.023641,-0.021000,0.238000,-0.364000
23865,,,,,,,,,,,,,0.465282,0.385506,-0.000788,0.000069,,,,,,,,,,,,
23870,,,,,,,,,,,,,,,,,,,,0.876516,1.797660,1.747144,0.001891,0.006771,1.024922,0.133000,0.910000,-0.644000
23875,,,,,,,,,,,,,0.391488,0.324364,-0.000069,0.000665,,,,,,,,,,,,
23880,,,,,,,,,,,,,,,,,,,,0.876481,1.797737,1.747140,-0.000061,0.005063,1.026630,-0.273000,0.126000,0.217000
23885,,,,,,,,,,,,,0.329398,0.272920,0.000536,0.001166,,,,,,,,,,,,
23890,,,,,,,,,,,,,,,,,,,,0.876555,1.797617,1.746228,0.005002,0.006344,1.026752,-0.154000,-1.344000,-0.021000
23895,,,,,,,,,,,,,0.277155,0.229635,0.001045,0.001588,,,,,,,,,,,,
23900,,,,0.868811,1.797003,1.765721,0.007097,0.000938,,,,,,,,,,,,0.876496,1.797670,1.744843,0.003660,0.012322,1.026935,0.476000,-1.085000,0.161000
23902,,,,,,,,,,,0.546655,0.560319,,,,,0.000671,0.007688,0.020707,,,,,,,,,
23905,,,,,,,,,,,,,0.233198,0.193215,0.005244,0.005822,,,,,,,,,,,,
23910,,,,,,,,,,,,,,,,,,,,0.876363,1.797940,1.747420,0.016958,0.003111,1.013454,0.371000,0.105000,-0.287000
23915,,,,,,,,,,,,,0.196213,0.162571,0.005605,0.006121,,,,,,,,,,,,
23920,,,,,,,,,,,,,,,,,,,,0.876447,1.797856,1.747813,0.013786,0.004392,1.023153,-0.756000,0.245000,0.000000
23925,,,,,,,,,,,,,0.165094,0.136787,0.005908,0.006372,,,,,,,,,,,,
23930,,,,,,,,,,,,,,,,,,,,0.876606,1.798060,1.746896,0.007015,0.003843,1.021506,-0.196000,1.358000,0.686000
23935,,,,,,,,,,,,,0.138910,0.659636,0.006164,0.001273,,,,,,,,,,,,
23940,,,,,,,,,,,,,,,,,,,,0.876485,1.798114,1.745184,-0.002379,0.003904,1.030046,-0.448000,-1.722000,-0.910000
23945,,,,,,,,,,,,,0.661422,0.555018,0.001067,0.002293,,,,,,,,,,,,
23950,,,,0.868716,1.797485,1.765828,0.008871,0.001652,,,,,,,,,,,,0.876519,1.798283,1.746963,-0.000732,0.000793,1.026691,-0.609000,-0.896000,-0.259000
23952,,,,,,,,,,,0.639426,0.658364,,,,,0.000589,0.007811,0.019114,,,,,,,,,
23955,,,,,,,,,,,,,0.556520,0.466992,0.003366,0.004500,,,,,,,,,,,,
23960,,,,,,,,,,,,,,,,,,,,0.876378,1.798392,1.747389,0.003294,-0.003050,1.028216,-0.350000,0.203000,0.175000
23965,,,,,,,,,,,,,0.468256,0.392927,0.004227,0.005223,,,,,,,,,,,,
23970,,,,,,,,,,,,,,,,,,,,0.876325,1.798239,1.746252,0.016348,-0.005307,1.014491,0.854000,0.315000,0.434000
23975,,,,,,,,,,,,,0.393991,0.330609,0.004952,0.005830,,,,,,,,,,,,
23980,,,,,,,,,,,,,,,,,,,,0.876379,1.798344,1.746105,0.009089,0.000671,1.012356,0.238000,0.980000,-0.035000
23985,,,,,,,,,,,,,0.331504,0.278174,0.005561,0.006342,,,,,,,,,,,,
23990,,,,,,,,,,,,,,,,,,,,0.876425,1.798475,1.748823,0.010797,0.008235,1.013698,0.686000,1.470000,0.966000
23995,,,,,,,,,,,,,0.278927,0.778599,0.006074,0.001461,,,,,,,,,,,,
24000,,,,0.868601,1.798066,1.766002,0.010815,0.002735,,,,,,,,,,,,0.876461,1.798519,1.748004,-0.000732,-0.003965,1.019615,-0.399000,-1.428000,-0.903000
24002,,,,,,,,,,,0.813970,0.840095,,,,,0.000927,0.007817,0.017705,,,,,,,,,
24005,,,,,,,,,,,,,0.779232,0.655113,0.003595,0.005164,,,,,,,,,,,,
24010,,,,,,,,,,,,,,,,,,,,0.876396,1.798784,1.744222,0.017812,0.000732,1.019859,-0.861000,0.518000,-0.602000
24015,,,,,,,,,,,,,0.655646,0.551212,0.004799,0.006176,,,,,,,,,,,,
24020,,,,,,,,,,,,,,,,,,,,0.876243,1.799111,1.746493,0.017995,-0.004636,1.017419,0.553000,0.714000,-0.147000
24025,,,,,,,,,,,,,0.551661,0.463790,0.005813,0.007029,,,,,,,,,,,,
24030,,,,,,,,,,,,,,,,,,,,0.876266,1.799084,1.747007,0.008540,-0.005734,1.026142,-0.406000,1.498000,0.511000
24035,,,,,,,,,,,,,0.464167,0.390233,0.006666,0.007746,,,,,,,,,,,,
24040,,,,,,,,,,,,,,,,,,,,0.876241,1.799092,1.746548,0.008052,0.000305,1.028094,-0.623000,0.742000,0.371000
24045,,,,,,,,,,,,,0.935093,0.872885,0.002075,0.003041,,,,,,,,,,,,
24050,,,,0.868465,1.798755,1.766269,0.012920,0.004304,,,,,,,,,,,,0.876246,1.799307,1.745583,-0.004026,-0.007137,1.019310,-0.896000,-1.687000,0.707000
24052,,,,,,,,,,,0.918829,0.957201,,,,,0.000817,0.007765,0.020508,,,,,,,,,
24055,,,,,,,,,,,,,0.786787,0.734445,0.004963,0.006002,,,,,,,,,,,,
24060,,,,,,,,,,,,,,,,,,,,0.876199,1.799341,1.746966,0.020191,0.003721,1.028521,0.826000,0.084000,-0.364000
24065,,,,,,,,,,,,,0.662003,0.617962,0.006180,0.007138,,,,,,,,,,,,
24070,,,,,,,,,,,,,,,,,,,,0.876274,1.799439,1.746369,0.004697,-0.003111,1.020652,0.266000,0.588000,-0.077000
24075,,,,,,,,,,,,,0.557009,0.519953,0.007204,0.008094,,,,,,,,,,,,
24080,,,,,,,,,,,,,,,,,,,,0.876188,1.799819,1.744665,0.015799,-0.000671,1.009367,0.539000,1.505000,0.413000
24085,,,,,,,,,,,,,0.468667,0.982032,0.008066,0.003587,,,,,,,,,,,,
24090,,,,,,,,,,,,,,,,,,,,0.876117,1.799921,1.746748,0.014518,0.008784,1.019859,0.266000,0.077000,-0.469000
24095,,,,,,,,,,,,,0.938880,0.826281,0.003480,0.005106,,,,,,,,,,,,
24100,,,,0.868465,1.798755,1.766269,0.012920,0.004304,,,,,,,,,,,,0.876103,1.800068,1.747149,0.014640,0.003660,1.014308,0.175000,-2.338000,0.546000
24102,,,,,,,,,,,0.787782,0.825409,,,,,0.000052,0.007751,0.019327,,,,,,,,,
24105,,,,,,,,,,,,,0.789973,0.695233,0.003130,0.004571,,,,,,,,,,,,
24110,,,,,,,,,,,,,,,,,,,,0.876185,1.800146,1.748381,0.006039,0.009394,1.019615,-0.518000,-0.630000,0.756000
24115,,,,,,,,,,,,,0.664683,0.584969,0.004352,0.005647,,,,,,,,,,,,
24120,,,,,,,,,,,,,,,,,,,,0.875963,1.800327,1.747042,0.016531,0.004575,1.023458,0.483000,0.714000,0.252000
24125,,,,,,,,,,,,,1.103808,1.036736,0.000069,0.001240,,,,,,,,,,,,
24130,,,,,,,,,,,,,,,,,,,,0.876028,1.800254,1.744766,0.000488,-0.005307,1.018456,0.259000,0.959000,0.805000
24135,,,,,,,,,,,,,0.928744,0.872310,0.001776,0.002844,,,,,,,,,,,,
24140,,,,,,,,,,,,,,,,,,,,0.876062,1.800457,1.747558,-0.001403,0.006039,1.018395,-0.889000,0.735000,0.735000
24145,,,,,,,,,,,,,0.781445,0.733961,0.003213,0.004194,,,,,,,,,,,,
24150,,,,0.868122,1.800481,1.767232,0.017578,0.009467,,,,,,,,,,,,0.876035,1.800509,1.746488,-0.035990,0.010797,1.030900,0.469000,-0.042000,-0.252000
24152,,,,,,,,,,,1.280156,1.351484,,,,,0.001342,0.007795,0.020744,,,,,,,,,
24155,,,,,,,,,,,,,0.657508,1.162098,0.011194,0.007253,,,,,,,,,,,,
24160,,,,,,,,,,,,,,,,,,,,0.875952,1.800668,1.747882,0.016104,-0.003416,1.016199,0.385000,-1.036000,-0.399000
24165,,,,,,,,,,,,,1.097770,0.977789,0.006900,0.009051,,,,,,,,,,,,
24170,,,,,,,,,,,,,,,,,,,,0.875819,1.801008,1.746891,0.016165,0.001769,1.019798,-0.420000,0.021000,-0.672000
24175,,,,,,,,,,,,,0.923663,0.822712,0.008598,0.010563,,,,,,,,,,,,
24180,,,,,,,,,,,,,,,,,,,,0.875917,1.801106,1.746528,0.015250,0.007381,1.019615,0.154000,1.771000,0.910000
24185,,,,,,,,,,,,,0.777170,0.692229,0.010027,0.011836,,,,,,,,,,,,
24190,,,,,,,,,,,,,,,,,,,,0.875972,1.801110,1.746839,0.015006,0.000793,1.021628,0.308000,0.035000,1.239000
24195,,,,,,,,,,,,,1.198454,1.126985,0.005918,0.007596,,,,,,,,,,,,
24200,,,,0.867913,1.801532,1.768023,0.020113,0.013394,,,,,,,,,,,,0.875836,1.801490,1.748207,0.006649,-0.001342,1.019188,0.455000,0.441000,0.714000
24202,,,,,,,,,,,1.442366,1.536683,,,,,0.001442,0.007794,0.020017,,,,,,,,,
24205,,,,,,,,,,,,,1.008379,0.948245,0.010003,0.011886,,,,,,,,,,,,
24210,,,,,,,,,,,,,,,,,,,,0.875718,1.801616,1.747013,0.014396,0.001037,1.023092,-0.259000,-1.673000,0.490000
24215,,,,,,,,,,,,,0.848450,0.797853,0.011563,0.013353,,,,,,,,,,,,
24220,,,,,,,,,,,,,,,,,,,,0.875668,1.801911,1.746777,0.025803,0.006344,1.020713,0.462000,-1.008000,1.106000
24225,,,,,,,,,,,,,1.258429,1.215857,0.007564,0.009276,,,,,,,,,,,,
24230,,,,,,,,,,,,,,,,,,,,0.875810,1.801743,1.747831,0.014335,0.004697,1.030351,-0.980000,0.756000,0.609000
24235,,,,,,,,,,,,,1.058842,1.023022,0.009510,0.011157,,,,,,,,,,,,
24240,,,,,,,,,,,,,,,,,,,,0.875622,1.802273,1.746806,0.015982,0.000549,1.015894,-0.980000,1.022000,0.581000
24245,,,,,,,,,,,,,0.890910,1.405313,0.011148,0.007428,,,,,,,,,,,,
24250,,,,0.867675,1.802716,1.769102,0.022770,0.018473,,,,,,,,,,,,0.875830,1.802547,1.746866,0.012444,0.000122,1.021384,-0.105000,1.239000,-0.448000
24252,,,,,,,,,,,1.619222,1.745338,,,,,0.001609,0.007984,0.021728,,,,,,,,,
24255,,,,,,,,,,,,,1.294154,1.182431,0.009646,0.012469,,,,,,,,,,,,
24260,,,,,,,,,,,,,,,,,,,,0.875481,1.802781,1.747484,0.007869,-0.004026,1.021811,-0.700000,-2.212000,0.336000
24265,,,,,,,,,,,,,1.088901,0.994897,0.011647,0.014297,,,,,,,,,,,,
24270,,,,,,,,,,,,,,,,,,,,0.875601,1.802890,1.747751,0.022265,-0.005734,1.034926,0.238000,-0.917000,0.770000
24275,,,,,,,,,,,,,1.460745,1.381649,0.008022,0.010527,,,,,,,,,,,,
24280,,,,,,,,,,,,,,,,,,,,0.875485,1.803303,1.747060,0.006466,-0.001464,1.012783,-0.273000,0.455000,-0.287000
24285,,,,,,,,,,,,,1.229070,1.162520,0.010281,0.012663,,,,,,,,,,,,
24290,,,,,,,,,,,,,,,,,,,,0.875394,1.803559,1.748171,0.017507,-0.003965,1.023153,-0.287000,0.644000,0.434000
24295,,,,,,,,,,,,,1.578683,1.522687,0.006872,0.009152,,,,,,,,,,,,
24300,,,,0.867409,1.804037,1.770542,0.025538,0.024920,,,,,,,,,,,,0.875579,1.803723,1.746709,0.003111,-0.000488,1.027667,0.119000,1.512000,0.476000
24302,,,,,,,,,,,1.791832,1.957872,,,,,0.001736,0.007991,0.023822,,,,,,,,,
24305,,,,,,,,,,,,,1.328303,1.281189,0.011689,0.014433,,,,,,,,,,,,
24310,,,,,,,,,,,,,,,,,,,,0.875530,1.804039,1.746227,0.013664,0.007747,1.018517,0.203000,0.882000,0.378000
24315,,,,,,,,,,,,,1.662178,1.622535,0.008432,0.011103,,,,,,,,,,,,
24320,,,,,,,,,,,,,,,,,,,,0.875212,1.804229,1.747959,0.010553,0.004392,1.016077,-0.350000,-1.344000,0.525000
24325,,,,,,,,,,,,,1.398556,1.909744,0.011004,0.008301,,,,,,,,,,,,
24330,,,,,,,,,,,,,,,,,,,,0.875090,1.804555,1.746929,0.006039,0.001952,1.026935,1.015000,-0.805000,0.084000
24335,,,,,,,,,,,,,1.721288,1.606858,0.007855,0.011256,,,,,,,,,,,,
24340,,,,,,,,,,,,,,,,,,,,0.875305,1.804680,1.748897,0.014152,0.005612,1.023214,-0.420000,0.574000,0.315000
24345,,,,,,,,,,,,,1.448292,1.896554,0.010519,0.008430,,,,,,,,,,,,
24350,,,,0.867409,1.804037,1.770542,0.025538,0.024920,,,,,,,,,,,,0.875074,1.805063,1.747310,0.006710,0.005307,1.023702,0.630000,1.204000,0.210000
24352,,,,,,,,,,,1.553047,1.717785,,,,,0.000342,0.007748,0.022922,,,,,,,,,
24355,,,,,,,,,,,,,1.763135,1.595760,0.004164,0.008061,,,,,,,,,,,,
24360,,,,,,,,,,,,,,,,,,,,0.875096,1.805437,1.749768,0.005673,-0.000793,1.027606,-0.042000,1.351000,-0.210000
24365,,,,,,,,,,,,,1.483502,1.887215,0.006890,0.005219,,,,,,,,,,,,
24370,,,,,,,,,,,,,,,,,,,,0.875019,1.805664,1.749706,0.008540,0.000732,1.017236,0.805000,-1.946000,0.665000
24375,,,,,,,,,,,,,1.792762,1.587903,0.003875,0.008138,,,,,,,,,,,,
24380,,,,,,,,,,,,,,,,,,,,0.874980,1.806009,1.747798,-0.002135,0.006893,1.019859,-0.084000,-1.008000,0.070000
24385,,,,,,,,,,,,,1.508429,1.880604,0.006647,0.005284,,,,,,,,,,,,
24390,,,,,,,,,,,,,,,,,,,,0.875022,1.806472,1.748535,0.002379,-0.005612,1.023824,-0.329000,0.518000,0.021000
24395,,,,,,,,,,,,,1.813735,1.582340,0.003670,0.008192,,,,,,,,,,,,
24400,,,,0.866780,1.807110,1.774870,0.031351,0.042914,,,,,,,,,,,,0.874706,1.806503,1.749923,0.013603,-0.000671,1.030290,-0.973000,1.155000,0.364000
24402,,,,,,,,,,,2.146544,2.416896,,,,,0.002016,0.007703,0.025325,,,,,,,,,
24405,,,,,,,,,,,,,1.526077,1.875924,0.014640,0.014946,,,,,,,,,,,,
24410,,,,,,,,,,,,,,,,,,,,0.874880,1.806819,1.748495,0.021106,-0.002745,1.019005,0.182000,0.756000,0.896000
24415,,,,,,,,,,,,,1.828584,1.578402,0.011689,0.017849,,,,,,,,,,,,
24420,,,,,,,,,,,,,,,,,,,,0.874753,1.807279,1.749044,0.021167,-0.002135,1.022848,-0.161000,-1.974000,0.987000
24425,,,,,,,,,,,,,2.083113,1.872611,0.009205,0.014978,,,,,,,,,,,,
24430,,,,,,,,,,,,,,,,,,,,0.874811,1.807580,1.748774,0.022753,-0.005185,1.025898,0.161000,-0.602000,0.875000
24435,,,,,,,,,,,,,1.752731,1.575614,0.012429,0.017876,,,,,,,,,,,,
24440,,,,,,,,,,,,,,,,,,,,0.874820,1.807731,1.747575,0.019520,0.005612,1.017480,-0.357000,0.861000,1.827000
24445,,,,,,,,,,,,,2.019291,1.870265,0.009828,0.015001,,,,,,,,,,,,
24450,,,,0.866414,1.808866,1.777976,0.034364,0.055031,,,,,,,,,,,,0.874739,1.808245,1.748531,0.024644,0.006039,1.030107,0.840000,1.169000,1.757000
24452,,,,,,,,,,,2.308301,2.653757,,,,,0.002094,0.008057,0.029480,,,,,,,,,
24455,,,,,,,,,,,,,1.699031,2.118184,0.015178,0.015841,,,,,,,,,,,,
24460,,,,,,,,,,,,,,,,,,,,0.874481,1.808561,1.749580,0.026352,0.000305,1.022848,-0.294000,0.812000,1.827000
24465,,,,,,,,,,,,,1.974108,1.782240,0.012494,0.019119,,,,,,,,,,,,
24470,,,,,,,,,,,,,,,,,,,,0.874677,1.808900,1.749219,0.016775,0.005978,1.018029,-0.056000,1.743000,0.371000
24475,,,,,,,,,,,,,2.205557,2.044119,0.010236,0.016564,,,,,,,,,,,,
24480,,,,,,,,,,,,,,,,,,,,0.874503,1.809172,1.748827,0.016287,0.006039,1.021689,-0.287000,-0.987000,1.260000
24485,,,,,,,,,,,,,1.855756,2.264465,0.013649,0.014414,,,,,,,,,,,,
24490,,,,,,,,,,,,,,,,,,,,0.874311,1.809542,1.748386,0.024034,0.007198,1.023946,-0.679000,0.553000,0.980000
24495,,,,,,,,,,,,,2.105976,1.905321,0.011207,0.017918,,,,,,,,,,,,
24500,,,,0.866010,1.810772,1.781885,0.037423,0.069670,,,,,,,,,,,,0.874478,1.809747,1.749725,0.023485,-0.000427,1.013454,-0.931000,1.127000,1.134000
24502,,,,,,,,,,,2.524027,2.956668,,,,,0.002506,0.008148,0.032424,,,,,,,,,
24505,,,,,,,,,,,,,2.316511,2.147680,0.012121,0.019722,,,,,,,,,,,,
24510,,,,,,,,,,,,,,,,,,,,0.874228,1.810488,1.751386,0.015677,0.008845,1.008391,-0.616000,0.574000,1.638000
24515,,,,,,,,,,,,,1.949112,2.351600,0.015707,0.017732,,,,,,,,,,,,
24520,,,,,,,,,,,,,,,,,,,,0.874173,1.810786,1.750447,0.030622,0.000671,1.017785,-0.574000,0.679000,0.742000
24525,,,,,,,,,,,,,2.184526,2.523180,0.013409,0.016057,,,,,,,,,,,,
24530,,,,,,,,,,,,,,,,,,,,0.874183,1.811078,1.752069,0.017812,0.007198,1.022726,0.511000,-2.744000,0.021000
24535,,,,,,,,,,,,,2.382603,2.123003,0.011476,0.019963,,,,,,,,,,,,
24540,,,,,,,,,,,,,,,,,,,,0.873990,1.811610,1.751151,0.013664,0.002196,1.020286,-0.462000,-0.301000,0.623000
24545,,,,,,,,,,,,,2.004722,2.330837,0.015164,0.017934,,,,,,,,,,,,
24550,,,,0.865564,1.812827,1.786754,0.040507,0.087223,,,,,,,,,,,,0.873824,1.811980,1.749449,0.009638,-0.013054,1.013210,-0.056000,0.434000,1.645000
24552,,,,,,,,,,,2.633957,3.172963,,,,,0.002350,0.007998,0.037043,,,,,,,,,
24555,,,,,,,,,,,,,2.231316,2.505710,0.014464,0.019202,,,,,,,,,,,,
24560,,,,,,,,,,,,,,,,,,,,0.874032,1.812343,1.749405,0.014091,-0.001952,1.018517,-0.546000,1.071000,1.694000
24565,,,,,,,,,,,,,2.421972,2.652847,0.012604,0.017766,,,,,,,,,,,,
24570,,,,,,,,,,,,,,,,,,,,0.873839,1.813023,1.753119,0.008357,-0.003904,1.021994,0.392000,0.910000,0.525000
24575,,,,,,,,,,,,,2.582390,2.776648,0.011039,0.016558,,,,,,,,,,,,
24580,,,,,,,,,,,,,,,,,,,,0.873872,1.813075,1.750805,0.008113,0.005185,1.032364,0.217000,-1.169000,2.422000
24585,,,,,,,,,,,,,2.717366,2.880815,0.009722,0.015542,,,,,,,,,,,,
24590,,,,,,,,,,,,,,,,,,,,0.873666,1.814005,1.750019,0.013603,0.005124,1.021811,-0.525000,-1.323000,1.785000
24595,,,,,,,,,,,,,2.830935,2.423917,0.008614,0.020000,,,,,,,,,,,,
24600,,,,0.865564,1.812827,1.786754,0.040507,0.087223,,,,,,,,,,,,0.873572,1.814285,1.751278,0.007564,0.006466,1.019066,0.350000,0.455000,1.736000
24602,,,,,,,,,,,2.234621,2.771615,,,,,0.000019,0.008128,0.035934,,,,,,,,,
24605,,,,,,,,,,,,,2.381948,2.584027,0.007500,0.012918,,,,,,,,,,,,
24610,,,,,,,,,,,,,,,,,,,,0.873417,1.814522,1.752115,-0.004087,0.000122,1.014430,0.042000,0.672000,2.128000
24615,,,,,,,,,,,,,2.548714,2.718743,0.005872,0.011603,,,,,,,,,,,,
24620,,,,,,,,,,,,,,,,,,,,0.873411,1.815244,1.750959,-0.004819,-0.003416,1.029985,0.560000,0.497000,1.841000
24625,,,,,,,,,,,,,2.689031,2.832093,0.004502,0.010496,,,,,,,,,,,,
24630,,,,,,,,,,,,,,,,,,,,0.873494,1.815609,1.752653,-0.006832,-0.000793,1.017968,-0.063000,1.351000,1.792000
24635,,,,,,,,,,,,,2.807093,2.927466,0.003350,0.009565,,,,,,,,,,,,
24640,,,,,,,,,,,,,,,,,,,,0.873223,1.815915,1.752910,-0.005246,-0.000976,1.018456,-0.539000,-0.287000,2.002000
24645,,,,,,,,,,,,,2.906431,3.007713,0.002380,0.008781,,,,,,,,,,,,
24650,,,,0.864536,1.817376,1.800128,0.046649,0.132975,,,,,,,,,,,,0.873119,1.816337,1.753599,-0.008479,0.009394,1.019554,-0.679000,-0.931000,2.149000
24652,,,,,,,,,,,2.910466,3.723632,,,,,0.002558,0.008257,0.046681,,,,,,,,,
24655,,,,,,,,,,,,,2.445471,2.530689,0.016181,0.026540,,,,,,,,,,,,
24660,,,,,,,,,,,,,,,,,,,,0.873126,1.816690,1.750155,0.010431,-0.000061,1.022543,0.210000,0.231000,2.541000
24665,,,,,,,,,,,,,2.602162,2.673865,0.014652,0.025143,,,,,,,,,,,,
24670,,,,,,,,,,,,,,,,,,,,0.873103,1.817017,1.753389,0.025498,-0.001342,1.019737,0.399000,0.994000,2.527000
24675,,,,,,,,,,,,,2.734002,2.794333,0.013365,0.023967,,,,,,,,,,,,
24680,,,,,,,,,,,,,,,,,,,,0.872837,1.817705,1.756546,0.019032,0.002562,1.024800,0.231000,0.847000,2.681000
24685,,,,,,,,,,,,,2.844932,2.895694,0.012282,0.022977,,,,,,,,,,,,
24690,,,,,,,,,,,,,,,,,,,,0.872758,1.818164,1.756372,0.020862,-0.006283,1.033218,-0.735000,-1.981000,2.527000
24695,,,,,,,,,,,,,2.393725,2.980980,0.016686,0.022145,,,,,,,,,,,,
24700,,,,0.863944,1.819862,1.809090,0.049649,0.162360,,,,,,,,,,,,0.872881,1.818678,1.757407,0.027389,0.005734,1.018212,0.126000,-0.553000,1.834000
24702,,,,,,,,,,,3.055646,4.042296,,,,,0.002835,0.008546,0.051545,,,,,,,,,
24705,,,,,,,,,,,,,2.558623,3.052739,0.017073,0.025827,,,,,,,,,,,,
24710,,,,,,,,,,,,,,,,,,,,0.872682,1.819178,1.754701,0.021838,0.009394,1.028277,-0.252000,-0.014000,2.471000
24715,,,,,,,,,,,,,2.697369,3.113118,0.015719,0.025238,,,,,,,,,,,,
24720,,,,,,,,,,,,,,,,,,,,0.872667,1.819794,1.755260,0.022143,-0.008601,1.019371,0.434000,1.652000,1.561000
24725,,,,,,,,,,,,,2.814109,3.163920,0.014580,0.024742,,,,,,,,,,,,
24730,,,,,,,,,,,,,,,,,,,,0.872326,1.820124,1.756605,0.018849,0.000793,1.026081,0.238000,1.099000,2.303000
24735,,,,,,,,,,,,,2.912334,3.206665,0.013621,0.024325,,,,,,,,,,,,
24740,,,,,,,,,,,,,,,,,,,,0.872438,1.820660,1.756161,0.019215,-0.002196,1.022116,0.539000,-2.380000,1.631000
24745,,,,,,,,,,,,,2.994981,3.242631,0.012815,0.023974,,,,,,,,,,,,
24750,,,,0.863293,1.822481,1.819941,0.052559,0.197087,,,,,,,,,,,,0.872224,1.821220,1.756972,0.019703,-0.005978,1.029985,0.364000,-1.232000,3.444000
24752,,,,,,,,,,,3.135669,4.340622,,,,,0.002904,0.008556,0.062723,,,,,,,,,
24755,,,,,,,,,,,,,3.064519,3.272892,0.013238,0.027790,,,,,,,,,,,,
24760,,,,,,,,,,,,,,,,,,,,0.872451,1.821489,1.758711,0.024888,0.002074,1.021872,0.455000,0.518000,4.102000
24765,,,,,,,,,,,,,3.123029,3.298354,0.012666,0.027542,,,,,,,,,,,,
24770,,,,,,,,,,,,,,,,,,,,0.872249,1.822290,1.757638,0.015006,0.004087,1.018517,-0.098000,0.567000,3.983000
24775,,,,,,,,,,,,,3.172260,3.319778,0.012185,0.027333,,,,,,,,,,,,
24780,,,,,,,,,,,,,,,,,,,,0.872020,1.822802,1.758958,0.006283,0.001159,1.020286,-0.406000,0.973000,4.767000
24785,,,,,,,,,,,,,3.213682,3.337804,0.011781,0.027157,,,,,,,,,,,,
24790,,,,,,,,,,,,,,,,,,,,0.871894,1.823321,1.759961,0.012078,0.000366,1.019493,0.420000,1.022000,4.305000
24795,,,,,,,,,,,,,3.248535,3.352971,0.011440,0.027008,,,,,,,,,,,,
24800,,,,0.862577,1.825222,1.833027,0.055342,0.238125,,,,,,,,,,,,0.871649,1.823835,1.761101,0.021472,0.005124,1.023214,-1.085000,-1.911000,4.571000
24802,,,,,,,,,,,3.209937,4.664398,,,,,0.003077,0.008654,0.072168,,,,,,,,,
24805,,,,,,,,,,,,,3.277860,3.365732,0.012176,0.031347,,,,,,,,,,,,
24810,,,,,,,,,,,,,,,,,,,,0.871625,1.824726,1.760853,0.019642,0.006832,1.026081,0.392000,-0.133000,4.893000
24815,,,,,,,,,,,,,3.302534,3.376470,0.011935,0.031242,,,,,,,,,,,,
24820,,,,,,,,,,,,,,,,,,,,0.871472,1.824953,1.760945,0.020435,-0.005124,1.021262,0.378000,0.455000,6.384000
24825,,,,,,,,,,,,,3.323295,3.930048,0.011732,0.025833,,,,,,,,,,,,
24830,,,,,,,,,,,,,,,,,,,,0.871432,1.825855,1.764504,0.007991,0.003843,1.015223,0.350000,1.323000,6.181000
24835,,,,,,,,,,,,,3.340763,3.851285,0.011561,0.026603,,,,,,,,,,,,
24840,,,,,,,,,,,,,,,,,,,,0.871415,1.826381,1.763485,0.008723,0.000732,1.026325,-0.035000,0.847000,5.012000
24845,,,,,,,,,,,,,3.355461,3.785014,0.011418,0.027250,,,,,,,,,,,,
24850,,,,0.862577,1.825222,1.833027,0.055342,0.238125,,,,,,,,,,,,0.871202,1.827065,1.766174,0.009577,-0.001403,1.014247,-0.322000,-3.003000,5.789000
24852,,,,,,,,,,,2.671686,4.112407,,,,,-0.000104,0.008804,0.066955,,,,,,,,,
24855,,,,,,,,,,,,,3.367827,3.729253,0.003887,0.020192,,,,,,,,,,,,
24860,,,,,,,,,,,,,,,,,,,,0.871204,1.827561,1.766640,-0.001098,0.007076,1.020225,0.651000,-1.323000,5.635000
24865,,,,,,,,,,,,,3.378233,4.226880,0.003786,0.015332,,,,,,,,,,,,
24870,,,,,,,,,,,,,,,,,,,,0.870758,1.828152,1.766579,-0.018971,-0.003111,1.015955,0.203000,0.371000,5.201000
24875,,,,,,,,,,,,,3.386988,4.101039,0.003700,0.016561,,,,,,,,,,,,
24880,,,,,,,,,,,,,,,,,,,,0.870678,1.828802,1.767582,-0.011468,0.001281,1.015101,-0.098000,0.224000,3.836000
24885,,,,,,,,,,,,,3.394354,3.995157,0.003628,0.017595,,,,,,,,,,,,
24890,,,,,,,,,,,,,,,,,,,,0.870675,1.829455,1.768629,0.000976,0.002989,1.023153,0.567000,0.392000,4.179000
24895,,,,,,,,,,,,,3.400553,3.906068,0.003568,0.018465,,,,,,,,,,,,
24900,,,,0.860917,1.831022,1.867637,0.060376,0.344272,,,,,,,,,,,,0.870646,1.830011,1.769601,-0.001098,-0.004880,1.019371,0.602000,-2.422000,4.732000
24902,,,,,,,,,,,3.159180,5.264795,,,,,0.002919,0.009333,0.097927,,,,,,,,,
24905,,,,,,,,,,,,,3.405767,3.831108,0.010226,0.035076,,,,,,,,,,,,
24910,,,,,,,,,,,,,,,,,,,,0.870379,1.830557,1.770494,0.015372,0.000488,1.017663,-1.071000,-0.595000,6.062000
24915,,,,,,,,,,,,,3.410156,3.768037,0.010183,0.035693,,,,,,,,,,,,
24920,,,,,,,,,,,,,,,,,,,,0.870290,1.831304,1.770954,0.029463,0.003538,1.016077,-0.371000,-0.539000,7.707000
24925,,,,,,,,,,,,,3.413848,3.714969,0.010147,0.036212,,,,,,,,,,,,
24930,,,,,,,,,,,,,,,,,,,,0.870041,1.831873,1.772167,0.017690,0.004331,1.019066,-0.028000,0.980000,8.190000
24935,,,,,,,,,,,,,3.416954,4.214861,0.010116,0.031324,,,,,,,,,,,,
24940,,,,,,,,,,,,,,,,,,,,0.869885,1.832273,1.774390,0.009821,0.002867,1.018944,0.693000,1.001000,9.114000
24945,,,,,,,,,,,,,3.419568,4.090927,0.010091,0.032536,,,,,,,,,,,,
24950,,,,0.859955,1.834049,1.890264,0.062547,0.412811,,,,,,,,,,,,0.869917,1.832963,1.774240,0.017080,0.000366,1.016809,-0.049000,0.714000,8.225000
24952,,,,,,,,,,,3.100229,5.630258,,,,,0.003078,0.009547,0.115866,,,,,,,,,
24955,,,,,,,,,,,,,3.421767,3.986648,0.009256,0.038599,,,,,,,,,,,,
24960,,,,,,,,,,,,,,,,,,,,0.869907,1.833542,1.777654,0.025193,0.003050,1.014796,0.238000,-1.498000,9.954000
24965,,,,,,,,,,,,,3.423618,3.898908,0.009238,0.039457,,,,,,,,,,,,
24970,,,,,,,,,,,,,,,,,,,,0.869688,1.834206,1.779428,0.016592,0.002745,1.020469,-0.217000,0.413000,11.144000
24975,,,,,,,,,,,,,3.425174,4.369627,0.009222,0.034852,,,,,,,,,,,,
24980,,,,,,,,,,,,,,,,,,,,0.869597,1.834905,1.780965,-0.005063,0.071675,1.157170,3.304000,4.039000,13.811000
24985,,,,,,,,,,,,,3.426485,4.221147,0.009210,0.036305,,,,,,,,,,,,
24990,,,,,,,,,,,,,,,,,,,,0.869514,1.835360,1.783900,0.022692,-0.011041,1.019981,-0.455000,1.911000,14.469000
24995,,,,,,,,,,,,,3.972130,4.640759,0.003872,0.032200,,,,,,,,,,,,
25000,,,,0.858889,1.837132,1.917383,0.064433,0.494725,,,,,,,,,,,,0.869143,1.836163,1.786931,0.007808,-0.000183,1.032913,-0.567000,-1.015000,16.688000
25002,,,,,,,,,,,2.972600,5.990164,,,,,0.003124,0.009819,0.130968,,,,,,,,,
25005,,,,,,,,,,,,,3.886693,4.449277,0.002943,0.039044,,,,,,,,,,,,
25010,,,,,,,,,,,,,,,,,,,,0.869063,1.836910,1.788666,0.011102,0.008418,1.032242,0.126000,-1.246000,17.261999
25015,,,,,,,,,,,,,3.814806,4.832707,0.003646,0.035291,,,,,,,,,,,,
25020,,,,,,,,,,,,,,,,,,,,0.869021,1.837569,1.793732,0.128832,0.291336,0.434198,0.329000,0.483000,20.069000
25025,,,,,,,,,,,,,3.754321,4.610783,0.004238,0.037463,,,,,,,,,,,,
25030,,,,,,,,,,,,,,,,,,,,0.868701,1.838123,1.799010,0.009028,0.003416,1.016321,0.721000,0.770000,22.007999
25035,,,,,,,,,,,,,3.158885,4.968598,0.010067,0.033961,,,,,,,,,,,,
25040,,,,,,,,,,,,,,,,,,,,0.868570,1.838772,1.800286,0.017995,0.002989,1.022299,0.392000,-2.114000,23.604000
25045,,,,,,,,,,,,,3.202428,4.725121,0.009641,0.036344,,,,,,,,,,,,
25050,,,,0.857708,1.840247,1.949909,0.066000,0.593081,,,,,,,,,,,,0.868483,1.839523,1.807842,-0.031415,0.205509,1.430633,7.763000,7.861000,23.226000
25052,,,,,,,,,,,2.801076,6.382082,,,,,0.003245,0.010298,0.142644,,,,,,,,,
25055,,,,,,,,,,,,,3.239066,5.064803,0.006917,0.038421,,,,,,,,,,,,
25060,,,,,,,,,,,,,,,,,,,,0.868261,1.840160,1.809196,0.013298,0.009699,1.009733,-0.392000,-0.679000,24.681999
25065,,,,,,,,,,,,,3.269893,4.806067,0.006616,0.040954,,,,,,,,,,,,
25070,,,,,,,,,,,,,,,,,,,,0.868117,1.840692,1.813506,-0.026718,-0.058682,1.161928,-2.401000,4.634000,26.823999
25075,,,,,,,,,,,,,3.295831,5.132911,0.006362,0.037755,,,,,,,,,,,,
25080,,,,,,,,,,,,,,,,,,,,0.867906,1.841551,1.818405,0.023912,0.006161,1.015711,0.322000,-2.912000,27.804001
25085,,,,,,,,,,,,,3.317655,5.407917,0.006148,0.035063,,,,,,,,,,,,
25090,,,,,,,,,,,,,,,,,,,,0.867867,1.842252,1.822568,0.011773,0.007564,1.032303,-0.168000,0.077000,27.292999
25095,,,,,,,,,,,,,3.336017,5.639307,0.005969,0.032798,,,,,,,,,,,,
25100,,,,0.857708,1.840247,1.949909,0.066000,0.593081,,,,,,,,,,,,0.867521,1.842806,1.830399,0.008418,0.002196,1.009489,-0.252000,1.372000,27.916000
25102,,,,,,,,,,,2.297838,5.805047,,,,,0.000028,0.010151,0.119605,,,,,,,,,
25105,,,,,,,,,,,,,3.351468,5.289455,-0.001110,0.028261,,,,,,,,,,,,
25110,,,,,,,,,,,,,,,,,,,,0.867569,1.843565,1.834360,-0.011956,-0.001647,1.038403,0.546000,3.458000,28.056000
25115,,,,,,,,,,,,,3.364468,5.539633,-0.001237,0.025815,,,,,,,,,,,,
25120,,,,,,,,,,,,,,,,,,,,0.867149,1.844543,1.839919,-0.000976,0.003050,1.015101,1.246000,-3.339000,28.756001
25125,,,,,,,,,,,,,3.375406,5.750133,-0.001344,0.023757,,,,,,,,,,,,
25130,,,,,,,,,,,,,,,,,,,,0.867255,1.845087,1.844201,-0.032147,0.073993,1.167723,2.709000,2.373000,27.790001
25135,,,,,,,,,,,,,3.384609,5.382704,-0.001434,0.027349,,,,,,,,,,,,
25140,,,,,,,,,,,,,,,,,,,,0.866802,1.845677,1.849552,-0.004148,0.001464,1.023275,0.210000,1.407000,28.728001
25145,,,,,,,,,,,,,3.392353,5.618093,-0.001509,0.025048,,,,,,,,,,,,
25150,,,,0.854938,1.846456,2.035962,0.068067,0.855421,,,,,,,,,,,,0.866758,1.846454,1.852701,-0.007015,0.007137,1.012051,-0.497000,0.882000,29.715000
25152,,,,,,,,,,,2.146032,7.250947,,,,,0.003294,0.011334,0.183356,,,,,,,,,
25155,,,,,,,,,,,,,3.398869,5.271606,-0.003695,0.048403,,,,,,,,,,,,
25160,,,,,,,,,,,,,,,,,,,,0.866535,1.847046,1.860485,0.022204,0.003599,1.021323,0.721000,-4.347000,30.583000
25165,,,,,,,,,,,,,2.859807,5.524615,0.001588,0.045924,,,,,,,,,,,,
25170,,,,,,,,,,,,,,,,,,,,0.866216,1.847666,1.863688,0.018361,0.012017,1.038464,-0.686000,-1.918000,36.175999
25175,,,,,,,,,,,,,2.950785,5.737497,0.000697,0.043837,,,,,,,,,,,,
25180,,,,,,,,,,,,,,,,,,,,0.866057,1.848239,1.870648,0.012139,-0.003782,1.039013,0.266000,1.050000,38.772999
25185,,,,,,,,,,,,,3.027333,5.372072,-0.000054,0.047419,,,,,,,,,,,,
25190,,,,,,,,,,,,,,,,,,,,0.865908,1.848884,1.878115,0.016958,0.024949,1.065609,-0.182000,2.765000,40.320000
25195,,,,,,,,,,,,,3.091741,5.609147,-0.000685,0.045095,,,,,,,,,,,,
25200,,,,0.853315,1.849480,2.092566,0.068549,1.029786,,,,,,,,,,,,0.865707,1.849674,1.886323,0.007869,0.000610,1.034316,0.119000,-2.296000,43.771000
25202,,,,,,,,,,,1.717095,7.818301,,,,,0.003640,0.011848,0.207054,,,,,,,,,
25205,,,,,,,,,,,,,2.601390,5.808622,-0.001807,0.050990,,,,,,,,,,,,
25210,,,,,,,,,,,,,,,,,,,,0.865518,1.850425,1.893188,0.015799,0.003904,1.040538,0.595000,-0.903000,45.143002
25215,,,,,,,,,,,,,2.733353,5.976460,-0.003102,0.049343,,,,,,,,,,,,
25220,,,,,,,,,,,,,,,,,,,,0.865251,1.851080,1.900449,0.005978,-0.006710,1.029497,0.238000,0.784000,49.237999
25225,,,,,,,,,,,,,2.844386,6.117679,-0.004191,0.047958,,,,,,,,,,,,
25230,,,,,,,,,,,,,,,,,,,,0.865044,1.851521,1.912312,0.130662,0.296338,0.442128,0.714000,-7.266000,53.872002
25235,,,,,,,,,,,,,2.393266,6.236501,0.000235,0.046792,,,,,,,,,,,,
25240,,,,,,,,,,,,,,,,,,,,0.864650,1.852325,1.920323,0.117974,-0.258335,0.428159,0.980000,-2.884000,55.292999
25245,,,,,,,,,,,,,2.558237,6.336477,-0.001384,0.045811,,,,,,,,,,,,
25250,,,,0.851508,1.852397,2.160775,0.068690,1.241018,,,,,,,,,,,,0.864389,1.853008,1.930403,0.010736,-0.004575,1.027240,0.532000,1.722000,56.602001
25252,,,,,,,,,,,1.163034,8.451367,,,,,0.003950,0.012288,0.231111,,,,,,,,,
25255,,,,,,,,,,,,,2.152500,6.420598,-0.005058,0.053735,,,,,,,,,,,,
25260,,,,,,,,,,,,,,,,,,,,0.864456,1.853834,1.938663,0.016897,0.344833,0.318847,1.183000,3.381000,59.157001
25265,,,,,,,,,,,,,2.355656,6.491376,-0.007052,0.053041,,,,,,,,,,,,
25270,,,,,,,,,,,,,,,,,,,,0.863901,1.854423,1.950300,0.026169,0.007686,1.020408,2.394000,-2.947000,63.847000
25275,,,,,,,,,,,,,1.982049,7.095473,-0.003386,0.047112,,,,,,,,,,,,
25280,,,,,,,,,,,,,,,,,,,,0.863770,1.855157,1.963514,0.007259,-0.001708,1.016199,0.378000,-0.497000,66.941002
25285,,,,,,,,,,,,,2.212239,7.059216,-0.005645,0.047468,,,,,,,,,,,,
25290,,,,,,,,,,,,,,,,,,,,0.863270,1.855780,1.973691,-0.039040,-0.056669,1.180411,-3.213000,6.748000,67.704002
25295,,,,,,,,,,,,,1.861378,7.028710,-0.002201,0.047767,,,,,,,,,,,,
25300,,,,0.849494,1.855161,2.242808,0.068557,1.494822,,,,,,,,,,,,0.863064,1.856589,1.986397,0.003355,0.033245,1.066280,1.379000,-4.123000,69.734001
25302,,,,,,,,,,,0.461752,9.163176,,,,,0.004182,0.012985,0.257030,,,,,,,,,
25305,,,,,,,,,,,,,2.110706,7.547585,-0.014343,0.052515,,,,,,,,,,,,
25310,,,,,,,,,,,,,,,,,,,,0.862699,1.857272,1.998343,-0.047519,0.148230,1.427461,7.910000,6.622000,71.308998
25315,,,,,,,,,,,,,1.775948,7.439623,-0.011056,0.053575,,,,,,,,,,,,
25320,,,,,,,,,,,,,,,,,,,,0.862624,1.857779,2.010430,0.094611,-0.267119,0.427000,0.980000,-0.084000,76.250999
25325,,,,,,,,,,,,,1.494282,7.348784,-0.008291,0.054467,,,,,,,,,,,,
25330,,,,,,,,,,,,,,,,,,,,0.862252,1.858679,2.027501,0.017202,0.001891,1.025227,0.210000,-6.510000,79.667000
25335,,,,,,,,,,,,,1.801832,7.816896,-0.011310,0.049871,,,,,,,,,,,,
25340,,,,,,,,,,,,,,,,,,,,0.861896,1.859147,2.039644,-0.004270,-0.005002,1.080737,-0.287000,-0.777000,82.299004
25345,,,,,,,,,,,,,1.516061,7.666222,-0.008505,0.051350,,,,,,,,,,,,
25350,,,,0.849494,1.855161,2.242808,0.068557,1.494822,,,,,,,,,,,,0.861488,1.859926,2.054405,-0.014396,-0.031049,1.160891,-2.310000,5.306000,85.694000
25352,,,,,,,,,,,0.149750,8.628846,,,,,0.001347,0.012833,0.189233,,,,,,,,,
25355,,,,,,,,,,,,,1.275614,8.083987,-0.010432,0.039854,,,,,,,,,,,,
25360,,,,,,,,,,,,,,,,,,,,0.861077,1.860630,2.069899,-0.040199,-0.038125,1.185108,-2.450000,-6.440000,86.323997
25365,,,,,,,,,,,,,1.617844,7.890952,-0.013785,0.041745,,,,,,,,,,,,
25370,,,,,,,,,,,,,,,,,,,,0.860773,1.861251,2.086176,0.128710,0.275415,0.438834,1.218000,-4.228000,85.953003
25375,,,,,,,,,,,,,1.361254,8.273076,-0.011271,0.038001,,,,,,,,,,,,
25380,,,,,,,,,,,,,,,,,,,,0.860361,1.861869,2.098559,0.120780,0.277611,0.420290,-0.077000,0.630000,85.000999
25385,,,,,,,,,,,,,1.145359,8.050051,-0.009156,0.040186,,,,,,,,,,,,
25390,,,,,,,,,,,,,,,,,,,,0.859935,1.862626,2.113045,-0.044957,0.066795,0.966423,-0.203000,-1.337000,84.287003
25395,,,,,,,,,,,,,0.963705,8.406941,-0.007376,0.036690,,,,,,,,,,,,
25400,,,,0.844749,1.860025,2.456527,0.068031,2.133604,,,,,,,,,,,,0.859640,1.862969,2.128120,0.007320,0.013420,1.027423,0.966000,-6.797000,84.203003
25402,,,,,,,,,,,-1.240368,11.030382,,,,,0.005353,0.014205,0.328697,,,,,,,,,
25405,,,,,,,,,,,,,0.810861,8.162685,-0.025148,0.072344,,,,,,,,,,,,
25410,,,,,,,,,,,,,,,,,,,,0.859160,1.863592,2.144479,0.017995,0.026352,1.071038,1.708000,1.071000,87.821999
25415,,,,,,,,,,,,,0.682258,8.501713,-0.023883,0.069007,,,,,,,,,,,,
25420,,,,,,,,,,,,,,,,,,,,0.858894,1.864293,2.161304,-0.010675,0.067466,1.176202,3.857000,6.790000,98.896004
25425,,,,,,,,,,,,,0.574052,8.242426,-0.022818,0.071559,,,,,,,,,,,,
25430,,,,,,,,,,,,,,,,,,,,0.858618,1.865252,2.178202,-0.012505,0.069113,1.190659,4.718000,-4.697000,106.098999
25435,,,,,,,,,,,,,0.483007,8.568806,-0.021922,0.068347,,,,,,,,,,,,
25440,,,,,,,,,,,,,,,,,,,,0.857902,1.865420,2.200175,-0.013725,0.076189,1.161562,3.430000,0.182000,114.485001
25445,,,,,,,,,,,,,0.406402,8.843422,-0.021168,0.065644,,,,,,,,,,,,
25450,,,,0.841964,1.862012,2.589918,0.068126,2.493985,,,,,,,,,,,,0.857344,1.866111,2.219656,0.003538,0.022082,1.031998,0.966000,0.021000,121.057999
25452,,,,,,,,,,,-2.192700,12.101540,,,,,0.006026,0.014748,0.371206,,,,,,,,,
25455,,,,,,,,,,,,,0.341947,9.074483,-0.033755,0.078244,,,,,,,,,,,,
25460,,,,,,,,,,,,,,,,,,,,0.857315,1.866542,2.242287,-0.061366,-0.137311,1.416176,-7.427000,0.966000,130.326004
25465,,,,,,,,,,,,,-0.256829,9.268899,-0.027853,0.076327,,,,,,,,,,,,
25470,,,,,,,,,,,,,,,,,,,,0.856730,1.867111,2.263409,0.088328,-0.272243,0.427793,0.728000,-1.890000,139.453995
25475,,,,,,,,,,,,,-0.216096,9.432480,-0.028254,0.074715,,,,,,,,,,,,
25480,,,,,,,,,,,,,,,,,,,,0.856291,1.867671,2.289382,-0.035807,0.036661,1.067439,1.645000,1.323000,146.699005
25485,,,,,,,,,,,,,-0.726366,10.114660,-0.023224,0.067991,,,,,,,,,,,,
25490,,,,,,,,,,,,,,,,,,,,0.855892,1.868377,2.317093,0.144753,0.265350,0.438651,1.015000,-8.981000,152.145004
25495,,,,,,,,,,,,,-1.155708,10.144103,-0.018992,0.067701,,,,,,,,,,,,
25500,,,,0.838866,1.863617,2.738482,0.068953,2.833427,,,,,,,,,,,,0.855427,1.868795,2.341718,0.110166,-0.286639,0.444751,0.140000,-0.126000,156.253998
25502,,,,,,,,,,,-2.826671,13.345550,,,,,0.007776,0.015476,0.398029,,,,,,,,,
25505,,,,,,,,,,,,,-0.972412,10.713420,-0.029576,0.079315,,,,,,,,,,,,
25510,,,,,,,,,,,,,,,,,,,,0.854622,1.869322,2.371429,0.143167,0.274561,0.438285,2.219000,3.115000,160.824997
25515,,,,,,,,,,,,,-1.362731,10.647900,-0.025730,0.079961,,,,,,,,,,,,
25520,,,,,,,,,,,,,,,,,,,,0.854136,1.870032,2.402488,0.098515,-0.266204,0.435174,1.365000,-13.160000,168.132996
25525,,,,,,,,,,,,,-1.691145,11.137314,-0.022494,0.075139,,,,,,,,,,,,
25530,,,,,,,,,,,,,,,,,,,,0.853625,1.870357,2.430336,0.142801,0.280356,0.462441,1.274000,-5.187000,172.451996
25535,,,,,,,,,,,,,-1.967472,11.549108,-0.019772,0.071082,,,,,,,,,,,,
25540,,,,,,,,,,,,,,,,,,,,0.852857,1.870942,2.461705,-0.026657,0.190686,1.462170,10.752000,9.702000,173.936005
25545,,,,,,,,,,,,,-2.199974,11.351047,-0.017481,0.073033,,,,,,,,,,,,
25550,,,,0.835423,1.864773,2.896395,0.070994,3.089469,,,,,,,,,,,,0.852525,1.871368,2.491284,-0.036600,-0.015494,1.174372,-1.365000,9.443000,176.917999
25552,,,,,,,,,,,-3.116687,14.464328,,,,,0.009602,0.015621,0.406908,,,,,,,,,
25555,,,,,,,,,,,,,-2.395601,11.728942,-0.019567,0.084791,,,,,,,,,,,,
25560,,,,,,,,,,,,,,,,,,,,0.851679,1.872070,2.523810,0.011712,0.061488,1.164368,3.514000,-11.627000,177.660004
25565,,,,,,,,,,,,,-2.560202,12.046903,-0.017946,0.081661,,,,,,,,,,,,
25570,,,,,,,,,,,,,,,,,,,,0.850962,1.872313,2.556269,0.106689,-0.256627,0.440237,1.575000,-4.368000,182.727997
25575,,,,,,,,,,,,,-2.698696,12.314435,-0.016583,0.079026,,,,,,,,,,,,
25580,,,,,,,,,,,,,,,,,,,,0.850310,1.872990,2.586865,-0.006527,-0.027755,1.190659,-0.994000,4.900000,184.492004
25585,,,,,,,,,,,,,-2.815226,12.539537,-0.015435,0.076810,,,,,,,,,,,,
25590,,,,,,,,,,,,,,,,,,,,0.849673,1.873271,2.618497,-0.059719,-0.095953,1.521157,-9.632000,4.830000,185.856995
25595,,,,,,,,,,,,,-2.368731,12.728937,-0.019832,0.074945,,,,,,,,,,,,
25600,,,,0.835423,1.864773,2.896395,0.070994,3.089469,,,,,,,,,,,,0.848851,1.873696,2.650659,0.004392,0.039955,1.169248,3.766000,-15.414000,185.710007
25602,,,,,,,,,,,-2.963964,14.085719,,,,,0.007629,0.014215,0.247160,,,,,,,,,
25605,,,,,,,,,,,,,-2.537593,12.888299,-0.016037,0.068086,,,,,,,,,,,,
25610,,,,,,,,,,,,,,,,,,,,0.848063,1.874190,2.682340,-0.007686,0.037210,1.202798,4.123000,-1.183000,185.772995
25615,,,,,,,,,,,,,-2.679674,13.022386,-0.014644,0.066771,,,,,,,,,,,,
25620,,,,,,,,,,,,,,,,,,,,0.847342,1.874712,2.714128,-0.033306,0.078629,1.475895,10.500000,13.573000,182.770004
25625,,,,,,,,,,,,,-2.799220,13.135206,-0.013472,0.065665,,,,,,,,,,,,
25630,,,,,,,,,,,,,,,,,,,,0.846485,1.874794,2.746545,-0.053680,0.088938,1.649501,10.409000,3.388000,180.936005
25635,,,,,,,,,,,,,-2.899807,13.230134,-0.012485,0.064734,,,,,,,,,,,,
25640,,,,,,,,,,,,,,,,,,,,0.845615,1.875104,2.778102,-0.011041,-0.023241,1.192062,-1.596000,-6.328000,176.932007
25645,,,,,,,,,,,,,-2.984440,13.310005,-0.011655,0.063950,,,,,,,,,,,,
25650,,,,0.827367,1.865443,3.206710,0.080743,3.129398,,,,,,,,,,,,0.844814,1.875538,2.809188,-0.061427,-0.081923,1.459486,-7.511000,7.763000,175.559998
25652,,,,,,,,,,,-2.109933,15.838752,,,,,0.013215,0.015234,0.397885,,,,,,,,,
25655,,,,,,,,,,,,,-2.511107,13.377210,-0.004499,0.087535,,,,,,,,,,,,
25660,,,,,,,,,,,,,,,,,,,,0.844121,1.875819,2.839241,0.022021,0.247233,0.294935,-0.175000,5.754000,173.557999
25665,,,,,,,,,,,,,-2.657389,13.433755,-0.003062,0.086980,,,,,,,,,,,,
25670,,,,,,,,,,,,,,,,,,,,0.843292,1.876095,2.869568,-0.002379,0.079605,1.550620,10.059000,-2.506000,172.235001
25675,,,,,,,,,,,,,-2.780470,13.481333,-0.001853,0.086512,,,,,,,,,,,,
25680,,,,,,,,,,,,,,,,,,,,0.842191,1.876327,2.901131,0.128771,-0.120841,0.407968,1.512000,-2.751000,174.244003
25685,,,,,,,,,,,,,-2.339487,13.521364,-0.006185,0.086119,,,,,,,,,,,,
25690,,,,,,,,,,,,,,,,,,,,0.841125,1.876501,2.929294,0.117608,-0.134200,0.397232,1.036000,5.117000,174.531006
25695,,,,,,,,,,,,,-2.512987,14.099590,-0.004480,0.080439,,,,,,,,,,,,
25700,,,,0.822683,1.864799,3.344152,0.089255,2.904227,,,,,,,,,,,,0.840260,1.876529,2.961436,0.001952,-0.017568,1.176690,-1.876000,-7.518000,174.292999
25702,,,,,,,,,,,-0.712243,16.157087,,,,,0.015198,0.014697,0.382207,,,,,,,,,
25705,,,,,,,,,,,,,-2.114427,14.041566,0.010902,0.085375,,,,,,,,,,,,
25710,,,,,,,,,,,,,,,,,,,,0.839243,1.876825,2.991802,0.145973,0.242170,0.451461,2.842000,-1.946000,170.561996
25715,,,,,,,,,,,,,-1.779079,13.992744,0.007613,0.085854,,,,,,,,,,,,
25720,,,,,,,,,,,,,,,,,,,,0.838197,1.877208,3.021730,0.033977,0.007625,1.090070,2.387000,-4.249000,170.429001
25725,,,,,,,,,,,,,-2.041460,13.951666,0.010187,0.086257,,,,,,,,,,,,
25730,,,,,,,,,,,,,,,,,,,,0.837003,1.877226,3.049307,-0.017873,0.097722,1.570445,11.459000,-4.151000,166.690994
25735,,,,,,,,,,,,,-1.717684,14.461646,0.007011,0.081255,,,,,,,,,,,,
25740,,,,,,,,,,,,,,,,,,,,0.835963,1.877489,3.079352,0.147925,-0.152866,0.445361,-2.457000,-2.492000,165.248993
25745,,,,,,,,,,,,,-1.445259,14.346200,0.004340,0.082388,,,,,,,,,,,,
25750,,,,0.817511,1.863393,3.464526,0.100483,2.583223,,,,,,,,,,,,0.834759,1.877243,3.106288,-0.009821,-0.034892,1.195234,-1.876000,5.138000,162.679993
25752,,,,,,,,,,,1.050856,16.334990,,,,,0.016782,0.014429,0.357694,,,,,,,,,
25755,,,,,,,,,,,,,-1.216041,14.249063,0.026406,0.085770,,,,,,,,,,,,
25760,,,,,,,,,,,,,,,,,,,,0.833706,1.877453,3.135704,0.138775,0.301889,0.461282,1.848000,-6.720000,158.339996
25765,,,,,,,,,,,,,-1.023176,14.711876,0.024517,0.081237,,,,,,,,,,,,
25770,,,,,,,,,,,,,,,,,,,,0.832342,1.877441,-3.120249,0.124623,0.358375,0.518317,4.088000,0.322000,152.873001
25775,,,,,,,,,,,,,-0.316357,14.556743,0.017594,0.082756,,,,,,,,,,,,
25780,,,,,,,,,,,,,,,,,,,,0.830770,1.877627,-3.093425,-0.015372,0.073444,1.487668,10.612000,1.477000,147.720993
25785,,,,,,,,,,,,,-0.266183,14.426214,0.017103,0.084035,,,,,,,,,,,,
25790,,,,,,,,,,,,,,,,,,,,0.829608,1.877443,-3.070712,0.016287,-0.031903,1.167784,-2.457000,1.449000,145.550995
25795,,,,,,,,,,,,,-0.223966,14.860930,0.016689,0.079777,,,,,,,,,,,,
25800,,,,0.811814,1.861137,3.567522,0.114472,2.231096,,,,,,,,,,,,0.828409,1.877342,-3.044365,0.022082,0.003477,1.083238,2.156000,-8.547000,142.009003
25802,,,,,,,,,,,3.043637,16.570066,,,,,0.018140,0.014468,0.327688,,,,,,,,,
25805,,,,,,,,,,,,,0.356098,14.682158,0.038453,0.084740,,,,,,,,,,,,
25810,,,,,,,,,,,,,,,,,,,,0.826903,1.877092,-3.017285,0.162443,-0.134993,0.413702,0.336000,-3.444000,138.179993
25815,,,,,,,,,,,,,0.844164,15.076282,0.033681,0.080886,,,,,,,,,,,,
25820,,,,,,,,,,,,,,,,,,,,0.825640,1.877041,-2.996141,0.126453,0.337818,0.475129,1.218000,-0.749000,131.824005
25825,,,,,,,,,,,,,1.254823,14.863354,0.029665,0.082968,,,,,,,,,,,,
25830,,,,,,,,,,,,,,,,,,,,0.824017,1.876676,-2.974106,0.147559,-0.115168,0.392047,0.728000,-8.729000,125.964996
25835,,,,,,,,,,,,,1.600351,14.684196,0.026287,0.084720,,,,,,,,,,,,
25840,,,,,,,,,,,,,,,,,,,,0.822682,1.876528,-2.951942,0.037332,0.033123,1.079883,1.001000,-2.786000,123.179001
25845,,,,,,,,,,,,,1.891078,15.077997,0.023444,0.080869,,,,,,,,,,,,
25850,,,,0.811814,1.861137,3.567522,0.114472,2.231096,,,,,,,,,,,,0.821418,1.876194,-2.930563,0.137250,0.313540,0.446642,-0.084000,0.525000,121.071999
25852,,,,,,,,,,,2.615974,15.520838,,,,,0.012580,0.012695,0.213795,,,,,,,,,
25855,,,,,,,,,,,,,2.135696,14.864798,0.015159,0.068497,,,,,,,,,,,,
25860,,,,,,,,,,,,,,,,,,,,0.819768,1.875921,-2.909265,0.129808,-0.123281,0.389302,0.112000,-6.699000,117.711998
25865,,,,,,,,,,,,,2.341518,15.229955,0.013147,0.064927,,,,,,,,,,,,
25870,,,,,,,,,,,,,,,,,,,,0.818374,1.875361,-2.889333,-0.018544,0.043127,1.068537,1.729000,-0.511000,115.234001
25875,,,,,,,,,,,,,2.514696,14.992655,0.011454,0.067247,,,,,,,,,,,,
25880,,,,,,,,,,,,,,,,,,,,0.816600,1.875063,-2.869580,-0.035502,-0.028792,1.186877,-2.562000,-5.446000,112.623001
25885,,,,,,,,,,,,,3.204951,14.792991,0.004706,0.069199,,,,,,,,,,,,
25890,,,,,,,,,,,,,,,,,,,,0.814979,1.874804,-2.850108,-0.055632,0.104005,1.532869,9.541000,6.643000,110.789001
25895,,,,,,,,,,,,,3.241189,14.624992,0.004352,0.070842,,,,,,,,,,,,
25900,,,,0.798684,1.853719,3.727727,0.150539,1.594508,,,,,,,,,,,,0.813882,1.874489,-2.828911,-0.049105,0.061671,1.184864,5.019000,7.266000,111.684998
25902,,,,,,,,,,,7.346150,17.736643,,,,,0.020902,0.015043,0.272766,,,,,,,,,
25905,,,,,,,,,,,,,3.271679,15.028183,0.069186,0.097404,,,,,,,,,,,,
25910,,,,,,,,,,,,,,,,,,,,0.812423,1.874025,-2.809930,0.156892,0.335866,0.474397,1.253000,-3.444000,107.205002
25915,,,,,,,,,,,,,3.841877,14.822884,0.063616,0.099409,,,,,,,,,,,,
25920,,,,,,,,,,,,,,,,,,,,0.810841,1.873380,-2.793461,0.069357,-0.056852,1.191147,-2.506000,0.042000,101.416000
25925,,,,,,,,,,,,,3.777097,14.650146,0.064249,0.101097,,,,,,,,,,,,
25930,,,,,,,,,,,,,,,,,,,,0.809255,1.872847,-2.775870,0.078019,-0.002867,1.073173,-0.266000,-0.371000,96.627998
25935,,,,,,,,,,,,,4.267136,15.049346,0.059462,0.097197,,,,,,,,,,,,
25940,,,,,,,,,,,,,,,,,,,,0.807725,1.872348,-2.761328,0.075945,0.016836,1.010343,-0.021000,-0.910000,92.008003
25945,,,,,,,,,,,,,4.679454,14.840691,0.055434,0.099235,,,,,,,,,,,,
25950,,,,0.791172,1.848373,3.789289,0.172453,1.340214,,,,,,,,,,,,0.805879,1.871354,-2.744437,0.079544,0.010797,1.021994,0.245000,-8.183000,87.458000
25952,,,,,,,,,,,9.604576,18.772896,,,,,0.022530,0.015483,0.249428,,,,,,,,,
25955,,,,,,,,,,,,,5.570921,15.209671,0.077794,0.109875,,,,,,,,,,,,
25960,,,,,,,,,,,,,,,,,,,,0.804292,1.870669,-2.729016,0.107360,-0.024644,1.069940,-0.322000,-2.961000,85.875999
25965,,,,,,,,,,,,,5.776459,15.520131,0.075787,0.106844,,,,,,,,,,,,
25970,,,,,,,,,,,,,,,,,,,,0.802384,1.870040,-2.716048,0.083387,-0.048190,1.149850,-2.359000,1.582000,81.123001
25975,,,,,,,,,,,,,6.493941,15.236809,0.068783,0.109610,,,,,,,,,,,,
25980,,,,,,,,,,,,,,,,,,,,0.800759,1.869106,-2.699421,0.064233,-0.048617,1.155340,-3.682000,3.878000,78.658997
25985,,,,,,,,,,,,,6.553088,15.542965,0.068206,0.106621,,,,,,,,,,,,
25990,,,,,,,,,,,,,,,,,,,,0.798596,1.868124,-2.686692,0.019398,-0.115412,1.404525,-7.763000,9.009000,78.008003
25995,,,,,,,,,,,,,7.147397,15.800565,0.062405,0.104107,,,,,,,,,,,,
26000,,,,0.782974,1.841811,3.841259,0.196838,1.129035,,,,,,,,,,,,0.796637,1.867231,-2.675577,0.155672,0.288286,0.442189,0.756000,-6.090000,74.333000
26002,,,,,,,,,,,11.795441,20.009436,,,,,0.023723,0.016523,0.232400,,,,,,,,,
26005,,,,,,,,,,,,,7.647448,16.017309,0.087670,0.119005,,,,,,,,,,,,
26010,,,,,,,,,,,,,,,,,,,,0.794762,1.866160,-2.662074,0.098210,0.033672,1.026569,0.707000,-2.625000,71.386002
26015,,,,,,,,,,,,,8.612735,16.199677,0.078248,0.117225,,,,,,,,,,,,
26020,,,,,,,,,,,,,,,,,,,,0.792638,1.865130,-2.649052,0.061854,0.095160,1.160342,3.269000,2.135000,69.209000
26025,,,,,,,,,,,,,8.880383,16.897665,0.075635,0.110412,,,,,,,,,,,,
26030,,,,,,,,,,,,,,,,,,,,0.790330,1.863989,-2.638321,0.140422,-0.235521,0.425719,1.169000,0.483000,67.550003
26035,,,,,,,,,,,,,9.105583,16.940409,0.073437,0.109994,,,,,,,,,,,,
26040,,,,,,,,,,,,,,,,,,,,0.788334,1.862791,-2.626902,0.033245,-0.058072,1.172847,-3.115000,3.591000,66.164001
26045,,,,,,,,,,,,,9.839609,16.976374,0.066273,0.109643,,,,,,,,,,,,
26050,,,,0.774051,1.833942,3.885363,0.223612,0.955516,,,,,,,,,,,,0.786291,1.861377,-2.613194,0.054778,0.028487,1.018822,1.701000,-6.853000,65.239998
26052,,,,,,,,,,,13.981028,21.418861,,,,,0.024505,0.017518,0.214782,,,,,,,,,
26055,,,,,,,,,,,,,10.457218,17.551178,0.090324,0.123432,,,,,,,,,,,,
26060,,,,,,,,,,,,,,,,,,,,0.783913,1.860034,-2.603759,0.087108,0.097600,1.163392,3.612000,-0.308000,62.769001
26065,,,,,,,,,,,,,10.976875,17.490274,0.085251,0.124026,,,,,,,,,,,,
26070,,,,,,,,,,,,,,,,,,,,0.781691,1.858817,-2.593496,0.079544,0.011102,1.034926,0.973000,0.525000,63.279999
26075,,,,,,,,,,,,,11.414114,17.983574,0.080982,0.119211,,,,,,,,,,,,
26080,,,,,,,,,,,,,,,,,,,,0.779492,1.857356,-2.581002,0.063257,0.063318,0.982649,0.602000,2.086000,62.209000
26085,,,,,,,,,,,,,11.782006,18.398636,0.077391,0.115159,,,,,,,,,,,,
26090,,,,,,,,,,,,,,,,,,,,0.776973,1.855894,-2.569961,0.000305,0.230763,1.441979,8.743000,10.906000,61.733002
26095,,,,,,,,,,,,,12.091552,18.747869,0.074369,0.111750,,,,,,,,,,,,
26100,,,,0.774051,1.833942,3.885363,0.223612,0.955516,,,,,,,,,,,,0.774766,1.854268,-2.557927,0.048617,0.022204,1.038586,0.903000,-4.907000,61.803001
26102,,,,,,,,,,,12.260537,19.097254,,,,,0.011906,0.016549,0.159358,,,,,,,,,
26105,,,,,,,,,,,,,12.896545,19.041714,0.042836,0.076931,,,,,,,,,,,,
26110,,,,,,,,,,,,,,,,,,,,0.772176,1.852871,-2.549135,-0.026230,0.050264,0.985882,-0.238000,-1.946000,61.459999
26115,,,,,,,,,,,,,13.029325,19.288954,0.041541,0.074518,,,,,,,,,,,,
26120,,,,,,,,,,,,,,,,,,,,0.769975,1.851128,-2.538774,-0.078568,0.222955,1.437831,8.932000,10.129000,60.074001
26125,,,,,,,,,,,,,13.141045,19.496983,0.040450,0.072489,,,,,,,,,,,,
26130,,,,,,,,,,,,,,,,,,,,0.767741,1.849794,-2.529971,-0.037881,0.020191,1.022482,0.385000,-6.818000,57.266998
26135,,,,,,,,,,,,,13.235046,19.127474,0.039533,0.076094,,,,,,,,,,,,
26140,,,,,,,,,,,,,,,,,,,,0.765411,1.847981,-2.516521,-0.077836,0.226249,1.448079,9.891000,5.341000,57.035999
26145,,,,,,,,,,,,,13.858682,19.361115,0.033448,0.073814,,,,,,,,,,,,
26150,,,,0.753878,1.813911,3.955394,0.283989,0.696872,,,,,,,,,,,,0.763306,1.846517,-2.509326,-0.039650,0.023302,1.015284,-0.665000,0.679000,57.344002
26152,,,,,,,,,,,18.719294,25.030260,,,,,0.026923,0.020700,0.181140,,,,,,,,,
26155,,,,,,,,,,,,,13.838866,19.557697,0.122486,0.153506,,,,,,,,,,,,
26160,,,,,,,,,,,,,,,,,,,,0.761164,1.844919,-2.497843,0.154940,0.029524,1.015406,0.770000,-7.938000,57.337002
26165,,,,,,,,,,,,,13.822192,19.723103,0.122648,0.151892,,,,,,,,,,,,
26170,,,,,,,,,,,,,,,,,,,,0.758851,1.843266,-2.487878,0.114741,-0.140361,1.407026,-7.952000,4.718000,57.868999
26175,,,,,,,,,,,,,13.808164,19.317732,0.122785,0.155846,,,,,,,,,,,,
26180,,,,,,,,,,,,,,,,,,,,0.756638,1.841470,-2.479717,0.139141,0.026596,1.017358,-0.091000,-1.869000,53.151001
26185,,,,,,,,,,,,,14.340903,20.065741,0.117588,0.148550,,,,,,,,,,,,
26190,,,,,,,,,,,,,,,,,,,,0.754247,1.839597,-2.468939,0.077653,0.215940,1.439295,9.100000,7.861000,51.366001
26195,,,,,,,,,,,,,14.789150,20.150570,0.113216,0.147722,,,,,,,,,,,,
26200,,,,0.742555,1.801570,3.983398,0.317416,0.600972,,,,,,,,,,,,0.751790,1.837678,-2.460558,0.111935,0.043005,1.016687,-0.238000,0.959000,52.570000
26202,,,,,,,,,,,21.582994,27.405243,,,,,0.029948,0.022225,0.160533,,,,,,,,,
26205,,,,,,,,,,,,,15.166305,20.766489,0.148868,0.174321,,,,,,,,,,,,
26210,,,,,,,,,,,,,,,,,,,,0.749385,1.835465,-2.450742,0.077775,0.039406,1.020957,0.868000,-0.000000,50.519001
26215,,,,,,,,,,,,,16.028187,20.740181,0.140468,0.174577,,,,,,,,,,,,
26220,,,,,,,,,,,,,,,,,,,,0.746640,1.833335,-2.442178,0.118401,-0.142496,1.400438,-7.742000,4.634000,51.029999
26225,,,,,,,,,,,,,16.208830,21.262587,0.138708,0.169486,,,,,,,,,,,,
26230,,,,,,,,,,,,,,,,,,,,0.743764,1.831045,-2.432920,0.134810,0.031110,1.024983,0.385000,-1.701000,48.629002
26235,,,,,,,,,,,,,16.905367,22.246683,0.131919,0.159895,,,,,,,,,,,,
26240,,,,,,,,,,,,,,,,,,,,0.741166,1.828576,-2.425817,0.115656,-0.002257,1.036451,0.490000,0.700000,49.384998
26245,,,,,,,,,,,,,18.035975,22.530159,0.120901,0.157133,,,,,,,,,,,,
26250,,,,0.730362,1.787564,4.007781,0.352873,0.521650,,,,,,,,,,,,0.738183,1.826196,-2.417213,0.080825,0.059719,1.060790,1.652000,1.386000,49.433998
26252,,,,,,,,,,,24.295042,29.699011,,,,,0.031576,0.023744,0.141824,,,,,,,,,
26255,,,,,,,,,,,,,18.442726,23.313219,0.154214,0.181028,,,,,,,,,,,,
26260,,,,,,,,,,,,,,,,,,,,0.735272,1.823559,-2.407722,0.137677,0.030927,1.030473,0.721000,-0.553000,48.608002
26265,,,,,,,,,,,,,18.784966,23.972084,0.150878,0.174608,,,,,,,,,,,,
26270,,,,,,,,,,,,,,,,,,,,0.732362,1.820893,-2.400997,0.093574,0.238876,1.431182,8.687000,4.746000,46.025002
26275,,,,,,,,,,,,,19.617470,24.526453,0.142765,0.169205,,,,,,,,,,,,
26280,,,,,,,,,,,,,,,,,,,,0.729356,1.818347,-2.391442,0.113277,0.032635,1.029192,0.581000,-1.960000,46.633999
26285,,,,,,,,,,,,,20.317940,24.992901,0.135939,0.164659,,,,,,,,,,,,
26290,,,,,,,,,,,,,,,,,,,,0.726353,1.815223,-2.382803,0.072895,0.107787,1.154852,2.674000,2.506000,44.583000
26295,,,,,,,,,,,,,20.907314,25.385368,0.130195,0.160834,,,,,,,,,,,,
26300,,,,0.717268,1.771812,4.029144,0.390246,0.455669,,,,,,,,,,,,0.723150,1.812382,-2.376072,0.069418,0.027572,1.020164,0.574000,0.294000,45.044998
26302,,,,,,,,,,,27.014011,31.996710,,,,,0.032507,0.025164,0.121895,,,,,,,,,
26305,,,,,,,,,,,,,21.947756,26.260134,0.157390,0.183849,,,,,,,,,,,,
26310,,,,,,,,,,,,,,,,,,,,0.720005,1.809269,-2.369086,0.109068,0.060329,1.068537,0.161000,1.372000,44.064999
26315,,,,,,,,,,,,,22.278643,26.451618,0.154168,0.181984,,,,,,,,,,,,
26320,,,,,,,,,,,,,,,,,,,,0.716771,1.806152,-2.359154,0.112301,0.017934,1.070855,0.336000,-2.394000,44.015999
26325,,,,,,,,,,,,,23.101591,27.157278,0.146154,0.175112,,,,,,,,,,,,
26330,,,,,,,,,,,,,,,,,,,,0.713702,1.803070,-2.351424,0.082777,0.039406,1.032730,0.644000,-2.548000,43.014999
26335,,,,,,,,,,,,,23.249479,27.751019,0.144714,0.169331,,,,,,,,,,,,
26340,,,,,,,,,,,,,,,,,,,,0.710405,1.799699,-2.344678,0.080947,0.030988,1.044198,-0.658000,0.329000,42.125999
26345,,,,,,,,,,,,,23.918453,28.250591,0.138200,0.164466,,,,,,,,,,,,
26350,,,,0.717268,1.771812,4.029144,0.390246,0.455669,,,,,,,,,,,,0.707203,1.796304,-2.337435,0.057462,0.055327,1.048590,1.190000,0.714000,43.308998
26352,,,,,,,,,,,23.751858,27.992437,,,,,0.010804,0.024240,0.083153,,,,,,,,,
26355,,,,,,,,,,,,,24.481329,28.670933,0.087907,0.105366,,,,,,,,,,,,
26360,,,,,,,,,,,,,,,,,,,,0.703730,1.792840,-2.330607,-0.087718,0.033550,1.016748,1.225000,2.555000,40.768002
26365,,,,,,,,,,,,,25.499475,29.569151,0.077997,0.096623,,,,,,,,,,,,
26370,,,,,,,,,,,,,,,,,,,,0.700658,1.789436,-2.323599,-0.078934,0.034343,1.020042,0.910000,-4.102000,37.820999
26375,,,,,,,,,,,,,25.267057,29.235825,0.080260,0.099868,,,,,,,,,,,,
26380,,,,,,,,,,,,,,,,,,,,0.697458,1.786071,-2.316702,-0.084546,0.056059,1.061705,1.757000,2.065000,36.098999
26385,,,,,,,,,,,,,25.616045,29.499908,0.076863,0.097297,,,,,,,,,,,,
26390,,,,,,,,,,,,,,,,,,,,0.694602,1.782664,-2.311365,-0.123220,-0.138409,1.439844,-8.946000,10.703000,31.969000
26395,,,,,,,,,,,,,25.909681,29.722107,0.074005,0.095134,,,,,,,,,,,,
26400,,,,0.688266,1.734770,4.064662,0.470227,0.353995,,,,,,,,,,,,0.691327,1.779391,-2.304527,-0.096746,0.030805,1.017358,1.281000,-5.026000,30.989000
26402,,,,,,,,,,,32.895180,37.088757,,,,,0.035266,0.027584,0.085689,,,,,,,,,
26405,,,,,,,,,,,,,26.156748,29.364523,0.197142,0.223508,,,,,,,,,,,,
26410,,,,,,,,,,,,,,,,,,,,0.688333,1.776151,-2.301305,0.219844,0.021167,1.017419,-0.406000,-2.086000,31.143000
26415,,,,,,,,,,,,,25.820087,29.608194,0.200417,0.221137,,,,,,,,,,,,
26420,,,,,,,,,,,,,,,,,,,,0.685281,1.772653,-2.295191,0.201117,0.026535,1.017114,0.700000,0.196000,31.752001
26425,,,,,,,,,,,,,26.081364,29.813219,0.197875,0.219142,,,,,,,,,,,,
26430,,,,,,,,,,,,,,,,,,,,0.682342,1.769103,-2.289660,0.179828,0.031110,1.021140,0.203000,0.707000,30.379999
26435,,,,,,,,,,,,,26.845745,29.985727,0.190438,0.217464,,,,,,,,,,,,
26440,,,,,,,,,,,,,,,,,,,,0.678966,1.765208,-2.285759,0.168482,0.018239,1.015467,0.238000,0.728000,31.157000
26445,,,,,,,,,,,,,27.488894,30.675419,0.184181,0.210753,,,,,,,,,,,,
26450,,,,0.672312,1.713344,4.079537,0.512542,0.314671,,,,,,,,,,,,0.675649,1.761256,-2.279476,0.150548,0.039345,1.009367,-0.560000,-0.854000,32.675999
26452,,,,,,,,,,,36.216549,40.174728,,,,,0.038603,0.028641,0.075350,,,,,,,,,
26455,,,,,,,,,,,,,28.030041,30.711182,0.224513,0.252770,,,,,,,,,,,,
26460,,,,,,,,,,,,,,,,,,,,0.672175,1.757595,-2.271301,0.221979,0.017202,1.041880,-1.022000,-3.990000,33.103001
26465,,,,,,,,,,,,,28.485361,31.830360,0.220083,0.241882,,,,,,,,,,,,
26470,,,,,,,,,,,,,,,,,,,,0.668873,1.753253,-2.266544,0.194773,0.030134,1.019249,0.777000,-1.932000,35.167999
26475,,,,,,,,,,,,,28.868467,32.227493,0.216356,0.238018,,,,,,,,,,,,
26480,,,,,,,,,,,,,,,,,,,,0.665276,1.749154,-2.259674,0.190259,-0.250832,0.435235,0.315000,0.301000,34.167000
26485,,,,,,,,,,,,,29.735357,33.106182,0.207922,0.229469,,,,,,,,,,,,
26490,,,,,,,,,,,,,,,,,,,,0.661756,1.744646,-2.256782,0.152805,0.042944,1.019432,-0.217000,1.120000,32.591999
26495,,,,,,,,,,,,,30.464758,33.845512,0.200826,0.222276,,,,,,,,,,,,
26500,,,,0.655365,1.689904,4.092864,0.556186,0.281213,,,,,,,,,,,,0.657937,1.739995,-2.247851,0.084180,-0.127429,1.416542,-8.295000,9.639000,35.244999
26502,,,,,,,,,,,39.547291,43.056572,,,,,0.040797,0.029366,0.057434,,,,,,,,,
26505,,,,,,,,,,,,,31.623018,34.467587,0.235226,0.255725,,,,,,,,,,,,
26510,,,,,,,,,,,,,,,,,,,,0.654189,1.735395,-2.244747,0.189161,0.044042,1.035841,0.595000,-5.264000,32.879002
26515,,,,,,,,,,,,,32.597576,35.535538,0.225751,0.245343,,,,,,,,,,,,
26520,,,,,,,,,,,,,,,,,,,,0.650111,1.730617,-2.236723,0.153232,0.102724,1.162843,3.346000,-0.420000,31.191999
26525,,,,,,,,,,,,,33.417572,36.434116,0.217780,0.236607,,,,,,,,,,,,
26530,,,,,,,,,,,,,,,,,,,,0.646215,1.725649,-2.232850,0.135359,0.042639,1.009123,-0.784000,-0.182000,30.778999
26535,,,,,,,,,,,,,34.107517,37.190178,0.211072,0.229257,,,,,,,,,,,,
26540,,,,,,,,,,,,,,,,,,,,0.642401,1.720399,-2.227163,0.161528,0.259433,0.444385,-0.154000,1.414000,31.233999
26545,,,,,,,,,,,,,34.688034,37.826328,0.205429,0.223072,,,,,,,,,,,,
26550,,,,0.637413,1.664401,4.104865,0.600974,0.252607,,,,,,,,,,,,0.638356,1.715076,-2.220538,0.091012,0.029463,1.010160,1.204000,1.393000,30.163000
26552,,,,,,,,,,,42.608490,45.691772,,,,,0.041134,0.029884,0.041986,,,,,,,,,
26555,,,,,,,,,,,,,35.721027,38.361588,0.237375,0.254011,,,,,,,,,,,,
26560,,,,,,,,,,,,,,,,,,,,0.634326,1.709975,-2.216614,0.095770,0.267302,1.515484,11.375000,-0.658000,27.083000
26565,,,,,,,,,,,,,36.590183,39.356495,0.228927,0.244341,,,,,,,,,,,,
26570,,,,,,,,,,,,,,,,,,,,0.630295,1.704432,-2.210280,0.124135,0.036356,1.016443,-0.028000,-5.075000,25.858000
26575,,,,,,,,,,,,,37.321495,40.193611,0.221820,0.236205,,,,,,,,,,,,
26580,,,,,,,,,,,,,,,,,,,,0.626298,1.699147,-2.207463,0.108824,0.027145,1.038037,-0.637000,0.749000,26.327000
26585,,,,,,,,,,,,,37.936817,40.897961,0.215839,0.229359,,,,,,,,,,,,
26590,,,,,,,,,,,,,,,,,,,,0.622156,1.693585,-2.201920,0.027023,-0.131272,1.414346,-8.561000,12.194000,26.173000
26595,,,,,,,,,,,,,38.999096,41.490601,0.205515,0.223599,,,,,,,,,,,,
26600,,,,0.637413,1.664401,4.104865,0.600974,0.252607,,,,,,,,,,,,0.618023,1.687808,-2.197984,0.056181,0.017690,1.023153,-0.336000,3.675000,21.896000
26602,,,,,,,,,,,37.219810,39.641651,,,,,0.007713,0.029424,0.019540,,,,,,,,,
26605,,,,,,,,,,,,,39.348351,41.989246,0.128186,0.135744,,,,,,,,,,,,
26610,,,,,,,,,,,,,,,,,,,,0.613749,1.681867,-2.193971,-0.144509,0.027572,1.026935,0.245000,1.001000,19.802999
26615,,,,,,,,,,,,,40.186760,42.408810,0.120036,0.131665,,,,,,,,,,,,
26620,,,,,,,,,,,,,,,,,,,,0.609600,1.676358,-2.190686,-0.136396,0.021411,1.029192,0.189000,-2.653000,16.400999
26625,,,,,,,,,,,,,40.347652,42.761826,0.118472,0.128234,,,,,,,,,,,,
26630,,,,,,,,,,,,,,,,,,,,0.605994,1.670747,-2.190451,-0.131699,0.017507,1.025166,-0.126000,-2.422000,13.237000
26635,,,,,,,,,,,,,40.483028,42.514313,0.117156,0.130640,,,,,,,,,,,,
26640,,,,,,,,,,,,,,,,,,,,0.601807,1.665262,-2.187744,-0.119499,0.011712,1.022787,-0.651000,-0.602000,12.047000
26645,,,,,,,,,,,,,40.596931,42.306057,0.116048,0.132664,,,,,,,,,,,,
26650,,,,0.598465,1.607052,4.125598,0.693170,0.206855,,,,,,,,,,,,0.598220,1.660151,-2.185516,-0.126941,0.011346,1.055178,0.490000,10.822000,9.163000
26652,,,,,,,,,,,48.907200,51.557255,,,,,0.043297,0.030802,0.027595,,,,,,,,,
26655,,,,,,,,,,,,,40.692772,42.130829,0.275507,0.297893,,,,,,,,,,,,
26660,,,,,,,,,,,,,,,,,,,,0.594513,1.654716,-2.183722,0.132736,0.012810,1.024129,0.231000,-22.561001,9.303000
26665,,,,,,,,,,,,,40.773411,42.527935,0.274723,0.294032,,,,,,,,,,,,
26670,,,,,,,,,,,,,,,,,,,,0.590541,1.649170,-2.182703,0.270779,0.011651,1.018944,0.105000,-15.589000,10.675000
26675,,,,,,,,,,,,,40.841259,42.317516,0.274064,0.296078,,,,,,,,,,,,
26680,,,,,,,,,,,,,,,,,,,,0.586639,1.643592,-2.180403,0.242658,0.006405,1.022177,0.252000,0.364000,11.249000
26685,,,,,,,,,,,,,41.442894,42.685013,0.268213,0.292504,,,,,,,,,,,,
26690,,,,,,,,,,,,,,,,,,,,0.582461,1.637585,-2.178363,0.214293,0.018361,1.019981,-1.050000,11.249000,13.069000
26695,,,,,,,,,,,,,41.404564,42.994228,0.268586,0.289498,,,,,,,,,,,,
26700,,,,0.577468,1.575155,4.134617,0.740141,0.188521,,,,,,,,,,,,0.578256,1.631895,-2.174534,0.180560,0.019459,1.019371,-0.140000,13.195000,13.895000
26702,,,,,,,,,,,52.504963,55.109283,,,,,0.047209,0.031522,0.025586,,,,,,,,,
26705,,,,,,,,,,,,,42.461399,43.798943,0.307655,0.330387,,,,,,,,,,,,
26710,,,,,,,,,,,,,,,,,,,,0.574092,1.625529,-2.173538,0.162077,0.107421,1.267885,2.478000,1.785000,14.686000
26715,,,,,,,,,,,,,42.806076,44.476028,0.304305,0.323805,,,,,,,,,,,,
26720,,,,,,,,,,,,,,,,,,,,0.569575,1.619176,-2.171538,0.246684,0.022875,1.006256,0.679000,-5.124000,14.742000
26725,,,,,,,,,,,,,44.185173,45.590271,0.290898,0.312973,,,,,,,,,,,,
26730,,,,,,,,,,,,,,,,,,,,0.565227,1.612634,-2.167350,0.201727,0.021777,1.025227,0.252000,-1.274000,15.974000
26735,,,,,,,,,,,,,44.801006,46.527798,0.284912,0.303860,,,,,,,,,,,,
26740,,,,,,,,,,,,,,,,,,,,0.560750,1.605682,-2.165325,0.163663,0.030073,1.021689,0.434000,1.470000,15.386000
26745,,,,,,,,,,,,,45.863708,47.316631,0.274581,0.296191,,,,,,,,,,,,
26750,,,,0.555465,1.541093,4.142893,0.787381,0.172605,,,,,,,,,,,,0.556054,1.599001,-2.163296,0.146461,0.026596,1.018944,-0.140000,2.436000,15.463000
26752,,,,,,,,,,,55.694340,58.218040,,,,,0.048542,0.031844,0.022750,,,,,,,,,
26755,,,,,,,,,,,,,46.757866,47.980354,0.309648,0.332391,,,,,,,,,,,,
26760,,,,,,,,,,,,,,,,,,,,0.551287,1.591875,-2.161188,0.215086,0.022509,1.015772,-0.343000,1.939000,16.023001
26765,,,,,,,,,,,,,47.510208,49.083355,0.302334,0.321669,,,,,,,,,,,,
26770,,,,,,,,,,,,,,,,,,,,0.546379,1.584685,-2.156327,0.176168,0.035563,1.029436,0.882000,-2.345000,17.409000
26775,,,,,,,,,,,,,48.687775,50.011417,0.290887,0.312648,,,,,,,,,,,,
26780,,,,,,,,,,,,,,,,,,,,0.541580,1.577369,-2.153992,0.141032,0.021472,1.032120,-0.266000,-0.238000,18.941999
26785,,,,,,,,,,,,,49.678577,51.336834,0.281256,0.299764,,,,,,,,,,,,
26790,,,,,,,,,,,,,,,,,,,,0.536748,1.569822,-2.150997,0.107787,0.032269,1.029863,0.756000,1.372000,17.934000
26795,,,,,,,,,,,,,50.512241,51.907497,0.273152,0.294216,,,,,,,,,,,,
26800,,,,0.532469,1.504866,4.150522,0.834645,0.158752,,,,,,,,,,,,0.531776,1.562283,-2.147788,0.093757,0.031415,1.013759,0.616000,0.644000,18.186001
26802,,,,,,,,,,,58.658710,60.907261,,,,,0.047967,0.031913,0.015286,,,,,,,,,
26805,,,,,,,,,,,,,51.213684,52.932194,0.306995,0.321141,,,,,,,,,,,,
26810,,,,,,,,,,,,,,,,,,,,0.526822,1.554680,-2.143689,0.149877,0.025986,1.032120,-0.098000,0.238000,19.089001
26815,,,,,,,,,,,,,52.348419,53.794376,0.295966,0.312761,,,,,,,,,,,,
26820,,,,,,,,,,,,,,,,,,,,0.521708,1.546971,-2.139930,0.127673,0.024461,1.017114,0.637000,-3.227000,18.493999
26825,,,,,,,,,,,,,52.758644,54.519814,0.291979,0.305710,,,,,,,,,,,,
26830,,,,,,,,,,,,,,,,,,,,0.516644,1.538745,-2.137435,0.099918,0.027206,1.031815,1.302000,-1.470000,17.927000
26835,,,,,,,,,,,,,53.648350,55.674744,0.283332,0.294485,,,,,,,,,,,,
26840,,,,,,,,,,,,,,,,,,,,0.511450,1.530977,-2.134412,0.071797,0.022753,1.030961,0.112000,0.630000,16.316999
26845,,,,,,,,,,,,,54.941494,56.101955,0.270763,0.290333,,,,,,,,,,,,
26850,,,,0.532469,1.504866,4.150522,0.834645,0.158752,,,,,,,,,,,,0.506636,1.522801,-2.132046,0.058255,0.034038,1.028887,0.252000,1.365000,14.686000
26852,,,,,,,,,,,51.011051,52.621529,,,,,0.001597,0.031431,-0.000214,,,,,,,,,
26855,,,,,,,,,,,,,55.484997,57.005955,0.160565,0.167877,,,,,,,,,,,,
26860,,,,,,,,,,,,,,,,,,,,0.501497,1.514823,-2.129869,-0.185806,0.017629,1.012722,0.378000,5.355000,14.280000
26865,,,,,,,,,,,,,55.942303,57.222038,0.156121,0.165777,,,,,,,,,,,,
26870,,,,,,,,,,,,,,,,,,,,0.496309,1.506783,-2.126298,-0.183305,0.030195,1.022787,0.756000,13.342000,11.529000
26875,,,,,,,,,,,,,55.782539,57.403847,0.157673,0.164010,,,,,,,,,,,,
26880,,,,,,,,,,,,,,,,,,,,0.491556,1.499035,-2.125599,-0.191540,0.007076,1.033767,-0.812000,20.482000,8.771000
26885,,,,,,,,,,,,,56.192654,57.556824,0.153688,0.162523,,,,,,,,,,,,
26890,,,,,,,,,,,,,,,,,,,,0.486832,1.491451,-2.123682,-0.174948,0.013969,1.014979,0.434000,25.249001,5.614000
26895,,,,,,,,,,,,,55.993183,57.140995,0.155626,0.166564,,,,,,,,,,,,
26900,,,,0.483582,1.425977,4.164155,0.928219,0.136115,,,,,,,,,,,,0.482218,1.483823,-2.122150,-0.172325,0.000183,1.025837,0.189000,27.426001,3.528000
26902,,,,,,,,,,,64.811783,66.538887,,,,,0.048592,0.031449,0.003065,,,,,,,,,
26905,,,,,,,,,,,,,55.280804,56.791119,0.351846,0.360861,,,,,,,,,,,,
26910,,,,,,,,,,,,,,,,,,,,0.477889,1.476424,-2.121388,0.134383,0.004941,1.028765,-0.406000,-1.050000,3.472000
26915,,,,,,,,,,,,,55.225952,56.496731,0.352379,0.363721,,,,,,,,,,,,
26920,,,,,,,,,,,,,,,,,,,,0.472922,1.468717,-2.122913,0.125721,0.004392,1.010404,-0.056000,-74.101997,2.884000
26925,,,,,,,,,,,,,55.724342,56.793575,0.347537,0.360837,,,,,,,,,,,,
26930,,,,,,,,,,,,,,,,,,,,0.468220,1.460957,-2.118902,0.336781,0.003965,1.015589,-1.225000,-94.450996,2.506000
26935,,,,,,,,,,,,,56.143688,57.043339,0.343463,0.358410,,,,,,,,,,,,
26940,,,,,,,,,,,,,,,,,,,,0.463332,1.453048,-2.119720,0.344589,0.005734,1.015711,-0.168000,-29.113001,3.878000
26945,,,,,,,,,,,,,57.041069,57.253494,0.334744,0.356369,,,,,,,,,,,,
26950,,,,0.457747,1.383374,4.170294,0.974004,0.126888,,,,,,,,,,,,0.458329,1.444945,-2.120602,0.272548,0.002135,1.015162,1.204000,26.761000,5.733000
26952,,,,,,,,,,,68.240417,70.192505,,,,,0.052752,0.031670,0.007666,,,,,,,,,
26955,,,,,,,,,,,,,57.251583,57.974857,0.379791,0.399545,,,,,,,,,,,,
26960,,,,,,,,,,,,,,,,,,,,0.453259,1.436477,-2.117802,0.320128,0.008174,1.015833,-0.224000,50.771000,6.461000
26965,,,,,,,,,,,,,57.973251,58.581814,0.372775,0.393645,,,,,,,,,,,,
26970,,,,,,,,,,,,,,,,,,,,0.448266,1.428086,-2.117909,0.222467,0.010492,1.015345,0.777000,45.101002,7.175000
26975,,,,,,,,,,,,,58.580463,59.092510,0.366872,0.388680,,,,,,,,,,,,
26980,,,,,,,,,,,,,,,,,,,,0.442813,1.419184,-2.116453,0.119499,0.014457,1.025471,0.735000,-12.670000,9.296000
26985,,,,,,,,,,,,,59.635914,60.066750,0.356611,0.379209,,,,,,,,,,,,
26990,,,,,,,,,,,,,,,,,,,,0.437415,1.410171,-2.114140,0.224114,0.020496,1.028643,0.581000,-32.787998,9.072000
26995,,,,,,,,,,,,,60.523972,61.431019,0.347978,0.365946,,,,,,,,,,,,
27000,,,,0.431034,1.338724,4.176054,1.018766,0.118820,,,,,,,,,,,,0.431754,1.401148,-2.113685,0.198860,0.017934,1.027118,0.623000,-7.329000,9.527000
27002,,,,,,,,,,,71.239510,73.144958,,,,,0.053977,0.031624,0.006404,,,,,,,,,
27005,,,,,,,,,,,,,61.815723,62.578915,0.376505,0.395223,,,,,,,,,,,,
27010,,,,,,,,,,,,,,,,,,,,0.426247,1.391897,-2.110597,0.242170,0.021045,1.023824,0.791000,11.319000,10.458000
27015,,,,,,,,,,,,,62.358063,63.544754,0.371236,0.385840,,,,,,,,,,,,
27020,,,,,,,,,,,,,,,,,,,,0.420503,1.382300,-2.108995,0.194041,0.016348,1.021201,-0.483000,18.704000,10.689000
27025,,,,,,,,,,,,,63.358929,64.357414,0.361513,0.377946,,,,,,,,,,,,
27030,,,,,,,,,,,,,,,,,,,,0.414885,1.372750,-2.107525,0.146217,0.027389,1.026264,-0.497000,17.129000,9.534000
27035,,,,,,,,,,,,,64.745605,65.041183,0.348043,0.371303,,,,,,,,,,,,
27040,,,,,,,,,,,,,,,,,,,,0.409102,1.362923,-2.107497,0.134932,0.022326,1.022360,0.280000,-13.013000,9.954000
27045,,,,,,,,,,,,,65.367805,66.161049,0.341998,0.360425,,,,,,,,,,,,
27050,,,,0.403483,1.292086,4.181485,1.062239,0.111770,,,,,,,,,,,,0.403122,1.353032,-2.102089,0.108763,0.022021,1.026691,-0.413000,-5.264000,10.556000
27052,,,,,,,,,,,73.831871,75.449593,,,,,0.052595,0.031213,0.000713,,,,,,,,,
27055,,,,,,,,,,,,,66.435867,67.103302,0.367176,0.382878,,,,,,,,,,,,
27060,,,,,,,,,,,,,,,,,,,,0.397258,1.343311,-2.103255,0.163907,0.021838,1.024678,-0.665000,2.303000,9.632000
27065,,,,,,,,,,,,,67.334541,68.440659,0.358446,0.369886,,,,,,,,,,,,
27070,,,,,,,,,,,,,,,,,,,,0.391358,1.333148,-2.099329,0.105896,0.020618,1.016931,-0.329000,5.866000,8.820000
27075,,,,,,,,,,,,,68.090675,69.021370,0.351100,0.364245,,,,,,,,,,,,
27080,,,,,,,,,,,,,,,,,,,,0.385624,1.322795,-2.098959,0.092415,0.010492,1.016931,-0.252000,6.104000,7.574000
27085,,,,,,,,,,,,,69.271439,70.054520,0.339630,0.354209,,,,,,,,,,,,
27090,,,,,,,,,,,,,,,,,,,,0.379735,1.312572,-2.097893,0.068137,0.015860,1.018395,-0.189000,-5.593000,5.964000
27095,,,,,,,,,,,,,69.720383,70.379272,0.335268,0.351054,,,,,,,,,,,,
27100,,,,0.403483,1.292086,4.181485,1.062239,0.111770,,,,,,,,,,,,0.373715,1.302530,-2.096914,0.064965,0.014884,1.022604,-0.308000,-1.883000,5.509000
27102,,,,,,,,,,,63.944641,65.269371,,,,,-0.005750,0.030993,-0.004853,,,,,,,,,
27105,,,,,,,,,,,,,70.642670,71.197060,0.190719,0.203500,,,,,,,,,,,,
27110,,,,,,,,,,,,,,,,,,,,0.367769,1.292083,-2.097966,-0.243329,0.013115,1.025898,0.497000,8.162000,7.021000
27115,,,,,,,,,,,,,70.874146,71.885147,0.188470,0.196817,,,,,,,,,,,,
27120,,,,,,,,,,,,,,,,,,,,0.361959,1.281963,-2.095494,-0.245586,0.005185,1.021079,-0.777000,28.336000,5.026000
27125,,,,,,,,,,,,,71.068901,71.919563,0.186579,0.196482,,,,,,,,,,,,
27130,,,,,,,,,,,,,,,,,,,,0.356201,1.272255,-2.093844,-0.230946,0.004392,1.017968,-0.364000,45.786999,2.905000
27135,,,,,,,,,,,,,70.688225,71.403969,0.190276,0.201490,,,,,,,,,,,,
27140,,,,,,,,,,,,,,,,,,,,0.350366,1.262416,-2.093203,-0.229360,0.006710,1.022116,-0.175000,60.207001,3.465000
27145,,,,,,,,,,,,,70.367928,70.970154,0.193387,0.205704,,,,,,,,,,,,
27150,,,,0.346075,1.193143,4.191524,1.144272,0.100271,,,,,,,,,,,,0.344947,1.252870,-2.092179,-0.217282,0.000732,1.016504,-1.106000,68.767998,3.563000
27152,,,,,,,,,,,78.675079,80.279358,,,,,0.051260,0.030714,0.000427,,,,,,,,,
27155,,,,,,,,,,,,,70.098427,70.060600,0.398007,0.420374,,,,,,,,,,,,
27160,,,,,,,,,,,,,,,,,,,,0.339639,1.243632,-2.092012,0.114680,-0.000366,1.033218,-0.252000,44.155998,4.284000
27165,,,,,,,,,,,,,69.327133,69.839844,0.405499,0.422519,,,,,,,,,,,,
27170,,,,,,,,,,,,,,,,,,,,0.333975,1.234062,-2.091178,0.110288,0.014640,1.035353,-0.182000,-29.945999,5.915000
27175,,,,,,,,,,,,,69.222702,69.654099,0.406513,0.424323,,,,,,,,,,,,
27180,,,,,,,,,,,,,,,,,,,,0.328666,1.224259,-2.090084,0.102846,0.002379,1.015589,-0.469000,-98.931000,5.453000
27185,,,,,,,,,,,,,69.679382,70.586899,0.402078,0.415262,,,,,,,,,,,,
27190,,,,,,,,,,,,,,,,,,,,0.322969,1.214563,-2.091561,0.090036,0.012017,1.011685,0.546000,-164.436996,4.879000
27195,,,,,,,,,,,,,70.608170,70.827217,0.393056,0.412928,,,,,,,,,,,,
27200,,,,0.316331,1.141012,4.196204,1.182323,0.095639,,,,,,,,,,,,0.317289,1.204395,-2.090160,0.381250,0.011529,1.015650,0.014000,-114.471001,6.076000
27202,,,,,,,,,,,81.650841,83.420418,,,,,0.055382,0.030634,0.003164,,,,,,,,,
27205,,,,,,,,,,,,,71.389656,71.573959,0.426286,0.448764,,,,,,,,,,,,
27210,,,,,,,,,,,,,,,,,,,,0.311349,1.194106,-2.088792,0.442189,0.020618,1.016748,-0.154000,-8.323000,8.477000
27215,,,,,,,,,,,,,71.502655,72.202271,0.425188,0.442661,,,,,,,,,,,,
27220,,,,,,,,,,,,,,,,,,,,0.305424,1.183537,-2.084381,0.354715,0.018849,1.004731,0.756000,65.079002,8.687000
27225,,,,,,,,,,,,,72.142273,72.730927,0.418975,0.437525,,,,,,,,,,,,
27230,,,,,,,,,,,,,,,,,,,,0.299423,1.172688,-2.083478,0.220271,0.035746,1.037061,0.378000,84.601997,9.611000
27235,,,,,,,,,,,,,72.680450,73.720291,0.413746,0.427914,,,,,,,,,,,,
27240,,,,,,,,,,,,,,,,,,,,0.293174,1.161797,-2.083361,0.103761,0.019703,1.009428,-0.007000,56.042000,8.421000
27245,,,,,,,,,,,,,73.677811,74.552734,0.404058,0.419827,,,,,,,,,,,,
27250,,,,0.285977,1.087242,4.200700,1.218072,0.091654,,,,,,,,,,,,0.286753,1.150810,-2.082212,0.056303,0.012078,1.029009,0.385000,-0.987000,7.798000
27252,,,,,,,,,,,84.053574,85.628258,,,,,0.055946,0.030418,-0.000308,,,,,,,,,
27255,,,,,,,,,,,,,74.516998,75.253151,0.428794,0.443233,,,,,,,,,,,,
27260,,,,,,,,,,,,,,,,,,,,0.280731,1.139591,-2.081077,0.091622,0.008113,1.023153,-0.623000,-56.419998,6.643000
27265,,,,,,,,,,,,,75.767624,76.387032,0.416653,0.432226,,,,,,,,,,,,
27270,,,,,,,,,,,,,,,,,,,,0.274237,1.128160,-2.078730,0.225456,0.015738,1.018273,1.050000,-40.424999,6.489000
27275,,,,,,,,,,,,,76.819908,77.341072,0.406438,0.422964,,,,,,,,,,,,
27280,,,,,,,,,,,,,,,,,,,,0.267731,1.116531,-2.076976,0.194224,0.021167,1.025654,-0.518000,-2.786000,6.237000
27285,,,,,,,,,,,,,77.705299,78.143806,0.397843,0.415171,,,,,,,,,,,,
27290,,,,,,,,,,,,,,,,,,,,0.261356,1.104989,-2.076749,0.147498,0.018178,1.014857,-0.042000,22.525999,6.384000
27295,,,,,,,,,,,,,78.450264,79.363770,0.390611,0.403328,,,,,,,,,,,,
27300,,,,0.255085,1.031949,4.205039,1.251290,0.088258,,,,,,,,,,,,0.254954,1.093208,-2.076192,0.087535,0.017019,1.023885,-0.021000,30.961000,6.622000
27302,,,,,,,,,,,85.783966,87.232948,,,,,0.053715,0.029775,-0.002185,,,,,,,,,
27305,,,,,,,,,,,,,79.077080,79.845695,0.408247,0.420648,,,,,,,,,,,,
27310,,,,,,,,,,,,,,,,,,,,0.248457,1.081490,-2.073366,0.037271,0.011590,1.019493,-0.315000,19.816999,5.691000
27315,,,,,,,,,,,,,80.149025,80.795738,0.397841,0.411425,,,,,,,,,,,,
27320,,,,,,,,,,,,,,,,,,,,0.241781,1.069481,-2.071983,0.103822,0.015616,1.019798,0.525000,-24.094000,3.668000
27325,,,,,,,,,,,,,81.050957,81.595108,0.389085,0.403665,,,,,,,,,,,,
27330,,,,,,,,,,,,,,,,,,,,0.235403,1.057488,-2.072956,0.094306,0.010492,1.020896,-0.483000,-12.705000,4.613000
27335,,,,,,,,,,,,,81.809845,82.267693,0.381717,0.397135,,,,,,,,,,,,
27340,,,,,,,,,,,,,,,,,,,,0.228601,1.045458,-2.072089,0.060207,0.013115,1.020530,0.329000,2.198000,4.774000
27345,,,,,,,,,,,,,82.448372,82.833603,0.375518,0.391641,,,,,,,,,,,,
27350,,,,0.255085,1.031949,4.205039,1.251290,0.088258,,,,,,,,,,,,0.222068,1.033391,-2.069855,0.032574,0.012078,1.027545,0.210000,8.624000,5.453000
27352,,,,,,,,,,,74.245842,75.334129,,,,,-0.014414,0.029681,-0.008087,,,,,,,,,
27355,,,,,,,,,,,,,82.985626,83.309761,0.212127,0.223899,,,,,,,,,,,,
27360,,,,,,,,,,,,,,,,,,,,0.215600,1.021509,-2.070371,-0.287615,0.018971,1.033767,0.406000,24.017000,4.900000
27365,,,,,,,,,,,,,82.893135,83.165855,0.213025,0.225297,,,,,,,,,,,,
27370,,,,,,,,,,,,,,,,,,,,0.209011,1.009741,-2.067244,-0.272853,0.014518,1.011380,0.175000,53.605999,3.878000
27375,,,,,,,,,,,,,82.815308,83.044777,0.213781,0.226472,,,,,,,,,,,,
27380,,,,,,,,,,,,,,,,,,,,0.202857,0.998016,-2.067890,-0.260104,0.013847,1.022360,0.189000,77.882004,4.683000
27385,,,,,,,,,,,,,82.205284,82.942902,0.219704,0.227461,,,,,,,,,,,,
27390,,,,,,,,,,,,,,,,,,,,0.196785,0.986834,-2.067797,-0.258152,0.001952,1.012478,-1.204000,98.000000,3.115000
27395,,,,,,,,,,,,,81.692009,81.768097,0.224687,0.238868,,,,,,,,,,,,
27400,,,,0.191980,0.917291,4.213351,1.309289,0.083039,,,,,,,,,,,,0.190669,0.975634,-2.068557,-0.264496,0.006344,1.007903,-0.203000,113.694000,3.633000
27402,,,,,,,,,,,88.806747,90.305748,,,,,0.050610,0.029017,-0.001213,,,,,,,,,
27405,,,,,,,,,,,,,80.715591,81.324158,0.433819,0.448464,,,,,,,,,,,,
27410,,,,,,,,,,,,,,,,,,,,0.184794,0.964682,-2.066867,0.067100,0.007198,1.026142,-1.050000,90.362999,4.739000
27415,,,,,,,,,,,,,79.894043,80.406090,0.441799,0.457382,,,,,,,,,,,,
27420,,,,,,,,,,,,,,,,,,,,0.178656,0.953601,-2.065937,0.049044,0.013359,1.032974,-0.588000,19.075001,4.613000
27425,,,,,,,,,,,,,79.747330,80.178162,0.443224,0.459596,,,,,,,,,,,,
27430,,,,,,,,,,,,,,,,,,,,0.172551,0.942483,-2.065872,0.045018,0.002440,1.032913,-0.175000,-49.623001,4.928000
27435,,,,,,,,,,,,,80.168427,80.530930,0.439134,0.456169,,,,,,,,,,,,
27440,,,,,,,,,,,,,,,,,,,,0.166492,0.930999,-2.064842,0.036539,0.014518,1.030351,0.168000,-113.078003,4.900000
27445,,,,,,,,,,,,,81.067284,81.372299,0.430403,0.447997,,,,,,,,,,,,
27450,,,,0.159926,0.858198,4.217369,1.333692,0.081142,,,,,,,,,,,,0.160049,0.919276,-2.063040,0.042883,0.008113,1.016687,0.119000,-171.906006,4.298000
27452,,,,,,,,,,,90.895409,92.307823,,,,,0.053740,0.028762,-0.002552,,,,,,,,,
27455,,,,,,,,,,,,,81.823578,82.080215,0.451662,0.468533,,,,,,,,,,,,
27460,,,,,,,,,,,,,,,,,,,,0.153846,0.907717,-2.064075,0.097051,0.017690,1.016199,-0.189000,-228.746002,4.606000
27465,,,,,,,,,,,,,82.459930,82.675865,0.445484,0.462750,,,,,,,,,,,,
27470,,,,,,,,,,,,,,,,,,,,0.147616,0.895735,-2.061789,0.433710,0.008296,1.015955,0.749000,-121.043999,5.362000
27475,,,,,,,,,,,,,82.995354,83.721581,0.440285,0.452597,,,,,,,,,,,,
27480,,,,,,,,,,,,,,,,,,,,0.141069,0.883832,-2.061246,0.384117,0.018849,0.994605,0.224000,11.704000,6.860000
27485,,,,,,,,,,,,,83.445862,84.056908,0.435911,0.449341,,,,,,,,,,,,
27490,,,,,,,,,,,,,,,,,,,,0.134557,0.871189,-2.060289,0.270535,0.010675,1.011929,-0.175000,92.190002,5.509000
27495,,,,,,,,,,,,,83.824913,84.339050,0.432231,0.446602,,,,,,,,,,,,
27500,,,,0.127648,0.798123,4.221326,1.354808,0.079682,,,,,,,,,,,,0.127925,0.858765,-2.058238,0.124379,0.013786,1.018273,-0.021000,106.862000,5.299000
27502,,,,,,,,,,,92.240746,93.567635,,,,,0.053733,0.028169,-0.003612,,,,,,,,,
27505,,,,,,,,,,,,,84.143852,84.576447,0.447566,0.461556,,,,,,,,,,,,
27510,,,,,,,,,,,,,,,,,,,,0.121155,0.846256,-2.056189,0.074115,0.012505,1.015894,0.182000,66.653999,5.012000
27515,,,,,,,,,,,,,84.956749,85.320732,0.439675,0.454330,,,,,,,,,,,,
27520,,,,,,,,,,,,,,,,,,,,0.114643,0.833511,-2.057555,0.038552,0.014945,1.023092,-0.105000,12.404000,4.921000
27525,,,,,,,,,,,,,85.640717,85.946976,0.433035,0.448251,,,,,,,,,,,,
27530,,,,,,,,,,,,,,,,,,,,0.107824,0.820826,-2.056708,0.021533,0.011651,1.023031,-0.441000,-34.020000,4.809000
27535,,,,,,,,,,,,,86.760757,87.018440,0.422162,0.437849,,,,,,,,,,,,
27540,,,,,,,,,,,,,,,,,,,,0.101087,0.807955,-2.055278,0.124623,0.012871,1.022787,-0.539000,-77.413002,3.472000
27545,,,,,,,,,,,,,87.158607,87.919968,0.418300,0.429097,,,,,,,,,,,,
27550,,,,0.095233,0.737219,4.225240,1.372499,0.078636,,,,,,,,,,,,0.094171,0.795062,-2.054455,0.134627,0.000305,1.024495,0.203000,-37.282001,3.612000
27552,,,,,,,,,,,92.843147,94.150238,,,,,0.050826,0.027806,-0.003781,,,,,,,,,
27555,,,,,,,,,,,,,88.037910,88.678520,0.418015,0.429713,,,,,,,,,,,,
27560,,,,,,,,,,,,,,,,,,,,0.087361,0.781985,-2.052374,0.130906,-0.000549,1.024251,0.147000,4.123000,4.851000
27565,,,,,,,,,,,,,88.777748,89.316757,0.410834,0.423518,,,,,,,,,,,,
27570,,,,,,,,,,,,,,,,,,,,0.080479,0.768867,-2.053678,0.083814,0.009821,1.024678,0.217000,29.476999,3.542000
27575,,,,,,,,,,,,,89.400253,89.309235,0.404792,0.423591,,,,,,,,,,,,
27580,,,,,,,,,,,,,,,,,,,,0.073542,0.755776,-2.051780,0.028609,0.014091,1.023458,0.469000,33.915001,4.305000
27585,,,,,,,,,,,,,89.379486,89.847443,0.404993,0.418367,,,,,,,,,,,,
27590,,,,,,,,,,,,,,,,,,,,0.066529,0.742636,-2.052193,-0.033733,0.009333,1.023336,0.140000,15.617000,5.530000
27595,,,,,,,,,,,,,89.906555,90.300293,0.399877,0.413971,,,,,,,,,,,,
27600,,,,0.095233,0.737219,4.225240,1.372499,0.078636,,,,,,,,,,,,0.059757,0.729470,-2.052117,-0.039650,0.020252,1.025227,0.476000,-13.937000,3.556000
27602,,,,,,,,,,,80.186073,81.349571,,,,,-0.023185,0.027850,-0.005972,,,,,,,,,
27605,,,,,,,,,,,,,90.350029,90.681320,0.222097,0.234828,,,,,,,,,,,,
27610,,,,,,,,,,,,,,,,,,,,0.053188,0.716497,-2.050803,-0.324337,0.011773,1.025593,-0.469000,-7.140000,4.074000
27615,,,,,,,,,,,,,90.723167,91.001915,0.218475,0.231716,,,,,,,,,,,,
27620,,,,,,,,,,,,,,,,,,,,0.046443,0.703593,-2.049576,-0.304939,0.005246,1.017358,-0.357000,29.981001,4.410000
27625,,,,,,,,,,,,,90.492584,90.727119,0.220713,0.234383,,,,,,,,,,,,
27630,,,,,,,,,,,,,,,,,,,,0.039913,0.691146,-2.048449,-0.305305,0.017202,1.030717,-0.266000,62.502998,4.417000
27635,,,,,,,,,,,,,89.754028,89.951370,0.227881,0.241912,,,,,,,,,,,,
27640,,,,,,,,,,,,,,,,,,,,0.033550,0.678833,-2.048639,-0.275110,0.005978,1.014674,0.070000,89.789001,5.110000
27645,,,,,,,,,,,,,88.588066,89.298653,0.239198,0.248248,,,,,,,,,,,,
27650,,,,0.030341,0.613556,4.233019,1.397164,0.077728,,,,,,,,,,,,0.027492,0.666728,-2.049351,-0.259250,0.005185,1.010526,-0.378000,110.683998,4.795000
27652,,,,,,,,,,,93.421761,94.883713,,,,,0.045782,0.027016,-0.001165,,,,,,,,,
27655,,,,,,,,,,,,,87.607018,87.660362,0.430129,0.449649,,,,,,,,,,,,
27660,,,,,,,,,,,,,,,,,,,,0.021490,0.654812,-2.047516,0.049593,0.011407,1.026325,-0.203000,94.276001,4.760000
27665,,,,,,,,,,,,,86.781570,86.826454,0.438141,0.457744,,,,,,,,,,,,
27670,,,,,,,,,,,,,,,,,,,,0.015167,0.643054,-2.046938,0.032635,0.007686,1.025227,-0.196000,33.075001,5.019000
27675,,,,,,,,,,,,,86.087036,86.669350,0.444883,0.459269,,,,,,,,,,,,
27680,,,,,,,,,,,,,,,,,,,,0.008735,0.630865,-2.045225,0.021899,0.007015,1.031144,-0.609000,-27.580000,5.565000
27685,,,,,,,,,,,,,86.047203,86.537155,0.445269,0.460552,,,,,,,,,,,,
27690,,,,,,,,,,,,,,,,,,,,0.002539,0.618594,-2.043657,0.028182,0.010858,1.025349,-0.070000,-86.331001,4.816000
27695,,,,,,,,,,,,,86.558228,86.970474,0.440309,0.456346,,,,,,,,,,,,
27700,,,,-0.001957,0.551125,4.236922,1.403977,0.077847,,,,,,,,,,,,-0.003599,0.606134,-2.044290,0.021899,0.013969,1.017602,-0.112000,-140.210007,4.683000
27702,,,,,,,,,,,94.258667,95.656776,,,,,0.048017,0.026563,-0.001909,,,,,,,,,
27705,,,,,,,,,,,,,86.988205,87.335068,0.447613,0.463410,,,,,,,,,,,,
27710,,,,,,,,,,,,,,,,,,,,-0.009877,0.593854,-2.041859,0.038369,0.009821,1.012844,0.546000,-192.492996,4.144000
27715,,,,,,,,,,,,,87.349983,88.186378,0.444101,0.455146,,,,,,,,,,,,
27720,,,,,,,,,,,,,,,,,,,,-0.016456,0.581336,-2.041113,0.351604,0.009028,1.020591,-0.021000,-133.238007,4.942000
27725,,,,,,,,,,,,,87.654388,88.358131,0.441146,0.453479,,,,,,,,,,,,
27730,,,,,,,,,,,,,,,,,,,,-0.022931,0.568487,-2.040931,0.342393,0.002379,1.010221,0.427000,-15.575000,4.095000
27735,,,,,,,,,,,,,88.455055,88.502647,0.433373,0.452076,,,,,,,,,,,,
27740,,,,,,,,,,,,,,,,,,,,-0.029544,0.555747,-2.040347,0.234179,0.006283,1.014918,-0.056000,68.389999,4.879000
27745,,,,,,,,,,,,,88.584198,89.168777,0.432120,0.445609,,,,,,,,,,,,
27750,,,,-0.034037,0.488514,4.240859,1.407046,0.078343,,,,,,,,,,,,-0.036159,0.542721,-2.039703,0.116937,0.013237,1.022909,0.224000,94.262001,5.306000
27752,,,,,,,,,,,94.357956,95.698662,,,,,0.047326,0.026366,-0.002701,,,,,,,,,
27755,,,,,,,,,,,,,88.692856,89.184723,0.432424,0.446026,,,,,,,,,,,,
27760,,,,,,,,,,,,,,,,,,,,-0.042715,0.529546,-2.037158,0.037637,0.018544,1.022238,-0.392000,69.320999,3.976000
27765,,,,,,,,,,,,,88.784279,89.198135,0.431536,0.445896,,,,,,,,,,,,
27770,,,,,,,,,,,,,,,,,,,,-0.049268,0.516308,-2.037855,0.008601,0.006954,1.021384,-0.217000,24.759001,3.815000
27775,,,,,,,,,,,,,89.405746,89.753967,0.425504,0.440501,,,,,,,,,,,,
27780,,,,,,,,,,,,,,,,,,,,-0.056137,0.503022,-2.037003,-0.003721,0.007381,1.018456,0.007000,-16.415001,3.773000
27785,,,,,,,,,,,,,89.928650,90.766182,0.420428,0.430675,,,,,,,,,,,,
27790,,,,,,,,,,,,,,,,,,,,-0.062738,0.489659,-2.037997,-0.023302,0.013725,1.012539,-0.147000,-52.479000,4.494000
27795,,,,,,,,,,,,,90.913162,91.073318,0.410871,0.427694,,,,,,,,,,,,
27800,,,,-0.065811,0.425892,4.244850,1.406355,0.079218,,,,,,,,,,,,-0.069510,0.476187,-2.036687,0.098515,0.014213,1.022238,0.623000,-51.737000,3.430000
27802,,,,,,,,,,,93.595116,95.000580,,,,,0.043327,0.025922,-0.001531,,,,,,,,,
27805,,,,,,,,,,,,,91.196991,91.876289,0.397672,0.410347,,,,,,,,,,,,
27810,,,,,,,,,,,,,,,,,,,,-0.076041,0.462966,-2.035895,0.074908,0.013176,1.019127,0.133000,-11.564000,3.325000
27815,,,,,,,,,,,,,91.435799,92.007362,0.395353,0.409074,,,,,,,,,,,,
27820,,,,,,,,,,,,,,,,,,,,-0.082885,0.449612,-2.034375,0.041053,0.007503,1.025349,-0.553000,18.179001,3.815000
27825,,,,,,,,,,,,,91.636734,92.117653,0.393401,0.408003,,,,,,,,,,,,
27830,,,,,,,,,,,,,,,,,,,,-0.089732,0.436232,-2.034094,0.002379,0.016714,1.019066,-0.546000,31.745001,3.199000
27835,,,,,,,,,,,,,91.805801,92.210442,0.391759,0.407102,,,,,,,,,,,,
27840,,,,,,,,,,,,,,,,,,,,-0.096194,0.422780,-2.032138,-0.027206,0.005185,1.024007,0.259000,27.257999,4.501000
27845,,,,,,,,,,,,,91.948059,92.288521,0.390378,0.406343,,,,,,,,,,,,
27850,,,,-0.097191,0.363424,4.248914,1.401913,0.080477,,,,,,,,,,,,-0.102904,0.409405,-2.032842,-0.060512,0.010858,1.023092,-0.175000,3.038000,4.361000
27852,,,,,,,,,,,92.510887,93.918022,,,,,0.038623,0.025620,-0.001370,,,,,,,,,
27855,,,,,,,,,,,,,92.612289,92.898758,0.369059,0.385571,,,,,,,,,,,,
27860,,,,,,,,,,,,,,,,,,,,-0.109416,0.395989,-2.029844,-0.085644,0.015311,1.014735,0.126000,-18.242001,4.319000
27865,,,,,,,,,,,,,92.626633,92.867668,0.368919,0.385873,,,,,,,,,,,,
27870,,,,,,,,,,,,,,,,,,,,-0.115937,0.382798,-2.030364,-0.038430,0.000732,1.016382,-0.567000,-12.474000,3.857000
27875,,,,,,,,,,,,,92.638702,92.841507,0.368802,0.386127,,,,,,,,,,,,
27880,,,,,,,,,,,,,,,,,,,,-0.122674,0.369623,-2.030102,-0.036539,0.018788,1.023031,-0.665000,-0.840000,4.564000
27885,,,,,,,,,,,,,92.104317,92.819504,0.373992,0.386341,,,,,,,,,,,,
27890,,,,,,,,,,,,,,,,,,,,-0.129102,0.356168,-2.029105,-0.026169,0.004941,1.038830,0.504000,7.882000,3.717000
27895,,,,,,,,,,,,,92.199226,92.800980,0.373070,0.386521,,,,,,,,,,,,
27900,,,,-0.128092,0.301274,4.253070,1.393757,0.082131,,,,,,,,,,,,-0.135433,0.342892,-2.027656,-0.024278,0.009333,1.020042,0.602000,9.947000,5.145000
27902,,,,,,,,,,,91.269318,92.576019,,,,,0.034042,0.024973,-0.002503,,,,,,,,,
27905,,,,,,,,,,,,,92.279083,92.240852,0.355272,0.373559,,,,,,,,,,,,
27910,,,,,,,,,,,,,,,,,,,,-0.142259,0.330079,-2.028555,-0.098454,0.009638,1.016382,0.203000,7.042000,3.479000
27915,,,,,,,,,,,,,91.801727,92.314110,0.359907,0.372847,,,,,,,,,,,,
27920,,,,,,,,,,,,,,,,,,,,-0.148493,0.316750,-2.024883,-0.059231,0.018300,1.022421,0.133000,-9.359000,4.837000
27925,,,,,,,,,,,,,91.944633,92.375748,0.358520,0.372249,,,,,,,,,,,,
27930,,,,,,,,,,,,,,,,,,,,-0.154949,0.303693,-2.024525,-0.046116,0.012932,1.014491,-0.364000,-4.116000,3.731000
27935,,,,,,,,,,,,,91.520325,91.883064,0.362640,0.377033,,,,,,,,,,,,
27940,,,,,,,,,,,,,,,,,,,,-0.161220,0.290791,-2.027006,-0.037698,0.012627,1.019310,0.287000,1.288000,3.801000
27945,,,,,,,,,,,,,91.163307,91.468521,0.366107,0.381058,,,,,,,,,,,,
27950,,,,-0.158431,0.239605,4.257340,1.381947,0.084192,,,,,,,,,,,,-0.167669,0.277933,-2.023692,-0.022265,0.010614,1.022848,0.658000,3.549000,3.227000
27952,,,,,,,,,,,89.877777,91.220123,,,,,0.030295,0.025050,-0.002067,,,,,,,,,
27955,,,,,,,,,,,,,90.862923,91.664268,0.349943,0.360567,,,,,,,,,,,,
27960,,,,,,,,,,,,,,,,,,,,-0.173904,0.264957,-2.023471,-0.070211,0.010797,1.020896,0.049000,3.836000,3.178000
27965,,,,,,,,,,,,,90.610168,91.284424,0.352398,0.364256,,,,,,,,,,,,
27970,,,,,,,,,,,,,,,,,,,,-0.180191,0.252245,-2.021728,-0.093086,0.007137,1.020896,-0.112000,-0.910000,2.618000
27975,,,,,,,,,,,,,90.397507,90.964828,0.354463,0.367360,,,,,,,,,,,,
27980,,,,,,,,,,,,,,,,,,,,-0.186345,0.239246,-2.023418,-0.048861,0.008540,1.029375,0.063000,-1.701000,3.801000
27985,,,,,,,,,,,,,90.218575,90.695915,0.356201,0.369972,,,,,,,,,,,,
27990,,,,,,,,,,,,,,,,,,,,-0.192606,0.226570,-2.022162,-0.034831,0.002013,1.021262,0.609000,0.882000,4.172000
27995,,,,,,,,,,,,,90.068016,89.925110,0.357663,0.377459,,,,,,,,,,,,
28000,,,,-0.188128,0.178575,4.261746,1.366571,0.086681,,,,,,,,,,,,-0.198570,0.213917,-2.022380,-0.033733,0.023363,1.024556,-0.133000,1.869000,4.200000
28002,,,,,,,,,,,88.270569,89.821396,,,,,0.027077,0.024844,0.001172,,,,,,,,,
28005,,,,,,,,,,,,,89.396797,89.821098,0.342138,0.359288,,,,,,,,,,,,
28010,,,,,,,,,,,,,,,,,,,,-0.204800,0.201294,-2.019573,-0.075335,0.007259,1.020652,0.168000,0.595000,5.117000
28015,,,,,,,,,,,,,89.376579,89.733582,0.342335,0.360139,,,,,,,,,,,,
28020,,,,,,,,,,,,,,,,,,,,-0.210781,0.188821,-2.020143,-0.062891,0.002257,1.023275,0.070000,1.673000,5.096000
28025,,,,,,,,,,,,,88.815018,89.115402,0.347792,0.366146,,,,,,,,,,,,
28030,,,,,,,,,,,,,,,,,,,,-0.216831,0.176034,-2.018186,-0.042273,0.015982,1.018212,0.168000,-0.721000,4.053000
28035,,,,,,,,,,,,,88.887070,89.139809,0.347092,0.365909,,,,,,,,,,,,
28040,,,,,,,,,,,,,,,,,,,,-0.222842,0.163429,-2.018406,-0.036417,0.001159,1.027911,0.721000,-0.854000,5.306000
28045,,,,,,,,,,,,,88.403145,88.615807,0.351794,0.371001,,,,,,,,,,,,
28050,,,,-0.217106,0.118337,4.266310,1.347739,0.089621,,,,,,,,,,,,-0.229061,0.150871,-2.017751,-0.015250,0.005490,1.021628,0.497000,0.805000,5.936000
28052,,,,,,,,,,,86.582664,88.130249,,,,,0.024015,0.024851,0.001113,,,,,,,,,
28055,,,,,,,,,,,,,87.995979,88.174904,0.332601,0.352087,,,,,,,,,,,,
28060,,,,,,,,,,,,,,,,,,,,-0.234680,0.138484,-2.015284,-0.079605,0.019215,1.033157,0.245000,1.428000,6.972000
28065,,,,,,,,,,,,,87.653381,88.348480,0.335929,0.350401,,,,,,,,,,,,
28070,,,,,,,,,,,,,,,,,,,,-0.240766,0.126148,-2.015634,-0.067466,0.010736,1.013637,0.812000,1.127000,5.712000
28075,,,,,,,,,,,,,87.365120,87.949974,0.338730,0.354272,,,,,,,,,,,,
28080,,,,,,,,,,,,,,,,,,,,-0.246593,0.113763,-2.013376,-0.044164,0.012322,1.019737,0.364000,0.329000,6.132000
28085,,,,,,,,,,,,,87.122581,87.614677,0.341086,0.357529,,,,,,,,,,,,
28090,,,,,,,,,,,,,,,,,,,,-0.252453,0.101352,-2.012055,-0.044896,0.011834,1.027423,-0.063000,-0.441000,4.466000
28095,,,,,,,,,,,,,86.373962,86.788017,0.348358,0.365560,,,,,,,,,,,,
28100,,,,-0.245294,0.059036,4.271058,1.325584,0.093041,,,,,,,,,,,,-0.258157,0.089187,-2.009724,-0.022692,0.009638,1.015528,0.546000,-0.063000,5.166000
28102,,,,,,,,,,,84.915230,86.246353,,,,,0.021646,0.024490,-0.002043,,,,,,,,,
28105,,,,,,,,,,,,,86.288620,86.637001,0.326322,0.341191,,,,,,,,,,,,
28110,,,,,,,,,,,,,,,,,,,,-0.264045,0.076978,-2.008888,-0.068198,0.006283,1.026691,0.350000,1.365000,5.565000
28115,,,,,,,,,,,,,85.672272,86.509941,0.332308,0.342425,,,,,,,,,,,,
28120,,,,,,,,,,,,,,,,,,,,-0.269771,0.064553,-2.007805,-0.056974,0.014518,1.030107,-0.245000,0.147000,4.648000
28125,,,,,,,,,,,,,85.698219,85.858490,0.332056,0.348753,,,,,,,,,,,,
28130,,,,,,,,,,,,,,,,,,,,-0.275597,0.052434,-2.007393,-0.035380,0.010858,1.023031,-0.763000,0.623000,4.340000
28135,,,,,,,,,,,,,85.175507,85.854904,0.337133,0.348787,,,,,,,,,,,,
28140,,,,,,,,,,,,,,,,,,,,-0.281196,0.040518,-2.009576,-0.037759,0.005002,1.029070,-0.098000,-1.281000,4.494000
28145,,,,,,,,,,,,,84.735695,85.307343,0.341405,0.354106,,,,,,,,,,,,
28150,,,,-0.272624,0.000814,4.276017,1.300261,0.096976,,,,,,,,,,,,-0.286926,0.028458,-2.008858,-0.034038,0.009455,1.025837,-0.623000,0.497000,4.060000
28152,,,,,,,,,,,82.754707,84.308754,,,,,0.018823,0.024642,0.001336,,,,,,,,,
28155,,,,,,,,,,,,,84.910179,84.846619,0.310084,0.332011,,,,,,,,,,,,
28160,,,,,,,,,,,,,,,,,,,,-0.292486,0.016299,-2.006429,-0.076555,0.008052,1.030107,-0.007000,-0.217000,3.724000
28165,,,,,,,,,,,,,84.512451,85.003517,0.313947,0.330487,,,,,,,,,,,,
28170,,,,,,,,,,,,,,,,,,,,-0.298009,0.004423,-2.007225,-0.078873,0.011346,1.017053,0.679000,0.924000,4.333000
28175,,,,,,,,,,,,,83.633263,84.590981,0.322486,0.334494,,,,,,,,,,,,
28180,,,,,,,,,,,,,,,,,,,,-0.303584,-0.007465,-2.006912,-0.060268,0.014335,1.028094,0.287000,1.169000,5.180000
28185,,,,,,,,,,,,,83.438049,83.699333,0.324382,0.343154,,,,,,,,,,,,
28190,,,,,,,,,,,,,,,,,,,,-0.309137,-0.019357,-2.001484,-0.045201,0.019703,1.017724,-0.672000,-1.302000,3.962000
28195,,,,,,,,,,,,,83.273804,83.493645,0.325977,0.345152,,,,,,,,,,,,
28200,,,,-0.299034,-0.056196,4.281215,1.271947,0.101468,,,,,,,,,,,,-0.314432,-0.031403,-2.005480,-0.044042,0.007991,1.016870,0.588000,-1.106000,5.796000
28202,,,,,,,,,,,80.428909,82.114227,,,,,0.015851,0.024439,0.003586,,,,,,,,,
28205,,,,,,,,,,,,,82.591057,83.320580,0.300707,0.316735,,,,,,,,,,,,
28210,,,,,,,,,,,,,,,,,,,,-0.320035,-0.042816,-2.003007,-0.095831,0.018666,1.017907,0.049000,0.588000,5.719000
28215,,,,,,,,,,,,,82.561142,83.174957,0.300997,0.318150,,,,,,,,,,,,
28220,,,,,,,,,,,,,,,,,,,,-0.325204,-0.054555,-2.002256,-0.084912,0.005490,1.025410,0.637000,0.651000,5.460000
28225,,,,,,,,,,,,,81.991425,82.507896,0.306533,0.324632,,,,,,,,,,,,
28230,,,,,,,,,,,,,,,,,,,,-0.330568,-0.066303,-2.001473,-0.066856,0.012200,1.021079,-0.014000,0.406000,5.096000
28235,,,,,,,,,,,,,81.512070,81.946625,0.311191,0.330085,,,,,,,,,,,,
28240,,,,,,,,,,,,,,,,,,,,-0.335850,-0.077581,-2.000851,-0.046970,0.007869,1.030107,0.623000,-2.198000,4.816000
28245,,,,,,,,,,,,,81.108734,81.474373,0.315110,0.334674,,,,,,,,,,,,
28250,,,,-0.324465,-0.111873,4.286685,1.240835,0.106565,,,,,,,,,,,,-0.341385,-0.089403,-1.999916,-0.039223,0.011468,1.014186,-0.420000,-0.273000,6.566000
28252,,,,,,,,,,,78.050110,79.745361,,,,,0.013219,0.024729,0.003596,,,,,,,,,
28255,,,,,,,,,,,,,80.769371,81.621559,0.285780,0.300752,,,,,,,,,,,,
28260,,,,,,,,,,,,,,,,,,,,-0.346438,-0.100700,-2.000004,-0.105286,0.016409,1.028521,-0.308000,-0.357000,4.851000
28265,,,,,,,,,,,,,80.483833,81.200867,0.288554,0.304840,,,,,,,,,,,,
28270,,,,,,,,,,,,,,,,,,,,-0.351689,-0.112114,-1.995903,-0.091317,0.011163,1.016687,-0.588000,0.623000,5.999000
28275,,,,,,,,,,,,,80.243584,80.302345,0.290889,0.313570,,,,,,,,,,,,
28280,,,,,,,,,,,,,,,,,,,,-0.356865,-0.123494,-1.997178,-0.066551,0.015250,1.026325,0.644000,0.959000,6.552000
28285,,,,,,,,,,,,,79.496887,80.090874,0.298144,0.315624,,,,,,,,,,,,
28290,,,,,,,,,,,,,,,,,,,,-0.361968,-0.134759,-1.994793,-0.059414,0.022875,1.021140,0.413000,0.721000,7.434000
28295,,,,,,,,,,,,,78.868622,79.368401,0.304248,0.322644,,,,,,,,,,,,
28300,,,,-0.348868,-0.166099,4.292460,1.207135,0.112324,,,,,,,,,,,,-0.366947,-0.145885,-1.995234,-0.045628,0.014335,1.024434,0.574000,-1.344000,6.503000
28302,,,,,,,,,,,75.522827,77.273933,,,,,0.010788,0.024809,0.004516,,,,,,,,,
28305,,,,,,,,,,,,,78.884537,79.305054,0.269429,0.289361,,,,,,,,,,,,
28310,,,,,,,,,,,,,,,,,,,,-0.372130,-0.157099,-1.993114,-0.114314,0.016592,1.031510,1.183000,0.308000,6.097000
28315,,,,,,,,,,,,,78.353394,78.707214,0.274590,0.295170,,,,,,,,,,,,
28320,,,,,,,,,,,,,,,,,,,,-0.376903,-0.168109,-1.989288,-0.093391,0.012200,1.025044,-0.364000,-0.336000,6.587000
28325,,,,,,,,,,,,,77.906487,78.204193,0.278932,0.300057,,,,,,,,,,,,
28330,,,,,,,,,,,,,,,,,,,,-0.381860,-0.179140,-1.991747,-0.082472,0.014091,1.018273,-0.574000,0.581000,6.475000
28335,,,,,,,,,,,,,76.985909,77.780945,0.287876,0.304170,,,,,,,,,,,,
28340,,,,,,,,,,,,,,,,,,,,-0.386726,-0.190136,-1.990125,-0.050081,0.013176,1.030534,-0.021000,-0.672000,6.573000
28345,,,,,,,,,,,,,76.755882,77.424828,0.290111,0.307630,,,,,,,,,,,,
28350,,,,-0.372195,-0.218772,4.298579,1.171072,0.118811,,,,,,,,,,,,-0.391399,-0.200702,-1.987805,-0.044286,0.014579,1.020286,0.063000,-0.749000,6.986000
28352,,,,,,,,,,,72.940834,74.624275,,,,,0.008525,0.024888,0.003286,,,,,,,,,
28355,,,,,,,,,,,,,76.017799,76.580643,0.261869,0.279490,,,,,,,,,,,,
28360,,,,,,,,,,,,,,,,,,,,-0.396429,-0.211549,-1.986258,-0.101809,0.014518,1.022299,0.700000,-0.525000,6.846000
28365,,,,,,,,,,,,,75.941315,76.414894,0.262612,0.281100,,,,,,,,,,,,
28370,,,,,,,,,,,,,,,,,,,,-0.401062,-0.222245,-1.985870,-0.092903,0.022082,1.031815,0.112000,0.070000,7.133000
28375,,,,,,,,,,,,,75.332420,75.730888,0.268528,0.287746,,,,,,,,,,,,
28380,,,,,,,,,,,,,,,,,,,,-0.405724,-0.233070,-1.983759,-0.083875,0.016592,1.020164,0.504000,0.861000,7.056000
28385,,,,,,,,,,,,,74.820091,75.155365,0.273505,0.293337,,,,,,,,,,,,
28390,,,,,,,,,,,,,,,,,,,,-0.410282,-0.243741,-1.982700,-0.058560,0.014884,1.020774,0.049000,-0.371000,6.762000
28395,,,,,,,,,,,,,74.389023,74.671120,0.277693,0.298042,,,,,,,,,,,,
28400,,,,-0.394409,-0.269796,4.305085,1.132883,0.126104,,,,,,,,,,,,-0.414901,-0.254214,-1.983251,-0.051057,0.014823,1.032730,0.350000,-1.568000,7.630000
28402,,,,,,,,,,,70.067245,71.870216,,,,,0.005879,0.025031,0.005314,,,,,,,,,
28405,,,,,,,,,,,,,73.481781,74.263680,0.247079,0.264216,,,,,,,,,,,,
28410,,,,,,,,,,,,,,,,,,,,-0.419446,-0.264603,-1.981289,-0.122061,0.018361,1.024922,0.168000,-0.658000,6.769000
28415,,,,,,,,,,,,,73.262962,73.920860,0.249206,0.267548,,,,,,,,,,,,
28420,,,,,,,,,,,,,,,,,,,,-0.423757,-0.275055,-1.979564,-0.090768,0.011102,1.018090,0.259000,0.581000,6.986000
28425,,,,,,,,,,,,,72.534317,73.632408,0.256288,0.270352,,,,,,,,,,,,
28430,,,,,,,,,,,,,,,,,,,,-0.428310,-0.285136,-1.978279,-0.081679,0.004148,1.029131,0.252000,1.113000,6.888000
28435,,,,,,,,,,,,,72.465767,72.845161,0.256955,0.278004,,,,,,,,,,,,
28440,,,,,,,,,,,,,,,,,,,,-0.432678,-0.295248,-1.977180,-0.068076,0.006527,1.024129,0.294000,0.371000,5.642000
28445,,,,,,,,,,,,,71.863548,72.182770,0.262808,0.284443,,,,,,,,,,,,
28450,,,,-0.415476,-0.319087,4.312025,1.092815,0.134291,,,,,,,,,,,,-0.436995,-0.305469,-1.976330,-0.050996,0.013176,1.016748,-0.371000,-0.651000,6.097000
28452,,,,,,,,,,,67.225220,69.045357,,,,,0.003791,0.025167,0.005508,,,,,,,,,
28455,,,,,,,,,,,,,71.356850,71.625435,0.228736,0.251100,,,,,,,,,,,,
28460,,,,,,,,,,,,,,,,,,,,-0.441363,-0.315712,-1.975737,-0.127673,0.016348,1.018883,0.217000,-1.085000,7.637000
28465,,,,,,,,,,,,,70.385963,71.156494,0.238174,0.255658,,,,,,,,,,,,
28470,,,,,,,,,,,,,,,,,,,,-0.445687,-0.325553,-1.972538,-0.101809,0.018971,1.021323,-0.084000,0.294000,8.050000
28475,,,,,,,,,,,,,70.113602,70.761932,0.240822,0.259494,,,,,,,,,,,,
28480,,,,,,,,,,,,,,,,,,,,-0.449769,-0.335551,-1.973021,-0.084241,0.020069,1.016138,0.196000,0.462000,7.315000
28485,,,,,,,,,,,,,69.339897,70.429947,0.248343,0.262721,,,,,,,,,,,,
28490,,,,,,,,,,,,,,,,,,,,-0.454132,-0.345381,-1.969552,-0.065148,0.014640,1.016870,0.056000,0.476000,6.881000
28495,,,,,,,,,,,,,68.688896,69.606064,0.254672,0.270731,,,,,,,,,,,,
28500,,,,-0.435369,-0.366574,4.319451,1.051124,0.143475,,,,,,,,,,,,-0.458058,-0.354864,-1.968379,-0.053253,0.020191,1.037366,-0.161000,-2.219000,6.139000
28502,,,,,,,,,,,64.324738,66.113419,,,,,0.001801,0.025449,0.004605,,,,,,,,,
28505,,,,,,,,,,,,,68.685692,68.912857,0.214924,0.237252,,,,,,,,,,,,
28510,,,,,,,,,,,,,,,,,,,,-0.462142,-0.364610,-1.968414,-0.132370,0.003477,1.025044,0.231000,0.035000,6.293000
28515,,,,,,,,,,,,,67.593910,68.329590,0.225533,0.242919,,,,,,,,,,,,
28520,,,,,,,,,,,,,,,,,,,,-0.466064,-0.374251,-1.967811,-0.097234,0.004026,1.021689,-0.343000,-0.014000,5.999000
28525,,,,,,,,,,,,,67.219826,67.838829,0.229168,0.247688,,,,,,,,,,,,
28530,,,,,,,,,,,,,,,,,,,,-0.470159,-0.383584,-1.966331,-0.074481,0.016775,1.018395,-0.203000,0.357000,6.013000
28535,,,,,,,,,,,,,66.905075,67.425903,0.232226,0.251700,,,,,,,,,,,,
28540,,,,,,,,,,,,,,,,,,,,-0.473939,-0.393162,-1.964484,-0.067954,0.008723,1.018639,-0.462000,0.966000,6.580000
28545,,,,,,,,,,,,,66.095695,67.078461,0.240091,0.255076,,,,,,,,,,,,
28550,,,,-0.454069,-0.412193,4.327424,1.008070,0.153777,,,,,,,,,,,,-0.478128,-0.402442,-1.960668,-0.054412,0.010492,1.014064,-0.182000,1.232000,6.650000
28552,,,,,,,,,,,61.282623,63.105141,,,,,-0.000330,0.025933,0.004764,,,,,,,,,
28555,,,,,,,,,,,,,65.414688,66.241585,0.204976,0.221941,,,,,,,,,,,,
28560,,,,,,,,,,,,,,,,,,,,-0.481854,-0.411825,-1.963536,-0.128222,0.011468,1.022055,0.609000,-0.532000,6.244000
28565,,,,,,,,,,,,,65.386230,65.537437,0.205252,0.228784,,,,,,,,,,,,
28570,,,,,,,,,,,,,,,,,,,,-0.485501,-0.421013,-1.961118,-0.119987,0.004941,1.013454,-0.973000,0.315000,6.272000
28575,,,,,,,,,,,,,64.273201,64.944969,0.216069,0.234541,,,,,,,,,,,,
28580,,,,,,,,,,,,,,,,,,,,-0.489504,-0.430076,-1.959389,-0.081069,0.007930,1.018639,-0.077000,0.280000,6.783000
28585,,,,,,,,,,,,,63.881241,64.446465,0.219878,0.239386,,,,,,,,,,,,
28590,,,,,,,,,,,,,,,,,,,,-0.493114,-0.439079,-1.958814,-0.072651,0.013664,1.026569,-0.798000,0.798000,7.259000
28595,,,,,,,,,,,,,63.551445,64.027023,0.223082,0.243462,,,,,,,,,,,,
28600,,,,-0.471563,-0.455896,4.336009,0.963918,0.165336,,,,,,,,,,,,-0.496629,-0.447977,-1.958266,-0.067161,0.008235,1.017785,0.651000,1.015000,7.084000
28602,,,,,,,,,,,58.049206,60.181591,,,,,-0.002361,0.026205,0.010898,,,,,,,,,
28605,,,,,,,,,,,,,62.729412,63.674110,0.186682,0.206762,,,,,,,,,,,,
28610,,,,,,,,,,,,,,,,,,,,-0.500254,-0.456932,-1.956337,-0.133895,0.012261,1.031876,-0.420000,-0.756000,7.588000
28615,,,,,,,,,,,,,62.037750,62.832619,0.193409,0.214945,,,,,,,,,,,,
28620,,,,,,,,,,,,,,,,,,,,-0.503778,-0.465571,-1.956055,-0.112850,0.015860,1.019371,-0.266000,0.273000,8.106000
28625,,,,,,,,,,,,,61.455791,62.124592,0.199068,0.221831,,,,,,,,,,,,
28630,,,,,,,,,,,,,,,,,,,,-0.507261,-0.474280,-1.953338,-0.081069,0.015860,1.027545,0.315000,0.455000,7.434000
28635,,,,,,,,,,,,,60.966129,61.528858,0.203830,0.227624,,,,,,,,,,,,
28640,,,,,,,,,,,,,,,,,,,,-0.510845,-0.482737,-1.951754,-0.073383,0.011285,1.021933,-0.042000,0.252000,8.778000
28645,,,,,,,,,,,,,60.554127,61.027607,0.207837,0.232499,,,,,,,,,,,,
28650,,,,-0.487844,-0.497643,4.345282,0.918931,0.178314,,,,,,,,,,,,-0.514159,-0.491243,-1.953943,-0.054473,0.023546,1.025959,0.007000,0.756000,10.416000
28652,,,,,,,,,,,54.836533,57.221386,,,,,-0.004133,0.026801,0.016007,,,,,,,,,
28655,,,,,,,,,,,,,59.662926,60.605854,0.172399,0.195964,,,,,,,,,,,,
28660,,,,,,,,,,,,,,,,,,,,-0.517402,-0.499921,-1.947687,-0.135664,0.014457,1.021201,0.280000,-0.973000,11.137000
28665,,,,,,,,,,,,,58.913067,59.706448,0.179693,0.204713,,,,,,,,,,,,
28670,,,,,,,,,,,,,,,,,,,,-0.520808,-0.508196,-1.948770,-0.183549,0.037820,1.588013,-0.931000,10.969000,12.187000
28675,,,,,,,,,,,,,58.282139,59.494232,0.185830,0.206777,,,,,,,,,,,,
28680,,,,,,,,,,,,,,,,,,,,-0.524102,-0.516466,-1.944931,-0.114802,0.013969,1.020347,0.252000,-0.315000,12.033000
28685,,,,,,,,,,,,,57.751274,58.771130,0.190994,0.213811,,,,,,,,,,,,
28690,,,,,,,,,,,,,,,,,,,,-0.527198,-0.524508,-1.942726,-0.073017,0.020557,1.020347,1.022000,-8.267000,12.194000
28695,,,,,,,,,,,,,57.304604,58.162712,0.195339,0.219729,,,,,,,,,,,,
28700,,,,-0.502911,-0.537406,4.355329,0.873374,0.192896,,,,,,,,,,,,-0.530508,-0.532472,-1.940789,-0.049654,0.023485,1.021445,-0.119000,-3.486000,11.599000
28702,,,,,,,,,,,51.816395,54.111973,,,,,-0.005611,0.027518,0.013345,,,,,,,,,
28705,,,,,,,,,,,,,56.928780,57.650787,0.157549,0.182034,,,,,,,,,,,,
28710,,,,,,,,,,,,,,,,,,,,-0.533649,-0.540507,-1.937417,-0.131272,0.013298,1.028399,-0.077000,2.184000,12.138000
28715,,,,,,,,,,,,,56.068016,57.220058,0.165920,0.186223,,,,,,,,,,,,
28720,,,,,,,,,,,,,,,,,,,,-0.536508,-0.548444,-1.936829,-0.111508,0.021411,1.027545,0.686000,3.479000,12.978000
28725,,,,,,,,,,,,,55.343769,56.313095,0.172963,0.195043,,,,,,,,,,,,
28730,,,,,,,,,,,,,,,,,,,,-0.539501,-0.556278,-1.932458,-0.091134,0.015372,1.028094,0.252000,2.835000,11.907000
28735,,,,,,,,,,,,,54.734386,55.549980,0.178889,0.202464,,,,,,,,,,,,
28740,,,,,,,,,,,,,,,,,,,,-0.542417,-0.563986,-1.932213,-0.105835,0.016287,1.016016,0.924000,6.888000,12.208000
28745,,,,,,,,,,,,,54.221653,54.907894,0.183875,0.208708,,,,,,,,,,,,
28750,,,,-0.516770,-0.575170,4.366247,0.827505,0.209303,,,,,,,,,,,,-0.545356,-0.571759,-1.927548,-0.082777,0.017507,1.014552,0.056000,-8.904000,13.748000
28752,,,,,,,,,,,48.773472,51.013561,,,,,-0.007005,0.027994,0.011205,,,,,,,,,
28755,,,,,,,,,,,,,53.790241,54.367641,0.146294,0.171428,,,,,,,,,,,,
28760,,,,,,,,,,,,,,,,,,,,-0.548252,-0.579171,-1.927167,-0.116266,0.016714,1.026447,0.686000,-13.104000,13.209000
28765,,,,,,,,,,,,,52.882706,53.913074,0.155122,0.175849,,,,,,,,,,,,
28770,,,,,,,,,,,,,,,,,,,,-0.550860,-0.586707,-1.926205,-0.090219,0.021289,1.016260,-0.266000,-3.969000,13.440000
28775,,,,,,,,,,,,,52.119106,53.530602,0.162549,0.179570,,,,,,,,,,,,
28780,,,,,,,,,,,,,,,,,,,,-0.553677,-0.594225,-1.922621,-0.077165,0.017629,1.020103,-0.777000,4.193000,12.054000
28785,,,,,,,,,,,,,51.476612,52.664246,0.168799,0.187997,,,,,,,,,,,,
28790,,,,,,,,,,,,,,,,,,,,-0.556303,-0.601317,-1.922586,-0.062891,0.023973,1.025532,-0.574000,6.909000,11.851000
28795,,,,,,,,,,,,,50.936020,52.479836,0.174058,0.189791,,,,,,,,,,,,
28800,,,,-0.529433,-0.610929,4.378147,0.781581,0.227788,,,,,,,,,,,,-0.559124,-0.608663,-1.919806,-0.057157,0.023058,1.026386,0.189000,5.929000,10.892000
28802,,,,,,,,,,,45.643051,48.046532,,,,,-0.008233,0.028661,0.014231,,,,,,,,,
28805,,,,,,,,,,,,,50.481163,51.780132,0.135535,0.155888,,,,,,,,,,,,
28810,,,,,,,,,,,,,,,,,,,,-0.561627,-0.615825,-1.917854,-0.126453,0.015250,1.022360,0.217000,-3.703000,9.982000
28815,,,,,,,,,,,,,50.098450,51.191402,0.139256,0.161611,,,,,,,,,,,,
28820,,,,,,,,,,,,,,,,,,,,-0.564114,-0.622928,-1.916735,-0.108946,0.013115,1.019798,-0.399000,-1.876000,9.800000
28825,,,,,,,,,,,,,49.231892,50.151501,0.147681,0.171721,,,,,,,,,,,,
28830,,,,,,,,,,,,,,,,,,,,-0.566556,-0.629931,-1.913921,-0.081923,0.015006,1.024678,-0.763000,0.182000,9.604000
28835,,,,,,,,,,,,,49.047310,49.821068,0.149475,0.174934,,,,,,,,,,,,
28840,,,,,,,,,,,,,,,,,,,,-0.569097,-0.636854,-1.912585,-0.066673,0.016226,1.021933,-0.049000,1.134000,10.864000
28845,,,,,,,,,,,,,48.347462,48.998501,0.156280,0.182931,,,,,,,,,,,,
28850,,,,-0.540917,-0.644686,4.391156,0.735846,0.248646,,,,,,,,,,,,-0.571561,-0.643839,-1.908331,-0.094062,-0.005917,1.091290,-1.225000,9.205000,13.160000
28852,,,,,,,,,,,42.520969,45.062721,,,,,-0.009556,0.029208,0.016697,,,,,,,,,
28855,,,,,,,,,,,,,47.758610,48.850937,0.119109,0.143383,,,,,,,,,,,,
28860,,,,,,,,,,,,,,,,,,,,-0.573929,-0.650305,-1.906994,-0.145729,0.011956,1.023214,0.063000,-3.031000,12.901000
28865,,,,,,,,,,,,,46.718605,48.182236,0.129231,0.149891,,,,,,,,,,,,
28870,,,,,,,,,,,,,,,,,,,,-0.576201,-0.657107,-1.905118,-0.105774,0.014823,1.025532,-0.784000,-5.222000,13.377000
28875,,,,,,,,,,,,,46.388088,47.619587,0.132448,0.155367,,,,,,,,,,,,
28880,,,,,,,,,,,,,,,,,,,,-0.578456,-0.663656,-1.901863,-0.089853,0.021350,1.019066,-0.021000,-2.289000,12.635000
28885,,,,,,,,,,,,,45.565453,46.601631,0.140454,0.165274,,,,,,,,,,,,
28890,,,,,,,,,,,,,,,,,,,,-0.580889,-0.669915,-1.901196,-0.052094,0.006954,1.013393,-0.063000,0.952000,12.215000
28895,,,,,,,,,,,,,44.873283,46.289669,0.147190,0.168310,,,,,,,,,,,,
28900,,,,-0.551244,-0.676457,4.405421,0.690540,0.272223,,,,,,,,,,,,-0.583121,-0.676647,-1.898533,-0.043615,0.008479,1.018090,-0.441000,1.855000,12.446000
28902,,,,,,,,,,,39.440201,42.174370,,,,,-0.010627,0.030103,0.020489,,,,,,,,,
28905,,,,,,,,,,,,,44.290894,45.482639,0.110573,0.136515,,,,,,,,,,,,
28910,,,,,,,,,,,,,,,,,,,,-0.584910,-0.682778,-1.896827,-0.122793,0.010309,1.021567,0.308000,2.352000,12.621000
28915,,,,,,,,,,,,,43.800869,44.803604,0.115340,0.143120,,,,,,,,,,,,
28920,,,,,,,,,,,,,,,,,,,,-0.587101,-0.688852,-1.894951,-0.104554,0.021289,1.024556,-0.084000,-2.261000,14.315000
28925,,,,,,,,,,,,,43.388565,44.232265,0.119351,0.148678,,,,,,,,,,,,
28930,,,,,,,,,,,,,,,,,,,,-0.589264,-0.695190,-1.892809,-0.115717,0.013664,1.019615,-0.252000,2.828000,15.988000
28935,,,,,,,,,,,,,42.497108,43.751541,0.128023,0.153355,,,,,,,,,,,,
28940,,,,,,,,,,,,,,,,,,,,-0.591083,-0.701234,-1.888948,-0.059963,0.017019,1.023336,0.441000,-11.207000,15.701000
28945,,,,,,,,,,,,,42.291576,43.347057,0.130023,0.157290,,,,,,,,,,,,
28950,,,,-0.560443,-0.706265,4.421108,0.645887,0.298920,,,,,,,,,,,,-0.593175,-0.707039,-1.886387,-0.051850,0.017568,1.026264,0.364000,-5.614000,16.583000
28952,,,,,,,,,,,36.494690,39.423244,,,,,-0.011139,0.030881,0.024459,,,,,,,,,
28955,,,,,,,,,,,,,41.574104,43.006729,0.096535,0.122811,,,,,,,,,,,,
28960,,,,,,,,,,,,,,,,,,,,-0.595016,-0.713238,-1.885108,-0.114314,0.015555,1.025044,0.651000,0.210000,16.841999
28965,,,,,,,,,,,,,40.970421,42.175831,0.102411,0.130899,,,,,,,,,,,,
28970,,,,,,,,,,,,,,,,,,,,-0.597029,-0.718871,-1.880020,-0.105164,0.016775,1.019493,-0.350000,4.060000,17.184999
28975,,,,,,,,,,,,,40.462482,41.476711,0.107356,0.137704,,,,,,,,,,,,
28980,,,,,,,,,,,,,,,,,,,,-0.598887,-0.724748,-1.876078,-0.157868,-0.175009,1.718797,-8.260000,18.438000,18.101999
28985,,,,,,,,,,,,,39.490559,40.888474,0.116817,0.143430,,,,,,,,,,,,
28990,,,,,,,,,,,,,,,,,,,,-0.600611,-0.730248,-1.873499,-0.088389,0.019642,1.022299,-0.686000,2.429000,18.941999
28995,,,,,,,,,,,,,39.217323,40.393532,0.119476,0.148248,,,,,,,,,,,,
29000,,,,-0.568547,-0.734143,4.438410,0.602104,0.329206,,,,,,,,,,,,-0.602390,-0.735660,-1.871139,-0.044530,0.019032,1.014247,1.176000,-15.232000,17.695999
29002,,,,,,,,,,,33.622749,36.701115,,,,,-0.011675,0.031874,0.026713,,,,,,,,,
29005,,,,,,,,,,,,,38.442883,39.977089,0.087564,0.114911,,,,,,,,,,,,
29010,,,,,,,,,,,,,,,,,,,,-0.603990,-0.741374,-1.869245,-0.105042,0.017446,1.022299,0.252000,-8.407000,18.711000
29015,,,,,,,,,,,,,37.791267,39.626690,0.093908,0.118322,,,,,,,,,,,,
29020,,,,,,,,,,,,,,,,,,,,-0.605765,-0.746830,-1.865921,-0.079788,0.019642,1.030168,-0.147000,0.196000,17.759001
29025,,,,,,,,,,,,,37.243000,38.787323,0.099246,0.126494,,,,,,,,,,,,
29030,,,,,,,,,,,,,,,,,,,,-0.607322,-0.752060,-1.862350,-0.062830,0.025071,1.029680,0.819000,7.742000,18.577999
29035,,,,,,,,,,,,,36.781689,38.625626,0.103737,0.128068,,,,,,,,,,,,
29040,,,,,,,,,,,,,,,,,,,,-0.608810,-0.757298,-1.858356,-0.067832,0.020679,1.016382,0.707000,6.482000,20.243999
29045,,,,,,,,,,,,,36.393539,37.945026,0.107516,0.134694,,,,,,,,,,,,
29050,,,,-0.575591,-0.760132,4.457550,0.559389,0.363622,,,,,,,,,,,,-0.610362,-0.762479,-1.854270,-0.086376,0.035136,1.009245,0.462000,-6.475000,19.684000
29052,,,,,,,,,,,30.819151,34.053570,,,,,-0.012179,0.032736,0.028836,,,,,,,,,
29055,,,,,,,,,,,,,35.522408,37.372372,0.077490,0.103905,,,,,,,,,,,,
29060,,,,,,,,,,,,,,,,,,,,-0.611896,-0.767619,-1.851732,0.077958,0.312686,0.432429,-0.427000,-3.878000,20.146000
29065,,,,,,,,,,,,,35.333981,36.890541,0.079324,0.108596,,,,,,,,,,,,
29070,,,,,,,,,,,,,,,,,,,,-0.613346,-0.772759,-1.848293,-0.098210,0.024766,1.026935,0.266000,2.177000,21.552999
29075,,,,,,,,,,,,,34.630894,35.940586,0.086169,0.117844,,,,,,,,,,,,
29080,,,,,,,,,,,,,,,,,,,,-0.614605,-0.777803,-1.843518,-0.075579,0.019032,1.008025,0.364000,2.569000,22.323000
29085,,,,,,,,,,,,,34.039318,35.685837,0.091928,0.120324,,,,,,,,,,,,
29090,,,,,,,,,,,,,,,,,,,,-0.616180,-0.782499,-1.839903,-0.092171,0.016226,1.029558,-0.063000,1.582000,23.583000
29095,,,,,,,,,,,,,33.541569,34.926945,0.096774,0.127712,,,,,,,,,,,,
29100,,,,-0.581618,-0.784281,4.478781,0.517931,0.402796,,,,,,,,,,,,-0.617478,-0.787293,-1.838472,-0.040260,0.031232,1.007232,0.112000,-7.938000,24.240999
29102,,,,,,,,,,,28.056969,31.551191,,,,,-0.012574,0.033781,0.034300,,,,,,,,,
29105,,,,,,,,,,,,,32.578217,34.832958,0.068191,0.094241,,,,,,,,,,,,
29110,,,,,,,,,,,,,,,,,,,,-0.618612,-0.791880,-1.830666,-0.142618,-0.046177,1.174128,-2.135000,3.143000,25.228001
29115,,,,,,,,,,,,,32.312195,34.209335,0.070782,0.100315,,,,,,,,,,,,
29120,,,,,,,,,,,,,,,,,,,,-0.619806,-0.796590,-1.828176,-0.075945,0.026779,1.006256,0.595000,3.843000,25.837000
29125,,,,,,,,,,,,,31.543821,33.684620,0.078266,0.105425,,,,,,,,,,,,
29130,,,,,,,,,,,,,,,,,,,,-0.621100,-0.801232,-1.823189,-0.069601,0.023790,1.018273,1.379000,4.277000,26.936001
29135,,,,,,,,,,,,,30.897314,33.243122,0.084563,0.109725,,,,,,,,,,,,
29140,,,,,,,,,,,,,,,,,,,,-0.622182,-0.805966,-1.817412,-0.047763,0.000244,1.041209,-0.175000,-3.542000,28.889000
29145,,,,,,,,,,,,,30.353340,32.871647,0.089861,0.113344,,,,,,,,,,,,
29150,,,,-0.586669,-0.806643,4.502399,0.477899,0.447447,,,,,,,,,,,,-0.623360,-0.810101,-1.813079,-0.037942,0.028243,1.005829,0.294000,-2.212000,27.881001
29152,,,,,,,,,,,25.577599,29.169624,,,,,-0.012350,0.034797,0.032424,,,,,,,,,
29155,,,,,,,,,,,,,29.895641,32.014545,0.060286,0.088991,,,,,,,,,,,,
29160,,,,,,,,,,,,,,,,,,,,-0.624700,-0.814407,-1.806517,-0.095892,0.020374,1.014857,-0.182000,0.868000,27.496000
29165,,,,,,,,,,,,,29.510534,31.837923,0.064034,0.090710,,,,,,,,,,,,
29170,,,,,,,,,,,,,,,,,,,,-0.625449,-0.819029,-1.803532,-0.110105,0.015921,1.044259,1.036000,3.388000,28.539000
29175,,,,,,,,,,,,,28.641962,31.144770,0.072487,0.097456,,,,,,,,,,,,
29180,,,,,,,,,,,,,,,,,,,,-0.626643,-0.823100,-1.796771,-0.053009,0.030561,1.024556,0.749000,-6.517000,28.896000
29185,,,,,,,,,,,,,28.455688,30.561550,0.074300,0.103132,,,,,,,,,,,,
29190,,,,,,,,,,,,,,,,,,,,-0.627241,-0.827026,-1.792336,-0.057645,0.033123,1.014796,-1.001000,-0.518000,28.959000
29195,,,,,,,,,,,,,27.754416,30.070829,0.081125,0.107908,,,,,,,,,,,,
29200,,,,-0.590794,-0.827282,4.528740,0.439449,0.498391,,,,,,,,,,,,-0.628339,-0.831388,-1.787416,-0.030012,0.029463,1.025532,-1.057000,0.987000,28.448000
29202,,,,,,,,,,,23.124723,26.914183,,,,,-0.012236,0.035787,0.033278,,,,,,,,,
29205,,,,,,,,,,,,,27.164364,29.657938,0.053164,0.080940,,,,,,,,,,,,
29210,,,,,,,,,,,,,,,,,,,,-0.629118,-0.835406,-1.781621,-0.109983,0.018483,1.017785,0.595000,3.668000,27.684999
29215,,,,,,,,,,,,,26.667894,29.310530,0.057998,0.084323,,,,,,,,,,,,
29220,,,,,,,,,,,,,,,,,,,,-0.630003,-0.839378,-1.779069,-0.124623,0.215818,1.439966,8.610000,4.865000,28.959000
29225,,,,,,,,,,,,,26.250164,29.018221,0.062066,0.087169,,,,,,,,,,,,
29230,,,,,,,,,,,,,,,,,,,,-0.630892,-0.843181,-1.772002,-0.061854,0.025376,1.015162,-0.742000,0.119000,28.959000
29235,,,,,,,,,,,,,25.898687,28.227730,0.065488,0.094866,,,,,,,,,,,,
29240,,,,,,,,,,,,,,,,,,,,-0.631316,-0.847030,-1.767258,-0.107299,-0.150365,1.433988,-7.455000,7.609000,27.986000
29245,,,,,,,,,,,,,25.602955,28.107155,0.068368,0.096040,,,,,,,,,,,,
29250,,,,-0.594041,-0.846261,4.558189,0.402720,0.556538,,,,,,,,,,,,-0.632416,-0.850729,-1.763511,-0.037515,0.018300,1.014003,0.987000,-1.624000,27.419001
29252,,,,,,,,,,,20.748184,24.858377,,,,,-0.011914,0.036807,0.038539,,,,,,,,,
29255,,,,,,,,,,,,,24.809582,27.461159,0.043434,0.074082,,,,,,,,,,,,
29260,,,,,,,,,,,,,,,,,,,,-0.632782,-0.854255,-1.759076,-0.093635,0.008723,1.031571,1.610000,-0.819000,29.169001
29265,,,,,,,,,,,,,24.686581,26.917616,0.044632,0.079376,,,,,,,,,,,,
29270,,,,,,,,,,,,,,,,,,,,-0.633910,-0.858125,-1.753316,-0.103090,0.022692,1.009123,-1.428000,-1.246000,29.882999
29275,,,,,,,,,,,,,24.038546,26.460281,0.050944,0.083831,,,,,,,,,,,,
29280,,,,,,,,,,,,,,,,,,,,-0.634410,-0.861763,-1.747969,-0.110105,-0.036173,1.171383,-3.087000,2.226000,32.312000
29285,,,,,,,,,,,,,23.493288,26.075480,0.056255,0.087579,,,,,,,,,,,,
29290,,,,,,,,,,,,,,,,,,,,-0.635102,-0.865182,-1.741688,-0.046238,0.019581,1.005036,0.784000,0.252000,31.618999
29295,,,,,,,,,,,,,23.034508,25.751707,0.060723,0.090732,,,,,,,,,,,,
29300,,,,-0.596461,-0.863653,4.591182,0.367835,0.622878,,,,,,,,,,,,-0.635642,-0.868577,-1.735606,-0.079605,0.036051,1.076772,1.050000,3.227000,33.613998
29302,,,,,,,,,,,18.497576,22.956070,,,,,-0.011442,0.037844,0.043768,,,,,,,,,
29305,,,,,,,,,,,,,22.648491,25.479286,0.033548,0.067241,,,,,,,,,,,,
29310,,,,,,,,,,,,,,,,,,,,-0.636269,-0.872010,-1.728231,-0.087474,0.033123,1.011197,-0.987000,-3.738000,34.601002
29315,,,,,,,,,,,,,22.323696,24.705526,0.036713,0.074779,,,,,,,,,,,,
29320,,,,,,,,,,,,,,,,,,,,-0.636624,-0.875221,-1.725340,-0.069662,0.039650,0.997594,0.875000,1.071000,34.601002
29325,,,,,,,,,,,,,21.505871,24.599030,0.044681,0.075817,,,,,,,,,,,,
29330,,,,,,,,,,,,,,,,,,,,-0.637218,-0.878598,-1.716563,-0.088145,0.010492,1.016016,0.175000,-4.088000,35.300999
29335,,,,,,,,,,,,,21.362297,23.964878,0.046080,0.081996,,,,,,,,,,,,
29340,,,,,,,,,,,,,,,,,,,,-0.637772,-0.881769,-1.709723,-0.053192,-0.001342,1.021933,0.861000,-2.709000,35.056000
29345,,,,,,,,,,,,,20.696949,23.975847,0.052562,0.081889,,,,,,,,,,,,
29350,,,,-0.598108,-0.879531,4.628204,0.334900,0.698438,,,,,,,,,,,,-0.638376,-0.884923,-1.705266,-0.062281,0.074176,1.174311,3.269000,4.228000,36.533001
29352,,,,,,,,,,,16.353220,21.217930,,,,,-0.010879,0.039162,0.050217,,,,,,,,,
29355,,,,,,,,,,,,,20.137127,23.440535,0.028545,0.063216,,,,,,,,,,,,
29360,,,,,,,,,,,,,,,,,,,,-0.638450,-0.887877,-1.699794,-0.110837,-0.024095,1.067134,-1.064000,5.915000,34.657001
29365,,,,,,,,,,,,,19.666092,22.990122,0.033135,0.067605,,,,,,,,,,,,
29370,,,,,,,,,,,,,,,,,,,,-0.639065,-0.890933,-1.693073,-0.094794,0.017263,1.024190,0.028000,-6.874000,35.812000
29375,,,,,,,,,,,,,19.269762,22.611145,0.036996,0.071297,,,,,,,,,,,,
29380,,,,,,,,,,,,,,,,,,,,-0.639335,-0.893974,-1.687196,0.106262,0.284504,0.436516,-0.308000,-4.291000,35.469002
29385,,,,,,,,,,,,,18.936291,22.292273,0.040245,0.074404,,,,,,,,,,,,
29390,,,,,,,,,,,,,,,,,,,,-0.639494,-0.896619,-1.681115,-0.040626,0.019398,1.014003,0.168000,0.259000,35.602001
29395,,,,,,,,,,,,,18.655708,21.479431,0.042979,0.082324,,,,,,,,,,,,
29400,,,,-0.599035,-0.893972,4.669787,0.304008,0.784211,,,,,,,,,,,,-0.640003,-0.899562,-1.673668,-0.022204,0.022875,1.021384,-0.133000,2.681000,35.384998
29402,,,,,,,,,,,14.351301,19.716713,,,,,-0.009922,0.040186,0.060652,,,,,,,,,
29405,,,,,,,,,,,,,18.419626,21.340050,0.017724,0.063033,,,,,,,,,,,,
29410,,,,,,,,,,,,,,,,,,,,-0.640243,-0.902396,-1.669693,-0.074542,-0.009638,1.019371,0.637000,-0.959000,38.129002
29415,,,,,,,,,,,,,17.676445,21.222775,0.024973,0.064177,,,,,,,,,,,,
29420,,,,,,,,,,,,,,,,,,,,-0.640407,-0.905095,-1.661572,-0.090890,0.021045,1.030412,0.637000,-1.470000,40.648998
29425,,,,,,,,,,,,,17.595675,20.579556,0.025761,0.070451,,,,,,,,,,,,
29430,,,,,,,,,,,,,,,,,,,,-0.640503,-0.907868,-1.655140,-0.045750,-0.005307,1.023031,1.162000,-1.176000,40.817001
29435,,,,,,,,,,,,,16.983170,20.038351,0.031735,0.075730,,,,,,,,,,,,
29440,,,,,,,,,,,,,,,,,,,,-0.641011,-0.910531,-1.646242,-0.064233,0.015738,1.023031,-0.462000,-2.394000,42.700001
29445,,,,,,,,,,,,,16.467810,20.127525,0.036762,0.074860,,,,,,,,,,,,
29450,,,,-0.599298,-0.907056,4.716498,0.275233,0.881023,,,,,,,,,,,,-0.640942,-0.913091,-1.639727,-0.025559,0.011102,1.018822,0.084000,-1.414000,43.547001
29452,,,,,,,,,,,12.441567,18.366970,,,,,-0.009003,0.041152,0.072987,,,,,,,,,
29455,,,,,,,,,,,,,16.034185,19.658012,0.014725,0.060876,,,,,,,,,,,,
29460,,,,,,,,,,,,,,,,,,,,-0.641120,-0.915708,-1.629865,-0.124135,-0.093574,1.453874,-7.518000,10.892000,44.932999
29465,,,,,,,,,,,,,15.669334,19.262964,0.018284,0.064729,,,,,,,,,,,,
29470,,,,,,,,,,,,,,,,,,,,-0.641388,-0.918025,-1.623772,-0.077165,0.025254,1.016382,-0.217000,-7.567000,47.396999
29475,,,,,,,,,,,,,15.362349,18.930573,0.021278,0.067971,,,,,,,,,,,,
29480,,,,,,,,,,,,,,,,,,,,-0.641548,-0.920450,-1.613348,0.117669,0.267973,0.435601,-0.196000,-5.131000,49.910000
29485,,,,,,,,,,,,,15.104051,18.650896,0.023797,0.070699,,,,,,,,,,,,
29490,,,,,,,,,,,,,,,,,,,,-0.641474,-0.922848,-1.605747,-0.076738,0.148535,1.444419,8.162000,7.483000,52.080002
29495,,,,,,,,,,,,,14.342176,18.415579,0.031228,0.072994,,,,,,,,,,,,
29500,,,,-0.598952,-0.918862,4.768907,0.248634,0.989318,,,,,,,,,,,,-0.641792,-0.925170,-1.599061,-0.019093,-0.005124,1.047187,-0.056000,3.164000,52.227001
29502,,,,,,,,,,,10.727659,17.247911,,,,,-0.007629,0.042627,0.084926,,,,,,,,,
29505,,,,,,,,,,,,,14.245678,18.217581,0.008584,0.059530,,,,,,,,,,,,
29510,,,,,,,,,,,,,,,,,,,,-0.641617,-0.927253,-1.586835,-0.046360,0.017873,1.019737,-0.546000,-8.029000,53.619999
29515,,,,,,,,,,,,,13.619941,18.050985,0.014689,0.061156,,,,,,,,,,,,
29520,,,,,,,,,,,,,,,,,,,,-0.641747,-0.929714,-1.578737,0.096136,-0.183610,0.394609,0.385000,-1.827000,55.432999
29525,,,,,,,,,,,,,13.637989,17.910812,0.014513,0.062523,,,,,,,,,,,,
29530,,,,,,,,,,,,,,,,,,,,-0.641768,-0.932013,-1.567935,-0.056242,-0.000122,1.021750,0.511000,3.724000,55.118000
29535,,,,,,,,,,,,,13.108632,17.792871,0.019678,0.063674,,,,,,,,,,,,
29540,,,,,,,,,,,,,,,,,,,,-0.641652,-0.934125,-1.558345,-0.090585,-0.075701,1.453508,-9.205000,3.374000,57.182999
29545,,,,,,,,,,,,,12.663231,17.149092,0.024024,0.069956,,,,,,,,,,,,
29550,,,,-0.598050,-0.929472,4.827547,0.224254,1.108844,,,,,,,,,,,,-0.641599,-0.936339,-1.548667,0.111691,-0.177937,0.396073,1.316000,-0.826000,57.154999
29552,,,,,,,,,,,9.196046,16.312834,,,,,-0.006014,0.043710,0.093674,,,,,,,,,
29555,,,,,,,,,,,,,12.288470,17.151960,0.006597,0.057060,,,,,,,,,,,,
29560,,,,,,,,,,,,,,,,,,,,-0.641784,-0.938477,-1.535740,-0.072773,0.003660,1.019371,0.280000,-2.233000,59.178001
29565,,,,,,,,,,,,,11.973146,17.154373,0.009675,0.057037,,,,,,,,,,,,
29570,,,,,,,,,,,,,,,,,,,,-0.641661,-0.940298,-1.529811,-0.055693,-0.016775,1.074454,-0.364000,0.287000,60.473000
29575,,,,,,,,,,,,,11.707833,16.611860,0.012265,0.062332,,,,,,,,,,,,
29580,,,,,,,,,,,,,,,,,,,,-0.641439,-0.942413,-1.518736,-0.067039,0.125477,1.025105,1.624000,2.415000,60.766998
29585,,,,,,,,,,,,,11.484599,16.155390,0.014444,0.066788,,,,,,,,,,,,
29590,,,,,,,,,,,,,,,,,,,,-0.641418,-0.944374,-1.508247,-0.004697,-0.061000,0.988932,0.791000,-4.865000,63.917000
29595,,,,,,,,,,,,,10.752227,16.315859,0.021593,0.065222,,,,,,,,,,,,
29600,,,,-0.596647,-0.938967,4.892841,0.202121,1.238205,,,,,,,,,,,,-0.641146,-0.946285,-1.495071,-0.066429,-0.066795,1.442162,-8.589000,6.776000,66.170998
29602,,,,,,,,,,,7.830997,15.611905,,,,,-0.004026,0.044927,0.104820,,,,,,,,,
29605,,,,,,,,,,,,,10.680552,15.906334,0.003511,0.059574,,,,,,,,,,,,
29610,,,,,,,,,,,,,,,,,,,,-0.640967,-0.948230,-1.483806,-0.071187,0.015921,1.022055,-0.917000,0.252000,65.107002
29615,,,,,,,,,,,,,10.075701,16.106302,0.009414,0.057622,,,,,,,,,,,,
29620,,,,,,,,,,,,,,,,,,,,-0.640940,-0.950125,-1.470384,-0.021777,0.026047,1.034194,1.540000,-6.286000,67.137001
29625,,,,,,,,,,,,,10.111323,15.730014,0.009067,0.061295,,,,,,,,,,,,
29630,,,,,,,,,,,,,,,,,,,,-0.640942,-0.951708,-1.459976,-0.054717,0.062647,1.195417,3.584000,6.482000,69.348999
29635,,,,,,,,,,,,,9.596752,15.413404,0.014089,0.064385,,,,,,,,,,,,
29640,,,,,,,,,,,,,,,,,,,,-0.640589,-0.953884,-1.447022,-0.024400,-0.012017,1.064328,0.623000,4.585000,69.628998
29645,,,,,,,,,,,,,9.708336,15.147009,0.013000,0.066985,,,,,,,,,,,,
29650,,,,-0.594797,-0.947427,4.965006,0.182240,1.374330,,,,,,,,,,,,-0.640233,-0.955311,-1.433601,-0.050447,-0.023424,1.181143,-3.388000,-8.743000,70.028000
29652,,,,,,,,,,,6.645410,15.118217,,,,,-0.001724,0.046088,0.116229,,,,,,,,,
29655,,,,,,,,,,,,,9.257679,14.922864,0.001058,0.062382,,,,,,,,,,,,
29660,,,,,,,,,,,,,,,,,,,,-0.640087,-0.957200,-1.422705,0.121756,0.306342,0.435723,0.140000,-5.292000,72.435997
29665,,,,,,,,,,,,,8.878496,15.278811,0.004763,0.058904,,,,,,,,,,,,
29670,,,,,,,,,,,,,,,,,,,,-0.639786,-0.958835,-1.410417,-0.025071,0.136640,0.969595,-0.217000,1.561000,74.634003
29675,,,,,,,,,,,,,8.559452,15.033763,0.007880,0.061298,,,,,,,,,,,,
29680,,,,,,,,,,,,,,,,,,,,-0.639655,-0.960566,-1.396313,-0.062891,0.022143,1.034316,0.336000,6.048000,75.921997
29685,,,,,,,,,,,,,8.291008,14.827579,0.010503,0.063313,,,,,,,,,,,,
29690,,,,,,,,,,,,,,,,,,,,-0.639450,-0.962114,-1.383539,-0.017812,0.014884,1.066646,1.393000,-4.529000,76.698997
29695,,,,,,,,,,,,,8.065139,14.654096,0.012710,0.065008,,,,,,,,,,,,
29700,,,,-0.592550,-0.954930,5.043931,0.164597,1.511936,,,,,,,,,,,,-0.638867,-0.963769,-1.369808,-0.045506,0.051728,1.192672,3.213000,3.241000,77.713997
29702,,,,,,,,,,,5.571871,14.761570,,,,,0.000518,0.047146,0.130693,,,,,,,,,
29705,,,,,,,,,,,,,7.875093,14.508127,-0.000215,0.061522,,,,,,,,,,,,
29710,,,,,,,,,,,,,,,,,,,,-0.638677,-0.965199,-1.355851,-0.080459,0.152683,1.519266,10.850000,-1.337000,79.233002
29715,,,,,,,,,,,,,7.715189,14.385309,0.001347,0.062722,,,,,,,,,,,,
29720,,,,,,,,,,,,,,,,,,,,-0.638422,-0.966828,-1.342002,-0.022509,0.005978,1.025715,1.036000,-3.514000,81.403000
29725,,,,,,,,,,,,,7.580645,14.281970,0.002662,0.063732,,,,,,,,,,,,
29730,,,,,,,,,,,,,,,,,,,,-0.637921,-0.968385,-1.328565,-0.025620,0.000000,1.014186,0.763000,0.700000,84.105003
29735,,,,,,,,,,,,,6.922897,14.195020,0.009088,0.064582,,,,,,,,,,,,
29740,,,,,,,,,,,,,,,,,,,,-0.637657,-0.969976,-1.312131,-0.023546,-0.271084,0.291153,1.393000,-1.876000,85.168999
29745,,,,,,,,,,,,,6.914011,14.121861,0.009175,0.065296,,,,,,,,,,,,
29750,,,,-0.589958,-0.961555,5.129055,0.149149,1.643219,,,,,,,,,,,,-0.637110,-0.971508,-1.297074,0.000122,-0.000976,1.017602,0.574000,-6.139000,85.092003
29752,,,,,,,,,,,4.721224,14.573421,,,,,0.003093,0.048082,0.143282,,,,,,,,,
29755,,,,,,,,,,,,,6.906534,14.060305,-0.002473,0.063309,,,,,,,,,,,,
29760,,,,,,,,,,,,,,,,,,,,-0.636794,-0.972772,-1.284592,-0.010492,0.010492,1.021994,2.142000,-1.232000,87.919998
29765,,,,,,,,,,,,,6.355700,14.008511,0.002910,0.063815,,,,,,,,,,,,
29770,,,,,,,,,,,,,,,,,,,,-0.636362,-0.974454,-1.269389,-0.021350,-0.312930,0.316590,1.526000,-0.035000,89.767998
29775,,,,,,,,,,,,,6.436772,13.420389,0.002118,0.069563,,,,,,,,,,,,
29780,,,,,,,,,,,,,,,,,,,,-0.635979,-0.975731,-1.250865,0.097722,-0.213988,0.406138,0.798000,-4.081000,91.147003
29785,,,,,,,,,,,,,5.960442,13.470086,0.006773,0.069077,,,,,,,,,,,,
29790,,,,,,,,,,,,,,,,,,,,-0.635343,-0.977041,-1.234839,-0.051545,0.122549,1.431853,9.975000,8.806000,92.666000
29795,,,,,,,,,,,,,6.104201,13.511902,0.005368,0.068669,,,,,,,,,,,,
29800,,,,-0.587069,-0.967375,5.219280,0.135822,1.758102,,,,,,,,,,,,-0.634869,-0.978677,-1.218839,-0.018727,0.054961,1.156560,4.431000,-3.598000,94.296997
29802,,,,,,,,,,,4.068972,14.494376,,,,,0.005796,0.048767,0.155591,,,,,,,,,
29805,,,,,,,,,,,,,5.680617,13.547085,0.000514,0.067242,,,,,,,,,,,,
29810,,,,,,,,,,,,,,,,,,,,-0.634451,-0.979973,-1.202392,-0.013176,0.023607,1.031449,0.567000,0.280000,96.831001
29815,,,,,,,,,,,,,5.868757,13.576688,-0.001326,0.066953,,,,,,,,,,,,
29820,,,,,,,,,,,,,,,,,,,,-0.633826,-0.981322,-1.185745,-0.043981,0.020984,1.017236,0.308000,1.988000,99.694000
29825,,,,,,,,,,,,,5.482515,13.601596,0.002451,0.066709,,,,,,,,,,,,
29830,,,,,,,,,,,,,,,,,,,,-0.633335,-0.982523,-1.169086,-0.001525,0.023912,1.023397,-0.196000,-3.486000,100.806999
29835,,,,,,,,,,,,,5.157530,13.622554,0.005630,0.066504,,,,,,,,,,,,
29840,,,,,,,,,,,,,,,,,,,,-0.632785,-0.983670,-1.149982,-0.048617,-0.073322,1.403976,-7.658000,8.428000,103.565002
29845,,,,,,,,,,,,,4.884089,13.640188,0.008304,0.066331,,,,,,,,,,,,
29850,,,,-0.583929,-0.972463,5.312958,0.124502,1.845367,,,,,,,,,,,,-0.632098,-0.985284,-1.130431,-0.021594,-0.028060,1.176873,-2.856000,-3.997000,103.320000
29852,,,,,,,,,,,3.709079,14.520851,,,,,0.008882,0.049046,0.160660,,,,,,,,,
29855,,,,,,,,,,,,,5.198558,13.655025,0.000278,0.066546,,,,,,,,,,,,
29860,,,,,,,,,,,,,,,,,,,,-0.631765,-0.986294,-1.115213,-0.009455,-0.000915,1.070672,-0.924000,0.133000,103.859001
29865,,,,,,,,,,,,,4.918609,13.667509,0.003015,0.066424,,,,,,,,,,,,
29870,,,,,,,,,,,,,,,,,,,,-0.630921,-0.987650,-1.095000,0.099857,-0.248148,0.415959,0.938000,2.499000,105.223999
29875,,,,,,,,,,,,,4.683060,13.678013,0.005317,0.066321,,,,,,,,,,,,
29880,,,,,,,,,,,,,,,,,,,,-0.630320,-0.988935,-1.078257,-0.025925,0.072346,1.162904,3.563000,-2.282000,105.833000
29885,,,,,,,,,,,,,4.484869,13.686851,0.007254,0.066235,,,,,,,,,,,,
29890,,,,,,,,,,,,,,,,,,,,-0.629697,-0.990187,-1.057984,-0.007503,0.041968,1.077382,1.022000,-0.385000,105.609001
29895,,,,,,,,,,,,,4.318111,13.694287,0.008884,0.066162,,,,,,,,,,,,
29900,,,,-0.580583,-0.976888,5.408005,0.115034,1.894731,,,,,,,,,,,,-0.628831,-0.991537,-1.038041,-0.046970,0.026352,1.033889,1.106000,-1.442000,105.741997
29902,,,,,,,,,,,3.546819,14.543004,,,,,0.011850,0.049004,0.163137,,,,,,,,,
29905,,,,,,,,,,,,,4.177802,13.700544,0.008021,0.066404,,,,,,,,,,,,
29910,,,,,,,,,,,,,,,,,,,,-0.628342,-0.992298,-1.020835,0.018849,0.025437,1.025349,0.455000,-7.021000,104.244003
29915,,,,,,,,,,,,,4.059745,13.705809,0.009175,0.066353,,,,,,,,,,,,
29920,,,,,,,,,,,,,,,,,,,,-0.627606,-0.993597,-1.001359,0.136335,0.269193,0.439566,0.868000,-0.938000,104.530998
29925,,,,,,,,,,,,,3.960412,13.710238,0.010146,0.066310,,,,,,,,,,,,
29930,,,,,,,,,,,,,,,,,,,,-0.626922,-0.994916,-0.983273,-0.037454,-0.139324,1.461133,-9.912000,11.893000,105.763000
29935,,,,,,,,,,,,,3.876833,13.713965,0.010962,0.066273,,,,,,,,,,,,
29940,,,,,,,,,,,,,,,,,,,,-0.626122,-0.995950,-0.966771,-0.058621,-0.140178,1.487363,-9.639000,-7.042000,104.426003
29945,,,,,,,,,,,,,4.351054,13.717101,0.006328,0.066243,,,,,,,,,,,,
29950,,,,-0.577071,-0.980715,5.502123,0.107222,1.899369,,,,,,,,,,,,-0.625189,-0.997177,-0.948214,0.139324,0.267180,0.427854,-0.014000,-7.378000,103.515999
29952,,,,,,,,,,,3.558427,14.525730,,,,,0.014631,0.048691,0.167206,,,,,,,,,
29955,,,,,,,,,,,,,4.205519,13.719740,0.007909,0.065980,,,,,,,,,,,,
29960,,,,,,,,,,,,,,,,,,,,-0.624463,-0.998323,-0.931388,-0.048495,-0.122610,1.406111,-7.812000,9.030000,105.273003
29965,,,,,,,,,,,,,4.083066,13.177417,0.009106,0.071281,,,,,,,,,,,,
29970,,,,,,,,,,,,,,,,,,,,-0.623384,-0.999389,-0.911286,-0.027877,-0.022204,1.161928,-2.562000,7.308000,104.972000
29975,,,,,,,,,,,,,3.980035,13.265650,0.010113,0.070419,,,,,,,,,,,,
29980,,,,,,,,,,,,,,,,,,,,-0.622784,-1.000240,-0.893122,0.021899,-0.036234,1.006500,0.406000,-10.626000,104.818001
29985,,,,,,,,,,,,,3.893344,13.339889,0.010960,0.069693,,,,,,,,,,,,
29990,,,,,,,,,,,,,,,,,,,,-0.621764,-1.001504,-0.873883,-0.009089,-0.039528,1.150521,-2.401000,-1.960000,106.532997
29995,,,,,,,,,,,,,3.820402,13.402353,0.011673,0.069083,,,,,,,,,,,,
30000,,,,-0.573434,-0.984008,5.593095,0.100840,1.857877,,,,,,,,,,,,-0.620777,-1.002624,-0.855383,0.016043,-0.069357,1.110993,-2.317000,3.178000,105.931000
30002,,,,,,,,,,,3.722427,14.400572,,,,,0.016995,0.047956,0.165407,,,,,,,,,
30005,,,,,,,,,,,,,3.759029,13.454911,0.014532,0.066842,,,,,,,,,,,,
30010,,,,,,,,,,,,,,,,,,,,-0.620076,-1.003624,-0.836469,-0.019520,-0.038796,1.161928,-2.786000,6.517000,106.560997
30015,,,,,,,,,,,,,3.707390,13.499133,0.015037,0.066409,,,,,,,,,,,,
30020,,,,,,,,,,,,,,,,,,,,-0.619205,-1.004702,-0.818354,-0.021777,-0.032757,1.154547,-2.429000,0.819000,104.684998
30025,,,,,,,,,,,,,4.208484,13.536342,0.010141,0.066046,,,,,,,,,,,,
30030,,,,,,,,,,,,,,,,,,,,-0.618183,-1.005483,-0.799885,-0.046360,0.002745,1.053958,-0.868000,0.070000,103.655998
30035,,,,,,,,,,,,,4.085561,13.567649,0.011342,0.065740,,,,,,,,,,,,
30040,,,,,,,,,,,,,,,,,,,,-0.617035,-1.006811,-0.782184,-0.000854,0.010126,1.078297,0.070000,-1.953000,103.641998
30045,,,,,,,,,,,,,3.982133,13.593990,0.012352,0.065483,,,,,,,,,,,,
30050,,,,-0.569707,-0.986823,5.679049,0.095638,1.774717,,,,,,,,,,,,-0.616008,-1.007757,-0.764474,-0.045140,-0.001769,1.070123,0.413000,3.052000,103.397003
30052,,,,,,,,,,,3.996615,14.164291,,,,,0.018921,0.047149,0.160272,,,,,,,,,
30055,,,,,,,,,,,,,3.895110,13.616155,0.016978,0.062010,,,,,,,,,,,,
30060,,,,,,,,,,,,,,,,,,,,-0.614947,-1.008592,-0.747604,-0.013359,-0.029280,1.160281,-2.681000,1.001000,103.355003
30065,,,,,,,,,,,,,3.821888,13.634804,0.017693,0.061828,,,,,,,,,,,,
30070,,,,,,,,,,,,,,,,,,,,-0.614025,-1.009627,-0.730603,-0.014396,-0.030927,1.159061,-2.009000,-1.162000,99.841003
30075,,,,,,,,,,,,,3.760279,13.650495,0.018294,0.061675,,,,,,,,,,,,
30080,,,,,,,,,,,,,,,,,,,,-0.613034,-1.010513,-0.712382,-0.026047,-0.033123,1.158390,-2.240000,2.443000,98.685997
30085,,,,,,,,,,,,,4.252985,13.663697,0.013483,0.061546,,,,,,,,,,,,
30090,,,,,,,,,,,,,,,,,,,,-0.611789,-1.011265,-0.694580,-0.062464,-0.189588,1.547265,-11.200000,-2.996000,95.906998
30095,,,,,,,,,,,,,4.123004,13.674806,0.014752,0.061437,,,,,,,,,,,,
30100,,,,-0.565925,-0.989215,5.758626,0.091367,1.658890,,,,,,,,,,,,-0.610803,-1.012249,-0.678230,0.004514,0.025010,1.023519,0.000000,-6.524000,93.988998
30102,,,,,,,,,,,4.350926,13.839194,,,,,0.020485,0.046089,0.153246,,,,,,,,,
30105,,,,,,,,,,,,,4.013638,13.139609,0.020696,0.062185,,,,,,,,,,,,
30110,,,,,,,,,,,,,,,,,,,,-0.609640,-1.012932,-0.662919,0.012810,0.021167,1.024739,0.042000,0.357000,92.813004
30115,,,,,,,,,,,,,4.466161,13.233838,0.016279,0.061265,,,,,,,,,,,,
30120,,,,,,,,,,,,,,,,,,,,-0.608489,-1.013947,-0.645347,0.004636,0.024095,1.030412,0.868000,3.990000,89.669998
30125,,,,,,,,,,,,,4.302371,13.313123,0.017878,0.060491,,,,,,,,,,,,
30130,,,,,,,,,,,,,,,,,,,,-0.607596,-1.014867,-0.631855,-0.021228,0.080276,1.163331,3.598000,-0.784000,88.025002
30135,,,,,,,,,,,,,4.164557,13.379832,0.019223,0.059840,,,,,,,,,,,,
30140,,,,,,,,,,,,,,,,,,,,-0.606346,-1.015617,-0.616022,-0.038186,0.212341,1.727215,7.896000,12.565000,86.337997
30145,,,,,,,,,,,,,4.593144,12.891418,0.015040,0.064607,,,,,,,,,,,,
30150,,,,-0.562119,-0.991235,5.831028,0.087788,1.521547,,,,,,,,,,,,-0.605265,-1.016570,-0.600719,0.133407,0.273829,0.435052,-0.049000,-4.564000,84.910004
30152,,,,,,,,,,,4.658258,13.373332,,,,,0.021272,0.045270,0.148380,,,,,,,,,
30155,,,,,,,,,,,,,4.409214,13.025010,0.021065,0.056894,,,,,,,,,,,,
30160,,,,,,,,,,,,,,,,,,,,-0.604032,-1.017284,-0.586484,0.022509,0.023424,1.020347,-0.042000,-1.302000,82.943001
30165,,,,,,,,,,,,,4.798998,13.137415,0.017259,0.055797,,,,,,,,,,,,
30170,,,,,,,,,,,,,,,,,,,,-0.602815,-1.018020,-0.572441,-0.031537,0.032269,1.014491,1.022000,-3.857000,80.290001
30175,,,,,,,,,,,,,4.582420,12.687449,0.019374,0.060191,,,,,,,,,,,,
30180,,,,,,,,,,,,,,,,,,,,-0.601653,-1.019155,-0.559177,0.007930,0.020435,1.044564,0.917000,-3.773000,77.385002
30185,,,,,,,,,,,,,4.944734,12.853391,0.015836,0.058570,,,,,,,,,,,,
30190,,,,,,,,,,,,,,,,,,,,-0.600666,-1.019659,-0.547062,-0.024522,0.079605,1.176019,3.850000,4.284000,76.117996
30195,,,,,,,,,,,,,4.705041,12.993013,0.018176,0.057207,,,,,,,,,,,,
30200,,,,-0.558316,-0.992930,5.895961,0.084691,1.373595,,,,,,,,,,,,-0.599180,-1.020253,-0.531859,-0.012200,-0.325191,0.334951,-0.343000,2.317000,74.942001
30202,,,,,,,,,,,4.905364,12.797943,,,,,0.021397,0.044263,0.143755,,,,,,,,,
30205,,,,,,,,,,,,,5.047908,12.565949,0.018231,0.053455,,,,,,,,,,,,
30210,,,,,,,,,,,,,,,,,,,,-0.597902,-1.020924,-0.519639,-0.054534,-0.123098,1.408429,-8.820000,4.781000,72.457001
30215,,,,,,,,,,,,,5.336395,12.751161,0.015416,0.051648,,,,,,,,,,,,
30220,,,,,,,,,,,,,,,,,,,,-0.596756,-1.021661,-0.506877,0.001586,0.015555,1.018944,-0.826000,0.217000,69.950996
30225,,,,,,,,,,,,,5.034585,12.362454,0.018361,0.055441,,,,,,,,,,,,
30230,,,,,,,,,,,,,,,,,,,,-0.595664,-1.022464,-0.494047,-0.003538,0.040016,1.090375,2.184000,-5.194000,66.128998
30235,,,,,,,,,,,,,5.325186,12.579941,0.015525,0.053319,,,,,,,,,,,,
30240,,,,,,,,,,,,,,,,,,,,-0.594315,-1.023084,-0.484855,0.000061,0.000732,1.019432,0.217000,-1.974000,66.472000
30245,,,,,,,,,,,,,5.569697,12.218390,0.013140,0.056846,,,,,,,,,,,,
30250,,,,-0.554543,-0.994342,5.953522,0.081900,1.224087,,,,,,,,,,,,-0.593163,-1.023736,-0.472058,-0.030988,-0.042029,1.162416,-3.374000,5.215000,64.112999
30252,,,,,,,,,,,5.079134,12.157734,,,,,0.021025,0.043719,0.142010,,,,,,,,,
30255,,,,,,,,,,,,,5.230886,11.914181,0.018835,0.051009,,,,,,,,,,,,
30260,,,,,,,,,,,,,,,,,,,,-0.591767,-1.024184,-0.462184,-0.009455,0.038064,1.071160,1.050000,-7.630000,62.195000
30265,,,,,,,,,,,,,5.490353,12.202764,0.016301,0.048191,,,,,,,,,,,,
30270,,,,,,,,,,,,,,,,,,,,-0.590715,-1.024884,-0.450939,0.010919,0.027206,1.010587,0.952000,-3.164000,59.325001
30275,,,,,,,,,,,,,5.708669,11.901032,0.014170,0.051137,,,,,,,,,,,,
30280,,,,,,,,,,,,,,,,,,,,-0.589506,-1.025605,-0.438834,-0.010919,-0.008906,1.034621,0.560000,2.653000,58.401001
30285,,,,,,,,,,,,,5.347816,11.647157,0.017693,0.053616,,,,,,,,,,,,
30290,,,,,,,,,,,,,,,,,,,,-0.588212,-1.026189,-0.429060,-0.033245,0.073993,1.165832,3.857000,6.727000,56.861000
30295,,,,,,,,,,,,,5.588738,11.978089,0.015341,0.050385,,,,,,,,,,,,
30300,,,,-0.550823,-0.995509,6.004073,0.079275,1.079586,,,,,,,,,,,,-0.586860,-1.026449,-0.417959,-0.002257,-0.001159,1.015711,-0.224000,-1.848000,54.810001
30302,,,,,,,,,,,5.207674,11.491910,,,,,0.020380,0.042911,0.138233,,,,,,,,,
30305,,,,,,,,,,,,,5.791450,11.711992,0.015134,0.043820,,,,,,,,,,,,
30310,,,,,,,,,,,,,,,,,,,,-0.585959,-1.027234,-0.410774,-0.067283,-0.122122,1.425753,-8.582000,7.483000,54.348000
30315,,,,,,,,,,,,,5.417469,11.488098,0.018783,0.046005,,,,,,,,,,,,
30320,,,,,,,,,,,,,,,,,,,,-0.584584,-1.027833,-0.403393,-0.051911,0.187697,1.451678,8.435000,3.717000,50.834000
30325,,,,,,,,,,,,,5.647344,11.299714,0.016540,0.047843,,,,,,,,,,,,
30330,,,,,,,,,,,,,,,,,,,,-0.583272,-1.028029,-0.392966,-0.001586,0.000427,1.029802,0.238000,-0.322000,48.587002
30335,,,,,,,,,,,,,5.840760,11.141207,0.014652,0.049390,,,,,,,,,,,,
30340,,,,,,,,,,,,,,,,,,,,-0.581989,-1.028722,-0.385621,-0.042395,0.027999,1.070245,0.728000,1.904000,46.689999
30345,,,,,,,,,,,,,6.003501,11.007840,0.013064,0.050692,,,,,,,,,,,,
30350,,,,-0.547176,-0.996466,6.048136,0.076711,0.944245,,,,,,,,,,,,-0.580995,-1.029280,-0.375836,-0.003294,-0.017141,1.069757,-0.378000,-0.231000,46.830002
30352,,,,,,,,,,,5.242020,10.804799,,,,,0.019402,0.042899,0.140259,,,,,,,,,
30355,,,,,,,,,,,,,5.595889,10.895624,0.017513,0.042332,,,,,,,,,,,,
30360,,,,,,,,,,,,,,,,,,,,-0.579834,-1.029849,-0.368056,0.000610,0.012505,1.025959,-0.014000,0.756000,45.905998
30365,,,,,,,,,,,,,5.797466,10.801207,0.015544,0.043254,,,,,,,,,,,,
30370,,,,,,,,,,,,,,,,,,,,-0.578432,-1.030154,-0.360283,-0.005917,-0.015616,1.018578,0.133000,-1.400000,42.805000
30375,,,,,,,,,,,,,5.967073,10.721764,0.013888,0.044030,,,,,,,,,,,,
30380,,,,,,,,,,,,,,,,,,,,-0.577407,-1.030427,-0.353000,-0.006161,0.002074,1.023702,0.112000,-0.889000,40.145000
30385,,,,,,,,,,,,,6.109781,10.654920,0.012494,0.044683,,,,,,,,,,,,
30390,,,,,,,,,,,,,,,,,,,,-0.576226,-1.031004,-0.344866,-0.059048,-0.008784,1.025471,-0.700000,-3.080000,41.146000
30395,,,,,,,,,,,,,5.685312,10.054134,0.016639,0.050549,,,,,,,,,,,,
30400,,,,-0.543619,-0.997245,6.086304,0.074134,0.820272,,,,,,,,,,,,-0.575025,-1.031470,-0.341413,0.004941,0.017019,1.025227,-0.182000,-3.640000,39.263000
30402,,,,,,,,,,,5.197008,10.102583,,,,,0.018158,0.042753,0.143875,,,,,,,,,
30405,,,,,,,,,,,,,5.872707,10.093177,0.014190,0.040502,,,,,,,,,,,,
30410,,,,,,,,,,,,,,,,,,,,-0.573743,-1.031830,-0.333100,-0.002867,-0.005795,1.044930,0.644000,0.700000,37.827999
30415,,,,,,,,,,,,,6.030382,10.126027,0.012650,0.040181,,,,,,,,,,,,
30420,,,,,,,,,,,,,,,,,,,,-0.572705,-1.032225,-0.326621,-0.049410,0.004636,1.016199,-0.238000,0.420000,36.638000
30425,,,,,,,,,,,,,5.618505,10.153667,0.016672,0.039912,,,,,,,,,,,,
30430,,,,,,,,,,,,,,,,,,,,-0.571801,-1.032690,-0.322012,0.117669,0.266631,0.427061,0.161000,-2.373000,34.439999
30435,,,,,,,,,,,,,5.816496,9.632380,0.014739,0.045002,,,,,,,,,,,,
30440,,,,,,,,,,,,,,,,,,,,-0.570225,-1.033124,-0.314573,0.001586,0.010919,1.019493,1.666000,0.525000,33.341000
30445,,,,,,,,,,,,,5.983086,9.738314,0.013112,0.043967,,,,,,,,,,,,
30450,,,,-0.540169,-0.997873,6.119187,0.071495,0.708483,,,,,,,,,,,,-0.569177,-1.033479,-0.309419,-0.017690,0.014518,1.047553,-0.021000,-0.567000,33.726002
30452,,,,,,,,,,,5.101141,9.403720,,,,,0.016788,0.042738,0.145041,,,,,,,,,
30455,,,,,,,,,,,,,6.123254,9.827445,0.010424,0.033477,,,,,,,,,,,,
30460,,,,,,,,,,,,,,,,,,,,-0.568093,-1.033870,-0.301937,-0.018117,-0.009760,1.044564,0.056000,-0.077000,33.082001
30465,,,,,,,,,,,,,5.696648,9.357898,0.014589,0.038062,,,,,,,,,,,,
30470,,,,,,,,,,,,,,,,,,,,-0.566986,-1.034246,-0.295139,-0.041663,-0.000854,1.016870,1.036000,-1.393000,32.872002
30475,,,,,,,,,,,,,5.882245,9.507363,0.012777,0.036603,,,,,,,,,,,,
30480,,,,,,,,,,,,,,,,,,,,-0.565725,-1.034516,-0.290034,-0.055754,0.180072,1.425509,8.323000,5.586000,31.458000
30485,,,,,,,,,,,,,6.038407,9.088580,0.011252,0.040692,,,,,,,,,,,,
30490,,,,,,,,,,,,,,,,,,,,-0.564960,-1.034802,-0.286931,0.011712,0.015555,1.017541,-0.896000,1.337000,29.792000
30495,,,,,,,,,,,,,5.625258,9.280760,0.015287,0.038816,,,,,,,,,,,,
30500,,,,-0.536839,-0.998375,6.147375,0.068767,0.608794,,,,,,,,,,,,-0.563715,-1.035119,-0.280000,-0.010492,-0.009943,1.032974,0.301000,1.337000,29.476999
30502,,,,,,,,,,,5.017093,8.770652,,,,,0.015667,0.042732,0.143697,,,,,,,,,
30505,,,,,,,,,,,,,5.822177,8.897917,0.012210,0.033840,,,,,,,,,,,,
30510,,,,,,,,,,,,,,,,,,,,-0.562722,-1.035330,-0.277520,-0.006954,0.008479,1.014247,0.273000,-1.526000,28.636999
30515,,,,,,,,,,,,,5.987866,8.575792,0.010593,0.036985,,,,,,,,,,,,
30520,,,,,,,,,,,,,,,,,,,,-0.561700,-1.035659,-0.272514,-0.028304,0.071065,1.172176,2.163000,3.766000,28.188999
30525,,,,,,,,,,,,,5.582733,8.849300,0.014547,0.034315,,,,,,,,,,,,
30530,,,,,,,,,,,,,,,,,,,,-0.560342,-1.035905,-0.266473,-0.006222,0.002257,1.016321,-0.763000,-1.687000,28.000000
30535,,,,,,,,,,,,,5.786397,8.534886,0.012560,0.037384,,,,,,,,,,,,
30540,,,,,,,,,,,,,,,,,,,,-0.559468,-1.036108,-0.261200,-0.008113,-0.011224,1.032791,0.133000,-0.756000,26.502001
30545,,,,,,,,,,,,,5.957760,8.270338,0.010887,0.039966,,,,,,,,,,,,
30550,,,,-0.533639,-0.998773,6.171423,0.065938,0.520597,,,,,,,,,,,,-0.558528,-1.036434,-0.256412,-0.004392,-0.001098,1.012112,0.924000,0.364000,27.250999
30552,,,,,,,,,,,4.881138,8.153074,,,,,0.014484,0.042753,0.144734,,,,,,,,,
30555,,,,,,,,,,,,,5.557402,8.592291,0.012919,0.028322,,,,,,,,,,,,
30560,,,,,,,,,,,,,,,,,,,,-0.557547,-1.036930,-0.251740,-0.008967,0.005368,1.033340,0.308000,-2.002000,27.209000
30565,,,,,,,,,,,,,5.765083,8.318639,0.010890,0.030995,,,,,,,,,,,,
30570,,,,,,,,,,,,,,,,,,,,-0.556523,-1.036988,-0.246330,0.000549,0.019459,1.040111,0.364000,0.532000,24.416000
30575,,,,,,,,,,,,,5.395284,8.088388,0.014502,0.033244,,,,,,,,,,,,
30580,,,,,,,,,,,,,,,,,,,,-0.555274,-1.037283,-0.243281,-0.011895,0.007747,1.018578,-0.707000,-2.247000,23.037001
30585,,,,,,,,,,,,,5.628677,7.894655,0.012222,0.035137,,,,,,,,,,,,
30590,,,,,,,,,,,,,,,,,,,,-0.554356,-1.037594,-0.239676,-0.000976,-0.001708,1.031327,-0.567000,-1.498000,22.274000
30595,,,,,,,,,,,,,5.280511,7.731648,0.015623,0.036729,,,,,,,,,,,,
30600,,,,-0.530580,-0.999084,6.191838,0.063008,0.443020,,,,,,,,,,,,-0.553495,-1.037917,-0.236746,0.006771,0.004819,1.021628,0.350000,1.295000,19.382999
30602,,,,,,,,,,,4.691592,7.534844,,,,,0.013176,0.043103,0.145092,,,,,,,,,
30605,,,,,,,,,,,,,5.532108,8.139037,0.010561,0.024241,,,,,,,,,,,,
30610,,,,,,,,,,,,,,,,,,,,-0.552536,-1.038006,-0.231990,-0.053009,0.011529,1.022238,0.994000,1.211000,19.131001
30615,,,,,,,,,,,,,5.199258,7.937271,0.013810,0.026211,,,,,,,,,,,,
30620,,,,,,,,,,,,,,,,,,,,-0.551542,-1.038452,-0.230493,-0.017812,0.005978,1.018212,0.035000,-1.869000,16.827999
30625,,,,,,,,,,,,,5.463741,7.767505,0.011228,0.027868,,,,,,,,,,,,
30630,,,,,,,,,,,,,,,,,,,,-0.550728,-1.038603,-0.227922,-0.000244,-0.003782,1.006073,0.651000,0.126000,12.761000
30635,,,,,,,,,,,,,5.686278,7.624664,0.009056,0.029262,,,,,,,,,,,,
30640,,,,,,,,,,,,,,,,,,,,-0.549757,-1.038692,-0.225170,-0.018727,0.010004,1.025349,-0.077000,0.686000,12.369000
30645,,,,,,,,,,,,,5.328977,6.959935,0.012544,0.035752,,,,,,,,,,,,
30650,,,,-0.527668,-0.999325,6.209077,0.059985,0.375092,,,,,,,,,,,,-0.548832,-1.038928,-0.223111,0.000915,-0.003965,1.021933,-0.014000,0.308000,12.313000
30652,,,,,,,,,,,4.464820,6.938490,,,,,0.011867,0.043307,0.148814,,,,,,,,,
30655,,,,,,,,,,,,,5.572886,6.945175,0.007037,0.027689,,,,,,,,,,,,
30660,,,,,,,,,,,,,,,,,,,,-0.547932,-1.038998,-0.221047,-0.002928,-0.002318,1.028338,-1.183000,-2.933000,12.621000
30665,,,,,,,,,,,,,5.233569,6.932755,0.010351,0.027810,,,,,,,,,,,,
30670,,,,,,,,,,,,,,,,,,,,-0.547000,-1.039591,-0.218322,-0.008723,-0.000427,1.016870,-0.476000,-2.422000,11.914000
30675,,,,,,,,,,,,,5.492611,6.922306,0.007821,0.027912,,,,,,,,,,,,
30680,,,,,,,,,,,,,,,,,,,,-0.546223,-1.039287,-0.217467,-0.002135,-0.007015,1.015284,-0.168000,-0.203000,11.375000
30685,,,,,,,,,,,,,5.166025,6.913514,0.011011,0.027998,,,,,,,,,,,,
30690,,,,,,,,,,,,,,,,,,,,-0.545177,-1.039802,-0.216816,0.004148,0.004575,1.025288,0.287000,0.042000,9.996000
30695,,,,,,,,,,,,,5.435779,6.361572,0.008376,0.033389,,,,,,,,,,,,
30700,,,,-0.524909,-0.999509,6.223551,0.056883,0.315842,,,,,,,,,,,,-0.544365,-1.039713,-0.211850,0.010065,0.006954,1.019798,-0.273000,1.064000,8.414000
30702,,,,,,,,,,,4.208218,6.355384,,,,,0.010537,0.043415,0.152402,,,,,,,,,
30705,,,,,,,,,,,,,5.118207,6.441712,0.007941,0.024578,,,,,,,,,,,,
30710,,,,,,,,,,,,,,,,,,,,-0.543598,-1.039936,-0.211791,-0.007259,0.004453,1.029558,0.133000,0.154000,9.926000
30715,,,,,,,,,,,,,5.395545,6.509142,0.005232,0.023919,,,,,,,,,,,,
30720,,,,,,,,,,,,,,,,,,,,-0.542602,-1.040277,-0.209925,-0.005612,-0.000061,1.021384,-0.574000,-0.406000,8.512000
30725,,,,,,,,,,,,,5.084354,6.565878,0.008272,0.023365,,,,,,,,,,,,
30730,,,,,,,,,,,,,,,,,,,,-0.541773,-1.040398,-0.211095,-0.008967,0.000915,1.023031,0.721000,-0.329000,8.190000
30735,,,,,,,,,,,,,4.822518,6.069072,0.010831,0.028219,,,,,,,,,,,,
30740,,,,,,,,,,,,,,,,,,,,-0.541160,-1.040548,-0.208233,-0.002318,-0.007930,1.015162,-0.182000,0.700000,6.671000
30745,,,,,,,,,,,,,5.146752,6.195603,0.007663,0.026983,,,,,,,,,,,,
30750,,,,-0.522307,-0.999649,6.235627,0.053719,0.264348,,,,,,,,,,,,-0.540227,-1.040635,-0.206221,0.002257,-0.001403,1.027240,-0.490000,0.294000,6.741000
30752,,,,,,,,,,,3.911193,5.777189,,,,,0.009132,0.043781,0.158311,,,,,,,,,
30755,,,,,,,,,,,,,4.875020,5.757523,0.006230,0.023301,,,,,,,,,,,,
30760,,,,,,,,,,,,,,,,,,,,-0.539570,-1.040886,-0.204706,-0.015372,0.002257,1.022238,-0.434000,1.176000,6.783000
30765,,,,,,,,,,,,,5.190928,5.933465,0.003144,0.021582,,,,,,,,,,,,
30770,,,,,,,,,,,,,,,,,,,,-0.538727,-1.040814,-0.204685,-0.018666,0.005307,1.025349,-0.224000,-2.450000,6.993000
30775,,,,,,,,,,,,,4.912189,5.536960,0.005867,0.025455,,,,,,,,,,,,
30780,,,,,,,,,,,,,,,,,,,,-0.538086,-1.040999,-0.202724,0.002989,-0.006954,1.030351,-0.007000,-0.413000,6.293000
30785,,,,,,,,,,,,,4.677658,5.747884,0.008158,0.023395,,,,,,,,,,,,
30790,,,,,,,,,,,,,,,,,,,,-0.537099,-1.041502,-0.201877,-0.005368,-0.003477,1.025105,-0.350000,0.063000,6.153000
30795,,,,,,,,,,,,,5.024868,5.380812,0.004766,0.026981,,,,,,,,,,,,
30800,,,,-0.519864,-0.999752,6.245631,0.050512,0.219767,,,,,,,,,,,,-0.536530,-1.041462,-0.200245,-0.010797,-0.006771,1.023641,0.847000,0.497000,6.594000
30802,,,,,,,,,,,3.642380,5.257967,,,,,0.007990,0.044188,0.162877,,,,,,,,,
30805,,,,,,,,,,,,,4.772466,5.616501,0.003526,0.017528,,,,,,,,,,,,
30810,,,,,,,,,,,,,,,,,,,,-0.535702,-1.041484,-0.198991,-0.006954,0.008357,1.018822,0.798000,0.847000,5.873000
30815,,,,,,,,,,,,,4.560095,5.270266,0.005601,0.020912,,,,,,,,,,,,
30820,,,,,,,,,,,,,,,,,,,,-0.534940,-1.041731,-0.197078,-0.048922,-0.006466,1.022360,0.644000,0.546000,6.027000
30825,,,,,,,,,,,,,4.381407,5.523488,0.007347,0.018437,,,,,,,,,,,,
30830,,,,,,,,,,,,,,,,,,,,-0.534253,-1.041870,-0.198603,-0.006222,0.003721,1.023641,-0.308000,-1.414000,5.985000
30835,,,,,,,,,,,,,4.231058,5.192005,0.008817,0.021676,,,,,,,,,,,,
30840,,,,,,,,,,,,,,,,,,,,-0.533863,-1.042111,-0.197460,-0.002623,-0.001586,1.025837,-0.098000,0.735000,4.739000
30845,,,,,,,,,,,,,4.649098,4.913095,0.004731,0.024402,,,,,,,,,,,,
30850,,,,-0.517582,-0.999828,6.253851,0.047283,0.181332,,,,,,,,,,,,-0.532866,-1.042262,-0.195983,0.003782,-0.000183,1.016992,0.427000,0.700000,4.039000
30852,,,,,,,,,,,3.334215,4.728388,,,,,0.006708,0.044594,0.166810,,,,,,,,,
30855,,,,,,,,,,,,,4.456294,4.678421,0.002372,0.019402,,,,,,,,,,,,
30860,,,,,,,,,,,,,,,,,,,,-0.532304,-1.042264,-0.195810,-0.007137,0.002440,1.022909,-0.721000,0.651000,5.579000
30865,,,,,,,,,,,,,4.294068,5.025509,0.003957,0.016010,,,,,,,,,,,,
30870,,,,,,,,,,,,,,,,,,,,-0.531763,-1.042245,-0.193409,-0.011590,0.000427,1.019737,0.014000,0.119000,5.481000
30875,,,,,,,,,,,,,4.157572,4.773006,0.005291,0.018478,,,,,,,,,,,,
30880,,,,,,,,,,,,,,,,,,,,-0.531091,-1.042605,-0.195398,-0.003965,-0.000854,1.024556,-0.343000,-1.029000,3.871000
30885,,,,,,,,,,,,,4.042723,4.560550,0.006414,0.020554,,,,,,,,,,,,
30890,,,,,,,,,,,,,,,,,,,,-0.530503,-1.042747,-0.190976,0.003050,-0.004026,1.016382,-0.385000,-0.763000,5.236000
30895,,,,,,,,,,,,,3.946090,4.381789,0.007358,0.022300,,,,,,,,,,,,
30900,,,,-0.515461,-0.999883,6.260547,0.044050,0.148360,,,,,,,,,,,,-0.529640,-1.042782,-0.192596,0.013725,-0.000854,1.019066,0.329000,0.196000,4.361000
30902,,,,,,,,,,,3.060611,4.258615,,,,,0.005698,0.044829,0.169906,,,,,,,,,
30905,,,,,,,,,,,,,3.864783,4.775923,0.004387,0.011981,,,,,,,,,,,,
30910,,,,,,,,,,,,,,,,,,,,-0.529199,-1.042961,-0.190929,-0.004514,0.003904,1.014796,-0.490000,0.357000,3.248000
30915,,,,,,,,,,,,,3.796371,4.563004,0.005055,0.014061,,,,,,,,,,,,
30920,,,,,,,,,,,,,,,,,,,,-0.528630,-1.042972,-0.190172,-0.014884,0.008052,1.027789,-0.357000,1.554000,2.226000
30925,,,,,,,,,,,,,3.738809,4.383854,0.005617,0.015811,,,,,,,,,,,,
30930,,,,,,,,,,,,,,,,,,,,-0.528143,-1.043262,-0.189939,-0.008296,-0.001159,1.034743,0.770000,-0.833000,2.919000
30935,,,,,,,,,,,,,3.690377,4.233118,0.006090,0.017284,,,,,,,,,,,,
30940,,,,,,,,,,,,,,,,,,,,-0.527390,-1.043321,-0.189879,0.002135,-0.002318,1.025593,0.259000,-0.714000,2.268000
30945,,,,,,,,,,,,,3.649626,4.106288,0.006489,0.018522,,,,,,,,,,,,
30950,,,,-0.513499,-0.999922,6.265947,0.040834,0.120236,,,,,,,,,,,,-0.526844,-1.043491,-0.187716,-0.001342,-0.001464,1.024434,0.133000,-0.140000,2.317000
30952,,,,,,,,,,,2.825148,3.846910,,,,,0.004955,0.045281,0.170517,,,,,,,,,
30955,,,,,,,,,,,,,3.615338,3.999573,0.003583,0.013897,,,,,,,,,,,,
30960,,,,,,,,,,,,,,,,,,,,-0.526232,-1.043450,-0.189027,-0.000610,-0.000427,1.030290,0.203000,1.099000,2.583000
30965,,,,,,,,,,,,,3.586488,3.909784,0.003865,0.014774,,,,,,,,,,,,
30970,,,,,,,,,,,,,,,,,,,,-0.525869,-1.043775,-0.187097,-0.011590,0.000549,1.016931,-0.035000,0.924000,2.541000
30975,,,,,,,,,,,,,3.562214,3.834234,0.004102,0.015511,,,,,,,,,,,,
30980,,,,,,,,,,,,,,,,,,,,-0.525540,-1.043682,-0.187585,-0.005551,0.001464,1.016687,-0.161000,0.763000,3.185000
30985,,,,,,,,,,,,,3.541789,3.770668,0.004301,0.016132,,,,,,,,,,,,
30990,,,,,,,,,,,,,,,,,,,,-0.524829,-1.043825,-0.185319,-0.007015,-0.003233,1.026569,0.728000,-2.296000,2.821000
30995,,,,,,,,,,,,,3.524604,3.717182,0.004469,0.016655,,,,,,,,,,,,
31000,,,,-0.511695,-0.999950,6.270252,0.037652,0.096409,,,,,,,,,,,,-0.524441,-1.043761,-0.187589,0.000671,0.010980,1.025105,0.175000,-0.175000,2.695000
31002,,,,,,,,,,,2.593482,3.467356,,,,,0.004313,0.045433,0.174515,,,,,,,,,
31005,,,,,,,,,,,,,3.510145,3.672180,0.001419,0.011869,,,,,,,,,,,,
31010,,,,,,,,,,,,,,,,,,,,-0.523672,-1.044063,-0.186340,-0.008784,0.009394,1.025288,0.665000,0.273000,2.051000
31015,,,,,,,,,,,,,3.497978,3.634315,0.001538,0.012238,,,,,,,,,,,,
31020,,,,,,,,,,,,,,,,,,,,-0.523439,-1.044122,-0.185783,-0.008418,-0.003111,1.023580,-0.784000,1.071000,2.856000
31025,,,,,,,,,,,,,3.487742,3.602455,0.001638,0.012550,,,,,,,,,,,,
31030,,,,,,,,,,,,,,,,,,,,-0.522901,-1.044117,-0.184199,-0.012505,-0.007320,1.012356,-0.679000,0.357000,3.220000
31035,,,,,,,,,,,,,3.479129,3.575649,0.001722,0.012812,,,,,,,,,,,,
31040,,,,,,,,,,,,,,,,,,,,-0.522688,-1.044302,-0.184851,0.007198,-0.001769,1.025044,-0.329000,-2.023000,1.897000
31045,,,,,,,,,,,,,2.927338,3.553093,0.007113,0.013032,,,,,,,,,,,,
31050,,,,-0.510046,-0.999968,6.273641,0.034521,0.076383,,,,,,,,,,,,-0.522340,-1.044277,-0.185476,0.008967,0.000793,1.016443,0.028000,0.098000,1.498000
31052,,,,,,,,,,,2.395850,3.136350,,,,,0.003884,0.045806,0.175596,,,,,,,,,
31055,,,,,,,,,,,,,3.007605,2.989572,0.003610,0.013979,,,,,,,,,,,,
31060,,,,,,,,,,,,,,,,,,,,-0.521549,-1.044450,-0.184753,0.003050,0.003477,1.027484,-0.266000,-0.070000,2.989000
31065,,,,,,,,,,,,,3.075142,3.059969,0.002951,0.013291,,,,,,,,,,,,
31070,,,,,,,,,,,,,,,,,,,,-0.521212,-1.044446,-0.182260,-0.000305,-0.000122,1.028216,-0.098000,0.644000,1.890000
31075,,,,,,,,,,,,,3.131967,3.119201,0.002396,0.012713,,,,,,,,,,,,
31080,,,,,,,,,,,,,,,,,,,,-0.520804,-1.044534,-0.182451,-0.003599,-0.004148,1.017480,0.084000,0.042000,1.764000
31085,,,,,,,,,,,,,2.635237,3.169038,0.007246,0.012226,,,,,,,,,,,,
31090,,,,,,,,,,,,,,,,,,,,-0.520259,-1.044431,-0.181356,-0.041114,-0.006527,1.022604,-0.091000,0.686000,3.080000
31095,,,,,,,,,,,,,2.761831,3.210972,0.006010,0.011817,,,,,,,,,,,,
31100,,,,-0.508548,-0.999980,6.276271,0.031456,0.059705,,,,,,,,,,,,-0.520000,-1.044749,-0.183171,0.003172,-0.009272,1.027423,-0.217000,-1.442000,0.966000
31102,,,,,,,,,,,2.134420,2.758356,,,,,0.003109,0.046102,0.176062,,,,,,,,,
31105,,,,,,,,,,,,,2.868347,3.246254,0.001371,0.006269,,,,,,,,,,,,
31110,,,,,,,,,,,,,,,,,,,,-0.519614,-1.044754,-0.182001,-0.014274,0.004636,1.020896,-0.042000,-0.000000,1.148000
31115,,,,,,,,,,,,,2.957970,2.731398,0.000496,0.011297,,,,,,,,,,,,
31120,,,,,,,,,,,,,,,,,,,,-0.519179,-1.044836,-0.180803,-0.003904,0.004758,1.024190,0.224000,0.315000,1.666000
31125,,,,,,,,,,,,,2.488836,2.842741,0.005077,0.010209,,,,,,,,,,,,
31130,,,,,,,,,,,,,,,,,,,,-0.518823,-1.044867,-0.179975,-0.003172,-0.001281,1.019249,1.267000,0.973000,2.170000
31135,,,,,,,,,,,,,2.638649,2.936425,0.003614,0.009295,,,,,,,,,,,,
31140,,,,,,,,,,,,,,,,,,,,-0.518405,-1.044983,-0.180150,-0.000244,-0.006161,1.026691,0.070000,0.280000,1.169000
31145,,,,,,,,,,,,,2.764702,2.470708,0.002383,0.013842,,,,,,,,,,,,
31150,,,,-0.508548,-0.999980,6.276271,0.031456,0.059705,,,,,,,,,,,,-0.518046,-1.044970,-0.180004,0.012932,0.002379,1.028094,0.434000,-1.491000,2.205000
31152,,,,,,,,,,,1.818525,2.438607,,,,,0.001253,0.045976,0.173574,,,,,,,,,
31155,,,,,,,,,,,,,2.326220,2.623396,0.002314,0.007949,,,,,,,,,,,,
31160,,,,,,,,,,,,,,,,,,,,-0.517473,-1.045273,-0.180470,-0.000793,0.001159,1.019310,0.343000,-0.014000,1.554000
31165,,,,,,,,,,,,,2.501825,2.751868,0.000598,0.006694,,,,,,,,,,,,
31170,,,,,,,,,,,,,,,,,,,,-0.517377,-1.045255,-0.180205,0.000183,0.004941,1.024861,0.511000,0.245000,1.701000
31175,,,,,,,,,,,,,2.105035,2.315422,0.004475,0.010958,,,,,,,,,,,,
31180,,,,,,,,,,,,,,,,,,,,-0.516887,-1.045079,-0.178824,0.006710,-0.001281,1.021750,0.840000,0.259000,1.386000
31185,,,,,,,,,,,,,2.315719,2.492739,0.002416,0.009226,,,,,,,,,,,,
31190,,,,,,,,,,,,,,,,,,,,-0.516548,-1.045346,-0.177929,-0.005429,0.000122,1.022909,-0.161000,-0.014000,1.421000
31195,,,,,,,,,,,,,2.492989,2.641933,0.000684,0.007768,,,,,,,,,,,,
31200,,,,-0.507197,-0.999988,6.278280,0.028472,0.045964,,,,,,,,,,,,-0.516243,-1.045242,-0.179249,-0.003965,-0.002562,1.032181,0.168000,-1.435000,2.226000
31202,,,,,,,,,,,1.610701,2.130837,,,,,0.000810,0.046147,0.174328,,,,,,,,,
31205,,,,,,,,,,,,,2.097601,2.222922,0.001688,0.007624,,,,,,,,,,,,
31210,,,,,,,,,,,,,,,,,,,,-0.515916,-1.045432,-0.179505,0.005490,-0.001525,1.021140,-0.322000,-1.533000,1.715000
31215,,,,,,,,,,,,,2.309464,2.414910,-0.000381,0.005749,,,,,,,,,,,,
31220,,,,,,,,,,,,,,,,,,,,-0.515640,-1.045567,-0.180092,-0.003477,-0.009760,1.021018,1.120000,0.497000,2.422000
31225,,,,,,,,,,,,,1.943183,2.576448,0.003196,0.004172,,,,,,,,,,,,
31230,,,,,,,,,,,,,,,,,,,,-0.515235,-1.045542,-0.180035,0.002379,0.005978,1.021018,-0.126000,-0.021000,0.245000
31235,,,,,,,,,,,,,2.179537,2.167823,0.000888,0.008162,,,,,,,,,,,,
31240,,,,,,,,,,,,,,,,,,,,-0.515028,-1.045663,-0.178036,-0.005185,0.001586,1.016504,0.119000,0.308000,1.946000
31245,,,,,,,,,,,,,1.833862,2.368549,0.004263,0.006202,,,,,,,,,,,,
31250,,,,-0.504916,-0.999996,6.280892,0.022797,0.025809,,,,,,,,,,,,-0.514860,-1.045673,-0.179130,-0.001769,-0.002013,1.021811,0.406000,0.525000,0.798000
31252,,,,,,,,,,,1.487183,1.848753,,,,,0.001642,0.046702,0.176416,,,,,,,,,
31255,,,,,,,,,,,,,2.087554,1.992897,0.000088,0.005988,,,,,,,,,,,,
31260,,,,,,,,,,,,,,,,,,,,-0.514468,-1.045670,-0.178489,0.005917,0.005978,1.028399,-0.658000,-0.854000,1.071000
31265,,,,,,,,,,,,,1.756468,2.221366,0.003320,0.003758,,,,,,,,,,,,
31270,,,,,,,,,,,,,,,,,,,,-0.514276,-1.045634,-0.176369,-0.003782,0.003172,1.019432,0.546000,-0.091000,0.784000
31275,,,,,,,,,,,,,2.022435,1.869057,0.000724,0.007197,,,,,,,,,,,,
31280,,,,,,,,,,,,,,,,,,,,-0.513979,-1.045740,-0.177572,0.008906,0.009638,1.013576,-1.414000,1.085000,1.113000
31285,,,,,,,,,,,,,1.701677,2.117168,0.003855,0.004775,,,,,,,,,,,,
31290,,,,,,,,,,,,,,,,,,,,-0.513810,-1.045780,-0.177788,0.000915,-0.000549,1.020286,-0.049000,1.932000,0.518000
31295,,,,,,,,,,,,,1.976334,1.781385,0.001174,0.008053,,,,,,,,,,,,
31300,,,,-0.503973,-0.999998,6.281685,0.020129,0.018728,,,,,,,,,,,,-0.513573,-1.045820,-0.178131,-0.000610,0.004209,1.026508,0.413000,0.805000,1.414000
31302,,,,,,,,,,,1.297288,1.595769,,,,,0.001298,0.046804,0.176835,,,,,,,,,
31305,,,,,,,,,,,,,1.662887,2.043400,0.001618,0.002011,,,,,,,,,,,,
31310,,,,,,,,,,,,,,,,,,,,-0.513267,-1.045969,-0.177665,-0.003965,0.003050,1.021628,1.064000,-1.358000,1.981000
31315,,,,,,,,,,,,,1.943696,1.719316,-0.001125,0.005176,,,,,,,,,,,,
31320,,,,,,,,,,,,,,,,,,,,-0.512864,-1.045945,-0.177571,-0.002806,-0.003233,1.023519,0.119000,-0.588000,0.826000
31325,,,,,,,,,,,,,1.635426,1.446633,0.001886,0.007840,,,,,,,,,,,,
31330,,,,,,,,,,,,,,,,,,,,-0.512844,-1.045990,-0.177391,0.012932,-0.001220,1.026264,-0.147000,0.364000,0.630000
31335,,,,,,,,,,,,,1.376047,1.761740,0.004420,0.004762,,,,,,,,,,,,
31340,,,,,,,,,,,,,,,,,,,,-0.512537,-1.046063,-0.176384,0.008662,-0.004209,1.028826,-0.364000,1.540000,0.791000
31345,,,,,,,,,,,,,1.702349,1.482328,0.001233,0.007491,,,,,,,,,,,,
31350,,,,-0.503155,-0.999999,6.282239,0.017588,0.013244,,,,,,,,,,,,-0.512326,-1.046300,-0.178164,0.010858,-0.004453,1.026264,0.266000,1.302000,1.099000
31352,,,,,,,,,,,1.085899,1.331048,,,,,0.000812,0.047173,0.177409,,,,,,,,,
31355,,,,,,,,,,,,,1.432356,1.791773,0.000959,0.000824,,,,,,,,,,,,
31360,,,,,,,,,,,,,,,,,,,,-0.512321,-1.046226,-0.174799,-0.006832,0.010126,1.019676,-0.448000,-1.995000,0.756000
31365,,,,,,,,,,,,,1.205184,1.507598,0.003178,0.003600,,,,,,,,,,,,
31370,,,,,,,,,,,,,,,,,,,,-0.511909,-1.046443,-0.175486,0.010980,0.003050,1.025166,-0.042000,-0.938000,0.763000
31375,,,,,,,,,,,,,1.558585,1.268493,-0.000274,0.005935,,,,,,,,,,,,
31380,,,,,,,,,,,,,,,,,,,,-0.511691,-1.046260,-0.178231,-0.001586,-0.011468,1.024922,1.085000,0.189000,0.987000
31385,,,,,,,,,,,,,1.311393,1.611853,0.002141,0.002581,,,,,,,,,,,,
31390,,,,,,,,,,,,,,,,,,,,-0.511541,-1.046002,-0.176291,-0.000793,-0.005307,1.026386,-0.028000,0.931000,0.518000
31395,,,,,,,,,,,,,1.103406,1.356213,0.004173,0.005078,,,,,,,,,,,,
31400,,,,-0.503155,-0.999999,6.282239,0.017588,0.013244,,,,,,,,,,,,-0.511485,-1.046066,-0.177953,0.001830,0.008845,1.020225,0.406000,1.575000,0.063000
31402,,,,,,,,,,,0.952737,1.197221,,,,,0.000034,0.046844,0.176837,,,,,,,,,
31405,,,,,,,,,,,,,1.472949,1.141117,-0.001268,0.005337,,,,,,,,,,,,
31410,,,,,,,,,,,,,,,,,,,,-0.511291,-1.046355,-0.175815,0.006893,-0.004087,1.024373,0.315000,1.295000,1.099000
31415,,,,,,,,,,,,,1.239339,1.504679,0.001013,0.001787,,,,,,,,,,,,
31420,,,,,,,,,,,,,,,,,,,,-0.511003,-1.046381,-0.176851,-0.003294,0.008845,1.027179,-0.553000,-1.659000,0.861000
31425,,,,,,,,,,,,,1.042780,1.266037,0.002932,0.004117,,,,,,,,,,,,
31430,,,,,,,,,,,,,,,,,,,,-0.511143,-1.046248,-0.176456,0.011895,-0.006405,1.026264,-0.203000,-0.168000,1.071000
31435,,,,,,,,,,,,,1.421938,1.065243,-0.000770,0.006077,,,,,,,,,,,,
31440,,,,,,,,,,,,,,,,,,,,-0.510744,-1.046460,-0.178383,0.006954,-0.003599,1.016687,0.112000,0.833000,0.987000
31445,,,,,,,,,,,,,1.196418,1.440839,0.001432,0.002410,,,,,,,,,,,,
31450,,,,-0.502453,-1.000000,6.282612,0.015182,0.009091,,,,,,,,,,,,-0.510489,-1.046220,-0.175862,0.001159,0.004758,1.031205,-0.021000,-0.049000,0.777000
31452,,,,,,,,,,,0.793596,0.991256,,,,,-0.000179,0.046917,0.175254,,,,,,,,,
31455,,,,,,,,,,,,,1.006666,1.212321,0.001094,0.001807,,,,,,,,,,,,
31460,,,,,,,,,,,,,,,,,,,,-0.510389,-1.046326,-0.173885,0.006588,0.002135,1.028887,0.315000,0.350000,0.035000
31465,,,,,,,,,,,,,1.391552,1.020047,-0.002664,0.003684,,,,,,,,,,,,
31470,,,,,,,,,,,,,,,,,,,,-0.510303,-1.046521,-0.175432,-0.005368,-0.003904,1.017785,-0.595000,-2.002000,0.861000
31475,,,,,,,,,,,,,1.170852,1.402811,-0.000509,-0.000053,,,,,,,,,,,,
31480,,,,,,,,,,,,,,,,,,,,-0.510318,-1.046647,-0.175150,0.000732,0.008418,1.024251,-0.630000,-0.903000,1.470000
31485,,,,,,,,,,,,,0.985154,1.180325,0.001304,0.002119,,,,,,,,,,,,
31490,,,,,,,,,,,,,,,,,,,,-0.510236,-1.046460,-0.175534,0.000488,0.001891,1.019981,0.322000,-0.245000,0.749000
31495,,,,,,,,,,,,,0.828909,0.993125,0.002830,0.003947,,,,,,,,,,,,
31500,,,,-0.501368,-1.000000,6.283007,0.010816,0.003829,,,,,,,,,,,,-0.509778,-1.046585,-0.174266,0.003599,-0.006283,1.025593,0.504000,1.099000,0.945000
31502,,,,,,,,,,,0.630165,0.756646,,,,,0.000207,0.047319,0.174088,,,,,,,,,
31505,,,,,,,,,,,,,1.241987,0.835615,-0.003453,0.002256,,,,,,,,,,,,
31510,,,,,,,,,,,,,,,,,,,,-0.509828,-1.046486,-0.174745,-0.001647,-0.000305,1.023397,0.644000,0.630000,0.847000
31515,,,,,,,,,,,,,1.045008,1.247630,-0.001530,-0.001767,,,,,,,,,,,,
31520,,,,,,,,,,,,,,,,,,,,-0.509574,-1.046588,-0.175003,0.002074,0.000793,1.016504,0.252000,0.280000,1.050000
31525,,,,,,,,,,,,,0.879269,1.049756,0.000089,0.000165,,,,,,,,,,,,
31530,,,,,,,,,,,,,,,,,,,,-0.509609,-1.046580,-0.174857,0.004392,-0.000549,1.018944,0.329000,-1.358000,0.189000
31535,,,,,,,,,,,,,0.739817,0.883264,0.001450,0.001790,,,,,,,,,,,,
31540,,,,,,,,,,,,,,,,,,,,-0.509378,-1.046557,-0.175468,0.006405,0.002196,1.025837,-0.553000,-0.560000,1.120000
31545,,,,,,,,,,,,,0.622482,0.743178,0.002596,0.003158,,,,,,,,,,,,
31550,,,,-0.500970,-1.000000,6.283095,0.008872,0.002313,,,,,,,,,,,,-0.509426,-1.046592,-0.177504,0.004941,0.002623,1.018578,0.343000,0.553000,0.497000
31552,,,,,,,,,,,0.505501,0.606187,,,,,0.000096,0.047356,0.177045,,,,,,,,,
31555,,,,,,,,,,,,,0.523756,0.625310,0.001844,0.002238,,,,,,,,,,,,
31560,,,,,,,,,,,,,,,,,,,,-0.509231,-1.046685,-0.174402,0.001952,-0.008357,1.026569,0.756000,1.169000,0.126000
31565,,,,,,,,,,,,,0.985232,1.070679,-0.002662,-0.002111,,,,,,,,,,,,
31570,,,,,,,,,,,,,,,,,,,,-0.509089,-1.046637,-0.173634,-0.005002,0.003294,1.021750,-0.210000,0.525000,-0.189000
31575,,,,,,,,,,,,,0.828974,0.900869,-0.001136,-0.000453,,,,,,,,,,,,
31580,,,,,,,,,,,,,,,,,,,,-0.509099,-1.046604,-0.174332,-0.001281,0.003050,1.027728,-0.252000,-1.715000,0.588000
31585,,,,,,,,,,,,,0.697498,0.757991,0.000147,0.000943,,,,,,,,,,,,
31590,,,,,,,,,,,,,,,,,,,,-0.508803,-1.046718,-0.172840,0.010980,0.000549,1.013820,-0.105000,-1.183000,0.497000
31595,,,,,,,,,,,,,0.586875,0.637774,0.001227,0.002116,,,,,,,,,,,,
31600,,,,-0.500656,-1.000000,6.283144,0.007097,0.001313,,,,,,,,,,,,-0.508775,-1.046744,-0.176518,0.005917,0.000732,1.027240,-0.133000,-0.056000,0.749000
31602,,,,,,,,,,,0.357844,0.435402,,,,,-0.000203,0.047441,0.176487,,,,,,,,,
31605,,,,,,,,,,,,,0.493797,0.536623,0.000104,0.000753,,,,,,,,,,,,
31610,,,,,,,,,,,,,,,,,,,,-0.508888,-1.046708,-0.176640,0.007503,0.001220,1.022726,0.084000,1.218000,0.707000
31615,,,,,,,,,,,,,0.415480,0.451514,0.000869,0.001584,,,,,,,,,,,,
31620,,,,,,,,,,,,,,,,,,,,-0.508939,-1.046601,-0.173561,-0.000305,-0.002928,1.019737,0.511000,1.148000,-0.147000
31625,,,,,,,,,,,,,0.894128,0.379904,-0.003805,0.002284,,,,,,,,,,,,
31630,,,,,,,,,,,,,,,,,,,,-0.508571,-1.046849,-0.174952,-0.002623,0.000244,1.024678,0.308000,-1.764000,0.602000
31635,,,,,,,,,,,,,0.752319,0.864194,-0.002421,-0.002445,,,,,,,,,,,,
31640,,,,,,,,,,,,,,,,,,,,-0.508648,-1.046693,-0.173060,0.000366,0.004087,1.028399,0.238000,-0.742000,0.546000
31645,,,,,,,,,,,,,0.633002,0.727133,-0.001255,-0.001107,,,,,,,,,,,,
31650,,,,-0.500656,-1.000000,6.283144,0.007097,0.001313,,,,,,,,,,,,-0.508608,-1.046816,-0.175037,-0.015433,0.003294,1.024861,0.455000,-0.056000,0.700000
31652,,,,,,,,,,,0.332100,0.409175,,,,,-0.000355,0.047482,0.175045,,,,,,,,,
31655,,,,,,,,,,,,,0.532607,0.611810,-0.000629,-0.000342,,,,,,,,,,,,
31660,,,,,,,,,,,,,,,,,,,,-0.508403,-1.046695,-0.172853,-0.005734,-0.000854,1.025044,-0.511000,0.840000,-0.203000
31665,,,,,,,,,,,,,0.448136,0.514777,0.000195,0.000606,,,,,,,,,,,,
31670,,,,,,,,,,,,,,,,,,,,-0.508579,-1.046643,-0.171728,0.005185,-0.007625,1.030534,0.693000,1.015000,0.476000
31675,,,,,,,,,,,,,0.377061,0.433133,0.000889,0.001403,,,,,,,,,,,,
31680,,,,,,,,,,,,,,,,,,,,-0.508402,-1.046575,-0.175433,0.008723,0.000366,1.028094,-0.420000,-0.119000,0.140000
31685,,,,,,,,,,,,,0.317259,0.364438,0.001473,0.002074,,,,,,,,,,,,
31690,,,,,,,,,,,,,,,,,,,,-0.508407,-1.046711,-0.174088,0.008174,-0.003904,1.026569,0.140000,-2.275000,-0.168000
31695,,,,,,,,,,,,,0.266942,0.306638,0.001965,0.002638,,,,,,,,,,,,
31700,,,,-0.500417,-1.000000,6.283169,0.005501,0.000689,,,,,,,,,,,,-0.508486,-1.046836,-0.175216,0.001403,-0.008662,1.020164,0.329000,-1.099000,0.511000
31702,,,,,,,,,,,0.266219,0.324277,,,,,-0.000229,0.047525,0.175157,,,,,,,,,
31705,,,,,,,,,,,,,0.224605,0.258005,0.001471,0.001944,,,,,,,,,,,,
31710,,,,,,,,,,,,,,,,,,,,-0.508290,-1.046889,-0.174169,0.019886,0.013603,1.014918,0.280000,0.504000,-0.735000
31715,,,,,,,,,,,,,0.188983,0.217086,0.001819,0.002344,,,,,,,,,,,,
31720,,,,,,,,,,,,,,,,,,,,-0.508256,-1.047028,-0.175748,0.005917,-0.000244,1.032486,0.140000,0.567000,0.049000
31725,,,,,,,,,,,,,0.159010,0.182656,0.002112,0.002680,,,,,,,,,,,,
31730,,,,,,,,,,,,,,,,,,,,-0.508083,-1.046692,-0.174872,-0.004941,0.002440,1.016809,-0.091000,0.175000,0.833000
31735,,,,,,,,,,,,,0.133791,0.153687,0.002358,0.002963,,,,,,,,,,,,
31740,,,,,,,,,,,,,,,,,,,,-0.508154,-1.046737,-0.175121,0.005856,-0.004026,1.025715,-0.161000,-3.269000,0.203000
31745,,,,,,,,,,,,,0.657115,0.673855,-0.002752,-0.002116,,,,,,,,,,,,
31750,,,,-0.500126,-1.000000,6.283184,0.002876,0.000134,,,,,,,,,,,,-0.508196,-1.047049,-0.171925,-0.007076,0.004575,1.025105,-0.798000,-1.253000,0.399000
31752,,,,,,,,,,,0.138399,0.167174,,,,,-0.000129,0.047723,0.172183,,,,,,,,,
31755,,,,,,,,,,,,,0.552896,0.566982,-0.003494,-0.003235,,,,,,,,,,,,
31760,,,,,,,,,,,,,,,,,,,,-0.507999,-1.046671,-0.174751,0.001769,0.000671,1.024068,-0.791000,-0.049000,0.385000
31765,,,,,,,,,,,,,0.465207,0.477058,-0.002637,-0.002357,,,,,,,,,,,,
31770,,,,,,,,,,,,,,,,,,,,-0.508070,-1.046823,-0.174135,-0.005124,-0.002989,1.028155,-0.182000,-0.350000,0.182000
31775,,,,,,,,,,,,,0.391425,0.401397,-0.001917,-0.001618,,,,,,,,,,,,
31780,,,,,,,,,,,,,,,,,,,,-0.508009,-1.046876,-0.173011,0.009516,0.009211,1.028338,0.532000,0.588000,0.413000
31785,,,,,,,,,,,,,0.329345,0.337735,-0.001311,-0.000997,,,,,,,,,,,,
31790,,,,,,,,,,,,,,,,,,,,-0.507808,-1.047009,-0.174331,-0.043371,-0.003294,1.026142,-0.511000,0.399000,0.035000
31795,,,,,,,,,,,,,0.277111,0.284170,-0.000801,-0.000474,,,,,,,,,,,,
31800,,,,-0.500054,-1.000000,6.283185,0.001863,0.000045,,,,,,,,,,,,-0.508034,-1.046786,-0.175359,0.002745,-0.002196,1.020713,0.126000,-0.434000,0.042000
31802,,,,,,,,,,,0.051854,0.070521,,,,,-0.000303,0.047483,0.175087,,,,,,,,,
31805,,,,,,,,,,,,,0.233161,0.239101,-0.001563,-0.001364,,,,,,,,,,,,
31810,,,,,,,,,,,,,,,,,,,,-0.508019,-1.046867,-0.175734,0.002440,-0.006039,1.029680,0.308000,-0.140000,0.945000
31815,,,,,,,,,,,,,0.196182,0.201179,-0.001202,-0.000994,,,,,,,,,,,,
31820,,,,,,,,,,,,,,,,,,,,-0.507962,-1.046861,-0.173100,0.004026,-0.005185,1.017358,0.686000,1.232000,-0.427000
31825,,,,,,,,,,,,,0.165067,0.169272,-0.000898,-0.000682,,,,,,,,,,,,
31830,,,,,,,,,,,,,,,,,,,,-0.507811,-1.046872,-0.173833,0.000427,-0.004331,1.020164,-0.742000,0.539000,-0.196000
31835,,,,,,,,,,,,,0.138888,0.142426,-0.000642,-0.000420,,,,,,,,,,,,
31840,,,,,,,,,,,,,,,,,,,,-0.507997,-1.046931,-0.173192,0.004697,-0.001037,1.030473,-0.497000,0.259000,0.322000
31845,,,,,,,,,,,,,0.116860,0.119837,-0.000427,-0.000199,,,,,,,,,,,,
31850,,,,-0.500016,-1.000000,6.283185,0.001061,0.000011,,,,,,,,,,,,-0.508046,-1.046700,-0.173500,0.009943,-0.002074,1.023214,0.063000,-1.176000,-0.161000
31852,,,,,,,,,,,0.030120,0.040598,,,,,-0.000170,0.047394,0.173631,,,,,,,,,
31855,,,,,,,,,,,,,0.098326,0.100831,-0.000546,-0.000426,,,,,,,,,,,,
31860,,,,,,,,,,,,,,,,,,,,-0.507944,-1.046927,-0.171774,0.000976,-0.000000,1.014430,-0.476000,-0.812000,0.665000
31865,,,,,,,,,,,,,0.082731,0.084839,-0.000393,-0.000270,,,,,,,,,,,,
31870,,,,,,,,,,,,,,,,,,,,-0.507888,-1.046930,-0.173625,0.007137,-0.009455,1.027301,0.084000,0.245000,-0.259000
31875,,,,,,,,,,,,,0.069610,0.071384,-0.000265,-0.000138,,,,,,,,,,,,
31880,,,,,,,,,,,,,,,,,,,,-0.507712,-1.046810,-0.174105,-0.001159,0.001342,1.023702,0.098000,1.330000,-0.462000
31885,,,,,,,,,,,,,0.058570,0.060062,-0.000157,-0.000028,,,,,,,,,,,,
31890,,,,,,,,,,,,,,,,,,,,-0.507863,-1.046904,-0.172720,-0.005307,-0.002989,1.021201,1.148000,1.645000,0.112000
31895,,,,,,,,,,,,,0.049281,0.050536,-0.000067,0.000065,,,,,,,,,,,,
31900,,,,-0.500016,-1.000000,6.283185,0.001061,0.000011,,,,,,,,,,,,-0.508006,-1.046878,-0.174562,0.012932,-0.005551,1.018517,-0.511000,-2.457000,-0.385000
31902,,,,,,,,,,,0.013254,0.023780,,,,,-0.000268,0.047540,0.174483,,,,,,,,,
31905,,,,,,,,,,,,,0.041465,0.042521,-0.000222,-0.000088,,,,,,,,,,,,
31910,,,,,,,,,,,,,,,,,,,,-0.507834,-1.046764,-0.172395,0.007076,0.000183,1.009672,0.434000,-0.966000,-0.238000
31915,,,,,,,,,,,,,0.034889,0.035777,-0.000158,-0.000022,,,,,,,,,,,,
31920,,,,,,,,,,,,,,,,,,,,-0.508017,-1.046940,-0.176789,0.007442,-0.003294,1.025166,-0.007000,-0.273000,-0.189000
31925,,,,,,,,,,,,,0.029355,0.030103,-0.000104,0.000033,,,,,,,,,,,,
31930,,,,,,,,,,,,,,,,,,,,-0.508105,-1.046951,-0.175388,0.010309,0.000305,1.010892,0.252000,1.050000,0.448000
31935,,,,,,,,,,,,,0.024699,0.025329,-0.000059,0.000080,,,,,,,,,,,,
31940,,,,,,,,,,,,,,,,,,,,-0.507930,-1.046766,-0.172665,0.005246,0.002440,1.016199,-0.455000,0.077000,-0.273000
31945,,,,,,,,,,,,,0.020782,0.021312,-0.000020,0.000119,,,,,,,,,,,,
31950,,,,-0.500002,-1.000000,6.283185,0.000477,0.000001,,,,,,,,,,,,-0.507992,-1.046910,-0.173468,0.002989,0.010431,1.022726,-0.525000,0.728000,-0.175000
31952,,,,,,,,,,,-0.012934,-0.008244,,,,,-0.000231,0.047581,0.173552,,,,,,,,,
31955,,,,,,,,,,,,,0.017486,0.017932,-0.000349,-0.000289,,,,,,,,,,,,
31960,,,,,,,,,,,,,,,,,,,,-0.507884,-1.046804,-0.174881,0.001159,0.000671,1.022665,0.434000,-1.995000,0.280000
31965,,,,,,,,,,,,,0.014713,0.015088,-0.000322,-0.000261,,,,,,,,,,,,
31970,,,,,,,,,,,,,,,,,,,,-0.507775,-1.046919,-0.174052,0.010126,-0.003965,1.021384,-0.238000,-0.182000,0.343000
31975,,,,,,,,,,,,,0.012379,0.012695,-0.000299,-0.000237,,,,,,,,,,,,
31980,,,,,,,,,,,,,,,,,,,,-0.507877,-1.046867,-0.172958,0.004148,-0.005490,1.023336,0.217000,0.147000,-0.812000
31985,,,,,,,,,,,,,0.010416,0.010681,-0.000280,-0.000218,,,,,,,,,,,,
31990,,,,,,,,,,,,,,,,,,,,-0.507969,-1.046758,-0.175413,0.008723,0.007503,1.019371,0.259000,0.714000,0.770000
31995,,,,,,,,,,,,,0.008764,0.008987,-0.000264,-0.000201,,,,,,,,,,,,
32000,,,,-0.500000,-1.000000,6.283185,0.000121,0.000000,,,,,,,,,,,,-0.507713,-1.046920,-0.174740,0.013786,-0.006466,1.027789,0.098000,1.288000,0.105000
32002,,,,,,,,,,,-0.085016,-0.083822,,,,,-0.000534,0.047549,0.174640,,,,,,,,,
32005,,,,,,,,,,,,,0.007374,0.007562,-0.001242,-0.001228,,,,,,,,,,,,
32010,,,,,,,,,,,,,,,,,,,,-0.507847,-1.047077,-0.172105,0.001647,-0.004819,1.021262,-0.021000,-2.037000,0.469000
32015,,,,,,,,,,,,,0.006205,0.006363,-0.001231,-0.001216,,,,,,,,,,,,
32020,,,,,,,,,,,,,,,,,,,,-0.507913,-1.047111,-0.173966,0.010492,0.004697,1.023031,0.189000,-1.218000,0.161000
32025,,,,,,,,,,,,,0.005220,0.005353,-0.001221,-0.001206,,,,,,,,,,,,
32030,,,,,,,,,,,,,,,,,,,,-0.508090,-1.046898,-0.175419,0.015555,0.000244,1.025166,-0.602000,0.014000,0.609000
32035,,,,,,,,,,,,,0.004393,0.004504,-0.001213,-0.001198,,,,,,,,,,,,
32040,,,,,,,,,,,,,,,,,,,,-0.507965,-1.047217,-0.174980,0.002989,0.000793,1.019981,0.574000,0.973000,0.329000
32045,,,,,,,,,,,,,0.003696,0.003790,-0.001206,-0.001191,,,,,,,,,,,,
32050,,,,-0.500000,-1.000000,6.283185,0.000121,0.000000,,,,,,,,,,,,-0.508162,-1.046749,-0.174183,-0.001952,0.005673,1.019005,-0.490000,0.210000,0.189000
32052,,,,,,,,,,,-0.010893,-0.009701,,,,,-0.000103,0.047464,0.174221,,,,,,,,,
