ts,x,y,yaw,x_des,y_des,yaw_des,v_ff,w_ff,v_actual,w_actual,omega_l_cmd,omega_r_cmd,omega_l_meas,omega_r_meas,duty_l,duty_r,x_err,y_err,yaw_err,x_raw,y_raw,yaw_raw,acc_x,acc_y,acc_z,gyro_x,gyro_y,gyro_z
36312,,,,,,,,,,,,,,,,,,,,-0.051947,-0.979261,1.163253,,,,,,
36318,,,,,,,,,,,,,,,,,,,,,,,-0.029829,-0.002196,1.016748,0.700000,0.280000,-0.210000
36319,,,,,,,,,,,,,0.000000,0.000000,0.000000,0.000000,,,,,,,,,,,,
36321,,,,,,,,,,,,,,,,,,,,-0.051947,-0.979268,1.163253,,,,,,
36328,,,,,,,,,,,,,,,,,,,,,,,-0.029829,-0.002196,1.016748,0.700000,0.280000,-0.350000
36329,,,,,,,,,,,,,0.000000,0.000000,0.000000,0.000000,,,,,,,,,,,,
36331,,,,,,,,,,,,,,,,,,,,-0.051946,-0.979254,1.163253,,,,,,
36338,,,,,,,,,,,,,,,,,,,,,,,-0.030256,-0.002501,1.018151,0.630000,0.140000,-0.280000
36339,,,,,,,,,,,,,0.000000,0.000000,0.000000,0.000000,,,,,,,,,,,,
36340,,,,,,,,,,,,,,,,,,,,-0.051946,-0.979261,1.163253,,,,,,
36348,,,,,,,,,,,,,,,,,,,,,,,-0.030256,-0.001586,1.016260,0.700000,0.210000,-0.350000
36349,,,,,,,,,,,,,0.000000,0.000000,0.000000,0.000000,,,,,,,,,,,,
36351,,,,,,,,,,,,,,,,,,,,-0.051970,-0.979242,1.163237,,,,,,
36358,,,,,,,,,,,,,,,,,,,,,,,-0.030073,-0.001586,1.016260,0.700000,0.070000,-0.350000
36359,,,,,,,,,,,,,0.000000,0.000000,0.000000,0.000000,,,,,,,,,,,,
36361,,,,-0.001836,-0.971674,1.682211,0.286078,1.123658,,,,,,,,,,,,-0.051950,-0.979258,1.163253,,,,,,
36362,,,,,,,,,,,15.826079,30.311125,,,,,0.026820,-0.043028,0.518974,,,,,,,,,
36368,,,,,,,,,,,,,,,,,,,,,,,-0.030073,-0.002196,1.016443,0.700000,0.210000,-0.350000
36369,,,,,,,,,,,,,0.000000,0.000000,0.161426,0.309173,,,,,,,,,,,,
36370,,,,,,,,,,,,,,,,,,,,-0.051945,-0.979261,1.163253,,,,,,
36378,,,,,,,,,,,,,,,,,,,,,,,-0.030073,-0.002196,1.016443,0.700000,0.070000,-0.350000
36379,,,,,,,,,,,,,0.548327,1.096653,0.158998,0.304050,,,,,,,,,,,,
36381,,,,,,,,,,,,,,,,,,,,-0.051954,-0.979261,1.163226,,,,,,
36388,,,,,,,,,,,,,,,,,,,,,,,0.149633,-0.003599,1.059021,0.070000,-38.150002,7.910000
36389,,,,,,,,,,,,,1.008972,3.113163,0.157355,0.289324,,,,,,,,,,,,
36391,,,,,,,,,,,,,,,,,,,,-0.051993,-0.979346,1.163211,,,,,,
36398,,,,,,,,,,,,,,,,,,,,,,,0.149633,-0.003599,1.059021,-1.470000,-18.059999,21.490000
36399,,,,,,,,,,,,,1.394693,6.439622,0.156384,0.260834,,,,,,,,,,,,
36401,,,,,,,,,,,,,,,,,,,,-0.051787,-0.978829,1.166519,,,,,,
36408,,,,,,,,,,,,,,,,,,,,,,,0.269864,-0.003172,0.939522,5.390000,12.460000,19.740000
36409,,,,,,,,,,,,,2.270700,9.258517,0.150335,0.236856,,,,,,,,,,,,
36411,,,,-0.004685,-0.950614,1.725241,0.381561,0.954157,,,,,,,,,,,,,,,,,,,,
36412,,,,,,,,,,,24.005732,41.012913,,,,,0.042855,-0.033119,0.539832,-0.051195,-0.977767,1.166601,,,,,,
36418,,,,,,,,,,,,,,,,,,,,,,,0.269864,-0.003172,0.939522,-1.400000,-0.350000,53.970001
36419,,,,,,,,,,,,,2.455764,10.516103,0.234591,0.337397,,,,,,,,,,,,
36421,,,,,,,,,,,,,,,,,,,,-0.050573,-0.976534,1.176533,,,,,,
36428,,,,,,,,,,,,,,,,,,,,,,,0.332572,0.011651,1.113433,-1.890000,-17.010000,85.330002
36429,,,,,,,,,,,,,4.257380,12.134898,0.220525,0.326985,,,,,,,,,,,,
36431,,,,,,,,,,,,,,,,,,,,-0.050042,-0.975224,1.189831,,,,,,
36438,,,,,,,,,,,,,,,,,,,,,,,0.332572,0.011651,1.113433,1.330000,-2.240000,88.970001
36439,,,,,,,,,,,,,6.320759,15.139782,0.203428,0.302110,,,,,,,,,,,,
36441,,,,,,,,,,,,,,,,,,,,-0.049220,-0.973585,1.206612,,,,,,
36448,,,,,,,,,,,,,,,,,,,,,,,0.305000,0.013725,0.947574,9.450000,6.860000,82.110001
36449,,,,,,,,,,,,,7.509606,17.669083,0.194839,0.281486,,,,,,,,,,,,
36451,,,,,,,,,,,,,,,,,,,,-0.048285,-0.971392,1.220038,,,,,,
36458,,,,,,,,,,,,,,,,,,,,,,,0.305000,0.013725,0.947574,-0.630000,-3.290000,89.879997
36459,,,,,,,,,,,,,8.503090,19.781906,0.188004,0.264604,,,,,,,,,,,,
36461,,,,-0.009029,-0.925637,1.758086,0.467199,0.762906,,,,,,,,,,,,-0.047146,-0.968935,1.240430,,,,,,
36462,,,,,,,,,,,31.499098,50.107681,,,,,0.055498,-0.021691,0.529950,,,,,,,,,
36468,,,,,,,,,,,,,,,,,,,,,,,0.373747,0.025254,1.091229,7.350000,-7.490000,103.250000
36469,,,,,,,,,,,,,9.888973,21.566547,0.253401,0.343414,,,,,,,,,,,,
36471,,,,,,,,,,,,,,,,,,,,-0.045927,-0.966142,1.260946,,,,,,
36479,,,,,,,,,,,,,11.573527,23.025509,0.240541,0.334240,,,,,,,,,,,,
36481,,,,,,,,,,,,,,,,,,,,-0.044762,-0.962999,1.278124,,,,,,
36492,,,,,,,,,,,,,13.127062,25.304581,0.228680,0.316410,,,,,,,,,,,,
36493,,,,,,,,,,,,,,,,,,,,,,,0.310673,0.062464,0.989725,-12.040000,5.600000,113.470001
36491,,,,,,,,,,,,,,,,,,,,-0.043543,-0.959436,1.298894,,,,,,
36499,,,,,,,,,,,,,14.993935,27.609394,0.213312,0.297862,,,,,,,0.310673,0.062464,0.989725,-0.560000,-10.990000,115.639999
36501,,,,,,,,,,,,,,,,,,,,-0.042249,-0.955565,1.319809,,,,,,
36504,,,,,,,,,,,,,,,,,,,,,,,0.356057,0.060329,1.060607,1.540000,-2.450000,121.870003
36509,,,,,,,,,,,,,16.871801,29.614399,0.197459,0.281911,,,,,,,0.356057,0.060329,1.060607,-6.020000,-7.910000,122.010002
36511,,,,-0.014805,-0.897035,1.779629,0.545988,0.547042,,,,,,,,,,,,-0.041081,-0.951287,1.340858,,,,,,
36512,,,,,,,,,,,39.328560,57.177780,,,,,0.062635,-0.012389,0.456024,,,,,,,,,
36518,,,,,,,,,,,,,,,,,,,,,,,0.356057,0.060329,1.060607,-1.330000,0.840000,127.540001
36519,,,,,,,,,,,,,18.121578,31.086424,0.267497,0.343109,,,,,,,,,,,,
36521,,,,,,,,,,,,,,,,,,,,-0.039699,-0.946865,1.362193,,,,,,
36528,,,,,,,,,,,,,,,,,,,,,,,0.281088,0.072163,0.977525,3.780000,7.910000,137.270004
36529,,,,,,,,,,,,,20.195887,32.753971,0.250581,0.331319,,,,,,,,,,,,
36531,,,,,,,,,,,,,,,,,,,,-0.038420,-0.942085,1.387233,,,,,,
36539,,,,,,,,,,,,,21.910425,34.662399,0.236919,0.316738,,,,,,,,,,,,
36542,,,,,,,,,,,,,,,,,,,,,,,0.308355,0.112911,1.041026,0.490000,-1.470000,138.740005
36541,,,,,,,,,,,,,,,,,,,,-0.037122,-0.936890,1.412535,,,,,,
36548,,,,,,,,,,,,,,,,,,,,,,,0.308355,0.112911,1.041026,-7.210000,-8.330000,142.309998
36549,,,,,,,,,,,,,23.363422,36.830704,0.225582,0.299124,,,,,,,,,,,,
36551,,,,,,,,,,,,,,,,,,,,-0.035962,-0.931245,1.438138,,,,,,
36558,,,,,,,,,,,,,,,,,,,,,,,0.308355,0.082533,0.917196,18.620001,6.370000,138.110001
36559,,,,,,,,,,,,,25.131327,38.652035,0.210742,0.284616,,,,,,,,,,,,
36561,,,,-0.021809,-0.864917,1.789212,0.620786,0.312391,,,,,,,,,,,,-0.034691,-0.925496,1.460378,,,,,,
36562,,,,,,,,,,,47.885162,62.743332,,,,,0.066935,-0.005696,0.346835,,,,,,,,,
36568,,,,,,,,,,,,,,,,,,,,,,,0.261019,0.082533,0.917196,0.630000,25.340000,141.750000
36569,,,,,,,,,,,,,26.628210,39.649345,0.285591,0.334917,,,,,,,,,,,,
36571,,,,,,,,,,,,,,,,,,,,-0.033448,-0.919190,1.486530,,,,,,
36578,,,,,,,,,,,,,,,,,,,,,,,0.227164,0.207827,1.090863,-12.810000,23.940001,139.300003
36579,,,,,,,,,,,,,28.436565,41.585854,0.271397,0.319783,,,,,,,,,,,,
36581,,,,,,,,,,,,,,,,,,,,-0.032643,-0.912718,1.513042,,,,,,
36588,,,,,,,,,,,,,,,,,,,,,,,0.227164,0.207827,1.090863,7.910000,-15.960000,139.649994
36589,,,,,,,,,,,,,29.940554,43.191284,0.259946,0.307640,,,,,,,,,,,,
36591,,,,,,,,,,,,,,,,,,,,-0.031849,-0.906215,1.535968,,,,,,
36599,,,,,,,,,,,,,32.293053,45.080925,0.239540,0.292276,,,,,,,,,,,,
36602,,,,,,,,,,,,,,,,,,,,,,,0.258030,0.124989,1.020469,5.040000,2.520000,129.710007
36601,,,,,,,,,,,,,,,,,,,,-0.031253,-0.899486,1.559123,,,,,,
36608,,,,,,,,,,,,,,,,,,,,,,,0.258030,0.124989,1.020469,7.420000,16.730000,128.380005
36609,,,,,,,,,,,,,33.769230,46.178406,0.227601,0.284614,,,,,,,,,,,,
36611,,,,-0.029719,-0.829246,1.786863,0.694035,0.071010,,,,,,,,,,,,-0.030696,-0.892087,1.578575,,,,,,
36612,,,,,,,,,,,56.732182,66.977432,,,,,0.069677,-0.000906,0.227647,,,,,,,,,
36618,,,,,,,,,,,,,,,,,,,,,,,0.213927,0.140849,0.938729,-4.620000,37.520000,116.550003
36619,,,,,,,,,,,,,34.984081,47.067825,0.308272,0.322043,,,,,,,,,,,,
36621,,,,,,,,,,,,,,,,,,,,-0.030347,-0.884370,1.601780,,,,,,
36628,,,,,,,,,,,,,,,,,,,,,,,0.213927,0.140849,0.938729,-6.860000,8.890000,108.779999
36629,,,,,,,,,,,,,36.558826,48.369907,0.296560,0.312743,,,,,,,,,,,,
36631,,,,,,,,,,,,,,,,,,,,-0.030280,-0.876749,1.617060,,,,,,
36638,,,,,,,,,,,,,,,,,,,,,,,0.148840,0.195688,1.193526,-4.550000,-40.599998,99.470001
36639,,,,,,,,,,,,,38.419426,49.998447,0.281616,0.299854,,,,,,,,,,,,
36641,,,,,,,,,,,,,,,,,,,,-0.030376,-0.869311,1.636223,,,,,,
36649,,,,,,,,,,,,,40.508976,50.797089,0.263965,0.295103,,,,,,,0.148840,0.195688,1.193526,-0.980000,-52.360001,87.849998
36651,,,,,,,,,,,,,,,,,,,,-0.030533,-0.861993,1.651386,,,,,,
36659,,,,,,,,,,,,,42.339905,52.097076,0.248534,0.285079,,,,,,,,,,,,
36661,,,,-0.038114,-0.789875,1.773337,0.767646,-0.162389,,,,,,,,,,,,-0.030903,-0.853515,1.666395,,,,,,
36662,,,,,,,,,,,65.236122,70.468719,,,,,0.071995,0.001862,0.124963,,,,,,,,,
36664,,,,,,,,,,,,,,,,,,,,,,,0.195688,0.112179,0.981246,-4.830000,21.629999,84.139999
36669,,,,,,,,,,,,,,,,,,,,,,,0.195688,0.112179,0.981246,-17.709999,26.040001,82.459999
36670,,,,,,,,,,,,,43.386238,52.630783,0.327480,0.318223,,,,,,,,,,,,
36671,,,,,,,,,,,,,,,,,,,,-0.031551,-0.844944,1.681232,,,,,,
36679,,,,,,,,,,,,,45.204876,52.983234,0.313300,0.318195,,,,,,,0.181170,0.120780,0.925065,31.639999,20.299999,71.190002
36681,,,,,,,,,,,,,,,,,,,,-0.032002,-0.836697,1.692380,,,,,,
36688,,,,,,,,,,,,,,,,,,,,,,,0.181170,0.120780,0.925065,-0.420000,-6.230000,66.220001
36689,,,,,,,,,,,,,46.825420,54.468887,0.300777,0.306539,,,,,,,,,,,,
36691,,,,,,,,,,,,,,,,,,,,-0.032706,-0.827698,1.703420,,,,,,
36699,,,,,,,,,,,,,48.655212,55.086422,0.285795,0.303440,,,,,,,0.157746,0.115534,1.056398,15.050000,13.930000,48.580002
36701,,,,,,,,,,,,,,,,,,,,-0.033522,-0.818892,1.714475,,,,,,
36709,,,,,,,,,,,,,50.249729,56.208668,0.272847,0.295070,,,,,,,0.157746,0.115534,1.056398,-7.000000,8.330000,34.650002
36711,,,,-0.046502,-0.746596,1.749995,0.842989,-0.374039,,,,,,,,,,,,-0.034607,-0.809857,1.718054,,,,,,
36712,,,,,,,,,,,73.150986,73.290939,,,,,0.073148,0.002604,0.038312,,,,,,,,,
36719,,,,,,,,,,,,,51.457508,56.471355,0.344257,0.324029,,,,,,,,,,,,
36723,,,,,,,,,,,,,,,,,,,,,,,0.165798,0.078263,1.013332,6.300000,-2.100000,28.209999
36721,,,,,,,,,,,,,,,,,,,,-0.035654,-0.800511,1.721782,,,,,,
36729,,,,,,,,,,,,,53.315536,57.534187,0.329644,0.316552,,,,,,,0.165798,0.078263,1.013332,4.900000,-26.950001,22.680000
36731,,,,,,,,,,,,,,,,,,,,-0.036776,-0.791368,1.725437,,,,,,
36738,,,,,,,,,,,,,,,,,,,,,,,0.101809,0.055449,1.050664,-16.590000,-12.880000,8.260000
36739,,,,,,,,,,,,,54.696877,58.792957,0.319521,0.306864,,,,,,,,,,,,
36741,,,,,,,,,,,,,,,,,,,,-0.038161,-0.782262,1.729064,,,,,,
36748,,,,,,,,,,,,,,,,,,,,,,,0.101809,0.055449,1.050664,-11.200000,-1.050000,-8.400000
36749,,,,,,,,,,,,,56.429672,59.328339,0.305537,0.304302,,,,,,,,,,,,
36751,,,,,,,,,,,,,,,,,,,,-0.039631,-0.772707,1.725401,,,,,,
36759,,,,,,,,,,,,,57.882412,59.773853,0.294064,0.302551,,,,,,,,,,,,
36761,,,,-0.054341,-0.699187,1.718589,0.920912,-0.553737,,,,,,,,,,,,-0.041196,-0.762568,1.725424,,,,,,
36762,,,,,,,,,,,80.008476,77.011177,,,,,0.074500,0.003494,-0.003179,,,,,,,,,
36763,,,,,,,,,,,,,,,,,,,,,,,0.174948,0.062464,1.055239,-4.340000,9.380000,-15.050000
36769,,,,,,,,,,,,,59.075546,60.121040,0.354894,0.339659,,,,,,,0.174948,-0.007076,0.994483,-5.950000,-4.200000,-16.520000
36771,,,,,,,,,,,,,,,,,,,,-0.042683,-0.752730,1.721750,,,,,,
36778,,,,,,,,,,,,,,,,,,,,,,,0.142008,-0.007076,0.994483,2.100000,-13.160000,-20.230000
36779,,,,,,,,,,,,,60.674896,60.457703,0.342767,0.339603,,,,,,,,,,,,
36781,,,,,,,,,,,,,,,,,,,,-0.044103,-0.742707,1.718125,,,,,,
36788,,,,,,,,,,,,,,,,,,,,,,,0.134627,-0.056425,0.948428,10.780000,-0.910000,-23.940001
36789,,,,,,,,,,,,,62.580639,61.299915,0.327195,0.334323,,,,,,,,,,,,
36791,,,,,,,,,,,,,,,,,,,,-0.045511,-0.732727,1.714480,,,,,,
36799,,,,,,,,,,,,,63.580074,62.502472,0.320487,0.325200,,,,,,,0.134627,-0.056425,0.948428,-5.390000,17.360001,-33.459999
36801,,,,,,,,,,,,,,,,,,,,-0.046976,-0.722003,1.707133,,,,,,
36808,,,,,,,,,,,,,,,,,,,,,,,0.176168,-0.059841,0.979538,-4.340000,19.530001,-41.509998
36809,,,,,,,,,,,,,64.450668,62.996250,0.314892,0.323065,,,,,,,,,,,,
36811,,,,-0.061061,-0.647458,1.681023,1.001749,-0.696081,,,,,,,,,,,,-0.048335,-0.711046,1.703435,,,,,,
36812,,,,,,,,,,,86.408508,81.133209,,,,,0.075324,0.003699,-0.027338,,,,,,,,,
36819,,,,,,,,,,,,,65.700905,63.930862,0.370532,0.358379,,,,,,,,,,,,
36824,,,,,,,,,,,,,,,,,,,,,,,0.176168,-0.059841,0.979538,2.030000,29.049999,-39.130001
36821,,,,,,,,,,,,,,,,,,,,-0.049633,-0.700314,1.696044,,,,,,
36829,,,,,,,,,,,,,,,,,,,,,,,0.103761,-0.074603,0.989359,-9.030000,36.889999,-45.220001
36830,,,,,,,,,,,,,67.366508,64.826263,0.357684,0.352687,,,,,,,,,,,,
36831,,,,,,,,,,,,,,,,,,,,-0.051036,-0.688841,1.688575,,,,,,
36838,,,,,,,,,,,,,,,,,,,,,,,0.103761,-0.074603,0.989359,-13.230000,30.240000,-53.619999
36839,,,,,,,,,,,,,68.729584,65.444855,0.347589,0.349639,,,,,,,,,,,,
36841,,,,,,,,,,,,,,,,,,,,-0.052297,-0.677874,1.677392,,,,,,
36849,,,,,,,,,,,,,69.883751,66.572044,0.339352,0.341279,,,,,,,0.145180,-0.081069,1.160037,3.640000,-31.360001,-54.880001
36851,,,,,,,,,,,,,,,,,,,,-0.053473,-0.666498,1.670021,,,,,,
36858,,,,,,,,,,,,,,,,,,,,,,,0.145180,-0.081069,1.160037,-13.930000,-16.170000,-50.820000
36859,,,,,,,,,,,,,71.372444,67.492737,0.327473,0.334800,,,,,,,,,,,,
36861,,,,-0.066091,-0.591288,1.639138,1.085320,-0.800367,,,,,,,,,,,,-0.054694,-0.655461,1.658825,,,,,,
36862,,,,,,,,,,,91.995705,86.207420,,,,,0.075704,0.005599,-0.025802,,,,,,,,,
36868,,,,,,,,,,,,,,,,,,,,,,,0.131455,-0.082899,0.961360,3.920000,-17.780001,-50.470001
36869,,,,,,,,,,,,,72.111092,67.750496,0.379935,0.386656,,,,,,,,,,,,
36871,,,,,,,,,,,,,,,,,,,,-0.055826,-0.643845,1.647494,,,,,,
36879,,,,,,,,,,,,,73.251579,69.035736,0.372279,0.377238,,,,,,,,,,,,
36882,,,,,,,,,,,,,,,,,,,,,,,0.131455,-0.082899,0.961360,20.230000,11.130000,-45.709999
36881,,,,,,,,,,,,,,,,,,,,-0.056659,-0.632140,1.643790,,,,,,
36888,,,,,,,,,,,,,,,,,,,,,,,0.117669,-0.123159,0.926834,0.910000,-0.560000,-52.919998
36889,,,,,,,,,,,,,74.776505,70.134071,0.360474,0.369469,,,,,,,,,,,,
36891,,,,,,,,,,,,,,,,,,,,-0.057486,-0.619751,1.632398,,,,,,
36899,,,,,,,,,,,,,75.547531,71.092232,0.356053,0.362911,,,,,,,0.117669,-0.123159,0.926834,8.680000,25.059999,-56.279999
36901,,,,,,,,,,,,,,,,,,,,-0.058199,-0.607447,1.624743,,,,,,
36908,,,,,,,,,,,,,,,,,,,,,,,0.162565,-0.121878,1.022238,-2.310000,3.710000,-52.360001
36909,,,,,,,,,,,,,76.709641,71.865623,0.347489,0.358045,,,,,,,,,,,,
36911,,,,-0.068880,-0.530647,1.594562,1.170943,-0.869581,,,,,,,,,,,,-0.058899,-0.595191,1.617105,,,,,,
36912,,,,,,,,,,,98.098404,91.486496,,,,,0.076954,0.006493,-0.030782,,,,,,,,,
36919,,,,,,,,,,,,,77.630844,73.009781,0.403398,0.403090,,,,,,,,,,,,
36924,,,,,,,,,,,,,,,,,,,,,,,0.162565,-0.132980,1.139114,-0.070000,1.820000,-57.400002
36922,,,,,,,,,,,,,,,,,,,,-0.059438,-0.582682,1.605592,,,,,,
36929,,,,,,,,,,,,,78.962181,74.528275,0.393911,0.391296,,,,,,,0.101260,-0.132980,1.139114,-25.760000,-30.590000,-57.610001
36931,,,,,,,,,,,,,,,,,,,,-0.060019,-0.570031,1.597829,,,,,,
36938,,,,,,,,,,,,,,,,,,,,,,,0.101260,-0.132980,1.139114,3.990000,-42.000000,-55.580002
36939,,,,,,,,,,,,,80.241447,75.406540,0.384690,0.385730,,,,,,,,,,,,
36941,,,,,,,,,,,,,,,,,,,,-0.060331,-0.557626,1.590178,,,,,,
36948,,,,,,,,,,,,,,,,,,,,,,,0.110349,-0.094062,0.997899,-6.510000,-19.879999,-54.669998
36949,,,,,,,,,,,,,81.768768,76.056023,0.372683,0.382321,,,,,,,,,,,,
36951,,,,,,,,,,,,,,,,,,,,-0.060699,-0.545051,1.578548,,,,,,
36959,,,,,,,,,,,,,82.969688,77.073029,0.363699,0.375034,,,,,,,0.110349,-0.094062,0.997899,3.780000,31.080000,-56.279999
36961,,,,-0.068920,-0.465625,1.548635,1.257475,-0.908977,,,,,,,,,,,,-0.060812,-0.531515,1.566920,,,,,,
36962,,,,,,,,,,,104.006737,97.520729,,,,,0.078923,0.008116,-0.025500,,,,,,,,,
36968,,,,,,,,,,,,,,,,,,,,,,,0.138897,-0.103334,0.894809,-21.209999,50.049999,-57.540001
36969,,,,,,,,,,,,,83.550674,78.039627,0.421064,0.429606,,,,,,,,,,,,
36971,,,,,,,,,,,,,,,,,,,,-0.060897,-0.518059,1.559148,,,,,,
36979,,,,,,,,,,,,,84.498825,79.315704,0.415484,0.420486,,,,,,,,,,,,
36982,,,,,,,,,,,,,,,,,,,,,,,0.122427,-0.173972,1.010221,-3.920000,8.540000,-58.450001
36981,,,,,,,,,,,,,,,,,,,,-0.060855,-0.504345,1.547577,,,,,,
36988,,,,,,,,,,,,,,,,,,,,,,,0.122427,-0.173972,1.010221,-0.350000,-7.910000,-57.889999
36989,,,,,,,,,,,,,85.358101,79.900040,0.410621,0.418167,,,,,,,,,,,,
36991,,,,,,,,,,,,,,,,,,,,-0.060456,-0.490497,1.535999,,,,,,
36999,,,,,,,,,,,,,86.622131,81.481506,0.401458,0.405560,,,,,,,0.180255,-0.170617,1.103246,-7.910000,-1.260000,-58.799999
37001,,,,,,,,,,,,,,,,,,,,-0.059995,-0.477285,1.524417,,,,,,
37008,,,,,,,,,,,,,,,,,,,,,,,0.180255,-0.170617,1.103246,0.350000,-24.080000,-59.150002
37009,,,,,,,,,,,,,88.257118,82.833710,0.388258,0.394976,,,,,,,,,,,,
37011,,,,-0.065768,-0.396432,1.502387,1.343390,-0.924698,,,,,,,,,,,,-0.059448,-0.463192,1.513031,,,,,,
37012,,,,,,,,,,,109.665352,103.210007,,,,,0.079996,0.009421,-0.023445,,,,,,,,,
37019,,,,,,,,,,,,,,,0.440645,0.449494,,,,,,,,,,,,
37020,,,,,,,,,,,,,89.088562,83.466087,,,,,,,,,,,,,,
37023,,,,,,,,,,,,,,,,,,,,,,,0.138653,-0.139080,0.975024,-15.120000,-21.280001,-54.740002
37021,,,,,,,,,,,,,,,,,,,,-0.058762,-0.449469,1.509140,,,,,,
37029,,,,,,,,,,,,,89.963356,84.121178,0.435837,0.446760,,,,,,,0.138653,-0.139080,0.975024,-0.350000,-31.780001,-52.080002
37031,,,,,,,,,,,,,,,,,,,,-0.057956,-0.434942,1.497826,,,,,,
37038,,,,,,,,,,,,,,,,,,,,,,,0.123586,-0.144082,0.910974,13.860000,14.770000,-54.810001
37039,,,,,,,,,,,,,91.314095,85.840668,0.426000,0.433039,,,,,,,,,,,,
37041,,,,,,,,,,,,,,,,,,,,-0.056725,-0.420236,1.490360,,,,,,
37049,,,,,,,,,,,,,92.755585,87.052048,0.414967,0.424157,,,,,,,0.123586,-0.144082,0.910974,2.380000,-7.350000,-58.939999
37051,,,,,,,,,,,,,,,,,,,,-0.055521,-0.405423,1.475443,,,,,,
37058,,,,,,,,,,,,,,,,,,,,,,,0.183915,-0.168543,1.024739,43.330002,-14.490000,-61.810001
37059,,,,,,,,,,,,,93.360672,87.467705,0.412177,0.423149,,,,,,,,,,,,
37061,,,,-0.059060,-0.323400,1.456573,1.426896,-0.922710,,,,,,,,,,,,-0.053861,-0.390243,1.464405,,,,,,
37062,,,,,,,,,,,115.019417,108.835724,,,,,0.080942,0.011205,-0.020341,,,,,,,,,
37068,,,,,,,,,,,,,,,,,,,,,,,0.183915,-0.168543,1.024739,-19.740000,-28.559999,-58.099998
37069,,,,,,,,,,,,,94.445526,88.391197,0.458984,0.474260,,,,,,,,,,,,
37071,,,,,,,,,,,,,,,,,,,,-0.052433,-0.375771,1.456846,,,,,,
37079,,,,,,,,,,,,,95.321625,90.227516,0.454163,0.459619,,,,,,,,,,,,
37082,,,,,,,,,,,,,,,,,,,,,,,0.099003,-0.157075,1.169492,-3.220000,-36.750000,-63.349998
37081,,,,,,,,,,,,,,,,,,,,-0.050887,-0.361092,1.445629,,,,,,
37088,,,,,,,,,,,,,,,,,,,,,,,0.099003,-0.157075,1.169492,4.410000,-16.520000,-52.779999
37089,,,,,,,,,,,,,97.227440,91.293793,0.438663,0.452464,,,,,,,,,,,,
37091,,,,,,,,,,,,,,,,,,,,-0.049118,-0.346150,1.438135,,,,,,
37099,,,,,,,,,,,,,98.199181,92.660217,0.432310,0.442035,,,,,,,0.128954,-0.147193,1.051457,-3.080000,8.960000,-49.349998
37101,,,,,,,,,,,,,,,,,,,,-0.047202,-0.331168,1.427132,,,,,,
37108,,,,,,,,,,,,,,,,,,,,,,,0.128954,-0.147193,1.051457,3.990000,-5.390000,-55.509998
37109,,,,,,,,,,,,,99.583626,93.829025,0.421552,0.433348,,,,,,,,,,,,
37111,,,,-0.048529,-0.246972,1.411713,1.506065,-0.908155,,,,,,,,,,,,-0.044927,-0.315401,1.419825,,,,,,
37112,,,,,,,,,,,120.020760,114.548279,,,,,0.082364,0.013551,-0.014066,,,,,,,,,
37118,,,,,,,,,,,,,,,,,,,,,,,0.138714,-0.112362,0.734928,2.170000,21.910000,-60.480000
37119,,,,,,,,,,,,,100.201439,94.812462,0.469352,0.484587,,,,,,,,,,,,
37121,,,,,,,,,,,,,,,,,,,,-0.042596,-0.299406,1.412575,,,,,,
37128,,,,,,,,,,,,,,,,,,,,,,,0.138714,-0.112362,0.734928,0.350000,41.790001,-56.560001
37129,,,,,,,,,,,,,100.780838,95.148460,0.467406,0.485107,,,,,,,,,,,,
37131,,,,,,,,,,,,,,,,,,,,-0.039997,-0.283221,1.401812,,,,,,
37139,,,,,,,,,,,,,101.666016,96.382774,0.462225,0.476397,,,,,,,,,,,,
37141,,,,,,,,,,,,,,,,,,,,,,,0.134200,-0.196603,1.180960,-12.460000,-22.469999,-55.020000
37142,,,,,,,,,,,,,,,,,,,,-0.037527,-0.267507,1.390873,,,,,,
37149,,,,,,,,,,,,,103.168091,98.171951,0.450575,0.461780,,,,,,,0.134200,-0.196603,1.180960,-0.910000,-77.489998,-51.520000
37151,,,,,,,,,,,,,,,,,,,,-0.034770,-0.251659,1.380032,,,,,,
37158,,,,,,,,,,,,,,,,,,,,,,,0.116388,-0.156038,1.024373,-18.200001,-64.050003,-50.610001
37159,,,,,,,,,,,,,104.330894,99.031815,0.442084,0.456285,,,,,,,,,,,,
37161,,,,-0.034010,-0.167691,1.368159,1.578967,-0.885073,,,,,,,,,,,,,,,,,,,,
37162,,,,,,,,,,,124.177231,119.297180,,,,,0.081979,0.015478,-0.009969,-0.032039,-0.236231,1.372830,,,,,,
37168,,,,,,,,,,,,,,,,,,,,,,,0.116388,-0.156038,1.024373,3.780000,31.290001,-44.869999
37169,,,,,,,,,,,,,104.787262,99.780128,0.482964,0.500194,,,,,,,,,,,,
37171,,,,,,,,,,,,,,,,,,,,-0.028818,-0.219770,1.365680,,,,,,
37178,,,,,,,,,,,,,,,,,,,,,,,0.117547,-0.123464,0.836432,18.340000,63.279999,-53.270000
37179,,,,,,,,,,,,,105.712677,101.499672,0.477402,0.486558,,,,,,,,,,,,
37181,,,,,,,,,,,,,,,,,,,,-0.025421,-0.203065,1.358639,,,,,,
37188,,,,,,,,,,,,,,,,,,,,,,,0.117547,-0.123464,1.099159,2.870000,21.700001,-47.599998
37189,,,,,,,,,,,,,106.501923,101.859894,0.473045,0.486444,,,,,,,,,,,,
37191,,,,,,,,,,,,,,,,,,,,-0.021740,-0.186168,1.347988,,,,,,
37199,,,,,,,,,,,,,107.541183,103.092033,0.465979,0.477363,,,,,,,,,,,,
37201,,,,,,,,,,,,,,,,,,,,-0.018040,-0.169505,1.340880,0.182512,-0.206058,1.099159,-4.410000,-76.580002,-46.480000
37208,,,,,,,,,,,,,,,,,,,,,,,0.182512,-0.171471,1.199138,-3.360000,-48.439999,-47.320000
37209,,,,,,,,,,,,,108.645752,104.351913,0.458040,0.467753,,,,,,,,,,,,
37211,,,,-0.015447,-0.086170,1.326139,1.643806,-0.856364,,,,,,,,,,,,-0.014507,-0.153682,1.330261,,,,,,
37212,,,,,,,,,,,128.128387,122.942963,,,,,0.081099,0.016532,-0.014806,,,,,,,,,
37218,,,,,,,,,,,,,,,,,,,,,,,0.104432,-0.171471,1.199138,0.490000,-38.360001,-45.570000
37219,,,,,,,,,,,,,109.997749,105.291779,0.487658,0.498343,,,,,,,,,,,,
37221,,,,,,,,,,,,,,,,,,,,-0.010694,-0.137433,1.326780,,,,,,
37228,,,,,,,,,,,,,,,,,,,,,,,0.083143,-0.109312,0.711504,3.570000,6.370000,-46.200001
37229,,,,,,,,,,,,,111.129723,106.623718,0.479738,0.488287,,,,,,,,,,,,
37231,,,,,,,,,,,,,,,,,,,,-0.006406,-0.120250,1.312761,,,,,,
37239,,,,,,,,,,,,,111.655975,107.314575,0.477770,0.484504,,,,,,,,,,,,
37242,,,,,,,,,,,,,,,,,,,,,,,0.083143,-0.109312,0.711504,39.410000,-6.300000,-58.590000
37241,,,,,,,,,,,,,,,,,,,,-0.001802,-0.102535,1.305768,,,,,,
37248,,,,,,,,,,,,,,,,,,,,,,,0.166652,-0.189161,1.008879,14.560000,23.870001,-50.400002
37249,,,,,,,,,,,,,112.060341,107.858604,0.476940,0.482081,,,,,,,,,,,,
37251,,,,,,,,,,,,,,,,,,,,0.003051,-0.084594,1.298902,,,,,,
37258,,,,,,,,,,,,,,,,,,,,,,,0.166652,-0.189161,1.008879,-15.470000,-4.340000,-46.060001
37259,,,,,,,,,,,,,112.335083,108.252853,0.477351,0.481076,,,,,,,,,,,,
37261,,,,0.007108,-0.003076,1.285812,1.699018,-0.823915,,,,,,,,,,,,0.007875,-0.067291,1.288551,,,,,,
37262,,,,,,,,,,,131.103500,125.930763,,,,,0.079442,0.017626,-0.016613,,,,,,,,,
37268,,,,,,,,,,,,,,,,,,,,,,,0.071736,-0.171227,1.159061,-14.350000,15.750000,-47.599998
37269,,,,,,,,,,,,,113.725632,109.193306,0.496672,0.504897,,,,,,,,,,,,
37271,,,,,,,,,,,,,,,,,,,,0.012720,-0.050195,1.281508,,,,,,
37279,,,,,,,,,,,,,114.843521,109.935455,0.488745,0.500675,,,,,,,0.071736,-0.171227,1.159061,17.639999,13.650000,-48.090000
37281,,,,,,,,,,,,,,,,,,,,0.017698,-0.033345,1.274581,,,,,,
37288,,,,,,,,,,,,,,,,,,,,,,,0.093818,-0.157502,0.895358,27.090000,7.980000,-45.990002
37289,,,,,,,,,,,,,115.697868,111.023407,0.483283,0.492777,,,,,,,,,,,,
37291,,,,,,,,,,,,,,,,,,,,0.023077,-0.016307,1.267717,,,,,,
37299,,,,,,,,,,,,,116.051544,111.568352,0.482757,0.490200,,,,,,,,,,,,
37302,,,,,,,,,,,,,,,,,,,,,,,0.093818,-0.157502,0.895358,0.140000,10.850000,-54.669998
37301,,,,,,,,,,,,,,,,,,,,0.028994,0.002097,1.257583,,,,,,
37309,,,,,,,,,,,,,116.839119,111.970200,0.477734,0.488974,,,,,,,0.115717,-0.147132,0.928237,-5.950000,18.129999,-52.919998
37311,,,,0.033496,0.080902,1.247301,1.743348,-0.788767,,,,,,,,,,,,0.034516,0.019810,1.243846,,,,,,
37312,,,,,,,,,,,132.458160,128.233536,,,,,0.076063,0.019943,-0.010642,,,,,,,,,
37319,,,,,,,,,,,,,117.397972,112.755852,0.488704,0.507240,,,,,,,0.115717,-0.147132,0.928237,-3.710000,-27.930000,-47.320000
37320,,,,,,,,,,,,,,,,,,,,0.040183,0.037519,1.237108,,,,,,
37328,,,,,,,,,,,,,,,,,,,,,,,0.080093,-0.177205,1.172908,-5.670000,-19.530001,-52.779999
37329,,,,,,,,,,,,,117.948837,113.495239,0.486097,0.502794,,,,,,,,,,,,
37331,,,,,,,,,,,,,,,,,,,,0.045783,0.054555,1.230256,,,,,,
37338,,,,,,,,,,,,,,,,,,,,,,,0.080093,-0.177205,1.172908,-6.580000,-12.180000,-48.509998
37339,,,,,,,,,,,,,118.967995,114.672798,0.478603,0.493731,,,,,,,,,,,,
37341,,,,,,,,,,,,,,,,,,,,0.051966,0.072244,1.220052,,,,,,
37349,,,,,,,,,,,,,119.772064,115.611633,0.473100,0.486867,,,,,,,0.073444,-0.123037,0.735233,3.080000,30.730000,-46.270000
37351,,,,,,,,,,,,,,,,,,,,0.058527,0.090361,1.216671,,,,,,
37359,,,,,,,,,,,,,119.957970,115.361282,0.473741,0.491945,,,,,,,,,,,,
37361,,,,0.063460,0.165076,1.210724,1.775899,-0.751291,,,,,,,,,,,,0.065423,0.108884,1.203424,,,,,,
37362,,,,,,,,,,,132.880371,129.327576,,,,,0.071513,0.021233,-0.007042,,,,,,,,,
37364,,,,,,,,,,,,,,,,,,,,,,,0.109068,-0.240340,1.273985,8.890000,16.450001,-55.160000
37370,,,,,,,,,,,,,119.945641,116.077988,0.480673,0.498368,,,,,,,0.109068,-0.240340,1.273985,8.960000,23.660000,-35.419998
37371,,,,,,,,,,,,,,,,,,,,0.072450,0.126755,1.196797,,,,,,
37379,,,,,,,,,,,,,120.864586,116.437263,0.473887,0.497353,,,,,,,0.109068,-0.240340,1.273985,-17.360001,1.120000,-36.610001
37381,,,,,,,,,,,,,,,,,,,,0.079479,0.144576,1.186705,,,,,,
37389,,,,,,,,,,,,,121.397514,117.125084,0.470854,0.492916,,,,,,,0.021350,-0.150853,0.877180,40.320000,-17.780001,-39.830002
37391,,,,,,,,,,,,,,,,,,,,0.086620,0.162115,1.183331,,,,,,
37399,,,,,,,,,,,,,121.826134,118.231316,0.468779,0.484073,,,,,,,0.021350,-0.163419,0.951966,23.799999,-4.340000,-33.040001
37401,,,,,,,,,,,,,,,,,,,,0.093784,0.179412,1.179951,,,,,,
37408,,,,,,,,,,,,,,,,,,,,,,,0.055815,-0.163419,0.951966,-40.389999,33.740002,-44.169998
37409,,,,,,,,,,,,,122.314072,118.188858,0.466013,0.486725,,,,,,,,,,,,
37411,,,,0.096654,0.248785,1.176217,1.796155,-0.711340,,,,,,,,,,,,0.101614,0.198361,1.163767,,,,,,
37412,,,,,,,,,,,132.157700,128.959076,,,,,0.065072,0.023396,-0.006895,,,,,,,,,
37419,,,,,,,,,,,,,122.382332,118.370613,0.460059,0.483340,,,,,,,,,,,,
37421,,,,,,,,,,,,,,,,,,,,0.109053,0.216394,1.160124,,,,,,
37424,,,,,,,,,,,,,,,,,,,,,,,0.063013,-0.104981,1.111420,-25.969999,0.350000,-32.830002
37429,,,,,,,,,,,,,,,0.457501,0.479928,,,,,,,0.063013,-0.104981,1.111420,-21.139999,-9.310000,-29.540001
37430,,,,,,,,,,,,,122.824776,118.912766,,,,,,,,,,,,,,
37431,,,,,,,,,,,,,,,,,,,,0.116659,0.234339,1.153620,,,,,,
37438,,,,,,,,,,,,,,,,,,,,,,,-0.017202,-0.133651,0.868945,2.590000,-32.619999,-34.930000
37439,,,,,,,,,,,,,123.204094,119.345123,0.455498,0.477527,,,,,,,,,,,,
37441,,,,,,,,,,,,,,,,,,,,0.124356,0.252037,1.150086,,,,,,
37449,,,,,,,,,,,,,123.385796,119.591026,0.455436,0.476942,,,,,,,-0.017202,-0.133651,0.868945,24.430000,-3.570000,-25.760000
37451,,,,,,,,,,,,,,,,,,,,0.132226,0.269291,1.146836,,,,,,
37459,,,,,,,,,,,,,123.501053,120.308136,0.456014,0.471501,,,,,,,,,,,,
37461,,,,0.132657,0.331417,1.143949,1.803975,-0.668383,,,,,,,,,,,,0.140459,0.287359,1.140394,,,,,,
37462,,,,,,,,,,,130.119095,127.343399,,,,,0.056835,0.024864,-0.005922,,,,,,,,,
37464,,,,,,,,,,,,,,,,,,,,,,,-0.030256,-0.149389,1.129842,2.170000,2.240000,-39.480000
37469,,,,,,,,,,,,,,,,,,,,,,,-0.030256,-0.149389,1.129842,-43.820000,20.230000,-34.160000
37470,,,,,,,,,,,,,123.621048,120.415916,0.435728,0.455652,,,,,,,,,,,,
37471,,,,,,,,,,,,,,,,,,,,0.148754,0.305561,1.133760,,,,,,
37478,,,,,,,,,,,,,,,,,,,,,,,0.009211,-0.086864,0.974841,-35.000000,-15.750000,-22.400000
37479,,,,,,,,,,,,,123.178566,120.481766,0.441541,0.456365,,,,,,,,,,,,
37481,,,,,,,,,,,,,,,,,,,,0.156732,0.322950,1.127032,,,,,,
37488,,,,,,,,,,,,,,,,,,,,,,,0.009211,-0.086864,0.974841,-14.070000,-17.920000,-27.790001
37489,,,,,,,,,,,,,123.374245,120.557045,0.440933,0.456970,,,,,,,,,,,,
37491,,,,,,,,,,,,,,,,,,,,0.165055,0.340717,1.123734,,,,,,
37499,,,,,,,,,,,,,123.505180,120.587616,0.440947,0.458015,,,,,,,-0.028121,-0.143777,0.959835,39.900002,-2.520000,-23.870001
37501,,,,,,,,,,,,,,,,,,,,0.173971,0.358702,1.123735,,,,,,
37508,,,,,,,,,,,,,,,,,,,,,,,-0.028121,-0.143777,0.959835,5.320000,32.549999,-26.809999
37509,,,,,,,,,,,,,123.112541,120.657700,0.446274,0.458652,,,,,,,,,,,,
37511,,,,0.170987,0.412426,1.114138,1.799565,-0.621597,,,,,,,,,,,,0.182858,0.376060,1.117359,,,,,,
37512,,,,,,,,,,,127.179321,124.359993,,,,,0.047294,0.025938,-0.008993,,,,,,,,,
37519,,,,,,,,,,,,,123.032921,120.967415,0.418502,0.426399,,,,,,,,,,,,
37521,,,,,,,,,,,,,,,,,,,,0.191829,0.394602,1.107666,,,,,,
37524,,,,,,,,,,,,,,,,,,,,,,,-0.039040,-0.127246,1.008452,-22.680000,16.379999,-38.990002
37529,,,,,,,,,,,,,122.824219,120.550072,0.421460,0.431334,,,,,,,-0.039040,-0.127246,1.008452,-23.100000,-0.560000,-30.660000
37531,,,,,,,,,,,,,,,,,,,,0.200647,0.412354,1.101256,,,,,,
37538,,,,,,,,,,,,,,,,,,,,,,,-0.040504,-0.077531,1.148630,-1.680000,-8.540000,-21.910000
37539,,,,,,,,,,,,,122.656342,119.606865,0.424043,0.441717,,,,,,,,,,,,
37541,,,,,,,,,,,,,,,,,,,,0.209173,0.429510,1.097854,,,,,,
37548,,,,,,,,,,,,,,,,,,,,,,,-0.040504,-0.077531,1.148630,33.459999,-13.580000,-21.070000
37549,,,,,,,,,,,,,122.336662,119.770836,0.428209,0.440995,,,,,,,,,,,,
37551,,,,,,,,,,,,,,,,,,,,0.218220,0.446978,1.097802,,,,,,
37558,,,,,,,,,,,,,,,,,,,,,,,-0.085278,-0.139080,0.886879,17.500000,-5.810000,-31.570000
37559,,,,,,,,,,,,,122.131279,119.423904,0.431272,0.445452,,,,,,,,,,,,
37561,,,,0.211115,0.491344,1.087055,1.783426,-0.569947,,,,,,,,,,,,0.227343,0.464094,1.094479,,,,,,
37562,,,,,,,,,,,123.025505,120.386047,,,,,0.036435,0.026553,-0.010081,,,,,,,,,
37569,,,,,,,,,,,,,122.427727,119.603455,0.386889,0.404073,,,,,,,-0.085278,-0.139080,0.886879,24.219999,-29.750000,-31.430000
37571,,,,,,,,,,,,,,,,,,,,0.236538,0.481178,1.091239,,,,,,
37579,,,,,,,,,,,,,122.096405,119.720062,0.390388,0.403040,,,,,,,,,,,,
37581,,,,,,,,,,,,,,,,,,,,0.245700,0.498258,1.081527,-0.121085,-0.125233,1.229516,-1.820000,-41.790001,-36.049999
37589,,,,,,,,,,,,,121.459869,118.909584,0.397067,0.411440,,,,,,,-0.121085,-0.125233,1.229516,-25.900000,-29.330000,-32.060001
37591,,,,,,,,,,,,,,,,,,,,0.254709,0.515155,1.075061,,,,,,
37598,,,,,,,,,,,,,,,,,,,,,,,-0.097356,-0.056913,0.935923,-13.580000,-1.330000,-17.639999
37599,,,,,,,,,,,,,121.320351,118.628143,0.398803,0.414606,,,,,,,,,,,,
37601,,,,,,,,,,,,,,,,,,,,0.263816,0.531887,1.071803,,,,,,
37608,,,,,,,,,,,,,,,,,,,,,,,-0.097356,-0.056913,0.761829,9.170000,57.189999,-28.000000
37609,,,,,,,,,,,,,120.177353,117.912125,0.410802,0.422261,,,,,,,,,,,,
37611,,,,0.252483,0.567796,1.063034,1.756323,-0.512259,,,,,,,,,,,,0.273355,0.548966,1.068602,,,,,,
37612,,,,,,,,,,,118.222771,116.131775,,,,,0.026349,0.027129,-0.008112,,,,,,,,,
37619,,,,,,,,,,,,,119.694839,117.242477,0.367306,0.386193,,,,,,,,,,,,
37621,,,,,,,,,,,,,,,,,,,,0.282866,0.565899,1.062338,,,,,,
37624,,,,,,,,,,,,,,,,,,,,,,,-0.135176,-0.097173,0.761829,-21.280001,92.120003,-34.230000
37629,,,,,,,,,,,,,118.930542,116.867119,0.374807,0.389800,,,,,,,-0.086864,-0.083814,1.193221,-40.389999,83.720001,-34.930000
37631,,,,,,,,,,,,,,,,,,,,0.292449,0.583232,1.055941,,,,,,
37638,,,,,,,,,,,,,,,,,,,,,,,-0.086864,-0.083814,1.193221,6.230000,65.169998,-32.200001
37639,,,,,,,,,,,,,118.563332,115.706245,0.378411,0.401493,,,,,,,,,,,,
37641,,,,,,,,,,,,,,,,,,,,0.301923,0.600177,1.046619,,,,,,
37648,,,,,,,,,,,,,,,,,,,,,,,-0.147864,-0.088633,0.832345,-13.860000,10.080000,-15.820000
37649,,,,,,,,,,,,,117.861244,114.908745,0.385504,0.409713,,,,,,,,,,,,
37651,,,,,,,,,,,,,,,,,,,,0.311827,0.617133,1.049922,,,,,,
37658,,,,,,,,,,,,,,,,,,,,,,,-0.147864,-0.088633,0.832345,25.549999,1.960000,-9.450000
37659,,,,,,,,,,,,,116.653267,114.715431,0.397898,0.411929,,,,,,,,,,,,
37661,,,,0.294514,0.641495,1.042472,1.719211,-0.447265,,,,,,,,,,,,0.321833,0.633925,1.041139,,,,,,
37662,,,,,,,,,,,111.923141,110.344482,,,,,0.013104,0.027175,-0.006449,,,,,,,,,
37669,,,,,,,,,,,,,116.199570,114.569077,0.338584,0.354675,,,,,,,-0.269559,-0.157807,1.108797,28.350000,41.299999,-32.270000
37671,,,,,,,,,,,,,,,,,,,,0.331850,0.650304,1.038346,,,,,,
37679,,,,,,,,,,,,,115.313225,113.393112,0.346769,0.365825,,,,,,,,,,,,
37682,,,,,,,,,,,,,,,,,,,,,,,-0.269559,-0.157807,1.108797,2.310000,26.320000,-21.840000
37681,,,,,,,,,,,,,,,,,,,,0.341574,0.666249,1.035145,,,,,,
37688,,,,,,,,,,,,,,,,,,,,,,,-0.218868,-0.064294,0.969900,-11.760000,32.270000,-17.150000
37689,,,,,,,,,,,,,114.601074,112.436226,0.353355,0.374976,,,,,,,,,,,,
37691,,,,,,,,,,,,,,,,,,,,0.351169,0.682223,1.032233,,,,,,
37699,,,,,,,,,,,,,113.848969,111.482979,0.360491,0.384280,,,,,,,-0.218868,-0.064294,0.969900,-18.900000,10.850000,-17.219999
37701,,,,,,,,,,,,,,,,,,,,0.360473,0.697744,1.028995,,,,,,
37709,,,,,,,,,,,,,112.849030,110.858284,0.370305,0.390424,,,,,,,-0.315004,-0.038979,0.735233,16.450001,13.790000,4.130000
37711,,,,0.336635,0.712252,1.025832,1.673183,-0.373666,,,,,,,,,,,,,,,,,,,,
37712,,,,,,,,,,,105.329193,104.319809,,,,,0.000895,0.027765,-0.004825,,,,,,,,,
37710,,,,,,,,,,,,,,,,,,,,0.370032,0.713174,1.028890,,,,,,
37720,,,,,,,,,,,,,112.148903,110.995041,0.310003,0.327475,,,,,,,,,,,,
37721,,,,,,,,,,,,,,,,,,,,0.378967,0.727381,1.028512,,,,,,
37724,,,,,,,,,,,,,,,,,,,,,,,-0.315004,-0.038979,0.788364,-2.380000,11.480000,-17.219999
37729,,,,,,,,,,,,,111.826218,110.291992,0.311930,0.333311,,,,,,,-0.303597,-0.054900,0.788364,16.030001,-25.410000,-21.420000
37731,,,,,,,,,,,,,,,,,,,,0.388130,0.742250,1.024954,,,,,,
37738,,,,,,,,,,,,,,,,,,,,,,,-0.303597,-0.054900,0.788364,-15.750000,3.920000,-10.150000
37739,,,,,,,,,,,,,110.327202,109.596191,0.325921,0.339214,,,,,,,,,,,,
37741,,,,,,,,,,,,,,,,,,,,0.396983,0.756613,1.024603,,,,,,
37748,,,,,,,,,,,,,,,,,,,,,,,-0.338672,-0.035258,1.117276,7.070000,-15.260000,-1.680000
37749,,,,,,,,,,,,,109.274124,108.110893,0.335663,0.353309,,,,,,,,,,,,
37751,,,,,,,,,,,,,,,,,,,,0.405899,0.770877,1.021457,,,,,,
37758,,,,,,,,,,,,,,,,,,,,,,,-0.338672,-0.035258,1.117276,1.890000,-10.150000,-1.120000
37759,,,,,,,,,,,,,108.361618,107.382881,0.344181,0.359976,,,,,,,,,,,,
37761,,,,0.378278,0.779959,1.013640,1.619428,-0.290173,,,,,,,,,,,,0.414973,0.785247,1.021353,,,,,,
37762,,,,,,,,,,,99.950012,98.986816,,,,,-0.006194,0.028189,-0.008581,,,,,,,,,
37768,,,,,,,,,,,,,,,,,,,,,,,-0.172264,-0.028182,0.453291,10.080000,22.610001,7.210000
37769,,,,,,,,,,,,,107.046562,106.223053,0.302121,0.316797,,,,,,,,,,,,
37771,,,,,,,,,,,,,,,,,,,,0.424250,0.799842,1.024436,,,,,,
37779,,,,,,,,,,,,,105.967232,105.274330,0.311711,0.325027,,,,,,,,,,,,
37782,,,,,,,,,,,,,,,,,,,,,,,-0.285114,-0.054351,1.018151,22.680000,5.460000,-6.720000
37781,,,,,,,,,,,,,,,,,,,,0.433569,0.814250,1.025165,,,,,,
37788,,,,,,,,,,,,,,,,,,,,,,,-0.285114,-0.054351,1.018151,25.620001,5.880000,-4.200000
37789,,,,,,,,,,,,,105.023949,104.440941,0.320129,0.332270,,,,,,,,,,,,
37791,,,,,,,,,,,,,,,,,,,,0.442863,0.828375,1.025114,,,,,,
37799,,,,,,,,,,,,,103.701752,103.211212,0.332600,0.343722,,,,,,,-0.285114,-0.054351,1.018151,-36.259998,32.970001,-0.490000
37801,,,,,,,,,,,,,,,,,,,,0.451780,0.842465,1.022222,,,,,,
37808,,,,,,,,,,,,,,,,,,,,,,,-0.247904,0.033245,0.693753,-39.619999,27.160000,-4.130000
37809,,,,,,,,,,,,,102.593887,102.728973,0.343150,0.347796,,,,,,,,,,,,
37811,,,,0.418904,0.844591,1.006480,1.559172,-0.195565,,,,,,,,,,,,0.460655,0.857010,1.022135,,,,,,
37812,,,,,,,,,,,93.881363,92.730888,,,,,-0.014685,0.028999,-0.015732,,,,,,,,,
37819,,,,,,,,,,,,,102.212753,101.778481,0.284609,0.292933,,,,,,,-0.247904,0.033245,0.960323,-9.310000,-10.010000,-9.660000
37821,,,,,,,,,,,,,,,,,,,,0.469111,0.870408,1.022233,,,,,,
37828,,,,,,,,,,,,,,,,,,,,,,,-0.326106,0.031415,0.960323,8.400000,0.840000,3.500000
37829,,,,,,,,,,,,,101.356491,100.442711,0.291676,0.304748,,,,,,,,,,,,
37831,,,,,,,,,,,,,,,,,,,,0.477572,0.883705,1.018944,,,,,,
37839,,,,,,,,,,,,,100.023811,99.254951,0.303775,0.315321,,,,,,,,,,,,
37842,,,,,,,,,,,,,,,,,,,,,,,-0.256932,-0.035990,0.746335,-3.010000,1.540000,-7.350000
37841,,,,,,,,,,,,,,,,,,,,0.486033,0.896988,1.018851,,,,,,
37848,,,,,,,,,,,,,,,,,,,,,,,-0.256932,-0.035990,0.746335,-2.800000,-5.530000,-20.020000
37849,,,,,,,,,,,,,98.945488,98.846176,0.313545,0.318185,,,,,,,,,,,,
37851,,,,,,,,,,,,,,,,,,,,0.494305,0.909884,1.018671,,,,,,
37858,,,,,,,,,,,,,,,,,,,,,,,-0.329339,-0.027389,0.782691,33.110001,-1.260000,-18.340000
37859,,,,,,,,,,,,,98.036697,97.405586,0.321802,0.331656,,,,,,,,,,,,
37861,,,,0.458001,0.906190,1.004987,1.493658,-0.088731,,,,,,,,,,,,0.502635,0.922789,1.015712,,,,,,
37862,,,,,,,,,,,87.424576,87.001266,,,,,-0.021801,0.028874,-0.013975,,,,,,,,,
37868,,,,,,,,,,,,,,,,,,,,,,,-0.329339,-0.027389,0.782691,-11.690000,-17.080000,-20.160000
37869,,,,,,,,,,,,,97.304817,96.773804,0.262577,0.278723,,,,,,,,,,,,
37871,,,,,,,,,,,,,,,,,,,,0.510612,0.935522,1.012309,,,,,,
37878,,,,,,,,,,,,,,,,,,,,,,,-0.242536,0.006283,1.007476,-5.040000,27.790001,-11.830000
37879,,,,,,,,,,,,,96.665161,95.670486,0.267125,0.288023,,,,,,,,,,,,
37881,,,,,,,,,,,,,,,,,,,,0.518772,0.948436,1.009173,,,,,,
37888,,,,,,,,,,,,,,,,,,,,,,,-0.242536,0.006283,1.007476,-1.960000,10.430000,-22.260000
37889,,,,,,,,,,,,,95.010544,94.173630,0.282154,0.301557,,,,,,,,,,,,
37891,,,,,,,,,,,,,,,,,,,,0.526844,0.961085,1.005904,,,,,,
37899,,,,,,,,,,,,,94.168266,92.916916,0.289228,0.312941,,,,,,,,,,,,
37902,,,,,,,,,,,,,,,,,,,,,,,-0.255956,-0.063013,0.748348,23.520000,18.969999,1.610000
37901,,,,,,,,,,,,,,,,,,,,0.535112,0.973564,1.003497,,,,,,
37908,,,,,,,,,,,,,,,,,,,,,,,-0.255956,-0.063013,0.748348,22.540001,-16.799999,1.820000
37909,,,,,,,,,,,,,92.962067,91.909180,0.300183,0.322037,,,,,,,,,,,,
37911,,,,0.495101,0.964846,1.009838,1.424108,0.031269,,,,,,,,,,,,0.543524,0.986063,1.003827,,,,,,
37912,,,,,,,,,,,80.106552,82.028702,,,,,-0.028224,0.028988,0.005049,,,,,,,,,
37918,,,,,,,,,,,,,,,,,,,,,,,-0.350079,-0.044042,0.925553,-3.640000,-30.730000,-9.380000
37919,,,,,,,,,,,,,91.831848,91.490494,0.235959,0.274606,,,,,,,,,,,,
37921,,,,,,,,,,,,,,,,,,,,0.551003,0.997446,1.005959,,,,,,
37928,,,,,,,,,,,,,,,,,,,,,,,-0.350079,-0.044042,0.925553,26.180000,-12.180000,-7.140000
37929,,,,,,,,,,,,,90.965820,91.226540,0.242448,0.275406,,,,,,,,,,,,
37931,,,,,,,,,,,,,,,,,,,,0.558828,1.008947,1.006272,,,,,,
37939,,,,,,,,,,,,,89.689201,89.908569,0.253298,0.287009,,,,,,,,,,,,
37942,,,,,,,,,,,,,,,,,,,,,,,-0.295728,-0.019825,0.952454,-32.549999,-13.720000,8.610000
37941,,,,,,,,,,,,,,,,,,,,0.566100,1.020197,1.002836,,,,,,
37948,,,,,,,,,,,,,,,,,,,,,,,-0.295728,-0.019825,0.952454,-21.700001,-8.050000,20.440001
37949,,,,,,,,,,,,,88.633606,88.818176,0.262148,0.296555,,,,,,,,,,,,
37951,,,,,,,,,,,,,,,,,,,,0.573488,1.031878,1.008852,,,,,,
37958,,,,,,,,,,,,,,,,,,,,,,,-0.315553,0.050325,0.880779,-7.350000,-0.980000,17.290001
37959,,,,,,,,,,,,,87.172600,87.875557,0.275345,0.304812,,,,,,,,,,,,
37961,,,,0.529779,1.020693,1.021741,1.351714,0.165158,,,,,,,,,,,,0.580928,1.043589,1.008918,,,,,,
37962,,,,,,,,,,,73.869812,76.953339,,,,,-0.032234,0.030924,0.010480,,,,,,,,,
37968,,,,,,,,,,,,,,,,,,,,,,,-0.315553,0.050325,0.880779,-15.540000,38.150002,22.680000
37969,,,,,,,,,,,,,85.919281,87.057373,0.223101,0.260220,,,,,,,,,,,,
37971,,,,,,,,,,,,,,,,,,,,0.588346,1.055138,1.015185,,,,,,
37978,,,,,,,,,,,,,,,,,,,,,,,-0.217221,0.004758,0.792512,30.379999,32.619999,36.610001
37979,,,,,,,,,,,,,84.381218,85.888298,0.236379,0.270123,,,,,,,,,,,,
37981,,,,,,,,,,,,,,,,,,,,0.596039,1.066655,1.018845,,,,,,
37988,,,,,,,,,,,,,,,,,,,,,,,-0.217221,0.004758,0.792512,-3.220000,2.100000,46.270000
37989,,,,,,,,,,,,,83.042130,84.857628,0.247936,0.278849,,,,,,,,,,,,
37991,,,,,,,,,,,,,,,,,,,,0.603508,1.077976,1.028831,,,,,,
37999,,,,,,,,,,,,,81.929962,84.553741,0.257445,0.280368,,,,,,,,,,,,
38002,,,,,,,,,,,,,,,,,,,,,,,-0.288164,0.027023,1.011014,23.799999,-14.770000,36.610001
38001,,,,,,,,,,,,,,,,,,,,0.610634,1.088827,1.038336,,,,,,
38008,,,,,,,,,,,,,,,,,,,,,,,-0.288164,0.027023,1.011014,11.760000,-4.550000,34.160000
38009,,,,,,,,,,,,,80.957886,83.711990,0.265748,0.287434,,,,,,,,,,,,
38011,,,,0.561661,1.073882,1.041415,1.277625,0.313371,,,,,,,,,,,,,,,,,,,,
38012,,,,,,,,,,,67.952950,70.898712,,,,,-0.037069,0.034447,-0.001153,0.617544,1.099634,1.044695,,,,,,
38018,,,,,,,,,,,,,,,,,,,,,,,-0.340441,0.083509,0.862723,-15.470000,-7.490000,40.320000
38019,,,,,,,,,,,,,80.155685,83.020157,0.212161,0.231381,,,,,,,,,,,,
38021,,,,,,,,,,,,,,,,,,,,0.623975,1.110078,1.050759,,,,,,
38028,,,,,,,,,,,,,,,,,,,,,,,-0.340441,0.083509,0.862723,-28.629999,-2.800000,44.450001
38029,,,,,,,,,,,,,79.501312,81.911476,0.216395,0.240266,,,,,,,,,,,,
38031,,,,,,,,,,,,,,,,,,,,0.630136,1.120728,1.056962,,,,,,
38038,,,,,,,,,,,,,,,,,,,,,,,-0.243451,0.146034,1.043771,-23.520000,-16.100000,34.580002
38039,,,,,,,,,,,,,77.836884,80.959244,0.231063,0.247776,,,,,,,,,,,,
38041,,,,,,,,,,,,,,,,,,,,0.636074,1.131095,1.063012,,,,,,
38049,,,,,,,,,,,,,76.988281,79.615433,0.237742,0.259471,,,,,,,-0.243451,0.146034,0.846436,20.090000,-3.080000,44.029999
38051,,,,,,,,,,,,,,,,,,,,0.642349,1.141810,1.069781,,,,,,
38059,,,,,,,,,,,,,75.684059,78.985161,0.249238,0.264156,,,,,,,,,,,,
38061,,,,0.590429,1.124573,1.069574,1.202937,0.475982,,,,,,,,,,,,0.648757,1.152514,1.079729,,,,,,
38062,,,,,,,,,,,62.123016,66.006683,,,,,-0.039533,0.037100,-0.000400,,,,,,,,,
38063,,,,,,,,,,,,,,,,,,,,,,,-0.320067,0.066673,0.846436,-0.280000,6.230000,41.720001
38069,,,,,,,,,,,,,75.084038,77.861580,0.194346,0.224101,,,,,,,-0.272060,0.057035,0.971791,5.460000,10.150000,40.740002
38071,,,,,,,,,,,,,,,,,,,,0.654639,1.162697,1.083037,,,,,,
38078,,,,,,,,,,,,,,,,,,,,,,,-0.272060,0.057035,0.971791,14.350000,-10.290000,34.509998
38079,,,,,,,,,,,,,74.220078,77.109322,0.200567,0.229403,,,,,,,,,,,,
38081,,,,,,,,,,,,,,,,,,,,0.660366,1.172636,1.089406,,,,,,
38088,,,,,,,,,,,,,,,,,,,,,,,-0.313296,0.050569,0.929030,9.940000,-22.120001,22.750000
38089,,,,,,,,,,,,,72.897484,76.428352,0.211638,0.234128,,,,,,,,,,,,
38091,,,,,,,,,,,,,,,,,,,,0.665755,1.182225,1.095705,,,,,,
38099,,,,,,,,,,,,,71.740517,75.259003,0.221284,0.243971,,,,,,,-0.313296,0.050569,0.929030,-9.310000,1.120000,29.049999
38101,,,,,,,,,,,,,,,,,,,,0.671214,1.192388,1.099107,,,,,,
38108,,,,,,,,,,,,,,,,,,,,,,,-0.296094,0.103273,1.034377,-7.070000,20.650000,35.840000
38109,,,,,,,,,,,,,70.718102,74.223587,0.229789,0.252682,,,,,,,,,,,,
38111,,,,0.615816,1.172916,1.106898,1.128684,0.652628,,,,,,,,,,,,0.676345,1.201899,1.108480,,,,,,
38112,,,,,,,,,,,56.159229,61.370792,,,,,-0.041874,0.040381,0.004742,,,,,,,,,
38119,,,,,,,,,,,,,69.922508,72.872017,0.175354,0.217538,,,,,,,,,,,,
38123,,,,,,,,,,,,,,,,,,,,,,,-0.296094,0.103273,1.034377,-19.180000,20.650000,38.779999
38121,,,,,,,,,,,,,,,,,,,,0.681640,1.212278,1.111997,,,,,,
38128,,,,,,,,,,,,,,,,,,,,,,,-0.200385,0.060207,0.803309,-11.340000,17.850000,31.850000
38129,,,,,,,,,,,,,68.691750,72.268906,0.185155,0.221390,,,,,,,,,,,,
38131,,,,,,,,,,,,,,,,,,,,0.686427,1.221755,1.118555,,,,,,
38138,,,,,,,,,,,,,,,,,,,,,,,-0.200385,0.060207,0.803309,1.400000,-10.360000,41.509998
38139,,,,,,,,,,,,,67.108467,70.666008,0.198798,0.235560,,,,,,,,,,,,
38141,,,,,,,,,,,,,,,,,,,,0.691453,1.231850,1.125251,,,,,,
38149,,,,,,,,,,,,,66.325996,69.867142,0.204590,0.241849,,,,,,,-0.302499,0.060573,0.808250,-2.660000,9.100000,55.509998
38151,,,,,,,,,,,,,,,,,,,,0.696301,1.241315,1.135244,,,,,,
38159,,,,,,,,,,,,,65.639931,69.165741,0.209554,0.247304,,,,,,,,,,,,
38161,,,,0.637610,1.219036,1.154009,1.055828,0.842412,,,,,,,,,,,,0.700700,1.249977,1.144845,,,,,,
38162,,,,,,,,,,,49.857014,57.026379,,,,,-0.044570,0.043673,0.019202,,,,,,,,,
38164,,,,,,,,,,,,,,,,,,,,,,,-0.302499,0.060573,0.808250,-12.810000,-60.410000,60.480000
38170,,,,,,,,,,,,,64.411423,68.908371,0.155906,0.204057,,,,,,,-0.313662,0.069540,0.790865,20.510000,-27.090000,63.910000
38171,,,,,,,,,,,,,,,,,,,,0.705175,1.258731,1.157951,,,,,,
38178,,,,,,,,,,,,,,,,,,,,,,,-0.313662,0.069540,0.790865,6.720000,-21.209999,52.779999
38179,,,,,,,,,,,,,63.676384,68.645195,0.160493,0.204365,,,,,,,,,,,,
38181,,,,,,,,,,,,,,,,,,,,0.709493,1.267623,1.167837,,,,,,
38188,,,,,,,,,,,,,,,,,,,,,,,-0.246440,0.110105,1.009428,5.670000,-9.240000,61.529999
38189,,,,,,,,,,,,,62.315331,67.588341,0.171612,0.212822,,,,,,,,,,,,
38191,,,,,,,,,,,,,,,,,,,,0.713529,1.276312,1.177625,,,,,,
38198,,,,,,,,,,,,,,,,,,,,,,,-0.246440,0.110105,1.009428,-18.549999,11.760000,67.690002
38199,,,,,,,,,,,,,60.657009,66.738701,0.186035,0.219376,,,,,,,,,,,,
38201,,,,,,,,,,,,,,,,,,,,0.717389,1.285159,1.187600,,,,,,
38208,,,,,,,,,,,,,,,,,,,,,,,-0.295057,0.144631,1.042002,-22.540001,-7.140000,71.470001
38209,,,,,,,,,,,,,59.797676,66.009918,0.192640,0.224867,,,,,,,,,,,,
38211,,,,0.655659,1.263032,1.211441,0.985248,1.043842,,,,,,,,,,,,0.721171,1.294119,1.200917,,,,,,
38212,,,,,,,,,,,45.206112,53.632668,,,,,-0.043174,0.048828,0.022734,,,,,,,,,
38219,,,,,,,,,,,,,58.437225,64.747337,0.157089,0.201332,,,,,,,,,,,,
38221,,,,,,,,,,,,,,,,,,,,0.724815,1.303099,1.217876,,,,,,
38224,,,,,,,,,,,,,,,,,,,,,,,-0.189954,0.114375,0.849242,-22.820000,17.850000,74.900002
38229,,,,,,,,,,,,,57.740337,64.121078,0.161551,0.205497,,,,,,,-0.189954,0.114375,0.849242,-5.950000,8.890000,74.970001
38231,,,,,,,,,,,,,,,,,,,,0.728323,1.312272,1.228419,,,,,,
38238,,,,,,,,,,,,,,,,,,,,,,,-0.189954,0.114375,0.849242,7.070000,36.540001,78.050003
38239,,,,,,,,,,,,,56.506634,63.007378,0.171628,0.214759,,,,,,,,,,,,
38241,,,,,,,,,,,,,,,,,,,,0.731716,1.320984,1.242234,,,,,,
38248,,,,,,,,,,,,,,,,,,,,,,,-0.219295,0.108763,0.952698,-14.840000,39.759998,85.190002
38249,,,,,,,,,,,,,55.743156,62.306011,0.177156,0.220038,,,,,,,,,,,,
38251,,,,,,,,,,,,,,,,,,,,0.734992,1.329998,1.256306,,,,,,
38258,,,,,,,,,,,,,,,,,,,,,,,-0.219295,0.108763,1.073600,-10.780000,6.650000,88.480003
38259,,,,,,,,,,,,,54.581951,61.749580,0.186893,0.223979,,,,,,,,,,,,
38261,,,,0.669859,1.304957,1.279606,0.917716,1.254817,,,,,,,,,,,,0.738030,1.338687,1.270512,,,,,,
38262,,,,,,,,,,,40.214695,49.901009,,,,,-0.043661,0.053982,0.026207,,,,,,,,,
38268,,,,,,,,,,,,,,,,,,,,,,,-0.294691,0.132736,1.073600,-1.820000,-18.900000,93.519997
38269,,,,,,,,,,,,,54.161758,61.290802,0.138391,0.188972,,,,,,,,,,,,
38271,,,,,,,,,,,,,,,,,,,,0.740757,1.346773,1.287138,,,,,,
38279,,,,,,,,,,,,,53.202930,60.836575,0.145382,0.191328,,,,,,,,,,,,
38282,,,,,,,,,,,,,,,,,,,,,,,-0.230397,0.119194,0.892247,-8.890000,-35.770000,84.000000
38281,,,,,,,,,,,,,,,,,,,,0.743361,1.354687,1.304278,,,,,,
38288,,,,,,,,,,,,,,,,,,,,,,,-0.230397,0.119194,0.892247,4.480000,-13.720000,87.080002
38289,,,,,,,,,,,,,51.918396,59.992142,0.155886,0.197754,,,,,,,,,,,,
38291,,,,,,,,,,,,,,,,,,,,0.745890,1.362748,1.318189,,,,,,
38299,,,,,,,,,,,,,51.329910,59.761539,0.159548,0.198088,,,,,,,-0.310856,0.159027,1.104283,-16.590000,-3.920000,83.650002
38301,,,,,,,,,,,,,,,,,,,,0.748073,1.371029,1.332432,,,,,,
38308,,,,,,,,,,,,,,,,,,,,,,,-0.310856,0.159027,1.104283,-5.460000,14.770000,97.230003
38309,,,,,,,,,,,,,50.319382,58.510735,0.167632,0.208874,,,,,,,,,,,,
38311,,,,0.680166,1.344821,1.358777,0.853882,1.472697,,,,,,,,,,,,0.750231,1.379077,1.350142,,,,,,
38312,,,,,,,,,,,36.343941,47.180676,,,,,-0.041192,0.059638,0.027427,,,,,,,,,
38319,,,,,,,,,,,,,49.313854,57.815701,0.136386,0.186494,,,,,,,,,,,,
38324,,,,,,,,,,,,,,,,,,,,,,,-0.210694,0.130113,0.976854,-6.650000,-0.770000,100.870003
38321,,,,,,,,,,,,,,,,,,,,0.752290,1.387083,1.368027,,,,,,
38329,,,,,,,,,,,,,48.076569,56.875996,0.146412,0.193952,,,,,,,-0.210694,0.130113,0.976854,-16.940001,0.420000,100.099998
38331,,,,,,,,,,,,,,,,,,,,0.754073,1.395059,1.386203,,,,,,
38338,,,,,,,,,,,,,,,,,,,,,,,-0.211243,0.153903,1.023702,-18.340000,5.670000,105.910004
38339,,,,,,,,,,,,,47.670731,56.185200,0.148205,0.199059,,,,,,,,,,,,
38341,,,,,,,,,,,,,,,,,,,,0.755606,1.402624,1.403774,,,,,,
38348,,,,,,,,,,,,,,,,,,,,,,,-0.211243,0.153903,1.023702,-0.490000,4.970000,105.980003
38349,,,,,,,,,,,,,46.690727,56.048328,0.155936,0.198654,,,,,,,,,,,,
38351,,,,,,,,,,,,,,,,,,,,0.757174,1.410692,1.422255,,,,,,
38358,,,,,,,,,,,,,,,,,,,,,,,-0.249856,0.116632,0.873337,-8.400000,-9.800000,107.870003
38359,,,,,,,,,,,,,45.872124,55.392246,0.162217,0.203573,,,,,,,,,,,,
38361,,,,0.686584,1.382583,1.449079,0.794251,1.694541,,,,,,,,,,,,0.758522,1.418095,1.440691,,,,,,
38362,,,,,,,,,,,33.025787,44.899025,,,,,-0.037907,0.065535,0.026165,,,,,,,,,
38368,,,,,,,,,,,,,,,,,,,,,,,-0.249856,0.116632,0.873337,-2.870000,-36.750000,112.419998
38369,,,,,,,,,,,,,45.159538,54.810452,0.133734,0.184592,,,,,,,,,,,,
38371,,,,,,,,,,,,,,,,,,,,0.759664,1.425323,1.462638,,,,,,
38379,,,,,,,,,,,,,44.572514,54.336613,0.137295,0.187443,,,,,,,,,,,,
38382,,,,,,,,,,,,,,,,,,,,,,,-0.237595,0.150243,1.044381,-8.470000,-39.200001,113.680000
38381,,,,,,,,,,,,,,,,,,,,0.760709,1.432399,1.481074,,,,,,
38388,,,,,,,,,,,,,,,,,,,,,,,-0.237595,0.150243,1.044381,1.890000,-42.490002,117.320000
38389,,,,,,,,,,,,,44.086540,53.947861,0.139943,0.189520,,,,,,,,,,,,
38391,,,,,,,,,,,,,,,,,,,,0.761618,1.439503,1.503289,,,,,,
38399,,,,,,,,,,,,,43.109650,53.594322,0.147695,0.191317,,,,,,,-0.193126,0.145241,0.975939,-15.750000,-23.940001,119.769997
38401,,,,,,,,,,,,,,,,,,,,0.762286,1.446441,1.521903,,,,,,
38408,,,,,,,,,,,,,,,,,,,,,,,-0.193126,0.145241,0.975939,4.970000,-4.620000,116.269997
38409,,,,,,,,,,,,,42.274433,53.278774,0.154197,0.192796,,,,,,,,,,,,
38411,,,,0.689167,1.418153,1.550506,0.739174,1.917494,,,,,,,,,,,,0.762909,1.453724,1.541466,,,,,,
38412,,,,,,,,,,,30.807871,43.775700,,,,,-0.031613,0.071548,0.025863,,,,,,,,,
38419,,,,,,,,,,,,,42.125854,52.477600,0.131240,0.187834,,,,,,,,,,,,
38421,,,,,,,,,,,,,,,,,,,,0.763206,1.460643,1.560737,,,,,,
38424,,,,,,,,,,,,,,,,,,,,,,,-0.228933,0.161650,1.082445,-10.360000,-10.640000,110.739998
38429,,,,,,,,,,,,,41.493946,52.403633,0.135422,0.186848,,,,,,,-0.228933,0.161650,1.082445,-12.180000,-12.810000,110.459999
38431,,,,,,,,,,,,,,,,,,,,0.763416,1.467534,1.580510,,,,,,
38438,,,,,,,,,,,,,,,,,,,,,,,-0.152012,0.159332,1.004182,-13.440000,-13.580000,115.500000
38439,,,,,,,,,,,,,40.391853,51.214920,0.144526,0.197248,,,,,,,,,,,,
38441,,,,,,,,,,,,,,,,,,,,0.763487,1.474495,1.599768,,,,,,
38449,,,,,,,,,,,,,39.990086,50.734173,0.146707,0.200663,,,,,,,-0.152012,0.159332,1.004182,-21.840000,-11.690000,125.510002
38451,,,,,,,,,,,,,,,,,,,,0.763519,1.481235,1.623007,,,,,,
38458,,,,,,,,,,,,,,,,,,,,,,,-0.150914,0.124562,0.959713,-8.680000,-17.290001,131.600006
38459,,,,,,,,,,,,,39.678638,50.363525,0.148048,0.203052,,,,,,,,,,,,
38461,,,,0.688024,1.451400,1.662960,0.688850,2.139242,,,,,,,,,,,,0.763317,1.487991,1.645808,,,,,,
38462,,,,,,,,,,,28.571110,43.112644,,,,,-0.025535,0.076849,0.037072,,,,,,,,,
38468,,,,,,,,,,,,,,,,,,,,,,,-0.150914,0.124562,0.959713,-4.200000,-23.240000,134.539993
38469,,,,,,,,,,,,,38.839760,50.011684,0.132015,0.198560,,,,,,,,,,,,
38471,,,,,,,,,,,,,,,,,,,,0.762917,1.494718,1.668558,,,,,,
38479,,,,,,,,,,,,,38.693798,50.280777,0.131450,0.194436,,,,,,,,,,,,
38481,,,,,,,,,,,,,,,,,,,,0.762556,1.501105,1.691038,-0.139690,0.158905,1.063657,-0.770000,-29.330000,135.869995
38488,,,,,,,,,,,,,,,,,,,,,,,-0.139690,0.135847,0.871507,1.050000,-29.820000,137.339996
38489,,,,,,,,,,,,,37.499363,49.994423,0.141609,0.195923,,,,,,,,,,,,
38491,,,,,,,,,,,,,,,,,,,,0.762173,1.507557,1.717061,,,,,,
38499,,,,,,,,,,,,,37.042965,49.752712,0.144479,0.197012,,,,,,,-0.097478,0.135847,0.871507,2.590000,-40.599998,141.399994
38501,,,,,,,,,,,,,,,,,,,,0.761670,1.513919,1.742657,,,,,,
38508,,,,,,,,,,,,,,,,,,,,,,,-0.105530,0.168604,1.118801,-3.990000,-48.439999,143.919998
38509,,,,,,,,,,,,,36.634151,49.514610,0.146954,0.198113,,,,,,,,,,,,
38511,,,,0.683305,1.482151,1.786306,0.643348,2.358465,,,,,,,,,,,,0.760871,1.520207,1.768134,,,,,,
38512,,,,,,,,,,,27.251053,43.063583,,,,,-0.017833,0.082478,0.042489,,,,,,,,,
38518,,,,,,,,,,,,,,,,,,,,,,,-0.105530,0.168604,1.118801,0.560000,-51.450001,149.449997
38519,,,,,,,,,,,,,36.830765,49.306599,0.129872,0.198454,,,,,,,,,,,,
38521,,,,,,,,,,,,,,,,,,,,0.759873,1.526396,1.793220,,,,,,
38528,,,,,,,,,,,,,,,,,,,,,,,-0.085827,0.180621,0.957151,-4.760000,-54.180000,152.669998
38529,,,,,,,,,,,,,36.480961,49.174751,0.131524,0.198550,,,,,,,,,,,,
38531,,,,,,,,,,,,,,,,,,,,0.758864,1.532233,1.821585,,,,,,
38539,,,,,,,,,,,,,35.609726,49.566711,0.138564,0.193330,,,,,,,,,,,,
38542,,,,,,,,,,,,,,,,,,,,,,,-0.085827,0.180621,0.957151,-4.340000,9.380000,153.020004
38541,,,,,,,,,,,,,,,,,,,,0.757569,1.538665,1.849422,,,,,,
38548,,,,,,,,,,,,,,,,,,,,,,,-0.096075,0.187392,1.096963,-19.670000,11.340000,150.990005
38549,,,,,,,,,,,,,35.433716,49.365799,0.138688,0.194078,,,,,,,,,,,,
38551,,,,,,,,,,,,,,,,,,,,0.755894,1.545149,1.873518,,,,,,
38558,,,,,,,,,,,,,,,,,,,,,,,-0.096075,0.187392,1.096963,-11.130000,11.550000,150.429993
38559,,,,,,,,,,,,,35.296638,49.212177,0.138449,0.194385,,,,,,,,,,,,
38561,,,,0.675210,1.510198,1.920413,0.602646,2.574929,,,,,,,,,,,,0.754166,1.551308,1.900837,,,,,,
38562,,,,,,,,,,,26.472893,43.458996,,,,,-0.009452,0.087283,0.046649,,,,,,,,,
38568,,,,,,,,,,,,,,,,,,,,,,,-0.082167,0.197762,1.032425,-18.760000,-10.080000,144.199997
38569,,,,,,,,,,,,,34.623608,48.521038,0.135768,0.204238,,,,,,,,,,,,
38571,,,,,,,,,,,,,,,,,,,,0.752220,1.557504,1.924503,,,,,,
38578,,,,,,,,,,,,,,,,,,,,,,,-0.082167,0.197762,1.032425,-11.130000,-9.870000,151.479996
38579,,,,,,,,,,,,,34.061779,48.493675,0.139868,0.203505,,,,,,,,,,,,
38581,,,,,,,,,,,,,,,,,,,,0.750200,1.563284,1.954744,,,,,,
38588,,,,,,,,,,,,,,,,,,,,,,,-0.054229,0.158234,1.011990,-5.320000,-31.570000,153.160004
38589,,,,,,,,,,,,,34.133472,48.466026,0.137619,0.202780,,,,,,,,,,,,
38591,,,,,,,,,,,,,,,,,,,,0.748109,1.569070,1.981413,,,,,,
38599,,,,,,,,,,,,,33.636520,48.427387,0.141156,0.202172,,,,,,,,,,,,
38602,,,,,,,,,,,,,,,,,,,,,,,-0.054229,0.158234,1.011990,-2.590000,-27.230000,153.020004
38601,,,,,,,,,,,,,,,,,,,,0.745869,1.574641,2.007803,,,,,,
38608,,,,,,,,,,,,,,,,,,,,,,,-0.052338,0.160125,1.012234,3.500000,-30.240000,155.399994
38609,,,,,,,,,,,,,33.246662,47.889427,0.143700,0.206666,,,,,,,,,,,,
38611,,,,0.663982,1.535313,2.065163,0.566699,2.789005,,,,,,,,,,,,0.743536,1.580175,2.037235,,,,,,
38612,,,,,,,,,,,25.946262,44.231632,,,,,-0.000978,0.090701,0.055503,,,,,,,,,
38618,,,,,,,,,,,,,,,,,,,,,,,-0.052338,0.160125,1.012234,-1.120000,9.100000,160.860001
38619,,,,,,,,,,,,,33.405590,47.355564,0.135353,0.219106,,,,,,,,,,,,
38621,,,,,,,,,,,,,,,,,,,,0.740991,1.586005,2.063098,,,,,,
38628,,,,,,,,,,,,,,,,,,,,,,,-0.011163,0.136518,0.953491,8.470000,23.940001,168.699997
38629,,,,,,,,,,,,,32.515823,47.559601,0.142936,0.216400,,,,,,,,,,,,
38631,,,,,,,,,,,,,,,,,,,,0.738256,1.591995,2.092001,,,,,,
38639,,,,,,,,,,,,,32.272968,47.660885,0.144100,0.214701,,,,,,,,,,,,
38642,,,,,,,,,,,,,,,,,,,,,,,-0.003294,0.171471,1.002657,2.380000,14.490000,172.199997
38641,,,,,,,,,,,,,,,,,,,,0.735367,1.597769,2.120615,,,,,,
38649,,,,,,,,,,,,,32.091896,47.233700,0.144681,0.218373,,,,,,,-0.003294,0.171471,1.002657,-3.780000,13.580000,181.089996
38651,,,,,,,,,,,,,,,,,,,,0.732381,1.603434,2.152203,,,,,,
38658,,,,,,,,,,,,,,,,,,,,,,,-0.003294,0.171471,1.002657,15.750000,18.340000,175.699997
38659,,,,,,,,,,,,,31.393595,47.976448,0.150575,0.210196,,,,,,,,,,,,
38661,,,,0.649903,1.557255,2.220372,0.535506,3.000461,,,,,,,,,,,,,,,,,,,,
38662,,,,,,,,,,,25.599937,45.132481,,,,,0.006987,0.094002,0.063714,,,,,,,,,
38660,,,,,,,,,,,,,,,,,,,,0.729191,1.609074,2.186615,,,,,,
38668,,,,,,,,,,,,,,,,,,,,,,,-0.011956,0.174277,1.035963,4.550000,10.990000,186.339996
38669,,,,,,,,,,,,,31.324293,48.004730,0.146660,0.218348,,,,,,,,,,,,
38671,,,,,,,,,,,,,,,,,,,,0.725839,1.614633,2.217672,,,,,,
38678,,,,,,,,,,,,,,,,,,,,,,,-0.011956,0.174277,1.035963,-5.880000,1.120000,179.899994
38679,,,,,,,,,,,,,31.279299,48.049240,0.145974,0.217319,,,,,,,,,,,,
38681,,,,,,,,,,,,,,,,,,,,0.722354,1.619947,2.245466,,,,,,
38688,,,,,,,,,,,,,,,,,,,,,,,-0.037027,0.208132,1.057496,5.880000,-15.050000,187.320007
38689,,,,,,,,,,,,,31.248373,48.645248,0.145153,0.210657,,,,,,,,,,,,
38691,,,,,,,,,,,,,,,,,,,,0.718667,1.625099,2.282169,,,,,,
38699,,,,,,,,,,,,,31.192286,48.552185,0.144596,0.210903,,,,,,,,,,,,
38702,,,,,,,,,,,,,,,,,,,,,,,-0.015921,0.233996,1.052006,-7.630000,-20.650000,195.860001
38701,,,,,,,,,,,,,,,,,,,,0.714867,1.629929,2.315594,,,,,,
38708,,,,,,,,,,,,,,,,,,,,,,,-0.015921,0.233996,1.052006,1.260000,-15.190000,191.940002
38709,,,,,,,,,,,,,31.223740,48.596218,0.143156,0.209770,,,,,,,,,,,,
38711,,,,0.633298,1.575781,2.385602,0.509177,3.206496,,,,,,,,,,,,0.710892,1.634747,2.348729,,,,,,
38712,,,,,,,,,,,25.900549,46.460655,,,,,0.015742,0.096341,0.066510,,,,,,,,,
38718,,,,,,,,,,,,,,,,,,,,,,,-0.017507,0.203191,0.967338,-11.410000,-4.060000,192.080002
38719,,,,,,,,,,,,,31.172049,48.511692,0.145625,0.223487,,,,,,,,,,,,
38721,,,,,,,,,,,,,,,,,,,,0.706686,1.639475,2.381657,,,,,,
38728,,,,,,,,,,,,,,,,,,,,,,,-0.017507,0.203191,0.967338,-11.830000,7.070000,189.210007
38729,,,,,,,,,,,,,30.624065,48.510571,0.150160,0.223088,,,,,,,,,,,,
38732,,,,,,,,,,,,,,,,,,,,0.702191,1.644101,2.414310,,,,,,
38738,,,,,,,,,,,,,,,,,,,,,,,-0.020313,0.214903,0.997716,9.800000,0.840000,195.369995
38739,,,,,,,,,,,,,30.695078,48.482555,0.148491,0.222964,,,,,,,,,,,,
38741,,,,,,,,,,,,,,,,,,,,0.697648,1.648653,2.449670,,,,,,
38749,,,,,,,,,,,,,30.755819,49.008190,0.146913,0.217198,,,,,,,-0.020313,0.214903,0.997716,-5.250000,4.200000,197.119995
38751,,,,,,,,,,,,,,,,,,,,0.692988,1.653018,2.484935,,,,,,
38759,,,,,,,,,,,,,30.795057,48.884331,0.145541,0.217952,,,,,,,,,,,,
38761,,,,0.614523,1.590656,2.559895,0.487975,3.399604,,,,,,,,,,,,0.688090,1.657274,2.517024,,,,,,
38762,,,,,,,,,,,26.362570,48.047119,,,,,0.024147,0.097062,0.074662,,,,,,,,,
38764,,,,,,,,,,,,,,,,,,,,,,,0.012932,0.212829,1.019188,3.150000,4.690000,199.149994
38769,,,,,,,,,,,,,30.683466,48.555172,0.150413,0.237007,,,,,,,0.012932,0.212829,1.019188,-7.280000,10.850000,199.220001
38771,,,,,,,,,,,,,,,,,,,,0.683012,1.661402,2.551872,,,,,,
38778,,,,,,,,,,,,,,,,,,,,,,,-0.007625,0.223321,1.005524,-4.900000,19.950001,198.729996
38779,,,,,,,,,,,,,30.350203,49.353951,0.152948,0.228757,,,,,,,,,,,,
38781,,,,,,,,,,,,,,,,,,,,0.677726,1.665357,2.586418,,,,,,
38788,,,,,,,,,,,,,,,,,,,,,,,-0.007625,0.223321,1.005524,0.560000,16.309999,203.839996
38789,,,,,,,,,,,,,30.477068,49.211494,0.150857,0.229949,,,,,,,,,,,,
38791,,,,,,,,,,,,,,,,,,,,0.672253,1.669187,2.623791,,,,,,
38798,,,,,,,,,,,,,,,,,,,,,,,-0.003355,0.220576,1.022970,7.840000,12.390000,202.440002
38799,,,,,,,,,,,,,30.566444,50.158619,0.149122,0.220056,,,,,,,,,,,,
38801,,,,,,,,,,,,,,,,,,,,0.666588,1.672784,2.658113,,,,,,
38808,,,,,,,,,,,,,,,,,,,,,,,-0.003355,0.220576,1.022970,-7.700000,0.070000,200.059998
38809,,,,,,,,,,,,,30.657022,49.885445,0.147358,0.222420,,,,,,,,,,,,
38811,,,,0.593968,1.601664,2.741484,0.472318,3.566296,,,,,,,,,,,,0.661135,1.676049,2.695039,,,,,,
38812,,,,,,,,,,,26.934931,49.562428,,,,,0.031382,0.096416,0.081290,,,,,,,,,
38819,,,,,,,,,,,,,31.207232,50.092232,0.146725,0.235399,,,,,,,,,,,,
38821,,,,,,,,,,,,,,,,,,,,0.655319,1.679132,2.729069,,,,,,
38824,,,,,,,,,,,,,,,,,,,,,,,-0.012139,0.242414,1.040294,-15.750000,-12.880000,209.020004
38829,,,,,,,,,,,,,30.652782,50.388264,0.151526,0.232273,,,,,,,-0.012139,0.242414,1.040294,-16.240000,-12.670000,209.020004
38830,,,,,,,,,,,,,,,,,,,,0.649566,1.681987,2.762981,,,,,,
38838,,,,,,,,,,,,,,,,,,,,,,,-0.021594,0.236619,1.035963,-5.950000,-5.530000,213.570007
38839,,,,,,,,,,,,,30.768284,50.691742,0.149604,0.229013,,,,,,,,,,,,
38841,,,,,,,,,,,,,,,,,,,,0.643643,1.684643,2.802342,,,,,,
38849,,,,,,,,,,,,,30.819399,50.322418,0.148316,0.232554,,,,,,,-0.021594,0.236619,1.035963,-15.260000,-6.090000,213.500000
38851,,,,,,,,,,,,,,,,,,,,0.637414,1.687160,2.841552,,,,,,
38859,,,,,,,,,,,,,30.856461,51.096870,0.147161,0.224503,,,,,,,,,,,,
38861,,,,0.572049,1.608623,2.927643,0.462714,3.688153,,,,,,,,,,,,0.631291,1.689395,2.877883,,,,,,
38862,,,,,,,,,,,28.258759,51.513187,,,,,0.039360,0.094069,0.084671,,,,,,,,,
38864,,,,,,,,,,,,,,,,,,,,,,,-0.004331,0.263276,1.009855,9.170000,-11.550000,217.770004
38869,,,,,,,,,,,,,30.836704,51.116367,0.160081,0.243895,,,,,,,-0.004331,0.263276,1.009855,6.300000,6.650000,212.520004
38871,,,,,,,,,,,,,,,,,,,,0.625141,1.691470,2.914202,,,,,,
38874,,,,,,,,,,,,,,,,,,,,0.625141,1.691470,2.914202,,,,,,
38879,,,,,,,,,,,,,30.935705,51.325481,0.158556,0.241841,,,,,,,0.000549,0.208559,0.968863,8.610000,14.000000,223.300003
38881,,,,,,,,,,,,,,,,,,,,0.618588,1.693513,2.953229,,,,,,
38888,,,,,,,,,,,,,,,,,,,,,,,0.000549,0.208559,1.005890,-2.310000,-4.200000,225.820007
38889,,,,,,,,,,,,,30.976692,51.430908,0.157602,0.240803,,,,,,,,,,,,
38891,,,,,,,,,,,,,,,,,,,,0.611860,1.695233,2.992191,,,,,,
38898,,,,,,,,,,,,,,,,,,,,,,,0.026169,0.251137,1.005890,8.820000,-5.110000,225.399994
38899,,,,,,,,,,,,,30.981888,51.470795,0.157006,0.240413,,,,,,,,,,,,
38901,,,,,,,,,,,,,,,,,,,,0.605451,1.696683,3.031031,,,,,,
38908,,,,,,,,,,,,,,,,,,,,,,,0.026169,0.243634,0.977464,10.220000,7.490000,232.050003
38909,,,,,,,,,,,,,31.007074,52.087818,0.156204,0.234128,,,,,,,,,,,,
38911,,,,0.549198,1.611382,3.114826,0.459658,3.746228,,,,,,,,,,,,0.598716,1.698027,3.072657,,,,,,
38912,,,,,,,,,,,29.999233,53.431961,,,,,0.046526,0.090678,0.082849,,,,,,,,,
38919,,,,,,,,,,,,,31.555552,52.572609,0.167813,0.248639,,,,,,,,,,,,
38923,,,,,,,,,,,,,,,,,,,,,,,0.008357,0.243634,0.977464,0.700000,24.920000,228.270004
38921,,,,,,,,,,,,,,,,,,,,0.591772,1.699058,3.111454,,,,,,
38928,,,,,,,,,,,,,,,,,,,,,,,0.002623,0.300120,1.049444,-17.080000,26.879999,223.440002
38929,,,,,,,,,,,,,31.497232,53.028179,0.168097,0.244164,,,,,,,,,,,,
38931,,,,,,,,,,,,,,,,,,,,0.584633,1.699649,-3.130208,,,,,,
38938,,,,,,,,,,,,,,,,,,,,,,,0.002623,0.300120,1.049444,-13.090000,8.120000,224.559998
38939,,,,,,,,,,,,,31.404127,53.333210,0.168747,0.241134,,,,,,,,,,,,
38941,,,,,,,,,,,,,,,,,,,,0.577554,1.699800,-3.091491,,,,,,
38949,,,,,,,,,,,,,31.903934,53.095318,0.163368,0.243580,,,,,,,0.015433,0.306586,1.120814,-20.580000,-20.160000,221.479996
38951,,,,,,,,,,,,,,,,,,,,0.570896,1.699744,-3.055489,,,,,,
38958,,,,,,,,,,,,,,,,,,,,,,,0.015433,0.306586,1.120814,-11.760000,-34.020000,222.529999
38959,,,,,,,,,,,,,32.323372,53.441441,0.158709,0.240117,,,,,,,,,,,,
38961,,,,0.525867,1.609836,-2.984052,0.463490,3.727845,,,,,,,,,,,,0.564172,1.699477,-3.016765,,,,,,
38962,,,,,,,,,,,32.087063,55.118031,,,,,0.052314,0.085628,0.073866,,,,,,,,,
38968,,,,,,,,,,,,,,,,,,,,,,,0.022875,0.271206,0.997472,-13.160000,-20.440001,216.929993
38969,,,,,,,,,,,,,32.118439,53.715061,0.181630,0.254522,,,,,,,,,,,,
38971,,,,,,,,,,,,,,,,,,,,0.557341,1.698874,-2.975250,,,,,,
38979,,,,,,,,,,,,,33.066387,53.984116,0.171955,0.252058,,,,,,,,,,,,
38982,,,,,,,,,,,,,,,,,,,,,,,0.022875,0.271206,0.997472,3.500000,-17.850000,220.080002
38981,,,,,,,,,,,,,,,,,,,,0.550283,1.697984,-2.936339,,,,,,
38988,,,,,,,,,,,,,,,,,,,,,,,0.012322,0.244061,0.945134,8.470000,-4.900000,215.529999
38989,,,,,,,,,,,,,33.284966,54.162888,0.169529,0.250462,,,,,,,,,,,,
38991,,,,,,,,,,,,,,,,,,,,0.543600,1.697161,-2.900146,,,,,,
38999,,,,,,,,,,,,,32.949867,54.361801,0.172708,0.248624,,,,,,,0.012322,0.244061,0.945134,9.520000,3.640000,220.289993
39001,,,,,,,,,,,,,,,,,,,,0.536150,1.695839,-2.863786,,,,,,
39008,,,,,,,,,,,,,,,,,,,,,,,0.042090,0.245769,1.039867,5.390000,15.330000,220.289993
39009,,,,,,,,,,,,,33.728401,54.473663,0.164594,0.247634,,,,,,,,,,,,
39011,,,,0.502509,1.603930,-2.806232,0.474284,3.632220,,,,,,,,,,,,0.529216,1.694461,-2.821797,,,,,,
39012,,,,,,,,,,,34.886940,56.806694,,,,,0.057770,0.078710,0.054331,,,,,,,,,
39019,,,,,,,,,,,,,33.818520,54.537251,0.191905,0.264339,,,,,,,,,,,,
39024,,,,,,,,,,,,,,,,,,,,,,,0.042090,0.277733,1.008513,3.360000,24.430000,219.729996
39022,,,,,,,,,,,,,,,,,,,,0.521993,1.692606,-2.785294,,,,,,
39029,,,,,,,,,,,,,,,,,,,,,,,0.011163,0.277733,1.008513,0.000000,25.270000,223.440002
39030,,,,,,,,,,,,,33.705025,55.337864,0.193277,0.256626,,,,,,,,,,,,
39031,,,,,,,,,,,,,,,,,,,,0.514716,1.690472,-2.745742,,,,,,
39038,,,,,,,,,,,,,,,,,,,,,,,0.011163,0.277733,1.008513,-6.440000,10.570000,216.160004
39039,,,,,,,,,,,,,34.136436,55.804527,0.189113,0.252160,,,,,,,,,,,,
39041,,,,,,,,,,,,,,,,,,,,0.507733,1.688069,-2.706171,,,,,,
39048,,,,,,,,,,,,,,,,,,,,,,,0.030500,0.304451,1.054812,-21.420000,-14.070000,210.279999
39049,,,,,,,,,,,,,34.750343,56.269848,0.183001,0.247614,,,,,,,,,,,,
39051,,,,,,,,,,,,,,,,,,,,0.500910,1.685284,-2.672119,,,,,,
39055,,,,,,,,,,,,,,,,,,,,0.500910,1.685284,-2.672119,,,,,,
39059,,,,,,,,,,,,,35.234905,56.066856,0.178086,0.249792,,,,,,,0.030500,0.304451,1.054812,-5.670000,-18.200001,202.440002
39061,,,,0.479576,1.593657,-2.637695,0.491799,3.471181,,,,,,,,,,,,0.494331,1.682341,-2.635159,,,,,,
39062,,,,,,,,,,,37.607231,57.947674,,,,,0.060639,0.071526,0.031002,,,,,,,,,
39068,,,,,,,,,,,,,,,,,,,,,,,0.039528,0.282003,1.069391,3.710000,-14.980000,205.309998
39069,,,,,,,,,,,,,35.134884,55.955830,0.206783,0.262711,,,,,,,,,,,,
39071,,,,,,,,,,,,,,,,,,,,0.487679,1.679104,-2.597899,,,,,,
39079,,,,,,,,,,,,,36.116009,56.365387,0.197270,0.258931,,,,,,,,,,,,
39082,,,,,,,,,,,,,,,,,,,,,,,0.018239,0.263276,0.989237,-16.799999,-2.520000,207.970001
39081,,,,,,,,,,,,,,,,,,,,0.481052,1.675365,-2.563382,,,,,,
39088,,,,,,,,,,,,,,,,,,,,,,,0.018239,0.263276,0.989237,2.660000,-6.650000,201.669998
39089,,,,,,,,,,,,,36.422638,56.203476,0.194441,0.260899,,,,,,,,,,,,
39091,,,,,,,,,,,,,,,,,,,,0.474513,1.671616,-2.525734,,,,,,
39099,,,,,,,,,,,,,36.657619,56.580276,0.192281,0.257405,,,,,,,0.018239,0.263276,0.954650,1.330000,16.100000,192.990005
39101,,,,,,,,,,,,,,,,,,,,0.467922,1.667560,-2.493708,,,,,,
39108,,,,,,,,,,,,,,,,,,,,,,,0.053131,0.236253,0.954650,-4.900000,26.740000,194.669998
39109,,,,,,,,,,,,,36.874702,56.927250,0.190257,0.254139,,,,,,,,,,,,
39111,,,,0.457509,1.579062,-2.480195,0.515511,3.264480,,,,,,,,,,,,0.461294,1.663120,-2.458532,,,,,,
39112,,,,,,,,,,,40.075222,58.862358,,,,,0.061348,0.064341,0.017219,,,,,,,,,
39119,,,,,,,,,,,,,37.543293,56.587811,0.208757,0.267135,,,,,,,,,,,,
39121,,,,,,,,,,,,,,,,,,,,0.454760,1.658520,-2.426053,,,,,,
39124,,,,,,,,,,,,,,,,,,,,,,,0.059597,0.260348,1.022543,9.100000,11.340000,197.960007
39129,,,,,,,,,,,,,37.994682,57.221619,0.204659,0.261125,,,,,,,0.059597,0.260348,1.022543,11.200000,6.720000,194.880005
39131,,,,,,,,,,,,,,,,,,,,0.448428,1.653721,-2.390426,,,,,,
39138,,,,,,,,,,,,,,,,,,,,,,,0.045445,0.250405,0.973987,8.750000,-0.770000,191.869995
39139,,,,,,,,,,,,,38.207626,57.788212,0.202903,0.255674,,,,,,,,,,,,
39141,,,,,,,,,,,,,,,,,,,,0.442218,1.648831,-2.357605,,,,,,
39149,,,,,,,,,,,,,38.724499,57.939857,0.198005,0.254342,,,,,,,0.045445,0.250405,0.973987,5.250000,26.600000,184.309998
39151,,,,,,,,,,,,,,,,,,,,0.436089,1.643427,-2.324471,,,,,,
39158,,,,,,,,,,,,,,,,,,,,,,,0.018239,0.284260,1.089033,2.100000,22.959999,177.520004
39159,,,,,,,,,,,,,39.140259,58.040337,0.194034,0.253502,,,,,,,,,,,,
39161,,,,0.436727,1.560239,-2.334527,0.544706,3.032976,,,,,,,,,,,,0.430135,1.637705,-2.294018,,,,,,
39162,,,,,,,,,,,42.694954,59.215813,,,,,0.060138,0.056955,-0.012203,,,,,,,,,
39168,,,,,,,,,,,,,,,,,,,,,,,0.018239,0.284260,1.089033,-12.320000,14.140000,180.600006
39169,,,,,,,,,,,,,39.515842,58.161381,0.217111,0.256037,,,,,,,,,,,,
39171,,,,,,,,,,,,,,,,,,,,0.424538,1.631950,-2.260515,,,,,,
39179,,,,,,,,,,,,,40.341873,58.212765,0.209322,0.255724,,,,,,,,,,,,
39182,,,,,,,,,,,,,,,,,,,,,,,-0.002013,0.277672,1.061888,-13.440000,-31.150000,179.270004
39181,,,,,,,,,,,,,,,,,,,,0.419225,1.626046,-2.233007,,,,,,
39188,,,,,,,,,,,,,,,,,,,,,,,-0.002013,0.277672,1.061888,-20.510000,-33.669998,174.020004
39189,,,,,,,,,,,,,41.093491,58.330009,0.202126,0.254728,,,,,,,,,,,,
39191,,,,,,,,,,,,,,,,,,,,0.414306,1.620162,-2.199166,,,,,,
39199,,,,,,,,,,,,,41.681408,58.917042,0.196449,0.248918,,,,,,,0.013359,0.267790,1.055727,2.100000,-52.430000,169.539993
39201,,,,,,,,,,,,,,,,,,,,0.409481,1.614192,-2.171175,,,,,,
39208,,,,,,,,,,,,,,,,,,,,,,,0.013359,0.267790,1.055727,8.260000,1.610000,164.990005
39209,,,,,,,,,,,,,41.622940,58.855087,0.197248,0.249610,,,,,,,,,,,,
39211,,,,0.417616,1.537327,-2.200798,0.578579,2.793474,,,,,,,,,,,,0.404468,1.607841,-2.139781,,,,,,
39212,,,,,,,,,,,45.305798,59.893749,,,,,0.058499,0.050041,-0.028109,,,,,,,,,
39218,,,,,,,,,,,,,,,,,,,,,,,0.024888,0.198494,0.874252,12.320000,16.100000,160.440002
39219,,,,,,,,,,,,,42.155529,58.849731,0.218661,0.256651,,,,,,,,,,,,
39221,,,,,,,,,,,,,,,,,,,,0.399330,1.600882,-2.114367,,,,,,
39228,,,,,,,,,,,,,,,,,,,,,,,0.024888,0.198494,0.874252,1.610000,19.180000,164.080002
39229,,,,,,,,,,,,,42.043617,58.829269,0.220433,0.257069,,,,,,,,,,,,
39231,,,,,,,,,,,,,,,,,,,,0.394543,1.593918,-2.082410,,,,,,
39239,,,,,,,,,,,,,42.481560,58.791485,0.216618,0.257667,,,,,,,,,,,,
39242,,,,,,,,,,,,,,,,,,,,,,,0.029341,0.246684,1.003267,8.960000,9.590000,157.360001
39241,,,,,,,,,,,,,,,,,,,,0.389928,1.586910,-2.056627,,,,,,
39248,,,,,,,,,,,,,,,,,,,,,,,0.029341,0.246684,1.003267,2.380000,8.330000,151.410004
39249,,,,,,,,,,,,,43.446144,59.369934,0.207344,0.251987,,,,,,,,,,,,
39251,,,,,,,,,,,,,,,,,,,,0.385522,1.579694,-2.030627,,,,,,
39258,,,,,,,,,,,,,,,,,,,,,,,0.036295,0.239791,1.059509,-14.700000,12.180000,142.800003
39259,,,,,,,,,,,,,43.655941,59.785126,0.205576,0.247857,,,,,,,,,,,,
39261,,,,0.400524,1.510504,-2.078718,0.616316,2.556743,,,,,,,,,,,,0.381419,1.572242,-2.004428,,,,,,
39262,,,,,,,,,,,47.834641,60.189938,,,,,0.055257,0.043729,-0.050137,,,,,,,,,
39268,,,,,,,,,,,,,,,,,,,,,,,0.036295,0.239791,1.059509,-3.710000,12.180000,139.860001
39269,,,,,,,,,,,,,44.385555,59.596676,0.224258,0.252822,,,,,,,,,,,,
39271,,,,,,,,,,,,,,,,,,,,0.377479,1.564603,-1.981350,,,,,,
39279,,,,,,,,,,,,,44.464928,59.454002,0.224138,0.254396,,,,,,,,,,,,
39282,,,,,,,,,,,,,,,,,,,,,,,-0.005368,0.264740,1.118374,-7.420000,-18.900000,134.889999
39281,,,,,,,,,,,,,,,,,,,,0.373938,1.557000,-1.958218,,,,,,
39284,,,,,,,,,,,,,,,,,,,,0.373938,1.557000,-1.958218,,,,,,
39289,,,,,,,,,,,,,45.100971,59.360245,0.218325,0.255500,,,,,,,-0.005368,0.264740,1.118374,-5.180000,-9.030000,129.639999
39291,,,,,,,,,,,,,,,,,,,,0.370637,1.549403,-1.934864,,,,,,
39298,,,,,,,,,,,,,,,,,,,,,,,0.039955,0.198067,0.896578,-15.820000,26.530001,127.330002
39299,,,,,,,,,,,,,45.612175,59.252262,0.213657,0.256767,,,,,,,,,,,,
39301,,,,,,,,,,,,,,,,,,,,0.367185,1.541213,-1.911257,,,,,,
39308,,,,,,,,,,,,,,,,,,,,,,,0.039955,0.198067,0.896578,11.340000,31.360001,120.400002
39309,,,,,,,,,,,,,46.025391,59.140865,0.209887,0.258091,,,,,,,,,,,,
39311,,,,0.385744,1.479985,-1.967845,0.657142,2.327987,,,,,,,,,,,,0.363833,1.533063,-1.890699,,,,,,
39312,,,,,,,,,,,50.087681,60.841862,,,,,0.051398,0.037863,-0.055029,,,,,,,,,
39319,,,,,,,,,,,,,46.406197,59.635967,0.229346,0.259900,,,,,,,0.042700,0.183610,0.959164,-7.630000,28.700001,115.709999
39321,,,,,,,,,,,,,,,,,,,,0.360731,1.524648,-1.870163,,,,,,
39328,,,,,,,,,,,,,,,,,,,,,,,0.042700,0.183610,1.086837,-11.060000,20.370001,115.639999
39329,,,,,,,,,,,,,46.711163,59.485191,0.226971,0.261679,,,,,,,,,,,,
39331,,,,,,,,,,,,,,,,,,,,0.357828,1.516303,-1.849336,,,,,,
39339,,,,,,,,,,,,,47.513611,59.903847,0.219462,0.257680,,,,,,,,,,,,
39341,,,,,,,,,,,,,,,,,,,,0.355108,1.507826,-1.828369,-0.004941,0.202764,1.086837,-5.740000,-5.320000,114.239998
39348,,,,,,,,,,,,,,,,,,,,,,,-0.004941,0.146644,0.944341,15.120000,-8.820000,106.820000
39349,,,,,,,,,,,,,48.194572,59.715263,0.213031,0.259791,,,,,,,,,,,,
39350,,,,,,,,,,,,,,,,,,,,0.352414,1.499405,-1.810884,,,,,,
39358,,,,,,,,,,,,,,,,,,,,,,,0.029829,0.146644,0.944341,8.260000,11.340000,112.139999
39359,,,,,,,,,,,,,48.233669,60.122253,0.213010,0.255865,,,,,,,,,,,,
39361,,,,0.373509,1.446003,-1.867738,0.700329,2.108443,,,,,,,,,,,,0.349857,1.490661,-1.793146,,,,,,
39362,,,,,,,,,,,52.128555,61.579758,,,,,0.046745,0.033195,-0.053807,,,,,,,,,
39368,,,,,,,,,,,,,,,,,,,,,,,-0.009516,0.180560,1.088667,-7.560000,0.560000,101.709999
39369,,,,,,,,,,,,,48.775707,60.417141,0.228669,0.260528,,,,,,,,,,,,
39371,,,,,,,,,,,,,,,,,,,,0.347539,1.481901,-1.771817,,,,,,
39378,,,,,,,,,,,,,,,,,,,,,,,-0.009516,0.180560,1.088667,-3.220000,-1.330000,105.209999
39379,,,,,,,,,,,,,49.244122,60.680069,0.224562,0.258079,,,,,,,,,,,,
39381,,,,,,,,,,,,,,,,,,,,0.345568,1.473249,-1.757625,,,,,,
39388,,,,,,,,,,,,,,,,,,,,,,,-0.019642,0.182390,1.087264,-6.580000,-19.459999,105.279999
39389,,,,,,,,,,,,,49.641541,60.905254,0.221085,0.255962,,,,,,,,,,,,
39391,,,,,,,,,,,,,,,,,,,,0.343713,1.464558,-1.735956,,,,,,
39399,,,,,,,,,,,,,49.971809,61.089783,0.218214,0.254214,,,,,,,,,,,,
39402,,,,,,,,,,,,,,,,,,,,,,,-0.019642,0.182390,1.087264,-12.880000,-43.189999,106.680000
39401,,,,,,,,,,,,,,,,,,,,0.341993,1.456018,-1.717876,,,,,,
39408,,,,,,,,,,,,,,,,,,,,,,,-0.006405,0.171654,1.029253,3.920000,-46.480000,108.290001
39409,,,,,,,,,,,,,50.279465,60.731884,0.215507,0.257963,,,,,,,,,,,,
39411,,,,0.363982,1.408815,-1.778041,0.745181,1.897032,,,,,,,,,,,,0.340322,1.447376,-1.699627,,,,,,
39412,,,,,,,,,,,54.672028,62.578720,,,,,0.043133,0.028627,-0.058472,,,,,,,,,
39418,,,,,,,,,,,,,,,,,,,,,,,-0.006405,0.171654,1.029253,3.920000,-0.280000,103.459999
39419,,,,,,,,,,,,,50.521759,60.959751,0.239349,0.265998,,,,,,,,,,,,
39421,,,,,,,,,,,,,,,,,,,,0.338815,1.438831,-1.681213,,,,,,
39428,,,,,,,,,,,,,,,,,,,,,,,0.006039,0.133163,0.900360,10.780000,20.650000,102.269997
39429,,,,,,,,,,,,,50.708305,61.677315,0.238276,0.259002,,,,,,,,,,,,
39431,,,,,,,,,,,,,,,,,,,,0.337223,1.429302,-1.666107,,,,,,
39439,,,,,,,,,,,,,51.445377,61.223412,0.231551,0.263813,,,,,,,,,,,,
39442,,,,,,,,,,,,,,,,,,,,,,,0.006039,0.133163,0.900360,7.980000,-4.130000,96.879997
39441,,,,,,,,,,,,,,,,,,,,0.336135,1.420156,-1.647329,,,,,,
39448,,,,,,,,,,,,,,,,,,,,,,,0.031781,0.177510,1.097695,8.190000,-14.770000,92.680000
39449,,,,,,,,,,,,,51.501934,61.372330,0.231619,0.262565,,,,,,,,,,,,
39451,,,,,,,,,,,,,,,,,,,,0.335074,1.411215,-1.628439,,,,,,
39458,,,,,,,,,,,,,,,,,,,,,,,0.031781,0.177510,1.097695,2.450000,-22.820000,94.639999
39459,,,,,,,,,,,,,52.097240,62.045349,0.226181,0.255941,,,,,,,,,,,,
39461,,,,0.357247,1.368682,-1.698514,0.791012,1.691632,,,,,,,,,,,,0.334172,1.401993,-1.613216,,,,,,
39462,,,,,,,,,,,57.888573,63.868603,,,,,0.041116,0.024352,-0.070734,,,,,,,,,
39468,,,,,,,,,,,,,,,,,,,,,,,0.002257,0.154452,1.035597,-4.970000,-10.990000,86.730003
39469,,,,,,,,,,,,,52.603424,62.069862,0.254342,0.268955,,,,,,,,,,,,
39471,,,,,,,,,,,,,,,,,,,,0.333469,1.392992,-1.597873,,,,,,
39478,,,,,,,,,,,,,,,,,,,,,,,0.002257,0.154452,1.035597,2.170000,-11.480000,82.180000
39479,,,,,,,,,,,,,53.014347,62.620750,0.251207,0.263695,,,,,,,,,,,,
39481,,,,,,,,,,,,,,,,,,,,0.332975,1.383597,-1.586205,,,,,,
39488,,,,,,,,,,,,,,,,,,,,,,,-0.001281,0.151097,1.053165,-7.140000,0.210000,78.820000
39489,,,,,,,,,,,,,53.353947,62.530235,0.248718,0.264868,,,,,,,,,,,,
39491,,,,,,,,,,,,,,,,,,,,0.332529,1.374423,-1.570800,,,,,,
39499,,,,,,,,,,,,,53.646717,61.914814,0.246639,0.271413,,,,,,,,,,,,
39502,,,,,,,,,,,,,,,,,,,,0.332222,1.365165,-1.555204,0.057950,0.132797,0.981795,-17.430000,16.309999,73.919998
39508,,,,,,,,,,,,,,,,,,,,,,,0.057950,0.132797,0.981795,-19.040001,18.690001,71.190002
39509,,,,,,,,,,,,,53.951500,62.009922,0.244379,0.270834,,,,,,,,,,,,
39511,,,,0.353305,1.325872,-1.629027,0.837115,1.489899,,,,,,,,,,,,0.332116,1.355494,-1.543594,,,,,,
39512,,,,,,,,,,,60.943512,65.572136,,,,,0.039361,0.020464,-0.071051,,,,,,,,,
39518,,,,,,,,,,,,,,,,,,,,,,,0.057950,0.132797,0.981795,3.780000,20.510000,69.790001
39519,,,,,,,,,,,,,54.110092,61.979858,0.274709,0.288888,,,,,,,,,,,,
39521,,,,,,,,,,,,,,,,,,,,0.332070,1.345616,-1.532040,,,,,,
39528,,,,,,,,,,,,,,,,,,,,,,,0.053314,0.093574,0.915061,-6.650000,30.660000,60.200001
39529,,,,,,,,,,,,,54.846024,62.563858,0.268569,0.283650,,,,,,,,,,,,
39531,,,,,,,,,,,,,,,,,,,,0.332117,1.335928,-1.520619,,,,,,
39534,,,,,,,,,,,,,,,,,,,,0.332117,1.335928,-1.520619,,,,,,
39539,,,,,,,,,,,,,55.388039,62.425388,0.264260,0.285664,,,,,,,0.053314,0.093574,1.066158,2.030000,9.170000,57.189999
39538,,,,,,,,,,,,,,,,,,,,0.332117,1.335928,-1.520619,,,,,,
39541,,,,,,,,,,,,,,,,,,,,0.332117,1.335928,-1.520619,,,,,,
39543,,,,,,,,,,,,,,,,,,,,0.332300,1.325956,-1.512992,,,,,,
39549,,,,,,,,,,,,,56.220619,63.210411,0.256879,0.278286,,,,,,,0.057523,0.109007,1.066158,19.670000,-8.960000,58.310001
39551,,,,,,,,,,,,,,,,,,,,0.332413,1.316270,-1.501548,,,,,,
39559,,,,,,,,,,,,,56.973160,63.423145,0.250147,0.276588,,,,,,,,,,,,
39561,,,,0.352065,1.280643,-1.569551,0.882742,1.289678,,,,,,,,,,,,0.332765,1.306662,-1.490219,,,,,,
39562,,,,,,,,,,,63.601261,67.207710,,,,,0.036807,0.017115,-0.065659,,,,,,,,,
39564,,,,,,,,,,,,,,,,,,,,,,,0.033123,0.086681,1.045662,6.510000,0.140000,57.750000
39569,,,,,,,,,,,,,,,,,,,,,,,0.033123,0.086681,1.045662,5.740000,-3.710000,52.080002
39570,,,,,,,,,,,,,57.350227,63.823135,0.274204,0.289621,,,,,,,,,,,,
39571,,,,,,,,,,,,,,,,,,,,0.333239,1.296537,-1.486456,,,,,,
39578,,,,,,,,,,,,,,,,,,,,,,,0.023058,0.105713,1.060058,3.850000,-5.530000,54.599998
39579,,,,,,,,,,,,,58.014343,64.034752,0.268681,0.288140,,,,,,,,,,,,
39581,,,,,,,,,,,,,,,,,,,,0.333804,1.286624,-1.475191,,,,,,
39584,,,,,,,,,,,,,,,,,,,,0.333804,1.286624,-1.475191,,,,,,
39589,,,,,,,,,,,,,58.661324,64.274010,0.263199,0.286334,,,,,,,0.023058,0.105713,1.060058,13.020000,-19.110001,48.439999
39591,,,,,,,,,,,,,,,,,,,,0.334468,1.276692,-1.467727,,,,,,
39599,,,,,,,,,,,,,59.152554,64.419228,0.259176,0.285439,,,,,,,,,,,,
39602,,,,,,,,,,,,,,,,,,,,,,,0.056547,0.097234,1.015467,-14.490000,-18.129999,51.450001
39601,,,,,,,,,,,,,,,,,,,,0.335265,1.266973,-1.456577,,,,,,
39608,,,,,,,,,,,,,,,,,,,,,,,0.056547,0.097234,1.015467,-19.040001,6.020000,54.599998
39609,,,,,,,,,,,,,59.695797,64.678558,0.254525,0.283352,,,,,,,,,,,,
39611,,,,0.353344,1.233244,-1.520141,0.927093,1.089154,,,,,,,,,,,,,,,,,,,,
39612,,,,,,,,,,,66.539154,68.999741,,,,,0.035345,0.014014,-0.062921,0.336268,1.256663,-1.449175,,,,,,
39618,,,,,,,,,,,,,,,,,,,,,,,0.048739,0.086132,0.919758,8.610000,36.330002,54.880001
39619,,,,,,,,,,,,,60.074120,64.813622,0.281414,0.300759,,,,,,,,,,,,
39622,,,,,,,,,,,,,,,,,,,,0.337172,1.246259,-1.438104,,,,,,
39628,,,,,,,,,,,,,,,,,,,,,,,0.048739,0.086132,0.919758,-1.470000,38.639999,50.470001
39629,,,,,,,,,,,,,60.412262,65.496292,0.279258,0.294633,,,,,,,,,,,,
39631,,,,,,,,,,,,,,,,,,,,0.338323,1.235542,-1.427167,,,,,,
39638,,,,,,,,,,,,,,,,,,,,,,,0.032330,0.092415,1.008635,-2.170000,19.389999,43.400002
39639,,,,,,,,,,,,,60.667072,66.037689,0.277884,0.289811,,,,,,,,,,,,
39641,,,,,,,,,,,,,,,,,,,,0.339610,1.225029,-1.419920,,,,,,
39649,,,,,,,,,,,,,61.445667,65.964508,0.271117,0.291150,,,,,,,0.032330,0.092415,1.008635,0.630000,5.390000,46.900002
39651,,,,,,,,,,,,,,,,,,,,0.340763,1.214589,-1.412593,,,,,,
39659,,,,,,,,,,,,,62.120682,66.471268,0.265250,0.286588,,,,,,,,,,,,
39661,,,,0.356865,1.183912,-1.480918,0.969324,0.886839,,,,,,,,,,,,0.342274,1.204315,-1.405381,,,,,,
39662,,,,,,,,,,,69.294304,70.054054,,,,,0.032842,0.010865,-0.069318,,,,,,,,,
39664,,,,,,,,,,,,,,,,,,,,,,,0.042883,0.081740,1.088606,-14.070000,-12.530000,36.119999
39669,,,,,,,,,,,,,,,,,,,,,,,0.042883,0.081740,1.088606,-9.030000,-7.910000,37.169998
39670,,,,,,,,,,,,,62.703194,66.885521,0.288295,0.293622,,,,,,,,,,,,
39671,,,,,,,,,,,,,,,,,,,,0.343861,1.193945,-1.401665,,,,,,
39678,,,,,,,,,,,,,,,,,,,,,,,-0.001220,0.102297,1.047797,-12.180000,-8.120000,34.299999
39679,,,,,,,,,,,,,62.592979,67.847496,0.290737,0.284444,,,,,,,,,,,,
39681,,,,,,,,,,,,,,,,,,,,0.345494,1.183250,-1.394505,,,,,,
39688,,,,,,,,,,,,,,,,,,,,,,,-0.001220,0.102297,1.047797,12.600000,10.780000,32.410000
39689,,,,,,,,,,,,,63.592648,67.467453,0.281881,0.288762,,,,,,,,,,,,
39691,,,,,,,,,,,,,,,,,,,,0.347009,1.172660,-1.390896,,,,,,
39699,,,,,,,,,,,,,63.933453,67.742477,0.279545,0.286474,,,,,,,,,,,,
39702,,,,,,,,,,,,,,,,,,,,,,,0.046299,0.040565,0.997716,7.630000,9.660000,32.200001
39701,,,,,,,,,,,,,,,,,,,,0.348861,1.161896,-1.383685,,,,,,
39708,,,,,,,,,,,,,,,,,,,,,,,0.046299,0.040565,0.997716,12.810000,3.780000,27.930000
39709,,,,,,,,,,,,,64.749100,67.406235,0.272298,0.290366,,,,,,,,,,,,
39711,,,,0.362258,1.132866,-1.452062,1.008565,0.681482,,,,,,,,,,,,0.350538,1.151185,-1.376505,,,,,,
39712,,,,,,,,,,,71.883286,71.302307,,,,,0.030964,0.007608,-0.069289,,,,,,,,,
39718,,,,,,,,,,,,,,,,,,,,,,,0.035502,0.041968,0.919514,-1.750000,6.090000,20.790001
39719,,,,,,,,,,,,,64.849014,68.176216,0.298595,0.295774,,,,,,,,,,,,
39721,,,,,,,,,,,,,,,,,,,,0.352245,1.140231,-1.376526,,,,,,
39728,,,,,,,,,,,,,,,,,,,,,,,0.035502,0.041968,0.919514,1.400000,-7.910000,16.660000
39729,,,,,,,,,,,,,65.519455,68.318962,0.293163,0.294943,,,,,,,,,,,,
39731,,,,,,,,,,,,,,,,,,,,0.354129,1.129402,-1.372944,,,,,,
39738,,,,,,,,,,,,,,,,,,,,,,,-0.013481,0.039528,1.102880,0.560000,-21.700001,16.379999
39739,,,,,,,,,,,,,66.081360,68.984528,0.288705,0.288751,,,,,,,,,,,,
39741,,,,,,,,,,,,,,,,,,,,0.356067,1.118792,-1.369278,,,,,,
39748,,,,,,,,,,,,,,,,,,,,,,,-0.013481,0.039528,1.102880,9.590000,-36.049999,9.170000
39749,,,,,,,,,,,,,66.598389,69.041115,0.284591,0.288637,,,,,,,,,,,,
39768,,,,,,,,,,,,,67.330521,69.385834,0.278181,0.285573,,,,,,,,,,,,
39770,,,,0.369063,1.080318,-1.433810,1.043957,0.471959,,,,,,,,,,,,,,,,,,,,
39771,,,,,,,,,,,76.944199,75.415863,,,,,0.039338,0.004993,-0.063396,,,,,,,,,
39761,,,,,,,,,,,,,,,,,,,,0.359906,1.097477,-1.362117,,,,,,
39773,,,,,,,,,,,,,67.312950,69.042290,0.330892,0.331419,,,,,,,,,,,,
39772,,,,,,,,,,,,,,,,,,,,0.362160,1.086230,-1.362130,,,,,,
39778,,,,,,,,,,,,,,,,,,,,,,,0.012871,0.035197,0.962458,10.500000,7.070000,0.770000
39779,,,,,,,,,,,,,67.604744,69.973778,0.329842,0.323192,,,,,,,,,,,,
39783,,,,,,,,,,,,,,,,,,,,,,,0.012871,0.035197,0.962458,-13.720000,3.010000,3.430000
39781,,,,,,,,,,,,,,,,,,,,0.364286,1.075495,-1.362126,,,,,,
39789,,,,,,,,,,,,,68.780479,70.232971,0.319717,0.321637,,,,,,,0.026657,0.014213,1.089948,-21.139999,-19.320000,4.690000
39791,,,,,,,,,,,,,,,,,,,,0.366552,1.064119,-1.362171,,,,,,
39795,,,,,,,,,,,,,,,,,,,,,,,0.026657,0.014213,1.089948,19.670000,-34.230000,3.570000
39799,,,,,,,,,,,,,69.516907,70.184502,0.313838,0.323168,,,,,,,,,,,,
39800,,,,,,,,,,,,,,,,,,,,,,,0.026657,0.014213,1.089948,13.790000,-1.960000,5.320000
39801,,,,,,,,,,,,,,,,,,,,0.368480,1.053450,-1.362109,,,,,,
39808,,,,,,,,,,,,,,,,,,,,,,,0.094184,-0.029097,0.960994,21.980000,6.440000,2.660000
39809,,,,,,,,,,,,,70.021469,70.583183,0.310177,0.320148,,,,,,,,,,,,
39811,,,,0.376740,1.026470,-1.426449,1.074699,0.257184,,,,,,,,,,,,0.370510,1.041638,-1.362082,,,,,,
39812,,,,,,,,,,,76.540154,73.659805,,,,,0.028684,0.002426,-0.063639,,,,,,,,,
39819,,,,,,,,,,,,,70.370934,71.389030,0.303876,0.294983,,,,,,,,,,,,
39824,,,,,,,,,,,,,,,,,,,,,,,0.094184,-0.029097,0.960994,15.540000,14.420000,-3.990000
39821,,,,,,,,,,,,,,,,,,,,0.372611,1.029932,-1.362098,,,,,,
39829,,,,,,,,,,,,,71.099686,71.415871,0.297677,0.295163,,,,,,,0.072285,-0.018544,0.984235,14.350000,-0.910000,-4.410000
39831,,,,,,,,,,,,,,,,,,,,0.374627,1.018463,-1.362074,,,,,,
39838,,,,,,,,,,,,,,,,,,,,,,,0.072285,-0.018544,0.984235,-8.750000,10.710000,-5.880000
39839,,,,,,,,,,,,,71.512329,71.778366,0.294556,0.291915,,,,,,,,,,,,
39841,,,,,,,,,,,,,,,,,,,,0.376849,1.006743,-1.362087,,,,,,
39849,,,,,,,,,,,,,72.191284,71.868729,0.288636,0.291369,,,,,,,0.005917,0.028548,1.172237,2.730000,-2.310000,-6.930000
39851,,,,,,,,,,,,,,,,,,,,0.379084,0.995431,-1.362073,,,,,,
39858,,,,,,,,,,,,,,,,,,,,,,,0.005917,0.028548,1.172237,1.260000,-16.799999,-12.110000
39859,,,,,,,,,,,,,72.241539,72.517754,0.288993,0.285107,,,,,,,,,,,,
39861,,,,0.384672,0.971520,-1.430325,1.100102,0.036078,,,,,,,,,,,,0.381378,0.983715,-1.365653,,,,,,
39862,,,,,,,,,,,77.672272,73.338905,,,,,0.024520,0.000510,-0.065411,,,,,,,,,
39869,,,,,,,,,,,,,72.854500,72.538246,0.295148,0.281854,,,,,,,-0.022570,-0.014335,0.986492,-2.870000,-15.050000,-16.030001
39872,,,,,,,,,,,,,,,,,,,,0.383570,0.972605,-1.365645,,,,,,
39879,,,,,,,,,,,,,73.279716,72.469078,0.291775,0.282719,,,,,,,,,,,,
39881,,,,,,,,,,,,,,,,,,,,0.385787,0.961156,-1.372795,-0.022570,-0.014335,0.986492,2.450000,-21.980000,-11.200000
39888,,,,,,,,,,,,,,,,,,,,,,,-0.003782,0.000610,0.886147,-3.850000,5.250000,-13.090000
39889,,,,,,,,,,,,,73.221306,71.988579,0.293249,0.287794,,,,,,,,,,,,
39891,,,,,,,,,,,,,,,,,,,,0.387980,0.949554,-1.372810,,,,,,
39898,,,,,,,,,,,,,,,,,,,,,,,-0.003782,0.000610,0.886147,6.440000,45.430000,-17.850000
39899,,,,,,,,,,,,,73.683739,72.097649,0.289422,0.286952,,,,,,,,,,,,
39901,,,,,,,,,,,,,,,,,,,,0.390335,0.937044,-1.376416,,,,,,
39909,,,,,,,,,,,,,73.515831,72.729782,0.291933,0.280752,,,,,,,-0.019398,-0.030805,1.007842,0.840000,50.610001,-24.500000
39911,,,,0.392182,0.915681,-1.445830,1.119646,-0.192413,,,,,,,,,,,,0.392412,0.925019,-1.383615,,,,,,
39912,,,,,,,,,,,78.853798,72.784065,,,,,0.021384,-0.002413,-0.070376,,,,,,,,,
39919,,,,,,,,,,,,,73.813438,72.608551,0.301780,0.276451,,,,,,,,,,,,
39921,,,,,,,,,,,,,,,,,,,,0.394451,0.913070,-1.387177,,,,,,
39924,,,,,,,,,,,,,,,,,,,,,,,-0.040199,-0.061915,1.062742,-1.470000,20.510000,-28.490000
39929,,,,,,,,,,,,,74.391556,72.309509,0.296891,0.279537,,,,,,,-0.040199,-0.061915,1.062742,-8.680000,2.590000,-28.629999
39931,,,,,,,,,,,,,,,,,,,,0.396604,0.901304,-1.390803,,,,,,
39938,,,,,,,,,,,,,,,,,,,,,,,-0.040199,-0.061915,1.062742,-3.290000,-11.200000,-36.959999
39939,,,,,,,,,,,,,74.428490,72.113060,0.297407,0.281635,,,,,,,,,,,,
39941,,,,,,,,,,,,,,,,,,,,0.398656,0.889967,-1.394415,,,,,,
39949,,,,,,,,,,,,,75.224213,72.728180,0.290176,0.275495,,,,,,,-0.039833,-0.020984,1.086898,2.520000,-33.880001,-42.279999
39951,,,,,,,,,,,,,,,,,,,,0.400659,0.878284,-1.401650,,,,,,
39958,,,,,,,,,,,,,,,,,,,,,,,-0.039833,-0.020984,0.983442,-29.330000,-37.660000,-52.360001
39959,,,,,,,,,,,,,75.332581,72.685196,0.289796,0.275945,,,,,,,,,,,,
39961,,,,0.398547,0.859182,-1.473397,1.133038,-0.429227,,,,,,,,,,,,0.402671,0.866954,-1.412515,,,,,,
39962,,,,,,,,,,,79.481812,72.146851,,,,,0.018365,-0.005199,-0.068398,,,,,,,,,
39968,,,,,,,,,,,,,,,,,,,,,,,-0.042761,-0.065026,0.983442,-10.360000,-50.049999,-45.849998
39969,,,,,,,,,,,,,75.460167,72.134903,0.295605,0.275078,,,,,,,,,,,,
39972,,,,,,,,,,,,,,,,,,,,0.404582,0.855434,-1.419797,,,,,,
39979,,,,,,,,,,,,,75.527489,72.182549,0.295722,0.274595,,,,,,,,,,,,
39982,,,,,,,,,,,,,,,,,,,,,,,-0.013359,-0.110227,0.993751,-3.360000,24.290001,-47.740002
39981,,,,,,,,,,,,,,,,,,,,0.406382,0.843744,-1.427096,,,,,,
39988,,,,,,,,,,,,,,,,,,,,,,,-0.013359,-0.110227,0.993751,-6.090000,17.709999,-50.610001
39989,,,,,,,,,,,,,76.128662,71.673378,0.290381,0.279781,,,,,,,,,,,,
39991,,,,,,,,,,,,,,,,,,,,0.408026,0.831256,-1.438154,,,,,,
39999,,,,,,,,,,,,,75.598564,71.849892,0.296459,0.278075,,,,,,,-0.027206,-0.135481,0.930799,24.639999,51.099998,-57.330002
40001,,,,,,,,,,,,,,,,,,,,0.409452,0.819324,-1.445491,,,,,,
40008,,,,,,,,,,,,,,,,,,,,,,,-0.027206,-0.135481,0.930799,-0.840000,29.469999,-69.580002
40009,,,,,,,,,,,,,76.160728,71.915108,0.291501,0.277469,,,,,,,,,,,,
40011,,,,0.403017,0.802292,-1.513483,1.140252,-0.675012,,,,,,,,,,,,0.410938,0.807005,-1.464124,,,,,,
40012,,,,,,,,,,,79.971107,71.376282,,,,,0.016222,-0.008409,-0.065872,,,,,,,,,
40018,,,,,,,,,,,,,,,,,,,,,,,-0.055327,-0.127429,1.156865,3.290000,9.380000,-61.180000
40019,,,,,,,,,,,,,76.133888,71.465965,0.297430,0.274237,,,,,,,,,,,,
40021,,,,,,,,,,,,,,,,,,,,0.412268,0.795153,-1.471754,,,,,,
40028,,,,,,,,,,,,,,,,,,,,,,,-0.055327,-0.127429,1.156865,-0.700000,2.730000,-62.930000
40029,,,,,,,,,,,,,76.640152,71.618553,0.293034,0.272663,,,,,,,,,,,,
40031,,,,,,,,,,,,,,,,,,,,0.413415,0.783684,-1.482875,,,,,,
40039,,,,,,,,,,,,,76.589638,71.264046,0.294215,0.276230,,,,,,,,,,,,
40042,,,,,,,,,,,,,,,,,,,,,,,-0.066917,-0.129625,0.992592,-14.980000,-23.870001,-64.750000
40041,,,,,,,,,,,,,,,,,,,,0.414502,0.771824,-1.494111,,,,,,
40049,,,,,,,,,,,,,77.007210,71.433678,0.290632,0.274523,,,,,,,-0.066917,-0.129625,0.992592,-21.280001,-21.629999,-73.779999
40051,,,,,,,,,,,,,,,,,,,,0.415595,0.760339,-1.505395,,,,,,
40059,,,,,,,,,,,,,76.843697,71.058685,0.292893,0.278336,,,,,,,-0.039223,-0.132248,0.889624,24.360001,12.460000,-72.730003
40061,,,,0.404835,0.745330,-1.566530,1.141563,-0.929909,,,,,,,,,,,,0.416320,0.748286,-1.516770,,,,,,
40062,,,,,,,,,,,80.098457,70.428825,,,,,0.014387,-0.011636,-0.060470,,,,,,,,,
40068,,,,,,,,,,,,,,,,,,,,,,,-0.039223,-0.132248,0.889624,3.220000,34.509998,-66.430000
40069,,,,,,,,,,,,,76.719460,70.755302,0.296085,0.271830,,,,,,,,,,,,
40071,,,,,,,,,,,,,,,,,,,,0.416933,0.736069,-1.528311,,,,,,
40079,,,,,,,,,,,,,77.139175,70.479095,0.292479,0.274582,,,,,,,,,,,,
40082,,,,,,,,,,,,,,,,,,,,,,,-0.008540,-0.164456,0.984601,20.160000,31.080000,-70.139999
40081,,,,,,,,,,,,,,,,,,,,0.417260,0.723690,-1.539945,,,,,,
40088,,,,,,,,,,,,,,,,,,,,,,,-0.008540,-0.164456,0.984601,19.950001,29.049999,-73.500000
40089,,,,,,,,,,,,,76.960793,70.809006,0.294891,0.271207,,,,,,,,,,,,
40091,,,,,,,,,,,,,,,,,,,,0.417439,0.711555,-1.551611,,,,,,
40098,,,,,,,,,,,,,,,,,,,,,,,-0.069845,-0.189161,1.113799,18.129999,11.270000,-80.570000
40099,,,,,,,,,,,,,76.788902,70.518784,0.297271,0.274091,,,,,,,,,,,,
40101,,,,,,,,,,,,,,,,,,,,0.417515,0.699441,-1.567192,,,,,,
40109,,,,,,,,,,,,,77.206467,70.835457,0.293674,0.270843,,,,,,,-0.069845,-0.189161,1.113799,-14.910000,1.400000,-87.709999
40111,,,,0.403262,0.688679,-1.632924,1.137555,-1.193272,,,,,,,,,,,,0.417618,0.687776,-1.581653,,,,,,
40112,,,,,,,,,,,79.797707,68.115433,,,,,0.010752,-0.014381,-0.068070,,,,,,,,,
40119,,,,,,,,,,,,,77.569214,70.564163,0.287485,0.249932,,,,,,,-0.055083,-0.136701,1.072990,-21.209999,-19.600000,-80.639999
40121,,,,,,,,,,,,,,,,,,,,0.417718,0.675921,-1.597286,,,,,,
40128,,,,,,,,,,,,,,,,,,,,,,,-0.055083,-0.136701,1.072990,7.000000,-32.759998,-84.000000
40129,,,,,,,,,,,,,77.870621,70.332588,0.284856,0.251805,,,,,,,,,,,,
40131,,,,,,,,,,,,,,,,,,,,0.417572,0.664222,-1.612876,,,,,,
40139,,,,,,,,,,,,,77.576233,69.589745,0.288244,0.258938,,,,,,,,,,,,
40141,,,,,,,,,,,,,,,,,,,,0.417252,0.652604,-1.628324,-0.056181,-0.161040,0.938180,2.870000,-51.590000,-87.360001
40149,,,,,,,,,,,,,77.896858,69.530388,0.285418,0.259249,,,,,,,-0.056181,-0.161040,0.938180,16.170000,-28.490000,-87.570000
40151,,,,,,,,,,,,,,,,,,,,0.416589,0.641021,-1.643615,,,,,,
40159,,,,,,,,,,,,,77.589821,69.455055,0.288930,0.259734,,,,,,,-0.065880,-0.203130,0.963007,11.340000,31.990000,-90.019997
40161,,,,0.397604,0.632809,-1.712939,1.129094,-1.463420,,,,,,,,,,,,0.415700,0.629107,-1.658618,,,,,,
40162,,,,,,,,,,,79.758965,66.392342,,,,,0.009536,-0.018293,-0.070367,,,,,,,,,
40169,,,,,,,,,,,,,77.836174,69.354355,0.286464,0.242918,,,,,,,-0.065880,-0.203130,0.977342,20.719999,48.509998,-98.419998
40171,,,,,,,,,,,,,,,,,,,,0.414439,0.616633,-1.676821,,,,,,
40178,,,,,,,,,,,,,,,,,,,,,,,-0.056913,-0.220393,0.977342,34.930000,56.000000,-98.349998
40179,,,,,,,,,,,,,77.555748,68.774002,0.289709,0.248245,,,,,,,,,,,,
40181,,,,,,,,,,,,,,,,,,,,0.412927,0.604633,-1.691434,,,,,,
40188,,,,,,,,,,,,,,,,,,,,,,,-0.056913,-0.220393,1.109895,25.549999,30.730000,-102.620003
40189,,,,,,,,,,,,,77.265373,68.784592,0.293111,0.247661,,,,,,,,,,,,
40191,,,,,,,,,,,,,,,,,,,,0.411279,0.592559,-1.709372,,,,,,
40199,,,,,,,,,,,,,77.587128,68.264259,0.290328,0.252490,,,,,,,,,,,,
40202,,,,,,,,,,,,,,,,,,,,,,,-0.088206,-0.243756,1.109895,-11.410000,22.049999,-110.389999
40201,,,,,,,,,,,,,,,,,,,,0.409773,0.581027,-1.727629,,,,,,
40208,,,,,,,,,,,,,,,,,,,,,,,-0.088084,-0.171654,1.065365,-16.170000,13.090000,-114.870003
40209,,,,,,,,,,,,,77.374207,67.880981,0.292934,0.256025,,,,,,,,,,,,
40211,,,,0.387244,0.578284,-1.806681,1.117275,-1.737533,,,,,,,,,,,,0.408034,0.569097,-1.749425,,,,,,
40212,,,,,,,,,,,79.050949,63.957428,,,,,0.006626,-0.021634,-0.073576,,,,,,,,,
40218,,,,,,,,,,,,,,,,,,,,,,,-0.088084,-0.171654,1.065365,-5.810000,-0.490000,-121.870003
40219,,,,,,,,,,,,,77.702744,67.523819,0.282838,0.234534,,,,,,,,,,,,
40221,,,,,,,,,,,,,,,,,,,,0.406085,0.557493,-1.770897,,,,,,
40228,,,,,,,,,,,,,,,,,,,,,,,-0.086620,-0.218014,0.974597,-16.100000,-5.250000,-129.639999
40229,,,,,,,,,,,,,77.938736,67.189903,0.280701,0.237227,,,,,,,,,,,,
40231,,,,,,,,,,,,,,,,,,,,0.404078,0.546123,-1.789079,,,,,,
40239,,,,,,,,,,,,,77.570786,66.891289,0.284676,0.239626,,,,,,,,,,,,
40241,,,,,,,,,,,,,,,,,,,,0.401691,0.534694,-1.817266,-0.086620,-0.218014,0.974597,22.889999,-23.100000,-132.020004
40248,,,,,,,,,,,,,,,,,,,,,,,-0.091683,-0.293166,0.990457,26.320000,-20.020000,-135.309998
40249,,,,,,,,,,,,,77.935684,66.196129,0.281251,0.246130,,,,,,,,,,,,
40251,,,,,,,,,,,,,,,,,,,,0.399088,0.523694,-1.838355,,,,,,
40258,,,,,,,,,,,,,,,,,,,,,,,-0.091683,-0.293166,0.990457,-9.870000,-36.189999,-144.899994
40259,,,,,,,,,,,,,77.598305,66.081116,0.284915,0.246855,,,,,,,,,,,,
40261,,,,0.371670,0.525775,-1.914057,1.103324,-2.011831,,,,,,,,,,,,0.396273,0.512834,-1.866247,,,,,,
40262,,,,,,,,,,,78.668327,61.843132,,,,,0.005326,-0.026837,-0.076184,,,,,,,,,
40268,,,,,,,,,,,,,,,,,,,,,,,-0.105469,-0.279807,0.924150,17.570000,-31.219999,-150.990005
40269,,,,,,,,,,,,,77.912888,66.027245,0.278094,0.225414,,,,,,,,,,,,
40271,,,,,,,,,,,,,,,,,,,,0.393267,0.502072,-1.890365,,,,,,
40278,,,,,,,,,,,,,,,,,,,,,,,-0.105469,-0.279807,0.924150,7.210000,-38.220001,-152.250000
40279,,,,,,,,,,,,,78.158524,65.418243,0.275739,0.230789,,,,,,,,,,,,
40281,,,,,,,,,,,,,,,,,,,,0.389959,0.491401,-1.917603,,,,,,
40288,,,,,,,,,,,,,,,,,,,,,,,-0.080520,-0.306220,0.993507,6.160000,11.480000,-154.000000
40289,,,,,,,,,,,,,77.802719,64.893936,0.279471,0.235422,,,,,,,,,,,,
40291,,,,,,,,,,,,,,,,,,,,0.386187,0.480364,-1.941226,,,,,,
40299,,,,,,,,,,,,,77.425209,64.932571,0.283494,0.234418,,,,,,,,,,,,
40302,,,,,,,,,,,,,,,,,,,,,,,-0.080520,-0.306220,0.993507,12.390000,31.430000,-165.199997
40301,,,,,,,,,,,,,,,,,,,,0.382142,0.469281,-1.971128,,,,,,
40308,,,,,,,,,,,,,,,,,,,,,,,-0.102297,-0.328363,1.095499,5.250000,36.330002,-168.419998
40309,,,,,,,,,,,,,77.831161,64.562119,0.279602,0.237578,,,,,,,,,,,,
40311,,,,0.350514,0.476067,-2.034784,1.088478,-2.282232,,,,,,,,,,,,0.377925,0.458614,-2.000667,,,,,,
40312,,,,,,,,,,,78.289925,60.969902,,,,,0.006147,-0.031541,-0.061515,,,,,,,,,
40319,,,,,,,,,,,,,77.532120,63.630054,0.278960,0.237635,,,,,,,-0.102297,-0.328363,1.095499,5.110000,29.400000,-171.080002
40321,,,,,,,,,,,,,,,,,,,,0.373460,0.448058,-2.030051,,,,,,
40328,,,,,,,,,,,,,,,,,,,,,,,-0.093269,-0.332267,1.047431,-5.250000,8.400000,-166.179993
40329,,,,,,,,,,,,,77.790138,63.363678,0.276480,0.239820,,,,,,,,,,,,
40331,,,,,,,,,,,,,,,,,,,,0.368801,0.437632,-2.062640,,,,,,
40338,,,,,,,,,,,,,,,,,,,,,,,-0.093269,-0.332267,1.047431,14.070000,9.870000,-167.509995
40339,,,,,,,,,,,,,77.523087,62.641376,0.279304,0.246708,,,,,,,,,,,,
40341,,,,,,,,,,,,,,,,,,,,0.363862,0.427964,-2.091490,,,,,,
40349,,,,,,,,,,,,,77.285027,62.571358,0.281885,0.247088,,,,,,,-0.090768,-0.339282,0.949099,12.320000,-7.420000,-169.119995
40351,,,,,,,,,,,,,,,,,,,,0.358562,0.418050,-2.120097,,,,,,
40359,,,,,,,,,,,,,77.621368,62.503517,0.278656,0.247460,,,,,,,,,,,,
40361,,,,0.323581,0.430061,-2.168463,1.073857,-2.545466,,,,,,,,,,,,0.352993,0.408710,-2.148699,,,,,,
40362,,,,,,,,,,,78.243309,60.325321,,,,,0.007993,-0.035890,-0.048764,,,,,,,,,
40364,,,,,,,,,,,,,,,,,,,,,,,-0.087596,-0.393572,1.095987,28.840000,-21.840000,-158.619995
40369,,,,,,,,,,,,,,,,,,,,,,,-0.087596,-0.393572,1.095987,11.690000,-42.980000,-155.399994
40370,,,,,,,,,,,,,77.261459,61.943295,0.281985,0.246293,,,,,,,,,,,,
40371,,,,,,,,,,,,,,,,,,,,0.347132,0.399358,-2.176859,,,,,,
40378,,,,,,,,,,,,,,,,,,,,,,,-0.087596,-0.393572,1.095987,18.059999,-36.400002,-157.779999
40379,,,,,,,,,,,,,77.725349,62.524364,0.277450,0.240042,,,,,,,,,,,,
40381,,,,,,,,,,,,,,,,,,,,0.341236,0.390545,-2.201867,,,,,,
40388,,,,,,,,,,,,,,,,,,,,,,,-0.074359,-0.302194,0.919026,9.310000,-52.290001,-158.899994
40389,,,,,,,,,,,,,77.464928,62.480854,0.280210,0.240046,,,,,,,,,,,,
40391,,,,,,,,,,,,,,,,,,,,0.335154,0.381779,-2.232976,,,,,,
40399,,,,,,,,,,,,,77.266510,62.461178,0.282389,0.239816,,,,,,,-0.074359,-0.302194,1.137772,-16.379999,-16.520000,-166.740005
40401,,,,,,,,,,,,,,,,,,,,0.328831,0.373043,-2.260726,,,,,,
40408,,,,,,,,,,,,,,,,,,,,,,,-0.079361,-0.322995,1.137772,-1.400000,0.630000,-160.089996
40409,,,,,,,,,,,,,77.013580,61.828754,0.285164,0.245840,,,,,,,,,,,,
40411,,,,0.290889,0.388764,-2.314724,1.060373,-2.800437,,,,,,,,,,,,0.322046,0.364295,-2.288126,,,,,,
40412,,,,,,,,,,,79.324570,59.808517,,,,,0.012026,-0.039022,-0.051877,,,,,,,,,
40419,,,,,,,,,,,,,76.834526,61.322720,0.298266,0.245429,,,,,,,,,,,,
40421,,,,,,,,,,,,,,,,,,,,0.315046,0.355889,-2.315412,,,,,,
40424,,,,,,,,,,,,,,,,,,,,,,,-0.037759,-0.294752,0.979477,12.460000,-6.020000,-157.149994
40429,,,,,,,,,,,,,76.486458,61.282478,0.302314,0.245537,,,,,,,-0.037759,-0.294752,0.979477,-12.950000,-16.450001,-160.929993
40431,,,,,,,,,,,,,,,,,,,,0.308141,0.347807,-2.345676,,,,,,
40438,,,,,,,,,,,,,,,,,,,,,,,-0.029890,-0.328302,1.039684,8.190000,-23.100000,-166.320007
40439,,,,,,,,,,,,,76.646606,61.060589,0.301248,0.247505,,,,,,,,,,,,
40441,,,,,,,,,,,,,,,,,,,,0.300800,0.339829,-2.372577,,,,,,
40449,,,,,,,,,,,,,76.575531,60.714851,0.302509,0.250781,,,,,,,-0.029890,-0.328302,1.039684,-0.490000,-2.310000,-172.830002
40451,,,,,,,,,,,,,,,,,,,,0.293097,0.331868,-2.405398,,,,,,
40459,,,,,,,,,,,,,76.961403,60.347332,0.299122,0.254349,,,,,,,,,,,,
40461,,,,0.252695,0.353276,-2.473376,1.048699,-3.049284,,,,,,,,,,,,0.285154,0.324058,-2.434911,,,,,,
40462,,,,,,,,,,,80.767921,58.798710,,,,,0.015614,-0.042753,-0.068103,,,,,,,,,
40464,,,,,,,,,,,,,,,,,,,,,,,-0.009699,-0.296399,0.880596,-5.040000,31.850000,-175.910004
40469,,,,,,,,,,,,,,,,,,,,,,,-0.009699,-0.296399,0.880596,11.200000,29.540001,-175.559998
40470,,,,,,,,,,,,,76.792305,60.196495,0.316042,0.245479,,,,,,,,,,,,
40471,,,,,,,,,,,,,,,,,,,,0.276785,0.316517,-2.464185,,,,,,
40478,,,,,,,,,,,,,,,,,,,,,,,0.008113,-0.382165,1.078419,4.830000,10.360000,-178.639999
40479,,,,,,,,,,,,,76.712715,60.444302,0.317649,0.242672,,,,,,,,,,,,
40482,,,,,,,,,,,,,,,,,,,,0.268439,0.309369,-2.493447,,,,,,
40489,,,,,,,,,,,,,77.110771,60.144779,0.314400,0.245398,,,,,,,0.008113,-0.382165,1.078419,7.700000,5.530000,-186.830002
40491,,,,,,,,,,,,,,,,,,,,0.259885,0.302460,-2.528393,,,,,,
40498,,,,,,,,,,,,,,,,,,,,,,,-0.028731,-0.376126,1.066707,8.400000,-12.320000,-196.699997
40499,,,,,,,,,,,,,77.467155,60.455853,0.311496,0.241956,,,,,,,,,,,,
40501,,,,,,,,,,,,,,,,,,,,0.251070,0.295788,-2.563107,,,,,,
40508,,,,,,,,,,,,,,,,,,,,,,,-0.028731,-0.376126,1.066707,-1.190000,-22.820000,-205.029999
40509,,,,,,,,,,,,,77.791100,60.188160,0.308852,0.244355,,,,,,,,,,,,
40511,,,,0.209530,0.324762,-2.644544,1.039374,-3.297262,,,,,,,,,,,,0.242208,0.289512,-2.594851,,,,,,
40512,,,,,,,,,,,82.134224,57.947666,,,,,0.018817,-0.046697,-0.080870,,,,,,,,,
40519,,,,,,,,,,,,,77.987946,59.906956,0.321376,0.238265,,,,,,,,,,,,
40521,,,,,,,,,,,,,,,,,,,,0.233437,0.283458,-2.632209,,,,,,
40524,,,,,,,,,,,,,,,,,,,,,,,-0.024095,-0.346419,1.032974,-5.950000,-42.630001,-208.110001
40529,,,,,,,,,,,,,78.119789,59.645386,0.320860,0.240541,,,,,,,-0.024095,-0.346419,1.032974,2.310000,-17.709999,-209.509995
40531,,,,,,,,,,,,,,,,,,,,0.224298,0.277677,-2.669420,,,,,,
40538,,,,,,,,,,,,,,,,,,,,,,,-0.005490,-0.363133,0.982649,-8.820000,7.140000,-210.000000
40539,,,,,,,,,,,,,78.431015,59.573345,0.318489,0.240936,,,,,,,,,,,,
40541,,,,,,,,,,,,,,,,,,,,0.214530,0.271902,-2.706308,,,,,,
40548,,,,,,,,,,,,,,,,,,,,,,,-0.005490,-0.363133,0.982649,5.880000,6.230000,-219.869995
40549,,,,,,,,,,,,,78.639015,58.923038,0.317108,0.247244,,,,,,,,,,,,
40551,,,,,,,,,,,,,,,,,,,,0.204836,0.266788,-2.745925,,,,,,
40559,,,,,,,,,,,,,78.763145,58.888142,0.316541,0.247405,,,,,,,0.006771,-0.415166,0.963617,-2.450000,-7.350000,-232.960007
40561,,,,0.162218,0.304415,-2.828607,1.033032,-3.550783,,,,,,,,,,,,0.195002,0.261931,-2.788206,,,,,,
40562,,,,,,,,,,,84.126411,58.486530,,,,,0.024730,-0.050737,-0.081317,,,,,,,,,
40568,,,,,,,,,,,,,,,,,,,,,,,0.006771,-0.415166,0.963617,5.530000,5.040000,-232.470001
40569,,,,,,,,,,,,,78.819633,58.823330,0.336959,0.253375,,,,,,,,,,,,
40571,,,,,,,,,,,,,,,,,,,,0.184611,0.257757,-2.827478,,,,,,
40579,,,,,,,,,,,,,79.464111,58.805183,0.331447,0.253492,,,,,,,,,,,,
40581,,,,,,,,,,,,,,,,,,,,0.174176,0.253669,-2.866605,0.004148,-0.463112,1.051945,2.450000,9.100000,-231.000000
40588,,,,,,,,,,,,,,,,,,,,,,,0.004148,-0.463112,1.051945,16.100000,11.550000,-236.460007
40589,,,,,,,,,,,,,79.473877,58.252785,0.332280,0.259063,,,,,,,,,,,,
40591,,,,,,,,,,,,,,,,,,,,0.163829,0.250127,-2.905647,,,,,,
40599,,,,,,,,,,,,,80.054375,58.353306,0.327289,0.258084,,,,,,,0.017141,-0.438346,0.946415,9.800000,9.170000,-243.600006
40601,,,,,,,,,,,,,,,,,,,,0.153188,0.246882,-2.950160,,,,,,
40608,,,,,,,,,,,,,,,,,,,,,,,0.017141,-0.438346,1.006988,8.260000,4.060000,-249.899994
40609,,,,,,,,,,,,,80.456909,58.922836,0.323998,0.252302,,,,,,,,,,,,
40611,,,,0.111892,0.293405,-3.025908,1.030753,-3.813105,,,,,,,,,,,,,,,,,,,,
40612,,,,,,,,,,,86.424011,59.855255,,,,,0.031613,-0.053042,-0.073439,0.142288,0.244020,-2.994613,,,,,,
40619,,,,,,,,,,,,,80.321930,58.909557,0.349544,0.266311,,,,,,,,,,,,
40623,,,,,,,,,,,,,,,,,,,,,,,0.020679,-0.467260,1.006988,-6.930000,-13.930000,-250.320007
40621,,,,,,,,,,,,,,,,,,,,0.131434,0.241546,-3.039023,,,,,,
40629,,,,,,,,,,,,,81.262100,58.868378,0.341175,0.266920,,,,,,,0.006588,-0.494100,1.122400,0.140000,-25.129999,-248.850006
40631,,,,,,,,,,,,,,,,,,,,0.120581,0.239600,-3.083352,,,,,,
40638,,,,,,,,,,,,,,,,,,,,,,,0.006588,-0.494100,1.122400,-3.640000,-31.990000,-251.369995
40639,,,,,,,,,,,,,81.541718,58.310375,0.339355,0.272809,,,,,,,,,,,,
40641,,,,,,,,,,,,,,,,,,,,0.109742,0.237988,-3.124929,,,,,,
40649,,,,,,,,,,,,,81.648239,58.841629,0.339245,0.267699,,,,,,,0.040992,-0.440481,0.978867,1.470000,-10.850000,-254.240005
40651,,,,,,,,,,,,,,,,,,,,0.098645,0.236906,3.111193,,,,,,
40658,,,,,,,,,,,,,,,,,,,,,,,0.040992,-0.440481,0.978867,16.170000,-0.700000,-252.210007
40659,,,,,,,,,,,,,81.914551,58.870483,0.337484,0.267608,,,,,,,,,,,,
40661,,,,0.059997,0.292813,3.047071,1.034453,-4.078121,,,,,,,,,,,,0.087291,0.236289,3.066913,,,,,,
40662,,,,,,,,,,,89.486389,62.137856,,,,,0.040133,-0.054161,-0.063086,,,,,,,,,
40668,,,,,,,,,,,,,,,,,,,,,,,0.045201,-0.460611,0.947513,3.850000,17.150000,-257.950012
40669,,,,,,,,,,,,,82.053642,58.834568,0.368203,0.291454,,,,,,,,,,,,
40671,,,,,,,,,,,,,,,,,,,,0.075910,0.236142,3.022592,,,,,,
40679,,,,,,,,,,,,,82.746712,59.372284,0.362620,0.286630,,,,,,,,,,,,
40682,,,,,,,,,,,,,,,,,,,,,,,0.045201,-0.460611,0.947513,13.090000,-6.650000,-258.089996
40681,,,,,,,,,,,,,,,,,,,,0.064569,0.236624,2.978251,,,,,,
40688,,,,,,,,,,,,,,,,,,,,,,,0.058011,-0.516121,1.007171,2.380000,-12.320000,-257.390015
40689,,,,,,,,,,,,,83.320206,59.817768,0.358118,0.282639,,,,,,,,,,,,
40691,,,,,,,,,,,,,,,,,,,,0.053346,0.237391,2.933740,,,,,,
40699,,,,,,,,,,,,,83.765633,59.619480,0.354808,0.285125,,,,,,,0.058011,-0.516121,1.007171,8.750000,19.110001,-260.190002
40700,,,,,,,,,,,,,,,,,,,,0.041816,0.238662,2.886390,,,,,,
40708,,,,,,,,,,,,,,,,,,,,,,,0.081130,-0.427549,0.933178,5.040000,34.020000,-266.980011
40709,,,,,,,,,,,,,84.184418,60.030724,0.351681,0.281434,,,,,,,,,,,,
40711,,,,0.008275,0.303557,2.825797,1.047130,-4.324263,,,,,,,,,,,,0.029999,0.240464,2.838986,,,,,,
40712,,,,,,,,,,,93.285789,64.786377,,,,,0.048741,-0.053721,-0.060024,,,,,,,,,
40719,,,,,,,,,,,,,83.985977,60.374756,0.393519,0.305362,,,,,,,0.081130,-0.427549,0.933178,-20.510000,35.560001,-269.500000
40721,,,,,,,,,,,,,,,,,,,,0.018351,0.242714,2.794005,,,,,,
40728,,,,,,,,,,,,,,,,,,,,,,,0.068320,-0.558028,1.076650,-0.490000,4.130000,-272.440002
40729,,,,,,,,,,,,,84.865089,60.629597,0.386412,0.303645,,,,,,,,,,,,
40731,,,,,,,,,,,,,,,,,,,,0.007211,0.245441,2.746177,,,,,,
40739,,,,,,,,,,,,,85.610474,61.394310,0.380493,0.296676,,,,,,,,,,,,
40741,,,,,,,,,,,,,,,,,,,,-0.003886,0.248688,2.695185,0.068320,-0.558028,1.076650,10.640000,-37.660000,-274.049988
40748,,,,,,,,,,,,,,,,,,,,,,,0.084119,-0.512705,0.985394,-3.640000,-32.060001,-274.399994
40749,,,,,,,,,,,,,86.290573,61.528038,0.375092,0.295990,,,,,,,,,,,,
40751,,,,,,,,,,,,,,,,,,,,-0.014678,0.252177,2.649598,,,,,,
40758,,,,,,,,,,,,,,,,,,,,,,,0.084119,-0.512705,0.985394,0.000000,-9.520000,-277.549988
40759,,,,,,,,,,,,,86.795639,62.139854,0.371339,0.290401,,,,,,,,,,,,
40761,,,,-0.041267,0.326299,2.597422,1.072771,-4.513456,,,,,,,,,,,,-0.025713,0.256454,2.600882,,,,,,
40762,,,,,,,,,,,97.760597,68.877617,,,,,0.058148,-0.051895,-0.049811,,,,,,,,,
40768,,,,,,,,,,,,,,,,,,,,,,,0.078995,-0.460123,0.933971,-1.750000,17.990000,-279.299988
40769,,,,,,,,,,,,,87.282028,62.151363,0.413319,0.332544,,,,,,,,,,,,
40775,,,,,,,,,,,,,,,,,,,,-0.036962,0.261177,2.554799,,,,,,
40779,,,,,,,,,,,,,87.712830,62.724960,0.411020,0.328038,,,,,,,,,,,,
40778,,,,,,,,,,,,,,,,,,,,-0.036962,0.261177,2.554799,,,,,,
40782,,,,,,,,,,,,,,,,,,,,,,,0.090097,-0.570533,0.979599,-7.070000,10.710000,-287.700012
40781,,,,,,,,,,,,,,,,,,,,-0.047626,0.266219,2.505422,,,,,,
40788,,,,,,,,,,,,,,,,,,,,,,,0.090097,-0.570533,0.979599,2.730000,-10.290000,-294.420013
40789,,,,,,,,,,,,,88.597443,63.188690,0.404007,0.324539,,,,,,,,,,,,
40791,,,,,,,,,,,,,,,,,,,,-0.058198,0.271913,2.452736,,,,,,
40799,,,,,,,,,,,,,89.309074,64.102654,0.398581,0.316354,,,,,,,0.090097,-0.570533,0.979599,25.200001,-31.850000,-293.230011
40801,,,,,,,,,,,,,,,,,,,,-0.068171,0.278130,2.405493,,,,,,
40808,,,,,,,,,,,,,,,,,,,,,,,0.122427,-0.565165,0.964227,0.840000,-12.880000,-297.290009
40809,,,,,,,,,,,,,89.934570,64.891464,0.393891,0.309263,,,,,,,,,,,,
40811,,,,-0.086411,0.361350,2.367845,1.115664,-4.601423,,,,,,,,,,,,,,,,,,,,
40812,,,,,,,,,,,103.236847,74.775337,,,,,0.068702,-0.048490,-0.036036,-0.078277,0.284808,2.354829,,,,,,
40819,,,,,,,,,,,,,90.397163,65.507988,0.446596,0.363929,,,,,,,0.122427,-0.565165,0.952088,10.850000,7.210000,-302.679993
40821,,,,,,,,,,,,,,,,,,,,-0.088193,0.292026,2.300591,,,,,,
40829,,,,,,,,,,,,,91.419495,66.089363,0.438736,0.359852,,,,,,,0.115412,-0.492758,0.952088,-5.670000,-14.420000,-303.100006
40831,,,,,,,,,,,,,,,,,,,,-0.097843,0.299787,2.251770,,,,,,
40839,,,,,,,,,,,,,92.258049,67.110855,0.432546,0.351170,,,,,,,,,,,,
40842,,,,,,,,,,,,,,,,,,,,,,,0.132004,-0.521672,0.985760,-27.580000,-8.750000,-300.160004
40841,,,,,,,,,,,,,,,,,,,,-0.106979,0.307510,2.193155,,,,,,
40849,,,,,,,,,,,,,93.557861,68.003998,0.421484,0.343593,,,,,,,0.132004,-0.521672,0.985760,-16.660000,-2.240000,-302.119995
40851,,,,,,,,,,,,,,,,,,,,-0.116321,0.316033,2.136737,,,,,,
40858,,,,,,,,,,,,,,,,,,,,,,,0.148352,-0.430172,0.874679,7.070000,18.620001,-311.709991
40859,,,,,,,,,,,,,94.063446,69.274460,0.418262,0.331989,,,,,,,,,,,,
40861,,,,-0.124821,0.408564,2.143619,1.179129,-4.559114,,,,,,,,,,,,-0.125023,0.324790,2.089011,,,,,,
40862,,,,,,,,,,,109.267685,84.019890,,,,,0.081596,-0.041774,0.004026,,,,,,,,,
40868,,,,,,,,,,,,,,,,,,,,,,,0.148352,-0.430172,0.874679,-9.800000,39.410000,-311.010010
40869,,,,,,,,,,,,,94.441124,69.759636,0.477759,0.422435,,,,,,,,,,,,
40871,,,,,,,,,,,,,,,,,,,,-0.133934,0.334571,2.034040,,,,,,
40878,,,,,,,,,,,,,,,,,,,,,,,0.152866,-0.569435,1.022848,23.170000,21.910000,-316.959991
40879,,,,,,,,,,,,,95.349823,70.748009,0.471456,0.415205,,,,,,,,,,,,
40881,,,,,,,,,,,,,,,,,,,,-0.141866,0.344257,1.978301,,,,,,
40888,,,,,,,,,,,,,,,,,,,,,,,0.152866,-0.569435,1.022848,31.500000,-13.440000,-318.920013
40889,,,,,,,,,,,,,96.596359,72.076958,0.461525,0.404304,,,,,,,,,,,,
40891,,,,,,,,,,,,,,,,,,,,-0.149333,0.354229,1.921524,,,,,,
40899,,,,,,,,,,,,,97.684654,73.772339,0.452958,0.389400,,,,,,,,,,,,
40902,,,,,,,,,,,,,,,,,,,,,,,0.171959,-0.558943,1.018456,-5.950000,-49.279999,-315.420013
40901,,,,,,,,,,,,,,,,,,,,-0.156539,0.364736,1.867017,,,,,,
40908,,,,,,,,,,,,,,,,,,,,,,,0.171959,-0.558943,1.018456,-14.770000,-34.230000,-315.070007
40909,,,,,,,,,,,,,98.751709,75.319916,0.444391,0.375664,,,,,,,,,,,,
40911,,,,-0.154156,0.467239,1.930155,1.264017,-4.391523,,,,,,,,,,,,-0.163423,0.375211,1.814842,,,,,,
40912,,,,,,,,,,,115.618614,96.010086,,,,,0.095835,-0.031417,0.059614,,,,,,,,,
40919,,,,,,,,,,,,,99.430870,76.447128,0.504346,0.488207,,,,,,,0.180560,-0.476166,0.954650,8.890000,-3.990000,-322.140015
40921,,,,,,,,,,,,,,,,,,,,-0.170074,0.386529,1.757999,,,,,,
40929,,,,,,,,,,,,,100.672951,78.041824,0.494915,0.475853,,,,,,,0.180560,-0.476166,0.954650,-24.219999,21.910000,-312.829987
40931,,,,,,,,,,,,,,,,,,,,-0.176569,0.398149,1.703435,,,,,,
40939,,,,,,,,,,,,,101.678696,80.994370,0.487645,0.449331,,,,,,,,,,,,
40942,,,,,,,,,,,,,,,,,,,,,,,0.172386,-0.429745,0.839055,4.480000,3.990000,-332.010010
40941,,,,,,,,,,,,,,,,,,,,-0.182298,0.410047,1.647537,,,,,,
40949,,,,,,,,,,,,,102.603798,82.999832,0.480997,0.431878,,,,,,,0.172386,-0.429745,0.839055,4.760000,-2.170000,-327.880005
40951,,,,,,,,,,,,,,,,,,,,-0.187598,0.422238,1.590180,,,,,,
40959,,,,,,,,,,,,,103.306725,84.621513,0.476430,0.417939,,,,,,,0.226066,-0.476227,0.957761,7.280000,-1.750000,-324.170013
40961,,,,-0.172232,0.536022,1.730538,1.367596,-4.136711,,,,,,,,,,,,-0.192434,0.434317,1.535965,,,,,,
40962,,,,,,,,,,,121.864540,110.335449,,,,,0.111368,-0.017766,0.127803,,,,,,,,,
40968,,,,,,,,,,,,,,,,,,,,,,,0.226066,-0.476227,0.957761,14.560000,-21.840000,-331.730011
40969,,,,,,,,,,,,,104.386063,85.935616,0.531592,0.552932,,,,,,,,,,,,
40971,,,,,,,,,,,,,,,,,,,,-0.196843,0.447161,1.478990,,,,,,
40978,,,,,,,,,,,,,,,,,,,,,,,0.216001,-0.493856,1.002474,-32.130001,-6.370000,-326.130005
40979,,,,,,,,,,,,,104.833679,87.664001,0.530522,0.540182,,,,,,,,,,,,
40981,,,,,,,,,,,,,,,,,,,,-0.201026,0.459822,1.419801,,,,,,
40989,,,,,,,,,,,,,106.209373,90.126236,0.519896,0.519602,,,,,,,0.216001,-0.493856,1.002474,1.680000,-26.879999,-336.839996
40991,,,,,,,,,,,,,,,,,,,,-0.204251,0.472764,1.362123,,,,,,
40999,,,,,,,,,,,,,108.028336,93.947044,0.504474,0.484671,,,,,,,,,,,,
41002,,,,,,,,,,,,,,,,,,,,,,,0.240645,-0.577548,1.013820,-8.120000,-32.410000,-327.179993
41001,,,,,,,,,,,,,,,,,,,,-0.207122,0.485560,1.305761,,,,,,
41008,,,,,,,,,,,,,,,,,,,,,,,0.240645,-0.577548,1.013820,16.799999,16.240000,-329.140015
41009,,,,,,,,,,,,,110.092255,97.147278,0.486189,0.455307,,,,,,,,,,,,
41011,,,,-0.177218,0.612855,1.545382,1.483144,-3.846208,,,,,,,,,,,,,,,,,,,,
41012,,,,,,,,,,,126.353989,126.482857,,,,,0.127690,0.002716,0.217844,-0.209515,0.499015,1.250588,,,,,,
41018,,,,,,,,,,,,,,,,,,,,,,,0.141703,-0.283833,0.688995,-25.340000,55.790001,-318.500000
41019,,,,,,,,,,,,,111.216698,99.231560,0.522866,0.601388,,,,,,,,,,,,
41021,,,,,,,,,,,,,,,,,,,,-0.211682,0.512733,1.193176,,,,,,
41028,,,,,,,,,,,,,,,,,,,,,,,0.141703,-0.283833,0.941840,-4.340000,18.900000,-332.989990
41029,,,,,,,,,,,,,111.087143,101.002846,0.527215,0.588771,,,,,,,,,,,,
41031,,,,,,,,,,,,,,,,,,,,-0.213206,0.527105,1.136880,,,,,,
41038,,,,,,,,,,,,,,,,,,,,,,,0.269986,-0.452071,0.941840,-0.420000,-2.520000,-330.049988
41039,,,,,,,,,,,,,111.027534,102.542610,0.530877,0.578162,,,,,,,,,,,,
41041,,,,,,,,,,,,,,,,,,,,-0.214053,0.540466,1.078339,,,,,,
41049,,,,,,,,,,,,,111.513329,104.922447,0.528987,0.558675,,,,,,,0.269986,-0.700585,1.142347,10.710000,-76.160004,-324.100006
41051,,,,,,,,,,,,,,,,,,,,-0.214423,0.553599,1.027025,,,,,,
41059,,,,,,,,,,,,,112.419861,108.514809,0.522708,0.526345,,,,,,,,,,,,
41061,,,,-0.167879,0.694939,1.373515,1.600205,-3.564197,,,,,,,,,,,,-0.214278,0.566684,0.970281,,,,,,
41062,,,,,,,,,,,128.083176,142.273911,,,,,0.142668,0.030089,0.316241,,,,,,,,,
41063,,,,,,,,,,,,,,,,,,,,,,,0.318786,-0.700585,1.142347,22.610001,-40.250000,-319.200012
41069,,,,,,,,,,,,,113.846985,111.096191,0.528576,0.664678,,,,,,,0.149877,-0.320433,0.765672,15.190000,14.490000,-310.799988
41071,,,,,,,,,,,,,,,,,,,,-0.213359,0.580569,0.917455,,,,,,
41079,,,,,,,,,,,,,114.807343,113.611443,0.521628,0.645258,,,,,,,0.149877,-0.320433,0.765672,13.650000,40.880001,-307.649994
41081,,,,,,,,,,,,,,,,,,,,-0.211996,0.594164,0.868428,,,,,,
41088,,,,,,,,,,,,,,,,,,,,,,,0.299144,-0.489586,1.011319,-24.010000,12.950000,-306.179993
41089,,,,,,,,,,,,,114.166565,115.905281,0.530819,0.627593,,,,,,,,,,,,
41091,,,,,,,,,,,,,,,,,,,,-0.210199,0.608178,0.810786,,,,,,
41099,,,,,,,,,,,,,113.579720,118.327675,0.539588,0.608158,,,,,,,,,,,,
41102,,,,,,,,,,,,,,,,,,,,,,,0.299144,-0.489586,1.011319,29.750000,10.150000,-312.899994
41101,,,,,,,,,,,,,,,,,,,,-0.207861,0.621281,0.756897,,,,,,
41109,,,,,,,,,,,,,114.768997,122.055870,0.530358,0.574920,,,,,,,0.259555,-0.543510,0.918904,11.760000,-13.230000,-304.220001
41111,,,,-0.143854,0.778795,1.212870,1.705120,-3.317627,,,,,,,,,,,,-0.204973,0.634443,0.706486,,,,,,
41112,,,,,,,,,,,126.084160,155.415817,,,,,0.153514,0.064847,0.413828,,,,,,,,,
41119,,,,,,,,,,,,,116.797668,125.662766,0.491939,0.676221,,,,,,,0.259555,-0.543510,0.918904,3.150000,18.480000,-300.440002
41121,,,,,,,,,,,,,,,,,,,,-0.201367,0.647870,0.653669,,,,,,
41128,,,,,,,,,,,,,,,,,,,,,,,0.101504,-0.210328,0.568459,-13.930000,33.950001,-294.630005
41129,,,,,,,,,,,,,116.903519,127.650253,0.492716,0.661899,,,,,,,,,,,,
41131,,,,,,,,,,,,,,,,,,,,-0.197432,0.661228,0.607176,,,,,,
41138,,,,,,,,,,,,,,,,,,,,,,,0.101504,-0.210328,0.568459,-51.310001,3.710000,-287.980011
41139,,,,,,,,,,,,,115.302734,129.263138,0.510880,0.651001,,,,,,,,,,,,
41141,,,,,,,,,,,,,,,,,,,,-0.193218,0.674594,0.555065,,,,,,
41149,,,,,,,,,,,,,113.932068,131.135239,0.527017,0.637136,,,,,,,0.460062,-0.734989,1.256478,7.350000,-28.490000,-292.040009
41151,,,,,,,,,,,,,,,,,,,,-0.188363,0.687106,0.503439,,,,,,
41159,,,,,,,,,,,,,114.514923,134.475693,0.523503,0.607919,,,,,,,,,,,,
41161,,,,-0.105974,0.860400,1.061346,1.781588,-3.115525,,,,,,,,,,,,,,,,,,,,
41162,,,,,,,,,,,119.722282,163.600357,,,,,0.157150,0.104265,0.504760,-0.182948,0.699063,0.452184,,,,,,
41164,,,,,,,,,,,,,,,,,,,,,,,0.460062,-0.734989,1.256478,17.080000,-12.180000,-289.519989
41170,,,,,,,,,,,,,115.022316,136.863113,0.455750,0.671238,,,,,,,0.104981,-0.277977,0.617991,19.670000,11.270000,-288.750000
41172,,,,,,,,,,,,,,,,,,,,-0.176950,0.711328,0.404047,,,,,,
41178,,,,,,,,,,,,,,,,,,,,,,,0.104981,-0.277977,0.617991,-23.309999,-9.660000,-277.200012
41179,,,,,,,,,,,,,114.277550,137.481369,0.464287,0.670279,,,,,,,,,,,,
41181,,,,,,,,,,,,,,,,,,,,-0.170700,0.723525,0.356113,,,,,,
41189,,,,,,,,,,,,,112.571503,138.662552,0.482777,0.663455,,,,,,,0.343186,-0.463417,1.003389,1.610000,8.260000,-280.070007
41191,,,,,,,,,,,,,,,,,,,,-0.163919,0.735275,0.305617,,,,,,
41198,,,,,,,,,,,,,,,,,,,,,,,0.343186,-0.463417,1.003389,37.730000,-13.020000,-273.140015
41199,,,,,,,,,,,,,111.666283,140.726776,0.493441,0.647387,,,,,,,,,,,,
41201,,,,,,,,,,,,,,,,,,,,-0.156661,0.746380,0.260888,,,,,,
41209,,,,,,,,,,,,,111.493622,142.521729,0.496813,0.633654,,,,,,,0.247782,-0.444141,0.854793,8.610000,15.190000,-261.450012
41211,,,,-0.056606,0.935482,0.917796,1.811117,-2.949735,,,,,,,,,,,,-0.148780,0.757512,0.213531,,,,,,
41212,,,,,,,,,,,107.446777,164.550659,,,,,0.150367,0.148105,0.595536,,,,,,,,,
41219,,,,,,,,,,,,,110.592545,143.195786,0.382440,0.640687,,,,,,,,,,,,
41221,,,,,,,,,,,,,,,,,,,,-0.140517,0.768384,0.171816,,,,,,
41224,,,,,,,,,,,,,,,,,,,,,,,0.268095,-0.398330,0.910425,-11.060000,-2.240000,-245.490005
41229,,,,,,,,,,,,,108.095184,142.511627,0.407283,0.651936,,,,,,,0.268095,-0.398330,0.910425,-22.750000,-0.630000,-241.080002
41231,,,,,,,,,,,,,,,,,,,,-0.132436,0.778423,0.127402,,,,,,
41238,,,,,,,,,,,,,,,,,,,,,,,0.268095,-0.398330,0.910425,3.430000,-58.450001,-230.369995
41239,,,,,,,,,,,,,106.195091,143.621872,0.426535,0.645020,,,,,,,,,,,,
41241,,,,,,,,,,,,,,,,,,,,-0.123765,0.788198,0.085822,,,,,,
41249,,,,,,,,,,,,,105.298965,144.488129,0.435926,0.640370,,,,,,,0.286761,-0.538874,1.025959,13.720000,0.630000,-226.800003
41251,,,,,,,,,,,,,,,,,,,,-0.114980,0.797361,0.047061,,,,,,
41258,,,,,,,,,,,,,,,,,,,,,,,0.286761,-0.538874,0.748470,-16.730000,51.520000,-215.179993
41259,,,,,,,,,,,,,103.349884,145.065170,0.456236,0.638496,,,,,,,,,,,,
41261,,,,0.000000,1.000000,0.783802,1.773268,-2.788429,,,,,,,,,,,,-0.105028,0.806743,0.011103,,,,,,
41262,,,,,,,,,,,91.278046,156.906387,,,,,0.132829,0.189135,0.671977,,,,,,,,,
41268,,,,,,,,,,,,,,,,,,,,,,,0.146827,-0.320616,0.748470,-14.210000,-9.590000,-193.550003
41269,,,,,,,,,,,,,101.197868,143.964417,0.314085,0.575649,,,,,,,,,,,,
41272,,,,,,,,,,,,,,,,,,,,-0.095453,0.815171,-0.024880,,,,,,
41279,,,,,,,,,,,,,99.352875,142.985489,0.330920,0.588223,,,,,,,,,,,,
41282,,,,,,,,,,,,,,,,,,,,,,,0.387533,-0.672769,1.181875,21.700001,-35.910000,-179.199997
41281,,,,,,,,,,,,,,,,,,,,-0.085835,0.823097,-0.052574,,,,,,
41289,,,,,,,,,,,,,96.820587,143.451889,0.355134,0.586250,,,,,,,0.387533,-0.672769,1.181875,39.830002,5.810000,-179.130005
41291,,,,,,,,,,,,,,,,,,,,-0.075856,0.830316,-0.080286,,,,,,
41298,,,,,,,,,,,,,,,,,,,,,,,0.058499,-0.226554,0.569740,19.250000,66.989998,-165.550003
41299,,,,,,,,,,,,,95.137199,143.123093,0.371196,0.592295,,,,,,,,,,,,
41300,,,,,,,,,,,,,,,,,,,,-0.065352,0.837282,-0.107979,,,,,,
41308,,,,,,,,,,,,,,,,,,,,,,,0.058499,-0.226554,0.569740,-57.680000,92.050003,-120.820000
41309,,,,,,,,,,,,,92.639656,141.774094,0.395899,0.608811,,,,,,,,,,,,
41311,,,,0.000000,1.000000,0.783802,0.000000,0.000000,,,,,,,,,,,,-0.054007,0.844541,-0.132995,,,,,,
41312,,,,,,,,,,,15.258215,15.258215,,,,,0.054251,0.166644,0.831597,,,,,,,,,
41320,,,,,,,,,,,,,90.122063,139.404037,-0.354096,-0.808799,,,,,,,,,,,,
41321,,,,,,,,,,,,,,,,,,,,-0.043072,0.850262,-0.152444,,,,,,
41324,,,,,,,,,,,,,,,,,,,,,,,0.329827,-0.679174,1.199870,7.000000,-73.360001,-81.480003
41329,,,,,,,,,,,,,,,,,,,,,,,0.329827,-0.679174,1.199870,12.600000,-26.740000,-71.610001
41330,,,,,,,,,,,,,82.878845,134.106445,-0.295188,-0.779593,,,,,,,,,,,,
41331,,,,,,,,,,,,,,,,,,,,-0.032780,0.855322,-0.166248,,,,,,
41338,,,,,,,,,,,,,,,,,,,,,,,0.134444,-0.460062,0.811178,40.950001,26.389999,-25.690001
41339,,,,,,,,,,,,,70.306007,121.413528,-0.180469,-0.673895,,,,,,,,,,,,
41341,,,,,,,,,,,,,,,,,,,,-0.021850,0.859968,-0.169015,,,,,,
41349,,,,,,,,,,,,,58.606750,101.059898,-0.072146,-0.487519,,,,,,,0.134444,-0.460062,0.811178,-6.370000,113.260002,55.580002
41351,,,,,,,,,,,,,,,,,,,,-0.010426,0.864135,-0.163397,,,,,,
41358,,,,,,,,,,,,,,,,,,,,,,,-0.567666,-0.497760,1.012600,-9.730000,271.390015,76.300003
41359,,,,,,,,,,,,,49.311714,79.556786,0.013993,-0.285348,,,,,,,,,,,,
41361,,,,0.000000,1.000000,0.783802,0.000000,0.000000,,,,,,,,,,,,0.001293,0.867896,-0.146799,,,,,,
41362,,,,,,,,,,,-2.373930,-2.373930,,,,,-0.008441,0.138707,0.956872,,,,,,,,,
41368,,,,,,,,,,,,,,,,,,,,,,,-0.567666,-0.497760,1.012600,-38.290001,342.649994,66.220001
41369,,,,,,,,,,,,,42.036667,60.389488,-0.098460,-0.282549,,,,,,,,,,,,
41371,,,,,,,,,,,,,,,,,,,,0.013318,0.871273,-0.138669,,,,,,
41379,,,,,,,,,,,,,35.369644,43.131264,-0.039338,-0.119068,,,,,,,,,,,,
41382,,,,,,,,,,,,,,,,,,,,,,,-0.897981,-0.403942,1.282098,-29.120001,-66.639999,39.830002
41381,,,,,,,,,,,,,,,,,,,,0.021682,0.874784,-0.130852,,,,,,
41388,,,,,,,,,,,,,,,,,,,,,,,-0.897981,-0.403942,1.282098,-30.660000,-82.250000,38.220001
41389,,,,,,,,,,,,,29.210581,29.148006,0.015936,0.014461,,,,,,,,,,,,
41391,,,,,,,,,,,,,,,,,,,,0.028427,0.878495,-0.119597,,,,,,
41399,,,,,,,,,,,,,24.577778,19.603073,0.056873,0.105515,,,,,,,-0.197091,-0.053802,0.387472,-28.000000,-142.869995,43.470001
41401,,,,,,,,,,,,,,,,,,,,0.036210,0.882434,-0.111576,,,,,,
41408,,,,,,,,,,,,,,,,,,,,,,,-0.197091,-0.053802,0.387472,28.350000,-32.830002,76.230003
41409,,,,,,,,,,,,,23.969036,18.138672,0.057692,0.116056,,,,,,,,,,,,
41411,,,,0.000000,1.000000,0.783802,0.000000,0.000000,,,,,,,,,,,,0.042825,0.885424,-0.094710,,,,,,
41412,,,,,,,,,,,-13.342563,-13.342563,,,,,-0.047440,0.113994,0.917142,,,,,,,,,
41419,,,,,,,,,,,,,24.544460,19.091679,-0.065326,-0.009647,,,,,,,,,,,,
41421,,,,,,,,,,,,,,,,,,,,0.051185,0.887700,-0.089550,,,,,,
41424,,,,,,,,,,,,,,,,,,,,,,,-0.557418,-0.455609,0.701073,4.550000,76.440002,74.620003
41429,,,,,,,,,,,,,22.824013,19.322197,-0.055355,-0.018485,,,,,,,-0.557418,-0.455609,0.701073,45.570000,95.059998,68.599998
41430,,,,,,,,,,,,,,,,,,,,0.057286,0.888779,-0.072375,,,,,,
41438,,,,,,,,,,,,,,,,,,,,,,,-0.526186,-0.656909,1.034560,41.020000,-71.610001,47.669998
41439,,,,,,,,,,,,,19.204121,17.364714,-0.025665,-0.005052,,,,,,,,,,,,
41441,,,,,,,,,,,,,,,,,,,,0.063244,0.890095,-0.066495,,,,,,
41448,,,,,,,,,,,,,,,,,,,,,,,-0.526186,-0.656909,1.034560,-76.930000,-38.220001,-8.750000
41449,,,,,,,,,,,,,16.705349,15.704677,-0.006687,0.005739,,,,,,,,,,,,
41451,,,,,,,,,,,,,,,,,,,,0.068527,0.892034,-0.066954,,,,,,
41458,,,,,,,,,,,,,,,,,,,,,,,-0.335256,-0.098820,0.485194,29.260000,-61.599998,76.440002
41459,,,,,,,,,,,,,16.244997,14.855752,-0.008001,0.008589,,,,,,,,,,,,
41461,,,,0.000000,1.000000,0.783802,0.000000,0.000000,,,,,,,,,,,,0.072952,0.893192,-0.055735,,,,,,
41462,,,,,,,,,,,-20.775927,-20.775927,,,,,-0.073870,0.103927,0.856318,,,,,,,,,
41468,,,,,,,,,,,,,,,,,,,,,,,-0.335256,-0.098820,1.297226,-17.010000,2.800000,73.779999
41469,,,,,,,,,,,,,15.852608,14.137680,-0.085736,-0.065547,,,,,,,,,,,,
41471,,,,,,,,,,,,,,,,,,,,0.077203,0.894123,-0.044643,,,,,,
41479,,,,,,,,,,,,,13.883962,12.441022,-0.072982,-0.055224,,,,,,,,,,,,
41481,,,,,,,,,,,,,,,,,,,,0.080833,0.894590,-0.025018,-1.024129,-0.427061,1.297226,6.090000,3.430000,88.129997
41488,,,,,,,,,,,,,,,,,,,,,,,-0.627202,-0.241682,0.874801,-4.340000,-18.270000,82.320000
41489,,,,,,,,,,,,,11.681963,10.467875,-0.057454,-0.041741,,,,,,,,,,,,
41491,,,,,,,,,,,,,,,,,,,,0.084245,0.894947,-0.013919,,,,,,
41498,,,,,,,,,,,,,,,,,,,,,,,-0.627202,-0.241682,0.874801,-4.830000,10.780000,83.230003
41499,,,,,,,,,,,,,9.829202,8.807669,-0.045047,-0.031056,,,,,,,,,,,,
41501,,,,,,,,,,,,,,,,,,,,0.086392,0.895225,0.002633,,,,,,
41508,,,,,,,,,,,,,,,,,,,,,,,-0.740174,-0.110105,0.942572,-7.910000,-26.320000,86.730003
41509,,,,,,,,,,,,,8.270288,7.410771,-0.035267,-0.022724,,,,,,,,,,,,
41511,,,,0.000000,1.000000,0.783802,0.000000,0.000000,,,,,,,,,,,,0.088518,0.895511,0.016528,,,,,,
41512,,,,,,,,,,,-23.928453,-23.928453,,,,,-0.085079,0.104818,0.787476,,,,,,,,,
41518,,,,,,,,,,,,,,,,,,,,,,,-0.740174,-0.110105,0.942572,-7.980000,27.020000,87.360001
41519,,,,,,,,,,,,,6.958620,6.235422,-0.059853,-0.048529,,,,,,,,,,,,
41521,,,,,,,,,,,,,,,,,,,,0.089787,0.895637,0.033057,,,,,,
41528,,,,,,,,,,,,,,,,,,,,,,,-0.728096,-0.108214,0.979416,-8.750000,-12.810000,88.620003
41529,,,,,,,,,,,,,5.854981,5.246483,-0.054773,-0.044474,,,,,,,,,,,,
41531,,,,,,,,,,,,,,,,,,,,0.090552,0.895595,0.046969,,,,,,
41539,,,,,,,,,,,,,4.926381,4.414391,-0.051258,-0.041822,,,,,,,,,,,,
41541,,,,,,,,,,,,,,,,,,,,0.090625,0.895514,0.060869,-0.728096,-0.108214,0.979416,-5.390000,-2.940000,55.860001
41548,,,,,,,,,,,,,,,,,,,,,,,-0.539972,-0.046299,0.932690,7.070000,-24.219999,-9.870000
41549,,,,,,,,,,,,,4.145056,3.714268,-0.049060,-0.040349,,,,,,,,,,,,
41551,,,,,,,,,,,,,,,,,,,,0.090307,0.895422,0.061013,,,,,,
41558,,,,,,,,,,,,,,,,,,,,,,,-0.539972,-0.046299,0.932690,0.420000,-18.620001,-17.080000
41559,,,,,,,,,,,,,3.487649,3.125184,-0.047969,-0.039869,,,,,,,,,,,,
41561,,,,0.000000,1.000000,0.783802,0.000000,0.000000,,,,,,,,,,,,0.089763,0.895438,0.058072,,,,,,
41562,,,,,,,,,,,-23.592478,-23.592478,,,,,-0.083884,0.109454,0.728218,,,,,,,,,
41568,,,,,,,,,,,,,,,,,,,,,,,-0.238754,0.050081,0.982405,-1.260000,-30.870001,-12.530000
41569,,,,,,,,,,,,,2.934508,2.081148,-0.044383,-0.031204,,,,,,,,,,,,
41571,,,,,,,,,,,,,,,,,,,,0.089061,0.895467,0.058052,,,,,,
41578,,,,,,,,,,,,,,,,,,,,,,,-0.238754,0.050081,0.982405,3.220000,-45.500000,-2.030000
41579,,,,,,,,,,,,,2.469095,1.751077,-0.044941,-0.032972,,,,,,,,,,,,
41580,,,,,,,,,,,,,,,,,,,,0.088429,0.895411,0.055392,,,,,,
41588,,,,,,,,,,,,,,,,,,,,,,,-0.124013,-0.023302,1.045906,0.910000,-39.200001,-4.900000
41589,,,,,,,,,,,,,2.077496,1.473356,-0.046159,-0.035208,,,,,,,,,,,,
41591,,,,,,,,,,,,,,,,,,,,0.087698,0.895362,0.055269,,,,,,
41599,,,,,,,,,,,,,1.748005,0.691852,-0.047933,-0.032250,,,,,,,,,,,,
41602,,,,,,,,,,,,,,,,,,,,,,,-0.124013,-0.023302,1.045906,0.560000,-70.070000,-1.260000
41601,,,,,,,,,,,,,,,,,,,,0.087003,0.895376,0.052389,,,,,,
41608,,,,,,,,,,,,,,,,,,,,,,,-0.069906,-0.003660,1.024251,1.330000,-72.730003,0.350000
41609,,,,,,,,,,,,,0.923821,0.582124,-0.044594,-0.035987,,,,,,,,,,,,
41611,,,,0.000000,1.000000,0.783802,0.000000,0.000000,,,,,,,,,,,,0.085849,0.895324,0.055271,,,,,,
41612,,,,,,,,,,,-22.953632,-22.953632,,,,,-0.081613,0.109071,0.731145,,,,,,,,,
41618,,,,,,,,,,,,,,,,,,,,,,,-0.069906,-0.003660,1.024251,1.120000,-84.910004,12.530000
41619,,,,,,,,,,,,,0.777303,0.489799,-0.041487,-0.033364,,,,,,,,,,,,
41621,,,,,,,,,,,,,,,,,,,,0.084955,0.895294,0.057991,,,,,,
41628,,,,,,,,,,,,,,,,,,,,,,,-0.089304,0.004392,1.006805,0.000000,-86.800003,9.450000
41629,,,,,,,,,,,,,0.654023,0.412117,-0.044975,-0.037261,,,,,,,,,,,,
41631,,,,,,,,,,,,,,,,,,,,0.083861,0.895197,0.058106,,,,,,
41639,,,,,,,,,,,,,0.006350,0.346755,-0.043091,-0.041267,,,,,,,,,,,,
41641,,,,,,,,,,,,,,,,,,,,0.083045,0.895226,0.060881,-0.016226,-0.015433,1.035902,-0.420000,-29.820000,3.640000
41648,,,,,,,,,,,,,,,,,,,,,,,-0.016226,-0.015433,1.035902,-0.630000,26.250000,1.820000
41649,,,,,,,,,,,,,0.005343,0.291760,-0.047672,-0.045366,,,,,,,,,,,,
41651,,,,,,,,,,,,,,,,,,,,0.082967,0.895303,0.060875,,,,,,
41658,,,,,,,,,,,,,,,,,,,,,,,-0.016226,-0.015433,1.035902,1.260000,39.270000,0.980000
41659,,,,,,,,,,,,,-0.542894,0.245486,-0.046672,-0.049543,,,,,,,,,,,,
41661,,,,0.000000,1.000000,0.783802,0.000000,0.000000,,,,,,,,,,,,0.083021,0.895233,0.060875,,,,,,
41662,,,,,,,,,,,-21.503569,-21.503569,,,,,-0.076457,0.109726,0.720845,,,,,,,,,
41668,,,,,,,,,,,,,,,,,,,,,,,0.050081,-0.015189,0.947025,0.630000,13.510000,0.490000
41669,,,,,,,,,,,,,-0.456791,0.206552,-0.037242,-0.038995,,,,,,,,,,,,
41671,,,,,,,,,,,,,,,,,,,,0.083075,0.895212,0.060921,,,,,,
41678,,,,,,,,,,,,,,,,,,,,,,,0.050081,-0.015189,1.052616,0.000000,-2.940000,-0.350000
41679,,,,,,,,,,,,,-0.384344,0.173793,-0.042190,-0.043003,,,,,,,,,,,,
41681,,,,,,,,,,,,,,,,,,,,0.082942,0.895228,0.060875,,,,,,
41688,,,,,,,,,,,,,,,,,,,,,,,0.012566,0.004880,1.052616,0.770000,-19.809999,-0.420000
41689,,,,,,,,,,,,,-0.323387,0.146229,-0.047036,-0.047057,,,,,,,,,,,,
41691,,,,,,,,,,,,,,,,,,,,0.082706,0.895250,0.060832,,,,,,
41699,,,,,,,,,,,,,-0.272098,0.123037,-0.051795,-0.051151,,,,,,,,,,,,
41702,,,,,,,,,,,,,,,,,,,,,,,-0.014701,-0.015555,1.038220,0.840000,-1.820000,1.470000
41701,,,,,,,,,,,,,,,,,,,,0.082593,0.895187,0.060840,,,,,,
41708,,,,,,,,,,,,,,,,,,,,,,,-0.014701,-0.015555,1.038220,0.280000,3.570000,-0.350000
41709,,,,,,,,,,,,,-0.228943,0.103524,-0.056481,-0.055277,,,,,,,,,,,,
41711,,,,0.000000,1.000000,0.783802,0.000000,0.000000,,,,,,,,,,,,0.082604,0.895194,0.060840,,,,,,
41712,,,,,,,,,,,-21.403229,-21.403229,,,,,-0.076100,0.109648,0.722784,,,,,,,,,
41718,,,,,,,,,,,,,,,,,,,,,,,0.005795,-0.005978,0.998692,0.420000,6.440000,-1.260000
41719,,,,,,,,,,,,,-0.738486,0.087105,-0.054516,-0.058408,,,,,,,,,,,,
41721,,,,,,,,,,,,,,,,,,,,0.082679,0.895225,0.060836,,,,,,
41728,,,,,,,,,,,,,,,,,,,,,,,0.005795,-0.005978,0.998692,0.910000,8.050000,5.250000
41729,,,,,,,,,,,,,-0.621362,0.073290,-0.059843,-0.062565,,,,,,,,,,,,
41732,,,,,,,,,,,,,,,,,,,,0.082778,0.895236,0.060874,,,,,,
41738,,,,,,,,,,,,,,,,,,,,,,,-0.050996,-0.001220,1.015467,0.770000,1.470000,4.060000
41739,,,,,,,,,,,,,-0.522814,-0.484187,-0.065005,-0.061174,,,,,,,,,,,,
41741,,,,,,,,,,,,,,,,,,,,0.082794,0.895257,0.060875,,,,,,
41749,,,,,,,,,,,,,-0.439896,-0.407395,-0.070027,-0.066141,,,,,,,-0.050996,-0.001220,1.015467,0.490000,-1.330000,3.780000
41751,,,,,,,,,,,,,,,,,,,,0.082793,0.895255,0.060874,,,,,,
41759,,,,,,,,,,,,,-0.370128,-0.342782,-0.074931,-0.070999,,,,,,,,,,,,
41761,,,,0.000000,1.000000,0.783802,0.000000,0.000000,,,,,,,,,,,,0.082765,0.895244,0.063645,,,,,,
41762,,,,,,,,,,,-21.446289,-21.446289,,,,,-0.076253,0.109593,0.722916,,,,,,,,,
41763,,,,,,,,,,,,,,,,,,,,,,,-0.078202,-0.008052,1.015284,0.630000,4.760000,8.960000
41768,,,,,,,,,,,,,,,,,,,,,,,-0.078202,-0.008052,1.015284,0.350000,2.940000,9.520000
41769,,,,,,,,,,,,,-0.311426,-0.288417,-0.080175,-0.076205,,,,,,,,,,,,
41771,,,,,,,,,,,,,,,,,,,,0.082733,0.895161,0.066369,,,,,,
41778,,,,,,,,,,,,,,,,,,,,,,,-0.064111,-0.005978,1.017358,0.490000,-0.770000,10.010000
41779,,,,,,,,,,,,,-0.808983,-0.242674,-0.079327,-0.080903,,,,,,,,,,,,
41781,,,,,,,,,,,,,,,,,,,,0.082636,0.895160,0.066369,,,,,,
41788,,,,,,,,,,,,,,,,,,,,,,,-0.064111,-0.005978,1.017358,0.840000,0.840000,18.340000
41789,,,,,,,,,,,,,-0.680678,-0.204186,-0.084763,-0.085536,,,,,,,,,,,,
41791,,,,,,,,,,,,,,,,,,,,0.082528,0.895154,0.069139,,,,,,
41799,,,,,,,,,,,,,-1.120718,-0.719797,-0.084428,-0.084526,,,,,,,,,,,,
41802,,,,,,,,,,,,,,,,,,,,,,,-0.087474,-0.003904,1.011929,1.120000,2.870000,19.459999
41801,,,,,,,,,,,,,,,,,,,,0.082420,0.895140,0.071909,,,,,,
41808,,,,,,,,,,,,,,,,,,,,,,,-0.087474,-0.003904,1.011929,0.560000,3.640000,24.150000
41809,,,,,,,,,,,,,-1.490858,-0.605637,-0.084718,-0.089835,,,,,,,,,,,,
41811,,,,0.000000,1.000000,0.783802,0.000000,0.000000,,,,,,,,,,,,0.082241,0.895112,0.077404,,,,,,
41812,,,,,,,,,,,-21.102718,-21.102718,,,,,-0.075032,0.110184,0.716126,,,,,,,,,
41818,,,,,,,,,,,,,,,,,,,,,,,-0.062403,-0.005917,1.015833,0.490000,-1.960000,25.340000
41819,,,,,,,,,,,,,-1.801907,-0.509583,-0.082032,-0.091479,,,,,,,,,,,,
41821,,,,,,,,,,,,,,,,,,,,0.082022,0.895088,0.082995,,,,,,
41828,,,,,,,,,,,,,,,,,,,,,,,-0.062403,-0.005917,1.015833,-1.750000,-1.750000,29.120001
41829,,,,,,,,,,,,,-1.516124,-0.428763,-0.088807,-0.096422,,,,,,,,,,,,
41831,,,,,,,,,,,,,,,,,,,,0.081718,0.895045,0.088494,,,,,,
41838,,,,,,,,,,,,,,,,,,,,,,,-0.063623,-0.007137,1.018578,0.560000,-2.590000,29.049999
41839,,,,,,,,,,,,,-1.821739,-0.360761,-0.089607,-0.101250,,,,,,,,,,,,
41841,,,,,,,,,,,,,,,,,,,,0.081421,0.895009,0.094037,,,,,,
41848,,,,,,,,,,,,,,,,,,,,,,,-0.063623,-0.007137,1.018578,1.540000,-1.540000,28.980000
41849,,,,,,,,,,,,,-2.080751,-0.303545,-0.090821,-0.105982,,,,,,,,,,,,
41851,,,,,,,,,,,,,,,,,,,,0.081130,0.894950,0.099623,,,,,,
41859,,,,,,,,,,,,,-2.298134,-0.802792,-0.092408,-0.105050,,,,,,,,,,,,
41861,,,,0.000000,1.000000,0.783802,0.000000,0.000000,,,,,,,,,,,,0.080879,0.894895,0.102395,,,,,,
41862,,,,,,,,,,,-19.822044,-19.822044,,,,,-0.070478,0.112398,0.686860,,,,,,,,,
41863,,,,,,,,,,,,,,,,,,,,,,,-0.077653,-0.005734,1.014125,0.420000,9.730000,17.990000
41868,,,,,,,,,,,,,,,,,,,,,,,-0.077653,-0.005734,1.014125,1.120000,19.879999,5.740000
41869,,,,,,,,,,,,,-2.483193,-1.225013,-0.081219,-0.091740,,,,,,,,,,,,
41872,,,,,,,,,,,,,,,,,,,,0.080607,0.894841,0.105121,,,,,,
41878,,,,,,,,,,,,,,,,,,,,,,,-0.117547,-0.012322,1.010526,0.000000,29.750000,-0.350000
41879,,,,,,,,,,,,,-3.184909,-1.578501,-0.077529,-0.091854,,,,,,,,,,,,
41881,,,,,,,,,,,,,,,,,,,,0.080273,0.894832,0.105066,,,,,,
41888,,,,,,,,,,,,,,,,,,,,,,,-0.117547,-0.012322,1.013332,0.490000,29.190001,0.770000
41889,,,,,,,,,,,,,-3.226952,-1.875320,-0.080428,-0.092475,,,,,,,,,,,,
41891,,,,,,,,,,,,,,,,,,,,0.079915,0.894858,0.105113,,,,,,
41899,,,,,,,,,,,,,-3.262546,-2.125283,-0.083384,-0.093515,,,,,,,-0.119682,0.004148,1.013332,-2.030000,22.049999,6.440000
41901,,,,,,,,,,,,,,,,,,,,0.079461,0.894813,0.105172,,,,,,
41908,,,,,,,,,,,,,,,,,,,,,,,-0.119682,-0.023485,1.016992,1.050000,20.440001,-3.010000
41909,,,,,,,,,,,,,-3.836047,-2.879154,-0.080846,-0.089365,,,,,,,,,,,,
41911,,,,0.000000,1.000000,0.783802,0.000000,0.000000,,,,,,,,,,,,0.078970,0.894737,0.105179,,,,,,
41912,,,,,,,,,,,-19.112587,-19.112587,,,,,-0.067956,0.112901,0.679320,,,,,,,,,
41919,,,,,,,,,,,,,-3.768300,-2.963171,-0.077498,-0.084660,,,,,,,,,,,,
41923,,,,,,,,,,,,,,,,,,,,,,,-0.085461,-0.023485,1.016992,-1.680000,20.860001,1.750000
41921,,,,,,,,,,,,,,,,,,,,0.078451,0.894719,0.105107,,,,,,
41928,,,,,,,,,,,,,,,,,,,,,,,-0.076555,-0.003050,1.014308,-1.540000,13.860000,4.760000
41929,,,,,,,,,,,,,-3.727326,-3.049890,-0.080984,-0.087005,,,,,,,,,,,,
41931,,,,,,,,,,,,,,,,,,,,0.077928,0.894720,0.105107,,,,,,
41938,,,,,,,,,,,,,,,,,,,,,,,-0.076555,-0.003050,1.014308,-0.490000,16.590000,-2.240000
41939,,,,,,,,,,,,,-4.234262,-3.664268,-0.078891,-0.083951,,,,,,,,,,,,
41942,,,,,,,,,,,,,,,,,,,,0.077333,0.894655,0.105026,,,,,,
41948,,,,,,,,,,,,,,,,,,,,,,,-0.104432,0.001464,1.010770,2.030000,10.850000,-2.380000
41949,,,,,,,,,,,,,-4.110427,-3.630835,-0.083129,-0.087382,,,,,,,,,,,,
41951,,,,,,,,,,,,,,,,,,,,0.076745,0.894615,0.102335,,,,,,
41958,,,,,,,,,,,,,,,,,,,,,,,-0.104432,0.001464,1.010770,-2.030000,3.920000,4.620000
41959,,,,,,,,,,,,,-4.005958,-4.149873,-0.087196,-0.085184,,,,,,,,,,,,
41961,,,,0.000000,1.000000,0.783802,0.000000,0.000000,,,,,,,,,,,,0.075905,0.894531,0.105114,,,,,,
41962,,,,,,,,,,,-18.368668,-18.368668,,,,,-0.065311,0.112693,0.681287,,,,,,,,,
41968,,,,,,,,,,,,,,,,,,,,,,,-0.099491,-0.023668,1.016992,-0.910000,0.700000,-0.980000
41969,,,,,,,,,,,,,-4.460135,-4.036464,-0.077996,-0.081745,,,,,,,,,,,,
41971,,,,,,,,,,,,,,,,,,,,0.075146,0.894502,0.102338,,,,,,
41979,,,,,,,,,,,,,-4.300036,-3.943560,-0.082411,-0.085559,,,,,,,,,,,,
41981,,,,,,,,,,,,,,,,,,,,0.074364,0.894455,0.105021,-0.099491,-0.023668,1.016992,-2.800000,6.790000,9.170000
41988,,,,,,,,,,,,,,,,,,,,,,,-0.095404,0.004453,1.012417,0.910000,-11.760000,11.830000
41989,,,,,,,,,,,,,-4.716030,-4.416090,-0.080982,-0.083624,,,,,,,,,,,,
41991,,,,,,,,,,,,,,,,,,,,0.073535,0.894376,0.107887,,,,,,
41998,,,,,,,,,,,,,,,,,,,,,,,-0.095404,0.004453,1.012417,-0.980000,-2.800000,7.840000
41999,,,,,,,,,,,,,-5.064279,-4.263804,-0.080160,-0.087968,,,,,,,,,,,,
42001,,,,,,,,,,,,,,,,,,,,0.072626,0.894270,0.110660,,,,,,
42008,,,,,,,,,,,,,,,,,,,,,,,-0.105469,-0.012444,1.013698,-1.190000,-13.930000,8.470000
42009,,,,,,,,,,,,,-4.809244,-4.135725,-0.085422,-0.092096,,,,,,,,,,,,
42011,,,,0.000000,1.000000,0.783802,0.000000,0.000000,,,,,,,,,,,,0.071668,0.894205,0.110660,,,,,,
42012,,,,,,,,,,,-17.000025,-17.000025,,,,,-0.060445,0.113069,0.673826,,,,,,,,,
42019,,,,,,,,,,,,,-5.138861,-4.572162,-0.070812,-0.076530,,,,,,,,,,,,
42021,,,,,,,,,,,,,,,,,,,,0.070650,0.894136,0.113431,,,,,,
42024,,,,,,,,,,,,,,,,,,,,,,,-0.086986,-0.018239,1.018761,-3.080000,-15.680000,6.160000
42029,,,,,,,,,,,,,-4.868598,-4.391778,-0.075941,-0.080856,,,,,,,-0.086986,-0.018239,1.018761,0.980000,-16.730000,0.840000
42031,,,,,,,,,,,,,,,,,,,,0.069643,0.894023,0.113431,,,,,,
42038,,,,,,,,,,,,,,,,,,,,,,,-0.086986,-0.018239,1.018761,-3.850000,-20.510000,6.580000
42039,,,,,,,,,,,,,-5.200092,-4.247068,-0.074986,-0.084854,,,,,,,,,,,,
42041,,,,,,,,,,,,,,,,,,,,0.068572,0.893934,0.116204,,,,,,
42048,,,,,,,,,,,,,,,,,,,,,,,-0.061793,0.002806,1.014979,1.820000,-36.189999,12.320000
42049,,,,,,,,,,,,,-5.468268,-4.666394,-0.074610,-0.083127,,,,,,,,,,,,
42051,,,,,,,,,,,,,,,,,,,,0.067352,0.893866,0.118921,,,,,,
42058,,,,,,,,,,,,,,,,,,,,,,,-0.061793,0.002806,1.014979,-6.720000,-36.470001,16.590000
42059,,,,,,,,,,,,,-5.147401,-4.472704,-0.080190,-0.087569,,,,,,,,,,,,
42061,,,,0.000000,1.000000,0.783802,0.000000,0.000000,,,,,,,,,,,,0.066094,0.893750,0.118927,,,,,,
42062,,,,,,,,,,,-15.282252,-15.282252,,,,,-0.054337,0.113350,0.665632,,,,,,,,,
42068,,,,,,,,,,,,,,,,,,,,,,,-0.091256,-0.030866,1.021262,7.420000,-37.380001,7.700000
42069,,,,,,,,,,,,,-5.427345,-4.311494,-0.062183,-0.074198,,,,,,,,,,,,
42071,,,,,,,,,,,,,,,,,,,,0.064879,0.893591,0.121701,,,,,,
42079,,,,,,,,,,,,,-5.656199,-4.717321,-0.061820,-0.072253,,,,,,,,,,,,
42081,,,,,,,,,,,,,,,,,,,,0.063764,0.893525,0.124519,-0.017934,0.007137,1.026935,0.630000,-12.670000,14.140000
42088,,,,,,,,,,,,,,,,,,,,,,,-0.017934,0.007137,1.026935,-2.030000,9.030000,6.300000
42089,,,,,,,,,,,,,-5.309557,-4.519587,-0.067281,-0.076383,,,,,,,,,,,,
42091,,,,,,,,,,,,,,,,,,,,0.062929,0.893465,0.124494,,,,,,
42098,,,,,,,,,,,,,,,,,,,,,,,-0.017934,0.007137,0.988688,1.120000,10.780000,1.330000
42099,,,,,,,,,,,,,-5.563673,-4.898991,-0.066684,-0.074665,,,,,,,,,,,,
42101,,,,,,,,,,,,,,,,,,,,0.062192,0.893330,0.124494,,,,,,
42108,,,,,,,,,,,,,,,,,,,,,,,0.020008,-0.027572,0.988688,2.170000,0.560000,-1.120000
42109,,,,,,,,,,,,,-5.227181,-4.667918,-0.072059,-0.079099,,,,,,,,,,,,
42111,,,,0.000000,1.000000,0.783802,0.000000,0.000000,,,,,,,,,,,,0.061406,0.893216,0.124537,,,,,,
42112,,,,,,,,,,,-13.638851,-13.638851,,,,,-0.048494,0.113549,0.659839,,,,,,,,,
42119,,,,,,,,,,,,,-5.493810,-5.023246,-0.054588,-0.060835,,,,,,,,,,,,
42121,,,,,,,,,,,,,,,,,,,,0.060576,0.893144,0.124541,,,,,,
42124,,,,,,,,,,,,,,,,,,,,,,,-0.044896,-0.003172,1.019920,2.100000,0.000000,-9.310000
42129,,,,,,,,,,,,,-5.163249,-4.767317,-0.059589,-0.065168,,,,,,,-0.044896,-0.003172,1.019920,0.140000,-2.870000,-3.500000
42131,,,,,,,,,,,,,,,,,,,,0.059791,0.893069,0.121767,,,,,,
42138,,,,,,,,,,,,,,,,,,,,,,,-0.005002,-0.017507,1.032181,2.240000,-10.150000,0.770000
42139,,,,,,,,,,,,,-4.897305,-5.117116,-0.063997,-0.063375,,,,,,,,,,,,
42141,,,,,,,,,,,,,,,,,,,,0.058973,0.892933,0.121728,,,,,,
42148,,,,,,,,,,,,,,,,,,,,,,,-0.005002,-0.017507,1.032181,0.910000,0.770000,-14.560000
42149,,,,,,,,,,,,,-4.668919,-4.853868,-0.068075,-0.067764,,,,,,,,,,,,
42151,,,,,,,,,,,,,,,,,,,,0.058194,0.892809,0.121767,,,,,,
42158,,,,,,,,,,,,,,,,,,,,,,,-0.012749,0.006466,0.990457,1.470000,7.140000,-13.020000
42159,,,,,,,,,,,,,-4.477252,-4.084044,-0.071824,-0.077373,,,,,,,,,,,,
42161,,,,0.000000,1.000000,0.783802,0.000000,0.000000,,,,,,,,,,,,0.057568,0.892784,0.119032,,,,,,
42162,,,,,,,,,,,-12.607029,-12.607029,,,,,-0.044825,0.113472,0.661851,,,,,,,,,
42168,,,,,,,,,,,,,,,,,,,,,,,-0.012749,0.006466,0.990457,0.210000,4.130000,-3.640000
42169,,,,,,,,,,,,,-4.858865,-4.528020,-0.059239,-0.064231,,,,,,,,,,,,
42172,,,,,,,,,,,,,,,,,,,,0.056916,0.892687,0.118999,,,,,,
42179,,,,,,,,,,,,,-4.088249,-4.904655,-0.068649,-0.062005,,,,,,,,,,,,
42182,,,,,,,,,,,,,,,,,,,,,,,-0.008845,-0.022326,1.041087,1.400000,-4.340000,4.060000
42181,,,,,,,,,,,,,,,,,,,,0.056323,0.892654,0.116216,,,,,,
42188,,,,,,,,,,,,,,,,,,,,,,,-0.008845,-0.022326,1.041087,2.170000,0.070000,-9.520000
42189,,,,,,,,,,,,,-4.538718,-4.676209,-0.065758,-0.065876,,,,,,,,,,,,
42191,,,,,,,,,,,,,,,,,,,,0.055713,0.892559,0.116220,,,,,,
42199,,,,,,,,,,,,,-4.366983,-4.482668,-0.069123,-0.069436,,,,,,,-0.019581,-0.000732,1.004792,0.770000,9.520000,-11.200000
42201,,,,,,,,,,,,,,,,,,,,0.055098,0.892453,0.116220,,,,,,
42208,,,,,,,,,,,,,,,,,,,,,,,-0.019581,-0.000732,1.004792,0.140000,3.920000,-15.190000
42209,,,,,,,,,,,,,-4.219686,-4.317023,-0.072273,-0.072751,,,,,,,,,,,,
42211,,,,0.000000,1.000000,0.783802,0.000000,0.000000,,,,,,,,,,,,0.054572,0.892406,0.113443,,,,,,
42212,,,,,,,,,,,-11.879226,-11.879226,,,,,-0.042237,0.113233,0.667101,,,,,,,,,
42218,,,,,,,,,,,,,,,,,,,,,,,-0.032330,-0.015311,1.019066,1.820000,-1.540000,-9.590000
42219,,,,,,,,,,,,,-3.550443,-4.726462,-0.073354,-0.062809,,,,,,,,,,,,
42221,,,,,,,,,,,,,,,,,,,,0.053924,0.892346,0.110670,,,,,,
42228,,,,,,,,,,,,,,,,,,,,,,,-0.032330,-0.015311,1.019066,0.980000,-10.360000,-4.200000
42229,,,,,,,,,,,,,-3.537330,-4.526833,-0.075153,-0.066275,,,,,,,,,,,,
42231,,,,,,,,,,,,,,,,,,,,0.053389,0.892337,0.107897,,,,,,
42239,,,,,,,,,,,,,-3.522655,-4.355223,-0.076971,-0.069496,,,,,,,,,,,,
42242,,,,,,,,,,,,,,,,,,,,,,,-0.044652,-0.001769,1.022238,-0.210000,7.070000,-2.030000
42241,,,,,,,,,,,,,,,,,,,,0.052778,0.892289,0.107897,,,,,,
42248,,,,,,,,,,,,,,,,,,,,,,,-0.044652,-0.001769,1.022238,0.840000,5.460000,-2.170000
42249,,,,,,,,,,,,,-4.057752,-4.211379,-0.073185,-0.072468,,,,,,,,,,,,
42252,,,,,,,,,,,,,,,,,,,,0.052247,0.892244,0.110675,,,,,,
42258,,,,,,,,,,,,,,,,,,,,,,,-0.037393,-0.014274,1.013393,1.680000,-6.790000,2.520000
42259,,,,,,,,,,,,,-3.960757,-4.090019,-0.075738,-0.075240,,,,,,,,,,,,
42261,,,,0.000000,1.000000,0.783802,0.000000,0.000000,,,,,,,,,,,,0.051634,0.892162,0.110713,,,,,,
42262,,,,,,,,,,,-11.243682,-11.243682,,,,,-0.039978,0.112898,0.672621,,,,,,,,,
42268,,,,,,,,,,,,,,,,,,,,,,,-0.037393,-0.014274,1.013393,0.140000,-8.750000,8.470000
42269,,,,,,,,,,,,,-3.880963,-3.441341,-0.071653,-0.076932,,,,,,,,,,,,
42271,,,,,,,,,,,,,,,,,,,,0.051014,0.892139,0.110670,,,,,,
42278,,,,,,,,,,,,,,,,,,,,,,,-0.051484,0.000183,1.014125,0.490000,-8.400000,-0.420000
42279,,,,,,,,,,,,,-3.813547,-3.443650,-0.073813,-0.078469,,,,,,,,,,,,
42281,,,,,,,,,,,,,,,,,,,,0.050360,0.892070,0.110675,,,,,,
42288,,,,,,,,,,,,,,,,,,,,,,,-0.051484,0.000183,1.014125,3.220000,-8.120000,-2.170000
42289,,,,,,,,,,,,,-3.756273,-3.445041,-0.075884,-0.080014,,,,,,,,,,,,
42291,,,,,,,,,,,,,,,,,,,,0.049598,0.891951,0.110715,,,,,,
42299,,,,,,,,,,,,,-3.708248,-3.446377,-0.077871,-0.081560,,,,,,,,,,,,
42302,,,,,,,,,,,,,,,,,,,,,,,-0.045628,-0.015921,1.021628,1.890000,0.210000,1.120000
42301,,,,,,,,,,,,,,,,,,,,0.048999,0.891854,0.113490,,,,,,
42308,,,,,,,,,,,,,,,,,,,,,,,-0.045628,-0.015921,0.992409,1.400000,14.840000,-5.880000
42309,,,,,,,,,,,,,-3.667674,-3.994891,-0.079792,-0.077525,,,,,,,,,,,,
42311,,,,0.000000,1.000000,0.783802,0.000000,0.000000,,,,,,,,,,,,0.048664,0.891850,0.113459,,,,,,
42312,,,,,,,,,,,-10.252610,-10.252610,,,,,-0.036454,0.112991,0.670506,,,,,,,,,
42318,,,,,,,,,,,,,,,,,,,,,,,0.004575,-0.010065,0.992409,1.750000,29.959999,-13.860000
42319,,,,,,,,,,,,,-3.632930,-3.908250,-0.071553,-0.069750,,,,,,,,,,,,
42321,,,,,,,,,,,,,,,,,,,,0.048308,0.891851,0.110670,,,,,,
42328,,,,,,,,,,,,,,,,,,,,,,,0.004575,-0.010065,1.035719,2.240000,18.690001,-14.000000
42329,,,,,,,,,,,,,-3.603257,-3.834912,-0.073179,-0.071767,,,,,,,,,,,,
42332,,,,,,,,,,,,,,,,,,,,0.047909,0.891847,0.107889,,,,,,
42339,,,,,,,,,,,,,-3.578895,-3.773809,-0.074758,-0.073673,,,,,,,,,,,,
42341,,,,,,,,,,,,,,,,,,,,0.047496,0.891748,0.105117,-0.053314,-0.008235,1.035719,0.630000,4.270000,-9.940000
42348,,,,,,,,,,,,,,,,,,,,,,,-0.058011,-0.007015,1.007232,2.310000,6.510000,-10.990000
42349,,,,,,,,,,,,,-3.011282,-4.274260,-0.081882,-0.069865,,,,,,,,,,,,
42351,,,,,,,,,,,,,,,,,,,,0.047023,0.891658,0.102394,,,,,,
42358,,,,,,,,,,,,,,,,,,,,,,,-0.058011,-0.007015,1.007232,2.170000,7.840000,-12.180000
42359,,,,,,,,,,,,,-3.081357,-4.144026,-0.082615,-0.072389,,,,,,,,,,,,
42361,,,,0.000000,1.000000,0.783802,0.000000,0.000000,,,,,,,,,,,,0.046503,0.891599,0.102394,,,,,,
42362,,,,,,,,,,,-9.993916,-9.993916,,,,,-0.035534,0.112616,0.680493,,,,,,,,,
42368,,,,,,,,,,,,,,,,,,,,,,,-0.064599,-0.004941,1.020408,1.680000,-1.330000,-4.480000
42369,,,,,,,,,,,,,-3.139384,-4.033513,-0.080819,-0.072099,,,,,,,,,,,,
42371,,,,,,,,,,,,,,,,,,,,0.045818,0.891514,0.099622,,,,,,
42378,,,,,,,,,,,,,,,,,,,,,,,-0.064599,-0.004941,1.020408,1.260000,-12.390000,-1.960000
42379,,,,,,,,,,,,,-3.189969,-3.393797,-0.081674,-0.079816,,,,,,,,,,,,
42381,,,,,,,,,,,,,,,,,,,,0.045096,0.891474,0.099622,,,,,,
42388,,,,,,,,,,,,,,,,,,,,,,,-0.072468,-0.001647,1.020896,1.890000,-11.690000,-3.360000
42389,,,,,,,,,,,,,-3.231925,-3.951311,-0.082607,-0.075449,,,,,,,,,,,,
42391,,,,,,,,,,,,,,,,,,,,0.044410,0.891405,0.099576,,,,,,
42399,,,,,,,,,,,,,-3.811595,-3.870760,-0.078047,-0.077480,,,,,,,,,,,,
42402,,,,,,,,,,,,,,,,,,,,,,,-0.072468,-0.001647,1.020896,1.400000,-15.680000,1.960000
42401,,,,,,,,,,,,,,,,,,,,0.043691,0.891346,0.102358,,,,,,
42408,,,,,,,,,,,,,,,,,,,,,,,-0.051423,-0.008601,1.018761,-0.210000,-18.690001,9.940000
42409,,,,,,,,,,,,,-3.757453,-3.256857,-0.079835,-0.084966,,,,,,,,,,,,
42411,,,,0.000000,1.000000,0.783802,0.000000,0.000000,,,,,,,,,,,,0.042918,0.891256,0.102397,,,,,,
42412,,,,,,,,,,,-9.100022,-9.100022,,,,,-0.032356,0.112555,0.681364,,,,,,,,,
42418,,,,,,,,,,,,,,,,,,,,,,,-0.051423,-0.008601,1.018761,0.140000,-11.200000,5.530000
42419,,,,,,,,,,,,,-3.709075,-3.835428,-0.072458,-0.071294,,,,,,,,,,,,
42421,,,,,,,,,,,,,,,,,,,,0.042157,0.891208,0.102399,,,,,,
42428,,,,,,,,,,,,,,,,,,,,,,,-0.044286,-0.006893,1.012539,0.350000,6.580000,-1.470000
42429,,,,,,,,,,,,,-3.667161,-3.773475,-0.073964,-0.072979,,,,,,,,,,,,
42431,,,,,,,,,,,,,,,,,,,,0.041483,0.891193,0.102397,,,,,,
42438,,,,,,,,,,,,,,,,,,,,,,,-0.044286,-0.006893,1.012539,1.330000,5.040000,-0.490000
42439,,,,,,,,,,,,,-3.633104,-3.722556,-0.075398,-0.074564,,,,,,,,,,,,
42441,,,,,,,,,,,,,,,,,,,,0.040890,0.891108,0.102435,,,,,,
42448,,,,,,,,,,,,,,,,,,,,,,,-0.016226,-0.009638,1.018639,1.120000,-6.720000,6.720000
42449,,,,,,,,,,,,,-3.604944,-3.680209,-0.076779,-0.076071,,,,,,,,,,,,
42451,,,,,,,,,,,,,,,,,,,,0.040277,0.891021,0.105169,,,,,,
42459,,,,,,,,,,,,,-4.126330,-3.643093,-0.072560,-0.077534,,,,,,,,,,,,
42461,,,,0.000000,1.000000,0.783802,0.000000,0.000000,,,,,,,,,,,,0.039631,0.890962,0.105136,,,,,,
42462,,,,,,,,,,,-8.078709,-8.078709,,,,,-0.028724,0.112601,0.678863,,,,,,,,,
42463,,,,,,,,,,,,,,,,,,,,,,,-0.016226,-0.009638,1.018639,0.350000,1.330000,6.090000
42468,,,,,,,,,,,,,,,,,,,,,,,-0.050813,-0.008174,1.008757,2.870000,4.130000,3.080000
42469,,,,,,,,,,,,,-4.020718,-3.614122,-0.064214,-0.068503,,,,,,,,,,,,
42471,,,,,,,,,,,,,,,,,,,,0.038972,0.890929,0.107940,,,,,,
42478,,,,,,,,,,,,,,,,,,,,,,,-0.050813,-0.008174,1.008757,-0.980000,3.220000,1.890000
42479,,,,,,,,,,,,,-3.928885,-3.586775,-0.065962,-0.069675,,,,,,,,,,,,
42481,,,,,,,,,,,,,,,,,,,,0.038376,0.890870,0.107940,,,,,,
42488,,,,,,,,,,,,,,,,,,,,,,,-0.036844,-0.012261,1.017968,2.800000,-6.860000,0.700000
42489,,,,,,,,,,,,,-3.853869,-3.566018,-0.067558,-0.070785,,,,,,,,,,,,
42491,,,,,,,,,,,,,,,,,,,,0.037637,0.890787,0.105205,,,,,,
42499,,,,,,,,,,,,,-3.790641,-3.548443,-0.069047,-0.071867,,,,,,,,,,,,
42502,,,,,,,,,,,,,,,,,,,,,,,-0.032147,-0.004880,1.019798,1.470000,-4.130000,-1.890000
42501,,,,,,,,,,,,,,,,,,,,0.036966,0.890668,0.107945,,,,,,
42508,,,,,,,,,,,,,,,,,,,,,,,-0.032147,-0.004880,1.019798,3.570000,0.560000,-7.350000
42509,,,,,,,,,,,,,-3.736559,-3.532774,-0.070457,-0.072933,,,,,,,,,,,,
42511,,,,0.000000,1.000000,0.783802,0.000000,0.000000,,,,,,,,,,,,0.036357,0.890614,0.105169,,,,,,
42512,,,,,,,,,,,-7.032675,-7.032675,,,,,-0.025005,0.112672,0.676109,,,,,,,,,
42518,,,,,,,,,,,,,,,,,,,,,,,-0.032147,-0.004880,1.019798,2.800000,-0.420000,-9.660000
42519,,,,,,,,,,,,,-3.690835,-3.519370,-0.061122,-0.063309,,,,,,,,,,,,
42521,,,,,,,,,,,,,,,,,,,,0.035777,0.890576,0.105169,,,,,,
42528,,,,,,,,,,,,,,,,,,,,,,,-0.006100,-0.010980,1.009367,1.960000,-0.070000,-10.150000
42529,,,,,,,,,,,,,-3.652913,-4.056087,-0.062177,-0.058537,,,,,,,,,,,,
42531,,,,,,,,,,,,,,,,,,,,0.035191,0.890513,0.102435,,,,,,
42538,,,,,,,,,,,,,,,,,,,,,,,-0.006100,-0.010980,1.013088,3.990000,1.470000,-24.010000
42539,,,,,,,,,,,,,-3.073560,-3.961173,-0.068763,-0.060101,,,,,,,,,,,,
42541,,,,,,,,,,,,,,,,,,,,0.034645,0.890430,0.099662,,,,,,
42549,,,,,,,,,,,,,-3.133758,-3.880595,-0.068940,-0.061537,,,,,,,-0.033306,-0.003843,1.013088,1.890000,-5.390000,-23.730000
42551,,,,,,,,,,,,,,,,,,,,0.034077,0.890316,0.094084,,,,,,
42559,,,,,,,,,,,,,-3.182269,-3.265132,-0.069225,-0.068445,,,,,,,,,,,,
42561,,,,0.000000,1.000000,0.783802,0.000000,0.000000,,,,,,,,,,,,,,,,,,,,
42562,,,,,,,,,,,-6.621352,-6.621352,,,,,-0.023543,0.112423,0.688576,0.033536,0.890285,0.091316,,,,,,
42564,,,,,,,,,,,,,,,,,,,,,,,0.004148,-0.001220,1.023031,-0.140000,-5.530000,-14.770000
42569,,,,,,,,,,,,,,,,,,,,,,,0.004148,-0.001220,1.023031,3.150000,-2.030000,-12.880000
42570,,,,,,,,,,,,,-3.206449,-3.805058,-0.065553,-0.059496,,,,,,,,,,,,
42571,,,,,,,,,,,,,,,,,,,,0.032968,0.890282,0.091347,,,,,,
42578,,,,,,,,,,,,,,,,,,,,,,,0.022082,-0.006649,1.012661,0.140000,0.630000,-6.370000
42579,,,,,,,,,,,,,-2.697906,-3.770349,-0.071423,-0.060413,,,,,,,,,,,,
42581,,,,,,,,,,,,,,,,,,,,0.032563,0.890265,0.091347,,,,,,
42588,,,,,,,,,,,,,,,,,,,,,,,0.022082,-0.006649,1.012661,3.850000,15.050000,-20.230000
42589,,,,,,,,,,,,,-2.817407,-3.172371,-0.070989,-0.067083,,,,,,,,,,,,
42591,,,,,,,,,,,,,,,,,,,,0.032286,0.890184,0.085806,,,,,,
42598,,,,,,,,,,,,,,,,,,,,,,,-0.036600,0.006283,1.017663,-0.420000,3.150000,-8.470000
42599,,,,,,,,,,,,,-2.370566,-2.669232,-0.076308,-0.072905,,,,,,,,,,,,
42601,,,,,,,,,,,,,,,,,,,,0.031915,0.890162,0.083035,,,,,,
42608,,,,,,,,,,,,,,,,,,,,,,,-0.036600,0.006283,1.017663,-0.210000,-12.180000,9.730000
42609,,,,,,,,,,,,,-2.540721,-2.792019,-0.075422,-0.072443,,,,,,,,,,,,
42611,,,,0.000000,1.000000,0.783802,0.000000,0.000000,,,,,,,,,,,,0.031525,0.890116,0.083004,,,,,,
42612,,,,,,,,,,,-6.337322,-6.337322,,,,,-0.022533,0.112134,0.699744,,,,,,,,,
42619,,,,,,,,,,,,,-2.680406,-2.891848,-0.071917,-0.069293,,,,,,,,,,,,
42623,,,,,,,,,,,,,,,,,,,,,,,-0.010553,-0.009516,1.027728,0.350000,-11.060000,27.230000
42621,,,,,,,,,,,,,,,,,,,,0.031025,0.890040,0.088549,,,,,,
42628,,,,,,,,,,,,,,,,,,,,,,,-0.010553,-0.009516,1.027728,1.470000,-1.330000,23.520000
42629,,,,,,,,,,,,,-2.808691,-2.986598,-0.071339,-0.069016,,,,,,,,,,,,
42631,,,,,,,,,,,,,,,,,,,,0.030627,0.890002,0.094091,,,,,,
42638,,,,,,,,,,,,,,,,,,,,,,,-0.038674,-0.013969,0.996984,8.680000,21.910000,-2.520000
42639,,,,,,,,,,,,,-2.910567,-3.060258,-0.071006,-0.068935,,,,,,,,,,,,
42641,,,,,,,,,,,,,,,,,,,,0.030515,0.889997,0.094082,,,,,,
42648,,,,,,,,,,,,,,,,,,,,,,,-0.038674,-0.013969,0.996984,-6.230000,17.360001,1.540000
42649,,,,,,,,,,,,,-2.448950,-2.574901,-0.076400,-0.074541,,,,,,,,,,,,
42651,,,,,,,,,,,,,,,,,,,,0.030151,0.889980,0.094120,,,,,,
42658,,,,,,,,,,,,,,,,,,,,,,,-0.029158,0.014030,1.032791,-0.140000,3.640000,11.130000
42659,,,,,,,,,,,,,-2.607826,-2.713801,-0.075557,-0.073876,,,,,,,,,,,,
42661,,,,0.000000,1.000000,0.783802,0.000000,0.000000,,,,,,,,,,,,0.029851,0.889994,0.096851,,,,,,
42662,,,,,,,,,,,-5.481012,-5.481012,,,,,-0.019488,0.112404,0.687744,,,,,,,,,
42668,,,,,,,,,,,,,,,,,,,,,,,-0.029158,0.014030,1.032791,4.340000,-2.380000,15.750000
42669,,,,,,,,,,,,,-2.742385,-2.283391,-0.066196,-0.070257,,,,,,,,,,,,
42671,,,,,,,,,,,,,,,,,,,,0.029509,0.889879,0.099663,,,,,,
42679,,,,,,,,,,,,,-2.853679,-2.467482,-0.065609,-0.069019,,,,,,,,,,,,
42681,,,,,,,,,,,,,,,,,,,,0.029155,0.889792,0.099662,-0.042578,-0.015921,1.004731,3.220000,-4.480000,3.710000
42688,,,,,,,,,,,,,,,,,,,,,,,-0.042578,-0.015921,1.004731,0.910000,-7.350000,0.000000
42689,,,,,,,,,,,,,-2.401085,-2.625406,-0.070750,-0.068011,,,,,,,,,,,,
42691,,,,,,,,,,,,,,,,,,,,0.028708,0.889788,0.099660,,,,,,
42699,,,,,,,,,,,,,-2.566400,-2.209016,-0.069680,-0.072829,,,,,,,-0.066612,0.002989,1.025593,0.490000,-4.410000,-14.140000
42701,,,,,,,,,,,,,,,,,,,,0.028196,0.889733,0.099630,,,,,,
42708,,,,,,,,,,,,,,,,,,,,,,,-0.066612,0.002989,1.025593,2.240000,-13.580000,-6.160000
42709,,,,,,,,,,,,,-2.159369,-2.407711,-0.074415,-0.071457,,,,,,,,,,,,
42711,,,,0.000000,1.000000,0.783802,0.000000,0.000000,,,,,,,,,,,,0.027667,0.889690,0.096858,,,,,,
42712,,,,,,,,,,,-4.917689,-4.917689,,,,,-0.017485,0.112465,0.687250,,,,,,,,,
42719,,,,,,,,,,,,,-2.363897,-2.572853,-0.067247,-0.064641,,,,,,,,,,,,
42723,,,,,,,,,,,,,,,,,,,,,,,-0.032269,-0.005795,1.025227,1.540000,-3.710000,4.550000
42721,,,,,,,,,,,,,,,,,,,,0.027112,0.889700,0.096889,,,,,,
42729,,,,,,,,,,,,,-2.531033,-2.164798,-0.066053,-0.069272,,,,,,,-0.032269,-0.005795,0.999607,-1.050000,-0.770000,10.430000
42731,,,,,,,,,,,,,,,,,,,,0.026800,0.889699,0.096889,,,,,,
42738,,,,,,,,,,,,,,,,,,,,,,,-0.000915,-0.010126,0.999607,3.780000,3.850000,11.410000
42739,,,,,,,,,,,,,-2.685323,-2.377174,-0.064957,-0.067656,,,,,,,,,,,,
42741,,,,,,,,,,,,,,,,,,,,0.026445,0.889661,0.099660,,,,,,
42748,,,,,,,,,,,,,,,,,,,,,,,-0.000915,-0.010126,1.013271,0.700000,7.910000,-5.530000
42749,,,,,,,,,,,,,-2.259431,-2.548480,-0.069747,-0.066417,,,,,,,,,,,,
42751,,,,,,,,,,,,,,,,,,,,0.026207,0.889579,0.096889,,,,,,
42758,,,,,,,,,,,,,,,,,,,,,,,-0.037393,0.002013,1.013271,-0.980000,11.060000,-7.350000
42759,,,,,,,,,,,,,-2.449411,-2.692618,-0.068341,-0.065421,,,,,,,,,,,,
42761,,,,0.000000,1.000000,0.783802,0.000000,0.000000,,,,,,,,,,,,0.025944,0.889506,0.096889,,,,,,
42762,,,,,,,,,,,-4.435897,-4.435897,,,,,-0.015772,0.112396,0.689715,,,,,,,,,
42768,,,,,,,,,,,,,,,,,,,,,,,-0.051606,-0.002074,1.020957,2.940000,6.790000,-6.370000
42769,,,,,,,,,,,,,-2.606405,-2.265568,-0.062319,-0.065307,,,,,,,,,,,,
42771,,,,,,,,,,,,,,,,,,,,0.025612,0.889497,0.096889,,,,,,
42779,,,,,,,,,,,,,-2.193029,-2.454576,-0.066901,-0.063814,,,,,,,,,,,,
42781,,,,,,,,,,,,,,,,,,,,0.025252,0.889481,0.096855,-0.051606,-0.002074,1.020957,3.010000,-5.670000,7.840000
42788,,,,,,,,,,,,,,,,,,,,,,,-0.014518,-0.003233,1.018883,0.210000,-10.570000,12.390000
42789,,,,,,,,,,,,,-2.393099,-2.065279,-0.065309,-0.068181,,,,,,,,,,,,
42791,,,,,,,,,,,,,,,,,,,,0.024614,0.889452,0.099660,,,,,,
42798,,,,,,,,,,,,,,,,,,,,,,,-0.014518,-0.003233,1.018883,1.890000,-21.840000,17.150000
42799,,,,,,,,,,,,,-2.562876,-1.737726,-0.063986,-0.071996,,,,,,,,,,,,
42801,,,,,,,,,,,,,,,,,,,,0.024154,0.889433,0.102432,,,,,,
42808,,,,,,,,,,,,,,,,,,,,,,,0.023241,-0.002074,1.025898,0.210000,-7.840000,20.510000
42809,,,,,,,,,,,,,-2.156403,-1.462122,-0.068507,-0.075347,,,,,,,,,,,,
42811,,,,0.000000,1.000000,0.783802,0.000000,0.000000,,,,,,,,,,,,0.023866,0.889375,0.107975,,,,,,
42812,,,,,,,,,,,-3.528991,-3.528991,,,,,-0.012548,0.112490,0.679289,,,,,,,,,
42819,,,,,,,,,,,,,-2.360798,-1.230229,-0.057627,-0.069056,,,,,,,,,,,,
42821,,,,,,,,,,,,,,,,,,,,0.023793,0.889361,0.110748,,,,,,
42824,,,,,,,,,,,,,,,,,,,,,,,0.023241,-0.002074,1.025898,0.210000,11.340000,25.900000
42829,,,,,,,,,,,,,-2.530864,-1.035115,-0.056126,-0.071506,,,,,,,0.011712,-0.004270,1.002657,-0.840000,11.340000,31.850000
42831,,,,,,,,,,,,,,,,,,,,0.023707,0.889319,0.113520,,,,,,
42838,,,,,,,,,,,,,,,,,,,,,,,0.011712,-0.004270,1.002657,0.700000,0.350000,30.030001
42839,,,,,,,,,,,,,-2.681017,-1.422493,-0.054794,-0.068054,,,,,,,,,,,,
42842,,,,,,,,,,,,,,,,,,,,0.023587,0.889256,0.119066,,,,,,
42849,,,,,,,,,,,,,-2.255807,-1.196886,-0.059301,-0.070776,,,,,,,-0.050569,-0.022753,1.022665,1.190000,13.230000,-1.960000
42851,,,,,,,,,,,,,,,,,,,,0.023384,0.889220,0.121839,,,,,,
42858,,,,,,,,,,,,,,,,,,,,,,,-0.050569,-0.022753,1.022665,-0.700000,4.830000,-12.880000
42859,,,,,,,,,,,,,-1.898036,-1.556271,-0.063205,-0.067577,,,,,,,,,,,,
42861,,,,0.000000,1.000000,0.783802,0.000000,0.000000,,,,,,,,,,,,0.023186,0.889236,0.119068,,,,,,
42862,,,,,,,,,,,-2.862855,-2.862855,,,,,-0.010179,0.112746,0.666201,,,,,,,,,
42868,,,,,,,,,,,,,,,,,,,,,,,-0.056120,0.029280,1.010465,1.190000,0.490000,-19.740000
42869,,,,,,,,,,,,,-2.144177,-1.856616,-0.054226,-0.058113,,,,,,,,,,,,
42871,,,,,,,,,,,,,,,,,,,,0.022812,0.889274,0.113522,,,,,,
42879,,,,,,,,,,,,,-1.804110,-1.562156,-0.057838,-0.061318,,,,,,,,,,,,
42882,,,,,,,,,,,,,,,,,,,,,,,-0.056120,0.029280,1.021506,2.030000,-16.870001,-11.410000
42881,,,,,,,,,,,,,,,,,,,,0.022444,0.889241,0.110750,,,,,,
42888,,,,,,,,,,,,,,,,,,,,,,,-0.036661,-0.031781,1.021506,0.910000,-16.870001,-9.520000
42889,,,,,,,,,,,,,-1.517978,-1.314398,-0.060969,-0.064105,,,,,,,,,,,,
42891,,,,,,,,,,,,,,,,,,,,0.021994,0.889171,0.110747,,,,,,
42898,,,,,,,,,,,,,,,,,,,,,,,-0.036661,-0.031781,1.021506,0.490000,-12.040000,-5.250000
42899,,,,,,,,,,,,,-1.277226,-1.105934,-0.063693,-0.066541,,,,,,,,,,,,
42901,,,,,,,,,,,,,,,,,,,,0.021704,0.889142,0.110747,,,,,,
42908,,,,,,,,,,,,,,,,,,,,,,,0.026840,0.011529,1.019493,0.770000,0.630000,-1.260000
42909,,,,,,,,,,,,,-1.623482,-0.930533,-0.060479,-0.068682,,,,,,,,,,,,
42911,,,,0.000000,1.000000,0.783802,0.000000,0.000000,,,,,,,,,,,,0.021642,0.889164,0.110747,,,,,,
42912,,,,,,,,,,,-2.641295,-2.641295,,,,,-0.009391,0.112591,0.672480,,,,,,,,,
42918,,,,,,,,,,,,,,,,,,,,,,,0.026840,0.011529,1.019493,1.540000,10.920000,8.680000
42919,,,,,,,,,,,,,-1.365998,-0.782950,-0.061093,-0.068314,,,,,,,,,,,,
42921,,,,,,,,,,,,,,,,,,,,0.021605,0.889129,0.110747,,,,,,
42928,,,,,,,,,,,,,,,,,,,,,,,0.020740,-0.004880,1.005524,0.210000,3.710000,14.210000
42929,,,,,,,,,,,,,-1.149350,-0.658774,-0.063558,-0.069952,,,,,,,,,,,,
42931,,,,,,,,,,,,,,,,,,,,0.021599,0.889106,0.113520,,,,,,
42939,,,,,,,,,,,,,-0.967063,-0.554293,-0.065716,-0.071414,,,,,,,,,,,,
42942,,,,,,,,,,,,,,,,,,,,,,,-0.016714,-0.004880,1.020713,0.350000,0.000000,10.920000
42941,,,,,,,,,,,,,,,,,,,,0.021506,0.889076,0.116292,,,,,,
42948,,,,,,,,,,,,,,,,,,,,,,,-0.016714,-0.004880,1.020713,0.770000,-0.840000,5.460000
42949,,,,,,,,,,,,,-1.360857,-1.013551,-0.062034,-0.067147,,,,,,,,,,,,
42951,,,,,,,,,,,,,,,,,,,,0.021472,0.889066,0.119065,,,,,,
42958,,,,,,,,,,,,,,,,,,,,,,,-0.016714,-0.004880,1.017663,0.770000,1.470000,4.970000
42959,,,,,,,,,,,,,-1.145025,-0.852802,-0.064491,-0.069112,,,,,,,,,,,,
42961,,,,0.000000,1.000000,0.783802,0.000000,0.000000,,,-2.253803,-2.253803,,,,,,,,0.021400,0.889045,0.119064,,,,,,
42962,,,,,,,,,,,,,,,,,-0.008014,0.112689,0.665387,,,,,,,,,
42968,,,,,,,,,,,,,,,,,,,,,,,-0.031781,-0.000366,1.017663,0.420000,-0.560000,9.450000
42969,,,,,,,,,,,,,-0.963423,-1.264497,-0.062690,-0.061318,,,,,,,,,,,,
42971,,,,,,,,,,,,,,,,,,,,0.021358,0.889077,0.119065,,,,,,
42978,,,,,,,,,,,,,,,,,,,,,,,-0.031781,-0.020862,1.017358,-0.910000,9.310000,-9.450000
42979,,,,,,,,,,,,,-0.810624,-1.063948,-0.064507,-0.063562,,,,,,,,,,,,
42981,,,,,,,,,,,,,,,,,,,,0.021278,0.889014,0.119065,,,,,,
42988,,,,,,,,,,,,,,,,,,,,,,,-0.069967,-0.020862,1.017358,2.170000,6.160000,-24.150000
42989,,,,,,,,,,,,,-0.682059,-1.442540,-0.066107,-0.059938,,,,,,,,,,,,
42992,,,,,,,,,,,,,,,,,,,,0.021215,0.889039,0.113520,,,,,,
42999,,,,,,,,,,,,,-0.573885,-1.213753,-0.067525,-0.062434,,,,,,,,,,,,
43002,,,,,,,,,,,,,,,,,,,,,,,-0.057767,0.018361,1.019981,-0.140000,2.800000,-23.379999
43001,,,,,,,,,,,,,,,,,,,,0.021058,0.889047,0.107976,,,,,,
43008,,,,,,,,,,,,,,,,,,,,,,,-0.057767,0.018361,1.019981,1.400000,-2.310000,-21.700001
43009,,,,,,,,,,,,,-0.482866,-1.569082,-0.068789,-0.059018,,,,,,,,,,,,
43011,,,,0.000000,1.000000,0.783802,0.000000,0.000000,,,,,,,,,,,,0.020891,0.889024,0.105203,,,,,,
43012,,,,,,,,,,,-2.567241,-2.567241,,,,,-0.009128,0.112556,0.678224,,,,,,,,,
43018,,,,,,,,,,,,,,,,,,,,,,,-0.022143,-0.011651,1.015528,1.260000,-14.350000,-11.060000
43019,,,,,,,,,,,,,-0.406284,-1.320225,-0.073122,-0.064890,,,,,,,,,,,,
43021,,,,,,,,,,,,,,,,,,,,0.020554,0.888993,0.102431,,,,,,
43028,,,,,,,,,,,,,,,,,,,,,,,-0.022143,-0.011651,1.015528,0.350000,-14.280000,-7.840000
43029,,,,,,,,,,,,,-0.341847,-1.110837,-0.074211,-0.067275,,,,,,,,,,,,
43031,,,,,,,,,,,,,,,,,,,,0.020334,0.888989,0.102408,,,,,,
43039,,,,,,,,,,,,,-0.287630,-0.934658,-0.075209,-0.069364,,,,,,,,,,,,
43042,,,,,,,,,,,,,,,,,,,,,,,0.014274,-0.001586,1.015162,1.260000,3.920000,0.140000
43041,,,,,,,,,,,,,,,,,,,,0.020302,0.888995,0.099660,,,,,,
43048,,,,,,,,,,,,,,,,,,,,,,,0.014274,-0.001586,1.015162,1.260000,6.510000,7.420000
43049,,,,,,,,,,,,,-0.242012,-0.786421,-0.076130,-0.071202,,,,,,,,,,,,
43052,,,,,,,,,,,,,,,,,,,,0.020310,0.888989,0.102408,,,,,,
43058,,,,,,,,,,,,,,,,,,,,,,,0.006039,0.005429,1.015345,0.140000,6.790000,11.270000
43059,,,,,,,,,,,,,-0.751184,-0.661695,-0.071402,-0.072830,,,,,,,,,,,,
43061,,,,0.000000,1.000000,0.783802,0.000000,0.000000,,,,,,,,,,,,0.020385,0.889015,0.102401,,,,,,
43062,,,,,,,,,,,-2.376837,-2.376837,,,,,-0.008451,0.112536,0.678365,,,,,,,,,
43068,,,,,,,,,,,,,,,,,,,,,,,0.006039,0.005429,1.015345,0.490000,7.140000,12.810000
43069,,,,,,,,,,,,,-0.632046,-0.556750,-0.071038,-0.072340,,,,,,,,,,,,
43071,,,,,,,,,,,,,,,,,,,,0.020407,0.888959,0.105203,,,,,,
43078,,,,,,,,,,,,,,,,,,,,,,,-0.054900,-0.009760,1.014430,0.840000,2.380000,9.870000
43079,,,,,,,,,,,,,-0.531803,-0.468449,-0.072410,-0.073605,,,,,,,,,,,,
43081,,,,,,,,,,,,,,,,,,,,0.020415,0.888964,0.107976,,,,,,
43088,,,,,,,,,,,,,,,,,,,,,,,-0.054900,-0.009760,1.014430,0.630000,-2.100000,4.690000
43089,,,,,,,,,,,,,-0.993422,-0.394153,-0.068070,-0.074744,,,,,,,,,,,,
43091,,,,,,,,,,,,,,,,,,,,0.020315,0.888954,0.107976,,,,,,
43099,,,,,,,,,,,,,-0.835865,-0.331641,-0.069954,-0.075778,,,,,,,,,,,,
43102,,,,,,,,,,,,,,,,,,,,,,,-0.041419,0.001769,1.018212,0.560000,-5.530000,4.900000
43101,,,,,,,,,,,,,,,,,,,,0.020191,0.888919,0.107975,,,,,,
43108,,,,,,,,,,,,,,,,,,,,,,,-0.041419,0.001769,1.018212,1.050000,-2.520000,6.300000
43109,,,,,,,,,,,,,-0.703297,-0.279042,-0.071614,-0.076724,,,,,,,,,,,,
43111,,,,0.000000,1.000000,0.783802,0.000000,0.000000,,,,,,,,,,,,0.020100,0.888919,0.110747,,,,,,
43112,,,,,,,,,,,-2.287249,-2.287249,,,,,-0.008132,0.112603,0.676040,,,,,,,,,
43118,,,,,,,,,,,,,,,,,,,,,,,-0.041480,-0.004026,1.013759,0.000000,3.850000,13.790000
43119,,,,,,,,,,,,,-0.591754,-0.234786,-0.072173,-0.076681,,,,,,,,,,,,
43121,,,,,,,,,,,,,,,,,,,,0.020001,0.888930,0.113520,,,,,,
43128,,,,,,,,,,,,,,,,,,,,,,,-0.041480,-0.004026,1.013759,1.050000,1.890000,13.860000
43129,,,,,,,,,,,,,-1.046339,-0.197549,-0.067875,-0.077471,,,,,,,,,,,,
43131,,,,,,,,,,,,,,,,,,,,0.019925,0.888883,0.116293,,,,,,
43138,,,,,,,,,,,,,,,,,,,,,,,-0.037637,-0.000793,1.020713,1.120000,1.610000,21.629999
43139,,,,,,,,,,,,,-0.880389,-0.166218,-0.069816,-0.078209,,,,,,,,,,,,
43142,,,,,,,,,,,,,,,,,,,,0.019811,0.888888,0.119066,,,,,,
43149,,,,,,,,,,,,,-1.288645,-0.139856,-0.065933,-0.078902,,,,,,,-0.037637,-0.000793,1.020713,1.120000,1.400000,19.950001
43151,,,,,,,,,,,,,,,,,,,,0.019653,0.888840,0.124580,,,,,,
43159,,,,,,,,,,,,,-1.084265,-0.117674,-0.068218,-0.079558,,,,,,,,,,,,
43161,,,,0.000000,1.000000,0.783802,0.000000,0.000000,,,,,,,,,,,,0.019373,0.888851,0.127388,,,,,,
43162,,,,,,,,,,,-1.657585,-1.657585,,,,,-0.005894,0.112731,0.660633,,,,,,,,,
43163,,,,,,,,,,,,,,,,,,,,,,,-0.064599,-0.007381,1.011746,-0.280000,-1.120000,23.170000
43168,,,,,,,,,,,,,,,,,,,,,,,-0.064599,-0.007381,1.011746,1.330000,-8.960000,16.730000
43169,,,,,,,,,,,,,-1.459800,-0.099011,-0.058205,-0.073759,,,,,,,,,,,,
43171,,,,,,,,,,,,,,,,,,,,0.019152,0.888751,0.130129,,,,,,
43178,,,,,,,,,,,,,,,,,,,,,,,-0.040016,0.003050,1.024007,0.000000,-6.230000,16.730000
43179,,,,,,,,,,,,,-1.228276,-0.083308,-0.060606,-0.074231,,,,,,,,,,,,
43181,,,,,,,,,,,,,,,,,,,,0.018908,0.888679,0.132905,,,,,,
43188,,,,,,,,,,,,,,,,,,,,,,,-0.040016,-0.007442,1.013515,0.980000,-4.690000,11.270000
43189,,,,,,,,,,,,,-1.580201,-0.070095,-0.057103,-0.074681,,,,,,,,,,,,
43192,,,,,,,,,,,,,,,,,,,,0.018762,0.888674,0.135682,,,,,,
43199,,,,,,,,,,,,,-1.329581,-0.058978,-0.059674,-0.075112,,,,,,,0.000854,-0.007442,1.013515,0.840000,2.450000,13.860000
43201,,,,,,,,,,,,,,,,,,,,0.018680,0.888670,0.138456,,,,,,
43208,,,,,,,,,,,,,,,,,,,,,,,0.001037,-0.001159,1.012051,-0.140000,1.820000,13.230000
43209,,,,,,,,,,,,,-1.665385,-0.049624,-0.056315,-0.075527,,,,,,,,,,,,
43211,,,,0.000000,1.000000,0.783802,0.000000,0.000000,,,,,,,,,,,,,,,,,,,,
43212,,,,,,,,,,,-0.947197,-0.947197,,,,,-0.003368,0.112835,0.646629,,,,,,,,,
43227,,,,,,,,,,,,,-1.401254,-0.041754,-0.051761,-0.068683,,,,,,,,,,,,
43221,,,,,,,,,,,,,,,,,,,,0.018603,0.888628,0.141254,,,,,,
43229,,,,,,,,,,,,,-1.179015,-0.035132,-0.053937,-0.068931,,,,,,,,,,,,
43231,,,,,,,,,,,,,,,,,,,,0.018566,0.888603,0.144003,,,,,,
43234,,,,,,,,,,,,,,,,,,,,,,,-0.035197,-0.001342,1.014491,0.070000,2.310000,12.320000
43239,,,,,,,,,,,,,-0.992023,-0.029560,-0.055798,-0.069171,,,,,,,-0.035197,-0.001342,1.014491,0.420000,-2.030000,9.730000
43241,,,,,,,,,,,,,,,,,,,,0.018477,0.888586,0.146781,,,,,,
43244,,,,,,,,,,,,,,,,,,,,,,,-0.035197,-0.001342,1.014491,0.490000,-4.480000,7.070000
43249,,,,,,,,,,,,,-1.384343,-0.024872,-0.051788,-0.069402,,,,,,,,,,,,
43250,,,,,,,,,,,,,,,,,,,,,,,-0.024827,-0.004392,1.021079,0.700000,-4.270000,5.250000
43252,,,,,,,,,,,,,,,,,,,,0.018390,0.888574,0.146781,,,,,,
43259,,,,,,,,,,,,,-1.164786,-0.020927,-0.053940,-0.069627,,,,,,,,,,,,
43261,,,,0.000000,1.000000,0.783802,0.000000,0.000000,,,,,,,,,,,,0.018261,0.888563,0.149559,,,,,,
43262,,,,,,,,,,,-0.462430,-0.462430,,,,,-0.001644,0.112916,0.635409,,,,,,,,,
43264,,,,,,,,,,,,,,,,,,,,,,,-0.024827,-0.004392,1.021079,0.490000,0.280000,5.180000
43269,,,,,,,,,,,,,-0.980051,-0.017608,-0.050836,-0.064901,,,,,,,-0.013298,-0.002379,1.011868,0.420000,2.100000,6.790000
43271,,,,,,,,,,,,,,,,,,,,0.018224,0.888560,0.149559,,,,,,
43278,,,,,,,,,,,,,,,,,,,,,,,-0.013298,-0.002379,1.011868,0.350000,2.030000,7.630000
43279,,,,,,,,,,,,,-0.824615,-0.014815,-0.052318,-0.065019,,,,,,,,,,,,
43280,,,,,,,,,,,,,,,,,,,,0.018211,0.888559,0.152335,,,,,,
43288,,,,,,,,,,,,,,,,,,,,,,,-0.018727,-0.004087,1.018517,0.630000,-2.240000,1.750000
43289,,,,,,,,,,,,,-0.693831,-0.012466,-0.053579,-0.065132,,,,,,,,,,,,
43292,,,,,,,,,,,,,,,,,,,,0.018172,0.888547,0.152335,,,,,,
43299,,,,,,,,,,,,,-0.583789,-0.010489,-0.054656,-0.065242,,,,,,,-0.018727,-0.004087,1.018517,0.630000,-2.100000,-2.030000
43301,,,,,,,,,,,,,,,,,,,,0.018137,0.888535,0.152335,,,,,,
43308,,,,,,,,,,,,,,,,,,,,,,,-0.010736,-0.003782,1.015650,0.560000,2.100000,-0.210000
43309,,,,,,,,,,,,,-0.491200,-0.008825,-0.055576,-0.065350,,,,,,,,,,,,
43311,,,,0.000001,1.000001,0.783802,0.000000,0.000000,,,,,,,,,,,,0.018167,0.888553,0.152335,,,,,,
43312,,,,,,,,,,,-0.299349,-0.299349,,,,,-0.001064,0.112926,0.631798,,,,,,,,,
43319,,,,,,,,,,,,,-0.413296,-0.007425,-0.054701,-0.063791,,,,,,,,,,,,
43321,,,,,,,,,,,,,,,,,,,,0.018198,0.888560,0.152335,,,,,,
43323,,,,,,,,,,,,,,,,,,,,,,,-0.010736,-0.001952,1.016992,0.630000,1.820000,-0.280000
43329,,,,,,,,,,,,,-0.347747,-0.006248,-0.055347,-0.063862,,,,,,,-0.024095,-0.001952,1.016992,0.630000,1.680000,-0.140000
43331,,,,,,,,,,,,,,,,,,,,0.018213,0.888561,0.152335,,,,,,
43338,,,,,,,,,,,,,,,,,,,,,,,-0.024095,-0.001952,1.016992,0.630000,0.210000,-0.070000
43339,,,,,,,,,,,,,-0.292594,-0.005257,-0.055900,-0.063930,,,,,,,,,,,,
43341,,,,,,,,,,,,,,,,,,,,0.018202,0.888554,0.152335,,,,,,
43348,,,,,,,,,,,,,,,,,,,,,,,-0.037454,-0.003233,1.017358,0.700000,-0.700000,-0.490000
43349,,,,,,,,,,,,,-0.246189,-0.004423,-0.056375,-0.063998,,,,,,,,,,,,
43351,,,,,,,,,,,,,,,,,,,,0.018197,0.888557,0.152335,,,,,,
43358,,,,,,,,,,,,,,,,,,,,,,,-0.037454,-0.003233,1.017358,0.630000,-0.280000,-0.350000
43359,,,,,,,,,,,,,-0.207143,-0.003722,-0.056783,-0.064064,,,,,,,,,,,,
43361,,,,0.000007,1.000007,0.783802,0.000074,-0.000000,,,,,,,,,,,,0.018184,0.888556,0.152335,,,,,,
43362,,,,,,,,,,,-0.297753,-0.294731,,,,,-0.001067,0.112920,0.631495,,,,,,,,,
43368,,,,,,,,,,,,,,,,,,,,,,,-0.029036,-0.002867,1.015467,0.630000,0.420000,-0.350000
43369,,,,,,,,,,,,,-0.174290,-0.003131,-0.057121,-0.064082,,,,,,,,,,,,
43371,,,,,,,,,,,,,,,,,,,,0.018195,0.888559,0.152335,,,,,,
43379,,,,,,,,,,,,,-0.146648,-0.002635,-0.057427,-0.064145,,,,,,,,,,,,
43382,,,,,,,,,,,,,,,,,,,,,,,-0.026657,-0.002135,1.016199,0.630000,0.770000,-0.210000
43381,,,,,,,,,,,,,,,,,,,,0.018198,0.888565,0.152335,,,,,,
43388,,,,,,,,,,,,,,,,,,,,,,,-0.026657,-0.002135,1.016199,0.630000,0.490000,-0.210000
43389,,,,,,,,,,,,,-0.123389,-0.002217,-0.057695,-0.064208,,,,,,,,,,,,
43391,,,,,,,,,,,,,,,,,,,,0.018197,0.888558,0.152335,,,,,,
43398,,,,,,,,,,,,,,,,,,,,,,,-0.026657,-0.002135,1.017053,0.630000,0.070000,-0.280000
43399,,,,,,,,,,,,,-0.103820,-0.001865,-0.057929,-0.064270,,,,,,,,,,,,
43401,,,,,,,,,,,,,,,,,,,,0.018190,0.888558,0.152335,,,,,,
43408,,,,,,,,,,,,,,,,,,,,,,,-0.031903,-0.003050,1.017053,0.630000,-0.070000,-0.350000
43409,,,,,,,,,,,,,-0.087354,-0.001569,-0.058136,-0.064332,,,,,,,,,,,,
43411,,,,0.000023,1.000023,0.783802,0.000294,-0.000000,,,-0.284480,-0.272471,,,,,-0.001043,0.112931,0.631470,0.018189,0.888564,0.152335,,,,,,
43419,,,,,,,,,,,,,-0.073500,-0.001321,-0.058184,-0.064166,,,,,,,,,,,,
43423,,,,,,,,,,,,,,,,,,,,,,,-0.028914,-0.002867,1.016138,0.630000,0.210000,-0.350000
43421,,,,,,,,,,,,,,,,,,,,0.018193,0.888563,0.152335,,,,,,
43428,,,,,,,,,,,,,,,,,,,,,,,-0.028914,-0.002867,1.016138,0.700000,0.280000,-0.350000
43429,,,,,,,,,,,,,-0.061843,-0.001111,-0.058345,-0.064222,,,,,,,,,,,,
43431,,,,,,,,,,,,,,,,,,,,0.018192,0.888559,0.152335,,,,,,
43438,,,,,,,,,,,,,,,,,,,,,,,-0.028426,-0.002806,1.016687,0.630000,0.350000,-0.350000
43439,,,,,,,,,,,,,-0.052034,-0.000935,-0.058490,-0.064278,,,,,,,,,,,,
43441,,,,,,,,,,,,,,,,,,,,0.018196,0.888559,0.152335,,,,,,
43448,,,,,,,,,,,,,,,,,,,,,,,-0.028426,-0.002806,1.016687,0.630000,0.280000,-0.350000
43449,,,,,,,,,,,,,-0.043782,-0.000787,-0.058620,-0.064334,,,,,,,,,,,,
43451,,,,,,,,,,,,,,,,,,,,0.018205,0.888560,0.152335,,,,,,
43458,,,,,,,,,,,,,,,,,,,,,,,-0.030561,-0.003416,1.016687,0.630000,0.070000,-0.350000
43459,,,,,,,,,,,,,-0.036838,-0.000662,-0.058739,-0.064390,,,,,,,,,,,,
43461,,,,0.000055,1.000055,0.783802,0.000655,-0.000002,,,-0.266998,-0.240254,,,,,-0.001019,0.112958,0.631468,0.018198,0.888558,0.152335,,,,,,
43468,,,,,,,,,,,,,,,,,,,,,,,-0.030561,-0.003416,1.016687,0.630000,0.140000,-0.280000
43469,,,,,,,,,,,,,-0.030995,-0.000557,-0.058670,-0.064116,,,,,,,,,,,,
43471,,,,,,,,,,,,,,,,,,,,0.018194,0.888557,0.152335,,,,,,
43479,,,,,,,,,,,,,-0.026080,-0.000469,-0.058767,-0.064165,,,,,,,,,,,,
43482,,,,,,,,,,,,,,,,,,,,,,,-0.028792,-0.002501,1.015894,0.700000,0.210000,-0.350000
43481,,,,,,,,,,,,,,,,,,,,0.018192,0.888560,0.152335,,,,,,
43488,,,,,,,,,,,,,,,,,,,,,,,-0.028792,-0.002501,1.015894,0.630000,0.280000,-0.350000
43489,,,,,,,,,,,,,-0.021943,-0.000394,-0.058858,-0.064214,,,,,,,,,,,,
43491,,,,,,,,,,,,,,,,,,,,0.018196,0.888559,0.152335,,,,,,
43498,,,,,,,,,,,,,,,,,,,,,,,-0.030134,-0.002867,1.016199,0.700000,0.210000,-0.350000
43499,,,,,,,,,,,,,-0.018463,-0.000332,-0.058942,-0.064263,,,,,,,,,,,,
43501,,,,,,,,,,,,,,,,,,,,0.018196,0.888557,0.152335,,,,,,
43508,,,,,,,,,,,,,,,,,,,,,,,-0.030134,-0.002867,1.016199,0.700000,0.210000,-0.280000
43509,,,,,,,,,,,,,-0.015535,-0.000279,-0.059022,-0.064311,,,,,,,,,,,,
43511,,,,0.000107,1.000106,0.783801,0.001152,-0.000009,,,-0.233566,-0.186557,,,,,-0.000954,0.113002,0.631467,0.018195,0.888559,0.152335,,,,,,
43518,,,,,,,,,,,,,,,,,,,,,,,-0.029402,-0.003233,1.016504,0.630000,0.140000,-0.350000
43519,,,,,,,,,,,,,-0.013071,-0.000235,-0.058756,-0.063812,,,,,,,,,,,,
43521,,,,,,,,,,,,,,,,,,,,0.018196,0.888561,0.152335,,,,,,
43528,,,,,,,,,,,,,,,,,,,,,,,-0.029402,-0.003233,1.016504,0.700000,0.210000,-0.280000
43529,,,,,,,,,,,,,-0.010998,-0.000198,-0.058822,-0.063849,,,,,,,,,,,,
43531,,,,,,,,,,,,,,,,,,,,0.018191,0.888569,0.152335,,,,,,
43539,,,,,,,,,,,,,-0.009254,-0.000166,-0.058884,-0.063887,,,,,,,,,,,,
43541,,,,,,,,,,,,,,,,,,,,,,,-0.027938,-0.003233,1.016016,0.700000,0.210000,-0.350000
43542,,,,,,,,,,,,,,,,,,,,0.018194,0.888563,0.152335,,,,,,
43549,,,,,,,,,,,,,-0.007786,-0.000140,-0.058944,-0.063925,,,,,,,-0.027938,-0.003233,1.016016,0.630000,0.280000,-0.350000
43551,,,,,,,,,,,,,,,,,,,,0.018204,0.888563,0.152335,,,,,,
43558,,,,,,,,,,,,,,,,,,,,,,,-0.030012,-0.003172,1.015833,0.700000,0.210000,-0.350000
43559,,,,,,,,,,,,,-0.006551,-0.000118,-0.059001,-0.063962,,,,,,,,,,,,
43561,,,,0.000183,1.000182,0.783799,0.001782,-0.000027,,,-0.192172,-0.119521,,,,,-0.000874,0.113061,0.631464,0.018202,0.888560,0.152335,,,,,,
43568,,,,,,,,,,,,,,,,,,,,,,,-0.030012,-0.003172,1.015833,0.700000,0.140000,-0.280000
43569,,,,,,,,,,,,,-0.005512,-0.000099,-0.058635,-0.063316,,,,,,,,,,,,
43571,,,,,,,,,,,,,,,,,,,,0.018197,0.888559,0.152335,,,,,,
43579,,,,,,,,,,,,,-0.004638,-0.000083,-0.058681,-0.063340,,,,,,,,,,,,
43582,,,,,,,,,,,,,,,,,,,,,,,-0.029524,-0.003721,1.016809,0.630000,0.210000,-0.350000
43581,,,,,,,,,,,,,,,,,,,,0.018208,0.888569,0.152335,,,,,,
43588,,,,,,,,,,,,,,,,,,,,,,,-0.029524,-0.003721,1.016809,0.770000,0.210000,-0.280000
43589,,,,,,,,,,,,,-0.003902,-0.000070,-0.058727,-0.063364,,,,,,,,,,,,
43592,,,,,,,,,,,,,,,,,,,,0.018202,0.888562,0.152335,,,,,,
43599,,,,,,,,,,,,,-0.003283,-0.000059,-0.058770,-0.063388,,,,,,,-0.029524,-0.002684,1.016931,0.700000,0.210000,-0.280000
43601,,,,,,,,,,,,,,,,,,,,0.018198,0.888559,0.152335,,,,,,
43608,,,,,,,,,,,,,,,,,,,,,,,-0.029524,-0.002684,1.017053,0.630000,0.210000,-0.280000
43609,,,,,,,,,,,,,-0.002763,-0.000050,-0.058814,-0.063412,,,,,,,,,,,,
43611,,,,0.000288,1.000287,0.783794,0.002540,-0.000067,,,-0.134091,-0.030680,,,,,-0.000749,0.113151,0.631459,0.018196,0.888562,0.152335,,,,,,
43618,,,,,,,,,,,,,,,,,,,,,,,-0.029646,-0.002379,1.017053,0.700000,0.140000,-0.280000
43619,,,,,,,,,,,,,-0.002325,-0.000042,-0.058263,-0.062530,,,,,,,,,,,,
43621,,,,,,,,,,,,,,,,,,,,0.018200,0.888561,0.152335,,,,,,
43628,,,,,,,,,,,,,,,,,,,,,,,-0.029646,-0.002379,1.016626,0.700000,0.210000,-0.280000
43629,,,,,,,,,,,,,-0.001956,-0.000035,-0.058294,-0.062536,,,,,,,,,,,,
43631,,,,,,,,,,,,,,,,,,,,0.018201,0.888563,0.152335,,,,,,
43639,,,,,,,,,,,,,-0.001646,-0.000030,-0.058323,-0.062542,,,,,,,,,,,,
43641,,,,,,,,,,,,,,,,,,,,0.018210,0.888563,0.152335,-0.029646,-0.002379,1.016626,0.630000,0.210000,-0.350000
43648,,,,,,,,,,,,,,,,,,,,,,,-0.030012,-0.002196,1.016016,0.700000,0.210000,-0.280000
43649,,,,,,,,,,,,,-0.001385,-0.000025,-0.058352,-0.062548,,,,,,,,,,,,
43651,,,,,,,,,,,,,,,,,,,,0.018207,0.888557,0.152335,,,,,,
43658,,,,,,,,,,,,,,,,,,,,,,,-0.030012,-0.002196,1.016016,0.630000,0.210000,-0.350000
43659,,,,,,,,,,,,,-0.001165,-0.000021,-0.058381,-0.062554,,,,,,,,,,,,
43661,,,,0.000427,1.000425,0.783784,0.003422,-0.000142,,,-0.065057,0.074001,,,,,-0.000598,0.113270,0.631449,0.018190,0.888557,0.152335,,,,,,
43668,,,,,,,,,,,,,,,,,,,,,,,-0.029463,-0.003050,1.016199,0.630000,0.210000,-0.350000
43669,,,,,,,,,,,,,-0.000980,-0.000018,-0.057705,-0.061493,,,,,,,,,,,,
43671,,,,,,,,,,,,,,,,,,,,0.018204,0.888564,0.152335,,,,,,
43678,,,,,,,,,,,,,,,,,,,,,,,-0.029463,-0.003050,1.016199,0.700000,0.210000,-0.350000
43679,,,,,,,,,,,,,-0.000825,-0.000015,-0.057720,-0.061478,,,,,,,,,,,,
43681,,,,,,,,,,,,,,,,,,,,0.018200,0.888569,0.152332,,,,,,
43688,,,,,,,,,,,,,,,,,,,,,,,-0.029158,-0.002318,1.017053,0.700000,0.280000,-0.350000
43689,,,,,,,,,,,,,-0.000694,-0.000012,-0.057734,-0.061463,,,,,,,,,,,,
43691,,,,,,,,,,,,,,,,,,,,0.018208,0.888558,0.152335,,,,,,
43699,,,,,,,,,,,,,-0.000584,-0.000010,-0.057748,-0.061448,,,,,,,,,,,,
43702,,,,,,,,,,,,,,,,,,,,,,,-0.029158,-0.002318,1.017053,0.700000,0.210000,-0.280000
43701,,,,,,,,,,,,,,,,,,,,0.018217,0.888549,0.152332,,,,,,
43708,,,,,,,,,,,,,,,,,,,,,,,-0.029707,-0.002074,1.015955,0.560000,0.210000,-0.280000
43709,,,,,,,,,,,,,-0.000491,-0.000009,-0.057762,-0.061434,,,,,,,,,,,,
43711,,,,0.000603,1.000601,0.783765,0.004424,-0.000271,,,0.019280,0.198614,,,,,-0.000406,0.113426,0.631433,0.018208,0.888554,0.152335,,,,,,
43718,,,,,,,,,,,,,,,,,,,,,,,-0.029707,-0.002074,1.015955,0.630000,0.210000,-0.350000
43719,,,,,,,,,,,,,-0.000413,-0.000007,-0.056915,-0.060148,,,,,,,,,,,,
43721,,,,,,,,,,,,,,,,,,,,0.018218,0.888555,0.152332,,,,,,
43728,,,,,,,,,,,,,,,,,,,,,,,-0.029585,-0.002623,1.017175,0.700000,0.210000,-0.350000
43729,,,,,,,,,,,,,-0.000348,-0.000006,-0.056912,-0.060108,,,,,,,,,,,,
43731,,,,,,,,,,,,,,,,,,,,0.018208,0.888561,0.152332,,,,,,
43738,,,,,,,,,,,,,,,,,,,,,,,-0.029585,-0.002623,1.017175,0.700000,0.210000,-0.280000
43739,,,,,,,,,,,,,-0.000293,-0.000005,-0.056909,-0.060068,,,,,,,,,,,,
43741,,,,,,,,,,,,,,,,,,,,0.018205,0.888565,0.152335,,,,,,
43749,,,,,,,,,,,,,-0.000246,-0.000004,-0.056905,-0.060029,,,,,,,-0.029463,-0.002013,1.016199,0.700000,0.210000,-0.280000
43751,,,,,,,,,,,,,,,,,,,,0.018202,0.888557,0.152335,,,,,,
43759,,,,,,,,,,,,,-0.000207,-0.000004,-0.056902,-0.059989,,,,,,,,,,,,
43761,,,,0.000820,1.000818,0.783734,0.005540,-0.000480,,,0.126219,0.350073,,,,,,,,0.018194,0.888560,0.152335,,,,,,
43762,,,,,,,,,,,,,,,,,-0.000147,0.113600,0.631400,,,,,,,,,
43764,,,,,,,,,,,,,,,,,,,,,,,-0.029463,-0.002379,1.016382,0.630000,0.210000,-0.350000
43769,,,,,,,,,,,,,-0.000174,-0.000003,-0.055807,-0.058404,,,,,,,-0.030012,-0.002379,1.016382,0.630000,0.210000,-0.350000
43771,,,,,,,,,,,,,,,,,,,,0.018206,0.888560,0.152335,,,,,,
43778,,,,,,,,,,,,,,,,,,,,,,,-0.030012,-0.002379,1.016382,0.630000,0.210000,-0.420000
43779,,,,,,,,,,,,,-0.000147,-0.000003,-0.055782,-0.058334,,,,,,,,,,,,
43781,,,,,,,,,,,,,,,,,,,,0.018201,0.888567,0.152332,,,,,,
43788,,,,,,,,,,,,,,,,,,,,,,,-0.028731,-0.002074,1.016687,0.700000,0.210000,-0.280000
43789,,,,,,,,,,,,,-0.000123,-0.000002,-0.055757,-0.058264,,,,,,,,,,,,
43791,,,,,,,,,,,,,,,,,,,,0.018198,0.888561,0.152332,,,,,,
43799,,,,,,,,,,,,,-0.000104,-0.000002,-0.055732,-0.058194,,,,,,,,,,,,
43802,,,,,,,,,,,,,,,,,,,,,,,-0.029463,-0.002013,1.016870,0.630000,0.210000,-0.280000
43801,,,,,,,,,,,,,,,,,,,,0.018212,0.888568,0.152335,,,,,,
43808,,,,,,,,,,,,,,,,,,,,,,,-0.029463,-0.002013,1.016870,0.700000,0.210000,-0.280000
43809,,,,,,,,,,,,,-0.000087,-0.000002,-0.055707,-0.058124,,,,,,,,,,,,
43811,,,,0.001083,1.001080,0.783683,0.006768,-0.000797,,,,,,,,,,,,0.018199,0.888565,0.152335,,,,,,
43812,,,,,,,,,,,0.245650,0.518042,,,,,0.000144,0.113809,0.631349,,,,,,,,,
43818,,,,,,,,,,,,,,,,,,,,,,,-0.029463,-0.002013,1.016199,0.630000,0.210000,-0.350000
43819,,,,,,,,,,,,,-0.000074,-0.000001,-0.054464,-0.056341,,,,,,,,,,,,
43822,,,,,,,,,,,,,,,,,,,,0.018203,0.888549,0.152332,,,,,,
43828,,,,,,,,,,,,,,,,,,,,,,,-0.028914,-0.001830,1.016199,0.700000,0.210000,-0.280000
43829,,,,,,,,,,,,,-0.000062,-0.000001,-0.054415,-0.056237,,,,,,,,,,,,
43831,,,,,,,,,,,,,,,,,,,,0.018200,0.888556,0.152335,,,,,,
43838,,,,,,,,,,,,,,,,,,,,,,,-0.028914,-0.002928,1.015650,0.630000,0.210000,-0.280000
43839,,,,,,,,,,,,,-0.000052,-0.000001,-0.054366,-0.056134,,,,,,,,,,,,
43841,,,,,,,,,,,,,,,,,,,,0.018195,0.888563,0.152335,,,,,,
43848,,,,,,,,,,,,,,,,,,,,,,,-0.028182,-0.002928,1.015650,0.630000,0.210000,-0.350000
43849,,,,,,,,,,,,,-0.000044,-0.000001,-0.054317,-0.056030,,,,,,,,,,,,
43851,,,,,,,,,,,,,,,,,,,,0.018200,0.888555,0.152332,,,,,,
43859,,,,,,,,,,,,,-0.000037,-0.000001,-0.054268,-0.055927,,,,,,,,,,,,
43861,,,,0.001395,1.001391,0.783605,0.008103,-0.001258,,,0.390279,0.714840,,,,,,,,0.018197,0.888557,0.152335,,,,,,
43862,,,,,,,,,,,,,,,,,0.000511,0.114078,0.631273,,,,,,,,,
43864,,,,,,,,,,,,,,,,,,,,,,,-0.029097,-0.001952,1.016992,0.630000,0.140000,-0.280000
43869,,,,,,,,,,,,,-0.000031,-0.000001,-0.052743,-0.053816,,,,,,,-0.029097,-0.001952,1.016992,0.700000,0.210000,-0.350000
43871,,,,,,,,,,,,,,,,,,,,0.018207,0.888562,0.152332,,,,,,
43878,,,,,,,,,,,,,,,,,,,,,,,-0.029646,-0.002074,1.017541,0.700000,0.210000,-0.280000
43879,,,,,,,,,,,,,-0.000026,-0.000000,-0.052665,-0.053673,,,,,,,,,,,,
43881,,,,,,,,,,,,,,,,,,,,0.018199,0.888556,0.152332,,,,,,
43888,,,,,,,,,,,,,,,,,,,,,,,-0.029646,-0.002074,1.017541,0.700000,0.140000,-0.350000
43889,,,,,,,,,,,,,-0.000022,-0.000000,-0.052587,-0.053530,,,,,,,,,,,,
43891,,,,,,,,,,,,,,,,,,,,0.018205,0.888561,0.152332,,,,,,
43898,,,,,,,,,,,,,,,,,,,,,,,-0.029158,-0.002623,1.017297,0.700000,0.210000,-0.350000
43899,,,,,,,,,,,,,-0.000018,-0.000000,-0.052509,-0.053387,,,,,,,,,,,,
43901,,,,,,,,,,,,,,,,,,,,0.018198,0.888561,0.152332,,,,,,
43908,,,,,,,,,,,,,,,,,,,,,,,-0.029158,-0.002623,1.017297,0.700000,0.210000,-0.350000
43909,,,,,,,,,,,,,-0.000016,-0.000000,-0.052431,-0.053244,,,,,,,,,,,,
43911,,,,0.001760,1.001754,0.783489,0.009540,-0.001907,,,0.552444,0.932356,,,,,0.000928,0.114377,0.631157,0.018207,0.888565,0.152332,,,,,,
43919,,,,,,,,,,,,,-0.000013,-0.000000,-0.050699,-0.050882,,,,,,,,,,,,
43923,,,,,,,,,,,,,,,,,,,,,,,-0.029890,-0.002928,1.016504,0.630000,0.210000,-0.280000
43921,,,,,,,,,,,,,,,,,,,,0.018197,0.888565,0.152335,,,,,,
43928,,,,,,,,,,,,,,,,,,,,,,,-0.029890,-0.002928,1.016504,0.700000,0.210000,-0.350000
43929,,,,,,,,,,,,,-0.000011,-0.000000,-0.050589,-0.050696,,,,,,,,,,,,
43931,,,,,,,,,,,,,,,,,,,,0.018199,0.888551,0.152332,,,,,,
43938,,,,,,,,,,,,,,,,,,,,,,,-0.029829,-0.003050,1.016077,0.700000,0.210000,-0.350000
43939,,,,,,,,,,,,,-0.000009,-0.000000,-0.050478,-0.050509,,,,,,,,,,,,
43941,,,,,,,,,,,,,,,,,,,,0.018201,0.888559,0.152335,,,,,,
43948,,,,,,,,,,,,,,,,,,,,,,,-0.029829,-0.003050,1.016077,0.700000,0.140000,-0.280000
43949,,,,,,,,,,,,,-0.000008,-0.000000,-0.050368,-0.050323,,,,,,,,,,,,
43951,,,,,,,,,,,,,,,,,,,,0.018201,0.888562,0.152335,,,,,,
43959,,,,,,,,,,,,,-0.000007,-0.000000,-0.050257,-0.050136,,,,,,,,,,,,
43961,,,,0.002181,1.002174,0.783321,0.011076,-0.002789,,,,,,,,,,,,0.018206,0.888565,0.152332,,,,,,
43962,,,,,,,,,,,0.735285,1.173366,,,,,0.001406,0.114728,0.630987,,,,,,,,,
43964,,,,,,,,,,,,,,,,,,,,,,,-0.029402,-0.002989,1.016443,0.630000,0.140000,-0.280000
43969,,,,,,,,,,,,,-0.000006,-0.000000,-0.048282,-0.047492,,,,,,,-0.029402,-0.002989,1.016443,0.560000,0.140000,-0.280000
43971,,,,,,,,,,,,,,,,,,,,0.018203,0.888549,0.152332,,,,,,
43978,,,,,,,,,,,,,,,,,,,,,,,-0.029524,-0.002257,1.016870,0.630000,0.210000,-0.280000
43979,,,,,,,,,,,,,-0.000005,-0.000000,-0.048135,-0.047257,,,,,,,,,,,,
43981,,,,,,,,,,,,,,,,,,,,0.018200,0.888540,0.152332,,,,,,
43988,,,,,,,,,,,,,,,,,,,,,,,-0.029524,-0.002257,1.016870,0.700000,0.210000,-0.350000
43989,,,,,,,,,,,,,-0.000004,-0.000000,-0.047988,-0.047022,,,,,,,,,,,,
43991,,,,,,,,,,,,,,,,,,,,0.018204,0.888551,0.152335,,,,,,
43998,,,,,,,,,,,,,,,,,,,,,,,-0.030195,-0.002623,1.016687,0.630000,0.210000,-0.350000
43999,,,,,,,,,,,,,-0.000003,-0.000000,-0.047841,-0.046787,,,,,,,,,,,,
44001,,,,,,,,,,,,,,,,,,,,0.018203,0.888560,0.152335,,,,,,
44008,,,,,,,,,,,,,,,,,,,,,,,-0.030195,-0.002623,1.016687,0.700000,0.210000,-0.280000
44009,,,,,,,,,,,,,-0.000003,-0.000000,-0.047694,-0.046553,,,,,,,,,,,,
44011,,,,0.002662,1.002652,0.783087,0.012706,-0.003960,,,,,,,,,,,,0.018199,0.888546,0.152332,,,,,,
44012,,,,,,,,,,,0.941204,1.439762,,,,,0.001953,0.115129,0.630753,,,,,,,,,
44019,,,,,,,,,,,,,-0.000002,-0.000000,-0.045446,-0.043601,,,,,,,,,,,,
44023,,,,,,,,,,,,,,,,,,,,,,,-0.029707,-0.002501,1.016992,0.630000,0.210000,-0.350000
44021,,,,,,,,,,,,,,,,,,,,0.018204,0.888555,0.152332,,,,,,
44028,,,,,,,,,,,,,,,,,,,,,,,-0.029707,-0.002501,1.016321,0.630000,0.210000,-0.350000
44029,,,,,,,,,,,,,-0.000002,-0.000000,-0.045258,-0.043313,,,,,,,,,,,,
44031,,,,,,,,,,,,,,,,,,,,0.018212,0.888563,0.152332,,,,,,
44038,,,,,,,,,,,,,,,,,,,,,,,-0.029829,-0.002928,1.016321,0.630000,0.210000,-0.350000
44039,,,,,,,,,,,,,-0.000002,-0.000000,-0.045070,-0.043025,,,,,,,,,,,,
44041,,,,,,,,,,,,,,,,,,,,0.018200,0.888573,0.152335,,,,,,
44048,,,,,,,,,,,,,,,,,,,,,,,-0.029829,-0.001952,1.016870,0.770000,0.210000,-0.350000
44049,,,,,,,,,,,,,-0.000001,-0.000000,-0.044881,-0.042737,,,,,,,,,,,,
44051,,,,,,,,,,,,,,,,,,,,0.018201,0.888561,0.152335,,,,,,
44058,,,,,,,,,,,,,,,,,,,,,,,-0.029646,-0.001952,1.016870,0.700000,0.210000,-0.350000
44059,,,,,,,,,,,,,-0.000001,-0.000000,-0.044693,-0.042449,,,,,,,,,,,,
44061,,,,0.003205,1.003192,0.782766,0.014425,-0.005480,,,1.171406,1.732203,,,,,0.002573,0.115579,0.630432,0.018215,0.888548,0.152332,,,,,,
44068,,,,,,,,,,,,,,,,,,,,,,,-0.029585,-0.003111,1.016016,0.700000,0.210000,-0.350000
44069,,,,,,,,,,,,,-0.000001,-0.000000,-0.042157,-0.039178,,,,,,,,,,,,
44071,,,,,,,,,,,,,,,,,,,,0.018212,0.888539,0.152332,,,,,,
44079,,,,,,,,,,,,,-0.000001,-0.000000,-0.041923,-0.038832,,,,,,,,,,,,
44081,,,,,,,,,,,,,,,,,,,,0.018206,0.888556,0.152335,-0.029585,-0.003111,1.016016,0.630000,0.140000,-0.280000
44088,,,,,,,,,,,,,,,,,,,,,,,-0.029707,-0.002623,1.017053,0.630000,0.140000,-0.350000
44089,,,,,,,,,,,,,-0.000001,-0.000000,-0.041688,-0.038485,,,,,,,,,,,,
44091,,,,,,,,,,,,,,,,,,,,0.018213,0.888555,0.152332,,,,,,
44098,,,,,,,,,,,,,,,,,,,,,,,-0.029707,-0.002623,1.017053,0.700000,0.210000,-0.420000
44099,,,,,,,,,,,,,-0.000001,-0.000000,-0.041454,-0.038139,,,,,,,,,,,,
44101,,,,,,,,,,,,,,,,,,,,0.018213,0.888547,0.152332,,,,,,
44108,,,,,,,,,,,,,,,,,,,,,,,-0.030012,-0.002989,1.016626,0.700000,0.140000,-0.350000
44109,,,,,,,,,,,,,-0.000000,-0.000000,-0.041220,-0.037792,,,,,,,,,,,,
44111,,,,0.003813,1.003797,0.782337,0.016228,-0.007415,,,1.423215,2.047441,,,,,,,,0.018214,0.888559,0.152332,,,,,,
44112,,,,,,,,,,,,,,,,,0.003256,0.116099,0.630005,,,,,,,,,
44119,,,,,,,,,,,,,-0.000000,-0.000000,-0.038417,-0.034231,,,,,,,,,,,,
44123,,,,,,,,,,,,,,,,,,,,,,,-0.030012,-0.002989,1.016626,0.630000,0.140000,-0.350000
44121,,,,,,,,,,,,,,,,,,,,0.018202,0.888551,0.152335,,,,,,
44128,,,,,,,,,,,,,,,,,,,,,,,-0.030439,-0.002867,1.016321,0.700000,0.210000,-0.350000
44129,,,,,,,,,,,,,-0.000000,-0.000000,-0.038132,-0.033821,,,,,,,,,,,,
44131,,,,,,,,,,,,,,,,,,,,0.018203,0.888561,0.152335,,,,,,
44138,,,,,,,,,,,,,,,,,,,,,,,-0.030439,-0.002867,1.016321,0.700000,0.210000,-0.280000
44139,,,,,,,,,,,,,-0.000000,-0.000000,-0.037848,-0.033412,,,,,,,,,,,,
44141,,,,,,,,,,,,,,,,,,,,0.018202,0.888553,0.152332,,,,,,
44149,,,,,,,,,,,,,-0.000000,-0.000000,-0.037563,-0.033002,,,,,,,-0.029402,-0.003172,1.016321,0.700000,0.210000,-0.210000
44151,,,,,,,,,,,,,,,,,,,,0.018207,0.888560,0.152335,,,,,,
44158,,,,,,,,,,,,,,,,,,,,,,,-0.029402,-0.003172,1.016321,0.630000,0.210000,-0.350000
44159,,,,,,,,,,,,,-0.000000,-0.000000,-0.037279,-0.032593,,,,,,,,,,,,
44161,,,,0.004490,1.004470,0.781773,0.018111,-0.009839,,,1.704548,2.392769,,,,,0.004031,0.116650,0.629438,0.018203,0.888547,0.152332,,,,,,
44168,,,,,,,,,,,,,,,,,,,,,,,-0.029341,-0.003416,1.016382,0.700000,0.210000,-0.350000
44169,,,,,,,,,,,,,-0.000000,-0.000000,-0.034124,-0.028661,,,,,,,,,,,,
44171,,,,,,,,,,,,,,,,,,,,0.018203,0.888557,0.152332,,,,,,
44179,,,,,,,,,,,,,-0.000000,-0.000000,-0.033783,-0.028182,,,,,,,,,,,,
44182,,,,,,,,,,,,,,,,,,,,,,,-0.029341,-0.002928,1.016504,0.700000,0.210000,-0.350000
44181,,,,,,,,,,,,,,,,,,,,0.018202,0.888561,0.152332,,,,,,
44188,,,,,,,,,,,,,,,,,,,,,,,-0.029707,-0.002928,1.016504,0.630000,0.210000,-0.420000
44189,,,,,,,,,,,,,-0.000000,-0.000000,-0.033442,-0.027704,,,,,,,,,,,,
44191,,,,,,,,,,,,,,,,,,,,0.018205,0.888549,0.152332,,,,,,
44198,,,,,,,,,,,,,,,,,,,,,,,-0.029707,-0.002928,1.016504,0.630000,0.210000,-0.350000
44199,,,,,,,,,,,,,-0.000000,-0.000000,-0.033102,-0.027225,,,,,,,,,,,,
44201,,,,,,,,,,,,,,,,,,,,0.018209,0.888546,0.152332,,,,,,
44208,,,,,,,,,,,,,,,,,,,,,,,-0.029219,-0.001769,1.016748,0.700000,0.140000,-0.350000
44209,,,,,,,,,,,,,-0.000000,-0.000000,-0.032761,-0.026747,,,,,,,,,,,,
44211,,,,0.005238,1.005212,0.781043,0.020068,-0.012829,,,,,,,,,,,,0.018216,0.888548,0.152332,,,,,,
44212,,,,,,,,,,,2.011709,2.763812,,,,,0.004883,0.117282,0.628711,,,,,,,,,
44218,,,,,,,,,,,,,,,,,,,,,,,-0.029219,-0.001769,1.016748,0.700000,0.210000,-0.350000
44219,,,,,,,,,,,,,-0.000000,-0.000000,-0.029287,-0.022483,,,,,,,,,,,,
44221,,,,,,,,,,,,,,,,,,,,0.018215,0.888543,0.152332,,,,,,
44228,,,,,,,,,,,,,,,,,,,,,,,-0.028914,-0.002562,1.016321,0.630000,0.210000,-0.350000
44229,,,,,,,,,,,,,-0.000000,-0.000000,-0.028884,-0.021931,,,,,,,,,,,,
44231,,,,,,,,,,,,,,,,,,,,0.018208,0.888546,0.152332,,,,,,
44239,,,,,,,,,,,,,-0.000000,-0.000000,-0.028482,-0.021378,,,,,,,,,,,,
44242,,,,,,,,,,,,,,,,,,,,,,,-0.029219,-0.003050,1.017053,0.700000,0.210000,-0.350000
44241,,,,,,,,,,,,,,,,,,,,0.018207,0.888560,0.152332,,,,,,
44248,,,,,,,,,,,,,,,,,,,,,,,-0.029219,-0.003050,1.017053,0.700000,0.210000,-0.350000
44249,,,,,,,,,,,,,-0.000000,-0.000000,-0.028080,-0.020825,,,,,,,,,,,,
44251,,,,,,,,,,,,,,,,,,,,0.018209,0.888550,0.152332,,,,,,
44258,,,,,,,,,,,,,,,,,,,,,,,-0.029219,-0.002867,1.017541,0.560000,0.210000,-0.280000
44259,,,,,,,,,,,,,-0.000000,-0.000000,-0.027677,-0.020272,,,,,,,,,,,,
44261,,,,0.006060,1.006026,0.780113,0.022093,-0.016472,,,2.346342,3.161401,,,,,,,,0.018205,0.888535,0.152332,,,,,,
44262,,,,,,,,,,,,,,,,,0.005818,0.117960,0.627781,,,,,,,,,
44268,,,,,,,,,,,,,,,,,,,,,,,-0.029829,-0.002867,1.017541,0.630000,0.140000,-0.280000
44269,,,,,,,,,,,,,-0.000000,-0.000000,-0.023862,-0.015664,,,,,,,,,,,,
44271,,,,,,,,,,,,,,,,,,,,0.018220,0.888546,0.152332,,,,,,
44279,,,,,,,,,,,,,-0.000000,-0.000000,-0.023392,-0.015032,,,,,,,,,,,,
44282,,,,,,,,,,,,,,,,,,,,,,,-0.030195,-0.003111,1.016443,0.700000,0.140000,-0.420000
44281,,,,,,,,,,,,,,,,,,,,0.018213,0.888543,0.152332,,,,,,
44288,,,,,,,,,,,,,,,,,,,,,,,-0.030195,-0.003111,1.016443,0.630000,0.140000,-0.350000
44289,,,,,,,,,,,,,-0.000000,-0.000000,-0.022923,-0.014400,,,,,,,,,,,,
44292,,,,,,,,,,,,,,,,,,,,0.018210,0.888562,0.152332,,,,,,
44298,,,,,,,,,,,,,,,,,,,,,,,-0.029585,-0.002562,1.016016,0.700000,0.210000,-0.350000
44299,,,,,,,,,,,,,-0.000000,-0.000000,-0.022454,-0.013767,,,,,,,,,,,,
44301,,,,,,,,,,,,,,,,,,,,0.018214,0.888559,0.152332,,,,,,
44308,,,,,,,,,,,,,,,,,,,,,,,-0.029585,-0.002562,1.016016,0.630000,0.140000,-0.350000
44309,,,,,,,,,,,,,-0.000000,-0.000000,-0.021985,-0.013135,,,,,,,,,,,,
44311,,,,0.006958,1.006913,0.778943,0.024180,-0.020861,,,,,,,,,,,,0.018209,0.888560,0.152332,,,,,,
44312,,,,,,,,,,,2.708055,3.584312,,,,,0.006834,0.118692,0.626611,,,,,,,,,
44318,,,,,,,,,,,,,,,,,,,,,,,-0.029524,-0.003111,1.016382,0.630000,0.140000,-0.350000
44319,,,,,,,,,,,,,-0.000000,-0.000000,-0.017826,-0.008189,,,,,,,,,,,,
44321,,,,,,,,,,,,,,,,,,,,0.018206,0.888552,0.152332,,,,,,
44328,,,,,,,,,,,,,,,,,,,,,,,-0.029524,-0.003111,1.016382,0.700000,0.140000,-0.350000
44329,,,,,,,,,,,,,-0.000000,-0.000000,-0.017284,-0.007472,,,,,,,,,,,,
44331,,,,,,,,,,,,,,,,,,,,0.018212,0.888543,0.152332,,,,,,
44339,,,,,,,,,,,,,-0.000000,-0.000000,-0.016743,-0.006755,,,,,,,,,,,,
44342,,,,,,,,,,,,,,,,,,,,,,,-0.029646,-0.002867,1.016809,0.700000,0.210000,-0.420000
44341,,,,,,,,,,,,,,,,,,,,0.018215,0.888545,0.152332,,,,,,
44348,,,,,,,,,,,,,,,,,,,,,,,-0.029646,-0.002867,1.016809,0.700000,0.140000,-0.350000
44349,,,,,,,,,,,,,-0.000000,-0.000000,-0.016201,-0.006039,,,,,,,,,,,,
44351,,,,,,,,,,,,,,,,,,,,0.018211,0.888563,0.152335,,,,,,
44358,,,,,,,,,,,,,,,,,,,,,,,-0.030012,-0.003050,1.016992,0.700000,0.210000,-0.350000
44359,,,,,,,,,,,,,-0.000000,-0.000000,-0.015659,-0.005322,,,,,,,,,,,,
44361,,,,0.007934,1.007875,0.777488,0.026321,-0.026095,,,3.101765,4.036485,,,,,0.007947,0.119490,0.625154,0.018207,0.888570,0.152335,,,,,,
44368,,,,,,,,,,,,,,,,,,,,,,,-0.030012,-0.003050,1.016992,0.700000,0.210000,-0.350000
44369,,,,,,,,,,,,,-0.000000,-0.000000,-0.011102,0.000007,,,,,,,,,,,,
44371,,,,,,,,,,,,,,,,,,,,0.018208,0.888573,0.152332,,,,,,
44378,,,,,,,,,,,,,,,,,,,,,,,-0.028487,-0.002867,1.016931,0.630000,0.210000,-0.350000
44379,,,,,,,,,,,,,-0.000000,-0.000000,-0.010482,0.000815,,,,,,,,,,,,
44381,,,,,,,,,,,,,,,,,,,,0.018210,0.888548,0.152332,,,,,,
44388,,,,,,,,,,,,,,,,,,,,,,,-0.028487,-0.002867,1.016931,0.630000,0.140000,-0.350000
44389,,,,,,,,,,,,,-0.000000,-0.000000,-0.009861,0.001622,,,,,,,,,,,,
44391,,,,,,,,,,,,,,,,,,,,0.018217,0.888542,0.152332,,,,,,
44399,,,,,,,,,,,,,-0.000000,-0.000000,-0.009241,0.002429,,,,,,,,,,,,
44402,,,,,,,,,,,,,,,,,,,,,,,-0.029951,-0.002501,1.016321,0.700000,0.210000,-0.350000
44401,,,,,,,,,,,,,,,,,,,,0.018216,0.888555,0.152332,,,,,,
44408,,,,,,,,,,,,,,,,,,,,,,,-0.029951,-0.002501,1.016321,0.700000,0.140000,-0.350000
44409,,,,,,,,,,,,,-0.000000,-0.000000,-0.008621,0.003237,,,,,,,,,,,,
44411,,,,0.008990,1.008913,0.775697,0.028511,-0.032285,,,3.524011,4.513528,,,,,0.009145,0.120363,0.623365,0.018208,0.888568,0.152335,,,,,,
44418,,,,,,,,,,,,,,,,,,,,,,,-0.030073,-0.003050,1.016748,0.630000,0.210000,-0.350000
44419,,,,,,,,,,,,,-0.000000,-0.000000,-0.003693,0.008910,,,,,,,,,,,,
44421,,,,,,,,,,,,,,,,,,,,0.018211,0.888551,0.152332,,,,,,
44428,,,,,,,,,,,,,,,,,,,,,,,-0.030073,-0.003050,1.016748,0.700000,0.140000,-0.350000
44429,,,,,,,,,,,,,-0.000000,-0.000000,-0.002989,0.009812,,,,,,,,,,,,
44431,,,,,,,,,,,,,,,,,,,,0.018217,0.888544,0.152332,,,,,,
44438,,,,,,,,,,,,,,,,,,,,,,,-0.029768,-0.002135,1.016626,0.630000,0.210000,-0.420000
44439,,,,,,,,,,,,,-0.000000,-0.000000,-0.002284,0.010715,,,,,,,,,,,,
44441,,,,,,,,,,,,,,,,,,,,0.018218,0.888554,0.152332,,,,,,
44448,,,,,,,,,,,,,,,,,,,,,,,-0.029768,-0.002135,1.016687,0.630000,0.210000,-0.280000
44449,,,,,,,,,,,,,-0.000000,-0.000000,-0.001579,0.011618,,,,,,,,,,,,
44451,,,,,,,,,,,,,,,,,,,,0.018215,0.888563,0.152332,,,,,,
44459,,,,,,,,,,,,,-0.000000,-0.000000,-0.000874,0.012521,,,,,,,,,,,,
44461,,,,0.010129,1.010028,0.773513,0.030739,-0.039548,,,,,,,,,,,,0.018215,0.888552,0.152332,,,,,,
44462,,,,,,,,,,,3.978697,5.018046,,,,,0.010439,0.121286,0.621181,,,,,,,,,
44463,,,,,,,,,,,,,,,,,,,,,,,-0.029280,-0.002440,1.016687,0.700000,0.210000,-0.350000
44468,,,,,,,,,,,,,,,,,,,,,,,-0.029280,-0.002440,1.016382,0.630000,0.210000,-0.280000
44469,,,,,,,,,,,,,-0.000000,-0.000000,0.004468,0.018569,,,,,,,,,,,,
44471,,,,,,,,,,,,,,,,,,,,0.018217,0.888561,0.152335,,,,,,
44478,,,,,,,,,,,,,,,,,,,,,,,-0.029097,-0.002135,1.016382,0.700000,0.210000,-0.350000
44479,,,,,,,,,,,,,-0.000000,-0.000000,0.005264,0.019573,,,,,,,,,,,,
44481,,,,,,,,,,,,,,,,,,,,0.018213,0.888554,0.152332,,,,,,
44488,,,,,,,,,,,,,,,,,,,,,,,-0.029890,-0.002318,1.016870,0.630000,0.140000,-0.420000
44489,,,,,,,,,,,,,-0.000000,-0.000000,0.006060,0.020577,,,,,,,,,,,,
44491,,,,,,,,,,,,,,,,,,,,0.018220,0.888566,0.152332,,,,,,
44499,,,,,,,,,,,,,-0.000000,-0.000000,0.006856,0.021580,,,,,,,,,,,,
44501,,,,,,,,,,,,,,,,,,,,0.018217,0.888554,0.152332,-0.029890,-0.002318,1.016870,0.630000,0.140000,-0.280000
44508,,,,,,,,,,,,,,,,,,,,,,,-0.030317,-0.002867,1.016565,0.630000,0.140000,-0.280000
44509,,,,,,,,,,,,,-0.000000,-0.000000,0.007651,0.022584,,,,,,,,,,,,
44511,,,,0.011352,1.011219,0.770873,0.032997,-0.048015,,,4.465285,5.548276,,,,,,,,0.018217,0.888549,0.152332,,,,,,
44512,,,,,,,,,,,,,,,,,0.011828,0.122285,0.618541,,,,,,,,,
44518,,,,,,,,,,,,,,,,,,,,,,,-0.030317,-0.002867,1.016565,0.700000,0.140000,-0.350000
44519,,,,,,,,,,,,,-0.000000,-0.000000,0.013410,0.028996,,,,,,,,,,,,
44521,,,,,,,,,,,,,,,,,,,,0.018220,0.888544,0.152332,,,,,,
44528,,,,,,,,,,,,,,,,,,,,,,,-0.029524,-0.002257,1.016443,0.700000,0.140000,-0.280000
44529,,,,,,,,,,,,,-0.000000,-0.000000,0.014303,0.030105,,,,,,,,,,,,
44531,,,,,,,,,,,,,,,,,,,,0.018227,0.888552,0.152332,,,,,,
44538,,,,,,,,,,,,,,,,,,,,,,,-0.029524,-0.002257,1.016443,0.630000,0.210000,-0.420000
44539,,,,,,,,,,,,,-0.000000,-0.000000,0.015196,0.031215,,,,,,,,,,,,
44541,,,,,,,,,,,,,,,,,,,,0.018218,0.888547,0.152332,,,,,,
44548,,,,,,,,,,,,,,,,,,,,,,,-0.029402,-0.001952,1.015589,0.630000,0.140000,-0.350000
44549,,,,,,,,,,,,,-0.000000,-0.000000,0.016090,0.032325,,,,,,,,,,,,
44551,,,,,,,,,,,,,,,,,,,,0.018217,0.888544,0.152332,,,,,,
44559,,,,,,,,,,,,,-0.000000,-0.000000,0.016983,0.033434,,,,,,,,,,,,
44561,,,,0.012660,1.012485,0.767705,0.035275,-0.057831,,,,,,,,,,,,0.018221,0.888547,0.152332,,,,,,
44562,,,,,,,,,,,4.985478,6.104449,,,,,0.013315,0.123348,0.615373,,,,,,,,,
44563,,,,,,,,,,,,,,,,,,,,,,,-0.029402,-0.001952,1.015589,0.630000,0.210000,-0.420000
44568,,,,,,,,,,,,,,,,,,,,,,,-0.030134,-0.002806,1.016565,0.700000,0.210000,-0.350000
44569,,,,,,,,,,,,,-0.000000,-0.000000,0.023182,0.040217,,,,,,,,,,,,
44571,,,,,,,,,,,,,,,,,,,,0.018215,0.888550,0.152332,,,,,,
44578,,,,,,,,,,,,,,,,,,,,,,,-0.030134,-0.002806,1.016565,0.700000,0.140000,-0.350000
44579,,,,,,,,,,,,,-0.000000,0.547500,0.024179,0.035853,,,,,,,,,,,,
44581,,,,,,,,,,,,,,,,,,,,0.018216,0.888561,0.152335,,,,,,
44588,,,,,,,,,,,,,,,,,,,,,,,-0.029097,-0.003355,1.016931,0.700000,-0.140000,-0.560000
44589,,,,,,,,,,,,,-0.000000,0.460666,0.025176,0.037850,,,,,,,,,,,,
44591,,,,,,,,,,,,,,,,,,,,0.018211,0.888551,0.152332,,,,,,
44598,,,,,,,,,,,,,,,,,,,,,,,-0.029097,-0.003355,1.016931,0.700000,0.210000,-0.770000
44599,,,,,,,,,,,,,-0.000000,0.387604,0.026173,0.039724,,,,,,,,,,,,
44602,,,,,,,,,,,,,,,,,,,,0.018216,0.888549,0.152332,,,,,,
44608,,,,,,,,,,,,,,,,,,,,,,,-0.028243,-0.004026,1.016321,0.700000,0.210000,-0.700000
44609,,,,,,,,,,,,,-0.000000,0.326130,0.027170,0.041495,,,,,,,,,,,,
44611,,,,0.014055,1.013827,0.763929,0.037562,-0.069155,,,5.539191,6.684842,,,,,0.014898,0.124459,0.611597,0.018230,0.888554,0.152332,,,,,,
44619,,,,,,,,,,,,,-0.000000,0.274406,0.033815,0.049098,,,,,,,,,,,,
44623,,,,,,,,,,,,,,,,,,,,,,,-0.029463,-0.003111,1.016870,0.630000,0.210000,-0.490000
44621,,,,,,,,,,,,,,,,,,,,0.018231,0.888551,0.152332,,,,,,
44628,,,,,,,,,,,,,,,,,,,,,,,-0.029463,-0.003111,1.016870,0.560000,0.210000,-0.560000
44629,,,,,,,,,,,,,-0.000000,0.230885,0.034923,0.050824,,,,,,,,,,,,
44631,,,,,,,,,,,,,,,,,,,,0.018224,0.888545,0.152332,,,,,,
44638,,,,,,,,,,,,,,,,,,,,,,,-0.029463,-0.003111,1.016870,0.630000,0.000000,-0.700000
44639,,,,,,,,,,,,,-0.000000,0.194267,0.036031,0.052488,,,,,,,,,,,,
44641,,,,,,,,,,,,,,,,,,,,0.018220,0.888546,0.152332,,,,,,
44648,,,,,,,,,,,,,,,,,,,,,,,-0.029219,-0.002684,1.016626,0.630000,0.210000,-0.280000
44649,,,,,,,,,,,,,-0.000000,0.163456,0.037138,0.054101,,,,,,,,,,,,
44651,,,,,,,,,,,,,,,,,,,,0.018217,0.888550,0.152332,,,,,,
44659,,,,,,,,,,,,,-0.000000,0.137532,0.038246,0.055669,,,,,,,,,,,,
44661,,,,0.015537,1.015241,0.759456,0.039846,-0.082171,,,6.126572,7.287762,,,,,,,,,,,,,,,,
44662,,,,,,,,,,,,,,,,,0.016575,0.125631,0.607124,0.018226,0.888554,0.152332,,,,,,
44664,,,,,,,,,,,,,,,,,,,,,,,-0.029829,-0.002623,1.016992,0.630000,0.280000,-0.280000
44669,,,,,,,,,,,,,-0.000000,0.115719,0.045345,0.063351,,,,,,,-0.029829,-0.002623,1.016992,0.630000,0.140000,-0.350000
44671,,,,,,,,,,,,,,,,,,,,0.018225,0.888551,0.152332,,,,,,
44678,,,,,,,,,,,,,,,,,,,,,,,-0.029829,-0.002623,1.016260,0.630000,0.140000,-0.350000
44679,,,,,,,,,,,,,-0.000000,0.097366,0.046571,0.064973,,,,,,,,,,,,
44681,,,,,,,,,,,,,,,,,,,,0.018223,0.888568,0.152335,,,,,,
44688,,,,,,,,,,,,,,,,,,,,,,,-0.030622,-0.002623,1.016260,0.560000,0.140000,-0.210000
44689,,,,,,,,,,,,,-0.000000,0.081924,0.047796,0.066568,,,,,,,,,,,,
44691,,,,,,,,,,,,,,,,,,,,0.018223,0.888557,0.152332,,,,,,
44698,,,,,,,,,,,,,,,,,,,,,,,-0.023424,-0.002135,1.017480,0.630000,-0.910000,1.680000
44699,,,,,,,,,,,,,0.546072,0.068931,0.043451,0.068142,,,,,,,,,,,,
44701,,,,,,,,,,,,,,,,,,,,0.018223,0.888546,0.152332,,,,,,
44708,,,,,,,,,,,,,,,,,,,,,,,-0.023424,-0.002135,1.017480,0.560000,-0.630000,3.150000
44709,,,,,,,,,,,,,0.459465,0.057998,0.045451,0.069697,,,,,,,,,,,,
44711,,,,0.017109,1.016725,0.754185,0.042115,-0.097083,,,,,,,,,,,,0.018255,0.888553,0.152332,,,,,,
44712,,,,,,,,,,,6.610693,7.780355,,,,,0.017884,0.126914,0.604605,,,,,,,,,
44719,,,,,,,,,,,,,0.932557,0.048800,0.046697,0.076262,,,,,,,,,,,,
44723,,,,,,,,,,,,,,,,,,,,,,,-0.019520,-0.005307,1.014003,0.630000,-0.070000,-0.980000
44721,,,,,,,,,,,,,,,,,,,,0.018279,0.888561,0.152332,,,,,,
44729,,,,,,,,,,,,,0.784653,0.041060,0.049341,0.077887,,,,,,,-0.019520,-0.005307,1.014003,0.840000,1.050000,-5.810000
44731,,,,,,,,,,,,,,,,,,,,0.018387,0.888574,0.149556,,,,,,
44738,,,,,,,,,,,,,,,,,,,,,,,-0.015799,-0.002196,1.015101,0.630000,1.540000,-2.800000
44739,,,,,,,,,,,,,0.660207,0.586767,0.051776,0.073869,,,,,,,,,,,,
44741,,,,,,,,,,,,,,,,,,,,0.018457,0.888592,0.149554,,,,,,
44748,,,,,,,,,,,,,,,,,,,,,,,-0.015799,-0.002196,1.015101,0.560000,2.940000,0.140000
44749,,,,,,,,,,,,,0.555498,0.493706,0.054034,0.076256,,,,,,,,,,,,
44751,,,,,,,,,,,,,,,,,,,,0.018523,0.888609,0.149554,,,,,,
44758,,,,,,,,,,,,,,,,,,,,,,,-0.049898,-0.004880,1.017724,0.770000,0.280000,0.490000
44759,,,,,,,,,,,,,0.467396,0.415404,0.056143,0.078512,,,,,,,,,,,,
44761,,,,0.018770,1.018276,0.748003,0.044352,-0.114131,,,7.218968,8.375739,,,,,0.019581,0.128185,0.598447,,,,,,,,,
44762,,,,,,,,,,,,,,,,,,,,0.018544,0.888611,0.149554,,,,,,
44768,,,,,,,,,,,,,,,,,,,,,,,-0.049898,-0.004880,1.017724,0.560000,-1.190000,0.210000
44769,,,,,,,,,,,,,0.393267,0.349521,0.064333,0.086730,,,,,,,,,,,,
44771,,,,,,,,,,,,,,,,,,,,0.018535,0.888589,0.149553,,,,,,
44779,,,,,,,,,,,,,0.330895,0.294087,0.066334,0.088901,,,,,,,,,,,,
44781,,,,,,,,,,,,,,,,,,,,0.018508,0.888596,0.149554,-0.045567,-0.001037,1.018944,0.700000,-2.240000,-0.280000
44788,,,,,,,,,,,,,,,,,,,,,,,-0.045567,-0.001037,1.018944,0.700000,-1.680000,-0.490000
44789,,,,,,,,,,,,,0.278415,0.247445,0.068247,0.090993,,,,,,,,,,,,
44791,,,,,,,,,,,,,,,,,,,,0.018476,0.888585,0.149554,,,,,,
44798,,,,,,,,,,,,,,,,,,,,,,,-0.020130,-0.004331,1.015589,0.630000,0.420000,-0.910000
44799,,,,,,,,,,,,,0.234258,0.208200,0.070085,0.093019,,,,,,,,,,,,
44801,,,,,,,,,,,,,,,,,,,,0.018485,0.888608,0.149554,,,,,,
44808,,,,,,,,,,,,,,,,,,,,,,,-0.020130,-0.004331,1.015589,0.700000,0.700000,-1.540000
44809,,,,,,,,,,,,,0.197105,0.175179,0.071861,0.094989,,,,,,,,,,,,
44811,,,,0.020521,1.019890,0.740781,0.046545,-0.133590,,,,,,,,,,,,0.018506,0.888601,0.149554,,,,,,
44812,,,,,,,,,,,7.919749,9.045388,,,,,0.021573,0.129514,0.591227,,,,,,,,,
44819,,,,,,,,,,,,,0.165844,0.147396,0.080733,0.103743,,,,,,,,,,,,
44821,,,,,,,,,,,,,,,,,,,,0.018551,0.888608,0.149554,,,,,,
44824,,,,,,,,,,,,,,,,,,,,,,,-0.016958,-0.003721,1.017480,0.700000,1.330000,-0.560000
44829,,,,,,,,,,,,,0.139541,0.124019,0.082552,0.105761,,,,,,,-0.016958,-0.003721,1.017480,0.630000,0.630000,0.210000
44831,,,,,,,,,,,,,,,,,,,,0.018592,0.888618,0.149554,,,,,,
44838,,,,,,,,,,,,,,,,,,,,,,,-0.024644,-0.001159,1.018151,0.700000,-3.080000,0.210000
44839,,,,,,,,,,,,,0.117410,0.104349,0.084333,0.107746,,,,,,,,,,,,
44841,,,,,,,,,,,,,,,,,,,,0.018612,0.888614,0.149554,,,,,,
44848,,,,,,,,,,,,,,,,,,,,,,,-0.024644,-0.001159,1.018151,0.840000,-6.090000,-0.980000
44849,,,,,,,,,,,,,0.646729,0.087800,0.080495,0.109703,,,,,,,,,,,,
44851,,,,,,,,,,,,,,,,,,,,0.018675,0.888620,0.149556,,,,,,
44858,,,,,,,,,,,,,,,,,,,,,,,0.028609,-0.005612,1.020347,0.700000,-6.160000,3.710000
44859,,,,,,,,,,,,,0.544158,0.622367,0.082996,0.106042,,,,,,,,,,,,
44861,,,,0.022362,1.021559,0.732373,0.048676,-0.155784,,,8.681253,9.747251,,,,,,,,0.018809,0.888640,0.152335,,,,,,
44862,,,,,,,,,,,,,,,,,0.023714,0.130838,0.580061,,,,,,,,,
44868,,,,,,,,,,,,,,,,,,,,,,,0.028609,-0.005612,1.020347,-0.210000,3.150000,10.360000
44869,,,,,,,,,,,,,0.457854,1.071269,0.093118,0.110307,,,,,,,,,,,,
44871,,,,,,,,,,,,,,,,,,,,0.019082,0.888688,0.152332,,,,,,
44879,,,,,,,,,,,,,0.931256,1.447383,0.089934,0.108206,,,,,,,,,,,,
44882,,,,,,,,,,,,,,,,,,,,,,,0.056181,-0.000122,1.012356,-0.210000,6.230000,20.860001
44881,,,,,,,,,,,,,,,,,,,,0.019489,0.888702,0.157907,,,,,,
44888,,,,,,,,,,,,,,,,,,,,,,,0.056181,-0.000122,1.018395,-0.420000,4.270000,21.559999
44889,,,,,,,,,,,,,0.783559,1.767317,0.092991,0.106603,,,,,,,,,,,,
44891,,,,,,,,,,,,,,,,,,,,0.019928,0.888741,0.163460,,,,,,
44899,,,,,,,,,,,,,1.206346,2.034080,0.090258,0.105478,,,,,,,0.026413,0.000915,1.018395,-0.770000,1.330000,21.209999
44901,,,,,,,,,,,,,,,,,,,,0.020296,0.888822,0.166217,,,,,,
44908,,,,,,,,,,,,,,,,,,,,,,,0.013542,-0.006405,1.033950,-0.560000,-8.540000,25.549999
44909,,,,,,,,,,,,,1.015019,2.258260,0.093704,0.104733,,,,,,,,,,,,
44911,,,,0.024293,1.023279,0.722612,0.050728,-0.181093,,,,,,,,,,,,0.020685,0.888901,0.168995,,,,,,
44912,,,,,,,,,,,9.728315,10.666426,,,,,0.026659,0.131818,0.552037,,,,,,,,,
44918,,,,,,,,,,,,,,,,,,,,,,,0.013542,-0.006405,1.033950,-0.490000,-0.980000,33.880001
44919,,,,,,,,,,,,,1.401097,2.994219,0.101980,0.108100,,,,,,,,,,,,
44921,,,,,,,,,,,,,,,,,,,,0.021237,0.888961,0.177310,,,,,,
44928,,,,,,,,,,,,,,,,,,,,,,,0.031171,0.002135,1.001193,-0.140000,4.060000,25.270000
44929,,,,,,,,,,,,,1.726327,3.066780,0.100328,0.108894,,,,,,,,,,,,
44931,,,,,,,,,,,,,,,,,,,,0.021903,0.889053,0.180105,,,,,,
44939,,,,,,,,,,,,,1.452531,3.676821,0.104721,0.104192,,,,,,,,,,,,
44941,,,,,,,,,,,,,,,,,,,,0.022606,0.889192,0.182885,0.031171,0.002135,1.001193,-0.910000,-2.590000,23.520000
44948,,,,,,,,,,,,,,,,,,,,,,,0.049837,-0.006039,1.032303,0.770000,-2.870000,24.150000
44949,,,,,,,,,,,,,2.323025,4.194542,0.097497,0.100309,,,,,,,,,,,,
44951,,,,,,,,,,,,,,,,,,,,0.023261,0.889310,0.185691,,,,,,
44958,,,,,,,,,,,,,,,,,,,,,,,0.049837,-0.006039,1.032303,-0.770000,1.330000,15.820000
44959,,,,,,,,,,,,,2.501653,4.076347,0.097156,0.102809,,,,,,,,,,,,
44961,,,,0.026314,1.025041,0.711307,0.052683,-0.209971,,,,,,,,,,,,,,,,,,,,
44962,,,,,,,,,,,10.299086,11.088054,,,,,0.027902,0.132867,0.526884,0.024135,0.889403,0.191226,,,,,,
44968,,,,,,,,,,,,,,,,,,,,,,,0.037820,0.001830,1.014796,-1.400000,1.890000,16.730000
44969,,,,,,,,,,,,,3.198570,4.523518,0.097315,0.103867,,,,,,,,,,,,
44971,,,,,,,,,,,,,,,,,,,,0.025044,0.889475,0.194006,,,,,,
44979,,,,,,,,,,,,,3.240156,4.903846,0.098311,0.101300,,,,,,,,,,,,
44982,,,,,,,,,,,,,,,,,,,,,,,0.037820,0.001830,1.014796,1.400000,1.960000,7.070000
44981,,,,,,,,,,,,,,,,,,,,0.025886,0.889688,0.194007,,,,,,
44988,,,,,,,,,,,,,,,,,,,,,,,0.033062,-0.005246,1.016077,-0.280000,-2.590000,14.770000
44989,,,,,,,,,,,,,3.819508,5.219336,0.093813,0.099319,,,,,,,,,,,,
44991,,,,,,,,,,,,,,,,,,,,0.026893,0.889874,0.196787,,,,,,
44998,,,,,,,,,,,,,,,,,,,,,,,0.033062,-0.005246,1.016077,-0.490000,5.880000,4.690000
44999,,,,,,,,,,,,,4.310276,5.488091,0.090103,0.097751,,,,,,,,,,,,
45001,,,,,,,,,,,,,,,,,,,,0.027962,0.890096,0.196849,,,,,,
45008,,,,,,,,,,,,,,,,,,,,,,,0.016226,-0.001220,1.013820,-0.770000,1.260000,7.840000
45009,,,,,,,,,,,,,4.173890,5.712129,0.092692,0.096586,,,,,,,,,,,,
45011,,,,0.028423,1.026835,0.698237,0.054524,-0.242959,,,,,,,,,,,,0.029023,0.890402,0.196825,,,,,,
45012,,,,,,,,,,,10.418171,11.020002,,,,,0.027477,0.133948,0.499684,,,,,,,,,
45018,,,,,,,,,,,,,,,,,,,,,,,0.016226,-0.001220,1.013820,-1.680000,2.800000,8.260000
45019,,,,,,,,,,,,,4.602742,5.897016,0.090758,0.095081,,,,,,,,,,,,
45021,,,,,,,,,,,,,,,,,,,,0.030076,0.890523,0.202327,,,,,,
45028,,,,,,,,,,,,,,,,,,,,,,,-0.001647,-0.003538,1.023946,-0.700000,1.120000,1.540000
45029,,,,,,,,,,,,,4.971724,6.060726,0.088157,0.094436,,,,,,,,,,,,
45031,,,,,,,,,,,,,,,,,,,,0.031287,0.890729,0.199570,,,,,,
45039,,,,,,,,,,,,,5.825377,6.194273,0.080539,0.094066,,,,,,,,,,,,
45042,,,,,,,,,,,,,,,,,,,,,,,-0.001647,-0.006222,1.009733,-0.630000,3.640000,-8.470000
45041,,,,,,,,,,,,,,,,,,,,0.032397,0.890921,0.199539,,,,,,
45048,,,,,,,,,,,,,,,,,,,,,,,-0.003233,-0.006222,1.009733,-1.260000,0.280000,5.530000
45049,,,,,,,,,,,,,5.993287,6.303677,0.079745,0.093915,,,,,,,,,,,,
45051,,,,,,,,,,,,,,,,,,,,0.033677,0.891189,0.199570,,,,,,
45058,,,,,,,,,,,,,,,,,,,,,,,-0.003233,-0.006222,1.009733,0.070000,7.840000,-2.380000
45059,,,,,,,,,,,,,6.136101,6.943938,0.079173,0.088328,,,,,,,,,,,,
45061,,,,0.030620,1.028652,0.683144,0.056230,-0.280706,,,,,,,,,,,,0.034844,0.891404,0.202321,,,,,,
45062,,,,,,,,,,,9.730900,10.145228,,,,,0.024273,0.135337,0.483660,,,,,,,,,
45068,,,,,,,,,,,,,,,,,,,,,,,-0.007869,-0.008357,1.003389,-0.280000,-0.350000,10.640000
45069,,,,,,,,,,,,,6.259900,6.939613,0.071757,0.080264,,,,,,,,,,,,
45071,,,,,,,,,,,,,,,,,,,,0.036185,0.891613,0.202358,,,,,,
45078,,,,,,,,,,,,,,,,,,,,,,,-0.007869,-0.008357,1.003389,1.330000,11.200000,2.730000
45079,,,,,,,,,,,,,6.360320,6.932230,0.071427,0.080981,,,,,,,,,,,,
45081,,,,,,,,,,,,,,,,,,,,0.037422,0.891845,0.205104,,,,,,
45088,,,,,,,,,,,,,,,,,,,,,,,-0.007381,-0.003721,1.017480,0.140000,1.540000,10.150000
45089,,,,,,,,,,,,,6.448225,6.929431,0.071204,0.081652,,,,,,,,,,,,
45091,,,,,,,,,,,,,,,,,,,,0.038719,0.892091,0.205102,,,,,,
45099,,,,,,,,,,,,,6.521748,6.926634,0.071111,0.082324,,,,,,,,,,,,
45102,,,,,,,,,,,,,,,,,,,,,,,-0.035014,-0.003355,1.019554,-1.120000,10.220000,2.730000
45101,,,,,,,,,,,,,,,,,,,,0.039960,0.892373,0.205145,,,,,,
45108,,,,,,,,,,,,,,,,,,,,,,,-0.035014,-0.003355,1.019554,-1.540000,-0.420000,9.800000
45109,,,,,,,,,,,,,7.119885,7.460556,0.065651,0.077521,,,,,,,,,,,,
45111,,,,0.032904,1.030478,0.665730,0.057784,-0.323990,,,,,,,,,,,,0.041252,0.892660,0.207885,,,,,,
45112,,,,,,,,,,,9.176330,9.344107,,,,,0.021425,0.136648,0.461060,,,,,,,,,
45118,,,,,,,,,,,,,,,,,,,,,,,-0.035014,-0.007198,1.025471,-0.630000,3.850000,-1.540000
45119,,,,,,,,,,,,,7.089647,7.376287,0.060826,0.070746,,,,,,,,,,,,
45121,,,,,,,,,,,,,,,,,,,,0.042494,0.892930,0.207887,,,,,,
45128,,,,,,,,,,,,,,,,,,,,,,,-0.048129,-0.007198,1.025471,-0.770000,-0.980000,4.550000
45129,,,,,,,,,,,,,7.061219,7.302398,0.061533,0.071894,,,,,,,,,,,,
45131,,,,,,,,,,,,,,,,,,,,0.043671,0.893183,0.207885,,,,,,
45138,,,,,,,,,,,,,,,,,,,,,,,-0.055388,-0.007320,1.009550,-0.350000,5.600000,6.580000
45139,,,,,,,,,,,,,7.035758,7.238686,0.062216,0.072952,,,,,,,,,,,,
45141,,,,,,,,,,,,,,,,,,,,0.044961,0.893438,0.210669,,,,,,
45148,,,,,,,,,,,,,,,,,,,,,,,-0.055388,-0.007320,1.009550,0.070000,3.990000,6.230000
45149,,,,,,,,,,,,,7.017423,7.736936,0.062831,0.068291,,,,,,,,,,,,
45151,,,,,,,,,,,,,,,,,,,,0.046168,0.893682,0.210670,,,,,,
45159,,,,,,,,,,,,,6.998358,7.056807,0.063457,0.075549,,,,,,,,,,,,
45161,,,,0.035273,1.032301,0.645642,0.059167,-0.373751,,,,,,,,,,,,0.047274,0.893808,0.213453,,,,,,
45162,,,,,,,,,,,8.597705,8.464522,,,,,0.018412,0.137841,0.435475,,,,,,,,,
45163,,,,,,,,,,,,,,,,,,,,,,,-0.051789,-0.005368,1.027240,0.070000,0.560000,8.470000
45168,,,,,,,,,,,,,,,,,,,,,,,-0.051789,-0.005368,1.027240,0.070000,1.470000,8.750000
45169,,,,,,,,,,,,,6.983197,7.579765,0.058145,0.061701,,,,,,,,,,,,
45171,,,,,,,,,,,,,,,,,,,,0.048429,0.894106,0.213453,,,,,,
45178,,,,,,,,,,,,,,,,,,,,,,,-0.072956,-0.010248,1.000034,0.700000,-2.660000,1.050000
45179,,,,,,,,,,,,,6.970881,7.472833,0.058594,0.062969,,,,,,,,,,,,
45182,,,,,,,,,,,,,,,,,,,,0.049512,0.894361,0.213453,,,,,,
45188,,,,,,,,,,,,,,,,,,,,,,,-0.072956,-0.010248,1.000034,-0.350000,6.160000,0.840000
45189,,,,,,,,,,,,,6.413239,7.383521,0.064607,0.064078,,,,,,,,,,,,
45191,,,,,,,,,,,,,,,,,,,,0.050519,0.894566,0.216238,,,,,,
45199,,,,,,,,,,,,,6.490767,6.759828,0.064253,0.070656,,,,,,,,,,,,
45202,,,,,,,,,,,,,,,,,,,,,,,-0.082045,0.001037,1.024007,-1.750000,3.710000,0.000000
45201,,,,,,,,,,,,,,,,,,,,0.051659,0.894824,0.213497,,,,,,
45208,,,,,,,,,,,,,,,,,,,,,,,-0.082045,0.001037,1.024007,-0.980000,11.340000,-1.330000
45209,,,,,,,,,,,,,6.555890,6.782278,0.064010,0.070768,,,,,,,,,,,,
45211,,,,0.037725,1.034105,0.622469,0.060363,-0.431116,,,,,,,,,,,,,,,,,,,,
45212,,,,,,,,,,,8.221560,7.734730,,,,,0.016060,0.139072,0.409252,,,,,,,,,
45210,,,,,,,,,,,,,,,,,,,,0.052725,0.895051,0.213453,,,,,,
45218,,,,,,,,,,,,,,,,,,,,,,,-0.063196,-0.011346,1.003633,-0.560000,1.190000,-12.110000
45219,,,,,,,,,,,,,6.608817,6.799300,0.060042,0.063487,,,,,,,,,,,,
45221,,,,,,,,,,,,,,,,,,,,0.053714,0.895329,0.213412,,,,,,
45228,,,,,,,,,,,,,,,,,,,,,,,-0.063196,-0.011346,1.003633,-1.050000,-0.700000,-5.880000
45229,,,,,,,,,,,,,6.659081,6.819353,0.059852,0.063469,,,,,,,,,,,,
45231,,,,,,,,,,,,,,,,,,,,0.054658,0.895516,0.210669,,,,,,
45238,,,,,,,,,,,,,,,,,,,,,,,-0.062525,-0.005795,1.026874,-0.560000,-2.380000,-7.630000
45239,,,,,,,,,,,,,6.696410,6.831263,0.059784,0.063531,,,,,,,,,,,,
45241,,,,,,,,,,,,,,,,,,,,0.055613,0.895761,0.207887,,,,,,
45249,,,,,,,,,,,,,6.183017,6.296482,0.065325,0.069166,,,,,,,-0.062525,-0.005795,1.026874,0.350000,-8.050000,-8.610000
45251,,,,,,,,,,,,,,,,,,,,0.056399,0.895891,0.207844,,,,,,
45259,,,,,,,,,,,,,6.292566,6.388036,0.064616,0.068520,,,,,,,,,,,,
45261,,,,0.040257,1.035873,0.595723,0.061357,-0.497436,,,,,,,,,,,,0.057332,0.896084,0.205059,,,,,,
45262,,,,,,,,,,,7.571796,6.698216,,,,,0.012757,0.140334,0.389773,,,,,,,,,
45264,,,,,,,,,,,,,,,,,,,,,,,-0.059658,-0.016714,1.020530,0.700000,2.520000,-6.230000
45269,,,,,,,,,,,,,6.388354,5.921787,0.057397,0.062973,,,,,,,-0.059658,-0.016714,1.020530,0.560000,3.710000,-9.100000
45271,,,,,,,,,,,,,,,,,,,,0.058282,0.896341,0.205103,,,,,,
45278,,,,,,,,,,,,,,,,,,,,,,,-0.055876,-0.008113,1.012356,1.260000,-0.070000,-8.470000
45279,,,,,,,,,,,,,6.474581,5.532301,0.056754,0.067101,,,,,,,,,,,,
45281,,,,,,,,,,,,,,,,,,,,0.059086,0.896461,0.205061,,,,,,
45288,,,,,,,,,,,,,,,,,,,,,,,-0.055876,-0.008113,1.012356,1.120000,0.280000,-10.150000
45289,,,,,,,,,,,,,5.994003,5.747460,0.061875,0.065139,,,,,,,,,,,,
45291,,,,,,,,,,,,,,,,,,,,0.059967,0.896637,0.202326,,,,,,
45299,,,,,,,,,,,,,6.142109,5.385290,0.060680,0.069024,,,,,,,-0.067344,-0.013237,1.008147,0.420000,1.680000,2.730000
45301,,,,,,,,,,,,,,,,,,,,0.060783,0.896808,0.202322,,,,,,
45308,,,,,,,,,,,,,,,,,,,,,,,-0.067344,-0.013237,1.008147,0.560000,2.240000,-2.170000
45309,,,,,,,,,,,,,5.715634,5.626512,0.065316,0.066826,,,,,,,,,,,,
45311,,,,0.042867,1.037585,0.564831,0.062139,-0.574311,,,,,,,,,,,,0.061711,0.896960,0.199543,,,,,,
45312,,,,,,,,,,,7.379714,6.025483,,,,,0.010919,0.141504,0.362204,,,,,,,,,
45319,,,,,,,,,,,,,5.900621,5.825634,0.061841,0.058147,,,,,,,,,,,,
45323,,,,,,,,,,,,,,,,,,,,,,,-0.052094,-0.010065,1.008147,0.840000,7.490000,-6.510000
45321,,,,,,,,,,,,,,,,,,,,0.062483,0.897109,0.202229,,,,,,
45329,,,,,,,,,,,,,5.514049,4.901688,0.066080,0.067611,,,,,,,-0.047275,-0.007198,1.022604,0.280000,-5.740000,0.000000
45332,,,,,,,,,,,,,,,,,,,,0.063286,0.897230,0.199493,,,,,,
45338,,,,,,,,,,,,,,,,,,,,,,,-0.047275,-0.007198,1.022604,-0.560000,-0.490000,-2.870000
45339,,,,,,,,,,,,,5.734960,5.219719,0.064200,0.064592,,,,,,,,,,,,
45341,,,,,,,,,,,,,,,,,,,,0.064075,0.897430,0.196760,,,,,,
45348,,,,,,,,,,,,,,,,,,,,,,,-0.060939,-0.011712,1.005219,1.190000,-0.070000,-11.060000
45349,,,,,,,,,,,,,5.372399,5.485881,0.068227,0.062039,,,,,,,,,,,,
45351,,,,,,,,,,,,,,,,,,,,0.064832,0.897576,0.196760,,,,,,
45358,,,,,,,,,,,,,,,,,,,,,,,-0.060939,-0.011712,1.005219,0.560000,-2.240000,-7.700000
45359,,,,,,,,,,,,,5.616327,4.615819,0.066140,0.071021,,,,,,,,,,,,
45361,,,,0.045552,1.039222,0.529120,0.062701,-0.663608,,,7.189338,5.269628,,,,,,,,0.065605,0.897687,0.196760,,,,,,
45362,,,,,,,,,,,,,,,,,0.008976,0.142673,0.331868,,,,,,,,,
45368,,,,,,,,,,,,,,,,,,,,,,,-0.030927,-0.011529,1.027972,0.980000,2.940000,-13.720000
45369,,,,,,,,,,,,,5.271212,4.975019,0.068071,0.059929,,,,,,,,,,,,
45371,,,,,,,,,,,,,,,,,,,,0.066496,0.897864,0.196755,,,,,,
45379,,,,,,,,,,,,,5.531629,4.734197,0.065799,0.062445,,,,,,,,,,,,
45381,,,,,,,,,,,,,,,,,,,,0.067286,0.897983,0.193931,-0.030927,-0.011529,1.027972,1.330000,-4.410000,-5.600000
45388,,,,,,,,,,,,,,,,,,,,,,,-0.035685,-0.009943,1.031022,0.840000,-5.180000,-4.270000
45389,,,,,,,,,,,,,5.751518,3.983352,0.063888,0.070210,,,,,,,,,,,,
45391,,,,,,,,,,,,,,,,,,,,0.067901,0.898127,0.193974,,,,,,
45398,,,,,,,,,,,,,,,,,,,,,,,-0.035685,-0.009943,1.031022,1.610000,0.420000,-10.640000
45399,,,,,,,,,,,,,5.386771,3.899037,0.067896,0.071328,,,,,,,,,,,,
45401,,,,,,,,,,,,,,,,,,,,0.068768,0.898319,0.191194,,,,,,
45408,,,,,,,,,,,,,,,,,,,,,,,-0.078507,-0.011407,0.999912,2.030000,7.840000,-11.410000
45409,,,,,,,,,,,,,5.628088,4.376309,0.065795,0.066734,,,,,,,,,,,,
45411,,,,0.048308,1.040760,0.487805,0.063045,-0.767452,,,,,,,,,,,,0.069578,0.898433,0.188412,,,,,,
45412,,,,,,,,,,,6.926260,4.345991,,,,,0.006651,0.143750,0.298880,,,,,,,,,
45419,,,,,,,,,,,,,5.281819,4.774919,0.066955,0.053425,,,,,,,,,,,,
45423,,,,,,,,,,,,,,,,,,,,,,,-0.078507,-0.011407,1.024739,1.960000,1.820000,-18.549999
45421,,,,,,,,,,,,,,,,,,,,0.070228,0.898546,0.185630,,,,,,
45429,,,,,,,,,,,,,5.536704,4.563907,0.064684,0.055492,,,,,,,-0.077165,-0.013603,1.024739,2.100000,-1.540000,-14.910000
45431,,,,,,,,,,,,,,,,,,,,0.070856,0.898681,0.185588,,,,,,
45438,,,,,,,,,,,,,,,,,,,,,,,-0.077165,-0.013603,1.024739,2.520000,-7.910000,-11.970000
45439,,,,,,,,,,,,,5.209071,4.390559,0.068304,0.057217,,,,,,,,,,,,
45441,,,,,,,,,,,,,,,,,,,,0.071551,0.898805,0.182850,,,,,,
45448,,,,,,,,,,,,,,,,,,,,,,,-0.036295,-0.009150,1.013637,2.100000,-4.200000,-13.440000
45449,,,,,,,,,,,,,5.476481,4.241001,0.065920,0.058733,,,,,,,,,,,,
45451,,,,,,,,,,,,,,,,,,,,0.072322,0.898896,0.180071,,,,,,
45458,,,,,,,,,,,,,,,,,,,,,,,-0.036295,-0.009150,1.013637,1.610000,-0.770000,-10.080000
45459,,,,,,,,,,,,,5.155355,4.115822,0.069485,0.060031,,,,,,,,,,,,
45461,,,,0.051132,1.042174,0.439987,0.063181,-0.888137,,,,,,,,,,,,0.072899,0.898966,0.177330,,,,,,
45462,,,,,,,,,,,6.902154,3.539623,,,,,0.004992,0.144745,0.259173,,,,,,,,,
45468,,,,,,,,,,,,,,,,,,,,,,,-0.047702,-0.009760,1.013149,1.610000,2.660000,-13.370000
45469,,,,,,,,,,,,,4.884665,4.010002,0.072355,0.052931,,,,,,,,,,,,
45471,,,,,,,,,,,,,,,,,,,,0.073553,0.899125,0.174554,,,,,,
45479,,,,,,,,,,,,,5.204186,3.921130,0.069499,0.053744,,,,,,,,,,,,
45482,,,,,,,,,,,,,,,,,,,,,,,-0.059658,-0.009577,1.018944,2.030000,6.090000,-22.889999
45481,,,,,,,,,,,,,,,,,,,,0.074179,0.899231,0.171733,,,,,,
45488,,,,,,,,,,,,,,,,,,,,,,,-0.059658,-0.009577,1.018944,1.610000,-1.610000,-10.220000
45489,,,,,,,,,,,,,4.929346,3.849782,0.072642,0.054395,,,,,,,,,,,,
45491,,,,,,,,,,,,,,,,,,,,0.074870,0.899336,0.168957,,,,,,
45499,,,,,,,,,,,,,5.236746,3.239206,0.069901,0.060561,,,,,,,-0.059658,-0.009577,1.018944,2.310000,-3.220000,-17.570000
45501,,,,,,,,,,,,,,,,,,,,0.075468,0.899409,0.168957,,,,,,
45508,,,,,,,,,,,,,,,,,,,,,,,-0.034770,-0.009577,1.012661,1.540000,1.330000,-22.680000
45509,,,,,,,,,,,,,4.955243,3.274513,0.073106,0.060261,,,,,,,,,,,,
45511,,,,0.054019,1.043439,0.384662,0.063132,-1.027937,,,,,,,,,,,,0.076083,0.899463,0.163436,,,,,,
45512,,,,,,,,,,,6.818732,2.559664,,,,,0.002974,0.145589,0.217482,,,,,,,,,
45519,,,,,,,,,,,,,5.264671,2.755175,0.069488,0.055616,,,,,,,,,,,,
45523,,,,,,,,,,,,,,,,,,,,,,,-0.058987,-0.012322,1.021018,2.520000,6.020000,-35.700001
45521,,,,,,,,,,,,,,,,,,,,0.076780,0.899683,0.157885,,,,,,
45528,,,,,,,,,,,,,,,,,,,,,,,-0.058987,-0.012322,1.021018,2.660000,5.250000,-39.410000
45529,,,,,,,,,,,,,4.976588,2.865099,0.072737,0.054455,,,,,,,,,,,,
45531,,,,,,,,,,,,,,,,,,,,0.077364,0.899759,0.149555,,,,,,
45538,,,,,,,,,,,,,,,,,,,,,,,-0.058987,-0.012322,1.013820,2.380000,2.730000,-42.630001
45539,,,,,,,,,,,,,5.285281,2.959684,0.069957,0.053430,,,,,,,,,,,,
45541,,,,,,,,,,,,,,,,,,,,0.077870,0.899830,0.141227,,,,,,
45548,,,,,,,,,,,,,,,,,,,,,,,-0.079056,-0.011468,1.013820,2.660000,-2.520000,-48.020000
45549,,,,,,,,,,,,,4.994534,2.490277,0.073229,0.058137,,,,,,,,,,,,
45551,,,,,,,,,,,,,,,,,,,,0.078345,0.899920,0.135676,,,,,,
45558,,,,,,,,,,,,,,,,,,,,,,,-0.024217,-0.008296,1.029924,2.100000,-21.700001,-29.049999
45559,,,,,,,,,,,,,5.293341,2.640790,0.070546,0.056616,,,,,,,,,,,,
45561,,,,0.056964,1.044526,0.320757,0.062935,-1.188691,,,,,,,,,,,,0.078779,0.899992,0.130128,,,,,,
45562,,,,,,,,,,,6.148789,0.904832,,,,,-0.001214,0.146176,0.182437,,,,,,,,,
45568,,,,,,,,,,,,,,,,,,,,,,,-0.024217,-0.008296,1.029924,2.100000,-2.450000,-34.580002
45569,,,,,,,,,,,,,5.546399,2.768251,0.061437,0.038421,,,,,,,,,,,,
45571,,,,,,,,,,,,,,,,,,,,0.079342,0.900047,0.124580,,,,,,
45579,,,,,,,,,,,,,5.216228,2.329206,0.064925,0.042526,,,,,,,,,,,,
45582,,,,,,,,,,,,,,,,,,,,,,,-0.051057,-0.011102,0.995581,1.260000,8.960000,-38.919998
45581,,,,,,,,,,,,,,,,,,,,0.079986,0.900169,0.116259,,,,,,
45588,,,,,,,,,,,,,,,,,,,,,,,-0.051057,-0.011102,0.995581,1.260000,11.550000,-40.110001
45589,,,,,,,,,,,,,4.938090,1.959794,0.067949,0.046009,,,,,,,,,,,,
45591,,,,,,,,,,,,,,,,,,,,0.080518,0.900262,0.110713,,,,,,
45598,,,,,,,,,,,,,,,,,,,,,,,-0.073261,-0.014579,1.025776,2.450000,3.080000,-50.400002
45599,,,,,,,,,,,,,5.249248,1.648970,0.065017,0.048969,,,,,,,,,,,,
45601,,,,,,,,,,,,,,,,,,,,0.080997,0.900392,0.102395,,,,,,
45608,,,,,,,,,,,,,,,,,,,,,,,-0.073261,-0.014579,1.025776,2.520000,2.660000,-56.560001
45609,,,,,,,,,,,,,4.963391,1.387443,0.068113,0.051487,,,,,,,,,,,,
45611,,,,0.059963,1.045404,0.247221,0.062651,-1.371067,,,,,,,,,,,,0.081400,0.900420,0.094049,,,,,,
45612,,,,,,,,,,,5.222260,-1.122360,,,,,-0.006483,0.146402,0.147385,,,,,,,,,
45618,,,,,,,,,,,,,,,,,,,,,,,-0.079849,-0.006710,1.005768,1.750000,-2.450000,-54.599998
45619,,,,,,,,,,,,,5.270316,1.167395,0.055768,0.032958,,,,,,,,,,,,
45621,,,,,,,,,,,,,,,,,,,,0.081823,0.900470,0.082959,,,,,,
45628,,,,,,,,,,,,,,,,,,,,,,,-0.079849,-0.006710,1.005768,2.520000,-5.530000,-59.639999
45629,,,,,,,,,,,,,4.983212,0.982246,0.058687,0.034389,,,,,,,,,,,,
45631,,,,,,,,,,,,,,,,,,,,0.082125,0.900526,0.071877,,,,,,
45639,,,,,,,,,,,,,5.290301,0.826461,0.055603,0.035557,,,,,,,,,,,,
45641,,,,,,,,,,,,,,,,,,,,0.082455,0.900575,0.063606,-0.052399,-0.015982,1.022909,2.100000,-6.510000,-47.669998
45648,,,,,,,,,,,,,,,,,,,,,,,-0.052399,-0.015982,1.022909,2.870000,-2.520000,-44.799999
45649,,,,,,,,,,,,,4.997989,0.695385,0.058571,0.036504,,,,,,,,,,,,
45651,,,,,,,,,,,,,,,,,,,,0.082803,0.900645,0.055297,,,,,,
45658,,,,,,,,,,,,,,,,,,,,,,,-0.064355,-0.004392,1.016443,1.260000,-4.340000,-42.630001
45659,,,,,,,,,,,,,4.755573,0.585096,0.061088,0.037265,,,,,,,,,,,,
45661,,,,0.063009,1.046041,0.163180,0.062366,-1.573367,,,,,,,,,,,,0.083065,0.900687,0.049798,,,,,,
45662,,,,,,,,,,,4.262850,-3.298110,,,,,-0.012061,0.146258,0.109622,,,,,,,,,
45668,,,,,,,,,,,,,,,,,,,,,,,-0.064355,-0.004392,1.016443,2.240000,3.500000,-39.200001
45669,,,,,,,,,,,,,4.548453,0.492300,0.053508,0.015678,,,,,,,,,,,,
45671,,,,,,,,,,,,,,,,,,,,0.083416,0.900725,0.041491,,,,,,
45678,,,,,,,,,,,,,,,,,,,,,,,-0.060878,-0.012139,1.011929,1.960000,2.870000,-36.330002
45679,,,,,,,,,,,,,4.372757,0.414221,0.055243,0.015716,,,,,,,,,,,,
45682,,,,,,,,,,,,,,,,,,,,0.083705,0.900758,0.035954,,,,,,
45688,,,,,,,,,,,,,,,,,,,,,,,-0.060878,-0.012139,1.011929,1.960000,0.420000,-32.830002
45689,,,,,,,,,,,,,4.229503,0.348526,0.056682,0.015644,,,,,,,,,,,,
45691,,,,,,,,,,,,,,,,,,,,0.083992,0.900800,0.030417,,,,,,
45699,,,,,,,,,,,,,4.105708,0.293249,0.057952,0.015478,,,,,,,,,,,,
45702,,,,,,,,,,,,,,,,,,,,,,,-0.061610,-0.002074,1.022055,1.540000,-1.890000,-31.290001
45701,,,,,,,,,,,,,,,,,,,,0.084225,0.900836,0.024880,,,,,,
45708,,,,,,,,,,,,,,,,,,,,,,,-0.061610,-0.002074,1.022055,2.030000,2.030000,-25.620001
45709,,,,,,,,,,,,,3.454542,0.246740,0.064625,0.015234,,,,,,,,,,,,
45711,,,,0.066098,1.046403,0.068188,0.062198,-1.789854,,,,,,,,,,,,0.084404,0.900870,0.022111,,,,,,
45712,,,,,,,,,,,4.243317,-4.715727,,,,,-0.014648,0.145973,0.044157,,,,,,,,,
45718,,,,,,,,,,,,,,,,,,,,,,,-0.071492,-0.009089,1.010648,1.330000,-3.360000,-21.770000
45719,,,,,,,,,,,,,3.454096,0.207607,0.064592,0.000465,,,,,,,,,,,,
45721,,,,,,,,,,,,,,,,,,,,0.084547,0.900897,0.016609,,,,,,
45728,,,,,,,,,,,,,,,,,,,,,,,-0.071492,-0.009089,1.010648,1.470000,-5.040000,-23.799999
45729,,,,,,,,,,,,,3.454547,0.174681,0.064745,-0.000184,,,,,,,,,,,,
45731,,,,,,,,,,,,,,,,,,,,0.084616,0.900899,0.013841,,,,,,
45739,,,,,,,,,,,,,2.906656,0.146976,0.070492,-0.000880,,,,,,,,,,,,
45741,,,,,,,,,,,,,,,,,,,,0.084752,0.900912,0.008270,-0.065270,-0.007564,1.020835,1.260000,-1.610000,-21.070000
45749,,,,,,,,,,,,,2.994871,0.123666,0.069859,-0.001614,,,,,,,-0.065270,0.000549,1.007415,1.190000,5.810000,-16.520000
45751,,,,,,,,,,,,,,,,,,,,0.084890,0.900932,0.005505,,,,,,
45758,,,,,,,,,,,,,,,,,,,,,,,-0.038735,0.000549,1.007415,0.980000,-1.120000,-18.760000
45759,,,,,,,,,,,,,2.519884,0.104052,0.074954,-0.002382,,,,,,,,,,,,
45761,,,,0.069222,1.046453,-0.037448,0.062297,-2.008916,,,,,,,,,,,,0.085060,0.900936,0.002734,,,,,,
45762,,,,,,,,,,,4.866739,-5.582971,,,,,-0.015105,0.145595,-0.041745,,,,,,,,,
45768,,,,,,,,,,,,,,,,,,,,,,,-0.027084,-0.008845,1.023031,1.540000,0.280000,-19.530001
45769,,,,,,,,,,,,,2.667015,0.087550,0.080156,-0.012024,,,,,,,,,,,,
45771,,,,,,,,,,,,,,,,,,,,0.085215,0.900925,-0.000031,,,,,,
45778,,,,,,,,,,,,,,,,,,,,,,,-0.027084,-0.008845,1.023031,1.330000,-1.260000,-20.790001
45779,,,,,,,,,,,,,2.244026,0.073664,0.084911,-0.013016,,,,,,,,,,,,
45781,,,,,,,,,,,,,,,,,,,,0.085384,0.900928,-0.002799,,,,,,
45788,,,,,,,,,,,,,,,,,,,,,,,-0.042334,-0.004209,1.013942,1.260000,2.240000,-17.780001
45789,,,,,,,,,,,,,2.434470,0.061981,0.083493,-0.014028,,,,,,,,,,,,
45791,,,,,,,,,,,,,,,,,,,,0.085536,0.900917,-0.005536,,,,,,
45799,,,,,,,,,,,,,2.048362,0.052151,0.087918,-0.015057,,,,,,,,,,,,
45802,,,,,,,,,,,,,,,,,,,,,,,-0.042334,-0.004209,1.013942,1.540000,-0.140000,-20.230000
45801,,,,,,,,,,,,,,,,,,,,0.085703,0.900931,-0.011112,,,,,,
45808,,,,,,,,,,,,,,,,,,,,,,,-0.035624,-0.006222,1.017785,1.680000,0.280000,-20.510000
45809,,,,,,,,,,,,,2.271157,0.043880,0.086209,-0.016100,,,,,,,,,,,,
45811,,,,0.072376,1.046155,-0.152343,0.062848,-2.212000,,,,,,,,,,,,0.085878,0.900937,-0.013880,,,,,,
45812,,,,,,,,,,,5.548954,-6.355541,,,,,-0.015265,0.145042,-0.139452,,,,,,,,,
45818,,,,,,,,,,,,,,,,,,,,,,,-0.035624,-0.006222,1.017785,1.400000,-1.120000,-25.410000
45819,,,,,,,,,,,,,2.459057,0.036920,0.091770,-0.025034,,,,,,,,,,,,
45821,,,,,,,,,,,,,,,,,,,,0.086012,0.900953,-0.019412,,,,,,
45828,,,,,,,,,,,,,,,,,,,,,,,-0.009394,-0.009821,1.016443,1.540000,-5.320000,-32.060001
45829,,,,,,,,,,,,,2.617432,0.031065,0.090773,-0.026253,,,,,,,,,,,,
45831,,,,,,,,,,,,,,,,,,,,0.086162,0.900995,-0.024949,,,,,,
45838,,,,,,,,,,,,,,,,,,,,,,,-0.009394,-0.009821,1.016443,2.030000,-3.150000,-31.290001
45839,,,,,,,,,,,,,2.747996,0.026138,0.090027,-0.027480,,,,,,,,,,,,
45841,,,,,,,,,,,,,,,,,,,,0.086340,0.901022,-0.030451,,,,,,
45848,,,,,,,,,,,,,,,,,,,,,,,-0.004697,-0.005978,1.019005,1.400000,-4.270000,-38.080002
45849,,,,,,,,,,,,,2.860656,0.021992,0.089438,-0.028714,,,,,,,,,,,,
45851,,,,,,,,,,,,,,,,,,,,0.086561,0.901002,-0.036017,,,,,,
45859,,,,,,,,,,,,,2.955890,0.018504,0.089004,-0.029954,,,,,,,,,,,,
45861,,,,0.075552,1.045468,-0.273856,0.064062,-2.374927,,,,,,,,,,,,0.086860,0.901000,-0.044323,,,,,,
45862,,,,,,,,,,,5.882968,-7.275036,,,,,-0.016312,0.143975,-0.237341,,,,,,,,,
45863,,,,,,,,,,,,,,,,,,,,,,,-0.004697,-0.005978,1.019005,1.190000,-3.150000,-46.060001
45868,,,,,,,,,,,,,,,,,,,,,,,0.011834,-0.011163,1.013637,1.680000,3.290000,-45.360001
45869,,,,,,,,,,,,,3.034255,0.015570,0.092131,-0.040578,,,,,,,,,,,,
45871,,,,,,,,,,,,,,,,,,,,0.087175,0.901030,-0.049830,,,,,,
45878,,,,,,,,,,,,,,,,,,,,,,,0.011834,-0.011163,1.013637,0.490000,-1.400000,-47.040001
45879,,,,,,,,,,,,,3.651445,-0.536111,0.086405,-0.036409,,,,,,,,,,,,
45881,,,,,,,,,,,,,,,,,,,,0.087577,0.901045,-0.058135,,,,,,
45888,,,,,,,,,,,,,,,,,,,,,,,0.000488,-0.005429,1.019310,1.050000,4.130000,-50.889999
45889,,,,,,,,,,,,,3.617687,-0.451084,0.087196,-0.038624,,,,,,,,,,,,
45891,,,,,,,,,,,,,,,,,,,,0.087974,0.901049,-0.066445,,,,,,
45899,,,,,,,,,,,,,4.140022,-0.379542,0.082321,-0.040718,,,,,,,,,,,,
45902,,,,,,,,,,,,,,,,,,,,,,,0.002318,-0.011834,1.011380,0.490000,3.640000,-60.480000
45901,,,,,,,,,,,,,,,,,,,,0.088519,0.901049,-0.077529,,,,,,
45908,,,,,,,,,,,,,,,,,,,,,,,0.002318,-0.011834,1.011380,1.610000,5.040000,-57.259998
45909,,,,,,,,,,,,,4.032903,-0.319347,0.083762,-0.042712,,,,,,,,,,,,
45911,,,,0.078743,1.044352,-0.398267,0.066158,-2.472996,,,,,,,,,,,,0.089019,0.901023,-0.088607,,,,,,
45912,,,,,,,,,,,4.906144,-9.115037,,,,,-0.021450,0.142060,-0.317372,,,,,,,,,
45918,,,,,,,,,,,,,,,,,,,,,,,0.002318,-0.011834,1.011380,1.680000,2.450000,-58.380001
45919,,,,,,,,,,,,,4.487073,-0.268698,0.069536,-0.063387,,,,,,,,,,,,
45922,,,,,,,,,,,,,,,,,,,,0.089536,0.901015,-0.099691,,,,,,
45928,,,,,,,,,,,,,,,,,,,,,,,-0.029280,-0.007564,1.023153,1.680000,-2.030000,-59.500000
45929,,,,,,,,,,,,,4.871524,-0.226083,0.065698,-0.065591,,,,,,,,,,,,
45931,,,,,,,,,,,,,,,,,,,,0.090008,0.900992,-0.108006,,,,,,
45938,,,,,,,,,,,,,,,,,,,,,,,-0.029280,-0.007564,1.023153,2.800000,-5.810000,-64.050003
45939,,,,,,,,,,,,,4.646070,-0.190226,0.068005,-0.067735,,,,,,,,,,,,
45941,,,,,,,,,,,,,,,,,,,,0.090469,0.900958,-0.116354,,,,,,
45948,,,,,,,,,,,,,,,,,,,,,,,-0.063379,-0.017202,1.024495,3.150000,-3.430000,-62.230000
45949,,,,,,,,,,,,,5.005193,-0.160056,0.064394,-0.069827,,,,,,,,,,,,
45951,,,,,,,,,,,,,,,,,,,,0.090898,0.900942,-0.130220,,,,,,
45959,,,,,,,,,,,,,4.757989,-0.134671,0.066896,-0.071877,,,,,,,,,,,,
45961,,,,0.081941,1.042764,-0.521343,0.069343,-2.489058,,,,,,,,,,,,0.091330,0.900912,-0.138543,,,,,,
45962,,,,,,,,,,,3.530571,-10.929474,,,,,-0.027403,0.139453,-0.390460,,,,,,,,,
45963,,,,,,,,,,,,,,,,,,,,,,,-0.057889,-0.009394,1.008940,3.640000,5.250000,-48.860001
45968,,,,,,,,,,,,,,,,,,,,,,,-0.057889,-0.009394,1.008940,2.380000,1.610000,-49.070000
45969,,,,,,,,,,,,,5.102903,-0.113312,0.049376,-0.092399,,,,,,,,,,,,
45971,,,,,,,,,,,,,,,,,,,,0.091712,0.900861,-0.146846,,,,,,
45978,,,,,,,,,,,,,,,,,,,,,,,-0.057889,-0.002379,1.018700,2.310000,-1.960000,-46.970001
45979,,,,,,,,,,,,,4.840807,-0.642565,0.051735,-0.089163,,,,,,,,,,,,
45981,,,,,,,,,,,,,,,,,,,,0.092049,0.900826,-0.155166,,,,,,
45988,,,,,,,,,,,,,,,,,,,,,,,-0.060512,-0.002379,1.018700,2.380000,-1.050000,-41.299999
45989,,,,,,,,,,,,,4.620940,-0.540655,0.053716,-0.092260,,,,,,,,,,,,
45991,,,,,,,,,,,,,,,,,,,,0.092382,0.900733,-0.163497,,,,,,
45999,,,,,,,,,,,,,3.888058,-0.454907,0.060973,-0.095213,,,,,,,-0.106018,-0.010431,1.011685,1.960000,2.660000,-32.200001
46001,,,,,,,,,,,,,,,,,,,,0.092564,0.900701,-0.169052,,,,,,
46005,,,,,,,,,,,,,,,,,,,,0.092564,0.900701,-0.169052,,,,,,
46008,,,,,,,,,,,,,,,,,,,,,,,-0.106018,-0.010431,1.011685,1.750000,-1.610000,-30.309999
46009,,,,,,,,,,,,,3.818142,-0.382758,0.061615,-0.098044,,,,,,,,,,,,
46011,,,,0.085138,1.040662,-0.639124,0.073786,-2.420534,,,,,,,,,,,,0.092713,0.900693,-0.171830,,,,,,
46012,,,,,,,,,,,2.717476,-11.814352,,,,,-0.030787,0.136732,-0.470496,,,,,,,,,
46019,,,,,,,,,,,,,3.758766,-0.322053,0.053869,-0.109798,,,,,,,,,,,,
46023,,,,,,,,,,,,,,,,,,,,,,,-0.066978,-0.004270,1.022055,1.960000,-4.270000,-28.770000
46021,,,,,,,,,,,,,,,,,,,,0.092795,0.900681,-0.177380,,,,,,
46028,,,,,,,,,,,,,,,,,,,,,,,-0.066978,-0.004270,1.022055,2.100000,2.310000,-27.580000
46029,,,,,,,,,,,,,3.711394,-0.270975,0.054144,-0.112617,,,,,,,,,,,,
46031,,,,,,,,,,,,,,,,,,,,0.092943,0.900660,-0.182938,,,,,,
46038,,,,,,,,,,,,,,,,,,,,,,,-0.079788,-0.000061,1.001010,1.050000,9.100000,-32.970001
46039,,,,,,,,,,,,,3.122766,-0.227998,0.059949,-0.115364,,,,,,,,,,,,
46041,,,,,,,,,,,,,,,,,,,,0.093130,0.900668,-0.188472,,,,,,
46048,,,,,,,,,,,,,,,,,,,,,,,-0.079788,-0.000061,1.001010,1.330000,7.070000,-29.820000
46049,,,,,,,,,,,,,3.176706,-0.741049,0.059318,-0.112448,,,,,,,,,,,,
46051,,,,,,,,,,,,,,,,,,,,0.093236,0.900662,-0.194037,,,,,,
46059,,,,,,,,,,,,,2.672880,-1.168389,0.064365,-0.110304,,,,,,,,,,,,
46061,,,,0.088327,1.038001,-0.748593,0.079602,-2.280547,,,,,,,,,,,,0.093285,0.900656,-0.199570,,,,,,
46062,,,,,,,,,,,2.561765,-11.749207,,,,,-0.031374,0.133814,-0.554310,,,,,,,,,
46064,,,,,,,,,,,,,,,,,,,,,,,-0.068991,-0.010614,1.023824,1.820000,0.070000,-42.490002
46065,,,,,,,,,,,,,,,,,,,,0.093285,0.900656,-0.199570,,,,,,
46069,,,,,,,,,,,,,,,,,,,,,,,-0.068991,-0.010614,1.023824,2.590000,8.330000,-49.980000
46070,,,,,,,,,,,,,2.776926,-1.511047,0.061725,-0.108274,,,,,,,,,,,,
46071,,,,,,,,,,,,,,,,,,,,0.093275,0.900689,-0.207920,,,,,,
46078,,,,,,,,,,,,,,,,,,,,,,,-0.118340,-0.000366,1.011746,1.470000,10.430000,-63.700001
46079,,,,,,,,,,,,,2.336505,-1.842255,0.066174,-0.106943,,,,,,,,,,,,
46081,,,,,,,,,,,,,,,,,,,,0.093229,0.900776,-0.219099,,,,,,
46088,,,,,,,,,,,,,,,,,,,,,,,-0.118340,-0.000366,1.011746,0.630000,11.340000,-68.320000
46089,,,,,,,,,,,,,2.513986,-2.098124,0.064409,-0.106315,,,,,,,,,,,,
46091,,,,,,,,,,,,,,,,,,,,0.093091,0.900850,-0.233029,,,,,,
46095,,,,,,,,,,,,,,,,,,,,0.093091,0.900850,-0.233029,,,,,,
46099,,,,,,,,,,,,,2.115267,-2.837613,0.068485,-0.100702,,,,,,,-0.085766,0.004087,1.019249,2.590000,2.100000,-62.650002
46098,,,,,,,,,,,,,,,,,,,,0.093091,0.900850,-0.233029,,,,,,
46101,,,,,,,,,,,,,,,,,,,,0.092942,0.900961,-0.244182,,,,,,
46108,,,,,,,,,,,,,,,,,,,,,,,-0.085766,0.004087,1.019249,1.890000,3.710000,-71.750000
46109,,,,,,,,,,,,,1.779786,-2.947855,0.071996,-0.101360,,,,,,,,,,,,
46111,,,,0.091498,1.034736,-0.847975,0.086848,-2.092346,,,,,,,,,,,,0.092700,0.901097,-0.255304,,,,,,
46112,,,,,,,,,,,1.936765,-11.839335,,,,,-0.033476,0.129528,-0.605217,,,,,,,,,
46119,,,,,,,,,,,,,2.040480,-3.566262,0.063119,-0.097732,,,,,,,,,,,,
46123,,,,,,,,,,,,,,,,,,,,,,,-0.102541,-0.000183,1.014918,0.700000,-9.450000,-66.779999
46121,,,,,,,,,,,,,,,,,,,,0.092408,0.901304,-0.266481,,,,,,
46128,,,,,,,,,,,,,,,,,,,,,,,-0.102541,-0.000183,1.014918,2.100000,-14.280000,-77.209999
46129,,,,,,,,,,,,,1.716860,-4.101629,0.066399,-0.093926,,,,,,,,,,,,
46132,,,,,,,,,,,,,,,,,,,,0.091924,0.901430,-0.280445,,,,,,
46138,,,,,,,,,,,,,,,,,,,,,,,-0.076555,-0.009211,1.019127,2.590000,-13.020000,-77.769997
46139,,,,,,,,,,,,,1.994220,-4.000765,0.063614,-0.096502,,,,,,,,,,,,
46141,,,,,,,,,,,,,,,,,,,,0.091510,0.901677,-0.291633,,,,,,
46149,,,,,,,,,,,,,1.677937,-4.463780,0.066828,-0.093347,,,,,,,-0.076555,-0.009211,1.019127,1.680000,-24.920000,-73.080002
46151,,,,,,,,,,,,,,,,,,,,0.090946,0.901913,-0.305634,,,,,,
46159,,,,,,,,,,,,,1.957724,-4.847640,0.064026,-0.090907,,,,,,,,,,,,
46161,,,,0.094644,1.030821,-0.936654,0.095535,-1.880993,,,,,,,,,,,,0.090320,0.902178,-0.319637,,,,,,
46162,,,,,,,,,,,1.469169,-11.616934,,,,,-0.035176,0.124099,-0.631517,,,,,,,,,
46164,,,,,,,,,,,,,,,,,,,,0.090320,0.902178,-0.319637,-0.052460,0.011834,1.017053,0.490000,-19.950001,-80.709999
46169,,,,,,,,,,,,,1.647228,-5.149159,0.062420,-0.086961,,,,,,,-0.052460,-0.002257,1.022604,1.400000,-12.250000,-78.889999
46168,,,,,,,,,,,,,,,,,,,,0.090320,0.902178,-0.319637,,,,,,
46171,,,,,,,,,,,,,,,,,,,,0.089857,0.902395,-0.330856,,,,,,
46178,,,,,,,,,,,,,,,,,,,,,,,-0.039589,-0.002257,1.022604,0.840000,4.900000,-78.540001
46179,,,,,,,,,,,,,1.385978,-4.895046,0.065049,-0.090847,,,,,,,,,,,,
46181,,,,,,,,,,,,,,,,,,,,0.089497,0.902711,-0.344906,,,,,,
46188,,,,,,,,,,,,,,,,,,,,,,,-0.039589,0.003782,0.998875,2.100000,1.750000,-73.360001
46189,,,,,,,,,,,,,1.166162,-5.213581,0.067308,-0.088942,,,,,,,,,,,,
46191,,,,,,,,,,,,,,,,,,,,0.089218,0.902933,-0.358951,,,,,,
46198,,,,,,,,,,,,,,,,,,,,,,,-0.036966,0.003782,0.998875,0.140000,4.270000,-65.589996
46199,,,,,,,,,,,,,0.981208,-5.481045,0.069255,-0.087494,,,,,,,,,,,,
46201,,,,,,,,,,,,,,,,,,,,0.088761,0.903112,-0.370201,,,,,,
46208,,,,,,,,,,,,,,,,,,,,,,,-0.058621,0.003355,1.009733,2.800000,2.100000,-70.769997
46209,,,,,,,,,,,,,0.825588,-5.704991,0.070940,-0.086437,,,,,,,,,,,,
46211,,,,0.097754,1.026211,-1.014874,0.105637,-1.667089,,,,,,,,,,,,,,,,,,,,
46212,,,,,,,,,,,1.307295,-11.080179,,,,,-0.036139,0.118047,-0.644546,,,,,,,,,
46214,,,,,,,,,,,,,,,,,,,,0.088456,0.903326,-0.384309,,,,,,
46219,,,,,,,,,,,,,1.238323,-5.887526,0.065207,-0.080283,,,,,,,,,,,,
46218,,,,,,,,,,,,,,,,,,,,0.088456,0.903326,-0.384309,,,,,,
46223,,,,,,,,,,,,,,,,,,,,0.087885,0.903628,-0.392760,-0.058621,0.003355,1.009733,-0.070000,-5.040000,-57.610001
46221,,,,,,,,,,,,,,,,,,,,0.088456,0.903326,-0.384309,,,,,,
46226,,,,,,,,,,,,,,,,,,,,0.087885,0.903628,-0.392760,,,,,,
46229,,,,,,,,,,,,,1.041925,-5.492009,0.067225,-0.085356,,,,,,,-0.037210,-0.007564,1.033828,-0.420000,-6.300000,-58.730000
46231,,,,,,,,,,,,,,,,,,,,0.087444,0.903861,-0.404047,,,,,,
46234,,,,,,,,,,,,,,,,,,,,0.087444,0.903861,-0.404047,,,,,,
46238,,,,,,,,,,,,,,,,,,,,,,,-0.037210,-0.007564,1.033828,0.420000,-6.860000,-51.520000
46239,,,,,,,,,,,,,0.876675,-5.748511,0.068963,-0.083857,,,,,,,,,,,,
46241,,,,,,,,,,,,,,,,,,,,0.087040,0.904086,-0.409692,,,,,,
46245,,,,,,,,,,,,,,,,,,,,0.087040,0.904086,-0.409692,,,,,,
46249,,,,,,,,,,,,,0.737635,-5.379062,0.070467,-0.088692,,,,,,,0.011102,0.001281,1.002474,1.750000,-0.980000,-61.880001
46251,,,,,,,,,,,,,,,,,,,,0.086598,0.904331,-0.421031,,,,,,
46259,,,,,,,,,,,,,0.620646,-5.633863,0.071775,-0.087233,,,,,,,,,,,,
46261,,,,0.100821,1.020859,-1.083402,0.117109,-1.464366,,,,,,,,,,,,0.086286,0.904582,-0.432341,,,,,,
46262,,,,,,,,,,,1.929666,-9.906482,,,,,-0.034711,0.112171,-0.661787,,,,,,,,,
46263,,,,,,,,,,,,,,,,,,,,,,,0.011102,0.001281,1.002474,0.840000,0.140000,-53.130001
46268,,,,,,,,,,,,,,,,,,,,,,,-0.015799,-0.002013,1.022299,0.560000,4.550000,-56.840000
46269,,,,,,,,,,,,,0.522211,-5.288162,0.079264,-0.079877,,,,,,,,,,,,
46271,,,,,,,,,,,,,,,,,,,,0.085868,0.904818,-0.440864,,,,,,
46278,,,,,,,,,,,,,,,,,,,,,,,-0.015799,-0.002013,1.022299,3.430000,4.760000,-61.740002
46279,,,,,,,,,,,,,0.439388,-5.546775,0.080391,-0.078163,,,,,,,,,,,,
46281,,,,,,,,,,,,,,,,,,,,0.085650,0.904992,-0.449383,,,,,,
46288,,,,,,,,,,,,,,,,,,,,,,,-0.043188,0.001647,1.016443,1.120000,-2.170000,-54.250000
46289,,,,,,,,,,,,,0.369701,-5.761725,0.081399,-0.076842,,,,,,,,,,,,
46291,,,,,,,,,,,,,,,,,,,,0.085222,0.905235,-0.460723,,,,,,
46299,,,,,,,,,,,,,0.311067,-5.395635,0.082309,-0.081405,,,,,,,,,,,,
46302,,,,,,,,,,,,,,,,,,,,,,,-0.043188,0.001647,1.016443,1.540000,-6.440000,-60.200001
46301,,,,,,,,,,,,,,,,,,,,0.084811,0.905509,-0.469256,,,,,,
46308,,,,,,,,,,,,,,,,,,,,,,,-0.043615,-0.012627,1.023580,2.170000,-2.520000,-59.430000
46309,,,,,,,,,,,,,0.261731,-5.087276,0.083136,-0.085453,,,,,,,,,,,,
46311,,,,0.103835,1.014719,-1.143250,0.129894,-1.280196,,,,,,,,,,,,0.084431,0.905778,-0.480638,,,,,,
46312,,,,,,,,,,,2.943380,-8.482262,,,,,-0.032389,0.106055,-0.674637,,,,,,,,,
46318,,,,,,,,,,,,,,,,,,,,,,,-0.043615,-0.012627,1.023580,2.030000,0.700000,-53.549999
46319,,,,,,,,,,,,,0.220221,-5.376425,0.094233,-0.068940,,,,,,,,,,,,
46321,,,,,,,,,,,,,,,,,,,,0.084077,0.906031,-0.489176,,,,,,
46328,,,,,,,,,,,,,,,,,,,,,,,-0.016104,0.005612,1.002169,2.450000,7.070000,-61.669998
46329,,,,,,,,,,,,,0.185294,-5.071223,0.095134,-0.072674,,,,,,,,,,,,
46331,,,,,,,,,,,,,,,,,,,,0.083877,0.906216,-0.500601,,,,,,
46338,,,,,,,,,,,,,,,,,,,,,,,-0.016104,0.005612,1.002169,2.100000,1.050000,-57.610001
46339,,,,,,,,,,,,,0.155906,-5.361265,0.095986,-0.070398,,,,,,,,,,,,
46341,,,,,,,,,,,,,,,,,,,,0.083485,0.906450,-0.512030,,,,,,
46348,,,,,,,,,,,,,,,,,,,,,,,-0.003721,-0.005795,1.027301,1.610000,-4.270000,-61.040001
46349,,,,,,,,,,,,,0.131179,-5.059903,0.096795,-0.074096,,,,,,,,,,,,
46351,,,,,,,,,,,,,,,,,,,,0.083161,0.906704,-0.523497,,,,,,
46359,,,,,,,,,,,,,0.110374,-5.354055,0.097570,-0.071780,,,,,,,,,,,,
46361,,,,0.106786,1.007746,-1.195489,0.143933,-1.117327,,,,,,,,,,,,0.082900,0.906930,-0.532098,,,,,,
46362,,,,,,,,,,,4.168434,-6.934079,,,,,-0.029903,0.099411,-0.674218,,,,,,,,,
46364,,,,,,,,,,,,,,,,,,,,,,,-0.026169,0.007686,1.006561,2.660000,-0.210000,-63.279999
46369,,,,,,,,,,,,,0.632555,-5.044587,0.105306,-0.059771,,,,,,,-0.026169,0.007686,1.006561,1.330000,-6.090000,-55.650002
46371,,,,,,,,,,,,,,,,,,,,0.082584,0.907188,-0.543574,,,,,,
46378,,,,,,,,,,,,,,,,,,,,,,,-0.026169,0.007686,1.030229,0.980000,-6.650000,-53.480000
46379,,,,,,,,,,,,,0.532232,-5.357304,0.107036,-0.056959,,,,,,,,,,,,
46381,,,,,,,,,,,,,,,,,,,,0.082335,0.907372,-0.552198,,,,,,
46388,,,,,,,,,,,,,,,,,,,,,,,0.035624,-0.006039,1.030229,3.500000,7.350000,-71.400002
46389,,,,,,,,,,,,,0.995595,-4.507635,0.103037,-0.065941,,,,,,,,,,,,
46391,,,,,,,,,,,,,,,,,,,,0.082115,0.907591,-0.566596,,,,,,
46399,,,,,,,,,,,,,0.837693,-4.339838,0.105282,-0.068138,,,,,,,0.035624,-0.004392,1.021262,1.190000,-3.080000,-66.989998
46401,,,,,,,,,,,,,,,,,,,,0.081969,0.907762,-0.578136,,,,,,
46408,,,,,,,,,,,,,,,,,,,,,,,0.024461,-0.004392,1.021262,2.240000,-6.650000,-65.309998
46409,,,,,,,,,,,,,1.251291,-3.651539,0.101730,-0.075677,,,,,,,,,,,,
46411,,,,0.109666,0.999895,-1.241144,0.159166,-0.975664,,,,,,,,,,,,0.081860,0.907877,-0.586804,,,,,,
46412,,,,,,,,,,,5.574518,-5.276228,,,,,-0.027364,0.092295,-0.662208,,,,,,,,,
46419,,,,,,,,,,,,,1.596346,-4.159426,0.113136,-0.054243,,,,,,,,,,,,
46423,,,,,,,,,,,,,,,,,,,,,,,0.064477,-0.012627,1.011075,2.940000,4.060000,-63.770000
46421,,,,,,,,,,,,,,,,,,,,0.081890,0.907925,-0.598378,,,,,,
46428,,,,,,,,,,,,,,,,,,,,,,,0.064477,-0.012627,1.011075,2.310000,8.400000,-60.759998
46429,,,,,,,,,,,,,1.896563,-4.606535,0.110869,-0.049906,,,,,,,,,,,,
46431,,,,,,,,,,,,,,,,,,,,0.081960,0.907871,-0.609969,,,,,,
46438,,,,,,,,,,,,,,,,,,,,,,,0.033001,-0.006405,1.005097,2.800000,7.980000,-80.080002
46439,,,,,,,,,,,,,2.689448,-3.875938,0.103517,-0.057492,,,,,,,,,,,,
46441,,,,,,,,,,,,,,,,,,,,0.082129,0.907811,-0.621586,,,,,,
46449,,,,,,,,,,,,,2.810842,-3.261214,0.102856,-0.064043,,,,,,,0.033001,-0.006405,1.005097,2.170000,-11.830000,-90.300003
46451,,,,,,,,,,,,,,,,,,,,0.082306,0.907858,-0.639046,,,,,,
46459,,,,,,,,,,,,,3.461695,-3.292312,0.096770,-0.064128,,,,,,,,,,,,
46461,,,,0.112465,0.991123,-1.281141,0.175531,-0.853618,,,,,,,,,,,,0.082447,0.907790,-0.656563,,,,,,
46462,,,,,,,,,,,6.886043,-3.756249,,,,,-0.025722,0.084792,-0.640033,,,,,,,,,
46464,,,,,,,,,,,,,,,,,,,,,,,0.037942,-0.017812,1.042368,2.590000,-2.940000,-88.480003
46469,,,,,,,,,,,,,3.997417,-3.854898,0.105106,-0.043283,,,,,,,0.037942,-0.017812,1.042368,2.940000,5.880000,-86.870003
46471,,,,,,,,,,,,,,,,,,,,0.082736,0.907622,-0.671193,,,,,,
46478,,,,,,,,,,,,,,,,,,,,,,,0.017202,-0.003782,0.989420,2.310000,12.320000,-104.930000
46479,,,,,,,,,,,,,4.465183,-3.243511,0.100912,-0.049499,,,,,,,,,,,,
46481,,,,,,,,,,,,,,,,,,,,0.083104,0.907492,-0.685868,,,,,,
46488,,,,,,,,,,,,,,,,,,,,,,,0.017202,-0.003782,0.989420,2.240000,-1.540000,-102.690002
46489,,,,,,,,,,,,,4.857314,-2.729089,0.097397,-0.054849,,,,,,,,,,,,
46491,,,,,,,,,,,,,,,,,,,,0.083427,0.907300,-0.703519,,,,,,
46498,,,,,,,,,,,,,,,,,,,,,,,-0.004209,-0.017141,1.042307,4.410000,-6.230000,-98.559998
46499,,,,,,,,,,,,,5.181502,-2.296256,0.094496,-0.059469,,,,,,,,,,,,
46501,,,,,,,,,,,,,,,,,,,,0.083646,0.907120,-0.721232,,,,,,
46508,,,,,,,,,,,,,,,,,,,,,,,-0.004209,-0.017141,1.042307,2.520000,-17.360001,-87.220001
46509,,,,,,,,,,,,,5.452079,-2.478251,0.092077,-0.057905,,,,,,,,,,,,
46511,,,,0.115174,0.981388,-1.316292,0.192969,-0.748975,,,,,,,,,,,,0.083957,0.906900,-0.739018,,,,,,
46512,,,,,,,,,,,7.977082,-2.313201,,,,,-0.025479,0.076580,-0.593519,,,,,,,,,
46519,,,,,,,,,,,,,5.673532,-2.628277,0.101233,-0.041911,,,,,,,,,,,,
46521,,,,,,,,,,,,,,,,,,,,0.084363,0.906552,-0.753869,,,,,,
46524,,,,,,,,,,,,,,,,,,,,,,,0.057645,-0.002379,1.014186,1.190000,3.990000,-77.209999
46529,,,,,,,,,,,,,5.854366,-2.751760,0.099850,-0.040589,,,,,,,0.057645,-0.002379,1.014186,0.000000,13.510000,-71.680000
46531,,,,,,,,,,,,,,,,,,,,0.084832,0.906207,-0.765793,,,,,,
46538,,,,,,,,,,,,,,,,,,,,,,,0.012566,-0.011712,1.007293,3.150000,19.530001,-91.489998
46539,,,,,,,,,,,,,6.049675,-2.315331,0.098282,-0.044953,,,,,,,,,,,,
46541,,,,,,,,,,,,,,,,,,,,0.085293,0.905741,-0.780735,,,,,,
46548,,,,,,,,,,,,,,,,,,,,,,,0.012566,-0.011712,1.007293,4.410000,11.550000,-99.820000
46549,,,,,,,,,,,,,6.732365,-2.495509,0.091704,-0.043114,,,,,,,,,,,,
46550,,,,,,,,,,,,,,,,,,,,0.085824,0.905311,-0.798717,,,,,,
46558,,,,,,,,,,,,,,,,,,,,,,,-0.032757,-0.010004,1.024617,4.270000,-7.980000,-100.519997
46559,,,,,,,,,,,,,6.757303,-2.099721,0.091699,-0.047115,,,,,,,,,,,,
46561,,,,0.117785,0.970649,-1.347295,0.211420,-0.659401,,,,,,,,,,,,0.086197,0.905021,-0.816758,,,,,,
46562,,,,,,,,,,,9.367547,-0.586488,,,,,-0.024523,0.068459,-0.546705,,,,,,,,,
46568,,,,,,,,,,,,,,,,,,,,,,,-0.032757,-0.010004,1.024617,2.800000,-24.360001,-97.370003
46569,,,,,,,,,,,,,7.327268,-1.766705,0.100312,-0.032942,,,,,,,,,,,,
46571,,,,,,,,,,,,,,,,,,,,0.086556,0.904682,-0.831874,,,,,,
46579,,,,,,,,,,,,,7.263474,-1.486505,0.101370,-0.035564,,,,,,,,,,,,
46581,,,,,,,,,,,,,,,,,,,,0.086923,0.904271,-0.847037,-0.004941,-0.022326,1.026142,2.520000,-6.300000,-89.459999
46588,,,,,,,,,,,,,,,,,,,,,,,-0.004941,-0.022326,1.001986,1.890000,4.410000,-88.620003
46589,,,,,,,,,,,,,7.759786,-1.250745,0.096729,-0.037789,,,,,,,,,,,,
46591,,,,,,,,,,,,,,,,,,,,0.087439,0.903818,-0.865267,,,,,,
46598,,,,,,,,,,,,,,,,,,,,,,,0.013115,0.000671,1.001986,1.330000,14.420000,-83.580002
46599,,,,,,,,,,,,,7.621775,-1.052377,0.098458,-0.039679,,,,,,,,,,,,
46601,,,,,,,,,,,,,,,,,,,,0.087949,0.903316,-0.877479,,,,,,
46608,,,,,,,,,,,,,,,,,,,,,,,0.013115,0.000671,1.008574,0.630000,0.770000,-90.370003
46609,,,,,,,,,,,,,8.055625,-0.885470,0.094382,-0.041288,,,,,,,,,,,,
46611,,,,0.120287,0.958868,-1.374742,0.230822,-0.582686,,,,,,,,,,,,0.088505,0.902685,-0.895880,,,,,,
46612,,,,,,,,,,,11.207092,1.651007,,,,,-0.022268,0.060357,-0.495416,,,,,,,,,
46631,,,,,,,,,,,,,6.983255,-0.626872,0.124928,-0.020565,,,,0.089617,0.901596,-0.929783,,,,,,
46621,,,,,,,,,,,,,,,,,,,,0.089074,0.902145,-0.914346,,,,,,
46637,,,,,,,,,,,,,,,,,,,,,,,0.007381,-0.022387,1.016565,2.940000,0.140000,-101.010002
46639,,,,,,,,,,,,,7.866242,-0.527450,0.116766,-0.021123,,,,,,,,,,,,
46642,,,,,,,,,,,,,,,,,,,,,,,-0.011102,-0.022387,1.016565,3.290000,1.680000,-100.379997
46641,,,,,,,,,,,,,,,,,,,,0.090100,0.901062,-0.948406,,,,,,
46647,,,,,,,,,,,,,,,,,,,,,,,0.001037,-0.017690,1.033462,2.450000,-8.050000,-109.900002
46649,,,,,,,,,,,,,8.265127,-0.443796,0.113365,-0.021541,,,,,,,,,,,,
46653,,,,,,,,,,,,,,,,,,,,,,,0.001037,-0.017690,1.033462,2.310000,-4.550000,-116.900002
46651,,,,,,,,,,,,,,,,,,,,0.090602,0.900367,-0.967102,,,,,,
46658,,,,,,,,,,,,,,,,,,,,,,,0.001037,-0.017690,1.033462,3.920000,1.820000,-120.190002
46659,,,,,,,,,,,,,9.152897,-0.373410,0.104898,-0.021840,,,,,,,,,,,,
46661,,,,0.122674,0.946008,-1.399135,0.251111,-0.516862,,,,,,,,,,,,0.091172,0.899675,-0.985903,,,,,,
46662,,,,,,,,,,,13.179129,4.287946,,,,,-0.019710,0.052271,-0.428270,,,,,,,,,
46668,,,,,,,,,,,,,,,,,,,,,,,0.027206,-0.022143,1.020591,1.260000,-3.220000,-123.059998
46669,,,,,,,,,,,,,9.341930,-0.314187,0.123496,0.004858,,,,,,,,,,,,
46672,,,,,,,,,,,,,,,,,,,,0.091761,0.898911,-1.007963,,,,,,
46679,,,,,,,,,,,,,10.042837,-0.264357,0.117114,0.005270,,,,,,,,,,,,
46682,,,,,,,,,,,,,,,,,,,,,,,0.027206,-0.022143,1.020591,2.310000,-0.840000,-118.930000
46681,,,,,,,,,,,,,,,,,,,,0.092351,0.898132,-1.026949,,,,,,
46688,,,,,,,,,,,,,,,,,,,,,,,0.016226,-0.025132,1.012478,2.380000,-1.540000,-135.589996
46689,,,,,,,,,,,,,10.101507,-0.222430,0.117143,0.005753,,,,,,,,,,,,
46691,,,,,,,,,,,,,,,,,,,,0.092897,0.897347,-1.052479,,,,,,
46698,,,,,,,,,,,,,,,,,,,,,,,0.016226,-0.025132,1.012478,1.610000,-6.160000,-139.580002
46699,,,,,,,,,,,,,10.690948,-0.187153,0.111746,0.006295,,,,,,,,,,,,
46701,,,,,,,,,,,,,,,,,,,,0.093464,0.896460,-1.078182,,,,,,
46708,,,,,,,,,,,,,,,,,,,,,,,0.018178,-0.024095,1.021933,4.760000,10.150000,-138.880005
46709,,,,,,,,,,,,,11.195314,-0.157470,0.107099,0.006887,,,,,,,,,,,,
46711,,,,0.124935,0.932035,-1.420894,0.272220,-0.460225,,,,,,,,,,,,0.094040,0.895572,-1.104112,,,,,,
46712,,,,,,,,,,,15.176709,7.438620,,,,,-0.016868,0.044513,-0.337896,,,,,,,,,
46718,,,,,,,,,,,,,,,,,,,,,,,0.018178,-0.024095,1.021933,2.450000,-5.390000,-146.300003
46719,,,,,,,,,,,,,11.606437,-0.132495,0.123678,0.039658,,,,,,,,,,,,
46721,,,,,,,,,,,,,,,,,,,,0.094677,0.894545,-1.126927,,,,,,
46728,,,,,,,,,,,,,,,,,,,,,,,0.002867,-0.031659,1.015040,3.360000,6.720000,-147.139999
46729,,,,,,,,,,,,,12.507564,-0.111482,0.115201,0.040958,,,,,,,,,,,,
46731,,,,,,,,,,,,,,,,,,,,0.095243,0.893544,-1.153226,,,,,,
46739,,,,,,,,,,,,,12.711222,0.453039,0.113657,0.036710,,,,,,,,,,,,
46742,,,,,,,,,,,,,,,,,,,,,,,0.002867,-0.031659,1.010770,0.910000,5.250000,-154.419998
46741,,,,,,,,,,,,,,,,,,,,0.095861,0.892429,-1.179756,,,,,,
46748,,,,,,,,,,,,,,,,,,,,,,,0.011224,-0.030561,1.010770,1.190000,6.720000,-161.279999
46749,,,,,,,,,,,,,13.442663,0.381187,0.106689,0.038840,,,,,,,,,,,,
46751,,,,,,,,,,,,,,,,,,,,0.096448,0.891303,-1.206535,,,,,,
46758,,,,,,,,,,,,,,,,,,,,,,,0.011224,-0.030561,1.010770,-0.070000,0.280000,-161.350006
46759,,,,,,,,,,,,,13.500654,0.320731,0.106445,0.040868,,,,,,,,,,,,
46761,,,,0.127063,0.916920,-1.440377,0.294079,-0.411334,,,,,,,,,,,,0.097011,0.890085,-1.236936,,,,,,
46762,,,,,,,,,,,17.192959,11.136968,,,,,-0.013259,0.037743,-0.230443,,,,,,,,,
46768,,,,,,,,,,,,,,,,,,,,,,,0.002684,-0.031598,1.015284,2.870000,5.460000,-158.410004
46769,,,,,,,,,,,,,14.094472,0.269863,0.121289,0.080534,,,,,,,,,,,,
46771,,,,,,,,,,,,,,,,,,,,0.097575,0.888962,-1.264250,,,,,,
46779,,,,,,,,,,,,,14.591091,0.227063,0.116843,0.083144,,,,,,,,,,,,
46782,,,,,,,,,,,,,,,,,,,,,,,-0.025559,-0.044713,1.018273,3.430000,-1.190000,-166.880005
46781,,,,,,,,,,,,,,,,,,,,0.098142,0.887760,-1.291839,,,,,,
46788,,,,,,,,,,,,,,,,,,,,,,,-0.025559,-0.044713,1.018273,3.710000,-0.280000,-170.589996
46789,,,,,,,,,,,,,14.468483,0.738936,0.118614,0.080105,,,,,,,,,,,,
46791,,,,,,,,,,,,,,,,,,,,0.098516,0.886553,-1.323211,,,,,,
46798,,,,,,,,,,,,,,,,,,,,,,,-0.025559,-0.044713,1.018273,1.960000,-13.580000,-161.490005
46799,,,,,,,,,,,,,14.909078,0.621740,0.114665,0.083380,,,,,,,,,,,,
46801,,,,,,,,,,,,,,,,,,,,0.098920,0.885263,-1.351424,,,,,,
46808,,,,,,,,,,,,,,,,,,,,,,,0.018605,-0.039528,1.029070,4.550000,7.910000,-165.690002
46809,,,,,,,,,,,,,15.294991,0.523132,0.111185,0.086489,,,,,,,,,,,,
46811,,,,0.129050,0.900634,-1.457883,0.316615,-0.368976,,,,,,,,,,,,,,,,,,,,
46812,,,,,,,,,,,19.123602,15.423420,,,,,-0.008558,0.032796,-0.104536,0.099358,0.883909,-1.379987,,,,,,
46818,,,,,,,,,,,,,,,,,,,,,,,0.018605,-0.039528,1.002474,0.070000,6.860000,-164.919998
46819,,,,,,,,,,,,,15.600113,0.440163,0.128145,0.133180,,,,,,,,,,,,
46821,,,,,,,,,,,,,,,,,,,,0.099770,0.882460,-1.408867,,,,,,
46828,,,,,,,,,,,,,,,,,,,,,,,0.000488,-0.027633,1.002474,4.550000,7.770000,-166.320007
46829,,,,,,,,,,,,,15.871990,0.919565,0.126077,0.131286,,,,,,,,,,,,
46831,,,,,,,,,,,,,,,,,,,,0.100239,0.881006,-1.438133,,,,,,
46839,,,,,,,,,,,,,16.087244,1.320233,0.124531,0.130100,,,,,,,,,,,,
46842,,,,,,,,,,,,,,,,,,,,,,,0.047092,-0.032025,1.038281,2.800000,-15.820000,-137.550003
46841,,,,,,,,,,,,,,,,,,,,0.100594,0.879511,-1.464018,,,,,,
46849,,,,,,,,,,,,,16.278820,1.659446,0.123185,0.129461,,,,,,,0.047092,-0.032025,1.038281,4.200000,-9.030000,-133.279999
46851,,,,,,,,,,,,,,,,,,,,0.100775,0.878040,-1.486436,,,,,,
46858,,,,,,,,,,,,,,,,,,,,,,,0.067893,-0.051545,1.012600,3.850000,0.350000,-120.120003
46859,,,,,,,,,,,,,16.433945,2.491037,0.122171,0.123732,,,,,,,,,,,,
46861,,,,0.130888,0.883154,-1.473669,0.339751,-0.332142,,,,,,,,,,,,0.100953,0.876065,-1.505321,,,,,,
46862,,,,,,,,,,,21.064852,19.915745,,,,,-0.002640,0.030499,0.012660,,,,,,,,,
46868,,,,,,,,,,,,,,,,,,,,,,,0.067893,-0.051545,1.012600,1.750000,10.220000,-110.739998
46869,,,,,,,,,,,,,16.567221,3.191839,0.141151,0.164992,,,,,,,,,,,,
46871,,,,,,,,,,,,,,,,,,,,0.101208,0.874218,-1.524369,,,,,,
46878,,,,,,,,,,,,,,,,,,,,,,,0.059048,-0.039650,1.022787,-0.070000,-3.780000,-104.019997
46879,,,,,,,,,,,,,16.676605,4.327782,0.140934,0.156750,,,,,,,,,,,,
46881,,,,,,,,,,,,,,,,,,,,0.101414,0.872296,-1.543594,,,,,,
46888,,,,,,,,,,,,,,,,,,,,,,,0.059048,-0.039650,1.022787,-4.130000,-4.900000,-87.080002
46889,,,,,,,,,,,,,17.306484,4.732992,0.135387,0.155734,,,,,,,,,,,,
46891,,,,,,,,,,,,,,,,,,,,0.101593,0.870281,-1.559102,,,,,,
46899,,,,,,,,,,,,,17.298346,6.171678,0.136222,0.144096,,,,,,,,,,,,
46902,,,,,,,,,,,,,,,,,,,,,,,0.114924,-0.024766,1.007171,1.610000,11.130000,-81.830002
46901,,,,,,,,,,,,,,,,,,,,0.101644,0.868025,-1.574397,,,,,,
46908,,,,,,,,,,,,,,,,,,,,,,,0.114924,-0.024766,1.007171,3.500000,-3.500000,-62.509998
46909,,,,,,,,,,,,,17.291773,6.835018,0.137042,0.140079,,,,,,,,,,,,
46911,,,,0.132572,0.864459,-1.487949,0.363405,-0.299990,,,,,,,,,,,,0.101591,0.865543,-1.586013,,,,,,
46912,,,,,,,,,,,23.278893,23.941669,,,,,0.003464,0.030945,0.082292,,,,,,,,,
46918,,,,,,,,,,,,,,,,,,,,,,,0.081191,-0.054961,1.049688,0.700000,-12.390000,-63.490002
46919,,,,,,,,,,,,,17.292585,7.945615,0.160372,0.172431,,,,,,,,,,,,
46921,,,,,,,,,,,,,,,,,,,,0.101613,0.863273,-1.593902,,,,,,
46928,,,,,,,,,,,,,,,,,,,,,,,0.081191,-0.054961,1.049688,1.750000,-13.650000,-57.400002
46929,,,,,,,,,,,,,17.835308,8.875659,0.156033,0.166144,,,,,,,,,,,,
46931,,,,,,,,,,,,,,,,,,,,0.101603,0.860832,-1.605583,,,,,,
46938,,,,,,,,,,,,,,,,,,,,,,,0.074908,-0.016287,1.017907,-0.560000,-8.260000,-50.820000
46939,,,,,,,,,,,,,18.289642,10.203827,0.152488,0.155610,,,,,,,,,,,,
46941,,,,,,,,,,,,,,,,,,,,0.101568,0.858209,-1.613218,,,,,,
46949,,,,,,,,,,,,,18.673571,10.775277,0.149570,0.152529,,,,,,,0.074908,-0.016287,1.017907,-2.520000,-2.870000,-44.590000
46951,,,,,,,,,,,,,,,,,,,,0.101484,0.855366,-1.624734,,,,,,
46959,,,,,,,,,,,,,18.996277,11.803265,0.147199,0.144677,,,,,,,,,,,,
46961,,,,0.134093,0.844533,-1.500908,0.387491,-0.271821,,,,,,,,,,,,0.101317,0.852388,-1.628543,,,,,,
46962,,,,,,,,,,,25.561220,27.505590,,,,,0.008868,0.033121,0.121656,,,,,,,,,
46963,,,,,,,,,,,,,,,,,,,,,,,0.127795,-0.019581,0.987773,3.570000,2.730000,-40.880001
46968,,,,,,,,,,,,,,,,,,,,,,,0.127795,-0.019581,0.987773,0.000000,-1.260000,-39.200001
46969,,,,,,,,,,,,,19.260227,13.208027,0.168643,0.169128,,,,,,,,,,,,
46971,,,,,,,,,,,,,,,,,,,,0.101138,0.849384,-1.636138,,,,,,
46978,,,,,,,,,,,,,,,,,,,,,,,0.082716,-0.029951,1.017358,-2.240000,-3.220000,-36.330002
46979,,,,,,,,,,,,,20.050034,13.859290,0.161847,0.165344,,,,,,,,,,,,
46982,,,,,,,,,,,,,,,,,,,,0.100925,0.846099,-1.643666,,,,,,
46988,,,,,,,,,,,,,,,,,,,,,,,0.082716,-0.029951,1.017358,-1.890000,-5.320000,-31.639999
46989,,,,,,,,,,,,,20.698744,14.942904,0.156333,0.157021,,,,,,,,,,,,
46991,,,,,,,,,,,,,,,,,,,,0.100692,0.842948,-1.647440,,,,,,
46999,,,,,,,,,,,,,20.696960,15.307157,0.157323,0.155818,,,,,,,,,,,,
47002,,,,,,,,,,,,,,,,,,,,,,,0.106689,-0.022143,1.020103,-2.590000,2.660000,-35.770000
47001,,,,,,,,,,,,,,,,,,,,0.100437,0.839569,-1.655059,,,,,,
47008,,,,,,,,,,,,,,,,,,,,,,,0.106689,-0.022143,1.020103,-7.490000,11.130000,-36.049999
47009,,,,,,,,,,,,,21.256187,16.172384,0.152592,0.149432,,,,,,,,,,,,
47011,,,,0.135446,0.823364,-1.512703,0.411920,-0.247053,,,,,,,,,,,,0.100168,0.835880,-1.662526,,,,,,
47012,,,,,,,,,,,27.693722,30.569691,,,,,0.012975,0.036258,0.142897,,,,,,,,,
47018,,,,,,,,,,,,,,,,,,,,,,,0.111996,-0.020923,0.972523,-1.330000,7.420000,-35.560001
47019,,,,,,,,,,,,,22.252655,16.883219,0.165041,0.175702,,,,,,,,,,,,
47021,,,,,,,,,,,,,,,,,,,,0.099815,0.832056,-1.666269,,,,,,
47028,,,,,,,,,,,,,,,,,,,,,,,0.111996,-0.020923,1.080981,2.100000,-4.340000,-34.090000
47029,,,,,,,,,,,,,22.564762,18.046919,0.162945,0.166570,,,,,,,,,,,,
47031,,,,,,,,,,,,,,,,,,,,0.099485,0.828351,-1.673694,,,,,,
47038,,,,,,,,,,,,,,,,,,,,,,,0.052033,-0.048129,1.080981,-0.420000,-15.960000,-34.020000
47039,,,,,,,,,,,,,23.355881,19.008331,0.155902,0.159268,,,,,,,,,,,,
47041,,,,,,,,,,,,,,,,,,,,0.099120,0.824702,-1.677458,,,,,,
47048,,,,,,,,,,,,,,,,,,,,,,,0.100467,-0.020374,0.980941,-3.080000,-1.610000,-36.959999
47049,,,,,,,,,,,,,24.018898,19.269054,0.150006,0.158921,,,,,,,,,,,,
47051,,,,,,,,,,,,,,,,,,,,0.098659,0.820793,-1.684959,,,,,,
47059,,,,,,,,,,,,,24.056305,20.059788,0.150360,0.153115,,,,,,,,,,,,
47061,,,,0.136626,0.800945,-1.523469,0.436600,-0.225197,,,,,,,,,,,,,,,,,,,,
47062,,,,,,,,,,,29.311928,33.110584,,,,,0.015213,0.039986,0.161467,0.098159,0.816564,-1.692296,,,,,,
47063,,,,,,,,,,,,,,,,,,,,,,,0.100467,-0.020374,0.980941,2.240000,16.309999,-34.439999
47068,,,,,,,,,,,,,,,,,,,,,,,0.066185,-0.041907,0.989420,0.700000,10.780000,-31.709999
47069,,,,,,,,,,,,,24.625818,20.715044,0.161784,0.174451,,,,,,,,,,,,
47071,,,,,,,,,,,,,,,,,,,,0.097607,0.812385,-1.695948,,,,,,
47078,,,,,,,,,,,,,,,,,,,,,,,0.066185,-0.041907,0.989420,2.380000,10.640000,-32.060001
47079,,,,,,,,,,,,,25.630379,21.794273,0.152475,0.165922,,,,,,,,,,,,
47081,,,,,,,,,,,,,,,,,,,,0.097028,0.808191,-1.699584,,,,,,
47088,,,,,,,,,,,,,,,,,,,,,,,0.044652,-0.030683,1.083055,3.780000,4.270000,-23.379999
47089,,,,,,,,,,,,,25.958202,22.730505,0.149867,0.158636,,,,,,,,,,,,
47091,,,,,,,,,,,,,,,,,,,,0.096440,0.803928,-1.706994,,,,,,
47098,,,,,,,,,,,,,,,,,,,,,,,0.044652,-0.030683,1.083055,5.460000,-5.600000,-24.010000
47099,,,,,,,,,,,,,26.210243,23.494459,0.147967,0.152919,,,,,,,,,,,,
47101,,,,,,,,,,,,,,,,,,,,0.095733,0.799694,-1.710601,,,,,,
47108,,,,,,,,,,,,,,,,,,,,,,,0.040626,-0.037088,0.971608,6.720000,11.970000,-24.080000
47109,,,,,,,,,,,,,26.417496,24.132437,0.146473,0.148335,,,,,,,,,,,,
47111,,,,0.137628,0.777272,-1.533323,0.461432,-0.205848,,,,,,,,,,,,0.094968,0.795248,-1.714271,,,,,,
47112,,,,,,,,,,,30.679708,35.322300,,,,,0.016365,0.044535,0.175125,,,,,,,,,
47119,,,,,,,,,,,,,27.159637,24.140999,0.153434,0.172603,,,,,,,,,,,,
47123,,,,,,,,,,,,,,,,,,,,,,,0.040626,-0.037088,0.971608,0.770000,12.180000,-18.340000
47121,,,,,,,,,,,,,,,,,,,,0.094332,0.790693,-1.717870,,,,,,
47128,,,,,,,,,,,,,,,,,,,,,,,0.012566,0.003599,1.039257,3.080000,7.420000,-19.250000
47129,,,,,,,,,,,,,27.262264,24.722382,0.153091,0.168909,,,,,,,,,,,,
47131,,,,,,,,,,,,,,,,,,,,0.093544,0.786254,-1.721522,,,,,,
47138,,,,,,,,,,,,,,,,,,,,,,,0.012566,0.003599,1.039257,7.140000,-12.180000,-14.770000
47139,,,,,,,,,,,,,27.836905,25.699848,0.147913,0.161059,,,,,,,,,,,,
47141,,,,,,,,,,,,,,,,,,,,0.092799,0.781787,-1.725223,,,,,,
47148,,,,,,,,,,,,,,,,,,,,,,,0.028914,-0.030927,1.031510,-13.930000,0.070000,-9.450000
47149,,,,,,,,,,,,,27.816545,26.018427,0.148689,0.159734,,,,,,,,,,,,
47151,,,,,,,,,,,,,,,,,,,,0.092179,0.777268,-1.725280,,,,,,
47159,,,,,,,,,,,,,28.316040,26.257414,0.144167,0.159157,,,,,,,,,,,,
47161,,,,0.138447,0.752348,-1.542366,0.486320,-0.188661,,,,,,,,,,,,0.091342,0.772467,-1.725176,,,,,,
47162,,,,,,,,,,,32.105545,37.488239,,,,,0.017473,0.049552,0.183855,,,,,,,,,
47164,,,,,,,,,,,,,,,,,,,,,,,0.028914,-0.030927,1.031510,20.719999,10.150000,-4.970000
47169,,,,,,,,,,,,,,,,,,,,,,,0.030439,-0.023729,1.020225,10.780000,7.980000,-5.530000
47170,,,,,,,,,,,,,28.568979,26.836851,0.156604,0.177152,,,,,,,,,,,,
47171,,,,,,,,,,,,,,,,,,,,0.090403,0.767691,-1.725104,,,,,,
47178,,,,,,,,,,,,,,,,,,,,,,,0.030439,-0.023729,1.020225,6.090000,4.060000,-0.770000
47179,,,,,,,,,,,,,28.605772,27.148359,0.156936,0.176105,,,,,,,,,,,,
47181,,,,,,,,,,,,,,,,,,,,0.089505,0.763143,-1.728745,,,,,,
47188,,,,,,,,,,,,,,,,,,,,,,,-0.010431,-0.002623,0.992104,5.390000,-9.310000,3.150000
47189,,,,,,,,,,,,,28.994410,27.768143,0.153671,0.171851,,,,,,,,,,,,
47191,,,,,,,,,,,,,,,,,,,,0.088603,0.758422,-1.725170,,,,,,
47198,,,,,,,,,,,,,,,,,,,,,,,-0.010431,-0.002623,0.992104,-5.810000,-6.650000,0.560000
47199,,,,,,,,,,,,,28.781622,28.298058,0.156464,0.168390,,,,,,,,,,,,
47201,,,,,,,,,,,,,,,,,,,,0.087934,0.753804,-1.728864,,,,,,
47208,,,,,,,,,,,,,,,,,,,,,,,0.017385,0.022021,1.080615,-1.400000,-7.770000,6.090000
47209,,,,,,,,,,,,,29.133968,28.727097,0.153535,0.165852,,,,,,,,,,,,
47211,,,,0.139080,0.726180,-1.550685,0.511159,-0.173349,,,,,,,,,,,,0.087105,0.748882,-1.725170,,,,,,
47212,,,,,,,,,,,33.987778,39.674217,,,,,0.019158,0.054804,0.177958,,,,,,,,,
47219,,,,,,,,,,,,,29.447264,29.104921,0.170132,0.186047,,,,,,,,,,,,
47220,,,,,,,,,,,,,,,,,,,,0.086154,0.744066,-1.725228,,,,,,
47224,,,,,,,,,,,,,,,,,,,,,,,0.039345,-0.024156,0.918965,2.660000,15.400000,5.670000
47229,,,,,,,,,,,,,,,,,,,,,,,0.039345,-0.024156,0.918965,-1.470000,18.690001,5.180000
47230,,,,,,,,,,,,,29.941898,29.653851,0.165995,0.182562,,,,,,,,,,,,
47231,,,,,,,,,,,,,,,,,,,,0.085289,0.738856,-1.724951,,,,,,
47238,,,,,,,,,,,,,,,,,,,,,,,0.039345,-0.024156,1.058960,2.380000,11.690000,9.800000
47239,,,,,,,,,,,,,29.861790,29.619427,0.167622,0.184917,,,,,,,,,,,,
47241,,,,,,,,,,,,,,,,,,,,0.084424,0.733723,-1.721391,,,,,,
47248,,,,,,,,,,,,,,,,,,,,,,,0.047458,0.016470,1.058960,4.410000,-15.540000,12.460000
47249,,,,,,,,,,,,,30.594654,30.390730,0.160972,0.179061,,,,,,,,,,,,
47251,,,,,,,,,,,,,,,,,,,,0.083524,0.728806,-1.717797,,,,,,
47258,,,,,,,,,,,,,,,,,,,,,,,0.047458,0.005673,1.026447,0.700000,-3.150000,14.000000
47259,,,,,,,,,,,,,30.679266,31.056232,0.160787,0.174130,,,,,,,,,,,,
47261,,,,0.139523,0.698779,-1.558357,0.535847,-0.159668,,,,,,,,,,,,0.082706,0.723723,-1.714139,,,,,,
47262,,,,,,,,,,,36.386574,41.866199,,,,,0.021514,0.059681,0.157575,,,,,,,,,
47268,,,,,,,,,,,,,,,,,,,,,,,0.028792,0.005673,1.026447,-1.610000,9.520000,12.530000
47269,,,,,,,,,,,,,30.720308,31.037487,0.185498,0.198403,,,,,,,,,,,,
47271,,,,,,,,,,,,,,,,,,,,0.081771,0.718254,-1.714218,,,,,,
47279,,,,,,,,,,,,,31.326916,31.593790,0.180444,0.194894,,,,,,,,,,,,
47282,,,,,,,,,,,,,,,,,,,,,,,0.033428,0.019276,0.962397,-2.660000,23.660000,8.820000
47281,,,,,,,,,,,,,,,,,,,,0.080880,0.712781,-1.710429,,,,,,
47288,,,,,,,,,,,,,,,,,,,,,,,0.033428,0.019276,0.962397,3.080000,15.890000,8.190000
47289,,,,,,,,,,,,,31.847809,32.072357,0.176143,0.192067,,,,,,,,,,,,
47291,,,,,,,,,,,,,,,,,,,,0.080002,0.707273,-1.710341,,,,,,
47298,,,,,,,,,,,,,,,,,,,,,,,0.050142,-0.006161,1.084763,5.110000,4.900000,10.360000
47299,,,,,,,,,,,,,32.272839,33.009384,0.172715,0.184468,,,,,,,,,,,,
47301,,,,,,,,,,,,,,,,,,,,0.078995,0.701812,-1.706489,,,,,,
47308,,,,,,,,,,,,,,,,,,,,,,,0.050142,-0.006161,1.084763,10.220000,3.150000,5.390000
47309,,,,,,,,,,,,,32.626610,33.793564,0.169929,0.178241,,,,,,,,,,,,
47311,,,,0.139776,0.670163,-1.565447,0.560278,-0.147411,,,,,,,,,,,,0.078007,0.696325,-1.706480,,,,,,
47312,,,,,,,,,,,38.540482,43.807587,,,,,0.023092,0.064369,0.139054,,,,,,,,,
47319,,,,,,,,,,,,,33.327431,33.775177,0.185503,0.199845,,,,,,,,,,,,
47321,,,,,,,,,,,,,,,,,,,,0.077209,0.690769,-1.706575,,,,,,
47324,,,,,,,,,,,,,,,,,,,,,,,0.022875,0.013664,0.996374,-7.490000,-2.520000,2.870000
47329,,,,,,,,,,,,,34.058144,34.434875,0.179092,0.195123,,,,,,,0.022875,0.013664,0.996374,2.240000,-3.710000,3.640000
47331,,,,,,,,,,,,,,,,,,,,0.076441,0.684890,-1.706592,,,,,,
47338,,,,,,,,,,,,,,,,,,,,,,,-0.000610,0.002684,1.097207,-3.500000,-27.020000,5.320000
47339,,,,,,,,,,,,,34.277317,35.156380,0.177753,0.189638,,,,,,,,,,,,
47341,,,,,,,,,,,,,,,,,,,,0.075678,0.679499,-1.706823,,,,,,
47349,,,,,,,,,,,,,34.868881,35.060528,0.172572,0.192346,,,,,,,-0.000610,0.002684,1.097207,-7.490000,-30.870001,3.500000
47351,,,,,,,,,,,,,,,,,,,,0.074889,0.674000,-1.703206,,,,,,
47358,,,,,,,,,,,,,,,,,,,,,,,0.035685,0.010736,0.967033,7.350000,-5.880000,-0.490000
47359,,,,,,,,,,,,,34.807621,35.515766,0.173931,0.189452,,,,,,,,,,,,
47361,,,,0.139836,0.640354,-1.572015,0.584345,-0.136400,,,,,,,,,,,,0.073953,0.668205,-1.703196,,,,,,
47362,,,,,,,,,,,40.568615,45.847530,,,,,0.024845,0.068682,0.128519,,,,,,,,,
47368,,,,,,,,,,,,,,,,,,,,,,,0.035685,0.010736,0.967033,0.630000,7.490000,9.380000
47369,,,,,,,,,,,,,35.311440,35.907276,0.190225,0.207924,,,,,,,,,,,,
47371,,,,,,,,,,,,,,,,,,,,0.073023,0.662071,-1.703134,,,,,,
47379,,,,,,,,,,,,,35.728092,36.229427,0.187027,0.206626,,,,,,,,,,,,
47382,,,,,,,,,,,,,,,,,,,,,,,0.022021,0.005734,1.009855,-12.320000,-2.660000,2.100000
47381,,,,,,,,,,,,,,,,,,,,0.072246,0.656186,-1.699579,,,,,,
47388,,,,,,,,,,,,,,,,,,,,,,,0.022021,0.005734,1.009855,-2.100000,-10.360000,7.280000
47389,,,,,,,,,,,,,36.098068,36.519890,0.184221,0.205587,,,,,,,,,,,,
47391,,,,,,,,,,,,,,,,,,,,0.071420,0.650420,-1.699519,,,,,,
47399,,,,,,,,,,,,,36.379101,37.280041,0.182249,0.199699,,,,,,,0.037759,0.000183,1.010770,12.460000,-6.650000,3.360000
47401,,,,,,,,,,,,,,,,,,,,0.070418,0.644107,-1.699524,,,,,,
47408,,,,,,,,,,,,,,,,,,,,,,,0.037759,0.000183,1.010770,-1.540000,19.180000,11.900000
47409,,,,,,,,,,,,,36.636108,37.394157,0.180465,0.200249,,,,,,,,,,,,
47411,,,,0.139702,0.609379,-1.578112,0.607942,-0.126486,,,,,,,,,,,,0.069514,0.637824,-1.695764,,,,,,
47412,,,,,,,,,,,42.197430,47.588379,,,,,0.025517,0.073118,0.121498,,,,,,,,,
47418,,,,,,,,,,,,,,,,,,,,,,,0.058682,-0.005490,0.932690,2.870000,26.110001,14.420000
47419,,,,,,,,,,,,,37.377171,37.469028,0.190307,0.218932,,,,,,,,,,,,
47421,,,,,,,,,,,,,,,,,,,,0.068491,0.631336,-1.695717,,,,,,
47428,,,,,,,,,,,,,,,,,,,,,,,0.058682,-0.005490,0.932690,3.570000,11.690000,18.900000
47429,,,,,,,,,,,,,37.488644,38.114979,0.190134,0.214368,,,,,,,,,,,,
47431,,,,,,,,,,,,,,,,,,,,0.067430,0.624899,-1.688161,,,,,,
47439,,,,,,,,,,,,,37.576962,38.652508,0.190175,0.210780,,,,,,,,,,,,
47441,,,,,,,,,,,,,,,,,,,,0.066462,0.618670,-1.688137,0.019947,-0.000488,1.084824,8.470000,-3.360000,19.320000
47449,,,,,,,,,,,,,38.189228,39.094193,0.184854,0.208062,,,,,,,0.019947,-0.000488,0.979538,17.360001,-1.540000,22.750000
47451,,,,,,,,,,,,,,,,,,,,0.065458,0.612265,-1.684512,,,,,,
47458,,,,,,,,,,,,,,,,,,,,,,,0.037576,0.004819,0.979538,10.640000,21.209999,22.889999
47459,,,,,,,,,,,,,38.678059,39.984966,0.180669,0.200674,,,,,,,,,,,,
47461,,,,0.139374,0.577271,-1.583783,0.630962,-0.117539,,,,,,,,,,,,0.064353,0.605547,-1.680517,,,,,,
47462,,,,,,,,,,,44.208443,49.077919,,,,,0.026319,0.077257,0.099268,,,,,,,,,
47468,,,,,,,,,,,,,,,,,,,,,,,0.037576,0.035929,1.046455,8.330000,20.160000,22.190001
47469,,,,,,,,,,,,,38.577736,40.774464,0.202909,0.209336,,,,,,,,,,,,
47471,,,,,,,,,,,,,,,,,,,,0.063375,0.598601,-1.676568,,,,,,
47479,,,,,,,,,,,,,39.039883,40.888210,0.199321,0.209836,,,,,,,,,,,,
47481,,,,,,,,,,,,,,,,,,,,0.062503,0.591954,-1.668990,0.017446,0.035929,1.046455,-7.420000,1.050000,17.639999
47488,,,,,,,,,,,,,,,,,,,,,,,-0.003355,0.064843,1.064572,-8.750000,-8.610000,13.930000
47489,,,,,,,,,,,,,39.942112,41.497295,0.191152,0.205261,,,,,,,,,,,,
47491,,,,,,,,,,,,,,,,,,,,0.061857,0.585300,-1.669116,,,,,,
47498,,,,,,,,,,,,,,,,,,,,,,,-0.003355,0.064843,1.064572,-9.520000,-28.139999,16.940001
47499,,,,,,,,,,,,,40.188534,42.045502,0.189492,0.201186,,,,,,,,,,,,
47501,,,,,,,,,,,,,,,,,,,,0.061178,0.578759,-1.665717,,,,,,
47508,,,,,,,,,,,,,,,,,,,,,,,0.011529,0.032940,1.005646,-22.260000,-34.860001,8.260000
47509,,,,,,,,,,,,,40.921406,41.937183,0.182821,0.203697,,,,,,,,,,,,
47511,,,,0.138854,0.544068,-1.589069,0.653299,-0.109447,,,,,,,,,,,,,,,,,,,,
47512,,,,,,,,,,,46.264767,50.453957,,,,,0.027179,0.080484,0.075332,0.060628,0.572310,-1.665978,,,,,,
47518,,,,,,,,,,,,,,,,,,,,,,,0.011529,0.032940,1.005646,-2.520000,-0.280000,8.330000
47519,,,,,,,,,,,,,41.003906,42.406300,0.203611,0.214376,,,,,,,,,,,,
47521,,,,,,,,,,,,,,,,,,,,0.059858,0.565457,-1.662234,,,,,,
47528,,,,,,,,,,,,,,,,,,,,,,,-0.004819,-0.010797,1.046028,-4.900000,5.390000,10.010000
47529,,,,,,,,,,,,,41.089226,42.269199,0.203793,0.217384,,,,,,,,,,,,
47531,,,,,,,,,,,,,,,,,,,,0.059144,0.558236,-1.662082,,,,,,
47539,,,,,,,,,,,,,41.660748,42.653576,0.198998,0.215100,,,,,,,,,,,,
47541,,,,,,,,,,,,,,,,,,,,0.058521,0.551400,-1.662246,-0.004819,-0.010797,1.046028,-5.180000,-10.780000,6.720000
47549,,,,,,,,,,,,,42.203915,43.039280,0.194379,0.212726,,,,,,,0.017507,0.002135,0.951417,7.910000,-20.230000,3.080000
47551,,,,,,,,,,,,,,,,,,,,0.057762,0.544695,-1.658558,,,,,,
47558,,,,,,,,,,,,,,,,,,,,,,,0.017507,0.002135,0.951417,-1.610000,10.360000,9.590000
47559,,,,,,,,,,,,,42.050117,43.297974,0.196760,0.211570,,,,,,,,,,,,
47561,,,,0.138142,0.509813,-1.594006,0.674849,-0.102115,,,,,,,,,,,,0.057017,0.537577,-1.658554,,,,,,
47562,,,,,,,,,,,47.816402,51.820045,,,,,0.027482,0.083115,0.065043,,,,,,,,,
47568,,,,,,,,,,,,,,,,,,,,,,,0.028914,0.002989,1.023336,-1.750000,9.800000,10.430000
47569,,,,,,,,,,,,,42.504906,43.554852,0.208791,0.224315,,,,,,,,,,,,
47571,,,,,,,,,,,,,,,,,,,,0.056177,0.530129,-1.654638,,,,,,
47578,,,,,,,,,,,,,,,,,,,,,,,0.028914,0.002989,1.023336,11.550000,5.950000,13.300000
47579,,,,,,,,,,,,,42.877541,43.760967,0.206052,0.223866,,,,,,,,,,,,
47581,,,,,,,,,,,,,,,,,,,,0.055412,0.522929,-1.654731,,,,,,
47588,,,,,,,,,,,,,,,,,,,,,,,0.016470,0.000915,1.038281,-5.880000,-6.720000,8.400000
47589,,,,,,,,,,,,,43.739841,44.483158,0.198244,0.218112,,,,,,,,,,,,
47591,,,,,,,,,,,,,,,,,,,,0.054711,0.515888,-1.651038,,,,,,
47599,,,,,,,,,,,,,43.912331,44.537758,0.197300,0.219022,,,,,,,,,,,,
47602,,,,,,,,,,,,,,,,,,,,,,,0.016470,0.000122,0.942999,-2.520000,27.510000,6.720000
47601,,,,,,,,,,,,,,,,,,,,0.053889,0.508523,-1.647192,,,,,,
47608,,,,,,,,,,,,,,,,,,,,,,,0.035075,0.000122,0.942999,-2.520000,31.290001,9.940000
47609,,,,,,,,,,,,,44.104904,45.181683,0.196117,0.213910,,,,,,,,,,,,
47611,,,,0.137240,0.474552,-1.598625,0.695510,-0.095458,,,,,,,,,,,,0.053042,0.500892,-1.646937,,,,,,
47612,,,,,,,,,,,49.347931,52.902885,,,,,0.027411,0.085667,0.049563,,,,,,,,,
47618,,,,,,,,,,,,,,,,,,,,,,,0.035075,0.000122,0.942999,5.390000,34.439999,2.590000
47619,,,,,,,,,,,,,44.210224,45.662407,0.211407,0.221380,,,,,,,,,,,,
47621,,,,,,,,,,,,,,,,,,,,0.052301,0.493077,-1.646616,,,,,,
47628,,,,,,,,,,,,,,,,,,,,,,,0.002074,0.013115,1.062925,-5.320000,13.510000,10.990000
47629,,,,,,,,,,,,,44.317406,46.086880,0.211341,0.218498,,,,,,,,,,,,
47631,,,,,,,,,,,,,,,,,,,,0.051779,0.485508,-1.646616,,,,,,
47638,,,,,,,,,,,,,,,,,,,,,,,0.002074,0.013115,1.062925,-5.320000,-7.770000,5.040000
47639,,,,,,,,,,,,,44.974518,45.914364,0.205644,0.221621,,,,,,,,,,,,
47641,,,,,,,,,,,,,,,,,,,,0.051068,0.478046,-1.646853,,,,,,
47648,,,,,,,,,,,,,,,,,,,,,,,-0.002745,0.025864,1.104527,-5.950000,-28.910000,9.940000
47649,,,,,,,,,,,,,45.497311,46.288097,0.201187,0.219207,,,,,,,,,,,,
47651,,,,,,,,,,,,,,,,,,,,0.050532,0.470798,-1.647047,,,,,,
47659,,,,,,,,,,,,,45.910378,46.575745,0.197743,0.217596,,,,,,,,,,,,
47661,,,,0.136153,0.438340,-1.602956,0.715184,-0.089406,,,,,,,,,,,,,,,,,,,,
47662,,,,,,,,,,,50.147930,53.655281,,,,,0.025764,0.087806,0.044188,0.049938,0.463417,-1.643352,,,,,,
47663,,,,,,,,,,,,,,,,,,,,,,,0.000610,-0.013359,0.995642,7.700000,-32.340000,3.430000
47668,,,,,,,,,,,,,,,,,,,,,,,0.000610,-0.013359,0.995642,-0.700000,-14.420000,14.000000
47669,,,,,,,,,,,,,45.780277,46.890213,0.207918,0.223328,,,,,,,,,,,,
47671,,,,,,,,,,,,,,,,,,,,0.049223,0.455894,-1.639640,,,,,,
47678,,,,,,,,,,,,,,,,,,,,,,,0.000610,-0.003416,0.934093,12.810000,-13.930000,8.750000
47679,,,,,,,,,,,,,46.196865,47.130764,0.204542,0.222227,,,,,,,,,,,,
47681,,,,,,,,,,,,,,,,,,,,0.048411,0.448259,-1.643327,,,,,,
47688,,,,,,,,,,,,,,,,,,,,,,,-0.013786,-0.003416,0.934093,13.370000,8.330000,12.880000
47689,,,,,,,,,,,,,46.516579,47.302364,0.202071,0.221782,,,,,,,,,,,,
47691,,,,,,,,,,,,,,,,,,,,0.047695,0.440491,-1.639704,,,,,,
47699,,,,,,,,,,,,,46.788658,47.449818,0.200022,0.221548,,,,,,,,,,,,
47702,,,,,,,,,,,,,,,,,,,,,,,0.012200,0.007930,1.014735,-4.900000,12.180000,18.340000
47701,,,,,,,,,,,,,,,,,,,,0.047001,0.432417,-1.639547,,,,,,
47708,,,,,,,,,,,,,,,,,,,,,,,0.012200,0.007930,1.014735,9.170000,16.870001,19.879999
47709,,,,,,,,,,,,,47.029884,48.133465,0.198234,0.215816,,,,,,,,,,,,
47711,,,,0.134882,0.401233,-1.607023,0.733774,-0.083894,,,,,,,,,,,,0.046183,0.424754,-1.631960,,,,,,
47712,,,,,,,,,,,51.238930,54.413933,,,,,0.024856,0.089778,0.033164,,,,,,,,,
47714,,,,,,,,,,,,,,,,,,,,0.046183,0.424754,-1.631960,,,,,,
47719,,,,,,,,,,,,,47.240562,48.169113,0.207837,0.224295,,,,,,,-0.018361,0.016287,1.101538,4.060000,-5.740000,26.389999
47722,,,,,,,,,,,,,,,,,,,,0.045485,0.417002,-1.627960,,,,,,
47728,,,,,,,,,,,,,,,,,,,,,,,-0.018361,0.016287,1.101538,7.070000,-13.510000,25.690001
47729,,,,,,,,,,,,,47.418598,48.747765,0.206820,0.219642,,,,,,,,,,,,
47731,,,,,,,,,,,,,,,,,,,,0.044858,0.409092,-1.624256,,,,,,
47738,,,,,,,,,,,,,,,,,,,,,,,-0.019764,0.051057,0.962763,-6.020000,-3.710000,21.700001
47739,,,,,,,,,,,,,47.561455,48.679817,0.206127,0.221468,,,,,,,,,,,,
47741,,,,,,,,,,,,,,,,,,,,0.044272,0.401498,-1.620612,,,,,,
47749,,,,,,,,,,,,,47.677036,49.165085,0.205684,0.217665,,,,,,,-0.019764,0.051057,0.962763,-3.430000,6.300000,11.130000
47752,,,,,,,,,,,,,,,,,,,,0.043688,0.393425,-1.616509,,,,,,
47759,,,,,,,,,,,,,47.794346,49.594879,0.205200,0.214331,,,,,,,,,,,,
47761,,,,0.133434,0.363292,-1.610850,0.751190,-0.078868,,,,,,,,,,,,0.043234,0.385636,-1.612569,,,,,,
47762,,,,,,,,,,,53.265545,55.257069,,,,,0.026000,0.090920,0.005271,,,,,,,,,
47764,,,,,,,,,,,,,,,,,,,,,,,-0.028121,0.033062,1.121912,-8.190000,3.010000,12.740000
47769,,,,,,,,,,,,,,,,,,,,,,,-0.028121,0.033062,1.121912,-5.110000,-21.559999,12.460000
47770,,,,,,,,,,,,,48.028324,49.543289,0.224174,0.224421,,,,,,,,,,,,
47771,,,,,,,,,,,,,,,,,,,,0.042836,0.377668,-1.612780,,,,,,
47779,,,,,,,,,,,,,48.468102,49.742794,0.220735,0.223529,,,,,,,-0.025254,0.030439,1.002230,-9.520000,-19.180000,14.700000
47781,,,,,,,,,,,,,,,,,,,,0.042414,0.369890,-1.605352,,,,,,
47788,,,,,,,,,,,,,,,,,,,,,,,-0.025254,0.030439,1.002230,2.660000,-21.350000,9.730000
47789,,,,,,,,,,,,,48.443737,49.516266,0.221943,0.226943,,,,,,,,,,,,
47792,,,,,,,,,,,,,,,,,,,,0.042028,0.362014,-1.609195,,,,,,
47799,,,,,,,,,,,,,48.449516,49.901154,0.222849,0.224165,,,,,,,-0.012200,0.006039,1.073844,-13.440000,-1.050000,7.490000
47801,,,,,,,,,,,,,,,,,,,,0.041586,0.354237,-1.605423,,,,,,
47808,,,,,,,,,,,,,,,,,,,,,,,-0.012200,0.006039,1.073844,4.830000,-11.130000,2.940000
47809,,,,,,,,,,,,,48.951572,50.172981,0.218691,0.222463,,,,,,,,,,,,
47811,,,,0.131812,0.324582,-1.614457,0.767346,-0.074280,,,,,,,,,,,,0.041196,0.346064,-1.605419,,,,,,
47812,,,,,,,,,,,54.666695,56.090919,,,,,0.026387,0.091185,-0.008135,,,,,,,,,
47819,,,,,,,,,,,,,49.422695,49.901402,0.229040,0.234756,,,,,,,,,,,,
47823,,,,,,,,,,,,,,,,,,,,,,,0.015372,-0.001464,0.865041,2.870000,13.090000,-2.800000
47821,,,,,,,,,,,,,,,,,,,,0.040764,0.338011,-1.609264,,,,,,
47829,,,,,,,,,,,,,49.607182,50.009964,0.228207,0.234886,,,,,,,0.015372,-0.001464,0.865041,4.900000,14.070000,-3.500000
47831,,,,,,,,,,,,,,,,,,,,0.040281,0.329678,-1.609029,,,,,,
47838,,,,,,,,,,,,,,,,,,,,,,,0.023912,-0.006344,1.047614,13.300000,9.590000,0.350000
47839,,,,,,,,,,,,,50.113628,50.452530,0.224053,0.231588,,,,,,,,,,,,
47841,,,,,,,,,,,,,,,,,,,,0.039966,0.321471,-1.608838,,,,,,
47849,,,,,,,,,,,,,49.868546,50.153698,0.227464,0.235764,,,,,,,0.023912,-0.006344,1.047614,-0.560000,-2.380000,-1.820000
47851,,,,,,,,,,,,,,,,,,,,0.039379,0.313238,-1.609113,,,,,,
47859,,,,,,,,,,,,,50.730846,50.422558,0.219628,0.234209,,,,,,,,,,,,
47861,,,,0.130022,0.285174,-1.617865,0.782160,-0.070088,,,,,,,,,,,,,,,,,,,,
47862,,,,,,,,,,,54.940956,56.509571,,,,,0.024325,0.091680,-0.006615,0.038970,0.304869,-1.609262,,,,,,
47864,,,,,,,,,,,,,,,,,,,,,,,0.019703,-0.013603,0.984479,-7.420000,21.910000,-0.630000
47870,,,,,,,,,,,,,50.841351,51.091732,0.222085,0.232787,,,,,,,0.011407,-0.003050,1.037793,11.340000,14.840000,-7.490000
47871,,,,,,,,,,,,,,,,,,,,0.038365,0.296125,-1.609027,,,,,,
47878,,,,,,,,,,,,,,,,,,,,,,,0.011407,-0.003050,1.037793,-5.880000,10.430000,-7.700000
47879,,,,,,,,,,,,,51.059933,51.270603,0.220676,0.232046,,,,,,,,,,,,
47881,,,,,,,,,,,,,,,,,,,,0.037930,0.287984,-1.612953,,,,,,
47888,,,,,,,,,,,,,,,,,,,,,,,0.011407,-0.003050,1.145458,-14.280000,-9.520000,-10.430000
47889,,,,,,,,,,,,,51.705112,51.882370,0.214871,0.226854,,,,,,,,,,,,
47891,,,,,,,,,,,,,,,,,,,,0.037738,0.279301,-1.612956,,,,,,
47898,,,,,,,,,,,,,,,,,,,,,,,-0.035014,0.027084,1.145458,0.770000,-27.299999,-4.410000
47899,,,,,,,,,,,,,51.743679,51.892822,0.215125,0.227673,,,,,,,,,,,,
47901,,,,,,,,,,,,,,,,,,,,0.037374,0.271411,-1.613102,,,,,,
47908,,,,,,,,,,,,,,,,,,,,,,,-0.010492,-0.017141,0.885232,2.450000,-40.389999,2.310000
47909,,,,,,,,,,,,,51.735607,51.861095,0.215847,0.228920,,,,,,,,,,,,
47911,,,,0.128071,0.245139,-1.621088,0.795556,-0.066254,,,,,,,,,,,,0.036964,0.263246,-1.613218,,,,,,
47912,,,,,,,,,,,55.084759,56.772324,,,,,0.022069,0.091808,-0.005373,,,,,,,,,
47919,,,,,,,,,,,,,52.290329,51.848415,0.212296,0.232659,,,,,,,,,,,,
47921,,,,,,,,,,,,,,,,,,,,0.036506,0.254896,-1.613264,,,,,,
47924,,,,,,,,,,,,,,,,,,,,,,,-0.010492,-0.017141,0.885232,-7.140000,-22.750000,0.560000
47929,,,,,,,,,,,,,52.219490,51.847664,0.213578,0.233652,,,,,,,-0.015372,0.002257,1.095377,-1.820000,-17.430000,1.540000
47931,,,,,,,,,,,,,,,,,,,,0.036000,0.246485,-1.613216,,,,,,
47938,,,,,,,,,,,,,,,,,,,,,,,-0.015372,0.002257,1.095377,8.050000,8.330000,2.240000
47939,,,,,,,,,,,,,52.143368,52.377571,0.214927,0.229231,,,,,,,,,,,,
47941,,,,,,,,,,,,,,,,,,,,0.035583,0.237928,-1.613305,,,,,,
47948,,,,,,,,,,,,,,,,,,,,,,,-0.003660,-0.023485,0.918233,0.280000,36.119999,3.290000
47949,,,,,,,,,,,,,52.067791,52.264851,0.216286,0.231260,,,,,,,,,,,,
47951,,,,,,,,,,,,,,,,,,,,0.034984,0.228918,-1.613032,,,,,,
47958,,,,,,,,,,,,,,,,,,,,,,,-0.003660,-0.023485,0.918233,0.000000,38.500000,7.700000
47959,,,,,,,,,,,,,52.048004,52.213810,0.217092,0.232682,,,,,,,,,,,,
47961,,,,0.125965,0.204555,-1.624144,0.807468,-0.062746,,,,,,,,,,,,0.034523,0.220234,-1.609193,,,,,,
47962,,,,,,,,,,,55.626812,56.941376,,,,,0.020701,0.091787,-0.013638,,,,,,,,,
47968,,,,,,,,,,,,,,,,,,,,,,,0.004819,0.008479,1.077748,5.250000,4.480000,8.470000
47969,,,,,,,,,,,,,52.499783,52.639290,0.218620,0.230978,,,,,,,,,,,,
47971,,,,,,,,,,,,,,,,,,,,0.033909,0.211550,-1.609032,,,,,,
47979,,,,,,,,,,,,,52.394070,52.511452,0.220323,0.233143,,,,,,,,,,,,
47981,,,,,,,,,,,,,,,,,,,,0.033390,0.202981,-1.605270,0.004819,0.008479,1.077748,3.570000,-1.260000,9.310000
47988,,,,,,,,,,,,,,,,,,,,,,,-0.019581,0.004148,1.009733,18.549999,-17.500000,8.050000
47989,,,,,,,,,,,,,52.883282,52.982048,0.215980,0.229229,,,,,,,,,,,,
47992,,,,,,,,,,,,,,,,,,,,0.032842,0.194771,-1.605345,,,,,,
47999,,,,,,,,,,,,,52.684605,53.313614,0.218555,0.226639,,,,,,,-0.019581,0.004148,1.009733,-7.980000,-12.320000,4.410000
48001,,,,,,,,,,,,,,,,,,,,0.032296,0.186153,-1.605266,,,,,,
48008,,,,,,,,,,,,,,,,,,,,,,,-0.039833,0.022143,1.066097,-1.960000,-5.460000,1.050000
48009,,,,,,,,,,,,,53.093220,53.622471,0.214976,0.224214,,,,,,,,,,,,
48011,,,,0.123712,0.163499,-1.627046,0.817833,-0.059536,,,,,,,,,,,,0.031922,0.177617,-1.601629,,,,,,
48012,,,,,,,,,,,56.105972,57.068012,,,,,0.019499,0.092059,-0.021337,,,,,,,,,
48019,,,,,,,,,,,,,52.815533,53.803703,0.223202,0.224321,,,,,,,,,,,,
48021,,,,,,,,,,,,,,,,,,,,0.031496,0.169107,-1.601564,,,,,,
48024,,,,,,,,,,,,,,,,,,,,,,,-0.021411,0.014030,0.979965,-3.920000,2.870000,6.020000
48029,,,,,,,,,,,,,,,,,,,,,,,-0.021411,0.014030,0.979965,-6.790000,13.720000,8.610000
48030,,,,,,,,,,,,,52.799686,53.631134,0.224022,0.226734,,,,,,,,,,,,
48031,,,,,,,,,,,,,,,,,,,,0.031146,0.160247,-1.601631,,,,,,
48038,,,,,,,,,,,,,,,,,,,,,,,-0.021411,0.014030,0.979965,-2.310000,10.710000,8.260000
48039,,,,,,,,,,,,,53.154167,53.271847,0.221068,0.231086,,,,,,,,,,,,
48041,,,,,,,,,,,,,,,,,,,,0.030646,0.151393,-1.601417,,,,,,
48049,,,,,,,,,,,,,53.464569,53.563587,0.218492,0.228869,,,,,,,-0.013054,0.020740,1.023824,3.780000,0.350000,-1.330000
48051,,,,,,,,,,,,,,,,,,,,0.030225,0.142756,-1.601499,,,,,,
48058,,,,,,,,,,,,,,,,,,,,,,,-0.013054,0.020740,1.023824,-1.330000,2.590000,-0.840000
48059,,,,,,,,,,,,,53.195099,53.278416,0.221769,0.232479,,,,,,,,,,,,
48061,,,,0.121320,0.122053,-1.629808,0.826597,-0.056598,,,,,,,,,,,,0.029891,0.134119,-1.601496,,,,,,
48062,,,,,,,,,,,56.319035,56.953995,,,,,0.017758,0.091639,-0.027953,,,,,,,,,
48064,,,,,,,,,,,,,,,,,,,,0.029891,0.134119,-1.601496,,,,,,
48069,,,,,,,,,,,,,53.541306,53.611408,0.220993,0.228677,,,,,,,-0.012261,0.000427,0.938302,3.640000,18.549999,-6.650000
48071,,,,,,,,,,,,,,,,,,,,0.029477,0.125359,-1.601498,,,,,,
48079,,,,,,,,,,,,,53.800842,53.859829,0.218901,0.226812,,,,,,,,,,,,
48082,,,,,,,,,,,,,,,,,,,,,,,-0.004026,-0.013359,1.023946,4.340000,21.420000,0.280000
48081,,,,,,,,,,,,,,,,,,,,0.029108,0.116291,-1.601241,,,,,,
48088,,,,,,,,,,,,,,,,,,,,,,,-0.004026,-0.013359,1.023946,9.660000,4.200000,1.680000
48089,,,,,,,,,,,,,54.029778,54.079411,0.217070,0.225191,,,,,,,,,,,,
48091,,,,,,,,,,,,,,,,,,,,0.028562,0.107486,-1.601241,,,,,,
48099,,,,,,,,,,,,,54.215363,53.709953,0.215635,0.229534,,,,,,,-0.004026,0.005978,1.006622,-7.280000,-0.070000,-3.990000
48101,,,,,,,,,,,,,,,,,,,,0.028157,0.098842,-1.601335,,,,,,
48108,,,,,,,,,,,,,,,,,,,,,,,-0.026535,0.005978,1.006622,-0.700000,10.500000,-3.080000
48109,,,,,,,,,,,,,54.371513,53.946262,0.214463,0.227773,,,,,,,,,,,,
48111,,,,0.118798,0.080301,-1.632441,0.833714,-0.053910,,,,,,,,,,,,,,,,,,,,
48112,,,,,,,,,,,56.145020,56.773621,,,,,0.015549,0.091196,-0.028274,,,,,,,,,
48115,,,,,,,,,,,,,,,,,,,,0.027788,0.089897,-1.601337,,,,,,
48120,,,,,,,,,,,,,54.386082,54.536388,0.212928,0.220515,,,,,,,,,,,,
48119,,,,,,,,,,,,,,,,,,,,0.027788,0.089897,-1.601337,,,,,,
48122,,,,,,,,,,,,,,,,,,,,0.027693,0.081132,-1.601427,,,,,,
48125,,,,,,,,,,,,,,,,,,,,,,,-0.063135,0.043615,1.173945,-29.889999,-8.750000,-14.980000
48129,,,,,,,,,,,,,54.671795,54.204174,0.210366,0.224351,,,,,,,,,,,,
48130,,,,,,,,,,,,,,,,,,,,,,,-0.063135,0.043615,1.173945,-22.750000,-11.410000,-11.550000
48131,,,,,,,,,,,,,,,,,,,,0.027481,0.072505,-1.609389,,,,,,
48138,,,,,,,,,,,,,,,,,,,,,,,-0.066307,-0.023546,0.939827,-6.930000,-34.230000,-9.940000
48139,,,,,,,,,,,,,54.770535,54.377079,0.209653,0.223102,,,,,,,,,,,,
48141,,,,,,,,,,,,,,,,,,,,0.027330,0.064010,-1.609435,,,,,,
48149,,,,,,,,,,,,,54.821075,53.943951,0.209413,0.227999,,,,,,,-0.066307,-0.023546,0.939827,0.630000,-42.700001,-4.690000
48151,,,,,,,,,,,,,,,,,,,,0.026871,0.055878,-1.609530,,,,,,
48158,,,,,,,,,,,,,,,,,,,,,,,-0.041785,-0.049593,1.078358,-3.290000,-45.430000,-1.400000
48159,,,,,,,,,,,,,54.869740,54.131725,0.209181,0.226649,,,,,,,,,,,,
48161,,,,0.116154,0.038327,-1.634957,0.839145,-0.051453,,,,,,,,,,,,0.026378,0.047225,-1.609529,,,,,,
48162,,,,,,,,,,,55.884567,56.774151,,,,,0.013855,0.089991,-0.023101,,,,,,,,,
48168,,,,,,,,,,,,,,,,,,,,,,,-0.041785,-0.049593,1.078358,14.560000,24.850000,1.960000
48169,,,,,,,,,,,,,54.379887,54.306423,0.211776,0.225401,,,,,,,,,,,,
48171,,,,,,,,,,,,,,,,,,,,0.025822,0.038477,-1.609505,,,,,,
48179,,,,,,,,,,,,,53.974335,53.912525,0.216214,0.229913,,,,,,,,,,,,
48182,,,,,,,,,,,,,,,,,,,,,,,0.004514,-0.027755,0.825025,4.830000,49.419998,1.680000
48181,,,,,,,,,,,,,,,,,,,,0.025296,0.029326,-1.609385,,,,,,
48188,,,,,,,,,,,,,,,,,,,,,,,0.004514,-0.027755,0.825025,-0.420000,51.520000,0.070000
48189,,,,,,,,,,,,,54.203156,54.151146,0.214262,0.228051,,,,,,,,,,,,
48191,,,,,,,,,,,,,,,,,,,,0.024741,0.020191,-1.609270,,,,,,
48199,,,,,,,,,,,,,53.782852,54.284180,0.218885,0.227219,,,,,,,-0.027267,-0.008113,1.140456,4.270000,29.820000,0.490000
48201,,,,,,,,,,,,,,,,,,,,0.024233,0.011123,-1.605193,,,,,,
48208,,,,,,,,,,,,,,,,,,,,,,,-0.027267,-0.008113,1.140456,3.360000,14.280000,6.160000
48209,,,,,,,,,,,,,54.012878,53.887196,0.216959,0.231766,,,,,,,,,,,,
48211,,,,0.113397,-0.003783,-1.637366,0.842861,-0.049209,,,,,,,,,,,,0.023739,0.002226,-1.608950,,,,,,
48212,,,,,,,,,,,55.807999,56.250362,,,,,0.012006,0.089566,-0.031612,,,,,,,,,
48218,,,,,,,,,,,,,,,,,,,,,,,-0.030256,0.010370,0.917867,7.070000,1.820000,5.320000
48219,,,,,,,,,,,,,54.202904,54.097153,0.214614,0.224859,,,,,,,,,,,,
48221,,,,,,,,,,,,,,,,,,,,0.023177,-0.006381,-1.608944,,,,,,
48228,,,,,,,,,,,,,,,,,,,,,,,-0.030256,0.010370,0.917867,-6.720000,-17.010000,1.610000
48229,,,,,,,,,,,,,54.372482,54.831387,0.213206,0.217801,,,,,,,,,,,,
48231,,,,,,,,,,,,,,,,,,,,0.022782,-0.015240,-1.605191,,,,,,
48239,,,,,,,,,,,,,54.496681,54.882801,0.212226,0.217560,,,,,,,,,,,,
48241,,,,,,,,,,,,,,,,,,,,0.022330,-0.023582,-1.609266,-0.062647,0.006283,1.166686,-8.470000,-25.340000,-2.870000
48249,,,,,,,,,,,,,54.638226,54.963108,0.211045,0.217014,,,,,,,-0.062647,0.006283,1.166686,2.450000,-25.129999,-2.380000
48251,,,,,,,,,,,,,,,,,,,,0.021900,-0.032198,-1.605348,,,,,,
48258,,,,,,,,,,,,,,,,,,,,,,,-0.053314,0.001403,0.923540,-7.070000,-4.760000,-1.890000
48259,,,,,,,,,,,,,54.723793,54.450199,0.210406,0.222503,,,,,,,,,,,,
48261,,,,0.110537,-0.045941,-1.639676,0.844841,-0.047164,,,,,,,,,,,,0.021451,-0.040983,-1.609264,,,,,,
48262,,,,,,,,,,,55.605629,55.902065,,,,,0.010604,0.088985,-0.034291,,,,,,,,,
48268,,,,,,,,,,,,,,,,,,,,,,,-0.053314,0.001403,0.923540,10.780000,11.830000,1.820000
48269,,,,,,,,,,,,,54.256264,54.026058,0.213327,0.223637,,,,,,,,,,,,
48271,,,,,,,,,,,,,,,,,,,,0.020930,-0.050102,-1.609198,,,,,,
48279,,,,,,,,,,,,,54.398895,54.205200,0.212142,0.222185,,,,,,,,,,,,
48282,,,,,,,,,,,,,,,,,,,,,,,-0.029097,-0.001952,1.079395,8.330000,5.320000,3.710000
48281,,,,,,,,,,,,,,,,,,,,0.020515,-0.058812,-1.609195,,,,,,
48288,,,,,,,,,,,,,,,,,,,,,,,-0.029097,-0.001952,1.079395,7.070000,-10.850000,3.010000
48289,,,,,,,,,,,,,54.558609,54.395634,0.210754,0.220582,,,,,,,,,,,,
48291,,,,,,,,,,,,,,,,,,,,0.020003,-0.067380,-1.605350,,,,,,
48298,,,,,,,,,,,,,,,,,,,,,,,-0.030988,-0.008845,0.881267,-2.520000,13.510000,0.560000
48299,,,,,,,,,,,,,54.664722,54.527592,0.209882,0.219537,,,,,,,,,,,,
48301,,,,,,,,,,,,,,,,,,,,0.019535,-0.076301,-1.609193,,,,,,
48308,,,,,,,,,,,,,,,,,,,,,,,-0.030988,-0.008845,1.106479,6.300000,18.270000,-3.990000
48309,,,,,,,,,,,,,54.229740,54.114357,0.214507,0.224027,,,,,,,,,,,,
48311,,,,0.107584,-0.088060,-1.641899,0.845072,-0.045304,,,,,,,,,,,,0.019022,-0.085431,-1.609122,,,,,,
48312,,,,,,,,,,,54.976650,55.333935,,,,,0.008416,0.088358,-0.033022,,,,,,,,,
48318,,,,,,,,,,,,,,,,,,,,,,,-0.056425,0.003172,1.106479,6.020000,9.730000,-6.020000
48319,,,,,,,,,,,,,54.370434,54.273350,0.206931,0.216968,,,,,,,,,,,,
48321,,,,,,,,,,,,,,,,,,,,0.018502,-0.094270,-1.608941,,,,,,
48328,,,,,,,,,,,,,,,,,,,,,,,-0.056425,-0.007320,0.896151,6.160000,9.730000,-0.350000
48329,,,,,,,,,,,,,54.516972,54.435284,0.205558,0.215528,,,,,,,,,,,,
48331,,,,,,,,,,,,,,,,,,,,0.018039,-0.102926,-1.608941,,,,,,
48339,,,,,,,,,,,,,54.078117,54.009384,0.210126,0.220052,,,,,,,,,,,,
48341,,,,,,,,,,,,,,,,,,,,0.017401,-0.111993,-1.608843,-0.027938,-0.007320,0.896151,4.900000,13.090000,-0.420000
48349,,,,,,,,,,,,,54.263958,54.206127,0.208410,0.218310,,,,,,,-0.077653,0.014701,1.238788,-7.700000,10.640000,-0.840000
48351,,,,,,,,,,,,,,,,,,,,0.016996,-0.120851,-1.608735,,,,,,
48358,,,,,,,,,,,,,,,,,,,,,,,-0.077653,0.014701,1.238788,-2.100000,-0.420000,-3.430000
48359,,,,,,,,,,,,,54.429146,54.380489,0.206868,0.216758,,,,,,,,,,,,
48361,,,,0.104548,-0.130054,-1.644041,0.843551,-0.043617,,,,,,,,,,,,0.016554,-0.129528,-1.608843,,,,,,
48362,,,,,,,,,,,54.236084,54.464489,,,,,0.005906,0.087761,-0.035291,,,,,,,,,
48368,,,,,,,,,,,,,,,,,,,,,,,-0.057706,0.005124,0.912499,2.940000,-4.130000,-8.330000
48369,,,,,,,,,,,,,54.004219,54.510448,0.203758,0.206754,,,,,,,,,,,,
48371,,,,,,,,,,,,,,,,,,,,0.016139,-0.138028,-1.608944,,,,,,
48378,,,,,,,,,,,,,,,,,,,,,,,-0.057706,0.005124,0.912499,-6.720000,-23.309999,-3.150000
48379,,,,,,,,,,,,,54.225639,54.102425,0.201545,0.210907,,,,,,,,,,,,
48381,,,,,,,,,,,,,,,,,,,,0.015754,-0.146659,-1.608941,,,,,,
48388,,,,,,,,,,,,,,,,,,,,,,,-0.062342,-0.003050,1.088362,4.970000,-25.760000,2.730000
48389,,,,,,,,,,,,,54.386322,53.735096,0.199909,0.214726,,,,,,,,,,,,
48391,,,,,,,,,,,,,,,,,,,,0.015270,-0.155169,-1.608941,,,,,,
48399,,,,,,,,,,,,,53.953369,53.951611,0.204295,0.212664,,,,,,,,,,,,
48402,,,,,,,,,,,,,,,,,,,,,,,-0.062342,-0.003050,1.088362,13.440000,-9.170000,4.480000
48401,,,,,,,,,,,,,,,,,,,,0.014792,-0.163763,-1.609115,,,,,,
48408,,,,,,,,,,,,,,,,,,,,,,,-0.056364,-0.007564,0.876692,1.120000,33.810001,4.340000
48409,,,,,,,,,,,,,54.187290,53.636375,0.201965,0.215982,,,,,,,,,,,,
48411,,,,0.101438,-0.171835,-1.646111,0.840284,-0.042095,,,,,,,,,,,,0.014181,-0.172711,-1.609032,,,,,,
48412,,,,,,,,,,,53.907814,53.854549,,,,,0.004999,0.086763,-0.040221,,,,,,,,,
48418,,,,,,,,,,,,,,,,,,,,,,,-0.056364,-0.007564,0.876692,-13.860000,28.070000,-2.870000
48419,,,,,,,,,,,,,53.758060,53.838848,0.203005,0.207861,,,,,,,,,,,,
48421,,,,,,,,,,,,,,,,,,,,0.013810,-0.181810,-1.608843,,,,,,
48428,,,,,,,,,,,,,,,,,,,,,,,-0.044164,0.024766,1.074881,10.080000,28.629999,-1.680000
48429,,,,,,,,,,,,,53.482677,53.550655,0.205844,0.210803,,,,,,,,,,,,
48431,,,,,,,,,,,,,,,,,,,,0.013232,-0.190523,-1.608620,,,,,,
48438,,,,,,,,,,,,,,,,,,,,,,,-0.044164,0.024766,1.074881,5.530000,8.680000,-1.680000
48439,,,,,,,,,,,,,53.722603,53.234657,0.203481,0.214087,,,,,,,,,,,,
48441,,,,,,,,,,,,,,,,,,,,0.012719,-0.199438,-1.608508,,,,,,
48449,,,,,,,,,,,,,53.443687,53.582565,0.206363,0.210663,,,,,,,-0.073383,-0.013481,0.953552,-2.170000,10.500000,-3.780000
48451,,,,,,,,,,,,,,,,,,,,0.012255,-0.207900,-1.608846,,,,,,
48459,,,,,,,,,,,,,53.701164,53.272163,0.203830,0.213883,,,,,,,,,,,,
48461,,,,0.098266,-0.213317,-1.648116,0.835284,-0.040729,,,,,,,,,,,,0.011765,-0.216448,-1.612468,,,,,,
48462,,,,,,,,,,,52.667244,52.765984,,,,,0.001946,0.086112,-0.037129,,,,,,,,,
48463,,,,,,,,,,,,,,,,,,,,,,,-0.073383,-0.013481,1.137040,-10.990000,-16.170000,-3.780000
48468,,,,,,,,,,,,,,,,,,,,,,,-0.090951,0.014396,1.137040,-10.290000,-14.350000,-5.250000
48469,,,,,,,,,,,,,53.943268,53.582306,0.188748,0.199733,,,,,,,,,,,,
48471,,,,,,,,,,,,,,,,,,,,0.011375,-0.224984,-1.608745,,,,,,
48478,,,,,,,,,,,,,,,,,,,,,,,-0.090951,0.014396,1.137040,-13.790000,-23.170000,-7.910000
48479,,,,,,,,,,,,,53.615242,53.311531,0.191839,0.202331,,,,,,,,,,,,
48481,,,,,,,,,,,,,,,,,,,,0.010934,-0.233308,-1.612882,,,,,,
48488,,,,,,,,,,,,,,,,,,,,,,,-0.070272,0.009821,0.968070,-1.890000,-36.959999,-12.110000
48489,,,,,,,,,,,,,53.320225,53.064686,0.194658,0.204740,,,,,,,,,,,,
48491,,,,,,,,,,,,,,,,,,,,0.010561,-0.241486,-1.616793,,,,,,
48499,,,,,,,,,,,,,53.026878,52.811871,0.197520,0.207259,,,,,,,,,,,,
48502,,,,,,,,,,,,,,,,,,,,,,,-0.075335,-0.012688,1.089887,7.840000,-34.230000,-10.150000
48501,,,,,,,,,,,,,,,,,,,,0.010285,-0.249816,-1.616943,,,,,,
48508,,,,,,,,,,,,,,,,,,,,,,,-0.075335,-0.012688,1.089887,-15.330000,-30.170000,-11.270000
48509,,,,,,,,,,,,,52.882492,52.701584,0.198921,0.208375,,,,,,,,,,,,
48511,,,,0.095042,-0.254417,-1.650064,0.828574,-0.039512,,,,,,,,,,,,0.009918,-0.257922,-1.617053,,,,,,
48512,,,,,,,,,,,52.004166,52.082466,,,,,0.001041,0.084791,-0.036934,,,,,,,,,
48518,,,,,,,,,,,,,,,,,,,,,,,-0.075335,-0.012688,0.927017,8.820000,2.380000,-5.040000
48519,,,,,,,,,,,,,52.681480,52.529263,0.194164,0.203173,,,,,,,,,,,,
48521,,,,,,,,,,,,,,,,,,,,0.009422,-0.266170,-1.617141,,,,,,
48528,,,,,,,,,,,,,,,,,,,,,,,-0.059353,-0.020374,0.927017,-4.270000,6.860000,-1.890000
48529,,,,,,,,,,,,,52.550262,52.422184,0.195367,0.204176,,,,,,,,,,,,
48531,,,,,,,,,,,,,,,,,,,,0.008710,-0.275180,-1.620877,,,,,,
48538,,,,,,,,,,,,,,,,,,,,,,,-0.059353,0.001586,0.991128,-9.730000,22.540001,-2.380000
48539,,,,,,,,,,,,,52.429932,52.322166,0.196486,0.205129,,,,,,,,,,,,
48541,,,,,,,,,,,,,,,,,,,,0.008272,-0.283474,-1.620927,,,,,,
48549,,,,,,,,,,,,,52.312195,52.221523,0.197601,0.206107,,,,,,,-0.042517,0.001586,0.991128,5.670000,11.970000,-2.520000
48551,,,,,,,,,,,,,,,,,,,,0.007794,-0.291852,-1.620759,,,,,,
48559,,,,,,,,,,,,,52.233753,52.157463,0.198340,0.206733,,,,,,,,,,,,
48561,,,,0.091775,-0.295051,-1.651962,0.820187,-0.038438,,,,,,,,,,,,0.007264,-0.300384,-1.620687,,,,,,
48562,,,,,,,,,,,50.713837,51.160114,,,,,-0.001075,0.084011,-0.029488,,,,,,,,,
48564,,,,,,,,,,,,,,,,,,,,,,,-0.061061,-0.029036,0.992287,5.460000,17.780001,-4.900000
48569,,,,,,,,,,,,,,,,,,,,,,,-0.061061,-0.029036,0.992287,-8.610000,17.709999,-5.600000
48570,,,,,,,,,,,,,52.332703,51.744560,0.184123,0.201521,,,,,,,,,,,,
48571,,,,,,,,,,,,,,,,,,,,0.006801,-0.308514,-1.620687,,,,,,
48578,,,,,,,,,,,,,,,,,,,,,,,-0.079788,-0.007625,1.112701,9.310000,8.750000,-5.320000
48579,,,,,,,,,,,,,52.606411,52.111549,0.181008,0.197661,,,,,,,,,,,,
48581,,,,,,,,,,,,,,,,,,,,0.006263,-0.317121,-1.624256,,,,,,
48588,,,,,,,,,,,,,,,,,,,,,,,-0.079788,-0.007625,1.112701,-6.440000,13.510000,-5.250000
48589,,,,,,,,,,,,,51.951214,51.534836,0.187312,0.203353,,,,,,,,,,,,
48591,,,,,,,,,,,,,,,,,,,,0.005788,-0.325370,-1.624348,,,,,,
48598,,,,,,,,,,,,,,,,,,,,,,,-0.072285,0.001586,0.978562,-2.170000,-3.150000,-4.760000
48599,,,,,,,,,,,,,51.359055,51.554951,0.193105,0.203073,,,,,,,,,,,,
48601,,,,,,,,,,,,,,,,,,,,0.005331,-0.333421,-1.624507,,,,,,
48608,,,,,,,,,,,,,,,,,,,,,,,-0.072285,0.001586,0.978562,3.710000,-11.760000,-3.850000
48609,,,,,,,,,,,,,51.427647,51.592476,0.192276,0.202612,,,,,,,,,,,,
48611,,,,0.088477,-0.335140,-1.653817,0.810161,-0.037503,,,,,,,,,,,,0.004767,-0.341492,-1.628314,,,,,,
48612,,,,,,,,,,,49.536160,50.098858,,,,,-0.002843,0.083131,-0.026713,,,,,,,,,
48619,,,,,,,,,,,,,50.894821,51.033508,0.185556,0.197402,,,,,,,,,,,,
48624,,,,,,,,,,,,,,,,,,,,,,,-0.073749,-0.018178,1.042307,9.170000,-26.459999,0.070000
48621,,,,,,,,,,,,,,,,,,,,0.004151,-0.349568,-1.628314,,,,,,
48629,,,,,,,,,,,,,50.862411,50.979103,0.185615,0.197770,,,,,,,-0.073749,-0.018178,1.042307,-8.190000,-27.370001,-0.420000
48631,,,,,,,,,,,,,,,,,,,,0.003497,-0.357574,-1.624569,,,,,,
48638,,,,,,,,,,,,,,,,,,,,,,,-0.074725,0.008052,1.045174,13.160000,-35.139999,1.890000
48639,,,,,,,,,,,,,50.694099,50.792282,0.187066,0.199499,,,,,,,,,,,,
48641,,,,,,,,,,,,,,,,,,,,0.002923,-0.365268,-1.624571,,,,,,
48649,,,,,,,,,,,,,50.857430,50.940041,0.185169,0.197853,,,,,,,-0.074725,0.008052,1.045174,-0.490000,1.890000,6.090000
48651,,,,,,,,,,,,,,,,,,,,0.002377,-0.373259,-1.624732,,,,,,
48659,,,,,,,,,,,,,50.450272,50.519779,0.189057,0.201972,,,,,,,,,,,,
48661,,,,0.085156,-0.374605,-1.655635,0.798546,-0.036704,,,,,,,,,,,,0.001921,-0.381477,-1.624773,,,,,,
48662,,,,,,,,,,,48.835842,49.179203,,,,,-0.003122,0.082672,-0.030702,,,,,,,,,
48664,,,,,,,,,,,,,,,,,,,,,,,-0.060207,-0.006222,0.941474,-5.740000,15.540000,8.190000
48669,,,,,,,,,,,,,,,,,,,,,,,-0.060207,-0.006222,0.941474,6.370000,21.490000,9.940000
48670,,,,,,,,,,,,,50.337734,50.396217,0.182879,0.193768,,,,,,,,,,,,
48671,,,,,,,,,,,,,,,,,,,,0.001437,-0.389588,-1.620916,,,,,,
48678,,,,,,,,,,,,,,,,,,,,,,,-0.047397,0.005917,1.048956,-7.140000,13.650000,8.330000
48679,,,,,,,,,,,,,50.316151,50.365360,0.182799,0.193839,,,,,,,,,,,,
48681,,,,,,,,,,,,,,,,,,,,0.000889,-0.397879,-1.616992,,,,,,
48688,,,,,,,,,,,,,,,,,,,,,,,-0.047397,0.005917,1.048956,10.360000,8.540000,7.700000
48689,,,,,,,,,,,,,49.997147,50.038551,0.185757,0.196935,,,,,,,,,,,,
48691,,,,,,,,,,,,,,,,,,,,0.000346,-0.405874,-1.616860,,,,,,
48698,,,,,,,,,,,,,,,,,,,,,,,-0.056364,0.007015,0.977281,1.890000,10.080000,9.240000
48699,,,,,,,,,,,,,49.741074,49.775913,0.188136,0.199442,,,,,,,,,,,,
48701,,,,,,,,,,,,,,,,,,,,-0.000228,-0.413874,-1.616933,,,,,,
48708,,,,,,,,,,,,,,,,,,,,,,,-0.056364,0.007015,0.977281,1.610000,-0.560000,6.160000
48709,,,,,,,,,,,,,49.517899,49.547215,0.190232,0.201656,,,,,,,,,,,,
48711,,,,0.081825,-0.413373,-1.657423,0.785397,-0.036040,,,,,,,,,,,,-0.000800,-0.421649,-1.616933,,,,,,
48712,,,,,,,,,,,47.937004,47.803959,,,,,-0.004188,0.081897,-0.039818,,,,,,,,,
48719,,,,,,,,,,,,,49.290245,49.859619,0.183249,0.184368,,,,,,,,,,,,
48721,,,,,,,,,,,,,,,,,,,,-0.001245,-0.429455,-1.613163,,,,,,
48724,,,,,,,,,,,,,,,,,,,,,,,-0.091744,0.016958,1.155523,-2.030000,-9.940000,5.040000
48729,,,,,,,,,,,,,49.096409,49.575481,0.184956,0.186855,,,,,,,-0.091744,0.014396,1.002779,-3.220000,-8.680000,4.900000
48731,,,,,,,,,,,,,,,,,,,,-0.001646,-0.437285,-1.613162,,,,,,
48738,,,,,,,,,,,,,,,,,,,,,,,-0.084058,0.014396,1.002779,-15.960000,-11.970000,2.940000
48739,,,,,,,,,,,,,49.628429,49.476940,0.179297,0.187506,,,,,,,,,,,,
48741,,,,,,,,,,,,,,,,,,,,-0.001999,-0.444952,-1.613162,,,,,,
48749,,,,,,,,,,,,,48.871990,49.291805,0.186675,0.189060,,,,,,,-0.084058,0.011407,0.978074,3.710000,-22.260000,3.920000
48751,,,,,,,,,,,,,,,,,,,,-0.002420,-0.452613,-1.613160,,,,,,
48758,,,,,,,,,,,,,,,,,,,,,,,-0.069906,0.011407,0.978074,-5.390000,-21.209999,3.850000
48759,,,,,,,,,,,,,48.784340,48.590183,0.187382,0.195919,,,,,,,,,,,,
48761,,,,0.078491,-0.451371,-1.659188,0.770777,-0.035510,,,,,,,,,,,,-0.002755,-0.460133,-1.609467,,,,,,
48762,,,,,,,,,,,47.176128,46.596653,,,,,-0.004376,0.080715,-0.048442,,,,,,,,,
48768,,,,,,,,,,,,,,,,,,,,,,,-0.059780,-0.006466,0.952393,8.050000,-17.920000,4.550000
48769,,,,,,,,,,,,,48.689083,48.525719,0.180423,0.184104,,,,,,,,,,,,
48771,,,,,,,,,,,,,,,,,,,,-0.003260,-0.467745,-1.609427,,,,,,
48779,,,,,,,,,,,,,48.616600,48.479145,0.180860,0.184194,,,,,,,,,,,,
48781,,,,,,,,,,,,,,,,,,,,-0.003683,-0.475490,-1.609377,-0.059780,-0.006466,0.952393,1.330000,22.610001,-2.170000
48788,,,,,,,,,,,,,,,,,,,,,,,-0.041968,-0.001342,1.002535,-2.730000,22.889999,-3.850000
48789,,,,,,,,,,,,,48.050072,47.934418,0.186350,0.189373,,,,,,,,,,,,
48791,,,,,,,,,,,,,,,,,,,,-0.004018,-0.483365,-1.613096,,,,,,
48798,,,,,,,,,,,,,,,,,,,,,,,-0.041968,-0.001342,1.002535,6.300000,30.590000,-6.370000
48799,,,,,,,,,,,,,48.095860,47.998550,0.185708,0.188452,,,,,,,,,,,,
48801,,,,,,,,,,,,,,,,,,,,-0.004492,-0.491117,-1.612865,,,,,,
48808,,,,,,,,,,,,,,,,,,,,,,,-0.060146,-0.010797,1.036451,-6.090000,12.670000,-10.080000
48809,,,,,,,,,,,,,47.587494,47.505619,0.190710,0.193199,,,,,,,,,,,,
48811,,,,0.075165,-0.488532,-1.660937,0.754756,-0.035115,,,,,,,,,,,,-0.004886,-0.498997,-1.612959,,,,,,
48812,,,,,,,,,,,45.746975,45.156315,,,,,-0.005923,0.079428,-0.048248,,,,,,,,,
48819,,,,,,,,,,,,,47.612976,47.544086,0.175790,0.177934,,,,,,,,,,,,
48821,,,,,,,,,,,,,,,,,,,,-0.005310,-0.506502,-1.613036,,,,,,
48824,,,,,,,,,,,,,,,,,,,,,,,-0.060146,-0.010797,1.036451,-8.120000,9.800000,-16.520000
48829,,,,,,,,,,,,,47.721928,47.663963,0.174306,0.176233,,,,,,,-0.054473,-0.009699,0.987285,-0.280000,4.130000,-18.200001
48831,,,,,,,,,,,,,,,,,,,,-0.005782,-0.514289,-1.620235,,,,,,
48838,,,,,,,,,,,,,,,,,,,,,,,-0.054473,-0.009699,0.987285,-7.210000,4.620000,-19.600000
48839,,,,,,,,,,,,,47.367920,47.319149,0.177521,0.179249,,,,,,,,,,,,
48841,,,,,,,,,,,,,,,,,,,,-0.006257,-0.521725,-1.624352,,,,,,
48849,,,,,,,,,,,,,47.552086,46.411518,0.175319,0.188074,,,,,,,-0.078263,-0.024278,1.106174,-0.630000,-4.900000,-20.510000
48851,,,,,,,,,,,,,,,,,,,,-0.006663,-0.529292,-1.624433,,,,,,
48858,,,,,,,,,,,,,,,,,,,,,,,-0.078263,-0.024278,1.106174,-4.690000,-3.360000,-21.910000
48859,,,,,,,,,,,,,47.110683,46.151009,0.179460,0.190480,,,,,,,,,,,,
48861,,,,0.071856,-0.524792,-1.662676,0.737410,-0.034857,,,,,,,,,,,,-0.007097,-0.536689,-1.628324,,,,,,
48862,,,,,,,,,,,43.774227,43.583588,,,,,-0.008440,0.078126,-0.039227,,,,,,,,,
48868,,,,,,,,,,,,,,,,,,,,,,,-0.080642,-0.030561,1.028338,-5.390000,-8.400000,-24.430000
48869,,,,,,,,,,,,,46.727909,46.465744,0.162970,0.171029,,,,,,,,,,,,
48871,,,,,,,,,,,,,,,,,,,,-0.007600,-0.544008,-1.632056,,,,,,
48879,,,,,,,,,,,,,47.015911,46.245396,0.159441,0.172700,,,,,,,,,,,,
48882,,,,,,,,,,,,,,,,,,,,,,,-0.080642,-0.030561,0.965996,3.010000,-11.900000,-23.730000
48881,,,,,,,,,,,,,,,,,,,,-0.008058,-0.551242,-1.635925,,,,,,
48888,,,,,,,,,,,,,,,,,,,,,,,-0.069113,-0.041541,0.965996,3.220000,-9.800000,-20.580000
48889,,,,,,,,,,,,,46.667385,45.472290,0.162348,0.180054,,,,,,,,,,,,
48891,,,,,,,,,,,,,,,,,,,,-0.008487,-0.558338,-1.639780,,,,,,
48898,,,,,,,,,,,,,,,,,,,,,,,-0.069113,-0.041541,0.965996,-16.170000,-19.879999,-15.050000
48899,,,,,,,,,,,,,46.385574,45.380024,0.164644,0.180617,,,,,,,,,,,,
48901,,,,,,,,,,,,,,,,,,,,-0.009063,-0.565646,-1.643628,,,,,,
48908,,,,,,,,,,,,,,,,,,,,,,,-0.107177,-0.021533,1.046211,12.530000,-11.760000,-6.090000
48909,,,,,,,,,,,,,46.158497,45.312428,0.166438,0.180947,,,,,,,,,,,,
48911,,,,0.068573,-0.560092,-1.664414,0.718822,-0.034741,,,,,,,,,,,,-0.009608,-0.572753,-1.647492,,,,,,
48912,,,,,,,,,,,41.459297,42.129566,,,,,-0.011105,0.077018,-0.019717,,,,,,,,,
48918,,,,,,,,,,,,,,,,,,,,,,,-0.107177,-0.021533,1.046211,-5.390000,5.460000,-1.540000
48919,,,,,,,,,,,,,45.937405,44.679394,0.144604,0.172227,,,,,,,,,,,,
48921,,,,,,,,,,,,,,,,,,,,-0.010226,-0.579902,-1.647394,,,,,,
48928,,,,,,,,,,,,,,,,,,,,,,,-0.075274,-0.047641,0.921710,1.750000,27.930000,-1.680000
48929,,,,,,,,,,,,,45.227013,44.716461,0.150954,0.171339,,,,,,,,,,,,
48931,,,,,,,,,,,,,,,,,,,,-0.010886,-0.587202,-1.643560,,,,,,
48939,,,,,,,,,,,,,44.627964,44.198387,0.156311,0.176106,,,,,,,,,,,,
48941,,,,,,,,,,,,,,,,,,,,-0.011644,-0.594503,-1.643495,-0.076738,-0.015982,1.030900,9.100000,27.860001,5.040000
48949,,,,,,,,,,,,,44.643211,44.281765,0.155522,0.174842,,,,,,,-0.076738,-0.015982,1.030900,-3.920000,36.330002,17.080000
48951,,,,,,,,,,,,,,,,,,,,-0.012407,-0.601936,-1.639567,,,,,,
48958,,,,,,,,,,,,,,,,,,,,,,,-0.076738,-0.015982,1.005707,3.780000,27.230000,19.950001
48959,,,,,,,,,,,,,44.143375,43.839252,0.159983,0.178925,,,,,,,,,,,,
48961,,,,0.065324,-0.594376,-1.666156,0.699078,-0.034772,,,,,,,,,,,,-0.012989,-0.609092,-1.639392,,,,,,
48962,,,,,,,,,,,39.944305,40.305569,,,,,-0.012631,0.076965,-0.026157,,,,,,,,,
48968,,,,,,,,,,,,,,,,,,,,,,,-0.092964,0.008784,1.005707,-6.860000,20.440001,19.320000
48969,,,,,,,,,,,,,43.718838,44.011002,0.148324,0.158227,,,,,,,,,,,,
48971,,,,,,,,,,,,,,,,,,,,-0.013533,-0.616208,-1.635587,,,,,,
48979,,,,,,,,,,,,,42.811764,43.605476,0.156821,0.161622,,,,,,,,,,,,
48982,,,,,,,,,,,,,,,,,,,,,,,-0.121878,0.008845,1.082933,-4.130000,18.410000,14.560000
48981,,,,,,,,,,,,,,,,,,,,-0.014185,-0.623328,-1.631569,,,,,,
48988,,,,,,,,,,,,,,,,,,,,,,,-0.121878,0.008845,1.082933,-3.780000,13.930000,13.510000
48989,,,,,,,,,,,,,42.590488,43.805706,0.158504,0.158920,,,,,,,,,,,,
48991,,,,,,,,,,,,,,,,,,,,-0.014714,-0.630124,-1.631693,,,,,,
48999,,,,,,,,,,,,,42.408932,43.431416,0.159827,0.162037,,,,,,,-0.126514,0.039101,1.009916,-3.220000,16.309999,12.040000
49001,,,,,,,,,,,,,,,,,,,,-0.015221,-0.637016,-1.624079,,,,,,
49008,,,,,,,,,,,,,,,,,,,,,,,-0.126514,0.039101,1.009916,2.240000,12.250000,10.780000
49009,,,,,,,,,,,,,42.242973,43.103291,0.161027,0.164759,,,,,,,,,,,,
49011,,,,0.062117,-0.627595,-1.667912,0.678272,-0.034957,,,,,,,,,,,,-0.015708,-0.644023,-1.627403,,,,,,
49012,,,,,,,,,,,38.750225,38.388477,,,,,-0.013456,0.076665,-0.042496,,,,,,,,,
49018,,,,,,,,,,,,,,,,,,,,,,,-0.112423,0.003782,0.988200,-2.940000,5.040000,5.390000
49019,,,,,,,,,,,,,42.094784,42.272694,0.149899,0.153117,,,,,,,,,,,,
49021,,,,,,,,,,,,,,,,,,,,-0.016112,-0.650667,-1.623971,,,,,,
49028,,,,,,,,,,,,,,,,,,,,,,,-0.112423,0.003782,0.988200,-2.030000,-2.520000,7.280000
49029,,,,,,,,,,,,,41.995155,42.144848,0.150246,0.153644,,,,,,,,,,,,
49032,,,,,,,,,,,,,,,,,,,,-0.016570,-0.657112,-1.620144,,,,,,
49039,,,,,,,,,,,,,41.366310,41.492264,0.156012,0.159550,,,,,,,,,,,,
49042,,,,,,,,,,,,,,,,,,,,,,,-0.128649,-0.009516,1.119472,-4.900000,-6.650000,2.450000
49041,,,,,,,,,,,,,,,,,,,,-0.017057,-0.663620,-1.620034,,,,,,
49048,,,,,,,,,,,,,,,,,,,,,,,-0.128649,-0.009516,1.119472,1.890000,-6.160000,-5.880000
49049,,,,,,,,,,,,,40.818432,41.471031,0.161077,0.159145,,,,,,,,,,,,
49051,,,,,,,,,,,,,,,,,,,,-0.017443,-0.670090,-1.620149,,,,,,
49058,,,,,,,,,,,,,,,,,,,,,,,-0.124806,0.004575,0.867664,6.650000,-4.200000,-9.520000
49059,,,,,,,,,,,,,40.910000,41.459095,0.159729,0.158651,,,,,,,,,,,,
49061,,,,0.058961,-0.659702,-1.669690,0.656498,-0.035308,,,,,,,,,,,,-0.017894,-0.676536,-1.623955,,,,,,
49062,,,,,,,,,,,37.463623,36.699142,,,,,-0.013847,0.075754,-0.051858,,,,,,,,,
49068,,,,,,,,,,,,,,,,,,,,,,,-0.124806,0.004575,0.867664,4.130000,-13.440000,-10.010000
49069,,,,,,,,,,,,,41.000927,40.914661,0.145246,0.146359,,,,,,,,,,,,
49071,,,,,,,,,,,,,,,,,,,,-0.018284,-0.682737,-1.627768,,,,,,
49078,,,,,,,,,,,,,,,,,,,,,,,-0.108458,-0.018300,1.074881,-4.200000,-20.299999,-12.250000
49079,,,,,,,,,,,,,40.533413,40.460831,0.149308,0.150144,,,,,,,,,,,,
49081,,,,,,,,,,,,,,,,,,,,-0.018667,-0.688946,-1.627768,,,,,,
49088,,,,,,,,,,,,,,,,,,,,,,,-0.108458,-0.018300,1.074881,8.050000,-26.809999,-11.620000
49089,,,,,,,,,,,,,40.688042,40.078369,0.147116,0.153293,,,,,,,,,,,,
49091,,,,,,,,,,,,,,,,,,,,-0.019175,-0.695031,-1.631886,,,,,,
49099,,,,,,,,,,,,,40.249546,39.736568,0.150944,0.156104,,,,,,,,,,,,
49102,,,,,,,,,,,,,,,,,,,,,,,-0.115107,-0.027572,1.004609,-1.750000,-22.680000,-14.210000
49101,,,,,,,,,,,,,,,,,,,,-0.019624,-0.701046,-1.632132,,,,,,
49108,,,,,,,,,,,,,,,,,,,,,,,-0.115107,-0.027572,1.004609,9.170000,-26.320000,-13.370000
49109,,,,,,,,,,,,,40.436619,39.457447,0.148479,0.158343,,,,,,,,,,,,
49111,,,,0.055861,-0.690658,-1.671499,0.633857,-0.035835,,,,,,,,,,,,-0.020147,-0.707186,-1.635841,,,,,,
49112,,,,,,,,,,,35.420052,35.233139,,,,,-0.015153,0.074654,-0.037294,,,,,,,,,
49118,,,,,,,,,,,,,,,,,,,,,,,-0.101321,-0.026657,0.970754,-3.850000,-31.780001,-14.770000
49119,,,,,,,,,,,,,40.031967,39.208092,0.131167,0.145382,,,,,,,,,,,,
49121,,,,,,,,,,,,,,,,,,,,-0.020461,-0.713001,-1.635980,,,,,,
49128,,,,,,,,,,,,,,,,,,,,,,,-0.101321,-0.026657,0.970754,0.280000,-28.490000,-17.500000
49129,,,,,,,,,,,,,39.714485,39.021275,0.133483,0.146492,,,,,,,,,,,,
49131,,,,,,,,,,,,,,,,,,,,-0.020953,-0.718688,-1.639770,,,,,,
49138,,,,,,,,,,,,,,,,,,,,,,,-0.106140,-0.014945,1.075308,-10.220000,1.750000,-15.680000
49139,,,,,,,,,,,,,39.431000,38.300896,0.135516,0.153083,,,,,,,,,,,,
49141,,,,,,,,,,,,,,,,,,,,-0.021460,-0.724629,-1.643617,,,,,,
49148,,,,,,,,,,,,,,,,,,,,,,,-0.106140,-0.014945,1.075308,11.900000,22.190001,-11.900000
49149,,,,,,,,,,,,,38.663818,38.261608,0.142539,0.152870,,,,,,,,,,,,
49151,,,,,,,,,,,,,,,,,,,,-0.022002,-0.730838,-1.643487,,,,,,
49159,,,,,,,,,,,,,38.525303,38.186882,0.143303,0.153026,,,,,,,,,,,,
49161,,,,0.052826,-0.720427,-1.673349,0.610450,-0.036554,,,,,,,,,,,,-0.022466,-0.736923,-1.647272,,,,,,
49162,,,,,,,,,,,33.683376,33.733398,,,,,-0.015740,0.073846,-0.030640,,,,,,,,,
49163,,,,,,,,,,,,,,,,,,,,,,,-0.103456,-0.017507,0.973194,-11.270000,21.280001,-13.090000
49169,,,,,,,,,,,,,37.911179,37.626434,0.131232,0.142855,,,,,,,-0.103456,-0.007869,1.067622,3.290000,20.090000,-8.750000
49171,,,,,,,,,,,,,,,,,,,,-0.022956,-0.742673,-1.647201,,,,,,
49178,,,,,,,,,,,,,,,,,,,,,,,-0.095038,-0.007869,1.067622,-5.460000,8.400000,-11.130000
49179,,,,,,,,,,,,,37.911285,37.125080,0.130385,0.147190,,,,,,,,,,,,
49181,,,,,,,,,,,,,,,,,,,,-0.023405,-0.748686,-1.650902,,,,,,
49188,,,,,,,,,,,,,,,,,,,,,,,-0.053985,-0.012322,0.913292,-3.920000,6.090000,-8.610000
49189,,,,,,,,,,,,,37.366951,36.705437,0.135092,0.150792,,,,,,,,,,,,
49191,,,,,,,,,,,,,,,,,,,,-0.023869,-0.754304,-1.650978,,,,,,
49199,,,,,,,,,,,,,36.919399,36.362801,0.138920,0.153693,,,,,,,,,,,,
49202,,,,,,,,,,,,,,,,,,,,,,,-0.053985,-0.012322,0.913292,2.870000,-9.870000,3.010000
49201,,,,,,,,,,,,,,,,,,,,-0.024403,-0.760073,-1.650972,,,,,,
49208,,,,,,,,,,,,,,,,,,,,,,,-0.117364,-0.019032,1.129842,-4.130000,-10.710000,2.730000
49209,,,,,,,,,,,,,36.559418,36.091095,0.141945,0.155938,,,,,,,,,,,,
49211,,,,0.049860,-0.748979,-1.675251,0.586381,-0.037484,,,,,,,,,,,,-0.024861,-0.765624,-1.650896,,,,,,
49212,,,,,,,,,,,31.771137,32.003101,,,,,-0.016890,0.073121,-0.024972,,,,,,,,,
49218,,,,,,,,,,,,,,,,,,,,,,,-0.117364,-0.019032,1.129842,-3.710000,-14.000000,2.100000
49219,,,,,,,,,,,,,36.222908,35.828861,0.125297,0.140492,,,,,,,,,,,,
49221,,,,,,,,,,,,,,,,,,,,-0.025397,-0.770936,-1.651047,,,,,,
49228,,,,,,,,,,,,,,,,,,,,,,,-0.070760,-0.020618,0.914695,12.180000,-25.340000,5.740000
49229,,,,,,,,,,,,,35.949097,35.617546,0.127200,0.141883,,,,,,,,,,,,
49231,,,,,,,,,,,,,,,,,,,,-0.025938,-0.776370,-1.647268,,,,,,
49238,,,,,,,,,,,,,,,,,,,,,,,-0.070760,-0.020618,0.914695,0.840000,-19.459999,7.210000
49239,,,,,,,,,,,,,35.713768,35.434803,0.128764,0.143024,,,,,,,,,,,,
49241,,,,,,,,,,,,,,,,,,,,-0.026449,-0.781739,-1.647332,,,,,,
49249,,,,,,,,,,,,,34.988976,35.303078,0.135369,0.143681,,,,,,,-0.082167,0.014030,1.054934,-9.030000,0.070000,12.460000
49251,,,,,,,,,,,,,,,,,,,,-0.026893,-0.787248,-1.647390,,,,,,
49259,,,,,,,,,,,,,34.910866,35.175152,0.135522,0.144326,,,,,,,,,,,,
49261,,,,0.046970,-0.776289,-1.677218,0.561757,-0.038649,,,,,,,,,,,,-0.027315,-0.792879,-1.643675,,,,,,
49262,,,,,,,,,,,30.309566,30.432638,,,,,-0.016803,0.072762,-0.027182,,,,,,,,,
49263,,,,,,,,,,,,,,,,,,,,,,,-0.082167,0.014030,1.054934,2.800000,18.969999,14.490000
49268,,,,,,,,,,,,,,,,,,,,,,,-0.065758,-0.006832,0.973011,5.810000,20.440001,15.470000
49269,,,,,,,,,,,,,34.844044,34.519409,0.120668,0.134361,,,,,,,,,,,,
49271,,,,,,,,,,,,,,,,,,,,-0.027890,-0.798373,-1.639712,,,,,,
49278,,,,,,,,,,,,,,,,,,,,,,,-0.065758,-0.006832,0.973011,-0.070000,17.290001,13.860000
49279,,,,,,,,,,,,,34.237850,34.511379,0.125944,0.133626,,,,,,,,,,,,
49281,,,,,,,,,,,,,,,,,,,,-0.028467,-0.803978,-1.639631,,,,,,
49288,,,,,,,,,,,,,,,,,,,,,,,-0.059719,0.007259,0.996984,9.100000,12.110000,14.770000
49289,,,,,,,,,,,,,33.738194,33.968342,0.130255,0.138349,,,,,,,,,,,,
49291,,,,,,,,,,,,,,,,,,,,-0.028967,-0.809559,-1.635680,,,,,,
49299,,,,,,,,,,,,,33.317783,34.059261,0.133857,0.136714,,,,,,,-0.059719,0.007259,0.996984,-3.850000,16.240000,9.940000
49301,,,,,,,,,,,,,,,,,,,,-0.029467,-0.814959,-1.635675,,,,,,
49308,,,,,,,,,,,,,,,,,,,,,,,-0.100528,0.012261,1.072319,0.980000,16.100000,7.700000
49309,,,,,,,,,,,,,33.502529,33.579514,0.131371,0.140883,,,,,,,,,,,,
49311,,,,0.044161,-0.802338,-1.679264,0.536682,-0.040076,,,,,,,,,,,,-0.029874,-0.820378,-1.631877,,,,,,
49312,,,,,,,,,,,28.946966,28.437485,,,,,-0.017124,0.072616,-0.045133,,,,,,,,,
49319,,,,,,,,,,,,,33.112064,33.723846,0.120817,0.118430,,,,,,,,,,,,
49321,,,,,,,,,,,,,,,,,,,,-0.030266,-0.825767,-1.628076,,,,,,
49324,,,,,,,,,,,,,,,,,,,,,,,-0.099369,-0.013359,1.017175,2.030000,14.560000,2.730000
49330,,,,,,,,,,,,,32.966377,33.481129,0.121470,0.119849,,,,,,,-0.099369,-0.013359,1.017175,0.910000,5.460000,0.560000
49331,,,,,,,,,,,,,,,,,,,,-0.030778,-0.831037,-1.627982,,,,,,
49338,,,,,,,,,,,,,,,,,,,,,,,-0.099369,-0.013359,1.017175,-4.480000,1.960000,-6.440000
49339,,,,,,,,,,,,,32.473064,32.906174,0.125698,0.124705,,,,,,,,,,,,
49341,,,,,,,,,,,,,,,,,,,,-0.031097,-0.836142,-1.631778,,,,,,
49348,,,,,,,,,,,,,,,,,,,,,,,-0.105713,0.017080,1.038098,-1.960000,2.240000,-17.990000
49349,,,,,,,,,,,,,32.243896,32.608315,0.127330,0.126849,,,,,,,,,,,,
49351,,,,,,,,,,,,,,,,,,,,-0.031425,-0.841189,-1.635487,,,,,,
49359,,,,,,,,,,,,,32.058994,32.365616,0.128557,0.128490,,,,,,,,,,,,
49361,,,,0.041437,-0.827111,-1.681404,0.511262,-0.041801,,,,,,,,,,,,-0.031759,-0.846247,-1.639168,,,,,,
49362,,,,,,,,,,,26.995003,26.448051,,,,,-0.018484,0.071772,-0.046030,,,,,,,,,
49364,,,,,,,,,,,,,,,,,,,,,,,-0.132675,-0.019337,1.034560,-1.680000,0.140000,-20.370001
49369,,,,,,,,,,,,,32.283943,32.010983,0.105730,0.111030,,,,,,,-0.132675,-0.019337,1.034560,-1.470000,-2.800000,-19.320000
49371,,,,,,,,,,,,,,,,,,,,-0.032103,-0.851102,-1.643346,,,,,,
49378,,,,,,,,,,,,,,,,,,,,,,,-0.132675,-0.019337,0.956419,-1.610000,-8.400000,-16.030001
49379,,,,,,,,,,,,,31.653858,31.424189,0.111099,0.115903,,,,,,,,,,,,
49381,,,,,,,,,,,,,,,,,,,,-0.032406,-0.855969,-1.643256,,,,,,
49388,,,,,,,,,,,,,,,,,,,,,,,-0.092354,-0.021167,0.956419,2.380000,-16.660000,-16.030001
49389,,,,,,,,,,,,,31.589952,30.295286,0.110819,0.126422,,,,,,,,,,,,
49391,,,,,,,,,,,,,,,,,,,,-0.032773,-0.860542,-1.647119,,,,,,
49398,,,,,,,,,,,,,,,,,,,,,,,-0.092354,-0.033550,1.064999,-3.640000,-11.760000,-12.250000
49399,,,,,,,,,,,,,31.475775,30.386442,0.111064,0.124723,,,,,,,,,,,,
49401,,,,,,,,,,,,,,,,,,,,-0.033243,-0.865140,-1.647040,,,,,,
49408,,,,,,,,,,,,,,,,,,,,,,,-0.145729,-0.033550,1.064999,-11.270000,-4.970000,-13.860000
49409,,,,,,,,,,,,,30.878735,29.962170,0.116258,0.128263,,,,,,,,,,,,
49411,,,,0.038802,-0.850599,-1.683657,0.485603,-0.043865,,,,,,,,,,,,,,,,,,,,
49412,,,,,,,,,,,24.868240,24.569208,,,,,-0.019947,0.070724,-0.037595,,,,,,,,,
49410,,,,,,,,,,,,,,,,,,,,-0.033546,-0.869872,-1.650978,,,,,,
49419,,,,,,,,,,,,,30.340324,29.569126,0.099280,0.112405,,,,,,,,,,,,
49423,,,,,,,,,,,,,,,,,,,,,,,-0.097478,-0.005551,0.966667,7.420000,-17.570000,-9.940000
49421,,,,,,,,,,,,,,,,,,,,-0.033865,-0.874314,-1.654726,,,,,,
49429,,,,,,,,,,,,,29.939835,29.290947,0.102271,0.114242,,,,,,,-0.097478,-0.005551,0.966667,10.080000,-16.450001,-0.980000
49431,,,,,,,,,,,,,,,,,,,,-0.034403,-0.878694,-1.654801,,,,,,
49438,,,,,,,,,,,,,,,,,,,,,,,-0.104188,-0.035624,1.018517,2.310000,-17.080000,-4.760000
49439,,,,,,,,,,,,,29.562580,29.016607,0.105104,0.116096,,,,,,,,,,,,
49441,,,,,,,,,,,,,,,,,,,,-0.034849,-0.882950,-1.654801,,,,,,
49448,,,,,,,,,,,,,,,,,,,,,,,-0.104188,-0.035624,1.018517,4.760000,-1.400000,-3.640000
49449,,,,,,,,,,,,,29.253948,28.794567,0.107314,0.117472,,,,,,,,,,,,
49451,,,,,,,,,,,,,,,,,,,,-0.035241,-0.887317,-1.654726,,,,,,
49458,,,,,,,,,,,,,,,,,,,,,,,-0.120231,0.006222,0.993995,-2.870000,3.990000,4.410000
49459,,,,,,,,,,,,,28.993385,28.606861,0.109094,0.118541,,,,,,,,,,,,
49461,,,,0.036260,-0.872799,-1.686044,0.459809,-0.046321,,,,,,,,,,,,-0.035703,-0.891772,-1.654716,,,,,,
49462,,,,,,,,,,,23.065405,22.907892,,,,,-0.020397,0.070020,-0.032045,,,,,,,,,
49468,,,,,,,,,,,,,,,,,,,,,,,-0.120231,0.006222,0.993995,7.070000,3.010000,6.370000
49469,,,,,,,,,,,,,28.226374,27.901152,0.097704,0.107986,,,,,,,,,,,,
49471,,,,,,,,,,,,,,,,,,,,-0.036234,-0.896093,-1.651029,,,,,,
49479,,,,,,,,,,,,,28.131426,27.857784,0.097640,0.107430,,,,,,,,,,,,
49482,,,,,,,,,,,,,,,,,,,,,,,-0.091622,-0.026962,1.067439,3.710000,0.910000,3.360000
49481,,,,,,,,,,,,,,,,,,,,-0.036652,-0.900226,-1.651038,,,,,,
49488,,,,,,,,,,,,,,,,,,,,,,,-0.091622,-0.026962,1.067439,-4.060000,-1.960000,1.400000
49489,,,,,,,,,,,,,27.500351,27.270107,0.103064,0.112434,,,,,,,,,,,,
49491,,,,,,,,,,,,,,,,,,,,-0.036954,-0.904273,-1.651106,,,,,,
49498,,,,,,,,,,,,,,,,,,,,,,,-0.095343,0.022387,0.967216,3.710000,6.440000,7.700000
49499,,,,,,,,,,,,,26.978237,26.784512,0.107502,0.116515,,,,,,,,,,,,
49501,,,,,,,,,,,,,,,,,,,,-0.037452,-0.908541,-1.651038,,,,,,
49508,,,,,,,,,,,,,,,,,,,,,,,-0.095343,0.022387,0.967216,6.020000,10.220000,4.690000
49509,,,,,,,,,,,,,26.537771,26.923098,0.111213,0.114326,,,,,,,,,,,,
49511,,,,0.033813,-0.893711,-1.688589,0.433981,-0.049234,,,,,,,,,,,,-0.037885,-0.912497,-1.651098,,,,,,
49512,,,,,,,,,,,21.424286,21.174572,,,,,-0.020651,0.069769,-0.034549,,,,,,,,,
49519,,,,,,,,,,,,,26.601898,26.391985,0.093125,0.101261,,,,,,,,,,,,
49521,,,,,,,,,,,,,,,,,,,,-0.038233,-0.916569,-1.647394,,,,,,
49524,,,,,,,,,,,,,,,,,,,,,,,-0.092903,-0.025315,1.007720,-1.680000,5.600000,4.270000
49529,,,,,,,,,,,,,,,,,,,,,,,-0.092903,-0.025315,1.007720,0.630000,3.430000,5.880000
49530,,,,,,,,,,,,,26.155401,25.978781,0.096643,0.104432,,,,,,,,,,,,
49531,,,,,,,,,,,,,,,,,,,,-0.038665,-0.920584,-1.647113,,,,,,
49538,,,,,,,,,,,,,,,,,,,,,,,-0.085278,0.008540,1.057435,10.290000,-2.380000,7.630000
49539,,,,,,,,,,,,,25.415516,25.834969,0.103244,0.104938,,,,,,,,,,,,
49541,,,,,,,,,,,,,,,,,,,,-0.039073,-0.924427,-1.647023,,,,,,
49548,,,,,,,,,,,,,,,,,,,,,,,-0.085278,0.008540,1.057435,4.200000,0.140000,-3.780000
49549,,,,,,,,,,,,,25.224833,25.577759,0.104391,0.106629,,,,,,,,,,,,
49551,,,,,,,,,,,,,,,,,,,,-0.039471,-0.928219,-1.643419,,,,,,
49558,,,,,,,,,,,,,,,,,,,,,,,-0.107543,-0.012383,1.007171,-0.210000,-1.330000,-9.240000
49559,,,,,,,,,,,,,25.055899,25.352850,0.105354,0.108043,,,,,,,,,,,,
49561,,,,0.031463,-0.913340,-1.691322,0.408217,-0.052682,,,,,,,,,,,,,,,,,,,,
49562,,,,,,,,,,,20.270002,19.607708,,,,,-0.019709,0.069648,-0.049781,-0.039790,-0.932043,-1.643419,,,,,,
49568,,,,,,,,,,,,,,,,,,,,,,,-0.107543,-0.012383,1.007171,0.980000,-3.010000,-9.100000
49569,,,,,,,,,,,,,24.916456,24.618536,0.094276,0.098715,,,,,,,,,,,,
49571,,,,,,,,,,,,,,,,,,,,-0.040097,-0.935691,-1.647192,,,,,,
49579,,,,,,,,,,,,,24.788742,24.538073,0.094649,0.098534,,,,,,,,,,,,
49582,,,,,,,,,,,,,,,,,,,,,,,-0.086254,0.010004,1.017907,-0.210000,-10.430000,-11.270000
49581,,,,,,,,,,,,,,,,,,,,-0.040448,-0.939280,-1.650884,,,,,,
49588,,,,,,,,,,,,,,,,,,,,,,,-0.086254,0.010004,1.048102,5.250000,-10.150000,-13.230000
49589,,,,,,,,,,,,,24.150852,23.939939,0.100252,0.103648,,,,,,,,,,,,
49591,,,,,,,,,,,,,,,,,,,,-0.040823,-0.942933,-1.654806,,,,,,
49598,,,,,,,,,,,,,,,,,,,,,,,-0.099125,-0.025376,1.048102,-2.030000,-13.160000,-14.280000
49599,,,,,,,,,,,,,24.148020,23.970556,0.099505,0.102470,,,,,,,,,,,,
49601,,,,,,,,,,,,,,,,,,,,-0.041074,-0.946369,-1.654926,,,,,,
49608,,,,,,,,,,,,,,,,,,,,,,,-0.091744,0.003111,0.961970,-2.380000,-13.930000,-13.160000
49609,,,,,,,,,,,,,23.600168,23.450851,0.104317,0.106898,,,,,,,,,,,,
49611,,,,0.029213,-0.931699,-1.694279,0.382615,-0.056768,,,,,,,,,,,,-0.041444,-0.949772,-1.654801,,,,,,
49612,,,,,,,,,,,18.341942,17.896652,,,,,-0.020532,0.068798,-0.040475,,,,,,,,,
49618,,,,,,,,,,,,,,,,,,,,,,,-0.091744,0.003111,0.961970,-1.960000,-9.870000,-14.910000
49619,,,,,,,,,,,,,23.689676,23.016542,0.083072,0.093107,,,,,,,,,,,,
49621,,,,,,,,,,,,,,,,,,,,-0.041774,-0.953092,-1.658622,,,,,,
49628,,,,,,,,,,,,,,,,,,,,,,,-0.072163,-0.024522,1.052372,0.630000,4.620000,-14.770000
49629,,,,,,,,,,,,,23.209909,22.643536,0.086896,0.095887,,,,,,,,,,,,
49631,,,,,,,,,,,,,,,,,,,,-0.042015,-0.956612,-1.662382,,,,,,
49639,,,,,,,,,,,,,22.822422,22.345875,0.089875,0.097974,,,,,,,,,,,,
49641,,,,,,,,,,,,,,,,,,,,-0.042348,-0.960128,-1.666116,-0.072163,-0.024522,1.052372,-0.280000,6.230000,-15.540000
49648,,,,,,,,,,,,,,,,,,,,,,,-0.072468,-0.010675,0.976305,-0.210000,5.320000,-15.260000
49649,,,,,,,,,,,,,22.485142,22.084173,0.092419,0.099754,,,,,,,,,,,,
49651,,,,,,,,,,,,,,,,,,,,-0.042687,-0.963397,-1.669854,,,,,,
49658,,,,,,,,,,,,,,,,,,,,,,,-0.072468,-0.010675,0.976305,-1.960000,1.400000,-15.960000
49659,,,,,,,,,,,,,22.205647,21.320496,0.094441,0.106706,,,,,,,,,,,,
49661,,,,0.027063,-0.948801,-1.697500,0.357266,-0.061619,,,,,,,,,,,,-0.043015,-0.966743,-1.669791,,,,,,
49662,,,,,,,,,,,16.381947,16.232904,,,,,-0.021383,0.067937,-0.026205,,,,,,,,,
49668,,,,,,,,,,,,,,,,,,,,,,,-0.088572,-0.002257,1.049749,-4.480000,1.260000,-14.000000
49669,,,,,,,,,,,,,21.968496,21.223730,0.076095,0.090038,,,,,,,,,,,,
49671,,,,,,,,,,,,,,,,,,,,-0.043363,-0.970045,-1.673660,,,,,,
49679,,,,,,,,,,,,,21.765989,21.139341,0.077044,0.089900,,,,,,,,,,,,
49682,,,,,,,,,,,,,,,,,,,,,,,-0.088572,-0.002257,1.049749,0.910000,-5.110000,-12.740000
49681,,,,,,,,,,,,,,,,,,,,-0.043613,-0.973217,-1.673666,,,,,,
49688,,,,,,,,,,,,,,,,,,,,,,,-0.075701,-0.035807,0.981551,4.900000,-4.620000,-9.870000
49689,,,,,,,,,,,,,21.058296,20.531036,0.083185,0.095124,,,,,,,,,,,,
49691,,,,,,,,,,,,,,,,,,,,-0.043945,-0.976279,-1.673650,,,,,,
49699,,,,,,,,,,,,,20.994225,20.004625,0.082904,0.099633,,,,,,,-0.075701,-0.035807,0.981551,6.440000,1.960000,1.610000
49701,,,,,,,,,,,,,,,,,,,,-0.044481,-0.979395,-1.677248,,,,,,
49708,,,,,,,,,,,,,,,,,,,,,,,-0.083570,-0.018544,0.994971,5.180000,3.990000,6.790000
49709,,,,,,,,,,,,,20.400110,20.114576,0.088041,0.097758,,,,,,,,,,,,
49711,,,,0.025014,-0.964665,-1.701037,0.332259,-0.067396,,,,,,,,,,,,-0.044978,-0.982510,-1.677107,,,,,,
49712,,,,,,,,,,,14.708170,14.552438,,,,,-0.021795,0.067534,-0.024288,,,,,,,,,
49718,,,,,,,,,,,,,,,,,,,,,,,-0.083570,-0.018544,0.994971,3.780000,8.610000,11.060000
49719,,,,,,,,,,,,,20.446018,19.658876,0.069697,0.084489,,,,,,,,,,,,
49721,,,,,,,,,,,,,,,,,,,,-0.045383,-0.985555,-1.673455,,,,,,
49728,,,,,,,,,,,,,,,,,,,,,,,-0.067161,0.005856,1.018761,2.520000,9.590000,13.230000
49729,,,,,,,,,,,,,19.940500,19.278200,0.073705,0.087350,,,,,,,,,,,,
49731,,,,,,,,,,,,,,,,,,,,-0.045778,-0.988814,-1.669641,,,,,,
49739,,,,,,,,,,,,,18.975224,18.967287,0.082505,0.089576,,,,,,,,,,,,
49742,,,,,,,,,,,,,,,,,,,,,,,-0.067161,0.014152,1.015467,-0.560000,12.390000,14.140000
49741,,,,,,,,,,,,,,,,,,,,-0.046113,-0.991774,-1.669472,,,,,,
49749,,,,,,,,,,,,,18.699951,19.240112,0.084459,0.085911,,,,,,,-0.062464,0.014152,1.015467,1.540000,10.920000,14.910000
49751,,,,,,,,,,,,,,,,,,,,-0.046422,-0.994765,-1.665732,,,,,,
49758,,,,,,,,,,,,,,,,,,,,,,,-0.062464,0.014152,1.015467,5.390000,19.110001,12.390000
49759,,,,,,,,,,,,,18.471359,18.925852,0.085992,0.088179,,,,,,,,,,,,
49761,,,,0.023067,-0.979316,-1.704954,0.307676,-0.074310,,,,,,,,,,,,-0.046862,-0.997828,-1.661986,,,,,,
49762,,,,,,,,,,,13.300804,12.823154,,,,,-0.021880,0.067662,-0.038297,,,,,,,,,
49768,,,,,,,,,,,,,,,,,,,,,,,-0.113277,-0.022326,1.040294,8.750000,15.960000,13.720000
49769,,,,,,,,,,,,,18.279297,18.661707,0.072844,0.072359,,,,,,,,,,,,
49771,,,,,,,,,,,,,,,,,,,,-0.047250,-1.000860,-1.658035,,,,,,
49778,,,,,,,,,,,,,,,,,,,,,,,-0.113277,-0.022326,1.040294,2.660000,13.930000,14.000000
49779,,,,,,,,,,,,,18.112204,18.433962,0.073552,0.073515,,,,,,,,,,,,
49781,,,,,,,,,,,,,,,,,,,,-0.047589,-1.003677,-1.658137,,,,,,
49788,,,,,,,,,,,,,,,,,,,,,,,-0.086498,0.019459,1.004548,1.120000,9.800000,9.030000
49789,,,,,,,,,,,,,17.988436,17.709396,0.073853,0.079783,,,,,,,,,,,,
49791,,,,,,,,,,,,,,,,,,,,-0.047857,-1.006359,-1.654259,,,,,,
49799,,,,,,,,,,,,,17.858183,17.623400,0.074244,0.079683,,,,,,,,,,,,
49802,,,,,,,,,,,,,,,,,,,,,,,-0.121817,-0.005856,1.020103,4.130000,12.250000,-2.170000
49801,,,,,,,,,,,,,,,,,,,,-0.048080,-1.009121,-1.658130,,,,,,
49808,,,,,,,,,,,,,,,,,,,,,,,-0.121817,-0.005856,1.020103,5.250000,11.620000,-2.380000
49809,,,,,,,,,,,,,17.227827,17.580769,0.079762,0.079158,,,,,,,,,,,,
49811,,,,0.021221,-0.992780,-1.709330,0.283596,-0.082637,,,,,,,,,,,,-0.048467,-1.011701,-1.658130,,,,,,
49812,,,,,,,,,,,11.758436,11.083443,,,,,-0.022343,0.067510,-0.047180,,,,,,,,,
49818,,,,,,,,,,,,,,,,,,,,,,,-0.121817,0.003111,1.001376,3.290000,5.740000,-0.560000
49819,,,,,,,,,,,,,16.682631,16.979597,0.068805,0.066593,,,,,,,,,,,,
49821,,,,,,,,,,,,,,,,,,,,-0.048836,-1.014401,-1.657909,,,,,,
49828,,,,,,,,,,,,,,,,,,,,,,,-0.097966,0.003111,1.001376,2.030000,3.290000,0.420000
49829,,,,,,,,,,,,,16.777843,16.479496,0.066849,0.070515,,,,,,,,,,,,
49831,,,,,,,,,,,,,,,,,,,,-0.049118,-1.016944,-1.657783,,,,,,
49838,,,,,,,,,,,,,,,,,,,,,,,-0.117791,-0.002440,1.025105,0.350000,2.660000,-7.910000
49839,,,,,,,,,,,,,16.304893,16.053865,0.070669,0.073777,,,,,,,,,,,,
49841,,,,,,,,,,,,,,,,,,,,-0.049401,-1.019468,-1.657783,,,,,,
49848,,,,,,,,,,,,,,,,,,,,,,,-0.117791,-0.002440,1.025105,1.120000,2.800000,-14.140000
49849,,,,,,,,,,,,,15.906514,15.695299,0.073824,0.076441,,,,,,,,,,,,
49851,,,,,,,,,,,,,,,,,,,,-0.049610,-1.021857,-1.657926,,,,,,
49859,,,,,,,,,,,,,15.574618,15.396902,0.076379,0.078562,,,,,,,,,,,,
49861,,,,0.019475,-1.005087,-1.714266,0.260092,-0.092740,,,,,,,,,,,,-0.049833,-1.024157,-1.657792,,,,,,
49862,,,,,,,,,,,10.287105,9.432877,,,,,-0.022650,0.067323,-0.055985,,,,,,,,,
49864,,,,,,,,,,,,,,,,,,,,,,,-0.129625,0.003111,1.028643,4.620000,3.570000,-7.980000
49869,,,,,,,,,,,,,,,0.058880,0.058848,,,,,,,-0.129625,0.003111,1.028643,5.810000,3.220000,-10.150000
49870,,,,,,,,,,,,,15.744051,15.594521,,,,,,,,,,,,,,
49871,,,,,,,,,,,,,,,,,,,,-0.050107,-1.026434,-1.661557,,,,,,
49878,,,,,,,,,,,,,,,,,,,,,,,-0.107299,-0.010370,0.989359,3.780000,-3.290000,-9.520000
49879,,,,,,,,,,,,,15.515500,14.822571,0.060120,0.065489,,,,,,,,,,,,
49881,,,,,,,,,,,,,,,,,,,,-0.050382,-1.028657,-1.665410,,,,,,
49888,,,,,,,,,,,,,,,,,,,,,,,-0.107299,-0.010370,0.989359,-1.120000,-8.680000,-11.060000
49889,,,,,,,,,,,,,15.245840,14.662809,0.061825,0.066041,,,,,,,,,,,,
49891,,,,,,,,,,,,,,,,,,,,-0.050602,-1.030773,-1.665153,,,,,,
49899,,,,,,,,,,,,,14.471834,13.981273,0.068728,0.071946,,,,,,,,,,,,
49902,,,,,,,,,,,,,,,,,,,,,,,-0.129503,-0.000488,1.049322,0.000000,0.000000,-24.150000
49901,,,,,,,,,,,,,,,,,,,,-0.050823,-1.032792,-1.669037,,,,,,
49908,,,,,,,,,,,,,,,,,,,,,,,-0.129503,-0.000488,1.049322,-1.260000,2.730000,-19.180000
49909,,,,,,,,,,,,,14.361546,13.948787,0.069016,0.071368,,,,,,,,,,,,
49911,,,,0.017828,-1.016271,-1.719891,0.237232,-0.105115,,,,,,,,,,,,-0.051002,-1.034787,-1.672896,,,,,,
49912,,,,,,,,,,,8.625702,7.845909,,,,,-0.023373,0.066636,-0.048464,,,,,,,,,
49918,,,,,,,,,,,,,,,,,,,,,,,-0.143655,0.004392,0.985943,0.910000,1.190000,-17.290001
49919,,,,,,,,,,,,,14.278656,13.382648,0.052100,0.060053,,,,,,,,,,,,
49921,,,,,,,,,,,,,,,,,,,,-0.051202,-1.036612,-1.676625,,,,,,
49928,,,,,,,,,,,,,,,,,,,,,,,-0.143655,0.004392,0.985943,-1.190000,-4.690000,-17.990000
49929,,,,,,,,,,,,,14.204058,12.902657,0.051731,0.063841,,,,,,,,,,,,
49931,,,,,,,,,,,,,,,,,,,,-0.051376,-1.038410,-1.680581,,,,,,
49938,,,,,,,,,,,,,,,,,,,,,,,-0.107177,-0.013969,1.017480,-0.280000,-7.910000,-19.389999
49939,,,,,,,,,,,,,13.590330,12.495332,0.056875,0.066984,,,,,,,,,,,,
49941,,,,,,,,,,,,,,,,,,,,-0.051598,-1.040190,-1.684276,,,,,,
49949,,,,,,,,,,,,,13.073611,12.152280,0.061153,0.069554,,,,,,,-0.107177,-0.013969,1.017480,0.280000,-11.550000,-21.000000
49951,,,,,,,,,,,,,,,,,,,,-0.051800,-1.041863,-1.684276,,,,,,
49959,,,,,,,,,,,,,13.198533,11.873725,0.058989,0.071534,,,,,,,,,,,,
49961,,,,0.016280,-1.026369,-1.726375,0.215077,-0.120439,,,,,,,,,,,,-0.051929,-1.043484,-1.687762,,,,,,
49962,,,,,,,,,,,7.296875,6.556328,,,,,-0.023127,0.065862,-0.040801,,,,,,,,,
49964,,,,,,,,,,,,,,,,,,,,,,,-0.132309,-0.002074,1.021262,0.700000,-4.970000,-7.910000
49969,,,,,,,,,,,,,12.726391,11.611697,0.049336,0.060247,,,,,,,-0.132309,-0.002074,1.021262,2.170000,-9.730000,-9.240000
49971,,,,,,,,,,,,,,,,,,,,-0.052189,-1.045040,-1.691455,,,,,,
49978,,,,,,,,,,,,,,,,,,,,,,,-0.118340,-0.008174,1.006927,0.140000,-11.550000,-10.150000
49979,,,,,,,,,,,,,12.370542,11.432638,0.051880,0.061062,,,,,,,,,,,,
49981,,,,,,,,,,,,,,,,,,,,-0.052313,-1.046479,-1.691769,,,,,,
49988,,,,,,,,,,,,,,,,,,,,,,,-0.118340,-0.008174,1.006927,-1.470000,-12.810000,-10.990000
49989,,,,,,,,,,,,,11.500936,11.257965,0.059735,0.061869,,,,,,,,,,,,
49991,,,,,,,,,,,,,,,,,,,,-0.052517,-1.047821,-1.691760,,,,,,
49998,,,,,,,,,,,,,,,,,,,,,,,-0.105774,0.004453,1.020042,-1.540000,-12.670000,-13.370000
49999,,,,,,,,,,,,,11.314445,10.564157,0.060796,0.068005,,,,,,,,,,,,
50001,,,,,,,,,,,,,,,,,,,,-0.052627,-1.049156,-1.695637,,,,,,
50008,,,,,,,,,,,,,,,,,,,,,,,-0.105774,0.004453,1.001254,-2.590000,-10.010000,-16.870001
50009,,,,,,,,,,,,,11.169105,10.537811,0.061475,0.067473,,,,,,,,,,,,
50011,,,,0.014827,-1.035419,-1.733945,0.193684,-0.139665,,,,,,,,,,,,-0.052747,-1.050452,-1.695629,,,,,,
50012,,,,,,,,,,,6.268156,5.486819,,,,,-0.022115,0.065186,-0.036391,,,,,,,,,
50019,,,,,,,,,,,,,11.031966,9.956036,0.051607,0.061701,,,,,,,,,,,,
50023,,,,,,,,,,,,,,,,,,,,,,,-0.096746,-0.004209,1.001254,-1.330000,-2.240000,-22.820000
50021,,,,,,,,,,,,,,,,,,,,-0.052851,-1.051707,-1.699327,,,,,,
50028,,,,,,,,,,,,,,,,,,,,,,,-0.096746,-0.014274,1.020774,-1.050000,0.910000,-22.260000
50029,,,,,,,,,,,,,10.931426,9.476428,0.051680,0.065699,,,,,,,,,,,,
50031,,,,,,,,,,,,,,,,,,,,-0.053025,-1.052977,-1.703001,,,,,,
50038,,,,,,,,,,,,,,,,,,,,,,,-0.079788,-0.014274,1.020774,2.660000,0.770000,-7.140000
50039,,,,,,,,,,,,,10.292259,9.068025,0.057266,0.069067,,,,,,,,,,,,
50041,,,,,,,,,,,,,,,,,,,,-0.053250,-1.054261,-1.706750,,,,,,
50049,,,,,,,,,,,,,10.304389,8.726157,0.056338,0.071838,,,,,,,-0.068442,-0.012322,0.999180,3.080000,9.730000,-2.590000
50051,,,,,,,,,,,,,,,,,,,,-0.053465,-1.055573,-1.706679,,,,,,
50058,,,,,,,,,,,,,,,,,,,,,,,-0.068442,-0.012322,0.999180,1.540000,6.440000,-0.070000
50059,,,,,,,,,,,,,9.762804,8.981226,0.061055,0.068589,,,,,,,,,,,,
50061,,,,0.013467,-1.043463,-1.742913,0.173101,-0.164169,,,,,,,,,,,,-0.053695,-1.056905,-1.706601,,,,,,
50062,,,,,,,,,,,5.379580,4.464849,,,,,-0.020939,0.064691,-0.037000,,,,,,,,,
50068,,,,,,,,,,,,,,,,,,,,,,,-0.071736,-0.002196,1.037976,1.960000,0.630000,-5.810000
50069,,,,,,,,,,,,,9.309311,8.651691,0.055918,0.060827,,,,,,,,,,,,
50086,,,,,,,,,,,,,9.144610,7.935410,0.056812,0.067295,,,,,,,,,,,,
50081,,,,,,,,,,,,,,,,,,,,-0.054043,-1.059141,-1.706529,,,,,,
50089,,,,,,,,,,,,,7.694274,8.350311,0.070852,0.062369,,,,,,,,,,,,
50092,,,,,,,,,,,,,,,,,,,,,,,-0.066856,0.002684,1.017053,-0.140000,-7.770000,4.830000
50091,,,,,,,,,,,,,,,,,,,,-0.054211,-1.060163,-1.702840,,,,,,
50098,,,,,,,,,,,,,,,,,,,,,,,-0.066856,0.002684,1.017053,0.700000,-7.840000,-3.220000
50099,,,,,,,,,,,,,7.569071,8.121060,0.071667,0.063931,,,,,,,,,,,,
50104,,,,,,,,,,,,,,,,,,,,,,,-0.066856,0.002684,1.017053,0.560000,5.740000,-7.350000
50101,,,,,,,,,,,,,,,,,,,,-0.054310,-1.061212,-1.702933,,,,,,
50109,,,,,,,,,,,,,7.998496,8.462940,0.066849,0.059712,,,,,,,-0.064477,-0.007808,1.012234,1.330000,4.200000,-13.650000
50111,,,,0.012199,-1.050544,-1.753716,0.153372,-0.195984,,,,,,,,,,,,-0.054497,-1.062286,-1.706601,,,,,,
50112,,,,,,,,,,,4.739784,3.531608,,,,,-0.019334,0.064512,-0.050533,,,,,,,,,
50119,,,,,,,,,,,,,7.821749,7.666625,0.061602,0.057516,,,,,,,,,,,,
50121,,,,,,,,,,,,,,,,,,,,-0.054621,-1.063414,-1.710263,,,,,,
50124,,,,,,,,,,,,,,,,,,,,,,,-0.064477,-0.002257,1.017724,1.120000,-8.610000,-16.450001
50129,,,,,,,,,,,,,7.691172,7.560650,0.062317,0.057770,,,,,,,-0.043676,-0.002257,1.017724,0.840000,-5.810000,-21.000000
50131,,,,,,,,,,,,,,,,,,,,-0.054785,-1.064398,-1.714079,,,,,,
50138,,,,,,,,,,,,,,,,,,,,,,,-0.043676,-0.002257,1.017724,0.980000,0.560000,-20.790001
50139,,,,,,,,,,,,,7.563167,6.907438,0.063033,0.063627,,,,,,,,,,,,
50141,,,,,,,,,,,,,,,,,,,,-0.054935,-1.065407,-1.717883,,,,,,
50149,,,,,,,,,,,,,7.457328,6.905598,0.063547,0.062970,,,,,,,-0.086437,-0.010187,0.996740,0.070000,4.410000,-22.120001
50151,,,,,,,,,,,,,,,,,,,,-0.055075,-1.066463,-1.721471,,,,,,
50158,,,,,,,,,,,,,,,,,,,,,,,-0.086437,-0.010187,0.996740,0.350000,-1.190000,-27.580000
50159,,,,,,,,,,,,,7.372353,6.359248,0.063871,0.067868,,,,,,,,,,,,
50161,,,,0.011019,-1.056707,-1.766990,0.134537,-0.238227,,,,,,,,,,,,-0.055180,-1.067411,-1.725055,,,,,,
50162,,,,,,,,,,,3.609881,2.228053,,,,,-0.019485,0.063905,-0.047054,,,,,,,,,
50168,,,,,,,,,,,,,,,,,,,,,,,-0.036844,-0.003965,1.029985,0.910000,-7.700000,-22.540001
50169,,,,,,,,,,,,,7.294038,6.441611,0.052618,0.053167,,,,,,,,,,,,
50171,,,,,,,,,,,,,,,,,,,,-0.055325,-1.068401,-1.728707,,,,,,
50179,,,,,,,,,,,,,7.785835,5.969515,0.046865,0.057139,,,,,,,,,,,,
50182,,,,,,,,,,,,,,,,,,,,,,,-0.036844,-0.012810,1.002962,1.050000,5.250000,-31.639999
50181,,,,,,,,,,,,,,,,,,,,-0.055443,-1.069413,-1.732334,,,,,,
50188,,,,,,,,,,,,,,,,,,,,,,,-0.056486,-0.012810,1.002962,0.630000,4.970000,-33.250000
50189,,,,,,,,,,,,,7.098335,5.570084,0.053042,0.060465,,,,,,,,,,,,
50191,,,,,,,,,,,,,,,,,,,,-0.055656,-1.070557,-1.739337,,,,,,
50198,,,,,,,,,,,,,,,,,,,,,,,-0.056486,-0.012810,1.002962,-0.210000,2.520000,-25.410000
50199,,,,,,,,,,,,,7.065888,5.233343,0.052675,0.063231,,,,,,,,,,,,
50201,,,,,,,,,,,,,,,,,,,,-0.055791,-1.071471,-1.742860,,,,,,
50208,,,,,,,,,,,,,,,,,,,,,,,-0.075152,-0.001708,1.027423,0.070000,1.120000,-24.920000
50209,,,,,,,,,,,,,7.040898,4.951164,0.052239,0.065509,,,,,,,,,,,,
50211,,,,0.009924,-1.061999,-1.783693,0.116627,-0.295860,,,,,,,,,,,,-0.055931,-1.072364,-1.750209,,,,,,
50212,,,,,,,,,,,2.311490,0.692230,,,,,-0.020556,0.063116,-0.040027,,,,,,,,,
50219,,,,,,,,,,,,,7.020092,4.713849,0.038522,0.051719,,,,,,,,,,,,
50221,,,,,,,,,,,,,,,,,,,,-0.056047,-1.073155,-1.753916,,,,,,
50224,,,,,,,,,,,,,,,,,,,,,,,-0.075152,-0.017324,1.010526,0.420000,-3.080000,-35.139999
50229,,,,,,,,,,,,,6.989726,5.049253,0.037890,0.047494,,,,,,,-0.087169,-0.017324,1.010526,1.050000,-5.740000,-36.470001
50231,,,,,,,,,,,,,,,,,,,,-0.056145,-1.073915,-1.757413,,,,,,
50238,,,,,,,,,,,,,,,,,,,,,,,-0.087169,-0.017324,1.022665,0.000000,-12.390000,-27.719999
50239,,,,,,,,,,,,,6.433765,4.248441,0.042625,0.054791,,,,,,,,,,,,
50241,,,,,,,,,,,,,,,,,,,,-0.056298,-1.074656,-1.764740,,,,,,
50248,,,,,,,,,,,,,,,,,,,,,,,-0.066429,-0.001098,1.022665,-0.280000,-3.920000,-22.959999
50249,,,,,,,,,,,,,6.511682,3.574638,0.041005,0.060952,,,,,,,,,,,,
50251,,,,,,,,,,,,,,,,,,,,-0.056433,-1.075285,-1.768398,,,,,,
50258,,,,,,,,,,,,,,,,,,,,,,,-0.099186,-0.013237,0.999851,1.610000,6.020000,-22.820000
50259,,,,,,,,,,,,,6.026263,3.555034,0.045117,0.060576,,,,,,,,,,,,
50261,,,,0.008912,-1.066465,-1.805339,0.099671,-0.377166,,,,,,,,,,,,-0.056557,-1.076039,-1.771925,,,,,,
50262,,,,,,,,,,,1.241665,-0.775129,,,,,-0.021305,0.062337,-0.036254,,,,,,,,,
50268,,,,,,,,,,,,,,,,,,,,,,,-0.099186,-0.013237,0.999851,0.420000,16.379999,-30.100000
50269,,,,,,,,,,,,,5.616405,3.537113,0.037642,0.045219,,,,,,,,,,,,
50271,,,,,,,,,,,,,,,,,,,,-0.056689,-1.076795,-1.779138,,,,,,
50279,,,,,,,,,,,,,5.273913,3.524398,0.040261,0.044486,,,,,,,,,,,,
50282,,,,,,,,,,,,,,,,,,,,,,,-0.111691,-0.004209,1.025288,0.700000,14.770000,-29.260000
50281,,,,,,,,,,,,,,,,,,,,-0.056799,-1.077475,-1.782700,,,,,,
50288,,,,,,,,,,,,,,,,,,,,,,,-0.111691,-0.004209,1.025288,1.960000,15.400000,-27.790001
50289,,,,,,,,,,,,,4.984310,3.512268,0.042408,0.043750,,,,,,,,,,,,
50291,,,,,,,,,,,,,,,,,,,,-0.056916,-1.078036,-1.786184,,,,,,
50298,,,,,,,,,,,,,,,,,,,,,,,-0.077348,-0.009455,1.010770,1.050000,3.220000,-9.730000
50299,,,,,,,,,,,,,5.286709,2.955222,0.038575,0.048574,,,,,,,,,,,,
50301,,,,,,,,,,,,,,,,,,,,-0.057015,-1.078548,-1.789672,,,,,,
50308,,,,,,,,,,,,,,,,,,,,,,,-0.077348,-0.009455,1.010770,0.280000,4.340000,-9.170000
50309,,,,,,,,,,,,,4.997448,2.486523,0.040717,0.052609,,,,,,,,,,,,
50311,,,,0.007978,-1.070155,-1.834458,0.083694,-0.496781,,,,,,,,,,,,-0.057080,-1.079002,-1.789495,,,,,,
50312,,,,,,,,,,,0.240714,-2.427731,,,,,-0.022471,0.061551,-0.041029,,,,,,,,,
50318,,,,,,,,,,,,,,,,,,,,,,,-0.111691,-0.003477,1.016687,-0.070000,2.100000,-12.110000
50319,,,,,,,,,,,,,4.752517,2.092160,0.032254,0.039123,,,,,,,,,,,,
50321,,,,,,,,,,,,,,,,,,,,-0.057129,-1.079364,-1.793042,,,,,,
50328,,,,,,,,,,,,,,,,,,,,,,,-0.111691,-0.003477,1.016687,1.470000,1.120000,-24.219999
50329,,,,,,,,,,,,,3.998767,1.760344,0.039040,0.041603,,,,,,,,,,,,
50331,,,,,,,,,,,,,,,,,,,,-0.057173,-1.079675,-1.796677,,,,,,
50339,,,,,,,,,,,,,3.911842,1.481153,0.039175,0.043613,,,,,,,,,,,,
50341,,,,,,,,,,,,,,,,,,,,-0.057209,-1.079886,-1.800123,-0.119316,-0.012383,1.010343,1.540000,4.060000,-30.379999
50348,,,,,,,,,,,,,,,,,,,,,,,-0.119316,-0.012383,1.010343,1.610000,1.540000,-27.790001
50349,,,,,,,,,,,,,3.838703,1.246242,0.039187,0.045228,,,,,,,,,,,,
50351,,,,,,,,,,,,,,,,,,,,-0.057258,-1.080082,-1.807275,,,,,,
50358,,,,,,,,,,,,,,,,,,,,,,,-0.107787,-0.000366,1.016565,1.120000,-3.430000,-19.740000
50359,,,,,,,,,,,,,3.778985,1.048588,0.039076,0.046509,,,,,,,,,,,,
50361,,,,0.007120,-1.073116,-1.875611,0.068720,-0.682476,,,,,,,,,,,,-0.057280,-1.080155,-1.807359,,,,,,
50362,,,,,,,,,,,-0.095346,-3.832042,,,,,-0.022222,0.060872,-0.063931,,,,,,,,,
50368,,,,,,,,,,,,,,,,,,,,,,,-0.107787,-0.000366,1.016565,1.610000,-17.990000,-23.940001
50369,,,,,,,,,,,,,3.179637,0.882281,0.041054,0.033186,,,,,,,,,,,,
50371,,,,,,,,,,,,,,,,,,,,-0.057251,-1.080152,-1.814399,,,,,,
50378,,,,,,,,,,,,,,,,,,,,,,,-0.066307,-0.011285,1.019554,1.260000,-19.670000,-20.090000
50379,,,,,,,,,,,,,2.675346,0.742351,0.045543,0.033670,,,,,,,,,,,,
50381,,,,,,,,,,,,,,,,,,,,-0.057192,-1.080058,-1.814459,,,,,,
50388,,,,,,,,,,,,,,,,,,,,,,,-0.066307,-0.011285,1.019554,0.980000,-15.820000,-15.680000
50389,,,,,,,,,,,,,2.796944,0.624614,0.043748,0.033956,,,,,,,,,,,,
50391,,,,,,,,,,,,,,,,,,,,-0.057160,-1.079998,-1.817956,,,,,,
50399,,,,,,,,,,,,,2.353348,0.525550,0.047695,0.034076,,,,,,,,,,,,
50402,,,,,,,,,,,,,,,,,,,,,,,-0.085949,-0.003660,1.016138,1.120000,4.200000,-1.610000
50401,,,,,,,,,,,,,,,,,,,,-0.057169,-1.080000,-1.817956,,,,,,
50408,,,,,,,,,,,,,,,,,,,,,,,-0.085949,-0.003660,1.016138,0.280000,3.920000,-1.050000
50409,,,,,,,,,,,,,1.980107,0.442198,0.051012,0.034054,,,,,,,,,,,,
50411,,,,0.006333,-1.075396,-1.937843,0.054779,-0.991903,,,,,,,,,,,,-0.057173,-1.080036,-1.817956,,,,,,
50412,,,,,,,,,,,0.543573,-4.987279,,,,,-0.019985,0.060463,-0.120414,,,,,,,,,
50418,,,,,,,,,,,,,,,,,,,,,,,-0.041358,-0.000671,1.008696,0.490000,0.350000,-2.730000
50419,,,,,,,,,,,,,1.666062,0.372065,0.060317,0.022131,,,,,,,,,,,,
50421,,,,,,,,,,,,,,,,,,,,-0.057166,-1.080029,-1.817956,,,,,,
50428,,,,,,,,,,,,,,,,,,,,,,,-0.041358,-0.000671,1.008696,0.490000,0.490000,0.630000
50429,,,,,,,,,,,,,1.401824,0.313056,0.062788,0.021661,,,,,,,,,,,,
50431,,,,,,,,,,,,,,,,,,,,-0.057179,-1.080058,-1.817956,,,,,,
50439,,,,,,,,,,,,,1.179495,0.263405,0.064884,0.021108,,,,,,,,,,,,
50441,,,,,,,,,,,,,,,,,,,,-0.057177,-1.080063,-1.817956,-0.050325,-0.009638,1.015772,0.630000,0.700000,-1.400000
50448,,,,,,,,,,,,,,,,,,,,,,,-0.050325,-0.009638,1.020652,0.560000,-1.400000,-1.260000
50449,,,,,,,,,,,,,0.992427,0.221629,0.066665,0.020484,,,,,,,,,,,,
50451,,,,,,,,,,,,,,,,,,,,-0.057174,-1.080053,-1.817956,,,,,,
50458,,,,,,,,,,,,,,,,,,,,,,,-0.041968,-0.004941,1.020652,0.840000,1.050000,-1.260000
50459,,,,,,,,,,,,,0.835028,0.186479,0.068181,0.019800,,,,,,,,,,,,
50461,,,,0.005614,-1.077045,-2.041547,0.041920,-1.559432,,,,,,,,,,,,-0.057179,-1.080047,-1.817956,,,,,,
50462,,,,,,,,,,,1.772645,-6.941350,,,,,-0.018272,0.060146,-0.223636,,,,,,,,,
50468,,,,,,,,,,,,,,,,,,,,,,,-0.041968,-0.005246,1.014125,0.560000,0.000000,-1.470000
50469,,,,,,,,,,,,,0.702592,0.156903,0.082010,-0.000864,,,,,,,,,,,,
50471,,,,,,,,,,,,,,,,,,,,-0.057177,-1.080052,-1.817956,,,,,,
50478,,,,,,,,,,,,,,,,,,,,,,,-0.034953,-0.005246,1.014125,0.630000,0.000000,-2.660000
50479,,,,,,,,,,,,,0.591161,0.132018,0.083360,-0.002030,,,,,,,,,,,,
50481,,,,,,,,,,,,,,,,,,,,-0.057183,-1.080089,-1.817956,,,,,,
50488,,,,,,,,,,,,,,,,,,,,,,,-0.015982,-0.009638,1.017846,0.910000,-2.450000,-9.240000
50489,,,,,,,,,,,,,1.044188,0.111080,0.078976,-0.003231,,,,,,,,,,,,
50491,,,,,,,,,,,,,,,,,,,,-0.057185,-1.080109,-1.821463,,,,,,
50499,,,,,,,,,,,,,0.878579,0.093463,0.080811,-0.004462,,,,,,,,,,,,
50502,,,,,,,,,,,,,,,,,,,,,,,-0.015982,-0.009638,1.017846,1.120000,-0.910000,-21.910000
50501,,,,,,,,,,,,,,,,,,,,-0.057199,-1.080187,-1.824965,,,,,,
50508,,,,,,,,,,,,,,,,,,,,,,,0.004758,-0.005978,1.009916,1.190000,3.500000,-20.370001
50509,,,,,,,,,,,,,1.287618,0.078640,0.076817,-0.005718,,,,,,,,,,,,
50511,,,,0.004960,-1.078108,-2.240803,0.030252,-2.747985,,,,,,,,,,,,-0.057245,-1.080290,-1.828550,,,,,,
50512,,,,,,,,,,,4.280966,-10.890765,,,,,-0.017907,0.059597,-0.413359,,,,,,,,,
50518,,,,,,,,,,,,,,,,,,,,,,,0.004758,-0.005978,1.009916,0.840000,-1.960000,-30.379999
50519,,,,,,,,,,,,,1.628982,0.066167,0.099017,-0.047278,,,,,,,,,,,,
50521,,,,,,,,,,,,,,,,,,,,-0.057300,-1.080451,-1.832076,,,,,,
50528,,,,,,,,,,,,,,,,,,,,,,,0.016470,-0.008723,1.021445,1.400000,-1.400000,-33.599998
50529,,,,,,,,,,,,,1.919726,0.055673,0.096582,-0.049363,,,,,,,,,,,,
50531,,,,,,,,,,,,,,,,,,,,-0.057357,-1.080689,-1.839048,,,,,,
50538,,,,,,,,,,,,,,,,,,,,,,,0.016470,-0.008723,1.021445,1.120000,-0.630000,-48.930000
50539,,,,,,,,,,,,,2.163805,0.046843,0.094565,-0.051462,,,,,,,,,,,,
50541,,,,,,,,,,,,,,,,,,,,-0.057400,-1.080955,-1.846000,,,,,,
50548,,,,,,,,,,,,,,,,,,,,,,,0.005734,-0.013908,1.010892,1.540000,-2.730000,-61.599998
50549,,,,,,,,,,,,,2.915074,-0.507811,0.087325,-0.047992,,,,,,,,,,,,
50551,,,,,,,,,,,,,,,,,,,,-0.057465,-1.081314,-1.856380,,,,,,
50559,,,,,,,,,,,,,3.548734,-0.427272,0.081135,-0.050890,,,,,,,,,,,,
50561,,,,0.004366,-1.078635,-2.691550,0.020086,-5.701325,,,,,,,,,,,,,,,,,,,,
50562,,,,,,,,,,,10.592434,-20.310007,,,,,-0.020287,0.058480,-0.830342,-0.057504,-1.081669,-1.870192,,,,,,
50563,,,,,,,,,,,,,,,,,,,,,,,0.005734,-0.013908,1.010892,1.960000,2.520000,-67.830002
50568,,,,,,,,,,,,,,,,,,,,,,,0.025803,-0.012139,1.014979,0.770000,-0.140000,-71.610001
50569,,,,,,,,,,,,,3.532305,-0.359506,0.145826,-0.149750,,,,,,,,,,,,
50571,,,,,,,,,,,,,,,,,,,,-0.057601,-1.082158,-1.883936,,,,,,
50578,,,,,,,,,,,,,,,,,,,,,,,0.025803,-0.012139,1.014979,1.330000,4.410000,-71.330002
50579,,,,,,,,,,,,,4.616896,-0.850760,0.136175,-0.148730,,,,,,,,,,,,
50581,,,,,,,,,,,,,,,,,,,,-0.057710,-1.082706,-1.894187,,,,,,
50588,,,,,,,,,,,,,,,,,,,,,,,0.028731,-0.017263,1.025227,-2.730000,1.820000,-100.379997
50589,,,,,,,,,,,,,5.530962,-1.264598,0.128047,-0.148400,,,,,,,,,,,,
50591,,,,,,,,,,,,,,,,,,,,-0.057794,-1.083273,-1.911130,,,,,,
50599,,,,,,,,,,,,,6.295424,-2.158482,0.121262,-0.143092,,,,,,,0.028731,-0.017263,1.025227,11.620000,14.910000,-160.720001
50601,,,,,,,,,,,,,,,,,,,,-0.057980,-1.083939,-1.941275,,,,,,
50608,,,,,,,,,,,,,,,,,,,,,,,-0.081923,-0.042517,1.001132,2.380000,15.120000,-203.279999
50609,,,,,,,,,,,,,7.487849,-2.911586,0.109958,-0.139040,,,,,,,,,,,,
50611,,,,0.003828,-1.078669,2.775445,0.012550,-13.309912,,,,,,,,,,,,-0.058127,-1.084440,-1.977985,,,,,,
50612,,,,,,,,,,,27.584667,-43.229210,,,,,-0.027852,0.055477,-1.556601,,,,,,,,,
50619,,,,,,,,,,,,,8.477359,-4.082622,0.273807,-0.364351,,,,,,,,,,,,
50621,,,,,,,,,,,,,,,,,,,,-0.058198,-1.084978,-2.020749,,,,,,
50624,,,,,,,,,,,,,,,,,,,,,,,-0.076250,-0.029829,1.034194,4.480000,3.570000,-261.100006
50629,,,,,,,,,,,,,10.447508,-6.197333,0.257533,-0.350611,,,,,,,-0.076250,-0.029829,1.034194,11.900000,1.610000,-280.489990
50631,,,,,,,,,,,,,,,,,,,,-0.058247,-1.085367,-2.069458,,,,,,
50638,,,,,,,,,,,,,,,,,,,,,,,-0.076250,-0.029829,1.034194,13.370000,-5.460000,-410.410004
50639,,,,,,,,,,,,,13.138617,-9.562519,0.233511,-0.323692,,,,,,,,,,,,
50641,,,,,,,,,,,,,,,,,,,,-0.058115,-1.085721,-2.133311,,,,,,
50648,,,,,,,,,,,,,,,,,,,,,,,-0.064660,-0.075213,1.006622,11.200000,8.820000,-531.020020
50649,,,,,,,,,,,,,15.995243,-12.437380,0.207263,-0.301102,,,,,,,,,,,,
50651,,,,,,,,,,,,,,,,,,,,-0.058044,-1.086159,-2.220576,,,,,,
50659,,,,,,,,,,,,,18.400801,-15.956371,0.185044,-0.271367,,,,,,,,,,,,
50661,,,,0.003344,-1.078258,2.208184,0.010927,-15.944475,,,,,,,,,,,,-0.058027,-1.086567,-2.330402,,,,,,
50662,,,,,,,,,,,29.567911,-54.992592,,,,,-0.044584,0.042998,-1.826858,,,,,,,,,
50664,,,,,,,,,,,,,,,,,,,,,,,-0.146156,-0.066185,1.003877,21.700001,15.400000,-666.679993
50669,,,,,,,,,,,,,,,,,,,,,,,-0.146156,-0.066185,1.003877,15.820000,15.190000,-699.719971
50670,,,,,,,,,,,,,21.233175,-19.176434,0.178219,-0.363963,,,,,,,,,,,,
50671,,,,,,,,,,,,,,,,,,,,-0.057904,-1.087136,-2.455333,,,,,,
50678,,,,,,,,,,,,,,,,,,,,,,,-0.146156,-0.057950,0.995642,45.290001,19.530001,-743.960022
50679,,,,,,,,,,,,,23.598228,-23.014214,0.155763,-0.331981,,,,,,,,,,,,
50681,,,,,,,,,,,,,,,,,,,,-0.057758,-1.087530,-2.586283,,,,,,
50688,,,,,,,,,,,,,,,,,,,,,,,-0.162382,-0.057950,0.995642,28.770000,34.020000,-799.400024
50689,,,,,,,,,,,,,25.904194,-26.512558,0.133436,-0.302693,,,,,,,,,,,,
50691,,,,,,,,,,,,,,,,,,,,-0.057702,-1.087975,-2.725993,,,,,,
50698,,,,,,,,,,,,,,,,,,,,,,,-0.269986,-0.011041,1.039013,38.290001,50.470001,-847.909973
50699,,,,,,,,,,,,,27.265833,-29.965729,0.120280,-0.273167,,,,,,,,,,,,
50701,,,,,,,,,,,,,,,,,,,,-0.057625,-1.088387,-2.877630,,,,,,
50708,,,,,,,,,,,,,,,,,,,,,,,-0.269986,-0.011041,1.039013,45.570000,67.410004,-881.090027
50709,,,,,,,,,,,,,28.402737,-32.858936,0.109144,-0.248662,,,,,,,,,,,,
50711,,,,0.002909,-1.077444,1.960726,0.015422,-7.239670,,,,,,,,,,,,-0.057689,-1.088736,-3.041627,,,,,,
50712,,,,,,,,,,,2.537180,-36.523712,,,,,-0.060897,0.004713,-1.431202,,,,,,,,,
50719,,,,,,,,,,,,,29.362617,-35.297886,-0.176127,-0.039829,,,,,,,,,,,,
50723,,,,,,,,,,,,,,,,,,,,,,,-0.291336,0.038918,1.026386,57.540001,93.099998,-880.599976
50721,,,,,,,,,,,,,,,,,,,,-0.057709,-1.089002,3.089092,,,,,,
50729,,,,,,,,,,,,,27.400660,-36.167534,-0.161480,-0.031203,,,,,,,-0.291336,0.038918,1.026386,85.400002,111.089996,-858.130005
50731,,,,,,,,,,,,,,,,,,,,-0.057720,-1.089133,2.936304,,,,,,
50738,,,,,,,,,,,,,,,,,,,,,,,-0.363865,0.067222,0.909327,97.370003,93.309998,-736.469971
50739,,,,,,,,,,,,,23.611477,-35.997009,-0.127803,-0.033014,,,,,,,,,,,,
50742,,,,,,,,,,,,,,,,,,,,-0.057667,-1.088907,2.798856,,,,,,
50749,,,,,,,,,,,,,19.866693,-34.686893,-0.093822,-0.046483,,,,,,,-0.363865,0.067222,0.909327,69.580002,-33.180000,-581.419983
50751,,,,,,,,,,,,,,,,,,,,-0.056509,-1.089045,2.694283,,,,,,
50758,,,,,,,,,,,,,,,,,,,,,,,-0.231556,0.118157,0.940437,57.189999,-37.029999,-491.049988
50759,,,,,,,,,,,,,16.715834,-33.017658,-0.065149,-0.063876,,,,,,,,,,,,
50761,,,,0.002521,-1.076271,1.838216,0.021638,-3.313073,,,,,,,,,,,,-0.054915,-1.089710,2.609058,,,,,,
50762,,,,,,,,,,,-3.525745,-22.050640,,,,,-0.048477,-0.034706,-0.895034,,,,,,,,,
50768,,,,,,,,,,,,,,,,,,,,,,,-0.231556,0.118157,0.940437,32.200001,-31.010000,-320.109985
50769,,,,,,,,,,,,,14.064700,-31.063412,-0.102785,0.063115,,,,,,,,,,,,
50771,,,,,,,,,,,,,,,,,,,,-0.053809,-1.090205,2.551089,,,,,,
50779,,,,,,,,,,,,,11.834037,-27.779745,-0.083550,0.031424,,,,,,,,,,,,
50781,,,,,,,,,,,,,,,,,,,,-0.052478,-1.091039,2.516014,-0.414983,0.195627,1.144299,22.190001,18.969999,-149.589996
50788,,,,,,,,,,,,,,,,,,,,,,,-0.414983,0.195627,1.144299,6.370000,-24.639999,-107.029999
50789,,,,,,,,,,,,,9.409602,-24.468983,-0.061893,-0.001200,,,,,,,,,,,,
50791,,,,,,,,,,,,,,,,,,,,-0.051686,-1.091759,2.498666,,,,,,
50798,,,,,,,,,,,,,,,,,,,,,,,-0.034770,0.124745,0.894687,6.580000,-63.560001,-26.809999
50799,,,,,,,,,,,,,7.367694,-21.687286,-0.043652,-0.029090,,,,,,,,,,,,
50801,,,,,,,,,,,,,,,,,,,,-0.049952,-1.093037,2.496091,,,,,,
50808,,,,,,,,,,,,,,,,,,,,,,,-0.034770,0.124745,0.894687,-3.360000,-124.599998,25.690001
50809,,,,,,,,,,,,,5.653378,-18.247681,-0.028345,-0.064246,,,,,,,,,,,,
50811,,,,0.002174,-1.074778,1.767362,0.027789,-1.801958,,,,,,,,,,,,-0.048496,-1.094218,2.502191,,,,,,
50812,,,,,,,,,,,-2.350247,-13.067215,,,,,-0.031933,-0.045281,-0.748631,,,,,,,,,
50819,,,,,,,,,,,,,4.220731,-15.353596,-0.003578,-0.002896,,,,,,,,,,,,
50821,,,,,,,,,,,,,,,,,,,,-0.046681,-1.095480,2.508193,,,,,,
50824,,,,,,,,,,,,,,,,,,,,,,,-0.012932,-0.015006,1.112884,0.140000,-139.720001,35.209999
50829,,,,,,,,,,,,,,,,,,,,,,,-0.012932,-0.015006,1.112884,0.910000,-177.240005,33.880001
50830,,,,,,,,,,,,,3.551322,-12.918513,0.001936,-0.027276,,,,,,,,,,,,
50831,,,,,,,,,,,,,,,,,,,,-0.044905,-1.096686,2.519956,,,,,,
50838,,,,,,,,,,,,,,,,,,,,,,,0.004453,-0.005856,1.011014,2.730000,-157.149994,16.660000
50839,,,,,,,,,,,,,2.988082,-10.869636,0.006501,-0.048205,,,,,,,,,,,,
50841,,,,,,,,,,,,,,,,,,,,-0.043402,-1.097860,2.522916,,,,,,
50848,,,,,,,,,,,,,,,,,,,,,,,0.004453,-0.005856,1.011014,0.490000,11.060000,6.790000
50849,,,,,,,,,,,,,2.514172,-9.694756,0.010267,-0.060628,,,,,,,,,,,,
50851,,,,,,,,,,,,,,,,,,,,-0.043302,-1.098046,2.520013,,,,,,
50858,,,,,,,,,,,,,,,,,,,,,,,0.196298,-0.016287,0.903959,-1.470000,44.590000,0.700000
50859,,,,,,,,,,,,,2.115424,-8.704666,0.013361,-0.071401,,,,,,,,,,,,
50861,,,,0.001866,-1.073004,1.721751,0.033434,-1.111866,,,,,,,,,,,,-0.043398,-1.098053,2.519993,,,,,,
50862,,,,,,,,,,,-1.191518,-8.599520,,,,,-0.022608,-0.046712,-0.795185,,,,,,,,,
50868,,,,,,,,,,,,,,,,,,,,,,,0.196298,-0.016287,0.903959,2.520000,21.840000,-25.969999
50869,,,,,,,,,,,,,1.779917,-8.417456,0.027709,-0.029633,,,,,,,,,,,,
50871,,,,,,,,,,,,,,,,,,,,-0.043440,-1.098019,2.519968,,,,,,
50879,,,,,,,,,,,,,1.497622,-7.082446,0.029995,-0.043286,,,,,,,,,,,,
50881,,,,,,,,,,,,,,,,,,,,,,,0.299449,-0.043798,1.097085,-0.840000,9.660000,-32.060001
50882,,,,,,,,,,,,,,,,,,,,-0.043832,-1.097751,2.511273,,,,,,
50888,,,,,,,,,,,,,,,,,,,,,,,0.299449,0.009455,0.966179,8.050000,45.709999,-32.970001
50889,,,,,,,,,,,,,1.260099,-5.959169,0.031879,-0.055047,,,,,,,,,,,,
50891,,,,,,,,,,,,,,,,,,,,-0.043836,-1.097760,2.508376,,,,,,
50899,,,,,,,,,,,,,1.060247,-5.014044,0.033428,-0.065215,,,,,,,-0.034648,0.009455,0.966179,-3.920000,6.370000,-18.620001
50901,,,,,,,,,,,,,,,,,,,,-0.044119,-1.097563,2.502500,,,,,,
50908,,,,,,,,,,,,,,,,,,,,,,,-0.032818,-0.034770,1.076772,0.000000,18.129999,-4.830000
50909,,,,,,,,,,,,,0.892092,-4.218816,0.034692,-0.074044,,,,,,,,,,,,
50911,,,,0.001595,-1.070988,1.690166,0.038452,-0.747376,,,,,,,,,,,,-0.044023,-1.097591,2.505446,,,,,,
50912,,,,,,,,,,,-1.340979,-7.097677,,,,,-0.020872,-0.048562,-0.813546,,,,,,,,,
50918,,,,,,,,,,,,,,,,,,,,,,,-0.032818,-0.034770,1.076772,1.680000,-3.640000,6.860000
50919,,,,,,,,,,,,,0.750606,-3.549711,0.034194,-0.066426,,,,,,,,,,,,
50921,,,,,,,,,,,,,,,,,,,,-0.044088,-1.097504,2.505370,,,,,,
50928,,,,,,,,,,,,,,,,,,,,,,,-0.061793,0.011895,1.025471,0.420000,-12.180000,8.610000
50929,,,,,,,,,,,,,0.631560,-3.534171,0.034990,-0.067294,,,,,,,,,,,,
50931,,,,,,,,,,,,,,,,,,,,-0.044050,-1.097553,2.508339,,,,,,
50939,,,,,,,,,,,,,0.531394,-2.973651,0.035618,-0.073724,,,,,,,,,,,,
50941,,,,,,,,,,,,,,,,,,,,-0.043950,-1.097694,2.508393,-0.061793,0.011895,1.025471,0.770000,-17.219999,0.770000
50948,,,,,,,,,,,,,,,,,,,,,,,-0.092293,-0.031110,0.992531,1.750000,-18.480000,-7.140000
50949,,,,,,,,,,,,,0.447115,-2.502030,0.036103,-0.079360,,,,,,,,,,,,
50951,,,,,,,,,,,,,,,,,,,,-0.043934,-1.097722,2.505479,,,,,,
50958,,,,,,,,,,,,,,,,,,,,,,,-0.092293,-0.031110,0.992531,0.280000,-3.010000,-8.120000
50959,,,,,,,,,,,,,0.376203,-2.105208,0.036468,-0.084326,,,,,,,,,,,,
50961,,,,0.001356,-1.068765,1.667130,0.042818,-0.533375,,,,,,,,,,,,-0.043776,-1.097831,2.505463,,,,,,
50962,,,,,,,,,,,-1.178886,-6.063874,,,,,-0.019240,-0.050199,-0.838202,,,,,,,,,
50968,,,,,,,,,,,,,,,,,,,,,,,-0.071126,-0.009455,1.003572,1.470000,-7.000000,-19.950001
50969,,,,,,,,,,,,,0.316537,-2.317832,0.038387,-0.072611,,,,,,,,,,,,
50971,,,,,,,,,,,,,,,,,,,,-0.043788,-1.097844,2.502549,,,,,,
50979,,,,,,,,,,,,,0.266334,-2.499269,0.038600,-0.071510,,,,,,,,,,,,
50982,,,,,,,,,,,,,,,,,,,,-0.043574,-1.097971,2.499622,-0.071126,-0.009455,1.003572,0.280000,12.110000,-32.830002
50988,,,,,,,,,,,,,,,,,,,,,,,-0.074725,-0.013725,1.015833,2.170000,1.190000,-34.580002
50989,,,,,,,,,,,,,0.224093,-2.651322,0.038742,-0.070672,,,,,,,,,,,,
50991,,,,,,,,,,,,,,,,,,,,-0.043537,-1.098047,2.493795,,,,,,
50998,,,,,,,,,,,,,,,,,,,,,,,-0.074725,-0.013725,1.015833,-0.490000,3.920000,-29.610001
50999,,,,,,,,,,,,,0.188552,-2.230822,0.038824,-0.075643,,,,,,,,,,,,
51001,,,,,,,,,,,,,,,,,,,,-0.043372,-1.098238,2.487969,,,,,,
51008,,,,,,,,,,,,,,,,,,,,,,,-0.024400,-0.013237,1.027240,1.260000,-9.310000,-23.660000
51009,,,,,,,,,,,,,0.158648,-2.423963,0.038855,-0.074440,,,,,,,,,,,,
51011,,,,0.001146,-1.066367,1.649678,0.046540,-0.397568,,,,,,,,,,,,-0.043115,-1.098413,2.485028,,,,,,
51012,,,,,,,,,,,-0.408699,-4.765831,,,,,-0.016104,-0.052343,-0.839748,,,,,,,,,
51018,,,,,,,,,,,,,,,,,,,,,,,-0.024400,-0.013237,1.027240,1.190000,-19.879999,-16.870001
51019,,,,,,,,,,,,,0.133486,-2.039522,0.046700,-0.065849,,,,,,,,,,,,
51021,,,,,,,,,,,,,,,,,,,,-0.042821,-1.098587,2.479087,,,,,,
51028,,,,,,,,,,,,,,,,,,,,,,,-0.010736,-0.007381,1.031449,0.140000,-1.120000,-20.160000
51029,,,,,,,,,,,,,0.112315,-2.261797,0.046808,-0.064127,,,,,,,,,,,,
51031,,,,,,,,,,,,,,,,,,,,-0.042524,-1.098868,2.473197,,,,,,
51039,,,,,,,,,,,,,0.094502,-2.451458,0.046885,-0.062694,,,,,,,,,,,,
51042,,,,,,,,,,,,,,,,,,,,,,,-0.026474,-0.015494,0.998265,0.560000,11.900000,-29.680000
51041,,,,,,,,,,,,,,,,,,,,-0.042540,-1.098874,2.470268,,,,,,
51049,,,,,,,,,,,,,0.079514,-2.611923,0.046937,-0.061520,,,,,,,-0.026474,-0.015494,0.998265,1.400000,13.510000,-36.330002
51051,,,,,,,,,,,,,,,,,,,,-0.042486,-1.098972,2.464431,,,,,,
51058,,,,,,,,,,,,,,,,,,,,,,,-0.026474,-0.015494,0.998265,0.630000,0.280000,-32.270000
51059,,,,,,,,,,,,,0.066903,-2.197672,0.046968,-0.066176,,,,,,,,,,,,
51061,,,,0.000963,-1.063826,1.636069,0.049641,-0.306152,,,,,,,,,,,,-0.042422,-1.099045,2.458532,,,,,,
51062,,,,,,,,,,,0.786278,-3.218843,,,,,-0.011788,-0.054621,-0.827683,,,,,,,,,
51068,,,,,,,,,,,,,,,,,,,,,,,-0.046543,-0.015067,1.022848,1.540000,-3.220000,-26.320000
51069,,,,,,,,,,,,,0.056292,-2.396345,0.059170,-0.048884,,,,,,,,,,,,
51071,,,,,,,,,,,,,,,,,,,,-0.042202,-1.099173,2.455553,,,,,,
51078,,,,,,,,,,,,,,,,,,,,,,,-0.046543,-0.015067,1.022848,1.190000,-18.690001,-18.340000
51079,,,,,,,,,,,,,0.047364,-2.016285,0.059407,-0.052925,,,,,,,,,,,,
51081,,,,,,,,,,,,,,,,,,,,-0.042050,-1.099319,2.449670,,,,,,
51088,,,,,,,,,,,,,,,,,,,,,,,-0.020191,-0.003355,1.016138,0.350000,-10.780000,-17.639999
51089,,,,,,,,,,,,,0.585596,-2.242245,0.054065,-0.050860,,,,,,,,,,,,
51091,,,,,,,,,,,,,,,,,,,,-0.041810,-1.099558,2.446792,,,,,,
51099,,,,,,,,,,,,,0.492721,-1.886625,0.055053,-0.054683,,,,,,,,,,,,
51102,,,,,,,,,,,,,,,,,,,,,,,0.027633,-0.019520,0.997411,1.470000,6.860000,-22.820000
51101,,,,,,,,,,,,,,,,,,,,-0.041765,-1.099681,2.443906,,,,,,
51108,,,,,,,,,,,,,,,,,,,,,,,0.027633,-0.019520,0.997411,1.890000,17.010000,-27.580000
51109,,,,,,,,,,,,,0.414575,-2.136341,0.055908,-0.052402,,,,,,,,,,,,
51111,,,,0.000805,-1.061172,1.625219,0.052154,-0.241722,,,,,,,,,,,,-0.041832,-1.099559,2.440834,,,,,,
51112,,,,,,,,,,,1.843008,-1.931494,,,,,-0.008061,-0.056839,-0.820353,,,,,,,,,
51118,,,,,,,,,,,,,,,,,,,,,,,-0.025864,-0.007381,1.026813,0.910000,12.320000,-29.260000
51119,,,,,,,,,,,,,0.348823,-1.797517,0.067432,-0.042944,,,,,,,,,,,,
51121,,,,,,,,,,,,,,,,,,,,-0.041841,-1.099527,2.434937,,,,,,
51128,,,,,,,,,,,,,,,,,,,,,,,-0.025864,-0.007381,1.026813,1.400000,3.080000,-29.540001
51129,,,,,,,,,,,,,0.841606,-2.060536,0.062705,-0.040288,,,,,,,,,,,,
51131,,,,,,,,,,,,,,,,,,,,-0.041851,-1.099598,2.429066,,,,,,
51139,,,,,,,,,,,,,0.708127,-1.733735,0.064266,-0.043596,,,,,,,,,,,,
51142,,,,,,,,,,,,,,,,,,,,,,,-0.017873,-0.017629,1.025105,1.470000,-16.450001,-24.500000
51141,,,,,,,,,,,,,,,,,,,,-0.041779,-1.099690,2.423168,,,,,,
51148,,,,,,,,,,,,,,,,,,,,,,,-0.017873,-0.017629,1.025105,1.050000,-17.150000,-21.629999
51149,,,,,,,,,,,,,0.595818,-1.458764,0.065639,-0.046440,,,,,,,,,,,,
51151,,,,,,,,,,,,,,,,,,,,-0.041725,-1.099889,2.420234,,,,,,
51158,,,,,,,,,,,,,,,,,,,,,,,0.001464,-0.007625,1.014796,0.980000,3.640000,-10.850000
51159,,,,,,,,,,,,,0.501321,-1.227404,0.066852,-0.048894,,,,,,,,,,,,
51161,,,,0.000668,-1.058432,1.616414,0.054112,-0.194612,,,,,,,,,,,,-0.041774,-1.099806,2.417251,,,,,,
51162,,,,,,,,,,,2.842847,-0.747728,,,,,-0.004602,-0.059106,-0.805946,,,,,,,,,
51168,,,,,,,,,,,,,,,,,,,,,,,0.001464,-0.007625,1.014796,0.840000,7.420000,-7.070000
51169,,,,,,,,,,,,,0.969918,-1.032738,0.072539,-0.038946,,,,,,,,,,,,
51171,,,,,,,,,,,,,,,,,,,,-0.041812,-1.099668,2.417180,,,,,,
51178,,,,,,,,,,,,,,,,,,,,,,,0.002440,-0.014030,1.016260,0.980000,2.800000,-4.760000
51179,,,,,,,,,,,,,0.816088,-0.868945,0.074483,-0.040560,,,,,,,,,,,,
51182,,,,,,,,,,,,,,,,,,,,-0.041924,-1.099546,2.417170,,,,,,
51188,,,,,,,,,,,,,,,,,,,,,,,0.002440,-0.014030,1.016260,0.700000,3.780000,-9.730000
51189,,,,,,,,,,,,,0.686657,-0.731130,0.076208,-0.041941,,,,,,,,,,,,
51191,,,,,,,,,,,,,,,,,,,,-0.042043,-1.099512,2.417239,,,,,,
51199,,,,,,,,,,,,,1.126300,-0.615173,0.072155,-0.043127,,,,,,,,,,,,
51202,,,,,,,,,,,,,,,,,,,,,,,-0.033001,-0.014945,1.014430,0.980000,1.890000,-13.930000
51201,,,,,,,,,,,,,,,,,,,,-0.042164,-1.099433,2.414309,,,,,,
51208,,,,,,,,,,,,,,,,,,,,,,,-0.033001,-0.014945,1.014430,1.190000,-2.240000,-16.660000
51209,,,,,,,,,,,,,0.947669,-0.517607,0.074321,-0.044149,,,,,,,,,,,,
51211,,,,0.000551,-1.055630,1.609172,0.055554,-0.159116,,,,,,,,,,,,-0.042253,-1.099361,2.411313,,,,,,
51212,,,,,,,,,,,3.361661,-0.113719,,,,,-0.002775,-0.061121,-0.805813,,,,,,,,,
51218,,,,,,,,,,,,,,,,,,,,,,,-0.021472,-0.011163,1.019005,0.980000,-4.410000,-14.980000
51219,,,,,,,,,,,,,1.345971,-0.435514,0.075929,-0.038566,,,,,,,,,,,,
51221,,,,,,,,,,,,,,,,,,,,-0.042282,-1.099333,2.408383,,,,,,
51228,,,,,,,,,,,,,,,,,,,,,,,-0.021472,-0.011163,1.019005,1.260000,-4.270000,-20.370001
51229,,,,,,,,,,,,,1.132500,-0.366441,0.078509,-0.039206,,,,,,,,,,,,
51231,,,,,,,,,,,,,,,,,,,,-0.042375,-1.099269,2.405417,,,,,,
51238,,,,,,,,,,,,,,,,,,,,,,,-0.017385,-0.018605,1.014857,1.190000,0.560000,-21.629999
51239,,,,,,,,,,,,,1.500550,-0.308324,0.075201,-0.039748,,,,,,,,,,,,
51242,,,,,,,,,,,,,,,,,,,,-0.042480,-1.099191,2.402478,,,,,,
51249,,,,,,,,,,,,,1.262563,-0.259424,0.078001,-0.040208,,,,,,,-0.017385,-0.018605,1.014857,1.120000,-1.820000,-24.080000
51251,,,,,,,,,,,,,,,,,,,,-0.042610,-1.099081,2.399485,,,,,,
51259,,,,,,,,,,,,,1.610813,-0.218279,0.074868,-0.040598,,,,,,,,,,,,
51261,,,,0.000451,-1.052791,1.603150,0.056517,-0.131696,,,,,,,,,,,,-0.042736,-1.098984,2.393569,,,,,,
51262,,,,,,,,,,,4.028413,0.674148,,,,,-0.000433,-0.063218,-0.795235,,,,,,,,,
51264,,,,,,,,,,,,,,,,,,,,,,,-0.007808,-0.011834,1.022543,1.190000,-1.120000,-24.990000
51269,,,,,,,,,,,,,1.885513,-0.183660,0.079218,-0.032894,,,,,,,-0.007808,-0.011834,1.022543,2.170000,1.190000,-30.240000
51271,,,,,,,,,,,,,,,,,,,,-0.043016,-1.098852,2.387640,,,,,,
51278,,,,,,,,,,,,,,,,,,,,,,,-0.012322,-0.018544,1.014979,2.030000,0.980000,-27.230000
51279,,,,,,,,,,,,,2.152995,-0.154531,0.076918,-0.033020,,,,,,,,,,,,
51282,,,,,,,,,,,,,,,,,,,,-0.043242,-1.098670,2.384636,,,,,,
51288,,,,,,,,,,,,,,,,,,,,,,,-0.012322,-0.018544,1.014979,1.050000,5.460000,-25.900000
51289,,,,,,,,,,,,,1.811529,-0.130023,0.080776,-0.033104,,,,,,,,,,,,
51291,,,,,,,,,,,,,,,,,,,,-0.043443,-1.098517,2.378701,,,,,,
51298,,,,,,,,,,,,,,,,,,,,,,,-0.022082,-0.007808,1.012417,1.190000,3.150000,-23.660000
51299,,,,,,,,,,,,,2.073820,-0.109401,0.078544,-0.033154,,,,,,,,,,,,
51301,,,,,,,,,,,,,,,,,,,,-0.043596,-1.098305,2.375718,,,,,,
51308,,,,,,,,,,,,,,,,,,,,,,,-0.022082,-0.007808,1.026630,2.030000,-1.190000,-29.260000
51309,,,,,,,,,,,,,2.291203,-0.092050,0.076717,-0.033174,,,,,,,,,,,,
51311,,,,0.000366,-1.049936,1.598095,0.057040,-0.110067,,,,,,,,,,,,-0.043726,-1.098135,2.369725,,,,,,
51312,,,,,,,,,,,4.682557,1.460684,,,,,0.001881,-0.065325,-0.776774,,,,,,,,,
51319,,,,,,,,,,,,,2.476587,-0.077451,0.081846,-0.025147,,,,,,,,,,,,
51321,,,,,,,,,,,,,,,,,,,,-0.043857,-1.098061,2.363771,,,,,,
51324,,,,,,,,,,,,,,,,,,,,,,,-0.042395,-0.017080,1.026630,2.240000,-4.760000,-33.950001
51329,,,,,,,,,,,,,2.630859,-0.065167,0.080714,-0.024965,,,,,,,-0.020496,-0.011712,1.010526,2.100000,-5.180000,-33.389999
51331,,,,,,,,,,,,,,,,,,,,-0.044053,-1.098007,2.357803,,,,,,
51338,,,,,,,,,,,,,,,,,,,,,,,-0.020496,-0.011712,1.010526,1.610000,-2.450000,-32.689999
51339,,,,,,,,,,,,,2.761214,-0.054832,0.079795,-0.024765,,,,,,,,,,,,
51341,,,,,,,,,,,,,,,,,,,,-0.044169,-1.097912,2.351787,,,,,,
51349,,,,,,,,,,,,,2.871061,-0.046135,0.079058,-0.024551,,,,,,,-0.011529,-0.015433,1.007964,2.170000,5.530000,-33.389999
51351,,,,,,,,,,,,,,,,,,,,-0.044357,-1.097682,2.345783,,,,,,
51359,,,,,,,,,,,,,2.964092,-0.038818,0.078472,-0.024324,,,,,,,,,,,,
51361,,,,0.000294,-1.047084,1.593826,0.057162,-0.092700,,,,,,,,,,,,-0.044578,-1.097425,2.339821,,,,,,
51362,,,,,,,,,,,5.521038,2.446174,,,,,0.004886,-0.067295,-0.751896,,,,,,,,,
51363,,,,,,,,,,,,,,,,,,,,,,,-0.011529,-0.015433,1.007964,1.540000,1.120000,-35.560001
51368,,,,,,,,,,,,,,,,,,,,,,,-0.005673,-0.010248,1.028216,1.470000,-5.740000,-39.830002
51369,,,,,,,,,,,,,3.042037,-0.032662,0.086573,-0.014035,,,,,,,,,,,,
51371,,,,,,,,,,,,,,,,,,,,-0.044807,-1.097285,2.333804,,,,,,
51378,,,,,,,,,,,,,,,,,,,,,,,-0.005673,-0.010248,1.028216,2.520000,-3.010000,-45.080002
51379,,,,,,,,,,,,,3.106684,-0.027482,0.086409,-0.013592,,,,,,,,,,,,
51381,,,,,,,,,,,,,,,,,,,,-0.045011,-1.097162,2.324804,,,,,,
51388,,,,,,,,,,,,,,,,,,,,,,,-0.018971,-0.019581,1.013881,2.450000,-5.460000,-50.119999
51389,,,,,,,,,,,,,3.708853,-0.023123,0.080750,-0.013142,,,,,,,,,,,,
51391,,,,,,,,,,,,,,,,,,,,-0.045293,-1.097014,2.315707,,,,,,
51398,,,,,,,,,,,,,,,,,,,,,,,-0.018971,-0.019581,1.013881,1.610000,-1.190000,-51.939999
51399,,,,,,,,,,,,,3.670173,-0.019456,0.081507,-0.012685,,,,,,,,,,,,
51401,,,,,,,,,,,,,,,,,,,,-0.045491,-1.096726,2.306666,,,,,,
51408,,,,,,,,,,,,,,,,,,,,,,,0.002196,-0.010126,1.013393,1.610000,0.560000,-45.990002
51409,,,,,,,,,,,,,3.635417,-0.016370,0.082232,-0.012223,,,,,,,,,,,,
51411,,,,0.000234,-1.044251,1.590200,0.056919,-0.078543,,,,,,,,,,,,-0.045804,-1.096419,2.297467,,,,,,
51412,,,,,,,,,,,6.453974,3.561995,,,,,0.008249,-0.069083,-0.714232,,,,,,,,,
51419,,,,,,,,,,,,,4.154170,-0.013774,0.086834,-0.000376,,,,,,,,,,,,
51421,,,,,,,,,,,,,,,,,,,,-0.046174,-1.096058,2.291335,,,,,,
51424,,,,,,,,,,,,,,,,,,,,,,,0.002196,-0.015067,1.017053,2.310000,9.310000,-48.930000
51429,,,,,,,,,,,,,4.041718,-0.011589,0.088441,0.000317,,,,,,,-0.012017,-0.015067,1.017053,1.890000,3.710000,-49.419998
51431,,,,,,,,,,,,,,,,,,,,-0.046503,-1.095714,2.285304,,,,,,
51438,,,,,,,,,,,,,,,,,,,,,,,-0.012017,-0.015067,1.017053,1.750000,0.210000,-54.740002
51439,,,,,,,,,,,,,4.501901,-0.009751,0.084229,0.001013,,,,,,,,,,,,
51441,,,,,,,,,,,,,,,,,,,,-0.046802,-1.095459,2.273219,,,,,,
51448,,,,,,,,,,,,,,,,,,,,,,,-0.015738,-0.016043,1.025044,1.680000,-7.070000,-58.869999
51449,,,,,,,,,,,,,4.882348,-0.008205,0.080739,0.001711,,,,,,,,,,,,
51451,,,,,,,,,,,,,,,,,,,,-0.047036,-1.095149,2.264036,,,,,,
51458,,,,,,,,,,,,,,,,,,,,,,,-0.015738,-0.016043,1.025044,2.870000,-3.850000,-66.500000
51459,,,,,,,,,,,,,4.656168,-0.006903,0.083360,0.002412,,,,,,,,,,,,
51461,,,,0.000184,-1.041455,1.587109,0.056348,-0.066852,,,,,,,,,,,,-0.047263,-1.094852,2.251788,,,,,,
51462,,,,,,,,,,,7.230777,4.522567,,,,,0.011139,-0.070627,-0.677567,,,,,,,,,
51468,,,,,,,,,,,,,,,,,,,,,,,-0.005795,-0.017202,1.010892,1.610000,-3.500000,-65.660004
51469,,,,,,,,,,,,,5.010940,-0.005808,0.088025,0.012913,,,,,,,,,,,,
51471,,,,,,,,,,,,,,,,,,,,-0.047627,-1.094512,2.239522,,,,,,
51479,,,,,,,,,,,,,5.313962,-0.004887,0.085378,0.013809,,,,,,,,,,,,
51482,,,,,,,,,,,,,,,,,,,,,,,0.003660,-0.015128,1.020713,2.450000,1.470000,-65.099998
51481,,,,,,,,,,,,,,,,,,,,-0.047973,-1.094142,2.230259,,,,,,
51488,,,,,,,,,,,,,,,,,,,,,,,0.003660,-0.015128,1.020713,1.820000,-0.280000,-66.570000
51489,,,,,,,,,,,,,5.567931,-0.004112,0.083171,0.014706,,,,,,,,,,,,
51491,,,,,,,,,,,,,,,,,,,,-0.048296,-1.093746,2.217936,,,,,,
51499,,,,,,,,,,,,,5.779306,-0.003460,0.081347,0.015605,,,,,,,0.003660,-0.015128,1.020713,1.960000,-3.640000,-73.709999
51501,,,,,,,,,,,,,,,,,,,,-0.048613,-1.093342,2.205550,,,,,,
51508,,,,,,,,,,,,,,,,,,,,,,,-0.013420,-0.020801,1.020957,3.430000,3.430000,-71.889999
51509,,,,,,,,,,,,,5.958367,-0.002911,0.079811,0.016505,,,,,,,,,,,,
51511,,,,0.000143,-1.038708,1.584465,0.055485,-0.057089,,,,,,,,,,,,-0.048988,-1.092921,2.193144,,,,,,
51512,,,,,,,,,,,8.297935,5.834558,,,,,0.015093,-0.071636,-0.620550,,,,,,,,,
51519,,,,,,,,,,,,,6.108479,-0.002449,0.089419,0.030787,,,,,,,,,,,,
51521,,,,,,,,,,,,,,,,,,,,-0.049406,-1.092480,2.180677,,,,,,
51524,,,,,,,,,,,,,,,,,,,,,,,-0.013420,-0.014884,1.002535,1.890000,0.770000,-70.910004
51529,,,,,,,,,,,,,6.231599,-0.002061,0.088601,0.031951,,,,,,,-0.013786,-0.014884,1.002535,1.400000,-1.820000,-72.800003
51532,,,,,,,,,,,,,,,,,,,,-0.049786,-1.092092,2.165021,,,,,,
51538,,,,,,,,,,,,,,,,,,,,,,,-0.013786,-0.016165,1.032364,2.240000,-1.750000,-76.790001
51539,,,,,,,,,,,,,6.345246,-0.001734,0.087856,0.033115,,,,,,,,,,,,
51541,,,,,,,,,,,,,,,,,,,,-0.050165,-1.091540,2.152481,,,,,,
51548,,,,,,,,,,,,,,,,,,,,,,,-0.016958,-0.016165,1.032364,1.260000,-2.870000,-77.980003
51549,,,,,,,,,,,,,6.981553,-0.001459,0.081756,0.034279,,,,,,,,,,,,
51551,,,,,,,,,,,,,,,,,,,,-0.050461,-1.091106,2.136698,,,,,,
51558,,,,,,,,,,,,,,,,,,,,,,,-0.011346,-0.023851,1.019005,2.450000,3.290000,-83.440002
51559,,,,,,,,,,,,,6.969277,-0.001228,0.082144,0.035444,,,,,,,,,,,,
51561,,,,0.000110,-1.036023,1.582202,0.054363,-0.048859,,,,,,,,,,,,-0.050871,-1.090668,2.124067,,,,,,
51562,,,,,,,,,,,9.455209,7.274068,,,,,0.019454,-0.072149,-0.551976,,,,,,,,,
51568,,,,,,,,,,,,,,,,,,,,,,,-0.011346,-0.023851,1.019005,-0.560000,-3.500000,-82.459999
51569,,,,,,,,,,,,,6.958179,-0.001033,0.094327,0.051292,,,,,,,,,,,,
51571,,,,,,,,,,,,,,,,,,,,-0.051292,-1.090011,2.111372,,,,,,
51579,,,,,,,,,,,,,7.496284,0.546355,0.089338,0.047164,,,,,,,,,,,,
51582,,,,,,,,,,,,,,,,,,,,,,,0.002928,-0.009028,1.005890,0.210000,0.770000,-83.300003
51581,,,,,,,,,,,,,,,,,,,,-0.051673,-1.089576,2.095419,,,,,,
51588,,,,,,,,,,,,,,,,,,,,,,,0.002928,-0.009028,1.005890,1.610000,0.700000,-90.160004
51589,,,,,,,,,,,,,7.405353,0.459703,0.090657,0.049393,,,,,,,,,,,,
51591,,,,,,,,,,,,,,,,,,,,-0.052109,-1.088882,2.082603,,,,,,
51598,,,,,,,,,,,,,,,,,,,,,,,-0.006100,-0.029036,1.003389,1.540000,2.100000,-90.720001
51599,,,,,,,,,,,,,7.873197,0.386794,0.086295,0.051500,,,,,,,,,,,,
51601,,,,,,,,,,,,,,,,,,,,-0.052473,-1.088422,2.066569,,,,,,
51608,,,,,,,,,,,,,,,,,,,,,,,-0.006100,-0.029036,1.003389,1.120000,-3.990000,-91.629997
51609,,,,,,,,,,,,,7.720608,0.325449,0.088168,0.053503,,,,,,,,,,,,
51611,,,,0.000082,-1.033410,1.580262,0.053015,-0.041866,,,,,,,,,,,,-0.052790,-1.087802,2.050419,,,,,,
51612,,,,,,,,,,,10.491595,8.593491,,,,,0.023499,-0.072299,-0.483630,,,,,,,,,
51619,,,,,,,,,,,,,8.134171,0.273833,0.094868,0.068877,,,,,,,,,,,,
51623,,,,,,,,,,,,,,,,,,,,,,,-0.014945,-0.017141,1.028521,1.260000,6.300000,-100.519997
51621,,,,,,,,,,,,,,,,,,,,-0.053220,-1.087185,2.030909,,,,,,
51629,,,,,,,,,,,,,8.493888,0.230403,0.091670,0.070984,,,,,,,-0.014945,-0.017141,1.028521,-0.070000,4.690000,-97.370003
51631,,,,,,,,,,,,,,,,,,,,-0.053671,-1.086515,2.014567,,,,,,
51638,,,,,,,,,,,,,,,,,,,,,,,0.003294,-0.024156,1.013942,0.140000,1.470000,-102.269997
51639,,,,,,,,,,,,,8.786123,0.193861,0.089089,0.073030,,,,,,,,,,,,
51641,,,,,,,,,,,,,,,,,,,,-0.054077,-1.085727,1.998135,,,,,,
51648,,,,,,,,,,,,,,,,,,,,,,,0.003294,-0.024156,1.013942,1.470000,8.960000,-100.029999
51649,,,,,,,,,,,,,8.491509,0.712548,0.092435,0.069419,,,,,,,,,,,,
51651,,,,,,,,,,,,,,,,,,,,-0.054523,-1.085027,1.981650,,,,,,
51658,,,,,,,,,,,,,,,,,,,,,,,0.009699,-0.019337,1.014979,0.560000,-3.080000,-92.820000
51659,,,,,,,,,,,,,8.794553,0.599537,0.089744,0.072148,,,,,,,,,,,,
51661,,,,0.000061,-1.030879,1.578599,0.051471,-0.035885,,,,,,,,,,,,-0.054986,-1.084193,1.961731,,,,,,
51662,,,,,,,,,,,11.600340,10.024613,,,,,0.027916,-0.071593,-0.401593,,,,,,,,,
51668,,,,,,,,,,,,,,,,,,,,,,,0.009699,-0.019337,1.014979,2.450000,8.610000,-102.269997
51669,,,,,,,,,,,,,9.587095,0.504451,0.093309,0.089314,,,,,,,,,,,,
51672,,,,,,,,,,,,,,,,,,,,-0.055339,-1.083392,1.945047,,,,,,
51679,,,,,,,,,,,,,9.711064,0.424445,0.092447,0.092034,,,,,,,,,,,,
51682,,,,,,,,,,,,,,,,,,,,,,,-0.015128,-0.026962,1.014247,2.170000,-2.520000,-108.570000
51681,,,,,,,,,,,,,,,,,,,,-0.055759,-1.082511,1.924839,,,,,,
51688,,,,,,,,,,,,,,,,,,,,,,,-0.015128,-0.026962,1.014247,3.920000,-2.380000,-103.320000
51689,,,,,,,,,,,,,9.818025,0.357128,0.091734,0.094641,,,,,,,,,,,,
51691,,,,,,,,,,,,,,,,,,,,-0.056042,-1.081881,1.911356,,,,,,
51699,,,,,,,,,,,,,9.901569,0.847382,0.091238,0.091574,,,,,,,-0.002135,-0.025803,1.046455,3.360000,-13.860000,-94.919998
51701,,,,,,,,,,,,,,,,,,,,-0.056502,-1.080960,1.890875,,,,,,
51708,,,,,,,,,,,,,,,,,,,,,,,-0.002135,-0.025803,1.046455,0.630000,3.220000,-81.550003
51709,,,,,,,,,,,,,9.972688,1.260157,0.090852,0.089199,,,,,,,,,,,,
51711,,,,0.000043,-1.028436,1.577176,0.049759,-0.030741,,,,,,,,,,,,-0.056904,-1.080051,1.877227,,,,,,
51712,,,,,,,,,,,12.619723,11.380570,,,,,0.032146,-0.070134,-0.312878,,,,,,,,,
51718,,,,,,,,,,,,,,,,,,,,,,,0.050996,-0.015067,0.989115,-0.700000,4.410000,-72.660004
51719,,,,,,,,,,,,,10.031703,1.607191,0.100974,0.101243,,,,,,,,,,,,
51721,,,,,,,,,,,,,,,,,,,,-0.057273,-1.078933,1.863478,,,,,,
51728,,,,,,,,,,,,,,,,,,,,,,,0.050996,-0.015067,1.024190,0.700000,7.140000,-73.500000
51729,,,,,,,,,,,,,10.082512,1.899570,0.100973,0.100215,,,,,,,,,,,,
51731,,,,,,,,,,,,,,,,,,,,-0.057714,-1.077870,1.853104,,,,,,
51739,,,,,,,,,,,,,10.673423,2.145797,0.095453,0.099600,,,,,,,,,,,,
51742,,,,,,,,,,,,,,,,,,,,,,,0.019581,-0.023119,1.024190,0.280000,1.890000,-80.639999
51741,,,,,,,,,,,,,,,,,,,,-0.058146,-1.076773,1.835772,,,,,,
51748,,,,,,,,,,,,,,,,,,,,,,,0.019581,-0.041419,1.019554,2.030000,-2.730000,-75.739998
51749,,,,,,,,,,,,,10.626094,2.353966,0.096325,0.099323,,,,,,,,,,,,
51751,,,,,,,,,,,,,,,,,,,,-0.058598,-1.075560,1.825263,,,,,,
51758,,,,,,,,,,,,,,,,,,,,,,,0.024888,-0.041419,1.019554,0.770000,-3.640000,-72.940002
51759,,,,,,,,,,,,,10.581478,3.074416,0.097179,0.093780,,,,,,,,,,,,
51761,,,,0.000030,-1.026090,1.575959,0.047906,-0.026298,,,,,,,,,,,,-0.058966,-1.074376,1.811265,,,,,,
51762,,,,,,,,,,,12.736768,11.756019,,,,,0.033218,-0.069048,-0.246403,,,,,,,,,
51768,,,,,,,,,,,,,,,,,,,,,,,0.027572,-0.027938,1.013881,1.050000,1.050000,-67.620003
51769,,,,,,,,,,,,,11.093914,3.134478,0.093554,0.098658,,,,,,,,,,,,
51771,,,,,,,,,,,,,,,,,,,,-0.059298,-1.072929,1.800642,,,,,,
51778,,,,,,,,,,,,,,,,,,,,,,,0.027572,-0.027938,1.013881,-0.420000,8.330000,-76.019997
51779,,,,,,,,,,,,,10.973785,3.730261,0.095108,0.094306,,,,,,,,,,,,
51781,,,,,,,,,,,,,,,,,,,,-0.059621,-1.071620,1.786509,,,,,,
51788,,,,,,,,,,,,,,,,,,,,,,,0.038003,-0.021106,1.021018,-0.420000,3.150000,-62.930000
51789,,,,,,,,,,,,,11.425103,3.686582,0.090857,0.096356,,,,,,,,,,,,
51791,,,,,,,,,,,,,,,,,,,,-0.059992,-1.070177,1.775846,,,,,,
51799,,,,,,,,,,,,,11.253600,4.195570,0.092868,0.092779,,,,,,,,,,,,
51801,,,,,,,,,,,,,,,,,,,,-0.060383,-1.068592,1.764956,0.038003,-0.021106,1.021018,-0.560000,9.730000,-61.599998
51808,,,,,,,,,,,,,,,,,,,,,,,0.013725,-0.032757,1.019371,1.540000,-3.990000,-59.919998
51809,,,,,,,,,,,,,11.669842,4.630683,0.088919,0.089853,,,,,,,,,,,,
51811,,,,0.000019,-1.023844,1.574923,0.045939,-0.022450,,,,,,,,,,,,-0.060746,-1.067252,1.754259,,,,,,
51812,,,,,,,,,,,12.318747,11.557994,,,,,0.032420,-0.067832,-0.188712,,,,,,,,,
51818,,,,,,,,,,,,,,,,,,,,,,,0.013725,-0.032757,1.019371,3.500000,1.400000,-61.529999
51819,,,,,,,,,,,,,12.003511,4.988510,0.081466,0.085608,,,,,,,,,,,,
51821,,,,,,,,,,,,,,,,,,,,-0.061001,-1.065654,1.743436,,,,,,
51828,,,,,,,,,,,,,,,,,,,,,,,-0.021045,-0.030805,1.035963,2.380000,-4.550000,-50.470001
51829,,,,,,,,,,,,,11.743243,5.292992,0.084183,0.083816,,,,,,,,,,,,
51831,,,,,,,,,,,,,,,,,,,,-0.061265,-1.064123,1.736236,,,,,,
51839,,,,,,,,,,,,,12.063519,6.090590,0.081032,0.076934,,,,,,,,,,,,
51842,,,,,,,,,,,,,,,,,,,,,,,-0.021045,-0.030805,1.035963,1.610000,-0.980000,-60.549999
51841,,,,,,,,,,,,,,,,,,,,-0.061564,-1.062595,1.725335,,,,,,
51849,,,,,,,,,,,,,11.802043,5.675221,0.083750,0.082264,,,,,,,-0.038369,-0.025681,1.005768,3.150000,2.940000,-55.020000
51851,,,,,,,,,,,,,,,,,,,,-0.061737,-1.060955,1.714333,,,,,,
51858,,,,,,,,,,,,,,,,,,,,,,,-0.038369,-0.025681,1.005768,2.870000,-0.140000,-51.240002
51859,,,,,,,,,,,,,12.119796,6.417299,0.080612,0.075871,,,,,,,,,,,,
51861,,,,0.000012,-1.021703,1.574042,0.043878,-0.019110,,,,,,,,,,,,-0.061948,-1.059472,1.706999,,,,,,
51862,,,,,,,,,,,11.443350,10.859120,,,,,0.029996,-0.066764,-0.141643,,,,,,,,,
51868,,,,,,,,,,,,,,,,,,,,,,,-0.032635,-0.027145,1.011197,1.680000,0.560000,-51.450001
51869,,,,,,,,,,,,,11.831060,5.944004,0.074668,0.074598,,,,,,,,,,,,
51871,,,,,,,,,,,,,,,,,,,,-0.062229,-1.057974,1.699681,,,,,,
51878,,,,,,,,,,,,,,,,,,,,,,,-0.032635,-0.027145,1.011197,3.290000,-5.600000,-51.029999
51879,,,,,,,,,,,,,12.149949,6.647756,0.071338,0.068403,,,,,,,,,,,,
51881,,,,,,,,,,,,,,,,,,,,-0.062474,-1.056473,1.688559,,,,,,
51888,,,,,,,,,,,,,,,,,,,,,,,-0.027450,-0.024461,1.015467,2.030000,4.830000,-50.400002
51889,,,,,,,,,,,,,11.867118,6.689523,0.074081,0.068819,,,,,,,,,,,,
51891,,,,,,,,,,,,,,,,,,,,-0.062654,-1.054970,1.681145,,,,,,
51899,,,,,,,,,,,,,11.619929,6.173543,0.076518,0.074916,,,,,,,,,,,,
51902,,,,,,,,,,,,,,,,,,,,,,,-0.044774,-0.019398,1.015955,1.680000,5.040000,-45.990002
51901,,,,,,,,,,,,,,,,,,,,-0.062790,-1.053370,1.673744,,,,,,
51908,,,,,,,,,,,,,,,,,,,,,,,-0.044774,-0.019398,1.015955,1.330000,5.950000,-49.279999
51909,,,,,,,,,,,,,11.979183,6.846051,0.072818,0.068994,,,,,,,,,,,,
51911,,,,0.000006,-1.019670,1.573296,0.041747,-0.016207,,,,,,,,,,,,-0.062968,-1.051952,1.666284,,,,,,
51912,,,,,,,,,,,10.408106,9.971126,,,,,0.027000,-0.065923,-0.100610,,,,,,,,,
51918,,,,,,,,,,,,,,,,,,,,,,,-0.044774,-0.019398,1.015955,3.640000,0.420000,-45.849998
51919,,,,,,,,,,,,,11.720297,6.854276,0.064792,0.060655,,,,,,,,,,,,
51921,,,,,,,,,,,,,,,,,,,,-0.063088,-1.050461,1.658794,,,,,,
51928,,,,,,,,,,,,,,,,,,,,,,,-0.057828,-0.025437,1.031388,5.250000,-7.280000,-39.900002
51929,,,,,,,,,,,,,11.504451,6.314852,0.066731,0.066781,,,,,,,,,,,,
51931,,,,,,,,,,,,,,,,,,,,-0.063181,-1.049055,1.651274,,,,,,
51938,,,,,,,,,,,,,,,,,,,,,,,-0.057828,-0.025437,1.010526,3.150000,-7.980000,-37.660000
51939,,,,,,,,,,,,,11.320528,6.407105,0.068388,0.066571,,,,,,,,,,,,
51941,,,,,,,,,,,,,,,,,,,,-0.063232,-1.047735,1.643728,,,,,,
51948,,,,,,,,,,,,,,,,,,,,,,,-0.066124,-0.020740,1.010526,2.870000,5.740000,-36.959999
51949,,,,,,,,,,,,,11.166599,6.485276,0.069776,0.066486,,,,,,,,,,,,
51951,,,,,,,,,,,,,,,,,,,,-0.063321,-1.046375,1.636189,,,,,,
51959,,,,,,,,,,,,,11.038900,6.552261,0.070926,0.066500,,,,,,,,,,,,
51961,,,,0.000002,-1.017747,1.572667,0.039565,-0.013685,,,,,,,,,,,,-0.063439,-1.045016,1.632362,,,,,,
51962,,,,,,,,,,,9.503327,9.189504,,,,,0.024458,-0.065081,-0.064283,,,,,,,,,
51964,,,,,,,,,,,,,,,,,,,,,,,-0.069418,-0.012322,1.002474,2.170000,9.100000,-42.840000
51969,,,,,,,,,,,,,,,,,,,,,,,-0.069418,-0.012322,1.002474,2.100000,7.350000,-44.590000
51970,,,,,,,,,,,,,10.859531,6.560673,0.063401,0.059126,,,,,,,,,,,,
51971,,,,,,,,,,,,,,,,,,,,-0.063570,-1.043708,1.620969,,,,,,
51978,,,,,,,,,,,,,,,,,,,,,,,-0.037759,-0.012566,1.005280,-1.400000,1.330000,-36.470001
51979,,,,,,,,,,,,,10.283374,6.093232,0.069007,0.064419,,,,,,,,,,,,
51981,,,,,,,,,,,,,,,,,,,,-0.063670,-1.042483,1.617103,,,,,,
51988,,,,,,,,,,,,,,,,,,,,,,,-0.037759,-0.012566,1.005280,0.070000,5.600000,-43.400002
51989,,,,,,,,,,,,,10.293774,6.221074,0.068745,0.063735,,,,,,,,,,,,
51991,,,,,,,,,,,,,,,,,,,,-0.063798,-1.041124,1.605588,,,,,,
51998,,,,,,,,,,,,,,,,,,,,,,,-0.058255,-0.021472,1.017785,1.960000,11.060000,-45.430000
51999,,,,,,,,,,,,,10.301700,5.781250,0.068506,0.068814,,,,,,,,,,,,
52001,,,,,,,,,,,,,,,,,,,,-0.063856,-1.039665,1.601693,,,,,,
52008,,,,,,,,,,,,,,,,,,,,,,,-0.058255,-0.021472,1.017785,3.360000,2.380000,-46.200001
52009,,,,,,,,,,,,,10.317646,5.964209,0.068183,0.067630,,,,,,,,,,,,
52011,,,,-0.000001,-1.015936,1.572142,0.037348,-0.011496,,,,,,,,,,,,-0.063915,-1.038515,1.593909,,,,,,
52012,,,,,,,,,,,8.611383,8.404613,,,,,0.021955,-0.064541,-0.029752,,,,,,,,,
52019,,,,,,,,,,,,,10.321292,5.564960,0.058885,0.064341,,,,,,,,,,,,
52023,,,,,,,,,,,,,,,,,,,,,,,-0.049837,-0.019886,1.030168,2.380000,-4.760000,-30.520000
52021,,,,,,,,,,,,,,,,,,,,-0.063943,-1.037366,1.586210,,,,,,
52028,,,,,,,,,,,,,,,,,,,,,,,-0.049837,-0.019886,1.030168,2.310000,-10.430000,-37.380001
52029,,,,,,,,,,,,,9.781208,5.779230,0.064052,0.062724,,,,,,,,,,,,
52031,,,,,,,,,,,,,,,,,,,,-0.063958,-1.036242,1.578424,,,,,,
52038,,,,,,,,,,,,,,,,,,,,,,,-0.048556,-0.013664,1.023397,2.100000,2.100000,-39.410000
52039,,,,,,,,,,,,,9.322928,5.409154,0.068493,0.067024,,,,,,,,,,,,
52041,,,,,,,,,,,,,,,,,,,,-0.063940,-1.035157,1.574570,,,,,,
52049,,,,,,,,,,,,,9.487636,5.646811,0.066670,0.065199,,,,,,,-0.048556,-0.013664,1.023397,2.870000,6.090000,-38.500000
52051,,,,,,,,,,,,,,,,,,,,-0.063922,-1.033821,1.567194,,,,,,
52059,,,,,,,,,,,,,9.612939,5.294574,0.065217,0.069343,,,,,,,,,,,,
52061,,,,-0.000003,-1.014236,1.571703,0.035114,-0.009599,,,,,,,,,,,,-0.063907,-1.032856,1.563363,,,,,,
52062,,,,,,,,,,,7.817131,7.704603,,,,,0.019791,-0.063859,0.003963,,,,,,,,,
52064,,,,,,,,,,,,,,,,,,,,,,,-0.068442,-0.013969,1.006988,2.520000,-0.840000,-36.119999
52069,,,,,,,,,,,,,,,0.061623,0.060547,,,,,,,-0.068442,-0.013969,1.006988,1.890000,-3.080000,-33.459999
52070,,,,,,,,,,,,,9.151367,5.517896,,,,,,,,,,,,,,
52071,,,,,,,,,,,,,,,,,,,,-0.063913,-1.031750,1.555505,,,,,,
52078,,,,,,,,,,,,,,,,,,,,,,,-0.037698,-0.011773,1.021201,2.170000,-4.480000,-30.309999
52079,,,,,,,,,,,,,8.837505,5.211530,0.064558,0.064109,,,,,,,,,,,,
52081,,,,,,,,,,,,,,,,,,,,-0.063950,-1.030736,1.551624,,,,,,
52088,,,,,,,,,,,,,,,,,,,,,,,-0.037698,-0.011773,1.021201,0.280000,3.850000,-30.030001
52089,,,,,,,,,,,,,8.525943,4.930015,0.067532,0.067479,,,,,,,,,,,,
52091,,,,,,,,,,,,,,,,,,,,-0.063875,-1.029650,1.543883,,,,,,
52099,,,,,,,,,,,,,8.812601,5.240696,0.064466,0.064865,,,,,,,-0.065453,-0.010126,0.994483,0.700000,7.490000,-32.759998
52101,,,,,,,,,,,,,,,,,,,,-0.063871,-1.028639,1.540024,,,,,,
52108,,,,,,,,,,,,,,,,,,,,,,,-0.065453,-0.010126,0.994483,1.540000,7.000000,-40.389999
52109,,,,,,,,,,,,,8.515676,4.959898,0.067296,0.068222,,,,,,,,,,,,
52111,,,,-0.000004,-1.012648,1.571342,0.032878,-0.007961,,,,,,,,,,,,-0.063867,-1.027621,1.532326,,,,,,
52112,,,,,,,,,,,7.060751,7.007376,,,,,0.017706,-0.063441,0.026194,,,,,,,,,
52119,,,,,,,,,,,,,8.258549,4.719988,0.062064,0.064107,,,,,,,,,,,,
52123,,,,,,,,,,,,,,,,,,,,,,,-0.051118,-0.014091,1.021689,0.630000,0.000000,-31.780001
52121,,,,,,,,,,,,,,,,,,,,-0.063794,-1.026538,1.528486,,,,,,
52129,,,,,,,,,,,,,8.016892,5.039548,0.064289,0.061305,,,,,,,-0.051118,-0.014091,1.021689,1.890000,-6.160000,-39.759998
52131,,,,,,,,,,,,,,,,,,,,-0.063752,-1.025737,1.520833,,,,,,
52138,,,,,,,,,,,,,,,,,,,,,,,-0.042212,-0.017324,1.021323,1.190000,-2.730000,-25.410000
52139,,,,,,,,,,,,,7.864145,4.799641,0.065656,0.064145,,,,,,,,,,,,
52141,,,,,,,,,,,,,,,,,,,,-0.063742,-1.024735,1.516954,,,,,,
52148,,,,,,,,,,,,,,,,,,,,,,,-0.042212,-0.017324,1.000949,1.400000,11.200000,-28.629999
52149,,,,,,,,,,,,,7.715535,4.038417,0.067011,0.072351,,,,,,,,,,,,
52151,,,,,,,,,,,,,,,,,,,,-0.063632,-1.023759,1.513042,,,,,,
52158,,,,,,,,,,,,,,,,,,,,,,,-0.036356,-0.008235,1.000949,2.100000,5.040000,-36.049999
52159,,,,,,,,,,,,,7.586079,4.492153,0.068200,0.068317,,,,,,,,,,,,
52161,,,,-0.000005,-1.011171,1.571044,0.030652,-0.006551,,,,,,,,,,,,-0.063583,-1.022695,1.505544,,,,,,
52162,,,,,,,,,,,6.491714,6.508802,,,,,0.016312,-0.062796,0.058068,,,,,,,,,
52169,,,,,,,,,,,,,8.027575,4.327913,0.057788,0.065410,,,,,,,-0.036356,-0.012322,1.031388,2.380000,6.300000,-36.470001
52172,,,,,,,,,,,,,,,,,,,,-0.063555,-1.021778,1.498033,,,,,,
52179,,,,,,,,,,,,,7.850722,4.189667,0.059285,0.067256,,,,,,,,,,,,
52181,,,,,,,,,,,,,,,,,,,,,,,-0.049654,-0.012322,1.031388,0.840000,-6.230000,-25.410000
52183,,,,,,,,,,,,,,,,,,,,-0.063491,-1.020882,1.494195,,,,,,
52188,,,,,,,,,,,,,,,,,,,,,,,-0.036905,-0.010309,1.016077,2.450000,-2.030000,-24.780001
52189,,,,,,,,,,,,,7.700816,4.620405,0.060542,0.063326,,,,,,,,,,,,
52191,,,,,,,,,,,,,,,,,,,,-0.063423,-1.019993,1.490326,,,,,,
52198,,,,,,,,,,,,,,,,,,,,,,,-0.036905,-0.010309,1.016077,2.310000,4.970000,-31.709999
52199,,,,,,,,,,,,,7.573805,4.981947,0.061596,0.060016,,,,,,,,,,,,
52201,,,,,,,,,,,,,,,,,,,,-0.063380,-1.019060,1.486605,,,,,,
52208,,,,,,,,,,,,,,,,,,,,,,,-0.041480,-0.007564,1.014979,1.120000,-0.070000,-22.469999
52209,,,,,,,,,,,,,6.921865,4.191810,0.068029,0.068381,,,,,,,,,,,,
52211,,,,-0.000005,-1.009803,1.570805,0.028448,-0.005345,,,,,,,,,,,,-0.063300,-1.018050,1.482807,,,,,,
52212,,,,,,,,,,,5.842124,5.905071,,,,,0.014583,-0.062398,0.081987,,,,,,,,,
52219,,,,,,,,,,,,,6.910319,4.070119,0.061435,0.063928,,,,,,,,,,,,
52223,,,,,,,,,,,,,,,,,,,,,,,-0.041480,-0.007564,1.014979,2.030000,1.960000,-29.260000
52221,,,,,,,,,,,,,,,,,,,,-0.063142,-1.017230,1.479098,,,,,,
52228,,,,,,,,,,,,,,,,,,,,,,,-0.060146,-0.014762,1.011807,2.450000,6.720000,-28.910000
52229,,,,,,,,,,,,,6.918779,4.529036,0.061135,0.059614,,,,,,,,,,,,
52231,,,,,,,,,,,,,,,,,,,,-0.063078,-1.016266,1.471717,,,,,,
52238,,,,,,,,,,,,,,,,,,,,,,,-0.060146,-0.014762,1.011807,2.450000,0.490000,-25.270000
52239,,,,,,,,,,,,,6.912292,4.356146,0.060986,0.061652,,,,,,,,,,,,
52241,,,,,,,,,,,,,,,,,,,,-0.063048,-1.015458,1.467932,,,,,,
52248,,,,,,,,,,,,,,,,,,,,,,,-0.055327,-0.005917,1.024800,2.100000,-2.520000,-24.570000
52249,,,,,,,,,,,,,6.914646,3.665261,0.060748,0.069009,,,,,,,,,,,,
52251,,,,,,,,,,,,,,,,,,,,-0.062965,-1.014679,1.464218,,,,,,
52258,,,,,,,,,,,,,,,,,,,,,,,-0.055327,-0.005917,1.024800,1.890000,4.130000,-31.430000
52259,,,,,,,,,,,,,6.364493,4.176971,0.066145,0.064238,,,,,,,,,,,,
52261,,,,-0.000005,-1.008542,1.570610,0.026277,-0.004318,,,,,,,,,,,,-0.062893,-1.013929,1.460452,,,,,,
52262,,,,,,,,,,,5.203387,5.306619,,,,,0.012879,-0.061939,0.107078,,,,,,,,,
52269,,,,,,,,,,,,,6.448654,4.061288,0.058667,0.059659,,,,,,,-0.067100,-0.009699,1.012661,0.770000,-6.160000,-26.600000
52271,,,,,,,,,,,,,,,,,,,,-0.062813,-1.013172,1.453068,,,,,,
52279,,,,,,,,,,,,,6.521777,3.417167,0.057672,0.066478,,,,,,,,,,,,
52282,,,,,,,,,,,,,,,,,,,,,,,-0.067100,-0.009699,1.012661,0.840000,-0.420000,-28.490000
52281,,,,,,,,,,,,,,,,,,,,-0.062716,-1.012426,1.453029,,,,,,
52288,,,,,,,,,,,,,,,,,,,,,,,-0.033855,-0.009150,1.010465,1.120000,1.820000,-29.750000
52289,,,,,,,,,,,,,6.586843,3.424914,0.056744,0.066777,,,,,,,,,,,,
52291,,,,,,,,,,,,,,,,,,,,-0.062582,-1.011598,1.445680,,,,,,
52298,,,,,,,,,,,,,,,,,,,,,,,-0.033855,-0.009150,1.010465,0.910000,13.370000,-30.660000
52299,,,,,,,,,,,,,6.088625,3.428178,0.061550,0.067120,,,,,,,,,,,,
52301,,,,,,,,,,,,,,,,,,,,-0.062509,-1.010840,1.438309,,,,,,
52308,,,,,,,,,,,,,,,,,,,,,,,-0.087230,-0.008418,1.018578,1.960000,9.310000,-35.630001
52309,,,,,,,,,,,,,6.218518,3.980019,0.060048,0.061867,,,,,,,,,,,,
52311,,,,-0.000005,-1.007387,1.570457,0.024149,-0.003451,,,,,,,,,,,,-0.062431,-1.010071,1.434674,,,,,,
52312,,,,,,,,,,,4.639566,4.772228,,,,,0.011411,-0.061530,0.130031,,,,,,,,,
52319,,,,,,,,,,,,,5.763160,3.348788,0.058738,0.063120,,,,,,,,,,,,
52321,,,,,,,,,,,,,,,,,,,,-0.062348,-1.009469,1.427289,,,,,,
52324,,,,,,,,,,,,,,,,,,,,,,,-0.087230,-0.004941,1.031754,1.750000,-11.200000,-23.590000
52329,,,,,,,,,,,,,,,,,,,,,,,-0.026596,-0.004941,1.031754,0.910000,-13.650000,-26.389999
52330,,,,,,,,,,,,,5.927959,2.817669,0.056833,0.068822,,,,,,,,,,,,
52331,,,,,,,,,,,,,,,,,,,,-0.062232,-1.008945,1.423588,,,,,,
52338,,,,,,,,,,,,,,,,,,,,,,,-0.026596,-0.004941,1.031754,2.170000,-10.080000,-29.680000
52339,,,,,,,,,,,,,6.135036,2.944413,0.054463,0.067920,,,,,,,,,,,,
52341,,,,,,,,,,,,,,,,,,,,-0.062171,-1.008367,1.416245,,,,,,
52348,,,,,,,,,,,,,,,,,,,,,,,-0.076921,-0.012749,1.012783,1.190000,5.740000,-34.930000
52349,,,,,,,,,,,,,5.710622,3.026031,0.058493,0.067453,,,,,,,,,,,,
52351,,,,,,,,,,,,,,,,,,,,-0.062092,-1.007692,1.412646,,,,,,
52358,,,,,,,,,,,,,,,,,,,,,,,-0.076921,-0.012749,1.012783,1.680000,6.650000,-36.959999
52359,,,,,,,,,,,,,5.350660,3.091846,0.061950,0.067131,,,,,,,,,,,,
52361,,,,-0.000004,-1.006334,1.570336,0.022072,-0.002725,,,,,,,,,,,,-0.062048,-1.007109,1.409059,,,,,,
52362,,,,,,,,,,,4.388885,4.551476,,,,,0.011050,-0.061093,0.158141,,,,,,,,,
52368,,,,,,,,,,,,,,,,,,,,,,,-0.058133,-0.007198,1.008818,3.010000,-10.920000,-10.010000
52369,,,,,,,,,,,,,5.598698,3.149806,0.056721,0.064625,,,,,,,,,,,,
52371,,,,,,,,,,,,,,,,,,,,-0.061931,-1.006511,1.405429,,,,,,
52379,,,,,,,,,,,,,5.256488,3.195990,0.059970,0.064434,,,,,,,,,,,,
52382,,,,,,,,,,,,,,,,,,,,,,,-0.040565,-0.007320,1.019432,1.330000,2.240000,-10.430000
52381,,,,,,,,,,,,,,,,,,,,-0.061825,-1.006011,1.401850,,,,,,
52388,,,,,,,,,,,,,,,,,,,,,,,-0.040565,-0.007320,1.019432,2.520000,2.030000,-14.420000
52389,,,,,,,,,,,,,4.970638,3.236936,0.062712,0.064287,,,,,,,,,,,,
52391,,,,,,,,,,,,,,,,,,,,-0.061732,-1.005453,1.398230,,,,,,
52398,,,,,,,,,,,,,,,,,,,,,,,-0.042334,0.000488,1.011868,2.240000,0.840000,-11.970000
52399,,,,,,,,,,,,,4.729464,3.270727,0.065055,0.064205,,,,,,,,,,,,
52401,,,,,,,,,,,,,,,,,,,,-0.061555,-1.004935,1.398230,,,,,,
52408,,,,,,,,,,,,,,,,,,,,,,,-0.042334,0.000488,1.011868,2.660000,-5.250000,2.100000
52409,,,,,,,,,,,,,4.529192,3.301811,0.067030,0.064145,,,,,,,,,,,,
52411,,,,-0.000004,-1.005380,1.570242,0.020054,-0.002122,,,,,,,,,,,,-0.061447,-1.004372,1.401804,,,,,,
52412,,,,,,,,,,,3.979624,4.145303,,,,,0.010053,-0.060733,0.170840,,,,,,,,,
52418,,,,,,,,,,,,,,,,,,,,,,,-0.021411,-0.007503,1.013332,2.380000,0.980000,-2.800000
52419,,,,,,,,,,,,,4.357317,3.324599,0.064581,0.060019,,,,,,,,,,,,
52421,,,,,,,,,,,,,,,,,,,,-0.061387,-1.003726,1.398136,,,,,,
52428,,,,,,,,,,,,,,,,,,,,,,,-0.021411,-0.007503,1.013332,2.100000,7.000000,-8.610000
52429,,,,,,,,,,,,,4.760146,3.344267,0.060396,0.059983,,,,,,,,,,,,
52431,,,,,,,,,,,,,,,,,,,,-0.061303,-1.003164,1.394579,,,,,,
52439,,,,,,,,,,,,,4.005186,3.361585,0.067941,0.059966,,,,,,,,,,,,
52442,,,,,,,,,,,,,,,,,,,,,,,-0.054046,-0.002135,1.023275,2.100000,-1.890000,-8.890000
52441,,,,,,,,,,,,,,,,,,,,-0.061114,-1.002519,1.394688,,,,,,
52448,,,,,,,,,,,,,,,,,,,,,,,-0.054046,-0.002135,1.023275,1.750000,-4.690000,1.120000
52449,,,,,,,,,,,,,4.472277,3.379595,0.063171,0.059939,,,,,,,,,,,,
52451,,,,,,,,,,,,,,,,,,,,-0.060941,-1.001962,1.398480,,,,,,
52458,,,,,,,,,,,,,,,,,,,,,,,-0.035441,-0.003660,1.016931,1.190000,-2.660000,-7.560000
52459,,,,,,,,,,,,,4.307680,3.388297,0.064752,0.060004,,,,,,,,,,,,
52461,,,,-0.000003,-1.004523,1.570172,0.018102,-0.001627,,,,,,,,,,,,-0.060863,-1.001548,1.394833,,,,,,
52462,,,,,,,,,,,3.193905,3.342843,,,,,0.007655,-0.060511,0.168834,,,,,,,,,
52468,,,,,,,,,,,,,,,,,,,,,,,-0.035441,-0.003660,1.016931,1.540000,5.740000,-15.890000
52469,,,,,,,,,,,,,4.171321,3.397753,0.058062,0.051873,,,,,,,,,,,,
52471,,,,,,,,,,,,,,,,,,,,-0.060709,-1.000950,1.391236,,,,,,
52478,,,,,,,,,,,,,,,,,,,,,,,-0.057828,-0.000061,1.003450,1.470000,7.630000,-19.110001
52479,,,,,,,,,,,,,4.058076,2.858869,0.059022,0.057359,,,,,,,,,,,,
52481,,,,,,,,,,,,,,,,,,,,-0.060671,-1.000415,1.387632,,,,,,
52488,,,,,,,,,,,,,,,,,,,,,,,-0.057828,-0.000061,1.003450,1.260000,-0.070000,-16.799999
52489,,,,,,,,,,,,,3.961799,2.952786,0.059831,0.056498,,,,,,,,,,,,
52491,,,,,,,,,,,,,,,,,,,,-0.060581,-0.999914,1.383946,,,,,,
52499,,,,,,,,,,,,,4.432102,3.033796,0.054881,0.055750,,,,,,,,,,,,
52502,,,,,,,,,,,,,,,,,,,,-0.060495,-0.999454,1.383888,-0.047092,-0.005917,1.035475,1.470000,-5.810000,-15.470000
52508,,,,,,,,,,,,,,,,,,,,,,,-0.047092,-0.005917,1.035475,1.050000,-4.410000,-14.560000
52509,,,,,,,,,,,,,4.274859,2.552636,0.056237,0.060719,,,,,,,,,,,,
52511,,,,-0.000003,-1.003757,1.570118,0.016222,-0.001227,,,,,,,,,,,,-0.060388,-0.999022,1.380295,,,,,,
52512,,,,,,,,,,,2.849937,3.000822,,,,,0.006858,-0.060252,0.184766,,,,,,,,,
52518,,,,,,,,,,,,,,,,,,,,,,,-0.055998,-0.005612,1.011624,1.540000,7.560000,-21.910000
52519,,,,,,,,,,,,,3.596866,2.697165,0.059428,0.055915,,,,,,,,,,,,
52521,,,,,,,,,,,,,,,,,,,,-0.060300,-0.998552,1.376591,,,,,,
52528,,,,,,,,,,,,,,,,,,,,,,,-0.055998,-0.005612,1.011624,2.240000,9.030000,-29.959999
52529,,,,,,,,,,,,,4.122614,2.269394,0.053916,0.060338,,,,,,,,,,,,
52531,,,,,,,,,,,,,,,,,,,,-0.060247,-0.998063,1.373009,,,,,,
52538,,,,,,,,,,,,,,,,,,,,,,,-0.074054,0.001342,1.007476,1.820000,3.290000,-33.529999
52539,,,,,,,,,,,,,4.015826,1.909468,0.054750,0.064156,,,,,,,,,,,,
52541,,,,,,,,,,,,,,,,,,,,-0.060167,-0.997686,1.365862,,,,,,
52548,,,,,,,,,,,,,,,,,,,,,,,-0.074054,0.001342,1.007476,2.660000,-0.630000,-37.450001
52549,,,,,,,,,,,,,3.925865,1.606626,0.055435,0.067463,,,,,,,,,,,,
52551,,,,,,,,,,,,,,,,,,,,-0.060114,-0.997367,1.355159,,,,,,
52559,,,,,,,,,,,,,3.851770,1.351815,0.055975,0.070341,,,,,,,,,,,,
52561,,,,-0.000002,-1.003079,1.570079,0.014421,-0.000907,,,,,,,,,,,,-0.060002,-0.997139,1.351660,,,,,,
52562,,,,,,,,,,,2.865445,3.027460,,,,,0.007345,-0.059939,0.214762,,,,,,,,,
52564,,,,,,,,,,,,,,,,,,,,,,,-0.086864,-0.009760,1.017419,1.260000,-9.800000,-28.350000
52569,,,,,,,,,,,,,,,0.056764,0.067729,,,,,,,-0.086864,-0.009760,1.032303,1.750000,-20.299999,-22.820000
52570,,,,,,,,,,,,,3.770333,1.666871,,,,,,,,,,,,,,
52571,,,,,,,,,,,,,,,,,,,,-0.059977,-0.997008,1.348027,,,,,,
52578,,,,,,,,,,,,,,,,,,,,,,,-0.024888,0.003416,1.032303,0.980000,-1.680000,-15.120000
52579,,,,,,,,,,,,,3.739531,1.969678,0.056897,0.064913,,,,,,,,,,,,
52581,,,,,,,,,,,,,,,,,,,,-0.059886,-0.996763,1.348084,,,,,,
52588,,,,,,,,,,,,,,,,,,,,,,,-0.024888,0.003416,0.989969,0.490000,6.930000,1.750000
52589,,,,,,,,,,,,,3.146441,1.657287,0.062772,0.068311,,,,,,,,,,,,
52591,,,,,,,,,,,,,,,,,,,,-0.059853,-0.996243,1.348027,,,,,,
52599,,,,,,,,,,,,,3.193487,1.940513,0.062236,0.065696,,,,,,,,,,,,
52602,,,,,,,,,,,,,,,,,,,,,,,-0.017507,0.000366,0.989969,0.420000,5.460000,8.050000
52601,,,,,,,,,,,,,,,,,,,,-0.059700,-0.995877,1.348073,,,,,,
52608,,,,,,,,,,,,,,,,,,,,,,,-0.017507,-0.000183,1.032608,0.490000,-2.240000,5.530000
52609,,,,,,,,,,,,,2.686999,1.632748,0.067336,0.069052,,,,,,,,,,,,
52611,,,,-0.000002,-1.002485,1.570052,0.012704,-0.000655,,,,,,,,,,,,-0.059689,-0.995537,1.348073,,,,,,
52612,,,,,,,,,,,2.547651,2.696409,,,,,0.006569,-0.059695,0.221372,,,,,,,,,
52618,,,,,,,,,,,,,,,,,,,,,,,-0.061793,-0.000183,1.032608,0.210000,-3.570000,-4.200000
52619,,,,,,,,,,,,,2.805439,1.918391,0.062922,0.063041,,,,,,,,,,,,
52621,,,,,,,,,,,,,,,,,,,,-0.059632,-0.995300,1.348073,,,,,,
52628,,,,,,,,,,,,,,,,,,,,,,,-0.052399,-0.006771,1.019737,1.260000,-10.360000,-14.000000
52629,,,,,,,,,,,,,2.909209,1.614134,0.061812,0.066300,,,,,,,,,,,,
52631,,,,,,,,,,,,,,,,,,,,-0.059557,-0.995037,1.344487,,,,,,
52638,,,,,,,,,,,,,,,,,,,,,,,-0.052399,-0.006771,1.019737,1.960000,3.710000,-19.670000
52639,,,,,,,,,,,,,2.447808,1.358132,0.066446,0.069128,,,,,,,,,,,,
52641,,,,,,,,,,,,,,,,,,,,-0.059478,-0.994760,1.340951,,,,,,
52648,,,,,,,,,,,,,,,,,,,,,,,-0.044652,0.003599,1.000095,0.980000,1.960000,-16.730000
52649,,,,,,,,,,,,,2.607415,1.690562,0.064838,0.066005,,,,,,,,,,,,
52651,,,,,,,,,,,,,,,,,,,,-0.059464,-0.994536,1.340921,,,,,,
52659,,,,,,,,,,,,,2.741158,1.422439,0.063462,0.068941,,,,,,,,,,,,
52661,,,,-0.000002,-1.001970,1.570032,0.011075,-0.000462,,,,,,,,,,,,-0.059419,-0.994337,1.337391,,,,,,
52662,,,,,,,,,,,2.328923,2.462336,,,,,0.006119,-0.059608,0.225956,,,,,,,,,
52663,,,,,,,,,,,,,,,,,,,,,,,-0.044652,0.003599,1.000095,1.260000,-5.530000,-12.320000
52668,,,,,,,,,,,,,,,,,,,,,,,-0.025925,-0.007808,1.027545,1.540000,-0.770000,-10.990000
52669,,,,,,,,,,,,,2.306410,1.743351,0.065627,0.063535,,,,,,,,,,,,
52671,,,,,,,,,,,,,,,,,,,,-0.059353,-0.994094,1.337431,,,,,,
52678,,,,,,,,,,,,,,,,,,,,,,,-0.025925,-0.007808,1.027545,0.490000,-0.770000,-1.400000
52679,,,,,,,,,,,,,2.488774,1.466855,0.063771,0.066499,,,,,,,,,,,,
52681,,,,,,,,,,,,,,,,,,,,-0.059230,-0.993784,1.337530,,,,,,
52688,,,,,,,,,,,,,,,,,,,,,,,-0.009943,0.003660,1.016260,0.280000,0.490000,-5.180000
52689,,,,,,,,,,,,,2.094054,1.782870,0.067765,0.063474,,,,,,,,,,,,
52691,,,,,,,,,,,,,,,,,,,,-0.059166,-0.993458,1.337590,,,,,,
52699,,,,,,,,,,,,,2.309657,1.500106,0.065613,0.066494,,,,,,,-0.009943,0.003660,1.016260,0.910000,0.840000,-2.730000
52701,,,,,,,,,,,,,,,,,,,,-0.059220,-0.993081,1.333951,,,,,,
52708,,,,,,,,,,,,,,,,,,,,,,,-0.035746,-0.006344,1.015040,1.190000,2.310000,-11.830000
52709,,,,,,,,,,,,,2.492058,1.810903,0.063757,0.063517,,,,,,,,,,,,
52711,,,,-0.000001,-1.001529,1.570019,0.009540,-0.000316,,,,,,,,,,,,-0.059161,-0.992741,1.333951,,,,,,
52712,,,,,,,,,,,2.150516,2.272941,,,,,0.005804,-0.059527,0.237975,,,,,,,,,
52719,,,,,,,,,,,,,2.643603,1.523693,0.060359,0.064645,,,,,,,,,,,,
52721,,,,,,,,,,,,,,,,,,,,-0.059095,-0.992410,1.330374,,,,,,
52723,,,,,,,,,,,,,,,,,,,,,,,-0.055083,0.002379,1.019066,0.630000,-1.120000,-19.600000
52729,,,,,,,,,,,,,2.224327,1.282035,0.064537,0.067259,,,,,,,-0.055083,0.002379,1.019066,0.910000,3.570000,-21.070000
52731,,,,,,,,,,,,,,,,,,,,-0.059024,-0.992181,1.326869,,,,,,
52738,,,,,,,,,,,,,,,,,,,,,,,-0.055083,0.002379,1.019066,1.820000,2.730000,-33.599998
52739,,,,,,,,,,,,,2.971413,1.078704,0.056901,0.069532,,,,,,,,,,,,
52741,,,,,,,,,,,,,,,,,,,,-0.058947,-0.991938,1.319852,,,,,,
52748,,,,,,,,,,,,,,,,,,,,,,,-0.045018,-0.006710,1.013332,1.190000,0.070000,-33.669998
52749,,,,,,,,,,,,,2.500147,0.907622,0.061544,0.071516,,,,,,,,,,,,
52751,,,,,,,,,,,,,,,,,,,,-0.058885,-0.991735,1.312910,,,,,,
52759,,,,,,,,,,,,,2.653167,0.763673,0.059914,0.073257,,,,,,,,,,,,
52761,,,,-0.000001,-1.001158,1.570011,0.008103,-0.000208,,,,,,,,,,,,-0.058773,-0.991448,1.309445,,,,,,
52762,,,,,,,,,,,2.111243,2.225452,,,,,0.005969,-0.059334,0.257848,,,,,,,,,
52764,,,,,,,,,,,,,,,,,,,,,,,-0.042700,0.000122,1.009184,0.770000,-0.980000,-29.540001
52769,,,,,,,,,,,,,2.770089,0.642554,0.058220,0.074310,,,,,,,-0.042700,0.000122,1.009184,1.260000,0.210000,-31.780001
52771,,,,,,,,,,,,,,,,,,,,-0.058757,-0.991274,1.302424,,,,,,
52778,,,,,,,,,,,,,,,,,,,,,,,-0.042700,0.000122,1.009184,2.030000,-6.720000,-32.480000
52779,,,,,,,,,,,,,2.889488,0.540645,0.056870,0.075666,,,,,,,,,,,,
52781,,,,,,,,,,,,,,,,,,,,-0.058704,-0.991077,1.295484,,,,,,
52788,,,,,,,,,,,,,,,,,,,,,,,-0.044347,-0.005368,1.027118,1.750000,0.140000,-32.480000
52789,,,,,,,,,,,,,2.977999,0.454899,0.055812,0.076877,,,,,,,,,,,,
52791,,,,,,,,,,,,,,,,,,,,-0.058644,-0.990867,1.288601,,,,,,
52798,,,,,,,,,,,,,,,,,,,,,,,-0.044347,-0.005368,1.006805,1.190000,2.590000,-26.950001
52799,,,,,,,,,,,,,3.055177,0.382752,0.054851,0.077967,,,,,,,,,,,,
52801,,,,,,,,,,,,,,,,,,,,-0.058574,-0.990574,1.285127,,,,,,
52808,,,,,,,,,,,,,,,,,,,,,,,-0.035746,0.005917,1.006805,1.120000,4.760000,-25.270000
52809,,,,,,,,,,,,,2.570626,0.322047,0.059605,0.078955,,,,,,,,,,,,
52811,,,,-0.000001,-1.000851,1.570007,0.006768,-0.000132,,,,,,,,,,,,-0.058664,-0.990313,1.281579,,,,,,
52812,,,,,,,,,,,2.225692,2.332683,,,,,0.006661,-0.059091,0.285358,,,,,,,,,
52819,,,,,,,,,,,,,2.708067,0.270970,0.059278,0.080951,,,,,,,,,,,,
52824,,,,,,,,,,,,,,,,,,,,,,,-0.051179,-0.006588,1.022177,1.190000,-1.190000,-25.620001
52821,,,,,,,,,,,,,,,,,,,,-0.058590,-0.990118,1.278171,,,,,,
52829,,,,,,,,,,,,,2.819540,0.227995,0.058045,0.081801,,,,,,,-0.051179,-0.006588,1.022177,1.820000,-2.310000,-27.230000
52831,,,,,,,,,,,,,,,,,,,,-0.058561,-0.989908,1.274669,,,,,,
52838,,,,,,,,,,,,,,,,,,,,,,,-0.036722,-0.001525,1.018151,1.260000,-7.490000,-26.879999
52839,,,,,,,,,,,,,2.931669,0.191835,0.056782,0.082591,,,,,,,,,,,,
52841,,,,,,,,,,,,,,,,,,,,-0.058495,-0.989816,1.267814,,,,,,
52849,,,,,,,,,,,,,2.466706,0.161410,0.061384,0.083329,,,,,,,-0.036722,-0.001525,1.018151,1.610000,-0.560000,-22.750000
52851,,,,,,,,,,,,,,,,,,,,-0.058417,-0.989658,1.264410,,,,,,
52858,,,,,,,,,,,,,,,,,,,,,,,-0.048373,0.002806,1.010465,1.120000,3.010000,-17.010000
52859,,,,,,,,,,,,,2.623703,0.135810,0.059734,0.084025,,,,,,,,,,,,
52861,,,,-0.000000,-1.000602,1.570004,0.005540,-0.000079,,,,,,,,,,,,-0.058353,-0.989439,1.260980,,,,,,
52862,,,,,,,,,,,2.297419,2.391372,,,,,0.007161,-0.058999,0.303895,,,,,,,,,
52868,,,,,,,,,,,,,,,,,,,,,,,-0.048373,0.002806,1.010465,1.120000,-2.940000,-19.530001
52869,,,,,,,,,,,,,2.207583,0.114271,0.064631,0.085283,,,,,,,,,,,,
52871,,,,,,,,,,,,,,,,,,,,-0.058314,-0.989279,1.257555,,,,,,
52879,,,,,,,,,,,,,2.404300,0.096147,0.062642,0.085923,,,,,,,,,,,,
52882,,,,,,,,,,,,,,,,,,,,,,,-0.041846,-0.001769,1.026752,1.190000,-2.940000,-15.470000
52881,,,,,,,,,,,,,,,,,,,,-0.058278,-0.989079,1.254182,,,,,,
52888,,,,,,,,,,,,,,,,,,,,,,,-0.041846,-0.001769,1.026752,0.980000,-3.640000,-14.070000
52889,,,,,,,,,,,,,2.022978,0.080898,0.066510,0.086537,,,,,,,,,,,,
52891,,,,,,,,,,,,,,,,,,,,-0.058301,-0.989007,1.254252,,,,,,
52898,,,,,,,,,,,,,,,,,,,,,,,-0.013542,0.005063,1.014796,0.560000,-1.610000,-0.490000
52899,,,,,,,,,,,,,2.249908,0.615843,0.064250,0.081543,,,,,,,,,,,,
52901,,,,,,,,,,,,,,,,,,,,-0.058274,-0.988868,1.254268,,,,,,
52908,,,,,,,,,,,,,,,,,,,,,,,-0.013542,0.005063,1.014796,0.910000,-0.840000,0.210000
52909,,,,,,,,,,,,,1.893072,0.518170,0.067900,0.082894,,,,,,,,,,,,
52911,,,,-0.000000,-1.000407,1.570002,0.004424,-0.000045,,,,,,,,,,,,-0.058228,-0.988672,1.254268,,,,,,
52912,,,,,,,,,,,2.258165,2.336920,,,,,0.007235,-0.058947,0.317524,,,,,,,,,
52919,,,,,,,,,,,,,1.592831,0.980640,0.070643,0.077996,,,,,,,,,,,,
52924,,,,,,,,,,,,,,,,,,,,,,,0.006710,-0.004697,1.012966,0.420000,-1.470000,9.940000
52921,,,,,,,,,,,,,,,,,,,,-0.058131,-0.988382,1.254212,,,,,,
52929,,,,,,,,,,,,,,,0.067939,0.074441,,,,,,,0.006710,-0.004697,1.012966,0.700000,2.310000,12.320000
52930,,,,,,,,,,,,,1.870900,1.355803,,,,,,,,,,,,,,
52931,,,,,,,,,,,,,,,,,,,,-0.057969,-0.988083,1.257595,,,,,,
52938,,,,,,,,,,,,,,,,,,,,,,,-0.005002,0.006039,1.011136,-0.210000,0.840000,13.370000
52939,,,,,,,,,,,,,1.574175,1.140772,0.071043,0.076831,,,,,,,,,,,,
52941,,,,,,,,,,,,,,,,,,,,-0.057845,-0.987797,1.257583,,,,,,
52949,,,,,,,,,,,,,1.871845,1.507180,0.068144,0.073332,,,,,,,-0.005002,0.006039,1.011136,0.140000,4.690000,8.750000
52951,,,,,,,,,,,,,,,,,,,,-0.057791,-0.987467,1.257618,,,,,,
52958,,,,,,,,,,,,,,,,,,,,,,,-0.060878,-0.002562,1.020347,0.350000,-3.570000,9.660000
52959,,,,,,,,,,,,,1.574970,1.816027,0.071249,0.070348,,,,,,,,,,,,
52961,,,,-0.000000,-1.000258,1.570001,0.003422,-0.000023,,,,,,,,,,,,-0.057696,-0.987174,1.261043,,,,,,
52962,,,,,,,,,,,1.812284,1.872866,,,,,0.005828,-0.058902,0.315568,,,,,,,,,
52968,,,,,,,,,,,,,,,,,,,,,,,-0.060878,-0.002562,1.020347,0.210000,-4.410000,7.630000
52969,,,,,,,,,,,,,1.325180,1.528005,0.069386,0.068657,,,,,,,,,,,,
52971,,,,,,,,,,,,,,,,,,,,-0.057603,-0.986977,1.264437,,,,,,
52979,,,,,,,,,,,,,1.660914,1.831571,0.066059,0.065629,,,,,,,,,,,,
52982,,,,,,,,,,,,,,,,,,,,,,,-0.029158,-0.002318,1.024983,-0.630000,0.770000,18.969999
52981,,,,,,,,,,,,,,,,,,,,-0.057555,-0.986721,1.264368,,,,,,
52988,,,,,,,,,,,,,,,,,,,,,,,-0.029158,-0.002318,1.024983,0.630000,1.190000,17.080000
52989,,,,,,,,,,,,,1.397493,2.089465,0.068776,0.063007,,,,,,,,,,,,
52991,,,,,,,,,,,,,,,,,,,,-0.057424,-0.986470,1.267843,,,,,,
52998,,,,,,,,,,,,,,,,,,,,,,,-0.014579,0.001952,1.005341,0.420000,3.290000,7.280000
52999,,,,,,,,,,,,,1.175850,1.758076,0.071120,0.066344,,,,,,,,,,,,
53001,,,,,,,,,,,,,,,,,,,,-0.057284,-0.986145,1.267892,,,,,,
53008,,,,,,,,,,,,,,,,,,,,,,,-0.014579,0.001952,1.005341,0.980000,3.780000,-1.890000
53009,,,,,,,,,,,,,1.538184,2.028069,0.067551,0.063613,,,,,,,,,,,,
53011,,,,-0.000000,-1.000150,1.570001,0.002540,-0.000011,,,,,,,,,,,,-0.057222,-0.985871,1.267906,,,,,,
53012,,,,,,,,,,,1.162941,1.206061,,,,,0.003673,-0.058854,0.303239,,,,,,,,,
53018,,,,,,,,,,,,,,,,,,,,,,,-0.056120,-0.007015,1.016016,1.470000,-2.170000,-14.070000
53019,,,,,,,,,,,,,1.294228,1.706417,0.063471,0.060061,,,,,,,,,,,,
53021,,,,,,,,,,,,,,,,,,,,-0.057181,-0.985710,1.267870,,,,,,
53028,,,,,,,,,,,,,,,,,,,,,,,-0.056120,0.000793,1.018944,1.610000,-1.190000,-21.209999
53029,,,,,,,,,,,,,1.637124,1.435779,0.059947,0.062722,,,,,,,,,,,,
53031,,,,,,,,,,,,,,,,,,,,-0.057140,-0.985510,1.264449,,,,,,
53039,,,,,,,,,,,,,1.925031,1.208064,0.056916,0.064999,,,,,,,,,,,,
53041,,,,,,,,,,,,,,,,,,,,-0.057048,-0.985267,1.260926,-0.041236,0.000793,1.018944,1.400000,-2.310000,-16.379999
53048,,,,,,,,,,,,,,,,,,,,,,,-0.018910,-0.002257,1.023031,1.330000,-3.710000,-16.240000
53049,,,,,,,,,,,,,2.166122,1.562866,0.054304,0.061379,,,,,,,,,,,,
53051,,,,,,,,,,,,,,,,,,,,-0.056918,-0.984993,1.257569,,,,,,
53058,,,,,,,,,,,,,,,,,,,,,,,-0.018910,-0.002257,1.023031,1.260000,3.360000,-11.760000
53059,,,,,,,,,,,,,1.822575,1.314995,0.057608,0.063836,,,,,,,,,,,,
53061,,,,-0.000000,-1.000078,1.570001,0.001782,-0.000005,,,,,,,,,,,,-0.056864,-0.984653,1.257569,,,,,,
53062,,,,,,,,,,,1.012660,1.044130,,,,,0.003280,-0.058790,0.314438,,,,,,,,,
53068,,,,,,,,,,,,,,,,,,,,,,,-0.033550,0.004209,1.008086,1.050000,2.730000,-11.060000
53069,,,,,,,,,,,,,2.082836,1.655759,0.053288,0.058687,,,,,,,,,,,,
53071,,,,,,,,,,,,,,,,,,,,-0.056744,-0.984409,1.254197,,,,,,
53079,,,,,,,,,,,,,1.752498,1.393155,0.056444,0.061243,,,,,,,,,,,,
53081,,,,,,,,,,,,,,,,,,,,-0.056712,-0.984158,1.254148,-0.033550,0.004209,1.008086,0.350000,-5.390000,1.260000
53088,,,,,,,,,,,,,,,,,,,,,,,-0.029219,0.001403,1.019981,0.420000,1.820000,3.570000
53089,,,,,,,,,,,,,2.023930,1.721579,0.053527,0.057823,,,,,,,,,,,,
53091,,,,,,,,,,,,,,,,,,,,-0.056536,-0.983894,1.254197,,,,,,
53099,,,,,,,,,,,,,1.702934,1.448536,0.056599,0.060473,,,,,,,-0.029219,0.001403,1.019981,0.630000,1.750000,3.010000
53101,,,,,,,,,,,,,,,,,,,,-0.056427,-0.983654,1.254235,,,,,,
53108,,,,,,,,,,,,,,,,,,,,,,,-0.053070,-0.001830,1.014979,0.840000,3.570000,-0.700000
53109,,,,,,,,,,,,,1.980293,1.218798,0.053632,0.062735,,,,,,,,,,,,
53111,,,,-0.000000,-1.000033,1.570001,0.001152,-0.000002,,,,,,,,,,,,-0.056396,-0.983476,1.254134,,,,,,
53112,,,,,,,,,,,0.652107,0.672544,,,,,0.002112,-0.058726,0.315654,,,,,,,,,
53118,,,,,,,,,,,,,,,,,,,,,,,-0.053070,-0.001830,1.014979,0.840000,-0.980000,-7.210000
53119,,,,,,,,,,,,,1.666218,1.572007,0.052964,0.055308,,,,,,,,,,,,
53121,,,,,,,,,,,,,,,,,,,,-0.056363,-0.983326,1.254148,,,,,,
53128,,,,,,,,,,,,,,,,,,,,,,,-0.063501,-0.000244,1.020164,1.050000,0.140000,-11.480000
53129,,,,,,,,,,,,,1.401956,1.322687,0.055457,0.057671,,,,,,,,,,,,
53131,,,,,,,,,,,,,,,,,,,,-0.056308,-0.983226,1.254148,,,,,,
53139,,,,,,,,,,,,,1.723822,1.112908,0.052024,0.059680,,,,,,,,,,,,
53141,,,,,,,,,,,,,,,,,,,,-0.056303,-0.983076,1.250677,-0.063501,-0.000244,1.020164,0.980000,7.070000,-11.340000
53148,,,,,,,,,,,,,,,,,,,,,,,-0.080032,0.000610,1.005585,1.120000,2.730000,-10.430000
53149,,,,,,,,,,,,,1.450424,0.936401,0.054598,0.061393,,,,,,,,,,,,
53151,,,,,,,,,,,,,,,,,,,,-0.056300,-0.983002,1.247278,,,,,,
53158,,,,,,,,,,,,,,,,,,,,,,,-0.080032,0.000610,1.005585,1.120000,-4.130000,-10.990000
53159,,,,,,,,,,,,,1.220386,0.787888,0.056785,0.062855,,,,,,,,,,,,
53161,,,,-0.000000,-1.000010,1.570001,0.000655,-0.000000,,,,,,,,,,,,-0.056258,-0.982972,1.247320,,,,,,
53162,,,,,,,,,,,0.539724,0.551603,,,,,0.001802,-0.058780,0.322130,,,,,,,,,
53168,,,,,,,,,,,,,,,,,,,,,,,-0.047702,-0.001525,1.025471,1.050000,-0.560000,-9.170000
53169,,,,,,,,,,,,,1.026833,0.662929,0.057499,0.062873,,,,,,,,,,,,
53171,,,,,,,,,,,,,,,,,,,,-0.056290,-0.982925,1.247242,,,,,,
53178,,,,,,,,,,,,,,,,,,,,,,,-0.047702,-0.001525,1.025471,0.840000,0.840000,-6.790000
53179,,,,,,,,,,,,,1.414243,0.557788,0.053450,0.063923,,,,,,,,,,,,
53181,,,,,,,,,,,,,,,,,,,,-0.056248,-0.982878,1.243870,,,,,,
53188,,,,,,,,,,,,,,,,,,,,,,,-0.035075,0.002196,1.014674,0.980000,-1.750000,-11.130000
53189,,,,,,,,,,,,,1.189944,0.469323,0.055563,0.064824,,,,,,,,,,,,
53191,,,,,,,,,,,,,,,,,,,,-0.056249,-0.982783,1.240479,,,,,,
53199,,,,,,,,,,,,,1.001219,0.394888,0.057358,0.065600,,,,,,,,,,,,
53202,,,,,,,,,,,,,,,,,,,,,,,-0.019459,0.001159,1.012600,1.050000,-3.360000,-11.060000
53201,,,,,,,,,,,,,,,,,,,,-0.056318,-0.982716,1.240412,,,,,,
53208,,,,,,,,,,,,,,,,,,,,,,,-0.019459,0.001159,1.012600,0.770000,-2.030000,-11.340000
53209,,,,,,,,,,,,,0.842425,0.332259,0.058886,0.066270,,,,,,,,,,,,
53211,,,,-0.000000,-1.000001,1.570001,0.000294,-0.000000,,,,,,,,,,,,-0.056275,-0.982665,1.237043,,,,,,
53212,,,,,,,,,,,0.551916,0.557367,,,,,0.001910,-0.058871,0.328962,,,,,,,,,
53218,,,,,,,,,,,,,,,,,,,,,,,-0.019459,0.001159,1.018334,0.980000,-0.420000,-9.240000
53219,,,,,,,,,,,,,1.256096,0.279562,0.054730,0.066910,,,,,,,,,,,,
53221,,,,,,,,,,,,,,,,,,,,-0.056265,-0.982606,1.233684,,,,,,
53228,,,,,,,,,,,,,,,,,,,,,,,-0.038003,-0.000976,1.018334,0.910000,1.540000,-7.560000
53229,,,,,,,,,,,,,1.056879,0.235224,0.056621,0.067418,,,,,,,,,,,,
53231,,,,,,,,,,,,,,,,,,,,-0.056211,-0.982568,1.233726,,,,,,
53238,,,,,,,,,,,,,,,,,,,,,,,-0.038003,0.000915,1.016687,0.700000,0.840000,-5.180000
53239,,,,,,,,,,,,,0.889258,0.197917,0.058230,0.067863,,,,,,,,,,,,
53241,,,,,,,,,,,,,,,,,,,,-0.056228,-0.982498,1.233684,,,,,,
53248,,,,,,,,,,,,,,,,,,,,,,,-0.047458,0.000915,1.016687,0.700000,0.560000,-3.640000
53249,,,,,,,,,,,,,0.748222,0.166528,0.059601,0.068255,,,,,,,,,,,,
53251,,,,,,,,,,,,,,,,,,,,-0.056232,-0.982480,1.233684,,,,,,
53259,,,,,,,,,,,,,0.629553,0.140116,0.060772,0.068602,,,,,,,,,,,,
53261,,,,0.000000,-1.000000,1.570001,0.000074,-0.000000,,,,,,,,,,,,-0.056232,-0.982482,1.233684,,,,,,
53262,,,,,,,,,,,0.580916,0.582318,,,,,0.002052,-0.058863,0.335700,,,,,,,,,
53263,,,,,,,,,,,,,,,,,,,,,,,-0.051484,0.000305,1.016077,0.630000,-1.680000,-1.330000
53268,,,,,,,,,,,,,,,,,,,,,,,-0.051484,0.000305,1.016077,0.490000,-0.350000,-0.560000
53269,,,,,,,,,,,,,0.529706,0.117894,0.062071,0.069167,,,,,,,,,,,,
53271,,,,,,,,,,,,,,,,,,,,-0.056194,-0.982502,1.233726,,,,,,
53278,,,,,,,,,,,,,,,,,,,,,,,-0.034892,0.000366,1.015711,0.630000,-0.700000,0.000000
53279,,,,,,,,,,,,,0.445695,0.099196,0.062938,0.069451,,,,,,,,,,,,
53281,,,,,,,,,,,,,,,,,,,,-0.056199,-0.982528,1.233726,,,,,,
53288,,,,,,,,,,,,,,,,,,,,,,,-0.034892,0.000366,1.015711,0.630000,0.350000,-0.210000
53289,,,,,,,,,,,,,0.375008,0.083463,0.063686,0.069708,,,,,,,,,,,,
53291,,,,,,,,,,,,,,,,,,,,-0.056199,-0.982520,1.233726,,,,,,
53299,,,,,,,,,,,,,0.315531,0.070226,0.064334,0.069943,,,,,,,,,,,,
53302,,,,,,,,,,,,,,,,,,,,,,,-0.029036,0.001403,1.016016,0.630000,0.700000,-0.420000
53301,,,,,,,,,,,,,,,,,,,,-0.056198,-0.982509,1.233726,,,,,,
53308,,,,,,,,,,,,,,,,,,,,,,,-0.029036,0.001403,1.016016,0.630000,0.210000,-0.280000
53309,,,,,,,,,,,,,0.265488,0.059088,0.064897,0.070159,,,,,,,,,,,,
53311,,,,0.000000,-1.000000,1.570001,0.000074,-0.000000,,,,,,,,,,,,-0.056198,-0.982505,1.233726,,,,,,
53312,,,,,,,,,,,0.587925,0.589329,,,,,0.002077,-0.058824,0.336226,,,,,,,,,
53318,,,,,,,,,,,,,,,,,,,,,,,-0.034648,0.000000,1.017236,0.630000,0.070000,-0.350000
53319,,,,,,,,,,,,,0.223382,0.049717,0.065461,0.070430,,,,,,,,,,,,
53321,,,,,,,,,,,,,,,,,,,,-0.056196,-0.982507,1.233726,,,,,,
53328,,,,,,,,,,,,,,,,,,,,,,,-0.034648,0.000000,1.017236,0.700000,0.000000,-0.280000
53329,,,,,,,,,,,,,0.187953,0.041832,0.065896,0.070619,,,,,,,,,,,,
53331,,,,,,,,,,,,,,,,,,,,-0.056197,-0.982513,1.233726,,,,,,
53338,,,,,,,,,,,,,,,,,,,,,,,-0.031232,-0.000244,1.016748,0.700000,0.280000,-0.420000
53339,,,,,,,,,,,,,0.158144,0.035197,0.066280,0.070796,,,,,,,,,,,,
