ts,x,y,yaw,x_des,y_des,yaw_des,v_ff,w_ff,v_actual,w_actual,omega_l_cmd,omega_r_cmd,omega_l_meas,omega_r_meas,duty_l,duty_r,x_err,y_err,yaw_err,x_raw,y_raw,yaw_raw,acc_x,acc_y,acc_z,gyro_x,gyro_y,gyro_z
26132,,,,,,,,,-0.000000,0.000000,,,0.000000,0.000000,0.000000,0.000000,,,,,,,,,,,,
26140,,,,,,,,,-0.000000,0.000000,,,0.000000,0.000000,0.000000,0.000000,,,,-0.503081,-1.019152,1.590257,,,,,,
26149,,,,,,,,,,,,,,,,,,,,-0.503078,-1.019153,1.590257,,,,,,
26152,,,,,,,,,-0.000000,0.000000,,,0.000000,0.000000,0.000000,0.000000,,,,,,,,,,,,
26159,,,,,,,,,,,,,,,,,,,,-0.503083,-1.019154,1.590257,,,,,,
26162,,,,,,,,,-0.000000,0.000000,,,0.000000,0.000000,0.000000,0.000000,,,,,,,,,,,,
26169,,,,,,,,,,,,,,,,,,,,-0.503079,-1.019150,1.590257,,,,,,
26172,,,,,,,,,-0.000000,0.000000,,,0.000000,0.000000,0.000000,0.000000,,,,,,,,,,,,
26179,-0.503082,-1.019153,1.590257,-0.499999,-0.999494,1.569382,0.003836,-0.004677,,,,,,,,,,,,-0.503082,-1.019153,1.590257,,,,,,
26182,,,,,,,,,-0.000000,0.000000,5.765946,5.735858,0.000000,0.000000,0.058813,0.058506,0.019595,-0.003465,-0.020875,,,,,,,,,
26189,,,,,,,,,,,,,,,,,,,,-0.503079,-1.019153,1.590257,,,,,,
26195,,,,,,,,,-0.000000,0.000000,,,0.000000,0.000000,0.059966,0.059653,,,,,,,,,,,,
26199,,,,,,,,,,,,,,,,,,,,-0.503085,-1.019156,1.590257,,,,,,
26202,,,,,,,,,-0.000000,0.000000,,,0.000000,0.000000,0.061119,0.060800,,,,,,,,,,,,
26209,,,,,,,,,,,,,,,,,,,,-0.503085,-1.019155,1.590257,,,,,,
26212,,,,,,,,,-0.000000,0.000000,,,0.000000,0.000000,0.062272,0.061947,,,,,,,,,,,,
26219,,,,,,,,,,,,,,,,,,,,-0.503090,-1.019156,1.590257,,,,,,
26222,,,,,,,,,-0.000000,0.000000,,,0.000000,0.000000,0.063425,0.063094,,,,,,,,,,,,
26230,-0.503078,-1.019148,1.590257,-0.499997,-0.998320,1.567945,0.015022,-0.018352,-0.000000,0.000000,6.838243,6.718849,0.000000,0.000000,0.075516,0.074268,0.020764,-0.003486,-0.022312,-0.503078,-1.019148,1.590257,,,,,,
26239,,,,,,,,,,,,,,,,,,,,-0.503075,-1.019152,1.590257,,,,,,
26242,,,,,,,,,-0.000000,0.000000,,,0.000000,0.000000,0.076884,0.075612,,,,,,,,,,,,
26249,,,,,,,,,,,,,,,,,,,,-0.503073,-1.019150,1.590257,,,,,,
26255,,,,,,,,,-0.000000,0.000000,,,0.000000,0.000000,0.078251,0.076956,,,,,,,,,,,,
26260,,,,,,,,,-0.000000,0.000000,,,0.000000,0.000000,0.079619,0.078299,,,,-0.503081,-1.019158,1.590257,,,,,,
26270,,,,,,,,,-0.000000,0.000000,,,0.000000,0.000000,0.080987,0.079643,,,,-0.503085,-1.019157,1.590257,,,,,,
26279,-0.503085,-1.019160,1.590257,-0.499988,-0.996087,1.565197,0.033037,-0.040511,,,,,,,,,,,,-0.503086,-1.019161,1.590257,,,,,,
26282,,,,,,,,,-0.000000,0.000000,8.669818,8.400655,0.000000,0.000000,0.101036,0.098141,0.023008,-0.003545,-0.025060,,,,,,,,,
26290,,,,,,,,,-0.000000,0.000000,,,0.000000,0.000000,0.102770,0.099822,,,,-0.503093,-1.019158,1.590257,,,,,,
26300,,,,,,,,,-0.000000,0.000000,,,0.000000,0.000000,0.104504,0.101502,,,,-0.503086,-1.019144,1.594130,,,,,,
26309,,,,,,,,,,,,,,,,,,,,-0.503101,-1.019137,1.594129,,,,,,
26318,,,,,,,,,0.027467,-0.652434,,,0.544543,0.000000,0.100684,0.103182,,,,-0.503076,-1.019085,1.594129,,,,,,
26322,,,,,,,,,-0.000000,0.000000,,,0.458179,0.000000,0.103190,0.104862,,,,,,,,,,,,
26330,-0.503064,-1.019042,1.593804,-0.499960,-0.992501,1.560744,0.057275,-0.070724,-0.000000,0.000000,11.269554,10.771097,,,,,0.026463,-0.003714,-0.033061,-0.503062,-1.019031,1.594129,,,,,,
26333,,,,,,,,,,,,,0.385511,0.000000,0.132091,0.130721,,,,,,,,,,,,
26339,,,,,,,,,,,,,,,,,,,,-0.503059,-1.019006,1.594129,,,,,,
26342,,,,,,,,,0.027467,0.652434,,,0.324369,0.544543,0.134891,0.127320,,,,,,,,,,,,
26349,,,,,,,,,,,,,,,,,,,,-0.503079,-1.019005,1.594140,,,,,,
26355,,,,,,,,,0.027467,-0.652434,,,0.817467,0.458179,0.132051,0.130247,,,,,,,,,,,,
26360,,,,,,,,,-0.000000,0.000000,,,0.687817,0.385511,0.135463,0.133050,,,,-0.503077,-1.019002,1.594129,,,,,,
26369,,,,,,,,,,,,,,,,,,,,-0.503078,-1.018939,1.590257,,,,,,
26372,,,,,,,,,0.027467,-0.652434,,,1.123272,0.324369,0.133138,0.135751,,,,,,,,,,,,
26379,-0.503073,-1.018615,1.584262,-0.499890,-0.987307,1.554206,0.087019,-0.108660,,,,,,,,,,,,-0.503073,-1.018702,1.586377,,,,,,
26382,,,,,,,,,0.027467,-0.652434,14.602250,13.855383,1.489664,0.272924,0.165424,0.169825,0.031263,-0.003604,-0.030056,,,,,,,,,
26390,,,,,,,,,0.027467,-0.652434,,,1.797947,0.229638,0.164902,0.172983,,,,-0.503081,-1.018348,1.582470,,,,,,
26399,,,,,,,,,,,,,,,,,,,,-0.503106,-1.018034,1.578575,,,,,,
26402,,,,,,,,,0.054935,0.000000,,,2.057335,0.737761,0.164817,0.170525,,,,,,,,,,,,
26409,,,,,,,,,,,,,,,,,,,,-0.503133,-1.017660,1.574672,,,,,,
26416,,,,,,,,,0.054935,0.000000,,,2.275585,1.165295,0.165100,0.168788,,,,,,,,,,,,
26420,,,,,,,,,0.054935,-1.304868,,,3.003763,0.980479,0.160138,0.173211,,,,-0.503164,-1.017225,1.566947,,,,,,
26429,-0.503135,-1.016474,1.559350,-0.499743,-0.980298,1.545211,0.121427,-0.154097,,,,,,,,,,,,-0.503145,-1.016529,1.563044,,,,,,
26432,,,,,,,,,0.082402,-0.652434,18.238571,17.307804,3.616452,1.369518,0.193298,0.207033,0.036212,-0.002978,-0.014139,,,,,,,,,
26439,,,,,,,,,,,,,,,,,,,,-0.503169,-1.015753,1.559149,,,,,,
26442,,,,,,,,,0.109870,0.000000,,,4.131969,2.241399,0.190964,0.201327,,,,,,,,,,,,
26450,,,,,,,,,0.109870,-1.304868,,,5.110268,2.430456,0.183807,0.202412,,,,-0.503190,-1.014863,1.551381,,,,,,
26459,,,,,,,,,,,,,,,,,,,,-0.503226,-1.013893,1.547541,,,,,,
26462,,,,,,,,,0.137337,0.652434,,,5.388865,3.678615,0.183591,0.192656,,,,,,,,,,,,
26469,,,,,,,,,,,,,,,,,,,,-0.503239,-1.012718,1.543716,,,,,,
26475,,,,,,,,,0.137337,-1.957303,,,6.167820,3.639729,0.178216,0.195779,,,,,,,,,,,,
26480,-0.503238,-1.011092,1.533243,-0.499460,-0.971316,1.533392,0.159534,-0.206913,,,21.739237,20.640366,6.823233,4.151554,0.209651,0.227284,0.039890,-0.002282,0.000149,-0.503281,-1.011227,1.539816,,,,,,
26483,,,,,,,,,0.137337,-0.652434,,,,,,,,,,,,,,,,,,
26490,,,,,,,,,0.192272,-0.652434,,,7.919240,5.126747,0.201455,0.220635,,,,-0.503343,-1.009623,1.532123,,,,,,
26500,,,,,,,,,0.219740,0.000000,,,8.841420,6.491817,0.194813,0.209814,,,,-0.503288,-1.007897,1.524495,,,,,,
26509,,,,,,,,,,,,,,,,,,,,-0.503188,-1.006122,1.516899,,,,,,
26515,,,,,,,,,0.192272,0.652434,,,10.706429,7.640387,0.178370,0.200928,,,,,,,,,,,,
26519,,,,,,,,,,,,,,,,,,,,-0.503069,-1.004090,1.509289,,,,,,
26522,,,,,,,,,0.192272,-1.957303,,,10.642018,7.517707,0.181233,0.204779,,,,,,,,,,,,
26529,-0.502926,-1.001618,1.499533,-0.498964,-0.960262,1.518382,0.200269,-0.267070,,,,,,,,,,,,-0.502969,-1.001628,1.505410,,,,,,
26532,,,,,,,,,0.192272,-0.652434,24.782459,23.608999,11.132365,7.959027,0.209492,0.233182,0.041533,-0.001008,0.018849,,,,,,,,,
26540,,,,,,,,,0.357077,-0.652434,,,12.634030,9.963984,0.196905,0.215862,,,,-0.502935,-0.999211,1.497837,,,,,,
26550,,,,,,,,,0.247207,-0.652434,,,13.897531,10.561867,0.186447,0.212492,,,,-0.502771,-0.996584,1.490337,,,,,,
26559,,,,,,,,,,,,,,,,,,,,-0.502513,-0.993935,1.482816,,,,,,
26562,,,,,,,,,0.302142,-0.652434,,,14.960640,11.609469,0.177780,0.204416,,,,,,,,,,,,
26569,,,,,,,,,,,,,,,,,,,,-0.502173,-0.990985,1.478970,,,,,,
26575,,,,,,,,,0.247207,-0.652434,,,15.310596,11.946379,0.176175,0.203380,,,,,,,,,,,,
26579,-0.501892,-0.988110,1.471131,-0.498151,-0.947098,1.499814,0.242494,-0.334568,,,,,,,,,,,,-0.501896,-0.988001,1.471517,,,,,,
26582,,,,,,,,,0.302142,-0.652434,27.391146,26.072411,16.149593,12.774398,0.196120,0.222393,0.041181,0.000358,0.028684,,,,,,,,,
26590,,,,,,,,,0.384545,0.000000,,,17.400068,14.560179,0.185614,0.206838,,,,-0.501654,-0.984773,1.467762,,,,,,
26599,,,,,,,,,,,,,,,,,,,,-0.501363,-0.981294,1.456636,,,,,,
26602,,,,,,,,,0.329610,-1.304868,,,18.452217,14.973648,0.176880,0.204923,,,,,,,,,,,,
26609,,,,,,,,,,,,,,,,,,,,-0.500991,-0.977967,1.452904,,,,,,
26612,,,,,,,,,0.357077,-0.652434,,,19.337496,15.866085,0.169638,0.198040,,,,,,,,,,,,
26619,,,,,,,,,,,,,,,,,,,,-0.500569,-0.974483,1.449187,,,,,,
26622,,,,,,,,,0.357077,-0.652434,,,20.082369,16.616982,0.163651,0.192422,,,,,,,,,,,,
26630,-0.500004,-0.970909,1.441566,-0.496896,-0.931848,1.477325,0.285046,-0.409380,0.274675,0.000000,29.557604,28.064358,,,,,0.039136,0.001952,0.035759,-0.500020,-0.970958,1.441846,,,,,,
26633,,,,,,,,,,,,,19.620018,16.704243,0.191927,0.213741,,,,,,,,,,,,
26640,,,,,,,,,0.466947,-0.652434,,,21.409170,17.866751,0.175665,0.204155,,,,-0.499561,-0.967230,1.434441,,,,,,
26649,,,,,,,,,,,,,,,,,,,,-0.499181,-0.963575,1.427159,,,,,,
26652,,,,,,,,,0.384545,-1.304868,,,21.825476,18.844885,0.173048,0.196218,,,,,,,,,,,,
26660,,,,,,,,,0.384545,0.000000,,,22.720299,19.667887,0.165467,0.189667,,,,-0.498640,-0.959559,1.419827,,,,,,
26670,,,,,,,,,,,,,,,,,,,,-0.498067,-0.955824,1.412540,,,,,,
26675,,,,,,,,,0.302142,-0.652434,,,22.384115,19.271273,0.170264,0.195392,,,,,,,,,,,,
26680,-0.497523,-0.952271,1.405584,-0.495048,-0.914599,1.450567,0.326802,-0.491345,0.412012,-0.652434,31.779436,30.160503,,,,,0.037566,0.003754,0.044983,-0.497497,-0.951933,1.405276,,,,,,
26683,,,,,,,,,,,,,23.190338,20.026649,0.186138,0.210826,,,,,,,,,,,,
26690,,,,,,,,,0.494415,-1.304868,,,24.957779,21.206766,0.169828,0.200816,,,,-0.496826,-0.948018,1.401652,,,,,,
26700,,,,,,,,,0.412012,-0.652434,,,25.355818,21.655172,0.167132,0.198033,,,,-0.496083,-0.944107,1.394421,,,,,,
26709,,,,,,,,,,,,,,,,,,,,-0.495391,-0.939948,1.387193,,,,,,
26712,,,,,,,,,0.412012,-0.652434,,,25.690727,22.032461,0.165001,0.195886,,,,,,,,,,,,
26720,,,,,,,,,0.439480,0.000000,,,25.972521,22.349913,0.163344,0.194273,,,,-0.494489,-0.935679,1.379993,,,,,,
26730,-0.493634,-0.931502,1.375588,-0.492438,-0.895496,1.419225,0.366742,-0.580023,0.329610,-1.304868,33.886444,31.911667,,,,,0.035554,0.005810,0.043637,-0.493614,-0.931584,1.372840,,,,,,
26733,,,,,,,,,,,,,25.665077,22.072474,0.189133,0.216527,,,,,,,,,,,,
26740,,,,,,,,,0.494415,0.000000,,,26.495481,23.472666,0.182307,0.204213,,,,-0.492795,-0.927483,1.365693,,,,,,
26750,,,,,,,,,0.466947,-0.652434,,,27.194183,24.106243,0.176659,0.199438,,,,-0.491890,-0.923325,1.362145,,,,,,
26759,,,,,,,,,,,,,,,,,,,,-0.490973,-0.919077,1.355023,,,,,,
26762,,,,,,,,,0.412012,-0.652434,,,27.237528,24.094791,0.177555,0.201116,,,,,,,,,,,,
26770,,,,,,,,,0.466947,-0.652434,,,27.818541,24.629700,0.172958,0.197224,,,,-0.490004,-0.914689,1.347933,,,,,,
26779,-0.489009,-0.910055,1.344262,-0.488885,-0.874734,1.383047,0.404011,-0.674500,,,,,,,,,,,,-0.489034,-0.910181,1.344381,,,,,,
26782,,,,,,,,,0.357077,-0.652434,36.149998,33.689384,27.218319,23.990685,0.203382,0.223331,0.034446,0.007812,0.038785,,,,,,,,,
26790,,,,,,,,,,,,,,,,,,,,-0.487962,-0.905622,1.337307,,,,,,
26795,,,,,,,,,0.466947,-0.652434,,,27.802380,24.542105,0.199211,0.219646,,,,,,,,,,,,
26799,,,,,,,,,,,,,,,,,,,,-0.486884,-0.900982,1.330264,,,,,,
26802,,,,,,,,,0.576817,-0.652434,,,28.838350,25.550613,0.190314,0.211189,,,,,,,,,,,,
26809,,,,,,,,,,,,,,,,,,,,-0.485633,-0.896435,1.323263,,,,,,
26812,,,,,,,,,0.466947,-0.652434,,,29.710016,26.399172,0.182885,0.204161,,,,,,,,,,,,
26820,,,,,,,,,0.521882,-0.652434,,,29.898893,27.113148,0.182247,0.198336,,,,-0.484464,-0.892001,1.319735,,,,,,
26829,-0.483083,-0.887081,1.315848,-0.484200,-0.852553,1.341882,0.437978,-0.773158,,,,,,,,,,,,-0.483114,-0.887297,1.316234,,,,,,
26832,,,,,,,,,0.357077,-0.652434,38.289001,35.075596,29.513271,26.080257,0.209248,0.224327,0.033131,0.009788,0.026034,,,,,,,,,
26839,,,,,,,,,,,,,,,,,,,,-0.481620,-0.882376,1.309246,,,,,,
26842,,,,,,,,,0.604285,0.000000,,,30.822437,27.933901,0.197650,0.207218,,,,,,,,,,,,
26850,,,,,,,,,0.521882,-0.652434,,,31.379427,28.404469,0.193462,0.203847,,,,-0.480174,-0.877414,1.305753,,,,,,
26859,,,,,,,,,,,,,,,,,,,,-0.478824,-0.872528,1.298794,,,,,,
26862,,,,,,,,,0.521882,-0.652434,,,31.848078,28.800406,0.190063,0.201143,,,,,,,,,,,,
26869,,,,,,,,,,,,,,,,,,,,-0.477456,-0.867715,1.295318,,,,,,
26872,,,,,,,,,0.494415,-1.304868,,,32.242401,28.589003,0.187330,0.204554,,,,,,,,,,,,
26880,-0.476048,-0.862681,1.285225,-0.478199,-0.829223,1.295739,0.468272,-0.873424,0.439480,0.000000,40.181686,36.066063,,,,,0.031497,0.011489,0.010514,-0.476040,-0.862619,1.288397,,,,,,
26883,,,,,,,,,,,,,31.485098,28.411129,0.215569,0.217768,,,,,,,,,,,,
26889,,,,,,,,,,,,,,,,,,,,-0.474600,-0.857379,1.278034,,,,,,
26895,,,,,,,,,0.521882,-0.652434,,,31.936989,28.806009,0.212699,0.215272,,,,,,,,,,,,
26899,,,,,,,,,,,,,,,,,,,,-0.473176,-0.852258,1.271142,,,,,,
26902,,,,,,,,,0.659220,-1.304869,,,33.950840,30.227348,0.193806,0.202226,,,,,,,,,,,,
26910,,,,,,,,,0.549350,0.000000,,,34.011665,30.334175,0.194432,0.202304,,,,-0.471663,-0.847049,1.264273,,,,,,
26920,,,,,,,,,0.549350,-2.609737,,,34.607388,30.424059,0.189590,0.202534,,,,-0.469969,-0.841762,1.254000,,,,,,
26929,-0.468088,-0.836433,1.236299,-0.470707,-0.805031,1.244844,0.494804,-0.971557,,,,,,,,,,,,-0.468207,-0.836397,1.243767,,,,,,
26932,,,,,,,,,0.439480,0.000000,41.347630,36.701523,34.019539,29.955145,0.208593,0.214927,0.028802,0.012783,0.008545,,,,,,,,,
26940,,,,,,,,,0.686687,-0.652435,,,35.703098,31.738773,0.192887,0.198083,,,,-0.466397,-0.831117,1.233570,,,,,,
26949,,,,,,,,,,,,,,,,,,,,-0.464593,-0.825909,1.223410,,,,,,
26952,,,,,,,,,0.549350,-1.304868,,,36.030556,31.605888,0.190676,0.200431,,,,,,,,,,,,
26959,,,,,,,,,,,,,,,,,,,,-0.462791,-0.820809,1.216654,,,,,,
26962,,,,,,,,,0.576817,-0.652434,,,36.306080,32.038624,0.188929,0.197036,,,,,,,,,,,,
26969,,,,,,,,,,,,,,,,,,,,-0.460857,-0.815568,1.206588,,,,,,
26972,,,,,,,,,0.549350,-1.304868,,,36.537907,31.858183,0.187572,0.199809,,,,,,,,,,,,
26979,-0.458820,-0.810150,1.191297,-0.461574,-0.780272,1.189701,0.517747,-1.062573,,,,,,,,,,,,-0.458870,-0.810093,1.193149,,,,,,
26982,,,,,,,,,0.466947,-0.652434,42.588161,37.166946,35.643879,31.161816,0.210307,0.212628,0.026732,0.013626,-0.001596,,,,,,,,,
26989,,,,,,,,,,,,,,,,,,,,-0.456798,-0.804894,1.183121,,,,,,
26995,,,,,,,,,0.604285,-1.304869,,,36.525272,31.664980,0.202705,0.208697,,,,,,,,,,,,
26999,,,,,,,,,,,,,,,,,,,,-0.454682,-0.799636,1.176484,,,,,,
27002,,,,,,,,,0.659220,-1.304869,,,37.811420,32.632885,0.190799,0.199925,,,,,,,,,,,,
27009,,,,,,,,,,,,,,,,,,,,-0.452477,-0.794307,1.166509,,,,,,
27012,,,,,,,,,0.576817,-0.652434,,,37.804501,32.902737,0.191825,0.198079,,,,,,,,,,,,
27019,,,,,,,,,,,,,,,,,,,,-0.450098,-0.788879,1.156587,,,,,,
27022,,,,,,,,,0.604285,-1.304869,,,37.798676,33.129791,0.192841,0.196616,,,,,,,,,,,,
27030,-0.447688,-0.783429,1.144964,-0.450682,-0.755230,1.131132,0.537497,-1.140420,,,43.578785,37.351784,36.704689,32.231747,0.215062,0.208469,0.024444,0.014375,-0.013833,-0.447773,-0.783519,1.146695,,,,,,
27033,,,,,,,,,0.439480,0.000000,,,,,,,,,,,,,,,,,,
27039,,,,,,,,,,,,,,,,,,,,-0.445363,-0.778013,1.140091,,,,,,
27042,,,,,,,,,0.714154,-1.304868,,,38.506924,33.654305,0.198054,0.194983,,,,,,,,,,,,
27049,,,,,,,,,,,,,,,,,,,,-0.442760,-0.772414,1.130248,,,,,,
27052,,,,,,,,,0.576817,-0.652434,,,38.389694,33.217617,0.200264,0.200176,,,,,,,,,,,,
27059,,,,,,,,,,,,,,,,,,,,-0.440116,-0.766852,1.117168,,,,,,
27062,,,,,,,,,0.604285,-1.304869,,,38.835602,33.939274,0.196754,0.193642,,,,,,,,,,,,
27070,,,,,,,,,0.576817,-1.957303,,,39.210789,33.457390,0.193876,0.199240,,,,-0.437510,-0.761378,1.107392,,,,,,
27079,-0.434983,-0.756228,1.090429,-0.437950,-0.730171,1.070285,0.554590,-1.198504,,,,,,,,,,,,-0.435018,-0.756090,1.094396,,,,,,
27082,,,,,,,,,0.494415,0.000000,44.146084,37.390442,37.892841,33.051933,0.213979,0.204549,0.021737,0.014672,-0.020144,,,,,,,,,
27090,,,,,,,,,,,,,,,,,,,,-0.432466,-0.750855,1.081466,,,,,,
27096,,,,,,,,,0.796557,1.957302,,,38.962093,36.522583,0.204323,0.170016,,,,,,,,,,,,
27100,,,,,,,,,0.549350,-5.219473,,,39.861763,33.997356,0.196183,0.195947,,,,-0.429741,-0.745788,1.071816,,,,,,
27109,,,,,,,,,,,,,,,,,,,,-0.426978,-0.740793,1.062173,,,,,,
27112,,,,,,,,,0.576817,-0.652434,,,40.074200,34.050804,0.194873,0.196080,,,,,,,,,,,,
27120,,,,,,,,,0.604285,-1.304869,,,40.252945,34.095776,0.193864,0.196289,,,,-0.424028,-0.735420,1.049342,,,,,,
27129,-0.420961,-0.730002,1.032715,,,,,,,,,,,,,,,,,-0.421033,-0.730012,1.033403,,,,,,
27132,,,,-0.423345,-0.705328,1.008588,0.569605,-1.230584,0.466947,-0.652434,44.744972,37.665516,38.769711,33.044525,0.215881,0.210477,0.019965,0.014692,-0.024127,,,,,,,,,
27140,,,,,,,,,0.741622,-1.957302,,,40.788979,34.338177,0.196479,0.198206,,,,-0.417947,-0.724688,1.020692,,,,,,
27149,,,,,,,,,,,,,,,,,,,,-0.414725,-0.719526,1.011159,,,,,,
27152,,,,,,,,,0.604285,-1.304869,,,40.854359,34.337570,0.196604,0.198877,,,,,,,,,,,,
27160,,,,,,,,,0.604285,-1.304869,,,40.909370,34.337059,0.196821,0.199548,,,,-0.411557,-0.714308,0.995389,,,,,,
27169,,,,,,,,,,,,,,,,,,,,-0.408226,-0.709081,0.985981,,,,,,
27172,,,,,,,,,0.631752,-0.652435,,,40.955658,34.881172,0.197116,0.194664,,,,,,,,,,,,
27179,-0.404618,-0.703882,0.978513,-0.406883,-0.680896,0.947652,0.583062,-1.231866,,,,,,,,,,,,-0.404648,-0.703947,0.976536,,,,,,
27182,,,,,,,,,0.494415,-1.304868,45.106068,37.758087,39.905518,33.705360,0.212268,0.208158,0.017806,0.014712,-0.030861,,,,,,,,,
27189,,,,,,,,,,,,,,,,,,,,-0.401342,-0.698898,0.967161,,,,,,
27195,,,,,,,,,0.631752,-0.652435,,,40.111015,34.349659,0.211212,0.202397,,,,,,,,,,,,
27199,,,,,,,,,,,,,,,,,,,,-0.397731,-0.693432,0.951547,,,,,,
27202,,,,,,,,,0.686687,-1.957303,,,41.373009,34.891773,0.199339,0.197549,,,,,,,,,,,,
27209,,,,,,,,,,,,,,,,,,,,-0.394019,-0.688194,0.939109,,,,,,
27212,,,,,,,,,0.659220,-1.304869,,,41.345764,35.347908,0.200363,0.193470,,,,,,,,,,,,
27220,,,,,,,,,0.604285,-1.304869,,,41.867382,35.187157,0.195795,0.195592,,,,-0.390257,-0.682980,0.929810,,,,,,
27230,-0.386605,-0.677914,0.917095,-0.388633,-0.657027,0.889134,0.595330,-1.199989,0.521882,-0.652434,45.058479,37.961533,,,,,0.015347,0.014312,-0.027960,-0.386573,-0.677780,0.917444,,,,,,
27233,,,,,,,,,,,,,40.672642,34.507359,0.208143,0.205115,,,,,,,,,,,,
27239,,,,,,,,,,,,,,,,,,,,-0.382686,-0.672662,0.902053,,,,,,
27242,,,,,,,,,0.769089,-1.304867,,,42.390102,36.113548,0.191503,0.189423,,,,,,,,,,,,
27250,,,,,,,,,,,,,,,,,,,,-0.378777,-0.667777,0.892848,,,,,,
27255,,,,,,,,,0.494415,-1.304868,,,41.112457,34.742279,0.205068,0.203779,,,,,,,,,,,,
27260,,,,,,,,,0.714154,-1.304868,,,42.215622,35.766666,0.194605,0.193974,,,,-0.374955,-0.662819,0.877525,,,,,,
27269,,,,,,,,,,,,,,,,,,,,-0.370940,-0.657760,0.865323,,,,,,
27272,,,,,,,,,0.659220,-1.304869,,,42.054737,36.084042,0.196815,0.191176,,,,,,,,,,,,
27280,-0.366777,-0.652684,0.853026,-0.368711,-0.633821,0.834589,0.606576,-1.135527,,,44.751217,38.334824,,,,,0.012937,0.013864,-0.018437,-0.366873,-0.652709,0.853132,,,,,,
27283,,,,,,,,,0.521882,-0.652434,,,41.374825,35.261997,0.201217,0.203744,,,,,,,,,,,,
27289,,,,,,,,,,,,,,,,,,,,-0.362508,-0.647601,0.840989,,,,,,
27292,,,,,,,,,0.741622,-1.957302,,,42.436375,36.203957,0.191064,0.194750,,,,,,,,,,,,
27299,,,,,,,,,,,,,,,,,,,,-0.358207,-0.642882,0.825845,,,,,,
27302,,,,,,,,,0.631752,-0.652435,,,42.785023,36.451981,0.187971,0.192647,,,,,,,,,,,,
27310,,,,,,,,,,,,,,,,,,,,-0.353980,-0.638048,0.813786,,,,,,
27316,,,,,,,,,0.549350,-1.304868,,,45.801090,38.838840,0.157600,0.168677,,,,,,,,,,,,
27320,,,,,,,,,0.714154,-1.304868,,,42.348835,35.946255,0.192603,0.198081,,,,-0.349622,-0.633497,0.801754,,,,,,
27329,-0.345060,-0.628786,0.789582,-0.347281,-0.611336,0.785354,0.616744,-1.041803,,,,,,,,,,,,-0.345301,-0.628990,0.789745,,,,,,
27332,,,,,,,,,0.521882,-0.652434,44.279694,38.902534,41.077736,35.146065,0.201239,0.212511,0.010827,0.013865,-0.004228,,,,,,,,,
27340,,,,,,,,,0.769089,-1.304867,,,42.730949,36.106411,0.185017,0.203467,,,,-0.340971,-0.624485,0.780771,,,,,,
27349,,,,,,,,,,,,,,,,,,,,-0.336504,-0.619819,0.768803,,,,,,
27355,,,,,,,,,0.466947,-0.652434,,,44.666508,38.548077,0.165584,0.179121,,,,,,,,,,,,
27359,,,,,,,,,,,,,,,,,,,,-0.331784,-0.615202,0.756876,,,,,,
27362,,,,,,,,,0.769089,-1.304867,,,41.394196,36.246147,0.198884,0.202672,,,,,,,,,,,,
27369,,,,,,,,,,,,,,,,,,,,-0.327102,-0.610683,0.747934,,,,,,
27372,,,,,,,,,0.604285,-1.304869,,,41.363590,35.942936,0.199773,0.206296,,,,,,,,,,,,
27379,-0.322400,-0.606499,0.737812,-0.324546,-0.589584,0.742478,0.625596,-0.924088,,,,,,,,,,,,-0.322334,-0.606361,0.739045,,,,,,
27382,,,,,,,,,0.549350,0.000000,44.054398,39.651470,40.793293,35.687813,0.203876,0.217129,0.009791,0.013960,0.004666,,,,,,,,,
27389,,,,,,,,,,,,,,,,,,,,-0.317472,-0.602202,0.733099,,,,,,
27392,,,,,,,,,0.769089,-1.304867,,,42.491619,37.106785,0.187205,0.203448,,,,,,,,,,,,
27400,,,,,,,,,0.659220,0.000000,,,42.286961,37.756161,0.189605,0.197334,,,,-0.312601,-0.598106,0.724215,,,,,,
27409,,,,,,,,,,,,,,,,,,,,-0.307975,-0.594053,0.718307,,,,,,
27415,,,,,,,,,0.576817,-0.652434,,,41.570217,37.213459,0.197269,0.203248,,,,,,,,,,,,
27419,,,,,,,,,,,,,,,,,,,,-0.303254,-0.590089,0.712408,,,,,,
27422,,,,,,,,,0.686687,-0.652435,,,42.056236,37.845917,0.192809,0.197285,,,,,,,,,,,,
27430,-0.298318,-0.585663,0.703706,-0.300741,-0.568538,0.706704,0.632774,-0.788488,,,44.013748,40.276299,,,,,0.009233,0.014624,0.002997,-0.298474,-0.585831,0.703571,,,,,,
27433,,,,,,,,,0.521882,-0.652434,,,40.831543,36.744438,0.205286,0.215254,,,,,,,,,,,,
27440,,,,,,,,,0.741622,-0.652433,,,41.979259,37.995827,0.194215,0.203196,,,,-0.293430,-0.581420,0.700608,,,,,,
27450,,,,,,,,,0.686687,-0.652435,,,41.855862,37.959660,0.195881,0.204021,,,,-0.288252,-0.577271,0.691757,,,,,,
27460,,,,,,,,,0.631752,-0.652435,,,41.752033,38.473770,0.197372,0.199241,,,,-0.283275,-0.573136,0.685885,,,,,,
27470,,,,,,,,,,,,,,,,,,,,-0.278060,-0.569115,0.680005,,,,,,
27475,,,,,,,,,0.521882,-0.652434,,,41.120129,37.272713,0.204269,0.211852,,,,,,,,,,,,
27480,-0.273580,-0.565433,0.671209,-0.276123,-0.548139,0.678505,0.637887,-0.640895,0.631752,-0.652435,43.718987,40.944809,,,0.201710,0.218471,0.008765,0.015124,0.007296,-0.273161,-0.565097,0.671220,,,,,,
27483,,,,,,,,,,,,,41.132988,37.351231,,,,,,,,,,,,,,
27490,,,,,,,,,0.796557,-0.652434,,,42.777439,39.050926,0.185454,0.201853,,,,-0.268367,-0.561199,0.662445,,,,,,
27499,,,,,,,,,,,,,,,,,,,,-0.263244,-0.557068,0.659538,,,,,,
27502,,,,,,,,,0.631752,-0.652435,,,42.527451,38.847420,0.188192,0.204307,,,,,,,,,,,,
27510,,,,,,,,,0.631752,-0.652435,,,42.317108,38.676189,0.190576,0.206473,,,,-0.258181,-0.553120,0.653690,,,,,,
27520,,,,,,,,,0.659220,0.000000,,,42.140129,39.076660,0.192662,0.202842,,,,-0.252937,-0.549146,0.650767,,,,,,
27530,-0.247764,-0.545079,0.647134,-0.250962,-0.528301,0.658137,0.640582,-0.486244,,,43.063408,41.259369,,,,,0.007564,0.015314,0.011003,-0.247767,-0.545088,0.644929,,,,,,
27537,,,,,,,,,0.521882,-0.652434,,,40.902130,37.779987,0.198918,0.219650,,,,-0.242213,-0.541076,0.644891,,,,,,
27542,,,,,,,,,0.796557,-0.652434,,,42.038651,39.411682,0.187758,0.203703,,,,,,,,,,,,
27549,,,,,,,,,,,,,,,,,,,,-0.236734,-0.537215,0.639043,,,,,,
27552,,,,,,,,,0.659220,0.000000,,,41.905834,39.695503,0.189318,0.201177,,,,,,,,,,,,
27560,,,,,,,,,0.659220,0.000000,,,41.794083,39.389767,0.190689,0.204609,,,,-0.230979,-0.533374,0.633221,,,,,,
27570,,,,,,,,,,,,,,,,,,,,-0.225683,-0.529546,0.630310,,,,,,
27575,,,,,,,,,0.494415,0.000000,,,44.422771,42.399780,0.164130,0.174281,,,,,,,,,,,,
27580,-0.221102,-0.525943,0.629058,-0.225533,-0.508918,0.645709,0.640619,-0.328152,0.714154,1.304868,42.203869,41.481758,,,,,0.006434,0.016373,0.016651,-0.220469,-0.525552,0.627403,,,,,,
27583,,,,,,,,,,,,,40.100029,39.486973,0.199183,0.206031,,,,,,,,,,,,
27589,,,,,,,,,,,,,,,,,,,,-0.215170,-0.521645,0.624499,,,,,,
27592,,,,,,,,,0.686687,-1.957303,,,41.363762,39.214310,0.186714,0.209212,,,,,,,,,,,,
27600,,,,,,,,,0.686687,0.652435,,,41.337982,39.529434,0.187145,0.206451,,,,-0.209747,-0.517784,0.618681,,,,,,
27610,,,,,,,,,0.659220,-1.304869,,,41.860836,39.794579,0.181985,0.204137,,,,-0.204430,-0.513936,0.612886,,,,,,
27619,,,,,,,,,,,,,,,,,,,,-0.199220,-0.510261,0.612897,,,,,,
27622,,,,,,,,,0.659220,0.000000,,,41.756222,40.017673,0.183120,0.202199,,,,,,,,,,,,
27631,-0.198818,-0.509953,0.614253,-0.200103,-0.489873,0.641248,0.637905,-0.168893,0.521882,-0.652434,42.542080,43.086025,40.579113,38.571754,0.198666,0.233603,0.010523,0.017150,0.026995,-0.193979,-0.506659,0.609995,,,,,,
27640,,,,,,,,,0.796557,0.652434,,,41.766865,40.622417,0.186944,0.213589,,,,-0.188746,-0.502952,0.610006,,,,,,
27649,,,,,,,,,,,,,,,,,,,,-0.183200,-0.499070,0.609983,,,,,,
27652,,,,,,,,,0.659220,0.000000,,,41.677155,40.169670,0.188014,0.218700,,,,,,,,,,,,
27660,,,,,,,,,0.631752,0.652435,,,41.057129,40.333275,0.194511,0.217615,,,,-0.177503,-0.495086,0.609975,,,,,,
27669,,,,,,,,,,,,,,,,,,,,-0.171705,-0.491187,0.609969,,,,,,
27672,,,,,,,,,0.631752,-0.652435,,,41.079983,40.470932,0.194575,0.216761,,,,,,,,,,,,
27680,-0.166851,-0.487808,0.607591,-0.174928,-0.471039,0.644745,0.632518,-0.009593,0.549350,0.000000,39.432182,41.232494,,,,,0.002941,0.018379,0.037154,-0.166310,-0.487413,0.609968,,,,,,
27683,,,,,,,,,,,,,40.010124,39.497669,0.174059,0.208305,,,,,,,,,,,,
27689,,,,,,,,,,,,,,,,,,,,-0.160842,-0.483885,0.612871,,,,,,
27695,,,,,,,,,0.659220,0.000000,,,40.199032,39.767853,0.172016,0.205897,,,,,,,,,,,,
27699,,,,,,,,,,,,,,,,,,,,-0.155398,-0.480404,0.615744,,,,,,
27702,,,,,,,,,0.796557,0.652434,,,41.447063,41.628815,0.159133,0.187208,,,,,,,,,,,,
27710,,,,,,,,,0.631752,0.652435,,,40.863529,41.560997,0.164682,0.187820,,,,-0.149855,-0.476869,0.618675,,,,,,
27720,,,,,,,,,0.631752,0.652435,,,40.372543,41.503937,0.169404,0.188336,,,,-0.144196,-0.473032,0.621566,,,,,,
27730,-0.138755,-0.469124,0.628470,-0.150248,-0.452285,0.656186,0.624711,0.149424,0.521882,0.652434,38.058311,40.339905,,,,,0.000603,0.020379,0.027716,-0.138532,-0.469101,0.627397,,,,,,
27733,,,,,,,,,,,,,38.870342,40.366840,0.170525,0.190776,,,,,,,,,,,,
27739,,,,,,,,,,,,,,,,,,,,-0.133262,-0.465211,0.627399,,,,,,
27742,,,,,,,,,0.769089,0.000000,,,39.784561,41.588257,0.161038,0.178312,,,,,,,,,,,,
27750,,,,,,,,,0.604285,0.000000,,,40.009243,40.982330,0.158401,0.184243,,,,-0.127936,-0.461191,0.633229,,,,,,
27760,,,,,,,,,0.631752,0.652435,,,39.653748,41.017044,0.161636,0.183761,,,,-0.122651,-0.457309,0.636138,,,,,,
27769,,,,,,,,,,,,,,,,,,,,-0.117553,-0.453641,0.639044,,,,,,
27772,,,,,,,,,0.604285,0.000000,,,39.354633,40.501709,0.164368,0.188882,,,,,,,,,,,,
27779,-0.112582,-0.450084,0.643506,-0.126277,-0.433480,0.675560,0.614890,0.308202,,,,,,,,,,,,-0.112421,-0.449970,0.644883,,,,,,
27782,,,,,,,,,0.521882,0.652434,36.489502,39.773308,38.013870,39.523563,0.161783,0.193047,-0.000994,0.021500,0.032054,,,,,,,,,
27790,,,,,,,,,,,,,,,,,,,,-0.107357,-0.446300,0.650707,,,,,,
27795,,,,,,,,,0.631752,0.652435,,,37.974842,39.789639,0.161876,0.190383,,,,,,,,,,,,
27800,,,,,,,,,0.769089,0.000000,,,39.031090,41.102600,0.150805,0.176987,,,,-0.102449,-0.442514,0.653637,,,,,,
27812,,,,,,,,,0.631752,1.957303,,,38.830730,41.118240,0.152341,0.176562,,,,,,,,,,,,
27822,,,,,,,,,0.604285,0.000000,,,38.662148,41.131401,0.153592,0.176159,,,,,,,,,,,,
27830,-0.087992,-0.431403,0.663527,-0.103205,-0.414497,0.702832,0.603600,0.466649,,,35.060448,39.446404,36.886673,39.508842,0.156691,0.189103,-0.001573,0.022689,0.039304,-0.087950,-0.431356,0.665361,,,,,,
27833,,,,,,,,,0.466947,0.652434,,,,,,,,,,,,,,,,,,
27840,,,,,,,,,0.714155,0.000000,,,38.115505,40.321796,0.143792,0.180798,,,,-0.083145,-0.427550,0.668303,,,,,,
27850,,,,,,,,,0.604285,1.304869,,,37.515812,39.916729,0.149297,0.184755,,,,-0.078422,-0.423878,0.674177,,,,,,
27862,,,,,,,,,0.549350,0.000000,,,37.011230,39.575905,0.153953,0.188137,,,,,,,,,,,,
27872,,,,,,,,,0.604285,1.304869,,,36.586678,39.833679,0.157893,0.185482,,,,,,,,,,,,
27881,-0.077273,-0.422892,0.678758,-0.081195,-0.395206,0.737901,0.591493,0.623948,0.466947,0.652434,37.963844,43.903706,35.140369,38.416943,0.201955,0.245320,0.014329,0.024012,0.059143,-0.064188,-0.413061,0.694733,,,,,,
27890,,,,,,,,,,,,,,,,,,,,-0.059439,-0.409310,0.703555,,,,,,
27895,,,,,,,,,0.631752,0.652435,,,35.557076,38.858528,0.198269,0.241913,,,,,,,,,,,,
27899,,,,,,,,,,,,,,,,,,,,-0.054918,-0.405627,0.712407,,,,,,
27902,,,,,,,,,0.686687,0.652435,,,36.452236,39.774624,0.189620,0.233578,,,,,,,,,,,,
27912,,,,,,,,,0.631752,0.652435,,,36.116337,40.000881,0.193349,0.232096,,,,,,,,,,,,
27922,,,,,,,,,0.631752,1.957303,,,36.378258,40.191254,0.191047,0.230935,,,,,,,,,,,,
27930,-0.041744,-0.394512,0.747617,-0.060384,-0.375485,0.780509,0.579299,0.777961,0.549350,0.000000,33.088467,38.872562,,,,,-0.000733,0.026626,0.032892,-0.040655,-0.393831,0.744966,,,,,,
27933,,,,,,,,,,,,,36.054092,39.806889,0.144941,0.184280,,,,,,,,,,,,
27940,,,,,,,,,0.686687,3.262170,,,35.781342,41.117115,0.147130,0.170729,,,,-0.035954,-0.389738,0.753895,,,,,,
27949,,,,,,,,,,,,,,,,,,,,-0.031053,-0.385265,0.765812,,,,,,
27955,,,,,,,,,0.466947,0.652434,,,34.462761,40.041367,0.160041,0.181253,,,,,,,,,,,,
27959,,,,,,,,,,,,,,,,,,,,-0.026386,-0.381065,0.780767,,,,,,
27962,,,,,,,,,0.686687,0.652435,,,34.986938,40.769863,0.154420,0.173588,,,,,,,,,,,,
27970,,,,,,,,,0.576817,1.957303,,,34.883438,40.838276,0.155096,0.172511,,,,-0.021847,-0.376518,0.795740,,,,,,
27979,-0.017930,-0.372241,0.813679,-0.040883,-0.355215,0.830150,0.567788,0.924703,,,,,,,,,,,,-0.017601,-0.372084,0.810769,,,,,,
27982,,,,,,,,,0.521882,0.652434,31.545734,37.511242,34.251808,39.806751,0.145443,0.168754,-0.003390,0.028376,0.016470,-0.017601,-0.372084,0.810769,,,,,,
27990,,,,,,,,,0.686687,0.652435,,,35.353985,40.572456,0.133660,0.160484,,,,-0.013189,-0.367530,0.822831,,,,,,
28002,,,,,,,,,0.604285,1.304869,,,35.192268,40.672176,0.134548,0.158855,,,,-0.009075,-0.363101,0.828877,,,,,,
28010,,,,,,,,,,,,,,,,,,,,-0.004897,-0.358845,0.837961,,,,,,
28016,,,,,,,,,0.466947,0.652434,,,33.967117,39.122452,0.146315,0.174030,,,,,,,,,,,,
28019,,,,,,,,,,,,,,,,,,,,-0.000868,-0.354547,0.847057,,,,,,
28022,,,,,,,,,0.686687,1.957303,,,34.569904,39.996689,0.139682,0.164791,,,,,,,,,,,,
28030,0.003335,-0.349928,0.863603,-0.022775,-0.334287,0.885966,0.557730,1.058100,,,29.980337,36.864658,,,,,-0.005073,0.030010,0.022363,0.003227,-0.350265,0.859215,,,,,,
28033,,,,,,,,,0.466947,0.652434,,,33.443459,39.098640,0.134600,0.166858,,,,,,,,,,,,
28040,,,,,,,,,0.659220,1.304869,,,34.129295,39.976654,0.126912,0.157456,,,,0.007283,-0.345940,0.871408,,,,,,
28049,,,,,,,,,,,,,,,,,,,,0.010943,-0.341705,0.880577,,,,,,
28052,,,,,,,,,0.549350,1.304868,,,33.617275,39.626328,0.131305,0.160407,,,,,,,,,,,,
28062,,,,,,,,,0.521882,0.652434,,,33.186459,38.787018,0.134972,0.168416,,,,,,,,,,,,
28075,,,,,,,,,0.466947,1.957303,,,31.734884,38.080822,0.149137,0.175234,,,,,,,,,,,,
28079,0.021282,-0.329155,0.918316,-0.006119,-0.312597,0.946682,0.549843,1.170295,,,,,,,,,,,,0.021611,-0.328939,0.914365,,,,,,
28082,,,,,,,,,0.521882,0.652434,29.524668,37.220707,31.602617,37.486629,0.145487,0.184683,-0.003480,0.031826,0.028367,,,,,,,,,
28090,,,,,,,,,0.714154,1.304868,,,32.580414,39.164848,0.135098,0.167512,,,,0.024968,-0.324800,0.926728,,,,,,
28099,,,,,,,,,,,,,,,,,,,,0.028144,-0.320482,0.939117,,,,,,
28102,,,,,,,,,0.549350,1.304868,,,32.314045,38.943272,0.137204,0.169384,,,,,,,,,,,,
28109,,,,,,,,,,,,,,,,,,,,0.031528,-0.316301,0.951561,,,,,,
28112,,,,,,,,,0.521882,1.957302,,,32.089924,38.756840,0.138932,0.170941,,,,,,,,,,,,
28120,,,,,,,,,0.521882,1.957302,,,31.356804,38.599976,0.145897,0.172234,,,,0.034617,-0.312083,0.967164,,,,,,
28129,0.037433,-0.307850,0.985644,,,,,,,,,,,,,,,,,0.037550,-0.307862,0.982849,,,,,,
28132,,,,0.009051,-0.290056,1.010613,0.544726,1.252713,0.439480,0.000000,29.784164,37.811359,30.739956,36.834358,0.154469,0.195992,-0.000843,0.033488,0.024969,,,,,,,,,
28139,,,,,,,,,,,,,,,,,,,,0.040816,-0.303338,0.995393,,,,,,
28142,,,,,,,,,0.659220,2.609737,,,31.310026,38.071487,0.148463,0.183568,,,,,,,,,,,,
28149,,,,,,,,,,,,,,,,,,,,0.043883,-0.299141,1.014333,,,,,,
28152,,,,,,,,,0.521882,1.957302,,,30.700598,38.023319,0.154374,0.184008,,,,,,,,,,,,
28159,,,,,,,,,,,,,,,,,,,,0.046860,-0.294831,1.030231,,,,,,
28162,,,,,,,,,0.521882,0.652434,,,30.732368,37.982792,0.153867,0.184379,,,,,,,,,,,,
28169,,,,,,,,,,,,,,,,,,,,0.049550,-0.290660,1.049434,,,,,,
28175,,,,,,,,,0.466947,1.957303,,,29.670013,37.404148,0.164513,0.190247,,,,,,,,,,,,
28179,0.051978,-0.286444,1.067006,0.022723,-0.266592,1.075759,0.542796,1.297791,,,,,,,,,,,,0.052215,-0.286321,1.065497,,,,,,
28182,,,,,,,,,0.494415,1.304868,30.974731,38.707733,29.320690,36.917278,0.180243,0.204437,0.003263,0.035204,0.008753,,,,,,,,,
28189,,,,,,,,,,,,,,,,,,,,0.055025,-0.281649,1.078347,,,,,,
28192,,,,,,,,,0.686687,1.957303,,,30.660400,38.685799,0.166909,0.186756,,,,,,,,,,,,
28199,,,,,,,,,,,,,,,,,,,,0.057695,-0.276761,1.097745,,,,,,
28202,,,,,,,,,0.576817,1.957303,,,30.698545,38.540199,0.166582,0.188246,,,,,,,,,,,,
28209,,,,,,,,,,,,,,,,,,,,0.060332,-0.272123,1.113996,,,,,,
28212,,,,,,,,,0.549350,1.304868,,,30.186098,38.417694,0.171865,0.189529,,,,,,,,,,,,
28220,,,,,,,,,0.549350,1.304868,,,30.844011,38.859161,0.165312,0.185084,,,,0.062918,-0.267390,1.130351,,,,,,
28229,0.065456,-0.262167,1.145604,0.034914,-0.242154,1.139999,0.544225,1.300925,,,,,,,,,,,,0.065551,-0.262187,1.146830,,,,,,
28232,,,,,,,,,0.439480,1.304869,31.961100,39.234535,29.763948,37.596981,0.186415,0.203301,0.005633,0.036078,-0.005605,,,,,,,,,
28240,,,,,,,,,0.686687,1.957303,,,31.033358,39.257698,0.173907,0.186689,,,,0.068134,-0.257249,1.160026,,,,,,
28250,,,,,,,,,0.549350,1.304868,,,31.012352,39.021397,0.174307,0.189095,,,,0.070581,-0.252019,1.170002,,,,,,
28259,,,,,,,,,,,,,,,,,,,,0.072858,-0.247199,1.186684,,,,,,
28262,,,,,,,,,0.549350,1.304868,,,30.994678,38.822575,0.174677,0.191166,,,,,,,,,,,,
28270,,,,,,,,,0.604285,1.304869,,,31.524351,39.199829,0.169467,0.187400,,,,0.075301,-0.242043,1.200054,,,,,,
28281,0.075447,-0.241390,1.200957,0.045663,-0.216713,1.201303,0.548900,1.261809,0.439480,1.304869,34.105362,41.393520,30.336388,37.883621,0.203543,0.222854,0.012242,0.036690,0.000346,0.077523,-0.236478,1.213452,,,,,,
28289,,,,,,,,,,,,,,,,,,,,0.079758,-0.230938,1.223590,,,,,,
28295,,,,,,,,,0.631752,0.652435,,,34.237724,41.677052,0.164504,0.184863,,,,,,,,,,,,
28299,,,,,,,,,,,,,,,,,,,,0.081811,-0.225406,1.237122,,,,,,
28302,,,,,,,,,0.714154,1.304868,,,32.074875,39.423412,0.186538,0.207793,,,,,,,,,,,,
28310,,,,,,,,,0.604285,1.304869,,,32.433228,39.705372,0.183289,0.205311,,,,0.083801,-0.219963,1.247379,,,,,,
28319,,,,,,,,,,,,,,,,,,,,0.085830,-0.214322,1.261106,,,,,,
28322,,,,,,,,,0.549350,1.304868,,,32.734745,39.398071,0.180548,0.208783,,,,,,,,,,,,
28330,0.087504,-0.209234,1.274111,0.055035,-0.190273,1.257941,0.556417,1.184561,,,34.047199,40.355709,32.443897,38.594963,0.183196,0.206789,0.008640,0.036594,-0.016170,0.087778,-0.208663,1.274837,,,,,,
28333,,,,,,,,,0.521882,0.652434,,,,,,,,,,,,,,,,,,
28340,,,,,,,,,0.714154,1.304868,,,33.832809,40.097401,0.169349,0.191816,,,,0.089828,-0.202838,1.285135,,,,,,
28349,,,,,,,,,,,,,,,,,,,,0.091785,-0.196686,1.292067,,,,,,
28352,,,,,,,,,0.576817,0.652434,,,33.912354,39.727924,0.168581,0.195636,,,,,,,,,,,,
28360,,,,,,,,,0.631752,1.957303,,,33.979282,39.961590,0.167925,0.193378,,,,0.093564,-0.190771,1.302486,,,,,,
28369,,,,,,,,,,,,,,,,,,,,0.095195,-0.184703,1.309418,,,,,,
28372,,,,,,,,,0.576817,0.652434,,,34.035595,40.158195,0.167364,0.191452,,,,,,,,,,,,
28380,0.096675,-0.178816,1.318852,0.063121,-0.162866,1.308589,0.566118,1.076536,0.521882,0.652434,34.397133,40.347412,,,,,0.007082,0.036471,-0.010263,0.096787,-0.178569,1.319964,,,,,,
28383,,,,,,,,,,,,,33.538433,39.234531,0.176007,0.200828,,,,,,,,,,,,
28389,,,,,,,,,,,,,,,,,,,,0.098316,-0.172760,1.326926,,,,,,
28395,,,,,,,,,0.604285,0.000000,,,34.209209,39.001904,0.169337,0.203423,,,,,,,,,,,,
28400,,,,,,,,,0.714154,1.304868,,,35.318142,40.439800,0.158063,0.189026,,,,0.099772,-0.166983,1.333917,,,,,,
28409,,,,,,,,,,,,,,,,,,,,0.101340,-0.161029,1.344604,,,,,,
28412,,,,,,,,,0.576817,0.652434,,,35.162113,40.016018,0.159471,0.193330,,,,,,,,,,,,
28419,,,,,,,,,,,,,,,,,,,,0.102905,-0.155204,1.351736,,,,,,
28422,,,,,,,,,0.604285,0.000000,,,35.030830,39.659447,0.160657,0.197033,,,,,,,,,,,,
28430,0.104567,-0.149067,1.352088,0.070038,-0.134558,1.352356,0.577151,0.946446,,,35.117329,40.779385,35.464912,38.814884,0.163448,0.210192,0.006672,0.036854,0.000268,0.104607,-0.149024,1.355134,,,,,,
28433,,,,,,,,,0.576817,-0.652434,,,,,,,,,,,,,,,,,,
28440,,,,,,,,,0.631752,3.262170,,,35.285606,40.282444,0.165208,0.195615,,,,0.106288,-0.143019,1.365717,,,,,,
28449,,,,,,,,,,,,,,,,,,,,0.107829,-0.137137,1.372860,,,,,,
28452,,,,,,,,,0.604285,1.304869,,,35.134735,40.428162,0.166713,0.194229,,,,,,,,,,,,
28459,,,,,,,,,,,,,,,,,,,,0.109298,-0.131313,1.383617,,,,,,
28462,,,,,,,,,0.631752,0.652435,,,35.007793,40.550770,0.168004,0.193048,,,,,,,,,,,,
28469,,,,,,,,,,,,,,,,,,,,0.110498,-0.125504,1.394480,,,,,,
28472,,,,,,,,,0.604285,1.304869,,,35.445526,40.109386,0.163561,0.197596,,,,,,,,,,,,
28481,0.110474,-0.124991,1.396395,0.075926,-0.105445,1.388725,0.588565,0.802545,0.604285,1.304869,38.195213,42.828869,35.269295,38.648922,0.196688,0.233531,0.013254,0.037415,-0.007669,0.111699,-0.119224,1.405278,,,,,,
28490,,,,,,,,,,,,,,,,,,,,0.112940,-0.113164,1.416183,,,,,,
28495,,,,,,,,,0.521882,0.652434,,,34.576469,40.142803,0.204340,0.219130,,,,,,,,,,,,
28499,,,,,,,,,,,,,,,,,,,,0.114079,-0.107096,1.427120,,,,,,
28502,,,,,,,,,0.714154,1.304868,,,35.627155,41.399754,0.194346,0.206846,,,,,,,,,,,,
28509,,,,,,,,,,,,,,,,,,,,0.115035,-0.100970,1.434526,,,,,,
28512,,,,,,,,,0.604285,1.304869,,,35.422115,41.368267,0.196951,0.207453,,,,,,,,,,,,
28520,,,,,,,,,0.686687,0.652435,,,35.794140,41.341774,0.193711,0.208015,,,,0.115969,-0.094818,1.445610,,,,,,
28530,0.116810,-0.088678,1.454318,0.080949,-0.075655,1.417454,0.599399,0.651424,0.466947,0.652434,38.534904,41.270729,,,,,0.008767,0.037132,-0.036864,0.116902,-0.088459,1.456637,,,,,,
28533,,,,,,,,,,,,,35.018074,40.230396,0.205572,0.203756,,,,,,,,,,,,
28540,,,,,,,,,0.796557,0.652434,,,37.087807,42.017998,0.185164,0.185730,,,,0.117630,-0.082146,1.464068,,,,,,
28549,,,,,,,,,,,,,,,,,,,,0.118252,-0.075610,1.467825,,,,,,
28552,,,,,,,,,0.659220,0.000000,,,37.195652,41.888454,0.184354,0.186902,,,,,,,,,,,,
28559,,,,,,,,,,,,,,,,,,,,0.118947,-0.069003,1.475292,,,,,,
28562,,,,,,,,,0.631752,0.652435,,,37.830936,41.779457,0.178142,0.187891,,,,,,,,,,,,
28570,,,,,,,,,0.659220,0.000000,,,37.820919,41.687748,0.178385,0.188724,,,,0.119675,-0.062655,1.482750,,,,,,
28579,0.120334,-0.056177,1.483874,0.085288,-0.045336,1.438478,0.608767,0.497564,,,,,,,,,,,,0.120314,-0.056199,1.486582,,,,,,
28582,,,,,,,,,0.494415,1.304868,39.409023,40.972038,36.723404,40.521496,0.198638,0.197490,0.007758,0.035855,-0.045397,,,,,,,,,
28589,,,,,,,,,,,,,,,,,,,,0.121034,-0.049652,1.486581,,,,,,
28595,,,,,,,,,0.659220,0.000000,,,37.433586,40.629299,0.191931,0.196480,,,,,,,,,,,,
28600,,,,,,,,,0.796557,0.652434,,,39.120220,41.809090,0.175123,0.184515,,,,0.121690,-0.043379,1.486628,,,,,,
28609,,,,,,,,,,,,,,,,,,,,0.122309,-0.037162,1.490441,,,,,,
28612,,,,,,,,,0.631752,-0.652435,,,39.450268,41.712681,0.171814,0.185331,,,,,,,,,,,,
28619,,,,,,,,,,,,,,,,,,,,0.122964,-0.030839,1.494337,,,,,,
28622,,,,,,,,,0.631752,0.652435,,,39.183426,41.631561,0.174528,0.186010,,,,,,,,,,,,
28629,0.123565,-0.024325,1.496076,,,,,,,,,,,,,,,,,0.123652,-0.024293,1.494208,,,,,,
28632,,,,0.089144,-0.014658,1.451810,0.615935,0.343444,0.521882,0.652434,40.062813,40.830559,37.869820,40.474220,0.194640,0.196240,0.007070,0.035047,-0.044266,,,,,,,,,
28639,,,,,,,,,,,,,,,,,,,,0.124257,-0.017682,1.501714,,,,,,
28642,,,,,,,,,0.796557,0.652434,,,39.487267,41.678608,0.178581,0.184027,,,,,,,,,,,,
28649,,,,,,,,,,,,,,,,,,,,0.124799,-0.011063,1.505502,,,,,,
28655,,,,,,,,,0.494415,0.000000,,,38.125469,40.513805,0.192586,0.195738,,,,,,,,,,,,
28659,,,,,,,,,,,,,,,,,,,,0.125466,-0.004511,1.505453,,,,,,
28662,,,,,,,,,0.796557,-0.652434,,,39.702370,41.711914,0.176889,0.183581,,,,,,,,,,,,
28669,,,,,,,,,,,,,,,,,,,,0.125783,0.002056,1.505559,,,,,,
28672,,,,,,,,,0.659220,1.304869,,,39.940086,41.630917,0.174537,0.184231,,,,,,,,,,,,
28679,0.126062,0.008348,1.510183,0.092724,0.016202,1.457487,0.620376,0.189991,,,,,,,,,,,,0.126151,0.008324,1.505502,,,,,,
28682,,,,,,,,,0.494415,0.000000,40.557922,40.155392,38.506474,40.473679,0.194234,0.188988,0.005820,0.033753,-0.052697,,,,,,,,,
28689,,,,,,,,,,,,,,,,,,,,0.126631,0.014920,1.513103,,,,,,
28692,,,,,,,,,0.824024,0.000000,,,40.022945,41.678154,0.179177,0.176639,,,,,,,,,,,,
28699,,,,,,,,,,,,,,,,,,,,0.126922,0.021343,1.509418,,,,,,
28702,,,,,,,,,0.604285,0.000000,,,40.209820,41.602512,0.177377,0.177106,,,,,,,,,,,,
28709,,,,,,,,,,,,,,,,,,,,0.127290,0.027880,1.509647,,,,,,
28715,,,,,,,,,0.549350,0.000000,,,39.277969,40.449780,0.186952,0.188574,,,,,,,,,,,,
28720,,,,,,,,,0.714155,0.000000,,,40.127541,41.113503,0.178542,0.181745,,,,0.127871,0.034474,1.513157,,,,,,
28730,0.128401,0.041416,1.512857,0.096247,0.047065,1.455530,0.621810,0.037164,,,40.570618,39.153004,,,,,0.003778,0.032427,-0.057327,0.128418,0.041180,1.513103,,,,,,
28733,,,,,,,,,0.549350,0.000000,,,39.208740,40.038326,0.188130,0.182296,,,,0.128418,0.041180,1.513103,,,,,,
28740,,,,,,,,,0.769089,0.000000,,,40.613834,40.767303,0.174070,0.174683,,,,0.128778,0.047800,1.513055,,,,,,
28750,,,,,,,,,,,,,,,,,,,,0.129272,0.054147,1.513013,,,,,,
28755,,,,,,,,,0.521882,-0.652434,,,39.617908,39.747036,0.184220,0.184767,,,,,,,,,,,,
28760,,,,,,,,,0.741622,-0.652433,,,40.413567,40.522213,0.176295,0.176742,,,,0.129728,0.060581,1.509301,,,,,,
28769,,,,,,,,,,,,,,,,,,,,0.130290,0.066929,1.509299,,,,,,
28772,,,,,,,,,0.631752,0.652435,,,40.538486,40.629902,0.175052,0.175369,,,,,,,,,,,,
28779,0.130663,0.073439,1.508813,0.099930,0.077757,1.445945,0.620216,-0.115437,,,,,,,,,,,,0.130741,0.073482,1.505456,,,,,,
28782,,,,,,,,,0.494415,0.000000,40.594772,38.132511,39.009968,39.086884,0.190896,0.180404,0.002406,0.030942,-0.062868,,,,,,,,,
28789,,,,,,,,,,,,,,,,,,,,0.131191,0.080059,1.505415,,,,,,
28792,,,,,,,,,0.796557,-0.652434,,,40.446587,40.511303,0.176559,0.165684,,,,,,,,,,,,
28799,,,,,,,,,,,,,,,,,,,,0.131652,0.086627,1.505415,,,,,,
28802,,,,,,,,,0.631752,0.652435,,,40.566273,40.076180,0.175368,0.169646,,,,,,,,,,,,
28809,,,,,,,,,,,,,,,,,,,,0.132210,0.093369,1.501566,,,,,,
28816,,,,,,,,,0.521882,-0.652434,,,39.577888,39.165524,0.185455,0.178546,,,,,,,,,,,,
28820,,,,,,,,,0.741622,-0.652433,,,40.924435,40.032928,0.171924,0.169492,,,,0.132800,0.099915,1.501566,,,,,,
28829,0.133212,0.106643,1.492514,0.103986,0.108120,1.428748,0.615834,-0.267946,,,,,,,,,,,,0.133184,0.106298,1.494009,,,,,,
28832,,,,,,,,,0.494415,0.000000,39.842449,36.523018,39.334702,38.584591,0.180399,0.167468,-0.000813,0.029252,-0.063766,,,,,,,,,
28839,,,,,,,,,,,,,,,,,,,,0.133632,0.112598,1.490241,,,,,,
28842,,,,,,,,,0.769089,0.000000,,,40.719818,39.544132,0.166373,0.157268,,,,,,,,,,,,
28850,,,,,,,,,,,,,,,,,,,,0.134169,0.118911,1.482749,,,,,,
28855,,,,,,,,,0.659220,2.609737,,,39.707081,38.173317,0.176527,0.170647,,,,,,,,,,,,
28859,,,,,,,,,,,,,,,,,,,,0.134555,0.125174,1.479075,,,,,,
28862,,,,,,,,,0.576817,-3.262172,,,40.488594,39.198086,0.168583,0.159864,,,,,,,,,,,,
28869,,,,,,,,,,,,,,,,,,,,0.135079,0.131514,1.475380,,,,,,
28872,,,,,,,,,0.659220,-1.304869,,,40.601616,38.971241,0.167301,0.161643,,,,,,,,,,,,
28880,0.135874,0.138055,1.464423,0.108619,0.138017,1.404030,0.609152,-0.419635,,,39.182571,35.173645,,,,,-0.002931,0.027097,-0.060393,0.135793,0.137931,1.467825,,,,,,
28883,,,,,,,,,0.466947,-0.652434,,,39.607628,37.691284,0.170557,0.160445,,,,,,,,,,,,
28889,,,,,,,,,,,,,,,,,,,,0.136451,0.144282,1.467827,,,,,,
28892,,,,,,,,,0.741622,-0.652433,,,40.404915,38.792503,0.162339,0.148709,,,,,,,,,,,,
28899,,,,,,,,,,,,,,,,,,,,0.137117,0.150596,1.460386,,,,,,
28902,,,,,,,,,0.576817,-0.652434,,,40.531208,38.085438,0.160807,0.155197,,,,,,,,,,,,
28909,,,,,,,,,,,,,,,,,,,,0.137900,0.156582,1.456674,,,,,,
28915,,,,,,,,,0.521882,-0.652434,,,39.548386,36.945972,0.170562,0.166238,,,,,,,,,,,,
28920,,,,,,,,,0.686687,-0.652435,,,40.355068,37.076313,0.162261,0.164554,,,,0.138609,0.162633,1.449268,,,,,,
28929,0.139428,0.168844,1.441042,0.114020,0.167340,1.372033,0.600857,-0.568320,,,,,,,,,,,,0.139372,0.168542,1.441888,,,,,,
28932,,,,,,,,,0.466947,-0.652434,38.686623,33.553726,38.855637,36.096893,0.172262,0.157640,-0.004779,0.025000,-0.069009,,,,,,,,,
28940,,,,,,,,,0.686687,-1.957303,,,39.772190,36.361897,0.162879,0.154428,,,,0.140009,0.174244,1.434621,,,,,,
28950,,,,,,,,,0.549350,0.000000,,,39.454292,36.040325,0.165904,0.157147,,,,0.140672,0.180190,1.423584,,,,,,
28959,,,,,,,,,,,,,,,,,,,,0.141323,0.186025,1.416389,,,,,,
28962,,,,,,,,,0.604285,-1.304869,,,39.731354,35.769756,0.162925,0.159409,,,,,,,,,,,,
28970,,,,,,,,,,,,,,,,,,,,0.142128,0.191628,1.401857,,,,,,
28975,,,,,,,,,0.494415,-1.304868,,,38.875389,34.453014,0.171447,0.172397,,,,,,,,,,,,
28980,0.143104,0.196881,1.389857,0.120358,0.196010,1.333258,0.591791,-0.709920,,,38.253033,32.818165,38.155178,33.889652,0.174332,0.170460,-0.004950,0.022218,-0.056599,0.143077,0.197214,1.391143,,,,,,
28983,,,,,,,,,0.521882,-0.652434,,,,,,,,,,,,,,,,,,
28990,,,,,,,,,0.714154,-2.609737,,,39.727367,34.504723,0.158316,0.163972,,,,0.144062,0.202778,1.373179,,,,,,
29000,,,,,,,,,0.549350,-1.304868,,,39.961121,33.933159,0.155637,0.169465,,,,0.145137,0.208152,1.355415,,,,,,
29009,,,,,,,,,,,,,,,,,,,,0.146424,0.213394,1.341369,,,,,,
29016,,,,,,,,,0.494415,-1.304868,,,39.068714,32.907700,0.164398,0.179702,,,,,,,,,,,,
29019,,,,,,,,,,,,,,,,,,,,0.147536,0.218697,1.323762,,,,,,
29022,,,,,,,,,0.604285,-1.304869,,,39.406929,33.133965,0.160785,0.177376,,,,,,,,,,,,
29030,0.148954,0.224290,1.310868,0.127780,0.223981,1.288557,0.582873,-0.838276,0.439480,-1.304869,37.234776,32.377331,,,0.163928,0.187537,-0.005740,0.020383,-0.022311,0.148900,0.224096,1.309609,,,,,,
29033,,,,,,,,,,,,,38.057873,31.690716,,,,,,,,,,,,,,
29039,,,,,,,,,,,,,,,,,,,,0.150336,0.229499,1.292113,,,,,,
29042,,,,,,,,,0.631752,-1.957303,,,39.100952,32.109997,0.153124,0.183398,,,,,,,,,,,,
29049,,,,,,,,,,,,,,,,,,,,0.151808,0.234775,1.281863,,,,,,
29052,,,,,,,,,0.549350,-1.304868,,,38.889511,31.918236,0.154907,0.185408,,,,,,,,,,,,
29059,,,,,,,,,,,,,,,,,,,,0.153295,0.240211,1.268041,,,,,,
29062,,,,,,,,,0.549350,-1.304868,,,38.711605,31.756887,0.156391,0.187145,,,,,,,,,,,,
29070,,,,,,,,,,,,,,,,,,,,0.154816,0.245448,1.254334,,,,,,
29075,,,,,,,,,0.412012,-0.652434,,,40.195545,33.254761,0.140960,0.171991,,,,,,,,,,,,
29079,0.156317,0.250085,1.246865,0.136408,0.251238,1.239199,0.575021,-0.945523,,,,,,,,,,,,0.156472,0.250634,1.243990,,,,,,
29082,,,,,,,,,0.521882,-0.652434,36.915195,32.010368,35.998699,30.158724,0.179916,0.199652,-0.005244,0.019241,-0.007666,,,,,,,,,
29090,,,,,,,,,0.631752,-1.957303,,,37.368362,30.820978,0.166128,0.193267,,,,0.158139,0.255828,1.230509,,,,,,
29100,,,,,,,,,0.521882,-0.652434,,,36.887169,30.833656,0.170946,0.193376,,,,0.159896,0.261124,1.220261,,,,,,
29109,,,,,,,,,,,,,,,,,,,,0.161780,0.266344,1.213471,,,,,,
29112,,,,,,,,,0.521882,-0.652434,,,36.482292,30.844324,0.175081,0.193502,,,,,,,,,,,,
29120,,,,,,,,,0.576817,-0.652434,,,36.686172,31.397842,0.173088,0.188090,,,,0.163625,0.271554,1.203388,,,,,,
29129,0.165644,0.276847,1.195043,0.146331,0.277796,1.186863,0.569053,-1.023143,,,,,,,,,,,,0.165612,0.276809,1.193283,,,,,,
29132,,,,,,,,,0.439480,-1.304869,36.494247,31.145073,35.768631,30.229942,0.178199,0.191299,-0.006204,0.018313,-0.008180,,,,,,,,,
29139,,,,,,,,,,,,,,,,,,,,0.167637,0.281846,1.186646,,,,,,
29142,,,,,,,,,0.659220,-1.304869,,,37.174782,31.425444,0.164002,0.179288,,,,,,,,,,,,
29149,,,,,,,,,,,,,,,,,,,,0.169860,0.286967,1.179971,,,,,,
29152,,,,,,,,,0.549350,0.000000,,,36.724289,31.886797,0.168460,0.174526,,,,,,,,,,,,
29160,,,,,,,,,0.576817,-0.652434,,,36.889786,31.730436,0.166726,0.175972,,,,0.171964,0.291926,1.169979,,,,,,
29169,,,,,,,,,,,,,,,,,,,,0.174345,0.297154,1.160003,,,,,,
29175,,,,,,,,,0.412012,-0.652434,,,35.395405,31.054331,0.181890,0.182752,,,,,,,,,,,,
29180,0.176468,0.301705,1.154117,0.157607,0.303698,1.133535,0.565602,-1.063642,0.549350,-1.304868,36.713326,30.703257,,,,,-0.005811,0.018054,-0.020582,0.176737,0.302239,1.153357,,,,,,
29183,,,,,,,,,,,,,35.771664,31.029999,0.180507,0.178511,,,,,,,,,,,,
29190,,,,,,,,,0.659220,-1.304869,,,36.632793,32.098610,0.171911,0.167546,,,,0.179104,0.307554,1.146738,,,,,,
29199,,,,,,,,,,,,,,,,,,,,0.181406,0.312511,1.140215,,,,,,
29202,,,,,,,,,0.576817,-0.652434,,,36.812801,32.453197,0.170091,0.163650,,,,,,,,,,,,
29209,,,,,,,,,,,,,,,,,,,,0.183776,0.317509,1.130326,,,,,,
29212,,,,,,,,,0.549350,0.000000,,,36.964260,32.207005,0.168527,0.165811,,,,,,,,,,,,
29220,,,,,,,,,0.549350,-1.304868,,,37.091698,32.544403,0.167177,0.162069,,,,0.186176,0.322475,1.120560,,,,,,
29229,0.188528,0.327494,1.108913,0.170260,0.329009,1.081330,0.565041,-1.062398,,,,,,,,,,,,0.188543,0.327588,1.110748,,,,,,
29232,,,,,,,,,0.439480,-1.304869,36.529186,30.258041,36.109837,31.194658,0.175238,0.170927,-0.006784,0.017029,-0.027583,0.188543,0.327588,1.110748,,,,,,
29240,,,,,,,,,0.659220,-1.304869,,,37.461872,32.237156,0.161531,0.160106,,,,0.190985,0.332527,1.100980,,,,,,
29250,,,,,,,,,0.549350,-1.304868,,,36.965847,32.025227,0.166404,0.161872,,,,0.193554,0.337374,1.091273,,,,,,
29259,,,,,,,,,,,,,,,,,,,,0.196158,0.342133,1.081540,,,,,,
29262,,,,,,,,,0.549350,0.000000,,,37.093033,31.846910,0.165019,0.163338,,,,,,,,,,,,
29269,,,,,,,,,,,,,,,,,,,,0.198703,0.346836,1.068722,,,,,,
29272,,,,,,,,,0.549350,-1.304868,,,36.655506,32.241417,0.169369,0.158996,,,,,,,,,,,,
29280,0.201285,0.351477,1.057777,0.184275,0.353809,1.032283,0.567440,-1.018931,0.412012,-0.652434,36.671692,30.682158,,,,,-0.006317,0.015965,-0.025494,0.201262,0.351458,1.059069,,,,,,
29283,,,,,,,,,,,,,35.742828,30.939726,0.180107,0.176203,,,,,,,,,,,,
29289,,,,,,,,,,,,,,,,,,,,0.203805,0.356082,1.046264,,,,,,
29295,,,,,,,,,0.549350,-1.304868,,,36.063988,30.933571,0.177017,0.176214,,,,,,,,,,,,
29300,,,,,,,,,0.631752,-0.652435,,,36.878754,32.017479,0.168827,0.165108,,,,0.206576,0.360940,1.036656,,,,,,
29310,,,,,,,,,0.576817,-1.957303,,,37.019753,31.840391,0.167348,0.166647,,,,0.209458,0.365610,1.027162,,,,,,
29320,,,,,,,,,0.521882,-0.652434,,,37.138390,31.691389,0.166068,0.167935,,,,0.212273,0.370246,1.017622,,,,,,
29329,0.215042,0.374834,1.006642,0.199601,0.378195,0.988150,0.572563,-0.937039,,,,,,,,,,,,0.215092,0.374913,1.004946,,,,,,
29332,,,,,,,,,0.412012,-0.652434,36.921391,31.590033,35.604580,30.476933,0.184167,0.189381,-0.005416,0.014845,-0.018492,,,,,,,,,
29340,,,,,,,,,0.659220,-1.304869,,,37.036751,31.633263,0.169822,0.177809,,,,0.218106,0.379677,0.995451,,,,,,
29351,,,,,,,,,0.576817,-0.652434,,,37.152691,31.517113,0.168616,0.178985,,,,0.221114,0.384357,0.989175,,,,,,
29359,,,,,,,,,,,,,,,,,,,,0.224022,0.388985,0.979823,,,,,,
29362,,,,,,,,,0.521882,-0.652434,,,36.705700,31.963926,0.173129,0.174442,,,,,,,,,,,,
29370,,,,,,,,,0.521882,-0.652434,,,36.329601,31.795332,0.177009,0.176087,,,,0.227097,0.393720,0.970445,,,,,,
29379,0.230414,0.398468,0.964923,0.216147,0.402267,0.950295,0.579906,-0.823716,,,,,,,,,,,,0.230509,0.398635,0.964089,,,,,,
29382,,,,,,,,,0.466947,-0.652434,37.141651,32.525528,35.468609,31.108934,0.188156,0.192589,-0.005001,0.013891,-0.014628,,,,,,,,,
29389,,,,,,,,,,,,,,,,,,,,0.233759,0.403264,0.954689,,,,,,
29395,,,,,,,,,0.549350,-1.304868,,,35.833260,31.075943,0.184771,0.193209,,,,,,,,,,,,
29400,,,,,,,,,0.659220,-1.304869,,,37.229160,32.137268,0.170794,0.182674,,,,0.237077,0.408070,0.945334,,,,,,
29409,,,,,,,,,,,,,,,,,,,,0.240454,0.412662,0.936026,,,,,,
29412,,,,,,,,,0.576817,-0.652434,,,37.314587,32.485725,0.169906,0.179197,,,,,,,,,,,,
29420,,,,,,,,,0.549350,0.000000,,,36.841919,32.778915,0.174692,0.176214,,,,0.243742,0.417106,0.929832,,,,,,
29430,0.247067,0.421678,0.927122,0.233785,0.426131,0.919655,0.588772,-0.687415,0.466947,-0.652434,37.381237,33.733284,,,,,-0.004409,0.013297,-0.007467,0.247153,0.421740,0.923660,,,,,,
29433,,,,,,,,,,,,,35.899673,31.936522,0.186807,0.197075,,,,,,,,,,,,
29440,,,,,,,,,0.659220,-1.304869,,,37.285042,32.861359,0.172972,0.188001,,,,0.250603,0.426342,0.914401,,,,,,
29449,,,,,,,,,,,,,,,,,,,,0.254000,0.430849,0.905154,,,,,,
29452,,,,,,,,,0.576817,-0.652434,,,37.361603,33.094975,0.172211,0.185793,,,,,,,,,,,,
29460,,,,,,,,,0.576817,-0.652434,,,37.426022,33.291538,0.171558,0.183915,,,,0.257542,0.435538,0.899013,,,,,,
29470,,,,,,,,,0.521882,-0.652434,,,36.935680,32.912384,0.176550,0.187871,,,,0.261180,0.440278,0.886707,,,,,,
29479,0.264862,0.444702,0.878937,0.252351,0.449893,0.896791,0.598340,-0.536341,,,,,,,,,,,,0.265024,0.444925,0.877512,,,,,,
29482,,,,,,,,,0.494415,-1.304868,37.221458,35.318089,36.523109,32.048820,0.179218,0.213009,-0.003984,0.012946,0.017853,,,,,,,,,
29489,,,,,,,,,,,,,,,,,,,,0.268714,0.449471,0.871402,,,,,,
29495,,,,,,,,,0.604285,0.000000,,,39.987774,35.678566,0.144018,0.176639,,,,,,,,,,,,
29499,,,,,,,,,,,,,,,,,,,,0.272273,0.453688,0.862253,,,,,,
29502,,,,,,,,,0.686687,-1.957303,,,37.457512,33.287201,0.169273,0.200959,,,,,,,,,,,,
29510,,,,,,,,,0.549350,0.000000,,,37.506721,33.453278,0.168724,0.199671,,,,0.276000,0.457905,0.856193,,,,,,
29520,,,,,,,,,0.604285,0.000000,,,37.548126,34.137558,0.168245,0.193065,,,,0.279776,0.462154,0.853180,,,,,,
29529,0.283312,0.466502,0.849866,0.271646,0.473650,0.881964,0.607764,-0.377364,,,,,,,,,,,,0.283231,0.466372,0.847203,,,,,,
29532,,,,,,,,,0.466947,-0.652434,37.557861,37.062435,36.493877,33.079681,0.182364,0.221883,-0.002331,0.013482,0.032098,,,,,,,,,
29549,,,,,,,,,0.219740,0.000000,,,32.884117,30.011412,0.219396,0.253976,,,,0.286996,0.470706,0.844168,,,,,,
29552,,,,,,,,,0.659220,0.000000,,,34.203209,31.241573,0.206876,0.242839,,,,,,,,,,,,
29562,,,,,,,,,0.604285,0.000000,,,34.768551,32.276630,0.201781,0.233445,,,,,,,,,,,,
29570,,,,,,,,,0.604285,0.000000,,,35.244228,33.147526,0.197487,0.225519,,,,0.298766,0.483555,0.835158,,,,,,
29580,0.302809,0.488022,0.833579,0.291441,0.497494,0.875216,0.616235,-0.215619,,,37.917717,38.690529,34.555378,32.791214,0.208646,0.246543,-0.000630,0.014784,0.041637,0.302766,0.487917,0.832087,,,,,,
29583,,,,,,,,,0.466947,-0.652434,,,,,,,,,,,,,,,,,,
29589,,,,,,,,,,,,,,,,,,,,0.307156,0.492647,0.831973,,,,,,
29592,,,,,,,,,0.714155,0.000000,,,36.153954,34.669586,0.193013,0.228564,,,,,,,,,,,,
29600,,,,,,,,,0.631752,0.652435,,,36.409908,35.705505,0.190755,0.218802,,,,0.311318,0.497086,0.828948,,,,,,
29609,,,,,,,,,,,,,,,,,,,,0.315597,0.501756,0.831973,,,,,,
29615,,,,,,,,,0.521882,-0.652434,,,39.347984,38.210754,0.161088,0.193845,,,,,,,,,,,,
29620,,,,,,,,,0.714155,0.000000,,,36.919189,35.962326,0.185576,0.216875,,,,0.320002,0.506460,0.832000,,,,,,
29629,0.324838,0.511725,0.832079,,,,,,,,,,,,,,,,,0.324657,0.511475,0.831943,,,,,,
29632,,,,0.311486,0.521504,0.876446,0.623048,-0.054644,0.521882,0.652434,37.516415,39.297653,35.964691,35.704128,0.191418,0.226247,-0.001761,0.016456,0.044367,,,,,,,,,
29639,,,,,,,,,,,,,,,,,,,,0.329211,0.516334,0.834951,,,,,,
29642,,,,,,,,,0.769089,0.000000,,,37.884293,37.665054,0.172149,0.206964,,,,,,,,,,,,
29650,,,,,,,,,,,,,,,,,,,,0.333811,0.521059,0.834920,,,,,,
29655,,,,,,,,,0.521882,0.652434,,,40.588531,40.404064,0.144492,0.179353,,,,,,,,,,,,
29659,,,,,,,,,,,,,,,,,,,,0.338173,0.525798,0.834914,,,,,,
29662,,,,,,,,,0.714155,0.000000,,,37.418446,37.807777,0.176212,0.205614,,,,,,,,,,,,
29669,,,,,,,,,,,,,,,,,,,,0.342515,0.530328,0.834927,,,,,,
29672,,,,,,,,,0.631752,-0.652435,,,37.473850,37.801434,0.175667,0.205976,,,,,,,,,,,,
29679,0.346853,0.534805,0.837502,0.331512,0.545745,0.885448,0.627642,0.103151,,,,,,,,,,,,0.346893,0.534805,0.840988,,,,,,
29682,,,,,,,,,0.494415,1.304868,37.174068,39.987534,36.431381,37.251553,0.182817,0.218921,-0.002140,0.018720,0.047946,,,,,,,,,
29690,,,,,,,,,0.796557,0.652434,,,38.276962,38.967056,0.164140,0.201970,,,,0.351145,0.539478,0.844027,,,,,,
29700,,,,,,,,,0.631752,-0.652435,,,38.740749,39.321396,0.159189,0.198560,,,,0.355310,0.544128,0.844069,,,,,,
29709,,,,,,,,,,,,,,,,,,,,0.359536,0.548697,0.850122,,,,,,
29716,,,,,,,,,0.521882,0.652434,,,40.764610,42.342251,0.138232,0.167880,,,,,,,,,,,,
29719,,,,,,,,,,,,,,,,,,,,0.363913,0.553361,0.856221,,,,,,
29722,,,,,,,,,0.741622,0.652433,,,37.566597,39.438568,0.170134,0.197027,,,,,,,,,,,,
29729,0.368483,0.558465,0.857354,0.351245,0.570261,0.901926,0.629623,0.255937,,,,,,,,,,,,0.368229,0.558075,0.856187,,,,,,
29732,,,,,,,,,0.466947,0.652434,36.882473,40.413528,36.509418,38.084496,0.177864,0.215294,-0.002362,0.020753,0.044571,,,,,,,,,
29740,,,,,,,,,0.769089,1.304867,,,37.798080,39.667892,0.164795,0.199609,,,,0.372365,0.562531,0.862283,,,,,,
29749,,,,,,,,,,,,,,,,,,,,0.376692,0.567233,0.868363,,,,,,
29752,,,,,,,,,0.604285,0.000000,,,37.793274,39.911079,0.164661,0.197277,,,,,,,,,,,,
29759,,,,,,,,,,,,,,,,,,,,0.380648,0.571599,0.874481,,,,,,
29762,,,,,,,,,0.659220,0.000000,,,38.333775,40.115696,0.158965,0.195291,,,,,,,,,,,,
29775,,,,,,,,,0.466947,0.652434,,,36.610378,38.654228,0.176254,0.210257,,,,0.384612,0.576055,0.880668,,,,,,
29779,0.388058,0.580349,0.889897,0.370413,0.595078,0.925495,0.628776,0.401941,,,,,,,,,,,,0.388479,0.580714,0.889891,,,,,,
29782,,,,,,,,,0.686687,-0.652435,37.376003,41.360706,37.883030,39.058182,0.168361,0.216150,0.000337,0.022982,0.035598,,,,,,,,,
29789,,,,,,,,,,,,,,,,,,,,0.392397,0.585561,0.892947,,,,,,
29792,,,,,,,,,0.659220,2.609737,,,37.320210,40.487152,0.174000,0.202035,,,,,,,,,,,,
29800,,,,,,,,,0.604285,1.304869,,,36.846653,40.600403,0.178842,0.201055,,,,0.396446,0.590582,0.902110,,,,,,
29810,,,,,,,,,,,,,,,,,,,,0.400425,0.595581,0.908277,,,,,,
29816,,,,,,,,,0.549350,0.000000,,,36.448200,39.606606,0.183012,0.211343,,,,,,,,,,,,
29819,,,,,,,,,,,,,,,,,,,,0.404438,0.600480,0.914429,,,,,,
29822,,,,,,,,,0.686687,0.652435,,,37.202030,40.404057,0.175508,0.203560,,,,,,,,,,,,
29830,0.408283,0.605447,0.920817,0.388755,0.620194,0.955646,0.625056,0.539100,,,36.673111,41.367580,36.202671,39.441399,0.178567,0.213641,-0.000078,0.024470,0.034829,0.408195,0.605271,0.920662,,,,,,
29833,,,,,,,,,0.521882,0.652434,,,,,,,,,,,,,,,,,,
29840,,,,,,,,,0.741622,0.652433,,,37.539986,40.809593,0.165021,0.200070,,,,0.412020,0.610183,0.929941,,,,,,
29849,,,,,,,,,,,,,,,,,,,,0.415754,0.615006,0.936157,,,,,,
29852,,,,,,,,,0.631752,0.652435,,,37.576115,40.871704,0.164479,0.199549,,,,,,,,,,,,
29859,,,,,,,,,,,,,,,,,,,,0.419432,0.619798,0.942475,,,,,,
29862,,,,,,,,,0.631752,0.652435,,,37.606514,40.923965,0.163988,0.199115,,,,,,,,,,,,
29870,,,,,,,,,,,,,,,,,,,,0.423189,0.624946,0.948645,,,,,,
29875,,,,,,,,,0.521882,0.652434,,,36.543003,39.878853,0.174649,0.209863,,,,,,,,,,,,
29879,0.426840,0.629936,0.954658,0.406034,0.645581,0.991734,0.618558,0.664813,,,,,,,,,,,,0.427125,0.630253,0.954770,,,,,,
29882,,,,,,,,,0.576817,0.652434,36.115387,41.570114,36.192711,39.544037,0.172559,0.215642,0.000745,0.026021,0.037076,,,,,,,,,
29890,,,,,,,,,0.714154,1.304868,,,36.987061,40.895950,0.164442,0.202258,,,,0.430896,0.635384,0.964099,,,,,,
29900,,,,,,,,,0.659220,1.304869,,,37.110882,40.944366,0.163004,0.201899,,,,0.434508,0.640646,0.970361,,,,,,
29910,,,,,,,,,0.631752,0.652435,,,37.215065,40.985104,0.161743,0.201609,,,,0.438046,0.645664,0.979873,,,,,,
29919,,,,,,,,,,,,,,,,,,,,0.441509,0.650831,0.986108,,,,,,
29922,,,,,,,,,0.604285,0.000000,,,37.302727,41.019379,0.160628,0.201376,,,,,,,,,,,,
29929,0.444989,0.655847,0.989230,0.422046,0.671182,1.032946,0.609472,0.775976,,,,,,,,,,,,0.445058,0.655957,0.992397,,,,,,
29932,,,,,,,,,0.494415,1.304868,34.966637,41.263264,35.742855,39.959133,0.164584,0.209171,0.000211,0.027595,0.043716,,,,,,,,,
29940,,,,,,,,,0.714154,1.304868,,,36.608551,41.245213,0.155599,0.196314,,,,0.448632,0.661103,1.004968,,,,,,
29949,,,,,,,,,,,,,,,,,,,,0.452175,0.666267,1.011256,,,,,,
29952,,,,,,,,,0.631752,0.652435,,,36.792404,41.238235,0.153395,0.196388,,,,,,,,,,,,
29960,,,,,,,,,0.604285,1.304869,,,36.402557,41.232365,0.157007,0.196453,,,,0.455720,0.671693,1.020736,,,,,,
29969,,,,,,,,,,,,,,,,,,,,0.459257,0.677211,1.030200,,,,,,
29975,,,,,,,,,0.494415,1.304868,,,34.985451,40.138336,0.171174,0.207618,,,,,,,,,,,,
29979,0.462408,0.682301,1.040987,0.436623,0.696905,1.078300,0.598034,0.869203,,,,,,,,,,,,0.462820,0.682794,1.039753,,,,,,
29982,,,,,,,,,0.576817,0.652434,33.959175,40.501694,34.882187,39.762367,0.161947,0.203910,-0.000429,0.029630,0.037313,,,,,,,,,
29990,,,,,,,,,0.741622,0.652433,,,36.428928,41.079655,0.145986,0.190622,,,,0.466237,0.688174,1.049336,,,,,,
29999,,,,,,,,,,,,,,,,,,,,0.469384,0.693499,1.062143,,,,,,
30002,,,,,,,,,0.604285,1.304869,,,36.096729,41.098934,0.148881,0.190310,,,,,,,,,,,,
30009,,,,,,,,,,,,,,,,,,,,0.472485,0.698683,1.071807,,,,,,
30012,,,,,,,,,0.631752,1.957303,,,35.817215,41.115158,0.151304,0.190025,,,,,,,,,,,,
30020,,,,,,,,,0.604285,1.304869,,,35.582031,41.128807,0.153331,0.189763,,,,0.475583,0.703906,1.084693,,,,,,
30029,0.478392,0.709118,1.098393,0.449649,0.722635,1.126671,0.584465,0.941247,,,,,,,,,,,,0.478535,0.709143,1.097678,,,,,,
30032,,,,,,,,,0.466947,0.652434,32.929943,39.512680,34.295063,40.051205,0.155636,0.190541,-0.001042,0.031746,0.028278,,,,,,,,,
30039,,,,,,,,,,,,,,,,,,,,0.481414,0.714446,1.110757,,,,,,
30042,,,,,,,,,0.714154,1.304868,,,35.390381,41.322681,0.144190,0.177464,,,,,,,,,,,,
30050,,,,,,,,,0.631752,0.652435,,,35.767437,41.303417,0.139852,0.177299,,,,0.484316,0.720009,1.120467,,,,,,
30059,,,,,,,,,,,,,,,,,,,,0.487009,0.725377,1.130262,,,,,,
30062,,,,,,,,,0.604285,1.304869,,,34.995605,41.287209,0.147158,0.177106,,,,,,,,,,,,
30069,,,,,,,,,,,,,,,,,,,,0.489598,0.730787,1.146711,,,,,,
30072,,,,,,,,,0.549350,1.304868,,,34.890728,40.729027,0.147814,0.182444,,,,,,,,,,,,
30080,0.491915,0.736126,1.157224,0.461054,0.748225,1.176842,0.568922,0.989585,0.494415,1.304868,31.924667,38.432129,,,,,-0.001324,0.033122,0.019618,0.492082,0.736324,1.156638,,,,,,
30083,,,,,,,,,,,,,33.713398,39.714828,0.149177,0.181524,,,,,,,,,,,,
30089,,,,,,,,,,,,,,,,,,,,0.494424,0.741493,1.163287,,,,,,
30095,,,,,,,,,0.576817,0.652434,,,33.811882,39.406025,0.147815,0.184418,,,,,,,,,,,,
30099,,,,,,,,,,,,,,,,,,,,0.496828,0.746813,1.176569,,,,,,
30102,,,,,,,,,0.714154,1.304868,,,34.439289,40.779827,0.141038,0.170210,,,,,,,,,,,,
30110,,,,,,,,,0.549350,1.304868,,,34.422646,40.302116,0.140704,0.174613,,,,0.499182,0.752042,1.186595,,,,,,
30119,,,,,,,,,,,,,,,,,,,,0.501520,0.757245,1.196663,,,,,,
30122,,,,,,,,,0.604285,1.304869,,,34.408642,40.444714,0.140348,0.172785,,,,,,,,,,,,
30129,0.503745,0.762760,1.208007,,,,,,,,,,,,,,,,,0.503796,0.762632,1.206685,,,,,,
30132,,,,0.470819,0.773495,1.227548,0.551461,1.012907,0.439480,1.304869,30.689346,37.302563,32.763229,38.931065,0.144034,0.176300,-0.001649,0.034592,0.019541,,,,,,,,,
30140,,,,,,,,,0.686687,0.652435,,,33.556953,39.835655,0.135523,0.166747,,,,0.506025,0.768220,1.216756,,,,,,
30149,,,,,,,,,,,,,,,,,,,,0.508165,0.773728,1.226858,,,,,,
30152,,,,,,,,,0.549350,1.304868,,,33.680248,39.507690,0.133692,0.169586,,,,,,,,,,,,
30159,,,,,,,,,,,,,,,,,,,,0.510274,0.779065,1.237031,,,,,,
30162,,,,,,,,,0.494415,1.304868,,,32.694901,38.687199,0.143144,0.177514,,,,,,,,,,,,
30170,,,,,,,,,0.576817,0.652434,,,32.954918,38.541378,0.140091,0.178724,,,,0.512422,0.784542,1.247170,,,,,,
30179,0.514361,0.789917,1.256025,0.478977,0.798256,1.277603,0.532027,1.011449,,,,,,,,,,,,0.514440,0.789919,1.257437,,,,,,
30182,,,,,,,,,0.439480,1.304869,29.064787,35.721031,31.540066,37.329597,0.137499,0.174705,-0.003026,0.036227,0.021578,,,,,,,,,
30189,,,,,,,,,,,,,,,,,,,,0.516368,0.795316,1.271158,,,,,,
30195,,,,,,,,,0.686687,-1.957303,,,34.161411,40.666351,0.110266,0.140348,,,,,,,,,,,,
30200,,,,,,,,,0.494415,3.914605,,,32.010666,37.483921,0.131184,0.171820,,,,0.518192,0.800520,1.284936,,,,,,
30210,,,,,,,,,0.549350,1.304868,,,31.834660,37.528942,0.132391,0.171008,,,,0.519919,0.805856,1.295341,,,,,,
30220,,,,,,,,,0.549350,1.304868,,,31.686567,37.566822,0.133347,0.170260,,,,0.521492,0.811053,1.309278,,,,,,
30231,0.521537,0.811493,1.310283,0.485605,0.822292,1.325926,0.510474,0.987080,0.439480,1.304869,29.080837,35.384056,30.472876,36.509609,0.145366,0.177238,0.001179,0.037501,0.015643,0.522852,0.816244,1.323298,,,,,,
30240,,,,,,,,,0.659220,1.304869,,,31.085306,37.798241,0.138841,0.163869,,,,0.524132,0.821401,1.333815,,,,,,
30249,,,,,,,,,,,,,,,,,,,,0.525451,0.826603,1.344432,,,,,,
30252,,,,,,,,,0.494415,1.304868,,,31.056061,37.248867,0.138738,0.168989,,,,,,,,,,,,
30260,,,,,,,,,0.549350,1.304868,,,31.031454,37.331165,0.138594,0.167777,,,,0.526804,0.831810,1.358654,,,,,,
30270,,,,,,,,,0.576817,0.652434,,,31.010750,37.400414,0.138415,0.166681,,,,0.527988,0.836859,1.372889,,,,,,
30280,0.529039,0.841642,1.380258,0.490818,0.845390,1.371637,0.486607,0.942988,0.384545,1.304868,26.768349,32.053432,,,0.125728,0.148374,-0.003559,0.038239,-0.008621,0.529096,0.841839,1.383680,,,,,,
30283,,,,,,,,,,,,,29.904243,35.825050,,,,,,,,,,,,,,
30290,,,,,,,,,,,,,,,,,,,,0.530147,0.846831,1.390878,,,,,,
30295,,,,,,,,,0.549350,1.304868,,,30.062315,36.133167,0.123489,0.144477,,,,,,,,,,,,
30300,,,,,,,,,0.549350,1.304868,,,30.195316,36.392418,0.121473,0.141017,,,,0.531259,0.851882,1.405429,,,,,,
30310,,,,,,,,,0.466947,0.652434,,,29.762680,35.521465,0.125201,0.149033,,,,0.532241,0.856910,1.420036,,,,,,
30319,,,,,,,,,,,,,,,,,,,,0.533229,0.861815,1.430904,,,,,,
30322,,,,,,,,,0.494415,1.304868,,,29.398661,35.333187,0.128315,0.150260,,,,,,,,,,,,
30330,0.534032,0.866824,1.438897,0.494763,0.867336,1.414062,0.460237,0.883229,0.412012,0.652434,25.199696,29.692627,,,,,-0.004657,0.038995,-0.024835,0.534131,0.866895,1.438294,,,,,,
30333,,,,,,,,,,,,,28.547831,34.085686,0.120467,0.138248,,,,,,,,,,,,
30340,,,,,,,,,0.549350,1.304868,,,28.921030,34.669666,0.115991,0.131413,,,,0.534874,0.871712,1.445618,,,,,,
30349,,,,,,,,,,,,,,,,,,,,0.535615,0.876687,1.456673,,,,,,
30352,,,,,,,,,0.466947,0.652434,,,28.690496,34.071941,0.117598,0.136514,,,,,,,,,,,,
30360,,,,,,,,,0.466947,0.652434,,,28.496525,33.569016,0.118878,0.140768,,,,0.536265,0.881612,1.464143,,,,,,
30369,,,,,,,,,,,,,,,,,,,,0.536934,0.886479,1.471556,,,,,,
30372,,,,,,,,,0.466947,0.652434,,,28.333319,33.145855,0.119884,0.144309,,,,,,,,,,,,
30379,0.537480,0.891057,1.478372,0.497608,0.887925,1.452741,0.431247,0.812156,,,,,,,,,,,,0.537551,0.891152,1.479001,,,,,,
30382,,,,,,,,,0.384545,1.304868,22.975710,27.088415,27.106911,32.245262,0.109082,0.126242,-0.006798,0.039413,-0.025631,,,,,,,,,
30390,,,,,,,,,,,,,,,,,,,,0.538026,0.895948,1.486540,,,,,,
30395,,,,,,,,,0.494415,0.000000,,,29.342270,32.032047,0.085455,0.127385,,,,,,,,,,,,
30400,,,,,,,,,0.494415,1.304868,,,27.411299,31.852650,0.103877,0.128226,,,,0.538381,0.900510,1.494071,,,,,,
30409,,,,,,,,,,,,,,,,,,,,0.538746,0.905081,1.497811,,,,,,
30412,,,,,,,,,0.412012,0.652434,,,26.875666,31.701704,0.108454,0.128813,,,,,,,,,,,,
30420,,,,,,,,,0.412012,0.652434,,,26.424984,31.030155,0.112271,0.134740,,,,0.539074,0.909627,1.505381,,,,,,
30429,0.539441,0.913856,1.512786,0.499531,0.906966,1.487401,0.399635,0.733928,,,,,,,,,,,,0.539478,0.914063,1.512950,,,,,,
30432,,,,,,,,,0.357077,0.652434,20.524046,24.243505,25.501238,29.920570,0.095996,0.116251,-0.009192,0.039444,-0.025384,,,,,,,,,
30440,,,,,,,,,0.466947,0.652434,,,25.813084,30.076054,0.091820,0.113530,,,,0.539744,0.918301,1.520554,,,,,,
30450,,,,,,,,,0.357077,0.652434,,,24.986385,29.117790,0.099194,0.122138,,,,0.539962,0.922537,1.528226,,,,,,
30460,,,,,,,,,0.412012,0.652434,,,24.835344,28.856050,0.099843,0.123833,,,,0.540138,0.926625,1.535906,,,,,,
30469,,,,,,,,,,,,,,,,,,,,0.540324,0.930767,1.543595,,,,,,
30472,,,,,,,,,0.384545,1.304868,,,24.163715,28.635822,0.105831,0.125156,,,,,,,,,,,,
30480,0.540505,0.934686,1.553563,0.500713,0.924308,1.517956,0.365574,0.652224,0.302142,0.652434,18.188717,21.256388,,,,,-0.011063,0.039607,-0.035607,0.540554,0.934834,1.551322,,,,,,
30483,,,,,,,,,,,,,23.054062,27.361437,0.092601,0.106808,,,,,,,,,,,,
30490,,,,,,,,,,,,,,,,,,,,0.540753,0.938615,1.559090,,,,,,
30496,,,,,,,,,0.494415,2.609737,,,24.843117,29.011885,0.073380,0.088753,,,,,,,,,,,,
30500,,,,,,,,,0.329610,-1.304868,,,22.536625,26.588768,0.095575,0.111917,,,,0.540883,0.942528,1.566901,,,,,,
30510,,,,,,,,,0.357077,0.652434,,,22.229572,26.183588,0.097837,0.114984,,,,0.540960,0.946200,1.574324,,,,,,
30520,,,,,,,,,0.302142,0.652434,,,21.971218,25.842670,0.099664,0.117476,,,,0.540983,0.949851,1.582043,,,,,,
30530,0.540947,0.953221,1.589426,0.501327,0.939826,1.544433,0.329410,0.570032,,,15.768781,18.247543,21.209295,25.011278,0.081996,0.094348,-0.012655,0.039863,-0.044993,0.540987,0.953535,1.589723,,,,,,
30533,,,,,,,,,0.302142,0.652434,,,,,,,,,,,,,,,,,,
30540,,,,,,,,,0.384545,1.304868,,,21.112757,25.400831,0.081893,0.089022,,,,0.540979,0.957020,1.593598,,,,,,
30550,,,,,,,,,,,,,,,,,,,,0.541074,0.960428,1.601324,,,,,,
30555,,,,,,,,,0.274675,0.000000,,,21.576073,24.094973,0.076098,0.100911,,,,,,,,,,,,
30560,,,,,,,,,0.357077,0.652434,,,20.332277,24.085310,0.087623,0.099840,,,,0.541141,0.963811,1.608929,,,,,,
30570,,,,,,,,,0.302142,0.652434,,,19.830292,23.532637,0.091831,0.104310,,,,0.541052,0.967145,1.616598,,,,,,
30580,0.540922,0.970073,1.620646,0.501531,0.953445,1.566979,0.291671,0.489665,0.247207,0.652434,13.104993,15.063799,,,,,-0.014645,0.040171,-0.053667,0.540968,0.970234,1.620518,,,,,,
30583,,,,,,,,,,,,,18.863379,22.523073,0.073710,0.081076,,,,,,,,,,,,
30589,,,,,,,,,,,,,,,,,,,,0.540928,0.973378,1.628056,,,,,,
30592,,,,,,,,,0.329610,1.304868,,,18.594360,22.762712,0.075303,0.077140,,,,,,,,,,,,
30599,,,,,,,,,,,,,,,,,,,,0.540916,0.976388,1.635749,,,,,,
30602,,,,,,,,,0.274675,0.000000,,,18.368008,21.875259,0.076514,0.084652,,,,,,,,,,,,
30610,,,,,,,,,,,,,,,,,,,,0.540791,0.979424,1.643322,,,,,,
30616,,,,,,,,,0.357077,0.652434,,,18.722099,22.217642,0.071849,0.079798,,,,,,,,,,,,
30620,,,,,,,,,0.164805,0.000000,,,17.386402,20.327551,0.084350,0.097646,,,,0.540681,0.982380,1.650680,,,,,,
30630,0.540511,0.984661,1.651516,0.501466,0.965127,1.585794,0.253033,0.412804,,,10.466659,11.913134,,,,,-0.016322,0.040493,-0.065722,0.540513,0.985243,1.654344,,,,,,
30633,,,,,,,,,0.219740,1.304868,,,16.262547,19.826315,0.068046,0.069569,,,,,,,,,,,,
30640,,,,,,,,,0.302142,0.652434,,,16.406021,19.404575,0.065423,0.072288,,,,0.540342,0.988050,1.657997,,,,,,
30649,,,,,,,,,,,,,,,,,,,,0.540034,0.990782,1.661646,,,,,,
30652,,,,,,,,,0.219740,0.000000,,,15.982197,19.049723,0.068559,0.074409,,,,,,,,,,,,
30659,,,,,,,,,,,,,,,,,,,,0.539664,0.993367,1.665259,,,,,,
30662,,,,,,,,,0.219740,0.000000,,,15.625591,18.206608,0.071093,0.081582,,,,,,,,,,,,
30675,,,,,,,,,0.164805,0.000000,,,15.870087,18.586296,0.067567,0.076450,,,,0.539352,0.995990,1.665004,,,,,,
30679,0.539206,0.998086,1.667166,0.501244,0.974882,1.601134,0.214292,0.340653,,,,,,,,,,,,0.539149,0.998564,1.668599,,,,,,
30682,,,,,,,,,0.274675,1.304868,7.310159,8.480692,14.442175,16.727592,0.048855,0.059063,-0.019444,0.040019,-0.066032,,,,,,,,,
30689,,,,,,,,,,,,,,,,,,,,0.538938,1.001057,1.672046,,,,,,
30692,,,,,,,,,0.192272,-0.652434,,,14.329817,16.252768,0.048575,0.062257,,,,,,,,,,,,
30700,,,,,,,,,0.164805,0.000000,,,13.690736,15.308706,0.053689,0.070332,,,,0.538721,1.003418,1.671891,,,,,,
30709,,,,,,,,,,,,,,,,,,,,0.538521,1.005740,1.671593,,,,,,
30716,,,,,,,,,0.137337,0.652434,,,13.697556,15.603459,0.052344,0.065960,,,,,,,,,,,,
30720,,,,,,,,,0.192272,0.652434,,,12.069665,14.217835,0.067671,0.078669,,,,0.538328,1.008042,1.674780,,,,,,
30730,0.538203,1.009525,1.683711,0.500956,0.982777,1.613298,0.176336,0.274071,0.192272,0.652434,4.258290,5.139989,,,,,-0.022381,0.040024,-0.070413,0.538209,1.009697,1.682239,,,,,,
30733,,,,,,,,,,,,,11.789044,14.141058,0.038452,0.044230,,,,0.538209,1.009697,1.682239,,,,,,
30739,,,,,,,,,,,,,,,,,,,,0.538095,1.011029,1.686313,,,,,,
30742,,,,,,,,,0.164805,0.000000,,,11.552930,13.531914,0.039354,0.048643,,,,,,,,,,,,
30749,,,,,,,,,,,,,,,,,,,,0.537950,1.012323,1.690157,,,,,,
30752,,,,,,,,,0.109870,0.000000,,,10.809720,12.474836,0.045476,0.057746,,,,0.537950,1.012323,1.690157,,,,,,
30760,,,,,,,,,0.137337,0.652434,,,10.184383,12.129955,0.050544,0.059797,,,,0.537840,1.013440,1.694341,,,,,,
30769,,,,,,,,,,,,,,,,,,,,0.537647,1.014755,1.694038,,,,,,
30775,,,,,,,,,0.082402,0.652434,,,9.113682,11.295229,0.060280,0.066913,,,,,,,,,,,,
30779,0.537560,1.015638,1.699467,0.500667,0.988916,1.622604,0.140069,0.213657,,,,,,,,,,,,0.537549,1.015823,1.697922,,,,,,
30782,,,,,,,,,0.137337,0.652434,2.295399,2.917539,8.757337,11.137434,0.042922,0.044623,-0.021767,0.040016,-0.076863,0.537549,1.015823,1.697922,,,,,,
30789,,,,,,,,,,,,,,,,,,,,0.537377,1.016994,1.705110,,,,,,
30792,,,,,,,,,0.109870,0.000000,,,8.457508,10.460122,0.044688,0.049888,,,,,,,,,,,,
30800,,,,,,,,,0.082402,0.652434,,,7.660689,9.890232,0.051583,0.054192,,,,0.537305,1.017956,1.708957,,,,,,
30810,,,,,,,,,,,,,,,,,,,,0.537216,1.018962,1.716128,,,,,,
30818,,,,,,,,,0.164805,0.000000,,,8.079332,9.955270,0.046240,0.052134,,,,0.537113,1.019899,1.719769,,,,,,
30822,,,,,,,,,0.027467,0.652434,,,6.797949,8.920906,0.058153,0.061277,,,,,,,,,,,,
30829,0.537048,1.020469,1.727533,0.500415,0.993465,1.629413,0.106380,0.159868,,,,,,,,,,,,0.537019,1.020787,1.727116,,,,,,
30832,,,,,,,,,0.027467,0.652434,0.563678,0.882577,5.719794,8.050592,0.050586,0.048197,-0.020955,0.040399,-0.098120,0.537019,1.020787,1.727116,,,,,,
30839,,,,,,,,,,,,,,,,,,,,0.536914,1.021580,1.733888,,,,,,
30842,,,,,,,,,0.082402,0.652434,,,5.357177,7.862854,0.053254,0.048678,,,,,,,,,,,,
30850,,,,,,,,,,,,,,,,,,,,0.536836,1.022122,1.744778,,,,,,
30855,,,,,,,,,0.054935,0.000000,,,5.052071,7.704891,0.055407,0.048893,,,,,,,,,,,,
30860,,,,,,,,,0.082402,0.652434,,,4.250812,7.027437,0.062682,0.054439,,,,0.536760,1.022715,1.752141,,,,,,
30869,,,,,,,,,,,,,,,,,,,,0.536732,1.023191,1.756068,,,,,,
30872,,,,,,,,,0.054935,1.304868,,,4.121176,7.001971,0.063267,0.053470,,,,,,,,,,,,
30880,0.536691,1.023656,1.762339,0.500225,0.996587,1.634043,0.076115,0.113112,0.054935,0.000000,-0.842782,-0.764093,,,,,-0.019632,0.040952,-0.128296,0.536705,1.023701,1.759551,,,,,,
30883,,,,,,,,,,,,,4.012100,6.436001,0.049323,0.041223,,,,,,,,,,,,
30890,,,,,,,,,0.027467,0.652434,,,3.375780,5.959794,0.054842,0.044640,,,,0.536624,1.023925,1.763287,,,,,,
30899,,,,,,,,,,,,,,,,,,,,0.536563,1.024135,1.767038,,,,,,
30902,,,,,,,,,0.027467,0.652434,,,2.840381,5.559113,0.059459,0.047382,,,,0.536563,1.024135,1.767038,,,,,,
30910,,,,,,,,,,,,,,,,,,,,0.536589,1.024234,1.770750,,,,,,
30916,,,,,,,,,0.027467,0.652434,,,2.389896,5.221980,0.063318,0.049556,,,,,,,,,,,,
30920,,,,,,,,,0.027467,0.652434,,,2.010858,4.938316,0.066537,0.051252,,,,0.536612,1.024312,1.774591,,,,,,
30929,0.536606,1.024378,1.782919,0.500099,0.998534,1.636913,0.050045,0.073794,,,,,,,,,,,,0.536624,1.024321,1.781816,,,,,,
30932,,,,,,,,,-0.000000,0.000000,-1.846163,-1.852621,1.691936,4.155099,0.058985,0.046998,-0.017578,0.041130,-0.146006,0.536624,1.024321,1.781816,,,,,,
30939,,,,,,,,,,,,,,,,,,,,0.536662,1.024195,1.785566,,,,,,
30942,,,,,,,,,0.054935,1.304868,,,1.423595,4.585186,0.061015,0.041409,,,,,,,,,,,,
30949,,,,,,,,,,,,,,,,,,,,0.536715,1.024050,1.792765,,,,,,
30955,,,,,,,,,0.027467,0.652434,,,1.197812,3.857975,0.062664,0.047539,,,,,,,,,,,,
30959,,,,,,,,,,,,,,,,,,,,0.536804,1.023736,1.796384,,,,,,
30962,,,,,,,,,-0.000000,0.000000,,,1.007839,3.790643,0.063993,0.047084,,,,,,,,,,,,
30969,,,,,,,,,,,,,,,,,,,,0.536875,1.023382,1.800198,,,,,,
30972,,,,,,,,,-0.000000,0.000000,,,0.847996,3.189446,0.065052,0.052088,,,,,,,,,,,,
30979,0.536933,1.023035,1.802177,0.500030,0.999559,1.638418,0.028849,0.042332,,,,,,,,,,,,0.536963,1.022912,1.803942,,,,,,
30982,,,,,,,,,0.027467,0.652434,-2.249279,-2.285891,0.713503,3.228143,0.061773,0.046265,-0.014388,0.041304,-0.163760,,,,,,,,,
30989,,,,,,,,,,,,,,,,,,,,0.537085,1.022278,1.811151,,,,,,
30992,,,,,,,,,-0.000000,0.000000,,,0.600342,2.716159,0.062335,0.050384,,,,,,,,,,,,
30999,,,,,,,,,,,,,,,,,,,,0.537283,1.021664,1.814748,,,,,,
31002,,,,,,,,,0.027467,0.652434,,,0.505127,2.829919,0.062736,0.048224,,,,,,,,,,,,
31009,,,,,,,,,,,,,,,,,,,,0.537408,1.021123,1.814842,,,,,,
31016,,,,,,,,,-0.000000,0.000000,,,0.425014,2.381093,0.063003,0.051779,,,,,,,,,,,,
31019,,,,,,,,,,,,,,,,,,,,0.537372,1.021125,1.814815,,,,,,
31022,,,,,,,,,-0.000000,0.000000,,,0.357607,2.003452,0.063155,0.054697,,,,,,,,,,,,
31031,0.537335,1.021285,1.813754,0.500004,0.999946,1.638986,0.013109,0.019186,-0.000000,0.000000,-2.479723,-2.505578,0.300890,1.685704,0.060862,0.054839,-0.011731,0.041368,-0.174768,0.537350,1.021283,1.814748,,,,,,
31040,,,,,,,,,0.027467,0.652434,,,0.253169,1.962894,0.060793,0.051174,,,,0.537363,1.021351,1.818217,,,,,,
31049,,,,,,,,,,,,,,,,,,,,0.537387,1.021240,1.818259,,,,,,
31052,,,,,,,,,-0.000000,0.000000,,,0.213016,1.651579,0.060655,0.053456,,,,,,,,,,,,
31059,,,,,,,,,,,,,,,,,,,,0.537466,1.021043,1.821830,,,,,,
31062,,,,,,,,,-0.000000,0.000000,,,0.179232,1.389638,0.060462,0.055296,,,,,,,,,,,,
31070,,,,,,,,,,,,,,,,,,,,0.537445,1.021095,1.821800,,,,,,
31075,,,,,,,,,-0.000000,0.000000,,,0.150806,1.169241,0.060220,0.056765,,,,,,,,,,,,
31079,0.537383,1.021287,1.821124,0.500000,1.000000,1.639065,0.003347,0.004889,,,,,,,,,,,,0.537387,1.021288,1.821799,,,,,,
31082,,,,,,,,,-0.000000,0.000000,-2.986123,-2.994278,0.126888,0.983800,0.054772,0.052937,-0.011363,0.041491,-0.182059,,,,,,,,,
31090,,,,,,,,,0.027467,0.652434,,,0.106764,1.372312,0.054355,0.048178,,,,0.537364,1.021453,1.825265,,,,,,
31099,,,,,,,,,,,,,,,,,,,,0.537361,1.021514,1.825265,,,,,,
31102,,,,,,,,,-0.000000,0.000000,,,0.089831,1.154663,0.053909,0.049525,,,,,,,,,,,,
31110,,,,,,,,,-0.000000,0.000000,,,0.075584,0.971533,0.053439,0.050563,,,,0.537342,1.021543,1.828760,,,,,,
31119,,,,,,,,,,,,,,,,,,,,0.537341,1.021578,1.828760,,,,,,
31122,,,,,,,,,-0.000000,0.000000,,,0.063596,0.817448,0.052949,0.051342,,,,,,,,,,,,
31129,0.537357,1.021581,1.828119,0.500000,1.000000,1.639065,0.000000,0.000000,,,,,,,,,,,,0.537355,1.021608,1.828760,,,,,,
31132,,,,,,,,,-0.000000,0.000000,-3.195956,-3.195956,0.053510,0.687801,0.050302,0.049845,-0.011363,0.041619,-0.189054,,,,,,,,,
31139,,,,,,,,,,,,,,,,,,,,0.537338,1.021672,1.832251,,,,,,
31142,,,,,,,,,-0.000000,0.000000,,,0.045023,0.578715,0.049738,0.050181,,,,,,,,,,,,
31149,,,,,,,,,,,,,,,,,,,,0.537342,1.021681,1.832251,,,,,,
31152,,,,,,,,,-0.000000,0.000000,,,0.037882,0.486931,0.049163,0.050362,,,,0.537342,1.021681,1.832251,,,,,,
31160,,,,,,,,,-0.000000,0.000000,,,0.031874,0.409704,0.048578,0.050413,,,,0.537351,1.021644,1.828760,,,,,,
31169,,,,,,,,,,,,,,,,,,,,0.537355,1.021605,1.828760,,,,,,
31175,,,,,,,,,-0.000000,0.000000,,,0.026819,0.344725,0.047984,0.050355,,,,,,,,,,,,
31179,0.537356,1.021614,1.831936,0.500000,1.000000,1.639065,0.000000,0.000000,,,,,,,,,,,,0.537355,1.021617,1.832286,,,,,,
31182,,,,,,,,,-0.000000,0.000000,-3.160295,-3.160295,0.022565,0.290051,0.047746,0.050568,-0.011237,0.041669,-0.192872,,,,,,,,,
31190,,,,,,,,,-0.000000,0.000000,,,0.018987,0.244049,0.047146,0.050347,,,,0.537359,1.021617,1.828760,,,,,,
31199,,,,,,,,,,,,,,,,,,,,0.537362,1.021656,1.832287,,,,,,
31202,,,,,,,,,-0.000000,0.000000,,,0.015975,0.205343,0.046541,0.050061,,,,,,,,,,,,
31209,,,,,,,,,,,,,,,,,,,,0.537357,1.021643,1.828760,,,,,,
31212,,,,,,,,,-0.000000,0.000000,,,0.013442,0.172775,0.045932,0.049720,,,,,,,,,,,,
31220,,,,,,,,,-0.000000,0.000000,,,0.011310,0.145373,0.045319,0.049333,,,,0.537358,1.021635,1.832251,,,,,,
31229,0.537356,1.021618,1.829026,0.500000,1.000000,1.639065,0.000000,0.000000,,,,,,,,,,,,0.537356,1.021619,1.828760,,,,,,
31232,,,,,,,,,-0.000000,0.000000,-3.195571,-3.195571,0.009516,0.122317,0.044343,0.048547,-0.011362,0.041638,-0.189961,,,,,,,,,
31241,,,,,,,,,-0.000000,0.000000,,,0.008007,0.102918,0.043717,0.048081,,,,0.537355,1.021637,1.832251,,,,,,
31249,,,,,,,,,,,,,,,,,,,,0.537353,1.021637,1.828760,,,,,,
31252,,,,,,,,,-0.000000,0.000000,,,0.006737,0.086595,0.043089,0.047588,,,,,,,,,,,,
31259,,,,,,,,,,,,,,,,,,,,0.537353,1.021650,1.832251,,,,,,
31262,,,,,,,,,-0.000000,0.000000,,,0.005668,0.072861,0.042460,0.047072,,,,,,,,,,,,
31269,,,,,,,,,,,,,,,,,,,,0.537355,1.021638,1.828760,,,,,,
31275,,,,,,,,,-0.000000,0.000000,,,0.004769,0.061305,0.041829,0.046536,,,,,,,,,,,,
31280,0.537351,1.021626,1.828782,0.500000,1.000000,1.639065,0.000000,0.000000,-0.000000,0.000000,-3.200829,-3.200829,,,,,-0.011381,0.041632,-0.189717,0.537350,1.021627,1.828760,,,,,,
31283,,,,,,,,,,,,,0.004013,0.051582,0.041143,0.045930,,,,0.537350,1.021627,1.828760,,,,,,
31286,,,,,,,,,,,,,,,,,,,,0.537350,1.021627,1.828760,,,,,,
31289,,,,,,,,,,,,,,,,,,,,0.537356,1.021629,1.828760,,,,,,
31292,,,,,,,,,-0.000000,0.000000,,,0.003377,0.043401,0.040508,0.045363,,,,,,,,,,,,
31299,,,,,,,,,,,,,,,,,,,,0.537351,1.021653,1.832251,,,,,,
31302,,,,,,,,,-0.000000,0.000000,,,0.002841,0.036518,0.039873,0.044785,,,,0.537351,1.021653,1.832251,,,,,,
31310,,,,,,,,,,,,,,,,,,,,0.537358,1.021639,1.828760,,,,,,
31316,,,,,,,,,-0.000000,0.000000,,,0.002390,0.030726,0.039237,0.044196,,,,,,,,,,,,
31319,,,,,,,,,,,,,,,,,,,,0.537353,1.021651,1.832251,,,,,,
31322,,,,,,,,,-0.000000,0.000000,,,0.002011,0.025853,0.038600,0.043600,,,,,,,,,,,,
31330,0.537355,1.021646,1.831959,0.500000,1.000000,1.639065,0.000000,0.000000,-0.000000,0.000000,-3.168885,-3.168885,,,,,-0.011267,0.041677,-0.192894,0.537355,1.021648,1.832251,,,,,,
31333,,,,,,,,,,,,,0.001692,0.021753,0.038288,0.043322,,,,,,,,,,,,
31340,,,,,,,,,-0.000000,0.000000,,,0.001424,0.018303,0.037657,0.042719,,,,0.537354,1.021653,1.832251,,,,,,
31350,,,,,,,,,-0.000000,0.000000,,,0.001198,0.015400,0.037025,0.042111,,,,0.537355,1.021654,1.832251,,,,,,
31360,,,,,,,,,-0.000000,0.000000,,,0.001008,0.012957,0.036393,0.041499,,,,0.537356,1.021653,1.832251,,,,,,
31370,,,,,,,,,,,,,,,,,,,,0.537352,1.021653,1.832251,,,,,,
31375,,,,,,,,,-0.000000,0.000000,,,0.000848,0.010902,0.035761,0.040884,,,,,,,,,,,,
31380,0.537359,1.021635,1.829028,0.500000,1.000000,1.639065,0.000000,0.000000,-0.000000,0.000000,-3.199731,-3.199731,,,0.034814,0.039951,-0.011377,0.041646,-0.189963,0.537360,1.021634,1.828760,,,,,,
31383,,,,,,,,,,,,,0.000714,0.009173,,,,,,,,,,,,,,
31389,,,,,,,,,,,,,,,,,,,,0.537349,1.021631,1.828760,,,,,,
31392,,,,,,,,,-0.000000,0.000000,,,0.000600,0.007718,0.034175,0.039324,,,,,,,,,,,,
31400,,,,,,,,,-0.000000,0.000000,,,0.000505,0.006494,0.033536,0.038695,,,,0.537349,1.021633,1.828760,,,,,,
31403,,,,,,,,,,,,,,,,,,,,0.537349,1.021633,1.828760,,,,,,
31409,,,,,,,,,,,,,,,,,,,,0.537352,1.021653,1.832251,,,,,,
31416,,,,,,,,,-0.000000,0.000000,,,0.000425,0.005464,0.032896,0.038064,,,,,,,,,,,,
31419,,,,,,,,,,,,,,,,,,,,0.537377,1.021651,1.828760,,,,,,
31422,,,,,,,,,-0.000000,0.000000,,,0.000358,0.004598,0.032257,0.037432,,,,,,,,,,,,
31431,0.537375,1.021650,1.828782,0.500000,1.000000,1.639065,0.000000,0.000000,-0.000000,0.000000,-3.205568,-3.205568,0.000301,0.003868,0.031558,0.036739,-0.011398,0.041662,-0.189717,0.537373,1.021675,1.832250,,,,,,
31439,,,,,,,,,,,,,,,,,,,,0.537359,1.021647,1.828760,,,,,,
31442,,,,,,,,,-0.000000,0.000000,,,0.000253,0.003255,0.030917,0.036103,,,,,,,,,,,,
31449,,,,,,,,,,,,,,,,,,,,0.537347,1.021638,1.828760,,,,,,
31452,,,,,,,,,-0.000000,0.000000,,,0.000213,0.002739,0.030277,0.035467,,,,,,,,,,,,
31460,,,,,,,,,-0.000000,0.000000,,,0.000179,0.002304,0.029636,0.034830,,,,0.537339,1.021648,1.832251,,,,,,
31470,,,,,,,,,,,,,,,,,,,,0.537362,1.021672,1.832250,,,,,,
31475,,,,,,,,,-0.000000,0.000000,,,0.000151,0.001939,0.028995,0.034192,,,,,,,,,,,,
31479,0.537363,1.021668,1.831959,0.500000,1.000000,1.639065,0.000000,0.000000,,,,,,,,,,,,0.537362,1.021670,1.832250,,,,,,
31482,,,,,,,,,-0.000000,0.000000,-3.174122,-3.174122,0.000127,0.001631,0.028675,0.033874,-0.011286,0.041691,-0.192894,,,,,,,,,
31489,,,,,,,,,,,,,,,,,,,,0.537353,1.021664,1.832251,,,,,,
31492,,,,,,,,,-0.000000,0.000000,,,0.000107,0.001373,0.028040,0.033242,,,,,,,,,,,,
31500,,,,,,,,,-0.000000,0.000000,,,0.000090,0.001155,0.027406,0.032609,,,,0.537350,1.021666,1.832251,,,,,,
31510,,,,,,,,,-0.000000,0.000000,,,0.000076,0.000972,0.026771,0.031976,,,,0.537350,1.021649,1.828760,,,,,,
31519,,,,,,,,,,,,,,,,,,,,0.537365,1.021678,1.832250,,,,,,
31522,,,,,,,,,-0.000000,0.000000,,,0.000064,0.000818,0.026136,0.031342,,,,,,,,,,,,
31531,0.537365,1.021677,1.832226,0.500000,1.000000,1.639065,0.000000,0.000000,-0.000000,0.000000,-3.173498,-3.173498,0.000054,0.000688,0.025508,0.030715,-0.011284,0.041698,-0.193161,0.537361,1.021672,1.832250,,,,,,
31539,,,,,,,,,,,,,,,,,,,,0.537375,1.021662,1.828760,,,,,,
31542,,,,,,,,,-0.000000,0.000000,,,0.000045,0.000579,0.024873,0.030081,,,,,,,,,,,,
31549,,,,,,,,,,,,,,,,,,,,0.537352,1.021659,1.832251,,,,,,
31552,,,,,,,,,-0.000000,0.000000,,,0.000038,0.000487,0.024238,0.029447,,,,,,,,,,,,
31560,,,,,,,,,-0.000000,0.000000,,,0.000032,0.000410,0.023604,0.028813,,,,0.537349,1.021646,1.832251,,,,,,
31569,,,,,,,,,,,,,,,,,,,,0.537369,1.021660,1.832250,,,,,,
31575,,,,,,,,,-0.000000,0.000000,,,0.000027,0.000345,0.022969,0.028179,,,,,,,,,,,,
31579,0.537366,1.021656,1.829051,0.500000,1.000000,1.639065,0.000000,0.000000,,,,,,,,,,,,0.537366,1.021654,1.828760,,,,,,
31582,,,,,,,,,-0.000000,0.000000,-3.204694,-3.204694,0.000023,0.000290,0.022016,0.027227,-0.011394,0.041658,-0.189986,0.537366,1.021654,1.828760,,,,,,
31590,,,,,,,,,-0.000000,0.000000,,,0.000019,0.000244,0.021375,0.026586,,,,0.537354,1.021647,1.828760,,,,,,
31599,,,,,,,,,,,,,,,,,,,,0.537350,1.021646,1.828760,,,,,,
31602,,,,,,,,,-0.000000,0.000000,,,0.000016,0.000205,0.020735,0.025946,,,,,,,,,,,,
31610,,,,,,,,,-0.000000,0.000000,,,0.000013,0.000173,0.020094,0.025305,,,,0.537367,1.021676,1.832250,,,,,,
31619,,,,,,,,,,,,,,,,,,,,0.537369,1.021684,1.832251,,,,,,
31622,,,,,,,,,-0.000000,0.000000,,,0.000011,0.000145,0.019453,0.024664,,,,,,,,,,,,
31630,0.537355,1.021672,1.831982,0.500000,1.000000,1.639065,0.000000,0.000000,-0.000000,0.000000,-3.175476,-3.175476,,,,,-0.011291,0.041684,-0.192917,0.537354,1.021673,1.832250,,,,,,
31633,,,,,,,,,,,,,0.000010,0.000122,0.019110,0.024321,,,,,,,,,,,,
31640,,,,,,,,,-0.000000,0.000000,,,0.000008,0.000103,0.018475,0.023687,,,,0.537370,1.021658,1.828760,,,,,,
31649,,,,,,,,,,,,,,,,,,,,0.537361,1.021650,1.828760,,,,,,
31652,,,,,,,,,-0.000000,0.000000,,,0.000007,0.000087,0.017840,0.023052,,,,,,,,,,,,
31659,,,,,,,,,,,,,,,,,,,,0.537350,1.021650,1.828761,,,,,,
31662,,,,,,,,,-0.000000,0.000000,,,0.000006,0.000073,0.017205,0.022417,,,,,,,,,,,,
31669,,,,,,,,,,,,,,,,,,,,0.537348,1.021668,1.832251,,,,,,
31672,,,,,,,,,-0.000000,0.000000,,,0.000005,0.000061,0.016569,0.021782,,,,,,,,,,,,
31680,0.537355,1.021670,1.832228,0.500000,1.000000,1.639065,0.000000,0.000000,-0.000000,0.000000,-3.172144,-3.172144,,,,,-0.011279,0.041686,-0.193163,0.537355,1.021670,1.832251,,,,,,
31683,,,,,,,,,,,,,0.000004,0.000052,0.015968,0.021181,,,,,,,,,,,,
31690,,,,,,,,,,,,,,,,,,,,0.537356,1.021654,1.828760,,,,,,
31695,,,,,,,,,-0.000000,0.000000,,,0.000003,0.000043,0.015334,0.020546,,,,,,,,,,,,
31701,,,,,,,,,-0.000000,0.000000,,,0.000003,0.000037,0.014700,0.019912,,,,0.537353,1.021656,1.828760,,,,,,
31709,,,,,,,,,,,,,,,,,,,,0.537352,1.021652,1.828760,,,,,,
31712,,,,,,,,,-0.000000,0.000000,,,0.000002,0.000031,0.014065,0.019278,,,,,,,,,,,,
31719,,,,,,,,,,,,,,,,,,,,0.537344,1.021669,1.832251,,,,,,
31722,,,,,,,,,-0.000000,0.000000,,,0.000002,0.000026,0.013431,0.018643,,,,,,,,,,,,
31731,0.537345,1.021669,1.832249,0.500000,1.000000,1.639065,0.000000,0.000000,-0.000000,0.000000,-3.172328,-3.172328,0.000002,0.000022,0.012794,0.018007,-0.011279,0.041677,-0.193184,0.537350,1.021671,1.832251,,,,,,
31734,,,,,,,,,,,,,,,,,,,,0.537350,1.021671,1.832251,,,,,,
31740,,,,,,,,,-0.000000,0.000000,,,0.000001,0.000018,0.012160,0.017372,,,,0.537351,1.021676,1.832251,,,,,,
31749,,,,,,,,,,,,,,,,,,,,0.537354,1.021654,1.828760,,,,,,
31752,,,,,,,,,-0.000000,0.000000,,,0.000001,0.000015,0.011525,0.016738,,,,,,,,,,,,
31759,,,,,,,,,,,,,,,,,,,,0.537346,1.021667,1.832251,,,,,,
31762,,,,,,,,,-0.000000,0.000000,,,0.000001,0.000013,0.010891,0.016104,,,,,,,,,,,,
31770,,,,,,,,,-0.000000,0.000000,,,0.000001,0.000011,0.010257,0.015469,,,,0.537368,1.021673,1.832250,,,,,,
31779,0.537367,1.021687,1.832251,0.500000,1.000000,1.639065,0.000000,0.000000,,,,,,,,,,,,0.537369,1.021688,1.832251,,,,,,
31782,,,,,,,,,-0.000000,0.000000,-3.175483,-3.175483,0.000001,0.000009,0.009590,0.014802,-0.011291,0.041703,-0.193186,,,,,,,,,
31790,,,,,,,,,,,,,,,,,,,,0.537359,1.021677,1.832250,,,,,,
31795,,,,,,,,,-0.000000,0.000000,,,0.000001,0.000008,0.008955,0.014167,,,,,,,,,,,,
31800,,,,,,,,,-0.000000,0.000000,,,0.000001,0.000006,0.008320,0.013532,,,,0.537352,1.021653,1.828760,,,,,,
31812,,,,,,,,,-0.000000,0.000000,,,0.000000,0.000005,0.007685,0.012897,,,,,,,,,,,,
31822,,,,,,,,,-0.000000,0.000000,,,0.000000,0.000005,0.007049,0.012262,,,,,,,,,,,,
31831,0.537353,1.021656,1.829053,0.500000,1.000000,1.639065,0.000000,0.000000,-0.000000,0.000000,-3.205687,-3.205687,0.000000,0.000004,0.006106,0.011319,-0.011398,0.041645,-0.189988,0.537360,1.021680,1.832251,,,,,,
31840,,,,,,,,,-0.000000,0.000000,,,0.000000,0.000003,0.005465,0.010678,,,,0.537353,1.021674,1.832251,,,,,,
31849,,,,,,,,,,,,,,,,,,,,0.537352,1.021654,1.828760,,,,,,
31852,,,,,,,,,-0.000000,0.000000,,,0.000000,0.000003,0.004824,0.010037,,,,,,,,,,,,
31860,,,,,,,,,-0.000000,0.000000,,,0.000000,0.000002,0.004183,0.009396,,,,0.537345,1.021669,1.832251,,,,,,
31870,,,,,,,,,-0.000000,0.000000,,,0.000000,0.000002,0.003542,0.008754,,,,0.537347,1.021672,1.832251,,,,,,
31879,0.537367,1.021693,1.831982,0.500000,1.000000,1.639065,0.000000,0.000000,,,,,,,,,,,,0.537369,1.021696,1.832250,,,,,,
31882,,,,,,,,,-0.000000,0.000000,-3.180321,-3.180321,0.000000,0.000002,0.003159,0.008372,-0.011308,0.041702,-0.192917,,,,,,,,,
31889,,,,,,,,,,,,,,,,,,,,0.537364,1.021666,1.828760,,,,,,
31895,,,,,,,,,-0.000000,0.000000,,,0.000000,0.000001,0.002523,0.007736,,,,,,,,,,,,
31900,,,,,,,,,-0.000000,0.000000,,,0.000000,0.000001,0.001887,0.007100,,,,0.537351,1.021674,1.832251,,,,,,
31910,,,,,,,,,-0.000000,0.000000,,,0.000000,0.000001,0.001251,0.006464,,,,0.537365,1.021690,1.832250,,,,,,
31919,,,,,,,,,,,,,,,,,,,,0.537357,1.021682,1.832251,,,,,,
31922,,,,,,,,,-0.000000,0.000000,,,0.000000,0.000001,0.000615,0.005828,,,,,,,,,,,,
31931,0.537357,1.021683,1.832228,0.500000,1.000000,1.639065,0.000000,0.000000,-0.000000,0.000000,-3.175498,-3.175498,0.000000,0.000001,0.000028,0.005241,-0.011291,0.041692,-0.193163,0.537351,1.021678,1.832251,,,,,,
31940,,,,,,,,,-0.000000,0.000000,,,0.000000,0.000001,-0.000607,0.004606,,,,0.537350,1.021657,1.828760,,,,,,
31949,,,,,,,,,,,,,,,,,,,,0.537349,1.021678,1.832251,,,,,,
31952,,,,,,,,,-0.000000,0.000000,,,0.000000,0.000000,-0.001242,0.003971,,,,,,,,,,,,
31960,,,,,,,,,-0.000000,0.000000,,,0.000000,0.000000,-0.001877,0.003336,,,,0.537352,1.021666,1.828760,,,,,,
31969,,,,,,,,,,,,,,,,,,,,0.537348,1.021676,1.832251,,,,,,
31972,,,,,,,,,-0.000000,0.000000,,,0.000000,0.000000,-0.002512,0.002701,,,,,,,,,,,,
31979,0.537351,1.021675,1.832249,0.500000,1.000000,1.639065,0.000000,0.000000,,,,,,,,,,,,0.537351,1.021675,1.832251,,,,,,
31982,,,,,,,,,-0.000000,0.000000,-3.173630,-3.173630,0.000000,0.000000,-0.003128,0.002084,-0.011284,0.041685,-0.193184,,,,,,,,,
31990,,,,,,,,,,,,,,,,,,,,0.537352,1.021662,1.828760,,,,,,
31995,,,,,,,,,-0.000000,0.000000,,,0.000000,0.000000,-0.003763,0.001450,,,,,,,,,,,,
31999,,,,,,,,,,,,,,,,,,,,0.537346,1.021675,1.832251,,,,,,
32002,,,,,,,,,-0.000000,0.000000,,,0.000000,0.000000,-0.004398,0.000815,,,,,,,,,,,,
32009,,,,,,,,,,,,,,,,,,,,0.537349,1.021684,1.832251,,,,,,
32012,,,,,,,,,-0.000000,0.000000,,,0.000000,0.000000,-0.005032,0.000180,,,,,,,,,,,,
32020,,,,,,,,,-0.000000,0.000000,,,0.000000,0.000000,-0.005667,-0.000454,,,,0.537351,1.021680,1.832251,,,,,,
32029,0.537347,1.021679,1.832250,0.500000,1.000000,1.639065,0.000000,0.000000,,,,,,,,,,,,0.537347,1.021679,1.832251,,,,,,
32032,,,,,,,,,-0.000000,0.000000,-3.174787,-3.174787,0.000000,0.000000,-0.006314,-0.001101,-0.011288,0.041681,-0.193185,,,,,,,,,
32040,,,,,,,,,-0.000000,0.000000,,,0.000000,0.000000,-0.006949,-0.001736,,,,0.537347,1.021681,1.832251,,,,,,
32050,,,,,,,,,,,,,,,,,,,,0.537352,1.021680,1.832251,,,,,,
32055,,,,,,,,,-0.000000,0.000000,,,0.000000,0.000000,-0.007584,-0.002371,,,,,,,,,,,,
32060,,,,,,,,,-0.000000,0.000000,,,0.000000,0.000000,-0.008219,-0.003006,,,,0.537350,1.021684,1.832251,,,,,,
32069,,,,,,,,,,,,,,,,,,,,0.537351,1.021666,1.828760,,,,,,
32072,,,,,,,,,-0.000000,0.000000,,,0.000000,0.000000,-0.008853,-0.003641,,,,,,,,,,,,
32080,0.537349,1.021664,1.829053,0.500000,1.000000,1.639065,0.000000,0.000000,-0.000000,0.000000,-3.208271,-3.208271,,,-0.009830,-0.004617,-0.011407,0.041643,-0.189988,0.537349,1.021663,1.828760,,,,,,
32083,,,,,,,,,,,,,0.000000,0.000000,,,,,,,,,,,,,,
32090,,,,,,,,,-0.000000,0.000000,,,0.000000,0.000000,-0.010472,-0.005259,,,,0.537349,1.021665,1.828760,,,,,,
32100,,,,,,,,,-0.000000,0.000000,,,0.000000,0.000000,-0.011113,-0.005901,,,,0.537347,1.021682,1.832251,,,,,,
32109,,,,,,,,,,,,,,,,,,,,0.537354,1.021687,1.832251,,,,,,
32115,,,,,,,,,-0.000000,0.000000,,,0.000000,0.000000,-0.011755,-0.006542,,,,,,,,,,,,
32119,,,,,,,,,,,,,,,,,,,,0.537351,1.021687,1.832251,,,,,,
32122,,,,,,,,,-0.000000,0.000000,,,0.000000,0.000000,-0.012397,-0.007184,,,,,,,,,,,,
32129,0.537350,1.021679,1.831982,0.500000,1.000000,1.639065,0.000000,0.000000,,,,,,,,,,,,0.537350,1.021680,1.832251,,,,,,
32132,,,,,,,,,-0.000000,0.000000,-3.177762,-3.177762,0.000000,0.000000,-0.012727,-0.007514,-0.011299,0.041681,-0.192917,,,,,,,,,
32140,,,,,,,,,-0.000000,0.000000,,,0.000000,0.000000,-0.013363,-0.008150,,,,0.537345,1.021681,1.832251,,,,,,
32149,,,,,,,,,,,,,,,,,,,,0.537353,1.021668,1.828760,,,,,,
32155,,,,,,,,,-0.000000,0.000000,,,0.000000,0.000000,-0.013998,-0.008785,,,,,,,,,,,,
32160,,,,,,,,,-0.000000,0.000000,,,0.000000,0.000000,-0.014634,-0.009421,,,,0.537349,1.021662,1.828761,,,,,,
32170,,,,,,,,,-0.000000,0.000000,,,0.000000,0.000000,-0.015269,-0.010057,,,,0.537349,1.021661,1.828761,,,,,,
32179,0.537348,1.021681,1.832228,0.500000,1.000000,1.639065,0.000000,0.000000,,,,,,,,,,,,0.537348,1.021681,1.832251,,,,,,
32182,,,,,,,,,-0.000000,0.000000,-3.175576,-3.175576,0.000000,0.000000,-0.015883,-0.010670,-0.011291,0.041683,-0.193163,,,,,,,,,
32189,,,,,,,,,,,,,,,,,,,,0.537353,1.021684,1.832251,,,,,,
32192,,,,,,,,,-0.000000,0.000000,,,0.000000,0.000000,-0.016518,-0.011305,,,,,,,,,,,,
32199,,,,,,,,,,,,,,,,,,,,0.537356,1.021685,1.832251,,,,,,
32202,,,,,,,,,-0.000000,0.000000,,,0.000000,0.000000,-0.017153,-0.011940,,,,,,,,,,,,
32209,,,,,,,,,,,,,,,,,,,,0.537355,1.021687,1.832251,,,,,,
32215,,,,,,,,,-0.000000,0.000000,,,0.000000,0.000000,-0.017788,-0.012575,,,,,,,,,,,,
32219,,,,,,,,,,,,,,,,,,,,0.537356,1.021668,1.828760,,,,,,
32222,,,,,,,,,-0.000000,0.000000,,,0.000000,0.000000,-0.018423,-0.013210,,,,,,,,,,,,
32229,0.537348,1.021681,1.832249,0.500000,1.000000,1.639065,0.000000,0.000000,,,,,,,,,,,,0.537348,1.021681,1.832251,,,,,,
32232,,,,,,,,,-0.000000,0.000000,-3.175458,-3.175458,0.000000,0.000000,-0.019057,-0.013844,-0.011291,0.041683,-0.193184,,,,,,,,,
32240,,,,,,,,,-0.000000,0.000000,,,0.000000,0.000000,-0.019692,-0.014479,,,,0.537353,1.021685,1.832251,,,,,,
32249,,,,,,,,,,,,,,,,,,,,0.537353,1.021683,1.832251,,,,,,
32252,,,,,,,,,-0.000000,0.000000,,,0.000000,0.000000,-0.020327,-0.015114,,,,,,,,,,,,
32260,,,,,,,,,-0.000000,0.000000,,,0.000000,0.000000,-0.020962,-0.015749,,,,0.537353,1.021685,1.832251,,,,,,
32270,,,,,,,,,,,,,,,,,,,,0.537349,1.021685,1.832251,,,,,,
32275,,,,,,,,,-0.000000,0.000000,,,0.000000,0.000000,-0.021597,-0.016385,,,,,,,,,,,,
32279,0.537349,1.021665,1.829053,0.500000,1.000000,1.639065,0.000000,0.000000,,,,,,,,,,,,0.537349,1.021664,1.828760,,,,,,
32282,,,,,,,,,-0.000000,0.000000,-3.208537,-3.208537,0.000000,0.000000,-0.022570,-0.017357,-0.011408,0.041644,-0.189988,,,,,,,,,
32289,,,,,,,,,,,,,,,,,,,,0.537349,1.021663,1.828760,,,,,,
32292,,,,,,,,,-0.000000,0.000000,,,0.000000,0.000000,-0.023211,-0.017999,,,,,,,,,,,,
32300,,,,,,,,,-0.000000,0.000000,,,0.000000,0.000000,-0.023853,-0.018640,,,,0.537350,1.021668,1.828761,,,,,,
32309,,,,,,,,,,,,,,,,,,,,0.537348,1.021680,1.832251,,,,,,
32316,,,,,,,,,-0.000000,0.000000,,,0.000000,0.000000,-0.024495,-0.019282,,,,,,,,,,,,
32319,,,,,,,,,,,,,,,,,,,,0.537351,1.021670,1.828760,,,,,,
32322,,,,,,,,,-0.000000,0.000000,,,0.000000,0.000000,-0.025137,-0.019924,,,,,,,,,,,,
32331,0.537351,1.021670,1.828784,0.500000,1.000000,1.639065,0.000000,0.000000,-0.000000,0.000000,-3.212729,-3.212729,0.000000,0.000000,-0.025821,-0.020608,-0.011423,0.041644,-0.189719,0.537348,1.021682,1.832251,,,,,,
32340,,,,,,,,,-0.000000,0.000000,,,0.000000,0.000000,-0.026464,-0.021251,,,,0.537348,1.021690,1.832251,,,,,,
32349,,,,,,,,,,,,,,,,,,,,0.537349,1.021668,1.828760,,,,,,
32352,,,,,,,,,-0.000000,0.000000,,,0.000000,0.000000,-0.027106,-0.021893,,,,,,,,,,,,
32359,,,,,,,,,,,,,,,,,,,,0.537347,1.021679,1.832251,,,,,,
32362,,,,,,,,,-0.000000,0.000000,,,0.000000,0.000000,-0.027749,-0.022536,,,,,,,,,,,,
32369,,,,,,,,,,,,,,,,,,,,0.537348,1.021685,1.832251,,,,,,
32375,,,,,,,,,-0.000000,0.000000,,,0.000000,0.000000,-0.028391,-0.023179,,,,,,,,,,,,
32380,0.537344,1.021658,1.831960,0.500000,1.000000,1.639065,0.000000,0.000000,-0.000000,0.000000,-3.172735,-3.172735,,,-0.028626,-0.023413,-0.011281,0.041670,-0.192895,0.537344,1.021657,1.832251,,,,,,
32383,,,,,,,,,,,,,0.000000,0.000000,,,,,,,,,,,,,,
32390,,,,,,,,,-0.000000,0.000000,,,0.000000,0.000000,-0.029260,-0.024048,,,,0.537344,1.021663,1.828760,,,,,,
32400,,,,,,,,,-0.000000,0.000000,,,0.000000,0.000000,-0.029895,-0.024682,,,,0.537346,1.021670,1.828760,,,,,,
32409,,,,,,,,,,,,,,,,,,,,0.537347,1.021664,1.828760,,,,,,
32412,,,,,,,,,-0.000000,0.000000,,,0.000000,0.000000,-0.030529,-0.025317,,,,,,,,,,,,
32420,,,,,,,,,-0.000000,0.000000,,,0.000000,0.000000,-0.031164,-0.025951,,,,0.537348,1.021667,1.828760,,,,,,
32429,0.537344,1.021682,1.832226,0.500000,1.000000,1.639065,0.000000,0.000000,,,,,,,,,,,,0.537344,1.021684,1.832251,,,,,,
32432,,,,,,,,,-0.000000,0.000000,-3.176243,-3.176243,0.000000,0.000000,-0.031834,-0.026622,-0.011293,0.041679,-0.193161,,,,,,,,,
32439,,,,,,,,,,,,,,,,,,,,0.537352,1.021672,1.828760,,,,,,
32442,,,,,,,,,-0.000000,0.000000,,,0.000000,0.000000,-0.032470,-0.027257,,,,,,,,,,,,
32449,,,,,,,,,,,,,,,,,,,,0.537348,1.021686,1.832251,,,,,,
32452,,,,,,,,,-0.000000,0.000000,,,0.000000,0.000000,-0.033105,-0.027892,,,,,,,,,,,,
32459,,,,,,,,,,,,,,,,,,,,0.537348,1.021690,1.832251,,,,,,
32462,,,,,,,,,-0.000000,0.000000,,,0.000000,0.000000,-0.033740,-0.028527,,,,,,,,,,,,
32469,,,,,,,,,,,,,,,,,,,,0.537339,1.021696,1.832251,,,,,,
32475,,,,,,,,,-0.000000,0.000000,,,0.000000,0.000000,-0.034375,-0.029163,,,,,,,,,,,,
32479,0.537344,1.021671,1.829051,0.500000,1.000000,1.639065,0.000000,0.000000,,,,,,,,,,,,0.537344,1.021670,1.828760,,,,,,
32482,,,,,,,,,-0.000000,0.000000,-3.210462,-3.210462,0.000000,0.000000,-0.035360,-0.030147,-0.011415,0.041641,-0.189986,,,,,,,,,
32489,,,,,,,,,,,,,,,,,,,,0.537346,1.021672,1.828760,,,,,,
32492,,,,,,,,,-0.000000,0.000000,,,0.000000,0.000000,-0.036002,-0.030789,,,,,,,,,,,,
32499,,,,,,,,,,,,,,,,,,,,0.537348,1.021681,1.832251,,,,,,
32502,,,,,,,,,-0.000000,0.000000,,,0.000000,0.000000,-0.036644,-0.031431,,,,,,,,,,,,
32510,,,,,,,,,-0.000000,0.000000,,,0.000000,0.000000,-0.037286,-0.032073,,,,0.537354,1.021672,1.828760,,,,,,
32519,,,,,,,,,,,,,,,,,,,,0.537349,1.021684,1.832251,,,,,,
32522,,,,,,,,,-0.000000,0.000000,,,0.000000,0.000000,-0.037928,-0.032715,,,,,,,,,,,,
32530,0.537351,1.021671,1.828784,0.500000,1.000000,1.639065,0.000000,0.000000,-0.000000,0.000000,-3.213064,-3.213064,,,-0.038597,-0.033384,-0.011424,0.041644,-0.189719,0.537352,1.021671,1.828760,,,,,,
32533,,,,,,,,,,,,,0.000000,0.000000,,,,,,,,,,,,,,
32540,,,,,,,,,-0.000000,0.000000,,,0.000000,0.000000,-0.039239,-0.034027,,,,0.537351,1.021668,1.828760,,,,,,
32550,,,,,,,,,-0.000000,0.000000,,,0.000000,0.000000,-0.039882,-0.034669,,,,0.537347,1.021667,1.828760,,,,,,
32560,,,,,,,,,-0.000000,0.000000,,,0.000000,0.000000,-0.040524,-0.035312,,,,0.537345,1.021689,1.832251,,,,,,
32570,,,,,,,,,-0.000000,0.000000,,,0.000000,0.000000,-0.041167,-0.035954,,,,0.537353,1.021674,1.828760,,,,,,
32580,0.537352,1.021668,1.828762,0.500000,1.000000,1.639065,0.000000,0.000000,-0.000000,0.000000,-3.212473,-3.212473,,,,,-0.011422,0.041644,-0.189697,0.537352,1.021668,1.828760,,,,,,
32583,,,,,,,,,,,,,0.000000,0.000000,-0.041804,-0.036591,,,,,,,,,,,,
32590,,,,,,,,,,,,,,,,,,,,0.537347,1.021669,1.828760,,,,,,
32595,,,,,,,,,-0.000000,0.000000,,,0.000000,0.000000,-0.042446,-0.037233,,,,,,,,,,,,
32600,,,,,,,,,-0.000000,0.000000,,,0.000000,0.000000,-0.043089,-0.037876,,,,0.537348,1.021671,1.828760,,,,,,
32603,,,,,,,,,,,,,,,,,,,,0.537348,1.021671,1.828760,,,,,,
32610,,,,,,,,,-0.000000,0.000000,,,0.000000,0.000000,-0.043731,-0.038518,,,,0.537346,1.021675,1.828760,,,,,,
32620,,,,,,,,,-0.000000,0.000000,,,0.000000,0.000000,-0.044374,-0.039161,,,,0.537347,1.021688,1.832251,,,,,,
32629,0.537350,1.021687,1.831958,0.500000,1.000000,1.639065,0.000000,0.000000,,,,,,,,,,,,0.537350,1.021689,1.832251,,,,,,
32632,,,,,,,,,-0.000000,0.000000,-3.180361,-3.180361,0.000000,0.000000,-0.044689,-0.039476,-0.011308,0.041683,-0.192893,,,,,,,,,
32640,,,,,,,,,-0.000000,0.000000,,,0.000000,0.000000,-0.045325,-0.040112,,,,0.537351,1.021672,1.828760,,,,,,
32650,,,,,,,,,-0.000000,0.000000,,,0.000000,0.000000,-0.045961,-0.040748,,,,0.537347,1.021690,1.832251,,,,,,
32660,,,,,,,,,-0.000000,0.000000,,,0.000000,0.000000,-0.046597,-0.041384,,,,0.537353,1.021692,1.832251,,,,,,
32670,,,,,,,,,-0.000000,0.000000,,,0.000000,0.000000,-0.047233,-0.042020,,,,0.537353,1.021672,1.828760,,,,,,
32680,0.537347,1.021685,1.832226,0.500000,1.000000,1.639065,0.000000,0.000000,-0.000000,0.000000,-3.176713,-3.176713,0.000000,0.000000,-0.047832,-0.042619,-0.011295,0.041682,-0.193161,0.537347,1.021684,1.832251,,,,,,
32689,,,,,,,,,,,,,,,,,,,,0.537350,1.021670,1.828760,,,,,,
32695,,,,,,,,,-0.000000,0.000000,,,0.000000,0.000000,-0.048467,-0.043254,,,,,,,,,,,,
32700,,,,,,,,,-0.000000,0.000000,,,0.000000,0.000000,-0.049102,-0.043890,,,,0.537352,1.021689,1.832251,,,,,,
32710,,,,,,,,,-0.000000,0.000000,,,0.000000,0.000000,-0.049738,-0.044525,,,,0.537354,1.021675,1.828760,,,,,,
32720,,,,,,,,,-0.000000,0.000000,,,0.000000,0.000000,-0.050373,-0.045160,,,,0.537347,1.021686,1.832251,,,,,,
32729,0.537349,1.021673,1.829051,0.500000,1.000000,1.639065,0.000000,0.000000,,,,,,,,,,,,0.537350,1.021672,1.828760,,,,,,
32732,,,,,,,,,-0.000000,0.000000,-3.210528,-3.210528,0.000000,0.000000,-0.051353,-0.046141,-0.011415,0.041646,-0.189986,,,,,,,,,
32739,,,,,,,,,,,,,,,,,,,,0.537349,1.021689,1.832251,,,,,,
32742,,,,,,,,,-0.000000,0.000000,,,0.000000,0.000000,-0.051995,-0.046783,,,,,,,,,,,,
32749,,,,,,,,,,,,,,,,,,,,0.537346,1.021687,1.832251,,,,,,
32752,,,,,,,,,-0.000000,0.000000,,,0.000000,0.000000,-0.052638,-0.047425,,,,0.537346,1.021687,1.832251,,,,,,
32759,,,,,,,,,,,,,,,,,,,,0.537346,1.021689,1.832251,,,,,,
32762,,,,,,,,,-0.000000,0.000000,,,0.000000,0.000000,-0.053280,-0.048067,,,,,,,,,,,,
32769,,,,,,,,,,,,,,,,,,,,0.537353,1.021671,1.828761,,,,,,
32772,,,,,,,,,-0.000000,0.000000,,,0.000000,0.000000,-0.053922,-0.048709,,,,,,,,,,,,
32780,0.537347,1.021667,1.828785,0.500000,1.000000,1.639065,0.000000,0.000000,-0.000000,0.000000,-3.212208,-3.212208,,,-0.054581,-0.049368,-0.011421,0.041639,-0.189720,0.537347,1.021666,1.828761,,,,,,
32783,,,,,,,,,,,,,0.000000,0.000000,,,,,,,,,,,,,,
32789,,,,,,,,,,,,,,,,,,,,0.537350,1.021665,1.828761,,,,,,
32795,,,,,,,,,-0.000000,0.000000,,,0.000000,0.000000,-0.055223,-0.050011,,,,,,,,,,,,
32799,,,,,,,,,,,,,,,,,,,,0.537351,1.021670,1.828760,,,,,,
32802,,,,,,,,,-0.000000,0.000000,,,0.000000,0.000000,-0.055866,-0.050653,,,,,,,,,,,,
32809,,,,,,,,,,,,,,,,,,,,0.537350,1.021672,1.828761,,,,,,
32812,,,,,,,,,-0.000000,0.000000,,,0.000000,0.000000,-0.056508,-0.051296,,,,,,,,,,,,
32819,,,,,,,,,,,,,,,,,,,,0.537353,1.021674,1.828761,,,,,,
32822,,,,,,,,,-0.027467,0.652434,,,-0.544543,0.000000,-0.051596,-0.051938,,,,,,,,,,,,
32830,0.537379,1.021560,1.831500,0.500000,1.000000,1.639065,0.000000,0.000000,,,-3.149102,-3.149102,-0.458179,0.000000,-0.052367,-0.051937,-0.011197,0.041674,-0.192435,0.537349,1.021672,1.828761,,,,,,
32833,,,,,,,,,-0.000000,0.000000,,,,,,,,,,,,,,,,,,
32840,,,,,,,,,-0.000000,0.000000,,,-0.385511,0.000000,-0.053647,-0.052567,,,,0.537352,1.021669,1.828761,,,,,,
32849,,,,,,,,,,,,,,,,,,,,0.537348,1.021666,1.828761,,,,,,
32852,,,,,,,,,-0.000000,0.000000,,,-0.324369,0.000000,-0.054823,-0.053197,,,,,,,,,,,,
32859,,,,,,,,,,,,,,,,,,,,0.537347,1.021669,1.828760,,,,,,
32862,,,,,,,,,-0.000000,0.000000,,,-0.272924,0.000000,-0.055913,-0.053826,,,,,,,,,,,,
32870,,,,,,,,,-0.000000,0.000000,,,-0.229638,0.000000,-0.056929,-0.054456,,,,0.537347,1.021665,1.828761,,,,,,
32879,0.537353,1.021673,1.832188,0.500000,1.000000,1.639065,0.000000,0.000000,,,,,,,,,,,,0.537351,1.021683,1.832251,,,,,,
32882,,,,,,,,,-0.000000,0.000000,-3.173532,-3.173532,-0.193218,0.000000,-0.058134,-0.055335,-0.011284,0.041685,-0.193123,,,,,,,,,
32889,,,,,,,,,,,,,,,,,,,,0.537353,1.021687,1.832251,,,,,,
32906,,,,,,,,,-0.000000,0.000000,,,-0.136789,0.000000,-0.059908,-0.056605,,,,0.537355,1.021669,1.828760,,,,,,
32909,,,,,,,,,,,,,,,,,,,,0.537348,1.021663,1.828760,,,,,,
32912,,,,,,,,,-0.000000,0.000000,,,-0.115094,0.000000,-0.060736,-0.057239,,,,,,,,,,,,
32920,,,,,,,,,-0.000000,0.000000,,,-0.096840,0.000000,-0.061534,-0.057874,,,,0.537351,1.021657,1.828761,,,,,,
32929,0.537353,1.021662,1.829048,0.500000,1.000000,1.639065,0.000000,0.000000,,,,,,,,,,,,0.537353,1.021661,1.828761,,,,,,
32932,,,,,,,,,-0.000000,0.000000,-3.207457,-3.207457,-0.081482,0.000000,-0.062652,-0.058855,-0.011404,0.041647,-0.189983,,,,,,,,,
32940,,,,,,,,,-0.000000,0.000000,,,-0.068559,0.000000,-0.063409,-0.059496,,,,0.537352,1.021661,1.828760,,,,,,
32949,,,,,,,,,,,,,,,,,,,,0.537350,1.021662,1.828760,,,,,,
32952,,,,,,,,,-0.000000,0.000000,,,-0.057685,0.000000,-0.064148,-0.060138,,,,,,,,,,,,
32960,,,,,,,,,-0.000000,0.000000,,,-0.048536,0.000000,-0.064871,-0.060779,,,,0.537350,1.021664,1.828760,,,,,,
32970,,,,,,,,,-0.000000,0.000000,,,-0.040838,0.000000,-0.065582,-0.061421,,,,0.537351,1.021663,1.828760,,,,,,
32980,0.537352,1.021664,1.828784,0.500000,1.000000,1.639065,0.000000,0.000000,-0.000000,0.000000,-3.211154,-3.211154,-0.034361,0.000000,-0.066319,-0.062100,-0.011417,0.041643,-0.189719,0.537352,1.021664,1.828760,,,,,,
32990,,,,,,,,,,,,,,,,,,,,0.537343,1.021684,1.832251,,,,,,
32995,,,,,,,,,-0.000000,0.000000,,,-0.028912,0.000000,-0.067010,-0.062742,,,,,,,,,,,,
33000,,,,,,,,,-0.000000,0.000000,,,-0.024326,0.000000,-0.067693,-0.063384,,,,0.537349,1.021664,1.828760,,,,,,
33003,,,,,,,,,,,,,,,,,,,,0.537349,1.021664,1.828760,,,,,,
33010,,,,,,,,,-0.000000,0.000000,,,-0.020468,0.000000,-0.068370,-0.064027,,,,0.537352,1.021679,1.832251,,,,,,
33020,,,,,,,,,-0.000000,0.000000,,,-0.017222,0.000000,-0.069041,-0.064669,,,,0.537354,1.021665,1.828760,,,,,,
33030,0.537348,1.021664,1.828762,0.500000,1.000000,1.639065,0.000000,0.000000,-0.000000,0.000000,-3.211679,-3.211679,-0.014491,0.000000,-0.069713,-0.065316,-0.011419,0.041639,-0.189697,0.537347,1.021664,1.828760,,,,,,
33040,,,,,,,,,-0.000000,0.000000,,,-0.012192,0.000000,-0.070376,-0.065959,,,,0.537347,1.021669,1.828760,,,,,,
33049,,,,,,,,,,,,,,,,,,,,0.537346,1.021668,1.828760,,,,,,
33052,,,,,,,,,-0.000000,0.000000,,,-0.010259,0.000000,-0.071035,-0.066601,,,,,,,,,,,,
33059,,,,,,,,,,,,,,,,,,,,0.537348,1.021686,1.832251,,,,,,
33062,,,,,,,,,-0.000000,0.000000,,,-0.008632,0.000000,-0.071692,-0.067243,,,,,,,,,,,,
33070,,,,,,,,,-0.000000,0.000000,,,-0.007263,0.000000,-0.072347,-0.067886,,,,0.537354,1.021673,1.828760,,,,,,
33079,0.537350,1.021660,1.828760,0.500000,1.000000,1.639065,0.000000,0.000000,,,,,,,,,,,,0.537350,1.021660,1.828760,,,,,,
33082,,,,,,,,,-0.000000,0.000000,-3.210583,-3.210583,-0.006111,0.000000,-0.072988,-0.068517,-0.011415,0.041640,-0.189695,,,,,,,,,
33090,,,,,,,,,,,,,,,,,,,,0.537354,1.021660,1.828760,,,,,,
33095,,,,,,,,,-0.000000,0.000000,,,-0.005142,0.000000,-0.073639,-0.069159,,,,,,,,,,,,
33100,,,,,,,,,-0.000000,0.000000,,,-0.004326,0.000000,-0.074288,-0.069801,,,,0.537351,1.021665,1.828760,,,,,,
33110,,,,,,,,,-0.000000,0.000000,,,-0.003640,0.000000,-0.074937,-0.070443,,,,0.537355,1.021661,1.828760,,,,,,
33120,,,,,,,,,-0.000000,0.000000,,,-0.003063,0.000000,-0.075584,-0.071085,,,,0.537350,1.021664,1.828760,,,,,,
33130,0.537353,1.021659,1.828760,0.500000,1.000001,1.639065,0.000000,0.000000,,,-3.209641,-3.209641,,,,,-0.011412,0.041642,-0.189695,0.537354,1.021659,1.828760,,,,,,
33133,,,,,,,,,-0.027467,-0.652434,,,-0.002577,-0.544543,-0.076221,-0.066164,,,,,,,,,,,,
33140,,,,,,,,,-0.000000,0.000000,,,-0.002168,-0.458179,-0.076866,-0.067577,,,,0.537351,1.021662,1.828761,,,,,,
33149,,,,,,,,,,,,,,,,,,,,0.537352,1.021660,1.828760,,,,,,
33155,,,,,,,,,-0.000000,0.000000,,,-0.001824,-0.385511,-0.077511,-0.068869,,,,,,,,,,,,
33160,,,,,,,,,-0.000000,0.000000,,,-0.001535,-0.324369,-0.078156,-0.070057,,,,0.537351,1.021678,1.832251,,,,,,
33169,,,,,,,,,,,,,,,,,,,,0.537358,1.021659,1.828760,,,,,,
33172,,,,,,,,,-0.000000,0.000000,,,-0.001292,-0.272924,-0.078800,-0.071159,,,,,,,,,,,,
33179,0.537352,1.021644,1.828760,0.499999,1.000010,1.639065,0.000074,0.000000,,,,,,,,,,,,0.537352,1.021643,1.828761,,,,,,
33182,,,,,,,,,-0.000000,0.000000,-3.198279,-3.199063,-0.001087,-0.229638,-0.079328,-0.072080,-0.011389,0.041636,-0.189695,,,,,,,,,
33190,,,,,,,,,-0.000000,0.000000,,,-0.000914,-0.193218,-0.079969,-0.073046,,,,0.537354,1.021612,1.828761,,,,,,
33199,,,,,,,,,,,,,,,,,,,,0.537366,1.021579,1.828761,,,,,,
33202,,,,,,,,,-0.027467,-0.652434,,,-0.000769,-0.707117,-0.080610,-0.068405,,,,,,,,,,,,
33209,,,,,,,,,,,,,,,,,,,,0.537372,1.021552,1.828761,,,,,,
33215,,,,,,,,,-0.000000,0.000000,,,-0.000647,-0.594968,-0.081251,-0.070047,,,,,,,,,,,,
33220,,,,,,,,,-0.000000,0.000000,,,-0.000545,-0.500606,-0.081891,-0.071531,,,,0.537390,1.021504,1.825265,,,,,,
33229,0.537399,1.021473,1.825558,0.499998,1.000033,1.639065,0.000294,0.000000,,,,,,,,,,,,0.537403,1.021458,1.825265,,,,,,
33232,,,,,,,,,-0.000000,0.000000,-3.164923,-3.167979,-0.000458,-0.421210,-0.082192,-0.072563,-0.011323,0.041597,-0.186493,,,,,,,,,
33240,,,,,,,,,-0.000000,0.000000,,,-0.000386,-0.354406,-0.082825,-0.073794,,,,0.537402,1.021441,1.825265,,,,,,
33250,,,,,,,,,,,,,,,,,,,,0.537394,1.021458,1.825265,,,,,,
33255,,,,,,,,,-0.000000,0.000000,,,-0.000324,-0.298197,-0.083459,-0.074930,,,,,,,,,,,,
33259,,,,,,,,,,,,,,,,,,,,0.537393,1.021461,1.825265,,,,,,
33262,,,,,,,,,-0.000000,0.000000,,,-0.000273,-0.250903,-0.084092,-0.075986,,,,,,,,,,,,
33269,,,,,,,,,,,,,,,,,,,,0.537396,1.021458,1.825223,,,,,,
33272,,,,,,,,,-0.000000,0.000000,,,-0.000230,-0.211110,-0.084726,-0.076976,,,,,,,,,,,,
33279,0.537388,1.021451,1.825251,0.499995,1.000077,1.639065,0.000655,0.000002,,,,,,,,,,,,0.537387,1.021448,1.825223,,,,,,
33282,,,,,,,,,-0.000000,0.000000,-3.126842,-3.133629,-0.000193,-0.177628,-0.084970,-0.077558,-0.011273,0.041569,-0.186186,,,,,,,,,
33290,,,,,,,,,-0.027467,-0.652434,,,-0.000163,-0.693999,-0.085596,-0.072882,,,,0.537385,1.021433,1.821723,,,,,,
33299,,,,,,,,,,,,,,,,,,,,0.537395,1.021410,1.821723,,,,,,
33302,,,,,,,,,-0.000000,0.000000,,,-0.000137,-0.583931,-0.086222,-0.074493,,,,,,,,,,,,
33310,,,,,,,,,,,,,,,,,,,,0.537388,1.021374,1.821723,,,,,,
33315,,,,,,,,,-0.000000,0.000000,,,-0.000115,-0.491319,-0.086847,-0.075947,,,,,,,,,,,,
33320,,,,,,,,,-0.027467,-0.652434,,,-0.000097,-0.957939,-0.087473,-0.071716,,,,0.537395,1.021329,1.818217,,,,,,
33330,0.537434,1.021146,1.812855,0.499990,1.000150,1.639066,0.001152,0.000006,-0.000000,0.000000,-3.132260,-3.143302,-0.000081,-0.806010,-0.088154,-0.073800,-0.011409,0.041385,-0.173789,0.537408,1.021240,1.814707,,,,,,
33340,,,,,,,,,-0.000000,0.000000,,,-0.000069,-0.678177,-0.088780,-0.075571,,,,0.537420,1.021132,1.814707,,,,,,
33350,,,,,,,,,-0.000000,0.000000,,,-0.000058,-0.570618,-0.089407,-0.077161,,,,0.537430,1.020984,1.811234,,,,,,
33360,,,,,,,,,-0.027467,-0.652434,,,-0.000049,-1.024661,-0.090033,-0.073045,,,,0.537434,1.020921,1.811234,,,,,,
33370,,,,,,,,,,,,,,,,,,,,0.537434,1.020882,1.807714,,,,,,
33375,,,,,,,,,-0.000000,0.000000,,,-0.000041,-0.862150,-0.090660,-0.075126,,,,,,,,,,,,
33380,0.537434,1.020841,1.808146,0.499982,1.000257,1.639067,0.001782,0.000019,-0.000000,0.000000,-3.032249,-3.048766,,,-0.090266,-0.076013,-0.011201,0.041242,-0.169079,0.537435,1.020813,1.807714,,,,,,
33383,,,,,,,,,,,,,-0.000034,-0.725413,,,,,,,,,,,,,,
33390,,,,,,,,,-0.027467,-0.652434,,,-0.000029,-1.154905,-0.090873,-0.072097,,,,0.537466,1.020712,1.804189,,,,,,
33400,,,,,,,,,-0.000000,0.000000,,,-0.000024,-0.971737,-0.091479,-0.074344,,,,0.537482,1.020576,1.800660,,,,,,
33403,,,,,,,,,,,,,,,,,,,,0.537482,1.020576,1.800660,,,,,,
33410,,,,,,,,,,,,,,,,,,,,0.537487,1.020453,1.800660,,,,,,
33416,,,,,,,,,-0.000000,0.000000,,,-0.000020,-0.817619,-0.092086,-0.076331,,,,,,,,,,,,
33420,,,,,,,,,-0.000000,0.000000,,,-0.000017,-0.687945,-0.092692,-0.078100,,,,0.537504,1.020340,1.797125,,,,,,
33429,0.537504,1.020305,1.798084,0.499972,1.000406,1.639071,0.002540,0.000046,,,,,,,,,,,,0.537510,1.020256,1.797162,,,,,,
33432,,,,,,,,,-0.027467,-0.652434,-2.906435,-2.928299,-0.000014,-1.123380,-0.092015,-0.072902,-0.010930,0.041051,-0.159013,,,,,,,,,
33440,,,,,,,,,-0.000000,0.000000,,,-0.000012,-0.945212,-0.092597,-0.075080,,,,0.537502,1.020187,1.793586,,,,,,
33449,,,,,,,,,,,,,,,,,,,,0.537515,1.020106,1.793586,,,,,,
33452,,,,,,,,,-0.000000,0.000000,,,-0.000010,-0.795301,-0.093178,-0.077006,,,,,,,,,,,,
33459,,,,,,,,,,,,,,,,,,,,0.537542,1.019968,1.790042,,,,,,
33462,,,,,,,,,-0.027467,-0.652434,,,-0.000009,-1.213709,-0.093759,-0.073165,,,,,,,,,,,,
33470,,,,,,,,,,,,,,,,,,,,0.537561,1.019872,1.790078,,,,,,
33475,,,,,,,,,-0.000000,0.000000,,,-0.000007,-1.021215,-0.094340,-0.075471,,,,,,,,,,,,
33480,0.537554,1.019892,1.787465,0.499959,1.000601,1.639078,0.003422,0.000097,-0.000000,0.000000,-2.800488,-2.827511,-0.000006,-0.859250,-0.093841,-0.076477,-0.010757,0.040863,-0.148387,0.537558,1.019854,1.786492,,,,,,
33490,,,,,,,,,-0.000000,0.000000,,,-0.000005,-0.722973,-0.094401,-0.078260,,,,0.537574,1.019787,1.786529,,,,,,
33493,,,,,,,,,,,,,,,,,,,,0.537574,1.019787,1.786529,,,,,,
33500,,,,,,,,,-0.027467,0.652434,,,-0.544547,-0.608309,-0.089407,-0.079851,,,,0.537580,1.019764,1.786529,,,,,,
33509,,,,,,,,,,,,,,,,,,,,0.537581,1.019765,1.786528,,,,,,
33512,,,,,,,,,-0.000000,0.000000,,,-0.458182,-0.511831,-0.090739,-0.081279,,,,,,,,,,,,
33519,,,,,,,,,,,,,,,,,,,,0.537572,1.019765,1.786492,,,,,,
33522,,,,,,,,,-0.000000,0.000000,,,-0.385514,-0.430655,-0.091949,-0.082570,,,,,,,,,,,,
33531,0.537571,1.019776,1.786574,0.499942,1.000849,1.639090,0.004424,0.000185,-0.027467,-0.652434,-2.643194,-2.677574,-0.324372,-0.906896,-0.091451,-0.076662,-0.010432,0.040809,-0.147484,0.537582,1.019736,1.786492,,,,,,
33540,,,,,,,,,-0.000000,0.000000,,,-0.272926,-0.763062,-0.092440,-0.078483,,,,0.537596,1.019688,1.782938,,,,,,
33550,,,,,,,,,-0.000000,0.000000,,,-0.229640,-0.642040,-0.093355,-0.080101,,,,0.537609,1.019615,1.782938,,,,,,
33560,,,,,,,,,-0.000000,0.000000,,,-0.193219,-0.540213,-0.094209,-0.081546,,,,0.537627,1.019516,1.782938,,,,,,
33570,,,,,,,,,,,,,,,,,,,,0.537643,1.019432,1.779415,,,,,,
33575,,,,,,,,,-0.027467,-0.652434,,,-0.162575,-0.999078,-0.095012,-0.077293,,,,,,,,,,,,
33579,0.537663,1.019300,1.777245,0.499921,1.001155,1.639112,0.005540,0.000328,,,,,,,,,,,,0.537646,1.019380,1.779378,,,,,,
33582,,,,,,,,,-0.000000,0.000000,-2.456502,-2.495836,-0.136790,-0.840624,-0.093867,-0.077392,-0.010024,0.040660,-0.138133,,,,,,,,,
33590,,,,,,,,,-0.000000,0.000000,,,-0.115095,-0.707301,-0.094552,-0.079083,,,,0.537658,1.019302,1.779378,,,,,,
33600,,,,,,,,,-0.027467,-0.652434,,,-0.096841,-0.595123,-0.095206,-0.080585,,,,0.537689,1.019114,1.779378,,,,,,
33609,,,,,,,,,,,,,,,,,,,,0.537718,1.018872,1.775885,,,,,,
33612,,,,,,,,,-0.000000,0.000000,,,-0.081482,-1.045280,-0.095835,-0.076373,,,,,,,,,,,,
33620,,,,,,,,,-0.054935,0.000000,,,-0.613102,-1.424042,-0.090888,-0.072800,,,,0.537700,1.018776,1.775882,,,,,,
33629,0.537726,1.018554,1.772698,0.499896,1.001526,1.639146,0.006768,0.000545,,,,,,,,,,,,0.537680,1.018732,1.772282,,,,,,
33632,,,,,,,,,-0.000000,0.000000,-2.116310,-2.161702,-0.515864,-1.198188,-0.088778,-0.071910,-0.009096,0.040476,-0.133552,,,,,,,,,
33639,,,,,,,,,,,,,,,,,,,,0.537675,1.018603,1.768707,,,,,,
33642,,,,,,,,,-0.000000,0.000000,,,-0.434048,-1.008155,-0.089933,-0.074041,,,,,,,,,,,,
33650,,,,,,,,,-0.054935,0.000000,,,-0.909751,-1.392805,-0.085417,-0.070348,,,,0.537722,1.018360,1.768707,,,,,,
33653,,,,,,,,,,,,,,,,,,,,0.537722,1.018360,1.768707,,,,,,
33660,,,,,,,,,-0.000000,0.000000,,,-0.765465,-1.171906,-0.087130,-0.072755,,,,0.537790,1.018105,1.768705,,,,,,
33669,,,,,,,,,,,,,,,,,,,,0.537853,1.017847,1.772280,,,,,,
33675,,,,,,,,,-0.027467,0.652434,,,-1.188605,-0.986042,-0.083084,-0.074849,,,,,,,,,,,,
33680,0.537915,1.017613,1.778322,0.499866,1.001965,1.639200,0.008103,0.000860,-0.027467,0.652434,-1.571943,-1.628026,,,,,-0.007472,0.040457,-0.139123,0.537906,1.017649,1.775849,,,,,,
33683,,,,,,,,,,,,,-1.544635,-0.829655,-0.074086,-0.071236,,,,,,,,,,,,
33690,,,,,,,,,-0.000000,0.000000,,,-1.299656,-0.698072,-0.076590,-0.072737,,,,0.537978,1.017415,1.779415,,,,,,
33699,,,,,,,,,,,,,,,,,,,,0.537964,1.017254,1.779416,,,,,,
33702,,,,,,,,,-0.000000,0.000000,,,-1.093530,-0.587358,-0.078747,-0.074053,,,,,,,,,,,,
33710,,,,,,,,,-0.000000,0.000000,,,-0.920096,-0.494203,-0.080612,-0.075211,,,,0.538022,1.017058,1.783006,,,,,,
33720,,,,,,,,,-0.027467,-0.652434,,,-0.774169,-0.960365,-0.082230,-0.070683,,,,0.538034,1.016985,1.782976,,,,,,
33729,0.538013,1.016905,1.779848,0.499830,1.002479,1.639279,0.009540,0.001304,,,,,,,,,,,,0.537998,1.016963,1.782976,,,,,,
33732,,,,,,,,,-0.000000,0.000000,-1.117148,-1.182539,-0.651386,-0.808051,-0.079003,-0.067826,-0.006187,0.040346,-0.140569,,,,,,,,,
33739,,,,,,,,,,,,,,,,,,,,0.538021,1.016991,1.779415,,,,,,
33742,,,,,,,,,-0.000000,0.000000,,,-0.548076,-0.679894,-0.080150,-0.069208,,,,,,,,,,,,
33749,,,,,,,,,,,,,,,,,,,,0.538047,1.016921,1.779416,,,,,,
33752,,,,,,,,,-0.000000,0.000000,,,-0.461151,-0.572063,-0.081151,-0.070409,,,,0.538047,1.016921,1.779416,,,,,,
33760,,,,,,,,,-0.000000,0.000000,,,-0.388012,-0.481334,-0.082028,-0.071456,,,,0.538055,1.016876,1.779416,,,,,,
33769,,,,,,,,,,,,,,,,,,,,0.538051,1.016874,1.779416,,,,,,
33772,,,,,,,,,-0.000000,0.000000,,,-0.326473,-0.404994,-0.082801,-0.072375,,,,,,,,,,,,
33779,0.538038,1.016916,1.779453,0.499790,1.003072,1.639394,0.011075,0.001907,,,,,,,,,,,,0.538040,1.016917,1.779416,,,,,,
33782,,,,,,,,,-0.000000,0.000000,-0.858623,-0.932134,-0.274695,-0.340762,-0.080851,-0.070632,-0.005621,0.040286,-0.140059,,,,,,,,,
33789,,,,,,,,,,,,,,,,,,,,0.538054,1.016920,1.779379,,,,,,
33795,,,,,,,,,-0.000000,0.000000,,,-0.231128,-0.286717,-0.081412,-0.071301,,,,,,,,,,,,
33799,,,,,,,,,,,,,,,,,,,,0.538041,1.016909,1.779416,,,,,,
33802,,,,,,,,,-0.000000,0.000000,,,-0.194471,-0.241244,-0.081911,-0.071894,,,,,,,,,,,,
33810,,,,,,,,,-0.000000,0.000000,,,-0.163628,-0.202982,-0.082359,-0.072422,,,,0.538051,1.016886,1.779379,,,,,,
33819,,,,,,,,,,,,,,,,,,,,0.538035,1.016898,1.779416,,,,,,
33822,,,,,,,,,-0.000000,0.000000,,,-0.137677,-0.170789,-0.082762,-0.072897,,,,,,,,,,,,
33829,0.538033,1.016908,1.779419,0.499743,1.003748,1.639554,0.012704,0.002709,,,,,,,,,,,,0.538033,1.016907,1.779416,,,,,,
33832,,,,,,,,,-0.000000,0.000000,-0.563510,-0.644976,-0.115841,-0.143702,-0.080119,-0.070396,-0.004944,0.040186,-0.139865,,,,,,,,,
33839,,,,,,,,,,,,,,,,,,,,0.538033,1.016908,1.779416,,,,,,
33842,,,,,,,,,-0.000000,0.000000,,,-0.097469,-0.120911,-0.080396,-0.070729,,,,,,,,,,,,
33850,,,,,,,,,-0.000000,0.000000,,,-0.082010,-0.101734,-0.080647,-0.071029,,,,0.538039,1.016905,1.779416,,,,,,
33853,,,,,,,,,,,,,,,,,,,,0.538039,1.016905,1.779416,,,,,,
33860,,,,,,,,,-0.000000,0.000000,,,-0.069003,-0.085599,-0.080876,-0.071303,,,,0.538038,1.016911,1.779416,,,,,,
33869,,,,,,,,,,,,,,,,,,,,0.538035,1.016905,1.779416,,,,,,
33872,,,,,,,,,-0.000000,0.000000,,,-0.058059,-0.072023,-0.081087,-0.071553,,,,,,,,,,,,
33879,0.538038,1.016908,1.779417,0.499690,1.004512,1.639773,0.014421,0.003749,,,,,,,,,,,,0.538039,1.016908,1.779416,,,,,,
33882,,,,,,,,,-0.000000,0.000000,-0.240107,-0.328884,-0.048851,-0.060600,-0.077983,-0.068560,-0.004185,0.040084,-0.139643,,,,,,,,,
33889,,,,,,,,,,,,,,,,,,,,0.538037,1.016906,1.779416,,,,,,
33895,,,,,,,,,-0.000000,0.000000,,,-0.041103,-0.050989,-0.078100,-0.068712,,,,,,,,,,,,
33900,,,,,,,,,-0.000000,0.000000,,,-0.034584,-0.042902,-0.078206,-0.068850,,,,0.538053,1.016903,1.779379,,,,,,
33909,,,,,,,,,,,,,,,,,,,,0.538043,1.016909,1.779416,,,,,,
33912,,,,,,,,,-0.000000,0.000000,,,-0.029099,-0.036098,-0.078303,-0.068976,,,,,,,,,,,,
33919,,,,,,,,,,,,,,,,,,,,0.538039,1.016910,1.779416,,,,,,
33922,,,,,,,,,-0.000000,0.000000,,,-0.024484,-0.030373,-0.078393,-0.069093,,,,,,,,,,,,
33929,0.538052,1.016910,1.779382,0.499631,1.005368,1.640067,0.016222,0.005074,,,,,,,,,,,,0.538053,1.016911,1.779379,,,,,,
33932,,,,,,,,,-0.000000,0.000000,0.113309,0.018231,-0.020601,-0.025556,-0.074871,-0.065661,-0.003336,0.039978,-0.139316,,,,,,,,,
33940,,,,,,,,,-0.000000,0.000000,,,-0.017334,-0.021503,-0.074877,-0.065694,,,,0.538060,1.016905,1.779379,,,,,,
33950,,,,,,,,,-0.000000,0.000000,,,-0.014585,-0.018092,-0.074879,-0.065721,,,,0.538044,1.016913,1.779416,,,,,,
33959,,,,,,,,,,,,,,,,,,,,0.538053,1.016912,1.779379,,,,,,
33962,,,,,,,,,-0.000000,0.000000,,,-0.012271,-0.015223,-0.074877,-0.065743,,,,,,,,,,,,
33969,,,,,,,,,,,,,,,,,,,,0.538041,1.016914,1.779416,,,,,,
33972,,,,,,,,,-0.000000,0.000000,,,-0.010325,-0.012808,-0.074872,-0.065761,,,,,,,,,,,,
33980,0.538054,1.016909,1.779380,0.499565,1.006319,1.640453,0.018101,0.006735,-0.000000,0.000000,0.498197,0.398121,,,,,-0.002390,0.039848,-0.138926,0.538054,1.016909,1.779379,,,,,,
33983,,,,,,,,,,,,,-0.008688,-0.010777,-0.070938,-0.061900,,,,,,,,,,,,
33989,,,,,,,,,,,,,,,,,,,,0.538043,1.016915,1.779416,,,,,,
33995,,,,,,,,,-0.000000,0.000000,,,-0.007310,-0.009068,-0.070851,-0.061836,,,,,,,,,,,,
33999,,,,,,,,,,,,,,,,,,,,0.538055,1.016909,1.779379,,,,,,
34002,,,,,,,,,-0.000000,0.000000,,,-0.006150,-0.007630,-0.070761,-0.061769,,,,,,,,,,,,
34010,,,,,,,,,-0.000000,0.000000,,,-0.005175,-0.006420,-0.070670,-0.061701,,,,0.538042,1.016913,1.779416,,,,,,
34019,,,,,,,,,,,,,,,,,,,,0.538053,1.016913,1.779379,,,,,,
34022,,,,,,,,,-0.000000,0.000000,,,-0.004354,-0.005401,-0.070578,-0.061630,,,,,,,,,,,,
34029,0.538036,1.016913,1.779413,0.499491,1.007369,1.640953,0.020053,0.008786,,,,,,,,,,,,0.538035,1.016914,1.779416,,,,,,
34032,,,,,,,,,-0.000000,0.000000,0.912129,0.808714,-0.003664,-0.004545,-0.066263,-0.057370,-0.001354,0.039686,-0.138461,,,,,,,,,
34040,,,,,,,,,-0.000000,0.000000,,,-0.003083,-0.003824,-0.066085,-0.057215,,,,0.538032,1.016914,1.779416,,,,,,
34049,,,,,,,,,,,,,,,,,,,,0.538051,1.016913,1.779379,,,,,,
34052,,,,,,,,,-0.000000,0.000000,,,-0.002594,-0.003217,-0.065907,-0.057058,,,,0.538051,1.016913,1.779379,,,,,,
34059,,,,,,,,,,,,,,,,,,,,0.538058,1.016914,1.779379,,,,,,
34062,,,,,,,,,-0.000000,0.000000,,,-0.002182,-0.002707,-0.065729,-0.056901,,,,,,,,,,,,
34070,,,,,,,,,-0.000000,0.000000,,,-0.001836,-0.002278,-0.065549,-0.056743,,,,0.538054,1.016916,1.779379,,,,,,
34079,0.538056,1.016927,1.779382,0.499410,1.008521,1.641591,0.022070,0.011288,,,,,,,,,,,,0.538057,1.016928,1.779379,,,,,,
34082,,,,,,,,,-0.000000,0.000000,1.356311,1.251839,-0.001545,-0.001917,-0.060839,-0.052065,-0.000221,0.039549,-0.137791,,,,,,,,,
34090,,,,,,,,,,,,,,,,,,,,0.538043,1.016920,1.779416,,,,,,
34095,,,,,,,,,-0.000000,0.000000,,,-0.001300,-0.001613,-0.060570,-0.051817,,,,,,,,,,,,
34099,,,,,,,,,,,,,,,,,,,,0.538035,1.016917,1.779416,,,,,,
34102,,,,,,,,,-0.000000,0.000000,,,-0.001094,-0.001357,-0.060300,-0.051569,,,,,,,,,,,,
34109,,,,,,,,,,,,,,,,,,,,0.538035,1.016920,1.779416,,,,,,
34112,,,,,,,,,-0.000000,0.000000,,,-0.000920,-0.001142,-0.060031,-0.051321,,,,,,,,,,,,
34119,,,,,,,,,,,,,,,,,,,,0.538055,1.016915,1.779379,,,,,,
34122,,,,,,,,,-0.000000,0.000000,,,-0.000774,-0.000961,-0.059761,-0.051072,,,,,,,,,,,,
34129,0.538058,1.016920,1.779380,0.499320,1.009779,1.642394,0.024146,0.014307,,,,,,,,,,,,0.538058,1.016919,1.779379,,,,,,
34132,,,,,,,,,-0.000000,0.000000,1.837754,1.734840,-0.000652,-0.000808,-0.054580,-0.045896,0.001036,0.039377,-0.136986,,,,,,,,,
34139,,,,,,,,,,,,,,,,,,,,0.538062,1.016921,1.779379,,,,,,
34142,,,,,,,,,-0.000000,0.000000,,,-0.000548,-0.000680,-0.054213,-0.045551,,,,,,,,,,,,
34149,,,,,,,,,,,,,,,,,,,,0.538040,1.016935,1.779379,,,,,,
34152,,,,,,,,,-0.000000,0.000000,,,-0.000461,-0.000572,-0.053846,-0.045204,,,,,,,,,,,,
34159,,,,,,,,,,,,,,,,,,,,0.538053,1.016917,1.779379,,,,,,
34162,,,,,,,,,-0.000000,0.000000,,,-0.000388,-0.000481,-0.053479,-0.044858,,,,,,,,,,,,
34169,,,,,,,,,,,,,,,,,,,,0.538056,1.016913,1.779379,,,,,,
34172,,,,,,,,,-0.000000,0.000000,,,-0.000327,-0.000405,-0.053112,-0.044512,,,,,,,,,,,,
34179,0.538041,1.016919,1.779413,0.499222,1.011143,1.643394,0.026274,0.017915,,,,,,,,,,,,0.538040,1.016919,1.779416,,,,,,
34182,,,,,,,,,-0.000000,0.000000,2.347964,2.249751,-0.000275,-0.000341,-0.047541,-0.038914,0.002389,0.039174,-0.136020,,,,,,,,,
34190,,,,,,,,,,,,,,,,,,,,0.538032,1.016920,1.779416,,,,,,
34195,,,,,,,,,-0.000000,0.000000,,,-0.000231,-0.000287,-0.047072,-0.038464,,,,,,,,,,,,
34200,,,,,,,,,-0.000000,0.000000,,,-0.000195,-0.000241,-0.046603,-0.038015,,,,0.538053,1.016914,1.779379,,,,,,
34203,,,,,,,,,,,,,,,,,,,,0.538053,1.016914,1.779379,,,,,,
34207,,,,,,,,,,,,,,,,,,,,0.538056,1.016920,1.779379,,,,,,
34212,,,,,,,,,-0.000000,0.000000,,,-0.000164,-0.000203,-0.046133,-0.037565,,,,,,,,,,,,
34220,,,,,,,,,-0.000000,0.000000,,,-0.000138,-0.000171,-0.045664,-0.037115,,,,0.538041,1.016926,1.779416,,,,,,
34230,0.538038,1.016922,1.779416,0.499114,1.012616,1.644626,0.028443,0.022190,-0.000000,0.000000,2.888937,2.799337,-0.000116,-0.000144,-0.039677,-0.031060,0.003849,0.038972,-0.134790,0.538037,1.016922,1.779416,,,,,,
34240,,,,,,,,,-0.000000,0.000000,,,-0.000097,-0.000121,-0.039099,-0.030500,,,,0.538057,1.016917,1.779379,,,,,,
34250,,,,,,,,,-0.000000,0.000000,,,-0.000082,-0.000102,-0.038521,-0.029940,,,,0.538035,1.016926,1.779416,,,,,,
34260,,,,,,,,,-0.000000,0.000000,,,-0.000069,-0.000086,-0.037944,-0.029381,,,,0.538051,1.016924,1.779379,,,,,,
34269,,,,,,,,,,,,,,,,,,,,0.538044,1.016929,1.779416,,,,,,
34272,,,,,,,,,-0.000000,0.000000,,,-0.000058,-0.000072,-0.037366,-0.028821,,,,,,,,,,,,
34280,0.538036,1.016925,1.779416,0.498996,1.014199,1.646130,0.030646,0.027222,-0.000000,0.000000,3.460587,3.384161,-0.000049,-0.000061,-0.030958,-0.022296,0.005419,0.038758,-0.133286,0.538035,1.016925,1.779416,,,,,,
34290,,,,,,,,,,,,,,,,,,,,0.538033,1.016920,1.779416,,,,,,
34295,,,,,,,,,-0.000000,0.000000,,,-0.000041,-0.000051,-0.030265,-0.021619,,,,,,,,,,,,
34300,,,,,,,,,-0.000000,0.000000,,,-0.000035,-0.000043,-0.029573,-0.020942,,,,0.538048,1.016922,1.779379,,,,,,
34310,,,,,,,,,-0.000000,0.000000,,,-0.000029,-0.000036,-0.028881,-0.020266,,,,0.538041,1.016924,1.779416,,,,,,
34320,,,,,,,,,-0.000000,0.000000,,,-0.000024,-0.000030,-0.028189,-0.019589,,,,0.538036,1.016926,1.779416,,,,,,
34329,0.538035,1.016927,1.779416,0.498866,1.015894,1.647953,0.032870,0.033109,,,,,,,,,,,,0.538035,1.016927,1.779416,,,,,,
34332,,,,,,,,,-0.000000,0.000000,4.063060,4.005190,-0.000021,-0.000026,-0.021352,-0.012578,0.007102,0.038533,-0.131463,,,,,,,,,
34339,,,,,,,,,,,,,,,,,,,,0.538036,1.016922,1.779416,,,,,,
34342,,,,,,,,,-0.000000,0.000000,,,-0.000017,-0.000022,-0.020539,-0.011777,,,,,,,,,,,,
34350,,,,,,,,,-0.000000,0.000000,,,-0.000015,-0.000018,-0.019727,-0.010976,,,,0.538036,1.016926,1.779416,,,,,,
34353,,,,,,,,,,,,,,,,,,,,0.538036,1.016926,1.779416,,,,,,
34359,,,,,,,,,,,,,,,,,,,,0.538034,1.016927,1.779416,,,,,,
34362,,,,,,,,,-0.000000,0.000000,,,-0.000012,-0.000015,-0.018914,-0.010175,,,,,,,,,,,,
34369,,,,,,,,,,,,,,,,,,,,0.538052,1.016920,1.779379,,,,,,
34372,,,,,,,,,-0.000000,0.000000,,,-0.000010,-0.000013,-0.018102,-0.009374,,,,,,,,,,,,
34379,0.538058,1.016923,1.779382,0.498725,1.017699,1.650145,0.035104,0.039963,,,,,,,,,,,,0.538060,1.016922,1.779379,,,,,,
34382,,,,,,,,,-0.000000,0.000000,4.696520,4.663599,-0.000009,-0.000011,-0.010828,-0.001857,0.008904,0.038320,-0.129238,,,,,,,,,
34389,,,,,,,,,,,,,,,,,,,,0.538040,1.016925,1.779416,,,,,,
34395,,,,,,,,,-0.000000,0.000000,,,-0.000007,-0.000009,-0.009888,-0.000924,,,,,,,,,,,,
34399,,,,,,,,,,,,,,,,,,,,0.538036,1.016931,1.779416,,,,,,
34402,,,,,,,,,-0.000000,0.000000,,,-0.000006,-0.000008,-0.008949,0.000009,,,,,,,,,,,,
34410,,,,,,,,,-0.000000,0.000000,,,-0.000005,-0.000006,-0.008010,0.000941,,,,0.538052,1.016927,1.782939,,,,,,
34419,,,,,,,,,,,,,,,,,,,,0.538054,1.016929,1.779379,,,,,,
34422,,,,,,,,,-0.000000,0.000000,,,-0.000004,-0.000005,-0.007071,0.001874,,,,,,,,,,,,
34429,0.538054,1.016929,1.779380,0.498570,1.019615,1.652764,0.037335,0.047911,,,,,,,,,,,,0.538054,1.016929,1.779379,,,,,,
34432,,,,,,,,,-0.000000,0.000000,5.353798,5.353087,-0.000004,-0.000005,0.000573,0.009839,0.010804,0.038072,-0.126616,,,,,,,,,
34440,,,,,,,,,-0.000000,0.000000,,,-0.000003,-0.000004,0.001644,0.010910,,,,0.538056,1.016929,1.779379,,,,,,
34449,,,,,,,,,,,,,,,,,,,,0.538037,1.016932,1.779416,,,,,,
34455,,,,,,,,,-0.000000,0.000000,,,-0.000003,-0.000003,0.002714,0.011981,,,,,,,,,,,,
34459,,,,,,,,,,,,,,,,,,,,0.538049,1.016928,1.779379,,,,,,
34462,,,,,,,,,-0.000000,0.000000,,,-0.000002,-0.000003,0.003785,0.013051,,,,,,,,,,,,
34470,,,,,,,,,-0.000000,0.000000,,,-0.000002,-0.000002,0.004856,0.014122,,,,0.538038,1.016935,1.779416,,,,,,
34481,0.538040,1.016934,1.779413,0.498400,1.021640,1.655878,0.039548,0.057101,-0.000000,0.000000,6.036696,6.076658,-0.000002,-0.000002,0.012892,0.022573,0.012813,0.037805,-0.123536,,,,,,,,,
34486,,,,,,,,,,,,,,,,,,,,0.538033,1.016929,1.779416,,,,,,
34489,,,,,,,,,,,,,,,,,,,,0.538033,1.016933,1.779416,,,,,,
34492,,,,,,,,,-0.000000,0.000000,,,-0.000001,-0.000002,0.014100,0.023788,,,,,,,,,,,,
34500,,,,,,,,,-0.000000,0.000000,,,-0.000001,-0.000001,0.015307,0.025004,,,,0.538051,1.016929,1.779379,,,,,,
34510,,,,,,,,,,,,,,,,,,,,0.538040,1.016938,1.779416,,,,,,
34515,,,,,,,,,-0.000000,0.000000,,,-0.000001,-0.000001,0.016514,0.026219,,,,,,,,,,,,
34519,,,,,,,,,,,,,,,,,,,,0.538034,1.016935,1.779416,,,,,,
34522,,,,,,,,,-0.000000,0.000000,,,-0.000001,-0.000001,0.017722,0.027434,,,,,,,,,,,,
34531,0.538034,1.016935,1.779416,0.498215,1.023772,1.659562,0.041727,0.067709,-0.000000,0.000000,6.744509,6.835219,-0.000001,-0.000001,0.026149,0.036387,0.014936,0.037540,-0.119854,0.538032,1.016934,1.779416,,,,,,
34540,,,,,,,,,-0.000000,0.000000,,,-0.000001,-0.000001,0.027498,0.037754,,,,0.538049,1.016931,1.779379,,,,,,
34549,,,,,,,,,,,,,,,,,,,,0.538058,1.016931,1.779379,,,,,,
34557,,,,,,,,,-0.000000,0.000000,,,-0.000000,-0.000001,0.028847,0.039121,,,,,,,,,,,,
34560,,,,,,,,,-0.000000,0.000000,,,-0.000000,-0.000000,0.030195,0.040488,,,,0.538047,1.016937,1.779416,,,,,,
34570,,,,,,,,,-0.000000,0.000000,,,-0.000000,-0.000000,0.031544,0.041855,,,,0.538038,1.016939,1.779416,,,,,,
34579,0.538036,1.016935,1.782677,0.498011,1.026007,1.663903,0.043854,0.079939,,,,,,,,,,,,0.538036,1.016935,1.782976,,,,,,
34582,,,,,,,,,-0.000000,0.000000,7.511259,7.655319,-0.000000,-0.000000,0.040714,0.051587,0.017286,0.037222,-0.118774,,,,,,,,,
34590,,,,,,,,,-0.000000,0.000000,,,-0.000000,-0.000000,0.042216,0.053118,,,,0.538052,1.016933,1.782939,,,,,,
34600,,,,,,,,,-0.000000,0.000000,,,-0.000000,-0.000000,0.043719,0.054649,,,,0.538039,1.016941,1.779416,,,,,,
34609,,,,,,,,,,,,,,,,,,,,0.538055,1.016939,1.779379,,,,,,
34615,,,,,,,,,-0.000000,0.000000,,,-0.000000,-0.000000,0.045221,0.056180,,,,,,,,,,,,
34620,,,,,,,,,0.027467,0.652434,,,-0.000000,0.544543,0.046723,0.052157,,,,0.538043,1.016939,1.779416,,,,,,
34629,0.538028,1.017050,1.782394,0.497787,1.028341,1.669003,0.045910,0.094042,,,,,,,,,,,,0.538055,1.016938,1.779379,,,,,,
34632,,,,,,,,,-0.000000,0.000000,8.222411,8.442861,-0.000000,0.458178,0.055479,0.062493,0.019490,0.036972,-0.113391,,,,,,,,,
34639,,,,,,,,,,,,,,,,,,,,0.538041,1.016943,1.779416,,,,,,
34642,,,,,,,,,0.027467,0.652434,,,-0.000000,0.930055,0.057124,0.059277,,,,,,,,,,,,
34649,,,,,,,,,,,,,,,,,,,,0.538057,1.016952,1.782939,,,,,,
34652,,,,,,,,,0.027467,-0.652434,,,0.544543,0.782548,0.053214,0.062284,,,,,,,,,,,,
34659,,,,,,,,,,,,,,,,,,,,0.538009,1.016976,1.782976,,,,,,
34662,,,,,,,,,-0.000000,0.000000,,,0.458178,0.658436,0.055630,0.065082,,,,,,,,,,,,
34669,,,,,,,,,,,,,,,,,,,,0.537981,1.017161,1.782938,,,,,,
34675,,,,,,,,,-0.000000,0.000000,,,0.385511,0.554008,0.057924,0.067704,,,,,,,,,,,,
34679,0.538001,1.017297,1.786148,0.497541,1.030769,1.674977,0.047874,0.110317,,,,,,,,,,,,0.537998,1.017320,1.786492,,,,,,
34682,,,,,,,,,-0.000000,0.000000,8.956460,9.256992,0.324369,0.466142,0.067603,0.078482,0.021806,0.036647,-0.111171,,,,,,,,,
34690,,,,,,,,,-0.000000,0.000000,,,0.272924,0.392212,0.069854,0.080994,,,,0.538006,1.017429,1.786492,,,,,,
34699,,,,,,,,,,,,,,,,,,,,0.538010,1.017383,1.786492,,,,,,
34702,,,,,,,,,0.027467,0.652434,,,0.229638,0.874550,0.072032,0.077848,,,,,,,,,,,,
34710,,,,,,,,,,,,,,,,,,,,0.538001,1.017423,1.786492,,,,,,
34716,,,,,,,,,-0.000000,0.000000,,,0.193218,0.735846,0.074149,0.080939,,,,,,,,,,,,
34720,,,,,,,,,-0.000000,0.000000,,,0.162573,0.619141,0.076214,0.083833,,,,0.537977,1.017437,1.786529,,,,,,
34729,0.537987,1.017447,1.786497,0.497269,1.033284,1.681966,0.049724,0.129137,,,,,,,,,,,,0.537986,1.017461,1.786529,,,,,,
34732,,,,,,,,,-0.000000,0.000000,9.688240,10.097312,0.136789,0.520945,0.085700,0.095134,0.024185,0.036385,-0.104531,,,,,,,,,
34739,,,,,,,,,,,,,,,,,,,,0.537984,1.017487,1.786529,,,,,,
34742,,,,,,,,,-0.000000,0.000000,,,0.115094,0.438323,0.087832,0.097892,,,,,,,,,,,,
34749,,,,,,,,,,,,,,,,,,,,0.537966,1.017565,1.786528,,,,,,
34752,,,,,,,,,0.027467,0.652434,,,0.096840,0.913348,0.089932,0.094978,,,,,,,,,,,,
34759,,,,,,,,,,,,,,,,,,,,0.537954,1.017671,1.790078,,,,,,
34762,,,,,,,,,0.027467,-0.652434,,,0.626025,0.768491,0.086453,0.098293,,,,,,,,,,,,
34769,,,,,,,,,,,,,,,,,,,,0.537938,1.017801,1.790078,,,,,,
34775,,,,,,,,,0.027467,0.652434,,,0.526737,1.191151,0.089278,0.095847,,,,,,,,,,,,
34779,0.537895,1.018022,1.795762,0.496969,1.035878,1.690133,0.051435,0.150961,,,,,,,,,,,,0.537916,1.017953,1.793622,,,,,,
34782,,,,,,,,,-0.000000,0.000000,10.404634,10.914930,0.443197,1.002235,0.099270,0.107895,0.026535,0.035912,-0.105629,,,,,,,,,
34789,,,,,,,,,,,,,,,,,,,,0.537933,1.018134,1.797161,,,,,,
34792,,,,,,,,,0.027467,0.652434,,,0.372906,1.387823,0.101979,0.105945,,,,,,,,,,,,
34799,,,,,,,,,,,,,,,,,,,,0.537930,1.018313,1.804225,,,,,,
34802,,,,,,,,,0.027467,0.652434,,,0.313763,1.712258,0.104589,0.104541,,,,0.537930,1.018313,1.804225,,,,,,
34810,,,,,,,,,,,,,,,,,,,,0.537914,1.018579,1.811269,,,,,,
34816,,,,,,,,,0.027467,0.652434,,,0.264000,1.985237,0.107114,0.103597,,,,,,,,,,,,
34819,,,,,,,,,,,,,,,,,,,,0.537851,1.018885,1.814749,,,,,,
34822,,,,,,,,,0.027467,0.652434,,,0.222129,2.214921,0.109570,0.103040,,,,,,,,,,,,
34829,0.537777,1.019244,1.825558,0.496637,1.038542,1.699675,0.052982,0.176366,,,,,,,,,,,,0.537796,1.019234,1.825300,,,,,,
34832,,,,,,,,,0.027467,0.652434,11.170228,11.736748,0.186900,2.408177,0.119774,0.111192,0.029043,0.034948,-0.125884,,,,,,,,,
34839,,,,,,,,,,,,,,,,,,,,0.537744,1.019541,1.832286,,,,,,
34842,,,,,,,,,0.054935,1.304868,,,0.157257,3.115326,0.122274,0.105844,,,,,,,,,,,,
34850,,,,,,,,,0.027467,0.652434,,,0.132316,3.165778,0.124731,0.107054,,,,0.537700,1.019891,1.839254,,,,,,
34860,,,,,,,,,0.054935,1.304868,,,0.111331,3.752772,0.127152,0.102781,,,,0.537666,1.020286,1.849701,,,,,,
34869,,,,,,,,,,,,,,,,,,,,0.537594,1.020743,1.860051,,,,,,
34875,,,,,,,,,0.082402,0.652434,,,0.638217,4.246668,0.123990,0.099340,,,,,,,,,,,,
34880,0.537357,1.021482,1.866243,0.496269,1.041263,1.710829,0.054339,0.206081,0.054935,0.000000,11.736962,12.347861,,,,,0.030888,0.033548,-0.155415,0.537419,1.021323,1.866982,,,,,,
34883,,,,,,,,,,,,,1.081539,4.117689,0.127355,0.108387,,,,,,,,,,,,
34889,,,,,,,,,,,,,,,,,,,,0.537256,1.021965,1.866947,,,,,,
34892,,,,,,,,,0.082402,-0.652434,,,1.999093,4.009166,0.120127,0.111140,,,,,,,,,,,,
34900,,,,,,,,,0.082402,0.652434,,,2.226580,4.462399,0.119754,0.108185,,,,0.537087,1.022658,1.866979,,,,,,
34909,,,,,,,,,,,,,,,,,,,,0.536906,1.023330,1.866947,,,,,,
34912,,,,,,,,,0.082402,-0.652434,,,2.962530,4.299205,0.114150,0.111426,,,,,,,,,,,,
34919,,,,,,,,,,,,,,,,,,,,0.536667,1.024104,1.863558,,,,,,
34922,,,,,,,,,0.109870,0.000000,,,3.037216,4.706437,0.115143,0.108882,,,,,,,,,,,,
34929,0.536370,1.025178,1.860623,0.495861,1.044030,1.723886,0.055477,0.241041,,,,,,,,,,,,0.536426,1.025035,1.860108,,,,,,
34932,,,,,,,,,0.082402,0.652434,11.347210,12.196700,3.644599,5.049082,0.106712,0.105374,0.029643,0.033432,-0.136737,,,,,,,,,
34940,,,,,,,,,0.082402,-0.652434,,,4.155652,4.792840,0.103040,0.109417,,,,0.536232,1.025887,1.860113,,,,,,
34950,,,,,,,,,0.109870,0.000000,,,4.585651,5.121781,0.100092,0.107543,,,,0.536001,1.026627,1.860161,,,,,,
34959,,,,,,,,,,,,,,,,,,,,0.535729,1.027562,1.860152,,,,,,
34962,,,,,,,,,0.109870,0.000000,,,4.947453,5.398552,0.097754,0.106135,,,,,,,,,,,,
34970,,,,,,,,,,,,,,,,,,,,0.535429,1.028728,1.863589,,,,,,
34975,,,,,,,,,0.109870,0.000000,,,5.251873,5.631428,0.095929,0.105119,,,,,,,,,,,,
34980,0.535080,1.029930,1.863289,0.495408,1.046829,1.739207,0.056368,0.282453,0.054935,0.000000,10.711598,11.816391,,,,,0.027620,0.033114,-0.124082,0.535105,1.029884,1.863533,,,,,,
34983,,,,,,,,,,,,,4.963468,5.282826,0.093606,0.106108,,,,,,,,,,,,
34989,,,,,,,,,,,,,,,,,,,,0.534836,1.030920,1.863558,,,,,,
34992,,,,,,,,,0.164805,0.000000,,,5.809891,6.078599,0.086122,0.099298,,,,,,,,,,,,
34999,,,,,,,,,,,,,,,,,,,,0.534585,1.031938,1.867004,,,,,,
35002,,,,,,,,,0.109870,0.000000,,,5.977528,6.203619,0.085393,0.099171,,,,,,,,,,,,
35010,,,,,,,,,0.109870,1.304868,,,5.574035,6.853354,0.090455,0.093666,,,,0.534321,1.033006,1.867028,,,,,,
35020,,,,,,,,,0.137337,-0.652434,,,6.323622,6.855497,0.083837,0.094637,,,,0.533988,1.034078,1.870470,,,,,,
35029,0.533581,1.035298,1.867107,0.494904,1.049643,1.757244,0.056985,0.331894,,,,,,,,,,,,0.533617,1.035185,1.870445,,,,,,
35032,,,,,,,,,0.109870,0.000000,9.869526,11.280581,6.409781,6.857301,0.075247,0.090145,0.025013,0.032802,-0.109863,,,,,,,,,
35040,,,,,,,,,0.082402,0.652434,,,5.937732,6.858819,0.080753,0.091014,,,,0.533295,1.036248,1.873914,,,,,,
35049,,,,,,,,,,,,,,,,,,,,0.532926,1.037411,1.873907,,,,,,
35052,,,,,,,,,0.109870,0.000000,,,6.085093,6.860096,0.080037,0.091886,,,,,,,,,,,,
35059,,,,,,,,,,,,,,,,,,,,0.532588,1.038511,1.873887,,,,,,
35062,,,,,,,,,0.109870,0.000000,,,6.209083,6.861170,0.079529,0.092759,,,,,,,,,,,,
35070,,,,,,,,,0.109870,0.000000,,,6.313408,6.862074,0.079197,0.093633,,,,0.532278,1.039544,1.873887,,,,,,
35079,0.531947,1.040671,1.876462,0.494344,1.052453,1.778566,0.057299,0.391447,,,,,,,,,,,,0.531945,1.040683,1.877319,,,,,,
35082,,,,,,,,,0.109870,0.000000,9.024181,10.788970,6.401187,6.862834,0.070390,0.089495,0.022551,0.032314,-0.097896,,,,,,,,,
35090,,,,,,,,,,,,,,,,,,,,0.531655,1.041592,1.880748,,,,,,
35095,,,,,,,,,0.109870,0.000000,,,6.475044,6.863474,0.070161,0.090274,,,,,,,,,,,,
35100,,,,,,,,,0.137337,0.652434,,,5.992645,7.408556,0.075592,0.085499,,,,0.531349,1.042605,1.880739,,,,,,
35109,,,,,,,,,,,,,,,,,,,,0.531059,1.043676,1.884141,,,,,,
35112,,,,,,,,,0.082402,0.652434,,,6.131297,7.322644,0.074784,0.087051,,,,,,,,,,,,
35120,,,,,,,,,0.054935,1.304868,,,5.158873,7.250358,0.085281,0.088482,,,,0.530801,1.044726,1.891028,,,,,,
35130,0.530529,1.045641,1.898400,0.493720,1.055241,1.803910,0.057283,0.463893,,,8.373071,10.530457,,,,,0.020934,0.031763,-0.094490,0.530482,1.045859,1.894433,,,,,,
35133,,,,,,,,,0.082402,0.652434,,,4.885218,7.189537,0.082204,0.087173,,,,,,,,,,,,
35139,,,,,,,,,,,,,,,,,,,,0.530210,1.046827,1.897840,,,,,,
35142,,,,,,,,,0.164805,0.000000,,,5.744051,7.682905,0.074142,0.082809,,,,,,,,,,,,
35149,,,,,,,,,,,,,,,,,,,,0.529919,1.047758,1.908043,,,,,,
35152,,,,,,,,,0.082402,0.652434,,,5.377587,7.553482,0.078405,0.084699,,,,,,,,,,,,
35160,,,,,,,,,0.137337,0.652434,,,5.613788,7.989128,0.076595,0.080850,,,,0.529632,1.048607,1.914814,,,,,,
35169,,,,,,,,,,,,,,,,,,,,0.529422,1.049466,1.921561,,,,,,
35172,,,,,,,,,0.054935,0.000000,,,5.267983,7.266594,0.080674,0.088729,,,,,,,,,,,,
35179,0.529156,1.050272,1.925802,0.493026,1.057983,1.834226,0.056916,0.552984,,,,,,,,,,,,0.529111,1.050458,1.928312,,,,,,
35182,,,,,,,,,0.082402,1.957303,7.789265,10.426722,4.432480,7.747741,0.083863,0.083416,0.019789,0.031196,-0.091576,,,,,,,,,
35190,,,,,,,,,,,,,,,,,,,,0.528851,1.051468,1.931611,,,,,,
35195,,,,,,,,,0.082402,-0.652434,,,4.818575,7.063492,0.080596,0.090931,,,,,,,,,,,,
35200,,,,,,,,,0.109870,1.304868,,,4.598891,7.576851,0.083431,0.086367,,,,0.528568,1.052445,1.938330,,,,,,
35209,,,,,,,,,,,,,,,,,,,,0.528294,1.053255,1.945095,,,,,,
35212,,,,,,,,,0.082402,0.652434,,,4.414050,7.464248,0.085954,0.088086,,,,,,,,,,,,
35220,,,,,,,,,0.109870,0.000000,,,4.803067,7.369503,0.082661,0.089644,,,,0.527995,1.054184,1.948438,,,,,,
35230,0.527664,1.055084,1.955691,0.492255,1.060656,1.870770,0.056178,0.663826,0.109870,1.304868,7.066446,10.313426,,,,,0.018459,0.030726,-0.084921,0.527703,1.055054,1.958430,,,,,,
35233,,,,,,,,,,,,,4.585843,7.834329,0.078101,0.084359,,,,,,,,,,,,
35240,,,,,,,,,0.082402,0.652434,,,4.403071,7.680890,0.080462,0.086420,,,,0.527397,1.056025,1.965122,,,,,,
35250,,,,,,,,,0.082402,0.652434,,,4.249287,7.551786,0.082563,0.088263,,,,0.527072,1.057057,1.971738,,,,,,
35260,,,,,,,,,0.109870,0.000000,,,4.119893,7.443159,0.084446,0.089924,,,,0.526725,1.057995,1.978369,,,,,,
35269,,,,,,,,,,,,,,,,,,,,0.526419,1.058926,1.988221,,,,,,
35272,,,,,,,,,0.109870,1.304868,,,4.555563,7.896302,0.080592,0.085876,,,,,,,,,,,,
35280,0.526067,1.059890,1.997069,0.491397,1.063234,1.915204,0.055059,0.803411,0.054935,0.000000,6.319681,10.315784,,,,,0.017380,0.030185,-0.081864,0.526124,1.059870,1.994883,,,,,,
35283,,,,,,,,,,,,,4.377594,7.188491,0.075292,0.093603,,,,,,,,,,,,
35290,,,,,,,,,,,,,,,,,,,,0.525790,1.060753,2.001489,,,,,,
35295,,,,,,,,,0.164805,1.304868,,,4.772393,8.226568,0.071654,0.083640,,,,,,,,,,,,
35299,,,,,,,,,,,,,,,,,,,,0.525461,1.061810,2.011311,,,,,,
35302,,,,,,,,,0.054935,1.304868,,,4.015491,8.010920,0.079684,0.086257,,,,,,,,,,,,
35310,,,,,,,,,0.082402,0.652434,,,3.923177,7.829473,0.081086,0.088569,,,,0.525087,1.062811,2.017828,,,,,,
35319,,,,,,,,,,,,,,,,,,,,0.524615,1.063812,2.024327,,,,,,
35322,,,,,,,,,0.109870,1.304868,,,3.845504,8.221347,0.082358,0.085069,,,,,,,,,,,,
35330,0.524197,1.064788,2.039447,0.490443,1.065688,1.969753,0.053561,0.981310,0.109870,0.000000,5.363911,10.342757,,,,,0.016049,0.029708,-0.069694,0.524248,1.064785,2.037352,,,,,,
35333,,,,,,,,,,,,,4.324693,8.006527,0.068216,0.087954,,,,,,,,,,,,
35340,,,,,,,,,0.082402,1.957303,,,3.638796,8.370320,0.075420,0.084711,,,,0.523869,1.065749,2.047051,,,,,,
35350,,,,,,,,,0.082402,0.652434,,,3.606225,8.131873,0.076097,0.087538,,,,0.523447,1.066502,2.053630,,,,,,
35359,,,,,,,,,,,,,,,,,,,,0.523008,1.067495,2.060063,,,,,,
35362,,,,,,,,,0.054935,1.304868,,,3.034278,7.931243,0.082282,0.090026,,,,,,,,,,,,
35370,,,,,,,,,0.137337,0.652434,,,3.642127,8.306977,0.076548,0.086676,,,,0.522473,1.068665,2.066488,,,,,,
35380,0.521894,1.069667,2.075726,0.489385,1.067988,2.037383,0.051705,1.210460,,,4.092505,10.385162,,,0.064262,0.089845,0.014257,0.029264,-0.038342,0.521976,1.069557,2.076061,,,,,,
35383,,,,,,,,,0.109870,1.304868,,,3.609029,8.078576,,,,,,,,,,,,,,
35390,,,,,,,,,,,,,,,,,,,,0.521574,1.070406,2.092040,,,,,,
35395,,,,,,,,,0.137337,0.652434,,,4.125722,8.975486,0.059088,0.081158,,,,,,,,,,,,
35400,,,,,,,,,0.054935,1.304868,,,3.471382,8.641059,0.065756,0.084851,,,,0.521203,1.071247,2.101621,,,,,,
35410,,,,,,,,,0.082402,0.652434,,,3.465364,8.359673,0.065942,0.088070,,,,0.520850,1.071930,2.111288,,,,,,
35419,,,,,,,,,,,,,,,,,,,,0.520455,1.072745,2.120821,,,,,,
35422,,,,,,,,,0.109870,1.304868,,,3.460300,8.667457,0.066119,0.085336,,,,,,,,,,,,
35429,0.519942,1.073649,2.134140,0.488211,1.070101,2.121984,0.049538,1.507672,,,,,,,,,,,,0.520020,1.073581,2.133514,,,,,,
35432,,,,,,,,,0.082402,1.957303,3.047428,10.988452,2.911496,8.926427,0.061183,0.089192,0.013945,0.028722,-0.012156,,,,,,,,,
35440,,,,,,,,,0.054935,1.304868,,,2.449732,8.599781,0.065920,0.092936,,,,0.519558,1.074417,2.146100,,,,,,
35449,,,,,,,,,,,,,,,,,,,,0.519135,1.075167,2.158637,,,,,,
35455,,,,,,,,,0.054935,1.304868,,,2.061204,9.414027,0.070003,0.085108,,,,,,,,,,,,
35459,,,,,,,,,,,,,,,,,,,,0.518799,1.075809,2.174255,,,,,,
35462,,,,,,,,,0.109870,2.609737,,,1.734297,9.010048,0.073535,0.089544,,,,,,,,,,,,
35470,,,,,,,,,0.082402,0.652434,,,2.003780,8.670139,0.071048,0.093406,,,,0.518447,1.076476,2.192997,,,,,,
35480,0.518068,1.077045,2.207927,0.486912,1.071993,2.228410,0.047152,1.892688,0.054935,1.304868,1.985578,12.048594,,,,,0.014474,0.028048,0.020483,0.518104,1.077041,2.211698,,,,,,
35483,,,,,,,,,,,,,1.685981,8.384140,0.063668,0.107601,,,,,,,,,,,,
35489,,,,,,,,,,,,,,,,,,,,0.517762,1.077615,2.230193,,,,,,
35492,,,,,,,,,0.109870,2.609737,,,1.418584,9.232587,0.066455,0.099679,,,,,,,,,,,,
35501,,,,,,,,,0.054935,1.304868,,,1.193596,8.857384,0.068864,0.104070,,,,0.517372,1.078219,2.245573,,,,,,
35509,,,,,,,,,,,,,,,,,,,,0.516952,1.078848,2.263912,,,,,,
35516,,,,,,,,,0.137337,3.262171,,,1.004292,10.175318,0.070953,0.091265,,,,,,,,,,,,
35519,,,,,,,,,,,,,,,,,,,,0.516545,1.079439,2.282215,,,,,,
35522,,,,,,,,,0.027467,0.652434,,,0.845011,9.106054,0.072774,0.102546,,,,,,,,,,,,
35531,0.516602,1.079330,2.278718,0.485475,1.073627,2.361992,0.044707,2.382638,0.054935,1.304868,0.852644,13.664723,0.710992,8.750919,0.062813,0.123242,0.015908,0.027356,0.083274,0.516074,1.080141,2.300441,,,,,,
35539,,,,,,,,,,,,,,,,,,,,0.515653,1.080696,2.321692,,,,,,
35542,,,,,,,,,0.109870,2.609737,,,0.598229,9.541195,0.063991,0.116164,,,,,,,,,,,,
35549,,,,,,,,,,,,,,,,,,,,0.515136,1.081335,2.339690,,,,,,
35555,,,,,,,,,0.109870,2.609737,,,0.503350,10.206133,0.065010,0.110206,,,,,,,,,,,,
35560,,,,,,,,,0.054935,1.304868,,,0.423518,9.676525,0.065894,0.116300,,,,0.514705,1.081907,2.360754,,,,,,
35569,,,,,,,,,,,,,,,,,,,,0.514174,1.082564,2.381616,,,,,,
35572,,,,,,,,,0.109870,2.609737,,,0.356348,10.320000,0.066665,0.110534,,,,,,,,,,,,
35580,0.513519,1.083295,2.402959,0.483888,1.074964,2.526808,0.042455,2.975507,0.054935,1.304868,-0.794851,15.229950,,,,,0.016300,0.026110,0.123849,0.513588,1.083298,2.402387,,,,,,
35583,,,,,,,,,,,,,0.299831,9.772333,0.050536,0.132754,,,,,,,,,,,,
35590,,,,,,,,,0.137337,3.262171,,,0.252278,10.945156,0.050803,0.121883,,,,0.512983,1.084020,2.426120,,,,,,
35599,,,,,,,,,,,,,,,,,,,,0.512379,1.084687,2.449658,,,,,,
35602,,,,,,,,,0.109870,2.609737,,,0.212267,11.387425,0.051001,0.118229,,,,,,,,,,,,
35609,,,,,,,,,,,,,,,,,,,,0.511721,1.085397,2.476109,,,,,,
35616,,,,,,,,,0.082402,1.957303,,,0.178601,12.304094,0.051143,0.109647,,,,,,,,,,,,
35620,,,,,,,,,0.109870,2.609737,,,0.150275,11.441750,0.051237,0.119028,,,,0.510944,1.086150,2.499529,,,,,,
35629,0.510109,1.086833,2.526367,0.482140,1.075965,2.721994,0.040772,3.615962,,,,,,,,,,,,0.510190,1.086843,2.525719,,,,,,
35632,,,,,,,,,0.137337,3.262171,-2.621332,16.940359,0.126441,12.349803,0.032661,0.127970,0.016568,0.025018,0.195627,,,,,,,,,
35639,,,,,,,,,,,,,,,,,,,,0.509371,1.087600,2.551757,,,,,,
35642,,,,,,,,,0.109870,2.609737,,,0.106388,12.569295,0.032316,0.126649,,,,,,,,,,,,
35650,,,,,,,,,0.109870,2.609737,,,0.089515,12.753976,0.031943,0.125640,,,,0.508634,1.088225,2.577779,,,,,,
35659,,,,,,,,,,,,,,,,,,,,0.507773,1.088969,2.603699,,,,,,
35662,,,,,,,,,0.109870,2.609737,,,0.075318,12.909367,0.031546,0.124892,,,,,,,,,,,,
35669,,,,,,,,,,,,,,,,,,,,0.506944,1.089608,2.635207,,,,,,
35675,,,,,,,,,0.109870,2.609737,,,0.063372,14.129199,0.031128,0.113256,,,,,,,,,,,,
35679,0.505927,1.090263,2.660551,0.480216,1.076586,2.937478,0.040160,4.158078,,,,,,,,,,,,0.505973,1.090315,2.660890,,,,,,
35682,,,,,,,,,0.109870,2.609737,-4.257904,18.347816,0.053321,12.977392,0.014001,0.139923,0.016464,0.024022,0.276927,,,,,,,,,
35690,,,,,,,,,0.164805,3.914605,,,0.044865,14.186436,0.013225,0.128665,,,,0.504982,1.091025,2.692175,,,,,,
35699,,,,,,,,,,,,,,,,,,,,0.503914,1.091732,2.720517,,,,,,
35702,,,,,,,,,0.137337,3.262171,,,0.037749,14.659182,0.012437,0.124675,,,,,,,,,,,,
35710,,,,,,,,,,,,,,,,,,,,0.502810,1.092349,2.751554,,,,,,
35716,,,,,,,,,0.109870,2.609737,,,0.031762,16.146036,0.011639,0.110247,,,,,,,,,,,,
35719,,,,,,,,,,,,,,,,,,,,0.501753,1.092941,2.782577,,,,,,
35722,,,,,,,,,0.137337,3.262171,,,0.026725,14.674359,0.010832,0.125698,,,,,,,,,,,,
35730,0.500484,1.093527,2.816822,0.478104,1.076784,-3.128849,0.041167,4.395011,0.109870,2.609737,-5.119205,18.900316,,,,,0.015868,0.023009,0.337514,0.500565,1.093581,2.816196,,,,,,
35733,,,,,,,,,,,,,0.022486,14.525177,0.001233,0.133590,,,,,,,,,,,,
35739,,,,,,,,,,,,,,,,,,,,0.499357,1.094213,2.849884,,,,,,
35742,,,,,,,,,0.192272,4.567039,,,0.018920,15.488741,0.000241,0.124637,,,,,,,,,,,,
35749,,,,,,,,,,,,,,,,,,,,0.498011,1.094800,2.880590,,,,,,
35752,,,,,,,,,0.137337,3.262171,,,0.015919,16.299484,-0.000756,0.117049,,,,,,,,,,,,
35760,,,,,,,,,0.137337,3.262171,,,0.013394,16.437099,-0.001757,0.116166,,,,0.496666,1.095322,2.914037,,,,,,
35770,,,,,,,,,,,,,,,,,,,,0.495378,1.095776,2.947392,,,,,,
35775,,,,,,,,,0.109870,2.609737,,,0.011270,16.008347,-0.002762,0.121032,,,,0.495378,1.095776,2.947392,,,,,,
35779,0.494159,1.096135,2.980518,0.475789,1.076514,-2.930187,0.044228,4.210580,,,,,,,,,,,,0.494067,1.096247,2.983560,,,,,,
35782,,,,,,,,,0.137337,3.262171,-4.813483,18.392302,0.009483,16.192137,-0.000651,0.114554,0.014986,0.022314,0.372480,,,,,,,,,
35789,,,,,,,,,,,,,,,,,,,,0.492673,1.096682,3.016819,,,,,,
35792,,,,,,,,,0.164805,3.914605,,,0.007979,16.891321,-0.001601,0.107862,,,,,,,,,,,,
35799,,,,,,,,,,,,,,,,,,,,0.491244,1.097051,3.050098,,,,,,
35802,,,,,,,,,0.137337,3.262171,,,0.006713,16.935072,-0.002552,0.107716,,,,,,,,,,,,
35810,,,,,,,,,0.137337,3.262171,,,0.005648,16.971884,-0.003505,0.107632,,,,0.489802,1.097384,3.083313,,,,,,
35820,,,,,,,,,0.164805,3.914605,,,0.004753,17.547400,-0.004460,0.102046,,,,0.488388,1.097732,3.119267,,,,,,
35823,,,,,,,,,,,,,,,,,,,,0.488388,1.097732,3.119267,,,,,,
35830,0.486822,1.097865,-3.128740,0.473257,1.075730,-2.761071,0.049521,3.697837,,,-3.526104,17.092159,0.003999,16.942553,0.007715,0.095123,0.013848,0.021959,0.367668,0.486903,1.097974,-3.130736,,,,,,
35833,,,,,,,,,0.109870,2.609737,,,,,,,,,,,,,,,,,,
35839,,,,,,,,,,,,,,,,,,,,0.485464,1.098105,-3.097490,,,,,,
35842,,,,,,,,,0.164805,3.914605,,,0.003365,17.522720,0.007016,0.089235,,,,,,,,,,,,
35850,,,,,,,,,0.137337,3.262171,,,0.002831,16.921787,0.006315,0.095278,,,,0.484016,1.098207,-3.061547,,,,,,
35860,,,,,,,,,0.109870,2.609737,,,0.002382,16.960705,0.005614,0.094916,,,,0.482638,1.098290,-3.031039,,,,,,
35869,,,,,,,,,,,,,,,,,,,,0.481300,1.098297,-2.997781,,,,,,
35875,,,,,,,,,0.109870,2.609737,,,0.002004,18.082537,0.004912,0.083499,,,,,,,,,,,,
35880,0.480076,1.098165,-2.969797,0.470494,1.074382,-2.623301,0.056979,3.062495,0.137337,3.262171,-1.540516,15.837047,,,,,0.013507,0.021795,0.346496,0.479960,1.098233,-2.967190,,,,,,
35883,,,,,,,,,,,,,0.001686,16.848274,0.024463,0.083088,,,,,,,,,,,,
35889,,,,,,,,,,,,,,,,,,,,0.478656,1.098147,-2.936629,,,,,,
35892,,,,,,,,,0.137337,3.262171,,,0.001419,16.354309,0.024157,0.087925,,,,,,,,,,,,
35900,,,,,,,,,0.109870,2.609737,,,0.001194,15.938686,0.023851,0.092060,,,,0.477459,1.098007,-2.908802,,,,,,
35909,,,,,,,,,,,,,,,,,,,,0.476297,1.097895,-2.880943,,,,,,
35912,,,,,,,,,0.137337,3.262171,,,0.001005,15.588982,0.023545,0.095607,,,,,,,,,,,,
35919,,,,,,,,,,,,,,,,,,,,0.475195,1.097763,-2.852999,,,,,,
35922,,,,,,,,,0.109870,2.609737,,,0.000845,15.839283,0.023238,0.093104,,,,,,,,,,,,
35929,0.474214,1.097554,-2.828735,0.467484,1.072424,-2.513171,0.066405,2.462041,,,,,,,,,,,,0.474166,1.097617,-2.827766,,,,,,
35932,,,,,,,,,0.082402,1.957303,0.769733,15.073471,0.000711,14.960800,0.046496,0.094275,0.014138,0.021839,0.315564,,,,,,,,,
35940,,,,,,,,,0.137337,3.262171,,,0.000598,15.310731,0.046651,0.090729,,,,0.473138,1.097395,-2.802533,,,,,,
35949,,,,,,,,,,,,,,,,,,,,0.472181,1.097201,-2.774370,,,,,,
35952,,,,,,,,,0.109870,2.609737,,,0.000503,15.060619,0.046805,0.093232,,,,,,,,,,,,
35959,,,,,,,,,,,,,,,,,,,,0.471186,1.096888,-2.748963,,,,,,
35962,,,,,,,,,0.109870,2.609737,,,0.000424,14.850176,0.046960,0.095381,,,,,,,,,,,,
35969,,,,,,,,,,,,,,,,,,,,0.470013,1.096518,-2.723553,,,,,,
35975,,,,,,,,,0.137337,3.262171,,,0.000356,15.217652,0.047115,0.091678,,,,,,,,,,,,
35979,0.468844,1.096139,-2.697929,0.464212,1.069805,-2.425380,0.077587,1.961403,,,,,,,,,,,,0.468934,1.096250,-2.700888,,,,,,
35982,,,,,,,,,0.082402,1.957303,3.179035,14.873233,0.000300,14.437760,0.071844,0.097561,0.015488,0.021796,0.272550,,,,,,,,,
35989,,,,,,,,,,,,,,,,,,,,0.467854,1.095950,-2.675325,,,,,,
35992,,,,,,,,,0.082402,1.957303,,,0.000252,13.781559,0.072480,0.104342,,,,,,,,,,,,
35999,,,,,,,,,,,,,,,,,,,,0.466948,1.095674,-2.652550,,,,,,
36002,,,,,,,,,0.109870,2.609737,,,0.000212,13.773974,0.073116,0.104637,,,,,,,,,,,,
36010,,,,,,,,,0.109870,2.609737,,,0.000179,13.767593,0.073752,0.104922,,,,0.465976,1.095301,-2.626810,,,,,,
36019,,,,,,,,,,,,,,,,,,,,0.464986,1.094863,-2.601000,,,,,,
36022,,,,,,,,,0.109870,2.609737,,,0.000150,13.762224,0.074389,0.105198,,,,,,,,,,,,
36029,0.463949,1.094341,-2.574462,0.460664,1.066476,-2.354971,0.090344,1.566950,,,,,,,,,,,,0.463941,1.094422,-2.575105,,,,,,
36032,,,,,,,,,0.082402,1.957303,5.725454,15.275753,0.000126,13.213163,0.100998,0.115127,0.017741,0.021738,0.219491,,,,,,,,,
36040,,,,,,,,,0.137337,3.262171,,,0.000106,13.840270,0.102143,0.109143,,,,0.462926,1.093949,-2.549108,,,,,,
36049,,,,,,,,,,,,,,,,,,,,0.461941,1.093435,-2.525884,,,,,,
36052,,,,,,,,,0.109870,2.609737,,,0.000090,13.823374,0.103289,0.109602,,,,,,,,,,,,
36059,,,,,,,,,,,,,,,,,,,,0.460997,1.092946,-2.496768,,,,,,
36062,,,,,,,,,0.137337,1.957303,,,0.544619,13.809157,0.098879,0.110037,,,,,,,,,,,,
36070,,,,,,,,,0.137337,1.957303,,,1.002785,13.797196,0.095242,0.110453,,,,0.459996,1.092423,-2.473380,,,,,,
36079,0.458959,1.091666,-2.454827,0.456824,1.062387,-2.297939,0.104541,1.262698,,,,,,,,,,,,0.459015,1.091786,-2.452832,,,,,,
36082,,,,,,,,,0.054935,1.304868,8.265742,16.012457,0.843743,12.698046,0.123720,0.129474,0.020215,0.021288,0.156888,,,,,,,,,
36089,,,,,,,,,,,,,,,,,,,,0.457864,1.091061,-2.438102,,,,,,
36095,,,,,,,,,0.164805,1.304868,,,1.799012,12.862307,0.115461,0.128462,,,,,,,,,,,,
36099,,,,,,,,,,,,,,,,,,,,0.456694,1.090318,-2.420381,,,,,,
36102,,,,,,,,,0.164805,2.609737,,,2.058232,13.545059,0.114110,0.122128,,,,,,,,,,,,
36109,,,,,,,,,,,,,,,,,,,,0.455622,1.089479,-2.405537,,,,,,
36112,,,,,,,,,0.164805,1.304868,,,2.820882,13.574984,0.107572,0.122316,,,,,,,,,,,,
36119,,,,,,,,,,,,,,,,,,,,0.454453,1.088662,-2.390686,,,,,,
36122,,,,,,,,,0.109870,1.304868,,,2.918033,13.055619,0.107670,0.128101,,,,,,,,,,,,
36129,0.453480,1.087751,-2.376938,,,,,,,,,,,,,,,,,0.453356,1.087724,-2.375779,,,,,,
36132,,,,0.452677,1.057489,-2.251212,0.120075,1.028771,0.137337,0.652434,10.277820,16.723249,3.544319,12.618626,0.122875,0.140400,0.021529,0.021282,0.125726,,,,,,,,,
36139,,,,,,,,,,,,,,,,,,,,0.452255,1.086787,-2.363818,,,,,,
36142,,,,,,,,,0.192272,1.957303,,,4.071276,13.340026,0.118847,0.133862,,,,,,,,,,,,
36149,,,,,,,,,,,,,,,,,,,,0.451150,1.085873,-2.348855,,,,,,
36152,,,,,,,,,0.164805,1.304868,,,4.514657,13.402469,0.115566,0.133902,,,,,,,,,,,,
36160,,,,,,,,,0.164805,1.304868,,,4.887719,13.455009,0.112913,0.134030,,,,0.449852,1.084702,-2.336764,,,,,,
36170,,,,,,,,,0.164805,1.304868,,,5.201612,13.499215,0.110789,0.134233,,,,0.448606,1.083691,-2.324687,,,,,,
36180,0.447369,1.082403,-2.312580,0.448209,1.051732,-2.212492,0.136866,0.847881,0.109870,1.304868,12.002542,17.420366,,,,,0.022045,0.021340,0.100088,0.447337,1.082453,-2.312661,,,,,,
36183,,,,,,,,,,,,,4.921179,12.991867,0.132257,0.147163,,,,,,,,,,,,
36189,,,,,,,,,,,,,,,,,,,,0.446144,1.081241,-2.300523,,,,,,
36195,,,,,,,,,0.219740,1.304868,,,6.318852,14.743157,0.119417,0.130186,,,,,,,,,,,,
36199,,,,,,,,,,,,,,,,,,,,0.444868,1.079973,-2.288377,,,,,,
36202,,,,,,,,,0.219740,1.304868,,,6.405768,13.493977,0.119667,0.143463,,,,,,,,,,,,
36209,,,,,,,,,,,,,,,,,,,,0.443547,1.078697,-2.276198,,,,,,
36212,,,,,,,,,0.192272,0.652434,,,7.023442,14.076546,0.114486,0.138306,,,,,,,,,,,,
36219,,,,,,,,,,,,,,,,,,,,0.442165,1.077221,-2.267008,,,,,,
36222,,,,,,,,,0.164805,1.304868,,,6.998610,14.022177,0.115736,0.139529,,,,,,,,,,,,
36230,0.440936,1.075896,-2.254175,0.443404,1.045068,-2.180059,0.154849,0.706616,,,13.662884,18.210073,,,,,0.022347,0.021379,0.074116,0.440838,1.075872,-2.254801,,,,,,
36233,,,,,,,,,0.219740,0.000000,,,8.066802,14.520973,0.122776,0.143176,,,,,,,,,,,,
36249,,,,,,,,,0.027467,0.652434,,,6.787406,12.217945,0.136945,0.167405,,,,0.439440,1.074362,-2.245575,,,,,,
36252,,,,,,,,,0.384545,2.609737,,,8.433639,15.181067,0.121529,0.138380,,,,,,,,,,,,
36262,,,,,,,,,0.219740,0.000000,,,9.274235,14.951520,0.114001,0.141327,,,,,,,,,,,,
36270,,,,,,,,,0.192272,0.652434,,,9.436970,14.758380,0.113218,0.143949,,,,0.435323,1.069678,-2.217842,,,,,,
36280,0.434021,1.067980,-2.209573,0.438249,1.037450,-2.152619,0.173967,0.595020,,,15.102286,18.977566,,,,,0.021990,0.021596,0.056954,0.433932,1.067947,-2.208475,,,,,,
36283,,,,,,,,,0.219740,0.000000,,,10.118438,14.595872,0.121795,0.154125,,,,,,,,,,,,
36290,,,,,,,,,,,,,,,,,,,,0.432572,1.066246,-2.199187,,,,,,
36295,,,,,,,,,0.192272,1.957303,,,9.602738,15.003680,0.128051,0.150842,,,,,,,,,,,,
36300,,,,,,,,,0.274675,1.304868,,,10.257915,15.891354,0.122469,0.142582,,,,0.431147,1.064444,-2.192968,,,,,,
36310,,,,,,,,,0.219740,0.000000,,,10.809181,15.549155,0.117815,0.146690,,,,0.429865,1.062715,-2.183623,,,,,,
36320,,,,,,,,,0.247207,0.652434,,,11.273016,15.805773,0.113942,0.144758,,,,0.428446,1.060768,-2.177380,,,,,,
36330,0.426977,1.058754,-2.174500,0.432729,1.028831,-2.129194,0.194166,0.505812,0.192272,0.652434,16.457588,19.807947,,,,,0.021368,0.021722,0.045307,0.426992,1.058829,-2.174276,,,,,,
36333,,,,,,,,,,,,,11.118744,15.477148,0.130106,0.157214,,,,,,,,,,,,
36340,,,,,,,,,0.302142,0.652434,,,12.078026,16.289730,0.121389,0.149792,,,,0.425663,1.056815,-2.168057,,,,,,
36350,,,,,,,,,,,,,,,,,,,,0.424377,1.054954,-2.161748,,,,,,
36355,,,,,,,,,0.192272,0.652434,,,11.796079,15.884350,0.125140,0.154631,,,,,,,,,,,,
36360,,,,,,,,,0.302142,0.652434,,,12.647935,16.632349,0.117384,0.147786,,,,0.423076,1.053034,-2.155509,,,,,,
36370,,,,,,,,,0.247207,0.652434,,,12.820144,16.172628,0.116389,0.153110,,,,0.421708,1.051003,-2.152304,,,,,,
36380,0.420282,1.048915,-2.148621,0.426832,1.019168,-2.109033,0.215391,0.433673,0.219740,-1.304868,17.969021,20.937372,,,,,0.021340,0.021734,0.039588,0.420297,1.048955,-2.149238,,,,,,
36383,,,,,,,,,,,,,13.509583,15.785820,0.125501,0.169303,,,,,,,,,,,,
36390,,,,,,,,,0.274675,1.304868,,,13.545135,16.549446,0.126030,0.162544,,,,0.418943,1.046913,-2.146151,,,,,,
36400,,,,,,,,,0.274675,1.304868,,,13.575047,16.647417,0.126610,0.162422,,,,0.417685,1.044800,-2.142985,,,,,,
36410,,,,,,,,,,,,,,,,,,,,0.416325,1.042656,-2.136689,,,,,,
36416,,,,,,,,,0.357077,0.652434,,,13.600216,16.729851,0.127232,0.162439,,,,,,,,,,,,
36420,,,,,,,,,0.164805,0.000000,,,14.165936,17.343754,0.122335,0.157019,,,,0.414823,1.040283,-2.133553,,,,,,
36430,0.413575,1.038402,-2.131872,0.420546,1.008418,-2.091552,0.237587,0.374696,0.219740,0.000000,19.563646,22.304234,,,,,0.021678,0.021857,0.040320,0.413372,1.038072,-2.130338,,,,,,
36433,,,,,,,,,,,,,14.097389,16.771206,0.140060,0.177520,,,,,,,,,,,,
36440,,,,,,,,,0.302142,0.652434,,,14.584257,17.378550,0.136188,0.172431,,,,0.411889,1.035779,-2.127173,,,,,,
36449,,,,,,,,,,,,,,,,,,,,0.410340,1.033515,-2.120887,,,,,,
36455,,,,,,,,,0.247207,0.652434,,,14.449365,17.345026,0.138559,0.173758,,,,,,,,,,,,
36460,,,,,,,,,0.329610,0.000000,,,15.424953,17.861362,0.129631,0.169484,,,,0.408872,1.031224,-2.117701,,,,,,
36470,,,,,,,,,0.302142,0.652434,,,15.701269,18.295807,0.127641,0.165941,,,,0.407420,1.028740,-2.111358,,,,,,
36479,0.405923,1.026209,-2.107416,0.413858,0.996541,-2.076300,0.260695,0.325983,,,,,,,,,,,,0.405940,1.026275,-2.108163,,,,,,
36482,,,,,,,,,0.219740,0.000000,21.111589,23.520224,15.389218,17.572262,0.147385,0.186526,0.021441,0.021986,0.031116,,,,,,,,,
36489,,,,,,,,,,,,,,,,,,,,0.404402,1.023653,-2.101817,,,,,,
36492,,,,,,,,,0.357077,0.652434,,,16.215746,18.597101,0.140099,0.177262,,,,,,,,,,,,
36500,,,,,,,,,0.329610,0.000000,,,16.911186,18.914858,0.133985,0.175006,,,,0.402896,1.020962,-2.098604,,,,,,
36510,,,,,,,,,,,,,,,,,,,,0.401390,1.018171,-2.095426,,,,,,
36516,,,,,,,,,0.466947,0.652434,,,16.951786,19.182219,0.134410,0.173200,,,,,,,,,,,,
36520,,,,,,,,,0.164805,0.000000,,,17.530489,19.407175,0.129340,0.171773,,,,0.399783,1.015379,-2.092230,,,,,,
36531,0.399946,1.015694,-2.093504,0.406758,0.983501,-2.062909,0.284652,0.285366,0.274675,1.304868,23.546507,25.795624,16.928324,19.596455,0.161034,0.193874,0.024493,0.021974,0.030595,0.398131,1.012799,-2.085851,,,,,,
36540,,,,,,,,,0.384545,0.000000,,,18.055292,20.300257,0.150863,0.187935,,,,0.396593,1.010115,-2.082659,,,,,,
36550,,,,,,,,,0.357077,0.652434,,,18.458981,20.892435,0.147843,0.182994,,,,0.395040,1.007288,-2.079450,,,,,,
36560,,,,,,,,,0.329610,0.000000,,,18.798643,20.846151,0.145396,0.184446,,,,0.393390,1.004399,-2.076239,,,,,,
36570,,,,,,,,,,,,,,,,,,,,0.391676,1.001441,-2.069822,,,,,,
36575,,,,,,,,,0.302142,0.652434,,,18.539892,20.807209,0.148985,0.185833,,,,,,,,,,,,
36580,0.390048,0.998706,-2.063127,0.399237,0.969263,-2.051092,0.309390,0.251203,0.329610,1.304868,24.525042,26.297184,,,,,0.021602,0.022015,0.012034,0.389812,0.998360,-2.063332,,,,,,
36583,,,,,,,,,,,,,18.322178,21.318985,0.162188,0.186727,,,,,,,,,,,,
36590,,,,,,,,,0.439480,0.000000,,,19.772623,22.294136,0.148634,0.177776,,,,0.387943,0.995348,-2.060092,,,,,,
36593,,,,,,,,,,,,,,,,,,,,0.387943,0.995348,-2.060092,,,,,,
36599,,,,,,,,,,,,,,,,,,,,0.385955,0.992230,-2.053617,,,,,,
36602,,,,,,,,,0.357077,0.652434,,,19.903942,22.570086,0.148245,0.175762,,,,0.385955,0.992230,-2.053617,,,,,,
36606,,,,,,,,,,,,,,,,,,,,0.385955,0.992230,-2.053617,,,,,,
36610,,,,,,,,,,,,,,,,,,,,0.385955,0.992230,-2.053617,,,,,,
36616,,,,,,,,,0.302142,0.652434,,,21.648064,24.980442,0.131379,0.151922,,,,,,,,,,,,
36620,,,,,,,,,0.466947,0.652434,,,19.848307,22.652170,0.150312,0.175933,,,,0.382010,0.985680,-2.040551,,,,,,
36631,0.381785,0.985032,-2.039710,0.391285,0.953796,-2.040615,0.334834,0.222233,0.247207,0.652434,26.861946,28.251137,19.423079,22.326792,0.179421,0.199912,0.023571,0.022591,-0.000906,0.380009,0.982384,-2.034003,,,,,,
36640,,,,,,,,,0.494415,0.000000,,,21.243465,23.686649,0.162341,0.187226,,,,0.378077,0.979115,-2.027417,,,,,,
36650,,,,,,,,,,,,,,,,,,,,0.376238,0.975707,-2.020942,,,,,,
36655,,,,,,,,,0.357077,0.652434,,,22.775139,23.741745,0.147842,0.187577,,,,,,,,,,,,
36660,,,,,,,,,0.439480,0.000000,,,21.885715,24.332647,0.157731,0.182452,,,,0.374543,0.972165,-2.017736,,,,,,
36669,,,,,,,,,,,,,,,,,,,,0.372838,0.968546,-2.017764,,,,,,
36672,,,,,,,,,0.412012,0.652434,,,22.226440,24.829832,0.155251,0.178164,,,,,,,,,,,,
36680,0.371273,0.964911,-2.013860,0.382895,0.937074,-2.031286,0.360907,0.197485,0.329610,0.000000,27.776255,28.674021,,,,,0.020167,0.022434,-0.017426,0.371136,0.964765,-2.014479,,,,,,
36683,,,,,,,,,,,,,21.968584,24.159077,0.168134,0.190003,,,,,,,,,,,,
36690,,,,,,,,,0.466947,0.652434,,,22.840710,25.228333,0.160400,0.180000,,,,0.369369,0.960978,-2.011203,,,,,,
36699,,,,,,,,,,,,,,,,,,,,0.367664,0.957203,-2.011187,,,,,,
36702,,,,,,,,,0.439480,0.000000,,,23.574516,25.583462,0.153903,0.177067,,,,,,,,,,,,
36710,,,,,,,,,,,,,,,,,,,,0.365774,0.953241,-2.011158,,,,,,
36716,,,,,,,,,0.384545,0.000000,,,23.647398,25.337723,0.153999,0.180191,,,,,,,,,,,,
36720,,,,,,,,,0.466947,0.652434,,,24.253263,25.675503,0.148645,0.177413,,,,0.364001,0.949373,-2.011220,,,,,,
36731,0.363796,0.948895,-2.008704,0.374062,0.919073,-2.022949,0.387525,0.176195,0.329610,-1.304868,30.165966,31.013107,24.218494,24.870625,0.174080,0.210081,0.022655,0.021943,-0.014245,0.362218,0.945225,-2.011237,,,,,,
36740,,,,,,,,,0.549350,0.000000,,,25.278328,26.371572,0.164459,0.196000,,,,0.360327,0.941204,-2.014533,,,,,,
36750,,,,,,,,,0.439480,0.000000,,,26.170071,26.545383,0.156341,0.195156,,,,0.358381,0.937275,-2.014493,,,,,,
36759,,,,,,,,,,,,,,,,,,,,0.356426,0.933401,-2.014472,,,,,,
36762,,,,,,,,,0.466947,0.652434,,,26.375839,26.691628,0.155041,0.194558,,,,,,,,,,,,
36769,,,,,,,,,,,,,,,,,,,,0.354622,0.929256,-2.014533,,,,,,
36775,,,,,,,,,0.357077,-0.652434,,,26.004431,26.270134,0.159587,0.199721,,,,,,,,,,,,
36780,0.352912,0.925638,-2.016744,0.364780,0.899775,-2.015471,0.414598,0.157764,0.439480,0.000000,30.460361,31.610134,,,,,0.018215,0.021863,0.001273,0.352629,0.924979,-2.014493,,,,,,
36783,,,,,,,,,,,,,26.236469,26.460033,0.161056,0.204822,,,,,,,,,,,,
36790,,,,,,,,,0.576817,0.652434,,,27.520794,28.253443,0.148800,0.187560,,,,0.350578,0.920817,-2.014420,,,,,,
36800,,,,,,,,,0.466947,0.652434,,,27.512339,28.128788,0.149475,0.189502,,,,0.348411,0.916470,-2.011193,,,,,,
36809,,,,,,,,,,,,,,,,,,,,0.346326,0.912311,-2.007913,,,,,,
36816,,,,,,,,,0.384545,0.000000,,,26.960680,28.023905,0.155691,0.191269,,,,,,,,,,,,
36820,,,,,,,,,0.549350,0.000000,,,28.130144,29.024742,0.144462,0.181777,,,,0.344217,0.907997,-2.004653,,,,,,
36829,0.341926,0.903424,-2.002566,0.355046,0.879164,-2.008744,0.442034,0.141710,,,,,,,,,,,,0.342002,0.903660,-2.001266,,,,,,
36832,,,,,,,,,0.357077,0.652434,31.838657,32.719944,26.935959,28.233217,0.171168,0.201688,0.016543,0.022068,-0.006179,,,,,,,,,
36840,,,,,,,,,0.576817,0.652434,,,28.109344,29.745399,0.160180,0.187161,,,,0.339815,0.899273,-1.997999,,,,,,
36850,,,,,,,,,0.494415,0.000000,,,28.552088,29.928663,0.156410,0.185887,,,,0.337707,0.894811,-1.994612,,,,,,
36859,,,,,,,,,,,,,,,,,,,,0.335724,0.890468,-1.991375,,,,,,
36862,,,,,,,,,0.466947,0.652434,,,28.380068,30.082863,0.158822,0.184872,,,,,,,,,,,,
36870,,,,,,,,,,,,,,,,,,,,0.333751,0.886150,-1.988130,,,,,,
36876,,,,,,,,,0.439480,0.000000,,,30.413504,32.390778,0.138772,0.161859,,,,,,,,,,,,
36879,0.331972,0.882037,-1.986382,0.344859,0.857232,-2.002677,0.469732,0.127649,,,,,,,,,,,,0.331900,0.881907,-1.984899,,,,,,
36882,,,,,,,,,0.439480,0.000000,34.017647,34.529442,27.768091,28.887226,0.188266,0.216118,0.017490,0.021805,-0.016295,,,,,,,,,
36890,,,,,,,,,0.604285,0.000000,,,29.354044,30.295683,0.173339,0.202880,,,,0.330039,0.877592,-1.984957,,,,,,
36899,,,,,,,,,,,,,,,,,,,,0.328108,0.873070,-1.981666,,,,,,
36902,,,,,,,,,0.521882,0.652434,,,29.599377,30.391672,0.171770,0.202748,,,,,,,,,,,,
36910,,,,,,,,,0.466947,0.652434,,,29.261257,31.016981,0.176102,0.197197,,,,0.326208,0.868636,-1.981711,,,,,,
36920,,,,,,,,,0.521882,-0.652434,,,30.065849,30.998573,0.168847,0.198087,,,,0.324246,0.864162,-1.981694,,,,,,
36929,0.322059,0.859543,-1.981750,0.334219,0.833974,-1.997194,0.497590,0.115267,,,,,,,,,,,,0.322145,0.859656,-1.978338,,,,,,
36932,,,,,,,,,0.412012,0.652434,36.093407,36.550354,29.109203,30.438541,0.200568,0.225119,0.018582,0.021362,-0.015444,,,,,,,,,
36940,,,,,,,,,0.604285,0.000000,,,30.482454,31.600960,0.187957,0.214485,,,,0.320061,0.854810,-1.978355,,,,,,
36949,,,,,,,,,,,,,,,,,,,,0.317835,0.849894,-1.978320,,,,,,
36952,,,,,,,,,0.521882,-0.652434,,,30.548822,31.489933,0.188402,0.216607,,,,,,,,,,,,
36960,,,,,,,,,0.521882,0.652434,,,31.149206,31.941057,0.183387,0.213018,,,,0.315586,0.845170,-1.974944,,,,,,
36970,,,,,,,,,,,,,,,,,,,,0.313405,0.840330,-1.975040,,,,,,
36975,,,,,,,,,0.494415,0.000000,,,31.109827,31.776091,0.184778,0.215622,,,,,,,,,,,,
36979,0.311395,0.835584,-1.972590,0.323126,0.809388,-1.992227,0.525503,0.104310,,,,,,,,,,,,0.311321,0.835466,-1.971750,,,,,,
36982,,,,,,,,,0.576817,1.957303,38.205029,38.451473,31.076693,33.270916,0.207651,0.220721,0.019522,0.021042,-0.019637,,,,,,,,,
36990,,,,,,,,,0.631752,-1.957303,,,32.682442,33.439575,0.192698,0.220037,,,,0.309108,0.830361,-1.971750,,,,,,
37000,,,,,,,,,0.521882,0.652434,,,32.944435,33.581486,0.191130,0.219592,,,,0.306857,0.825081,-1.971739,,,,,,
37009,,,,,,,,,,,,,,,,,,,,0.304624,0.820094,-1.968399,,,,,,
37012,,,,,,,,,0.604285,0.000000,,,33.709419,34.245434,0.184380,0.213794,,,,,,,,,,,,
37020,,,,,,,,,0.549350,0.000000,,,33.808533,34.259537,0.184268,0.214491,,,,0.302396,0.815019,-1.968413,,,,,,
37023,,,,,,,,,,,,,,,,,,,,0.302396,0.815019,-1.968413,,,,,,
37027,,,,,,,,,,,,,,,,,,,,0.302396,0.815019,-1.968413,,,,,,
37030,0.300063,0.809814,-1.968722,0.311584,0.783482,-1.987720,0.553360,0.094567,,,40.051456,40.249126,,,,,0.019810,0.020825,-0.018998,0.300008,0.809769,-1.968366,,,,,,
37033,,,,,,,,,0.576817,1.957303,,,33.347385,34.815945,0.208684,0.227990,,,,,,,,,,,,
37040,,,,,,,,,0.604285,-1.304869,,,34.593002,34.739563,0.197320,0.229856,,,,0.297541,0.804339,-1.968346,,,,,,
37049,,,,,,,,,,,,,,,,,,,,0.295239,0.799083,-1.968328,,,,,,
37052,,,,,,,,,0.604285,0.000000,,,35.096523,35.219837,0.193276,0.226059,,,,,,,,,,,,
37060,,,,,,,,,0.576817,-0.652434,,,35.520184,35.623940,0.189945,0.222943,,,,0.292847,0.793762,-1.965026,,,,,,
37069,,,,,,,,,,,,,,,,,,,,0.290467,0.788291,-1.965060,,,,,,
37075,,,,,,,,,0.521882,0.652434,,,34.787567,35.419411,0.198324,0.225954,,,,,,,,,,,,
37080,0.288278,0.783003,-1.962647,0.299598,0.756265,-1.983626,0.581048,0.085864,,,42.010944,42.072353,,,,,0.020388,0.020673,-0.020979,0.288094,0.782763,-1.965077,,,,,,
37083,,,,,,,,,0.686687,1.957303,,,35.260231,37.425491,0.214543,0.225055,,,,,,,,,,,,
37090,,,,,,,,,0.631752,-0.652435,,,36.202473,36.935234,0.206282,0.230985,,,,0.285738,0.777283,-1.961718,,,,,,
37099,,,,,,,,,,,,,,,,,,,,0.283187,0.771740,-1.961671,,,,,,
37102,,,,,,,,,0.631752,-0.652435,,,36.995274,37.611820,0.199357,0.225111,,,,,,,,,,,,
37109,,,,,,,,,,,,,,,,,,,,0.280538,0.766221,-1.961707,,,,,,
37112,,,,,,,,,0.604285,0.000000,,,37.117794,37.636555,0.199111,0.225751,,,,,,,,,,,,
37119,,,,,,,,,,,,,,,,,,,,0.278089,0.760682,-1.958417,,,,,,
37122,,,,,,,,,0.631752,0.652435,,,37.220882,38.201912,0.199038,0.220872,,,,,,,,,,,,
37129,0.275492,0.754924,-1.952917,0.287175,0.727754,-1.979902,0.608455,0.078055,,,,,,,,,,,,0.275387,0.755042,-1.955011,,,,,,
37132,,,,,,,,,0.494415,0.000000,43.991291,43.768250,36.218536,37.043972,0.230419,0.250755,0.020854,0.020972,-0.026984,,,,,,,,,
37140,,,,,,,,,0.796557,0.652434,,,38.097878,38.792397,0.212804,0.234266,,,,0.272795,0.749202,-1.951671,,,,,,
37149,,,,,,,,,,,,,,,,,,,,0.270357,0.743370,-1.948357,,,,,,
37152,,,,,,,,,0.631752,-0.652435,,,38.590069,39.174435,0.208963,0.231364,,,,,,,,,,,,
37160,,,,,,,,,0.631752,0.652435,,,38.459652,39.495884,0.211373,0.229004,,,,0.267937,0.737199,-1.944958,,,,,,
37169,,,,,,,,,,,,,,,,,,,,0.265423,0.730904,-1.944926,,,,,,
37172,,,,,,,,,0.659220,0.000000,,,38.894466,39.766350,0.208044,0.227100,,,,,,,,,,,,
37179,0.262908,0.724661,-1.945516,0.274323,0.697971,-1.976512,0.635463,0.071019,,,,,,,,,,,,0.262880,0.724691,-1.944836,,,,,,
37182,,,,,,,,,0.549350,0.000000,45.738476,45.277679,38.171230,38.904835,0.234262,0.252084,0.020660,0.020392,-0.030997,,,,,,,,,
37190,,,,,,,,,,,,,,,,,,,,0.260453,0.718595,-1.944862,,,,,,
37195,,,,,,,,,0.659220,0.000000,,,38.651787,43.080845,0.230874,0.210763,,,,,,,,,,,,
37200,,,,,,,,,0.824024,0.000000,,,40.689754,40.060020,0.211504,0.242015,,,,0.258059,0.712441,-1.944926,,,,,,
37209,,,,,,,,,,,,,,,,,,,,0.255560,0.706011,-1.944969,,,,,,
37212,,,,,,,,,0.686687,-0.652435,,,40.770874,40.785557,0.211686,0.235658,,,,,,,,,,,,
37220,,,,,,,,,0.686687,0.652435,,,41.383671,40.851482,0.206429,0.235884,,,,0.253077,0.699906,-1.948354,,,,,,
37230,0.250647,0.693518,-1.948471,0.261053,0.666942,-1.973426,0.661957,0.064652,,,47.375755,47.079914,,,,,0.020865,0.019472,-0.024955,0.250636,0.693607,-1.951729,,,,,,
37233,,,,,,,,,0.576817,-0.652434,,,40.810188,40.362408,0.229850,0.260140,,,,,,,,,,,,
37240,,,,,,,,,0.824024,0.000000,,,42.505836,42.129074,0.213868,0.243464,,,,0.248127,0.687011,-1.951754,,,,,,
37250,,,,,,,,,0.714155,0.000000,,,42.843468,41.981915,0.211398,0.245955,,,,0.245580,0.680481,-1.955079,,,,,,
37260,,,,,,,,,0.686687,0.652435,,,42.583008,42.402641,0.214961,0.242683,,,,0.242811,0.673889,-1.958398,,,,,,
37269,,,,,,,,,,,,,,,,,,,,0.240102,0.667374,-1.961731,,,,,,
37272,,,,,,,,,0.686687,-0.652435,,,42.908398,42.756638,0.212600,0.240008,,,,,,,,,,,,
37280,0.237218,0.660761,-1.960302,0.247376,0.634701,-1.970617,0.687820,0.058868,0.604285,0.000000,48.541458,48.822262,,,,,0.020250,0.019293,-0.010314,0.237190,0.660666,-1.958398,,,,,,
37283,,,,,,,,,,,,,42.093094,41.965405,0.233700,0.266715,,,,,,,,,,,,
37290,,,,,,,,,,,,,,,,,,,,0.234424,0.654147,-1.958364,,,,,,
37296,,,,,,,,,0.769089,0.000000,,,43.040730,42.933289,0.225324,0.258214,,,,,,,,,,,,
37299,,,,,,,,,,,,,,,,,,,,0.231753,0.647599,-1.958415,,,,,,
37302,,,,,,,,,0.824024,0.000000,,,44.382610,44.292210,0.212737,0.245531,,,,,,,,,,,,
37310,,,,,,,,,0.741622,-0.652433,,,44.967129,44.346523,0.207607,0.245883,,,,0.229046,0.640674,-1.955127,,,,,,
37320,,,,,,,,,0.741622,0.652433,,,44.914398,44.936764,0.208859,0.240758,,,,0.226163,0.633597,-1.955121,,,,,,
37329,0.223339,0.626598,-1.949743,0.233306,0.601285,-1.968061,0.712938,0.053590,,,,,,,,,,,,0.223312,0.626629,-1.951763,,,,,,
37332,,,,,,,,,0.686687,-1.957303,50.190094,50.066681,43.236401,43.799763,0.243516,0.265825,0.019830,0.018624,-0.018318,,,,,,,,,
37340,,,,,,,,,0.796557,1.957302,,,45.091793,45.565807,0.225982,0.249065,,,,0.220378,0.619449,-1.951715,,,,,,
37350,,,,,,,,,0.741622,0.652433,,,45.563835,45.962669,0.222187,0.245917,,,,0.217550,0.612411,-1.951750,,,,,,
37360,,,,,,,,,0.769089,1.304867,,,45.416466,46.841133,0.224615,0.237778,,,,0.214658,0.605458,-1.948405,,,,,,
37369,,,,,,,,,,,,,,,,,,,,0.211922,0.598420,-1.945085,,,,,,
37372,,,,,,,,,0.769089,-1.304867,,,45.837013,46.491184,0.221280,0.241992,,,,,,,,,,,,
37380,0.209021,0.591411,-1.950957,0.218860,0.566738,-1.965736,0.737196,0.048755,,,51.489521,51.483913,,,,,0.019260,0.018292,-0.014778,0.209101,0.591424,-1.945094,,,,,,
37383,,,,,,,,,0.631752,0.652435,,,45.101776,45.652195,0.242905,0.265721,,,,,,,,,,,,
37389,,,,,,,,,,,,,,,,,,,,0.206202,0.584283,-1.945109,,,,,,
37395,,,,,,,,,0.796557,0.652434,,,49.384037,50.936245,0.200503,0.212990,,,,,,,,,,,,
37400,,,,,,,,,0.906427,0.652435,,,46.452610,47.214096,0.230825,0.251065,,,,0.203194,0.577033,-1.941733,,,,,,
37410,,,,,,,,,0.741622,-0.652433,,,46.708824,47.349537,0.229219,0.250538,,,,0.200338,0.569940,-1.938387,,,,,,
37419,,,,,,,,,,,,,,,,,,,,0.197246,0.562654,-1.938362,,,,,,
37422,,,,,,,,,0.796557,0.652434,,,46.924404,48.008041,0.227976,0.244648,,,,,,,,,,,,
37429,0.194304,0.555267,-1.933560,0.204053,0.531108,-1.963623,0.760483,0.044307,,,,,,,,,,,,0.194258,0.555364,-1.934953,,,,,,
37432,,,,,,,,,0.631752,0.652435,53.281059,52.495426,45.472164,46.928478,0.261976,0.266672,0.019127,0.017688,-0.030063,,,,,,,,,
37440,,,,,,,,,0.933894,0.000000,,,47.517509,48.742851,0.242675,0.249279,,,,0.191387,0.547960,-1.931664,,,,,,
37449,,,,,,,,,,,,,,,,,,,,0.188424,0.540609,-1.931608,,,,,,
37452,,,,,,,,,0.851492,-0.652435,,,48.149372,49.180378,0.237383,0.245567,,,,,,,,,,,,
37459,,,,,,,,,,,,,,,,,,,,0.185464,0.533082,-1.928271,,,,,,
37462,,,,,,,,,0.769089,0.000000,,,48.681023,49.003967,0.232986,0.248029,,,,,,,,,,,,
37470,,,,,,,,,0.824024,0.000000,,,48.583809,49.400078,0.234898,0.244687,,,,0.182509,0.525707,-1.924853,,,,,,
37480,0.179589,0.517966,-1.928717,0.188905,0.494449,-1.961710,0.782690,0.040198,0.631752,0.652435,54.668598,53.668919,,,,,0.018764,0.016964,-0.032993,0.179579,0.518079,-1.928271,,,,,,
37483,,,,,,,,,,,,,47.412930,48.099739,0.261933,0.270539,,,,,,,,,,,,
37489,,,,,,,,,,,,,,,,,,,,0.176668,0.510547,-1.928296,,,,,,
37495,,,,,,,,,0.824024,0.000000,,,48.061378,48.639263,0.256770,0.266150,,,,,,,,,,,,
37500,,,,,,,,,0.961362,0.652434,,,49.696072,50.726849,0.241417,0.245862,,,,0.173884,0.503080,-1.928225,,,,,,
37510,,,,,,,,,0.796557,-0.652434,,,49.982414,50.305168,0.239491,0.250752,,,,0.170969,0.495412,-1.928271,,,,,,
37519,,,,,,,,,,,,,,,,,,,,0.167750,0.487449,-1.931571,,,,,,
37522,,,,,,,,,0.851492,-0.652435,,,50.767887,50.494911,0.232417,0.249489,,,,,,,,,,,,
37530,0.164683,0.479686,-1.937150,0.173436,0.456820,-1.959980,0.803713,0.036387,,,55.617355,55.065460,,,,,0.018213,0.016363,-0.022830,0.164736,0.479812,-1.934934,,,,,,
37533,,,,,,,,,0.796557,3.262171,,,49.250610,51.743645,0.258350,0.251632,,,,,,,,,,,,
37540,,,,,,,,,0.878959,-3.914604,,,51.241234,50.616158,0.239319,0.263796,,,,0.161656,0.472010,-1.934988,,,,,,
37549,,,,,,,,,,,,,,,,,,,,0.158669,0.464478,-1.935014,,,,,,
37555,,,,,,,,,0.686687,0.652435,,,50.193428,49.667492,0.250882,0.274363,,,,,,,,,,,,
37560,,,,,,,,,1.043764,0.000000,,,52.034523,51.591999,0.233188,0.255812,,,,0.155843,0.457189,-1.935029,,,,,,
37570,,,,,,,,,0.824024,0.000000,,,51.949989,51.577648,0.234767,0.256653,,,,0.152645,0.449230,-1.935005,,,,,,
37580,0.149305,0.441240,-1.935148,0.157668,0.418284,-1.958424,0.823451,0.032835,0.659220,0.000000,56.956814,56.335182,,,,,0.018468,0.015994,-0.023276,0.149248,0.441242,-1.934962,,,,,,
37583,,,,,,,,,,,,,50.789776,50.476490,0.260997,0.281534,,,,,,,,,,,,
37590,,,,,,,,,0.988829,0.000000,,,52.536289,52.272690,0.244416,0.264384,,,,0.145929,0.433201,-1.934951,,,,,,
37600,,,,,,,,,0.906427,0.652435,,,52.372173,52.694927,0.246974,0.260890,,,,0.142874,0.425434,-1.934951,,,,,,
37609,,,,,,,,,,,,,,,,,,,,0.139863,0.417485,-1.931618,,,,,,
37615,,,,,,,,,0.686687,0.652435,,,51.145000,51.961109,0.260408,0.269103,,,,,,,,,,,,
37620,,,,,,,,,0.961362,-0.652434,,,52.835175,52.977306,0.244331,0.259613,,,,0.136778,0.409320,-1.931651,,,,,,
37631,0.136341,0.408250,-1.934681,0.141624,0.378908,-1.957027,0.841809,0.029511,0.824024,-2.609737,60.094917,59.471230,53.712746,51.654160,0.268212,0.305768,0.025540,0.015380,-0.022346,0.133784,0.400967,-1.928315,,,,,,
37640,,,,,,,,,0.961362,3.262171,,,52.817501,53.808125,0.278620,0.285361,,,,0.130568,0.392433,-1.928274,,,,,,
37649,,,,,,,,,,,,,,,,,,,,0.127342,0.384029,-1.928145,,,,,,
37655,,,,,,,,,0.714155,0.000000,,,52.064243,52.897755,0.287759,0.295779,,,,,,,,,,,,
37660,,,,,,,,,1.016297,0.652434,,,53.608624,54.854485,0.273612,0.277135,,,,0.124034,0.375688,-1.931540,,,,,,
37669,,,,,,,,,,,,,,,,,,,,0.120688,0.367164,-1.928115,,,,,,
37672,,,,,,,,,0.933894,-1.304869,,,54.363525,54.867249,0.267210,0.277929,,,,,,,,,,,,
37679,0.117771,0.359524,-1.934252,0.125329,0.338764,-1.955781,0.858699,0.026385,,,,,,,,,,,,0.117699,0.359015,-1.928241,,,,,,
37682,,,,,,,,,0.741622,0.652433,58.676224,58.039333,53.365067,53.788898,0.264070,0.275243,0.016717,0.014445,-0.021530,,,,,,,,,
37690,,,,,,,,,1.098699,0.000000,,,55.792225,56.148834,0.240375,0.252022,,,,0.114349,0.350367,-1.924906,,,,,,
37699,,,,,,,,,,,,,,,,,,,,0.110966,0.341946,-1.928241,,,,,,
37702,,,,,,,,,0.878959,0.000000,,,55.656261,55.956314,0.242338,0.254364,,,,,,,,,,,,
37709,,,,,,,,,,,,,,,,,,,,0.107582,0.333298,-1.928173,,,,,,
37716,,,,,,,,,0.824024,0.000000,,,54.997318,55.249783,0.249664,0.261987,,,,,,,,,,,,
37720,,,,,,,,,1.016297,0.652434,,,56.076515,56.288937,0.239392,0.251946,,,,0.104128,0.324351,-1.928115,,,,,,
37729,0.100825,0.315444,-1.925991,0.108809,0.297928,-1.954681,0.874037,0.023432,,,,,,,,,,,,0.100866,0.315780,-1.928219,,,,,,
37732,,,,,,,,,0.741622,-0.652433,58.985493,57.900135,54.806377,54.985107,0.256021,0.264175,0.013646,0.013577,-0.028690,,,,,,,,,
37740,,,,,,,,,1.098699,0.000000,,,57.004944,56.610783,0.234432,0.248176,,,,0.097627,0.307342,-1.931565,,,,,,
37750,,,,,,,,,0.878959,0.000000,,,56.676643,56.889542,0.238177,0.245591,,,,0.094371,0.298975,-1.931587,,,,,,
37759,,,,,,,,,,,,,,,,,,,,0.091083,0.290588,-1.938385,,,,,,
37762,,,,,,,,,0.933894,0.000000,,,56.944954,56.579544,0.235902,0.248955,,,,,,,,,,,,
37769,,,,,,,,,,,,,,,,,,,,0.087789,0.282271,-1.938393,,,,,,
37775,,,,,,,,,0.741622,-0.652433,,,55.537083,55.229626,0.250670,0.262988,,,,,,,,,,,,
37781,0.087758,0.282154,-1.940091,0.092090,0.256477,-1.953717,0.887748,0.020628,1.016297,-3.262172,61.915226,61.632946,58.164303,55.182892,0.254445,0.302073,0.022382,0.013308,-0.013626,,,,,,,,,
37784,,,,,,,,,,,,,,,,,,,,0.084529,0.274138,-1.941729,,,,,,
37789,,,,,,,,,,,,,,,,,,,,0.081066,0.265487,-1.945070,,,,,,
37792,,,,,,,,,0.961362,1.957303,,,57.107586,56.777199,0.265974,0.287101,,,,,,,,,,,,
37799,,,,,,,,,,,,,,,,,,,,0.077229,0.256650,-1.948329,,,,,,
37802,,,,,,,,,0.878959,0.000000,,,57.307549,56.485020,0.264896,0.291053,,,,,,,,,,,,
37810,,,,,,,,,,,,,,,,,,,,0.073649,0.247953,-1.944933,,,,,,
37816,,,,,,,,,0.851492,0.652435,,,61.287601,61.140068,0.225221,0.244601,,,,,,,,,,,,
37820,,,,,,,,,1.016297,0.652434,,,56.468269,56.344135,0.274504,0.293618,,,,0.070160,0.239247,-1.948220,,,,,,
37829,0.066832,0.230629,-1.941705,0.075200,0.214495,-1.952884,0.899763,0.017951,,,,,,,,,,,,0.066537,0.230272,-1.944835,,,,,,
37832,,,,,,,,,0.741622,-0.652433,59.684326,59.531322,55.135998,55.031551,0.266427,0.286628,0.012004,0.013647,-0.011179,,,,,,,,,
37840,,,,,,,,,1.126167,0.652435,,,57.282284,57.738949,0.245445,0.259912,,,,0.063279,0.221608,-1.948329,,,,,,
37849,,,,,,,,,,,,,,,,,,,,0.060058,0.212898,-1.945023,,,,,,
37852,,,,,,,,,0.933894,0.000000,,,57.454540,57.838779,0.244168,0.259252,,,,,,,,,,,,
37859,,,,,,,,,,,,,,,,,,,,0.056464,0.204290,-1.945082,,,,,,
37862,,,,,,,,,0.961362,-0.652434,,,58.144020,57.922775,0.237581,0.258734,,,,,,,,,,,,
37870,,,,,,,,,,,,,,,,,,,,0.052880,0.195519,-1.948454,,,,,,
37875,,,,,,,,,0.769089,0.000000,,,56.545975,56.359821,0.254189,0.274998,,,,,,,,,,,,
37880,0.049546,0.187700,-1.944789,0.058169,0.172066,-1.952176,0.910023,0.015383,,,60.056290,60.107498,,,,,0.011403,0.013739,-0.007387,0.049240,0.187050,-1.945070,,,,,,
37883,,,,,,,,,0.933894,0.000000,,,56.835011,56.678383,0.255663,0.278260,,,,,,,,,,,,
37890,,,,,,,,,1.098699,0.000000,,,58.711834,58.580048,0.237164,0.259549,,,,0.045652,0.178425,-1.945041,,,,,,
37900,,,,,,,,,0.961362,0.652434,,,58.112820,58.546478,0.243542,0.260197,,,,0.042223,0.169374,-1.945094,,,,,,
37910,,,,,,,,,0.933894,1.304869,,,58.153355,59.062778,0.243518,0.255243,,,,0.038550,0.160637,-1.944978,,,,,,
37920,,,,,,,,,0.961362,-0.652434,,,58.732002,58.952648,0.237996,0.256575,,,,0.034711,0.151569,-1.941649,,,,,,
37929,0.031042,0.142851,-1.944629,0.041024,0.129276,-1.951592,0.918475,0.012905,,,,,,,,,,,,0.031011,0.142819,-1.941625,,,,,,
37932,,,,,,,,,0.714155,0.000000,59.893692,59.970989,56.496162,57.226357,0.259408,0.273022,0.008992,0.014250,-0.006963,,,,,,,,,
37939,,,,,,,,,,,,,,,,,,,,0.027460,0.134181,-1.941574,,,,,,
37942,,,,,,,,,1.126167,0.652435,,,58.426727,59.585655,0.240396,0.249506,,,,,,,,,,,,
37950,,,,,,,,,0.961362,-0.652434,,,58.417477,59.392597,0.240783,0.251552,,,,0.024009,0.125571,-1.938245,,,,,,
37960,,,,,,,,,0.906427,0.652435,,,58.409691,59.230160,0.241158,0.253324,,,,0.020441,0.116950,-1.941648,,,,,,
37969,,,,,,,,,,,,,,,,,,,,0.017069,0.108325,-1.938349,,,,,,
37975,,,,,,,,,0.796557,-0.652434,,,57.314053,57.459854,0.252630,0.271530,,,,,,,,,,,,
37979,0.013678,0.099935,-1.941598,0.023797,0.086214,-1.951125,0.925078,0.010501,,,,,,,,,,,,0.013465,0.099382,-1.938332,,,,,,
37982,,,,,,,,,0.906427,0.652435,60.420593,60.339970,56.936726,57.603947,0.262370,0.274326,0.009122,0.014403,-0.009528,,,,,,,,,
37990,,,,,,,,,1.126167,0.652435,,,58.797417,59.358818,0.244087,0.256973,,,,0.010175,0.090934,-1.935018,,,,,,
38000,,,,,,,,,0.933894,-1.304869,,,58.729374,59.201736,0.245106,0.258772,,,,0.006802,0.081857,-1.938332,,,,,,
38010,,,,,,,,,0.961362,0.652434,,,59.216667,59.069569,0.240474,0.260348,,,,0.003573,0.073437,-1.938418,,,,,,
38020,,,,,,,,,0.906427,-0.652435,,,59.082130,58.958363,0.242087,0.261736,,,,-0.000027,0.064411,-1.935018,,,,,,
38029,-0.003545,0.055828,-1.941384,0.006518,0.042971,-1.950775,0.929797,0.008154,,,,,,,,,,,,-0.003566,0.055637,-1.938378,,,,,,
38032,,,,,,,,,0.741622,0.652433,60.503620,60.407166,56.790760,57.231163,0.266573,0.280315,0.008340,0.014036,-0.009392,,,,,,,,,
38040,,,,,,,,,1.153634,0.000000,,,59.219147,59.045158,0.242546,0.262448,,,,-0.007354,0.046382,-1.938292,,,,,,
38050,,,,,,,,,0.906427,0.652435,,,58.539673,58.937824,0.249734,0.263815,,,,-0.010772,0.037834,-1.938313,,,,,,
38059,,,,,,,,,,,,,,,,,,,,-0.014111,0.029197,-1.938292,,,,,,
38062,,,,,,,,,0.961362,-0.652434,,,59.057053,58.847511,0.244849,0.265030,,,,,,,,,,,,
38069,,,,,,,,,,,,,,,,,,,,-0.017585,0.020590,-1.938313,,,,,,
38072,,,,,,,,,0.906427,0.652435,,,58.403286,58.771523,0.251807,0.266117,,,,,,,,,,,,
38079,-0.021226,0.011451,-1.938801,-0.010783,-0.000364,-1.950541,0.932609,0.005849,,,,,,,,,,,,-0.021396,0.011276,-1.941549,,,,,,
38082,,,,,,,,,0.741622,-0.652433,60.452221,60.203720,56.764122,57.073956,0.268422,0.281684,0.007267,0.013995,-0.011740,,,,,,,,,
38090,,,,,,,,,,,,,,,,,,,,-0.025007,0.002442,-1.944952,,,,,,
38095,,,,,,,,,0.988829,0.000000,,,63.008533,62.724686,0.205467,0.224673,,,,,,,,,,,,
38100,,,,,,,,,1.098699,-1.304869,,,58.460804,58.221973,0.251343,0.270096,,,,-0.028751,-0.006524,-1.941599,,,,,,
38110,,,,,,,,,0.933894,0.000000,,,58.446148,58.245197,0.251890,0.270255,,,,-0.031988,-0.015186,-1.941625,,,,,,
38119,,,,,,,,,,,,,,,,,,,,-0.035478,-0.023686,-1.941688,,,,,,
38122,,,,,,,,,0.961362,0.652434,,,58.978359,58.264736,0.246863,0.270448,,,,,,,,,,,,
38129,-0.038830,-0.032531,-1.938712,-0.028075,-0.043698,-1.950419,0.933499,0.003572,,,,,,,,,,,,-0.038914,-0.032430,-1.941687,,,,,,
38132,,,,,,,,,0.769089,0.000000,60.310963,60.053822,57.247990,57.192089,0.263367,0.280248,0.006552,0.014051,-0.011707,,,,,,,,,
38140,,,,,,,,,1.126167,0.652435,,,59.059315,59.556824,0.245504,0.256700,,,,-0.042378,-0.040906,-1.941729,,,,,,
38150,,,,,,,,,0.961362,-0.652434,,,58.949734,59.368340,0.246872,0.258722,,,,-0.046035,-0.049681,-1.945057,,,,,,
38159,,,,,,,,,,,,,,,,,,,,-0.049419,-0.058228,-1.945089,,,,,,
38162,,,,,,,,,0.906427,-0.652435,,,58.857533,58.665203,0.248085,0.266031,,,,,,,,,,,,
38169,,,,,,,,,,,,,,,,,,,,-0.052906,-0.067010,-1.948460,,,,,,
38172,,,,,,,,,0.933894,1.304869,,,58.779953,58.618130,0.249167,0.266789,,,,,,,,,,,,
38180,-0.056344,-0.075942,-1.939106,-0.045327,-0.086941,-1.950409,0.932463,0.001308,,,60.165447,59.925987,,,,,0.006295,0.014238,-0.011303,-0.056518,-0.075887,-1.945112,,,,,,
38183,,,,,,,,,0.741622,-0.652433,,,57.081051,56.944893,0.265317,0.282839,,,,,,,,,,,,
38189,,,,,,,,,,,,,,,,,,,,-0.060149,-0.084726,-1.948390,,,,,,
38195,,,,,,,,,0.933894,0.000000,,,62.730656,62.616093,0.208308,0.225589,,,,,,,,,,,,
38199,,,,,,,,,,,,,,,,,,,,-0.063741,-0.093396,-1.948418,,,,,,
38202,,,,,,,,,1.153634,0.000000,,,58.226997,58.130604,0.253733,0.270803,,,,,,,,,,,,
38210,,,,,,,,,0.878959,-1.304869,,,58.249424,57.623772,0.253891,0.276332,,,,-0.067552,-0.102439,-1.948388,,,,,,
38219,,,,,,,,,,,,,,,,,,,,-0.070995,-0.111147,-1.948403,,,,,,
38222,,,,,,,,,0.961362,0.652434,,,58.268291,58.286411,0.254082,0.270033,,,,,,,,,,,,
38229,-0.074617,-0.120385,-1.947796,-0.062509,-0.130001,-1.950514,0.929505,-0.000956,,,,,,,,,,,,-0.074758,-0.120329,-1.951574,,,,,,
38232,,,,,,,,,0.714155,0.000000,59.219833,59.489529,56.650536,56.121243,0.261317,0.287994,0.004483,0.014797,-0.002718,,,,,,,,,
38240,,,,,,,,,1.153634,1.304868,,,58.556618,58.655815,0.242389,0.262815,,,,-0.078458,-0.129212,-1.951627,,,,,,
38249,,,,,,,,,,,,,,,,,,,,-0.082088,-0.137833,-1.951674,,,,,,
38252,,,,,,,,,0.906427,-0.652435,,,58.526764,58.610229,0.242826,0.263447,,,,,,,,,,,,
38259,,,,,,,,,,,,,,,,,,,,-0.085675,-0.146712,-1.951695,,,,,,
38262,,,,,,,,,0.961362,-0.652434,,,59.046188,58.571873,0.237667,0.264014,,,,,,,,,,,,
38270,,,,,,,,,0.906427,0.652435,,,58.394146,58.539600,0.244353,0.264526,,,,-0.089220,-0.155735,-1.951695,,,,,,
38280,-0.092712,-0.164621,-1.951698,-0.079590,-0.172789,-1.950733,0.924640,-0.003236,0.769089,0.000000,58.308731,58.792305,,,,,0.002704,0.015218,0.000964,-0.092893,-0.164793,-1.955039,,,,,,
38283,,,,,,,,,,,,,56.756432,56.878815,0.251929,0.274545,,,,,,,,,,,,
38289,,,,,,,,,,,,,,,,,,,,-0.096742,-0.173925,-1.954991,,,,,,
38295,,,,,,,,,0.988829,0.000000,,,57.556633,57.659607,0.244078,0.266963,,,,,,,,,,,,
38300,,,,,,,,,1.043764,0.000000,,,58.774464,58.861107,0.231806,0.254935,,,,-0.100486,-0.183070,-1.954801,,,,,,
38309,,,,,,,,,,,,,,,,,,,,-0.104207,-0.191900,-1.954724,,,,,,
38312,,,,,,,,,0.933894,0.000000,,,58.710060,58.782963,0.232370,0.255718,,,,,,,,,,,,
38320,,,,,,,,,0.961362,0.652434,,,58.655872,59.261757,0.232842,0.250836,,,,-0.107922,-0.200546,-1.954761,,,,,,
38330,-0.111425,-0.209436,-1.948642,-0.096540,-0.215216,-1.951069,0.917892,-0.005545,0.769089,0.000000,57.188171,57.481087,,,,,-0.000119,0.015968,-0.002427,-0.111559,-0.209431,-1.951345,,,,,,
38333,,,,,,,,,,,,,56.976646,57.486439,0.238471,0.255476,,,,,,,,,,,,
38340,,,,,,,,,1.126167,-0.652435,,,58.831005,58.715405,0.219599,0.242939,,,,-0.115244,-0.217888,-1.951345,,,,,,
38350,,,,,,,,,0.878959,0.000000,,,58.757633,58.660370,0.220019,0.243254,,,,-0.118827,-0.226443,-1.948059,,,,,,
38360,,,,,,,,,0.906427,0.652435,,,58.151356,58.614063,0.225889,0.243490,,,,-0.122278,-0.234920,-1.948103,,,,,,
38370,,,,,,,,,0.961362,0.652434,,,58.185780,58.575100,0.225345,0.243661,,,,-0.125691,-0.243256,-1.948309,,,,,,
38379,-0.129237,-0.251996,-1.945623,-0.113331,-0.257194,-1.951524,0.909296,-0.007899,,,,,,,,,,,,-0.129301,-0.251780,-1.948329,,,,,,
38382,,,,,,,,,0.714155,0.000000,56.503056,56.602238,56.036568,56.908688,0.240080,0.251476,-0.000986,0.016705,-0.005901,,,,,,,,,
38390,,,,,,,,,,,,,,,,,,,,-0.133007,-0.260887,-1.951540,,,,,,
38395,,,,,,,,,0.961362,-0.652434,,,61.851826,62.041088,0.180857,0.199064,,,,,,,,,,,,
38400,,,,,,,,,1.043764,0.000000,,,57.487549,57.646797,0.224303,0.242798,,,,-0.136629,-0.269740,-1.948215,,,,,,
38410,,,,,,,,,0.851492,0.652435,,,56.538162,57.216698,0.233790,0.246976,,,,-0.140174,-0.278654,-1.948032,,,,,,
38420,,,,,,,,,0.851492,-0.652435,,,56.283894,56.310268,0.236376,0.256099,,,,-0.143807,-0.287166,-1.947986,,,,,,
38430,-0.147108,-0.295468,-1.953549,-0.129933,-0.298641,-1.952103,0.898893,-0.010313,0.769089,0.000000,54.947750,55.461391,,,,,-0.003471,0.017118,0.001446,-0.147266,-0.295841,-1.951286,,,,,,
38433,,,,,,,,,,,,,54.980865,55.003056,0.233847,0.257854,,,,,,,,,,,,
38439,,,,,,,,,,,,,,,,,,,,-0.150572,-0.304330,-1.951372,,,,,,
38442,,,,,,,,,1.071232,-0.652434,,,57.151756,56.625885,0.211697,0.241393,,,,,,,,,,,,
38449,,,,,,,,,,,,,,,,,,,,-0.153947,-0.312633,-1.951286,,,,,,
38455,,,,,,,,,0.741622,0.652433,,,60.067429,60.169506,0.181517,0.205015,,,,,,,,,,,,
38459,,,,,,,,,,,,,,,,,,,,-0.157411,-0.321046,-1.954836,,,,,,
38462,,,,,,,,,1.071232,0.652434,,,55.986160,56.072044,0.222122,0.245867,,,,,,,,,,,,
38469,,,,,,,,,,,,,,,,,,,,-0.160971,-0.329021,-1.954761,,,,,,
38472,,,,,,,,,0.851492,-0.652435,,,55.819439,55.891701,0.223615,0.247585,,,,,,,,,,,,
38479,-0.164476,-0.336901,-1.957412,-0.146320,-0.339473,-1.952807,0.886736,-0.012805,,,,,,,,,,,,-0.164561,-0.337099,-1.954778,,,,,,
38482,,,,,,,,,0.714155,0.000000,53.820736,54.509212,54.045532,54.106331,0.230039,0.255997,-0.004464,0.017786,0.004605,,,,,,,,,
38490,,,,,,,,,1.098699,0.000000,,,55.820225,56.415924,0.211892,0.232520,,,,-0.167907,-0.345299,-1.954778,,,,,,
38499,,,,,,,,,,,,,,,,,,,,-0.171099,-0.353141,-1.951598,,,,,,
38502,,,,,,,,,0.878959,0.000000,,,55.679821,56.181042,0.212924,0.234534,,,,,,,,,,,,
38509,,,,,,,,,,,,,,,,,,,,-0.174296,-0.361000,-1.951750,,,,,,
38515,,,,,,,,,1.181102,0.652433,,,53.928055,54.349785,0.230420,0.252879,,,,,,,,,,,,
38520,,,,,,,,,0.521882,0.652434,,,55.176834,56.076221,0.217661,0.235301,,,,-0.177501,-0.368954,-1.951750,,,,,,
38529,-0.180251,-0.375610,-1.952575,-0.162465,-0.379611,-1.953643,0.872885,-0.015391,,,,,,,,,,,,-0.180826,-0.376930,-1.955119,,,,,,
38532,,,,,,,,,0.714155,0.000000,53.557701,53.913834,53.504845,54.261589,0.231761,0.247424,-0.002914,0.017996,-0.001068,,,,,,,,,
38539,,,,,,,,,,,,,,,,,,,,-0.184205,-0.385108,-1.951786,,,,,,
38542,,,,,,,,,1.043764,-1.304868,,,55.365292,55.457470,0.212795,0.235157,,,,,,,,,,,,
38550,,,,,,,,,,,,,,,,,,,,-0.187429,-0.393228,-1.955127,,,,,,
38555,,,,,,,,,0.741622,0.652433,,,54.207954,54.285511,0.224239,0.246802,,,,,,,,,,,,
38560,,,,,,,,,0.961362,0.652434,,,54.867802,54.933056,0.217378,0.240122,,,,-0.190785,-0.401357,-1.955076,,,,,,
38569,,,,,,,,,,,,,,,,,,,,-0.194456,-0.409599,-1.951627,,,,,,
38572,,,,,,,,,0.851492,-0.652435,,,54.878452,54.388813,0.217007,0.245470,,,,,,,,,,,,
38580,-0.197809,-0.417346,-1.954440,-0.178341,-0.418982,-1.954618,0.857409,-0.018091,0.659220,0.000000,51.764915,52.165375,,,,,-0.005770,0.018665,-0.000178,-0.197915,-0.417571,-1.951622,,,,,,
38583,,,,,,,,,,,,,52.709240,52.841801,0.220583,0.243320,,,,,,,,,,,,
38589,,,,,,,,,,,,,,,,,,,,-0.201328,-0.425645,-1.951562,,,,,,
38592,,,,,,,,,1.071232,0.652434,,,54.151325,54.807404,0.205685,0.223136,,,,,,,,,,,,
38600,,,,,,,,,0.769089,0.000000,,,53.731064,54.283089,0.209494,0.227955,,,,-0.204511,-0.433599,-1.951593,,,,,,
38610,,,,,,,,,,,,,,,,,,,,-0.207599,-0.441541,-1.951593,,,,,,
38616,,,,,,,,,0.769089,0.000000,,,57.189259,57.653732,0.173827,0.193151,,,,,,,,,,,,
38620,,,,,,,,,0.933894,0.000000,,,52.475380,52.866188,0.220824,0.240887,,,,-0.210745,-0.449668,-1.951732,,,,,,
38629,-0.213926,-0.457598,-1.952000,-0.193926,-0.457512,-1.955738,0.840382,-0.020926,,,,,,,,,,,,-0.213803,-0.457318,-1.951777,,,,,,
38632,,,,,,,,,0.631752,-0.652435,50.316788,50.500042,51.231838,51.016121,0.218595,0.242631,-0.007520,0.018533,-0.003738,,,,,,,,,
38640,,,,,,,,,1.016297,0.652434,,,52.908241,52.726734,0.201313,0.225079,,,,-0.217033,-0.465007,-1.948443,,,,,,
38650,,,,,,,,,0.878959,0.000000,,,52.685135,53.076958,0.203070,0.221062,,,,-0.220369,-0.472624,-1.948372,,,,,,
38659,,,,,,,,,,,,,,,,,,,,-0.223595,-0.480182,-1.945022,,,,,,
38662,,,,,,,,,0.796557,0.652434,,,52.497414,52.827091,0.204511,0.223095,,,,,,,,,,,,
38670,,,,,,,,,,,,,,,,,,,,-0.226390,-0.487601,-1.945102,,,,,,
38675,,,,,,,,,0.659220,0.000000,,,50.705837,51.527771,0.222349,0.235882,,,,,,,,,,,,
38679,-0.229274,-0.494687,-1.945657,-0.209196,-0.495134,-1.957012,0.821889,-0.023920,,,,,,,,,,,,-0.229558,-0.495281,-1.945075,,,,,,
38682,,,,,,,,,0.769089,0.000000,49.527157,49.301041,50.287491,50.979065,0.218484,0.229044,-0.006936,0.018848,-0.011355,,,,,,,,,
38689,,,,,,,,,,,,,,,,,,,,-0.232775,-0.502708,-1.945022,,,,,,
38692,,,,,,,,,1.016297,-0.652434,,,52.113667,52.695557,0.199705,0.211200,,,,,,,,,,,,
38700,,,,,,,,,0.824024,0.000000,,,52.016579,52.506184,0.200178,0.212453,,,,-0.235744,-0.510568,-1.945085,,,,,,
38709,,,,,,,,,,,,,,,,,,,,-0.238908,-0.518690,-1.941708,,,,,,
38716,,,,,,,,,0.659220,0.000000,,,54.657608,50.713215,0.172742,0.230100,,,,,,,,,,,,
38719,,,,,,,,,,,,,,,,,,,,-0.241899,-0.526270,-1.941688,,,,,,
38722,,,,,,,,,0.878959,0.000000,,,50.889793,51.382782,0.210147,0.222988,,,,,,,,,,,,
38730,-0.244947,-0.534143,-1.941985,-0.224130,-0.531786,-1.958452,0.802018,-0.027097,,,47.631382,47.124435,,,,,-0.009747,0.018544,-0.016467,-0.244910,-0.534011,-1.941648,,,,,,
38733,,,,,,,,,0.741622,-1.957302,,,50.442268,49.767986,0.195103,0.216841,,,,,,,,,,,,
38740,,,,,,,,,0.824024,3.914605,,,49.521179,51.132011,0.203936,0.202399,,,,-0.247968,-0.541459,-1.941688,,,,,,
38743,,,,,,,,,,,,,,,,,,,,-0.247968,-0.541459,-1.941688,,,,,,
38750,,,,,,,,,0.769089,-1.304867,,,49.835262,50.646072,0.200354,0.206555,,,,-0.251122,-0.548810,-1.944819,,,,,,
38760,,,,,,,,,0.796557,-0.652434,,,49.554989,50.237202,0.202772,0.210021,,,,-0.254283,-0.556034,-1.938271,,,,,,
38770,,,,,,,,,,,,,,,,,,,,-0.257220,-0.563239,-1.938202,,,,,,
38775,,,,,,,,,0.878959,-3.914604,,,48.230080,49.348637,0.215901,0.218461,,,,,,,,,,,,
38779,-0.260512,-0.570543,-1.951952,-0.238708,-0.567408,-1.960065,0.780865,-0.030486,,,,,,,,,,,,-0.260174,-0.570257,-1.934941,,,,,,
38782,,,,,,,,,0.521882,4.567040,45.748074,45.657841,48.204388,48.600998,0.196834,0.210683,-0.011020,0.019073,-0.008113,,,,,,,,,
38790,,,,,,,,,0.961362,-0.652434,,,49.816399,50.150108,0.179900,0.194294,,,,-0.262986,-0.577586,-1.934975,,,,,,
38800,,,,,,,,,0.741622,0.652433,,,49.539116,49.819901,0.181915,0.196763,,,,-0.265537,-0.585009,-1.934972,,,,,,
38809,,,,,,,,,,,,,,,,,,,,-0.268406,-0.592624,-1.938291,,,,,,
38812,,,,,,,,,0.769089,0.000000,,,48.761269,48.997520,0.189091,0.204319,,,,,,,,,,,,
38820,,,,,,,,,0.686687,0.652435,,,48.106789,48.305569,0.195164,0.210709,,,,-0.271351,-0.600086,-1.941599,,,,,,
38835,-0.271371,-0.599842,-1.945203,-0.252912,-0.601947,-1.961869,0.758529,-0.034121,0.576817,-0.652434,46.327805,45.779881,,,,,-0.004792,0.017950,-0.016666,,,,,,,,,
38838,,,,,,,,,,,,,50.278824,50.446075,0.178450,0.189591,,,,-0.277297,-0.614847,-1.944758,,,,,,
38842,,,,,,,,,0.878959,0.000000,,,47.205486,47.346210,0.209008,0.220277,,,,,,,,,,,,
38849,,,,,,,,,,,,,,,,,,,,-0.280189,-0.622073,-1.944715,,,,,,
38852,,,,,,,,,0.769089,0.000000,,,47.342293,47.460701,0.207437,0.218796,,,,,,,,,,,,
38860,,,,,,,,,0.769089,-1.304867,,,47.457405,47.012489,0.206060,0.223031,,,,-0.282979,-0.629152,-1.948062,,,,,,
38869,,,,,,,,,,,,,,,,,,,,-0.285733,-0.636247,-1.948142,,,,,,
38875,,,,,,,,,0.631752,0.652435,,,46.465172,46.090820,0.215955,0.232186,,,,,,,,,,,,
38879,-0.288034,-0.641964,-1.948192,-0.266724,-0.635354,-1.963874,0.735117,-0.038038,,,,,,,,,,,,-0.288538,-0.643115,-1.951453,,,,,,
38882,,,,,,,,,0.769089,0.000000,42.264839,41.739983,46.719395,46.404415,0.171892,0.187718,-0.013997,0.017374,-0.015682,,,,,,,,,
38890,,,,,,,,,0.878959,0.000000,,,48.022385,47.757359,0.157711,0.172985,,,,-0.291300,-0.649737,-1.951561,,,,,,
38900,,,,,,,,,0.659220,0.000000,,,46.940548,46.717552,0.167594,0.182388,,,,-0.294030,-0.656517,-1.954936,,,,,,
38909,,,,,,,,,,,,,,,,,,,,-0.296650,-0.662804,-1.958330,,,,,,
38912,,,,,,,,,0.714155,0.000000,,,46.574833,46.387203,0.170389,0.184762,,,,,,,,,,,,
38920,,,,,,,,,0.714155,0.000000,,,46.267120,46.109249,0.172666,0.186667,,,,-0.299424,-0.669334,-1.958413,,,,,,
38930,-0.302021,-0.676118,-1.957605,-0.280130,-0.667586,-1.966103,0.710736,-0.042278,,,39.985191,39.764030,44.374580,44.241749,0.167917,0.184687,-0.016159,0.017055,-0.008498,-0.302094,-0.676206,-1.958466,,,,,,
38933,,,,,,,,,0.549350,0.000000,,,,,,,,,,,,,,,,,,
38940,,,,,,,,,0.851492,-0.652435,,,45.504913,45.393150,0.155510,0.172047,,,,-0.305063,-0.682708,-1.958303,,,,,,
38950,,,,,,,,,0.631752,0.652435,,,44.822346,44.728310,0.161368,0.177703,,,,-0.308039,-0.689293,-1.961639,,,,,,
38959,,,,,,,,,,,,,,,,,,,,-0.310739,-0.695673,-1.961550,,,,,,
38962,,,,,,,,,0.686687,-0.652435,,,44.248035,44.168911,0.166259,0.182416,,,,,,,,,,,,
38969,,,,,,,,,,,,,,,,,,,,-0.313467,-0.702160,-1.958303,,,,,,
38972,,,,,,,,,0.631752,0.652435,,,43.764809,43.698235,0.170335,0.186336,,,,,,,,,,,,
38980,-0.315969,-0.708254,-1.955456,-0.293118,-0.698605,-1.968572,0.685497,-0.046892,0.521882,-0.652434,38.129967,37.695534,,,,,-0.017519,0.017561,-0.013116,-0.316192,-0.708503,-1.958244,,,,,,
38983,,,,,,,,,,,,,42.269135,41.668579,0.165912,0.185153,,,,,,,,,,,,
38990,,,,,,,,,,,,,,,,,,,,-0.318851,-0.714914,-1.961444,,,,,,
38995,,,,,,,,,0.631752,0.652435,,,45.367023,45.406258,0.133485,0.146234,,,,,,,,,,,,
39000,,,,,,,,,0.769089,0.000000,,,41.983608,42.016621,0.166549,0.179266,,,,-0.321478,-0.721245,-1.961439,,,,,,
39010,,,,,,,,,0.631752,-0.652435,,,41.314976,41.342754,0.172598,0.185275,,,,-0.324014,-0.727326,-1.958139,,,,,,
39020,,,,,,,,,0.631752,0.652435,,,41.296932,41.320305,0.172145,0.184775,,,,-0.326526,-0.733536,-1.961437,,,,,,
39029,-0.328891,-0.739449,-1.958201,-0.305674,-0.728379,-1.971304,0.659515,-0.051934,,,,,,,,,,,,-0.329024,-0.739610,-1.961439,,,,,,
39032,,,,,,,,,0.521882,-0.652434,36.095776,35.637341,40.192665,39.667789,0.162026,0.179912,-0.019021,0.017314,-0.013103,,,,,,,,,
39040,,,,,,,,,0.769089,0.000000,,,40.897163,41.000076,0.154021,0.165517,,,,-0.331489,-0.745597,-1.964643,,,,,,
39050,,,,,,,,,0.576817,0.652434,,,40.400845,40.487434,0.158123,0.169673,,,,-0.333853,-0.751445,-1.964734,,,,,,
39059,,,,,,,,,,,,,,,,,,,,-0.336268,-0.757268,-1.964898,,,,,,
39062,,,,,,,,,0.604285,0.000000,,,39.983242,39.511555,0.161522,0.178657,,,,,,,,,,,,
39070,,,,,,,,,0.576817,-0.652434,,,39.631870,39.234993,0.164328,0.180703,,,,-0.338677,-0.762786,-1.964819,,,,,,
39080,-0.340977,-0.768205,-1.970047,-0.317791,-0.756879,-1.974327,0.632906,-0.057471,0.494415,0.000000,34.153866,34.019264,,,,,-0.019448,0.016960,-0.004281,-0.341050,-0.768407,-1.968144,,,,,,
39083,,,,,,,,,,,,,38.247139,37.913208,0.157938,0.176961,,,,,,,,,,,,
39089,,,,,,,,,,,,,,,,,,,,-0.343350,-0.773981,-1.968219,,,,,,
39095,,,,,,,,,0.631752,-0.652435,,,41.982914,41.157402,0.119014,0.143092,,,,,,,,,,,,
39100,,,,,,,,,0.741622,0.652433,,,38.591679,38.441635,0.152039,0.169365,,,,-0.345775,-0.779411,-1.968314,,,,,,
39109,,,,,,,,,,,,,,,,,,,,-0.348204,-0.784625,-1.968243,,,,,,
39112,,,,,,,,,0.549350,0.000000,,,38.461010,38.334763,0.152484,0.169571,,,,,,,,,,,,
39120,,,,,,,,,0.576817,0.652434,,,37.806522,38.244839,0.158299,0.169625,,,,-0.350509,-0.789747,-1.968272,,,,,,
39129,-0.352812,-0.795001,-1.959657,-0.329459,-0.784085,-1.977673,0.605784,-0.063578,,,,,,,,,,,,-0.352905,-0.795007,-1.961691,,,,,,
39132,,,,,,,,,0.466947,-0.652434,32.868927,32.179363,36.711292,36.535549,0.155633,0.167447,-0.018955,0.017471,-0.018016,,,,,,,,,
39140,,,,,,,,,0.686687,0.652435,,,37.423393,37.820068,0.147601,0.153474,,,,-0.355179,-0.800120,-1.961638,,,,,,
39149,,,,,,,,,,,,,,,,,,,,-0.357312,-0.805030,-1.958375,,,,,,
39152,,,,,,,,,0.604285,0.000000,,,36.933472,37.267231,0.151688,0.157985,,,,,,,,,,,,
39160,,,,,,,,,0.521882,0.652434,,,36.521252,37.346619,0.155079,0.156157,,,,-0.359353,-0.809958,-1.958411,,,,,,
39170,,,,,,,,,0.521882,-0.652434,,,36.174408,36.324329,0.157887,0.165551,,,,-0.361383,-0.814948,-1.958481,,,,,,
39179,-0.363470,-0.820024,-1.964348,-0.340674,-0.809980,-1.981376,0.578266,-0.070347,,,,,,,,,,,,-0.363510,-0.820117,-1.961789,,,,,,
39182,,,,,,,,,0.521882,1.957302,31.407888,30.729994,34.793488,36.553261,0.156408,0.147604,-0.018018,0.017202,-0.017028,,,,,,,,,
39189,,,,,,,,,,,,,,,,,,,,-0.365680,-0.825365,-1.961789,,,,,,
39195,,,,,,,,,0.466947,-1.957303,,,34.720669,34.567711,0.156474,0.166692,,,,,,,,,,,,
39199,,,,,,,,,,,,,,,,,,,,-0.367914,-0.830564,-1.965077,,,,,,
39202,,,,,,,,,0.631752,-0.652435,,,35.748486,35.075241,0.145328,0.160747,,,,,,,,,,,,
39210,,,,,,,,,0.521882,-0.652434,,,35.524204,34.413193,0.146747,0.166631,,,,-0.370141,-0.835719,-1.965098,,,,,,
39220,,,,,,,,,0.549350,0.000000,,,35.335491,34.400688,0.147849,0.166022,,,,-0.372298,-0.840656,-1.968388,,,,,,
39230,-0.374383,-0.845560,-1.971094,-0.351430,-0.834554,-1.985477,0.550469,-0.077886,,,29.343000,28.726009,,,,,-0.019080,0.016849,-0.014383,-0.374416,-0.845576,-1.971711,,,,,,
39233,,,,,,,,,0.521882,1.957302,,,34.087624,34.390167,0.138730,0.144955,,,,,,,,,,,,
39240,,,,,,,,,0.521882,-1.957302,,,34.126755,33.836773,0.137382,0.149466,,,,-0.376619,-0.850397,-1.974985,,,,,,
39249,,,,,,,,,,,,,,,,,,,,-0.378761,-0.855049,-1.978323,,,,,,
39252,,,,,,,,,0.466947,0.652434,,,33.615135,32.826603,0.141644,0.158748,,,,,,,,,,,,
39260,,,,,,,,,0.494415,-1.304868,,,33.729202,32.521187,0.139626,0.161043,,,,-0.380741,-0.859872,-1.978373,,,,,,
39270,,,,,,,,,0.494415,0.000000,,,33.280636,32.264210,0.143324,0.162905,,,,-0.382747,-0.864488,-1.978392,,,,,,
39279,-0.384739,-0.869157,-1.980785,-0.361725,-0.857802,-1.990026,0.522505,-0.086322,,,,,,,,,,,,-0.384804,-0.869233,-1.981672,,,,,,
39282,,,,,,,,,0.439480,0.000000,27.389154,26.903522,32.358669,31.503447,0.132011,0.151368,-0.019587,0.016581,-0.009241,,,,,,,,,
39290,,,,,,,,,,,,,,,,,,,,-0.386921,-0.873829,-1.984943,,,,,,
39295,,,,,,,,,0.494415,0.000000,,,34.850185,34.130600,0.105604,0.123651,,,,,,,,,,,,
39300,,,,,,,,,0.549350,0.000000,,,32.045658,31.440199,0.132718,0.149648,,,,-0.388950,-0.878322,-1.984876,,,,,,
39309,,,,,,,,,,,,,,,,,,,,-0.390964,-0.882788,-1.984992,,,,,,
39312,,,,,,,,,0.494415,0.000000,,,31.864101,30.810125,0.133638,0.155167,,,,,,,,,,,,
39320,,,,,,,,,0.439480,0.000000,,,31.166796,30.824524,0.139856,0.154239,,,,-0.393079,-0.887339,-1.981634,,,,,,
39330,-0.394965,-0.891460,-1.984595,-0.371558,-0.879722,-1.995078,0.494486,-0.095809,,,25.519268,24.948643,,,,,-0.020159,0.016711,-0.010483,-0.395099,-0.891657,-1.984943,,,,,,
39333,,,,,,,,,0.412012,0.652434,,,30.035540,30.292095,0.131566,0.138946,,,,,,,,,,,,
39340,,,,,,,,,0.549350,0.000000,,,30.717331,30.388655,0.123709,0.136892,,,,-0.396900,-0.895850,-1.981634,,,,,,
39350,,,,,,,,,0.439480,0.000000,,,30.201904,30.469898,0.127926,0.134975,,,,-0.398810,-0.900251,-1.981634,,,,,,
39359,,,,,,,,,,,,,,,,,,,,-0.400646,-0.904297,-1.985011,,,,,,
39362,,,,,,,,,0.412012,-0.652434,,,29.768225,29.449171,0.131413,0.144283,,,,,,,,,,,,
39370,,,,,,,,,0.466947,0.652434,,,29.403326,29.134874,0.134286,0.146588,,,,-0.402308,-0.908343,-1.985037,,,,,,
39380,-0.403984,-0.912288,-1.982265,-0.380930,-0.900320,-2.000702,0.466523,-0.106536,0.357077,-0.652434,23.905954,23.042919,,,,,-0.020189,0.016344,-0.018437,-0.403978,-0.912226,-1.985040,,,,,,
39383,,,,,,,,,,,,,28.551758,28.325882,0.125739,0.134564,,,,,,,,,,,,
39389,,,,,,,,,,,,,,,,,,,,-0.405674,-0.916274,-1.988344,,,,,,
39395,,,,,,,,,0.466947,0.652434,,,28.379791,28.734282,0.126564,0.129342,,,,,,,,,,,,
39402,,,,,,,,,0.494415,0.000000,,,28.779642,29.077909,0.121591,0.124699,,,,,,,,,,,,
39406,,,,,,,,,,,,,,,,,,,,-0.407430,-0.920346,-1.988358,,,,,,
39410,,,,,,,,,0.412012,-0.652434,,,28.571533,28.277952,0.122739,0.131651,,,,-0.409274,-0.924481,-1.991641,,,,,,
39420,,,,,,,,,0.412012,-0.652434,,,27.851887,27.604868,0.129146,0.137470,,,,-0.411171,-0.928542,-1.994938,,,,,,
39430,-0.412895,-0.932266,-1.999647,-0.389844,-0.919606,-2.006980,0.438722,-0.118729,,,21.790770,21.180265,,,,,-0.021098,0.015699,-0.007333,-0.412930,-0.932378,-1.998251,,,,,,
39433,,,,,,,,,0.329610,0.000000,,,27.246376,26.493992,0.112958,0.128889,,,,,,,,,,,,
39440,,,,,,,,,0.494415,0.000000,,,27.825987,27.192930,0.105955,0.120697,,,,-0.414697,-0.936245,-1.998250,,,,,,
39450,,,,,,,,,,,,,,,,,,,,-0.416468,-0.940042,-1.998251,,,,,,
39455,,,,,,,,,0.329610,0.000000,,,26.680040,26.147387,0.116436,0.130159,,,,,,,,,,,,
39460,,,,,,,,,0.439480,0.000000,,,26.804928,26.356752,0.114185,0.127030,,,,-0.418251,-0.943661,-1.998232,,,,,,
39470,,,,,,,,,0.384545,0.000000,,,26.365465,25.988371,0.117664,0.129753,,,,-0.419944,-0.947298,-1.998177,,,,,,
39480,-0.421422,-0.950677,-1.995351,-0.398304,-0.937594,-2.014005,0.411183,-0.132671,0.302142,0.652434,20.152800,19.173784,,,,,-0.021444,0.015676,-0.018654,-0.421471,-0.950762,-1.994957,,,,,,
39483,,,,,,,,,,,,,24.906614,25.133871,0.114922,0.117041,,,,,,,,,,,,
39490,,,,,,,,,0.439480,0.000000,,,25.312767,25.503981,0.109829,0.112074,,,,-0.423206,-0.954555,-1.991637,,,,,,
39499,,,,,,,,,,,,,,,,,,,,-0.424936,-0.958229,-1.994906,,,,,,
39502,,,,,,,,,0.384545,0.000000,,,25.109961,25.270847,0.110866,0.113186,,,,,,,,,,,,
39509,,,,,,,,,,,,,,,,,,,,-0.426496,-0.961731,-1.991623,,,,,,
39515,,,,,,,,,0.302142,-0.652434,,,24.394777,23.985603,0.117169,0.125076,,,,,,,,,,,,
39520,,,,,,,,,0.412012,0.652434,,,24.337564,24.537828,0.116904,0.118481,,,,-0.428187,-0.965245,-1.991558,,,,,,
39529,-0.429819,-0.968766,-1.989164,-0.406314,-0.954303,-2.021894,0.384007,-0.148709,,,,,,,,,,,,-0.429835,-0.968693,-1.991585,,,,,,
39532,,,,,,,,,0.274675,0.000000,18.278301,16.891350,23.200340,23.368841,0.108547,0.106051,-0.022765,0.015602,-0.032729,,,,,,,,,
39539,,,,,,,,,,,,,,,,,,,,-0.431321,-0.972055,-1.991512,,,,,,
39542,,,,,,,,,0.439480,0.000000,,,23.877110,24.018885,0.100660,0.098125,,,,,,,,,,,,
39550,,,,,,,,,,,,,,,,,,,,-0.432830,-0.975353,-1.988239,,,,,,
39555,,,,,,,,,0.302142,-0.652434,,,24.991085,22.932201,0.088177,0.107783,,,,,,,,,,,,
39559,,,,,,,,,,,,,,,,,,,,-0.434288,-0.978601,-1.991491,,,,,,
39562,,,,,,,,,0.384545,0.000000,,,23.205669,23.106953,0.105046,0.104793,,,,,,,,,,,,
39569,,,,,,,,,,,,,,,,,,,,-0.435730,-0.981667,-1.991541,,,,,,
39572,,,,,,,,,0.329610,0.000000,,,22.792507,22.709446,0.108275,0.107604,,,,,,,,,,,,
39580,-0.437182,-0.984632,-1.994290,-0.413882,-0.969757,-2.030785,0.357285,-0.167280,,,16.574753,15.041893,21.355785,22.374985,0.104650,0.090988,-0.023136,0.015129,-0.036494,-0.437243,-0.984707,-1.994760,,,,,,
39583,,,,,,,,,0.274675,1.304868,,,,,,,,,,,,,,,,,,
39589,,,,,,,,,,,,,,,,,,,,-0.438650,-0.987699,-1.994760,,,,,,
39592,,,,,,,,,0.329610,-1.304868,,,21.780558,21.549025,0.099361,0.097946,,,,,,,,,,,,
39599,,,,,,,,,,,,,,,,,,,,-0.439936,-0.990533,-1.994760,,,,,,
39602,,,,,,,,,0.329610,0.000000,,,21.593418,21.398605,0.100229,0.098179,,,,,,,,,,,,
39610,,,,,,,,,,,,,,,,,,,,-0.441280,-0.993308,-1.994783,,,,,,
39626,,,,,,,,,-0.000000,0.000000,,,17.578033,16.981937,0.139319,0.140929,,,,-0.442525,-0.995934,-1.998078,,,,,,
39629,-0.443184,-0.997379,-2.000818,,,,,,,,,,,,,,,,,-0.443734,-0.998547,-2.001415,,,,,,
39632,,,,-0.421016,-0.983982,-2.040850,0.331106,-0.188937,0.329610,5.219473,15.492826,13.813988,20.235588,19.734032,0.100976,0.099945,-0.021419,0.014565,-0.040032,,,,,,,,,
39640,,,,,,,,,0.412012,-0.652434,,,21.382566,20.416014,0.088328,0.091805,,,,-0.444937,-1.001086,-2.004719,,,,,,
39650,,,,,,,,,0.302142,-0.652434,,,20.714005,19.900747,0.093969,0.095740,,,,-0.446065,-1.003512,-2.008017,,,,,,
39660,,,,,,,,,0.247207,-0.652434,,,20.696020,18.922659,0.093108,0.104499,,,,-0.447205,-1.005930,-2.011353,,,,,,
39670,,,,,,,,,,,,,,,,,,,,-0.448372,-1.008430,-2.014629,,,,,,
39675,,,,,,,,,0.274675,-1.304868,,,20.680887,19.733326,0.092222,0.095209,,,,,,,,,,,,
39680,-0.449588,-1.010937,-2.021940,-0.427725,-0.997009,-2.052302,0.305552,-0.214385,,,13.673226,12.090500,,,,,-0.022067,0.013603,-0.030362,-0.449618,-1.011051,-2.017898,,,,,,
39683,,,,,,,,,0.192272,1.957303,,,18.489983,17.692703,0.094972,0.097260,,,,,,,,,,,,
39690,,,,,,,,,0.302142,-0.652434,,,18.824728,17.609354,0.090594,0.096989,,,,-0.450925,-1.013643,-2.024405,,,,,,
39700,,,,,,,,,0.247207,0.652434,,,18.017296,16.994680,0.097800,0.102155,,,,-0.452270,-1.016199,-2.024396,,,,,,
39710,,,,,,,,,,,,,,,,,,,,-0.453485,-1.018689,-2.030838,,,,,,
39716,,,,,,,,,0.302142,-3.262171,,,17.882465,16.477495,0.098306,0.106450,,,,,,,,,,,,
39719,,,,,,,,,,,,,,,,,,,,-0.454514,-1.021152,-2.030910,,,,,,
39722,,,,,,,,,0.247207,1.957303,,,17.769020,16.586878,0.098621,0.104457,,,,,,,,,,,,
39729,-0.455526,-1.023461,-2.024829,-0.434019,-1.008872,-2.065401,0.280702,-0.244538,,,,,,,,,,,,-0.455617,-1.023570,-2.034059,,,,,,
39732,,,,,,,,,0.164805,0.000000,12.134710,10.243423,17.129025,16.134369,0.088637,0.089333,-0.022544,0.012929,-0.040572,,,,,,,,,
39740,,,,,,,,,0.329610,0.000000,,,17.679619,16.298172,0.082022,0.086484,,,,-0.456626,-1.025945,-2.037365,,,,,,
39750,,,,,,,,,0.219740,-1.304868,,,17.598345,15.891453,0.081742,0.089421,,,,-0.457752,-1.028170,-2.040695,,,,,,
39759,,,,,,,,,,,,,,,,,,,,-0.458840,-1.030264,-2.047155,,,,,,
39762,,,,,,,,,0.219740,0.000000,,,16.985418,15.549239,0.086901,0.091782,,,,,,,,,,,,
39770,,,,,,,,,,,,,,,,,,,,-0.459941,-1.032227,-2.047155,,,,,,
39777,,,,,,,,,0.274675,-2.609737,,,16.469702,14.716758,0.091192,0.099213,,,,,,,,,,,,
39780,-0.461065,-1.034316,-2.056299,-0.439911,-1.019609,-2.080485,0.256627,-0.280590,0.137337,1.957303,10.485956,8.713431,,,,,-0.022879,0.011846,-0.024185,-0.460957,-1.034213,-2.047229,,,,,,
39783,,,,,,,,,,,,,16.035778,14.560851,0.077933,0.084302,,,,,,,,,,,,
39789,,,,,,,,,,,,,,,,,,,,-0.461949,-1.036196,-2.050441,,,,,,
39792,,,,,,,,,0.274675,0.000000,,,16.215218,14.974215,0.074993,0.078916,,,,,,,,,,,,
39800,,,,,,,,,0.219740,0.000000,,,15.821654,14.777475,0.077862,0.079671,,,,-0.462960,-1.038035,-2.050470,,,,,,
39809,,,,,,,,,,,,,,,,,,,,-0.463939,-1.039891,-2.050470,,,,,,
39812,,,,,,,,,0.164805,0.000000,,,14.945968,14.067395,0.085726,0.085701,,,,,,,,,,,,
39819,,,,,,,,,,,,,,,,,,,,-0.464914,-1.041811,-2.050470,,,,,,
39822,,,,,,,,,0.219740,0.000000,,,14.753708,14.014478,0.086796,0.085170,,,,,,,,,,,,
39831,-0.465021,-1.041998,-2.050959,-0.445411,-1.029259,-2.097974,0.233394,-0.324127,0.219740,-1.304868,10.002553,7.688951,15.136484,13.969953,0.077107,0.074114,-0.020356,0.011508,-0.047015,-0.465951,-1.043876,-2.053682,,,,,,
39839,,,,,,,,,,,,,,,,,,,,-0.467009,-1.045667,-2.050441,,,,,,
39842,,,,,,,,,0.192272,0.652434,,,14.369465,13.387946,0.083904,0.078795,,,,,,,,,,,,
39850,,,,,,,,,0.192272,-0.652434,,,14.268639,12.898246,0.084059,0.082650,,,,-0.467990,-1.047397,-2.053615,,,,,,
39860,,,,,,,,,0.192272,0.652434,,,13.639260,13.030755,0.089625,0.080256,,,,-0.468878,-1.049097,-2.053682,,,,,,
39869,,,,,,,,,,,,,,,,,,,,-0.469878,-1.050752,-2.053625,,,,,,
39875,,,,,,,,,0.137337,-0.652434,,,14.198788,13.142248,0.083191,0.078051,,,,,,,,,,,,
39879,-0.470504,-1.051888,-2.056163,-0.450534,-1.037864,-2.118421,0.211062,-0.377282,,,,,,,,,,,,-0.470708,-1.052240,-2.053651,,,,,,
39882,,,,,,,,,0.274675,0.000000,8.427226,5.686623,13.035944,12.146973,0.078144,0.066688,-0.021721,0.011121,-0.062258,,,,,,,,,
39890,,,,,,,,,0.137337,-0.652434,,,13.146614,11.854091,0.076094,0.068383,,,,-0.471556,-1.053728,-2.056918,,,,,,
39899,,,,,,,,,,,,,,,,,,,,-0.472338,-1.055096,-2.056901,,,,,,
39902,,,,,,,,,0.192272,0.652434,,,12.695189,11.607660,0.079754,0.069663,,,,,,,,,,,,
39909,,,,,,,,,,,,,,,,,,,,-0.473217,-1.056557,-2.056901,,,,,,
39912,,,,,,,,,0.137337,-0.652434,,,12.315359,11.400313,0.082775,0.070594,,,,,,,,,,,,
39920,,,,,,,,,0.164805,0.000000,,,11.995771,11.225852,0.085257,0.071231,,,,-0.474052,-1.057998,-2.060150,,,,,,
39930,-0.474826,-1.059528,-2.059815,-0.455292,-1.045469,-2.142547,0.189690,-0.442967,0.137337,-0.652434,7.372274,4.114980,,,,,-0.021587,0.010640,-0.082732,-0.474869,-1.059560,-2.060150,,,,,,
39933,,,,,,,,,,,,,11.726871,10.534517,0.076526,0.061144,,,,,,,,,,,,
39940,,,,,,,,,0.164805,0.000000,,,11.500617,10.497371,0.077963,0.060239,,,,-0.475626,-1.061006,-2.063293,,,,,,
39950,,,,,,,,,0.164805,0.000000,,,11.310247,9.921573,0.079079,0.064836,,,,-0.476357,-1.062401,-2.066518,,,,,,
39960,,,,,,,,,0.137337,-0.652434,,,11.150070,9.981640,0.079925,0.063062,,,,-0.477142,-1.063680,-2.069780,,,,,,
39970,,,,,,,,,0.137337,-0.652434,,,11.015297,9.487637,0.080544,0.066927,,,,-0.477927,-1.065087,-2.072998,,,,,,
39981,-0.477945,-1.065125,-2.074629,-0.459701,-1.052120,-2.171314,0.169329,-0.525226,0.137337,-0.652434,6.725450,2.981049,10.901899,9.071982,0.074374,0.058526,-0.020197,0.009698,-0.096684,-0.478631,-1.066275,-2.079425,,,,,,
39990,,,,,,,,,,,,,,,,,,,,-0.479287,-1.067448,-2.082558,,,,,,
39995,,,,,,,,,0.137337,0.652434,,,10.261943,8.722251,0.080067,0.060875,,,,,,,,,,,,
40000,,,,,,,,,0.137337,-1.957303,,,10.812571,8.427987,0.073743,0.062729,,,,-0.479904,-1.068576,-2.089006,,,,,,
40010,,,,,,,,,0.109870,0.000000,,,10.186782,8.180393,0.079309,0.064165,,,,-0.480554,-1.069681,-2.092266,,,,,,
40020,,,,,,,,,0.137337,-0.652434,,,10.204786,7.972068,0.078433,0.065250,,,,-0.481210,-1.070723,-2.098614,,,,,,
40029,-0.481741,-1.071705,-2.105183,-0.463775,-1.057863,-2.206027,0.150029,-0.629760,,,,,,,,,,,,-0.481776,-1.071762,-2.104993,,,,,,
40032,,,,,,,,,0.082402,-0.652434,5.519433,1.291350,9.675392,7.252240,0.070835,0.054359,-0.021062,0.008411,-0.100844,,,,,,,,,
40040,,,,,,,,,0.137337,-0.652434,,,9.774504,7.191120,0.068993,0.053790,,,,-0.482386,-1.072888,-2.111312,,,,,,
40050,,,,,,,,,0.109870,0.000000,,,9.313353,7.139694,0.072846,0.053135,,,,-0.482916,-1.073881,-2.117706,,,,,,
40059,,,,,,,,,,,,,,,,,,,,-0.483506,-1.074862,-2.124057,,,,,,
40062,,,,,,,,,0.082402,-0.652434,,,8.925340,6.551880,0.076045,0.057961,,,,,,,,,,,,
40070,,,,,,,,,0.109870,-1.304868,,,8.598866,6.057294,0.078694,0.061953,,,,-0.484066,-1.075715,-2.130396,,,,,,
40080,-0.484611,-1.076541,-2.139544,-0.467529,-1.062748,-2.248489,0.131839,-0.764731,0.082402,-0.652434,4.785345,-0.115301,,,,,-0.020822,0.006965,-0.108945,-0.484605,-1.076558,-2.136715,,,,,,
40083,,,,,,,,,,,,,8.868714,5.641150,0.067838,0.050897,,,,,,,,,,,,
40089,,,,,,,,,,,,,,,,,,,,-0.485068,-1.077400,-2.146149,,,,,,
40095,,,,,,,,,0.082402,-0.652434,,,8.551222,5.291006,0.070259,0.053317,,,,,,,,,,,,
40100,,,,,,,,,0.109870,0.000000,,,8.284083,5.540938,0.072231,0.049687,,,,-0.485505,-1.078191,-2.152445,,,,,,
40110,,,,,,,,,0.082402,-0.652434,,,8.059313,5.206688,0.073824,0.051965,,,,-0.485876,-1.078872,-2.164979,,,,,,
40119,,,,,,,,,,,,,,,,,,,,-0.486267,-1.079548,-2.174428,,,,,,
40122,,,,,,,,,0.054935,-1.304868,,,7.870191,4.380907,0.075098,0.059323,,,,,,,,,,,,
40129,-0.486700,-1.080201,-2.182700,,,,,,,,,,,,,,,,,-0.486749,-1.080329,-2.180677,,,,,,
40132,,,,-0.470979,-1.066824,-2.301214,0.114812,-0.941979,0.109870,-1.304868,4.403751,-1.391878,8.255608,4.230638,0.066658,0.046936,-0.019980,0.005184,-0.118514,,,,,,,,,
40140,,,,,,,,,0.082402,-0.652434,,,8.035354,4.104201,0.068134,0.047101,,,,-0.487191,-1.081061,-2.190003,,,,,,
40149,,,,,,,,,,,,,,,,,,,,-0.487602,-1.081781,-2.199336,,,,,,
40152,,,,,,,,,0.054935,-1.304868,,,7.850032,3.453274,0.069298,0.052641,,,,,,,,,,,,
40159,,,,,,,,,,,,,,,,,,,,-0.487966,-1.082364,-2.208673,,,,,,
40162,,,,,,,,,0.054935,-1.304868,,,7.694102,2.905585,0.070199,0.057258,,,,,,,,,,,,
40170,,,,,,,,,0.054935,-1.304868,,,7.562903,2.444759,0.070879,0.061099,,,,-0.488324,-1.082890,-2.221073,,,,,,
40179,-0.488693,-1.083413,-2.231791,-0.474140,-1.070140,-2.367769,0.099007,-1.178780,,,,,,,,,,,,-0.488724,-1.083506,-2.230311,,,,,,
40182,,,,,,,,,0.027467,-0.652434,4.191648,-2.848803,6.907969,2.057020,0.074764,0.049426,-0.019411,0.003340,-0.135979,,,,,,,,,
40189,,,,,,,,,,,,,,,,,,,,-0.489075,-1.084119,-2.242570,,,,,,
40195,,,,,,,,,0.109870,-1.304868,,,7.445993,2.275319,0.068733,0.046219,,,,,,,,,,,,
40199,,,,,,,,,,,,,,,,,,,,-0.489348,-1.084643,-2.254882,,,,,,
40202,,,,,,,,,0.027467,-0.652434,,,6.809601,1.914453,0.074574,0.048875,,,,,,,,,,,,
40209,,,,,,,,,,,,,,,,,,,,-0.489657,-1.085153,-2.267092,,,,,,
40212,,,,,,,,,0.082402,-0.652434,,,6.818684,2.155364,0.073957,0.045465,,,,,,,,,,,,
40219,,,,,,,,,,,,,,,,,,,,-0.489878,-1.085509,-2.279326,,,,,,
40222,,,,,,,,,0.054935,-1.304868,,,6.826326,1.813523,0.073354,0.047951,,,,,,,,,,,,
40229,-0.490236,-1.085935,-2.291940,-0.477027,-1.072746,-2.453202,0.084498,-1.500107,,,,,,,,,,,,-0.490217,-1.085972,-2.291473,,,,,,
40232,,,,,,,,,0.054935,-1.304868,4.347811,-4.400045,6.832756,1.525898,0.074354,0.034129,-0.018627,0.001213,-0.161263,,,,,,,,,
40240,,,,,,,,,0.027467,-0.652434,,,6.293623,1.283890,0.079356,0.035412,,,,-0.490571,-1.086424,-2.300607,,,,,,
40249,,,,,,,,,,,,,,,,,,,,-0.490894,-1.086935,-2.309696,,,,,,
40252,,,,,,,,,0.054935,-1.304868,,,6.384540,1.080265,0.078040,0.036353,,,,,,,,,,,,
40260,,,,,,,,,0.027467,-0.652434,,,5.916494,0.908935,0.082407,0.037004,,,,-0.491276,-1.087488,-2.321786,,,,,,
40269,,,,,,,,,,,,,,,,,,,,-0.491569,-1.087939,-2.333877,,,,,,
40272,,,,,,,,,0.082402,-1.957303,,,6.611767,0.764778,0.075001,0.037413,,,,,,,,,,,,
40279,-0.492002,-1.088393,-2.346807,-0.479658,-1.074691,-2.564482,0.071389,-1.940422,,,,,,,,,,,,-0.491902,-1.088346,-2.342869,,,,,,
40282,,,,,,,,,0.027467,-0.652434,4.767710,-6.419132,6.107683,0.643484,0.083973,0.017022,-0.018426,-0.000787,-0.217675,,,,,,,,,
40290,,,,,,,,,,,,,,,,,,,,-0.492156,-1.088702,-2.354874,,,,,,
40295,,,,,,,,,0.082402,-1.957303,,,6.772634,0.541427,0.076922,0.016651,,,,,,,,,,,,
40300,,,,,,,,,0.054935,-1.304868,,,6.243036,0.455557,0.081923,0.016135,,,,-0.492456,-1.089100,-2.369854,,,,,,
40310,,,,,,,,,0.027467,-0.652434,,,6.341976,0.383305,0.080619,0.015497,,,,-0.492824,-1.089550,-2.378795,,,,,,
40320,,,,,,,,,0.027467,-0.652434,,,5.880681,0.322513,0.085010,0.014756,,,,-0.493145,-1.089902,-2.390745,,,,,,
40330,-0.493484,-1.090233,-2.400655,-0.482046,-1.076026,-2.710417,0.059828,-2.540702,0.082402,-1.957303,5.754232,-8.773128,,,,,-0.018029,-0.002762,-0.309762,-0.493530,-1.090314,-2.402599,,,,,,
40333,,,,,,,,,,,,,6.581634,0.271363,0.087700,-0.010081,,,,,,,,,,,,
40340,,,,,,,,,-0.000000,0.000000,,,5.537786,0.228324,0.098181,-0.011451,,,,-0.493869,-1.090647,-2.411519,,,,,,
40350,,,,,,,,,,,,,,,,,,,,-0.494145,-1.090923,-2.423325,,,,,,
40355,,,,,,,,,0.054935,-1.304868,,,6.293122,0.192112,0.090520,-0.012882,,,,,,,,,,,,
40360,,,,,,,,,0.054935,-1.304868,,,5.839575,0.161643,0.095039,-0.014364,,,,-0.494520,-1.091268,-2.435142,,,,,,
40370,,,,,,,,,0.054935,-1.304868,,,6.002504,0.136007,0.093360,-0.015890,,,,-0.494842,-1.091597,-2.446896,,,,,,
40379,-0.495227,-1.092003,-2.456592,-0.484208,-1.076799,-2.899487,0.050034,-3.327167,,,,,,,,,,,,-0.495196,-1.092001,-2.455740,,,,,,
40382,,,,,,,,,0.054935,-1.304868,7.155454,-11.715437,6.139593,0.114436,0.106204,-0.047463,-0.018153,-0.004803,-0.442895,,,,,,,,,
40389,,,,,,,,,,,,,,,,,,,,-0.495505,-1.092345,-2.467520,,,,,,
40392,,,,,,,,,0.054935,-1.304868,,,6.254939,0.096286,0.105231,-0.049644,,,,,,,,,,,,
40400,,,,,,,,,0.054935,-1.304868,,,6.351991,0.081015,0.104421,-0.051851,,,,-0.495917,-1.092732,-2.479278,,,,,,
40410,,,,,,,,,,,,,,,,,,,,-0.496368,-1.093147,-2.493862,,,,,,
40415,,,,,,,,,0.082402,-1.957303,,,6.978194,0.068166,0.098195,-0.054079,,,,,,,,,,,,
40419,,,,,,,,,,,,,,,,,,,,-0.496834,-1.093566,-2.508473,,,,,,
40422,,,,,,,,,0.027467,-0.652434,,,6.415995,0.057355,0.103964,-0.056325,,,,,,,,,,,,
40430,-0.497225,-1.093925,-2.520150,-0.486159,-1.077056,-3.132955,0.042309,-4.244018,,,8.810842,-15.069749,,,,,-0.018818,-0.007272,-0.612804,-0.497309,-1.094023,-2.522985,,,,,,
40433,,,,,,,,,0.082402,-1.957303,,,7.032047,0.048259,0.114714,-0.092801,,,,,,,,,,,,
40440,,,,,,,,,0.054935,-1.304868,,,7.005850,0.040605,0.115337,-0.095747,,,,-0.497848,-1.094481,-2.537539,,,,,,
40449,,,,,,,,,,,,,,,,,,,,-0.498353,-1.094932,-2.554886,,,,,,
40455,,,,,,,,,0.082402,-3.262171,,,8.072894,-0.510378,0.104814,-0.093149,,,,,,,,,,,,
40460,,,,,,,,,0.027467,-1.957303,,,7.881618,-0.973976,0.106912,-0.091332,,,,-0.498903,-1.095427,-2.572215,,,,,,
40469,,,,,,,,,,,,,,,,,,,,-0.499470,-1.095838,-2.592333,,,,,,
40472,,,,,,,,,0.054935,-2.609737,,,8.265223,-1.364046,0.103185,-0.090172,,,,,,,,,,,,
40479,-0.500070,-1.096088,-2.618272,-0.487913,-1.076846,2.888594,0.036995,-5.041374,,,,,,,,,,,,-0.500117,-1.096152,-2.615307,,,,,,
40482,,,,,,,,,0.082402,-1.957303,10.073465,-18.106039,8.587987,-1.147708,0.112881,-0.126090,-0.020146,-0.010591,-0.776319,,,,,,,,,
40490,,,,,,,,,0.027467,-3.262171,,,8.859561,-2.054768,0.110408,-0.120230,,,,-0.500535,-1.096557,-2.643916,,,,,,
40500,,,,,,,,,0.054935,-2.609737,,,9.088063,-2.273425,0.108320,-0.121210,,,,-0.500930,-1.096920,-2.669585,,,,,,
40510,,,,,,,,,,,,,,,,,,,,-0.501249,-1.097177,-2.700858,,,,,,
40515,,,,,,,,,0.027467,-3.262171,,,9.280325,-3.001945,0.106556,-0.116945,,,,,,,,,,,,
40520,,,,,,,,,0.082402,-3.262171,,,9.986637,-3.070380,0.099510,-0.119268,,,,-0.501655,-1.097477,-2.732014,,,,,,
40530,-0.502212,-1.097808,-2.767182,-0.489484,-1.076213,2.631972,0.034296,-5.304973,0.054935,-3.914605,10.610421,-18.998533,,,,,-0.019744,-0.015444,-0.884031,-0.502068,-1.097804,-2.765882,,,,,,
40533,,,,,,,,,,,,,10.580928,-4.217047,0.098943,-0.119683,,,,,,,,,,,,
40539,,,,,,,,,,,,,,,,,,,,-0.502517,-1.098196,-2.805259,,,,,,
40542,,,,,,,,,0.000000,-3.914605,,,10.536421,-4.637309,0.099403,-0.118352,,,,,,,,,,,,
40550,,,,,,,,,0.027467,-3.262171,,,10.498973,-4.990918,0.099800,-0.117618,,,,-0.502912,-1.098530,-2.841718,,,,,,
40559,,,,,,,,,,,,,,,,,,,,-0.503391,-1.098870,-2.880824,,,,,,
40562,,,,,,,,,0.027467,-4.567039,,,11.012007,-5.832987,0.094589,-0.111830,,,,,,,,,,,,
40569,,,,,,,,,,,,,,,,,,,,-0.503657,-1.099068,-2.919912,,,,,,
40575,,,,,,,,,0.000000,-3.914605,,,10.899131,-6.541504,0.095660,-0.107236,,,,,,,,,,,,
40580,-0.503806,-1.099208,-2.959211,-0.490887,-1.075201,2.410236,0.034020,-4.854028,,,10.135090,-17.133137,11.348700,-6.048564,0.086168,-0.095729,-0.017059,-0.021266,-0.913739,-0.503951,-1.099337,-2.958872,,,,,,
40583,,,,,,,,,0.109870,-3.914605,,,,,,,,,,,,,,,,,,
40589,,,,,,,,,,,,,,,,,,,,-0.504126,-1.099505,-3.000523,,,,,,
40592,,,,,,,,,0.000000,-3.914605,,,11.726967,-6.722890,0.082067,-0.091068,,,,,,,,,,,,
40599,,,,,,,,,,,,,,,,,,,,-0.504397,-1.099724,-3.039334,,,,,,
40602,,,,,,,,,0.027467,-3.262171,,,11.500698,-6.745726,0.084057,-0.092917,,,,,,,,,,,,
40609,,,,,,,,,,,,,,,,,,,,-0.504602,-1.099857,-3.078134,,,,,,
40615,,,,,,,,,0.027467,-3.262171,,,11.310315,-6.764939,0.085726,-0.094798,,,,,,,,,,,,
40619,,,,,,,,,,,,,,,,,,,,-0.504857,-1.100044,-3.114127,,,,,,
40622,,,,,,,,,0.000000,-3.914605,,,11.150127,-7.325648,0.087124,-0.091153,,,,,,,,,,,,
40629,-0.504935,-1.100117,3.135177,-0.492135,-1.073852,2.234002,0.035557,-3.982691,,,,,,,,,,,,-0.505039,-1.100200,3.135812,,,,,,
40632,,,,,,,,,0.054935,-2.609737,9.201221,-13.547811,11.015346,-6.708343,0.078771,-0.062840,-0.012632,-0.026347,-0.901175,,,,,,,,,
40640,,,,,,,,,0.027467,-3.262171,,,10.901940,-6.733485,0.079565,-0.063952,,,,-0.505353,-1.100367,3.102529,,,,,,
40650,,,,,,,,,0.027467,-3.262171,,,10.806520,-6.754640,0.080198,-0.065099,,,,-0.505584,-1.100509,3.069299,,,,,,
40660,,,,,,,,,0.027467,-1.957303,,,10.181691,-6.227896,0.086250,-0.071830,,,,-0.505793,-1.100579,3.041635,,,,,,
40670,,,,,,,,,,,,,,,,,,,,-0.506036,-1.100674,3.016714,,,,,,
40675,,,,,,,,,0.027467,-1.957303,,,9.655960,-5.784694,0.091416,-0.077815,,,,,,,,,,,,
40680,-0.506344,-1.100738,2.995595,-0.493240,-1.072207,2.098995,0.038161,-3.084760,0.000000,-3.914605,8.086303,-10.066166,,,,,-0.008814,-0.030134,-0.896600,-0.506347,-1.100803,2.991773,,,,,,
40683,,,,,,,,,,,,,9.758153,-6.500871,0.078911,-0.036550,,,,,,,,,,,,
40690,,,,,,,,,0.054935,-1.304868,,,9.299595,-5.469831,0.083254,-0.047779,,,,-0.506681,-1.100846,2.969545,,,,,,
40700,,,,,,,,,0.027467,-1.957303,,,8.913764,-5.146859,0.086947,-0.051993,,,,-0.507003,-1.100901,2.950104,,,,,,
40710,,,,,,,,,0.082402,-1.957303,,,8.589127,-4.330566,0.090092,-0.061303,,,,-0.507349,-1.100964,2.930659,,,,,,
40719,,,,,,,,,,,,,,,,,,,,-0.507691,-1.101001,2.913918,,,,,,
40722,,,,,,,,,0.027467,-0.652434,,,8.315976,-3.643738,0.092778,-0.069456,,,,,,,,,,,,
40730,-0.508082,-1.100912,2.900095,-0.494216,-1.070304,1.996200,0.041223,-2.347221,0.027467,-1.957303,7.086214,-7.354506,,,,,-0.006143,-0.033036,-0.903895,-0.508117,-1.100949,2.894335,,,,,,
40733,,,,,,,,,,,,,8.086147,-3.610384,0.084875,-0.043422,,,,,,,,,,,,
40740,,,,,,,,,0.027467,-1.957303,,,7.892770,-3.582320,0.086648,-0.044457,,,,-0.508591,-1.100841,2.880350,,,,,,
40750,,,,,,,,,0.027467,-0.652434,,,7.185519,-3.014163,0.093700,-0.051006,,,,-0.509051,-1.100763,2.869212,,,,,,
40759,,,,,,,,,,,,,,,,,,,,-0.509483,-1.100650,2.858032,,,,,,
40762,,,,,,,,,0.054935,-1.304868,,,7.134981,-2.536117,0.094196,-0.056750,,,,,,,,,,,,
40770,,,,,,,,,,,,,,,,,,,,-0.509972,-1.100521,2.849642,,,,,,
40775,,,,,,,,,0.054935,-1.304868,,,7.092459,-2.133888,0.094620,-0.061817,,,,,,,,,,,,
40779,-0.510396,-1.100419,2.835618,-0.495074,-1.068180,1.917232,0.044337,-1.792834,,,,,,,,,,,,-0.510366,-1.100442,2.835688,,,,,,
40782,,,,,,,,,0.000000,-1.304868,6.158974,-5.550164,6.512137,-2.339997,0.091080,-0.042354,-0.004899,-0.035357,-0.918386,,,,,,,,,
40789,,,,,,,,,,,,,,,,,,,,-0.510752,-1.100311,2.824510,,,,,,
40792,,,,,,,,,0.054935,-1.304868,,,6.568398,-1.968873,0.090436,-0.046782,,,,,,,,,,,,
40800,,,,,,,,,0.054935,-1.304868,,,6.615735,-1.656609,0.089871,-0.050683,,,,-0.511055,-1.100196,2.813383,,,,,,
40810,,,,,,,,,0.027467,-0.652434,,,6.111022,-1.393871,0.094928,-0.054142,,,,-0.511555,-1.100118,2.802140,,,,,,
40820,,,,,,,,,0.027467,-0.652434,,,5.686356,-1.172803,0.099269,-0.057228,,,,-0.511989,-1.100029,2.793713,,,,,,
40830,-0.512382,-1.099901,2.786747,-0.495825,-1.065870,1.855682,0.047261,-1.387143,,,5.597498,-4.152906,,,,,-0.003702,-0.037664,-0.931065,-0.512445,-1.099894,2.785259,,,,,,
40833,,,,,,,,,0.054935,-1.304868,,,5.873586,-0.986796,0.091727,-0.045749,,,,,,,,,,,,
40840,,,,,,,,,0.054935,-1.304868,,,6.031121,-0.830290,0.090065,-0.047978,,,,-0.513007,-1.099719,2.774005,,,,,,
40849,,,,,,,,,,,,,,,,,,,,-0.513439,-1.099586,2.759996,,,,,,
40852,,,,,,,,,0.054935,-1.304868,,,6.163671,-0.698606,0.088626,-0.049986,,,,,,,,,,,,
40860,,,,,,,,,0.054935,-1.304868,,,6.275198,-0.587807,0.087375,-0.051807,,,,-0.513890,-1.099469,2.751517,,,,,,
40869,,,,,,,,,,,,,,,,,,,,-0.514354,-1.099318,2.740210,,,,,,
40872,,,,,,,,,0.027467,-0.652434,,,5.824494,-0.494581,0.091837,-0.053471,,,,,,,,,,,,
40879,-0.514748,-1.099158,2.731005,-0.496479,-1.063406,1.806955,0.049859,-1.090026,,,,,,,,,,,,-0.514848,-1.099136,2.728887,,,,,,
40882,,,,,,,,,0.082402,-1.957303,5.336277,-2.975803,6.534358,-0.416140,0.081886,-0.042996,-0.002480,-0.040073,-0.924050,,,,,,,,,
40890,,,,,,,,,,,,,,,,,,,,-0.515376,-1.098895,2.714718,,,,,,
40895,,,,,,,,,0.027467,-0.652434,,,6.042551,-0.350140,0.086663,-0.044181,,,,,,,,,,,,
40900,,,,,,,,,0.027467,-0.652434,,,5.628745,-0.294608,0.090743,-0.045273,,,,-0.515781,-1.098739,2.703425,,,,,,
40909,,,,,,,,,,,,,,,,,,,,-0.516210,-1.098581,2.694874,,,,,,
40912,,,,,,,,,0.054935,-1.304868,,,5.825112,-0.247883,0.088681,-0.046286,,,,,,,,,,,,
40920,,,,,,,,,0.054935,-1.304868,,,5.990335,-0.208569,0.086898,-0.047232,,,,-0.516664,-1.098482,2.686375,,,,,,
40930,-0.517022,-1.098307,2.674246,-0.497046,-1.060818,1.767813,0.052060,-0.869693,0.027467,-0.652434,5.357913,-1.877006,,,,,-0.000945,-0.042468,-0.906433,-0.517003,-1.098336,2.675024,,,,,,
40933,,,,,,,,,,,,,5.584810,-0.175490,0.091124,-0.036915,,,,,,,,,,,,
40939,,,,,,,,,,,,,,,,,,,,-0.517425,-1.098122,2.666448,,,,,,
40942,,,,,,,,,0.027467,-0.652434,,,5.243602,-0.147657,0.094559,-0.037540,,,,,,,,,,,,
40949,,,,,,,,,,,,,,,,,,,,-0.517967,-1.097931,2.655087,,,,,,
40952,,,,,,,,,0.054935,-1.304868,,,5.501052,-0.124239,0.091956,-0.038124,,,,,,,,,,,,
40960,,,,,,,,,0.054935,-1.304868,,,5.717671,-0.104534,0.089718,-0.038676,,,,-0.518463,-1.097725,2.646547,,,,,,
40969,,,,,,,,,,,,,,,,,,,,-0.518838,-1.097524,2.635168,,,,,,
40972,,,,,,,,,0.054935,-1.304868,,,5.899934,-0.087955,0.087787,-0.039200,,,,,,,,,,,,
40981,-0.518888,-1.097479,2.632972,-0.497535,-1.058135,1.735960,0.053835,-0.703543,0.027467,-0.652434,5.460286,-0.974933,5.508747,-0.074005,0.092713,-0.030498,0.000509,-0.044762,-0.897012,-0.519260,-1.097353,2.623708,,,,,,
40989,,,,,,,,,,,,,,,,,,,,-0.519661,-1.097159,2.612232,,,,,,
40995,,,,,,,,,0.082402,-1.957303,,,6.268689,-0.062268,0.084952,-0.030798,,,,,,,,,,,,
41000,,,,,,,,,0.027467,-0.652434,,,5.819017,-0.052392,0.089377,-0.031082,,,,-0.520197,-1.096897,2.597844,,,,,,
41010,,,,,,,,,0.027467,-0.652434,,,5.440663,-0.044083,0.093164,-0.031351,,,,-0.520736,-1.096640,2.586365,,,,,,
41020,,,,,,,,,0.082402,-1.957303,,,6.211403,-0.037091,0.085307,-0.031608,,,,-0.521230,-1.096393,2.574844,,,,,,
41029,-0.521758,-1.096074,2.560934,-0.497956,-1.055384,1.709747,0.055178,-0.576018,,,,,,,,,,,,-0.521700,-1.096144,2.563300,,,,,,
41032,,,,,,,,,0.027467,-0.652434,5.820785,0.086911,5.770817,-0.031209,0.093327,-0.021025,0.002421,-0.047078,-0.851187,,,,,,,,,
41040,,,,,,,,,0.054935,-1.304868,,,5.944651,-0.026259,0.091564,-0.021052,,,,-0.522092,-1.095970,2.551790,,,,,,
41050,,,,,,,,,0.054935,-1.304868,,,6.090915,-0.022094,0.090048,-0.021072,,,,-0.522376,-1.095807,2.537281,,,,,,
41059,,,,,,,,,,,,,,,,,,,,-0.522664,-1.095663,2.525741,,,,,,
41062,,,,,,,,,0.054935,-1.304868,,,6.213982,-0.018590,0.088738,-0.021086,,,,,,,,,,,,
41069,,,,,,,,,,,,,,,,,,,,-0.523119,-1.095353,2.514114,,,,,,
41072,,,,,,,,,0.054935,-1.304868,,,6.317530,-0.015642,0.087604,-0.021095,,,,,,,,,,,,
41080,-0.523822,-1.094909,2.501868,-0.498315,-1.052587,1.687972,0.056098,-0.476455,0.027467,-0.652434,6.343034,1.173229,,,,,0.004802,-0.049181,-0.813896,-0.523805,-1.094947,2.502434,,,,,,
41083,,,,,,,,,,,,,5.860112,-0.013161,0.097497,-0.010019,,,,,,,,,,,,
41089,,,,,,,,,,,,,,,,,,,,-0.524513,-1.094535,2.490714,,,,,,
41095,,,,,,,,,0.082402,-1.957303,,,6.019783,-0.011074,0.095965,-0.009803,,,,,,,,,,,,
41100,,,,,,,,,0.027467,-0.652434,,,6.154131,-0.009317,0.094659,-0.009584,,,,-0.525044,-1.094215,2.479032,,,,,,
41110,,,,,,,,,0.082402,-1.957303,,,6.811715,-0.007840,0.087989,-0.009363,,,,-0.525512,-1.093959,2.467290,,,,,,
41119,,,,,,,,,,,,,,,,,,,,-0.525936,-1.093704,2.452644,,,,,,
41122,,,,,,,,,0.054935,-1.304868,,,6.275919,-0.006596,0.093361,-0.009139,,,,,,,,,,,,
41129,-0.526290,-1.093457,2.437845,,,,,,,,,,,,,,,,,-0.526319,-1.093480,2.437957,,,,,,
41132,,,,-0.498620,-1.049768,1.669743,0.056615,-0.397482,0.027467,-0.652434,6.896360,2.229089,6.369644,-0.005550,0.098062,0.001856,0.007174,-0.051214,-0.768102,,,,,,,,,
41140,,,,,,,,,0.082402,-1.957303,,,6.993047,-0.004670,0.091809,0.002294,,,,-0.526750,-1.093125,2.423196,,,,,,
41149,,,,,,,,,,,,,,,,,,,,-0.527237,-1.092767,2.411338,,,,,,
41152,,,,,,,,,0.054935,-1.304868,,,6.973035,-0.003929,0.091994,0.002733,,,,,,,,,,,,
41160,,,,,,,,,0.054935,-1.304868,,,6.956197,-0.003306,0.092150,0.003173,,,,-0.527853,-1.092380,2.396523,,,,,,
41169,,,,,,,,,,,,,,,,,,,,-0.528345,-1.091969,2.381572,,,,,,
41172,,,,,,,,,0.054935,-1.304868,,,6.942030,-0.002782,0.092283,0.003614,,,,,,,,,,,,
41179,-0.528744,-1.091610,2.369933,-0.498878,-1.046946,1.654384,0.056752,-0.333932,,,,,,,,,,,,-0.528782,-1.091610,2.369689,,,,,,
41182,,,,,,,,,0.054935,-1.304868,7.517713,3.314566,6.930110,-0.002341,0.098733,0.015128,0.009739,-0.052839,-0.715549,,,,,,,,,
41189,,,,,,,,,,,,,,,,,,,,-0.529177,-1.091238,2.354761,,,,,,
41196,,,,,,,,,0.082402,-1.957303,,,7.464623,-0.001969,0.093398,0.015788,,,,,,,,,,,,
41200,,,,,,,,,0.054935,-1.304868,,,7.369819,-0.001657,0.094376,0.016448,,,,-0.529573,-1.090859,2.342788,,,,,,
41209,,,,,,,,,,,,,,,,,,,,-0.530040,-1.090450,2.327684,,,,,,
41212,,,,,,,,,0.054935,-1.304868,,,7.290051,-0.001394,0.095219,0.017108,,,,,,,,,,,,
41219,,,,,,,,,,,,,,,,,,,,-0.530511,-1.090009,2.312614,,,,,,
41222,,,,,,,,,0.054935,-1.304868,,,7.222935,-0.001173,0.095949,0.017769,,,,,,,,,,,,
41229,-0.531066,-1.089573,2.298077,-0.499094,-1.044139,1.641379,0.056539,-0.282127,,,,,,,,,,,,-0.531104,-1.089568,2.297471,,,,,,
41232,,,,,,,,,0.054935,-1.304868,8.246164,4.485141,7.711006,-0.000987,0.098460,0.030370,0.012682,-0.054089,-0.656698,,,,,,,,,
41240,,,,,,,,,0.082402,-1.957303,,,7.577126,-0.000830,0.099933,0.031266,,,,-0.531610,-1.089170,2.282285,,,,,,
41250,,,,,,,,,,,,,,,,,,,,-0.532074,-1.088661,2.267037,,,,,,
41255,,,,,,,,,0.082402,-1.957303,,,8.009023,-0.000699,0.095661,0.032162,,,,,,,,,,,,
41260,,,,,,,,,0.054935,-1.304868,,,7.827877,-0.000588,0.097556,0.033058,,,,-0.532549,-1.088202,2.251764,,,,,,
41269,,,,,,,,,,,,,,,,,,,,-0.533088,-1.087692,2.236412,,,,,,
41272,,,,,,,,,0.082402,-1.957303,,,7.675461,-0.000495,0.099195,0.033954,,,,,,,,,,,,
41279,-0.533581,-1.087116,2.219227,-0.499274,-1.041365,1.630324,0.056005,-0.239411,,,,,,,,,,,,-0.533574,-1.087185,2.220969,,,,,,
41282,,,,,,,,,0.027467,-0.652434,9.000029,5.678448,7.547218,-0.000416,0.108306,0.047022,0.015746,-0.054975,-0.588903,,,,,,,,,
41290,,,,,,,,,0.082402,-1.957303,,,7.983858,-0.000350,0.104143,0.048157,,,,-0.534016,-1.086587,2.202383,,,,,,
41300,,,,,,,,,0.082402,-1.957303,,,8.351247,-0.000295,0.100599,0.049292,,,,-0.534504,-1.086082,2.186865,,,,,,
41310,,,,,,,,,,,,,,,,,,,,-0.534909,-1.085556,2.171260,,,,,,
41315,,,,,,,,,0.082402,-1.957303,,,8.660368,-0.000248,0.097576,0.050428,,,,,,,,,,,,
41320,,,,,,,,,0.054935,-1.304868,,,8.375919,-0.000209,0.100545,0.051563,,,,-0.535301,-1.085011,2.155603,,,,,,
41329,-0.535740,-1.084484,2.138155,-0.499424,-1.038636,1.620902,0.055182,-0.203829,,,,,,,,,,,,-0.535793,-1.084449,2.136705,,,,,,
41332,,,,,,,,,0.054935,-1.304868,9.829254,6.937125,8.136584,-0.000176,0.111569,0.065537,0.019148,-0.055265,-0.517253,,,,,,,,,
41340,,,,,,,,,0.082402,-1.957303,,,8.479751,-0.000148,0.108407,0.066924,,,,-0.536261,-1.083875,2.120882,,,,,,
41349,,,,,,,,,,,,,,,,,,,,-0.536690,-1.083288,2.104968,,,,,,
41355,,,,,,,,,0.054935,-1.304868,,,8.223948,-0.000124,0.111286,0.068311,,,,,,,,,,,,
41360,,,,,,,,,0.109870,-2.609737,,,9.097801,-0.000105,0.102694,0.069699,,,,-0.537118,-1.082656,2.089002,,,,,,
41369,,,,,,,,,,,,,,,,,,,,-0.537520,-1.082033,2.069764,,,,,,
41372,,,,,,,,,0.054935,-1.304868,,,8.743975,-0.000088,0.106449,0.071086,,,,,,,,,,,,
41380,-0.537876,-1.081447,2.052286,-0.499547,-1.035965,1.612855,0.054100,-0.173928,,,10.636547,8.173818,8.990808,-0.000074,0.112383,0.085087,0.022561,-0.055034,-0.439430,-0.537944,-1.081385,2.050396,,,,,,
41383,,,,,,,,,0.082402,-1.957303,,,,,,,,,,,,,,,,,,
41389,,,,,,,,,,,,,,,,,,,,-0.538424,-1.080667,2.034147,,,,,,
41392,,,,,,,,,0.082402,-1.957303,,,9.198495,-0.000062,0.110594,0.086722,,,,,,,,,,,,
41399,,,,,,,,,,,,,,,,,,,,-0.538954,-1.079909,2.014565,,,,,,
41402,,,,,,,,,0.109870,-1.304868,,,9.373242,0.544491,0.109099,0.082802,,,,,,,,,,,,
41410,,,,,,,,,,,,,,,,,,,,-0.539495,-1.079108,1.994861,,,,,,
41416,,,,,,,,,0.164805,-2.609737,,,10.609361,1.002678,0.096743,0.079655,,,,,,,,,,,,
41420,,,,,,,,,0.054935,-1.304868,,,10.015801,0.843653,0.102803,0.082711,,,,-0.540008,-1.078307,1.971738,,,,,,
41429,-0.540280,-1.077611,1.957779,-0.499647,-1.033365,1.605978,0.052790,-0.148609,,,,,,,,,,,,-0.540391,-1.077486,1.955098,,,,,,
41432,,,,,,,,,0.082402,-0.652434,11.319016,9.297657,9.516380,1.254393,0.114983,0.091451,0.025639,-0.054326,-0.351800,,,,,,,,,
41440,,,,,,,,,0.109870,-2.609737,,,10.185254,1.055446,0.108521,0.095089,,,,-0.540775,-1.076590,1.938361,,,,,,
41450,,,,,,,,,0.109870,-1.304868,,,10.203501,1.432595,0.108561,0.092890,,,,-0.541298,-1.075588,1.921525,,,,,,
41459,,,,,,,,,,,,,,,,,,,,-0.541804,-1.074564,1.904592,,,,,,
41462,,,,,,,,,0.109870,-1.304868,,,10.218854,1.749929,0.108628,0.091226,,,,,,,,,,,,
41470,,,,,,,,,,,,,,,,,,,,-0.542243,-1.073493,1.887557,,,,,,
41475,,,,,,,,,0.109870,-1.304868,,,11.320858,2.016933,0.097607,0.090012,,,,,,,,,,,,
41480,-0.542578,-1.072379,1.875420,-0.499728,-1.030843,1.600101,0.051281,-0.127032,,,11.431355,9.796117,10.069912,2.241590,0.111512,0.094261,0.026771,-0.053335,-0.275320,-0.542615,-1.072372,1.873852,,,,,,
41483,,,,,,,,,0.109870,-1.304868,,,,,,,,,,,,,,,,,,
41489,,,,,,,,,,,,,,,,,,,,-0.543035,-1.071219,1.860078,,,,,,
41492,,,,,,,,,0.137337,-1.957303,,,10.650995,2.430617,0.105858,0.093844,,,,,,,,,,,,
41500,,,,,,,,,0.137337,-1.957303,,,11.139919,2.589664,0.101027,0.093695,,,,-0.543456,-1.070097,1.846233,,,,,,
41511,,,,,,,,,,,,,,,,,,,,-0.543849,-1.068841,1.828826,,,,,,
41516,,,,,,,,,0.192272,-1.957303,,,12.095842,3.268029,0.091335,0.088217,,,,,,,,,,,,
41520,,,,,,,,,0.054935,0.000000,,,10.721983,3.294263,0.105215,0.089255,,,,-0.544214,-1.067683,1.814813,,,,,,
41529,-0.544497,-1.066682,1.810243,-0.499793,-1.028409,1.595081,0.049601,-0.108545,,,,,,,,,,,,-0.544598,-1.066401,1.804273,,,,,,
41532,,,,,,,,,0.109870,-1.304868,11.164979,9.842763,10.655105,3.316335,0.103322,0.090806,0.026579,-0.052505,-0.215162,,,,,,,,,
41540,,,,,,,,,0.164805,-1.304868,,,11.143376,3.879451,0.098444,0.086368,,,,-0.544985,-1.065050,1.793669,,,,,,
41550,,,,,,,,,0.164805,-1.304868,,,11.554208,4.353256,0.094258,0.082727,,,,-0.545340,-1.063668,1.779443,,,,,,
41560,,,,,,,,,0.109870,-1.304868,,,11.355338,4.207372,0.096208,0.085313,,,,-0.545692,-1.062381,1.765170,,,,,,
41570,,,,,,,,,,,,,,,,,,,,-0.545912,-1.061096,1.757994,,,,,,
41576,,,,,,,,,0.137337,-1.957303,,,11.732553,4.629169,0.092322,0.082138,,,,,,,,,,,,
41580,-0.546094,-1.059829,1.740968,-0.499845,-1.026069,1.590801,0.047777,-0.092638,0.082402,0.652434,10.615471,9.599209,,,,,0.025440,-0.051299,-0.150167,-0.546120,-1.059818,1.743587,,,,,,
41583,,,,,,,,,,,,,10.416311,4.439526,0.100030,0.082631,,,,,,,,,,,,
41590,,,,,,,,,0.164805,-1.304868,,,10.942455,4.824502,0.094703,0.079736,,,,-0.546363,-1.058592,1.736345,,,,,,
41600,,,,,,,,,0.109870,-1.304868,,,10.840611,4.603879,0.095676,0.082941,,,,-0.546553,-1.057217,1.725440,,,,,,
41610,,,,,,,,,0.164805,-1.304868,,,11.299461,4.962790,0.090951,0.080280,,,,-0.546817,-1.055971,1.714485,,,,,,
41620,,,,,,,,,0.109870,0.000000,,,10.596452,5.264777,0.097985,0.078127,,,,-0.546981,-1.054725,1.703481,,,,,,
41630,-0.547120,-1.053574,1.696494,-0.499886,-1.023828,1.587159,0.045834,-0.078907,,,,,,,,,,,,-0.547131,-1.053497,1.692420,,,,,,
41633,,,,,,,,,0.109870,-1.304868,9.884149,9.079853,10.549482,4.974326,0.091008,0.076659,0.023589,-0.050591,-0.109335,,,,,,,,,
41640,,,,,,,,,0.164805,-1.304868,,,11.054506,5.274483,0.085724,0.074418,,,,-0.547277,-1.052266,1.685016,,,,,,
41650,,,,,,,,,0.082402,-0.652434,,,10.390347,4.982492,0.092264,0.078158,,,,-0.547481,-1.051066,1.673864,,,,,,
41660,,,,,,,,,0.137337,-0.652434,,,10.376066,5.281355,0.092309,0.075929,,,,-0.547697,-1.049844,1.666392,,,,,,
41670,,,,,,,,,,,,,,,,,,,,-0.547890,-1.048653,1.655145,,,,,,
41675,,,,,,,,,0.164805,-1.304868,,,10.908593,5.532818,0.086779,0.074123,,,,,,,,,,,,
41680,-0.548040,-1.047307,1.642786,-0.499917,-1.021691,1.584071,0.043794,-0.067029,0.054935,-1.304868,9.236732,8.652782,,,,,0.022088,-0.049840,-0.058715,-0.548053,-1.047485,1.643843,,,,,,
41683,,,,,,,,,,,,,10.267575,4.655312,0.086508,0.079427,,,,,,,,,,,,
41690,,,,,,,,,0.109870,-1.304868,,,10.272766,4.461522,0.086249,0.082203,,,,-0.548205,-1.046280,1.636273,,,,,,
41700,,,,,,,,,0.109870,0.000000,,,9.732591,4.843010,0.091552,0.079150,,,,-0.548331,-1.045128,1.624867,,,,,,
41710,,,,,,,,,0.109870,-1.304868,,,9.822630,4.619452,0.090534,0.082193,,,,-0.548375,-1.043915,1.613399,,,,,,
41720,,,,,,,,,0.109870,-1.304868,,,9.898389,4.431349,0.089644,0.084918,,,,-0.548481,-1.042937,1.601864,,,,,,
41730,-0.548529,-1.041918,1.592748,-0.499942,-1.019662,1.581462,0.041681,-0.056741,,,8.759483,8.366607,,,,,0.021185,-0.049064,-0.011286,-0.548554,-1.041928,1.594141,,,,,,
41733,,,,,,,,,0.082402,-0.652434,,,9.417589,4.273080,0.089548,0.084458,,,,,,,,,,,,
41740,,,,,,,,,0.164805,-1.304868,,,10.102131,4.684455,0.082434,0.081080,,,,-0.548593,-1.040828,1.582489,,,,,,
41750,,,,,,,,,0.082402,-0.652434,,,9.589018,4.486043,0.087400,0.083841,,,,-0.548701,-1.039834,1.570781,,,,,,
41760,,,,,,,,,0.082402,-0.652434,,,9.157285,4.319099,0.091637,0.086320,,,,-0.548772,-1.038690,1.562999,,,,,,
41770,,,,,,,,,0.137337,-0.652434,,,9.338568,4.723176,0.089709,0.083007,,,,-0.548833,-1.037490,1.555205,,,,,,
41780,-0.548889,-1.036321,1.548516,-0.499960,-1.017741,1.579268,0.039513,-0.047829,0.109870,-1.304868,8.117005,7.881514,,,,,0.019665,-0.048503,0.030752,-0.548919,-1.036437,1.547452,,,,,,
41783,,,,,,,,,,,,,9.491099,4.518623,0.081484,0.080875,,,,,,,,,,,,
41790,,,,,,,,,,,,,,,,,,,,-0.548926,-1.035360,1.539729,,,,,,
41795,,,,,,,,,0.137337,-0.652434,,,9.619439,4.891055,0.079900,0.077748,,,,,,,,,,,,
41800,,,,,,,,,0.082402,-0.652434,,,9.182881,4.659876,0.084052,0.080705,,,,-0.548835,-1.034361,1.532090,,,,,,
41810,,,,,,,,,0.082402,-0.652434,,,8.815561,4.465363,0.087586,0.083333,,,,-0.548792,-1.033332,1.520601,,,,,,
41820,,,,,,,,,0.082402,-0.652434,,,8.506498,4.301699,0.090598,0.085685,,,,-0.548829,-1.032416,1.516758,,,,,,
41829,-0.548784,-1.031433,1.513179,-0.499973,-1.015931,1.577433,0.037308,-0.040115,,,,,,,,,,,,-0.548789,-1.031363,1.512931,,,,,,
41832,,,,,,,,,0.082402,-0.652434,7.528292,7.412111,8.246453,4.163992,0.087168,0.083018,0.018287,-0.047838,0.064253,,,,,,,,,
41839,,,,,,,,,,,,,,,,,,,,-0.548776,-1.030435,1.505350,,,,,,
41842,,,,,,,,,0.137337,-0.652434,,,8.572194,4.592669,0.083702,0.079295,,,,,,,,,,,,
41850,,,,,,,,,0.054935,0.000000,,,7.757186,4.408814,0.091806,0.081734,,,,-0.548676,-1.029454,1.497839,,,,,,
41860,,,,,,,,,0.137337,-0.652434,,,8.160525,4.798662,0.087646,0.078359,,,,-0.548603,-1.028543,1.494031,,,,,,
41870,,,,,,,,,0.082402,-0.652434,,,7.955351,4.582137,0.089613,0.081090,,,,-0.548569,-1.027661,1.490294,,,,,,
41880,-0.548548,-1.026831,1.482588,-0.499983,-1.014233,1.575908,0.035084,-0.033448,,,6.926718,6.904793,,,,,0.016827,-0.047266,0.093320,-0.548554,-1.026785,1.482774,,,,,,
41883,,,,,,,,,0.082402,-0.652434,,,7.782718,4.399952,0.085152,0.078340,,,,,,,,,,,,
41889,,,,,,,,,,,,,,,,,,,,-0.548518,-1.025819,1.475278,,,,,,
41895,,,,,,,,,0.109870,-1.304868,,,8.182008,4.246663,0.080908,0.080404,,,,,,,,,,,,
41900,,,,,,,,,0.082402,-0.652434,,,7.973427,4.117684,0.082785,0.082251,,,,-0.548481,-1.024741,1.467785,,,,,,
41910,,,,,,,,,0.082402,-0.652434,,,7.797927,4.009162,0.084365,0.083916,,,,-0.548522,-1.023776,1.460375,,,,,,
41920,,,,,,,,,0.082402,-0.652434,,,7.650261,3.917852,0.085697,0.085426,,,,-0.548540,-1.022815,1.452958,,,,,,
41929,-0.548445,-1.022059,1.449353,-0.499991,-1.012646,1.574649,0.032855,-0.027704,,,,,,,,,,,,-0.548475,-1.021997,1.449296,,,,,,
41932,,,,,,,,,0.109870,0.000000,6.283806,6.348585,7.526015,4.385567,0.080262,0.075580,0.015214,-0.046957,0.125297,,,,,,,,,
41940,,,,,,,,,0.054935,-1.304868,,,7.421474,3.690015,0.081080,0.083067,,,,-0.548345,-1.021055,1.441916,,,,,,
41950,,,,,,,,,0.109870,0.000000,,,7.333514,4.193865,0.081750,0.078459,,,,-0.548215,-1.020080,1.434516,,,,,,
41959,,,,,,,,,,,,,,,,,,,,-0.548137,-1.019257,1.427265,,,,,,
41962,,,,,,,,,0.082402,-0.652434,,,7.259504,4.073260,0.082295,0.080120,,,,,,,,,,,,
41970,,,,,,,,,0.082402,-0.652434,,,7.197232,3.971784,0.082735,0.081610,,,,-0.548000,-1.018431,1.423669,,,,,,
41979,-0.547951,-1.017753,1.419688,-0.499995,-1.011169,1.573619,0.030635,-0.022773,,,,,,,,,,,,-0.547957,-1.017733,1.419959,,,,,,
41982,,,,,,,,,0.054935,0.000000,5.687175,5.819051,6.600294,3.886402,0.082555,0.077555,0.013728,-0.046418,0.153931,,,,,,,,,
41990,,,,,,,,,,,,,,,,,,,,-0.547904,-1.016852,1.416226,,,,,,
41995,,,,,,,,,0.109870,-1.304868,,,7.187116,3.814561,0.076387,0.078675,,,,,,,,,,,,
42000,,,,,,,,,0.082402,0.652434,,,6.591782,4.298657,0.082159,0.074138,,,,-0.547741,-1.015905,1.412562,,,,,,
42009,,,,,,,,,,,,,,,,,,,,-0.547647,-1.015044,1.408958,,,,,,
42012,,,,,,,,,0.054935,0.000000,,,6.090868,4.161433,0.087088,0.075842,,,,,,,,,,,,
42019,,,,,,,,,,,,,,,,,,,,-0.547553,-1.014221,1.401704,,,,,,
42022,,,,,,,,,0.109870,-1.304868,,,6.213942,4.045972,0.085752,0.077351,,,,,,,,,,,,
42030,-0.547428,-1.013453,1.394458,-0.499999,-1.009801,1.572783,0.028435,-0.018560,,,5.010407,5.189906,,,,,0.011915,-0.046053,0.178325,-0.547470,-1.013554,1.398124,,,,,,
42033,,,,,,,,,0.082402,-0.652434,,,6.862039,3.948824,0.072133,0.072279,,,,,,,,,,,,
42039,,,,,,,,,,,,,,,,,,,,-0.547328,-1.012864,1.398086,,,,,,
42042,,,,,,,,,0.054935,0.000000,,,6.318262,3.867083,0.077309,0.073361,,,,,,,,,,,,
42049,,,,,,,,,,,,,,,,,,,,-0.547214,-1.012241,1.394464,,,,,,
42052,,,,,,,,,0.054935,0.000000,,,5.860728,3.798306,0.081714,0.074327,,,,,,,,,,,,
42060,,,,,,,,,0.082402,-0.652434,,,6.020302,3.740438,0.079917,0.075196,,,,-0.547106,-1.011416,1.390805,,,,,,
42069,,,,,,,,,,,,,,,,,,,,-0.547052,-1.010736,1.383662,,,,,,
42072,,,,,,,,,0.082402,-0.652434,,,6.154568,3.691747,0.078345,0.075982,,,,,,,,,,,,
42080,-0.546884,-1.009909,1.378517,-0.500001,-1.008541,1.572112,0.026268,-0.014981,0.054935,0.000000,4.407423,4.609771,,,0.076368,0.070782,0.010302,-0.045758,0.193595,-0.546906,-1.009955,1.380045,,,,,,
42083,,,,,,,,,,,,,5.722996,3.650778,,,,,,,,,,,,,,
42090,,,,,,,,,,,,,,,,,,,,-0.546803,-1.009374,1.376522,,,,,,
42095,,,,,,,,,0.082402,-0.652434,,,5.904414,3.616307,0.074254,0.071326,,,,,,,,,,,,
42100,,,,,,,,,0.054935,0.000000,,,5.512516,3.587304,0.077952,0.071820,,,,-0.546657,-1.008630,1.376522,,,,,,
42109,,,,,,,,,,,,,,,,,,,,-0.546518,-1.007891,1.369365,,,,,,
42112,,,,,,,,,0.027467,-0.652434,,,5.182774,3.018357,0.081095,0.077828,,,,,,,,,,,,
42120,,,,,,,,,0.109870,0.000000,,,5.449872,3.628732,0.078215,0.071921,,,,-0.546351,-1.007002,1.365733,,,,,,
42129,-0.546239,-1.006225,1.363567,-0.500002,-1.007386,1.571578,0.024143,-0.011963,,,,,,,,,,,,-0.546277,-1.006381,1.362198,,,,,,
42132,,,,,,,,,0.027467,-0.652434,3.723827,3.941053,5.130065,3.053214,0.074296,0.071166,0.008377,-0.045487,0.208011,,,,,,,,,
42140,,,,,,,,,0.082402,-0.652434,,,5.405522,3.113517,0.071205,0.070729,,,,-0.546119,-1.005676,1.358608,,,,,,
42150,,,,,,,,,,,,,,,,,,,,-0.546032,-1.005198,1.351564,,,,,,
42155,,,,,,,,,0.082402,-0.652434,,,5.637292,3.164256,0.068505,0.070377,,,,,,,,,,,,
42160,,,,,,,,,0.027467,0.652434,,,4.743217,3.206948,0.077242,0.070096,,,,-0.545970,-1.004531,1.348025,,,,,,
42169,,,,,,,,,,,,,,,,,,,,-0.545839,-1.003852,1.344449,,,,,,
42172,,,,,,,,,0.054935,0.000000,,,4.535485,3.242869,0.079156,0.069877,,,,,,,,,,,,
42180,-0.545683,-1.003185,1.342792,-0.500003,-1.006334,1.571161,0.022068,-0.009438,,,3.267600,3.501926,4.905243,2.728549,0.070569,0.070783,0.007258,-0.045209,0.228369,-0.545684,-1.003153,1.340889,,,,,,
42183,,,,,,,,,0.082402,-1.957303,,,,,,,,,,,,,,,,,,
42190,,,,,,,,,0.054935,0.000000,,,5.216357,2.840344,0.067068,0.069798,,,,-0.545565,-1.002547,1.340889,,,,,,
42200,,,,,,,,,0.054935,0.000000,,,4.933586,2.934409,0.069563,0.068971,,,,-0.545444,-1.002066,1.337385,,,,,,
42210,,,,,,,,,,,,,,,,,,,,-0.545337,-1.001673,1.337415,,,,,,
42215,,,,,,,,,0.082402,-0.652434,,,4.695662,3.013554,0.071656,0.068277,,,,,,,,,,,,
42220,,,,,,,,,0.027467,0.652434,,,4.495472,3.080148,0.073413,0.067695,,,,-0.545194,-1.001104,1.333854,,,,,,
42230,-0.545071,-1.000641,1.334117,-0.500003,-1.005380,1.570838,0.020051,-0.007345,,,2.779742,3.009597,3.782490,3.136179,0.075463,0.062186,0.005961,-0.044923,0.236721,-0.545042,-1.000531,1.330334,,,,,,
42233,,,,,,,,,0.027467,0.652434,,,,,,,,,,,,,,,,,,
42240,,,,,,,,,0.054935,-1.304868,,,4.271673,2.638781,0.070273,0.067235,,,,-0.544950,-0.999914,1.333854,,,,,,
42249,,,,,,,,,,,,,,,,,,,,-0.544776,-0.999372,1.333860,,,,,,
42255,,,,,,,,,0.054935,0.000000,,,4.138728,2.764813,0.071331,0.066023,,,,,,,,,,,,
42260,,,,,,,,,-0.000000,0.000000,,,3.482325,2.326313,0.077754,0.070545,,,,-0.544691,-0.999004,1.333860,,,,,,
42270,,,,,,,,,0.054935,0.000000,,,3.474571,2.501903,0.077693,0.068891,,,,-0.544543,-0.998615,1.333889,,,,,,
42279,-0.544358,-0.998054,1.330634,-0.500003,-1.004522,1.570592,0.018100,-0.005630,,,,,,,,,,,,-0.544352,-0.998061,1.330315,,,,,,
42282,,,,,,,,,0.027467,0.652434,2.190871,2.407394,2.923504,2.649644,0.077168,0.061343,0.004268,-0.044621,0.239959,,,,,,,,,
42290,,,,,,,,,0.027467,0.652434,,,2.459836,2.773953,0.081751,0.060026,,,,-0.544215,-0.997521,1.333834,,,,,,
42299,,,,,,,,,,,,,,,,,,,,-0.544091,-0.997020,1.333794,,,,,,
42302,,,,,,,,,0.054935,0.000000,,,2.614249,2.878547,0.080122,0.058886,,,,,,,,,,,,
42310,,,,,,,,,,,,,,,,,,,,-0.543972,-0.996584,1.337305,,,,,,
42316,,,,,,,,,0.054935,0.000000,,,2.744172,2.966552,0.078713,0.057894,,,,,,,,,,,,
42320,,,,,,,,,0.027467,-0.652434,,,2.853489,2.496057,0.077487,0.062581,,,,-0.543903,-0.996304,1.340837,,,,,,
42329,-0.543866,-0.996200,1.337241,-0.500002,-1.003757,1.570409,0.016221,-0.004241,,,,,,,,,,,,-0.543852,-0.996152,1.340834,,,,,,
42332,,,,,,,,,0.027467,-0.652434,1.677969,1.869588,2.945468,2.100182,0.071185,0.061116,0.002800,-0.044422,0.233168,,,,,,,,,
42339,,,,,,,,,,,,,,,,,,,,-0.543884,-0.996077,1.337319,,,,,,
42342,,,,,,,,,-0.000000,0.000000,,,2.478317,1.767092,0.075696,0.064467,,,,,,,,,,,,
42350,,,,,,,,,0.082402,-0.652434,,,3.174342,2.031374,0.068436,0.061792,,,,-0.543864,-0.995984,1.330288,,,,,,
42360,,,,,,,,,-0.000000,0.000000,,,2.670891,1.709198,0.073272,0.065046,,,,-0.543803,-0.995734,1.326795,,,,,,
42369,,,,,,,,,,,,,,,,,,,,-0.543703,-0.995458,1.319753,,,,,,
42375,,,,,,,,,0.027467,-0.652434,,,2.791830,1.438119,0.071840,0.067843,,,,,,,,,,,,
42379,-0.543674,-0.995178,1.312077,-0.500002,-1.003079,1.570275,0.014420,-0.003133,,,,,,,,,,,,-0.543688,-0.995207,1.312761,,,,,,
42382,,,,,,,,,0.027467,-0.652434,1.767810,1.963696,2.893589,1.210033,0.071496,0.071216,0.003536,-0.044240,0.258198,,,,,,,,,
42389,,,,,,,,,,,,,,,,,,,,-0.543688,-0.995034,1.309270,,,,,,
42392,,,,,,,,,-0.000000,0.000000,,,2.434665,1.018122,0.075952,0.073324,,,,,,,,,,,,
42400,,,,,,,,,-0.000000,0.000000,,,2.048527,0.856648,0.079757,0.075160,,,,-0.543630,-0.994870,1.309254,,,,,,
42409,,,,,,,,,,,,,,,,,,,,-0.543606,-0.994730,1.305770,,,,,,
42415,,,,,,,,,-0.000000,0.000000,,,1.723630,0.720783,0.083015,0.076767,,,,,,,,,,,,
42419,,,,,,,,,,,,,,,,,,,,-0.543602,-0.994653,1.305770,,,,,,
42422,,,,,,,,,-0.000000,0.000000,,,1.450262,0.606467,0.085812,0.078182,,,,,,,,,,,,
42430,-0.543624,-0.994721,1.306297,-0.500002,-1.002485,1.570179,0.012703,-0.002264,,,1.776382,1.956002,,,0.088309,0.073802,0.003910,-0.044135,0.263882,-0.543620,-0.994679,1.305768,,,,,,
42433,,,,,,,,,0.027467,0.652434,,,1.220250,1.054824,,,,,,,,,,,,,,
42440,,,,,,,,,-0.000000,0.000000,,,1.026719,0.887529,0.090394,0.075688,,,,-0.543638,-0.994774,1.305783,,,,,,
42449,,,,,,,,,,,,,,,,,,,,-0.543635,-0.994801,1.305768,,,,,,
42452,,,,,,,,,0.027467,-0.652434,,,1.408424,0.746767,0.086651,0.077338,,,,,,,,,,,,
42460,,,,,,,,,0.027467,-0.652434,,,1.729591,0.628330,0.083449,0.078788,,,,-0.543649,-0.994836,1.305783,,,,,,
42470,,,,,,,,,,,,,,,,,,,,-0.543602,-0.994682,1.302301,,,,,,
42475,,,,,,,,,-0.000000,0.000000,,,1.455278,0.528676,0.086256,0.080070,,,,,,,,,,,,
42479,-0.543550,-0.994393,1.296256,-0.500001,-1.001970,1.570113,0.011075,-0.001594,,,,,,,,,,,,-0.543543,-0.994363,1.295336,,,,,,
42482,,,,,,,,,0.027467,-0.652434,1.852886,2.018268,1.769014,0.444828,0.083900,0.081846,0.004513,-0.043972,0.273857,,,,,,,,,
42490,,,,,,,,,-0.000000,0.000000,,,1.488448,0.374278,0.086779,0.082880,,,,-0.543522,-0.994083,1.295336,,,,,,
42500,,,,,,,,,0.027467,-0.652434,,,1.796923,0.314918,0.083705,0.083814,,,,-0.543506,-0.993869,1.291883,,,,,,
42509,,,,,,,,,,,,,,,,,,,,-0.543490,-0.993733,1.288415,,,,,,
42512,,,,,,,,,-0.000000,0.000000,,,1.511931,0.264972,0.086623,0.084664,,,,,,,,,,,,
42520,,,,,,,,,-0.000000,0.000000,,,1.272138,0.222947,0.089137,0.085444,,,,-0.543426,-0.993494,1.288419,,,,,,
42529,-0.543409,-0.993423,1.289077,-0.500001,-1.001529,1.570068,0.009540,-0.001090,,,,,,,,,,,,-0.543397,-0.993334,1.288419,,,,,,
42532,,,,,,,,,0.054935,0.000000,1.702990,1.851079,1.614920,0.732131,0.084228,0.078904,0.004281,-0.043951,0.280991,,,,,,,,,
42539,,,,,,,,,,,,,,,,,,,,-0.543385,-0.993257,1.288419,,,,,,
42542,,,,,,,,,-0.000000,0.000000,,,1.358794,0.616015,0.086858,0.080312,,,,,,,,,,,,
42550,,,,,,,,,0.027467,-0.652434,,,1.687832,0.518315,0.083571,0.081555,,,,-0.543404,-0.993295,1.284977,,,,,,
42559,,,,,,,,,,,,,,,,,,,,-0.543323,-0.993100,1.281501,,,,,,
42562,,,,,,,,,-0.000000,0.000000,,,1.420142,0.436110,0.086305,0.082660,,,,,,,,,,,,
42569,,,,,,,,,,,,,,,,,,,,-0.543213,-0.992802,1.281501,,,,,,
42575,,,,,,,,,0.027467,-0.652434,,,1.739450,0.366943,0.083104,0.083649,,,,,,,,,,,,
42579,-0.543109,-0.992478,1.276263,-0.500001,-1.001158,1.570039,0.008103,-0.000719,,,,,,,,,,,,-0.543118,-0.992511,1.278077,,,,,,
42582,,,,,,,,,0.027467,-0.652434,1.601491,1.734681,2.008116,0.308746,0.079321,0.083352,0.004207,-0.043771,0.293776,,,,,,,,,
42590,,,,,,,,,0.027467,0.652434,,,1.689629,0.804322,0.082488,0.078582,,,,-0.543086,-0.992262,1.274632,,,,,,
42600,,,,,,,,,0.054935,0.000000,,,1.966197,1.221300,0.079650,0.074515,,,,-0.543040,-0.992029,1.271184,,,,,,
42610,,,,,,,,,0.027467,-0.652434,,,2.198901,1.027601,0.077203,0.076594,,,,-0.542972,-0.991751,1.271184,,,,,,
42620,,,,,,,,,-0.000000,0.000000,,,1.850155,0.864624,0.080641,0.078397,,,,-0.542901,-0.991506,1.271211,,,,,,
42630,-0.542851,-0.991311,1.268486,-0.500001,-1.000851,1.570021,0.006768,-0.000455,,,1.372982,1.488171,,,,,0.003650,-0.043747,0.301535,-0.542828,-0.991204,1.267774,,,,,,
42633,,,,,,,,,0.054935,0.000000,,,2.101263,1.272037,0.075699,0.071901,,,,,,,,,,,,
42640,,,,,,,,,0.027467,-0.652434,,,2.312546,1.070292,0.073398,0.074002,,,,-0.542740,-0.990754,1.264374,,,,,,
42649,,,,,,,,,,,,,,,,,,,,-0.542697,-0.990429,1.260954,,,,,,
42652,,,,,,,,,-0.000000,0.000000,,,1.945776,0.900544,0.076952,0.075817,,,,,,,,,,,,
42660,,,,,,,,,0.027467,-0.652434,,,2.181719,0.757717,0.074430,0.077392,,,,-0.542636,-0.990146,1.257496,,,,,,
42670,,,,,,,,,0.027467,-0.652434,,,2.380241,0.637543,0.072244,0.078764,,,,-0.542620,-0.989973,1.254076,,,,,,
42679,-0.542591,-0.989819,1.249398,-0.500000,-1.000602,1.570011,0.005540,-0.000274,,,,,,,,,,,,-0.542606,-0.989802,1.250637,,,,,,
42682,,,,,,,,,-0.000000,0.000000,1.184668,1.285816,2.002734,0.536429,0.073972,0.077901,0.003224,-0.043816,0.320613,,,,,,,,,
42690,,,,,,,,,,,,,,,,,,,,-0.542569,-0.989653,1.247248,,,,,,
42695,,,,,,,,,0.054935,0.000000,,,2.229644,0.995894,0.071494,0.073365,,,,,,,,,,,,
42700,,,,,,,,,-0.000000,0.000000,,,1.876022,0.837945,0.074892,0.075034,,,,-0.542465,-0.989370,1.243819,,,,,,
42709,,,,,,,,,,,,,,,,,,,,-0.542412,-0.989182,1.240410,,,,,,
42712,,,,,,,,,0.027467,-0.652434,,,2.123028,0.705047,0.072234,0.076479,,,,,,,,,,,,
42720,,,,,,,,,-0.000000,0.000000,,,1.786315,0.593227,0.075481,0.077735,,,,-0.542341,-0.988939,1.240420,,,,,,
42731,-0.542362,-0.989013,1.241174,-0.500000,-1.000407,1.570005,0.004424,-0.000155,0.027467,0.652434,1.044603,1.127894,1.503006,1.043684,0.076822,0.071668,0.002932,-0.043770,0.328832,-0.542293,-0.988757,1.240450,,,,,,
42739,,,,,,,,,,,,,,,,,,,,-0.542239,-0.988580,1.240444,,,,,,
42742,,,,,,,,,-0.000000,0.000000,,,1.264629,0.878156,0.079162,0.073374,,,,,,,,,,,,
42750,,,,,,,,,-0.000000,0.000000,,,1.064058,0.738880,0.081163,0.074844,,,,-0.542225,-0.988519,1.240450,,,,,,
42759,,,,,,,,,,,,,,,,,,,,-0.542187,-0.988469,1.243848,,,,,,
42762,,,,,,,,,-0.000000,0.000000,,,0.895299,0.621693,0.082881,0.076117,,,,,,,,,,,,
42770,,,,,,,,,0.027467,0.652434,,,0.753304,1.067636,0.084359,0.071670,,,,-0.542173,-0.988469,1.247248,,,,,,
42780,-0.542147,-0.988361,1.249487,-0.500000,-1.000258,1.570002,0.003422,-0.000081,-0.000000,0.000000,0.740253,0.803183,,,,,0.002022,-0.043747,0.320515,-0.542166,-0.988421,1.247260,,,,,,
42783,,,,,,,,,,,,,0.633830,0.898309,0.082532,0.070097,,,,,,,,,,,,
42790,,,,,,,,,,,,,,,,,,,,-0.542160,-0.988404,1.247255,,,,,,
42795,,,,,,,,,-0.000000,0.000000,,,0.533304,0.755837,0.083578,0.071531,,,,,,,,,,,,
42799,,,,,,,,,,,,,,,,,,,,-0.542157,-0.988389,1.247260,,,,,,
42802,,,,,,,,,-0.000000,0.000000,,,0.448722,0.635961,0.084482,0.072764,,,,,,,,,,,,
42809,,,,,,,,,,,,,,,,,,,,-0.542137,-0.988371,1.250666,,,,,,
42812,,,,,,,,,-0.000000,0.000000,,,0.377555,0.535098,0.085267,0.073826,,,,,,,,,,,,
42820,,,,,,,,,-0.000000,0.000000,,,0.317675,0.450231,0.085950,0.074745,,,,-0.542122,-0.988349,1.250660,,,,,,
42829,-0.542110,-0.988315,1.250561,-0.500000,-1.000150,1.570001,0.002540,-0.000038,,,,,,,,,,,,-0.542107,-0.988311,1.250660,,,,,,
42832,,,,,,,,,-0.000000,0.000000,0.696342,0.743009,0.267291,0.378824,0.086100,0.074930,0.002023,-0.043695,0.319439,,,,,,,,,
42840,,,,,,,,,-0.000000,0.000000,,,0.224899,0.318743,0.086619,0.075616,,,,-0.542104,-0.988309,1.250660,,,,,,
42850,,,,,,,,,-0.000000,0.000000,,,0.189230,0.268190,0.087077,0.076216,,,,-0.542107,-0.988325,1.250660,,,,,,
42860,,,,,,,,,-0.000000,0.000000,,,0.159218,0.225655,0.087484,0.076745,,,,-0.542113,-0.988346,1.250660,,,,,,
42870,,,,,,,,,-0.000000,0.000000,,,0.133966,0.189866,0.087849,0.077214,,,,-0.542113,-0.988349,1.250660,,,,,,
42880,-0.542106,-0.988332,1.250651,-0.500000,-1.000078,1.570000,0.001782,-0.000016,-0.000000,0.000000,0.680581,0.713370,0.112719,0.159753,0.088018,0.077329,0.002102,-0.043663,0.319348,-0.542106,-0.988334,1.250660,,,,,,
42890,,,,,,,,,,,,,,,,,,,,-0.542108,-0.988325,1.250660,,,,,,
42895,,,,,,,,,-0.000000,0.000000,,,0.639385,0.134416,0.082759,0.077698,,,,,,,,,,,,
42899,,,,,,,,,,,,,,,,,,,,-0.542110,-0.988316,1.250660,,,,,,
42902,,,,,,,,,0.027467,-0.652434,,,0.537978,0.113098,0.083802,0.078032,,,,,,,,,,,,
42910,,,,,,,,,0.027467,-0.652434,,,0.997198,0.095161,0.079146,0.078335,,,,-0.542110,-0.988324,1.250694,,,,,,
42919,,,,,,,,,,,,,,,,,,,,-0.542045,-0.988164,1.243848,,,,,,
42922,,,,,,,,,-0.000000,0.000000,,,0.839042,0.080068,0.080696,0.078612,,,,,,,,,,,,
42930,-0.541982,-0.987890,1.241275,-0.500000,-1.000033,1.570000,0.001152,-0.000005,,,0.646519,0.668391,1.250513,0.067369,0.076120,0.078410,0.002095,-0.043653,0.328725,-0.541971,-0.987850,1.240416,,,,,,
42933,,,,,,,,,0.027467,-0.652434,,,,,,,,,,,,,,,,,,
42940,,,,,,,,,0.027467,-0.652434,,,1.596725,0.056685,0.072468,0.078639,,,,-0.541900,-0.987549,1.237017,,,,,,
42949,,,,,,,,,,,,,,,,,,,,-0.541843,-0.987329,1.233600,,,,,,
42952,,,,,,,,,0.027467,0.652434,,,1.343484,0.592238,0.074861,0.073298,,,,,,,,,,,,
42960,,,,,,,,,-0.000000,0.000000,,,1.130407,0.498309,0.076895,0.074272,,,,-0.541781,-0.987182,1.230236,,,,,,
42970,,,,,,,,,-0.000000,0.000000,,,0.951125,0.419277,0.078627,0.075112,,,,-0.541744,-0.987057,1.230212,,,,,,
42979,-0.541713,-0.987051,1.231158,-0.500000,-1.000010,1.570000,0.000655,-0.000001,,,,,,,,,,,,-0.541688,-0.986975,1.230231,,,,,,
42982,,,,,,,,,-0.000000,0.000000,0.504164,0.517004,0.800276,0.352779,0.078652,0.074296,0.001678,-0.043647,0.338842,,,,,,,,,
42989,,,,,,,,,,,,,,,,,,,,-0.541689,-0.986890,1.230212,,,,,,
43006,,,,,,,,,-0.000000,0.000000,,,0.566558,0.249752,0.080943,0.075424,,,,-0.541691,-0.986878,1.230236,,,,,,
43010,,,,,,,,,-0.000000,0.000000,,,0.476702,0.210141,0.081847,0.075881,,,,-0.541699,-0.986903,1.233627,,,,,,
43020,,,,,,,,,-0.000000,0.000000,,,0.401097,0.176813,0.082624,0.076282,,,,-0.541701,-0.986933,1.233627,,,,,,
43031,-0.541702,-0.986943,1.233419,-0.500000,-1.000001,1.570000,0.000294,-0.000000,-0.000000,0.000000,0.431353,0.437079,0.337483,0.148770,0.082551,0.075821,0.001482,-0.043673,0.336580,-0.541713,-0.986977,1.233627,,,,,,
43040,,,,,,,,,0.027467,0.652434,,,0.283958,0.669718,0.083116,0.070565,,,,-0.541722,-0.987022,1.233650,,,,,,
43049,,,,,,,,,,,,,,,,,,,,-0.541725,-0.987058,1.237045,,,,,,
43055,,,,,,,,,-0.000000,0.000000,,,0.238922,0.563501,0.083604,0.071602,,,,,,,,,,,,
43060,,,,,,,,,-0.000000,0.000000,,,0.201029,0.474130,0.084029,0.072488,,,,-0.541719,-0.987031,1.237045,,,,,,
43070,,,,,,,,,-0.000000,0.000000,,,0.169146,0.398933,0.084401,0.073248,,,,-0.541720,-0.987002,1.237017,,,,,,
43079,-0.541680,-0.986949,1.236741,-0.500000,-1.000000,1.570000,0.000074,-0.000000,,,,,,,,,,,,-0.541678,-0.986949,1.237045,,,,,,
43082,,,,,,,,,-0.000000,0.000000,0.379495,0.380922,0.142319,0.335662,0.084198,0.073328,0.001336,-0.043655,0.333259,,,,,,,,,
43090,,,,,,,,,-0.000000,0.000000,,,0.119748,0.282426,0.084476,0.073880,,,,-0.541661,-0.986909,1.240444,,,,,,
43100,,,,,,,,,-0.000000,0.000000,,,0.100756,0.237633,0.084721,0.074357,,,,-0.541632,-0.986850,1.240420,,,,,,
43109,,,,,,,,,,,,,,,,,,,,-0.541618,-0.986800,1.240420,,,,,,
43115,,,,,,,,,-0.000000,0.000000,,,0.084776,0.199944,0.084940,0.074770,,,,,,,,,,,,
43120,,,,,,,,,-0.000000,0.000000,,,0.071330,0.168233,0.085136,0.075130,,,,-0.541620,-0.986788,1.240420,,,,,,
43130,-0.541634,-0.986817,1.240111,-0.500000,-1.000000,1.570000,0.000074,-0.000000,,,0.298880,0.300292,0.060017,0.141551,0.084491,0.074622,0.001050,-0.043658,0.329888,-0.541629,-0.986805,1.240420,,,,,,
43133,,,,,,,,,-0.000000,0.000000,,,,,,,,,,,,,,,,,,
43139,,,,,,,,,,,,,,,,,,,,-0.541645,-0.986832,1.240444,,,,,,
43142,,,,,,,,,,,,,0.050499,0.119101,0.084636,0.074883,,,,,,,,,,,,
