ts,x,y,yaw,x_des,y_des,yaw_des,v_ff,w_ff,v_actual,w_actual,omega_l_cmd,omega_r_cmd,omega_l_meas,omega_r_meas,duty_l,duty_r,x_err,y_err,yaw_err,x_raw,y_raw,yaw_raw,acc_x,acc_y,acc_z,gyro_x,gyro_y,gyro_z
162830,,,,,,,,,,,,,,,,,,,,-0.476047,-1.020434,-0.027348,,,,,,
162833,,,,,,,,,,,,,,,,,,,,,,,-0.045811,-0.000915,1.016992,0.700000,0.140000,-0.350000
162834,,,,,,,,,,,,,0.000000,0.000000,0.000000,0.000000,,,,,,,,,,,,
162839,,,,,,,,,,,,,,,,,,,,-0.476049,-1.020436,-0.027348,,,,,,
162843,,,,,,,,,,,,,,,,,,,,,,,-0.047031,-0.001830,1.017053,0.770000,0.420000,-0.420000
162844,,,,,,,,,,,,,0.000000,0.000000,0.000000,0.000000,,,,,,,,,,,,
162849,,,,,,,,,,,,,,,,,,,,-0.476048,-1.020436,-0.027348,,,,,,
162853,,,,,,,,,,,,,,,,,,,,,,,-0.047031,-0.001830,1.017053,0.700000,0.070000,-0.350000
162854,,,,,,,,,,,,,0.000000,0.000000,0.000000,0.000000,,,,,,,,,,,,
162860,,,,,,,,,,,,,,,,,,,,-0.476048,-1.020436,-0.027348,,,,,,
162863,,,,,,,,,,,,,,,,,,,,,,,-0.045994,-0.001342,1.017846,0.770000,0.210000,-0.350000
162864,,,,,,,,,,,,,0.000000,0.000000,0.000000,0.000000,,,,,,,,,,,,
162869,,,,,,,,,,,,,,,,,,,,-0.476048,-1.020438,-0.027348,,,,,,
162873,,,,,,,,,,,,,,,,,,,,,,,-0.045994,-0.001342,1.017846,0.700000,0.210000,-0.350000
162874,,,,,,,,,,,,,0.000000,0.000000,0.000000,0.000000,,,,,,,,,,,,
162879,,,,-0.499830,-1.000000,0.000090,0.001283,0.000681,,,,,,,,,,,,-0.476048,-1.020440,-0.027348,,,,,,
162881,,,,,,,,,,,-6.235291,-6.228249,,,,,-0.024332,0.019780,0.027438,,,,,,,,,
162884,,,,,,,,,,,,,0.000000,0.000000,-0.025013,-0.024985,,,,,,,,,,,,
162887,,,,,,,,,,,,,,,,,,,,,,,-0.046909,-0.001647,1.017297,0.770000,0.140000,-0.350000
162890,,,,,,,,,,,,,,,,,,,,-0.476045,-1.020434,-0.027348,,,,,,
162892,,,,,,,,,,,,,,,,,,,,,,,-0.046909,-0.001647,1.018273,0.700000,0.140000,-0.350000
162894,,,,,,,,,,,,,0.000000,0.000000,-0.025013,-0.024985,,,,,,,,,,,,
162904,,,,,,,,,,,,,0.000000,0.000000,-0.025013,-0.024985,,,,,,,,,,,,
162899,,,,,,,,,,,,,,,,,,,,-0.476047,-1.020436,-0.027348,,,,,,
162907,,,,,,,,,,,,,,,,,,,,,,,-0.046787,-0.001708,1.018273,0.770000,0.070000,-0.350000
162910,,,,,,,,,,,,,,,,,,,,-0.476048,-1.020434,-0.027348,,,,,,
162912,,,,,,,,,,,,,,,,,,,,,,,-0.046787,-0.001952,1.016809,0.700000,0.210000,-0.420000
162914,,,,,,,,,,,,,0.000000,0.000000,-0.025013,-0.024985,,,,,,,,,,,,
162920,,,,,,,,,,,,,,,,,,,,-0.476047,-1.020437,-0.027348,,,,,,
162923,,,,,,,,,,,,,,,,,,,,,,,-0.045567,-0.001952,1.016809,0.700000,0.140000,-0.280000
162924,,,,,,,,,,,,,0.000000,0.000000,-0.025013,-0.024985,,,,,,,,,,,,
162929,,,,-0.499433,-1.000000,0.000301,0.005058,0.002685,,,,,,,,,,,,-0.476048,-1.020437,-0.027348,,,,,,
162931,,,,,,,,,,,-5.909074,-5.881278,,,,,-0.023936,0.019790,0.027649,,,,,,,,,
162934,,,,,,,,,,,,,0.000000,0.000000,-0.023704,-0.023592,,,,,,,,,,,,
162936,,,,,,,,,,,,,,,,,,,,,,,-0.046726,-0.001037,1.017602,0.700000,0.280000,-0.280000
162945,,,,,,,,,,,,,0.000000,0.000000,-0.023704,-0.023592,,,,,,,,,,,,
162939,,,,,,,,,,,,,,,,,,,,-0.476044,-1.020435,-0.027348,,,,,,
162948,,,,,,,,,,,,,,,,,,,,,,,-0.046726,-0.001037,1.017602,0.700000,0.140000,-0.350000
162949,,,,,,,,,,,,,,,,,,,,-0.476046,-1.020435,-0.027348,,,,,,
162953,,,,,,,,,,,,,,,,,,,,,,,-0.046787,-0.001098,1.016809,0.630000,0.280000,-0.280000
162954,,,,,,,,,,,,,0.000000,0.000000,-0.023704,-0.023592,,,,,,,,,,,,
162959,,,,,,,,,,,,,,,,,,,,-0.476046,-1.020436,-0.027348,,,,,,
162963,,,,,,,,,,,,,,,,,,,,,,,-0.046787,-0.001098,1.016809,0.770000,0.140000,-0.350000
162964,,,,,,,,,,,,,0.000000,0.000000,-0.023704,-0.023592,,,,,,,,,,,,
162969,,,,,,,,,,,,,,,,,,,,-0.476047,-1.020432,-0.027348,,,,,,
162972,,,,,,,,,,,,,,,,,,,,,,,-0.045567,-0.002074,1.016931,0.630000,0.210000,-0.280000
162974,,,,,,,,,,,,,0.000000,0.000000,-0.023704,-0.023592,,,,,,,,,,,,
162979,,,,-0.498671,-1.000000,0.000706,0.011212,0.005955,,,,,,,,,,,,-0.476047,-1.020432,-0.027348,,,,,,
162981,,,,,,,,,,,-5.347337,-5.285555,,,,,-0.023174,0.019806,0.028054,,,,,,,,,
162984,,,,,,,,,,,,,0.000000,0.000000,-0.021450,-0.021202,,,,,,,,,,,,
162987,,,,,,,,,,,,,,,,,,,,,,,-0.045567,-0.002074,1.016931,0.700000,0.210000,-0.350000
162989,,,,,,,,,,,,,,,,,,,,-0.476045,-1.020434,-0.027348,,,,,,
162992,,,,,,,,,,,,,,,,,,,,,,,-0.046726,-0.000549,1.017175,0.700000,0.140000,-0.280000
162994,,,,,,,,,,,,,0.000000,0.000000,-0.021450,-0.021202,,,,,,,,,,,,
163005,,,,,,,,,,,,,0.000000,0.000000,-0.021450,-0.021202,,,,,,,,,,,,
162999,,,,,,,,,,,,,,,,,,,,-0.476045,-1.020436,-0.027348,,,,,,
163008,,,,,,,,,,,,,,,,,,,,,,,-0.046726,-0.000549,1.017175,0.700000,0.210000,-0.350000
163009,,,,,,,,,,,,,,,,,,,,-0.476047,-1.020431,-0.027348,,,,,,
163013,,,,,,,,,,,,,,,,,,,,,,,-0.046360,-0.001647,1.019371,0.630000,0.070000,-0.280000
163014,,,,,,,,,,,,,0.000000,0.000000,-0.021450,-0.021202,,,,,,,,,,,,
163019,,,,,,,,,,,,,,,,,,,,-0.476050,-1.020437,-0.027348,,,,,,
163023,,,,,,,,,,,,,,,,,,,,,,,-0.046360,-0.001647,1.019371,0.630000,0.000000,-0.280000
163024,,,,,,,,,,,,,0.000000,0.000000,-0.021450,-0.021202,,,,,,,,,,,,
163029,,,,-0.497434,-0.999998,0.001364,0.019633,0.010439,,,,,,,,,,,,-0.476050,-1.020437,-0.027348,,,,,,
163031,,,,,,,,,,,-4.527665,-4.418962,,,,,-0.021936,0.019846,0.028713,,,,,,,,,
163034,,,,,,,,,,,,,0.000000,0.000000,-0.018162,-0.017726,,,,,,,,,,,,
163036,,,,,,,,,,,,,,,,,,,,,,,-0.045506,-0.001403,1.018456,0.700000,0.140000,-0.350000
163039,,,,,,,,,,,,,,,,,,,,-0.476049,-1.020436,-0.027348,,,,,,
163043,,,,,,,,,,,,,,,,,,,,,,,-0.045506,-0.001403,1.018456,0.630000,0.280000,-0.350000
163044,,,,,,,,,,,,,0.000000,0.000000,-0.018162,-0.017726,,,,,,,,,,,,
163049,,,,,,,,,,,,,,,,,,,,-0.476047,-1.020434,-0.027348,,,,,,
163052,,,,,,,,,,,,,,,,,,,,,,,-0.045933,-0.001281,1.019188,0.700000,0.140000,-0.280000
163054,,,,,,,,,,,,,0.000000,0.000000,-0.018162,-0.017726,,,,,,,,,,,,
163065,,,,,,,,,,,,,0.000000,0.000000,-0.018162,-0.017726,,,,,,,,,,,,
163059,,,,,,,,,,,,,,,,,,,,-0.476042,-1.020438,-0.027348,,,,,,
163068,,,,,,,,,,,,,,,,,,,,,,,-0.045933,-0.001281,1.019188,0.700000,0.350000,-0.280000
163069,,,,,,,,,,,,,,,,,,,,-0.476043,-1.020438,-0.027348,,,,,,
163073,,,,,,,,,,,,,,,,,,,,,,,-0.046665,-0.001098,1.019676,0.770000,0.000000,-0.350000
163074,,,,,,,,,,,,,0.000000,0.000000,-0.018162,-0.017726,,,,,,,,,,,,
163079,,,,-0.495617,-0.999995,0.002333,0.030202,0.016086,,,,,,,,,,,,,,,,,,,,
163081,,,,,,,,,,,-3.432790,-3.264367,,,,,-0.020125,0.019900,0.029681,,,,,,,,,
163080,,,,,,,,,,,,,,,,,,,,-0.476045,-1.020438,-0.027348,,,,,,
163084,,,,,,,,,,,,,0.000000,0.000000,-0.013770,-0.013094,,,,,,,,,,,,
163086,,,,,,,,,,,,,,,,,,,,,,,-0.047519,-0.001586,1.018334,0.700000,0.070000,-0.350000
163089,,,,,,,,,,,,,,,,,,,,-0.476045,-1.020434,-0.027348,,,,,,
163092,,,,,,,,,,,,,,,,,,,,,,,-0.047519,-0.001586,1.018334,0.840000,0.070000,-0.280000
163094,,,,,,,,,,,,,0.000000,0.000000,-0.013770,-0.013094,,,,,,,,,,,,
163099,,,,,,,,,,,,,,,,,,,,-0.476047,-1.020439,-0.027348,,,,,,
163103,,,,,,,,,,,,,,,,,,,,,,,-0.047519,-0.001586,1.018334,0.630000,0.000000,-0.350000
163104,,,,,,,,,,,,,0.000000,0.000000,-0.013770,-0.013094,,,,,,,,,,,,
163109,,,,,,,,,,,,,,,,,,,,-0.476046,-1.020438,-0.027348,,,,,,
163112,,,,,,,,,,,,,,,,,,,,,,,-0.048129,-0.000671,1.019798,0.630000,0.140000,-0.350000
163114,,,,,,,,,,,,,0.000000,0.000000,-0.013770,-0.013094,,,,,,,,,,,,
163125,,,,,,,,,,,,,0.000000,0.000000,-0.013770,-0.013094,,,,,,,,,,,,
163119,,,,,,,,,,,,,,,,,,,,-0.476049,-1.020436,-0.027348,,,,,,
163128,,,,,,,,,,,,,,,,,,,,,,,-0.048129,-0.000732,1.018761,0.700000,0.140000,-0.350000
163129,,,,-0.493123,-0.999987,0.003668,0.042797,0.022851,,,,,,,,,,,,-0.476044,-1.020433,-0.027348,,,,,,
163131,,,,,,,,,,,-2.039904,-1.798846,,,,,-0.017627,0.019975,0.031017,,,,,,,,,
163134,,,,,,,,,,,,,0.000000,0.000000,-0.008183,-0.007216,,,,,,,,,,,,
163136,,,,,,,,,,,,,,,,,,,,,,,-0.046177,-0.000732,1.018761,0.700000,0.070000,-0.350000
163139,,,,,,,,,,,,,,,,,,,,-0.476047,-1.020434,-0.027348,,,,,,
163142,,,,,,,,,,,,,,,,,,,,,,,-0.046604,-0.001525,1.017053,0.700000,0.210000,-0.280000
163144,,,,,,,,,,,,,0.000000,0.000000,-0.008183,-0.007216,,,,,,,,,,,,
163149,,,,,,,,,,,,,,,,,,,,-0.476048,-1.020434,-0.027348,,,,,,
163153,,,,,,,,,,,,,,,,,,,,,,,-0.046604,-0.001525,1.017053,0.700000,0.140000,-0.280000
163154,,,,,,,,,,,,,0.000000,0.000000,-0.008183,-0.007216,,,,,,,,,,,,
163165,,,,,,,,,,,,,0.000000,0.000000,-0.008183,-0.007216,,,,,,,,,,,,
163159,,,,,,,,,,,,,,,,,,,,-0.476049,-1.020434,-0.027348,,,,,,
163168,,,,,,,,,,,,,,,,,,,,,,,-0.047214,-0.001037,1.017541,0.700000,0.140000,-0.350000
163169,,,,,,,,,,,,,,,,,,,,-0.476046,-1.020439,-0.027348,,,,,,
163173,,,,,,,,,,,,,,,,,,,,,,,-0.047214,-0.001037,1.017541,0.630000,0.210000,-0.350000
163174,,,,,,,,,,,,,0.000000,0.000000,-0.008183,-0.007216,,,,,,,,,,,,
163179,,,,-0.489859,-0.999973,0.005421,0.057289,0.030695,,,,,,,,,,,,-0.476047,-1.020436,-0.027348,,,,,,
163181,,,,,,,,,,,-0.337296,-0.010311,,,,,-0.014367,0.020080,0.032769,,,,,,,,,
163184,,,,,,,,,,,,,0.000000,0.000000,-0.001353,-0.000041,,,,,,,,,,,,
163187,,,,,,,,,,,,,,,,,,,,,,,-0.047275,-0.001220,1.016809,0.700000,0.140000,-0.350000
163189,,,,,,,,,,,,,,,,,,,,-0.476043,-1.020432,-0.027348,,,,,,
163193,,,,,,,,,,,,,,,,,,,,,,,-0.047275,-0.001220,1.016809,0.700000,0.140000,-0.350000
163194,,,,,,,,,,,,,0.000000,0.000000,-0.001353,-0.000041,,,,,,,,,,,,
163199,,,,,,,,,,,,,,,,,,,,-0.476051,-1.020433,-0.027348,,,,,,
163203,,,,,,,,,,,,,,,,,,,,,,,-0.046543,-0.000915,1.016565,0.700000,0.140000,-0.350000
163204,,,,,,,,,,,,,0.000000,0.000000,-0.001353,-0.000041,,,,,,,,,,,,
163209,,,,,,,,,,,,,,,,,,,,-0.476047,-1.020434,-0.027348,,,,,,
163213,,,,,,,,,,,,,,,,,,,,,,,-0.046543,-0.000915,1.016565,0.700000,0.210000,-0.350000
163214,,,,,,,,,,,,,0.000000,0.000000,-0.001353,-0.000041,,,,,,,,,,,,
163225,,,,,,,,,,,,,0.000000,0.000000,-0.001353,-0.000041,,,,,,,,,,,,
163219,,,,,,,,,,,,,,,,,,,,-0.476046,-1.020431,-0.027348,,,,,,
163228,,,,,,,,,,,,,,,,,,,,,,,-0.047519,-0.001098,1.017175,0.770000,0.140000,-0.350000
163229,,,,-0.485741,-0.999946,0.007644,0.073543,0.039583,,,,,,,,,,,,-0.476045,-1.020436,-0.027348,,,,,,
163231,,,,,,,,,,,1.690998,2.117782,,,,,-0.010252,0.020213,0.034992,,,,,,,,,
163234,,,,,,,,,,,,,0.000000,0.000000,0.006784,0.008496,,,,,,,,,,,,
163237,,,,,,,,,,,,,,,,,,,,,,,-0.047519,-0.001098,1.017175,0.700000,0.210000,-0.280000
163239,,,,,,,,,,,,,,,,,,,,-0.476049,-1.020436,-0.027348,,,,,,
163243,,,,,,,,,,,,,,,,,,,,,,,-0.046116,-0.001098,1.017175,0.700000,0.210000,-0.350000
163244,,,,,,,,,,,,,0.000000,0.000000,0.006784,0.008496,,,,,,,,,,,,
163249,,,,,,,,,,,,,,,,,,,,-0.476047,-1.020435,-0.027348,,,,,,
163253,,,,,,,,,,,,,,,,,,,,,,,-0.046116,-0.001098,1.017175,0.700000,0.070000,-0.420000
163254,,,,,,,,,,,,,0.000000,0.000000,0.006784,0.008496,,,,,,,,,,,,
163259,,,,,,,,,,,,,,,,,,,,-0.476046,-1.020439,-0.027348,,,,,,
163262,,,,,,,,,,,,,,,,,,,,,,,-0.046909,-0.001464,1.016565,0.700000,0.210000,-0.280000
163264,,,,,,,,,,,,,0.000000,0.000000,0.006784,0.008496,,,,,,,,,,,,
163269,,,,,,,,,,,,,,,,,,,,-0.476046,-1.020437,-0.027348,,,,,,
163273,,,,,,,,,,,,,,,,,,,,,,,-0.046909,-0.001464,1.016565,0.700000,0.140000,-0.350000
163274,,,,,,,,,,,,,0.000000,0.000000,0.006784,0.008496,,,,,,,,,,,,
163279,,,,-0.480693,-0.999900,0.010387,0.091419,0.049485,,,,,,,,,,,,-0.476046,-1.020438,-0.027348,,,,,,
163281,,,,,,,,,,,4.055664,4.597080,,,,,-0.005207,0.020402,0.037735,,,,,,,,,
163287,,,,,,,,,,,,,0.000000,0.000000,0.016273,0.018446,,,,,,,,,,,,
163291,,,,,,,,,,,,,,,,,,,,,,,-0.047031,-0.001403,1.017053,0.700000,0.210000,-0.280000
163289,,,,,,,,,,,,,,,,,,,,-0.476047,-1.020436,-0.027348,,,,,,
163294,,,,,,,,,,,,,0.000000,0.000000,0.016273,0.018446,,,,,,,,,,,,
163297,,,,,,,,,,,,,,,,,,,,,,,-0.047153,-0.000976,1.016931,0.700000,0.210000,-0.210000
163299,,,,,,,,,,,,,,,,,,,,-0.476047,-1.020435,-0.027348,,,,,,
163302,,,,,,,,,,,,,,,,,,,,,,,-0.047153,-0.000976,1.016931,0.700000,0.140000,-0.350000
163304,,,,,,,,,,,,,0.000000,0.000000,0.016273,0.018446,,,,,,,,,,,,
163309,,,,,,,,,,,,,,,,,,,,-0.476045,-1.020431,-0.027348,,,,,,
163312,,,,,,,,,,,,,,,,,,,,,,,-0.047153,-0.000976,1.016931,0.630000,0.210000,-0.280000
163314,,,,,,,,,,,,,0.000000,0.000000,0.016273,0.018446,,,,,,,,,,,,
163325,,,,,,,,,,,,,0.000000,0.000000,0.016273,0.018446,,,,,,,,,,,,
163319,,,,,,,,,,,,,,,,,,,,-0.476047,-1.020434,-0.027348,,,,,,
163327,,,,,,,,,,,,,,,,,,,,,,,-0.046787,-0.000915,1.016687,0.770000,0.140000,-0.350000
163329,,,,-0.474643,-0.999827,0.013699,0.110767,0.060380,,,,,,,,,,,,-0.476046,-1.020438,-0.027348,,,,,,
163331,,,,,,,,,,,6.766791,7.438697,,,,,0.000840,0.020638,0.041048,,,,,,,,,
163334,,,,,,,,,,,,,0.000000,0.000000,0.027157,0.029854,,,,,,,,,,,,
163336,,,,,,,,,,,,,,,,,,,,,,,-0.046787,-0.001098,1.017297,0.700000,0.140000,-0.350000
163339,,,,,,,,,,,,,,,,,,,,-0.476046,-1.020433,-0.027348,,,,,,
163343,,,,,,,,,,,,,,,,,,,,,,,-0.047397,-0.001098,1.017297,0.700000,0.210000,-0.280000
163344,,,,,,,,,,,,,0.000000,0.000000,0.027157,0.029854,,,,,,,,,,,,
163349,,,,,,,,,,,,,,,,,,,,-0.476049,-1.020432,-0.027348,,,,,,
163353,,,,,,,,,,,,,,,,,,,,,,,-0.045567,-0.001464,1.016931,0.700000,0.140000,-0.490000
163354,,,,,,,,,,,,,0.000000,0.000000,0.027157,0.029854,,,,,,,,,,,,
163360,,,,,,,,,,,,,,,,,,,,-0.476047,-1.020437,-0.027348,,,,,,
163363,,,,,,,,,,,,,,,,,,,,,,,-0.045567,-0.001464,1.016931,0.770000,0.210000,-0.280000
163364,,,,,,,,,,,,,0.000000,0.000000,0.027157,0.029854,,,,,,,,,,,,
163369,,,,,,,,,,,,,,,,,,,,-0.476044,-1.020434,-0.027348,,,,,,
163373,,,,,,,,,,,,,,,,,,,,,,,-0.046421,-0.000549,1.017175,0.700000,0.210000,-0.280000
163374,,,,,,,,,,,,,0.000000,0.000000,0.027157,0.029854,,,,,,,,,,,,
163379,,,,-0.467532,-0.999716,0.017629,0.131433,0.072250,,,,,,,,,,,,-0.476047,-1.020430,-0.027348,,,,,,
163381,,,,,,,,,,,9.829095,10.648723,,,,,0.007943,0.020943,0.044977,,,,,,,,,
163387,,,,,,,,,,,,,0.000000,0.000000,0.039458,0.042748,,,,,,,,,,,,
163389,,,,,,,,,,,,,,,,,,,,-0.476047,-1.020431,-0.027348,,,,,,
163392,,,,,,,,,,,,,,,,,,,,,,,-0.046421,-0.001647,1.016992,0.700000,0.140000,-0.350000
163394,,,,,,,,,,,,,0.000000,0.000000,0.039458,0.042748,,,,,,,,,,,,
163397,,,,,,,,,,,,,,,,,,,,,,,-0.047336,-0.001647,1.016992,0.630000,0.210000,-0.490000
163399,,,,,,,,,,,,,,,,,,,,-0.476046,-1.020432,-0.027348,,,,,,
163402,,,,,,,,,,,,,,,,,,,,,,,-0.047336,-0.001647,1.016992,0.630000,0.140000,-0.560000
163404,,,,,,,,,,,,,0.000000,0.000000,0.039458,0.042748,,,,,,,,,,,,
163409,,,,,,,,,,,,,,,,,,,,-0.476045,-1.020434,-0.027348,,,,,,
163413,,,,,,,,,,,,,,,,,,,,,,,-0.046665,-0.001159,1.017541,0.700000,0.210000,-0.210000
163414,,,,,,,,,,,,,0.000000,0.000000,0.039458,0.042748,,,,,,,,,,,,
163419,,,,,,,,,,,,,,,,,,,,-0.476045,-1.020436,-0.027348,,,,,,
163423,,,,,,,,,,,,,,,,,,,,,,,-0.046665,-0.001159,1.017541,0.770000,0.210000,-0.350000
163424,,,,,,,,,,,,,0.000000,0.000000,0.039458,0.042748,,,,,,,,,,,,
163429,,,,-0.459304,-0.999552,0.022225,0.153256,0.085086,,,,,,,,,,,,-0.476046,-1.020437,-0.027348,,,,,,
163431,,,,,,,,,,,13.248920,14.235069,,,,,0.016164,0.021334,0.049573,,,,,,,,,
163434,,,,,,,,,,,,,0.000000,0.000000,0.053205,0.057166,,,,,,,,,,,,
163436,,,,,,,,,,,,,,,,,,,,,,,-0.046787,-0.002196,1.017114,0.770000,0.140000,-0.350000
163445,,,,,,,,,,,,,0.000000,0.482837,0.053205,0.057158,,,,,,,,,,,,
163439,,,,,,,,,,,,,,,,,,,,-0.476049,-1.020436,-0.027348,,,,,,
163448,,,,,,,,,,,,,,,,,,,,,,,-0.046787,-0.002196,1.017114,0.700000,0.070000,-0.630000
163449,,,,,,,,,,,,,,,,,,,,-0.476043,-1.020440,-0.027348,,,,,,
163453,,,,,,,,,,,,,,,,,,,,,,,-0.045323,-0.001159,1.017358,0.490000,0.070000,-0.980000
163454,,,,,,,,,,,,,0.000000,0.406259,0.053205,0.057159,,,,,,,,,,,,
163459,,,,,,,,,,,,,,,,,,,,-0.476042,-1.020440,-0.027348,,,,,,
163463,,,,,,,,,,,,,,,,,,,,,,,-0.045323,-0.001159,1.017358,0.700000,0.350000,-1.050000
163464,,,,,,,,,,,,,0.000000,0.341826,0.053205,0.057160,,,,,,,,,,,,
163469,,,,,,,,,,,,,,,,,,,,-0.476028,-1.020441,-0.027348,,,,,,
163472,,,,,,,,,,,,,,,,,,,,,,,-0.043737,-0.000976,1.016260,0.700000,0.980000,-0.770000
163474,,,,,,,,,,,,,0.000000,0.287612,0.053205,0.057161,,,,,,,,,,,,
163479,,,,-0.449916,-0.999318,0.027535,0.176069,0.098882,,,,,,,,,,,,,,,,,,,,
163481,,,,,,,,,,,17.019688,18.192701,,,,,0.025521,0.021824,0.054667,,,,,,,,,
163480,,,,,,,,,,,,,,,,,,,,-0.476019,-1.020437,-0.030118,,,,,,
163488,,,,,,,,,,,,,0.000000,0.241997,0.068353,0.073060,,,,,,,,,,,,
163492,,,,,,,,,,,,,,,,,,,,,,,-0.050081,-0.001098,1.017968,0.700000,0.070000,-0.350000
163490,,,,,,,,,,,,,,,,,,,,-0.476015,-1.020440,-0.030118,,,,,,
163494,,,,,,,,,,,,,0.000000,0.203616,0.068353,0.073060,,,,,,,,,,,,
163497,,,,,,,,,,,,,,,,,,,,,,,-0.050081,-0.001098,1.017968,0.630000,0.000000,-0.350000
163499,,,,,,,,,,,,,,,,,,,,-0.476016,-1.020439,-0.030118,,,,,,
163503,,,,,,,,,,,,,,,,,,,,,,,-0.050081,-0.001098,1.017968,0.700000,-0.490000,-2.660000
163504,,,,,,,,,,,,,0.000000,0.171323,0.068353,0.073061,,,,,,,,,,,,
163509,,,,,,,,,,,,,,,,,,,,-0.476022,-1.020440,-0.030118,,,,,,
163513,,,,,,,,,,,,,,,,,,,,,,,-0.041968,-0.001647,1.018273,0.840000,0.350000,-2.730000
163514,,,,,,,,,,,,,0.000000,0.144151,0.068353,0.073061,,,,,,,,,,,,
163519,,,,,,,,,,,,,,,,,,,,-0.475998,-1.020443,-0.030118,,,,,,
163523,,,,,,,,,,,,,,,,,,,,,,,-0.041968,-0.001647,1.018273,0.910000,1.890000,-1.400000
163524,,,,,,,,,,,,,0.000000,0.121289,0.068353,0.073062,,,,,,,,,,,,
163529,,,,-0.439331,-0.998995,0.033607,0.199701,0.113641,,,,,,,,,,,,-0.475939,-1.020450,-0.030118,,,,,,
163531,,,,,,,,,,,21.121439,22.523350,,,,,0.036010,0.022530,0.063383,,,,,,,,,
163534,,,,,,,,,,,,,0.000000,0.102052,0.084904,0.090537,,,,,,,,,,,,
163536,,,,,,,,,,,,,,,,,,,,,,,-0.029280,-0.000915,1.016565,0.910000,2.590000,-3.570000
163539,,,,,,,,,,,,,,,,,,,,-0.475851,-1.020450,-0.030084,,,,,,
163545,,,,,,,,,,,,,0.000000,0.085867,0.084904,0.090538,,,,,,,,,,,,
163548,,,,,,,,,,,,,,,,,,,,,,,-0.029280,-0.000915,1.019188,1.050000,-0.280000,-4.340000
163549,,,,,,,,,,,,,,,,,,,,-0.475808,-1.020455,-0.032854,,,,,,
163553,,,,,,,,,,,,,,,,,,,,,,,-0.041785,-0.002196,1.019188,1.050000,-0.630000,-3.500000
163554,,,,,,,,,,,,,0.639736,0.072248,0.084891,0.090538,,,,,,,,,,,,
163559,,,,,,,,,,,,,,,,,,,,-0.475725,-1.020458,-0.032888,,,,,,
163563,,,,,,,,,,,,,,,,,,,,,,,-0.009516,-0.003355,1.016809,1.260000,2.520000,-6.930000
163564,,,,,,,,,,,,,0.538274,0.608124,0.084893,0.090527,,,,,,,,,,,,
163569,,,,,,,,,,,,,,,,,,,,-0.475546,-1.020460,-0.032888,,,,,,
163573,,,,,,,,,,,,,,,,,,,,,,,-0.009516,-0.003355,1.016809,1.190000,0.210000,-7.420000
163574,,,,,,,,,,,,,0.452903,0.511676,0.084895,0.090529,,,,,,,,,,,,
163579,,,,-0.427523,-0.998557,0.040490,0.223978,0.129369,,,,,,,,,,,,-0.475446,-1.020463,-0.035657,,,,,,
163581,,,,,,,,,,,25.459070,27.120655,,,,,0.047289,0.023456,0.073072,,,,,,,,,
163584,,,,,,,,,,,,,0.927584,0.430524,0.102409,0.109106,,,,,,,,,,,,
163587,,,,,,,,,,,,,,,,,,,,,,,-0.040748,-0.001464,1.025654,1.750000,-3.150000,-13.650000
163589,,,,,,,,,,,,,,,,,,,,-0.475341,-1.020457,-0.038427,,,,,,
163593,,,,,,,,,,,,,,,,,,,,,,,-0.040748,-0.001464,1.025654,1.890000,-6.230000,-19.459999
163594,,,,,,,,,,,,,1.328023,0.362243,0.102400,0.109108,,,,,,,,,,,,
163605,,,,,,,,,,,,,1.117399,0.304791,0.102405,0.109109,,,,,,,,,,,,
163599,,,,,,,,,,,,,,,,,,,,-0.475241,-1.020449,-0.041197,,,,,,
163608,,,,,,,,,,,,,,,,,,,,-0.475140,-1.020455,-0.046756,-0.016531,-0.004026,1.017785,2.590000,-12.110000,-32.759998
163613,,,,,,,,,,,,,,,,,,,,,,,-0.016531,-0.004026,1.017785,2.660000,-8.400000,-32.759998
163614,,,,,,,,,,,,,1.522454,0.256451,0.102395,0.109110,,,,,,,,,,,,
163620,,,,,,,,,,,,,,,,,,,,-0.474876,-1.020462,-0.052277,,,,,,
163622,,,,,,,,,,,,,,,,,,,,,,,0.008784,-0.001769,1.007110,3.010000,8.120000,-31.990000
163624,,,,,,,,,,,,,1.828878,0.215778,0.102388,0.109111,,,,,,,,,,,,
163629,,,,-0.414475,-0.997978,0.048234,0.248722,0.146078,,,,,,,,,,,,-0.474444,-1.020470,-0.057760,,,,,,
163631,,,,,,,,,,,29.898050,31.988482,,,,,0.059143,0.025585,0.100071,,,,,,,,,
163634,,,,,,,,,,,,,2.085657,0.181555,0.120698,0.129219,,,,,,,,,,,,
163637,,,,,,,,,,,,,,,,,,,,,,,0.008784,-0.001769,1.007110,2.170000,-3.430000,-34.369999
163645,,,,,,,,,,,,,2.714673,0.152761,0.120673,0.129220,,,,,,,,,,,,
163639,,,,,,,,,,,,,,,,,,,,-0.474122,-1.020478,-0.063301,,,,,,
163647,,,,,,,,,,,,,,,,,,,,,,,-0.008906,-0.003416,1.033279,3.150000,-9.170000,-40.110001
163649,,,,,,,,,,,,,,,,,,,,-0.473829,-1.020485,-0.068842,,,,,,
163653,,,,,,,,,,,,,,,,,,,,,,,-0.008906,-0.003416,1.033279,2.380000,-23.309999,-38.430000
163654,,,,,,,,,,,,,2.923561,0.767968,0.120665,0.129195,,,,,,,,,,,,
163659,,,,,,,,,,,,,,,,,,,,-0.473533,-1.020461,-0.074426,,,,,,
163663,,,,,,,,,,,,,,,,,,,,,,,0.064904,-0.000732,1.039806,2.870000,0.140000,-29.190001
163664,,,,,,,,,,,,,3.557311,1.194882,0.120639,0.129178,,,,,,,,,,,,
163670,,,,,,,,,,,,,,,,,,,,-0.472815,-1.020507,-0.079968,,,,,,
163673,,,,,,,,,,,,,,,,,,,,,,,0.064904,-0.000732,1.039806,-0.630000,7.070000,-17.920000
163674,,,,,,,,,,,,,3.540951,1.553204,0.120640,0.129164,,,,,,,,,,,,
163679,,,,-0.400178,-0.997226,0.056888,0.273756,0.163785,,,,,,,,,,,,,,,,,,,,
163681,,,,,,,,,,,34.131443,36.800949,,,,,0.070570,0.028955,0.135989,,,,,,,,,
163680,,,,,,,,,,,,,,,,,,,,-0.472041,-1.020557,-0.082719,,,,,,
163684,,,,,,,,,,,,,4.075126,1.306865,0.138090,0.149051,,,,,,,,,,,,
163687,,,,,,,,,,,,,,,,,,,,,,,0.053253,0.008601,0.981368,-1.330000,-3.990000,-32.900002
163689,,,,,,,,,,,,,,,,,,,,-0.471269,-1.020571,-0.088316,,,,,,
163693,,,,,,,,,,,,,,,,,,,,,,,0.053253,0.008601,0.981368,0.070000,-11.060000,-39.619999
163694,,,,,,,,,,,,,5.072797,2.195587,0.138038,0.149005,,,,,,,,,,,,
163705,,,,,,,,,,,,,5.814956,2.362935,0.137999,0.148996,,,,,,,,,,,,
163700,,,,,,,,,,,,,,,,,,,,-0.470493,-1.020599,-0.099436,,,,,,
163708,,,,,,,,,,,,,,,,,,,,,,,0.049166,-0.015372,1.048407,0.630000,-6.580000,-38.220001
163709,,,,,,,,,,,,,,,,,,,,-0.469626,-1.020684,-0.105040,,,,,,
163713,,,,,,,,,,,,,,,,,,,,,,,0.049166,-0.015372,1.048407,1.820000,1.190000,-33.320000
163714,,,,,,,,,,,,,6.060499,3.155969,0.137987,0.148955,,,,,,,,,,,,
163720,,,,,,,,,,,,,,,,,,,,-0.468306,-1.020798,-0.110526,,,,,,
163723,,,,,,,,,,,,,,,,,,,,,,,0.109434,-0.007076,1.012295,1.890000,6.160000,-35.490002
163724,,,,,,,,,,,,,6.743952,3.751864,0.137951,0.148924,,,,,,,,,,,,
163729,,,,-0.384635,-0.996266,0.066505,0.298904,0.182510,,,,,,,,,,,,,,,,,,,,
163731,,,,,,,,,,,37.899818,41.245884,,,,,0.080492,0.033592,0.176643,,,,,,,,,
163730,,,,,,,,,,,,,,,,,,,,-0.467103,-1.020922,-0.116072,,,,,,
163734,,,,,,,,,,,,,7.320003,4.253913,0.153696,0.167520,,,,,,,,,,,,
163737,,,,,,,,,,,,,,,,,,,,,,,0.072102,-0.014091,1.043100,0.560000,-13.510000,-36.470001
163739,,,,,,,,,,,,,,,,,,,,-0.465782,-1.021087,-0.121677,,,,,,
163743,,,,,,,,,,,,,,,,,,,,,,,0.072102,-0.014091,1.043100,1.540000,-3.500000,-34.930000
163744,,,,,,,,,,,,,8.346409,4.672922,0.153626,0.167492,,,,,,,,,,,,
163749,,,,,,,,,,,,,,,,,,,,-0.464314,-1.021232,-0.129942,,,,,,
163753,,,,,,,,,,,,,,,,,,,,,,,0.072102,-0.014091,1.003816,-1.190000,-12.460000,-34.650002
163754,,,,,,,,,,,,,8.669140,5.029444,0.153604,0.167467,,,,,,,,,,,,
163765,,,,,,,,,,,,,9.762006,6.206008,0.153529,0.167386,,,,,,,,,,,,
163759,,,,,,,,,,,,,,,,,,,,-0.462768,-1.021407,-0.135549,,,,,,
163768,,,,,,,,,,,,,,,,,,,,,,,0.108519,-0.003111,1.003816,1.330000,-11.830000,-32.549999
163770,,,,,,,,,,,,,,,,,,,,-0.460982,-1.021643,-0.141099,,,,,,
163773,,,,,,,,,,,,,,,,,,,,,,,0.105042,-0.019764,1.034194,0.420000,-14.280000,-36.610001
163774,,,,,,,,,,,,,10.057368,7.065352,0.153509,0.167328,,,,,,,,,,,,
163779,,,,-0.367856,-0.995060,0.077138,0.323990,0.202279,,,,,,,,,,,,-0.459084,-1.021913,-0.149447,,,,,,
163781,,,,,,,,,,,41.056938,45.174469,,,,,0.088519,0.039392,0.217888,,,,,,,,,
163784,,,,,,,,,,,,,11.203074,7.589270,0.166617,0.183706,,,,,,,,,,,,
163787,,,,,,,,,,,,,,,,,,,,,,,0.105042,-0.019764,1.034194,-0.350000,-15.050000,-33.459999
163789,,,,,,,,,,,,,,,,,,,,-0.457090,-1.022157,-0.154989,,,,,,
163793,,,,,,,,,,,,,,,,,,,,,,,0.103334,-0.011346,1.019554,0.770000,-2.590000,-33.669998
163794,,,,,,,,,,,,,12.174262,8.584008,0.166539,0.183626,,,,,,,,,,,,
163799,,,,,,,,,,,,,,,,,,,,-0.454900,-1.022556,-0.160583,,,,,,
163803,,,,,,,,,,,,,,,,,,,,,,,0.103334,-0.011346,1.019554,2.380000,-12.390000,-32.130001
163804,,,,,,,,,,,,,12.982022,9.413464,0.166475,0.183560,,,,,,,,,,,,
163809,,,,,,,,,,,,,,,,,,,,-0.452655,-1.022930,-0.166119,,,,,,
163813,,,,,,,,,,,,,,,,,,,,,,,0.141398,-0.019215,1.027606,0.490000,-9.380000,-30.799999
163814,,,,,,,,,,,,,13.667192,10.115783,0.166420,0.183504,,,,,,,,,,,,
163825,,,,,,,,,,,,,14.438549,10.960565,0.166358,0.183436,,,,,,,,,,,,
163819,,,,,,,,,,,,,,,,,,,,-0.450179,-1.023284,-0.168909,,,,,,
163828,,,,,,,,,,,,,,,,,,,,,,,0.141398,-0.019215,1.027606,-1.400000,-6.440000,-31.150000
163829,,,,-0.349862,-0.993563,0.088839,0.348847,0.223116,,,,,,,,,,,,-0.447527,-1.023746,-0.174502,,,,,,
163832,,,,,,,,,,,43.456535,48.378735,,,,,0.093945,0.046192,0.257999,,,,,,,,,
163834,,,,,,,,,,,,,15.248224,12.321849,0.176459,0.196881,,,,,,,,,,,,
163837,,,,,,,,,,,,,,,,,,,,,,,0.141886,-0.009150,0.996618,-0.840000,-0.980000,-25.270000
163839,,,,,,,,,,,,,,,,,,,,-0.444714,-1.024253,-0.180059,,,,,,
163842,,,,,,,,,,,,,,,,,,,,,,,0.141886,-0.009150,0.996618,-1.470000,-5.180000,-24.709999
163844,,,,,,,,,,,,,16.659271,13.102901,0.176327,0.196808,,,,,,,,,,,,
163849,,,,,,,,,,,,,,,,,,,,-0.441712,-1.024806,-0.182838,,,,,,
163853,,,,,,,,,,,,,,,,,,,,,,,0.132675,-0.020008,0.998509,-0.700000,-1.820000,-22.190001
163854,,,,,,,,,,,,,17.319038,14.326708,0.176266,0.196693,,,,,,,,,,,,
163859,,,,,,,,,,,,,,,,,,,,-0.438617,-1.025370,-0.188398,,,,,,
163865,,,,,,,,,,,,,17.912407,15.394660,0.176210,0.196594,,,,,,,,,,,,
163868,,,,,,,,,,,,,,,,,,,,-0.435337,-1.026042,-0.191170,0.132675,-0.020008,0.998509,-0.770000,-0.420000,-19.740000
163873,,,,,,,,,,,,,,,,,,,,,,,0.153720,-0.021411,1.047980,3.990000,22.330000,-17.850000
163874,,,,,,,,,,,,,18.925760,16.807329,0.176116,0.196462,,,,,,,,,,,,
163879,,,,-0.330684,-0.991732,0.101666,0.373308,0.245048,,,,,,,,,,,,,,,,,,,,
163881,,,,,,,,,,,44.921635,50.720356,,,,,0.096308,0.053541,0.292582,,,,,,,,,
163878,,,,,,,,,,,,,,,,,,,,-0.431723,-1.026773,-0.193951,,,,,,
163884,,,,,,,,,,,,,19.754704,17.425032,0.182092,0.206064,,,,,,,,,,,,
163887,,,,,,,,,,,,,,,,,,,,,,,0.153720,-0.029280,0.998021,4.900000,-7.490000,-11.410000
163889,,,,,,,,,,,,,,,,,,,,-0.428128,-1.027647,-0.196740,,,,,,
163893,,,,,,,,,,,,,,,,,,,,,,,0.139202,-0.029280,0.998021,4.970000,-4.970000,-9.660000
163894,,,,,,,,,,,,,21.005569,19.045383,0.181972,0.205909,,,,,,,,,,,,
163892,,,,,,,,,,,,,,,,,,,,-0.428128,-1.027647,-0.196740,,,,,,
163896,,,,,,,,,,,,,,,,,,,,-0.428128,-1.027647,-0.196740,,,,,,
163899,,,,,,,,,,,,,,,,,,,,-0.428128,-1.027647,-0.196740,,,,,,
163903,,,,,,,,,,,,,,,,,,,,-0.428128,-1.027647,-0.196740,0.139202,-0.029280,0.998021,2.170000,-26.530001,-6.650000
163904,,,,,,,,,,,,,21.518564,19.869263,0.181923,0.205830,,,,,,,,,,,,
163906,,,,,,,,,,,,,,,,,,,,-0.428128,-1.027647,-0.196740,,,,,,
163910,,,,,,,,,,,,,,,,,,,,-0.424547,-1.028376,-0.196759,,,,,,
163913,,,,,,,,,,,,,,,,,,,,,,,0.121939,0.000366,1.040294,7.000000,8.750000,-2.030000
163911,,,,,,,,,,,,,,,,,,,,-0.420584,-1.029366,-0.199510,,,,,,
163914,,,,,,,,,,,,,22.496752,21.109030,0.181830,0.205711,,,,,,,,,,,,
163925,,,,,,,,,,,,,23.451548,21.781387,0.181739,0.205647,,,,,,,,,,,,
163919,,,,,,,,,,,,,,,,,,,,-0.416517,-1.030259,-0.196728,,,,,,
163928,,,,,,,,,,,,,,,,,,,,,,,0.121939,0.000366,1.040294,-1.120000,26.950001,-5.040000
163930,,,,-0.310360,-0.989515,0.115674,0.397220,0.268102,,,,,,,,,,,,,,,,,,,,
163932,,,,,,,,,,,45.837540,52.359692,,,,,0.096197,0.060744,0.313171,,,,,,,,,
163929,,,,,,,,,,,,,,,,,,,,-0.411921,-1.031159,-0.199502,,,,,,
163934,,,,,,,,,,,,,23.946394,22.541121,0.185506,0.212375,,,,,,,,,,,,
163937,,,,,,,,,,,,,,,,,,,,,,,0.132431,0.004392,0.972767,1.820000,20.580000,0.700000
163939,,,,,,,,,,,,,,,,,,,,-0.407548,-1.032126,-0.199476,,,,,,
163943,,,,,,,,,,,,,,,,,,,,,,,0.132431,0.004392,0.972767,3.500000,5.740000,0.000000
163944,,,,,,,,,,,,,25.073515,23.891117,0.185395,0.212242,,,,,,,,,,,,
163949,,,,,,,,,,,,,,,,,,,,-0.402973,-1.033228,-0.199459,,,,,,
163953,,,,,,,,,,,,,,,,,,,,,,,0.106994,-0.012932,1.034194,3.290000,-1.890000,3.220000
163954,,,,,,,,,,,,,25.494535,25.049377,0.185353,0.212128,,,,,,,,,,,,
163965,,,,,,,,,,,,,26.505333,26.130777,0.185254,0.212021,,,,,,,,,,,,
163959,,,,,,,,,,,,,,,,,,,,-0.398412,-1.034205,-0.196662,,,,,,
163968,,,,,,,,,,,,,,,,,,,,,,,0.106994,-0.012932,1.034194,-4.970000,3.500000,7.210000
163969,,,,,,,,,,,,,,,,,,,,-0.393712,-1.035166,-0.196694,,,,,,
163973,,,,,,,,,,,,,,,,,,,,,,,0.122244,0.019947,1.028094,6.090000,15.120000,2.940000
163974,,,,,,,,,,,,,27.678904,26.766272,0.185138,0.211959,,,,,,,,,,,,
163979,,,,-0.288939,-0.986861,0.130921,0.420437,0.292299,,,,,,,,,,,,-0.388539,-1.036335,-0.196637,,,,,,
163981,,,,,,,,,,,46.010578,53.238926,,,,,0.093391,0.067895,0.328369,,,,,,,,,
163984,,,,,,,,,,,,,28.214046,27.993383,0.185790,0.215435,,,,,,,,,,,,
163987,,,,,,,,,,,,,,,,,,,,,,,0.087718,-0.010248,1.020225,3.290000,12.180000,3.780000
163989,,,,,,,,,,,,,,,,,,,,-0.383394,-1.037466,-0.193845,,,,,,
163993,,,,,,,,,,,,,,,,,,,,,,,0.087718,-0.010248,1.020225,-1.050000,-2.730000,7.910000
163994,,,,,,,,,,,,,28.679209,29.042423,0.185745,0.215332,,,,,,,,,,,,
163999,,,,,,,,,,,,,,,,,,,,-0.378471,-1.038484,-0.196677,,,,,,
164003,,,,,,,,,,,,,,,,,,,,,,,0.064843,0.029280,1.054873,-13.230000,-17.709999,2.240000
164004,,,,,,,,,,,,,29.606230,29.911839,0.185654,0.215247,,,,,,,,,,,,
164010,,,,,,,,,,,,,,,,,,,,-0.373345,-1.039484,-0.193903,,,,,,
164013,,,,,,,,,,,,,,,,,,,,,,,0.064843,0.029280,1.054873,-4.620000,-12.530000,5.320000
164014,,,,,,,,,,,,,30.388979,30.646118,0.185577,0.215175,,,,,,,,,,,,
164025,,,,,,,,,,,,,31.212749,31.942148,0.185496,0.215047,,,,,,,,,,,,
164020,,,,,,,,,,,,,,,,,,,,-0.368201,-1.040518,-0.191164,,,,,,
164028,,,,,,,,,,,,,,,,,,,,,,,0.064904,-0.012444,1.050542,8.470000,-8.330000,17.010000
164030,,,,-0.266477,-0.983715,0.147466,0.442826,0.317658,,,,,,,,,,,,-0.362739,-1.041726,-0.191164,,,,,,
164032,,,,,,,,,,,45.746296,53.704460,,,,,0.089147,0.075065,0.338609,,,,,,,,,
164034,,,,,,,,,,,,,31.573868,32.187584,0.184293,0.216803,,,,,,,,,,,,
164037,,,,,,,,,,,,,,,,,,,,,,,0.064904,-0.012444,1.050542,-9.240000,-2.590000,16.100000
164039,,,,,,,,,,,,,,,,,,,,-0.357285,-1.042862,-0.185571,,,,,,
164043,,,,,,,,,,,,,,,,,,,,,,,0.074298,0.026047,1.001559,-1.470000,-10.780000,18.129999
164044,,,,,,,,,,,,,32.038494,33.102100,0.184250,0.216719,,,,,,,,,,,,
164049,,,,,,,,,,,,,,,,,,,,-0.351643,-1.043913,-0.182823,,,,,,
164053,,,,,,,,,,,,,,,,,,,,,,,0.074298,0.026047,1.001559,-10.430000,-6.370000,17.709999
164054,,,,,,,,,,,,,32.995464,33.341450,0.184162,0.216697,,,,,,,,,,,,
164065,,,,,,,,,,,,,33.101513,34.363377,0.184152,0.216603,,,,,,,,,,,,
164059,,,,,,,,,,,,,,,,,,,,-0.346129,-1.044958,-0.180106,,,,,,
164068,,,,,,,,,,,,,,,,,,,,,,,0.059292,0.020130,0.974536,1.400000,4.550000,20.020000
164070,,,,,,,,,,,,,,,,,,,,-0.340339,-1.046127,-0.174548,,,,,,
164073,,,,,,,,,,,,,,,,,,,,,,,0.059292,0.020130,0.974536,-0.350000,14.910000,16.870001
164074,,,,,,,,,,,,,34.136734,34.569954,0.184056,0.216584,,,,,,,,,,,,
164079,,,,-0.243039,-0.980020,0.165366,0.464266,0.344186,,,,,,,,,,,,-0.334298,-1.047360,-0.171700,,,,,,
164081,,,,,,,,,,,45.469585,53.951023,,,,,0.084326,0.082062,0.340981,,,,,,,,,
164084,,,,,,,,,,,,,34.181725,35.638050,0.182941,0.217527,,,,,,,,,,,,
164087,,,,,,,,,,,,,,,,,,,,,,,0.047275,-0.010797,0.997777,12.320000,12.810000,22.750000
164089,,,,,,,,,,,,,,,,,,,,-0.328381,-1.048622,-0.168911,,,,,,
164093,,,,,,,,,,,,,,,,,,,,,,,0.047275,-0.010797,0.997777,4.410000,6.720000,25.410000
164094,,,,,,,,,,,,,34.821999,36.047352,0.182880,0.217489,,,,,,,,,,,,
164099,,,,,,,,,,,,,,,,,,,,-0.322427,-1.049826,-0.163312,,,,,,
164103,,,,,,,,,,,,,,,,,,,,,,,0.049349,0.013786,1.030595,9.520000,-2.520000,29.330000
164104,,,,,,,,,,,,,34.768723,36.893635,0.182885,0.217409,,,,,,,,,,,,
164109,,,,,,,,,,,,,,,,,,,,-0.316186,-1.051034,-0.157714,,,,,,
164113,,,,,,,,,,,,,,,,,,,,,,,0.049349,0.013786,1.030595,-3.150000,5.040000,30.730000
164114,,,,,,,,,,,,,35.309158,37.647491,0.182834,0.217338,,,,,,,,,,,,
164125,,,,,,,,,,,,,35.837914,37.805386,0.182785,0.217323,,,,,,,,,,,,
164119,,,,,,,,,,,,,,,,,,,,-0.309987,-1.052139,-0.152173,,,,,,
164128,,,,,,,,,,,,,,,,,,,,,,,0.041175,0.047702,1.018456,7.630000,3.920000,40.180000
164130,,,,-0.218698,-0.975717,0.184681,0.484653,0.371882,,,,,,,,,,,,,,,,,,,,
164132,,,,,,,,,,,44.910007,53.985634,,,,,0.078722,0.089336,0.337344,,,,,,,,,
164129,,,,,,,,,,,,,,,,,,,,-0.303731,-1.053342,-0.146607,,,,,,
164134,,,,,,,,,,,,,36.059483,38.896008,0.180395,0.217231,,,,,,,,,,,,
164137,,,,,,,,,,,,,,,,,,,,,,,0.041175,0.033123,1.097695,-4.900000,-5.600000,37.450001
164139,,,,,,,,,,,,,,,,,,,,-0.297523,-1.054379,-0.138295,,,,,,
164143,,,,,,,,,,,,,,,,,,,,,,,0.024766,0.033123,1.097695,3.220000,-14.350000,34.720001
164144,,,,,,,,,,,,,36.897255,39.283909,0.180324,0.217197,,,,,,,,,,,,
164150,,,,,,,,,,,,,,,,,,,,-0.291265,-1.055357,-0.132746,,,,,,
164153,,,,,,,,,,,,,,,,,,,,,,,0.024766,0.033123,1.097695,-5.530000,-1.400000,39.689999
164154,,,,,,,,,,,,,37.075115,40.179569,0.180309,0.217121,,,,,,,,,,,,
164163,,,,,,,,,,,,,,,,,,,,,,,0.006649,0.059902,0.967765,-4.760000,7.700000,32.970001
164161,,,,,,,,,,,,,,,,,,,,-0.285040,-1.056290,-0.127197,,,,,,
164164,,,,,,,,,,,,,37.233887,40.394966,0.180295,0.217103,,,,,,,,,,,,
164170,,,,,,,,,,,,,,,,,,,,-0.278312,-1.057215,-0.121677,,,,,,
164173,,,,,,,,,,,,,,,,,,,,,,,0.006649,0.059902,0.967765,-22.959999,-6.790000,37.240002
164174,,,,,,,,,,,,,37.351688,41.106533,0.180285,0.217042,,,,,,,,,,,,
164179,,,,-0.193534,-0.970747,0.205467,0.503899,0.400725,,,,,,,,,,,,-0.271979,-1.057930,-0.113409,,,,,,
164181,,,,,,,,,,,44.548939,54.144958,,,,,0.073731,0.096033,0.326924,,,,,,,,,
164187,,,,,,,,,,,,,37.636391,41.209629,0.178707,0.217536,,,,,,,,,,,,
164189,,,,,,,,,,,,,,,,,,,,-0.265480,-1.058826,-0.107864,,,,,,
164192,,,,,,,,,,,,,,,,,,,,,,,0.007686,0.058377,1.057618,-7.560000,5.530000,47.529999
164194,,,,,,,,,,,,,38.168293,41.174816,0.178667,0.217539,,,,,,,,,,,,
164198,,,,,,,,,,,,,,,,,,,,,,,0.001586,0.012871,1.057618,-3.780000,3.710000,48.230000
164199,,,,,,,,,,,,,,,,,,,,-0.258865,-1.059650,-0.099483,,,,,,
164203,,,,,,,,,,,,,,,,,,,,,,,0.001586,0.012871,1.057618,-2.940000,-3.360000,42.910000
164204,,,,,,,,,,,,,38.154903,41.782795,0.178668,0.217494,,,,,,,,,,,,
164210,,,,,,,,,,,,,,,,,,,,-0.252362,-1.060370,-0.091243,,,,,,
164213,,,,,,,,,,,,,,,,,,,,,,,0.003416,0.048373,0.953247,3.990000,-9.800000,53.970001
164214,,,,,,,,,,,,,38.668907,41.721413,0.178630,0.217498,,,,,,,,,,,,
164220,,,,,,,,,,,,,,,,,,,,-0.245821,-1.061198,-0.082896,,,,,,
164223,,,,,,,,,,,,,,,,,,,,,,,0.003416,0.048373,0.953247,8.680000,-5.390000,48.930000
164224,,,,,,,,,,,,,38.565178,42.229767,0.178638,0.217461,,,,,,,,,,,,
164229,,,,-0.167632,-0.965049,0.227777,0.521935,0.430676,,,,,,,,,,,,-0.239210,-1.061975,-0.071780,,,,,,
164231,,,,,,,,,,,44.627747,54.526005,,,,,0.069934,0.102273,0.311155,,,,,,,,,
164234,,,,,,,,,,,,,38.465786,42.643181,0.178947,0.218946,,,,,,,,,,,,
164237,,,,,,,,,,,,,,,,,,,,,,,0.014579,0.044957,0.961482,-3.010000,23.309999,57.189999
164245,,,,,,,,,,,,,38.514664,43.054447,0.178944,0.218917,,,,,,,,,,,,
164239,,,,,,,,,,,,,,,,,,,,-0.232183,-1.062693,-0.063432,,,,,,
164248,,,,,,,,,,,,,,,,,,,,,,,0.014579,0.044957,0.961482,-5.880000,34.090000,55.650002
164249,,,,,,,,,,,,,,,,,,,,-0.225248,-1.063284,-0.055066,,,,,,
164253,,,,,,,,,,,,,,,,,,,,,,,0.016409,0.066124,1.063718,8.540000,18.270000,58.939999
164254,,,,,,,,,,,,,38.883984,43.292641,0.178918,0.218900,,,,,,,,,,,,
164259,,,,,,,,,,,,,,,,,,,,-0.218312,-1.063846,-0.043986,,,,,,
164263,,,,,,,,,,,,,,,,,,,,,,,0.016409,0.066124,1.063718,-4.130000,8.190000,57.750000
164264,,,,,,,,,,,,,38.752827,43.559696,0.178927,0.218881,,,,,,,,,,,,
164269,,,,,,,,,,,,,,,,,,,,-0.211464,-1.064363,-0.032888,,,,,,
164273,,,,,,,,,,,,,,,,,,,,,,,-0.002440,0.067039,0.981246,-13.160000,-2.800000,57.820000
164274,,,,,,,,,,,,,39.181248,44.321518,0.178897,0.218827,,,,,,,,,,,,
164279,,,,-0.141086,-0.958562,0.251661,0.538710,0.461670,,,,,,,,,,,,-0.204707,-1.064658,-0.021885,,,,,,
164281,,,,,,,,,,,44.931931,55.091583,,,,,0.066897,0.107984,0.284924,,,,,,,,,
164288,,,,,,,,,,,,,39.374428,44.500370,0.180048,0.220976,,,,,,,,,,,,
164289,,,,,,,,,,,,,,,,,,,,-0.197818,-1.065136,-0.010647,,,,,,
164293,,,,,,,,,,,,,,,,,,,,,,,-0.002440,0.063623,1.062010,-7.910000,-5.040000,61.320000
164294,,,,,,,,,,,,,40.073128,45.254032,0.180008,0.220933,,,,,,,,,,,,
164298,,,,,,,,,,,,,,,,,,,,,,,-0.028914,0.063623,1.062010,-18.340000,-1.750000,58.099998
164300,,,,,,,,,,,,,,,,,,,,-0.191042,-1.065221,0.000276,,,,,,
164303,,,,,,,,,,,,,,,,,,,,,,,-0.028914,0.063623,1.062010,-9.800000,-11.900000,58.450001
164304,,,,,,,,,,,,,40.296120,45.751762,0.179995,0.220904,,,,,,,,,,,,
164309,,,,,,,,,,,,,,,,,,,,-0.184192,-1.065322,0.011398,,,,,,
164312,,,,,,,,,,,,,,,,,,,,,,,-0.033062,0.096075,1.092144,-4.620000,-18.830000,57.049999
164314,,,,,,,,,,,,,39.944038,46.181389,0.180015,0.220879,,,,,,,,,,,,
164320,,,,,,,,,,,,,,,,,,,,-0.177592,-1.065357,0.022401,,,,,,
164323,,,,,,,,,,,,,,,,,,,,,,,-0.033062,0.096075,1.092144,2.170000,-27.160000,62.299999
164324,,,,,,,,,,,,,40.200111,45.997486,0.180000,0.220890,,,,,,,,,,,,
164329,,,,-0.113992,-0.951229,0.277164,0.554192,0.493607,,,,,,,,,,,,-0.170685,-1.065463,0.030644,,,,,,
164331,,,,,,,,,,,45.851788,56.121338,,,,,0.066045,0.112626,0.255079,,,,,,,,,
164334,,,,,,,,,,,,,40.345192,45.766506,0.183671,0.224982,,,,,,,,,,,,
164337,,,,,,,,,,,,,,,,,,,,,,,-0.019398,0.059475,1.010282,-10.220000,-10.500000,63.910000
164345,,,,,,,,,,,,,40.492035,46.060543,0.183664,0.224968,,,,,,,,,,,,
164339,,,,,,,,,,,,,,,,,,,,-0.163907,-1.065318,0.044423,,,,,,
164348,,,,,,,,,,,,,,,,,,,,,,,-0.019398,0.059475,1.010282,7.420000,-2.030000,71.889999
164349,,,,,,,,,,,,,,,,,,,,-0.156831,-1.065272,0.055550,,,,,,
164353,,,,,,,,,,,,,,,,,,,,,,,0.004331,0.065941,1.004060,0.630000,-0.350000,67.410004
164354,,,,,,,,,,,,,40.146805,46.047512,0.183681,0.224969,,,,,,,,,,,,
164359,,,,,,,,,,,,,,,,,,,,-0.149770,-1.065138,0.066627,,,,,,
164363,,,,,,,,,,,,,,,,,,,,,,,0.004331,0.065941,1.004060,8.400000,8.470000,74.690002
164364,,,,,,,,,,,,,40.350834,46.410908,0.183671,0.224951,,,,,,,,,,,,
164369,,,,,,,,,,,,,,,,,,,,-0.142805,-1.065012,0.080505,,,,,,
164373,,,,,,,,,,,,,,,,,,,,,,,0.017873,0.065148,0.929640,9.800000,20.790001,72.099998
164374,,,,,,,,,,,,,39.982170,46.725933,0.183689,0.224936,,,,,,,,,,,,
164379,,,,-0.086453,-0.942991,0.304321,0.568371,0.526354,,,,,,,,,,,,,,,,,,,,
164381,,,,,,,,,,,46.907047,57.264996,,,,,0.065984,0.116955,0.223653,,,,,,,,,
164380,,,,,,,,,,,,,,,,,,,,-0.135388,-1.064679,0.094494,,,,,,
164388,,,,,,,,,,,,,40.450787,46.926140,0.187867,0.229443,,,,,,,,,,,,
164389,,,,,,,,,,,,,,,,,,,,-0.128340,-1.064262,0.102772,,,,,,
164392,,,,,,,,,,,,,,,,,,,,,,,0.011163,0.094672,1.035475,-12.600000,8.960000,72.309998
164394,,,,,,,,,,,,,40.093460,47.272728,0.187880,0.229430,,,,,,,,,,,,
164397,,,,,,,,,,,,,,,,,,,,,,,0.011163,0.094672,1.035475,0.980000,3.640000,76.300003
164400,,,,,,,,,,,,,,,,,,,,-0.121041,-1.063656,0.119363,,,,,,
164402,,,,,,,,,,,,,,,,,,,,,,,0.011163,0.094672,1.073966,22.330000,2.520000,74.760002
164404,,,,,,,,,,,,,40.327164,47.466557,0.187872,0.229423,,,,,,,,,,,,
164409,,,,,,,,,,,,,,,,,,,,-0.113819,-1.063090,0.130498,,,,,,
164413,,,,,,,,,,,,,,,,,,,,,,,-0.002745,0.086193,1.073966,-7.000000,1.820000,77.070000
164414,,,,,,,,,,,,,40.503910,47.606434,0.187865,0.229417,,,,,,,,,,,,
164419,,,,,,,,,,,,,,,,,,,,-0.106663,-1.062451,0.144539,,,,,,
164423,,,,,,,,,,,,,,,,,,,,,,,-0.001586,0.091073,0.969534,12.740000,-7.140000,76.089996
164424,,,,,,,,,,,,,40.671188,47.745785,0.187859,0.229412,,,,,,,,,,,,
164429,,,,-0.058573,-0.933794,0.333159,0.581257,0.559729,,,,,,,,,,,,-0.099723,-1.061563,0.158252,,,,,,
164431,,,,,,,,,,,48.021206,58.337055,,,,,0.066164,0.120253,0.188666,,,,,,,,,
164434,,,,,,,,,,,,,40.778202,47.823677,0.192290,0.233646,,,,,,,,,,,,
164437,,,,,,,,,,,,,,,,,,,,,,,-0.001586,0.091073,0.969534,1.820000,-20.160000,73.919998
164446,,,,,,,,,,,,,41.390732,48.262791,0.192273,0.233634,,,,,,,,,,,,
164440,,,,,,,,,,,,,,,,,,,,-0.092545,-1.060573,0.169361,,,,,,
164448,,,,,,,,,,,,,,,,,,,,,,,-0.016958,0.112484,1.083665,13.160000,-11.550000,68.949997
164449,,,,,,,,,,,,,,,,,,,,-0.085353,-1.059509,0.183215,,,,,,
164453,,,,,,,,,,,,,,,,,,,,,,,-0.016958,0.112484,1.083665,-9.940000,-5.880000,68.320000
164454,,,,,,,,,,,,,41.385338,49.135242,0.192273,0.233609,,,,,,,,,,,,
164459,,,,,,,,,,,,,,,,,,,,-0.078295,-1.058486,0.194367,,,,,,
164463,,,,,,,,,,,,,,,,,,,,,,,0.008662,0.085095,0.963312,-0.420000,1.470000,72.099998
164464,,,,,,,,,,,,,41.404854,49.022827,0.192272,0.233612,,,,,,,,,,,,
164469,,,,,,,,,,,,,,,,,,,,-0.071074,-1.057160,0.208246,,,,,,
164473,,,,,,,,,,,,,,,,,,,,,,,0.008662,0.085095,0.963312,-8.400000,10.150000,76.650002
164474,,,,,,,,,,,,,41.959831,48.917423,0.192257,0.233615,,,,,,,,,,,,
164479,,,,-0.030461,-0.923586,0.363691,0.592876,0.593503,,,,,,,,,,,,-0.063557,-1.055712,0.219380,,,,,,
164481,,,,,,,,,,,49.297142,59.519150,,,,,0.067290,0.122205,0.155568,,,,,,,,,
164484,,,,,,,,,,,,,41.881603,48.831821,0.197357,0.238319,,,,,,,,,,,,
164487,,,,,,,,,,,,,,,,,,,,,,,0.022570,0.109556,1.081774,-6.090000,-6.790000,78.400002
164489,,,,,,,,,,,,,,,,,,,,-0.056398,-1.054296,0.233278,,,,,,
164493,,,,,,,,,,,,,,,,,,,,,,,0.022570,0.109556,1.081774,7.630000,6.020000,75.809998
164494,,,,,,,,,,,,,41.818432,48.762890,0.197359,0.238321,,,,,,,,,,,,
164499,,,,,,,,,,,,,,,,,,,,-0.049027,-1.052827,0.247257,,,,,,
164505,,,,,,,,,,,,,42.019047,49.326332,0.197354,0.238308,,,,,,,,,,,,
164508,,,,,,,,,,,,,,,,,,,,,,,0.015189,0.064660,0.967704,11.060000,7.350000,77.209999
164509,,,,,,,,,,,,,,,,,,,,-0.041694,-1.051302,0.258544,,,,,,
164513,,,,,,,,,,,,,,,,,,,,,,,0.015189,0.064660,0.967704,0.840000,8.820000,72.099998
164514,,,,,,,,,,,,,42.223270,49.620430,0.197349,0.238302,,,,,,,,,,,,
164520,,,,,,,,,,,,,,,,,,,,-0.034372,-1.049621,0.272496,,,,,,
164523,,,,,,,,,,,,,,,,,,,,,,,0.005856,0.096502,0.985150,-2.450000,-1.120000,70.559998
164524,,,,,,,,,,,,,42.652748,49.973038,0.197340,0.238294,,,,,,,,,,,,
164529,,,,-0.002228,-0.912319,0.395914,0.603276,0.627393,,,,,,,,,,,,-0.026915,-1.047780,0.286472,,,,,,
164531,,,,,,,,,,,50.323818,60.453537,,,,,0.067933,0.123450,0.123321,,,,,,,,,
164534,,,,,,,,,,,,,43.004799,49.711533,0.201406,0.241977,,,,,,,,,,,,
164537,,,,,,,,,,,,,,,,,,,,,,,0.005856,0.107177,1.067256,-4.410000,7.350000,75.389999
164539,,,,,,,,,,,,,,,,,,,,-0.019724,-1.045864,0.300526,,,,,,
164543,,,,,,,,,,,,,,,,,,,,,,,0.015555,0.107177,1.067256,-8.400000,6.300000,75.320000
164544,,,,,,,,,,,,,42.769455,50.058807,0.201410,0.241972,,,,,,,,,,,,
164550,,,,,,,,,,,,,,,,,,,,-0.012093,-1.043788,0.311664,,,,,,
164552,,,,,,,,,,,,,,,,,,,,,,,0.015555,0.107177,1.067256,11.270000,7.840000,74.760002
164554,,,,,,,,,,,,,43.111591,50.341061,0.201405,0.241967,,,,,,,,,,,,
164565,,,,,,,,,,,,,43.699677,50.772629,0.201396,0.241961,,,,,,,,,,,,
164559,,,,,,,,,,,,,,,,,,,,-0.004714,-1.041655,0.325646,,,,,,
164567,,,,,,,,,,,,,,,,,,,,,,,0.014884,0.094062,1.015406,-11.830000,-6.510000,68.110001
164569,,,,,,,,,,,,,,,,,,,,0.002608,-1.039242,0.336923,,,,,,
164573,,,,,,,,,,,,,,,,,,,,,,,0.014884,0.094062,1.015406,-9.870000,-12.250000,69.860001
164574,,,,,,,,,,,,,43.489395,51.273438,0.201399,0.241953,,,,,,,,,,,,
164579,,,,0.026015,-0.899951,0.429808,0.612519,0.661056,,,,,,,,,,,,,,,,,,,,
164581,,,,,,,,,,,51.157936,61.161308,,,,,0.068215,0.123572,0.092436,,,,,,,,,
164580,,,,,,,,,,,,,,,,,,,,0.009789,-1.036920,0.348108,,,,,,
164584,,,,,,,,,,,,,44.261593,51.358917,0.204684,0.244719,,,,,,,,,,,,
164587,,,,,,,,,,,,,,,,,,,,,,,-0.019032,0.115534,1.054690,-10.220000,-18.760000,74.970001
164589,,,,,,,,,,,,,,,,,,,,0.016925,-1.034446,0.362118,,,,,,
164593,,,,,,,,,,,,,,,,,,,,,,,-0.019032,0.115534,1.054690,0.350000,-6.020000,73.849998
164594,,,,,,,,,,,,,44.374252,51.443256,0.204683,0.244719,,,,,,,,,,,,
164599,,,,,,,,,,,,,,,,,,,,0.024223,-1.031923,0.373330,,,,,,
164605,,,,,,,,,,,,,44.626225,51.546047,0.204681,0.244718,,,,,,,,,,,,
164608,,,,,,,,,,,,,,,,,,,,,,,0.006893,0.075091,1.030534,1.050000,5.810000,81.480003
164609,,,,,,,,,,,,,,,,,,,,0.031785,-1.029239,0.390322,,,,,,
164614,,,,,,,,,,,,,44.431156,51.504887,0.204683,0.244718,,,,,,,0.032757,0.076006,0.896212,13.020000,20.020000,77.139999
164619,,,,,,,,,,,,,,,,,,,,0.039294,-1.026465,0.401637,,,,,,
164623,,,,,,,,,,,,,,,,,,,,,,,0.032757,0.076006,0.896212,6.160000,23.379999,78.889999
164624,,,,,,,,,,,,,44.537106,51.589359,0.204682,0.244718,,,,,,,,,,,,
164629,,,,0.054157,-0.886444,0.465329,0.620681,0.694094,,,,,,,,,,,,0.046951,-1.023544,0.415882,,,,,,
164631,,,,,,,,,,,51.902164,61.737553,,,,,0.068420,0.122954,0.063788,,,,,,,,,
164634,,,,,,,,,,,,,45.133121,52.161114,0.207652,0.247012,,,,,,,,,,,,
164637,,,,,,,,,,,,,,,,,,,,,,,0.008113,0.114070,1.076101,6.300000,7.840000,67.690002
164639,,,,,,,,,,,,,,,,,,,,0.054371,-1.020568,0.427244,,,,,,
164643,,,,,,,,,,,,,,,,,,,,,,,0.008113,0.114070,1.076101,1.400000,-1.610000,66.220001
164644,,,,,,,,,,,,,45.086063,52.640430,0.207653,0.247009,,,,,,,,,,,,
164650,,,,,,,,,,,,,,,,,,,,0.061779,-1.017501,0.438581,,,,,,
164653,,,,,,,,,,,,,,,,,,,,,,,-0.005368,0.097539,1.017053,6.160000,-15.050000,72.730003
164654,,,,,,,,,,,,,45.593475,52.496723,0.207649,0.247010,,,,,,,,,,,,
164665,,,,,,,,,,,,,45.951443,52.771717,0.207647,0.247008,,,,,,,,,,,,
164659,,,,,,,,,,,,,,,,,,,,0.068923,-1.014410,0.449839,,,,,,
164668,,,,,,,,,,,,,,,,,,,,,,,-0.005368,0.097539,1.017053,-0.840000,-5.320000,73.360001
164669,,,,,,,,,,,,,,,,,,,,0.076213,-1.011124,0.466890,,,,,,
164674,,,,,,,,,,,,,45.841961,53.375145,0.207648,0.247004,,,,,,,0.013359,0.101077,0.987346,-2.170000,6.510000,69.510002
164679,,,,0.082088,-0.871769,0.502413,0.627849,0.726053,,,,,,,,,,,,0.083666,-1.007577,0.478217,,,,,,
164681,,,,,,,,,,,52.372719,62.029385,,,,,0.067994,0.121636,0.035349,,,,,,,,,
164684,,,,,,,,,,,,,46.170708,53.051933,0.209491,0.248118,,,,,,,,,,,,
164687,,,,,,,,,,,,,,,,,,,,,,,0.013359,0.101077,0.987346,-10.640000,25.340000,68.879997
164689,,,,,,,,,,,,,,,,,,,,0.091116,-1.003920,0.489777,,,,,,
164693,,,,,,,,,,,,,,,,,,,,,,,0.006344,0.113826,1.080798,-1.050000,3.780000,65.379997
164694,,,,,,,,,,,,,46.588512,53.484161,0.209491,0.248118,,,,,,,,,,,,
164699,,,,,,,,,,,,,,,,,,,,0.098408,-1.000190,0.501161,,,,,,
164703,,,,,,,,,,,,,,,,,,,,,,,0.006344,0.113826,1.080798,-4.550000,-6.440000,66.639999
164704,,,,,,,,,,,,,46.309200,53.751884,0.209491,0.248118,,,,,,,,,,,,
164709,,,,,,,,,,,,,,,,,,,,0.105442,-0.996503,0.512475,,,,,,
164712,,,,,,,,,,,,,,,,,,,,,,,-0.000183,0.102480,1.020469,-10.010000,-18.830000,67.059998
164714,,,,,,,,,,,,,47.209381,54.021309,0.209491,0.248118,,,,,,,,,,,,
164725,,,,,,,,,,,,,47.345062,54.093033,0.209491,0.248118,,,,,,,,,,,,
164719,,,,,,,,,,,,,,,,,,,,0.112563,-0.992654,0.523871,,,,,,
164728,,,,,,,,,,,,,,,,,,,,,,,-0.000183,0.102480,1.020469,12.950000,7.910000,72.940002
164730,,,,0.109697,-0.855902,0.540966,0.634117,0.756433,,,,,,,,,,,,0.119999,-0.988755,0.538179,,,,,,
164732,,,,,,,,,,,52.303558,61.853127,,,,,0.065959,0.119722,0.016793,,,,,,,,,
164734,,,,,,,,,,,,,47.529091,53.798595,0.209219,0.247420,,,,,,,,,,,,
164737,,,,,,,,,,,,,,,,,,,,,,,0.009516,0.061366,0.976915,-2.380000,18.969999,78.190002
164739,,,,,,,,,,,,,,,,,,,,0.127298,-0.984717,0.549924,,,,,,
164743,,,,,,,,,,,,,,,,,,,,,,,0.009516,0.061366,0.976915,10.570000,15.610000,73.779999
164744,,,,,,,,,,,,,47.694695,54.070385,0.209219,0.247420,,,,,,,,,,,,
164750,,,,,,,,,,,,,,,,,,,,0.134663,-0.980638,0.564351,,,,,,
164753,,,,,,,,,,,,,,,,,,,,,,,0.003782,0.097783,1.007903,13.160000,5.530000,75.879997
164754,,,,,,,,,,,,,47.786068,54.791092,0.209219,0.247419,,,,,,,,,,,,
164765,,,,,,,,,,,,,47.672825,55.059975,0.209219,0.247419,,,,,,,,,,,,
164760,,,,,,,,,,,,,,,,,,,,0.142093,-0.976364,0.575962,,,,,,
164768,,,,,,,,,,,,,,,,,,,,,,,0.003782,0.097783,1.007903,-4.270000,-5.810000,67.550003
164769,,,,,,,,,,,,,,,,,,,,0.149177,-0.972067,0.590334,,,,,,
164774,,,,,,,,,,,,,47.951401,54.769985,0.209218,0.247419,,,,,,,-0.017690,0.111142,0.999241,13.160000,-7.140000,71.540001
164779,,,,0.136878,-0.838829,0.580870,0.639583,0.784701,,,,,,,,,,,,0.156184,-0.967745,0.601796,,,,,,
164781,,,,,,,,,,,52.220333,61.544449,,,,,0.063949,0.117400,-0.009033,,,,,,,,,
164784,,,,,,,,,,,,,48.089931,55.486439,0.208881,0.246178,,,,,,,,,,,,
164788,,,,,,,,,,,,,,,,,,,,,,,-0.001220,0.109983,1.051945,-0.560000,0.910000,70.839996
164789,,,,,,,,,,,,,,,,,,,,0.163368,-0.963058,0.613547,,,,,,
164793,,,,,,,,,,,,,,,,,,,,,,,-0.001220,0.109983,1.051945,-9.800000,10.780000,75.180000
164794,,,,,,,,,,,,,48.179062,54.953640,0.208881,0.246178,,,,,,,,,,,,
164800,,,,,,,,,,,,,,,,,,,,0.170423,-0.958325,0.628128,,,,,,
164803,,,,,,,,,,,,,,,,,,,,,,,-0.001220,0.109983,1.051945,-8.960000,-0.910000,65.169998
164804,,,,,,,,,,,,,48.222942,55.569874,0.208881,0.246178,,,,,,,,,,,,
164810,,,,,,,,,,,,,,,,,,,,0.177345,-0.953374,0.636755,,,,,,
164813,,,,,,,,,,,,,,,,,,,,,,,-0.007076,0.135359,1.003145,-4.060000,2.870000,69.440002
164814,,,,,,,,,,,,,48.780674,56.056499,0.208881,0.246178,,,,,,,,,,,,
164825,,,,,,,,,,,,,,,0.208881,0.246178,,,,,,,,,,,,
164826,,,,,,,,,,,,,48.692802,55.770775,,,,,,,,,,,,,,
164820,,,,,,,,,,,,,,,,,,,,0.184193,-0.948513,0.648281,,,,,,
164828,,,,,,,,,,,,,,,,,,,,,,,-0.007076,0.135359,1.082689,-5.880000,-13.790000,70.980003
164830,,,,0.163529,-0.820544,0.621977,0.644341,0.810307,,,,,,,,,,,,,,,,,,,,
164832,,,,,,,,,,,51.763088,60.908318,,,,,0.060863,0.114342,-0.026721,,,,,,,,,
164829,,,,,,,,,,,,,,,,,,,,0.190875,-0.943581,0.662830,,,,,,
164834,,,,,,,,,,,,,49.314133,55.911385,0.207052,0.243633,,,,,,,,,,,,
164838,,,,,,,,,,,,,,,,,,,,,,,-0.022875,0.100162,1.082689,-4.270000,-21.700001,68.250000
164839,,,,,,,,,,,,,,,,,,,,0.197613,-0.938393,0.671596,,,,,,
164843,,,,,,,,,,,,,,,,,,,,,,,-0.000122,0.096380,0.918904,-2.240000,-16.520000,74.269997
164844,,,,,,,,,,,,,49.181866,55.831215,0.207052,0.243633,,,,,,,,,,,,
164850,,,,,,,,,,,,,,,,,,,,0.204183,-0.933356,0.689150,,,,,,
164853,,,,,,,,,,,,,,,,,,,,,,,-0.000122,0.096380,0.918904,4.060000,7.350000,69.440002
164854,,,,,,,,,,,,,49.599068,55.741661,0.207052,0.243633,,,,,,,,,,,,
164859,,,,,,,,,,,,,,,,,,,,0.211302,-0.928003,0.698058,,,,,,
164863,,,,,,,,,,,,,,,,,,,,,,,-0.017934,0.069052,1.071770,4.620000,11.690000,75.250000
164864,,,,,,,,,,,,,49.389946,55.652222,0.207052,0.243633,,,,,,,,,,,,
164869,,,,,,,,,,,,,,,,,,,,0.218045,-0.922649,0.712803,,,,,,
164873,,,,,,,,,,,,,,,,,,,,,,,-0.017934,0.069052,1.071770,-1.470000,8.540000,66.150002
164874,,,,,,,,,,,,,49.796528,56.164249,0.207052,0.243633,,,,,,,,,,,,
164879,,,,0.189550,-0.801049,0.664115,0.648479,0.832708,,,,,,,,,,,,0.224605,-0.917400,0.724814,,,,,,
164881,,,,,,,,,,,51.337429,60.206924,,,,,0.057896,0.110564,-0.048092,,,,,,,,,
164888,,,,,,,,,,,,,49.496326,56.453606,0.205350,0.240828,,,,,,,,,,,,
164889,,,,,,,,,,,,,,,,,,,,0.231299,-0.911871,0.736479,,,,,,
164892,,,,,,,,,,,,,,,,,,,,,,,-0.039650,0.081069,0.989054,-9.100000,-8.610000,67.620003
164894,,,,,,,,,,,,,50.347755,56.201611,0.205350,0.240828,,,,,,,,,,,,
164897,,,,,,,,,,,,,,,,,,,,,,,-0.039650,0.081069,0.989054,8.890000,-1.750000,71.400002
164900,,,,,,,,,,,,,,,,,,,,0.237862,-0.906424,0.748465,,,,,,
164903,,,,,,,,,,,,,,,,,,,,,,,-0.002135,0.103273,1.047187,18.549999,8.610000,70.699997
164904,,,,,,,,,,,,,50.032990,56.054192,0.205350,0.240828,,,,,,,,,,,,
164909,,,,,,,,,,,,,,,,,,,,0.244525,-0.900669,0.760280,,,,,,
164913,,,,,,,,,,,,,,,,,,,,,,,-0.002135,0.103273,1.047187,-1.540000,8.540000,69.580002
164914,,,,,,,,,,,,,49.772007,56.482727,0.205350,0.240828,,,,,,,,,,,,
164919,,,,,,,,,,,,,,,,,,,,0.250878,-0.894909,0.772442,,,,,,
164923,,,,,,,,,,,,,,,,,,,,,,,-0.030195,0.130723,1.057679,4.620000,1.750000,68.669998
164924,,,,,,,,,,,,,49.552414,56.295135,0.205350,0.240828,,,,,,,,,,,,
164929,,,,0.214847,-0.780358,0.707086,0.652074,0.851393,,,,,,,,,,,,0.257076,-0.889187,0.784406,,,,,,
164931,,,,,,,,,,,50.643112,59.258926,,,,,0.054168,0.107031,-0.065365,,,,,,,,,
164934,,,,,,,,,,,,,49.941551,56.714630,0.202572,0.237036,,,,,,,,,,,,
164937,,,,,,,,,,,,,,,,,,,,,,,-0.030195,0.130723,1.057679,-30.870001,-8.750000,61.599998
164945,,,,,,,,,,,,,49.800003,56.536095,0.202572,0.237036,,,,,,,,,,,,
164939,,,,,,,,,,,,,,,,,,,,0.263186,-0.883048,0.796153,,,,,,
164948,,,,,,,,,,,,,,,,,,,,,,,-0.040931,0.135054,0.989847,-13.370000,-19.670000,71.680000
164949,,,,,,,,,,,,,,,,,,,,0.269166,-0.877285,0.808124,,,,,,
164953,,,,,,,,,,,,,,,,,,,,,,,-0.040931,0.135054,0.989847,3.710000,-22.959999,72.589996
164954,,,,,,,,,,,,,50.041374,56.290524,0.202572,0.237036,,,,,,,,,,,,
164960,,,,,,,,,,,,,,,,,,,,0.275187,-0.871149,0.820246,,,,,,
164963,,,,,,,,,,,,,,,,,,,,,,,-0.029707,0.064477,0.985455,-5.810000,-5.040000,68.739998
164964,,,,,,,,,,,,,50.336334,56.143139,0.202572,0.237036,,,,,,,,,,,,
164969,,,,,,,,,,,,,,,,,,,,0.281016,-0.865203,0.832188,,,,,,
164973,,,,,,,,,,,,,,,,,,,,,,,-0.029707,0.064477,0.985455,-8.120000,17.150000,66.919998
164974,,,,,,,,,,,,,50.040394,56.024441,0.202572,0.237036,,,,,,,,,,,,
164979,,,,0.239332,-0.758497,0.750672,0.655182,0.865914,,,,,,,,,,,,0.287317,-0.858637,0.844601,,,,,,
164981,,,,,,,,,,,50.022537,58.353600,,,,,0.050754,0.102599,-0.080999,,,,,,,,,
164988,,,,,,,,,,,,,49.768490,56.013653,0.200090,0.233414,,,,,,,,,,,,
164989,,,,,,,,,,,,,,,,,,,,0.293282,-0.852312,0.853671,,,,,,
164992,,,,,,,,,,,,,,,,,,,,,,,-0.031598,0.096258,1.025532,2.030000,21.770000,61.669998
164994,,,,,,,,,,,,,50.426445,56.536247,0.200090,0.233414,,,,,,,,,,,,
164998,,,,,,,,,,,,,,,,,,,,,,,-0.049166,0.082167,1.020835,0.980000,14.560000,60.410000
164999,,,,,,,,,,,,,,,,,,,,0.298993,-0.846057,0.866035,,,,,,
165003,,,,,,,,,,,,,,,,,,,,,,,-0.049166,0.082167,1.020835,-1.890000,8.610000,62.230000
165004,,,,,,,,,,,,,50.108471,56.894901,0.200090,0.233414,,,,,,,,,,,,
165009,,,,,,,,,,,,,,,,,,,,0.304956,-0.839625,0.878139,,,,,,
165013,,,,,,,,,,,,,,,,,,,,,,,-0.049166,0.082167,1.020835,19.670000,-9.310000,70.489998
165014,,,,,,,,,,,,,50.386990,56.645473,0.200090,0.233414,,,,,,,,,,,,
165019,,,,,,,,,,,,,,,,,,,,0.310479,-0.833237,0.890250,,,,,,
165023,,,,,,,,,,,,,,,,,,,,,,,-0.042578,0.082838,1.013027,-13.650000,-25.969999,67.199997
165024,,,,,,,,,,,,,50.071407,56.433838,0.200090,0.233414,,,,,,,,,,,,
165029,,,,0.262924,-0.735499,0.794640,0.657840,0.875908,,,,,,,,,,,,0.315832,-0.827162,0.902547,,,,,,
165031,,,,,,,,,,,49.035820,57.046467,,,,,0.046075,0.098333,-0.095472,,,,,,,,,
165034,,,,,,,,,,,,,49.757492,56.745289,0.196143,0.228186,,,,,,,,,,,,
165037,,,,,,,,,,,,,,,,,,,,,,,-0.060146,0.106506,1.105625,0.560000,-38.220001,67.059998
165045,,,,,,,,,,,,,50.045341,56.436085,0.196143,0.228186,,,,,,,,,,,,
165039,,,,,,,,,,,,,,,,,,,,0.321190,-0.820776,0.911584,,,,,,
165048,,,,,,,,,,,,,,,,,,,,,,,-0.060146,0.106506,1.105625,-8.610000,-21.000000,66.360001
165050,,,,,,,,,,,,,,,,,,,,0.326299,-0.814317,0.923864,,,,,,
165054,,,,,,,,,,,,,49.833847,56.399586,0.196143,0.228186,,,,,,,-0.045567,0.113521,0.966362,-17.010000,-2.940000,63.419998
165059,,,,,,,,,,,,,,,,,,,,0.331340,-0.807780,0.936186,,,,,,
165063,,,,,,,,,,,,,,,,,,,,,,,-0.045567,0.113521,0.966362,-6.300000,6.090000,67.620003
165064,,,,,,,,,,,,,49.598270,56.218124,0.196143,0.228186,,,,,,,,,,,,
165069,,,,,,,,,,,,,,,,,,,,0.336728,-0.800810,0.945679,,,,,,
165073,,,,,,,,,,,,,,,,,,,,,,,-0.012932,0.077714,0.939217,0.700000,22.820000,70.489998
165074,,,,,,,,,,,,,49.401600,55.519375,0.196143,0.228186,,,,,,,,,,,,
165079,,,,0.285549,-0.711412,0.838748,0.660059,0.881125,,,,,,,,,,,,0.341889,-0.794067,0.961185,,,,,,
165081,,,,,,,,,,,48.326424,56.018795,,,,,0.042498,0.093713,-0.106863,,,,,,,,,
165088,,,,,,,,,,,,,49.419167,55.351929,0.193306,0.224075,,,,,,,,,,,,
165089,,,,,,,,,,,,,,,,,,,,0.346948,-0.787191,0.973825,,,,,,
165093,,,,,,,,,,,,,,,,,,,,,,,-0.012932,0.075640,1.080371,4.060000,20.299999,69.650002
165094,,,,,,,,,,,,,48.833397,55.638248,0.193306,0.224075,,,,,,,,,,,,
165098,,,,,,,,,,,,,,,,,,,,,,,-0.049776,0.075640,1.080371,-1.610000,21.910000,66.080002
165099,,,,,,,,,,,,,,,,,,,,0.351961,-0.780360,0.983229,,,,,,
165103,,,,,,,,,,,,,,,,,,,,,,,-0.049776,0.075640,1.080371,0.490000,17.920000,66.779999
165104,,,,,,,,,,,,,48.758038,55.579296,0.193306,0.224075,,,,,,,,,,,,
165109,,,,,,,,,,,,,,,,,,,,0.357146,-0.773305,0.992902,,,,,,
165113,,,,,,,,,,,,,,,,,,,,,,,-0.058621,0.081130,1.012112,7.490000,16.590000,62.230000
165114,,,,,,,,,,,,,48.716293,55.554455,0.193306,0.224075,,,,,,,,,,,,
165120,,,,,,,,,,,,,,,,,,,,0.361840,-0.766473,1.005511,,,,,,
165123,,,,,,,,,,,,,,,,,,,,,,,-0.058621,0.081130,1.012112,8.680000,7.000000,62.439999
165124,,,,,,,,,,,,,48.637196,55.483295,0.193306,0.224075,,,,,,,,,,,,
165129,,,,0.307139,-0.686294,0.882750,0.661819,0.881442,,,,,,,,,,,,,,,,,,,,
165131,,,,,,,,,,,47.495880,54.736492,,,,,0.038463,0.088994,-0.122877,,,,,,,,,
165130,,,,,,,,,,,,,,,,,,,,0.366521,-0.759393,1.018240,,,,,,
165134,,,,,,,,,,,,,48.576782,55.430443,0.189984,0.218946,,,,,,,,,,,,
165137,,,,,,,,,,,,,,,,,,,,,,,-0.070028,0.103700,1.037793,-8.960000,-2.170000,61.459999
165145,,,,,,,,,,,,,48.803940,55.066326,0.189984,0.218946,,,,,,,,,,,,
165140,,,,,,,,,,,,,,,,,,,,0.371065,-0.752485,1.027668,,,,,,
165148,,,,,,,,,,,,,,,,,,,,,,,-0.070028,0.103700,1.037793,-23.520000,-9.240000,61.320000
165150,,,,,,,,,,,,,,,,,,,,0.375232,-0.745630,1.040401,,,,,,
165153,,,,,,,,,,,,,,,,,,,,,,,-0.062830,0.105896,1.021079,5.040000,-24.920000,63.419998
165154,,,,,,,,,,,,,48.448101,54.948017,0.189984,0.218946,,,,,,,,,,,,
165160,,,,,,,,,,,,,,,,,,,,0.379527,-0.738794,1.049747,,,,,,
165163,,,,,,,,,,,,,,,,,,,,,,,-0.062830,0.105896,1.021079,-4.060000,-31.219999,62.090000
165164,,,,,,,,,,,,,48.428452,54.992371,0.189984,0.218946,,,,,,,,,,,,
165169,,,,,,,,,,,,,,,,,,,,0.383614,-0.731957,1.059214,,,,,,
165173,,,,,,,,,,,,,,,,,,,,,,,-0.075091,0.066917,1.112762,-5.180000,-34.439999,61.180000
165174,,,,,,,,,,,,,48.431229,54.502934,0.189984,0.218946,,,,,,,,,,,,
165179,,,,0.327638,-0.660216,0.926404,0.663069,0.876868,,,,,,,,,,,,0.387738,-0.725122,1.072005,,,,,,
165181,,,,,,,,,,,46.815586,53.677517,,,,,0.035112,0.083833,-0.132874,,,,,,,,,
165184,,,,,,,,,,,,,48.422741,54.627571,0.187262,0.214710,,,,,,,,,,,,
165188,,,,,,,,,,,,,,,,,,,,,,,-0.030988,0.044896,0.829112,7.140000,-7.070000,57.189999
165189,,,,,,,,,,,,,,,,,,,,0.391819,-0.718348,1.081509,,,,,,
165193,,,,,,,,,,,,,,,,,,,,,,,-0.030988,0.044896,0.829112,0.910000,24.990000,55.299999
165194,,,,,,,,,,,,,48.408653,54.176952,0.187262,0.214710,,,,,,,,,,,,
165205,,,,,,,,,,,,,47.730946,53.584381,0.187262,0.214710,,,,,,,,,,,,
165199,,,,,,,,,,,,,,,,,,,,0.396038,-0.710924,1.091371,,,,,,
165208,,,,,,,,,,,,,,,,,,,,,,,-0.030988,0.044896,0.829112,7.000000,52.990002,62.160000
165209,,,,,,,,,,,,,,,,,,,,0.400358,-0.703396,1.101373,,,,,,
165214,,,,,,,,,,,,,48.016834,53.546223,0.187262,0.214710,,,,,,,-0.020252,0.072468,1.031693,9.030000,46.410000,62.650002
165219,,,,,,,,,,,,,,,,,,,,0.404400,-0.696002,1.114865,,,,,,
165223,,,,,,,,,,,,,,,,,,,,,,,-0.020252,0.072468,1.031693,12.530000,33.740002,62.930000
165224,,,,,,,,,,,,,47.556984,53.310276,0.187262,0.214710,,,,,,,,,,,,
165229,,,,0.346995,-0.633261,0.969480,0.663726,0.867547,,,,,,,,,,,,0.408279,-0.688701,1.124853,,,,,,
165231,,,,,,,,,,,45.933613,52.354172,,,,,0.031102,0.079032,-0.145041,,,,,,,,,
165234,,,,,,,,,,,,,47.663284,53.050449,0.183734,0.209417,,,,,,,,,,,,
165237,,,,,,,,,,,,,,,,,,,,,,,-0.063379,0.089243,1.006927,0.910000,16.240000,61.459999
165240,,,,,,,,,,,,,,,,,,,,0.412090,-0.681441,1.137985,,,,,,
165243,,,,,,,,,,,,,,,,,,,,,,,-0.063379,0.089243,1.006927,-1.470000,6.090000,57.959999
165244,,,,,,,,,,,,,47.249397,52.881466,0.183734,0.209417,,,,,,,,,,,,
165249,,,,,,,,,,,,,,,,,,,,0.415723,-0.674030,1.144685,,,,,,
165253,,,,,,,,,,,,,,,,,,,,,,,-0.090402,0.094367,1.135088,-9.730000,10.780000,51.310001
165254,,,,,,,,,,,,,46.890350,52.726818,0.183734,0.209417,,,,,,,,,,,,
165259,,,,,,,,,,,,,,,,,,,,0.419145,-0.666878,1.154411,,,,,,
165265,,,,,,,,,,,,,47.211250,52.606911,0.183734,0.209417,,,,,,,,,,,,
165268,,,,,,,,,,,,,,,,,,,,,,,-0.090402,0.094367,0.997838,-12.040000,-8.890000,51.169998
165269,,,,,,,,,,,,,,,,,,,,0.422526,-0.659504,1.161042,,,,,,
165274,,,,,,,,,,,,,47.282265,53.081963,0.183734,0.209417,,,,,,,-0.098698,0.100894,0.997838,3.850000,-11.130000,50.540001
165279,,,,0.365172,-0.605523,1.011761,0.663677,0.853743,,,,,,,,,,,,0.425621,-0.652581,1.174190,,,,,,
165281,,,,,,,,,,,44.932819,50.951939,,,,,0.026733,0.073983,-0.149734,,,,,,,,,
165284,,,,,,,,,,,,,46.917286,52.894688,0.179731,0.203808,,,,,,,,,,,,
165288,,,,,,,,,,,,,,,,,,,,,,,-0.086376,0.074603,1.016138,-5.460000,-25.410000,48.230000
165289,,,,,,,,,,,,,,,,,,,,0.428712,-0.645460,1.180538,,,,,,
165293,,,,,,,,,,,,,,,,,,,,,,,-0.086376,0.074603,1.016138,-0.980000,-28.840000,48.090000
165294,,,,,,,,,,,,,47.173698,52.203083,0.179731,0.203808,,,,,,,,,,,,
165305,,,,,,,,,,,,,46.716366,51.951576,0.179731,0.203808,,,,,,,,,,,,
165299,,,,,,,,,,,,,,,,,,,,0.431803,-0.638481,1.190375,,,,,,
165308,,,,,,,,,,,,,,,,,,,,,,,-0.077470,0.035014,0.977586,14.350000,-40.950001,50.470001
165309,,,,,,,,,,,,,,,,,,,,0.434846,-0.631608,1.197065,,,,,,
165313,,,,,,,,,,,,,,,,,,,,,,,-0.077470,0.035014,0.977586,11.620000,-44.939999,52.919998
165314,,,,,,,,,,,,,47.164909,52.174259,0.179731,0.203808,,,,,,,,,,,,
165319,,,,,,,,,,,,,,,,,,,,0.437838,-0.624814,1.206890,,,,,,
165323,,,,,,,,,,,,,,,,,,,,,,,-0.068930,0.053497,1.055727,5.180000,-38.360001,53.060001
165324,,,,,,,,,,,,,46.829342,51.593807,0.179731,0.203808,,,,,,,,,,,,
165329,,,,0.382138,-0.577111,1.053053,0.662775,0.835820,,,,,,,,,,,,,,,,,,,,
165332,,,,,,,,,,,44.470531,50.119343,,,,,0.024600,0.068942,-0.153606,,,,,,,,,
165330,,,,,,,,,,,,,,,,,,,,0.440757,-0.617856,1.216842,,,,,,
165334,,,,,,,,,,,,,46.526863,51.631783,0.177882,0.200477,,,,,,,,,,,,
165338,,,,,,,,,,,,,,,,,,,,,,,-0.068930,0.053497,1.055727,-8.750000,26.180000,49.980000
165339,,,,,,,,,,,,,,,,,,,,0.443642,-0.610407,1.223666,,,,,,
165343,,,,,,,,,,,,,,,,,,,,,,,-0.058987,0.079117,0.957151,8.470000,22.260000,48.020000
165344,,,,,,,,,,,,,46.275944,51.119549,0.177882,0.200477,,,,,,,,,,,,
165349,,,,,,,,,,,,,,,,,,,,0.446488,-0.603098,1.234060,,,,,,
165353,,,,,,,,,,,,,,,,,,,,,,,-0.058987,0.079117,0.957151,-18.270000,14.980000,40.110001
165354,,,,,,,,,,,,,46.079205,50.704044,0.177882,0.200477,,,,,,,,,,,,
165365,,,,,,,,,,,,,46.070541,50.448517,0.177882,0.200477,,,,,,,,,,,,
165358,,,,,,,,,,,,,,,,,,,,0.449088,-0.595928,1.240693,,,,,,
165368,,,,,,,,,,,,,,,,,,,,,,,-0.055632,0.076982,1.053165,-0.420000,2.380000,37.029999
165369,,,,,,,,,,,,,,,,,,,,0.451662,-0.588770,1.247656,,,,,,
165373,,,,,,,,,,,,,,,,,,,,,,,-0.055632,0.076982,1.053165,-13.650000,-0.560000,35.279999
165374,,,,,,,,,,,,,45.661461,50.599220,0.177882,0.200477,,,,,,,,,,,,
165379,,,,0.397874,-0.548142,1.093183,0.660848,0.814217,,,,,,,,,,,,0.454092,-0.581602,1.254328,,,,,,
165381,,,,,,,,,,,43.707283,48.937435,,,,,0.021441,0.063815,-0.154742,,,,,,,,,
165384,,,,,,,,,,,,,45.539192,50.241486,0.174829,0.195750,,,,,,,,,,,,
165388,,,,,,,,,,,,,,,,,,,,,,,-0.067405,0.053680,1.069330,-19.040001,-13.230000,31.360001
165389,,,,,,,,,,,,,,,,,,,,0.456487,-0.574530,1.257821,,,,,,
165393,,,,,,,,,,,,,,,,,,,,,,,-0.067405,0.053680,1.069330,-10.010000,-15.960000,30.240000
165394,,,,,,,,,,,,,45.458580,49.964466,0.174829,0.195750,,,,,,,,,,,,
165399,,,,,,,,,,,,,,,,,,,,0.458872,-0.567525,1.264599,,,,,,
165403,,,,,,,,,,,,,,,,,,,,,,,-0.067466,0.029158,0.941718,4.830000,-13.790000,30.730000
165404,,,,,,,,,,,,,45.359188,49.697392,0.174829,0.195750,,,,,,,,,,,,
165409,,,,,,,,,,,,,,,,,,,,0.461231,-0.560609,1.271331,,,,,,
165412,,,,,,,,,,,,,,,,,,,,,,,-0.067466,0.029158,0.941718,11.410000,-4.690000,33.669998
165414,,,,,,,,,,,,,45.299210,49.498142,0.174829,0.195750,,,,,,,,,,,,
165425,,,,,,,,,,,,,45.323151,49.371017,0.174829,0.195750,,,,,,,,,,,,
165419,,,,,,,,,,,,,,,,,,,,0.463637,-0.553382,1.274909,,,,,,
165428,,,,,,,,,,,,,,,,,,,,,,,-0.078690,0.021411,1.093120,-15.190000,3.220000,32.480000
165430,,,,0.412369,-0.518746,1.132003,0.657699,0.789416,,,,,,,,,,,,0.465805,-0.546553,1.281671,,,,,,
165432,,,,,,,,,,,42.812405,47.835926,,,,,0.018165,0.059053,-0.143682,,,,,,,,,
165434,,,,,,,,,,,,,45.162014,48.567886,0.171250,0.191344,,,,,,,,,,,,
165437,,,,,,,,,,,,,,,,,,,,,,,-0.078690,0.008967,0.966545,16.799999,6.650000,33.810001
165439,,,,,,,,,,,,,,,,,,,,0.468246,-0.539355,1.288717,,,,,,
165443,,,,,,,,,,,,,,,,,,,,,,,-0.059658,0.008967,0.966545,1.890000,6.860000,36.889999
165444,,,,,,,,,,,,,44.577908,48.540039,0.171250,0.191344,,,,,,,,,,,,
165449,,,,,,,,,,,,,,,,,,,,0.470515,-0.532277,1.292179,,,,,,
165453,,,,,,,,,,,,,,,,,,,,,,,-0.059658,0.008967,0.966545,8.120000,7.560000,36.680000
165454,,,,,,,,,,,,,44.638245,47.971981,0.171250,0.191344,,,,,,,,,,,,
165465,,,,,,,,,,,,,44.183846,47.498486,0.171250,0.191344,,,,,,,,,,,,
165460,,,,,,,,,,,,,,,,,,,,0.472641,-0.525411,1.299119,,,,,,
165468,,,,,,,,,,,,,,,,,,,,,,,-0.033672,0.043920,0.984845,3.640000,16.379999,33.040001
165470,,,,,,,,,,,,,,,,,,,,0.474734,-0.518179,1.306235,,,,,,
165473,,,,,,,,,,,,,,,,,,,,,,,-0.033672,0.064538,1.017175,-11.970000,21.910000,31.219999
165474,,,,,,,,,,,,,44.292942,47.081882,0.171250,0.191344,,,,,,,,,,,,
165479,,,,0.425623,-0.489067,1.169392,0.653112,0.761916,,,,,,,,,,,,,,,,,,,,
165481,,,,,,,,,,,41.909416,46.701145,,,,,0.015240,0.054944,-0.136374,,,,,,,,,
165480,,,,,,,,,,,,,,,,,,,,0.476869,-0.511179,1.309718,,,,,,
165484,,,,,,,,,,,,,43.819626,46.712204,0.167638,0.186805,,,,,,,,,,,,
165487,,,,,,,,,,,,,,,,,,,,,,,-0.060573,0.064538,1.017175,-0.210000,6.790000,31.430000
165489,,,,,,,,,,,,,,,,,,,,0.478831,-0.504062,1.316792,,,,,,
165493,,,,,,,,,,,,,,,,,,,,,,,-0.080764,0.014701,1.061156,2.310000,3.220000,30.940001
165494,,,,,,,,,,,,,43.475689,47.010479,0.167638,0.186805,,,,,,,,,,,,
165499,,,,,,,,,,,,,,,,,,,,0.480774,-0.497297,1.323800,,,,,,
165503,,,,,,,,,,,,,,,,,,,,,,,-0.080764,0.014701,1.061156,2.380000,-0.910000,30.590000
165504,,,,,,,,,,,,,43.698650,46.672825,0.167638,0.186805,,,,,,,,,,,,
165509,,,,,,,,,,,,,,,,,,,,0.482728,-0.490437,1.327222,,,,,,
165513,,,,,,,,,,,,,,,,,,,,,,,-0.073688,0.018178,0.952881,4.480000,-10.360000,27.020000
165514,,,,,,,,,,,,,43.340679,46.390869,0.167638,0.186805,,,,,,,,,,,,
165525,,,,,,,,,,,,,43.167145,46.212166,0.167638,0.186805,,,,,,,,,,,,
165519,,,,,,,,,,,,,,,,,,,,0.484597,-0.483609,1.334256,,,,,,
165528,,,,,,,,,,,,,,,,,,,,,,,-0.073688,0.018178,0.952881,-6.510000,-11.900000,20.090000
165530,,,,0.437647,-0.459255,1.205248,0.646857,0.732199,,,,,,,,,,,,,,,,,,,,
165532,,,,,,,,,,,41.016014,45.527206,,,,,0.012668,0.051264,-0.128903,,,,,,,,,
165529,,,,,,,,,,,,,,,,,,,,0.486374,-0.476806,1.334174,,,,,,
165534,,,,,,,,,,,,,43.285915,46.481186,0.164064,0.182109,,,,,,,,,,,,
165537,,,,,,,,,,,,,,,,,,,,,,,-0.089609,0.050508,1.149240,7.630000,-22.889999,20.299999
165539,,,,,,,,,,,,,,,,,,,,0.488133,-0.470131,1.337621,,,,,,
165543,,,,,,,,,,,,,,,,,,,,,,,-0.089609,0.050508,1.149240,-3.780000,-21.559999,19.320000
165544,,,,,,,,,,,,,43.054790,46.296127,0.164064,0.182109,,,,,,,,,,,,
165550,,,,,,,,,,,,,,,,,,,,0.489749,-0.463741,1.341078,,,,,,
165553,,,,,,,,,,,,,,,,,,,,,,,-0.067466,0.011590,0.967338,-1.120000,-22.959999,19.740000
165554,,,,,,,,,,,,,42.834160,45.561420,0.164064,0.182109,,,,,,,,,,,,
165559,,,,,,,,,,,,,,,,,,,,0.491435,-0.456904,1.344612,,,,,,
165563,,,,,,,,,,,,,,,,,,,,,,,-0.067466,0.011590,0.967338,0.490000,-16.100000,19.879999
165564,,,,,,,,,,,,,42.595493,45.436447,0.164064,0.182109,,,,,,,,,,,,
165569,,,,,,,,,,,,,,,,,,,,0.493055,-0.450461,1.348088,,,,,,
165573,,,,,,,,,,,,,,,,,,,,,,,-0.053497,0.011407,0.933849,9.030000,1.190000,20.930000
165574,,,,,,,,,,,,,42.421749,45.360622,0.164064,0.182109,,,,,,,,,,,,
165579,,,,0.448462,-0.429473,1.239495,0.638696,0.700710,,,,,,,,,,,,0.494774,-0.443798,1.351632,,,,,,
165581,,,,,,,,,,,40.089867,44.513882,,,,,0.010579,0.048036,-0.109630,,,,,,,,,
165588,,,,,,,,,,,,,42.086884,44.959225,0.160359,0.178056,,,,,,,,,,,,
165590,,,,,,,,,,,,,,,,,,,,0.496432,-0.436946,1.358869,,,,,,
165593,,,,,,,,,,,,,,,,,,,,,,,-0.053497,0.010431,1.075064,0.420000,20.650000,29.889999
165594,,,,,,,,,,,,,41.534290,43.951080,0.160359,0.178056,,,,,,,,,,,,
165598,,,,,,,,,,,,,,,,,,,,,,,-0.058926,0.010431,1.075064,4.900000,17.639999,32.060001
165599,,,,,,,,,,,,,,,,,,,,0.498091,-0.430169,1.362431,,,,,,
165603,,,,,,,,,,,,,,,,,,,,,,,-0.058926,0.010431,1.075064,3.780000,15.050000,31.850000
165604,,,,,,,,,,,,,41.554142,43.587631,0.160359,0.178056,,,,,,,,,,,,
165609,,,,,,,,,,,,,,,,,,,,0.499687,-0.423407,1.366073,,,,,,
165613,,,,,,,,,,,,,,,,,,,,,,,-0.048495,0.034526,0.960811,0.700000,4.270000,30.799999
165614,,,,,,,,,,,,,41.534966,43.245945,0.160359,0.178056,,,,,,,,,,,,
165619,,,,,,,,,,,,,,,,,,,,0.501132,-0.416818,1.373299,,,,,,
165623,,,,,,,,,,,,,,,,,,,,,,,-0.048495,0.034526,0.960811,-3.990000,7.140000,28.559999
165624,,,,,,,,,,,,,40.972435,42.959770,0.160359,0.178056,,,,,,,,,,,,
165629,,,,0.458099,-0.399892,1.272069,0.628383,0.667828,,,,,,,,,,,,0.502493,-0.410305,1.380383,,,,,,
165631,,,,,,,,,,,38.946972,43.184734,,,,,0.008191,0.045447,-0.100693,,,,,,,,,
165634,,,,,,,,,,,,,41.046841,43.266705,0.155788,0.172739,,,,,,,,,,,,
165637,,,,,,,,,,,,,,,,,,,,,,,-0.059231,0.048251,1.036939,11.550000,3.780000,26.740000
165645,,,,,,,,,,,,,40.595699,42.968403,0.155788,0.172739,,,,,,,,,,,,
165639,,,,,,,,,,,,,,,,,,,,0.503991,-0.403487,1.384056,,,,,,
165648,,,,,,,,,,,,,,,,,,,,,,,-0.059231,0.048251,1.036939,2.730000,8.260000,12.950000
165649,,,,,,,,,,,,,,,,,,,,0.505315,-0.397088,1.387570,,,,,,
165654,,,,,,,,,,,,,40.757011,42.753403,0.155788,0.172739,,,,,,,-0.072041,0.010248,1.013576,-15.470000,9.170000,10.500000
165659,,,,,,,,,,,,,,,,,,,,0.506511,-0.390505,1.387650,,,,,,
165663,,,,,,,,,,,,,,,,,,,,,,,-0.072041,0.010248,1.013576,-8.960000,11.410000,5.460000
165664,,,,,,,,,,,,,40.308182,42.534786,0.155788,0.172739,,,,,,,,,,,,
165669,,,,,,,,,,,,,,,,,,,,0.507690,-0.383995,1.387570,,,,,,
165673,,,,,,,,,,,,,,,,,,,,,,,-0.072712,0.033916,1.036268,-8.190000,7.350000,4.550000
165674,,,,,,,,,,,,,40.496544,42.370007,0.155788,0.172739,,,,,,,,,,,,
165679,,,,0.466592,-0.370680,1.304133,0.615678,0.633849,,,,,,,,,,,,0.508812,-0.377415,1.391250,,,,,,
165681,,,,,,,,,,,37.590302,41.725117,,,,,0.005630,0.042808,-0.083601,,,,,,,,,
165688,,,,,,,,,,,,,40.089508,42.467937,0.150361,0.166900,,,,,,,,,,,,
165689,,,,,,,,,,,,,,,,,,,,0.510052,-0.371096,1.391169,,,,,,
165693,,,,,,,,,,,,,,,,,,,,,,,-0.101321,-0.023485,1.040782,-2.870000,1.890000,11.410000
165694,,,,,,,,,,,,,39.817532,41.818741,0.150361,0.166900,,,,,,,,,,,,
165698,,,,,,,,,,,,,,,,,,,,,,,-0.101321,-0.023485,1.040782,0.000000,-4.620000,10.710000
165699,,,,,,,,,,,,,,,,,,,,0.511270,-0.364753,1.391248,,,,,,
165704,,,,,,,,,,,,,39.536488,41.768852,0.150361,0.166900,,,,,,,-0.079178,-0.003111,1.021262,-4.270000,-9.800000,10.780000
165710,,,,,,,,,,,,,,,,,,,,0.512521,-0.358511,1.394777,,,,,,
165713,,,,,,,,,,,,,,,,,,,,,,,-0.079178,-0.003111,1.021262,12.880000,-13.930000,18.690001
165714,,,,,,,,,,,,,39.874531,41.202129,0.150361,0.166900,,,,,,,,,,,,
165719,,,,,,,,,,,,,,,,,,,,0.513745,-0.352662,1.402009,,,,,,
165723,,,,,,,,,,,,,,,,,,,,,,,-0.072895,-0.015311,0.911096,-0.910000,-22.330000,19.950001
165724,,,,,,,,,,,,,39.568687,40.685726,0.150361,0.166900,,,,,,,,,,,,
165729,,,,0.473932,-0.341880,1.338930,0.601291,0.666193,,,,,,,,,,,,0.514928,-0.346479,1.401867,,,,,,
165731,,,,,,,,,,,36.105743,40.621220,,,,,0.003898,0.041022,-0.062720,,,,,,,,,
165734,,,,,,,,,,,,,38.777458,40.265774,0.144423,0.162485,,,,,,,,,,,,
165737,,,,,,,,,,,,,,,,,,,,,,,-0.072895,-0.015311,0.911096,15.610000,11.900000,26.320000
165745,,,,,,,,,,,,,38.675587,40.431877,0.144423,0.162485,,,,,,,,,,,,
165739,,,,,,,,,,,,,,,,,,,,0.516201,-0.340412,1.405632,,,,,,
165748,,,,,,,,,,,,,,,,,,,,,,,-0.080642,-0.002928,1.133380,10.920000,8.960000,29.400000
165749,,,,,,,,,,,,,,,,,,,,0.517459,-0.334077,1.413065,,,,,,
165753,,,,,,,,,,,,,,,,,,,,,,,-0.080642,-0.002928,1.133380,5.530000,12.880000,28.700001
165754,,,,,,,,,,,,,37.957581,40.037094,0.144423,0.162485,,,,,,,,,,,,
165759,,,,,,,,,,,,,,,,,,,,0.518647,-0.328059,1.420264,,,,,,
165763,,,,,,,,,,,,,,,,,,,,,,,-0.063562,0.039223,0.945805,1.330000,7.490000,26.040001
165764,,,,,,,,,,,,,37.961212,39.710915,0.144423,0.162485,,,,,,,,,,,,
165769,,,,,,,,,,,,,,,,,,,,0.519795,-0.321816,1.424095,,,,,,
165773,,,,,,,,,,,,,,,,,,,,,,,-0.063562,0.039223,0.945805,4.550000,14.770000,29.400000
165774,,,,,,,,,,,,,37.418861,39.438889,0.144423,0.162485,,,,,,,,,,,,
165779,,,,0.480088,-0.313463,1.376592,0.587784,0.724156,,,,,,,,,,,,,,,,,,,,
165781,,,,,,,,,,,34.684528,39.676071,,,,,0.002485,0.040410,-0.047135,,,,,,,,,
165780,,,,,,,,,,,,,,,,,,,,0.520793,-0.315764,1.427754,,,,,,
165788,,,,,,,,,,,,,37.058258,39.554199,0.138730,0.158705,,,,,,,,,,,,
165789,,,,,,,,,,,,,,,,,,,,0.521836,-0.309669,1.431626,,,,,,
165792,,,,,,,,,,,,,,,,,,,,,,,-0.088938,0.027511,1.013515,10.990000,2.380000,33.669998
165794,,,,,,,,,,,,,37.365791,38.582310,0.138730,0.158708,,,,,,,,,,,,
165797,,,,,,,,,,,,,,,,,,,,,,,-0.088938,0.027511,1.064633,15.260000,3.290000,34.790001
165800,,,,,,,,,,,,,,,,,,,,0.522867,-0.303792,1.438864,,,,,,
165803,,,,,,,,,,,,,,,,,,,,,,,-0.076982,0.012078,1.064633,6.370000,2.940000,33.110001
165804,,,,,,,,,,,,,36.919525,39.039097,0.138731,0.158706,,,,,,,,,,,,
165809,,,,,,,,,,,,,,,,,,,,0.523826,-0.297900,1.446341,,,,,,
165812,,,,,,,,,,,,,,,,,,,,,,,-0.076982,0.012078,1.064633,-10.080000,-2.170000,26.180000
165814,,,,,,,,,,,,,36.549561,38.881516,0.138732,0.158707,,,,,,,,,,,,
165819,,,,,,,,,,,,,,,,,,,,0.524642,-0.292023,1.449927,,,,,,
165823,,,,,,,,,,,,,,,,,,,,,,,-0.112606,0.062220,0.986858,-8.820000,4.340000,24.570000
165824,,,,,,,,,,,,,36.219547,38.728329,0.138733,0.158707,,,,,,,,,,,,
165829,,,,0.485031,-0.285393,1.416977,0.575555,0.780289,,,,,,,,,,,,0.525286,-0.286310,1.457044,,,,,,
165832,,,,,,,,,,,33.528091,38.990166,,,,,0.001800,0.040049,-0.032635,,,,,,,,,
165834,,,,,,,,,,,,,35.967239,38.627338,0.134081,0.155965,,,,,,,,,,,,
165838,,,,,,,,,,,,,,,,,,,,,,,-0.093513,0.036783,1.027667,-6.510000,-9.800000,25.549999
165845,,,,,,,,,,,,,35.843204,38.588718,0.134083,0.155966,,,,,,,,,,,,
165839,,,,,,,,,,,,,,,,,,,,0.525920,-0.280520,1.460755,,,,,,
165848,,,,,,,,,,,,,,,,,,,,,,,-0.093513,0.036783,1.027667,1.190000,-6.580000,32.410000
165849,,,,,,,,,,,,,,,,,,,,0.526618,-0.274949,1.464560,,,,,,
165853,,,,,,,,,,,,,,,,,,,,,,,-0.093513,0.036783,1.027667,-9.240000,-7.350000,33.669998
165854,,,,,,,,,,,,,35.526951,37.837029,0.134087,0.155975,,,,,,,,,,,,
165859,,,,,,,,,,,,,,,,,,,,0.527260,-0.269312,1.468284,,,,,,
165863,,,,,,,,,,,,,,,,,,,,,,,-0.103517,0.001586,1.076711,-4.060000,-13.860000,31.570000
165864,,,,,,,,,,,,,34.839767,37.882885,0.134096,0.155975,,,,,,,,,,,,
165869,,,,,,,,,,,,,,,,,,,,0.527878,-0.263924,1.475582,,,,,,
165873,,,,,,,,,,,,,,,,,,,,,,,-0.103517,0.001586,1.076711,-8.680000,-15.400000,33.389999
165874,,,,,,,,,,,,,34.786423,37.346901,0.134096,0.155981,,,,,,,,,,,,
165879,,,,0.488735,-0.257630,1.459830,0.564858,0.832483,,,,,,,,,,,,,,,,,,,,
165881,,,,,,,,,,,32.815777,38.761127,,,,,0.002474,0.039547,-0.015497,,,,,,,,,
165880,,,,,,,,,,,,,,,,,,,,0.528465,-0.258468,1.479324,,,,,,
165884,,,,,,,,,,,,,34.680634,37.376152,0.131217,0.155079,,,,,,,,,,,,
165887,,,,,,,,,,,,,,,,,,,,,,,-0.082655,0.027328,0.962092,10.010000,1.050000,40.320000
165890,,,,,,,,,,,,,,,,,,,,0.529151,-0.252982,1.486828,,,,,,
165893,,,,,,,,,,,,,,,,,,,,,,,-0.082655,0.027328,0.962092,10.010000,0.560000,41.160000
165894,,,,,,,,,,,,,34.173035,36.995796,0.131230,0.155088,,,,,,,,,,,,
165905,,,,,,,,,,,,,33.691906,36.560848,0.131242,0.155099,,,,,,,,,,,,
165899,,,,,,,,,,,,,,,,,,,,0.529823,-0.247494,1.494358,,,,,,
165908,,,,,,,,,,,,,,,,,,,,,,,-0.070699,-0.019825,1.012173,-4.410000,10.220000,40.320000
165910,,,,,,,,,,,,,,,,,,,,0.530379,-0.241970,1.501915,,,,,,
165913,,,,,,,,,,,,,,,,,,,,,,,-0.070699,0.050813,0.993080,6.510000,16.309999,41.230000
165914,,,,,,,,,,,,,33.263016,36.291275,0.131252,0.155105,,,,,,,,,,,,
165919,,,,,,,,,,,,,,,,,,,,0.530947,-0.236406,1.509579,,,,,,
165923,,,,,,,,,,,,,,,,,,,,,,,-0.055876,0.050813,0.993080,6.090000,12.670000,42.490002
165924,,,,,,,,,,,,,32.925419,36.570713,0.131260,0.155098,,,,,,,,,,,,
165929,,,,0.491181,-0.230126,1.504777,0.555936,0.878404,,,,,,,,,,,,0.531427,-0.230920,1.517278,,,,,,
165931,,,,,,,,,,,32.418640,38.762005,,,,,0.003802,0.040001,-0.004666,,,,,,,,,
165934,,,,,,,,,,,,,32.643356,36.259388,0.129668,0.155120,,,,,,,,,,,,
165937,,,,,,,,,,,,,,,,,,,,,,,-0.069723,0.027999,1.056642,2.590000,8.330000,42.560001
165940,,,,,,,,,,,,,,,,,,,,0.531888,-0.225556,1.524916,,,,,,
165943,,,,,,,,,,,,,,,,,,,,,,,-0.069723,0.027999,1.056642,5.040000,2.030000,43.259998
165944,,,,,,,,,,,,,32.395596,35.985844,0.129675,0.155128,,,,,,,,,,,,
165949,,,,,,,,,,,,,,,,,,,,0.532302,-0.220084,1.532583,,,,,,
165953,,,,,,,,,,,,,,,,,,,,,,,-0.068137,0.031842,0.990030,0.350000,-0.420000,43.470001
165954,,,,,,,,,,,,,32.188122,35.756786,0.129681,0.155134,,,,,,,,,,,,
165965,,,,,,,,,,,,,31.699593,35.728157,0.129695,0.155135,,,,,,,,,,,,
165959,,,,,,,,,,,,,,,,,,,,0.532577,-0.214927,1.540277,,,,,,
165968,,,,,,,,,,,,,,,,,,,,,,,-0.068137,0.031842,0.990030,-2.100000,-13.020000,45.080002
165969,,,,,,,,,,,,,,,,,,,,0.532927,-0.209678,1.548000,,,,,,
165973,,,,,,,,,,,,,,,,,,,,,,,-0.070638,0.038186,0.984113,4.060000,-7.910000,45.639999
165974,,,,,,,,,,,,,31.368395,35.932117,0.129705,0.155129,,,,,,,,,,,,
165979,,,,0.492353,-0.202831,1.551327,0.549005,0.915656,,,,,,,,,,,,0.533149,-0.204491,1.555584,,,,,,
165981,,,,,,,,,,,32.385445,39.049778,,,,,0.005902,0.040639,0.003133,,,,,,,,,
165984,,,,,,,,,,,,,31.331287,35.719860,0.129575,0.156305,,,,,,,,,,,,
165988,,,,,,,,,,,,,,,,,,,,,,,-0.070638,0.038186,0.984113,-2.030000,5.390000,45.500000
165989,,,,,,,,,,,,,,,,,,,,0.533347,-0.199199,1.563447,,,,,,
165993,,,,,,,,,,,,,,,,,,,,,,,-0.076616,0.040931,1.083238,3.150000,6.860000,45.779999
165994,,,,,,,,,,,,,31.294102,35.534641,0.129576,0.156311,,,,,,,,,,,,
166005,,,,,,,,,,,,,30.894064,35.476101,0.129589,0.156313,,,,,,,,,,,,
165999,,,,,,,,,,,,,,,,,,,,0.533505,-0.193980,1.570046,,,,,,
166008,,,,,,,,,,,,,,,,,,,,,,,-0.076616,0.040931,1.083238,-3.360000,0.630000,42.279999
166009,,,,,,,,,,,,,,,,,,,,0.533576,-0.188747,1.581643,,,,,,
166013,,,,,,,,,,,,,,,,,,,,,,,-0.074786,0.047763,1.017846,-1.610000,-4.830000,42.630001
166014,,,,,,,,,,,,,30.772003,35.821766,0.129593,0.156302,,,,,,,,,,,,
166019,,,,,,,,,,,,,,,,,,,,0.533689,-0.183668,1.585641,,,,,,
166023,,,,,,,,,,,,,,,,,,,,,,,-0.074786,0.047763,1.017846,-0.070000,-3.360000,42.910000
166024,,,,,,,,,,,,,30.825008,35.622040,0.129591,0.156308,,,,,,,,,,,,
166029,,,,0.492238,-0.175692,1.598888,0.544250,0.942026,,,,,,,,,,,,0.533671,-0.178665,1.597149,,,,,,
166031,,,,,,,,,,,32.646305,39.600296,,,,,0.008548,0.041258,0.012785,,,,,,,,,
166034,,,,,,,,,,,,,30.868118,34.904339,0.130652,0.158576,,,,,,,,,,,,
166037,,,,,,,,,,,,,,,,,,,,,,,-0.058926,0.023729,1.021933,-6.720000,-23.799999,51.939999
166039,,,,,,,,,,,,,,,,,,,,0.533631,-0.173690,1.604741,,,,,,
166043,,,,,,,,,,,,,,,,,,,,,,,-0.058926,0.023729,1.021933,-6.230000,-21.629999,53.830002
166044,,,,,,,,,,,,,30.363464,34.857300,0.130670,0.158578,,,,,,,,,,,,
166049,,,,,,,,,,,,,,,,,,,,0.533506,-0.168819,1.612300,,,,,,
166053,,,,,,,,,,,,,,,,,,,,,,,-0.069174,0.045079,1.070367,-5.740000,-26.530001,53.060001
166054,,,,,,,,,,,,,30.469374,34.797325,0.130666,0.158580,,,,,,,,,,,,
166066,,,,,,,,,,,,,30.390686,34.507599,0.130669,0.158591,,,,,,,,,,,,
166059,,,,,,,,,,,,,,,,,,,,0.533470,-0.163999,1.623894,,,,,,
166068,,,,,,,,,,,,,,,,,,,,,,,-0.069174,0.045079,1.070367,6.440000,-20.719999,61.950001
166069,,,,,,,,,,,,,,,,,,,,0.533468,-0.159181,1.631253,,,,,,
166073,,,,,,,,,,,,,,,,,,,,,,,-0.056913,0.013176,0.943609,8.750000,2.450000,63.560001
166074,,,,,,,,,,,,,30.099413,34.857296,0.130680,0.158578,,,,,,,,,,,,
166079,,,,0.490829,-0.148652,1.646795,0.541813,0.955742,,,,,,,,,,,,0.533394,-0.154162,1.642483,,,,,,
166081,,,,,,,,,,,33.595325,40.680481,,,,,0.012934,0.041869,0.015756,,,,,,,,,
166084,,,,,,,,,,,,,29.708282,34.807224,0.134540,0.162962,,,,,,,,,,,,
166088,,,,,,,,,,,,,,,,,,,,,,,-0.027450,0.039040,1.013942,7.840000,14.350000,55.930000
166089,,,,,,,,,,,,,,,,,,,,0.533220,-0.149074,1.653926,,,,,,
166093,,,,,,,,,,,,,,,,,,,,,,,-0.027450,0.039040,1.013942,9.170000,9.730000,62.509998
166094,,,,,,,,,,,,,29.397339,34.237686,0.134553,0.162985,,,,,,,,,,,,
166099,,,,,,,,,,,,,,,,,,,,0.533066,-0.144201,1.665168,,,,,,
166103,,,,,,,,,,,,,,,,,,,,,,,-0.027450,0.039040,1.013942,8.610000,0.490000,64.540001
166104,,,,,,,,,,,,,29.116676,34.284786,0.134564,0.162983,,,,,,,,,,,,
166109,,,,,,,,,,,,,,,,,,,,0.532761,-0.139192,1.676360,,,,,,
166113,,,,,,,,,,,,,,,,,,,,,,,-0.030134,0.045201,1.032059,-2.450000,-0.700000,60.200001
166114,,,,,,,,,,,,,28.886265,34.331585,0.134573,0.162981,,,,,,,,,,,,
166125,,,,,,,,,,,,,28.917934,34.012184,0.134572,0.162994,,,,,,,,,,,,
166119,,,,,,,,,,,,,,,,,,,,0.532375,-0.134303,1.687225,,,,,,
166128,,,,,,,,,,,,,,,,,,,,,,,-0.030134,0.076616,0.982039,1.680000,20.580000,61.950001
166130,,,,0.488124,-0.121650,1.694349,0.541787,0.955709,,,,,,,,,,,,,,,,,,,,
166132,,,,,,,,,,,34.885952,41.884975,,,,,0.017621,0.042411,0.008011,,,,,,,,,
166129,,,,,,,,,,,,,,,,,,,,0.531996,-0.129123,1.698439,,,,,,
166134,,,,,,,,,,,,,28.462687,33.929314,0.139786,0.167840,,,,,,,,,,,,
166137,,,,,,,,,,,,,,,,,,,,,,,0.002074,0.076616,0.982039,0.070000,24.360001,62.230000
166139,,,,,,,,,,,,,,,,,,,,0.531466,-0.123995,1.709598,,,,,,
166143,,,,,,,,,,,,,,,,,,,,,,,-0.031476,0.051728,1.057496,-1.050000,18.410000,62.160000
166144,,,,,,,,,,,,,28.324099,34.017616,0.139791,0.167836,,,,,,,,,,,,
166149,,,,,,,,,,,,,,,,,,,,0.530950,-0.118935,1.720572,,,,,,
166153,,,,,,,,,,,,,,,,,,,,,,,-0.031476,0.051728,1.057496,1.190000,-0.350000,61.529999
166154,,,,,,,,,,,,,28.229576,34.119522,0.139795,0.167832,,,,,,,,,,,,
166165,,,,,,,,,,,,,28.258097,34.215172,0.139794,0.167829,,,,,,,,,,,,
166159,,,,,,,,,,,,,,,,,,,,0.530352,-0.113931,1.727989,,,,,,
166168,,,,,,,,,,,,,,,,,,,,,,,-0.025681,0.054534,0.977220,-3.570000,-4.690000,53.900002
166169,,,,,,,,,,,,,,,,,,,,0.529629,-0.109081,1.738619,,,,,,
166174,,,,,,,,,,,,,28.619972,34.237705,0.139780,0.167828,,,,,,,-0.025681,0.054534,0.977220,-6.160000,-18.969999,56.490002
166179,,,,0.484123,-0.094624,1.740862,0.544213,0.941679,,,,,,,,,,,,0.528874,-0.104252,1.749601,,,,,,
166181,,,,,,,,,,,36.234051,43.084415,,,,,0.021849,0.042380,0.002409,,,,,,,,,
166184,,,,,,,,,,,,,28.460398,34.282047,0.145186,0.172621,,,,,,,,,,,,
166188,,,,,,,,,,,,,,,,,,,,,,,-0.013847,0.058133,1.066890,-8.610000,-9.660000,46.200001
166189,,,,,,,,,,,,,,,,,,,,0.528013,-0.099428,1.756546,,,,,,
166193,,,,,,,,,,,,,,,,,,,,,,,-0.013847,0.058133,1.066890,-11.760000,-0.210000,52.360001
166194,,,,,,,,,,,,,28.881516,34.328175,0.145173,0.172619,,,,,,,,,,,,
166200,,,,,,,,,,,,,,,,,,,,0.527036,-0.094395,1.764233,,,,,,
166202,,,,,,,,,,,,,,,,,,,,,,,0.000915,0.053558,0.970266,0.980000,5.110000,44.450001
166204,,,,,,,,,,,,,28.687075,34.366436,0.145179,0.172618,,,,,,,,,,,,
166209,,,,,,,,,,,,,,,,,,,,0.526116,-0.089356,1.774726,,,,,,
166213,,,,,,,,,,,,,,,,,,,,,,,0.000915,0.053558,0.970266,-5.740000,8.050000,47.459999
166214,,,,,,,,,,,,,29.069262,33.847874,0.145167,0.172635,,,,,,,,,,,,
166225,,,,,,,,,,,,,29.011065,34.043385,0.145168,0.172628,,,,,,,,,,,,
166219,,,,,,,,,,,,,,,,,,,,0.525162,-0.084302,1.782104,,,,,,
166227,,,,,,,,,,,,,,,,,,,,,,,0.002013,0.010797,1.065914,1.260000,-10.010000,50.750000
166229,,,,0.478833,-0.067513,1.785696,0.549078,0.914289,,,,,,,,,,,,,,,,,,,,
166231,,,,,,,,,,,37.749210,44.451416,,,,,0.026123,0.041743,0.003473,,,,,,,,,
166230,,,,,,,,,,,,,,,,,,,,0.524144,-0.079272,1.789073,,,,,,
166234,,,,,,,,,,,,,29.176670,34.006710,0.151272,0.178141,,,,,,,,,,,,
166237,,,,,,,,,,,,,,,,,,,,,,,0.002013,0.010797,1.011014,-1.680000,-0.140000,48.790001
166239,,,,,,,,,,,,,,,,,,,,0.523085,-0.074244,1.799704,,,,,,
166242,,,,,,,,,,,,,,,,,,,,,,,-0.010187,0.035075,1.011014,0.490000,0.980000,53.900002
166244,,,,,,,,,,,,,29.495642,34.109238,0.151262,0.178138,,,,,,,,,,,,
166249,,,,,,,,,,,,,,,,,,,,0.522070,-0.069062,1.810280,,,,,,
166253,,,,,,,,,,,,,,,,,,,,,,,-0.010187,0.035075,1.011014,5.180000,18.690001,53.340000
166254,,,,,,,,,,,,,29.201153,34.178913,0.151271,0.178136,,,,,,,,,,,,
166259,,,,,,,,,,,,,,,,,,,,0.520949,-0.063864,1.820813,,,,,,
166263,,,,,,,,,,,,,,,,,,,,,,,0.023424,0.023363,0.912621,0.210000,23.590000,54.250000
166264,,,,,,,,,,,,,29.504290,34.240849,0.151262,0.178134,,,,,,,,,,,,
166269,,,,,,,,,,,,,,,,,,,,0.519788,-0.058414,1.828121,,,,,,
166272,,,,,,,,,,,,,,,,,,,,,,,0.023424,0.023363,0.912621,2.940000,22.680000,52.500000
166274,,,,,,,,,,,,,29.746960,34.826088,0.151254,0.178115,,,,,,,,,,,,
166279,,,,0.472264,-0.040252,1.828302,0.556314,0.874969,,,,,,,,,,,,,,,,,,,,
166281,,,,,,,,,,,39.277596,45.718281,,,,,0.029694,0.041269,0.000216,,,,,,,,,
166280,,,,,,,,,,,,,,,,,,,,0.518578,-0.053192,1.838377,,,,,,
166298,,,,,,,,,,,,,,,0.157352,0.183154,,,,,,,,,,,,
166299,,,,,,,,,,,,,29.944342,34.888184,,,,,,0.516003,-0.042662,1.855719,,,,,,
166290,,,,,,,,,,,,,,,,,,,,0.517350,-0.047802,1.845427,,,,,,
166303,,,,,,,,,,,,,,,,,,,,,,,0.007076,0.034343,0.994056,3.640000,-0.280000,55.439999
166304,,,,,,,,,,,,,30.146458,35.296463,0.157347,0.183143,,,,,,,,,,,,
166309,,,,,,,,,,,,,,,,,,,,,,,0.006100,0.034343,0.994056,8.470000,-3.220000,56.209999
166310,,,,,,,,,,,,,,,,,,,,0.514651,-0.037380,1.866049,,,,,,
166314,,,,,,,,,,,,,30.221437,35.633808,0.157345,0.183135,,,,,,,0.006100,0.041602,1.063169,8.540000,-5.040000,54.740002
166319,,,,,,,,,,,,,,,,,,,,,,,-0.015372,0.041602,1.063169,7.280000,-3.990000,56.560001
166320,,,,,,,,,,,,,,,,,,,,0.513278,-0.032116,1.876360,,,,,,
166324,,,,,,,,,,,,,30.741447,35.826729,0.157332,0.183130,,,,,,,-0.015372,0.041602,1.063169,-1.400000,-7.210000,52.430000
166329,,,,0.464429,-0.012776,1.868245,0.565811,0.825749,,,,,,,,,,,,0.511840,-0.026927,1.886645,,,,,,
166332,,,,,,,,,,,40.976929,47.032398,,,,,0.033158,0.040684,-0.007885,,,,,,,,,
166334,,,,,,,,,,,,,31.045946,35.900269,0.164078,0.188321,,,,,,,,,,,,
166338,,,,,,,,,,,,,,,,,,,,,,,-0.004941,0.062952,0.990335,-2.030000,3.150000,51.380001
166339,,,,,,,,,,,,,,,,,,,,0.510240,-0.021583,1.893221,,,,,,
166345,,,,,,,,,,,,,31.022110,36.086548,0.164079,0.188318,,,,,,,,,,,,
166348,,,,,,,,,,,,,,,,,,,,,,,-0.004941,0.062952,0.990335,0.910000,0.070000,49.770000
166349,,,,,,,,,,,,,,,,,,,,0.508672,-0.016269,1.903554,,,,,,
166353,,,,,,,,,,,,,,,,,,,,,,,-0.016348,0.033550,1.143018,-1.610000,-9.380000,50.259998
166354,,,,,,,,,,,,,31.717777,37.226944,0.164067,0.188298,,,,,,,,,,,,
166359,,,,,,,,,,,,,,,,,,,,0.507023,-0.011004,1.910456,,,,,,
166363,,,,,,,,,,,,,,,,,,,,,,,-0.016348,0.033550,1.143018,-6.020000,-20.719999,41.720001
166364,,,,,,,,,,,,,31.633730,37.368340,0.164068,0.188296,,,,,,,,,,,,
166369,,,,,,,,,,,,,,,,,,,,0.505300,-0.006040,1.916803,,,,,,
166373,,,,,,,,,,,,,,,,,,,,,,,0.011407,0.067710,0.965752,-7.700000,-37.450001,46.759998
166374,,,,,,,,,,,,,32.093266,37.466030,0.164060,0.188294,,,,,,,,,,,,
166379,,,,0.455348,0.014975,1.905207,0.577417,0.769005,,,,,,,,,,,,0.503584,-0.000926,1.926821,,,,,,
166381,,,,,,,,,,,42.818932,48.489037,,,,,0.036677,0.039762,-0.012220,,,,,,,,,
166388,,,,,,,,,,,,,32.493801,37.406628,0.171347,0.194033,,,,,,,,,,,,
166390,,,,,,,,,,,,,,,,,,,,0.501783,0.004305,1.933416,,,,,,
166393,,,,,,,,,,,,,,,,,,,,,,,0.011407,0.024522,1.001803,-6.580000,0.000000,49.700001
166394,,,,,,,,,,,,,31.883440,36.925724,0.171351,0.194036,,,,,,,,,,,,
166398,,,,,,,,,,,,,,,,,,,,,,,0.015616,0.024522,1.001803,-5.250000,13.020000,43.680000
166399,,,,,,,,,,,,,,,,,,,,0.499736,0.009793,1.940248,,,,,,
166403,,,,,,,,,,,,,,,,,,,,,,,0.015616,0.024522,1.001803,-9.450000,10.290000,41.580002
166404,,,,,,,,,,,,,32.317177,37.108799,0.171348,0.194035,,,,,,,,,,,,
166409,,,,,,,,,,,,,,,,,,,,0.497573,0.015228,1.950699,,,,,,
166413,,,,,,,,,,,,,,,,,,,,,,,0.040321,0.064111,0.984967,-9.170000,7.560000,48.860001
166414,,,,,,,,,,,,,32.686001,37.267105,0.171346,0.194034,,,,,,,,,,,,
166419,,,,,,,,,,,,,,,,,,,,0.495527,0.020781,1.957108,,,,,,
166423,,,,,,,,,,,,,,,,,,,,,,,0.040321,0.064111,0.984967,11.060000,-0.560000,41.720001
166424,,,,,,,,,,,,,32.969299,37.370567,0.171344,0.194033,,,,,,,,,,,,
166429,,,,0.445042,0.043066,1.938997,0.590951,0.707194,,,,,,,,,,,,0.493520,0.026345,1.963773,,,,,,
166431,,,,,,,,,,,44.683857,49.901730,,,,,0.039680,0.038322,-0.018089,,,,,,,,,
166434,,,,,,,,,,,,,33.220871,37.472149,0.178755,0.199628,,,,,,,,,,,,
166437,,,,,,,,,,,,,,,,,,,,,,,0.027328,-0.012627,0.979294,-11.270000,30.450001,43.330002
166439,,,,,,,,,,,,,,,,,,,,0.491233,0.031979,1.973891,,,,,,
166445,,,,,,,,,,,,,,,0.178754,0.199627,,,,,,,,,,,,
166446,,,,,,,,,,,,,33.681053,38.212917,,,,,,,,,,,,,,
166448,,,,,,,,,,,,,,,,,,,,,,,0.027328,-0.012627,0.979294,-8.330000,16.170000,32.410000
166449,,,,,,,,,,,,,,,,,,,,0.488848,0.037794,1.977375,,,,,,
166453,,,,,,,,,,,,,,,,,,,,,,,0.013786,0.066124,1.047187,-2.030000,11.970000,34.860001
166454,,,,,,,,,,,,,34.152863,38.611931,0.178753,0.199626,,,,,,,,,,,,
166459,,,,,,,,,,,,,,,,,,,,0.486629,0.043337,1.987298,,,,,,
166463,,,,,,,,,,,,,,,,,,,,,,,0.013786,0.066124,1.047187,9.870000,0.490000,38.570000
166464,,,,,,,,,,,,,34.756893,38.508755,0.178752,0.199626,,,,,,,,,,,,
166469,,,,,,,,,,,,,,,,,,,,0.484284,0.049082,1.990796,,,,,,
166473,,,,,,,,,,,,,,,,,,,,,,,0.020130,-0.005612,1.059753,8.050000,-5.040000,34.720001
166474,,,,,,,,,,,,,34.731579,38.985821,0.178752,0.199626,,,,,,,,,,,,
166479,,,,0.433537,0.071553,1.969528,0.606214,0.642642,,,,,,,,,,,,0.482019,0.054773,1.997280,,,,,,
166481,,,,,,,,,,,46.268963,51.058613,,,,,0.041293,0.037085,-0.021635,,,,,,,,,
166488,,,,,,,,,,,,,35.487663,39.067181,0.185076,0.204234,,,,,,,,,,,,
166489,,,,,,,,,,,,,,,,,,,,0.479584,0.060438,2.003745,,,,,,
166492,,,,,,,,,,,,,,,,,,,,,,,0.030073,0.038613,0.966118,-0.140000,14.350000,35.980000
166494,,,,,,,,,,,,,35.348663,39.275360,0.185076,0.204234,,,,,,,,,,,,
166497,,,,,,,,,,,,,,,,,,,,,,,0.030073,0.038613,0.966118,13.090000,12.110000,38.849998
166500,,,,,,,,,,,,,,,,,,,,0.477102,0.066342,2.010400,,,,,,
166503,,,,,,,,,,,,,,,,,,,,,,,0.030073,0.038613,0.966118,17.920000,4.480000,33.320000
166504,,,,,,,,,,,,,35.781250,39.634163,0.185076,0.204234,,,,,,,,,,,,
166510,,,,,,,,,,,,,,,,,,,,0.474594,0.072137,2.016818,,,,,,
166513,,,,,,,,,,,,,,,,,,,,,,,0.017995,0.020740,1.067805,-8.470000,-13.930000,32.060001
166514,,,,,,,,,,,,,36.130047,40.467106,0.185076,0.204234,,,,,,,,,,,,
166519,,,,,,,,,,,,,,,,,,,,0.472049,0.077757,2.023253,,,,,,
166523,,,,,,,,,,,,,,,,,,,,,,,0.017995,0.020740,1.067805,5.110000,-7.070000,24.219999
166524,,,,,,,,,,,,,36.428982,40.626289,0.185076,0.204234,,,,,,,,,,,,
166529,,,,0.420865,0.100495,1.996810,0.622988,0.577397,,,,,,,,,,,,0.469361,0.083562,2.026264,,,,,,
166531,,,,,,,,,,,47.946369,52.281658,,,,,0.042863,0.035974,-0.026903,,,,,,,,,
166534,,,,,,,,,,,,,37.212761,40.744373,0.191785,0.209127,,,,,,,,,,,,
166537,,,,,,,,,,,,,,,,,,,,,,,0.010309,0.045506,1.055361,9.940000,-18.969999,33.669998
166545,,,,,,,,,,,,,37.644978,41.103718,0.191785,0.209127,,,,,,,,,,,,
166539,,,,,,,,,,,,,,,,,,,,0.466747,0.089330,2.032908,,,,,,
166548,,,,,,,,,,,,,,,,,,,,,,,0.010309,0.045506,0.951539,4.690000,-1.260000,28.209999
166549,,,,,,,,,,,,,,,,,,,,0.463994,0.095068,2.039309,,,,,,
166553,,,,,,,,,,,,,,,,,,,,,,,0.022631,0.027694,0.951539,-11.060000,9.240000,31.500000
166554,,,,,,,,,,,,,37.948742,41.486351,0.191785,0.209127,,,,,,,,,,,,
166559,,,,,,,,,,,,,,,,,,,,0.460978,0.101177,2.042877,,,,,,
166563,,,,,,,,,,,,,,,,,,,,,,,0.040748,0.058499,1.051274,-12.740000,4.830000,26.809999
166564,,,,,,,,,,,,,37.938667,41.461449,0.191785,0.209127,,,,,,,,,,,,
166573,,,,,,,,,,,,,,,,,,,,,,,0.040748,0.058499,1.051274,-9.380000,-2.170000,25.830000
166570,,,,,,,,,,,,,,,,,,,,0.457977,0.107061,2.049285,,,,,,
166574,,,,,,,,,,,,,38.502171,41.466240,0.191785,0.209127,,,,,,,,,,,,
166579,,,,0.407058,0.129947,2.020927,0.641057,0.513135,,,,,,,,,,,,0.454960,0.113092,2.052522,,,,,,
166581,,,,,,,,,,,49.520489,53.458664,,,,,0.043794,0.034601,-0.028439,,,,,,,,,
166584,,,,,,,,,,,,,38.972992,41.466961,0.198082,0.213835,,,,,,,,,,,,
166588,,,,,,,,,,,,,,,,,,,,,,,0.025620,0.004758,0.947818,11.760000,25.549999,24.850000
166590,,,,,,,,,,,,,,,,,,,,0.451951,0.119344,2.055732,,,,,,
166593,,,,,,,,,,,,,,,,,,,,,,,0.025620,0.004758,0.947818,9.660000,20.020000,21.559999
166594,,,,,,,,,,,,,39.375107,42.022133,0.198082,0.213835,,,,,,,,,,,,
166605,,,,,,,,,,,,,40.046925,42.768185,0.198082,0.213835,,,,,,,,,,,,
166599,,,,,,,,,,,,,,,,,,,,0.448861,0.125576,2.059170,,,,,,
166609,,,,,,,,,,,,,,,,,,,,0.445769,0.131743,2.062190,0.022204,0.007869,1.027362,1.890000,-5.530000,18.129999
166614,,,,,,,,,,,,,40.464577,42.754242,0.198082,0.213835,,,,,,,0.022204,0.007869,1.027362,1.050000,-9.100000,18.480000
166619,,,,,,,,,,,,,,,,,,,,0.442699,0.137961,2.068750,,,,,,
166623,,,,,,,,,,,,,,,,,,,,,,,0.013542,0.014152,1.051762,15.400000,-4.480000,28.490000
166624,,,,,,,,,,,,,40.621513,43.095924,0.198082,0.213835,,,,,,,,,,,,
166629,,,,0.392154,0.159955,2.042018,0.660199,0.451149,,,,,,,,,,,,0.439593,0.144258,2.071707,,,,,,
166631,,,,,,,,,,,50.805801,54.425129,,,,,0.043542,0.033799,-0.026963,,,,,,,,,
166634,,,,,,,,,,,,,41.287857,43.369823,0.203223,0.217701,,,,,,,,,,,,
166637,,,,,,,,,,,,,,,,,,,,,,,0.013542,0.014152,1.051762,-5.460000,1.470000,24.639999
166639,,,,,,,,,,,,,,,,,,,,0.436351,0.150369,2.075023,,,,,,
166643,,,,,,,,,,,,,,,,,,,,,,,0.021838,0.044957,1.008330,-0.770000,0.140000,26.459999
166644,,,,,,,,,,,,,41.871433,43.623199,0.203223,0.217701,,,,,,,,,,,,
166649,,,,,,,,,,,,,,,,,,,,0.433053,0.156718,2.078234,,,,,,
166653,,,,,,,,,,,,,,,,,,,,,,,0.021838,0.044957,1.008330,0.490000,2.520000,15.470000
166654,,,,,,,,,,,,,41.823151,44.395844,0.203223,0.217701,,,,,,,,,,,,
166665,,,,,,,,,,,,,42.431259,44.595924,0.203223,0.217701,,,,,,,,,,,,
166659,,,,,,,,,,,,,,,,,,,,0.429644,0.163016,2.081465,,,,,,
166668,,,,,,,,,,,,,,,,,,,,,,,0.020130,0.026657,1.076650,-10.500000,-14.770000,9.730000
166669,,,,,,,,,,,,,,,,,,,,0.426114,0.169344,2.084898,,,,,,
166673,,,,,,,,,,,,,,,,,,,,,,,0.020130,0.026657,1.076650,-6.090000,-11.130000,4.620000
166674,,,,,,,,,,,,,43.253460,45.074810,0.203223,0.217701,,,,,,,,,,,,
166679,,,,0.376193,0.190567,2.060260,0.680196,0.392372,,,,,,,,,,,,0.422723,0.175510,2.084600,,,,,,
166681,,,,,,,,,,,52.063793,55.395077,,,,,0.043033,0.032962,-0.024669,,,,,,,,,
166684,,,,,,,,,,,,,43.531765,45.613350,0.208255,0.221580,,,,,,,,,,,,
166688,,,,,,,,,,,,,,,,,,,,,,,0.002684,0.014518,1.020774,0.000000,-20.930000,8.610000
166689,,,,,,,,,,,,,,,,,,,,0.419199,0.181836,2.087803,,,,,,
166693,,,,,,,,,,,,,,,,,,,,,,,0.002684,0.014518,1.020774,-16.730000,-12.670000,5.740000
166694,,,,,,,,,,,,,43.770973,45.522419,0.208255,0.221580,,,,,,,,,,,,
166699,,,,,,,,,,,,,,,,,,,,0.415742,0.188060,2.087831,,,,,,
166703,,,,,,,,,,,,,,,,,,,,,,,0.032635,0.013359,0.985028,-1.680000,-1.820000,14.770000
166704,,,,,,,,,,,,,43.949966,45.423634,0.208255,0.221580,,,,,,,,,,,,
166710,,,,,,,,,,,,,,,,,,,,0.411946,0.194734,2.087582,,,,,,
166713,,,,,,,,,,,,,,,,,,,,,,,0.032635,0.013359,0.985028,-6.930000,-1.610000,8.400000
166714,,,,,,,,,,,,,44.656841,45.348404,0.208255,0.221580,,,,,,,,,,,,
166724,,,,,,,,,,,,,44.967922,45.549801,0.208255,0.221580,,,,,,,,,,,,
166719,,,,,,,,,,,,,,,,,,,,0.408336,0.201174,2.091032,,,,,,
166728,,,,,,,,,,,,,,,,,,,,,,,0.046482,0.007381,0.923479,-2.100000,39.200001,6.580000
166729,,,,0.359219,0.221822,2.075854,0.700836,0.337413,,,,,,,,,,,,,,,,,,,,
166731,,,,,,,,,,,53.251644,56.440220,,,,,0.042335,0.032330,-0.015102,,,,,,,,,
166730,,,,,,,,,,,,,,,,,,,,0.404531,0.208047,2.091234,,,,,,
166734,,,,,,,,,,,,,45.213867,46.270988,0.213007,0.225761,,,,,,,,,,,,
166737,,,,,,,,,,,,,,,,,,,,,,,0.046482,-0.014640,1.076467,-0.350000,24.570000,4.690000
166739,,,,,,,,,,,,,,,,,,,,0.400646,0.214918,2.094516,,,,,,
166743,,,,,,,,,,,,,,,,,,,,,,,0.025193,-0.014640,1.076467,0.140000,13.370000,-1.610000
166744,,,,,,,,,,,,,45.184132,46.622917,0.213007,0.225761,,,,,,,,,,,,
166749,,,,,,,,,,,,,,,,,,,,0.396856,0.221638,2.094716,,,,,,
166753,,,,,,,,,,,,,,,,,,,,,,,0.025193,-0.014640,1.005097,-14.070000,-8.470000,2.520000
166754,,,,,,,,,,,,,46.249454,46.911278,0.213007,0.225761,,,,,,,,,,,,
166765,,,,,,,,,,,,,46.470387,47.027245,0.213007,0.225761,,,,,,,,,,,,
166759,,,,,,,,,,,,,,,,,,,,0.392972,0.228391,2.094638,,,,,,
166768,,,,,,,,,,,,,,,,,,,,,,,-0.008540,0.010187,1.005097,11.970000,-13.440000,5.040000
166769,,,,,,,,,,,,,,,,,,,,0.389349,0.235007,2.097731,,,,,,
166773,,,,,,,,,,,,,,,,,,,,,,,0.007381,-0.040077,1.119289,-1.680000,-11.970000,4.410000
166774,,,,,,,,,,,,,46.881077,47.349617,0.213007,0.225761,,,,,,,,,,,,
166779,,,,0.341278,0.253756,2.089014,0.721915,0.286623,,,,,,,,,,,,0.385596,0.241749,2.094430,,,,,,
166781,,,,,,,,,,,54.140293,57.179348,,,,,,,,,,,,,,,,
166782,,,,,,,,,,,,,,,,,0.040451,0.032092,-0.008499,,,,,,,,,
166784,,,,,,,,,,,,,47.125397,48.068176,0.216561,0.228717,,,,,,,,,,,,
166788,,,,,,,,,,,,,,,,,,,,,,,0.007381,-0.040077,1.119289,-0.420000,3.010000,4.550000
166789,,,,,,,,,,,,,,,,,,,,0.381808,0.248673,2.097731,,,,,,
166793,,,,,,,,,,,,,,,,,,,,,,,0.008479,-0.001952,0.977647,2.660000,2.940000,2.800000
166794,,,,,,,,,,,,,47.877857,48.122677,0.216561,0.228717,,,,,,,,,,,,
166799,,,,,,,,,,,,,,,,,,,,0.377993,0.255389,2.094407,,,,,,
166803,,,,,,,,,,,,,,,,,,,,,,,0.008479,-0.001952,0.977647,-12.460000,-4.550000,-4.620000
166804,,,,,,,,,,,,,47.954819,48.708694,0.216561,0.228717,,,,,,,,,,,,
166809,,,,,,,,,,,,,,,,,,,,0.373956,0.262336,2.094407,,,,,,
166813,,,,,,,,,,,,,,,,,,,,,,,-0.004453,-0.003416,1.098000,6.160000,-10.220000,-6.370000
166814,,,,,,,,,,,,,48.024979,48.659290,0.216561,0.228717,,,,,,,,,,,,
166827,,,,,,,,,,,,,48.513435,49.047146,0.216561,0.228717,,,,,,,,,,,,
166819,,,,,,,,,,,,,,,,,,,,0.370111,0.269124,2.094537,,,,,,
166830,,,,0.322421,0.286396,2.099956,0.743236,0.240144,,,,,,,,,,,,,,,,,,,,
166832,,,,,,,,,,,55.029011,58.086433,,,,,0.038831,0.032581,0.004769,,,,,,,,,
166829,,,,,,,,,,,,,,,,,,,,0.366341,0.275696,2.094372,,,,,,
166834,,,,,,,,,,,,,49.255783,48.937885,0.220116,0.232346,,,,,,,,,,,,
166835,,,,,,,,,,,,,,,,,,,,,,,-0.004453,-0.003416,1.098000,-16.730000,-31.010000,-3.290000
166840,,,,,,,,,,,,,,,,,,,,,,,-0.003111,-0.002257,1.020774,-12.810000,-25.480000,-0.980000
166839,,,,,,,,,,,,,,,,,,,,0.362352,0.282531,2.094083,,,,,,
166844,,,,,,,,,,,,,49.123474,48.855995,0.220116,0.232346,,,,,,,,,,,,
166846,,,,,,,,,,,,,,,,,,,,,,,-0.003111,-0.002257,1.020774,-4.480000,-13.300000,0.980000
166849,,,,,,,,,,,,,,,,,,,,0.358448,0.289358,2.090885,,,,,,
166852,,,,,,,,,,,,,,,,,,,,,,,0.023119,-0.024766,0.919392,-0.630000,11.410000,-4.130000
166854,,,,,,,,,,,,,49.568996,49.343937,0.220116,0.232346,,,,,,,,,,,,
166859,,,,,,,,,,,,,,,,,,,,0.354385,0.296638,2.091006,,,,,,
166863,,,,,,,,,,,,,,,,,,,,,,,0.023119,-0.024766,0.919392,10.010000,10.570000,-3.640000
166864,,,,,,,,,,,,,49.904182,49.168362,0.220116,0.232346,,,,,,,,,,,,
166869,,,,,,,,,,,,,,,,,,,,0.350468,0.303704,2.091122,,,,,,
166873,,,,,,,,,,,,,,,,,,,,,,,0.020130,-0.053924,1.014613,7.210000,10.710000,-7.490000
166874,,,,,,,,,,,,,50.210133,49.591015,0.220116,0.232346,,,,,,,,,,,,
166879,,,,0.302698,0.319766,2.108893,0.764608,0.197971,,,,,,,,,,,,0.346432,0.311084,2.087805,,,,,,
166881,,,,,,,,,,,56.020741,59.135838,,,,,0.037653,0.033446,0.017896,,,,,,,,,
166888,,,,,,,,,,,,,50.364010,49.843086,0.224083,0.236543,,,,,,,,,,,,
166889,,,,,,,,,,,,,,,,,,,,0.342516,0.318293,2.087975,,,,,,
166892,,,,,,,,,,,,,,,,,,,,,,,0.020130,-0.023363,1.014613,20.580000,12.320000,-1.190000
166894,,,,,,,,,,,,,50.866188,50.427883,0.224083,0.236543,,,,,,,,,,,,
166897,,,,,,,,,,,,,,,,,,,,,,,0.012200,-0.023363,1.014613,4.480000,14.840000,-5.530000
166899,,,,,,,,,,,,,,,,,,,,0.338503,0.325647,2.087947,,,,,,
166903,,,,,,,,,,,,,,,,,,,,,,,0.012200,-0.023363,1.014613,1.540000,17.500000,-5.670000
166904,,,,,,,,,,,,,51.014603,50.645813,0.224083,0.236543,,,,,,,,,,,,
166909,,,,,,,,,,,,,,,,,,,,0.334499,0.333160,2.088034,,,,,,
166913,,,,,,,,,,,,,,,,,,,,,,,0.017568,-0.034343,1.016565,12.040000,21.629999,0.350000
166914,,,,,,,,,,,,,51.149406,50.839108,0.224083,0.236543,,,,,,,,,,,,
166925,,,,,,,,,,,,,51.588821,51.327736,0.224083,0.236543,,,,,,,,,,,,
166919,,,,,,,,,,,,,,,,,,,,0.330482,0.340612,2.088100,,,,,,
166928,,,,,,,,,,,,,,,,,,,,,,,0.017568,-0.034343,1.016565,0.420000,4.550000,-4.340000
166930,,,,0.282167,0.353879,2.115618,0.785848,0.159984,,,,,,,,,,,,,,,,,,,,
166932,,,,,,,,,,,56.705322,59.912029,,,,,0.035474,0.035349,0.027473,,,,,,,,,
166929,,,,,,,,,,,,,,,,,,,,0.326284,0.348098,2.084898,,,,,,
166934,,,,,,,,,,,,,51.226402,51.608231,0.226821,0.239648,,,,,,,,,,,,
166938,,,,,,,,,,,,,,,,,,,,,,,-0.005856,-0.000793,1.084824,15.610000,-10.710000,-6.300000
166940,,,,,,,,,,,,,,,,,,,,0.322446,0.355267,2.084808,,,,,,
166943,,,,,,,,,,,,,,,,,,,,,,,-0.005856,-0.000793,1.084824,12.390000,-14.490000,-3.570000
166944,,,,,,,,,,,,,51.891930,51.663822,0.226821,0.239648,,,,,,,,,,,,
166950,,,,,,,,,,,,,,,,,,,,0.318363,0.362739,2.084831,,,,,,
166953,,,,,,,,,,,,,,,,,,,,,,,-0.022448,-0.028182,1.041270,4.760000,-28.000000,0.280000
166954,,,,,,,,,,,,,51.898373,51.706444,0.226821,0.239648,,,,,,,,,,,,
166959,,,,,,,,,,,,,,,,,,,,0.314463,0.369902,2.084600,,,,,,
166963,,,,,,,,,,,,,,,,,,,,,,,-0.022448,-0.028182,1.041270,-0.980000,-23.870001,2.310000
166964,,,,,,,,,,,,,52.436977,52.275490,0.226821,0.239648,,,,,,,,,,,,
166969,,,,,,,,,,,,,,,,,,,,0.310464,0.377280,2.084476,,,,,,
166973,,,,,,,,,,,,,,,,,,,,,,,0.017873,-0.003538,0.988749,9.380000,15.050000,7.630000
166974,,,,,,,,,,,,,52.342880,52.207005,0.226821,0.239648,,,,,,,,,,,,
166979,,,,0.261102,0.388658,2.113249,0.806345,0.067254,,,,,,,,,,,,0.306415,0.384912,2.084548,,,,,,
166981,,,,,,,,,,,57.789162,60.661793,,,,,0.034156,0.037328,0.028569,,,,,,,,,
166988,,,,,,,,,,,,,52.785145,52.273369,0.231157,0.242647,,,,,,,,,,,,
166989,,,,,,,,,,,,,,,,,,,,0.302274,0.392664,2.087777,,,,,,
166993,,,,,,,,,,,,,,,,,,,,,,,0.019337,-0.032574,0.962458,9.730000,10.430000,6.650000
166994,,,,,,,,,,,,,52.352646,52.804176,0.231157,0.242647,,,,,,,,,,,,
166998,,,,,,,,,,,,,,,,,,,,,,,0.019337,-0.032574,0.962458,5.180000,0.070000,-0.210000
166999,,,,,,,,,,,,,,,,,,,,0.298129,0.400337,2.087873,,,,,,
167003,,,,,,,,,,,,,,,,,,,,,,,-0.020679,0.008113,1.022604,-4.200000,-4.550000,-3.850000
167004,,,,,,,,,,,,,52.837780,53.217697,0.231157,0.242647,,,,,,,,,,,,
167010,,,,,,,,,,,,,,,,,,,,0.294063,0.407896,2.087751,,,,,,
167013,,,,,,,,,,,,,,,,,,,,,,,-0.020679,0.008113,1.022604,17.570000,-15.820000,0.980000
167014,,,,,,,,,,,,,53.216816,53.536476,0.231157,0.242647,,,,,,,,,,,,
167019,,,,,,,,,,,,,,,,,,,,0.289915,0.415456,2.087651,,,,,,
167023,,,,,,,,,,,,,,,,,,,,,,,0.009943,0.001891,1.048712,-2.800000,-16.170000,3.430000
167024,,,,,,,,,,,,,53.530457,53.799419,0.231157,0.242647,,,,,,,,,,,,
167029,,,,0.240150,0.423872,2.100058,0.818190,-0.158045,,,,,,,,,,,,,,,,,,,,
167031,,,,,,,,,,,58.636879,60.124294,,,,,0.031922,0.039024,0.012456,,,,,,,,,
167030,,,,,,,,,,,,,,,,,,,,0.285736,0.423191,2.087624,,,,,,
167034,,,,,,,,,,,,,53.798752,54.025059,0.234548,0.240497,,,,,,,,,,,,
167037,,,,,,,,,,,,,,,,,,,,,,,0.009943,0.001891,1.048712,-3.010000,15.470000,2.170000
167045,,,,,,,,,,,,,53.866444,54.056858,0.234548,0.240497,,,,,,,,,,,,
167039,,,,,,,,,,,,,,,,,,,,0.281548,0.430813,2.091050,,,,,,
167048,,,,,,,,,,,,,,,,,,,,,,,0.013847,0.011773,1.009001,-16.309999,-1.050000,-9.660000
167049,,,,,,,,,,,,,,,,,,,,0.277019,0.438618,2.087680,,,,,,
167054,,,,,,,,,,,,,54.325916,54.486130,0.234548,0.240497,,,,,,,0.013847,0.011773,1.009001,11.480000,-9.660000,-4.270000
167059,,,,,,,,,,,,,,,,,,,,0.272903,0.446311,2.087680,,,,,,
167063,,,,,,,,,,,,,,,,,,,,,,,-0.018910,-0.016714,1.092510,-26.600000,-19.809999,-16.660000
167064,,,,,,,,,,,,,54.471577,54.606380,0.234548,0.240497,,,,,,,,,,,,
167070,,,,,,,,,,,,,,,,,,,,0.268513,0.453773,2.084476,,,,,,
167073,,,,,,,,,,,,,,,,,,,,,,,-0.018910,-0.016714,1.092510,-10.920000,-24.430000,-10.150000
167074,,,,,,,,,,,,,54.624195,54.737617,0.234548,0.240497,,,,,,,,,,,,
167079,,,,0.219953,0.459283,2.076444,0.819089,-0.368056,,,,,,,,,,,,0.264338,0.461032,2.081172,,,,,,
167081,,,,,,,,,,,58.576908,58.578960,,,,,0.028670,0.039540,-0.008379,,,,,,,,,
167088,,,,,,,,,,,,,55.144318,54.441181,0.234308,0.234316,,,,,,,,,,,,
167089,,,,,,,,,,,,,,,,,,,,0.259954,0.469045,2.081172,,,,,,
167093,,,,,,,,,,,,,,,,,,,,,,,0.006588,0.002867,0.963068,7.210000,25.129999,-12.880000
167094,,,,,,,,,,,,,55.141891,54.550270,0.234308,0.234316,,,,,,,,,,,,
167098,,,,,,,,,,,,,,,,,,,,,,,0.018483,-0.057218,0.946598,4.410000,23.100000,-8.120000
167100,,,,,,,,,,,,,,,,,,,,0.255650,0.476968,2.078303,,,,,,
167103,,,,,,,,,,,,,,,,,,,,,,,0.018483,-0.057218,0.946598,-2.870000,21.700001,-9.170000
167104,,,,,,,,,,,,,55.168724,54.122662,0.234308,0.234316,,,,,,,,,,,,
167109,,,,,,,,,,,,,,,,,,,,0.251291,0.485022,2.074973,,,,,,
167113,,,,,,,,,,,,,,,,,,,,,,,0.018483,-0.057218,0.946598,-0.490000,23.379999,-21.070000
167114,,,,,,,,,,,,,55.754612,54.874454,0.234308,0.234316,,,,,,,,,,,,
167119,,,,,,,,,,,,,,,,,,,,0.246819,0.493303,2.071877,,,,,,
167123,,,,,,,,,,,,,,,,,,,,,,,-0.025986,-0.031720,1.036573,14.770000,18.969999,-25.549999
167124,,,,,,,,,,,,,55.673679,54.933117,0.234308,0.234316,,,,,,,,,,,,
167129,,,,0.201101,0.494669,2.042175,0.810072,-0.576872,,,,,,,,,,,,,,,,,,,,
167131,,,,,,,,,,,57.330513,55.775852,,,,,0.023234,0.039395,-0.030230,,,,,,,,,
167130,,,,,,,,,,,,,,,,,,,,0.242732,0.501216,2.068750,,,,,,
167134,,,,,,,,,,,,,56.140106,54.970158,0.229322,0.223103,,,,,,,,,,,,
167137,,,,,,,,,,,,,,,,,,,,,,,-0.015433,-0.061976,1.056581,-2.730000,-0.560000,-22.889999
167145,,,,,,,,,,,,,56.428604,54.933525,0.229322,0.223103,,,,,,,,,,,,
167139,,,,,,,,,,,,,,,,,,,,0.238616,0.509117,2.062379,,,,,,
167147,,,,,,,,,,,,,,,,,,,,,,,-0.015433,-0.061976,1.056581,15.960000,-9.100000,-19.600000
167149,,,,,,,,,,,,,,,,,,,,0.234515,0.517122,2.062379,,,,,,
167153,,,,,,,,,,,,,,,,,,,,,,,-0.015433,-0.061976,1.056581,2.800000,1.260000,-32.060001
167154,,,,,,,,,,,,,56.359371,54.509388,0.229322,0.223103,,,,,,,,,,,,
167160,,,,,,,,,,,,,,,,,,,,0.230160,0.525247,2.055635,,,,,,
167163,,,,,,,,,,,,,,,,,,,,,,,-0.035197,-0.032513,1.071221,-6.160000,-0.420000,-28.980000
167164,,,,,,,,,,,,,56.759247,54.653347,0.229322,0.223103,,,,,,,,,,,,
167170,,,,,,,,,,,,,,,,,,,,0.226084,0.533392,2.049471,,,,,,
167173,,,,,,,,,,,,,,,,,,,,,,,-0.035197,-0.032513,1.071221,5.040000,-0.770000,-36.330002
167174,,,,,,,,,,,,,56.530449,54.758545,0.229322,0.223103,,,,,,,,,,,,
167179,,,,0.184137,0.529819,1.996509,0.792458,-0.795725,,,,,,,,,,,,0.221999,0.541186,2.042530,,,,,,
167181,,,,,,,,,,,55.156952,51.926193,,,,,0.016211,0.038807,-0.053553,,,,,,,,,
167188,,,,,,,,,,,,,56.979767,54.704300,0.220628,0.207705,,,,,,,,,,,,
167189,,,,,,,,,,,,,,,,,,,,0.217940,0.549288,2.036306,,,,,,
167192,,,,,,,,,,,,,,,,,,,,,,,-0.039345,-0.060390,1.034621,-9.100000,-11.550000,-39.830002
167194,,,,,,,,,,,,,57.036674,54.212708,0.220628,0.207705,,,,,,,,,,,,
167198,,,,,,,,,,,,,,,,,,,,,,,-0.043493,-0.049593,1.034621,1.120000,-16.660000,-33.740002
167199,,,,,,,,,,,,,,,,,,,,0.214072,0.556951,2.029819,,,,,,
167203,,,,,,,,,,,,,,,,,,,,,,,-0.043493,-0.049593,1.034621,12.880000,-20.440001,-35.070000
167204,,,,,,,,,,,,,57.317837,53.844437,0.220628,0.207705,,,,,,,,,,,,
167209,,,,,,,,,,,,,,,,,,,,0.210108,0.565151,2.023052,,,,,,
167212,,,,,,,,,,,,,,,,,,,,,,,-0.049288,-0.086742,0.946842,5.600000,-8.330000,-35.560001
167214,,,,,,,,,,,,,56.992504,53.522156,0.220628,0.207705,,,,,,,,,,,,
167219,,,,,,,,,,,,,,,,,,,,0.206347,0.573292,2.016618,,,,,,
167223,,,,,,,,,,,,,,,,,,,,,,,-0.049288,-0.086742,0.946842,5.320000,30.309999,-37.240002
167224,,,,,,,,,,,,,56.722298,53.254295,0.220628,0.207705,,,,,,,,,,,,
167229,,,,0.169544,0.564537,1.938283,0.767839,-1.033940,,,,,,,,,,,,,,,,,,,,
167231,,,,,,,,,,,52.300411,47.196838,,,,,0.008007,0.036959,-0.078533,,,,,,,,,
167230,,,,,,,,,,,,,,,,,,,,0.202483,0.581486,2.010238,,,,,,
167234,,,,,,,,,,,,,57.017746,53.006638,0.209202,0.188787,,,,,,,,,,,,
167237,,,,,,,,,,,,,,,,,,,,,,,-0.050020,-0.073993,1.001681,9.380000,32.200001,-45.220001
167246,,,,,,,,,,,,,56.745766,52.447552,0.209202,0.188787,,,,,,,,,,,,
167239,,,,,,,,,,,,,,,,,,,,0.198723,0.589813,2.003893,,,,,,
167248,,,,,,,,,,,,,,,,,,,,,,,-0.050020,-0.073993,1.001681,14.420000,35.070000,-44.939999
167249,,,,,,,,,,,,,,,,,,,,0.194941,0.598128,1.997426,,,,,,
167253,,,,,,,,,,,,,,,,,,,,,,,-0.088694,-0.083692,1.033889,-2.660000,24.850000,-56.000000
167254,,,,,,,,,,,,,57.213844,52.244762,0.209202,0.188787,,,,,,,,,,,,
167259,,,,,,,,,,,,,,,,,,,,0.191403,0.606516,1.987628,,,,,,
167263,,,,,,,,,,,,,,,,,,,,,,,-0.088694,-0.083692,1.033889,13.790000,33.320000,-72.519997
167264,,,,,,,,,,,,,56.926220,52.196075,0.209202,0.188787,,,,,,,,,,,,
167270,,,,,,,,,,,,,,,,,,,,0.187795,0.614828,1.974674,,,,,,
167273,,,,,,,,,,,,,,,,,,,,,,,-0.111813,-0.085705,1.010404,-1.120000,19.809999,-73.500000
167274,,,,,,,,,,,,,56.649788,51.575836,0.209202,0.188787,,,,,,,,,,,,
167279,,,,0.157753,0.598643,1.866050,0.738091,-1.298794,,,,,,,,,,,,,,,,,,,,
167281,,,,,,,,,,,48.489666,41.234001,,,,,-0.002916,0.033973,-0.108346,,,,,,,,,
167280,,,,,,,,,,,,,,,,,,,,0.184447,0.622826,1.958137,,,,,,
167284,,,,,,,,,,,,,56.440117,51.074020,0.193955,0.164932,,,,,,,,,,,,
167288,,,,,,,,,,,,,,,,,,,,,,,-0.111813,-0.085705,1.010404,5.530000,9.520000,-76.860001
167289,,,,,,,,,,,,,,,,,,,,0.181062,0.630953,1.944688,,,,,,
167293,,,,,,,,,,,,,,,,,,,,,,,-0.097844,-0.109251,1.028765,9.170000,7.350000,-79.309998
167294,,,,,,,,,,,,,55.720238,50.656437,0.193956,0.164932,,,,,,,,,,,,
167305,,,,,,,,,,,,,56.015598,49.832264,0.193955,0.164932,,,,,,,,,,,,
167300,,,,,,,,,,,,,,,,,,,,0.177755,0.639199,1.934849,,,,,,
167308,,,,,,,,,,,,,,,,,,,,,,,-0.097844,-0.109251,1.028765,-16.799999,25.270000,-88.059998
167309,,,,,,,,,,,,,,,,,,,,0.174688,0.647052,1.918067,,,,,,
167313,,,,,,,,,,,,,,,,,,,,,,,-0.179828,-0.127490,0.998509,6.510000,28.490000,-90.510002
167314,,,,,,,,,,,,,55.420815,49.580521,0.193956,0.164932,,,,,,,,,,,,
167319,,,,,,,,,,,,,,,,,,,,0.171803,0.655237,1.901180,,,,,,
167323,,,,,,,,,,,,,,,,,,,,,,,-0.179828,-0.127490,0.998509,6.510000,29.540001,-95.199997
167324,,,,,,,,,,,,,55.431763,48.867611,0.193956,0.164933,,,,,,,,,,,,
167329,,,,0.149133,0.631971,1.778327,0.705384,-1.594038,,,,,,,,,,,,0.169105,0.663377,1.884243,,,,,,
167332,,,,,,,,,,,44.396706,34.947586,,,,,-0.014476,0.029029,-0.124063,,,,,,,,,
167334,,,,,,,,,,,,,55.398510,48.233265,0.177313,0.139460,,,,,,,,,,,,
167338,,,,,,,,,,,,,,,,,,,,,,,-0.162321,-0.160552,0.979050,13.650000,42.630001,-94.500000
167339,,,,,,,,,,,,,,,,,,,,0.166566,0.671528,1.870573,,,,,,
167343,,,,,,,,,,,,,,,,,,,,,,,-0.162321,-0.160552,0.979050,18.969999,45.009998,-95.620003
167344,,,,,,,,,,,,,54.856293,47.178658,0.177327,0.139486,,,,,,,,,,,,
167350,,,,,,,,,,,,,,,,,,,,0.164170,0.679640,1.853430,,,,,,
167353,,,,,,,,,,,,,,,,,,,,,,,-0.181719,-0.170007,1.073600,10.780000,47.110001,-99.750000
167354,,,,,,,,,,,,,54.355381,46.255562,0.177339,0.139509,,,,,,,,,,,,
167365,,,,,,,,,,,,,53.954494,45.205219,0.177349,0.139535,,,,,,,,,,,,
167359,,,,,,,,,,,,,,,,,,,,0.161979,0.687735,1.836144,,,,,,
167368,,,,,,,,,,,,,,,,,,,,,,,-0.181719,-0.170007,1.073600,12.740000,71.400002,-109.620003
167369,,,,,,,,,,,,,,,,,,,,0.159924,0.695908,1.815292,,,,,,
167373,,,,,,,,,,,,,,,,,,,,,,,-0.239242,-0.147620,0.959103,25.760000,79.449997,-111.370003
167374,,,,,,,,,,,,,53.613483,44.355804,0.177358,0.139556,,,,,,,,,,,,
167379,,,,0.143997,0.664373,1.674053,0.672199,-1.916659,,,,,,,,,,,,,,,,,,,,
167381,,,,,,,,,,,40.210888,28.417046,,,,,-0.026470,0.023091,-0.141588,,,,,,,,,
167380,,,,,,,,,,,,,,,,,,,,0.158003,0.704049,1.797599,,,,,,
167384,,,,,,,,,,,,,53.344398,43.359249,0.160096,0.112818,,,,,,,,,,,,
167388,,,,,,,,,,,,,,,,,,,,,,,-0.310124,-0.145973,1.057435,26.879999,-22.540001,-120.400002
167389,,,,,,,,,,,,,,,,,,,,0.156461,0.711492,1.776293,,,,,,
167393,,,,,,,,,,,,,,,,,,,,,,,-0.310124,-0.145973,1.057435,31.500000,-26.180000,-122.919998
167394,,,,,,,,,,,,,52.582249,43.080990,0.160140,0.112834,,,,,,,,,,,,
167399,,,,,,,,,,,,,,,,,,,,0.155145,0.718246,1.754771,,,,,,
167403,,,,,,,,,,,,,,,,,,,,,,,-0.310124,-0.145973,0.811910,-0.630000,-34.790001,-139.229996
167404,,,,,,,,,,,,,51.910778,42.273258,0.160178,0.112880,,,,,,,,,,,,
167410,,,,,,,,,,,,,,,,,,,,0.153835,0.725139,1.729322,,,,,,
167413,,,,,,,,,,,,,,,,,,,,,,,-0.325130,-0.142740,0.811910,19.040001,-11.410000,-144.059998
167414,,,,,,,,,,,,,51.889393,41.043159,0.160179,0.112950,,,,,,,,,,,,
167425,,,,,,,,,,,,,50.939068,39.871891,0.160233,0.113016,,,,,,,,,,,,
167420,,,,,,,,,,,,,,,,,,,,0.152783,0.731692,1.703717,,,,,,
167428,,,,,,,,,,,,,,,,,,,,,,,-0.303048,-0.184403,1.070977,8.330000,-8.050000,-150.639999
167430,,,,0.142597,0.695719,1.553288,0.641301,-2.251958,,,,,,,,,,,,,,,,,,,,
167432,,,,,,,,,,,37.358719,23.161715,,,,,-0.034269,0.014911,-0.151503,,,,,,,,,
167429,,,,,,,,,,,,,,,,,,,,0.151816,0.738518,1.677710,,,,,,
167434,,,,,,,,,,,,,50.398792,38.573982,0.148290,0.091294,,,,,,,,,,,,
167437,,,,,,,,,,,,,,,,,,,,,,,-0.303048,-0.184403,1.070977,18.969999,22.889999,-153.300003
167439,,,,,,,,,,,,,,,,,,,,0.151156,0.745015,1.651457,,,,,,
167443,,,,,,,,,,,,,,,,,,,,,,,-0.254370,-0.204472,1.012295,30.309999,20.440001,-152.179993
167444,,,,,,,,,,,,,49.520172,37.381660,0.148367,0.091398,,,,,,,,,,,,
167449,,,,,,,,,,,,,,,,,,,,0.150716,0.751711,1.624704,,,,,,
167453,,,,,,,,,,,,,,,,,,,,,,,-0.254370,-0.204472,1.012295,10.220000,12.670000,-154.910004
167454,,,,,,,,,,,,,48.825512,35.858612,0.148428,0.091532,,,,,,,,,,,,
167460,,,,,,,,,,,,,,,,,,,,0.150448,0.757945,1.593861,,,,,,
167466,,,,,,,,,,,,,48.172802,34.426044,0.148485,0.091658,,,,,,,,,,,,
167469,,,,,,,,,,,,,,,,,,,,0.150309,0.763938,1.568504,-0.315736,-0.167506,0.964898,10.220000,-9.870000,-164.710007
167474,,,,,,,,,,,,,48.085197,33.371758,0.148493,0.091750,,,,,,,-0.315736,-0.167506,0.964898,19.530001,-10.430000,-171.779999
167479,,,,0.145129,0.725890,1.418092,0.615613,-2.568818,,,,,,,,,,,,0.150368,0.769738,1.537138,,,,,,
167481,,,,,,,,,,,35.783405,19.489334,,,,,-0.038091,0.005129,-0.150789,,,,,,,,,
167484,,,,,,,,,,,,,47.227592,32.027409,0.141646,0.076327,,,,,,,,,,,,
167488,,,,,,,,,,,,,,,,,,,,,,,-0.328668,-0.206851,1.004487,22.049999,-1.400000,-181.020004
167489,,,,,,,,,,,,,,,,,,,,0.150591,0.775363,1.506792,,,,,,
167493,,,,,,,,,,,,,,,,,,,,,,,-0.328668,-0.206851,1.004487,17.709999,-1.470000,-183.889999
167494,,,,,,,,,,,,,46.333149,30.795443,0.141762,0.076488,,,,,,,,,,,,
167499,,,,,,,,,,,,,,,,,,,,0.151060,0.780984,1.473109,,,,,,
167503,,,,,,,,,,,,,,,,,,,,,,,-0.275354,-0.205692,0.959835,31.709999,10.780000,-186.690002
167504,,,,,,,,,,,,,45.560654,29.747250,0.141863,0.076624,,,,,,,,,,,,
167509,,,,,,,,,,,,,,,,,,,,0.151709,0.786217,1.439709,,,,,,
167513,,,,,,,,,,,,,,,,,,,,,,,-0.275354,-0.205692,0.959835,10.920000,-1.890000,-198.309998
167514,,,,,,,,,,,,,44.922607,28.323273,0.141946,0.076809,,,,,,,,,,,,
167525,,,,,,,,,,,,,43.847237,27.359991,0.142085,0.076934,,,,,,,,,,,,
167519,,,,,,,,,,,,,,,,,,,,0.152451,0.791565,1.406724,,,,,,
167528,,,,,,,,,,,,,,,,,,,,,,,-0.296216,-0.173789,0.949343,28.490000,-4.970000,-204.470001
167530,,,,0.151729,0.754789,1.273043,0.597972,-2.820122,,,,,,,,,,,,,,,,,,,,
167532,,,,,,,,,,,35.995483,18.112122,,,,,-0.036485,-0.005256,-0.134895,,,,,,,,,
167529,,,,,,,,,,,,,,,,,,,,0.153390,0.796251,1.370696,,,,,,
167534,,,,,,,,,,,,,43.486317,26.017628,0.142765,0.071164,,,,,,,,,,,,
167537,,,,,,,,,,,,,,,,,,,,,,,-0.296216,-0.217953,1.039806,21.840000,-24.080000,-204.679993
167539,,,,,,,,,,,,,,,,,,,,0.154443,0.800911,1.332128,,,,,,
167543,,,,,,,,,,,,,,,,,,,,,,,-0.297497,-0.217953,1.039806,19.180000,-16.309999,-207.619995
167544,,,,,,,,,,,,,42.622189,24.633413,0.142905,0.071389,,,,,,,,,,,,
167549,,,,,,,,,,,,,,,,,,,,0.155616,0.805281,1.299845,,,,,,
167553,,,,,,,,,,,,,,,,,,,,,,,-0.297497,-0.217953,1.039806,28.980000,0.840000,-215.110001
167554,,,,,,,,,,,,,41.873920,23.459105,0.143027,0.071580,,,,,,,,,,,,
167559,,,,,,,,,,,,,,,,,,,,0.156972,0.809720,1.259055,,,,,,
167563,,,,,,,,,,,,,,,,,,,,,,,-0.232410,-0.190381,0.980758,21.420000,-0.630000,-222.110001
167564,,,,,,,,,,,,,41.260056,22.478189,0.143127,0.071739,,,,,,,,,,,,
167569,,,,,,,,,,,,,,,,,,,,0.158451,0.814129,1.218155,,,,,,
167573,,,,,,,,,,,,,,,,,,,,,,,-0.232410,-0.190381,0.980758,19.740000,10.150000,-230.929993
167574,,,,,,,,,,,,,40.755703,21.658373,0.143209,0.071872,,,,,,,,,,,,
167579,,,,0.162476,0.782335,1.124862,0.590691,-2.955202,,,,,,,,,,,,0.159930,0.818224,1.180925,,,,,,
167581,,,,,,,,,,,38.072468,19.665060,,,,,-0.028620,-0.014750,-0.094863,,,,,,,,,
167587,,,,,,,,,,,,,40.516617,20.713261,0.151806,0.078453,,,,,,,,,,,,
167589,,,,,,,,,,,,,,,,,,,,0.161564,0.822072,1.137863,,,,,,
167592,,,,,,,,,,,,,,,,,,,,,,,-0.230580,-0.169641,0.981551,27.510000,-10.850000,-236.809998
167594,,,,,,,,,,,,,39.748688,19.044710,0.151958,0.078783,,,,,,,,,,,,
167597,,,,,,,,,,,,,,,,,,,,,,,-0.229055,-0.207705,1.049505,22.120001,-14.490000,-236.809998
167599,,,,,,,,,,,,,,,,,,,,0.163348,0.825772,1.095392,,,,,,
167603,,,,,,,,,,,,,,,,,,,,,,,-0.229055,-0.207705,1.049505,25.129999,-13.720000,-239.750000
167604,,,,,,,,,,,,,39.473099,18.216419,0.152013,0.078947,,,,,,,,,,,,
167609,,,,,,,,,,,,,,,,,,,,0.165265,0.829332,1.056819,,,,,,
167613,,,,,,,,,,,,,,,,,,,,,,,-0.229055,-0.207705,0.963495,25.410000,-9.450000,-243.529999
167614,,,,,,,,,,,,,39.238186,17.518393,0.152059,0.079085,,,,,,,,,,,,
167625,,,,,,,,,,,,,39.055977,16.753630,0.152095,0.079236,,,,,,,,,,,,
167619,,,,,,,,,,,,,,,,,,,,0.167236,0.832714,1.011769,,,,,,
167628,,,,,,,,,,,,,,,,,,,,,,,-0.156892,-0.195566,0.963495,26.740000,-17.990000,-247.309998
167629,,,,0.177395,0.808460,0.980937,0.595099,-2.942957,,,,,,,,,,,,0.169442,0.836102,0.967608,,,,,,
167631,,,,,,,,,,,41.700043,23.996077,,,,,-0.015359,-0.021470,-0.031518,,,,,,,,,
167634,,,,,,,,,,,,,38.872105,16.500666,0.167458,0.097727,,,,,,,,,,,,
167637,,,,,,,,,,,,,,,,,,,,,,,-0.167201,-0.191784,1.035292,30.170000,-16.450001,-249.339996
167639,,,,,,,,,,,,,,,,,,,,0.171666,0.839112,0.926779,,,,,,
167643,,,,,,,,,,,,,,,,,,,,,,,-0.167201,-0.191784,1.035292,27.230000,-22.610001,-249.830002
167644,,,,,,,,,,,,,38.726456,16.072556,0.167492,0.097827,,,,,,,,,,,,
167649,,,,,,,,,,,,,,,,,,,,0.174094,0.842171,0.883666,,,,,,
167653,,,,,,,,,,,,,,,,,,,,,,,-0.151829,-0.169092,0.997472,22.049999,-24.850000,-254.449997
167654,,,,,,,,,,,,,39.170986,15.718964,0.167388,0.097909,,,,,,,,,,,,
167660,,,,,,,,,,,,,,,,,,,,0.176310,0.844957,0.837474,,,,,,
167663,,,,,,,,,,,,,,,,,,,,,,,-0.151829,-0.169092,0.997472,22.820000,-27.580000,-258.019989
167664,,,,,,,,,,,,,38.983383,15.964534,0.167432,0.097852,,,,,,,,,,,,
167670,,,,,,,,,,,,,,,,,,,,0.178904,0.847751,0.792335,,,,,,
167673,,,,,,,,,,,,,,,,,,,,,,,-0.122610,-0.207095,1.074637,28.070000,-43.259998,-259.769989
167674,,,,,,,,,,,,,38.818874,15.621016,0.167470,0.097932,,,,,,,,,,,,
167679,,,,0.196458,0.833116,0.847390,0.611235,-2.789998,,,,,,,,,,,,,,,,,,,,
167681,,,,,,,,,,,46.293419,30.516348,,,,,0.001631,-0.022803,0.054021,,,,,,,,,
167680,,,,,,,,,,,,,,,,,,,,0.181296,0.850229,0.744171,,,,,,
167688,,,,,,,,,,,,,38.641808,15.136724,0.187093,0.125924,,,,,,,,,,,,
167689,,,,,,,,,,,,,,,,,,,,0.183676,0.852486,0.699205,,,,,,
167693,,,,,,,,,,,,,,,,,,,,,,,-0.122610,-0.185562,0.967155,24.500000,-82.669998,-258.510010
167694,,,,,,,,,,,,,39.552063,15.375607,0.186865,0.125864,,,,,,,,,,,,
167698,,,,,,,,,,,,,,,,,,,,,,,-0.079544,-0.185562,0.967155,19.809999,-86.029999,-255.639999
167699,,,,,,,,,,,,,,,,,,,,0.186271,0.854585,0.651943,,,,,,
167703,,,,,,,,,,,,,,,,,,,,,,,-0.079544,-0.185562,0.967155,17.010000,-95.269997,-255.220001
167704,,,,,,,,,,,,,39.302204,15.674808,0.186928,0.125789,,,,,,,,,,,,
167709,,,,,,,,,,,,,,,,,,,,0.188666,0.856561,0.607871,,,,,,
167713,,,,,,,,,,,,,,,,,,,,,,,-0.032025,-0.165066,1.032303,6.720000,-90.370003,-255.990005
167714,,,,,,,,,,,,,39.642170,15.379881,0.186843,0.125863,,,,,,,,,,,,
167719,,,,,,,,,,,,,,,,,,,,0.191326,0.858613,0.566861,,,,,,
167723,,,,,,,,,,,,,,,,,,,,,,,-0.032025,-0.165066,1.032303,7.210000,8.820000,-246.610001
167724,,,,,,,,,,,,,39.378017,14.583294,0.186909,0.126063,,,,,,,,,,,,
167729,,,,0.219586,0.856265,0.727923,0.637901,-2.536832,,,,,,,,,,,,,,,,,,,,
167731,,,,,,,,,,,51.577354,38.759766,,,,,0.022113,-0.017171,0.160691,,,,,,,,,
167730,,,,,,,,,,,,,,,,,,,,0.195156,0.861153,0.518428,,,,,,
167734,,,,,,,,,,,,,38.639214,14.473003,0.209816,0.161621,,,,,,,,,,,,
167737,,,,,,,,,,,,,,,,,,,,,,,0.035746,-0.162077,0.950502,-0.070000,44.380001,-248.710007
167745,,,,,,,,,,,,,38.791248,14.593052,0.209775,0.161588,,,,,,,,,,,,
167740,,,,,,,,,,,,,,,,,,,,0.198704,0.863439,0.478373,,,,,,
167748,,,,,,,,,,,,,,,,,,,,,,,0.035746,-0.162077,0.950502,-0.560000,10.150000,-248.710007
167750,,,,,,,,,,,,,,,,,,,,0.202620,0.865692,0.432975,,,,,,
167753,,,,,,,,,,,,,,,,,,,,,,,0.045933,-0.196969,1.074759,9.800000,-6.720000,-242.619995
167754,,,,,,,,,,,,,38.938618,14.798459,0.209735,0.161533,,,,,,,,,,,,
167759,,,,,,,,,,,,,,,,,,,,0.206488,0.867606,0.390513,,,,,,
167763,,,,,,,,,,,,,,,,,,,,,,,0.045933,-0.196969,1.074759,6.650000,-16.309999,-246.119995
167764,,,,,,,,,,,,,39.360806,15.200529,0.209620,0.161424,,,,,,,,,,,,
167769,,,,,,,,,,,,,,,,,,,,0.210147,0.869349,0.348011,,,,,,
167773,,,,,,,,,,,,,,,,,,,,,,,0.089487,-0.185074,1.020347,0.630000,-37.380001,-239.889999
167774,,,,,,,,,,,,,39.682232,15.524747,0.209533,0.161336,,,,,,,,,,,,
167779,,,,0.246655,0.877890,0.623762,0.673039,-2.235925,,,,,,,,,,,,0.214424,0.871162,0.305904,,,,,,
167781,,,,,,,,,,,54.972740,45.790905,,,,,0.037135,-0.004337,0.275512,,,,,,,,,
167788,,,,,,,,,,,,,40.169983,16.253748,0.223986,0.191335,,,,,,,,,,,,
167792,,,,,,,,,,,,,,,,,,,,,,,0.077104,-0.179401,1.035536,1.750000,-4.900000,-238.279999
167790,,,,,,,,,,,,,,,,,,,,0.218822,0.872782,0.263968,,,,,,
167794,,,,,,,,,,,,,40.814068,16.306545,0.223808,0.191320,,,,,,,,,,,,
167797,,,,,,,,,,,,,,,,,,,,,,,0.077104,-0.179401,1.035536,7.070000,-6.790000,-233.940002
167799,,,,,,,,,,,,,,,,,,,,0.223290,0.874183,0.222104,,,,,,
167803,,,,,,,,,,,,,,,,,,,,,,,0.077104,-0.179401,1.035536,10.570000,-10.780000,-235.410004
167804,,,,,,,,,,,,,40.938145,17.018921,0.223774,0.191123,,,,,,,,,,,,
167810,,,,,,,,,,,,,,,,,,,,0.227906,0.875450,0.183066,,,,,,
167812,,,,,,,,,,,,,,,,,,,,,,,0.091317,-0.234728,1.034377,-4.760000,-17.780001,-224.139999
167814,,,,,,,,,,,,,41.564278,17.605377,0.223600,0.190961,,,,,,,,,,,,
167819,,,,,,,,,,,,,,,,,,,,0.232759,0.876584,0.144186,,,,,,
167823,,,,,,,,,,,,,,,,,,,,,,,0.091317,-0.234728,1.048712,0.350000,-13.510000,-219.309998
167824,,,,,,,,,,,,,42.078957,18.639889,0.223458,0.190675,,,,,,,,,,,,
167829,,,,0.277495,0.897983,0.534376,0.714210,-1.930912,,,,,,,,,,,,0.237737,0.877498,0.108087,,,,,,
167831,,,,,,,,,,,56.606979,51.298946,,,,,0.047257,0.014903,0.390682,,,,,,,,,
167834,,,,,,,,,,,,,42.465931,19.485518,0.230385,0.214098,,,,,,,,,,,,
167837,,,,,,,,,,,,,,,,,,,,,,,0.109129,-0.186599,1.048712,-10.990000,-23.379999,-209.649994
167845,,,,,,,,,,,,,42.834450,20.454323,0.230282,0.213827,,,,,,,,,,,,
167839,,,,,,,,,,,,,,,,,,,,0.242847,0.878277,0.069283,,,,,,
167848,,,,,,,,,,,,,,,,,,,,,,,0.109129,-0.209901,1.006988,0.420000,-8.190000,-211.820007
167849,,,,,,,,,,,,,,,,,,,,0.248061,0.878796,0.036027,,,,,,
167853,,,,,,,,,,,,,,,,,,,,,,,0.105225,-0.209901,1.006988,3.570000,-15.050000,-198.240005
167854,,,,,,,,,,,,,43.279758,21.432932,0.230157,0.213553,,,,,,,,,,,,
167859,,,,,,,,,,,,,,,,,,,,0.253698,0.879142,0.000061,,,,,,
167863,,,,,,,,,,,,,,,,,,,,,,,0.131577,-0.204716,0.984967,-1.260000,-7.770000,-193.410004
167864,,,,,,,,,,,,,43.547421,22.422489,0.230082,0.213276,,,,,,,,,,,,
167869,,,,,,,,,,,,,,,,,,,,0.259283,0.879283,-0.033189,,,,,,
167873,,,,,,,,,,,,,,,,,,,,,,,0.131577,-0.204716,0.984967,4.270000,11.340000,-179.970001
167874,,,,,,,,,,,,,43.767605,23.800226,0.230021,0.212891,,,,,,,,,,,,
167879,,,,0.311894,0.916549,0.458282,0.758978,-1.648569,,,,,,,,,,,,0.265372,0.879323,-0.063601,,,,,,
167881,,,,,,,,,,,56.222801,54.969028,,,,,0.051277,0.039110,0.491635,,,,,,,,,
167884,,,,,,,,,,,,,44.480278,24.399347,0.228007,0.227987,,,,,,,,,,,,
167887,,,,,,,,,,,,,,,,,,,,,,,0.136152,-0.193309,0.964532,-5.740000,21.000000,-167.929993
167890,,,,,,,,,,,,,,,,,,,,0.271525,0.879119,-0.091349,,,,,,
167893,,,,,,,,,,,,,,,,,,,,,,,0.136152,-0.193309,0.964532,-3.570000,20.860001,-163.240005
167894,,,,,,,,,,,,,44.551792,25.463057,0.227988,0.227704,,,,,,,,,,,,
167905,,,,,,,,,,,,,45.229797,26.748562,0.227808,0.227363,,,,,,,,,,,,
167899,,,,,,,,,,,,,,,,,,,,0.277807,0.878684,-0.119065,,,,,,
167908,,,,,,,,,,,,,,,,,,,,,,,0.117547,-0.204594,1.080005,6.720000,11.270000,-145.669998
167910,,,,,,,,,,,,,,,,,,,,0.284108,0.877978,-0.149630,,,,,,
167913,,,,,,,,,,,,,,,,,,,,,,,0.117547,-0.204594,1.080005,4.060000,2.170000,-142.169998
167914,,,,,,,,,,,,,45.631721,28.187769,0.227701,0.226981,,,,,,,,,,,,
167919,,,,,,,,,,,,,,,,,,,,0.290354,0.877205,-0.169045,,,,,,
167923,,,,,,,,,,,,,,,,,,,,,,,0.117242,-0.178791,0.965874,-8.470000,22.820000,-134.470001
167924,,,,,,,,,,,,,46.097469,29.219288,0.227578,0.226708,,,,,,,,,,,,
167929,,,,0.349611,0.933609,0.393660,0.805129,-1.400721,,,,,,,,,,,,0.297341,0.876167,-0.194077,,,,,,
167931,,,,,,,,,,,54.469231,56.851387,,,,,0.048895,0.065753,0.564003,,,,,,,,,
167934,,,,,,,,,,,,,46.433716,30.047470,0.219855,0.234004,,,,,,,,,,,,
167937,,,,,,,,,,,,,,,,,,,,,,,0.117242,-0.178791,0.965874,14.210000,16.170000,-123.550003
167946,,,,,,,,,,,,,46.698650,31.480766,0.219790,0.233651,,,,,,,,,,,,
167939,,,,,,,,,,,,,,,,,,,,0.303925,0.874774,-0.216323,,,,,,
167947,,,,,,,,,,,,,,,,,,,,,,,0.091683,-0.192577,1.085068,3.710000,2.870000,-115.919998
167952,,,,,,,,,,,,,,,,,,,,,,,0.091683,-0.192577,1.085068,1.540000,-11.130000,-115.430000
167950,,,,,,,,,,,,,,,,,,,,0.310532,0.873378,-0.235875,,,,,,
167954,,,,,,,,,,,,,47.044662,32.948265,0.219705,0.233290,,,,,,,,,,,,
167960,,,,,,,,,,,,,,,,,,,,0.317188,0.871794,-0.255366,,,,,,
167963,,,,,,,,,,,,,,,,,,,,,,,0.048495,-0.134444,1.025166,22.049999,3.360000,-100.029999
167964,,,,,,,,,,,,,47.269234,34.310547,0.219649,0.232955,,,,,,,,,,,,
167969,,,,,,,,,,,,,,,,,,,,0.323941,0.869955,-0.274929,,,,,,
167973,,,,,,,,,,,,,,,,,,,,,,,0.048495,-0.134444,1.025166,-15.820000,-7.560000,-93.730003
167974,,,,,,,,,,,,,47.427319,35.430309,0.219611,0.232679,,,,,,,,,,,,
167979,,,,0.390363,0.949192,0.338730,0.850760,-1.189604,,,,,,,,,,,,0.330709,0.868176,-0.288946,,,,,,
167981,,,,,,,,,,,51.824554,57.848434,,,,,0.042485,0.094351,0.613900,,,,,,,,,
167984,,,,,,,,,,,,,47.536575,36.352116,0.208216,0.235996,,,,,,,,,,,,
167987,,,,,,,,,,,,,,,,,,,,,,,0.068442,-0.122427,1.022116,5.460000,-14.840000,-77.910004
167989,,,,,,,,,,,,,,,,,,,,0.337452,0.866195,-0.302902,,,,,,
167993,,,,,,,,,,,,,,,,,,,,,,,0.068442,-0.122427,1.022116,-7.000000,-26.809999,-77.139999
167994,,,,,,,,,,,,,48.250423,37.189190,0.208063,0.235817,,,,,,,,,,,,
168005,,,,,,,,,,,,,48.041759,38.238583,0.208108,0.235592,,,,,,,,,,,,
167999,,,,,,,,,,,,,,,,,,,,0.344253,0.864156,-0.314114,,,,,,
168008,,,,,,,,,,,,,,,,,,,,,,,0.038369,-0.123281,1.042429,11.550000,-4.340000,-57.330002
168009,,,,,,,,,,,,,,,,,,,,0.351058,0.861877,-0.325292,,,,,,
168013,,,,,,,,,,,,,,,,,,,,,,,0.038369,-0.123281,1.042429,-13.720000,19.740000,-52.639999
168014,,,,,,,,,,,,,47.766136,38.905758,0.208167,0.235450,,,,,,,,,,,,
168019,,,,,,,,,,,,,,,,,,,,0.358371,0.859553,-0.333768,,,,,,
168023,,,,,,,,,,,,,,,,,,,,,,,0.044530,-0.090280,0.962641,-2.730000,14.210000,-45.220001
168024,,,,,,,,,,,,,47.890255,39.885143,0.208141,0.235240,,,,,,,,,,,,
168029,,,,0.433853,0.963341,0.291885,0.894288,-1.012636,,,,,,,,,,,,0.365333,0.856961,-0.339355,,,,,,
168031,,,,,,,,,,,50.702000,59.701424,,,,,0.037244,0.122886,0.626751,,,,,,,,,
168034,,,,,,,,,,,,,47.965248,41.229748,0.203299,0.242118,,,,,,,,,,,,
168037,,,,,,,,,,,,,,,,,,,,,,,0.016348,-0.122061,1.064816,20.299999,-14.840000,-27.440001
168039,,,,,,,,,,,,,,,,,,,,0.372271,0.854217,-0.345001,,,,,,
168043,,,,,,,,,,,,,,,,,,,,,,,0.016348,-0.122061,1.064816,12.740000,-15.610000,-23.940001
168044,,,,,,,,,,,,,48.036846,41.821106,0.203286,0.242012,,,,,,,,,,,,
168049,,,,,,,,,,,,,,,,,,,,0.379136,0.851555,-0.350525,,,,,,
168053,,,,,,,,,,,,,,,,,,,,,,,0.016348,-0.036600,0.944524,3.360000,2.170000,-11.690000
168054,,,,,,,,,,,,,48.100185,42.870262,0.203275,0.241824,,,,,,,,,,,,
168065,,,,,,,,,,,,,48.124584,43.724129,0.203270,0.241671,,,,,,,,,,,,
168059,,,,,,,,,,,,,,,,,,,,0.386095,0.848812,-0.350537,,,,,,
168068,,,,,,,,,,,,,,,,,,,,,,,0.046482,-0.036600,0.944524,12.810000,27.510000,4.270000
168069,,,,,,,,,,,,,,,,,,,,0.393605,0.845822,-0.350516,,,,,,
168073,,,,,,,,,,,,,,,,,,,,,,,0.042822,-0.014091,1.019615,3.710000,28.209999,6.160000
168074,,,,,,,,,,,,,48.173290,44.470749,0.203261,0.241537,,,,,,,,,,,,
168079,,,,0.479744,0.976100,0.251771,0.934430,-0.865295,,,,,,,,,,,,0.400897,0.842989,-0.347754,,,,,,
168081,,,,,,,,,,,51.867043,63.426994,,,,,0.035995,0.151925,0.603759,,,,,,,,,
168084,,,,,,,,,,,,,48.212666,45.097347,0.207967,0.256208,,,,,,,,,,,,
168088,,,,,,,,,,,,,,,,,,,,,,,0.042822,-0.014091,1.019615,4.970000,12.320000,15.260000
168089,,,,,,,,,,,,,,,,,,,,0.408097,0.840129,-0.344944,,,,,,
168093,,,,,,,,,,,,,,,,,,,,,,,0.002745,0.014762,1.060485,3.220000,12.460000,17.500000
168094,,,,,,,,,,,,,47.701561,46.178093,0.208036,0.256061,,,,,,,,,,,,
168099,,,,,,,,,,,,,,,,,,,,0.415513,0.837233,-0.342110,,,,,,
168103,,,,,,,,,,,,,,,,,,,,,,,0.002745,0.014762,1.060485,-0.350000,-5.040000,20.020000
168104,,,,,,,,,,,,,47.805710,47.071693,0.208022,0.255939,,,,,,,,,,,,
168109,,,,,,,,,,,,,,,,,,,,0.422686,0.834561,-0.336492,,,,,,
168113,,,,,,,,,,,,,,,,,,,,,,,0.030622,0.042395,1.027606,-3.290000,-1.120000,36.189999
168114,,,,,,,,,,,,,47.888714,48.366112,0.208011,0.255762,,,,,,,,,,,,
168125,,,,,,,,,,,,,47.871391,48.778263,0.208013,0.255706,,,,,,,,,,,,
168120,,,,,,,,,,,,,,,,,,,,0.430069,0.831767,-0.330854,,,,,,
168128,,,,,,,,,,,,,,,,,,,,,,,0.030622,0.042395,1.027606,-1.260000,-26.389999,49.349998
168130,,,,0.527688,0.987529,0.217255,0.970142,-0.742813,,,,,,,,,,,,,,,,,,,,
168132,,,,,,,,,,,55.917904,69.614716,,,,,0.041551,0.178997,0.549203,,,,,,,,,
168129,,,,,,,,,,,,,,,,,,,,0.437486,0.829137,-0.322448,,,,,,
168134,,,,,,,,,,,,,48.061592,49.423294,0.224356,0.280217,,,,,,,,,,,,
168137,,,,,,,,,,,,,,,,,,,,,,,0.033062,0.058316,1.030595,6.020000,-13.020000,50.330002
168139,,,,,,,,,,,,,,,,,,,,0.444881,0.826418,-0.314039,,,,,,
168143,,,,,,,,,,,,,,,,,,,,,,,0.033062,0.058316,1.030595,-8.190000,-5.320000,55.439999
168144,,,,,,,,,,,,,48.123329,50.366821,0.224350,0.280135,,,,,,,,,,,,
168149,,,,,,,,,,,,,,,,,,,,0.452632,0.823747,-0.302873,,,,,,
168153,,,,,,,,,,,,,,,,,,,,,,,0.045628,0.060512,0.984540,-12.950000,3.010000,58.520000
168154,,,,,,,,,,,,,48.169083,51.153629,0.224346,0.280066,,,,,,,,,,,,
168165,,,,,,,,,,,,,48.519821,52.029816,0.224316,0.279990,,,,,,,,,,,,
168159,,,,,,,,,,,,,,,,,,,,0.460397,0.821208,-0.294463,,,,,,
168168,,,,,,,,,,,,,,,,,,,,,,,0.045628,0.060512,0.984540,16.870001,-3.640000,69.580002
168169,,,,,,,,,,,,,,,,,,,,0.468300,0.818485,-0.280453,,,,,,
168173,,,,,,,,,,,,,,,,,,,,,,,0.073932,0.061976,0.981917,-5.670000,3.710000,73.639999
168174,,,,,,,,,,,,,48.718262,52.885983,0.224298,0.279915,,,,,,,,,,,,
168179,,,,0.577330,0.997690,0.187409,1.000614,-0.640777,,,,,,,,,,,,0.476302,0.815875,-0.269284,,,,,,
168181,,,,,,,,,,,62.903694,77.950630,,,,,0.054894,0.202367,0.469053,,,,,,,,,
168184,,,,,,,,,,,,,48.616669,53.212692,0.252199,0.312814,,,,,,,,,,,,
168187,,,,,,,,,,,,,,,,,,,,,,,0.080520,0.101992,1.008025,4.760000,12.110000,83.720001
168190,,,,,,,,,,,,,,,,,,,,0.484577,0.813315,-0.252507,,,,,,
168193,,,,,,,,,,,,,,,,,,,,,,,0.080520,0.101992,1.008025,8.400000,13.300000,88.410004
168194,,,,,,,,,,,,,49.167561,54.136189,0.252176,0.312776,,,,,,,,,,,,
168199,,,,,,,,,,,,,,,,,,,,0.492915,0.810714,-0.235702,,,,,,
168203,,,,,,,,,,,,,,,,,,,,,,,0.080520,0.101992,1.008025,16.799999,-3.710000,88.480003
168204,,,,,,,,,,,,,49.573002,55.394291,0.252160,0.312725,,,,,,,,,,,,
168209,,,,,,,,,,,,,,,,,,,,0.501214,0.808364,-0.219022,,,,,,
168213,,,,,,,,,,,,,,,,,,,,,,,0.091744,0.116144,1.078907,-8.750000,-12.670000,95.550003
168214,,,,,,,,,,,,,49.937275,57.029053,0.252145,0.312658,,,,,,,,,,,,
168219,,,,,,,,,,,,,,,,,,,,0.509808,0.806002,-0.205104,,,,,,
168226,,,,,,,,,,,,,50.484543,57.862785,0.252123,0.312624,,,,,,,,,,,,
168228,,,,,,,,,,,,,,,,,,,,,,,0.091744,0.116144,1.078907,12.880000,10.430000,96.949997
168230,,,,0.628297,1.006655,0.161480,1.025234,-0.555418,,,,,,,,,,,,,,,,,,,,
168232,,,,,,,,,,,71.891418,87.768356,,,,,0.074913,0.220480,0.367466,,,,,,,,,
168229,,,,,,,,,,,,,,,,,,,,0.518639,0.803813,-0.188411,,,,,,
168234,,,,,,,,,,,,,51.023151,58.545891,0.287566,0.351073,,,,,,,,,,,,
168238,,,,,,,,,,,,,,,,,,,,,,,0.105591,0.139812,1.046028,5.390000,-5.810000,104.580002
168239,,,,,,,,,,,,,,,,,,,,0.527632,0.801853,-0.168929,,,,,,
168243,,,,,,,,,,,,,,,,,,,,,,,0.105591,0.139812,1.046028,-1.960000,-4.970000,107.940002
168244,,,,,,,,,,,,,51.702332,59.676613,0.287566,0.351073,,,,,,,,,,,,
168249,,,,,,,,,,,,,,,,,,,,0.536446,0.800111,-0.149522,,,,,,
168253,,,,,,,,,,,,,,,,,,,,,,,0.102419,0.183610,1.039623,-13.580000,-30.799999,108.779999
168254,,,,,,,,,,,,,52.260567,60.612297,0.287566,0.351073,,,,,,,,,,,,
168252,,,,,,,,,,,,,,,,,,,,0.536446,0.800111,-0.149522,,,,,,
168256,,,,,,,,,,,,,,,,,,,,0.536446,0.800111,-0.149522,,,,,,
168265,,,,,,,,,,,,,53.283817,62.271336,0.287566,0.351073,,,,,,,,,,,,
168261,,,,,,,,,,,,,,,,,,,,0.545517,0.798476,-0.130134,,,,,,
168268,,,,,,,,,,,,,,,,,,,,,,,0.102419,0.183610,0.974536,-10.080000,-25.830000,110.180000
168269,,,,,,,,,,,,,,,,,,,,0.554841,0.796943,-0.110732,,,,,,
168273,,,,,,,,,,,,,,,,,,,,,,,0.156831,0.161162,0.974536,-0.420000,18.129999,112.070000
168274,,,,,,,,,,,,,54.202286,63.638245,0.287566,0.351073,,,,,,,,,,,,
168279,,,,0.680207,1.014495,0.138856,1.043561,-0.483630,,,,,,,,,,,,,,,,,,,,
168281,,,,,,,,,,,82.086838,97.959106,,,,,0.100216,0.230020,0.250494,,,,,,,,,
168280,,,,,,,,,,,,,,,,,,,,0.564776,0.795278,-0.091293,,,,,,
168284,,,,,,,,,,,,,54.886230,64.463371,0.328347,0.391836,,,,,,,,,,,,
168288,,,,,,,,,,,,,,,,,,,,,,,0.185684,0.130296,0.913719,16.030001,39.549999,121.730003
168290,,,,,,,,,,,,,,,,,,,,0.574903,0.793705,-0.071861,,,,,,
168293,,,,,,,,,,,,,,,,,,,,,,,0.185684,0.130296,0.913719,-0.910000,36.049999,124.180000
168294,,,,,,,,,,,,,56.086056,65.244789,0.328347,0.391836,,,,,,,,,,,,
168303,,,,,,,,,,,,,,,,,,,,,,,0.179401,0.222040,1.103429,-6.090000,-8.470000,121.449997
168300,,,,,,,,,,,,,,,,,,,,0.585258,0.792392,-0.049669,,,,,,
168304,,,,,,,,,,,,,57.057701,66.956497,0.328347,0.391836,,,,,,,,,,,,
168309,,,,,,,,,,,,,,,,,,,,0.595404,0.791327,-0.027558,,,,,,
168313,,,,,,,,,,,,,,,,,,,,,,,0.179401,0.222040,1.103429,23.940001,-2.520000,116.199997
168314,,,,,,,,,,,,,58.384754,68.898109,0.328347,0.391836,,,,,,,,,,,,
168325,,,,,,,,,,,,,59.462482,69.785210,0.328347,0.391836,,,,,,,,,,,,
168319,,,,,,,,,,,,,,,,,,,,0.606123,0.790511,-0.010905,,,,,,
168329,,,,0.732682,1.021287,0.119037,1.055288,-0.422898,,,,,,,,,,,,,,,,,,,,
168332,,,,,,,,,,,90.934341,106.191711,,,,,0.123815,0.231961,0.130647,,,,,,,,,
168333,,,,,,,,,,,,,,,,,,,,,,,0.185318,0.199226,1.044564,-21.209999,-9.800000,123.970001
168330,,,,,,,,,,,,,,,,,,,,0.616838,0.789931,0.011245,,,,,,
168334,,,,,,,,,,,,,61.182781,71.107330,0.363737,0.424767,,,,,,,,,,,,
168338,,,,,,,,,,,,,,,,,,,,,,,0.185318,0.199226,1.044564,-14.210000,-24.850000,131.039993
168339,,,,,,,,,,,,,,,,,,,,0.627723,0.789597,0.036118,,,,,,
168343,,,,,,,,,,,,,,,,,,,,,,,0.195566,0.215757,1.039013,2.520000,-18.340000,125.790001
168344,,,,,,,,,,,,,62.446823,72.442482,0.363737,0.424767,,,,,,,,,,,,
168349,,,,,,,,,,,,,,,,,,,,0.638839,0.789322,0.058246,,,,,,
168353,,,,,,,,,,,,,,,,,,,,,,,0.195566,0.215757,1.039013,12.530000,-8.680000,126.839996
168354,,,,,,,,,,,,,64.088997,74.698631,0.363737,0.424767,,,,,,,,,,,,
168359,,,,,,,,,,,,,,,,,,,,0.650264,0.789206,0.080416,,,,,,
168363,,,,,,,,,,,,,,,,,,,,,,,0.200019,0.179950,0.887855,12.390000,7.280000,129.149994
168364,,,,,,,,,,,,,65.965836,75.987450,0.363737,0.424767,,,,,,,,,,,,
168369,,,,,,,,,,,,,,,,,,,,0.662090,0.789318,0.102597,,,,,,
168373,,,,,,,,,,,,,,,,,,,,,,,0.200019,0.179950,0.887855,7.770000,28.840000,131.880005
168374,,,,,,,,,,,,,67.016190,77.641235,0.363737,0.424767,,,,,,,,,,,,
168379,,,,0.785356,1.027112,0.101612,1.060256,-0.371196,,,,,,,,,,,,0.674298,0.789757,0.124867,,,,,,
168381,,,,,,,,,,,98.547256,112.372894,,,,,0.146397,0.223871,0.000625,,,,,,,,,
168387,,,,,,,,,,,,,68.506645,78.745049,0.394189,0.449492,,,,,,,,,,,,
168389,,,,,,,,,,,,,,,,,,,,0.686662,0.790704,0.149847,,,,,,
168393,,,,,,,,,,,,,,,,,,,,,,,0.269559,0.233386,1.046333,-16.940001,-5.530000,117.459999
168394,,,,,,,,,,,,,69.607819,81.213997,0.394189,0.449492,,,,,,,,,,,,
168398,,,,,,,,,,,,,,,,,,,,,,,0.202276,0.327082,1.124962,-20.299999,-17.010000,116.620003
168400,,,,,,,,,,,,,,,,,,,,0.698853,0.791935,0.166412,,,,,,
168403,,,,,,,,,,,,,,,,,,,,,,,0.202276,0.327082,1.124962,-18.340000,-27.299999,116.269997
168404,,,,,,,,,,,,,71.182060,82.044373,0.394189,0.449492,,,,,,,,,,,,
168409,,,,,,,,,,,,,,,,,,,,0.710975,0.793367,0.185797,,,,,,
168413,,,,,,,,,,,,,,,,,,,,,,,0.202276,0.327082,1.124962,4.970000,-30.240000,121.099998
168414,,,,,,,,,,,,,73.036530,83.819077,0.394189,0.449492,,,,,,,,,,,,
168419,,,,,,,,,,,,,,,,,,,,0.723513,0.794953,0.207980,,,,,,
168423,,,,,,,,,,,,,,,,,,,,,,,0.233386,0.233874,1.042002,5.250000,-18.620001,123.830002
168424,,,,,,,,,,,,,74.628685,85.348091,0.394189,0.449492,,,,,,,,,,,,
168429,,,,0.837860,1.032051,0.086244,1.058434,-0.326898,,,,,,,,,,,,0.736611,0.796699,0.227510,,,,,,
168431,,,,,,,,,,,102.626976,114.424667,,,,,0.160378,0.208219,-0.120799,,,,,,,,,
168434,,,,,,,,,,,,,76.502113,86.618187,0.410508,0.457699,,,,,,,,,,,,
168437,,,,,,,,,,,,,,,,,,,,,,,0.229299,0.183122,0.902129,30.799999,6.440000,119.769997
168444,,,,,,,,,,,,,,,0.410508,0.457699,,,,,,,,,,,,
168445,,,,,,,,,,,,,78.447838,88.002388,,,,,,,,,,,,,,
168443,,,,,,,,,,,,,,,,,,,,0.749859,0.798646,0.249822,,,,,,
168448,,,,,,,,,,,,,,,,,,,,,,,0.229299,0.183122,0.902129,10.780000,16.100000,121.309998
168450,,,,,,,,,,,,,,,,,,,,0.763314,0.801099,0.272150,,,,,,
168453,,,,,,,,,,,,,,,,,,,,,,,0.229299,0.183122,0.902129,8.960000,25.059999,121.169998
168454,,,,,,,,,,,,,79.826889,89.593704,0.410508,0.457699,,,,,,,,,,,,
168459,,,,,,,,,,,,,,,,,,,,0.776966,0.803782,0.294572,,,,,,
168463,,,,,,,,,,,,,,,,,,,,,,,0.229116,0.273219,0.972950,-6.930000,14.000000,111.089996
168464,,,,,,,,,,,,,80.945259,90.816528,0.410508,0.457699,,,,,,,,,,,,
168469,,,,,,,,,,,,,,,,,,,,0.790782,0.807004,0.311407,,,,,,
168473,,,,,,,,,,,,,,,,,,,,,,,0.229116,0.273219,1.109041,-6.790000,-14.210000,110.040001
168474,,,,,,,,,,,,,82.339462,91.739922,0.410508,0.457699,,,,,,,,,,,,
168479,,,,0.889835,1.036182,0.072656,1.049883,-0.288703,,,,,,,,,,,,0.804425,0.810507,0.330982,,,,,,
168481,,,,,,,,,,,102.855644,112.178123,,,,,0.163985,0.187654,-0.237035,,,,,,,,,
168488,,,,,,,,,,,,,83.675735,92.784897,0.411423,0.448712,,,,,,,,,,,,
168489,,,,,,,,,,,,,,,,,,,,0.818048,0.814409,0.350504,,,,,,
168493,,,,,,,,,,,,,,,,,,,,,,,0.223809,0.260775,0.961482,15.120000,-11.060000,106.330002
168494,,,,,,,,,,,,,86.000259,94.531128,0.411423,0.448712,,,,,,,,,,,,
168498,,,,,,,,,,,,,,,,,,,,,,,0.181963,0.260775,0.961482,13.230000,9.870000,105.000000
168499,,,,,,,,,,,,,,,,,,,,0.832417,0.818727,0.370283,,,,,,
168503,,,,,,,,,,,,,,,,,,,,,,,0.181963,0.260775,0.961482,4.340000,37.450001,106.610001
168504,,,,,,,,,,,,,87.244858,95.525269,0.411423,0.448712,,,,,,,,,,,,
168509,,,,,,,,,,,,,,,,,,,,0.846516,0.823014,0.387291,,,,,,
168513,,,,,,,,,,,,,,,,,,,,,,,0.204411,0.259433,0.959469,-2.800000,44.450001,103.739998
168514,,,,,,,,,,,,,88.217102,96.281227,0.411423,0.448712,,,,,,,,,,,,
168520,,,,,,,,,,,,,,,,,,,,0.861056,0.828098,0.404410,,,,,,
168523,,,,,,,,,,,,,,,,,,,,,,,0.204411,0.259433,0.959469,-24.639999,37.240002,93.519997
168524,,,,,,,,,,,,,88.486656,97.465782,0.411423,0.448712,,,,,,,,,,,,
168529,,,,0.940951,1.039588,0.060616,1.034782,-0.255573,,,,,,,,,,,,,,,,,,,,
168531,,,,,,,,,,,99.332085,105.563095,,,,,0.156303,0.162793,-0.342572,,,,,,,,,
168530,,,,,,,,,,,,,,,,,,,,0.875577,0.833568,0.418420,,,,,,
168534,,,,,,,,,,,,,89.788818,97.891579,0.397328,0.422252,,,,,,,,,,,,
168537,,,,,,,,,,,,,,,,,,,,,,,0.139934,0.361364,1.162965,-34.860001,-14.910000,80.220001
168545,,,,,,,,,,,,,90.845840,98.650444,0.397328,0.422252,,,,,,,,,,,,
168539,,,,,,,,,,,,,,,,,,,,0.889379,0.839187,0.435438,,,,,,
168549,,,,,,,,,,,,,,,,,,,,,,,0.139934,0.361364,1.162965,-27.230000,14.700000,87.080002
168550,,,,,,,,,,,,,,,,,,,,0.903829,0.845142,0.452370,,,,,,
168554,,,,,,,,,,,,,91.878975,99.039658,0.397328,0.422252,,,,,,,0.124562,0.212402,0.870775,30.730000,19.320000,82.040001
168559,,,,,,,,,,,,,,,,,,,,0.918294,0.850929,0.463930,,,,,,
168563,,,,,,,,,,,,,,,,,,,,,,,0.124562,0.212402,0.870775,25.270000,16.309999,72.589996
168564,,,,,,,,,,,,,92.617447,99.776558,0.397328,0.422252,,,,,,,,,,,,
168569,,,,,,,,,,,,,,,,,,,,0.932996,0.857211,0.475366,,,,,,
168573,,,,,,,,,,,,,,,,,,,,,,,0.097295,0.200141,0.912682,44.520000,7.280000,69.650002
168574,,,,,,,,,,,,,93.244438,99.815117,0.397328,0.422252,,,,,,,,,,,,
168579,,,,0.990884,1.042347,0.049931,1.013383,-0.226659,,,,,,,,,,,,0.947128,0.863450,0.489762,,,,,,
168581,,,,,,,,,,,92.034676,95.473976,,,,,,,,,,,,,,,,
168582,,,,,,,,,,,,,,,,,0.136007,0.137921,-0.424296,,,,,,,,,
168588,,,,,,,,,,,,,93.703697,100.405174,0.368139,0.381896,,,,,,,,,,,,
168589,,,,,,,,,,,,,,,,,,,,0.961624,0.870431,0.501334,,,,,,
168593,,,,,,,,,,,,,,,,,,,,,,,0.097295,0.250832,1.081042,-24.639999,38.849998,51.169998
168594,,,,,,,,,,,,,94.620758,101.187531,0.368139,0.381896,,,,,,,,,,,,
168599,,,,,,,,,,,,,,,,,,,,0.976018,0.877623,0.506983,0.049532,0.250832,1.081042,-6.790000,15.750000,49.700001
168604,,,,,,,,,,,,,95.400803,100.926086,0.368139,0.381896,,,,,,,0.049532,0.250832,1.081042,-10.640000,2.520000,53.970001
168609,,,,,,,,,,,,,,,,,,,,0.990155,0.885053,0.518324,,,,,,
168612,,,,,,,,,,,,,,,,,,,,,,,0.039833,0.228872,1.050298,-17.780001,-2.800000,57.189999
168614,,,,,,,,,,,,,95.664070,100.883186,0.368139,0.381896,,,,,,,,,,,,
168619,,,,,,,,,,,,,,,,,,,,1.004389,0.892515,0.526811,,,,,,
168623,,,,,,,,,,,,,,,,,,,,,,,0.039833,0.228872,1.050298,25.129999,-28.070000,51.730000
168624,,,,,,,,,,,,,96.356468,101.294891,0.368139,0.381896,,,,,,,,,,,,
168629,,,,1.039334,1.044535,0.040438,0.986036,-0.201283,,,,,,,,,,,,,,,,,,,,
168631,,,,,,,,,,,82.300957,82.910248,,,,,0.106559,0.113635,-0.485655,,,,,,,,,
168630,,,,,,,,,,,,,,,,,,,,1.018529,0.900066,0.535482,,,,,,
168634,,,,,,,,,,,,,96.408936,101.111786,0.329204,0.331641,,,,,,,,,,,,
168637,,,,,,,,,,,,,,,,,,,,,,,-0.025376,0.141459,0.927871,9.030000,8.190000,31.080000
168645,,,,,,,,,,,,,96.421555,101.365829,0.329204,0.331641,,,,,,,,,,,,
168639,,,,,,,,,,,,,,,,,,,,1.032643,0.907712,0.541274,,,,,,
168648,,,,,,,,,,,,,,,,,,,,,,,-0.025376,0.141459,0.927871,7.840000,6.510000,25.340000
168649,,,,,,,,,,,,,,,,,,,,1.046567,0.915662,0.544167,,,,,,
168653,,,,,,,,,,,,,,,,,,,,,,,-0.045018,0.132736,1.091534,-24.990000,-2.590000,24.290001
168654,,,,,,,,,,,,,96.653748,100.192879,0.329204,0.331641,,,,,,,,,,,,
168660,,,,,,,,,,,,,,,,,,,,1.059875,0.923508,0.549632,,,,,,
168663,,,,,,,,,,,,,,,,,,,,,,,-0.045018,0.132736,1.091534,-22.750000,-19.250000,20.230000
168664,,,,,,,,,,,,,96.087646,99.612259,0.329204,0.331641,,,,,,,,,,,,
168670,,,,,,,,,,,,,,,,,,,,1.073861,0.931779,0.552547,,,,,,
168673,,,,,,,,,,,,,,,,,,,,,,,-0.102114,0.116144,1.116666,23.940001,-0.770000,12.390000
168674,,,,,,,,,,,,,96.185837,99.151443,0.329204,0.331641,,,,,,,,,,,,
168679,,,,1.086034,1.046224,0.031999,0.953136,-0.178890,,,,,,,,,,,,1.087635,0.939472,0.555551,,,,,,
168681,,,,,,,,,,,71.072388,69.252113,,,,,0.070532,0.090835,-0.520545,,,,,,,,,
168684,,,,,,,,,,,,,96.237656,98.732918,0.284290,0.277008,,,,,,,,,,,,
168688,,,,,,,,,,,,,,,,,,,,,,,-0.125111,0.009882,0.712419,29.400000,8.610000,15.330000
168689,,,,,,,,,,,,,,,,,,,,1.101470,0.947147,0.555670,,,,,,
168693,,,,,,,,,,,,,,,,,,,,,,,-0.125111,0.009882,0.712419,2.800000,20.299999,7.280000
168694,,,,,,,,,,,,,95.834534,97.934044,0.284290,0.277008,,,,,,,,,,,,
168705,,,,,,,,,,,,,95.018234,96.784767,0.284290,0.277008,,,,,,,,,,,,
168700,,,,,,,,,,,,,,,,,,,,1.114879,0.954808,0.555775,,,,,,
168708,,,,,,,,,,,,,,,,,,,,,,,-0.125111,0.028365,0.990030,8.820000,62.299999,-22.889999
168709,,,,,,,,,,,,,,,,,,,,1.128838,0.963311,0.553063,,,,,,
168713,,,,,,,,,,,,,,,,,,,,,,,-0.175436,0.028365,0.990030,-51.169998,70.279999,-23.870001
168714,,,,,,,,,,,,,94.626045,95.474243,0.284290,0.277008,,,,,,,,,,,,
168719,,,,,,,,,,,,,,,,,,,,1.141961,0.971587,0.550287,,,,,,
168723,,,,,,,,,,,,,,,,,,,,,,,-0.249124,0.060939,0.862662,-31.150000,102.059998,-19.530001
168724,,,,,,,,,,,,,93.907928,94.072006,0.284290,0.277008,,,,,,,,,,,,
168729,,,,1.130725,1.047485,0.024499,0.915163,-0.159025,,,,,,,,,,,,,,,,,,,,
168731,,,,,,,,,,,59.049088,55.535645,,,,,0.030420,0.070387,-0.526091,,,,,,,,,
168730,,,,,,,,,,,,,,,,,,,,1.155852,0.980020,0.547910,,,,,,
168734,,,,,,,,,,,,,93.253403,92.843796,0.236196,0.222143,,,,,,,,,,,,
168737,,,,,,,,,,,,,,,,,,,,,,,-0.249124,0.060939,0.862662,-14.840000,124.529999,-34.160000
168739,,,,,,,,,,,,,,,,,,,,1.169551,0.988129,0.542905,,,,,,
168743,,,,,,,,,,,,,,,,,,,,,,,-0.260165,-0.082411,0.912682,-8.750000,147.839996,-36.680000
168744,,,,,,,,,,,,,92.134399,91.242912,0.236196,0.222143,,,,,,,,,,,,
168749,,,,,,,,,,,,,,,,,,,,1.183280,0.995956,0.535097,,,,,,
168753,,,,,,,,,,,,,,,,,,,,,,,-0.260165,-0.082411,0.912682,23.379999,113.400002,-27.440001
168754,,,,,,,,,,,,,90.696304,89.397270,0.236196,0.222143,,,,,,,,,,,,
168765,,,,,,,,,,,,,88.857826,87.282280,0.236196,0.222143,,,,,,,,,,,,
168759,,,,,,,,,,,,,,,,,,,,1.196007,1.003274,0.526941,,,,,,
168768,,,,,,,,,,,,,,,,,,,,,,,-0.440786,-0.057645,0.944646,-9.800000,-51.099998,-34.090000
168769,,,,,,,,,,,,,,,,,,,,1.207418,1.009972,0.525735,,,,,,
168773,,,,,,,,,,,,,,,,,,,,,,,-0.440786,-0.057645,0.944646,25.059999,-55.299999,-31.990000
168774,,,,,,,,,,,,,88.110054,85.513428,0.236196,0.222143,,,,,,,,,,,,
168779,,,,1.173198,1.048383,0.017837,0.872636,-0.141320,,,,,,,,,,,,1.219539,1.016616,0.514988,,,,,,
168781,,,,,,,,,,,47.239372,42.426731,,,,,-0.009779,0.050338,-0.508028,,,,,,,,,
168784,,,,,,,,,,,,,87.271820,84.539680,0.188957,0.169707,,,,,,,,,,,,
168788,,,,,,,,,,,,,,,,,,,,,,,-0.552538,-0.129747,0.813923,-23.030001,6.440000,-57.889999
168789,,,,,,,,,,,,,,,,,,,,1.230599,1.022847,0.508636,,,,,,
168793,,,,,,,,,,,,,,,,,,,,,,,-0.552538,-0.129747,0.813923,1.960000,-2.380000,-51.939999
168794,,,,,,,,,,,,,85.514366,82.666283,0.188957,0.169707,,,,,,,,,,,,
168805,,,,,,,,,,,,,83.709656,80.290855,0.188957,0.169707,,,,,,,,,,,,
168799,,,,,,,,,,,,,,,,,,,,1.242212,1.029238,0.496995,,,,,,
168808,,,,,,,,,,,,,,,,,,,,,,,-0.449448,-0.099552,0.937753,-4.970000,53.270000,-40.880001
168809,,,,,,,,,,,,,,,,,,,,1.253350,1.035126,0.491628,,,,,,
168813,,,,,,,,,,,,,,,,,,,,,,,-0.449448,-0.099552,0.937753,20.790001,48.299999,-38.360001
168814,,,,,,,,,,,,,82.258339,78.199249,0.188957,0.169707,,,,,,,,,,,,
168819,,,,,,,,,,,,,,,,,,,,1.264536,1.040649,0.480527,,,,,,
168823,,,,,,,,,,,,,,,,,,,,,,,-0.522465,-0.120475,0.889807,28.980000,-8.680000,-43.540001
168824,,,,,,,,,,,,,80.178688,75.666718,0.188957,0.169707,,,,,,,,,,,,
168829,,,,1.213262,1.048978,0.011926,0.826126,-0.125465,,,,,,,,,,,,1.275078,1.045893,0.472061,,,,,,
168832,,,,,,,,,,,37.763588,32.021446,,,,,-0.041374,0.031038,-0.469011,,,,,,,,,
168834,,,,,,,,,,,,,78.396942,73.507111,0.151054,0.128086,,,,,,,,,,,,
168838,,,,,,,,,,,,,,,,,,,,,,,-0.454267,-0.111630,0.730231,40.599998,-11.200000,-38.639999
168839,,,,,,,,,,,,,,,,,,,,1.285180,1.050623,0.469429,,,,,,
168843,,,,,,,,,,,,,,,,,,,,,,,-0.454267,-0.111630,0.730231,18.200001,-25.620001,-48.299999
168844,,,,,,,,,,,,,76.415062,71.750656,0.151054,0.128086,,,,,,,,,,,,
168849,,,,,,,,,,,,,,,,,,,,1.295109,1.055473,0.461148,,,,,,
168853,,,,,,,,,,,,,,,,,,,,,,,-0.454267,-0.111630,0.730231,18.200001,-2.730000,-41.230000
168854,,,,,,,,,,,,,74.158554,69.685982,0.151054,0.128086,,,,,,,,,,,,
168865,,,,,,,,,,,,,71.785675,67.528313,0.151054,0.128086,,,,,,,,,,,,
168859,,,,,,,,,,,,,,,,,,,,1.304533,1.059680,0.449203,,,,,,
168868,,,,,,,,,,,,,,,,,,,,,,,-0.556015,-0.112423,1.010282,13.160000,-9.870000,-62.369999
168869,,,,,,,,,,,,,,,,,,,,1.313504,1.064020,0.441465,,,,,,
168873,,,,,,,,,,,,,,,,,,,,,,,-0.556015,-0.112423,1.010282,22.540001,5.670000,-70.419998
168874,,,,,,,,,,,,,69.624794,65.427689,0.151054,0.128086,,,,,,,,,,,,
168879,,,,1.250770,1.049326,0.006692,0.776230,-0.111208,,,,,,,,,,,,1.322459,1.068078,0.429567,,,,,,
168881,,,,,,,,,,,30.526947,23.826666,,,,,-0.062977,0.013448,-0.434927,,,,,,,,,
168884,,,,,,,,,,,,,67.886978,63.260868,0.122108,0.095307,,,,,,,,,,,,
168888,,,,,,,,,,,,,,,,,,,,,,,-0.500505,-0.063562,0.825879,6.440000,-30.870001,-70.839996
168889,,,,,,,,,,,,,,,,,,,,1.330832,1.071859,0.415363,,,,,,
168893,,,,,,,,,,,,,,,,,,,,,,,-0.500505,-0.063562,0.825879,4.410000,-27.299999,-66.989998
168894,,,,,,,,,,,,,65.912796,60.921303,0.122108,0.095307,,,,,,,,,,,,
168899,,,,,,,,,,,,,,,,,,,,1.338734,1.075305,0.406174,,,,,,
168903,,,,,,,,,,,,,,,,,,,,,,,-0.555710,-0.100772,1.010526,-0.980000,-10.920000,-69.510002
168904,,,,,,,,,,,,,63.669861,58.375240,0.122108,0.095307,,,,,,,,,,,,
168909,,,,,,,,,,,,,,,,,,,,1.346360,1.078751,0.392034,,,,,,
168913,,,,,,,,,,,,,,,,,,,,,,,-0.555710,-0.091744,0.980331,-10.150000,6.090000,-69.580002
168914,,,,,,,,,,,,,61.801685,55.700817,0.122108,0.095307,,,,,,,,,,,,
168925,,,,,,,,,,,,,59.381229,53.263786,0.122108,0.095307,,,,,,,,,,,,
168920,,,,,,,,,,,,,,,,,,,,1.354172,1.081879,0.381111,,,,,,
168928,,,,,,,,,,,,,,,,,,,,,,,-0.515084,-0.091744,0.980331,10.990000,17.850000,-78.959999
168929,,,,1.285596,1.049478,0.002070,0.723578,-0.098338,,,,,,,,,,,,,,,,,,,,
168931,,,,,,,,,,,25.215664,18.446598,,,,,-0.075780,-0.004542,-0.379520,,,,,,,,,
168930,,,,,,,,,,,,,,,,,,,,1.361369,1.084751,0.363878,,,,,,
168934,,,,,,,,,,,,,57.386417,51.002026,0.100863,0.073786,,,,,,,,,,,,
168937,,,,,,,,,,,,,,,,,,,,,,,-0.498065,-0.110471,0.981063,-11.340000,17.570000,-86.800003
168939,,,,,,,,,,,,,,,,,,,,1.368286,1.087601,0.352723,,,,,,
168943,,,,,,,,,,,,,,,,,,,,,,,-0.498065,-0.110471,0.981063,-10.150000,19.950001,-89.040001
168944,,,,,,,,,,,,,55.419636,48.950161,0.100863,0.073786,,,,,,,,,,,,
168949,,,,,,,,,,,,,,,,,,,,1.374882,1.090248,0.335468,,,,,,
168953,,,,,,,,,,,,,,,,,,,,,,,-0.500200,-0.104859,0.977891,-4.410000,3.710000,-99.610001
168954,,,,,,,,,,,,,53.204037,46.117130,0.100863,0.073786,,,,,,,,,,,,
168965,,,,,,,,,,,,,51.131931,44.189617,0.100863,0.073786,,,,,,,,,,,,
168959,,,,,,,,,,,,,,,,,,,,1.381280,1.092544,0.315383,,,,,,
168968,,,,,,,,,,,,,,,,,,,,,,,-0.500200,-0.104859,0.977891,-11.690000,8.680000,-92.260002
168969,,,,,,,,,,,,,,,,,,,,1.387391,1.094232,0.295023,,,,,,
168973,,,,,,,,,,,,,,,,,,,,,,,-0.507825,-0.137433,0.928298,4.130000,-13.370000,-91.839996
168974,,,,,,,,,,,,,49.241486,41.534500,0.100863,0.073786,,,,,,,,,,,,
168979,,,,1.317636,1.049479,-0.001995,0.668832,-0.086683,,,,,,,,,,,,1.392714,1.096100,0.281548,,,,,,
168981,,,,,,,,,,,21.840673,15.591904,,,,,-0.079882,-0.022395,-0.298490,,,,,,,,,
168984,,,,,,,,,,,,,47.456093,39.328442,0.087363,0.062368,,,,,,,,,,,,
168987,,,,,,,,,,,,,,,,,,,,,,,-0.507825,-0.137433,0.928298,11.200000,-15.680000,-94.849998
168989,,,,,,,,,,,,,,,,,,,,1.397884,1.097567,0.273389,,,,,,
168993,,,,,,,,,,,,,,,,,,,,,,,-0.427976,-0.151768,0.960933,16.309999,-11.340000,-92.820000
168994,,,,,,,,,,,,,45.415581,37.479767,0.087363,0.062368,,,,,,,,,,,,
168999,,,,,,,,,,,,,,,,,,,,1.403040,1.098967,0.253620,,,,,,
169003,,,,,,,,,,,,,,,,,,,,,,,-0.427976,-0.151768,0.960933,16.379999,3.640000,-90.230003
169004,,,,,,,,,,,,,43.683811,35.365273,0.087363,0.062368,,,,,,,,,,,,
169009,,,,,,,,,,,,,,,,,,,,1.407778,1.100092,0.237141,,,,,,
169013,,,,,,,,,,,,,,,,,,,,,,,-0.429135,-0.119316,1.008879,15.400000,0.350000,-87.360001
169014,,,,,,,,,,,,,41.684040,33.589603,0.087363,0.062368,,,,,,,,,,,,
169025,,,,,,,,,,,,,39.618805,31.797955,0.087363,0.062368,,,,,,,,,,,,
169019,,,,,,,,,,,,,,,,,,,,1.412329,1.101106,0.226161,,,,,,
169028,,,,,,,,,,,,,,,,,,,,,,,-0.429135,-0.119316,1.008879,12.110000,-6.580000,-83.790001
169030,,,,1.346844,1.049368,-0.005555,0.612632,-0.076097,,,,,,,,,,,,,,,,,,,,
169032,,,,,,,,,,,19.984169,14.372329,,,,,-0.075667,-0.035725,-0.231740,,,,,,,,,
169029,,,,,,,,,,,,,,,,,,,,1.416815,1.101707,0.211994,,,,,,
169034,,,,,,,,,,,,,38.137226,30.356270,0.079937,0.057489,,,,,,,,,,,,
169038,,,,,,,,,,,,,,,,,,,,,,,-0.405162,-0.079788,0.945744,16.520000,-11.340000,-90.440002
169039,,,,,,,,,,,,,,,,,,,,1.420489,1.102514,0.192541,,,,,,
169043,,,,,,,,,,,,,,,,,,,,,,,-0.405162,-0.079788,0.945744,17.430000,-20.160000,-88.900002
169044,,,,,,,,,,,,,36.460743,28.274315,0.079937,0.057489,,,,,,,,,,,,
169050,,,,,,,,,,,,,,,,,,,,1.424203,1.103150,0.181267,,,,,,
169053,,,,,,,,,,,,,,,,,,,,,,,-0.361669,-0.074847,0.965020,4.550000,-19.740000,-84.699997
169054,,,,,,,,,,,,,35.077080,27.089268,0.079937,0.057489,,,,,,,,,,,,
169059,,,,,,,,,,,,,,,,,,,,1.427691,1.103595,0.161699,,,,,,
169063,,,,,,,,,,,,,,,,,,,,,,,-0.361669,-0.074847,0.965020,18.270000,-17.150000,-80.500000
169064,,,,,,,,,,,,,33.344036,25.528755,0.079937,0.057489,,,,,,,,,,,,
169069,,,,,,,,,,,,,,,,,,,,1.431007,1.104060,0.147672,,,,,,
169073,,,,,,,,,,,,,,,,,,,,,,,-0.349713,-0.072224,1.017053,10.500000,-19.110001,-81.339996
169074,,,,,,,,,,,,,31.894728,24.222076,0.079937,0.057489,,,,,,,,,,,,
169079,,,,1.373200,1.049181,-0.008656,0.555648,-0.066461,,,,,,,,,,,,,,,,,,,,
169081,,,,,,,,,,,19.174566,14.604519,,,,,-0.065615,-0.045790,-0.157148,,,,,,,,,
169080,,,,,,,,,,,,,,,,,,,,1.434210,1.104343,0.124948,,,,,,
169087,,,,,,,,,,,,,30.553802,22.858841,0.076698,0.058418,,,,,,,,,,,,
169089,,,,,,,,,,,,,,,,,,,,1.437334,1.104393,0.113553,,,,,,
169092,,,,,,,,,,,,,,,,,,,,,,,-0.278404,-0.048434,0.951173,15.610000,-17.360001,-80.010002
169094,,,,,,,,,,,,,28.961397,20.860142,0.076698,0.058418,,,,,,,,,,,,
169097,,,,,,,,,,,,,,,,,,,,,,,-0.278404,-0.048434,0.951173,11.340000,-12.740000,-78.050003
169099,,,,,,,,,,,,,,,,,,,,1.439848,1.104752,0.100025,,,,,,
169103,,,,,,,,,,,,,,,,,,,,,,,-0.278404,-0.048434,0.951173,6.090000,-15.330000,-80.779999
169104,,,,,,,,,,,,,27.660728,19.746796,0.076698,0.058418,,,,,,,,,,,,
169110,,,,,,,,,,,,,,,,,,,,1.442524,1.104990,0.091817,,,,,,
169112,,,,,,,,,,,,,,,,,,,,,,,-0.264984,-0.045506,1.034011,11.410000,-11.200000,-76.580002
169114,,,,,,,,,,,,,26.563362,18.808037,0.076698,0.058418,,,,,,,,,,,,
169119,,,,,,,,,,,,,,,,,,,,1.444946,1.105331,0.078351,,,,,,
169123,,,,,,,,,,,,,,,,,,,,,,,-0.264984,-0.033672,0.998631,8.260000,-8.190000,-77.910004
169124,,,,,,,,,,,,,25.086807,17.466919,0.076698,0.058418,,,,,,,,,,,,
169129,,,,1.396703,1.048946,-0.011336,0.498522,-0.057673,,,,,,,,,,,,1.447486,1.105281,0.058214,,,,,,
169131,,,,,,,,,,,18.744579,15.286732,,,,,-0.052803,-0.052472,-0.089844,,,,,,,,,
169134,,,,,,,,,,,,,23.849394,16.889750,0.074978,0.061147,,,,,,,,,,,,
169137,,,,,,,,,,,,,,,,,,,,,,,-0.215940,-0.033672,0.998631,4.200000,3.500000,-75.809998
169145,,,,,,,,,,,,,23.118679,15.736934,0.074978,0.061147,,,,,,,,,,,,
169139,,,,,,,,,,,,,,,,,,,,1.449682,1.105553,0.050357,,,,,,
169148,,,,,,,,,,,,,,,,,,,,,,,-0.205021,-0.032513,1.020591,10.500000,0.840000,-77.839996
169149,,,,,,,,,,,,,,,,,,,,1.451930,1.105580,0.042177,,,,,,
169153,,,,,,,,,,,,,,,,,,,,,,,-0.205021,-0.032513,1.020591,6.020000,3.010000,-75.389999
169154,,,,,,,,,,,,,21.823757,14.426906,0.074978,0.061147,,,,,,,,,,,,
169159,,,,,,,,,,,,,,,,,,,,1.454459,1.105469,0.025114,,,,,,
169162,,,,,,,,,,,,,,,,,,,,,,,-0.186843,-0.041053,1.006866,9.730000,13.300000,-68.809998
169164,,,,,,,,,,,,,21.103035,13.783114,0.074978,0.061147,,,,,,,,,,,,
169169,,,,,,,,,,,,,,,,,,,,1.456696,1.105183,0.016900,,,,,,
169173,,,,,,,,,,,,,,,,,,,,,,,-0.186843,-0.041053,1.006866,12.600000,5.950000,-66.360001
169174,,,,,,,,,,,,,19.946529,13.239940,0.074978,0.061147,,,,,,,,,,,,
169179,,,,1.417399,1.048687,-0.013632,0.441918,-0.049656,,,,,,,,,,,,1.458547,1.105471,0.003169,,,,,,
169181,,,,,,,,,,,18.078346,15.674323,,,,,-0.040410,-0.055888,-0.030660,,,,,,,,,
169188,,,,,,,,,,,,,19.206789,12.351974,0.072313,0.062697,,,,,,,,,,,,
169190,,,,,,,,,,,,,,,,,,,,1.460812,1.105271,-0.017144,,,,,,
169193,,,,,,,,,,,,,,,,,,,,,,,-0.175253,-0.026840,1.017968,6.440000,8.960000,-60.549999
169194,,,,,,,,,,,,,18.726768,11.248343,0.072313,0.062697,,,,,,,,,,,,
169197,,,,,,,,,,,,,,,,,,,,,,,-0.175253,-0.026840,1.017968,4.690000,8.190000,-60.689999
169199,,,,,,,,,,,,,,,,,,,,1.462407,1.105412,-0.021808,,,,,,
169203,,,,,,,,,,,,,,,,,,,,,,,-0.163541,-0.008540,0.991860,5.460000,3.150000,-62.160000
169204,,,,,,,,,,,,,17.947802,11.107679,0.072313,0.062697,,,,,,,,,,,,
169209,,,,,,,,,,,,,,,,,,,,1.464445,1.105179,-0.035976,,,,,,
169213,,,,,,,,,,,,,,,,,,,,,,,-0.163541,-0.008540,0.991860,6.440000,-1.050000,-67.410004
169214,,,,,,,,,,,,,17.294806,10.442763,0.072313,0.062697,,,,,,,,,,,,
169219,,,,,,,,,,,,,,,,,,,,1.465917,1.105325,-0.041253,,,,,,
169223,,,,,,,,,,,,,,,,,,,,,,,-0.176839,-0.020618,1.012173,6.230000,2.100000,-58.169998
169224,,,,,,,,,,,,,16.745596,9.883413,0.072313,0.062697,,,,,,,,,,,,
169229,,,,1.435364,1.048425,-0.015580,0.386453,-0.042342,,,,,,,,,,,,1.467727,1.105084,-0.058072,,,,,,
169231,,,,,,,,,,,17.330061,15.889900,,,,,-0.028303,-0.058107,0.025940,,,,,,,,,
169234,,,,,,,,,,,,,15.729439,9.409034,0.069330,0.063600,,,,,,,,,,,,
169237,,,,,,,,,,,,,,,,,,,,,,,-0.176839,-0.020618,1.027484,11.130000,-2.870000,-50.540001
169245,,,,,,,,,,,,,15.208266,9.396899,0.069333,0.063600,,,,,,,,,,,,
169239,,,,,,,,,,,,,,,,,,,,1.469302,1.104987,-0.063351,,,,,,
169248,,,,,,,,,,,,,,,,,,,,,,,-0.169885,-0.033001,1.027484,10.920000,-4.620000,-43.189999
169249,,,,,,,,,,,,,,,,,,,,1.470800,1.104673,-0.074736,,,,,,
169253,,,,,,,,,,,,,,,,,,,,,,,-0.169885,-0.033001,1.027484,8.540000,-7.280000,-39.410000
169254,,,,,,,,,,,,,14.647581,8.523665,0.069337,0.063605,,,,,,,,,,,,
169259,,,,,,,,,,,,,,,,,,,,1.472253,1.104509,-0.080165,,,,,,
169263,,,,,,,,,,,,,,,,,,,,,,,-0.156892,-0.000732,0.989725,6.510000,-8.960000,-32.830002
169264,,,,,,,,,,,,,14.520211,8.818615,0.069338,0.063603,,,,,,,,,,,,
169269,,,,,,,,,,,,,,,,,,,,1.473439,1.104463,-0.085720,,,,,,
169273,,,,,,,,,,,,,,,,,,,,,,,-0.156892,-0.000732,0.989725,3.640000,-11.900000,-29.120001
169274,,,,,,,,,,,,,13.861125,8.515862,0.069342,0.063605,,,,,,,,,,,,
169279,,,,1.450714,1.048173,-0.017211,0.332743,-0.035678,,,,,,,,,,,,1.474856,1.104350,-0.088645,,,,,,
169281,,,,,,,,,,,16.311453,15.597900,,,,,-0.017935,-0.058068,0.068818,,,,,,,,,
169287,,,,,,,,,,,,,13.317643,8.406417,0.065297,0.062514,,,,,,,,,,,,
169292,,,,,,,,,,,,,,,,,,,,,,,-0.163663,0.000122,1.018151,4.270000,-23.309999,-35.070000
169290,,,,,,,,,,,,,,,,,,,,1.475893,1.104157,-0.094164,,,,,,
169294,,,,,,,,,,,,,12.011955,7.879650,0.065319,0.062523,,,,,,,,,,,,
169297,,,,,,,,,,,,,,,,,,,,,,,-0.142435,-0.005368,1.007842,3.570000,-25.760000,-31.990000
169299,,,,,,,,,,,,,,,,,,,,1.476923,1.104094,-0.096693,,,,,,
169303,,,,,,,,,,,,,,,,,,,,,,,-0.142435,-0.005368,1.007842,3.150000,-27.440001,-30.030001
169304,,,,,,,,,,,,,11.756822,7.729912,0.065323,0.062525,,,,,,,,,,,,
169309,,,,,,,,,,,,,,,,,,,,1.477853,1.104007,-0.102135,,,,,,
169313,,,,,,,,,,,,,,,,,,,,,,,-0.142435,-0.005368,1.007842,2.170000,-31.010000,-27.790001
169314,,,,,,,,,,,,,11.537997,7.601153,0.065327,0.062528,,,,,,,,,,,,
169320,,,,,,,,,,,,,,,,,,,,1.478806,1.103826,-0.110575,,,,,,
169323,,,,,,,,,,,,,,,,,,,,,,,-0.154208,0.001098,1.012600,3.500000,-36.959999,-28.770000
169324,,,,,,,,,,,,,10.802738,7.490278,0.065340,0.062529,,,,,,,,,,,,
169329,,,,1.463553,1.047943,-0.018553,0.281360,-0.029624,,,,,,,,,,,,,,,,,,,,
169331,,,,,,,,,,,15.187188,14.891662,,,,,-0.009143,-0.057242,0.092452,,,,,,,,,
169330,,,,,,,,,,,,,,,,,,,,1.479453,1.103790,-0.113266,,,,,,
169334,,,,,,,,,,,,,10.733409,7.398310,0.060836,0.059714,,,,,,,,,,,,
169337,,,,,,,,,,,,,,,,,,,,,,,-0.130845,-0.006405,1.011441,2.940000,-45.430000,-28.420000
169345,,,,,,,,,,,,,10.045041,7.238890,0.060850,0.059717,,,,,,,,,,,,
169339,,,,,,,,,,,,,,,,,,,,1.480001,1.103738,-0.113290,,,,,,
169347,,,,,,,,,,,,,,,,,,,,,,,-0.130845,-0.006405,1.011441,2.450000,-47.950001,-27.299999
169349,,,,,,,,,,,,,,,,,,,,1.480629,1.103648,-0.124586,,,,,,
169353,,,,,,,,,,,,,,,,,,,,,,,-0.114436,0.003538,1.015589,1.680000,-54.250000,-28.420000
169354,,,,,,,,,,,,,9.646594,7.285499,0.060858,0.059716,,,,,,,,,,,,
169359,,,,,,,,,,,,,,,,,,,,1.481110,1.103522,-0.130220,,,,,,
169363,,,,,,,,,,,,,,,,,,,,,,,-0.114436,0.003538,1.015589,2.310000,-60.619999,-26.389999
169364,,,,,,,,,,,,,9.212965,6.678179,0.060866,0.059728,,,,,,,,,,,,
169369,,,,,,,,,,,,,,,,,,,,1.481386,1.103572,-0.132978,,,,,,
169373,,,,,,,,,,,,,,,,,,,,,,,-0.106933,-0.007869,1.028521,5.110000,-21.420000,-20.510000
169374,,,,,,,,,,,,,8.848220,6.167235,0.060873,0.059738,,,,,,,,,,,,
169379,,,,1.474045,1.047743,-0.019635,0.232839,-0.024149,,,,,,,,,,,,,,,,,,,,
169381,,,,,,,,,,,14.349456,14.341787,,,,,-0.000168,-0.056309,0.113514,,,,,,,,,
169380,,,,,,,,,,,,,,,,,,,,1.481950,1.103567,-0.132817,,,,,,
169384,,,,,,,,,,,,,8.538461,5.735896,0.057564,0.057613,,,,,,,,,,,,
169387,,,,,,,,,,,,,,,,,,,,,,,-0.106933,-0.007869,1.028521,0.630000,14.910000,-22.190001
169389,,,,,,,,,,,,,,,,,,,,1.482889,1.103397,-0.132785,,,,,,
169393,,,,,,,,,,,,,,,,,,,,,,,-0.066490,0.011163,0.962641,0.910000,31.219999,-22.049999
169394,,,,,,,,,,,,,7.733139,4.826182,0.057587,0.057639,,,,,,,,,,,,
169405,,,,,,,,,,,,,7.011242,4.060749,0.057607,0.057661,,,,,,,,,,,,
169400,,,,,,,,,,,,,,,,,,,,1.484122,1.102995,-0.144082,,,,,,
169408,,,,,,,,,,,,,,,,,,,,,,,-0.066490,0.011163,0.962641,-3.570000,24.500000,-28.420000
169409,,,,,,,,,,,,,,,,,,,,1.484685,1.103136,-0.152460,,,,,,
169413,,,,,,,,,,,,,,,,,,,,,,,-0.088694,0.000610,1.033401,1.330000,17.850000,-32.410000
169414,,,,,,,,,,,,,6.499968,3.416713,0.057622,0.057679,,,,,,,,,,,,
169419,,,,,,,,,,,,,,,,,,,,1.485176,1.102981,-0.152241,,,,,,
169423,,,,,,,,,,,,,,,,,,,,,,,-0.088694,0.000610,1.033401,2.800000,9.030000,-31.920000
169424,,,,,,,,,,,,,6.562094,3.967843,0.057620,0.057663,,,,,,,,,,,,
169429,,,,1.482399,1.047575,-0.020487,0.187725,-0.019233,,,,,,,,,,,,1.485988,1.102678,-0.155024,,,,,,
169431,,,,,,,,,,,12.952304,13.124132,,,,,0.005618,-0.055189,0.132102,,,,,,,,,
169434,,,,,,,,,,,,,6.071000,3.888198,0.052077,0.052855,,,,,,,,,,,,
169437,,,,,,,,,,,,,,,,,,,,,,,-0.100955,-0.010370,1.022238,2.590000,-7.630000,-25.480000
169439,,,,,,,,,,,,,,,,,,,,1.486497,1.102558,-0.160569,,,,,,
169443,,,,,,,,,,,,,,,,,,,,,,,-0.100955,-0.010370,1.022238,-1.050000,-21.420000,-15.120000
169444,,,,,,,,,,,,,5.655473,3.271529,0.052093,0.052879,,,,,,,,,,,,
169450,,,,,,,,,,,,,,,,,,,,1.486849,1.102569,-0.163226,,,,,,
169453,,,,,,,,,,,,,,,,,,,,,,,-0.076555,0.008784,1.012722,0.280000,-16.379999,-14.840000
169454,,,,,,,,,,,,,5.307228,2.752664,0.052106,0.052899,,,,,,,,,,,,
169465,,,,,,,,,,,,,4.979609,2.316091,0.052119,0.052916,,,,,,,,,,,,
169459,,,,,,,,,,,,,,,,,,,,1.486792,1.102980,-0.171684,,,,,,
169468,,,,,,,,,,,,,,,,,,,,,,,-0.076555,0.008784,1.012722,1.540000,-13.790000,-16.730000
169469,,,,,,,,,,,,,,,,,,,,1.487083,1.102873,-0.177303,,,,,,
169473,,,,,,,,,,,,,,,,,,,,,,,-0.106872,-0.005429,1.024617,2.590000,-7.350000,-25.270000
169474,,,,,,,,,,,,,4.189842,1.948759,0.052150,0.052931,,,,,,,,,,,,
169479,,,,1.488772,1.047443,-0.021131,0.146489,-0.014864,,,,,,,,,,,,1.487208,1.102929,-0.180075,,,,,,
169481,,,,,,,,,,,11.804734,12.112998,,,,,0.011365,-0.054251,0.155782,,,,,,,,,
169484,,,,,,,,,,,,,4.074101,1.639685,0.047596,0.048963,,,,,,,,,,,,
169487,,,,,,,,,,,,,,,,,,,,,,,-0.094550,0.003355,0.989176,-0.140000,3.710000,-27.790001
169489,,,,,,,,,,,,,,,,,,,,1.487569,1.102881,-0.185636,,,,,,
169492,,,,,,,,,,,,,,,,,,,,,,,-0.094550,0.003355,0.989176,-0.210000,7.420000,-26.180000
169494,,,,,,,,,,,,,3.976054,1.379631,0.047601,0.048976,,,,,,,,,,,,
169505,,,,,,,,,,,,,3.345451,1.160821,0.047632,0.048986,,,,,,,,,,,,
169499,,,,,,,,,,,,,,,,,,,,1.487749,1.102868,-0.191204,,,,,,
169508,,,,,,,,,,,,,,,,,,,,,,,-0.094550,0.003355,0.989176,0.280000,-4.970000,-24.920000
169510,,,,,,,,,,,,,,,,,,,,1.487903,1.102812,-0.199759,,,,,,
169513,,,,,,,,,,,,,,,,,,,,,,,-0.061366,-0.003050,1.033767,2.030000,1.960000,-20.930000
169514,,,,,,,,,,,,,3.409277,0.976715,0.047629,0.048995,,,,,,,,,,,,
169519,,,,,,,,,,,,,,,,,,,,1.488010,1.102761,-0.199759,,,,,,
169523,,,,,,,,,,,,,,,,,,,,,,,-0.061366,-0.003050,1.033767,1.680000,1.120000,-15.610000
169524,,,,,,,,,,,,,2.868565,0.821808,0.047655,0.049003,,,,,,,,,,,,
169529,,,,1.493427,1.047343,-0.021599,0.109574,-0.011037,,,,,,,,,,,,1.488038,1.102725,-0.199823,,,,,,
169531,,,,,,,,,,,10.752398,11.107824,,,,,0.016235,-0.053242,0.177782,,,,,,,,,
169534,,,,,,,,,,,,,2.960560,0.691469,0.043465,0.045041,,,,,,,,,,,,
169537,,,,,,,,,,,,,,,,,,,,,,,-0.067893,0.002867,1.008757,0.560000,3.570000,-11.970000
169539,,,,,,,,,,,,,,,,,,,,1.488016,1.102807,-0.202496,,,,,,
169543,,,,,,,,,,,,,,,,,,,,,,,-0.067893,0.002867,1.015528,0.140000,0.490000,-11.760000
169544,,,,,,,,,,,,,2.491015,0.581802,0.043493,0.045047,,,,,,,,,,,,
169549,,,,,,,,,,,,,,,,,,,,1.488125,1.102747,-0.202608,,,,,,
169553,,,,,,,,,,,,,,,,,,,,,,,-0.064233,0.002806,1.015528,0.560000,1.610000,-4.480000
169554,,,,,,,,,,,,,2.095940,0.489528,0.043516,0.045053,,,,,,,,,,,,
169565,,,,,,,,,,,,,1.763523,0.411889,0.043535,0.045057,,,,,,,,,,,,
169559,,,,,,,,,,,,,,,,,,,,1.488094,1.102783,-0.205348,,,,,,
169568,,,,,,,,,,,,,,,,,,,,,,,-0.073139,0.006405,1.020225,0.000000,-2.100000,2.730000
169569,,,,,,,,,,,,,,,,,,,,1.488055,1.102814,-0.205328,,,,,,
169573,,,,,,,,,,,,,,,,,,,,,,,-0.073139,0.006405,1.020225,0.490000,-2.590000,1.330000
169574,,,,,,,,,,,,,1.483828,0.346563,0.043552,0.045061,,,,,,,,,,,,
169579,,,,1.496595,1.047274,-0.021916,0.077398,-0.007755,,,,,,,,,,,,1.487997,1.102853,-0.205187,,,,,,
169581,,,,,,,,,,,9.688293,9.978651,,,,,0.019640,-0.052619,0.183768,,,,,,,,,
169584,,,,,,,,,,,,,1.248493,0.291598,0.039255,0.040491,,,,,,,,,,,,
169587,,,,,,,,,,,,,,,,,,,,,,,-0.048373,-0.001891,1.017968,0.560000,-6.580000,-1.330000
169590,,,,,,,,,,,,,,,,,,,,1.487916,1.102858,-0.205264,,,,,,
169592,,,,,,,,,,,,,,,,,,,,,,,-0.048373,-0.001891,1.017968,0.490000,-7.000000,-2.520000
169594,,,,,,,,,,,,,1.050482,0.245351,0.039267,0.040494,,,,,,,,,,,,
169600,,,,,,,,,,,,,,,,,,,,1.487820,1.102889,-0.205126,,,,,,
169603,,,,,,,,,,,,,,,,,,,,,,,-0.033245,0.000488,1.021445,0.630000,-5.460000,-2.240000
169604,,,,,,,,,,,,,0.883875,0.206438,0.039277,0.040496,,,,,,,,,,,,
169610,,,,,,,,,,,,,,,,,,,,1.487798,1.102932,-0.205062,,,,,,
169612,,,,,,,,,,,,,,,,,,,,,,,-0.033245,0.000488,1.021445,1.260000,-0.980000,-1.960000
169614,,,,,,,,,,,,,0.743693,0.173697,0.039285,0.040498,,,,,,,,,,,,
169619,,,,,,,,,,,,,,,,,,,,1.487801,1.102929,-0.205119,,,,,,
169625,,,,,,,,,,,,,0.625743,0.146149,0.039292,0.040500,,,,,,,,,,,,
169628,,,,,,,,,,,,,,,,,,,,,,,-0.010797,0.002989,1.008086,0.560000,2.800000,0.280000
169630,,,,1.498544,1.047231,-0.022110,0.050356,-0.005027,,,,,,,,,,,,1.487832,1.102937,-0.205119,,,,,,
169632,,,,,,,,,,,8.642696,8.840538,,,,,0.021830,-0.052328,0.183417,,,,,,,,,
169634,,,,,,,,,,,,,0.526500,0.122969,0.035052,0.035879,,,,,,,,,,,,
169637,,,,,,,,,,,,,,,,,,,,,,,-0.010797,0.002989,1.008086,-0.210000,2.310000,-0.280000
169639,,,,,,,,,,,,,,,,,,,,1.487852,1.102926,-0.205119,,,,,,
169643,,,,,,,,,,,,,,,,,,,,,,,-0.035258,-0.001098,1.019981,0.560000,1.610000,-0.630000
169644,,,,,,,,,,,,,0.442997,0.103466,0.035057,0.035880,,,,,,,,,,,,
169650,,,,,,,,,,,,,,,,,,,,1.487871,1.102919,-0.205119,,,,,,
169652,,,,,,,,,,,,,,,,,,,,,,,-0.035258,-0.001098,1.019981,0.700000,-0.350000,-0.280000
169654,,,,,,,,,,,,,0.372738,0.087057,0.035061,0.035881,,,,,,,,,,,,
169665,,,,,,,,,,,,,0.313621,0.073249,0.035065,0.035882,,,,,,,,,,,,
169659,,,,,,,,,,,,,,,,,,,,1.487855,1.102918,-0.205119,,,,,,
169667,,,,,,,,,,,,,,,,,,,,,,,-0.044347,0.002196,1.020530,0.560000,-0.770000,-0.350000
169669,,,,,,,,,,,,,,,,,,,,1.487840,1.102940,-0.205119,,,,,,
169673,,,,,,,,,,,,,,,,,,,,,,,-0.044347,0.002196,1.020530,0.630000,-0.210000,-0.350000
169674,,,,,,,,,,,,,0.263881,0.061632,0.035068,0.035883,,,,,,,,,,,,
169679,,,,1.499563,1.047209,-0.022212,0.028770,-0.002866,,,,,,,,,,,,,,,,,,,,
169681,,,,,,,,,,,7.616852,7.733175,,,,,0.022826,-0.052169,0.183094,,,,,,,,,
169680,,,,,,,,,,,,,,,,,,,,1.487855,1.102932,-0.205119,,,,,,
169684,,,,,,,,,,,,,0.222029,0.051857,0.030913,0.031396,,,,,,,,,,,,
169687,,,,,,,,,,,,,,,,,,,,,,,-0.032269,0.000122,1.015650,0.490000,0.980000,-0.350000
169689,,,,,,,,,,,,,,,,,,,,1.487851,1.102901,-0.205264,,,,,,
169692,,,,,,,,,,,,,,,,,,,,,,,-0.032269,0.000122,1.015650,0.210000,1.050000,-0.280000
169694,,,,,,,,,,,,,0.186816,0.043633,0.030915,0.031396,,,,,,,,,,,,
169699,,,,,,,,,,,,,,,,,,,,1.487881,1.102904,-0.205187,,,,,,
169703,,,,,,,,,,,,,,,,,,,,,,,-0.035197,0.001159,1.015894,0.420000,0.770000,-0.420000
169704,,,,,,,,,,,,,0.157187,0.036713,0.030917,0.031397,,,,,,,,,,,,
169709,,,,,,,,,,,,,,,,,,,,1.487858,1.102910,-0.205264,,,,,,
169713,,,,,,,,,,,,,,,,,,,,,,,-0.035197,0.001159,1.015894,0.560000,0.280000,-0.350000
169714,,,,,,,,,,,,,0.132257,0.030890,0.030919,0.031397,,,,,,,,,,,,
169737,,,,1.499942,1.047200,-0.022249,0.012979,-0.001291,,,,,,,,,,,,,,,,,,,,
169739,,,,,,,,,,,6.772544,6.826117,0.111281,0.025991,0.027500,0.027723,0.023185,-0.052078,0.183094,,,,,,,,,
169729,,,,,,,,,,,,,,,,,,,,1.487872,1.102889,-0.205264,,,,,,
169740,,,,,,,,,,,,,,,,,,,,1.487871,1.102893,-0.205328,,,,,,
169743,,,,,,,,,,,,,,,,,,,,,,,-0.037393,0.001525,1.018517,0.630000,0.560000,-0.420000
169748,,,,,,,,,,,,,,,,,,,,,,,-0.034831,0.000061,1.016077,0.490000,0.560000,-0.350000
169749,,,,,,,,,,,,,,,,,,,,1.487877,1.102910,-0.205126,,,,,,
169753,,,,,,,,,,,,,,,,,,,,,,,-0.034831,0.000061,1.017785,0.420000,0.490000,-0.350000
169754,,,,,,,,,,,,,0.093632,0.021869,0.027501,0.027723,,,,,,,,,,,,
169758,,,,,,,,,,,,,,,,,,,,,,,-0.036417,0.001281,1.017785,0.490000,0.420000,-0.350000
169759,,,,,,,,,,,,,,,,,,,,1.487878,1.102945,-0.205119,,,,,,
169763,,,,,,,,,,,,,,,,,,,,,,,-0.036417,0.001281,1.017785,0.490000,0.420000,-0.420000
169764,,,,,,,,,,,,,0.078782,0.018400,0.027502,0.027724,,,,,,,,,,,,
169769,,,,,,,,,,,,,,,,,,,,1.487882,1.102950,-0.205119,,,,,,
169772,,,,,,,,,,,,,,,,,,,,,,,-0.036417,0.000122,1.017846,0.630000,0.280000,-0.280000
169774,,,,,,,,,,,,,0.066287,0.015482,0.027503,0.027724,,,,,,,,,,,,
169779,,,,1.500000,1.047199,-0.022255,0.003288,-0.000327,,,,,,,,,,,,1.487893,1.102944,-0.205119,,,,,,
169781,,,,,,,,,,,6.207055,6.220750,,,,,0.023221,-0.052110,0.182921,,,,,,,,,
169787,,,,,,,,,,,,,0.055774,0.013027,0.025212,0.025270,,,,,,,,,,,,
169791,,,,,,,,,,,,,,,,,,,,,,,-0.036661,0.000488,1.016443,0.490000,0.420000,-0.420000
169789,,,,,,,,,,,,,,,,,,,,1.487873,1.102949,-0.205119,,,,,,
169794,,,,,,,,,,,,,0.046928,0.010961,0.025212,0.025270,,,,,,,,,,,,
169797,,,,,,,,,,,,,,,,,,,,,,,-0.035563,0.000488,1.016443,0.560000,0.420000,-0.350000
169800,,,,,,,,,,,,,,,,,,,,1.487893,1.102943,-0.205119,,,,,,
169803,,,,,,,,,,,,,,,,,,,,,,,-0.035563,0.000488,1.016443,0.630000,0.420000,-0.350000
169804,,,,,,,,,,,,,0.039485,0.009222,0.025213,0.025270,,,,,,,,,,,,
169809,,,,,,,,,,,,,,,,,,,,1.487888,1.102944,-0.205119,,,,,,
169813,,,,,,,,,,,,,,,,,,,,,,,-0.036539,0.000854,1.017785,0.560000,0.350000,-0.280000
169814,,,,,,,,,,,,,0.033223,0.007760,0.025213,0.025270,,,,,,,,,,,,
169819,,,,,,,,,,,,,,,,,,,,1.487883,1.102954,-0.205126,,,,,,
169823,,,,,,,,,,,,,,,,,,,,,,,-0.036539,0.000854,1.017785,0.560000,0.350000,-0.280000
169824,,,,,,,,,,,,,0.027954,0.006529,0.025213,0.025270,,,,,,,,,,,,
169829,,,,1.500000,1.047199,-0.022255,0.000000,0.000000,,,,,,,,,,,,1.487897,1.102955,-0.205126,,,,,,
169831,,,,,,,,,,,6.011840,6.011840,,,,,0.023220,-0.052117,0.182892,,,,,,,,,
169834,,,,,,,,,,,,,0.023520,0.005493,0.024422,0.024423,,,,,,,,,,,,
169837,,,,,,,,,,,,,,,,,,,,,,,-0.037332,0.000915,1.017175,0.560000,0.350000,-0.280000
169845,,,,,,,,,,,,,0.019790,0.004622,0.024422,0.024423,,,,,,,,,,,,
169839,,,,,,,,,,,,,,,,,,,,1.487891,1.102952,-0.205119,,,,,,
169848,,,,,,,,,,,,,,,,,,,,,,,-0.037332,0.000915,1.017175,0.560000,0.420000,-0.210000
169850,,,,,,,,,,,,,,,,,,,,1.487897,1.102948,-0.205119,,,,,,
169853,,,,,,,,,,,,,,,,,,,,,,,-0.035624,-0.000244,1.017663,0.630000,0.350000,-0.350000
169854,,,,,,,,,,,,,0.016651,0.003889,0.024422,0.024423,,,,,,,,,,,,
169859,,,,,,,,,,,,,,,,,,,,1.487888,1.102922,-0.205264,,,,,,
169862,,,,,,,,,,,,,,,,,,,,,,,-0.035624,-0.000244,1.017663,0.630000,0.350000,-0.350000
169864,,,,,,,,,,,,,0.014010,0.003272,0.024422,0.024423,,,,,,,,,,,,
169869,,,,,,,,,,,,,,,,,,,,1.487911,1.102930,-0.205134,,,,,,
169872,,,,,,,,,,,,,,,,,,,,,,,-0.035502,0.000671,1.017480,0.560000,0.350000,-0.350000
169874,,,,,,,,,,,,,0.011788,0.002753,0.024422,0.024423,,,,,,,,,,,,
169879,,,,1.500000,1.047199,-0.022255,0.000000,0.000000,,,,,,,,,,,,,,,,,,,,
169881,,,,,,,,,,,6.004172,6.004172,,,,,0.023190,-0.052101,0.182887,,,,,,,,,
169880,,,,,,,,,,,,,,,,,,,,1.487895,1.102918,-0.205328,,,,,,
169887,,,,,,,,,,,,,0.009919,0.002317,0.024391,0.024391,,,,,,,,,,,,
169889,,,,,,,,,,,,,,,,,,,,1.487911,1.102901,-0.205328,,,,,,
169892,,,,,,,,,,,,,,,,,,,,,,,-0.035502,0.000183,1.016504,0.630000,0.350000,-0.350000
169894,,,,,,,,,,,,,0.008346,0.001949,0.024391,0.024392,,,,,,,,,,,,
169897,,,,,,,,,,,,,,,,,,,,,,,-0.036539,0.000183,1.016504,0.560000,0.350000,-0.280000
169899,,,,,,,,,,,,,,,,,,,,1.487896,1.102910,-0.205280,,,,,,
169902,,,,,,,,,,,,,,,,,,,,,,,-0.036539,0.000183,1.016504,0.630000,0.350000,-0.350000
169904,,,,,,,,,,,,,0.007022,0.001640,0.024391,0.024392,,,,,,,,,,,,
169910,,,,,,,,,,,,,,,,,,,,1.487905,1.102914,-0.205280,,,,,,
169913,,,,,,,,,,,,,,,,,,,,,,,-0.036295,-0.000122,1.016687,0.630000,0.350000,-0.280000
169914,,,,,,,,,,,,,0.005908,0.001380,0.024391,0.024392,,,,,,,,,,,,
169919,,,,,,,,,,,,,,,,,,,,1.487909,1.102916,-0.205328,,,,,,
169923,,,,,,,,,,,,,,,,,,,,,,,-0.036295,-0.000122,1.016687,0.630000,0.350000,-0.350000
169924,,,,,,,,,,,,,0.004971,0.001161,0.024391,0.024392,,,,,,,,,,,,
169929,,,,1.500000,1.047199,-0.022255,0.000000,0.000000,,,,,,,,,,,,1.487910,1.102916,-0.205328,,,,,,
169931,,,,,,,,,,,6.005634,6.005634,,,,,0.023196,-0.052083,0.183060,,,,,,,,,
169934,,,,,,,,,,,,,0.004183,0.000977,0.024397,0.024398,,,,,,,,,,,,
169936,,,,,,,,,,,,,,,,,,,,,,,-0.036417,-0.000061,1.016870,0.560000,0.280000,-0.350000
169946,,,,,,,,,,,,,0.003519,0.000822,0.024397,0.024398,,,,,,,,,,,,
169939,,,,,,,,,,,,,,,,,,,,1.487920,1.102919,-0.205328,,,,,,
169947,,,,,,,,,,,,,,,,,,,,,,,-0.036417,-0.000061,1.016870,0.560000,0.350000,-0.350000
169950,,,,,,,,,,,,,,,,,,,,1.487921,1.102907,-0.205328,,,,,,
169952,,,,,,,,,,,,,,,,,,,,,,,-0.036722,0.000793,1.017114,0.560000,0.350000,-0.350000
169954,,,,,,,,,,,,,0.002961,0.000692,0.024398,0.024398,,,,,,,,,,,,
169959,,,,,,,,,,,,,,,,,,,,1.487922,1.102916,-0.205328,,,,,,
169962,,,,,,,,,,,,,,,,,,,,,,,-0.036722,0.000793,1.017114,0.630000,0.350000,-0.350000
169964,,,,,,,,,,,,,0.002492,0.000582,0.024398,0.024398,,,,,,,,,,,,
169969,,,,,,,,,,,,,,,,,,,,1.487917,1.102921,-0.205328,,,,,,
169972,,,,,,,,,,,,,,,,,,,,,,,-0.037454,-0.000122,1.017419,0.560000,0.280000,-0.350000
169974,,,,,,,,,,,,,0.002096,0.000490,0.024398,0.024398,,,,,,,,,,,,
169979,,,,1.500000,1.047199,-0.022255,0.000000,0.000000,,,,,,,,,,,,1.487929,1.102918,-0.205328,,,,,,
169981,,,,,,,,,,,6.004158,6.004158,,,,,0.023190,-0.052087,0.183073,,,,,,,,,
169984,,,,,,,,,,,,,0.001764,0.000412,0.024392,0.024392,,,,,,,,,,,,
169987,,,,,,,,,,,,,,,,,,,,,,,-0.037881,0.000732,1.016382,0.630000,0.280000,-0.280000
169989,,,,,,,,,,,,,,,,,,,,1.487917,1.102924,-0.205328,,,,,,
169992,,,,,,,,,,,,,,,,,,,,,,,-0.037881,0.000732,1.016382,0.630000,0.350000,-0.350000
169994,,,,,,,,,,,,,0.001484,0.000347,0.024392,0.024392,,,,,,,,,,,,
170005,,,,,,,,,,,,,0.001249,0.000292,0.024392,0.024392,,,,,,,,,,,,
169999,,,,,,,,,,,,,,,,,,,,1.487916,1.102920,-0.205280,,,,,,
170007,,,,,,,,,,,,,,,,,,,,,,,-0.036722,-0.000305,1.017358,0.630000,0.280000,-0.280000
170009,,,,,,,,,,,,,,,,,,,,1.487927,1.102924,-0.205348,,,,,,
170012,,,,,,,,,,,,,,,,,,,,,,,-0.036722,-0.000305,1.017358,0.630000,0.350000,-0.280000
170014,,,,,,,,,,,,,0.001051,0.000245,0.024392,0.024392,,,,,,,,,,,,
170019,,,,,,,,,,,,,,,,,,,,1.487932,1.102911,-0.205348,,,,,,
170022,,,,,,,,,,,,,,,,,,,,,,,-0.036600,0.000427,1.017358,0.560000,0.280000,-0.350000
170024,,,,,,,,,,,,,0.000884,0.000206,0.024392,0.024392,,,,,,,,,,,,
170029,,,,1.500000,1.047199,-0.022255,0.000000,0.000000,,,,,,,,,,,,1.487926,1.102923,-0.205348,,,,,,
170031,,,,,,,,,,,6.000309,6.000309,,,,,0.023175,-0.052081,0.183092,,,,,,,,,
170034,,,,,,,,,,,,,0.000744,0.000174,0.024376,0.024376,,,,,,,,,,,,
170036,,,,,,,,,,,,,,,,,,,,,,,-0.036600,0.000427,1.017358,0.630000,0.280000,-0.350000
170039,,,,,,,,,,,,,,,,,,,,1.487922,1.102942,-0.205348,,,,,,
170042,,,,,,,,,,,,,,,,,,,,,,,-0.038186,0.000671,1.017114,0.630000,0.280000,-0.350000
170044,,,,,,,,,,,,,0.000626,0.000146,0.024376,0.024376,,,,,,,,,,,,
170049,,,,,,,,,,,,,,,,,,,,1.487982,1.102874,-0.202608,,,,,,
170053,,,,,,,,,,,,,,,,,,,,,,,-0.038186,0.000671,1.017114,0.630000,0.280000,-0.420000
170054,,,,,,,,,,,,,0.000527,0.000123,0.024376,0.024376,,,,,,,,,,,,
170065,,,,,,,,,,,,,0.000443,0.000103,0.024376,0.024376,,,,,,,,,,,,
170060,,,,,,,,,,,,,,,,,,,,1.487956,1.102910,-0.205348,,,,,,
170067,,,,,,,,,,,,,,,,,,,,,,,-0.037759,0.000366,1.016870,0.700000,0.280000,-0.350000
170069,,,,,,,,,,,,,,,,,,,,1.487932,1.102927,-0.205348,,,,,,
170072,,,,,,,,,,,,,,,,,,,,,,,-0.037759,0.000366,1.016870,0.560000,0.280000,-0.350000
170074,,,,,,,,,,,,,0.000373,0.000087,0.024376,0.024376,,,,,,,,,,,,
170079,,,,1.500000,1.047199,-0.022255,0.000000,0.000000,,,,,,,,,,,,,,,,,,,,
170081,,,,,,,,,,,6.000907,6.000907,,,,,0.023178,-0.052095,0.183093,,,,,,,,,
170080,,,,,,,,,,,,,,,,,,,,1.487928,1.102929,-0.205348,,,,,,
170084,,,,,,,,,,,,,0.000314,0.000073,0.024378,0.024378,,,,,,,,,,,,
170087,,,,,,,,,,,,,,,,,,,,,,,-0.037088,0.000610,1.017236,0.630000,0.280000,-0.350000
170089,,,,,,,,,,,,,,,,,,,,1.487934,1.102931,-0.205348,,,,,,
170093,,,,,,,,,,,,,,,,,,,,,,,-0.037088,0.000610,1.017236,0.630000,0.210000,-0.350000
170094,,,,,,,,,,,,,0.000264,0.000062,0.024378,0.024378,,,,,,,,,,,,
170105,,,,,,,,,,,,,0.000222,0.000052,0.024378,0.024378,,,,,,,,,,,,
170099,,,,,,,,,,,,,,,,,,,,1.487937,1.102935,-0.205348,,,,,,
170108,,,,,,,,,,,,,,,,,,,,,,,-0.037820,0.000488,1.016443,0.630000,0.350000,-0.280000
170109,,,,,,,,,,,,,,,,,,,,1.487929,1.102939,-0.205348,,,,,,
170113,,,,,,,,,,,,,,,,,,,,,,,-0.037820,0.000488,1.016443,0.630000,0.280000,-0.350000
170114,,,,,,,,,,,,,0.000187,0.000044,0.024378,0.024378,,,,,,,,,,,,
170119,,,,,,,,,,,,,,,,,,,,1.488003,1.102866,-0.202608,,,,,,
170122,,,,,,,,,,,,,,,,,,,,,,,-0.036783,-0.000488,1.017419,0.630000,0.350000,-0.280000
170124,,,,,,,,,,,,,0.000157,0.000037,0.024378,0.024378,,,,,,,,,,,,
170129,,,,1.500000,1.047199,-0.022255,0.000000,0.000000,,,,,,,,,,,,1.487968,1.102914,-0.205348,,,,,,
170131,,,,,,,,,,,5.947504,5.947504,,,,,0.022973,-0.052113,0.180583,,,,,,,,,
170134,,,,,,,,,,,,,0.000132,0.000031,0.024157,0.024157,,,,,,,,,,,,
170136,,,,,,,,,,,,,,,,,,,,,,,-0.036783,-0.000122,1.017114,0.630000,0.350000,-0.280000
170140,,,,,,,,,,,,,,,,,,,,1.487940,1.102928,-0.205328,,,,,,
170143,,,,,,,,,,,,,,,,,,,,,,,-0.036783,-0.000122,1.017114,0.700000,0.280000,-0.350000
170144,,,,,,,,,,,,,0.000111,0.000026,0.024157,0.024157,,,,,,,,,,,,
170149,,,,,,,,,,,,,,,,,,,,1.488009,1.102860,-0.202608,,,,,,
170153,,,,,,,,,,,,,,,,,,,,,,,-0.036783,-0.000122,1.017114,0.630000,0.280000,-0.280000
170154,,,,,,,,,,,,,0.000094,0.000022,0.024157,0.024157,,,,,,,,,,,,
170165,,,,,,,,,,,,,0.000079,0.000018,0.024157,0.024157,,,,,,,,,,,,
170160,,,,,,,,,,,,,,,,,,,,1.487945,1.102920,-0.205298,,,,,,
170167,,,,,,,,,,,,,,,,,,,,,,,-0.036844,0.001098,1.016626,0.630000,0.350000,-0.350000
170169,,,,,,,,,,,,,,,,,,,,1.487931,1.102944,-0.205328,,,,,,
170172,,,,,,,,,,,,,,,,,,,,,,,-0.036844,0.001098,1.016626,0.700000,0.280000,-0.280000
170174,,,,,,,,,,,,,0.000066,0.000015,0.024157,0.024157,,,,,,,,,,,,
170179,,,,1.500000,1.047199,-0.022255,0.000000,0.000000,,,,,,,,,,,,1.488009,1.102849,-0.202608,,,,,,
170181,,,,,,,,,,,5.997144,5.997144,,,,,0.023163,-0.052114,0.182864,,,,,,,,,
170184,,,,,,,,,,,,,0.000056,0.000013,0.024363,0.024363,,,,,,,,,,,,
170187,,,,,,,,,,,,,,,,,,,,,,,-0.037332,0.000183,1.017053,0.630000,0.280000,-0.350000
170190,,,,,,,,,,,,,,,,,,,,1.487957,1.102916,-0.205298,,,,,,
170193,,,,,,,,,,,,,,,,,,,,,,,-0.037332,0.000183,1.016870,0.630000,0.280000,-0.350000
170194,,,,,,,,,,,,,0.000047,0.000011,0.024363,0.024363,,,,,,,,,,,,
170199,,,,,,,,,,,,,,,,,,,,1.488010,1.102870,-0.202608,,,,,,
170203,,,,,,,,,,,,,,,,,,,,,,,-0.037393,0.000610,1.016870,0.560000,0.280000,-0.350000
170204,,,,,,,,,,,,,0.000039,0.000009,0.024363,0.024363,,,,,,,,,,,,
170209,,,,,,,,,,,,,,,,,,,,1.487984,1.102928,-0.202415,,,,,,
170212,,,,,,,,,,,,,,,,,,,,,,,-0.037271,0.000122,1.016687,0.630000,0.280000,-0.350000
170214,,,,,,,,,,,,,0.000033,0.000008,0.024363,0.024363,,,,,,,,,,,,
170224,,,,,,,,,,,,,0.000028,0.000007,0.024363,0.024363,,,,,,,,,,,,
170220,,,,,,,,,,,,,,,,,,,,1.487944,1.102932,-0.205280,,,,,,
170228,,,,,,,,,,,,,,,,,,,,,,,-0.037271,0.000122,1.016687,0.700000,0.280000,-0.280000
170229,,,,1.500000,1.047199,-0.022255,0.000000,0.000000,,,,,,,,,,,,1.487957,1.102927,-0.205348,,,,,,
170231,,,,,,,,,,,5.997278,5.997278,,,,,0.023164,-0.052106,0.183012,,,,,,,,,
170234,,,,,,,,,,,,,0.000024,0.000005,0.024364,0.024364,,,,,,,,,,,,
170236,,,,,,,,,,,,,,,,,,,,,,,-0.036966,-0.000122,1.017114,0.630000,0.280000,-0.350000
170239,,,,,,,,,,,,,,,,,,,,1.488012,1.102871,-0.202608,,,,,,
170243,,,,,,,,,,,,,,,,,,,,,,,-0.036966,-0.000122,1.017114,0.630000,0.280000,-0.280000
170244,,,,,,,,,,,,,0.000020,0.000005,0.024364,0.024364,,,,,,,,,,,,
170252,,,,,,,,,,,,,,,,,,,,,,,-0.038186,0.000061,1.017114,0.630000,0.280000,-0.350000
170250,,,,,,,,,,,,,,,,,,,,1.487971,1.102914,-0.205298,,,,,,
170254,,,,,,,,,,,,,0.000017,0.000004,0.024364,0.024364,,,,,,,,,,,,
170259,,,,,,,,,,,,,,,,,,,,1.487950,1.102934,-0.205328,,,,,,
170263,,,,,,,,,,,,,,,,,,,,,,,-0.038186,0.000061,1.017114,0.630000,0.280000,-0.280000
170264,,,,,,,,,,,,,0.000014,0.000003,0.024364,0.024364,,,,,,,,,,,,
170269,,,,,,,,,,,,,,,,,,,,1.488064,1.102757,-0.199547,,,,,,
170273,,,,,,,,,,,,,,,,,,,,,,,-0.037393,-0.000732,1.016809,0.630000,0.280000,-0.350000
170274,,,,,,,,,,,,,0.000012,0.000003,0.024364,0.024364,,,,,,,,,,,,
170279,,,,1.500000,1.047199,-0.022255,0.000000,0.000000,,,,,,,,,,,,,,,,,,,,
170281,,,,,,,,,,,5.889607,5.889607,,,,,0.022750,-0.052091,0.177772,,,,,,,,,
170287,,,,,,,,,,,,,0.000010,0.000002,0.023917,0.023917,,,,,,,,,,,,
170280,,,,,,,,,,,,,,,,,,,,1.488130,1.102463,-0.193978,,,,,,
170289,,,,,,,,,,,,,,,,,,,,1.488093,1.102714,-0.196764,,,,,,
170292,,,,,,,,,,,,,,,,,,,,,,,-0.037393,-0.000610,1.016443,0.630000,0.280000,-0.280000
170294,,,,,,,,,,,,,0.000008,0.000002,0.023917,0.023917,,,,,,,,,,,,
170297,,,,,,,,,,,,,,,,,,,,,,,-0.037637,-0.000610,1.016443,0.630000,0.210000,-0.350000
170299,,,,,,,,,,,,,,,,,,,,1.487978,1.102972,-0.205126,,,,,,
170303,,,,,,,,,,,,,,,,,,,,,,,-0.037637,-0.000610,1.016443,0.630000,0.280000,-0.350000
170304,,,,,,,,,,,,,0.000007,0.000002,0.023917,0.023917,,,,,,,,,,,,
170309,,,,,,,,,,,,,,,,,,,,1.488074,1.102823,-0.199493,,,,,,
170312,,,,,,,,,,,,,,,,,,,,,,,-0.038003,-0.000244,1.016748,0.700000,0.280000,-0.350000
170314,,,,,,,,,,,,,0.000006,0.000001,0.023917,0.023917,,,,,,,,,,,,
170325,,,,,,,,,,,,,0.000005,0.000001,0.023917,0.023917,,,,,,,,,,,,
170320,,,,,,,,,,,,,,,,,,,,1.488107,1.102549,-0.196764,,,,,,
170329,,,,1.500000,1.047199,-0.022255,0.000000,0.000000,,,,,,,,,,,,1.487985,1.102883,-0.202564,,,,,,
170331,,,,,,,,,,,5.826426,5.826426,,,,,0.022507,-0.051968,0.174783,,,,,,,,,
170333,,,,,,,,,,,,,,,,,,,,,,,-0.038003,-0.000244,1.016748,0.630000,0.280000,-0.280000
170334,,,,,,,,,,,,,0.000004,0.000001,0.023656,0.023656,,,,,,,,,,,,
170338,,,,,,,,,,,,,,,,,,,,,,,-0.037454,0.000366,1.016870,0.700000,0.280000,-0.350000
170340,,,,,,,,,,,,,,,,,,,,1.487982,1.103080,-0.208463,,,,,,
170343,,,,,,,,,,,,,,,,,,,,,,,-0.037454,0.000366,1.016870,0.700000,0.280000,-0.280000
170344,,,,,,,,,,,,,0.000004,0.000001,0.023656,0.023656,,,,,,,,,,,,
170350,,,,,,,,,,,,,,,,,,,,1.487945,1.103229,-0.214355,,,,,,
170352,,,,,,,,,,,,,,,,,,,,,,,-0.037027,-0.000244,1.016504,0.700000,0.280000,-0.280000
170354,,,,,,,,,,,,,0.000003,0.000001,0.023656,0.023656,,,,,,,,,,,,
170360,,,,,,,,,,,,,,,,,,,,1.487993,1.102921,-0.205348,,,,,,
170362,,,,,,,,,,,,,,,,,,,,,,,-0.037027,-0.000244,1.016504,0.630000,0.210000,-0.280000
170364,,,,,,,,,,,,,0.000002,0.000001,0.023656,0.023656,,,,,,,,,,,,
170369,,,,,,,,,,,,,,,,,,,,1.487976,1.102933,-0.205348,,,,,,
170373,,,,,,,,,,,,,,,,,,,,,,,-0.037271,-0.000305,1.017175,0.630000,0.280000,-0.350000
170374,,,,,,,,,,,,,0.000002,0.000000,0.023656,0.023656,,,,,,,,,,,,
170379,,,,1.500000,1.047199,-0.022255,0.000000,0.000000,,,,,,,,,,,,1.487972,1.102941,-0.205348,,,,,,
170381,,,,,,,,,,,5.976160,5.976160,,,,,0.023083,-0.052099,0.182396,,,,,,,,,
170410,,,,,,,,,,,,,0.000002,0.000000,0.024277,0.024277,,,,1.487967,1.102935,-0.205348,,,,,,
170399,,,,,,,,,,,,,,,,,,,,1.487957,1.102958,-0.205348,,,,,,
170415,,,,,,,,,,,,,,,,,,,,,,,-0.037454,-0.000244,1.016748,0.630000,0.280000,-0.350000
170420,,,,,,,,,,,,,,,,,,,,1.487972,1.102933,-0.205348,-0.037820,-0.000244,1.016748,0.700000,0.210000,-0.350000
170424,,,,,,,,,,,,,0.000001,0.000000,0.024277,0.024277,,,,,,,,,,,,
170425,,,,,,,,,,,,,,,,,,,,,,,-0.036417,-0.000732,1.016809,0.630000,0.280000,-0.350000
170429,,,,1.500000,1.047199,-0.022255,0.000000,0.000000,,,,,,,,,,,,1.487970,1.102942,-0.205348,,,,,,
170431,,,,,,,,,,,5.989766,5.989766,,,,,0.023135,-0.052110,0.183035,,,,,,,,,
170434,,,,,,,,,,,,,,,,,,,,,,,-0.036417,-0.000732,1.016809,0.630000,0.280000,-0.350000
