ts,x,y,yaw,x_des,y_des,yaw_des,v_ff,w_ff,v_actual,w_actual,omega_l_cmd,omega_r_cmd,omega_l_meas,omega_r_meas,duty_l,duty_r,x_err,y_err,yaw_err,x_raw,y_raw,yaw_raw,acc_x,acc_y,acc_z,gyro_x,gyro_y,gyro_z
31995,,,,,,,,,,,,,,,,,,,,,,,-0.012017,-0.012566,1.020347,0.070000,-0.560000,-0.280000
31996,,,,,,,,,,,,,0.000000,0.000000,0.000000,0.000000,,,,,,,,,,,,
31998,,,,,,,,,,,,,,,,,,,,0.960872,0.011522,1.574462,,,,,,
32005,,,,,,,,,,,,,,,,,,,,,,,-0.012627,-0.013786,1.020347,1.820000,-0.630000,0.000000
32006,,,,,,,,,,,,,0.000000,0.000000,0.000000,0.000000,,,,,,,,,,,,
32009,,,,,,,,,,,,,,,,,,,,0.960866,0.011539,1.574462,,,,,,
32015,,,,,,,,,,,,,,,,,,,,,,,-0.011712,-0.013481,1.020652,-2.240000,-2.310000,-0.140000
32016,,,,,,,,,,,,,0.000000,0.000000,0.000000,0.000000,,,,,,,,,,,,
32018,,,,,,,,,,,,,,,,,,,,0.960872,0.011525,1.574462,,,,,,
32025,,,,,,,,,,,,,,,,,,,,,,,-0.011712,-0.013481,1.020652,-1.820000,-0.490000,-0.490000
32026,,,,,,,,,,,,,0.000000,0.000000,0.000000,0.000000,,,,,,,,,,,,
32028,,,,,,,,,,,,,,,,,,,,0.960871,0.011529,1.574462,,,,,,
32035,,,,,,,,,,,,,,,,,,,,,,,-0.011346,-0.014030,1.020713,2.520000,1.260000,-0.280000
32036,,,,,,,,,,,,,0.000000,0.000000,0.000000,0.000000,,,,,,,,,,,,
32042,,,,1.000000,0.000488,1.571284,0.003695,0.003695,,,-0.387509,-0.370597,,,,,,,,,,,,,,,,
32043,,,,,,,,,,,,,,,,,-0.011185,-0.039089,-0.003178,,,,,,,,,
32039,,,,,,,,,,,,,,,,,,,,0.960867,0.011529,1.574462,,,,,,
32046,,,,,,,,,,,,,0.000000,0.000000,-0.006535,-0.006250,,,,,,,,,,,,
32047,,,,,,,,,,,,,,,,,,,,,,,-0.011346,-0.014030,1.020713,-0.210000,-1.820000,-0.070000
32048,,,,,,,,,,,,,,,,,,,,0.960872,0.011523,1.574462,,,,,,
32055,,,,,,,,,,,,,,,,,,,,,,,-0.011834,-0.014091,1.021262,-2.170000,-1.820000,-0.350000
32056,,,,,,,,,,,,,0.000000,0.000000,-0.006535,-0.006250,,,,,,,,,,,,
32069,,,,,,,,,,,,,0.000000,0.000000,-0.006535,-0.006250,,,,0.960863,0.011538,1.574462,,,,,,
32059,,,,,,,,,,,,,,,,,,,,0.960868,0.011530,1.574462,,,,,,
32074,,,,,,,,,,,,,,,,,,,,,,,-0.011712,-0.013908,1.020347,3.010000,0.490000,-0.140000
32076,,,,,,,,,,,,,0.000000,0.000000,-0.006535,-0.006250,,,,,,,,,,,,
32079,,,,,,,,,,,,,,,,,,,,0.960865,0.011539,1.574462,-0.011712,-0.013908,1.020347,0.420000,-1.260000,-0.140000
32085,,,,,,,,,,,,,,,,,,,,,,,-0.011712,-0.013908,1.020347,-2.520000,-2.100000,-0.280000
32086,,,,,,,,,,,,,0.000000,0.000000,-0.006535,-0.006250,,,,,,,,,,,,
32089,,,,,,,,,,,,,,,,,,,,0.960861,0.011535,1.574462,,,,,,
32092,,,,0.999999,0.001621,1.572417,0.014482,0.014482,,,,,,,,,,,,,,,,,,,,
32093,,,,,,,,,,,0.308302,0.375428,,,,,-0.010057,-0.039100,-0.002045,,,,,,,,,
32096,,,,,,,,,,,,,0.000000,0.000000,0.005199,0.006331,,,,,,,,,,,,
32097,,,,,,,,,,,,,,,,,,,,,,,-0.012383,-0.014335,1.021201,-0.840000,0.210000,-0.420000
32099,,,,,,,,,,,,,,,,,,,,0.960866,0.011532,1.574462,,,,,,
32105,,,,,,,,,,,,,,,,,,,,,,,-0.012383,-0.014335,1.021201,2.870000,0.910000,-0.210000
32106,,,,,,,,,,,,,0.000000,0.000000,0.005199,0.006331,,,,,,,,,,,,
32109,,,,,,,,,,,,,,,,,,,,0.960863,0.011536,1.574462,,,,,,
32115,,,,,,,,,,,,,,,,,,,,,,,-0.011468,-0.013115,1.020896,0.770000,-1.330000,0.000000
32116,,,,,,,,,,,,,0.000000,0.000000,0.005199,0.006331,,,,,,,,,,,,
32129,,,,,,,,,,,,,0.000000,0.000000,0.005199,0.006331,,,,0.960861,0.011532,1.574462,,,,,,
32119,,,,,,,,,,,,,,,,,,,,0.960857,0.011537,1.574462,,,,,,
32134,,,,,,,,,,,,,,,,,,,,,,,-0.011956,-0.013481,1.021384,-0.700000,0.280000,-0.490000
32136,,,,,,,,,,,,,0.000000,0.000000,0.005199,0.006331,,,,,,,,,,,,
32139,,,,,,,,,,,,,,,,,,,,0.960856,0.011530,1.574462,-0.011956,-0.013481,1.021384,1.540000,1.190000,-0.420000
32142,,,,0.999993,0.003784,1.574580,0.031924,0.031924,,,1.450351,1.601876,,,,,-0.007891,-0.039103,0.000118,,,,,,,,,
32146,,,,,,,,,,,,,0.000000,0.000000,0.024458,0.027014,,,,,,,,,,,,
32147,,,,,,,,,,,,,,,,,,,,,,,-0.011956,-0.013847,1.020957,2.590000,-0.070000,0.000000
32149,,,,,,,,,,,,,,,,,,,,0.960871,0.011521,1.574462,,,,,,
32155,,,,,,,,,,,,,,,,,,,,,,,-0.011895,-0.013847,1.020957,-1.330000,-2.100000,-0.070000
32156,,,,,,,,,,,,,0.000000,0.000000,0.024458,0.027014,,,,,,,,,,,,
32168,,,,,,,,,,,,,0.000000,0.000000,0.024458,0.027014,,,,,,,,,,,,
32159,,,,,,,,,,,,,,,,,,,,0.960873,0.011522,1.574462,,,,,,
32169,,,,,,,,,,,,,,,,,,,,0.960869,0.011531,1.574462,,,,,,
32174,,,,,,,,,,,,,,,,,,,,,,,-0.011102,-0.014396,1.021079,0.210000,-0.560000,-0.070000
32176,,,,,,,,,,,,,0.000000,0.000000,0.024458,0.027014,,,,,,,,,,,,
32179,,,,,,,,,,,,,,,,,,,,0.960867,0.011524,1.574462,-0.011102,-0.014396,1.021079,0.070000,-0.770000,-0.280000
32185,,,,,,,,,,,,,,,,,,,,,,,-0.012261,-0.014457,1.020530,0.210000,-0.560000,-0.210000
32186,,,,,,,,,,,,,0.000000,0.000000,0.024458,0.027014,,,,,,,,,,,,
32192,,,,0.999974,0.007277,1.578073,0.055590,0.055590,,,3.026390,3.300236,,,,,-0.004391,-0.039092,0.003611,,,,,,,,,
32189,,,,,,,,,,,,,,,,,,,,0.960865,0.011532,1.574462,,,,,,
32196,,,,,,,,,,,,,0.000000,0.000000,0.051036,0.055654,,,,,,,,,,,,
32198,,,,,,,,,,,,,,,,,,,,,,,-0.012261,-0.014457,1.020530,0.070000,-0.490000,-0.140000
32199,,,,,,,,,,,,,,,,,,,,0.960863,0.011540,1.574462,,,,,,
32205,,,,,,,,,,,,,,,,,,,,,,,-0.011285,-0.012993,1.024861,0.070000,-0.630000,-0.210000
32206,,,,,,,,,,,,,0.000000,0.000000,0.051036,0.055654,,,,,,,,,,,,
32208,,,,,,,,,,,,,,,,,,,,0.960867,0.011527,1.574462,,,,,,
32215,,,,,,,,,,,,,,,,,,,,,,,-0.011285,-0.012993,1.024861,0.280000,-0.560000,-0.490000
32216,,,,,,,,,,,,,0.000000,0.000000,0.051036,0.055654,,,,,,,,,,,,
32228,,,,,,,,,,,,,0.000000,0.000000,0.051036,0.055654,,,,,,,,,,,,
32219,,,,,,,,,,,,,,,,,,,,0.960871,0.011518,1.574462,,,,,,
32229,,,,,,,,,,,,,,,,,,,,0.960870,0.011538,1.574462,,,,,,
32234,,,,,,,,,,,,,,,,,,,,,,,-0.011041,-0.012932,1.019554,0.000000,-0.280000,-1.190000
32236,,,,,,,,,,,,,0.000000,0.000000,0.051036,0.055654,,,,,,,,,,,,
32239,,,,,,,,,,,,,,,,,,,,0.960865,0.011535,1.574462,-0.011041,-0.012932,1.019554,0.070000,-1.890000,-3.010000
32242,,,,0.999923,0.012379,1.583176,0.085059,0.085059,,,,,,,,,,,,,,,,,,,,
32243,,,,,,,,,,,5.020809,5.462178,,,,,0.000702,-0.039061,0.008714,,,,,,,,,
32246,,,,,,,,,,,,,0.000000,0.000000,0.084669,0.092112,,,,,,,,,,,,
32247,,,,,,,,,,,,,,,,,,,,,,,-0.007076,-0.014762,1.025288,0.280000,-1.610000,-3.710000
32248,,,,,,,,,,,,,,,,,,,,0.960864,0.011535,1.574462,,,,,,
32255,,,,,,,,,,,,,,,,,,,,,,,-0.007076,-0.014762,1.025288,0.350000,-2.030000,-6.860000
32256,,,,,,,,,,,,,0.546950,0.546950,0.077633,0.085077,,,,,,,,,,,,
32258,,,,,,,,,,,,,,,,,,,,0.960892,0.011531,1.574462,,,,,,
32265,,,,,,,,,,,,,,,,,,,,,,,0.031842,-0.017812,1.025288,1.050000,-12.530000,-14.210000
32266,,,,,,,,,,,,,0.460203,0.460203,0.078749,0.086192,,,,,,,,,,,,
32268,,,,,,,,,,,,,,,,,,,,0.960919,0.011556,1.570551,,,,,,
32275,,,,,,,,,,,,,,,,,,,,,,,0.031842,-0.017812,1.025288,0.070000,-4.830000,-7.070000
32276,,,,,,,,,,,,,0.934165,0.934165,0.072652,0.080096,,,,,,,,,,,,
32288,,,,,,,,,,,,,0.786006,0.786006,0.074558,0.082001,,,,,,,,,,,,
32278,,,,,,,,,,,,,,,,,,,,0.960948,0.011815,1.570858,,,,,,
32289,,,,,,,,,,,,,,,,,,,,0.960923,0.012248,1.566947,,,,,,
32293,,,,0.999813,0.019351,1.590148,0.119919,0.119919,,,7.371951,8.079880,,,,,0.007234,-0.038872,0.022571,,,,,,,,,
32296,,,,,,,,,,,,,,,,,,,,,,,0.115778,-0.006771,1.011075,1.330000,-0.070000,5.180000
32297,,,,,,,,,,,,,1.305394,1.305394,0.107526,0.119464,,,,,,,,,,,,
32298,,,,,,,,,,,,,,,,,,,,0.960955,0.012663,1.566947,,,,,,
32301,,,,,,,,,,,,,,,,,,,,,,,0.040443,-0.013359,1.033645,0.700000,-0.770000,7.000000
32306,,,,,,,,,,,,,,,0.103126,0.115064,,,,,,,0.040443,-0.013359,1.033645,0.280000,-8.820000,12.460000
32307,,,,,,,,,,,,,1.647459,1.647459,,,,,,,,,,,,,,
32308,,,,,,,,,,,,,,,,,,,,0.960942,0.013086,1.570858,,,,,,
32315,,,,,,,,,,,,,,,,,,,,,,,0.040443,-0.013359,1.035292,0.910000,-15.260000,16.240000
32316,,,,,,,,,,,,,1.944850,2.503527,0.099300,0.104052,,,,,,,,,,,,
32328,,,,,,,,,,,,,2.093496,2.563568,0.097388,0.103280,,,,0.961053,0.014083,1.574325,,,,,,
32319,,,,,,,,,,,,,,,,,,,,0.960934,0.013428,1.570486,,,,,,
32334,,,,,,,,,,,,,,,,,,,,,,,0.039833,-0.008906,1.035292,0.770000,2.660000,15.540000
32336,,,,,,,,,,,,,2.443938,2.839456,0.092880,0.099731,,,,,,,,,,,,
32339,,,,,,,,,,,,,,,,,,,,,,,0.113521,-0.015799,0.995886,0.980000,1.260000,15.470000
32338,,,,,,,,,,,,,,,,,,,,0.961077,0.014811,1.578228,,,,,,
32342,,,,0.999596,0.028429,1.599229,0.159769,0.159769,,,,,,,,,,,,,,,,,,,,
32343,,,,,,,,,,,10.028659,10.963972,,,,,0.013387,-0.038625,0.021569,,,,,,,,,
32346,,,,,,,,,,,,,2.605098,3.486655,0.135609,0.140042,,,,,,,,,,,,
32347,,,,,,,,,,,,,,,,,,,,,,,0.113521,-0.015799,0.995886,0.700000,4.480000,19.740000
32348,,,,,,,,,,,,,,,,,,,,0.960922,0.015681,1.582197,,,,,,
32355,,,,,,,,,,,,,,,,,,,,,,,0.026779,-0.002989,1.037122,-0.140000,-2.030000,24.850000
32356,,,,,,,,,,,,,2.741251,4.032316,0.133857,0.133022,,,,,,,,,,,,
32359,,,,,,,,,,,,,,,,,,,,0.960870,0.016428,1.586086,,,,,,
32365,,,,,,,,,,,,,,,,,,,,,,,0.026779,-0.002989,1.037122,1.260000,-20.790001,17.360001
32366,,,,,,,,,,,,,3.399510,5.032322,0.125390,0.120159,,,,,,,,,,,,
32369,,,,,,,,,,,,,,,,,,,,0.960881,0.017304,1.589894,,,,,,
32375,,,,,,,,,,,,,,,,,,,,,,,0.153720,-0.014640,1.035414,0.210000,-2.170000,21.840000
32376,,,,,,,,,,,,,3.956449,5.330297,0.118226,0.116326,,,,,,,,,,,,
32388,,,,,,,,,,,,,4.273032,5.901025,0.114153,0.108984,,,,0.960795,0.019648,1.597707,,,,,,
32379,,,,,,,,,,,,,,,,,,,,0.960807,0.018384,1.593839,,,,,,
32392,,,,0.999206,0.039833,1.610640,0.204215,0.204215,,,,,,,,,,,,,,,,,,,,
32393,,,,,,,,,,,12.978111,14.085961,,,,,0.019218,-0.038918,0.013276,,,,,,,,,
32396,,,,,,,,,,,,,4.903069,6.272862,0.155787,0.156849,,,,,,,0.123647,-0.005185,1.012661,0.910000,-2.450000,10.430000
32398,,,,,,,,,,,,,,,,,,,,0.960741,0.020973,1.601498,,,,,,
32401,,,,,,,,,,,,,,,,,,,,,,,0.123647,-0.005185,1.012661,0.840000,-2.660000,12.810000
32406,,,,,,,,,,,,,5.774573,6.927117,0.144576,0.148433,,,,,,,0.123647,-0.005185,1.012661,1.960000,-6.300000,6.650000
32409,,,,,,,,,,,,,,,,,,,,0.960621,0.022418,1.601498,,,,,,
32415,,,,,,,,,,,,,,,,,,,,,,,0.100528,-0.005673,1.041880,0.770000,-18.900000,9.450000
32416,,,,,,,,,,,,,6.502215,7.471966,0.135216,0.141424,,,,,,,,,,,,
32419,,,,,,,,,,,,,,,,,,,,0.960575,0.023693,1.601421,,,,,,
32425,,,,,,,,,,,,,,,,,,,,,,,0.100528,-0.005673,1.041880,2.520000,-4.690000,9.660000
32426,,,,,,,,,,,,,7.112307,8.475369,0.127368,0.128517,,,,,,,,,,,,
32429,,,,,,,,,,,,,,,,,,,,0.960315,0.025348,1.601425,,,,,,
32435,,,,,,,,,,,,,,,,,,,,,,,0.140910,-0.008601,1.000766,1.190000,0.000000,10.920000
32436,,,,,,,,,,,,,7.629440,8.776320,0.120716,0.124645,,,,,,,,,,,,
32448,,,,,,,,,,,,,8.307235,9.272220,0.111997,0.118266,,,,,,,,,,,,
32450,,,,0.998554,0.053758,1.624580,0.252871,0.252871,,,16.184666,17.678690,,,,,0.027089,-0.039077,0.022702,,,,,,,,,
32449,,,,,,,,,,,,,,,,,,,,0.960253,0.029295,1.605350,,,,,,
32456,,,,,,,,,,,,,,,0.158215,0.164697,,,,,,,0.107299,-0.008479,1.037610,-0.560000,-4.970000,10.640000
32457,,,,,,,,,,,,,8.917975,10.372670,,,,,,,,,,,,,,
32461,,,,,,,,,,,,,,,,,,,,,,,0.107299,-0.008479,1.037610,-2.940000,-7.840000,10.780000
32459,,,,,,,,,,,,,,,,,,,,0.960137,0.031366,1.609261,,,,,,
32466,,,,,,,,,,,,,,,0.148306,0.157755,,,,,,,0.107299,-0.008479,1.034926,-1.610000,-8.470000,8.400000
32467,,,,,,,,,,,,,9.688311,10.912291,,,,,,,,,,,,,,
32468,,,,,,,,,,,,,,,,,,,,0.959941,0.033407,1.609117,,,,,,
32475,,,,,,,,,,,,,,,,,,,,,,,0.062769,0.005185,1.034926,3.990000,-22.469999,8.820000
32476,,,,,,,,,,,,,10.390589,11.420445,0.139272,0.151219,,,,,,,,,,,,
32478,,,,,,,,,,,,,,,,,,,,0.959864,0.035327,1.612783,,,,,,
32485,,,,,,,,,,,,,,,,,,,,,,,0.062769,0.005185,1.006927,3.850000,-0.770000,11.130000
32486,,,,,,,,,,,,,10.933520,12.347761,0.132288,0.139290,,,,,,,,,,,,
32488,,,,,,,,,,,,,,,,,,,,0.959820,0.037635,1.612683,,,,,,
32492,,,,0.997520,0.070379,1.641234,0.305363,0.305363,,,,,,,,,,,,,,,,,,,,
32493,,,,,,,,,,,19.424044,21.316107,,,,,0.031350,-0.039042,0.028294,,,,,,,,,
32496,,,,,,,,,,,,,11.939716,12.581608,0.173972,0.197622,,,,,,,,,,,,
32498,,,,,,,,,,,,,,,,,,,,,,,0.164517,-0.021350,1.006927,3.290000,4.480000,17.360001
32509,,,,,,,,,,,,,12.677143,13.655742,0.164486,0.183805,,,,,,,,,,,,
32499,,,,,,,,,,,,,,,,,,,,0.959706,0.040245,1.616699,,,,,,
32508,,,,,,,,,,,,,,,,,,,,0.959643,0.042959,1.616776,,,,,,
32514,,,,,,,,,,,,,,,,,,,,,,,0.117730,0.001647,1.020591,1.120000,-15.330000,22.750000
32516,,,,,,,,,,,,,13.587523,14.410916,0.152775,0.174091,,,,,,,,,,,,
32519,,,,,,,,,,,,,,,,,,,,,,,0.117730,0.001647,1.020591,1.610000,-12.040000,23.100000
32518,,,,,,,,,,,,,,,,,,,,0.959370,0.045430,1.620428,,,,,,
32525,,,,,,,,,,,,,,,,,,,,,,,0.204716,0.011102,1.019554,0.840000,-9.380000,26.600000
32526,,,,,,,,,,,,,14.175555,15.416961,0.145211,0.161149,,,,,,,,,,,,
32528,,,,,,,,,,,,,,,,,,,,0.959178,0.048324,1.624149,,,,,,
32535,,,,,,,,,,,,,,,,,,,,,,,0.204716,0.011102,1.019554,2.170000,20.090000,27.020000
32536,,,,,,,,,,,,,14.664809,16.256826,0.138917,0.150345,,,,,,,,,,,,
32538,,,,,,,,,,,,,,,,,,,,0.958883,0.051676,1.631765,,,,,,
32542,,,,0.995956,0.089847,1.660765,0.361324,0.361324,,,,,,,,,,,,,,,,,,,,
32543,,,,,,,,,,,22.914673,25.170752,,,,,0.035991,-0.039302,0.029270,,,,,,,,,
32546,,,,,,,,,,,,,15.070973,16.956898,0.192557,0.206343,,,,,,,,,,,,
32547,,,,,,,,,,,,,,,,,,,,,,,0.142435,0.007930,0.971303,0.420000,19.879999,31.430000
32549,,,,,,,,,,,,,,,,,,,,0.958559,0.055182,1.635742,,,,,,
32555,,,,,,,,,,,,,,,,,,,,,,,0.142435,0.007930,0.971303,-2.170000,7.070000,28.350000
32556,,,,,,,,,,,,,15.973328,18.108913,0.180950,0.191524,,,,,,,,,,,,
32568,,,,,,,,,,,,,17.156656,19.418127,0.165728,0.174683,,,,0.957930,0.061891,1.647095,,,,,,
32559,,,,,,,,,,,,,,,,,,,,0.958244,0.058554,1.643318,,,,,,
32574,,,,,,,,,,,,,,,,,,,,,,,0.128771,0.014030,1.083177,2.310000,0.560000,24.360001
32576,,,,,,,,,,,,,17.764519,20.333103,0.157909,0.162913,,,,,,,,,,,,
32579,,,,,,,,,,,,,,,,,,,,,,,0.128771,0.014030,1.002413,1.610000,5.110000,27.090000
32578,,,,,,,,,,,,,,,,,,,,0.957457,0.065605,1.650942,,,,,,
32585,,,,,,,,,,,,,,,,,,,,,,,0.172935,0.001952,1.002413,-0.910000,12.880000,28.280001
32586,,,,,,,,,,,,,18.794260,20.955467,0.144662,0.154907,,,,,,,,,,,,
32592,,,,0.993676,0.112286,1.683320,0.420396,0.420396,,,,,,,,,,,,,,,,,,,,
32593,,,,,,,,,,,26.712725,29.399721,,,,,0.043449,-0.039807,0.032232,,,,,,,,,
32589,,,,,,,,,,,,,,,,,,,,0.957035,0.069506,1.658305,,,,,,
32596,,,,,,,,,,,,,19.651388,21.469828,0.197686,0.219606,,,,,,,,,,,,
32598,,,,,,,,,,,,,,,,,,,,,,,0.172935,0.001952,1.002413,-10.010000,7.490000,22.750000
32608,,,,,,,,,,,,,20.205341,22.653042,0.190560,0.204386,,,,0.956097,0.077653,1.658607,,,,,,
32599,,,,,,,,,,,,,,,,,,,,0.956627,0.073431,1.658317,,,,,,
32614,,,,,,,,,,,,,,,,,,,,,,,0.098393,0.025498,0.965203,-12.250000,5.110000,18.480000
32616,,,,,,,,,,,,,21.094568,23.836363,0.179121,0.189164,,,,,,,,,,,,
32619,,,,,,,,,,,,,,,,,,,,,,,0.142252,0.015250,1.130696,-6.230000,-6.230000,22.680000
32618,,,,,,,,,,,,,,,,,,,,0.955365,0.081698,1.662361,,,,,,
32625,,,,,,,,,,,,,,,,,,,,,,,0.142252,0.015250,1.130696,0.420000,-14.980000,22.540001
32626,,,,,,,,,,,,,22.133814,24.440760,0.165752,0.181389,,,,,,,,,,,,
32629,,,,,,,,,,,,,,,,,,,,0.954763,0.085813,1.669706,,,,,,
32635,,,,,,,,,,,,,,,,,,,,,,,0.142252,0.015250,1.130696,9.170000,-4.620000,22.820000
32636,,,,,,,,,,,,,23.002504,25.490959,0.154578,0.167880,,,,,,,,,,,,
32642,,,,0.990461,0.137792,1.709028,0.482232,0.482232,,,,,,,,,,,,,,,,,,,,
32643,,,,,,,,,,,30.466829,33.709232,,,,,0.048213,-0.040607,0.038836,,,,,,,,,
32639,,,,,,,,,,,,,,,,,,,,0.954308,0.090160,1.673432,,,,,,
32646,,,,,,,,,,,,,23.741360,25.835144,0.208382,0.236127,,,,,,,,,,,,
32648,,,,,,,,,,,,,,,,,,,,,,,0.149023,-0.024278,0.958188,-1.610000,17.780001,24.570000
32649,,,,,,,,,,,,,,,,,,,,0.953664,0.095000,1.673630,,,,,,
32655,,,,,,,,,,,,,,,,,,,,,,,0.149023,0.018361,1.010892,-2.450000,10.220000,24.360001
32656,,,,,,,,,,,,,24.350258,26.658752,0.200549,0.225532,,,,,,,,,,,,
32671,,,,,,,,,,,,,25.607910,27.550276,0.184371,0.214064,,,,,,,,,,,,
32668,,,,,,,,,,,,,,,,,,,,0.952235,0.104386,1.692038,,,,,,
32677,,,,,,,,,,,,,26.217476,28.785978,0.176530,0.198168,,,,,,,0.165310,0.017202,1.109102,8.540000,-11.550000,37.590000
32678,,,,,,,,,,,,,,,,,,,,0.951592,0.109212,1.695559,,,,,,
32682,,,,,,,,,,,,,,,,,,,,,,,0.165310,0.017202,1.109102,9.310000,-7.420000,36.540001
32686,,,,,,,,,,,,,26.888496,29.653275,0.167898,0.187011,,,,,,,,,,,,
32687,,,,,,,,,,,,,,,,,,,,,,,0.165310,0.017202,1.109102,-1.260000,6.510000,38.919998
32692,,,,0.986053,0.166429,1.738004,0.546492,0.546492,,,,,,,,,,,,,,,,,,,,
32693,,,,,,,,,,,34.360683,38.129044,,,,,0.052523,-0.041272,0.042297,,,,,,,,,
32689,,,,,,,,,,,,,,,,,,,,0.950804,0.114193,1.699310,,,,,,
32696,,,,,,,,,,,,,27.546526,30.419758,0.225098,0.251686,,,,,,,,,,,,
32698,,,,,,,,,,,,,,,,,,,,,,,0.141154,0.000671,0.905301,-1.680000,22.680000,36.400002
32699,,,,,,,,,,,,,,,,,,,,0.950006,0.119689,1.703134,,,,,,
32705,,,,,,,,,,,,,,,,,,,,,,,0.141154,0.000671,0.905301,10.360000,22.540001,42.209999
32706,,,,,,,,,,,,,28.110596,31.624344,0.217842,0.236190,,,,,,,,,,,,
32708,,,,,,,,,,,,,,,,,,,,0.949126,0.125319,1.714257,,,,,,
32715,,,,,,,,,,,,,,,,,,,,,,,0.112057,0.027633,1.122339,-5.600000,-14.770000,42.070000
32716,,,,,,,,,,,,,29.142706,32.648216,0.204565,0.223020,,,,,,,,,,,,
32728,,,,,,,,,,,,,30.083382,33.496475,0.192465,0.212108,,,,,,,,,,,,
32719,,,,,,,,,,,,,,,,,,,,0.948245,0.130571,1.717915,,,,,,
32729,,,,,,,,,,,,,,,,,,,,0.947447,0.135858,1.728610,,,,,,
32734,,,,,,,,,,,,,,,,,,,,,,,0.156099,0.026901,0.982832,6.160000,10.360000,47.250000
32736,,,,,,,,,,,,,30.662615,34.203197,0.185013,0.203017,,,,,,,,,,,,
32739,,,,,,,,,,,,,,,,,,,,0.946358,0.141595,1.735868,0.156099,0.026901,0.982832,-0.910000,24.920000,45.080002
32743,,,,0.980157,0.198224,1.770342,0.612846,0.612846,,,38.227940,42.214409,,,,,0.050857,-0.042581,0.034930,,,,,,,,,
32746,,,,,,,,,,,,,31.285549,34.813198,0.242216,0.264064,,,,,,,,,,,,
32747,,,,,,,,,,,,,,,,,,,,,,,0.156099,0.026901,0.982832,3.010000,30.170000,42.980000
32749,,,,,,,,,,,,,,,,,,,,0.945090,0.147758,1.736209,,,,,,
32755,,,,,,,,,,,,,,,,,,,,,,,0.119621,0.039650,0.973316,0.770000,25.340000,45.849998
32756,,,,,,,,,,,,,32.357071,35.873730,0.228433,0.250422,,,,,,,,,,,,
32768,,,,,,,,,,,,,33.108276,36.972275,0.218769,0.236291,,,,,,,,,,,,
32759,,,,,,,,,,,,,,,,,,,,0.943795,0.153961,1.750671,,,,,,
32769,,,,,,,,,,,,,,,,,,,,0.942446,0.159839,1.757823,,,,,,
32774,,,,,,,,,,,,,,,,,,,,,,,0.147986,0.049654,1.050359,-6.580000,-6.580000,44.029999
32776,,,,,,,,,,,,,34.101265,38.046207,0.205996,0.222476,,,,,,,,,,,,
32779,,,,,,,,,,,,,,,,,,,,0.941082,0.166040,1.764893,0.147986,0.049654,1.050359,-3.080000,7.140000,42.980000
32786,,,,,,,,,,,,,34.724392,38.591995,0.197980,0.215455,,,,,,,0.147986,0.049654,1.050359,1.050000,21.350000,42.560001
32792,,,,0.972438,0.233163,1.806125,0.680973,0.680973,,,,,,,,,,,,,,,,,,,,
32793,,,,,,,,,,,42.531364,47.149799,,,,,0.059413,-0.043687,0.040521,,,,,,,,,
32789,,,,,,,,,,,,,,,,,,,,0.939688,0.172646,1.768627,,,,,,
32796,,,,,,,,,,,,,35.774567,39.575226,0.257043,0.286036,,,,,,,,,,,,
32798,,,,,,,,,,,,,,,,,,,,,,,0.133224,0.029402,1.019249,-11.550000,11.760000,35.700001
32799,,,,,,,,,,,,,,,,,,,,0.937928,0.179323,1.779379,,,,,,
32805,,,,,,,,,,,,,,,,,,,,,,,0.133224,0.029402,0.973438,-4.480000,0.700000,36.470001
32806,,,,,,,,,,,,,36.677322,40.423248,0.245430,0.275127,,,,,,,,,,,,
32808,,,,,,,,,,,,,,,,,,,,0.936372,0.185648,1.786456,,,,,,
32815,,,,,,,,,,,,,,,,,,,,,,,0.067527,0.048861,0.973438,3.710000,-10.220000,40.459999
32816,,,,,,,,,,,,,37.434917,41.134624,0.235684,0.265976,,,,,,,,,,,,
32828,,,,,,,,,,,,,38.518661,42.099659,0.221744,0.253563,,,,,,,,,,,,
32818,,,,,,,,,,,,,,,,,,,,0.934775,0.192315,1.793503,,,,,,
32829,,,,,,,,,,,,,,,,,,,,0.933040,0.199160,1.800660,,,,,,
32834,,,,,,,,,,,,,,,,,,,,,,,0.177449,0.010919,1.144909,-0.210000,-15.820000,45.779999
32836,,,,,,,,,,,,,39.685165,43.359631,0.206738,0.237355,,,,,,,,,,,,
32839,,,,,,,,,,,,,,,,,,,,0.931252,0.205962,1.807578,0.177449,0.010919,1.144909,1.610000,-13.230000,44.660000
32842,,,,0.962528,0.271182,1.845418,0.750560,0.750560,,,,,,,,,,,,,,,,,,,,
32843,,,,,,,,,,,46.452728,51.445751,,,,,0.056659,-0.045584,0.038336,,,,,,,,,
32846,,,,,,,,,,,,,39.963070,44.150097,0.269292,0.299632,,,,,,,,,,,,
32847,,,,,,,,,,,,,,,,,,,,,,,0.128527,0.047336,0.899933,3.500000,27.370001,50.189999
32849,,,,,,,,,,,,,,,,,,,,0.929284,0.213317,1.818086,,,,,,
32855,,,,,,,,,,,,,,,,,,,,,,,0.128527,0.047336,0.899933,-1.750000,29.330000,46.900002
32856,,,,,,,,,,,,,40.747433,44.818279,0.259202,0.291037,,,,,,,,,,,,
32859,,,,,,,,,,,,,,,,,,,,0.927163,0.220758,1.828729,,,,,,
32865,,,,,,,,,,,,,,,,,,,,,,,0.110959,0.071919,1.068049,-14.700000,-20.930000,50.400002
32866,,,,,,,,,,,,,41.976173,45.950760,0.243396,0.276469,,,,,,,,,,,,
32869,,,,,,,,,,,,,,,,,,,,0.924999,0.228059,1.839081,,,,,,
32875,,,,,,,,,,,,,,,,,,,,,,,0.110959,0.071919,1.068049,4.900000,-37.240002,50.259998
32876,,,,,,,,,,,,,42.990685,46.882896,0.230345,0.264478,,,,,,,,,,,,
32888,,,,,,,,,,,,,43.574814,47.775028,0.222831,0.253002,,,,,,,,,,,,
32879,,,,,,,,,,,,,,,,,,,,0.922940,0.235345,1.845936,,,,,,
32892,,,,0.950027,0.312168,1.888270,0.821304,0.821304,,,,,,,,,,,,,,,,,,,,
32893,,,,,,,,,,,50.966930,56.581200,,,,,0.066044,-0.046888,0.042137,,,,,,,,,
32889,,,,,,,,,,,,,,,,,,,,0.920721,0.242816,1.856214,,,,,,
32897,,,,,,,,,,,,,44.773663,48.931557,0.283536,0.324727,,,,,,,0.139019,0.023790,1.048956,-0.210000,9.380000,53.970001
32899,,,,,,,,,,,,,,,,,,,,0.918205,0.250412,1.859822,,,,,,
32902,,,,,,,,,,,,,,,,,,,,,,,0.103212,0.072285,0.965447,-7.280000,11.060000,52.290001
32907,,,,,,,,,,,,,45.355316,49.951305,0.276054,0.311610,,,,,,,0.103212,0.072285,0.965447,-7.350000,18.830000,53.130001
32909,,,,,,,,,,,,,,,,,,,,0.915569,0.258197,1.863375,,,,,,
32915,,,,,,,,,,,,,,,,,,,,,,,0.103212,0.072285,0.965447,-2.940000,5.530000,50.959999
32916,,,,,,,,,,,,,46.353214,50.805370,0.263217,0.300623,,,,,,,,,,,,
32928,,,,,,,,,,,,,47.146660,51.797710,0.253010,0.287858,,,,,,,,,,,,
32919,,,,,,,,,,,,,,,,,,,,0.912770,0.265924,1.873742,,,,,,
32929,,,,,,,,,,,,,,,,,,,,0.909777,0.273775,1.880683,,,,,,
32934,,,,,,,,,,,,,,,,,,,,,,,0.132553,0.085339,1.006317,2.590000,-9.030000,50.610001
32936,,,,,,,,,,,,,47.990242,52.597054,0.242159,0.277576,,,,,,,,,,,,
32940,,,,,,,,,,,,,,,,,,,,,,,0.136823,0.048739,0.994239,-17.430000,-12.460000,52.709999
32943,,,,0.934508,0.355942,1.934718,0.892911,0.892911,,,55.070511,61.665401,,,,,0.070584,-0.048554,0.053139,,,,,,,,,
32939,,,,,,,,,,,,,,,,,,,,0.906811,0.281819,1.890866,,,,,,
32946,,,,,,,,,,,,,48.613003,53.587044,0.303349,0.350579,,,,,,,,,,,,
32948,,,,,,,,,,,,,,,,,,,,,,,0.136823,0.048739,0.994239,-10.080000,-3.990000,53.410000
32949,,,,,,,,,,,,,,,,,,,,0.903681,0.289932,1.897760,,,,,,
32955,,,,,,,,,,,,,,,,,,,,,,,0.136823,0.048739,0.994239,-1.820000,-7.490000,57.119999
32956,,,,,,,,,,,,,49.677967,54.411560,0.289650,0.339973,,,,,,,,,,,,
32959,,,,,,,,,,,,,,,,,,,,0.900632,0.298267,1.911347,,,,,,
32965,,,,,,,,,,,,,,,,,,,,,,,0.100345,0.046177,1.078419,-19.389999,-39.900002,60.830002
32966,,,,,,,,,,,,,51.133747,55.665691,0.270923,0.323840,,,,,,,,,,,,
32969,,,,,,,,,,,,,,,,,,,,0.897250,0.306428,1.921359,,,,,,
32975,,,,,,,,,,,,,,,,,,,,,,,0.100345,0.060085,1.039684,5.040000,-16.520000,63.070000
32976,,,,,,,,,,,,,51.771610,56.678249,0.262718,0.310815,,,,,,,,,,,,
32988,,,,,,,,,,,,,52.655293,57.693207,0.251351,0.297759,,,,,,,,,,,,
32979,,,,,,,,,,,,,,,,,,,,0.893929,0.314797,1.931407,,,,,,
32989,,,,,,,,,,,,,,,,,,,,0.890472,0.323475,1.941455,,,,,,
32993,,,,0.915524,0.402264,1.984785,0.965097,0.965097,,,59.178040,65.835213,,,,,0.065095,-0.051695,0.044203,,,,,,,,,
32996,,,,,,,,,,,,,52.598797,58.911358,0.321345,0.352407,,,,,,,,,,,,
32997,,,,,,,,,,,,,,,,,,,,,,,0.184403,0.052277,0.927139,12.110000,10.150000,74.620003
32999,,,,,,,,,,,,,,,,,,,,0.886899,0.332503,1.954837,,,,,,
33003,,,,,,,,,,,,,,,,,,,,,,,0.150426,0.052277,0.927139,18.830000,11.270000,79.660004
33006,,,,,,,,,,,,,53.586628,59.995667,0.308638,0.338459,,,,,,,,,,,,
33008,,,,,,,,,,,,,,,,,,,,,,,0.150426,0.052277,0.927139,19.600000,-2.030000,77.559998
33009,,,,,,,,,,,,,,,,,,,,0.883037,0.341493,1.968143,,,,,,
33015,,,,,,,,,,,,,,,,,,,,,,,0.121878,0.109312,1.073173,19.180000,-23.379999,77.980003
33016,,,,,,,,,,,,,54.940796,60.880749,0.291219,0.327073,,,,,,,,,,,,
33018,,,,,,,,,,,,,,,,,,,,0.879250,0.350264,1.981267,,,,,,
33025,,,,,,,,,,,,,,,,,,,,,,,0.121878,0.109312,1.073173,-0.350000,-24.430000,71.470001
33026,,,,,,,,,,,,,56.094078,62.188274,0.276383,0.310254,,,,,,,,,,,,
33029,,,,,,,,,,,,,,,,,,,,0.874997,0.359063,1.991189,,,,,,
33035,,,,,,,,,,,,,,,,,,,,,,,0.156282,0.126575,0.912621,5.670000,31.500000,65.660004
33036,,,,,,,,,,,,,56.520981,63.293945,0.270892,0.296031,,,,,,,,,,,,
33048,,,,,,,,,,,,,57.166332,63.780300,0.262590,0.289775,,,,,,,,,,,,
33051,,,,0.892616,0.450818,2.038478,1.037585,1.037585,,,63.884071,71.124153,,,,,,,,,,,,,,,,
33052,,,,,,,,,,,,,,,,,0.075678,-0.053567,0.046092,,,,,,,,,
33049,,,,,,,,,,,,,,,,,,,,0.865665,0.377935,2.017688,,,,,,
33057,,,,,,,,,,,,,58.105129,63.670124,0.329875,0.380383,,,,,,,0.132492,0.130418,0.972828,11.270000,25.480000,69.089996
33059,,,,,,,,,,,,,,,,,,,,0.860891,0.387054,2.027680,,,,,,
33062,,,,,,,,,,,,,,,,,,,,,,,0.132492,0.130418,0.972828,23.309999,18.549999,70.699997
33066,,,,,,,,,,,,,58.970486,64.838852,0.318743,0.365349,,,,,,,,,,,,
33067,,,,,,,,,,,,,,,,,,,,,,,0.132492,0.130418,0.972828,0.980000,8.120000,69.230003
33069,,,,,,,,,,,,,,,,,,,,0.856131,0.396361,2.040659,,,,,,
33075,,,,,,,,,,,,,,,,,,,,,,,0.067344,0.118950,1.116666,-9.730000,-27.370001,69.300003
33076,,,,,,,,,,,,,60.024437,66.057526,0.305185,0.349672,,,,,,,,,,,,
33078,,,,,,,,,,,,,,,,,,,,0.850758,0.406094,2.072677,,,,,,
33085,,,,,,,,,,,,,,,,,,,,,,,0.067344,0.118950,1.116666,8.260000,-50.189999,73.639999
33086,,,,,,,,,,,,,60.885132,67.054062,0.294114,0.336853,,,,,,,,,,,,
33088,,,,,,,,,,,,,,,,,,,,0.845794,0.415311,2.088334,,,,,,
33092,,,,0.865326,0.501209,2.095792,1.110109,1.110109,,,,,,,,,,,,,,,,,,,,
33093,,,,,,,,,,,68.655975,74.309280,,,,,0.066028,-0.059194,0.010428,,,,,,,,,
33096,,,,,,,,,,,,,61.644848,67.931816,0.364813,0.379275,,,,,,,,,,,,
33097,,,,,,,,,,,,,,,,,,,,,,,0.159759,0.101687,0.951051,6.160000,-0.070000,76.019997
33109,,,,,,,,,,,,,62.503574,69.122879,0.353766,0.363953,,,,,,,,,,,,
33099,,,,,,,,,,,,,,,,,,,,0.840443,0.424407,2.097983,,,,,,
33108,,,,,,,,,,,,,,,,,,,,0.834827,0.433889,2.110699,,,,,,
33114,,,,,,,,,,,,,,,,,,,,,,,0.129442,0.129869,1.026996,-5.670000,-2.520000,70.629997
33116,,,,,,,,,,,,,64.109131,70.398529,0.333113,0.347544,,,,,,,,,,,,
33120,,,,,,,,,,,,,,,,,,,,,,,0.129442,0.129869,1.026996,-3.150000,-7.490000,63.349998
33119,,,,,,,,,,,,,,,,,,,,0.828731,0.443500,2.123496,,,,,,
33125,,,,,,,,,,,,,,,,,,,,,,,0.129442,0.129869,0.826001,-31.360001,13.020000,63.770000
33126,,,,,,,,,,,,,65.445847,71.285576,0.315918,0.336133,,,,,,,,,,,,
33129,,,,,,,,,,,,,,,,,,,,0.822684,0.453082,2.136164,,,,,,
33135,,,,,,,,,,,,,,,,,,,,,,,0.168665,0.127246,0.826001,-7.980000,28.700001,57.889999
33136,,,,,,,,,,,,,66.038185,71.500336,0.308298,0.333370,,,,,,,,,,,,
33150,,,,0.833207,0.552962,2.156711,1.182410,1.182410,,,73.235039,79.823456,,,,,0.077759,-0.062355,0.020314,,,,,,,,,
33151,,,,,,,,,,,,,66.847267,71.819214,0.375110,0.422258,,,,,,,,,,,,
33148,,,,,,,,,,,,,,,,,,,,0.809973,0.472632,2.152040,,,,,,
33157,,,,,,,,,,,,,67.942345,73.025513,0.361024,0.406740,,,,,,,0.153964,0.110227,0.841373,1.610000,23.590000,48.860001
33159,,,,,,,,,,,,,,,,,,,,0.803250,0.482542,2.164702,,,,,,
33162,,,,,,,,,,,,,,,,,,,,,,,0.153964,0.110227,0.841373,12.460000,4.760000,53.060001
33166,,,,,,,,,,,,,69.489319,74.353088,0.341124,0.389663,,,,,,,,,,,,
33167,,,,,,,,,,,,,,,,,,,,,,,0.104310,0.104859,1.001559,3.290000,-12.950000,53.060001
33169,,,,,,,,,,,,,,,,,,,,0.796451,0.492463,2.174155,,,,,,
33175,,,,,,,,,,,,,,,,,,,,,,,0.104310,0.104859,1.001559,24.500000,-35.980000,56.279999
33176,,,,,,,,,,,,,70.519356,75.159508,0.327874,0.379289,,,,,,,,,,,,
33179,,,,,,,,,,,,,,,,,,,,0.789892,0.502293,2.183344,,,,,,
33185,,,,,,,,,,,,,,,,,,,,,,,0.174399,0.074298,0.998509,8.330000,-12.880000,58.169998
33186,,,,,,,,,,,,,71.383606,76.383156,0.316756,0.363549,,,,,,,,,,,,
33189,,,,,,,,,,,,,,,,,,,,0.782897,0.512215,2.192616,,,,,,
33193,,,,0.795837,0.605511,2.221204,1.254240,1.254240,,,76.674919,84.207626,,,,,0.069171,-0.064832,0.029191,,,,,,,,,
33196,,,,,,,,,,,,,72.104729,76.858734,0.365489,0.431364,,,,,,,,,,,,
33197,,,,,,,,,,,,,,,,,,,,,,,0.174399,0.074298,0.998509,-17.709999,-15.610000,61.950001
33209,,,,,,,,,,,,,72.820984,78.123016,0.356275,0.415101,,,,,,,,,,,,
33199,,,,,,,,,,,,,,,,,,,,0.775730,0.522149,2.201786,,,,,,
33208,,,,,,,,,,,,,,,,,,,,0.768015,0.532225,2.211217,,,,,,
33214,,,,,,,,,,,,,,,,,,,,,,,0.117913,0.127368,0.838628,-27.230000,15.330000,65.309998
33216,,,,,,,,,,,,,73.914604,79.863152,0.342207,0.392716,,,,,,,,,,,,
33219,,,,,,,,,,,,,,,,,,,,0.760080,0.542079,2.220644,0.117913,0.127368,0.838628,-33.110001,21.280001,67.760002
33225,,,,,,,,,,,,,,,,,,,,,,,0.153598,0.120353,0.813740,-1.120000,20.510000,66.849998
33226,,,,,,,,,,,,,74.809601,80.363312,0.330694,0.386282,,,,,,,,,,,,
33230,,,,,,,,,,,,,,,,,,,,0.752180,0.552263,2.233030,,,,,,
33236,,,,,,,,,,,,,75.004333,81.321709,0.328190,0.373954,,,,,,,0.153598,0.120353,0.813740,-20.510000,18.200001,75.949997
33239,,,,,,,,,,,,,,,,,,,,0.743766,0.562731,2.248411,,,,,,
33243,,,,0.752837,0.658207,2.289231,1.325359,1.325359,,,80.387955,89.082840,,,,,0.068737,-0.066922,0.040352,,,,,,,,,
33246,,,,,,,,,,,,,76.264503,82.128105,0.374595,0.445795,,,,,,,,,,,,
33248,,,,,,,,,,,,,,,,,,,,0.735709,0.572951,2.263678,0.139995,0.122427,0.943060,0.490000,3.500000,76.019997
33255,,,,,,,,,,,,,,,,,,,,,,,0.139995,0.122427,0.943060,-3.010000,-6.650000,80.779999
33256,,,,,,,,,,,,,76.782997,82.813507,0.367925,0.436978,,,,,,,,,,,,
33268,,,,,,,,,,,,,77.645927,84.117218,0.356824,0.420207,,,,,,,,,,,,
33259,,,,,,,,,,,,,,,,,,,,0.727153,0.583063,2.275976,,,,,,
33269,,,,,,,,,,,,,,,,,,,,0.718546,0.593072,2.291058,,,,,,
33274,,,,,,,,,,,,,,,,,,,,,,,0.083631,0.158112,0.988932,-14.560000,-48.020000,90.510002
33276,,,,,,,,,,,,,78.668114,86.113579,0.343675,0.394527,,,,,,,,,,,,
33279,,,,,,,,,,,,,,,,,,,,0.709821,0.603041,2.306025,0.130601,0.148718,0.950502,-9.030000,-52.919998,90.930000
33285,,,,,,,,,,,,,,,,,,,,,,,0.130601,0.148718,0.950502,6.720000,-16.799999,91.629997
33286,,,,,,,,,,,,,79.384392,86.748428,0.334461,0.386360,,,,,,,,,,,,
33292,,,,0.703886,0.710313,2.360738,1.395537,1.395537,,,,,,,,,,,,,,,,,,,,
33293,,,,,,,,,,,84.658028,94.742867,,,,,0.082187,-0.067682,0.053452,,,,,,,,,
33289,,,,,,,,,,,,,,,,,,,,0.700755,0.612939,2.321078,,,,,,
33296,,,,,,,,,,,,,79.947235,87.239433,0.399230,0.475493,,,,,,,,,,,,
33297,,,,,,,,,,,,,,,,,,,,,,,0.130601,0.148718,0.800869,-15.050000,29.049999,97.720001
33308,,,,,,,,,,,,,80.484657,87.987602,0.392317,0.465869,,,,,,,,,,,,
33299,,,,,,,,,,,,,,,,,,,,0.691162,0.623088,2.336311,,,,,,
33309,,,,,,,,,,,,,,,,,,,,0.681213,0.633261,2.354529,,,,,,
33314,,,,,,,,,,,,,,,,,,,,,,,0.109556,0.180682,0.974292,7.980000,4.200000,100.519997
33316,,,,,,,,,,,,,81.381172,89.743362,0.380784,0.443283,,,,,,,,,,,,
33319,,,,,,,,,,,,,,,,,,,,0.670998,0.643197,2.375532,0.119438,0.251808,0.974292,15.610000,-21.209999,96.809998
33325,,,,,,,,,,,,,,,,,,,,,,,0.119438,0.251808,0.974292,-25.059999,-40.180000,105.349998
33326,,,,,,,,,,,,,82.243279,90.380760,0.369695,0.435084,,,,,,,,,,,,
33329,,,,,,,,,,,,,,,,,,,,0.660538,0.652824,2.393364,,,,,,
33335,,,,,,,,,,,,,,,,,,,,,,,0.137372,0.225029,0.998936,8.470000,-23.590000,107.589996
33336,,,,,,,,,,,,,83.445938,91.936630,0.354224,0.415070,,,,,,,,,,,,
33339,,,,,,,,,,,,,,,,,,,,0.650461,0.662178,2.411154,,,,,,
33343,,,,0.648742,0.761009,2.435663,1.464551,1.464551,,,89.023994,97.496208,,,,,0.068257,-0.072352,0.026235,,,,,,,,,
33346,,,,,,,,,,,,,83.930618,92.720993,0.421615,0.451412,,,,,,,,,,,,
33347,,,,,,,,,,,,,,,,,,,,,,,0.137372,0.225029,0.998936,25.690001,-5.880000,106.610001
33348,,,,,,,,,,,,,,,,,,,,0.640007,0.671911,2.428785,,,,,,
33355,,,,,,,,,,,,,,,,,,,,,,,0.107787,0.183244,0.836127,31.570000,4.200000,109.690002
33356,,,,,,,,,,,,,84.327377,93.368576,0.416512,0.443081,,,,,,,,,,,,
33369,,,,,,,,,,,,,85.876709,94.336754,0.396582,0.430627,,,,0.617493,0.691243,2.469965,,,,,,
33359,,,,,,,,,,,,,,,,,,,,0.629059,0.681840,2.446227,,,,,,
33374,,,,,,,,,,,,,,,,,,,,,,,0.143899,0.261568,0.807701,-28.700001,16.379999,108.360001
33376,,,,,,,,,,,,,86.849487,94.735809,0.384068,0.425494,,,,,,,,,,,,
33379,,,,,,,,,,,,,,,,,,,,0.605560,0.701003,2.490572,0.143899,0.261568,0.807701,31.430000,25.480000,103.459999
33386,,,,,,,,,,,,,87.330208,95.610565,0.377884,0.414241,,,,,,,0.143899,0.261568,0.807701,-0.560000,35.770000,100.239998
33389,,,,,,,,,,,,,,,,,,,,0.593605,0.710512,2.505107,,,,,,
33393,,,,0.587254,0.809403,2.513931,1.532188,1.532188,,,93.425957,100.965637,,,,,0.064038,-0.075769,0.010045,,,,,,,,,
33396,,,,,,,,,,,,,88.257660,95.772087,0.440187,0.470671,,,,,,,,,,,,
33397,,,,,,,,,,,,,,,,,,,,,,,0.133041,0.239852,0.780007,-7.630000,18.129999,97.089996
33399,,,,,,,,,,,,,,,,,,,,0.581308,0.719663,2.519758,,,,,,
33405,,,,,,,,,,,,,,,,,,,,,,,0.133041,0.239852,0.780007,-12.110000,8.540000,93.309998
33406,,,,,,,,,,,,,89.090187,97.060631,0.429478,0.454095,,,,,,,,,,,,
33409,,,,,,,,,,,,,,,,,,,,0.569185,0.728328,2.537184,,,,,,
33415,,,,,,,,,,,,,,,,,,,,,,,0.085461,0.306281,0.955321,-8.750000,-23.590000,85.540001
33416,,,,,,,,,,,,,90.245895,98.044037,0.414611,0.441445,,,,,,,,,,,,
33428,,,,,,,,,,,,,91.423569,98.440536,0.399462,0.436345,,,,,,,,,,,,
33422,,,,,,,,,,,,,,,,,,,,0.556779,0.737007,2.551679,,,,,,
33429,,,,,,,,,,,,,,,,,,,,0.543973,0.745478,2.566107,,,,,,
33434,,,,,,,,,,,,,,,,,,,,,,,0.143289,0.228689,0.899628,-27.230000,-21.209999,80.570000
33436,,,,,,,,,,,,,92.660042,99.248306,0.383556,0.425954,,,,,,,,,,,,
33440,,,,,,,,,,,,,,,,,,,,,,,0.143289,0.228689,0.899628,-14.490000,-1.470000,78.260002
33439,,,,,,,,,,,,,,,,,,,,0.531045,0.753944,2.577662,,,,,,
33443,,,,0.519388,0.854539,2.595458,1.598247,1.598247,,,96.934952,105.456528,,,,,0.063496,-0.078754,0.018567,,,,,,,,,
33446,,,,,,,,,,,,,93.384056,100.028847,0.433417,0.491646,,,,,,,,,,,,
33447,,,,,,,,,,,,,,,,,,,,,,,0.143289,0.228689,0.629398,26.389999,51.660000,72.099998
33449,,,,,,,,,,,,,,,,,,,,0.517942,0.762621,2.589143,,,,,,
33455,,,,,,,,,,,,,,,,,,,,,,,0.092903,0.139751,0.629398,8.750000,56.349998,71.050003
33456,,,,,,,,,,,,,93.937309,100.076950,0.426300,0.491027,,,,,,,,,,,,
33459,,,,,,,,,,,,,,,,,,,,0.503897,0.771425,2.606451,,,,,,
33465,,,,,,,,,,,,,,,,,,,,,,,0.092903,0.261934,1.138748,-29.750000,18.480000,78.610001
33466,,,,,,,,,,,,,94.959549,101.223427,0.413151,0.476279,,,,,,,,,,,,
33468,,,,,,,,,,,,,,,,,,,,0.489593,0.779737,2.620927,,,,,,
33475,,,,,,,,,,,,,,,,,,,,,,,0.130845,0.261934,1.138748,8.400000,-27.299999,78.820000
33476,,,,,,,,,,,,,95.808434,102.176071,0.402231,0.464025,,,,,,,,,,,,
33489,,,,,,,,,,,,,96.364983,102.999878,0.395072,0.453428,,,,,,,,,,,,
33479,,,,,,,,,,,,,,,,,,,,0.475860,0.787758,2.632360,,,,,,
33488,,,,,,,,,,,,,,,,,,,,0.462053,0.795436,2.649557,,,,,,
33493,,,,0.445239,0.895412,2.680151,1.662531,1.662531,,,100.052177,109.977646,,,,,0.062003,-0.080196,0.031237,,,,,,,,,
33496,,,,,,,,,,,,,97.203583,104.321625,0.436852,0.512668,,,,,,,,,,,,
33497,,,,,,,,,,,,,,,,,,,,,,,0.124318,0.194590,0.820694,-15.330000,2.450000,87.430000
33499,,,,,,,,,,,,,,,,,,,,0.447614,0.803138,2.661101,,,,,,
33503,,,,,,,,,,,,,,,,,,,,,,,0.124318,0.194590,0.684725,-0.840000,25.059999,85.610001
33506,,,,,,,,,,,,,98.230255,105.315590,0.423645,0.499882,,,,,,,,,,,,
33508,,,,,,,,,,,,,,,,,,,,,,,0.105103,0.165737,0.684725,5.740000,45.290001,85.820000
33509,,,,,,,,,,,,,,,,,,,,0.432796,0.811319,2.681015,,,,,,
33515,,,,,,,,,,,,,,,,,,,,,,,0.105103,0.165737,0.684725,-30.240000,63.209999,95.970001
33516,,,,,,,,,,,,,98.547592,105.605515,0.419563,0.496152,,,,,,,,,,,,
33529,,,,,,,,,,,,,98.789970,106.492065,0.416445,0.484748,,,,0.402674,0.826264,2.712178,,,,,,
33519,,,,,,,,,,,,,,,,,,,,0.417901,0.818898,2.695184,,,,,,
33535,,,,,,,,,,,,,,,,,,,,,,,0.174033,0.268888,0.939766,-0.210000,-15.470000,106.680000
33536,,,,,,,,,,,,,99.832336,107.765961,0.403037,0.468361,,,,,,,,,,,,
33541,,,,,,,,,,,,,,,,,,,,,,,0.174033,0.268888,0.823256,-2.660000,-28.980000,108.919998
33543,,,,0.365048,0.930989,2.767908,1.724855,1.724855,,,103.304230,115.672745,,,,,0.076196,-0.079745,0.054520,,,,,,,,,
33539,,,,,,,,,,,,,,,,,,,,0.387319,0.833475,2.729202,,,,,,
33546,,,,,,,,,,,,,100.457001,108.778160,0.449843,0.551381,,,,,,,,,,,,
33548,,,,,,,,,,,,,,,,,,,,,,,0.095953,0.244671,0.823256,8.960000,-61.880001,115.570000
33549,,,,,,,,,,,,,,,,,,,,0.371734,0.840615,2.751742,,,,,,
33555,,,,,,,,,,,,,,,,,,,,,,,0.095953,0.244671,0.823256,29.680000,-63.349998,113.120003
33556,,,,,,,,,,,,,101.493584,110.137177,0.436508,0.533899,,,,,,,,,,,,
33559,,,,,,,,,,,,,,,,,,,,0.356481,0.847367,2.771528,,,,,,
33565,,,,,,,,,,,,,,,,,,,,,,,0.088084,0.259067,0.871202,36.959999,-3.570000,120.260002
33566,,,,,,,,,,,,,102.394814,111.312515,0.424915,0.518780,,,,,,,,,,,,
33568,,,,,,,,,,,,,,,,,,,,0.340377,0.854043,2.791208,,,,,,
33575,,,,,,,,,,,,,,,,,,,,,,,0.088084,0.259067,0.871202,-20.440001,37.029999,133.490005
33576,,,,,,,,,,,,,102.603127,112.299568,0.422236,0.506082,,,,,,,,,,,,
33588,,,,,,,,,,,,,103.241539,113.228371,0.414023,0.494135,,,,,,,,,,,,
33579,,,,,,,,,,,,,,,,,,,,0.324211,0.860267,2.813760,,,,,,
33592,,,,0.279214,0.960229,2.858617,1.785044,1.785044,,,,,,,,,,,,,,,,,,,,
33593,,,,,,,,,,,107.158020,119.082611,,,,,0.074417,-0.080329,0.045077,,,,,,,,,
33589,,,,,,,,,,,,,,,,,,,,0.307564,0.866646,2.838865,,,,,,
33597,,,,,,,,,,,,,103.643623,113.910568,0.473840,0.542862,,,,,,,0.156892,0.291946,0.844240,-23.940001,-10.430000,148.050003
33599,,,,,,,,,,,,,,,,,,,,0.290386,0.872471,2.867028,,,,,,
33602,,,,,,,,,,,,,,,,,,,,,,,0.132858,0.360571,0.921954,-18.270000,-18.969999,149.380005
33606,,,,,,,,,,,,,103.902191,114.926010,0.470514,0.529800,,,,,,,,,,,,
33607,,,,,,,,,,,,,,,,,,,,,,,0.132858,0.360571,0.921954,20.790001,-24.150000,158.130005
33609,,,,,,,,,,,,,,,,,,,,0.273587,0.877863,2.892183,,,,,,
33615,,,,,,,,,,,,,,,,,,,,,,,0.132858,0.360571,0.781654,20.650000,-22.190001,159.110001
33616,,,,,,,,,,,,,105.549095,116.472336,0.449329,0.509908,,,,,,,,,,,,
33618,,,,,,,,,,,,,,,,,,,,0.256548,0.883092,2.922704,,,,,,
33625,,,,,,,,,,,,,,,,,,,,,,,0.099369,0.337025,0.781654,9.660000,36.540001,156.380005
33626,,,,,,,,,,,,,106.306114,117.137283,0.439591,0.501355,,,,,,,,,,,,
33629,,,,,,,,,,,,,,,,,,,,0.238845,0.887706,2.950664,,,,,,
33635,,,,,,,,,,,,,,,,,,,,,,,0.136152,0.376431,0.802943,-0.420000,48.299999,151.410004
33636,,,,,,,,,,,,,106.958900,117.714081,0.431194,0.493935,,,,,,,,,,,,
33648,,,,,,,,,,,,,106.983482,118.328606,0.430877,0.486030,,,,,,,,,,,,
33651,,,,0.188302,0.982111,2.952160,1.842929,1.842929,,,112.225220,120.565231,,,,,,,,,,,,,,,,
33652,,,,,,,,,,,,,,,,,0.067457,-0.083247,0.003690,,,,,,,,,
33649,,,,,,,,,,,,,,,,,,,,0.202924,0.896091,3.000684,,,,,,
33657,,,,,,,,,,,,,107.371849,118.157341,0.511333,0.513235,,,,,,,0.136152,0.513681,0.880657,21.139999,-31.500000,148.679993
33658,,,,,,,,,,,,,,,,,,,,0.185097,0.899696,3.028598,,,,,,
33662,,,,,,,,,,,,,,,,,,,,,,,0.093879,0.513681,0.880657,-0.280000,-37.240002,157.570007
33666,,,,,,,,,,,,,108.192635,119.052544,0.500775,0.501720,,,,,,,,,,,,
33667,,,,,,,,,,,,,,,,,,,,,,,0.093879,0.513681,0.880657,31.709999,-50.330002,154.979996
33668,,,,,,,,,,,,,,,,,,,,0.167561,0.902664,3.053456,,,,,,
33675,,,,,,,,,,,,,,,,,,,,,,,0.068198,0.440542,0.862113,11.130000,-28.770000,149.660004
33676,,,,,,,,,,,,,110.201538,119.886734,0.474933,0.490989,,,,,,,,,,,,
33678,,,,,,,,,,,,,,,,,,,,0.149384,0.905008,3.078920,,,,,,
33685,,,,,,,,,,,,,,,,,,,,,,,0.068198,0.440542,0.862113,6.860000,31.850000,129.990005
33686,,,,,,,,,,,,,111.353531,120.050598,0.460114,0.488881,,,,,,,,,,,,
33692,,,,0.093049,0.995662,3.048409,1.898352,1.898352,,,,,,,,,,,,,,,,,,,,
33693,,,,,,,,,,,116.664848,122.222923,,,,,0.061886,-0.087042,-0.026695,,,,,,,,,
33689,,,,,,,,,,,,,,,,,,,,0.130821,0.907192,3.100997,,,,,,
33696,,,,,,,,,,,,,111.780342,120.194260,0.529492,0.514988,,,,,,,,,,,,
33698,,,,,,,,,,,,,,,,,,,,,,,0.109251,0.318786,0.736697,9.660000,39.130001,118.230003
33708,,,,,,,,,,,,,112.787323,120.335175,0.516539,0.513175,,,,0.093677,0.910702,3.139444,,,,,,
33699,,,,,,,,,,,,,,,,,,,,0.112519,0.909171,3.120214,,,,,,
33714,,,,,,,,,,,,,,,,,,,,,,,0.129015,0.503372,0.917379,16.379999,-28.700001,102.760002
33716,,,,,,,,,,,,,114.159821,121.174744,0.498883,0.502375,,,,,,,,,,,,
33719,,,,,,,,,,,,,,,,,,,,0.074960,0.911877,-3.127061,0.129015,0.503372,0.917379,10.430000,-36.820000,94.639999
33725,,,,,,,,,,,,,,,,,,,,,,,0.129015,0.503372,0.917379,10.500000,-59.919998,84.489998
33726,,,,,,,,,,,,,115.226189,121.676315,0.485166,0.495923,,,,,,,,,,,,
33729,,,,,,,,,,,,,,,,,,,,0.056349,0.912283,-3.112995,,,,,,
33735,,,,,,,,,,,,,,,,,,,,,,,0.109373,0.366732,0.828014,-11.130000,-22.680000,70.209999
33736,,,,,,,,,,,,,116.681129,122.108261,0.466450,0.490367,,,,,,,,,,,,
33748,,,,,,,,,,,,,117.092850,122.120636,0.461154,0.490207,,,,,,,,,,,,
33751,,,,-0.005638,0.999984,-3.135955,1.951165,1.951165,,,119.342766,125.774094,,,,,0.059371,-0.089516,-0.019092,,,,,,,,,
33749,,,,,,,,,,,,,,,,,,,,0.018457,0.912562,-3.090994,,,,,,
33757,,,,,,,,,,,,,117.667694,121.898071,0.498919,0.552956,,,,,,,0.138165,0.272853,0.723643,3.640000,30.730000,60.340000
33759,,,,,,,,,,,,,,,,,,,,-0.000947,0.912329,-3.077087,,,,,,
33762,,,,,,,,,,,,,,,,,,,,,,,0.138165,0.272853,0.723643,-13.160000,12.250000,58.169998
33766,,,,,,,,,,,,,117.913330,122.654503,0.495759,0.543226,,,,,,,,,,,,
33767,,,,,,,,,,,,,,,,,,,,,,,0.107055,0.353739,0.810385,28.840000,-13.090000,58.520000
33768,,,,,,,,,,,,,,,,,,,,-0.020213,0.911516,-3.068969,,,,,,
33775,,,,,,,,,,,,,,,,,,,,,,,0.107055,0.353739,0.810385,-12.250000,-11.830000,63.630001
33776,,,,,,,,,,,,,118.997841,123.536667,0.481808,0.531878,,,,,,,,,,,,
33779,,,,,,,,,,,,,,,,,,,,-0.039367,0.910753,-3.057804,,,,,,
33785,,,,,,,,,,,,,,,,,,,,,,,0.107055,0.233874,0.703391,-58.310001,20.090000,62.439999
33786,,,,,,,,,,,,,119.312332,123.679520,0.477763,0.530040,,,,,,,,,,,,
33792,,,,-0.106688,0.994293,-3.034702,2.001226,2.001226,,,,,,,,,,,,,,,,,,,,
33793,,,,,,,,,,,120.087807,131.178024,,,,,0.059867,-0.089061,0.024486,,,,,,,,,
33789,,,,,,,,,,,,,,,,,,,,-0.059315,0.909124,-3.049223,,,,,,
33796,,,,,,,,,,,,,119.592415,124.364281,0.486724,0.612362,,,,,,,,,,,,
33798,,,,,,,,,,,,,,,,,,,,,,,0.128893,0.233874,0.703391,7.000000,-3.990000,64.680000
33809,,,,,,,,,,,,,120.411308,125.268318,0.476190,0.600733,,,,-0.098340,0.905787,-3.024220,,,,,,
33815,,,,,,,,,,,,,,,,,,,,,,,0.101504,0.295057,1.029070,-0.630000,-63.139999,70.769997
33816,,,,,,,,,,,,,120.972656,127.418381,0.468969,0.573075,,,,,,,,,,,,
33821,,,,,,,,,,,,,,,,,,,,,,,0.101504,0.295057,1.029070,10.150000,-68.809998,88.900002
33818,,,,,,,,,,,,,,,,,,,,-0.117715,0.903888,-3.010238,,,,,,
33826,,,,,,,,,,,,,121.544044,128.613953,0.461619,0.557695,,,,,,,0.126819,0.174765,0.656726,16.520000,-69.510002,102.059998
33828,,,,,,,,,,,,,,,,,,,,-0.137200,0.901569,-2.996285,,,,,,
33835,,,,,,,,,,,,,,,,,,,,,,,0.126819,0.174765,0.656726,-17.150000,119.489998,105.980003
33836,,,,,,,,,,,,,122.016846,130.159882,0.455537,0.537809,,,,,,,,,,,,
33842,,,,-0.208879,0.977942,-2.931164,2.048404,2.048404,,,,,,,,,,,,,,,,,,,,
33843,,,,,,,,,,,120.504272,136.037918,,,,,0.059303,-0.086265,0.063718,,,,,,,,,
33839,,,,,,,,,,,,,,,,,,,,-0.158210,0.898556,-2.976988,,,,,,
33846,,,,,,,,,,,,,121.877670,130.376022,0.464350,0.616984,,,,,,,,,,,,
33848,,,,,,,,,,,,,,,,,,,,,,,0.077287,0.150731,0.581574,-14.210000,103.669998,112.279999
33849,,,,,,,,,,,,,,,,,,,,-0.178748,0.895929,-2.958074,,,,,,
33855,,,,,,,,,,,,,,,,,,,,,,,0.077287,0.150731,0.581574,0.350000,48.509998,130.059998
33856,,,,,,,,,,,,,121.747025,130.543182,0.466031,0.614834,,,,,,,,,,,,
33869,,,,,,,,,,,,,121.657623,132.187500,0.467181,0.593682,,,,,,,,,,,,
33859,,,,,,,,,,,,,,,,,,,,-0.199374,0.892660,-2.936010,,,,,,
33868,,,,,,,,,,,,,,,,,,,,-0.219580,0.889065,-2.910874,,,,,,
33874,,,,,,,,,,,,,,,,,,,,,,,0.038491,0.472262,1.273497,-5.040000,-16.379999,161.210007
33876,,,,,,,,,,,,,122.190025,133.882339,0.460332,0.571880,,,,,,,,,,,,
33880,,,,,,,,,,,,,,,,,,,,,,,0.038491,0.253211,0.432795,-18.830000,-32.480000,163.029999
33878,,,,,,,,,,,,,,,,,,,,-0.239800,0.885200,-2.883155,,,,,,
33885,,,,,,,,,,,,,,,,,,,,,,,0.061305,0.253211,0.432795,-114.870003,-51.730000,175.350006
33886,,,,,,,,,,,,,122.473213,135.042038,0.456689,0.556962,,,,,,,,,,,,
33892,,,,-0.310859,0.950456,-2.825496,2.092578,2.092578,,,,,,,,,,,,,,,,,,,,
33893,,,,,,,,,,,123.011665,138.216293,,,,,0.051763,-0.081732,0.056728,,,,,,,,,
33889,,,,,,,,,,,,,,,,,,,,-0.259705,0.880371,-2.852092,,,,,,
33896,,,,,,,,,,,,,122.251976,135.570679,0.501819,0.586897,,,,,,,,,,,,
33897,,,,,,,,,,,,,,,,,,,,,,,0.061305,0.253211,0.432795,-11.340000,-105.070000,194.669998
33899,,,,,,,,,,,,,,,,,,,,-0.279031,0.875594,-2.817792,,,,,,
33905,,,,,,,,,,,,,,,,,,,,,,,0.091927,0.533872,0.805322,-34.160000,-72.519997,199.009995
33906,,,,,,,,,,,,,122.630424,136.582275,0.496951,0.573885,,,,,,,,,,,,
33908,,,,,,,,,,,,,,,,,,,,-0.298456,0.870416,-2.783790,,,,,,
33915,,,,,,,,,,,,,,,,,,,,,,,0.091927,0.533872,0.805322,-14.000000,-4.970000,204.889999
33916,,,,,,,,,,,,,123.459099,137.938431,0.486291,0.556439,,,,,,,,,,,,
33928,,,,,,,,,,,,,123.505760,137.970917,0.485691,0.556022,,,,,,,,,,,,
33919,,,,,,,,,,,,,,,,,,,,-0.318697,0.864898,-2.753578,,,,,,
33929,,,,,,,,,,,,,,,,,,,,-0.338687,0.858713,-2.713581,,,,,,
33934,,,,,,,,,,,,,,,,,,,,,,,0.010797,0.381677,0.680943,54.110001,-6.300000,206.009995
33936,,,,,,,,,,,,,124.549576,138.783737,0.472263,0.545566,,,,,,,,,,,,
33939,,,,,,,,,,,,,,,,,,,,-0.358073,0.851400,-2.682195,0.095709,0.631899,0.899018,-57.189999,-6.020000,208.669998
33943,,,,-0.411171,0.911558,-2.717855,2.133634,2.133634,,,128.687057,134.687332,,,,,0.022492,-0.078106,-0.030537,,,,,,,,,
33946,,,,,,,,,,,,,124.525826,139.242691,0.568277,0.480151,,,,,,,,,,,,
33947,,,,,,,,,,,,,,,,,,,,,,,0.095709,0.631899,0.899018,-60.200001,30.590000,206.710007
33949,,,,,,,,,,,,,,,,,,,,-0.377773,0.843862,-2.638985,,,,,,
33955,,,,,,,,,,,,,,,,,,,,,,,0.095709,0.408334,0.693387,92.260002,33.880001,206.149994
33956,,,,,,,,,,,,,125.105042,138.586670,0.560826,0.488590,,,,,,,,,,,,
33969,,,,,,,,,,,,,126.054207,137.840012,0.548616,0.498194,,,,,,,,,,,,
33958,,,,,,,,,,,,,,,,,,,,-0.397845,0.835984,-2.608258,,,,,,
33968,,,,,,,,,,,,,,,,,,,,-0.417154,0.827459,-2.573565,,,,,,
33974,,,,,,,,,,,,,,,,,,,,,,,0.068381,0.720349,0.981246,21.700001,-25.969999,166.460007
33976,,,,,,,,,,,,,128.338104,136.817520,0.519237,0.511347,,,,,,,,,,,,
33980,,,,,,,,,,,,,,,,,,,,,,,0.076860,0.720349,0.981246,25.270000,-37.730000,152.809998
33979,,,,,,,,,,,,,,,,,,,,-0.435756,0.818493,-2.544747,,,,,,
33985,,,,,,,,,,,,,,,,,,,,,,,0.076860,0.720349,0.981246,-28.209999,-49.000000,149.729996
33986,,,,,,,,,,,,,129.983185,136.567780,0.498075,0.514560,,,,,,,,,,,,
33988,,,,,,,,,,,,,,,,,,,,-0.454030,0.808783,-2.521129,,,,,,
33993,,,,-0.508282,0.861191,-2.608404,2.171469,2.171469,,,132.788345,133.592148,,,,,0.013963,-0.074760,-0.078685,,,,,,,,,
33996,,,,,,,,,,,,,130.701019,136.788300,0.558004,0.493254,,,,,,,,,,,,
33997,,,,,,,,,,,,,,,,,,,,,,,0.031964,0.329888,0.522587,-12.740000,70.349998,123.410004
33998,,,,,,,,,,,,,,,,,,,,-0.472354,0.798905,-2.505661,,,,,,
34005,,,,,,,,,,,,,,,,,,,,,,,0.031964,0.329888,0.522587,43.470001,75.879997,106.820000
34006,,,,,,,,,,,,,131.417023,135.439102,0.548794,0.510610,,,,,,,,,,,,
34009,,,,,,,,,,,,,,,,,,,,-0.491247,0.788787,-2.486567,,,,,,
34015,,,,,,,,,,,,,,,,,,,,,,,0.114741,0.627751,0.933788,-35.000000,42.980000,83.580002
34016,,,,,,,,,,,,,131.918167,134.755066,0.542347,0.519409,,,,,,,,,,,,
34028,,,,,,,,,,,,,132.790375,134.269226,0.531127,0.525659,,,,-0.526917,0.766112,-2.463267,,,,,,
34019,,,,,,,,,,,,,,,,,,,,-0.509318,0.777543,-2.469065,,,,,,
34035,,,,,,,,,,,,,,,,,,,,,,,0.062220,0.491538,0.682773,-31.920000,-8.610000,48.650002
34036,,,,,,,,,,,,,133.857269,134.410095,0.517403,0.523847,,,,,,,,,,,,
34040,,,,,,,,,,,,,,,,,,,,,,,0.062220,0.491538,0.682773,-17.500000,-29.680000,43.330002
34039,,,,,,,,,,,,,,,,,,,,-0.544296,0.754353,-2.457124,,,,,,
34043,,,,-0.600623,0.799532,-2.497313,2.205987,2.205987,,,132.742981,138.637405,,,,,0.015024,-0.071237,-0.034489,,,,,,,,,
34046,,,,,,,,,,,,,134.068359,133.983734,0.513923,0.614413,,,,,,,,,,,,
34047,,,,,,,,,,,,,,,,,,,,,,,0.062220,0.491538,0.682773,8.190000,-66.919998,20.860001
34049,,,,,,,,,,,,,,,,,,,,-0.560825,0.742919,-2.448227,,,,,,
34055,,,,,,,,,,,,,,,,,,,,,,,0.067527,0.538874,0.876082,4.550000,-81.480003,16.799999
34056,,,,,,,,,,,,,133.641510,134.666962,0.519414,0.605624,,,,,,,,,,,,
34059,,,,,,,,,,,,,,,,,,,,-0.577240,0.730806,-2.444815,,,,,,
34065,,,,,,,,,,,,,,,,,,,,,,,0.067527,0.538874,0.876082,7.210000,-87.430000,21.840000
34066,,,,,,,,,,,,,133.813477,135.224182,0.517201,0.598456,,,,,,,,,,,,
34069,,,,,,,,,,,,,,,,,,,,-0.593488,0.717889,-2.438787,,,,,,
34075,,,,,,,,,,,,,,,,,,,,,,,0.064172,0.472872,0.959774,5.740000,-90.160004,39.689999
34076,,,,,,,,,,,,,135.044907,136.779541,0.501361,0.578449,,,,,,,,,,,,
34088,,,,,,,,,,,,,135.305176,138.148422,0.498013,0.560840,,,,,,,,,,,,
34079,,,,,,,,,,,,,,,,,,,,-0.609299,0.704924,-2.431251,,,,,,
34089,,,,,,,,,,,,,,,,,,,,-0.625938,0.690836,-2.425473,,,,,,
34093,,,,-0.686628,0.727009,-2.384752,2.237101,2.237101,,,130.496262,145.299194,,,,,0.021343,-0.067430,0.041544,,,,,,,,,
34097,,,,,,,,,,,,,134.663559,138.317551,0.468378,0.671006,,,,,,,0.076433,0.106933,0.476349,-7.210000,103.879997,39.130001
34099,,,,,,,,,,,,,,,,,,,,-0.642880,0.677426,-2.421010,,,,,,
34102,,,,,,,,,,,,,,,,,,,,,,,0.076433,0.106933,0.476349,75.180000,66.430000,44.099998
34106,,,,,,,,,,,,,134.330734,138.573242,0.472660,0.667717,,,,,,,,,,,,
34107,,,,,,,,,,,,,,,,,,,,,,,0.129137,0.243024,0.946598,41.790001,36.959999,62.790001
34109,,,,,,,,,,,,,,,,,,,,-0.659883,0.663364,-2.409808,,,,,,
34115,,,,,,,,,,,,,,,,,,,,,,,0.129137,0.243024,0.946598,-16.309999,10.850000,74.410004
34116,,,,,,,,,,,,,133.361038,139.678680,0.485134,0.653497,,,,,,,,,,,,
34128,,,,,,,,,,,,,133.452927,141.480469,0.483952,0.630320,,,,,,,,,,,,
34119,,,,,,,,,,,,,,,,,,,,-0.676177,0.648913,-2.397938,,,,,,
34129,,,,,,,,,,,,,,,,,,,,-0.692280,0.634234,-2.379463,,,,,,
34135,,,,,,,,,,,,,,,,,,,,,,,0.083997,0.282064,0.793061,-51.099998,-43.680000,124.809998
34136,,,,,,,,,,,,,133.177673,143.413788,0.487492,0.605450,,,,,,,,,,,,
34140,,,,,,,,,,,,,,,,,,,,,,,0.083997,0.282064,0.793061,16.450001,-7.140000,138.740005
34143,,,,-0.764777,0.644296,-2.270898,2.264737,2.264737,,,128.902466,151.352966,,,,,0.042995,-0.057948,0.104108,,,,,,,,,
34139,,,,,,,,,,,,,,,,,,,,-0.707909,0.619811,-2.355330,,,,,,
34146,,,,,,,,,,,,,132.858566,143.661011,0.464720,0.704359,,,,,,,,,,,,
34148,,,,,,,,,,,,,,,,,,,,-0.724426,0.604605,-2.328400,0.103029,0.251564,0.679906,33.389999,58.450001,171.850006
34155,,,,,,,,,,,,,,,,,,,,,,,0.103029,0.251564,0.679906,-55.580002,46.270000,180.809998
34156,,,,,,,,,,,,,132.116211,145.051407,0.474269,0.686473,,,,,,,,,,,,
34159,,,,,,,,,,,,,,,,,,,,-0.740483,0.588411,-2.299086,,,,,,
34165,,,,,,,,,,,,,,,,,,,,,,,0.078873,0.492392,0.976366,32.480000,2.590000,200.130005
34166,,,,,,,,,,,,,131.909149,146.614563,0.476933,0.666365,,,,,,,,,,,,
34169,,,,,,,,,,,,,,,,,,,,-0.756020,0.572282,-2.265095,,,,,,
34175,,,,,,,,,,,,,,,,,,,,,,,0.078873,0.492392,0.976366,-14.980000,-33.250000,230.089996
34176,,,,,,,,,,,,,131.854172,148.620102,0.477640,0.640567,,,,,,,,,,,,
34188,,,,,,,,,,,,,131.458191,149.668274,0.482734,0.627083,,,,,,,,,,,,
34179,,,,,,,,,,,,,,,,,,,,-0.771131,0.556129,-2.230989,,,,,,
34189,,,,,,,,,,,,,,,,,,,,-0.786027,0.539638,-2.182590,,,,,,
34193,,,,-0.833638,0.552311,-2.155930,2.288825,2.288825,,,133.976791,147.941498,,,,,0.018264,-0.047121,0.027889,,,,,,,,,
34196,,,,,,,,,,,,,130.527863,150.657852,0.580273,0.556824,,,,,,,,,,,,
34197,,,,,,,,,,,,,,,,,,,,,,,0.050874,0.339831,0.474153,-12.460000,-6.300000,280.209991
34199,,,,,,,,,,,,,,,,,,,,-0.800183,0.521975,-2.136975,,,,,,
34203,,,,,,,,,,,,,,,,,,,,,,,0.080642,0.737612,1.003450,13.300000,-17.080000,283.920013
34206,,,,,,,,,,,,,131.114410,151.326889,0.572728,0.548217,,,,,,,,,,,,
34208,,,,,,,,,,,,,,,,,,,,,,,0.080642,0.737612,1.003450,17.570000,-23.590000,291.410004
34209,,,,,,,,,,,,,,,,,,,,-0.814192,0.504343,-2.085854,,,,,,
34215,,,,,,,,,,,,,,,,,,,,,,,0.080642,0.737612,1.003450,49.209999,-49.910000,285.179993
34216,,,,,,,,,,,,,133.022797,150.583298,0.548179,0.557783,,,,,,,,,,,,
34218,,,,,,,,,,,,,,,,,,,,-0.827803,0.486608,-2.043788,,,,,,
34225,,,,,,,,,,,,,,,,,,,,,,,0.070028,0.442189,0.564616,-7.490000,-19.459999,283.500000
34226,,,,,,,,,,,,,134.395447,150.815002,0.530522,0.554802,,,,,,,,,,,,
34229,,,,,,,,,,,,,,,,,,,,-0.841033,0.467902,-1.990945,,,,,,
34235,,,,,,,,,,,,,,,,,,,,,,,0.070028,0.442189,0.564616,-4.970000,19.879999,243.110001
34236,,,,,,,,,,,,,134.947327,150.402756,0.523422,0.560105,,,,,,,,,,,,
34248,,,,,,,,,,,,,135.590942,149.513733,0.515143,0.571541,,,,-0.865502,0.429721,-1.898220,,,,,,
34250,,,,-0.891916,0.452202,-2.040028,2.309306,2.309306,,,,,,,,,,,,,,,,,,,,
34251,,,,,,,,,,,140.098358,145.757446,,,,,0.033047,-0.040565,-0.044269,,,,,,,,,
34257,,,,,,,,,,,,,136.212112,149.155960,0.610385,0.539312,,,,,,,0.040687,0.651724,0.783362,26.600000,-39.900002,223.440002
34259,,,,,,,,,,,,,,,,,,,,-0.876997,0.410243,-1.860360,,,,,,
34262,,,,,,,,,,,,,,,,,,,,,,,0.063257,0.651724,0.783362,17.430000,-60.340000,231.910004
34266,,,,,,,,,,,,,136.901505,148.997467,0.601517,0.541351,,,,,,,,,,,,
34267,,,,,,,,,,,,,,,,,,,,,,,0.063257,0.651724,0.783362,-18.549999,-52.919998,220.360001
34269,,,,,,,,,,,,,,,,,,,,-0.887401,0.391311,-1.819816,,,,,,
34275,,,,,,,,,,,,,,,,,,,,,,,0.063257,0.606157,0.847534,-33.250000,24.850000,210.070007
34276,,,,,,,,,,,,,138.218628,148.396164,0.584574,0.549086,,,,,,,,,,,,
34279,,,,,,,,,,,,,,,,,,,,-0.896993,0.371716,-1.790290,,,,,,
34285,,,,,,,,,,,,,,,,,,,,,,,0.040565,0.606157,0.847534,18.549999,45.500000,192.570007
34286,,,,,,,,,,,,,139.946625,147.410019,0.562345,0.561772,,,,,,,,,,,,
34289,,,,,,,,,,,,,,,,,,,,-0.906611,0.351507,-1.755677,,,,,,
34293,,,,-0.938484,0.345322,-1.923378,2.326132,2.326132,,,144.902695,137.785095,,,,,0.013133,-0.031753,-0.153554,,,,,,,,,
34296,,,,,,,,,,,,,140.702209,146.435455,0.633644,0.439865,,,,,,,,,,,,
34298,,,,,,,,,,,,,,,,,,,,,,,0.095465,0.608353,0.808128,28.629999,-10.640000,161.559998
34308,,,,,,,,,,,,,142.407455,144.965302,0.611709,0.458777,,,,,,,,,,,,
34299,,,,,,,,,,,,,,,,,,,,-0.915614,0.331812,-1.738744,,,,,,
34309,,,,,,,,,,,,,,,,,,,,-0.924246,0.310912,-1.697762,,,,,,
34315,,,,,,,,,,,,,,,,,,,,,,,0.075640,0.535702,0.659166,-29.540001,-21.629999,156.800003
34316,,,,,,,,,,,,,144.718185,142.720917,0.581984,0.487648,,,,,,,,,,,,
34320,,,,,,,,,,,,,,,,,,,,,,,0.075640,0.535702,0.659166,-35.139999,19.740000,129.639999
34319,,,,,,,,,,,,,,,,,,,,-0.931886,0.290535,-1.674272,,,,,,
34325,,,,,,,,,,,,,,,,,,,,,,,0.075640,0.535702,0.659166,-28.629999,41.790001,99.120003
34326,,,,,,,,,,,,,145.405792,140.976471,0.573139,0.510088,,,,,,,,,,,,
34329,,,,,,,,,,,,,,,,,,,,-0.939222,0.269912,-1.657871,,,,,,
34336,,,,,,,,,,,,,145.863251,139.401672,0.567254,0.530345,,,,,,,0.062403,0.688385,0.917074,8.610000,-0.630000,52.849998
34342,,,,-0.972429,0.233201,-1.806165,2.339260,2.339260,,,,,,,,,,,,,,,,,,,,
34343,,,,,,,,,,,146.224670,141.490448,,,,,0.037322,-0.030338,-0.133458,,,,,,,,,
34339,,,,,,,,,,,,,,,,,,,,-0.945818,0.249653,-1.653602,,,,,,
34346,,,,,,,,,,,,,145.749771,139.216782,0.591008,0.595209,,,,,,,,,,,,
34348,,,,,,,,,,,,,,,,,,,,,,,0.062403,0.688385,0.917074,32.340000,-35.490002,16.170000
34349,,,,,,,,,,,,,,,,,,,,-0.951888,0.228546,-1.641741,,,,,,
34355,,,,,,,,,,,,,,,,,,,,,,,0.020069,0.687165,0.835456,-28.209999,-16.590000,15.050000
34356,,,,,,,,,,,,,147.360825,139.666016,0.570284,0.589431,,,,,,,,,,,,
34368,,,,,,,,,,,,,147.907150,139.592911,0.563256,0.590371,,,,,,,,,,,,
34359,,,,,,,,,,,,,,,,,,,,-0.957069,0.207893,-1.633232,,,,,,
34369,,,,,,,,,,,,,,,,,,,,-0.962366,0.187067,-1.636388,,,,,,
34374,,,,,,,,,,,,,,,,,,,,,,,0.063623,0.298839,0.518866,20.650000,60.549999,6.720000
34376,,,,,,,,,,,,,147.471283,139.121429,0.568863,0.596436,,,,,,,,,,,,
34379,,,,,,,,,,,,,,,,,,,,-0.967017,0.165746,-1.644485,0.063623,0.298839,0.518866,34.369999,46.759998,13.580000
34385,,,,,,,,,,,,,,,,,,,,,,,0.063623,0.298839,0.518866,27.650000,10.360000,3.640000
34386,,,,,,,,,,,,,146.586365,139.011932,0.580246,0.597845,,,,,,,,,,,,
34392,,,,-0.993072,0.117506,-1.688575,2.348661,2.348661,,,,,,,,,,,,,,,,,,,,
34393,,,,,,,,,,,142.652252,149.855545,,,,,0.049124,-0.023195,-0.035375,,,,,,,,,
34396,,,,,,,,,,,,,146.972916,139.500473,0.515029,0.732626,,,,,,,,,,,,
34397,,,,,,,,,,,,,,,,,,,,,,,0.174399,0.709247,0.921344,4.760000,-71.190002,13.160000
34395,,,,,,,,,,,,,,,,,,,,-0.971478,0.144646,-1.658443,,,,,,
34409,,,,,,,,,,,,,146.132629,141.141647,0.525839,0.711515,,,,-0.977249,0.101556,-1.641861,,,,,,
34399,,,,,,,,,,,,,,,,,,,,-0.974517,0.122223,-1.646646,,,,,,
34415,,,,,,,,,,,,,,,,,,,,,,,0.121207,0.416630,0.537471,51.730000,22.120001,29.049999
34416,,,,,,,,,,,,,145.516800,142.821442,0.533760,0.689907,,,,,,,,,,,,
34420,,,,,,,,,,,,,,,,,,,,,,,0.121207,0.416630,0.537471,-40.599998,42.279999,54.599998
34419,,,,,,,,,,,,,,,,,,,,-0.979467,0.080152,-1.633856,,,,,,
34426,,,,,,,,,,,,,144.912415,144.837189,0.541535,0.663977,,,,,,,0.121207,0.349835,0.723460,-13.370000,14.840000,66.570000
34428,,,,,,,,,,,,,,,,,,,,-0.981905,0.057577,-1.637741,,,,,,
34435,,,,,,,,,,,,,,,,,,,,,,,0.196115,0.349835,0.723460,14.560000,-21.559999,92.680000
34436,,,,,,,,,,,,,143.871185,146.002090,0.554929,0.648992,,,,,,,,,,,,
34439,,,,,,,,,,,,,,,,,,,,-0.983829,0.035623,-1.621513,,,,,,
34443,,,,-1.000000,0.000000,-1.570796,2.354310,2.354310,,,136.892151,154.828461,,,,,,,,,,,,,,,,
34444,,,,,,,,,,,,,,,,,0.037355,-0.015051,0.051689,,,,,,,,,
34446,,,,,,,,,,,,,143.484894,147.466293,0.462762,0.714018,,,,,,,,,,,,
34448,,,,,,,,,,,,,,,,,,,,,,,0.152866,0.355325,0.741272,-19.600000,8.050000,129.570007
34449,,,,,,,,,,,,,,,,,,,,-0.985130,0.012348,-1.596005,,,,,,
34455,,,,,,,,,,,,,,,,,,,,,,,0.152866,0.355325,0.741272,27.299999,30.379999,130.970001
34456,,,,,,,,,,,,,142.663452,148.755310,0.473329,0.697437,,,,,,,,,,,,
34471,,,,,,,,,,,,,141.414383,150.163345,0.489396,0.679324,,,,,,,,,,,,
34468,,,,,,,,,,,,,,,,,,,,-0.986833,-0.034644,-1.528138,,,,,,
34477,,,,,,,,,,,,,,,,,,,,,,,0.144509,0.454389,0.817644,-53.270000,-58.660000,210.630005
34479,,,,,,,,,,,,,,,,,,,,-0.987043,-0.057528,-1.482653,,,,,,
34483,,,,,,,,,,,,,,,,,,,,,,,0.144509,0.438956,0.736636,-42.980000,-37.520000,231.770004
34486,,,,,,,,,,,,,140.581833,152.335571,0.500106,0.651382,,,,,,,,,,,,
34488,,,,,,,,,,,,,,,,,,,,,,,0.116388,0.438956,0.736636,-6.930000,-5.390000,233.100006
34492,,,,-0.993072,-0.117506,-1.453018,2.356194,2.356194,,,,,,,,,,,,,,,,,,,,
34493,,,,,,,,,,,139.354553,154.968079,,,,,0.057058,-0.011385,0.031734,,,,,,,,,
34489,,,,,,,,,,,,,,,,,,,,-0.986412,-0.080528,-1.452770,,,,,,
34496,,,,,,,,,,,,,139.743744,154.035019,0.552412,0.631875,,,,,,,,,,,,
34498,,,,,,,,,,,,,,,,,,,,,,,0.116388,0.438956,0.736636,-41.369999,72.309998,250.110001
34499,,,,,,,,,,,,,,,,,,,,-0.985730,-0.103692,-1.419708,,,,,,
34505,,,,,,,,,,,,,,,,,,,,,,,0.059170,0.383751,0.615734,30.660000,65.519997,280.630005
34506,,,,,,,,,,,,,139.469345,154.230148,0.555942,0.629365,,,,,,,,,,,,
34509,,,,,,,,,,,,,,,,,,,,-0.984353,-0.128064,-1.361961,,,,,,
34515,,,,,,,,,,,,,,,,,,,,,,,0.059170,0.383751,0.615734,-68.739998,24.290001,288.890015
34516,,,,,,,,,,,,,139.253876,154.959274,0.558713,0.619986,,,,,,,,,,,,
34529,,,,,,,,,,,,,140.004715,155.804504,0.549055,0.609113,,,,-0.979254,-0.175477,-1.264338,,,,,,
34518,,,,,,,,,,,,,,,,,,,,-0.981744,-0.151671,-1.316222,,,,,,
34535,,,,,,,,,,,,,,,,,,,,,,,0.131760,0.714371,0.856989,-55.650002,-27.299999,280.420013
34536,,,,,,,,,,,,,140.479797,156.041718,0.542943,0.606061,,,,,,,,,,,,
34540,,,,,,,,,,,,,,,,,,,,,,,0.076067,0.584624,0.738466,-50.119999,-51.310001,279.369995
34539,,,,,,,,,,,,,,,,,,,,-0.976052,-0.198313,-1.223611,,,,,,
34543,,,,-0.972429,-0.233201,-1.335428,2.354310,2.354310,,,145.489288,144.885117,,,,,0.035360,-0.009466,-0.102607,,,,,,,,,
34546,,,,,,,,,,,,,140.681076,155.968185,0.643808,0.436972,,,,,,,,,,,,
34548,,,,,,,,,,,,,,,,,,,,,,,0.076067,0.584624,0.738466,61.529999,-46.270000,267.399994
34549,,,,,,,,,,,,,,,,,,,,-0.972140,-0.221018,-1.179830,,,,,,
34555,,,,,,,,,,,,,,,,,,,,,,,0.076067,0.584624,0.738466,18.059999,-34.790001,269.570007
34556,,,,,,,,,,,,,141.968475,154.831039,0.627248,0.451599,,,,,,,,,,,,
34569,,,,,,,,,,,,,,,0.600801,0.483539,,,,,,,,,,,,
34570,,,,,,,,,,,,,144.024384,152.348083,,,,,,,,,,,,,,
34559,,,,,,,,,,,,,,,,,,,,-0.967288,-0.243829,-1.133615,,,,,,
34568,,,,,,,,,,,,,,,,,,,,-0.962516,-0.266607,-1.091219,,,,,,
34575,,,,,,,,,,,,,,,,,,,,,,,0.089914,0.637877,0.718214,4.900000,31.360001,206.429993
34576,,,,,,,,,,,,,145.897827,150.509537,0.576702,0.507190,,,,,,,,,,,,
34580,,,,,,,,,,,,,,,,,,,,,,,0.028182,0.551867,0.738100,-70.769997,47.669998,183.470001
34579,,,,,,,,,,,,,,,,,,,,-0.956545,-0.289179,-1.055942,,,,,,
34586,,,,,,,,,,,,,146.388809,148.620468,0.570386,0.531490,,,,,,,0.028182,0.551867,0.738100,4.830000,35.560001,160.160004
34589,,,,,,,,,,,,,,,,,,,,-0.950175,-0.311420,-1.030679,,,,,,
34593,,,,-0.938484,-0.345322,-1.218214,2.348661,2.348661,,,147.886765,138.975281,,,,,0.034598,-0.008228,-0.172273,,,,,,,,,
34596,,,,,,,,,,,,,147.327087,147.008850,0.598747,0.452560,,,,,,,,,,,,
34598,,,,,,,,,,,,,,,,,,,,,,,0.028182,0.728584,0.864431,29.400000,4.760000,118.790001
34599,,,,,,,,,,,,,,,,,,,,-0.943567,-0.333150,-1.011557,,,,,,
34605,,,,,,,,,,,,,,,,,,,,,,,0.062769,0.728584,0.864431,-0.560000,-12.810000,94.849998
34606,,,,,,,,,,,,,148.082504,145.621872,0.589029,0.470402,,,,,,,,,,,,
34609,,,,,,,,,,,,,,,,,,,,-0.936328,-0.354443,-0.992544,,,,,,
34615,,,,,,,,,,,,,,,,,,,,,,,0.052033,0.533323,0.650626,0.280000,-31.780001,74.900002
34616,,,,,,,,,,,,,148.732697,143.919586,0.580665,0.492299,,,,,,,,,,,,
34628,,,,,,,,,,,,,149.369965,142.120514,0.572468,0.515442,,,,,,,,,,,,
34618,,,,,,,,,,,,,,,,,,,,-0.928913,-0.375142,-0.982990,,,,,,
34629,,,,,,,,,,,,,,,,,,,,-0.920294,-0.395533,-0.976788,,,,,,
34634,,,,,,,,,,,,,,,,,,,,,,,0.096258,0.597190,0.786839,38.990002,65.099998,18.690001
34636,,,,,,,,,,,,,149.680634,140.838013,0.568471,0.531940,,,,,,,,,,,,
34640,,,,,,,,,,,,,,,,,,,,,,,0.096258,0.597190,0.786839,14.420000,43.189999,1.260000
34642,,,,-0.891916,-0.452202,-1.101564,2.339260,2.339260,,,,,,,,,,,,,,,,,,,,
34643,,,,,,,,,,,146.305435,144.655151,,,,,0.060244,-0.008376,-0.111579,,,,,,,,,
34639,,,,,,,,,,,,,,,,,,,,-0.911410,-0.416715,-0.967485,,,,,,
34646,,,,,,,,,,,,,149.462463,140.381271,0.544611,0.633598,,,,,,,,,,,,
34648,,,,,,,,,,,,,,,,,,,,-0.901533,-0.436614,-0.980183,0.096258,0.597190,0.786839,-4.620000,16.309999,-26.809999
34655,,,,,,,,,,,,,,,,,,,,,,,0.052338,0.663192,0.857660,3.640000,-10.500000,-39.340000
34656,,,,,,,,,,,,,149.361893,140.623108,0.545905,0.630488,,,,,,,,,,,,
34659,,,,,,,,,,,,,,,,,,,,-0.892049,-0.455847,-0.976806,,,,,,
34665,,,,,,,,,,,,,,,,,,,,,,,0.052338,0.663192,0.857660,15.820000,-48.720001,-28.350000
34666,,,,,,,,,,,,,148.739960,140.837936,0.553905,0.627724,,,,,,,,,,,,
34669,,,,,,,,,,,,,,,,,,,,-0.882004,-0.475195,-0.986226,,,,,,
34675,,,,,,,,,,,,,,,,,,,,,,,0.099064,0.566751,0.851865,26.040001,-34.160000,-21.350000
34676,,,,,,,,,,,,,148.091721,141.442963,0.562244,0.619941,,,,,,,,,,,,
34688,,,,,,,,,,,,,148.169647,142.113327,0.561241,0.611318,,,,,,,,,,,,
34679,,,,,,,,,,,,,,,,,,,,-0.871551,-0.494384,-0.989097,,,,,,
34692,,,,-0.833638,-0.552311,-0.985663,2.326132,2.326132,,,,,,,,,,,,,,,,,,,,
34693,,,,,,,,,,,139.558472,152.430038,,,,,0.068236,-0.000755,0.008583,,,,,,,,,
34689,,,,,,,,,,,,,,,,,,,,-0.859719,-0.513687,-0.989164,,,,,,
34696,,,,,,,,,,,,,148.234482,143.811966,0.446629,0.720580,,,,,,,,,,,,
34697,,,,,,,,,,,,,,,,,,,,,,,0.120109,0.391437,0.607926,18.760000,22.260000,8.050000
34698,,,,,,,,,,,,,,,,,,,,-0.848575,-0.532397,-0.985847,,,,,,
34703,,,,,,,,,,,,,,,,,,,,,,,0.120109,0.391437,0.607926,-25.620001,72.940002,17.430000
34706,,,,,,,,,,,,,147.802994,144.631378,0.452179,0.710040,,,,,,,,,,,,
34708,,,,,,,,,,,,,,,,,,,,-0.836225,-0.552176,-0.979789,0.120109,0.391437,0.588162,-58.590000,108.150002,38.500000
34715,,,,,,,,,,,,,,,,,,,,,,,0.134078,0.233020,0.588162,-32.130001,62.230000,42.840000
34716,,,,,,,,,,,,,145.759079,145.833771,0.478471,0.694572,,,,,,,,,,,,
34719,,,,,,,,,,,,,,,,,,,,-0.823168,-0.571904,-0.970684,,,,,,
34725,,,,,,,,,,,,,,,,,,,,,,,0.134078,0.233020,0.588162,4.270000,18.549999,125.230003
34726,,,,,,,,,,,,,144.017807,147.369278,0.500870,0.674820,,,,,,,,,,,,
34729,,,,,,,,,,,,,,,,,,,,-0.810466,-0.590959,-0.951881,,,,,,
34735,,,,,,,,,,,,,,,,,,,,,,,0.126209,0.422425,1.025471,-5.180000,-27.790001,162.750000
34736,,,,,,,,,,,,,143.127319,148.691086,0.512325,0.657817,,,,,,,,,,,,
34748,,,,,,,,,,,,,142.633209,150.486832,0.518681,0.634717,,,,-0.784073,-0.628128,-0.896101,,,,,,
34751,,,,-0.764777,-0.644296,-0.870695,2.309306,2.309306,,,,,,,,,,,,,,,,,,,,
34752,,,,,,,,,,,134.006531,155.193558,,,,,0.069403,0.005540,0.078328,,,,,,,,,
34756,,,,,,,,,,,,,141.412216,152.162323,0.440762,0.659767,,,,,,,,,,,,
34757,,,,,,,,,,,,,,,,,,,,,,,0.058011,0.269620,0.558150,-68.459999,7.280000,202.369995
34759,,,,,,,,,,,,,,,,,,,,-0.770050,-0.646828,-0.859256,,,,,,
34763,,,,,,,,,,,,,,,,,,,,,,,0.058011,0.269620,0.558150,-1.120000,17.920000,216.580002
34766,,,,,,,,,,,,,140.461960,152.811356,0.452986,0.651418,,,,,,,,,,,,
34768,,,,,,,,,,,,,,,,,,,,,,,0.093818,0.558516,0.929945,21.280001,10.780000,225.820007
34769,,,,,,,,,,,,,,,,,,,,-0.754710,-0.666067,-0.820136,,,,,,
34775,,,,,,,,,,,,,,,,,,,,,,,0.093818,0.558516,0.929945,-26.110001,-3.010000,241.149994
34776,,,,,,,,,,,,,139.481491,154.240845,0.465598,0.633030,,,,,,,,,,,,
34790,,,,,,,,,,,,,138.257965,154.774185,0.481337,0.626169,,,,,,,,,,,,
34779,,,,,,,,,,,,,,,,,,,,-0.740102,-0.684043,-0.774951,,,,,,
34788,,,,,,,,,,,,,,,,,,,,-0.724843,-0.702241,-0.730151,,,,,,
34793,,,,-0.686628,-0.727009,-0.756841,2.288825,2.288825,,,137.893372,147.125366,,,,,0.046530,0.006405,-0.021855,,,,,,,,,
34796,,,,,,,,,,,,,137.206757,156.113861,0.560406,0.472876,,,,,,,,,,,,
34797,,,,,,,,,,,,,,,,,,,,,,,0.063318,0.422120,0.554856,-29.610001,17.639999,284.970001
34799,,,,,,,,,,,,,,,,,,,,-0.708412,-0.719642,-0.680147,,,,,,
34803,,,,,,,,,,,,,,,,,,,,,,,0.063318,0.649345,0.800137,-31.080000,17.709999,284.760010
34806,,,,,,,,,,,,,137.264572,155.900360,0.559662,0.475623,,,,,,,,,,,,
34808,,,,,,,,,,,,,,,,,,,,,,,0.018849,0.649345,0.800137,-12.180000,14.070000,293.720001
34809,,,,,,,,,,,,,,,,,,,,-0.692310,-0.736301,-0.630465,,,,,,
34815,,,,,,,,,,,,,,,,,,,,,,,0.018849,0.649345,0.800137,3.430000,22.330000,290.429993
34816,,,,,,,,,,,,,138.027969,154.257721,0.549842,0.496753,,,,,,,,,,,,
34819,,,,,,,,,,,,,,,,,,,,-0.675243,-0.753264,-0.581172,,,,,,
34825,,,,,,,,,,,,,,,,,,,,,,,0.022204,0.538508,0.724619,-2.240000,48.090000,254.449997
34826,,,,,,,,,,,,,138.058746,152.810562,0.549446,0.515369,,,,,,,,,,,,
34829,,,,,,,,,,,,,,,,,,,,-0.658048,-0.769506,-0.535341,,,,,,
34835,,,,,,,,,,,,,,,,,,,,,,,0.022204,0.538508,0.724619,-10.360000,21.350000,213.429993
34836,,,,,,,,,,,,,138.730362,151.142532,0.540807,0.536826,,,,,,,,,,,,
34850,,,,-0.600623,-0.799532,-0.644280,2.264737,2.264737,,,,,,,,,,,,,,,,,,,,
34851,,,,,,,,,,,141.359314,141.074707,139.174744,150.354309,0.593539,0.444929,0.062653,0.003120,-0.102303,,,,,,,,,
34849,,,,,,,,,,,,,,,,,,,,-0.622946,-0.799679,-0.463902,,,,,,
34856,,,,,,,,,,,,,140.772720,149.103256,0.572983,0.461022,,,,,,,,,,,,
34857,,,,,,,,,,,,,,,,,,,,,,,0.001037,0.762317,0.862906,39.549999,-21.770000,168.910004
34859,,,,,,,,,,,,,,,,,,,,-0.605364,-0.813998,-0.435317,,,,,,
34863,,,,,,,,,,,,,,,,,,,,,,,0.033184,0.700219,0.747006,-9.310000,-51.660000,154.139999
34866,,,,,,,,,,,,,141.517685,147.428345,0.563400,0.482568,,,,,,,,,,,,
34868,,,,,,,,,,,,,,,,,,,,,,,0.033184,0.700219,0.747006,-24.219999,-66.150002,141.190002
34869,,,,,,,,,,,,,,,,,,,,-0.587474,-0.827089,-0.412686,,,,,,
34875,,,,,,,,,,,,,,,,,,,,,,,0.033184,0.700219,0.747006,-28.139999,-71.330002,121.940002
34876,,,,,,,,,,,,,142.111954,145.988098,0.555756,0.501095,,,,,,,,,,,,
34878,,,,,,,,,,,,,,,,,,,,-0.569454,-0.839377,-0.392683,,,,,,
34885,,,,,,,,,,,,,,,,,,,,,,,0.016531,0.790011,0.915732,-67.199997,-62.090000,84.139999
34886,,,,,,,,,,,,,143.068222,144.690399,0.543454,0.517788,,,,,,,,,,,,
34889,,,,,,,,,,,,,,,,,,,,-0.551376,-0.851034,-0.378476,,,,,,
34892,,,,-0.508282,-0.861191,-0.533188,2.237101,2.237101,,,,,,,,,,,,,,,,,,,,
34893,,,,,,,,,,,140.289764,135.499863,,,,,0.044637,0.005390,-0.142190,,,,,,,,,
34896,,,,,,,,,,,,,143.477081,143.192017,0.520158,0.443050,,,,,,,,,,,,
34897,,,,,,,,,,,,,,,,,,,,,,,0.016531,0.790011,0.502640,28.840000,73.220001,66.989998
34908,,,,,,,,,,,,,143.428268,141.798218,0.520786,0.460980,,,,,,,,,,,,
34899,,,,,,,,,,,,,,,,,,,,-0.532259,-0.863593,-0.367345,,,,,,
34909,,,,,,,,,,,,,,,,,,,,-0.512846,-0.875828,-0.359125,,,,,,
34914,,,,,,,,,,,,,,,,,,,,,,,-0.005185,0.227408,0.502640,8.330000,46.480000,21.490000
34916,,,,,,,,,,,,,142.824615,140.111023,0.528552,0.482683,,,,,,,,,,,,
34919,,,,,,,,,,,,,,,,,,,,-0.492875,-0.886928,-0.356400,0.052338,0.794708,0.985882,-1.750000,30.940001,12.740000
34925,,,,,,,,,,,,,,,,,,,,,,,0.052338,0.794708,0.985882,-38.919998,30.309999,2.940000
34926,,,,,,,,,,,,,142.713013,138.230743,0.529987,0.506870,,,,,,,,,,,,
34928,,,,,,,,,,,,,,,,,,,,-0.473232,-0.896780,-0.350970,,,,,,
34935,,,,,,,,,,,,,,,,,,,,,,,-0.004880,0.482632,0.641903,-8.190000,22.959999,-6.930000
34936,,,,,,,,,,,,,142.607742,137.737381,0.531341,0.513217,,,,,,,,,,,,
34939,,,,,,,,,,,,,,,,,,,,-0.453012,-0.906990,-0.351125,,,,,,
34943,,,,-0.411171,-0.911558,-0.423738,2.205987,2.205987,,,134.845978,138.892960,,,,,0.040632,0.009253,-0.065156,,,,,,,,,
34946,,,,,,,,,,,,,142.460220,137.266190,0.441437,0.576498,,,,,,,,,,,,
34947,,,,,,,,,,,,,,,,,,,,,,,-0.004880,0.482632,0.641903,16.170000,-14.560000,-42.840000
34949,,,,,,,,,,,,,,,,,,,,-0.433907,-0.916385,-0.356606,,,,,,
34955,,,,,,,,,,,,,,,,,,,,,,,-0.018849,0.646966,1.158268,-7.840000,-24.570000,-46.340000
34956,,,,,,,,,,,,,141.830032,137.459778,0.449543,0.574008,,,,,,,,,,,,
34968,,,,,,,,,,,,,141.016327,138.242554,0.460011,0.563938,,,,-0.394146,-0.933693,-0.373169,,,,,,
34959,,,,,,,,,,,,,,,,,,,,-0.414033,-0.925005,-0.367863,,,,,,
34974,,,,,,,,,,,,,,,,,,,,,,,0.037576,0.262178,0.629642,-51.869999,-73.290001,-36.610001
34976,,,,,,,,,,,,,139.533508,138.591812,0.479085,0.559446,,,,,,,,,,,,
34979,,,,,,,,,,,,,,,,,,,,-0.374078,-0.941436,-0.381547,0.037576,0.262178,0.629642,-63.630001,-58.099998,-7.910000
34985,,,,,,,,,,,,,,,,,,,,,,,0.037576,0.262178,0.629642,46.549999,18.270000,3.360000
34986,,,,,,,,,,,,,139.310074,138.517731,0.481959,0.560399,,,,,,,,,,,,
34989,,,,,,,,,,,,,,,,,,,,-0.353776,-0.949833,-0.375868,,,,,,
34993,,,,-0.310859,-0.950456,-0.316097,2.171469,2.171469,,,125.786003,143.737656,,,,,0.039689,0.014644,0.059015,,,,,,,,,
34996,,,,,,,,,,,,,138.647690,138.530563,0.337696,0.641933,,,,,,,,,,,,
34997,,,,,,,,,,,,,,,,,,,,,,,0.018788,0.129747,1.063047,13.020000,26.320000,37.240002
35008,,,,,,,,,,,,,137.189728,139.372467,0.356450,0.631103,,,,,,,,,,,,
34999,,,,,,,,,,,,,,,,,,,,-0.333288,-0.957842,-0.373307,,,,,,
35009,,,,,,,,,,,,,,,,,,,,-0.312757,-0.966099,-0.361904,,,,,,
35014,,,,,,,,,,,,,,,,,,,,,,,0.028853,0.103334,0.743529,-17.150000,-12.040000,65.169998
35016,,,,,,,,,,,,,134.712158,140.680298,0.388321,0.614279,,,,,,,,,,,,
35019,,,,,,,,,,,,,,,,,,,,-0.291708,-0.973937,-0.350731,0.028853,0.103334,0.743529,-61.950001,-29.120001,82.459999
35025,,,,,,,,,,,,,,,,,,,,,,,0.028853,0.103334,0.743529,-22.330000,-24.290001,127.610001
35026,,,,,,,,,,,,,133.031052,141.880142,0.409946,0.598845,,,,,,,,,,,,
35028,,,,,,,,,,,,,,,,,,,,-0.271009,-0.981475,-0.328083,,,,,,
35035,,,,,,,,,,,,,,,,,,,,,,,-0.036234,0.229604,0.828624,-32.410000,9.520000,191.309998
35036,,,,,,,,,,,,,131.658173,142.939377,0.427606,0.585219,,,,,,,,,,,,
35042,,,,-0.208879,-0.977942,-0.210428,2.133634,2.133634,,,,,,,,,,,,,,,,,,,,
35043,,,,,,,,,,,120.911606,144.539612,,,,,0.055772,0.022725,0.112347,,,,,,,,,
35039,,,,,,,,,,,,,,,,,,,,-0.250113,-0.989001,-0.297353,,,,,,
35046,,,,,,,,,,,,,130.522888,143.854340,0.360010,0.586974,,,,,,,,,,,,
35047,,,,,,,,,,,,,,,,,,,,,,,-0.036234,0.229604,0.865285,10.780000,4.620000,253.820007
35049,,,,,,,,,,,,,,,,,,,,-0.229015,-0.996023,-0.252652,,,,,,
35055,,,,,,,,,,,,,,,,,,,,,,,-0.004453,0.386374,0.865285,1.330000,-3.850000,268.940002
35056,,,,,,,,,,,,,129.009506,145.160538,0.379478,0.570171,,,,,,,,,,,,
35068,,,,,,,,,,,,,127.064316,145.621429,0.404500,0.564242,,,,,,,,,,,,
35059,,,,,,,,,,,,,,,,,,,,-0.207090,-1.002426,-0.199687,,,,,,
35069,,,,,,,,,,,,,,,,,,,,-0.185671,-1.008003,-0.152438,,,,,,
35074,,,,,,,,,,,,,,,,,,,,,,,-0.006100,0.558394,0.825879,-54.110001,-33.040001,301.559998
35076,,,,,,,,,,,,,125.732513,146.922943,0.421632,0.547500,,,,,,,,,,,,
35079,,,,,,,,,,,,,,,,,,,,-0.164539,-1.013293,-0.105271,-0.006100,0.558394,0.825879,-23.170000,-29.120001,310.799988
35085,,,,,,,,,,,,,,,,,,,,,,,-0.006100,0.496723,0.694607,-42.349998,-12.880000,324.660004
35086,,,,,,,,,,,,,124.385742,147.137421,0.438956,0.544741,,,,,,,,,,,,
35092,,,,-0.106688,-0.994293,-0.106891,2.092578,2.092578,,,,,,,,,,,,,,,,,,,,
35093,,,,,,,,,,,125.551544,136.468277,,,,,0.055279,0.024239,-0.002027,,,,,,,,,
35089,,,,,,,,,,,,,,,,,,,,-0.142975,-1.017946,-0.044281,,,,,,
35096,,,,,,,,,,,,,123.370972,146.917252,0.530256,0.411461,,,,,,,,,,,,
35097,,,,,,,,,,,,,,,,,,,,,,,-0.035746,0.496723,0.694607,6.510000,37.799999,337.540009
35099,,,,,,,,,,,,,,,,,,,,-0.121082,-1.022246,0.019281,,,,,,
35105,,,,,,,,,,,,,,,,,,,,,,,-0.012322,0.670085,1.001925,0.210000,25.480000,342.230011
35106,,,,,,,,,,,,,122.941795,146.034348,0.535777,0.422818,,,,,,,,,,,,
35110,,,,,,,,,,,,,,,,,,,,-0.099042,-1.025804,0.077404,,,,,,
35115,,,,,,,,,,,,,,,,,,,,,,,-0.012322,0.670085,1.001925,-4.830000,-1.470000,332.500000
35116,,,,,,,,,,,,,123.725174,143.703400,0.525700,0.452803,,,,,,,,,,,,
35128,,,,,,,,,,,,,125.672958,141.105789,0.500644,0.486218,,,,,,,,,,,,
35119,,,,,,,,,,,,,,,,,,,,-0.077708,-1.028177,0.132896,,,,,,
35129,,,,,,,,,,,,,,,,,,,,-0.056492,-1.030000,0.183118,,,,,,
35134,,,,,,,,,,,,,,,,,,,,,,,-0.003294,0.670329,0.852780,-13.090000,-23.379999,298.200012
35136,,,,,,,,,,,,,126.664413,139.649597,0.487891,0.504950,,,,,,,,,,,,
35140,,,,,,,,,,,,,,,,,,,,,,,-0.003294,0.670329,0.852780,27.230000,-19.740000,252.350006
35142,,,,-0.005638,-0.999984,-0.005638,2.048404,2.048404,,,,,,,,,,,,,,,,,,,,
35143,,,,,,,,,,,130.142288,122.596420,,,,,0.054900,0.019851,-0.175174,,,,,,,,,
35139,,,,,,,,,,,,,,,,,,,,-0.035561,-1.032409,0.228040,,,,,,
35146,,,,,,,,,,,,,127.001312,138.479095,0.560974,0.286076,,,,,,,,,,,,
35147,,,,,,,,,,,,,,,,,,,,,,,-0.003965,0.417667,0.595909,-13.300000,49.840000,224.419998
35149,,,,,,,,,,,,,,,,,,,,-0.014448,-1.033471,0.263851,,,,,,
35155,,,,,,,,,,,,,,,,,,,,,,,-0.003965,0.417667,0.595909,7.420000,41.860001,193.619995
35156,,,,,,,,,,,,,127.622124,136.186722,0.552988,0.315565,,,,,,,,,,,,
35169,,,,,,,,,,,,,129.162964,131.923965,0.533167,0.370399,,,,0.027584,-1.033708,0.330620,,,,,,
35159,,,,,,,,,,,,,,,,,,,,0.006683,-1.033790,0.297166,,,,,,
35174,,,,,,,,,,,,,,,,,,,,,,,0.021472,0.686799,0.928664,-49.279999,33.250000,153.020004
35176,,,,,,,,,,,,,130.686615,128.749939,0.513567,0.411229,,,,,,,,,,,,
35180,,,,,,,,,,,,,,,,,,,,,,,0.021472,0.459940,0.588467,-13.510000,25.410000,112.769997
35179,,,,,,,,,,,,,,,,,,,,0.048257,-1.033441,0.355939,,,,,,
35185,,,,,,,,,,,,,,,,,,,,,,,-0.020557,0.459940,0.588467,35.910000,-8.400000,69.790001
35186,,,,,,,,,,,,,130.973862,126.026314,0.509872,0.446265,,,,,,,,,,,,
35188,,,,,,,,,,,,,,,,,,,,0.068464,-1.032652,0.361621,,,,,,
35192,,,,0.093049,-0.995662,0.093184,2.001226,2.001226,,,,,,,,,,,,,,,,,,,,
35193,,,,,,,,,,,127.977379,113.352226,,,,,0.036640,0.024389,-0.248084,,,,,,,,,
35196,,,,,,,,,,,,,131.573212,124.670372,0.465654,0.307816,,,,,,,,,,,,
35198,,,,,,,,,,,,,,,,,,,,,,,-0.020557,0.459940,1.050969,-22.750000,-17.780001,-13.370000
35199,,,,,,,,,,,,,,,,,,,,0.088063,-1.030484,0.358760,,,,,,
35205,,,,,,,,,,,,,,,,,,,,,,,-0.024949,0.821853,1.050969,28.770000,-33.040001,-35.490002
35206,,,,,,,,,,,,,131.548386,122.449387,0.465973,0.336386,,,,,,,,,,,,
35209,,,,,,,,,,,,,,,,,,,,0.107340,-1.028487,0.350265,,,,,,
35215,,,,,,,,,,,,,,,,,,,,,,,-0.024949,0.821853,1.050969,-2.590000,-32.759998,-63.139999
35216,,,,,,,,,,,,,131.410599,119.936790,0.467746,0.368707,,,,,,,,,,,,
35228,,,,,,,,,,,,,,,0.474451,0.398475,,,,,,,,,,,,
35229,,,,,,,,,,,,,130.889328,117.622734,,,,,,0.144878,-1.023110,0.325453,,,,,,
35218,,,,,,,,,,,,,,,,,,,,0.126322,-1.026020,0.342068,,,,,,
35235,,,,,,,,,,,,,,,,,,,,,,,-0.040748,0.510570,0.704977,4.970000,8.190000,-145.460007
35236,,,,,,,,,,,,,130.446426,116.481689,0.480149,0.413153,,,,,,,,,,,,
35240,,,,,,,,,,,,,,,,,,,,,,,-0.080764,0.651602,0.927810,14.630000,4.410000,-151.339996
35239,,,,,,,,,,,,,,,,,,,,0.163643,-1.019259,0.305766,,,,,,
35242,,,,0.188302,-0.982111,0.189433,1.951165,1.951165,,,,,,,,,,,,,,,,,,,,
35243,,,,,,,,,,,120.697922,120.339470,,,,,0.034055,0.027001,-0.107718,,,,,,,,,
35246,,,,,,,,,,,,,130.039566,115.548828,0.362624,0.542983,,,,,,,,,,,,
35247,,,,,,,,,,,,,,,,,,,,,,,-0.080764,0.651602,0.927810,41.160000,11.970000,-160.300003
35248,,,,,,,,,,,,,,,,,,,,0.181990,-1.015407,0.283190,,,,,,
35255,,,,,,,,,,,,,,,,,,,,,,,0.011163,0.350079,0.706075,23.309999,16.940001,-180.320007
35256,,,,,,,,,,,,,129.143112,115.854614,0.374156,0.539050,,,,,,,,,,,,
35259,,,,,,,,,,,,,,,,,,,,0.200439,-1.011056,0.252456,,,,,,
35265,,,,,,,,,,,,,,,,,,,,,,,0.011163,0.350079,0.706075,-11.340000,5.530000,-188.369995
35266,,,,,,,,,,,,,127.330421,116.698586,0.397473,0.528193,,,,,,,,,,,,
35269,,,,,,,,,,,,,,,,,,,,0.218638,-1.006313,0.218992,,,,,,
35275,,,,,,,,,,,,,,,,,,,,,,,0.004941,0.068259,0.880535,10.430000,-12.460000,-152.460007
35276,,,,,,,,,,,,,125.859978,116.914352,0.416389,0.525417,,,,,,,,,,,,
35288,,,,,,,,,,,,,125.029320,117.502472,0.427074,0.517852,,,,,,,,,,,,
35279,,,,,,,,,,,,,,,,,,,,0.236903,-1.001484,0.194052,,,,,,
35292,,,,0.279214,-0.960229,0.282975,1.898352,1.898352,,,,,,,,,,,,,,,,,,,,
35293,,,,,,,,,,,108.941467,127.609566,,,,,0.047548,0.031842,0.086483,,,,,,,,,
35289,,,,,,,,,,,,,,,,,,,,0.255055,-0.997185,0.180581,,,,,,
35296,,,,,,,,,,,,,124.390602,118.057510,0.237033,0.633313,,,,,,,,,,,,
35297,,,,,,,,,,,,,,,,,,,,,,,0.019764,-0.246867,0.895663,28.700001,-11.550000,-32.200001
35299,,,,,,,,,,,,,,,,,,,,0.273546,-0.993130,0.169324,,,,,,
35303,,,,,,,,,,,,,,,,,,,,,,,0.019764,-0.246867,0.895663,21.139999,1.470000,-17.780001
35306,,,,,,,,,,,,,122.773430,119.640060,0.257836,0.612955,,,,,,,,,,,,
35308,,,,,,,,,,,,,,,,,,,,,,,0.019764,-0.246867,0.895663,10.430000,3.500000,-6.510000
35309,,,,,,,,,,,,,,,,,,,,0.292033,-0.989087,0.174623,,,,,,
35315,,,,,,,,,,,,,,,,,,,,,,,0.054473,-0.192028,0.759633,-14.350000,8.680000,31.150000
35316,,,,,,,,,,,,,119.776230,121.533058,0.296391,0.588604,,,,,,,,,,,,
35319,,,,,,,,,,,,,,,,,,,,0.310938,-0.984867,0.182964,,,,,,
35325,,,,,,,,,,,,,,,,,,,,,,,0.054473,-0.192028,0.759633,-22.190001,5.950000,125.089996
35326,,,,,,,,,,,,,117.206345,123.064980,0.329449,0.568898,,,,,,,,,,,,
35329,,,,,,,,,,,,,,,,,,,,0.330337,-0.980618,0.207998,,,,,,
35335,,,,,,,,,,,,,,,,,,,,,,,-0.058560,0.009943,0.967887,23.520000,15.330000,225.259995
35336,,,,,,,,,,,,,115.564339,124.867195,0.350571,0.545715,,,,,,,,,,,,
35348,,,,,,,,,,,,,113.330238,126.215904,0.379310,0.528366,,,,,,,,,,,,
35350,,,,0.365048,-0.930989,0.373685,1.842929,1.842929,,,,,,,,,,,,,,,,,,,,
35351,,,,,,,,,,,101.361122,126.180458,,,,,0.044262,0.040684,0.156069,,,,,,,,,
35349,,,,,,,,,,,,,,,,,,,,0.368430,-0.971691,0.297174,,,,,,
35357,,,,,,,,,,,,,111.757950,127.646690,0.271703,0.485861,,,,,,,-0.036417,0.237961,0.775615,0.980000,-16.520000,311.359985
35359,,,,,,,,,,,,,,,,,,,,0.387167,-0.966816,0.353264,,,,,,
35362,,,,,,,,,,,,,,,,,,,,,,,-0.036417,0.237961,0.775615,-11.550000,-19.040001,326.410004
35366,,,,,,,,,,,,,110.456230,128.517334,0.288448,0.474661,,,,,,,,,,,,
35367,,,,,,,,,,,,,,,,,,,,,,,-0.036417,0.237961,1.035963,23.379999,-27.020000,335.019989
35368,,,,,,,,,,,,,,,,,,,,0.405720,-0.961386,0.409662,,,,,,
35375,,,,,,,,,,,,,,,,,,,,,,,-0.013664,0.577670,1.035963,9.100000,-37.939999,356.230011
35376,,,,,,,,,,,,,107.718864,128.937363,0.323661,0.469258,,,,,,,,,,,,
35389,,,,,,,,,,,,,105.281250,129.348206,0.355017,0.463973,,,,0.441420,-0.948624,0.529397,,,,,,
35379,,,,,,,,,,,,,,,,,,,,0.423383,-0.955532,0.466474,,,,,,
35393,,,,0.445239,-0.895412,0.461441,1.785044,1.785044,,,108.613586,112.775932,,,,,0.031355,0.043305,-0.061552,,,,,,,,,
35396,,,,,,,,,,,,,103.636162,128.903610,0.498482,0.243643,,,,,,,,,,,,
35397,,,,,,,,,,,,,,,,,,,,,,,-0.046238,0.472567,0.831003,22.820000,53.480000,370.929993
35398,,,,,,,,,,,,,,,,,,,,0.459320,-0.941943,0.595640,,,,,,
35403,,,,,,,,,,,,,,,,,,,,,,,-0.046238,0.472567,0.831003,-7.980000,65.589996,375.200012
35406,,,,,,,,,,,,,103.128197,127.134552,0.505017,0.266399,,,,,,,,,,,,
35408,,,,,,,,,,,,,,,,,,,,,,,-0.077348,0.649406,0.991433,-21.350000,66.010002,383.950012
35409,,,,,,,,,,,,,,,,,,,,0.477109,-0.934187,0.656541,,,,,,
35415,,,,,,,,,,,,,,,,,,,,,,,-0.077348,0.649406,0.991433,-35.209999,42.560001,368.970001
35416,,,,,,,,,,,,,104.320274,123.422447,0.489682,0.314150,,,,,,,,,,,,
35419,,,,,,,,,,,,,,,,,,,,0.494170,-0.925225,0.724157,,,,,,
35425,,,,,,,,,,,,,,,,,,,,,,,-0.045628,0.594506,0.919209,5.670000,53.970001,313.250000
35426,,,,,,,,,,,,,105.884430,119.761925,0.469561,0.361238,,,,,,,,,,,,
35429,,,,,,,,,,,,,,,,,,,,0.510664,-0.916939,0.777752,,,,,,
35435,,,,,,,,,,,,,,,,,,,,,,,-0.045628,0.594506,0.919209,13.580000,48.369999,238.910004
35436,,,,,,,,,,,,,107.113335,117.151474,0.453753,0.394818,,,,,,,,,,,,
35450,,,,0.519388,-0.854539,0.546134,1.724855,1.724855,,,110.529495,100.702461,,,,,0.048061,0.038175,-0.218422,,,,,,,,,
35451,,,,,,,,,,,,,108.604691,115.165115,0.466878,0.216767,,,,,,,,,,,,
35449,,,,,,,,,,,,,,,,,,,,0.542139,-0.898761,0.847147,,,,,,
35457,,,,,,,,,,,,,109.152267,112.894981,0.459834,0.245969,,,,,,,-0.100284,0.600667,0.842715,-22.330000,21.139999,129.779999
35459,,,,,,,,,,,,,,,,,,,,0.557252,-0.889186,0.868425,,,,,,
35462,,,,,,,,,,,,,,,,,,,,,,,-0.100284,0.675697,0.966484,1.120000,1.750000,104.580002
35466,,,,,,,,,,,,,109.560951,109.756699,0.454577,0.286339,,,,,,,,,,,,
35467,,,,,,,,,,,,,,,,,,,,,,,-0.008235,0.675697,0.966484,-24.709999,-7.210000,76.860001
35468,,,,,,,,,,,,,,,,,,,,0.571071,-0.879541,0.880651,,,,,,
35475,,,,,,,,,,,,,,,,,,,,,,,-0.008235,0.675697,0.966484,-13.860000,-6.230000,14.700000
35476,,,,,,,,,,,,,110.312202,106.631653,0.444913,0.326539,,,,,,,,,,,,
35479,,,,,,,,,,,,,,,,,,,,0.584631,-0.869236,0.883647,,,,,,
35485,,,,,,,,,,,,,,,,,,,,,,,-0.080520,0.631594,0.903410,18.830000,-7.210000,-24.709999
35486,,,,,,,,,,,,,110.876900,104.496407,0.437649,0.354006,,,,,,,,,,,,
35493,,,,0.587254,-0.809403,0.627662,1.662531,1.662531,,,107.003227,95.637390,,,,,0.046969,0.035349,-0.240648,,,,,,,,,
35489,,,,,,,,,,,,,,,,,,,,0.597815,-0.859078,0.877507,,,,,,
35496,,,,,,,,,,,,,111.355667,102.702782,0.372025,0.291663,,,,,,,,,,,,
35498,,,,,,,,,,,,,,,,,,,,,,,-0.080520,0.631594,0.903410,19.110001,-21.559999,-85.889999
35521,,,,,,,,,,,,,110.740677,100.803612,0.379936,0.316093,,,,,,,,,,,,
35519,,,,,,,,,,,,,,,,,,,,0.634628,-0.827262,0.822862,,,,,,
35526,,,,,,,,,,,,,110.759781,99.295929,0.379690,0.335487,,,,,,,,,,,,
35527,,,,,,,,,,,,,,,,,,,,,,,-0.092720,0.537349,0.840946,-9.030000,-7.630000,-169.820007
35529,,,,,,,,,,,,,,,,,,,,0.645841,-0.816451,0.795785,,,,,,
35533,,,,,,,,,,,,,,,,,,,,,,,-0.092720,0.537349,0.840946,-1.470000,-3.360000,-176.610001
35536,,,,,,,,,,,,,110.249786,98.403259,0.386250,0.346970,,,,,,,,,,,,
35538,,,,,,,,,,,,,,,,,,,,,,,-0.142313,0.186355,0.964837,-1.540000,-0.350000,-188.440002
35542,,,,0.648742,-0.761009,0.705930,1.598247,1.598247,,,,,,,,,,,,,,,,,,,,
35543,,,,,,,,,,,98.835083,100.440018,,,,,0.041084,0.036069,-0.086139,,,,,,,,,
35539,,,,,,,,,,,,,,,,,,,,0.657075,-0.805050,0.762786,,,,,,
35546,,,,,,,,,,,,,109.777702,97.065918,0.254578,0.445163,,,,,,,-0.142313,0.186355,0.964837,-16.240000,-2.940000,-201.740005
35551,,,,,,,,,,,,,,,,,,,,,,,-0.142313,0.186355,0.964837,19.879999,-16.799999,-202.089996
35549,,,,,,,,,,,,,,,,,,,,0.668053,-0.794087,0.721180,,,,,,
35556,,,,,,,,,,,,,,,,,,,,,,,-0.142313,-0.205875,0.725839,-5.740000,-20.790001,-208.110001
35557,,,,,,,,,,,,,108.408081,97.177681,0.272196,0.443726,,,,,,,,,,,,
35569,,,,,,,,,,,,,107.178200,96.816734,0.288017,0.448369,,,,0.690313,-0.772740,0.647740,,,,,,
35559,,,,,,,,,,,,,,,,,,,,0.679118,-0.783251,0.685797,,,,,,
35574,,,,,,,,,,,,,,,,,,,,,,,-0.028365,-0.205875,0.725839,-7.070000,-28.840000,-102.339996
35576,,,,,,,,,,,,,105.713890,96.995758,0.306854,0.446066,,,,,,,,,,,,
35579,,,,,,,,,,,,,,,,,,,,0.701773,-0.762556,0.624420,-0.097905,-0.447618,0.992226,22.330000,-26.879999,-68.040001
35585,,,,,,,,,,,,,,,,,,,,,,,-0.097905,-0.447618,0.992226,33.459999,-27.860001,-46.900002
35586,,,,,,,,,,,,,104.353546,97.568321,0.324353,0.438701,,,,,,,,,,,,
35589,,,,,,,,,,,,,,,,,,,,0.713867,-0.752606,0.621545,,,,,,
35592,,,,0.703886,-0.710313,0.780854,1.532188,1.532188,,,,,,,,,,,,,,,,,,,,
35593,,,,,,,,,,,83.535011,103.734367,,,,,0.017734,0.040109,0.150586,,,,,,,,,
35596,,,,,,,,,,,,,103.201172,98.591949,0.081161,0.481088,,,,,,,,,,,,
35597,,,,,,,,,,,,,,,,,,,,,,,-0.054412,-0.335256,0.855525,47.040001,-42.000000,9.310000
35599,,,,,,,,,,,,,,,,,,,,0.725566,-0.743050,0.621611,,,,,,
35605,,,,,,,,,,,,,,,,,,,,,,,-0.054412,-0.335256,0.855525,55.580002,-51.730000,28.070000
35606,,,,,,,,,,,,,100.014526,99.431595,0.122153,0.470287,,,,,,,,,,,,
35609,,,,,,,,,,,,,,,,,,,,0.737736,-0.733602,0.627545,,,,,,
35615,,,,,,,,,,,,,,,,,,,,,,,-0.053375,-0.195261,0.992653,-11.270000,-29.820000,105.279999
35616,,,,,,,,,,,,,95.647392,100.630806,0.178330,0.454861,,,,,,,,,,,,
35629,,,,,,,,,,,,,91.686729,101.484291,0.229279,0.443882,,,,0.762348,-0.714077,0.668620,,,,,,
35618,,,,,,,,,,,,,,,,,,,,0.749868,-0.724186,0.636379,,,,,,
35634,,,,,,,,,,,,,,,,,,,,,,,-0.145912,0.121573,0.722850,-23.379999,91.980003,281.959991
35636,,,,,,,,,,,,,88.433411,102.697456,0.271129,0.428276,,,,,,,,,,,,
35640,,,,,,,,,,,,,,,,,,,,,,,-0.145912,0.121573,0.722850,-17.290001,102.900002,311.920013
35642,,,,0.752837,-0.658207,0.852362,1.464551,1.464551,,,,,,,,,,,,,,,,,,,,
35643,,,,,,,,,,,79.017540,100.281425,,,,,0.026310,0.049376,0.175228,,,,,,,,,
35639,,,,,,,,,,,,,,,,,,,,0.775065,-0.703477,0.715333,,,,,,
35646,,,,,,,,,,,,,86.501488,103.450653,0.219799,0.360358,,,,,,,,,,,,
35648,,,,,,,,,,,,,,,,,,,,,,,-0.145912,0.121573,0.722850,-12.530000,112.699997,336.910004
35649,,,,,,,,,,,,,,,,,,,,0.787540,-0.692677,0.774716,,,,,,
35655,,,,,,,,,,,,,,,,,,,,,,,-0.128710,0.419985,0.877973,-13.300000,99.680000,361.619995
35656,,,,,,,,,,,,,84.305321,103.504768,0.248050,0.359662,,,,,,,,,,,,
35669,,,,,,,,,,,,,82.083107,103.142914,0.276636,0.364316,,,,0.810381,-0.669441,0.907981,,,,,,
35659,,,,,,,,,,,,,,,,,,,,0.799357,-0.681246,0.840862,,,,,,
35674,,,,,,,,,,,,,,,,,,,,,,,-0.120719,0.597739,0.990091,-30.450001,90.370003,381.220001
35676,,,,,,,,,,,,,80.379898,103.050011,0.298545,0.365512,,,,,,,,,,,,
35679,,,,,,,,,,,,,,,,,,,,0.820836,-0.657026,0.979513,-0.120719,0.597739,0.990091,-37.590000,92.190002,383.950012
35685,,,,,,,,,,,,,,,,,,,,,,,-0.120719,0.597739,0.990091,-34.930000,103.809998,374.149994
35686,,,,,,,,,,,,,79.175552,103.197578,0.314038,0.363613,,,,,,,,,,,,
35689,,,,,,,,,,,,,,,,,,,,0.830683,-0.644726,1.043482,,,,,,
35692,,,,0.795837,-0.605511,0.920388,1.395537,1.395537,,,,,,,,,,,,,,,,,,,,
35693,,,,,,,,,,,85.930077,85.648209,,,,,0.017544,0.049521,-0.112114,,,,,,,,,
35696,,,,,,,,,,,,,78.689995,102.743118,0.436854,0.122690,,,,,,,,,,,,
35697,,,,,,,,,,,,,,,,,,,,,,,-0.205631,0.637755,0.948184,-46.689999,15.120000,365.049988
35699,,,,,,,,,,,,,,,,,,,,0.839590,-0.632491,1.108181,,,,,,
35705,,,,,,,,,,,,,,,,,,,,,,,-0.205631,0.637755,0.948184,-27.370001,-23.940001,354.059998
35706,,,,,,,,,,,,,79.368263,100.703102,0.428129,0.148932,,,,,,,,,,,,
35709,,,,,,,,,,,,,,,,,,,,0.848296,-0.620595,1.174094,,,,,,
35715,,,,,,,,,,,,,,,,,,,,,,,-0.134200,0.391071,0.671732,-31.709999,-61.599998,285.390015
35716,,,,,,,,,,,,,81.048431,97.353256,0.406516,0.192023,,,,,,,,,,,,
35728,,,,,,,,,,,,,82.281464,93.728195,0.390655,0.238655,,,,,,,,,,,,
35719,,,,,,,,,,,,,,,,,,,,0.856240,-0.608799,1.224882,,,,,,
35729,,,,,,,,,,,,,,,,,,,,0.863366,-0.597281,1.261760,,,,,,
35734,,,,,,,,,,,,,,,,,,,,,,,-0.253211,0.556442,0.870104,-16.030001,-58.869999,85.750000
35736,,,,,,,,,,,,,83.732513,90.601715,0.371989,0.278873,,,,,,,,,,,,
35739,,,,,,,,,,,,,,,,,,,,0.870001,-0.585778,1.275445,-0.253211,0.556442,0.870104,-19.180000,-52.779999,47.180000
35742,,,,0.833207,-0.552962,0.984882,1.325359,1.325359,,,,,,,,,,,,,,,,,,,,
35743,,,,,,,,,,,84.733536,73.466591,,,,,0.019991,0.044424,-0.275793,,,,,,,,,
35746,,,,,,,,,,,,,84.698975,88.286957,0.339379,0.103222,,,,,,,,,,,,
35747,,,,,,,,,,,,,,,,,,,,,,,-0.137799,0.540704,0.726266,-21.559999,-45.290001,-3.570000
35749,,,,,,,,,,,,,,,,,,,,0.876159,-0.574592,1.271554,,,,,,
35755,,,,,,,,,,,,,,,,,,,,,,,-0.137799,0.540704,0.726266,15.190000,-53.200001,-32.830002
35756,,,,,,,,,,,,,85.525070,85.801811,0.328752,0.135190,,,,,,,,,,,,
35759,,,,,,,,,,,,,,,,,,,,0.881793,-0.563449,1.261047,,,,,,
35765,,,,,,,,,,,,,,,,,,,,,,,-0.139019,0.631472,0.904508,22.190001,-47.459999,-91.980003
35766,,,,,,,,,,,,,85.648277,82.048630,0.327167,0.183470,,,,,,,,,,,,
35769,,,,,,,,,,,,,,,,,,,,0.887239,-0.552474,1.230992,,,,,,
35775,,,,,,,,,,,,,,,,,,,,,,,-0.139019,0.631472,0.904508,-16.590000,-8.050000,-196.979996
35776,,,,,,,,,,,,,85.736824,78.879814,0.326028,0.224232,,,,,,,,,,,,
35788,,,,,,,,,,,,,86.164246,76.775322,0.320530,0.251304,,,,0.896320,-0.529443,1.163137,,,,,,
35779,,,,,,,,,,,,,,,,,,,,0.891818,-0.540909,1.206640,,,,,,
35792,,,,0.865326,-0.501209,1.045801,1.254240,1.254240,,,,,,,,,,,,,,,,,,,,
35793,,,,,,,,,,,78.838318,75.549026,,,,,0.026121,0.038496,-0.157623,,,,,,,,,
35796,,,,,,,,,,,,,86.421959,75.041275,0.217800,0.308728,,,,,,,,,,,,
35797,,,,,,,,,,,,,,,,,,,,,,,-0.204655,0.318969,0.742980,-0.210000,32.200001,-268.869995
35799,,,,,,,,,,,,,,,,,,,,0.900792,-0.518088,1.117114,,,,,,
35803,,,,,,,,,,,,,,,,,,,,,,,-0.146461,-0.171166,0.917318,19.740000,29.820000,-276.429993
35806,,,,,,,,,,,,,85.889854,73.569473,0.224645,0.327660,,,,,,,,,,,,
35808,,,,,,,,,,,,,,,,,,,,,,,-0.146461,-0.171166,0.917318,23.450001,25.480000,-283.570007
35809,,,,,,,,,,,,,,,,,,,,0.905716,-0.507155,1.062093,,,,,,
35815,,,,,,,,,,,,,,,,,,,,,,,-0.146461,-0.171166,0.917318,33.180000,13.370000,-284.200012
35816,,,,,,,,,,,,,84.336975,72.873405,0.244620,0.336614,,,,,,,,,,,,
35819,,,,,,,,,,,,,,,,,,,,0.911174,-0.496465,1.014312,,,,,,
35825,,,,,,,,,,,,,,,,,,,,,,,-0.112667,-0.416996,0.958676,12.950000,11.550000,-222.250000
35826,,,,,,,,,,,,,83.519524,72.236023,0.255136,0.344813,,,,,,,,,,,,
35829,,,,,,,,,,,,,,,,,,,,0.916541,-0.485957,0.979481,,,,,,
35835,,,,,,,,,,,,,,,,,,,,,,,-0.112667,-0.416996,0.958676,33.950001,15.470000,-169.820007
35836,,,,,,,,,,,,,82.931992,71.786926,0.262694,0.350591,,,,,,,,,,,,
35850,,,,0.892616,-0.450818,1.103115,1.182410,1.182410,,,,,,,,,,,,,,,,,,,,
35851,,,,,,,,,,,66.038597,79.412323,,,,,0.015855,0.039235,0.114012,,,,,,,,,
35852,,,,,,,,,,,,,81.867645,71.799408,0.060535,0.415579,,,,,,,,,,,,
35849,,,,,,,,,,,,,,,,,,,,0.928871,-0.465455,0.932847,,,,,,
35857,,,,,,,,,,,,,,,,,,,,,,,-0.128527,-0.453535,0.787266,3.500000,-18.690001,-96.389999
35859,,,,,,,,,,,,,,,,,,,,0.935141,-0.455554,0.914278,,,,,,
35862,,,,,,,,,,,,,,,,,,,,,,,-0.038247,-0.356301,0.787266,-2.310000,-20.650000,-74.900002
35866,,,,,,,,,,,,,79.680206,72.751190,0.088673,0.403336,,,,,,,,,,,,
35867,,,,,,,,,,,,,,,,,,,,,,,-0.038247,-0.356301,0.787266,3.850000,-21.910000,-32.830002
35868,,,,,,,,,,,,,,,,,,,,0.941559,-0.446032,0.901886,,,,,,
35875,,,,,,,,,,,,,,,,,,,,,,,-0.038247,-0.356301,0.787266,16.660000,-4.830000,86.449997
35876,,,,,,,,,,,,,76.885048,73.788895,0.124629,0.389987,,,,,,,,,,,,
35878,,,,,,,,,,,,,,,,,,,,0.948485,-0.436228,0.923521,,,,,,
35885,,,,,,,,,,,,,,,,,,,,,,,-0.227530,-0.253882,0.985638,7.980000,19.250000,178.990005
35886,,,,,,,,,,,,,73.472252,75.257744,0.168530,0.371092,,,,,,,,,,,,
35889,,,,,,,,,,,,,,,,,,,,0.955218,-0.426446,0.954584,,,,,,
35893,,,,0.915524,-0.402264,1.156808,1.110109,1.110109,,,57.792564,75.149872,,,,,-0.002179,0.046410,0.197858,,,,,,,,,
35896,,,,,,,,,,,,,71.148613,77.041077,0.059362,0.276272,,,,,,,,,,,,
35897,,,,,,,,,,,,,,,,,,,,,,,-0.227530,0.058255,1.051518,-33.250000,34.369999,276.850006
35908,,,,,,,,,,,,,67.387047,77.516762,0.107750,0.270153,,,,0.968031,-0.405881,1.046147,,,,,,
35899,,,,,,,,,,,,,,,,,,,,0.961850,-0.416149,0.995432,,,,,,
35914,,,,,,,,,,,,,,,,,,,,,,,-0.244671,0.058255,0.930128,-27.719999,49.910000,337.540009
35916,,,,,,,,,,,,,63.938091,77.067642,0.152116,0.275930,,,,,,,,,,,,
35919,,,,,,,,,,,,,,,,,,,,,,,-0.207156,0.394365,0.930128,-42.910000,63.070000,358.119995
35918,,,,,,,,,,,,,,,,,,,,0.973956,-0.395253,1.110860,,,,,,
35925,,,,,,,,,,,,,,,,,,,,,,,-0.207156,0.394365,0.930128,-55.090000,77.839996,378.559998
35926,,,,,,,,,,,,,60.914284,77.435928,0.191013,0.271192,,,,,,,,,,,,
35928,,,,,,,,,,,,,,,,,,,,0.979150,-0.384146,1.177321,,,,,,
35936,,,,,,,,,,,,,58.360050,77.728111,0.223870,0.267434,,,,,,,-0.369538,0.477020,1.022482,-58.169998,54.880001,372.820007
35948,,,,,,,,,,,,,56.951912,77.402901,0.241984,0.271617,,,,,,,,,,,,
35950,,,,0.934508,-0.355942,1.206874,1.037585,1.037585,,,,,,,,,,,,,,,,,,,,
35951,,,,,,,,,,,60.179363,67.622383,,,,,0.008396,0.052086,0.031051,,,,,,,,,
35949,,,,,,,,,,,,,,,,,,,,0.987611,-0.363492,1.313971,,,,,,
35956,,,,,,,,,,,,,,,,,,,,,,,-0.238876,0.414800,0.801235,-23.309999,-35.630001,358.750000
35957,,,,,,,,,,,,,56.179615,77.199509,0.292169,0.147293,,,,,,,,,,,,
35959,,,,,,,,,,,,,,,,,,,,0.991213,-0.353531,1.377915,,,,,,
35962,,,,,,,,,,,,,,,,,,,,,,,-0.238876,0.414800,0.801235,-6.790000,-41.720001,347.059998
35967,,,,,,,,,,,,,55.430325,76.380783,0.301808,0.157824,,,,,,,-0.238876,0.414800,0.801235,-32.619999,-43.119999,325.220001
35969,,,,,,,,,,,,,,,,,,,,0.993954,-0.344165,1.428666,,,,,,
35975,,,,,,,,,,,,,,,,,,,,,,,-0.156892,0.654042,1.042490,-37.590000,-40.180000,265.369995
35976,,,,,,,,,,,,,55.377857,74.753326,0.302482,0.178759,,,,,,,,,,,,
35979,,,,,,,,,,,,,,,,,,,,0.995955,-0.334489,1.476298,,,,,,
35985,,,,,,,,,,,,,,,,,,,,,,,-0.156892,0.654042,1.042490,-10.920000,-30.309999,198.240005
35986,,,,,,,,,,,,,55.909908,72.760368,0.295638,0.204396,,,,,,,,,,,,
35992,,,,0.950027,-0.312168,1.253323,0.965097,0.965097,,,,,,,,,,,,,,,,,,,,
35993,,,,,,,,,,,61.201000,56.118801,,,,,0.017272,0.047940,-0.211621,,,,,,,,,
35989,,,,,,,,,,,,,,,,,,,,0.997824,-0.324855,1.513726,,,,,,
35996,,,,,,,,,,,,,56.352894,71.078529,0.307168,0.032038,,,,,,,,,,,,
35998,,,,,,,,,,,,,,,,,,,,,,,-0.155550,0.538813,0.964654,-40.669998,-32.340000,105.419998
36009,,,,,,,,,,,,,57.355392,68.016830,0.294273,0.071423,,,,0.999674,-0.306588,1.533664,,,,,,
35999,,,,,,,,,,,,,,,,,,,,0.999060,-0.315509,1.529381,,,,,,
36015,,,,,,,,,,,,,,,,,,,,,,,-0.087230,0.436272,0.846375,4.340000,-35.070000,9.380000
36016,,,,,,,,,,,,,58.009594,64.729950,0.285857,0.113704,,,,,,,,,,,,
36020,,,,,,,,,,,,,,,,,,,,,,,-0.087230,0.436272,0.846375,-12.320000,-14.350000,-104.370003
36019,,,,,,,,,,,,,,,,,,,,1.000342,-0.297453,1.529389,,,,,,
36025,,,,,,,,,,,,,,,,,,,,,,,-0.087230,0.436272,0.846375,-16.799999,19.530001,-138.460007
36026,,,,,,,,,,,,,58.672192,61.586998,0.277334,0.154134,,,,,,,,,,,,
36029,,,,,,,,,,,,,,,,,,,,1.000679,-0.288103,1.510701,,,,,,
36035,,,,,,,,,,,,,,,,,,,,,,,-0.247965,0.250588,0.846802,14.210000,30.940001,-195.440002
36036,,,,,,,,,,,,,59.802845,58.959763,0.262789,0.187930,,,,,,,,,,,,
36042,,,,0.962528,-0.271182,1.296175,0.892911,0.892911,,,,,,,,,,,,,,,,,,,,
36043,,,,,,,,,,,56.548000,51.847374,,,,,0.014256,0.039180,-0.209992,,,,,,,,,
36039,,,,,,,,,,,,,,,,,,,,1.001257,-0.279114,1.479607,,,,,,
36046,,,,,,,,,,,,,60.708065,56.717655,0.172678,0.144740,,,,,,,,,,,,
36048,,,,,,,,,,,,,,,,,,,,,,,-0.247965,-0.133529,0.923906,19.389999,30.870001,-234.009995
36049,,,,,,,,,,,,,,,,,,,,1.001912,-0.270524,1.432173,,,,,,
36055,,,,,,,,,,,,,,,,,,,,,,,-0.150426,-0.133529,0.923906,17.920000,25.059999,-244.300003
36056,,,,,,,,,,,,,60.932770,54.290901,0.169788,0.175957,,,,,,,,,,,,
36068,,,,,,,,,,,,,60.397797,52.070637,0.176669,0.204518,,,,,,,,,,,,
36059,,,,,,,,,,,,,,,,,,,,1.002831,-0.262165,1.381738,,,,,,
36069,,,,,,,,,,,,,,,,,,,,1.004354,-0.253747,1.339202,,,,,,
36074,,,,,,,,,,,,,,,,,,,,,,,-0.111020,-0.355996,0.969961,13.860000,23.240000,-241.360001
36076,,,,,,,,,,,,,59.751266,50.683434,0.184986,0.222362,,,,,,,,,,,,
36079,,,,,,,,,,,,,,,,,,,,1.005563,-0.245111,1.306035,-0.111020,-0.355996,0.969961,-1.190000,41.930000,-220.429993
36085,,,,,,,,,,,,,,,,,,,,,,,-0.220027,-0.347334,0.847107,19.879999,48.580002,-206.289993
36086,,,,,,,,,,,,,59.575657,49.757526,0.187245,0.234273,,,,,,,,,,,,
36092,,,,0.972438,-0.233163,1.335467,0.821304,0.821304,,,,,,,,,,,,,,,,,,,,
36093,,,,,,,,,,,47.735485,53.062515,,,,,0.003034,0.035081,0.020716,,,,,,,,,
36089,,,,,,,,,,,,,,,,,,,,1.007332,-0.236747,1.271231,,,,,,
36096,,,,,,,,,,,,,59.465427,49.556488,0.040052,0.257350,,,,,,,,,,,,
36098,,,,,,,,,,,,,,,,,,,,1.010083,-0.228295,1.247428,-0.220027,-0.347334,0.847107,14.840000,35.419998,-175.279999
36109,,,,,,,,,,,,,57.705025,49.367645,0.062697,0.259780,,,,1.012613,-0.220471,1.223869,,,,,,
36115,,,,,,,,,,,,,,,,,,,,,,,-0.212707,-0.372893,1.141371,17.570000,24.150000,-61.880001
36116,,,,,,,,,,,,,56.254078,49.239006,0.081362,0.261434,,,,,,,,,,,,
36120,,,,,,,,,,,,,,,,,,,,,,,-0.212707,-0.372893,0.981917,3.010000,29.330000,-14.910000
36119,,,,,,,,,,,,,,,,,,,,1.015061,-0.212722,1.207228,,,,,,
36126,,,,,,,,,,,,,53.899529,49.638885,0.111650,0.256290,,,,,,,-0.323117,-0.196542,0.981917,-19.600000,30.590000,22.680000
36128,,,,,,,,,,,,,,,,,,,,1.017830,-0.204788,1.213675,,,,,,
36135,,,,,,,,,,,,,,,,,,,,,,,-0.323117,-0.196542,0.981917,-2.800000,19.600000,75.949997
36136,,,,,,,,,,,,,51.935616,49.996853,0.136913,0.251686,,,,,,,,,,,,
36138,,,,,,,,,,,,,,,,,,,,1.020030,-0.197272,1.227606,,,,,,
36142,,,,0.980157,-0.198224,1.371250,0.750560,0.750560,,,,,,,,,,,,,,,,,,,,
36143,,,,,,,,,,,40.060272,49.451981,,,,,-0.013409,0.037259,0.137929,,,,,,,,,
36146,,,,,,,,,,,,,50.276554,50.289761,0.028822,0.187031,,,,,,,,,,,,
36147,,,,,,,,,,,,,,,,,,,,,,,-0.255407,-0.047153,0.879620,-9.800000,-1.750000,134.820007
36149,,,,,,,,,,,,,,,,,,,,1.022372,-0.189765,1.248114,,,,,,
36155,,,,,,,,,,,,,,,,,,,,,,,-0.255407,-0.047153,0.879620,-39.480000,-22.120001,147.070007
36156,,,,,,,,,,,,,47.789822,51.093212,0.060811,0.176696,,,,,,,,,,,,
36174,,,,,,,,,,,,,45.199863,50.785938,0.094127,0.180648,,,,,,,,,,,,
36169,,,,,,,,,,,,,,,,,,,,1.026361,-0.174864,1.310553,,,,,,
36179,,,,,,,,,,,,,,,,,,,,,,,-0.362828,0.202886,0.997899,-35.349998,21.209999,237.089996
36178,,,,,,,,,,,,,,,,,,,,1.027930,-0.167329,1.346261,,,,,,
36185,,,,,,,,,,,,,,,,,,,,,,,-0.362828,0.202886,0.997899,-23.450001,28.629999,233.169998
36186,,,,,,,,,,,,,42.860615,50.634029,0.124218,0.182602,,,,,,,,,,,,
36190,,,,,,,,,,,,,,,,,,,,,,,-0.362828,0.202886,0.997899,-17.639999,15.890000,234.289993
36192,,,,0.986053,-0.166429,1.403589,0.680973,0.680973,,,,,,,,,,,,,,,,,,,,
36193,,,,,,,,,,,38.169460,44.013123,,,,,-0.009117,0.041132,0.060406,,,,,,,,,
36189,,,,,,,,,,,,,,,,,,,,1.029550,-0.160444,1.371459,,,,,,
36196,,,,,,,,,,,,,40.445557,50.820919,0.123399,0.088479,,,,,,,,,,,,
36197,,,,,,,,,,,,,,,,,,,,,,,-0.362828,0.202886,0.819840,-16.309999,-17.639999,238.630005
36199,,,,,,,,,,,,,,,,,,,,1.030446,-0.153514,1.418228,,,,,,
36205,,,,,,,,,,,,,,,,,,,,,,,-0.322751,0.223138,0.819840,-17.709999,-46.970001,235.550003
36206,,,,,,,,,,,,,38.958382,50.425709,0.142529,0.093563,,,,,,,,,,,,
36209,,,,,,,,,,,,,,,,,,,,1.031251,-0.147097,1.459951,,,,,,
36215,,,,,,,,,,,,,,,,,,,,,,,-0.322751,0.317749,0.996801,-22.260000,-36.049999,194.320007
36216,,,,,,,,,,,,,37.707569,49.546398,0.158619,0.104874,,,,,,,,,,,,
36228,,,,,,,,,,,,,,,0.166155,0.124997,,,,,,,,,,,,
36229,,,,,,,,,,,,,37.121777,47.982071,,,,,,1.031564,-0.134268,1.531029,,,,,,
36219,,,,,,,,,,,,,,,,,,,,1.031771,-0.140886,1.495551,,,,,,
36234,,,,,,,,,,,,,,,,,,,,,,,-0.334219,0.317749,0.880779,-26.530001,21.070000,113.400002
36236,,,,,,,,,,,,,36.856800,46.697468,0.169563,0.141522,,,,,,,,,,,,
36239,,,,,,,,,,,,,,,,,,,,1.031416,-0.128027,1.553654,-0.257359,0.225700,0.880779,-18.480000,26.740000,96.459999
36242,,,,0.990461,-0.137792,1.432564,0.612846,0.612846,,,,,,,,,,,,,,,,,,,,
36243,,,,,,,,,,,36.772503,36.618511,,,,,-0.010428,0.040906,-0.111533,,,,,,,,,
36246,,,,,,,,,,,,,36.479706,45.306480,0.150856,0.034715,,,,,,,,,,,,
36247,,,,,,,,,,,,,,,,,,,,,,,-0.257359,0.225700,0.880779,-18.129999,-18.969999,55.930000
36249,,,,,,,,,,,,,,,,,,,,1.031221,-0.121871,1.569274,,,,,,
36255,,,,,,,,,,,,,,,,,,,,,,,-0.198433,0.097661,1.047553,-19.110001,-24.639999,46.830002
36256,,,,,,,,,,,,,35.630451,43.605789,0.161781,0.056592,,,,,,,,,,,,
36259,,,,,,,,,,,,,,,,,,,,1.030888,-0.116454,1.577521,,,,,,
36265,,,,,,,,,,,,,,,,,,,,,,,-0.198433,0.097661,1.047553,-0.980000,-20.719999,-11.900000
36266,,,,,,,,,,,,,36.022003,41.084484,0.156744,0.089025,,,,,,,,,,,,
36269,,,,,,,,,,,,,,,,,,,,1.030644,-0.111105,1.568733,,,,,,
36275,,,,,,,,,,,,,,,,,,,,,,,-0.237473,-0.009638,0.830820,-8.190000,28.070000,-55.720001
36276,,,,,,,,,,,,,35.785007,39.496967,0.159793,0.109447,,,,,,,,,,,,
36288,,,,,,,,,,,,,36.034393,37.790352,0.156585,0.131400,,,,,,,,,,,,
36279,,,,,,,,,,,,,,,,,,,,1.030491,-0.105805,1.556850,,,,,,
36292,,,,0.993676,-0.112286,1.458273,0.546492,0.546492,,,,,,,,,,,,,,,,,,,,
36293,,,,,,,,,,,32.760853,32.954884,,,,,-0.007612,0.036858,-0.098955,,,,,,,,,
36289,,,,,,,,,,,,,,,,,,,,1.030557,-0.100382,1.551760,,,,,,
36297,,,,,,,,,,,,,35.894863,36.133320,0.090729,0.090933,,,,,,,-0.254553,-0.067039,1.132648,21.490000,-1.680000,-96.180000
36299,,,,,,,,,,,,,,,,,,,,1.030752,-0.095336,1.533184,,,,,,
36302,,,,,,,,,,,,,,,,,,,,,,,-0.254553,-0.067039,1.132648,14.700000,-1.750000,-99.330002
36306,,,,,,,,,,,,,35.599983,34.601051,0.094522,0.110644,,,,,,,,,,,,
36307,,,,,,,,,,,,,,,,,,,,,,,-0.254553,-0.067039,1.132648,7.700000,-3.360000,-102.830002
36309,,,,,,,,,,,,,,,,,,,,1.031102,-0.090663,1.504653,,,,,,
36315,,,,,,,,,,,,,,,,,,,,,,,-0.142862,-0.105225,0.939156,5.040000,-8.190000,-104.370003
36316,,,,,,,,,,,,,34.890751,32.953152,0.103645,0.131842,,,,,,,,,,,,
36319,,,,,,,,,,,,,,,,,,,,1.031335,-0.085846,1.479561,,,,,,
36325,,,,,,,,,,,,,,,,,,,,,,,-0.142862,-0.105225,0.939156,24.780001,7.420000,-97.440002
36326,,,,,,,,,,,,,34.293503,32.114716,0.111328,0.142627,,,,,,,,,,,,
36329,,,,,,,,,,,,,,,,,,,,1.031782,-0.080764,1.465350,,,,,,
36335,,,,,,,,,,,,,,,,,,,,,,,-0.272670,-0.117547,1.014125,3.640000,26.389999,-68.809998
36336,,,,,,,,,,,,,33.782543,31.401756,0.117901,0.151798,,,,,,,,,,,,
36348,,,,,,,,,,,,,33.485439,31.482244,0.121723,0.150763,,,,,,,,,,,,
36351,,,,0.995956,-0.089847,1.480828,0.482232,0.482232,,,27.386986,30.232841,,,,,-0.012767,0.034699,0.009417,,,,,,,,,
36349,,,,,,,,,,,,,,,,,,,,1.033080,-0.071230,1.440686,,,,,,
36357,,,,,,,,,,,,,33.149345,30.842020,0.035423,0.113095,,,,,,,-0.205265,-0.069235,0.958005,1.260000,-29.400000,-32.270000
36359,,,,,,,,,,,,,,,,,,,,1.033492,-0.066850,1.433559,,,,,,
36362,,,,,,,,,,,,,,,,,,,,,,,-0.205265,-0.069235,0.958005,-1.470000,-40.110001,-20.020000
36366,,,,,,,,,,,,,32.019863,30.078480,0.049952,0.122917,,,,,,,,,,,,
36367,,,,,,,,,,,,,,,,,,,,,,,-0.138287,-0.055693,1.039684,-1.470000,-42.490002,-17.990000
36369,,,,,,,,,,,,,,,,,,,,1.033644,-0.062683,1.435381,,,,,,
36375,,,,,,,,,,,,,,,,,,,,,,,-0.138287,-0.055693,1.039684,13.790000,-31.709999,4.900000
36376,,,,,,,,,,,,,30.790648,29.707045,0.065764,0.127695,,,,,,,,,,,,
36389,,,,,,,,,,,,,29.670214,29.176579,0.080177,0.134519,,,,1.034423,-0.054184,1.441207,,,,,,
36379,,,,,,,,,,,,,,,,,,,,1.034098,-0.058489,1.438163,,,,,,
36392,,,,0.997520,-0.070379,1.500359,0.420396,0.420396,,,,,,,,,,,,,,,,,,,,
36393,,,,,,,,,,,22.984840,26.554861,,,,,-0.016693,0.034716,0.059813,,,,,,,,,
36397,,,,,,,,,,,,,27.882751,28.926525,0.028934,0.075711,,,,,,,-0.251259,-0.000244,0.950075,2.660000,5.530000,69.160004
36399,,,,,,,,,,,,,,,,,,,,1.034694,-0.049938,1.455435,,,,,,
36402,,,,,,,,,,,,,,,,,,,,,,,-0.251259,-0.000244,0.950075,-3.780000,9.170000,82.459999
36407,,,,,,,,,,,,,26.788708,28.776327,0.043008,0.077643,,,,,,,-0.192028,0.015555,1.040172,-9.240000,21.000000,87.639999
36409,,,,,,,,,,,,,,,,,,,,1.034893,-0.045752,1.463062,,,,,,
36415,,,,,,,,,,,,,,,,,,,,,,,-0.192028,0.015555,1.040172,-6.090000,33.040001,90.650002
36416,,,,,,,,,,,,,25.427000,28.254177,0.060524,0.084360,,,,,,,,,,,,
36419,,,,,,,,,,,,,,,,,,,,1.035171,-0.041299,1.478441,,,,,,
36425,,,,,,,,,,,,,,,,,,,,,,,-0.340929,0.063501,1.013271,-14.070000,50.400002,91.769997
36426,,,,,,,,,,,,,24.135080,28.158350,0.077143,0.085593,,,,,,,,,,,,
36429,,,,,,,,,,,,,,,,,,,,1.035354,-0.036959,1.497521,,,,,,
36435,,,,,,,,,,,,,,,,,,,,,,,-0.340929,0.063501,1.013271,-14.210000,-26.110001,86.309998
36436,,,,,,,,,,,,,23.048334,27.529945,0.091123,0.093676,,,,,,,,,,,,
36450,,,,0.998554,-0.053758,1.517012,0.361324,0.361324,,,19.878242,22.220837,,,,,-0.019423,0.035536,0.020582,,,,,,,,,
36452,,,,,,,,,,,,,22.256809,27.101616,0.048916,0.026099,,,,,,,,,,,,
36449,,,,,,,,,,,,,,,,,,,,1.035148,-0.029837,1.548393,,,,,,
36456,,,,,,,,,,,,,,,,,,,,,,,-0.312015,0.052094,0.863089,-11.130000,-34.439999,66.080002
36457,,,,,,,,,,,,,21.938257,26.014677,0.053014,0.040081,,,,,,,,,,,,
36461,,,,,,,,,,,,,,,,,,,,,,,-0.203984,0.049044,1.094645,5.950000,-32.549999,65.800003
36459,,,,,,,,,,,,,,,,,,,,1.035069,-0.026791,1.559724,,,,,,
36466,,,,,,,,,,,,,,,,,,,,,,,-0.203984,0.049044,1.094645,3.010000,-26.950001,57.330002
36467,,,,,,,,,,,,,20.638327,25.157967,0.069735,0.051101,,,,,,,,,,,,
36469,,,,,,,,,,,,,,,,,,,,1.035052,-0.023830,1.567530,,,,,,
36475,,,,,,,,,,,,,,,,,,,,,,,-0.203984,0.049044,1.094645,-6.020000,5.390000,26.040001
36476,,,,,,,,,,,,,20.246265,24.049091,0.074779,0.065365,,,,,,,,,,,,
36479,,,,,,,,,,,,,,,,,,,,1.034941,-0.020554,1.574326,,,,,,
36486,,,,,,,,,,,,,19.224104,22.971025,0.087928,0.079233,,,,,,,-0.294081,0.029951,1.002657,-14.840000,33.599998,19.809999
36493,,,,0.999206,-0.039833,1.530953,0.305363,0.305363,,,17.105095,18.135599,,,,,-0.019339,0.035855,-0.039921,,,,,,,,,
36489,,,,,,,,,,,,,,,,,,,,1.034657,-0.017506,1.573733,,,,,,
36496,,,,,,,,,,,,,18.919556,21.523335,0.045080,0.028964,,,,,,,,,,,,
36498,,,,,,,,,,,,,,,,,,,,,,,-0.294081,-0.033550,1.043405,5.180000,13.930000,3.080000
36510,,,,,,,,,,,,,17.960386,20.151207,0.057418,0.046614,,,,,,,,,,,,
36499,,,,,,,,,,,,,,,,,,,,1.034694,-0.014373,1.577100,,,,,,
36509,,,,,,,,,,,,,,,,,,,,1.034663,-0.011925,1.577646,,,,,,
36515,,,,,,,,,,,,,,,,,,,,,,,-0.235887,-0.033550,1.043405,-0.140000,-14.770000,-10.640000
36516,,,,,,,,,,,,,17.611300,19.454657,0.061909,0.055574,,,,,,,,,,,,
36520,,,,,,,,,,,,,,,,,,,,,,,-0.235887,-0.017202,0.909327,-0.420000,8.820000,-11.060000
36519,,,,,,,,,,,,,,,,,,,,1.034478,-0.009782,1.577519,,,,,,
36525,,,,,,,,,,,,,,,,,,,,,,,-0.235887,-0.017202,0.909327,-3.570000,4.550000,-16.450001
36526,,,,,,,,,,,,,17.014105,18.565105,0.069591,0.067017,,,,,,,,,,,,
36529,,,,,,,,,,,,,,,,,,,,1.034474,-0.007542,1.569087,,,,,,
36535,,,,,,,,,,,,,,,,,,,,,,,-0.235887,-0.017202,1.001071,2.870000,-17.709999,-19.740000
36536,,,,,,,,,,,,,16.506765,17.264002,0.076117,0.083754,,,,,,,,,,,,
36542,,,,0.999596,-0.028429,1.542363,0.252871,0.252871,,,,,,,,,,,,,,,,,,,,
36543,,,,,,,,,,,13.822303,14.834969,,,,,-0.020991,0.034904,-0.027497,,,,,,,,,
36539,,,,,,,,,,,,,,,,,,,,1.034404,-0.005559,1.565552,,,,,,
36546,,,,,,,,,,,,,16.068489,16.705627,0.026395,0.035276,,,,,,,,,,,,
36548,,,,,,,,,,,,,,,,,,,,,,,-0.254675,-0.019764,1.001071,0.630000,-23.379999,-19.530001
36549,,,,,,,,,,,,,,,,,,,,1.034431,-0.004051,1.560751,,,,,,
36555,,,,,,,,,,,,,,,,,,,,,,,-0.177205,-0.034648,1.048895,2.030000,-23.170000,-17.709999
36556,,,,,,,,,,,,,15.718644,15.705078,0.030895,0.048147,,,,,,,,,,,,
36569,,,,,,,,,,,,,14.935511,14.924097,0.040969,0.058193,,,,1.034459,-0.000756,1.555832,,,,,,
36559,,,,,,,,,,,,,,,,,,,,1.034431,-0.002255,1.556700,,,,,,
36575,,,,,,,,,,,,,,,,,,,,,,,-0.216855,-0.003233,0.979111,-5.950000,-1.050000,5.810000
36576,,,,,,,,,,,,,14.095493,14.085890,0.051775,0.068976,,,,,,,,,,,,
36580,,,,,,,,,,,,,,,,,,,,,,,-0.216855,-0.003233,0.979111,-6.020000,13.790000,5.180000
36579,,,,,,,,,,,,,,,,,,,,1.034268,0.001242,1.563527,,,,,,
36585,,,,,,,,,,,,,,,,,,,,,,,-0.216855,-0.003233,0.979111,4.550000,24.290001,5.250000
36586,,,,,,,,,,,,,12.958702,13.499999,0.066398,0.076512,,,,,,,,,,,,
36592,,,,0.999813,-0.019351,1.551445,0.204215,0.204215,,,,,,,,,,,,,,,,,,,,
36593,,,,,,,,,,,10.872810,11.841215,,,,,-0.020986,0.034344,-0.013059,,,,,,,,,
36589,,,,,,,,,,,,,,,,,,,,1.034300,0.002753,1.559825,,,,,,
36596,,,,,,,,,,,,,12.546280,13.001727,0.021964,0.032436,,,,,,,,,,,,
36598,,,,,,,,,,,,,,,,,,,,,,,-0.191906,-0.024705,1.009062,-1.120000,18.760000,13.790000
36609,,,,,,,,,,,,,11.416153,12.229223,0.036502,0.042374,,,,1.034265,0.005937,1.563952,,,,,,
36599,,,,,,,,,,,,,,,,,,,,1.034301,0.004444,1.556553,,,,,,
36615,,,,,,,,,,,,,,,,,,,,,,,-0.171776,-0.000122,1.004609,-0.630000,-17.780001,17.500000
36616,,,,,,,,,,,,,11.119431,11.803549,0.040319,0.047849,,,,,,,,,,,,
36620,,,,,,,,,,,,,,,,,,,,,,,-0.171776,-0.000122,1.004609,-1.330000,-10.360000,26.600000
36619,,,,,,,,,,,,,,,,,,,,1.034163,0.007229,1.567862,,,,,,
36625,,,,,,,,,,,,,,,,,,,,,,,-0.171776,-0.000122,1.004609,-10.990000,1.540000,26.389999
36626,,,,,,,,,,,,,10.455531,11.031147,0.048859,0.057785,,,,,,,,,,,,
36629,,,,,,,,,,,,,,,,,,,,1.034117,0.008711,1.577971,,,,,,
36635,,,,,,,,,,,,,,,,,,,,,,,-0.259372,-0.026047,1.024922,7.490000,19.250000,24.780001
36636,,,,,,,,,,,,,9.892502,10.376825,0.056102,0.066202,,,,,,,,,,,,
36642,,,,0.999923,-0.012379,1.558417,0.159769,0.159769,,,,,,,,,,,,,,,,,,,,
36643,,,,,,,,,,,8.283910,8.994191,,,,,-0.020952,0.034346,-0.018822,,,,,,,,,
36639,,,,,,,,,,,,,,,,,,,,1.034212,0.010109,1.581665,,,,,,
36646,,,,,,,,,,,,,8.868911,10.367144,0.025610,0.018316,,,,,,,,,,,,
36648,,,,,,,,,,,,,,,,,,,,,,,-0.259372,-0.026047,1.024922,0.210000,-16.030001,26.389999
36649,,,,,,,,,,,,,,,,,,,,1.034083,0.011030,1.589547,,,,,,
36655,,,,,,,,,,,,,,,,,,,,,,,-0.171105,0.012566,0.987895,-3.080000,-21.840000,27.160000
36656,,,,,,,,,,,,,8.562277,9.272902,0.029555,0.032392,,,,,,,,,,,,
36668,,,,,,,,,,,,,,,0.041243,0.039749,,,,,,,,,,,,
36669,,,,,,,,,,,,,7.653666,8.700953,,,,,,1.033919,0.012455,1.593526,,,,,,
36659,,,,,,,,,,,,,,,,,,,,1.033994,0.011698,1.593616,,,,,,
36674,,,,,,,,,,,,,,,,,,,,,,,-0.160186,-0.044530,1.020347,-1.260000,-12.880000,15.330000
36676,,,,,,,,,,,,,7.140801,8.021989,0.047840,0.048483,,,,,,,,,,,,
36679,,,,,,,,,,,,,,,,,,,,1.033921,0.013170,1.593531,-0.160186,-0.044530,1.020347,3.360000,-3.920000,10.850000
36685,,,,,,,,,,,,,,,,,,,,,,,-0.160186,-0.044530,1.020347,-0.140000,16.240000,14.280000
36686,,,,,,,,,,,,,6.555110,7.843380,0.055374,0.050780,,,,,,,,,,,,
36692,,,,0.999974,-0.007277,1.563520,0.119919,0.119919,,,,,,,,,,,,,,,,,,,,
36693,,,,,,,,,,,6.028556,6.494643,,,,,-0.019807,0.034411,-0.029704,,,,,,,,,
36689,,,,,,,,,,,,,,,,,,,,1.033918,0.013981,1.593335,,,,,,
36696,,,,,,,,,,,,,6.065901,7.700285,0.023634,0.010470,,,,,,,,,,,,
36698,,,,,,,,,,,,,,,,,,,,,,,-0.216428,0.030744,0.974902,-2.800000,17.219999,16.030001
36699,,,,,,,,,,,,,,,,,,,,1.033784,0.015098,1.600961,,,,,,
36705,,,,,,,,,,,,,,,,,,,,,,,-0.216428,0.030744,1.045723,-1.330000,3.780000,16.379999
36706,,,,,,,,,,,,,5.651293,6.479019,0.028967,0.026180,,,,,,,,,,,,
36709,,,,,,,,,,,,,,,,,,,,1.033801,0.015700,1.604709,,,,,,
36715,,,,,,,,,,,,,,,,,,,,,,,-0.142618,-0.047580,1.045723,0.140000,-11.130000,15.400000
36716,,,,,,,,,,,,,4.754997,6.000491,0.040497,0.032335,,,,,,,,,,,,
36728,,,,,,,,,,,,,4.000854,5.500903,0.050198,0.038762,,,,,,,,,,,,
36719,,,,,,,,,,,,,,,,,,,,1.033874,0.016049,1.604950,,,,,,
36729,,,,,,,,,,,,,,,,,,,,1.033842,0.016357,1.600974,,,,,,
36734,,,,,,,,,,,,,,,,,,,,,,,-0.173362,-0.015616,0.988993,9.520000,7.280000,-13.020000
36736,,,,,,,,,,,,,4.061687,4.628459,0.049415,0.049985,,,,,,,,,,,,
36739,,,,,,,,,,,,,,,,,,,,1.033844,0.016806,1.605038,-0.173362,-0.015616,0.988993,2.590000,6.510000,-6.930000
36742,,,,0.999993,-0.003784,1.567013,0.085059,0.085059,,,,,,,,,,,,,,,,,,,,
36743,,,,,,,,,,,4.000026,4.296621,,,,,-0.019441,0.034526,-0.037500,,,,,,,,,
36746,,,,,,,,,,,,,3.417502,4.444428,0.023493,0.015285,,,,,,,,,,,,
36747,,,,,,,,,,,,,,,,,,,,,,,-0.181231,0.041480,1.005951,-2.310000,-3.150000,4.480000
36749,,,,,,,,,,,,,,,,,,,,1.033584,0.016831,1.605287,,,,,,
36755,,,,,,,,,,,,,,,,,,,,,,,-0.181231,0.041480,1.005951,0.420000,-3.710000,18.129999
36756,,,,,,,,,,,,,2.875486,3.739542,0.030466,0.024353,,,,,,,,,,,,
36768,,,,,,,,,,,,,2.419434,3.146450,0.036332,0.031982,,,,,,,,,,,,
36759,,,,,,,,,,,,,,,,,,,,1.033574,0.016868,1.605359,,,,,,
36769,,,,,,,,,,,,,,,,,,,,1.033561,0.017049,1.612974,,,,,,
36774,,,,,,,,,,,,,,,,,,,,,,,-0.188673,-0.067527,1.002047,-5.740000,-2.450000,13.510000
36776,,,,,,,,,,,,,2.035711,2.647422,0.041268,0.038401,,,,,,,,,,,,
36779,,,,,,,,,,,,,,,,,,,,1.033590,0.017185,1.616731,-0.188673,-0.067527,1.002047,-3.500000,1.330000,5.670000
36785,,,,,,,,,,,,,,,,,,,,,,,-0.170373,-0.008784,1.014064,1.540000,-2.730000,-1.120000
36786,,,,,,,,,,,,,1.712847,2.227541,0.045422,0.043802,,,,,,,,,,,,
36792,,,,0.999999,-0.001621,1.569175,0.055590,0.055590,,,,,,,,,,,,,,,,,,,,
36793,,,,,,,,,,,2.374164,2.540946,,,,,-0.017367,0.034430,-0.046954,,,,,,,,,
36789,,,,,,,,,,,,,,,,,,,,1.033544,0.017030,1.616807,,,,,,
36796,,,,,,,,,,,,,1.441189,1.874252,0.021498,0.018740,,,,,,,,,,,,
36798,,,,,,,,,,,,,,,,,,,,,,,-0.170373,-0.008784,1.014064,0.700000,-12.530000,-9.660000
36799,,,,,,,,,,,,,,,,,,,,1.033538,0.016864,1.612974,,,,,,
36805,,,,,,,,,,,,,,,,,,,,,,,-0.104615,0.012566,1.009306,-0.350000,-15.050000,-8.120000
36806,,,,,,,,,,,,,1.212616,1.576996,0.024438,0.022564,,,,,,,,,,,,
36809,,,,,,,,,,,,,,,,,,,,1.033562,0.016388,1.605296,,,,,,
36815,,,,,,,,,,,,,,,,,,,,,,,-0.104615,0.012566,1.009306,1.610000,-19.740000,-0.700000
36816,,,,,,,,,,,,,1.020295,1.326884,0.026912,0.025781,,,,,,,,,,,,
36829,,,,,,,,,,,,,0.858476,1.116440,0.028994,0.028488,,,,1.033633,0.015880,1.609287,,,,,,
36819,,,,,,,,,,,,,,,,,,,,1.033627,0.016162,1.605370,,,,,,
36834,,,,,,,,,,,,,,,,,,,,,,,-0.100589,-0.038125,1.018395,-0.700000,-31.290001,1.260000
36836,,,,,,,,,,,,,0.722322,0.939373,0.030745,0.030766,,,,,,,,,,,,
36839,,,,,,,,,,,,,,,,,,,,,,,-0.093086,-0.002257,1.020835,-0.350000,-33.389999,0.910000
36842,,,,1.000000,-0.000488,1.570309,0.031924,0.031924,,,,,,,,,,,,,,,,,,,,
36843,,,,,,,,,,,1.074761,1.182337,,,,,-0.015211,0.034252,-0.039731,,,,,,,,,
36838,,,,,,,,,,,,,,,,,,,,1.033602,0.015593,1.609346,,,,,,
36846,,,,,,,,,,,,,0.607762,0.790388,0.010306,0.009771,,,,,,,,,,,,
36847,,,,,,,,,,,,,,,,,,,,,,,-0.093086,-0.002257,1.020835,1.050000,-33.110001,-0.840000
36849,,,,,,,,,,,,,,,,,,,,1.033608,0.015262,1.609443,,,,,,
36855,,,,,,,,,,,,,,,,,,,,,,,-0.093086,-0.002257,1.020835,0.560000,-36.889999,-0.700000
36856,,,,,,,,,,,,,0.511370,0.665032,0.011546,0.011384,,,,,,,,,,,,
36859,,,,,,,,,,,,,,,,,,,,1.033689,0.014967,1.609481,,,,,,
36865,,,,,,,,,,,,,,,,,,,,,,,-0.096807,-0.013359,1.016077,-0.140000,-43.049999,0.560000
36866,,,,,,,,,,,,,0.430267,0.559558,0.012590,0.012741,,,,,,,,,,,,
36869,,,,,,,,,,,,,,,,,,,,1.033756,0.014586,1.613391,,,,,,
36875,,,,,,,,,,,,,,,,,,,,,,,-0.096807,-0.020313,1.017419,0.770000,-45.709999,-0.980000
36876,,,,,,,,,,,,,0.362027,0.470812,0.013467,0.013882,,,,,,,,,,,,
36888,,,,,,,,,,,,,0.304609,0.396141,0.014206,0.014843,,,,,,,,,,,,
36879,,,,,,,,,,,,,,,,,,,,1.033820,0.014186,1.609563,,,,,,
36892,,,,1.000000,-0.000062,1.570734,0.014482,0.014482,,,,,,,,,,,,,,,,,,,,
36893,,,,,,,,,,,0.151691,0.201089,,,,,-0.013104,0.034338,-0.038944,,,,,,,,,
36889,,,,,,,,,,,,,,,,,,,,1.033744,0.013253,1.605720,,,,,,
36896,,,,,,,,,,,,,,,,,,,,,,,-0.078263,-0.005246,1.018639,0.280000,-54.669998,-0.700000
36897,,,,,,,,,,,,,0.256298,0.333313,-0.000739,-0.000897,,,,,,,,,,,,
36901,,,,,,,,,,,,,,,,,,,,,,,-0.059292,-0.005246,1.018639,0.350000,-58.099998,-0.980000
36899,,,,,,,,,,,,,,,,,,,,1.033746,0.012518,1.601852,,,,,,
36906,,,,,,,,,,,,,,,,,,,,,,,-0.059292,-0.005246,1.018639,0.840000,-59.430000,-0.840000
36907,,,,,,,,,,,,,0.215649,0.280450,-0.000216,-0.000217,,,,,,,,,,,,
36909,,,,,,,,,,,,,,,,,,,,1.033880,0.011781,1.605624,,,,,,
36915,,,,,,,,,,,,,,,,,,,,,,,-0.048617,-0.018483,1.021384,0.980000,-60.689999,-0.140000
36916,,,,,,,,,,,,,0.181447,0.235970,0.000224,0.000356,,,,,,,,,,,,
36928,,,,,,,,,,,,,0.152670,0.198545,0.000594,0.000837,,,,,,,,,,,,
36918,,,,,,,,,,,,,,,,,,,,1.034042,0.011278,1.605533,,,,,,
36929,,,,,,,,,,,,,,,,,,,,1.034098,0.011003,1.605532,,,,,,
36934,,,,,,,,,,,,,,,,,,,,,,,0.037637,-0.011590,0.995459,0.630000,5.530000,2.660000
36936,,,,,,,,,,,,,0.128456,0.167056,0.000906,0.001242,,,,,,,,,,,,
36939,,,,,,,,,,,,,,,,,,,,1.034081,0.011105,1.605623,0.037637,-0.011590,0.995459,-0.630000,25.200001,3.080000
36942,,,,1.000000,-0.000000,1.570796,0.003695,0.003695,,,,,,,,,,,,,,,,,,,,
36943,,,,,,,,,,,-0.326771,-0.313436,,,,,-0.010093,0.034448,-0.035116,,,,,,,,,
36946,,,,,,,,,,,,,0.108083,0.140561,-0.006901,-0.007094,,,,,,,,,,,,
36948,,,,,,,,,,,,,,,,,,,,,,,0.037637,-0.011590,0.995459,-0.560000,20.230000,3.500000
36949,,,,,,,,,,,,,,,,,,,,1.034036,0.011149,1.609425,,,,,,
36955,,,,,,,,,,,,,,,,,,,,,,,0.021411,-0.012627,1.048651,-0.420000,7.630000,4.830000
36956,,,,,,,,,,,,,0.090941,0.118268,-0.006680,-0.006807,,,,,,,,,,,,
36958,,,,,,,,,,,,,,,,,,,,1.033980,0.011096,1.609466,,,,,,
36965,,,,,,,,,,,,,,,,,,,,,,,0.021411,-0.012627,1.048651,0.280000,-5.110000,5.670000
36966,,,,,,,,,,,,,0.076518,0.099511,-0.006495,-0.006566,,,,,,,,,,,,
36968,,,,,,,,,,,,,,,,,,,,1.033993,0.010982,1.609425,,,,,,
36975,,,,,,,,,,,,,,,,,,,,,,,0.010553,-0.011956,1.002474,-0.070000,-12.740000,4.410000
36976,,,,,,,,,,,,,0.064382,0.083728,-0.006339,-0.006363,,,,,,,,,,,,
36989,,,,,,,,,,,,,0.054171,0.070449,-0.006207,-0.006192,,,,1.034031,0.010740,1.609425,,,,,,
36978,,,,,,,,,,,,,,,,,,,,1.034002,0.010879,1.609466,,,,,,
36993,,,,1.000000,-0.000000,1.570796,0.003695,0.003695,,,-0.300111,-0.287399,,,,,-0.009605,0.034402,-0.038385,,,,,,,,,
36996,,,,,,,,,,,,,0.045580,0.059276,-0.005647,-0.005609,,,,,,,,,,,,
36997,,,,,,,,,,,,,,,,,,,,,,,-0.001952,-0.019337,1.025288,0.210000,1.260000,0.140000
36998,,,,,,,,,,,,,,,,,,,,1.034033,0.010745,1.609425,,,,,,
37003,,,,,,,,,,,,,,,,,,,,,,,-0.001952,-0.019337,1.025288,-0.140000,3.710000,0.910000
37006,,,,,,,,,,,,,0.038351,0.049875,-0.005554,-0.005488,,,,,,,,,,,,
37008,,,,,,,,,,,,,,,,,,,,1.034025,0.010786,1.609425,0.021960,-0.006771,1.015650,-0.280000,2.590000,1.260000
37015,,,,,,,,,,,,,,,,,,,,,,,0.021960,-0.006771,1.015650,0.070000,1.820000,-0.140000
37016,,,,,,,,,,,,,0.032268,0.041964,-0.005476,-0.005386,,,,,,,,,,,,
37018,,,,,,,,,,,,,,,,,,,,1.034015,0.010818,1.609425,,,,,,
37025,,,,,,,,,,,,,,,,,,,,,,,0.021960,-0.018056,1.023824,0.280000,0.560000,-0.700000
