ts,x,y,yaw,x_des,y_des,yaw_des,v_ff,w_ff,v_actual,w_actual,omega_l_cmd,omega_r_cmd,omega_l_meas,omega_r_meas,duty_l,duty_r,x_err,y_err,yaw_err,x_raw,y_raw,yaw_raw,acc_x,acc_y,acc_z,gyro_x,gyro_y,gyro_z
142488,,,,,,,,,-0.000000,0.000000,,,0.000000,0.000000,0.000000,0.000000,,,,-0.041603,-1.029193,2.037342,,,,,,
142498,,,,,,,,,-0.000000,0.000000,,,0.000000,0.000000,0.000000,0.000000,,,,-0.041588,-1.029188,2.037375,,,,,,
142508,,,,,,,,,-0.000000,0.000000,,,0.000000,0.000000,0.000000,0.000000,,,,-0.041600,-1.029190,2.037342,,,,,,
142517,,,,,,,,,-0.000000,0.000000,,,0.000000,0.000000,0.000000,0.000000,,,,-0.041585,-1.029190,2.037364,,,,,,
142528,,,,,,,,,-0.000000,0.000000,,,0.000000,0.000000,0.000000,0.000000,,,,-0.041580,-1.029189,2.037364,,,,,,
142534,-0.041580,-1.029189,2.037364,-0.001836,-0.971674,1.682211,0.286078,1.123658,,,37.689125,38.999176,,,,,0.033490,-0.061367,-0.355153,,,,,,,,,
142538,,,,,,,,,-0.000000,0.000000,,,0.000000,0.000000,0.557799,0.577188,,,,-0.041604,-1.029191,2.037342,,,,,,
142548,,,,,,,,,,,,,,,,,,,,-0.041586,-1.029190,2.037375,,,,,,
142553,,,,,,,,,0.686687,-1.957303,,,3.267259,2.722716,0.509444,0.536892,,,,,,,,,,,,
142558,,,,,,,,,0.439480,-1.304869,,,12.006308,9.369955,0.380106,0.438512,,,,-0.041552,-1.029245,2.037394,,,,,,
142568,,,,,,,,,1.153634,0.000000,,,20.992970,18.774742,0.247103,0.299322,,,,-0.041737,-1.029169,2.040675,,,,,,
142578,,,,,,,,,0.961362,0.652434,,,27.465260,25.598843,0.151313,0.198325,,,,-0.042264,-1.027866,2.040613,,,,,,
142584,-0.044059,-1.024424,2.043061,-0.004685,-0.950614,1.725241,0.381561,0.954157,,,53.829899,53.104511,,,,,0.047820,-0.068640,-0.317820,,,,,,,,,
142588,,,,,,,,,0.714155,0.000000,,,29.643784,28.617926,0.357955,0.362401,,,,-0.043009,-1.027057,2.040577,,,,,,
142598,,,,,,,,,0.576817,0.652434,,,30.932251,30.613638,0.338885,0.332865,,,,-0.043678,-1.025622,2.040653,,,,,,
142608,,,,,,,,,0.714155,0.000000,,,33.105453,32.837372,0.306722,0.299954,,,,-0.044637,-1.023855,2.037377,,,,,,
142618,,,,,,,,,0.714155,0.000000,,,34.933987,34.708424,0.279660,0.272262,,,,-0.045739,-1.021728,2.034075,,,,,,
142628,,,,,,,,,0.631752,-0.652435,,,35.927971,35.193638,0.264949,0.265081,,,,-0.047016,-1.019074,2.030778,,,,,,
142634,-0.047939,-1.017145,2.029072,-0.009029,-0.925637,1.758086,0.467199,0.762906,,,71.102203,68.744766,,,,,0.064852,-0.075379,-0.270986,,,,,,,,,
142638,,,,,,,,,0.604285,-1.304869,,,36.764309,35.057354,0.508201,0.498574,,,,-0.048396,-1.016382,2.030869,,,,,,
142648,,,,,,,,,0.741622,-0.652433,,,38.557091,36.031773,0.481668,0.484152,,,,-0.049992,-1.013257,2.027627,,,,,,
142658,,,,,,,,,1.016297,-1.957302,,,43.332794,40.118908,0.410987,0.423663,,,,-0.051691,-1.009887,2.024417,,,,,,
142668,,,,,,,,,1.208569,-1.304866,,,48.440159,44.646908,0.335398,0.356648,,,,-0.053711,-1.006035,2.021076,,,,,,
142678,,,,,,,,,1.098699,-1.304869,,,52.737492,48.456768,0.271798,0.300262,,,,-0.055957,-1.001836,2.017842,,,,,,
142684,-0.057205,-0.998930,2.013312,-0.014805,-0.897035,1.779629,0.545988,0.547042,,,82.816673,78.846527,,,,,0.073924,-0.081949,-0.233683,,,,,,,,,
142688,,,,,,,,,0.878959,0.000000,,,53.086010,49.484211,0.440014,0.434562,,,,-0.058235,-0.997565,2.014570,,,,,,
142698,,,,,,,,,1.071232,-0.652434,,,55.012882,51.437786,0.411496,0.405649,,,,-0.060569,-0.992652,2.011313,,,,,,
142707,,,,,,,,,,,,,,,,,,,,-0.063246,-0.987200,2.008007,,,,,,
142713,,,,,,,,,1.290972,-7.176776,,,57.178696,53.626068,0.379442,0.373263,,,,,,,,,,,,
142718,,,,,,,,,0.769089,5.219474,,,59.001011,54.378201,0.352472,0.362131,,,,-0.065954,-0.981610,2.001443,,,,,,
142728,,,,,,,,,0.988829,0.000000,,,59.445221,55.555588,0.345897,0.344706,,,,-0.068822,-0.975594,1.994872,,,,,,
142734,-0.069618,-0.973800,1.996421,-0.021809,-0.864917,1.789212,0.620786,0.312391,,,92.005325,86.297020,,,,,0.079429,-0.088501,-0.207209,,,,,,,,,
142738,,,,,,,,,0.988829,-1.304868,,,60.363522,56.546242,0.468299,0.440312,,,,-0.071709,-0.969325,1.984999,,,,,,
142748,,,,,,,,,1.043764,-1.304868,,,61.680721,57.379780,0.448804,0.427975,,,,-0.074813,-0.962485,1.975081,,,,,,
142758,,,,,,,,,1.126167,0.652435,,,62.789013,59.170204,0.432401,0.401477,,,,-0.078026,-0.955391,1.968447,,,,,,
142768,,,,,,,,,1.126167,-1.957302,,,64.810616,60.676666,0.402482,0.379181,,,,-0.081418,-0.947817,1.965099,,,,,,
142778,,,,,,,,,1.098699,-1.304869,,,65.967049,61.399658,0.385366,0.368481,,,,-0.084938,-0.939887,1.955075,,,,,,
142784,-0.085426,-0.938478,1.953073,-0.029719,-0.829246,1.786863,0.694035,0.071010,,,98.141342,91.247803,,,,,0.080567,-0.092433,-0.166210,,,,,,,,,
142788,,,,,,,,,1.208569,-1.304866,,,68.029160,62.552528,0.445660,0.424690,,,,-0.088525,-0.931741,1.941732,,,,,,
142798,,,,,,,,,1.153634,-1.304868,,,69.219673,64.067101,0.428041,0.402274,,,,-0.092316,-0.923040,1.928269,,,,,,
142808,,,,,,,,,1.236037,-1.957302,,,70.765915,65.341461,0.405156,0.383414,,,,-0.096077,-0.913840,1.914709,,,,,,
142818,,,,,,,,,1.153634,-1.304868,,,71.522385,65.869164,0.393961,0.375604,,,,-0.099932,-0.904348,1.901166,,,,,,
142828,,,,,,,,,1.153634,0.000000,,,72.158875,65.768623,0.384541,0.377092,,,,-0.103628,-0.894615,1.880688,,,,,,
142834,-0.103881,-0.893795,1.886766,-0.038114,-0.789875,1.773337,0.767646,-0.162389,,,101.865410,94.432999,,,,,0.078339,-0.094803,-0.113429,,,,,,,,,
142838,,,,,,,,,1.208569,-2.609737,,,73.783508,67.317657,0.415612,0.401307,,,,-0.107130,-0.884545,1.863560,,,,,,
142848,,,,,,,,,1.263504,-1.304869,,,75.150475,68.621017,0.395381,0.382017,,,,-0.110801,-0.873945,1.846233,,,,,,
142858,,,,,,,,,1.263504,-1.304869,,,75.756096,69.173126,0.386418,0.373846,,,,-0.114357,-0.862739,1.821748,,,,,,
142868,,,,,,,,,,,,,,,,,,,,-0.117631,-0.851755,1.807758,,,,,,
142873,,,,,,,,,1.648049,-2.609737,,,81.166550,69.637665,0.306343,0.366971,,,,,,,,,,,,
142878,,,,,,,,,0.604285,0.000000,,,75.917130,68.939445,0.384035,0.377305,,,,-0.120763,-0.840120,1.782981,,,,,,
142884,-0.120115,-0.842208,1.791690,-0.046502,-0.746596,1.749995,0.842989,-0.374039,,,105.761398,98.961342,,,,,0.077161,-0.092773,-0.041695,,,,,,,,,
142888,,,,,,,,,1.263504,-2.609736,,,75.856613,69.441048,0.442591,0.436900,,,,-0.123613,-0.828629,1.768762,,,,,,
142898,,,,,,,,,1.345907,-0.652434,,,77.439323,70.952179,0.419167,0.414536,,,,-0.126390,-0.816226,1.750657,,,,,,
142908,,,,,,,,,1.373374,-1.304869,,,79.315559,72.768188,0.391398,0.387659,,,,-0.128740,-0.804140,1.732688,,,,,,
142918,,,,,,,,,1.236036,-0.652434,,,78.171509,72.662552,0.408330,0.389222,,,,-0.130963,-0.791815,1.718113,,,,,,
142928,,,,,,,,,1.400841,-0.652435,,,79.931625,74.207298,0.382281,0.366360,,,,-0.133165,-0.779290,1.703478,,,,,,
142934,-0.133239,-0.778810,1.708145,-0.054341,-0.699187,1.718589,0.920912,-0.553737,,,104.514870,98.319016,,,,,0.068071,-0.089057,0.010444,,,,,,,,,
142938,,,,,,,,,1.290972,-1.957303,,,81.957123,75.507050,0.333855,0.337617,,,,-0.135506,-0.765546,1.684888,,,,,,
142948,,,,,,,,,1.345907,-1.957305,,,83.116837,76.056114,0.316691,0.329491,,,,-0.137393,-0.752214,1.669960,,,,,,
142958,,,,,,,,,1.290972,-1.957303,,,84.092621,77.607185,0.302249,0.306535,,,,-0.138967,-0.738846,1.651256,,,,,,
142968,,,,,,,,,1.373374,0.000000,,,84.369102,77.278625,0.298157,0.311398,,,,-0.140235,-0.725588,1.636214,,,,,,
142978,,,,,,,,,1.153634,0.000000,,,82.423561,77.002174,0.326951,0.315489,,,,-0.141218,-0.712272,1.621018,,,,,,
142984,-0.141179,-0.713056,1.628327,-0.061061,-0.647458,1.681023,1.001749,-0.696081,,,104.439789,99.068222,,,,,0.060883,-0.083757,0.052696,,,,,,,,,
142988,,,,,,,,,1.318439,-1.304869,,,82.420212,76.769569,0.325890,0.330020,,,,-0.142025,-0.698834,1.605659,,,,,,
142998,,,,,,,,,1.263504,-1.304869,,,82.961937,77.118401,0.317872,0.324857,,,,-0.142788,-0.685496,1.594110,,,,,,
143008,,,,,,,,,1.318439,-1.304869,,,83.417740,77.411903,0.311126,0.320514,,,,-0.143037,-0.671597,1.582368,,,,,,
143018,,,,,,,,,1.400841,-0.652435,,,83.801254,78.203400,0.305450,0.308799,,,,-0.143133,-0.657772,1.570892,,,,,,
143028,,,,,,,,,,,,,,,,,,,,-0.143376,-0.644328,1.559180,,,,,,
143035,-0.143417,-0.644222,1.562243,-0.066091,-0.591288,1.639138,1.085320,-0.800367,1.867789,1.304868,104.528282,99.804893,89.024834,85.403885,0.229451,0.213135,0.053594,-0.076871,0.076895,,,,,,,,,
143038,,,,,,,,,0.384545,0.000000,,,78.172745,75.126076,0.390062,0.365247,,,,-0.143257,-0.630826,1.547534,,,,,,
143048,,,,,,,,,1.290972,-0.652435,,,79.388115,76.280106,0.372074,0.348167,,,,-0.143050,-0.617335,1.535955,,,,,,
143058,,,,,,,,,1.400841,-0.652435,,,80.955276,77.251106,0.348880,0.333796,,,,-0.142625,-0.603970,1.524413,,,,,,
143068,,,,,,,,,1.373374,-1.304869,,,82.273880,78.068108,0.329365,0.321704,,,,-0.142153,-0.590709,1.512914,,,,,,
143078,,,,,,,,,1.098699,-2.609736,,,82.294266,76.032814,0.329063,0.351827,,,,-0.141497,-0.578018,1.497765,,,,,,
143084,-0.141342,-0.578975,1.492235,-0.068880,-0.530647,1.594562,1.170943,-0.869581,,,109.285568,105.736153,,,,,0.053866,-0.068446,0.102326,,,,,,,,,
143088,,,,,,,,,1.400841,0.652435,,,81.766876,77.587578,0.407277,0.416599,,,,-0.140684,-0.564371,1.486458,,,,,,
143099,,,,,,,,,1.400841,-1.957302,,,83.501305,78.895760,0.381607,0.397238,,,,-0.139793,-0.550368,1.471454,,,,,,
143108,,,,,,,,,1.455776,-1.957302,,,85.505196,79.996460,0.351950,0.380947,,,,-0.138618,-0.536498,1.460280,,,,,,
143118,,,,,,,,,1.428309,0.000000,,,86.102188,80.922592,0.343114,0.367241,,,,-0.137094,-0.522697,1.445481,,,,,,
143128,,,,,,,,,1.538179,-1.304869,,,86.059952,81.701836,0.343739,0.355708,,,,-0.135339,-0.508932,1.434452,,,,,,
143136,-0.135131,-0.508396,1.433835,-0.068920,-0.465625,1.548635,1.257475,-0.908977,,,112.499771,109.904671,,,,,0.051410,-0.059751,0.114799,,,,,,,,,
143139,,,,,,,,,0.961362,-0.652434,,,84.390785,79.634781,0.416013,0.447994,,,,-0.133594,-0.494747,1.427105,,,,,,
143148,,,,,,,,,1.455776,-0.652433,,,85.709061,81.162819,0.396503,0.425379,,,,-0.131521,-0.480439,1.419789,,,,,,
143158,,,,,,,,,1.620581,-0.652433,,,87.907349,83.537598,0.363968,0.390233,,,,-0.129239,-0.466340,1.412505,,,,,,
143168,,,,,,,,,1.455776,0.652433,,,88.667900,84.991188,0.352712,0.368720,,,,-0.127029,-0.452442,1.408889,,,,,,
143178,,,,,,,,,1.483244,0.000000,,,90.941452,86.758781,0.319063,0.342559,,,,-0.124687,-0.438251,1.401679,,,,,,
143184,-0.124698,-0.437974,1.404374,-0.065768,-0.396432,1.502387,1.343390,-0.924698,,,117.688591,114.808258,,,,,0.050731,-0.051235,0.098013,,,,,,,,,
143188,,,,,,,,,,,,,,,,,,,,-0.122224,-0.423656,1.398062,,,,,,
143193,,,,,,,,,1.620581,4.567038,,,93.943512,90.968750,0.351427,0.352825,,,,,,,,,,,,
143198,,,,,,,,,1.016297,-4.567039,,,85.578575,84.164696,0.475228,0.453525,,,,-0.119602,-0.408776,1.390796,,,,,,
143208,,,,,,,,,1.483244,0.000000,,,87.253014,84.974289,0.450447,0.441543,,,,-0.117040,-0.393671,1.387162,,,,,,
143218,,,,,,,,,1.538179,-2.609734,,,89.206429,86.744568,0.421536,0.415343,,,,-0.114283,-0.378901,1.383561,,,,,,
143228,,,,,,,,,1.648049,0.000000,,,91.939117,89.323166,0.381092,0.377179,,,,-0.111188,-0.364395,1.379981,,,,,,
143236,-0.111163,-0.363753,1.382023,-0.059060,-0.323400,1.456573,1.426896,-0.922710,,,122.545403,119.002289,,,,,0.049413,-0.043605,0.074550,-0.108368,-0.349986,1.372919,,,,,,
143239,,,,,,,,,0.906427,-0.652435,,,86.070251,83.324646,0.539832,0.528029,,,,,,,,,,,,
143248,,,,,,,,,1.620581,-0.652433,,,88.755791,85.356552,0.500086,0.497957,,,,-0.105417,-0.334888,1.365744,,,,,,
143258,,,,,,,,,1.648049,0.000000,,,91.559952,88.699829,0.458585,0.448476,,,,-0.102284,-0.320029,1.355018,,,,,,
143268,,,,,,,,,1.730451,-3.262171,,,94.463913,90.968323,0.415606,0.414903,,,,-0.099101,-0.304769,1.344636,,,,,,
143278,,,,,,,,,1.812854,0.000000,,,96.907303,92.877029,0.379444,0.386654,,,,-0.095761,-0.288960,1.337528,,,,,,
143284,-0.095600,-0.287770,1.341257,-0.048529,-0.246972,1.411713,1.506065,-0.908155,,,127.975044,124.817932,,,,,0.050438,-0.036553,0.070456,,,,,,,,,
143288,,,,,,,,,,,,,,,,,,,,-0.092085,-0.272443,1.323271,,,,,,
143293,,,,,,,,,1.730451,-5.871908,,,98.418633,94.483017,0.437435,0.448957,,,,,,,,,,,,
143298,,,,,,,,,0.988829,5.219473,,,94.789375,90.933403,0.491148,0.501491,,,,-0.088452,-0.256134,1.312697,,,,,,
143308,,,,,,,,,1.675516,-0.652435,,,96.636604,92.847649,0.463809,0.473160,,,,-0.084156,-0.239539,1.302280,,,,,,
143318,,,,,,,,,1.730451,-1.957303,,,99.279953,95.002838,0.424687,0.441263,,,,-0.079785,-0.223289,1.291981,,,,,,
143328,,,,,,,,,1.785386,-0.652434,,,101.504066,97.360756,0.391770,0.406366,,,,-0.075284,-0.207149,1.281568,,,,,,
143334,-0.075150,-0.206652,1.283840,-0.034010,-0.167691,1.368159,1.578967,-0.885073,,,130.690796,129.143066,,,,,0.049012,-0.028431,0.084319,,,,,,,,,
143338,,,,,,,,,1.812854,0.000000,,,101.741806,98.255623,0.428445,0.457134,,,,-0.071127,-0.191709,1.271095,,,,,,
143348,,,,,,,,,,,,,,,,,,,,-0.066488,-0.176074,1.264269,,,,,,
143353,,,,,,,,,1.840321,4.567040,,,103.575470,104.453995,0.401307,0.365398,,,,,,,,,,,,
143358,,,,,,,,,1.208569,-5.219474,,,100.761963,97.144814,0.442947,0.473574,,,,-0.061289,-0.159665,1.253999,,,,,,
143368,,,,,,,,,1.702984,-1.304869,,,102.206482,98.618469,0.421568,0.451764,,,,-0.056222,-0.143744,1.247176,,,,,,
143378,,,,,,,,,1.730451,0.652434,,,105.055534,102.036575,0.379402,0.401176,,,,-0.051116,-0.127946,1.240450,,,,,,
143384,-0.051149,-0.127566,1.246820,-0.015447,-0.086170,1.326139,1.643806,-0.856364,,,135.533142,134.517670,,,,,0.050608,-0.020667,0.079319,,,,,,,,,
143388,,,,,,,,,1.757919,-1.304868,,,104.185463,101.100769,0.463946,0.494570,,,,-0.045677,-0.111560,1.233839,,,,,,
143398,,,,,,,,,1.345907,0.652434,,,101.275215,98.679756,0.507017,0.530401,,,,-0.040047,-0.095063,1.226858,,,,,,
143408,,,,,,,,,1.895256,0.652433,,,103.727425,101.543602,0.470725,0.488016,,,,-0.033959,-0.078163,1.223406,,,,,,
143418,,,,,,,,,1.867789,-1.304868,,,105.790710,103.408699,0.440188,0.460413,,,,-0.028160,-0.062046,1.220070,,,,,,
143428,,,,,,,,,1.785386,1.957303,,,106.437675,104.977989,0.430613,0.437187,,,,-0.022130,-0.045363,1.216724,,,,,,
143434,-0.022457,-0.045072,1.227435,0.007108,-0.003076,1.285812,1.699018,-0.823915,,,138.684906,137.120758,,,,,0.049498,-0.013701,0.058377,,,,,,,,,
143438,,,,,,,,,1.867789,-2.609737,,,108.615654,106.298393,0.445025,0.456171,,,,-0.015839,-0.028709,1.209980,,,,,,
143448,,,,,,,,,1.757919,-1.304868,,,108.270035,106.864838,0.450140,0.447788,,,,-0.009688,-0.011794,1.206659,,,,,,
143458,,,,,,,,,1.455776,0.652433,,,105.801056,103.529640,0.486681,0.497149,,,,-0.002925,0.005872,1.199806,,,,,,
143468,,,,,,,,,1.757919,-1.304868,,,107.535461,105.079750,0.461012,0.474207,,,,0.003907,0.023007,1.196469,,,,,,
143479,,,,,,,,,1.867789,-1.304868,,,110.083878,106.384010,0.423295,0.454904,,,,0.010937,0.039894,1.193136,,,,,,
143484,0.010995,0.040061,1.190539,0.033496,0.080902,1.247301,1.743348,-0.788767,,,139.000854,138.204330,,,,,0.046276,-0.005735,0.056762,,,,,,,,,
143488,,,,,,,,,1.977659,1.304869,,,111.139030,109.115051,0.412355,0.430521,,,,0.017627,0.056837,1.186441,,,,,,
143498,,,,,,,,,1.345907,0.652434,,,107.125946,104.878426,0.471749,0.493223,,,,0.023991,0.073314,1.183193,,,,,,
143508,,,,,,,,,1.922724,-1.304868,,,108.105682,106.214622,0.457249,0.473448,,,,0.030922,0.090903,1.179799,,,,,,
143518,,,,,,,,,1.785386,0.652434,,,110.019119,108.427979,0.428930,0.440690,,,,0.038352,0.108661,1.176378,,,,,,
143528,,,,,,,,,1.812854,-1.304869,,,111.084541,109.201210,0.413161,0.429246,,,,0.046069,0.126497,1.169790,,,,,,
143534,0.046152,0.126222,1.166069,0.063460,0.165076,1.210724,1.775899,-0.751291,,,138.766586,137.810196,,,,,0.042530,-0.000610,0.044655,,,,,,,,,
143538,,,,,,,,,1.977659,0.000000,,,112.525528,110.940895,0.388368,0.397666,,,,0.053392,0.143320,1.166496,,,,,,
143548,,,,,,,,,1.812854,-1.304869,,,113.193436,111.315582,0.378483,0.392120,,,,0.060719,0.160374,1.163155,,,,,,
143558,,,,,,,,,1.400841,0.652435,,,108.854523,107.274498,0.442699,0.451928,,,,0.068167,0.177500,1.159849,,,,,,
143568,,,,,,,,,1.840321,-0.652435,,,110.104652,108.230675,0.424197,0.437777,,,,0.075919,0.194958,1.156508,,,,,,
143578,,,,,,,,,1.785386,-0.652434,,,112.790138,109.035202,0.384451,0.425870,,,,0.083780,0.212646,1.153214,,,,,,
143584,0.083673,0.212235,1.151560,0.096654,0.248785,1.176217,1.796155,-0.711340,,,138.042770,136.242172,,,,,0.038668,0.003021,0.024657,,,,,,,,,
143588,,,,,,,,,1.867789,-1.304868,,,111.782448,109.712128,0.388653,0.392645,,,,0.091543,0.229983,1.146753,,,,,,
143598,,,,,,,,,1.840321,0.652435,,,112.023659,110.826241,0.385083,0.376156,,,,0.099619,0.247272,1.143475,,,,,,
143608,,,,,,,,,,,,,,,,,,,,0.107162,0.263785,1.140085,,,,,,
143613,,,,,,,,,2.032593,-5.219471,,,116.582962,111.219109,0.317605,0.370341,,,,,,,,,,,,
143619,,,,,,,,,1.098699,5.219474,,,107.350121,106.648781,0.454251,0.437982,,,,0.115089,0.280729,1.136878,,,,,,
143628,,,,,,,,,1.812854,0.000000,,,108.294304,109.337830,0.440277,0.398184,,,,0.122912,0.297718,1.133578,,,,,,
143634,0.122726,0.297488,1.135082,0.132657,0.331417,1.143949,1.803975,-0.668383,,,136.503265,134.027420,,,,,0.034951,0.005317,0.008867,,,,,,,,,
143638,,,,,,,,,2.032593,-1.304868,,,110.722366,108.877678,0.381557,0.372216,,,,0.130814,0.314326,1.130297,,,,,,
143648,,,,,,,,,1.702984,0.000000,,,112.220795,109.579590,0.359381,0.361828,,,,0.138556,0.330862,1.123734,,,,,,
143658,,,,,,,,,1.373374,-1.304869,,,106.402512,104.724747,0.445491,0.433680,,,,0.146108,0.347022,1.120305,,,,,,
143668,,,,,,,,,1.757919,0.000000,,,108.041527,105.540771,0.421234,0.421602,,,,0.153949,0.363559,1.110572,,,,,,
143678,,,,,,,,,1.922724,0.000000,,,109.965141,106.771919,0.392764,0.403381,,,,0.161972,0.379928,1.097622,,,,,,
143684,0.162105,0.380313,1.100763,0.170987,0.412426,1.114138,1.799565,-0.621597,,,134.411377,132.595673,,,,,0.032653,0.006625,0.013375,,,,,,,,,
143688,,,,,,,,,1.840321,-3.262171,,,111.039124,107.807808,0.345909,0.366860,,,,0.170288,0.396185,1.087920,,,,,,
143698,,,,,,,,,1.675516,0.652435,,,110.853683,107.590317,0.348654,0.370079,,,,0.178595,0.412732,1.075061,,,,,,
143708,,,,,,,,,1.702984,0.000000,,,110.153114,107.407318,0.359022,0.372788,,,,0.187172,0.429236,1.068601,,,,,,
143718,,,,,,,,,1.345907,-1.957305,,,106.840942,102.896996,0.408042,0.439540,,,,0.195899,0.445388,1.065319,,,,,,
143729,,,,,,,,,1.702984,-1.304869,,,107.321335,103.458359,0.400933,0.431232,,,,0.204717,0.461618,1.055656,,,,,,
143734,0.204573,0.461062,1.053975,0.211115,0.491344,1.087055,1.783426,-0.569947,,,130.448700,130.451767,,,,,0.029559,0.009275,0.033080,,,,,,,,,
143738,,,,,,,,,1.867789,-1.304868,,,108.814629,105.019775,0.320184,0.376393,,,,0.213566,0.477383,1.055660,,,,,,
143748,,,,,,,,,1.812854,1.304869,,,108.981995,105.789009,0.317707,0.365009,,,,0.222261,0.492674,1.043104,,,,,,
143758,,,,,,,,,1.593114,1.304868,,,107.489189,105.891701,0.339801,0.363489,,,,0.231129,0.508209,1.046105,,,,,,
143768,,,,,,,,,,,,,,,,,,,,0.239890,0.523596,1.042816,,,,,,
143773,,,,,,,,,1.867789,6.524342,,,106.233139,110.878990,0.358390,0.289677,,,,,,,,,,,,
143778,,,,,,,,,1.071232,-4.567039,,,101.909042,102.006256,0.422387,0.420994,,,,0.248758,0.538859,1.039751,,,,,,
143784,0.247640,0.536004,1.021814,0.252483,0.567796,1.063034,1.756323,-0.512259,,,128.251450,129.310226,,,,,0.029647,0.012458,0.041221,,,,,,,,,
143788,,,,,,,,,1.785386,-1.957303,,,103.716179,102.708893,0.363122,0.393700,,,,0.257575,0.554262,1.042796,,,,,,
143798,,,,,,,,,1.702984,1.304869,,,104.147621,103.844635,0.356737,0.376891,,,,0.266774,0.569667,1.042865,,,,,,
143808,,,,,,,,,1.730451,-0.652434,,,104.510635,104.255699,0.351364,0.370807,,,,0.275877,0.584427,1.042867,,,,,,
143818,,,,,,,,,1.428309,2.609736,,,101.004272,102.423401,0.403258,0.397925,,,,0.284842,0.599399,1.039819,,,,,,
143828,,,,,,,,,1.675516,-1.957302,,,101.865822,102.515327,0.390507,0.396565,,,,0.293660,0.614229,1.036804,,,,,,
143834,0.293703,0.613511,1.027361,0.294514,0.641495,1.042472,1.719211,-0.447265,,,123.293663,122.992302,,,,,0.024372,0.013776,0.015111,,,,,,,,,
143838,,,,,,,,,1.757919,1.304868,,,102.046181,102.592682,0.314463,0.301914,,,,0.302597,0.628792,1.033548,,,,,,
143848,,,,,,,,,1.565646,-0.652435,,,103.287025,103.202309,0.296098,0.292892,,,,0.311503,0.643069,1.036723,,,,,,
143858,,,,,,,,,1.620581,0.652433,,,102.697441,102.626160,0.304824,0.301419,,,,0.320461,0.657350,1.036737,,,,,,
143868,,,,,,,,,1.593114,-1.304868,,,102.745911,102.141388,0.304107,0.308594,,,,0.329177,0.671825,1.033565,,,,,,
143878,,,,,,,,,1.373374,0.000000,,,98.974892,98.466240,0.359918,0.362986,,,,0.338074,0.686636,1.027108,,,,,,
143884,0.337330,0.685432,1.027129,0.336635,0.712252,1.025832,1.673183,-0.373666,,,119.618813,118.646797,,,,,0.022594,0.014468,-0.001297,,,,,,,,,
143888,,,,,,,,,1.538179,-1.304869,,,99.613754,98.096687,0.296075,0.304142,,,,0.346593,0.700940,1.023954,,,,,,
143897,,,,,,,,,1.510711,0.652434,,,99.062210,97.785751,0.304238,0.308743,,,,0.355643,0.715592,1.021047,,,,,,
143908,,,,,,,,,1.510711,-0.652434,,,98.598137,96.979584,0.311106,0.320675,,,,0.364543,0.730050,1.011916,,,,,,
143918,,,,,,,,,1.538179,-1.304869,,,98.752213,96.301277,0.308826,0.330714,,,,0.373199,0.744234,1.005772,,,,,,
143928,,,,,,,,,1.483244,0.000000,,,99.426392,96.275093,0.298848,0.331101,,,,0.381457,0.757224,0.999132,,,,,,
143936,0.380985,0.756518,1.001479,0.378278,0.779959,1.013640,1.619428,-0.290173,,,112.836189,113.141129,95.092758,86.995827,0.262603,0.386950,0.018284,0.014916,0.012161,0.389625,0.769837,0.995946,,,,,,
143939,,,,,,,,,1.016297,-8.481645,,,,,,,,,,,,,,,,,,
143948,,,,,,,,,1.510711,0.652434,,,94.713699,88.445488,0.268213,0.365495,,,,0.398062,0.782877,0.989430,,,,,,
143958,,,,,,,,,1.510712,1.957302,,,93.850220,90.209778,0.280992,0.339384,,,,0.406555,0.795829,0.989624,,,,,,
143968,,,,,,,,,1.455776,0.652433,,,93.123688,90.060623,0.291745,0.341591,,,,0.414987,0.808489,0.992839,,,,,,
143978,,,,,,,,,1.181102,1.957302,,,91.423294,89.390579,0.316911,0.351508,,,,0.423287,0.820896,1.002083,,,,,,
143984,0.422234,0.819774,1.010229,0.418904,0.844591,1.006480,1.559172,-0.195565,,,109.921768,109.779701,,,,,0.019248,0.016015,-0.003749,,,,,,,,,
143988,,,,,,,,,1.483244,1.304866,,,89.448044,89.371346,0.303011,0.302044,,,,0.431651,0.833322,1.018278,,,,,,
143998,,,,,,,,,1.455776,-0.652433,,,89.419693,90.444244,0.303431,0.286165,,,,0.439595,0.845275,1.034020,,,,,,
144008,,,,,,,,,1.455776,1.957302,,,88.851295,90.802444,0.311843,0.280863,,,,0.447469,0.857641,1.049821,,,,,,
144018,,,,,,,,,1.345907,0.652434,,,88.373047,90.014748,0.318921,0.292521,,,,0.454992,0.869924,1.062553,,,,,,
144028,,,,,,,,,1.428309,-1.304868,,,89.059738,91.530151,0.308758,0.270093,,,,0.462557,0.882193,1.072255,,,,,,
144036,0.462474,0.881957,1.061578,0.458001,0.906190,1.004987,1.493658,-0.088731,,,106.766380,104.099220,83.102997,83.003433,0.350218,0.312218,0.018978,0.015719,-0.056591,,,,,,,,,
144039,,,,,,,,,0.906427,0.652435,,,,,,,,,,0.469714,0.894342,1.075516,,,,,,
144048,,,,,,,,,1.345907,-1.957305,,,82.991890,83.997200,0.351862,0.297510,,,,0.476967,0.906963,1.075578,,,,,,
144058,,,,,,,,,1.428309,0.000000,,,85.621117,84.288811,0.312950,0.293194,,,,0.483866,0.919523,1.072158,,,,,,
144068,,,,,,,,,1.400841,-0.652435,,,85.655174,84.534172,0.312446,0.289563,,,,0.490325,0.931664,1.068698,,,,,,
144078,,,,,,,,,1.400841,-0.652435,,,86.228378,84.196075,0.303962,0.294567,,,,0.497031,0.944088,1.052722,,,,,,
144084,0.497070,0.943965,1.050733,0.495101,0.964846,1.009838,1.424108,0.031269,,,100.631142,99.325264,,,,,0.017142,0.012086,-0.040895,,,,,,,,,
144088,,,,,,,,,,,,,,,,,,,,0.503985,0.956481,1.039888,,,,,,
144093,,,,,,,,,1.757919,-2.609739,,,86.166122,83.367058,0.214082,0.236181,,,,,,,,,,,,
144098,,,,,,,,,0.659220,0.000000,,,83.935570,81.035896,0.247094,0.270683,,,,0.510755,0.968191,1.027109,,,,,,
144108,,,,,,,,,1.290972,-0.652435,,,84.236954,80.708084,0.242634,0.275534,,,,0.517724,0.980090,1.014314,,,,,,
144118,,,,,,,,,1.263504,0.000000,,,83.401451,80.432266,0.254999,0.279616,,,,0.524935,0.991990,0.998700,,,,,,
144128,,,,,,,,,1.318439,-1.304869,,,82.698463,80.200188,0.265404,0.283051,,,,0.532552,1.003850,0.989408,,,,,,
144136,0.532477,1.003534,0.989084,0.529779,1.020693,1.021741,1.351714,0.165158,,,91.086342,94.354012,,,0.189309,0.276840,0.012854,0.011683,0.032657,0.540019,1.015179,0.983328,,,,,,
144139,,,,,,,,,0.824024,-1.304869,,,78.295166,75.648575,,,,,,,,,,,,,,
144148,,,,,,,,,1.181102,1.957302,,,77.857491,75.630653,0.195787,0.277106,,,,0.547765,1.026623,0.977397,,,,,,
144158,,,,,,,,,1.153634,0.000000,,,76.944687,75.615570,0.209296,0.277329,,,,0.554967,1.037424,0.974246,,,,,,
144168,,,,,,,,,1.236037,1.957302,,,76.176659,76.147423,0.220663,0.269458,,,,0.562090,1.048139,0.974047,,,,,,
144178,,,,,,,,,1.153634,0.000000,,,76.619522,77.139465,0.214109,0.254775,,,,0.569136,1.058254,0.980321,,,,,,
144184,0.568723,1.057705,0.981055,0.561661,1.073882,1.041415,1.277625,0.313371,,,83.111267,88.566750,,,,,0.009518,0.014866,0.060360,,,,,,,,,
144188,,,,,,,,,1.263504,1.304869,,,74.813980,76.340546,0.122800,0.180948,,,,0.575733,1.068096,0.995671,,,,,,
144198,,,,,,,,,1.071232,1.957303,,,72.750252,75.668335,0.153343,0.190897,,,,0.582414,1.077803,1.005399,,,,,,
144208,,,,,,,,,1.016297,1.957302,,,71.013832,74.558189,0.179042,0.207327,,,,0.589048,1.087679,1.017787,,,,,,
144218,,,,,,,,,1.071232,0.652434,,,69.552803,73.624115,0.200665,0.221151,,,,0.595767,1.097677,1.031213,,,,,,
144228,,,,,,,,,0.933894,1.304869,,,67.778954,72.293640,0.226918,0.240842,,,,0.601723,1.107071,1.047404,,,,,,
144234,0.601026,1.106255,1.047305,0.590429,1.124573,1.069574,1.202937,0.475982,,,79.716667,84.232475,,,,,0.010568,0.018335,0.022269,,,,,,,,,
144238,,,,,,,,,1.071232,0.652434,,,67.375526,71.718719,0.182649,0.185204,,,,0.607206,1.115758,1.063047,,,,,,
144248,,,,,,,,,,,,,,,,,,,,0.612507,1.124664,1.075852,,,,,,
144253,,,,,,,,,1.455776,1.957302,,,70.303337,75.591331,0.139317,0.127889,,,,,,,,,,,,
144258,,,,,,,,,0.494415,1.304868,,,63.509563,69.047966,0.239865,0.224731,,,,0.617458,1.133310,1.088506,,,,,,
144268,,,,,,,,,0.988829,0.000000,,,63.238716,67.354187,0.243874,0.249799,,,,0.622420,1.142408,1.094968,,,,,,
144278,,,,,,,,,0.961362,0.652434,,,62.466282,67.018127,0.255306,0.254772,,,,0.627208,1.151288,1.104877,,,,,,
144284,0.626963,1.151039,1.102779,0.615816,1.172916,1.106898,1.128684,0.652628,,,77.578400,82.187271,,,,,0.014496,0.019818,0.004118,,,,,,,,,
144288,,,,,,,,,1.016297,-0.652434,,,62.905441,65.646278,0.217160,0.244807,,,,0.631697,1.159819,1.108064,,,,,,
144298,,,,,,,,,0.988829,1.304868,,,62.185863,65.581093,0.227810,0.245771,,,,0.636151,1.168086,1.114557,,,,,,
144308,,,,,,,,,0.933894,0.000000,,,61.580414,66.070786,0.236770,0.238524,,,,0.640281,1.176506,1.117612,,,,,,
144318,,,,,,,,,1.016297,0.652434,,,61.070988,64.849182,0.244310,0.256604,,,,0.644337,1.184391,1.123946,,,,,,
144328,,,,,,,,,1.043764,0.000000,,,61.186897,64.365868,0.242594,0.263757,,,,0.648432,1.192562,1.127100,,,,,,
144334,0.648599,1.192989,1.125058,0.637610,1.219036,1.154009,1.055828,0.842412,,,74.751984,81.353256,,,,,0.018764,0.021145,0.028952,,,,,,,,,
144339,,,,,,,,,0.906427,0.652435,,,61.284424,63.959209,0.199320,0.257432,,,,0.652436,1.200788,1.130223,,,,,,
144348,,,,,,,,,1.016297,0.652434,,,61.366486,64.161591,0.198105,0.254437,,,,0.656367,1.208633,1.136692,,,,,,
144358,,,,,,,,,1.016297,1.957302,,,60.346443,64.331871,0.213202,0.251916,,,,0.660049,1.216401,1.136701,,,,,,
144368,,,,,,,,,0.933894,1.304869,,,59.488182,63.930607,0.225904,0.257855,,,,0.663600,1.224073,1.143579,,,,,,
144378,,,,,,,,,0.878959,0.000000,,,60.399670,64.137527,0.212414,0.254793,,,,0.667532,1.232848,1.150073,,,,,,
144384,0.667527,1.232834,1.147974,0.655659,1.263032,1.211441,0.985248,1.043842,,,71.604996,80.517082,,,,,0.022669,0.023214,0.063468,,,,,,,,,
144387,,,,,,,,,1.016297,0.652434,,,58.988422,62.677998,0.186725,0.264018,,,,0.671873,1.242275,1.159838,,,,,,
144398,,,,,,,,,0.878959,1.304869,,,57.800999,62.539036,0.204299,0.266075,,,,0.676020,1.251499,1.173047,,,,,,
144408,,,,,,,,,0.933894,2.609737,,,56.801899,62.422115,0.219086,0.267806,,,,0.680040,1.260520,1.182997,,,,,,
144418,,,,,,,,,0.906427,1.957303,,,56.505802,62.323738,0.223468,0.269261,,,,0.684046,1.269455,1.196390,,,,,,
144428,,,,,,,,,0.961362,0.652434,,,56.801208,62.785507,0.219096,0.262427,,,,0.687774,1.278507,1.209831,,,,,,
144434,0.687662,1.278383,1.207376,0.669859,1.304957,1.279606,0.917716,1.254817,,,64.028374,74.241959,,,,,0.018510,0.026087,0.072230,,,,,,,,,
144437,,,,,,,,,0.933894,1.304869,,,56.505222,62.629494,0.111343,0.171864,,,,0.691352,1.287104,1.230103,,,,,,
144448,,,,,,,,,0.878959,2.609737,,,55.167091,62.498226,0.131147,0.173807,,,,0.694704,1.296091,1.247105,,,,,,
144458,,,,,,,,,0.824024,2.609737,,,53.496647,61.298691,0.155870,0.191560,,,,0.697988,1.304743,1.271044,,,,,,
144468,,,,,,,,,0.824024,1.304869,,,52.635677,60.833946,0.168612,0.198439,,,,0.701135,1.313432,1.291809,,,,,,
144478,,,,,,,,,0.906427,1.957303,,,51.911255,60.442909,0.179333,0.204226,,,,0.704043,1.322230,1.309274,,,,,,
144484,0.703844,1.322167,1.308929,0.680166,1.344821,1.358777,0.853882,1.472697,,,58.212708,68.689651,,,,,0.015751,0.028735,0.049848,,,,,,,,,
144488,,,,,,,,,0.796557,1.957302,,,50.757187,59.569347,0.110342,0.134980,,,,0.706801,1.330997,1.330371,,,,,,
144498,,,,,,,,,0.714154,1.304868,,,49.786152,58.289787,0.124713,0.153918,,,,0.709244,1.340113,1.348317,,,,,,
144513,,,,,,,,,0.741622,1.957302,,,52.236382,61.569511,0.088450,0.105378,,,,0.711567,1.349101,1.366437,,,,,,
144518,,,,,,,,,0.741622,1.957302,,,46.674400,55.616379,0.170767,0.193484,,,,0.713610,1.358148,1.381759,,,,,,
144528,,,,,,,,,0.741622,1.957302,,,45.806355,54.419220,0.183614,0.211202,,,,0.715581,1.366887,1.397436,,,,,,
144534,0.715256,1.366175,1.398216,0.686584,1.382583,1.449079,0.794251,1.694541,,,51.036037,62.603241,,,,,0.011241,0.031064,0.050862,,,,,,,,,
144538,,,,,,,,,0.741622,0.652433,,,45.620522,53.956470,0.080150,0.127972,,,,0.716951,1.373937,1.411483,,,,,,
144548,,,,,,,,,0.714154,1.304868,,,44.919621,53.022572,0.090523,0.141794,,,,0.718242,1.380685,1.425003,,,,,,
144558,,,,,,,,,0.686687,1.957303,,,43.785339,51.692245,0.107310,0.161483,,,,0.719393,1.387359,1.439362,,,,,,
144568,,,,,,,,,0.659220,1.304869,,,42.286411,51.117455,0.129494,0.169990,,,,0.720367,1.394415,1.454188,,,,,,
144578,,,,,,,,,0.604285,1.304869,,,41.569756,49.544739,0.140101,0.193266,,,,0.721395,1.401548,1.469730,,,,,,
144584,0.721233,1.401091,1.469201,0.689167,1.418153,1.550506,0.739174,1.917494,,,48.136292,61.640053,,,,,0.013722,0.033631,0.081305,,,,,,,,,
144588,,,,,,,,,0.714154,2.609737,,,40.422218,49.310543,0.114168,0.182477,,,,0.722176,1.408177,1.488355,,,,,,
144598,,,,,,,,,0.604285,2.609737,,,39.456680,48.568947,0.128458,0.193452,,,,0.722834,1.414831,1.503856,,,,,,
144608,,,,,,,,,,,,,,,,,,,,0.723395,1.420575,1.526162,,,,,,
144613,,,,,,,,,0.741622,-1.957302,,,38.644276,47.944969,0.140482,0.202687,,,,,,,,,,,,
144618,,,,,,,,,0.549350,6.524341,,,37.960720,47.964497,0.150598,0.202398,,,,0.723805,1.426918,1.549716,,,,,,
144628,,,,,,,,,0.604285,1.304869,,,36.841034,47.436382,0.167170,0.210214,,,,0.724200,1.432505,1.576041,,,,,,
144634,0.724118,1.432399,1.572549,0.688024,1.451400,1.662960,0.688850,2.139242,,,47.785301,62.538269,,,,,0.019064,0.036060,0.090412,,,,,,,,,
144638,,,,,,,,,0.659220,3.914604,,,36.443474,48.081112,0.167859,0.213966,,,,0.724315,1.438561,1.599394,,,,,,
144648,,,,,,,,,0.631752,1.957303,,,36.108967,47.534504,0.172810,0.222056,,,,0.724279,1.444267,1.626976,,,,,,
144658,,,,,,,,,0.686687,1.957303,,,35.827511,47.619129,0.176975,0.220803,,,,0.724133,1.449964,1.649881,,,,,,
144673,,,,,,,,,0.824024,7.829211,,,38.857956,51.502136,0.132125,0.163335,,,,0.723762,1.455366,1.672762,,,,,,
144678,,,,,,,,,0.494415,-2.609737,,,35.417793,47.690235,0.183039,0.219751,,,,0.723392,1.460679,1.699384,,,,,,
144684,0.723544,1.460379,1.677793,0.683305,1.482151,1.786306,0.643348,2.358465,,,48.607067,64.774483,,,,,0.025945,0.037683,0.108513,,,,,,,,,
144688,,,,,,,,,0.686687,3.262170,,,35.245960,47.205620,0.197744,0.260019,,,,0.722865,1.465865,1.721660,,,,,,
144698,,,,,,,,,0.659220,1.304869,,,35.101379,47.342407,0.199884,0.257995,,,,0.722194,1.471391,1.747212,,,,,,
144708,,,,,,,,,0.659220,2.609737,,,34.979729,47.457500,0.201685,0.256291,,,,0.721200,1.478268,1.765007,,,,,,
144718,,,,,,,,,0.604285,2.609737,,,34.877373,47.009796,0.203199,0.262917,,,,0.720229,1.484624,1.793621,,,,,,
144728,,,,,,,,,0.769089,2.609737,,,35.335793,48.266727,0.196415,0.244315,,,,0.719013,1.491181,1.814713,,,,,,
144734,0.718839,1.491775,1.814171,0.675210,1.510198,1.920413,0.602646,2.574929,,,47.237705,64.260269,,,,,0.028393,0.037903,0.106243,,,,,,,,,
144738,,,,,,,,,0.659220,2.609737,,,35.721504,47.690681,0.170440,0.245230,,,,0.717636,1.497862,1.839219,,,,,,
144748,,,,,,,,,0.686687,1.957303,,,35.501499,47.750538,0.173696,0.244344,,,,0.716125,1.504477,1.859979,,,,,,
144758,,,,,,,,,0.659220,2.609737,,,35.860931,48.345444,0.168376,0.235539,,,,0.714349,1.511306,1.887463,,,,,,
144768,,,,,,,,,0.686687,1.957303,,,35.618816,48.301456,0.171960,0.236190,,,,0.712453,1.518004,1.911183,,,,,,
144778,,,,,,,,,0.686687,3.262170,,,35.959641,48.808987,0.166915,0.228679,,,,0.710339,1.524715,1.941565,,,,,,
144784,0.710141,1.524684,1.944557,0.663982,1.535313,2.065163,0.566699,2.789005,,,43.256207,61.538887,,,,,0.026749,0.039091,0.120606,,,,,,,,,
144789,,,,,,,,,0.714154,2.609737,,,36.246410,50.325111,0.103745,0.165964,,,,0.708102,1.531438,1.968276,,,,,,
144798,,,,,,,,,0.686687,3.262170,,,35.398613,49.422604,0.116292,0.179321,,,,0.705593,1.538028,1.994706,,,,,,
144808,,,,,,,,,0.604285,3.914605,,,34.685276,48.663235,0.126850,0.190560,,,,0.702992,1.544540,2.024152,,,,,,
144818,,,,,,,,,0.659220,2.609737,,,34.629620,48.568844,0.127673,0.191957,,,,0.700178,1.550797,2.053480,,,,,,
144828,,,,,,,,,0.631752,3.262170,,,34.038246,48.489422,0.136426,0.193132,,,,0.697242,1.557062,2.085627,,,,,,
144836,0.697163,1.556727,2.087471,0.649903,1.557255,2.220372,0.535506,3.000461,,,38.768501,58.257870,33.540665,47.333511,0.077372,0.161681,0.023805,0.040830,0.132901,,,,,,,,,
144839,,,,,,,,,0.576817,1.957303,,,,,,,,,,,,,,,,,,
144848,,,,,,,,,0.604285,2.609737,,,33.122002,47.450016,0.083568,0.159956,,,,0.690802,1.569143,2.145820,,,,,,
144858,,,,,,,,,0.576817,3.262172,,,32.225193,47.003498,0.096841,0.166565,,,,0.687385,1.575020,2.177033,,,,,,
144868,,,,,,,,,0.576817,3.262172,,,31.470619,46.627800,0.108009,0.172125,,,,0.683674,1.580588,2.214232,,,,,,
144878,,,,,,,,,0.549350,3.914606,,,30.835720,46.311687,0.117405,0.176803,,,,0.679931,1.585979,2.247746,,,,,,
144884,0.680053,1.585411,2.250717,0.633298,1.575781,2.385602,0.509177,3.206496,,,35.418381,55.884472,,,,,0.021908,0.042413,0.134885,,,,,,,,,
144888,,,,,,,,,,,,,,,,,,,,0.675986,1.591298,2.281282,,,,,,
144894,,,,,,,,,0.878959,5.219473,,,31.935146,49.857513,0.051552,0.089199,,,,,,,,,,,,
144898,,,,,,,,,0.219740,1.304868,,,28.503857,44.672821,0.102335,0.165932,,,,0.671862,1.596358,2.320043,,,,,,
144908,,,,,,,,,0.549350,3.914606,,,27.794943,44.666767,0.112827,0.166022,,,,0.667578,1.601310,2.358669,,,,,,
144918,,,,,,,,,0.494415,3.914605,,,26.653921,44.117130,0.129714,0.174157,,,,0.663199,1.605920,2.388540,,,,,,
144928,,,,,,,,,0.576817,1.957303,,,26.782951,43.654667,0.127804,0.181001,,,,0.659109,1.609848,2.423616,,,,,,
144936,0.659245,1.609594,2.417318,0.614523,1.590656,2.559895,0.487975,3.399604,,,32.934082,54.440140,,,0.089430,0.157325,0.020948,0.043816,0.142577,,,,,,,,,
144939,,,,,,,,,0.604285,3.914605,,,26.891518,43.810093,,,,,,0.655799,1.613035,2.459811,,,,,,
144948,,,,,,,,,0.521882,3.262171,,,26.982864,43.940868,0.088078,0.155389,,,,0.652200,1.616230,2.489620,,,,,,
144958,,,,,,,,,0.494415,3.914605,,,25.970638,42.961815,0.103059,0.169879,,,,0.648727,1.619040,2.522149,,,,,,
144968,,,,,,,,,0.521882,3.262171,,,25.663494,42.682583,0.107605,0.174012,,,,0.645032,1.621844,2.556820,,,,,,
144978,,,,,,,,,0.521882,3.262171,,,25.405064,42.447639,0.111429,0.177489,,,,0.641517,1.624389,2.591880,,,,,,
144984,0.641251,1.624458,2.590916,0.593968,1.601664,2.741484,0.472318,3.566296,,,36.255032,58.673080,,,,,0.028366,0.044166,0.150568,,,,,,,,,
144988,,,,,,,,,0.494415,2.609737,,,25.187620,42.249958,0.163798,0.243062,,,,0.637944,1.626862,2.623545,,,,,,
144995,,,,,,,,,,,,,,,,,,,,0.637944,1.626862,2.623545,,,,,,
144998,,,,,,,,,0.604285,3.914605,,,25.004663,43.172714,0.166505,0.229405,,,,0.634367,1.629196,2.660690,,,,,,
145008,,,,,,,,,0.576817,4.567039,,,24.850723,43.404579,0.168784,0.225974,,,,0.630810,1.631398,2.694964,,,,,,
145018,,,,,,,,,0.494415,3.914605,,,24.721197,43.055126,0.170701,0.231146,,,,0.627077,1.633626,2.731914,,,,,,
145028,,,,,,,,,0.494415,2.609737,,,24.612215,42.761097,0.172314,0.235497,,,,0.622545,1.635949,2.765735,,,,,,
145036,0.622276,1.635947,2.762012,0.572049,1.608623,2.927643,0.462714,3.688153,,,40.438606,63.684475,24.520517,42.513699,0.235588,0.313327,0.036528,0.043990,0.165631,0.617267,1.638454,2.796614,,,,,,
145039,,,,,,,,,0.549350,3.914606,,,,,,,,,,,,,,,,,,
145048,,,,,,,,,0.576817,3.262172,,,24.987906,43.394627,0.228670,0.300290,,,,0.612384,1.640593,2.833057,,,,,,
145058,,,,,,,,,0.604285,3.914605,,,25.381166,44.135838,0.222850,0.289320,,,,0.607265,1.642524,2.866634,,,,,,
145068,,,,,,,,,0.659220,3.914604,,,26.256599,44.759491,0.209894,0.280090,,,,0.602220,1.644346,2.900203,,,,,,
145078,,,,,,,,,0.631752,3.262170,,,26.993189,45.828777,0.198992,0.264264,,,,0.596039,1.646243,2.933598,,,,,,
145084,0.595707,1.646156,2.932882,0.549198,1.611382,3.114826,0.459658,3.746228,,,41.028812,64.831863,,,,,0.038294,0.043656,0.181944,,,,,,,,,
145088,,,,,,,,,,,,,27.068411,45.639389,0.206614,0.284049,,,,0.589893,1.647902,2.966942,,,,,,
145094,,,,,,,,,0.714155,0.000000,,,,,,,,,,,,,,,,,,
145098,,,,,,,,,0.549350,6.524341,,,28.220789,46.569122,0.189559,0.270289,,,,0.583489,1.649411,3.000240,,,,,,
145108,,,,,,,,,0.714154,3.914605,,,28.645857,47.351402,0.183268,0.258711,,,,0.577081,1.650688,3.039081,,,,,,
145118,,,,,,,,,0.714154,3.914605,,,29.548052,48.554153,0.169915,0.240910,,,,0.570607,1.651676,3.072354,,,,,,
145128,,,,,,,,,0.659220,3.914604,,,30.307159,49.566151,0.158680,0.225933,,,,0.563792,1.652563,3.108349,,,,,,
145134,0.563722,1.652336,3.110044,0.525867,1.609836,-2.984052,0.463490,3.727845,,,40.035446,63.901218,,,,,0.036495,0.043672,0.189090,,,,,,,,,
145138,,,,,,,,,0.686687,3.262170,,,30.401329,49.873100,0.142585,0.207616,,,,0.556786,1.653227,-3.136118,,,,,,
145148,,,,,,,,,,,,,,,,,,,,0.549913,1.653475,-3.102905,,,,,,
145153,,,,,,,,,0.988829,5.219473,,,33.747822,53.943169,0.093057,0.147379,,,,,,,,,,,,
145158,,,,,,,,,0.302142,1.957302,,,30.573586,49.199577,0.140036,0.217584,,,,0.543165,1.653537,-3.064152,,,,,,
145168,,,,,,,,,0.659220,3.914604,,,30.625500,49.020123,0.139267,0.220240,,,,0.536462,1.653341,-3.025340,,,,,,
145178,,,,,,,,,0.631752,3.262170,,,30.669180,49.413673,0.138621,0.214416,,,,0.529662,1.652734,-2.989270,,,,,,
145184,0.529873,1.652564,-2.991017,0.502509,1.603930,-2.806232,0.474284,3.632220,,,39.576618,62.967522,,,,,0.034350,0.043979,0.184785,,,,,,,,,
145188,,,,,,,,,0.686687,4.567039,,,30.705933,50.289349,0.131286,0.187637,,,,0.522905,1.652100,-2.953147,,,,,,
145198,,,,,,,,,0.659220,3.914604,,,30.736856,50.481598,0.130828,0.184792,,,,0.516310,1.651171,-2.914186,,,,,,
145208,,,,,,,,,0.659220,3.914604,,,30.762877,50.098816,0.130443,0.190457,,,,0.509741,1.649916,-2.875139,,,,,,
145218,,,,,,,,,0.604285,2.609737,,,30.784769,49.776741,0.130119,0.195224,,,,0.503306,1.648564,-2.835992,,,,,,
145228,,,,,,,,,0.631752,4.567039,,,30.803190,50.050289,0.129847,0.191175,,,,0.497093,1.646984,-2.799552,,,,,,
145234,0.497283,1.646766,-2.796463,0.479576,1.593657,-2.637695,0.491799,3.471181,,,41.557243,63.774456,,,,,0.034630,0.043986,0.158768,,,,,,,,,
145238,,,,,,,,,0.631752,3.262170,,,30.274145,49.735912,0.166990,0.207770,,,,0.490761,1.645139,-2.760159,,,,,,
145248,,,,,,,,,,,,,30.373550,49.471394,0.165519,0.211685,,,,0.484767,1.643168,-2.723445,,,,,,
145254,,,,,,,,,0.988829,5.219473,,,,,,,,,,,,,,,,,,
145258,,,,,,,,,0.357077,1.957303,,,31.001734,49.793373,0.156222,0.206920,,,,0.478971,1.640944,-2.686611,,,,,,
145268,,,,,,,,,0.631752,3.262170,,,30.985744,50.064285,0.156458,0.202911,,,,0.473351,1.638573,-2.649596,,,,,,
145278,,,,,,,,,0.604285,3.914605,,,30.972290,50.836773,0.156657,0.191478,,,,0.467844,1.635989,-2.618133,,,,,,
145284,0.468023,1.635810,-2.616679,0.457509,1.579062,-2.480195,0.515511,3.264480,,,45.667439,66.547432,,,,,0.037537,0.043839,0.136483,,,,,,,,,
145288,,,,,,,,,0.659220,2.609737,,,30.416426,49.308571,0.225715,0.255135,,,,0.462381,1.633088,-2.583650,,,,,,
145298,,,,,,,,,0.659220,3.914604,,,31.037809,49.111828,0.216519,0.258047,,,,0.456745,1.629931,-2.554798,,,,,,
145308,,,,,,,,,0.631752,1.957303,,,31.560640,48.946289,0.208781,0.260497,,,,0.451093,1.626759,-2.522919,,,,,,
145318,,,,,,,,,0.714154,3.914605,,,32.000549,49.351547,0.202270,0.254499,,,,0.445474,1.623410,-2.490864,,,,,,
145328,,,,,,,,,0.686687,3.262170,,,32.370689,49.692532,0.196792,0.249453,,,,0.439779,1.619691,-2.461572,,,,,,
145334,0.439781,1.619403,-2.460907,0.436727,1.560239,-2.334527,0.544706,3.032976,,,49.460857,69.127823,,,,,0.039607,0.044057,0.126379,,,,,,,,,
145338,,,,,,,,,0.686687,1.957303,,,32.682125,49.979439,0.248325,0.283396,,,,0.434023,1.615599,-2.435010,,,,,,
145348,,,,,,,,,0.741622,3.262171,,,33.488712,50.220840,0.236388,0.279823,,,,0.428695,1.611440,-2.402461,,,,,,
145358,,,,,,,,,0.714154,2.609737,,,34.711918,50.968498,0.218284,0.268758,,,,0.423551,1.606902,-2.375742,,,,,,
145368,,,,,,,,,0.769089,2.609737,,,35.196579,51.597580,0.211111,0.259448,,,,0.418406,1.602233,-2.345850,,,,,,
145378,,,,,,,,,0.769089,2.609737,,,36.148914,51.582344,0.197017,0.259673,,,,0.412923,1.597139,-2.321772,,,,,,
145384,0.412808,1.596815,-2.322503,0.417616,1.537327,-2.200798,0.578579,2.793474,,,52.513161,71.049141,,,,,0.040175,0.044136,0.121705,,,,,,,,,
145388,,,,,,,,,0.714154,3.914605,,,36.405666,52.114067,0.238391,0.280239,,,,0.407664,1.591965,-2.291499,,,,,,
145398,,,,,,,,,0.769089,1.304867,,,37.710785,52.561459,0.219075,0.273618,,,,0.402485,1.586512,-2.267134,,,,,,
145407,,,,,,,,,,,,,,,,,,,,0.397215,1.580824,-2.239530,,,,,,
145413,,,,,,,,,0.933894,-1.304869,,,41.531628,52.937897,0.162527,0.268046,,,,,,,,,,,,
145418,,,,,,,,,0.686687,7.176776,,,38.211964,53.799175,0.211658,0.255299,,,,0.392230,1.575105,-2.211752,,,,,,
145427,,,,,,,,,0.769089,3.914606,,,38.686058,54.523853,0.204641,0.244574,,,,0.387169,1.569136,-2.183796,,,,,,
145434,0.387346,1.568906,-2.179019,0.400524,1.510504,-2.078718,0.616316,2.556743,,,55.839111,72.877190,,,,,0.040399,0.044186,0.100301,,,,,,,,,
145438,,,,,,,,,0.741622,1.957302,,,39.084961,54.589054,0.247961,0.270664,,,,0.382122,1.562726,-2.155599,,,,,,
145448,,,,,,,,,0.878959,2.609737,,,39.965141,55.188457,0.234935,0.261793,,,,0.377367,1.556147,-2.130377,,,,,,
145458,,,,,,,,,0.824024,2.609737,,,40.705727,55.692795,0.223974,0.254329,,,,0.372882,1.549264,-2.104991,,,,,,
145468,,,,,,,,,0.796557,1.957302,,,41.873398,56.117146,0.206693,0.248049,,,,0.368582,1.542419,-2.079426,,,,,,
145478,,,,,,,,,0.796557,1.957302,,,42.311333,57.018738,0.200211,0.234705,,,,0.364440,1.535386,-2.056906,,,,,,
145484,0.364594,1.535362,-2.058945,0.385744,1.479985,-1.967845,0.657142,2.327987,,,58.098492,73.952492,,,,,0.038990,0.044651,0.091100,,,,,,,,,
145488,,,,,,,,,0.878959,2.609737,,,43.224354,56.143707,0.220137,0.263570,,,,0.360065,1.527970,-2.034184,,,,,,
145498,,,,,,,,,0.851492,1.957303,,,43.448029,56.496544,0.216827,0.258348,,,,0.355940,1.520349,-2.011273,,,,,,
145508,,,,,,,,,0.796557,1.957302,,,44.180771,56.793419,0.205982,0.253954,,,,0.352144,1.512782,-1.991561,,,,,,
145518,,,,,,,,,0.878959,2.609737,,,44.797298,57.043209,0.196858,0.250257,,,,0.348585,1.505010,-1.968417,,,,,,
145528,,,,,,,,,0.824024,2.609737,,,44.771503,57.253384,0.197239,0.247147,,,,0.345126,1.497393,-1.948456,,,,,,
145534,0.345336,1.497429,-1.946784,0.373509,1.446003,-1.867738,0.700329,2.108443,,,60.477463,75.103401,,,,,0.037488,0.045088,0.079046,,,,,,,,,
145538,,,,,,,,,0.824024,1.304869,,,45.294342,57.430225,0.224710,0.261563,,,,0.341719,1.489684,-1.928284,,,,,,
145548,,,,,,,,,0.878959,1.304869,,,45.734257,57.579018,0.218199,0.259361,,,,0.338350,1.482197,-1.904603,,,,,,
145558,,,,,,,,,0.878959,2.609737,,,46.104401,58.248756,0.212721,0.249449,,,,0.335099,1.474107,-1.880641,,,,,,
145568,,,,,,,,,,,,,,,,,,,,0.332125,1.465976,-1.860078,,,,,,
145573,,,,,,,,,1.016297,-1.957302,,,50.227646,58.267731,0.151697,0.249168,,,,,,,,,,,,
145578,,,,,,,,,0.741622,7.176776,,,46.073338,58.828239,0.213181,0.240872,,,,0.329425,1.457825,-1.839295,,,,,,
145584,0.330093,1.458109,-1.818219,0.363982,1.408815,-1.778041,0.745181,1.897032,,,65.672714,78.296280,,,,,0.039493,0.044930,0.040177,,,,,,,,,
145588,,,,,,,,,0.796557,1.957302,,,46.389706,58.755306,0.285389,0.289206,,,,0.326881,1.449687,-1.818324,,,,,,
145598,,,,,,,,,0.933894,2.609737,,,47.200439,59.238483,0.273390,0.282055,,,,0.324294,1.441287,-1.797161,,,,,,
145608,,,,,,,,,0.933894,1.304869,,,47.882591,59.645031,0.263294,0.276038,,,,0.321994,1.432860,-1.775853,,,,,,
145618,,,,,,,,,0.906427,1.957303,,,49.001099,59.987099,0.246740,0.270976,,,,0.319854,1.424708,-1.754390,,,,,,
145628,,,,,,,,,0.906427,1.957303,,,49.397667,60.274914,0.240871,0.266716,,,,0.317898,1.416080,-1.739965,,,,,,
145634,0.318165,1.415880,-1.738330,0.357247,1.368682,-1.698514,0.791012,1.691632,,,69.313873,81.059875,,,,,0.040020,0.046405,0.039815,,,,,,,,,
145638,,,,,,,,,0.961362,0.652434,,,50.275883,60.517082,0.281762,0.304033,,,,0.316224,1.407434,-1.721798,,,,,,
145648,,,,,,,,,0.906427,1.957303,,,50.470268,60.720844,0.278885,0.301018,,,,0.314376,1.398283,-1.703478,,,,,,
145658,,,,,,,,,0.933894,1.304869,,,51.722912,61.436832,0.260346,0.290421,,,,0.312815,1.388998,-1.688716,,,,,,
145668,,,,,,,,,,,,,,,,,,,,0.311435,1.380162,-1.673862,,,,,,
145673,,,,,,,,,0.933894,1.304869,,,57.133232,66.940155,0.180273,0.208972,,,,,,,,,,,,
145679,,,,,,,,,0.933894,1.304869,,,51.883698,60.679783,0.257967,0.301625,,,,0.310137,1.370547,-1.662650,,,,,,
145684,0.310286,1.370468,-1.663531,0.353305,1.325872,-1.629027,0.837115,1.489899,,,72.984764,83.685020,,,,,0.040421,0.046963,0.034504,,,,,,,,,
145688,,,,,,,,,1.016297,1.957302,,,52.912170,61.402283,0.297074,0.329785,,,,0.308923,1.361024,-1.647618,,,,,,
145698,,,,,,,,,0.961362,1.957303,,,53.232983,62.010193,0.292326,0.320787,,,,0.307908,1.351327,-1.632463,,,,,,
145708,,,,,,,,,0.988829,1.304868,,,54.047459,62.521690,0.280272,0.313217,,,,0.307019,1.341445,-1.621038,,,,,,
145718,,,,,,,,,1.016297,0.652434,,,54.732758,63.496605,0.270130,0.298789,,,,0.306201,1.331519,-1.605705,,,,,,
145728,,,,,,,,,,,,,55.853912,63.772354,0.253537,0.294707,,,,0.305501,1.321551,-1.594130,,,,,,
145735,0.305589,1.321403,-1.597220,0.352065,1.280643,-1.569551,0.882742,1.289678,1.290972,8.481643,75.818069,85.411400,,,,,0.039518,0.047537,0.027669,,,,,,,,,
145738,,,,,,,,,0.357077,-4.567039,,,52.440907,61.281654,0.345982,0.357120,,,,,,,,,,,,
145748,,,,,,,,,1.071232,1.957303,,,53.925549,62.997784,0.324009,0.331722,,,,0.304490,1.301326,-1.563018,,,,,,
145758,,,,,,,,,1.153634,1.304868,,,55.719269,64.441734,0.297462,0.310351,,,,0.304077,1.290772,-1.547481,,,,,,
145768,,,,,,,,,0.988829,1.304868,,,56.683964,65.112129,0.283185,0.300429,,,,0.303939,1.280319,-1.535930,,,,,,
145778,,,,,,,,,1.181102,0.652433,,,58.584743,66.765289,0.255053,0.275962,,,,0.303959,1.270247,-1.520541,,,,,,
145784,0.304062,1.269584,-1.524244,0.353344,1.233244,-1.520141,0.927093,1.089154,,,78.892120,86.732025,,,,,0.038594,0.047538,0.004103,,,,,,,,,
145788,,,,,,,,,1.016297,1.957302,,,59.094975,67.067169,0.292998,0.291040,,,,0.304136,1.259416,-1.509119,,,,,,
145798,,,,,,,,,1.126167,0.652435,,,60.068825,67.321175,0.278585,0.287281,,,,0.304474,1.248874,-1.501532,,,,,,
145808,,,,,,,,,1.071232,0.652434,,,60.888222,67.534889,0.266458,0.284118,,,,0.305145,1.237564,-1.490220,,,,,,
145818,,,,,,,,,1.043764,0.000000,,,61.577663,67.714714,0.256254,0.281456,,,,0.305662,1.226435,-1.482740,,,,,,
145828,,,,,,,,,1.043764,1.304868,,,63.246845,68.955101,0.231550,0.263098,,,,0.306376,1.215343,-1.475278,,,,,,
145836,0.306522,1.215528,-1.473919,0.356865,1.183912,-1.480918,0.969324,0.886839,,,80.777992,87.214729,60.294949,67.820587,0.303149,0.287033,0.036338,0.047049,-0.006999,,,,,,,,,
145839,,,,,,,,,0.988829,2.609737,,,,,,,,,,0.307103,1.204639,-1.464058,,,,,,
145848,,,,,,,,,1.153634,1.304868,,,61.623024,69.044182,0.283494,0.268924,,,,0.308134,1.193629,-1.456607,,,,,,
145858,,,,,,,,,1.071232,0.652434,,,62.740467,68.984627,0.266955,0.269806,,,,0.308975,1.183198,-1.449176,,,,,,
145868,,,,,,,,,1.126167,0.652435,,,63.136143,68.934517,0.261099,0.270547,,,,0.310115,1.172385,-1.441796,,,,,,
145878,,,,,,,,,1.016297,-0.652434,,,64.013603,68.347816,0.248113,0.279230,,,,0.311305,1.160896,-1.434459,,,,,,
145884,0.311271,1.161232,-1.440508,0.362258,1.132866,-1.452062,1.008565,0.681482,,,82.801239,88.044441,,,,,0.034750,0.046870,-0.011554,,,,,,,,,
145888,,,,,,,,,,,,,,,,,,,,0.312697,1.149264,-1.430947,,,,,,
145904,,,,,,,,,-0.000000,0.000000,,,58.147667,57.550659,0.364873,0.451308,,,,0.314254,1.137893,-1.431057,,,,,,
145908,,,,,,,,,0.686687,5.871908,,,53.281784,57.680351,0.436888,0.449389,,,,0.315627,1.126469,-1.427610,,,,,,
145918,,,,,,,,,1.263504,1.304869,,,56.811237,61.056732,0.384652,0.399418,,,,0.317152,1.115318,-1.420453,,,,,,
145928,,,,,,,,,1.236036,-0.652434,,,61.414547,63.897621,0.316523,0.357373,,,,0.318361,1.104398,-1.416618,,,,,,
145936,0.318379,1.104017,-1.421359,0.369063,1.080318,-1.433810,1.043957,0.471959,,,83.130974,87.280769,62.020512,65.198860,0.312435,0.326812,0.030981,0.046591,-0.012451,0.319960,1.094035,-1.409106,,,,,,
145939,,,,,,,,,1.181102,-0.652433,,,,,,,,,,,,,,,,,,
145948,,,,,,,,,1.236037,1.957302,,,64.164001,67.382805,0.280711,0.294490,,,,0.321388,1.083607,-1.401620,,,,,,
145958,,,,,,,,,1.181102,-0.652433,,,65.422989,68.675835,0.262078,0.275353,,,,0.323107,1.071885,-1.398006,,,,,,
145968,,,,,,,,,1.181102,1.957302,,,66.482300,69.763786,0.246400,0.259251,,,,0.324706,1.059698,-1.390781,,,,,,
145978,,,,,,,,,1.153634,0.000000,,,67.373604,70.134651,0.233209,0.253763,,,,0.326618,1.047557,-1.387190,,,,,,
145984,0.326660,1.047511,-1.390059,0.376740,1.026470,-1.426449,1.074699,0.257184,,,85.248451,87.275993,,,,,0.029700,0.045482,-0.036390,,,,,,,,,
145988,,,,,,,,,1.071232,-0.652434,,,67.034462,69.902153,0.269567,0.257133,,,,0.328736,1.035413,-1.383646,,,,,,
145998,,,,,,,,,1.043764,1.304868,,,66.749107,69.706528,0.273790,0.260028,,,,0.330574,1.023774,-1.376414,,,,,,
146008,,,,,,,,,1.153634,0.000000,,,67.053551,69.541924,0.269285,0.262464,,,,0.332600,1.012112,-1.376453,,,,,,
146018,,,,,,,,,1.098699,0.000000,,,67.854256,69.947975,0.257434,0.256455,,,,0.334639,1.000451,-1.369277,,,,,,
146028,,,,,,,,,1.181102,-1.957302,,,68.527969,69.745079,0.247463,0.259458,,,,0.336885,0.988698,-1.373020,,,,,,
146034,0.336723,0.988727,-1.382656,0.384672,0.971520,-1.430325,1.100102,0.036078,,,85.186211,85.511620,,,,,0.025871,0.043885,-0.047669,,,,,,,,,
146038,,,,,,,,,1.153634,1.304868,,,69.094833,70.118912,0.238152,0.227812,,,,0.338943,0.977418,-1.372979,,,,,,
146048,,,,,,,,,,,,,,,,,,,,0.341053,0.965978,-1.373007,,,,,,
146054,,,,,,,,,1.565646,-0.652435,,,74.472679,74.789795,0.158560,0.158683,,,,,,,,,,,,
146058,,,,,,,,,0.521882,0.652434,,,67.562195,68.373558,0.260835,0.253643,,,,0.343032,0.954730,-1.376483,,,,,,
146068,,,,,,,,,1.126167,-0.652435,,,67.737686,67.875824,0.258238,0.261010,,,,0.345170,0.943839,-1.380082,,,,,,
146078,,,,,,,,,1.016297,-0.652434,,,67.885345,67.457031,0.256053,0.267208,,,,0.347318,0.932333,-1.391086,,,,,,
146084,0.347166,0.932866,-1.393114,0.392182,0.915681,-1.445830,1.119646,-0.192413,,,86.517563,85.295769,,,,,0.024871,0.041270,-0.052716,,,,,,,,,
146088,,,,,,,,,1.153634,-1.304868,,,68.009583,67.649200,0.273918,0.261169,,,,0.349219,0.921262,-1.394683,,,,,,
146098,,,,,,,,,1.098699,1.304869,,,68.658661,67.810890,0.264312,0.258776,,,,0.351090,0.910003,-1.398488,,,,,,
146108,,,,,,,,,1.098699,-1.304869,,,69.204796,67.402397,0.256229,0.264822,,,,0.352910,0.899238,-1.401948,,,,,,
146118,,,,,,,,,1.098699,-1.304869,,,69.119766,67.603233,0.257487,0.261850,,,,0.354801,0.888276,-1.409585,,,,,,
146128,,,,,,,,,1.043764,0.000000,,,70.137314,68.316757,0.242428,0.251289,,,,0.356528,0.877580,-1.416786,,,,,,
146134,0.356508,0.877908,-1.414801,0.398547,0.859182,-1.473397,1.133038,-0.429227,,,88.251793,85.392036,,,,,0.025030,0.038619,-0.058596,,,,,,,,,
146138,,,,,,,,,1.126167,-0.652435,,,68.815308,67.283485,0.287660,0.268007,,,,0.358075,0.867022,-1.420328,,,,,,
146148,,,,,,,,,,,,,,,,,,,,0.359491,0.856505,-1.427416,,,,,,
146153,,,,,,,,,1.318439,6.524342,,,68.792053,66.958633,0.288004,0.272814,,,,,,,,,,,,
146158,,,,,,,,,0.769089,-5.219474,,,67.683403,67.229851,0.304412,0.268800,,,,0.360965,0.846033,-1.434719,,,,,,
146168,,,,,,,,,1.126167,-1.957302,,,68.384216,66.913506,0.294040,0.273482,,,,0.362515,0.835627,-1.441934,,,,,,
146178,,,,,,,,,1.098699,0.000000,,,68.973877,67.191879,0.285313,0.269362,,,,0.363800,0.825471,-1.449185,,,,,,
146184,0.363892,0.825315,-1.446302,0.403017,0.802292,-1.513483,1.140252,-0.675012,,,91.289795,86.622627,,,,,0.027703,0.035963,-0.067181,,,,,,,,,
146188,,,,,,,,,1.126167,-1.957302,,,68.925476,66.881561,0.330992,0.292168,,,,0.365114,0.815013,-1.460292,,,,,,
146199,,,,,,,,,1.071232,-0.652434,,,69.973839,67.709541,0.315476,0.279914,,,,0.366270,0.803834,-1.471460,,,,,,
146208,,,,,,,,,1.181102,-0.652433,,,70.855927,66.228035,0.302421,0.301840,,,,0.367487,0.792654,-1.482691,,,,,,
146218,,,,,,,,,1.098699,-1.304869,,,71.053574,66.615128,0.299496,0.296111,,,,0.368290,0.781170,-1.497776,,,,,,
146228,,,,,,,,,1.181102,-1.957302,,,71.764420,67.485367,0.288976,0.283231,,,,0.369227,0.770208,-1.509126,,,,,,
146234,0.369167,0.769892,-1.512063,0.404835,0.745330,-1.566530,1.141563,-0.929909,,,91.163322,85.618591,,,,,0.026613,0.034164,-0.054467,,,,,,,,,
146238,,,,,,,,,1.098699,-1.304869,,,71.817978,67.128502,0.286311,0.273653,,,,0.370032,0.759365,-1.524367,,,,,,
146248,,,,,,,,,1.098699,0.000000,,,71.863045,66.828232,0.285644,0.278097,,,,0.370838,0.748133,-1.535878,,,,,,
146258,,,,,,,,,1.071232,-1.957303,,,71.356422,66.575584,0.293142,0.281837,,,,0.371505,0.736294,-1.547482,,,,,,
146268,,,,,,,,,1.153634,0.000000,,,71.474693,66.907555,0.291392,0.276923,,,,0.371853,0.724653,-1.563079,,,,,,
146278,,,,,,,,,1.153634,-1.304868,,,72.118744,67.186874,0.281860,0.272789,,,,0.372114,0.713294,-1.578605,,,,,,
146284,0.371993,0.713205,-1.578491,0.403262,0.688679,-1.632924,1.137555,-1.193272,,,90.172112,83.108055,,,,,0.024284,0.031456,-0.054433,,,,,,,,,
146288,,,,,,,,,1.153634,-1.304868,,,72.116112,67.421890,0.267229,0.232155,,,,0.372058,0.701865,-1.590239,,,,,,
146298,,,,,,,,,1.043764,-1.304868,,,72.658440,67.075089,0.259202,0.237288,,,,0.371821,0.690858,-1.601853,,,,,,
146308,,,,,,,,,,,,,73.114754,65.694206,0.252449,0.257725,,,,0.371403,0.679322,-1.613385,,,,,,
146314,,,,,,,,,1.620581,-3.262171,,,,,,,,,,,,,,,,,,
146318,,,,,,,,,0.604285,0.000000,,,72.409607,66.165962,0.262885,0.250743,,,,0.370871,0.667844,-1.628643,,,,,,
146328,,,,,,,,,1.016297,-0.652434,,,71.816299,67.107437,0.271666,0.236809,,,,0.370165,0.656207,-1.643788,,,,,,
146334,0.370206,0.656727,-1.641047,0.397604,0.632809,-1.712939,1.129094,-1.463420,,,89.200287,79.841637,,,,,0.021936,0.029010,-0.071892,,,,,,,,,
146338,,,,,,,,,1.126167,-0.652435,,,71.861633,65.721420,0.256612,0.208979,,,,0.369413,0.644562,-1.662575,,,,,,
146348,,,,,,,,,1.126167,-3.262170,,,72.444321,65.099770,0.247988,0.218180,,,,0.368382,0.632902,-1.677327,,,,,,
146358,,,,,,,,,1.016297,-1.957302,,,72.390053,64.032173,0.248791,0.233980,,,,0.367335,0.621250,-1.692056,,,,,,
146368,,,,,,,,,1.071232,-1.957303,,,71.799843,63.678440,0.257527,0.239215,,,,0.365885,0.609847,-1.710339,,,,,,
146378,,,,,,,,,0.988829,-1.304868,,,72.392326,64.469894,0.248758,0.227502,,,,0.364216,0.598503,-1.728259,,,,,,
146384,0.364286,0.599262,-1.726415,0.387244,0.578284,-1.806681,1.117275,-1.737533,,,86.314163,75.018860,,,,,0.017166,0.025932,-0.080266,,,,,,,,,
146388,,,,,,,,,1.126167,-1.957302,,,71.257217,62.957653,0.222843,0.178506,,,,0.362254,0.587233,-1.749552,,,,,,
146399,,,,,,,,,1.043764,-2.609737,,,70.846680,62.229797,0.228919,0.189278,,,,0.360261,0.576104,-1.770758,,,,,,
146408,,,,,,,,,0.961362,-1.957303,,,70.501251,61.072834,0.234031,0.206401,,,,0.358027,0.565200,-1.788234,,,,,,
146419,,,,,,,,,0.906427,-1.957303,,,70.755150,60.099365,0.230273,0.220809,,,,0.355619,0.554130,-1.809070,,,,,,
146428,,,,,,,,,1.016297,-3.262172,,,69.879692,59.280289,0.243230,0.232931,,,,0.353236,0.543201,-1.832931,,,,,,
146434,0.353180,0.543756,-1.837673,0.371670,0.525775,-1.914057,1.103324,-2.011831,,,83.147278,70.434578,,,,,0.012468,0.022577,-0.076385,,,,,,,,,
146438,,,,,,,,,1.043764,-1.304868,,,69.143082,59.135662,0.207262,0.167224,,,,0.350484,0.532653,-1.856568,,,,,,
146448,,,,,,,,,0.933894,-2.609737,,,68.523300,58.469429,0.216435,0.177084,,,,0.347988,0.522875,-1.877648,,,,,,
146458,,,,,,,,,0.933894,-2.609737,,,68.546356,57.364319,0.216094,0.193440,,,,0.345380,0.513808,-1.902168,,,,,,
146468,,,,,,,,,,,,,,,,,,,,0.342687,0.504487,-1.926322,,,,,,
146473,,,,,,,,,1.153634,3.914605,,,67.476669,56.979023,0.231925,0.199142,,,,,,,,,,,,
146478,,,,,,,,,0.714154,-5.219474,,,66.032097,56.110291,0.253305,0.211999,,,,0.339513,0.495580,-1.950144,,,,,,
146484,0.339532,0.496846,-1.962593,0.350514,0.476067,-2.034784,1.088478,-2.282232,,,84.600456,70.450493,,,,,0.015011,0.018084,-0.072191,,,,,,,,,
146488,,,,,,,,,0.933894,-3.914605,,,66.450264,55.923882,0.268623,0.214994,,,,0.336078,0.486662,-1.976906,,,,,,
146498,,,,,,,,,0.933894,-2.609737,,,66.257561,55.222496,0.271475,0.225374,,,,0.332438,0.478022,-1.999977,,,,,,
146508,,,,,,,,,0.961362,-3.262171,,,66.639969,54.632347,0.265815,0.234109,,,,0.328567,0.469466,-2.022874,,,,,,
146518,,,,,,,,,1.016297,-1.957302,,,66.417183,54.680340,0.269112,0.233398,,,,0.324562,0.461175,-2.052392,,,,,,
146528,,,,,,,,,0.988829,-2.609737,,,66.774269,54.720722,0.263828,0.232801,,,,0.320509,0.452997,-2.078465,,,,,,
146534,0.320279,0.452951,-2.079684,0.323581,0.430061,-2.168463,1.073857,-2.545466,,,86.886925,70.504829,,,,,0.018381,0.014036,-0.088779,,,,,,,,,
146538,,,,,,,,,0.906427,-1.957303,,,66.530182,54.210155,0.301280,0.241161,,,,0.316217,0.445050,-2.107387,,,,,,
146548,,,,,,,,,0.988829,-2.609737,,,66.869347,54.325108,0.296260,0.239460,,,,0.311604,0.437506,-2.133056,,,,,,
146558,,,,,,,,,1.043764,-3.914604,,,67.699265,54.421829,0.283977,0.238028,,,,0.306993,0.430076,-2.161513,,,,,,
146568,,,,,,,,,1.016297,-3.262172,,,68.397560,54.503212,0.273643,0.236824,,,,0.302444,0.422987,-2.189924,,,,,,
146578,,,,,,,,,0.906427,-3.262171,,,68.440559,55.116230,0.273006,0.227751,,,,0.297637,0.415865,-2.217957,,,,,,
146584,0.297425,0.415814,-2.220036,0.290889,0.388764,-2.314724,1.060373,-2.800437,,,91.438065,73.375595,,,,,0.025498,0.011147,-0.094688,,,,,,,,,
146588,,,,,,,,,0.933894,-2.609737,,,67.932198,53.453850,0.347887,0.294842,,,,0.292001,0.408231,-2.248745,,,,,,
146598,,,,,,,,,1.016297,-3.262172,,,68.593552,53.688755,0.338099,0.291365,,,,0.286112,0.400425,-2.279302,,,,,,
146608,,,,,,,,,1.016297,-3.262172,,,68.605469,53.886402,0.337922,0.288440,,,,0.279999,0.392636,-2.309661,,,,,,
146618,,,,,,,,,1.043764,-2.609737,,,69.704582,54.597248,0.321656,0.277920,,,,0.273187,0.385016,-2.339790,,,,,,
146633,0.266283,0.377651,-2.368144,0.252695,0.353276,-2.473376,1.048699,-3.049284,,,,,69.540291,54.650810,0.324087,0.277127,,,,0.266568,0.377762,-2.369765,,,,,,
146636,,,,,,,,,1.648049,-5.219473,92.372459,72.464996,68.312973,53.062248,0.356080,0.287161,0.026751,0.007947,-0.105232,,,,,,,,,
146639,,,,,,,,,0.192272,-0.652434,,,,,,,,,,,,,,,,,,
146649,,,,,,,,,1.071232,-4.567039,,,70.003021,54.448345,0.331068,0.266646,,,,0.252059,0.362872,-2.435087,,,,,,
146658,,,,,,,,,1.071232,-1.957303,,,70.335938,53.980980,0.326141,0.273563,,,,0.244466,0.355543,-2.470358,,,,,,
146668,,,,,,,,,1.126167,-4.567039,,,71.705139,54.676823,0.305876,0.263265,,,,0.236720,0.348762,-2.502527,,,,,,
146678,,,,,,,,,1.071232,-3.262170,,,72.312645,55.262306,0.296885,0.254600,,,,0.228310,0.342041,-2.540281,,,,,,
146684,0.228034,0.342164,-2.539512,0.209530,0.324762,-2.644544,1.039374,-3.297262,,,91.460037,70.100815,,,,,0.025106,0.003862,-0.105032,,,,,,,,,
146688,,,,,,,,,,,,,,,,,,,,0.219835,0.335636,-2.574945,,,,,,
146693,,,,,,,,,0.961362,-3.262171,,,72.279259,55.210388,0.283876,0.220378,,,,,,,,,,,,
146699,,,,,,,,,0.988829,0.000000,,,71.706619,56.255791,0.292351,0.204906,,,,0.211189,0.329211,-2.612370,,,,,,
146702,,,,,,,,,,,,,,,,,,,,0.211189,0.329211,-2.612370,,,,,,
146708,,,,,,,,,1.098699,-5.219474,,,71.224800,54.957218,0.299482,0.224125,,,,0.201901,0.323054,-2.649528,,,,,,
146718,,,,,,,,,0.961362,-4.567040,,,72.453033,54.953686,0.281304,0.224178,,,,0.192408,0.317285,-2.686543,,,,,,
146729,,,,,,,,,1.098699,-3.914604,,,73.486465,55.495258,0.266009,0.216162,,,,,,,,,,,,
146736,0.191370,0.317130,-2.690614,0.162218,0.304415,-2.828607,1.033032,-3.550783,,,96.529747,72.326805,68.910568,52.683678,0.408764,0.290718,0.031779,-0.001262,-0.137993,,,,,,,,,
146739,,,,,,,,,0.714154,-1.304868,,,,,,,,,,,,,,,,,,
146748,,,,,,,,,1.126167,-4.567039,,,71.050377,53.585274,0.377095,0.277375,,,,0.163402,0.302969,-2.807908,,,,,,
146759,,,,,,,,,1.071232,-4.567039,,,72.850815,54.343876,0.350448,0.266147,,,,0.153606,0.298920,-2.852758,,,,,,
146768,,,,,,,,,1.153634,-5.219473,,,74.910248,54.982166,0.319969,0.256701,,,,0.143921,0.295229,-2.900247,,,,,,
146778,,,,,,,,,1.098699,-3.914604,,,75.553963,55.519222,0.310442,0.248752,,,,0.134329,0.291887,-2.950334,,,,,,
146784,0.134783,0.292432,-2.944948,0.111892,0.293405,-3.025908,1.030753,-3.813105,,,90.313309,66.795525,,,,,0.022259,-0.005427,-0.080959,,,,,,,,,
146788,,,,,,,,,1.098699,-5.219474,,,76.640129,55.426556,0.202363,0.168261,,,,0.123289,0.288917,-3.000340,,,,,,
146798,,,,,,,,,0.961362,-1.957303,,,74.831314,54.804043,0.229134,0.177474,,,,0.112372,0.286273,-3.052993,,,,,,
146808,,,,,,,,,0.933894,-5.219474,,,74.398468,53.735718,0.235540,0.193285,,,,0.101605,0.284080,-3.100118,,,,,,
146818,,,,,,,,,1.016297,-4.567039,,,74.578812,52.836830,0.232871,0.206589,,,,0.090534,0.282589,3.135963,,,,,,
146828,,,,,,,,,0.906427,-4.567039,,,73.641464,52.080505,0.246743,0.217782,,,,0.079945,0.281791,3.088957,,,,,,
146834,0.080756,0.282376,3.090731,0.059997,0.292813,3.047071,1.034453,-4.078121,,,90.106560,66.479500,,,,,0.021263,-0.009368,-0.043660,,,,,,,,,
146838,,,,,,,,,1.016297,-4.567039,,,73.397324,51.988678,0.247297,0.214464,,,,0.068920,0.281373,3.044663,,,,,,
146841,,,,,,,,,,,,,,,,,,,,0.068920,0.281373,3.044663,,,,,,
146848,,,,,,,,,,,,,72.647362,51.911415,0.258396,0.215608,,,,0.058501,0.281753,3.003182,,,,,,
146854,,,,,,,,,1.428309,-2.609736,,,,,,,,,,,,,,,,,,
146858,,,,,,,,,0.439480,-2.609737,,,71.471802,51.846405,0.275794,0.216570,,,,0.047981,0.282544,2.958651,,,,,,
146868,,,,,,,,,1.016297,-4.567039,,,71.027229,51.247162,0.282374,0.225439,,,,0.037704,0.283871,2.916830,,,,,,
146878,,,,,,,,,0.933894,-3.914605,,,71.742249,51.832047,0.271792,0.216782,,,,0.027735,0.285454,2.874867,,,,,,
146884,0.028310,0.285782,2.876572,0.008275,0.303557,2.825797,1.047130,-4.324263,,,93.497238,68.144089,,,,,0.023991,-0.011907,-0.050775,,,,,,,,,
146887,,,,,,,,,1.016297,-3.262172,,,71.799324,51.235081,0.321129,0.250253,,,,0.017912,0.287660,2.835705,,,,,,
146897,,,,,,,,,0.988829,-3.914606,,,71.302803,51.277336,0.328478,0.249628,,,,0.008211,0.290050,2.799124,,,,,,
146908,,,,,,,,,0.988829,-3.914606,,,71.974121,51.857433,0.318542,0.241042,,,,-0.001249,0.292898,2.754178,,,,,,
146918,,,,,,,,,1.071232,-4.567039,,,72.538963,51.800983,0.310182,0.241878,,,,-0.010150,0.295954,2.714658,,,,,,
146928,,,,,,,,,0.961362,-4.567040,,,74.103310,52.842575,0.287030,0.226462,,,,-0.018963,0.299382,2.669182,,,,,,
146934,-0.018746,0.299727,2.667438,-0.041267,0.326299,2.597422,1.072771,-4.513456,,,101.249405,73.976227,,,,,0.032169,-0.013358,-0.070016,,,,,,,,,
146938,,,,,,,,,1.098699,-3.914604,,,73.241379,52.085339,0.414519,0.323985,,,,-0.027295,0.303240,2.620852,,,,,,
146948,,,,,,,,,,,,,,,,,,,,-0.035483,0.306933,2.577851,,,,,,
146953,,,,,,,,,1.263504,-10.438948,,,79.050667,57.438179,0.328541,0.244763,,,,,,,,,,,,
146958,,,,,,,,,0.796557,3.262171,,,73.047737,52.684822,0.417385,0.315113,,,,-0.043912,0.311305,2.531672,,,,,,
146968,,,,,,,,,1.181102,-5.871908,,,75.075935,53.586239,0.387367,0.301772,,,,-0.053612,0.316902,2.479115,,,,,,
146977,,,,,,,,,1.098699,-3.914604,,,76.237923,54.344688,0.370170,0.290547,,,,-0.062558,0.322236,2.435083,,,,,,
146984,-0.062751,0.322853,2.438174,-0.086411,0.361350,2.367845,1.115664,-4.601423,,,111.191643,83.266731,,,,,0.042945,-0.014055,-0.070330,,,,,,,,,
146988,,,,,,,,,1.126167,-4.567039,,,77.215614,54.438305,0.502845,0.426661,,,,-0.071635,0.328397,2.381675,,,,,,
146998,,,,,,,,,1.181102,-3.262171,,,77.493698,56.150703,0.498730,0.401317,,,,-0.080406,0.334990,2.327672,,,,,,
147008,,,,,,,,,1.318439,-5.219473,,,80.450394,58.680603,0.454970,0.363875,,,,-0.088655,0.341865,2.273165,,,,,,
147018,,,,,,,,,1.373374,-5.219473,,,83.482704,60.809261,0.410092,0.332371,,,,-0.096859,0.348944,2.217994,,,,,,
147028,,,,,,,,,1.373374,-2.609737,,,85.489548,63.689396,0.380391,0.289745,,,,-0.105488,0.357078,2.158740,,,,,,
147034,-0.105999,0.358258,2.171266,-0.124821,0.408564,2.143619,1.179129,-4.559114,,,120.226295,94.304817,,,,,0.052141,-0.012895,-0.027647,,,,,,,,,
147038,,,,,,,,,1.318439,-5.219473,,,87.178101,63.934570,0.489113,0.449480,,,,-0.114069,0.365567,2.101690,,,,,,
147048,,,,,,,,,1.318439,-5.219473,,,88.598854,65.229950,0.468086,0.430308,,,,-0.122331,0.374377,2.040508,,,,,,
147058,,,,,,,,,1.236037,-1.957302,,,87.616104,66.319878,0.482631,0.414177,,,,-0.129690,0.383520,1.975007,,,,,,
147068,,,,,,,,,1.538179,-5.219473,,,90.601021,68.326027,0.438454,0.384486,,,,-0.136650,0.392854,1.914795,,,,,,
147078,,,,,,,,,1.565646,-4.567039,,,93.112526,70.014000,0.401284,0.359504,,,,-0.143515,0.402535,1.849739,,,,,,
147084,-0.143400,0.404647,1.857624,-0.154156,0.467239,1.930155,1.264017,-4.391523,,,129.442612,109.435211,,,,,0.063078,-0.007391,0.072531,,,,,,,,,
147088,,,,,,,,,1.290972,-3.262171,,,93.592079,71.978806,0.530588,0.554355,,,,-0.150386,0.412871,1.790145,,,,,,
147098,,,,,,,,,1.455776,-3.262171,,,93.995575,73.087448,0.524616,0.537947,,,,-0.156925,0.423947,1.729070,,,,,,
147108,,,,,,,,,1.565646,-1.957302,,,95.968704,76.742981,0.495414,0.483845,,,,-0.162877,0.435071,1.666261,,,,,,
147118,,,,,,,,,1.730451,-1.957303,,,97.628891,80.907829,0.470843,0.422205,,,,-0.168562,0.446374,1.605623,,,,,,
147127,,,,,,,,,1.675516,0.652435,,,99.570320,84.956680,0.442110,0.362282,,,,-0.173556,0.457992,1.539760,,,,,,
147134,-0.172948,0.460281,1.569255,-0.172232,0.536022,1.730538,1.367596,-4.136711,,,139.856552,126.487442,,,,,0.075742,-0.000599,0.161283,,,,,,,,,
147138,,,,,,,,,1.675516,-4.567040,,,100.659294,85.096123,0.580119,0.612592,,,,-0.178064,0.469937,1.475212,,,,,,
147148,,,,,,,,,1.620581,-0.652433,,,102.664642,87.936165,0.550440,0.570559,,,,-0.182480,0.482189,1.416210,,,,,,
147158,,,,,,,,,1.510712,-1.957302,,,101.629227,88.692146,0.565764,0.559370,,,,-0.186218,0.494447,1.351487,,,,,,
147168,,,,,,,,,2.032593,0.000000,,,106.203461,94.773659,0.498066,0.469364,,,,-0.189581,0.507579,1.284970,,,,,,
147178,,,,,,,,,1.840321,-0.652435,,,107.874046,97.712471,0.473341,0.425870,,,,-0.192843,0.520737,1.226772,,,,,,
147184,-0.190863,0.523382,1.252914,-0.177218,0.612855,1.545382,1.483144,-3.846208,,,147.685242,144.862656,,,,,0.089255,0.015004,0.292468,,,,,,,,,
147188,,,,,,,,,1.812854,-1.304869,,,108.735130,99.640640,0.576462,0.669286,,,,-0.195046,0.534573,1.156568,,,,,,
147198,,,,,,,,,1.730451,-0.652434,,,108.915108,100.718460,0.573798,0.653334,,,,-0.196815,0.547575,1.084632,,,,,,
147208,,,,,,,,,,,,,,,,,,,,-0.198283,0.560094,1.017520,,,,,,
147213,,,,,,,,,1.867789,2.609737,,,115.056519,108.704399,0.482905,0.535142,,,,,,,,,,,,
147218,,,,,,,,,1.593114,0.000000,,,106.610321,102.354729,0.607909,0.629117,,,,-0.198753,0.572609,0.945379,,,,,,
147228,,,,,,,,,2.032593,1.304868,,,112.028183,107.358444,0.527724,0.555062,,,,-0.199230,0.585308,0.877606,,,,,,
147234,-0.195866,0.588219,0.914767,-0.167879,0.694939,1.373515,1.600205,-3.564197,,,149.404312,160.927551,,,,,0.101639,0.042919,0.458747,,,,,,,,,
147238,,,,,,,,,2.142463,2.609734,,,112.230423,112.657654,0.550174,0.714395,,,,-0.198815,0.599141,0.813969,,,,,,
147248,,,,,,,,,2.114996,3.262168,,,114.034218,116.571861,0.523477,0.656464,,,,-0.197535,0.612609,0.739085,,,,,,
147258,,,,,,,,,1.620581,1.957303,,,110.651039,114.964386,0.573548,0.680255,,,,-0.196294,0.626079,0.674244,,,,,,
147268,,,,,,,,,2.114996,4.567042,,,112.705322,120.146378,0.543145,0.603561,,,,-0.194142,0.639044,0.598412,,,,,,
147278,,,,,,,,,2.444606,5.871907,,,114.978340,125.595589,0.509504,0.522913,,,,-0.191807,0.652295,0.529298,,,,,,
147284,-0.186704,0.655627,0.586554,-0.143854,0.778795,1.212870,1.705120,-3.317627,,,139.805206,166.729309,,,,,0.103860,0.078864,0.626316,,,,,,,,,
147288,,,,,,,,,1.950191,4.567040,,,115.257233,128.002380,0.363310,0.573159,,,,-0.188626,0.665262,0.455054,,,,,,
147298,,,,,,,,,1.840321,3.262171,,,113.858261,128.393829,0.384015,0.567365,,,,-0.185026,0.677804,0.381529,,,,,,
147309,,,,,,,,,1.785386,8.481645,,,110.502991,129.267731,0.433673,0.554431,,,,-0.181279,0.690230,0.305825,,,,,,
147318,,,,,,,,,1.510712,1.957302,,,106.590782,124.013062,0.491573,0.632200,,,,-0.176818,0.702152,0.233214,,,,,,
147328,,,,,,,,,1.895256,9.786514,,,104.932678,126.126305,0.516113,0.600924,,,,-0.171914,0.713839,0.158065,,,,,,
147334,-0.167391,0.714461,0.235304,-0.105974,0.860400,1.061346,1.781588,-3.115525,,,113.856895,157.904556,,,,,0.093749,0.127599,0.826043,,,,,,,,,
147338,,,,,,,,,1.895256,4.567039,,,104.626640,127.359840,0.136608,0.452062,,,,-0.166465,0.725149,0.085938,,,,,,
147348,,,,,,,,,1.620581,7.176775,,,101.101875,127.308655,0.188774,0.452819,,,,-0.160727,0.736267,0.016699,,,,,,
147358,,,,,,,,,1.483244,11.743815,,,95.413422,126.721039,0.272963,0.461516,,,,-0.154465,0.746540,-0.055271,,,,,,
147373,,,,,,,,,1.812854,10.438944,,,93.894417,124.048447,0.295445,0.501070,,,,-0.147830,0.756553,-0.119017,,,,,,
147378,,,,,,,,,0.604285,3.914605,,,83.359093,116.898842,0.451367,0.606885,,,,-0.140908,0.766002,-0.182882,,,,,,
147384,-0.140694,0.762394,-0.131280,-0.056606,0.935482,0.917796,1.811117,-2.949735,,,65.770432,125.291504,,,,,0.060706,0.182606,1.049075,,,,,,,,,
147388,,,,,,,,,1.428309,7.829210,,,80.484650,115.784050,-0.217770,0.140710,,,,-0.133905,0.774796,-0.241373,,,,,,
147398,,,,,,,,,1.071232,12.396250,,,73.709747,112.667892,-0.117502,0.186829,,,,-0.127133,0.782746,-0.291606,,,,,,
147408,,,,,,,,,0.576817,11.091381,,,63.108459,105.689613,0.039397,0.290108,,,,-0.120305,0.790096,-0.342055,,,,,,
147418,,,,,,,,,0.466947,9.786512,,,53.643993,97.639915,0.179471,0.409243,,,,-0.113405,0.796917,-0.378625,,,,,,
147428,,,,,,,,,0.549350,7.829210,,,47.314220,90.866905,0.273152,0.509484,,,,-0.106568,0.803111,-0.404066,,,,,,
147436,-0.107124,0.799726,-0.348251,0.000000,1.000000,0.783802,1.773268,-2.788429,,,35.553265,100.297356,45.255611,88.435349,-0.143595,0.175558,0.032349,0.224809,1.132053,-0.100214,0.808547,-0.398466,,,,,,
147439,,,,,,,,,0.906427,8.481643,,,,,,,,,,,,,,,,,,
147448,,,,,,,,,0.686687,9.786511,,,40.800781,85.300354,-0.077663,0.221956,,,,-0.094364,0.813357,-0.395643,,,,,,
147458,,,,,,,,,0.412012,9.786511,,,34.329773,79.939857,0.018108,0.301291,,,,-0.089098,0.817705,-0.384255,,,,,,
147468,,,,,,,,,,,,,28.885067,75.429535,0.098689,0.368044,,,,-0.083378,0.821424,-0.358904,,,,,,
147474,,,,,,,,,0.384545,9.134078,,,,,,,,,,,,,,,,,,
147478,,,,,,,,,0.521882,8.481645,,,25.937521,73.268181,0.142313,0.400032,,,,-0.077618,0.824002,-0.325325,,,,,,
147484,-0.077934,0.821602,-0.291611,0.000000,1.000000,0.783802,0.000000,0.000000,,,15.049262,15.049262,,,,,0.023355,0.193272,1.075413,,,,,,,,,
147488,,,,,,,,,0.604285,9.134079,,,24.001999,70.360527,-0.132500,-0.818607,,,,-0.072382,0.826393,-0.277750,,,,,,
147498,,,,,,,,,0.357077,7.176776,,,20.739822,65.735855,-0.084220,-0.750162,,,,-0.067180,0.827933,-0.222041,,,,,,
147508,,,,,,,,,-0.302142,-7.176775,,,17.450483,50.409252,-0.035538,-0.523328,,,,-0.062670,0.829035,-0.158040,,,,,,
147517,,,,,,,,,-0.466947,-11.091381,,,14.682835,32.068016,0.005423,-0.251878,,,,-0.057771,0.829455,-0.094322,,,,,,
147528,,,,,,,,,-0.439480,-10.438947,,,12.354136,17.724789,0.039888,-0.039598,,,,-0.052469,0.829712,-0.030885,,,,,,
147536,-0.056233,0.829906,-0.096597,0.000000,1.000000,0.783802,0.000000,0.000000,,,25.495430,25.495430,10.939311,9.468203,0.215431,0.237203,0.039566,0.174724,0.880399,-0.047037,0.829610,0.026948,,,,,,
147539,,,,,,,,,-0.274675,-7.829209,,,,,,,,,,,,,,,,,,
147548,,,,,,,,,0.000000,-3.914605,,,10.837964,6.332914,0.216930,0.283605,,,,-0.042815,0.829365,0.062956,,,,,,
147558,,,,,,,,,0.384545,-1.304868,,,13.475407,8.595773,0.177896,0.250115,,,,-0.041791,0.828729,0.110343,,,,,,
147568,,,,,,,,,0.384545,2.609737,,,14.060922,12.133371,0.169231,0.197758,,,,-0.040105,0.828177,0.146391,,,,,,
147578,,,,,,,,,0.412012,1.957303,,,15.098117,15.654449,0.153880,0.145647,,,,-0.039403,0.827734,0.171694,,,,,,
147584,-0.039087,0.827856,0.157390,0.000000,1.000000,0.783802,0.000000,0.000000,,,42.262188,42.262188,,,,,0.065586,0.163889,0.626412,,,,,,,,,
147588,,,,,,,,,,,,,,,,,,,,-0.038229,0.828032,0.199723,,,,,,
147596,,,,,,,,,0.521882,-0.652434,,,16.791464,20.193487,0.376967,0.326617,,,,-0.034671,0.829044,0.216260,,,,,,
147599,,,,,,,,,0.329610,5.219473,,,,,,,,,,,,,,,,,,
147608,,,,,,,,,0.549350,0.000000,,,19.573767,22.436230,0.335789,0.293424,,,,-0.031629,0.829551,0.238566,,,,,,
147618,,,,,,,,,0.466947,0.652434,,,20.281166,23.234186,0.325319,0.281614,,,,-0.028186,0.830167,0.258085,,,,,,
147628,,,,,,,,,0.466947,0.652434,,,22.510002,24.994673,0.292332,0.255559,,,,-0.024140,0.831187,0.269278,,,,,,
147636,-0.023467,0.831258,0.262627,0.000000,1.000000,0.783802,0.000000,0.000000,,,42.832241,42.832241,24.929888,27.020489,0.264955,0.234014,0.066471,0.156864,0.521175,-0.020145,0.832170,0.272113,,,,,,
147639,,,,,,,,,0.631752,-0.652435,,,,,,,,,,,,,,,,,,
147648,,,,,,,,,0.549350,-1.304868,,,26.421436,27.635925,0.242880,0.224905,,,,-0.015806,0.833296,0.280684,,,,,,
147658,,,,,,,,,0.549350,0.000000,,,27.676426,28.698296,0.224306,0.209182,,,,-0.010696,0.834812,0.277748,,,,,,
147668,,,,,,,,,0.549350,0.000000,,,29.276917,29.592175,0.200619,0.195953,,,,-0.005746,0.836169,0.274943,,,,,,
147678,,,,,,,,,0.576817,-0.652434,,,30.623569,30.344284,0.180688,0.184822,,,,-0.000323,0.837757,0.272193,,,,,,
147684,0.000080,0.837809,0.268654,0.000000,1.000000,0.783802,0.000000,0.000000,,,27.691452,27.691452,,,,,0.042974,0.156394,0.515148,,,,,,,,,
147688,,,,,,,,,,,,,,,,,,,,0.004781,0.839053,0.266689,,,,,,
147693,,,,,,,,,0.851492,-0.652435,,,31.756641,30.977108,-0.060165,-0.048628,,,,,,,,,,,,
147698,,,,,,,,,0.219740,0.000000,,,31.620922,30.965023,-0.058156,-0.048449,,,,0.010095,0.840447,0.261176,,,,,,
147708,,,,,,,,,0.274675,0.000000,,,29.328556,28.232140,-0.024229,-0.008002,,,,0.015710,0.841878,0.258286,,,,,,
147718,,,,,,,,,0.219740,0.000000,,,26.855217,25.932692,0.012376,0.026030,,,,0.021486,0.843287,0.255399,,,,,,
147728,,,,,,,,,0.247207,-0.652434,,,25.318691,24.542479,0.035117,0.046605,,,,0.027694,0.844868,0.249487,,,,,,
147734,0.026381,0.844536,0.248357,0.000000,1.000000,0.783802,0.000000,0.000000,,,8.147322,8.147322,,,,,0.012644,0.157179,0.535444,,,,,,,,,
147738,,,,,,,,,0.219740,0.000000,,,23.481316,22.828211,-0.226943,-0.217277,,,,0.034165,0.846518,0.246317,,,,,,
147748,,,,,,,,,,,,,,,,,,,,0.040366,0.848013,0.241168,,,,,,
147754,,,,,,,,,-0.082402,0.652434,,,18.668089,18.663111,-0.155707,-0.155634,,,,,,,,,,,,
147758,,,,,,,,,-0.164805,0.000000,,,14.073698,14.069510,-0.087710,-0.087648,,,,0.042791,0.848326,0.244167,,,,,,
147768,,,,,,,,,-0.247207,1.957303,,,8.574348,10.204453,-0.006320,-0.030446,,,,0.044640,0.848448,0.247072,,,,,,
147778,,,,,,,,,0.109870,0.000000,,,8.303542,9.675112,-0.002312,-0.022611,,,,0.046960,0.849548,0.232488,,,,,,
147784,0.045680,0.849240,0.233819,0.000000,1.000000,0.783802,0.000000,0.000000,,,-6.125687,-6.125687,,,,,-0.009506,0.157242,0.549983,,,,,,,,,
147788,,,,,,,,,0.109870,-1.304868,,,8.620229,8.685181,-0.218240,-0.219201,,,,0.048830,0.850123,0.226873,,,,,,
147798,,,,,,,,,-0.082402,-0.652434,,,6.708516,6.218623,-0.189946,-0.182696,,,,0.051342,0.850677,0.210235,,,,,,
147808,,,,,,,,,-0.082402,0.652434,,,4.555458,4.687806,-0.158081,-0.160040,,,,0.051911,0.850531,0.204678,,,,,,
147818,,,,,,,,,-0.000000,0.000000,,,3.832962,3.944319,-0.147388,-0.149036,,,,0.053376,0.850818,0.188009,,,,,,
147828,,,,,,,,,-0.000000,0.000000,,,3.225054,3.318749,-0.138391,-0.139778,,,,0.052892,0.850773,0.182354,,,,,,
147834,0.052287,0.850644,0.186673,0.000000,1.000000,0.783802,0.000000,0.000000,,,-15.245352,-15.245352,,,,,-0.023659,0.156465,0.597129,,,,,,,,,
147838,,,,,,,,,-0.054935,0.000000,,,2.169016,2.247852,-0.257733,-0.258899,,,,0.052540,0.850772,0.179428,,,,,,
147848,,,,,,,,,-0.082402,-0.652434,,,1.280467,0.802256,-0.244582,-0.237505,,,,0.051655,0.850569,0.179562,,,,,,
147858,,,,,,,,,-0.137337,0.652434,,,-0.556245,-0.414068,-0.217399,-0.219503,,,,0.050969,0.850415,0.179425,,,,,,
147868,,,,,,,,,-0.137337,-0.652434,,,-1.557111,-1.982027,-0.202586,-0.196297,,,,0.050326,0.850331,0.176642,,,,,,
147878,,,,,,,,,-0.192272,-0.652434,,,-2.943783,-3.845850,-0.182063,-0.168713,,,,0.048961,0.850128,0.176639,,,,,,
147884,0.048445,0.850033,0.174743,0.000000,1.000000,0.783802,0.000000,0.000000,,,-13.940779,-13.940779,,,,,-0.021635,0.156106,0.609059,,,,,,,,,
147887,,,,,,,,,-0.192272,-0.652434,,,-4.110528,-4.869527,-0.145488,-0.134255,,,,0.047351,0.849845,0.171223,,,,,,
147897,,,,,,,,,-0.192272,0.652434,,,-5.636771,-6.275392,-0.122899,-0.113448,,,,0.045020,0.849531,0.171056,,,,,,
147907,,,,,,,,,-0.192272,-0.652434,,,-6.376408,-7.458287,-0.111953,-0.095941,,,,0.042847,0.849310,0.165479,,,,,,
147918,,,,,,,,,-0.192272,0.652434,,,-7.543282,-7.909031,-0.094683,-0.089270,,,,0.040513,0.848937,0.165486,,,,,,
147928,,,,,,,,,-0.192272,-0.652434,,,-7.980546,-8.832830,-0.088211,-0.075598,,,,0.038366,0.848591,0.165482,,,,,,
147934,0.038415,0.848583,0.163521,0.000000,1.000000,0.783802,0.000000,0.000000,,,-8.539832,-8.539832,,,,,-0.013253,0.155651,0.620281,,,,,,,,,
147938,,,,,,,,,-0.219740,0.000000,,,-8.893003,-9.610115,0.005227,0.015840,,,,0.035830,0.848160,0.162705,,,,,,
147948,,,,,,,,,-0.109870,0.000000,,,-8.571658,-9.175035,0.000471,0.009401,,,,0.033636,0.847776,0.160058,,,,,,
147958,,,,,,,,,-0.109870,0.000000,,,-8.301278,-8.808960,-0.003531,0.003983,,,,0.031125,0.847306,0.160076,,,,,,
147968,,,,,,,,,-0.054935,0.000000,,,-7.529237,-7.956401,-0.014957,-0.008635,,,,0.028542,0.846873,0.160237,,,,,,
147978,,,,,,,,,-0.027467,0.652434,,,-6.879642,-6.694515,-0.024571,-0.027311,,,,0.025536,0.846400,0.163295,,,,,,
147984,0.026504,0.846563,0.166052,0.000000,1.000000,0.783802,0.000000,0.000000,,,-0.500993,-0.500993,,,,,-0.000777,0.155708,0.617750,,,,,,,,,
147988,,,,,,,,,-0.027467,-0.652434,,,-5.788530,-6.177307,0.078256,0.084009,,,,0.022203,0.845908,0.166478,,,,,,
147998,,,,,,,,,-0.000000,0.000000,,,-4.870469,-5.197586,0.064668,0.069510,,,,0.020151,0.845571,0.169668,,,,,,
148008,,,,,,,,,0.027467,0.652434,,,-4.098011,-3.828705,0.053236,0.049250,,,,0.020282,0.845685,0.163768,,,,,,
148018,,,,,,,,,-0.027467,-0.652434,,,-3.448066,-3.766015,0.043617,0.048322,,,,0.020175,0.845619,0.160867,,,,,,
148027,,,,,,,,,-0.000000,0.000000,,,-2.901202,-3.168724,0.035523,0.039482,,,,0.020266,0.845656,0.160866,,,,,,
148034,0.020789,0.845732,0.161301,0.000000,1.000000,0.783802,0.000000,0.000000,,,2.742812,2.742812,,,,,0.004257,0.155604,0.622501,,,,,,,,,
148038,,,,,,,,,-0.000000,0.000000,,,-2.441071,-2.666164,0.076721,0.080053,,,,0.020703,0.845697,0.160837,,,,,,
148048,,,,,,,,,-0.000000,0.000000,,,-2.053917,-2.243310,0.070992,0.073795,,,,0.020708,0.845707,0.160896,,,,,,
148058,,,,,,,,,0.027467,0.652434,,,-1.728165,-1.342978,0.066170,0.060470,,,,0.021166,0.845809,0.160796,,,,,,
148068,,,,,,,,,-0.000000,0.000000,,,-1.454078,-1.129981,0.062114,0.057317,,,,0.021195,0.845790,0.163614,,,,,,
148079,,,,,,,,,-0.000000,0.000000,,,-1.223461,-0.950766,0.058701,0.054665,,,,0.021396,0.845782,0.163586,,,,,,
148084,0.021345,0.845778,0.163395,0.000000,1.000000,0.783802,0.000000,0.000000,,,2.594664,2.594664,,,,,0.004027,0.155640,0.620407,,,,,,,,,
148088,,,,,,,,,-0.000000,0.000000,,,-1.029420,-0.799974,0.053636,0.050241,,,,0.021497,0.845798,0.166363,,,,,,
148097,,,,,,,,,0.027467,0.652434,,,-0.866154,-0.128555,0.051220,0.040304,,,,0.021678,0.845835,0.166336,,,,,,
148108,,,,,,,,,,,,,,,,,,,,0.021790,0.845833,0.169114,,,,,,
148113,,,,,,,,,-0.000000,0.000000,,,-0.728782,-0.108166,0.049187,0.040002,,,,,,,,,,,,
148118,,,,,,,,,-0.000000,0.000000,,,-0.613197,-0.091011,0.047476,0.039748,,,,0.021856,0.845812,0.169114,,,,,,
148128,,,,,,,,,-0.000000,0.000000,,,-0.515944,-0.076577,0.046037,0.039534,,,,0.021812,0.845834,0.169114,,,,,,
148134,0.021773,0.845829,0.168634,0.000000,1.000000,0.783802,0.000000,0.000000,,,2.842672,2.842672,,,,,0.004412,0.155638,0.615168,,,,,,,,,
148138,,,,,,,,,-0.000000,0.000000,,,-0.434115,-0.064432,0.048496,0.043025,,,,0.021703,0.845808,0.169141,,,,,,
148147,,,,,,,,,-0.000000,0.000000,,,-0.365264,-0.054213,0.047477,0.042874,,,,0.021642,0.845795,0.169141,,,,,,
148158,,,,,,,,,-0.000000,0.000000,,,-0.307333,-0.045615,0.046620,0.042747,,,,0.021616,0.845786,0.169141,,,,,,
148167,,,,,,,,,-0.000000,0.000000,,,-0.258590,-0.038380,0.045899,0.042640,,,,0.021622,0.845791,0.169141,,,,,,
148178,,,,,,,,,-0.000000,0.000000,,,-0.217578,-0.032293,0.045292,0.042549,,,,0.021656,0.845799,0.169141,,,,,,
148184,0.021666,0.845801,0.169098,0.000000,1.000000,0.783802,0.000000,0.000000,,,2.959973,2.959973,,,,,0.004594,0.155646,0.614704,,,,,,,,,
148188,,,,,,,,,-0.000000,0.000000,,,-0.183070,-0.027171,0.046517,0.044210,,,,0.021670,0.845798,0.169141,,,,,,
148198,,,,,,,,,-0.000000,0.000000,,,-0.154035,-0.022862,0.046087,0.044146,,,,0.021681,0.845799,0.169141,,,,,,
148208,,,,,,,,,-0.000000,0.000000,,,-0.129605,-0.019236,0.045726,0.044092,,,,0.021676,0.845802,0.169141,,,,,,
148218,,,,,,,,,-0.000000,0.000000,,,-0.109050,-0.016185,0.045422,0.044047,,,,0.021651,0.845779,0.169114,,,,,,
148228,,,,,,,,,-0.000000,0.000000,,,-0.091754,-0.013618,0.045166,0.044009,,,,0.021657,0.845791,0.169141,,,,,,
148234,0.021658,0.845792,0.169137,0.000000,1.000000,0.783802,0.000000,0.000000,,,2.970160,2.970160,,,,,0.004609,0.155654,0.614665,,,,,,,,,
148238,,,,,,,,,-0.000000,0.000000,,,-0.077202,-0.011458,0.045101,0.044128,,,,0.021664,0.845797,0.169141,,,,,,
148248,,,,,,,,,-0.000000,0.000000,,,-0.064958,-0.009641,0.044920,0.044101,,,,0.021669,0.845800,0.169141,,,,,,
148258,,,,,,,,,-0.000000,0.000000,,,-0.054656,-0.008112,0.044767,0.044078,,,,0.021682,0.845796,0.169141,,,,,,
148268,,,,,,,,,,,,,,,,,,,,0.021681,0.845797,0.169141,,,,,,
148273,,,,,,,,,-0.000000,0.000000,,,-0.045987,-0.006825,0.044639,0.044059,,,,,,,,,,,,
148278,,,,,,,,,-0.000000,0.000000,,,-0.038694,-0.005743,0.044531,0.044043,,,,0.021675,0.845802,0.169141,,,,,,
148284,0.021673,0.845801,0.169140,0.000000,1.000000,0.783802,0.000000,0.000000,,,2.959788,2.959788,,,,,0.004593,0.155647,0.614661,,,,,,,,,
148288,,,,,,,,,-0.000000,0.000000,,,-0.032557,-0.004832,0.044287,0.043876,,,,0.021675,0.845799,0.169141,,,,,,
148298,,,,,,,,,-0.000000,0.000000,,,-0.027393,-0.004066,0.044210,0.043865,,,,0.021680,0.845795,0.169141,,,,,,
148308,,,,,,,,,-0.000000,0.000000,,,-0.023049,-0.003421,0.044146,0.043855,,,,0.021677,0.845800,0.169141,,,,,,
148318,,,,,,,,,-0.000000,0.000000,,,-0.019393,-0.002878,0.044092,0.043847,,,,0.021681,0.845804,0.169141,,,,,,
148328,,,,,,,,,-0.000000,0.000000,,,-0.016317,-0.002422,0.044046,0.043841,,,,0.021688,0.845804,0.169141,,,,,,
148334,0.021686,0.845804,0.169141,0.000000,1.000000,0.783802,0.000000,0.000000,,,2.951071,2.951071,,,,,0.004580,0.155647,0.614661,,,,,,,,,
148338,,,,,,,,,-0.000000,0.000000,,,-0.013729,-0.002038,0.043879,0.043706,,,,0.021682,0.845803,0.169141,,,,,,
148348,,,,,,,,,-0.000000,0.000000,,,-0.011552,-0.001715,0.043847,0.043701,,,,0.021682,0.845804,0.169141,,,,,,
148357,,,,,,,,,-0.000000,0.000000,,,-0.009720,-0.001443,0.043820,0.043697,,,,0.021684,0.845803,0.169141,,,,,,
148368,,,,,,,,,-0.000000,0.000000,,,-0.008178,-0.001214,0.043797,0.043694,,,,0.021694,0.845799,0.169141,,,,,,
148378,,,,,,,,,-0.000000,0.000000,,,-0.006881,-0.001021,0.043778,0.043691,,,,0.021694,0.845803,0.169141,,,,,,
148384,0.021693,0.845803,0.169141,0.000000,1.000000,0.783802,0.000000,0.000000,,,2.946946,2.946946,,,,,0.004573,0.155649,0.614661,,,,,,,,,
148388,,,,,,,,,-0.000000,0.000000,,,-0.005790,-0.000859,0.043700,0.043628,,,,0.021695,0.845799,0.169141,,,,,,
148398,,,,,,,,,-0.000000,0.000000,,,-0.004872,-0.000723,0.043687,0.043625,,,,0.021696,0.845800,0.169141,,,,,,
148407,,,,,,,,,-0.000000,0.000000,,,-0.004099,-0.000608,0.043675,0.043624,,,,0.021690,0.845802,0.169141,,,,,,
148418,,,,,,,,,-0.000000,0.000000,,,-0.003449,-0.000512,0.043666,0.043622,,,,0.021699,0.845799,0.169141,,,,,,
148429,,,,,,,,,-0.000000,0.000000,,,-0.002902,-0.000431,0.043658,0.043621,,,,0.021701,0.845798,0.169141,,,,,,
148435,0.021701,0.845799,0.169141,0.000000,1.000000,0.783802,0.000000,0.000000,,,2.942581,2.942581,,,,,0.004567,0.155654,0.614661,,,,,,,,,
148438,,,,,,,,,-0.000000,0.000000,,,-0.002442,-0.000362,0.043586,0.043556,,,,0.021703,0.845800,0.169141,,,,,,
148448,,,,,,,,,-0.000000,0.000000,,,-0.002054,-0.000305,0.043581,0.043555,,,,0.021700,0.845800,0.169141,,,,,,
148458,,,,,,,,,-0.000000,0.000000,,,-0.001729,-0.000257,0.043576,0.043554,,,,0.021699,0.845798,0.169141,,,,,,
148468,,,,,,,,,-0.000000,0.000000,,,-0.001454,-0.000216,0.043572,0.043553,,,,0.021703,0.845797,0.169141,,,,,,
148478,,,,,,,,,-0.000000,0.000000,,,-0.001224,-0.000182,0.043568,0.043553,,,,0.021701,0.845827,0.169141,,,,,,
148484,0.021701,0.845824,0.169141,0.000000,1.000000,0.783802,0.000000,0.000000,,,2.939493,2.939493,,,,,0.004562,0.155629,0.614661,,,,,,,,,
148488,,,,,,,,,-0.000000,0.000000,,,-0.001030,-0.000153,0.043520,0.043507,,,,0.021706,0.845808,0.169141,,,,,,
148498,,,,,,,,,-0.000000,0.000000,,,-0.000866,-0.000129,0.043517,0.043506,,,,0.021706,0.845802,0.169141,,,,,,
148508,,,,,,,,,-0.000000,0.000000,,,-0.000729,-0.000108,0.043515,0.043506,,,,0.021704,0.845802,0.169141,,,,,,
148518,,,,,,,,,-0.000000,0.000000,,,-0.000613,-0.000091,0.043514,0.043506,,,,0.021708,0.845830,0.169141,,,,,,
148528,,,,,,,,,-0.000000,0.000000,,,-0.000516,-0.000077,0.043512,0.043506,,,,0.021700,0.845811,0.169141,,,,,,
148535,0.021700,0.845812,0.169141,0.000000,1.000000,0.783802,0.000000,0.000000,,,2.941595,2.941595,,,,,0.004565,0.155641,0.614661,,,,,,,,,
148538,,,,,,,,,-0.000000,0.000000,,,-0.000434,-0.000064,0.043542,0.043537,,,,0.021703,0.845800,0.169141,,,,,,
148548,,,,,,,,,-0.000000,0.000000,,,-0.000365,-0.000054,0.043541,0.043536,,,,0.021705,0.845800,0.169141,,,,,,
148558,,,,,,,,,-0.000000,0.000000,,,-0.000307,-0.000046,0.043540,0.043536,,,,0.021707,0.845825,0.169114,,,,,,
148568,,,,,,,,,-0.000000,0.000000,,,-0.000259,-0.000038,0.043539,0.043536,,,,0.021706,0.845801,0.169141,,,,,,
148578,,,,,,,,,-0.000000,0.000000,,,-0.000218,-0.000032,0.043539,0.043536,,,,0.021709,0.845800,0.169141,,,,,,
148584,0.021708,0.845801,0.169141,0.000000,1.000000,0.783802,0.000000,0.000000,,,2.937680,2.937680,,,,,0.004559,0.155653,0.614661,,,,,,,,,
148588,,,,,,,,,,,,,-0.000183,-0.000027,0.043480,0.043478,,,,0.021702,0.845802,0.169141,,,,,,
148594,,,,,,,,,-0.000000,0.000000,,,,,,,,,,,,,,,,,,
148598,,,,,,,,,-0.000000,0.000000,,,-0.000154,-0.000023,0.043480,0.043478,,,,0.021707,0.845803,0.169141,,,,,,
148608,,,,,,,,,-0.000000,0.000000,,,-0.000130,-0.000019,0.043480,0.043478,,,,0.021712,0.845799,0.169141,,,,,,
148618,,,,,,,,,-0.000000,0.000000,,,-0.000109,-0.000016,0.043479,0.043478,,,,0.021710,0.845795,0.169141,,,,,,
148628,,,,,,,,,-0.000000,0.000000,,,-0.000092,-0.000014,0.043479,0.043478,,,,0.021712,0.845800,0.169141,,,,,,
148634,0.021711,0.845800,0.169141,0.000000,1.000000,0.783802,0.000000,0.000000,,,2.935633,2.935633,,,,,0.004556,0.155654,0.614661,,,,,,,,,
148638,,,,,,,,,-0.000000,0.000000,,,-0.000077,-0.000011,0.043449,0.043448,,,,0.021714,0.845803,0.169141,,,,,,
148648,,,,,,,,,,,,,,,,,,,,0.021715,0.845827,0.169114,,,,,,
148653,,,,,,,,,-0.000000,0.000000,,,-0.000065,-0.000010,0.043448,0.043448,,,,,,,,,,,,
148658,,,,,,,,,-0.000000,0.000000,,,-0.000055,-0.000008,0.043448,0.043447,,,,0.021716,0.845807,0.169141,,,,,,
148668,,,,,,,,,-0.000000,0.000000,,,-0.000046,-0.000007,0.043448,0.043447,,,,0.021713,0.845800,0.169141,,,,,,
148678,,,,,,,,,-0.000000,0.000000,,,-0.000039,-0.000006,0.043448,0.043447,,,,0.021714,0.845802,0.169141,,,,,,
148684,0.021713,0.845802,0.169141,0.000000,1.000000,0.783802,0.000000,0.000000,,,2.934099,2.934099,,,,,0.004553,0.155653,0.614661,,,,,,,,,
148688,,,,,,,,,-0.000000,0.000000,,,-0.000033,-0.000005,0.043425,0.043425,,,,0.021715,0.845805,0.169141,,,,,,
148698,,,,,,,,,-0.000000,0.000000,,,-0.000027,-0.000004,0.043425,0.043425,,,,0.021718,0.845828,0.169114,,,,,,
148707,,,,,,,,,-0.000000,0.000000,,,-0.000023,-0.000003,0.043425,0.043425,,,,0.021719,0.845813,0.169141,,,,,,
148718,,,,,,,,,-0.000000,0.000000,,,-0.000019,-0.000003,0.043425,0.043425,,,,0.021717,0.845804,0.169141,,,,,,
148728,,,,,,,,,-0.000000,0.000000,,,-0.000016,-0.000002,0.043425,0.043425,,,,0.021722,0.845804,0.169141,,,,,,
148734,0.021722,0.845804,0.169141,0.000000,1.000000,0.783802,0.000000,0.000000,,,2.928730,2.928730,,,,,0.004545,0.155652,0.614661,,,,,,,,,
148738,,,,,,,,,-0.000000,0.000000,,,-0.000014,-0.000002,0.043345,0.043345,,,,0.021715,0.845805,0.169141,,,,,,
148748,,,,,,,,,,,,,,,,,,,,0.021720,0.845804,0.169141,,,,,,
148753,,,,,,,,,-0.000000,0.000000,,,-0.000012,-0.000002,0.043345,0.043345,,,,,,,,,,,,
148758,,,,,,,,,-0.000000,0.000000,,,-0.000010,-0.000001,0.043345,0.043345,,,,0.021722,0.845807,0.169141,,,,,,
148768,,,,,,,,,-0.000000,0.000000,,,-0.000008,-0.000001,0.043345,0.043345,,,,0.021718,0.845806,0.169141,,,,,,
148778,,,,,,,,,-0.000000,0.000000,,,-0.000007,-0.000001,0.043345,0.043345,,,,0.021718,0.845801,0.169141,,,,,,
148784,0.021718,0.845802,0.169141,0.000000,1.000000,0.783802,0.000000,0.000000,,,2.930957,2.930957,,,,,0.004549,0.155654,0.614661,,,,,,,,,
148788,,,,,,,,,-0.000000,0.000000,,,-0.000006,-0.000001,0.043378,0.043378,,,,0.021717,0.845824,0.169114,,,,,,
148798,,,,,,,,,-0.000000,0.000000,,,-0.000005,-0.000001,0.043378,0.043378,,,,0.021722,0.845829,0.169114,,,,,,
148808,,,,,,,,,-0.000000,0.000000,,,-0.000004,-0.000001,0.043378,0.043378,,,,0.021722,0.845804,0.169141,,,,,,
148818,,,,,,,,,-0.000000,0.000000,,,-0.000003,-0.000001,0.043378,0.043378,,,,0.021720,0.845798,0.169141,,,,,,
148828,,,,,,,,,-0.000000,0.000000,,,-0.000003,-0.000000,0.043378,0.043378,,,,0.021722,0.845823,0.169114,,,,,,
148834,0.021721,0.845821,0.169116,0.000000,1.000000,0.783802,0.000000,0.000000,,,2.924476,2.924476,,,,,0.004538,0.155635,0.614686,,,,,,,,,
148838,,,,,,,,,-0.000000,0.000000,,,-0.000002,-0.000000,0.043282,0.043282,,,,0.021727,0.845826,0.169114,,,,,,
148848,,,,,,,,,-0.000000,0.000000,,,-0.000002,-0.000000,0.043282,0.043282,,,,0.021722,0.845829,0.169114,,,,,,
148858,,,,,,,,,-0.000000,0.000000,,,-0.000002,-0.000000,0.043282,0.043282,,,,0.021728,0.845829,0.169114,,,,,,
148868,,,,,,,,,-0.000000,0.000000,,,-0.000001,-0.000000,0.043282,0.043282,,,,0.021722,0.845801,0.169141,,,,,,
148878,,,,,,,,,-0.000000,0.000000,,,-0.000001,-0.000000,0.043282,0.043282,,,,0.021721,0.845828,0.169114,,,,,,
148884,0.021721,0.845828,0.169114,0.000000,1.000000,0.783802,0.000000,0.000000,,,2.923528,2.923528,,,,,0.004537,0.155629,0.614688,,,,,,,,,
148887,,,,,,,,,-0.000000,0.000000,,,-0.000001,-0.000000,0.043268,0.043268,,,,0.021715,0.845812,0.169141,,,,,,
148898,,,,,,,,,-0.000000,0.000000,,,-0.000001,-0.000000,0.043268,0.043268,,,,0.021714,0.845807,0.169141,,,,,,
148907,,,,,,,,,-0.000000,0.000000,,,-0.000001,-0.000000,0.043268,0.043268,,,,0.021722,0.845828,0.169114,,,,,,
148918,,,,,,,,,-0.000000,0.000000,,,-0.000001,-0.000000,0.043268,0.043268,,,,0.021725,0.845806,0.169114,,,,,,
148928,,,,,,,,,-0.000000,0.000000,,,-0.000001,-0.000000,0.043268,0.043268,,,,0.021720,0.845805,0.169141,,,,,,
148934,0.021720,0.845807,0.169139,0.000000,1.000000,0.783802,0.000000,0.000000,,,2.929072,2.929072,,,,,0.004546,0.155649,0.614664,,,,,,,,,
148938,,,,,,,,,-0.000000,0.000000,,,-0.000000,-0.000000,0.043350,0.043350,,,,0.021718,0.845809,0.169141,,,,,,
148948,,,,,,,,,-0.000000,0.000000,,,-0.000000,-0.000000,0.043350,0.043350,,,,0.021717,0.845808,0.169141,,,,,,
148958,,,,,,,,,-0.000000,0.000000,,,-0.000000,-0.000000,0.043350,0.043350,,,,0.021720,0.845810,0.169141,,,,,,
148968,,,,,,,,,-0.000000,0.000000,,,-0.000000,-0.000000,0.043350,0.043350,,,,0.021728,0.845824,0.169114,,,,,,
148977,,,,,,,,,-0.000000,0.000000,,,-0.000000,-0.000000,0.043350,0.043350,,,,0.021726,0.845809,0.169141,,,,,,
148984,0.021725,0.845809,0.169141,0.000000,1.000000,0.783802,0.000000,0.000000,,,2.925694,2.925694,,,,,0.004540,0.155648,0.614661,,,,,,,,,
148988,,,,,,,,,-0.000000,0.000000,,,-0.000000,-0.000000,0.043300,0.043300,,,,0.021729,0.845802,0.169141,,,,,,
148998,,,,,,,,,-0.000000,0.000000,,,-0.000000,-0.000000,0.043300,0.043300,,,,0.021736,0.845806,0.169141,,,,,,
149008,,,,,,,,,,,,,,,,,,,,0.021733,0.845829,0.169114,,,,,,
149013,,,,,,,,,-0.000000,0.000000,,,-0.000000,-0.000000,0.043300,0.043300,,,,,,,,,,,,
149018,,,,,,,,,-0.000000,0.000000,,,-0.000000,-0.000000,0.043300,0.043300,,,,0.021735,0.845810,0.169141,,,,,,
149027,,,,,,,,,-0.000000,0.000000,,,-0.000000,-0.000000,0.043300,0.043300,,,,0.021734,0.845803,0.169141,,,,,,
149034,0.021733,0.845804,0.169141,0.000000,1.000000,0.783802,0.000000,0.000000,,,2.921535,2.921535,,,,,0.004534,0.155654,0.614661,,,,,,,,,
149038,,,,,,,,,-0.000000,0.000000,,,-0.000000,-0.000000,0.043239,0.043239,,,,0.021727,0.845805,0.169141,,,,,,
149048,,,,,,,,,-0.000000,0.000000,,,-0.000000,-0.000000,0.043239,0.043239,,,,0.021734,0.845803,0.169141,,,,,,
149058,,,,,,,,,-0.000000,0.000000,,,-0.000000,-0.000000,0.043239,0.043239,,,,0.021733,0.845805,0.169141,,,,,,
149068,,,,,,,,,-0.000000,0.000000,,,-0.000000,-0.000000,0.043239,0.043239,,,,0.021732,0.845804,0.169141,,,,,,
149078,,,,,,,,,-0.000000,0.000000,,,-0.000000,-0.000000,0.043239,0.043239,,,,0.021733,0.845805,0.169141,,,,,,
149084,0.021733,0.845805,0.169141,0.000000,1.000000,0.783802,0.000000,0.000000,,,2.921365,2.921365,,,,,0.004534,0.155653,0.614661,,,,,,,,,
149088,,,,,,,,,-0.000000,0.000000,,,-0.000000,-0.000000,0.043236,0.043236,,,,0.021734,0.845808,0.169141,,,,,,
149098,,,,,,,,,-0.000000,0.000000,,,-0.000000,-0.000000,0.043236,0.043236,,,,0.021735,0.845834,0.169114,,,,,,
149107,,,,,,,,,,,,,-0.000000,-0.000000,0.043236,0.043236,,,,0.021740,0.845833,0.169114,,,,,,
149114,,,,,,,,,-0.000000,0.000000,,,,,,,,,,,,,,,,,,
149118,,,,,,,,,-0.000000,0.000000,,,-0.000000,-0.000000,0.043236,0.043236,,,,0.021737,0.845832,0.169114,,,,,,
149127,,,,,,,,,-0.000000,0.000000,,,-0.000000,-0.000000,0.043236,0.043236,,,,0.021731,0.845811,0.169141,,,,,,
149134,0.021732,0.845811,0.169141,0.000000,1.000000,0.783802,0.000000,0.000000,,,2.921623,2.921623,,,,,0.004534,0.155647,0.614661,,,,,,,,,
149137,,,,,,,,,-0.000000,0.000000,,,-0.000000,-0.000000,0.043240,0.043240,,,,0.021735,0.845833,0.169114,,,,,,
149148,,,,,,,,,-0.000000,0.000000,,,-0.000000,-0.000000,0.043240,0.043240,,,,0.021738,0.845835,0.169114,,,,,,
149158,,,,,,,,,-0.000000,0.000000,,,-0.000000,-0.000000,0.043240,0.043240,,,,0.021745,0.845805,0.169141,,,,,,
149168,,,,,,,,,,,,,,,,,,,,0.021745,0.845832,0.169114,,,,,,
149173,,,,,,,,,-0.000000,0.000000,,,-0.000000,-0.000000,0.043240,0.043240,,,,,,,,,,,,
149178,,,,,,,,,-0.000000,0.000000,,,-0.000000,-0.000000,0.043240,0.043240,,,,0.021731,0.845813,0.169141,,,,,,
149184,0.021731,0.845812,0.169141,0.000000,1.000000,0.783802,0.000000,0.000000,,,2.921527,2.921527,,,,,0.004534,0.155645,0.614661,,,,,,,,,
149188,,,,,,,,,-0.000000,0.000000,,,-0.000000,-0.000000,0.043239,0.043239,,,,0.021737,0.845804,0.169141,,,,,,
149198,,,,,,,,,-0.000000,0.000000,,,-0.000000,-0.000000,0.043239,0.043239,,,,0.021743,0.845804,0.169141,,,,,,
149208,,,,,,,,,-0.000000,0.000000,,,-0.000000,-0.000000,0.043239,0.043239,,,,0.021735,0.845812,0.169141,,,,,,
149218,,,,,,,,,-0.000000,0.000000,,,-0.000000,-0.000000,0.043239,0.043239,,,,0.021733,0.845809,0.169141,,,,,,
149228,,,,,,,,,-0.000000,0.000000,,,-0.000000,-0.000000,0.043239,0.043239,,,,0.021743,0.845807,0.169141,,,,,,
149234,0.021742,0.845808,0.169141,0.000000,1.000000,0.783802,0.000000,0.000000,,,2.915462,2.915462,,,,,0.004524,0.155652,0.614661,,,,,,,,,
149238,,,,,,,,,-0.000000,0.000000,,,-0.000000,-0.000000,0.043149,0.043149,,,,0.021745,0.845807,0.169141,,,,,,
149248,,,,,,,,,-0.000000,0.000000,,,-0.000000,-0.000000,0.043149,0.043149,,,,0.021743,0.845805,0.169141,,,,,,
149258,,,,,,,,,-0.000000,0.000000,,,-0.000000,-0.000000,0.043149,0.043149,,,,0.021742,0.845806,0.169141,,,,,,
149267,,,,,,,,,,,,,,,,,,,,0.021743,0.845803,0.169114,,,,,,
149284,0.021743,0.845803,0.169116,0.000000,1.000000,0.783802,0.000000,0.000000,-0.000000,0.000000,,,-0.000000,-0.000000,0.043149,0.043149,,,,,,,,,,,,
149287,,,,,,,,,-0.000000,0.000000,2.912516,2.912516,-0.000000,-0.000000,0.043105,0.043105,0.004520,0.155657,0.614686,,,,,,,,,
149298,,,,,,,,,-0.000000,0.000000,,,-0.000000,-0.000000,0.043105,0.043105,,,,,,,,,,,,
149308,,,,,,,,,-0.000000,0.000000,,,-0.000000,-0.000000,0.043105,0.043105,,,,0.021737,0.845808,0.169141,,,,,,
149318,,,,,,,,,-0.000000,0.000000,,,-0.000000,-0.000000,0.043105,0.043105,,,,0.021737,0.845810,0.169141,,,,,,
149328,,,,,,,,,-0.000000,0.000000,,,-0.000000,-0.000000,0.043105,0.043105,,,,0.021741,0.845829,0.169114,,,,,,
149336,0.021741,0.845827,0.169114,0.000000,1.000000,0.783802,0.000000,0.000000,,,2.911204,2.911204,-0.000000,-0.000000,0.043086,0.043086,0.004518,0.155633,0.614688,0.021746,0.845813,0.169141,,,,,,
149339,,,,,,,,,-0.000000,0.000000,,,,,,,,,,,,,,,,,,
149348,,,,,,,,,-0.000000,0.000000,,,-0.000000,-0.000000,0.043086,0.043086,,,,0.021749,0.845808,0.169141,,,,,,
149358,,,,,,,,,-0.000000,0.000000,,,-0.000000,-0.000000,0.043086,0.043086,,,,0.021741,0.845827,0.169114,,,,,,
149367,,,,,,,,,-0.000000,0.000000,,,-0.000000,-0.000000,0.043086,0.043086,,,,0.021736,0.845811,0.169141,,,,,,
149378,,,,,,,,,-0.000000,0.000000,,,-0.000000,-0.000000,0.043086,0.043086,,,,0.021744,0.845834,0.169114,,,,,,
149384,0.021744,0.845833,0.169114,0.000000,1.000000,0.783802,0.000000,0.000000,,,2.908678,2.908678,,,,,0.004514,0.155627,0.614688,,,,,,,,,
149387,,,,,,,,,,,,,,,,,,,,0.021744,0.845814,0.169141,,,,,,
149393,,,,,,,,,-0.000000,0.000000,,,-0.000000,-0.000000,0.043048,0.043048,,,,,,,,,,,,
149398,,,,,,,,,-0.000000,0.000000,,,-0.000000,-0.000000,0.043048,0.043048,,,,0.021748,0.845834,0.169114,,,,,,
149408,,,,,,,,,-0.000000,0.000000,,,-0.000000,-0.000000,0.043048,0.043048,,,,0.021749,0.845807,0.169141,,,,,,
149418,,,,,,,,,-0.000000,0.000000,,,-0.000000,-0.000000,0.043048,0.043048,,,,0.021738,0.845805,0.169141,,,,,,
149428,,,,,,,,,-0.000000,0.000000,,,-0.000000,-0.000000,0.043048,0.043048,,,,0.021743,0.845801,0.169141,,,,,,
149434,0.021743,0.845804,0.169138,0.000000,1.000000,0.783802,0.000000,0.000000,,,2.914786,2.914786,,,,,0.004523,0.155656,0.614664,,,,,,,,,
149438,,,,,,,,,-0.000000,0.000000,,,-0.000000,-0.000000,0.043139,0.043139,,,,0.021749,0.845829,0.169114,,,,,,
149448,,,,,,,,,,,,,,,,,,,,0.021743,0.845813,0.169141,,,,,,
149453,,,,,,,,,-0.000000,0.000000,,,-0.000000,-0.000000,0.043139,0.043139,,,,,,,,,,,,
149457,,,,,,,,,-0.000000,0.000000,,,-0.000000,-0.000000,0.043139,0.043139,,,,0.021740,0.845806,0.169141,,,,,,
149468,,,,,,,,,-0.000000,0.000000,,,-0.000000,-0.000000,0.043139,0.043139,,,,0.021750,0.845839,0.169114,,,,,,
149478,,,,,,,,,-0.000000,0.000000,,,-0.000000,-0.000000,0.043139,0.043139,,,,0.021750,0.845815,0.169114,,,,,,
149484,0.021750,0.845814,0.169116,0.000001,1.000001,0.783802,0.000000,0.000000,,,2.907885,2.907885,,,,,0.004513,0.155648,0.614686,,,,,,,,,
149488,,,,,,,,,-0.000000,0.000000,,,-0.000000,-0.000000,0.043037,0.043037,,,,0.021751,0.845810,0.169141,,,,,,
149498,,,,,,,,,-0.000000,0.000000,,,-0.000000,-0.000000,0.043037,0.043037,,,,0.021749,0.845806,0.169141,,,,,,
149508,,,,,,,,,-0.000000,0.000000,,,-0.000000,-0.000000,0.043037,0.043037,,,,0.021751,0.845804,0.169141,,,,,,
149518,,,,,,,,,-0.000000,0.000000,,,-0.000000,-0.000000,0.043037,0.043037,,,,0.021748,0.845802,0.169141,,,,,,
149528,,,,,,,,,-0.000000,0.000000,,,-0.000000,-0.000000,0.043037,0.043037,,,,0.021753,0.845806,0.169141,,,,,,
149534,0.021753,0.845806,0.169139,0.000007,1.000007,0.783802,0.000074,-0.000000,,,2.916072,2.918225,,,,,0.004521,0.155661,0.614663,,,,,,,,,
149538,,,,,,,,,-0.000000,0.000000,,,-0.000000,-0.000000,0.043158,0.043190,,,,0.021756,0.845803,0.169141,,,,,,
149548,,,,,,,,,-0.000000,0.000000,,,-0.000000,-0.000000,0.043158,0.043190,,,,0.021750,0.845807,0.169141,,,,,,
149558,,,,,,,,,-0.000000,0.000000,,,-0.000000,-0.000000,0.043158,0.043190,,,,0.021749,0.845803,0.169141,,,,,,
149568,,,,,,,,,-0.000000,0.000000,,,-0.000000,-0.000000,0.043158,0.043190,,,,0.021748,0.845808,0.169141,,,,,,
149578,,,,,,,,,-0.000000,0.000000,,,-0.000000,-0.000000,0.043158,0.043190,,,,0.021744,0.845811,0.169141,,,,,,
149584,0.021745,0.845811,0.169141,0.000023,1.000023,0.783802,0.000294,-0.000000,,,2.940888,2.949439,,,,,0.004547,0.155668,0.614661,,,,,,,,,
149588,,,,,,,,,-0.000000,0.000000,,,-0.000000,-0.000000,0.043525,0.043652,,,,0.021749,0.845804,0.169141,,,,,,
149598,,,,,,,,,-0.000000,0.000000,,,-0.000000,-0.000000,0.043525,0.043652,,,,0.021748,0.845815,0.169141,,,,,,
149608,,,,,,,,,-0.000000,0.000000,,,-0.000000,-0.000000,0.043525,0.043652,,,,0.021755,0.845809,0.169141,,,,,,
149618,,,,,,,,,-0.000000,0.000000,,,-0.000000,-0.000000,0.043525,0.043652,,,,0.021753,0.845835,0.169114,,,,,,
149628,,,,,,,,,-0.000000,0.000000,,,-0.000000,-0.000000,0.043525,0.043652,,,,0.021754,0.845813,0.169141,,,,,,
149634,0.021753,0.845813,0.169141,0.000055,1.000055,0.783802,0.000655,-0.000002,,,2.972466,2.991507,,,,,0.004576,0.155693,0.614661,,,,,,,,,
149638,,,,,,,,,-0.000000,0.000000,,,-0.000000,-0.000000,0.043993,0.044274,,,,0.021751,0.845834,0.169114,,,,,,
149648,,,,,,,,,-0.000000,0.000000,,,-0.000000,-0.000000,0.043993,0.044274,,,,0.021753,0.845812,0.169141,,,,,,
149658,,,,,,,,,-0.000000,0.000000,,,-0.000000,-0.000000,0.043993,0.044274,,,,0.021750,0.845810,0.169141,,,,,,
149668,,,,,,,,,-0.000000,0.000000,,,-0.000000,-0.000000,0.043993,0.044274,,,,0.021755,0.845808,0.169141,,,,,,
149678,,,,,,,,,-0.000000,0.000000,,,-0.000000,-0.000000,0.043993,0.044274,,,,0.021753,0.845810,0.169141,,,,,,
149684,0.021753,0.845810,0.169141,0.000107,1.000106,0.783801,0.001152,-0.000009,,,3.029457,3.062919,,,,,0.004636,0.155738,0.614660,,,,,,,,,
149687,,,,,,,,,-0.000000,0.000000,,,-0.000000,-0.000000,0.044836,0.045331,,,,0.021752,0.845809,0.169141,,,,,,
149698,,,,,,,,,-0.000000,0.000000,,,-0.000000,-0.000000,0.044836,0.045331,,,,0.021754,0.845807,0.169141,,,,,,
149715,,,,,,,,,-0.000000,0.000000,,,-0.000000,-0.000000,0.044836,0.045331,,,,0.021754,0.845807,0.169141,,,,,,
149718,,,,,,,,,-0.000000,0.000000,,,-0.000000,-0.000000,0.044836,0.045331,,,,0.021758,0.845834,0.169114,,,,,,
149729,,,,,,,,,-0.000000,0.000000,,,-0.000000,-0.000000,0.044836,0.045331,,,,0.021757,0.845836,0.169114,,,,,,
149734,0.021757,0.845834,0.169116,0.000183,1.000182,0.783799,0.001782,-0.000027,,,3.101751,3.153448,,,,,0.004712,0.155777,0.614683,,,,,,,,,
149738,,,,,,,,,-0.000000,0.000000,,,-0.000000,-0.000000,0.045906,0.046671,,,,0.021752,0.845813,0.169114,,,,,,
149748,,,,,,,,,-0.000000,0.000000,,,-0.000000,-0.000000,0.045906,0.046671,,,,0.021752,0.845809,0.169114,,,,,,
149758,,,,,,,,,-0.000000,0.000000,,,-0.000000,-0.000000,0.045906,0.046671,,,,0.021753,0.845827,0.169114,,,,,,
149768,,,,,,,,,-0.000000,0.000000,,,-0.000000,-0.000000,0.045906,0.046671,,,,0.021754,0.845835,0.169114,,,,,,
149778,,,,,,,,,-0.000000,0.000000,,,-0.000000,-0.000000,0.045906,0.046671,,,,0.021754,0.845836,0.169114,,,,,,
149784,0.021754,0.845836,0.169114,0.000288,1.000287,0.783794,0.002540,-0.000067,,,3.208914,3.282459,,,,,0.004836,0.155861,0.614680,,,,,,,,,
149788,,,,,,,,,-0.000000,0.000000,,,-0.000000,-0.000000,0.047492,0.048580,,,,0.021755,0.845810,0.169141,,,,,,
149798,,,,,,,,,-0.000000,0.000000,,,-0.000000,-0.000000,0.047492,0.048580,,,,0.021755,0.845808,0.169141,,,,,,
149808,,,,,,,,,,,,,,,,,,,,0.021754,0.845809,0.169141,,,,,,
149813,,,,,,,,,-0.000000,0.000000,,,-0.000000,-0.000000,0.047492,0.048580,,,,,,,,,,,,
149818,,,,,,,,,-0.000000,0.000000,,,-0.000000,-0.000000,0.047492,0.048580,,,,0.021753,0.845806,0.169141,,,,,,
149828,,,,,,,,,-0.000000,0.000000,,,-0.000000,-0.000000,0.047492,0.048580,,,,0.021776,0.845802,0.169141,,,,,,
149834,0.021774,0.845805,0.169139,0.000427,1.000425,0.783784,0.003422,-0.000142,,,3.337444,3.436273,,,,,0.004985,0.156007,0.614645,,,,,,,,,
149838,,,,,,,,,-0.000000,0.000000,,,-0.000000,-0.000000,0.049394,0.050857,,,,0.021750,0.845814,0.169141,,,,,,
149848,,,,,,,,,-0.000000,0.000000,,,-0.000000,-0.000000,0.049394,0.050857,,,,0.021756,0.845810,0.169141,,,,,,
149858,,,,,,,,,-0.000000,0.000000,,,-0.000000,-0.000000,0.049394,0.050857,,,,0.021757,0.845806,0.169141,,,,,,
149868,,,,,,,,,,,,,,,,,,,,0.021757,0.845809,0.169141,,,,,,
149873,,,,,,,,,-0.000000,0.000000,,,-0.000000,-0.000000,0.049394,0.050857,,,,,,,,,,,,
149878,,,,,,,,,-0.000000,0.000000,,,-0.000000,-0.000000,0.049394,0.050857,,,,0.021757,0.845808,0.169141,,,,,,
149884,0.021759,0.845808,0.169141,0.000603,1.000601,0.783765,0.004424,-0.000271,,,3.515212,3.642544,,,,,0.005203,0.156146,0.614625,,,,,,,,,
149888,,,,,,,,,-0.000000,0.000000,,,-0.000000,-0.000000,0.052025,0.053910,,,,0.021747,0.845809,0.169141,,,,,,
149897,,,,,,,,,-0.000000,0.000000,,,-0.000000,-0.000000,0.052025,0.053910,,,,0.021756,0.845787,0.169114,,,,,,
149908,,,,,,,,,-0.000000,0.000000,,,-0.000000,-0.000000,0.052025,0.053910,,,,0.021802,0.845801,0.171891,,,,,,
149918,,,,,,,,,-0.000000,0.000000,,,-0.000000,-0.000000,0.052025,0.053910,,,,0.021876,0.845803,0.171891,,,,,,
149927,,,,,,,,,-0.000000,0.000000,,,-0.000000,-0.000000,0.052025,0.053910,,,,0.021931,0.845799,0.171891,,,,,,
149934,0.021917,0.845800,0.171660,0.000820,1.000818,0.783734,0.005540,-0.000480,,,3.873000,4.031318,,,,,0.005694,0.156344,0.612074,,,,,,,,,
149938,,,,,,,,,-0.000000,0.000000,,,-0.000000,-0.000000,0.057320,0.059664,,,,0.021966,0.845810,0.171891,,,,,,
149948,,,,,,,,,-0.000000,0.000000,,,-0.000000,-0.000000,0.057320,0.059664,,,,0.021973,0.845810,0.171891,,,,,,
149958,,,,,,,,,-0.000000,0.000000,,,-0.000000,-0.000000,0.057320,0.059664,,,,0.021954,0.845811,0.171891,,,,,,
149968,,,,,,,,,-0.000000,0.000000,,,-0.000000,-0.000000,0.057320,0.059664,,,,0.021930,0.845801,0.171891,,,,,,
149978,,,,,,,,,-0.000000,0.000000,,,-0.000000,-0.000000,0.057320,0.059664,,,,0.021927,0.845805,0.171891,,,,,,
149984,0.021926,0.845804,0.171872,0.001083,1.001080,0.783683,0.006768,-0.000797,,,4.129604,4.321914,,,,,0.006021,0.156552,0.611811,,,,,,,,,
149988,,,,,,,,,-0.000000,0.000000,,,-0.000000,-0.000000,0.061118,0.063964,,,,0.021933,0.845810,0.171891,,,,,,
149998,,,,,,,,,-0.000000,0.000000,,,-0.000000,-0.000000,0.061118,0.063964,,,,0.021952,0.845808,0.171891,,,,,,
150008,,,,,,,,,-0.000000,0.000000,,,-0.000000,-0.000000,0.061118,0.063964,,,,0.021954,0.845803,0.171865,,,,,,
150018,,,,,,,,,-0.000000,0.000000,,,-0.000000,-0.000000,0.061118,0.063964,,,,0.021948,0.845803,0.171891,,,,,,
150028,,,,,,,,,,,,,,,,,,,,0.021943,0.845802,0.171891,,,,,,
150034,0.021942,0.845803,0.171890,0.001395,1.001391,0.783605,0.008103,-0.001258,-0.000000,0.000000,4.403963,4.632675,-0.000000,-0.000000,0.061118,0.063964,0.006369,0.156810,0.611715,,,,,,,,,
150038,,,,,,,,,-0.000000,0.000000,,,-0.000000,-0.000000,0.065179,0.068564,,,,0.021950,0.845800,0.171865,,,,,,
150048,,,,,,,,,-0.000000,0.000000,,,-0.000000,-0.000000,0.065179,0.068564,,,,0.021962,0.845804,0.171865,,,,,,
150058,,,,,,,,,-0.000000,0.000000,,,-0.000000,-0.000000,0.065179,0.068564,,,,0.021969,0.845800,0.171865,,,,,,
150068,,,,,,,,,-0.000000,0.000000,,,-0.000000,-0.000000,0.065179,0.068564,,,,0.021969,0.845802,0.171891,,,,,,
150078,,,,,,,,,-0.000000,0.000000,,,-0.000000,-0.000000,0.065179,0.068564,,,,0.021971,0.845802,0.171865,,,,,,
150084,0.021969,0.845802,0.171867,0.001760,1.001754,0.783489,0.009540,-0.001907,,,4.710762,4.977893,,,,,0.006760,0.157111,0.611622,,,,,,,,,
150088,,,,,,,,,-0.000000,0.000000,,,-0.000000,-0.000000,0.069719,0.073673,,,,0.021986,0.845804,0.171865,,,,,,
150098,,,,,,,,,-0.000000,0.000000,,,-0.000000,-0.000000,0.069719,0.073673,,,,0.021985,0.845803,0.171865,,,,,,
150108,,,,,,,,,-0.000000,0.000000,,,-0.000000,-0.000000,0.069719,0.073673,,,,0.021983,0.845798,0.171865,,,,,,
150118,,,,,,,,,-0.000000,0.000000,,,-0.000000,-0.000000,0.069719,0.073673,,,,0.021985,0.845802,0.171865,,,,,,
150128,,,,,,,,,-0.000000,0.000000,,,-0.000000,-0.000000,0.069719,0.073673,,,,0.021994,0.845803,0.171865,,,,,,
150135,0.021992,0.845803,0.171865,0.002181,1.002174,0.783321,0.011076,-0.002789,,,5.068141,5.375368,,,,,0.007224,0.157455,0.611456,,,,,,,,,
150138,,,,,,,,,-0.000000,0.000000,,,-0.000000,-0.000000,0.075008,0.079555,,,,0.021999,0.845804,0.171865,,,,,,
150148,,,,,,,,,-0.000000,0.000000,,,-0.000000,-0.000000,0.075008,0.079555,,,,0.021996,0.845806,0.171865,,,,,,
150157,,,,,,,,,-0.000000,0.000000,,,-0.000000,-0.000000,0.075008,0.079555,,,,0.021992,0.845807,0.171865,,,,,,
150168,,,,,,,,,-0.000000,0.000000,,,-0.000000,-0.000000,0.075008,0.079555,,,,0.021994,0.845806,0.171865,,,,,,
150177,,,,,,,,,-0.000000,0.000000,,,-0.000000,-0.000000,0.075008,0.079555,,,,0.022001,0.845807,0.171865,,,,,,
150184,0.022000,0.845807,0.171865,0.002662,1.002652,0.783087,0.012706,-0.003960,,,5.483075,5.831638,,,,,0.007770,0.157842,0.611222,,,,,,,,,
150187,,,,,,,,,,,,,,,,,,,,0.022006,0.845817,0.171891,,,,,,
150193,,,,,,,,,0.027467,0.652434,,,-0.000000,0.544543,0.081150,0.078249,,,,,,,,,,,,
150198,,,,,,,,,-0.000000,0.000000,,,-0.000000,0.458179,0.081150,0.079527,,,,0.022017,0.845818,0.174669,,,,,,
150208,,,,,,,,,-0.000000,0.000000,,,-0.000000,0.385511,0.081150,0.080603,,,,0.022032,0.845807,0.174643,,,,,,
150218,,,,,,,,,0.027467,0.652434,,,-0.000000,0.868912,0.081150,0.073448,,,,0.022106,0.845821,0.177448,,,,,,
150228,,,,,,,,,-0.000000,0.000000,,,-0.000000,0.731103,0.081150,0.075488,,,,0.022245,0.845813,0.180226,,,,,,
150236,0.022225,0.845812,0.179525,0.003205,1.003192,0.782766,0.014425,-0.005480,,,6.598231,6.985401,-0.000000,0.615150,0.097654,0.094280,0.009388,0.158247,0.603241,0.022431,0.845833,0.182979,,,,,,
150239,,,,,,,,,-0.000000,0.000000,,,,,,,,,,,,,,,,,,
150248,,,,,,,,,0.054935,0.000000,,,0.544543,1.062130,0.089595,0.087664,,,,0.022578,0.845844,0.182988,,,,,,
150258,,,,,,,,,-0.000000,0.000000,,,0.458179,0.893676,0.090873,0.090158,,,,0.022707,0.845861,0.185767,,,,,,
150268,,,,,,,,,-0.000000,0.000000,,,0.385511,0.751939,0.091948,0.092255,,,,0.022791,0.845867,0.185767,,,,,,
150278,,,,,,,,,0.027467,0.652434,,,0.324369,1.177225,0.092853,0.085961,,,,0.022873,0.845874,0.188547,,,,,,
150284,0.022932,0.845891,0.190527,0.003813,1.003797,0.782337,0.016228,-0.007415,,,7.802569,8.225966,,,,,0.011131,0.158669,0.591810,,,,,,,,,
150288,,,,,,,,,-0.000000,0.000000,,,0.272924,0.990517,0.111439,0.107085,,,,0.022963,0.845882,0.191357,,,,,,
150298,,,,,,,,,0.027467,0.652434,,,0.229638,1.377964,0.112079,0.101350,,,,0.023120,0.845866,0.194137,,,,,,
150308,,,,,,,,,0.027467,0.652434,,,0.193218,1.703962,0.112618,0.096526,,,,0.023327,0.845876,0.199699,,,,,,
150318,,,,,,,,,0.027467,0.652434,,,0.162573,1.978256,0.113072,0.092466,,,,0.023529,0.845920,0.205294,,,,,,
150328,,,,,,,,,-0.000000,0.000000,,,0.136789,1.664505,0.113454,0.097110,,,,0.023820,0.845945,0.210828,,,,,,
150334,0.023746,0.845940,0.209124,0.004490,1.004470,0.781773,0.018111,-0.009839,,,9.794292,10.247782,,,,,0.014075,0.159073,0.572649,,,,,,,,,
150338,,,,,,,,,0.054935,0.000000,,,0.659638,1.945057,0.135193,0.122880,,,,0.024121,0.845956,0.213611,,,,,,
150348,,,,,,,,,,,,,,,,,,,,0.024466,0.846038,0.213626,,,,,,
150353,,,,,,,,,0.082402,-0.652434,,,1.644105,2.181114,0.120623,0.119387,,,,,,,,,,,,
150358,,,,,,,,,0.054935,0.000000,,,1.927893,2.379732,0.116423,0.116447,,,,0.024924,0.846191,0.210892,,,,,,
150368,,,,,,,,,0.054935,0.000000,,,2.166672,2.546849,0.112889,0.113974,,,,0.025586,0.846328,0.208089,,,,,,
150378,,,,,,,,,0.082402,-0.652434,,,2.912124,2.687462,0.101856,0.111893,,,,0.026375,0.846518,0.202481,,,,,,
150384,0.026493,0.846537,0.200301,0.005238,1.005212,0.781043,0.020068,-0.012829,,,7.720271,8.218441,,,,,0.010740,0.159732,0.580743,,,,,,,,,
150388,,,,,,,,,0.054935,0.000000,,,2.994804,2.805773,0.069937,0.080107,,,,0.027206,0.846710,0.199687,,,,,,
150398,,,,,,,,,0.109870,0.000000,,,3.608914,3.449864,0.060848,0.070575,,,,0.028059,0.846897,0.196949,,,,,,
150408,,,,,,,,,0.082402,-0.652434,,,4.125627,3.447258,0.053201,0.070614,,,,0.028927,0.847096,0.194169,,,,,,
150418,,,,,,,,,0.027467,0.652434,,,3.471302,3.445066,0.062885,0.070646,,,,0.029808,0.847270,0.191327,,,,,,
150428,,,,,,,,,0.027467,0.652434,,,3.465296,3.443221,0.062974,0.070673,,,,0.030796,0.847434,0.191298,,,,,,
150434,0.030548,0.847383,0.194791,0.006060,1.006026,0.780113,0.022093,-0.016472,,,5.187026,5.726990,,,,,0.006683,0.160382,0.585322,,,,,,,,,
150437,,,,,,,,,0.082402,-0.652434,,,3.460243,3.441669,0.025556,0.033823,,,,0.031661,0.847641,0.188463,,,,,,
150448,,,,,,,,,,,,,,,,,,,,0.032495,0.847860,0.191182,,,,,,
150453,,,,,,,,,0.054935,0.000000,,,3.455991,3.440363,0.025619,0.033842,,,,,,,,,,,,
150458,,,,,,,,,-0.000000,0.000000,,,2.907870,2.894721,0.033731,0.041918,,,,0.033159,0.847938,0.193949,,,,,,
150468,,,,,,,,,-0.000000,0.000000,,,2.446682,2.435618,0.040557,0.048712,,,,0.033742,0.848008,0.196708,,,,,,
150478,,,,,,,,,0.054935,0.000000,,,2.603181,2.593872,0.038241,0.046370,,,,0.034249,0.848097,0.199448,,,,,,
150484,0.034164,0.848082,0.199057,0.006958,1.006913,0.778943,0.024180,-0.020861,,,4.031622,4.604213,,,,,0.004739,0.161074,0.579886,,,,,,,,,
150488,,,,,,,,,-0.000000,0.000000,,,2.190316,2.182483,0.027251,0.035842,,,,0.034736,0.848143,0.196613,,,,,,
150498,,,,,,,,,-0.000000,0.000000,,,1.842932,1.836341,0.032393,0.040965,,,,0.035180,0.848275,0.199339,,,,,,
150508,,,,,,,,,-0.000000,0.000000,,,1.550642,1.545097,0.036718,0.045275,,,,0.035458,0.848404,0.202087,,,,,,
150517,,,,,,,,,-0.000000,0.000000,,,1.304710,1.300045,0.040358,0.048902,,,,0.035682,0.848364,0.202057,,,,,,
150528,,,,,,,,,-0.000000,0.000000,,,1.097783,1.093857,0.043421,0.051953,,,,0.035810,0.848334,0.202057,,,,,,
150534,0.035672,0.848313,0.201805,0.007934,1.007875,0.777488,0.026321,-0.026095,,,4.176184,4.779039,,,,,0.004807,0.161884,0.575683,,,,,,,,,
150537,,,,,,,,,-0.000000,0.000000,,,0.923674,0.920371,0.048137,0.057108,,,,0.035855,0.848390,0.202057,,,,,,
150548,,,,,,,,,-0.000000,0.000000,,,0.777180,0.774400,0.050305,0.059269,,,,0.035789,0.848374,0.202057,,,,,,
150557,,,,,,,,,-0.000000,0.000000,,,0.653919,0.651580,0.052130,0.061086,,,,0.035646,0.848353,0.202071,,,,,,
150567,,,,,,,,,-0.000000,0.000000,,,0.550207,0.548240,0.053664,0.062616,,,,0.035403,0.848347,0.202103,,,,,,
150578,,,,,,,,,-0.000000,0.000000,,,0.462944,0.461289,0.054956,0.063903,,,,0.035111,0.848293,0.202140,,,,,,
150584,0.035159,0.848295,0.202112,0.008990,1.008913,0.775697,0.028511,-0.032285,,,5.438380,6.069229,,,,,0.006606,0.162602,0.573585,,,,,,,,,
150587,,,,,,,,,-0.000000,0.000000,,,0.389521,0.388128,0.074723,0.084080,,,,0.034693,0.848213,0.202193,,,,,,
150598,,,,,,,,,-0.000000,0.000000,,,0.327743,0.326571,0.075637,0.084991,,,,0.034176,0.848043,0.202271,,,,,,
150608,,,,,,,,,0.027467,0.652434,,,0.275763,0.819320,0.076407,0.077699,,,,0.033606,0.847855,0.205175,,,,,,
150618,,,,,,,,,-0.000000,0.000000,,,0.232027,0.689376,0.077054,0.079622,,,,0.032896,0.847780,0.205275,,,,,,
150627,,,,,,,,,0.027467,0.652434,,,0.195227,1.124584,0.077599,0.073181,,,,0.032710,0.847786,0.205275,,,,,,
150634,0.033028,0.847854,0.207747,0.010129,1.010028,0.773513,0.030739,-0.039548,,,8.413353,9.061887,,,,,0.011043,0.163410,0.565766,,,,,,,,,
150637,,,,,,,,,-0.000000,0.000000,,,0.164264,0.946225,0.122087,0.120112,,,,0.032835,0.847813,0.205208,,,,,,
150648,,,,,,,,,0.027467,0.652434,,,0.138212,1.340697,0.122472,0.114274,,,,0.032952,0.847807,0.210772,,,,,,
150658,,,,,,,,,-0.000000,0.000000,,,0.116292,1.128062,0.122797,0.117421,,,,0.033099,0.847807,0.213523,,,,,,
150668,,,,,,,,,0.027467,0.652434,,,0.097848,1.493694,0.123069,0.112009,,,,0.033051,0.847776,0.219190,,,,,,
150678,,,,,,,,,0.054935,0.000000,,,0.626872,1.801337,0.115240,0.107456,,,,0.033525,0.847864,0.221932,,,,,,
150684,0.033709,0.847911,0.220742,0.011352,1.011219,0.770873,0.032997,-0.048015,,,10.416733,11.068044,,,,,0.013943,0.164241,0.550132,,,,,,,,,
150688,,,,,,,,,0.054935,0.000000,,,1.071993,2.060188,0.138302,0.133316,,,,0.033997,0.847939,0.224717,,,,,,
150698,,,,,,,,,0.054935,0.000000,,,1.446518,2.277985,0.132759,0.130093,,,,0.034542,0.847995,0.224658,,,,,,
150707,,,,,,,,,,,,,,,,,,,,0.035150,0.848131,0.224658,,,,,,
150713,,,,,,,,,0.109870,0.000000,,,2.306187,3.005783,0.120036,0.119321,,,,,,,,,,,,
150718,,,,,,,,,0.027467,0.652434,,,1.940425,3.073609,0.125449,0.118318,,,,0.035897,0.848296,0.227477,,,,,,
150728,,,,,,,,,0.109870,0.000000,,,2.721760,3.675220,0.113886,0.109414,,,,0.036774,0.848422,0.227445,,,,,,
150734,0.036967,0.848481,0.226882,0.012660,1.012485,0.767705,0.035275,-0.057831,,,10.074076,10.726968,,,,,0.013207,0.165269,0.540823,,,,,,,,,
150738,,,,,,,,,0.082402,0.652434,,,2.834631,4.181417,0.107144,0.096874,,,,0.037756,0.848646,0.230254,,,,,,
150747,,,,,,,,,0.109870,0.000000,,,3.474145,4.607330,0.097679,0.090571,,,,0.038930,0.848883,0.227341,,,,,,
150758,,,,,,,,,0.109870,0.000000,,,4.012231,4.965693,0.089715,0.085267,,,,0.039798,0.848966,0.230184,,,,,,
150767,,,,,,,,,0.109870,0.000000,,,4.464977,5.267220,0.083015,0.080804,,,,0.040985,0.849317,0.230203,,,,,,
150778,,,,,,,,,0.082402,-0.652434,,,4.845918,4.976381,0.077377,0.085109,,,,0.041900,0.849494,0.232989,,,,,,
150784,0.041824,0.849483,0.229739,0.014055,1.013827,0.763929,0.037562,-0.069155,,,8.388433,9.037380,,,,,0.010386,0.166350,0.534190,,,,,,,,,
150788,,,,,,,,,0.082402,0.652434,,,4.621898,5.276213,0.055745,0.055665,,,,0.043092,0.849705,0.230145,,,,,,
150798,,,,,,,,,0.109870,0.000000,,,4.977951,5.528491,0.050475,0.051932,,,,0.044168,0.849946,0.230145,,,,,,
150808,,,,,,,,,0.027467,-0.652434,,,4.732990,4.651672,0.054101,0.064908,,,,0.045338,0.850153,0.232917,,,,,,
150818,,,,,,,,,0.054935,1.304868,,,3.982337,5.003003,0.065210,0.059709,,,,0.046423,0.850415,0.232917,,,,,,
150828,,,,,,,,,0.082402,-0.652434,,,4.439825,4.754069,0.058439,0.063393,,,,0.047436,0.850640,0.235694,,,,,,
150834,0.047303,0.850617,0.232457,0.015537,1.015241,0.759456,0.039846,-0.082171,,,6.353829,6.988440,,,,,0.007012,0.167514,0.526999,,,,,,,,,
150838,,,,,,,,,0.109870,0.000000,,,4.824754,5.089159,0.022630,0.028109,,,,0.048633,0.850835,0.238420,,,,,,
150847,,,,,,,,,-0.000000,0.000000,,,4.059547,4.282018,0.033955,0.040055,,,,0.049446,0.851082,0.241186,,,,,,
150858,,,,,,,,,0.027467,0.652434,,,3.415703,4.147433,0.043484,0.042047,,,,0.050386,0.851341,0.243937,,,,,,
150868,,,,,,,,,0.027467,-0.652434,,,3.418515,3.489649,0.043443,0.051782,,,,0.051169,0.851455,0.241121,,,,,,
150878,,,,,,,,,0.054935,0.000000,,,3.420881,3.480734,0.043408,0.051914,,,,0.052059,0.851717,0.235525,,,,,,
150884,0.051884,0.851678,0.235267,0.017109,1.016725,0.754185,0.042115,-0.097083,,,4.981892,5.589511,,,,,0.004656,0.168606,0.518918,,,,,,,,,
150887,,,,,,,,,0.027467,-0.652434,,,3.422872,2.928689,0.023073,0.039380,,,,0.052827,0.851954,0.235446,,,,,,
150897,,,,,,,,,-0.000000,0.000000,,,2.880004,2.464198,0.031108,0.046255,,,,0.053574,0.852106,0.235352,,,,,,
150908,,,,,,,,,-0.000000,0.000000,,,2.423235,2.073376,0.037868,0.052039,,,,0.054210,0.852224,0.235352,,,,,,
150918,,,,,,,,,-0.000000,0.000000,,,2.038910,1.744538,0.043556,0.056906,,,,0.054785,0.852404,0.232569,,,,,,
150928,,,,,,,,,,,,,,,,,,,,0.055257,0.852519,0.232466,,,,,,
150933,0.055086,0.852477,0.235439,0.018770,1.018276,0.748003,0.044352,-0.114131,0.027467,0.652434,,,1.715539,2.012398,0.048342,0.052941,,,,,,,,,,,,
150936,,,,,,,,,,,4.296900,4.866951,1.443454,1.693231,0.042231,0.046971,0.003362,0.169696,0.512564,,,,,,,,,
150939,,,,,,,,,-0.000000,0.000000,,,,,,,,,,,,,,,,,,
150948,,,,,,,,,-0.000000,0.000000,,,1.214522,1.424684,0.045619,0.050946,,,,0.055612,0.852549,0.232610,,,,,,
150957,,,,,,,,,-0.000000,0.000000,,,1.021899,1.198729,0.048470,0.054290,,,,0.055439,0.852539,0.232466,,,,,,
150968,,,,,,,,,-0.000000,0.000000,,,0.859825,1.008610,0.050869,0.057103,,,,0.055291,0.852530,0.235256,,,,,,
150978,,,,,,,,,-0.000000,0.000000,,,0.723457,0.848645,0.052887,0.059471,,,,0.054972,0.852423,0.235249,,,,,,
150984,0.054982,0.852428,0.235265,0.020521,1.019890,0.740781,0.046545,-0.133590,,,5.846353,6.363336,,,,,0.005524,0.170882,0.505516,,,,,,,,,
150988,,,,,,,,,-0.000000,0.000000,,,0.608716,0.714050,0.077517,0.083609,,,,0.054679,0.852335,0.235352,,,,,,
150998,,,,,,,,,-0.000000,0.000000,,,0.512174,0.600801,0.078946,0.085286,,,,0.054248,0.852229,0.238144,,,,,,
151008,,,,,,,,,0.027467,0.652434,,,0.430943,1.050057,0.080148,0.078637,,,,0.053741,0.852144,0.235362,,,,,,
151018,,,,,,,,,0.054935,0.000000,,,0.907139,1.428061,0.073100,0.073042,,,,0.053186,0.852042,0.235384,,,,,,
151028,,,,,,,,,-0.000000,0.000000,,,0.763266,1.201571,0.075230,0.076394,,,,0.052545,0.851865,0.235531,,,,,,
151036,0.052749,0.851912,0.235509,0.022362,1.021559,0.732373,0.048676,-0.155784,,,8.919415,9.363811,1.186755,1.011001,0.114443,0.123622,0.010036,0.172054,0.496864,0.051748,0.851654,0.241148,,,,,,
151039,,,,,,,,,0.027467,-0.652434,,,,,,,,,,,,,,,,,,
151048,,,,,,,,,0.054935,1.304868,,,0.998536,1.395200,0.117229,0.117935,,,,0.050905,0.851445,0.241280,,,,,,
151058,,,,,,,,,-0.000000,0.000000,,,0.840168,1.718464,0.119573,0.113151,,,,0.050402,0.851304,0.241353,,,,,,
151068,,,,,,,,,0.027467,-0.652434,,,1.251460,1.445915,0.113486,0.117185,,,,0.050918,0.851467,0.241259,,,,,,
151078,,,,,,,,,0.054935,0.000000,,,1.597522,1.761136,0.108364,0.112520,,,,0.051308,0.851455,0.241275,,,,,,
151084,0.051653,0.851547,0.240791,0.024293,1.023279,0.722612,0.050728,-0.181093,,,11.906296,12.247739,,,,,0.014382,0.173302,0.481821,,,,,,,,,
151088,,,,,,,,,,,,,1.888698,2.026363,0.148260,0.151276,,,,0.051956,0.851705,0.235684,,,,,,
151094,,,,,,,,,0.054935,0.000000,,,,,,,,,,,,,,,,,,
151098,,,,,,,,,0.054935,0.000000,,,2.133693,2.249525,0.144635,0.147974,,,,0.052325,0.851781,0.238487,,,,,,
151107,,,,,,,,,0.082402,0.652434,,,2.339832,2.981836,0.141584,0.137135,,,,0.052882,0.851882,0.238514,,,,,,
151119,,,,,,,,,0.082402,-0.652434,,,3.057821,3.053460,0.130957,0.136075,,,,0.053665,0.852044,0.238491,,,,,,
151128,,,,,,,,,0.109870,0.000000,,,3.661937,3.658267,0.122017,0.127124,,,,0.054762,0.852297,0.238487,,,,,,
151136,0.054949,0.852343,0.238681,0.026314,1.025041,0.711307,0.052683,-0.209971,,,11.199773,11.425579,4.170239,4.167152,0.104037,0.107425,0.013006,0.174571,0.472626,0.055899,0.852589,0.235663,,,,,,
151139,,,,,,,,,0.109870,0.000000,,,,,,,,,,,,,,,,,,
151148,,,,,,,,,0.109870,0.000000,,,4.597925,4.595327,0.097707,0.101088,,,,0.057053,0.852831,0.235684,,,,,,
151157,,,,,,,,,0.137337,0.652434,,,4.957780,5.500137,0.092381,0.087697,,,,0.058369,0.853156,0.235669,,,,,,
151168,,,,,,,,,0.137337,-0.652434,,,5.805105,5.716901,0.079841,0.084488,,,,0.059648,0.853419,0.235643,,,,,,
151178,,,,,,,,,0.109870,0.000000,,,5.973501,5.899286,0.077349,0.081789,,,,0.060859,0.853599,0.238456,,,,,,
151184,0.060811,0.853603,0.238475,0.028423,1.026835,0.698237,0.054524,-0.242959,,,9.103973,9.182034,,,,,0.009450,0.175980,0.459762,,,,,,,,,
151187,,,,,,,,,,,,,6.115190,6.052745,0.044234,0.046313,,,,0.062136,0.853913,0.238456,,,,,,
151194,,,,,,,,,0.109870,0.000000,,,,,,,,,,,,,,,,,,
151198,,,,,,,,,0.109870,0.000000,,,6.234406,6.181865,0.042470,0.044403,,,,0.063459,0.854098,0.238472,,,,,,
151208,,,,,,,,,0.054935,0.000000,,,5.790172,5.745964,0.049044,0.050854,,,,0.064603,0.854393,0.241244,,,,,,
151218,,,,,,,,,0.082402,0.652434,,,5.416393,5.923739,0.054576,0.048223,,,,0.065695,0.854609,0.244033,,,,,,
151229,,,,,,,,,0.054935,0.000000,,,5.101895,5.528777,0.059231,0.054068,,,,0.066855,0.854772,0.241239,,,,,,
151234,0.066572,0.854729,0.241007,0.030620,1.028652,0.683144,0.056230,-0.280706,,,7.482985,7.374334,,,,,0.006599,0.177478,0.442137,,,,,,,,,
151238,,,,,,,,,0.082402,-0.652434,,,5.381821,5.196455,0.031097,0.032233,,,,0.067912,0.855005,0.244028,,,,,,
151248,,,,,,,,,,,,,,,,,,,,0.068771,0.855260,0.246777,,,,,,
151253,,,,,,,,,0.054935,0.000000,,,5.072806,4.916840,0.035671,0.036371,,,,,,,,,,,,
151258,,,,,,,,,0.027467,0.652434,,,4.268259,4.681571,0.047578,0.039853,,,,0.069766,0.855424,0.246756,,,,,,
151267,,,,,,,,,-0.000000,0.000000,,,3.591312,3.939074,0.057597,0.050842,,,,0.070638,0.855523,0.246691,,,,,,
151278,,,,,,,,,0.027467,-0.652434,,,3.566273,3.314336,0.057967,0.060088,,,,0.071476,0.855782,0.243897,,,,,,
151284,0.071177,0.855720,0.240917,0.032904,1.030478,0.665730,0.057784,-0.323990,,,6.373396,6.043398,,,,,0.004528,0.178843,0.424813,,,,,,,,,
151288,,,,,,,,,0.027467,0.652434,,,3.000661,3.333225,0.049916,0.040111,,,,0.072226,0.856088,0.246616,,,,,,
151298,,,,,,,,,0.027467,0.652434,,,2.524756,3.349118,0.056960,0.039875,,,,0.072989,0.856200,0.246842,,,,,,
151308,,,,,,,,,-0.000000,0.000000,,,2.124329,2.817948,0.062886,0.047737,,,,0.073600,0.856300,0.246817,,,,,,
151318,,,,,,,,,-0.000000,0.000000,,,1.787410,2.371021,0.067873,0.054351,,,,0.073937,0.856419,0.249657,,,,,,
151328,,,,,,,,,-0.000000,0.000000,,,1.503927,1.994977,0.072068,0.059917,,,,0.073883,0.856415,0.252434,,,,,,
151334,0.073656,0.856357,0.251467,0.035273,1.032301,0.645642,0.059167,-0.373751,,,7.979606,7.359716,,,,,0.006604,0.179961,0.394175,,,,,,,,,
151338,,,,,,,,,0.027467,0.652434,,,1.265404,2.223116,0.099370,0.076022,,,,0.073739,0.856334,0.257971,,,,,,
151348,,,,,,,,,-0.000000,0.000000,,,1.064711,1.870530,0.102340,0.081240,,,,0.073586,0.856252,0.257953,,,,,,
151358,,,,,,,,,0.109870,0.000000,,,1.984934,2.662950,0.088721,0.069512,,,,0.073285,0.856200,0.260706,,,,,,
151368,,,,,,,,,-0.000000,0.000000,,,1.670123,2.240606,0.093380,0.075763,,,,0.072954,0.856124,0.260683,,,,,,
151378,,,,,,,,,0.054935,0.000000,,,1.949785,2.429788,0.089241,0.072963,,,,0.072431,0.855965,0.257932,,,,,,
151384,0.072757,0.856055,0.257390,0.037725,1.034105,0.622469,0.060363,-0.431116,,,11.376603,10.422458,,,,,0.011446,0.181102,0.365079,,,,,,,,,
151388,,,,,,,,,0.054935,-1.304868,,,2.729635,2.044424,0.127975,0.123995,,,,0.071816,0.855785,0.257975,,,,,,
151398,,,,,,,,,0.082402,0.652434,,,2.841258,2.809264,0.126323,0.112675,,,,0.071080,0.855630,0.252416,,,,,,
151408,,,,,,,,,0.027467,-0.652434,,,2.935177,2.363714,0.124933,0.119269,,,,0.070587,0.855448,0.249739,,,,,,
151418,,,,,,,,,-0.000000,0.000000,,,2.469657,1.988829,0.131823,0.124818,,,,0.071186,0.855709,0.246908,,,,,,
151428,,,,,,,,,0.082402,0.652434,,,2.622513,2.762487,0.129561,0.113368,,,,0.071967,0.855908,0.244109,,,,,,
151434,0.072367,0.856012,0.247961,0.040257,1.035873,0.595723,0.061357,-0.497436,,,12.650275,11.333625,,,,,0.013015,0.182240,0.347762,,,,,,,,,
151438,,,,,,,,,0.082402,-0.652434,,,3.295668,2.868899,0.138448,0.125278,,,,0.072867,0.856180,0.244106,,,,,,
151448,,,,,,,,,0.082402,-0.652434,,,3.317518,2.958435,0.138125,0.123953,,,,0.073391,0.856250,0.244103,,,,,,
151458,,,,,,,,,0.109870,0.000000,,,4.424989,3.578313,0.121734,0.114779,,,,0.074044,0.856345,0.244089,,,,,,
151468,,,,,,,,,0.109870,0.000000,,,4.812271,4.099879,0.116002,0.107059,,,,0.074947,0.856514,0.241317,,,,,,
151478,,,,,,,,,0.082402,-0.652434,,,5.138131,3.994181,0.111180,0.108624,,,,0.076117,0.856813,0.238527,,,,,,
151484,0.076138,0.856826,0.236581,0.042867,1.037585,0.564831,0.062139,-0.574311,,,11.006721,9.261703,,,,,0.010022,0.183522,0.328250,,,,,,,,,
151488,,,,,,,,,0.137337,0.652434,,,5.412309,4.994333,0.082797,0.063157,,,,0.077296,0.857017,0.235740,,,,,,
151498,,,,,,,,,0.082402,-0.652434,,,5.643002,4.746774,0.079383,0.066821,,,,0.078317,0.857321,0.232979,,,,,,
151508,,,,,,,,,,,,,,,,,,,,0.079446,0.857416,0.238554,,,,,,
151513,,,,,,,,,0.137337,-0.652434,,,6.381651,5.083022,0.068451,0.061844,,,,,,,,,,,,
151518,,,,,,,,,0.054935,0.000000,,,5.914063,4.821397,0.075371,0.065717,,,,0.080659,0.857749,0.233007,,,,,,
151528,,,,,,,,,0.109870,0.000000,,,6.065178,5.145809,0.073135,0.060915,,,,0.081816,0.858010,0.230256,,,,,,
151534,0.081788,0.858018,0.230787,0.045552,1.039222,0.529120,0.062701,-0.663608,,,8.858551,6.589864,,,,,0.006174,0.184688,0.298333,,,,,,,,,
151538,,,,,,,,,0.082402,-0.652434,,,6.192327,4.874227,0.039460,0.025391,,,,0.082917,0.858220,0.227434,,,,,,
151548,,,,,,,,,0.054935,0.000000,,,5.754766,4.645717,0.045936,0.028773,,,,0.083939,0.858394,0.224623,,,,,,
151558,,,,,,,,,0.054935,0.000000,,,5.386602,4.453449,0.051385,0.031619,,,,0.084910,0.858608,0.224690,,,,,,
151568,,,,,,,,,0.027467,-0.652434,,,5.076830,3.747131,0.055969,0.042072,,,,0.085897,0.858708,0.219084,,,,,,
151578,,,,,,,,,0.027467,-0.652434,,,4.816187,3.152836,0.059827,0.050868,,,,0.086736,0.858910,0.219061,,,,,,
151584,0.086433,0.858860,0.217307,0.048308,1.040760,0.487805,0.063045,-0.767452,,,6.513773,3.643854,,,,,0.001989,0.185842,0.270498,,,,,,,,,
151588,,,,,,,,,0.054935,-1.304868,,,5.141426,2.652795,0.020311,0.014668,,,,0.087624,0.859162,0.213413,,,,,,
151598,,,,,,,,,-0.000000,0.000000,,,4.325995,2.232062,0.032379,0.020895,,,,0.088421,0.859299,0.205166,,,,,,
151608,,,,,,,,,,,,,,,,,,,,0.089196,0.859468,0.202422,,,,,,
151613,,,,,,,,,-0.000000,0.000000,,,3.639892,1.878056,0.042533,0.026134,,,,,,,,,,,,
151618,,,,,,,,,-0.000000,0.000000,,,3.062605,1.580196,0.051077,0.030542,,,,0.089864,0.859635,0.199587,,,,,,
151628,,,,,,,,,-0.000000,0.000000,,,2.576875,1.329577,0.058266,0.034251,,,,0.090450,0.859730,0.196959,,,,,,
151634,0.090113,0.859657,0.198666,0.051132,1.042174,0.439987,0.063181,-0.888137,,,4.206429,0.637607,,,,,-0.002192,0.186621,0.241321,,,,,,,,,
151638,,,,,,,,,0.027467,-0.652434,,,2.712726,1.118706,0.022107,-0.007120,,,,0.090922,0.859813,0.196886,,,,,,
151649,,,,,,,,,0.027467,-0.652434,,,2.827030,0.941279,0.020415,-0.004494,,,,0.091333,0.859922,0.196907,,,,,,
151658,,,,,,,,,-0.000000,0.000000,,,2.378663,0.791992,0.027051,-0.002285,,,,0.091531,0.859978,0.196928,,,,,,
151674,,,,,,,,,-0.000000,0.000000,,,2.001407,0.666382,0.032634,-0.000426,,,,0.091370,0.859943,0.194097,,,,,,
151679,,,,,,,,,-0.000000,0.000000,,,1.683983,0.560694,0.037332,0.001138,,,,,,,,,,,,
151684,0.091264,0.859919,0.194481,0.054019,1.043439,0.384662,0.063132,-1.027937,,,5.393154,0.968429,,,,,-0.001077,0.187258,0.190181,,,,,,,,,
151688,,,,,,,,,-0.000000,0.000000,,,1.416903,0.471768,0.058849,0.007351,,,,,,,,,,,,
151698,,,,,,,,,-0.000000,0.000000,,,1.192182,0.396945,0.062174,0.008458,,,,0.090722,0.859819,0.191364,,,,,,
151708,,,,,,,,,0.027467,-0.652434,,,1.547645,0.333990,0.056914,0.009390,,,,0.090318,0.859720,0.191327,,,,,,
151718,,,,,,,,,-0.000000,0.000000,,,1.302189,0.281019,0.060546,0.010174,,,,0.089844,0.859629,0.191280,,,,,,
151729,,,,,,,,,-0.000000,0.000000,,,,,,,,,,0.089182,0.859503,0.188471,,,,,,
151734,0.089357,0.859538,0.188975,0.056964,1.044526,0.320757,0.062935,-1.188691,,,8.495945,3.084292,1.095661,0.236449,0.063603,0.010833,0.002934,0.187780,0.131782,,,,,,,,,
151738,,,,,,,,,-0.000000,0.000000,,,0.921889,0.198948,0.112096,0.042703,,,,0.088504,0.859406,0.185717,,,,,,
151748,,,,,,,,,-0.000000,0.000000,,,0.775678,0.167395,0.114260,0.043170,,,,0.087821,0.859259,0.185715,,,,,,
151758,,,,,,,,,0.027467,-0.652434,,,1.197198,0.140846,0.108021,0.043563,,,,0.086994,0.859204,0.182916,,,,,,
151768,,,,,,,,,-0.000000,0.000000,,,1.007322,0.118508,0.110832,0.043894,,,,0.086066,0.859049,0.182907,,,,,,
151779,,,,,,,,,-0.000000,0.000000,,,0.847561,0.099713,0.113196,0.044172,,,,0.086001,0.859055,0.177349,,,,,,
151784,0.086283,0.859095,0.178325,0.059963,1.045404,0.247221,0.062651,-1.371067,,,11.773062,5.247957,,,,,0.007145,0.188023,0.068896,,,,,,,,,
151788,,,,,,,,,-0.000000,0.000000,,,0.713138,0.083898,0.163687,0.076428,,,,0.086195,0.859108,0.171791,,,,,,
151798,,,,,,,,,0.027467,-0.652434,,,1.144577,0.070592,0.157302,0.076625,,,,0.086373,0.859132,0.166237,,,,,,
151808,,,,,,,,,0.054935,0.000000,,,1.507590,0.603939,0.151929,0.068731,,,,0.086447,0.859131,0.160702,,,,,,
151818,,,,,,,,,0.027467,-0.652434,,,1.813030,0.508154,0.147408,0.070149,,,,0.086416,0.859151,0.155134,,,,,,
151828,,,,,,,,,0.054935,-1.304868,,,2.614569,0.427561,0.135546,0.071342,,,,0.087040,0.859298,0.146792,,,,,,
151835,0.087204,0.859315,0.143963,0.063009,1.046041,0.163180,0.062366,-1.573367,,,9.585166,1.874095,,,,,0.002844,0.188265,0.019217,,,,,,,,,
151838,,,,,,,,,0.054935,-1.304868,,,3.288985,0.359750,0.093183,0.022412,,,,0.087583,0.859360,0.138480,,,,,,
151848,,,,,,,,,0.054935,-1.304868,,,3.856438,0.302693,0.084785,0.023257,,,,0.088222,0.859463,0.124626,,,,,,
151858,,,,,,,,,0.054935,-1.304868,,,4.333893,0.254686,0.077719,0.023967,,,,0.088801,0.859517,0.113535,,,,,,
151868,,,,,,,,,0.054935,-1.304868,,,4.735623,0.214293,0.071773,0.024565,,,,0.089416,0.859699,0.099675,,,,,,
151878,,,,,,,,,0.054935,-1.304868,,,5.073639,0.180306,0.066771,0.025068,,,,0.089987,0.859809,0.088591,,,,,,
151884,0.089982,0.859793,0.087763,0.066098,1.046403,0.068188,0.062198,-1.789854,,,3.567816,-5.377511,,,,,-0.007436,0.187985,-0.019575,,,,,,,,,
151888,,,,,,,,,,,,,,,,,,,,0.090443,0.859885,0.077513,,,,,,
151893,,,,,,,,,0.027467,-0.652434,,,4.813503,0.151709,-0.018436,-0.081832,,,,,,,,,,,,
151897,,,,,,,,,0.027467,-0.652434,,,4.594624,0.127648,-0.015197,-0.081476,,,,0.090938,0.859952,0.066435,,,,,,
151908,,,,,,,,,-0.027467,-0.652434,,,3.865916,-0.437140,-0.004412,-0.073117,,,,0.091524,0.860044,0.055359,,,,,,
151918,,,,,,,,,-0.000000,0.000000,,,3.252781,-0.367809,0.004663,-0.074144,,,,0.091963,0.860101,0.049823,,,,,,
151927,,,,,,,,,-0.027467,-0.652434,,,2.736889,-0.854018,0.012298,-0.066948,,,,0.092571,0.860127,0.049832,,,,,,
151936,0.092239,0.860091,0.050278,0.069222,1.046453,-0.037448,0.062297,-2.008916,,,0.232081,-10.030085,2.302818,-0.718571,-0.030647,-0.137810,-0.013622,0.187283,-0.087726,0.093094,0.860079,0.049842,,,,,,
151939,,,,,,,,,-0.000000,0.000000,,,,,,,,,,,,,,,,,,
151948,,,,,,,,,-0.027467,-0.652434,,,1.937591,-1.149148,-0.025242,-0.131438,,,,0.093532,0.860122,0.049797,,,,,,
151958,,,,,,,,,-0.027467,-0.652434,,,1.630289,-1.511437,-0.020693,-0.126076,,,,0.093871,0.860166,0.044259,,,,,,
151968,,,,,,,,,-0.054935,-1.304868,,,1.371725,-2.360809,-0.016867,-0.113505,,,,0.094139,0.860143,0.038802,,,,,,
151978,,,,,,,,,-0.027467,-0.652434,,,1.154169,-2.530927,-0.013647,-0.110988,,,,0.094391,0.860204,0.027726,,,,,,
151984,0.094095,0.860191,0.026881,0.072376,1.046155,-0.152343,0.062848,-2.212000,,,-1.129546,-12.678817,,,,,-0.016713,0.186481,-0.179224,,,,,,,,,
151988,,,,,,,,,-0.054935,-1.304868,,,0.971118,-3.218608,-0.031090,-0.140011,,,,0.094538,0.860252,0.016534,,,,,,
151998,,,,,,,,,-0.082402,-1.957303,,,0.817098,-4.341766,-0.028810,-0.123388,,,,0.094752,0.860304,0.005552,,,,,,
152008,,,,,,,,,-0.054935,-1.304868,,,0.687506,-4.197705,-0.026892,-0.125520,,,,0.094626,0.860366,-0.008197,,,,,,
152018,,,,,,,,,-0.054935,-1.304868,,,0.578468,-4.621035,-0.025279,-0.119255,,,,0.093969,0.860449,-0.024861,,,,,,
152028,,,,,,,,,-0.054935,-1.304868,,,0.486723,-5.521768,-0.023921,-0.105924,,,,0.093167,0.860420,-0.038870,,,,,,
152034,0.093014,0.860402,-0.038827,0.075552,1.045468,-0.273856,0.064062,-2.374927,,,-5.706039,-18.251698,,,,,-0.024633,0.184249,-0.235029,,,,,,,,,
152038,,,,,,,,,-0.054935,-1.304868,,,0.409528,-5.735101,-0.090510,-0.185246,,,,0.092395,0.860497,-0.052754,,,,,,
152048,,,,,,,,,,,,,,,,,,,,0.091553,0.860586,-0.066629,,,,,,
152053,,,,,,,,,-0.164805,-2.609737,,,-0.199966,-7.548229,-0.081490,-0.158411,,,,,,,,,,,,
152058,,,,,,,,,-0.054935,-1.304868,,,-0.168251,-7.440166,-0.081959,-0.160011,,,,0.090635,0.860662,-0.083265,,,,,,
152068,,,,,,,,,-0.137337,-1.957303,,,-0.686110,-8.438327,-0.074295,-0.145238,,,,0.089777,0.860736,-0.105566,,,,,,
152078,,,,,,,,,-0.109870,-2.609737,,,-0.577293,-9.278180,-0.075905,-0.132808,,,,0.088924,0.860888,-0.124948,,,,,,
152084,0.088808,0.860894,-0.128671,0.078743,1.044352,-0.398267,0.066158,-2.472996,,,-11.036278,-24.195251,,,,,-0.033523,0.180650,-0.269596,,,,,,,,,
152088,,,,,,,,,-0.109870,-2.609737,,,-0.485734,-9.984833,-0.156148,-0.210314,,,,0.087646,0.861140,-0.147062,,,,,,
152098,,,,,,,,,-0.164805,-2.609737,,,-0.953240,-10.579410,-0.149229,-0.201514,,,,0.086120,0.861407,-0.169174,,,,,,
152108,,,,,,,,,-0.164805,-2.609737,,,-1.346599,-12.168774,-0.143407,-0.177992,,,,0.084707,0.861753,-0.197028,,,,,,
152118,,,,,,,,,-0.192272,-1.957303,,,-1.677572,-12.961520,-0.138509,-0.166259,,,,0.083285,0.862124,-0.222269,,,,,,
152128,,,,,,,,,-0.192272,-3.262171,,,-2.500595,-14.173080,-0.126328,-0.148328,,,,0.081917,0.862457,-0.250251,,,,,,
152134,0.081706,0.862492,-0.253737,0.081941,1.042764,-0.521343,0.069343,-2.489058,,,-18.200880,-31.465044,,,,,-0.045024,0.174559,-0.267606,,,,,,,,,
152138,,,,,,,,,-0.192272,-3.262171,,,-2.648543,-15.192488,-0.230175,-0.240834,,,,0.080291,0.862990,-0.280989,,,,,,
152148,,,,,,,,,-0.247207,-1.957303,,,-3.862114,-16.050217,-0.212214,-0.228139,,,,0.078104,0.863674,-0.303443,,,,,,
152158,,,,,,,,,-0.274675,-2.609737,,,-4.883212,-17.316452,-0.197102,-0.209399,,,,0.076054,0.864403,-0.331438,,,,,,
152168,,,,,,,,,-0.274675,-2.609737,,,-5.742363,-18.381863,-0.184386,-0.193631,,,,0.073984,0.865174,-0.354216,,,,,,
152179,,,,,,,,,-0.329610,-2.609737,,,-7.009797,-19.822842,-0.165628,-0.172305,,,,0.071622,0.866253,-0.376893,,,,,,
152184,0.071154,0.866371,-0.377509,0.085138,1.040662,-0.639124,0.073786,-2.420534,,,-22.105858,-35.027889,,,,,-0.051246,0.167173,-0.261615,,,,,,,,,
152188,,,,,,,,,-0.302142,-1.957302,,,-8.076215,-19.946196,-0.207639,-0.223209,,,,0.068654,0.867487,-0.402250,,,,,,
152198,,,,,,,,,-0.329610,-2.609737,,,-8.973499,-21.139072,-0.194359,-0.205554,,,,0.065713,0.868849,-0.422115,,,,,,
152208,,,,,,,,,-0.357077,-0.652434,,,-10.273017,-22.142757,-0.175126,-0.190700,,,,0.062662,0.870277,-0.441970,,,,,,
152218,,,,,,,,,-0.384545,-2.609737,,,-11.910975,-23.531803,-0.150884,-0.170142,,,,0.059746,0.871782,-0.459245,,,,,,
152229,,,,,,,,,-0.357077,-1.957303,,,-12.744608,-24.156002,-0.138546,-0.160904,,,,0.056356,0.873573,-0.479254,,,,,,
152234,0.056234,0.873589,-0.478929,0.088327,1.038001,-0.748593,0.079602,-2.280547,,,-19.549839,-31.796371,,,,,-0.047284,0.160704,-0.269664,,,,,,,,,
152238,,,,,,,,,-0.384545,-1.304868,,,-13.446028,-24.681202,-0.090336,-0.105305,,,,0.052875,0.875470,-0.498991,,,,,,
152248,,,,,,,,,-0.357077,-1.957303,,,-14.036201,-25.123106,-0.081602,-0.098764,,,,0.049194,0.877610,-0.518831,,,,,,
152258,,,,,,,,,-0.302142,-1.957302,,,-14.532774,-24.950380,-0.074253,-0.101321,,,,0.045514,0.879821,-0.536154,,,,,,
152268,,,,,,,,,-0.302142,-1.957302,,,-14.406047,-24.805050,-0.076128,-0.103472,,,,0.041960,0.882033,-0.553191,,,,,,
152278,,,,,,,,,-0.329610,-1.304868,,,-14.843962,-24.682768,-0.069647,-0.105281,,,,0.038078,0.884559,-0.573115,,,,,,
152284,0.038398,0.884318,-0.570687,0.091498,1.034736,-0.847975,0.086848,-2.092346,,,-12.683285,-24.007238,,,,,-0.036572,0.155267,-0.277288,,,,,,,,,
152288,,,,,,,,,-0.302142,-1.957302,,,-14.667880,-24.579880,0.029372,0.008475,,,,0.034308,0.887149,-0.590286,,,,,,
152298,,,,,,,,,-0.247207,-1.957303,,,-13.975182,-23.948767,0.019120,-0.000865,,,,0.030409,0.889848,-0.610187,,,,,,
152308,,,,,,,,,,,,,,,,,,,,0.026539,0.892695,-0.630293,,,,,,
152313,,,,,,,,,-0.219740,-2.609737,,,-12.847802,-23.417747,0.002435,-0.008724,,,,,,,,,,,,
152318,,,,,,,,,-0.027467,-0.652434,,,-10.810139,-20.248234,-0.027723,-0.055633,,,,0.023870,0.894857,-0.644781,,,,,,
152328,,,,,,,,,-0.109870,-1.304868,,,-9.640192,-18.670490,-0.045038,-0.078984,,,,0.022311,0.895725,-0.662461,,,,,,
152334,0.023282,0.895030,-0.660235,0.094644,1.030821,-0.936654,0.095535,-1.880993,,,-6.470850,-16.728853,,,,,-0.026916,0.151021,-0.276419,,,,,,,,,
152338,,,,,,,,,-0.219740,-1.304868,,,-9.744886,-18.432064,0.048456,0.025208,,,,0.020500,0.896984,-0.674156,,,,,,
152348,,,,,,,,,-0.137337,-1.957303,,,-8.743889,-17.142366,0.033641,0.006120,,,,0.019389,0.898059,-0.694799,,,,,,
152358,,,,,,,,,-0.054935,-1.304868,,,-7.357107,-16.057215,0.013117,-0.009940,,,,0.018476,0.898964,-0.712524,,,,,,
152368,,,,,,,,,-0.082402,-1.957303,,,-6.190269,-15.144168,-0.004153,-0.023453,,,,0.017282,0.899951,-0.727236,,,,,,
152378,,,,,,,,,-0.054935,-1.304868,,,-5.208491,-13.831388,-0.018683,-0.042882,,,,0.016424,0.900755,-0.744945,,,,,,
152384,0.016822,0.900422,-0.743312,0.097754,1.026211,-1.014874,0.105637,-1.667089,,,-5.513303,-14.681782,,,,,-0.025541,0.147379,-0.271562,,,,,,,,,
152388,,,,,,,,,-0.054935,-1.304868,,,-4.382424,-12.726814,-0.016737,-0.028934,,,,0.016538,0.900820,-0.762874,,,,,,
152398,,,,,,,,,-0.027467,-0.652434,,,-3.687371,-11.252883,-0.027024,-0.050748,,,,0.016430,0.900963,-0.771862,,,,,,
152408,,,,,,,,,,,,,,,,,,,,0.016715,0.900928,-0.786930,,,,,,
152413,,,,,,,,,-0.054935,-1.304868,,,-3.102553,-10.557261,-0.035679,-0.061043,,,,,,,,,,,,
152418,,,,,,,,,-0.027467,-0.652434,,,-2.610488,-9.427421,-0.042962,-0.077765,,,,0.016525,0.901060,-0.795866,,,,,,
152428,,,,,,,,,-0.027467,-0.652434,,,-2.196464,-8.476773,-0.049089,-0.091834,,,,0.016545,0.901121,-0.804919,,,,,,
152434,0.016485,0.901142,-0.802487,0.100821,1.020859,-1.083402,0.117109,-1.464366,,,-6.573361,-14.776892,,,,,-0.027480,0.143839,-0.280915,,,,,,,,,
152438,,,,,,,,,-0.082402,-1.957303,,,-1.848105,-8.765985,-0.069934,-0.088961,,,,0.016270,0.901416,-0.807892,,,,,,
152448,,,,,,,,,-0.027467,-0.652434,,,-1.554995,-7.920242,-0.074272,-0.101478,,,,0.016054,0.901691,-0.813917,,,,,,
152458,,,,,,,,,-0.054935,-1.304868,,,-1.308372,-7.753177,-0.077922,-0.103951,,,,0.015836,0.901883,-0.826038,,,,,,
152468,,,,,,,,,,,,,,,,,,,,0.015619,0.902207,-0.835075,,,,,,
152473,,,,,,,,,-0.082402,-1.957303,,,-1.100864,-8.157152,-0.080993,-0.097972,,,,,,,,,,,,
152479,,,,,,,,,-0.027467,-0.652434,,,-0.926267,-7.407970,-0.083577,-0.109060,,,,0.015470,0.902490,-0.850296,,,,,,
152484,0.015476,0.902461,-0.849021,0.103835,1.014719,-1.143250,0.129894,-1.280196,,,-5.224045,-12.595709,,,,,-0.025885,0.140496,-0.294229,,,,,,,,,
152488,,,,,,,,,-0.054935,-1.304868,,,-0.779361,-7.322151,-0.065781,-0.078049,,,,0.015134,0.902849,-0.865506,,,,,,
152498,,,,,,,,,-0.054935,-1.304868,,,-0.655754,-7.249943,-0.067611,-0.079117,,,,0.014932,0.903286,-0.883870,,,,,,
152508,,,,,,,,,-0.082402,-1.957303,,,-0.551752,-7.733731,-0.069150,-0.071957,,,,0.014625,0.903747,-0.899178,,,,,,
152518,,,,,,,,,-0.054935,-1.304868,,,-0.464244,-7.596246,-0.070445,-0.073992,,,,0.014263,0.904282,-0.914580,,,,,,
152528,,,,,,,,,-0.054935,-1.304868,,,-0.390615,-8.025110,-0.071535,-0.067645,,,,0.013811,0.904914,-0.929992,,,,,,
152534,0.013804,0.904886,-0.928673,0.106786,1.007746,-1.195489,0.143933,-1.117327,,,-5.285458,-11.751372,,,,,-0.026686,0.136064,-0.266817,,,,,,,,,
152538,,,,,,,,,-0.082402,-1.957303,,,-0.328663,-7.841413,-0.073361,-0.057867,,,,0.013388,0.905567,-0.945498,,,,,,
152548,,,,,,,,,-0.027467,-0.652434,,,-0.276537,-7.142307,-0.074132,-0.068214,,,,0.012914,0.906278,-0.957914,,,,,,
152558,,,,,,,,,-0.054935,-1.304868,,,-0.232678,-7.098623,-0.074781,-0.068861,,,,0.012403,0.907139,-0.970399,,,,,,
152568,,,,,,,,,-0.054935,-1.304868,,,-0.195775,-7.061867,-0.075327,-0.069405,,,,0.012052,0.907804,-0.982902,,,,,,
152578,,,,,,,,,-0.054935,-1.304868,,,-0.164725,-7.030940,-0.075787,-0.069862,,,,0.011785,0.908132,-0.992412,,,,,,
152584,0.011822,0.908049,-0.992538,0.109666,0.999895,-1.241144,0.159166,-0.975664,,,-2.607821,-8.310422,,,,,-0.023435,0.132136,-0.248606,,,,,,,,,
152589,,,,,,,,,-0.054935,-1.304868,,,-0.138600,-7.004919,-0.036544,-0.019321,,,,0.011586,0.908543,-1.005000,,,,,,
152598,,,,,,,,,-0.027467,-0.652434,,,-0.116618,-6.438481,-0.036870,-0.027705,,,,0.011436,0.908916,-1.017658,,,,,,
152608,,,,,,,,,-0.000000,0.000000,,,-0.098122,-5.417337,-0.037144,-0.042818,,,,0.011260,0.909309,-1.027181,,,,,,
152618,,,,,,,,,-0.054935,-1.304868,,,-0.082560,-5.647233,-0.037374,-0.039415,,,,0.011057,0.909765,-1.036710,,,,,,
152628,,,,,,,,,,,,,,,,,,,,0.010768,0.910326,-1.039860,,,,,,
152634,0.010737,0.910332,-1.041364,0.112465,0.991123,-1.281141,0.175531,-0.853618,-0.027467,-0.652434,1.374843,-3.713742,-0.069466,-5.296124,0.021376,0.023419,-0.018353,0.128604,-0.239778,,,,,,,,,
152638,,,,,,,,,-0.027467,-0.652434,,,-0.058449,-5.000701,0.021213,0.019047,,,,0.010593,0.910630,-1.043034,,,,,,
152648,,,,,,,,,-0.000000,0.000000,,,-0.049179,-4.207590,0.021076,0.007309,,,,0.010619,0.910638,-1.046245,,,,,,
152657,,,,,,,,,-0.000000,0.000000,,,-0.041379,-3.540265,0.020960,-0.002567,,,,0.010700,0.910546,-1.052726,,,,,,
152668,,,,,,,,,-0.000000,0.000000,,,-0.034816,-2.978779,0.020863,-0.010877,,,,0.010755,0.910442,-1.052726,,,,,,
152685,0.010753,0.910433,-1.051773,0.115174,0.981388,-1.316292,0.192969,-0.748975,-0.000000,0.000000,7.716039,2.917748,-0.029294,-2.506344,0.020781,-0.017869,,,,,,,,,,,,
152688,,,,,,,,,-0.000000,0.000000,,,-0.024648,-2.108838,0.114562,0.074393,-0.009814,0.125865,-0.264519,,,,,,,,,
152698,,,,,,,,,-0.000000,0.000000,,,-0.020739,-1.774376,0.114504,0.069443,,,,,,,,,,,,
152708,,,,,,,,,-0.000000,0.000000,,,-0.017450,-1.492959,0.114456,0.065278,,,,0.010770,0.910365,-1.052726,,,,,,
152718,,,,,,,,,0.054935,0.000000,,,0.529861,-0.711633,0.106355,0.053715,,,,0.010845,0.910259,-1.055930,,,,,,
152728,,,,,,,,,0.027467,-0.652434,,,0.990368,-0.598768,0.099540,0.052044,,,,0.010990,0.910037,-1.059136,,,,,,
152736,0.011026,0.909969,-1.061255,0.117785,0.970649,-1.347295,0.211420,-0.659401,,,14.401656,9.795732,0.833296,-0.503803,0.200812,0.152433,-0.000897,0.122796,-0.286039,0.011162,0.909775,-1.062397,,,,,,
152739,,,,,,,,,-0.000000,0.000000,,,,,,,,,,,,,,,,,,
152748,,,,,,,,,0.082402,-0.652434,,,1.790221,0.120643,0.186649,0.143191,,,,0.011279,0.909515,-1.062297,,,,,,
152758,,,,,,,,,0.082402,-0.652434,,,2.595378,0.646053,0.174733,0.135415,,,,0.011347,0.909308,-1.068705,,,,,,
152768,,,,,,,,,0.082402,-0.652434,,,3.272837,1.088132,0.164707,0.128872,,,,0.011540,0.909005,-1.075107,,,,,,
152778,,,,,,,,,0.054935,-1.304868,,,3.842851,1.460097,0.156270,0.123367,,,,0.012080,0.908229,-1.084808,,,,,,
152784,0.012098,0.908171,-1.088306,0.120287,0.958868,-1.374742,0.230822,-0.582686,,,19.418818,15.073707,,,,,0.005288,0.119361,-0.286436,,,,,,,,,
152788,,,,,,,,,0.137337,-0.652434,,,4.867004,1.773069,0.215367,0.196849,,,,0.012585,0.907254,-1.094499,,,,,,
152798,,,,,,,,,0.137337,-0.652434,,,5.728726,2.580946,0.202613,0.184893,,,,0.013117,0.906176,-1.100985,,,,,,
152808,,,,,,,,,0.164805,-1.304868,,,6.998322,3.260694,0.183823,0.174833,,,,0.013664,0.905067,-1.110729,,,,,,
152818,,,,,,,,,0.192272,-0.652434,,,8.066561,4.377177,0.168013,0.158309,,,,0.014219,0.903849,-1.117220,,,,,,
152828,,,,,,,,,0.192272,-0.652434,,,8.965376,5.316586,0.154711,0.144405,,,,0.014939,0.902208,-1.127059,,,,,,
152834,0.015063,0.901987,-1.126545,0.122674,0.946008,-1.399135,0.251111,-0.516862,,,21.314051,17.294693,,,,,0.006502,0.116085,-0.272590,,,,,,,,,
152838,,,,,,,,,0.219740,-1.304868,,,10.266182,6.107005,0.163508,0.165578,,,,0.015816,0.900418,-1.136851,,,,,,
152848,,,,,,,,,0.247207,-0.652434,,,11.360680,7.316606,0.147310,0.147676,,,,0.016738,0.898461,-1.143427,,,,,,
152858,,,,,,,,,0.247207,-0.652434,,,11.737047,7.789821,0.141740,0.140672,,,,0.017674,0.896374,-1.150002,,,,,,
152868,,,,,,,,,0.219740,-1.304868,,,12.598266,8.732527,0.128994,0.126720,,,,0.018589,0.894255,-1.156596,,,,,,
152878,,,,,,,,,0.219740,0.000000,,,13.867438,10.070263,0.110210,0.106922,,,,0.019525,0.892037,-1.166528,,,,,,
152884,0.019545,0.892039,-1.163173,0.124935,0.932035,-1.420894,0.272220,-0.460225,,,21.573980,17.851402,,,,,0.005060,0.112611,-0.257721,,,,,,,,,
152888,,,,,,,,,0.247207,-0.652434,,,13.846233,10.106748,0.114371,0.114621,,,,0.020495,0.889833,-1.173148,,,,,,
152898,,,,,,,,,0.274675,0.000000,,,14.372935,11.226532,0.106575,0.098048,,,,0.021454,0.887476,-1.176493,,,,,,
152908,,,,,,,,,0.219740,-1.304868,,,14.816102,11.079632,0.100017,0.100222,,,,0.022325,0.885050,-1.183129,,,,,,
152918,,,,,,,,,0.247207,-0.652434,,,15.188982,11.500573,0.094498,0.093992,,,,0.023304,0.882743,-1.189811,,,,,,
152928,,,,,,,,,0.247207,-0.652434,,,15.502724,11.854753,0.089855,0.088750,,,,0.024135,0.880331,-1.196498,,,,,,
152934,0.024146,0.880354,-1.196440,0.127063,0.916920,-1.440377,0.294079,-0.411334,,,21.888172,18.424114,,,,,0.003601,0.109161,-0.243937,,,,,,,,,
152938,,,,,,,,,0.219740,0.000000,,,15.222162,12.152761,0.098657,0.092816,,,,0.025013,0.878103,-1.203199,,,,,,
152948,,,,,,,,,0.247207,-0.652434,,,15.530642,12.403503,0.094091,0.089105,,,,0.025899,0.875846,-1.206547,,,,,,
152958,,,,,,,,,0.192272,-0.652434,,,15.245652,12.069936,0.098309,0.094042,,,,0.026725,0.873636,-1.216668,,,,,,
152968,,,,,,,,,0.247207,-0.652434,,,15.550406,12.333816,0.093799,0.090136,,,,0.027607,0.871461,-1.223403,,,,,,
152979,,,,,,,,,0.247207,-0.652434,,,15.806825,12.555843,0.090004,0.086850,,,,0.028442,0.869426,-1.230205,,,,,,
152984,0.028445,0.869372,-1.230109,0.129050,0.900634,-1.457883,0.316615,-0.368976,,,23.553637,20.349197,,,,,0.004150,0.105268,-0.227774,,,,,,,,,
152988,,,,,,,,,0.192272,-0.652434,,,15.478033,12.198114,0.119519,0.120636,,,,0.029244,0.867333,-1.237003,,,,,,
152998,,,,,,,,,0.219740,-1.304868,,,15.745931,11.897121,0.115554,0.125091,,,,0.030081,0.865173,-1.243822,,,,,,
153008,,,,,,,,,0.247207,-0.652434,,,15.426797,12.188409,0.120277,0.120780,,,,0.030783,0.863133,-1.254046,,,,,,
153018,,,,,,,,,0.192272,-0.652434,,,15.702821,11.888955,0.116192,0.125212,,,,0.031528,0.861078,-1.260886,,,,,,
153028,,,,,,,,,0.274675,0.000000,,,15.935067,12.181538,0.112755,0.120881,,,,0.032329,0.858863,-1.267748,,,,,,
153034,0.032385,0.858657,-1.264589,0.130888,0.883154,-1.473669,0.339751,-0.332142,,,26.316975,23.392361,,,,,0.006336,0.101305,-0.209080,,,,,,,,,
153038,,,,,,,,,0.219740,-1.304868,,,16.130480,12.427717,0.150760,0.162277,,,,0.033050,0.856751,-1.274612,,,,,,
153048,,,,,,,,,0.247207,-0.652434,,,16.294899,12.634852,0.148327,0.159211,,,,0.033762,0.854385,-1.281555,,,,,,
153058,,,,,,,,,0.247207,-0.652434,,,16.433241,12.809136,0.146279,0.156632,,,,0.034469,0.852108,-1.288470,,,,,,
153068,,,,,,,,,0.274675,0.000000,,,16.549643,13.500321,0.144557,0.146402,,,,0.035283,0.849819,-1.291920,,,,,,
153078,,,,,,,,,0.274675,-1.304868,,,17.192127,13.537341,0.135048,0.145854,,,,0.036126,0.847193,-1.298924,,,,,,
153084,0.036126,0.847046,-1.301518,0.132572,0.864459,-1.487949,0.363405,-0.299990,,,29.330164,26.742931,,,,,0.008873,0.097603,-0.186431,,,,,,,,,
153089,,,,,,,,,0.274675,0.000000,,,17.188169,14.113033,0.179702,0.186922,,,,0.036962,0.844523,-1.305854,,,,,,
153098,,,,,,,,,0.302142,-0.652434,,,17.729383,14.597421,0.171692,0.179754,,,,0.037759,0.841559,-1.309362,,,,,,
153113,,,,,,,,,0.494415,0.000000,,,18.184761,16.638613,0.164952,0.149544,,,,0.038425,0.838889,-1.309372,,,,,,
153118,,,,,,,,,0.137337,-0.652434,,,18.567915,15.633356,0.159281,0.164422,,,,0.039183,0.836116,-1.316370,,,,,,
153128,,,,,,,,,0.329610,0.000000,,,18.890301,16.421164,0.154510,0.152762,,,,0.040034,0.833144,-1.319803,,,,,,
153134,0.040072,0.832977,-1.318268,0.134093,0.844533,-1.500908,0.387491,-0.271821,,,32.999115,30.485342,,,,,0.012302,0.093927,-0.182640,,,,,,,,,
153138,,,,,,,,,0.357077,-0.652434,,,19.706099,17.084024,0.196737,0.198340,,,,0.040999,0.829757,-1.323414,,,,,,
153148,,,,,,,,,0.329610,0.000000,,,19.847967,17.641756,0.194637,0.190085,,,,0.041866,0.826129,-1.330555,,,,,,
153157,,,,,,,,,0.412012,-0.652434,,,21.056423,18.111031,0.176752,0.183140,,,,0.042814,0.822772,-1.333961,,,,,,
153168,,,,,,,,,0.357077,-0.652434,,,21.528673,19.050421,0.169763,0.169237,,,,0.043605,0.819347,-1.337449,,,,,,
153178,,,,,,,,,0.412012,-0.652434,,,22.470568,19.840824,0.155823,0.157539,,,,0.044369,0.815735,-1.340979,,,,,,
153184,0.044414,0.815501,-1.341810,0.135446,0.823364,-1.512703,0.411920,-0.247053,,,34.916889,32.584232,,,,,0.013006,0.090441,-0.170893,,,,,,,,,
153188,,,,,,,,,0.412012,-0.652434,,,23.263079,20.505869,0.172476,0.178760,,,,0.045214,0.811635,-1.344497,,,,,,
153198,,,,,,,,,0.412012,-0.652434,,,23.385353,21.065437,0.170667,0.170478,,,,0.046164,0.807505,-1.351629,,,,,,
153208,,,,,,,,,,,,,,,,,,,,0.046958,0.803178,-1.355234,,,,,,
153213,,,,,,,,,0.659220,0.000000,,,24.032778,22.080801,0.161085,0.155451,,,,,,,,,,,,
153218,,,,,,,,,0.219740,0.000000,,,24.577522,22.390585,0.153023,0.150866,,,,0.047739,0.799126,-1.355211,,,,,,
153229,,,,,,,,,0.357077,-0.652434,,,25.580414,23.195782,0.138180,0.138949,,,,0.048570,0.795004,-1.358715,,,,,,
153234,0.048539,0.795260,-1.360034,0.136626,0.800945,-1.523469,0.436600,-0.225197,,,36.324463,34.107773,,,,,0.012869,0.087327,-0.163435,,,,,,,,,
153238,,,,,,,,,0.466947,-0.652434,,,25.335159,23.328730,0.162642,0.159530,,,,0.049348,0.790871,-1.362240,,,,,,
153248,,,,,,,,,0.439480,0.000000,,,25.673346,23.985136,0.157637,0.149815,,,,0.050157,0.786321,-1.365775,,,,,,
153258,,,,,,,,,0.412012,0.652434,,,25.957895,23.992893,0.153425,0.149700,,,,0.051043,0.781678,-1.369443,,,,,,
153268,,,,,,,,,,,,,,,,,,,,0.051992,0.777378,-1.373020,,,,,,
153273,,,,,,,,,0.659220,-1.304869,,,28.920033,26.722136,0.109586,0.109307,,,,,,,,,,,,
153278,,,,,,,,,0.219740,0.000000,,,27.056026,24.662174,0.137173,0.139795,,,,0.052871,0.773151,-1.380138,,,,,,
153284,0.052699,0.774104,-1.378451,0.137628,0.777272,-1.533323,0.461432,-0.205848,,,37.998783,35.906124,,,,,0.013126,0.083969,-0.154872,,,,,,,,,
153288,,,,,,,,,0.466947,-0.652434,,,27.121283,24.562551,0.160987,0.167885,,,,0.053684,0.768928,-1.387302,,,,,,
153298,,,,,,,,,0.466947,-0.652434,,,27.176189,25.023273,0.160174,0.161066,,,,0.054512,0.764531,-1.394542,,,,,,
153308,,,,,,,,,0.439480,-1.304869,,,27.766932,25.410925,0.151431,0.155329,,,,0.055176,0.760197,-1.398146,,,,,,
153318,,,,,,,,,0.439480,0.000000,,,27.719439,25.737095,0.152134,0.150502,,,,0.055921,0.755796,-1.401698,,,,,,
153328,,,,,,,,,0.439480,0.000000,,,28.768564,26.011534,0.136607,0.146440,,,,0.056569,0.751561,-1.408933,,,,,,
153334,0.056592,0.751642,-1.406376,0.138447,0.752348,-1.542366,0.486320,-0.188661,,,39.186611,37.411808,,,,,0.012702,0.080866,-0.135991,,,,,,,,,
153339,,,,,,,,,0.439480,-1.304869,,,28.562212,26.242447,0.157241,0.165307,,,,0.057148,0.747097,-1.412529,,,,,,
153348,,,,,,,,,0.494415,0.000000,,,28.388588,26.436737,0.159811,0.162431,,,,0.057743,0.742691,-1.416197,,,,,,
153358,,,,,,,,,0.439480,0.000000,,,28.787043,26.600212,0.153914,0.160012,,,,0.058343,0.738183,-1.419817,,,,,,
153369,,,,,,,,,0.412012,-0.652434,,,28.577759,26.193216,0.157011,0.166035,,,,0.058971,0.733899,-1.423476,,,,,,
153378,,,,,,,,,0.494415,0.000000,,,29.490755,26.939857,0.143499,0.154985,,,,0.059782,0.729304,-1.427162,,,,,,
153384,0.059851,0.729131,-1.425418,0.139080,0.726180,-1.550685,0.511159,-0.173349,,,41.770370,40.178993,,,,,0.014398,0.077966,-0.125267,,,,,,,,,
153388,,,,,,,,,0.494415,-1.304868,,,29.169863,27.023539,0.186488,0.194701,,,,0.060441,0.724657,-1.434474,,,,,,
153398,,,,,,,,,0.466947,-0.652434,,,29.444408,27.093948,0.182424,0.193659,,,,0.061045,0.720089,-1.434474,,,,,,
153408,,,,,,,,,0.494415,0.000000,,,30.219954,27.697733,0.170946,0.184723,,,,0.061737,0.715490,-1.438149,,,,,,
153418,,,,,,,,,0.494415,0.000000,,,30.327953,28.205757,0.169348,0.177204,,,,0.062373,0.710955,-1.441816,,,,,,
153433,0.063149,0.705744,-1.443840,0.139523,0.698779,-1.558357,0.535847,-0.159668,,,,,30.418825,28.088665,0.168003,0.178937,,,,0.063127,0.705843,-1.445527,,,,,,
153436,,,,,,,,,0.906427,-0.652435,44.657570,43.251385,30.495285,29.079231,0.209602,0.209748,0.016579,0.074877,-0.114518,,,,,,,,,
153439,,,,,,,,,0.109870,0.000000,,,,,,,,,,,,,,,,,,
153448,,,,,,,,,0.494415,0.000000,,,30.559618,29.368151,0.208650,0.205472,,,,0.064282,0.695477,-1.449242,,,,,,
153458,,,,,,,,,0.521882,-0.652434,,,31.702833,29.611248,0.191730,0.201874,,,,0.064899,0.690300,-1.452912,,,,,,
153468,,,,,,,,,0.576817,0.652434,,,32.120193,30.360332,0.185553,0.190788,,,,0.065511,0.685299,-1.456622,,,,,,
153478,,,,,,,,,0.576817,-0.652434,,,31.926815,30.990612,0.188415,0.181459,,,,0.066024,0.679760,-1.456599,,,,,,
153484,0.066054,0.679535,-1.458266,0.139776,0.670163,-1.565447,0.560278,-0.147411,,,46.790615,45.513363,,,,,0.017592,0.072203,-0.107182,,,,,,,,,
153488,,,,,,,,,,,,,,,,,,,,0.066634,0.674241,-1.460402,,,,,,
153493,,,,,,,,,0.631752,3.262170,,,32.853191,31.520929,0.206274,0.207088,,,,,,,,,,,,
153498,,,,,,,,,0.439480,-3.914605,,,33.632645,31.967138,0.194738,0.200484,,,,0.067324,0.668633,-1.464083,,,,,,
153508,,,,,,,,,0.631752,-0.652435,,,33.743935,32.342579,0.193091,0.194928,,,,0.067839,0.663166,-1.467776,,,,,,
153518,,,,,,,,,0.549350,0.000000,,,34.926662,33.203018,0.175586,0.182193,,,,0.068364,0.657447,-1.475278,,,,,,
153528,,,,,,,,,0.576817,-0.652434,,,35.377266,33.382446,0.168918,0.179538,,,,0.068859,0.651925,-1.479024,,,,,,
153536,0.068859,0.651833,-1.480020,0.139836,0.640354,-1.572015,0.584345,-0.136400,,,48.363739,47.395542,35.211861,33.533417,0.194648,0.205159,0.017866,0.069645,-0.091995,0.069250,0.646002,-1.482740,,,,,,
153539,,,,,,,,,0.576817,0.652434,,,,,,,,,,,,,,,,,,
153548,,,,,,,,,0.604285,-1.304869,,,35.617229,33.660446,0.188648,0.203279,,,,0.069772,0.640051,-1.486493,,,,,,
153558,,,,,,,,,0.576817,-0.652434,,,35.958305,34.311871,0.183600,0.193638,,,,0.070217,0.634114,-1.490290,,,,,,
153568,,,,,,,,,0.604285,0.000000,,,36.245289,34.315434,0.179353,0.193586,,,,0.070679,0.627966,-1.490326,,,,,,
153578,,,,,,,,,0.604285,0.000000,,,37.031300,35.407520,0.167720,0.177423,,,,0.071092,0.621763,-1.494088,,,,,,
153584,0.071132,0.621761,-1.492909,0.139702,0.609379,-1.578112,0.607942,-0.126486,,,49.665344,48.836437,,,,,0.017680,0.067399,-0.085203,,,,,,,,,
153588,,,,,,,,,0.631752,-0.652435,,,37.148106,35.237316,0.185255,0.201267,,,,0.071334,0.615825,-1.497798,,,,,,
153598,,,,,,,,,0.604285,0.000000,,,37.246387,36.183193,0.183801,0.187268,,,,0.071700,0.609682,-1.497826,,,,,,
153608,,,,,,,,,0.631752,0.652435,,,37.873623,36.434509,0.174517,0.183549,,,,0.071971,0.603563,-1.497765,,,,,,
153618,,,,,,,,,0.576817,-0.652434,,,37.856834,36.645966,0.174766,0.180419,,,,0.072158,0.597274,-1.497765,,,,,,
153628,,,,,,,,,0.604285,0.000000,,,37.842709,36.823887,0.174975,0.177786,,,,0.072473,0.591354,-1.497795,,,,,,
153634,0.072557,0.591377,-1.497387,0.139374,0.577271,-1.583783,0.630962,-0.117539,,,51.944813,51.077534,,,,,0.018969,0.065603,-0.086396,,,,,,,,,
153638,,,,,,,,,0.631752,0.652435,,,37.830826,37.518131,0.208887,0.200679,,,,0.072976,0.585117,-1.497773,,,,,,
153648,,,,,,,,,,,,,,,,,,,,0.073559,0.579033,-1.501556,,,,,,
153653,,,,,,,,,0.741622,3.262171,,,41.632629,40.280441,0.152620,0.159797,,,,,,,,,,,,
153658,,,,,,,,,0.494415,-3.914605,,,37.752403,37.159218,0.210048,0.205991,,,,0.074161,0.572612,-1.505403,,,,,,
153668,,,,,,,,,0.686687,-0.652435,,,38.299385,37.255737,0.201952,0.204563,,,,0.074631,0.566371,-1.505406,,,,,,
153678,,,,,,,,,0.631752,-0.652435,,,39.304161,37.881493,0.187082,0.195301,,,,0.075078,0.559889,-1.509239,,,,,,
153684,0.075022,0.559885,-1.510981,0.138854,0.544068,-1.589069,0.653299,-0.109447,,,53.693508,52.985493,,,,,0.019605,0.062773,-0.078088,,,,,,,,,
153688,,,,,,,,,0.631752,0.652435,,,39.060490,37.863457,0.216569,0.223806,,,,0.075558,0.553585,-1.516856,,,,,,
153698,,,,,,,,,0.714154,-1.304868,,,39.400009,37.848282,0.211544,0.224031,,,,0.075844,0.547130,-1.520670,,,,,,
153708,,,,,,,,,0.631752,-0.652435,,,40.230225,38.924603,0.199257,0.208101,,,,0.076120,0.540695,-1.524453,,,,,,
153718,,,,,,,,,0.631752,-0.652435,,,40.928768,38.741131,0.188918,0.210817,,,,0.076452,0.534195,-1.528286,,,,,,
153728,,,,,,,,,0.686687,0.652435,,,40.971977,39.675846,0.188279,0.196983,,,,0.076712,0.527233,-1.532268,,,,,,
153734,0.076778,0.527099,-1.527746,0.138142,0.509813,-1.594006,0.674849,-0.102115,,,55.133091,54.698772,,,,,0.019911,0.060563,-0.066260,,,,,,,,,
153738,,,,,,,,,0.686687,-0.652435,,,41.552879,39.373226,0.200987,0.226818,,,,0.076842,0.520281,-1.536054,,,,,,
153748,,,,,,,,,0.686687,-0.652435,,,41.497105,40.207691,0.201813,0.214468,,,,0.077013,0.513601,-1.536005,,,,,,
153758,,,,,,,,,0.659220,0.000000,,,41.450176,40.365265,0.202507,0.212136,,,,0.077084,0.506781,-1.535965,,,,,,
153768,,,,,,,,,0.714154,1.304868,,,41.955235,41.042389,0.195032,0.202114,,,,0.077137,0.499822,-1.539816,,,,,,
153778,,,,,,,,,0.659220,-1.304869,,,42.380192,41.067577,0.188743,0.201742,,,,0.077154,0.492938,-1.539856,,,,,,
153784,0.077162,0.493039,-1.544315,0.137240,0.474552,-1.598625,0.695510,-0.095458,,,56.392719,56.284462,,,,,0.020071,0.059567,-0.054310,,,,,,,,,
153788,,,,,,,,,0.741622,0.652433,,,42.193207,41.633316,0.210153,0.216837,,,,0.077322,0.485692,-1.539855,,,,,,
153798,,,,,,,,,0.659220,0.000000,,,42.580421,42.109329,0.204422,0.209792,,,,0.077482,0.478489,-1.539903,,,,,,
153808,,,,,,,,,0.741622,-0.652433,,,42.906223,42.509846,0.199600,0.203864,,,,0.077704,0.471294,-1.543818,,,,,,
153818,,,,,,,,,0.686687,0.652435,,,43.180351,42.846840,0.195543,0.198877,,,,0.077865,0.464315,-1.543715,,,,,,
153827,,,,,,,,,0.741622,-0.652433,,,43.955547,43.130386,0.184070,0.194680,,,,0.078088,0.457386,-1.543676,,,,,,
153834,0.078050,0.457266,-1.546466,0.136153,0.438340,-1.602956,0.715184,-0.089406,,,57.823997,57.637115,,,,,0.020334,0.057626,-0.056490,,,,,,,,,
153838,,,,,,,,,0.714155,0.000000,,,44.063255,43.368965,0.203659,0.211169,,,,0.078212,0.450421,-1.547509,,,,,,
153848,,,,,,,,,0.714155,0.000000,,,43.609337,43.025162,0.210377,0.216257,,,,0.078268,0.443020,-1.547631,,,,,,
153858,,,,,,,,,0.741622,-0.652433,,,44.316494,43.824970,0.199911,0.204420,,,,0.078392,0.435924,-1.547631,,,,,,
153868,,,,,,,,,0.686687,0.652435,,,44.366955,43.953388,0.199164,0.202519,,,,0.078546,0.428623,-1.551382,,,,,,
153879,,,,,,,,,0.686687,-0.652435,,,45.498497,44.605980,0.182417,0.192861,,,,0.078552,0.421501,-1.555337,,,,,,
153884,0.078539,0.421621,-1.557330,0.134882,0.401233,-1.607023,0.733774,-0.083894,,,59.434654,59.424461,,,,,0.021145,0.056064,-0.049693,,,,,,,,,
153888,,,,,,,,,0.796557,-0.652434,,,44.816948,44.065983,0.216342,0.227305,,,,0.078605,0.414271,-1.555295,,,,,,
153898,,,,,,,,,0.714155,0.000000,,,45.332581,44.156174,0.208711,0.225971,,,,0.078618,0.407123,-1.555296,,,,,,
153908,,,,,,,,,0.769089,0.000000,,,45.221889,44.232059,0.210349,0.224848,,,,0.078607,0.399879,-1.559149,,,,,,
153918,,,,,,,,,0.714155,0.000000,,,45.673298,44.840454,0.203668,0.215843,,,,0.078616,0.392490,-1.559123,,,,,,
153928,,,,,,,,,0.714155,0.000000,,,45.508568,44.807816,0.206106,0.216326,,,,0.078699,0.385093,-1.563018,,,,,,
153934,0.078725,0.385162,-1.562541,0.133434,0.363292,-1.610850,0.751190,-0.078868,,,61.269962,61.284946,,,,,0.022321,0.054527,-0.048309,,,,,,,,,
153938,,,,,,,,,0.741622,0.652433,,,45.369965,45.324894,0.235320,0.236209,,,,0.078739,0.377779,-1.563018,,,,,,
153948,,,,,,,,,0.796557,-0.652434,,,45.797886,45.215424,0.228987,0.237829,,,,0.078840,0.370491,-1.563018,,,,,,
153958,,,,,,,,,0.714155,0.000000,,,46.157940,45.667854,0.223658,0.231133,,,,0.078815,0.362503,-1.566921,,,,,,
153968,,,,,,,,,0.824024,0.000000,,,47.005432,46.048531,0.211115,0.225499,,,,0.078897,0.355103,-1.566921,,,,,,
153978,,,,,,,,,0.741622,-0.652433,,,47.173969,46.368832,0.208621,0.220758,,,,0.078733,0.347675,-1.570831,,,,,,
153984,0.078713,0.347710,-1.572872,0.131812,0.324582,-1.614457,0.767346,-0.074280,,,62.649776,62.849018,,,,,0.023017,0.053147,-0.041584,,,,,,,,,
153988,,,,,,,,,0.824024,0.000000,,,46.771233,46.638332,0.235002,0.239918,,,,0.078696,0.339656,-1.570796,,,,,,
153998,,,,,,,,,0.769089,0.000000,,,47.521458,46.865089,0.223899,0.236562,,,,0.078719,0.331822,-1.574703,,,,,,
154008,,,,,,,,,,,,,47.608154,47.055885,0.222616,0.233738,,,,0.078446,0.323801,-1.574703,,,,,,
154014,,,,,,,,,0.906427,4.567039,,,,,,,,,,,,,,,,,,
154019,,,,,,,,,0.604285,-5.219473,,,48.225643,48.305508,0.213477,0.215244,,,,0.078279,0.315875,-1.574672,,,,,,
154028,,,,,,,,,0.796557,0.652434,,,49.289742,47.723309,0.197729,0.223861,,,,0.078157,0.307974,-1.574692,,,,,,
154034,0.078242,0.307967,-1.571804,0.130022,0.285174,-1.617865,0.782160,-0.070088,,,63.460674,63.512188,,,,,0.022740,0.051803,-0.046061,,,,,,,,,
154038,,,,,,,,,0.824024,0.000000,,,48.551445,47.777988,0.220657,0.232866,,,,0.078015,0.300007,-1.574672,,,,,,
154048,,,,,,,,,0.769089,0.000000,,,48.474785,48.368542,0.221791,0.224126,,,,0.077722,0.291842,-1.574646,,,,,,
154058,,,,,,,,,0.796557,-0.652434,,,48.954826,48.320889,0.214687,0.224831,,,,0.077767,0.283614,-1.574646,,,,,,
154068,,,,,,,,,0.824024,1.304869,,,48.814190,48.825336,0.216768,0.217365,,,,0.077728,0.275794,-1.574672,,,,,,
154078,,,,,,,,,0.796557,-0.652434,,,50.329487,49.249779,0.194342,0.211084,,,,0.077758,0.267885,-1.574706,,,,,,
154084,0.077748,0.267907,-1.577200,0.128071,0.245139,-1.621088,0.795556,-0.066254,,,64.088272,64.186218,,,,,0.022445,0.050468,-0.043888,,,,,,,,,
154088,,,,,,,,,0.851492,-0.652435,,,49.426285,49.062363,0.216997,0.223833,,,,0.077699,0.259802,-1.578605,,,,,,
154098,,,,,,,,,0.824024,0.000000,,,49.210873,48.904671,0.220186,0.226167,,,,0.077593,0.251700,-1.582504,,,,,,
154108,,,,,,,,,0.741622,-0.652433,,,50.118713,49.316532,0.206749,0.220071,,,,0.077364,0.243601,-1.582504,,,,,,
154118,,,,,,,,,0.824024,1.304869,,,49.793484,49.663071,0.211563,0.214943,,,,0.077284,0.235486,-1.582501,,,,,,
154128,,,,,,,,,0.824024,-1.304869,,,50.608921,49.954647,0.199494,0.210627,,,,0.077077,0.227636,-1.582500,,,,,,
154134,0.077015,0.227560,-1.587529,0.125965,0.204555,-1.624144,0.807468,-0.062746,,,64.573318,64.880882,,,,,0.022183,0.049328,-0.036615,,,,,,,,,
154138,,,,,,,,,0.769089,1.304867,,,49.661400,49.110897,0.220696,0.233396,,,,0.076907,0.219393,-1.586392,,,,,,
154148,,,,,,,,,0.824024,-1.304869,,,49.953243,49.490051,0.216377,0.227784,,,,0.076662,0.211067,-1.586388,,,,,,
154158,,,,,,,,,0.796557,-0.652434,,,50.743343,49.809071,0.204684,0.223063,,,,0.076463,0.203200,-1.586391,,,,,,
154168,,,,,,,,,,,,,,,,,,,,0.076152,0.195296,-1.586387,,,,,,
154173,,,,,,,,,1.181102,0.652433,,,54.130852,53.889297,0.154549,0.162675,,,,,,,,,,,,
154179,,,,,,,,,0.384545,0.000000,,,50.446579,50.243336,0.209076,0.216636,,,,0.075791,0.187078,-1.586387,,,,,,
154184,0.075866,0.188862,-1.586484,0.123712,0.163499,-1.627046,0.817833,-0.059536,,,66.845352,67.014366,,,,,0.024609,0.048238,-0.040562,,,,,,,,,
154188,,,,,,,,,0.824024,0.000000,,,48.980263,49.353798,0.264403,0.261376,,,,0.075632,0.178579,-1.586388,,,,,,
154198,,,,,,,,,0.824024,0.000000,,,49.924679,49.694427,0.250426,0.256335,,,,0.075416,0.170195,-1.590257,,,,,,
154208,,,,,,,,,0.878959,0.000000,,,50.174767,49.981033,0.246725,0.252093,,,,0.075253,0.161843,-1.590239,,,,,,
154218,,,,,,,,,0.796557,0.652434,,,50.385189,50.222183,0.243610,0.248524,,,,0.075153,0.153648,-1.590258,,,,,,
154235,0.075206,0.153261,-1.587205,0.121320,0.122053,-1.629808,0.826597,-0.056598,1.043764,-6.524342,71.202011,71.267387,55.463127,54.781433,0.232935,0.243992,0.030447,0.046620,-0.042603,0.074931,0.145691,-1.590268,,,,,,
154238,,,,,,,,,0.576817,3.262172,,,51.023014,48.271263,0.298649,0.340343,,,,,,,,,,,,
154248,,,,,,,,,0.878959,0.000000,,,51.643448,49.328125,0.289467,0.324701,,,,0.074464,0.128210,-1.594132,,,,,,
154258,,,,,,,,,0.851492,-0.652435,,,52.165482,50.217369,0.281741,0.311540,,,,0.073934,0.119154,-1.597880,,,,,,
154268,,,,,,,,,0.933894,0.000000,,,53.149265,51.510124,0.267181,0.292407,,,,0.073496,0.110131,-1.594015,,,,,,
154278,,,,,,,,,0.933894,1.304869,,,53.432476,53.142391,0.262989,0.268250,,,,0.073050,0.101370,-1.594054,,,,,,
154284,0.073272,0.101806,-1.588012,0.118798,0.080301,-1.632441,0.833714,-0.053910,,,65.407288,65.404381,,,,,0.020718,0.045889,-0.044429,,,,,,,,,
154288,,,,,,,,,0.961362,-0.652434,,,54.759857,53.971237,0.157582,0.169211,,,,0.072582,0.092308,-1.590212,,,,,,
154298,,,,,,,,,0.906427,0.652435,,,54.243084,54.668625,0.165230,0.158889,,,,0.072101,0.082921,-1.586256,,,,,,
154308,,,,,,,,,0.741622,0.652433,,,53.263729,53.621777,0.179725,0.174383,,,,0.071763,0.073245,-1.586258,,,,,,
154318,,,,,,,,,0.933894,0.000000,,,53.528786,53.285503,0.175802,0.179359,,,,0.071711,0.063983,-1.586259,,,,,,
154328,,,,,,,,,0.769089,-1.304867,,,53.207260,53.002563,0.180560,0.183547,,,,0.071524,0.054274,-1.586025,,,,,,
154336,0.071527,0.055039,-1.591666,0.116154,0.038327,-1.634957,0.839145,-0.051453,,,62.556858,62.570866,,,,,0.015777,0.044966,-0.043291,,,,,,,,,
154339,,,,,,,,,0.741622,0.652433,,,52.392185,52.219955,0.150437,0.153193,,,,0.071323,0.044542,-1.585558,,,,,,
154348,,,,,,,,,0.714155,0.000000,,,51.161839,51.016926,0.168646,0.170998,,,,0.071055,0.035199,-1.588797,,,,,,
154358,,,,,,,,,0.824024,0.000000,,,51.215714,50.549240,0.167849,0.177920,,,,0.070879,0.025337,-1.591855,,,,,,
154368,,,,,,,,,0.769089,-1.304867,,,50.716499,50.155727,0.175237,0.183744,,,,0.070660,0.016174,-1.594514,,,,,,
154378,,,,,,,,,0.824024,0.000000,,,50.296459,50.369171,0.181454,0.180585,,,,0.070343,0.008247,-1.594508,,,,,,
154384,0.070369,0.008717,-1.594270,0.113397,-0.003783,-1.637366,0.842861,-0.049209,,,60.045895,60.017097,,,,,0.011486,0.043309,-0.043096,,,,,,,,,
154388,,,,,,,,,,,,,,,,,,,,0.070221,0.000994,-1.595359,,,,,,
154393,,,,,,,,,0.878959,-3.914604,,,53.754841,53.816021,0.093108,0.091776,,,,,,,,,,,,
154398,,,,,,,,,0.631752,4.567039,,,49.041119,48.548050,0.162871,0.169742,,,,0.069892,-0.006596,-1.599437,,,,,,
154408,,,,,,,,,0.741622,-0.652433,,,48.886795,47.927383,0.165155,0.178928,,,,0.069415,-0.013781,-1.600127,,,,,,
154418,,,,,,,,,0.714155,0.000000,,,48.756947,47.405155,0.167076,0.186657,,,,0.068937,-0.021418,-1.607504,,,,,,
154428,,,,,,,,,0.769089,0.000000,,,48.103149,47.510296,0.176753,0.185101,,,,0.068552,-0.028671,-1.607504,,,,,,
154436,0.068626,-0.028759,-1.606395,0.110537,-0.045941,-1.639676,0.844841,-0.047164,,,62.741394,63.011642,47.553047,47.054218,0.224788,0.236170,0.015679,0.042496,-0.033281,0.068070,-0.036222,-1.611000,,,,,,
154439,,,,,,,,,0.659220,0.000000,,,,,,,,,,,,,,,,,,
154448,,,,,,,,,0.769089,0.000000,,,47.090191,46.670475,0.231638,0.241849,,,,0.067767,-0.043364,-1.610993,,,,,,
154458,,,,,,,,,0.796557,-0.652434,,,47.789829,47.436680,0.221283,0.230509,,,,0.067401,-0.050510,-1.614840,,,,,,
154468,,,,,,,,,0.741622,-0.652433,,,47.833961,46.992279,0.220630,0.237087,,,,0.067141,-0.057498,-1.615366,,,,,,
154478,,,,,,,,,0.851492,0.652435,,,48.415638,47.707443,0.212021,0.226502,,,,0.066782,-0.064276,-1.612118,,,,,,
154484,0.066857,-0.064868,-1.608903,0.107584,-0.088060,-1.641899,0.845072,-0.045304,,,66.594757,66.849739,,,,,0.021624,0.041581,-0.032996,,,,,,,,,
154488,,,,,,,,,0.769089,0.000000,,,48.360516,47.764641,0.269867,0.282459,,,,0.066385,-0.071150,-1.616331,,,,,,
154498,,,,,,,,,0.824024,0.000000,,,48.858681,47.812767,0.262494,0.281747,,,,0.066216,-0.077645,-1.613177,,,,,,
154508,,,,,,,,,0.796557,0.652434,,,49.277836,48.942348,0.256290,0.265029,,,,0.065951,-0.084212,-1.617216,,,,,,
154518,,,,,,,,,0.851492,-0.652435,,,50.175056,49.892776,0.243012,0.250963,,,,0.065674,-0.090984,-1.613266,,,,,,
154529,,,,,,,,,0.796557,0.652434,,,50.929977,50.692467,0.231839,0.239128,,,,0.065199,-0.099700,-1.621039,,,,,,
154534,0.065254,-0.100118,-1.617285,0.104548,-0.130054,-1.644041,0.843551,-0.043617,,,70.580467,71.010330,,,,,0.028077,0.040643,-0.026756,,,,,,,,,
154538,,,,,,,,,0.878959,0.000000,,,49.931538,50.276237,0.305604,0.306865,,,,0.064846,-0.107617,-1.617229,,,,,,
154548,,,,,,,,,,,,,,,,,,,,0.064332,-0.116061,-1.617198,,,,,,
154553,,,,,,,,,0.769089,0.000000,,,50.180538,55.371456,0.301919,0.231455,,,,,,,,,,,,
154558,,,,,,,,,0.961362,-0.652434,,,51.479134,50.945881,0.282700,0.296954,,,,0.063948,-0.124511,-1.617199,,,,,,
154568,,,,,,,,,0.851492,-0.652435,,,51.482685,51.034004,0.282647,0.295650,,,,0.063553,-0.132741,-1.621052,,,,,,
154578,,,,,,,,,0.851492,0.652435,,,52.574760,52.741783,0.266484,0.270375,,,,0.063073,-0.141261,-1.624865,,,,,,
154584,0.063137,-0.141380,-1.621494,0.101438,-0.171835,-1.646111,0.840284,-0.042095,,,70.614380,71.087013,,,,,0.028475,0.039795,-0.024617,,,,,,,,,
154588,,,,,,,,,0.961362,0.652434,,,53.493629,52.000534,0.253387,0.282480,,,,0.062612,-0.150438,-1.628652,,,,,,
154598,,,,,,,,,0.878959,-1.304869,,,54.266769,53.010479,0.241945,0.267533,,,,0.061920,-0.159295,-1.628663,,,,,,
154608,,,,,,,,,0.961362,-0.652434,,,54.917286,53.860245,0.232317,0.254956,,,,0.061285,-0.168761,-1.632425,,,,,,
154618,,,,,,,,,0.961362,0.652434,,,54.920090,54.575237,0.232276,0.244374,,,,0.060513,-0.178088,-1.632393,,,,,,
154628,,,,,,,,,0.878959,0.000000,,,56.011536,55.176834,0.216122,0.235471,,,,0.059695,-0.187246,-1.632306,,,,,,
154634,0.059794,-0.187080,-1.631402,0.098266,-0.213317,-1.648116,0.835284,-0.040729,,,67.203285,67.939804,,,,,0.023858,0.039990,-0.016714,,,,,,,,,
154638,,,,,,,,,0.906427,0.652435,,,55.840790,55.683014,0.168165,0.181400,,,,0.058877,-0.196583,-1.632304,,,,,,
154648,,,,,,,,,0.878959,0.000000,,,55.152580,55.564373,0.178350,0.183156,,,,0.058098,-0.205779,-1.628499,,,,,,
154658,,,,,,,,,0.796557,-0.652434,,,54.573521,54.375462,0.186921,0.200752,,,,0.057293,-0.215149,-1.628499,,,,,,
154668,,,,,,,,,0.851492,0.652435,,,54.630844,54.464199,0.186072,0.199439,,,,0.056780,-0.224632,-1.624639,,,,,,
154679,,,,,,,,,0.906427,0.652435,,,54.679077,55.083405,0.185358,0.190275,,,,0.056325,-0.234305,-1.624364,,,,,,
154684,0.056440,-0.234142,-1.622221,0.095042,-0.254417,-1.650064,0.828574,-0.039512,,,63.351688,63.718166,,,,,0.018264,0.039594,-0.027843,,,,,,,,,
154688,,,,,,,,,0.824024,0.000000,,,53.630573,53.970776,0.143872,0.144261,,,,0.055744,-0.243742,-1.620279,,,,,,
154698,,,,,,,,,0.769089,0.000000,,,53.292904,53.579151,0.148870,0.150057,,,,0.055405,-0.253150,-1.624121,,,,,,
154708,,,,,,,,,0.741622,0.652433,,,51.919704,52.705093,0.169193,0.162993,,,,0.054916,-0.262198,-1.623636,,,,,,
154718,,,,,,,,,0.769089,-1.304867,,,51.853378,51.425121,0.170175,0.181937,,,,0.054385,-0.271751,-1.626178,,,,,,
154728,,,,,,,,,0.796557,0.652434,,,51.253029,51.437237,0.179060,0.181758,,,,0.053779,-0.280973,-1.625417,,,,,,
154734,0.053876,-0.280383,-1.622414,0.091775,-0.295051,-1.651962,0.820187,-0.038438,,,59.279957,59.556484,,,,,0.012693,0.038606,-0.029548,,,,,,,,,
154738,,,,,,,,,0.769089,0.000000,,,50.747898,50.358345,0.126274,0.136132,,,,0.053005,-0.289566,-1.628059,,,,,,
154748,,,,,,,,,0.714155,0.000000,,,49.778336,49.995110,0.140624,0.141508,,,,0.052516,-0.296879,-1.629005,,,,,,
154758,,,,,,,,,0.796557,-0.652434,,,49.507088,49.144939,0.144638,0.154091,,,,0.052045,-0.304140,-1.629207,,,,,,
154768,,,,,,,,,0.659220,0.000000,,,48.734318,48.429607,0.156075,0.164678,,,,0.051481,-0.311158,-1.629605,,,,,,
154778,,,,,,,,,0.686687,-0.652435,,,48.084110,47.827728,0.165699,0.173586,,,,0.050835,-0.318211,-1.629580,,,,,,
154784,0.050901,-0.317911,-1.631718,0.088477,-0.335140,-1.653817,0.810161,-0.037503,,,59.976776,60.482342,,,,,0.014909,0.038556,-0.022099,,,,,,,,,
154788,,,,,,,,,0.741622,0.652433,,,47.537025,46.776764,0.184108,0.202843,,,,0.050287,-0.325359,-1.633802,,,,,,
154798,,,,,,,,,0.659220,0.000000,,,46.532166,46.437027,0.198980,0.207871,,,,0.049794,-0.332242,-1.633802,,,,,,
154808,,,,,,,,,,,,,,,,,,,,0.049364,-0.339315,-1.633616,,,,,,
154813,,,,,,,,,1.098699,0.000000,,,50.043022,49.962971,0.147020,0.155687,,,,,,,,,,,,
154818,,,,,,,,,0.439480,0.000000,,,45.917995,45.850639,0.208070,0.216549,,,,0.048925,-0.345967,-1.637788,,,,,,
154828,,,,,,,,,0.686687,0.652435,,,45.714458,45.657784,0.211082,0.219403,,,,0.048407,-0.352778,-1.637971,,,,,,
154834,0.048479,-0.352730,-1.634711,0.085156,-0.374605,-1.655635,0.798546,-0.036704,,,62.197426,62.713337,,,,,0.019487,0.037999,-0.020925,,,,,,,,,
154839,,,,,,,,,0.714155,0.000000,,,45.543201,45.495514,0.246483,0.254824,,,,0.048055,-0.359323,-1.638597,,,,,,
154848,,,,,,,,,0.796557,-0.652434,,,45.943649,45.903522,0.240556,0.248785,,,,0.047532,-0.365906,-1.638864,,,,,,
154858,,,,,,,,,0.769089,0.000000,,,46.280586,46.246822,0.235569,0.243704,,,,0.047072,-0.372203,-1.635798,,,,,,
154868,,,,,,,,,0.824024,0.000000,,,47.108627,47.080219,0.223314,0.231370,,,,0.046652,-0.378204,-1.639984,,,,,,
154878,,,,,,,,,0.741622,-0.652433,,,47.260796,47.236897,0.221062,0.229051,,,,0.046037,-0.384365,-1.636258,,,,,,
154884,0.046000,-0.384812,-1.638866,0.081825,-0.413373,-1.657423,0.785397,-0.036040,,,65.585861,66.154015,,,,,0.026058,0.037685,-0.018558,,,,,,,,,
154888,,,,,,,,,0.741622,0.652433,,,47.388832,47.368725,0.269316,0.278022,,,,0.045309,-0.391768,-1.636240,,,,,,
154898,,,,,,,,,0.769089,0.000000,,,47.496563,47.479645,0.267722,0.276381,,,,0.044869,-0.399700,-1.640058,,,,,,
154908,,,,,,,,,,,,,47.587208,47.572971,0.266380,0.274999,,,,0.044146,-0.407187,-1.636269,,,,,,
154914,,,,,,,,,1.208569,0.000000,,,,,,,,,,,,,,,,,,
154918,,,,,,,,,0.384545,0.000000,,,48.208019,48.196041,0.257192,0.265778,,,,0.043331,-0.414982,-1.640005,,,,,,
154928,,,,,,,,,0.878959,0.000000,,,49.274914,49.264835,0.241402,0.249960,,,,0.042759,-0.422618,-1.640062,,,,,,
154934,0.042780,-0.423125,-1.639963,0.078491,-0.451371,-1.659188,0.770777,-0.035510,,,64.464920,64.998337,,,,,0.025710,0.037578,-0.019225,,,,,,,,,
154938,,,,,,,,,0.796557,0.652434,,,49.083511,49.075031,0.227645,0.235665,,,,0.042190,-0.430796,-1.636269,,,,,,
154948,,,,,,,,,0.796557,-0.652434,,,49.467007,49.459873,0.221969,0.229969,,,,0.041734,-0.439130,-1.636273,,,,,,
154958,,,,,,,,,0.824024,0.000000,,,49.789680,49.783680,0.217194,0.225177,,,,0.041174,-0.447668,-1.640048,,,,,,
154973,,,,,,,,,1.043764,-5.219473,,,54.417522,50.056129,0.148701,0.221145,,,,0.040700,-0.456017,-1.640049,,,,,,
154978,,,,,,,,,0.604285,5.219473,,,49.598698,51.374454,0.220020,0.201633,,,,0.040012,-0.464213,-1.640058,,,,,,
154984,0.040349,-0.463299,-1.618159,0.075165,-0.488532,-1.660937,0.754756,-0.035115,,,62.416195,62.200169,,,,,0.023556,0.035972,-0.042778,,,,,,,,,
154988,,,,,,,,,0.796557,0.652434,,,49.355942,50.305523,0.193292,0.176041,,,,0.039447,-0.472691,-1.640059,,,,,,
154998,,,,,,,,,0.796557,-0.652434,,,49.696232,49.950665,0.188255,0.181293,,,,0.038839,-0.481258,-1.636272,,,,,,
155008,,,,,,,,,0.796557,-0.652434,,,49.982552,49.652088,0.184018,0.185712,,,,0.038220,-0.489861,-1.639981,,,,,,
155017,,,,,,,,,0.796557,-0.652434,,,49.678917,49.400864,0.188512,0.189430,,,,0.037641,-0.498258,-1.639945,,,,,,
155028,,,,,,,,,0.796557,1.957302,,,49.423439,49.734028,0.192293,0.184499,,,,0.036902,-0.506696,-1.643686,,,,,,
155034,0.037164,-0.506397,-1.633339,0.071856,-0.524792,-1.662676,0.737410,-0.034857,,,56.421398,56.581459,,,,,0.016191,0.035774,-0.029337,,,,,,,,,
155038,,,,,,,,,0.796557,-1.957302,,,49.753021,49.469810,0.098692,0.105252,,,,0.036039,-0.515053,-1.647360,,,,,,
155048,,,,,,,,,0.686687,-0.652435,,,48.941246,48.158409,0.110706,0.124661,,,,0.035280,-0.523345,-1.651076,,,,,,
155058,,,,,,,,,0.714155,0.000000,,,48.258221,47.599541,0.120815,0.132932,,,,0.034516,-0.531332,-1.654901,,,,,,
155068,,,,,,,,,,,,,,,,,,,,0.033801,-0.539746,-1.658081,,,,,,
155073,,,,,,,,,0.988829,0.000000,,,47.683521,46.584766,0.129321,0.147951,,,,,,,,,,,,
155078,,,,,,,,,0.302142,0.652434,,,46.655426,45.730934,0.144536,0.160588,,,,0.033065,-0.548107,-1.657645,,,,,,
155084,0.033344,-0.545873,-1.652870,0.068573,-0.560092,-1.664414,0.718822,-0.034741,,,51.864304,52.523613,,,,,0.011283,0.036276,-0.011544,,,,,,,,,
155088,,,,,,,,,0.659220,0.000000,,,45.245846,44.467976,0.097953,0.119223,,,,0.032368,-0.556310,-1.660386,,,,,,
155098,,,,,,,,,0.576817,-0.652434,,,44.059822,43.405323,0.115506,0.134951,,,,0.031615,-0.564404,-1.662787,,,,,,
155108,,,,,,,,,0.631752,0.652435,,,42.517361,43.055752,0.138335,0.140124,,,,0.030999,-0.570949,-1.663402,,,,,,
155118,,,,,,,,,0.604285,0.000000,,,42.308620,42.217079,0.141424,0.152537,,,,0.030406,-0.577287,-1.663594,,,,,,
155127,,,,,,,,,,,,,,,,,,,,0.029810,-0.582847,-1.664131,,,,,,
155134,0.029897,-0.582271,-1.663187,0.065324,-0.594376,-1.666156,0.699078,-0.034772,1.043764,0.000000,48.918251,49.788212,45.944790,45.867767,0.044007,0.058023,0.008785,0.036393,-0.002969,,,,,,,,,
155138,,,,,,,,,0.164805,0.000000,,,40.291569,40.226761,0.127675,0.141509,,,,,,,,,,,,
155148,,,,,,,,,0.631752,0.652435,,,39.346752,39.836765,0.141658,0.147281,,,,0.028638,-0.593759,-1.661142,,,,,,
155158,,,,,,,,,0.549350,0.000000,,,39.096329,39.508625,0.145364,0.152138,,,,0.028114,-0.599121,-1.657910,,,,,,
155168,,,,,,,,,0.549350,0.000000,,,38.341076,38.687984,0.156542,0.164283,,,,0.027555,-0.604883,-1.657781,,,,,,
155178,,,,,,,,,0.604285,0.000000,,,38.250153,38.542042,0.157888,0.166443,,,,0.027041,-0.610036,-1.654233,,,,,,
155184,0.027048,-0.610231,-1.654985,0.062117,-0.627595,-1.667912,0.678272,-0.034957,,,51.348148,51.926685,,,,,0.014353,0.036405,-0.012927,,,,,,,,,
155188,,,,,,,,,,,,,,,,,,,,0.026395,-0.615518,-1.654121,,,,,,
155195,,,,,,,,,0.961362,0.652434,,,41.440907,42.231049,0.146627,0.143495,,,,,,,,,,,,
155198,,,,,,,,,0.219740,0.000000,,,37.046547,37.711372,0.211664,0.210387,,,,0.025872,-0.620493,-1.650651,,,,,,
155207,,,,,,,,,0.604285,0.000000,,,37.160934,37.720318,0.209971,0.210254,,,,0.025312,-0.625665,-1.650929,,,,,,
155218,,,,,,,,,0.631752,0.652435,,,37.257179,37.727844,0.208546,0.210143,,,,0.024831,-0.630667,-1.651125,,,,,,
155228,,,,,,,,,0.631752,-0.652435,,,37.882706,38.278721,0.199289,0.201990,,,,0.024475,-0.635421,-1.651376,,,,,,
155236,0.024433,-0.635946,-1.654417,0.058961,-0.659702,-1.669690,0.656498,-0.035308,,,54.176235,54.668919,37.319935,38.197685,0.249473,0.243774,0.020790,0.036392,-0.015273,0.024030,-0.640203,-1.651331,,,,,,
155239,,,,,,,,,0.604285,0.000000,,,,,,,,,,,,,,,,,,
155248,,,,,,,,,0.631752,0.652435,,,37.935509,38.129501,0.240363,0.244783,,,,0.023494,-0.646453,-1.651386,,,,,,
155258,,,,,,,,,0.604285,0.000000,,,37.908909,38.072132,0.240756,0.245632,,,,0.023007,-0.652683,-1.655149,,,,,,
155268,,,,,,,,,0.631752,-0.652435,,,38.431068,38.568405,0.233028,0.238288,,,,0.022397,-0.658846,-1.655145,,,,,,
155277,,,,,,,,,0.686687,-0.652435,,,39.414959,39.530514,0.218467,0.224048,,,,0.021703,-0.665449,-1.658901,,,,,,
155284,0.021651,-0.665840,-1.661262,0.055861,-0.690658,-1.671499,0.633857,-0.035835,,,53.255413,53.842289,,,,,0.021625,0.036313,-0.010237,,,,,,,,,
155288,,,,,,,,,0.714155,0.000000,,,40.242802,39.795486,0.192587,0.207893,,,,0.021185,-0.671812,-1.658889,,,,,,
155298,,,,,,,,,0.686687,-0.652435,,,40.394806,40.018436,0.190337,0.204593,,,,0.020737,-0.678340,-1.658888,,,,,,
155308,,,,,,,,,0.659220,1.304869,,,40.522701,40.206024,0.188444,0.201817,,,,0.020090,-0.685277,-1.662650,,,,,,
155318,,,,,,,,,0.659220,-1.304869,,,41.174858,40.363861,0.178792,0.199481,,,,0.019373,-0.692465,-1.662627,,,,,,
155329,,,,,,,,,0.659220,0.000000,,,41.723583,40.496666,0.170671,0.197515,,,,0.018673,-0.699295,-1.662651,,,,,,
155334,0.018672,-0.699242,-1.662534,0.052826,-0.720427,-1.673349,0.610450,-0.036554,,,49.462833,49.993904,,,,,0.017967,0.035951,-0.010815,,,,,,,,,
155338,,,,,,,,,0.741622,0.652433,,,41.640736,41.697495,0.115767,0.122787,,,,0.018069,-0.706214,-1.662642,,,,,,
155348,,,,,,,,,,,,,,,,,,,,0.017338,-0.713130,-1.666367,,,,,,
155353,,,,,,,,,0.714154,3.914605,,,40.481941,43.796959,0.132917,0.091715,,,,,,,,,,,,
155358,,,,,,,,,0.494415,-3.914605,,,40.051476,39.573471,0.139288,0.154222,,,,0.016367,-0.719998,-1.662623,,,,,,
155368,,,,,,,,,0.576817,0.652434,,,39.689281,39.831631,0.144649,0.150402,,,,0.015615,-0.727116,-1.658856,,,,,,
155379,,,,,,,,,0.576817,-0.652434,,,39.929073,39.504303,0.141100,0.155246,,,,0.014890,-0.734288,-1.662393,,,,,,
155384,0.014953,-0.733753,-1.665142,0.049860,-0.748979,-1.675251,0.586381,-0.037484,,,44.035435,44.555145,,,,,0.011869,0.036186,-0.010109,,,,,,,,,
155388,,,,,,,,,0.631752,-0.652435,,,39.041748,38.684349,0.073907,0.086888,,,,0.014216,-0.741316,-1.662105,,,,,,
155398,,,,,,,,,0.521882,0.652434,,,38.295155,38.538982,0.084956,0.089039,,,,0.013538,-0.748307,-1.661609,,,,,,
155408,,,,,,,,,0.549350,0.000000,,,37.122425,37.327583,0.102313,0.106968,,,,0.012883,-0.755332,-1.661542,,,,,,
155418,,,,,,,,,0.494415,0.000000,,,36.135693,36.308311,0.116916,0.122053,,,,0.012285,-0.762105,-1.661031,,,,,,
155428,,,,,,,,,0.521882,0.652434,,,35.305454,35.450699,0.129204,0.134746,,,,0.011555,-0.768933,-1.662719,,,,,,
155434,0.011664,-0.768163,-1.660185,0.046970,-0.776289,-1.677218,0.561757,-0.038649,,,38.125683,38.452339,,,,,0.004942,0.035890,-0.017033,,,,,,,,,
155438,,,,,,,,,0.439480,0.000000,,,34.606892,34.729103,0.052078,0.055104,,,,0.010953,-0.774431,-1.666243,,,,,,
155448,,,,,,,,,0.521882,-0.652434,,,34.019123,34.121952,0.060777,0.064090,,,,0.010513,-0.779059,-1.659975,,,,,,
155458,,,,,,,,,0.439480,0.000000,,,33.524574,33.066551,0.068096,0.079710,,,,0.010121,-0.783727,-1.664131,,,,,,
155468,,,,,,,,,0.439480,0.000000,,,32.019375,31.633995,0.090373,0.100911,,,,0.009674,-0.788086,-1.664808,,,,,,
155478,,,,,,,,,0.384545,0.000000,,,30.752899,30.973185,0.109117,0.110691,,,,0.009105,-0.792845,-1.663780,,,,,,
155484,0.009175,-0.792381,-1.663479,0.044161,-0.802338,-1.679264,0.536682,-0.040076,,,37.681732,37.999760,,,,,0.006677,0.035757,-0.015785,,,,,,,,,
155488,,,,,,,,,0.412012,0.652434,,,30.231831,29.872635,0.110259,0.120281,,,,0.008740,-0.797068,-1.663780,,,,,,
155498,,,,,,,,,0.412012,-0.652434,,,29.793404,29.491177,0.116747,0.125927,,,,0.008409,-0.801061,-1.663780,,,,,,
155508,,,,,,,,,0.412012,0.652434,,,28.879969,28.625675,0.130266,0.138736,,,,0.008046,-0.804671,-1.664113,,,,,,
155518,,,,,,,,,0.412012,-0.652434,,,28.111404,28.441984,0.141641,0.141455,,,,0.007634,-0.808230,-1.660519,,,,,,
155528,,,,,,,,,0.412012,0.652434,,,28.553822,28.287428,0.135093,0.143743,,,,0.007166,-0.811765,-1.660852,,,,,,
155534,0.007199,-0.811861,-1.658335,0.041437,-0.827111,-1.681404,0.511262,-0.041801,,,39.738613,39.872261,,,,,0.012198,0.035440,-0.023069,,,,,,,,,
155538,,,,,,,,,0.439480,0.000000,,,27.836985,28.157383,0.176144,0.173380,,,,0.006745,-0.815273,-1.657250,,,,,,
155548,,,,,,,,,0.439480,0.000000,,,27.233837,28.047964,0.185071,0.175000,,,,0.006398,-0.818640,-1.657501,,,,,,
155558,,,,,,,,,0.439480,0.000000,,,27.815435,27.955898,0.176463,0.176362,,,,0.006130,-0.821719,-1.654328,,,,,,
155568,,,,,,,,,0.494415,0.000000,,,27.760250,28.422977,0.177280,0.169449,,,,0.005721,-0.824723,-1.654817,,,,,,
155578,,,,,,,,,0.439480,0.000000,,,28.258360,28.271435,0.169908,0.171692,,,,0.005481,-0.827329,-1.655149,,,,,,
155584,0.005464,-0.827868,-1.655416,0.038802,-0.850599,-1.683657,0.485603,-0.043865,,,43.116489,43.118599,,,,,0.019832,0.035140,-0.028240,,,,,,,,,
155588,,,,,,,,,0.439480,0.000000,,,27.588383,28.143927,0.229816,0.221625,,,,0.005234,-0.830956,-1.655066,,,,,,
155598,,,,,,,,,0.466947,-0.652434,,,28.113750,28.036642,0.222041,0.223213,,,,0.004836,-0.836198,-1.658877,,,,,,
155608,,,,,,,,,0.466947,0.652434,,,28.555796,28.490915,0.215498,0.216490,,,,0.004577,-0.840524,-1.658889,,,,,,
155618,,,,,,,,,0.521882,-0.652434,,,29.472275,28.873142,0.201934,0.210833,,,,0.004159,-0.845341,-1.662644,,,,,,
155628,,,,,,,,,0.521882,-0.652434,,,30.243401,29.194748,0.190522,0.206073,,,,0.003860,-0.849978,-1.666392,,,,,,
155634,0.003778,-0.850301,-1.668207,0.036260,-0.872799,-1.686044,0.459809,-0.046321,,,41.052116,41.199883,,,,,0.019232,0.034516,-0.017837,,,,,,,,,
155638,,,,,,,,,0.549350,0.000000,,,30.892225,30.009890,0.150366,0.165612,,,,0.003607,-0.854721,-1.666337,,,,,,
155648,,,,,,,,,0.521882,0.652434,,,30.893602,30.151207,0.150346,0.163520,,,,0.003148,-0.860092,-1.670098,,,,,,
155658,,,,,,,,,0.494415,0.000000,,,30.894762,30.814653,0.150329,0.153701,,,,0.002483,-0.865667,-1.673847,,,,,,
155668,,,,,,,,,0.549350,0.000000,,,31.440281,30.828335,0.142255,0.153499,,,,0.001881,-0.871055,-1.673860,,,,,,
155678,,,,,,,,,0.521882,-0.652434,,,31.354736,31.384388,0.143521,0.145269,,,,0.001293,-0.876344,-1.677590,,,,,,
155684,0.001257,-0.876335,-1.679540,0.033813,-0.893711,-1.688589,0.433981,-0.049234,,,35.850533,36.102314,,,,,0.013740,0.034250,-0.009049,,,,,,,,,
155688,,,,,,,,,0.494415,0.000000,,,31.827303,31.307709,0.059544,0.070960,,,,0.000535,-0.881928,-1.673865,,,,,,
155698,,,,,,,,,0.439480,0.000000,,,31.135834,30.698648,0.069778,0.079974,,,,-0.000135,-0.887270,-1.677583,,,,,,
155708,,,,,,,,,,,,,,,,,,,,-0.000818,-0.892757,-1.673828,,,,,,
155713,,,,,,,,,0.604285,0.000000,,,32.187660,31.819813,0.054211,0.063381,,,,,,,,,,,,
155718,,,,,,,,,0.219740,0.000000,,,29.260866,28.951359,0.097527,0.105834,,,,-0.001433,-0.898322,-1.670041,,,,,,
155729,,,,,,,,,0.412012,0.652434,,,28.431890,28.716015,0.109796,0.109317,,,,-0.002153,-0.903853,-1.669536,,,,,,
155734,-0.002029,-0.903265,-1.667639,0.031463,-0.913340,-1.691322,0.408217,-0.052682,,,29.894081,29.869024,,,,,0.006790,0.034310,-0.023683,,,,,,,,,
155738,,,,,,,,,0.384545,-1.304868,,,27.734390,27.428911,0.031963,0.036114,,,,-0.002797,-0.909252,-1.669276,,,,,,
155748,,,,,,,,,0.329610,1.304868,,,26.602972,26.890484,0.048708,0.044082,,,,-0.003477,-0.915159,-1.667850,,,,,,
155758,,,,,,,,,0.302142,0.652434,,,25.106453,25.892908,0.070857,0.058847,,,,-0.004220,-0.920748,-1.666439,,,,,,
155768,,,,,,,,,0.329610,0.000000,,,24.391825,24.509005,0.081433,0.079328,,,,-0.004756,-0.924858,-1.673283,,,,,,
155778,,,,,,,,,0.302142,-0.652434,,,23.790537,23.889133,0.090332,0.088502,,,,-0.005139,-0.927672,-1.670812,,,,,,
155784,-0.005018,-0.926884,-1.673284,0.029213,-0.931699,-1.694279,0.382615,-0.056768,,,24.747358,24.728477,,,,,0.001288,0.034544,-0.020995,,,,,,,,,
155788,,,,,,,,,0.329610,0.000000,,,23.284615,23.367573,0.021649,0.020141,,,,-0.005538,-0.930748,-1.674581,,,,,,
155798,,,,,,,,,0.274675,0.000000,,,22.314388,22.384188,0.036008,0.034695,,,,-0.005863,-0.933274,-1.675112,,,,,,
155808,,,,,,,,,0.247207,-0.652434,,,21.498039,21.012226,0.048090,0.055001,,,,-0.006273,-0.936239,-1.682402,,,,,,
155818,,,,,,,,,0.219740,0.000000,,,20.266621,19.857857,0.066315,0.072085,,,,-0.006551,-0.939207,-1.682199,,,,,,
155828,,,,,,,,,0.219740,0.000000,,,19.230505,18.886570,0.081649,0.086460,,,,-0.006975,-0.942124,-1.685141,,,,,,
155834,-0.006906,-0.941762,-1.684146,0.027063,-0.948801,-1.697500,0.357266,-0.061619,,,24.337208,24.379160,,,,,0.003152,0.034547,-0.013354,,,,,,,,,
155838,,,,,,,,,0.247207,-0.652434,,,18.903261,18.069330,0.080422,0.093385,,,,-0.007202,-0.944498,-1.688867,,,,,,
155847,,,,,,,,,0.219740,0.000000,,,18.083374,17.381704,0.092557,0.103562,,,,-0.007378,-0.946131,-1.689243,,,,,,
155858,,,,,,,,,0.247207,0.652434,,,17.393520,17.347679,0.102767,0.104066,,,,-0.007675,-0.947884,-1.693382,,,,,,
155868,,,,,,,,,,,,,,,,,,,,-0.007874,-0.949282,-1.694393,,,,,,
155873,,,,,,,,,0.384545,0.000000,,,18.446709,18.408136,0.087179,0.088371,,,,,,,,,,,,
155878,,,,,,,,,0.137337,-0.652434,,,17.154688,16.577690,0.106301,0.115462,,,,-0.008043,-0.950978,-1.694206,,,,,,
155884,-0.008021,-0.950776,-1.696099,0.025014,-0.964665,-1.701037,0.332259,-0.067396,,,26.938490,27.031309,,,,,0.009651,0.034512,-0.004938,,,,,,,,,
155887,,,,,,,,,0.219740,0.000000,,,16.612125,16.126638,0.152830,0.161389,,,,-0.008170,-0.952094,-1.695258,,,,,,
155898,,,,,,,,,0.302142,0.652434,,,16.700155,16.291668,0.151527,0.158947,,,,-0.008241,-0.953349,-1.692217,,,,,,
155908,,,,,,,,,0.302142,-0.652434,,,16.774225,16.975067,0.150431,0.148832,,,,-0.008430,-0.954442,-1.692385,,,,,,
155918,,,,,,,,,0.219740,0.000000,,,16.836546,16.460993,0.149509,0.156441,,,,-0.008593,-0.955638,-1.692415,,,,,,
155927,,,,,,,,,0.274675,0.000000,,,16.888983,16.572992,0.148733,0.154783,,,,-0.008888,-0.958432,-1.692396,,,,,,
155934,-0.008959,-0.958933,-1.692706,0.023067,-0.979316,-1.704954,0.307676,-0.074310,,,29.788700,29.722273,,,,,0.016337,0.034267,-0.012248,,,,,,,,,
155938,,,,,,,,,0.274675,0.000000,,,16.388561,16.667229,0.198322,0.193215,,,,-0.009210,-0.961322,-1.692380,,,,,,
155948,,,,,,,,,0.274675,0.000000,,,17.056593,16.746519,0.188435,0.192041,,,,-0.009647,-0.964154,-1.692356,,,,,,
155958,,,,,,,,,0.357077,0.652434,,,17.618675,17.357779,0.180116,0.182995,,,,-0.010043,-0.966958,-1.692351,,,,,,
155968,,,,,,,,,0.357077,-0.652434,,,18.636154,18.416636,0.165058,0.167323,,,,-0.010360,-0.969438,-1.692417,,,,,,
155978,,,,,,,,,0.329610,0.000000,,,18.947718,18.763014,0.160447,0.162197,,,,-0.010889,-0.972756,-1.692419,,,,,,
155984,-0.010896,-0.972969,-1.692443,0.021221,-0.992780,-1.709330,0.283596,-0.082637,,,27.975397,27.789413,,,,,0.015767,0.034283,-0.016887,,,,,,,,,
155988,,,,,,,,,0.357077,-0.652434,,,19.209866,19.054457,0.129730,0.129277,,,,-0.011316,-0.976296,-1.692415,,,,,,
155998,,,,,,,,,0.357077,0.652434,,,19.974981,19.844219,0.118406,0.117589,,,,-0.011781,-0.979980,-1.692415,,,,,,
156008,,,,,,,,,0.357077,-0.652434,,,20.074205,19.964182,0.116938,0.115813,,,,-0.012351,-0.983826,-1.696044,,,,,,
156018,,,,,,,,,0.357077,0.652434,,,20.702236,20.065119,0.107643,0.114320,,,,-0.012870,-0.987429,-1.696040,,,,,,
156028,,,,,,,,,0.357077,-0.652434,,,20.686117,20.150047,0.107881,0.113063,,,,-0.013471,-0.991158,-1.696070,,,,,,
156036,-0.013458,-0.991116,-1.698503,0.019475,-1.005087,-1.714266,0.260092,-0.092740,,,22.603588,22.356894,20.672556,20.766050,0.028579,0.023544,0.009663,0.034444,-0.015763,-0.014110,-0.994774,-1.699727,,,,,,
156039,,,,,,,,,0.302142,0.652434,,,,,,,,,,,,,,,,,,
156048,,,,,,,,,0.302142,-0.652434,,,20.661144,20.195269,0.028748,0.031992,,,,-0.014590,-0.998427,-1.699652,,,,,,
156058,,,,,,,,,0.247207,-0.652434,,,20.107000,19.170469,0.036950,0.047159,,,,-0.015069,-1.001978,-1.699690,,,,,,
156068,,,,,,,,,0.247207,0.652434,,,19.096201,18.852747,0.051909,0.051861,,,,-0.015557,-1.005527,-1.696050,,,,,,
156086,-0.015499,-1.005348,-1.693518,0.017828,-1.016271,-1.719891,0.237232,-0.105115,0.027467,-0.652434,19.393682,18.963655,20.423887,19.674501,-0.015247,-0.010521,0.006761,0.034413,-0.026373,,,,,,,,,
156089,,,,,,,,,0.412012,0.652434,,,17.184656,17.098667,0.032694,0.027602,,,,,,,,,,,,
156097,,,,,,,,,0.164805,0.000000,,,16.092796,16.020447,0.048853,0.043559,,,,-0.016741,-1.013074,-0.204970,,,,,,
156108,,,,,,,,,0.164805,0.000000,,,15.174107,15.113232,0.062450,0.056986,,,,-0.017830,-1.020668,-1.695572,,,,,,
156118,,,,,,,,,0.164805,0.000000,,,14.401121,14.349901,0.073890,0.068284,,,,-0.018058,-1.023087,-1.695112,,,,,,
156128,,,,,,,,,0.219740,0.000000,,,14.295274,14.252178,0.075456,0.069730,,,,-0.018284,-1.024243,-1.692295,,,,,,
156136,-0.018163,-1.023572,-1.692398,0.016280,-1.026369,-1.726375,0.215077,-0.120439,,,12.823155,12.239284,13.661671,13.625410,-0.012410,-0.020515,-0.001402,0.034528,-0.033977,,,,,,,,,
156139,,,,,,,,,0.164805,0.000000,,,,,,,,,,-0.018486,-1.025474,-1.692736,,,,,,
156148,,,,,,,,,0.137337,-0.652434,,,13.128557,12.553505,-0.004520,-0.004650,,,,-0.018688,-1.026240,-1.693466,,,,,,
156158,,,,,,,,,0.082402,0.652434,,,11.590909,11.651604,0.018237,0.008698,,,,-0.018832,-1.027197,-1.697531,,,,,,
156168,,,,,,,,,0.082402,-0.652434,,,10.841676,10.348201,0.029326,0.027988,,,,-0.018885,-1.028205,-1.693829,,,,,,
156178,,,,,,,,,-0.000000,0.000000,,,9.122185,8.706975,0.054774,0.052278,,,,-0.019128,-1.029452,-1.696782,,,,,,
156184,-0.019047,-1.028959,-1.696414,0.014827,-1.035419,-1.733945,0.193684,-0.139665,,,13.850830,13.133429,,,,,0.002166,0.034417,-0.037531,,,,,,,,,
156188,,,,,,,,,,,,,,,,,,,,-0.019318,-1.030758,-1.700096,,,,,,
156193,,,,,,,,,0.082402,-0.652434,,,8.219948,7.870591,0.083337,0.077890,,,,,,,,,,,,
156198,,,,,,,,,0.054935,0.000000,,,7.460806,7.166857,0.094572,0.088305,,,,-0.019386,-1.031908,-1.698762,,,,,,
156208,,,,,,,,,0.082402,0.652434,,,7.366608,7.119279,0.095966,0.089009,,,,-0.019399,-1.031856,-1.695764,,,,,,
156218,,,,,,,,,0.109870,0.000000,,,7.287349,7.079247,0.097140,0.089602,,,,-0.019403,-1.031591,-1.696393,,,,,,
156228,,,,,,,,,0.109870,0.000000,,,7.220661,7.045564,0.098127,0.090100,,,,-0.019368,-1.031231,-1.701040,,,,,,
156234,-0.019399,-1.031497,-1.700652,0.013467,-1.043463,-1.742913,0.173101,-0.164169,,,16.153137,15.271338,,,,,0.007609,0.034139,-0.042262,,,,,,,,,
156238,,,,,,,,,0.137337,-0.652434,,,7.709093,7.017223,0.124972,0.122161,,,,-0.019213,-1.030594,-1.705630,,,,,,
156248,,,,,,,,,0.109870,0.000000,,,7.575516,6.993377,0.126949,0.122514,,,,-0.019089,-1.030052,-1.710293,,,,,,
156258,,,,,,,,,0.164805,0.000000,,,8.007668,7.517856,0.120553,0.114752,,,,-0.018937,-1.029133,-1.710826,,,,,,
156268,,,,,,,,,0.109870,0.000000,,,7.826737,7.414609,0.123231,0.116280,,,,-0.018918,-1.029339,-1.714467,,,,,,
156278,,,,,,,,,0.082402,-0.652434,,,7.674502,6.783195,0.125484,0.125625,,,,-0.019171,-1.030937,-1.721785,,,,,,
156284,-0.019240,-1.031326,-1.722749,0.012199,-1.050544,-1.753716,0.153372,-0.195984,,,19.246252,18.264523,,,,,0.014237,0.033986,-0.030967,,,,,,,,,
156288,,,,,,,,,0.109870,0.000000,,,7.546412,6.796465,0.173158,0.169727,,,,-0.019331,-1.032318,-1.725431,,,,,,
156298,,,,,,,,,0.164805,0.000000,,,7.983179,7.352175,0.166693,0.161503,,,,-0.019555,-1.033848,-1.725341,,,,,,
156308,,,,,,,,,0.192272,-0.652434,,,8.895219,7.819748,0.153195,0.154583,,,,-0.019677,-1.034929,-1.732643,,,,,,
156318,,,,,,,,,0.164805,0.000000,,,9.118066,8.213165,0.149897,0.148760,,,,-0.019825,-1.036080,-1.732716,,,,,,
156328,,,,,,,,,0.192272,-0.652434,,,9.850112,8.544186,0.139063,0.143861,,,,-0.020092,-1.037756,-1.736348,,,,,,
156334,-0.020155,-1.038012,-1.737944,0.011019,-1.056707,-1.766990,0.134537,-0.238227,,,17.542471,16.341450,,,,,0.013248,0.033850,-0.029046,,,,,,,,,
156338,,,,,,,,,0.219740,0.000000,,,10.466056,9.367249,0.104731,0.103218,,,,-0.020412,-1.039825,-1.739962,,,,,,
156348,,,,,,,,,0.219740,0.000000,,,10.984311,10.059775,0.097061,0.092969,,,,-0.020835,-1.042201,-1.743583,,,,,,
156358,,,,,,,,,0.247207,-0.652434,,,11.964914,10.097923,0.082548,0.092404,,,,-0.021223,-1.044424,-1.747177,,,,,,
156368,,,,,,,,,0.192272,-0.652434,,,11.700907,10.674564,0.086455,0.083870,,,,-0.021600,-1.046607,-1.750784,,,,,,
156378,,,,,,,,,0.219740,0.000000,,,12.567858,11.159750,0.073624,0.076689,,,,-0.022044,-1.048768,-1.754386,,,,,,
156384,-0.022040,-1.048774,-1.753007,0.009924,-1.061999,-1.783693,0.116627,-0.295860,,,12.693531,11.174766,,,,,0.007214,0.033831,-0.030686,,,,,,,,,
156388,,,,,,,,,0.192272,-0.652434,,,12.208223,11.023442,0.007183,0.002240,,,,-0.022471,-1.050999,-1.754394,,,,,,
156398,,,,,,,,,0.137337,-0.652434,,,11.905627,10.364209,0.011661,0.011996,,,,-0.022851,-1.053119,-1.757969,,,,,,
156408,,,,,,,,,0.109870,0.000000,,,11.651023,9.809530,0.015429,0.020205,,,,-0.023214,-1.055310,-1.765108,,,,,,
156417,,,,,,,,,0.109870,0.000000,,,10.892256,9.342824,0.026659,0.027113,,,,-0.023647,-1.057558,-1.768467,,,,,,
156428,,,,,,,,,0.082402,-0.652434,,,10.253829,8.405594,0.036108,0.040984,,,,-0.024181,-1.059932,-1.771805,,,,,,
156434,-0.024069,-1.059335,-1.772965,0.008912,-1.066465,-1.805339,0.099671,-0.377166,,,7.439184,5.480134,,,,,0.000362,0.033741,-0.032374,,,,,,,,,
156438,,,,,,,,,0.054935,0.000000,,,9.172113,7.617009,-0.025647,-0.031626,,,,-0.024727,-1.062176,-1.771263,,,,,,
156448,,,,,,,,,-0.000000,0.000000,,,7.717415,6.408950,-0.004118,-0.013746,,,,-0.025255,-1.064714,-1.770078,,,,,,
156458,,,,,,,,,0.027467,-0.652434,,,7.037975,5.392489,0.005938,0.001297,,,,-0.025736,-1.066901,-1.776063,,,,,,
156468,,,,,,,,,-0.000000,0.000000,,,5.921751,4.537240,0.022458,0.013955,,,,-0.025992,-1.068517,-1.781256,,,,,,
156478,,,,,,,,,-0.000000,0.000000,,,4.982561,3.817633,0.036358,0.024605,,,,-0.025886,-1.068217,-1.779038,,,,,,
156484,-0.025733,-1.067471,-1.778529,0.007978,-1.070155,-1.834458,0.083694,-0.496781,,,3.769301,1.100232,,,,,-0.004327,0.033540,-0.055930,,,,,,,,,
156488,,,,,,,,,-0.000000,0.000000,,,4.192326,3.212156,-0.006261,-0.031256,,,,-0.025819,-1.067821,-1.779648,,,,,,
156498,,,,,,,,,-0.000000,0.000000,,,3.527422,2.702708,0.003580,-0.023717,,,,-0.025649,-1.066956,-1.776626,,,,,,
156508,,,,,,,,,,,,,,,,,,,,-0.025522,-1.066224,-1.777137,,,,,,
156513,,,,,,,,,-0.000000,0.000000,,,2.967973,2.274058,0.011860,-0.017373,,,,,,,,,,,,
156518,,,,,,,,,-0.000000,0.000000,,,2.497252,1.913392,0.018826,-0.012035,,,,-0.025373,-1.065583,-1.777098,,,,,,
156528,,,,,,,,,-0.000000,0.000000,,,2.101187,1.609928,0.024688,-0.007543,,,,-0.025108,-1.064535,-1.774460,,,,,,
156534,-0.025161,-1.064781,-1.774801,0.007120,-1.073116,-1.875611,0.068720,-0.682476,,,7.196105,3.440770,,,,,0.001622,0.033300,-0.100810,,,,,,,,,
156538,,,,,,,,,-0.000000,0.000000,,,1.767939,1.354593,0.080337,0.030875,,,,-0.024952,-1.063863,-1.774575,,,,,,
156548,,,,,,,,,0.027467,-0.652434,,,2.032087,1.139754,0.076427,0.034055,,,,-0.024712,-1.062582,-1.775269,,,,,,
156558,,,,,,,,,0.027467,-0.652434,,,2.254341,0.958989,0.073138,0.036730,,,,-0.024557,-1.061670,-1.778914,,,,,,
156568,,,,,,,,,-0.000000,0.000000,,,1.896802,0.806893,0.078430,0.038981,,,,-0.024184,-1.060331,-1.783011,,,,,,
156578,,,,,,,,,0.027467,-0.652434,,,2.140512,0.678920,0.074823,0.040875,,,,-0.023958,-1.059482,-1.786588,,,,,,
156584,-0.024084,-1.060039,-1.788336,0.006333,-1.075396,-1.937843,0.054779,-0.991903,,,11.543982,6.091155,,,,,0.008430,0.033015,-0.149507,,,,,,,,,
156588,,,,,,,,,-0.000000,0.000000,,,1.801027,0.571243,0.144196,0.081695,,,,-0.024107,-1.059704,-1.793673,,,,,,
156597,,,,,,,,,-0.000000,0.000000,,,1.515384,0.480644,0.148423,0.083036,,,,-0.024083,-1.060053,-1.800712,,,,,,
156607,,,,,,,,,,,,,,,,,,,,-0.024005,-1.060318,-1.804185,,,,,,
156613,,,,,,,,,0.082402,-0.652434,,,1.819587,0.948957,0.143921,0.076105,,,,,,,,,,,,
156618,,,,,,,,,0.027467,-0.652434,,,2.620086,0.798452,0.132074,0.078332,,,,-0.024064,-1.060344,-1.807785,,,,,,
156628,,,,,,,,,0.054935,0.000000,,,2.749084,1.216361,0.130164,0.072147,,,,-0.024193,-1.060731,-1.811321,,,,,,
156634,-0.024234,-1.060898,-1.809392,0.005614,-1.077045,-2.041547,0.041920,-1.559432,,,12.371774,3.855997,,,,,0.008635,0.032819,-0.232155,,,,,,,,,
156638,,,,,,,,,0.082402,-0.652434,,,3.402165,1.567989,0.132750,0.033863,,,,-0.024324,-1.061558,-1.818312,,,,,,
156648,,,,,,,,,0.054935,-1.304868,,,3.951668,1.319306,0.124618,0.037543,,,,-0.024498,-1.062443,-1.825291,,,,,,
156658,,,,,,,,,0.082402,-1.957303,,,4.958562,1.110064,0.109716,0.040640,,,,-0.024671,-1.063154,-1.835772,,,,,,
156668,,,,,,,,,,,,,,,,,,,,-0.024869,-1.063965,-1.849699,,,,,,
156673,,,,,,,,,0.054935,-1.304868,,,6.350306,0.934007,0.089118,0.043245,,,,,,,,,,,,
156678,,,,,,,,,0.082402,-1.957303,,,6.432233,0.785874,0.087905,0.045438,,,,-0.024958,-1.064842,-1.863527,,,,,,
156684,-0.024994,-1.064843,-1.867197,0.004960,-1.078108,-2.240803,0.030252,-2.747985,,,11.718567,-3.123063,,,,,0.003938,0.032523,-0.373606,,,,,,,,,
156688,,,,,,,,,0.082402,-1.957303,,,6.501166,0.661234,0.077218,-0.056008,,,,-0.025164,-1.065908,-1.880629,,,,,,
156698,,,,,,,,,0.109870,-2.609737,,,7.103710,0.556362,0.068300,-0.054455,,,,-0.025381,-1.066720,-1.904579,,,,,,
156708,,,,,,,,,0.054935,-1.304868,,,7.610691,0.468123,0.060797,-0.053150,,,,-0.025597,-1.067650,-1.921486,,,,,,
156718,,,,,,,,,0.082402,-1.957303,,,8.037264,0.393879,0.054483,-0.052051,,,,-0.025668,-1.068492,-1.941677,,,,,,
156728,,,,,,,,,0.054935,-1.304868,,,7.851639,0.331409,0.057231,-0.051126,,,,-0.025965,-1.069367,-1.965003,,,,,,
156734,-0.025959,-1.069205,-1.962270,0.004366,-1.078635,-2.691550,0.020086,-5.701325,,,14.341458,-16.147642,,,,,-0.002854,0.031628,-0.729280,,,,,,,,,
156738,,,,,,,,,0.054935,-1.304868,,,7.695455,0.278848,0.098361,-0.243112,,,,-0.026231,-1.070251,-1.984860,,,,,,
156748,,,,,,,,,0.054935,-3.914605,,,8.653128,-0.854464,0.084187,-0.226339,,,,-0.026455,-1.070985,-1.998098,,,,,,
156757,,,,,,,,,0.027467,-3.262171,,,8.914371,-1.808032,0.080321,-0.212226,,,,-0.026704,-1.071777,-2.014493,,,,,,
156768,,,,,,,,,-0.027467,-4.567039,,,8.589637,-3.699451,0.085127,-0.184233,,,,-0.026995,-1.072564,-2.043854,,,,,,
156778,,,,,,,,,0.000000,-3.914605,,,9.405492,-4.746347,0.073052,-0.168739,,,,-0.027229,-1.073378,-2.085530,,,,,,
156784,-0.027122,-1.073028,-2.091612,0.003828,-1.078669,2.775445,0.012550,-13.309912,,,28.602026,-41.901184,,,,,-0.010507,0.029653,-1.416128,,,,,,,,,
156788,,,,,,,,,-0.054935,-5.219473,,,9.547409,-6.716292,0.282008,-0.520736,,,,-0.027459,-1.074254,-2.133112,,,,,,
156798,,,,,,,,,-0.109870,-9.134078,,,10.755905,-10.551976,0.264123,-0.463968,,,,-0.027837,-1.075015,-2.179963,,,,,,
156808,,,,,,,,,-0.192272,-12.396250,,,12.317276,-15.957494,0.241014,-0.383967,,,,-0.028211,-1.075656,-2.241636,,,,,,
156818,,,,,,,,,-0.192272,-15.005984,,,14.175557,-21.050238,0.213512,-0.308594,,,,-0.028655,-1.076221,-2.332266,,,,,,
156828,,,,,,,,,,,,,16.828201,-25.335272,0.174253,-0.245175,,,,-0.028978,-1.076512,-2.439592,,,,,,
156834,-0.027687,-1.075427,-2.492521,0.003344,-1.078258,2.208184,0.010927,-15.944475,-0.329610,-19.573027,27.323936,-56.993385,,,,,,,,,,,,,,,,
156837,,,,,,,,,0.109870,-10.438947,,,19.604679,-28.396156,0.114245,-0.423239,-0.023009,0.021012,-1.582481,-0.028122,-1.076075,-2.568391,,,,,,
156848,,,,,,,,,-0.109870,-13.048682,,,21.396263,-30.971584,0.087730,-0.385123,,,,-0.027184,-1.075650,-2.697524,,,,,,
156858,,,,,,,,,-0.164805,-15.658421,,,22.359159,-34.227634,0.073479,-0.336933,,,,-0.026273,-1.075324,-2.841702,,,,,,
156868,,,,,,,,,-0.219740,-15.658421,,,23.713882,-37.511818,0.053429,-0.288327,,,,-0.025277,-1.075068,-2.997707,,,,,,
156877,,,,,,,,,-0.219740,-15.658421,,,24.309204,-41.364216,0.044618,-0.231312,,,,-0.024516,-1.074935,3.127214,,,,,,
156884,-0.023893,-1.074733,3.117188,0.002909,-1.077444,1.960726,0.015422,-7.239670,,,2.399975,-36.239697,,,,,-0.026860,0.002056,-1.156462,,,,,,,,,
156888,,,,,,,,,-0.274675,-14.353553,,,23.721020,-42.427452,-0.315551,0.091579,,,,-0.023437,-1.074824,2.969095,,,,,,
156898,,,,,,,,,-0.247207,-8.481645,,,21.047949,-41.143883,-0.275990,0.072582,,,,-0.021054,-1.075135,2.812670,,,,,,
156907,,,,,,,,,-0.192272,-4.567039,,,17.709742,-38.430260,-0.226585,0.032420,,,,-0.018788,-1.075728,2.676807,,,,,,
156918,,,,,,,,,-0.137337,-3.262171,,,14.900974,-35.602474,-0.185015,-0.009431,,,,-0.016707,-1.076524,2.570884,,,,,,
156928,,,,,,,,,-0.164805,-3.914605,,,12.537678,-33.223175,-0.150038,-0.044645,,,,-0.014298,-1.077746,2.507356,,,,,,
156936,-0.014419,-1.077599,2.542106,0.002521,-1.076271,1.838216,0.021638,-3.313073,,,1.493023,-16.490265,10.549200,-30.676691,-0.134031,0.209959,-0.013237,-0.010655,-0.703890,,,,,,,,,
156939,,,,,,,,,-0.137337,-3.262171,,,,,,,,,,-0.012287,-1.079007,2.469537,,,,,,
156948,,,,,,,,,-0.082402,0.652434,,,7.787009,-26.355907,-0.093151,0.146012,,,,-0.010171,-1.080794,2.446371,,,,,,
156958,,,,,,,,,-0.027467,0.652434,,,6.007445,-22.175858,-0.066813,0.084147,,,,-0.008370,-1.082638,2.431743,,,,,,
156968,,,,,,,,,-0.054935,1.304868,,,3.965577,-18.658764,-0.036594,0.032094,,,,-0.006104,-1.084658,2.435106,,,,,,
156978,,,,,,,,,-0.027467,0.652434,,,2.247550,-15.699482,-0.011167,-0.011704,,,,-0.005376,-1.085416,2.443896,,,,,,
156984,-0.006040,-1.084825,2.454875,0.002174,-1.074778,1.767362,0.027789,-1.801958,,,6.441972,-3.734371,,,,,0.000018,-0.012977,-0.687513,,,,,,,,,
156988,,,,,,,,,,,,,,,,,,,,-0.005254,-1.085713,2.455525,,,,,,
156993,,,,,,,,,-0.137337,1.957303,,,0.802001,-13.754086,0.083472,0.148292,,,,,,,,,,,,
156998,,,,,,,,,-0.000000,0.000000,,,0.130261,-11.572685,0.093413,0.116007,,,,-0.004622,-1.086142,2.470258,,,,,,
157008,,,,,,,,,0.027467,0.652434,,,0.109601,-9.192713,0.093719,0.080783,,,,-0.004560,-1.086008,2.478875,,,,,,
157018,,,,,,,,,-0.000000,0.000000,,,0.092219,-7.734747,0.093976,0.059206,,,,-0.003903,-1.086410,2.484910,,,,,,
157028,,,,,,,,,-0.000000,0.000000,,,0.077593,-6.508016,0.094193,0.041050,,,,-0.004248,-1.086310,2.481927,,,,,,
157036,-0.004399,-1.086185,2.479656,0.001866,-1.073004,1.721751,0.033434,-1.111866,,,6.931555,0.176247,0.065286,-5.475843,0.101621,0.083651,0.003160,-0.014248,-0.757905,-0.004759,-1.085828,2.481701,,,,,,
157039,,,,,,,,,-0.000000,0.000000,,,,,,,,,,,,,,,,,,
157048,,,,,,,,,0.027467,0.652434,,,0.054932,-4.062831,0.101774,0.062738,,,,-0.005024,-1.085581,2.484641,,,,,,
157057,,,,,,,,,0.054935,-1.304868,,,1.135306,-3.418465,0.085784,0.053202,,,,-0.005468,-1.085322,2.481786,,,,,,
157068,,,,,,,,,0.027467,-0.652434,,,1.499790,-2.876296,0.080390,0.045178,,,,-0.005518,-1.085373,2.478953,,,,,,
157078,,,,,,,,,0.054935,0.000000,,,1.806466,-1.875572,0.075851,0.030367,,,,-0.005698,-1.085232,2.473105,,,,,,
157084,-0.005771,-1.085170,2.473655,0.001595,-1.070988,1.690166,0.038452,-0.747376,,,6.137625,1.135158,,,,,0.003001,-0.015697,-0.783489,,,,,,,,,
157088,,,,,,,,,0.027467,-0.652434,,,2.064504,-1.578106,0.060282,0.040156,,,,-0.005947,-1.085044,2.464265,,,,,,
157098,,,,,,,,,0.027467,-0.652434,,,2.281616,-1.327818,0.057069,0.036452,,,,-0.006387,-1.084618,2.458279,,,,,,
157108,,,,,,,,,0.027467,-0.652434,,,2.464295,-1.117226,0.054365,0.033335,,,,-0.006736,-1.084337,2.452343,,,,,,
157118,,,,,,,,,0.027467,-0.652434,,,2.618001,-0.940034,0.052090,0.030713,,,,-0.007065,-1.084144,2.443602,,,,,,
157128,,,,,,,,,-0.000000,0.000000,,,2.202785,-0.790944,0.058236,0.028506,,,,-0.007267,-1.084039,2.434791,,,,,,
157134,-0.007142,-1.084134,2.438052,0.001356,-1.068765,1.667130,0.042818,-0.533375,,,6.143536,2.157663,,,,,0.003462,-0.017217,-0.770923,,,,,,,,,
157138,,,,,,,,,-0.000000,0.000000,,,1.853423,-0.665501,0.063494,0.041783,,,,-0.007443,-1.083961,2.428872,,,,,,
157148,,,,,,,,,,,,,,,,,,,,-0.007607,-1.083884,2.426001,,,,,,
157153,,,,,,,,,0.054935,-1.304868,,,2.104013,-0.559952,0.059785,0.040221,,,,,,,,,,,,
157158,,,,,,,,,0.027467,-0.652434,,,2.859403,-0.471144,0.048605,0.038906,,,,-0.007721,-1.083717,2.423009,,,,,,
157168,,,,,,,,,-0.000000,0.000000,,,2.405901,-0.396420,0.055317,0.037800,,,,-0.007766,-1.083683,2.422998,,,,,,
157178,,,,,,,,,-0.000000,0.000000,,,2.024325,-0.333548,0.060964,0.036870,,,,-0.007767,-1.083720,2.417138,,,,,,
157184,-0.007715,-1.083755,2.418893,0.001146,-1.066367,1.649678,0.046540,-0.397568,,,6.905497,3.530523,,,,,0.004855,-0.018902,-0.769216,,,,,,,,,
157188,,,,,,,,,-0.000000,0.000000,,,1.703267,-0.280647,0.076993,0.056405,,,,-0.007898,-1.083635,2.414130,,,,,,
157198,,,,,,,,,-0.000000,0.000000,,,1.433128,-0.236136,0.080991,0.055747,,,,-0.008034,-1.083514,2.414130,,,,,,
157208,,,,,,,,,0.027467,-0.652434,,,1.750377,-0.198685,0.076296,0.055192,,,,-0.008127,-1.083394,2.414064,,,,,,
157218,,,,,,,,,-0.000000,0.000000,,,1.472767,-0.167174,0.080404,0.054726,,,,-0.008174,-1.083357,2.414064,,,,,,
157228,,,,,,,,,0.027467,-0.652434,,,1.783729,-0.140660,0.075802,0.054334,,,,-0.008148,-1.083402,2.414096,,,,,,
157234,-0.008197,-1.083354,2.411761,0.000963,-1.063826,1.636069,0.049641,-0.306152,,,7.702060,4.709955,,,,,0.006194,-0.020662,-0.775693,,,,,,,,,
157238,,,,,,,,,0.027467,-0.652434,,,2.045373,-0.118351,0.083719,0.071459,,,,-0.008060,-1.083483,2.411269,,,,,,
157248,,,,,,,,,,,,,1.720976,-0.099581,0.088520,0.071181,,,,-0.008241,-1.083357,2.405297,,,,,,
157254,,,,,,,,,-0.000000,0.000000,,,,,,,,,,,,,,,,,,
157258,,,,,,,,,0.027467,-0.652434,,,1.992573,-0.083787,0.084500,0.070947,,,,-0.008479,-1.083183,2.399345,,,,,,
157268,,,,,,,,,0.054935,0.000000,,,2.221093,0.474045,0.081118,0.062691,,,,-0.008745,-1.082951,2.396343,,,,,,
157278,,,,,,,,,-0.000000,0.000000,,,1.868828,0.398861,0.086332,0.063804,,,,-0.009048,-1.082661,2.393313,,,,,,
157284,-0.008976,-1.082719,2.394861,0.000805,-1.061172,1.625219,0.052154,-0.241722,,,8.505172,5.786729,,,,,0.007457,-0.022458,-0.769643,,,,,,,,,
157288,,,,,,,,,0.027467,-0.652434,,,2.116975,0.335602,0.094545,0.080677,,,,-0.009241,-1.082539,2.390367,,,,,,
157298,,,,,,,,,0.054935,0.000000,,,2.325765,0.826918,0.091455,0.073405,,,,-0.009433,-1.082412,2.387337,,,,,,
157308,,,,,,,,,0.027467,-0.652434,,,2.501442,0.695769,0.088855,0.075346,,,,-0.009552,-1.082327,2.381432,,,,,,
157318,,,,,,,,,0.027467,-0.652434,,,2.649256,0.585420,0.086668,0.076979,,,,-0.009897,-1.082010,2.378428,,,,,,
157328,,,,,,,,,0.027467,-0.652434,,,2.773627,0.492572,0.084827,0.078354,,,,-0.010395,-1.081601,2.372525,,,,,,
157334,-0.010359,-1.081615,2.371662,0.000668,-1.058432,1.616414,0.054112,-0.194612,,,9.013378,6.505702,,,,,0.008221,-0.024321,-0.755248,,,,,,,,,
157338,,,,,,,,,0.082402,-0.652434,,,3.422816,0.958993,0.082740,0.082091,,,,-0.010751,-1.081280,2.366609,,,,,,
157348,,,,,,,,,0.027467,-0.652434,,,3.424500,0.806897,0.082715,0.084342,,,,-0.011021,-1.081049,2.357537,,,,,,
157358,,,,,,,,,0.082402,-0.652434,,,3.970460,1.223466,0.074635,0.078177,,,,-0.011279,-1.080820,2.351591,,,,,,
157368,,,,,,,,,0.027467,-0.652434,,,3.885288,1.029424,0.075896,0.081049,,,,-0.011641,-1.080500,2.345485,,,,,,
157378,,,,,,,,,0.054935,0.000000,,,3.813624,0.866157,0.076956,0.083465,,,,-0.012044,-1.080135,2.336407,,,,,,
157384,-0.012068,-1.080098,2.339366,0.000551,-1.055630,1.609172,0.055554,-0.159116,,,9.432406,7.107030,,,,,0.008819,-0.026080,-0.730194,,,,,,,,,
157388,,,,,,,,,0.054935,-1.304868,,,4.297869,1.273328,0.075991,0.086339,,,,-0.012510,-1.079701,2.330385,,,,,,
157397,,,,,,,,,0.054935,0.000000,,,4.160770,1.615921,0.078020,0.081268,,,,-0.012871,-1.079382,2.327537,,,,,,
157413,,,,,,,,,0.082402,-0.652434,,,4.589958,1.904179,0.071668,0.077002,,,,-0.013152,-1.079060,2.324569,,,,,,
157418,,,,,,,,,0.054935,0.000000,,,4.406533,2.146719,0.074383,0.073413,,,,-0.013545,-1.078676,2.321534,,,,,,
157428,,,,,,,,,0.054935,0.000000,,,4.252200,2.350792,0.076667,0.070392,,,,-0.013947,-1.078257,2.321485,,,,,,
157434,-0.013950,-1.078246,2.322986,0.000451,-1.052791,1.603150,0.056517,-0.131696,,,9.390262,7.195623,,,,,0.008748,-0.027907,-0.719836,,,,,,,,,
157438,,,,,,,,,0.027467,-0.652434,,,4.122344,1.977956,0.077965,0.077221,,,,-0.014385,-1.077822,2.318485,,,,,,
157448,,,,,,,,,0.082402,-0.652434,,,4.557626,2.208796,0.071523,0.073805,,,,-0.014826,-1.077329,2.315464,,,,,,
157458,,,,,,,,,0.054935,0.000000,,,4.379329,2.403023,0.074162,0.070930,,,,-0.015253,-1.076807,2.312462,,,,,,
157468,,,,,,,,,0.054935,0.000000,,,4.229310,2.566447,0.076382,0.068512,,,,-0.015601,-1.076435,2.309437,,,,,,
157478,,,,,,,,,0.054935,0.000000,,,4.103084,2.703951,0.078250,0.066477,,,,-0.015938,-1.076098,2.306478,,,,,,
157484,-0.015929,-1.076110,2.307863,0.000366,-1.049936,1.598095,0.057040,-0.110067,,,9.176111,7.093616,,,,,0.008428,-0.029657,-0.709768,,,,,,,,,
157488,,,,,,,,,0.054935,-1.304868,,,4.541421,2.275104,0.068593,0.071314,,,,-0.016326,-1.075690,2.303427,,,,,,
157498,,,,,,,,,0.054935,0.000000,,,4.365694,2.458816,0.071194,0.068595,,,,-0.016648,-1.075366,2.300395,,,,,,
157508,,,,,,,,,,,,,4.217838,2.613390,0.073382,0.066307,,,,-0.017099,-1.074945,2.294305,,,,,,
157514,,,,,,,,,0.054935,0.000000,,,,,,,,,,,,,,,,,,
157518,,,,,,,,,0.027467,-0.652434,,,4.093431,2.198906,0.075224,0.072442,,,,-0.017359,-1.074484,2.291192,,,,,,
157528,,,,,,,,,0.082402,-0.652434,,,4.533299,2.394703,0.068714,0.069544,,,,-0.017727,-1.074068,2.288153,,,,,,
157534,-0.017804,-1.073980,2.287069,0.000294,-1.047084,1.593826,0.057162,-0.092700,,,9.148608,7.177804,,,,,0.008404,-0.031310,-0.693244,,,,,,,,,
157538,,,,,,,,,0.027467,-0.652434,,,4.358860,2.014903,0.070888,0.076411,,,,-0.018086,-1.073705,2.282118,,,,,,
157548,,,,,,,,,0.082402,-0.652434,,,4.756631,2.239882,0.065001,0.073081,,,,-0.018462,-1.073367,2.276051,,,,,,
157558,,,,,,,,,0.027467,-0.652434,,,4.546772,1.884636,0.068107,0.078339,,,,-0.018881,-1.073027,2.269969,,,,,,
157568,,,,,,,,,,,,,,,,,,,,-0.019276,-1.072742,2.266936,,,,,,
157573,,,,,,,,,0.027467,0.652434,,,3.825653,2.130276,0.078780,0.074703,,,,,,,,,,,,
157578,,,,,,,,,0.054935,0.000000,,,3.763447,2.336957,0.079700,0.071645,,,,-0.019634,-1.072375,2.263880,,,,,,
157584,-0.019632,-1.072335,2.265826,0.000234,-1.044251,1.590200,0.056919,-0.078543,,,9.409567,7.544515,,,,,0.008848,-0.033243,-0.675626,,,,,,,,,
157588,,,,,,,,,0.082402,-0.652434,,,4.255651,2.510859,0.076278,0.074498,,,,-0.019987,-1.071906,2.260800,,,,,,
157598,,,,,,,,,0.054935,0.000000,,,4.125247,2.657179,0.078208,0.072333,,,,-0.020368,-1.071388,2.260726,,,,,,
157608,,,,,,,,,0.054935,-1.304868,,,4.560069,2.235750,0.071773,0.078570,,,,-0.020675,-1.070985,2.257740,,,,,,
157618,,,,,,,,,0.054935,0.000000,,,4.381384,2.425703,0.074417,0.075758,,,,-0.020997,-1.070616,2.254676,,,,,,
157628,,,,,,,,,0.054935,0.000000,,,4.231040,2.585530,0.076642,0.073393,,,,-0.021349,-1.070186,2.251586,,,,,,
157634,-0.021352,-1.070190,2.252781,0.000184,-1.041455,1.587109,0.056348,-0.066852,,,9.284673,7.508604,,,,,0.008732,-0.034832,-0.665672,,,,,,,,,
157638,,,,,,,,,0.054935,0.000000,,,4.104539,2.720007,0.076666,0.070871,,,,-0.021717,-1.069822,2.248518,,,,,,
157648,,,,,,,,,0.082402,-0.652434,,,4.542645,2.833157,0.070182,0.069197,,,,-0.022124,-1.069304,2.245448,,,,,,
157658,,,,,,,,,0.027467,0.652434,,,3.822181,2.928361,0.080845,0.067788,,,,-0.022493,-1.068820,2.242381,,,,,,
157668,,,,,,,,,,,,,,,,,,,,-0.022815,-1.068397,2.242427,,,,,,
157673,,,,,,,,,0.082402,-0.652434,,,3.760526,3.008466,0.081757,0.066602,,,,,,,,,,,,
157678,,,,,,,,,0.027467,0.652434,,,4.253192,3.075866,0.074466,0.065605,,,,-0.023210,-1.067928,2.242427,,,,,,
157684,-0.023128,-1.068029,2.246033,0.000143,-1.038708,1.584465,0.055485,-0.057089,,,8.960993,7.260904,,,,,0.008341,-0.036492,-0.661568,,,,,,,,,
157688,,,,,,,,,0.082402,-0.652434,,,4.123179,3.132577,0.071600,0.061099,,,,-0.023584,-1.067420,2.242375,,,,,,
157698,,,,,,,,,0.054935,0.000000,,,4.013785,3.180293,0.073219,0.060393,,,,-0.023876,-1.066998,2.242299,,,,,,
157708,,,,,,,,,-0.000000,0.000000,,,3.377198,2.675898,0.082640,0.067858,,,,-0.024167,-1.066664,2.239278,,,,,,
157718,,,,,,,,,0.027467,0.652434,,,2.841574,2.796043,0.090567,0.066080,,,,-0.024432,-1.066295,2.236293,,,,,,
157728,,,,,,,,,0.109870,-1.304868,,,4.024530,2.897134,0.073060,0.064584,,,,-0.024747,-1.065985,2.239388,,,,,,
157736,-0.024889,-1.065789,2.234471,0.000110,-1.036023,1.582202,0.054363,-0.048859,,,8.694426,7.077612,3.930782,2.982191,0.070502,0.060612,0.008048,-0.038029,-0.652268,-0.024979,-1.065575,2.245516,,,,,,
157739,,,,,,,,,0.054935,0.000000,,,,,,,,,,,,,,,,,,
157748,,,,,,,,,-0.000000,0.000000,,,3.307359,2.509215,0.079729,0.067612,,,,-0.025194,-1.065274,2.242517,,,,,,
157758,,,,,,,,,0.027467,0.652434,,,2.782812,2.655797,0.087492,0.065443,,,,-0.025522,-1.064890,2.239409,,,,,,
157768,,,,,,,,,0.054935,0.000000,,,2.886001,2.779130,0.085965,0.063618,,,,-0.025904,-1.064447,2.233214,,,,,,
157778,,,,,,,,,0.082402,-0.652434,,,3.517367,2.882903,0.076620,0.062082,,,,-0.026182,-1.064101,2.233214,,,,,,
157784,-0.026282,-1.063967,2.230582,0.000082,-1.033410,1.580262,0.053015,-0.041866,,,8.555264,7.008506,,,,,0.007984,-0.039561,-0.650320,,,,,,,,,
157788,,,,,,,,,0.027467,-0.652434,,,3.504055,2.425674,0.074758,0.067826,,,,-0.026396,-1.063802,2.233214,,,,,,
157798,,,,,,,,,0.027467,0.652434,,,2.948312,2.585505,0.082983,0.065460,,,,-0.026514,-1.063652,2.230236,,,,,,
157808,,,,,,,,,0.054935,-1.304868,,,3.569795,2.175444,0.073785,0.071529,,,,-0.026758,-1.063243,2.227050,,,,,,
157818,,,,,,,,,0.054935,0.000000,,,3.548169,2.374961,0.074105,0.068576,,,,-0.027057,-1.062807,2.230063,,,,,,
157828,,,,,,,,,0.027467,0.652434,,,2.985429,1.998292,0.082434,0.074151,,,,-0.027332,-1.062432,2.226928,,,,,,
157836,-0.027316,-1.062470,2.229972,0.000061,-1.030879,1.578599,0.051471,-0.035885,,,8.586310,7.104727,,,,,0.008205,-0.040990,-0.651373,-0.027548,-1.062173,2.223964,,,,,,
157839,,,,,,,,,0.027467,-0.652434,,,3.056482,2.225906,0.081841,0.072207,,,,,,,,,,,,
157848,,,,,,,,,0.082402,-0.652434,,,3.660810,2.417420,0.072897,0.069372,,,,-0.027827,-1.061814,2.220782,,,,,,
157858,,,,,,,,,0.054935,0.000000,,,3.624748,2.578560,0.073431,0.066987,,,,-0.028142,-1.061437,2.217785,,,,,,
157868,,,,,,,,,0.027467,-0.652434,,,3.594406,2.169600,0.073880,0.073040,,,,-0.028403,-1.061111,2.214675,,,,,,
157877,,,,,,,,,0.027467,0.652434,,,3.024333,2.370044,0.082317,0.070073,,,,-0.028698,-1.060771,2.211637,,,,,,
157884,-0.028653,-1.060823,2.215913,0.000043,-1.028436,1.577176,0.049759,-0.030741,,,8.751255,7.355910,,,,,0.008624,-0.042403,-0.638737,,,,,,,,,
157887,,,,,,,,,,,,,,,,,,,,-0.029119,-1.060365,2.211633,,,,,,
157893,,,,,,,,,0.109870,-1.304868,,,4.178303,2.538698,0.067680,0.071295,,,,,,,,,,,,
157897,,,,,,,,,0.027467,0.652434,,,3.515623,2.680604,0.077487,0.069195,,,,-0.029436,-1.059920,2.211633,,,,,,
157908,,,,,,,,,-0.000000,0.000000,,,2.958045,2.255459,0.085740,0.075487,,,,-0.029720,-1.059530,2.208535,,,,,,
157918,,,,,,,,,0.054935,0.000000,,,3.033442,2.442286,0.084624,0.072722,,,,-0.030001,-1.059111,2.205454,,,,,,
157928,,,,,,,,,0.082402,-0.652434,,,3.641424,2.599483,0.075625,0.070395,,,,-0.030440,-1.058545,2.202296,,,,,,
157936,-0.030493,-1.058457,2.200701,0.000030,-1.026090,1.575959,0.047906,-0.026298,,,8.350258,7.042184,4.152980,2.187204,0.062120,0.071854,0.008175,-0.043732,-0.624742,-0.030867,-1.057973,2.199118,,,,,,
157939,,,,,,,,,0.054935,-1.304868,,,,,,,,,,,,,,,,,,
157948,,,,,,,,,0.027467,0.652434,,,3.494317,2.384857,0.071868,0.068928,,,,-0.031187,-1.057476,2.199118,,,,,,
157958,,,,,,,,,0.054935,0.000000,,,3.484661,2.551161,0.072011,0.066467,,,,-0.031498,-1.057075,2.192948,,,,,,
157968,,,,,,,,,0.082402,-0.652434,,,4.021080,2.691090,0.064072,0.064396,,,,-0.031823,-1.056740,2.189787,,,,,,
157978,,,,,,,,,0.054935,0.000000,,,3.927879,2.808826,0.065451,0.062654,,,,-0.032057,-1.056334,2.192900,,,,,,
157984,-0.032061,-1.056326,2.193554,0.000019,-1.023844,1.574923,0.045939,-0.022450,,,7.899835,6.666202,,,,,0.007672,-0.045004,-0.618631,,,,,,,,,
157988,,,,,,,,,0.027467,0.652434,,,3.304917,2.907889,0.068005,0.055623,,,,-0.032277,-1.056025,2.192948,,,,,,
157998,,,,,,,,,-0.000000,0.000000,,,2.780756,2.446697,0.075762,0.062449,,,,-0.032593,-1.055554,2.192974,,,,,,
158008,,,,,,,,,0.082402,-0.652434,,,3.428814,2.603194,0.066171,0.060133,,,,-0.032937,-1.055053,2.192928,,,,,,
158018,,,,,,,,,0.027467,-0.652434,,,3.429547,2.190327,0.066160,0.066243,,,,-0.033212,-1.054613,2.196010,,,,,,
158028,,,,,,,,,0.027467,0.652434,,,2.885621,2.387484,0.074210,0.063325,,,,-0.033416,-1.054347,2.196058,,,,,,
158034,-0.033371,-1.054420,2.198586,0.000012,-1.021703,1.574042,0.043878,-0.019110,,,7.240648,6.064130,,,,,0.006871,-0.046234,-0.624544,,,,,,,,,
158038,,,,,,,,,0.027467,0.652434,,,2.427961,2.553372,0.071228,0.051959,,,,-0.033644,-1.054113,2.192948,,,,,,
158048,,,,,,,,,,,,,,,,,,,,-0.033845,-1.053808,2.189835,,,,,,
158054,,,,,,,,,0.109870,0.000000,,,3.131972,3.237493,0.060808,0.041834,,,,,,,,,,,,
158058,,,,,,,,,0.027467,-0.652434,,,3.179784,2.724026,0.060101,0.049434,,,,-0.034063,-1.053491,2.189878,,,,,,
158068,,,,,,,,,0.027467,-0.652434,,,3.220013,2.291996,0.059505,0.055828,,,,-0.034254,-1.053201,2.192991,,,,,,
158078,,,,,,,,,-0.000000,0.000000,,,2.709319,1.928485,0.067064,0.061208,,,,-0.034432,-1.052992,2.193014,,,,,,
158084,-0.034343,-1.053112,2.193482,0.000006,-1.019670,1.573296,0.041747,-0.016207,,,7.272063,6.166578,,,,,0.007133,-0.047406,-0.620186,,,,,,,,,
158088,,,,,,,,,0.027467,-0.652434,,,2.824164,1.622627,0.065829,0.067250,,,,-0.034595,-1.052728,2.193029,,,,,,
158098,,,,,,,,,-0.000000,0.000000,,,2.376251,1.365278,0.072458,0.071059,,,,-0.034770,-1.052315,2.189861,,,,,,
158108,,,,,,,,,0.027467,0.652434,,,1.999377,1.693288,0.078036,0.066205,,,,-0.034926,-1.052014,2.189816,,,,,,
158118,,,,,,,,,-0.000000,0.000000,,,1.682276,1.424732,0.082729,0.070179,,,,-0.035149,-1.051806,2.189810,,,,,,
158128,,,,,,,,,0.027467,0.652434,,,1.415467,1.743313,0.086678,0.065464,,,,-0.035284,-1.051656,2.189856,,,,,,
158134,-0.035274,-1.051685,2.192898,0.000002,-1.017747,1.572667,0.039565,-0.013685,,,7.058363,6.017591,,,,,0.007023,-0.048444,-0.620230,,,,,,,,,
158138,,,,,,,,,0.082402,-0.652434,,,2.280060,2.011366,0.070719,0.059292,,,,-0.035443,-1.051488,2.189859,,,,,,
158148,,,,,,,,,,,,,,,,,,,,-0.035495,-1.051417,2.189859,,,,,,
158153,,,,,,,,,0.027467,-0.652434,,,1.918442,1.692363,0.076071,0.064013,,,,,,,,,,,,
158158,,,,,,,,,-0.000000,0.000000,,,2.158720,1.423954,0.072515,0.067986,,,,-0.035496,-1.051453,2.186782,,,,,,
158168,,,,,,,,,0.054935,0.000000,,,2.360890,1.742658,0.069523,0.063269,,,,-0.035428,-1.051534,2.183718,,,,,,
158178,,,,,,,,,-0.000000,0.000000,,,1.986452,1.466272,0.075064,0.067360,,,,-0.035721,-1.051167,2.177458,,,,,,
158184,-0.035684,-1.051210,2.178753,-0.000001,-1.015936,1.572142,0.037348,-0.011496,,,7.921537,6.960894,,,,,0.008572,-0.049437,-0.606611,,,,,,,,,
158188,,,,,,,,,-0.000000,0.000000,,,1.671401,1.233721,0.092502,0.084762,,,,-0.035955,-1.050903,2.180563,,,,,,
158198,,,,,,,,,0.027467,0.652434,,,1.406316,1.582596,0.096425,0.079599,,,,-0.036112,-1.050554,2.183600,,,,,,
158208,,,,,,,,,0.027467,0.652434,,,1.183274,1.876139,0.099726,0.075254,,,,-0.036167,-1.050385,2.186718,,,,,,
158218,,,,,,,,,0.054935,0.000000,,,1.540150,2.123127,0.094445,0.071599,,,,-0.036189,-1.050327,2.189897,,,,,,
158229,,,,,,,,,0.027467,-0.652434,,,1.840425,1.786399,0.090000,0.076583,,,,-0.036169,-1.050305,2.193014,,,,,,
158234,-0.036193,-1.050286,2.189080,-0.000003,-1.014236,1.571703,0.035114,-0.009599,,,7.656600,6.746413,,,,,0.008399,-0.050386,-0.617376,,,,,,,,,
158238,,,,,,,,,0.027467,0.652434,,,1.548534,2.047619,0.090399,0.069542,,,,-0.036406,-1.049912,2.192991,,,,,,
158248,,,,,,,,,0.027467,-0.652434,,,1.847479,1.722866,0.085975,0.074348,,,,-0.036664,-1.049491,2.189856,,,,,,
158258,,,,,,,,,0.054935,0.000000,,,2.099012,1.994162,0.082252,0.070333,,,,-0.036936,-1.048962,2.189810,,,,,,
158268,,,,,,,,,0.054935,0.000000,,,2.310652,2.222431,0.079120,0.066955,,,,-0.037201,-1.048617,2.189810,,,,,,
158278,,,,,,,,,0.027467,-0.652434,,,2.488725,1.869953,0.076485,0.072172,,,,-0.037391,-1.048333,2.186720,,,,,,
158284,-0.037356,-1.048402,2.184180,-0.000004,-1.012648,1.571342,0.032878,-0.007961,,,7.086710,6.243486,,,,,0.007735,-0.051125,-0.612839,,,,,,,,,
158288,,,,,,,,,0.054935,0.000000,,,2.638556,2.117922,0.065833,0.061058,,,,-0.037560,-1.048171,2.183670,,,,,,
158298,,,,,,,,,0.054935,0.000000,,,2.764624,2.326562,0.063967,0.057970,,,,-0.037812,-1.047865,2.183705,,,,,,
158308,,,,,,,,,,,,,,,,,,,,-0.038164,-1.047305,2.183700,,,,,,
158313,,,,,,,,,-0.000000,0.000000,,,2.326154,1.957569,0.070456,0.063432,,,,,,,,,,,,
158318,,,,,,,,,-0.000000,0.000000,,,1.957226,1.647098,0.075916,0.068027,,,,-0.038539,-1.046762,2.186801,,,,,,
158328,,,,,,,,,-0.000000,0.000000,,,1.646810,1.385868,0.080511,0.071893,,,,-0.038843,-1.046163,2.186718,,,,,,
158334,-0.038718,-1.046351,2.186505,-0.000005,-1.011171,1.571044,0.030652,-0.006551,,,6.056065,5.270903,,,,,0.006362,-0.051922,-0.615461,,,,,,,,,
158338,,,,,,,,,0.027467,0.652434,,,1.385625,1.710613,0.069123,0.052692,,,,-0.039090,-1.045802,2.186669,,,,,,
158348,,,,,,,,,0.027467,-0.652434,,,1.710408,1.439309,0.064316,0.056708,,,,-0.039227,-1.045663,2.186587,,,,,,
158358,,,,,,,,,0.027467,-0.652434,,,1.983680,1.211035,0.060271,0.060086,,,,-0.039343,-1.045435,2.186494,,,,,,
158368,,,,,,,,,0.027467,0.652434,,,1.669068,1.563508,0.064928,0.054869,,,,-0.039456,-1.045265,2.186559,,,,,,
158378,,,,,,,,,0.027467,-0.652434,,,1.948897,1.315535,0.060786,0.058539,,,,-0.039524,-1.045252,2.183501,,,,,,
158384,-0.039522,-1.045249,2.181015,-0.000005,-1.009803,1.570805,0.028448,-0.005345,,,5.943968,5.222842,,,,,0.006404,-0.052697,-0.610210,,,,,,,,,
158388,,,,,,,,,0.054935,0.000000,,,2.184345,1.651434,0.055642,0.052857,,,,-0.039513,-1.045258,2.180504,,,,,,
158398,,,,,,,,,-0.000000,0.000000,,,1.837908,1.389516,0.060770,0.056733,,,,-0.039523,-1.045323,2.177440,,,,,,
158408,,,,,,,,,,,,,,,,,,,,-0.039476,-1.045476,2.174364,,,,,,
158413,,,,,,,,,0.054935,0.000000,,,2.090958,1.713682,0.057025,0.051936,,,,,,,,,,,,
158418,,,,,,,,,-0.000000,0.000000,,,1.759332,1.441892,0.061933,0.055958,,,,-0.039500,-1.045409,2.171237,,,,,,
158428,,,,,,,,,-0.000000,0.000000,,,1.480302,1.213208,0.066062,0.059343,,,,-0.039610,-1.045242,2.171205,,,,,,
158434,-0.039603,-1.045243,2.172028,-0.000005,-1.008542,1.570610,0.026277,-0.004318,,,6.751084,6.094706,,,,,0.007866,-0.053414,-0.601418,,,,,,,,,
158438,,,,,,,,,0.027467,-0.652434,,,1.790069,1.020793,0.073423,0.075094,,,,-0.039717,-1.045069,2.168075,,,,,,
158448,,,,,,,,,-0.000000,0.000000,,,1.506164,0.858895,0.077625,0.077490,,,,-0.039829,-1.044948,2.168057,,,,,,
158458,,,,,,,,,0.027467,-0.652434,,,1.811829,0.722674,0.073101,0.079506,,,,-0.039906,-1.044858,2.164942,,,,,,
158468,,,,,,,,,,,,,,,,,,,,-0.040013,-1.044740,2.164942,,,,,,
158473,,,,,,,,,0.027467,0.652434,,,1.524473,1.152601,0.077354,0.073143,,,,,,,,,,,,
158478,,,,,,,,,-0.000000,0.000000,,,1.282691,0.969798,0.080932,0.075849,,,,-0.040087,-1.044577,2.164942,,,,,,
158484,-0.040046,-1.044633,2.165536,-0.000005,-1.007387,1.570457,0.024149,-0.003451,,,6.970914,6.374606,,,,,0.008416,-0.054034,-0.595079,,,,,,,,,
158488,,,,,,,,,0.027467,0.652434,,,1.079256,1.360531,0.087197,0.074208,,,,-0.040186,-1.044391,2.168106,,,,,,
158498,,,,,,,,,0.027467,-0.652434,,,1.452629,1.144751,0.081671,0.077402,,,,-0.040329,-1.044141,2.171205,,,,,,
158508,,,,,,,,,0.027467,0.652434,,,1.222242,1.507736,0.085080,0.072030,,,,-0.040458,-1.043929,2.171222,,,,,,
158518,,,,,,,,,-0.000000,0.000000,,,1.028394,1.268609,0.087949,0.075569,,,,-0.040580,-1.043742,2.174350,,,,,,
158528,,,,,,,,,0.027467,0.652434,,,0.865291,1.611951,0.090363,0.070487,,,,-0.040711,-1.043572,2.177475,,,,,,
158534,-0.040721,-1.043567,2.179210,-0.000004,-1.006334,1.570336,0.022072,-0.002725,,,6.098568,5.545519,,,,,0.007279,-0.054692,-0.608875,,,,,,,,,
158538,,,,,,,,,0.027467,-0.652434,,,1.272599,1.356295,0.071424,0.062001,,,,-0.040786,-1.043445,2.180627,,,,,,
158548,,,,,,,,,0.054935,0.000000,,,1.615308,1.685730,0.066352,0.057125,,,,-0.040891,-1.043286,2.177504,,,,,,
158558,,,,,,,,,-0.000000,0.000000,,,1.359120,1.418373,0.070144,0.061082,,,,-0.041031,-1.043069,2.174333,,,,,,
158568,,,,,,,,,,,,,,,,,,,,-0.041256,-1.042657,2.171170,,,,,,
158573,,,,,,,,,0.027467,-0.652434,,,1.688106,1.193419,0.065275,0.064411,,,,,,,,,,,,
158578,,,,,,,,,0.027467,-0.652434,,,1.964916,1.004142,0.061178,0.067212,,,,-0.041466,-1.042337,2.167996,,,,,,
158584,-0.041468,-1.042344,2.166200,-0.000004,-1.005380,1.570242,0.020054,-0.002122,,,6.018931,5.526178,,,,,0.007349,-0.055060,-0.595958,,,,,,,,,
158588,,,,,,,,,0.027467,0.652434,,,1.653280,1.389428,0.064612,0.061224,,,,-0.041700,-1.042079,2.164929,,,,,,
158598,,,,,,,,,-0.000000,0.000000,,,1.391069,1.169065,0.068492,0.064485,,,,-0.041832,-1.041903,2.161770,,,,,,
158608,,,,,,,,,0.027467,0.652434,,,1.170446,1.528194,0.071758,0.059170,,,,-0.041946,-1.041724,2.164944,,,,,,
158618,,,,,,,,,-0.000000,0.000000,,,0.984813,1.285823,0.074505,0.062757,,,,-0.042110,-1.041435,2.164884,,,,,,
158633,-0.042389,-1.040974,2.168047,,,,,,0.082402,-0.652434,,,1.917708,1.626434,0.060698,0.057716,,,,-0.042266,-1.041164,2.171205,,,,,,
158636,,,,-0.000003,-1.004523,1.570172,0.018102,-0.001627,,,5.219707,4.774940,1.613559,1.368481,0.053371,0.050416,0.006304,-0.055547,-0.597876,-0.042338,-1.040992,2.174296,,,,,,
158639,,,,,,,,,-0.000000,0.000000,,,,,,,,,,,,,,,,,,
158648,,,,,,,,,0.027467,-0.652434,,,1.902192,1.151440,0.049099,0.053628,,,,-0.042330,-1.041054,2.171189,,,,,,
158658,,,,,,,,,-0.000000,0.000000,,,1.600504,0.968821,0.053564,0.056331,,,,-0.042581,-1.040805,2.168038,,,,,,
158668,,,,,,,,,-0.000000,0.000000,,,1.346664,0.815166,0.057321,0.058605,,,,-0.042748,-1.040562,2.161727,,,,,,
158678,,,,,,,,,-0.000000,0.000000,,,1.133083,0.685881,0.060482,0.060518,,,,-0.042882,-1.040395,2.158631,,,,,,
158684,-0.042841,-1.040443,2.159421,-0.000003,-1.003757,1.570118,0.016222,-0.001227,,,5.374797,4.981541,,,,,0.006728,-0.055997,-0.589303,,,,,,,,,
158688,,,,,,,,,,,,,,,,,,,,-0.043019,-1.040313,2.155468,,,,,,
158693,,,,,,,,,-0.000000,0.000000,,,0.953376,0.577100,0.065437,0.065186,,,,,,,,,,,,
158698,,,,,,,,,-0.000000,0.000000,,,0.802170,0.485572,0.067675,0.066540,,,,-0.043058,-1.040259,2.155509,,,,,,
158708,,,,,,,,,0.027467,-0.652434,,,1.219489,0.408560,0.061499,0.067680,,,,-0.043093,-1.040215,2.152303,,,,,,
158718,,,,,,,,,0.027467,0.652434,,,1.026078,0.888306,0.064361,0.060580,,,,-0.043065,-1.040247,2.152347,,,,,,
158728,,,,,,,,,-0.000000,0.000000,,,0.863342,0.747420,0.066770,0.062665,,,,-0.043037,-1.040278,2.152347,,,,,,
158736,-0.043021,-1.040292,2.152940,-0.000002,-1.003079,1.570079,0.014421,-0.000907,,,5.713762,5.367852,0.726416,0.628879,0.073813,0.070137,0.007431,-0.056393,-0.582861,-0.042980,-1.040381,2.152403,,,,,,
158739,,,,,,,,,-0.000000,0.000000,,,,,,,,,,,,,,,,,,
158748,,,,,,,,,-0.000000,0.000000,,,0.611206,0.529139,0.075518,0.071613,,,,-0.042955,-1.040423,2.152403,,,,,,
158758,,,,,,,,,-0.000000,0.000000,,,0.514269,0.445217,0.076952,0.072855,,,,-0.042958,-1.040407,2.152403,,,,,,
158768,,,,,,,,,-0.000000,0.000000,,,0.432706,0.374606,0.078160,0.073900,,,,-0.042981,-1.040375,2.152403,,,,,,
158778,,,,,,,,,-0.000000,0.000000,,,0.364078,0.315193,0.079175,0.074779,,,,-0.043007,-1.040350,2.152416,,,,,,
158784,-0.043008,-1.040345,2.152460,-0.000002,-1.002485,1.570052,0.012704,-0.000655,,,5.973787,5.669811,,,,,0.008006,-0.056735,-0.582408,,,,,,,,,
158788,,,,,,,,,,,,,,,,,,,,-0.043006,-1.040339,2.155546,,,,,,
158793,,,,,,,,,-0.000000,0.000000,,,0.306336,0.265204,0.083878,0.079988,,,,,,,,,,,,
158798,,,,,,,,,0.027467,-0.652434,,,0.802294,0.223142,0.076538,0.080611,,,,-0.043024,-1.040315,2.155546,,,,,,
158808,,,,,,,,,0.027467,-0.652434,,,1.219593,0.187752,0.070362,0.081134,,,,-0.043035,-1.040293,2.155560,,,,,,
158818,,,,,,,,,-0.000000,0.000000,,,1.026165,0.157974,0.073225,0.081575,,,,-0.043057,-1.040258,2.152403,,,,,,
158828,,,,,,,,,0.027467,-0.652434,,,1.407959,0.132920,0.067574,0.081946,,,,-0.043168,-1.040113,2.149238,,,,,,
158836,-0.043216,-1.040035,2.146771,-0.000002,-1.001970,1.570032,0.011075,-0.000462,,,6.115951,5.853426,1.184656,0.111839,0.072983,0.084975,0.008387,-0.056974,-0.576738,-0.043304,-1.039827,2.146029,,,,,,
158839,,,,,,,,,-0.000000,0.000000,,,,,,,,,,,,,,,,,,
158848,,,,,,,,,-0.000000,0.000000,,,0.996770,0.094101,0.075764,0.085238,,,,-0.043465,-1.039644,2.142878,,,,,,
158858,,,,,,,,,0.054935,0.000000,,,1.383225,0.623720,0.070044,0.077400,,,,-0.043566,-1.039474,2.142899,,,,,,
158868,,,,,,,,,-0.000000,0.000000,,,1.163845,0.524798,0.073291,0.078864,,,,-0.043607,-1.039444,2.142954,,,,,,
158878,,,,,,,,,0.027467,0.652434,,,0.979259,0.986108,0.076023,0.072036,,,,-0.043660,-1.039312,2.142900,,,,,,
158884,-0.043687,-1.039277,2.145963,-0.000001,-1.001529,1.570019,0.009540,-0.000316,,,5.710217,5.484663,,,,,0.007911,-0.057191,-0.575944,,,,,,,,,
158888,,,,,,,,,-0.000000,0.000000,,,0.823949,0.829711,0.072317,0.068893,,,,-0.043718,-1.039160,2.146029,,,,,,
158898,,,,,,,,,0.027467,0.652434,,,0.693270,1.242662,0.074251,0.062782,,,,-0.043785,-1.039046,2.149200,,,,,,
158908,,,,,,,,,0.027467,-0.652434,,,1.127861,1.045576,0.067819,0.065698,,,,-0.043897,-1.038924,2.152401,,,,,,
158918,,,,,,,,,-0.000000,0.000000,,,0.948982,0.879747,0.070466,0.068153,,,,-0.043999,-1.038726,2.152365,,,,,,
158928,,,,,,,,,0.027467,-0.652434,,,1.343016,0.740219,0.064635,0.070218,,,,-0.044158,-1.038522,2.152385,,,,,,
158934,-0.044180,-1.038488,2.149108,-0.000001,-1.001158,1.570011,0.008103,-0.000208,,,5.102014,4.909854,,,,,0.007111,-0.057400,-0.579097,,,,,,,,,
158938,,,,,,,,,0.054935,0.000000,,,1.674557,1.167364,0.050726,0.055389,,,,-0.044355,-1.038266,2.149272,,,,,,
158948,,,,,,,,,,,,,,,,,,,,-0.044516,-1.038019,2.146151,,,,,,
158953,,,,,,,,,-0.000000,0.000000,,,1.408972,0.982220,0.054657,0.058129,,,,,,,,,,,,
158958,,,,,,,,,-0.000000,0.000000,,,1.185509,0.826439,0.057964,0.060435,,,,-0.044664,-1.037828,2.142972,,,,,,
158968,,,,,,,,,0.027467,0.652434,,,0.997487,1.239909,0.060747,0.054315,,,,-0.044777,-1.037657,2.139764,,,,,,
158978,,,,,,,,,0.027467,-0.652434,,,1.383829,1.043259,0.055029,0.057226,,,,-0.044838,-1.037534,2.142954,,,,,,
158984,-0.044845,-1.037516,2.140733,-0.000001,-1.000851,1.570007,0.006768,-0.000132,,,4.735223,4.576726,,,,,0.006673,-0.057539,-0.570726,,,,,,,,,
158988,,,,,,,,,-0.000000,0.000000,,,1.164353,0.877798,0.052849,0.054744,,,,-0.044888,-1.037420,2.142919,,,,,,
158998,,,,,,,,,-0.000000,0.000000,,,0.979687,0.738579,0.055582,0.056805,,,,-0.044923,-1.037290,2.149219,,,,,,
159008,,,,,,,,,-0.000000,0.000000,,,0.824308,0.621441,0.057882,0.058538,,,,-0.044957,-1.037224,2.149179,,,,,,
159018,,,,,,,,,-0.000000,0.000000,,,0.693573,0.522880,0.059816,0.059997,,,,-0.045000,-1.037081,2.152347,,,,,,
159028,,,,,,,,,-0.000000,0.000000,,,0.583572,0.439951,0.061444,0.061224,,,,-0.045033,-1.037010,2.155509,,,,,,
159034,-0.045017,-1.037053,2.154269,-0.000000,-1.000602,1.570004,0.005540,-0.000079,,,3.975586,3.843559,,,,,0.005619,-0.057650,-0.584265,,,,,,,,,
159038,,,,,,,,,-0.000000,0.000000,,,0.491017,0.370175,0.051572,0.051406,,,,-0.045026,-1.037021,2.155509,,,,,,
159048,,,,,,,,,-0.000000,0.000000,,,0.413142,0.311465,0.052724,0.052275,,,,-0.045026,-1.037029,2.155509,,,,,,
159058,,,,,,,,,-0.000000,0.000000,,,0.347618,0.262067,0.053694,0.053006,,,,-0.045011,-1.037029,2.155528,,,,,,
159068,,,,,,,,,-0.000000,0.000000,,,0.292485,0.220503,0.054510,0.053621,,,,-0.045016,-1.037010,2.155528,,,,,,
159078,,,,,,,,,-0.000000,0.000000,,,0.246097,0.185531,0.055196,0.054139,,,,-0.045008,-1.037004,2.155512,,,,,,
159084,-0.045009,-1.037008,2.155408,-0.000000,-1.000407,1.570002,0.004424,-0.000045,,,3.945331,3.839817,,,,,0.005683,-0.057733,-0.585406,,,,,,,,,
159088,,,,,,,,,-0.000000,0.000000,,,0.207066,0.156106,0.055326,0.054519,,,,-0.045003,-1.037014,2.155490,,,,,,
159098,,,,,,,,,-0.000000,0.000000,,,0.174225,0.131347,0.055812,0.054885,,,,-0.045010,-1.037047,2.155509,,,,,,
159108,,,,,,,,,-0.000000,0.000000,,,0.146593,0.110516,0.056221,0.055194,,,,-0.044998,-1.037062,2.152365,,,,,,
159118,,,,,,,,,-0.000000,0.000000,,,0.123344,0.092988,0.056565,0.055453,,,,-0.045007,-1.037065,2.155509,,,,,,
159128,,,,,,,,,-0.000000,0.000000,,,0.103781,0.078240,0.056855,0.055671,,,,-0.045007,-1.037061,2.155509,,,,,,
159134,-0.045007,-1.037057,2.155500,-0.000000,-1.000258,1.570001,0.003422,-0.000023,,,3.984639,3.903059,,,,,0.005844,-0.057842,-0.585500,,,,,,,,,
159138,,,,,,,,,-0.000000,0.000000,,,0.087322,0.065831,0.057680,0.056791,,,,-0.045005,-1.037062,2.155509,,,,,,
159148,,,,,,,,,-0.000000,0.000000,,,0.073472,0.055390,0.057885,0.056945,,,,-0.045006,-1.037056,2.155509,,,,,,
159158,,,,,,,,,-0.000000,0.000000,,,0.061820,0.046605,0.058058,0.057076,,,,-0.045010,-1.037057,2.155509,,,,,,
159168,,,,,,,,,-0.000000,0.000000,,,0.052015,0.039214,0.058203,0.057185,,,,-0.045007,-1.037049,2.155509,,,,,,
159178,,,,,,,,,-0.000000,0.000000,,,0.043765,0.032994,0.058325,0.057277,,,,-0.044995,-1.037053,2.152365,,,,,,
159184,-0.044996,-1.037053,2.152628,-0.000000,-1.000150,1.570001,0.002540,-0.000011,,,4.095504,4.035213,,,,,0.006103,-0.057873,-0.582627,,,,,,,,,
159188,,,,,,,,,-0.000000,0.000000,,,0.036824,0.027762,0.060068,0.059310,,,,-0.045015,-1.037060,2.155509,,,,,,
159198,,,,,,,,,-0.000000,0.000000,,,0.030984,0.023359,0.060155,0.059375,,,,-0.045012,-1.037056,2.155509,,,,,,
159208,,,,,,,,,,,,,,,,,,,,-0.045015,-1.037056,2.155509,,,,,,
159213,,,,,,,,,-0.000000,0.000000,,,0.026070,0.019654,0.060228,0.059430,,,,,,,,,,,,
159218,,,,,,,,,-0.000000,0.000000,,,0.021935,0.016537,0.060289,0.059476,,,,-0.045018,-1.037053,2.155509,,,,,,
159228,,,,,,,,,-0.000000,0.000000,,,0.018456,0.013914,0.060340,0.059515,,,,-0.045016,-1.037052,2.155509,,,,,,
159234,-0.045014,-1.037052,2.155267,-0.000000,-1.000078,1.570001,0.001782,-0.000005,,,3.980146,3.937706,,,,,0.006000,-0.057943,-0.585266,,,,,,,,,
159238,,,,,,,,,-0.000000,0.000000,,,0.015529,0.011707,0.058676,0.058105,,,,-0.045009,-1.037049,2.155509,,,,,,
159248,,,,,,,,,-0.000000,0.000000,,,0.013066,0.009850,0.058713,0.058132,,,,-0.044995,-1.037054,2.152365,,,,,,
159258,,,,,,,,,-0.000000,0.000000,,,0.010994,0.008288,0.058743,0.058155,,,,-0.045007,-1.037052,2.155509,,,,,,
159268,,,,,,,,,-0.000000,0.000000,,,0.009250,0.006974,0.058769,0.058175,,,,-0.045018,-1.037050,2.155509,,,,,,
159278,,,,,,,,,-0.000000,0.000000,,,0.007783,0.005868,0.058791,0.058191,,,,-0.045015,-1.037050,2.155509,,,,,,
159284,-0.045015,-1.037050,2.155489,-0.000000,-1.000033,1.570001,0.001152,-0.000002,,,3.954102,3.926662,,,,,0.006022,-0.057968,-0.585488,,,,,,,,,
159288,,,,,,,,,-0.000000,0.000000,,,0.006549,0.004937,0.058424,0.058042,,,,-0.045012,-1.037048,2.155509,,,,,,
159298,,,,,,,,,-0.000000,0.000000,,,0.005510,0.004154,0.058439,0.058053,,,,-0.045019,-1.037052,2.155509,,,,,,
159307,,,,,,,,,,,,,,,,,,,,-0.045015,-1.037051,2.155509,,,,,,
159313,,,,,,,,,-0.000000,0.000000,,,0.004636,0.003495,0.058452,0.058063,,,,,,,,,,,,
159318,,,,,,,,,-0.000000,0.000000,,,0.003901,0.002941,0.058463,0.058071,,,,-0.045012,-1.037032,2.155528,,,,,,
159328,,,,,,,,,-0.000000,0.000000,,,0.003282,0.002474,0.058472,0.058078,,,,-0.045020,-1.037030,2.155509,,,,,,
159334,-0.045020,-1.037031,2.155507,-0.000000,-1.000010,1.570001,0.000655,-0.000000,,,3.922213,3.906617,,,,,0.006022,-0.057975,-0.585506,,,,,,,,,
159338,,,,,,,,,-0.000000,0.000000,,,0.002762,0.002082,0.058008,0.057787,,,,-0.045022,-1.037048,2.155509,,,,,,
159348,,,,,,,,,-0.000000,0.000000,,,0.002324,0.001752,0.058014,0.057792,,,,-0.045007,-1.037054,2.152365,,,,,,
159358,,,,,,,,,-0.000000,0.000000,,,0.001955,0.001474,0.058020,0.057796,,,,-0.045014,-1.037051,2.155509,,,,,,
159373,,,,,,,,,-0.000000,0.000000,,,0.001645,0.001240,0.058024,0.057800,,,,-0.045019,-1.037048,2.155509,,,,,,
159378,,,,,,,,,-0.000000,0.000000,,,0.001384,0.001043,0.058028,0.057802,,,,-0.045020,-1.037048,2.155509,,,,,,
159384,-0.045020,-1.037046,2.155509,-0.000000,-1.000001,1.570001,0.000294,-0.000000,,,3.911815,3.904814,,,,,0.006042,-0.057989,-0.585508,,,,,,,,,
159388,,,,,,,,,-0.000000,0.000000,,,0.001165,0.000878,0.057878,0.057778,,,,-0.045022,-1.037046,2.155509,,,,,,
159398,,,,,,,,,-0.000000,0.000000,,,0.000980,0.000739,0.057880,0.057780,,,,-0.045015,-1.037041,2.155509,,,,,,
159408,,,,,,,,,-0.000000,0.000000,,,0.000824,0.000622,0.057883,0.057782,,,,-0.045020,-1.037045,2.155509,,,,,,
159418,,,,,,,,,-0.000000,0.000000,,,0.000694,0.000523,0.057885,0.057784,,,,-0.045021,-1.037044,2.155509,,,,,,
159428,,,,,,,,,-0.000000,0.000000,,,0.000584,0.000440,0.057886,0.057785,,,,-0.045008,-1.037049,2.152365,,,,,,
159434,-0.045009,-1.037048,2.152629,0.000000,-1.000000,1.570001,0.000074,-0.000000,,,4.011228,4.009472,,,,,0.006218,-0.057963,-0.582628,,,,,,,,,
159438,,,,,,,,,-0.000000,0.000000,,,0.000491,0.000370,0.059359,0.059335,,,,-0.045006,-1.037047,2.152365,,,,,,
159448,,,,,,,,,-0.000000,0.000000,,,0.000413,0.000312,0.059360,0.059336,,,,-0.045018,-1.037044,2.155509,,,,,,
159458,,,,,,,,,-0.000000,0.000000,,,0.000348,0.000262,0.059361,0.059336,,,,-0.045004,-1.037041,2.152365,,,,,,
159468,,,,,,,,,-0.000000,0.000000,,,0.000293,0.000221,0.059362,0.059337,,,,-0.045020,-1.037042,2.155509,,,,,,
159484,-0.045019,-1.037043,2.155267,0.000000,-1.000000,1.570001,0.000074,-0.000000,,,,,0.000246,0.000186,0.059363,0.059337,,,,,,,,,,,,
159487,,,,,,,,,-0.000000,0.000000,3.906050,3.904289,0.000207,0.000156,0.057806,0.057781,0.006054,-0.057984,-0.585266,,,,,,,,,
159498,,,,,,,,,-0.000000,0.000000,,,0.000174,0.000131,0.057807,0.057782,,,,,,,,,,,,
159508,,,,,,,,,-0.000000,0.000000,,,0.000147,0.000111,0.057807,0.057782,,,,-0.045025,-1.037041,2.155509,,,,,,
159518,,,,,,,,,-0.000000,0.000000,,,0.000123,0.000093,0.057808,0.057782,,,,-0.045021,-1.037040,2.155509,,,,,,
