ts,x,y,yaw,x_des,y_des,yaw_des,v_ff,w_ff,v_actual,w_actual,omega_l_cmd,omega_r_cmd,omega_l_meas,omega_r_meas,duty_l,duty_r,x_err,y_err,yaw_err,x_raw,y_raw,yaw_raw,acc_x,acc_y,acc_z,gyro_x,gyro_y,gyro_z
40879,,,,,,,,,-0.000000,0.000000,,,0.000000,0.000000,0.000000,0.000000,,,,-0.023911,-1.002672,1.628439,,,,,,
40889,,,,,,,,,-0.000000,0.000000,,,0.000000,0.000000,0.000000,0.000000,,,,-0.023909,-1.002659,1.628438,,,,,,
40899,,,,,,,,,-0.000000,0.000000,,,0.000000,0.000000,0.000000,0.000000,,,,-0.023954,-1.002684,1.628444,,,,,,
40909,,,,,,,,,-0.000000,0.000000,,,0.000000,0.000000,0.000000,0.000000,,,,-0.023930,-1.002663,1.628439,,,,,,
40919,,,,,,,,,-0.000000,0.000000,,,0.000000,0.000000,0.000000,0.000000,,,,-0.023915,-1.002666,1.628438,,,,,,
40924,-0.023915,-1.002666,1.628438,-0.001836,-0.971674,1.682211,0.286078,1.123658,,,31.963017,38.026073,,,,,0.029669,-0.023828,0.053774,,,,,,,,,
40929,,,,,,,,,-0.000000,0.000000,,,0.000000,0.000000,0.935877,1.000000,,,,-0.023948,-1.002686,1.628441,,,,,,
40939,,,,,,,,,0.562053,0.000000,,,4.356346,4.900889,0.823665,0.988158,,,,-0.023929,-1.002651,1.628439,,,,,,
40949,,,,,,,,,1.236517,1.318598,,,15.100838,16.648102,0.522318,0.660100,,,,-0.023915,-1.002739,1.628582,,,,,,
40959,,,,,,,,,1.910981,2.637201,,,30.131226,34.155807,0.090322,0.157735,,,,-0.023847,-1.002447,1.628641,,,,,,
40969,,,,,,,,,1.742365,5.274400,,,40.599617,46.708618,-0.215313,-0.207953,,,,-0.023906,-1.001175,1.624772,,,,,,
40974,-0.025116,-0.994139,1.647065,-0.004685,-0.950614,1.725241,0.381561,0.954157,,,45.204960,50.754135,,,,,0.041842,-0.023688,0.078176,,,,,,,,,
40979,,,,,,,,,0.674464,2.637200,,,39.605946,47.468773,0.197360,0.138300,,,,-0.024043,-0.999899,1.628580,,,,,,
40989,,,,,,,,,0.168616,0.000000,,,35.502609,42.118393,0.320193,0.296536,,,,-0.024085,-0.998022,1.632382,,,,,,
40999,,,,,,,,,0.309129,0.659300,,,32.594608,38.705669,0.409997,0.400605,,,,-0.024121,-0.995751,1.636178,,,,,,
41009,,,,,,,,,0.449643,0.000000,,,31.781445,36.923290,0.439859,0.458577,,,,-0.024189,-0.993667,1.640027,,,,,,
41019,,,,,,,,,0.758772,-0.659299,,,33.819965,38.146313,0.386615,0.429405,,,,-0.024160,-0.991043,1.647602,,,,,,
41024,-0.024438,-0.988126,1.644788,-0.009029,-0.925637,1.758086,0.467199,0.762906,,,61.896118,67.170792,,,,,0.061179,-0.019987,0.113298,,,,,,,,,
41029,,,,,,,,,1.011696,1.318600,,,37.713348,41.898079,0.766798,0.806285,,,,-0.024209,-0.987908,1.651384,,,,,,
41039,,,,,,,,,1.208415,1.977899,,,42.622871,47.232986,0.634655,0.662210,,,,-0.024478,-0.984368,1.658889,,,,,,
41049,,,,,,,,,1.461339,1.318600,,,49.476460,54.444496,0.443233,0.460627,,,,-0.024606,-0.980568,1.662619,,,,,,
41059,,,,,,,,,1.742365,1.318601,,,57.965782,63.779518,0.200627,0.193406,,,,-0.024919,-0.976411,1.673859,,,,,,
41069,,,,,,,,,1.461339,1.318600,,,62.930527,68.366745,0.057146,0.060720,,,,-0.025090,-0.971619,1.681300,,,,,,
41074,-0.025676,-0.966906,1.683764,-0.014805,-0.897035,1.779629,0.545988,0.547042,,,71.479836,75.577385,,,,,0.068201,-0.018678,0.095865,,,,,,,,,
41079,,,,,,,,,0.927388,-0.659301,,,61.662430,66.781006,0.374391,0.352721,,,,-0.025655,-0.966401,1.685000,,,,,,
41089,,,,,,,,,0.674464,0.000000,,,58.417278,62.724049,0.474121,0.475731,,,,-0.025921,-0.960846,1.688685,,,,,,
41099,,,,,,,,,0.899285,1.318601,,,57.320438,60.944153,0.512507,0.534016,,,,-0.026345,-0.955056,1.696080,,,,,,
41109,,,,,,,,,1.039799,0.659300,,,58.575729,62.169266,0.482548,0.505169,,,,-0.026938,-0.948779,1.703477,,,,,,
41119,,,,,,,,,1.377031,-0.659300,,,62.354649,65.378250,0.378095,0.417646,,,,-0.027563,-0.941954,1.710821,,,,,,
41124,-0.027987,-0.938299,1.705780,-0.021809,-0.864917,1.789212,0.620786,0.312391,,,78.861832,81.731476,,,,,0.071883,-0.015998,0.083432,,,,,,,,,
41129,,,,,,,,,1.264620,1.977899,,,64.445145,68.078285,0.537411,0.523676,,,,-0.028367,-0.934837,1.714473,,,,,,
41139,,,,,,,,,1.292722,0.000000,,,66.204086,69.805550,0.492829,0.479655,,,,-0.029099,-0.927484,1.725388,,,,,,
41149,,,,,,,,,1.096004,0.659300,,,66.594971,70.169785,0.487459,0.474715,,,,-0.029970,-0.919940,1.736345,,,,,,
41159,,,,,,,,,1.573749,-1.318601,,,70.735664,73.743515,0.372108,0.375626,,,,-0.030923,-0.911547,1.743587,,,,,,
41169,,,,,,,,,1.433236,0.659301,,,73.675102,76.205910,0.289942,0.307361,,,,-0.031838,-0.902846,1.754408,,,,,,
41174,-0.032429,-0.899877,1.753086,-0.029719,-0.829246,1.786863,0.694035,0.071010,,,82.816948,83.494820,,,,,0.068969,-0.015470,0.033777,,,,,,,,,
41179,,,,,,,,,1.236517,1.318598,,,73.425629,76.099594,0.415542,0.364757,,,,-0.033151,-0.893682,1.765151,,,,,,
41189,,,,,,,,,1.039799,-0.659300,,,72.126633,74.376511,0.458084,0.418759,,,,-0.034385,-0.884090,1.772259,,,,,,
41199,,,,,,,,,1.180312,1.318600,,,72.122749,74.015793,0.463329,0.433697,,,,-0.035814,-0.874418,1.782946,,,,,,
41209,,,,,,,,,1.039799,-0.659300,,,70.485847,72.078659,0.516391,0.494966,,,,-0.037749,-0.864301,1.789993,,,,,,
41219,,,,,,,,,1.236517,0.000000,,,71.831276,73.171471,0.482916,0.468449,,,,-0.039669,-0.854236,1.797178,,,,,,
41224,-0.040019,-0.852967,1.793472,-0.038114,-0.789875,1.773337,0.767646,-0.162389,,,83.938881,82.105064,,,,,0.061114,-0.015791,-0.020135,,,,,,,,,
41229,,,,,,,,,1.461339,0.000000,,,74.596954,75.724586,0.440060,0.357957,,,,-0.041735,-0.843658,1.800728,,,,,,
41239,,,,,,,,,1.489441,-0.659298,,,77.468536,77.328239,0.360464,0.314064,,,,-0.043948,-0.832222,1.804220,,,,,,
41249,,,,,,,,,1.292722,-1.318601,,,78.251053,77.043922,0.340658,0.324682,,,,-0.046414,-0.820747,1.814658,,,,,,
41259,,,,,,,,,1.236517,0.000000,,,77.820374,76.804695,0.355998,0.334116,,,,-0.048744,-0.809431,1.818114,,,,,,
41269,,,,,,,,,1.124107,-1.318601,,,76.913460,75.514328,0.385490,0.374442,,,,-0.051369,-0.797487,1.818178,,,,,,
41274,-0.051338,-0.797517,1.810573,-0.046502,-0.746596,1.749995,0.842989,-0.374039,,,82.048134,77.895050,,,,,0.048315,-0.016791,-0.060578,,,,,,,,,
41279,,,,,,,,,1.348928,-1.318601,,,77.784012,76.062241,0.308011,0.238293,,,,-0.054015,-0.786116,1.818312,,,,,,
41289,,,,,,,,,1.320825,0.659301,,,77.427406,76.523254,0.320499,0.225675,,,,-0.056925,-0.774772,1.818303,,,,,,
41299,,,,,,,,,1.124107,0.000000,,,77.127357,74.732979,0.331503,0.278753,,,,-0.059891,-0.762526,1.814755,,,,,,
41309,,,,,,,,,1.180312,-2.637199,,,76.330353,74.315727,0.357201,0.292487,,,,-0.062896,-0.749888,1.811110,,,,,,
41319,,,,,,,,,1.264620,0.659300,,,76.748840,74.509193,0.347692,0.288541,,,,-0.065850,-0.737382,1.804016,,,,,,
41324,-0.065961,-0.737292,1.807328,-0.054341,-0.699187,1.718589,0.920912,-0.553737,,,79.452629,73.206367,,,,,0.034321,-0.020226,-0.088739,,,,,,,,,
41329,,,,,,,,,1.292722,-1.318601,,,77.645500,74.671974,0.247985,0.148115,,,,-0.068742,-0.725330,1.786061,,,,,,
41339,,,,,,,,,1.124107,-1.318601,,,77.310860,73.175308,0.258651,0.191234,,,,-0.071563,-0.713313,1.771817,,,,,,
41349,,,,,,,,,1.096004,-3.296499,,,77.029297,71.371475,0.267923,0.244065,,,,-0.074115,-0.701218,1.753950,,,,,,
41359,,,,,,,,,1.236517,-1.318598,,,77.336929,70.942810,0.260079,0.257497,,,,-0.076399,-0.689279,1.732388,,,,,,
41369,,,,,,,,,1.180312,-3.955800,,,77.595772,70.037590,0.253515,0.285089,,,,-0.078619,-0.677104,1.710350,,,,,,
41374,-0.078275,-0.677255,1.701904,-0.061061,-0.647458,1.681023,1.001749,-0.696081,,,79.893539,74.743492,,,,,0.027291,-0.020962,-0.020882,,,,,,,,,
41379,,,,,,,,,1.236517,0.000000,,,77.269020,70.365028,0.276884,0.322029,,,,-0.080475,-0.665064,1.684267,,,,,,
41389,,,,,,,,,1.152209,-1.977899,,,76.994095,70.095993,0.286193,0.332008,,,,-0.082000,-0.652999,1.665536,,,,,,
41399,,,,,,,,,1.208415,-0.659298,,,76.762772,70.414169,0.294358,0.324923,,,,-0.083379,-0.641185,1.646616,,,,,,
41409,,,,,,,,,1.180312,0.000000,,,76.568138,70.681877,0.301560,0.319162,,,,-0.084410,-0.629478,1.635243,,,,,,
41419,,,,,,,,,1.320825,-0.659301,,,76.948914,71.451675,0.292007,0.298572,,,,-0.085265,-0.618069,1.627866,,,,,,
41427,-0.085295,-0.617528,1.631315,-0.066091,-0.591288,1.639138,1.085320,-0.800367,,,83.507751,78.689392,,,0.517417,0.524277,0.025031,-0.020756,0.007823,,,,,,,,,
41430,,,,,,,,,0.814977,-0.659300,,,72.912956,67.743034,,,,,,-0.085989,-0.606628,1.624256,,,,,,
41439,,,,,,,,,1.292722,0.000000,,,74.417992,70.068016,0.478436,0.461456,,,,-0.086584,-0.595047,1.620682,,,,,,
41449,,,,,,,,,1.517544,0.000000,,,76.773415,73.113342,0.413832,0.376427,,,,-0.087098,-0.584056,1.617194,,,,,,
41459,,,,,,,,,1.405133,1.318601,,,78.210724,75.131134,0.374980,0.320023,,,,-0.087634,-0.572409,1.613404,,,,,,
41469,,,,,,,,,1.180312,-2.637199,,,77.786446,74.650734,0.389945,0.335797,,,,-0.088102,-0.559020,1.605657,,,,,,
41474,-0.087881,-0.558977,1.596755,-0.068880,-0.530647,1.594562,1.170943,-0.869581,,,90.762283,85.207489,,,,,0.027828,-0.019730,-0.002193,,,,,,,,,
41479,,,,,,,,,1.461339,0.000000,,,79.063087,75.880157,0.567724,0.492588,,,,-0.088479,-0.545752,1.601833,,,,,,
41489,,,,,,,,,1.405133,-1.318601,,,80.681793,77.459137,0.525944,0.450832,,,,-0.089002,-0.532720,1.594048,,,,,,
41499,,,,,,,,,1.461339,-1.318600,,,83.677406,79.332230,0.443071,0.399707,,,,-0.089390,-0.519372,1.582408,,,,,,
41509,,,,,,,,,1.629954,-1.318600,,,86.742455,81.452797,0.356727,0.340437,,,,-0.089599,-0.505999,1.574691,,,,,,
41519,,,,,,,,,1.545647,-1.977899,,,88.232300,82.147949,0.315034,0.321886,,,,-0.089898,-0.491855,1.559227,,,,,,
41527,-0.089609,-0.491004,1.554093,-0.068920,-0.465625,1.548635,1.257475,-0.908977,,,95.020889,89.026901,82.951340,80.554680,0.595567,0.481837,0.025721,-0.020262,-0.005458,,,,,,,,,
41530,,,,,,,,,1.011696,2.637200,,,,,,,,,,-0.089997,-0.477293,1.543679,,,,,,
41539,,,,,,,,,1.489441,-0.659298,,,85.042458,81.936821,0.540132,0.445435,,,,-0.089744,-0.462707,1.532031,,,,,,
41549,,,,,,,,,1.770468,-3.296500,,,88.980095,84.188843,0.429628,0.382899,,,,-0.089328,-0.448285,1.516724,,,,,,
41559,,,,,,,,,1.629955,-2.637201,,,91.748680,85.539146,0.351464,0.345684,,,,-0.088784,-0.434247,1.501627,,,,,,
41569,,,,,,,,,1.545647,-1.977899,,,93.533623,86.675293,0.300771,0.314092,,,,-0.088122,-0.420104,1.486814,,,,,,
41574,-0.087835,-0.419582,1.484176,-0.065768,-0.396432,1.502387,1.343390,-0.924698,,,99.383560,94.250351,,,,,0.024972,-0.019981,0.018211,,,,,,,,,
41579,,,,,,,,,1.433236,-1.977899,,,93.401840,86.542160,0.433083,0.472062,,,,-0.087314,-0.404248,1.464103,,,,,,
41589,,,,,,,,,1.292722,1.318601,,,91.112785,85.341057,0.502977,0.510930,,,,-0.086072,-0.388990,1.445489,,,,,,
41599,,,,,,,,,1.686160,-2.637201,,,92.998581,86.508621,0.451731,0.481020,,,,-0.084407,-0.373648,1.434413,,,,,,
41609,,,,,,,,,1.714262,-0.659301,,,94.585289,89.669182,0.408337,0.392195,,,,-0.082529,-0.358453,1.419773,,,,,,
41619,,,,,,,,,1.545646,0.659300,,,95.920341,91.239388,0.371550,0.348418,,,,-0.080602,-0.343791,1.412605,,,,,,
41627,-0.080702,-0.343686,1.421371,-0.059060,-0.323400,1.456573,1.426896,-0.922710,,,103.016533,98.739677,,,,,0.023281,-0.018381,0.035202,,,,,,,,,
41630,,,,,,,,,0.899285,0.000000,,,89.420052,86.570587,0.669914,0.618014,,,,-0.078366,-0.328862,1.405534,,,,,,
41639,,,,,,,,,1.826673,-0.659300,,,92.118858,88.632233,0.597420,0.563490,,,,-0.075863,-0.312784,1.398235,,,,,,
41649,,,,,,,,,1.939084,-0.659298,,,97.112350,92.000534,0.456441,0.469717,,,,-0.073183,-0.296991,1.390877,,,,,,
41659,,,,,,,,,1.910981,-1.318600,,,100.224792,95.379166,0.368143,0.374026,,,,-0.070412,-0.281244,1.383931,,,,,,
41669,,,,,,,,,1.658057,0.659298,,,101.209969,97.132858,0.340637,0.324291,,,,-0.067751,-0.264526,1.372924,,,,,,
41674,-0.067871,-0.264279,1.379746,-0.048529,-0.246972,1.411713,1.506065,-0.908155,,,106.255478,102.093346,,,,,0.020665,-0.015704,0.031967,,,,,,,,,
41679,,,,,,,,,1.629954,-1.318600,,,101.494347,98.063866,0.428014,0.395998,,,,-0.064586,-0.247824,1.365744,,,,,,
41689,,,,,,,,,1.433236,1.977899,,,98.466370,96.669044,0.518958,0.438772,,,,-0.060960,-0.230732,1.355014,,,,,,
41699,,,,,,,,,1.770468,-1.977901,,,100.819519,97.129074,0.453797,0.427906,,,,-0.057586,-0.214429,1.347897,,,,,,
41709,,,,,,,,,1.854776,-3.955802,,,103.344002,99.149773,0.382489,0.371123,,,,-0.054055,-0.197953,1.340806,,,,,,
41719,,,,,,,,,1.686160,0.000000,,,103.834473,99.760902,0.369526,0.354642,,,,-0.050251,-0.181509,1.330324,,,,,,
41724,-0.050359,-0.181514,1.334465,-0.034010,-0.167691,1.368159,1.578967,-0.885073,,,108.475739,104.744759,,,,,0.017266,-0.012659,0.033695,,,,,,,,,
41729,,,,,,,,,1.658057,-0.659298,,,104.247154,99.730560,0.423614,0.434283,,,,-0.046235,-0.164556,1.316239,,,,,,
41739,,,,,,,,,1.798571,-1.318600,,,104.594383,100.794121,0.415476,0.405549,,,,-0.042112,-0.148251,1.305855,,,,,,
41749,,,,,,,,,1.461339,3.955802,,,101.619278,99.510826,0.504451,0.445020,,,,-0.038063,-0.132349,1.298896,,,,,,
41759,,,,,,,,,1.770468,-1.977901,,,103.472374,100.609238,0.453483,0.415371,,,,-0.033838,-0.115659,1.288691,,,,,,
41769,,,,,,,,,1.770468,-1.977901,,,105.031570,101.533440,0.410231,0.390295,,,,-0.029218,-0.099376,1.278320,,,,,,
41774,-0.028922,-0.099134,1.274747,-0.015447,-0.086170,1.326139,1.643806,-0.856364,,,111.130844,108.750404,,,,,0.016332,-0.009107,0.051392,,,,,,,,,
41779,,,,,,,,,1.854776,-1.318601,,,105.798935,101.766518,0.467158,0.502298,,,,-0.024159,-0.082766,1.264333,,,,,,
41789,,,,,,,,,1.461339,0.000000,,,103.177338,100.329002,0.546477,0.547740,,,,-0.019110,-0.065606,1.254185,,,,,,
41799,,,,,,,,,1.742365,0.000000,,,104.783325,101.842194,0.503272,0.507476,,,,-0.013965,-0.049033,1.240398,,,,,,
41809,,,,,,,,,2.051495,-0.659300,,,107.223686,104.204475,0.434865,0.441625,,,,-0.008214,-0.031984,1.230246,,,,,,
41819,,,,,,,,,1.798571,-1.318600,,,108.187920,105.647560,0.408507,0.401553,,,,-0.002551,-0.015360,1.223647,,,,,,
41824,-0.002335,-0.015245,1.222414,0.007108,-0.003076,1.285812,1.699018,-0.823915,,,112.843727,111.655762,,,,,0.014662,-0.004722,0.063398,,,,,,,,,
41829,,,,,,,,,1.882879,-0.659301,,,109.543770,106.861771,0.420374,0.452559,,,,0.003508,0.001438,1.216720,,,,,,
41839,,,,,,,,,1.882879,0.659301,,,110.684586,107.883408,0.388555,0.424947,,,,0.009793,0.018983,1.206595,,,,,,
41849,,,,,,,,,1.377031,0.659300,,,106.199036,103.842125,0.520928,0.545086,,,,0.016356,0.036414,1.196470,,,,,,
41859,,,,,,,,,1.882879,-1.977899,,,107.325783,105.887222,0.491126,0.488957,,,,0.023098,0.053463,1.196442,,,,,,
41869,,,,,,,,,1.882879,1.977899,,,109.362907,108.152504,0.434128,0.425398,,,,0.029464,0.070852,1.193107,,,,,,
41874,0.029199,0.071153,1.203841,0.033496,0.080902,1.247301,1.743348,-0.788767,,,113.553604,111.823341,,,,,0.010641,-0.000513,0.043459,,,,,,,,,
41879,,,,,,,,,1.910981,0.000000,,,110.532402,109.513969,0.422341,0.392123,,,,0.035826,0.087148,1.189830,,,,,,
41889,,,,,,,,,1.461339,0.000000,,,107.160072,106.303162,0.522533,0.487244,,,,0.042947,0.104268,1.189906,,,,,,
41899,,,,,,,,,1.995289,-1.977899,,,108.678940,107.957939,0.481130,0.441441,,,,0.050033,0.121764,1.186527,,,,,,
41909,,,,,,,,,2.051495,0.659300,,,111.590546,109.894806,0.398218,0.386585,,,,0.057238,0.138637,1.183193,,,,,,
41919,,,,,,,,,1.798571,0.000000,,,112.406738,109.890854,0.375262,0.387627,,,,0.064358,0.156049,1.183193,,,,,,
41924,0.064127,0.155964,1.184913,0.063460,0.165076,1.210724,1.775899,-0.751291,,,114.371300,112.213440,,,,,0.008191,0.004048,0.025812,,,,,,,,,
41929,,,,,,,,,1.798571,-1.318600,,,112.548943,110.432076,0.395591,0.384129,,,,0.071967,0.174228,1.176406,,,,,,
41939,,,,,,,,,1.939084,-0.659298,,,112.668594,110.887459,0.392962,0.371651,,,,0.079793,0.192173,1.169772,,,,,,
41949,,,,,,,,,1.348928,0.000000,,,107.868378,106.369728,0.534330,0.504566,,,,0.087195,0.210081,1.163144,,,,,,
41959,,,,,,,,,1.967187,-1.318600,,,109.819450,108.013947,0.480324,0.459229,,,,0.094787,0.227779,1.153248,,,,,,
41969,,,,,,,,,1.910981,-1.318600,,,112.005630,109.397392,0.418497,0.420737,,,,0.102636,0.245002,1.150162,,,,,,
41974,0.102647,0.244863,1.147551,0.096654,0.248785,1.176217,1.796155,-0.711340,,,111.108368,109.564224,,,,,0.001114,0.007075,0.028666,,,,,,,,,
41979,,,,,,,,,2.023392,0.000000,,,113.845078,110.561424,0.270235,0.310437,,,,0.110232,0.262522,1.149925,,,,,,
41989,,,,,,,,,1.770468,-0.659300,,,113.214615,110.451752,0.287381,0.313170,,,,0.118100,0.279362,1.140225,,,,,,
41999,,,,,,,,,1.658057,-0.659298,,,112.139603,109.270386,0.317847,0.347334,,,,0.125563,0.295914,1.133469,,,,,,
42009,,,,,,,,,1.236517,1.318598,,,106.334198,104.464584,0.487334,0.488189,,,,0.133407,0.313102,1.130146,,,,,,
42019,,,,,,,,,1.910981,1.318600,,,107.439507,106.410957,0.457262,0.433647,,,,0.141322,0.329847,1.123741,,,,,,
42024,0.141180,0.330109,1.131255,0.132657,0.331417,1.143949,1.803975,-0.668383,,,109.817078,107.675957,,,,,-0.002443,0.008269,0.012693,,,,,,,,,
42029,,,,,,,,,1.967187,-1.318600,,,109.458595,108.048637,0.362095,0.331921,,,,0.149294,0.346967,1.120613,,,,,,
42039,,,,,,,,,1.770468,0.659300,,,109.523827,107.792946,0.360357,0.339228,,,,0.157672,0.364027,1.121112,,,,,,
42049,,,,,,,,,1.264620,-0.659300,,,104.677826,103.766006,0.502389,0.457081,,,,0.165774,0.380005,1.118057,,,,,,
42059,,,,,,,,,1.882879,-0.659301,,,106.590378,105.278633,0.448856,0.414668,,,,0.173715,0.396474,1.114433,,,,,,
42069,,,,,,,,,2.023392,-1.318601,,,108.744141,107.095901,0.387343,0.362609,,,,0.181751,0.413098,1.104750,,,,,,
42074,0.182187,0.413705,1.101450,0.170987,0.412426,1.114138,1.799565,-0.621597,,,107.160248,105.343086,,,,,-0.006207,0.009410,0.012688,,,,,,,,,
42079,,,,,,,,,1.770468,-1.977901,,,110.011772,106.991318,0.272950,0.297643,,,,0.189931,0.429226,1.098374,,,,,,
42089,,,,,,,,,1.770468,0.659300,,,108.900185,106.903320,0.304128,0.299429,,,,0.198097,0.445430,1.088196,,,,,,
42099,,,,,,,,,1.658057,0.659298,,,108.509438,105.740196,0.314734,0.332736,,,,0.206354,0.461185,1.081719,,,,,,
42109,,,,,,,,,1.433236,-4.615102,,,106.002495,102.038826,0.387490,0.440922,,,,0.214587,0.476680,1.075122,,,,,,
42119,,,,,,,,,1.742365,2.637199,,,106.071327,103.280838,0.386030,0.406142,,,,0.222929,0.492499,1.065733,,,,,,
42124,0.222470,0.492573,1.079765,0.211115,0.491344,1.087055,1.783426,-0.569947,,,106.068077,104.202072,,,,,-0.006438,0.009434,0.007289,,,,,,,,,
42129,,,,,,,,,1.854776,-1.318601,,,106.673782,103.781326,0.336934,0.359068,,,,0.231706,0.508550,1.059367,,,,,,
42139,,,,,,,,,1.770468,0.659300,,,106.636147,104.746979,0.337746,0.330996,,,,0.240215,0.524144,1.056226,,,,,,
42149,,,,,,,,,1.629955,0.000000,,,105.515396,104.470390,0.370288,0.338833,,,,0.248720,0.539537,1.053061,,,,,,
42159,,,,,,,,,1.714262,-0.659301,,,106.206024,104.237671,0.350332,0.345518,,,,0.256825,0.554002,1.046604,,,,,,
42169,,,,,,,,,1.433236,-1.977899,,,103.519859,101.319145,0.428917,0.430956,,,,0.264738,0.567680,1.049279,,,,,,
42174,0.264258,0.566550,1.043548,0.252483,0.567796,1.063034,1.756323,-0.512259,,,104.802879,104.001518,,,,,-0.004848,0.010803,0.019486,,,,,,,,,
42179,,,,,,,,,1.798571,1.318600,,,104.526978,102.130753,0.363607,0.402703,,,,0.273209,0.582223,1.043028,,,,,,
42189,,,,,,,,,1.798571,0.000000,,,105.374367,103.902725,0.338927,0.351718,,,,0.281348,0.595707,1.042764,,,,,,
42199,,,,,,,,,1.714262,0.659301,,,104.998276,103.760033,0.349665,0.355943,,,,0.289810,0.610129,1.036347,,,,,,
42209,,,,,,,,,1.348928,2.637202,,,100.870026,100.917259,0.470446,0.439296,,,,0.297842,0.623250,1.036445,,,,,,
42219,,,,,,,,,1.742365,-1.318601,,,102.297409,101.792610,0.430540,0.415146,,,,0.306368,0.636864,1.036494,,,,,,
42224,0.306690,0.637174,1.031560,0.294514,0.641495,1.042472,1.719211,-0.447265,,,103.931580,103.090500,,,,,-0.002545,0.012667,0.010912,,,,,,,,,
42229,,,,,,,,,1.826673,-1.977901,,,103.498405,103.618217,0.371066,0.336078,,,,0.314733,0.650087,1.039817,,,,,,
42239,,,,,,,,,1.770468,0.659300,,,104.508926,104.065193,0.341686,0.322737,,,,0.322847,0.663637,1.039959,,,,,,
42249,,,,,,,,,1.658057,-0.659298,,,103.725548,103.352196,0.364346,0.343146,,,,0.331709,0.678537,1.036784,,,,,,
42259,,,,,,,,,1.573749,0.000000,,,103.610954,102.207733,0.367801,0.376530,,,,0.340629,0.693440,1.033486,,,,,,
42269,,,,,,,,,1.405133,-1.318601,,,99.702736,98.522064,0.482387,0.484870,,,,0.349298,0.707827,1.033421,,,,,,
42274,0.348888,0.706871,1.027742,0.336635,0.712252,1.025832,1.673183,-0.373666,,,101.759903,100.619865,,,,,-0.001725,0.013271,-0.001910,,,,,,,,,
42279,,,,,,,,,1.714262,0.659301,,,100.770706,99.232750,0.389560,0.393914,,,,0.358398,0.722646,1.026914,,,,,,
42289,,,,,,,,,1.742365,0.000000,,,101.669296,100.919807,0.363724,0.345183,,,,0.367365,0.737512,1.020492,,,,,,
42299,,,,,,,,,1.658057,-0.659298,,,102.425369,100.705666,0.341630,0.351309,,,,0.376065,0.752040,1.017298,,,,,,
42309,,,,,,,,,1.658057,-0.659298,,,102.516991,101.070030,0.338628,0.340599,,,,0.384600,0.765825,1.010985,,,,,,
42319,,,,,,,,,1.601852,0.659301,,,102.049538,100.832062,0.351951,0.347351,,,,0.393416,0.779989,1.007822,,,,,,
42327,0.393081,0.779650,1.012253,0.378278,0.779959,1.013640,1.619428,-0.290173,1.320825,-1.977901,94.741264,94.143646,,,,,-0.007583,0.012717,0.001387,,,,,,,,,
42330,,,,,,,,,,,,,99.478050,98.453667,0.221600,0.227264,,,,0.402241,0.793948,1.007928,,,,,,
42339,,,,,,,,,1.658057,0.659298,,,98.403488,96.997025,0.250789,0.267846,,,,0.411457,0.807909,1.001590,,,,,,
42349,,,,,,,,,1.517544,0.000000,,,98.043892,96.860497,0.259560,0.270474,,,,0.420341,0.821436,0.998443,,,,,,
42359,,,,,,,,,1.461339,-1.318600,,,97.196785,95.656532,0.282778,0.304422,,,,0.429685,0.835694,0.995229,,,,,,
42369,,,,,,,,,1.264620,1.977899,,,93.761314,93.009888,0.382190,0.381190,,,,0.438640,0.849388,0.992046,,,,,,
42374,0.437447,0.848144,1.002020,0.418904,0.844591,1.006480,1.559172,-0.195565,,,87.530235,87.607285,,,,,-0.012981,0.013710,0.004460,,,,,,,,,
42379,,,,,,,,,1.489441,-0.659298,,,93.593422,92.961174,0.176438,0.191775,,,,0.447972,0.863310,0.989309,,,,,,
42389,,,,,,,,,1.489441,0.659298,,,92.907616,92.375641,0.193608,0.206350,,,,0.457322,0.877115,0.986760,,,,,,
42399,,,,,,,,,1.292722,0.000000,,,90.696945,90.249344,0.255755,0.266319,,,,0.466139,0.889997,0.987168,,,,,,
42409,,,,,,,,,1.320825,-0.659301,,,88.292351,88.460281,0.324641,0.317435,,,,0.474347,0.901896,0.989946,,,,,,
42419,,,,,,,,,1.433236,0.659301,,,87.902756,88.044052,0.335683,0.329212,,,,0.482525,0.914315,0.986738,,,,,,
42427,0.481917,0.913870,0.990771,0.458001,0.906190,1.004987,1.493658,-0.088731,,,79.095711,80.274857,,,0.130028,0.172396,-0.019531,0.015796,0.014216,,,,,,,,,
42430,,,,,,,,,1.264620,0.659300,,,86.485863,86.060204,,,,,,0.490002,0.925921,0.986273,,,,,,
42439,,,,,,,,,1.208415,-0.659298,,,85.293686,85.480080,0.161388,0.186605,,,,0.497324,0.937278,0.985769,,,,,,
42449,,,,,,,,,1.208415,0.659298,,,83.201508,83.902878,0.219672,0.230287,,,,0.504547,0.948203,0.985728,,,,,,
42459,,,,,,,,,1.292722,0.000000,,,81.985687,82.575821,0.253300,0.267402,,,,0.512080,0.959489,0.985626,,,,,,
42469,,,,,,,,,1.264620,0.659300,,,80.962700,81.459236,0.281866,0.298991,,,,0.519853,0.970806,0.985921,,,,,,
42474,0.519518,0.970506,0.989089,0.495101,0.964846,1.009838,1.424108,0.031269,,,75.191383,77.302559,,,,,-0.018144,0.017291,0.020749,,,,,,,,,
42479,,,,,,,,,1.236517,0.000000,,,80.101952,81.064285,0.191854,0.222958,,,,0.527608,0.982260,0.992402,,,,,,
42489,,,,,,,,,1.067901,0.000000,,,77.744095,78.553802,0.258535,0.294659,,,,0.535254,0.993156,0.992893,,,,,,
42499,,,,,,,,,1.208415,0.659298,,,76.849281,78.075111,0.283510,0.308075,,,,0.542348,1.003549,0.999173,,,,,,
42509,,,,,,,,,1.208415,0.659298,,,76.640923,78.216881,0.288815,0.303553,,,,0.549222,1.014028,1.002128,,,,,,
42519,,,,,,,,,1.348928,0.000000,,,77.010155,78.880707,0.277308,0.283677,,,,0.555678,1.023859,1.011403,,,,,,
42527,0.555745,1.024116,1.009526,0.529779,1.020693,1.021741,1.351714,0.165158,,,71.430061,73.930412,75.687195,78.350166,0.205039,0.199718,-0.016719,0.020160,0.012215,,,,,,,,,
42530,,,,,,,,,1.208415,1.977899,,,,,,,,,,0.561935,1.033609,1.020840,,,,,,
42539,,,,,,,,,1.208415,0.659298,,,75.118607,77.359230,0.219644,0.226611,,,,0.568135,1.043487,1.026902,,,,,,
42549,,,,,,,,,1.152209,0.659301,,,74.095650,76.525452,0.247826,0.249378,,,,0.574151,1.053260,1.036300,,,,,,
42559,,,,,,,,,1.180312,0.000000,,,73.234932,76.368454,0.271748,0.252729,,,,0.580254,1.063241,1.039492,,,,,,
42569,,,,,,,,,1.152209,-0.659301,,,73.599815,75.691818,0.260198,0.271371,,,,0.586466,1.072989,1.049184,,,,,,
42575,0.586506,1.072953,1.043092,0.561661,1.073882,1.041415,1.277625,0.313371,,,69.769096,72.478302,,,,,-0.011707,0.021933,-0.001677,,,,,,,,,
42579,,,,,,,,,1.180312,2.637199,,,72.817741,75.667038,0.233423,0.228733,,,,0.592598,1.082855,1.052329,,,,,,
42589,,,,,,,,,1.208415,-0.659298,,,72.704247,75.101646,0.235283,0.243757,,,,0.598472,1.092708,1.058801,,,,,,
42599,,,,,,,,,1.152209,0.659301,,,72.064209,74.625923,0.252614,0.256427,,,,0.604200,1.102610,1.058790,,,,,,
42609,,,,,,,,,1.124107,0.000000,,,71.525681,73.681107,0.267280,0.283061,,,,0.609725,1.112530,1.061958,,,,,,
42619,,,,,,,,,1.124107,0.000000,,,71.072563,73.430679,0.279705,0.289816,,,,0.615379,1.122286,1.065179,,,,,,
42624,0.615324,1.122225,1.063325,0.590429,1.124573,1.069574,1.202937,0.475982,,,65.620140,69.464546,,,,,-0.010046,0.022898,0.006249,,,,,,,,,
42629,,,,,,,,,1.236517,1.318598,,,71.235855,73.764511,0.152816,0.191341,,,,0.620712,1.131867,1.068359,,,,,,
42639,,,,,,,,,1.152209,0.659301,,,70.284157,72.956314,0.177986,0.212941,,,,0.626247,1.141641,1.071633,,,,,,
42649,,,,,,,,,0.955491,1.318600,,,68.938858,71.187210,0.215138,0.263065,,,,0.631542,1.151209,1.074920,,,,,,
42659,,,,,,,,,1.096004,0.659300,,,68.351463,71.332314,0.230744,0.257989,,,,0.636999,1.160668,1.084648,,,,,,
42669,,,,,,,,,1.096004,0.659300,,,67.312691,70.909866,0.259848,0.269462,,,,0.642390,1.169984,1.091063,,,,,,
42674,0.642289,1.170031,1.091496,0.615816,1.172916,1.106898,1.128684,0.652628,,,60.685997,65.783928,,,,,-0.009648,0.024821,0.015401,,,,,,,,,
42679,,,,,,,,,1.011696,1.318600,,,66.438667,70.554413,0.140156,0.171407,,,,0.647790,1.179626,1.100773,,,,,,
42689,,,,,,,,,1.124107,1.318601,,,65.703262,70.255341,0.158927,0.177874,,,,0.652754,1.189013,1.110493,,,,,,
42699,,,,,,,,,0.927388,0.659301,,,63.995407,68.370071,0.206525,0.230929,,,,0.657704,1.198568,1.123596,,,,,,
42709,,,,,,,,,1.011696,1.318600,,,63.102962,67.328346,0.231067,0.260189,,,,0.662315,1.208163,1.139926,,,,,,
42719,,,,,,,,,0.899285,1.318601,,,61.807514,66.996384,0.267837,0.269167,,,,0.667237,1.217658,1.153125,,,,,,
42725,0.666773,1.217064,1.153480,0.637610,1.219036,1.154009,1.055828,0.842412,,,55.779343,61.369400,,,,,-0.010017,0.027460,0.000529,,,,,,,,,
42729,,,,,,,,,1.096004,0.659300,,,61.806614,67.261612,0.123659,0.131562,,,,0.671593,1.227122,1.163022,,,,,,
42739,,,,,,,,,0.983593,1.977900,,,61.261311,66.395691,0.136732,0.154088,,,,0.675946,1.236753,1.173252,,,,,,
42749,,,,,,,,,0.786875,0.000000,,,59.168861,64.033470,0.195368,0.220841,,,,0.680035,1.246246,1.186592,,,,,,
42759,,,,,,,,,0.927388,0.659301,,,57.952820,63.134987,0.229346,0.245870,,,,0.684089,1.256119,1.200263,,,,,,
42769,,,,,,,,,0.955491,1.318600,,,57.474186,62.923546,0.242317,0.251214,,,,0.688101,1.265401,1.207645,,,,,,
42774,0.687818,1.265060,1.208628,0.655659,1.263032,1.211441,0.985248,1.043842,,,48.973919,55.680592,,,,,-0.013290,0.029354,0.002814,,,,,,,,,
42779,,,,,,,,,1.039799,1.977899,,,57.616009,63.290184,0.038089,0.073164,,,,0.691572,1.273657,1.224240,,,,,,
42789,,,,,,,,,0.843080,1.318600,,,56.101707,61.965042,0.078279,0.108312,,,,0.694683,1.281636,1.234133,,,,,,
42799,,,,,,,,,0.758772,1.977899,,,54.283031,60.305527,0.128109,0.153886,,,,0.697573,1.289816,1.240691,,,,,,
42809,,,,,,,,,0.758772,0.659299,,,52.752796,58.909210,0.170366,0.192550,,,,0.700403,1.297894,1.257576,,,,,,
42819,,,,,,,,,0.758772,1.977899,,,50.920715,57.189808,0.222195,0.241344,,,,0.703353,1.306476,1.268593,,,,,,
42824,0.703038,1.306026,1.271856,0.669859,1.304957,1.279606,0.917716,1.254817,,,45.707253,53.646393,,,,,-0.010793,0.031393,0.007751,,,,,,,,,
42829,,,,,,,,,0.843080,0.000000,,,50.468288,56.832188,0.138860,0.191530,,,,0.706122,1.314503,1.282743,,,,,,
42839,,,,,,,,,0.786875,2.637200,,,49.543072,56.531288,0.163665,0.198811,,,,0.708704,1.322157,1.296837,,,,,,
42849,,,,,,,,,0.814977,1.977899,,,48.764595,55.733566,0.184617,0.220783,,,,0.710695,1.328783,1.313529,,,,,,
42859,,,,,,,,,0.843080,1.318600,,,48.109585,55.606907,0.202328,0.223490,,,,0.712773,1.336221,1.324397,,,,,,
42869,,,,,,,,,0.814977,1.977899,,,48.103004,55.500336,0.201368,0.225670,,,,0.714585,1.342878,1.344900,,,,,,
42874,0.714467,1.343097,1.347064,0.680166,1.344821,1.358777,0.853882,1.472697,,,44.066990,53.235970,,,,,-0.005930,0.033829,0.011713,,,,,,,,,
42879,,,,,,,,,0.843080,1.318600,,,47.552925,55.955212,0.168297,0.199444,,,,0.716446,1.349984,1.362777,,,,,,
42889,,,,,,,,,0.843080,2.637200,,,47.090088,55.248856,0.180176,0.218821,,,,0.718093,1.356692,1.383774,,,,,,
42899,,,,,,,,,0.758772,1.977899,,,46.156113,55.199070,0.206072,0.219312,,,,0.719648,1.363690,1.401727,,,,,,
42909,,,,,,,,,0.786875,1.318599,,,45.914810,55.157181,0.212134,0.219596,,,,0.721041,1.370389,1.419770,,,,,,
42919,,,,,,,,,0.843080,2.637200,,,46.256321,55.121937,0.201248,0.219706,,,,0.722280,1.377018,1.438172,,,,,,
42924,0.722192,1.377663,1.441585,0.686584,1.382583,1.449079,0.794251,1.694541,,,43.598606,53.780052,,,,,0.000291,0.035945,0.007493,,,,,,,,,
42929,,,,,,,,,0.730669,1.318600,,,45.454582,54.547737,0.209958,0.251544,,,,0.723389,1.384760,1.452879,,,,,,
42939,,,,,,,,,0.843080,1.318600,,,45.324543,54.609150,0.212874,0.249377,,,,0.724606,1.392451,1.471447,,,,,,
42949,,,,,,,,,0.814977,1.977899,,,45.215126,54.116280,0.215250,0.263411,,,,0.725565,1.400280,1.490199,,,,,,
42959,,,,,,,,,0.843080,2.637200,,,45.123062,54.790665,0.217169,0.243503,,,,0.726431,1.407880,1.509104,,,,,,
42969,,,,,,,,,0.814977,1.977899,,,45.045601,54.813549,0.218706,0.242348,,,,0.727129,1.415384,1.528226,,,,,,
42974,0.726990,1.415627,1.529249,0.689167,1.418153,1.550506,0.739174,1.917494,,,39.891724,51.523304,,,,,0.000953,0.037896,0.021256,,,,,,,,,
42979,,,,,,,,,0.814977,1.977899,,,44.980423,54.832806,0.111382,0.175211,,,,0.727840,1.423101,1.547510,,,,,,
42989,,,,,,,,,0.730669,1.318600,,,44.381039,54.304462,0.126489,0.189092,,,,0.728422,1.431157,1.570812,,,,,,
42999,,,,,,,,,0.730669,3.955800,,,43.332176,53.859917,0.155045,0.200773,,,,0.728788,1.439188,1.590134,,,,,,
43009,,,,,,,,,0.758772,1.977899,,,42.994205,53.485874,0.163290,0.210604,,,,0.728853,1.447676,1.613026,,,,,,
43019,,,,,,,,,0.758772,1.977899,,,42.165295,53.715698,0.186071,0.202933,,,,0.728691,1.455955,1.643231,,,,,,
43024,0.728519,1.455754,1.641960,0.688024,1.451400,1.662960,0.688850,2.139242,,,34.831310,47.579067,,,,,-0.001464,0.040703,0.021001,,,,,,,,,
43029,,,,,,,,,0.758772,1.977899,,,42.012390,53.364529,0.041288,0.096675,,,,0.728161,1.464173,1.665250,,,,,,
43039,,,,,,,,,0.674464,3.955800,,,40.794651,52.524513,0.073496,0.118494,,,,0.727610,1.472036,1.691054,,,,,,
43049,,,,,,,,,0.618259,2.637201,,,39.225502,51.273182,0.116579,0.152759,,,,0.726820,1.480155,1.720098,,,,,,
43059,,,,,,,,,0.590156,1.977900,,,37.905220,50.220310,0.153127,0.181814,,,,0.725948,1.488225,1.744805,,,,,,
43069,,,,,,,,,0.674464,2.637200,,,36.794334,49.878967,0.184178,0.190541,,,,0.724776,1.496235,1.771974,,,,,,
43074,0.724704,1.495641,1.772125,0.683305,1.482151,1.786306,0.643348,2.358465,,,29.520403,43.231079,,,,,-0.004939,0.043260,0.014181,,,,,,,,,
43079,,,,,,,,,0.702567,3.296500,,,36.948723,49.047218,0.023212,0.086481,,,,0.723525,1.503430,1.795667,,,,,,
43089,,,,,,,,,0.590156,1.977900,,,35.989540,48.891926,0.047732,0.088236,,,,0.722516,1.508835,1.821816,,,,,,
43099,,,,,,,,,0.562053,2.637200,,,34.637939,47.127636,0.084201,0.137178,,,,0.721200,1.514828,1.839722,,,,,,
43109,,,,,,,,,0.562053,2.637200,,,33.500702,46.187706,0.115043,0.162828,,,,0.719652,1.520371,1.867201,,,,,,
43119,,,,,,,,,0.562053,2.637200,,,32.543831,45.396847,0.141150,0.184566,,,,0.718097,1.525878,1.894617,,,,,,
43124,0.718031,1.525616,1.895400,0.675210,1.510198,1.920413,0.602646,2.574929,,,28.731903,43.742725,,,,,-0.000956,0.045502,0.025013,,,,,,,,,
43129,,,,,,,,,0.562053,2.637200,,,31.738720,44.731419,0.140185,0.217991,,,,0.716562,1.531157,1.918271,,,,,,
43139,,,,,,,,,0.562053,2.637200,,,31.061300,44.716072,0.158577,0.217966,,,,0.714849,1.536016,1.948668,,,,,,
43149,,,,,,,,,0.646361,3.296500,,,31.035862,45.247704,0.158203,0.201932,,,,0.713106,1.540431,1.975960,,,,,,
43159,,,,,,,,,0.590156,3.296501,,,30.469915,45.150475,0.173668,0.204057,,,,0.711311,1.544695,2.006199,,,,,,
43169,,,,,,,,,0.618259,2.637201,,,30.538271,45.068665,0.170833,0.205776,,,,0.709546,1.548830,2.036216,,,,,,
43174,0.709269,1.549280,2.035463,0.663982,1.535313,2.065163,0.566699,2.789005,,,31.148310,47.291855,,,,,0.007808,0.046744,0.029700,,,,,,,,,
43179,,,,,,,,,0.646361,3.296500,,,30.051243,44.999832,0.254978,0.311074,,,,0.707829,1.552621,2.066002,,,,,,
43189,,,,,,,,,0.646361,3.296500,,,30.730543,45.486458,0.235615,0.297926,,,,0.705975,1.556482,2.095302,,,,,,
43199,,,,,,,,,0.702567,3.296500,,,31.302107,46.440449,0.219080,0.270859,,,,0.703904,1.560619,2.127387,,,,,,
43209,,,,,,,,,0.702567,3.296500,,,31.238478,47.243134,0.220869,0.247765,,,,0.700787,1.566399,2.149240,,,,,,
43219,,,,,,,,,0.590156,3.296501,,,31.184940,47.373970,0.222393,0.243958,,,,0.697869,1.571662,2.177578,,,,,,
43227,0.697541,1.571900,2.179480,0.649903,1.557255,2.220372,0.535506,3.000461,,,33.006512,50.368618,31.684437,46.394970,0.262159,0.362671,0.015224,0.047457,0.040892,,,,,,,,,
43230,,,,,,,,,0.618259,1.318600,,,,,,,,,,0.694294,1.577273,2.208525,,,,,,
43239,,,,,,,,,0.758772,3.296500,,,32.649258,47.204868,0.234543,0.340865,,,,0.690677,1.582487,2.236309,,,,,,
43249,,,,,,,,,0.702567,3.296500,,,32.916512,48.430862,0.226890,0.306486,,,,0.687075,1.587690,2.263992,,,,,,
43259,,,,,,,,,0.814977,3.296500,,,33.685925,49.462414,0.204405,0.277212,,,,0.683058,1.593251,2.294519,,,,,,
43269,,,,,,,,,0.674464,3.955800,,,33.788765,50.330360,0.201067,0.252234,,,,0.678724,1.598919,2.327786,,,,,,
43274,0.678472,1.598809,2.331932,0.633298,1.575781,2.385602,0.509177,3.206496,,,30.334675,48.915150,,,,,0.014485,0.048592,0.053671,,,,,,,,,
43279,,,,,,,,,0.843080,3.955800,,,34.419838,51.060650,0.103983,0.188312,,,,0.674048,1.604560,2.363782,,,,,,
43284,,,,,,,,,,,,,,,,,,,,0.674048,1.604560,2.363782,,,,,,
43287,,,,,,,,,,,,,33.861736,51.675114,0.118363,0.169291,,,,0.674048,1.604560,2.363782,,,,,,
43290,,,,,,,,,0.646361,3.296500,,,,,,,,,,0.669084,1.610127,2.399469,,,,,,
43299,,,,,,,,,0.702567,4.615100,,,33.392151,51.647583,0.130419,0.168772,,,,0.663839,1.615414,2.434950,,,,,,
43309,,,,,,,,,0.674464,2.637200,,,33.541584,51.624416,0.124576,0.168139,,,,0.658392,1.620544,2.473137,,,,,,
43319,,,,,,,,,0.674464,3.955800,,,33.122772,51.060383,0.135300,0.183353,,,,0.652850,1.625598,2.513971,,,,,,
43328,0.652858,1.625199,2.515285,0.614523,1.590656,2.559895,0.487975,3.399604,0.618259,2.637201,26.470232,45.874439,32.770386,49.496719,0.031129,0.139075,0.010811,0.050457,0.044610,,,,,,,,,
43331,,,,,,,,,,,,,,,,,,,,0.647079,1.630332,2.551555,,,,,,
43339,,,,,,,,,0.590156,4.615100,,,31.929344,49.814682,0.052730,0.128027,,,,0.641193,1.634697,2.588849,,,,,,
43349,,,,,,,,,0.562053,2.637200,,,30.677149,48.993130,0.086774,0.150191,,,,0.635224,1.638850,2.625985,,,,,,
43359,,,,,,,,,0.562053,5.274400,,,29.623550,48.846416,0.115604,0.152989,,,,0.628919,1.642679,2.668556,,,,,,
43369,,,,,,,,,0.562053,3.955801,,,28.737053,47.633888,0.140047,0.187066,,,,0.622643,1.646167,2.710737,,,,,,
43374,0.623141,1.645594,2.710927,0.593968,1.601664,2.741484,0.472318,3.566296,,,23.650984,43.689026,,,,,0.008169,0.052098,0.030557,,,,,,,,,
43379,,,,,,,,,0.562053,3.955801,,,27.991156,47.158211,0.078251,0.136160,,,,0.616263,1.649388,2.750057,,,,,,
43389,,,,,,,,,0.562053,3.955801,,,27.363558,46.757973,0.094544,0.146214,,,,0.611155,1.651797,2.792542,,,,,,
43399,,,,,,,,,0.562053,2.637200,,,26.835497,46.421215,0.108224,0.154601,,,,0.606719,1.653650,2.831899,,,,,,
43409,,,,,,,,,0.562053,3.955801,,,26.391186,46.137867,0.119705,0.161586,,,,0.601933,1.655349,2.868549,,,,,,
43419,,,,,,,,,0.505848,3.955800,,,26.017342,45.354912,0.129336,0.183335,,,,0.597399,1.656738,2.907819,,,,,,
43427,0.597552,1.656495,2.907891,0.572049,1.608623,2.927643,0.462714,3.688153,,,26.130447,46.621143,25.702789,45.240681,0.210008,0.271733,0.013724,0.052476,0.019753,,,,,,,,,
43430,,,,,,,,,0.590156,4.615100,,,,,,,,,,0.592479,1.658132,2.944046,,,,,,
43439,,,,,,,,,0.646361,3.296500,,,25.982670,46.233650,0.202019,0.243321,,,,0.588044,1.659174,2.980373,,,,,,
43449,,,,,,,,,0.618259,3.955800,,,26.218161,45.980049,0.195195,0.250933,,,,0.583149,1.660077,3.013830,,,,,,
43459,,,,,,,,,0.618259,3.955800,,,26.960846,46.311211,0.173407,0.241544,,,,0.578956,1.660905,3.052693,,,,,,
43469,,,,,,,,,0.618259,2.637201,,,27.585741,46.589851,0.154711,0.233534,,,,0.574726,1.661624,3.086153,,,,,,
43474,0.574083,1.661618,3.082256,0.549198,1.611382,3.114826,0.459658,3.746228,,,30.513641,51.469963,,,,,0.021862,0.051623,0.032569,,,,,,,,,
43479,,,,,,,,,0.618259,3.955800,,,27.022442,46.824299,0.298846,0.368658,,,,0.570360,1.662205,3.125002,,,,,,
43489,,,,,,,,,0.674464,5.274401,,,27.637568,47.566105,0.282511,0.349168,,,,0.564580,1.662571,-3.125010,,,,,,
43499,,,,,,,,,0.646361,3.296500,,,28.155134,48.190262,0.268737,0.332766,,,,0.558478,1.662934,-3.089019,,,,,,
43509,,,,,,,,,0.730669,3.955800,,,28.590614,49.259972,0.257118,0.303020,,,,0.552197,1.663019,-3.047484,,,,,,
43519,,,,,,,,,0.758772,4.615101,,,30.046114,50.704567,0.215424,0.261783,,,,0.545697,1.662876,-3.011441,,,,,,
43527,0.544900,1.662603,-3.007984,0.525867,1.609836,-2.984052,0.463490,3.727845,,,33.261192,53.971035,30.726229,48.652790,0.276183,0.395457,0.025892,0.049761,0.023932,,,,,,,,,
43530,,,,,,,,,0.646361,1.977901,,,,,,,,,,0.538581,1.662534,-2.969802,,,,,,
43539,,,,,,,,,0.814977,3.296500,,,31.843019,50.738228,0.244700,0.336949,,,,0.531407,1.661845,-2.930888,,,,,,
43549,,,,,,,,,0.814977,4.615101,,,32.782688,51.948372,0.217868,0.303067,,,,0.524135,1.660702,-2.897479,,,,,,
43559,,,,,,,,,0.786875,2.637200,,,34.117867,53.511131,0.179003,0.258281,,,,0.517064,1.659295,-2.852770,,,,,,
43569,,,,,,,,,0.814977,5.933700,,,34.696743,54.826038,0.161643,0.220001,,,,0.509835,1.657684,-2.810738,,,,,,
43574,0.509486,1.657171,-2.802405,0.502509,1.603930,-2.806232,0.474284,3.632220,,,33.444920,53.231052,,,,,0.024294,0.047887,-0.003826,,,,,,,,,
43579,,,,,,,,,0.758772,4.615101,,,34.639267,55.387856,0.168016,0.181474,,,,0.501848,1.655597,-2.768589,,,,,,
43589,,,,,,,,,0.758772,3.296500,,,35.135448,55.316025,0.152914,0.182542,,,,0.494282,1.653336,-2.720610,,,,,,
43599,,,,,,,,,0.730669,3.955800,,,35.008392,55.255589,0.155823,0.183311,,,,0.486916,1.650649,-2.678070,,,,,,
43609,,,,,,,,,0.758772,3.296500,,,34.901489,55.204735,0.158203,0.183828,,,,0.479784,1.647607,-2.635325,,,,,,
43619,,,,,,,,,0.730669,3.955800,,,34.811539,54.617405,0.160137,0.200077,,,,0.472771,1.644187,-2.600950,,,,,,
43624,0.473076,1.643976,-2.601267,0.479576,1.593657,-2.637695,0.491799,3.471181,,,32.812454,51.253227,,,,,0.020310,0.046494,-0.036428,,,,,,,,,
43629,,,,,,,,,0.730669,2.637200,,,35.280399,54.667770,0.127235,0.140027,,,,0.466096,1.640725,-2.566422,,,,,,
43639,,,,,,,,,0.702567,3.296500,,,35.130356,54.165604,0.130443,0.153091,,,,0.459557,1.636916,-2.531674,,,,,,
43649,,,,,,,,,0.618259,2.637201,,,35.004108,53.198536,0.133027,0.180009,,,,0.453227,1.633066,-2.499614,,,,,,
43659,,,,,,,,,0.730669,3.955800,,,34.353340,52.929390,0.151030,0.186956,,,,0.447059,1.628895,-2.470248,,,,,,
43669,,,,,,,,,0.674464,2.637200,,,34.350327,52.158386,0.150378,0.208726,,,,0.441064,1.624813,-2.443703,,,,,,
43674,0.441428,1.624804,-2.445865,0.457509,1.579062,-2.480195,0.515511,3.264480,,,32.813358,50.207005,,,,,0.016975,0.045418,-0.034330,,,,,,,,,
43679,,,,,,,,,0.646361,1.977901,,,34.347794,51.509663,0.149741,0.196653,,,,0.435219,1.620358,-2.414045,,,,,,
43689,,,,,,,,,0.702567,3.296500,,,34.345661,51.508369,0.149067,0.196065,,,,0.429812,1.615862,-2.384242,,,,,,
43699,,,,,,,,,0.702567,4.615100,,,34.343868,51.507282,0.148384,0.195473,,,,0.424564,1.611104,-2.354315,,,,,,
43709,,,,,,,,,0.618259,2.637201,,,33.797813,50.961826,0.163638,0.210819,,,,0.419551,1.606267,-2.324104,,,,,,
43719,,,,,,,,,0.758772,3.296500,,,33.882908,51.047421,0.160673,0.207951,,,,0.414809,1.601460,-2.293774,,,,,,
43725,0.414773,1.601187,-2.292711,0.436727,1.560239,-2.334527,0.544706,3.032976,,,34.820629,50.859173,,,,,0.016225,0.043537,-0.041817,,,,,,,,,
43729,,,,,,,,,0.674464,2.637200,,,33.954506,50.574898,0.216837,0.240478,,,,0.410191,1.596450,-2.263216,,,,,,
43739,,,,,,,,,0.702567,3.296500,,,34.559292,51.266403,0.199544,0.220368,,,,0.405933,1.591525,-2.232741,,,,,,
43749,,,,,,,,,0.730669,2.637200,,,34.523617,51.303692,0.200714,0.219080,,,,0.401705,1.586564,-2.201849,,,,,,
43759,,,,,,,,,0.730669,2.637200,,,35.038143,51.335068,0.185791,0.217948,,,,0.397763,1.581757,-2.170873,,,,,,
43769,,,,,,,,,0.730669,3.955800,,,35.471066,51.361465,0.173011,0.216947,,,,0.394111,1.576923,-2.142727,,,,,,
43774,0.394047,1.576476,-2.138721,0.417616,1.537327,-2.200798,0.578579,2.793474,,,40.109161,54.480785,,,,,0.020326,0.040927,-0.062077,,,,,,,,,
43779,,,,,,,,,0.786875,1.318599,,,35.835323,51.928223,0.316882,0.306152,,,,0.390592,1.572060,-2.117660,,,,,,
43789,,,,,,,,,0.730669,2.637200,,,37.230900,51.860546,0.278071,0.309359,,,,0.387269,1.567010,-2.089056,,,,,,
43799,,,,,,,,,0.899285,2.637201,,,38.949680,52.892693,0.229126,0.280395,,,,0.383518,1.561103,-2.063355,,,,,,
43809,,,,,,,,,0.814977,1.977899,,,39.306774,53.216595,0.219227,0.271674,,,,0.379859,1.554806,-2.037457,,,,,,
43819,,,,,,,,,0.786875,2.637200,,,39.607235,53.489128,0.210815,0.264301,,,,0.375999,1.548246,-2.011348,,,,,,
43825,0.375923,1.547721,-2.010977,0.400524,1.510504,-2.078718,0.616316,2.556743,,,44.801151,57.746582,,,,,0.023187,0.038114,-0.067741,,,,,,,,,
43829,,,,,,,,,0.758772,1.977899,,,39.860043,53.718437,0.341035,0.353685,,,,0.372091,1.541078,-1.988309,,,,,,
43839,,,,,,,,,0.871183,3.296500,,,40.617298,55.000465,0.321234,0.318081,,,,0.368640,1.534129,-1.958439,,,,,,
43849,,,,,,,,,0.843080,1.318600,,,41.798992,54.445534,0.288642,0.335647,,,,0.365310,1.526913,-1.935005,,,,,,
43859,,,,,,,,,0.899285,2.637201,,,42.793270,55.612244,0.260971,0.303071,,,,0.362210,1.519526,-1.908023,,,,,,
43869,,,,,,,,,0.899285,1.318601,,,44.174400,56.593914,0.221495,0.275352,,,,0.358890,1.511304,-1.887583,,,,,,
43874,0.358840,1.510888,-1.892410,0.385744,1.479985,-1.967845,0.657142,2.327987,,,46.590511,58.083660,,,,,0.020815,0.035293,-0.075436,,,,,,,,,
43879,,,,,,,,,0.927388,3.296500,,,44.791939,57.419891,0.256107,0.261590,,,,0.355710,1.503091,-1.863543,,,,,,
43889,,,,,,,,,0.899285,2.637201,,,45.856079,58.114868,0.225812,0.241560,,,,0.352815,1.494338,-1.839237,,,,,,
43899,,,,,,,,,0.899285,1.318601,,,46.206905,58.699619,0.215893,0.224423,,,,0.350072,1.486024,-1.814813,,,,,,
43909,,,,,,,,,0.955491,2.637201,,,47.046631,59.191631,0.191490,0.209721,,,,0.347599,1.477548,-1.793637,,,,,,
43919,,,,,,,,,0.814977,1.977899,,,47.208633,59.061066,0.186527,0.213013,,,,0.345364,1.469201,-1.772339,,,,,,
43924,0.345580,1.469404,-1.774120,0.373509,1.446003,-1.867738,0.700329,2.108443,,,47.905628,57.717644,,,,,0.017279,0.032079,-0.093617,,,,,,,,,
43929,,,,,,,,,0.899285,2.637201,,,47.344944,58.951206,0.220746,0.205043,,,,0.343147,1.460375,-1.750796,,,,,,
43939,,,,,,,,,0.871183,0.659301,,,47.459633,58.314228,0.217657,0.223102,,,,0.341185,1.451555,-1.729058,,,,,,
43949,,,,,,,,,0.955491,1.318600,,,48.100677,58.867363,0.199101,0.206620,,,,0.339368,1.442894,-1.710794,,,,,,
43959,,,,,,,,,0.871183,1.977901,,,48.640053,58.788227,0.183215,0.208385,,,,0.337692,1.434166,-1.692282,,,,,,
43969,,,,,,,,,0.871183,1.977901,,,48.549339,58.721642,0.185518,0.209821,,,,0.336213,1.425719,-1.677514,,,,,,
43974,0.336437,1.425772,-1.677329,0.363982,1.408815,-1.778041,0.745181,1.897032,,,49.338768,57.719364,,,,,0.013932,0.029191,-0.100712,,,,,,,,,
43979,,,,,,,,,0.814977,0.659300,,,48.473011,58.121071,0.229407,0.226974,,,,0.335039,1.417224,-1.662536,,,,,,
43989,,,,,,,,,0.871183,3.296500,,,48.408791,58.160297,0.231703,0.225632,,,,0.334174,1.408701,-1.643817,,,,,,
43999,,,,,,,,,0.927388,-0.659301,,,49.443840,58.193302,0.201843,0.224454,,,,0.333448,1.400185,-1.632466,,,,,,
44009,,,,,,,,,0.927388,1.977901,,,49.770187,58.765614,0.192237,0.207470,,,,0.332709,1.391987,-1.621052,,,,,,
44019,,,,,,,,,0.843080,2.637200,,,49.500233,58.702614,0.199934,0.208812,,,,0.332121,1.383881,-1.609547,,,,,,
44024,0.332322,1.383862,-1.604176,0.357247,1.368682,-1.698514,0.791012,1.691632,,,52.957283,60.213940,,,,,0.014340,0.025418,-0.094338,,,,,,,,,
44029,,,,,,,,,0.899285,0.000000,,,49.817638,57.560520,0.296513,0.314822,,,,0.331417,1.375252,-1.597994,,,,,,
44039,,,,,,,,,0.899285,1.318601,,,50.084702,58.233192,0.290200,0.296400,,,,0.331049,1.366560,-1.586392,,,,,,
44049,,,,,,,,,0.899285,1.318601,,,50.309410,57.710091,0.285000,0.312667,,,,0.330652,1.358087,-1.574691,,,,,,
44059,,,,,,,,,0.927388,0.659301,,,51.043022,58.359039,0.264791,0.294867,,,,0.330330,1.349336,-1.563018,,,,,,
44069,,,,,,,,,0.983593,1.977900,,,51.660282,59.449608,0.247636,0.263826,,,,0.330230,1.340485,-1.551337,,,,,,
44074,0.330456,1.339999,-1.547480,0.353305,1.325872,-1.629027,0.837115,1.489899,,,56.455395,62.811520,,,,,0.014656,0.022513,-0.081547,,,,,,,,,
44079,,,,,,,,,0.955491,1.318600,,,51.635101,59.278126,0.351421,0.345271,,,,0.330002,1.331379,-1.539741,,,,,,
44089,,,,,,,,,0.899285,1.318601,,,52.703003,59.678387,0.322466,0.335247,,,,0.329866,1.321848,-1.528208,,,,,,
44099,,,,,,,,,1.011696,1.318600,,,53.601536,60.559708,0.297958,0.310946,,,,0.329905,1.312216,-1.516759,,,,,,
44109,,,,,,,,,1.124107,1.318601,,,54.357559,61.301250,0.277192,0.290315,,,,0.330252,1.302970,-1.505324,,,,,,
44119,,,,,,,,,1.011696,1.318600,,,55.538219,62.469727,0.243629,0.256827,,,,0.330600,1.293129,-1.493979,,,,,,
44124,0.330822,1.292823,-1.492944,0.352065,1.280643,-1.569551,0.882742,1.289678,,,59.277298,64.570465,,,,,0.013796,0.020231,-0.076607,,,,,,,,,
44129,,,,,,,,,1.039799,0.659300,,,55.987083,62.908340,0.313552,0.295650,,,,0.330912,1.282937,-1.482692,,,,,,
44139,,,,,,,,,0.983593,1.977900,,,56.909302,63.277390,0.288129,0.285642,,,,0.331471,1.272767,-1.471463,,,,,,
44149,,,,,,,,,1.011696,0.000000,,,57.685257,63.587910,0.266545,0.277171,,,,0.332174,1.262500,-1.460316,,,,,,
44159,,,,,,,,,1.096004,1.977901,,,58.338146,64.393723,0.248193,0.254048,,,,0.333142,1.252757,-1.452887,,,,,,
44169,,,,,,,,,1.039799,0.659300,,,58.887486,64.527191,0.232559,0.250225,,,,0.334111,1.242535,-1.441807,,,,,,
44174,0.334252,1.242412,-1.443337,0.353344,1.233244,-1.520141,0.927093,1.089154,,,61.240192,65.318588,,,,,0.011521,0.017772,-0.076804,,,,,,,,,
44179,,,,,,,,,1.067901,0.000000,,,59.349701,64.639488,0.276686,0.268863,,,,0.335254,1.231760,-1.434489,,,,,,
44189,,,,,,,,,1.039799,0.659300,,,59.738609,64.733978,0.266206,0.266422,,,,0.336382,1.221178,-1.427253,,,,,,
44199,,,,,,,,,1.011696,0.000000,,,60.065834,64.813484,0.257346,0.264375,,,,0.337962,1.210775,-1.416307,,,,,,
44209,,,,,,,,,1.096004,1.977901,,,60.341164,65.424919,0.249848,0.246714,,,,0.339706,1.200675,-1.412782,,,,,,
44219,,,,,,,,,1.039799,-0.659300,,,60.572826,65.394836,0.243496,0.247544,,,,0.341300,1.190649,-1.405463,,,,,,
44227,0.341216,1.190660,-1.411405,0.356865,1.183912,-1.480918,0.969324,0.886839,,,62.957397,65.999832,59.134117,63.735897,0.336222,0.316028,0.009146,0.014380,-0.069513,,,,,,,,,
44230,,,,,,,,,0.871183,1.977901,,,,,,,,,,0.342621,1.180800,-1.401750,,,,,,
44239,,,,,,,,,0.983593,-0.659300,,,60.101761,63.429153,0.309724,0.326096,,,,0.343992,1.170219,-1.394506,,,,,,
44249,,,,,,,,,1.124107,1.318601,,,60.915936,64.804688,0.287256,0.287054,,,,0.345659,1.159270,-1.391089,,,,,,
44259,,,,,,,,,1.124107,0.000000,,,61.600983,65.417519,0.268178,0.269684,,,,0.347333,1.148854,-1.383786,,,,,,
44277,0.347578,1.147707,-1.386107,0.362258,1.132866,-1.452062,1.008565,0.681482,0.196719,0.659300,70.740845,72.653847,54.009232,57.220463,0.491115,0.509974,0.017284,0.011704,-0.065955,,,,,,,,,
44280,,,,,,,,,-0.000000,0.000000,,,50.888794,53.046181,0.814676,0.831240,,,,0.349004,1.138257,-1.380233,,,,,,
44290,,,,,,,,,1.742365,0.000000,,,54.253231,57.702087,0.725694,0.704327,,,,,,,,,,,,
44299,,,,,,,,,2.051495,-0.659300,,,65.252220,66.520454,0.411558,0.453302,,,,0.354453,1.107177,-1.365697,,,,,,
44309,,,,,,,,,1.995289,0.659301,,,74.506767,76.118401,0.143219,0.175218,,,,0.356502,1.096509,-1.358555,,,,,,
44319,,,,,,,,,1.742365,-1.318601,,,79.570824,80.382309,-0.006864,0.048708,,,,0.358737,1.083759,-1.355053,,,,,,
44327,0.358960,1.081907,-1.363188,0.369063,1.080318,-1.433810,1.043957,0.471959,,,65.505287,66.023254,74.574486,75.801811,-0.018106,-0.015028,0.003637,0.009559,-0.070622,,,,,,,,,
44330,,,,,,,,,0.814977,1.977899,,,,,,,,,,0.361172,1.071887,-1.347966,,,,,,
44339,,,,,,,,,0.786875,1.318599,,,69.281479,72.492325,0.132520,0.077180,,,,0.363326,1.059530,-1.340937,,,,,,
44349,,,,,,,,,0.758772,0.659299,,,65.917030,68.074097,0.229218,0.203440,,,,0.365953,1.046858,-1.337808,,,,,,
44359,,,,,,,,,0.927388,-0.659301,,,64.175270,65.990227,0.280019,0.263472,,,,0.368444,1.034053,-1.332004,,,,,,
44369,,,,,,,,,0.955491,0.000000,,,63.798843,64.781403,0.291679,0.298882,,,,0.370652,1.022132,-1.338080,,,,,,
44374,0.370505,1.023226,-1.340190,0.376740,1.026470,-1.426449,1.074699,0.257184,,,65.038078,63.725788,,,,,-0.001733,0.006811,-0.086259,,,,,,,,,
44379,,,,,,,,,1.039799,0.659300,,,63.482117,64.853386,0.288092,0.230100,,,,0.372089,1.014009,-1.328376,,,,,,
44389,,,,,,,,,1.096004,-0.659300,,,64.304710,64.913948,0.264754,0.227786,,,,0.373868,1.004559,-1.331704,,,,,,
44399,,,,,,,,,1.067901,-1.318600,,,64.996841,64.420364,0.244840,0.241668,,,,0.376102,0.996526,-1.331194,,,,,,
44409,,,,,,,,,1.039799,-0.659300,,,64.490112,64.005066,0.259697,0.253494,,,,0.378048,0.987958,-1.330635,,,,,,
44419,,,,,,,,,1.067901,0.000000,,,64.608292,63.655632,0.256500,0.263592,,,,0.380014,0.979539,-1.337382,,,,,,
44425,0.380241,0.978843,-1.337620,0.384672,0.971520,-1.430325,1.100102,0.036078,,,73.202194,70.262131,,,,,0.008148,0.002619,-0.092705,,,,,,,,,
44429,,,,,,,,,1.067901,0.000000,,,64.707726,64.450706,0.492840,0.431730,,,,0.381917,0.971487,-1.337400,,,,,,
44439,,,,,,,,,1.152209,-1.977899,,,65.880478,65.119682,0.462579,0.414932,,,,0.384066,0.961560,-1.340862,,,,,,
44449,,,,,,,,,1.124107,0.000000,,,66.867233,65.138016,0.437201,0.416863,,,,0.386369,0.950889,-1.344365,,,,,,
44459,,,,,,,,,1.096004,-0.659300,,,67.697487,65.697983,0.415932,0.402927,,,,0.388761,0.940877,-1.344374,,,,,,
44469,,,,,,,,,1.377031,-0.659300,,,70.029694,67.802765,0.350287,0.343490,,,,0.391017,0.930622,-1.351450,,,,,,
44474,0.391363,0.929028,-1.353056,0.392182,0.915681,-1.445830,1.119646,-0.192413,,,78.114296,73.711037,,,,,0.013209,-0.002084,-0.092774,,,,,,,,,
44479,,,,,,,,,1.292722,1.318601,,,71.447472,69.573730,0.454124,0.393800,,,,0.393422,0.920097,-1.358559,,,,,,
44489,,,,,,,,,1.208415,-0.659298,,,71.006760,69.974739,0.470228,0.384045,,,,0.395865,0.908608,-1.365684,,,,,,
44499,,,,,,,,,1.180312,-1.318600,,,72.814117,70.856689,0.420720,0.360014,,,,0.398393,0.896583,-1.372865,,,,,,
44509,,,,,,,,,1.348928,-2.637202,,,74.879372,71.598763,0.362794,0.339657,,,,0.400827,0.884980,-1.380066,,,,,,
44519,,,,,,,,,1.320825,0.659301,,,76.072533,72.223137,0.329411,0.322389,,,,0.403311,0.872672,-1.394435,,,,,,
44524,0.403563,0.872003,-1.388200,0.398547,0.859182,-1.473397,1.133038,-0.429227,,,78.702263,73.057816,,,,,0.011697,-0.007261,-0.085197,,,,,,,,,
44529,,,,,,,,,1.320825,-1.977901,,,77.076454,73.293030,0.318212,0.272650,,,,0.405664,0.860789,-1.405267,,,,,,
44539,,,,,,,,,1.348928,-1.318601,,,77.921158,73.648697,0.294259,0.262123,,,,0.407774,0.848195,-1.419819,,,,,,
44549,,,,,,,,,1.152209,-0.659301,,,77.542801,73.403412,0.305712,0.269022,,,,0.409916,0.835412,-1.430847,,,,,,
44559,,,,,,,,,1.180312,-1.318600,,,77.768997,73.197029,0.299646,0.274899,,,,0.411956,0.822942,-1.445536,,,,,,
44569,,,,,,,,,1.377031,-1.977902,,,78.503860,73.567917,0.278577,0.263972,,,,0.413691,0.810532,-1.460347,,,,,,
44574,0.413620,0.809966,-1.462584,0.403017,0.802292,-1.513483,1.140252,-0.675012,,,76.345856,70.451660,,,,,0.006484,-0.011370,-0.050899,,,,,,,,,
44579,,,,,,,,,1.236517,-1.318598,,,79.122177,73.335442,0.191572,0.194226,,,,0.415118,0.798008,-1.475255,,,,,,
44589,,,,,,,,,1.067901,1.318600,,,76.919708,72.595291,0.254728,0.214514,,,,0.416579,0.785592,-1.490266,,,,,,
44599,,,,,,,,,1.180312,-1.318600,,,76.700180,71.972534,0.260880,0.231719,,,,0.417601,0.773007,-1.505411,,,,,,
44609,,,,,,,,,1.208415,-1.977899,,,76.515472,70.903999,0.266118,0.262276,,,,0.418536,0.760230,-1.520771,,,,,,
44619,,,,,,,,,1.180312,-1.318600,,,76.360062,71.094025,0.270587,0.256495,,,,0.418950,0.747493,-1.536311,,,,,,
44624,0.418872,0.747797,-1.535655,0.404835,0.745330,-1.566530,1.141563,-0.929909,,,74.180367,67.555779,,,,,0.001972,-0.014115,-0.030876,,,,,,,,,
44629,,,,,,,,,1.180312,-1.318600,,,76.229294,70.709366,0.211004,0.182658,,,,0.419500,0.734861,-1.552046,,,,,,
44639,,,,,,,,,1.124107,-1.318601,,,75.574722,69.841171,0.229186,0.206565,,,,0.419784,0.722304,-1.568121,,,,,,
44649,,,,,,,,,1.096004,-1.977901,,,74.479424,68.566132,0.260587,0.242801,,,,0.419970,0.709787,-1.584909,,,,,,
44659,,,,,,,,,1.096004,-0.659300,,,74.646927,68.037857,0.255539,0.257784,,,,0.419703,0.697306,-1.591667,,,,,,
44669,,,,,,,,,1.096004,-0.659300,,,73.698776,67.593369,0.283077,0.270567,,,,0.419509,0.684970,-1.610023,,,,,,
44674,0.419527,0.685644,-1.606550,0.403262,0.688679,-1.632924,1.137555,-1.193272,,,71.982117,64.050873,,,,,-0.002451,-0.016363,-0.026374,,,,,,,,,
44679,,,,,,,,,1.264620,-1.977899,,,73.990089,67.763916,0.210414,0.162932,,,,0.419137,0.673786,-1.621567,,,,,,
44689,,,,,,,,,1.124107,-1.318601,,,73.146118,67.362869,0.234162,0.172892,,,,0.418769,0.663510,-1.634227,,,,,,
44699,,,,,,,,,1.011696,-1.318600,,,72.980545,66.480888,0.238451,0.197127,,,,0.418041,0.652803,-1.645764,,,,,,
44709,,,,,,,,,1.039799,-3.296501,,,72.296684,65.194244,0.257995,0.233633,,,,0.417083,0.642453,-1.653596,,,,,,
44719,,,,,,,,,1.011696,0.000000,,,71.721283,64.656204,0.274692,0.248838,,,,0.416137,0.631671,-1.672203,,,,,,
44724,0.416248,0.631959,-1.666698,0.397604,0.632809,-1.712939,1.129094,-1.463420,,,74.527382,64.382561,,,,,0.000939,-0.018639,-0.046241,,,,,,,,,
44729,,,,,,,,,1.152209,-0.659301,,,71.781685,64.748039,0.347574,0.255571,,,,0.415073,0.621296,-1.691125,,,,,,
44739,,,,,,,,,1.208415,-3.296500,,,72.377052,64.825310,0.331459,0.253133,,,,0.413791,0.610537,-1.709468,,,,,,
44749,,,,,,,,,1.039799,-3.296501,,,72.877991,63.801243,0.317824,0.282905,,,,0.412230,0.600634,-1.727883,,,,,,
44759,,,,,,,,,1.152209,-1.977899,,,73.299484,64.028679,0.306274,0.276525,,,,0.410711,0.590623,-1.746218,,,,,,
44769,,,,,,,,,1.152209,-0.659301,,,73.654129,64.220039,0.296480,0.271091,,,,0.409058,0.580714,-1.768243,,,,,,
44774,0.409093,0.580213,-1.762492,0.387244,0.578284,-1.806681,1.117275,-1.737533,,,77.558357,65.973907,,,,,0.006057,-0.021082,-0.044189,,,,,,,,,
44779,,,,,,,,,1.180312,-2.637199,,,73.952522,64.381050,0.376909,0.313050,,,,0.407454,0.571011,-1.790078,,,,,,
44789,,,,,,,,,1.208415,-1.977899,,,74.748138,64.516525,0.355344,0.309848,,,,0.405701,0.561400,-1.811328,,,,,,
44799,,,,,,,,,1.180312,-2.637199,,,75.417564,65.175056,0.337092,0.291265,,,,0.403532,0.551192,-1.832243,,,,,,
44809,,,,,,,,,1.096004,0.659300,,,73.802650,65.184608,0.385405,0.291369,,,,0.400859,0.539606,-1.860121,,,,,,
44819,,,,,,,,,1.124107,-2.637199,,,74.077492,65.737183,0.379160,0.275569,,,,0.398126,0.528417,-1.880767,,,,,,
44824,0.397850,0.528201,-1.881897,0.371670,0.525775,-1.914057,1.103324,-2.011831,,,79.817902,67.119568,,,,,0.010323,-0.024181,-0.032160,,,,,,,,,
44829,,,,,,,,,1.236517,-2.637201,,,75.397827,65.113037,0.408331,0.327502,,,,0.394706,0.516986,-1.911420,,,,,,
44839,,,,,,,,,1.180312,-2.637199,,,76.508759,65.132423,0.377924,0.327898,,,,0.391443,0.506423,-1.935071,,,,,,
44849,,,,,,,,,1.320825,-4.615100,,,77.988037,66.237823,0.336199,0.296485,,,,0.387787,0.495670,-1.965159,,,,,,
44859,,,,,,,,,1.208415,-1.977899,,,78.143616,66.623360,0.332522,0.285620,,,,0.383605,0.484447,-1.998248,,,,,,
44869,,,,,,,,,1.011696,0.000000,,,76.640892,66.403206,0.377326,0.292304,,,,0.378930,0.473038,-2.027701,,,,,,
44874,0.379172,0.473640,-2.015467,0.350514,0.476067,-2.034784,1.088478,-2.282232,,,79.350594,65.597672,,,,,0.010137,-0.026915,-0.019317,,,,,,,,,
44879,,,,,,,,,1.348928,-3.955799,,,78.099220,66.762512,0.322468,0.237567,,,,0.374202,0.462090,-2.060133,,,,,,
44889,,,,,,,,,1.180312,-3.955800,,,79.326256,66.520287,0.287141,0.244100,,,,0.368987,0.451275,-2.092266,,,,,,
44899,,,,,,,,,1.236517,-2.637201,,,79.814140,66.316483,0.272868,0.249624,,,,0.363514,0.440725,-2.124110,,,,,,
44909,,,,,,,,,1.124107,-1.318601,,,78.591019,66.145004,0.308458,0.254300,,,,0.357511,0.430058,-2.158811,,,,,,
44919,,,,,,,,,1.152209,-3.296499,,,78.650963,66.000717,0.307068,0.258262,,,,0.351191,0.419384,-2.193166,,,,,,
44925,0.351104,0.419761,-2.192074,0.323581,0.430061,-2.168463,1.073857,-2.545466,,,76.948303,63.254631,,,,,0.007645,-0.028375,0.023611,,,,,,,,,
44929,,,,,,,,,1.208415,-3.296500,,,79.245949,65.879318,0.219643,0.193019,,,,0.344059,0.409294,-2.227173,,,,,,
44939,,,,,,,,,1.180312,-2.637199,,,79.202026,65.232628,0.219826,0.210694,,,,0.336957,0.399695,-2.257805,,,,,,
44949,,,,,,,,,1.067901,-2.637201,,,78.075981,64.143959,0.251715,0.241621,,,,0.329804,0.390211,-2.285249,,,,,,
44959,,,,,,,,,1.096004,-3.296499,,,77.673073,63.772495,0.262971,0.252071,,,,0.322440,0.380668,-2.312634,,,,,,
44969,,,,,,,,,1.124107,0.000000,,,76.244980,64.549034,0.304438,0.229085,,,,0.314598,0.371523,-2.339757,,,,,,
44974,0.314872,0.371767,-2.327367,0.290889,0.388764,-2.314724,1.060373,-2.800437,,,74.905258,59.486919,,,,,0.004102,-0.029108,0.012643,,,,,,,,,
44979,,,,,,,,,1.124107,-1.318601,,,76.132469,64.113327,0.248249,0.130903,,,,0.306489,0.362759,-2.366524,,,,,,
44989,,,,,,,,,1.067901,-3.955800,,,76.037796,62.657635,0.250432,0.171305,,,,0.298208,0.354559,-2.390223,,,,,,
44999,,,,,,,,,1.039799,-3.296501,,,75.413597,61.432816,0.268165,0.205645,,,,0.289971,0.346358,-2.413888,,,,,,
45009,,,,,,,,,1.124107,-3.955799,,,74.888397,60.402252,0.283299,0.234886,,,,0.281485,0.338847,-2.443245,,,,,,
45019,,,,,,,,,1.011696,-2.637200,,,74.991035,60.624226,0.280302,0.227947,,,,0.272641,0.331256,-2.478072,,,,,,
45027,0.273070,0.331772,-2.476487,0.252695,0.353276,-2.473376,1.048699,-3.049284,,,74.214821,57.174580,70.721054,58.088276,0.385070,0.233949,0.002761,-0.029495,0.003111,,,,,,,,,
45030,,,,,,,,,0.786875,0.000000,,,,,,,,,,0.263677,0.324089,-2.515912,,,,,,
45039,,,,,,,,,1.180312,-5.274400,,,72.029175,58.132702,0.348445,0.232209,,,,0.255197,0.317470,-2.550763,,,,,,
45049,,,,,,,,,1.067901,-3.955800,,,73.674377,58.170082,0.301322,0.230655,,,,0.246969,0.311359,-2.585742,,,,,,
45059,,,,,,,,,1.152209,-4.615100,,,75.058647,58.201534,0.261050,0.229256,,,,0.238695,0.305637,-2.626323,,,,,,
45069,,,,,,,,,1.039799,-3.296501,,,74.045197,57.683453,0.290319,0.243933,,,,0.230168,0.300369,-2.669291,,,,,,
45074,0.230121,0.300611,-2.666934,0.209530,0.324762,-2.644544,1.039374,-3.297262,,,76.650360,58.908245,,,,,0.007276,-0.030892,0.022390,,,,,,,,,
45079,,,,,,,,,1.124107,-1.318601,,,74.281570,58.336628,0.354792,0.275325,,,,0.221730,0.295344,-2.712116,,,,,,
45089,,,,,,,,,1.152209,-4.615100,,,75.569542,58.341667,0.318217,0.275452,,,,0.213217,0.290671,-2.754543,,,,,,
45099,,,,,,,,,1.208415,-5.933702,,,77.197784,58.890450,0.271061,0.259656,,,,0.204396,0.286515,-2.793892,,,,,,
45109,,,,,,,,,1.152209,-3.296499,,,76.934158,58.807652,0.278518,0.262089,,,,0.194791,0.282791,-2.830370,,,,,,
45119,,,,,,,,,1.039799,-3.296501,,,76.712341,58.737984,0.284876,0.264177,,,,0.184773,0.278686,-2.863943,,,,,,
45127,0.184543,0.278868,-2.861232,0.162218,0.304415,-2.828607,1.033032,-3.550783,,,80.935181,62.220097,72.713898,56.501194,0.527380,0.426723,0.014385,-0.030727,0.032625,,,,,,,,,
45130,,,,,,,,,0.758772,-0.659299,,,,,,,,,,0.173963,0.274415,-2.900260,,,,,,
45139,,,,,,,,,1.264620,-4.615102,,,74.250504,57.886417,0.486335,0.388908,,,,0.162983,0.271051,-2.936521,,,,,,
45149,,,,,,,,,1.320825,-1.977901,,,77.177032,60.141033,0.403855,0.324973,,,,0.152461,0.268344,-2.964297,,,,,,
45159,,,,,,,,,1.405133,-5.274400,,,79.094872,61.493523,0.349504,0.286370,,,,0.142249,0.265835,-2.997634,,,,,,
45169,,,,,,,,,1.124107,-2.637199,,,80.163994,62.631504,0.319084,0.253399,,,,0.131769,0.263544,-3.030770,,,,,,
45174,0.131586,0.263839,-3.027594,0.111892,0.293405,-3.025908,1.030753,-3.813105,,,83.114227,61.979988,,,,,0.016203,-0.031614,0.001686,,,,,,,,,
45179,,,,,,,,,1.208415,-3.296500,,,80.519012,63.044460,0.372861,0.234080,,,,0.119130,0.261426,-3.072418,,,,,,
45189,,,,,,,,,1.067901,-1.318600,,,78.639549,62.847378,0.429138,0.239340,,,,0.107835,0.259806,-3.108373,,,,,,
45199,,,,,,,,,1.236517,-5.274402,,,80.325432,62.681553,0.381923,0.243779,,,,0.095824,0.258499,3.133290,,,,,,
45209,,,,,,,,,1.264620,-4.615102,,,81.743935,62.542027,0.341728,0.247527,,,,0.084248,0.257865,3.091772,,,,,,
45219,,,,,,,,,1.264620,-5.933700,,,82.937462,62.424629,0.307439,0.250695,,,,0.072149,0.257546,3.039152,,,,,,
45227,0.071833,0.258221,3.032451,0.059997,0.292813,3.047071,1.034453,-4.078121,,,83.447983,61.292717,,,0.431390,0.312971,0.015533,-0.033097,0.014620,,,,,,,,,
45230,,,,,,,,,0.814977,-3.296500,,,79.040802,59.603138,,,,,,0.060417,0.257613,2.989231,,,,,,
45239,,,,,,,,,1.292723,-3.955802,,,80.663048,60.496395,0.386007,0.287628,,,,0.048374,0.258115,2.936419,,,,,,
45249,,,,,,,,,1.180312,-5.274400,,,82.028000,60.703438,0.347378,0.281948,,,,0.036404,0.259237,2.886219,,,,,,
45259,,,,,,,,,1.292723,-3.955802,,,83.176476,61.422184,0.314432,0.261186,,,,0.024595,0.261308,2.830363,,,,,,
45269,,,,,,,,,1.236517,-6.592999,,,83.598259,61.482395,0.302212,0.259361,,,,0.012909,0.263397,2.777012,,,,,,
45274,0.012850,0.264335,2.770827,0.008275,0.303557,2.825797,1.047130,-4.324263,,,85.884666,63.704926,,,,,0.018475,-0.034899,0.054971,,,,,,,,,
45279,,,,,,,,,1.236517,-3.955800,,,83.953148,61.533058,0.363095,0.328416,,,,0.000541,0.266292,2.720523,,,,,,
45289,,,,,,,,,1.152209,-1.977899,,,82.618118,62.120228,0.403112,0.312266,,,,-0.011272,0.269503,2.669394,,,,,,
45299,,,,,,,,,1.236517,-3.955800,,,83.672997,62.614273,0.373793,0.298561,,,,-0.022767,0.273380,2.620824,,,,,,
45309,,,,,,,,,1.208415,-4.615100,,,84.560570,63.029961,0.348866,0.286913,,,,-0.034036,0.277738,2.569075,,,,,,
45319,,,,,,,,,1.292723,-3.955802,,,85.307373,63.379723,0.327636,0.276996,,,,-0.044744,0.282427,2.519910,,,,,,
45324,-0.044738,0.283381,2.524411,-0.041267,0.326299,2.597422,1.072771,-4.513456,,,89.688629,67.054901,,,,,0.022008,-0.037009,0.073010,,,,,,,,,
45329,,,,,,,,,1.264620,-5.933700,,,85.935738,63.674011,0.420894,0.366623,,,,-0.055387,0.288024,2.470303,,,,,,
45339,,,,,,,,,1.264620,-3.296500,,,86.464439,64.466171,0.407215,0.345051,,,,-0.065829,0.293916,2.417398,,,,,,
45349,,,,,,,,,1.180312,-2.637199,,,85.275658,64.588150,0.443570,0.342722,,,,-0.075893,0.300128,2.369895,,,,,,
45359,,,,,,,,,1.405133,-5.274400,,,86.998138,65.779869,0.395254,0.309013,,,,-0.085815,0.307113,2.315819,,,,,,
45369,,,,,,,,,1.405133,-3.955800,,,88.447433,66.782578,0.354110,0.280265,,,,-0.095535,0.314578,2.267225,,,,,,
45374,-0.095704,0.315849,2.272256,-0.086411,0.361350,2.367845,1.115664,-4.601423,,,95.965324,73.733238,,,,,0.028762,-0.036462,0.095589,,,,,,,,,
45379,,,,,,,,,1.236517,-3.955800,,,88.577782,67.081718,0.534671,0.467179,,,,-0.105011,0.322547,2.218072,,,,,,
45389,,,,,,,,,1.320825,-4.615100,,,88.142914,67.333412,0.550950,0.463002,,,,-0.114421,0.331054,2.165105,,,,,,
45399,,,,,,,,,1.601852,-1.977899,,,91.044273,70.267906,0.469753,0.380152,,,,-0.123424,0.340025,2.111419,,,,,,
45409,,,,,,,,,1.517544,-2.637201,,,92.940933,73.281532,0.416581,0.293576,,,,-0.132361,0.349326,2.056885,,,,,,
45419,,,,,,,,,1.517544,-5.274402,,,93.992241,74.183563,0.387250,0.267382,,,,-0.140999,0.359181,2.001435,,,,,,
45424,-0.140633,0.360906,2.002104,-0.124821,0.408564,2.143619,1.179129,-4.559114,,,103.048897,82.954056,,,,,0.036683,-0.034288,0.141515,,,,,,,,,
45429,,,,,,,,,1.405133,-5.274400,,,95.421356,73.853447,0.553760,0.546817,,,,-0.149073,0.369603,1.941732,,,,,,
45439,,,,,,,,,1.461339,-5.274400,,,96.623810,74.664772,0.522213,0.527429,,,,-0.156771,0.379957,1.884187,,,,,,
45449,,,,,,,,,1.405133,1.318601,,,93.823753,75.891968,0.607283,0.495476,,,,-0.164154,0.390806,1.825371,,,,,,
45459,,,,,,,,,1.714262,-1.977899,,,97.457764,80.191788,0.505307,0.372967,,,,-0.171189,0.402259,1.765170,,,,,,
45469,,,,,,,,,1.770468,-4.615100,,,101.059959,83.265114,0.402519,0.284306,,,,-0.178058,0.413961,1.703468,,,,,,
45474,-0.177197,0.416580,1.709276,-0.154156,0.467239,1.930155,1.264017,-4.391523,,,110.920334,95.336090,,,,,0.046994,-0.029814,0.220879,,,,,,,,,
45479,,,,,,,,,1.658057,-3.296500,,,102.457222,83.672836,0.593037,0.634765,,,,-0.184551,0.426124,1.640028,,,,,,
45489,,,,,,,,,1.433236,-1.977899,,,99.821075,83.471352,0.674286,0.646262,,,,-0.190427,0.438665,1.574611,,,,,,
45499,,,,,,,,,1.798571,-1.318600,,,103.048454,88.202713,0.585116,0.513423,,,,-0.195326,0.451080,1.513223,,,,,,
45509,,,,,,,,,2.163905,-3.296498,,,107.942139,93.817307,0.445607,0.352452,,,,-0.199922,0.463698,1.438341,,,,,,
45519,,,,,,,,,1.939084,-0.659298,,,110.970596,97.452339,0.358364,0.246747,,,,-0.204371,0.476556,1.376628,,,,,,
45524,-0.202906,0.479621,1.401915,-0.172232,0.536022,1.730538,1.367596,-4.136711,,,119.316055,110.680008,,,,,0.060755,-0.020758,0.328623,,,,,,,,,
45529,,,,,,,,,1.770468,-3.296500,,,111.885117,97.788139,0.577389,0.685169,,,,-0.208700,0.490575,1.305937,,,,,,
45539,,,,,,,,,1.742365,-2.637199,,,112.110046,98.070679,0.574370,0.683084,,,,-0.212155,0.504767,1.240369,,,,,,
45549,,,,,,,,,1.545646,3.296499,,,107.942955,97.763863,0.699841,0.698120,,,,-0.215468,0.518876,1.173027,,,,,,
45559,,,,,,,,,2.192008,1.318600,,,110.426743,104.040230,0.632575,0.520548,,,,-0.217775,0.532802,1.094291,,,,,,
45569,,,,,,,,,2.107700,1.977901,,,113.605690,109.321167,0.543762,0.369109,,,,-0.219376,0.546149,1.023811,,,,,,
45574,-0.216635,0.549311,1.064032,-0.177218,0.612855,1.545382,1.483144,-3.846208,,,123.654312,125.289459,,,,,0.074689,-0.003622,0.481349,,,,,,,,,
45579,,,,,,,,,2.135803,-3.955799,,,116.280457,111.586372,0.595210,0.731201,,,,-0.220901,0.559597,0.948513,,,,,,
45589,,,,,,,,,1.658057,1.977901,,,113.085571,109.680511,0.692296,0.793582,,,,-0.221554,0.573280,0.874533,,,,,,
45599,,,,,,,,,2.192008,3.955802,,,116.387367,115.155983,0.600693,0.640753,,,,-0.222014,0.587463,0.805038,,,,,,
45609,,,,,,,,,2.304419,2.637199,,,119.165504,121.396675,0.522837,0.462889,,,,-0.221455,0.601370,0.724367,,,,,,
45619,,,,,,,,,2.416829,2.637202,,,120.958481,125.558502,0.472493,0.342900,,,,-0.220404,0.615125,0.648007,,,,,,
45624,-0.215401,0.618604,0.694271,-0.167879,0.694939,1.373515,1.600205,-3.564197,,,118.870071,134.196091,,,,,0.085363,0.028259,0.679244,,,,,,,,,
45629,,,,,,,,,2.051495,0.659300,,,121.922546,126.337547,0.305477,0.580746,,,,-0.218986,0.629231,0.569715,,,,,,
45639,,,,,,,,,1.770468,3.296500,,,119.466454,124.270325,0.375926,0.645047,,,,-0.216942,0.642919,0.486525,,,,,,
45649,,,,,,,,,1.461339,1.318600,,,113.043549,118.719162,0.563702,0.812349,,,,-0.214534,0.656257,0.409899,,,,,,
45659,,,,,,,,,1.995289,9.889502,,,110.362038,123.305649,0.645014,0.685486,,,,-0.211213,0.669655,0.325443,,,,,,
45669,,,,,,,,,2.192008,10.548803,,,110.828529,129.887436,0.635439,0.497998,,,,-0.207623,0.682638,0.249955,,,,,,
45674,-0.202442,0.684407,0.331779,-0.143854,0.778795,1.212870,1.705120,-3.317627,,,102.446342,131.982330,,,,,0.086138,0.070157,0.881090,,,,,,,,,
45679,,,,,,,,,2.332521,4.615100,,,111.765579,133.247177,0.130975,0.336874,,,,-0.203628,0.694870,0.171883,,,,,,
45689,,,,,,,,,1.714262,4.615102,,,110.375839,132.262253,0.167193,0.365106,,,,-0.199264,0.707062,0.094252,,,,,,
45699,,,,,,,,,1.517544,9.230202,,,104.305626,129.255371,0.341123,0.453013,,,,-0.194566,0.718646,0.013977,,,,,,
45709,,,,,,,,,1.180312,0.000000,,,98.653603,120.735405,0.505722,0.703786,,,,-0.189409,0.729890,-0.066300,,,,,,
45719,,,,,,,,,1.573749,9.230199,,,93.897995,120.101227,0.646786,0.727754,,,,-0.183576,0.740756,-0.138358,,,,,,
45724,-0.179326,0.739161,-0.059952,-0.105974,0.860400,1.061346,1.781588,-3.115525,,,64.265472,108.315964,,,,,0.065956,0.125417,1.121299,,,,,,,,,
45729,,,,,,,,,1.686160,7.911601,,,93.163887,121.201256,-0.445552,0.008297,,,,-0.177931,0.750641,-0.210683,,,,,,
45739,,,,,,,,,1.377031,9.889501,,,87.645317,119.404106,-0.297839,0.054732,,,,-0.172059,0.760268,-0.283150,,,,,,
45749,,,,,,,,,0.590156,13.845302,,,73.744759,111.357460,0.097947,0.285016,,,,-0.165978,0.769584,-0.353196,,,,,,
45759,,,,,,,,,0.393437,9.230200,,,62.048828,101.319756,0.435854,0.577460,,,,-0.159651,0.778053,-0.412464,,,,,,
45769,,,,,,,,,0.758772,5.933700,,,57.108765,95.052208,0.581563,0.764332,,,,-0.153406,0.786064,-0.455084,,,,,,
45774,-0.152394,0.782243,-0.396911,-0.056606,0.935482,0.917796,1.811117,-2.949735,,,18.391968,72.075806,,,,,0.029104,0.178356,1.314707,,,,,,,,,
45779,,,,,,,,,1.236517,7.911600,,,56.764000,94.679581,-0.748083,-0.279503,,,,-0.147767,0.793159,-0.489303,,,,,,
45789,,,,,,,,,0.843080,6.593000,,,53.206654,91.098793,-0.662343,-0.185507,,,,-0.142902,0.799751,-0.517743,,,,,,
45799,,,,,,,,,-0.140513,7.252301,,,40.411724,78.828690,-0.304419,0.164630,,,,-0.138168,0.806165,-0.543428,,,,,,
45809,,,,,,,,,-0.309129,9.889502,,,27.467899,67.415535,0.064007,0.495566,,,,-0.132465,0.811123,-0.560818,,,,,,
45819,,,,,,,,,0.112411,7.911601,,,20.388771,61.079765,0.266928,0.683314,,,,-0.126802,0.815708,-0.563894,,,,,,
45824,-0.128492,0.812785,-0.516669,0.000000,1.000000,0.783802,1.773268,-2.788429,,,12.131266,68.474922,,,,,0.019238,0.226251,1.300472,,,,,,,,,
45829,,,,,,,,,0.646361,12.526703,,,18.244196,61.738827,0.145449,0.563861,,,,-0.121664,0.819635,-0.544115,,,,,,
45839,,,,,,,,,0.814977,12.526701,,,18.073380,66.105164,0.147516,0.439248,,,,-0.117354,0.823043,-0.518425,,,,,,
45849,,,,,,,,,0.843080,17.141802,,,16.296026,70.868088,0.196705,0.300927,,,,-0.113446,0.826550,-0.490074,,,,,,
45859,,,,,,,,,0.843080,14.504602,,,15.889647,73.241982,0.206605,0.230271,,,,-0.110034,0.829248,-0.458561,,,,,,
45869,,,,,,,,,0.702567,9.889501,,,16.092264,71.972115,0.198868,0.265164,,,,-0.107410,0.831651,-0.421405,,,,,,
45874,-0.106361,0.829197,-0.387847,0.000000,1.000000,0.783802,0.000000,0.000000,,,20.024799,20.024799,,,,,0.033864,0.198342,1.171649,,,,,,,,,
45879,,,,,,,,,0.618259,6.593000,,,16.262745,69.814560,0.423098,-1.000000,,,,-0.104894,0.833579,-0.381581,,,,,,
45889,,,,,,,,,0.365335,-3.296500,,,18.584360,61.464676,0.356927,-0.871375,,,,-0.103218,0.834870,-0.336275,,,,,,
45899,,,,,,,,,-0.168616,-23.734800,,,23.805027,40.825508,0.204757,-0.286951,,,,-0.099245,0.834886,-0.291473,,,,,,
45909,,,,,,,,,-0.168616,-21.097603,,,27.108608,23.459713,0.106214,0.211535,,,,-0.094311,0.834591,-0.258109,,,,,,
45919,,,,,,,,,-0.140513,-9.889501,,,26.076439,14.293568,0.133035,0.478271,,,,-0.090220,0.834784,-0.255363,,,,,,
45925,-0.092066,0.834643,-0.307984,0.000000,1.000000,0.783802,0.000000,0.000000,,,22.238422,22.238422,,,,,0.037608,0.185485,1.091786,-0.090220,0.834784,-0.255363,,,,,,
45929,,,,,,,,,0.421540,0.659300,,,25.207972,15.838408,0.220374,0.500604,,,,-0.085333,0.834468,-0.289264,,,,,,
45939,,,,,,,,,0.646361,4.615100,,,26.110872,21.494583,0.192512,0.338063,,,,-0.081416,0.833712,-0.325749,,,,,,
45949,,,,,,,,,0.646361,4.615100,,,26.326031,26.253687,0.184353,0.199073,,,,-0.077180,0.832572,-0.354232,,,,,,
45959,,,,,,,,,0.505848,1.318600,,,26.507065,28.079824,0.177090,0.143677,,,,-0.074050,0.831452,-0.365333,,,,,,
45969,,,,,,,,,0.505848,-1.318600,,,27.203930,27.982706,0.154637,0.143717,,,,-0.070793,0.830200,-0.362393,,,,,,
45974,-0.070577,0.829865,-0.363356,0.000000,1.000000,0.783802,0.000000,0.000000,,,3.252934,3.252934,,,,,0.005501,0.184110,1.147157,,,,,,,,,
45979,,,,,,,,,0.505848,1.318600,,,27.790272,28.445534,-0.420809,-0.428487,,,,-0.067932,0.829031,-0.359311,,,,,,
45989,,,,,,,,,0.084308,-0.659300,,,24.471817,25.023155,-0.335423,-0.340373,,,,-0.065117,0.828025,-0.358999,,,,,,
45999,,,,,,,,,-0.337232,-1.318600,,,17.867867,17.242678,-0.152244,-0.123010,,,,-0.061661,0.826679,-0.356084,,,,,,
46009,,,,,,,,,-0.196719,-0.659300,,,13.400391,12.329813,-0.028452,0.014124,,,,-0.057215,0.824871,-0.356397,,,,,,
46019,,,,,,,,,0.028103,0.659300,,,11.275087,10.918846,0.028906,0.051080,,,,-0.052797,0.823198,-0.356849,,,,,,
46027,-0.054178,0.823717,-0.354629,0.000000,1.000000,0.783802,0.000000,0.000000,,,-6.153404,-6.153404,10.031400,10.276202,-0.213947,-0.209201,-0.010406,0.184127,1.138431,-0.052797,0.823198,-0.356849,,,,,,
46030,,,,,,,,,0.112411,1.318600,,,,,,,,,,-0.048089,0.821364,-0.354945,,,,,,
46039,,,,,,,,,-0.112411,0.000000,,,7.351332,8.646395,-0.143243,-0.169366,,,,-0.046997,0.820792,-0.343254,,,,,,
46049,,,,,,,,,-0.252924,0.659300,,,3.462693,4.552359,-0.035866,-0.056597,,,,-0.046718,0.820320,-0.331511,,,,,,
46059,,,,,,,,,-0.056205,1.318600,,,1.824423,3.830354,0.007487,-0.040595,,,,-0.045565,0.819913,-0.331618,,,,,,
46069,,,,,,,,,0.084308,-0.659300,,,2.624156,3.767403,-0.019759,-0.043544,,,,-0.045316,0.820121,-0.325995,,,,,,
46074,-0.045730,0.820296,-0.331164,0.000000,1.000000,0.783802,0.000000,0.000000,,,-8.979100,-8.979100,,,,,-0.015185,0.184808,1.114966,,,,,,,,,
46079,,,,,,,,,-0.000000,0.000000,,,2.207964,3.169892,-0.094522,-0.113547,,,,-0.044152,0.819828,-0.334960,,,,,,
46089,,,,,,,,,-0.000000,0.000000,,,1.857781,2.667147,-0.089639,-0.104659,,,,-0.045201,0.820005,-0.334336,,,,,,
46099,,,,,,,,,-0.028103,-0.659300,,,1.563137,1.699594,-0.086213,-0.081919,,,,-0.044402,0.819734,-0.343277,,,,,,
46109,,,,,,,,,-0.000000,0.000000,,,1.315223,1.430038,-0.084015,-0.079152,,,,-0.045534,0.820248,-0.337200,,,,,,
46119,,,,,,,,,-0.000000,0.000000,,,1.106628,1.203234,-0.082848,-0.077508,,,,-0.045613,0.820343,-0.342952,,,,,,
46127,-0.045622,0.820340,-0.341962,0.000000,1.000000,0.783802,0.000000,0.000000,,,-10.209767,-10.209767,0.931117,1.012401,-0.118584,-0.112841,-0.017266,0.184557,1.125764,,,,,,,,,
46130,,,,,,,,,-0.000000,0.000000,,,,,,,,,,-0.046517,0.820713,-0.342754,,,,,,
46139,,,,,,,,,-0.028103,-0.659300,,,0.783442,0.307291,-0.119608,-0.097582,,,,-0.047345,0.820947,-0.342628,,,,,,
46149,,,,,,,,,-0.028103,-0.659300,,,0.659188,-0.285989,-0.121247,-0.085259,,,,-0.047926,0.821198,-0.348251,,,,,,
46159,,,,,,,,,-0.028103,-0.659300,,,0.554640,-0.785174,-0.123403,-0.075407,,,,-0.049014,0.821602,-0.353587,,,,,,
46169,,,,,,,,,-0.056205,0.000000,,,-0.077869,-1.205189,-0.110050,-0.067632,,,,-0.049562,0.821808,-0.362105,,,,,,
46173,-0.049454,0.821764,-0.360414,0.000000,1.000000,0.783802,0.000000,0.000000,,,-9.804490,-9.804490,,,,,-0.016581,0.184224,1.144216,-0.049562,0.821808,-0.362105,,,,,,
46179,,,,,,,,,-0.056205,0.000000,,,-0.610062,-1.558589,-0.087464,-0.049741,,,,-0.050844,0.822247,-0.364685,,,,,,
46189,,,,,,,,,-0.056205,0.000000,,,-1.057849,-1.855940,-0.078766,-0.044992,,,,-0.051154,0.822496,-0.367620,,,,,,
46199,,,,,,,,,-0.056205,0.000000,,,-1.434618,-2.106131,-0.071932,-0.041482,,,,-0.051946,0.822818,-0.367546,,,,,,
46209,,,,,,,,,-0.028103,-0.659300,,,-1.207087,-1.772098,-0.082612,-0.054958,,,,-0.052306,0.822955,-0.367554,,,,,,
46219,,,,,,,,,-0.028103,0.659300,,,-1.560186,-2.035586,-0.076400,-0.051098,,,,-0.052980,0.823122,-0.364739,,,,,,
46228,-0.052795,0.823048,-0.361610,0.000000,1.000000,0.783802,0.000000,0.000000,-0.056205,-1.318600,-7.818449,-7.818449,-1.312740,-2.257285,-0.029451,0.009815,-0.013222,0.184186,1.145412,-0.052980,0.823122,-0.364739,,,,,,
46231,,,,,,,,,,,,,,,,,,,,-0.053560,0.823309,-0.364765,,,,,,
46239,,,,,,,,,-0.028103,0.659300,,,-1.649083,-2.443823,-0.022726,0.012608,,,,-0.054085,0.823485,-0.364765,,,,,,
46249,,,,,,,,,-0.028103,0.659300,,,-1.932081,-2.056232,-0.017401,-0.001321,,,,-0.054422,0.823654,-0.361895,,,,,,
46259,,,,,,,,,-0.000000,0.000000,,,-1.625653,-1.730114,-0.029199,-0.013635,,,,-0.054684,0.823819,-0.361925,,,,,,
46269,,,,,,,,,-0.000000,0.000000,,,-1.367824,-1.455717,-0.039720,-0.024592,,,,-0.054974,0.823932,-0.359073,,,,,,
46274,-0.054791,0.823858,-0.359286,0.000000,1.000000,0.783802,0.000000,0.000000,,,-6.291646,-6.291646,,,,,-0.010640,0.184160,1.143088,-0.054974,0.823932,-0.359073,,,,,,
46279,,,,,,,,,-0.000000,0.000000,,,-1.150887,-1.224840,-0.004464,0.010299,,,,-0.054966,0.823904,-0.359073,,,,,,
46289,,,,,,,,,-0.000000,0.000000,,,-0.968356,-1.030581,-0.012276,0.002179,,,,-0.054812,0.823857,-0.359082,,,,,,
46299,,,,,,,,,-0.000000,0.000000,,,-0.814775,-0.867130,-0.019328,-0.005132,,,,-0.054620,0.823793,-0.359111,,,,,,
46309,,,,,,,,,-0.000000,0.000000,,,-0.685551,-0.729603,-0.025741,-0.011763,,,,-0.054474,0.823719,-0.359143,,,,,,
46319,,,,,,,,,-0.000000,0.000000,,,-0.576823,-0.613888,-0.031615,-0.017821,,,,-0.054438,0.823698,-0.359143,,,,,,
46327,-0.054467,0.823711,-0.359155,0.000000,1.000000,0.783802,0.000000,0.000000,,,-6.487263,-6.487263,-0.485339,-0.516525,-0.042764,-0.029125,-0.010971,0.184185,1.142957,-0.054438,0.823698,-0.359143,,,,,,
46330,,,,,,,,,-0.000000,0.000000,,,,,,,,,,-0.054414,0.823678,-0.356300,,,,,,
46339,,,,,,,,,-0.000000,0.000000,,,-0.408364,-0.434604,-0.047899,-0.034389,,,,-0.054479,0.823705,-0.356299,,,,,,
46349,,,,,,,,,-0.000000,0.000000,,,-0.343597,-0.365676,-0.052713,-0.039313,,,,-0.054488,0.823670,-0.356299,,,,,,
46359,,,,,,,,,-0.000000,0.000000,,,-0.289103,-0.307680,-0.057258,-0.043949,,,,-0.054513,0.823648,-0.356272,,,,,,
46369,,,,,,,,,-0.000000,0.000000,,,-0.243251,-0.258882,-0.061576,-0.048344,,,,-0.054489,0.823693,-0.356299,,,,,,
46374,-0.054487,0.823694,-0.356538,0.000000,1.000000,0.783802,0.000000,0.000000,,,-6.194774,-6.194774,,,,,-0.010476,0.184236,1.140340,-0.054489,0.823693,-0.356299,,,,,,
46379,,,,,,,,,-0.000000,0.000000,,,-0.204671,-0.217823,-0.057138,-0.043972,,,,-0.054486,0.823687,-0.356300,,,,,,
46389,,,,,,,,,-0.000000,0.000000,,,-0.172210,-0.183276,-0.060964,-0.047853,,,,-0.054473,0.823699,-0.356299,,,,,,
46399,,,,,,,,,-0.000000,0.000000,,,-0.144898,-0.154209,-0.064655,-0.051589,,,,-0.054471,0.823674,-0.356299,,,,,,
46409,,,,,,,,,-0.000000,0.000000,,,-0.121917,-0.129751,-0.068231,-0.055205,,,,-0.054503,0.823653,-0.356299,,,,,,
46419,,,,,,,,,-0.000000,0.000000,,,-0.102581,-0.109173,-0.071713,-0.058718,,,,-0.054484,0.823661,-0.356299,,,,,,
46427,-0.054484,0.823664,-0.356319,0.000000,1.000000,0.783802,0.000000,0.000000,,,-6.178640,-6.178640,-0.086312,-0.091858,-0.074641,-0.061674,-0.010449,0.184265,1.140121,-0.054484,0.823661,-0.356299,,,,,,
46430,,,,,,,,,-0.000000,0.000000,,,,,,,,,,-0.054473,0.823665,-0.356299,,,,,,
46439,,,,,,,,,-0.000000,0.000000,,,-0.072623,-0.077289,-0.077966,-0.065022,,,,-0.054469,0.823667,-0.356299,,,,,,
46449,,,,,,,,,-0.056205,0.000000,,,-0.605648,-0.609574,-0.065290,-0.052366,,,,-0.054468,0.823668,-0.356299,,,,,,
46459,,,,,,,,,-0.000000,0.000000,,,-0.509592,-0.512896,-0.070777,-0.057870,,,,-0.054457,0.823707,-0.356299,,,,,,
46469,,,,,,,,,-0.000000,0.000000,,,-0.428771,-0.431550,-0.075865,-0.062971,,,,-0.054463,0.823694,-0.359143,,,,,,
46475,-0.054465,0.823692,-0.358906,0.000000,1.000000,0.783802,0.000000,0.000000,,,-6.465357,-6.465357,,,,,-0.010934,0.184205,1.142708,-0.054463,0.823694,-0.359143,,,,,,
46479,,,,,,,,,-0.028103,-0.659300,,,-0.360768,-0.907650,-0.089011,-0.060184,,,,-0.054496,0.823755,-0.361957,,,,,,
46489,,,,,,,,,-0.000000,0.000000,,,-0.303550,-0.763696,-0.093617,-0.067067,,,,-0.054557,0.823785,-0.364771,,,,,,
46499,,,,,,,,,-0.000000,0.000000,,,-0.255407,-0.642574,-0.097984,-0.073350,,,,-0.054618,0.823783,-0.364771,,,,,,
46509,,,,,,,,,-0.028103,0.659300,,,-0.759442,-0.540662,-0.086207,-0.079129,,,,-0.054678,0.823839,-0.367556,,,,,,
46519,,,,,,,,,-0.028103,-0.659300,,,-0.638995,-0.999456,-0.092472,-0.068540,,,,-0.054729,0.823854,-0.367587,,,,,,
46527,-0.054817,0.823883,-0.369625,0.000000,1.000000,0.783802,0.000000,0.000000,,,-7.397705,-7.397705,-1.082193,-0.840942,-0.109591,-0.103104,-0.012510,0.184026,1.153427,-0.054729,0.823854,-0.367587,,,,,,
46530,,,,,,,,,-0.028103,0.659300,,,,,,,,,,-0.054805,0.823879,-0.367620,,,,,,
46539,,,,,,,,,-0.056205,0.000000,,,-1.455101,-1.252112,-0.101704,-0.094212,,,,-0.054881,0.823921,-0.364805,,,,,,
46549,,,,,,,,,-0.028103,-0.659300,,,-1.224321,-1.598070,-0.111313,-0.087032,,,,-0.055017,0.823974,-0.362026,,,,,,
46559,,,,,,,,,-0.056205,0.000000,,,-1.574687,-1.889159,-0.104018,-0.081293,,,,-0.055169,0.824010,-0.362105,,,,,,
46569,,,,,,,,,-0.056205,0.000000,,,-1.869485,-2.134081,-0.098181,-0.076766,,,,-0.055338,0.824066,-0.364955,,,,,,
46574,-0.055514,0.824136,-0.365347,0.000000,1.000000,0.783802,0.000000,0.000000,,,-6.493515,-6.493515,,,,,-0.010981,0.184091,1.149149,-0.055338,0.824066,-0.364955,,,,,,
46579,,,,,,,,,-0.056205,0.000000,,,-2.117527,-2.340159,-0.067097,-0.046784,,,,-0.055506,0.824207,-0.367814,,,,,,
46589,,,,,,,,,-0.056205,0.000000,,,-2.326230,-2.513553,-0.063087,-0.043700,,,,-0.055745,0.824333,-0.367907,,,,,,
46599,,,,,,,,,-0.028103,-0.659300,,,-1.957290,-2.659446,-0.075890,-0.041339,,,,-0.056032,0.824384,-0.365120,,,,,,
46609,,,,,,,,,-0.000000,0.000000,,,-1.646863,-2.237658,-0.087157,-0.055529,,,,-0.056430,0.824517,-0.365170,,,,,,
46619,,,,,,,,,-0.056205,0.000000,,,-1.930214,-2.427308,-0.081187,-0.052019,,,,-0.056889,0.824739,-0.362427,,,,,,
46627,-0.056994,0.824772,-0.362672,0.000000,1.000000,0.783802,0.000000,0.000000,,,-5.250575,-5.250575,-2.168625,-2.042337,-0.040003,-0.028849,-0.008879,0.184050,1.146474,-0.056889,0.824739,-0.362427,,,,,,
46630,,,,,,,,,-0.028103,0.659300,,,,,,,,,,-0.057497,0.824933,-0.362211,,,,,,
46639,,,,,,,,,-0.028103,0.659300,,,-2.369224,-1.718422,-0.035609,-0.039874,,,,-0.058050,0.825179,-0.367814,,,,,,
46649,,,,,,,,,-0.000000,0.000000,,,-1.993465,-1.445880,-0.047994,-0.049549,,,,-0.058705,0.825445,-0.367691,,,,,,
46659,,,,,,,,,-0.000000,0.000000,,,-1.677301,-1.216563,-0.058815,-0.058090,,,,-0.059428,0.825723,-0.367620,,,,,,
46669,,,,,,,,,-0.028103,-0.659300,,,-1.411281,-1.568159,-0.068319,-0.049731,,,,-0.060076,0.825942,-0.364664,,,,,,
46675,-0.059927,0.825887,-0.367263,0.000000,1.000000,0.783802,0.000000,0.000000,,,-3.895171,-3.895171,,,,,-0.006587,0.184020,1.151065,-0.060076,0.825942,-0.364664,,,,,,
46679,,,,,,,,,-0.028103,0.659300,,,-1.731995,-1.319449,-0.021085,-0.019095,,,,-0.060063,0.825916,-0.367549,,,,,,
46689,,,,,,,,,-0.000000,0.000000,,,-1.457300,-1.110184,-0.030167,-0.026459,,,,-0.059990,0.825945,-0.364790,,,,,,
46699,,,,,,,,,-0.000000,0.000000,,,-1.226172,-0.934109,-0.038104,-0.032951,,,,-0.059903,0.825908,-0.364841,,,,,,
46709,,,,,,,,,-0.000000,0.000000,,,-1.031701,-0.785959,-0.045079,-0.038710,,,,-0.059883,0.825878,-0.362105,,,,,,
46719,,,,,,,,,-0.000000,0.000000,,,-0.868073,-0.661306,-0.051245,-0.043852,,,,-0.060047,0.825917,-0.362063,,,,,,
46727,-0.060037,0.825914,-0.362499,0.000000,1.000000,0.783802,0.000000,0.000000,,,-3.309896,-3.309896,,,,,-0.005597,0.184062,1.146302,-0.060047,0.825917,-0.362063,,,,,,
46730,,,,,,,,,-0.000000,0.000000,,,-0.730397,-0.556423,-0.039592,-0.031339,,,,-0.060155,0.825989,-0.362015,,,,,,
46739,,,,,,,,,-0.000000,0.000000,,,-0.614556,-0.468174,-0.044222,-0.035244,,,,-0.060297,0.826071,-0.359162,,,,,,
46749,,,,,,,,,-0.000000,0.000000,,,-0.517087,-0.393922,-0.048370,-0.038782,,,,-0.060257,0.826065,-0.359201,,,,,,
46754,,,,,,,,,,,,,,,,,,,,-0.060257,0.826065,-0.359201,,,,,,
46757,,,,,,,,,,,,,-0.435077,-0.331446,-0.052112,-0.042011,,,,-0.060257,0.826065,-0.359201,,,,,,
46760,,,,,,,,,-0.000000,0.000000,,,,,,,,,,-0.060258,0.826093,-0.362015,,,,,,
46769,,,,,,,,,-0.000000,0.000000,,,-0.366074,-0.278878,-0.055512,-0.044980,,,,-0.060214,0.826026,-0.359201,,,,,,
46774,-0.060199,0.826016,-0.359478,0.000000,1.000000,0.783802,0.000000,0.000000,,,-2.870147,-2.870147,,,,,-0.004854,0.184040,1.143280,-0.060214,0.826026,-0.359201,,,,,,
46779,,,,,,,,,-0.000000,0.000000,,,-0.308014,-0.234648,-0.045749,-0.034854,,,,-0.060169,0.826024,-0.359201,,,,,,
46789,,,,,,,,,-0.000000,0.000000,,,-0.259163,-0.197433,-0.048409,-0.037209,,,,-0.060176,0.826015,-0.362023,,,,,,
46799,,,,,,,,,-0.000000,0.000000,,,-0.218060,-0.166120,-0.050866,-0.039409,,,,-0.060173,0.826022,-0.361986,,,,,,
46804,,,,,,,,,,,,,,,,,,,,-0.060173,0.826022,-0.361986,,,,,,
46807,,,,,,,,,,,,,-0.183476,-0.139773,-0.053152,-0.041478,,,,-0.060173,0.826022,-0.361986,,,,,,
46810,,,,,,,,,-0.000000,0.000000,,,,,,,,,,-0.060198,0.826024,-0.359201,,,,,,
46819,,,,,,,,,-0.000000,0.000000,,,-0.154376,-0.117605,-0.055293,-0.043438,,,,-0.060205,0.826032,-0.359201,,,,,,
46827,-0.060205,0.826031,-0.359224,0.000000,1.000000,0.783802,0.000000,0.000000,,,-2.836274,-2.836274,-0.129892,-0.098953,-0.056322,-0.044313,-0.004796,0.184029,1.143026,-0.060205,0.826032,-0.359201,,,,,,
46830,,,,,,,,,-0.000000,0.000000,,,,,,,,,,-0.060200,0.826015,-0.359201,,,,,,
46839,,,,,,,,,-0.000000,0.000000,,,-0.109291,-0.083259,-0.058224,-0.046087,,,,-0.060184,0.826028,-0.359201,,,,,,
46844,,,,,,,,,,,,,,,,,,,,-0.060184,0.826028,-0.359201,,,,,,
46847,,,,,,,,,,,,,-0.091958,-0.070054,-0.060041,-0.047795,,,,-0.060184,0.826028,-0.359201,,,,,,
46850,,,,,,,,,-0.000000,0.000000,,,,,,,,,,-0.060184,0.826028,-0.359201,,,,,,
46854,,,,,,,,,,,,,,,,,,,,-0.060184,0.826028,-0.359201,,,,,,
46857,,,,,,,,,,,,,-0.077373,-0.058944,-0.061785,-0.049448,,,,-0.060174,0.826025,-0.359201,,,,,,
46860,,,,,,,,,-0.000000,0.000000,,,,,,,,,,-0.060174,0.826025,-0.359201,,,,,,
46867,,,,,,,,,,,,,-0.065102,-0.049595,-0.063469,-0.051055,,,,-0.060177,0.826037,-0.359201,,,,,,
46870,,,,,,,,,-0.000000,0.000000,,,,,,,,,,-0.060177,0.826037,-0.359201,,,,,,
46873,-0.060190,0.826033,-0.359203,0.000000,1.000000,0.783802,0.000000,0.000000,,,-2.841881,-2.841881,,,,,-0.004806,0.184023,1.143005,-0.060189,0.826033,-0.359201,,,,,,
46876,,,,,,,,,,,,,,,,,,,,-0.060189,0.826033,-0.359201,,,,,,
46879,,,,,,,,,-0.000000,0.000000,,,-0.054777,-0.041729,-0.065265,-0.052787,,,,-0.060190,0.826029,-0.359201,,,,,,
46889,,,,,,,,,-0.000000,0.000000,,,-0.046089,-0.035111,-0.066857,-0.054325,,,,-0.060185,0.826029,-0.359201,,,,,,
46899,,,,,,,,,-0.000000,0.000000,,,-0.038779,-0.029542,-0.068413,-0.055835,,,,-0.060179,0.826039,-0.359201,,,,,,
46909,,,,,,,,,-0.000000,0.000000,,,-0.032629,-0.024857,-0.069939,-0.057322,,,,-0.060175,0.826038,-0.359201,,,,,,
46919,,,,,,,,,-0.000000,0.000000,,,-0.027454,-0.020915,-0.071439,-0.058790,,,,-0.060178,0.826042,-0.359201,,,,,,
46924,-0.060179,0.826041,-0.359201,0.000000,1.000000,0.783802,0.000000,0.000000,,,-2.845963,-2.845963,,,,,-0.004813,0.184011,1.143003,-0.060178,0.826042,-0.359201,,,,,,
46929,,,,,,,,,-0.000000,0.000000,,,-0.023100,-0.017598,-0.073037,-0.060360,,,,-0.060183,0.826042,-0.359201,,,,,,
46939,,,,,,,,,-0.000000,0.000000,,,-0.019436,-0.014807,-0.074499,-0.061800,,,,-0.060177,0.826038,-0.359201,,,,,,
46949,,,,,,,,,-0.000000,0.000000,,,-0.016354,-0.012458,-0.075946,-0.063227,,,,-0.060178,0.826043,-0.359201,,,,,,
46954,,,,,,,,,,,,,,,,,,,,-0.060178,0.826043,-0.359201,,,,,,
46957,,,,,,,,,,,,,-0.013760,-0.010482,-0.077380,-0.064645,,,,-0.060178,0.826043,-0.359201,,,,,,
46960,,,,,,,,,-0.000000,0.000000,,,,,,,,,,-0.060178,0.826033,-0.359201,,,,,,
46969,,,,,,,,,-0.000000,0.000000,,,-0.011578,-0.008820,-0.078804,-0.066055,,,,-0.060176,0.826029,-0.359201,,,,,,
46974,-0.060177,0.826030,-0.359201,0.000000,1.000000,0.783802,0.000000,0.000000,,,-2.849575,-2.849575,,,,,-0.004819,0.184020,1.143003,-0.060176,0.826029,-0.359201,,,,,,
46979,,,,,,,,,-0.000000,0.000000,,,-0.009741,-0.007421,-0.080324,-0.067564,,,,-0.060181,0.826041,-0.359201,,,,,,
46989,,,,,,,,,-0.000000,0.000000,,,-0.008196,-0.006244,-0.081732,-0.068962,,,,-0.060182,0.826042,-0.359201,,,,,,
46999,,,,,,,,,-0.000000,0.000000,,,-0.006896,-0.005254,-0.083134,-0.070356,,,,-0.060180,0.826031,-0.359201,,,,,,
47003,,,,,,,,,,,,,,,,,,,,-0.060180,0.826031,-0.359201,,,,,,
47007,,,,,,,,,,,,,-0.005803,-0.004421,-0.084530,-0.071746,,,,-0.060180,0.826031,-0.359201,,,,,,
47010,,,,,,,,,-0.000000,0.000000,,,,,,,,,,-0.060179,0.826037,-0.359201,,,,,,
47019,,,,,,,,,-0.000000,0.000000,,,-0.004882,-0.003719,-0.085922,-0.073132,,,,-0.060185,0.826035,-0.359201,,,,,,
47027,-0.060184,0.826035,-0.359201,0.000000,1.000000,0.783802,0.000000,0.000000,,,-2.844526,-2.844526,-0.004108,-0.003130,-0.087163,-0.074367,-0.004810,0.184019,1.143003,,,,,,,,,
47030,,,,,,,,,-0.000000,0.000000,,,,,,,,,,-0.060194,0.826018,-0.359201,,,,,,
47039,,,,,,,,,-0.000000,0.000000,,,-0.003456,-0.002633,-0.088545,-0.075746,,,,-0.060192,0.826038,-0.359201,,,,,,
47049,,,,,,,,,-0.028103,0.659300,,,-0.547451,-0.002216,-0.073981,-0.077122,,,,-0.060201,0.826043,-0.359172,,,,,,
47059,,,,,,,,,-0.000000,0.000000,,,-0.460626,-0.001864,-0.077626,-0.078497,,,,-0.060207,0.826038,-0.359201,,,,,,
47069,,,,,,,,,-0.000000,0.000000,,,-0.387570,-0.001569,-0.080909,-0.079870,,,,-0.060214,0.826055,-0.362023,,,,,,
47074,-0.060212,0.826054,-0.361787,0.000000,1.000000,0.783802,0.000000,0.000000,,,-3.106483,-3.106483,,,,,-0.005253,0.183998,1.145589,-0.060214,0.826055,-0.362023,,,,,,
47079,,,,,,,,,-0.028103,-0.659300,,,-0.326102,-0.545863,-0.091558,-0.072968,,,,-0.060211,0.826052,-0.361986,,,,,,
47089,,,,,,,,,-0.000000,0.000000,,,-0.274382,-0.459289,-0.094407,-0.076732,,,,-0.060211,0.826057,-0.364838,,,,,,
47099,,,,,,,,,-0.000000,0.000000,,,-0.230865,-0.386446,-0.097041,-0.080135,,,,-0.060252,0.826102,-0.367693,,,,,,
47104,,,,,,,,,,,,,,,,,,,,-0.060252,0.826102,-0.367693,,,,,,
47107,,,,,,,,,,,,,-0.194250,-0.869699,-0.099493,-0.067291,,,,-0.060252,0.826102,-0.367693,,,,,,
47110,,,,,,,,,-0.028103,-0.659300,,,,,,,,,,-0.060335,0.826147,-0.370472,,,,,,
47119,,,,,,,,,-0.000000,0.000000,,,-0.163442,-0.731764,-0.101793,-0.072403,,,,-0.060441,0.826203,-0.373289,,,,,,
47127,-0.060422,0.826191,-0.372324,0.000000,1.000000,0.783802,0.000000,0.000000,,,-4.107758,-4.107758,,,,,-0.006947,0.183881,1.156126,-0.060441,0.826203,-0.373289,,,,,,
47130,,,,,,,,,-0.028103,-0.659300,,,-0.137520,-1.160249,-0.133282,-0.090315,,,,-0.060590,0.826264,-0.376107,,,,,,
47139,,,,,,,,,-0.028103,-0.659300,,,-0.115709,-1.520777,-0.135826,-0.081173,,,,-0.060792,0.826363,-0.378925,,,,,,
47149,,,,,,,,,-0.028103,0.659300,,,-0.641901,-1.279582,-0.122336,-0.089477,,,,-0.060977,0.826462,-0.381744,,,,,,
47159,,,,,,,,,-0.056205,0.000000,,,-1.084639,-1.621183,-0.111036,-0.080833,,,,-0.061137,0.826540,-0.381744,,,,,,
47169,,,,,,,,,-0.056205,0.000000,,,-1.457158,-1.908606,-0.101580,-0.073610,,,,-0.061368,0.826632,-0.381783,,,,,,
47174,-0.061508,0.826681,-0.380989,0.000000,1.000000,0.783802,0.000000,0.000000,,,-4.345585,-4.345585,,,,,-0.007349,0.183763,1.164791,-0.061368,0.826632,-0.381783,,,,,,
47179,,,,,,,,,-0.056205,0.000000,,,-1.770596,-2.150444,-0.100638,-0.074549,,,,-0.061563,0.826701,-0.381868,,,,,,
47189,,,,,,,,,-0.056205,0.000000,,,-2.034322,-2.353927,-0.094152,-0.069644,,,,-0.061858,0.826846,-0.379094,,,,,,
47199,,,,,,,,,-0.084308,-0.659300,,,-2.256222,-2.525137,-0.088764,-0.065587,,,,-0.062249,0.826937,-0.379191,,,,,,
47209,,,,,,,,,-0.056205,0.000000,,,-2.442928,-2.669193,-0.084300,-0.062243,,,,-0.062622,0.827095,-0.379133,,,,,,
47219,,,,,,,,,-0.028103,0.659300,,,-2.600022,-2.790402,-0.080614,-0.059499,,,,-0.062980,0.827264,-0.379181,,,,,,
47228,-0.062967,0.827258,-0.376567,0.000000,1.000000,0.783802,0.000000,0.000000,-0.056205,0.000000,-2.937540,-2.937540,-2.732202,-2.892387,-0.036354,-0.016032,-0.004968,0.183794,1.160369,-0.062980,0.827264,-0.379181,,,,,,
47231,,,,,,,,,,,,,,,,,,,,-0.063442,0.827430,-0.379166,,,,,,
47239,,,,,,,,,-0.028103,-0.659300,,,-2.298874,-2.978197,-0.049140,-0.013541,,,,-0.063916,0.827646,-0.381940,,,,,,
47249,,,,,,,,,-0.000000,0.000000,,,-1.934272,-2.505855,-0.060123,-0.027351,,,,-0.064455,0.827873,-0.384774,,,,,,
47259,,,,,,,,,-0.028103,0.659300,,,-2.172040,-2.108426,-0.053642,-0.039195,,,,-0.065193,0.828129,-0.387555,,,,,,
47269,,,,,,,,,-0.000000,0.000000,,,-1.827554,-1.774029,-0.064096,-0.049384,,,,-0.065950,0.828407,-0.390205,,,,,,
47275,-0.065700,0.828310,-0.389061,0.000000,1.000000,0.783802,0.000000,0.000000,,,-2.563778,-2.563778,,,,,-0.004336,0.183780,1.172863,-0.065950,0.828407,-0.390205,,,,,,
47279,,,,,,,,,-0.028103,-0.659300,,,-1.537704,-2.037211,-0.062172,-0.031293,,,,-0.066703,0.828721,-0.390091,,,,,,
47289,,,,,,,,,-0.000000,0.000000,,,-1.293823,-1.714109,-0.069805,-0.041006,,,,-0.067324,0.829044,-0.389956,,,,,,
47299,,,,,,,,,-0.028103,0.659300,,,-1.633166,-1.442251,-0.060479,-0.049374,,,,-0.067289,0.828965,-0.390059,,,,,,
47309,,,,,,,,,-0.028103,-0.659300,,,-1.374146,-1.758053,-0.068510,-0.040666,,,,-0.067261,0.828934,-0.387279,,,,,,
47319,,,,,,,,,-0.028103,0.659300,,,-1.700749,-1.479226,-0.059518,-0.049217,,,,-0.067210,0.828909,-0.384460,,,,,,
47327,-0.067193,0.828902,-0.382079,0.000000,1.000000,0.783802,0.000000,0.000000,,,-0.855031,-0.855031,-1.431010,-1.789163,-0.017798,0.009370,-0.001446,0.183814,1.165881,,,,,,,,,
47330,,,,,,,,,-0.028103,-0.659300,,,,,,,,,,-0.067383,0.828943,-0.384462,,,,,,
47339,,,,,,,,,-0.000000,0.000000,,,-1.204052,-1.505402,-0.024167,0.001510,,,,-0.067582,0.829001,-0.381631,,,,,,
47349,,,,,,,,,-0.000000,0.000000,,,-1.013089,-1.266645,-0.029591,-0.005169,,,,-0.067672,0.829039,-0.381631,,,,,,
47359,,,,,,,,,-0.000000,0.000000,,,-0.852413,-1.065755,-0.034220,-0.010853,,,,-0.067734,0.829054,-0.381599,,,,,,
47369,,,,,,,,,-0.000000,0.000000,,,-0.717220,-0.896726,-0.038179,-0.015701,,,,-0.067638,0.829014,-0.381631,,,,,,
47374,-0.067601,0.829005,-0.381668,0.000000,1.000000,0.783802,0.000000,0.000000,,,-0.564104,-0.564104,,,,,-0.000954,0.183870,1.165470,,,,,,,,,
47379,,,,,,,,,-0.000000,0.000000,,,-0.603469,-0.754505,-0.033058,-0.011327,,,,-0.067598,0.829039,-0.381631,,,,,,
47389,,,,,,,,,-0.000000,0.000000,,,-0.507759,-0.634841,-0.035841,-0.014740,,,,-0.067553,0.829024,-0.381639,,,,,,
47399,,,,,,,,,-0.000000,0.000000,,,-0.427228,-0.534155,-0.038226,-0.017654,,,,-0.067574,0.829002,-0.381631,,,,,,
47409,,,,,,,,,-0.000000,0.000000,,,-0.359470,-0.449438,-0.040276,-0.020149,,,,-0.067591,0.829011,-0.381631,,,,,,
47419,,,,,,,,,-0.000000,0.000000,,,-0.302458,-0.378157,-0.042043,-0.022291,,,,-0.067590,0.829035,-0.381631,,,,,,
47424,-0.067591,0.829032,-0.381634,0.000000,1.000000,0.783802,0.000000,0.000000,,,-0.559469,-0.559469,,,,,-0.000946,0.183841,1.165436,-0.067590,0.829035,-0.381631,,,,,,
47429,,,,,,,,,-0.000000,0.000000,,,-0.254488,-0.318181,-0.043438,-0.024000,,,,-0.067603,0.829006,-0.381631,,,,,,
47439,,,,,,,,,-0.000000,0.000000,,,-0.214126,-0.267718,-0.044766,-0.025594,,,,-0.067576,0.829003,-0.381631,,,,,,
47449,,,,,,,,,-0.000000,0.000000,,,-0.180166,-0.225258,-0.045926,-0.026977,,,,-0.067582,0.829003,-0.381631,,,,,,
47459,,,,,,,,,-0.000000,0.000000,,,-0.151591,-0.189532,-0.046945,-0.028184,,,,-0.067577,0.829004,-0.381631,,,,,,
47469,,,,,,,,,-0.000000,0.000000,,,-0.127549,-0.159472,-0.047845,-0.029241,,,,-0.067587,0.829007,-0.381631,,,,,,
47474,-0.067587,0.829009,-0.381631,0.000000,1.000000,0.783802,0.000000,0.000000,,,-0.566474,-0.566474,,,,,-0.000958,0.183861,1.165433,-0.067587,0.829007,-0.381631,,,,,,
47479,,,,,,,,,-0.000000,0.000000,,,-0.107320,-0.134180,-0.048849,-0.030379,,,,-0.067588,0.829000,-0.381631,,,,,,
47489,,,,,,,,,-0.000000,0.000000,,,-0.090299,-0.112899,-0.049568,-0.031210,,,,-0.067568,0.829014,-0.381631,,,,,,
47499,,,,,,,,,-0.000000,0.000000,,,-0.075977,-0.094993,-0.050216,-0.031952,,,,-0.067574,0.829018,-0.381631,,,,,,
47509,,,,,,,,,-0.000000,0.000000,,,-0.063927,-0.079927,-0.050804,-0.032619,,,,-0.067571,0.828994,-0.381631,,,,,,
47519,,,,,,,,,-0.000000,0.000000,,,-0.053788,-0.067251,-0.051342,-0.033224,,,,-0.067585,0.829004,-0.381631,,,,,,
47524,-0.067585,0.829004,-0.381631,0.000000,1.000000,0.783802,0.000000,0.000000,,,-0.568655,-0.568655,,,,,-0.000962,0.183865,1.165433,-0.067585,0.829004,-0.381631,,,,,,
47529,,,,,,,,,-0.000000,0.000000,,,-0.045258,-0.056585,-0.051902,-0.033840,,,,-0.067575,0.829021,-0.381631,,,,,,
47539,,,,,,,,,-0.000000,0.000000,,,-0.038080,-0.047610,-0.052363,-0.034348,,,,-0.067568,0.829011,-0.381631,,,,,,
47557,,,,,,,,,-0.000000,0.000000,,,-0.026959,-0.033706,-0.053201,-0.035259,,,,,,,,,,,,
47560,,,,,,,,,-0.000000,0.000000,,,,,,,,,,-0.067570,0.829014,-0.381665,,,,,,
47569,,,,,,,,,-0.000000,0.000000,,,-0.022683,-0.028360,-0.053587,-0.035672,,,,-0.067572,0.829022,-0.381631,,,,,,
47574,-0.067573,0.829021,-0.381631,0.000000,1.000000,0.783802,0.000000,0.000000,,,-0.571598,-0.571598,,,,,-0.000967,0.183845,1.165433,,,,,,,,,
47579,,,,,,,,,-0.000000,0.000000,,,-0.019086,-0.023862,-0.054040,-0.036150,,,,-0.067570,0.828993,-0.381631,,,,,,
47589,,,,,,,,,-0.000000,0.000000,,,-0.016059,-0.020078,-0.054394,-0.036523,,,,-0.067572,0.829003,-0.381631,,,,,,
47599,,,,,,,,,-0.000000,0.000000,,,-0.013512,-0.016893,-0.054735,-0.036881,,,,-0.067566,0.828995,-0.381631,,,,,,
47609,,,,,,,,,-0.000000,0.000000,,,-0.011369,-0.014214,-0.055066,-0.037226,,,,-0.067567,0.829023,-0.381631,,,,,,
47619,,,,,,,,,-0.000000,0.000000,,,-0.009566,-0.011960,-0.055388,-0.037559,,,,-0.067571,0.829007,-0.381631,,,,,,
47624,-0.067571,0.829008,-0.381631,0.000000,1.000000,0.783802,0.000000,0.000000,,,-0.575462,-0.575462,,,,,-0.000973,0.183856,1.165433,-0.067571,0.829007,-0.381631,,,,,,
47629,,,,,,,,,-0.000000,0.000000,,,-0.008049,-0.010063,-0.055815,-0.037997,,,,-0.067572,0.829002,-0.381631,,,,,,
47639,,,,,,,,,-0.000000,0.000000,,,-0.006772,-0.008467,-0.056125,-0.038315,,,,-0.067565,0.829012,-0.381631,,,,,,
47649,,,,,,,,,-0.000000,0.000000,,,-0.005698,-0.007124,-0.056429,-0.038626,,,,-0.067564,0.828991,-0.381631,,,,,,
47659,,,,,,,,,-0.000000,0.000000,,,-0.004794,-0.005994,-0.056729,-0.038932,,,,-0.067569,0.828996,-0.381631,,,,,,
47669,,,,,,,,,-0.000000,0.000000,,,-0.004034,-0.005044,-0.057025,-0.039233,,,,-0.067557,0.828986,-0.381631,,,,,,
47674,-0.067559,0.828988,-0.381631,0.000000,1.000000,0.783802,0.000000,0.000000,,,-0.586899,-0.586899,,,,,-0.000993,0.183870,1.165433,-0.067557,0.828986,-0.381631,,,,,,
47679,,,,,,,,,-0.000000,0.000000,,,-0.003394,-0.004244,-0.057653,-0.039866,,,,-0.067570,0.829001,-0.381631,,,,,,
47689,,,,,,,,,-0.000000,0.000000,,,-0.002856,-0.003571,-0.057949,-0.040165,,,,-0.067566,0.829022,-0.381631,,,,,,
47699,,,,,,,,,-0.000000,0.000000,,,-0.002403,-0.003004,-0.058242,-0.040462,,,,-0.067572,0.829006,-0.381631,,,,,,
47709,,,,,,,,,-0.000000,0.000000,,,-0.002022,-0.002528,-0.058534,-0.040756,,,,-0.067564,0.828990,-0.381631,,,,,,
47719,,,,,,,,,-0.000000,0.000000,,,-0.001701,-0.002127,-0.058824,-0.041048,,,,-0.067558,0.828983,-0.381631,,,,,,
47724,-0.067558,0.828984,-0.381631,0.000000,1.000000,0.783802,0.000000,0.000000,,,-0.587992,-0.587992,,,,,-0.000994,0.183874,1.165433,-0.067558,0.828983,-0.381631,,,,,,
47729,,,,,,,,,-0.000000,0.000000,,,-0.001431,-0.001790,-0.059145,-0.041371,,,,-0.067560,0.828981,-0.381631,,,,,,
47739,,,,,,,,,-0.000000,0.000000,,,-0.001204,-0.001506,-0.059433,-0.041660,,,,-0.067562,0.828994,-0.381631,,,,,,
47749,,,,,,,,,-0.000000,0.000000,,,-0.001013,-0.001267,-0.059721,-0.041949,,,,-0.067562,0.828990,-0.381631,,,,,,
47759,,,,,,,,,-0.000000,0.000000,,,-0.000853,-0.001066,-0.060007,-0.042236,,,,-0.067557,0.828985,-0.381609,,,,,,
47769,,,,,,,,,-0.000000,0.000000,,,-0.000717,-0.000897,-0.060293,-0.042523,,,,-0.067562,0.828985,-0.381631,,,,,,
47774,-0.067562,0.828985,-0.381631,0.000000,1.000000,0.783802,0.000000,0.000000,,,-0.585767,-0.585767,,,,,-0.000991,0.183874,1.165433,,,,,,,,,
47779,,,,,,,,,-0.000000,0.000000,,,-0.000604,-0.000755,-0.060513,-0.042744,,,,-0.067565,0.828975,-0.381631,,,,,,
47789,,,,,,,,,-0.000000,0.000000,,,-0.000508,-0.000635,-0.060797,-0.043028,,,,-0.067561,0.828981,-0.381631,,,,,,
47799,,,,,,,,,-0.000000,0.000000,,,-0.000427,-0.000534,-0.061080,-0.043312,,,,-0.067562,0.828996,-0.381631,,,,,,
47809,,,,,,,,,-0.000000,0.000000,,,-0.000360,-0.000450,-0.061363,-0.043595,,,,-0.067559,0.828997,-0.381631,,,,,,
47819,,,,,,,,,-0.000000,0.000000,,,-0.000303,-0.000378,-0.061645,-0.043878,,,,-0.067562,0.828992,-0.381631,,,,,,
47824,-0.067562,0.828992,-0.381631,0.000000,1.000000,0.783802,0.000000,0.000000,,,-0.583982,-0.583982,,,,,-0.000988,0.183868,1.165433,,,,,,,,,
47829,,,,,,,,,-0.000000,0.000000,,,-0.000255,-0.000318,-0.061876,-0.044109,,,,-0.067555,0.828983,-0.381631,,,,,,
47839,,,,,,,,,-0.000000,0.000000,,,-0.000214,-0.000268,-0.062157,-0.044390,,,,-0.067554,0.828982,-0.381631,,,,,,
47849,,,,,,,,,-0.000000,0.000000,,,-0.000180,-0.000225,-0.062438,-0.044672,,,,-0.067556,0.828985,-0.381631,,,,,,
47859,,,,,,,,,-0.000000,0.000000,,,-0.000152,-0.000190,-0.062719,-0.044953,,,,-0.067553,0.828985,-0.381631,,,,,,
47869,,,,,,,,,-0.000000,0.000000,,,-0.000128,-0.000160,-0.063000,-0.045234,,,,-0.067548,0.828984,-0.381631,,,,,,
47874,-0.067550,0.828984,-0.381631,0.000001,1.000001,0.783802,0.000000,0.000000,,,-0.592234,-0.592234,,,,,-0.001002,0.183872,1.165433,-0.067548,0.828984,-0.381631,,,,,,
47879,,,,,,,,,-0.000000,0.000000,,,-0.000107,-0.000134,-0.063523,-0.045757,,,,-0.067559,0.828994,-0.381631,,,,,,
47889,,,,,,,,,-0.000000,0.000000,,,-0.000090,-0.000113,-0.063807,-0.046042,,,,-0.067563,0.828991,-0.381631,,,,,,
47899,,,,,,,,,-0.000000,0.000000,,,-0.000076,-0.000095,-0.064092,-0.046326,,,,-0.067560,0.828997,-0.381631,,,,,,
47909,,,,,,,,,-0.000000,0.000000,,,-0.000064,-0.000080,-0.064377,-0.046611,,,,-0.067556,0.828986,-0.381631,,,,,,
47919,,,,,,,,,-0.000000,0.000000,,,-0.000054,-0.000067,-0.064661,-0.046896,,,,-0.067549,0.828978,-0.381631,,,,,,
47924,-0.067549,0.828979,-0.381631,0.000007,1.000007,0.783802,0.000074,-0.000000,,,-0.591232,-0.588508,,,,,-0.001001,0.183884,1.165433,,,,,,,,,
47929,,,,,,,,,-0.000000,0.000000,,,-0.000045,-0.000057,-0.064916,-0.047071,,,,-0.067549,0.828982,-0.381631,,,,,,
47939,,,,,,,,,-0.000000,0.000000,,,-0.000038,-0.000048,-0.065200,-0.047354,,,,-0.067543,0.828978,-0.381639,,,,,,
47949,,,,,,,,,-0.000000,0.000000,,,-0.000032,-0.000040,-0.065484,-0.047636,,,,-0.067559,0.828992,-0.381639,,,,,,
47959,,,,,,,,,-0.000000,0.000000,,,-0.000027,-0.000034,-0.065768,-0.047919,,,,-0.067555,0.828992,-0.381665,,,,,,
47969,,,,,,,,,-0.000000,0.000000,,,-0.000023,-0.000028,-0.066052,-0.048202,,,,-0.067556,0.828991,-0.381665,,,,,,
47973,-0.067556,0.828990,-0.381662,0.000023,1.000023,0.783802,0.000294,-0.000000,,,-0.582214,-0.571393,,,,,-0.000987,0.183897,1.165464,-0.067556,0.828991,-0.381665,,,,,,
47979,,,,,,,,,-0.000000,0.000000,,,-0.000019,-0.000024,-0.066072,-0.047983,,,,-0.067545,0.828986,-0.381631,,,,,,
47989,,,,,,,,,-0.000000,0.000000,,,-0.000016,-0.000020,-0.066351,-0.048258,,,,-0.067543,0.828983,-0.381631,,,,,,
47999,,,,,,,,,-0.000000,0.000000,,,-0.000014,-0.000017,-0.066631,-0.048532,,,,-0.067550,0.828999,-0.381631,,,,,,
48009,,,,,,,,,-0.000000,0.000000,,,-0.000011,-0.000014,-0.066911,-0.048806,,,,-0.067553,0.828994,-0.381631,,,,,,
48019,,,,,,,,,-0.000000,0.000000,,,-0.000010,-0.000012,-0.067190,-0.049081,,,,-0.067549,0.828984,-0.381631,,,,,,
48024,-0.067550,0.828984,-0.381633,0.000055,1.000055,0.783802,0.000655,-0.000002,,,-0.570812,-0.546713,,,,,-0.000972,0.183942,1.165435,-0.067549,0.828984,-0.381631,,,,,,
48029,,,,,,,,,-0.000000,0.000000,,,-0.000008,-0.000010,-0.067136,-0.048632,,,,-0.067551,0.828980,-0.381631,,,,,,
48039,,,,,,,,,-0.000000,0.000000,,,-0.000007,-0.000008,-0.067410,-0.048895,,,,-0.067549,0.828979,-0.381609,,,,,,
48049,,,,,,,,,-0.000000,0.000000,,,-0.000006,-0.000007,-0.067684,-0.049157,,,,-0.067550,0.828994,-0.381631,,,,,,
48059,,,,,,,,,-0.000000,0.000000,,,-0.000005,-0.000006,-0.067958,-0.049420,,,,-0.067552,0.828999,-0.381665,,,,,,
48069,,,,,,,,,-0.000000,0.000000,,,-0.000004,-0.000005,-0.068232,-0.049682,,,,-0.067547,0.828986,-0.381631,,,,,,
48074,-0.067548,0.828986,-0.381631,0.000107,1.000106,0.783801,0.001152,-0.000009,,,-0.551421,-0.509062,,,,,-0.000944,0.184007,1.165432,-0.067547,0.828986,-0.381631,,,,,,
48079,,,,,,,,,-0.000000,0.000000,,,-0.000003,-0.000004,-0.067938,-0.048842,,,,-0.067548,0.828995,-0.381665,,,,,,
48089,,,,,,,,,-0.000000,0.000000,,,-0.000003,-0.000004,-0.068203,-0.049087,,,,-0.067546,0.828986,-0.381631,,,,,,
48099,,,,,,,,,-0.000000,0.000000,,,-0.000002,-0.000003,-0.068467,-0.049331,,,,-0.067550,0.828990,-0.381631,,,,,,
48109,,,,,,,,,-0.000000,0.000000,,,-0.000002,-0.000003,-0.068732,-0.049575,,,,-0.067547,0.828998,-0.381665,,,,,,
48119,,,,,,,,,-0.000000,0.000000,,,-0.000002,-0.000002,-0.068997,-0.049820,,,,-0.067549,0.828998,-0.381665,,,,,,
48124,-0.067549,0.828997,-0.381662,0.000183,1.000182,0.783799,0.001782,-0.000027,,,-0.522792,-0.457329,,,,,-0.000901,0.184095,1.165461,-0.067549,0.828998,-0.381665,,,,,,
48129,,,,,,,,,-0.000000,0.000000,,,-0.000001,-0.000002,-0.068423,-0.048549,,,,-0.067549,0.828996,-0.381631,,,,,,
48139,,,,,,,,,-0.000000,0.000000,,,-0.000001,-0.000002,-0.068674,-0.048769,,,,-0.067552,0.828994,-0.381639,,,,,,
48149,,,,,,,,,-0.000000,0.000000,,,-0.000001,-0.000001,-0.068925,-0.048988,,,,-0.067543,0.828983,-0.381609,,,,,,
48159,,,,,,,,,-0.000000,0.000000,,,-0.000001,-0.000001,-0.069176,-0.049208,,,,-0.067542,0.828979,-0.381609,,,,,,
48169,,,,,,,,,-0.000000,0.000000,,,-0.000001,-0.000001,-0.069427,-0.049427,,,,-0.067552,0.828991,-0.381631,,,,,,
48174,-0.067552,0.828992,-0.381633,0.000288,1.000287,0.783794,0.002540,-0.000067,,,-0.480442,-0.387268,,,,,-0.000837,0.184238,1.165427,,,,,,,,,
48179,,,,,,,,,-0.000000,0.000000,,,-0.000001,-0.000001,-0.068438,-0.047595,,,,-0.067535,0.829002,-0.381639,,,,,,
48189,,,,,,,,,-0.000000,0.000000,,,-0.000001,-0.000001,-0.068668,-0.047781,,,,-0.067541,0.828980,-0.381631,,,,,,
48199,,,,,,,,,-0.000000,0.000000,,,-0.000000,-0.000001,-0.068899,-0.047967,,,,-0.067540,0.828982,-0.381665,,,,,,
48209,,,,,,,,,-0.000000,0.000000,,,-0.000000,-0.000000,-0.069130,-0.048153,,,,-0.067543,0.828988,-0.381665,,,,,,
48219,,,,,,,,,-0.000000,0.000000,,,-0.000000,-0.000000,-0.069360,-0.048339,,,,-0.067531,0.829003,-0.381639,,,,,,
48224,-0.067533,0.829002,-0.381639,0.000427,1.000425,0.783784,0.003422,-0.000142,,,-0.438173,-0.312892,,,,,-0.000774,0.184401,1.165423,,,,,,,,,
48229,,,,,,,,,-0.000000,0.000000,,,-0.000000,-0.000000,-0.068353,-0.046347,,,,-0.067540,0.828990,-0.381665,,,,,,
48239,,,,,,,,,-0.000000,0.000000,,,-0.000000,-0.000000,-0.068564,-0.046497,,,,-0.067537,0.828978,-0.381665,,,,,,
48249,,,,,,,,,-0.000000,0.000000,,,-0.000000,-0.000000,-0.068774,-0.046648,,,,-0.067547,0.828992,-0.381631,,,,,,
48254,,,,,,,,,,,,,,,,,,,,-0.067547,0.828992,-0.381631,,,,,,
48257,,,,,,,,,,,,,-0.000000,-0.000000,-0.068984,-0.046798,,,,-0.067547,0.828992,-0.381631,,,,,,
48260,,,,,,,,,-0.000000,0.000000,,,,,,,,,,-0.067530,0.828968,-0.381639,,,,,,
48269,,,,,,,,,-0.000000,0.000000,,,-0.000000,-0.000000,-0.069195,-0.046948,,,,-0.067543,0.828987,-0.381639,,,,,,
48274,-0.067542,0.828989,-0.381639,0.000603,1.000601,0.783765,0.004424,-0.000271,,,-0.372349,-0.210796,,,,,-0.000673,0.184646,1.165404,,,,,,,,,
48279,,,,,,,,,-0.000000,0.000000,,,-0.000000,-0.000000,-0.067478,-0.044109,,,,-0.067534,0.828984,-0.381639,,,,,,
48289,,,,,,,,,-0.000000,0.000000,,,-0.000000,-0.000000,-0.067656,-0.044210,,,,-0.067540,0.828986,-0.381665,,,,,,
48299,,,,,,,,,-0.000000,0.000000,,,-0.000000,-0.000000,-0.067835,-0.044311,,,,-0.067541,0.829013,-0.381639,,,,,,
48309,,,,,,,,,-0.000000,0.000000,,,-0.000000,-0.000000,-0.068014,-0.044412,,,,-0.067522,0.828977,-0.381639,,,,,,
48319,,,,,,,,,-0.000000,0.000000,,,-0.000000,-0.000000,-0.068193,-0.044513,,,,-0.067531,0.829002,-0.381609,,,,,,
48324,-0.067532,0.829001,-0.381611,0.000820,1.000818,0.783734,0.005540,-0.000480,,,-0.293930,-0.092300,,,,,-0.000552,0.184913,1.165345,,,,,,,,,
48329,,,,,,,,,-0.000000,0.000000,,,-0.000000,-0.000000,-0.066075,-0.041145,,,,-0.067529,0.829005,-0.381639,,,,,,
48339,,,,,,,,,-0.000000,0.000000,,,-0.000000,-0.000000,-0.066216,-0.041189,,,,-0.067531,0.829002,-0.381639,,,,,,
48346,,,,,,,,,,,,,,,,,,,,-0.067531,0.829002,-0.381639,,,,,,
48349,,,,,,,,,-0.000000,0.000000,,,-0.000000,-0.000000,-0.066357,-0.041234,,,,-0.067537,0.829014,-0.381639,,,,,,
48359,,,,,,,,,-0.000000,0.000000,,,-0.000000,-0.000000,-0.066498,-0.041278,,,,-0.067529,0.828978,-0.381639,,,,,,
48369,,,,,,,,,-0.000000,0.000000,,,-0.000000,-0.000000,-0.066639,-0.041322,,,,-0.067518,0.828964,-0.381639,,,,,,
48373,-0.067519,0.828967,-0.381637,0.001083,1.001080,0.783683,0.006768,-0.000797,,,-0.216759,0.028567,,,,,-0.000435,0.185281,1.165320,-0.067518,0.828964,-0.381639,,,,,,
48377,,,,,,,,,,,,,-0.000000,-0.000000,-0.064521,-0.037828,,,,-0.067518,0.828964,-0.381639,,,,,,
48380,,,,,,,,,-0.000000,0.000000,,,,,,,,,,-0.067528,0.828996,-0.381639,,,,,,
48389,,,,,,,,,-0.000000,0.000000,,,-0.000000,-0.000000,-0.064625,-0.037814,,,,-0.067537,0.829012,-0.381639,,,,,,
48399,,,,,,,,,-0.000000,0.000000,,,-0.000000,-0.000000,-0.064729,-0.037800,,,,-0.067524,0.828971,-0.381639,,,,,,
48409,,,,,,,,,-0.000000,0.000000,,,-0.000000,-0.000000,-0.064833,-0.037787,,,,-0.067537,0.828985,-0.381639,,,,,,
48419,,,,,,,,,-0.000000,0.000000,,,-0.000000,-0.000000,-0.064937,-0.037773,,,,-0.067534,0.828974,-0.381609,,,,,,
48424,-0.067533,0.828974,-0.381611,0.001395,1.001391,0.783605,0.008103,-0.001258,,,-0.093478,0.198780,,,,,-0.000241,0.185685,1.165216,,,,,,,,,
48429,,,,,,,,,-0.000000,0.000000,,,-0.000000,-0.000000,-0.061432,-0.032775,,,,-0.067526,0.828993,-0.381639,,,,,,
48439,,,,,,,,,-0.000000,0.000000,,,-0.000000,-0.000000,-0.061476,-0.032680,,,,-0.067526,0.828997,-0.381639,,,,,,
48449,,,,,,,,,-0.000000,0.000000,,,-0.000000,-0.000000,-0.061521,-0.032584,,,,-0.067529,0.828981,-0.381639,,,,,,
48459,,,,,,,,,-0.000000,0.000000,,,-0.000000,-0.000000,-0.061566,-0.032489,,,,-0.067516,0.828963,-0.381639,,,,,,
48469,,,,,,,,,-0.000000,0.000000,,,-0.000000,-0.000000,-0.061611,-0.032394,,,,-0.067527,0.828994,-0.381639,,,,,,
48474,-0.067527,0.828992,-0.381637,0.001760,1.001754,0.783489,0.009540,-0.001907,,,0.034769,0.376804,,,,,-0.000041,0.186138,1.165126,,,,,,,,,
48479,,,,,,,,,-0.000000,0.000000,,,-0.000000,-0.000000,-0.057901,-0.027086,,,,-0.067522,0.828997,-0.381639,,,,,,
48489,,,,,,,,,-0.000000,0.000000,,,-0.000000,-0.000000,-0.057884,-0.026905,,,,-0.067533,0.829010,-0.381639,,,,,,
48499,,,,,,,,,-0.000000,0.000000,,,-0.000000,-0.000000,-0.057867,-0.026724,,,,-0.067516,0.828992,-0.381639,,,,,,
48509,,,,,,,,,-0.000000,0.000000,,,-0.000000,-0.000000,-0.057851,-0.026543,,,,-0.067529,0.829006,-0.381639,,,,,,
48519,,,,,,,,,-0.000000,0.000000,,,-0.000000,-0.000000,-0.057834,-0.026362,,,,-0.067512,0.828990,-0.381639,,,,,,
48524,-0.067513,0.828990,-0.381639,0.002181,1.002174,0.783321,0.011076,-0.002789,,,0.175887,0.570221,,,,,0.000179,0.186682,1.164960,,,,,,,,,
48529,,,,,,,,,-0.000000,0.000000,,,-0.000000,-0.000000,-0.053685,-0.020518,,,,-0.067526,0.829004,-0.381639,,,,,,
48539,,,,,,,,,-0.000000,0.000000,,,-0.000000,-0.000000,-0.053601,-0.020244,,,,-0.067527,0.828980,-0.381639,,,,,,
48549,,,,,,,,,-0.000000,0.000000,,,-0.000000,-0.000000,-0.053517,-0.019971,,,,-0.067520,0.828971,-0.381639,,,,,,
48559,,,,,,,,,-0.000000,0.000000,,,-0.000000,-0.000000,-0.053432,-0.019697,,,,-0.067513,0.828994,-0.381639,,,,,,
48569,,,,,,,,,-0.000000,0.000000,,,-0.000000,-0.000000,-0.053348,-0.019423,,,,-0.067527,0.829002,-0.381639,,,,,,
48574,-0.067526,0.829001,-0.381639,0.002662,1.002652,0.783087,0.012706,-0.003960,,,0.356159,0.804848,,,,,0.000463,0.187298,1.164726,,,,,,,,,
48579,,,,,,,,,-0.000000,0.000000,,,-0.000000,-0.000000,-0.047985,-0.012280,,,,-0.067527,0.828997,-0.381639,,,,,,
48584,,,,,,,,,,,,,,,,,,,,-0.067527,0.828997,-0.381639,,,,,,
48587,,,,,,,,,,,,,-0.000000,-0.000000,-0.047814,-0.011893,,,,-0.067527,0.828997,-0.381639,,,,,,
48590,,,,,,,,,-0.000000,0.000000,,,,,,,,,,-0.067527,0.828997,-0.381639,,,,,,
48594,,,,,,,,,,,,,,,,,,,,-0.067527,0.828997,-0.381639,,,,,,
48597,,,,,,,,,,,,,-0.000000,-0.000000,-0.047643,-0.011507,,,,-0.067527,0.828997,-0.381639,,,,,,
48600,,,,,,,,,-0.000000,0.000000,,,,,,,,,,-0.067531,0.829004,-0.381639,,,,,,
48609,,,,,,,,,-0.000000,0.000000,,,-0.000000,-0.000000,-0.047472,-0.011121,,,,-0.067515,0.828989,-0.381639,,,,,,
48613,,,,,,,,,,,,,,,,,,,,-0.067528,0.829005,-0.381639,,,,,,
48619,,,,,,,,,-0.000000,0.000000,,,-0.000000,-0.000000,-0.047301,-0.010734,,,,-0.067510,0.828962,-0.381639,,,,,,
48623,-0.067511,0.828965,-0.381639,0.003205,1.003192,0.782766,0.014425,-0.005480,,,0.533154,1.037794,,,,,0.000739,0.188030,1.164405,-0.067510,0.828962,-0.381639,,,,,,
48629,,,,,,,,,-0.000000,0.000000,,,-0.000000,-0.000000,-0.041948,-0.003527,,,,-0.067510,0.828962,-0.381639,,,,,,
48639,,,,,,,,,-0.000000,0.000000,,,-0.000000,-0.000000,-0.041692,-0.003029,,,,-0.067513,0.828984,-0.381639,,,,,,
48649,,,,,,,,,-0.000000,0.000000,,,-0.000000,-0.000000,-0.041436,-0.002531,,,,-0.067511,0.828983,-0.381639,,,,,,
48659,,,,,,,,,-0.000000,0.000000,,,-0.000000,-0.000000,-0.041180,-0.002033,,,,-0.067516,0.828988,-0.381639,,,,,,
48669,,,,,,,,,-0.000000,0.000000,,,-0.000000,-0.000000,-0.040924,-0.001535,,,,-0.067507,0.828982,-0.381639,,,,,,
48674,-0.067508,0.828981,-0.381639,0.003813,1.003797,0.782337,0.016228,-0.007415,,,0.750366,1.311995,,,,,0.001080,0.188802,1.163976,-0.067507,0.828982,-0.381639,,,,,,
48679,,,,,,,,,-0.000000,0.000000,,,-0.000000,-0.000000,-0.034308,0.006992,,,,-0.067528,0.828974,-0.381639,,,,,,
48689,,,,,,,,,-0.000000,0.000000,,,-0.000000,-0.000000,-0.033948,0.007622,,,,-0.067524,0.828965,-0.381639,,,,,,
48699,,,,,,,,,-0.000000,0.000000,,,-0.000000,-0.000000,-0.033588,0.008251,,,,-0.067517,0.828966,-0.381639,,,,,,
48709,,,,,,,,,-0.000000,0.000000,,,-0.000000,-0.000000,-0.033228,0.008881,,,,-0.067508,0.828959,-0.381639,,,,,,
48719,,,,,,,,,-0.000000,0.000000,,,-0.000000,-0.000000,-0.032868,0.009511,,,,-0.067510,0.828983,-0.381639,,,,,,
48725,-0.067509,0.828982,-0.381639,0.004490,1.004470,0.781773,0.018111,-0.009839,,,0.992347,1.611521,,,,,0.001460,0.189678,1.163412,-0.067510,0.828983,-0.381639,,,,,,
48729,,,,,,,,,-0.000000,0.000000,,,-0.000000,-0.000000,-0.025422,0.018911,,,,-0.067509,0.828991,-0.381639,,,,,,
48739,,,,,,,,,-0.000000,0.000000,,,-0.000000,-0.000000,-0.024946,0.019684,,,,-0.067514,0.828988,-0.381639,,,,,,
48749,,,,,,,,,-0.000000,0.000000,,,-0.000000,-0.000000,-0.024470,0.020458,,,,-0.067509,0.828986,-0.381639,,,,,,
48759,,,,,,,,,-0.000000,0.000000,,,-0.000000,-0.000000,-0.023993,0.021231,,,,-0.067503,0.828984,-0.381639,,,,,,
48769,,,,,,,,,-0.000000,0.000000,,,-0.000000,-0.000000,-0.023517,0.022005,,,,-0.067518,0.828970,-0.381639,,,,,,
48774,-0.067517,0.828972,-0.381639,0.005238,1.005212,0.781043,0.020068,-0.012829,,,1.260866,1.937531,,,,,0.001882,0.190658,1.162682,,,,,,,,,
48779,,,,,,,,,-0.000000,0.000000,,,-0.000000,-0.000000,-0.015178,0.032324,,,,-0.067513,0.828988,-0.381639,,,,,,
48789,,,,,,,,,-0.000000,0.000000,,,-0.000000,-0.000000,-0.014573,0.033254,,,,-0.067507,0.828985,-0.381639,,,,,,
48799,,,,,,,,,-0.000000,0.000000,,,-0.000000,-0.000000,-0.013968,0.034184,,,,-0.067505,0.828990,-0.381639,,,,,,
48809,,,,,,,,,-0.000000,0.000000,,,-0.000000,-0.000000,-0.013363,0.035114,,,,-0.067515,0.828991,-0.381639,,,,,,
48819,,,,,,,,,-0.000000,0.000000,,,-0.000000,-0.000000,-0.012757,0.036044,,,,-0.067528,0.829004,-0.381639,,,,,,
48824,-0.067527,0.829002,-0.381639,0.006060,1.006026,0.780113,0.022093,-0.016472,,,1.566346,2.299737,,,,,0.002361,0.191695,1.161752,,,,,,,,,
48829,,,,,,,,,-0.000000,0.000000,,,-0.000000,-0.000000,-0.003208,0.047580,,,,-0.067520,0.828991,-0.381639,,,,,,
48839,,,,,,,,,-0.000000,0.000000,,,-0.000000,-0.000000,-0.002456,0.048683,,,,-0.067507,0.828955,-0.381639,,,,,,
48849,,,,,,,,,0.028103,0.659300,,,-0.000000,0.544543,-0.001704,0.033843,,,,-0.067517,0.828966,-0.381639,,,,,,
48859,,,,,,,,,-0.000000,0.000000,,,-0.000000,0.458179,-0.000952,0.037214,,,,-0.067507,0.828987,-0.381639,,,,,,
48869,,,,,,,,,-0.000000,0.000000,,,-0.000000,0.385511,-0.000200,0.040226,,,,-0.067522,0.829003,-0.381639,,,,,,
48874,-0.067523,0.829003,-0.381639,0.006958,1.006913,0.778943,0.024180,-0.020861,,,1.886625,2.675324,,,,,0.002861,0.192850,1.160582,-0.067522,0.829003,-0.381639,,,,,,
48879,,,,,,,,,-0.000000,0.000000,,,-0.000000,0.324369,0.009929,0.053932,,,,-0.067509,0.828986,-0.381639,,,,,,
48889,,,,,,,,,-0.000000,0.000000,,,-0.000000,0.272924,0.010835,0.056567,,,,-0.067500,0.828980,-0.381639,,,,,,
48894,,,,,,,,,,,,,,,,,,,,-0.067500,0.828980,-0.381639,,,,,,
48899,,,,,,,,,0.028103,0.659300,,,-0.000000,0.774182,0.011740,0.043043,,,,-0.067521,0.828980,-0.381639,,,,,,
48909,,,,,,,,,-0.000000,0.000000,,,-0.000000,0.651396,0.012646,0.047551,,,,-0.067513,0.828990,-0.381639,,,,,,
48919,,,,,,,,,-0.000000,0.000000,,,-0.000000,0.548085,0.013552,0.051548,,,,-0.067514,0.828963,-0.381639,,,,,,
48924,-0.067515,0.828966,-0.381639,0.007934,1.007875,0.777488,0.026321,-0.026095,,,2.225482,3.067276,,,,,0.003387,0.194137,1.159127,-0.067514,0.828963,-0.381639,,,,,,
48929,,,,,,,,,-0.000000,0.000000,,,-0.000000,0.461158,0.024379,0.066590,,,,-0.067429,0.828919,-0.378821,,,,,,
48939,,,,,,,,,-0.000000,0.000000,,,-0.000000,0.388019,0.025447,0.069983,,,,-0.067345,0.828897,-0.378853,,,,,,
48949,,,,,,,,,-0.000000,0.000000,,,-0.000000,0.326479,0.026515,0.073071,,,,-0.067271,0.828907,-0.378846,,,,,,
48954,,,,,,,,,,,,,,,,,,,,-0.067271,0.828907,-0.378846,,,,,,
48958,,,,,,,,,0.028103,0.659300,,,-0.000000,0.819242,0.027584,0.059958,,,,-0.067270,0.828882,-0.376028,,,,,,
48969,,,,,,,,,-0.000000,0.000000,,,-0.000000,0.689310,0.028652,0.064841,,,,-0.067227,0.828867,-0.373178,,,,,,
48974,-0.067251,0.828876,-0.373888,0.008990,1.008913,0.775697,0.028511,-0.032285,,,3.353182,4.242105,,,,,0.005218,0.195446,1.149585,-0.067227,0.828867,-0.373178,,,,,,
48977,,,,,,,,,,,,,-0.000000,0.579986,0.062739,0.103583,,,,-0.067227,0.828867,-0.373178,,,,,,
48980,,,,,,,,,-0.000000,0.000000,,,,,,,,,,-0.067154,0.828807,-0.370361,,,,,,
48989,,,,,,,,,0.028103,0.659300,,,-0.000000,1.032543,0.064349,0.092090,,,,-0.067025,0.828761,-0.370395,,,,,,
48999,,,,,,,,,0.028103,0.659300,,,-0.000000,1.413325,0.065958,0.082481,,,,-0.066950,0.828711,-0.364765,,,,,,
49009,,,,,,,,,0.028103,0.659300,,,-0.000000,1.733715,0.067568,0.074458,,,,-0.066844,0.828610,-0.359104,,,,,,
49019,,,,,,,,,0.028103,0.659300,,,-0.000000,2.003290,0.069177,0.067769,,,,-0.066555,0.828449,-0.353480,,,,,,
49027,-0.066503,0.828443,-0.352426,0.010129,1.010028,0.773513,0.030739,-0.039548,,,5.811140,6.736919,,,,,0.009244,0.196876,1.125939,-0.066555,0.828449,-0.353480,,,,,,
49030,,,,,,,,,0.028103,0.659300,,,-0.000000,2.230112,0.142756,0.135250,,,,-0.066251,0.828333,-0.347858,,,,,,
49039,,,,,,,,,0.056205,0.000000,,,0.544543,2.420959,0.129601,0.131826,,,,-0.065982,0.828209,-0.342217,,,,,,
49049,,,,,,,,,0.084308,0.659300,,,1.002722,3.126081,0.118713,0.113251,,,,-0.065748,0.828087,-0.333786,,,,,,
49059,,,,,,,,,0.056205,0.000000,,,1.388233,3.174827,0.109734,0.113557,,,,-0.065519,0.828008,-0.325297,,,,,,
49069,,,,,,,,,0.084308,0.659300,,,1.712602,3.760386,0.102359,0.098122,,,,-0.064778,0.827691,-0.319747,,,,,,
49074,-0.064589,0.827637,-0.319723,0.011352,1.011219,0.770873,0.032997,-0.048015,,,8.966618,9.916569,,,,,0.014392,0.198147,1.090596,-0.064778,0.827691,-0.319747,,,,,,
49079,,,,,,,,,0.084308,0.659300,,,1.985527,4.253074,0.188728,0.178225,,,,-0.063901,0.827346,-0.311340,,,,,,
49089,,,,,,,,,0.140513,0.659300,,,2.759708,4.667623,0.169410,0.168805,,,,-0.063024,0.827068,-0.308571,,,,,,
49099,,,,,,,,,0.140513,0.659300,,,3.411105,5.560966,0.153317,0.145168,,,,-0.062163,0.826786,-0.305709,,,,,,
49104,,,,,,,,,,,,,,,,,,,,-0.062163,0.826786,-0.305709,,,,,,
49107,,,,,,,,,,,,,3.959189,6.312626,0.139936,0.125250,,,,-0.062163,0.826786,-0.305709,,,,,,
49110,,,,,,,,,0.112411,0.000000,,,,,,,,,,-0.060942,0.826328,-0.300110,,,,,,
49119,,,,,,,,,0.196719,0.659300,,,4.964891,6.945072,0.112892,0.108462,,,,-0.059310,0.825767,-0.297372,,,,,,
49127,-0.058965,0.825677,-0.296482,0.012660,1.012485,0.767705,0.035275,-0.057831,,,8.793793,9.763479,5.811088,8.021755,0.084976,0.073880,0.013923,0.199584,1.064187,,,,,,,,,
49130,,,,,,,,,0.168616,0.000000,,,,,,,,,,-0.057696,0.825262,-0.294561,,,,,,
49139,,,,,,,,,0.140513,0.659300,,,5.978535,8.383134,0.081505,0.064135,,,,-0.055951,0.824674,-0.289020,,,,,,
49149,,,,,,,,,0.168616,0.000000,,,6.663969,8.687198,0.062787,0.055895,,,,-0.054381,0.824193,-0.286193,,,,,,
49159,,,,,,,,,0.168616,0.000000,,,7.240692,8.943037,0.046923,0.048920,,,,-0.052609,0.823659,-0.280632,,,,,,
49169,,,,,,,,,0.084308,0.659300,,,6.636861,8.613756,0.065348,0.058955,,,,-0.051011,0.823135,-0.277829,,,,,,
49174,-0.051338,0.823250,-0.276628,0.014055,1.013827,0.763929,0.037562,-0.069155,,,7.090276,8.071836,,,,,0.010858,0.201192,1.040557,,,,,,,,,
49179,,,,,,,,,0.140513,0.659300,,,6.673340,8.336699,0.015436,0.018088,,,,-0.049370,0.822595,-0.275042,,,,,,
49189,,,,,,,,,0.112411,0.000000,,,6.704034,8.648128,0.014738,0.008842,,,,-0.047631,0.822055,-0.272348,,,,,,
49199,,,,,,,,,0.084308,0.659300,,,6.185317,8.365620,0.030111,0.016838,,,,-0.046003,0.821619,-0.272376,,,,,,
49209,,,,,,,,,0.084308,-0.659300,,,5.748868,7.583375,0.043325,0.039601,,,,-0.044311,0.821218,-0.264229,,,,,,
49219,,,,,,,,,0.028103,0.659300,,,5.381639,6.925194,0.054721,0.059107,,,,,,,,,,,,
49223,-0.043151,0.820791,-0.262643,0.015537,1.015241,0.759456,0.039846,-0.082171,,,4.436796,5.423092,,,,,0.006190,0.203019,1.022099,-0.042526,0.820599,-0.264382,,,,,,
49229,,,,,,,,,0.028103,0.659300,,,4.528111,6.371400,0.002839,-0.001683,,,,-0.040964,0.820099,-0.261773,,,,,,
49239,,,,,,,,,0.056205,0.000000,,,4.354495,5.905438,0.007879,0.011505,,,,-0.039971,0.819862,-0.261913,,,,,,
49249,,,,,,,,,0.028103,0.659300,,,3.663871,5.513378,0.028139,0.022753,,,,-0.040017,0.819867,-0.253428,,,,,,
49259,,,,,,,,,0.028103,0.659300,,,3.082781,5.183499,0.045525,0.032369,,,,-0.040081,0.819866,-0.245035,,,,,,
49269,,,,,,,,,-0.000000,0.000000,,,2.593851,4.361395,0.060491,0.056555,,,,-0.040622,0.819957,-0.239273,,,,,,
49274,-0.040834,0.820027,-0.241234,0.017109,1.016725,0.754185,0.042115,-0.097083,,,6.397480,7.370709,,,,,0.009274,0.204845,0.995419,,,,,,,,,
49279,,,,,,,,,0.028103,0.659300,,,2.182466,4.214221,0.130829,0.118400,,,,-0.040997,0.820029,-0.236437,,,,,,
49289,,,,,,,,,0.056205,1.318600,,,1.836327,4.634931,0.142988,0.107597,,,,-0.041551,0.820198,-0.233524,,,,,,
49299,,,,,,,,,0.084308,-0.659300,,,2.634171,4.444374,0.121816,0.114489,,,,-0.042096,0.820371,-0.230663,,,,,,
49309,,,,,,,,,0.084308,0.659300,,,2.760935,4.828582,0.119911,0.104644,,,,-0.042825,0.820584,-0.233228,,,,,,
49319,,,,,,,,,0.028103,-0.659300,,,2.867593,4.062768,0.118533,0.128288,,,,-0.043768,0.820682,-0.224607,,,,,,
49324,-0.043408,0.820597,-0.228769,0.018770,1.018276,0.748003,0.044352,-0.114131,,,10.341323,11.293007,,,,,0.015729,0.206629,0.976772,,,,,,,,,
49329,,,,,,,,,0.028103,0.659300,,,2.412793,3.962956,0.249020,0.247643,,,,-0.042766,0.820395,-0.227558,,,,,,
49339,,,,,,,,,0.084308,0.659300,,,2.574667,4.423517,0.248086,0.237676,,,,-0.042077,0.820232,-0.224828,,,,,,
49349,,,,,,,,,0.140513,0.659300,,,3.255411,5.355576,0.231882,0.213683,,,,-0.041289,0.820025,-0.219283,,,,,,
49359,,,,,,,,,0.196719,0.659300,,,4.372732,6.684354,0.202568,0.177626,,,,-0.040554,0.819781,-0.213593,,,,,,
49369,,,,,,,,,0.252924,0.659300,,,5.312846,8.346931,0.177906,0.131158,,,,-0.039302,0.819364,-0.210802,,,,,,
49374,-0.038609,0.819243,-0.209544,0.020521,1.019890,0.740781,0.046545,-0.133590,,,10.718993,11.627070,,,,,0.016099,0.208558,0.950325,,,,,,,,,
49379,,,,,,,,,0.140513,0.659300,,,6.103858,8.656735,0.168217,0.133282,,,,-0.037369,0.818829,-0.205261,,,,,,
49389,,,,,,,,,0.224821,0.000000,,,7.313958,9.461948,0.135001,0.111132,,,,-0.035117,0.818259,-0.205288,,,,,,
49399,,,,,,,,,0.252924,0.659300,,,8.332136,10.139455,0.106823,0.092333,,,,-0.032984,0.817887,-0.205312,,,,,,
49409,,,,,,,,,0.224821,0.000000,,,9.188831,11.254052,0.082885,0.060412,,,,-0.031093,0.817454,-0.202455,,,,,,
49419,,,,,,,,,0.196719,-0.659300,,,9.909655,11.102788,0.062513,0.065020,,,,-0.029007,0.816930,-0.202442,,,,,,
49424,-0.029008,0.816942,-0.205804,0.022362,1.021559,0.732373,0.048676,-0.155784,,,6.337574,7.196903,,,,,0.008471,0.210797,0.938178,,,,,,,,,
49429,,,,,,,,,0.224821,0.000000,,,9.971612,10.975514,-0.067200,-0.060717,,,,-0.026725,0.816347,-0.205227,,,,,,
49439,,,,,,,,,0.028103,0.659300,,,8.934656,10.323883,-0.038582,-0.043451,,,,-0.024667,0.815828,-0.205227,,,,,,
49449,,,,,,,,,0.056205,0.000000,,,8.062161,9.231057,-0.014282,-0.012954,,,,-0.022603,0.815341,-0.202462,,,,,,
49459,,,,,,,,,0.056205,0.000000,,,7.328045,8.311553,0.006385,0.012993,,,,-0.020172,0.814734,-0.199835,,,,,,
49469,,,,,,,,,-0.000000,0.000000,,,6.165816,6.993340,0.039939,0.051055,,,,-0.017671,0.814175,-0.197473,,,,,,
49474,-0.018622,0.814408,-0.198172,0.024293,1.023279,0.722612,0.050728,-0.181093,,,2.045856,2.832039,,,,,0.000953,0.213232,0.920784,,,,,,,,,
49479,,,,,,,,,0.028103,0.659300,,,5.187917,5.884195,-0.057007,-0.044175,,,,-0.016214,0.813819,-0.200094,,,,,,
49489,,,,,,,,,-0.000000,0.000000,,,4.365112,5.495504,-0.034423,-0.034259,,,,-0.016823,0.813922,-0.197208,,,,,,
49499,,,,,,,,,-0.000000,0.000000,,,3.672805,4.623916,-0.015266,-0.010017,,,,-0.016802,0.813955,-0.197208,,,,,,
49509,,,,,,,,,-0.000000,0.000000,,,3.090297,3.890563,0.001009,0.010595,,,,-0.017422,0.814048,-0.197256,,,,,,
49519,,,,,,,,,-0.000000,0.000000,,,2.600176,3.273519,0.014859,0.028154,,,,-0.018094,0.814137,-0.194409,,,,,,
49524,-0.018138,0.814159,-0.194724,0.026314,1.025041,0.711307,0.052683,-0.209971,,,3.299075,3.991256,,,,,0.002807,0.215497,0.906031,,,,,,,,,
49529,,,,,,,,,-0.000000,0.000000,,,2.187788,2.754338,0.063361,0.077086,,,,-0.018899,0.814335,-0.191600,,,,,,
49539,,,,,,,,,0.028103,0.659300,,,1.840804,2.317500,0.074055,0.090470,,,,-0.019933,0.814592,-0.191410,,,,,,
49549,,,,,,,,,0.028103,0.659300,,,1.548852,3.039031,0.083303,0.070147,,,,-0.020849,0.814804,-0.188660,,,,,,
49559,,,,,,,,,-0.000000,0.000000,,,1.303204,2.557040,0.091336,0.084717,,,,-0.022237,0.815097,-0.185715,,,,,,
49569,,,,,,,,,-0.000000,0.000000,,,1.096516,2.151493,0.098345,0.097280,,,,-0.023045,0.815239,-0.182869,,,,,,
49574,-0.022633,0.815149,-0.183864,0.028423,1.026835,0.698237,0.054524,-0.242959,,,8.632069,9.193173,,,,,0.011493,0.217453,0.882101,,,,,,,,,
49579,,,,,,,,,0.028103,0.659300,,,0.922608,2.354809,0.260645,0.244522,,,,-0.022671,0.815200,-0.182925,,,,,,
49589,,,,,,,,,0.028103,-0.659300,,,1.320826,1.981336,0.252685,0.258739,,,,-0.022415,0.815166,-0.182925,,,,,,
49599,,,,,,,,,0.140513,0.659300,,,2.200429,3.300726,0.230440,0.223569,,,,-0.021779,0.814900,-0.182950,,,,,,
49609,,,,,,,,,0.140513,0.659300,,,2.940527,4.410860,0.211857,0.193893,,,,-0.021219,0.814790,-0.180116,,,,,,
49619,,,,,,,,,0.168616,0.000000,,,4.107789,5.344927,0.180412,0.168839,,,,-0.020310,0.814612,-0.177312,,,,,,
49624,-0.019809,0.814528,-0.177862,0.030620,1.028652,0.683144,0.056230,-0.280706,,,8.985266,9.387700,,,,,0.011750,0.219668,0.861006,,,,,,,,,
49629,,,,,,,,,0.168616,1.318600,,,4.545379,6.675394,0.180112,0.137426,,,,-0.018587,0.814192,-0.171796,,,,,,
49639,,,,,,,,,0.196719,-0.659300,,,5.458111,7.250305,0.155519,0.121894,,,,-0.016903,0.813801,-0.171812,,,,,,
49649,,,,,,,,,0.196719,0.659300,,,6.770627,8.278579,0.118781,0.092813,,,,-0.014973,0.813427,-0.169044,,,,,,
49659,,,,,,,,,0.224821,0.000000,,,7.874978,9.143768,0.087509,0.068012,,,,-0.013036,0.812993,-0.166232,,,,,,
49669,,,,,,,,,0.168616,0.000000,,,8.259635,9.327195,0.076779,0.062759,,,,-0.011073,0.812632,-0.166236,,,,,,
49674,-0.011110,0.812667,-0.167212,0.032904,1.030478,0.665730,0.057784,-0.323990,,,6.501726,6.701787,,,,,0.007149,0.222099,0.832942,,,,,,,,,
49679,,,,,,,,,0.196719,-0.659300,,,9.127829,9.481530,-0.021011,-0.020375,,,,-0.008991,0.812335,-0.169007,,,,,,
49689,,,,,,,,,0.112411,0.000000,,,8.769240,9.066845,-0.011772,-0.009567,,,,-0.007024,0.811889,-0.171798,,,,,,
49699,,,,,,,,,0.056205,0.000000,,,7.922981,8.173386,0.011918,0.015458,,,,-0.005026,0.811602,-0.171809,,,,,,
49709,,,,,,,,,0.084308,-0.659300,,,7.755481,7.421629,0.016140,0.036763,,,,-0.002757,0.811187,-0.171890,,,,,,
49719,,,,,,,,,0.028103,0.659300,,,6.525461,6.789101,0.051553,0.054938,,,,-0.000588,0.810751,-0.172005,,,,,,
49724,-0.001355,0.810894,-0.168837,0.035273,1.032301,0.645642,0.059167,-0.373751,,,1.847364,1.815398,,,,,-0.001097,0.224414,0.814479,,,,,,,,,
49729,,,,,,,,,0.056205,1.318600,,,5.490522,6.801435,-0.054435,-0.088539,,,,0.001573,0.810329,-0.172230,,,,,,
49739,,,,,,,,,-0.000000,0.000000,,,4.619724,5.722726,-0.030687,-0.059347,,,,0.003648,0.810066,-0.169580,,,,,,
49749,,,,,,,,,-0.000000,0.000000,,,3.887035,4.815101,-0.010564,-0.034647,,,,0.003856,0.810082,-0.161194,,,,,,
49759,,,,,,,,,-0.000000,0.000000,,,3.270551,4.051425,0.006507,-0.013727,,,,0.003800,0.809989,-0.152783,,,,,,
49769,,,,,,,,,-0.000000,0.000000,,,2.751841,3.408869,0.021012,0.004014,,,,0.003626,0.809952,-0.152811,,,,,,
49774,0.003208,0.810031,-0.154156,0.037725,1.034105,0.622469,0.060363,-0.431116,,,2.622517,2.285227,,,,,-0.000298,0.226717,0.776625,,,,,,,,,
49779,,,,,,,,,-0.000000,0.000000,,,2.315399,2.868222,0.056053,0.032836,,,,0.002809,0.810102,-0.152706,,,,,,
49789,,,,,,,,,-0.000000,0.000000,,,1.948176,2.413321,0.066953,0.045875,,,,0.002286,0.810204,-0.155565,,,,,,
49799,,,,,,,,,-0.000000,0.000000,,,1.639195,2.030568,0.076324,0.057021,,,,0.001272,0.810381,-0.152592,,,,,,
49809,,,,,,,,,0.028103,-0.659300,,,1.923762,1.708520,0.068463,0.066573,,,,0.000459,0.810473,-0.155331,,,,,,
49819,,,,,,,,,0.028103,0.659300,,,1.618653,1.982092,0.077732,0.058839,,,,-0.000651,0.810688,-0.155220,,,,,,
49824,-0.000210,0.810616,-0.152364,0.040257,1.035873,0.595723,0.061357,-0.497436,,,6.526233,5.839824,,,,,0.005810,0.228789,0.748087,,,,,,,,,
49829,,,,,,,,,0.028103,0.659300,,,1.361934,2.212275,0.200032,0.156324,,,,-0.001757,0.810826,-0.155199,,,,,,
49839,,,,,,,,,0.056205,-1.318600,,,2.235018,1.861408,0.176947,0.168338,,,,-0.003067,0.811044,-0.152322,,,,,,
49849,,,,,,,,,0.112411,-1.318600,,,3.514174,2.110731,0.141553,0.162948,,,,-0.003495,0.811143,-0.146751,,,,,,
49859,,,,,,,,,0.028103,-0.659300,,,3.501368,1.775969,0.143374,0.174540,,,,-0.002967,0.811233,-0.143997,,,,,,
49869,,,,,,,,,0.084308,0.659300,,,3.490594,2.038843,0.145141,0.168793,,,,-0.002494,0.811156,-0.143969,,,,,,
49874,-0.001952,0.811062,-0.141907,0.042867,1.037585,0.564831,0.062139,-0.574311,,,10.737781,9.618700,,,,,0.012331,0.230584,0.706738,,,,,,,,,
49879,,,,,,,,,0.084308,-0.659300,,,4.026072,2.804569,0.254233,0.258843,,,,-0.001516,0.810810,-0.144020,,,,,,
49889,,,,,,,,,0.140513,0.659300,,,4.476623,3.993394,0.244263,0.227305,,,,-0.000843,0.810663,-0.141222,,,,,,
49899,,,,,,,,,0.196719,0.659300,,,5.400259,5.538214,0.220224,0.184773,,,,0.000110,0.810529,-0.138447,,,,,,
49909,,,,,,,,,0.196719,0.659300,,,6.177407,6.838025,0.200031,0.148673,,,,0.001600,0.810380,-0.132860,,,,,,
49919,,,,,,,,,0.196719,0.659300,,,6.831299,7.931686,0.183074,0.117985,,,,0.003529,0.810074,-0.130110,,,,,,
49927,0.003888,0.810052,-0.128334,0.045552,1.039222,0.529120,0.062701,-0.663608,,,10.941978,9.303562,7.926027,8.851892,0.158875,0.082624,0.011992,0.232617,0.657454,,,,,,,,,
49930,,,,,,,,,0.224821,0.000000,,,,,,,,,,0.005607,0.809686,-0.130134,,,,,,
49939,,,,,,,,,0.224821,-1.318600,,,9.391674,9.081611,0.117408,0.076115,,,,0.007896,0.809387,-0.130118,,,,,,
49949,,,,,,,,,0.224821,0.000000,,,10.080326,9.819439,0.097989,0.054618,,,,0.010101,0.809126,-0.132860,,,,,,
49959,,,,,,,,,0.224821,-1.318600,,,11.204301,9.895704,0.065492,0.052137,,,,0.012484,0.808833,-0.141206,,,,,,
49969,,,,,,,,,0.196719,-0.659300,,,11.605470,9.959874,0.053620,0.049974,,,,0.014786,0.808560,-0.146755,,,,,,
49974,0.014688,0.808567,-0.147976,0.048308,1.040760,0.487805,0.063045,-0.767452,,,3.617951,1.419103,,,,,-0.000981,0.234612,0.635781,,,,,,,,,
49979,,,,,,,,,0.140513,-0.659300,,,11.398470,9.469323,-0.155085,-0.166835,,,,0.017205,0.808185,-0.155094,,,,,,
49989,,,,,,,,,0.084308,-0.659300,,,10.679757,8.512031,-0.137776,-0.142669,,,,0.019471,0.807869,-0.163445,,,,,,
49999,,,,,,,,,-0.000000,0.000000,,,8.985947,7.162022,-0.091571,-0.106546,,,,0.021881,0.807462,-0.171848,,,,,,
50009,,,,,,,,,-0.028103,-0.659300,,,7.560774,5.481581,-0.052418,-0.060099,,,,0.024635,0.806995,-0.174877,,,,,,
50019,,,,,,,,,-0.000000,0.000000,,,6.361634,4.612201,-0.019200,-0.036594,,,,0.027485,0.806487,-0.175303,,,,,,
50027,0.026411,0.806661,-0.173009,0.051132,1.042174,0.439987,0.063181,-0.888137,,,-4.989274,-7.845721,5.352678,3.880705,-0.242994,-0.287982,-0.016191,0.236252,0.612996,,,,,,,,,
50030,,,,,,,,,-0.000000,0.000000,,,,,,,,,,0.028804,0.806256,-0.178170,,,,,,
50039,,,,,,,,,-0.028103,-0.659300,,,4.503743,2.720682,-0.223101,-0.259645,,,,0.027855,0.806321,-0.175124,,,,,,
50049,,,,,,,,,-0.056205,0.000000,,,3.244905,1.744638,-0.190799,-0.236139,,,,0.028134,0.806302,-0.178054,,,,,,
50059,,,,,,,,,-0.084308,-0.659300,,,2.185719,0.378852,-0.163739,-0.200752,,,,0.027383,0.806424,-0.180604,,,,,,
50069,,,,,,,,,-0.112411,-1.318600,,,1.294521,-1.314864,-0.141088,-0.155108,,,,0.026811,0.806538,-0.189111,,,,,,
50074,0.026315,0.806643,-0.193293,0.054019,1.043439,0.384662,0.063132,-1.027937,,,-5.770235,-9.410700,,,,,-0.018299,0.237708,0.577955,,,,,,,,,
50079,,,,,,,,,-0.112411,-1.318600,,,0.544666,-2.739956,-0.145015,-0.162338,,,,0.025906,0.806732,-0.197448,,,,,,
50089,,,,,,,,,-0.112411,-1.318600,,,-0.086261,-3.939028,-0.129573,-0.130431,,,,0.024164,0.807095,-0.205711,,,,,,
50099,,,,,,,,,-0.168616,-1.318600,,,-1.161666,-5.492471,-0.100814,-0.087573,,,,0.022489,0.807445,-0.219561,,,,,,
50109,,,,,,,,,-0.140513,-0.659300,,,-2.066512,-6.254994,-0.076532,-0.067127,,,,0.020635,0.807922,-0.230627,,,,,,
50119,,,,,,,,,-0.112411,-1.318600,,,-2.283306,-6.896581,-0.071962,-0.049856,,,,0.018940,0.808351,-0.244630,,,,,,
50127,0.019099,0.808313,-0.245855,0.056964,1.044526,0.320757,0.062935,-1.188691,,,-6.784827,-11.285333,-2.465717,-7.436412,-0.098002,-0.090146,-0.020765,0.238326,0.566612,,,,,,,,,
50130,,,,,,,,,-0.112411,-1.318600,,,,,,,,,,0.017002,0.808873,-0.255704,,,,,,
50139,,,,,,,,,-0.168616,0.000000,,,-3.708283,-7.890625,-0.063693,-0.078694,,,,0.015129,0.809323,-0.266822,,,,,,
50149,,,,,,,,,-0.168616,-1.318600,,,-4.209236,-8.817344,-0.050502,-0.053189,,,,0.013118,0.809879,-0.277861,,,,,,
50159,,,,,,,,,-0.112411,-1.318600,,,-4.086194,-9.052542,-0.055340,-0.047487,,,,0.011003,0.810551,-0.288937,,,,,,
50169,,,,,,,,,-0.084308,-1.977900,,,-3.438123,-9.250437,-0.075611,-0.042765,,,,0.008770,0.811249,-0.297288,,,,,,
50174,0.009298,0.811105,-0.301271,0.059963,1.045404,0.247221,0.062651,-1.371067,,,-6.491943,-11.979368,,,,,-0.021141,0.238781,0.548492,,,,,,,,,
50179,,,,,,,,,-0.084308,-0.659300,,,-3.437379,-8.872402,-0.068664,-0.075132,,,,0.006526,0.811941,-0.308429,,,,,,
50189,,,,,,,,,-0.084308,-0.659300,,,-3.436754,-8.554324,-0.070148,-0.085936,,,,0.004205,0.812723,-0.319619,,,,,,
50199,,,,,,,,,-0.140513,-1.977900,,,-3.436227,-8.831237,-0.071630,-0.079472,,,,0.002998,0.813120,-0.330810,,,,,,
50209,,,,,,,,,-0.140513,-0.659300,,,-3.980327,-9.608774,-0.057166,-0.058217,,,,0.002528,0.813385,-0.339251,,,,,,
50219,,,,,,,,,-0.140513,-0.659300,,,-3.893590,-9.718451,-0.060911,-0.056144,,,,0.001900,0.813608,-0.347688,,,,,,
50224,0.001961,0.813583,-0.346560,0.063009,1.046041,0.163180,0.062366,-1.573367,,,-6.104284,-12.717723,,,,,-0.021539,0.239374,0.509740,,,,,,,,,
50229,,,,,,,,,-0.112411,-1.318600,,,-4.365153,-9.810733,-0.037000,-0.076146,,,,0.001382,0.813791,-0.358967,,,,,,
50239,,,,,,,,,-0.056205,-1.318600,,,-3.672839,-9.343836,-0.058106,-0.091212,,,,0.000570,0.814262,-0.370203,,,,,,
50249,,,,,,,,,-0.112411,-1.318600,,,-3.634869,-9.495532,-0.060385,-0.088390,,,,-0.000120,0.814545,-0.381471,,,,,,
50259,,,,,,,,,-0.084308,-1.977900,,,-3.058379,-9.623169,-0.078450,-0.086199,,,,-0.001193,0.815035,-0.395564,,,,,,
50269,,,,,,,,,-0.112411,-1.318600,,,-3.117863,-9.730563,-0.078170,-0.084540,,,,-0.002232,0.815584,-0.415340,,,,,,
50274,-0.002319,0.815591,-0.415101,0.066098,1.046403,0.068188,0.062198,-1.789854,,,-10.760674,-18.553322,,,,,-0.030476,0.238802,0.483289,,,,,,,,,
50279,,,,,,,,,-0.112411,-1.318600,,,-3.167912,-9.820924,-0.214477,-0.254195,,,,-0.003355,0.816155,-0.435167,,,,,,
50289,,,,,,,,,-0.168616,-2.637200,,,-3.210024,-10.441497,-0.216889,-0.240216,,,,-0.004168,0.816639,-0.446504,,,,,,
50299,,,,,,,,,-0.168616,-1.318600,,,-3.790000,-11.508190,-0.203531,-0.212877,,,,-0.004873,0.817060,-0.460708,,,,,,
50309,,,,,,,,,-0.252924,-1.977900,,,-4.822536,-12.950249,-0.176645,-0.174035,,,,-0.005361,0.817481,-0.477798,,,,,,
50319,,,,,,,,,-0.281027,-1.318600,,,-6.235854,-14.163597,-0.138113,-0.141197,,,,-0.005810,0.817855,-0.497974,,,,,,
50324,-0.006579,0.818177,-0.496553,0.069222,1.046453,-0.037448,0.062297,-2.008916,,,-16.995811,-25.974670,,,,,-0.042103,0.236818,0.459105,,,,,,,,,
50329,,,,,,,,,-0.252924,-1.977900,,,-6.880476,-15.184508,-0.303975,-0.330709,,,,-0.006258,0.818168,-0.512548,,,,,,
50339,,,,,,,,,-0.393437,-1.318600,,,-9.056491,-17.132589,-0.245117,-0.278849,,,,-0.007145,0.818811,-0.535915,,,,,,
50347,,,,,,,,,,,,,-11.431932,-19.860790,-0.179375,-0.203211,,,,-0.007145,0.818811,-0.535915,,,,,,
50350,,,,,,,,,-0.505848,-2.637200,,,,,,,,,,-0.009688,0.820295,-0.547035,,,,,,
50359,,,,,,,,,-0.252924,-1.977900,,,-11.252456,-20.522669,-0.187300,-0.186766,,,,-0.011861,0.821611,-0.567249,,,,,,
50369,,,,,,,,,-0.337232,-1.318600,,,-12.190531,-21.079573,-0.162590,-0.173077,,,,-0.014372,0.823323,-0.584733,,,,,,
50374,-0.014938,0.823608,-0.582866,0.072376,1.046155,-0.152343,0.062848,-2.212000,,,-20.797667,-30.880281,,,,,-0.049597,0.233862,0.430523,,,,,,,,,
50379,,,,,,,,,-0.365335,-1.977900,,,-12.435284,-22.092695,-0.269049,-0.289399,,,,-0.017348,0.825318,-0.604796,,,,,,
50389,,,,,,,,,-0.393437,-2.637200,,,-13.730306,-22.945137,-0.235145,-0.268657,,,,-0.019783,0.827159,-0.622395,,,,,,
50399,,,,,,,,,-0.421540,-1.977900,,,-14.819937,-24.206924,-0.206633,-0.235521,,,,-0.022685,0.829299,-0.639756,,,,,,
50409,,,,,,,,,-0.421540,-1.977900,,,-15.736753,-25.813135,-0.182658,-0.191694,,,,-0.025394,0.831499,-0.660726,,,,,,
50419,,,,,,,,,-0.449643,-1.318600,,,-16.508162,-26.620058,-0.162500,-0.170500,,,,-0.028842,0.834283,-0.681005,,,,,,
50424,-0.029212,0.834481,-0.678303,0.075552,1.045468,-0.273856,0.064062,-2.374927,,,-20.969519,-31.931583,,,,,-0.050815,0.230019,0.404447,,,,,,,,,
50429,,,,,,,,,-0.449643,-2.637200,,,-17.157225,-27.299002,-0.150586,-0.183447,,,,-0.032148,0.837124,-0.701783,,,,,,
50439,,,,,,,,,-0.449643,-2.637200,,,-18.247889,-28.414808,-0.120481,-0.153000,,,,-0.035852,0.840439,-0.719454,,,,,,
50449,,,,,,,,,-0.421540,-1.977900,,,-18.621031,-28.809105,-0.110862,-0.143143,,,,-0.039105,0.843547,-0.740358,,,,,,
50459,,,,,,,,,-0.421540,-1.977900,,,-18.934992,-29.685410,-0.102797,-0.118984,,,,-0.042385,0.846879,-0.761119,,,,,,
50469,,,,,,,,,-0.421540,-1.977900,,,-19.199160,-29.878189,-0.096038,-0.114417,,,,-0.045693,0.850370,-0.778955,,,,,,
50474,-0.045631,0.850214,-0.778809,0.078743,1.044352,-0.398267,0.066158,-2.472996,,,-18.797426,-30.282887,,,,,-0.047846,0.225542,0.380542,,,,,,,,,
50479,,,,,,,,,-0.393437,-1.318600,,,-19.421431,-29.495850,-0.026781,-0.078324,,,,-0.049109,0.853948,-0.799858,,,,,,
50489,,,,,,,,,-0.337232,-2.637200,,,-18.519361,-29.174150,-0.052894,-0.088121,,,,-0.052498,0.857497,-0.817702,,,,,,
50499,,,,,,,,,-0.365335,-1.977900,,,-18.304905,-28.903473,-0.059307,-0.096579,,,,-0.055877,0.861242,-0.841533,,,,,,
50509,,,,,,,,,-0.365335,-1.977900,,,-17.579918,-28.131180,-0.080771,-0.119854,,,,-0.059505,0.865343,-0.862397,,,,,,
50519,,,,,,,,,-0.337232,-2.637200,,,-17.514456,-28.025917,-0.083272,-0.123969,,,,-0.062311,0.868720,-0.883619,,,,,,
50525,-0.061853,0.868223,-0.885889,0.081941,1.042764,-0.521343,0.069343,-2.489058,,,-16.414474,-27.960106,,,,,-0.044214,0.221780,0.364545,,,,,,,,,
50529,,,,,,,,,-0.365335,-1.977900,,,-17.459377,-28.481892,-0.015728,-0.043690,,,,-0.064147,0.870797,-0.908318,,,,,,
50539,,,,,,,,,-0.309129,-1.977900,,,-16.868490,-27.776463,-0.032528,-0.064095,,,,-0.066010,0.873330,-0.929944,,,,,,
50549,,,,,,,,,-0.281027,-2.637200,,,-15.826775,-27.182915,-0.062811,-0.081562,,,,-0.067619,0.875805,-0.955006,,,,,,
50559,,,,,,,,,-0.252924,-1.977900,,,-14.950275,-26.138960,-0.088757,-0.112502,,,,-0.069413,0.878472,-0.976694,,,,,,
50569,,,,,,,,,-0.281027,-2.637200,,,-14.212790,-25.805120,-0.111053,-0.123151,,,,-0.071137,0.881072,-1.001778,,,,,,
50574,-0.071043,0.880954,-1.003118,0.085138,1.040662,-0.639124,0.073786,-2.420534,,,-20.202438,-31.314405,,,,,-0.050684,0.217556,0.363994,,,,,,,,,
50579,,,,,,,,,-0.309129,-1.977900,,,-14.136812,-25.524227,-0.225246,-0.230624,,,,-0.072387,0.883229,-1.027108,,,,,,
50589,,,,,,,,,-0.393437,-2.637200,,,-14.072885,-25.832426,-0.230030,-0.224379,,,,-0.073428,0.885230,-1.049445,,,,,,
50599,,,,,,,,,-0.281027,-2.637200,,,-14.019096,-26.091745,-0.234547,-0.219417,,,,-0.074285,0.887127,-1.068802,,,,,,
50609,,,,,,,,,-0.393437,-1.318600,,,-15.062925,-26.309937,-0.206952,-0.215536,,,,-0.075082,0.888924,-1.091771,,,,,,
50619,,,,,,,,,-0.421540,-1.977900,,,-15.941203,-27.038067,-0.183703,-0.196618,,,,-0.075851,0.890810,-1.108697,,,,,,
50625,-0.076323,0.891519,-1.108137,0.088327,1.038001,-0.748593,0.079602,-2.280547,,,-24.358934,-34.650471,,,,,-0.057593,0.212719,0.359543,,,,,,,,,
50629,,,,,,,,,-0.421540,-1.977900,,,-16.680185,-27.650715,-0.285813,-0.278412,,,,-0.076573,0.892482,-1.126209,,,,,,
50639,,,,,,,,,-0.477745,-1.977900,,,-17.846508,-28.166197,-0.255349,-0.266679,,,,-0.077338,0.894296,-1.143887,,,,,,
50649,,,,,,,,,-0.562053,-1.318600,,,-19.916939,-30.233553,-0.197852,-0.209259,,,,-0.078969,0.898021,-1.159966,,,,,,
50659,,,,,,,,,-0.449643,-2.637200,,,-20.025370,-30.339396,-0.196810,-0.208280,,,,-0.080810,0.902039,-1.175667,,,,,,
50669,,,,,,,,,-0.477745,-0.659300,,,-20.661146,-30.972996,-0.180274,-0.191798,,,,-0.082331,0.905769,-1.192782,,,,,,
50674,-0.082684,0.906385,-1.188446,0.091498,1.034736,-0.847975,0.086848,-2.092346,,,-22.372869,-31.601089,,,,,-0.054095,0.209493,0.340471,,,,,,,,,
50679,,,,,,,,,-0.449643,-2.637200,,,-21.196089,-30.961563,-0.108234,-0.104612,,,,-0.084267,0.910722,-1.205386,,,,,,
50689,,,,,,,,,-0.421540,-0.659300,,,-21.646189,-30.951944,-0.095620,-0.105200,,,,-0.085793,0.914793,-1.222531,,,,,,
50699,,,,,,,,,-0.393437,-1.318600,,,-21.480360,-30.399307,-0.100824,-0.121693,,,,-0.087586,0.919463,-1.235538,,,,,,
50709,,,,,,,,,-0.421540,-1.977900,,,-21.340832,-29.934319,-0.105338,-0.135885,,,,-0.089318,0.923756,-1.252631,,,,,,
50719,,,,,,,,,-0.421540,-1.977900,,,-21.223433,-30.087620,-0.109271,-0.132196,,,,-0.090892,0.928621,-1.265666,,,,,,
50724,-0.090784,0.928426,-1.267484,0.094644,1.030821,-0.936654,0.095535,-1.880993,,,-15.517477,-23.513500,,,,,-0.042337,0.207547,0.330830,,,,,,,,,
50729,,,,,,,,,-0.393437,-1.318600,,,-21.124653,-30.216608,0.088011,0.107659,,,,-0.092497,0.933731,-1.278789,,,,,,
50739,,,,,,,,,-0.224821,-1.318600,,,-19.407909,-28.146965,0.040436,0.050277,,,,-0.094002,0.938803,-1.295748,,,,,,
50749,,,,,,,,,-0.168616,0.000000,,,-17.963442,-25.316483,0.000010,-0.030376,,,,-0.095371,0.944164,-1.312787,,,,,,
50759,,,,,,,,,-0.028103,-0.659300,,,-15.114437,-21.845829,-0.082235,-0.131131,,,,-0.096621,0.949206,-1.330415,,,,,,
50769,,,,,,,,,-0.112411,-1.318600,,,-13.261828,-20.014708,-0.136673,-0.185547,,,,-0.097200,0.951593,-1.347895,,,,,,
50774,-0.096787,0.950103,-1.346679,0.097754,1.026211,-1.014874,0.105637,-1.667089,,,-8.865151,-15.557962,,,,,-0.030969,0.206590,0.331806,,,,,,,,,
50779,,,,,,,,,-0.281027,-1.318600,,,-13.336674,-20.107632,0.059216,0.048433,,,,-0.097736,0.953500,-1.365733,,,,,,
50789,,,,,,,,,-0.252924,-1.977900,,,-12.855105,-19.641275,0.047262,0.036962,,,,-0.098449,0.955941,-1.380045,,,,,,
50799,,,,,,,,,-0.112411,-1.318600,,,-11.360827,-18.704340,0.005425,0.011488,,,,-0.098567,0.957750,-1.405684,,,,,,
50817,,,,,,,,,-0.028103,-0.659300,,,-8.042940,-15.878158,-0.090192,-0.069404,,,,-0.098809,0.960836,-1.416237,,,,,,
50820,,,,,,,,,-0.112411,-2.637200,,,,,,,,,,-0.099072,0.963114,-1.430771,,,,,,
50825,-0.098956,0.962488,-1.434780,0.100821,1.020859,-1.083402,0.117109,-1.464366,,,-8.784156,-14.139986,,,,,-0.030743,0.205847,0.351377,,,,,,,,,
50829,,,,,,,,,-0.112411,0.000000,,,-7.856415,-14.448966,-0.093677,-0.069579,,,,-0.099218,0.964057,-1.438144,,,,,,
50839,,,,,,,,,-0.196719,-0.659300,,,-7.699473,-14.335531,-0.098717,-0.072752,,,,-0.099300,0.964546,-1.445565,,,,,,
50849,,,,,,,,,-0.140513,-0.659300,,,-8.111965,-13.695543,-0.087160,-0.091397,,,,-0.099359,0.965092,-1.449386,,,,,,
50859,,,,,,,,,-0.140513,-0.659300,,,-7.914493,-12.612514,-0.093265,-0.123321,,,,-0.099357,0.965502,-1.453327,,,,,,
50869,,,,,,,,,-0.084308,-0.659300,,,-7.203796,-12.245798,-0.114492,-0.134792,,,,-0.099455,0.966317,-1.457122,,,,,,
50874,-0.099456,0.966347,-1.458013,0.103835,1.014719,-1.143250,0.129894,-1.280196,,,-5.205991,-9.489649,,,,,-0.025186,0.207443,0.314763,,,,,,,,,
50879,,,,,,,,,-0.168616,0.000000,,,-7.694903,-11.937243,0.003898,-0.008574,,,,-0.099476,0.966778,-1.461097,,,,,,
50889,,,,,,,,,-0.084308,-0.659300,,,-7.019033,-11.133080,-0.014697,-0.030945,,,,-0.099483,0.967582,-1.465057,,,,,,
50899,,,,,,,,,-0.028103,-0.659300,,,-5.905814,-9.911916,-0.046421,-0.065912,,,,-0.099492,0.968191,-1.473178,,,,,,
50909,,,,,,,,,-0.140513,-0.659300,,,-6.058237,-9.973515,-0.041623,-0.063905,,,,-0.099612,0.969230,-1.476768,,,,,,
50919,,,,,,,,,-0.084308,-0.659300,,,-5.641943,-9.480801,-0.053403,-0.078100,,,,-0.099744,0.970443,-1.483882,,,,,,
50927,-0.099754,0.970451,-1.484478,0.106786,1.007746,-1.195489,0.143933,-1.117327,,,-1.373196,-4.654911,-4.747130,-8.521688,0.032831,0.035374,-0.019350,0.208986,0.288989,,,,,,,,,
50930,,,,,,,,,-0.028103,-0.659300,,,,,,,,,,-0.099658,0.971661,-1.487191,,,,,,
50939,,,,,,,,,-0.000000,0.000000,,,-3.994235,-7.170147,0.012406,-0.002343,,,,-0.099735,0.973093,-1.498164,,,,,,
50949,,,,,,,,,-0.028103,-0.659300,,,-3.360748,-6.577504,-0.004885,-0.018488,,,,-0.099733,0.974435,-1.505675,,,,,,
50959,,,,,,,,,-0.028103,-0.659300,,,-2.827733,-6.078854,-0.019538,-0.032166,,,,-0.099809,0.975682,-1.509209,,,,,,
50969,,,,,,,,,-0.028103,0.659300,,,-2.923797,-5.114747,-0.016027,-0.059711,,,,-0.099886,0.975490,-1.509409,,,,,,
50974,-0.099886,0.975185,-1.504550,0.109666,0.999895,-1.241144,0.159166,-0.975664,,,4.205184,1.816193,,,,,-0.010784,0.210729,0.263406,,,,,,,,,
50979,,,,,,,,,-0.028103,-0.659300,,,-2.460083,-4.848091,0.134475,0.122176,,,,-0.099869,0.975668,-1.509346,,,,,,
50989,,,,,,,,,-0.000000,0.000000,,,-2.069913,-4.079183,0.126250,0.102861,,,,-0.099842,0.975564,-1.513279,,,,,,
50999,,,,,,,,,0.028103,-0.659300,,,-1.197082,-3.432224,0.103706,0.086748,,,,-0.099808,0.975596,-1.517089,,,,,,
51009,,,,,,,,,0.028103,0.659300,,,-1.007224,-2.343329,0.100740,0.057384,,,,-0.099788,0.975730,-1.513048,,,,,,
51019,,,,,,,,,0.028103,-0.659300,,,-0.302935,-1.971677,0.082620,0.048499,,,,-0.099794,0.975167,-1.513146,,,,,,
51027,-0.099796,0.975051,-1.515191,0.112465,0.991123,-1.281141,0.175531,-0.853618,,,8.727160,7.106408,-0.254890,-1.658969,0.215781,0.196058,-0.004251,0.212826,0.234050,,,,,,,,,
51030,,,,,,,,,-0.000000,0.000000,,,,,,,,,,-0.099792,0.974755,-1.513209,,,,,,
51039,,,,,,,,,0.084308,0.659300,,,0.330079,-0.306770,0.202964,0.160673,,,,-0.099769,0.974204,-1.513345,,,,,,
51049,,,,,,,,,0.112411,0.000000,,,0.822272,0.830970,0.192584,0.130919,,,,-0.099752,0.973995,-1.509545,,,,,,
51059,,,,,,,,,0.084308,0.659300,,,1.780946,1.788265,0.168308,0.105901,,,,-0.099776,0.973871,-1.509247,,,,,,
51069,,,,,,,,,0.084308,-0.659300,,,2.587574,2.049189,0.148024,0.100814,,,,-0.099792,0.972698,-1.509346,,,,,,
51074,-0.099777,0.972542,-1.512603,0.115174,0.981388,-1.316292,0.192969,-0.748975,,,14.234263,13.230293,,,,,0.003671,0.215102,0.196311,,,,,,,,,
51079,,,,,,,,,0.112411,0.000000,,,3.266271,2.813274,0.292347,0.260177,,,,-0.099753,0.971480,-1.509344,,,,,,
51089,,,,,,,,,0.224821,0.000000,,,4.926413,4.000718,0.249002,0.230408,,,,-0.099728,0.970071,-1.513144,,,,,,
51099,,,,,,,,,0.196719,-0.659300,,,6.323256,5.544376,0.212571,0.189640,,,,-0.099697,0.968881,-1.516901,,,,,,
51109,,,,,,,,,0.281027,0.000000,,,8.043102,7.387753,0.166011,0.139355,,,,-0.099654,0.967375,-1.516760,,,,,,
51119,,,,,,,,,0.224821,0.000000,,,8.945638,8.394227,0.142556,0.112690,,,,-0.099483,0.964828,-1.516817,,,,,,
51124,-0.099453,0.964533,-1.516463,0.117785,0.970649,-1.347295,0.211420,-0.659401,,,16.306633,15.884809,,,,,0.005691,0.217250,0.169168,,,,,,,,,
51129,,,,,,,,,0.252924,-0.659300,,,10.249575,9.241075,0.167595,0.167940,,,,-0.099360,0.962420,-1.516784,,,,,,
51139,,,,,,,,,0.252924,0.659300,,,10.802164,10.498155,0.154322,0.134322,,,,-0.099334,0.959610,-1.524539,,,,,,
51149,,,,,,,,,0.309129,-0.659300,,,12.356199,11.555862,0.111462,0.105938,,,,-0.099295,0.957463,-1.520599,,,,,,
51159,,,,,,,,,0.281027,0.000000,,,13.119221,12.445817,0.091017,0.081958,,,,-0.099174,0.954952,-1.524397,,,,,,
51169,,,,,,,,,0.281027,0.000000,,,13.216683,12.650082,0.089693,0.077627,,,,-0.099059,0.952305,-1.524397,,,,,,
51174,-0.099029,0.952154,-1.523731,0.120287,0.958868,-1.374742,0.230822,-0.582686,,,16.015955,16.143673,,,,,0.003612,0.219389,0.148989,,,,,,,,,
51179,,,,,,,,,0.196719,-0.659300,,,13.843231,12.821950,0.064320,0.081727,,,,-0.098956,0.949292,-1.524456,,,,,,
51189,,,,,,,,,0.252924,0.659300,,,13.825866,13.511103,0.065872,0.063143,,,,-0.098847,0.946617,-1.528286,,,,,,
51199,,,,,,,,,0.224821,0.000000,,,13.811255,13.001869,0.067351,0.079317,,,,-0.098711,0.943979,-1.528327,,,,,,
51209,,,,,,,,,0.224821,0.000000,,,13.798961,13.117944,0.068769,0.077427,,,,-0.098574,0.941388,-1.528327,,,,,,
51219,,,,,,,,,0.224821,0.000000,,,13.788616,13.760152,0.070136,0.060075,,,,-0.098420,0.938784,-1.528324,,,,,,
51224,-0.098427,0.938964,-1.527938,0.122674,0.946008,-1.399135,0.251111,-0.516862,,,16.349268,16.956326,,,,,0.002435,0.221200,0.128803,,,,,,,,,
51229,,,,,,,,,0.196719,0.659300,,,13.235370,13.211420,0.097163,0.101081,,,,-0.098450,0.936237,-1.524595,,,,,,
51239,,,,,,,,,0.224821,0.000000,,,13.314411,13.838803,0.096344,0.084509,,,,-0.098341,0.933963,-1.524655,,,,,,
51249,,,,,,,,,0.224821,0.000000,,,13.380917,13.822140,0.095853,0.086493,,,,-0.098256,0.931536,-1.520894,,,,,,
51259,,,,,,,,,0.252924,0.659300,,,13.436874,14.352662,0.095640,0.072464,,,,-0.098259,0.929298,-1.517324,,,,,,
51269,,,,,,,,,0.196719,-0.659300,,,13.483957,13.709957,0.095659,0.092532,,,,-0.098172,0.927234,-1.517324,,,,,,
51274,-0.098169,0.927393,-1.520981,0.124935,0.932035,-1.420894,0.272220,-0.460225,,,19.897675,20.850164,,,,,0.006473,0.223058,0.100088,,,,,,,,,
51279,,,,,,,,,0.196719,0.659300,,,12.979030,13.713729,0.215716,0.207991,,,,-0.098067,0.925328,-1.509537,,,,,,
51289,,,,,,,,,0.281027,0.000000,,,13.643270,14.261446,0.199588,0.195379,,,,-0.097907,0.923475,-1.513199,,,,,,
51299,,,,,,,,,0.281027,0.000000,,,14.202161,14.722295,0.186226,0.185048,,,,-0.097787,0.921809,-1.513089,,,,,,
51309,,,,,,,,,0.337232,0.000000,,,14.672412,15.654596,0.175191,0.160692,,,,-0.097704,0.920484,-1.509114,,,,,,
51319,,,,,,,,,0.309129,0.659300,,,15.068082,16.439035,0.166113,0.140217,,,,-0.097638,0.918426,-1.509138,,,,,,
51324,-0.097598,0.917884,-1.507366,0.127063,0.916920,-1.440377,0.294079,-0.411334,,,26.323868,27.503887,,,,,0.015203,0.224149,0.066989,,,,,,,,,
51329,,,,,,,,,0.252924,0.659300,,,15.400998,16.554518,0.346843,0.333775,,,,-0.097526,0.915110,-1.509119,,,,,,
51339,,,,,,,,,0.393437,0.000000,,,16.770201,17.740772,0.311996,0.304297,,,,-0.097438,0.912141,-1.505324,,,,,,
51349,,,,,,,,,0.477745,-0.659300,,,18.466791,19.283428,0.266905,0.263814,,,,-0.097336,0.908858,-1.505335,,,,,,
51359,,,,,,,,,0.505848,0.000000,,,20.983387,21.125963,0.196991,0.213810,,,,-0.097128,0.905777,-1.501532,,,,,,
51369,,,,,,,,,0.505848,1.318600,,,22.011765,22.676271,0.169443,0.171479,,,,-0.096785,0.901559,-1.497749,,,,,,
51374,-0.096658,0.900816,-1.493024,0.129050,0.900634,-1.457883,0.316615,-0.368976,,,29.133173,30.478592,,,,,0.017717,0.225011,0.035141,,,,,,,,,
51379,,,,,,,,,0.421540,0.659300,,,22.332499,23.436157,0.244378,0.238646,,,,-0.096516,0.897114,-1.497765,,,,,,
51389,,,,,,,,,0.449643,0.000000,,,23.146908,24.620068,0.223797,0.207361,,,,-0.096296,0.892331,-1.494008,,,,,,
51399,,,,,,,,,0.505848,0.000000,,,24.376694,25.616211,0.190662,0.181006,,,,-0.096100,0.887649,-1.490264,,,,,,
51409,,,,,,,,,0.477745,0.659300,,,24.866892,26.454365,0.178592,0.158799,,,,-0.095764,0.883009,-1.486477,,,,,,
51419,,,,,,,,,0.477745,0.659300,,,25.279345,27.159588,0.168563,0.140082,,,,-0.095392,0.877919,-1.478996,,,,,,
51424,-0.095312,0.877844,-1.477409,0.130888,0.883154,-1.473669,0.339751,-0.332142,,,29.378616,30.824335,,,,,0.015807,0.225710,0.003739,,,,,,,,,
51429,,,,,,,,,0.505848,0.000000,,,26.170925,27.752962,0.151494,0.134424,,,,-0.095094,0.872216,-1.479102,,,,,,
51439,,,,,,,,,0.505848,0.000000,,,26.376558,28.252228,0.147013,0.121280,,,,-0.094850,0.866740,-1.479260,,,,,,
51449,,,,,,,,,0.477745,0.659300,,,27.094122,28.127766,0.127444,0.126159,,,,-0.094432,0.861463,-1.475662,,,,,,
51459,,,,,,,,,0.477745,-0.659300,,,27.697880,28.567587,0.110862,0.114575,,,,-0.094051,0.856192,-1.479480,,,,,,
51469,,,,,,,,,0.421540,0.659300,,,27.116795,28.393110,0.128683,0.120767,,,,-0.093627,0.851170,-1.475827,,,,,,
51474,-0.093579,0.851650,-1.473195,0.132572,0.864459,-1.487949,0.363405,-0.299990,,,26.875669,28.504829,,,,,0.009290,0.226323,-0.014754,,,,,,,,,
51479,,,,,,,,,0.505848,0.000000,,,27.716957,28.246305,0.038910,0.058318,,,,-0.093100,0.845957,-1.479685,,,,,,
51489,,,,,,,,,0.393437,0.000000,,,27.132847,28.122784,0.055609,0.062058,,,,-0.092556,0.841066,-1.476038,,,,,,
51499,,,,,,,,,0.421540,-0.659300,,,27.185919,27.474308,0.053931,0.081229,,,,-0.092079,0.835965,-1.476256,,,,,,
51509,,,,,,,,,0.365335,0.659300,,,26.141487,26.928682,0.084363,0.097700,,,,-0.091627,0.830906,-1.476795,,,,,,
51519,,,,,,,,,0.365335,0.659300,,,25.262703,26.469591,0.110447,0.111899,,,,-0.091289,0.825713,-1.474360,,,,,,
51524,-0.091311,0.826366,-1.471496,0.134093,0.844533,-1.500908,0.387491,-0.271821,,,25.282978,27.085751,,,,,0.004268,0.226094,-0.029412,,,,,,,,,
51529,,,,,,,,,0.393437,0.000000,,,24.523294,25.538769,0.086237,0.098579,,,,-0.090818,0.820739,-1.468132,,,,,,
51539,,,,,,,,,0.337232,1.318600,,,23.901155,25.844662,0.104818,0.090365,,,,-0.090406,0.816900,-1.464665,,,,,,
51549,,,,,,,,,0.393437,0.000000,,,23.922232,25.557497,0.104864,0.099369,,,,-0.090223,0.814132,-1.459416,,,,,,
51559,,,,,,,,,0.365335,0.659300,,,23.395422,25.315876,0.120942,0.107177,,,,-0.089873,0.810833,-1.455691,,,,,,
51569,,,,,,,,,0.365335,-0.659300,,,23.496708,24.568033,0.118882,0.129924,,,,-0.089601,0.808092,-1.447622,,,,,,
51574,-0.089611,0.808099,-1.452392,0.135446,0.823364,-1.512703,0.411920,-0.247053,,,31.016579,32.732361,,,,,0.011427,0.225284,-0.060311,,,,,,,,,
51579,,,,,,,,,0.421540,0.659300,,,23.037386,24.483343,0.301068,0.298945,,,,-0.089252,0.805036,-1.443727,,,,,,
51589,,,,,,,,,0.505848,1.318600,,,23.740000,26.045713,0.284326,0.257158,,,,-0.088918,0.802324,-1.439629,,,,,,
51594,,,,,,,,,,,,,,,,,,,,-0.088918,0.802324,-1.439629,,,,,,
51599,,,,,,,,,0.449643,0.000000,,,24.875721,26.815748,0.254565,0.237821,,,,-0.088473,0.799601,-1.442959,,,,,,
51609,,,,,,,,,0.533951,0.659300,,,25.831318,27.463655,0.229533,0.221690,,,,-0.088173,0.797462,-1.442079,,,,,,
51619,,,,,,,,,0.562053,0.000000,,,27.179899,28.553349,0.192535,0.192313,,,,-0.087918,0.794755,-1.434433,,,,,,
51624,-0.087778,0.793533,-1.435940,0.136626,0.800945,-1.523469,0.436600,-0.225197,,,39.267502,40.865017,,,,,0.022826,0.223363,-0.087529,,,,,,,,,
51629,,,,,,,,,0.505848,0.000000,,,27.770052,29.470215,0.418684,0.405597,,,,-0.087221,0.789395,-1.438275,,,,,,
51639,,,,,,,,,0.590156,-0.659300,,,28.811150,30.241667,0.393719,0.388479,,,,-0.086755,0.785030,-1.434496,,,,,,
51649,,,,,,,,,0.674464,1.318601,,,30.231672,31.979853,0.357146,0.342684,,,,-0.086160,0.780004,-1.434523,,,,,,
51659,,,,,,,,,0.814977,-0.659300,,,33.605072,35.075993,0.262710,0.256294,,,,-0.085465,0.774409,-1.434523,,,,,,
51669,,,,,,,,,0.786875,1.318599,,,35.354366,37.681084,0.214208,0.182795,,,,-0.084862,0.768859,-1.434523,,,,,,
51674,-0.084572,0.767671,-1.429112,0.137628,0.777272,-1.533323,0.461432,-0.205848,,,40.181755,41.755020,,,,,0.021872,0.221329,-0.104211,,,,,,,,,
51679,,,,,,,,,0.646361,0.659301,,,36.281677,37.694836,0.215704,0.209980,,,,-0.084099,0.762661,-1.430854,,,,,,
51689,,,,,,,,,0.646361,-0.659301,,,36.517372,38.250950,0.210675,0.195646,,,,-0.083186,0.755692,-1.434645,,,,,,
51693,,,,,,,,,,,,,,,,,,,,-0.083186,0.755692,-1.434645,,,,,,
51699,,,,,,,,,0.646361,0.659301,,,37.260231,38.718864,0.190683,0.183628,,,,-0.082298,0.749090,-1.434762,,,,,,
51709,,,,,,,,,0.674464,0.000000,,,37.885273,39.112564,0.173784,0.173557,,,,-0.081429,0.742451,-1.434710,,,,,,
51719,,,,,,,,,0.674464,0.000000,,,38.411182,39.443825,0.159488,0.165127,,,,-0.080687,0.736054,-1.434697,,,,,,
51724,-0.080615,0.735906,-1.434230,0.138447,0.752348,-1.542366,0.486320,-0.188661,,,36.685947,38.389774,,,,,0.013535,0.219261,-0.108137,,,,,,,,,
51729,,,,,,,,,0.674464,0.000000,,,38.309139,39.722549,0.060968,0.059540,,,,-0.079892,0.729590,-1.434651,,,,,,
51739,,,,,,,,,0.533951,0.659300,,,37.678738,38.867981,0.078647,0.083922,,,,-0.079096,0.723142,-1.434599,,,,,,
51749,,,,,,,,,0.533951,-0.659300,,,37.148315,37.604404,0.093702,0.120690,,,,-0.078369,0.716621,-1.430929,,,,,,
51759,,,,,,,,,0.590156,0.659300,,,36.157478,37.085773,0.122491,0.136253,,,,-0.077499,0.709827,-1.431146,,,,,,
51769,,,,,,,,,0.533951,0.659300,,,35.323788,36.649395,0.147155,0.149656,,,,-0.076689,0.703145,-1.427875,,,,,,
51774,-0.076682,0.703679,-1.425644,0.139080,0.726180,-1.550685,0.511159,-0.173349,,,35.473209,37.067928,,,,,0.008944,0.216747,-0.125041,,,,,,,,,
51779,,,,,,,,,0.505848,0.000000,,,35.166862,36.282227,0.116895,0.122538,,,,-0.075839,0.696589,-1.424994,,,,,,
51789,,,,,,,,,0.505848,0.000000,,,34.490284,35.428749,0.136852,0.147905,,,,-0.074901,0.689793,-1.421896,,,,,,
51799,,,,,,,,,0.533951,1.977900,,,33.376465,35.255177,0.169937,0.153774,,,,-0.074065,0.683423,-1.415864,,,,,,
51809,,,,,,,,,0.562053,-1.318600,,,33.528385,35.109135,0.166495,0.158921,,,,-0.073392,0.678082,-1.408330,,,,,,
51819,,,,,,,,,0.618259,1.318600,,,34.200752,36.075340,0.147742,0.131570,,,,-0.072655,0.673229,-1.400728,,,,,,
51824,-0.072542,0.673230,-1.397289,0.139523,0.698779,-1.558357,0.535847,-0.159668,,,38.526600,39.628525,,,,,0.011445,0.213291,-0.161068,,,,,,,,,
51829,,,,,,,,,0.533951,0.659300,,,33.677399,35.799217,0.253079,0.215106,,,,-0.071924,0.668634,-1.396436,,,,,,
51839,,,,,,,,,0.646361,0.659301,,,34.326134,36.111431,0.236412,0.207802,,,,-0.071209,0.664096,-1.392107,,,,,,
51849,,,,,,,,,0.618259,1.318600,,,34.327435,36.918671,0.238390,0.185855,,,,-0.070373,0.659592,-1.391782,,,,,,
51859,,,,,,,,,0.646361,-0.659301,,,35.417618,37.053341,0.208485,0.183212,,,,-0.069722,0.655368,-1.387568,,,,,,
51869,,,,,,,,,0.618259,-1.318600,,,35.790356,37.166653,0.199064,0.181131,,,,-0.068847,0.651262,-1.390796,,,,,,
51874,-0.068779,0.650539,-1.396873,0.139776,0.670163,-1.565447,0.560278,-0.147411,,,43.143314,44.162247,,,,,0.016762,0.208804,-0.168574,,,,,,,,,
51879,,,,,,,,,0.590156,0.659300,,,36.103977,36.717449,0.326372,0.328212,,,,-0.067941,0.645867,-1.390786,,,,,,
51889,,,,,,,,,0.618259,-1.318600,,,36.367855,36.884033,0.322024,0.326908,,,,-0.066736,0.639408,-1.398193,,,,,,
51899,,,,,,,,,0.674464,1.318601,,,37.134426,38.113281,0.302831,0.294409,,,,-0.065700,0.633448,-1.398119,,,,,,
51909,,,,,,,,,0.758772,-0.659299,,,38.323963,39.147572,0.270886,0.267029,,,,-0.064679,0.627136,-1.401884,,,,,,
51919,,,,,,,,,0.730669,0.000000,,,39.324841,40.017822,0.243894,0.243955,,,,-0.063524,0.620732,-1.401742,,,,,,
51927,-0.063436,0.620214,-1.401334,0.139836,0.640354,-1.572015,0.584345,-0.136400,,,43.213837,44.207592,40.166977,41.294594,0.223134,0.209888,0.014431,0.203757,-0.170681,,,,,,,,,
51930,,,,,,,,,0.758772,0.659299,,,,,,,,,,-0.062489,0.614130,-1.401742,,,,,,
51939,,,,,,,,,0.730669,0.000000,,,41.420094,41.279785,0.187905,0.211720,,,,-0.061308,0.606745,-1.405406,,,,,,
51949,,,,,,,,,0.674464,0.000000,,,41.385380,41.811867,0.189782,0.197546,,,,-0.060080,0.599573,-1.401833,,,,,,
51959,,,,,,,,,0.786875,0.000000,,,41.900715,42.259560,0.175571,0.185587,,,,-0.058997,0.592295,-1.401827,,,,,,
51969,,,,,,,,,0.730669,1.318600,,,42.334320,43.180794,0.163505,0.159549,,,,-0.057995,0.585026,-1.398208,,,,,,
51974,-0.057850,0.584973,-1.392941,0.139702,0.609379,-1.578112,0.607942,-0.126486,,,42.608929,43.322479,,,,,0.010930,0.198754,-0.185171,,,,,,,,,
51979,,,,,,,,,0.730669,0.000000,,,42.699154,43.411377,0.135533,0.127374,,,,-0.056919,0.577848,-1.394537,,,,,,
51989,,,,,,,,,0.674464,0.000000,,,41.917038,43.060844,0.158390,0.137595,,,,-0.055861,0.570718,-1.390893,,,,,,
51999,,,,,,,,,0.646361,0.659301,,,41.803509,42.765907,0.162047,0.146356,,,,-0.054741,0.563652,-1.387259,,,,,,
52009,,,,,,,,,0.674464,0.000000,,,41.707985,42.517746,0.165230,0.153890,,,,-0.053589,0.556603,-1.383680,,,,,,
52019,,,,,,,,,0.674464,0.000000,,,41.083069,42.308945,0.183960,0.160390,,,,-0.052435,0.549540,-1.383806,,,,,,
52027,-0.052387,0.549728,-1.384574,0.139374,0.577271,-1.583783,0.630962,-0.117539,,,42.570568,42.971210,41.101807,42.133259,0.183021,0.155735,0.008438,0.193545,-0.199209,,,,,,,,,
52030,,,,,,,,,0.618259,0.000000,,,,,,,,,,-0.051217,0.542735,-1.383934,,,,,,
52039,,,,,,,,,0.702567,-0.659301,,,41.662117,41.985435,0.167320,0.160465,,,,-0.049898,0.535919,-1.387677,,,,,,
52049,,,,,,,,,0.674464,0.000000,,,41.589020,41.316513,0.169896,0.180525,,,,-0.048744,0.529179,-1.387677,,,,,,
52059,,,,,,,,,0.674464,0.000000,,,41.527515,41.298225,0.172168,0.181854,,,,-0.047565,0.522674,-1.391435,,,,,,
52069,,,,,,,,,0.646361,-0.659301,,,41.475765,41.282841,0.174184,0.183108,,,,-0.046495,0.516212,-1.391356,,,,,,
52074,-0.046526,0.516352,-1.393553,0.138854,0.544068,-1.589069,0.653299,-0.109447,,,42.149143,42.538067,,,,,0.005404,0.187363,-0.195516,,,,,,,,,
52079,,,,,,,,,0.702567,0.659301,,,40.887680,41.814438,0.179589,0.155671,,,,-0.045399,0.509713,-1.394878,,,,,,
52089,,,,,,,,,0.674464,0.000000,,,40.937408,41.172638,0.178739,0.174810,,,,-0.044272,0.503462,-1.394797,,,,,,
52099,,,,,,,,,0.618259,-1.318600,,,40.979248,40.632626,0.178095,0.191277,,,,-0.043160,0.497194,-1.394746,,,,,,
52109,,,,,,,,,0.674464,1.318601,,,41.014454,41.267349,0.177626,0.173607,,,,-0.042248,0.491223,-1.394626,,,,,,
52119,,,,,,,,,0.702567,0.659301,,,41.044075,41.256863,0.177304,0.174524,,,,-0.041414,0.485234,-1.390887,,,,,,
52127,-0.041282,0.484952,-1.388346,0.138142,0.509813,-1.594006,0.674849,-0.102115,,,45.115135,45.183357,41.613541,41.792580,0.248004,0.236907,0.008106,0.180957,-0.205660,,,,,,,,,
52130,,,,,,,,,0.702567,-0.659301,,,,,,,,,,-0.040375,0.479326,-1.387206,,,,,,
52139,,,,,,,,,0.730669,0.000000,,,41.548145,42.243332,0.251600,0.225337,,,,-0.039354,0.473229,-1.387184,,,,,,
52149,,,,,,,,,0.702567,0.659301,,,41.493122,42.078053,0.254923,0.231587,,,,-0.038209,0.466484,-1.387203,,,,,,
52159,,,,,,,,,0.646361,-0.659301,,,41.991371,41.938988,0.242073,0.237150,,,,-0.037073,0.460083,-1.387194,,,,,,
52169,,,,,,,,,0.730669,0.000000,,,41.866055,42.366520,0.247242,0.226189,,,,-0.035784,0.453016,-1.387296,,,,,,
52174,-0.035689,0.452682,-1.387385,0.137240,0.474552,-1.598625,0.695510,-0.095458,,,47.575462,47.378384,,,,,0.010036,0.174017,-0.211240,,,,,,,,,
52179,,,,,,,,,0.730669,0.000000,,,42.305157,42.726246,0.307983,0.281278,,,,-0.034426,0.446155,-1.387301,,,,,,
52189,,,,,,,,,0.758772,0.659299,,,43.219158,43.028919,0.283750,0.274649,,,,-0.032963,0.439107,-1.391051,,,,,,
52199,,,,,,,,,0.786875,-1.318599,,,43.988197,43.828133,0.263324,0.253336,,,,-0.031742,0.432007,-1.390999,,,,,,
52209,,,,,,,,,0.814977,0.659300,,,45.179810,45.045132,0.230155,0.219406,,,,-0.030452,0.424881,-1.390948,,,,,,
52219,,,,,,,,,0.786875,0.000000,,,45.637890,45.524574,0.217893,0.206488,,,,-0.029144,0.417377,-1.394480,,,,,,
52224,-0.029093,0.417093,-1.393884,0.136153,0.438340,-1.602956,0.715184,-0.089406,,,47.731899,47.400639,,,,,0.008166,0.166406,-0.209072,,,,,,,,,
52229,,,,,,,,,0.814977,-0.659300,,,46.023319,45.927975,0.212118,0.196218,,,,-0.027880,0.409362,-1.398124,,,,,,
52239,,,,,,,,,0.786875,0.000000,,,46.347618,45.722855,0.203442,0.202931,,,,-0.026394,0.401673,-1.401792,,,,,,
52249,,,,,,,,,0.786875,0.000000,,,46.620483,46.094807,0.196117,0.192846,,,,-0.025128,0.393739,-1.401844,,,,,,
52259,,,,,,,,,0.786875,0.000000,,,47.394615,46.407768,0.173984,0.184309,,,,-0.023963,0.386147,-1.401796,,,,,,
52269,,,,,,,,,0.758772,0.659299,,,46.956886,46.671093,0.186963,0.177075,,,,-0.022675,0.378503,-1.405416,,,,,,
52274,-0.022612,0.378615,-1.401684,0.134882,0.401233,-1.607023,0.733774,-0.083894,,,46.590256,46.156097,,,,,0.004212,0.159055,-0.205339,,,,,,,,,
52279,,,,,,,,,0.758772,-0.659299,,,46.588581,46.892654,0.164692,0.134498,,,,-0.021506,0.371196,-1.405304,,,,,,
52289,,,,,,,,,0.730669,0.000000,,,46.823231,45.989990,0.157822,0.160574,,,,-0.020412,0.363987,-1.408935,,,,,,
52299,,,,,,,,,0.730669,0.000000,,,46.476124,45.775032,0.167873,0.166948,,,,-0.019319,0.356578,-1.408908,,,,,,
52309,,,,,,,,,0.730669,0.000000,,,46.184067,45.594170,0.176480,0.172427,,,,-0.018220,0.349091,-1.408935,,,,,,
52319,,,,,,,,,0.758772,-0.659299,,,45.938332,45.441990,0.183870,0.177152,,,,-0.017135,0.341463,-1.416243,,,,,,
52324,-0.017106,0.341435,-1.417789,0.133434,0.363292,-1.610850,0.751190,-0.078868,,,45.995911,45.662937,,,,,0.001342,0.152113,-0.193061,,,,,,,,,
52329,,,,,,,,,0.702567,-0.659301,,,45.731567,45.313946,0.172834,0.166804,,,,-0.016072,0.334130,-1.416276,,,,,,
52339,,,,,,,,,0.702567,0.659301,,,45.557598,44.661667,0.178055,0.186071,,,,-0.014930,0.326741,-1.412782,,,,,,
52349,,,,,,,,,0.702567,0.659301,,,44.866676,44.657383,0.198495,0.186677,,,,-0.013939,0.319201,-1.412723,,,,,,
52359,,,,,,,,,0.758772,-0.659299,,,44.829876,44.653778,0.200115,0.187265,,,,-0.012931,0.311882,-1.412824,,,,,,
52369,,,,,,,,,0.730669,0.000000,,,45.343456,45.195286,0.185637,0.171894,,,,-0.011861,0.304777,-1.412775,,,,,,
52374,-0.011833,0.304823,-1.413197,0.131812,0.324582,-1.614457,0.767346,-0.074280,,,48.085247,47.357029,,,,,0.003031,0.144966,-0.201260,,,,,,,,,
52379,,,,,,,,,0.730669,-1.318600,,,45.231041,44.561825,0.250418,0.240269,,,,-0.010750,0.297803,-1.416409,,,,,,
52389,,,,,,,,,0.786875,1.318599,,,45.680996,45.117920,0.238613,0.225328,,,,-0.009884,0.290731,-1.412760,,,,,,
52399,,,,,,,,,0.758772,-0.659299,,,46.059589,45.585815,0.228682,0.212703,,,,-0.008947,0.283985,-1.416358,,,,,,
52409,,,,,,,,,0.786875,0.000000,,,45.833595,45.434959,0.236271,0.217970,,,,-0.008016,0.277395,-1.416152,,,,,,
52419,,,,,,,,,0.758772,-0.659299,,,46.187984,45.852573,0.226975,0.206665,,,,-0.007119,0.270156,-1.416148,,,,,,
52424,-0.007059,0.269914,-1.418667,0.130022,0.285174,-1.617865,0.782160,-0.070088,,,50.645794,49.754410,,,,,0.005690,0.137810,-0.199197,,,,,,,,,
52429,,,,,,,,,0.702567,0.659301,,,45.941628,45.659412,0.310072,0.283239,,,,-0.005914,0.262934,-1.419810,,,,,,
52439,,,,,,,,,0.814977,-0.659300,,,46.278885,46.041428,0.302455,0.274019,,,,-0.004825,0.255623,-1.419799,,,,,,
52449,,,,,,,,,0.843080,1.318600,,,47.107197,46.907398,0.280298,0.250445,,,,-0.003654,0.248018,-1.423462,,,,,,
52459,,,,,,,,,0.814977,-0.659300,,,47.804138,47.091484,0.261591,0.246422,,,,-0.002682,0.240519,-1.427102,,,,,,
52469,,,,,,,,,0.843080,-1.318600,,,48.935085,47.790916,0.229840,0.227221,,,,-0.001603,0.232385,-1.427117,,,,,,
52474,-0.001625,0.232024,-1.431939,0.128071,0.245139,-1.621088,0.795556,-0.066254,,,51.104198,50.228275,,,,,0.004963,0.130263,-0.189149,,,,,,,,,
52479,,,,,,,,,0.843080,0.000000,,,48.797581,47.834877,0.248110,0.240751,,,,-0.000359,0.223998,-1.434450,,,,,,
52489,,,,,,,,,0.843080,0.000000,,,49.770969,48.416409,0.220716,0.224872,,,,0.000571,0.215790,-1.434440,,,,,,
52499,,,,,,,,,0.814977,-0.659300,,,50.045433,48.905708,0.213320,0.211415,,,,0.001685,0.207658,-1.438125,,,,,,
52509,,,,,,,,,0.871183,-0.659301,,,50.276367,49.317406,0.207066,0.199996,,,,0.002738,0.199847,-1.441797,,,,,,
52519,,,,,,,,,0.843080,0.000000,,,50.470676,49.119263,0.201774,0.206235,,,,0.003626,0.191381,-1.441808,,,,,,
52524,0.003673,0.191288,-1.440981,0.125965,0.204555,-1.624144,0.807468,-0.062746,,,50.560139,49.605556,,,,,0.002675,0.122981,-0.183163,,,,,,,,,
52529,,,,,,,,,0.843080,0.000000,,,50.634167,49.497089,0.181361,0.177471,,,,0.004473,0.183203,-1.445484,,,,,,
52539,,,,,,,,,0.730669,0.000000,,,50.227184,49.270451,0.193242,0.184159,,,,0.005404,0.174775,-1.445492,,,,,,
52549,,,,,,,,,0.814977,0.659300,,,49.884750,49.079754,0.203428,0.189903,,,,0.006326,0.166358,-1.445507,,,,,,
52559,,,,,,,,,0.786875,0.000000,,,49.596626,48.919304,0.212189,0.194854,,,,0.007170,0.158172,-1.449220,,,,,,
52569,,,,,,,,,0.843080,-1.318600,,,49.898743,49.328842,0.203805,0.183192,,,,0.008017,0.150008,-1.449247,,,,,,
52574,0.008010,0.149953,-1.454085,0.123712,0.163499,-1.627046,0.817833,-0.059536,,,49.675686,48.774559,,,,,0.000019,0.116492,-0.172960,,,,,,,,,
52579,,,,,,,,,0.786875,1.318599,,,49.608398,49.128887,0.186727,0.164848,,,,0.009013,0.142132,-1.449224,,,,,,
52589,,,,,,,,,0.814977,-1.977899,,,49.908646,48.960644,0.177968,0.169604,,,,0.009769,0.134086,-1.452917,,,,,,
52599,,,,,,,,,0.786875,0.000000,,,49.616734,48.274540,0.186404,0.189604,,,,0.010767,0.126037,-1.456660,,,,,,
52609,,,,,,,,,0.758772,0.659299,,,49.371117,48.241795,0.193624,0.190803,,,,0.011633,0.118329,-1.460340,,,,,,
52619,,,,,,,,,0.786875,-1.318599,,,49.709000,48.214245,0.183877,0.191865,,,,0.012478,0.110214,-1.464223,,,,,,
52624,0.012394,0.110260,-1.468903,0.121320,0.122053,-1.629808,0.826597,-0.056598,,,49.863209,49.050007,,,,,-0.000652,0.109561,-0.160905,,,,,,,,,
52629,,,,,,,,,0.814977,0.659300,,,48.904209,48.191063,0.212916,0.200878,,,,0.013402,0.102338,-1.467932,,,,,,
52639,,,,,,,,,0.758772,-0.659299,,,49.316143,48.171558,0.201315,0.201861,,,,0.014214,0.094590,-1.475407,,,,,,
52649,,,,,,,,,0.843080,0.000000,,,49.118202,48.155148,0.207373,0.202763,,,,0.015037,0.086972,-1.475416,,,,,,
52659,,,,,,,,,0.814977,-0.659300,,,49.496197,48.141338,0.196663,0.203597,,,,0.015791,0.079494,-1.479167,,,,,,
52669,,,,,,,,,0.786875,0.000000,,,49.269699,48.129719,0.203471,0.204374,,,,0.016580,0.072072,-1.482866,,,,,,
52674,0.016561,0.071992,-1.481693,0.118798,0.080301,-1.632441,0.833714,-0.053910,,,51.225040,50.449764,,,,,0.000821,0.102571,-0.150748,,,,,,,,,
52679,,,,,,,,,0.814977,-0.659300,,,49.623665,48.119942,0.233266,0.246086,,,,0.017117,0.064933,-1.482704,,,,,,
52689,,,,,,,,,0.758772,0.659299,,,49.376949,48.656261,0.241258,0.231501,,,,0.017692,0.057548,-1.482687,,,,,,
52699,,,,,,,,,0.814977,0.659300,,,49.169365,48.562977,0.248224,0.235094,,,,0.018306,0.050021,-1.482683,,,,,,
52709,,,,,,,,,0.814977,-1.977899,,,49.539246,48.484486,0.238380,0.238297,,,,0.018865,0.042117,-1.482723,,,,,,
52719,,,,,,,,,0.814977,0.659300,,,49.305920,48.962986,0.246021,0.225230,,,,0.019348,0.033623,-1.486503,,,,,,
52724,0.019465,0.033441,-1.483336,0.116154,0.038327,-1.634957,0.839145,-0.051453,,,53.283405,52.294800,,,,,0.003578,0.096747,-0.151621,,,,,,,,,
52729,,,,,,,,,0.843080,0.000000,,,49.654140,48.821056,0.297015,0.284122,,,,0.019973,0.025405,-1.486576,,,,,,
52739,,,,,,,,,0.814977,0.659300,,,49.947136,49.790722,0.290179,0.257398,,,,0.020422,0.017335,-1.486572,,,,,,
52749,,,,,,,,,0.899285,0.000000,,,50.738205,50.062054,0.268617,0.250655,,,,0.020992,0.009443,-1.486532,,,,,,
52759,,,,,,,,,0.899285,-1.318601,,,51.403809,50.834896,0.250350,0.229098,,,,0.021744,0.001208,-1.486478,,,,,,
52769,,,,,,,,,0.899285,0.000000,,,51.963848,50.940624,0.234855,0.226703,,,,0.022296,-0.007540,-1.494067,,,,,,
52774,0.022385,-0.007861,-1.493168,0.113397,-0.003783,-1.637366,0.842861,-0.049209,,,53.212986,52.233971,,,,,0.002993,0.091054,-0.144198,,,,,,,,,
52779,,,,,,,,,0.814977,0.659300,,,51.890522,51.029583,0.235573,0.222967,,,,0.022877,-0.016166,-1.494103,,,,,,
52789,,,,,,,,,0.871183,-1.977901,,,52.373371,51.104431,0.222070,0.221354,,,,0.023251,-0.025140,-1.501614,,,,,,
52799,,,,,,,,,0.927388,0.659301,,,52.779640,51.711952,0.210577,0.204108,,,,0.023725,-0.033897,-1.497868,,,,,,
52809,,,,,,,,,0.843080,0.000000,,,53.121475,52.223122,0.200777,0.189391,,,,0.024192,-0.042804,-1.501659,,,,,,
52819,,,,,,,,,0.843080,0.000000,,,52.864552,52.108677,0.208343,0.192748,,,,0.024761,-0.051515,-1.505406,,,,,,
52827,0.024832,-0.051379,-1.504382,0.110537,-0.045941,-1.639676,0.844841,-0.047164,,,51.748161,50.836674,51.559288,50.378754,0.203838,0.202547,0.000262,0.085877,-0.135294,,,,,,,,,
52830,,,,,,,,,0.730669,-1.318600,,,,,,,,,,0.025320,-0.059880,-1.505406,,,,,,
52839,,,,,,,,,0.927388,0.659301,,,51.550125,50.556824,0.204197,0.197553,,,,0.025684,-0.068536,-1.509244,,,,,,
52849,,,,,,,,,0.786875,-1.318599,,,52.086960,50.706654,0.188574,0.193300,,,,0.026104,-0.077010,-1.512931,,,,,,
52859,,,,,,,,,0.871183,0.659301,,,51.994110,51.377262,0.191130,0.173727,,,,0.026363,-0.085381,-1.512948,,,,,,
52869,,,,,,,,,0.843080,0.000000,,,51.915985,50.852425,0.193299,0.188835,,,,0.027015,-0.093987,-1.513006,,,,,,
52874,0.027064,-0.093941,-1.512284,0.107584,-0.088060,-1.641899,0.845072,-0.045304,,,50.967014,50.038704,,,,,-0.001162,0.080726,-0.129615,,,,,,,,,
52879,,,,,,,,,0.814977,-0.659300,,,51.850250,50.410828,0.172272,0.178393,,,,0.027399,-0.102472,-1.516815,,,,,,
52889,,,,,,,,,0.786875,1.318599,,,51.250397,50.583813,0.189411,0.173149,,,,0.027767,-0.110882,-1.520631,,,,,,
52899,,,,,,,,,0.843080,-1.318600,,,51.290226,50.184818,0.188109,0.184570,,,,0.028245,-0.119409,-1.520630,,,,,,
52909,,,,,,,,,0.730669,0.000000,,,50.779194,49.849106,0.202917,0.194330,,,,0.028415,-0.127823,-1.520711,,,,,,
52919,,,,,,,,,0.843080,0.000000,,,50.893753,50.111179,0.199653,0.186747,,,,0.028542,-0.136102,-1.524719,,,,,,
52927,0.028621,-0.136096,-1.523678,0.104548,-0.130054,-1.644041,0.843551,-0.043617,,,50.118465,49.288406,50.445602,49.787144,0.187964,0.174231,-0.002459,0.076127,-0.120363,,,,,,,,,
52930,,,,,,,,,0.814977,0.659300,,,,,,,,,,0.028747,-0.144380,-1.528542,,,,,,
52939,,,,,,,,,0.814977,-1.977899,,,50.613071,49.514500,0.182904,0.181975,,,,0.029108,-0.152303,-1.528615,,,,,,
52949,,,,,,,,,0.758772,0.659299,,,50.209435,49.285099,0.194485,0.188583,,,,0.029462,-0.160528,-1.532382,,,,,,
52959,,,,,,,,,0.730669,0.000000,,,49.325275,48.547539,0.220329,0.210181,,,,0.029537,-0.168258,-1.536226,,,,,,
52969,,,,,,,,,0.899285,0.000000,,,49.670429,49.016041,0.210604,0.196819,,,,0.029717,-0.176195,-1.540010,,,,,,
52974,0.029798,-0.176599,-1.538641,0.101438,-0.171835,-1.646111,0.840284,-0.042095,,,49.894096,49.267220,,,,,-0.002459,0.071756,-0.107470,,,,,,,,,
52979,,,,,,,,,0.786875,0.000000,,,49.960838,49.410236,0.195746,0.184787,,,,0.029870,-0.184049,-1.540077,,,,,,
52989,,,,,,,,,0.843080,-1.318600,,,50.205189,49.197372,0.188560,0.190951,,,,0.029906,-0.191811,-1.543866,,,,,,
52999,,,,,,,,,0.758772,0.659299,,,49.866245,48.473724,0.198335,0.212173,,,,0.030250,-0.199268,-1.547678,,,,,,
53009,,,,,,,,,0.814977,-0.659300,,,50.125599,48.953934,0.190754,0.198493,,,,0.030364,-0.206681,-1.547538,,,,,,
53019,,,,,,,,,0.786875,1.318599,,,49.254734,48.813438,0.216142,0.202757,,,,0.030484,-0.214000,-1.551353,,,,,,
53027,0.030621,-0.214157,-1.544758,0.098266,-0.213317,-1.648116,0.835284,-0.040729,,,51.622089,50.973145,48.521988,48.695225,0.288499,0.256386,0.000921,0.067644,-0.103358,,,,,,,,,
53030,,,,,,,,,0.758772,0.659299,,,,,,,,,,0.030608,-0.221363,-1.551335,,,,,,
53039,,,,,,,,,0.786875,-1.318599,,,48.994541,48.595760,0.276151,0.260392,,,,0.030598,-0.229168,-1.555234,,,,,,
53049,,,,,,,,,0.871183,0.659301,,,49.392147,49.056614,0.265770,0.248039,,,,0.030725,-0.237060,-1.555216,,,,,,
53059,,,,,,,,,0.871183,-0.659301,,,50.271236,49.444378,0.241101,0.237605,,,,0.030866,-0.244713,-1.555201,,,,,,
53069,,,,,,,,,0.814977,0.659300,,,49.921818,49.226097,0.251980,0.244730,,,,0.031194,-0.252963,-1.562984,,,,,,
53074,0.031278,-0.253123,-1.558690,0.095042,-0.254417,-1.650064,0.828574,-0.039512,,,51.853695,51.397495,,,,,0.002065,0.063744,-0.091373,,,,,,,,,
53079,,,,,,,,,0.814977,-1.977899,,,50.716904,49.586979,0.236298,0.247427,,,,0.031365,-0.261194,-1.566920,,,,,,
53089,,,,,,,,,0.871183,0.659301,,,50.841343,50.435169,0.233200,0.223461,,,,0.031311,-0.270078,-1.566920,,,,,,
53099,,,,,,,,,0.899285,-1.318601,,,51.490589,50.604294,0.214676,0.218971,,,,0.031420,-0.278423,-1.570796,,,,,,
53109,,,,,,,,,0.843080,1.318600,,,51.492321,50.746593,0.214800,0.215185,,,,0.031356,-0.286787,-1.574672,,,,,,
53119,,,,,,,,,0.871183,-0.659301,,,52.038322,50.866325,0.198986,0.211992,,,,0.031331,-0.295251,-1.574691,,,,,,
53124,0.031316,-0.295371,-1.576114,0.091775,-0.295051,-1.651962,0.820187,-0.038438,,,49.656349,49.502483,,,,,-0.000642,0.060457,-0.075848,,,,,,,,,
53129,,,,,,,,,0.843080,0.000000,,,51.953186,50.967068,0.137052,0.153811,,,,0.031274,-0.304159,-1.574673,,,,,,
53139,,,,,,,,,0.730669,0.000000,,,50.792465,50.507290,0.169935,0.166571,,,,0.031178,-0.312687,-1.578576,,,,,,
53149,,,,,,,,,0.871183,-0.659301,,,50.360378,50.120430,0.182042,0.177416,,,,0.030987,-0.321475,-1.574521,,,,,,
53159,,,,,,,,,0.730669,1.318600,,,49.996819,50.339470,0.192349,0.170705,,,,0.030678,-0.330062,-1.574399,,,,,,
53169,,,,,,,,,0.758772,-0.659299,,,49.690922,49.434685,0.201142,0.196796,,,,0.030369,-0.338622,-1.574246,,,,,,
53174,0.030388,-0.338176,-1.577170,0.088477,-0.335140,-1.653817,0.810161,-0.037503,,,47.455887,47.206650,,,,,-0.003406,0.058069,-0.076647,,,,,,,,,
53179,,,,,,,,,0.843080,0.000000,,,49.978081,49.217941,0.128288,0.135953,,,,0.030307,-0.347237,-1.574063,,,,,,
53189,,,,,,,,,0.758772,0.659299,,,49.130611,49.035572,0.151891,0.140327,,,,0.030321,-0.355840,-1.573606,,,,,,
53199,,,,,,,,,0.758772,-0.659299,,,48.417553,48.337585,0.171965,0.159886,,,,0.030242,-0.364251,-1.577245,,,,,,
53209,,,,,,,,,0.730669,0.000000,,,47.817585,47.750301,0.189071,0.176539,,,,0.030056,-0.372496,-1.576426,,,,,,
53219,,,,,,,,,0.702567,0.659301,,,47.312771,47.256161,0.203678,0.190746,,,,0.030005,-0.381153,-1.575636,,,,,,
53224,0.030060,-0.380494,-1.573000,0.085156,-0.374605,-1.655635,0.798546,-0.036704,,,45.307438,44.813770,,,,,-0.006010,0.055083,-0.082635,,,,,,,,,
53229,,,,,,,,,0.786875,0.000000,,,47.432564,47.384933,0.137333,0.116889,,,,0.029718,-0.388465,-1.579338,,,,,,
53239,,,,,,,,,0.730669,-1.318600,,,47.533356,46.404194,0.133362,0.144371,,,,0.029476,-0.395010,-1.579959,,,,,,
53249,,,,,,,,,0.730669,0.000000,,,47.073620,46.123547,0.145754,0.151825,,,,0.029584,-0.401887,-1.580850,,,,,,
53259,,,,,,,,,0.702567,-0.659301,,,46.142258,45.887409,0.172177,0.158110,,,,0.029413,-0.408461,-1.581290,,,,,,
53269,,,,,,,,,0.646361,0.659301,,,45.358608,44.599636,0.194721,0.195301,,,,0.029211,-0.415153,-1.585048,,,,,,
53274,0.029312,-0.414956,-1.581273,0.081825,-0.413373,-1.657423,0.785397,-0.036040,,,46.780426,46.373875,,,,,-0.002134,0.052494,-0.076150,,,,,,,,,
53279,,,,,,,,,0.730669,0.000000,,,45.243790,44.605190,0.241188,0.240921,,,,0.029152,-0.421727,-1.588936,,,,,,
53289,,,,,,,,,0.814977,-0.659300,,,45.691723,45.154408,0.228810,0.225689,,,,0.028913,-0.428653,-1.589207,,,,,,
53299,,,,,,,,,0.702567,-0.659301,,,45.524071,45.071976,0.234241,0.228687,,,,0.028674,-0.434910,-1.589650,,,,,,
53309,,,,,,,,,0.814977,0.659300,,,45.927551,45.547157,0.223030,0.215399,,,,0.028446,-0.441102,-1.593524,,,,,,
53319,,,,,,,,,0.730669,0.000000,,,45.722496,45.402435,0.229444,0.220033,,,,0.028295,-0.447216,-1.594011,,,,,,
53324,0.028345,-0.447575,-1.592944,0.078491,-0.451371,-1.659188,0.770777,-0.035510,,,48.683331,48.454617,,,,,0.002685,0.050218,-0.066244,,,,,,,,,
53329,,,,,,,,,0.786875,0.000000,,,46.094505,45.825207,0.274776,0.269045,,,,0.028169,-0.453266,-1.590271,,,,,,
53339,,,,,,,,,0.758772,0.659299,,,45.862972,46.180927,0.282798,0.259892,,,,0.028166,-0.460421,-1.594111,,,,,,
53349,,,,,,,,,0.702567,-0.659301,,,46.212704,45.935688,0.273912,0.268164,,,,0.027977,-0.468220,-1.601854,,,,,,
53359,,,,,,,,,0.843080,0.000000,,,47.051510,46.818428,0.250537,0.243526,,,,0.027799,-0.475588,-1.601852,,,,,,
53369,,,,,,,,,0.814977,-0.659300,,,47.212738,47.016624,0.246600,0.238508,,,,0.027508,-0.483482,-1.605660,,,,,,
53374,0.027451,-0.483886,-1.607358,0.075165,-0.488532,-1.660937,0.754756,-0.035115,,,47.751396,47.756748,,,,,0.002899,0.047852,-0.053579,,,,,,,,,
53379,,,,,,,,,0.843080,0.000000,,,47.892941,47.183388,0.200102,0.213882,,,,0.027194,-0.491364,-1.605686,,,,,,
53389,,,,,,,,,0.758772,-0.659299,,,48.465263,47.323700,0.183277,0.210049,,,,0.027054,-0.499171,-1.605716,,,,,,
53399,,,,,,,,,0.786875,1.318599,,,47.857727,47.986301,0.200723,0.190856,,,,0.026635,-0.507272,-1.605718,,,,,,
53409,,,,,,,,,0.814977,-0.659300,,,47.891090,47.999271,0.199695,0.190366,,,,0.026220,-0.515320,-1.605597,,,,,,
53419,,,,,,,,,0.786875,0.000000,,,47.919163,48.010185,0.198806,0.189930,,,,0.025846,-0.523359,-1.605634,,,,,,
53424,0.025861,-0.523346,-1.605779,0.071856,-0.524792,-1.662676,0.737410,-0.034857,,,44.942356,44.811592,,,,,-0.000163,0.046018,-0.056897,,,,,,,,,
53429,,,,,,,,,0.730669,0.000000,,,47.942783,47.474827,0.115785,0.119249,,,,0.025348,-0.531534,-1.605547,,,,,,
53439,,,,,,,,,0.786875,0.000000,,,47.962658,47.568916,0.113763,0.115216,,,,0.024969,-0.539225,-1.605592,,,,,,
53449,,,,,,,,,0.702567,0.659301,,,46.890293,46.558998,0.143712,0.143463,,,,0.024763,-0.547229,-1.605667,,,,,,
53459,,,,,,,,,0.702567,-0.659301,,,45.988007,46.253796,0.169196,0.151561,,,,0.024539,-0.554983,-1.605597,,,,,,
53469,,,,,,,,,0.702567,-0.659301,,,45.773365,45.452457,0.174979,0.174331,,,,0.024357,-0.563124,-1.605302,,,,,,
53474,0.024339,-0.562730,-1.608108,0.068573,-0.560092,-1.664414,0.718822,-0.034741,,,41.393776,41.219631,,,,,-0.004286,0.044105,-0.056306,,,,,,,,,
53479,,,,,,,,,0.674464,1.318601,,,45.048222,44.778210,0.091910,0.088593,,,,0.024021,-0.570987,-1.608890,,,,,,
53489,,,,,,,,,0.590156,-0.659300,,,43.893543,43.666355,0.123965,0.119440,,,,0.023699,-0.578974,-1.608305,,,,,,
53499,,,,,,,,,0.674464,0.000000,,,43.466541,42.730839,0.135267,0.145658,,,,0.023356,-0.586600,-1.611724,,,,,,
53509,,,,,,,,,0.590156,-0.659300,,,42.562717,41.943699,0.160736,0.167980,,,,0.022854,-0.594443,-1.614096,,,,,,
53519,,,,,,,,,0.674464,0.000000,,,41.802238,41.825943,0.182442,0.171080,,,,0.022450,-0.601583,-1.617052,,,,,,
53524,0.022501,-0.601150,-1.616302,0.065324,-0.594376,-1.666156,0.699078,-0.034772,,,37.537155,37.459526,,,,,-0.008715,0.042470,-0.049853,,,,,,,,,
53529,,,,,,,,,0.674464,0.000000,,,41.706917,41.726860,0.072115,0.063594,,,,0.022212,-0.607361,-1.617947,,,,,,
53539,,,,,,,,,0.618259,0.000000,,,41.082169,41.098949,0.088406,0.079931,,,,0.021948,-0.612818,-1.614892,,,,,,
53549,,,,,,,,,0.562053,0.000000,,,40.556507,40.026081,0.102096,0.109598,,,,0.021635,-0.618046,-1.612011,,,,,,
53559,,,,,,,,,0.533951,0.659300,,,39.025127,39.123371,0.145486,0.134797,,,,0.021407,-0.623569,-1.615996,,,,,,
53569,,,,,,,,,0.590156,-0.659300,,,38.281170,38.363831,0.166554,0.156238,,,,0.021060,-0.628974,-1.616246,,,,,,
53574,0.021034,-0.629111,-1.619016,0.062117,-0.627595,-1.667912,0.678272,-0.034957,,,39.369377,39.266575,,,,,-0.003494,0.040962,-0.048895,,,,,,,,,
53579,,,,,,,,,0.533951,0.659300,,,37.655205,37.724754,0.238173,0.227426,,,,0.020619,-0.634410,-1.615847,,,,,,
53589,,,,,,,,,0.646361,-0.659301,,,37.673058,37.731579,0.238473,0.227967,,,,0.020226,-0.639911,-1.615847,,,,,,
53599,,,,,,,,,0.618259,0.000000,,,37.688080,37.737320,0.238847,0.228535,,,,0.019843,-0.645066,-1.615689,,,,,,
53609,,,,,,,,,0.646361,0.659301,,,38.245262,37.742149,0.223340,0.229128,,,,0.019555,-0.650127,-1.619931,,,,,,
53619,,,,,,,,,0.674464,0.000000,,,38.714077,38.290756,0.210153,0.213797,,,,0.019225,-0.654876,-1.620633,,,,,,
53624,0.019240,-0.655540,-1.620499,0.058961,-0.659702,-1.669690,0.656498,-0.035308,,,41.417290,41.274849,,,,,0.002183,0.039879,-0.049191,,,,,,,,,
53629,,,,,,,,,0.674464,0.000000,,,39.108540,38.752357,0.258880,0.259552,,,,0.019090,-0.659536,-1.621021,,,,,,
53639,,,,,,,,,0.674464,0.000000,,,39.440437,39.685291,0.250271,0.233446,,,,0.018950,-0.664065,-1.620762,,,,,,
53649,,,,,,,,,0.730669,0.000000,,,40.264240,40.470261,0.227099,0.211225,,,,0.018566,-0.670566,-1.620921,,,,,,
53659,,,,,,,,,0.646361,-0.659301,,,40.412846,40.041645,0.223301,0.224161,,,,0.018355,-0.677034,-1.621018,,,,,,
53669,,,,,,,,,0.702567,0.659301,,,40.537880,40.770096,0.220122,0.203424,,,,0.017973,-0.683756,-1.624851,,,,,,
53674,0.017973,-0.684334,-1.621720,0.055861,-0.690658,-1.671499,0.633857,-0.035835,,,41.368313,41.165329,,,,,0.004387,0.038161,-0.049779,,,,,,,,,
53679,,,,,,,,,0.702567,-0.659301,,,40.643085,40.838470,0.216030,0.198458,,,,0.017525,-0.690521,-1.624865,,,,,,
53689,,,,,,,,,0.702567,-0.659301,,,41.276150,40.896004,0.197842,0.196930,,,,0.017203,-0.697159,-1.624867,,,,,,
53699,,,,,,,,,0.646361,0.659301,,,41.264267,40.944412,0.198234,0.195642,,,,0.016837,-0.703839,-1.624806,,,,,,
53709,,,,,,,,,0.730669,0.000000,,,41.798813,40.985142,0.182632,0.194555,,,,0.016317,-0.710862,-1.624864,,,,,,
53719,,,,,,,,,0.674464,-1.318601,,,41.704033,41.019413,0.185201,0.193638,,,,0.015935,-0.717755,-1.624870,,,,,,
53727,0.015882,-0.717771,-1.630137,0.052826,-0.720427,-1.673349,0.610450,-0.036554,,,37.581173,37.474606,41.624287,41.592793,0.076487,0.068855,0.000460,0.037036,-0.043212,,,,,,,,,
53730,,,,,,,,,0.702567,0.659301,,,,,,,,,,0.015429,-0.724619,-1.628674,,,,,,
53739,,,,,,,,,0.590156,0.659300,,,41.012646,40.986145,0.092455,0.084641,,,,0.014757,-0.731835,-1.624865,,,,,,
53749,,,,,,,,,0.562053,0.000000,,,39.953468,39.931168,0.121821,0.113846,,,,0.014237,-0.738547,-1.624855,,,,,,
53759,,,,,,,,,0.618259,0.000000,,,39.062275,39.043510,0.146776,0.138657,,,,0.013730,-0.745720,-1.624748,,,,,,
53769,,,,,,,,,0.562053,0.000000,,,38.856968,38.296635,0.152077,0.159772,,,,0.013308,-0.752931,-1.628274,,,,,,
53774,0.013384,-0.752334,-1.628432,0.049860,-0.748979,-1.675251,0.586381,-0.037484,,,32.658768,32.457176,,,,,-0.005451,0.036222,-0.046820,,,,,,,,,
53779,,,,,,,,,0.562053,0.000000,,,38.139679,38.212757,0.028339,0.014923,,,,0.012986,-0.760168,-1.627589,,,,,,
53789,,,,,,,,,0.477745,-0.659300,,,36.991611,36.508553,0.059323,0.062060,,,,0.012595,-0.767292,-1.634202,,,,,,
53799,,,,,,,,,0.477745,-0.659300,,,35.481083,35.074638,0.101472,0.102100,,,,0.012150,-0.773965,-1.630048,,,,,,
53809,,,,,,,,,0.421540,0.659300,,,34.210125,33.323597,0.137331,0.152114,,,,0.011646,-0.780731,-1.635749,,,,,,
53819,,,,,,,,,0.477745,-0.659300,,,33.140739,32.939358,0.167898,0.162949,,,,0.011352,-0.784827,-1.630411,,,,,,
53827,0.011379,-0.784100,-1.633011,0.046970,-0.776289,-1.677218,0.561757,-0.038649,,,28.458530,28.270647,33.330048,33.160603,0.039140,0.033658,-0.010008,0.035036,-0.044207,,,,,,,,,
53830,,,,,,,,,0.590156,0.659300,,,,,,,,,,0.011020,-0.789166,-1.630733,,,,,,
53839,,,,,,,,,0.449643,0.000000,,,32.944786,32.802216,0.048083,0.041804,,,,0.010733,-0.793458,-1.630895,,,,,,
53849,,,,,,,,,0.337232,0.000000,,,30.986998,30.867039,0.103253,0.096291,,,,0.010493,-0.797608,-1.631008,,,,,,
53859,,,,,,,,,0.449643,0.000000,,,30.428801,29.783325,0.118384,0.126776,,,,0.010201,-0.801951,-1.631137,,,,,,
53869,,,,,,,,,0.421540,-0.659300,,,29.414591,29.416031,0.147134,0.136804,,,,0.009867,-0.805902,-1.631519,,,,,,
53874,0.009860,-0.805836,-1.634410,0.044161,-0.802338,-1.679264,0.536682,-0.040076,,,29.512680,29.283194,,,,,-0.005671,0.034010,-0.044854,,,,,,,,,
53879,,,,,,,,,0.449643,1.318600,,,29.105778,29.106991,0.186582,0.174951,,,,0.009544,-0.810380,-1.631305,,,,,,
53889,,,,,,,,,0.477745,-0.659300,,,29.390486,28.846964,0.178442,0.182649,,,,0.009303,-0.814275,-1.634964,,,,,,
53899,,,,,,,,,0.449643,0.000000,,,29.085497,28.628178,0.187430,0.189264,,,,0.009004,-0.818439,-1.635093,,,,,,
53909,,,,,,,,,0.477745,-0.659300,,,29.373423,28.988634,0.179205,0.179024,,,,0.008784,-0.821992,-1.631837,,,,,,
53919,,,,,,,,,0.533951,-0.659300,,,29.615683,29.291922,0.172178,0.170286,,,,0.008544,-0.825764,-1.635892,,,,,,
53927,0.008481,-0.826326,-1.638533,0.041437,-0.827111,-1.681404,0.511262,-0.041801,,,30.461094,30.233402,29.819521,29.547108,0.193930,0.190632,-0.001447,0.032934,-0.042871,,,,,,,,,
53930,,,,,,,,,0.505848,1.318600,,,,,,,,,,0.008336,-0.828933,-1.636253,,,,,,
53939,,,,,,,,,0.505848,-1.318600,,,29.991030,29.761822,0.189216,0.184674,,,,0.007990,-0.832423,-1.636139,,,,,,
53949,,,,,,,,,0.533951,0.659300,,,30.135338,30.487024,0.185217,0.163667,,,,0.007603,-0.837094,-1.636212,,,,,,
53959,,,,,,,,,0.449643,0.000000,,,30.256758,30.008123,0.181818,0.177567,,,,0.007270,-0.842258,-1.636257,,,,,,
53969,,,,,,,,,0.505848,0.000000,,,30.358921,30.149719,0.178924,0.173529,,,,0.006959,-0.847122,-1.636257,,,,,,
53974,0.006943,-0.847494,-1.636449,0.038802,-0.850599,-1.683657,0.485603,-0.043865,,,30.388908,30.065245,,,,,0.001008,0.031994,-0.047208,,,,,,,,,
53979,,,,,,,,,0.562053,0.000000,,,30.444881,30.813402,0.174343,0.149213,,,,0.006740,-0.852116,-1.636270,,,,,,
53989,,,,,,,,,0.505848,0.000000,,,31.061750,30.827282,0.156254,0.148448,,,,0.006553,-0.856873,-1.639967,,,,,,
53999,,,,,,,,,0.477745,-0.659300,,,31.036242,30.294416,0.156678,0.163684,,,,0.006255,-0.862062,-1.643808,,,,,,
54009,,,,,,,,,0.533951,0.659300,,,31.014778,30.390608,0.156996,0.160758,,,,0.005928,-0.867310,-1.647556,,,,,,
54019,,,,,,,,,0.533951,-1.977900,,,31.541262,30.471542,0.141280,0.158232,,,,0.005486,-0.872599,-1.647604,,,,,,
54024,0.005366,-0.872720,-1.654965,0.036260,-0.872799,-1.686044,0.459809,-0.046321,,,26.644817,26.527010,,,,,-0.002518,0.030791,-0.031078,,,,,,,,,
54029,,,,,,,,,0.533951,0.659300,,,31.439703,31.084183,0.034074,0.036499,,,,0.005020,-0.877802,-1.651386,,,,,,
54039,,,,,,,,,0.393437,0.000000,,,30.265163,29.966030,0.066162,0.067051,,,,0.004474,-0.883129,-1.655154,,,,,,
54049,,,,,,,,,0.421540,0.659300,,,29.821449,29.025215,0.077417,0.092948,,,,0.003938,-0.888252,-1.651390,,,,,,
54059,,,,,,,,,0.393437,0.000000,,,28.903566,28.778158,0.102768,0.098982,,,,0.003340,-0.893830,-1.647581,,,,,,
54069,,,,,,,,,0.393437,0.000000,,,28.131260,28.025742,0.124296,0.119932,,,,0.002690,-0.899427,-1.647258,,,,,,
54074,0.002777,-0.898831,-1.647906,0.033813,-0.893711,-1.688589,0.433981,-0.049234,,,22.194792,21.917833,,,,,-0.007496,0.030550,-0.040683,,,,,,,,,
54079,,,,,,,,,0.421540,0.659300,,,27.481441,27.392658,0.012313,0.002793,,,,0.002230,-0.904767,-1.643037,,,,,,
54089,,,,,,,,,0.309129,-0.659300,,,26.390141,26.315437,0.041729,0.031706,,,,0.001836,-0.910451,-1.645604,,,,,,
54099,,,,,,,,,0.252924,0.659300,,,24.382833,24.864521,0.098489,0.072078,,,,0.001572,-0.915900,-1.644262,,,,,,
54109,,,,,,,,,0.309129,-0.659300,,,23.238428,23.643721,0.130947,0.106409,,,,0.001120,-0.920003,-1.643825,,,,,,
54119,,,,,,,,,0.393437,0.000000,,,23.364613,23.161083,0.126751,0.119712,,,,0.000925,-0.922832,-1.645068,,,,,,
54124,0.000953,-0.922464,-1.645306,0.031463,-0.913340,-1.691322,0.408217,-0.052682,,,18.375389,17.998974,,,,,-0.011370,0.029746,-0.046016,,,,,,,,,
54129,,,,,,,,,0.393437,0.000000,,,24.015327,23.299534,-0.004696,0.000317,,,,0.000593,-0.925896,-1.649055,,,,,,
54139,,,,,,,,,0.281027,-1.318600,,,23.473753,22.326941,0.008455,0.026250,,,,0.000310,-0.928363,-1.645736,,,,,,
54149,,,,,,,,,0.196719,0.659300,,,21.384441,20.964058,0.067182,0.064078,,,,0.000113,-0.931080,-1.653609,,,,,,
54159,,,,,,,,,0.281027,0.000000,,,20.715582,20.361872,0.085322,0.080287,,,,-0.000192,-0.933195,-1.650718,,,,,,
54169,,,,,,,,,0.224821,0.000000,,,19.608261,19.310650,0.116621,0.109933,,,,-0.000480,-0.936371,-1.657543,,,,,,
54174,-0.000431,-0.936145,-1.656516,0.029213,-0.931699,-1.694279,0.382615,-0.056768,,,19.386116,19.086119,,,,,-0.006968,0.029154,-0.037763,,,,,,,,,
54179,,,,,,,,,0.281027,0.000000,,,19.221104,18.970694,0.156960,0.151088,,,,-0.000727,-0.939173,-1.653299,,,,,,
54197,,,,,,,,,0.056205,0.000000,,,18.275803,18.556704,0.183907,0.162151,,,,-0.001021,-0.941880,-1.653141,,,,,,
54200,,,,,,,,,0.533951,0.659300,,,,,,,,,,-0.001341,-0.944414,-1.652961,,,,,,
54209,,,,,,,,,0.337232,0.000000,,,18.644518,18.880867,0.173644,0.152914,,,,-0.001621,-0.946633,-1.653437,,,,,,
54219,,,,,,,,,0.337232,0.000000,,,18.954754,19.153618,0.164917,0.145026,,,,-0.001875,-0.948996,-1.653569,,,,,,
54225,-0.001875,-0.949328,-1.653817,0.027063,-0.948801,-1.697500,0.357266,-0.061619,,,20.273058,19.875477,,,,,-0.002925,0.028794,-0.043683,,,,,,,,,
54229,,,,,,,,,0.393437,0.000000,,,19.215786,19.383110,0.183450,0.161387,,,,-0.001983,-0.950669,-1.650841,,,,,,
54239,,,,,,,,,0.365335,-0.659300,,,20.524506,20.120749,0.145638,0.140025,,,,-0.002167,-0.952710,-1.651320,,,,,,
54249,,,,,,,,,0.365335,0.659300,,,20.536575,20.741398,0.145164,0.121735,,,,-0.002318,-0.954593,-1.651331,,,,,,
54259,,,,,,,,,0.309129,-0.659300,,,20.546732,20.174526,0.144740,0.137917,,,,-0.002696,-0.958421,-1.658894,,,,,,
54269,,,,,,,,,0.337232,0.000000,,,20.555277,20.242104,0.144359,0.135795,,,,-0.002946,-0.962186,-1.658862,,,,,,
54274,-0.002974,-0.962517,-1.658439,0.025014,-0.964665,-1.701037,0.332259,-0.067396,,,20.305546,19.884872,,,,,-0.000310,0.028069,-0.042598,,,,,,,,,
54279,,,,,,,,,0.337232,0.000000,,,20.562466,20.298962,0.144964,0.134229,,,,-0.003306,-0.966032,-1.662595,,,,,,
54289,,,,,,,,,0.365335,-0.659300,,,21.113058,20.346804,0.128720,0.132630,,,,-0.003594,-0.969585,-1.666345,,,,,,
54299,,,,,,,,,0.365335,-0.659300,,,21.576326,20.387056,0.114767,0.131229,,,,-0.003888,-0.973017,-1.670072,,,,,,
54309,,,,,,,,,0.365335,-0.659300,,,21.421577,20.420925,0.118688,0.129997,,,,-0.004237,-0.976444,-1.670120,,,,,,
54319,,,,,,,,,0.421540,0.659300,,,21.835915,20.993965,0.106021,0.112961,,,,-0.004622,-0.979503,-1.670123,,,,,,
54324,-0.004616,-0.979841,-1.666377,0.023067,-0.979316,-1.704954,0.307676,-0.074310,,,17.119406,16.700203,,,,,-0.003165,0.027506,-0.038577,,,,,,,,,
54329,,,,,,,,,0.309129,-0.659300,,,21.639996,20.931580,0.017733,0.021008,,,,-0.005051,-0.983084,-1.673865,,,,,,
54339,,,,,,,,,0.252924,0.659300,,,20.930605,20.334545,0.036334,0.036458,,,,-0.005516,-0.986630,-1.670116,,,,,,
54349,,,,,,,,,0.252924,0.659300,,,19.789181,19.832199,0.067925,0.049422,,,,-0.006070,-0.990441,-1.670093,,,,,,
54359,,,,,,,,,0.281027,-1.318600,,,19.373329,18.864983,0.078820,0.076239,,,,-0.006604,-0.994183,-1.666360,,,,,,
54369,,,,,,,,,0.252924,0.659300,,,19.023432,18.595711,0.087983,0.083084,,,,-0.007138,-0.998259,-1.665784,,,,,,
54374,-0.007013,-0.997771,-1.663069,0.021221,-0.992780,-1.709330,0.283596,-0.082637,,,13.092288,12.564558,,,,,-0.007571,0.027654,-0.046261,,,,,,,,,
54379,,,,,,,,,0.252924,0.659300,,,18.184486,18.369144,-0.006281,-0.032284,,,,-0.007603,-1.002042,-1.664976,,,,,,
54389,,,,,,,,,0.168616,0.000000,,,16.934053,16.544882,0.027888,0.018345,,,,-0.008054,-1.005882,-1.667440,,,,,,
54399,,,,,,,,,0.168616,0.000000,,,15.881940,15.554491,0.056850,0.045433,,,,-0.008379,-1.009611,-1.666417,,,,,,
54409,,,,,,,,,0.140513,-0.659300,,,14.996692,14.721176,0.081431,0.068397,,,,-0.008600,-1.012579,-1.669018,,,,,,
54419,,,,,,,,,0.224821,0.000000,,,14.796388,14.564569,0.086382,0.071947,,,,-0.008733,-1.013507,-1.667039,,,,,,
54424,-0.008676,-1.013126,-1.666706,0.019475,-1.005087,-1.714266,0.260092,-0.092740,,,9.838054,9.250747,,,,,-0.010698,0.027251,-0.047561,,,,,,,,,
54429,,,,,,,,,0.196719,-0.659300,,,14.627851,13.888256,-0.004786,-0.006239,,,,-0.008829,-1.014941,-1.671004,,,,,,
54439,,,,,,,,,0.168616,0.000000,,,13.941502,13.319206,0.013012,0.008197,,,,-0.008943,-1.015778,-1.671922,,,,,,
54449,,,,,,,,,0.112411,0.000000,,,12.819464,12.295865,0.043895,0.036208,,,,-0.008997,-1.016764,-1.676096,,,,,,
54459,,,,,,,,,0.112411,0.000000,,,11.875381,10.890283,0.070107,0.075901,,,,-0.009080,-1.017806,-1.679826,,,,,,
54469,,,,,,,,,0.084308,-0.659300,,,11.081031,10.252169,0.092388,0.093798,,,,-0.009296,-1.018818,-1.683414,,,,,,
54474,-0.009284,-1.018692,-1.684778,0.017828,-1.016271,-1.719891,0.237232,-0.105115,,,11.514170,10.959892,,,,,-0.005489,0.026660,-0.035112,,,,,,,,,
54479,,,,,,,,,0.168616,0.000000,,,10.412664,10.259803,0.160437,0.143138,,,,-0.009422,-1.019946,-1.686630,,,,,,
54489,,,,,,,,,0.140513,-0.659300,,,10.939387,9.721684,0.145544,0.159230,,,,-0.009495,-1.020703,-1.686953,,,,,,
54499,,,,,,,,,0.168616,0.000000,,,10.293486,9.813453,0.164732,0.157138,,,,-0.009598,-1.021617,-1.690666,,,,,,
54509,,,,,,,,,0.196719,0.659300,,,10.839110,10.435210,0.149342,0.139483,,,,-0.009661,-1.021781,-1.687823,,,,,,
54519,,,,,,,,,0.224821,0.000000,,,11.298199,10.958357,0.136223,0.124417,,,,-0.009689,-1.022052,-1.684773,,,,,,
54524,-0.009763,-1.022708,-1.684774,0.016280,-1.026369,-1.726375,0.215077,-0.120439,,,13.867301,13.186162,,,,,0.000676,0.026290,-0.041601,,,,,,,,,
54529,,,,,,,,,0.224821,0.000000,,,11.684476,11.398533,0.193917,0.176714,,,,-0.009707,-1.022096,-1.685011,,,,,,
54539,,,,,,,,,0.252924,-0.659300,,,12.554032,11.768897,0.169504,0.166728,,,,-0.009943,-1.023471,-1.677455,,,,,,
54549,,,,,,,,,0.281027,0.000000,,,12.741134,12.080522,0.164656,0.158284,,,,-0.010223,-1.025912,-1.681305,,,,,,
54559,,,,,,,,,0.224821,0.000000,,,13.443104,12.887265,0.144643,0.135193,,,,-0.010386,-1.028101,-1.681301,,,,,,
54569,,,,,,,,,0.224821,0.000000,,,13.489199,13.021516,0.143497,0.131406,,,,-0.010777,-1.030613,-1.681255,,,,,,
54574,-0.010799,-1.030887,-1.681551,0.014827,-1.035419,-1.733945,0.193684,-0.139665,,,13.226490,12.381504,,,,,0.001672,0.025970,-0.052394,,,,,,,,,
54579,,,,,,,,,0.281027,0.000000,,,14.072526,13.679018,0.107835,0.088673,,,,-0.011027,-1.032851,-1.681304,,,,,,
54589,,,,,,,,,0.252924,-0.659300,,,14.018794,13.687696,0.109003,0.087796,,,,-0.011308,-1.035276,-1.681288,,,,,,
54599,,,,,,,,,0.252924,0.659300,,,14.518127,14.239542,0.094002,0.071011,,,,-0.011701,-1.038115,-1.685011,,,,,,
54609,,,,,,,,,0.252924,-0.659300,,,14.938267,14.159322,0.081080,0.072468,,,,-0.012126,-1.040861,-1.685013,,,,,,
54619,,,,,,,,,0.224821,0.000000,,,14.747229,14.091825,0.085852,0.073591,,,,-0.012492,-1.043610,-1.684988,,,,,,
54627,-0.012454,-1.043479,-1.684700,0.013467,-1.043463,-1.742913,0.173101,-0.164169,,,9.301427,8.307736,14.586489,13.490489,-0.025097,-0.028903,-0.002962,0.025751,-0.058213,,,,,,,,,
54630,,,,,,,,,0.252924,-0.659300,,,,,,,,,,-0.012789,-1.046171,-1.688642,,,,,,
54639,,,,,,,,,0.112411,0.000000,,,13.906699,12.984526,-0.007730,-0.016576,,,,-0.013194,-1.048648,-1.688646,,,,,,
54649,,,,,,,,,0.140513,0.659300,,,12.790181,12.558807,0.022751,-0.006356,,,,-0.013537,-1.051157,-1.692346,,,,,,
54659,,,,,,,,,0.112411,-1.318600,,,11.850743,11.111522,0.048583,0.033980,,,,-0.013918,-1.053805,-1.699423,,,,,,
54669,,,,,,,,,0.056205,0.000000,,,11.060300,9.893776,0.070504,0.068290,,,,-0.014298,-1.056821,-1.698725,,,,,,
54674,-0.014170,-1.055935,-1.697548,0.012199,-1.050544,-1.753716,0.153372,-0.195984,,,4.788444,3.653141,,,,,-0.008681,0.025476,-0.056168,,,,,,,,,
54679,,,,,,,,,0.084308,-0.659300,,,10.395222,8.869165,-0.043007,-0.038757,,,,-0.014722,-1.059650,-1.704410,,,,,,
54689,,,,,,,,,0.056205,0.000000,,,9.291081,8.007058,-0.013369,-0.016018,,,,-0.015104,-1.062304,-1.710447,,,,,,
54699,,,,,,,,,-0.000000,0.000000,,,7.817514,6.737138,0.027616,0.019075,,,,-0.015215,-1.063773,-1.713358,,,,,,
54709,,,,,,,,,0.028103,-0.659300,,,7.122199,5.668627,0.046521,0.048881,,,,-0.015245,-1.064187,-1.717746,,,,,,
54719,,,,,,,,,0.056205,0.000000,,,6.537160,5.314125,0.062530,0.058293,,,,-0.015265,-1.064478,-1.721386,,,,,,
54727,-0.015203,-1.063995,-1.719386,0.011019,-1.056707,-1.766990,0.134537,-0.238227,,,2.305495,0.997536,6.044909,5.560390,0.003403,-0.027471,-0.011090,0.024854,-0.047604,,,,,,,,,
54730,,,,,,,,,0.084308,0.659300,,,,,,,,,,-0.015214,-1.064080,-1.722222,,,,,,
54739,,,,,,,,,0.028103,-0.659300,,,5.630728,4.678512,0.013736,-0.003840,,,,-0.015229,-1.063938,-1.722408,,,,,,
54749,,,,,,,,,-0.000000,0.000000,,,4.737694,3.936499,0.038288,0.016120,,,,-0.015216,-1.063672,-1.722961,,,,,,
54759,,,,,,,,,0.028103,-0.659300,,,4.530838,3.312170,0.043177,0.032989,,,,-0.015146,-1.063344,-1.727255,,,,,,
54769,,,,,,,,,-0.000000,0.000000,,,3.812247,2.786859,0.063149,0.047259,,,,-0.015127,-1.063004,-1.727526,,,,,,
54774,-0.015133,-1.063087,-1.726843,0.009924,-1.061999,-1.783693,0.116627,-0.295860,,,4.991969,3.357228,,,,,-0.004969,0.024584,-0.056850,,,,,,,,,
54779,,,,,,,,,0.028103,0.659300,,,3.207624,2.889406,0.158789,0.112490,,,,-0.015070,-1.062681,-1.727675,,,,,,
54789,,,,,,,,,0.084308,0.659300,,,3.243437,3.520232,0.158597,0.094244,,,,-0.014982,-1.062363,-1.727931,,,,,,
54799,,,,,,,,,0.056205,-1.318600,,,3.818114,2.961923,0.142610,0.110513,,,,-0.014927,-1.061934,-1.728040,,,,,,
54809,,,,,,,,,0.084308,0.659300,,,3.757104,3.581248,0.144960,0.092569,,,,-0.014833,-1.061213,-1.728407,,,,,,
54819,,,,,,,,,0.140513,-0.659300,,,4.794857,4.102348,0.115167,0.077203,,,,-0.014620,-1.060259,-1.729061,,,,,,
54827,-0.014763,-1.061077,-1.731641,0.008912,-1.066465,-1.805339,0.099671,-0.377166,,,8.024683,5.925354,4.578935,3.996258,0.210382,0.155147,0.001527,0.024232,-0.073698,,,,,,,,,
54830,,,,,,,,,0.056205,0.000000,,,,,,,,,,-0.014501,-1.059604,-1.732696,,,,,,
54839,,,,,,,,,0.084308,-0.659300,,,4.941802,3.906995,0.201411,0.158686,,,,-0.014782,-1.060392,-1.732707,,,,,,
54849,,,,,,,,,0.112411,0.000000,,,5.247118,4.376431,0.193951,0.145910,,,,-0.014998,-1.061707,-1.739960,,,,,,
54859,,,,,,,,,0.140513,-0.659300,,,6.048553,4.771415,0.171818,0.135088,,,,-0.015108,-1.062836,-1.743578,,,,,,
54869,,,,,,,,,0.168616,-1.318600,,,6.722882,5.103754,0.153022,0.125911,,,,-0.015271,-1.064096,-1.750798,,,,,,
54874,-0.015362,-1.064537,-1.754723,0.007978,-1.070155,-1.834458,0.083694,-0.496781,,,7.196975,4.479455,,,,,0.001254,0.023974,-0.079735,,,,,,,,,
54879,,,,,,,,,0.168616,0.000000,,,7.834805,5.927927,0.096855,0.059838,,,,-0.015468,-1.065444,-1.754413,,,,,,
54889,,,,,,,,,0.168616,-1.318600,,,8.225833,6.076844,0.085099,0.054782,,,,-0.015834,-1.067303,-1.761597,,,,,,
54899,,,,,,,,,0.140513,-0.659300,,,9.099387,6.202142,0.059028,0.050347,,,,-0.016185,-1.069234,-1.768766,,,,,,
54909,,,,,,,,,0.140513,-1.977900,,,9.289853,5.763024,0.052538,0.062377,,,,-0.016618,-1.071154,-1.775868,,,,,,
54919,,,,,,,,,0.140513,0.659300,,,9.450110,6.482637,0.046841,0.040691,,,,-0.016968,-1.072957,-1.786485,,,,,,
54924,-0.016935,-1.072831,-1.781053,0.007120,-1.073116,-1.875611,0.068720,-0.682476,,,3.222522,-0.472140,,,,,-0.004742,0.023584,-0.094558,,,,,,,,,
54929,,,,,,,,,0.140513,-0.659300,,,9.040408,6.543577,-0.058617,-0.107037,,,,-0.017370,-1.074787,-1.796996,,,,,,
54939,,,,,,,,,0.056205,-1.318600,,,9.240228,5.505764,-0.067260,-0.080018,,,,-0.017693,-1.076427,-1.800566,,,,,,
54949,,,,,,,,,-0.000000,0.000000,,,7.774726,4.632549,-0.027238,-0.057320,,,,-0.018059,-1.078079,-1.807529,,,,,,
54959,,,,,,,,,-0.000000,0.000000,,,6.541654,3.897826,0.006681,-0.038257,,,,-0.018535,-1.080133,-1.810283,,,,,,
54969,,,,,,,,,-0.000000,0.000000,,,5.504147,3.279630,0.035466,-0.022254,,,,-0.019071,-1.082247,-1.808840,,,,,,
54974,-0.018891,-1.081457,-1.806508,0.006333,-1.075396,-1.937843,0.054779,-0.991903,,,-0.979438,-6.321848,,,,,-0.011784,0.023111,-0.131335,,,,,,,,,
54979,,,,,,,,,-0.000000,0.000000,,,4.631188,2.759480,-0.063103,-0.180104,,,,-0.019475,-1.084143,-1.807085,,,,,,
54989,,,,,,,,,-0.028103,-0.659300,,,3.896681,1.777283,-0.044289,-0.155705,,,,-0.019543,-1.084312,-1.807276,,,,,,
54999,,,,,,,,,-0.000000,0.000000,,,3.278667,1.495406,-0.028534,-0.151339,,,,-0.019507,-1.083957,-1.804722,,,,,,
55009,,,,,,,,,-0.028103,-0.659300,,,2.758670,0.713691,-0.015353,-0.132202,,,,-0.019474,-1.083714,-1.808099,,,,,,
55019,,,,,,,,,-0.056205,-1.318600,,,2.321144,-0.488587,-0.004336,-0.100377,,,,-0.019257,-1.083002,-1.811752,,,,,,
55024,-0.019165,-1.082645,-1.816845,0.005614,-1.077045,-2.041547,0.041920,-1.559432,,,-0.094055,-8.473947,,,,,-0.011466,0.022669,-0.224702,,,,,,,,,
55029,,,,,,,,,-0.056205,-1.318600,,,1.953011,-0.955640,0.030782,-0.152515,,,,-0.019125,-1.082439,-1.822121,,,,,,
55039,,,,,,,,,-0.056205,-1.318600,,,1.643263,-2.437705,0.038869,-0.112729,,,,-0.018785,-1.081519,-1.833371,,,,,,
55049,,,,,,,,,-0.056205,-1.318600,,,1.382641,-3.140171,0.045666,-0.095058,,,,-0.018636,-1.080795,-1.850827,,,,,,
55059,,,,,,,,,-0.084308,-1.977900,,,1.163354,-4.275769,0.051378,-0.064368,,,,-0.018410,-1.079946,-1.868296,,,,,,
55069,,,,,,,,,-0.056205,-1.318600,,,0.978846,-4.686718,0.056177,-0.054350,,,,-0.018174,-1.079176,-1.888953,,,,,,
55074,-0.018192,-1.079240,-1.888435,0.004960,-1.078108,-2.240803,0.030252,-2.747985,,,4.130956,-10.485707,,,,,-0.008306,0.021640,-0.352368,,,,,,,,,
55079,,,,,,,,,-0.084308,-1.977900,,,0.823601,-5.577034,0.183916,-0.089004,,,,-0.017801,-1.078287,-1.905993,,,,,,
55089,,,,,,,,,0.000000,-2.637200,,,1.782064,-5.781602,0.157440,-0.085371,,,,-0.017535,-1.077428,-1.922925,,,,,,
55099,,,,,,,,,-0.028103,-3.296500,,,2.588515,-6.498269,0.134954,-0.066645,,,,-0.017212,-1.076538,-1.940075,,,,,,
55109,,,,,,,,,-0.028103,-3.296500,,,3.267063,-6.556729,0.115827,-0.066847,,,,-0.016589,-1.075454,-1.967513,,,,,,
55119,,,,,,,,,0.000000,-2.637200,,,3.837992,-7.150460,0.099525,-0.051348,,,,-0.016086,-1.074340,-1.994317,,,,,,
55124,-0.016263,-1.074751,-1.996497,0.004366,-1.078635,-2.691550,0.020086,-5.701325,,,13.038548,-17.045460,,,,,-0.004982,0.020392,-0.695053,,,,,,,,,
55129,,,,,,,,,0.028103,-3.296500,,,4.862916,-7.105483,0.330470,-0.246336,,,,-0.015451,-1.073074,-2.027408,,,,,,
55139,,,,,,,,,0.028103,-5.933700,,,6.814373,-8.156725,0.277255,-0.220327,,,,-0.014524,-1.071803,-2.060146,,,,,,
55149,,,,,,,,,0.028103,-9.889501,,,10.089958,-10.130326,0.184334,-0.166806,,,,-0.013780,-1.070794,-2.092207,,,,,,
55159,,,,,,,,,0.028103,-8.570901,,,12.301492,-11.790915,0.120996,-0.121503,,,,-0.014043,-1.071257,-2.139914,,,,,,
55169,,,,,,,,,0.000000,-6.593000,,,13.073190,-13.188133,0.098754,-0.083115,,,,-0.014143,-1.071678,-2.202467,,,,,,
55174,-0.014320,-1.071936,-2.212846,0.003828,-1.078669,2.775445,0.012550,-13.309912,,,31.815750,-37.873562,,,,,-0.005475,0.018567,-1.294894,,,,,,,,,
55179,,,,,,,,,0.000000,-6.593000,,,13.177953,-13.819210,0.645466,-0.676335,,,,-0.014249,-1.072188,-2.276198,,,,,,
55189,,,,,,,,,-0.056205,-15.823201,,,17.622446,-18.162001,0.524278,-0.560724,,,,-0.013983,-1.072625,-2.348809,,,,,,
55199,,,,,,,,,0.000000,-26.372002,,,25.173845,-25.627827,0.309986,-0.351587,,,,-0.013727,-1.073046,-2.432201,,,,,,
55209,,,,,,,,,0.000000,-23.734800,,,30.983047,-32.454113,0.143080,-0.157591,,,,-0.013554,-1.073524,-2.546169,,,,,,
55219,,,,,,,,,-0.056205,-18.460400,,,33.148193,-34.930492,0.080085,-0.087684,,,,-0.013083,-1.074044,-2.703638,,,,,,
55224,-0.012980,-1.073754,-2.739911,0.003344,-1.078258,2.208184,0.010927,-15.944475,,,33.996811,-49.371109,,,,,-0.013263,0.010527,-1.335091,,,,,,,,,
55229,,,,,,,,,-0.028103,-13.845300,,,33.880859,-35.925030,0.121854,-0.396625,,,,-0.013012,-1.074721,-2.872370,,,,,,
55239,,,,,,,,,-0.084308,-16.482500,,,34.497326,-37.850922,0.103859,-0.346689,,,,-0.012757,-1.075538,-3.047584,,,,,,
55249,,,,,,,,,-0.196719,-19.119701,,,34.471478,-41.104996,0.104376,-0.256939,,,,-0.013010,-1.076222,3.077719,,,,,,
55259,,,,,,,,,-0.140513,-16.482500,,,34.449730,-42.753887,0.104785,-0.212627,,,,-0.013129,-1.076822,2.916639,,,,,,
55269,,,,,,,,,-0.140513,-15.163900,,,33.886887,-44.141262,0.121048,-0.175181,,,,-0.013701,-1.077187,2.753804,,,,,,
55274,-0.013051,-1.076887,2.756427,0.002909,-1.077444,1.960726,0.015422,-7.239670,,,10.817732,-27.238846,,,,,-0.015000,-0.005480,-0.795701,,,,,,,,,
55279,,,,,,,,,-0.196719,-16.482502,,,33.957855,-45.308601,-0.559661,0.504521,,,,-0.013931,-1.077511,2.585349,,,,,,
55289,,,,,,,,,-0.140513,-3.296500,,,28.572136,-41.389912,-0.413074,0.398455,,,,-0.014136,-1.077371,2.424422,,,,,,
55299,,,,,,,,,-0.140513,9.889501,,,18.595160,-32.102749,-0.129471,0.133319,,,,-0.013607,-1.077656,2.283176,,,,,,
55309,,,,,,,,,-0.084308,8.570901,,,11.289619,-24.288532,0.080702,-0.093146,,,,-0.012430,-1.079069,2.166224,,,,,,
55319,,,,,,,,,-0.028103,-1.977900,,,10.043628,-21.525454,0.116959,-0.175465,,,,-0.011468,-1.080050,2.080496,,,,,,
55324,-0.011496,-1.079839,2.128921,0.002521,-1.076271,1.838216,0.021638,-3.313073,,,7.398216,-10.065118,,,,,-0.004397,-0.013779,-0.290705,,,,,,,,,
55329,,,,,,,,,-0.084308,-7.252300,,,10.628880,-21.923317,0.000071,0.336288,,,,-0.010567,-1.081589,2.032661,,,,,,
55339,,,,,,,,,0.028103,-0.659300,,,9.487681,-18.446276,0.031934,0.240173,,,,-0.009882,-1.083108,1.993742,,,,,,
55349,,,,,,,,,0.112411,1.318600,,,8.527477,-13.887064,0.059046,0.110702,,,,-0.009260,-1.085050,1.954570,,,,,,
55359,,,,,,,,,0.028103,-0.659300,,,7.719562,-11.684574,0.082160,0.048048,,,,-0.008783,-1.086983,1.934934,,,,,,
55369,,,,,,,,,0.056205,-1.318600,,,7.584324,-9.831399,0.085965,-0.005436,,,,-0.008408,-1.088305,1.938451,,,,,,
55374,-0.008783,-1.087389,1.948903,0.002174,-1.074778,1.767362,0.027789,-1.801958,,,10.988891,1.428080,,,,,0.007676,-0.014839,-0.181541,,,,,,,,,
55379,,,,,,,,,-0.000000,0.000000,,,6.381450,-8.272138,0.226231,0.285317,,,,-0.008463,-1.087782,1.938267,,,,,,
55389,,,,,,,,,0.056205,0.000000,,,5.913894,-6.415632,0.242133,0.235615,,,,-0.008623,-1.087752,1.938328,,,,,,
55399,,,,,,,,,0.112411,0.000000,,,6.065036,-4.309026,0.240143,0.177699,,,,-0.008804,-1.087265,1.934937,,,,,,
55409,,,,,,,,,0.168616,0.000000,,,6.736751,-1.991984,0.222839,0.112609,,,,-0.008950,-1.086786,1.941736,,,,,,
55419,,,,,,,,,0.140513,-0.659300,,,7.301931,-0.586969,0.208331,0.073112,,,,-0.009383,-1.085564,1.941684,,,,,,
55424,-0.009543,-1.085167,1.939523,0.001866,-1.073004,1.721751,0.033434,-1.111866,,,9.291789,3.250767,,,,,0.007233,-0.015026,-0.217772,,,,,,,,,
55429,,,,,,,,,0.168616,-1.318600,,,8.322017,0.595211,0.130542,0.092833,,,,-0.009934,-1.084091,1.941650,,,,,,
55439,,,,,,,,,0.196719,-0.659300,,,9.180317,1.589897,0.105876,0.064984,,,,-0.010644,-1.082358,1.931494,,,,,,
55449,,,,,,,,,0.140513,-1.977900,,,9.902491,2.426826,0.084784,0.041276,,,,-0.011327,-1.080593,1.918048,,,,,,
55459,,,,,,,,,0.168616,-1.318600,,,10.510127,3.131017,0.066700,0.021052,,,,-0.011967,-1.079008,1.904499,,,,,,
55469,,,,,,,,,0.084308,-1.977900,,,10.476850,2.634438,0.067089,0.035650,,,,-0.012530,-1.077291,1.894246,,,,,,
55474,-0.012392,-1.077617,1.889746,0.001595,-1.070988,1.690166,0.038452,-0.747376,,,5.510523,1.351303,,,,,0.001909,-0.015360,-0.199581,,,,,,,,,
55479,,,,,,,,,0.140513,-0.659300,,,10.448850,3.305702,-0.043375,-0.039325,,,,-0.013199,-1.075648,1.877146,,,,,,
55489,,,,,,,,,0.084308,-1.977900,,,10.425290,2.781417,-0.045056,-0.024912,,,,-0.013793,-1.073903,1.856342,,,,,,
55499,,,,,,,,,0.028103,-0.659300,,,9.316381,2.340284,-0.014946,-0.012682,,,,-0.014509,-1.072220,1.842360,,,,,,
55509,,,,,,,,,0.028103,-0.659300,,,8.383345,1.969115,0.010547,-0.002289,,,,-0.015003,-1.070275,1.834841,,,,,,
55519,,,,,,,,,-0.000000,0.000000,,,7.053745,1.656813,0.048098,0.006558,,,,-0.015461,-1.068251,1.830241,,,,,,
55527,-0.015203,-1.069037,1.835235,0.001356,-1.068765,1.667130,0.042818,-0.533375,,,1.691903,-1.342182,5.935020,1.394042,-0.031695,-0.064760,-0.004065,-0.016055,-0.168105,,,,,,,,,
55530,,,,,,,,,-0.000000,0.000000,,,,,,,,,,-0.016048,-1.066405,1.828596,,,,,,
55539,,,,,,,,,-0.000000,0.000000,,,4.993725,1.172947,-0.006171,-0.059599,,,,-0.016365,-1.065458,1.827916,,,,,,
55549,,,,,,,,,-0.000000,0.000000,,,4.201720,0.986917,0.015434,-0.055360,,,,-0.016191,-1.066071,1.836427,,,,,,
55559,,,,,,,,,-0.000000,0.000000,,,3.535326,0.830392,0.033741,-0.051895,,,,-0.016156,-1.066104,1.835668,,,,,,
55569,,,,,,,,,-0.000000,0.000000,,,2.974623,0.698692,0.049274,-0.049081,,,,-0.015904,-1.066831,1.836529,,,,,,
55574,-0.015845,-1.067016,1.836420,0.001146,-1.066367,1.649678,0.046540,-0.397568,,,1.715129,-0.662186,,,,,-0.003834,-0.016565,-0.186743,,,,,,,,,
55579,,,,,,,,,-0.000000,0.000000,,,2.502848,0.587879,0.063152,-0.026906,,,,-0.015770,-1.067248,1.833078,,,,,,
55589,,,,,,,,,-0.000000,0.000000,,,2.105896,0.494641,0.074396,-0.024776,,,,-0.015612,-1.067995,1.829967,,,,,,
55599,,,,,,,,,-0.000000,0.000000,,,1.771900,0.416191,0.083988,-0.023034,,,,-0.015396,-1.068691,1.830241,,,,,,
55609,,,,,,,,,0.028103,-0.659300,,,2.035420,0.350183,0.076245,-0.021619,,,,-0.015151,-1.069538,1.823802,,,,,,
55619,,,,,,,,,-0.000000,0.000000,,,1.712602,0.294644,0.085544,-0.020479,,,,-0.014975,-1.070490,1.824231,,,,,,
55627,-0.015048,-1.070198,1.825254,0.000963,-1.063826,1.636069,0.049641,-0.306152,,,5.205069,3.278491,1.440983,0.247914,0.195683,0.095813,0.002137,-0.017099,-0.189186,,,,,,,,,
55630,,,,,,,,,-0.000000,0.000000,,,,,,,,,,-0.014801,-1.071312,1.820963,,,,,,
55639,,,,,,,,,0.056205,-1.318600,,,2.301529,0.208594,0.172293,0.098419,,,,-0.014479,-1.072671,1.817974,,,,,,
55649,,,,,,,,,0.028103,-0.659300,,,2.481050,0.175511,0.168431,0.100861,,,,-0.014263,-1.073768,1.811235,,,,,,
55659,,,,,,,,,0.056205,-1.318600,,,3.176641,0.147675,0.149371,0.103166,,,,-0.014150,-1.074136,1.804282,,,,,,
55669,,,,,,,,,0.028103,-0.659300,,,3.217369,0.124254,0.149152,0.105354,,,,-0.014362,-1.072974,1.796949,,,,,,
55674,-0.014447,-1.072627,1.796558,0.000805,-1.061172,1.625219,0.052154,-0.241722,,,8.511625,6.932240,,,,,0.007750,-0.017429,-0.171339,,,,,,,,,
55679,,,,,,,,,0.084308,-0.659300,,,3.796180,0.649090,0.229975,0.198483,,,,-0.014451,-1.072458,1.793550,,,,,,
55689,,,,,,,,,0.168616,-1.318600,,,4.827735,1.635231,0.202034,0.172625,,,,-0.014822,-1.071494,1.782823,,,,,,
55699,,,,,,,,,0.112411,-1.318600,,,5.695685,1.920426,0.178389,0.166817,,,,-0.014937,-1.071064,1.779415,,,,,,
55709,,,,,,,,,0.168616,0.000000,,,6.970522,3.249476,0.142413,0.130308,,,,-0.015123,-1.070160,1.768731,,,,,,
55719,,,,,,,,,0.140513,-0.659300,,,7.498626,3.823195,0.127690,0.115277,,,,-0.015426,-1.068605,1.761537,,,,,,
55727,-0.015466,-1.068366,1.761710,0.000668,-1.058432,1.616414,0.054112,-0.194612,,,7.878989,6.576601,7.942972,4.305923,0.096642,0.092222,0.006692,-0.017726,-0.145296,,,,,,,,,
55730,,,,,,,,,0.168616,0.000000,,,,,,,,,,-0.015818,-1.066804,1.757946,,,,,,
55739,,,,,,,,,0.168616,-1.318600,,,8.861388,5.256632,0.069720,0.065475,,,,-0.016193,-1.064958,1.750681,,,,,,
55749,,,,,,,,,0.168616,0.000000,,,9.089601,6.056560,0.062567,0.042687,,,,-0.016451,-1.063291,1.747141,,,,,,
55759,,,,,,,,,0.140513,-0.659300,,,9.281618,6.185075,0.056363,0.039173,,,,-0.016757,-1.061572,1.739843,,,,,,
55769,,,,,,,,,0.084308,-0.659300,,,8.898639,5.748664,0.066904,0.052139,,,,-0.017142,-1.059829,1.736169,,,,,,
55774,-0.017063,-1.060197,1.735546,0.000551,-1.055630,1.609172,0.055554,-0.159116,,,4.869047,3.776098,,,,,0.001617,-0.018125,-0.126374,,,,,,,,,
55779,,,,,,,,,0.140513,-0.659300,,,9.120943,5.926012,-0.028226,-0.034655,,,,-0.017444,-1.058080,1.728954,,,,,,
55789,,,,,,,,,0.084308,-0.659300,,,8.763447,5.530689,-0.019799,-0.024111,,,,-0.017726,-1.056347,1.725275,,,,,,
55799,,,,,,,,,0.056205,0.000000,,,7.918106,5.198064,0.003083,-0.015214,,,,-0.017948,-1.054611,1.717737,,,,,,
55809,,,,,,,,,0.028103,-0.659300,,,7.206837,4.373650,0.022446,0.008242,,,,-0.018248,-1.052762,1.713303,,,,,,
55819,,,,,,,,,-0.000000,0.000000,,,6.063831,3.679989,0.054791,0.028265,,,,-0.018469,-1.050910,1.708975,,,,,,
55824,-0.018351,-1.051689,1.711205,0.000451,-1.052791,1.603150,0.056517,-0.131696,,,1.692748,0.770001,,,,,-0.003722,-0.018463,-0.108056,,,,,,,,,
55829,,,,,,,,,-0.000000,0.000000,,,5.102107,3.096342,-0.010626,-0.042618,,,,-0.018752,-1.048983,1.707402,,,,,,
55839,,,,,,,,,-0.000000,0.000000,,,4.292912,2.605262,0.011431,-0.029356,,,,-0.019002,-1.047489,1.709561,,,,,,
55849,,,,,,,,,-0.000000,0.000000,,,3.612056,2.192067,0.030118,-0.018138,,,,-0.019009,-1.047803,1.714390,,,,,,
55859,,,,,,,,,-0.000000,0.000000,,,3.039183,1.844405,0.045971,-0.008641,,,,-0.018887,-1.048043,1.710914,,,,,,
55869,,,,,,,,,-0.000000,0.000000,,,2.557168,1.551882,0.059438,-0.000592,,,,-0.018763,-1.048607,1.714983,,,,,,
55874,-0.018729,-1.048865,1.714666,0.000366,-1.049936,1.598095,0.057040,-0.110067,,,1.629408,0.801068,,,,,-0.003797,-0.018744,-0.116570,,,,,,,,,
55879,,,,,,,,,-0.000000,0.000000,,,2.151601,1.305753,0.069044,0.007149,,,,-0.018725,-1.049197,1.715376,,,,,,
55889,,,,,,,,,-0.000000,0.000000,,,1.810357,1.098660,0.078784,0.012971,,,,-0.018637,-1.049812,1.711902,,,,,,
55899,,,,,,,,,0.028103,-0.659300,,,2.067777,0.924413,0.071160,0.017930,,,,-0.018512,-1.050691,1.712668,,,,,,
55909,,,,,,,,,-0.000000,0.000000,,,1.739827,0.777801,0.080552,0.022163,,,,-0.018376,-1.051413,1.709136,,,,,,
55919,,,,,,,,,-0.000000,0.000000,,,1.463891,0.654441,0.088579,0.025786,,,,-0.018264,-1.052500,1.713444,,,,,,
55924,-0.018303,-1.052195,1.713546,0.000294,-1.047084,1.593826,0.057162,-0.092700,,,5.266275,4.521218,,,,,0.002413,-0.019135,-0.119720,,,,,,,,,
55929,,,,,,,,,-0.000000,0.000000,,,1.231717,0.550647,0.201944,0.137822,,,,-0.018198,-1.053291,1.713663,,,,,,
55939,,,,,,,,,0.084308,0.659300,,,1.580910,1.007857,0.193656,0.126341,,,,-0.018096,-1.054500,1.714086,,,,,,
55949,,,,,,,,,0.084308,-0.659300,,,2.419264,1.937098,0.170878,0.100819,,,,-0.017853,-1.055754,1.710764,,,,,,
55959,,,,,,,,,0.056205,0.000000,,,2.580112,2.174417,0.167535,0.095111,,,,-0.017780,-1.056490,1.703498,,,,,,
55969,,,,,,,,,0.056205,-1.318600,,,3.259992,1.829554,0.148917,0.106335,,,,-0.017915,-1.055484,1.696077,,,,,,
55974,-0.017974,-1.054973,1.692011,0.000234,-1.044251,1.590200,0.056919,-0.078543,,,8.770199,8.131724,,,,,0.008442,-0.019371,-0.101811,,,,,,,,,
55979,,,,,,,,,0.056205,-1.318600,,,3.832043,1.539387,0.235726,0.221838,,,,-0.017973,-1.054821,1.692384,,,,,,
55989,,,,,,,,,0.140513,0.659300,,,4.313367,2.384326,0.224003,0.200263,,,,-0.018162,-1.053754,1.684835,,,,,,
55999,,,,,,,,,0.168616,-1.318600,,,5.807439,3.639801,0.182396,0.166261,,,,-0.018262,-1.053022,1.677490,,,,,,
56009,,,,,,,,,0.140513,-0.659300,,,6.520008,4.151615,0.162954,0.153432,,,,-0.018360,-1.052259,1.673864,,,,,,
56019,,,,,,,,,0.196719,-0.659300,,,7.664107,5.126798,0.130535,0.126789,,,,-0.018445,-1.050438,1.666361,,,,,,
56024,-0.018492,-1.049997,1.665747,0.000184,-1.041455,1.587109,0.056348,-0.066852,,,7.680036,7.146119,,,,,0.006733,-0.019402,-0.078639,,,,,,,,,
56029,,,,,,,,,0.168616,0.000000,,,8.082208,5.402773,0.086903,0.091292,,,,-0.018684,-1.048576,1.658901,,,,,,
56039,,,,,,,,,0.196719,-0.659300,,,8.978541,6.724066,0.060466,0.053441,,,,-0.018982,-1.046357,1.655053,,,,,,
56049,,,,,,,,,0.168616,-1.318600,,,9.732717,6.746715,0.037760,0.052981,,,,-0.019130,-1.044391,1.651291,,,,,,
56059,,,,,,,,,0.140513,0.659300,,,9.278193,7.310314,0.050083,0.036670,,,,-0.019330,-1.042477,1.647557,,,,,,
56069,,,,,,,,,0.140513,-0.659300,,,9.440300,7.239984,0.044570,0.038651,,,,-0.019539,-1.040522,1.643708,,,,,,
56074,-0.019498,-1.040730,1.642792,0.000143,-1.038708,1.584465,0.055485,-0.057089,,,3.963240,3.518089,,,,,0.000604,-0.019735,-0.058326,,,,,,,,,
56079,,,,,,,,,0.140513,-0.659300,,,9.576696,7.180808,-0.069097,-0.065890,,,,-0.019780,-1.038393,1.639827,,,,,,
56089,,,,,,,,,0.028103,0.659300,,,8.057831,6.586474,-0.027319,-0.050246,,,,-0.019807,-1.036317,1.639773,,,,,,
56099,,,,,,,,,-0.000000,0.000000,,,6.779858,5.541858,0.008135,-0.021133,,,,-0.019907,-1.034372,1.639461,,,,,,
56109,,,,,,,,,-0.000000,0.000000,,,5.704571,4.662919,0.038267,0.003631,,,,-0.019924,-1.032067,1.638039,,,,,,
56119,,,,,,,,,-0.000000,0.000000,,,4.799826,3.923379,0.063923,0.024735,,,,-0.020038,-1.029747,1.636063,,,,,,
56124,-0.019992,-1.030669,1.636628,0.000110,-1.036023,1.582202,0.054363,-0.048859,,,-0.428887,-0.821378,,,,,-0.006665,-0.019707,-0.054426,,,,,,,,,
56129,,,,,,,,,0.028103,-0.659300,,,4.583116,3.301131,-0.058735,-0.084299,,,,-0.020172,-1.028485,1.634558,,,,,,
56139,,,,,,,,,0.028103,-0.659300,,,4.400776,2.777571,-0.055802,-0.070948,,,,-0.020221,-1.029055,1.640098,,,,,,
56149,,,,,,,,,-0.000000,0.000000,,,3.702813,2.337048,-0.037684,-0.059777,,,,-0.020125,-1.029225,1.632732,,,,,,
56159,,,,,,,,,-0.000000,0.000000,,,3.115546,1.966392,-0.022472,-0.050441,,,,-0.020092,-1.029613,1.632935,,,,,,
56169,,,,,,,,,-0.028103,-0.659300,,,2.621420,1.109978,-0.009705,-0.026703,,,,-0.020102,-1.029804,1.628901,,,,,,
56174,-0.020087,-1.029994,1.626783,0.000082,-1.033410,1.580262,0.053015,-0.041866,,,0.721042,0.381214,,,,,-0.004539,-0.019946,-0.046520,,,,,,,,,
56179,,,,,,,,,-0.000000,0.000000,,,2.205662,0.933936,0.034674,0.012736,,,,-0.020093,-1.030269,1.628888,,,,,,
56189,,,,,,,,,-0.000000,0.000000,,,1.855844,0.785813,0.044204,0.016808,,,,-0.019964,-1.030895,1.625509,,,,,,
56199,,,,,,,,,-0.000000,0.000000,,,1.561507,0.661183,0.052277,0.020263,,,,-0.019987,-1.031350,1.621879,,,,,,
56209,,,,,,,,,-0.000000,0.000000,,,1.313852,0.556320,0.059125,0.023199,,,,-0.019976,-1.032064,1.626281,,,,,,
56219,,,,,,,,,-0.000000,0.000000,,,1.105475,0.468087,0.064942,0.025698,,,,-0.019917,-1.032701,1.622630,,,,,,
56224,-0.019931,-1.032473,1.622979,0.000061,-1.030879,1.578599,0.051471,-0.035885,,,3.616969,3.315128,,,,,0.000549,-0.020048,-0.044380,,,,,,,,,
56229,,,,,,,,,0.028103,-0.659300,,,1.474689,0.393849,0.138740,0.113735,,,,-0.019918,-1.033763,1.623705,,,,,,
56239,,,,,,,,,0.028103,0.659300,,,1.240803,0.875927,0.146616,0.101022,,,,-0.019962,-1.034521,1.620013,,,,,,
56249,,,,,,,,,0.056205,0.000000,,,1.588555,0.737005,0.137574,0.106261,,,,-0.019931,-1.035731,1.616935,,,,,,
56259,,,,,,,,,0.028103,-0.659300,,,1.881153,1.164659,0.129981,0.094977,,,,-0.019802,-1.036943,1.621017,,,,,,
56269,,,,,,,,,0.084308,-0.659300,,,2.671889,1.524487,0.107661,0.085473,,,,-0.019738,-1.037353,1.621057,,,,,,
56274,-0.019767,-1.036590,1.618452,0.000043,-1.028436,1.577176,0.049759,-0.030741,,,7.428511,7.161940,,,,,0.007201,-0.020176,-0.041276,,,,,,,,,
56279,,,,,,,,,0.028103,-0.659300,,,2.248127,1.282704,0.232125,0.206047,,,,-0.019865,-1.036161,1.617046,,,,,,
56289,,,,,,,,,0.056205,0.000000,,,2.980660,1.623810,0.213163,0.198881,,,,-0.019884,-1.035782,1.617167,,,,,,
56299,,,,,,,,,0.140513,-0.659300,,,4.141557,2.455360,0.181307,0.177192,,,,-0.019938,-1.034871,1.613215,,,,,,
56309,,,,,,,,,0.140513,-0.659300,,,5.118335,3.155026,0.154284,0.158965,,,,-0.019925,-1.034632,1.609559,,,,,,
56319,,,,,,,,,0.140513,0.659300,,,5.395653,4.288268,0.147273,0.127707,,,,-0.019923,-1.033388,1.609528,,,,,,
56324,-0.019946,-1.033068,1.613043,0.000030,-1.026090,1.575959,0.047906,-0.026298,,,6.664628,6.431405,,,,,0.006128,-0.020253,-0.037084,,,,,,,,,
56329,,,,,,,,,0.140513,-0.659300,,,6.173531,4.697235,0.103106,0.095721,,,,-0.019985,-1.031450,1.605533,,,,,,
56339,,,,,,,,,0.168616,0.000000,,,6.828038,5.585882,0.084178,0.070534,,,,-0.020034,-1.029689,1.605582,,,,,,
56349,,,,,,,,,0.168616,0.000000,,,7.378740,6.333590,0.067975,0.049047,,,,-0.020144,-1.027943,1.601683,,,,,,
56359,,,,,,,,,0.168616,0.000000,,,7.842100,6.418168,0.054065,0.046618,,,,-0.020127,-1.026397,1.601772,,,,,,
56369,,,,,,,,,0.112411,0.000000,,,7.687428,6.489332,0.058029,0.044540,,,,-0.020183,-1.024594,1.597824,,,,,,
56374,-0.020182,-1.024834,1.599101,0.000019,-1.023844,1.574923,0.045939,-0.022450,,,3.147888,2.957604,,,,,0.000418,-0.020221,-0.024178,,,,,,,,,
56379,,,,,,,,,0.084308,-0.659300,,,7.557288,6.549210,-0.041622,-0.058954,,,,-0.020245,-1.022925,1.597768,,,,,,
56389,,,,,,,,,0.084308,-0.659300,,,7.447787,6.055047,-0.040532,-0.046208,,,,-0.020249,-1.021191,1.597824,,,,,,
56399,,,,,,,,,0.056205,0.000000,,,6.811110,5.639259,-0.023954,-0.035521,,,,-0.020255,-1.019449,1.593768,,,,,,
56409,,,,,,,,,-0.000000,0.000000,,,5.730867,4.744872,0.005917,-0.010621,,,,-0.020289,-1.017634,1.585302,,,,,,
56419,,,,,,,,,-0.000000,0.000000,,,4.821951,3.992334,0.031290,0.010556,,,,-0.020305,-1.015739,1.584045,,,,,,
56427,-0.020295,-1.016502,1.585308,0.000012,-1.021703,1.574042,0.043878,-0.019110,,,-0.493189,-0.644750,4.057189,3.359149,-0.053732,-0.076878,-0.005495,-0.020229,-0.011267,,,,,,,,,
56430,,,,,,,,,-0.000000,0.000000,,,,,,,,,,-0.020341,-1.013805,1.586207,,,,,,
56439,,,,,,,,,-0.000000,0.000000,,,3.413718,2.826388,-0.037075,-0.063201,,,,-0.020335,-1.012785,1.585151,,,,,,
56449,,,,,,,,,-0.000000,0.000000,,,2.872302,2.378122,-0.023098,-0.051742,,,,-0.020361,-1.013543,1.590804,,,,,,
56459,,,,,,,,,-0.028103,-0.659300,,,2.416754,1.456409,-0.011375,-0.026205,,,,-0.020332,-1.013491,1.586207,,,,,,
56469,,,,,,,,,-0.000000,0.000000,,,2.033457,1.225422,-0.001549,-0.020450,,,,-0.020330,-1.014190,1.586914,,,,,,
56474,-0.020327,-1.014384,1.586779,0.000006,-1.019670,1.573296,0.041747,-0.016207,,,-0.699209,-0.836102,,,,,-0.005611,-0.020246,-0.013484,,,,,,,,,
56479,,,,,,,,,-0.000000,0.000000,,,1.710950,1.031070,0.000649,-0.021260,,,,-0.020325,-1.014594,1.586686,,,,,,
56489,,,,,,,,,-0.000000,0.000000,,,1.439593,0.867542,0.007438,-0.017368,,,,-0.020290,-1.015407,1.583658,,,,,,
56499,,,,,,,,,-0.000000,0.000000,,,1.211274,0.729950,0.013096,-0.014157,,,,-0.020273,-1.016120,1.584046,,,,,,
56509,,,,,,,,,-0.000000,0.000000,,,1.019166,0.614180,0.017804,-0.011519,,,,-0.020298,-1.016891,1.580327,,,,,,
56519,,,,,,,,,-0.000000,0.000000,,,0.857526,0.516771,0.021712,-0.009363,,,,-0.020298,-1.017889,1.581139,,,,,,
56527,-0.020300,-1.017595,1.581612,0.000002,-1.017747,1.572667,0.039565,-0.013685,,,2.254656,2.139276,0.721522,0.434811,0.111436,0.079506,-0.000372,-0.020299,-0.008945,,,,,,,,,
56530,,,,,,,,,-0.000000,0.000000,,,,,,,,,,-0.020357,-1.018730,1.577637,,,,,,
56539,,,,,,,,,0.028103,0.659300,,,0.607089,0.365850,0.115523,0.082344,,,,-0.020430,-1.019877,1.578228,,,,,,
56549,,,,,,,,,0.056205,-1.318600,,,1.599891,0.852369,0.087244,0.068950,,,,-0.020419,-1.020985,1.578422,,,,,,
56559,,,,,,,,,-0.000000,0.000000,,,1.346148,0.717183,0.094988,0.073526,,,,-0.020320,-1.022146,1.582505,,,,,,
56569,,,,,,,,,-0.000000,0.000000,,,1.132649,0.603438,0.101676,0.077539,,,,-0.020298,-1.021715,1.578513,,,,,,
56574,-0.020298,-1.021369,1.578773,-0.000001,-1.015936,1.572142,0.037348,-0.011496,,,5.447862,5.349044,,,,,0.005271,-0.020340,-0.006632,,,,,,,,,
56579,,,,,,,,,0.028103,-0.659300,,,1.497554,0.507733,0.185027,0.175060,,,,-0.020277,-1.021181,1.582366,,,,,,
56589,,,,,,,,,0.056205,0.000000,,,1.804585,0.971749,0.177933,0.163798,,,,-0.020405,-1.020532,1.578422,,,,,,
56599,,,,,,,,,0.112411,0.000000,,,2.607464,1.906716,0.156173,0.138523,,,,-0.020479,-1.020058,1.574569,,,,,,
56609,,,,,,,,,0.056205,0.000000,,,2.738463,2.148854,0.153701,0.133085,,,,-0.020390,-1.019850,1.574691,,,,,,
56619,,,,,,,,,0.112411,0.000000,,,3.393229,2.897132,0.135830,0.112712,,,,-0.020354,-1.018681,1.574569,,,,,,
56628,-0.020353,-1.018435,1.574922,-0.000003,-1.014236,1.571703,0.035114,-0.009599,0.140513,-0.659300,4.619893,4.537066,4.488692,3.526733,0.080498,0.071679,0.004115,-0.020367,-0.003219,,,,,,,,,
56631,,,,,,,,,,,,,,,,,,,,-0.020370,-1.017369,1.570800,,,,,,
56639,,,,,,,,,0.112411,0.000000,,,4.865871,4.056479,0.069518,0.056653,,,,-0.020414,-1.016108,1.566921,,,,,,
56649,,,,,,,,,0.112411,0.000000,,,5.183229,4.502207,0.060107,0.043833,,,,-0.020434,-1.014703,1.563045,,,,,,
56659,,,,,,,,,0.112411,-1.318600,,,5.994798,4.332700,0.036074,0.048813,,,,-0.020460,-1.013409,1.562999,,,,,,
56669,,,,,,,,,0.056205,0.000000,,,5.588566,4.190076,0.047309,0.053087,,,,-0.020429,-1.012033,1.559088,,,,,,
56674,-0.020423,-1.012334,1.560417,-0.000004,-1.012648,1.571342,0.032878,-0.007961,,,1.976846,1.919387,,,,,-0.000102,-0.020422,0.010925,,,,,,,,,
56679,,,,,,,,,0.112411,0.000000,,,5.791305,4.614616,-0.036481,-0.035822,,,,-0.020401,-1.010779,1.555205,,,,,,
56689,,,,,,,,,0.056205,0.000000,,,5.417346,4.427280,-0.027362,-0.031631,,,,-0.020453,-1.009545,1.551320,,,,,,
56699,,,,,,,,,-0.000000,0.000000,,,4.558155,3.725113,-0.003857,-0.012275,,,,-0.020538,-1.008262,1.551350,,,,,,
56709,,,,,,,,,-0.000000,0.000000,,,3.835231,3.134310,0.016071,0.004157,,,,-0.020351,-1.006774,1.551611,,,,,,
56719,,,,,,,,,-0.000000,0.000000,,,3.226963,2.637208,0.032989,0.018129,,,,-0.020235,-1.005342,1.552375,,,,,,
56724,-0.020251,-1.005929,1.553050,-0.000005,-1.011171,1.571044,0.030652,-0.006551,,,-0.993907,-1.035926,,,,,-0.004882,-0.020336,0.017995,,,,,,,,,
56729,,,,,,,,,-0.000000,0.000000,,,2.715166,2.218946,-0.039609,-0.056501,,,,-0.020186,-1.003987,1.556989,,,,,,
56739,,,,,,,,,-0.000000,0.000000,,,2.284540,1.867021,-0.028780,-0.047759,,,,-0.020177,-1.002741,1.554198,,,,,,
56749,,,,,,,,,-0.000000,0.000000,,,1.922212,1.570911,-0.019745,-0.040482,,,,-0.020224,-1.002550,1.557902,,,,,,
56759,,,,,,,,,-0.000000,0.000000,,,1.617349,1.321765,-0.012218,-0.034438,,,,-0.020150,-1.002907,1.553427,,,,,,
56769,,,,,,,,,-0.000000,0.000000,,,1.360837,1.112133,-0.005961,-0.029432,,,,-0.020166,-1.003214,1.545474,,,,,,
56774,-0.020173,-1.003442,1.546110,-0.000005,-1.009803,1.570805,0.028448,-0.005345,,,-1.714227,-1.743304,,,,,-0.005861,-0.020319,0.024695,,,,,,,,,
56779,,,,,,,,,-0.000000,0.000000,,,1.145008,0.935748,-0.021863,-0.046011,,,,-0.020273,-1.003603,1.549034,,,,,,
56789,,,,,,,,,-0.028103,-0.659300,,,0.963410,0.242795,-0.017918,-0.027007,,,,-0.020227,-1.003906,1.549200,,,,,,
56799,,,,,,,,,-0.000000,0.000000,,,0.810613,0.204288,-0.014730,-0.026833,,,,-0.020188,-1.004544,1.552784,,,,,,
56809,,,,,,,,,-0.000000,0.000000,,,0.682049,0.171888,-0.012177,-0.026819,,,,-0.020252,-1.005063,1.548754,,,,,,
56819,,,,,,,,,-0.000000,0.000000,,,0.573876,0.144626,-0.010160,-0.026940,,,,-0.020313,-1.005803,1.548255,,,,,,
56824,-0.020301,-1.005605,1.548075,-0.000005,-1.008542,1.570610,0.026277,-0.004318,,,0.153950,0.128466,,,,,-0.002475,-0.020358,0.022535,,,,,,,,,
56829,,,,,,,,,-0.000000,0.000000,,,0.482859,0.121689,0.046107,0.027631,,,,-0.020298,-1.006416,1.547958,,,,,,
56839,,,,,,,,,-0.000000,0.000000,,,0.406278,0.102389,0.048191,0.028199,,,,-0.020370,-1.007161,1.547804,,,,,,
56849,,,,,,,,,-0.000000,0.000000,,,0.341842,0.086150,0.049957,0.028687,,,,-0.020561,-1.007864,1.547572,,,,,,
56859,,,,,,,,,-0.000000,0.000000,,,0.287626,0.072486,0.051454,0.029108,,,,-0.020560,-1.008812,1.547459,,,,,,
56869,,,,,,,,,-0.000000,0.000000,,,0.242008,0.060990,0.052726,0.029471,,,,-0.020543,-1.009787,1.547464,,,,,,
56874,-0.020523,-1.009436,1.547515,-0.000005,-1.007387,1.570457,0.024149,-0.003451,,,2.978856,2.958337,,,,,0.002526,-0.020464,0.022942,,,,,,,,,
56879,,,,,,,,,-0.000000,0.000000,,,0.203626,0.051317,0.136520,0.112645,,,,-0.020497,-1.010336,1.547510,,,,,,
56889,,,,,,,,,0.056205,0.000000,,,0.715874,0.587721,0.122854,0.098335,,,,-0.020489,-1.010073,1.547450,,,,,,
56899,,,,,,,,,-0.000000,0.000000,,,0.602336,0.494509,0.127265,0.102202,,,,-0.020500,-1.010119,1.547447,,,,,,
56909,,,,,,,,,0.056205,0.000000,,,1.051349,0.960623,0.115258,0.089737,,,,-0.020517,-1.010166,1.547464,,,,,,
56919,,,,,,,,,0.028103,-0.659300,,,1.429148,0.808268,0.105121,0.095157,,,,-0.020501,-1.009878,1.543598,,,,,,
56924,-0.020498,-1.009723,1.541160,-0.000004,-1.006334,1.570336,0.022072,-0.002725,,,3.715925,3.703861,,,,,0.003995,-0.020385,0.029175,,,,,,,,,
56929,,,,,,,,,0.056205,0.000000,,,1.747028,1.224620,0.118139,0.105827,,,,-0.020451,-1.009160,1.539759,,,,,,
56939,,,,,,,,,0.056205,0.000000,,,2.014493,1.574938,0.111253,0.096760,,,,-0.020427,-1.008404,1.535888,,,,,,
56949,,,,,,,,,0.112411,0.000000,,,2.784080,2.414239,0.089536,0.073207,,,,-0.020411,-1.007681,1.535888,,,,,,
56959,,,,,,,,,0.084308,-0.659300,,,3.431611,2.575884,0.071024,0.069093,,,,-0.020382,-1.006975,1.535889,,,,,,
56969,,,,,,,,,0.084308,0.659300,,,3.431900,3.256435,0.071152,0.049708,,,,-0.020377,-1.006122,1.539740,,,,,,
56974,-0.020382,-1.006071,1.542626,-0.000004,-1.005380,1.570242,0.020054,-0.002122,,,1.977224,1.967138,,,,,0.001264,-0.020350,0.027617,,,,,,,,,
56979,,,,,,,,,0.084308,-0.659300,,,3.976687,3.284507,0.004427,-0.001751,,,,-0.020350,-1.005122,1.535877,,,,,,
56989,,,,,,,,,-0.000000,0.000000,,,3.345984,2.763584,0.021935,0.012870,,,,-0.020215,-1.004370,1.535908,,,,,,
56999,,,,,,,,,-0.000000,0.000000,,,2.815310,2.325279,0.036816,0.025321,,,,-0.020221,-1.003433,1.535877,,,,,,
57009,,,,,,,,,0.056205,0.000000,,,2.913345,2.501033,0.033543,0.020003,,,,-0.020192,-1.002595,1.539728,,,,,,
57019,,,,,,,,,0.028103,0.659300,,,2.451288,2.648912,0.046623,0.015417,,,,-0.020068,-1.001556,1.539734,,,,,,
57024,-0.020093,-1.001817,1.542743,-0.000003,-1.004523,1.570172,0.018102,-0.001627,,,-0.157280,-0.164848,,,,,-0.002142,-0.020158,0.027429,,,,,,,,,
57029,,,,,,,,,-0.000000,0.000000,,,2.062514,2.228794,-0.004720,-0.035034,,,,-0.020007,-1.000876,1.539802,,,,,,
57039,,,,,,,,,-0.000000,0.000000,,,1.735399,1.875307,0.003793,-0.025833,,,,-0.019944,-1.000134,1.543862,,,,,,
57049,,,,,,,,,-0.000000,0.000000,,,1.460164,1.577883,0.010943,-0.018104,,,,-0.019845,-0.999655,1.544004,,,,,,
57059,,,,,,,,,-0.000000,0.000000,,,1.228582,1.327630,0.016947,-0.011613,,,,-0.019850,-0.999240,1.543998,,,,,,
57069,,,,,,,,,-0.000000,0.000000,,,1.033729,1.117068,0.021987,-0.006164,,,,-0.019853,-0.998692,1.544265,,,,,,
57074,-0.019873,-0.998954,1.544137,-0.000003,-1.003757,1.570118,0.016222,-0.001227,,,-1.532306,-1.538522,,,,,-0.004272,-0.019991,0.025981,,,,,,,,,
57079,,,,,,,,,-0.000000,0.000000,,,0.869779,0.939901,-0.014045,-0.041813,,,,-0.019814,-0.998394,1.540397,,,,,,
57089,,,,,,,,,-0.000000,0.000000,,,0.731832,0.790832,-0.011158,-0.038638,,,,-0.019786,-0.998152,1.540619,,,,,,
57099,,,,,,,,,-0.000000,0.000000,,,0.615763,0.665406,-0.008847,-0.036083,,,,-0.019795,-0.998109,1.544488,,,,,,
57109,,,,,,,,,-0.000000,0.000000,,,0.518103,0.559873,-0.007018,-0.034051,,,,-0.019801,-0.998038,1.544606,,,,,,
57119,,,,,,,,,-0.000000,0.000000,,,0.435932,0.471077,-0.005597,-0.032459,,,,-0.019790,-0.998162,1.544488,,,,,,
57124,-0.019797,-0.998228,1.544458,-0.000002,-1.003079,1.570079,0.014421,-0.000907,,,-1.676301,-1.680991,,,,,-0.004328,-0.019915,0.025621,,,,,,,,,
57129,,,,,,,,,-0.000000,0.000000,,,0.366793,0.396364,-0.008733,-0.035407,,,,-0.019824,-0.998307,1.544488,,,,,,
57139,,,,,,,,,-0.000000,0.000000,,,0.308620,0.333501,-0.008010,-0.034564,,,,-0.019839,-0.998553,1.544269,,,,,,
57149,,,,,,,,,-0.000000,0.000000,,,0.259673,0.280607,-0.007530,-0.033982,,,,-0.019865,-0.998917,1.544176,,,,,,
57159,,,,,,,,,-0.000000,0.000000,,,0.218488,0.236103,-0.007253,-0.033620,,,,-0.019872,-0.999452,1.544089,,,,,,
57169,,,,,,,,,-0.000000,0.000000,,,0.183836,0.198657,-0.007148,-0.033444,,,,-0.019918,-0.999908,1.544007,,,,,,
57174,-0.019908,-0.999767,1.544045,-0.000002,-1.002485,1.570052,0.012704,-0.000655,,,-0.514186,-0.517440,,,,,-0.002184,-0.019971,0.026008,,,,,,,,,
57179,,,,,,,,,-0.000000,0.000000,,,0.154680,0.167150,0.026839,0.000645,,,,-0.019988,-1.000482,1.539887,,,,,,
57189,,,,,,,,,-0.000000,0.000000,,,0.130147,0.140640,0.027236,0.001093,,,,-0.020056,-1.001095,1.539773,,,,,,
57199,,,,,,,,,-0.000000,0.000000,,,0.109506,0.118334,0.027532,0.001430,,,,-0.020184,-1.001967,1.543594,,,,,,
57209,,,,,,,,,-0.000000,0.000000,,,0.092138,0.099567,0.027741,0.001674,,,,-0.020165,-1.002979,1.543598,,,,,,
57219,,,,,,,,,-0.000000,0.000000,,,0.077525,0.083775,0.027878,0.001840,,,,-0.020151,-1.003465,1.539760,,,,,,
57224,-0.020131,-1.003155,1.540119,-0.000002,-1.001970,1.570032,0.011075,-0.000462,,,1.742008,1.741066,,,,,0.001802,-0.020083,0.029913,,,,,,,,,
57229,,,,,,,,,-0.000000,0.000000,,,0.065230,0.070489,0.094015,0.068070,,,,-0.020119,-1.003294,1.539728,,,,,,
57239,,,,,,,,,-0.000000,0.000000,,,0.054884,0.059309,0.095123,0.069199,,,,-0.020133,-1.003301,1.543581,,,,,,
57249,,,,,,,,,-0.000000,0.000000,,,0.046180,0.049903,0.096187,0.070282,,,,-0.020163,-1.003262,1.543584,,,,,,
57259,,,,,,,,,-0.000000,0.000000,,,0.038856,0.041988,0.097216,0.071325,,,,-0.020146,-1.003654,1.543598,,,,,,
57269,,,,,,,,,0.056205,0.000000,,,0.577236,0.579872,0.082270,0.056392,,,,-0.020155,-1.003620,1.539740,,,,,,
57274,-0.020146,-1.003346,1.539772,-0.000001,-1.001529,1.570019,0.009540,-0.000316,,,2.025849,2.025568,,,,,0.002441,-0.020078,0.030247,,,,,,,,,
57279,,,,,,,,,0.028103,-0.659300,,,1.030230,0.487904,0.077876,0.067972,,,,-0.020155,-1.003399,1.539740,,,,,,
57289,,,,,,,,,0.028103,-0.659300,,,0.866835,0.410523,0.083138,0.070976,,,,-0.020156,-1.003071,1.532045,,,,,,
57299,,,,,,,,,-0.000000,0.000000,,,1.273898,0.345414,0.071775,0.073657,,,,-0.020153,-1.002668,1.528208,,,,,,
57309,,,,,,,,,0.028103,-0.659300,,,1.616401,0.290631,0.062108,0.076068,,,,-0.020192,-1.002413,1.524378,,,,,,
57319,,,,,,,,,0.028103,0.659300,,,1.360039,0.789080,0.069811,0.062306,,,,-0.020184,-1.002092,1.524378,,,,,,
57324,-0.020178,-1.002079,1.528436,-0.000001,-1.001158,1.570011,0.008103,-0.000208,,,1.542391,1.545376,,,,,0.001775,-0.020120,0.041575,,,,,,,,,
57329,,,,,,,,,-0.000000,0.000000,,,1.144337,0.663932,0.062290,0.052504,,,,-0.020165,-1.001876,1.520555,,,,,,
57339,,,,,,,,,0.028103,0.659300,,,0.962845,1.103175,0.067796,0.040066,,,,-0.020143,-1.001667,1.524364,,,,,,
57349,,,,,,,,,-0.000000,0.000000,,,0.810138,0.928212,0.072545,0.045401,,,,-0.020045,-1.001431,1.532044,,,,,,
57359,,,,,,,,,0.028103,0.659300,,,0.681650,1.325540,0.076659,0.034064,,,,-0.020007,-1.001258,1.532031,,,,,,
57369,,,,,,,,,-0.000000,0.000000,,,0.573540,1.115309,0.080237,0.040325,,,,-0.019986,-1.001082,1.535888,,,,,,
57374,-0.020002,-1.001166,1.535263,-0.000001,-1.000851,1.570007,0.006768,-0.000132,,,1.018847,1.020126,,,,,0.001025,-0.019977,0.034744,,,,,,,,,
57379,,,,,,,,,-0.000000,0.000000,,,0.482576,0.938421,0.068036,0.030331,,,,-0.019983,-1.000976,1.539739,,,,,,
57389,,,,,,,,,0.028103,-0.659300,,,0.950583,0.789587,0.054591,0.034728,,,,-0.019964,-1.000897,1.543585,,,,,,
57399,,,,,,,,,-0.000000,0.000000,,,0.799820,0.664359,0.059038,0.038505,,,,-0.019959,-1.000873,1.543598,,,,,,
57409,,,,,,,,,-0.000000,0.000000,,,0.672969,0.558991,0.062857,0.041761,,,,-0.019986,-1.000888,1.539740,,,,,,
57419,,,,,,,,,0.028103,-0.659300,,,1.110779,0.470335,0.050204,0.044579,,,,-0.019982,-1.000833,1.535889,,,,,,
57427,-0.019978,-1.000744,1.533070,-0.000000,-1.000602,1.570004,0.005540,-0.000079,,,0.866592,0.868180,0.934609,0.395740,0.050860,0.042578,0.000895,-0.019959,0.036934,,,,,,,,,
57430,,,,,,,,,-0.000000,0.000000,,,,,,,,,,-0.020011,-1.000768,1.532065,,,,,,
57439,,,,,,,,,-0.000000,0.000000,,,0.786380,0.332976,0.055167,0.044642,,,,-0.020028,-1.000662,1.528228,,,,,,
57449,,,,,,,,,0.028103,-0.659300,,,1.206203,0.280166,0.042914,0.046445,,,,-0.020046,-1.000642,1.528228,,,,,,
57459,,,,,,,,,-0.000000,0.000000,,,1.014899,0.235731,0.048352,0.048029,,,,-0.020031,-1.000587,1.524398,,,,,,
57469,,,,,,,,,-0.000000,0.000000,,,0.853936,0.198344,0.052994,0.049427,,,,-0.020032,-1.000518,1.524398,,,,,,
57474,-0.020027,-1.000537,1.525126,-0.000000,-1.000407,1.570002,0.004424,-0.000045,,,0.886386,0.888860,,,,,0.001045,-0.020001,0.044876,,,,,,,,,
57479,,,,,,,,,-0.000000,0.000000,,,0.718502,0.166887,0.057545,0.051275,,,,-0.020034,-1.000519,1.524398,,,,,,
57489,,,,,,,,,-0.000000,0.000000,,,0.604547,0.140419,0.060962,0.052397,,,,-0.020042,-1.000577,1.524398,,,,,,
57499,,,,,,,,,-0.000000,0.000000,,,0.508666,0.118148,0.063905,0.053408,,,,-0.020035,-1.000600,1.524398,,,,,,
57509,,,,,,,,,-0.000000,0.000000,,,0.427992,0.099410,0.066448,0.054326,,,,-0.020037,-1.000612,1.524398,,,,,,
57519,,,,,,,,,-0.000000,0.000000,,,0.360112,0.083643,0.068656,0.055167,,,,-0.020062,-1.000578,1.524425,,,,,,
57527,-0.020060,-1.000574,1.524484,-0.000000,-1.000258,1.570001,0.003422,-0.000023,,,0.943906,0.945948,0.302998,0.070378,0.072265,0.057614,0.001245,-0.020023,0.045517,,,,,,,,,
57530,,,,,,,,,-0.000000,0.000000,,,,,,,,,,-0.020040,-1.000557,1.524398,,,,,,
57539,,,,,,,,,-0.000000,0.000000,,,0.254943,0.059216,0.073980,0.058361,,,,-0.020032,-1.000568,1.524398,,,,,,
57549,,,,,,,,,-0.000000,0.000000,,,0.214509,0.049824,0.075494,0.059061,,,,-0.020034,-1.000575,1.524398,,,,,,
57559,,,,,,,,,-0.000000,0.000000,,,0.180488,0.041922,0.076840,0.059723,,,,-0.020031,-1.000578,1.524398,,,,,,
57569,,,,,,,,,-0.000000,0.000000,,,0.151862,0.035273,0.078045,0.060351,,,,-0.020037,-1.000573,1.524398,,,,,,
57574,-0.020039,-1.000573,1.524405,-0.000000,-1.000150,1.570001,0.002540,-0.000011,,,0.953844,0.955400,,,,,0.001352,-0.019997,0.045596,,,,,,,,,
57579,,,,,,,,,-0.000000,0.000000,,,0.127777,0.029679,0.079421,0.061229,,,,-0.020039,-1.000567,1.524398,,,,,,
57596,,,,,,,,,-0.000000,0.000000,,,0.107511,0.024972,0.080411,0.061811,,,,-0.020036,-1.000566,1.524398,,,,,,
57599,,,,,,,,,-0.000000,0.000000,,,0.090460,0.021011,0.081317,0.062374,,,,-0.020036,-1.000565,1.524398,,,,,,
57609,,,,,,,,,-0.000000,0.000000,,,0.076113,0.017679,0.082151,0.062920,,,,-0.020034,-1.000562,1.524398,,,,,,
57619,,,,,,,,,-0.000000,0.000000,,,0.064042,0.014875,0.082926,0.063452,,,,-0.020029,-1.000560,1.524398,,,,,,
57624,-0.020029,-1.000561,1.524399,-0.000000,-1.000078,1.570001,0.001782,-0.000005,,,0.942919,0.944026,,,,,0.001412,-0.019985,0.045602,,,,,,,,,
57629,,,,,,,,,0.028103,0.659300,,,0.053885,0.557059,0.083331,0.047695,,,,-0.020030,-1.000551,1.524398,,,,,,
57639,,,,,,,,,-0.000000,0.000000,,,0.045338,0.468709,0.084008,0.050468,,,,-0.020043,-1.000540,1.524398,,,,,,
57649,,,,,,,,,-0.000000,0.000000,,,0.038148,0.394372,0.084649,0.052873,,,,-0.020032,-1.000496,1.528228,,,,,,
57659,,,,,,,,,-0.000000,0.000000,,,0.032098,0.331825,0.085260,0.054968,,,,-0.020057,-1.000491,1.524426,,,,,,
57669,,,,,,,,,-0.000000,0.000000,,,0.027007,0.279197,0.085847,0.056803,,,,-0.020038,-1.000484,1.524399,,,,,,
57674,-0.020037,-1.000490,1.524399,-0.000000,-1.000033,1.570001,0.001152,-0.000002,,,0.889676,0.890398,,,,,0.001386,-0.019995,0.045602,,,,,,,,,
57679,,,,,,,,,-0.000000,0.000000,,,0.022724,0.234916,0.084853,0.056848,,,,-0.020047,-1.000458,1.524426,,,,,,
57689,,,,,,,,,-0.000000,0.000000,,,0.019120,0.197659,0.085374,0.058254,,,,-0.020065,-1.000393,1.524426,,,,,,
57699,,,,,,,,,-0.000000,0.000000,,,0.016087,0.166310,0.085881,0.059504,,,,-0.020038,-1.000341,1.524398,,,,,,
57709,,,,,,,,,-0.000000,0.000000,,,0.013536,0.139933,0.086375,0.060624,,,,-0.020023,-1.000299,1.524398,,,,,,
57719,,,,,,,,,-0.000000,0.000000,,,0.011389,0.117740,0.086859,0.061634,,,,-0.020011,-1.000259,1.528228,,,,,,
57724,-0.020013,-1.000278,1.527906,-0.000000,-1.000010,1.570001,0.000655,-0.000000,,,0.705819,0.706162,,,,,0.001126,-0.019983,0.042094,,,,,,,,,
57729,,,,,,,,,-0.000000,0.000000,,,0.009583,0.099066,0.081950,0.057157,,,,-0.019993,-1.000228,1.528208,,,,,,
57739,,,,,,,,,-0.000000,0.000000,,,0.008063,0.083354,0.082328,0.057909,,,,-0.019984,-1.000162,1.528207,,,,,,
57749,,,,,,,,,0.028103,0.659300,,,0.006784,0.614678,0.082701,0.042650,,,,-0.019971,-1.000083,1.532044,,,,,,
57759,,,,,,,,,-0.000000,0.000000,,,0.005708,0.517190,0.083068,0.045549,,,,-0.019965,-1.000012,1.532044,,,,,,
57769,,,,,,,,,-0.000000,0.000000,,,0.004803,0.435163,0.083430,0.048041,,,,-0.019988,-0.999946,1.532065,,,,,,
57774,-0.019990,-0.999974,1.531716,-0.000000,-1.000001,1.570001,0.000294,-0.000000,,,0.463695,0.463814,,,,,0.000754,-0.019975,0.038285,,,,,,,,,
57779,,,,,,,,,-0.000000,0.000000,,,0.004041,0.366146,0.076700,0.043096,,,,-0.019958,-0.999866,1.535889,,,,,,
57789,,,,,,,,,-0.000000,0.000000,,,0.003400,0.308075,0.076939,0.044843,,,,-0.019945,-0.999803,1.535889,,,,,,
57799,,,,,,,,,-0.000000,0.000000,,,0.002861,0.259215,0.077176,0.046349,,,,-0.019954,-0.999698,1.535876,,,,,,
57809,,,,,,,,,-0.000000,0.000000,,,0.002407,0.218103,0.077410,0.047651,,,,-0.019933,-0.999682,1.535871,,,,,,
57819,,,,,,,,,-0.000000,0.000000,,,0.002025,0.183512,0.077643,0.048782,,,,-0.019927,-0.999742,1.535872,,,,,,
57824,-0.019932,-0.999761,1.535523,0.000000,-1.000000,1.570001,0.000074,-0.000000,,,0.279090,0.279111,,,,,0.000464,-0.019928,0.034478,,,,,,,,,
57829,,,,,,,,,-0.000000,0.000000,,,0.001704,0.154407,0.072469,0.044360,,,,-0.019953,-0.999815,1.535889,,,,,,
57839,,,,,,,,,-0.000000,0.000000,,,0.001434,0.129918,0.072610,0.045137,,,,-0.019971,-0.999830,1.535889,,,,,,
57849,,,,,,,,,-0.000000,0.000000,,,0.001206,0.109313,0.072750,0.045812,,,,-0.019953,-0.999802,1.535889,,,,,,
57859,,,,,,,,,-0.000000,0.000000,,,0.001015,0.091976,0.072889,0.046401,,,,-0.019925,-0.999740,1.535876,,,,,,
57869,,,,,,,,,-0.000000,0.000000,,,0.000854,0.077389,0.073027,0.046918,,,,-0.019963,-0.999759,1.535877,,,,,,
57874,-0.019960,-0.999759,1.535847,0.000000,-1.000000,1.570001,0.000074,-0.000000,,,0.274797,0.274817,,,,,0.000457,-0.019956,0.034154,,,,,,,,,
57879,,,,,,,,,-0.000000,0.000000,,,0.000719,0.065115,0.073039,0.047249,,,,,,,,,,,,
