ts,x,y,yaw,x_des,y_des,yaw_des,v_ff,w_ff,v_actual,w_actual,omega_l_cmd,omega_r_cmd,omega_l_meas,omega_r_meas,duty_l,duty_r,x_err,y_err,yaw_err,x_raw,y_raw,yaw_raw,acc_x,acc_y,acc_z,gyro_x,gyro_y,gyro_z
37691,,,,,,,,,,,,,,,,,,,,1.001033,0.009671,1.520554,,,,,,
37695,,,,,,,,,,,,,,,,,,,,,,,-0.061427,-0.007869,1.013637,0.630000,0.420000,-0.280000
37696,,,,,,,,,,,,,,,0.000000,0.000000,,,,,,,,,,,,
37697,,,,,,,,,,,,,0.000000,0.000000,,,,,,,,,,,,,,
37701,,,,,,,,,,,,,,,,,,,,1.001065,0.009777,1.524378,,,,,,
37705,,,,,,,,,,,,,,,,,,,,,,,-0.061305,-0.006039,1.014064,0.630000,0.000000,-0.210000
37706,,,,,,,,,,,,,,,0.000000,0.000000,,,,,,,,,,,,
37707,,,,,,,,,,,,,0.000000,0.000000,,,,,,,,,,,,,,
37711,,,,,,,,,,,,,,,,,,,,1.001044,0.009691,1.520554,,,,,,
37715,,,,,,,,,,,,,,,,,,,,,,,-0.061305,-0.006039,1.014308,0.630000,0.210000,-0.280000
37716,,,,,,,,,,,,,,,0.000000,0.000000,,,,,,,,,,,,
37717,,,,,,,,,,,,,0.000000,0.000000,,,,,,,,,,,,,,
37721,,,,,,,,,,,,,,,,,,,,1.000995,0.009678,1.520574,,,,,,
37726,,,,,,,,,,,,,,,0.000000,0.000000,,,,,,,-0.061549,-0.006161,1.014308,0.700000,0.070000,-0.280000
37727,,,,,,,,,,,,,0.000000,0.000000,,,,,,,,,,,,,,
37732,,,,,,,,,,,,,,,,,,,,1.000977,0.009670,1.520575,,,,,,
37736,,,,,,,,,,,,,,,,,,,,,,,-0.061549,-0.007869,1.014979,0.700000,0.280000,-0.210000
37737,,,,,,,,,,,,,0.000000,0.000000,0.000000,0.000000,,,,,,,,,,,,
37738,,,,1.000000,0.000488,1.571284,0.003695,0.003695,,,,,,,,,,,,,,,,,,,,
37740,,,,,,,,,,,-3.484658,-3.444658,,,,,-0.009220,0.000515,0.050709,,,,,,,,,
37742,,,,,,,,,,,,,,,,,,,,1.001026,0.009671,1.520554,,,,,,
37746,,,,,,,,,,,,,,,,,,,,,,,-0.061183,-0.007869,1.014979,0.700000,0.070000,-0.280000
37747,,,,,,,,,,,,,0.000000,0.000000,-0.046176,-0.045646,,,,,,,,,,,,
37757,,,,,,,,,,,,,0.000000,0.000000,-0.046176,-0.045646,,,,,,,,,,,,
37752,,,,,,,,,,,,,,,,,,,,1.001073,0.009783,1.524378,,,,,,
37761,,,,,,,,,,,,,,,,,,,,,,,-0.060756,-0.006588,1.014247,0.700000,0.280000,-0.210000
37762,,,,,,,,,,,,,,,,,,,,1.000999,0.009685,1.520574,,,,,,
37766,,,,,,,,,,,,,,,,,,,,,,,-0.060756,-0.006588,1.014247,0.630000,0.070000,-0.280000
37767,,,,,,,,,,,,,0.000000,0.000000,-0.046176,-0.045646,,,,,,,,,,,,
37773,,,,,,,,,,,,,,,,,,,,1.000983,0.009673,1.520575,,,,,,
37775,,,,,,,,,,,,,,,,,,,,,,,-0.061061,-0.006710,1.014186,0.770000,0.350000,-0.210000
37777,,,,,,,,,,,,,0.000000,0.000000,-0.046176,-0.045646,,,,,,,,,,,,
37783,,,,,,,,,,,,,,,,,,,,1.001040,0.009769,1.524398,,,,,,
37785,,,,,,,,,,,,,,,,,,,,,,,-0.061061,-0.006710,1.014186,0.560000,0.070000,-0.280000
37787,,,,,,,,,,,,,-0.548382,0.000000,-0.041216,-0.045646,,,,,,,,,,,,
37788,,,,0.999999,0.001621,1.572417,0.014482,0.014482,,,,,,,,,,,,,,,,,,,,
37790,,,,,,,,,,,-2.367985,-2.214547,,,,,-0.008065,0.000675,0.045954,,,,,,,,,
37793,,,,,,,,,,,,,,,,,,,,1.001002,0.009685,1.520575,,,,,,
37796,,,,,,,,,,,,,,,,,,,,,,,-0.061915,-0.007442,1.014613,0.630000,0.280000,-0.280000
37797,,,,,,,,,,,,,-0.461408,0.000000,-0.025306,-0.027139,,,,,,,,,,,,
37806,,,,,,,,,,,,,,,,,,,,,,,-0.061915,-0.007442,1.014613,0.630000,0.070000,-0.280000
37803,,,,,,,,,,,,,,,,,,,,1.001023,0.009675,1.520554,,,,,,
37807,,,,,,,,,,,,,-0.388229,0.000000,-0.025895,-0.027139,,,,,,,,,,,,
37817,,,,,,,,,,,,,-0.326656,0.000000,-0.026390,-0.027139,,,,,,,,,,,,
37813,,,,,,,,,,,,,,,,,,,,1.000988,0.009676,1.520575,,,,,,
37821,,,,,,,,,,,,,,,,,,,,,,,-0.061366,-0.006405,1.015284,0.630000,0.140000,-0.280000
37823,,,,,,,,,,,,,,,,,,,,1.001049,0.009775,1.524378,,,,,,
37826,,,,,,,,,,,,,,,,,,,,,,,-0.061366,-0.006405,1.015284,0.560000,0.070000,-0.280000
37827,,,,,,,,,,,,,-0.274848,0.000000,-0.026807,-0.027139,,,,,,,,,,,,
37833,,,,,,,,,,,,,,,,,,,,1.001030,0.009820,1.524398,,,,,,
37836,,,,,,,,,,,,,,,,,,,,,,,-0.061244,-0.007808,1.014552,0.700000,0.210000,-0.280000
37837,,,,,,,,,,,,,-0.231257,0.000000,-0.027158,-0.027139,,,,,,,,,,,,
37838,,,,0.999993,0.003784,1.574580,0.031924,0.031924,,,,,,,,,,,,,,,,,,,,
37840,,,,,,,,,,,-0.545125,-0.203296,,,,,-0.006063,0.000757,0.050009,1.000994,0.009702,1.520574,,,,,,
37846,,,,,,,,,,,,,,,,,,,,,,,-0.061244,-0.007808,1.014552,0.630000,0.000000,-0.280000
37847,,,,,,,,,,,,,-0.194580,0.000000,-0.005459,-0.002691,,,,,,,,,,,,
37851,,,,,,,,,,,,,,,,,,,,1.001021,0.009675,1.520574,,,,,,
37856,,,,,,,,,,,,,,,,,,,,,,,-0.061549,-0.006283,1.014857,0.770000,0.350000,-0.210000
37857,,,,,,,,,,,,,-0.163719,0.000000,-0.005738,-0.002691,,,,,,,,,,,,
37861,,,,,,,,,,,,,,,,,,,,1.001022,0.009674,1.520555,,,,,,
37866,,,,,,,,,,,,,,,-0.005973,-0.002691,,,,,,,-0.061549,-0.006283,1.014857,0.560000,0.000000,-0.280000
37867,,,,,,,,,,,,,-0.137753,0.000000,,,,,,,,,,,,,,
37871,,,,,,,,,,,,,,,,,,,,1.001008,0.009778,1.524398,,,,,,
37877,,,,,,,,,,,,,-0.115906,0.000000,-0.006170,-0.002691,,,,,,,,,,,,
37881,,,,,,,,,,,,,,,,,,,,1.001007,0.009811,1.524398,-0.061061,-0.007076,1.015467,0.700000,0.280000,-0.210000
37886,,,,,,,,,,,,,,,,,,,,,,,-0.061061,-0.007076,1.015467,0.770000,0.070000,-0.350000
37887,,,,,,,,,,,,,-0.097523,0.000000,-0.006336,-0.002691,,,,,,,,,,,,
37888,,,,0.999974,0.007277,1.578073,0.055590,0.055590,,,,,,,,,,,,,,,,,,,,
37890,,,,,,,,,,,2.265209,2.876172,,,,,-0.002579,0.000916,0.053660,,,,,,,,,
37891,,,,,,,,,,,,,,,,,,,,1.001034,0.009692,1.520554,,,,,,
37896,,,,,,,,,,,,,,,,,,,,,,,-0.061305,-0.006832,1.015772,0.630000,0.140000,-0.280000
37897,,,,,,,,,,,,,-0.082056,0.000000,0.030835,0.038206,,,,,,,,,,,,
37901,,,,,,,,,,,,,,,,,,,,1.001004,0.009689,1.520574,,,,,,
37906,,,,,,,,,,,,,,,0.030717,0.038206,,,,,,,-0.061305,-0.006832,1.015772,0.700000,0.140000,-0.280000
37907,,,,,,,,,,,,,-0.069042,0.000000,,,,,,,,,,,,,,
37917,,,,,,,,,,,,,0.449641,0.000000,0.026008,0.038206,,,,,,,,,,,,
37911,,,,,,,,,,,,,,,,,,,,1.001024,0.009675,1.520554,,,,,,
37921,,,,,,,,,,,,,,,,,,,,1.001030,0.009678,1.520555,-0.060817,-0.006344,1.015345,0.700000,0.350000,-0.210000
37926,,,,,,,,,,,,,,,,,,,,,,,-0.060817,-0.007015,1.015711,0.630000,0.000000,-0.280000
37927,,,,,,,,,,,,,0.378328,0.577887,0.026656,0.032960,,,,,,,,,,,,
37931,,,,,,,,,,,,,,,,,,,,1.001029,0.009673,1.520554,,,,,,
37936,,,,,,,,,,,,,,,,,,,,,,,-0.062037,-0.007015,1.015711,0.630000,0.070000,-0.280000
37937,,,,,,,,,,,,,0.318325,0.486234,0.027200,0.033792,,,,,,,,,,,,
37938,,,,0.999923,0.012379,1.583176,0.085059,0.085059,,,,,,,,,,,,,,,,,,,,
37940,,,,,,,,,,,6.115062,7.110598,,,,,0.002636,0.001237,0.062298,,,,,,,,,
37941,,,,,,,,,,,,,,,,,,,,1.001033,0.009666,1.520554,,,,,,
37946,,,,,,,,,,,,,,,,,,,,,,,-0.062037,-0.006710,1.014674,0.630000,-0.070000,-0.350000
37947,,,,,,,,,,,,,0.267839,0.409118,0.079426,0.091460,,,,,,,,,,,,
37952,,,,,,,,,,,,,,,,,,,,1.000980,0.009672,1.520575,,,,,,
37956,,,,,,,,,,,,,,,,,,,,,,,-0.061732,-0.006710,1.014674,0.700000,0.210000,-0.210000
37957,,,,,,,,,,,,,0.773907,0.344231,0.074778,0.092056,,,,,,,,,,,,
37962,,,,,,,,,,,,,,,,,,,,1.001011,0.009678,1.520555,,,,,,
37965,,,,,,,,,,,,,,,,,,,,,,,-0.054046,-0.006954,1.017785,0.350000,-0.350000,-0.280000
37967,,,,,,,,,,,,,0.651165,0.837908,0.075906,0.087522,,,,,,,,,,,,
37977,,,,,,,,,,,,,1.079204,0.705015,0.071974,0.088742,,,,,,,,,,,,
37972,,,,,,,,,,,,,,,,,,,,1.001029,0.009784,1.524398,,,,,,
37981,,,,,,,,,,,,,,,,,,,,,,,-0.054046,-0.006954,1.017785,1.750000,2.940000,-2.520000
37982,,,,,,,,,,,,,,,,,,,,1.001006,0.009713,1.520603,,,,,,
37986,,,,,,,,,,,,,,,,,,,,,,,0.021228,-0.005673,1.006988,-0.140000,11.130000,-7.420000
37987,,,,,,,,,,,,,0.908042,0.593200,0.073546,0.089769,,,,,,,,,,,,
37988,,,,0.999813,0.019351,1.590148,0.119919,0.119919,,,,,,,,,,,,,,,,,,,,
37990,,,,,,,,,,,10.982442,12.436517,,,,,0.009453,0.001700,0.071885,,,,,,,,,
37992,,,,,,,,,,,,,,,,,,,,1.001013,0.010124,1.520575,,,,,,
37996,,,,,,,,,,,,,,,,,,,,,,,0.021228,-0.005673,1.006988,1.190000,14.560000,-13.300000
37997,,,,,,,,,,,,,0.764026,0.499118,0.150768,0.174476,,,,,,,,,,,,
38003,,,,,,,,,,,,,,,,,,,,1.001051,0.010483,1.516740,,,,,,
38006,,,,,,,,,,,,,,,,,,,,,,,-0.043615,-0.007869,1.022726,1.260000,9.240000,-16.660000
38007,,,,,,,,,,,,,1.735325,0.419958,0.140828,0.175286,,,,,,,,,,,,
38013,,,,,,,,,,,,,,,,,,,,1.001070,0.010704,1.512932,,,,,,
38016,,,,,,,,,,,,,,,,,,,,,,,-0.043615,-0.007869,1.022726,1.330000,-46.410000,-11.970000
38017,,,,,,,,,,,,,2.009868,1.452885,0.138018,0.164715,,,,,,,,,,,,
38023,,,,,,,,,,,,,,,,,,,,1.001090,0.010776,1.512978,,,,,,
38026,,,,,,,,,,,,,,,,,,,,,,,0.190198,-0.009516,1.053897,-0.700000,-2.310000,1.050000
38027,,,,,,,,,,,,,2.239154,1.770508,0.135672,0.161465,,,,,,,,,,,,
38037,,,,,,,,,,,,,2.891411,2.497092,0.128997,0.154029,,,,,,,,,,,,
38039,,,,0.999596,0.028429,1.599229,0.159769,0.159769,,,,,,,,,,,,,,,,,,,,
38041,,,,,,,,,,,16.413979,18.595705,,,,,0.017254,0.002471,0.084244,,,,,,,,,
38033,,,,,,,,,,,,,,,,,,,,1.000935,0.011336,1.516822,,,,,,
38044,,,,,,,,,,,,,,,,,,,,1.000861,0.012503,1.512951,0.190198,-0.009516,1.053897,-3.850000,20.510000,0.000000
38047,,,,,,,,,,,,,3.634252,3.302472,0.183142,0.214760,,,,,,,,,,,,
38050,,,,,,,,,,,,,,,,,,,,,,,0.125843,-0.000244,0.975939,3.080000,-1.260000,6.090000
38051,,,,,,,,,,,,,,,,,,,,1.001098,0.013572,1.512978,,,,,,
38056,,,,,,,,,,,,,,,,,,,,,,,0.125843,-0.000244,0.975939,4.340000,-21.629999,10.990000
38057,,,,,,,,,,,,,4.699698,4.420538,0.173630,0.204778,,,,,,,,,,,,
38061,,,,,,,,,,,,,,,,,,,,1.000992,0.014821,1.512918,,,,,,
38066,,,,,,,,,,,,,,,,,,,,,,,0.083753,-0.025132,1.095804,1.470000,-27.370001,13.510000
38067,,,,,,,,,,,,,5.053857,5.368738,0.170468,0.196312,,,,,,,,,,,,
38071,,,,,,,,,,,,,,,,,,,,1.001178,0.015819,1.516787,,,,,,
38076,,,,,,,,,,,,,,,,,,,,,,,0.083753,-0.025132,1.095804,-1.260000,-5.180000,19.809999
38077,,,,,,,,,,,,,5.892835,6.157775,0.162977,0.189267,,,,,,,,,,,,
38081,,,,,,,,,,,,,,,,,,,,1.001276,0.017619,1.524459,,,,,,
38086,,,,,,,,,,,,,,,,,,,,,,,0.199043,0.003355,0.976000,5.320000,12.320000,20.790001
38087,,,,,,,,,,,,,7.150212,7.373134,0.151751,0.178416,,,,,,,,,,,,
38088,,,,0.999206,0.039833,1.610640,0.204215,0.204215,,,,,,,,,,,,,,,,,,,,
38090,,,,,,,,,,,20.963739,23.747187,,,,,0.021854,0.003069,0.084566,,,,,,,,,
38097,,,,,,,,,,,,,8.073397,8.775265,0.200046,0.229819,,,,,,,,,,,,
38091,,,,,,,,,,,,,,,,,,,,1.001284,0.019515,1.524426,,,,,,
38101,,,,,,,,,,,,,,,,,,,,,,,0.199043,0.003355,1.071709,-4.200000,-12.670000,24.360001
38102,,,,,,,,,,,,,,,,,,,,1.001306,0.021504,1.528255,,,,,,
38107,,,,,,,,,,,,,9.044296,10.197683,0.191620,0.217475,,,,,,,0.101260,0.028731,1.071709,-3.080000,-11.270000,27.930000
38112,,,,,,,,,,,,,,,,,,,,1.001536,0.023646,1.535970,,,,,,
38116,,,,,,,,,,,,,,,,,,,,,,,0.101260,0.028731,1.071709,-0.560000,-24.290001,25.480000
38117,,,,,,,,,,,,,9.892113,11.433133,0.184263,0.206753,,,,,,,,,,,,
38122,,,,,,,,,,,,,,,,,,,,1.001425,0.025827,1.536011,,,,,,
38126,,,,,,,,,,,,,,,,,,,,,,,0.149206,-0.026413,1.019554,-1.330000,-6.720000,30.170000
38127,,,,,,,,,,,,,11.059896,12.903845,0.174128,0.193989,,,,,,,,,,,,
38137,,,,,,,,,,,,,11.972771,14.057665,0.166206,0.183976,,,,,,,,,,,,
38132,,,,,,,,,,,,,,,,,,,,1.001512,0.028379,1.543720,,,,,,
38139,,,,0.998554,0.053758,1.624580,0.252871,0.252871,,,,,,,,,,,,,,,,,,,,
38141,,,,,,,,,,,25.257887,28.593029,,,,,0.025074,0.003560,0.077629,,,,,,,,,
38144,,,,,,,,,,,,,,,,,,,,,,,0.149206,-0.026413,1.019554,-3.570000,4.970000,30.660000
38142,,,,,,,,,,,,,,,,,,,,1.001584,0.031166,1.547634,,,,,,
38147,,,,,,,,,,,,,12.883708,15.199902,0.202283,0.224220,,,,,,,,,,,,
38150,,,,,,,,,,,,,,,,,,,,,,,0.177022,0.004880,0.965569,-1.470000,0.280000,30.170000
38153,,,,,,,,,,,,,,,,,,,,1.001459,0.034039,1.551509,,,,,,
38156,,,,,,,,,,,,,,,,,,,,,,,0.177022,0.004880,1.030717,-0.910000,-0.630000,29.400000
38157,,,,,,,,,,,,,14.137614,16.636003,0.192551,0.213073,,,,,,,,,,,,
38163,,,,,,,,,,,,,,,,,,,,1.001536,0.037332,1.559333,,,,,,
38166,,,,,,,,,,,,,,,,,,,,,,,0.090707,0.003477,1.030717,6.720000,-10.850000,31.360001
38167,,,,,,,,,,,,,15.184353,17.834660,0.184426,0.203770,,,,,,,,,,,,
38173,,,,,,,,,,,,,,,,,,,,1.001625,0.040511,1.567196,,,,,,
38176,,,,,,,,,,,,,,,,,,,,,,,0.163663,0.022753,1.051152,-11.550000,-1.120000,31.430000
38177,,,,,,,,,,,,,16.612082,19.390045,0.173345,0.191698,,,,,,,,,,,,
38183,,,,,,,,,,,,,,,,,,,,1.001475,0.043988,1.570735,,,,,,
38186,,,,,,,,,,,,,,,,,,,,,,,0.163663,0.022753,1.051152,-8.120000,1.820000,31.709999
38187,,,,,,,,,,,,,17.259102,20.143429,0.168323,0.185851,,,,,,,,,,,,
38189,,,,0.997520,0.070379,1.641234,0.305363,0.305363,,,,,,,,,,,,,,,,,,,,
38191,,,,,,,,,,,29.179117,32.846992,,,,,0.026220,0.003964,0.070106,,,,,,,,,
38197,,,,,,,,,,,,,18.744299,21.171171,0.212465,0.238565,,,,,,,,,,,,
38193,,,,,,,,,,,,,,,,,,,,1.001337,0.047630,1.578548,,,,,,
38202,,,,,,,,,,,,,,,,,,,,,,,0.104371,-0.003416,0.982893,-4.760000,7.560000,34.650002
38200,,,,,,,,,,,,,,,,,,,,1.001168,0.051580,1.582489,,,,,,
38207,,,,,,,,,,,,,19.769566,22.382694,0.203649,0.228147,,,,,,,,,,,,
38208,,,,,,,,,,,,,,,,,,,,,,,0.104371,-0.003416,0.982893,-6.580000,13.160000,33.040001
38210,,,,,,,,,,,,,,,,,,,,1.001093,0.055654,1.594143,,,,,,
38216,,,,,,,,,,,,,,,,,,,,,,,0.129564,0.011407,0.993385,-2.800000,-8.120000,33.740002
38217,,,,,,,,,,,,,20.473169,23.220293,0.197598,0.220944,,,,,,,,,,,,
38221,,,,,,,,,,,,,,,,,,,,1.000929,0.059780,1.594147,,,,,,
38226,,,,,,,,,,,,,,,,,,,,,,,0.129564,0.011407,0.993385,16.379999,7.070000,39.410000
38227,,,,,,,,,,,,,21.612736,24.472492,0.187799,0.210176,,,,,,,,,,,,
38231,,,,,,,,,,,,,,,,,,,,1.000875,0.064051,1.601871,,,,,,
38236,,,,,,,,,,,,,,,,,,,,,,,0.112179,-0.014335,1.073722,5.670000,-9.240000,43.400002
38237,,,,,,,,,,,,,22.562309,25.515678,0.179633,0.201206,,,,,,,,,,,,
38239,,,,0.995956,0.089847,1.660765,0.361324,0.361324,,,,,,,,,,,,,,,,,,,,
38240,,,,,,,,,,,32.613235,36.564461,,,,,,,,,,,,,,,,
38241,,,,,,,,,,,,,,,,,0.025719,0.004152,0.059117,1.000856,0.068446,1.609529,,,,,,
38246,,,,,,,,,,,,,,,,,,,,,,,0.112179,-0.014335,1.073722,6.650000,-7.070000,43.470001
38247,,,,,,,,,,,,,23.891191,26.921410,0.211598,0.236076,,,,,,,,,,,,
38257,,,,,,,,,,,,,24.396973,28.557198,0.207282,0.222119,,,,,,,,,,,,
38251,,,,,,,,,,,,,,,,,,,,1.000735,0.072982,1.617227,,,,,,
38262,,,,,,,,,,,,,,,,,,,,,,,0.071309,0.027877,1.031815,5.950000,-0.700000,46.480000
38260,,,,,,,,,,,,,,,,,,,,1.000617,0.077884,1.624832,,,,,,
38267,,,,,,,,,,,,,25.598894,29.662783,0.197027,0.212686,,,,,,,0.071309,0.027877,1.031815,2.380000,-6.930000,50.959999
38271,,,,,,,,,,,,,,,,,,,,1.000199,0.082400,1.632477,,,,,,
38276,,,,,,,,,,,,,,,,,,,,,,,0.115412,0.038430,1.016504,6.650000,-21.000000,42.910000
38277,,,,,,,,,,,,,26.475338,30.443186,0.189549,0.206027,,,,,,,,,,,,
38286,,,,,,,,,,,,,,,,,,,,,,,0.115412,0.038430,1.016504,7.980000,6.020000,42.419998
38284,,,,,,,,,,,,,,,,,,,,0.999868,0.087356,1.640062,,,,,,
38287,,,,,,,,,,,,,27.191982,31.622890,0.183434,0.195961,,,,,,,,,,,,
38289,,,,0.993676,0.112286,1.683320,0.420396,0.420396,,,,,,,,,,,,,,,,,,,,
38291,,,,,,,,,,,36.308235,40.365002,,,,,0.025103,0.004475,0.044100,0.999722,0.092564,1.651343,,,,,,
38298,,,,,,,,,,,,,27.768387,31.985458,0.224105,0.239828,,,,,,,,,,,,
38302,,,,,,,,,,,,,,,,,,,,,,,0.105103,0.038064,0.969778,-2.800000,19.389999,40.110001
38301,,,,,,,,,,,,,,,,,,,,0.999142,0.098081,1.655127,,,,,,
38307,,,,,,,,,,,,,28.570827,32.697571,0.217397,0.233876,,,,,,,0.105103,0.038064,0.969778,-7.210000,12.320000,33.810001
38311,,,,,,,,,,,,,,,,,,,,0.998786,0.103496,1.662657,,,,,,
38316,,,,,,,,,,,,,,,,,,,,,,,0.055266,0.057279,1.039440,-5.600000,-7.490000,36.119999
38317,,,,,,,,,,,,,29.948803,34.011974,0.205879,0.222889,,,,,,,,,,,,
38321,,,,,,,,,,,,,,,,,,,,0.998057,0.108838,1.670139,,,,,,
38326,,,,,,,,,,,,,,,,,,,,,,,0.055266,0.057279,1.039440,-5.670000,-10.500000,37.730000
38327,,,,,,,,,,,,,30.688265,34.655952,0.199698,0.217506,,,,,,,,,,,,
38331,,,,,,,,,,,,,,,,,,,,0.997289,0.114352,1.677590,,,,,,
38336,,,,,,,,,,,,,,,,,,,,,,,0.092354,0.016043,1.068110,-4.200000,5.950000,39.689999
38337,,,,,,,,,,,,,31.852087,35.738770,0.189969,0.208455,,,,,,,,,,,,
38339,,,,0.990461,0.137792,1.709028,0.482232,0.482232,,,,,,,,,,,,,,,,,,,,
38341,,,,,,,,,,,39.928310,44.110626,,,,,0.023877,0.004427,0.034657,,,,,,,,,
38342,,,,,,,,,,,,,,,,,,,,0.996625,0.120267,1.685005,,,,,,
38347,,,,,,,,,,,,,32.624901,36.424660,0.235096,0.256205,,,,,,,0.092354,0.016043,0.990152,1.330000,15.470000,36.540001
38358,,,,,,,,,,,,,33.246685,37.409817,0.229379,0.247147,,,,,,,,,,,,
38352,,,,,,,,,,,,,,,,,,,,0.995968,0.126107,1.688727,,,,,,
38361,,,,,,,,,,,,,,,,,,,,,,,0.055266,0.027694,0.990152,-6.930000,-7.840000,36.680000
38362,,,,,,,,,,,,,,,,,,,,0.995224,0.131869,1.692424,,,,,,
38367,,,,,,,,,,,,,34.624111,38.126968,0.216715,0.240554,,,,,,,0.068259,0.055449,1.100257,-17.360001,-22.260000,38.430000
38372,,,,,,,,,,,,,,,,,,,,0.994399,0.137694,1.699803,,,,,,
38376,,,,,,,,,,,,,,,,,,,,,,,0.068259,0.055449,1.100257,7.560000,-43.680000,43.189999
38377,,,,,,,,,,,,,35.074276,39.209888,0.212576,0.230597,,,,,,,,,,,,
38382,,,,,,,,,,,,,,,,,,,,0.993559,0.143685,1.707164,,,,,,
38385,,,,,,,,,,,,,,,,,,,,,,,0.098942,0.019642,0.960506,-2.030000,-3.990000,43.889999
38387,,,,,,,,,,,,,36.066986,40.092983,0.203449,0.222478,,,,,,,,,,,,
38389,,,,0.986053,0.166429,1.738004,0.546492,0.546492,,,,,,,,,,,,,,,,,,,,
38391,,,,,,,,,,,43.781982,48.420986,,,,,0.023446,0.004381,0.031214,,,,,,,,,
38392,,,,,,,,,,,,,,,,,,,,0.993005,0.149915,1.717739,,,,,,
38396,,,,,,,,,,,,,,,,,,,,,,,0.098942,0.019642,0.960506,-6.580000,6.580000,46.130001
38397,,,,,,,,,,,,,36.814014,40.201488,0.241573,0.271398,,,,,,,,,,,,
38402,,,,,,,,,,,,,,,,,,,,0.991597,0.156537,1.725436,,,,,,
38406,,,,,,,,,,,,,,,,,,,,,,,0.067405,0.063989,0.961848,-12.740000,31.850000,36.610001
38407,,,,,,,,,,,,,37.698063,41.108513,0.234289,0.263925,,,,,,,,,,,,
38413,,,,,,,,,,,,,,,,,,,,0.990315,0.162864,1.732724,,,,,,
38417,,,,,,,,,,,,,38.262924,42.139214,0.229634,0.255432,,,,,,,,,,,,
38421,,,,,,,,,,,,,,,,,,,,0.989346,0.169536,1.739973,0.067405,0.063989,0.961848,14.490000,-20.230000,41.720001
38427,,,,,,,,,,,,,39.472912,43.294304,0.219664,0.245914,,,,,,,0.077836,-0.007198,1.129903,14.210000,-23.309999,39.759998
38431,,,,,,,,,,,,,,,,,,,,0.988754,0.175938,1.746743,,,,,,
38436,,,,,,,,,,,,,,,,,,,,,,,0.077836,-0.007198,1.129903,8.540000,-8.050000,42.490002
38437,,,,,,,,,,,,,39.660267,44.047909,0.218120,0.239704,,,,,,,,,,,,
38439,,,,0.980157,0.198224,1.770342,0.612846,0.612846,,,,,,,,,,,,,,,,,,,,
38441,,,,,,,,,,,48.034832,52.904213,,,,,0.023265,0.004551,0.023702,0.987437,0.182910,1.754364,,,,,,
38446,,,,,,,,,,,,,,,,,,,,,,,0.089182,0.062708,0.996191,-6.510000,23.520000,43.750000
38447,,,,,,,,,,,,,40.378422,44.609280,0.262156,0.287651,,,,,,,,,,,,
38457,,,,,,,,,,,,,41.205364,45.281704,0.255664,0.282371,,,,,,,,,,,,
38451,,,,,,,,,,,,,,,,,,,,0.985976,0.189801,1.757954,,,,,,
38462,,,,,,,,,,,,,,,,,,,,,,,0.089182,0.062708,0.996191,-10.990000,3.990000,43.820000
38461,,,,,,,,,,,,,,,,,,,,0.984335,0.196938,1.765124,,,,,,
38467,,,,,,,,,,,,,41.800827,46.419098,0.250989,0.273442,,,,,,,,,,,,
38468,,,,,,,,,,,,,,,,,,,,,,,0.091805,0.087047,0.980697,-9.240000,-8.400000,43.820000
38472,,,,,,,,,,,,,,,,,,,,0.982838,0.203860,1.775879,,,,,,
38476,,,,,,,,,,,,,,,,,,,,,,,0.091805,0.087047,0.980697,-0.770000,5.810000,43.820000
38477,,,,,,,,,,,,,42.858620,47.293533,0.242684,0.266577,,,,,,,,,,,,
38482,,,,,,,,,,,,,,,,,,,,0.981190,0.211178,1.779441,,,,,,
38486,,,,,,,,,,,,,,,,,,,,,,,0.118523,0.031171,1.004182,0.980000,20.719999,42.980000
38487,,,,,,,,,,,,,43.723152,48.001968,0.235896,0.261015,,,,,,,,,,,,
38489,,,,0.972438,0.233163,1.806125,0.680973,0.680973,,,,,,,,,,,,,,,,,,,,
38491,,,,,,,,,,,52.146332,57.569050,,,,,0.022964,0.003991,0.024660,,,,,,,,,
38492,,,,,,,,,,,,,,,,,,,,0.979963,0.218719,1.793531,,,,,,
38497,,,,,,,,,,,,,44.208221,48.868355,0.277631,0.306040,,,,,,,0.118523,0.031171,1.004182,3.780000,41.860001,38.080002
38502,,,,,,,,,,,,,,,,,,,,0.977823,0.226721,1.800749,,,,,,
38506,,,,,,,,,,,,,,,,,,,,,,,0.070089,0.077836,1.029009,-11.340000,21.490000,45.009998
38507,,,,,,,,,,,,,45.149643,49.638741,0.270718,0.300383,,,,,,,,,,,,
38517,,,,,,,,,,,,,46.520721,50.297848,0.260649,0.295543,,,,,,,,,,,,
38512,,,,,,,,,,,,,,,,,,,,0.975827,0.234445,1.804230,,,,,,
38521,,,,,,,,,,,,,,,,,,,,,,,0.070089,0.077836,1.029009,-3.500000,-28.910000,52.430000
38523,,,,,,,,,,,,,,,,,,,,0.973866,0.241912,1.814785,,,,,,
38526,,,,,,,,,,,,,,,,,,,,,,,0.099369,0.036356,1.004487,0.630000,-30.100000,50.959999
38527,,,,,,,,,,,,,47.385689,51.662849,0.254298,0.285519,,,,,,,,,,,,
38530,,,,,,,,,,,,,,,,,,,,0.971728,0.249504,1.821870,,,,,,
38536,,,,,,,,,,,,,,,,,,,,,,,0.099369,0.036356,1.004487,3.850000,5.670000,53.619999
38537,,,,,,,,,,,,,47.795879,52.526909,0.251286,0.279174,,,,,,,,,,,,
38539,,,,0.962528,0.271182,1.845418,0.750560,0.750560,,,,,,,,,,,,,,,,,,,,
38541,,,,,,,,,,,56.674137,62.455872,,,,,0.023044,0.003518,0.022257,,,,,,,,,
38543,,,,,,,,,,,,,,,,,,,,0.969583,0.257421,1.828847,,,,,,
38547,,,,,,,,,,,,,48.497471,53.513412,0.298586,0.328544,,,,,,,0.089182,0.073322,0.979294,11.900000,15.050000,49.139999
38550,,,,,,,,,,,,,,,,,,,,0.967388,0.265527,1.839284,,,,,,
38556,,,,,,,,,,,,,,,,,,,,,,,0.089182,0.073322,0.979294,4.130000,-6.230000,48.299999
38557,,,,,,,,,,,,,49.869213,54.656090,0.288487,0.320131,,,,,,,,,,,,
38560,,,,,,,,,,,,,,,,,,,,0.965280,0.273888,1.849739,,,,,,
38566,,,,,,,,,,,,,,,,,,,,,,,0.044469,0.047885,1.188036,-3.080000,-51.029999,49.910000
38567,,,,,,,,,,,,,50.419090,55.574654,0.284438,0.313368,,,,,,,,,,,,
38577,,,,,,,,,,,,,51.675686,56.527637,0.275186,0.306351,,,,,,,,,,,,
38572,,,,,,,,,,,,,,,,,,,,0.962858,0.281746,1.860143,,,,,,
38581,,,,,,,,,,,,,,,,,,,,,,,0.044469,0.047885,1.014430,-6.370000,-31.920000,50.680000
38582,,,,,,,,,,,,,,,,,,,,0.960384,0.289793,1.873905,,,,,,
38586,,,,,,,,,,,,,,,,,,,,,,,0.146827,0.110227,1.014430,-9.730000,1.820000,50.610001
38587,,,,,,,,,,,,,52.250610,57.502468,0.270953,0.299174,,,,,,,,,,,,
38589,,,,0.950027,0.312168,1.888270,0.821304,0.821304,,,,,,,,,,,,,,,,,,,,
38591,,,,,,,,,,,61.945950,67.835892,,,,,0.024198,0.003255,0.015571,,,,,,,,,
38592,,,,,,,,,,,,,,,,,,,,0.957432,0.298168,1.877346,,,,,,
38596,,,,,,,,,,,,,,,,,,,,,,,0.136945,0.066612,0.819596,-7.630000,23.730000,47.320000
38597,,,,,,,,,,,,,53.076904,58.031887,0.331004,0.363204,,,,,,,,,,,,
38602,,,,,,,,,,,,,,,,,,,,0.954584,0.306884,1.887645,,,,,,
38606,,,,,,,,,,,,,,,,,,,,,,,0.136945,0.066612,0.819596,-3.500000,38.849998,48.580002
38607,,,,,,,,,,,,,54.226112,58.958012,0.321876,0.355848,,,,,,,,,,,,
38618,,,,,,,,,,,,,55.047005,60.020126,0.315356,0.347412,,,,,,,,,,,,
38612,,,,,,,,,,,,,,,,,,,,0.951949,0.315980,1.894056,,,,,,
38621,,,,,,,,,,,,,,,,,,,,,,,0.111203,0.071370,1.176507,11.480000,-13.230000,53.830002
38622,,,,,,,,,,,,,,,,,,,,0.948689,0.325023,1.904640,,,,,,
38626,,,,,,,,,,,,,,,,,,,,,,,0.111203,0.071370,1.176507,10.990000,-31.010000,56.279999
38627,,,,,,,,,,,,,56.616093,61.406330,0.302893,0.336402,,,,,,,,,,,,
38633,,,,,,,,,,,,,,,,,,,,0.945375,0.333591,1.914857,,,,,,
38636,,,,,,,,,,,,,,,,,,,,,,,0.152195,0.034465,0.968497,7.070000,-4.900000,58.310001
38637,,,,,,,,,,,,,57.600967,62.185040,0.295070,0.330217,,,,,,,,,,,,
38639,,,,0.934508,0.355942,1.934718,0.892911,0.892911,,,,,,,,,,,,,,,,,,,,
38641,,,,,,,,,,,66.473740,72.997513,,,,,0.024384,0.002676,0.018715,,,,,,,,,
38643,,,,,,,,,,,,,,,,,,,,0.941834,0.342824,1.918151,,,,,,
38647,,,,,,,,,,,,,58.365284,63.785454,0.339753,0.375381,,,,,,,0.152195,0.034465,0.968497,-7.630000,44.450001,59.570000
38656,,,,,,,,,,,,,,,,,,,,,,,0.126514,0.101016,0.896334,-5.040000,43.049999,53.549999
38653,,,,,,,,,,,,,,,,,,,,0.938389,0.352582,1.931667,,,,,,
38657,,,,,,,,,,,,,59.573818,64.715752,0.330788,0.368479,,,,,,,,,,,,
38663,,,,,,,,,,,,,,,,,,,,0.934792,0.362393,1.941733,,,,,,
38666,,,,,,,,,,,,,,,,,,,,,,,0.126514,0.101016,0.896334,5.810000,0.910000,57.540001
38667,,,,,,,,,,,,,60.532082,65.406227,0.323680,0.363357,,,,,,,,,,,,
38677,,,,,,,,,,,,,61.272423,66.924637,0.318188,0.352094,,,,,,,,,,,,
38670,,,,,,,,,,,,,,,,,,,,0.930936,0.372053,1.948353,,,,,,
38681,,,,,,,,,,,,,,,,,,,,0.927263,0.381582,1.965139,0.132736,0.093391,1.229089,-1.260000,-38.080002,61.459999
38687,,,,,,,,,,,,,62.597870,67.905807,0.308355,0.344815,,,,,,,0.132736,0.093391,1.229089,-3.080000,-28.490000,58.939999
38689,,,,0.915524,0.402264,1.984785,0.965097,0.965097,,,,,,,,,,,,,,,,,,,,
38691,,,,,,,,,,,70.562965,77.526581,,,,,0.023354,0.002727,0.016730,0.923169,0.391472,1.975114,,,,,,
38697,,,,,,,,,,,,,63.095043,69.298676,0.345491,0.379736,,,,,,,,,,,,
38698,,,,,,,,,,,,,,,,,,,,,,,0.121024,0.100467,0.903105,11.830000,14.700000,56.139999
38701,,,,,,,,,,,,,,,,,,,,0.918903,0.401278,1.985038,,,,,,
38707,,,,,,,,,,,,,64.298248,70.051796,0.337646,0.374826,,,,,,,0.121024,0.100467,0.903105,-31.150000,26.950001,60.130001
38711,,,,,,,,,,,,,,,,,,,,0.914209,0.411424,1.991643,,,,,,
38716,,,,,,,,,,,,,,,,,,,,,,,0.093208,0.151036,1.066463,2.590000,-9.940000,67.830002
38717,,,,,,,,,,,,,65.356079,71.322670,0.330750,0.366540,,,,,,,,,,,,
38722,,,,,,,,,,,,,,,,,,,,0.909779,0.421232,2.004807,,,,,,
38726,,,,,,,,,,,,,,,,,,,,,,,0.093208,0.151036,1.066463,-6.440000,-18.270000,72.239998
38727,,,,,,,,,,,,,66.527527,72.646568,0.323113,0.357909,,,,,,,,,,,,
38737,,,,,,,,,,,,,67.462303,73.655052,0.317018,0.351335,,,,,,,,,,,,
38739,,,,0.892616,0.450818,2.038478,1.037585,1.037585,,,,,,,,,,,,,,,,,,,,
38741,,,,,,,,,,,79.339851,87.480392,,,,,0.032784,0.002924,0.029819,,,,,,,,,
38732,,,,,,,,,,,,,,,,,,,,0.904987,0.431299,2.021201,,,,,,
38742,,,,,,,,,,,,,,,,,,,,0.899659,0.441674,2.030940,,,,,,
38745,,,,,,,,,,,,,,,,,,,,,,,0.100467,0.104859,1.018334,-24.219999,36.330002,61.950001
38747,,,,,,,,,,,,,68.265587,74.626442,0.408958,0.455290,,,,,,,,,,,,
38751,,,,,,,,,,,,,,,,,,,,,,,0.099064,0.131455,0.950807,-3.640000,37.590000,67.480003
38752,,,,,,,,,,,,,,,,,,,,0.894364,0.452288,2.040741,,,,,,
38757,,,,,,,,,,,,,68.972260,75.372787,0.404157,0.450219,,,,,,,0.099064,0.131455,0.950807,21.980000,6.230000,71.750000
38762,,,,,,,,,,,,,,,,,,,,0.888858,0.462761,2.050417,,,,,,
38766,,,,,,,,,,,,,,,,,,,,,,,0.099064,0.131455,0.950807,-1.540000,-56.980000,72.519997
38767,,,,,,,,,,,,,70.730598,77.270309,0.392211,0.437328,,,,,,,,,,,,
38773,,,,,,,,,,,,,,,,,,,,0.883694,0.472693,2.066587,,,,,,
38776,,,,,,,,,,,,,,,,,,,,,,,0.139080,0.117608,1.104527,-3.080000,-26.530001,71.820000
38777,,,,,,,,,,,,,72.671234,79.270287,0.379027,0.423740,,,,,,,,,,,,
38783,,,,,,,,,,,,,,,,,,,,0.877921,0.483158,2.079511,,,,,,
38786,,,,,,,,,,,,,,,,,,,,,,,0.139080,0.117608,0.914024,-20.090000,15.540000,69.019997
38787,,,,,,,,,,,,,73.778702,80.429680,0.371503,0.415864,,,,,,,,,,,,
38789,,,,0.865326,0.501209,2.095792,1.110109,1.110109,,,,,,,,,,,,,,,,,,,,
38791,,,,,,,,,,,79.277245,87.030838,,,,,0.022146,0.002149,0.015090,,,,,,,,,
38797,,,,,,,,,,,,,74.350288,81.547234,0.366044,0.402339,,,,,,,,,,,,
38793,,,,,,,,,,,,,,,,,,,,0.871794,0.494043,2.092296,,,,,,
38802,,,,,,,,,,,,,,,,,,,,,,,0.196298,0.102480,0.914024,-1.890000,22.190001,77.629997
38803,,,,,,,,,,,,,,,,,,,,0.865517,0.505018,2.105095,,,,,,
38807,,,,,,,,,,,,,75.573486,82.760750,0.357954,0.394313,,,,,,,,,,,,
38809,,,,,,,,,,,,,,,,,,,,,,,0.170922,0.164151,1.076223,0.420000,9.170000,77.559998
38810,,,,,,,,,,,,,,,,,,,,0.859015,0.516142,2.117792,,,,,,
38816,,,,,,,,,,,,,,,,,,,,,,,0.170922,0.164151,1.076223,1.050000,-9.660000,75.250000
38817,,,,,,,,,,,,,76.706413,84.393631,0.350461,0.383513,,,,,,,,,,,,
38820,,,,,,,,,,,,,,,,,,,,0.852305,0.526981,2.130383,,,,,,
38826,,,,,,,,,,,,,,,,,,,,,,,0.077653,0.193004,1.091900,-8.750000,-14.630000,73.430000
38827,,,,,,,,,,,,,77.735153,84.752937,0.343657,0.381137,,,,,,,,,,,,
38831,,,,,,,,,,,,,,,,,,,,0.845351,0.537917,2.146248,,,,,,
38839,,,,0.833207,0.552962,2.156711,1.182410,1.182410,,,,,,,,,,,,,,,,,,,,
38841,,,,,,,,,,,82.560730,90.549011,,,,,0.019131,0.002114,0.013594,0.838509,0.548732,2.158828,,,,,,
38842,,,,,,,,,,,,,78.474258,85.791763,0.381798,0.421067,,,,,,,,,,,,
38846,,,,,,,,,,,,,,,,,,,,,,,0.077653,0.193004,1.091900,12.670000,-18.480000,71.540001
38851,,,,,,,,,,,,,,,,,,,,0.831368,0.559469,2.171395,0.047519,0.126636,0.978684,-10.850000,25.340000,67.059998
38857,,,,,,,,,,,,,79.534294,86.757507,0.372842,0.412907,,,,,,,0.047519,0.126636,0.978684,-20.299999,32.619999,73.639999
38861,,,,,,,,,,,,,,,,,,,,0.823587,0.570689,2.186979,,,,,,
38866,,,,,,,,,,,,,,,,,,,,,,,0.088572,0.166774,0.913475,4.130000,43.400002,73.779999
38867,,,,,,,,,,,,,80.162048,87.443466,0.367537,0.407110,,,,,,,,,,,,
38872,,,,,,,,,,,,,,,,,,,,0.815374,0.582061,2.193111,,,,,,
38876,,,,,,,,,,,,,,,,,,,,,,,0.088572,0.166774,0.913475,-5.460000,25.340000,76.860001
38877,,,,,,,,,,,,,81.111099,88.330704,0.359518,0.399614,,,,,,,,,,,,
38882,,,,,,,,,,,,,,,,,,,,0.807354,0.593159,2.208634,,,,,,
38886,,,,,,,,,,,,,,,,,,,,,,,0.077653,0.183366,1.039318,7.420000,14.700000,75.320000
38887,,,,,,,,,,,,,81.995178,89.719551,0.352048,0.387878,,,,,,,,,,,,
38889,,,,0.795837,0.605511,2.221204,1.254240,1.254240,,,,,,,,,,,,,,,,,,,,
38891,,,,,,,,,,,85.792191,94.254242,,,,,0.016550,0.001928,0.013291,,,,,,,,,
38897,,,,,,,,,,,,,82.783104,90.304047,0.383580,0.426279,,,,,,,,,,,,
38892,,,,,,,,,,,,,,,,,,,,0.799371,0.604157,2.224034,,,,,,
38902,,,,,,,,,,,,,,,,,,,,0.790942,0.614933,2.236357,0.077653,0.183366,1.034438,-5.180000,-9.730000,79.660004
38907,,,,,,,,,,,,,83.840660,90.759903,0.375596,0.422837,,,,,,,,,,,,
38908,,,,,,,,,,,,,,,,,,,,,,,0.048129,0.193004,1.034438,36.540001,-13.930000,86.800003
38913,,,,,,,,,,,,,,,,,,,,0.782537,0.626058,2.248717,,,,,,
38916,,,,,,,,,,,,,,,,,,,,,,,0.048129,0.193004,1.034438,19.180000,-24.920000,79.519997
38917,,,,,,,,,,,,,84.262741,92.279663,0.372409,0.411363,,,,,,,,,,,,
38923,,,,,,,,,,,,,,,,,,,,0.773911,0.636801,2.261023,,,,,,
38926,,,,,,,,,,,,,,,,,,,,,,,0.044347,0.175192,1.118862,-15.540000,-37.869999,72.800003
38927,,,,,,,,,,,,,85.196907,93.042206,0.365356,0.405606,,,,,,,,,,,,
38936,,,,,,,,,,,,,,,,,,,,,,,0.044347,0.175192,1.118862,14.560000,-13.650000,79.519997
38933,,,,,,,,,,,,,,,,,,,,0.765066,0.647458,2.276324,,,,,,
38937,,,,,,,,,,,,,85.893944,93.587997,0.360093,0.401485,,,,,,,,,,,,
38939,,,,0.752837,0.658207,2.289231,1.325359,1.325359,,,,,,,,,,,,,,,,,,,,
38941,,,,,,,,,,,89.938843,98.884148,,,,,0.015890,0.002342,0.013950,,,,,,,,,
38940,,,,,,,,,,,,,,,,,,,,0.755907,0.658315,2.291559,,,,,,
38947,,,,,,,,,,,,,86.432213,94.423241,0.404942,0.449817,,,,,,,0.073566,0.151158,0.892369,-22.049999,40.880001,84.419998
38957,,,,,,,,,,,,,87.744339,95.623398,0.394974,0.440700,,,,,,,,,,,,
38950,,,,,,,,,,,,,,,,,,,,0.746191,0.669302,2.306641,,,,,,
38962,,,,,,,,,,,,,,,,,,,,,,,0.073566,0.151158,1.033279,-19.110001,19.740000,80.010002
38963,,,,,,,,,,,,,,,,,,,,0.736230,0.680046,2.318678,,,,,,
38967,,,,,,,,,,,,,88.086121,95.856201,0.392378,0.438931,,,,,,,,,,,,
38968,,,,,,,,,,,,,,,,,,,,,,,0.021106,0.262117,1.033279,-25.900000,-9.310000,86.730003
38971,,,,,,,,,,,,,,,,,,,,0.726109,0.690490,2.333745,,,,,,
38976,,,,,,,,,,,,,,,,,,,,,,,0.021106,0.262117,1.033279,15.050000,-27.719999,84.769997
38977,,,,,,,,,,,,,88.887749,97.066833,0.386288,0.429735,,,,,,,,,,,,
38981,,,,,,,,,,,,,,,,,,,,0.716255,0.700981,2.351865,,,,,,
38986,,,,,,,,,,,,,,,,,,,,,,,0.091317,0.189710,1.192306,-32.830002,-63.980000,79.309998
38987,,,,,,,,,,,,,89.596451,98.123474,0.380904,0.421708,,,,,,,,,,,,
38989,,,,0.703886,0.710313,2.360738,1.395537,1.395537,,,,,,,,,,,,,,,,,,,,
38991,,,,,,,,,,,94.029846,103.226379,,,,,0.015028,0.002279,0.010471,0.706084,0.711193,2.363876,,,,,,
38998,,,,,,,,,,,,,90.469437,98.586761,0.422477,0.469334,,,,,,,,,,,,
39002,,,,,,,,,,,,,,,,,,,,,,,0.091317,0.159271,0.866505,-0.630000,-6.300000,83.580002
39001,,,,,,,,,,,,,,,,,,,,0.695890,0.721335,2.378909,,,,,,
39007,,,,,,,,,,,,,91.199821,99.340942,0.416945,0.463622,,,,,,,,,,,,
39008,,,,,,,,,,,,,,,,,,,,,,,0.039711,0.159271,0.866505,-1.470000,21.000000,84.699997
39012,,,,,,,,,,,,,,,,,,,,0.684917,0.731913,2.393734,,,,,,
39016,,,,,,,,,,,,,,,,,,,,,,,0.039711,0.223443,1.066341,9.590000,30.379999,83.160004
39017,,,,,,,,,,,,,91.956848,100.437645,0.411212,0.455315,,,,,,,,,,,,
39022,,,,,,,,,,,,,,,,,,,,0.673861,0.742257,2.405528,,,,,,
39026,,,,,,,,,,,,,,,,,,,,,,,0.096868,0.223443,1.066341,-50.889999,10.430000,81.690002
39027,,,,,,,,,,,,,92.814255,101.052979,0.404718,0.450655,,,,,,,,,,,,
39032,,,,,,,,,,,,,,,,,,,,0.662527,0.752095,2.420382,,,,,,
39037,,,,,,,,,,,,,93.467491,101.989922,0.399770,0.443558,,,,,,,0.063196,0.260592,1.000034,-25.059999,-58.799999,90.860001
39039,,,,0.648742,0.761009,2.435663,1.464551,1.464551,,,,,,,,,,,,,,,,,,,,
39041,,,,,,,,,,,98.724152,108.576065,,,,,0.015944,0.002342,0.014159,,,,,,,,,
39042,,,,,,,,,,,,,,,,,,,,0.650888,0.762071,2.435210,,,,,,
39047,,,,,,,,,,,,,94.175896,102.953468,0.446036,0.494746,,,,,,,0.063196,0.260592,1.000034,19.950001,-16.590000,84.699997
39058,,,,,,,,,,,,,95.317177,103.677025,0.438312,0.489849,,,,,,,,,,,,
39051,,,,,,,,,,,,,,,,,,,,0.639628,0.771726,2.452940,,,,,,
39061,,,,,,,,,,,,,,,,,,,,0.627357,0.781970,2.461719,0.050935,0.183488,1.127646,3.220000,-0.910000,81.059998
39067,,,,,,,,,,,,,96.282059,105.245895,0.431783,0.479232,,,,,,,0.050935,0.183488,1.127646,13.650000,54.459999,83.440002
39068,,,,,,,,,,,,,,,,,,,,0.627357,0.781970,2.461719,,,,,,
39073,,,,,,,,,,,,,,,,,,,,0.615512,0.791793,2.482245,,,,,,
39076,,,,,,,,,,,,,,,,,,,,,,,0.132919,0.120170,0.730475,10.220000,52.150002,83.160004
39077,,,,,,,,,,,,,96.421692,105.676086,0.430838,0.476321,,,,,,,,,,,,
39083,,,,,,,,,,,,,,,,,,,,0.602675,0.802057,2.493738,,,,,,
39086,,,,,,,,,,,,,,,,,,,,,,,0.132919,0.120170,0.730475,-7.420000,25.690001,86.660004
39087,,,,,,,,,,,,,97.652206,106.540382,0.422510,0.470472,,,,,,,,,,,,
39089,,,,0.587254,0.809403,2.513931,1.532188,1.532188,,,,,,,,,,,,,,,,,,,,
39091,,,,,,,,,,,103.135414,113.691635,,,,,0.016510,0.003317,0.018990,,,,,,,,,
39093,,,,,,,,,,,,,,,,,,,,0.589874,0.811725,2.508371,,,,,,
39097,,,,,,,,,,,,,98.580368,107.084862,0.464563,0.522817,,,,,,,0.113704,0.318481,1.190842,23.450001,-32.549999,97.230003
39103,,,,,,,,,,,,,,,,,,,,0.576996,0.821264,2.525843,,,,,,
39106,,,,,,,,,,,,,,,,,,,,,,,0.113704,0.318481,1.190842,-0.420000,-39.689999,96.739998
39107,,,,,,,,,,,,,99.354469,108.268257,0.459337,0.514827,,,,,,,,,,,,
39117,,,,,,,,,,,,,100.373657,109.497284,0.452456,0.506530,,,,,,,,,,,,
39112,,,,,,,,,,,,,,,,,,,,0.564170,0.830576,2.540408,,,,,,
39122,,,,,,,,,,,,,,,,,,,,0.551023,0.839653,2.557810,0.068991,0.267729,1.124291,-16.030001,-41.790001,98.629997
39127,,,,,,,,,,,,,101.214714,111.126045,0.446778,0.495534,,,,,,,,,,,,
39128,,,,,,,,,,,,,,,,,,,,,,,0.068991,0.267729,1.124291,-25.620001,-15.190000,100.589996
39133,,,,,,,,,,,,,,,,,,,,0.537261,0.848771,2.575156,,,,,,
39136,,,,,,,,,,,,,,,,,,,,,,,0.120841,0.164151,0.789401,-0.980000,33.669998,95.550003
39137,,,,,,,,,,,,,102.187607,112.174629,0.440210,0.488454,,,,,,,,,,,,
39139,,,,0.519388,0.854539,2.595458,1.598247,1.598247,,,,,,,,,,,,,,,,,,,,
39141,,,,,,,,,,,107.898460,118.945824,,,,,0.017728,0.004555,0.018671,,,,,,,,,
39143,,,,,,,,,,,,,,,,,,,,0.523179,0.857987,2.592383,,,,,,
39147,,,,,,,,,,,,,102.740646,112.714981,0.486772,0.540090,,,,,,,0.120841,0.164151,0.789401,4.760000,31.920000,105.699997
39157,,,,,,,,,,,,,103.497910,113.488937,0.481938,0.535149,,,,,,,,,,,,
39153,,,,,,,,,,,,,,,,,,,,0.508702,0.867097,2.609581,,,,,,
39162,,,,,,,,,,,,,,,,,,,,,,,0.122732,0.307928,1.068171,-21.840000,-13.160000,110.529999
39163,,,,,,,,,,,,,,,,,,,,0.494179,0.875902,2.632482,,,,,,
39167,,,,,,,,,,,,,104.300476,114.488029,0.476814,0.528771,,,,,,,,,,,,
39168,,,,,,,,,,,,,,,,,,,,,,,0.122732,0.307928,1.068171,55.509998,6.790000,107.870003
39173,,,,,,,,,,,,,,,,,,,,0.479440,0.884898,2.649636,,,,,,
39176,,,,,,,,,,,,,,,,,,,,,,,0.110044,0.291641,1.104344,34.090000,11.480000,119.000000
39177,,,,,,,,,,,,,105.301323,115.517784,0.470425,0.522197,,,,,,,,,,,,
39180,,,,,,,,,,,,,,,,,,,,0.479440,0.884898,2.649636,,,,,,
39186,,,,,,,,,,,,,,,,,,,,,,,0.110044,0.291641,1.104344,-37.169998,-3.430000,116.410004
39187,,,,,,,,,,,,,106.182381,116.976242,0.464800,0.512886,,,,,,,,,,,,
39185,,,,,,,,,,,,,,,,,,,,0.464339,0.893159,2.669546,,,,,,
39189,,,,0.445239,0.895412,2.680151,1.662531,1.662531,,,,,,,,,,,,,,,,,,,,
39192,,,,,,,,,,,112.084282,123.252106,,,,,0.017631,0.006521,0.011258,0.449447,0.900873,2.692334,,,,,,
39197,,,,,,,,,,,,,107.331551,118.048935,0.503931,0.553983,,,,,,,,,,,,
39198,,,,,,,,,,,,,,,,,,,,,,,0.124623,0.314699,0.906643,-27.090000,21.910000,113.540001
39202,,,,,,,,,,,,,,,,,,,,0.433567,0.908976,2.709345,,,,,,
39206,,,,,,,,,,,,,,,,,,,,,,,0.124623,0.314699,0.906643,10.290000,13.860000,123.690002
39207,,,,,,,,,,,,,108.017471,118.695274,0.499243,0.549566,,,,,,,,,,,,
39217,,,,,,,,,,,,,109.183029,120.200340,0.491278,0.539281,,,,,,,,,,,,
39212,,,,,,,,,,,,,,,,,,,,0.417571,0.916884,2.734772,,,,,,
39222,,,,,,,,,,,,,,,,,,,,,,,0.120841,0.290360,0.945683,19.530001,28.070000,122.570000
39223,,,,,,,,,,,,,,,,,,,,0.401214,0.924454,2.754505,,,,,,
39227,,,,,,,,,,,,,110.265320,120.722298,0.483882,0.535714,,,,,,,0.140910,0.333548,1.066463,60.410000,8.120000,119.349998
39233,,,,,,,,,,,,,,,,,,,,0.384718,0.932214,2.774187,,,,,,
39236,,,,,,,,,,,,,,,,,,,,,,,0.140910,0.333548,1.066463,-25.270000,3.220000,122.779999
39237,,,,,,,,,,,,,110.910347,121.906807,0.479474,0.527620,,,,,,,,,,,,
39239,,,,0.365048,0.930989,2.767908,1.724855,1.724855,,,,,,,,,,,,,,,,,,,,
39241,,,,,,,,,,,116.332352,127.205643,,,,,0.017539,0.007884,-0.007423,,,,,,,,,
39243,,,,,,,,,,,,,,,,,,,,0.367808,0.938902,2.796762,,,,,,
39247,,,,,,,,,,,,,112.245461,123.543884,0.511883,0.555271,,,,,,,0.072102,0.408517,0.961604,-15.750000,12.110000,114.800003
39253,,,,,,,,,,,,,,,,,,,,0.351197,0.945369,2.816398,,,,,,
39256,,,,,,,,,,,,,,,,,,,,,,,0.072102,0.408517,0.961604,16.520000,3.570000,117.250000
39257,,,,,,,,,,,,,112.726471,124.002304,0.509227,0.552740,,,,,,,,,,,,
39266,,,,,,,,,,,,,,,,,,,,,,,0.101931,0.355386,1.024068,-26.670000,-1.750000,126.419998
39263,,,,,,,,,,,,,,,,,,,,0.334156,0.951874,2.838859,,,,,,
39267,,,,,,,,,,,,,114.107346,125.245628,0.501604,0.545876,,,,,,,,,,,,
39277,,,,,,,,,,,,,114.863411,125.851181,0.497430,0.542533,,,,,,,,,,,,
39270,,,,,,,,,,,,,,,,,,,,0.316322,0.957953,2.858382,,,,,,
39282,,,,,,,,,,,,,,,,,,,,,,,0.101931,0.355386,1.024068,45.360001,16.450001,121.029999
39280,,,,,,,,,,,,,,,,,,,,0.298566,0.964143,2.880746,,,,,,
39287,,,,,,,,,,,,,115.627472,126.547409,0.493212,0.538690,,,,,,,,,,,,
39288,,,,,,,,,,,,,,,,,,,,,,,0.136335,0.381555,1.075003,-23.170000,-19.040001,114.239998
39289,,,,0.279214,0.960229,2.858617,1.785044,1.785044,,,,,,,,,,,,,,,,,,,,
39292,,,,,,,,,,,120.229561,131.129837,,,,,0.017372,0.008534,-0.020610,,,,,,,,,
39291,,,,,,,,,,,,,,,,,,,,0.281041,0.969452,2.897479,,,,,,
39297,,,,,,,,,,,,,116.519104,127.904869,0.529709,0.572418,,,,,,,,,,,,
39299,,,,,,,,,,,,,,,,,,,,,,,0.136335,0.381555,1.075003,-35.419998,-10.430000,106.260002
39301,,,,,,,,,,,,,,,,,,,,0.262422,0.974448,2.917005,,,,,,
39306,,,,,,,,,,,,,,,,,,,,,,,0.076128,0.314638,0.865285,17.010000,8.190000,116.970001
39307,,,,,,,,,,,,,117.882828,128.565231,0.520889,0.568147,,,,,,,,,,,,
39318,,,,,,,,,,,,,119.058624,129.537201,0.513285,0.561862,,,,,,,,,,,,
39311,,,,,,,,,,,,,,,,,,,,0.244098,0.979403,2.936465,,,,,,
39322,,,,,,,,,,,,,,,,,,,,,,,0.076128,0.314638,0.865285,-10.290000,41.720001,114.099998
39321,,,,,,,,,,,,,,,,,,,,0.225291,0.984041,2.958711,,,,,,
39327,,,,,,,,,,,,,119.727623,130.220154,0.508959,0.557445,,,,,,,0.096624,0.345809,0.971242,-3.080000,25.270000,115.080002
39331,,,,,,,,,,,,,,,,,,,,0.206294,0.988403,2.975357,,,,,,
39336,,,,,,,,,,,,,,,,,,,,,,,0.096624,0.345809,0.971242,26.740000,-1.260000,114.169998
39337,,,,,,,,,,,,,120.475136,131.097763,0.504125,0.551769,,,,,,,,,,,,
39339,,,,0.188302,0.982111,2.952160,1.842929,1.842929,,,,,,,,,,,,,,,,,,,,
39341,,,,,,,,,,,123.389694,134.688416,,,,,0.016495,0.008874,-0.022423,0.187298,0.992172,2.997568,,,,,,
39347,,,,,,,,,,,,,121.225502,131.818192,0.533061,0.585172,,,,,,,,,,,,
39348,,,,,,,,,,,,,,,,,,,,,,,0.134139,0.492514,1.174677,-30.170000,-20.370001,111.089996
39352,,,,,,,,,,,,,,,,,,,,0.168050,0.995385,3.011427,,,,,,
39357,,,,,,,,,,,,,121.957306,132.445633,0.528308,0.581097,,,,,,,0.134139,0.492514,1.174677,11.900000,-10.570000,108.080002
39362,,,,,,,,,,,,,,,,,,,,0.148956,0.998678,3.036435,,,,,,
39366,,,,,,,,,,,,,,,,,,,,,,,0.084363,0.334097,0.926712,-8.820000,-6.650000,119.349998
39367,,,,,,,,,,,,,123.250183,133.794678,0.519911,0.572335,,,,,,,,,,,,
39377,,,,,,,,,,,,,123.672424,134.121124,0.517169,0.570214,,,,,,,,,,,,
39372,,,,,,,,,,,,,,,,,,,,0.129104,1.001349,3.053010,,,,,,
39381,,,,,,,,,,,,,,,,,,,,,,,0.084363,0.334097,0.926712,28.139999,17.990000,110.389999
39382,,,,,,,,,,,,,,,,,,,,0.109811,1.003850,3.072398,,,,,,
39387,,,,,,,,,,,,,124.862946,135.296982,0.509436,0.562577,,,,,,,0.103639,0.354532,1.024861,32.130001,12.950000,111.860001
39389,,,,0.093049,0.995662,3.048409,1.898352,1.898352,,,,,,,,,,,,,,,,,,,,
39391,,,,,,,,,,,126.572334,138.084885,,,,,0.015822,0.008912,-0.025248,,,,,,,,,
39392,,,,,,,,,,,,,,,,,,,,0.089939,1.005911,3.091787,,,,,,
39397,,,,,,,,,,,,,125.189590,136.269348,0.540212,0.591085,,,,,,,,,,,,
39398,,,,,,,,,,,,,,,,,,,,,,,0.103639,0.354532,0.922686,-4.340000,-15.960000,111.300003
39402,,,,,,,,,,,,,,,,,,,,0.069496,1.007491,3.108388,,,,,,
39406,,,,,,,,,,,,,,,,,,,,,,,0.081740,0.373442,0.922686,-1.680000,9.870000,123.339996
39407,,,,,,,,,,,,,126.229828,136.652100,0.534329,0.588920,,,,,,,,,,,,
39413,,,,,,,,,,,,,,,,,,,,0.049612,1.008871,3.130530,,,,,,
39416,,,,,,,,,,,,,,,,,,,,,,,0.081740,0.373442,0.922686,-0.560000,0.210000,119.559998
39417,,,,,,,,,,,,,126.561371,137.530853,0.532454,0.583950,,,,,,,,,,,,
39423,,,,,,,,,,,,,,,,,,,,0.028449,1.009718,-3.133320,,,,,,
39426,,,,,,,,,,,,,,,,,,,,,,,0.067405,0.445910,1.103612,6.720000,2.170000,125.160004
39427,,,,,,,,,,,,,127.231148,138.644287,0.528666,0.577652,,,,,,,,,,,,
39437,,,,,,,,,,,,,127.797791,139.528549,0.525461,0.572651,,,,,,,,,,,,
39433,,,,,,,,,,,,,,,,,,,,0.008471,1.010452,-3.108365,,,,,,
39440,,,,-0.005638,0.999984,-3.135955,1.951165,1.951165,,,,,,,,,,,,,,,,,,,,
39442,,,,,,,,,,,128.931473,140.825943,,,,,0.014112,0.009526,-0.028408,,,,,,,,,
39443,,,,,,,,,,,,,,,,,,,,-0.012126,1.010459,-3.089003,,,,,,
39446,,,,,,,,,,,,,,,,,,,,,,,0.067405,0.445910,1.169797,13.440000,-4.060000,129.080002
39447,,,,,,,,,,,,,129.041306,140.043777,0.541685,0.596832,,,,,,,,,,,,
39452,,,,,,,,,,,,,,,,,,,,,,,0.096868,0.473848,1.169797,-33.320000,11.690000,126.419998
39451,,,,,,,,,,,,,,,,,,,,-0.031853,1.010048,-3.066766,,,,,,
39457,,,,,,,,,,,,,129.483322,141.491867,0.539150,0.588526,,,,,,,,,,,,
39458,,,,,,,,,,,,,,,,,,,,,,,0.035563,0.199592,0.644465,14.560000,-6.160000,121.099998
39461,,,,,,,,,,,,,,,,,,,,-0.053123,1.009702,-3.047448,,,,,,
39466,,,,,,,,,,,,,,,,,,,,,,,0.035563,0.199592,0.644465,-11.480000,48.439999,123.550003
39467,,,,,,,,,,,,,130.304031,142.050842,0.534442,0.585320,,,,,,,,,,,,
39477,,,,,,,,,,,,,130.406036,142.366623,0.533857,0.583508,,,,,,,,,,,,
39471,,,,,,,,,,,,,,,,,,,,-0.075177,1.008341,-3.025355,,,,,,
39482,,,,,,,,,,,,,,,,,,,,,,,0.139385,0.505934,1.134966,42.139999,7.910000,127.190002
39481,,,,,,,,,,,,,,,,,,,,-0.095836,1.007129,-3.000337,,,,,,
39487,,,,,,,,,,,,,130.625168,143.011185,0.532600,0.579811,,,,,,,,,,,,
39488,,,,,,,,,,,,,,,,,,,,,,,0.139385,0.505934,1.134966,-41.090000,4.060000,119.629997
39489,,,,-0.106688,0.994293,-3.034702,2.001226,2.001226,,,,,,,,,,,,,,,,,,,,
39492,,,,,,,,,,,131.014572,143.270859,,,,,0.012251,0.010670,-0.034410,,,,,,,,,
39491,,,,,,,,,,,,,,,,,,,,-0.116901,1.004823,-2.983748,,,,,,
39497,,,,,,,,,,,,,131.934219,144.007782,0.545743,0.598355,,,,,,,,,,,,
39499,,,,,,,,,,,,,,,,,,,,,,,-0.002196,0.507520,1.033828,-28.139999,-32.549999,120.610001
39502,,,,,,,,,,,,,,,,,,,,-0.137564,1.002273,-2.958703,,,,,,
39506,,,,,,,,,,,,,,,,,,,,,,,-0.002196,0.507520,1.033828,56.139999,-42.139999,120.330002
39507,,,,,,,,,,,,,132.465469,145.374939,0.542661,0.590425,,,,,,,,,,,,
39512,,,,,,,,,,,,,,,,,,,,-0.158260,1.000057,-2.936419,,,,,,
39516,,,,,,,,,,,,,,,,,,,,,,,0.033062,0.338855,0.800137,-4.620000,23.450001,151.970001
39517,,,,,,,,,,,,,133.427109,145.387665,0.537083,0.590351,,,,,,,,,,,,
39522,,,,,,,,,,,,,,,,,,,,-0.178260,0.996578,-2.911325,,,,,,
39526,,,,,,,,,,,,,,,,,,,,,,,0.033062,0.338855,0.800137,12.740000,28.420000,134.750000
39527,,,,,,,,,,,,,133.536774,146.327454,0.536447,0.584900,,,,,,,,,,,,
39539,,,,-0.208879,0.977942,-2.931164,2.048404,2.048404,,,,,,,,,,,,,,,,,,,,
39541,,,,,,,,,,,144.810715,157.550171,,,,,,,,,,,,,,,,
39542,,,,,,,,,,,,,,,,,0.031954,0.010488,-0.023917,,,,,,,,,
39543,,,,,,,,,,,,,133.517059,146.326797,0.665404,0.718639,,,,-0.221660,0.988868,-2.866780,,,,,,
39533,,,,,,,,,,,,,,,,,,,,-0.200352,0.992924,-2.891945,,,,,,
39546,,,,,,,,,,,,,,,,,,,,,,,0.083875,0.388875,1.068293,-6.090000,-15.400000,134.750000
39551,,,,,,,,,,,,,,,,,,,,,,,-0.013298,0.560285,1.138077,2.730000,-31.920000,142.589996
39553,,,,,,,,,,,,,,,,,,,,-0.242767,0.984215,-2.847239,,,,,,
39557,,,,,,,,,,,,,135.132050,147.481934,0.657353,0.712880,,,,,,,,,,,,
39558,,,,,,,,,,,,,,,,,,,,,,,-0.013298,0.560285,1.138077,-14.700000,-41.020000,132.720001
39560,,,,,,,,,,,,,,,,,,,,-0.262821,0.979262,-2.824835,,,,,,
39566,,,,,,,,,,,,,,,,,,,,,,,-0.013298,0.560285,1.138077,-47.529999,-88.129997,147.630005
39567,,,,,,,,,,,,,137.254425,150.384491,0.646774,0.698412,,,,,,,,,,,,
39576,,,,,,,,,,,,,,,,,,,,,,,0.194529,0.382775,1.071099,66.150002,-31.920000,129.009995
39573,,,,,,,,,,,,,,,,,,,,-0.283082,0.973978,-2.796652,,,,,,
39577,,,,,,,,,,,,,139.570999,152.260803,0.635226,0.689058,,,,,,,,,,,,
39580,,,,,,,,,,,,,,,,,,,,-0.303978,0.968358,-2.771389,,,,,,
39586,,,,,,,,,,,,,,,,,,,,,,,0.194529,0.382775,1.071099,-9.520000,15.120000,156.380005
39587,,,,,,,,,,,,,143.344650,155.124390,0.616415,0.674784,,,,,,,,,,,,
39589,,,,-0.310859,0.950456,-2.825496,2.092578,2.092578,,,,,,,,,,,,,,,,,,,,
39591,,,,,,,,,,,136.636490,150.314255,,,,,0.012964,0.013714,-0.047452,,,,,,,,,
39590,,,,,,,,,,,,,,,,,,,,-0.326001,0.961946,-2.748861,,,,,,
39599,,,,,,,,,,,,,144.942673,155.772354,0.510761,0.590225,,,,,,,,,,,,
39603,,,,,,,,,,,,,,,,,,,,,,,0.066490,0.131577,0.533384,-14.980000,-11.760000,172.410004
39601,,,,,,,,,,,,,,,,,,,,-0.346716,0.955988,-2.723422,,,,,,
39607,,,,,,,,,,,,,144.710129,156.580444,0.512552,0.584002,,,,,,,,,,,,
39609,,,,,,,,,,,,,,,,,,,,,,,0.270596,0.635925,1.477115,-2.170000,22.260000,164.990005
39611,,,,,,,,,,,,,,,,,,,,-0.368424,0.948686,-2.695105,,,,,,
39616,,,,,,,,,,,,,,,,,,,,,,,0.270596,0.635925,1.477115,2.940000,-3.920000,136.919998
39617,,,,,,,,,,,,,144.271942,156.403702,0.515927,0.585363,,,,,,,,,,,,
39621,,,,,,,,,,,,,,,,,,,,-0.388964,0.941328,-2.675199,,,,,,
39626,,,,,,,,,,,,,,,,,,,,,,,0.270596,0.635925,1.477115,-6.860000,-28.770000,147.490005
39627,,,,,,,,,,,,,143.901474,156.360245,0.518779,0.585698,,,,,,,,,,,,
39631,,,,,,,,,,,,,,,,,,,,-0.410150,0.933359,-2.646652,,,,,,
39636,,,,,,,,,,,,,,,,,,,,,,,0.031354,0.292861,0.645990,12.670000,69.580002,155.190002
39637,,,,,,,,,,,,,143.517151,156.189072,0.521739,0.587016,,,,,,,,,,,,
39639,,,,-0.411171,0.911558,-2.717855,2.133634,2.133634,,,,,,,,,,,,,,,,,,,,
39641,,,,,,,,,,,138.087082,151.568176,,,,,0.010786,0.017750,-0.069455,-0.431643,0.924809,-2.620983,,,,,,
39647,,,,,,,,,,,,,142.639893,156.037628,0.556226,0.613381,,,,,,,,,,,,
39648,,,,,,,,,,,,,,,,,,,,,,,-0.004270,0.664473,1.226527,-26.740000,38.779999,179.899994
39658,,,,,,,,,,,,,142.267654,156.012787,0.558237,0.613515,,,,,,,,,,,,
39651,,,,,,,,,,,,,,,,,,,,-0.452343,0.915638,-2.592307,,,,,,
39662,,,,,,,,,,,,,,,,,,,,,,,-0.004270,0.664473,1.226527,27.090000,16.030001,162.820007
39661,,,,,,,,,,,,,,,,,,,,-0.472813,0.906342,-2.563495,,,,,,
39667,,,,,,,,,,,,,142.506271,156.536530,0.556948,0.610685,,,,,,,,,,,,
39668,,,,,,,,,,,,,,,,,,,,,,,-0.000793,0.426146,0.818315,12.530000,-7.000000,164.990005
39671,,,,,,,,,,,,,,,,,,,,-0.492514,0.896973,-2.537434,,,,,,
39676,,,,,,,,,,,,,,,,,,,,,,,-0.000793,0.426146,0.818315,-58.660000,-16.309999,161.979996
39677,,,,,,,,,,,,,142.964661,156.416855,0.554471,0.611332,,,,,,,,,,,,
39681,,,,,,,,,,,,,,,,,,,,-0.512174,0.886800,-2.505450,,,,,,
39686,,,,,,,,,,,,,,,,,,,,,,,0.020984,0.591273,1.145092,-18.620001,1.750000,172.619995
39687,,,,,,,,,,,,,142.746964,156.256516,0.555647,0.612198,,,,,,,,,,,,
39689,,,,-0.508282,0.861191,-2.608404,2.171469,2.171469,,,,,,,,,,,,,,,,,,,,
39692,,,,,,,,,,,140.532028,154.359894,,,,,0.011628,0.021729,-0.100551,-0.532528,0.875509,-2.479218,,,,,,
39699,,,,,,,,,,,,,143.083786,156.748367,0.578640,0.637601,,,,,,,,,,,,
39704,,,,,,,,,,,,,,,,,,,,,,,0.020984,0.591273,0.868335,77.209999,-9.590000,170.869995
39702,,,,,,,,,,,,,,,,,,,,-0.551804,0.864552,-2.446927,,,,,,
39707,,,,,,,,,,,,,143.525085,157.063736,0.576483,0.636060,,,,,,,,,,,,
39709,,,,,,,,,,,,,,,,,,,,,,,0.056120,0.440298,0.868335,39.759998,22.680000,174.229996
39712,,,,,,,,,,,,,,,,,,,,-0.570823,0.853659,-2.417380,,,,,,
39716,,,,,,,,,,,,,,,,,,,,,,,0.056120,0.440298,0.868335,-29.049999,-6.230000,176.190002
39717,,,,,,,,,,,,,143.896530,157.491241,0.574668,0.633971,,,,,,,,,,,,
39722,,,,,,,,,,,,,,,,,,,,-0.589358,0.841359,-2.387714,,,,,,
39726,,,,,,,,,,,,,,,,,,,,,,,0.056059,0.636169,1.094218,-55.299999,-54.880001,174.020004
39727,,,,,,,,,,,,,143.649109,157.840698,0.575877,0.632263,,,,,,,,,,,,
39732,,,,,,,,,,,,,,,,,,,,-0.607751,0.829112,-2.357812,,,,,,
39736,,,,,,,,,,,,,,,,,,,,,,,0.056059,0.636169,1.094218,-22.680000,-35.419998,176.960007
39737,,,,,,,,,,,,,144.461014,158.596680,0.571910,0.628569,,,,,,,,,,,,
39739,,,,-0.600623,0.799532,-2.497313,2.205987,2.205987,,,,,,,,,,,,,,,,,,,,
39741,,,,,,,,,,,144.246536,157.844330,,,,,0.015060,0.024463,-0.138493,,,,,,,,,
39742,,,,,,,,,,,,,,,,,,,,-0.625822,0.816145,-2.324737,,,,,,
39747,,,,,,,,,,,,,144.639648,158.732452,0.605275,0.660634,,,,,,,,,,,,
39748,,,,,,,,,,,,,,,,,,,,,,,0.065453,0.608109,1.160708,11.550000,-14.770000,173.880005
39752,,,,,,,,,,,,,,,,,,,,-0.643942,0.802409,-2.294438,,,,,,
39758,,,,,,,,,,,,,145.470657,159.230011,0.602192,0.658788,,,,,,,,,,,,
39763,,,,,,,,,,,,,,,,,,,,,,,0.065453,0.608109,1.160708,-15.960000,-16.730000,183.820007
39762,,,,,,,,,,,,,,,,,,,,-0.661249,0.788682,-2.264010,,,,,,
39767,,,,,,,,,,,,,146.189407,159.695465,0.599526,0.657061,,,,,,,,,,,,
39768,,,,,,,,,,,,,,,,,,,,,,,0.068076,0.410469,0.773053,-11.410000,-3.780000,179.339996
39772,,,,,,,,,,,,,,,,,,,,-0.679040,0.774208,-2.230253,,,,,,
39776,,,,,,,,,,,,,,,,,,,,,,,0.068076,0.410469,0.773053,-4.620000,10.080000,190.960007
39777,,,,,,,,,,,,,147.142273,160.152084,0.595990,0.655367,,,,,,,,,,,,
39782,,,,,,,,,,,,,,,,,,,,-0.696443,0.759176,-2.196280,,,,,,
39786,,,,,,,,,,,,,,,,,,,,,,,0.098698,0.481595,0.991006,0.700000,22.330000,190.889999
39787,,,,,,,,,,,,,147.376419,160.515518,0.595122,0.654019,,,,,,,,,,,,
39789,,,,-0.686628,0.727009,-2.384752,2.237101,2.237101,,,,,,,,,,,,,,,,,,,,
39791,,,,,,,,,,,146.594879,162.568695,,,,,,,,,,,,,,,,
39792,,,,,,,,,,,,,,,,,0.019356,0.025341,-0.181934,-0.713360,0.744216,-2.165021,,,,,,
39797,,,,,,,,,,,,,147.685471,160.393005,0.611018,0.694959,,,,,,,,,,,,
39798,,,,,,,,,,,,,,,,,,,,,,,0.098698,0.481595,0.991006,23.730000,21.490000,195.229996
39802,,,,,,,,,,,,,,,,,,,,-0.729911,0.728173,-2.133582,,,,,,
39806,,,,,,,,,,,,,,,,,,,,,,,0.128100,0.631106,1.120326,-34.860001,10.500000,191.029999
39807,,,,,,,,,,,,,148.420532,161.308838,0.607248,0.690262,,,,,,,,,,,,
39817,,,,,,,,,,,,,149.365875,162.386520,0.602400,0.684735,,,,,,,,,,,,
39812,,,,,,,,,,,,,,,,,,,,-0.745769,0.712356,-2.101846,,,,,,
39822,,,,,,,,,,,,,,,,,,,,-0.760807,0.696877,-2.066565,0.128100,0.631106,0.942938,-51.869999,3.570000,195.860001
39827,,,,,,,,,,,,,150.045731,163.216690,0.598913,0.680477,,,,,,,,,,,,
39828,,,,,,,,,,,,,,,,,,,,,,,0.096929,0.489281,0.942938,14.070000,-4.480000,191.169998
39832,,,,,,,,,,,,,,,,,,,,-0.776372,0.679988,-2.034205,,,,,,
39837,,,,,,,,,,,,,150.758224,163.438736,0.595259,0.679339,,,,,,,0.096929,0.489281,0.942938,43.680000,-13.370000,200.690002
39839,,,,-0.764777,0.644296,-2.270898,2.264737,2.264737,,,,,,,,,,,,,,,,,,,,
39841,,,,,,,,,,,150.406891,166.204620,,,,,,,,,,,,,,,,
39842,,,,,,,,,,,,,,,,,0.025229,0.024387,-0.232452,-0.791509,0.662448,-2.001497,,,,,,
39847,,,,,,,,,,,,,151.152863,164.083176,0.629985,0.706661,,,,,,,,,,,,
39848,,,,,,,,,,,,,,,,,,,,,,,0.144021,0.530639,1.023519,-58.939999,-32.340000,217.699997
39857,,,,,,,,,,,,,152.007965,164.914307,0.626935,0.703696,,,,,,,,,,,,
39853,,,,,,,,,,,,,,,,,,,,-0.805489,0.645436,-1.961744,,,,,,
39862,,,,,,,,,,,,,,,,,,,,,,,0.144021,0.530639,0.954345,10.500000,-0.210000,217.350006
39863,,,,,,,,,,,,,,,,,,,,-0.819719,0.627386,-1.928309,,,,,,
39867,,,,,,,,,,,,,152.450027,165.704605,0.625358,0.700878,,,,,,,,,,,,
39868,,,,,,,,,,,,,,,,,,,,,,,0.088206,0.488305,0.954345,-3.290000,4.200000,219.029999
39870,,,,,,,,,,,,,,,,,,,,-0.833816,0.608809,-1.887595,,,,,,
39876,,,,,,,,,,,,,,,,,,,,,,,0.088206,0.645746,1.173152,27.790001,-3.150000,217.000000
39877,,,,,,,,,,,,,153.055939,165.860641,0.623197,0.700321,,,,,,,,,,,,
39880,,,,,,,,,,,,,,,,,,,,-0.846809,0.590580,-1.849714,,,,,,
39886,,,,,,,,,,,,,,,,,,,,,,,0.184342,0.645746,1.173152,-35.560001,-56.139999,242.970001
39887,,,,,,,,,,,,,153.450974,166.417709,0.621788,0.698334,,,,,,,,,,,,
39889,,,,-0.833638,0.552311,-2.155930,2.288825,2.288825,,,,,,,,,,,,,,,,,,,,
39892,,,,,,,,,,,153.063065,168.997375,,,,,0.031434,0.021159,-0.297373,,,,,,,,,
39891,,,,,,,,,,,,,,,,,,,,-0.859131,0.571945,-1.811330,,,,,,
39897,,,,,,,,,,,,,154.732773,167.278259,0.636832,0.718034,,,,,,,,,,,,
39898,,,,,,,,,,,,,,,,,,,,,,,0.106323,0.522099,0.918172,25.340000,5.040000,230.229996
39901,,,,,,,,,,,,,,,,,,,,-0.871499,0.553000,-1.768767,,,,,,
39906,,,,,,,,,,,,,,,,,,,,,,,0.106323,0.522099,0.918172,28.000000,-5.040000,237.509995
39907,,,,,,,,,,,,,155.687286,167.905777,0.632838,0.715409,,,,,,,,,,,,
39912,,,,,,,,,,,,,,,,,,,,-0.883646,0.532873,-1.725429,,,,,,
39918,,,,,,,,,,,,,155.961090,168.162186,0.631692,0.714336,,,,,,,,,,,,
39921,,,,,,,,,,,,,,,,,,,,,,,0.163846,0.576450,1.067561,-29.540001,-23.170000,254.940002
39922,,,,,,,,,,,,,,,,,,,,-0.894667,0.513197,-1.681304,,,,,,
39927,,,,,,,,,,,,,156.202026,169.372253,0.630684,0.709273,,,,,,,0.163846,0.576450,1.067561,-61.250000,2.450000,267.470001
39932,,,,,,,,,,,,,,,,,,,,-0.904806,0.493667,-1.632249,,,,,,
39936,,,,,,,,,,,,,,,,,,,,,,,0.133895,0.490989,0.897554,-24.639999,-0.420000,243.669998
39937,,,,,,,,,,,,,156.655380,170.139389,0.628787,0.706063,,,,,,,,,,,,
39939,,,,-0.891916,0.452202,-2.040028,2.309306,2.309306,,,,,,,,,,,,,,,,,,,,
39941,,,,,,,,,,,153.605011,168.971832,,,,,0.038210,0.012999,-0.398103,,,,,,,,,
39942,,,,,,,,,,,,,,,,,,,,-0.915233,0.473767,-1.589970,,,,,,
39947,,,,,,,,,,,,,157.552658,171.088974,0.636631,0.705657,,,,,,,,,,,,
39948,,,,,,,,,,,,,,,,,,,,,,,0.133895,0.490989,0.897554,-4.270000,-1.190000,259.980011
39952,,,,,,,,,,,,,,,,,,,,-0.924917,0.452711,-1.551321,,,,,,
39956,,,,,,,,,,,,,,,,,,,,,,,0.128466,0.445056,0.969046,31.360001,46.619999,259.489990
39957,,,,,,,,,,,,,157.392807,170.941223,0.637014,0.706011,,,,,,,,,,,,
39962,,,,,,,,,,,,,,,,,,,,-0.934450,0.431728,-1.505323,,,,,,
39966,,,,,,,,,,,,,,,,,,,,,,,0.128466,0.445056,0.969046,-8.260000,-43.540001,276.779999
39967,,,,,,,,,,,,,157.514160,171.143478,0.636723,0.705526,,,,,,,,,,,,
39978,,,,,,,,,,,,,157.651520,170.596817,0.636394,0.706837,,,,,,,,,,,,
39973,,,,,,,,,,,,,,,,,,,,-0.943361,0.411006,-1.456578,,,,,,
39982,,,,,,,,,,,,,,,,,,,,,,,0.176595,0.652639,1.046821,-39.759998,-7.210000,307.649994
39983,,,,,,,,,,,,,,,,,,,,-0.951318,0.390442,-1.401631,,,,,,
39987,,,,,,,,,,,,,157.461960,170.215179,0.636848,0.707752,,,,,,,,,,,,
39988,,,,,,,,,,,,,,,,,,,,,,,0.176595,0.652639,1.046821,-75.110001,-10.220000,319.829987
39989,,,,-0.938484,0.345322,-1.923378,2.326132,2.326132,,,,,,,,,,,,,,,,,,,,
39992,,,,,,,,,,,151.022644,165.490158,,,,,0.043692,0.001990,-0.510305,,,,,,,,,
39993,,,,,,,,,,,,,,,,,,,,-0.958472,0.370120,-1.347968,,,,,,
39997,,,,,,,,,,,,,157.125961,170.594009,0.624831,0.687388,,,,,,,,,,,,
39999,,,,,,,,,,,,,,,,,,,,,,,0.215879,0.727669,1.218536,32.480000,-56.279999,295.609985
40003,,,,,,,,,,,,,,,,,,,,-0.965407,0.348782,-1.299099,,,,,,
40006,,,,,,,,,,,,,,,,,,,,,,,0.215879,0.727669,1.218536,13.720000,-7.210000,302.820007
40007,,,,,,,,,,,,,158.594528,171.026077,0.622327,0.686652,,,,,,,,,,,,
40010,,,,,,,,,,,,,,,,,,,,-0.971769,0.327100,-1.243975,,,,,,
40018,,,,,,,,,,,,,159.734238,171.602692,0.620384,0.685669,,,,,,,,,,,,
40022,,,,,,,,,,,,,,,,,,,,,,,0.059475,0.307257,0.637328,-22.190001,4.550000,341.739990
40020,,,,,,,,,,,,,,,,,,,,-0.977386,0.305607,-1.189807,,,,,,
40027,,,,,,,,,,,,,158.433167,170.422012,0.622602,0.687681,,,,,,,,,,,,
40028,,,,,,,,,,,,,,,,,,,,,,,0.059475,0.307257,0.637328,21.350000,36.259998,332.149994
40030,,,,,,,,,,,,,,,,,,,,-0.982788,0.284050,-1.133538,,,,,,
40036,,,,,,,,,,,,,,,,,,,,,,,0.266204,0.649589,1.091168,33.389999,-41.509998,352.380005
40037,,,,,,,,,,,,,157.729492,168.359650,0.623802,0.691197,,,,,,,,,,,,
40039,,,,-0.972429,0.233201,-1.806165,2.339260,2.339260,,,,,,,,,,,,,,,,,,,,
40042,,,,,,,,,,,142.838882,155.803482,,,,,0.047614,-0.015533,-0.656224,,,,,,,,,
40041,,,,,,,,,,,,,,,,,,,,-0.987330,0.263203,-1.075031,,,,,,
40047,,,,,,,,,,,,,157.523178,168.121368,0.585235,0.642278,,,,,,,,,,,,
40048,,,,,,,,,,,,,,,,,,,,,,,0.266204,0.592676,0.923113,-44.730000,-31.010000,360.989990
40051,,,,,,,,,,,,,,,,,,,,-0.991387,0.242622,-1.011225,,,,,,
40057,,,,,,,,,,,,,157.351929,167.852997,0.585417,0.642562,,,,,,,0.157441,0.592676,0.923113,14.700000,4.060000,342.790009
40061,,,,,,,,,,,,,,,,,,,,-0.994690,0.220785,-0.951576,,,,,,
40066,,,,,,,,,,,,,,,,,,,,,,,0.157441,0.592676,0.923113,-33.950001,6.860000,354.410004
40067,,,,,,,,,,,,,156.427429,166.407379,0.586398,0.644096,,,,,,,,,,,,
40078,,,,,,,,,,,,,154.590317,163.986237,0.588346,0.646664,,,,,,,,,,,,
40071,,,,,,,,,,,,,,,,,,,,-0.997320,0.199655,-0.895901,,,,,,
40082,,,,,,,,,,,,,,,,,,,,,,,0.171471,0.472750,0.970937,-25.059999,-16.940001,374.429993
40081,,,,,,,,,,,,,,,,,,,,-0.999688,0.178984,-0.831947,,,,,,
40087,,,,,,,,,,,,,153.698029,162.815323,0.589293,0.647906,,,,,,,,,,,,
40088,,,,,,,,,,,,,,,,,,,,,,,0.219539,0.608536,1.010343,-35.070000,-12.530000,382.339996
40089,,,,-0.993072,0.117506,-1.688575,2.348661,2.348661,,,,,,,,,,,,,,,,,,,,
40092,,,,,,,,,,,125.529167,136.408005,,,,,0.046682,-0.040051,-0.833927,,,,,,,,,
40091,,,,,,,,,,,,,,,,,,,,-1.001484,0.158448,-0.765875,,,,,,
40097,,,,,,,,,,,,,152.956665,161.177612,0.502567,0.550791,,,,,,,,,,,,
40099,,,,,,,,,,,,,,,,,,,,,,,0.219539,0.608536,1.010343,-55.860001,34.160000,391.440002
40101,,,,,,,,,,,,,,,,,,,,-1.002610,0.137903,-0.694676,,,,,,
40107,,,,,,,,,,,,,150.803665,158.773438,0.504564,0.553021,,,,,,,0.190015,0.570411,1.036146,-72.309998,15.260000,406.000000
40111,,,,,,,,,,,,,,,,,,,,-1.002692,0.117170,-0.630293,,,,,,
40116,,,,,,,,,,,,,,,,,,,,,,,0.190015,0.570411,1.036146,18.549999,-6.580000,388.920013
40117,,,,,,,,,,,,,147.554138,155.408127,0.507577,0.556142,,,,,,,,,,,,
40121,,,,,,,,,,,,,,,,,,,,-1.003146,0.097321,-0.557996,,,,,,
40126,,,,,,,,,,,,,,,,,,,,,,,0.272060,0.617747,1.060790,-25.760000,-41.509998,414.470001
40127,,,,,,,,,,,,,144.971680,152.127899,0.509973,0.559184,,,,,,,,,,,,
40137,,,,,,,,,,,,,142.072998,149.124695,0.512661,0.561969,,,,,,,,,,,,
40140,,,,-1.000000,0.000000,-1.570796,2.354310,2.354310,,,,,,,,,,,,,,,,,,,,
40142,,,,,,,,,,,110.929451,117.793594,,,,,0.050639,-0.083958,-0.992124,-1.001467,0.058761,-0.421049,,,,,,
40131,,,,,,,,,,,,,,,,,,,,-1.002552,0.077851,-0.486292,,,,,,
40147,,,,,,,,,,,,,139.789719,146.285492,0.466594,0.495467,,,,,,,0.272060,0.617747,1.060790,-2.870000,12.320000,437.850006
40152,,,,,,,,,,,,,,,,,,,,-0.999782,0.039631,-0.347677,0.186965,0.483852,0.915671,-21.070000,-13.510000,434.630005
40157,,,,,,,,,,,,,135.975082,142.587875,0.466594,0.495467,,,,,,,,,,,,
40158,,,,,,,,,,,,,,,,,,,,,,,0.186965,0.483852,0.915671,25.270000,3.290000,432.739990
40162,,,,,,,,,,,,,,,,,,,,-0.998067,0.020559,-0.272107,,,,,,
40166,,,,,,,,,,,,,,,,,,,,,,,0.304146,0.609756,1.166686,20.510000,-11.410000,433.369995
40167,,,,,,,,,,,,,133.005707,138.569717,0.466594,0.495467,,,,,,,,,,,,
40172,,,,,,,,,,,,,,,,,,,,-0.995393,0.002360,-0.199645,,,,,,
40176,,,,,,,,,,,,,,,,,,,,,,,0.304146,0.609756,1.166686,-29.889999,-32.270000,444.429993
40177,,,,,,,,,,,,,130.086288,134.767853,0.466594,0.495467,,,,,,,,,,,,
40182,,,,,,,,,,,,,,,,,,,,-0.992644,-0.015118,-0.121838,,,,,,
40186,,,,,,,,,,,,,,,,,,,,,,,0.179706,0.421632,0.748226,1.750000,10.010000,430.500000
40187,,,,,,,,,,,,,126.992210,131.479324,0.466594,0.495467,,,,,,,,,,,,
40189,,,,-0.993072,-0.117506,-1.453018,2.356194,2.356194,,,,,,,,,,,,,,,,,,,,
40191,,,,,,,,,,,46.040314,50.659172,,,,,,,,,,,,,,,,
40192,,,,,,,,,,,,,,,,,0.010735,-0.107789,-1.294689,-0.989457,-0.032672,-0.044289,,,,,,
40197,,,,,,,,,,,,,124.064384,126.827301,0.193656,0.213084,,,,,,,,,,,,
40203,,,,,,,,,,,,,,,,,,,,,,,0.179706,0.659471,1.176690,-61.250000,-15.260000,472.709991
40202,,,,,,,,,,,,,,,,,,,,-0.985746,-0.049207,0.033214,,,,,,
40207,,,,,,,,,,,,,119.872963,122.197678,0.193656,0.213084,,,,,,,,,,,,
40209,,,,,,,,,,,,,,,,,,,,,,,0.312564,0.659471,1.176690,-33.810001,-7.000000,471.239990
40213,,,,,,,,,,,,,,,,,,,,-0.982159,-0.065107,0.113676,,,,,,
40216,,,,,,,,,,,,,,,,,,,,,,,0.312564,0.659471,1.176690,23.660000,23.030001,452.970001
40217,,,,,,,,,,,,,112.977966,115.484749,0.193656,0.213084,,,,,,,,,,,,
40221,,,,,,,,,,,,,,,,,,,,-0.977737,-0.081239,0.194085,,,,,,
40226,,,,,,,,,,,,,,,,,,,,,,,0.231434,0.437858,0.903898,-6.860000,4.480000,463.260010
40227,,,,,,,,,,,,,103.863014,106.522430,0.193656,0.213084,,,,,,,,,,,,
40237,,,,,,,,,,,,,95.184357,97.941597,0.193656,0.213084,,,,,,,,,,,,
40239,,,,-0.972429,-0.233201,-1.335428,2.354310,2.354310,,,,,,,,,,,,,,,,,,,,
40242,,,,,,,,,,,-3.306108,-3.758132,,,,,-0.023522,-0.155836,-1.502096,-0.969351,-0.110835,0.356174,,,,,,
40231,,,,,,,,,,,,,,,,,,,,-0.973353,-0.096183,0.272084,,,,,,
40246,,,,,,,,,,,,,,,,,,,,,,,0.231434,0.437858,0.903898,6.160000,-8.610000,455.140015
40247,,,,,,,,,,,,,86.464493,89.943771,-0.013906,-0.015808,,,,,,,,,,,,
40251,,,,,,,,,,,,,,,,,,,,,,,0.237168,0.594994,1.042734,-19.879999,15.960000,449.959991
40252,,,,,,,,,,,,,,,,,,,,-0.964745,-0.124658,0.432349,,,,,,
40256,,,,,,,,,,,,,,,,,,,,,,,0.237168,0.594994,1.042734,-25.200001,45.500000,446.529999
40257,,,,,,,,,,,,,77.049530,80.514282,-0.013906,-0.015808,,,,,,,,,,,,
40262,,,,,,,,,,,,,,,,,,,,-0.959964,-0.137505,0.509176,,,,,,
40266,,,,,,,,,,,,,,,,,,,,,,,0.200141,0.505324,0.940437,0.070000,33.599998,440.929993
40267,,,,,,,,,,,,,65.388260,69.979874,-0.013906,-0.015808,,,,,,,,,,,,
40272,,,,,,,,,,,,,,,,,,,,-0.955464,-0.150040,0.586804,,,,,,
40276,,,,,,,,,,,,,,,,,,,,,,,0.200141,0.505324,0.940437,-19.530001,2.450000,430.010010
40277,,,,,,,,,,,,,55.017673,58.881058,-0.013906,-0.015808,,,,,,,,,,,,
40282,,,,,,,,,,,,,,,,,,,,-0.951116,-0.161920,0.662410,,,,,,
40285,,,,,,,,,,,,,,,,,,,,,,,0.146766,0.715652,1.097024,-12.180000,-2.100000,409.079987
40287,,,,,,,,,,,,,46.291862,49.542515,-0.013906,-0.015808,,,,,,,,,,,,
40288,,,,-0.938484,-0.345322,-1.218214,2.348661,2.348661,,,,,,,,,,,,,,,,,,,,
40291,,,,,,,,,,,-97.069435,-101.997055,,,,,-0.098985,-0.163590,-1.839020,-0.947402,-0.173177,0.736058,,,,,,
40297,,,,,,,,,,,,,38.425056,41.160152,-0.408296,-0.429023,,,,,,,,,,,,
40301,,,,,,,,,,,,,,,,,,,,-0.943676,-0.183776,0.798734,0.146766,0.596580,1.006561,0.280000,10.290000,373.309998
40307,,,,,,,,,,,,,29.175894,31.477203,-0.408296,-0.429023,,,,,,,0.119743,0.596580,1.006561,-2.450000,13.160000,364.980011
40311,,,,,,,,,,,,,,,,,,,,-0.940306,-0.193872,0.862265,,,,,,
40316,,,,,,,,,,,,,,,,,,,,,,,0.140849,0.644526,1.024617,-4.550000,12.530000,350.350006
40317,,,,,,,,,,,,,16.917004,20.614460,-0.408296,-0.429023,,,,,,,,,,,,
40321,,,,,,,,,,,,,,,,,,,,-0.937385,-0.203335,0.923621,,,,,,
40326,,,,,,,,,,,,,,,,,,,,,,,0.140849,0.644526,1.024617,-9.730000,41.790001,305.619995
40327,,,,,,,,,,,,,4.151904,9.503402,-0.408296,-0.429023,,,,,,,,,,,,
40331,,,,,,,,,,,,,,,,,,,,-0.934797,-0.212027,0.973463,,,,,,
40336,,,,,,,,,,,,,,,,,,,,,,,-0.223565,0.689910,0.990152,-7.980000,91.559998,263.480011
40337,,,,,,,,,,,,,-8.034216,-0.786794,-0.408296,-0.429023,,,,,,,,,,,,
40339,,,,-0.891916,-0.452202,-1.101564,2.339260,2.339260,,,,,,,,,,,,,,,,,,,,
40341,,,,,,,,,,,-134.369232,-204.010880,,,,,-0.170736,-0.178596,-2.057173,,,,,,,,,
40342,,,,,,,,,,,,,,,,,,,,-0.932909,-0.220405,1.017635,,,,,,
40347,,,,,,,,,,,,,-19.253094,-10.031837,-0.565187,-0.858116,,,,,,,-0.223565,0.689910,0.990152,-26.389999,164.080002,220.080002
40357,,,,,,,,,,,,,-29.801796,-20.909512,-0.565187,-0.858116,,,,,,,,,,,,
40352,,,,,,,,,,,,,,,,,,,,-0.931378,-0.228114,1.056207,,,,,,
40361,,,,,,,,,,,,,,,,,,,,,,,-0.363316,0.617198,0.913170,-36.259998,-4.130000,184.729996
40362,,,,,,,,,,,,,,,,,,,,-0.930757,-0.235802,1.085681,,,,,,
40367,,,,,,,,,,,,,-40.994541,-36.593731,-0.565187,-0.858116,,,,,,,-0.363316,0.617198,0.913170,-1.190000,-70.629997,195.860001
40372,,,,,,,,,,,,,,,,,,,,-0.931032,-0.245150,1.121231,,,,,,
40376,,,,,,,,,,,,,,,,,,,,,,,-0.278953,0.252906,0.832711,-36.889999,-4.620000,170.520004
40377,,,,,,,,,,,,,-51.295986,-52.394058,-0.565187,-0.858116,,,,,,,,,,,,
40383,,,,,,,,,,,,,,,,,,,,-0.931880,-0.254692,1.153746,,,,,,
40386,,,,,,,,,,,,,,,,,,,,,,,-0.278953,0.252906,0.832711,-23.379999,10.150000,160.300003
40387,,,,,,,,,,,,,-59.577175,-67.067787,-0.565187,-0.858116,,,,,,,,,,,,
40389,,,,-0.833638,-0.552311,-0.985663,2.326132,2.326132,,,,,,,,,,,,,,,,,,,,
40391,,,,,,,,,,,-205.167175,-209.331879,,,,,-0.218984,-0.223927,-2.098788,,,,,,,,,
40398,,,,,,,,,,,,,-66.522873,-80.540596,-1.000000,-1.000000,,,,,,,,,,,,
40393,,,,,,,,,,,,,,,,,,,,-0.932490,-0.263480,1.173905,,,,,,
40403,,,,,,,,,,,,,,,,,,,,,,,-0.681309,0.260226,1.005463,-10.640000,13.160000,115.150002
40400,,,,,,,,,,,,,,,,,,,,-0.933979,-0.273698,1.200233,,,,,,
40407,,,,,,,,,,,,,-76.286377,-95.063835,-1.000000,-1.000000,,,,,,,,,,,,
40409,,,,,,,,,,,,,,,,,,,,,,,-0.681309,0.260226,1.005463,-29.820000,-3.430000,105.559998
40410,,,,,,,,,,,,,,,,,,,,-0.935489,-0.283667,1.217327,,,,,,
40416,,,,,,,,,,,,,,,,,,,,,,,-0.444202,0.119804,0.678808,-5.040000,-44.660000,106.610001
40417,,,,,,,,,,,,,-89.304153,-110.017662,-1.000000,-1.000000,,,,,,,,,,,,
40421,,,,,,,,,,,,,,,,,,,,-0.937519,-0.294585,1.233991,,,,,,
40426,,,,,,,,,,,,,,,,,,,,,,,-0.444202,0.119804,0.678808,-10.430000,-59.639999,119.139999
40427,,,,,,,,,,,,,-103.323685,-123.515083,-1.000000,-1.000000,,,,,,,,,,,,
40431,,,,,,,,,,,,,,,,,,,,-0.939270,-0.305683,1.257927,,,,,,
40437,,,,,,,,,,,,,-116.672684,-135.785736,-1.000000,-1.000000,,,,,,,-0.637084,0.083570,1.078480,-30.100000,-5.110000,72.169998
40439,,,,-0.764777,-0.644296,-0.870695,2.309306,2.309306,,,,,,,,,,,,,,,,,,,,
40442,,,,,,,,,,,-204.848770,-243.075912,,,,,-0.254531,-0.279046,-2.107265,,,,,,,,,
40441,,,,,,,,,,,,,,,,,,,,-0.941592,-0.316912,1.268197,,,,,,
40447,,,,,,,,,,,,,-130.477081,-148.259247,-0.861640,-1.000000,,,,,,,,,,,,
40449,,,,,,,,,,,,,,,,,,,,,,,-0.637084,0.083570,0.753777,21.700001,-18.900000,71.750000
40458,,,,,,,,,,,,,-144.807007,-160.755508,-0.861640,-1.000000,,,,,,,,,,,,
40451,,,,,,,,,,,,,,,,,,,,-0.943778,-0.328293,1.282544,,,,,,
40463,,,,,,,,,,,,,,,,,,,,,,,-0.413885,0.058682,0.753777,-28.490000,-15.890000,-12.530000
40461,,,,,,,,,,,,,,,,,,,,-0.946483,-0.341414,1.299221,,,,,,
40467,,,,,,,,,,,,,-153.503632,-170.576111,-0.861640,-1.000000,,,,,,,,,,,,
40468,,,,,,,,,,,,,,,,,,,,,,,-0.413885,0.046909,0.615307,29.820000,-3.010000,-5.600000
40471,,,,,,,,,,,,,,,,,,,,-0.949169,-0.353875,1.313204,,,,,,
40476,,,,,,,,,,,,,,,,,,,,,,,-0.414861,0.046909,0.615307,6.230000,29.330000,103.180000
40477,,,,,,,,,,,,,-160.054001,-177.729080,-0.861640,-1.000000,,,,,,,,,,,,
40481,,,,,,,,,,,,,,,,,,,,-0.951972,-0.367354,1.334420,,,,,,
40486,,,,,,,,,,,,,,,,,,,,,,,-0.414861,0.046909,0.615307,-79.379997,9.660000,75.320000
40487,,,,,,,,,,,,,-166.367706,-186.244507,-0.861640,-1.000000,,,,,,,,,,,,
40489,,,,-0.686628,-0.727009,-0.756841,2.288825,2.288825,,,,,,,,,,,,,,,,,,,,
40492,,,,,,,,,,,-211.860062,-239.956085,,,,,-0.269825,-0.351949,-2.066232,,,,,,,,,
40491,,,,,,,,,,,,,,,,,,,,-0.954895,-0.380984,1.341364,,,,,,
40500,,,,,,,,,,,,,-171.076904,-192.423492,-0.900079,-1.000000,,,,,,,,,,,,
40502,,,,,,,,,,,,,,,,,,,,-0.957714,-0.395099,1.362550,,,,,,
40505,,,,,,,,,,,,,,,,,,,,,,,-0.505080,0.029158,0.750849,-20.719999,-8.190000,108.500000
40507,,,,,,,,,,,,,-174.866013,-198.377121,-0.899248,-1.000000,,,,,,,,,,,,
40511,,,,,,,,,,,,,,,,,,,,,,,-0.594262,0.007259,0.828685,-12.530000,5.110000,94.430000
40512,,,,,,,,,,,,,,,,,,,,-0.960585,-0.409683,1.377260,,,,,,
40517,,,,,,,,,,,,,-179.580353,-203.086151,-0.898213,-1.000000,,,,,,,-0.594262,0.007259,0.828685,-15.120000,-14.630000,98.139999
40522,,,,,,,,,,,,,,,,,,,,-0.963903,-0.425265,1.391257,,,,,,
40526,,,,,,,,,,,,,,,,,,,,,,,-0.553209,0.012017,0.788486,102.480003,-36.470001,64.959999
40527,,,,,,,,,,,,,-181.809418,-206.705612,-0.897724,-1.000000,,,,,,,,,,,,
40532,,,,,,,,,,,,,,,,,,,,-0.966944,-0.440772,1.409501,,,,,,
40536,,,,,,,,,,,,,,,,,,,,,,,-0.553209,0.012017,0.788486,-10.080000,-70.419998,63.070000
40537,,,,,,,,,,,,,-183.857971,-209.217560,-0.897275,-1.000000,,,,,,,,,,,,
40539,,,,-0.600623,-0.799532,-0.644280,2.264737,2.264737,,,,,,,,,,,,,,,,,,,,
40542,,,,,,,,,,,-205.496078,-234.583862,,,,,-0.275336,-0.430009,-2.024729,-0.970096,-0.456989,1.428310,,,,,,
40547,,,,,,,,,,,,,-187.423019,-212.578491,-0.910535,-1.000000,,,,,,,,,,,,
40548,,,,,,,,,,,,,,,,,,,,,,,-0.477081,-0.047946,0.748836,15.820000,-13.090000,56.910000
40558,,,,,,,,,,,,,-189.905182,-215.807388,-0.904193,-1.000000,,,,,,,,,,,,
40552,,,,,,,,,,,,,,,,,,,,-0.973510,-0.473449,1.439036,,,,,,
40563,,,,,,,,,,,,,,,,,,,,,,,-0.477081,-0.047946,0.748836,-32.689999,-20.930000,39.689999
40562,,,,,,,,,,,,,,,,,,,,-0.976713,-0.490499,1.457249,,,,,,
40567,,,,,,,,,,,,,-191.860504,-217.582077,-0.899198,-1.000000,,,,,,,,,,,,
40569,,,,,,,,,,,,,,,,,,,,,,,-0.559370,-0.037759,0.797392,38.639999,65.940002,30.940001
40572,,,,,,,,,,,,,,,,,,,,-0.979853,-0.508140,1.476017,,,,,,
40576,,,,,,,,,,,,,,,,,,,,,,,-0.559370,-0.037759,0.797392,-31.850000,-10.080000,58.939999
40577,,,,,,,,,,,,,-193.772903,-218.155838,-0.894312,-1.000000,,,,,,,,,,,,
40582,,,,,,,,,,,,,,,,,,,,-0.983521,-0.526349,1.487015,,,,,,
40586,,,,,,,,,,,,,,,,,,,,,,,-0.545889,-0.085522,0.836615,5.740000,-6.090000,89.250000
40587,,,,,,,,,,,,,-194.844147,-220.750397,-0.891576,-1.000000,,,,,,,,,,,,
40589,,,,-0.508282,-0.861191,-0.533188,2.237101,2.237101,,,,,,,,,,,,,,,,,,,,
40592,,,,,,,,,,,-183.377258,-235.545273,,,,,-0.272634,-0.511601,-1.992207,-0.986479,-0.545060,1.509845,,,,,,
40597,,,,,,,,,,,,,-196.418457,-222.135559,-0.737242,-1.000000,,,,,,,,,,,,
40599,,,,,,,,,,,,,,,,,,,,,,,-0.545889,-0.085522,0.836615,-36.119999,-8.680000,135.660004
40603,,,,,,,,,,,,,,,,,,,,-0.989301,-0.563934,1.532707,,,,,,
40606,,,,,,,,,,,,,,,,,,,,,,,-0.557906,-0.093513,0.812642,0.420000,6.860000,95.550003
40607,,,,,,,,,,,,,-196.031616,-222.065002,-0.738253,-1.000000,,,,,,,,,,,,
40617,,,,,,,,,,,,,-193.811737,-223.820312,-0.744055,-1.000000,,,,,,,,,,,,
40613,,,,,,,,,,,,,,,,,,,,-0.992619,-0.583308,1.548052,,,,,,
40622,,,,,,,,,,,,,,,,,,,,,,,-0.557906,-0.093513,0.812642,-22.120001,9.450000,163.029999
40620,,,,,,,,,,,,,,,,,,,,-0.995170,-0.603369,1.573180,,,,,,
40627,,,,,,,,,,,,,-191.846924,-224.889023,-0.749190,-1.000000,,,,,,,,,,,,
40628,,,,,,,,,,,,,,,,,,,,,,,-0.466528,-0.125843,0.730353,-19.250000,-25.760000,154.979996
40631,,,,,,,,,,,,,,,,,,,,-0.997726,-0.624091,1.600688,,,,,,
40636,,,,,,,,,,,,,,,,,,,,,,,-0.466528,-0.125843,0.730353,-2.450000,30.520000,233.240005
40637,,,,,,,,,,,,,-189.244553,-225.775436,-0.755992,-1.000000,,,,,,,,,,,,
40639,,,,-0.411171,-0.911558,-0.423738,2.205987,2.205987,,,,,,,,,,,,,,,,,,,,
40642,,,,,,,,,,,-187.557678,-221.724411,,,,,-0.272305,-0.593964,-1.977298,-1.000320,-0.644851,1.627403,,,,,,
40647,,,,,,,,,,,,,-186.190643,-226.281311,-0.802170,-0.888423,,,,,,,,,,,,
40649,,,,,,,,,,,,,,,,,,,,,,,-0.562908,-0.251686,0.838994,-48.930000,-3.990000,99.610001
40652,,,,,,,,,,,,,,,,,,,,-1.002452,-0.666504,1.653787,,,,,,
40657,,,,,,,,,,,,,-183.777939,-225.696533,-0.825572,-0.894095,,,,,,,-0.562908,-0.251686,0.838994,-58.029999,17.850000,144.479996
40663,,,,,,,,,,,,,,,,,,,,-1.003834,-0.687754,1.683850,,,,,,
40666,,,,,,,,,,,,,,,,,,,,,,,-0.536068,-0.363621,0.933300,19.389999,-43.189999,116.830002
40667,,,,,,,,,,,,,-183.078781,-224.868439,-0.832354,-0.902127,,,,,,,,,,,,
40678,,,,,,,,,,,,,-183.696289,-224.788879,-0.826364,-0.902899,,,,,,,,,,,,
40673,,,,,,,,,,,,,,,,,,,,-1.005356,-0.709933,1.709014,,,,,,
40682,,,,,,,,,,,,,,,,,,,,,,,-0.536068,-0.363621,0.725046,-13.020000,-17.080000,148.960007
40683,,,,,,,,,,,,,,,,,,,,-1.006366,-0.732474,1.734564,,,,,,
40687,,,,,,,,,,,,,-184.140030,-224.261200,-0.822060,-0.908017,,,,,,,,,,,,
40688,,,,,,,,,,,,,,,,,,,,,,,-0.384727,-0.259067,0.725046,-28.840000,-16.870001,192.570007
40690,,,,-0.310859,-0.950456,-0.316097,2.171469,2.171469,,,,,,,,,,,,,,,,,,,,
40693,,,,,,,,,,,-183.098434,-248.385315,,,,,-0.297127,-0.665390,-2.009694,-1.007046,-0.755070,1.760090,,,,,,
40697,,,,,,,,,,,,,-183.508804,-222.761642,-0.767538,-1.000000,,,,,,,,,,,,
40700,,,,,,,,,,,,,,,,,,,,,,,-0.689788,-0.444019,0.874435,-3.080000,-27.299999,175.210007
40703,,,,,,,,,,,,,,,,,,,,-1.007205,-0.777981,1.792526,,,,,,
40706,,,,,,,,,,,,,,,,,,,,,,,-0.689788,-0.444019,0.874435,27.020000,22.540001,192.500000
40707,,,,,,,,,,,,,-183.933640,-222.429367,-0.764831,-1.000000,,,,,,,,,,,,
40710,,,,,,,,,,,,,,,,,,,,-1.006787,-0.800693,1.820209,,,,,,
40718,,,,,,,,,,,,,-184.765427,-223.823212,-0.759529,-1.000000,,,,,,,,,,,,
40722,,,,,,,,,,,,,,,,,,,,,,,-0.689788,-0.444019,0.744749,-35.209999,-35.209999,158.690002
40723,,,,,,,,,,,,,,,,,,,,-1.005973,-0.824830,1.848052,,,,,,
40727,,,,,,,,,,,,,-184.910522,-225.626785,-0.758605,-1.000000,,,,,,,,,,,,
40728,,,,,,,,,,,,,,,,,,,,,,,-0.307806,-0.274439,0.744749,-25.480000,-25.410000,189.070007
40731,,,,,,,,,,,,,,,,,,,,-1.004679,-0.848510,1.879733,,,,,,
40736,,,,,,,,,,,,,,,,,,,,,,,-0.307806,-0.390827,0.826428,8.610000,-6.160000,226.240005
40737,,,,,,,,,,,,,-184.159973,-226.112259,-0.763388,-1.000000,,,,,,,,,,,,
40739,,,,-0.208879,-0.977942,-0.210428,2.133634,2.133634,,,,,,,,,,,,,,,,,,,,
40742,,,,,,,,,,,-198.521072,-261.067413,,,,,-0.325521,-0.737660,-2.040730,,,,,,,,,
40741,,,,,,,,,,,,,,,,,,,,-1.002823,-0.872526,1.907300,,,,,,
40747,,,,,,,,,,,,,-183.946335,-226.356766,-0.975425,-1.000000,,,,,,,,,,,,
40749,,,,,,,,,,,,,,,,,,,,,,,-0.454145,-0.390827,0.826428,-16.100000,-23.450001,153.509995
40751,,,,,,,,,,,,,,,,,,,,-1.000720,-0.896654,1.933835,,,,,,
40757,,,,,,,,,,,,,-184.689545,-227.079239,-0.968266,-1.000000,,,,,,,-0.594323,-0.616039,0.990701,15.400000,-79.660004,178.570007
40761,,,,,,,,,,,,,,,,,,,,-0.997540,-0.920722,1.953758,,,,,,
40766,,,,,,,,,,,,,,,,,,,,,,,-0.594323,-0.616039,0.990701,-9.520000,29.959999,156.660004
40767,,,,,,,,,,,,,-188.913544,-228.108200,-0.927575,-1.000000,,,,,,,,,,,,
40778,,,,,,,,,,,,,-193.599335,-228.983780,-0.882436,-1.000000,,,,,,,,,,,,
40771,,,,,,,,,,,,,,,,,,,,-0.993961,-0.944474,1.980590,,,,,,
40781,,,,,,,,,,,,,,,,,,,,,,,-0.292190,-0.310063,0.714371,11.970000,16.450001,131.320007
40780,,,,,,,,,,,,,,,,,,,,-0.990355,-0.969290,1.996952,,,,,,
40787,,,,,,,,,,,,,,,,,,,,,,,-0.292190,-0.310063,0.714371,4.480000,-91.980003,149.029999
40789,,,,-0.106688,-0.994293,-0.106891,2.092578,2.092578,,,,,,,,,,,,,,,,,,,,
40792,,,,,,,,,,,-174.541290,-314.387360,,,-0.709765,-1.000000,-0.362549,-0.804071,-2.078249,,,,,,,,,
40793,,,,,,,,,,,,,-195.771103,-229.322495,,,,,,-0.985901,-0.994474,2.023605,,,,,,
40799,,,,,,,,,,,,,,,,,,,,,,,-0.443165,-0.376065,0.781532,-38.220001,-13.860000,163.800003
40800,,,,,,,,,,,,,,,,,,,,-0.981186,-1.019270,2.049377,,,,,,
40806,,,,,,,,,,,,,,,,,,,,,,,-0.443165,-0.376065,0.781532,-2.870000,52.639999,160.160004
40807,,,,,,,,,,,,,-195.849518,-229.844040,-0.709675,-1.000000,,,,,,,,,,,,
40810,,,,,,,,,,,,,,,,,,,,-0.975531,-1.044624,2.077959,,,,,,
40816,,,,,,,,,,,,,,,,,,,,,,,-0.445910,-0.468419,0.711138,-27.510000,-8.470000,150.149994
40817,,,,,,,,,,,,,-195.181870,-230.840637,-0.710442,-1.000000,,,,,,,,,,,,
40826,,,,,,,,,,,,,,,,,,,,,,,-0.445910,-0.468419,0.711138,11.830000,-33.389999,92.610001
40827,,,,,,,,,,,,,-193.860245,-231.691437,-0.711961,-1.000000,,,,,,,,,,,,
40823,,,,,,,,,,,,,,,,,,,,-0.969616,-1.069638,2.103732,,,,,,
40839,,,,-0.005638,-0.999984,-0.005638,2.048404,2.048404,,,,,,,,,,,,,,,,,,,,
40843,,,,,,,,,,,-197.041443,-303.279175,,,,,-0.388115,-0.883571,-2.067668,,,,,,,,,
40841,,,,,,,,,,,,,,,,,,,,-0.955794,-1.119326,2.154753,,,,,,
40844,,,,,,,,,,,,,-192.423050,-231.581467,-0.871007,-1.000000,,,,,,,,,,,,
40848,,,,,,,,,,,,,,,,,,,,,,,-0.389912,-0.533445,0.888343,10.710000,58.869999,142.729996
40853,,,,,,,,,,,,,,,,,,,,,,,-0.326411,-0.461343,0.803126,2.940000,-9.730000,120.959999
40854,,,,,,,,,,,,,,,,,,,,-0.948138,-1.144482,2.170293,,,,,,
40857,,,,,,,,,,,,,-191.895309,-232.126617,-0.875829,-1.000000,,,,,,,,,,,,
40859,,,,,,,,,,,,,,,,,,,,,,,-0.326411,-0.461343,0.803126,-22.400000,-69.300003,80.779999
40861,,,,,,,,,,,,,,,,,,,,-0.939610,-1.169679,2.186116,,,,,,
40866,,,,,,,,,,,,,,,,,,,,,,,-0.326411,-0.461343,0.803126,9.940000,-69.019997,80.220001
40867,,,,,,,,,,,,,-192.908463,-232.276245,-0.866571,-1.000000,,,,,,,,,,,,
40871,,,,,,,,,,,,,,,,,,,,-0.930738,-1.194283,2.201623,,,,,,
40876,,,,,,,,,,,,,,,,,,,,,,,-0.452315,-0.607926,0.875716,-30.660000,115.430000,89.180000
40877,,,,,,,,,,,,,-194.697037,-232.212112,-0.850226,-1.000000,,,,,,,,,,,,
40881,,,,,,,,,,,,,,,,,,,,-0.921340,-1.219290,2.210555,,,,,,
40886,,,,,,,,,,,,,,,,,,,,,,,-0.452315,-0.607926,0.875716,-45.990002,10.220000,76.930000
40887,,,,,,,,,,,,,-196.147949,-232.562622,-0.836966,-1.000000,,,,,,,,,,,,
40889,,,,0.093049,-0.995662,0.093184,2.001226,2.001226,,,,,,,,,,,,,,,,,,,,
40892,,,,,,,,,,,-178.312775,-316.990204,,,,,-0.392056,-0.960548,-2.083243,,,,,,,,,
40891,,,,,,,,,,,,,,,,,,,,-0.911210,-1.244297,2.222991,,,,,,
40899,,,,,,,,,,,,,,,-0.625193,-1.000000,,,,,,,,,,,,
40900,,,,,,,,,,,,,-198.041473,-233.457474,,,,,,,,,,,,,,
40902,,,,,,,,,,,,,,,,,,,,-0.900529,-1.268731,2.241810,,,,,,
40905,,,,,,,,,,,,,,,,,,,,,,,-0.385642,-0.373320,0.793854,-27.510000,-43.470001,154.699997
40907,,,,,,,,,,,,,-198.296051,-233.501114,-0.623582,-1.000000,,,,,,,,,,,,
40911,,,,,,,,,,,,,,,,,,,,,,,-0.362584,-0.342698,0.634034,-69.089996,-18.200001,55.090000
40912,,,,,,,,,,,,,,,,,,,,-0.889956,-1.293661,2.253945,,,,,,
40917,,,,,,,,,,,,,-196.201706,-232.637878,-0.636834,-1.000000,,,,,,,-0.362584,-0.342698,0.634034,56.560001,-20.860001,35.279999
40922,,,,,,,,,,,,,,,,,,,,-0.878064,-1.318370,2.266235,,,,,,
40926,,,,,,,,,,,,,,,,,,,,,,,-0.362584,-0.342698,0.828441,4.480000,-29.750000,19.180000
40927,,,,,,,,,,,,,-193.838089,-232.546600,-0.651789,-1.000000,,,,,,,,,,,,
40932,,,,,,,,,,,,,,,,,,,,-0.865746,-1.342708,2.275422,,,,,,
40937,,,,,,,,,,,,,-192.034744,-233.178726,-0.663200,-1.000000,,,,,,,-0.431575,-0.631411,0.828441,-18.270000,-28.209999,0.490000
40939,,,,0.188302,-0.982111,0.189433,1.951165,1.951165,,,,,,,,,,,,,,,,,,,,
40942,,,,,,,,,,,-154.892136,-286.363831,,,,,-0.360610,-1.053538,-2.042754,,,,,,,,,
40943,,,,,,,,,,,,,,,,,,,,-0.853128,-1.367571,2.278263,,,,,,
40947,,,,,,,,,,,,,-189.769318,-233.409073,-0.229483,-1.000000,,,,,,,,,,,,
40948,,,,,,,,,,,,,,,,,,,,,,,-0.271816,-0.427549,0.767502,36.540001,-26.250000,-5.390000
40958,,,,,,,,,,,,,-184.755341,-232.622025,-0.290155,-1.000000,,,,,,,,,,,,
40953,,,,,,,,,,,,,,,,,,,,-0.839634,-1.392277,2.278518,,,,,,
40963,,,,,,,,,,,,,,,,,,,,,,,-0.271816,-0.427549,0.767502,39.619999,-23.240000,-51.029999
40960,,,,,,,,,,,,,,,,,,,,-0.825990,-1.415806,2.269527,,,,,,
40967,,,,,,,,,,,,,-178.861389,-233.181366,-0.361474,-1.000000,,,,,,,,,,,,
40968,,,,,,,,,,,,,,,,,,,,,,,-0.343796,-0.755790,1.044076,-31.080000,-32.619999,-76.019997
40971,,,,,,,,,,,,,,,,,,,,-0.811123,-1.439943,2.242159,,,,,,
40976,,,,,,,,,,,,,,,,,,,,,,,-0.343796,-0.755790,1.044076,42.000000,-0.910000,-128.380005
40977,,,,,,,,,,,,,-171.452774,-233.152481,-0.451121,-1.000000,,,,,,,,,,,,
40981,,,,,,,,,,,,,,,,,,,,-0.796280,-1.463474,2.199047,,,,,,
40986,,,,,,,,,,,,,,,,,,,,,,,-0.077348,-0.274378,0.609451,-46.480000,3.360000,-272.019989
40987,,,,,,,,,,,,,-166.759857,-231.844437,-0.507907,-1.000000,,,,,,,,,,,,
40989,,,,0.279214,-0.960229,0.282975,1.898352,1.898352,,,,,,,,,,,,,,,,,,,,
40992,,,,,,,,,,,-36.396149,-156.462524,,,,,-0.148152,-1.180543,-1.850523,,,,,,,,,
40991,,,,,,,,,,,,,,,,,,,,-0.781669,-1.487367,2.136476,,,,,,
40999,,,,,,,,,,,,,-163.519180,-230.541870,1.000000,1.000000,,,,,,,,,,,,
41001,,,,,,,,,,,,,,,,,,,,-0.766553,-1.510749,2.034065,,,,,,
41004,,,,,,,,,,,,,,,,,,,,,,,-0.077348,-0.274378,1.120265,11.690000,-5.040000,-603.820007
41007,,,,,,,,,,,,,-159.744934,-226.479126,1.000000,1.000000,,,,,,,,,,,,
41010,,,,,,,,,,,,,,,,,,,,,,,-0.132309,-0.069784,1.120265,18.690001,-11.200000,-625.239990
41011,,,,,,,,,,,,,,,,,,,,-0.752295,-1.534104,1.924880,,,,,,
41016,,,,,,,,,,,,,,,,,,,,,,,-0.132309,-0.069784,1.120265,19.389999,8.120000,-669.270020
41017,,,,,,,,,,,,,-152.760513,-219.705444,1.000000,0.869111,,,,,,,,,,,,
41021,,,,,,,,,,,,,,,,,,,,-0.738361,-1.558164,1.807815,,,,,,
41026,,,,,,,,,,,,,,,,,,,,,,,-0.012566,0.703574,0.999973,19.250000,-59.500000,-629.929993
41027,,,,,,,,,,,,,-142.583221,-209.589096,1.000000,0.624815,,,,,,,,,,,,
41032,,,,,,,,,,,,,,,,,,,,-0.725319,-1.582942,1.699686,,,,,,
41036,,,,,,,,,,,,,,,,,,,,,,,-0.012566,0.703574,0.999973,3.080000,-40.740002,-610.330017
41037,,,,,,,,,,,,,-129.294815,-192.804657,1.000000,0.219494,,,,,,,,,,,,
41039,,,,0.365048,-0.930989,0.373685,1.842929,1.842929,,,,,,,,,,,,,,,,,,,,
41041,,,,,,,,,,,305.110046,181.228256,,,,,0.506772,-1.166703,-1.322292,,,,,,,,,
41042,,,,,,,,,,,,,,,,,,,,-0.712991,-1.606743,1.593910,,,,,,
41047,,,,,,,,,,,,,-111.926918,-167.979309,1.000000,1.000000,,,,,,,0.268217,0.441945,0.977830,18.690001,0.000000,-592.479980
41057,,,,,,,,,,,,,-88.266853,-139.726379,1.000000,1.000000,,,,,,,,,,,,
41052,,,,,,,,,,,,,,,,,,,,-0.701062,-1.629706,1.490368,,,,,,
41062,,,,,,,,,,,,,,,,,,,,-0.689606,-1.652620,1.398448,0.268217,0.441945,0.977830,-44.450001,8.050000,-548.659973
41067,,,,,,,,,,,,,-61.292576,-108.129288,1.000000,1.000000,,,,,,,,,,,,
41068,,,,,,,,,,,,,,,,,,,,,,,0.246806,0.228933,0.746579,-13.650000,-12.530000,-551.320007
41076,,,,,,,,,,,,,,,,,,,,,,,0.246806,0.228933,0.746579,2.380000,66.919998,-550.409973
41073,,,,,,,,,,,,,,,,,,,,-0.678013,-1.674363,1.299105,,,,,,
41077,,,,,,,,,,,,,-32.389790,-75.634552,1.000000,1.000000,,,,,,,,,,,,
41080,,,,,,,,,,,,,,,,,,,,-0.666397,-1.695312,1.206778,,,,,,
41086,,,,,,,,,,,,,,,,,,,,,,,0.380823,0.260775,1.019554,24.150000,38.779999,-541.169983
41087,,,,,,,,,,,,,-4.689579,-44.377647,1.000000,1.000000,,,,,,,,,,,,
41089,,,,0.445239,-0.895412,0.461441,1.785044,1.785044,,,,,,,,,,,,,,,,,,,,
41091,,,,,,,,,,,627.712463,563.110962,,,,,1.109876,-0.792193,-0.769433,,,,,,,,,
41093,,,,,,,,,,,,,,,,,,,,-0.654909,-1.716210,1.110797,,,,,,
41097,,,,,,,,,,,,,23.476042,-14.304989,1.000000,1.000000,,,,,,,,,,,,
41098,,,,,,,,,,,,,,,,,,,,,,,0.380823,0.260775,1.019554,24.780001,-34.230000,-512.469971
41101,,,,,,,,,,,,,,,,,,,,-0.643646,-1.736609,1.024076,,,,,,
41106,,,,,,,,,,,,,,,,,,,,,,,0.559431,0.441335,1.220061,35.980000,-12.110000,-515.059998
41107,,,,,,,,,,,,,51.645607,16.557390,1.000000,1.000000,,,,,,,,,,,,
41118,,,,,,,,,,,,,78.500443,45.521999,1.000000,1.000000,,,,,,,,,,,,
41111,,,,,,,,,,,,,,,,,,,,-0.632553,-1.755776,0.936219,,,,,,
41122,,,,,,,,,,,,,,,,,,,,,,,0.559431,0.441335,0.581940,37.869999,-24.290001,-543.619995
41121,,,,,,,,,,,,,,,,,,,,-0.620986,-1.774968,0.847184,,,,,,
41127,,,,,,,,,,,,,100.667603,69.828712,1.000000,1.000000,,,,,,,,,,,,
41128,,,,,,,,,,,,,,,,,,,,,,,0.158051,0.162565,0.581940,43.889999,-37.099998,-515.900024
41131,,,,,,,,,,,,,,,,,,,,-0.609407,-1.793570,0.756952,,,,,,
41137,,,,,,,,,,,,,121.646347,92.576431,1.000000,1.000000,,,,,,,0.158051,0.162565,1.055239,0.070000,-0.210000,-481.040009
41139,,,,0.519388,-0.854539,0.546134,1.724855,1.724855,,,,,,,,,,,,,,,,,,,,
41142,,,,,,,,,,,848.129150,848.551758,,,,,1.446496,-0.142319,-0.234540,-0.598113,-1.811767,0.671327,,,,,,
41147,,,,,,,,,,,,,140.125000,113.376381,1.000000,1.000000,,,,,,,,,,,,
41148,,,,,,,,,,,,,,,,,,,,,,,0.467199,0.434320,1.055239,30.660000,40.180000,-504.489990
41162,,,,,,,,,,,,,,,,,,,,-0.574106,-1.846196,0.500636,,,,,,
41171,,,,,,,,,,,,,156.239685,131.237991,1.000000,1.000000,,,,,,,,,,,,
41174,,,,,,,,,,,,,,,,,,,,,,,0.467199,0.258579,0.775554,-12.600000,-21.629999,-379.470001
41172,,,,,,,,,,,,,,,,,,,,-0.561459,-1.862540,0.415340,,,,,,
41177,,,,,,,,,,,,,170.301849,144.528625,1.000000,1.000000,,,,,,,,,,,,
41180,,,,,,,,,,,,,,,,,,,,,,,0.423035,0.363072,1.009306,-20.230000,-24.080000,-296.730011
41183,,,,,,,,,,,,,,,,,,,,-0.549477,-1.878581,0.333597,,,,,,
41186,,,,,,,,,,,,,,,,,,,,,,,0.423035,0.363072,1.009306,10.990000,15.470000,-331.450012
41187,,,,,,,,,,,,,183.051559,157.553406,1.000000,1.000000,,,,,,,,,,,,
41189,,,,0.587254,-0.809403,0.627662,1.662531,1.662531,,,,,,,,,,,,,,,,,,,,
41192,,,,,,,,,,,843.715698,892.623413,,,,,1.423164,0.596194,0.274961,,,,,,,,,
41193,,,,,,,,,,,,,,,,,,,,-0.537037,-1.893681,0.260898,,,,,,
41197,,,,,,,,,,,,,,,1.000000,1.000000,,,,,,,0.423035,0.363072,1.009306,-37.660000,-2.030000,-369.739990
41198,,,,,,,,,,,,,193.442596,170.472168,,,,,,,,,,,,,,
41203,,,,,,,,,,,,,,,,,,,,-0.523913,-1.908952,0.182912,0.242780,0.325984,0.768234,54.810001,7.980000,-380.589996
41207,,,,,,,,,,,,,203.332352,178.555359,1.000000,1.000000,,,,,,,,,,,,
41209,,,,,,,,,,,,,,,,,,,,,,,0.242780,0.325984,0.768234,5.180000,6.020000,-385.209991
41210,,,,,,,,,,,,,,,,,,,,-0.510440,-1.923492,0.107998,,,,,,
41218,,,,,,,,,,,,,210.303253,187.121399,1.000000,1.000000,,,,,,,,,,,,
41222,,,,,,,,,,,,,,,,,,,,,,,0.406016,0.477874,1.058350,-24.290001,4.830000,-218.750000
41220,,,,,,,,,,,,,,,,,,,,-0.496796,-1.937498,0.038826,,,,,,
41227,,,,,,,,,,,,,217.057877,194.210281,1.000000,1.000000,,,,,,,,,,,,
41228,,,,,,,,,,,,,,,,,,,,,,,0.406016,0.477874,1.058350,28.139999,-6.930000,-253.539993
41231,,,,,,,,,,,,,,,,,,,,-0.482491,-1.951786,-0.036029,,,,,,
41236,,,,,,,,,,,,,,,,,,,,,,,0.246257,0.308843,0.823988,-6.020000,24.850000,-341.459991
41237,,,,,,,,,,,,,223.723862,200.116821,1.000000,1.000000,,,,,,,,,,,,
41239,,,,0.648742,-0.761009,0.705930,1.598247,1.598247,,,,,,,,,,,,,,,,,,,,
41242,,,,,,,,,,,626.122559,720.959656,,,,,1.091402,1.207247,0.730668,,,,,,,,,
41241,,,,,,,,,,,,,,,,,,,,-0.467504,-1.964960,-0.099614,,,,,,
41247,,,,,,,,,,,,,228.549133,207.029678,1.000000,1.000000,,,,,,,,,,,,
41248,,,,,,,,,,,,,,,,,,,,,,,0.246257,0.308843,0.823988,-35.560001,-3.710000,-383.250000
41251,,,,,,,,,,,,,,,,,,,,-0.452288,-1.978258,-0.163380,,,,,,
41257,,,,,,,,,,,,,231.405716,209.649490,1.000000,1.000000,,,,,,,0.168116,0.198616,0.755607,-10.640000,-22.400000,-316.540009
41261,,,,,,,,,,,,,,,,,,,,-0.436103,-1.991754,-0.230206,,,,,,
41266,,,,,,,,,,,,,,,,,,,,,,,0.168116,0.198616,0.755607,-23.030001,-19.389999,-193.899994
41267,,,,,,,,,,,,,232.954895,211.751480,1.000000,1.000000,,,,,,,,,,,,
41271,,,,,,,,,,,,,,,,,,,,-0.420543,-2.004136,-0.283101,,,,,,
41279,,,,,,,,,,,,,235.618057,215.935181,1.000000,1.000000,,,,,,,,,,,,
41283,,,,,,,,,,,,,,,,,,,,,,,0.457927,0.428098,1.155340,-30.240000,-26.530001,-138.880005
41281,,,,,,,,,,,,,,,,,,,,-0.404128,-2.017191,-0.344869,,,,,,
41287,,,,,,,,,,,,,239.666885,219.710800,1.000000,1.000000,,,,,,,,,,,,
41289,,,,0.703886,-0.710313,0.780854,1.532188,1.532188,,,,,,,,,,,,,,,,,,,,
41292,,,,,,,,,,,303.072571,464.673767,,,,,0.619027,1.586743,1.109352,-0.386639,-2.030053,-0.404009,,,,,,
41294,,,,,,,,,,,,,,,,,,,,,,,0.457927,0.428098,1.155340,-1.330000,5.180000,-50.470001
41297,,,,,,,,,,,,,241.198914,222.760223,1.000000,1.000000,,,,,,,,,,,,
41300,,,,,,,,,,,,,,,,,,,,,,,0.087779,0.146217,0.617930,19.530001,-12.320000,-96.459999
41302,,,,,,,,,,,,,,,,,,,,-0.369369,-2.042425,-0.455006,,,,,,
41306,,,,,,,,,,,,,,,,,,,,,,,0.087779,0.146217,0.617930,31.990000,-5.320000,-76.790001
41307,,,,,,,,,,,,,241.090393,223.364746,1.000000,1.000000,,,,,,,,,,,,
41312,,,,,,,,,,,,,,,,,,,,-0.351407,-2.055735,-0.514879,,,,,,
41317,,,,,,,,,,,,,242.956268,224.833679,1.000000,1.000000,,,,,,,0.475739,0.219600,1.214144,-4.620000,-11.480000,-162.679993
41320,,,,,,,,,,,,,,,,,,,,-0.333093,-2.068077,-0.560658,,,,,,
41326,,,,,,,,,,,,,,,,,,,,,,,0.475739,0.219600,1.214144,-31.920000,-28.139999,-196.350006
41327,,,,,,,,,,,,,242.787384,228.103210,1.000000,1.000000,,,,,,,,,,,,
41330,,,,,,,,,,,,,,,,,,,,-0.314320,-2.081573,-0.615736,,,,,,
41338,,,,,,,,,,,,,244.632217,229.846176,1.000000,1.000000,,,,,,,,,,,,
41340,,,,0.752837,-0.658207,0.852362,1.464551,1.464551,,,,,,,,,,,,-0.295165,-2.095014,-0.674109,,,,,,
41343,,,,,,,,,,,-50.445744,160.301453,,,,,0.080427,1.772249,1.446774,,,,,,,,,
41347,,,,,,,,,,,,,244.652176,231.574844,-1.000000,0.102367,,,,,,,,,,,,
41348,,,,,,,,,,,,,,,,,,,,,,,0.166713,-0.002318,0.658739,-93.309998,-11.830000,-263.059998
41354,,,,,,,,,,,,,,,,,,,,,,,0.262117,0.043859,0.828014,-33.180000,16.660000,-199.710007
41353,,,,,,,,,,,,,,,,,,,,-0.275851,-2.108097,-0.721196,,,,,,
41357,,,,,,,,,,,,,239.311707,227.759903,-1.000000,0.132978,,,,,,,,,,,,
41359,,,,,,,,,,,,,,,,,,,,,,,0.262117,0.043859,0.828014,8.260000,12.460000,-303.239990
41366,,,,,,,,,,,,,,,,,,,,,,,0.262117,0.043859,0.938607,-2.450000,11.410000,-285.670013
41363,,,,,,,,,,,,,,,,,,,,-0.256388,-2.122349,-0.783725,,,,,,
41367,,,,,,,,,,,,,231.071198,215.848846,-1.000000,0.228552,,,,,,,,,,,,
41371,,,,,,,,,,,,,,,,,,,,-0.236167,-2.136402,-0.837891,,,,,,
41376,,,,,,,,,,,,,,,,,,,,,,,0.316590,-0.183061,0.938607,-130.479996,0.280000,-329.279999
41377,,,,,,,,,,,,,218.971909,201.254089,-1.000000,0.345660,,,,,,,,,,,,
41381,,,,,,,,,,,,,,,,,,,,-0.216218,-2.151052,-0.899096,,,,,,
41386,,,,,,,,,,,,,,,,,,,,,,,-0.201117,-0.843142,1.152900,179.130005,-11.970000,-287.980011
41387,,,,,,,,,,,,,205.644913,186.895767,-1.000000,0.460871,,,,,,,,,,,,
41389,,,,0.795837,-0.605511,0.920388,1.395537,1.395537,,,,,,,,,,,,,,,,,,,,
41391,,,,,,,,,,,-404.773376,-204.586868,,,,,-0.571882,1.757185,1.815413,-0.198252,-2.167579,-0.954682,,,,,,
41398,,,,,,,,,,,,,189.017075,175.663895,-1.000000,-1.000000,,,,,,,,,,,,
41403,,,,,,,,,,,,,,,,,,,,,,,-0.201117,-0.843142,1.152900,-76.300003,-32.830002,-357.980011
41401,,,,,,,,,,,,,,,,,,,,-0.179676,-2.183466,-1.011173,,,,,,
41407,,,,,,,,,,,,,169.182953,161.751587,-1.000000,-1.000000,,,,,,,,,,,,
41409,,,,,,,,,,,,,,,,,,,,,,,-0.164273,-0.177449,0.315858,-35.490002,10.570000,-313.040009
41411,,,,,,,,,,,,,,,,,,,,-0.160598,-2.199662,-1.072364,,,,,,
41416,,,,,,,,,,,,,,,,,,,,,,,-0.164273,-0.177449,0.315858,101.709999,18.549999,-198.520004
41417,,,,,,,,,,,,,142.900665,138.848541,-1.000000,-1.000000,,,,,,,,,,,,
41421,,,,,,,,,,,,,,,,,,,,-0.143179,-2.216104,-1.108615,,,,,,
41426,,,,,,,,,,,,,,,,,,,,,,,-1.014552,-0.454328,1.407453,13.860000,-40.669998,-262.010010
41427,,,,,,,,,,,,,110.925362,109.159065,-1.000000,-1.000000,,,,,,,,,,,,
41439,,,,0.833207,-0.552962,0.984882,1.325359,1.325359,,,,,,,,,,,,,,,,,,,,
41442,,,,,,,,,,,-646.911743,-404.583313,,,,,-0.996026,1.647658,2.066290,-0.110811,-2.243438,-1.193830,,,,,,
41432,,,,,,,,,,,,,,,,,,,,-0.127110,-2.229526,-1.150535,,,,,,
41443,,,,,,,,,,,,,74.272736,73.789726,-1.000000,-1.000000,,,,,,,,,,,,
41447,,,,,,,,,,,,,,,,,,,,,,,-1.014552,-0.454328,1.407453,40.250000,-4.200000,-222.809998
41453,,,,,,,,,,,,,,,,,,,,,,,-0.119560,-0.025010,0.090341,40.110001,55.720001,-214.970001
41452,,,,,,,,,,,,,,,,,,,,-0.094655,-2.257971,-1.234502,,,,,,
41457,,,,,,,,,,,,,40.011192,39.203323,-1.000000,-1.000000,,,,,,,,,,,,
41459,,,,,,,,,,,,,,,,,,,,,,,-0.119560,-0.025010,0.090341,-14.070000,78.050003,-250.110001
41462,,,,,,,,,,,,,,,,,,,,-0.079109,-2.271179,-1.272217,,,,,,
41466,,,,,,,,,,,,,,,,,,,,,,,-0.965630,-0.291092,1.211399,29.469999,-47.459999,-241.429993
41467,,,,,,,,,,,,,5.123688,3.895065,-1.000000,-1.000000,,,,,,,,,,,,
41473,,,,,,,,,,,,,,,,,,,,-0.064002,-2.283669,-1.313593,,,,,,
41476,,,,,,,,,,,,,,,,,,,,,,,-0.965630,-0.291092,1.211399,42.419998,-3.570000,-226.029999
41477,,,,,,,,,,,,,-28.542217,-29.575977,-1.000000,-1.000000,,,,,,,,,,,,
41483,,,,,,,,,,,,,,,,,,,,-0.049359,-2.295859,-1.348549,,,,,,
41486,,,,,,,,,,,,,,,,,,,,,,,-0.284016,-0.093452,0.353800,7.280000,0.210000,-231.279999
41487,,,,,,,,,,,,,-55.927620,-57.347637,-1.000000,-1.000000,,,,,,,,,,,,
41489,,,,0.865326,-0.501209,1.045801,1.254240,1.254240,,,,,,,,,,,,,,,,,,,,
41492,,,,,,,,,,,-778.856812,-570.918213,,,,,-1.501173,1.327176,2.374806,,,,,,,,,
41498,,,,,,,,,,,,,-80.934814,-83.057770,-1.000000,-1.000000,,,,,,,,,,,,
41493,,,,,,,,,,,,,,,,,,,,-0.034510,-2.307780,-1.391714,,,,,,
41504,,,,,,,,,,,,,,,,,,,,,,,-0.284016,-0.239669,0.817949,27.650000,34.580002,-100.519997
41503,,,,,,,,,,,,,,,,,,,,-0.020296,-2.318715,-1.424258,,,,,,
41507,,,,,,,,,,,,,-102.537659,-104.323914,-1.000000,-1.000000,,,,,,,,,,,,
41511,,,,,,,,,,,,,,,,,,,,,,,-0.688751,-0.239669,0.817949,-1.120000,-1.820000,-179.970001
41513,,,,,,,,,,,,,,,,,,,,-0.006379,-2.329901,-1.461619,,,,,,
41516,,,,,,,,,,,,,,,,,,,,,,,-0.688751,-0.239669,0.817949,-26.250000,-15.820000,-141.889999
41517,,,,,,,,,,,,,-120.906929,-123.509308,-1.000000,-1.000000,,,,,,,,,,,,
41520,,,,,,,,,,,,,,,,,,,,0.007349,-2.339694,-1.495031,,,,,,
41526,,,,,,,,,,,,,,,,,,,,,,,-0.664351,-0.233630,0.828136,49.560001,113.050003,-73.779999
41527,,,,,,,,,,,,,-138.151672,-141.444977,-1.000000,-1.000000,,,,,,,,,,,,
41530,,,,,,,,,,,,,,,,,,,,0.020716,-2.349573,-1.533589,,,,,,
41536,,,,,,,,,,,,,,,,,,,,,,,-0.664351,-0.233630,0.828136,13.440000,16.520000,-41.230000
41537,,,,,,,,,,,,,-151.960785,-154.731766,-1.000000,-1.000000,,,,,,,,,,,,
41539,,,,0.892616,-0.450818,1.103115,1.182410,1.182410,,,,,,,,,,,,,,,,,,,,
41542,,,,,,,,,,,-806.245605,-650.200317,,,,,-1.830189,0.977268,2.622576,,,,,,,,,
41541,,,,,,,,,,,,,,,,,,,,0.033584,-2.358011,-1.559928,,,,,,
41547,,,,,,,,,,,,,-162.367508,-166.396118,-1.000000,-1.000000,,,,,,,,,,,,
41549,,,,,,,,,,,,,,,,,,,,,,,-0.365817,-0.158783,0.519110,4.410000,-26.320000,-91.559998
41557,,,,,,,,,,,,,-172.586578,-177.003983,-1.000000,-1.000000,,,,,,,,,,,,
41551,,,,,,,,,,,,,,,,,,,,0.046231,-2.366572,-1.592190,,,,,,
41563,,,,,,,,,,,,,,,,,,,,,,,-0.365817,-0.158783,0.674782,-12.250000,57.820000,-74.550003
41561,,,,,,,,,,,,,,,,,,,,0.058969,-2.374585,-1.619006,,,,,,
41567,,,,,,,,,,,,,-181.327759,-185.636581,-1.000000,-1.000000,,,,,,,,,,,,
41569,,,,,,,,,,,,,,,,,,,,,,,-0.484706,-0.217343,0.674782,47.810001,24.290001,-51.240002
41571,,,,,,,,,,,,,,,,,,,,0.071527,-2.381772,-1.649902,,,,,,
41576,,,,,,,,,,,,,,,,,,,,,,,-0.484706,-0.217343,0.724314,4.900000,22.049999,-100.309998
41577,,,,,,,,,,,,,-188.210388,-192.932480,-1.000000,-1.000000,,,,,,,,,,,,
41582,,,,,,,,,,,,,,,,,,,,0.083943,-2.388562,-1.679894,,,,,,
41586,,,,,,,,,,,,,,,,,,,,,,,-0.539118,-0.242780,0.724314,21.700001,2.240000,-191.800003
41587,,,,,,,,,,,,,-194.437134,-199.503555,-1.000000,-1.000000,,,,,,,,,,,,
41589,,,,0.915524,-0.402264,1.156808,1.110109,1.110109,,,,,,,,,,,,,,,,,,,,
41592,,,,,,,,,,,-789.738892,-692.778809,,,,,-2.041149,0.634605,2.828932,0.096065,-2.394825,-1.709174,,,,,,
41600,,,,,,,,,,,,,-198.703903,-204.235641,-1.000000,-1.000000,,,,,,,,,,,,
41603,,,,,,,,,,,,,,,,,,,,,,,-0.581147,-0.250100,0.764574,0.140000,-5.390000,-64.540001
41602,,,,,,,,,,,,,,,,,,,,0.108188,-2.400356,-1.735191,,,,,,
41607,,,,,,,,,,,,,-203.487061,-208.930542,-1.000000,-1.000000,,,,,,,,,,,,
41609,,,,,,,,,,,,,,,,,,,,,,,-0.581147,-0.250100,0.764574,7.910000,34.230000,-133.210007
41613,,,,,,,,,,,,,,,,,,,,0.119996,-2.405462,-1.763319,,,,,,
41616,,,,,,,,,,,,,,,,,,,,,,,-0.394060,-0.215574,0.545096,51.169998,-7.350000,-132.369995
41617,,,,,,,,,,,,,-207.582993,-212.714172,-1.000000,-1.000000,,,,,,,,,,,,
41623,,,,,,,,,,,,,,,,,,,,0.131595,-2.409666,-1.788839,,,,,,
41626,,,,,,,,,,,,,,,,,,,,,,,-0.394060,-0.215574,0.545096,4.200000,-10.780000,-107.449997
41627,,,,,,,,,,,,,-209.190979,-215.152664,-1.000000,-1.000000,,,,,,,,,,,,
41636,,,,,,,,,,,,,,,,,,,,,,,-0.555344,-0.266997,0.768234,10.430000,-21.490000,-118.160004
41633,,,,,,,,,,,,,,,,,,,,0.143041,-2.413385,-1.817126,,,,,,
41637,,,,,,,,,,,,,-212.250259,-218.364517,-1.000000,-1.000000,,,,,,,,,,,,
41639,,,,0.934508,-0.355942,1.206874,1.037585,1.037585,,,,,,,,,,,,,,,,,,,,
41642,,,,,,,,,,,-741.963135,-700.001892,,,,,-2.170422,0.282901,3.019626,,,,,,,,,
41640,,,,,,,,,,,,,,,,,,,,0.154304,-2.416995,-1.844906,,,,,,
41647,,,,,,,,,,,,,-215.518600,-220.663147,-1.000000,-1.000000,,,,,,,,,,,,
41648,,,,,,,,,,,,,,,,,,,,,,,-0.555344,-0.266997,0.768234,28.490000,-13.720000,-65.099998
41650,,,,,,,,,,,,,,,,,,,,0.165732,-2.419602,-1.869344,,,,,,
41658,,,,,,,,,,,,,-216.748703,-222.475143,-1.000000,-1.000000,,,,,,,,,,,,
41662,,,,,,,,,,,,,,,,,,,,,,,-0.468907,-0.222894,0.736636,5.320000,-67.760002,-94.010002
41663,,,,,,,,,,,,,,,,,,,,0.177009,-2.421782,-1.900156,,,,,,
41667,,,,,,,,,,,,,-218.554596,-224.042877,-1.000000,-1.000000,,,,,,,,,,,,
41668,,,,,,,,,,,,,,,,,,,,,,,-0.468907,-0.222894,0.736636,39.759998,-55.369999,-9.450000
41673,,,,,,,,,,,,,,,,,,,,0.188347,-2.423475,-1.930332,,,,,,
41676,,,,,,,,,,,,,,,,,,,,,,,-0.443226,-0.197274,0.590968,-38.919998,-91.070000,-66.989998
41677,,,,,,,,,,,,,-218.988251,-224.154465,-1.000000,-1.000000,,,,,,,,,,,,
41680,,,,,,,,,,,,,,,,,,,,0.199188,-2.424414,-1.950789,,,,,,
41686,,,,,,,,,,,,,,,,,,,,,,,-0.443226,-0.197274,0.590968,-22.260000,-11.340000,-141.399994
41687,,,,,,,,,,,,,-219.879990,-225.322937,-1.000000,-1.000000,,,,,,,,,,,,
41689,,,,0.950027,-0.312168,1.253323,0.965097,0.965097,,,,,,,,,,,,,,,,,,,,
41693,,,,,,,,,,,-1135.763916,-1137.553223,,,,,-2.225726,-0.065701,-3.085171,,,,,,,,,
41690,,,,,,,,,,,,,,,,,,,,0.210277,-2.425031,-1.973741,,,,,,
41697,,,,,,,,,,,,,-221.923309,-227.054001,-1.000000,-1.000000,,,,,,,,,,,,
41699,,,,,,,,,,,,,,,,,,,,,,,-0.514108,-0.259982,0.651297,-25.900000,-15.960000,-85.120003
41700,,,,,,,,,,,,,,,,,,,,0.221392,-2.425218,-2.003653,,,,,,
41707,,,,,,,,,,,,,-222.059204,-227.415359,-1.000000,-1.000000,,,,,,,-0.514108,-0.259982,0.651297,-7.280000,20.860001,-81.830002
41710,,,,,,,,,,,,,,,,,,,,0.232460,-2.424559,-2.026907,,,,,,
41718,,,,,,,,,,,,,-222.293945,-227.828262,-1.000000,-1.000000,,,,,,,,,,,,
41722,,,,,,,,,,,,,,,,,,,,,,,-0.456158,-0.257298,0.803431,21.629999,21.700001,-1.540000
41723,,,,,,,,,,,,,,,,,,,,0.243278,-2.423834,-2.049365,,,,,,
41727,,,,,,,,,,,,,-223.622070,-229.518784,-1.000000,-1.000000,,,,,,,,,,,,
41728,,,,,,,,,,,,,,,,,,,,,,,-0.456158,-0.257298,0.803431,67.410004,-2.170000,-74.760002
41736,,,,,,,,,,,,,,,,,,,,,,,-0.425597,-0.147559,0.617991,-16.450001,-22.889999,-27.719999
41737,,,,,,,,,,,,,-223.916626,-229.419952,-1.000000,-1.000000,,,,,,,,,,,,
41739,,,,0.962528,-0.271182,1.296175,0.892911,0.892911,,,,,,,,,,,,,,,,,,,,
41742,,,,,,,,,,,-1102.900391,-1128.154541,,,,,-2.229433,-0.336746,-2.942607,,,,,,,,,
41734,,,,,,,,,,,,,,,,,,,,0.254626,-2.422334,-2.072123,,,,,,
41741,,,,,,,,,,,,,,,,,,,,0.265589,-2.420224,-2.091650,,,,,,
41747,,,,,,,,,,,,,-224.600723,-229.796814,-1.000000,-1.000000,,,,,,,,,,,,
41749,,,,,,,,,,,,,,,,,,,,,,,-0.425597,-0.167872,0.699853,17.920000,-35.840000,-11.830000
41758,,,,,,,,,,,,,-224.547775,-229.407013,-1.000000,-1.000000,,,,,,,,,,,,
41751,,,,,,,,,,,,,,,,,,,,0.276825,-2.417936,-2.110509,,,,,,
41763,,,,,,,,,,,,,,,,,,,,,,,-0.469090,-0.167872,0.699853,24.500000,-19.180000,-12.670000
41761,,,,,,,,,,,,,,,,,,,,0.287819,-2.414913,-2.126495,,,,,,
41767,,,,,,,,,,,,,-224.388977,-230.376892,-1.000000,-1.000000,,,,,,,,,,,,
41769,,,,,,,,,,,,,,,,,,,,,,,-0.528016,-0.176534,0.781959,-21.700001,-0.070000,-3.570000
41771,,,,,,,,,,,,,,,,,,,,0.299024,-2.411481,-2.142192,,,,,,
41776,,,,,,,,,,,,,,,,,,,,,,,-0.528016,-0.176534,0.781959,-51.450001,64.680000,-40.880001
41777,,,,,,,,,,,,,-226.094574,-231.132812,-1.000000,-1.000000,,,,,,,,,,,,
41781,,,,,,,,,,,,,,,,,,,,0.310434,-2.407666,-2.154516,,,,,,
41786,,,,,,,,,,,,,,,,,,,,,,,-0.528016,-0.176534,0.673623,9.380000,-10.360000,-54.250000
41787,,,,,,,,,,,,,-226.582886,-231.372772,-1.000000,-1.000000,,,,,,,,,,,,
41789,,,,0.972438,-0.233163,1.335467,0.821304,0.821304,,,,,,,,,,,,,,,,,,,,
41792,,,,,,,,,,,-1045.001465,-1090.446167,,,,,-2.172613,-0.621449,-2.801800,,,,,,,,,
41791,,,,,,,,,,,,,,,,,,,,0.322016,-2.402911,-2.167617,,,,,,
41797,,,,,,,,,,,,,-226.522079,-231.095856,-1.000000,-1.000000,,,,,,,,,,,,
41799,,,,,,,,,,,,,,,,,,,,,,,-0.289201,-0.125233,0.673623,8.540000,-42.209999,-18.549999
41801,,,,,,,,,,,,,,,,,,,,0.333564,-2.397942,-2.176660,,,,,,
41807,,,,,,,,,,,,,-227.497513,-231.880692,-1.000000,-1.000000,,,,,,,-0.289201,-0.145485,0.606706,-14.350000,-11.410000,-24.709999
41818,,,,,,,,,,,,,-227.641022,-231.329025,-1.000000,-1.000000,,,,,,,,,,,,
41811,,,,,,,,,,,,,,,,,,,,0.345045,-2.392751,-2.186011,,,,,,
41822,,,,,,,,,,,,,,,,,,,,,,,-0.417606,-0.145485,0.606706,68.250000,5.390000,-32.619999
41821,,,,,,,,,,,,,,,,,,,,0.357154,-2.386450,-2.192559,,,,,,
41827,,,,,,,,,,,,,-227.472397,-231.195053,-1.000000,-1.000000,,,,,,,,,,,,
41828,,,,,,,,,,,,,,,,,,,,,,,-0.522709,-0.186294,0.800564,40.110001,-20.790001,-8.260000
41832,,,,,,,,,,,,,,,,,,,,0.369247,-2.380085,-2.198578,,,,,,
41836,,,,,,,,,,,,,,,,,,,,,,,-0.522709,-0.186294,0.800564,93.940002,16.170000,-2.590000
41837,,,,,,,,,,,,,-227.126419,-231.358093,-1.000000,-1.000000,,,,,,,,,,,,
41839,,,,0.980157,-0.198224,1.371250,0.750560,0.750560,,,,,,,,,,,,,,,,,,,,
41842,,,,,,,,,,,-1002.020203,-1053.990967,,,,,-2.116719,-0.774851,-2.717334,0.381080,-2.373585,-2.204957,,,,,,
41847,,,,,,,,,,,,,-226.358429,-231.003708,-1.000000,-1.000000,,,,,,,,,,,,
41848,,,,,,,,,,,,,,,,,,,,,,,-0.485316,-0.119316,0.788669,-23.450001,-56.000000,-15.750000
41853,,,,,,,,,,,,,,,,,,,,0.393608,-2.366059,-2.207973,,,,,,
41856,,,,,,,,,,,,,,,,,,,,,,,-0.485316,-0.119316,0.788669,14.560000,4.130000,12.810000
41857,,,,,,,,,,,,,-226.997147,-231.451050,-1.000000,-1.000000,,,,,,,,,,,,
41863,,,,,,,,,,,,,,,,,,,,0.405728,-2.358644,-2.207607,,,,,,
41866,,,,,,,,,,,,,,,,,,,,,,,-0.428769,-0.124806,0.559065,4.340000,-35.070000,-21.700001
41867,,,,,,,,,,,,,-227.507965,-231.817215,-1.000000,-1.000000,,,,,,,,,,,,
41877,,,,,,,,,,,,,-226.837677,-231.475266,-1.000000,-1.000000,,,,,,,,,,,,
41873,,,,,,,,,,,,,,,,,,,,0.418389,-2.350308,-2.207949,,,,,,
41882,,,,,,,,,,,,,,,,,,,,,,,-0.428769,-0.124806,0.559065,-21.840000,49.630001,17.570000
41883,,,,,,,,,,,,,,,,,,,,0.431109,-2.341489,-2.201559,,,,,,
41887,,,,,,,,,,,,,-227.327469,-231.229538,-1.000000,-1.000000,,,,,,,,,,,,
41888,,,,,,,,,,,,,,,,,,,,,,,-0.499346,-0.119682,0.735294,10.570000,55.580002,-41.090000
41890,,,,0.986053,-0.166429,1.403589,0.680973,0.680973,,,,,,,,,,,,,,,,,,,,
41893,,,,,,,,,,,-970.869629,-1021.572876,,,,,-2.072095,-0.836257,-2.676045,0.443748,-2.332619,-2.201497,,,,,,
41897,,,,,,,,,,,,,-228.159760,-231.993500,-1.000000,-1.000000,,,,,,,,,,,,
41899,,,,,,,,,,,,,,,,,,,,,,,-0.499346,-0.119682,0.735294,-24.570000,-31.290001,32.270000
41900,,,,,,,,,,,,,,,,,,,,0.456636,-2.323164,-2.195504,,,,,,
41906,,,,,,,,,,,,,,,,,,,,,,,-0.439017,-0.119682,0.678137,17.430000,24.709999,20.440001
41907,,,,,,,,,,,,,-227.215546,-232.093216,-1.000000,-1.000000,,,,,,,,,,,,
41910,,,,,,,,,,,,,,,,,,,,0.469731,-2.313225,-2.189059,,,,,,
41919,,,,,,,,,,,,,-228.127853,-232.231934,-1.000000,-1.000000,,,,,,,,,,,,
41922,,,,,,,,,,,,,,,,,,,,,,,-0.439017,-0.119682,0.678137,57.680000,34.299999,-14.630000
41920,,,,,,,,,,,,,,,,,,,,0.483151,-2.302743,-2.179646,,,,,,
41927,,,,,,,,,,,,,-227.887863,-232.045761,-1.000000,-1.000000,,,,,,,,,,,,
41928,,,,,,,,,,,,,,,,,,,,,,,-0.392291,-0.079666,0.655384,26.110001,-2.520000,49.209999
41931,,,,,,,,,,,,,,,,,,,,0.496242,-2.291867,-2.170427,,,,,,
41937,,,,,,,,,,,,,-227.475296,-232.040329,-1.000000,-1.000000,,,,,,,-0.392291,-0.079666,0.655384,13.230000,-5.670000,48.369999
41939,,,,0.990461,-0.137792,1.432564,0.612846,0.612846,,,,,,,,,,,,,,,,,,,,
41942,,,,,,,,,,,-956.234741,-1001.307556,,,,,-2.043674,-0.817807,-2.674409,,,,,,,,,
41941,,,,,,,,,,,,,,,,,,,,0.509576,-2.280724,-2.157669,,,,,,
41947,,,,,,,,,,,,,-229.283859,-232.559418,-1.000000,-1.000000,,,,,,,,,,,,
41949,,,,,,,,,,,,,,,,,,,,,,,-0.493063,-0.176229,0.742614,-37.240002,66.779999,87.639999
41951,,,,,,,,,,,,,,,,,,,,0.523578,-2.268944,-2.148286,,,,,,
41957,,,,,,,,,,,,,-229.176743,-232.983734,-1.000000,-1.000000,,,,,,,-0.493063,-0.176229,0.742614,-32.060001,-31.290001,98.769997
41961,,,,,,,,,,,,,,,,,,,,0.537153,-2.256630,-2.132710,,,,,,
41966,,,,,,,,,,,,,,,,,,,,,,,-0.358924,-0.137677,0.668743,17.010000,-40.599998,168.559998
41967,,,,,,,,,,,,,-229.979660,-233.182861,-1.000000,-1.000000,,,,,,,,,,,,
41977,,,,,,,,,,,,,-228.715683,-232.431473,-1.000000,-1.000000,,,,,,,,,,,,
41971,,,,,,,,,,,,,,,,,,,,0.551267,-2.244049,-2.113878,,,,,,
41982,,,,,,,,,,,,,,,,,,,,,,,-0.358924,-0.137677,0.668743,-4.690000,-69.300003,159.320007
41981,,,,,,,,,,,,,,,,,,,,0.564893,-2.231542,-2.094840,,,,,,
41987,,,,,,,,,,,,,-228.227310,-232.546646,-1.000000,-1.000000,,,,,,,,,,,,
41988,,,,,,,,,,,,,,,,,,,,,,,-0.468602,-0.144204,0.674843,23.100000,25.270000,188.369995
41990,,,,0.993676,-0.112286,1.458273,0.546492,0.546492,,,,,,,,,,,,,,,,,,,,
41993,,,,,,,,,,,-954.524658,-989.557617,,,,,-2.032025,-0.716111,-2.716399,,,,,,,,,
41991,,,,,,,,,,,,,,,,,,,,0.578478,-2.217942,-2.072087,,,,,,
41997,,,,,,,,,,,,,-228.868469,-233.602402,-1.000000,-1.000000,,,,,,,,,,,,
42000,,,,,,,,,,,,,,,,,,,,,,,-0.415227,-0.180560,0.606279,-5.320000,18.969999,164.429993
42001,,,,,,,,,,,,,,,,,,,,0.592533,-2.203781,-2.045866,,,,,,
42007,,,,,,,,,,,,,-230.316223,-234.299362,-1.000000,-1.000000,,,,,,,-0.415227,-0.180560,0.606279,-22.120001,-53.619999,133.000000
42011,,,,,,,,,,,,,,,,,,,,0.606452,-2.189378,-2.023468,,,,,,
42016,,,,,,,,,,,,,,,,,,,,,,,-0.415227,-0.183915,0.732732,-32.619999,-15.120000,173.389999
42017,,,,,,,,,,,,,-230.144775,-234.073288,-1.000000,-1.000000,,,,,,,,,,,,
42022,,,,,,,,,,,,,,,,,,,,0.620389,-2.174295,-1.993998,,,,,,
42026,,,,,,,,,,,,,,,,,,,,,,,-0.472323,-0.183915,0.732732,-16.660000,-12.530000,156.800003
42027,,,,,,,,,,,,,-230.581924,-233.887375,-1.000000,-1.000000,,,,,,,,,,,,
42037,,,,,,,,,,,,,,,-1.000000,-1.000000,,,,,,,,,,,,
42038,,,,,,,,,,,,,-230.115051,-233.927780,,,,,,,,,,,,,,
42040,,,,0.995956,-0.089847,1.480828,0.482232,0.482232,,,,,,,,,,,,,,,,,,,,
42043,,,,,,,,,,,-967.415405,-992.034973,,,,,-2.038022,-0.542849,-2.793877,,,,,,,,,
42032,,,,,,,,,,,,,,,,,,,,0.634856,-2.158811,-1.960862,,,,,,
42042,,,,,,,,,,,,,,,,,,,,0.648545,-2.142381,-1.927356,,,,,,
42047,,,,,,,,,,,,,-230.555923,-234.323608,-1.000000,-1.000000,,,,,,,-0.418826,-0.238876,0.701317,11.200000,-3.920000,135.729996
42053,,,,,,,,,,,,,,,,,,,,,,,-0.418826,-0.238876,0.701317,43.540001,-22.750000,67.129997
42052,,,,,,,,,,,,,,,,,,,,0.661952,-2.126194,-1.899989,,,,,,
42057,,,,,,,,,,,,,-231.842194,-233.829437,-1.000000,-1.000000,,,,,,,,,,,,
42059,,,,,,,,,,,,,,,,,,,,,,,-0.356789,-0.233813,0.618418,-17.780001,-0.560000,172.270004
42062,,,,,,,,,,,,,,,,,,,,0.675802,-2.109570,-1.869344,,,,,,
42066,,,,,,,,,,,,,,,,,,,,,,,-0.356789,-0.233813,0.618418,-9.940000,6.650000,143.500000
42067,,,,,,,,,,,,,-231.389542,-233.611877,-1.000000,-1.000000,,,,,,,,,,,,
42072,,,,,,,,,,,,,,,,,,,,0.688867,-2.092210,-1.831515,,,,,,
42077,,,,,,,,,,,,,-232.310699,-234.180573,-1.000000,-1.000000,,,,,,,-0.544242,-0.337086,0.858575,-25.900000,-6.650000,272.929993
42083,,,,,,,,,,,,,,,,,,,,0.702401,-2.074425,-1.792421,,,,,,
42086,,,,,,,,,,,,,,,,,,,,,,,-0.544242,-0.337086,0.858575,-25.830000,4.410000,229.039993
42087,,,,,,,,,,,,,-232.878006,-234.451309,-1.000000,-1.000000,,,,,,,,,,,,
42089,,,,0.997520,-0.070379,1.500359,0.420396,0.420396,,,,,,,,,,,,,,,,,,,,
42092,,,,,,,,,,,-981.179688,-989.101013,,,,,-2.011125,-0.183296,-2.974253,,,,,,,,,
42098,,,,,,,,,,,,,-232.557938,-234.363495,-1.000000,-1.000000,,,,,,,,,,,,
42093,,,,,,,,,,,,,,,,,,,,0.715923,-2.056277,-1.760740,,,,,,
42104,,,,,,,,,,,,,,,,,,,,,,,-0.377407,-0.297863,0.766648,-21.280001,-3.430000,94.570000
42103,,,,,,,,,,,,,,,,,,,,0.728169,-2.037621,-1.709909,,,,,,
42107,,,,,,,,,,,,,-233.661194,-234.547272,-1.000000,-1.000000,,,,,,,,,,,,
42110,,,,,,,,,,,,,,,,,,,,0.740826,-2.019302,-1.668709,-0.377407,-0.297863,0.766648,43.259998,102.480003,244.020004
42116,,,,,,,,,,,,,,,,,,,,,,,-0.411689,-0.304268,0.575291,8.680000,91.209999,187.460007
42117,,,,,,,,,,,,,-233.828735,-235.121719,-1.000000,-1.000000,,,,,,,,,,,,
42120,,,,,,,,,,,,,,,,,,,,0.753316,-1.999773,-1.623337,,,,,,
42126,,,,,,,,,,,,,,,,,,,,,,,-0.411689,-0.304268,0.575291,-7.770000,13.090000,64.120003
42127,,,,,,,,,,,,,-234.737457,-235.825363,-1.000000,-1.000000,,,,,,,,,,,,
42133,,,,,,,,,,,,,,,,,,,,0.764819,-1.979764,-1.571445,,,,,,
42136,,,,,,,,,,,,,,,,,,,,,,,-0.331047,-0.304451,0.737368,-21.139999,17.290001,66.709999
42137,,,,,,,,,,,,,-235.576767,-235.955948,-1.000000,-1.000000,,,,,,,,,,,,
42139,,,,0.998554,-0.053758,1.517012,0.361324,0.361324,,,,,,,,,,,,,,,,,,,,
42142,,,,,,,,,,,-566.428955,-557.437744,,,,,-1.922206,0.199745,3.106530,,,,,,,,,
42141,,,,,,,,,,,,,,,,,,,,0.776698,-1.959702,-1.521208,,,,,,
42147,,,,,,,,,,,,,-233.084824,-235.091156,-1.000000,-1.000000,,,,,,,,,,,,
42149,,,,,,,,,,,,,,,,,,,,,,,-0.331047,-0.304451,0.737368,1.680000,19.320000,65.029999
42158,,,,,,,,,,,,,-232.936508,-235.568726,-1.000000,-1.000000,,,,,,,,,,,,
42151,,,,,,,,,,,,,,,,,,,,0.787665,-1.939242,-1.461221,,,,,,
42162,,,,,,,,,,,,,,,,,,,,,,,-0.623786,-0.606828,0.999119,-56.070000,-68.250000,122.430000
42161,,,,,,,,,,,,,,,,,,,,0.797681,-1.919396,-1.399135,,,,,,
42167,,,,,,,,,,,,,-235.328873,-236.232422,-1.000000,-1.000000,,,,,,,,,,,,
42169,,,,,,,,,,,,,,,,,,,,,,,-0.623786,-0.606828,0.462746,-23.379999,-26.320000,168.350006
42171,,,,,,,,,,,,,,,,,,,,0.808180,-1.897614,-1.338065,,,,,,
42176,,,,,,,,,,,,,,,,,,,,,,,-0.184525,-0.160064,0.462746,13.370000,-91.980003,103.739998
42177,,,,,,,,,,,,,-238.585938,-238.249420,-1.000000,-1.000000,,,,,,,,,,,,
42181,,,,,,,,,,,,,,,,,,,,0.818418,-1.875917,-1.285545,,,,,,
42186,,,,,,,,,,,,,,,,,,,,,,,-0.184525,-0.160064,0.462746,-40.459999,-10.220000,316.260010
42187,,,,,,,,,,,,,-238.092560,-238.907837,-1.000000,-1.000000,,,,,,,,,,,,
42189,,,,0.999206,-0.039833,1.530953,0.305363,0.305363,,,,,,,,,,,,,,,,,,,,
42192,,,,,,,,,,,-562.448242,-534.300354,,,,,-1.721335,0.643248,2.845089,,,,,,,,,
42191,,,,,,,,,,,,,,,,,,,,0.827812,-1.853974,-1.220418,,,,,,
42200,,,,,,,,,,,,,-235.655502,-238.023590,-1.000000,-1.000000,,,,,,,,,,,,
42201,,,,,,,,,,,,,,,,,,,,0.836448,-1.832384,-1.144027,,,,,,
42205,,,,,,,,,,,,,,,,,,,,,,,-0.366976,-0.357948,0.660752,8.330000,-29.190001,559.299988
42207,,,,,,,,,,,,,-236.332733,-238.325241,-1.000000,-1.000000,,,,,,,,,,,,
42211,,,,,,,,,,,,,,,,,,,,,,,-0.492514,-0.578097,0.850035,26.670000,21.559999,501.760010
42212,,,,,,,,,,,,,,,,,,,,0.844696,-1.811999,-1.072886,,,,,,
42217,,,,,,,,,,,,,-238.376938,-240.053436,-1.000000,-1.000000,,,,,,,-0.492514,-0.578097,0.850035,19.530001,74.550003,470.190002
42222,,,,,,,,,,,,,,,,,,,,0.852199,-1.789375,-0.999226,,,,,,
42226,,,,,,,,,,,,,,,,,,,,,,,-0.492514,-0.083570,0.427732,-30.240000,139.369995,370.579987
42227,,,,,,,,,,,,,-240.721512,-242.132111,-1.000000,-1.000000,,,,,,,,,,,,
42232,,,,,,,,,,,,,,,,,,,,0.859468,-1.766291,-0.930282,,,,,,
42236,,,,,,,,,,,,,,,,,,,,,,,-0.104249,-0.083570,0.427732,-12.320000,8.890000,352.589996
42237,,,,,,,,,,,,,-239.082245,-241.905212,-1.000000,-1.000000,,,,,,,,,,,,
42239,,,,0.999596,-0.028429,1.542363,0.252871,0.252871,,,,,,,,,,,,,,,,,,,,
42242,,,,,,,,,,,-505.905487,-465.825500,,,,,-1.344869,1.099892,2.512758,,,,,,,,,
42243,,,,,,,,,,,,,,,,,,,,0.865903,-1.744032,-0.847285,,,,,,
42247,,,,,,,,,,,,,-235.639267,-240.275192,-1.000000,-1.000000,,,,,,,,,,,,
42249,,,,,,,,,,,,,,,,,,,,,,,-0.706380,-0.747494,1.097817,-10.150000,5.110000,266.209991
42258,,,,,,,,,,,,,-234.988937,-240.398727,-1.000000,-1.000000,,,,,,,,,,,,
42253,,,,,,,,,,,,,,,,,,,,0.872045,-1.722291,-0.763393,,,,,,
42263,,,,,,,,,,,,,,,,,,,,,,,-0.706380,-0.747494,1.097817,-27.580000,4.410000,455.140015
42261,,,,,,,,,,,,,,,,,,,,0.877473,-1.700799,-0.674605,,,,,,
42267,,,,,,,,,,,,,-237.139755,-241.691559,-1.000000,-1.000000,,,,,,,,,,,,
42269,,,,,,,,,,,,,,,,,,,,,,,-0.292678,-0.300852,0.614941,-64.610001,-4.900000,554.539978
42271,,,,,,,,,,,,,,,,,,,,0.881724,-1.678118,-0.584146,,,,,,
42277,,,,,,,,,,,,,-238.648087,-241.949341,-1.000000,-1.000000,,,,,,,-0.292678,-0.300852,0.614941,-30.170000,-17.570000,353.290009
42281,,,,,,,,,,,,,,,,,,,,0.885654,-1.655782,-0.506509,,,,,,
42286,,,,,,,,,,,,,,,,,,,,,,,-0.476349,-0.360571,0.660569,7.490000,16.870001,712.739990
42287,,,,,,,,,,,,,-235.461029,-241.079895,-1.000000,-1.000000,,,,,,,,,,,,
42289,,,,0.999813,-0.019351,1.551445,0.204215,0.204215,,,,,,,,,,,,,,,,,,,,
42292,,,,,,,,,,,-353.763184,-315.274292,,,,,-0.755136,1.452449,2.107560,,,,,,,,,
42291,,,,,,,,,,,,,,,,,,,,0.888961,-1.634037,-0.406942,,,,,,
42300,,,,,,,,,,,,,-233.838242,-240.227417,-1.000000,-1.000000,,,,,,,,,,,,
42304,,,,,,,,,,,,,,,,,,,,,,,-0.476349,-0.360571,0.831186,5.950000,26.110001,614.669983
42301,,,,,,,,,,,,,,,,,,,,0.892509,-1.612552,-0.308574,,,,,,
42307,,,,,,,,,,,,,-234.492889,-241.509674,-1.000000,-1.000000,,,,,,,,,,,,
42310,,,,,,,,,,,,,,,,,,,,,,,-0.581452,-0.465674,0.831186,-13.160000,-9.030000,255.570007
42312,,,,,,,,,,,,,,,,,,,,0.894783,-1.591090,-0.207926,,,,,,
42316,,,,,,,,,,,,,,,,,,,,,,,-0.581452,-0.465674,0.831186,-45.430000,-46.270000,207.410004
42317,,,,,,,,,,,,,-236.170853,-242.074783,-1.000000,-1.000000,,,,,,,,,,,,
42322,,,,,,,,,,,,,,,,,,,,0.895964,-1.569633,-0.102418,,,,,,
42326,,,,,,,,,,,,,,,,,,,,,,,-0.354227,-0.196542,0.513803,-38.570000,-64.330002,262.989990
42327,,,,,,,,,,,,,-234.542908,-241.139053,-1.000000,-1.000000,,,,,,,,,,,,
42332,,,,,,,,,,,,,,,,,,,,0.897355,-1.548101,-0.011373,,,,,,
42336,,,,,,,,,,,,,,,,,,,,,,,-0.354227,-0.196542,0.513803,-28.490000,35.070000,255.710007
42337,,,,,,,,,,,,,-230.725067,-240.105637,-1.000000,-1.000000,,,,,,,,,,,,
42339,,,,0.999923,-0.012379,1.558417,0.159769,0.159769,,,,,,,,,,,,,,,,,,,,
42342,,,,,,,,,,,-13.726184,17.306231,,,,,0.005126,1.540753,1.630651,0.898474,-1.528105,0.104929,,,,,,
42347,,,,,,,,,,,,,-229.638367,-239.785553,1.000000,1.000000,,,,,,,,,,,,
42349,,,,,,,,,,,,,,,,,,,,,,,-0.914085,-0.569740,1.029070,-37.869999,27.440001,683.200012
42358,,,,,,,,,,,,,-227.957291,-236.977631,1.000000,1.000000,,,,,,,,,,,,
42352,,,,,,,,,,,,,,,,,,,,0.899183,-1.508290,0.221527,,,,,,
42363,,,,,,,,,,,,,,,,,,,,,,,-0.914085,-0.569740,1.029070,-36.750000,-6.650000,477.959991
42362,,,,,,,,,,,,,,,,,,,,0.898565,-1.488535,0.339046,,,,,,
42367,,,,,,,,,,,,,-218.462311,-228.590973,1.000000,1.000000,,,,,,,,,,,,
42369,,,,,,,,,,,,,,,,,,,,,,,-0.175619,-0.091073,0.331596,-21.350000,-20.790001,668.429993
42373,,,,,,,,,,,,,,,,,,,,0.897618,-1.469172,0.454940,,,,,,
42376,,,,,,,,,,,,,,,,,,,,,,,-0.175619,-0.091073,0.331596,0.630000,-31.850000,780.640015
42377,,,,,,,,,,,,,-199.690048,-210.402084,1.000000,1.000000,,,,,,,,,,,,
42383,,,,,,,,,,,,,,,,,,,,0.896669,-1.450874,0.583814,,,,,,
42386,,,,,,,,,,,,,,,1.000000,1.000000,,,,,,,-0.961116,-0.615063,1.249951,-4.760000,-13.510000,771.049988
42387,,,,,,,,,,,,,-171.867157,-183.079102,,,,,,,,,,,,,,
42388,,,,0.999974,-0.007277,1.563520,0.119919,0.119919,,,,,,,,,,,,,,,,,,,,
42391,,,,,,,,,,,375.173859,393.348114,,,,,0.814324,1.206454,1.044672,,,,,,,,,
42393,,,,,,,,,,,,,,,,,,,,0.895895,-1.433260,0.712647,,,,,,
42397,,,,,,,,,,,,,-137.832184,-148.829803,1.000000,1.000000,,,,,,,-0.961116,-0.615063,1.249951,-18.549999,-63.840000,789.179993
42403,,,,,,,,,,,,,,,,,,,,0.893648,-1.417495,0.853264,,,,,,
42406,,,,,,,,,,,,,,,,,,,,,,,-0.359412,-0.261202,0.579073,-18.549999,-182.139999,777.280029
42407,,,,,,,,,,,,,-100.433334,-110.837738,1.000000,1.000000,,,,,,,,,,,,
42417,,,,,,,,,,,,,-66.441696,-71.477127,1.000000,1.000000,,,,,,,,,,,,
42413,,,,,,,,,,,,,,,,,,,,0.891837,-1.401558,0.979764,,,,,,
42422,,,,,,,,,,,,,,,,,,,,,,,-0.359412,-0.261202,0.874252,-87.709999,-207.199997,539.419983
42423,,,,,,,,,,,,,,,,,,,,0.889563,-1.387137,1.095230,,,,,,
42427,,,,,,,,,,,,,-33.873756,-32.461781,1.000000,1.000000,,,,,,,,,,,,
42428,,,,,,,,,,,,,,,,,,,,,,,-0.003355,-0.652273,0.874252,1.610000,-98.349998,478.170013
42430,,,,,,,,,,,,,,,,,,,,0.889903,-1.371873,1.181026,,,,,,
42436,,,,,,,,,,,,,,,,,,,,,,,-0.003355,-0.652273,0.934764,25.969999,36.259998,479.709991
42437,,,,,,,,,,,,,-0.219067,4.232311,1.000000,1.000000,,,,,,,,,,,,
42439,,,,0.999993,-0.003784,1.567013,0.085059,0.085059,,,,,,,,,,,,,,,,,,,,
42442,,,,,,,,,,,584.439331,590.254150,,,,,1.287204,0.475376,0.423744,,,,,,,,,
42441,,,,,,,,,,,,,,,,,,,,0.891381,-1.354600,1.254362,,,,,,
42447,,,,,,,,,,,,,33.731480,39.144859,1.000000,1.000000,,,,,,,,,,,,
42449,,,,,,,,,,,,,,,,,,,,,,,0.081496,-0.531737,0.934764,35.770000,34.299999,474.459991
42451,,,,,,,,,,,,,,,,,,,,0.892576,-1.338658,1.341469,,,,,,
42456,,,,,,,,,,,,,,,,,,,,,,,-0.055449,-0.021106,0.070455,59.709999,13.160000,476.489990
42457,,,,,,,,,,,,,65.510849,70.065666,1.000000,1.000000,,,,,,,,,,,,
42462,,,,,,,,,,,,,,,,,,,,0.893945,-1.321406,1.419868,,,,,,
42466,,,,,,,,,,,,,,,,,,,,,,,-0.055449,-0.021106,0.070455,-1.470000,35.700001,559.440002
42467,,,,,,,,,,,,,92.470970,94.106323,1.000000,1.000000,,,,,,,,,,,,
42472,,,,,,,,,,,,,,,,,,,,0.894239,-1.304708,1.524989,,,,,,
42477,,,,,,,,,,,,,110.881699,113.275429,1.000000,1.000000,,,,,,,,,,,,
42482,,,,,,,,,,,,,,,,,,,,0.895409,-1.285516,1.601683,0.454389,-0.000671,1.164917,-0.910000,-25.900000,273.700012
42487,,,,,,,,,,,,,,,,,,,,,,,0.454389,-0.000671,1.164917,18.200001,28.770000,353.079987
42489,,,,0.999999,-0.001621,1.569175,0.055590,0.055590,,,,,,,,,,,,,,,,,,,,
42492,,,,,,,,,,,556.479492,556.574768,,,,,1.278753,-0.091796,0.004099,0.896297,-1.268182,1.699803,,,,,,
42493,,,,,,,,,,,,,128.799591,128.704544,1.000000,1.000000,,,,,,,,,,,,
42499,,,,,,,,,,,,,,,,,,,,,,,0.512278,0.137494,1.034621,-11.480000,28.629999,573.440002
42503,,,,,,,,,,,,,,,,,,,,0.896731,-1.249721,1.804352,,,,,,
42506,,,,,,,,,,,,,,,,,,,,,,,0.512278,0.137494,1.034621,-7.840000,52.290001,521.640015
42507,,,,,,,,,,,,,145.851624,145.368637,1.000000,1.000000,,,,,,,,,,,,
42520,,,,,,,,,,,,,162.036743,158.702469,1.000000,1.000000,,,,,,,,,,,,
42513,,,,,,,,,,,,,,,,,,,,0.897588,-1.230878,1.894454,,,,,,
42525,,,,,,,,,,,,,,,,,,,,,,,0.139019,0.047824,0.636352,-86.309998,3.010000,612.710022
42523,,,,,,,,,,,,,,,,,,,,0.897600,-1.210770,1.985045,,,,,,
42527,,,,,,,,,,,,,175.867493,169.835114,1.000000,1.000000,,,,,,,,,,,,
42531,,,,,,,,,,,,,,,,,,,,,,,0.139019,0.047824,0.636352,-22.680000,21.980000,596.539978
42530,,,,,,,,,,,,,,,,,,,,0.896910,-1.190942,2.089049,,,,,,
42537,,,,,,,,,,,,,186.550598,179.911087,1.000000,1.000000,,,,,,,0.326533,0.285114,0.941596,76.720001,-12.180000,576.099976
42539,,,,1.000000,-0.000488,1.570309,0.031924,0.031924,,,,,,,,,,,,,,,,,,,,
42543,,,,,,,,,,,385.747314,384.117889,,,,,1.011000,-0.621911,-0.465448,,,,,,,,,
42541,,,,,,,,,,,,,,,,,,,,0.896504,-1.170842,2.186924,,,,,,
42547,,,,,,,,,,,,,196.638931,186.384766,1.000000,1.000000,,,,,,,,,,,,
42549,,,,,,,,,,,,,,,,,,,,,,,0.326533,0.285114,0.941596,-33.389999,-52.570000,359.029999
42551,,,,,,,,,,,,,,,,,,,,0.895012,-1.151032,2.297591,,,,,,
42557,,,,,,,,,,,,,204.710587,193.988937,1.000000,1.000000,,,,,,,0.334707,0.409066,1.094523,-32.970001,-0.700000,231.279999
42561,,,,,,,,,,,,,,,,,,,,0.893115,-1.131142,2.408561,,,,,,
42566,,,,,,,,,,,,,,,,,,,,,,,0.334707,0.409066,1.094523,6.720000,-27.510000,493.779999
42567,,,,,,,,,,,,,212.096542,200.187439,1.000000,1.000000,,,,,,,,,,,,
42578,,,,,,,,,,,,,219.295105,206.357849,1.000000,1.000000,,,,,,,,,,,,
42572,,,,,,,,,,,,,,,,,,,,0.891111,-1.110855,2.514282,,,,,,
42582,,,,,,,,,,,,,,,,,,,,0.887565,-1.090190,2.626712,0.270352,0.289384,0.807274,-45.080002,14.350000,687.609985
42587,,,,,,,,,,,,,225.199860,210.500244,1.000000,1.000000,,,,,,,,,,,,
42588,,,,,,,,,,,,,,,,,,,,,,,0.270352,0.289384,0.807274,-18.340000,18.690001,653.940002
42590,,,,1.000000,-0.000062,1.570734,0.014482,0.014482,,,,,,,,,,,,,,,,,,,,
42593,,,,,,,,,,,162.214355,160.596375,,,,,0.490624,-0.973506,-0.995120,,,,,,,,,
42592,,,,,,,,,,,,,,,,,,,,0.883982,-1.070080,2.734674,,,,,,
42597,,,,,,,,,,,,,228.915009,212.713089,-0.164072,0.014182,,,,,,,,,,,,
42600,,,,,,,,,,,,,,,,,,,,,,,0.170800,0.362767,0.896273,-57.330002,-67.970001,605.570007
42602,,,,,,,,,,,,,,,,,,,,0.880182,-1.050300,2.852743,,,,,,
42606,,,,,,,,,,,,,,,,,,,,,,,0.170800,0.362767,0.896273,-38.570000,-35.279999,356.019989
42607,,,,,,,,,,,,,225.028885,208.649155,-0.114760,0.065750,,,,,,,,,,,,
42612,,,,,,,,,,,,,,,,,,,,0.876062,-1.031094,2.975435,,,,,,
42616,,,,,,,,,,,,,,,,,,,,,,,0.387106,0.597068,1.156194,15.890000,-5.110000,336.279999
42617,,,,,,,,,,,,,210.230377,196.448471,0.073022,0.220568,,,,,,,,,,,,
42622,,,,,,,,,,,,,,,,,,,,0.870513,-1.011480,3.100121,,,,,,
42626,,,,,,,,,,,,,,,,,,,,,,,0.387106,0.597068,1.156194,-20.020000,17.780001,228.550003
42627,,,,,,,,,,,,,190.636124,181.789688,0.321659,0.406577,,,,,,,,,,,,
42637,,,,,,,,,,,,,170.483383,166.754471,0.577382,0.597363,,,,,,,,,,,,
42632,,,,,,,,,,,,,,,,,,,,0.864469,-0.992930,-3.064083,,,,,,
42639,,,,1.000000,-0.000000,1.570796,0.003695,0.003695,,,,,,,,,,,,,,,,,,,,
42642,,,,,,,,,,,-67.200539,-67.734047,,,,,-0.175145,-0.992504,-1.607295,,,,,,,,,
42643,,,,,,,,,,,,,,,,,,,,0.858538,-0.974743,-2.936458,,,,,,
42647,,,,,,,,,,,,,154.274902,154.927979,-0.282661,-0.284905,,,,,,,0.161894,0.366915,0.534177,-29.540001,10.430000,610.119995
42652,,,,,,,,,,,,,,,,,,,,,,,0.233630,0.810568,1.328519,-33.040001,-25.480000,574.630005
42653,,,,,,,,,,,,,,,,,,,,0.851915,-0.957632,-2.816421,,,,,,
42657,,,,,,,,,,,,,139.023743,141.301392,-0.282661,-0.284905,,,,,,,0.233630,0.810568,1.328519,-40.880001,16.870001,590.169983
42665,,,,,,,,,,,,,,,,,,,,,,,0.106628,0.354654,0.628178,-60.480000,30.940001,715.539978
42663,,,,,,,,,,,,,,,,,,,,0.845839,-0.940954,-2.692291,,,,,,
42667,,,,,,,,,,,,,117.523712,122.185905,-0.282661,-0.284905,,,,,,,,,,,,
42676,,,,,,,,,,,,,,,,,,,,,,,0.106628,0.354654,0.628178,5.460000,17.010000,666.679993
42673,,,,,,,,,,,,,,,,,,,,0.838969,-0.925243,-2.572138,,,,,,
42677,,,,,,,,,,,,,94.511909,101.167511,-0.282661,-0.284905,,,,,,,,,,,,
42680,,,,,,,,,,,,,,,,,,,,0.832943,-0.910395,-2.461545,,,,,,
42686,,,,,,,,,,,,,,,,,,,,,,,0.005856,1.001010,1.459303,-37.380001,38.220001,610.679993
42687,,,,,,,,,,,,,72.391190,81.831047,-0.282661,-0.284905,,,,,,,,,,,,
42689,,,,1.000000,-0.000000,1.570796,0.003695,0.003695,,,,,,,,,,,,,,,,,,,,
42691,,,,,,,,,,,-306.374420,-306.753662,,,,,,,,,,,,,,,,
42692,,,,,,,,,,,,,,,,,-0.680475,-0.636635,-2.213610,,,,,,,,,
42690,,,,,,,,,,,,,,,,,,,,0.827489,-0.895796,-2.351676,,,,,,
42698,,,,,,,,,,,,,52.267921,63.091286,-1.000000,-1.000000,,,,,,,,,,,,
42703,,,,,,,,,,,,,,,,,,,,,,,0.005856,1.001010,0.556747,-49.770000,63.349998,570.429993
42701,,,,,,,,,,,,,,,,,,,,0.822361,-0.882062,-2.254270,,,,,,
42707,,,,,,,,,,,,,31.791742,43.464096,-1.000000,-1.000000,,,,,,,,,,,,
42709,,,,,,,,,,,,,,,,,,,,,,,-0.058194,0.373442,0.556747,-62.650002,69.720001,556.289978
42711,,,,,,,,,,,,,,,,,,,,0.817787,-0.868465,-2.155130,,,,,,
42716,,,,,,,,,,,,,,,,,,,,,,,-0.058194,0.373442,0.556747,-64.750000,82.949997,521.219971
42717,,,,,,,,,,,,,6.963984,21.181898,-1.000000,-1.000000,,,,,,,,,,,,
42721,,,,,,,,,,,,,,,,,,,,0.813819,-0.855683,-2.065611,,,,,,
