ts,x,y,yaw,x_des,y_des,yaw_des,v_ff,w_ff,v_actual,w_actual,omega_l_cmd,omega_r_cmd,omega_l_meas,omega_r_meas,duty_l,duty_r,x_err,y_err,yaw_err,x_raw,y_raw,yaw_raw,acc_x,acc_y,acc_z,gyro_x,gyro_y,gyro_z
48741,,,,,,,,,-0.000000,0.000000,,,0.000000,0.000000,0.000000,0.000000,,,,,,,,,,,,
48749,,,,,,,,,,,,,,,0.000000,0.000000,,,,-0.541595,-0.986731,1.240420,,,,,,
48752,,,,,,,,,-0.000000,0.000000,,,0.000000,0.000000,,,,,,,,,,,,,,
48759,,,,,,,,,,,,,0.000000,0.000000,0.000000,0.000000,,,,-0.541595,-0.986729,1.240420,,,,,,
48762,,,,,,,,,-0.000000,0.000000,,,,,,,,,,,,,,,,,,
48770,,,,,,,,,-0.000000,0.000000,,,0.000000,0.000000,0.000000,0.000000,,,,-0.541573,-0.986712,1.240420,,,,,,
48779,,,,,,,,,,,,,0.000000,0.000000,0.000000,0.000000,,,,-0.541581,-0.986717,1.240420,,,,,,
48782,,,,,,,,,-0.000000,0.000000,,,,,,,,,,,,,,,,,,
48790,-0.541591,-0.986720,1.240420,-0.499999,-0.999494,1.569382,0.003836,-0.004677,-0.000000,0.000000,0.599090,0.647469,,,0.006111,0.006604,0.001409,-0.043486,0.328962,-0.541591,-0.986720,1.240420,,,,,,
48793,,,,,,,,,,,,,0.000000,0.000000,,,,,,,,,,,,,,
48800,,,,,,,,,-0.000000,0.000000,,,0.000000,0.000000,0.006231,0.006734,,,,-0.541588,-0.986718,1.240420,,,,,,
48810,,,,,,,,,-0.000000,0.000000,,,0.000000,0.000000,0.006350,0.006863,,,,-0.541581,-0.986713,1.240420,,,,,,
48820,,,,,,,,,-0.000000,0.000000,,,0.000000,0.000000,0.006470,0.006993,,,,-0.541578,-0.986713,1.240420,,,,,,
48829,,,,,,,,,,,,,,,0.006590,0.007122,,,,-0.541595,-0.986722,1.240420,,,,,,
48832,,,,,,,,,-0.000000,0.000000,,,0.000000,0.000000,,,,,,,,,,,,,,
48839,-0.541585,-0.986717,1.240416,-0.499997,-0.998320,1.567945,0.015022,-0.018352,,,,,,,,,,,,-0.541584,-0.986716,1.240416,,,,,,
48842,,,,,,,,,-0.000000,0.000000,1.502327,1.690487,0.000000,0.000000,0.015923,0.017890,0.002515,-0.043103,0.327529,,,,,,,,,
48849,,,,,,,,,,,,,,,,,,,,-0.541575,-0.986712,1.240420,,,,,,
48855,,,,,,,,,-0.000000,0.000000,,,0.000000,0.000000,0.016223,0.018229,,,,,,,,,,,,
48860,,,,,,,,,-0.000000,0.000000,,,0.000000,0.000000,0.016524,0.018567,,,,-0.541588,-0.986722,1.240420,,,,,,
48869,,,,,,,,,,,,,,,0.016824,0.018905,,,,-0.541588,-0.986722,1.240420,,,,,,
48872,,,,,,,,,-0.000000,0.000000,,,0.000000,0.000000,,,,,,,,,,,,,,
48879,,,,,,,,,,,,,0.000000,0.000000,0.017125,0.019243,,,,-0.541594,-0.986723,1.240420,,,,,,
48882,,,,,,,,,-0.000000,0.000000,,,,,,,,,,,,,,,,,,
48889,-0.541578,-0.986717,1.240420,-0.499988,-0.996087,1.565197,0.033037,-0.040511,,,,,,,,,,,,-0.541577,-0.986717,1.240420,,,,,,
48892,,,,,,,,,-0.000000,0.000000,3.054479,3.462811,0.000000,0.000000,0.033257,0.037659,0.004629,-0.042380,0.324778,,,,,,,,,
48899,,,,,,,,,,,,,,,,,,,,-0.541587,-0.986721,1.240420,,,,,,
48902,,,,,,,,,-0.000000,0.000000,,,0.000000,0.000000,0.033868,0.038351,,,,,,,,,,,,
48909,,,,,,,,,,,,,,,,,,,,-0.541590,-0.986724,1.240420,,,,,,
48915,,,,,,,,,-0.000000,0.000000,,,0.000000,0.000000,0.034479,0.039044,,,,,,,,,,,,
48920,,,,,,,,,-0.000000,0.000000,,,0.000000,0.000000,0.035090,0.039736,,,,-0.541578,-0.986712,1.240420,,,,,,
48929,,,,,,,,,,,,,,,0.035701,0.040429,,,,-0.541594,-0.986720,1.240420,,,,,,
48932,,,,,,,,,-0.000000,0.000000,,,0.000000,0.000000,,,,,,,,,,,,,,
48939,-0.541580,-0.986711,1.240420,-0.499960,-0.992501,1.560744,0.057275,-0.070724,,,,,,,,,,,,-0.541580,-0.986711,1.240420,,,,,,
48942,,,,,,,,,-0.000000,0.000000,5.308583,6.000676,0.000000,0.000000,0.059303,0.067008,0.008025,-0.041247,0.320324,,,,,,,,,
48950,,,,,,,,,-0.000000,0.000000,,,0.000000,0.000000,0.060365,0.068208,,,,-0.541580,-0.986711,1.240416,,,,,,
48959,,,,,,,,,,,,,,,0.061427,0.069408,,,,-0.541578,-0.986710,1.240420,,,,,,
48962,,,,,,,,,-0.000000,0.000000,,,0.000000,0.000000,,,,,,,,,,,,,,
48969,,,,,,,,,,,,,,,,,,,,-0.541588,-0.986713,1.240420,,,,,,
48975,,,,,,,,,-0.000000,0.000000,,,0.000000,0.000000,0.062489,0.070608,,,,,,,,,,,,
48979,,,,,,,,,,,,,,,0.063550,0.071808,,,,-0.541594,-0.986712,1.240420,,,,,,
48982,,,,,,,,,-0.000000,0.000000,,,0.000000,0.000000,,,,,,,,,,,,,,
48989,-0.541571,-0.986700,1.240420,-0.499890,-0.987307,1.554206,0.087019,-0.108660,,,,,,,,,,,,-0.541570,-0.986699,1.240420,,,,,,
48992,,,,,,,,,-0.000000,0.000000,8.306828,9.322309,0.000000,0.000000,0.095194,0.106889,0.012947,-0.039623,0.313786,,,,,,,,,
48999,,,,,,,,,,,,,,,,,,,,-0.541575,-0.986712,1.240416,,,,,,
49002,,,,,,,,,-0.000000,0.000000,,,0.000000,0.000000,0.096855,0.108753,,,,,,,,,,,,
49009,,,,,,,,,,,,,,,,,,,,-0.541570,-0.986708,1.240420,,,,,,
49015,,,,,,,,,-0.000000,0.000000,,,0.000000,0.000000,0.098517,0.110618,,,,,,,,,,,,
49019,,,,,,,,,,,,,,,0.100178,0.112482,,,,-0.541572,-0.986688,1.240420,,,,,,
49022,,,,,,,,,-0.000000,0.000000,,,0.000000,0.000000,,,,,,,,,,,,,,
49029,,,,,,,,,,,,,,,,,,,,-0.541563,-0.986664,1.240416,,,,,,
49032,,,,,,,,,0.054935,0.000000,,,0.544543,0.544543,0.096285,0.108792,,,,,,,,,,,,
49039,-0.541455,-0.986371,1.240416,-0.499743,-0.980298,1.545211,0.121427,-0.154097,,,,,,,,,,,,-0.541526,-0.986578,1.240416,,,,,,
49042,,,,,,,,,-0.000000,0.000000,11.987392,13.333919,0.458179,0.458179,0.136260,0.152347,0.019276,-0.037486,0.304795,,,,,,,,,
49050,,,,,,,,,0.027467,-0.652434,,,0.930055,0.385511,0.133753,0.155664,,,,-0.541453,-0.986341,1.236998,,,,,,
49059,,,,,,,,,,,,,,,0.131915,0.153323,,,,-0.541361,-0.986001,1.233627,,,,,,
49062,,,,,,,,,0.054935,0.000000,,,1.327091,0.868912,,,,,,,,,,,,,,
49069,,,,,,,,,,,,,,,,,,,,-0.541270,-0.985708,1.233650,,,,,,
49075,,,,,,,,,0.054935,-1.304868,,,2.205701,1.275646,0.125085,0.151667,,,,,,,,,,,,
49080,,,,,,,,,0.082402,0.652434,,,2.400419,1.617872,0.125055,0.150588,,,,-0.541081,-0.985285,1.230253,,,,,,
49090,-0.540830,-0.984589,1.233843,-0.499460,-0.971316,1.533392,0.159534,-0.206913,,,16.041996,17.751446,,,,,0.026204,-0.034656,0.299549,-0.540891,-0.984784,1.230253,,,,,,
49093,,,,,,,,,0.054935,0.000000,,,2.564256,1.905820,0.166658,0.195053,,,,,,,,,,,,
49100,,,,,,,,,0.082402,0.652434,,,2.702108,2.692643,0.167948,0.190196,,,,-0.540636,-0.984136,1.233636,,,,,,
49110,,,,,,,,,0.137337,0.652434,,,3.362639,3.899219,0.163878,0.180901,,,,-0.540273,-0.983254,1.237039,,,,,,
49120,,,,,,,,,0.109870,0.000000,,,3.918411,4.369889,0.160745,0.178871,,,,-0.540017,-0.982322,1.240471,,,,,,
49130,,,,,,,,,,,,,,,,,,,,-0.539635,-0.981345,1.240501,,,,,,
49135,,,,,,,,,0.137337,-0.652434,,,4.386037,4.765910,0.158400,0.177508,,,,,,,,,,,,
49140,-0.539108,-0.979977,1.243400,-0.498964,-0.960262,1.518382,0.200269,-0.267070,0.109870,1.304868,20.013535,21.841837,,,,,0.031577,-0.031671,0.274982,-0.539165,-0.980146,1.247264,,,,,,
49143,,,,,,,,,,,,,4.779497,5.643666,0.197228,0.212874,,,,,,,,,,,,
49150,,,,,,,,,0.247207,0.652434,,,6.199641,6.926753,0.185789,0.203026,,,,-0.538596,-0.978595,1.247274,,,,,,
49160,,,,,,,,,0.164805,0.000000,,,6.850007,8.006342,0.181918,0.194997,,,,-0.538042,-0.977181,1.250652,,,,,,
49170,,,,,,,,,,,,,,,,,,,,-0.537368,-0.975385,1.254092,,,,,,
49175,,,,,,,,,0.247207,1.957303,,,7.397224,10.003795,0.178969,0.177390,,,,,,,,,,,,
49180,,,,,,,,,0.192272,-1.957303,,,8.946739,9.506278,0.165688,0.184832,,,,-0.536700,-0.973438,1.254076,,,,,,
49190,-0.535898,-0.971252,1.248115,-0.498151,-0.947098,1.499814,0.242494,-0.334568,,,23.568634,25.406340,9.161415,10.176754,0.201973,0.216819,0.034877,-0.028140,0.251699,-0.535921,-0.971274,1.257512,,,,,,
49193,,,,,,,,,0.192272,0.652434,,,,,,,,,,,,,,,,,,
49199,,,,,,,,,,,,,,,,,,,,-0.535140,-0.969091,1.260912,,,,,,
49202,,,,,,,,,0.329610,0.000000,,,10.975673,11.829979,0.186349,0.203002,,,,,,,,,,,,
49209,,,,,,,,,,,,,,,,,,,,-0.534508,-0.966970,1.260926,,,,,,
49212,,,,,,,,,0.274675,0.000000,,,11.957645,12.676458,0.178852,0.197083,,,,,,,,,,,,
49219,,,,,,,,,,,,,,,0.172746,0.192364,,,,-0.533780,-0.964452,1.257595,,,,,,
49222,,,,,,,,,0.274675,0.000000,,,12.783877,13.388686,,,,,,,,,,,,,,
49230,,,,,,,,,,,,,,,,,,,,-0.532845,-0.961638,1.257550,,,,,,
49235,,,,,,,,,0.384545,0.000000,,,14.568155,15.077042,0.156704,0.177546,,,,,,,,,,,,
49240,-0.531666,-0.958167,1.256732,-0.496896,-0.931848,1.477325,0.285046,-0.409380,,,26.665007,28.224874,,,,,0.035773,-0.024938,0.220592,-0.531835,-0.958640,1.257521,,,,,,
49243,,,,,,,,,0.164805,0.000000,,,13.891273,14.319450,0.196991,0.216089,,,,,,,,,,,,
49250,,,,,,,,,0.412012,-0.652434,,,15.499918,15.860186,0.183138,0.203154,,,,-0.530923,-0.955629,1.254140,,,,,,
49259,,,,,,,,,,,,,,,,,,,,-0.529947,-0.952518,1.254101,,,,,,
49262,,,,,,,,,0.329610,0.000000,,,16.853432,16.612017,0.171565,0.197958,,,,,,,,,,,,
49270,,,,,,,,,0.329610,0.000000,,,17.447735,17.244608,0.167465,0.193829,,,,-0.528922,-0.949370,1.250770,,,,,,
49279,,,,,,,,,,,,,,,0.158654,0.185041,,,,-0.527717,-0.945926,1.250694,,,,,,
49282,,,,,,,,,0.384545,0.000000,,,18.492325,18.321413,,,,,,,,,,,,,,
49289,,,,,,,,,,,,,,,,,,,,-0.526413,-0.942394,1.250724,,,,,,
49295,-0.526426,-0.942402,1.251228,-0.495048,-0.914599,1.450567,0.326802,-0.491345,0.329610,0.000000,,,18.826698,18.682894,0.156878,0.183335,,,,,,,,,,,,
49298,,,,,,,,,,,29.575033,30.858738,,,,,0.036253,-0.021054,0.199338,-0.525075,-0.938817,1.247215,,,,,,
49302,,,,,,,,,0.439480,0.000000,,,20.197126,20.076130,0.174149,0.197898,,,,,,,,,,,,
49310,,,,,,,,,0.384545,0.000000,,,20.805662,20.703856,0.169818,0.193651,,,,-0.523826,-0.935218,1.250652,,,,,,
49320,,,,,,,,,0.412012,0.652434,,,21.317684,21.232023,0.166349,0.190295,,,,-0.522520,-0.931462,1.250676,,,,,,
49330,,,,,,,,,,,,,,,,,,,,-0.521228,-0.927745,1.250619,,,,,,
49336,,,,,,,,,0.357077,-0.652434,,,21.748499,21.676424,0.163606,0.187687,,,,,,,,,,,,
49340,-0.519984,-0.924116,1.247925,-0.492438,-0.895496,1.419225,0.366742,-0.580023,,,32.328461,33.026642,,,,,0.035881,-0.017041,0.171300,-0.519929,-0.923987,1.250611,,,,,,
49343,,,,,,,,,0.384545,0.000000,,,22.110987,22.050343,0.189559,0.207823,,,,,,,,,,,,
49349,,,,,,,,,,,,,,,,,,,,-0.518520,-0.920180,1.250666,,,,,,
49352,,,,,,,,,0.494415,0.000000,,,23.505070,23.454044,0.177383,0.195700,,,,,,,,,,,,
49360,,,,,,,,,0.412012,-0.652434,,,23.588964,23.546032,0.178292,0.196676,,,,-0.517147,-0.916100,1.250676,,,,,,
49370,,,,,,,,,0.412012,0.652434,,,24.204098,24.167974,0.173766,0.192229,,,,-0.515800,-0.911984,1.250619,,,,,,
49380,,,,,,,,,0.466947,-0.652434,,,25.266214,24.691277,0.164557,0.188663,,,,-0.514325,-0.907753,1.250626,,,,,,
49390,,,,,,,,,,,,,,,,,,,,-0.512890,-0.903572,1.247189,,,,,,
49395,-0.512720,-0.903368,1.236302,-0.488885,-0.874734,1.383047,0.404011,-0.674500,0.494415,-2.609737,,,24.526249,24.587040,0.173517,0.191393,,,,,,,,,,,,
49398,,,,,,,,,,,34.780025,34.793709,,,,,0.034871,-0.013114,0.146745,,,,,,,,,
49402,,,,,,,,,0.439480,2.609737,,,26.081814,25.588421,0.184217,0.200891,,,,,,,,,,,,
49412,,,,,,,,,0.412012,-0.652434,,,26.846123,25.886440,0.178160,0.199692,,,,,,,,,,,,
49420,,,,,,,,,0.466947,0.652434,,,26.944670,26.681736,0.178742,0.193362,,,,-0.508337,-0.890687,1.243807,,,,,,
49430,,,,,,,,,0.466947,-0.652434,,,27.572130,26.806355,0.173909,0.193713,,,,-0.506672,-0.886164,1.240384,,,,,,
49440,-0.504987,-0.881792,1.234178,-0.484200,-0.852553,1.341882,0.437978,-0.773158,0.412012,-0.652434,37.524780,36.291412,,,,,0.034464,-0.009963,0.107704,-0.505008,-0.881826,1.236972,,,,,,
49443,,,,,,,,,,,,,27.555532,26.366665,0.203516,0.215072,,,,,,,,,,,,
49450,,,,,,,,,,,,,,,,,,,,-0.503414,-0.877513,1.236990,,,,,,
49456,,,,,,,,,0.521882,0.652434,,,28.086111,29.808514,0.200098,0.181950,,,,,,,,,,,,
49460,,,,,,,,,0.549350,-1.304868,,,29.077082,27.803595,0.191878,0.203697,,,,-0.501784,-0.873012,1.233577,,,,,,
49469,,,,,,,,,,,,,,,,,,,,-0.500316,-0.868623,1.233560,,,,,,
49472,,,,,,,,,0.466947,0.652434,,,29.366343,28.294830,0.190617,0.200384,,,,,,,,,,,,
49480,,,,,,,,,0.494415,0.000000,,,29.609726,28.163612,0.189766,0.203321,,,,-0.498602,-0.863872,1.226800,,,,,,
49490,-0.496893,-0.858895,1.224327,-0.478199,-0.829223,1.295739,0.468272,-0.873424,,,40.125923,37.528503,,,,,0.034257,-0.007507,0.071413,-0.496901,-0.858934,1.223424,,,,,,
49493,,,,,,,,,0.439480,-1.304869,,,29.814508,28.053205,0.215792,0.218691,,,,,,,,,,,,
49500,,,,,,,,,0.604285,0.000000,,,31.075899,29.049395,0.204988,0.210425,,,,-0.495185,-0.853908,1.220052,,,,,,
49509,,,,,,,,,,,,,,,,,,,,-0.493329,-0.848992,1.216668,,,,,,
49512,,,,,,,,,0.521882,-0.652434,,,31.592690,29.887589,0.201527,0.203572,,,,,,,,,,,,
49520,,,,,,,,,0.521882,-0.652434,,,32.027515,30.048302,0.198798,0.203460,,,,-0.491473,-0.844141,1.209945,,,,,,
49529,,,,,,,,,,,,,,,,,,,,-0.489577,-0.839038,1.206564,,,,,,
49532,,,,,,,,,0.549350,0.000000,,,32.393379,30.183525,0.196686,0.203577,,,,,,,,,,,,
49539,-0.487375,-0.833658,1.198828,-0.470707,-0.805031,1.244844,0.494804,-0.971557,,,,,,,,,,,,-0.487363,-0.833711,1.196493,,,,,,
49542,,,,,,,,,0.439480,-1.304869,41.974812,38.219273,32.156673,29.752760,0.219506,0.216486,0.032727,-0.005124,0.046015,,,,,,,,,
49555,,,,,,,,,0.576817,-0.652434,,,36.313854,30.479401,0.179066,0.210767,,,,,,,,,,,,
49561,,,,,,,,,0.659220,0.000000,,,33.821732,31.635338,0.205618,0.200525,,,,,,,,,,,,
49569,,,,,,,,,,,,,,,,,,,,-0.481284,-0.818329,1.179817,,,,,,
49572,,,,,,,,,0.549350,-1.304868,,,34.447575,32.063400,0.200865,0.197475,,,,,,,,,,,,
49580,,,,,,,,,0.576817,-0.652434,,,34.974159,32.423573,0.196999,0.195033,,,,-0.479187,-0.813253,1.173151,,,,,,
49589,-0.477079,-0.808242,1.166502,,,,,,,,,,,,,,,,,-0.477136,-0.808359,1.166529,,,,,,
49592,,,,-0.461574,-0.780272,1.189701,0.517747,-1.062573,0.466947,-0.652434,43.741405,38.854893,34.328140,31.637535,0.223008,0.210693,0.031814,-0.003252,0.023199,,,,,,,,,
49599,,,,,,,,,,,,,,,,,,,,-0.474826,-0.803171,1.156580,,,,,,
49602,,,,,,,,,0.714154,-1.304868,,,35.962753,33.154335,0.208218,0.196665,,,,,,,,,,,,
49609,,,,,,,,,,,,,,,,,,,,-0.472424,-0.797800,1.149973,,,,,,
49615,,,,,,,,,0.439480,0.000000,,,35.159946,32.252399,0.217962,0.207005,,,,,,,,,,,,
49619,,,,,,,,,,,,,,,,,,,,-0.469978,-0.792540,1.140082,,,,,,
49622,,,,,,,,,0.714154,-1.304868,,,37.207180,33.671684,0.198797,0.193849,,,,,,,,,,,,
49629,,,,,,,,,,,,,,,0.199197,0.199368,,,,-0.467601,-0.787168,1.133522,,,,,,
49632,,,,,,,,,0.576817,-0.652434,,,37.296093,33.232239,,,,,,,,,,,,,,
49640,-0.465050,-0.781822,1.121568,-0.450682,-0.755230,1.131132,0.537497,-1.140420,0.494415,-1.304868,44.933994,39.233498,,,,,0.030193,-0.001394,0.009564,-0.465029,-0.781812,1.120441,,,,,,
49643,,,,,,,,,,,,,36.826359,32.862492,0.217441,0.208125,,,,,,,,,,,,
49650,,,,,,,,,0.714154,-1.304868,,,38.064754,33.640472,0.206431,0.201464,,,,-0.462541,-0.776565,1.110660,,,,,,
49659,,,,,,,,,,,,,,,0.202731,0.201460,,,,-0.459849,-0.770989,1.097647,,,,,,
49662,,,,,,,,,0.549350,-1.304868,,,38.562199,33.750523,,,,,,,,,,,,,,
49669,,,,,,,,,,,,,,,,,,,,-0.457148,-0.765408,1.087920,,,,,,
49675,,,,,,,,,0.521882,-0.652434,,,37.891663,33.298573,0.210845,0.207167,,,,,,,,,,,,
49680,,,,,,,,,0.659220,-1.304869,,,38.961102,34.007389,0.201345,0.201124,,,,-0.454206,-0.759866,1.078233,,,,,,
49690,-0.451071,-0.754301,1.067545,-0.437950,-0.730171,1.070285,0.554590,-1.198504,,,45.490948,39.282284,,,,,0.027466,0.000143,0.002740,-0.451187,-0.754457,1.068572,,,,,,
49693,,,,,,,,,0.576817,-0.652434,,,38.771839,34.059246,0.210151,0.202138,,,,,,,,,,,,
49702,,,,,,,,,0.686687,-1.957303,,,40.246223,34.647419,0.196456,0.197183,,,,,,,,,,,,
49711,,,,,,,,,0.631752,0.652435,,,39.853142,35.142307,0.201515,0.193062,,,,,,,,,,,,
49720,,,,,,,,,0.631752,-1.957303,,,40.611492,35.558708,0.194907,0.189643,,,,-0.442146,-0.738438,1.039741,,,,,,
49730,,,,,,,,,,,,,,,,,,,,-0.439178,-0.733106,1.030195,,,,,,
49735,,,,,,,,,0.521882,-0.652434,,,42.883194,38.087238,0.172711,0.164596,,,,,,,,,,,,
49740,-0.436137,-0.727974,1.021870,-0.423345,-0.705328,1.008588,0.569605,-1.230584,,,46.376659,39.439213,,,,,0.025994,0.000903,-0.013282,-0.435958,-0.727636,1.020674,,,,,,
49743,,,,,,,,,0.576817,-0.652434,,,38.804630,34.224770,0.223869,0.205833,,,,,,,,,,,,
49750,,,,,,,,,0.741622,-1.957302,,,40.273815,35.331234,0.210397,0.195590,,,,-0.432622,-0.722432,1.007994,,,,,,
49760,,,,,,,,,0.604285,0.000000,,,40.420902,35.717670,0.210118,0.192470,,,,-0.429314,-0.717221,1.004846,,,,,,
49770,,,,,,,,,,,,,,,,,,,,-0.426030,-0.712052,0.992230,,,,,,
49775,,,,,,,,,0.549350,-1.304868,,,40.000118,34.953732,0.215601,0.201007,,,,,,,,,,,,
49780,,,,,,,,,0.714154,-1.304868,,,41.279697,35.944584,0.203824,0.191797,,,,-0.422705,-0.707075,0.982775,,,,,,
49789,-0.418932,-0.701688,0.971963,,,,,,,,,,,,,,,,,-0.419149,-0.702015,0.973368,,,,,,
49792,,,,-0.406883,-0.680896,0.947652,0.583062,-1.231866,0.521882,-0.652434,46.843449,39.498241,40.178165,35.144657,0.220841,0.201257,0.023965,0.001768,-0.024311,,,,,,,,,
49802,,,,,,,,,0.741622,-0.652433,,,41.429508,36.105228,0.209410,0.192330,,,,,,,,,,,,
49811,,,,,,,,,0.631752,-1.957303,,,41.393303,36.368908,0.210862,0.190319,,,,,,,,,,,,
49819,,,,,,,,,,,,,,,0.212263,0.194237,,,,-0.408336,-0.685871,0.936006,,,,,,
49822,,,,,,,,,0.576817,-0.652434,,,41.362839,36.046227,,,,,,,,,,,,,,
49830,,,,,,,,,,,,,,,,,,,,-0.404545,-0.680535,0.923629,,,,,,
49835,,,,,,,,,0.576817,-1.957303,,,41.337204,35.230179,0.213620,0.203251,,,,,,,,,,,,
49840,-0.400762,-0.675510,0.902515,-0.388633,-0.657027,0.889134,0.595330,-1.199989,0.604285,-1.304869,46.789513,40.007877,,,,,0.022023,0.001933,-0.013381,-0.400687,-0.675223,0.905115,,,,,,
49843,,,,,,,,,,,,,41.315636,35.088100,0.214392,0.210752,,,,,,,,,,,,
49850,,,,,,,,,0.741622,-1.957302,,,42.931118,36.057640,0.199008,0.201846,,,,-0.396952,-0.670196,0.892839,,,,,,
49860,,,,,,,,,0.686687,-0.652435,,,43.201298,36.328869,0.197024,0.199870,,,,-0.392958,-0.665135,0.880583,,,,,,
49869,,,,,,,,,,,,,,,0.200977,0.198278,,,,-0.388892,-0.660030,0.865331,,,,,,
49872,,,,,,,,,0.631752,-1.957303,,,42.884087,36.557079,,,,,,,,,,,,,,
49879,,,,,,,,,,,,,,,,,,,,-0.384654,-0.654932,0.853163,,,,,,
49882,,,,,,,,,0.604285,0.000000,,,42.617184,36.749096,0.204481,0.197010,,,,,,,,,,,,
49890,-0.380232,-0.649871,0.848930,-0.368711,-0.633821,0.834589,0.606576,-1.135527,,,46.680126,40.192596,,,,,0.019660,0.001958,-0.014341,-0.380076,-0.649687,0.844022,,,,,,
49893,,,,,,,,,0.549350,-1.304868,,,41.848068,35.821575,0.212045,0.209006,,,,,,,,,,,,
49900,,,,,,,,,0.769089,-1.304867,,,43.379108,37.219330,0.197394,0.195623,,,,-0.375503,-0.644593,0.828892,,,,,,
49909,,,,,,,,,,,,,,,,,,,,-0.371155,-0.639705,0.819813,,,,,,
49912,,,,,,,,,0.631752,-0.652435,,,43.033695,37.306313,0.201578,0.195331,,,,,,,,,,,,
49920,,,,,,,,,0.659220,-1.304869,,,43.287609,37.379501,0.199717,0.195161,,,,-0.366663,-0.634894,0.807775,,,,,,
49929,,,,,,,,,,,,,,,,,,,,-0.362424,-0.630293,0.795731,,,,,,
49932,,,,,,,,,0.659220,-1.304869,,,43.501251,37.441082,0.198217,0.195096,,,,-0.362424,-0.630293,0.795731,,,,,,
49939,-0.357934,-0.625707,0.786487,-0.347281,-0.611336,0.785354,0.616744,-1.041803,,,,,,,,,,,,-0.357959,-0.625694,0.786743,,,,,,
49942,,,,,,,,,0.549350,-1.304868,46.261875,40.786087,42.591923,36.403809,0.203861,0.212280,0.017698,0.002610,-0.001133,,,,,,,,,
49949,,,,,,,,,,,,,,,,,,,,-0.353606,-0.621210,0.774789,,,,,,
49955,,,,,,,,,0.686687,-0.652435,,,46.727703,40.431938,0.162410,0.172070,,,,,,,,,,,,
49959,,,,,,,,,,,,,,,0.199029,0.204222,,,,-0.349196,-0.616640,0.765852,,,,,,
49962,,,,,,,,,0.714154,-1.304868,,,43.128487,37.286686,,,,,,,,,,,,,,
49969,,,,,,,,,,,,,,,,,,,,-0.344182,-0.611726,0.756872,,,,,,
49972,,,,,,,,,0.659220,0.000000,,,42.822823,37.362988,0.202774,0.204144,,,,,,,,,,,,
49980,,,,,,,,,0.631752,-1.957303,,,42.565636,37.427189,0.206085,0.204173,,,,-0.339321,-0.607053,0.742006,,,,,,
49989,,,,,,,,,,,,,,,,,,,,-0.334467,-0.602540,0.736054,,,,,,
49996,-0.334481,-0.602694,0.732076,-0.324546,-0.589584,0.742478,0.625596,-0.924088,0.549350,0.000000,45.835800,41.445198,41.804695,36.936665,0.210240,0.216571,0.016152,0.003111,0.010403,,,,,,,,,
50000,,,,,,,,,0.769089,-1.304867,,,43.342613,38.157566,0.195359,0.205020,,,,-0.329486,-0.598223,0.727160,,,,,,
50010,,,,,,,,,0.659220,0.000000,,,43.002987,38.640289,0.199322,0.200754,,,,-0.324654,-0.593927,0.718297,,,,,,
50020,,,,,,,,,0.659220,-1.304869,,,43.261768,38.501907,0.197249,0.202726,,,,-0.319881,-0.589704,0.712406,,,,,,
50029,,,,,,,,,,,,,,,,,,,,-0.315020,-0.585580,0.706549,,,,,,
50032,,,,,,,,,0.659220,0.000000,,,42.934963,38.930019,0.201097,0.198948,,,,,,,,,,,,
50040,-0.309861,-0.581322,0.703289,-0.300741,-0.568538,0.706704,0.632774,-0.788488,0.549350,-1.304868,45.797825,41.861847,,,,,0.015224,0.003852,0.003415,-0.309856,-0.581377,0.700653,,,,,,
50043,,,,,,,,,,,,,42.115448,37.656601,0.209649,0.216690,,,,,,,,,,,,
50050,,,,,,,,,,,,,,,,,,,,-0.304643,-0.577125,0.694718,,,,,,
50055,,,,,,,,,0.714155,0.000000,,,42.514996,38.763321,0.206310,0.206242,,,,,,,,,,,,
50060,,,,,,,,,0.714154,-1.304868,,,43.395718,39.149971,0.197983,0.202918,,,,-0.299502,-0.572969,0.688835,,,,,,
50069,,,,,,,,,,,,,,,0.202014,0.200142,,,,-0.294309,-0.568895,0.682933,,,,,,
50072,,,,,,,,,0.659220,0.000000,,,43.047668,39.475300,,,,,,,,,,,,,,
50079,,,,,,,,,,,,,,,0.199997,0.197827,,,,-0.289269,-0.564827,0.677073,,,,,,
50082,,,,,,,,,0.686687,-0.652435,,,43.299366,39.749031,,,,,,,,,,,,,,
50090,-0.283963,-0.560543,0.668476,-0.276123,-0.548139,0.678505,0.637887,-0.640895,,,45.193924,42.323372,,,,,,,,-0.284023,-0.560634,0.668277,,,,,,
50093,,,,,,,,,0.576817,-0.652434,,,42.422054,38.890263,0.203285,0.211717,0.013841,0.004875,0.010029,,,,,,,,,
50100,,,,,,,,,0.686687,-0.652435,,,42.772972,39.256779,0.200260,0.208665,,,,-0.278853,-0.556715,0.662402,,,,,,
50110,,,,,,,,,0.686687,-0.652435,,,43.068233,39.565166,0.197733,0.206133,,,,-0.273780,-0.552643,0.653688,,,,,,
50119,,,,,,,,,,,,,,,,,,,,-0.268668,-0.548491,0.647868,,,,,,
50122,,,,,,,,,0.631752,-0.652435,,,42.772125,39.280102,0.201178,0.209592,,,,,,,,,,,,
50130,,,,,,,,,0.686687,-0.652435,,,43.067524,39.584789,0.198649,0.207093,,,,-0.263353,-0.544477,0.642012,,,,,,
50140,-0.257956,-0.540377,0.633503,-0.250962,-0.528301,0.658137,0.640582,-0.486244,0.549350,0.000000,44.344891,42.895546,,,,,0.012786,0.005593,0.024634,-0.258074,-0.540438,0.633287,,,,,,
50143,,,,,,,,,,,,,41.682442,38.752068,0.204542,0.221971,,,,,,,,,,,,
50149,,,,,,,,,,,,,,,,,,,,-0.252499,-0.536451,0.630313,,,,,,
50156,,,,,,,,,0.686687,-0.652435,,,42.150661,39.140503,0.200299,0.218837,,,,,,,,,,,,
50160,,,,,,,,,0.769089,-1.304867,,,43.089165,40.011875,0.191165,0.210700,,,,-0.246852,-0.532523,0.624479,,,,,,
50169,,,,,,,,,,,,,,,,,,,,-0.241496,-0.528641,0.621586,,,,,,
50172,,,,,,,,,0.631752,0.652435,,,42.789738,40.200504,0.194470,0.209353,,,,,,,,,,,,
50179,,,,,,,,,,,,,,,,,,,,-0.235713,-0.524615,0.615775,,,,,,
50182,,,,,,,,,0.686687,-0.652435,,,42.537800,40.359219,0.197351,0.208273,,,,,,,,,,,,
50189,-0.229996,-0.520746,0.614528,-0.225533,-0.508918,0.645709,0.640619,-0.328152,,,,,,,,,,,,-0.229997,-0.520771,0.615779,,,,,,
50192,,,,,,,,,0.549350,0.000000,43.123985,42.801754,41.781273,39.403671,0.192976,0.217570,0.010466,0.007091,0.031181,,,,,,,,,
50200,,,,,,,,,0.796557,0.652434,,,42.778362,40.777847,0.183074,0.204233,,,,-0.224274,-0.516776,0.615774,,,,,,
50209,,,,,,,,,,,,,,,,,,,,-0.218746,-0.512886,0.615772,,,,,,
50212,,,,,,,,,0.659220,0.000000,,,42.528229,41.389538,0.185695,0.198399,,,,,,,,,,,,
50219,,,,,,,,,,,,,,,0.187961,0.198986,,,,-0.213273,-0.509106,0.615772,,,,,,
50222,,,,,,,,,0.686687,-0.652435,,,42.317764,41.359669,,,,,,,,,,,,,,
50230,,,,,,,,,0.659220,0.000000,,,42.140678,41.334538,0.189928,0.199531,,,,-0.207834,-0.505348,0.615758,,,,,,
50239,-0.202740,-0.501651,0.613018,,,,,,,,,,,,,,,,,-0.202711,-0.501642,0.612880,,,,,,
50242,,,,-0.200103,-0.489873,0.641248,0.637905,-0.168893,0.576817,0.652434,42.159794,42.571514,41.447136,40.768848,0.187364,0.203246,0.008933,0.008116,0.028230,,,,,,,,,
50250,,,,,,,,,,,,,,,,,,,,-0.197309,-0.497732,0.612913,,,,,,
50256,,,,,,,,,0.714155,0.000000,,,41.952679,41.381966,0.182350,0.197353,,,,,,,,,,,,
50259,,,,,,,,,,,,,,,,,,,,-0.192053,-0.493915,0.612928,,,,,,
50262,,,,,,,,,0.686687,-0.652435,,,42.378040,41.353298,0.178053,0.197883,,,,,,,,,,,,
50270,,,,,,,,,0.631752,0.652435,,,41.646851,41.329178,0.185467,0.198373,,,,-0.186494,-0.489990,0.612932,,,,,,
50279,,,,,,,,,,,,,,,,,,,,-0.180782,-0.485963,0.612886,,,,,,
50282,,,,,,,,,0.659220,0.000000,,,41.576172,41.308884,0.186291,0.198828,,,,,,,,,,,,
50290,-0.175163,-0.482090,0.615545,-0.174928,-0.471039,0.644745,0.632518,-0.009593,,,40.717533,42.010746,40.427616,40.202721,0.183412,0.204644,0.006573,0.008887,0.029201,-0.175106,-0.482036,0.615776,,,,,,
50293,,,,,,,,,0.549350,0.000000,,,,,,,,,,,,,,,,,,
50300,,,,,,,,,0.796557,0.652434,,,41.639397,41.450169,0.171110,0.192281,,,,-0.169535,-0.478326,0.612871,,,,,,
50310,,,,,,,,,0.659220,0.000000,,,41.025356,41.410686,0.177188,0.192796,,,,-0.164169,-0.474803,0.615780,,,,,,
50320,,,,,,,,,0.604285,0.000000,,,41.053249,41.377464,0.176842,0.193255,,,,-0.158861,-0.471235,0.618671,,,,,,
50330,,,,,,,,,0.631752,0.652435,,,40.532173,41.349510,0.182090,0.193667,,,,-0.153301,-0.467566,0.621580,,,,,,
50340,-0.147862,-0.463718,0.629135,-0.150248,-0.452285,0.656186,0.624711,0.149424,,,39.348122,41.411530,39.549198,40.236904,0.178186,0.199036,0.004799,0.010648,0.027050,-0.147699,-0.463741,0.627395,,,,,,
50343,,,,,,,,,0.549350,0.000000,,,,,,,,,,,,,,,,,,
50349,,,,,,,,,,,,,,,,,,,,-0.142435,-0.460085,0.630286,,,,,,
50356,,,,,,,,,0.659220,0.000000,,,39.811207,40.389843,0.175473,0.197710,,,,,,,,,,,,
50360,,,,,,,,,0.714154,1.304868,,,40.031662,41.063072,0.173132,0.191048,,,,-0.137139,-0.456447,0.633230,,,,,,
50370,,,,,,,,,0.604285,0.000000,,,39.672611,41.084984,0.176657,0.190894,,,,-0.131757,-0.452668,0.636128,,,,,,
50379,,,,,,,,,,,,,,,,,,,,-0.126699,-0.449022,0.639057,,,,,,
50382,,,,,,,,,0.659220,0.000000,,,39.370506,41.103420,0.179674,0.190771,,,,,,,,,,,,
50389,-0.121483,-0.445310,0.640884,-0.126277,-0.433480,0.675560,0.614890,0.308202,,,,,,,,,,,,-0.121506,-0.445403,0.641962,,,,,,
50392,,,,,,,,,0.521882,0.652434,37.712177,40.920071,38.571770,40.029846,0.171130,0.196771,0.003231,0.012349,0.034676,,,,,,,,,
50401,,,,,,,,,0.714155,0.000000,,,39.533344,40.760170,0.161150,0.189499,,,,-0.116511,-0.441499,0.644877,,,,,,
50410,,,,,,,,,,,,,,,,,,,,-0.111750,-0.437714,0.644879,,,,,,
50415,,,,,,,,,0.521882,0.652434,,,41.431499,43.008293,0.141424,0.166600,,,,,,,,,,,,
50419,,,,,,,,,,,,,,,,,,,,-0.107055,-0.434020,0.644888,,,,,,
50422,,,,,,,,,0.714154,1.304868,,,38.127716,39.998974,0.174379,0.196878,,,,,,,,,,,,
50430,,,,,,,,,0.604285,0.000000,,,38.070629,39.645107,0.174878,0.200671,,,,-0.102052,-0.430277,0.650752,,,,,,
50440,-0.097089,-0.426534,0.649909,-0.103205,-0.414497,0.702832,0.603600,0.466649,0.494415,0.000000,35.988628,40.713882,,,,,0.002414,0.013284,0.052923,-0.097071,-0.426471,0.650735,,,,,,
50443,,,,,,,,,,,,,36.933510,38.802818,0.168825,0.207415,,,,,,,,,,,,
50450,,,,,,,,,0.741622,0.652433,,,37.610371,39.727749,0.161732,0.198363,,,,-0.092050,-0.422643,0.653673,,,,,,
50460,,,,,,,,,0.576817,0.652434,,,37.635334,39.961441,0.161153,0.196176,,,,-0.087169,-0.418912,0.656583,,,,,,
50470,,,,,,,,,,,,,,,,,,,,-0.082497,-0.415261,0.662446,,,,,,
50475,,,,,,,,,0.521882,0.652434,,,36.567253,39.068985,0.171718,0.205430,,,,,,,,,,,,
50480,,,,,,,,,0.686687,0.652435,,,37.302200,39.951702,0.164106,0.196755,,,,-0.077739,-0.411583,0.671278,,,,,,
50491,-0.077096,-0.411059,0.672222,-0.081195,-0.395206,0.737901,0.591493,0.623948,0.466947,0.652434,35.755886,41.770287,35.742413,38.516247,0.177379,0.222324,0.006665,0.014956,0.065679,-0.073026,-0.407750,0.674255,,,,,,
50499,,,,,,,,,,,,,,,,,,,,-0.067895,-0.403881,0.682965,,,,,,
50502,,,,,,,,,0.741622,0.652433,,,37.152725,40.031170,0.162997,0.207523,,,,,,,,,,,,
50510,,,,,,,,,,,,,,,,,,,,-0.062753,-0.400130,0.694718,,,,,,
50515,,,,,,,,,0.521882,0.652434,,,36.161186,39.127651,0.172831,0.217087,,,,,,,,,,,,
50520,,,,,,,,,0.686687,1.957303,,,36.415993,40.545605,0.170151,0.203152,,,,-0.057885,-0.396252,0.709445,,,,,,
50529,,,,,,,,,,,,,,,0.173386,0.202336,,,,-0.053145,-0.392604,0.724212,,,,,,
50532,,,,,,,,,0.604285,1.304869,,,36.085842,40.649586,,,,,,,,,,,,,,
50539,-0.048689,-0.388882,0.736179,-0.060384,-0.375485,0.780509,0.579299,0.777961,,,,,,,,,,,,-0.048195,-0.388643,0.736064,,,,,,
50542,,,,,,,,,0.521882,1.957302,33.242851,39.283287,34.718967,40.192532,0.161630,0.181855,0.000329,0.017780,0.044330,,,,,,,,,
50550,,,,,,,,,0.686687,0.652435,,,35.747055,40.897053,0.150848,0.174487,,,,-0.043523,-0.384709,0.744965,,,,,,
50560,,,,,,,,,0.576817,1.957303,,,34.978455,40.945293,0.158187,0.173672,,,,-0.038932,-0.380670,0.762829,,,,,,
50569,,,,,,,,,,,,,,,,,,,,-0.034627,-0.376709,0.777770,,,,,,
50575,,,,,,,,,0.494415,0.000000,,,37.054470,42.619511,0.136664,0.156263,,,,,,,,,,,,
50580,,,,,,,,,0.659220,1.304869,,,34.444885,39.671852,0.162520,0.185662,,,,-0.030146,-0.372407,0.792748,,,,,,
50590,-0.025807,-0.368020,0.804475,-0.040883,-0.355215,0.830150,0.567788,0.924703,,,32.058765,38.199429,33.338268,38.280781,0.161489,0.188718,-0.001230,0.019742,0.025675,-0.025880,-0.368208,0.804757,,,,,,
50593,,,,,,,,,0.466947,0.652434,,,,,,,,,,,,,,,,,,
50600,,,,,,,,,0.686687,1.957303,,,34.040791,39.833050,0.154068,0.172868,,,,-0.021570,-0.363694,0.813801,,,,,,
50610,,,,,,,,,0.576817,1.957303,,,33.542805,39.505497,0.158751,0.175883,,,,-0.017387,-0.359408,0.825857,,,,,,
50619,,,,,,,,,,,,,,,,,,,,-0.013529,-0.355149,0.831899,,,,,,
50622,,,,,,,,,0.549350,0.000000,,,33.668343,39.229897,0.157173,0.178432,,,,,,,,,,,,
50629,,,,,,,,,,,,,,,,,,,,-0.009615,-0.350906,0.844011,,,,,,
50635,,,,,,,,,0.494415,1.304868,,,32.684883,38.453461,0.166883,0.186146,,,,,,,,,,,,
50640,-0.006021,-0.347028,0.854519,-0.022775,-0.334287,0.885966,0.557730,1.058100,,,30.927038,37.972538,,,,,-0.001391,0.021002,0.031447,-0.005727,-0.346785,0.853128,,,,,,
50643,,,,,,,,,0.576817,0.652434,,,32.946487,38.344711,0.152546,0.184890,,,,,,,,,,,,
50650,,,,,,,,,0.686687,1.957303,,,33.711143,39.342297,0.144342,0.174640,,,,-0.001837,-0.342631,0.859215,,,,,,
50660,,,,,,,,,0.549350,0.000000,,,33.809982,39.092579,0.142777,0.176913,,,,0.001780,-0.338657,0.868369,,,,,,
50670,,,,,,,,,0.549350,1.304868,,,33.348602,38.882465,0.146907,0.178833,,,,0.005356,-0.334635,0.877548,,,,,,
50679,,,,,,,,,,,,,,,,,,,,0.009034,-0.330363,0.889795,,,,,,
50682,,,,,,,,,0.521882,0.652434,,,32.960400,38.161133,0.150382,0.186008,,,,,,,,,,,,
50689,,,,,,,,,,,,,,,,,,,,0.012997,-0.325623,0.898973,,,,,,
50695,0.012568,-0.325992,0.900716,-0.006119,-0.312597,0.946682,0.549843,1.170295,0.439480,1.304869,29.941080,38.093975,,,,,-0.001107,0.022965,0.045967,,,,,,,,,
50698,,,,,,,,,,,,,34.267395,41.910549,0.126587,0.148965,,,,0.016769,-0.321155,0.911282,,,,,,
50702,,,,,,,,,0.659220,1.304869,,,32.099842,37.441704,0.147831,0.193784,,,,,,,,,,,,
50710,,,,,,,,,0.549350,1.304868,,,31.365149,37.493420,0.154893,0.193387,,,,0.020260,-0.316773,0.920536,,,,,,
50720,,,,,,,,,0.521882,1.957302,,,31.291521,37.536934,0.155359,0.193063,,,,0.023737,-0.312380,0.932906,,,,,,
50730,,,,,,,,,,,,,,,,,,,,0.027184,-0.307981,0.942209,,,,,,
50735,,,,,,,,,0.466947,0.652434,,,30.685028,36.484459,0.161275,0.203910,,,,,,,,,,,,
50740,0.029996,-0.304237,0.952866,0.009051,-0.290056,1.010613,0.544726,1.252713,,,29.320200,38.332878,,,,,-0.000576,0.025287,0.057746,0.030295,-0.303944,0.954657,,,,,,
50743,,,,,,,,,0.631752,3.262170,,,30.719267,38.321625,0.154444,0.187930,,,,,,,,,,,,
50749,,,,,,,,,,,,,,,,,,,,0.033465,-0.299814,0.964024,,,,,,
50752,,,,,,,,,0.549350,-1.304868,,,31.837162,37.144699,0.142762,0.199936,,,,,,,,,,,,
50759,,,,,,,,,,,,,,,,,,,,0.036564,-0.295665,0.979682,,,,,,
50762,,,,,,,,,0.576817,1.957303,,,31.688673,37.788063,0.143773,0.193612,,,,,,,,,,,,
50770,,,,,,,,,0.549350,1.304868,,,31.019192,37.784847,0.150128,0.193754,,,,0.039472,-0.291697,0.998622,,,,,,
50779,,,,,,,,,,,,,,,0.149980,0.193891,,,,0.042556,-0.287434,1.011255,,,,,,
50782,,,,,,,,,0.521882,1.957302,,,31.000433,37.782139,,,,,,,,,,,,,,
50789,,,,,,,,,,,,,,,,,,,,0.045489,-0.282801,1.030287,,,,,,
50795,0.045206,-0.283062,1.029263,0.022723,-0.266592,1.075759,0.542796,1.297791,0.439480,1.304869,30.148722,39.047241,,,,,0.002524,0.027756,0.046496,,,,,,,,,
50798,,,,,,,,,,,,,32.618279,39.958035,0.141593,0.179093,,,,0.048365,-0.278249,1.046225,,,,,,
50802,,,,,,,,,0.631752,1.957303,,,30.167730,37.432487,0.166094,0.204672,,,,,,,,,,,,
50810,,,,,,,,,0.549350,1.304868,,,30.284014,37.485664,0.164904,0.204452,,,,0.051203,-0.273637,1.062219,,,,,,
50820,,,,,,,,,0.521882,1.957302,,,29.837311,37.530407,0.169434,0.204308,,,,0.053924,-0.269137,1.078401,,,,,,
50830,,,,,,,,,0.521882,1.957302,,,29.461454,37.568054,0.173330,0.204228,,,,0.056648,-0.264557,1.094552,,,,,,
50839,0.059304,-0.259836,1.118142,0.034914,-0.242154,1.139999,0.544225,1.300925,,,,,,,,,,,,0.059463,-0.259814,1.117322,,,,,,
50842,,,,,,,,,0.494415,1.304868,31.424625,39.531662,29.145210,37.055187,0.189707,0.214696,0.005235,0.029667,0.021857,,,,,,,,,
50849,,,,,,,,,,,,,,,,,,,,0.062267,-0.254876,1.133597,,,,,,
50855,,,,,,,,,0.549350,1.304868,,,29.423664,37.168205,0.187323,0.214038,,,,,,,,,,,,
50860,,,,,,,,,0.686687,1.957303,,,30.202499,38.896927,0.179779,0.196878,,,,0.064725,-0.249956,1.150056,,,,,,
50869,,,,,,,,,,,,,,,0.178893,0.198832,,,,0.067109,-0.245095,1.163277,,,,,,
50872,,,,,,,,,0.576817,1.957303,,,30.313269,38.717846,,,,,,,,,,,,,,
50880,,,,,,,,,0.549350,1.304868,,,30.951012,39.111710,0.172611,0.194977,,,,0.069357,-0.240035,1.183331,,,,,,
50890,0.071582,-0.234619,1.195462,0.045663,-0.216713,1.201303,0.548900,1.261809,0.466947,0.652434,32.631680,40.006100,,,,,0.007158,0.030679,0.005840,0.071683,-0.234608,1.196571,,,,,,
50893,,,,,,,,,,,,,30.398523,37.809475,0.190653,0.213183,,,,,,,,,,,,
50900,,,,,,,,,0.686687,1.957303,,,31.567289,38.891949,0.179178,0.202581,,,,0.073927,-0.229178,1.206642,,,,,,
50909,,,,,,,,,,,,,,,,,,,,0.076132,-0.223814,1.220138,,,,,,
50912,,,,,,,,,0.521882,0.652434,,,31.461601,38.713654,0.180469,0.204623,,,,,,,,,,,,
50920,,,,,,,,,0.604285,1.304869,,,31.917219,39.108181,0.176056,0.200857,,,,0.078128,-0.218695,1.233816,,,,,,
50929,,,,,,,,,,,,,,,,,,,,0.080128,-0.213193,1.244087,,,,,,
50932,,,,,,,,,0.576817,0.652434,,,32.300575,38.895592,0.172288,0.203205,,,,,,,,,,,,
50939,0.082114,-0.207769,1.252064,0.055035,-0.190273,1.257941,0.556417,1.184561,,,,,,,,,,,,0.082156,-0.207785,1.254261,,,,,,
50942,,,,,,,,,0.494415,1.304868,33.567574,40.555943,31.534046,38.172176,0.189719,0.216414,0.008129,0.031198,0.005877,,,,,,,,,
50950,,,,,,,,,,,,,,,,,,,,0.084120,-0.202293,1.264535,,,,,,
50956,,,,,,,,,0.741622,-1.957302,,,34.700890,38.652584,0.157824,0.211991,,,,,,,,,,,,
50960,,,,,,,,,0.494415,3.914605,,,32.464584,39.056797,0.180408,0.208248,,,,0.086022,-0.196789,1.271406,,,,,,
50969,,,,,,,,,,,,,,,,,,,,0.087827,-0.191202,1.278197,,,,,,
50972,,,,,,,,,0.604285,1.304869,,,32.761127,38.852360,0.177604,0.210634,,,,,,,,,,,,
50980,,,,,,,,,0.576817,0.652434,,,33.010639,39.224888,0.175220,0.207174,,,,0.089622,-0.185274,1.288612,,,,,,
50991,0.089712,-0.184851,1.288281,0.063121,-0.162866,1.308589,0.566118,1.076536,0.466947,0.652434,35.749794,42.707073,32.131493,37.904705,0.206557,0.242848,0.013701,0.031666,0.020308,0.091348,-0.179558,1.295601,,,,,,
51000,,,,,,,,,0.686687,0.652435,,,33.569954,38.972076,0.192609,0.232921,,,,0.093139,-0.173598,1.306041,,,,,,
51010,,,,,,,,,0.604285,1.304869,,,33.691185,39.325619,0.191808,0.230062,,,,0.094866,-0.167737,1.312868,,,,,,
51020,,,,,,,,,0.631752,0.652435,,,34.337734,39.623089,0.185625,0.227704,,,,0.096522,-0.161832,1.323411,,,,,,
51030,,,,,,,,,0.631752,1.957303,,,34.337196,40.417923,0.185913,0.220214,,,,0.098180,-0.156081,1.334009,,,,,,
51040,0.099601,-0.150397,1.348037,0.070038,-0.134558,1.352356,0.577151,0.946446,,,35.715782,41.443058,,,,,0.008917,0.032332,0.004319,0.099828,-0.150054,1.344550,,,,,,
51043,,,,,,,,,0.521882,0.652434,,,33.792202,39.453068,0.191407,0.217620,,,,,,,,,,,,
51050,,,,,,,,,,,,,,,,,,,,0.101484,-0.143935,1.355130,,,,,,
51056,,,,,,,,,0.659220,1.304869,,,37.689991,44.086670,0.152035,0.170755,,,,,,,,,,,,
51060,,,,,,,,,0.686687,0.652435,,,34.979614,40.361778,0.179286,0.208221,,,,0.103054,-0.137994,1.365855,,,,,,
51070,,,,,,,,,0.631752,1.957303,,,34.877274,40.494915,0.180477,0.207079,,,,0.104726,-0.131622,1.380083,,,,,,
51080,,,,,,,,,0.604285,0.000000,,,35.335709,40.606934,0.175968,0.206126,,,,0.106212,-0.125396,1.390817,,,,,,
51089,0.107469,-0.119217,1.397136,0.075926,-0.105445,1.388725,0.588565,0.802545,,,,,,,,,,,,0.107589,-0.119062,1.401636,,,,,,
51092,,,,,,,,,0.549350,1.304868,36.799999,41.332375,34.632351,40.156643,0.194278,0.209757,0.008114,0.033448,-0.008411,,,,,,,,,
51100,,,,,,,,,0.741622,0.652433,,,35.674175,41.411400,0.184085,0.197194,,,,0.108841,-0.112678,1.408889,,,,,,
51109,,,,,,,,,,,,,,,0.180923,0.197518,,,,0.109973,-0.106470,1.419810,,,,,,
51112,,,,,,,,,0.631752,1.957303,,,36.006222,41.378063,,,,,,,,,,,,,,
51120,,,,,,,,,0.604285,0.000000,,,36.285606,41.350014,0.178232,0.197795,,,,0.111074,-0.100424,1.427163,,,,,,
51130,,,,,,,,,0.631752,1.957303,,,35.976135,41.870956,0.181491,0.192478,,,,0.112041,-0.094461,1.438241,,,,,,
51139,0.112859,-0.088110,1.449752,0.080949,-0.075655,1.417454,0.599399,0.651424,,,,,,,,,,,,0.112981,-0.088130,1.445610,,,,,,
51142,,,,,,,,,0.549350,0.000000,38.419739,41.253510,35.715748,40.675648,0.200833,0.203758,0.008511,0.033180,-0.032298,,,,,,,,,
51149,,,,,,,,,,,,,,,,,,,,0.113927,-0.081668,1.452933,,,,,,
51156,,,,,,,,,0.631752,0.652435,,,36.041199,40.759003,0.198055,0.203023,,,,,,,,,,,,
51159,,,,,,,,,,,,,,,,,,,,0.114753,-0.075108,1.456612,,,,,,
51162,,,,,,,,,0.741622,0.652433,,,37.404121,41.373680,0.184629,0.196852,,,,,,,,,,,,
51170,,,,,,,,,0.604285,0.000000,,,37.461800,41.346329,0.184243,0.197107,,,,0.115458,-0.068429,1.464041,,,,,,
51180,,,,,,,,,0.631752,0.652435,,,37.510326,41.323315,0.183940,0.197323,,,,0.116308,-0.062112,1.467765,,,,,,
51189,0.116876,-0.056034,1.472463,0.085288,-0.045336,1.438478,0.608767,0.497564,,,,,,,,,,,,0.116939,-0.055973,1.471556,,,,,,
51192,,,,,,,,,0.549350,0.000000,39.179611,41.116219,37.006615,40.214863,0.197010,0.207215,0.007545,0.032486,-0.033985,,,,,,,,,
51200,,,,,,,,,0.796557,0.652434,,,38.760963,41.460384,0.179551,0.194691,,,,0.117598,-0.049613,1.471597,,,,,,
51210,,,,,,,,,0.631752,0.652435,,,38.603443,41.419281,0.181241,0.195042,,,,0.118308,-0.043463,1.475332,,,,,,
51220,,,,,,,,,0.659220,0.000000,,,38.470905,41.384697,0.182708,0.195334,,,,0.119044,-0.037315,1.475492,,,,,,
51230,,,,,,,,,0.604285,0.000000,,,38.903934,41.355598,0.178433,0.195577,,,,0.119626,-0.030853,1.479176,,,,,,
51239,0.120317,-0.024534,1.481996,,,,,,,,,,,,,,,,,0.120363,-0.024403,1.482870,,,,,,
51242,,,,0.089144,-0.014658,1.451810,0.615935,0.343444,0.521882,0.652434,39.840351,41.094677,37.634655,40.242027,0.198174,0.206668,0.007072,0.031926,-0.030186,,,,,,,,,
51249,,,,,,,,,,,,,,,,,,,,0.121156,-0.017958,1.486578,,,,,,
51256,,,,,,,,,0.659220,0.000000,,,38.200314,40.394154,0.192846,0.205287,,,,,,,,,,,,
51260,,,,,,,,,0.741622,0.652433,,,39.220802,41.066696,0.182765,0.198567,,,,0.121715,-0.011660,1.486581,,,,,,
51270,,,,,,,,,0.659220,0.000000,,,39.534897,41.088032,0.179685,0.198355,,,,0.122482,-0.005315,1.494155,,,,,,
51280,,,,,,,,,0.631752,0.652435,,,39.254631,41.105984,0.182605,0.198173,,,,0.122901,0.000939,1.498049,,,,,,
51291,0.122880,0.001445,1.499438,0.092724,0.016202,1.457487,0.620376,0.189991,0.494415,0.000000,42.291264,42.257870,37.929729,40.032001,0.221235,0.220990,0.012570,0.031131,-0.041951,,,,,,,,,
51294,,,,,,,,,,,,,,,,,,,,0.123424,0.007259,1.498046,,,,,,
51300,,,,,,,,,0.796557,0.652434,,,39.537674,41.306526,0.205707,0.208435,,,,0.123998,0.013554,1.501829,,,,,,
51303,,,,,,,,,,,,,,,,,,,,0.123998,0.013554,1.501829,,,,,,
51307,,,,,,,,,,,,,,,,,,,,0.123998,0.013554,1.501829,,,,,,
51310,,,,,,,,,,,,,,,,,,,,0.124562,0.020190,1.501766,,,,,,
51315,,,,,,,,,0.494415,0.000000,,,38.167881,40.200737,0.220229,0.219904,,,,,,,,,,,,
51320,,,,,,,,,0.796557,-0.652434,,,39.738056,41.448498,0.205038,0.207589,,,,0.125060,0.026839,1.505557,,,,,,
51330,,,,,,,,,0.659220,0.000000,,,39.970116,41.409279,0.203182,0.208150,,,,0.125582,0.033494,1.509356,,,,,,
51340,0.125992,0.039532,1.508579,0.096247,0.047065,1.455530,0.621810,0.037164,,,41.050076,39.755573,39.620827,40.287193,0.194549,0.194242,0.005669,0.030156,-0.053050,0.126064,0.040009,1.509418,,,,,,
51343,,,,,,,,,0.549350,0.000000,,,,,,,,,,,,,,,,,,
51352,,,,,,,,,0.796557,0.652434,,,40.416019,41.521244,0.186723,0.181548,,,,,,,,,,,,
51361,,,,,,,,,0.631752,-0.652435,,,40.540550,41.470490,0.185580,0.181713,,,,,,,,,,,,
51370,,,,,,,,,,,,,,,,,,,,0.127536,0.060276,1.505381,,,,,,
51375,,,,,,,,,0.494415,0.000000,,,39.556244,39.794151,0.195722,0.198469,,,,,,,,,,,,
51380,,,,,,,,,0.796557,-0.652434,,,40.906223,41.106400,0.182251,0.185076,,,,0.128039,0.067111,1.505381,,,,,,
51390,0.128522,0.074195,1.502912,0.099930,0.077757,1.445945,0.620216,-0.115437,,,40.291748,38.017612,,,,,0.001614,0.028768,-0.056967,0.128476,0.073732,1.505381,,,,,,
51393,,,,,,,,,0.549350,0.000000,,,40.408466,40.032352,0.179622,0.178034,,,,,,,,,,,,
51400,,,,,,,,,0.741622,0.652433,,,41.078739,41.306820,0.172762,0.164631,,,,0.129061,0.080570,1.501566,,,,,,
51410,,,,,,,,,,,,,,,,,,,,0.129564,0.087275,1.497784,,,,,,
51415,,,,,,,,,0.576817,-0.652434,,,40.553619,40.200985,0.177960,0.175253,,,,,,,,,,,,
51420,,,,,,,,,0.686687,-0.652435,,,41.200871,40.359623,0.171306,0.173198,,,,0.130068,0.093856,1.494009,,,,,,
51430,,,,,,,,,0.631752,-0.652435,,,41.200924,39.948555,0.171124,0.176923,,,,0.130623,0.100285,1.490220,,,,,,
51440,0.131174,0.106673,1.485145,0.103986,0.108120,1.428748,0.615834,-0.267946,,,39.716278,36.643242,,,,,-0.000884,0.027212,-0.056397,0.131177,0.106765,1.486506,,,,,,
51443,,,,,,,,,0.549350,0.000000,,,40.111885,39.058140,0.176180,0.171600,,,,,,,,,,,,
51450,,,,,,,,,0.686687,-0.652435,,,40.829197,39.398033,0.168785,0.167650,,,,0.131831,0.113101,1.478999,,,,,,
51460,,,,,,,,,0.631752,0.652435,,,40.343655,39.139473,0.173515,0.169737,,,,0.132414,0.119362,1.471494,,,,,,
51470,,,,,,,,,,,,,,,,,,,,0.133088,0.125894,1.467765,,,,,,
51476,,,,,,,,,0.549350,-1.304868,,,39.935120,38.377380,0.177556,0.177011,,,,,,,,,,,,
51480,,,,,,,,,0.686687,-0.652435,,,40.680466,38.825241,0.169910,0.172096,,,,0.133660,0.132336,1.464068,,,,,,
51490,0.134338,0.138752,1.456270,0.108619,0.138017,1.404030,0.609152,-0.419635,0.521882,-0.652434,38.851624,35.124493,,,,,-0.003669,0.025467,-0.052239,0.134309,0.138562,1.456612,,,,,,
51493,,,,,,,,,,,,,39.673969,37.568443,0.171164,0.168987,,,,,,,,,,,,
51502,,,,,,,,,0.714155,0.000000,,,40.460735,38.144600,0.162974,0.162622,,,,,,,,,,,,
51511,,,,,,,,,0.604285,-1.304869,,,40.578175,38.084835,0.161455,0.162627,,,,,,,,,,,,
51520,,,,,,,,,0.576817,-0.652434,,,40.132446,37.490005,0.165656,0.168103,,,,0.136582,0.157123,1.438147,,,,,,
51530,,,,,,,,,,,,,,,,,,,,0.137405,0.163046,1.430803,,,,,,
51535,,,,,,,,,0.521882,-0.652434,,,39.212868,36.444973,0.174779,0.178289,,,,,,,,,,,,
51540,0.138043,0.168582,1.423521,0.114020,0.167340,1.372033,0.600857,-0.568320,0.576817,-0.652434,38.414806,33.918606,,,,,-0.004754,0.023581,-0.051488,0.138071,0.168945,1.423509,,,,,,
51543,,,,,,,,,,,,,38.983677,36.110226,0.172589,0.169139,,,,,,,,,,,,
51550,,,,,,,,,0.686687,-0.652435,,,39.879921,36.917656,0.163334,0.160465,,,,0.138872,0.174767,1.416245,,,,,,
51560,,,,,,,,,0.604285,0.000000,,,39.544933,37.052486,0.166458,0.158490,,,,0.139622,0.180449,1.409010,,,,,,
51570,,,,,,,,,0.604285,-1.304869,,,39.807621,36.621387,0.163552,0.162260,,,,0.140444,0.186108,1.401861,,,,,,
51579,,,,,,,,,,,,,,,0.166574,0.165420,,,,0.141233,0.191605,1.391143,,,,,,
51582,,,,,,,,,0.576817,-0.652434,,,39.484100,36.258663,,,,,,,,,,,,,,
51589,,,,,,,,,,,,,,,,,,,,0.142251,0.197049,1.383938,,,,,,
51596,0.142293,0.197048,1.384523,0.120358,0.196010,1.333258,0.591791,-0.709920,0.466947,-0.652434,38.134708,32.882942,38.122807,34.864380,0.177388,0.168610,-0.005083,0.021364,-0.051265,,,,,,,,,
51600,,,,,,,,,0.714154,-1.304868,,,39.155586,35.324860,0.166856,0.163516,,,,0.143334,0.202180,1.377063,,,,,,
51609,,,,,,,,,,,,,,,0.168897,0.164630,,,,0.144467,0.207724,1.366229,,,,,,
51612,,,,,,,,,0.549350,-1.304868,,,38.935478,35.167763,,,,,,,,,,,,,,
51619,,,,,,,,,,,,,,,0.176180,0.171076,,,,0.145777,0.213158,1.362739,,,,,,
51622,,,,,,,,,0.494415,0.000000,,,38.205738,34.491039,,,,,,,,,,,,,,
51630,,,,,,,,,0.604285,-1.304869,,,38.136276,34.466187,0.176874,0.171008,,,,0.147050,0.218668,1.355531,,,,,,
51639,0.148365,0.224405,1.345864,0.127780,0.223981,1.288557,0.582873,-0.838276,,,,,,,,,,,,0.148327,0.224208,1.348300,,,,,,
51642,,,,,,,,,0.439480,0.000000,38.038250,31.886177,36.988747,33.356190,0.187595,0.171846,-0.005005,0.019972,-0.057307,,,,,,,,,
51649,,,,,,,,,,,,,,,,,,,,0.149740,0.229920,1.341223,,,,,,
51655,,,,,,,,,0.576817,-0.652434,,,37.112301,33.511326,0.186545,0.169970,,,,,,,,,,,,
51660,,,,,,,,,0.631752,-1.957303,,,37.760803,33.641857,0.180115,0.168313,,,,0.151103,0.235478,1.334036,,,,,,
51669,,,,,,,,,,,,,,,,,,,,0.152257,0.241035,1.327009,,,,,,
51672,,,,,,,,,0.549350,0.000000,,,37.761909,33.751686,0.180159,0.166842,,,,,,,,,,,,
51679,,,,,,,,,,,,,,,,,,,,0.153488,0.246666,1.320055,,,,,,
51682,,,,,,,,,0.576817,-0.652434,,,37.762840,33.299553,0.180205,0.171081,,,,,,,,,,,,
51690,0.154872,0.252294,1.309834,0.136408,0.251238,1.239199,0.575021,-0.945523,0.439480,-1.304869,37.832348,30.612669,,,,,-0.005784,0.017566,-0.070635,0.154836,0.252283,1.309520,,,,,,
51693,,,,,,,,,,,,,36.674538,32.374584,0.189261,0.167243,,,,,,,,,,,,
51700,,,,,,,,,0.659220,-1.304869,,,37.937012,33.229946,0.176615,0.158166,,,,0.156239,0.257847,1.302615,,,,,,
51710,,,,,,,,,0.549350,0.000000,,,37.365627,32.860561,0.182422,0.161410,,,,0.157636,0.263422,1.292214,,,,,,
51720,,,,,,,,,0.521882,-1.957302,,,37.429409,32.549763,0.181865,0.164131,,,,0.159157,0.269188,1.278267,,,,,,
51730,,,,,,,,,0.604285,-1.304869,,,38.027618,32.832798,0.175844,0.160856,,,,0.160937,0.274918,1.267847,,,,,,
51739,0.162695,0.280399,1.253342,,,,,,,,,,,,,,,,,0.162613,0.280323,1.254142,,,,,,
51742,,,,0.146331,0.277796,1.186863,0.569053,-1.023143,0.494415,-1.304868,37.108582,29.601830,37.441864,31.981857,0.174397,0.158781,-0.007581,0.014734,-0.066479,,,,,,,,,
51750,,,,,,,,,,,,,,,,,,,,0.164329,0.285686,1.240548,,,,,,
51755,,,,,,,,,0.549350,-1.304868,,,37.493553,31.810419,0.173803,0.160054,,,,,,,,,,,,
51759,,,,,,,,,,,,,,,,,,,,0.166237,0.290909,1.230364,,,,,,
51762,,,,,,,,,0.659220,-1.304869,,,38.626133,32.755257,0.162174,0.149975,,,,,,,,,,,,
51769,,,,,,,,,,,,,,,,,,,,0.168192,0.296134,1.216887,,,,,,
51772,,,,,,,,,0.549350,-1.304868,,,38.489998,32.461159,0.163259,0.152344,,,,,,,,,,,,
51780,,,,,,,,,0.521882,-0.652434,,,37.830910,32.213703,0.169705,0.154296,,,,0.170157,0.301268,1.203326,,,,,,
51789,0.172130,0.306344,1.192551,0.157607,0.303698,1.133535,0.565602,-1.063642,,,,,,,,,,,,0.172206,0.306464,1.189971,,,,,,
51792,,,,,,,,,0.466947,-1.957303,36.828899,29.348383,37.276356,30.916409,0.172364,0.164421,-0.007822,0.012520,-0.059016,,,,,,,,,
51800,,,,,,,,,0.659220,-1.304869,,,37.898838,32.003036,0.165926,0.153024,,,,0.174413,0.311930,1.179963,,,,,,
51809,,,,,,,,,,,,,,,,,,,,0.176595,0.317238,1.163271,,,,,,
51812,,,,,,,,,0.521882,-0.652434,,,37.878052,31.828239,0.165924,0.154276,,,,,,,,,,,,
51820,,,,,,,,,0.549350,-1.304868,,,37.860561,31.681166,0.165892,0.155280,,,,0.178801,0.322148,1.153351,,,,,,
51829,,,,,,,,,,,,,,,,,,,,0.181115,0.327151,1.140180,,,,,,
51832,,,,,,,,,0.549350,-1.304868,,,37.845848,31.557417,0.165836,0.156076,,,,0.181115,0.327151,1.140180,,,,,,
51836,,,,,,,,,,,,,,,,,,,,0.181115,0.327151,1.140180,,,,,,
51841,0.181280,0.327519,1.139099,0.170260,0.329009,1.081330,0.565041,-1.062398,0.439480,-1.304869,38.070656,30.609278,36.744381,30.364208,0.189533,0.180666,-0.003258,0.010632,-0.057769,0.183373,0.332130,1.127051,,,,,,
51851,,,,,,,,,,,,,,,,,,,,0.185862,0.337200,1.113975,,,,,,
51856,,,,,,,,,0.604285,-1.304869,,,37.451237,30.993874,0.182589,0.174292,,,,,,,,,,,,
51860,,,,,,,,,0.604285,-1.304869,,,38.045982,31.523674,0.176646,0.168811,,,,0.188321,0.342142,1.100950,,,,,,
51870,,,,,,,,,0.549350,-1.304868,,,38.001858,31.424904,0.177101,0.169636,,,,0.190634,0.346946,1.088037,,,,,,
51880,,,,,,,,,0.549350,-1.304868,,,37.964733,31.341799,0.177494,0.170320,,,,0.193029,0.351646,1.078361,,,,,,
51889,0.195513,0.356274,1.063266,,,,,,,,,,,,,,,,,0.195689,0.356659,1.062296,,,,,,
51892,,,,0.184275,0.353809,1.032283,0.567440,-1.018931,0.466947,-0.652434,36.464756,30.147066,36.844410,30.727331,0.172562,0.171727,-0.007616,0.008624,-0.030983,,,,,,,,,
51900,,,,,,,,,0.659220,-1.304869,,,38.079945,31.843948,0.159884,0.160221,,,,0.198277,0.361314,1.052722,,,,,,
51903,,,,,,,,,,,,,,,,,,,,0.198277,0.361314,1.052722,,,,,,
51910,,,,,,,,,0.521882,-1.957302,,,38.030434,31.149839,0.160066,0.166962,,,,0.200931,0.366031,1.039879,,,,,,
51920,,,,,,,,,0.549350,0.000000,,,37.444233,31.654903,0.165732,0.161610,,,,0.203711,0.370735,1.030342,,,,,,
51929,,,,,,,,,,,,,,,,,,,,0.206761,0.375687,1.020744,,,,,,
51932,,,,,,,,,0.521882,-0.652434,,,36.951004,31.535320,0.170567,0.162528,,,,,,,,,,,,
51940,0.209544,0.380131,1.012894,0.199601,0.378195,0.988150,0.572563,-0.937039,,,36.677837,30.986034,,,,,-0.006906,0.007411,-0.024745,0.209630,0.380248,1.011268,,,,,,
51943,,,,,,,,,0.549350,-3.914606,,,37.625088,30.345617,0.165767,0.182943,,,,,,,,,,,,
51949,,,,,,,,,,,,,,,,,,,,0.212555,0.384854,0.998593,,,,,,
51956,,,,,,,,,0.494415,1.304868,,,39.281349,33.700947,0.148684,0.148846,,,,,,,,,,,,
51960,,,,,,,,,0.576817,-0.652434,,,36.318581,31.078688,0.178384,0.175050,,,,0.215398,0.389459,0.989147,,,,,,
51970,,,,,,,,,0.549350,-1.304868,,,36.003880,31.050493,0.181665,0.175319,,,,0.218343,0.394141,0.979823,,,,,,
51980,,,,,,,,,0.521882,-0.652434,,,36.283634,31.026770,0.178947,0.175549,,,,0.221298,0.398973,0.967242,,,,,,
51989,0.224436,0.403625,0.959729,0.216147,0.402267,0.950295,0.579906,-0.823716,,,,,,,,,,,,0.224498,0.403772,0.957847,,,,,,
51992,,,,,,,,,0.439480,-1.304869,36.877319,32.307049,35.429935,29.917723,0.189768,0.200327,-0.005868,0.006010,-0.009435,,,,,,,,,
52000,,,,,,,,,0.631752,-0.652435,,,36.345261,31.162743,0.180721,0.188106,,,,0.227772,0.408378,0.948473,,,,,,
52009,,,,,,,,,,,,,,,,,,,,0.231012,0.413052,0.939135,,,,,,
52012,,,,,,,,,0.576817,-0.652434,,,36.570873,31.121216,0.178526,0.188758,,,,,,,,,,,,
52019,,,,,,,,,,,,,,,,,,,,0.234374,0.417561,0.929852,,,,,,
52022,,,,,,,,,0.549350,-1.304868,,,36.760704,31.630819,0.176651,0.183797,,,,,,,,,,,,
52030,,,,,,,,,0.604285,-1.304869,,,36.920425,32.059601,0.175045,0.179559,,,,0.237866,0.422150,0.920540,,,,,,
52040,0.241585,0.426826,0.912697,0.233785,0.426131,0.919655,0.588772,-0.687415,0.439480,0.000000,36.926998,33.674992,,,,,-0.005320,0.005745,0.006958,0.241498,0.426735,0.914365,,,,,,
52043,,,,,,,,,,,,,35.965729,31.331289,0.185281,0.200990,,,,,,,,,,,,
52049,,,,,,,,,,,,,,,,,,,,0.244995,0.431519,0.905120,,,,,,
52057,,,,,,,,,0.604285,-1.304869,,,36.796078,31.807575,0.177004,0.196601,,,,,,,,,,,,
52060,,,,,,,,,0.631752,-0.652435,,,37.494732,32.752865,0.169904,0.187332,,,,0.248545,0.436160,0.895879,,,,,,
52069,,,,,,,,,,,,,,,,,,,,0.252197,0.440668,0.886685,,,,,,
52072,,,,,,,,,0.576817,-0.652434,,,37.538036,33.003689,0.169349,0.184959,,,,,,,,,,,,
52080,,,,,,,,,0.576817,-0.652434,,,37.574474,33.214733,0.168855,0.182940,,,,0.255829,0.445218,0.880560,,,,,,
52090,0.259430,0.449551,0.874928,0.252351,0.449893,0.896791,0.598340,-0.536341,,,37.129768,35.240093,,,,,-0.004275,0.005652,0.021863,0.259414,0.449569,0.874456,,,,,,
52093,,,,,,,,,0.521882,-0.652434,,,37.060589,32.847759,0.176035,0.202739,,,,,,,,,,,,
52100,,,,,,,,,0.659220,0.000000,,,37.717293,33.628075,0.169351,0.195259,,,,0.263220,0.454008,0.868340,,,,,,
52110,,,,,,,,,0.576817,-0.652434,,,37.725300,34.284634,0.169152,0.188884,,,,0.266893,0.458224,0.862260,,,,,,
52120,,,,,,,,,0.576817,-0.652434,,,37.732037,34.292519,0.168964,0.188995,,,,0.270686,0.462529,0.859234,,,,,,
52129,,,,,,,,,,,,,,,,,,,,0.274351,0.466809,0.856244,,,,,,
52132,,,,,,,,,0.549350,0.000000,,,37.193161,34.299152,0.174340,0.189117,,,,,,,,,,,,
52139,0.278044,0.471210,0.849426,0.271646,0.473650,0.881964,0.607764,-0.377364,,,,,,,,,,,,0.278131,0.471266,0.847091,,,,,,
52142,,,,,,,,,0.521882,-0.652434,37.599354,36.985180,36.739754,33.760193,0.183742,0.212602,-0.002392,0.006416,0.032538,,,,,,,,,
52149,,,,,,,,,,,,,,,,,,,,0.281755,0.475469,0.844133,,,,,,
52166,,,,,,,,,-0.000000,0.000000,,,31.050009,28.940620,0.242088,0.262925,,,,0.285644,0.479867,0.841101,,,,,,
52169,,,,,,,,,,,,,,,,,,,,0.289327,0.484065,0.838125,,,,,,
52172,,,,,,,,,0.796557,0.652434,,,33.749077,31.974239,0.215868,0.233591,,,,,,,,,,,,
52179,,,,,,,,,,,,,,,,,,,,0.293257,0.488423,0.832087,,,,,,
52182,,,,,,,,,0.604285,0.000000,,,34.386444,32.893097,0.210137,0.225220,,,,,,,,,,,,
52189,0.297286,0.492885,0.833563,,,,,,,,,,,,,,,,,0.297218,0.492795,0.832110,,,,,,
52192,,,,0.291441,0.497494,0.875216,0.616235,-0.215619,0.494415,-1.304868,38.020767,38.651024,34.378181,32.577137,0.215162,0.246253,-0.000517,0.007426,0.041653,,,,,,,,,
52199,,,,,,,,,,,,,,,,,,,,0.301520,0.497412,0.829008,,,,,,
52202,,,,,,,,,0.741622,0.652433,,,36.004860,35.034004,0.199298,0.222408,,,,,,,,,,,,
52210,,,,,,,,,,,,,,,,,,,,0.305728,0.502004,0.825985,,,,,,
52215,,,,,,,,,0.521882,-0.652434,,,39.007175,37.645756,0.169078,0.196491,,,,,,,,,,,,
52220,,,,,,,,,0.741622,0.652433,,,36.632435,35.486935,0.193103,0.218713,,,,0.310305,0.506838,0.825967,,,,,,
52229,,,,,,,,,,,,,,,0.191544,0.210101,,,,0.315056,0.511733,0.822879,,,,,,
52232,,,,,,,,,0.631752,-0.652435,,,36.812500,36.393219,,,,,,,,,,,,,,
52239,0.319685,0.516617,0.821002,,,,,,,,,,,,,,,,,0.319760,0.516677,0.822840,,,,,,
52242,,,,0.311486,0.521504,0.876446,0.623048,-0.054644,0.549350,0.000000,37.276947,39.353291,36.964008,36.066681,0.182653,0.221047,-0.002011,0.009330,0.055444,,,,,,,,,
52250,,,,,,,,,0.714155,0.000000,,,38.180573,37.425564,0.170307,0.207843,,,,0.324363,0.521461,0.819793,,,,,,
52260,,,,,,,,,0.659220,0.000000,,,38.659649,38.024384,0.165240,0.202121,,,,0.328743,0.525983,0.819807,,,,,,
52275,,,,,,,,,0.494415,0.000000,,,37.429111,36.894600,0.177514,0.213910,,,,0.333344,0.530634,0.822834,,,,,,
52280,,,,,,,,,0.796557,0.652434,,,39.116455,39.211258,0.160273,0.190772,,,,0.337638,0.534967,0.825877,,,,,,
52289,0.342463,0.540189,0.828217,,,,,,,,,,,,,,,,,0.342101,0.539644,0.825893,,,,,,
52292,,,,0.331512,0.545745,0.885448,0.627642,0.103151,0.521882,0.652434,36.709789,39.754082,37.813469,38.437778,0.167411,0.202778,-0.003312,0.011825,0.057230,,,,,,,,,
52299,,,,,,,,,,,,,,,,,,,,0.346569,0.544460,0.828893,,,,,,
52302,,,,,,,,,0.714155,0.000000,,,38.895309,39.420605,0.156155,0.193017,,,,,,,,,,,,
52310,,,,,,,,,,,,,,,,,,,,0.350878,0.549078,0.828893,,,,,,
52316,,,,,,,,,0.576817,0.652434,,,41.439201,42.425728,0.129770,0.162431,,,,,,,,,,,,
52320,,,,,,,,,0.686687,0.652435,,,38.134197,38.964260,0.162536,0.197204,,,,0.355368,0.553772,0.831938,,,,,,
52330,,,,,,,,,0.549350,0.000000,,,37.531540,38.774498,0.168398,0.199297,,,,0.359629,0.558297,0.834977,,,,,,
52340,0.363713,0.562599,0.834408,0.351245,0.570261,0.901926,0.629623,0.255937,,,36.345570,40.660877,37.024464,39.703918,0.169691,0.199262,-0.002697,0.014383,0.067517,0.363959,0.562798,0.834977,,,,,,
52343,,,,,,,,,0.659220,2.609737,,,,,,,,,,,,,,,,,,
52350,,,,,,,,,0.659220,-1.304869,,,38.231441,39.396847,0.157244,0.202586,,,,0.368232,0.567345,0.844080,,,,,,
52360,,,,,,,,,0.659220,0.000000,,,38.702450,39.683022,0.152062,0.199920,,,,0.372505,0.571652,0.847071,,,,,,
52370,,,,,,,,,,,,,,,,,,,,0.376666,0.576060,0.850127,,,,,,
52375,,,,,,,,,0.494415,0.000000,,,37.465126,38.834721,0.164211,0.208768,,,,,,,,,,,,
52379,,,,,,,,,,,,,,,,,,,,0.380861,0.580582,0.859251,,,,,,
52382,,,,,,,,,0.714154,1.304868,,,38.057671,40.299133,0.157944,0.194196,,,,,,,,,,,,
52389,0.385148,0.585586,0.871007,,,,,,,,,,,,,,,,,0.384988,0.585203,0.868386,,,,,,
52392,,,,0.370413,0.595078,0.925495,0.628776,0.401941,0.521882,0.652434,36.301941,40.924820,36.922607,39.353119,0.168734,0.206610,-0.002229,0.017385,0.054488,,,,,,,,,
52400,,,,,,,,,0.686687,0.652435,,,37.601196,40.190773,0.161688,0.198380,,,,0.389131,0.589928,0.874481,,,,,,
52410,,,,,,,,,0.631752,0.652435,,,37.083073,40.351028,0.166713,0.196893,,,,0.392959,0.594543,0.880626,,,,,,
52420,,,,,,,,,0.604285,1.304869,,,37.191666,39.941326,0.165449,0.201186,,,,0.396830,0.599326,0.889822,,,,,,
52429,,,,,,,,,,,,,,,,,,,,0.400760,0.604009,0.895951,,,,,,
52435,,,,,,,,,0.466947,0.652434,,,35.649406,39.052059,0.181002,0.210454,,,,,,,,,,,,
52440,0.404247,0.608228,0.905065,0.388755,0.620194,0.955646,0.625056,0.539100,0.631752,0.652435,36.362068,41.581089,,,,,-0.000158,0.019575,0.050581,0.404647,0.608644,0.905198,,,,,,
52443,,,,,,,,,,,,,35.985382,39.392918,0.178319,0.214045,,,,,,,,,,,,
52450,,,,,,,,,0.714155,0.000000,,,36.812614,40.224258,0.169957,0.206003,,,,0.408472,0.613432,0.914488,,,,,,
52460,,,,,,,,,0.631752,1.957303,,,36.964104,40.379204,0.168321,0.204694,,,,0.412251,0.618185,0.920699,,,,,,
52469,,,,,,,,,,,,,,,,,,,,0.416046,0.623061,0.926949,,,,,,
52475,,,,,,,,,0.494415,0.000000,,,38.725197,42.687748,0.150238,0.181387,,,,,,,,,,,,
52479,,,,,,,,,,,,,,,,,,,,0.419653,0.627899,0.933143,,,,,,
52482,,,,,,,,,0.686687,0.652435,,,36.395180,39.729267,0.173531,0.211343,,,,,,,,,,,,
52490,0.423610,0.633280,0.936334,0.406034,0.645581,0.991734,0.618558,0.664813,,,35.416664,41.497055,,,,,-0.000511,0.021447,0.055400,0.423481,0.633070,0.936210,,,,,,
52493,,,,,,,,,0.521882,0.652434,,,35.523788,38.873631,0.172770,0.219583,,,,,,,,,,,,
52499,,,,,,,,,,,,,,,,,,,,0.427235,0.637985,0.945535,,,,,,
52502,,,,,,,,,0.714154,1.304868,,,36.424229,40.331871,0.163564,0.205234,,,,,,,,,,,,
52510,,,,,,,,,0.631752,0.652435,,,36.092773,39.925205,0.166743,0.209615,,,,0.430758,0.642840,0.951848,,,,,,
52520,,,,,,,,,0.604285,1.304869,,,36.358429,40.127583,0.163898,0.207865,,,,0.434573,0.647993,0.958010,,,,,,
52530,,,,,,,,,,,,,,,,,,,,0.438374,0.653025,0.967266,,,,,,
52535,,,,,,,,,0.521882,0.652434,,,35.492867,39.753319,0.172539,0.211957,,,,,,,,,,,,
52540,0.441853,0.657919,0.976009,0.422046,0.671182,1.032946,0.609472,0.775976,,,34.632256,41.364780,,,,,-0.000113,0.023837,0.056937,0.442140,0.658227,0.976656,,,,,,
52543,,,,,,,,,0.604285,0.000000,,,35.853668,39.438412,0.160842,0.214168,,,,,,,,,,,,
52550,,,,,,,,,0.714154,2.609737,,,36.157246,40.807079,0.157502,0.200593,,,,0.445592,0.663332,0.986051,,,,,,
52560,,,,,,,,,0.631752,0.652435,,,36.412678,40.869591,0.154591,0.200067,,,,0.449270,0.668625,0.995428,,,,,,
52569,,,,,,,,,,,,,,,0.157597,0.199629,,,,0.452843,0.673900,1.004889,,,,,,
52572,,,,,,,,,0.576817,0.652434,,,36.083054,40.922188,,,,,,,,,,,,,,
52580,,,,,,,,,0.604285,1.304869,,,35.805710,40.966442,0.160136,0.199267,,,,0.456425,0.679136,1.017569,,,,,,
52591,0.456558,0.679498,1.019555,0.436623,0.696905,1.078300,0.598034,0.869203,0.521882,0.652434,34.904610,42.188877,35.027809,39.914589,0.170614,0.218481,0.004388,0.026098,0.058745,,,,,,,,,
52598,,,,,,,,,,,,,,,,,,,,0.463414,0.689718,1.039741,,,,,,
52602,,,,,,,,,0.741622,1.957302,,,36.006912,41.207733,0.160602,0.205746,,,,,,,,,,,,
52609,,,,,,,,,,,,,,,,,,,,0.466800,0.694915,1.052532,,,,,,
52612,,,,,,,,,0.576817,0.652434,,,35.741642,41.206699,0.163088,0.205952,,,,,,,,,,,,
52620,,,,,,,,,0.659220,1.304869,,,36.062988,41.750374,0.159643,0.200603,,,,0.469992,0.700119,1.062186,,,,,,
52629,,,,,,,,,,,,,,,,,,,,0.472965,0.705204,1.075049,,,,,,
52635,,,,,,,,,0.494415,1.304868,,,37.966999,43.841450,0.139990,0.179362,,,,,,,,,,,,
52639,0.475328,0.709696,1.084746,0.449649,0.722635,1.126671,0.584465,0.941247,,,,,,,,,,,,0.475925,0.710495,1.084743,,,,,,
52642,,,,,,,,,0.631752,0.652435,32.825455,39.856289,34.668144,40.155449,0.151818,0.192836,-0.000555,0.028750,0.041925,,,,,,,,,
52650,,,,,,,,,0.659220,1.304869,,,35.159748,40.865852,0.146436,0.185530,,,,0.478926,0.715929,1.100945,,,,,,
52660,,,,,,,,,0.604285,1.304869,,,35.028839,40.919041,0.147304,0.184786,,,,0.481824,0.721469,1.107481,,,,,,
52669,,,,,,,,,,,,,,,,,,,,0.484748,0.727017,1.123763,,,,,,
52672,,,,,,,,,0.576817,1.957303,,,34.374149,40.419250,0.153541,0.189671,,,,,,,,,,,,
52680,,,,,,,,,0.576817,0.652434,,,34.367836,40.543270,0.153296,0.188294,,,,0.487547,0.732419,1.133588,,,,,,
52689,,,,,,,,,,,,,,,,,,,,0.490183,0.737850,1.143447,,,,,,
52695,0.489897,0.737326,1.138521,0.461054,0.748225,1.176842,0.568922,0.989585,0.494415,0.000000,31.348097,38.484734,33.817982,39.013992,0.158596,0.203755,-0.002187,0.030756,0.038321,,,,,,,,,
52700,,,,,,,,,0.741622,1.957302,,,34.988964,40.449974,0.131384,0.175287,,,,0.492821,0.743255,1.156636,,,,,,
52710,,,,,,,,,0.549350,1.304868,,,34.340599,40.569122,0.137269,0.173678,,,,0.495293,0.748561,1.166567,,,,,,
52720,,,,,,,,,0.576817,0.652434,,,34.339607,40.124828,0.136681,0.177793,,,,0.497601,0.754048,1.176608,,,,,,
52730,,,,,,,,,0.549350,1.304868,,,33.794231,39.750999,0.141646,0.181278,,,,0.499827,0.759412,1.183315,,,,,,
52740,0.502022,0.764602,1.194169,0.470819,0.773495,1.227548,0.551461,1.012907,,,30.017771,37.072605,,,,,-0.003207,0.032287,0.033380,0.502152,0.764784,1.193291,,,,,,
52743,,,,,,,,,0.466947,0.652434,,,32.790806,38.347374,0.137822,0.180938,,,,,,,,,,,,
52755,,,,,,,,,0.714154,-2.609737,,,35.758327,38.255451,0.106999,0.181621,,,,0.504654,0.770375,1.203265,,,,,,
52759,,,,,,,,,,,,,,,,,,,,0.506983,0.775751,1.216756,,,,,,
52762,,,,,,,,,0.521882,5.871907,,,32.809769,39.267193,0.135926,0.171065,,,,,,,,,,,,
52770,,,,,,,,,0.549350,0.000000,,,32.507023,39.029385,0.138455,0.173051,,,,0.509111,0.781146,1.223448,,,,,,
52780,,,,,,,,,0.521882,1.957302,,,32.252293,38.829292,0.140556,0.174701,,,,0.511213,0.786309,1.236980,,,,,,
52789,0.513009,0.791432,1.254072,,,,,,,,,,,,,,,,,0.513239,0.791629,1.250598,,,,,,
52792,,,,0.478977,0.798256,1.277603,0.532027,1.011449,0.494415,1.304868,28.739025,35.431248,31.493420,38.116394,0.134806,0.164879,-0.004115,0.034465,0.023531,,,,,,,,,
52800,,,,,,,,,0.659220,1.304869,,,32.488533,38.605648,0.124105,0.159352,,,,0.515209,0.797027,1.264272,,,,,,
52809,,,,,,,,,,,,,,,,,,,,0.517049,0.802219,1.278044,,,,,,
52812,,,,,,,,,0.494415,1.304868,,,31.692192,38.472763,0.131478,0.160072,,,,,,,,,,,,
52820,,,,,,,,,0.521882,0.652434,,,31.566694,37.816410,0.132167,0.166159,,,,0.518685,0.807379,1.288405,,,,,,
52830,,,,,,,,,0.521882,0.652434,,,31.461102,37.264153,0.132679,0.171315,,,,0.520313,0.812500,1.298813,,,,,,
52840,0.521776,0.817462,1.307362,0.485605,0.822292,1.325926,0.510474,0.987080,0.439480,1.304869,27.373503,33.749596,,,,,-0.004756,0.036181,0.018564,0.521876,0.817562,1.309257,,,,,,
52843,,,,,,,,,,,,,30.283169,36.254944,0.130221,0.164089,,,,,,,,,,,,
52850,,,,,,,,,,,,,,,,,,,,0.523333,0.822720,1.319744,,,,,,
52856,,,,,,,,,0.549350,1.304868,,,30.381144,36.494881,0.128640,0.161141,,,,,,,,,,,,
52860,,,,,,,,,0.604285,1.304869,,,31.008121,36.696762,0.121643,0.158533,,,,0.524694,0.827725,1.330276,,,,,,
52870,,,,,,,,,0.494415,1.304868,,,30.446575,36.322083,0.126644,0.161765,,,,0.526074,0.832811,1.340869,,,,,,
52879,,,,,,,,,,,,,,,,,,,,0.527324,0.837882,1.351516,,,,,,
52882,,,,,,,,,0.494415,1.304868,,,29.974091,36.006828,0.130849,0.164466,,,,,,,,,,,,
52890,0.528420,0.842810,1.359767,0.490818,0.845390,1.371637,0.486607,0.942988,,,25.954916,31.855370,,,,,-0.005353,0.037308,0.011870,0.528508,0.842928,1.358592,,,,,,
52893,,,,,,,,,0.439480,0.000000,,,29.576542,35.197029,0.119914,0.152953,,,,,,,,,,,,
52900,,,,,,,,,0.576817,0.652434,,,29.786587,35.604752,0.117047,0.148126,,,,0.529627,0.847741,1.369314,,,,,,
52909,,,,,,,,,,,,,,,,,,,,0.530737,0.852622,1.376442,,,,,,
52912,,,,,,,,,0.466947,1.957303,,,29.418776,34.858723,0.120033,0.154986,,,,,,,,,,,,
52920,,,,,,,,,0.466947,-0.652434,,,29.109299,34.231014,0.122497,0.160788,,,,0.531803,0.857168,1.387316,,,,,,
52929,,,,,,,,,,,,,,,0.124522,0.160146,,,,0.532699,0.862008,1.394486,,,,,,
52932,,,,,,,,,0.494415,1.304868,,,28.848906,34.247402,,,,,,,,,,,,,,
52939,0.533577,0.866700,1.406990,0.494763,0.867336,1.414062,0.460237,0.883229,,,,,,,,,,,,0.533644,0.866661,1.405341,,,,,,
52942,,,,,,,,,0.384545,1.304868,24.454622,29.866135,28.085268,33.172104,0.116429,0.150345,-0.005702,0.038398,0.007071,,,,,,,,,
52949,,,,,,,,,,,,,,,,,,,,0.534486,0.871257,1.416245,,,,,,
52956,,,,,,,,,0.494415,1.304868,,,27.987286,33.356434,0.116702,0.147804,,,,,,,,,,,,
52960,,,,,,,,,0.494415,1.304868,,,27.904844,33.511532,0.116837,0.145524,,,,0.535333,0.875613,1.427241,,,,,,
52969,,,,,,,,,,,,,,,,,,,,0.536193,0.880253,1.434615,,,,,,
52972,,,,,,,,,0.466947,0.652434,,,27.835478,33.097488,0.116854,0.149018,,,,,,,,,,,,
52979,,,,,,,,,,,,,,,,,,,,0.536903,0.884812,1.445720,,,,,,
52982,,,,,,,,,0.439480,0.000000,,,27.777113,32.204567,0.116773,0.157479,,,,,,,,,,,,
52990,0.537483,0.889210,1.449147,0.497608,0.887925,1.452741,0.431247,0.812156,0.384545,1.304868,22.778637,27.687325,,,,,-0.006115,0.039424,0.003594,0.537520,0.889285,1.453009,,,,,,
52993,,,,,,,,,,,,,26.638918,31.453264,0.110623,0.142451,,,,,,,,,,,,
52999,,,,,,,,,,,,,,,,,,,,0.538116,0.893693,1.460472,,,,,,
53002,,,,,,,,,0.494415,1.304868,,,26.770329,31.910204,0.108511,0.137037,,,,,,,,,,,,
53009,,,,,,,,,,,,,,,,,,,,0.538717,0.898022,1.467915,,,,,,
53012,,,,,,,,,0.412012,0.652434,,,26.336353,31.205587,0.112139,0.143380,,,,,,,,,,,,
53020,,,,,,,,,0.439480,1.304869,,,25.971207,31.157267,0.115152,0.143169,,,,0.539249,0.902359,1.479176,,,,,,
53029,,,,,,,,,,,,,,,,,,,,0.539719,0.906515,1.486746,,,,,,
53032,,,,,,,,,0.439480,0.000000,,,25.663973,30.572065,0.117647,0.148444,,,,,,,,,,,,
53039,0.540274,0.910739,1.493840,0.499531,0.906966,1.487401,0.399635,0.733928,,,,,,,,,,,,0.540293,0.910712,1.497934,,,,,,
53042,,,,,,,,,0.329610,1.304868,20.933270,25.142021,24.860922,29.535133,0.106439,0.132482,-0.006894,0.040333,-0.006438,,,,,,,,,
53055,,,,,,,,,0.521882,-1.957302,,,26.907951,31.929920,0.084773,0.107176,,,,,,,,,,,,
53061,,,,,,,,,0.357077,3.262171,,,24.818520,29.044003,0.104891,0.135255,,,,,,,,,,,,
53069,,,,,,,,,,,,,,,,,,,,0.541241,0.923055,1.520782,,,,,,
53072,,,,,,,,,0.357077,0.652434,,,24.149559,28.249422,0.110937,0.142579,,,,,,,,,,,,
53080,,,,,,,,,0.439480,1.304869,,,24.131239,28.125406,0.110481,0.143223,,,,0.541492,0.927129,1.524670,,,,,,
53091,0.541476,0.927596,1.527557,0.500713,0.924308,1.517956,0.365574,0.652224,0.357077,-0.652434,19.588440,23.267559,24.115824,27.476515,0.096281,0.130125,-0.005046,0.040583,-0.009602,0.541702,0.931163,1.532274,,,,,,
53100,,,,,,,,,0.412012,1.957303,,,23.558310,28.019625,0.101062,0.123744,,,,0.541875,0.935111,1.539912,,,,,,
53110,,,,,,,,,,,,,,,,,,,,0.542020,0.938968,1.543721,,,,,,
53115,,,,,,,,,0.384545,-1.304868,,,24.178305,29.021141,0.093944,0.112578,,,,,,,,,,,,
53120,,,,,,,,,0.329610,2.609737,,,22.521795,26.596558,0.109923,0.136158,,,,0.542213,0.942769,1.551566,,,,,,
53129,,,,,,,,,,,,,,,,,,,,0.542312,0.946474,1.559333,,,,,,
53132,,,,,,,,,0.357077,0.652434,,,22.217094,26.190142,0.112444,0.139638,,,,,,,,,,,,
53140,0.542338,0.949800,1.562920,0.501327,0.939826,1.544433,0.329410,0.570032,,,16.168303,19.209276,,,,,-0.010296,0.040931,-0.018487,0.542373,0.950199,1.563171,,,,,,
53143,,,,,,,,,0.329610,0.000000,,,21.960720,25.303640,0.079648,0.106701,,,,,,,,,,,,
53149,,,,,,,,,,,,,,,,,,,,0.542545,0.953966,1.570892,,,,,,
53152,,,,,,,,,0.412012,0.652434,,,22.289549,25.646826,0.075135,0.101981,,,,,,,,,,,,
53159,,,,,,,,,,,,,,,,,,,,0.542711,0.957659,1.574611,,,,,,
53162,,,,,,,,,0.302142,0.652434,,,21.477139,24.846495,0.082198,0.108857,,,,,,,,,,,,
53170,,,,,,,,,,,,,,,,,,,,0.542785,0.961296,1.582366,,,,,,
53175,,,,,,,,,0.247207,0.652434,,,20.249035,23.628553,0.093662,0.120153,,,,,,,,,,,,
53180,,,,,,,,,0.357077,0.652434,,,20.304794,23.692863,0.092278,0.118613,,,,0.542852,0.964839,1.590084,,,,,,
53189,0.542819,0.968378,1.594089,0.501531,0.953445,1.566979,0.291671,0.489665,,,,,,,,,,,,0.542877,0.968445,1.593956,,,,,,
53192,,,,,,,,,0.302142,0.652434,13.063879,15.524817,19.807167,23.202431,0.064861,0.085137,-0.013968,0.041625,-0.027110,,,,,,,,,
53200,,,,,,,,,0.357077,0.652434,,,19.933006,23.334324,0.062229,0.082256,,,,0.542789,0.971907,1.601624,,,,,,
53209,,,,,,,,,,,,,,,0.065329,0.090671,,,,0.542623,0.975335,1.609185,,,,,,
53212,,,,,,,,,0.274675,0.000000,,,19.494345,22.356213,,,,,,,,,,,,,,
53219,,,,,,,,,,,,,,,,,,,,0.542536,0.978714,1.612857,,,,,,
53222,,,,,,,,,0.247207,0.652434,,,18.580711,21.533230,0.073362,0.097699,,,,,,,,,,,,
53230,,,,,,,,,,,,,,,,,,,,0.542521,0.981989,1.620324,,,,,,
53235,,,,,,,,,0.302142,-0.652434,,,18.901068,21.929859,0.068991,0.092452,,,,,,,,,,,,
53240,0.542440,0.985135,1.618581,0.501466,0.965127,1.585794,0.253033,0.412804,,,9.744205,11.727387,,,,,-0.018028,0.041883,-0.032788,0.542422,0.985286,1.623813,,,,,,
53243,,,,,,,,,0.219740,1.304868,,,17.536985,20.085411,0.047877,0.071251,,,,,,,,,,,,
53249,,,,,,,,,,,,,,,,,,,,0.542386,0.988455,1.631035,,,,,,
53252,,,,,,,,,0.219740,1.304868,,,16.389246,19.622578,0.058025,0.074300,,,,,,,,,,,,
53260,,,,,,,,,0.247207,0.652434,,,15.968082,18.688606,0.060992,0.082248,,,,0.542266,0.991630,1.638347,,,,,,
53270,,,,,,,,,,,,,,,,,,,,0.541982,0.994741,1.641643,,,,,,
53275,,,,,,,,,0.192272,-0.652434,,,15.613715,18.991850,0.063362,0.077762,,,,,,,,,,,,
53279,,,,,,,,,,,,,,,,,,,,0.541701,0.997855,1.644693,,,,,,
53282,,,,,,,,,0.164805,1.304868,,,14.226464,17.068827,0.076338,0.095924,,,,,,,,,,,,
53290,0.541593,0.999490,1.651261,0.501244,0.974882,1.601134,0.214292,0.340653,0.192272,0.652434,6.689795,8.089938,,,,,-0.021286,0.042196,-0.050127,0.541574,1.000053,1.648278,,,,,,
53293,,,,,,,,,,,,,13.603775,16.539881,0.050638,0.063149,,,,,,,,,,,,
53300,,,,,,,,,0.274675,0.000000,,,14.168930,16.639370,0.043490,0.060444,,,,0.541426,1.001667,1.652445,,,,,,
53303,,,,,,,,,,,,,,,,,,,,0.541426,1.001667,1.652445,,,,,,
53309,,,,,,,,,,,,,,,0.048253,0.063435,,,,0.541313,1.003242,1.656385,,,,,,
53312,,,,,,,,,0.192272,0.652434,,,13.555366,16.178537,,,,,,,,,,,,,,
53320,,,,,,,,,0.164805,0.000000,,,13.039112,15.246249,0.052146,0.071327,,,,0.541265,1.004773,1.660668,,,,,,
53323,,,,,,,,,,,,,,,,,,,,0.541265,1.004773,1.660668,,,,,,
53330,,,,,,,,,,,,,,,,,,,,0.541162,1.006395,1.660656,,,,,,
53335,,,,,,,,,0.192272,0.652434,,,12.060194,14.461822,0.060861,0.077896,,,,,,,,,,,,
53340,0.541077,1.007979,1.669604,0.500956,0.982777,1.613298,0.176336,0.274071,,,4.537405,5.589176,11.236532,13.801805,0.046234,0.057846,-0.021121,0.042411,-0.056305,0.541113,1.007879,1.668296,,,,,,
53343,,,,,,,,,0.082402,0.652434,,,,,,,,,,,,,,,,,,
53349,,,,,,,,,,,,,,,,,,,,0.541080,1.009333,1.672046,,,,,,
53352,,,,,,,,,0.164805,0.000000,,,11.088046,13.246466,0.046408,0.061868,,,,,,,,,,,,
53360,,,,,,,,,0.082402,0.652434,,,9.874023,12.234661,0.057481,0.070657,,,,0.540991,1.010713,1.679813,,,,,,
53369,,,,,,,,,,,,,,,,,,,,0.540883,1.011987,1.679813,,,,,,
53375,,,,,,,,,0.137337,-0.652434,,,9.941631,12.472415,0.055724,0.066903,,,,,,,,,,,,
53379,,,,,,,,,,,,,,,,,,,,0.540735,1.013278,1.686948,,,,,,
53382,,,,,,,,,0.109870,1.304868,,,8.909431,11.038832,0.065172,0.080149,,,,,,,,,,,,
53390,0.540582,1.014306,1.694392,0.500667,0.988916,1.622604,0.140069,0.213657,,,2.689662,3.368611,,,,,-0.020276,0.042740,-0.071788,0.540601,1.014387,1.690686,,,,,,
53393,,,,,,,,,0.109870,0.000000,,,8.585480,10.377158,0.048755,0.063158,,,,,,,,,,,,
53399,,,,,,,,,,,,,,,,,,,,0.540478,1.015584,1.697770,,,,,,
53402,,,,,,,,,0.137337,0.652434,,,8.312908,10.364969,0.050356,0.061881,,,,,,,,,,,,
53409,,,,,,,,,,,,,,,,,,,,0.540438,1.016617,1.701443,,,,,,
53412,,,,,,,,,0.054935,1.304868,,,6.994480,9.810170,0.062679,0.066141,,,,,,,,,,,,
53420,,,,,,,,,0.082402,0.652434,,,6.429698,9.343362,0.067579,0.069614,,,,0.540323,1.017573,1.705279,,,,,,
53429,,,,,,,,,,,,,,,,,,,,0.540259,1.018476,1.708957,,,,,,
53435,,,,,,,,,0.137337,0.652434,,,7.043576,9.495133,0.060569,0.066871,,,,,,,,,,,,
53439,0.540122,1.019459,1.717342,0.500415,0.993465,1.629413,0.106380,0.159868,,,,,,,,,,,,0.540167,1.019308,1.716456,,,,,,
53442,,,,,,,,,0.054935,-1.304868,0.823279,1.219338,6.471007,7.989204,0.046502,0.059083,-0.019917,0.043077,-0.087929,,,,,,,,,
53451,,,,,,,,,0.082402,0.652434,,,5.989248,7.811202,0.050286,0.059545,,,,0.540070,1.020050,1.723592,,,,,,
53460,,,,,,,,,0.109870,0.000000,,,5.583896,7.661430,0.053388,0.059754,,,,0.539999,1.020631,1.727400,,,,,,
53469,,,,,,,,,,,,,,,,,,,,0.539979,1.021099,1.727553,,,,,,
53472,,,,,,,,,0.054935,1.304868,,,5.242832,7.535413,0.055914,0.059751,,,,0.539979,1.021099,1.727553,,,,,,
53480,,,,,,,,,0.027467,0.652434,,,4.411318,6.884839,0.063512,0.065124,,,,0.539923,1.021631,1.731443,,,,,,
53490,,,,,,,,,,,,,,,,,,,,0.539911,1.021995,1.735318,,,,,,
53495,0.539861,1.022238,1.733809,0.500225,0.996587,1.634043,0.076115,0.113112,0.109870,0.000000,-0.686235,-0.465730,4.800769,6.881989,0.043425,0.046832,-0.018878,0.043273,-0.099766,,,,,,,,,
53499,,,,,,,,,,,,,,,,,,,,0.539841,1.022297,1.735421,,,,,,
53502,,,,,,,,,0.054935,0.000000,,,4.583910,6.335047,0.044539,0.050942,,,,,,,,,,,,
53509,,,,,,,,,,,,,,,0.045346,0.054275,,,,0.539821,1.022504,1.742657,,,,,,
53512,,,,,,,,,0.054935,0.000000,,,4.401444,5.874851,,,,,,,,,,,,,,
53520,,,,,,,,,0.027467,0.652434,,,3.703374,5.487642,0.051449,0.056957,,,,0.539862,1.022624,1.742847,,,,,,
53530,,,,,,,,,,,,,,,,,,,,0.539951,1.022592,1.746789,,,,,,
53535,,,,,,,,,0.054935,1.304868,,,3.116019,5.706388,0.056562,0.053535,,,,,,,,,,,,
53539,0.539920,1.022710,1.751345,0.500099,0.998534,1.636913,0.050045,0.073794,,,,,,,,,,,,0.539973,1.022506,1.746975,,,,,,
53542,,,,,,,,,-0.000000,0.000000,-1.618558,-1.522311,2.621818,4.801354,0.051333,0.050755,-0.016632,0.043515,-0.114432,,,,,,,,,
53549,,,,,,,,,,,,,,,,,,,,0.539999,1.022339,1.750678,,,,,,
53552,,,,,,,,,0.027467,0.652434,,,2.205997,4.584402,0.054726,0.051703,,,,,,,,,,,,
53559,,,,,,,,,,,,,,,,,,,,0.540076,1.022106,1.757913,,,,,,
53562,,,,,,,,,0.027467,0.652434,,,1.856126,4.401858,0.057530,0.052343,,,,,,,,,,,,
53569,,,,,,,,,,,,,,,,,,,,0.540163,1.021772,1.765152,,,,,,
53572,,,,,,,,,-0.000000,0.000000,,,1.561744,3.703723,0.059838,0.058280,,,,,,,,,,,,
53580,,,,,,,,,0.054935,0.000000,,,1.858594,3.660855,0.056174,0.057672,,,,0.540248,1.021477,1.768757,,,,,,
53589,,,,,,,,,,,,,,,,,,,,0.540223,1.021415,1.772332,,,,,,
53595,0.540179,1.021637,1.767833,0.500030,0.999559,1.638418,0.028849,0.042332,0.027467,-0.652434,-2.104635,-2.077175,,,,,-0.013792,0.043694,-0.129415,,,,,,,,,
53598,,,,,,,,,,,,,2.108364,3.080243,0.047973,0.056898,,,,0.540207,1.021510,1.768757,,,,,,
53602,,,,,,,,,-0.000000,0.000000,,,1.773978,2.591716,0.050541,0.060849,,,,,,,,,,,,
53609,,,,,,,,,,,,,,,0.052635,0.064108,,,,0.540206,1.021622,1.765152,,,,,,
53612,,,,,,,,,-0.000000,0.000000,,,1.492624,2.180670,,,,,,,,,,,,,,
53620,,,,,,,,,0.027467,-0.652434,,,1.800437,1.834815,0.048776,0.066784,,,,0.540144,1.021828,1.761566,,,,,,
53629,,,,,,,,,,,,,,,,,,,,0.540108,1.021914,1.757997,,,,,,
53635,,,,,,,,,0.027467,0.652434,,,1.514888,2.088356,0.050908,0.063416,,,,,,,,,,,,
53639,0.540095,1.022044,1.761560,0.500004,0.999946,1.638986,0.013109,0.019186,,,,,,,,,,,,0.540113,1.021959,1.757997,,,,,,
53642,,,,,,,,,-0.000000,0.000000,-3.160225,-3.142448,1.274626,1.757143,0.041867,0.055095,-0.014096,0.043554,-0.122574,,,,,,,,,
53649,,,,,,,,,,,,,,,,,,,,0.540137,1.021875,1.758015,,,,,,
53652,,,,,,,,,-0.000000,0.000000,,,1.072470,1.478460,0.043042,0.056958,,,,,,,,,,,,
53660,,,,,,,,,-0.000000,0.000000,,,0.902376,1.243976,0.043931,0.058425,,,,0.540126,1.021913,1.761590,,,,,,
53669,,,,,,,,,,,,,,,0.044578,0.059560,,,,0.540115,1.021959,1.761590,,,,,,
53672,,,,,,,,,-0.000000,0.000000,,,0.759259,1.046681,,,,,,,,,,,,,,
53680,,,,,,,,,-0.000000,0.000000,,,0.638841,0.880677,0.045022,0.060416,,,,0.540101,1.022057,1.765174,,,,,,
53689,,,,,,,,,,,,,,,,,,,,0.540090,1.022121,1.765192,,,,,,
53695,0.540090,1.022115,1.764887,0.500000,1.000000,1.639065,0.003347,0.004889,-0.000000,0.000000,-3.722593,-3.718781,0.537520,0.741002,0.039560,0.055157,-0.013967,0.043603,-0.125822,,,,,,,,,
53699,,,,,,,,,,,,,,,,,,,,0.540096,1.022148,1.765192,,,,,,
53702,,,,,,,,,-0.000000,0.000000,,,0.452270,0.623479,0.039577,0.055464,,,,,,,,,,,,
53710,,,,,,,,,-0.000000,0.000000,,,0.380540,0.524595,0.039474,0.055604,,,,0.540102,1.022126,1.765192,,,,,,
53720,,,,,,,,,-0.000000,0.000000,,,0.320186,0.441394,0.039269,0.055604,,,,0.540080,1.022082,1.765176,,,,,,
53729,,,,,,,,,,,,,,,0.038978,0.055486,,,,0.540091,1.022103,1.765176,,,,,,
53732,,,,,,,,,-0.000000,0.000000,,,0.269404,0.371389,,,,,,,,,,,,,,
53740,0.540106,1.022085,1.765152,0.500000,1.000000,1.639065,0.000000,0.000000,-0.000000,0.000000,-3.916042,-3.916042,,,,,-0.013924,0.043616,-0.126087,0.540107,1.022083,1.765176,,,,,,
53743,,,,,,,,,,,,,0.226677,0.312487,0.036643,0.053257,,,,,,,,,,,,
53749,,,,,,,,,,,,,,,,,,,,0.540094,1.022105,1.765179,,,,,,
53755,,,,,,,,,-0.000000,0.000000,,,0.190726,0.262926,0.036181,0.052917,,,,,,,,,,,,
53759,,,,,,,,,,,,,,,,,,,,0.540102,1.022085,1.765176,,,,,,
53762,,,,,,,,,-0.000000,0.000000,,,0.160477,0.221226,0.035668,0.052506,,,,,,,,,,,,
53770,,,,,,,,,-0.000000,0.000000,,,0.135025,0.186140,0.035112,0.052037,,,,0.540080,1.022082,1.765174,,,,,,
53780,,,,,,,,,-0.000000,0.000000,,,0.113610,0.156618,0.034521,0.051517,,,,0.540094,1.022087,1.765176,,,,,,
53789,0.540104,1.022094,1.765188,0.500000,1.000000,1.639065,0.000000,0.000000,,,,,,,,,,,,0.540104,1.022095,1.765192,,,,,,
53792,,,,,,,,,-0.000000,0.000000,-3.918169,-3.918169,0.095592,0.131778,0.033877,0.050935,-0.013931,0.043616,-0.126123,,,,,,,,,
53800,,,,,,,,,-0.000000,0.000000,,,0.080431,0.110878,0.033229,0.050338,,,,0.540099,1.022130,1.765195,,,,,,
53810,,,,,,,,,-0.000000,0.000000,,,0.067674,0.093293,0.032559,0.049711,,,,0.540097,1.022117,1.765195,,,,,,
53819,,,,,,,,,,,,,0.056941,0.078497,0.031871,0.049060,,,,0.540092,1.022121,1.765195,,,,,,
53822,,,,,,,,,-0.000000,0.000000,,,,,,,,,,,,,,,,,,
53830,,,,,,,,,-0.000000,0.000000,,,0.047910,0.066047,0.031168,0.048388,,,,0.540107,1.022098,1.765176,,,,,,
53840,0.540106,1.022095,1.765177,0.500000,1.000000,1.639065,0.000000,0.000000,-0.000000,0.000000,-3.918413,-3.918413,0.040312,0.055572,0.030450,0.047695,-0.013932,0.043619,-0.126112,0.540106,1.022095,1.765176,,,,,,
53849,,,,,,,,,,,,,,,,,,,,0.540107,1.022094,1.765176,,,,,,
53855,,,,,,,,,-0.000000,0.000000,,,0.033918,0.046758,0.029724,0.046990,,,,,,,,,,,,
53860,,,,,,,,,-0.000000,0.000000,,,0.028539,0.039342,0.028988,0.046273,,,,0.540098,1.022102,1.765176,,,,,,
53870,,,,,,,,,-0.000000,0.000000,,,0.024013,0.033103,0.028245,0.045545,,,,0.540098,1.022094,1.765176,,,,,,
53879,,,,,,,,,,,,,,,0.027495,0.044808,,,,0.540097,1.022122,1.765195,,,,,,
53882,,,,,,,,,-0.000000,0.000000,,,0.020204,0.027853,,,,,,,,,,,,,,
53889,0.540096,1.022130,1.765194,0.500000,1.000000,1.639065,0.000000,0.000000,,,,,,,,,,,,0.540095,1.022133,1.765195,,,,,,
53892,,,,,,,,,-0.000000,0.000000,-3.928401,-3.928401,0.017000,0.023435,0.026638,0.043962,-0.013968,0.043616,-0.126129,,,,,,,,,
53900,,,,,,,,,-0.000000,0.000000,,,0.014304,0.019718,0.025877,0.043210,,,,0.540102,1.022125,1.765195,,,,,,
53909,,,,,,,,,,,,,,,,,,,,0.540098,1.022125,1.765195,,,,,,
53912,,,,,,,,,-0.000000,0.000000,,,0.012035,0.016591,0.025111,0.042452,,,,,,,,,,,,
53919,,,,,,,,,,,,,,,0.024343,0.041690,,,,0.540098,1.022103,1.765176,,,,,,
53922,,,,,,,,,-0.000000,0.000000,,,0.010126,0.013960,,,,,,,,,,,,,,
53930,,,,,,,,,-0.000000,0.000000,,,0.008520,0.011746,0.023571,0.040924,,,,0.540096,1.022120,1.765179,,,,,,
53939,0.540101,1.022111,1.765177,0.500000,1.000000,1.639065,0.000000,0.000000,,,,,,,,,,,,0.540101,1.022110,1.765176,,,,,,
53942,,,,,,,,,-0.000000,0.000000,-3.923176,-3.923176,0.007169,0.009883,0.022851,0.040208,-0.013949,0.043616,-0.126112,,,,,,,,,
53949,,,,,,,,,,,,,,,,,,,,0.540099,1.022102,1.765176,,,,,,
53955,,,,,,,,,-0.000000,0.000000,,,0.006032,0.008315,0.022077,0.039438,,,,,,,,,,,,
53960,,,,,,,,,-0.000000,0.000000,,,0.005075,0.006997,0.021301,0.038665,,,,0.540097,1.022109,1.765176,,,,,,
53969,,,,,,,,,,,,,,,0.020523,0.037890,,,,0.540092,1.022132,1.765179,,,,,,
53972,,,,,,,,,-0.000000,0.000000,,,0.004270,0.005887,,,,,,,,,,,,,,
53979,,,,,,,,,,,,,,,,,,,,0.540095,1.022136,1.765195,,,,,,
53982,,,,,,,,,-0.000000,0.000000,,,0.003593,0.004953,0.019745,0.037114,,,,,,,,,,,,
53990,0.540098,1.022109,1.765176,0.500000,1.000000,1.639065,0.000000,0.000000,-0.000000,0.000000,-3.922786,-3.922786,,,,,-0.013948,0.043614,-0.126111,0.540098,1.022109,1.765176,,,,,,
53993,,,,,,,,,,,,,0.003023,0.004168,0.018969,0.036340,,,,,,,,,,,,
53999,,,,,,,,,,,,,,,,,,,,0.540097,1.022125,1.765179,,,,,,
54002,,,,,,,,,-0.000000,0.000000,,,0.002544,0.003507,0.018189,0.035561,,,,,,,,,,,,
54009,,,,,,,,,,,,,,,,,,,,0.540097,1.022143,1.765195,,,,,,
54012,,,,,,,,,-0.000000,0.000000,,,0.002140,0.002951,0.017408,0.034782,,,,,,,,,,,,
54020,,,,,,,,,-0.000000,0.000000,,,0.001801,0.002483,0.016626,0.034001,,,,0.540099,1.022138,1.765195,,,,,,
54029,,,,,,,,,,,,,,,0.015844,0.033220,,,,0.540097,1.022131,1.765179,,,,,,
54032,,,,,,,,,-0.000000,0.000000,,,0.001515,0.002089,,,,,,,,,,,,,,
54039,0.540089,1.022128,1.765179,0.500000,1.000000,1.639065,0.000000,0.000000,,,,,,,,,,,,0.540088,1.022130,1.765179,,,,,,
54042,,,,,,,,,-0.000000,0.000000,-3.928379,-3.928379,0.001275,0.001758,0.015005,0.032382,-0.013968,0.043609,-0.126114,,,,,,,,,
54056,,,,,,,,,-0.000000,0.000000,,,0.001073,0.001479,0.014221,0.031599,,,,,,,,,,,,
54061,,,,,,,,,-0.000000,0.000000,,,0.000903,0.001244,0.013437,0.030815,,,,,,,,,,,,
54069,,,,,,,,,,,,,,,,,,,,0.540096,1.022112,1.765176,,,,,,
54072,,,,,,,,,-0.000000,0.000000,,,0.000759,0.001047,0.012652,0.030031,,,,,,,,,,,,
54080,,,,,,,,,-0.000000,0.000000,,,0.000639,0.000881,0.011868,0.029247,,,,0.540091,1.022130,1.765179,,,,,,
54090,0.540095,1.022138,1.765179,0.500000,1.000000,1.639065,0.000000,0.000000,-0.000000,0.000000,-3.930874,-3.930874,,,,,-0.013976,0.043616,-0.126114,0.540095,1.022139,1.765179,,,,,,
54093,,,,,,,,,,,,,0.000538,0.000741,0.011058,0.028437,,,,,,,,,,,,
54100,,,,,,,,,-0.000000,0.000000,,,0.000452,0.000624,0.010272,0.027652,,,,0.540097,1.022137,1.765195,,,,,,
54115,,,,,,,,,-0.000000,0.000000,,,0.000381,0.000525,0.009487,0.026867,,,,0.540094,1.022135,1.765195,,,,,,
54120,,,,,,,,,-0.000000,0.000000,,,0.000320,0.000441,0.008701,0.026081,,,,0.540092,1.022143,1.765195,,,,,,
54129,,,,,,,,,,,,,,,0.007915,0.025296,,,,0.540096,1.022149,1.765195,,,,,,
54132,,,,,,,,,-0.000000,0.000000,,,0.000269,0.000371,,,,,,,,,,,,,,
54140,0.540090,1.022151,1.765179,0.500000,1.000000,1.639065,0.000000,0.000000,,,-3.934567,-3.934567,0.000227,0.000313,0.007092,0.024472,-0.013990,0.043613,-0.126114,0.540089,1.022152,1.765179,,,,,,
54143,,,,,,,,,-0.000000,0.000000,,,,,,,,,,,,,,,,,,
54149,,,,,,,,,,,,,,,,,,,,0.540087,1.022135,1.765195,,,,,,
54152,,,,,,,,,-0.000000,0.000000,,,0.000191,0.000263,0.006305,0.023686,,,,,,,,,,,,
54159,,,,,,,,,,,,,,,0.005519,0.022899,,,,0.540094,1.022119,1.765176,,,,,,
54162,,,,,,,,,-0.000000,0.000000,,,0.000161,0.000221,,,,,,,,,,,,,,
54170,,,,,,,,,,,,,,,,,,,,0.540091,1.022118,1.765176,,,,,,
54175,,,,,,,,,-0.000000,0.000000,,,0.000135,0.000186,0.004732,0.022113,,,,,,,,,,,,
54182,,,,,,,,,-0.000000,0.000000,,,0.000114,0.000157,0.003945,0.021326,,,,0.540092,1.022122,1.765192,,,,,,
54189,0.540093,1.022139,1.765194,0.500000,1.000000,1.639065,0.000000,0.000000,,,,,,,,,,,,0.540094,1.022138,1.765195,,,,,,
54192,,,,,,,,,-0.000000,0.000000,-3.930938,-3.930938,0.000096,0.000132,0.003195,0.020576,-0.013977,0.043615,-0.126129,,,,,,,,,
54199,,,,,,,,,,,,,,,0.002409,0.019790,,,,0.540091,1.022145,1.765179,,,,,,
54202,,,,,,,,,-0.000000,0.000000,,,0.000080,0.000111,,,,,,,,,,,,,,
54209,,,,,,,,,,,,,,,0.001623,0.019004,,,,0.540074,1.022124,1.765176,,,,,,
54212,,,,,,,,,-0.000000,0.000000,,,0.000068,0.000093,,,,,,,,,,,,,,
54219,,,,,,,,,,,,,,,0.000837,0.018218,,,,0.540092,1.022110,1.765176,,,,,,
54222,,,,,,,,,-0.000000,0.000000,,,0.000057,0.000079,,,,,,,,,,,,,,
54235,,,,,,,,,-0.000000,0.000000,,,0.000048,0.000066,0.000051,0.017432,,,,0.540100,1.022112,1.765176,,,,,,
54240,0.540098,1.022128,1.765192,0.500000,1.000000,1.639065,0.000000,0.000000,-0.000000,0.000000,-3.927794,-3.927794,,,,,-0.013965,0.043617,-0.126127,0.540098,1.022127,1.765192,,,,,,
54243,,,,,,,,,,,,,0.000040,0.000056,-0.000703,0.016678,,,,,,,,,,,,
54249,,,,,,,,,,,,,,,,,,,,0.540101,1.022119,1.765176,,,,,,
54252,,,,,,,,,-0.000000,0.000000,,,0.000034,0.000047,-0.001489,0.015893,,,,,,,,,,,,
54260,,,,,,,,,-0.000000,0.000000,,,0.000029,0.000039,-0.002274,0.015107,,,,0.540089,1.022111,1.765176,,,,,,
54270,,,,,,,,,,,,,,,,,,,,0.540089,1.022129,1.765176,,,,,,
54275,,,,,,,,,-0.000000,0.000000,,,0.000024,0.000033,-0.003060,0.014322,,,,,,,,,,,,
54280,,,,,,,,,-0.000000,0.000000,,,0.000020,0.000028,-0.003845,0.013536,,,,0.540094,1.022132,1.765192,,,,,,
54291,0.540094,1.022131,1.765192,0.500000,1.000000,1.639065,0.000000,0.000000,-0.000000,0.000000,-3.928925,-3.928925,0.000017,0.000023,-0.004642,0.012739,-0.013970,0.043614,-0.126126,0.540091,1.022144,1.765195,,,,,,
54300,,,,,,,,,-0.000000,0.000000,,,0.000014,0.000020,-0.005428,0.011953,,,,0.540094,1.022131,1.765192,,,,,,
54309,,,,,,,,,,,,,,,,,,,,0.540086,1.022150,1.765176,,,,,,
54312,,,,,,,,,-0.000000,0.000000,,,0.000012,0.000017,-0.006214,0.011168,,,,,,,,,,,,
54320,,,,,,,,,-0.000000,0.000000,,,0.000010,0.000014,-0.006999,0.010382,,,,0.540095,1.022123,1.765176,,,,,,
54330,,,,,,,,,,,,,,,,,,,,0.540092,1.022115,1.765176,,,,,,
54335,,,,,,,,,-0.000000,0.000000,,,0.000009,0.000012,-0.007785,0.009596,,,,,,,,,,,,
54340,0.540091,1.022137,1.765177,0.500000,1.000000,1.639065,0.000000,0.000000,-0.000000,0.000000,-3.930726,-3.930726,,,,,-0.013976,0.043612,-0.126112,0.540090,1.022137,1.765176,,,,,,
54343,,,,,,,,,,,,,0.000007,0.000010,-0.008589,0.008792,,,,,,,,,,,,
54350,,,,,,,,,-0.000000,0.000000,,,0.000006,0.000008,-0.009375,0.008006,,,,0.540092,1.022123,1.765176,,,,,,
54360,,,,,,,,,-0.000000,0.000000,,,0.000005,0.000007,-0.010162,0.007220,,,,0.540087,1.022135,1.765176,,,,,,
54369,,,,,,,,,,,,,,,-0.010948,0.006434,,,,0.540093,1.022141,1.765179,,,,,,
54372,,,,,,,,,-0.000000,0.000000,,,0.000004,0.000006,,,,,,,,,,,,,,
54379,,,,,,,,,,,,,,,-0.011734,0.005647,,,,0.540095,1.022149,1.765195,,,,,,
54382,,,,,,,,,-0.000000,0.000000,,,0.000004,0.000005,,,,,,,,,,,,,,
54391,0.540094,1.022148,1.765194,0.500000,1.000000,1.639065,0.000000,0.000000,-0.000000,0.000000,-3.933374,-3.933374,0.000003,0.000004,-0.012547,0.004834,-0.013985,0.043618,-0.126129,0.540095,1.022135,1.765192,,,,,,
54400,,,,,,,,,-0.000000,0.000000,,,0.000003,0.000004,-0.013334,0.004048,,,,0.540093,1.022129,1.765192,,,,,,
54409,,,,,,,,,,,,,,,-0.014120,0.003261,,,,0.540093,1.022153,1.765192,,,,,,
54412,,,,,,,,,-0.000000,0.000000,,,0.000002,0.000003,,,,,,,,,,,,,,
54420,,,,,,,,,-0.000000,0.000000,,,0.000002,0.000002,-0.014907,0.002474,,,,0.540095,1.022138,1.765176,,,,,,
54429,,,,,,,,,,,,,,,,,,,,0.540094,1.022129,1.765192,,,,,,
54461,0.540094,1.022130,1.765192,0.500000,1.000000,1.639065,0.000000,0.000000,-0.000000,0.000000,-3.928596,-3.928596,0.000002,0.000002,-0.015645,0.001736,-0.013968,0.043614,-0.126127,,,,,,,,,
54464,,,,,,,,,,,,,0.000001,0.000001,-0.018002,-0.000621,,,,,,,,,,,,
54471,,,,,,,,,-0.000000,0.000000,,,0.000001,0.000001,-0.018788,-0.001407,,,,,,,,,,,,
54479,,,,,,,,,,,,,,,-0.019574,-0.002192,,,,0.540092,1.022155,1.765176,,,,,,
54482,,,,,,,,,-0.000000,0.000000,,,0.000001,0.000001,,,,,,,,,,,,,,
54489,0.540099,1.022140,1.765177,0.500000,1.000000,1.639065,0.000000,0.000000,,,,,,,,,,,,0.540100,1.022141,1.765176,,,,,,
54492,,,,,,,,,-0.000000,0.000000,-3.931121,-3.931121,0.000001,0.000001,-0.020385,-0.003004,-0.013977,0.043621,-0.126112,,,,,,,,,
54499,,,,,,,,,,,,,,,,,,,,0.540097,1.022129,1.765176,,,,,,
54502,,,,,,,,,-0.000000,0.000000,,,0.000000,0.000001,-0.021171,-0.003790,,,,,,,,,,,,
54510,,,,,,,,,-0.000000,0.000000,,,0.000000,0.000001,-0.021958,-0.004576,,,,0.540092,1.022124,1.765176,,,,,,
54519,,,,,,,,,,,,,,,-0.022744,-0.005362,,,,0.540087,1.022145,1.765176,,,,,,
54522,,,,,,,,,-0.000000,0.000000,,,0.000000,0.000000,,,,,,,,,,,,,,
54529,,,,,,,,,,,,,,,-0.023530,-0.006149,,,,0.540088,1.022145,1.765176,,,,,,
54532,,,,,,,,,-0.000000,0.000000,,,0.000000,0.000000,,,,,,,,,,,,,,
54539,0.540087,1.022164,1.765190,0.500000,1.000000,1.639065,0.000000,0.000000,,,,,,,,,,,,0.540086,1.022166,1.765192,,,,,,
54542,,,,,,,,,-0.000000,0.000000,-3.938246,-3.938246,0.000000,0.000000,-0.024389,-0.007008,-0.014003,0.043613,-0.126125,,,,,,,,,
54549,,,,,,,,,,,,,,,,,,,,0.540088,1.022162,1.765179,,,,,,
54555,,,,,,,,,-0.000000,0.000000,,,0.000000,0.000000,-0.025176,-0.007795,,,,,,,,,,,,
54560,,,,,,,,,-0.000000,0.000000,,,0.000000,0.000000,-0.025964,-0.008583,,,,0.540093,1.022134,1.765176,,,,,,
54569,,,,,,,,,,,,,,,-0.026752,-0.009370,,,,0.540090,1.022143,1.765176,,,,,,
54572,,,,,,,,,-0.000000,0.000000,,,0.000000,0.000000,,,,,,,,,,,,,,
54579,,,,,,,,,,,,,,,-0.027539,-0.010158,,,,0.540093,1.022146,1.765192,,,,,,
54582,,,,,,,,,-0.000000,0.000000,,,0.000000,0.000000,,,,,,,,,,,,,,
54590,0.540095,1.022144,1.765191,0.500000,1.000000,1.639065,0.000000,0.000000,,,-3.932255,-3.932255,0.000000,0.000000,-0.028266,-0.010885,-0.013981,0.043617,-0.126126,0.540096,1.022142,1.765192,,,,,,
54593,,,,,,,,,-0.000000,0.000000,,,,,,,,,,,,,,,,,,
54599,,,,,,,,,,,,,,,,,,,,0.540100,1.022146,1.765192,,,,,,
54602,,,,,,,,,-0.000000,0.000000,,,0.000000,0.000000,-0.029052,-0.011671,,,,,,,,,,,,
54609,,,,,,,,,,,,,,,-0.029839,-0.012458,,,,0.540092,1.022161,1.765192,,,,,,
54612,,,,,,,,,-0.000000,0.000000,,,0.000000,0.000000,,,,,,,,,,,,,,
54620,,,,,,,,,-0.000000,0.000000,,,0.000000,0.000000,-0.030625,-0.013244,,,,0.540089,1.022153,1.765176,,,,,,
54630,,,,,,,,,-0.000000,0.000000,,,0.000000,0.000000,-0.031412,-0.014030,,,,0.540093,1.022153,1.765176,,,,,,
54640,0.540091,1.022148,1.765192,0.500000,1.000000,1.639065,0.000000,0.000000,-0.000000,0.000000,-3.933574,-3.933574,,,,,-0.013986,0.043615,-0.126126,0.540091,1.022148,1.765192,,,,,,
54643,,,,,,,,,,,,,0.000000,0.000000,-0.032212,-0.014830,,,,,,,,,,,,
54650,,,,,,,,,,,,,,,,,,,,0.540095,1.022141,1.765176,,,,,,
54655,,,,,,,,,-0.000000,0.000000,,,0.000000,0.000000,-0.032998,-0.015617,,,,,,,,,,,,
54660,,,,,,,,,-0.000000,0.000000,,,0.000000,0.000000,-0.033785,-0.016404,,,,0.540088,1.022145,1.765176,,,,,,
54670,,,,,,,,,-0.000000,0.000000,,,0.000000,0.000000,-0.034572,-0.017191,,,,0.540082,1.022167,1.765192,,,,,,
54680,,,,,,,,,-0.000000,0.000000,,,0.000000,0.000000,-0.035359,-0.017977,,,,0.540094,1.022149,1.765176,,,,,,
54690,0.540094,1.022136,1.765177,0.500000,1.000000,1.639065,0.000000,0.000000,-0.000000,0.000000,-3.930439,-3.930439,,,,,-0.013975,0.043614,-0.126112,0.540094,1.022135,1.765176,,,,,,
54693,,,,,,,,,,,,,0.000000,0.000000,-0.036113,-0.018732,,,,,,,,,,,,
54700,,,,,,,,,-0.000000,0.000000,,,0.000000,0.000000,-0.036899,-0.019518,,,,0.540090,1.022166,1.765176,,,,,,
54710,,,,,,,,,,,,,,,,,,,,0.540093,1.022149,1.765192,,,,,,
54715,,,,,,,,,-0.000000,0.000000,,,0.000000,0.000000,-0.037685,-0.020304,,,,,,,,,,,,
54720,,,,,,,,,-0.000000,0.000000,,,0.000000,0.000000,-0.038472,-0.021090,,,,0.540093,1.022156,1.765192,,,,,,
54730,,,,,,,,,-0.000000,0.000000,,,0.000000,0.000000,-0.039258,-0.021876,,,,0.540094,1.022139,1.765192,,,,,,
54740,0.540091,1.022148,1.765190,0.500000,1.000000,1.639065,0.000000,0.000000,-0.000000,0.000000,-3.933786,-3.933786,,,,,-0.013987,0.043614,-0.126125,0.540091,1.022149,1.765192,,,,,,
54743,,,,,,,,,,,,,0.000000,0.000000,-0.040078,-0.022697,,,,,,,,,,,,
54749,,,,,,,,,,,,,,,,,,,,0.540091,1.022156,1.765192,,,,,,
54752,,,,,,,,,-0.000000,0.000000,,,0.000000,0.000000,-0.040865,-0.023483,,,,,,,,,,,,
54760,,,,,,,,,-0.000000,0.000000,,,0.000000,0.000000,-0.041651,-0.024270,,,,0.540089,1.022155,1.765192,,,,,,
54769,,,,,,,,,,,,,,,,,,,,0.540084,1.022172,1.765192,,,,,,
54775,,,,,,,,,-0.000000,0.000000,,,0.000000,0.000000,-0.042438,-0.025057,,,,,,,,,,,,
54779,,,,,,,,,,,,,,,,,,,,0.540097,1.022159,1.765176,,,,,,
54782,,,,,,,,,-0.000000,0.000000,,,0.000000,0.000000,-0.043225,-0.025844,,,,,,,,,,,,
54790,0.540095,1.022154,1.765177,0.500000,1.000000,1.639065,0.000000,0.000000,,,-3.935253,-3.935253,0.000000,0.000000,-0.044027,-0.026645,-0.013992,0.043619,-0.126112,0.540096,1.022154,1.765176,,,,,,
54793,,,,,,,,,-0.000000,0.000000,,,,,,,,,,,,,,,,,,
54799,,,,,,,,,,,,,,,,,,,,0.540093,1.022146,1.765176,,,,,,
54802,,,,,,,,,-0.000000,0.000000,,,0.000000,0.000000,-0.044814,-0.027432,,,,,,,,,,,,
54809,,,,,,,,,,,,,,,,,,,,0.540088,1.022151,1.765176,,,,,,
54815,,,,,,,,,-0.000000,0.000000,,,0.000000,0.000000,-0.045601,-0.028219,,,,,,,,,,,,
54820,,,,,,,,,-0.000000,0.000000,,,0.000000,0.000000,-0.046388,-0.029006,,,,0.540092,1.022158,1.765176,,,,,,
54830,,,,,,,,,-0.000000,0.000000,,,0.000000,0.000000,-0.047175,-0.029793,,,,0.540093,1.022160,1.765192,,,,,,
54839,0.540093,1.022159,1.765190,0.500000,1.000000,1.639065,0.000000,0.000000,,,,,,,,,,,,0.540093,1.022159,1.765192,,,,,,
54842,,,,,,,,,-0.000000,0.000000,-3.936519,-3.936519,0.000000,0.000000,-0.047975,-0.030593,-0.013997,0.043618,-0.126125,,,,,,,,,
54851,,,,,,,,,-0.000000,0.000000,,,0.000000,0.000000,-0.048762,-0.031381,,,,,,,,,,,,
54861,,,,,,,,,-0.000000,0.000000,,,0.000000,0.000000,-0.049549,-0.032168,,,,,,,,,,,,
54869,,,,,,,,,,,,,,,,,,,,0.540094,1.022146,1.765176,,,,,,
54875,,,,,,,,,-0.000000,0.000000,,,0.000000,0.000000,-0.050337,-0.032955,,,,,,,,,,,,
54880,,,,,,,,,-0.000000,0.000000,,,0.000000,0.000000,-0.051124,-0.033743,,,,0.540090,1.022150,1.765176,,,,,,
54890,0.540094,1.022149,1.765177,0.500000,1.000000,1.639065,0.000000,0.000000,,,-3.933917,-3.933917,0.000000,0.000000,-0.051885,-0.034503,-0.013987,0.043618,-0.126112,0.540094,1.022148,1.765176,,,,,,
54893,,,,,,,,,-0.000000,0.000000,,,,,,,,,,,,,,,,,,
54900,,,,,,,,,-0.000000,0.000000,,,0.000000,0.000000,-0.052672,-0.035290,,,,0.540094,1.022160,1.765192,,,,,,
54910,,,,,,,,,-0.000000,0.000000,,,0.000000,0.000000,-0.053458,-0.036077,,,,0.540095,1.022164,1.765192,,,,,,
54920,,,,,,,,,-0.000000,0.000000,,,0.000000,0.000000,-0.054245,-0.036864,,,,0.540097,1.022154,1.765176,,,,,,
54930,,,,,,,,,,,,,,,,,,,,0.540088,1.022173,1.765195,,,,,,
54935,,,,,,,,,-0.000000,0.000000,,,0.000000,0.000000,-0.055032,-0.037651,,,,,,,,,,,,
54940,0.540091,1.022169,1.765190,0.500000,1.000000,1.639065,0.000000,0.000000,,,-3.939415,-3.939415,,,,,-0.014007,0.043619,-0.126125,0.540091,1.022171,1.765192,,,,,,
54943,,,,,,,,,-0.000000,0.000000,,,0.000000,0.000000,-0.055875,-0.038493,,,,,,,,,,,,
54950,,,,,,,,,-0.000000,0.000000,,,0.000000,0.000000,-0.056663,-0.039281,,,,0.540088,1.022178,1.765195,,,,,,
54960,,,,,,,,,-0.000000,0.000000,,,0.000000,0.000000,-0.057451,-0.040069,,,,0.540094,1.022165,1.765192,,,,,,
54970,,,,,,,,,-0.000000,0.000000,,,0.000000,0.000000,-0.058238,-0.040857,,,,0.540096,1.022149,1.765176,,,,,,
54980,,,,,,,,,-0.000000,0.000000,,,0.000000,0.000000,-0.059026,-0.041645,,,,0.540091,1.022160,1.765176,,,,,,
54989,,,,,,,,,,,,,,,,,,,,0.540092,1.022161,1.765176,,,,,,
54995,0.540092,1.022162,1.765177,0.500000,1.000000,1.639065,0.000000,0.000000,-0.000000,0.000000,-3.937563,-3.937563,0.000000,0.000000,-0.059814,-0.042433,-0.014000,0.043618,-0.126112,,,,,,,,,
55000,,,,,,,,,-0.000000,0.000000,,,0.000000,0.000000,-0.060583,-0.043202,,,,0.540094,1.022169,1.765192,,,,,,
55010,,,,,,,,,-0.000000,0.000000,,,0.000000,0.000000,-0.061371,-0.043989,,,,0.540099,1.022166,1.765192,,,,,,
55020,,,,,,,,,-0.000000,0.000000,,,0.000000,0.000000,-0.062158,-0.044777,,,,0.540095,1.022181,1.765195,,,,,,
55030,,,,,,,,,,,,,,,,,,,,0.540099,1.022155,1.765192,,,,,,
55035,,,,,,,,,-0.000000,0.000000,,,0.000000,0.000000,-0.062946,-0.045564,,,,,,,,,,,,
55040,0.540097,1.022164,1.765190,0.500000,1.000000,1.639065,0.000000,0.000000,-0.000000,0.000000,-3.937660,-3.937660,,,,,-0.014001,0.043623,-0.126125,0.540097,1.022164,1.765192,,,,,,
55043,,,,,,,,,,,,,0.000000,0.000000,-0.063734,-0.046353,,,,,,,,,,,,
55049,,,,,,,,,,,,,,,,,,,,0.540095,1.022165,1.765192,,,,,,
55052,,,,,,,,,-0.000000,0.000000,,,0.000000,0.000000,-0.064522,-0.047140,,,,,,,,,,,,
55060,,,,,,,,,-0.000000,0.000000,,,0.000000,0.000000,-0.065309,-0.047928,,,,0.540093,1.022177,1.765195,,,,,,
55070,,,,,,,,,-0.000000,0.000000,,,0.000000,0.000000,-0.066097,-0.048715,,,,0.540092,1.022164,1.765192,,,,,,
55079,,,,,,,,,,,,,,,,,,,,0.540097,1.022168,1.765192,,,,,,
55082,,,,,,,,,-0.000000,0.000000,,,0.000000,0.000000,-0.066884,-0.049503,,,,,,,,,,,,
55090,0.540095,1.022169,1.765191,0.500000,1.000000,1.639065,0.000000,0.000000,,,-3.939350,-3.939350,0.000000,0.000000,-0.067689,-0.050308,-0.014007,0.043622,-0.126126,0.540094,1.022170,1.765192,,,,,,
55093,,,,,,,,,-0.000000,0.000000,,,,,,,,,,,,,,,,,,
55100,,,,,,,,,-0.000000,0.000000,,,0.000000,0.000000,-0.068477,-0.051096,,,,0.540093,1.022164,1.765192,,,,,,
55109,,,,,,,,,,,,,,,-0.069265,-0.051884,,,,0.540093,1.022168,1.765192,,,,,,
55112,,,,,,,,,-0.000000,0.000000,,,0.000000,0.000000,,,,,,,,,,,,,,
55120,,,,,,,,,-0.000000,0.000000,,,0.000000,0.000000,-0.070053,-0.052671,,,,0.540097,1.022172,1.765192,,,,,,
55129,,,,,,,,,,,,,,,-0.070841,-0.053459,,,,0.540096,1.022168,1.765192,,,,,,
55132,,,,,,,,,-0.000000,0.000000,,,0.000000,0.000000,,,,,,,,,,,,,,
55139,0.540097,1.022170,1.765192,0.500000,1.000000,1.639065,0.000000,0.000000,,,,,,,,,,,,0.540098,1.022170,1.765192,,,,,,
55142,,,,,,,,,-0.027467,0.652434,-3.939366,-3.939366,-0.544543,0.000000,-0.066074,-0.054247,-0.014007,0.043625,-0.126126,,,,,,,,,
55149,,,,,,,,,,,,,,,,,,,,0.540098,1.022160,1.765176,,,,,,
55155,,,,,,,,,-0.000000,0.000000,,,-0.458179,0.000000,-0.067634,-0.055035,,,,,,,,,,,,
55160,,,,,,,,,-0.000000,0.000000,,,-0.385511,0.000000,-0.069072,-0.055823,,,,0.540095,1.022158,1.765176,,,,,,
55169,,,,,,,,,,,,,,,-0.070406,-0.056611,,,,0.540102,1.022140,1.765192,,,,,,
55172,,,,,,,,,-0.000000,0.000000,,,-0.324369,0.000000,,,,,,,,,,,,,,
55179,,,,,,,,,,,,,,,-0.071654,-0.057399,,,,0.540100,1.022150,1.765192,,,,,,
55182,,,,,,,,,-0.000000,0.000000,,,-0.272924,0.000000,,,,,,,,,,,,,,
55190,0.540102,1.022140,1.765177,0.500000,1.000000,1.639065,0.000000,0.000000,-0.000000,0.000000,-3.930929,-3.930929,,,,,-0.013977,0.043623,-0.126112,0.540102,1.022137,1.765176,,,,,,
55193,,,,,,,,,,,,,-0.229638,0.000000,-0.072742,-0.058101,,,,,,,,,,,,
55199,,,,,,,,,,,,,,,,,,,,0.540098,1.022153,1.765192,,,,,,
55202,,,,,,,,,-0.000000,0.000000,,,-0.193218,0.000000,-0.073854,-0.058887,,,,,,,,,,,,
55209,,,,,,,,,,,,,,,-0.074914,-0.059673,,,,0.540100,1.022145,1.765192,,,,,,
55212,,,,,,,,,-0.000000,0.000000,,,-0.162573,0.000000,,,,,,,,,,,,,,
55220,,,,,,,,,-0.000000,0.000000,,,-0.136789,0.000000,-0.075931,-0.060459,,,,0.540097,1.022147,1.765192,,,,,,
55229,,,,,,,,,,,,,,,-0.076911,-0.061245,,,,0.540096,1.022144,1.765192,,,,,,
55232,,,,,,,,,-0.000000,0.000000,,,-0.115094,0.000000,,,,,,,,,,,,,,
55239,0.540097,1.022149,1.765190,0.500000,1.000000,1.639065,0.000000,0.000000,,,,,,,,,,,,0.540096,1.022150,1.765192,,,,,,
55242,,,,,,,,,-0.000000,0.000000,-3.933564,-3.933564,-0.096840,0.000000,-0.077887,-0.062058,-0.013986,0.043620,-0.126125,,,,,,,,,
55250,,,,,,,,,,,,,,,,,,,,0.540097,1.022130,1.765176,,,,,,
55256,,,,,,,,,-0.000000,0.000000,,,-0.081482,0.000000,-0.078811,-0.062845,,,,,,,,,,,,
55260,,,,,,,,,-0.000000,0.000000,,,-0.068559,0.000000,-0.079714,-0.063632,,,,0.540092,1.022146,1.765192,,,,,,
55269,,,,,,,,,,,,,,,-0.080598,-0.064419,,,,0.540099,1.022138,1.765192,,,,,,
55272,,,,,,,,,-0.000000,0.000000,,,-0.057685,0.000000,,,,,,,,,,,,,,
55279,,,,,,,,,,,,,-0.048536,0.000000,-0.081466,-0.065205,,,,0.540100,1.022137,1.765192,,,,,,
55282,,,,,,,,,-0.000000,0.000000,,,,,,,,,,,,,,,,,,
55289,0.540097,1.022138,1.765177,0.500000,1.000000,1.639065,0.000000,0.000000,,,,,,,,,,,,0.540097,1.022137,1.765176,,,,,,
55292,,,,,,,,,-0.000000,0.000000,-3.930833,-3.930833,-0.040838,0.000000,-0.082294,-0.065964,-0.013976,0.043618,-0.126112,,,,,,,,,
55300,,,,,,,,,-0.000000,0.000000,,,-0.034361,0.000000,-0.083138,-0.066750,,,,0.540095,1.022146,1.765192,,,,,,
55309,,,,,,,,,,,,,,,,,,,,0.540105,1.022133,1.765176,,,,,,
55312,,,,,,,,,-0.027467,-0.652434,,,-0.028912,-0.544543,-0.083973,-0.061982,,,,,,,,,,,,
55320,,,,,,,,,-0.027467,-0.652434,,,-0.024326,-1.002722,-0.084800,-0.057986,,,,0.540097,1.022140,1.765176,,,,,,
55330,,,,,,,,,-0.000000,0.000000,,,-0.020468,-0.843690,-0.085620,-0.060194,,,,0.540116,1.022143,1.761590,,,,,,
55340,0.540109,1.022099,1.758599,0.500000,1.000000,1.639065,0.000000,0.000000,,,-3.999935,-3.999935,,,,,-0.014222,0.043529,-0.119534,0.540110,1.022095,1.757997,,,,,,
55343,,,,,,,,,-0.000000,0.000000,,,-0.017222,-0.709881,-0.087140,-0.062881,,,,,,,,,,,,
55350,,,,,,,,,,,,,,,,,,,,0.540110,1.021991,1.757997,,,,,,
55355,,,,,,,,,-0.000000,0.000000,,,-0.014491,-0.597293,-0.087965,-0.064687,,,,,,,,,,,,
55360,,,,,,,,,-0.000000,0.000000,,,-0.012192,-0.502563,-0.088785,-0.066334,,,,0.540133,1.021943,1.757997,,,,,,
55370,,,,,,,,,-0.000000,0.000000,,,-0.010259,-0.422856,-0.089603,-0.067846,,,,0.540125,1.021939,1.757997,,,,,,
55380,,,,,,,,,-0.000000,0.000000,,,-0.008632,-0.355791,-0.090417,-0.069246,,,,0.540107,1.021962,1.757997,,,,,,
55389,0.540126,1.021972,1.758047,0.500000,1.000000,1.639065,0.000000,0.000000,,,,,,,,,,,,0.540127,1.021960,1.757997,,,,,,
55392,,,,,,,,,-0.027467,0.652434,-3.970689,-3.970689,-0.551806,-0.299363,-0.085377,-0.070252,-0.014118,0.043515,-0.118982,,,,,,,,,
55400,,,,,,,,,-0.000000,0.000000,,,-0.464289,-0.251884,-0.086953,-0.071471,,,,0.540117,1.021968,1.757997,,,,,,
55410,,,,,,,,,-0.000000,0.000000,,,-0.390653,-0.211935,-0.088406,-0.072622,,,,0.540122,1.021964,1.757997,,,,,,
55420,,,,,,,,,-0.027467,-0.652434,,,-0.328695,-0.722865,-0.089754,-0.068162,,,,0.540126,1.021965,1.757997,,,,,,
55430,,,,,,,,,-0.027467,0.652434,,,-0.821107,-0.608219,-0.085459,-0.069981,,,,0.540128,1.021927,1.757974,,,,,,
55440,0.540155,1.021731,1.760718,0.500000,1.000000,1.639065,0.000000,0.000000,,,-3.870045,-3.870045,-0.690880,-0.511755,-0.086391,-0.070611,-0.013760,0.043536,-0.121653,0.540133,1.021833,1.757974,,,,,,
55443,,,,,,,,,-0.000000,0.000000,,,,,,,,,,,,,,,,,,
55450,,,,,,,,,,,,,,,,,,,,0.540169,1.021669,1.761537,,,,,,
55456,,,,,,,,,-0.027467,-0.652434,,,-0.581306,-0.975134,-0.088145,-0.066556,,,,,,,,,,,,
55460,,,,,,,,,-0.027467,0.652434,,,-1.033654,-0.820478,-0.084188,-0.068713,,,,0.540149,1.021459,1.761537,,,,,,
55470,,,,,,,,,-0.000000,0.000000,,,-0.869716,-0.690350,-0.086428,-0.070650,,,,0.540213,1.021234,1.761503,,,,,,
55480,,,,,,,,,-0.000000,0.000000,,,-0.731779,-0.580860,-0.088435,-0.072403,,,,0.540294,1.020907,1.765123,,,,,,
55489,0.540331,1.020632,1.764780,0.500000,1.000000,1.639065,0.000000,0.000000,,,,,,,,,,,,0.540347,1.020531,1.765152,,,,,,
55492,,,,,,,,,-0.054935,0.000000,-3.507316,-3.507316,-1.160262,-1.033279,-0.080992,-0.064746,-0.012470,0.043551,-0.125715,,,,,,,,,
55499,,,,,,,,,,,,,,,,,,,,0.540384,1.020246,1.761568,,,,,,
55502,,,,,,,,,-0.000000,0.000000,,,-0.976244,-0.869401,-0.083338,-0.066912,,,,,,,,,,,,
55515,,,,,,,,,-0.027467,-0.652434,,,-0.821412,-1.276057,-0.085424,-0.063292,,,,0.540402,1.020112,1.761566,,,,,,
55520,,,,,,,,,-0.000000,0.000000,,,-0.691136,-1.073674,-0.087290,-0.065802,,,,0.540406,1.019943,1.757977,,,,,,
55530,,,,,,,,,-0.000000,0.000000,,,-0.581522,-0.903389,-0.088971,-0.068026,,,,0.540413,1.019795,1.757999,,,,,,
55540,0.540428,1.019736,1.755253,0.500000,1.000000,1.639065,0.000000,0.000000,-0.027467,-0.652434,-3.370983,-3.370983,,,,,-0.011986,0.043362,-0.116188,0.540437,1.019653,1.754380,,,,,,
55543,,,,,,,,,,,,,-0.489292,-1.304655,-0.089107,-0.063063,,,,,,,,,,,,
55549,,,,,,,,,,,,,,,,,,,,0.540426,1.019663,1.754379,,,,,,
55552,,,,,,,,,-0.027467,0.652434,,,-0.956234,-1.097736,-0.084920,-0.065587,,,,,,,,,,,,
55560,,,,,,,,,-0.000000,0.000000,,,-0.804575,-0.923635,-0.086950,-0.067818,,,,0.540408,1.019726,1.750777,,,,,,
55569,,,,,,,,,,,,,,,,,,,,0.540409,1.019727,1.750776,,,,,,
55585,,,,,,,,,-0.000000,0.000000,,,-0.569602,-0.653891,-0.090399,-0.071577,,,,0.540418,1.019685,1.750776,,,,,,
55589,0.540433,1.019600,1.751126,0.500000,1.000000,1.639065,0.000000,0.000000,,,,,,,,,,,,0.540434,1.019587,1.750748,,,,,,
55592,,,,,,,,,-0.027467,0.652434,-3.383455,-3.383455,-1.023806,-0.550184,-0.086453,-0.073306,-0.012030,0.043293,-0.112062,,,,,,,,,
55600,,,,,,,,,-0.000000,0.000000,,,-0.861430,-0.462925,-0.088582,-0.074762,,,,0.540455,1.019492,1.754350,,,,,,
55610,,,,,,,,,,,,,,,,,,,,0.540505,1.019294,1.757946,,,,,,
55615,,,,,,,,,-0.054935,0.000000,,,-1.269351,-0.934048,-0.084925,-0.070541,,,,,,,,,,,,
55620,,,,,,,,,-0.000000,0.000000,,,-1.068031,-0.785908,-0.087401,-0.072542,,,,0.540564,1.019124,1.757911,,,,,,
55630,,,,,,,,,-0.000000,0.000000,,,-0.898641,-0.661263,-0.089592,-0.074333,,,,0.540619,1.018848,1.761503,,,,,,
55640,0.540632,1.018696,1.763949,0.500000,1.000000,1.639065,0.000000,0.000000,-0.000000,0.000000,-2.966777,-2.966777,,,,,-0.010549,0.043465,-0.124884,0.540650,1.018613,1.765123,,,,,,
55643,,,,,,,,,,,,,-0.756117,-0.556386,-0.087293,-0.071697,,,,,,,,,,,,
55652,,,,,,,,,-0.027467,0.652434,,,-1.180740,-0.468143,-0.083404,-0.073079,,,,,,,,,,,,
55661,,,,,,,,,-0.000000,0.000000,,,-0.993474,-0.393896,-0.085671,-0.074336,,,,,,,,,,,,
55670,,,,,,,,,,,,,,,,,,,,0.540679,1.018432,1.765088,,,,,,
55675,,,,,,,,,-0.027467,-0.652434,,,-0.835909,-0.875967,-0.087673,-0.069934,,,,0.540679,1.018432,1.765088,,,,,,
55680,,,,,,,,,-0.000000,0.000000,,,-0.703334,-0.737039,-0.089451,-0.071769,,,,0.540678,1.018406,1.765088,,,,,,
55690,0.540689,1.018360,1.761708,0.500000,1.000000,1.639065,0.000000,0.000000,-0.000000,0.000000,-2.898588,-2.898588,,,,,-0.010306,0.043433,-0.122643,0.540694,1.018330,1.761503,,,,,,
55693,,,,,,,,,,,,,-0.591785,-0.620144,-0.090346,-0.072712,,,,,,,,,,,,
55702,,,,,,,,,-0.027467,-0.652434,,,-0.497928,-1.066332,-0.091765,-0.068616,,,,,,,,,,,,
55711,,,,,,,,,-0.000000,0.000000,,,-0.418956,-0.897212,-0.093051,-0.070708,,,,,,,,,,,,
55719,,,,,,,,,,,,,,,-0.094224,-0.072559,,,,0.540740,1.017833,1.754350,,,,,,
55722,,,,,,,,,-0.000000,0.000000,,,-0.352510,-0.754914,,,,,,,,,,,,,,
55730,,,,,,,,,,,,,,,,,,,,0.540735,1.017806,1.754350,,,,,,
55735,,,,,,,,,-0.027467,-0.652434,,,-0.296602,-0.635185,-0.095304,-0.074209,,,,,,,,,,,,
55740,0.540754,1.017727,1.752230,0.500000,1.000001,1.639065,0.000000,0.000000,,,-2.835491,-2.835491,,,,,-0.010082,0.043283,-0.113165,0.540738,1.017793,1.754350,,,,,,
55743,,,,,,,,,-0.000000,0.000000,,,-0.249561,-1.078987,-0.095661,-0.069492,,,,,,,,,,,,
55750,,,,,,,,,-0.000000,0.000000,,,-0.209980,-0.907860,-0.096581,-0.071588,,,,0.540740,1.017762,1.754350,,,,,,
55760,,,,,,,,,-0.027467,0.652434,,,-0.176677,-0.763873,-0.097446,-0.073443,,,,0.540746,1.017744,1.754350,,,,,,
55770,,,,,,,,,-0.000000,0.000000,,,-0.693200,-0.642723,-0.092710,-0.075093,,,,0.540745,1.017746,1.754315,,,,,,
55780,,,,,,,,,-0.000000,0.000000,,,-0.583258,-0.540787,-0.094259,-0.076571,,,,0.540744,1.017745,1.754315,,,,,,
55792,0.540745,1.017743,1.754140,0.499999,1.000010,1.639065,0.000074,0.000000,-0.000000,0.000000,-2.809808,-2.810243,-0.490753,-0.455018,-0.095391,-0.077647,-0.010008,0.043296,-0.115075,0.540745,1.017720,1.754315,,,,,,
55800,,,,,,,,,-0.000000,0.000000,,,-0.412920,-0.382852,-0.096649,-0.078854,,,,0.540756,1.017675,1.754350,,,,,,
55809,,,,,,,,,,,,,,,,,,,,0.540770,1.017603,1.757911,,,,,,
55812,,,,,,,,,-0.000000,0.000000,,,-0.347431,-0.322132,-0.097796,-0.079959,,,,,,,,,,,,
55820,,,,,,,,,-0.027467,0.652434,,,-0.836871,-0.271042,-0.093297,-0.080978,,,,0.540786,1.017507,1.761461,,,,,,
55829,,,,,,,,,,,,,,,,,,,,0.540815,1.017373,1.761460,,,,,,
55835,,,,,,,,,-0.027467,0.652434,,,-0.704143,-0.228054,-0.095045,-0.081924,,,,,,,,,,,,
55839,0.540853,1.017133,1.766907,0.499998,1.000033,1.639065,0.000294,0.000000,,,,,,,,,,,,0.540839,1.017201,1.765088,,,,,,
55842,,,,,,,,,-0.000000,0.000000,-2.459029,-2.460994,-1.137009,-0.191885,-0.087473,-0.079247,-0.008812,0.043404,-0.127842,,,,,,,,,
55852,,,,,,,,,-0.000000,0.000000,,,-0.956680,-0.161452,-0.089577,-0.080012,,,,,,,,,,,,
55861,,,,,,,,,-0.027467,0.652434,,,-1.349493,-0.135846,-0.085871,-0.080733,,,,,,,,,,,,
55870,,,,,,,,,-0.000000,0.000000,,,-1.135463,-0.114300,-0.088276,-0.081417,,,,0.540976,1.016713,1.775813,,,,,,
55880,,,,,,,,,-0.000000,0.000000,,,-0.955379,-0.096172,-0.090377,-0.082072,,,,0.541022,1.016590,1.779415,,,,,,
55890,0.541034,1.016564,1.778364,0.499995,1.000077,1.639065,0.000655,0.000002,-0.027467,0.652434,-2.115851,-2.120682,,,,,-0.007676,0.043556,-0.139299,0.541051,1.016512,1.779414,,,,,,
55893,,,,,,,,,,,,,-1.348399,-0.080919,-0.083169,-0.079229,,,,,,,,,,,,
55900,,,,,,,,,-0.000000,0.000000,,,-1.134543,-0.068086,-0.085503,-0.079768,,,,0.541062,1.016423,1.779414,,,,,,
55910,,,,,,,,,-0.000000,0.000000,,,-0.954604,-0.057287,-0.087535,-0.080289,,,,0.541078,1.016335,1.775849,,,,,,
55920,,,,,,,,,-0.027467,-0.652434,,,-0.803204,-0.592745,-0.089312,-0.075240,,,,0.541099,1.016262,1.775849,,,,,,
55930,,,,,,,,,-0.027467,0.652434,,,-1.220359,-0.498735,-0.085319,-0.076504,,,,0.541105,1.016133,1.779414,,,,,,
55940,0.541139,1.015942,1.782031,0.499990,1.000150,1.639066,0.001152,0.000006,,,-1.840582,-1.849331,,,,,-0.006813,0.043545,-0.142965,0.541121,1.016007,1.779378,,,,,,
55943,,,,,,,,,-0.000000,0.000000,,,-1.026810,-0.419636,-0.084665,-0.074867,,,,,,,,,,,,
55950,,,,,,,,,,,,,,,,,,,,0.541135,1.015881,1.779378,,,,,,
55955,,,,,,,,,-0.027467,0.652434,,,-1.408501,-0.353081,-0.080934,-0.075832,,,,,,,,,,,,
55960,,,,,,,,,-0.000000,0.000000,,,-1.185112,-0.297083,-0.083299,-0.076703,,,,0.541174,1.015764,1.782896,,,,,,
55970,,,,,,,,,-0.000000,0.000000,,,-0.997153,-0.249965,-0.085348,-0.077494,,,,0.541258,1.015574,1.786451,,,,,,
55980,,,,,,,,,-0.027467,-0.652434,,,-0.839005,-0.754864,-0.087129,-0.072664,,,,0.541292,1.015403,1.786492,,,,,,
55989,0.541333,1.015198,1.783413,0.499982,1.000257,1.639067,0.001782,0.000019,,,,,,,,,,,,0.541327,1.015254,1.786528,,,,,,
55992,,,,,,,,,-0.000000,0.000000,-1.536431,-1.550066,-0.705938,-0.635142,-0.085585,-0.071051,-0.005879,0.043573,-0.144346,,,,,,,,,
56002,,,,,,,,,-0.027467,-0.652434,,,-0.593976,-1.078952,-0.086893,-0.066707,,,,,,,,,,,,
56015,,,,,,,,,-0.000000,0.000000,,,-0.499772,-0.907830,-0.088042,-0.068547,,,,,,,,,,,,
56019,,,,,,,,,,,,,,,,,,,,0.541287,1.015126,1.775813,,,,,,
56022,,,,,,,,,-0.000000,0.000000,,,-0.420508,-0.763848,-0.089058,-0.070144,,,,0.541287,1.015126,1.775813,,,,,,
56029,,,,,,,,,,,,,,,,,,,,0.541297,1.015020,1.775813,,,,,,
56032,,,,,,,,,-0.000000,0.000000,,,-0.353815,-0.642702,-0.089961,-0.071537,,,,,,,,,,,,
56040,0.541334,1.014893,1.773214,0.499972,1.000406,1.639071,0.002540,0.000046,-0.027467,-0.652434,-1.486454,-1.504181,,,,,-0.005876,0.043430,-0.134143,0.541335,1.014865,1.772280,,,,,,
56043,,,,,,,,,,,,,-0.297700,-1.085312,-0.090260,-0.066736,,,,,,,,,,,,
56049,,,,,,,,,,,,,,,,,,,,0.541383,1.014676,1.772282,,,,,,
56055,,,,,,,,,-0.000000,0.000000,,,-0.250485,-0.913182,-0.090980,-0.068575,,,,,,,,,,,,
56060,,,,,,,,,-0.000000,0.000000,,,-0.210758,-0.768351,-0.091632,-0.070171,,,,0.541391,1.014645,1.772282,,,,,,
56070,,,,,,,,,-0.027467,-0.652434,,,-0.177332,-0.646490,-0.092228,-0.071561,,,,0.541374,1.014648,1.768705,,,,,,
56080,,,,,,,,,-0.000000,0.000000,,,-0.149207,-1.088500,-0.092777,-0.067224,,,,0.541352,1.014642,1.768669,,,,,,
56090,0.541355,1.014582,1.765770,0.499959,1.000601,1.639078,0.003422,0.000097,-0.000000,0.000000,-1.378836,-1.400950,,,,,-0.005696,0.043321,-0.126692,0.541357,1.014554,1.765088,,,,,,
56093,,,,,,,,,,,,,-0.125543,-0.915864,-0.092188,-0.068015,,,,,,,,,,,,
56101,,,,,,,,,-0.000000,0.000000,,,-0.105632,-0.770608,-0.092642,-0.069594,,,,,,,,,,,,
56109,,,,,,,,,,,,,,,,,,,,0.541398,1.014266,1.765154,,,,,,
56115,,,,,,,,,-0.000000,0.000000,,,-0.088878,-0.648389,-0.093067,-0.070966,,,,,,,,,,,,
56120,,,,,,,,,-0.000000,0.000000,,,-0.074782,-0.545555,-0.093469,-0.072166,,,,0.541403,1.014225,1.765154,,,,,,
56123,,,,,,,,,,,,,,,,,,,,0.541403,1.014225,1.765154,,,,,,
56130,,,,,,,,,-0.000000,0.000000,,,-0.062922,-0.459029,-0.093851,-0.073219,,,,0.541391,1.014281,1.765154,,,,,,
56139,0.541388,1.014344,1.765178,0.499942,1.000849,1.639090,0.004424,0.000185,,,,,,,,,,,,0.541391,1.014322,1.765124,,,,,,
56142,,,,,,,,,-0.000000,0.000000,-1.184020,-1.212135,-0.052942,-0.386227,-0.092229,-0.072224,-0.005235,0.043272,-0.126089,,,,,,,,,
56149,,,,,,,,,,,,,,,,,,,,0.541391,1.014339,1.765124,,,,,,
56152,,,,,,,,,-0.000000,0.000000,,,-0.044546,-0.324972,-0.092541,-0.073014,,,,,,,,,,,,
56160,,,,,,,,,-0.000000,0.000000,,,-0.037481,-0.273431,-0.092841,-0.073718,,,,0.541396,1.014310,1.765124,,,,,,
56169,,,,,,,,,,,,,,,,,,,,0.541392,1.014300,1.765124,,,,,,
56175,,,,,,,,,-0.000000,0.000000,,,-0.031536,-0.230065,-0.093131,-0.074348,,,,,,,,,,,,
56180,,,,,,,,,-0.000000,0.000000,,,-0.026535,-0.193577,-0.093412,-0.074916,,,,0.541389,1.014317,1.765124,,,,,,
56191,0.541389,1.014319,1.765129,0.499921,1.001155,1.639112,0.005540,0.000328,-0.000000,0.000000,-1.019732,-1.054414,-0.022326,-0.162875,-0.092011,-0.073824,-0.004909,0.043229,-0.126017,0.541392,1.014327,1.765154,,,,,,
56200,,,,,,,,,-0.000000,0.000000,,,-0.018785,-0.137043,-0.092246,-0.074266,,,,0.541372,1.014302,1.765123,,,,,,
56209,,,,,,,,,,,,,,,,,,,,0.541357,1.014287,1.765123,,,,,,
56215,,,,,,,,,-0.000000,0.000000,,,-0.015806,-0.115308,-0.092477,-0.074671,,,,,,,,,,,,
56220,,,,,,,,,-0.000000,0.000000,,,-0.013299,-0.097020,-0.092703,-0.075046,,,,0.541353,1.014287,1.765123,,,,,,
56229,,,,,,,,,,,,,,,-0.092926,-0.075394,,,,0.541377,1.014310,1.765124,,,,,,
56232,,,,,,,,,-0.000000,0.000000,,,-0.011190,-0.081633,,,,,,,,,,,,,,
56239,0.541393,1.014326,1.765125,0.499896,1.001526,1.639146,0.006768,0.000545,,,,,,,,,,,,0.541393,1.014327,1.765124,,,,,,
56242,,,,,,,,,-0.000000,0.000000,-0.838054,-0.879657,-0.009415,-0.068686,-0.091293,-0.073938,-0.004546,0.043188,-0.125978,,,,,,,,,
56249,,,,,,,,,,,,,,,-0.091474,-0.074212,,,,0.541398,1.014320,1.765124,,,,,,
56252,,,,,,,,,-0.000000,0.000000,,,-0.007922,-0.057792,,,,,,,,,,,,,,
56260,,,,,,,,,-0.000000,0.000000,,,-0.006665,-0.048626,-0.091653,-0.074469,,,,0.541393,1.014322,1.765124,,,,,,
56269,,,,,,,,,,,,,,,,,,,,0.541388,1.014324,1.765124,,,,,,
56275,,,,,,,,,-0.000000,0.000000,,,-0.005608,-0.040914,-0.091830,-0.074714,,,,,,,,,,,,
56280,,,,,,,,,-0.000000,0.000000,,,-0.004719,-0.034425,-0.092005,-0.074948,,,,0.541391,1.014323,1.765154,,,,,,
56289,0.541393,1.014318,1.765124,0.499866,1.001965,1.639200,0.008103,0.000860,,,,,,,,,,,,0.541393,1.014317,1.765124,,,,,,
56292,,,,,,,,,-0.000000,0.000000,-0.626700,-0.675404,-0.003970,-0.028965,-0.090024,-0.073090,-0.004101,0.043131,-0.125924,,,,,,,,,
56299,,,,,,,,,,,,,,,,,,,,0.541394,1.014322,1.765124,,,,,,
56302,,,,,,,,,-0.000000,0.000000,,,-0.003341,-0.024371,-0.090155,-0.073266,,,,0.541394,1.014322,1.765124,,,,,,
56310,,,,,,,,,,,,,,,,,,,,0.541392,1.014322,1.765124,,,,,,
56315,,,,,,,,,-0.000000,0.000000,,,-0.002811,-0.020506,-0.090285,-0.073435,,,,,,,,,,,,
56320,,,,,,,,,-0.000000,0.000000,,,-0.002365,-0.017254,-0.090414,-0.073600,,,,0.541392,1.014326,1.765154,,,,,,
56330,,,,,,,,,-0.000000,0.000000,,,-0.001990,-0.014517,-0.090543,-0.073759,,,,0.541388,1.014318,1.765124,,,,,,
56340,0.541388,1.014327,1.765124,0.499830,1.002479,1.639279,0.009540,0.001304,,,-0.393178,-0.448960,-0.001674,-0.012215,-0.088289,-0.071605,-0.003600,0.043063,-0.125845,0.541387,1.014328,1.765124,,,,,,
56343,,,,,,,,,-0.000000,0.000000,,,,,,,,,,,,,,,,,,
56350,,,,,,,,,-0.000000,0.000000,,,-0.001409,-0.010278,-0.088370,-0.071712,,,,0.541387,1.014325,1.765124,,,,,,
56353,,,,,,,,,,,,,,,,,,,,0.541387,1.014325,1.765124,,,,,,
56360,,,,,,,,,-0.000000,0.000000,,,-0.001185,-0.008648,-0.088451,-0.071816,,,,0.541391,1.014319,1.765124,,,,,,
56370,,,,,,,,,,,,,,,,,,,,0.541391,1.014327,1.765154,,,,,,
56375,,,,,,,,,-0.000000,0.000000,,,-0.000997,-0.007276,-0.088531,-0.071919,,,,0.541391,1.014327,1.765154,,,,,,
56380,,,,,,,,,-0.000000,0.000000,,,-0.000839,-0.006122,-0.088611,-0.072019,,,,0.541391,1.014327,1.765154,,,,,,
56384,,,,,,,,,,,,,,,,,,,,0.541391,1.014327,1.765154,,,,,,
56387,,,,,,,,,,,,,,,,,,,,0.541391,1.014327,1.765154,,,,,,
56391,0.541391,1.014327,1.765151,0.499790,1.003072,1.639394,0.011075,0.001907,-0.000000,0.000000,-0.128056,-0.190708,-0.000706,-0.005151,-0.085987,-0.069483,-0.003008,0.042991,-0.125757,,,,,,,,,
56394,,,,,,,,,,,,,,,,,,,,0.541391,1.014327,1.765154,,,,,,
56400,,,,,,,,,-0.000000,0.000000,,,-0.000594,-0.004334,-0.086013,-0.069528,,,,0.541391,1.014327,1.765154,,,,,,
56408,,,,,,,,,,,,,,,,,,,,0.541395,1.014324,1.765154,,,,,,
56411,,,,,,,,,-0.000000,0.000000,,,-0.000500,-0.003647,-0.086040,-0.069573,,,,0.541393,1.014323,1.765124,,,,,,
56414,,,,,,,,,,,,,,,,,,,,0.541389,1.014326,1.765154,,,,,,
56419,,,,,,,,,,,,,,,-0.086066,-0.069616,,,,0.541392,1.014320,1.765124,,,,,,
56422,,,,,,,,,-0.000000,0.000000,,,-0.000421,-0.003068,,,,,,0.541392,1.014320,1.765124,,,,,,
56429,,,,,,,,,,,,,,,-0.086092,-0.069658,,,,0.541392,1.014328,1.765154,,,,,,
56432,,,,,,,,,-0.000000,0.000000,,,-0.000354,-0.002582,,,,,,,,,,,,,,
56440,0.541392,1.014325,1.765126,0.499743,1.003748,1.639554,0.012704,0.002709,-0.000000,0.000000,0.165598,0.096589,,,,,-0.002335,0.042908,-0.125572,0.541392,1.014325,1.765124,,,,,,
56443,,,,,,,,,,,,,-0.000298,-0.002172,-0.083123,-0.066770,,,,,,,,,,,,
56449,,,,,,,,,,,,,,,,,,,,0.541391,1.014326,1.765124,,,,,,
56455,,,,,,,,,-0.000000,0.000000,,,-0.000251,-0.001828,-0.083090,-0.066754,,,,,,,,,,,,
56459,,,,,,,,,,,,,,,-0.083058,-0.066737,,,,0.541389,1.014327,1.765124,,,,,,
56462,,,,,,,,,-0.000000,0.000000,,,-0.000211,-0.001538,,,,,,,,,,,,,,
56470,,,,,,,,,-0.000000,0.000000,,,-0.000177,-0.001294,-0.083025,-0.066720,,,,0.541393,1.014330,1.765154,,,,,,
56480,,,,,,,,,-0.000000,0.000000,,,-0.000149,-0.001089,-0.082992,-0.066702,,,,0.541390,1.014329,1.765154,,,,,,
56490,0.541392,1.014327,1.765151,0.499690,1.004512,1.639773,0.014421,0.003749,-0.000000,0.000000,0.488187,0.413530,,,,,-0.001576,0.042813,-0.125378,0.541392,1.014328,1.765154,,,,,,
56493,,,,,,,,,,,,,-0.000126,-0.000916,-0.079669,-0.063452,,,,,,,,,,,,
56502,,,,,,,,,-0.000000,0.000000,,,-0.000106,-0.000771,-0.079571,-0.063370,,,,,,,,,,,,
56511,,,,,,,,,-0.000000,0.000000,,,-0.000089,-0.000649,-0.079474,-0.063289,,,,,,,,,,,,
56520,,,,,,,,,-0.000000,0.000000,,,-0.000075,-0.000546,-0.079376,-0.063207,,,,0.541388,1.014333,1.765124,,,,,,
56523,,,,,,,,,,,,,,,,,,,,0.541388,1.014333,1.765124,,,,,,
56530,,,,,,,,,-0.000000,0.000000,,,-0.000063,-0.000459,-0.079279,-0.063125,,,,0.541387,1.014326,1.765154,,,,,,
56540,0.541390,1.014328,1.765153,0.499631,1.005368,1.640067,0.016222,0.005074,-0.000000,0.000000,0.841327,0.762095,-0.000053,-0.000386,-0.075579,-0.059488,-0.000726,0.042703,-0.125086,0.541390,1.014328,1.765154,,,,,,
56550,,,,,,,,,,,,,,,,,,,,0.541393,1.014334,1.765154,,,,,,
56556,,,,,,,,,-0.000000,0.000000,,,-0.000045,-0.000325,-0.075411,-0.059336,,,,,,,,,,,,
56560,,,,,,,,,-0.000000,0.000000,,,-0.000037,-0.000273,-0.075243,-0.059184,,,,0.541393,1.014334,1.765154,,,,,,
56569,,,,,,,,,,,,,,,-0.075074,-0.059032,,,,0.541392,1.014332,1.765154,,,,,,
56572,,,,,,,,,-0.000000,0.000000,,,-0.000032,-0.000230,,,,,,,,,,,,,,
56579,,,,,,,,,,,,,,,-0.074906,-0.058880,,,,0.541391,1.014328,1.765124,,,,,,
56582,,,,,,,,,-0.000000,0.000000,,,-0.000027,-0.000194,,,,,,,,,,,,,,
56590,0.541393,1.014331,1.765154,0.499565,1.006319,1.640453,0.018101,0.006735,,,1.224985,1.142595,,,,,0.000218,0.042588,-0.124701,0.541393,1.014331,1.765154,,,,,,
56593,,,,,,,,,-0.000000,0.000000,,,-0.000022,-0.000163,-0.070825,-0.054846,,,,,,,,,,,,
56600,,,,,,,,,-0.000000,0.000000,,,-0.000019,-0.000137,-0.070580,-0.054618,,,,0.541392,1.014334,1.765154,,,,,,
56609,,,,,,,,,,,,,,,-0.070335,-0.054390,,,,0.541392,1.014328,1.765124,,,,,,
56612,,,,,,,,,-0.000000,0.000000,,,-0.000016,-0.000115,,,,,,,,,,,,,,
56620,,,,,,,,,-0.000000,0.000000,,,-0.000013,-0.000097,-0.070090,-0.054161,,,,0.541391,1.014334,1.765154,,,,,,
56623,,,,,,,,,,,,,,,,,,,,0.541391,1.014334,1.765154,,,,,,
56629,,,,,,,,,,,,,,,-0.069845,-0.053933,,,,0.541392,1.014334,1.765154,,,,,,
56632,,,,,,,,,-0.000000,0.000000,,,-0.000011,-0.000082,,,,,,,,,,,,,,
56639,0.541393,1.014336,1.765154,0.499491,1.007369,1.640953,0.020053,0.008786,,,,,,,,,,,,0.541393,1.014336,1.765154,,,,,,
56642,,,,,,,,,-0.000000,0.000000,1.639182,1.555424,-0.000009,-0.000069,-0.065375,-0.049494,0.001257,0.042458,-0.124201,,,,,,,,,
56649,,,,,,,,,,,,,,,,,,,,0.541395,1.014328,1.765124,,,,,,
56655,,,,,,,,,-0.000000,0.000000,,,-0.000008,-0.000058,-0.065047,-0.049183,,,,,,,,,,,,
56660,,,,,,,,,-0.000000,0.000000,,,-0.000007,-0.000049,-0.064719,-0.048872,,,,0.541394,1.014334,1.765154,,,,,,
56669,,,,,,,,,,,,,,,-0.064391,-0.048561,,,,0.541389,1.014336,1.765154,,,,,,
56672,,,,,,,,,-0.000000,0.000000,,,-0.000006,-0.000041,,,,,,,,,,,,,,
56679,,,,,,,,,,,,,,,-0.064064,-0.048250,,,,0.541388,1.014337,1.765124,,,,,,
56682,,,,,,,,,-0.000000,0.000000,,,-0.000005,-0.000034,,,,,,,,,,,,,,
56689,0.541390,1.014333,1.765127,0.499410,1.008521,1.641591,0.022070,0.011288,,,,,,,,,,,,0.541390,1.014333,1.765124,,,,,,
56692,,,,,,,,,-0.000000,0.000000,2.086355,2.003507,-0.000004,-0.000029,-0.059175,-0.043368,0.002404,0.042313,-0.123536,,,,,,,,,
56700,,,,,,,,,-0.000000,0.000000,,,-0.000003,-0.000024,-0.058757,-0.042968,,,,0.541390,1.014336,1.765154,,,,,,
56709,,,,,,,,,,,,,,,-0.058340,-0.042567,,,,0.541392,1.014338,1.765154,,,,,,
56712,,,,,,,,,-0.000000,0.000000,,,-0.000003,-0.000021,,,,,,,,,,,,,,
56719,,,,,,,,,,,,,,,-0.057923,-0.042166,,,,0.541392,1.014339,1.765154,,,,,,
56722,,,,,,,,,-0.000000,0.000000,,,-0.000002,-0.000017,,,,,,,,,,,,,,
56729,,,,,,,,,,,,,,,-0.057506,-0.041766,,,,0.541395,1.014339,1.765154,,,,,,
56732,,,,,,,,,-0.000000,0.000000,,,-0.000002,-0.000015,,,,,,,,,,,,,,
56740,0.541392,1.014333,1.765124,0.499320,1.009779,1.642394,0.024146,0.014307,,,2.565564,2.486325,,,,,0.003656,0.042159,-0.122731,0.541392,1.014333,1.765124,,,,,,
56743,,,,,,,,,-0.000000,0.000000,,,-0.000002,-0.000012,-0.052200,-0.036440,,,,,,,,,,,,
56750,,,,,,,,,,,,,,,,,,,,0.541391,1.014335,1.765154,,,,,,
56756,,,,,,,,,-0.000000,0.000000,,,-0.000001,-0.000010,-0.051687,-0.035943,,,,,,,,,,,,
56760,,,,,,,,,-0.000000,0.000000,,,-0.000001,-0.000009,-0.051174,-0.035446,,,,0.541391,1.014333,1.765124,,,,,,
56769,,,,,,,,,,,,,,,-0.050661,-0.034948,,,,0.541388,1.014335,1.765124,,,,,,
56772,,,,,,,,,-0.000000,0.000000,,,-0.000001,-0.000007,,,,,,,,,,,,,,
56779,,,,,,,,,,,,,,,-0.050148,-0.034451,,,,0.541386,1.014335,1.765124,,,,,,
56782,,,,,,,,,-0.000000,0.000000,,,-0.000001,-0.000006,,,,,,,,,,,,,,
56791,0.541387,1.014335,1.765124,0.499222,1.011143,1.643394,0.026274,0.017915,-0.000000,0.000000,3.075255,3.002889,-0.000001,-0.000005,-0.044436,-0.028685,0.005010,0.041988,-0.121730,0.541389,1.014330,1.765124,,,,,,
56800,,,,,,,,,-0.000000,0.000000,,,-0.000001,-0.000004,-0.043821,-0.028084,,,,0.541393,1.014340,1.765124,,,,,,
56809,,,,,,,,,,,,,,,,,,,,0.541395,1.014335,1.765124,,,,,,
56815,,,,,,,,,-0.000000,0.000000,,,-0.000000,-0.000004,-0.043206,-0.027484,,,,,,,,,,,,
56820,,,,,,,,,-0.000000,0.000000,,,-0.000000,-0.000003,-0.042591,-0.026883,,,,0.541390,1.014341,1.765154,,,,,,
56823,,,,,,,,,,,,,,,,,,,,0.541390,1.014341,1.765154,,,,,,
56829,,,,,,,,,,,,,,,-0.041976,-0.026283,,,,0.541390,1.014340,1.765154,,,,,,
56832,,,,,,,,,-0.000000,0.000000,,,-0.000000,-0.000003,,,,,,,,,,,,,,
56840,0.541389,1.014333,1.765151,0.499114,1.012616,1.644626,0.028443,0.022190,,,3.618108,3.556471,,,,,0.006480,0.041811,-0.120525,0.541389,1.014333,1.765154,,,,,,
56843,,,,,,,,,-0.000000,0.000000,,,-0.000000,-0.000002,-0.035824,-0.020035,,,,,,,,,,,,
56849,,,,,,,,,,,,,,,,,,,,0.541391,1.014342,1.765154,,,,,,
56852,,,,,,,,,-0.000000,0.000000,,,-0.000000,-0.000002,-0.035100,-0.019324,,,,,,,,,,,,
56860,,,,,,,,,-0.000000,0.000000,,,-0.000000,-0.000002,-0.034376,-0.018613,,,,0.541392,1.014343,1.765154,,,,,,
56869,,,,,,,,,,,,,,,,,,,,0.541390,1.014342,1.765154,,,,,,
56875,,,,,,,,,-0.000000,0.000000,,,-0.000000,-0.000001,-0.033653,-0.017902,,,,,,,,,,,,
56880,,,,,,,,,-0.000000,0.000000,,,-0.000000,-0.000001,-0.032929,-0.017190,,,,0.541392,1.014347,1.765154,,,,,,
56890,0.541392,1.014341,1.765126,0.498996,1.014199,1.646130,0.030646,0.027222,-0.000000,0.000000,4.188240,4.142024,,,,,0.008047,0.041626,-0.118997,0.541392,1.014342,1.765124,,,,,,
56893,,,,,,,,,,,,,-0.000000,-0.000001,-0.026390,-0.010506,,,,,,,,,,,,
56900,,,,,,,,,-0.000000,0.000000,,,-0.000000,-0.000001,-0.025553,-0.009678,,,,0.541390,1.014342,1.765154,,,,,,
56910,,,,,,,,,,,,,,,,,,,,0.541391,1.014342,1.765154,,,,,,
56915,,,,,,,,,-0.000000,0.000000,,,-0.000000,-0.000001,-0.024715,-0.008850,,,,,,,,,,,,
56920,,,,,,,,,-0.000000,0.000000,,,-0.000000,-0.000001,-0.023877,-0.008021,,,,0.541390,1.014342,1.765154,,,,,,
56923,,,,,,,,,,,,,,,,,,,,0.541390,1.014342,1.765154,,,,,,
56929,,,,,,,,,,,,,,,-0.023040,-0.007193,,,,0.541391,1.014345,1.765154,,,,,,
56932,,,,,,,,,-0.000000,0.000000,,,-0.000000,-0.000000,,,,,,,,,,,,,,
56940,0.541390,1.014338,1.765124,0.498866,1.015894,1.647953,0.032870,0.033109,-0.000000,0.000000,4.791925,4.766492,,,,,0.009738,0.041423,-0.117171,0.541390,1.014338,1.765124,,,,,,
56943,,,,,,,,,,,,,-0.000000,-0.000000,-0.016044,0.000005,,,,,,,,,,,,
56950,,,,,,,,,-0.000000,0.000000,,,-0.000000,-0.000000,-0.015086,0.000959,,,,0.541391,1.014343,1.765154,,,,,,
56960,,,,,,,,,-0.000000,0.000000,,,-0.000000,-0.000000,-0.014128,0.001912,,,,0.541390,1.014345,1.765154,,,,,,
56969,,,,,,,,,,,,,,,,,,,,0.541389,1.014345,1.765124,,,,,,
56975,,,,,,,,,-0.000000,0.000000,,,-0.000000,-0.000000,-0.013169,0.002865,,,,,,,,,,,,
56980,,,,,,,,,-0.000000,0.000000,,,-0.000000,-0.000000,-0.012211,0.003818,,,,0.541390,1.014344,1.765124,,,,,,
56989,0.541389,1.014341,1.765124,0.498725,1.017699,1.650145,0.035104,0.039963,,,,,,,,,,,,0.541389,1.014342,1.765124,,,,,,
56992,,,,,,,,,-0.000000,0.000000,5.422360,5.424019,-0.000000,-0.000000,-0.004822,0.011478,0.011533,0.041213,-0.114979,,,,,,,,,
56999,,,,,,,,,,,,,,,,,,,,0.541387,1.014346,1.765124,,,,,,
57002,,,,,,,,,-0.000000,0.000000,,,-0.000000,-0.000000,-0.003738,0.012563,,,,,,,,,,,,
57010,,,,,,,,,,,,,,,,,,,,0.541391,1.014348,1.765154,,,,,,
57015,,,,,,,,,-0.000000,0.000000,,,-0.000000,-0.000000,-0.002653,0.013648,,,,,,,,,,,,
57019,,,,,,,,,,,,,,,,,,,,0.541389,1.014354,1.765124,,,,,,
57022,,,,,,,,,-0.000000,0.000000,,,-0.000000,-0.000000,-0.001569,0.014733,,,,0.541389,1.014354,1.765124,,,,,,
57029,,,,,,,,,,,,,,,,,,,,0.541388,1.014349,1.765124,,,,,,
57032,,,,,,,,,-0.000000,0.000000,,,-0.000000,-0.000000,-0.000484,0.015818,,,,,,,,,,,,
57040,0.541390,1.014349,1.765151,0.498570,1.019615,1.652764,0.037335,0.047911,,,6.079885,6.115927,-0.000000,-0.000000,0.007307,0.023960,0.013437,0.040997,-0.112387,0.541390,1.014349,1.765154,,,,,,
57043,,,,,,,,,-0.000000,0.000000,,,,,,,,,,,,,,,,,,
57049,,,,,,,,,,,,,,,,,,,,0.541387,1.014347,1.765154,,,,,,
57052,,,,,,,,,-0.000000,0.000000,,,-0.000000,-0.000000,0.008523,0.025183,,,,,,,,,,,,
57060,,,,,,,,,-0.000000,0.000000,,,-0.000000,-0.000000,0.009739,0.026406,,,,0.541386,1.014349,1.765154,,,,,,
57070,,,,,,,,,,,,,,,,,,,,0.541387,1.014351,1.765154,,,,,,
57075,,,,,,,,,-0.000000,0.000000,,,-0.000000,-0.000000,0.010955,0.027630,,,,,,,,,,,,
57080,,,,,,,,,-0.000000,0.000000,,,-0.000000,-0.000000,0.012171,0.028853,,,,0.541385,1.014346,1.765124,,,,,,
57090,0.541388,1.014347,1.765126,0.498400,1.021640,1.655878,0.039548,0.057101,-0.000000,0.000000,6.764683,6.843787,,,,,0.015457,0.040770,-0.109249,0.541387,1.014347,1.765124,,,,,,
57093,,,,,,,,,,,,,-0.000000,-0.000000,0.020372,0.037500,,,,,,,,,,,,
57100,,,,,,,,,-0.000000,0.000000,,,-0.000000,-0.000000,0.021725,0.038869,,,,0.541387,1.014349,1.765124,,,,,,
57109,,,,,,,,,,,,,,,0.023078,0.040238,,,,0.541388,1.014351,1.765154,,,,,,
57112,,,,,,,,,-0.000000,0.000000,,,-0.000000,-0.000000,,,,,,,,,,,,,,
57119,,,,,,,,,,,,,,,0.024431,0.041606,,,,0.541391,1.014351,1.765154,,,,,,
57122,,,,,,,,,-0.000000,0.000000,,,-0.000000,-0.000000,,,,,,,,,,,,,,
57130,,,,,,,,,,,,,,,,,,,,0.541391,1.014344,1.765124,,,,,,
57135,,,,,,,,,-0.000000,0.000000,,,-0.000000,-0.000000,0.025784,0.042975,,,,,,,,,,,,
57140,0.541386,1.014345,1.765124,0.498215,1.023772,1.659562,0.041727,0.067709,,,7.473494,7.605574,-0.000000,-0.000000,0.034366,0.052114,0.017586,0.040538,-0.105563,0.541385,1.014345,1.765124,,,,,,
57143,,,,,,,,,-0.000000,0.000000,,,,,,,,,,,,,,,,,,
57149,,,,,,,,,,,,,,,,,,,,0.541384,1.014354,1.765124,,,,,,
57152,,,,,,,,,-0.000000,0.000000,,,-0.000000,-0.000000,0.035861,0.053635,,,,,,,,,,,,
57160,,,,,,,,,-0.000000,0.000000,,,-0.000000,-0.000000,0.037356,0.055156,,,,0.541390,1.014356,1.765124,,,,,,
57169,,,,,,,,,,,,,,,,,,,,0.541391,1.014351,1.765124,,,,,,
57175,,,,,,,,,-0.000000,0.000000,,,-0.000000,-0.000000,0.038851,0.056677,,,,,,,,,,,,
57179,,,,,,,,,,,,,,,0.040345,0.058199,,,,0.541390,1.014351,1.765154,,,,,,
57182,,,,,,,,,-0.000000,0.000000,,,-0.000000,-0.000000,,,,,,,,,,,,,,
57190,0.541386,1.014357,1.765124,0.498011,1.026007,1.663903,0.043854,0.079939,-0.000000,0.000000,8.199165,8.395818,,,,,0.019807,0.040309,-0.101221,0.541386,1.014358,1.765124,,,,,,
57193,,,,,,,,,,,,,-0.000000,-0.000000,0.049242,0.067780,,,,,,,,,,,,
57199,,,,,,,,,,,,,,,,,,,,0.541385,1.014352,1.765124,,,,,,
57202,,,,,,,,,-0.000000,0.000000,,,-0.000000,-0.000000,0.050882,0.069459,,,,,,,,,,,,
57209,,,,,,,,,,,,,,,0.052521,0.071138,,,,0.541385,1.014351,1.765124,,,,,,
57212,,,,,,,,,-0.000000,0.000000,,,-0.000000,-0.000000,,,,,,,,,,,,,,
57220,,,,,,,,,-0.000000,0.000000,,,-0.000000,-0.000000,0.054161,0.072818,,,,0.541385,1.014354,1.765124,,,,,,
57229,,,,,,,,,,,,,,,,,,,,0.541386,1.014356,1.765154,,,,,,
57235,,,,,,,,,0.027467,0.652434,,,-0.000000,0.544543,0.055801,0.068942,,,,,,,,,,,,
57240,0.541361,1.014470,1.767889,0.497787,1.028341,1.669003,0.045910,0.094042,,,8.947431,9.214108,,,,,0.022135,0.040014,-0.098886,0.541385,1.014358,1.765154,,,,,,
57243,,,,,,,,,-0.000000,0.000000,,,-0.000000,0.458179,0.065073,0.079740,,,,,,,,,,,,
57250,,,,,,,,,0.027467,0.652434,,,-0.000000,0.930055,0.066863,0.076678,,,,0.541387,1.014357,1.765154,,,,,,
57260,,,,,,,,,-0.000000,0.000000,,,-0.000000,0.782548,0.068652,0.079840,,,,0.541381,1.014363,1.765154,,,,,,
57269,,,,,,,,,,,,,,,0.070442,0.082792,,,,0.541376,1.014421,1.765156,,,,,,
57272,,,,,,,,,-0.000000,0.000000,,,-0.000000,0.658436,,,,,,,,,,,,,,
57280,,,,,,,,,-0.000000,0.000000,,,-0.000000,0.554008,0.072231,0.085568,,,,0.541364,1.014562,1.768669,,,,,,
57290,0.541361,1.014658,1.771878,0.497541,1.030769,1.674977,0.047874,0.110317,,,9.705429,10.053516,,,,,0.024538,0.039720,-0.096901,0.541361,1.014676,1.772243,,,,,,
57293,,,,,,,,,0.027467,0.652434,,,-0.000000,0.466142,0.081752,0.096758,,,,,,,,,,,,
57299,,,,,,,,,,,,,,,,,,,,0.541355,1.014764,1.772243,,,,,,
57302,,,,,,,,,-0.000000,0.000000,,,-0.000000,0.936755,0.083693,0.093876,,,,,,,,,,,,
57310,,,,,,,,,0.027467,0.652434,,,-0.000000,1.332729,0.085634,0.091660,,,,0.541345,1.014827,1.775813,,,,,,
57320,,,,,,,,,0.027467,-0.652434,,,0.544543,1.121358,0.082021,0.095560,,,,0.541343,1.014909,1.779415,,,,,,
57323,,,,,,,,,,,,,,,,,,,,0.541343,1.014909,1.779415,,,,,,
57330,,,,,,,,,,,,,,,,,,,,0.541325,1.015041,1.782974,,,,,,
57335,,,,,,,,,0.027467,0.652434,,,0.458179,1.488054,0.084734,0.093606,,,,,,,,,,,,
57340,0.541285,1.015279,1.788003,0.497269,1.033284,1.681966,0.049724,0.129137,,,10.498604,10.907237,,,,,0.027067,0.039101,-0.106037,0.541305,1.015213,1.786492,,,,,,
57343,,,,,,,,,0.027467,0.652434,,,0.385511,1.796591,0.095415,0.100880,,,,,,,,,,,,
57350,,,,,,,,,0.027467,0.652434,,,0.324369,2.056195,0.098062,0.100054,,,,0.541266,1.015428,1.790042,,,,,,
57360,,,,,,,,,0.027467,0.652434,,,0.272924,2.274625,0.100621,0.099597,,,,0.541199,1.015719,1.797125,,,,,,
57369,,,,,,,,,,,,,,,,,,,,0.541185,1.016006,1.804189,,,,,,
57372,,,,,,,,,0.027467,0.652434,,,0.229638,2.458413,0.103108,0.099449,,,,,,,,,,,,
57380,,,,,,,,,0.027467,0.652434,,,0.193218,2.613051,0.105533,0.099561,,,,0.541214,1.016300,1.811270,,,,,,
57389,,,,,,,,,,,,,,,,,,,,0.541166,1.016721,1.821764,,,,,,
57396,0.541149,1.016713,1.821668,0.496969,1.035878,1.690133,0.051435,0.150961,0.054935,0.000000,11.277985,11.708184,0.707117,2.743164,0.110302,0.108062,0.029533,0.038039,-0.131535,,,,,,,,,
57399,,,,,,,,,,,,,,,,,,,,0.541106,1.017138,1.825264,,,,,,
57402,,,,,,,,,0.054935,1.304868,,,0.594968,3.397184,0.113560,0.103184,,,,,,,,,,,,
57410,,,,,,,,,0.054935,0.000000,,,1.045149,3.402934,0.111105,0.104788,,,,0.541006,1.017631,1.828760,,,,,,
57419,,,,,,,,,,,,,,,,,,,,0.540833,1.018148,1.832289,,,,,,
57422,,,,,,,,,0.054935,0.000000,,,1.423931,3.407771,0.109288,0.106400,,,,0.540833,1.018148,1.832289,,,,,,
57429,,,,,,,,,,,,,,,,,,,,0.540706,1.018690,1.832320,,,,,,
57435,,,,,,,,,0.054935,0.000000,,,1.742639,3.411841,0.108008,0.108018,,,,,,,,,,,,
57441,0.540685,1.018747,1.831426,0.496637,1.038542,1.699675,0.052982,0.176366,0.082402,0.652434,11.578768,12.130019,2.010799,3.959809,0.110248,0.108391,0.030477,0.037460,-0.131752,0.540564,1.019364,1.835737,,,,,,
57449,,,,,,,,,,,,,,,,,,,,0.540417,1.020075,1.839257,,,,,,
57452,,,,,,,,,0.082402,0.652434,,,2.236429,4.420869,0.109860,0.105322,,,,,,,,,,,,
57460,,,,,,,,,0.082402,-0.652434,,,2.970818,4.264262,0.104238,0.108461,,,,0.540232,1.020707,1.839286,,,,,,
57470,,,,,,,,,0.082402,0.652434,,,3.044189,4.677036,0.105211,0.105824,,,,0.540084,1.021354,1.842765,,,,,,
57480,,,,,,,,,0.109870,0.000000,,,3.650467,5.024344,0.100734,0.103772,,,,0.539862,1.022201,1.846267,,,,,,
57489,,,,,,,,,,,,,,,,,,,,0.539663,1.022980,1.846263,,,,,,
57495,0.539689,1.022847,1.845018,0.496269,1.041263,1.710829,0.054339,0.206081,0.054935,0.000000,11.314285,12.002857,,,,,0.029486,0.036811,-0.134189,,,,,,,,,
57498,,,,,,,,,,,,,3.616045,5.316569,0.099973,0.100916,,,,0.539468,1.023845,1.846235,,,,,,
57502,,,,,,,,,0.109870,0.000000,,,4.131627,5.017903,0.096254,0.105299,,,,,,,,,,,,
57509,,,,,,,,,,,,,,,,,,,,0.539250,1.024727,1.849706,,,,,,
57512,,,,,,,,,0.082402,0.652434,,,4.020893,5.311150,0.098820,0.103705,,,,,,,,,,,,
57519,,,,,,,,,,,,,,,0.101229,0.102527,,,,0.539010,1.025512,1.849727,,,,,,
57522,,,,,,,,,0.109870,0.000000,,,3.927722,5.557887,,,,,,,,,,,,,,
57530,,,,,,,,,0.082402,0.652434,,,4.393871,5.765492,0.097951,0.101698,,,,0.538799,1.026373,1.853165,,,,,,
57539,0.538628,1.027060,1.858414,0.495861,1.044030,1.723886,0.055477,0.241041,,,,,,,,,,,,0.538638,1.027084,1.856653,,,,,,
57542,,,,,,,,,0.109870,0.000000,10.993764,11.855764,4.786089,5.940171,0.092065,0.099664,0.028405,0.036197,-0.134529,,,,,,,,,
57549,,,,,,,,,,,,,,,,,,,,0.538350,1.028046,1.856672,,,,,,
57555,,,,,,,,,0.109870,0.000000,,,4.571558,6.087145,0.095495,0.099348,,,,,,,,,,,,
57560,,,,,,,,,0.082402,0.652434,,,4.935595,6.210810,0.093066,0.099240,,,,0.538028,1.029145,1.860127,,,,,,
57570,,,,,,,,,0.109870,0.000000,,,5.241895,6.314861,0.091154,0.099308,,,,0.537812,1.030118,1.860108,,,,,,
57579,,,,,,,,,,,,,,,0.089675,0.099523,,,,0.537549,1.031043,1.860127,,,,,,
57582,,,,,,,,,0.109870,0.000000,,,5.499616,6.402410,,,,,,,,,,,,,,
57590,0.537277,1.031974,1.863168,0.495408,1.046829,1.739207,0.056368,0.282453,0.054935,0.000000,10.335704,11.445721,,,,,0.026292,0.035810,-0.123961,0.537296,1.031941,1.863603,,,,,,
57593,,,,,,,,,,,,,5.171919,5.931530,0.087404,0.101234,,,,,,,,,,,,
57600,,,,,,,,,0.109870,0.000000,,,5.440739,6.079875,0.085695,0.100824,,,,0.537022,1.032944,1.863589,,,,,,
57609,,,,,,,,,,,,,,,,,,,,0.536732,1.033975,1.867008,,,,,,
57612,,,,,,,,,0.137337,0.652434,,,5.666923,6.749235,0.084367,0.095069,,,,,,,,,,,,
57620,,,,,,,,,0.054935,1.304868,,,4.768148,6.767892,0.094468,0.095818,,,,0.536465,1.034938,1.870477,,,,,,
57629,,,,,,,,,,,,,,,,,,,,0.536219,1.035891,1.870470,,,,,,
57632,,,,,,,,,0.109870,0.000000,,,5.101006,6.783590,0.092187,0.096594,,,,,,,,,,,,
57640,0.535901,1.036984,1.873006,0.494904,1.049643,1.757244,0.056985,0.331894,0.082402,-0.652434,9.671357,11.065942,,,,,0.024288,0.035371,-0.115762,0.535921,1.036961,1.873907,,,,,,
57643,,,,,,,,,,,,,5.381072,6.252255,0.083601,0.099072,,,,,,,,,,,,
57650,,,,,,,,,,,,,,,,,,,,0.535621,1.037992,1.877346,,,,,,
57656,,,,,,,,,0.192272,0.652434,,,6.161263,7.438819,0.076501,0.087932,,,,,,,,,,,,
57660,,,,,,,,,0.054935,0.000000,,,5.728629,6.803565,0.081616,0.095137,,,,0.535346,1.038971,1.884192,,,,,,
57669,,,,,,,,,,,,,,,0.091672,0.095887,,,,0.535054,1.039928,1.884192,,,,,,
57672,,,,,,,,,0.054935,1.304868,,,4.820068,6.813605,,,,,,,,,,,,,,
57680,,,,,,,,,0.109870,0.000000,,,5.144691,6.822053,0.089331,0.096651,,,,0.534752,1.040958,1.887606,,,,,,
57690,0.534406,1.042030,1.892617,0.494344,1.052453,1.778566,0.057299,0.391447,,,9.047207,10.758201,,,,,0.022559,0.034709,-0.114051,0.534420,1.042012,1.894413,,,,,,
57693,,,,,,,,,0.137337,-0.652434,,,5.417829,6.829161,0.081084,0.094289,,,,,,,,,,,,
57700,,,,,,,,,0.109870,1.304868,,,5.647646,7.379684,0.079465,0.089459,,,,0.534107,1.042964,1.897846,,,,,,
57710,,,,,,,,,0.082402,0.652434,,,5.296472,7.298352,0.083727,0.090964,,,,0.533827,1.043993,1.904648,,,,,,
57720,,,,,,,,,0.109870,0.000000,,,5.545537,7.229918,0.081937,0.092354,,,,0.533557,1.044989,1.908043,,,,,,
57729,,,,,,,,,,,,,,,0.080500,0.093647,,,,0.533213,1.046082,1.911449,,,,,,
57732,,,,,,,,,0.109870,0.000000,,,5.755101,7.172339,,,,,,,,,,,,,,
57740,0.532860,1.047053,1.912957,0.493720,1.055241,1.803910,0.057283,0.463893,,,8.367030,10.476299,,,,,0.020845,0.034124,-0.109047,0.532878,1.047037,1.914821,,,,,,
57743,,,,,,,,,0.054935,1.304868,,,4.842341,7.123891,0.083531,0.091983,,,,,,,,,,,,
57750,,,,,,,,,,,,,,,,,,,,0.532569,1.048049,1.918203,,,,,,
57756,,,,,,,,,0.109870,1.304868,,,4.618888,7.627671,0.086515,0.087515,,,,,,,,,,,,
57760,,,,,,,,,0.082402,0.652434,,,4.430875,7.507008,0.089182,0.089316,,,,0.532283,1.048953,1.924941,,,,,,
57770,,,,,,,,,0.137337,-0.652434,,,5.361768,7.405482,0.080474,0.090945,,,,0.531980,1.049999,1.928278,,,,,,
57780,,,,,,,,,0.082402,0.652434,,,5.055934,7.320058,0.084195,0.092431,,,,0.531683,1.050892,1.938362,,,,,,
57789,0.531448,1.051640,1.945135,0.493026,1.057983,1.834226,0.056916,0.552984,,,,,,,,,,,,0.531451,1.051706,1.945095,,,,,,
57792,,,,,,,,,0.137337,0.652434,7.861120,10.433477,5.343149,7.792726,0.076767,0.087804,0.019953,0.033442,-0.110909,,,,,,,,,
57800,,,,,,,,,0.054935,1.304868,,,4.495725,7.645885,0.085914,0.089830,,,,0.531197,1.052615,1.951791,,,,,,
57810,,,,,,,,,0.054935,0.000000,,,4.327245,6.977789,0.088306,0.097202,,,,0.530822,1.053579,1.955098,,,,,,
57820,,,,,,,,,0.137337,0.652434,,,4.730030,7.504741,0.084904,0.092518,,,,0.530504,1.054546,1.961799,,,,,,
57829,,,,,,,,,,,,,,,0.087628,0.094136,,,,0.530171,1.055635,1.968385,,,,,,
57832,,,,,,,,,0.082402,0.652434,,,4.524390,7.403574,,,,,,,,,,,,,,
57840,0.529932,1.056315,1.978320,0.492255,1.060656,1.870770,0.056178,0.663826,0.054935,1.304868,7.226011,10.396887,,,,,0.018918,0.032871,-0.107551,0.529936,1.056395,1.978372,,,,,,
57843,,,,,,,,,,,,,3.806821,7.318453,0.089137,0.095237,,,,,,,,,,,,
57850,,,,,,,,,,,,,,,,,,,,0.529570,1.057253,1.984989,,,,,,
57856,,,,,,,,,0.137337,1.957303,,,3.747602,8.335918,0.090424,0.085474,,,,,,,,,,,,
57860,,,,,,,,,0.054935,0.000000,,,3.697775,7.558384,0.091628,0.093817,,,,0.529248,1.058215,1.991614,,,,,,
57869,,,,,,,,,,,,,,,0.087207,0.095504,,,,0.528968,1.059167,2.001489,,,,,,
57872,,,,,,,,,0.109870,0.000000,,,4.200394,7.448709,,,,,,,,,,,,,,
57880,,,,,,,,,0.109870,1.304868,,,4.078754,7.900973,0.089053,0.091480,,,,0.528678,1.060009,2.008002,,,,,,
57889,0.528261,1.060794,2.017043,,,,,,,,,,,,,,,,,0.528322,1.060748,2.014614,,,,,,
57892,,,,0.491397,1.063234,1.915204,0.055059,0.803411,0.054935,1.304868,6.551976,10.482430,3.431863,7.736964,0.089406,0.094525,0.018111,0.032201,-0.101838,,,,,,,,,
57900,,,,,,,,,0.082402,0.652434,,,3.432112,7.598967,0.090027,0.096482,,,,0.527954,1.061728,2.024393,,,,,,
57909,,,,,,,,,,,,,,,,,,,,0.527559,1.062741,2.034137,,,,,,
57915,,,,,,,,,0.137337,-0.652434,,,4.521409,8.027399,0.079540,0.092688,,,,,,,,,,,,
57920,,,,,,,,,0.082402,1.957303,,,3.804312,7.843339,0.087261,0.095057,,,,0.527140,1.063604,2.043808,,,,,,
57930,,,,,,,,,0.109870,1.304868,,,3.745491,8.233014,0.088410,0.091610,,,,0.526803,1.064424,2.050365,,,,,,
57940,0.526436,1.065191,2.061978,0.490443,1.065688,1.969753,0.053561,0.981310,,,5.778216,10.684142,4.240542,7.471800,0.076030,0.101882,0.017415,0.031503,-0.092225,0.526499,1.065147,2.060117,,,,,,
57943,,,,,,,,,0.082402,-0.652434,,,,,,,,,,,,,,,,,,
57950,,,,,,,,,0.082402,1.957303,,,3.567992,7.920402,0.083197,0.097948,,,,0.525993,1.066140,2.066542,,,,,,
57960,,,,,,,,,0.082402,0.652434,,,3.546651,7.753311,0.083857,0.100205,,,,0.525545,1.067154,2.072979,,,,,,
57970,,,,,,,,,,,,,,,,,,,,0.525077,1.068100,2.079301,,,,,,
57975,,,,,,,,,0.137337,1.957303,,,3.528695,8.701808,0.084486,0.091117,,,,,,,,,,,,
57980,,,,,,,,,0.082402,-0.652434,,,4.058130,7.866243,0.079536,0.100036,,,,0.524597,1.068979,2.088953,,,,,,
57990,0.524190,1.069782,2.092697,0.489385,1.067988,2.037383,0.051705,1.210460,,,4.549117,10.789365,,,,,0.015796,0.031066,-0.055313,0.524159,1.069868,2.098499,,,,,,
57993,,,,,,,,,0.082402,0.652434,,,3.959053,7.707743,0.068354,0.103290,,,,,,,,,,,,
58000,,,,,,,,,0.109870,2.609737,,,3.331147,8.663466,0.074877,0.094158,,,,0.523804,1.070607,2.108107,,,,,,
58010,,,,,,,,,,,,,,,,,,,,0.523360,1.071399,2.114501,,,,,,
58015,,,,,,,,,0.054935,0.000000,,,3.891913,8.923069,0.069400,0.091935,,,,,,,,,,,,
58020,,,,,,,,,0.137337,0.652434,,,3.819198,8.052412,0.070273,0.101189,,,,0.522864,1.072318,2.127186,,,,,,
58030,,,,,,,,,0.082402,1.957303,,,3.213473,8.408928,0.076598,0.098100,,,,0.522428,1.073237,2.136639,,,,,,
58040,0.521974,1.073996,2.152715,0.488211,1.070101,2.121984,0.049538,1.507672,,,3.455964,11.341433,3.248359,8.164357,0.065359,0.106701,0.015303,0.030346,-0.030731,0.521974,1.074064,2.149248,,,,,,
58043,,,,,,,,,0.082402,0.652434,,,,,,,,,,,,,,,,,,
58050,,,,,,,,,0.082402,1.957303,,,2.733169,8.503119,0.070655,0.103882,,,,0.521524,1.074821,2.158677,,,,,,
58060,,,,,,,,,0.082402,1.957303,,,2.299688,8.788153,0.075222,0.101542,,,,0.521108,1.075668,2.174299,,,,,,
58069,,,,,,,,,,,,,,,,,,,,0.520664,1.076464,2.189853,,,,,,
58075,,,,,,,,,0.109870,0.000000,,,2.479500,8.483437,0.073619,0.105161,,,,,,,,,,,,
58080,,,,,,,,,0.109870,2.609737,,,2.630794,9.316135,0.072271,0.097239,,,,0.520255,1.077216,2.208489,,,,,,
58090,0.519844,1.077886,2.231777,0.486912,1.071993,2.228410,0.047152,1.892688,0.054935,1.304868,2.327315,12.321649,,,,,0.015564,0.029614,-0.003367,0.519950,1.077840,2.227067,,,,,,
58093,,,,,,,,,,,,,2.213550,8.927682,0.065179,0.111604,,,,,,,,,,,,
58100,,,,,,,,,0.109870,1.304868,,,2.407024,9.145380,0.063229,0.110062,,,,0.519451,1.078601,2.242507,,,,,,
58110,,,,,,,,,0.082402,1.957303,,,2.025270,9.328551,0.067107,0.108829,,,,0.518857,1.079479,2.257809,,,,,,
58120,,,,,,,,,0.082402,1.957303,,,1.704062,9.482672,0.070443,0.107856,,,,0.518434,1.080235,2.276165,,,,,,
58129,,,,,,,,,,,,,,,,,,,,0.517918,1.080911,2.291386,,,,,,
58135,,,,,,,,,0.054935,1.304868,,,1.433797,9.067805,0.073325,0.112655,,,,,,,,,,,,
58139,0.517547,1.081431,2.311287,,,,,,,,,,,,,,,,,0.517498,1.081563,2.312594,,,,,,
58142,,,,0.485475,1.073627,2.361992,0.044707,2.382638,0.109870,2.609737,0.894697,13.617271,1.206397,9.807823,0.061210,0.118973,0.015877,0.028939,0.050705,,,,,,,,,
58150,,,,,,,,,0.109870,2.609737,,,1.015062,9.885931,0.063100,0.118938,,,,0.517036,1.082202,2.333709,,,,,,
58160,,,,,,,,,0.082402,1.957303,,,0.854073,10.496194,0.064718,0.113460,,,,0.516540,1.082906,2.354696,,,,,,
58169,,,,,,,,,,,,,,,,,,,,0.516081,1.083528,2.375658,,,,,,
58175,,,,,,,,,0.054935,1.304868,,,0.718617,9.920583,0.066107,0.119956,,,,,,,,,,,,
58180,,,,,,,,,0.109870,2.609737,,,0.604644,10.525350,0.067305,0.114526,,,,0.515476,1.084187,2.396493,,,,,,
58189,0.514789,1.084818,2.419312,0.483888,1.074964,2.526808,0.042455,2.975507,,,,,,,,,,,,0.514899,1.084779,2.417255,,,,,,
58192,,,,,,,,,0.109870,2.609737,-0.664966,15.318578,0.508748,11.034201,0.052433,0.127308,0.016671,0.027822,0.107495,,,,,,,,,
58199,,,,,,,,,,,,,,,,,,,,0.514298,1.085491,2.440878,,,,,,
58202,,,,,,,,,0.082402,1.957303,,,0.428060,10.917805,0.053021,0.129352,,,,,,,,,,,,
58210,,,,,,,,,0.109870,2.609737,,,0.360170,10.819869,0.053495,0.131231,,,,0.513658,1.086199,2.461464,,,,,,
58220,,,,,,,,,0.082402,1.957303,,,0.303047,11.282009,0.053872,0.127417,,,,0.513066,1.086833,2.484937,,,,,,
58229,,,,,,,,,,,,,,,,,,,,0.512416,1.087435,2.508234,,,,,,
58235,,,,,,,,,0.082402,1.957303,,,0.254983,12.215397,0.054169,0.118704,,,,,,,,,,,,
58240,0.511678,1.088014,2.530287,0.482140,1.075965,2.721994,0.040772,3.615962,,,-2.417276,17.136831,,,,,0.017274,0.026820,0.191707,0.511688,1.088071,2.531488,,,,,,
58243,,,,,,,,,0.109870,2.609737,,,0.214543,11.367120,0.036524,0.146523,,,,,,,,,,,,
58250,,,,,,,,,0.137337,3.262171,,,0.180517,12.287009,0.036345,0.138294,,,,0.510952,1.088699,2.557547,,,,,,
58259,,,,,,,,,,,,,,,,,,,,0.510204,1.089332,2.580616,,,,,,
58262,,,,,,,,,0.109870,2.609737,,,0.151887,12.516460,0.036117,0.136923,,,,,,,,,,,,
58270,,,,,,,,,0.109870,2.609737,,,0.127797,12.709521,0.035849,0.135878,,,,0.509434,1.089960,2.609399,,,,,,
58279,,,,,,,,,,,,,,,,,,,,0.508526,1.090632,2.635163,,,,,,
58282,,,,,,,,,0.109870,2.609737,,,0.107529,12.871963,0.035547,0.135107,,,,,,,,,,,,
58289,,,,,,,,,,,,,,,,,,,,0.507621,1.091264,2.660892,,,,,,
58295,0.507568,1.091231,2.660882,0.480216,1.076586,2.937478,0.040160,4.158078,0.109870,2.609737,-3.972636,18.634319,0.090475,13.008640,0.035216,0.134566,0.017480,0.025633,0.276596,,,,,,,,,
58300,,,,,,,,,0.137337,3.262171,,,0.076125,13.668184,0.018996,0.143938,,,,0.506696,1.091911,2.689333,,,,,,
58310,,,,,,,,,0.137337,3.262171,,,0.064052,14.223125,0.018309,0.139271,,,,0.505713,1.092551,2.717687,,,,,,
58319,,,,,,,,,,,,,,,0.017606,0.140945,,,,0.504654,1.093236,2.748726,,,,,,
58322,,,,,,,,,0.109870,2.609737,,,0.053893,14.145508,,,,,,,,,,,,,,
58330,,,,,,,,,,,,,,,,,,,,0.503558,1.093846,2.779683,,,,,,
58336,,,,,,,,,0.192272,4.567039,,,0.045346,15.713831,0.016888,0.125846,,,,,,,,,,,,
58340,0.502014,1.094514,2.817224,0.478104,1.076784,-3.128849,0.041167,4.395011,0.054935,1.304868,-4.797364,19.223015,,,,,0.017012,0.024426,0.337112,0.502325,1.094494,2.810627,,,,,,
58343,,,,,,,,,,,,,0.038154,14.310701,0.007745,0.146747,,,,,,,,,,,,
58350,,,,,,,,,0.164805,3.914605,,,0.032103,15.308282,0.006840,0.137554,,,,0.501115,1.095070,2.844250,,,,,,
58360,,,,,,,,,0.137337,3.262171,,,0.027011,15.603103,0.005926,0.135330,,,,0.499857,1.095646,2.877762,,,,,,
58370,,,,,,,,,0.137337,3.262171,,,0.022727,15.851165,0.005005,0.133523,,,,0.498574,1.096208,2.908426,,,,,,
58373,,,,,,,,,,,,,,,,,,,,0.498574,1.096208,2.908426,,,,,,
58380,,,,,,,,,0.137337,3.262171,,,0.019123,16.059883,0.004077,0.132069,,,,0.497207,1.096696,2.941810,,,,,,
58391,0.497052,1.096654,2.945042,0.475789,1.076514,-2.930187,0.044228,4.210580,,,-4.353613,18.946020,0.016090,16.235500,0.007671,0.128085,0.016920,0.023904,0.407955,,,,,,,,,
58398,,,,,,,,,0.247207,5.871908,,,,,,,,,,0.494588,1.097571,3.008500,,,,,,
58402,,,,,,,,,0.054935,1.304868,,,0.013538,16.383265,0.006823,0.127120,,,,,,,,,,,,
58410,,,,,,,,,0.109870,2.609737,,,0.011391,16.507593,0.005972,0.126364,,,,0.493241,1.097857,3.044504,,,,,,
58420,,,,,,,,,0.164805,3.914605,,,0.009584,17.156746,0.005117,0.120230,,,,0.491868,1.098185,3.077807,,,,,,
58430,,,,,,,,,,,,,,,,,,,,0.490482,1.098464,3.111027,,,,,,
58435,,,,,,,,,0.109870,2.609737,,,0.008064,16.613857,0.004260,0.126126,,,,,,,,,,,,
58440,0.489310,1.098567,3.138443,0.473257,1.075730,-2.761071,0.049521,3.697837,,,-2.968482,17.697786,,,,,0.015981,0.022887,0.383671,0.489100,1.098679,-3.138978,,,,,,
58443,,,,,,,,,0.137337,3.262171,,,0.006785,16.701612,0.017529,0.112965,,,,,,,,,,,,
58450,,,,,,,,,0.164805,3.914605,,,0.005709,17.319994,0.016945,0.106857,,,,0.487764,1.098881,-3.105765,,,,,,
58460,,,,,,,,,0.137337,3.262171,,,0.004804,17.295757,0.016359,0.107180,,,,0.486314,1.099005,-3.072571,,,,,,
58470,,,,,,,,,0.137337,3.262171,,,0.004042,16.730822,0.015773,0.113022,,,,0.484860,1.099042,-3.042099,,,,,,
58480,,,,,,,,,0.109870,2.609737,,,0.003401,16.800028,0.015185,0.112510,,,,0.483532,1.099040,-3.008805,,,,,,
58490,0.482347,1.098995,-2.978774,0.470494,1.074382,-2.623301,0.056979,3.062495,,,-0.954289,16.454632,,,,,0.015686,0.022366,0.355473,0.482211,1.099067,-2.975523,,,,,,
58493,,,,,,,,,0.164805,3.914605,,,0.002861,17.402800,0.035140,0.093861,,,,,,,,,,,,
58500,,,,,,,,,0.109870,2.609737,,,0.002408,16.820887,0.034954,0.099607,,,,0.480915,1.099065,-2.944974,,,,,,
58510,,,,,,,,,0.109870,2.609737,,,0.002026,16.331264,0.034766,0.104528,,,,0.479657,1.098987,-2.914308,,,,,,
58520,,,,,,,,,0.109870,2.609737,,,0.001704,15.919296,0.034578,0.108754,,,,0.478343,1.098879,-2.886444,,,,,,
58530,,,,,,,,,0.137337,3.262171,,,0.001434,16.117210,0.034390,0.106843,,,,0.477058,1.098745,-2.855726,,,,,,
58540,0.475754,1.098424,-2.826710,0.467484,1.072424,-2.513171,0.066405,2.462041,0.137337,3.262171,1.276033,15.572367,,,,,0.015915,0.022161,0.313538,0.475760,1.098524,-2.827721,,,,,,
58543,,,,,,,,,,,,,0.001207,16.283735,0.056950,0.096213,,,,,,,,,,,,
58555,,,,,,,,,0.082402,1.957303,,,0.001015,15.334763,0.057207,0.105750,,,,,,,,,,,,
58561,,,,,,,,,0.137337,3.262171,,,0.000854,15.625383,0.057464,0.102833,,,,,,,,,,,,
58570,,,,,,,,,0.109870,2.609737,,,0.000719,15.325368,0.057720,0.105883,,,,0.472300,1.097869,-2.743330,,,,,,
58580,,,,,,,,,0.109870,2.609737,,,0.000605,15.072935,0.057976,0.108507,,,,0.471254,1.097522,-2.715051,,,,,,
58590,0.470133,1.097081,-2.690070,0.464212,1.069805,-2.425380,0.077587,1.961403,0.137337,3.262171,3.697283,15.354753,,,,,0.017229,0.021958,0.264691,0.470086,1.097144,-2.689506,,,,,,
58593,,,,,,,,,,,,,0.000509,15.405082,0.082929,0.102999,,,,,,,,,,,,
58600,,,,,,,,,0.082402,1.957303,,,0.000428,14.595464,0.083669,0.111247,,,,0.469001,1.096802,-2.663903,,,,,,
58610,,,,,,,,,0.137337,3.262171,,,0.000360,15.003337,0.084409,0.107239,,,,0.467892,1.096410,-2.638222,,,,,,
58620,,,,,,,,,0.109870,2.609737,,,0.000303,14.801978,0.085149,0.109363,,,,0.466808,1.096031,-2.609616,,,,,,
58630,,,,,,,,,0.109870,2.609737,,,0.000255,14.632555,0.085889,0.111202,,,,0.465851,1.095582,-2.583748,,,,,,
58641,0.465809,1.095481,-2.581721,0.460664,1.066476,-2.354971,0.090344,1.566950,0.082402,1.957303,6.264843,15.855829,0.000215,13.945459,0.112818,0.123465,0.019763,0.021844,0.226749,0.464891,1.095086,-2.560667,,,,,,
58650,,,,,,,,,,,,,,,,,,,,0.463872,1.094609,-2.531719,,,,,,
58655,,,,,,,,,0.109870,2.609737,,,0.000181,13.911880,0.114072,0.124190,,,,,,,,,,,,
58660,,,,,,,,,0.137337,3.262171,,,0.000152,14.428170,0.115325,0.119313,,,,0.462943,1.094133,-2.508454,,,,,,
58670,,,,,,,,,0.137337,1.957303,,,0.544671,14.318033,0.111024,0.120722,,,,0.462000,1.093586,-2.482158,,,,,,
58680,,,,,,,,,0.109870,2.609737,,,0.458286,14.225364,0.113049,0.121974,,,,0.460995,1.092926,-2.458704,,,,,,
58690,0.460050,1.092275,-2.436491,0.456824,1.062387,-2.297939,0.104541,1.262698,0.137337,3.262171,8.797603,16.422548,,,,,0.021827,0.020670,0.138553,0.459930,1.092276,-2.435141,,,,,,
58693,,,,,,,,,,,,,0.385602,14.691936,0.140786,0.123322,,,,,,,,,,,,
58702,,,,,,,,,0.109870,1.304868,,,0.868989,13.995422,0.137537,0.130772,,,,,,,,,,,,
58711,,,,,,,,,0.164805,2.609737,,,1.275710,14.498463,0.134975,0.126127,,,,,,,,,,,,
58720,,,,,,,,,0.164805,1.304868,,,2.162469,14.377177,0.127434,0.127749,,,,0.456789,1.090150,-2.366852,,,,,,
58730,,,,,,,,,0.137337,1.957303,,,2.364044,14.275127,0.126705,0.129199,,,,0.455571,1.089115,-2.351836,,,,,,
58740,0.454430,1.088059,-2.336970,0.452677,1.057489,-2.251212,0.120075,1.028771,,,10.944850,17.083811,,,,,0.023243,0.019934,0.085757,0.454374,1.088104,-2.336818,,,,,,
58743,,,,,,,,,0.164805,0.000000,,,3.078193,13.644720,0.142609,0.142803,,,,,,,,,,,,
58750,,,,,,,,,0.192272,1.957303,,,4.223620,14.203382,0.132499,0.137793,,,,0.453135,1.087068,-2.318747,,,,,,
58760,,,,,,,,,0.192272,1.957303,,,4.642840,14.673439,0.129568,0.133574,,,,0.451813,1.085775,-2.303579,,,,,,
58770,,,,,,,,,,,,,,,,,,,,0.450558,1.084628,-2.291441,,,,,,
58775,,,,,,,,,0.247207,1.957303,,,5.540114,15.613489,0.121676,0.124468,,,,,,,,,,,,
58780,,,,,,,,,0.137337,0.652434,,,5.750538,14.770818,0.120610,0.133357,,,,0.449125,1.083201,-2.279214,,,,,,
58790,0.447957,1.081956,-2.267393,0.448209,1.051732,-2.212492,0.136866,0.847881,,,12.505375,17.526264,,,,,,,,0.447791,1.081858,-2.264008,,,,,,
58793,,,,,,,,,0.192272,1.957303,,,5.927588,14.606337,0.135761,0.140010,0.023021,0.019585,0.054901,,,,,,,,,
58800,,,,,,,,,0.219740,0.000000,,,7.165645,15.012486,0.124448,0.136452,,,,0.446379,1.080230,-2.254801,,,,,,
58810,,,,,,,,,,,,,,,,,,,,0.445013,1.078789,-2.242491,,,,,,
58815,,,,,,,,,0.219740,0.000000,,,8.207345,16.443306,0.114891,0.122360,,,,,,,,,,,,
58820,,,,,,,,,0.219740,2.609737,,,7.994745,15.469025,0.117919,0.132514,,,,0.443524,1.077076,-2.230203,,,,,,
58830,,,,,,,,,0.219740,1.304868,,,8.360407,15.738351,0.115091,0.130179,,,,0.442158,1.075227,-2.220906,,,,,,
58840,0.440787,1.073494,-2.208027,0.443404,1.045068,-2.180059,0.154849,0.706616,0.192272,0.652434,13.619488,17.704491,,,,,0.021290,0.019016,0.027968,0.440750,1.073511,-2.208565,,,,,,
58843,,,,,,,,,,,,,8.668075,15.420419,0.124146,0.135597,,,,,,,,,,,,
58850,,,,,,,,,0.302142,0.652434,,,9.471490,16.241997,0.116941,0.127674,,,,0.439294,1.071699,-2.199256,,,,,,
58860,,,,,,,,,0.219740,1.304868,,,10.147483,16.388729,0.110876,0.126470,,,,0.437822,1.069851,-2.189900,,,,,,
58870,,,,,,,,,,,,,,,,,,,,0.436383,1.067964,-2.180547,,,,,,
58875,,,,,,,,,0.192272,0.652434,,,10.171721,15.967648,0.111323,0.131028,,,,,,,,,,,,
58880,,,,,,,,,0.274675,1.304868,,,10.736657,16.702436,0.106250,0.123880,,,,0.434932,1.066031,-2.167996,,,,,,
58890,0.433421,1.063962,-2.157302,0.438249,1.037450,-2.152619,0.173967,0.595020,,,14.688887,17.974319,,,,,,,,0.433463,1.064123,-2.158632,,,,,,
58893,,,,,,,,,0.219740,1.304868,,,10.667452,16.776144,0.118441,0.126081,0.019409,0.018694,0.004683,,,,,,,,,
58900,,,,,,,,,0.274675,1.304868,,,11.153766,17.382704,0.114284,0.120134,,,,0.432008,1.062196,-2.146051,,,,,,
58910,,,,,,,,,0.247207,0.652434,,,11.562950,17.348520,0.110818,0.120601,,,,0.430616,1.060256,-2.136519,,,,,,
58920,,,,,,,,,0.247207,1.957303,,,11.362695,17.864302,0.113486,0.115465,,,,0.429186,1.058216,-2.123930,,,,,,
58930,,,,,,,,,,,,,,,,,,,,0.427766,1.056113,-2.114449,,,,,,
58946,0.427705,1.055883,-2.109833,0.432729,1.028831,-2.129194,0.194166,0.505812,-0.000000,0.000000,16.669283,19.205305,,,0.097189,0.084736,0.020637,0.018197,-0.019361,,,,,,,,,
58949,,,,,,,,,,,,,12.626048,18.603422,0.121797,0.119923,,,,0.425180,1.052051,-2.095311,,,,,,
58952,,,,,,,,,0.357077,5.871907,,,11.712642,16.742002,0.131923,0.139030,,,,,,,,,,,,
58960,,,,,,,,,0.247207,0.652434,,,12.033188,16.809435,0.129644,0.138835,,,,0.423987,1.049971,-2.088914,,,,,,
58970,,,,,,,,,0.247207,0.652434,,,12.302896,16.866173,0.127821,0.138735,,,,0.422690,1.047852,-2.082506,,,,,,
58980,,,,,,,,,0.247207,0.652434,,,12.529827,16.913912,0.126379,0.138716,,,,0.421441,1.045692,-2.072888,,,,,,
58990,,,,,,,,,,,,,,,,,,,,0.420143,1.043521,-2.066449,,,,,,
58996,0.420260,1.043659,-2.067352,0.426832,1.019168,-2.109033,0.215391,0.433673,0.329610,-1.304868,17.709005,19.543089,12.720768,16.954079,0.135865,0.142210,0.018403,0.017446,-0.041680,,,,,,,,,
59000,,,,,,,,,0.219740,2.609737,,,12.881425,17.532419,0.135224,0.136829,,,,0.418940,1.041343,-2.060035,,,,,,
59010,,,,,,,,,0.247207,0.652434,,,13.561145,17.474491,0.129256,0.137822,,,,0.417616,1.038929,-2.056767,,,,,,
59020,,,,,,,,,0.302142,0.652434,,,14.133061,17.970293,0.124252,0.133178,,,,0.416393,1.036580,-2.050353,,,,,,
59030,,,,,,,,,,,,,,,,,,,,0.415088,1.034229,-2.043852,,,,,,
59035,,,,,,,,,0.192272,0.652434,,,13.525186,17.298374,0.131168,0.140347,,,,,,,,,,,,
59040,0.413956,1.032142,-2.040113,0.420546,1.008418,-2.091552,0.237587,0.374696,,,19.279680,20.604662,,,,,0.018178,0.016607,-0.051439,0.413786,1.031867,-2.040606,,,,,,
59043,,,,,,,,,0.302142,0.652434,,,14.102805,18.366652,0.142133,0.140727,,,,,,,,,,,,
59050,,,,,,,,,0.329610,0.000000,,,15.133358,18.176414,0.132657,0.143115,,,,0.412574,1.029397,-2.034123,,,,,,
59061,,,,,,,,,0.274675,1.304868,,,14.911378,18.560892,0.135751,0.139679,,,,,,,,,,,,
59066,,,,,,,,,,,,,,,,,,,,0.411329,1.026929,-2.027637,,,,,,
59070,,,,,,,,,0.274675,0.000000,,,15.269147,18.339848,0.132975,0.142343,,,,0.410136,1.024330,-2.024326,,,,,,
59080,,,,,,,,,0.302142,0.652434,,,15.570174,18.698404,0.130707,0.139138,,,,0.408858,1.021727,-2.021093,,,,,,
59090,0.407482,1.018937,-2.020000,0.413858,0.996541,-2.076300,0.260695,0.325983,,,20.704624,21.621065,,,,,0.017405,0.015469,-0.056300,0.407496,1.018971,-2.021145,,,,,,
59093,,,,,,,,,0.302142,0.652434,,,15.823459,19.000093,0.143400,0.146810,,,,,,,,,,,,
59102,,,,,,,,,0.302142,-0.652434,,,16.581116,18.709393,0.136648,0.150299,,,,,,,,,,,,
59111,,,,,,,,,0.302142,0.652434,,,16.674065,19.009340,0.136524,0.147822,,,,,,,,,,,,
59120,,,,,,,,,0.329610,0.000000,,,17.296816,19.261715,0.130978,0.145770,,,,0.403689,1.010702,-2.008049,,,,,,
59130,,,,,,,,,0.302142,0.652434,,,17.276255,19.474064,0.131870,0.144076,,,,0.402386,1.007989,-2.004773,,,,,,
59140,0.401045,1.005226,-2.000325,0.406758,0.983501,-2.062909,0.284652,0.285366,,,22.389046,22.894524,,,,,0.017372,0.014241,-0.062584,0.401037,1.005225,-2.001511,,,,,,
59143,,,,,,,,,0.302142,-0.652434,,,17.803497,19.108191,0.144359,0.161226,,,,,,,,,,,,
59150,,,,,,,,,,,,,,,,,,,,0.399583,1.002417,-1.998190,,,,,,
59156,,,,,,,,,0.384545,3.914605,,,17.158033,21.523062,0.151859,0.137352,,,,,,,,,,,,
59160,,,,,,,,,0.274675,-1.304868,,,17.704027,20.287674,0.147336,0.150227,,,,0.398194,0.999458,-1.991575,,,,,,
59170,,,,,,,,,0.329610,0.000000,,,18.163425,20.337305,0.143588,0.150242,,,,0.396746,0.996346,-1.984971,,,,,,
59180,,,,,,,,,0.329610,1.304868,,,18.005421,20.923609,0.146044,0.144774,,,,0.395260,0.993320,-1.981664,,,,,,
59191,0.395206,0.993046,-1.977756,0.399237,0.969263,-2.051092,0.309390,0.251203,0.274675,0.000000,24.969469,24.987984,17.872475,20.327837,0.174597,0.172598,0.020245,0.013115,-0.073337,,,,,,,,,
59199,,,,,,,,,,,,,,,,,,,,0.393706,0.990304,-1.974978,,,,,,
59202,,,,,,,,,0.466947,0.652434,,,18.849701,21.460186,0.166049,0.161980,,,,,,,,,,,,
59210,,,,,,,,,0.329610,1.304868,,,19.127396,21.868401,0.164441,0.158522,,,,0.390548,0.984120,-1.961671,,,,,,
59220,,,,,,,,,0.357077,-0.652434,,,19.905590,22.211872,0.157671,0.155642,,,,0.388987,0.980967,-1.954945,,,,,,
59230,,,,,,,,,0.384545,1.304868,,,20.015820,23.045412,0.157560,0.147695,,,,0.387404,0.977441,-1.951584,,,,,,
59240,0.386047,0.973943,-1.942162,0.391285,0.953796,-2.040615,0.334834,0.222233,,,25.961220,25.181202,,,,,0.016873,0.012192,-0.098454,0.385856,0.973831,-1.944876,,,,,,
59243,,,,,,,,,0.329610,0.000000,,,20.108566,22.657665,0.167720,0.154010,,,,,,,,,,,,
59250,,,,,,,,,,,,,,,,,,,,0.384325,0.970435,-1.941524,,,,,,
59256,,,,,,,,,0.384545,0.000000,,,22.909321,25.054131,0.140323,0.130070,,,,,,,,,,,,
59260,,,,,,,,,0.439480,0.000000,,,21.454073,23.258715,0.155777,0.148409,,,,0.382796,0.966923,-1.938155,,,,,,
59270,,,,,,,,,0.384545,0.000000,,,21.863256,23.381681,0.152505,0.147539,,,,0.381284,0.963243,-1.938112,,,,,,
59280,,,,,,,,,0.412012,0.652434,,,22.207544,24.029690,0.149813,0.141290,,,,0.379883,0.959606,-1.934809,,,,,,
59290,0.378580,0.955733,-1.929608,0.382895,0.937074,-2.031286,0.360907,0.197485,,,27.504274,26.350847,,,,,0.015955,0.010592,-0.101679,0.378555,0.955833,-1.931445,,,,,,
59293,,,,,,,,,0.329610,0.000000,,,21.952684,23.485838,0.168902,0.158998,,,,,,,,,,,,
59300,,,,,,,,,0.439480,0.000000,,,22.827332,24.117327,0.161091,0.153129,,,,0.377255,0.951977,-1.934768,,,,,,
59310,,,,,,,,,0.412012,-0.652434,,,23.563259,24.104118,0.154520,0.153711,,,,0.375798,0.948050,-1.934785,,,,,,
59320,,,,,,,,,0.412012,0.652434,,,23.637926,24.093004,0.154547,0.154273,,,,0.374290,0.944206,-1.938145,,,,,,
59330,,,,,,,,,0.412012,-0.652434,,,24.245293,24.628197,0.149125,0.149266,,,,0.372897,0.940373,-1.941539,,,,,,
59340,0.371436,0.936626,-1.946375,0.374062,0.919073,-2.022949,0.387525,0.176195,,,28.889147,28.052971,,,,,0.015366,0.008882,-0.076573,0.371471,0.936632,-1.944924,,,,,,
59343,,,,,,,,,0.357077,-0.652434,,,24.211788,23.989420,0.164244,0.173488,,,,,,,,,,,,
59350,,,,,,,,,,,,,,,,,,,,0.369893,0.932613,-1.948240,,,,,,
59356,,,,,,,,,0.439480,0.000000,,,26.906315,26.719213,0.137695,0.146457,,,,,,,,,,,,
59360,,,,,,,,,0.439480,0.000000,,,24.817142,24.659716,0.159401,0.167730,,,,0.368330,0.928642,-1.951566,,,,,,
59370,,,,,,,,,0.439480,0.000000,,,25.237486,25.105026,0.155928,0.163867,,,,0.366768,0.924637,-1.951635,,,,,,
59380,,,,,,,,,0.412012,-0.652434,,,25.591164,24.935167,0.153051,0.166189,,,,0.365138,0.920463,-1.958307,,,,,,
59392,0.365009,0.920220,-1.960043,0.364780,0.899775,-2.015471,0.414598,0.157764,0.384545,0.000000,31.477852,30.956417,25.344204,24.792250,0.182635,0.197885,0.019003,0.007547,-0.055428,0.363549,0.916484,-1.958307,,,,,,
59400,,,,,,,,,0.494415,0.000000,,,26.225498,25.761086,0.174872,0.189236,,,,0.361824,0.912299,-1.958285,,,,,,
59415,,,,,,,,,0.384545,0.000000,,,25.877934,25.487177,0.179468,0.193069,,,,0.360139,0.908257,-1.958231,,,,,,
59420,,,,,,,,,0.549350,0.000000,,,27.219122,26.890339,0.166908,0.179851,,,,0.358315,0.904102,-1.958231,,,,,,
59430,,,,,,,,,0.439480,0.000000,,,27.258511,26.981873,0.167358,0.179730,,,,0.356565,0.899725,-1.958231,,,,,,
59440,0.354873,0.895700,-1.955292,0.355046,0.879164,-2.008744,0.442034,0.141710,,,32.209045,31.552223,,,,,0.015264,0.006363,-0.053452,0.354707,0.895317,-1.954857,,,,,,
59443,,,,,,,,,0.466947,1.957303,,,26.747110,28.147976,0.180876,0.174708,,,,,,,,,,,,
59450,,,,,,,,,0.494415,-1.304868,,,27.950447,28.040049,0.169694,0.176490,,,,0.352720,0.890729,-1.954882,,,,,,
59460,,,,,,,,,0.466947,-0.652434,,,28.418392,27.949240,0.165773,0.178118,,,,0.350944,0.886253,-1.951566,,,,,,
59470,,,,,,,,,,,,,,,,,,,,0.349139,0.881891,-1.954908,,,,,,
59476,,,,,,,,,0.549350,-2.609737,,,30.445749,30.595549,0.145852,0.151847,,,,,,,,,,,,
59480,,,,,,,,,0.412012,1.957303,,,28.884308,27.921263,0.162131,0.179316,,,,0.347397,0.877497,-1.958303,,,,,,
59490,0.345709,0.873229,-1.949764,0.344859,0.857232,-2.002677,0.469732,0.127649,,,33.996078,33.175022,,,,,0.015177,0.005129,-0.052914,0.345505,0.872948,-1.958221,,,,,,
59493,,,,,,,,,0.412012,0.652434,,,28.115055,27.849293,0.188870,0.197329,,,,,,,,,,,,
59500,,,,,,,,,0.576817,-0.652434,,,29.645979,28.877823,0.174431,0.187903,,,,0.343530,0.868399,-1.961555,,,,,,
59510,,,,,,,,,,,,,,,,,,,,0.341617,0.863944,-1.961555,,,,,,
59516,,,,,,,,,0.439480,0.000000,,,29.300468,28.654142,0.178825,0.191044,,,,,,,,,,,,
59520,,,,,,,,,0.549350,0.000000,,,30.098843,29.555023,0.171621,0.182759,,,,0.339785,0.859550,-1.961663,,,,,,
59530,,,,,,,,,0.494415,0.000000,,,30.226051,29.768482,0.171103,0.181306,,,,0.337857,0.855102,-1.964971,,,,,,
59541,0.337746,0.854696,-1.963696,0.334219,0.833974,-1.997194,0.497590,0.115267,0.439480,0.000000,37.032040,36.659691,29.788542,29.403543,0.207287,0.221253,0.020494,0.004675,-0.033498,0.335946,0.850690,-1.964949,,,,,,
59551,,,,,,,,,0.604285,0.000000,,,31.054050,30.185570,0.195827,0.214727,,,,0.333929,0.846073,-1.968275,,,,,,
59560,,,,,,,,,0.521882,0.652434,,,31.029762,30.843567,0.197270,0.209311,,,,0.331879,0.841510,-1.968303,,,,,,
59570,,,,,,,,,,,,,,,,,,,,0.329856,0.836805,-1.968328,,,,,,
59575,,,,,,,,,0.466947,-0.652434,,,31.009327,30.852661,0.198679,0.210381,,,,,,,,,,,,
59580,,,,,,,,,0.604285,0.000000,,,32.081219,31.949400,0.188950,0.200356,,,,0.327851,0.831995,-1.968366,,,,,,
59590,0.325810,0.826785,-1.968005,0.323126,0.809388,-1.992227,0.525503,0.104310,,,37.730423,37.546230,,,,,0.017081,0.004255,-0.024221,0.325777,0.826785,-1.968399,,,,,,
59593,,,,,,,,,0.439480,0.000000,,,31.349480,31.238567,0.204528,0.217591,,,,,,,,,,,,
59602,,,,,,,,,0.631752,-0.652435,,,32.911968,32.274101,0.189867,0.208290,,,,,,,,,,,,
59611,,,,,,,,,0.576817,0.652434,,,33.137558,33.145401,0.188529,0.200457,,,,,,,,,,,,
59620,,,,,,,,,0.549350,0.000000,,,33.327370,33.333969,0.187512,0.199414,,,,0.319310,0.811806,-1.968399,,,,,,
59630,,,,,,,,,,,,,,,,,,,,0.317179,0.806738,-1.968413,,,,,,
59636,,,,,,,,,0.494415,0.000000,,,32.942532,32.948086,0.192318,0.204193,,,,,,,,,,,,
59640,0.314915,0.801797,-1.968337,0.311584,0.783482,-1.987720,0.553360,0.094567,0.549350,0.000000,39.745216,39.635807,,,,,0.018176,0.004019,-0.019383,0.314793,0.801596,-1.968366,,,,,,
59643,,,,,,,,,,,,,33.163273,33.167946,0.211575,0.224183,,,,,,,,,,,,
59650,,,,,,,,,0.714155,0.000000,,,34.438091,34.986568,0.199888,0.206927,,,,0.312466,0.796393,-1.968366,,,,,,
59660,,,,,,,,,0.576817,0.652434,,,34.966179,35.427670,0.195563,0.203358,,,,0.310194,0.791222,-1.965073,,,,,,
59670,,,,,,,,,0.604285,0.000000,,,34.865971,35.254269,0.197541,0.205968,,,,0.307845,0.785906,-1.965088,,,,,,
59679,,,,,,,,,,,,,,,0.193822,0.202778,,,,0.305375,0.780448,-1.965041,,,,,,
59682,,,,,,,,,0.549350,0.000000,,,35.326199,35.652912,,,,,,,,,,,,,,
59695,0.303012,0.775106,-1.962255,0.299598,0.756265,-1.983626,0.581048,0.085864,,,41.700741,41.442505,,,,,0.018718,0.004033,-0.021370,0.302894,0.774981,-1.961697,,,,,,
59698,,,,,,,,,0.988829,0.000000,,,39.525238,39.800133,0.171822,0.179701,,,,0.300546,0.769517,-1.958324,,,,,,
59702,,,,,,,,,0.247207,0.652434,,,35.434704,35.666000,0.213981,0.222198,,,,,,,,,,,,
59710,,,,,,,,,0.604285,0.000000,,,35.804729,36.543888,0.211460,0.214399,,,,0.298219,0.764250,-1.954990,,,,,,
59720,,,,,,,,,0.604285,0.000000,,,36.116070,36.737999,0.209463,0.213399,,,,0.295748,0.758800,-1.958338,,,,,,
59730,,,,,,,,,,,,,,,,,,,,0.293268,0.753297,-1.955061,,,,,,
59735,,,,,,,,,0.494415,0.000000,,,35.288944,35.812237,0.219017,0.223782,,,,,,,,,,,,
59740,0.291058,0.748188,-1.955620,0.287175,0.727754,-1.979902,0.608455,0.078055,,,43.975903,43.531998,,,,,0.020397,0.004072,-0.024282,0.290826,0.747816,-1.955011,,,,,,
59743,,,,,,,,,0.631752,0.652435,,,35.682087,36.666931,0.239496,0.237503,,,,,,,,,,,,
59750,,,,,,,,,0.741622,0.652433,,,37.101967,37.930614,0.226672,0.225987,,,,0.288341,0.742070,-1.954970,,,,,,
59760,,,,,,,,,0.631752,-0.652435,,,37.752110,38.449333,0.221415,0.221816,,,,0.285747,0.735999,-1.954979,,,,,,
59769,,,,,,,,,,,,,,,,,,,,0.283315,0.729963,-1.954933,,,,,,
59772,,,,,,,,,0.659220,0.000000,,,38.299137,38.341240,0.217080,0.223935,,,,,,,,,,,,
59780,,,,,,,,,0.631752,-0.652435,,,38.759407,38.794834,0.213521,0.220347,,,,0.280596,0.723888,-1.958231,,,,,,
59789,,,,,,,,,,,,,,,,,,,,0.278092,0.717904,-1.961524,,,,,,
59795,0.278314,0.718309,-1.961029,0.274323,0.697971,-1.976512,0.635463,0.071019,0.549350,0.000000,45.511997,45.345615,38.057590,38.087399,0.221723,0.228510,0.020328,0.004046,-0.015483,,,,,,,,,
59800,,,,,,,,,0.769089,-1.304867,,,39.645256,39.125793,0.222380,0.237506,,,,0.275439,0.711522,-1.961481,,,,,,
59810,,,,,,,,,0.659220,1.304869,,,39.892033,39.999500,0.221037,0.229838,,,,0.272815,0.705326,-1.961395,,,,,,
59820,,,,,,,,,0.714155,0.000000,,,40.644215,40.190094,0.214488,0.228963,,,,0.270333,0.699195,-1.961579,,,,,,
59829,,,,,,,,,,,,,,,,,,,,0.267872,0.693095,-1.964957,,,,,,
59832,,,,,,,,,0.659220,-1.304869,,,41.277100,40.350460,0.209006,0.228359,,,,,,,,,,,,
59840,0.265033,0.686738,-1.973133,0.261053,0.666942,-1.973426,0.661957,0.064652,,,46.726826,47.140251,,,,,0.019773,0.004089,-0.000294,0.265043,0.686605,-1.968266,,,,,,
59843,,,,,,,,,0.686687,-1.957303,,,42.354149,39.940845,0.211259,0.251841,,,,,,,,,,,,
59850,,,,,,,,,,,,,,,,,,,,0.262285,0.680013,-1.971556,,,,,,
59856,,,,,,,,,0.631752,1.957303,,,44.894009,45.041630,0.186227,0.201253,,,,,,,,,,,,
59860,,,,,,,,,0.796557,0.652434,,,41.585617,41.709824,0.220339,0.235657,,,,0.259584,0.673586,-1.971556,,,,,,
59870,,,,,,,,,0.686687,-0.652435,,,42.069195,41.629158,0.216435,0.237566,,,,0.256973,0.667223,-1.968266,,,,,,
59880,,,,,,,,,0.741622,0.652433,,,42.476078,42.650372,0.213216,0.228252,,,,0.254273,0.661046,-1.968297,,,,,,
59889,0.251431,0.654453,-1.962957,,,,,,,,,,,,,,,,,0.251470,0.654640,-1.965012,,,,,,
59892,,,,0.247376,0.634701,-1.970617,0.687820,0.058868,,,48.527058,48.586735,,,,,0.019802,0.003802,-0.007659,,,,,,,,,
59897,,,,,,,,,0.576817,0.652434,,,41.184799,41.875992,0.245600,0.251803,,,,,,,,,,,,
59900,,,,,,,,,0.741622,0.652433,,,41.731945,42.313515,0.241487,0.248682,,,,0.248640,0.648083,-1.965067,,,,,,
59910,,,,,,,,,0.741622,-0.652433,,,42.736858,43.226189,0.232596,0.240627,,,,0.245869,0.641344,-1.965048,,,,,,
59920,,,,,,,,,0.741622,-0.652433,,,43.037849,43.449570,0.230684,0.239421,,,,0.243152,0.634577,-1.961748,,,,,,
59930,,,,,,,,,0.714155,0.000000,,,43.835644,43.637524,0.223644,0.238531,,,,0.240283,0.627711,-1.961744,,,,,,
59940,0.237611,0.620790,-1.964931,0.233306,0.601285,-1.968061,0.712938,0.053590,,,49.978439,50.198673,,,0.249203,0.259904,0.019663,0.003515,-0.003130,0.237596,0.620729,-1.965112,,,,,,
59943,,,,,,,,,0.631752,0.652435,,,42.873280,43.251125,,,,,,,,,,,,,,
59950,,,,,,,,,,,,,,,,,,,,0.234576,0.613748,-1.965087,,,,,,
59956,,,,,,,,,0.824024,0.000000,,,48.598064,48.371441,0.192231,0.209067,,,,,,,,,,,,
59960,,,,,,,,,0.824024,0.000000,,,44.702206,45.056068,0.232245,0.243249,,,,0.231591,0.606684,-1.965073,,,,,,
59970,,,,,,,,,0.769089,0.000000,,,45.236034,45.533775,0.227855,0.239405,,,,0.228681,0.599563,-1.965091,,,,,,
59980,,,,,,,,,0.769089,0.000000,,,45.685200,45.935719,0.224222,0.236238,,,,0.225437,0.592391,-1.961727,,,,,,
59989,0.222403,0.585212,-1.965047,0.218860,0.566738,-1.965736,0.737196,0.048755,,,,,,,,,,,,0.222363,0.585205,-1.965057,,,,,,
59992,,,,,,,,,0.659220,0.000000,51.097820,51.411385,44.974041,45.184826,0.243752,0.257119,0.018417,0.003825,-0.000688,,,,,,,,,
60000,,,,,,,,,0.933894,0.000000,,,46.553844,46.731197,0.228863,0.242591,,,,0.219420,0.578044,-1.961761,,,,,,
60010,,,,,,,,,0.769089,0.000000,,,47.338547,47.487770,0.221768,0.235810,,,,0.216509,0.571155,-1.965091,,,,,,
60020,,,,,,,,,0.796557,0.652434,,,47.454250,47.579807,0.221339,0.235656,,,,0.213486,0.564150,-1.961802,,,,,,
60029,,,,,,,,,,,,,,,,,,,,0.210413,0.557165,-1.958463,,,,,,
60032,,,,,,,,,0.741622,-0.652433,,,47.551605,47.657249,0.221075,0.235633,,,,,,,,,,,,
60040,0.207235,0.549860,-1.964801,0.204053,0.531108,-1.963623,0.760483,0.044307,,,52.547520,52.939552,46.544434,47.177864,0.246844,0.256861,0.018536,0.004261,0.001178,0.207192,0.549740,-1.961790,,,,,,
60043,,,,,,,,,0.686687,0.652435,,,,,,,,,,,,,,,,,,
60049,,,,,,,,,,,,,,,,,,,,0.204017,0.542055,-1.961758,,,,,,
60056,,,,,,,,,0.824024,0.000000,,,51.686974,52.219940,0.195591,0.206584,,,,,,,,,,,,
60060,,,,,,,,,0.878959,0.000000,,,47.845757,48.294197,0.234944,0.246770,,,,0.200800,0.534714,-1.958375,,,,,,
60069,,,,,,,,,,,,,,,,,,,,0.197716,0.527332,-1.961773,,,,,,
60072,,,,,,,,,0.796557,0.652434,,,47.881020,48.258335,0.235524,0.248065,,,,,,,,,,,,
60080,,,,,,,,,0.796557,-0.652434,,,48.455231,48.772705,0.230601,0.243755,,,,0.194638,0.520296,-1.958458,,,,,,
60090,0.191444,0.512776,-1.961709,0.188905,0.494449,-1.961710,0.782690,0.040198,0.686687,0.652435,53.792866,54.118904,,,,,0.017912,0.004636,-0.000001,0.191443,0.512729,-1.958438,,,,,,
60093,,,,,,,,,,,,,47.304745,48.116409,0.255857,0.263312,,,,,,,,,,,,
60100,,,,,,,,,0.933894,0.000000,,,49.059441,49.742374,0.239256,0.247928,,,,0.188344,0.505383,-1.958458,,,,,,
60110,,,,,,,,,0.796557,-0.652434,,,49.446754,49.476833,0.236252,0.251511,,,,0.184880,0.497351,-1.955056,,,,,,
60120,,,,,,,,,0.851492,0.652435,,,49.772640,50.342491,0.233798,0.243610,,,,0.181546,0.489628,-1.958353,,,,,,
60129,,,,,,,,,,,,,,,0.231805,0.242490,,,,0.178234,0.482179,-1.954916,,,,,,
60132,,,,,,,,,0.824024,0.000000,,,50.046841,50.526314,,,,,,,,,,,,,,
60139,0.175112,0.474722,-1.955560,,,,,,,,,,,,,,,,,0.175053,0.474726,-1.954995,,,,,,
60142,,,,0.173436,0.456820,-1.959980,0.803713,0.036387,0.714155,0.000000,55.026203,55.124454,49.188469,49.591896,0.253890,0.262997,0.017222,0.005166,-0.004420,,,,,,,,,
60150,,,,,,,,,,,,,,,,,,,,0.171848,0.467268,-1.955014,,,,,,
60155,,,,,,,,,0.878959,0.000000,,,50.099861,50.439304,0.245761,0.255459,,,,,,,,,,,,
60160,,,,,,,,,0.906427,0.652435,,,50.866707,51.696857,0.238924,0.243569,,,,0.168945,0.460152,-1.955107,,,,,,
60170,,,,,,,,,0.878959,0.000000,,,51.511932,51.665878,0.233175,0.244571,,,,0.165833,0.452453,-1.955121,,,,,,
60180,,,,,,,,,0.824024,0.000000,,,51.510281,51.639812,0.233895,0.245529,,,,0.162357,0.444493,-1.955102,,,,,,
60189,0.159156,0.436664,-1.955121,,,,,,,,,,,,,,,,,0.159110,0.436676,-1.955079,,,,,,
60192,,,,0.157668,0.418284,-1.958424,0.823451,0.032835,0.686687,-0.652435,56.342339,56.486687,50.419804,50.528793,0.259145,0.271453,0.017597,0.005512,-0.003303,,,,,,,,,
60200,,,,,,,,,0.961362,0.652434,,,51.680450,52.316696,0.247471,0.254408,,,,0.155771,0.428748,-1.955014,,,,,,
60210,,,,,,,,,,,,,,,,,,,,0.152514,0.420973,-1.951739,,,,,,
60215,,,,,,,,,0.714155,0.000000,,,55.463875,55.454670,0.209813,0.223234,,,,,,,,,,,,
60220,,,,,,,,,0.988829,0.000000,,,51.568184,52.104984,0.249724,0.257607,,,,0.149431,0.412972,-1.955127,,,,,,
60230,,,,,,,,,0.878959,0.000000,,,52.102154,52.009274,0.245233,0.259460,,,,0.146133,0.404782,-1.955121,,,,,,
60240,0.142767,0.396454,-1.958135,0.141624,0.378908,-1.957027,0.841809,0.029511,,,,,,,,,,,,0.142776,0.396502,-1.958411,,,,,,
60243,,,,,,,,,0.714155,0.000000,57.122559,57.484806,50.917809,51.384201,0.266119,0.276912,0.016678,0.005569,0.001108,0.142776,0.396502,-1.958411,,,,,,
60250,,,,,,,,,,,,,,,,,,,,0.139480,0.388084,-1.958434,,,,,,
60256,,,,,,,,,0.961362,-0.652434,,,52.644016,52.491894,0.249753,0.266834,,,,,,,,,,,,
60260,,,,,,,,,0.878959,0.000000,,,53.007359,52.879364,0.246943,0.263880,,,,0.136120,0.379940,-1.958456,,,,,,
60271,,,,,,,,,0.906427,-0.652435,,,53.313076,53.205379,0.244647,0.261476,,,,0.132831,0.372095,-1.958353,,,,,,
60280,,,,,,,,,0.878959,1.304869,,,53.570305,54.024235,0.242785,0.253979,,,,0.129406,0.363854,-1.961754,,,,,,
60290,0.126121,0.355565,-1.956039,0.125329,0.338764,-1.955781,0.858699,0.026385,,,57.979321,58.283409,,,,,0.015867,0.005579,0.000257,0.126015,0.355587,-1.961820,,,,,,
60293,,,,,,,,,0.741622,-0.652433,,,52.697651,52.535046,0.261136,0.278007,,,,,,,,,,,,
60300,,,,,,,,,1.098699,0.000000,,,54.686119,54.549301,0.241910,0.258611,,,,0.122464,0.347227,-1.961687,,,,,,
60310,,,,,,,,,,,,,,,,,,,,0.118961,0.339034,-1.961790,,,,,,
60315,,,,,,,,,0.988829,5.219473,,,54.181042,57.877724,0.247720,0.225408,,,,,,,,,,,,
60320,,,,,,,,,0.741622,-5.871908,,,55.389698,54.143742,0.236152,0.263576,,,,0.115387,0.330863,-1.961747,,,,,,
60330,,,,,,,,,0.906427,0.652435,,,55.317577,54.813770,0.237405,0.257570,,,,0.111833,0.322610,-1.961768,,,,,,
60340,0.108184,0.313973,-1.958536,0.108809,0.297928,-1.954681,0.874037,0.023432,,,58.478485,58.997955,,,,,0.014618,0.006645,0.003855,0.108050,0.314031,-1.961747,,,,,,
60343,,,,,,,,,0.769089,0.000000,,,54.167809,53.743904,0.254757,0.276465,,,,,,,,,,,,
60350,,,,,,,,,1.043764,0.000000,,,55.923107,55.566433,0.237715,0.258926,,,,0.104393,0.305676,-1.961664,,,,,,
60360,,,,,,,,,0.933894,0.000000,,,55.766388,55.466282,0.239824,0.260633,,,,0.100828,0.297177,-1.965018,,,,,,
60370,,,,,,,,,,,,,,,,,,,,0.097349,0.288887,-1.961687,,,,,,
60375,,,,,,,,,0.714155,0.000000,,,59.446323,59.193817,0.202831,0.223319,,,,,,,,,,,,
60380,,,,,,,,,1.071232,0.652434,,,55.463562,55.795647,0.243262,0.257941,,,,0.093828,0.280998,-1.961768,,,,,,
60391,0.093389,0.279581,-1.958764,0.092090,0.256477,-1.953717,0.887748,0.020628,0.851492,3.262170,61.335510,61.938313,53.746098,56.748226,0.290525,0.278857,0.021879,0.007538,0.005047,0.090412,0.272945,-1.961797,,,,,,
60400,,,,,,,,,0.961362,-1.957303,,,55.568279,55.916096,0.273456,0.288383,,,,0.086922,0.264822,-1.958482,,,,,,
60410,,,,,,,,,,,,,,,,,,,,0.082899,0.255978,-1.958353,,,,,,
60415,,,,,,,,,0.769089,-1.304867,,,54.923290,54.671402,0.281189,0.302283,,,,,,,,,,,,
60420,,,,,,,,,1.043764,0.000000,,,56.558769,56.346832,0.265789,0.286647,,,,0.079470,0.247367,-1.955037,,,,,,
60430,,,,,,,,,0.933894,0.000000,,,56.301231,56.667454,0.269372,0.284495,,,,0.075683,0.238521,-1.954882,,,,,,
60440,0.072396,0.230202,-1.952224,0.075200,0.214495,-1.952884,0.899763,0.017951,0.796557,0.652434,59.893188,60.190166,,,,,0.013534,0.008449,-0.000660,0.072089,0.229639,-1.951622,,,,,,
60443,,,,,,,,,,,,,55.539997,55.848137,0.263431,0.276075,,,,,,,,,,,,
60450,,,,,,,,,1.098699,0.000000,,,57.622211,57.881477,0.243063,0.256203,,,,0.068538,0.220720,-1.951649,,,,,,
60460,,,,,,,,,0.961362,0.652434,,,57.740555,57.958702,0.242310,0.255877,,,,0.065037,0.212068,-1.948247,,,,,,
60470,,,,,,,,,,,,,,,,,,,,0.061433,0.202924,-1.948275,,,,,,
60475,,,,,,,,,0.988829,5.219473,,,56.206501,61.290936,0.258388,0.222335,,,,,,,,,,,,
60479,,,,,,,,,,,,,,,,,,,,0.057872,0.194332,-1.951703,,,,,,
60482,,,,,,,,,0.851492,-5.871908,,,58.183006,57.560162,0.238965,0.260169,,,,,,,,,,,,
60490,0.053948,0.186341,-1.976344,0.058169,0.172066,-1.952176,0.910023,0.015383,,,59.209209,60.952198,,,,,0.011452,0.009511,0.024168,0.054146,0.185737,-1.951675,,,,,,
60493,,,,,,,,,1.071232,-0.652434,,,59.301495,58.232891,0.220922,0.261605,,,,,,,,,,,,
60501,,,,,,,,,0.796557,0.652434,,,58.064419,57.165295,0.233522,0.273039,,,,0.050661,0.177493,-1.951735,,,,,,
60510,,,,,,,,,0.933894,0.000000,,,57.568085,57.900650,0.238814,0.266296,,,,0.047075,0.168735,-1.951795,,,,,,
60520,,,,,,,,,0.961362,0.652434,,,57.695015,57.974834,0.237847,0.266149,,,,0.043425,0.159929,-1.955082,,,,,,
60530,,,,,,,,,,,,,,,,,,,,0.039692,0.150983,-1.958378,,,,,,
60535,,,,,,,,,0.769089,0.000000,,,56.712727,56.948166,0.248169,0.277217,,,,,,,,,,,,
60540,0.036156,0.143021,-1.959815,0.041024,0.129276,-1.951592,0.918475,0.012905,,,60.046993,60.873695,,,,,0.010871,0.009717,0.008224,0.035911,0.142291,-1.958303,,,,,,
60543,,,,,,,,,0.878959,0.000000,,,56.430771,56.628872,0.260090,0.280474,,,,,,,,,,,,
60551,,,,,,,,,1.126167,0.652435,,,58.371708,58.538391,0.241016,0.261845,,,,0.032153,0.133659,-1.958378,,,,,,
60560,,,,,,,,,0.961362,-0.652434,,,58.915726,59.055973,0.235802,0.257033,,,,0.028516,0.125390,-1.954991,,,,,,
60570,,,,,,,,,0.933894,0.000000,,,58.828918,58.946922,0.236913,0.258509,,,,0.024716,0.116846,-1.951674,,,,,,
60580,,,,,,,,,0.933894,0.000000,,,58.755878,58.855167,0.237902,0.259830,,,,0.021187,0.108176,-1.951674,,,,,,
60589,,,,,,,,,,,,,,,,,,,,0.017770,0.099591,-1.951695,,,,,,
60595,0.018091,0.100249,-1.952378,0.023797,0.086214,-1.951125,0.925078,0.010501,0.769089,0.000000,60.665192,61.100975,61.417137,62.045223,0.217321,0.230014,0.010900,0.010522,0.001253,,,,,,,,,
60600,,,,,,,,,1.043764,0.000000,,,57.666348,57.650276,0.255429,0.274653,,,,0.014252,0.091314,-1.951763,,,,,,
60610,,,,,,,,,0.961362,0.652434,,,57.777691,57.764168,0.254893,0.274182,,,,0.010872,0.082710,-1.948442,,,,,,
60620,,,,,,,,,0.906427,0.652435,,,57.326832,57.859997,0.260069,0.273872,,,,0.007349,0.073835,-1.951831,,,,,,
60629,,,,,,,,,,,,,,,,,,,,0.003880,0.065104,-1.948451,,,,,,
60635,,,,,,,,,0.796557,-0.652434,,,61.303825,61.207886,0.220171,0.240371,,,,,,,,,,,,
60640,0.000572,0.057151,-1.951501,0.006518,0.042971,-1.950775,0.929797,0.008154,,,60.992470,61.394741,55.937374,55.856651,0.278120,0.297929,0.010956,0.010789,0.000726,0.000372,0.056571,-1.948434,,,,,,
60643,,,,,,,,,0.906427,-0.652435,,,,,,,,,,,,,,,,,,
60649,,,,,,,,,,,,,,,,,,,,-0.003246,0.047977,-1.948423,,,,,,
60652,,,,,,,,,1.043764,0.000000,,,57.412022,57.344101,0.264089,0.283865,,,,,,,,,,,,
60659,,,,,,,,,,,,,,,,,,,,-0.006777,0.039013,-1.945041,,,,,,
60662,,,,,,,,,0.961362,0.652434,,,57.563702,58.051098,0.263258,0.277463,,,,,,,,,,,,
60669,,,,,,,,,,,,,,,,,,,,-0.010517,0.030394,-1.948390,,,,,,
60672,,,,,,,,,0.933894,0.000000,,,57.691326,58.101421,0.262642,0.277619,,,,,,,,,,,,
60679,,,,,,,,,,,,,,,,,,,,-0.014299,0.021326,-1.951650,,,,,,
60682,,,,,,,,,0.933894,0.000000,,,57.798710,58.143764,0.262207,0.277846,,,,,,,,,,,,
60689,,,,,,,,,,,,,,,,,,,,-0.017917,0.012512,-1.951627,,,,,,
60695,-0.017650,0.013173,-1.954354,-0.010783,-0.000364,-1.950541,0.932609,0.005849,0.796557,-0.652434,60.799358,61.391418,56.799973,56.545761,0.273033,0.294795,,,,,,,,,,,,
60698,,,,,,,,,,,,,,,,,0.009983,0.011434,0.003813,-0.021671,0.003650,-1.951649,,,,,,
60702,,,,,,,,,1.016297,-3.262172,,,58.682354,56.290287,0.252701,0.298337,,,,,,,,,,,,
60709,,,,,,,,,,,,,,,,,,,,-0.025216,-0.004769,-1.951627,,,,,,
60712,,,,,,,,,0.988829,1.304868,,,58.632561,57.164417,0.253633,0.290441,,,,,,,,,,,,
60719,,,,,,,,,,,,,,,,,,,,-0.028730,-0.013378,-1.951733,,,,,,
60722,,,,,,,,,0.906427,0.652435,,,58.590664,57.899910,0.254493,0.283785,,,,,,,,,,,,
60730,,,,,,,,,0.933894,0.000000,,,58.555412,57.974213,0.255295,0.283725,,,,-0.032331,-0.022361,-1.948418,,,,,,
60740,-0.035977,-0.031480,-1.948855,-0.028075,-0.043698,-1.950419,0.933499,0.003572,,,60.578835,60.854828,,,,,0.008438,0.011854,-0.001564,-0.036057,-0.031603,-1.948350,,,,,,
60743,,,,,,,,,0.851492,0.652435,,,57.436665,57.492188,0.264905,0.283852,,,,,,,,,,,,
60749,,,,,,,,,,,,,,,,,,,,-0.039600,-0.040505,-1.945075,,,,,,
60755,,,,,,,,,0.906427,-0.652435,,,57.584438,57.086609,0.264027,0.288661,,,,,,,,,,,,
60760,,,,,,,,,1.043764,0.000000,,,58.797859,58.378986,0.252248,0.276233,,,,-0.043319,-0.049090,-1.941687,,,,,,
60769,,,,,,,,,,,,,,,,,,,,-0.046853,-0.057769,-1.941773,,,,,,
60772,,,,,,,,,0.988829,1.304868,,,58.729744,58.921848,0.253299,0.271191,,,,,,,,,,,,
60780,,,,,,,,,0.961362,-0.652434,,,58.672432,58.834068,0.254254,0.272473,,,,-0.050554,-0.066828,-1.938405,,,,,,
60790,-0.054241,-0.076053,-1.938889,-0.045327,-0.086941,-1.950409,0.932463,0.001308,,,60.385647,60.074413,,,,,0.006951,0.012235,-0.011520,-0.054237,-0.076065,-1.934988,,,,,,
60793,,,,,,,,,0.796557,0.652434,,,57.535126,58.215668,0.264265,0.271224,,,,,,,,,,,,
60800,,,,,,,,,1.098699,0.000000,,,59.300911,59.328976,0.246824,0.260240,,,,-0.057965,-0.085005,-1.934953,,,,,,
60809,,,,,,,,,,,,,,,,,,,,-0.061490,-0.093730,-1.934917,,,,,,
60812,,,,,,,,,0.961362,-0.652434,,,59.153015,59.721169,0.248550,0.256389,,,,,,,,,,,,
60820,,,,,,,,,0.961362,0.652434,,,59.028572,59.506618,0.250066,0.258648,,,,-0.064986,-0.102546,-1.931628,,,,,,
60830,,,,,,,,,0.906427,-0.652435,,,58.923866,59.326096,0.251405,0.260603,,,,-0.068574,-0.111764,-1.935002,,,,,,
60840,-0.072040,-0.120978,-1.938020,-0.062509,-0.130001,-1.950514,0.929505,-0.000956,,,59.686672,59.304420,57.746681,57.540573,0.256575,0.271111,0.004999,0.012135,-0.012494,-0.072124,-0.121241,-1.934953,,,,,,
60843,,,,,,,,,0.769089,0.000000,,,,,,,,,,,,,,,,,,
60849,,,,,,,,,,,,,,,,,,,,-0.075689,-0.130488,-1.934884,,,,,,
60855,,,,,,,,,0.988829,0.000000,,,58.389828,58.216408,0.250403,0.264570,,,,,,,,,,,,
60860,,,,,,,,,1.071232,-0.652434,,,59.475513,59.329597,0.239588,0.253433,,,,-0.079393,-0.139501,-1.938133,,,,,,
60870,,,,,,,,,0.906427,0.652435,,,59.299923,59.177151,0.241422,0.254983,,,,-0.082878,-0.148579,-1.938241,,,,,,
60879,,,,,,,,,,,,,,,0.237452,0.256317,,,,-0.086224,-0.157453,-1.941625,,,,,,
60882,,,,,,,,,0.961362,-0.652434,,,59.696724,59.048882,,,,,,,,,,,,,,
60889,-0.089987,-0.166540,-1.947056,,,,,,,,,,,,,,,,,-0.089992,-0.166626,-1.944897,,,,,,
60892,,,,-0.079590,-0.172789,-1.950733,0.924640,-0.003236,0.769089,0.000000,58.291023,58.408653,57.852421,57.307327,0.242026,0.264995,0.001992,0.011966,-0.003677,,,,,,,,,
60900,,,,,,,,,1.098699,0.000000,,,59.567883,59.109241,0.224616,0.246836,,,,-0.093643,-0.175855,-1.948109,,,,,,
60910,,,,,,,,,0.906427,-0.652435,,,59.377644,58.447201,0.226301,0.253449,,,,-0.097379,-0.184908,-1.948032,,,,,,
60920,,,,,,,,,0.933894,1.304869,,,58.673031,58.434700,0.233271,0.253568,,,,-0.100999,-0.193641,-1.951380,,,,,,
60929,,,,,,,,,,,,,,,0.233687,0.253670,,,,-0.104649,-0.202546,-1.954718,,,,,,
60932,,,,,,,,,0.906427,-0.652435,,,58.624714,58.424183,,,,,,,,,,,,,,
60939,-0.108221,-0.211127,-1.959873,,,,,,,,,,,,,,,,,-0.108309,-0.211373,-1.958060,,,,,,
60942,,,,-0.096540,-0.215216,-1.951069,0.917892,-0.005545,0.769089,0.000000,56.764221,57.603558,56.950432,56.781704,0.235125,0.262209,-0.000648,0.012359,0.008804,,,,,,,,,
60950,,,,,,,,,,,,,,,,,,,,-0.111886,-0.219682,-1.958107,,,,,,
60956,,,,,,,,,1.236037,-5.871907,,,62.620750,57.577896,0.177250,0.254252,,,,,,,,,,,,
60960,,,,,,,,,0.796557,5.871908,,,58.134521,58.792355,0.221838,0.241870,,,,-0.115435,-0.228233,-1.958074,,,,,,
60969,,,,,,,,,,,,,,,0.226740,0.242318,,,,-0.118898,-0.236593,-1.958214,,,,,,
60972,,,,,,,,,0.933894,0.000000,,,57.627071,58.725113,,,,,,,,,,,,,,
60979,,,,,,,,,,,,,,,0.225369,0.248225,,,,-0.122381,-0.245017,-1.954846,,,,,,
60982,,,,,,,,,0.906427,0.652435,,,57.744644,58.123993,,,,,,,,,,,,,,
60989,-0.125997,-0.253360,-1.946451,,,,,,,,,,,,,,,,,-0.126107,-0.253365,-1.948206,,,,,,
60992,,,,-0.113331,-0.257194,-1.951524,0.909296,-0.007899,0.741622,-0.652433,56.503593,56.549377,56.209942,56.529125,0.238168,0.253636,-0.001080,0.013189,-0.005074,,,,,,,,,
61000,,,,,,,,,1.071232,-0.652434,,,57.641357,57.909920,0.223626,0.239556,,,,-0.129871,-0.262163,-1.948088,,,,,,
61009,,,,,,,,,,,,,,,,,,,,-0.133410,-0.270891,-1.944791,,,,,,
61012,,,,,,,,,0.906427,1.957303,,,57.212120,57.982635,0.227777,0.238542,,,,,,,,,,,,
61019,,,,,,,,,,,,,,,,,,,,-0.136992,-0.279580,-1.941240,,,,,,
61022,,,,,,,,,0.824024,0.000000,,,56.306419,57.499271,0.236873,0.243185,,,,,,,,,,,,
61029,,,,,,,,,,,,,,,,,,,,-0.140409,-0.288100,-1.937964,,,,,,
61032,,,,,,,,,0.933894,0.000000,,,56.633450,57.637115,0.233577,0.241589,,,,,,,,,,,,
61040,-0.143780,-0.296561,-1.938711,-0.129933,-0.298641,-1.952103,0.898893,-0.010313,0.714155,0.000000,55.534088,55.107594,,,,,-0.003040,0.013669,-0.013392,-0.143843,-0.296538,-1.937999,,,,,,
61043,,,,,,,,,,,,,54.730438,55.574924,0.243073,0.247700,,,,,,,,,,,,
61050,,,,,,,,,,,,,,,,,,,,-0.147014,-0.304930,-1.938076,,,,,,
61056,,,,,,,,,0.988829,0.000000,,,55.851963,56.562511,0.231794,0.237533,,,,,,,,,,,,
61060,,,,,,,,,0.988829,0.000000,,,56.795612,57.393467,0.222105,0.228767,,,,-0.150024,-0.313073,-1.938180,,,,,,
61070,,,,,,,,,0.878959,0.000000,,,56.500511,57.003548,0.224863,0.232286,,,,-0.153234,-0.321338,-1.938270,,,,,,
61080,,,,,,,,,0.906427,0.652435,,,56.252213,56.675468,0.227202,0.235254,,,,-0.156602,-0.329342,-1.938352,,,,,,
61091,-0.156845,-0.330159,-1.935646,-0.146320,-0.339473,-1.952807,0.886736,-0.012805,0.851492,1.957303,57.133816,56.473888,54.954208,57.488510,0.256616,0.240583,0.004946,0.013156,-0.017160,-0.159909,-0.337419,-1.941704,,,,,,
61100,,,,,,,,,0.933894,-3.914605,,,56.584785,55.994431,0.240420,0.255620,,,,-0.163282,-0.345622,-1.945057,,,,,,
61109,,,,,,,,,,,,,,,,,,,,-0.167004,-0.354478,-1.951622,,,,,,
61112,,,,,,,,,0.906427,0.652435,,,56.867664,55.826397,0.237644,0.257430,,,,,,,,,,,,
61120,,,,,,,,,0.878959,0.000000,,,56.561138,55.685013,0.240824,0.259001,,,,-0.170066,-0.362864,-1.951622,,,,,,
61130,,,,,,,,,0.878959,0.000000,,,56.303226,55.566055,0.243569,0.260373,,,,-0.173567,-0.371315,-1.958141,,,,,,
61140,-0.176512,-0.378451,-1.956432,-0.162465,-0.379611,-1.953643,0.872885,-0.015391,0.741622,-0.652433,53.149509,53.593010,,,,,-0.004209,0.013451,0.002789,-0.176870,-0.379117,-1.958333,,,,,,
61143,,,,,,,,,,,,,54.997131,54.376877,0.216417,0.243299,,,,,,,,,,,,
61149,,,,,,,,,,,,,,,,,,,,-0.180170,-0.387350,-1.961687,,,,,,
61156,,,,,,,,,0.933894,0.000000,,,55.531815,55.009933,0.210594,0.236685,,,,,,,,,,,,
61160,,,,,,,,,0.988829,0.000000,,,55.981697,56.087128,0.205529,0.225414,,,,-0.183327,-0.395237,-1.961727,,,,,,
61170,,,,,,,,,0.824024,1.304869,,,55.271141,55.359848,0.212210,0.232334,,,,-0.186824,-0.403383,-1.965091,,,,,,
61180,,,,,,,,,0.824024,0.000000,,,54.673279,55.292461,0.217884,0.232668,,,,-0.190471,-0.411986,-1.964941,,,,,,
61190,-0.193989,-0.419966,-1.964173,-0.178341,-0.418982,-1.954618,0.857409,-0.018091,,,51.241470,52.044685,,,0.208803,0.233776,-0.006907,0.014076,0.009555,-0.194168,-0.420273,-1.964880,,,,,,
61193,,,,,,,,,0.741622,-0.652433,,,53.625694,53.602131,,,,,,,,,,,,,,
61200,,,,,,,,,0.961362,0.652434,,,54.377888,54.902603,0.200653,0.220200,,,,-0.197846,-0.428761,-1.961513,,,,,,
61209,,,,,,,,,,,,,,,,,,,,-0.201311,-0.437086,-1.958179,,,,,,
61217,,,,,,,,,0.714155,0.000000,,,52.832611,53.274105,0.215788,0.236239,,,,,,,,,,,,
61220,,,,,,,,,0.741622,-0.652433,,,52.076958,51.903889,0.223177,0.249969,,,,-0.204807,-0.445482,-1.951416,,,,,,
61230,,,,,,,,,0.851492,0.652435,,,51.985691,52.384617,0.223941,0.245094,,,,-0.208112,-0.453461,-1.951368,,,,,,
61240,-0.211284,-0.461418,-1.946318,-0.193926,-0.457512,-1.955738,0.840382,-0.020926,,,49.818733,49.599163,,,,,-0.010000,0.014716,-0.009420,-0.211428,-0.461591,-1.947668,,,,,,
61243,,,,,,,,,0.741622,0.652433,,,50.819817,51.700016,0.221172,0.227065,,,,,,,,,,,,
61250,,,,,,,,,1.016297,0.652434,,,52.561565,53.846706,0.203206,0.204748,,,,-0.214871,-0.469680,-1.941014,,,,,,
61260,,,,,,,,,0.796557,0.652434,,,51.848900,53.474758,0.209927,0.207692,,,,-0.218020,-0.477370,-1.937845,,,,,,
61270,,,,,,,,,,,,,,,,,,,,-0.221227,-0.485132,-1.931131,,,,,,
61275,,,,,,,,,0.686687,-0.652435,,,54.516521,55.884518,0.182311,0.182338,,,,,,,,,,,,
61279,,,,,,,,,,,,,,,,,,,,-0.224320,-0.492827,-1.927848,,,,,,
61282,,,,,,,,,0.933894,0.000000,,,50.771084,51.922115,0.219575,0.221497,,,,,,,,,,,,
61291,-0.224658,-0.493839,-1.929400,-0.209196,-0.495134,-1.957012,0.821889,-0.023920,0.769089,-2.609737,50.748936,49.577614,51.976017,50.221779,0.216582,0.238156,-0.004214,0.014933,-0.027613,-0.227310,-0.500682,-1.931258,,,,,,
61300,,,,,,,,,0.851492,1.957303,,,50.811676,51.513832,0.228213,0.224849,,,,-0.230146,-0.508284,-1.931258,,,,,,
61310,,,,,,,,,,,,,,,,,,,,-0.232971,-0.516039,-1.931251,,,,,,
61315,,,,,,,,,0.686687,0.652435,,,54.188347,54.779140,0.193759,0.191155,,,,,,,,,,,,
61320,,,,,,,,,0.933894,0.000000,,,50.494957,50.992050,0.230743,0.228743,,,,-0.235802,-0.523606,-1.931339,,,,,,
61330,,,,,,,,,0.824024,-1.304869,,,51.199142,50.528309,0.223611,0.233190,,,,-0.238708,-0.531171,-1.934885,,,,,,
61340,-0.241469,-0.537880,-1.945930,-0.224130,-0.531786,-1.958452,0.802018,-0.027097,0.686687,-0.652435,46.953148,46.528381,,,,,-0.012023,0.013900,-0.012522,-0.241584,-0.538419,-1.941471,,,,,,
61343,,,,,,,,,,,,,50.158012,49.049030,0.195424,0.216987,,,,,,,,,,,,
61350,,,,,,,,,0.988829,0.000000,,,51.460178,50.527084,0.181501,0.201406,,,,-0.244532,-0.545490,-1.945006,,,,,,
61360,,,,,,,,,0.714155,0.000000,,,50.922192,50.137085,0.186087,0.204585,,,,-0.247551,-0.552508,-1.951574,,,,,,
61370,,,,,,,,,,,,,,,,,,,,-0.250607,-0.559626,-1.954958,,,,,,
61375,,,,,,,,,0.659220,0.000000,,,49.380444,48.719856,0.201019,0.218319,,,,,,,,,,,,
61380,,,,,,,,,0.851492,0.652435,,,49.716846,49.705570,0.197102,0.207826,,,,-0.253498,-0.566497,-1.955130,,,,,,
61390,-0.256692,-0.574415,-1.954524,-0.238708,-0.567408,-1.960065,0.780865,-0.030486,,,45.125771,45.038551,,,0.191686,0.205752,-0.013231,0.014053,-0.005542,-0.256705,-0.574115,-1.958295,,,,,,
61393,,,,,,,,,0.659220,0.000000,,,48.366268,48.356777,,,,,,,,,,,,,,
61400,,,,,,,,,0.878959,0.000000,,,49.408062,49.400078,0.180412,0.194447,,,,-0.259588,-0.581471,-1.958394,,,,,,
61410,,,,,,,,,0.741622,-0.652433,,,49.195541,48.644279,0.181723,0.201284,,,,-0.262467,-0.588991,-1.961663,,,,,,
61420,,,,,,,,,0.714155,0.000000,,,48.472183,48.008354,0.188287,0.207049,,,,-0.265529,-0.596471,-1.961550,,,,,,
61430,,,,,,,,,,,,,,,,,,,,-0.268598,-0.603926,-1.964646,,,,,,
61435,,,,,,,,,0.604285,0.000000,,,50.586266,50.195999,0.166054,0.184141,,,,,,,,,,,,
61440,-0.271223,-0.610254,-1.963666,-0.252912,-0.601947,-1.961869,0.758529,-0.034121,,,43.160297,43.395832,,,,,-0.014684,0.013736,0.001798,-0.271516,-0.610971,-1.964503,,,,,,
61443,,,,,,,,,0.714155,0.000000,,,45.830536,45.502167,0.193423,0.214231,,,,-0.271516,-0.610971,-1.964503,,,,,,
61450,,,,,,,,,0.851492,0.652435,,,46.729954,46.453663,0.183715,0.204104,,,,-0.274592,-0.618083,-1.961213,,,,,,
61460,,,,,,,,,0.741622,-0.652433,,,46.397640,46.165169,0.186390,0.206435,,,,-0.277560,-0.625204,-1.964497,,,,,,
61470,,,,,,,,,,,,,,,,,,,,-0.280504,-0.632342,-1.961160,,,,,,
61475,,,,,,,,,0.604285,0.000000,,,45.573486,45.377884,0.194149,0.213912,,,,,,,,,,,,
61480,,,,,,,,,0.796557,0.652434,,,45.969131,46.349094,0.189631,0.203609,,,,-0.283357,-0.639232,-1.957918,,,,,,
61490,-0.286178,-0.646169,-1.955617,-0.266724,-0.635354,-1.963874,0.735117,-0.038038,,,41.199699,40.940517,44.668396,44.988098,0.182339,0.191856,-0.017327,0.013971,-0.008257,-0.286199,-0.646069,-1.957867,,,,,,
61493,,,,,,,,,0.604285,0.000000,,,,,,,,,,,,,,,,,,
61500,,,,,,,,,0.796557,0.652434,,,45.207588,46.021126,0.176145,0.180510,,,,-0.289018,-0.652787,-1.954469,,,,,,
61510,,,,,,,,,0.714155,0.000000,,,45.116722,45.256687,0.176270,0.187291,,,,-0.291856,-0.659348,-1.951224,,,,,,
61520,,,,,,,,,0.659220,0.000000,,,44.495724,45.158031,0.181821,0.187434,,,,-0.294700,-0.665850,-1.951020,,,,,,
61530,,,,,,,,,,,,,,,,,,,,-0.297385,-0.672249,-1.954475,,,,,,
61535,,,,,,,,,0.604285,0.000000,,,43.428673,43.985935,0.192046,0.198546,,,,,,,,,,,,
61540,-0.299777,-0.678197,-1.951452,-0.280130,-0.667586,-1.966103,0.710736,-0.042278,,,39.872021,39.312885,,,0.181661,0.185840,-0.017151,0.014299,-0.014650,-0.299985,-0.678566,-1.951069,,,,,,
61543,,,,,,,,,0.659220,0.000000,,,43.075397,43.544277,,,,,,,,,,,,,,
61549,,,,,,,,,,,,,,,,,,,,-0.302623,-0.684996,-1.954418,,,,,,
61552,,,,,,,,,0.824024,0.000000,,,44.411781,44.261753,0.167389,0.177676,,,,,,,,,,,,
61560,,,,,,,,,0.631752,-0.652435,,,43.902584,43.776352,0.171675,0.181637,,,,-0.305290,-0.691213,-1.954523,,,,,,
61570,,,,,,,,,0.659220,0.000000,,,43.474148,43.367935,0.175239,0.184910,,,,-0.307774,-0.697353,-1.954622,,,,,,
61579,,,,,,,,,,,,,,,0.178196,0.187604,,,,-0.310225,-0.703350,-1.951367,,,,,,
61582,,,,,,,,,0.686687,0.652435,,,43.113659,43.024292,,,,,,,,,,,,,,
61595,-0.312755,-0.709423,-1.951782,-0.293118,-0.698605,-1.968572,0.685497,-0.046892,,,38.292423,37.626350,,,,,-0.017344,0.014207,-0.016790,-0.312815,-0.709348,-1.954798,,,,,,
61598,,,,,,,,,0.796557,5.871908,,,41.721260,47.091499,0.175638,0.128174,,,,,,,,,,,,
61601,,,,,,,,,0.549350,-6.524341,,,42.727867,41.800953,0.164685,0.180244,,,,-0.315269,-0.715239,-1.958060,,,,,,
61609,,,,,,,,,,,,,,,,,,,,-0.317723,-0.721203,-1.958176,,,,,,
61612,,,,,,,,,0.604285,0.000000,,,42.485741,41.705833,0.166267,0.180379,,,,,,,,,,,,
61620,,,,,,,,,0.631752,-0.652435,,,42.282017,41.081257,0.167507,0.185934,,,,-0.320147,-0.726978,-1.958333,,,,,,
61630,,,,,,,,,,,,,,,,,,,,-0.322575,-0.732609,-1.961639,,,,,,
61635,,,,,,,,,0.576817,0.652434,,,41.021515,40.555740,0.179566,0.190604,,,,,,,,,,,,
61640,-0.324638,-0.738098,-1.958181,-0.305674,-0.728379,-1.971304,0.659515,-0.051934,,,36.935581,36.404934,,,,,-0.016163,0.013887,-0.013123,-0.324776,-0.738260,-1.961754,,,,,,
61643,,,,,,,,,0.604285,0.000000,,,40.505470,40.113571,0.170444,0.182069,,,,,,,,,,,,
61650,,,,,,,,,0.741622,-0.652433,,,41.704903,40.830616,0.157496,0.174014,,,,-0.327138,-0.743908,-1.961731,,,,,,
61660,,,,,,,,,0.631752,0.652435,,,41.080475,40.889393,0.162911,0.172529,,,,-0.329523,-0.749605,-1.965098,,,,,,
61669,,,,,,,,,,,,,,,0.167441,0.176682,,,,-0.331922,-0.755211,-1.965136,,,,,,
61672,,,,,,,,,0.604285,0.000000,,,40.555080,40.394306,,,,,,,,,,,,,,
61679,,,,,,,,,,,,,,,,,,,,-0.334290,-0.760882,-1.968403,,,,,,
61682,,,,,,,,,0.576817,0.652434,,,39.568470,39.977737,0.176781,0.180133,,,,,,,,,,,,
61691,-0.334365,-0.761222,-1.964809,-0.317791,-0.756879,-1.974327,0.632906,-0.057471,0.521882,-0.652434,36.842514,36.432167,38.738338,38.538151,0.183772,0.194380,-0.010373,0.013637,-0.009518,-0.336731,-0.766631,-1.971711,,,,,,
61700,,,,,,,,,0.714155,0.000000,,,39.673496,39.505058,0.173854,0.184097,,,,-0.339115,-0.772278,-1.971735,,,,,,
61709,,,,,,,,,,,,,,,,,,,,-0.341498,-0.777754,-1.971778,,,,,,
61712,,,,,,,,,0.576817,-0.652434,,,39.371250,38.684982,0.176371,0.191847,,,,,,,,,,,,
61720,,,,,,,,,0.631752,-0.652435,,,39.661484,38.539513,0.172905,0.192880,,,,-0.344042,-0.783296,-1.971748,,,,,,
61729,,,,,,,,,,,,,,,,,,,,-0.346367,-0.788623,-1.971726,,,,,,
61732,,,,,,,,,0.631752,0.652435,,,39.361141,38.961658,0.175405,0.188153,,,,,,,,,,,,
61740,-0.348538,-0.793772,-1.965424,-0.329459,-0.784085,-1.977673,0.605784,-0.063578,,,33.549141,33.011639,,,,,-0.016278,0.013889,-0.012249,-0.348762,-0.794068,-1.968466,,,,,,
61743,,,,,,,,,0.494415,0.000000,,,38.019348,37.683224,0.154995,0.165797,,,,,,,,,,,,
61750,,,,,,,,,,,,,,,,,,,,-0.351189,-0.799495,-1.968456,,,,,,
61756,,,,,,,,,0.631752,0.652435,,,37.979450,40.963894,0.154508,0.131400,,,,,,,,,,,,
61759,,,,,,,,,,,,,,,,,,,,-0.353593,-0.805010,-1.965131,,,,,,
61762,,,,,,,,,0.604285,0.000000,,,37.945881,37.734276,0.153964,0.162752,,,,,,,,,,,,
61769,,,,,,,,,,,,,,,,,,,,-0.355951,-0.810569,-1.965103,,,,,,
61772,,,,,,,,,0.521882,-0.652434,,,37.373093,36.650505,0.158927,0.172862,,,,,,,,,,,,
61780,,,,,,,,,0.576817,0.652434,,,36.891148,36.283161,0.163078,0.175881,,,,-0.358446,-0.816466,-1.961806,,,,,,
61789,-0.360799,-0.822139,-1.962295,-0.340674,-0.809980,-1.981376,0.578266,-0.070347,,,,,,,,,,,,-0.360940,-0.822285,-1.964995,,,,,,
61792,,,,,,,,,0.439480,0.000000,31.220182,30.408190,35.396553,35.429535,0.153899,0.157379,-0.018919,0.013963,-0.019081,,,,,,,,,
61799,,,,,,,,,,,,,,,,,,,,-0.363388,-0.828020,-1.964914,,,,,,
61802,,,,,,,,,0.686687,-0.652435,,,36.317173,36.344925,0.143674,0.147037,,,,,,,,,,,,
61810,,,,,,,,,0.549350,1.304868,,,36.002697,36.026047,0.145862,0.149102,,,,-0.365792,-0.833662,-1.961581,,,,,,
61819,,,,,,,,,,,,,,,0.147604,0.150716,,,,-0.368184,-0.839131,-1.961397,,,,,,
61822,,,,,,,,,0.521882,-0.652434,,,35.738098,35.757744,,,,,,,,,,,,,,
61829,,,,,,,,,,,,,,,,,,,,-0.370569,-0.844572,-1.961307,,,,,,
61832,,,,,,,,,0.549350,0.000000,,,35.515465,34.987450,0.148972,0.157503,,,,,,,,,,,,
61841,-0.370629,-0.844820,-1.961391,-0.351430,-0.834554,-1.985477,0.550469,-0.077886,0.439480,0.000000,30.171818,29.165382,34.239052,34.339325,0.150439,0.150521,-0.016803,0.013844,-0.024086,-0.372986,-0.849903,-1.961168,,,,,,
61850,,,,,,,,,,,,,,,,,,,,-0.375291,-0.855079,-1.964230,,,,,,
61855,,,,,,,,,0.549350,0.000000,,,36.976883,37.061253,0.121699,0.121723,,,,,,,,,,,,
61860,,,,,,,,,0.576817,-0.652434,,,33.835060,33.906048,0.152385,0.152327,,,,-0.377553,-0.860309,-1.961055,,,,,,
61870,,,,,,,,,0.521882,0.652434,,,33.914246,33.429432,0.150845,0.156240,,,,-0.379653,-0.865493,-1.967615,,,,,,
61880,,,,,,,,,0.521882,-0.652434,,,33.980873,33.572952,0.149416,0.153923,,,,-0.381752,-0.870658,-1.970754,,,,,,
61891,-0.381682,-0.870502,-1.972706,-0.361725,-0.857802,-1.990026,0.522505,-0.086322,0.494415,1.304868,27.571070,26.766399,32.947849,33.693710,0.132664,0.127340,-0.019495,0.013399,-0.017320,-0.383991,-0.875709,-1.970624,,,,,,
61900,,,,,,,,,0.521882,-1.957302,,,33.167747,32.706230,0.129346,0.136027,,,,-0.385999,-0.880523,-1.973677,,,,,,
61910,,,,,,,,,0.466947,-0.652434,,,33.352772,31.875362,0.126339,0.143314,,,,-0.388089,-0.885360,-1.977071,,,,,,
61920,,,,,,,,,0.494415,0.000000,,,32.963905,31.176271,0.129149,0.149423,,,,-0.390269,-0.890098,-1.980406,,,,,,
61930,,,,,,,,,0.439480,0.000000,,,32.092171,31.132599,0.136962,0.148986,,,,-0.392450,-0.894817,-1.983422,,,,,,
61940,-0.394161,-0.898619,-1.985340,-0.371558,-0.879722,-1.995078,0.494486,-0.095809,,,23.780909,23.176817,,,,,-0.026400,0.013077,-0.009738,-0.394515,-0.899343,-1.986497,,,,,,
61943,,,,,,,,,0.439480,0.000000,,,31.358694,30.551310,0.104880,0.117429,,,,,,,,,,,,
61950,,,,,,,,,,,,,,,,,,,,-0.396450,-0.904069,-1.986731,,,,,,
61956,,,,,,,,,0.466947,-0.652434,,,33.464264,32.240387,0.081887,0.098725,,,,,,,,,,,,
61960,,,,,,,,,0.494415,0.000000,,,30.334999,29.849773,0.111869,0.121297,,,,-0.398411,-0.908637,-1.983711,,,,,,
61969,,,,,,,,,,,,,,,,,,,,-0.400356,-0.912790,-1.986731,,,,,,
61972,,,,,,,,,0.412012,0.652434,,,29.880209,29.471941,0.115197,0.123816,,,,,,,,,,,,
61980,,,,,,,,,0.412012,-0.652434,,,29.497549,28.609489,0.117881,0.131354,,,,-0.402321,-0.917070,-1.986396,,,,,,
61989,-0.403961,-0.920712,-1.989199,,,,,,,,,,,,,,,,,-0.404075,-0.921019,-1.986564,,,,,,
61992,,,,-0.380930,-0.900320,-2.000702,0.466523,-0.106536,0.357077,0.652434,21.639246,20.927664,28.086493,27.883823,0.109285,0.114728,-0.027990,0.012759,-0.011503,,,,,,,,,
62000,,,,,,,,,0.521882,-0.652434,,,28.532860,28.362335,0.103443,0.108456,,,,-0.405711,-0.924719,-1.987102,,,,,,
62010,,,,,,,,,0.384545,0.000000,,,27.819347,27.675867,0.109342,0.113971,,,,-0.407270,-0.928249,-1.990123,,,,,,
62020,,,,,,,,,0.357077,-0.652434,,,27.763540,26.553730,0.108675,0.124067,,,,-0.408820,-0.931737,-1.990551,,,,,,
62030,,,,,,,,,0.384545,0.000000,,,26.627499,26.154108,0.119038,0.127018,,,,-0.410430,-0.935161,-1.990416,,,,,,
62040,-0.411919,-0.938511,-1.993347,-0.389844,-0.919606,-2.006980,0.438722,-0.118729,,,20.437458,19.606453,25.671633,25.273323,0.115532,0.121480,-0.026296,0.012381,-0.013633,-0.411932,-0.938533,-1.993727,,,,,,
62043,,,,,,,,,0.302142,0.652434,,,,,,,,,,,,,,,,,,
62056,,,,,,,,,0.384545,0.000000,,,27.590084,26.710403,0.094917,0.105689,,,,,,,,,,,,
62061,,,,,,,,,0.384545,0.000000,,,24.847923,24.652302,0.121456,0.125261,,,,,,,,,,,,
62070,,,,,,,,,0.357077,0.652434,,,24.174299,24.009703,0.127445,0.130806,,,,-0.416467,-0.948102,-1.993985,,,,,,
62080,,,,,,,,,0.357077,-0.652434,,,24.152054,24.013563,0.126925,0.129886,,,,-0.417891,-0.951206,-1.993923,,,,,,
62091,-0.418023,-0.951499,-1.996613,-0.398304,-0.937594,-2.014005,0.411183,-0.132671,0.357077,0.652434,20.338211,19.347031,23.588795,22.927725,0.130915,0.137434,-0.020809,0.012215,-0.017392,-0.419264,-0.954210,-1.997404,,,,,,
62100,,,,,,,,,0.384545,-1.304868,,,24.203955,23.647730,0.123990,0.129374,,,,-0.420550,-0.957095,-1.997459,,,,,,
62110,,,,,,,,,,,,,,,,,,,,-0.421875,-0.959950,-2.001014,,,,,,
62116,,,,,,,,,0.439480,2.609737,,,23.632463,25.342628,0.129046,0.111226,,,,,,,,,,,,
62120,,,,,,,,,0.329610,-2.609737,,,24.240698,23.501457,0.122183,0.128806,,,,-0.423060,-0.962674,-2.001209,,,,,,
62129,,,,,,,,,,,,,,,,,,,,-0.424397,-0.965253,-2.004586,,,,,,
62132,,,,,,,,,0.357077,-0.652434,,,24.207922,23.041382,0.121737,0.132668,,,,,,,,,,,,
62140,-0.425538,-0.967667,-2.006822,-0.406314,-0.954303,-2.021894,0.384007,-0.148709,0.274675,0.000000,18.809919,17.804708,,,,,-0.020233,0.011781,-0.015072,-0.425529,-0.967668,-2.004769,,,,,,
62143,,,,,,,,,,,,,23.091259,22.109732,0.116764,0.125701,,,,,,,,,,,,
62152,,,,,,,,,0.412012,-0.652434,,,23.785328,22.414928,0.108829,0.121727,,,,,,,,,,,,
62161,,,,,,,,,0.302142,0.652434,,,22.735687,22.127176,0.118540,0.123740,,,,,,,,,,,,
62170,,,,,,,,,,,,,,,,,,,,-0.429385,-0.976176,-2.011401,,,,,,
62175,,,,,,,,,0.247207,-0.652434,,,21.852520,20.795977,0.126763,0.136453,,,,,,,,,,,,
62180,,,,,,,,,0.384545,0.000000,,,22.198509,21.309534,0.122625,0.130617,,,,-0.430866,-0.979251,-2.014646,,,,,,
62189,-0.432577,-0.982619,-2.013934,,,,,,,,,,,,,,,,,-0.432477,-0.982392,-2.014585,,,,,,
62192,,,,-0.413882,-0.969757,-2.030785,0.357285,-0.167280,0.302142,0.652434,17.370741,16.238558,21.400539,21.197098,0.115407,0.115088,-0.019636,0.011375,-0.016851,,,,,,,,,
62200,,,,,,,,,0.302142,-0.652434,,,21.273670,20.557951,0.115895,0.120616,,,,-0.433935,-0.985311,-2.017884,,,,,,
62210,,,,,,,,,0.302142,-0.652434,,,21.166924,20.020174,0.116204,0.125237,,,,-0.435327,-0.988175,-2.014545,,,,,,
62220,,,,,,,,,0.329610,0.000000,,,21.077106,20.112230,0.116361,0.123542,,,,-0.436663,-0.990875,-2.017859,,,,,,
62230,,,,,,,,,,,,,,,,,,,,-0.438010,-0.993608,-2.017898,,,,,,
62235,,,,,,,,,0.274675,0.000000,,,20.456991,19.645144,0.121944,0.127531,,,,,,,,,,,,
62241,-0.438049,-0.993727,-2.017565,-0.421016,-0.983982,-2.040850,0.331106,-0.188937,0.329610,0.000000,16.829359,15.464830,,,,,-0.016147,0.011151,-0.023285,,,,,,,,,
62244,,,,,,,,,,,,,20.479769,19.796680,0.115573,0.117412,,,,-0.439364,-0.996377,-2.021147,,,,,,
62250,,,,,,,,,0.357077,-0.652434,,,20.498934,19.924183,0.114647,0.115245,,,,-0.440776,-0.999061,-2.024413,,,,,,
62260,,,,,,,,,0.274675,0.000000,,,20.515059,19.486921,0.113749,0.118814,,,,-0.442287,-1.001935,-2.024413,,,,,,
62270,,,,,,,,,0.302142,0.652434,,,19.984083,19.663553,0.118428,0.116207,,,,-0.443790,-1.004817,-2.024405,,,,,,
62280,,,,,,,,,0.302142,-0.652434,,,20.081863,19.267628,0.116799,0.119406,,,,-0.445206,-1.007704,-2.024305,,,,,,
62290,,,,,,,,,,,,,,,,,,,,-0.446571,-1.010533,-2.024396,,,,,,
62296,-0.446420,-1.010258,-2.026561,-0.427725,-0.997009,-2.052302,0.305552,-0.214385,0.274675,0.000000,14.190117,12.670972,19.619593,21.112669,0.093944,0.071329,-0.020125,0.010955,-0.025741,,,,,,,,,
62302,,,,,,,,,0.329610,0.000000,,,19.775183,18.853283,0.091271,0.092686,,,,,,,,,,,,
62311,,,,,,,,,0.247207,-0.652434,,,19.361551,18.041323,0.094373,0.099732,,,,,,,,,,,,
62320,,,,,,,,,0.247207,-0.652434,,,19.013523,17.358139,0.096888,0.105626,,,,-0.450688,-1.018629,-2.034067,,,,,,
62330,,,,,,,,,0.274675,0.000000,,,18.720692,17.327852,0.098911,0.104998,,,,-0.452080,-1.021338,-2.037393,,,,,,
62340,-0.453280,-1.023937,-2.039451,-0.434019,-1.008872,-2.065401,0.280702,-0.244538,,,12.138362,10.483522,,,,,-0.022141,0.010380,-0.025950,-0.453353,-1.024061,-2.040631,,,,,,
62343,,,,,,,,,0.274675,-1.304868,,,19.018847,16.757826,0.074035,0.087569,,,,,,,,,,,,
62350,,,,,,,,,,,,,,,,,,,,-0.454584,-1.026752,-2.047077,,,,,,
62365,,,,,,,,,-0.000000,0.000000,,,14.839000,14.154658,0.114194,0.111598,,,,,,,,,,,,
62369,,,,,,,,,,,,,,,,,,,,-0.457111,-1.031739,-2.050338,,,,,,
62372,,,,,,,,,0.357077,-4.567039,,,17.930964,16.266073,0.082116,0.089327,,,,,,,,,,,,
62380,,,,,,,,,0.247207,-0.652434,,,17.809826,16.408987,0.082193,0.086713,,,,-0.458350,-1.034076,-2.053563,,,,,,
62390,-0.459558,-1.036240,-2.058028,-0.439911,-1.019609,-2.080485,0.256627,-0.280590,,,10.196391,8.433477,,,,,-0.023894,0.009575,-0.022456,-0.459607,-1.036364,-2.056742,,,,,,
62393,,,,,,,,,0.219740,-1.304868,,,17.163359,15.440149,0.067845,0.074500,,,,,,,,,,,,
62400,,,,,,,,,0.192272,0.652434,,,16.619421,15.169513,0.072000,0.075859,,,,-0.460753,-1.038635,-2.059957,,,,,,
62410,,,,,,,,,0.219740,0.000000,,,16.161751,14.941799,0.075383,0.076834,,,,-0.461902,-1.040817,-2.063050,,,,,,
62420,,,,,,,,,0.192272,-0.652434,,,15.776668,14.205658,0.078118,0.083041,,,,-0.463064,-1.043007,-2.066329,,,,,,
62430,,,,,,,,,0.192272,-0.652434,,,15.452659,13.586268,0.080307,0.088205,,,,-0.464177,-1.045044,-2.066306,,,,,,
62440,-0.465197,-1.046797,-2.074026,-0.445411,-1.029259,-2.097974,0.233394,-0.324127,,,8.574772,6.581532,,,,,-0.024906,0.008875,-0.023948,-0.465290,-1.046992,-2.072504,,,,,,
62443,,,,,,,,,0.164805,0.000000,,,14.635494,13.609657,0.071050,0.068046,,,,,,,,,,,,
62450,,,,,,,,,,,,,,,,,,,,-0.466427,-1.049010,-2.075847,,,,,,
62456,,,,,,,,,0.192272,0.652434,,,13.947932,13.084793,0.076851,0.071994,,,,,,,,,,,,
62460,,,,,,,,,0.164805,-1.304868,,,13.913961,12.098630,0.076123,0.080752,,,,-0.467459,-1.050823,-2.078739,,,,,,
62470,,,,,,,,,0.164805,0.000000,,,13.340835,11.813416,0.080901,0.082558,,,,-0.468518,-1.052646,-2.081775,,,,,,
62480,,,,,,,,,0.137337,-0.652434,,,12.858606,11.028893,0.084867,0.089514,,,,-0.469613,-1.054408,-2.084904,,,,,,
62490,-0.470417,-1.055789,-2.089593,-0.450534,-1.037864,-2.118421,0.211062,-0.377282,,,7.191964,4.878178,,,,,-0.025425,0.008379,-0.028828,-0.470584,-1.056066,-2.088031,,,,,,
62493,,,,,,,,,0.192272,-0.652434,,,12.452859,10.913339,0.074044,0.072429,,,,,,,,,,,,
62500,,,,,,,,,0.109870,0.000000,,,12.111464,10.271568,0.076474,0.077768,,,,-0.471593,-1.057701,-2.090744,,,,,,
62510,,,,,,,,,0.164805,0.000000,,,11.824213,10.276126,0.078420,0.076642,,,,-0.472571,-1.059211,-2.093899,,,,,,
62520,,,,,,,,,0.137337,-0.652434,,,11.582520,9.735417,0.079959,0.081078,,,,-0.473425,-1.060655,-2.093899,,,,,,
62530,,,,,,,,,0.164805,0.000000,,,11.379161,9.825008,0.081155,0.079193,,,,-0.474226,-1.061956,-2.096897,,,,,,
62540,-0.474838,-1.063010,-2.102073,-0.455292,-1.045469,-2.142547,0.189690,-0.442967,0.109870,0.000000,6.191360,3.423250,,,,,-0.025026,0.007965,-0.040474,-0.474868,-1.063017,-2.103216,,,,,,
62543,,,,,,,,,,,,,10.663511,9.355847,0.077411,0.068149,,,,,,,,,,,,
62550,,,,,,,,,,,,,,,,,,,,-0.475457,-1.064086,-2.106920,,,,,,
62556,,,,,,,,,0.219740,-1.304868,,,11.694993,9.505638,0.065995,0.065434,,,,,,,,,,,,
62560,,,,,,,,,0.054935,0.000000,,,10.384708,8.542585,0.078260,0.074041,,,,-0.475960,-1.065010,-2.110252,,,,,,
62570,,,,,,,,,0.137337,-0.652434,,,10.371322,8.276816,0.077557,0.075728,,,,-0.476576,-1.065884,-2.116679,,,,,,
62580,,,,,,,,,0.137337,-0.652434,,,10.360059,8.053199,0.076836,0.077038,,,,-0.477121,-1.066654,-2.123007,,,,,,
62590,-0.477625,-1.067555,-2.129849,-0.459701,-1.052120,-2.171314,0.169329,-0.525226,,,5.805007,2.635214,,,,,-0.022591,0.007008,-0.041465,-0.477553,-1.067434,-2.129405,,,,,,
62593,,,,,,,,,0.082402,-0.652434,,,9.806039,7.320504,0.077713,0.075548,,,,,,,,,,,,
62600,,,,,,,,,0.137337,-0.652434,,,9.884429,7.248557,0.076113,0.075344,,,,-0.477993,-1.068195,-2.136007,,,,,,
62610,,,,,,,,,0.137337,-0.652434,,,9.950387,7.188021,0.074624,0.075039,,,,-0.478375,-1.068763,-2.139370,,,,,,
62620,,,,,,,,,0.082402,-0.652434,,,9.461341,6.592543,0.078783,0.080202,,,,-0.478688,-1.069271,-2.142662,,,,,,
62630,,,,,,,,,0.137337,-0.652434,,,9.594400,6.636051,0.076695,0.078967,,,,-0.478953,-1.069681,-2.149067,,,,,,
62640,-0.479391,-1.070307,-2.153162,-0.463775,-1.057863,-2.206027,0.150029,-0.629760,,,5.917777,2.132394,,,,,-0.018982,0.006197,-0.052865,-0.479210,-1.070032,-2.152309,,,,,,
62643,,,,,,,,,0.137337,-0.652434,,,9.161814,6.672659,0.081500,0.072665,,,,,,,,,,,,
62650,,,,,,,,,,,,,,,,,,,,-0.479391,-1.070308,-2.155490,,,,,,
62656,,,,,,,,,0.082402,0.652434,,,8.797835,6.703461,0.084564,0.071443,,,,,,,,,,,,
62660,,,,,,,,,0.109870,-1.304868,,,9.036127,6.184834,0.081557,0.075818,,,,-0.479524,-1.070501,-2.158736,,,,,,
62670,,,,,,,,,0.082402,0.652434,,,8.147539,6.293005,0.089997,0.073905,,,,-0.479672,-1.070706,-2.161905,,,,,,
62679,,,,,,,,,,,,,,,0.091623,0.077698,,,,-0.480126,-1.071428,-2.165056,,,,,,
62682,,,,,,,,,0.082402,-0.652434,,,7.944425,5.839477,,,,,,,,,,,,,,
62689,-0.480725,-1.072417,-2.172549,,,,,,,,,,,,,,,,,-0.480635,-1.072298,-2.171337,,,,,,
62692,,,,-0.467529,-1.062748,-2.248489,0.131839,-0.764731,0.054935,0.000000,6.190251,1.556719,7.228981,5.457878,0.101294,0.074977,-0.015441,0.005405,-0.075939,,,,,,,,,
62700,,,,,,,,,0.109870,-1.304868,,,7.716094,4.592258,0.096118,0.083027,,,,-0.481140,-1.073166,-2.177601,,,,,,
62710,,,,,,,,,,,,,,,,,,,,-0.481637,-1.073927,-2.186916,,,,,,
62715,,,,,,,,,0.027467,-0.652434,,,7.036863,4.408468,0.102741,0.084294,,,,,,,,,,,,
62720,,,,,,,,,0.164805,-1.304868,,,7.554445,4.798371,0.097292,0.079747,,,,-0.481990,-1.074568,-2.196281,,,,,,
62730,,,,,,,,,0.054935,-1.304868,,,7.989939,4.037349,0.092577,0.086861,,,,-0.482442,-1.075230,-2.205599,,,,,,
62740,-0.482803,-1.075781,-2.213974,-0.470979,-1.066824,-2.301214,0.114812,-0.941979,,,5.925284,0.351231,,,,,-0.014259,0.004090,-0.087239,-0.482845,-1.075886,-2.211792,,,,,,
62743,,,,,,,,,0.082402,-0.652434,,,7.811820,3.941568,0.091331,0.075046,,,,,,,,,,,,
62750,,,,,,,,,0.082402,-0.652434,,,7.661951,3.860978,0.092483,0.075150,,,,-0.483430,-1.076752,-2.224186,,,,,,
62760,,,,,,,,,0.082402,-1.957303,,,8.080394,3.248626,0.087867,0.080694,,,,-0.483908,-1.077545,-2.236517,,,,,,
62770,,,,,,,,,,,,,,,,,,,,-0.484425,-1.078330,-2.245717,,,,,,
62775,,,,,,,,,0.109870,-1.304868,,,8.432472,3.277937,0.083845,0.079815,,,,,,,,,,,,
62780,,,,,,,,,0.054935,0.000000,,,7.639624,3.302599,0.091431,0.078978,,,,-0.484887,-1.079005,-2.257998,,,,,,
62790,-0.485303,-1.079542,-2.265496,-0.474140,-1.070140,-2.367769,0.099007,-1.178780,,,5.531029,-1.302640,,,,,-0.014369,0.002557,-0.102274,-0.485380,-1.079686,-2.270215,,,,,,
62793,,,,,,,,,0.082402,-1.957303,,,8.061608,2.778806,0.082762,0.066861,,,,,,,,,,,,
62800,,,,,,,,,0.082402,-1.957303,,,7.872123,2.338087,0.084189,0.070540,,,,-0.485899,-1.080386,-2.282412,,,,,,
62810,,,,,,,,,,,,,,,,,,,,-0.486418,-1.081093,-2.294550,,,,,,
62815,,,,,,,,,0.054935,-1.304868,,,8.257233,1.967266,0.079793,0.073595,,,,,,,,,,,,
62820,,,,,,,,,0.082402,-0.652434,,,8.036721,2.199801,0.081497,0.070569,,,,-0.486912,-1.081761,-2.306689,,,,,,
62829,,,,,,,,,,,,,,,,,,,,-0.487359,-1.082411,-2.318767,,,,,,
62832,,,,,,,,,0.054935,-1.304868,,,7.851182,1.850912,0.082888,0.073427,,,,,,,,,,,,
62842,-0.487340,-1.082343,-2.319771,-0.477027,-1.072746,-2.453202,0.084498,-1.500107,0.082402,-0.652434,5.583303,-3.018178,7.695070,2.101900,0.084549,0.052738,-0.014050,0.001019,-0.133431,-0.487933,-1.083055,-2.333879,,,,,,
62850,,,,,,,,,0.082402,-1.957303,,,8.108261,1.768539,0.079913,0.055114,,,,-0.488399,-1.083589,-2.345905,,,,,,
62860,,,,,,,,,0.054935,-1.304868,,,7.911376,1.488048,0.081416,0.057018,,,,-0.488847,-1.084170,-2.357918,,,,,,
62869,,,,,,,,,,,,,,,,,,,,-0.489256,-1.084698,-2.372842,,,,,,
62875,,,,,,,,,0.082402,-1.957303,,,8.290260,1.252043,0.077086,0.058524,,,,,,,,,,,,
62880,,,,,,,,,0.027467,-0.652434,,,7.519967,1.053469,0.084401,0.059695,,,,-0.489715,-1.085214,-2.384757,,,,,,
62890,-0.490060,-1.085573,-2.395667,-0.479658,-1.074691,-2.564482,0.071389,-1.940422,0.054935,-1.304868,5.658152,-5.312869,,,,,-0.015025,-0.000934,-0.168815,-0.490221,-1.085779,-2.399632,,,,,,
62893,,,,,,,,,,,,,7.416386,0.886389,0.085834,0.037179,,,,,,,,,,,,
62900,,,,,,,,,0.082402,-1.957303,,,7.873775,0.745807,0.080817,0.037373,,,,-0.490601,-1.086264,-2.414445,,,,,,
62910,,,,,,,,,0.054935,-1.304868,,,7.714080,0.627522,0.082003,0.037368,,,,-0.490979,-1.086766,-2.429288,,,,,,
62920,,,,,,,,,0.054935,-1.304868,,,7.579712,0.527997,0.082962,0.037195,,,,-0.491387,-1.087234,-2.441135,,,,,,
62930,,,,,,,,,,,,,,,,,,,,-0.491882,-1.087709,-2.455796,,,,,,
62935,,,,,,,,,0.082402,-1.957303,,,8.011199,0.444257,0.078176,0.036881,,,,,,,,,,,,
62940,-0.492312,-1.088073,-2.469735,-0.482046,-1.076026,-2.710417,0.059828,-2.540702,,,6.401058,-7.875699,,,,,-0.015533,-0.003038,-0.240681,-0.492230,-1.088059,-2.467555,,,,,,
62943,,,,,,,,,0.027467,-0.652434,,,7.285165,0.373798,0.092689,0.010307,,,,,,,,,,,,
62950,,,,,,,,,0.054935,-1.304868,,,7.218823,0.314513,0.093189,0.009262,,,,-0.492698,-1.088503,-2.482194,,,,,,
62960,,,,,,,,,0.054935,-1.304868,,,7.163003,0.264631,0.093595,0.008133,,,,-0.493045,-1.088813,-2.493850,,,,,,
62969,,,,,,,,,,,,,,,,,,,,-0.493390,-1.089176,-2.505520,,,,,,
62975,,,,,,,,,0.082402,-1.957303,,,7.116036,0.222661,0.093921,0.006933,,,,,,,,,,,,
62980,,,,,,,,,0.027467,-0.652434,,,7.076518,0.187347,0.094181,0.005673,,,,-0.493736,-1.089488,-2.520077,,,,,,
62989,-0.494148,-1.089827,-2.529236,,,,,,,,,,,,,,,,,-0.494216,-1.089911,-2.531698,,,,,,
62992,,,,-0.484208,-1.076799,-2.899487,0.050034,-3.327167,0.027467,-0.652434,7.851635,-10.808712,6.498724,0.157634,0.114736,-0.025553,-0.015622,-0.004947,-0.370251,,,,,,,,,
62999,,,,,,,,,,,,,,,,,,,,-0.494618,-1.090281,-2.543282,,,,,,
63002,,,,,,,,,0.082402,-1.957303,,,7.101655,0.132633,0.108856,-0.027491,,,,,,,,,,,,
63009,,,,,,,,,,,,,,,,,,,,-0.495061,-1.090585,-2.554891,,,,,,
63012,,,,,,,,,0.054935,-1.304868,,,7.064418,0.111597,0.109386,-0.029465,,,,,,,,,,,,
63020,,,,,,,,,0.054935,-1.304868,,,7.033087,0.093898,0.109863,-0.031468,,,,-0.495434,-1.090874,-2.569336,,,,,,
63030,,,,,,,,,,,,,,,,,,,,-0.495962,-1.091275,-2.586627,,,,,,
63035,,,,,,,,,0.082402,-1.957303,,,7.551269,0.079006,0.104741,-0.033497,,,,,,,,,,,,
63039,-0.496557,-1.091711,-2.603194,,,,,,,,,,,,,,,,,-0.496459,-1.091682,-2.601004,,,,,,
63042,,,,-0.486159,-1.077056,-3.132955,0.042309,-4.244018,0.027467,-0.652434,9.504663,-14.189310,6.898180,0.066475,0.128324,-0.070029,-0.016442,-0.007250,-0.529761,,,,,,,,,
63049,,,,,,,,,,,,,,,,,,,,-0.497017,-1.092031,-2.615320,,,,,,
63052,,,,,,,,,0.082402,-1.957303,,,7.437757,0.055932,0.123342,-0.072772,,,,,,,,,,,,
63059,,,,,,,,,,,,,,,0.119124,-0.075531,,,,-0.497549,-1.092380,-2.632504,,,,,,
63062,,,,,,,,,0.082402,-1.957303,,,7.891757,0.047061,,,,,,,,,,,,,,
63070,,,,,,,,,0.027467,-1.957303,,,7.729210,-0.504946,0.121105,-0.072748,,,,-0.498115,-1.092751,-2.649644,,,,,,
63080,,,,,,,,,0.054935,-2.609737,,,8.136986,-0.969404,0.117300,-0.070747,,,,-0.498709,-1.093123,-2.666752,,,,,,
63089,,,,,,,,,,,,,,,,,,,,-0.499363,-1.093616,-2.686665,,,,,,
63095,-0.499537,-1.093668,-2.690611,-0.487913,-1.076846,2.888594,0.036995,-5.041374,0.109870,-2.609737,10.785035,-17.269108,,,,,-0.017794,-0.010073,-0.703981,,,,,,,,,
63098,,,,,,,,,,,,,9.024632,-0.815657,0.121580,-0.106373,,,,-0.499988,-1.093978,-2.709367,,,,,,
63102,,,,,,,,,0.054935,-1.304868,,,8.682410,-0.686293,0.125423,-0.110984,,,,,,,,,,,,
63110,,,,,,,,,0.054935,-2.609737,,,8.939009,-1.121990,0.123226,-0.109856,,,,-0.500570,-1.094382,-2.734839,,,,,,
63120,,,,,,,,,0.082402,-3.262171,,,9.154910,-1.488586,0.121393,-0.109346,,,,-0.501243,-1.094724,-2.757425,,,,,,
63130,,,,,,,,,,,,,,,,,,,,-0.501963,-1.095102,-2.788400,,,,,,
63135,,,,,,,,,0.082402,-4.567039,,,9.881113,-1.797039,0.114312,-0.109356,,,,,,,,,,,,
63140,-0.502726,-1.095508,-2.827654,-0.489484,-1.076213,2.631972,0.034296,-5.304973,0.027467,-0.652434,10.999432,-18.522192,,,,,-0.018553,-0.014263,-0.823560,-0.502663,-1.095549,-2.819289,,,,,,
63143,,,,,,,,,,,,,9.947597,-2.056572,0.116001,-0.122585,,,,,,,,,,,,
63149,,,,,,,,,,,,,,,,,,,,-0.503344,-1.095872,-2.852899,,,,,,
63152,,,,,,,,,0.082402,-4.567039,,,11.092623,-2.819486,0.104532,-0.118096,,,,,,,,,,,,
63160,,,,,,,,,0.054935,-3.914605,,,11.511504,-3.461401,0.100241,-0.114689,,,,-0.503897,-1.096161,-2.889216,,,,,,
63169,,,,,,,,,,,,,,,,,,,,-0.504445,-1.096480,-2.925450,,,,,,
63172,,,,,,,,,0.054935,-3.914605,,,11.863951,-4.001509,0.096544,-0.112192,,,,,,,,,,,,
63179,,,,,,,,,,,,,,,,,,,,-0.505059,-1.096792,-2.964425,,,,,,
63182,,,,,,,,,0.027467,-3.262171,,,11.615956,-4.455956,0.098900,-0.110461,,,,,,,,,,,,
63189,,,,,,,,,,,,,,,,,,,,-0.505687,-1.097118,-3.003283,,,,,,
63195,-0.505891,-1.097070,-3.010444,-0.490887,-1.075201,2.410236,0.034020,-4.854028,0.109870,-5.219473,9.993659,-17.203474,11.951837,-4.838327,0.095351,-0.109374,-0.017736,-0.019719,-0.862505,,,,,,,,,
63200,,,,,,,,,0.000000,-2.609737,,,12.234447,-5.160054,0.082019,-0.095378,,,,-0.506191,-1.097362,-3.042227,,,,,,
63209,,,,,,,,,,,,,,,,,,,,-0.506611,-1.097490,-3.080990,,,,,,
63212,,,,,,,,,0.054935,-3.914605,,,12.472235,-5.430755,0.079145,-0.095026,,,,,,,,,,,,
63220,,,,,,,,,0.027467,-3.262171,,,12.127767,-5.658523,0.082163,-0.095057,,,,-0.507025,-1.097682,-3.116985,,,,,,
63230,,,,,,,,,0.027467,-3.262171,,,11.837931,-5.850167,0.084693,-0.095411,,,,-0.507456,-1.097822,3.130306,,,,,,
63239,-0.507844,-1.097918,3.095604,,,,,,,,,,,,,,,,,-0.507897,-1.097989,3.094319,,,,,,
63242,,,,-0.492135,-1.073852,2.234002,0.035557,-3.982691,0.027467,-1.957303,8.690304,-14.000431,11.049520,-5.466873,0.079071,-0.068920,-0.014586,-0.024762,-0.861602,,,,,,,,,
63250,,,,,,,,,,,,,,,,,,,,-0.508367,-1.098141,3.061024,,,,,,
63255,,,,,,,,,0.027467,-3.262171,,,10.930694,-6.233456,0.079812,-0.062808,,,,,,,,,,,,
63260,,,,,,,,,0.054935,-3.914605,,,11.375257,-5.789372,0.074829,-0.068891,,,,-0.508766,-1.098237,3.027834,,,,,,
63270,,,,,,,,,0.027467,-1.957303,,,10.660226,-5.415720,0.081585,-0.074345,,,,-0.509206,-1.098376,2.997296,,,,,,
63280,,,,,,,,,0.027467,-3.262171,,,10.603143,-5.645873,0.081774,-0.073714,,,,-0.509526,-1.098400,2.969531,,,,,,
63290,-0.509817,-1.098382,2.940959,-0.493240,-1.072207,2.098995,0.038161,-3.084760,,,7.519743,-10.546340,,,0.075495,-0.043732,-0.011028,-0.028954,-0.841964,-0.509874,-1.098441,2.941734,,,,,,
63293,,,,,,,,,0.000000,-2.609737,,,10.010570,-5.294980,,,,,,,,,,,,,,
63300,,,,,,,,,0.082402,-1.957303,,,10.056521,-4.999738,0.074529,-0.047794,,,,-0.510197,-1.098475,2.919468,,,,,,
63309,,,,,,,,,,,,,,,,,,,,-0.510543,-1.098474,2.899952,,,,,,
63312,,,,,,,,,0.054935,-1.304868,,,9.550642,-4.206779,0.079181,-0.056991,,,,,,,,,,,,
63320,,,,,,,,,0.027467,-1.957303,,,9.124995,-4.084126,0.083117,-0.059510,,,,-0.510791,-1.098480,2.883184,,,,,,
63329,,,,,,,,,,,,,,,,,,,,-0.511004,-1.098476,2.866535,,,,,,
63332,,,,,,,,,0.054935,-1.304868,,,8.766856,-3.436383,0.086449,-0.067410,,,,,,,,,,,,
63340,-0.511367,-1.098366,2.854519,-0.494216,-1.070304,1.996200,0.041223,-2.347221,0.000000,-1.304868,6.474539,-7.889044,,,,,-0.008503,-0.031770,-0.858319,-0.511264,-1.098423,2.852577,,,,,,
63343,,,,,,,,,,,,,7.920975,-3.435916,0.084166,-0.041732,,,,,,,,,,,,
63355,,,,,,,,,0.027467,-1.957303,,,7.753794,-3.435522,0.085582,-0.042627,,,,,,,,,,,,
63361,,,,,,,,,0.027467,-0.652434,,,7.068584,-2.890648,0.092315,-0.049075,,,,,,,,,,,,
63370,,,,,,,,,0.027467,-0.652434,,,6.492049,-2.432191,0.098077,-0.054751,,,,-0.512332,-1.098287,2.827325,,,,,,
63380,,,,,,,,,0.027467,-0.652434,,,6.006952,-2.046445,0.103022,-0.059777,,,,-0.512573,-1.098178,2.818954,,,,,,
63389,-0.512881,-1.098039,2.811457,-0.495074,-1.068180,1.917232,0.044337,-1.792834,,,,,,,,,,,,-0.512900,-1.098047,2.810500,,,,,,
63392,,,,,,,,,0.027467,-0.652434,5.552392,-6.113157,5.598792,-1.721878,0.097873,-0.046142,-0.007166,-0.034019,-0.894225,,,,,,,,,
63400,,,,,,,,,0.054935,-1.304868,,,5.799909,-1.448788,0.095812,-0.049806,,,,-0.513284,-1.097997,2.802104,,,,,,
63410,,,,,,,,,0.027467,-0.652434,,,5.424586,-1.219010,0.099591,-0.053083,,,,-0.513680,-1.097951,2.790903,,,,,,
63420,,,,,,,,,0.054935,-1.304868,,,5.653332,-1.025675,0.097283,-0.056033,,,,-0.514063,-1.097821,2.782535,,,,,,
63429,,,,,,,,,,,,,,,0.095300,-0.058710,,,,-0.514460,-1.097693,2.774025,,,,,,
63432,,,,,,,,,0.054935,-1.304868,,,5.845799,-0.863003,,,,,,,,,,,,,,
63440,-0.514921,-1.097510,2.761371,-0.495825,-1.065870,1.855682,0.047261,-1.387143,0.027467,-0.652434,4.989482,-4.713158,,,,,-0.005990,-0.036467,-0.905689,-0.514873,-1.097550,2.762759,,,,,,
63443,,,,,,,,,,,,,5.463198,-0.726130,0.093402,-0.046876,,,,,,,,,,,,
63450,,,,,,,,,,,,,,,,,,,,-0.515356,-1.097405,2.751420,,,,,,
63456,,,,,,,,,0.054935,-1.304868,,,5.685821,-0.610966,0.091036,-0.048848,,,,,,,,,,,,
63460,,,,,,,,,0.027467,-0.652434,,,5.328592,-0.514067,0.094541,-0.050657,,,,-0.515776,-1.097290,2.740170,,,,,,
63470,,,,,,,,,0.054935,-1.304868,,,5.572563,-0.432536,0.091984,-0.052329,,,,-0.516316,-1.097140,2.728867,,,,,,
63480,,,,,,,,,0.054935,-1.304868,,,5.777840,-0.363935,0.089774,-0.053885,,,,-0.516833,-1.096986,2.717590,,,,,,
63489,-0.517344,-1.096837,2.705424,-0.496479,-1.063406,1.806955,0.049859,-1.090026,,,,,,,,,,,,-0.517336,-1.096876,2.706275,,,,,,
63492,,,,,,,,,0.054935,-1.304868,4.724752,-3.536470,5.950561,-0.306215,0.085154,-0.043341,-0.004788,-0.039116,-0.898468,,,,,,,,,
63500,,,,,,,,,0.054935,-1.304868,,,6.095887,-0.257649,0.083427,-0.044482,,,,-0.517837,-1.096683,2.694854,,,,,,
63509,,,,,,,,,,,,,,,,,,,,-0.518372,-1.096494,2.683571,,,,,,
63515,,,,,,,,,0.027467,-0.652434,,,5.673622,-0.216786,0.087460,-0.045555,,,,,,,,,,,,
63520,,,,,,,,,0.054935,-1.304868,,,5.862871,-0.182404,0.085340,-0.046570,,,,-0.518914,-1.096279,2.672197,,,,,,
63530,,,,,,,,,0.027467,-0.652434,,,5.477562,-0.153475,0.089042,-0.047535,,,,-0.519430,-1.096068,2.660792,,,,,,
63540,-0.519937,-1.095866,2.646042,-0.497046,-1.060818,1.767813,0.052060,-0.869693,0.054935,-1.304868,4.688908,-2.486585,,,,,-0.003472,-0.041718,-0.878229,-0.520062,-1.095833,2.643591,,,,,,
63543,,,,,,,,,,,,,5.697906,-0.129134,0.086278,-0.037751,,,,,,,,,,,,
63549,,,,,,,,,,,,,,,,,,,,-0.520552,-1.095598,2.634972,,,,,,
63552,,,,,,,,,0.082402,-1.957303,,,6.427847,-0.108653,0.078631,-0.038432,,,,,,,,,,,,
63560,,,,,,,,,0.054935,-1.304868,,,6.497477,-0.091421,0.077573,-0.039083,,,,-0.521030,-1.095357,2.623552,,,,,,
63569,,,,,,,,,,,,,,,,,,,,-0.521429,-1.095141,2.612115,,,,,,
63575,,,,,,,,,0.027467,-0.652434,,,6.011519,-0.076921,0.082168,-0.039710,,,,,,,,,,,,
63579,,,,,,,,,,,,,,,,,,,,-0.521873,-1.094978,2.603570,,,,,,
63582,,,,,,,,,0.054935,-1.304868,,,6.147178,-0.064722,0.080520,-0.040317,,,,,,,,,,,,
63590,-0.522284,-1.094753,2.591168,-0.497535,-1.058135,1.735960,0.053835,-0.703543,,,4.833135,-1.510078,,,,,-0.001941,-0.044154,-0.855207,-0.522282,-1.094777,2.592118,,,,,,
63593,,,,,,,,,0.027467,-0.652434,,,5.716778,-0.054457,0.086090,-0.030945,,,,,,,,,,,,
63600,,,,,,,,,0.027467,-0.652434,,,5.354639,-0.045820,0.089607,-0.031324,,,,-0.522651,-1.094533,2.583487,,,,,,
63609,,,,,,,,,,,,,,,,,,,,-0.522959,-1.094332,2.571921,,,,,,
63615,,,,,,,,,0.027467,-0.652434,,,5.594479,-0.038553,0.087056,-0.031691,,,,,,,,,,,,
63620,,,,,,,,,0.082402,-1.957303,,,5.796280,-0.032438,0.084845,-0.032048,,,,-0.523259,-1.094205,2.563305,,,,,,
63630,,,,,,,,,-0.000000,0.000000,,,4.876989,-0.027294,0.094030,-0.032396,,,,-0.523511,-1.094116,2.554675,,,,,,
63640,-0.523639,-1.094042,2.549787,-0.497956,-1.055384,1.709747,0.055178,-0.576018,0.027467,-0.652434,5.225618,-0.481331,,,,,0.000250,-0.046411,-0.840040,-0.523763,-1.093977,2.545996,,,,,,
63643,,,,,,,,,,,,,4.648041,-0.022965,0.100359,-0.022244,,,,,,,,,,,,
63649,,,,,,,,,,,,,,,,,,,,-0.524177,-1.093706,2.540142,,,,,,
63652,,,,,,,,,0.054935,-1.304868,,,4.999948,-0.019323,0.096885,-0.022372,,,,,,,,,,,,
63660,,,,,,,,,0.027467,-0.652434,,,4.751498,-0.016258,0.099465,-0.022496,,,,-0.524641,-1.093415,2.534283,,,,,,
63670,,,,,,,,,,,,,,,,,,,,-0.524923,-1.093237,2.522672,,,,,,
63675,,,,,,,,,0.027467,-0.652434,,,4.542453,-0.013680,0.101692,-0.022615,,,,,,,,,,,,
63679,,,,,,,,,,,,,,,0.098068,-0.022731,,,,-0.525133,-1.093131,2.514035,,,,,,
63682,,,,,,,,,0.054935,-1.304868,,,4.911106,-0.011510,,,,,,,,,,,,,,
63691,-0.525195,-1.093073,2.511560,-0.498315,-1.052587,1.687972,0.056098,-0.476455,0.027467,-0.652434,5.578923,0.386778,4.676747,-0.009684,0.104125,-0.013989,0.002134,-0.048550,-0.823588,,,,,,,,,
63694,,,,,,,,,,,,,,,,,,,,-0.525374,-1.093011,2.505275,,,,,,
63700,,,,,,,,,0.054935,-1.304868,,,5.024101,-0.008149,0.100763,-0.013925,,,,-0.525688,-1.092870,2.496579,,,,,,
63710,,,,,,,,,0.054935,-1.304868,,,5.316364,-0.006856,0.097893,-0.013860,,,,-0.526139,-1.092583,2.487805,,,,,,
63720,,,,,,,,,0.027467,-0.652434,,,5.017731,-0.005769,0.100991,-0.013792,,,,-0.526532,-1.092358,2.476118,,,,,,
63730,,,,,,,,,,,,,,,,,,,,-0.526904,-1.092123,2.467327,,,,,,
63735,,,,,,,,,0.082402,-1.957303,,,5.855548,-0.004854,0.092558,-0.013723,,,,,,,,,,,,
63740,-0.527327,-1.091765,2.452099,-0.498620,-1.049768,1.669743,0.056615,-0.397482,,,6.145430,1.442739,,,,,0.004567,-0.050665,-0.782356,-0.527228,-1.091881,2.455617,,,,,,
63743,,,,,,,,,-0.000000,0.000000,,,5.471400,-0.004084,0.102199,-0.002881,,,,,,,,,,,,
63750,,,,,,,,,0.054935,-1.304868,,,5.148179,-0.003436,0.105631,-0.002599,,,,-0.527661,-1.091594,2.443780,,,,,,
63759,,,,,,,,,,,,,,,,,,,,-0.528141,-1.091269,2.434962,,,,,,
63762,,,,,,,,,0.054935,-1.304868,,,5.420763,-0.002891,0.103050,-0.002315,,,,,,,,,,,,
63770,,,,,,,,,,,,,,,,,,,,-0.528631,-1.090950,2.420153,,,,,,
63775,,,,,,,,,0.082402,-1.957303,,,5.650115,-0.002433,0.100855,-0.002031,,,,,,,,,,,,
63780,,,,,,,,,0.027467,-0.652434,,,5.843093,-0.002047,0.098986,-0.001745,,,,-0.529150,-1.090607,2.405396,,,,,,
63790,-0.529472,-1.090354,2.395726,-0.498878,-1.046946,1.654384,0.056752,-0.333932,0.054935,-1.304868,6.716704,2.444926,,,,,0.006986,-0.052645,-0.741343,-0.529573,-1.090307,2.393551,,,,,,
63793,,,,,,,,,,,,,6.005464,-0.001722,0.103217,0.008763,,,,,,,,,,,,
63800,,,,,,,,,0.054935,-1.304868,,,6.142083,-0.001449,0.101966,0.009249,,,,-0.529987,-1.089961,2.381655,,,,,,
63810,,,,,,,,,0.082402,-1.957303,,,6.801578,-0.001219,0.095354,0.009736,,,,-0.530386,-1.089617,2.369734,,,,,,
63820,,,,,,,,,0.054935,-1.304868,,,6.267390,-0.001026,0.100786,0.010223,,,,-0.530880,-1.089189,2.354751,,,,,,
63829,,,,,,,,,,,,,,,,,,,,-0.531336,-1.088825,2.342775,,,,,,
63835,,,,,,,,,0.082402,-1.957303,,,6.907011,-0.000863,0.094352,0.010711,,,,,,,,,,,,
63840,-0.531864,-1.088336,2.327930,-0.499094,-1.044139,1.641379,0.056539,-0.282127,,,7.359565,3.514956,,,,,0.009615,-0.054173,-0.686551,-0.531818,-1.088419,2.330684,,,,,,
63843,,,,,,,,,0.027467,-0.652434,,,6.900644,-0.000726,0.100936,0.022113,,,,,,,,,,,,
63850,,,,,,,,,0.054935,-1.304868,,,6.895288,-0.000611,0.101082,0.022815,,,,-0.532224,-1.088047,2.315646,,,,,,
63860,,,,,,,,,0.054935,-1.304868,,,6.890780,-0.000514,0.101221,0.023517,,,,-0.532631,-1.087585,2.303543,,,,,,
63870,,,,,,,,,0.054935,-1.304868,,,6.886988,-0.000433,0.101353,0.024219,,,,-0.533038,-1.087240,2.288392,,,,,,
63880,,,,,,,,,0.054935,-1.304868,,,6.883797,-0.000364,0.101480,0.024922,,,,-0.533470,-1.086862,2.273171,,,,,,
63890,,,,,,,,,,,,,,,,,,,,-0.533872,-1.086431,2.260923,,,,,,
63896,-0.533856,-1.086418,2.261071,-0.499274,-1.041365,1.630324,0.056005,-0.239411,0.054935,-1.304868,8.125911,4.682355,7.970199,-0.000306,0.098311,0.037532,0.012719,-0.055353,-0.630747,,,,,,,,,
63900,,,,,,,,,0.082402,-1.957303,,,7.250667,-0.000258,0.105681,0.038468,,,,-0.534325,-1.085934,2.245622,,,,,,
63910,,,,,,,,,0.054935,-1.304868,,,7.189797,-0.000217,0.106477,0.039404,,,,-0.534768,-1.085471,2.233322,,,,,,
63920,,,,,,,,,0.054935,-1.304868,,,7.138581,-0.000182,0.107187,0.040340,,,,-0.535196,-1.085027,2.217899,,,,,,
63930,,,,,,,,,,,,,,,,,,,,-0.535589,-1.084575,2.202437,,,,,,
63935,,,,,,,,,0.054935,-1.304868,,,8.184574,-0.000154,0.096715,0.041276,,,,,,,,,,,,
63940,-0.535977,-1.084068,2.187639,-0.499424,-1.038636,1.620902,0.055182,-0.203829,,,8.906450,5.865160,,,,,0.015915,-0.056097,-0.566738,-0.536017,-1.084052,2.186889,,,,,,
63943,,,,,,,,,0.082402,-1.957303,,,7.431043,-0.000129,0.112351,0.054277,,,,,,,,,,,,
63950,,,,,,,,,0.054935,-1.304868,,,7.341565,-0.000109,0.113559,0.055450,,,,-0.536472,-1.083548,2.174387,,,,,,
63960,,,,,,,,,0.082402,-1.957303,,,7.810821,-0.000091,0.109085,0.056623,,,,-0.536910,-1.083005,2.158697,,,,,,
63970,,,,,,,,,0.082402,-0.652434,,,7.661110,0.544466,0.110832,0.052241,,,,-0.537363,-1.082465,2.139814,,,,,,
63980,,,,,,,,,0.082402,-1.957303,,,8.079687,0.458114,0.106811,0.054186,,,,-0.537776,-1.081918,2.124004,,,,,,
63990,-0.538194,-1.081260,2.106629,-0.499547,-1.035965,1.612855,0.054100,-0.173928,,,9.697021,7.066241,7.887334,0.385457,0.117002,0.068260,0.019215,-0.056356,-0.493773,-0.538193,-1.081320,2.108173,,,,,,
63993,,,,,,,,,0.054935,-1.304868,,,,,,,,,,,,,,,,,,
64000,,,,,,,,,0.082402,-1.957303,,,8.270031,0.324323,0.113461,0.070219,,,,-0.538648,-1.080728,2.089043,,,,,,
64010,,,,,,,,,0.082402,-1.957303,,,8.592032,0.272886,0.110462,0.072092,,,,-0.539162,-1.080041,2.069749,,,,,,
64020,,,,,,,,,0.082402,-1.957303,,,8.862965,0.229606,0.107919,0.073893,,,,-0.539620,-1.079364,2.053634,,,,,,
64029,,,,,,,,,,,,,,,0.105761,0.075631,,,,-0.540101,-1.078673,2.034174,,,,,,
64032,,,,,,,,,0.082402,-1.957303,,,9.090927,0.193190,,,,,,,,,,,,,,
64039,-0.540563,-1.077905,2.011103,-0.499647,-1.033365,1.605978,0.052790,-0.148609,,,,,,,,,,,,-0.540604,-1.077931,2.011317,,,,,,
64042,,,,,,,,,0.054935,-1.304868,10.554183,8.364871,8.738192,0.162550,0.118223,0.090564,0.022852,-0.055998,-0.405125,,,,,,,,,
64049,,,,,,,,,,,,,,,,,,,,-0.541032,-1.077156,1.991592,,,,,,
64055,,,,,,,,,0.082402,-1.957303,,,8.985943,0.136770,0.116059,0.092468,,,,,,,,,,,,
64060,,,,,,,,,0.109870,-2.609737,,,9.738944,0.115078,0.108692,0.094335,,,,-0.541526,-1.076331,1.971718,,,,,,
64069,,,,,,,,,,,,,,,0.107947,0.090617,,,,-0.542019,-1.075534,1.951756,,,,,,
64072,,,,,,,,,0.109870,-1.304868,,,9.827976,0.641370,,,,,,,,,,,,,,
64080,,,,,,,,,0.109870,-2.609737,,,10.447431,0.539649,0.101774,0.093199,,,,-0.542462,-1.074633,1.931613,,,,,,
64090,-0.542892,-1.073695,1.908774,-0.499728,-1.030843,1.600101,0.051281,-0.127032,0.054935,-1.304868,11.269224,9.527966,,,,,0.026116,-0.054931,-0.308673,-0.542920,-1.073777,1.911353,,,,,,
64093,,,,,,,,,,,,,9.879553,0.454060,0.114881,0.107500,,,,,,,,,,,,
64100,,,,,,,,,0.137337,-1.957303,,,10.490828,0.926589,0.108924,0.104495,,,,-0.543299,-1.072839,1.894359,,,,,,
64110,,,,,,,,,0.082402,-1.957303,,,10.460610,0.779632,0.109388,0.107715,,,,-0.543715,-1.071921,1.877303,,,,,,
64120,,,,,,,,,0.109870,-1.304868,,,10.435185,1.200526,0.109809,0.105171,,,,-0.544088,-1.070998,1.860080,,,,,,
64129,,,,,,,,,,,,,,,0.110194,0.103224,,,,-0.544463,-1.069976,1.846235,,,,,,
64132,,,,,,,,,0.109870,-1.304868,,,10.413794,1.554665,,,,,,,,,,,,,,
64139,-0.544854,-1.068870,1.830086,-0.499793,-1.028409,1.595081,0.049601,-0.108545,,,,,,,,,,,,-0.544883,-1.068908,1.828855,,,,,,
64142,,,,,,,,,0.137337,-1.957303,11.457137,10.072108,10.940337,1.852638,0.106911,0.107330,0.027555,-0.053929,-0.235005,,,,,,,,,
64150,,,,,,,,,,,,,,,,,,,,-0.545239,-1.067775,1.818342,,,,,,
64156,,,,,,,,,0.164805,-1.304868,,,11.383371,2.647896,0.102495,0.100862,,,,,,,,,,,,
64160,,,,,,,,,0.054935,-1.304868,,,10.667053,2.227940,0.109817,0.106631,,,,-0.545617,-1.066616,1.804284,,,,,,
64169,,,,,,,,,,,,,,,,,,,,-0.545995,-1.065351,1.790125,,,,,,
64172,,,,,,,,,0.137337,-0.652434,,,10.608887,2.963675,0.110568,0.100695,,,,,,,,,,,,
64180,,,,,,,,,0.109870,-1.304868,,,10.559945,3.038179,0.111237,0.101357,,,,-0.546359,-1.064107,1.775880,,,,,,
64189,-0.546623,-1.063031,1.765143,-0.499845,-1.026069,1.590801,0.047777,-0.092638,,,,,,,,,,,,-0.546672,-1.062987,1.765170,,,,,,
64192,,,,,,,,,0.109870,-1.304868,11.145288,10.054424,10.518766,3.100866,0.108655,0.101944,0.027232,-0.053035,-0.174342,,,,,,,,,
64199,,,,,,,,,,,,,,,,,,,,-0.546885,-1.061820,1.750806,,,,,,
64202,,,,,,,,,0.137337,-1.957303,,,11.028662,3.153612,0.103580,0.102797,,,,,,,,,,,,
64210,,,,,,,,,0.137337,-0.652434,,,10.913144,3.742535,0.104781,0.098170,,,,-0.547125,-1.060663,1.739969,,,,,,
64220,,,,,,,,,0.109870,-1.304868,,,10.815948,3.693511,0.105819,0.099932,,,,-0.547372,-1.059409,1.725429,,,,,,
64229,,,,,,,,,,,,,,,0.106719,0.101625,,,,-0.547611,-1.058223,1.714485,,,,,,
64232,,,,,,,,,0.109870,-1.304868,,,10.734166,3.652263,,,,,,,,,,,,,,
64241,-0.547603,-1.058172,1.713261,-0.499886,-1.023828,1.587159,0.045834,-0.078907,0.137337,-0.652434,10.925103,10.070415,10.665356,4.162100,0.105257,0.097868,0.027221,-0.052110,-0.126102,-0.547859,-1.056961,1.699796,,,,,,
64250,,,,,,,,,,,,,,,,,,,,-0.548062,-1.055784,1.688716,,,,,,
64256,,,,,,,,,0.082402,-1.957303,,,10.607458,3.501991,0.105900,0.105783,,,,,,,,,,,,
64260,,,,,,,,,0.137337,-1.957303,,,11.103287,3.491117,0.100906,0.107208,,,,-0.548235,-1.054653,1.673847,,,,,,
64269,,,,,,,,,,,,,,,,,,,,-0.548363,-1.053485,1.662656,,,,,,
64272,,,,,,,,,0.137337,-0.652434,,,10.975934,4.026512,0.102169,0.103062,,,,,,,,,,,,
64280,,,,,,,,,0.137337,-1.957303,,,11.413322,3.932450,0.097698,0.105231,,,,-0.548562,-1.052137,1.647614,,,,,,
64290,-0.548719,-1.050923,1.631041,-0.499917,-1.021691,1.584071,0.043794,-0.067029,,,10.390404,9.838018,10.692254,3.853306,0.099501,0.104895,0.026240,-0.050473,-0.046970,-0.548762,-1.050885,1.632474,,,,,,
64293,,,,,,,,,0.109870,0.000000,,,,,,,,,,,,,,,,,,
64300,,,,,,,,,0.137337,-1.957303,,,11.174634,4.331258,0.094520,0.101217,,,,-0.548885,-1.049608,1.621047,,,,,,
64310,,,,,,,,,0.109870,-1.304868,,,11.035965,4.188863,0.095778,0.103771,,,,-0.548964,-1.048422,1.609558,,,,,,
64320,,,,,,,,,0.137337,-0.652434,,,10.919289,4.613595,0.096839,0.100568,,,,-0.549053,-1.047124,1.601863,,,,,,
64330,,,,,,,,,0.109870,-1.304868,,,10.821117,4.426422,0.097735,0.103522,,,,-0.549195,-1.045846,1.590268,,,,,,
64339,-0.549229,-1.044608,1.577530,-0.499942,-1.019662,1.581462,0.041681,-0.056741,,,,,,,,,,,,-0.549261,-1.044533,1.578605,,,,,,
64342,,,,,,,,,0.109870,0.000000,9.704330,9.350996,10.193974,4.813477,0.097047,0.095689,0.024614,-0.049454,0.003932,,,,,,,,,
64349,,,,,,,,,,,,,,,,,,,,-0.549341,-1.043424,1.570812,,,,,,
64355,,,,,,,,,0.164805,-2.609737,,,10.755381,4.594602,0.091223,0.098829,,,,,,,,,,,,
64360,,,,,,,,,0.109870,0.000000,,,10.683206,4.410441,0.091749,0.101659,,,,-0.549372,-1.042269,1.559150,,,,,,
64369,,,,,,,,,,,,,,,,,,,,-0.549307,-1.041176,1.547509,,,,,,
64372,,,,,,,,,0.082402,-1.957303,,,10.077934,4.255487,0.097727,0.104227,,,,,,,,,,,,
64379,,,,,,,,,,,,,,,,,,,,-0.549313,-1.040020,1.539785,,,,,,
64382,,,,,,,,,0.109870,0.000000,,,10.113202,4.669653,0.097293,0.101022,,,,,,,,,,,,
64390,-0.549321,-1.038934,1.532388,-0.499960,-1.017741,1.579268,0.039513,-0.047829,0.109870,-1.304868,9.053823,8.858533,,,,,0.023073,-0.048511,0.046880,-0.549328,-1.038918,1.528252,,,,,,
64393,,,,,,,,,,,,,10.142877,4.473588,0.090273,0.098935,,,,,,,,,,,,
64400,,,,,,,,,0.137337,-0.652434,,,10.167845,4.853163,0.089800,0.095940,,,,-0.549336,-1.037843,1.520633,,,,,,
64409,,,,,,,,,,,,,,,,,,,,-0.549321,-1.036656,1.509207,,,,,,
64415,,,,,,,,,0.109870,-1.304868,,,10.188853,4.627994,0.089363,0.099038,,,,,,,,,,,,
64419,,,,,,,,,,,,,,,,,,,,-0.549325,-1.035427,1.501564,,,,,,
64422,,,,,,,,,0.082402,-0.652434,,,9.661986,4.438537,0.094510,0.101817,,,,,,,,,,,,
64430,,,,,,,,,0.109870,-1.304868,,,9.763224,4.279127,0.093356,0.104327,,,,-0.549381,-1.034360,1.494006,,,,,,
64440,-0.549292,-1.033294,1.481414,-0.499973,-1.015931,1.577433,0.037308,-0.040115,0.109870,-1.304868,8.443620,8.402349,,,,,0.021696,-0.047572,0.096019,-0.549324,-1.033279,1.482721,,,,,,
64443,,,,,,,,,,,,,9.848405,4.145000,0.086121,0.101958,,,,,,,,,,,,
64449,,,,,,,,,,,,,,,,,,,,-0.549268,-1.032351,1.475284,,,,,,
64452,,,,,,,,,0.109870,0.000000,,,9.375533,4.576689,0.090664,0.098406,,,,,,,,,,,,
64460,,,,,,,,,0.082402,-0.652434,,,8.977658,4.395369,0.094536,0.101020,,,,-0.549146,-1.031333,1.464058,,,,,,
64470,,,,,,,,,,,,,,,,,,,,-0.549091,-1.030408,1.456663,,,,,,
64475,,,,,,,,,0.137337,-0.652434,,,9.187430,4.787349,0.092289,0.097824,,,,,,,,,,,,
64480,,,,,,,,,0.054935,-1.304868,,,8.819389,4.028075,0.095894,0.106291,,,,-0.548994,-1.029387,1.449226,,,,,,
64491,-0.548992,-1.029486,1.446452,-0.499983,-1.014233,1.575908,0.035084,-0.033448,0.137337,-0.652434,8.111545,8.169764,8.509720,4.478308,0.095591,0.100201,0.021213,-0.046739,0.129456,,,,,,,,,
64494,,,,,,,,,,,,,,,,,,,,-0.548904,-1.028492,1.441912,,,,,,
64500,,,,,,,,,0.082402,-0.652434,,,8.793707,4.312591,0.092614,0.102630,,,,-0.548787,-1.027534,1.434599,,,,,,
64510,,,,,,,,,,,,,,,,,,,,-0.548640,-1.026498,1.430884,,,,,,
64515,,,,,,,,,0.082402,0.652434,,,9.032654,4.717700,0.090041,0.099269,,,,,,,,,,,,
64520,,,,,,,,,0.109870,-1.304868,,,8.144617,4.514015,0.098914,0.102037,,,,-0.548571,-1.025522,1.427220,,,,,,
64530,,,,,,,,,0.082402,-0.652434,,,7.941966,4.342635,0.100975,0.104516,,,,-0.548453,-1.024446,1.419877,,,,,,
64539,-0.548387,-1.023633,1.416059,-0.499991,-1.012646,1.574649,0.032855,-0.027704,,,,,,,,,,,,-0.548385,-1.023471,1.416263,,,,,,
64542,,,,,,,,,0.109870,0.000000,7.111783,7.245806,7.771456,4.198436,0.092550,0.097328,0.018315,-0.046125,0.158590,,,,,,,,,
64550,,,,,,,,,0.109870,-1.304868,,,8.172531,4.621650,0.088328,0.093621,,,,-0.548245,-1.022502,1.408986,,,,,,
64559,,,,,,,,,,,,,,,0.090228,0.096068,,,,-0.548085,-1.021498,1.401737,,,,,,
64562,,,,,,,,,0.082402,-0.652434,,,7.965453,4.433198,,,,,,,,,,,,,,
64569,,,,,,,,,,,,,,,,,,,,-0.547939,-1.020544,1.394494,,,,,,
64575,,,,,,,,,0.082402,0.652434,,,7.246675,4.274636,0.097388,0.098248,,,,,,,,,,,,
64580,,,,,,,,,0.109870,-1.304868,,,7.730981,4.685764,0.092422,0.094649,,,,-0.547786,-1.019553,1.387259,,,,,,
64589,-0.547578,-1.018539,1.380901,-0.499995,-1.011169,1.573619,0.030635,-0.022773,,,,,,,,,,,,-0.547596,-1.018567,1.383657,,,,,,
64592,,,,,,,,,0.082402,-0.652434,6.337425,6.544256,7.593933,4.487144,0.085797,0.090031,0.016219,-0.045336,0.192718,,,,,,,,,
64599,,,,,,,,,,,,,,,0.086722,0.092147,,,,-0.547487,-1.017638,1.380066,,,,,,
64602,,,,,,,,,0.082402,-0.652434,,,7.478621,4.320026,,,,,,,,,,,,,,
64610,,,,,,,,,0.109870,-1.304868,,,7.926140,4.179412,0.081929,0.094026,,,,-0.547354,-1.016674,1.372899,,,,,,
64619,,,,,,,,,,,,,,,0.083325,0.095706,,,,-0.547170,-1.015626,1.362164,,,,,,
64622,,,,,,,,,0.082402,-0.652434,,,7.758140,4.061100,,,,,,,,,,,,,,
64629,,,,,,,,,,,,,,,,,,,,-0.546973,-1.014648,1.358627,,,,,,
64635,,,,,,,,,0.109870,-1.304868,,,8.161327,3.961552,0.078928,0.097218,,,,,,,,,,,,
64642,-0.546923,-1.014525,1.355021,-0.499999,-1.009801,1.572783,0.028435,-0.018560,0.054935,0.000000,5.733520,5.983547,7.411483,3.877793,0.080052,0.092869,0.014661,-0.044825,0.217762,-0.546722,-1.013695,1.351516,,,,,,
64649,,,,,,,,,,,,,,,,,,,,-0.546523,-1.012920,1.347950,,,,,,
64652,,,,,,,,,0.109870,0.000000,,,7.325107,4.351861,0.080597,0.088455,,,,,,,,,,,,
64659,,,,,,,,,,,,,,,,,,,,-0.546365,-1.012110,1.340903,,,,,,
64662,,,,,,,,,0.082402,-0.652434,,,7.252430,4.206198,0.081020,0.090267,,,,,,,,,,,,
64669,,,,,,,,,,,,,,,,,,,,-0.546234,-1.011173,1.333860,,,,,,
64675,,,,,,,,,0.054935,0.000000,,,6.646737,4.083638,0.086895,0.091873,,,,,,,,,,,,
64680,,,,,,,,,0.082402,-0.652434,,,6.681650,3.980515,0.086356,0.093305,,,,-0.546056,-1.010331,1.330340,,,,,,
64689,-0.545886,-1.009675,1.323238,-0.500001,-1.008541,1.572112,0.026268,-0.014981,,,,,,,,,,,,-0.545878,-1.009598,1.323314,,,,,,
64692,,,,,,,,,0.082402,-0.652434,4.915965,5.209050,6.711026,3.893748,0.077528,0.086690,0.012343,-0.044208,0.248874,,,,,,,,,
64700,,,,,,,,,0.082402,-0.652434,,,6.735743,3.820743,0.076917,0.087698,,,,-0.545657,-1.008778,1.319809,,,,,,
64710,,,,,,,,,0.082402,-0.652434,,,6.211997,3.759315,0.081895,0.088602,,,,-0.545511,-1.007998,1.316302,,,,,,
64719,,,,,,,,,,,,,,,0.075022,0.089419,,,,-0.545348,-1.007247,1.309287,,,,,,
64722,,,,,,,,,0.082402,-0.652434,,,6.860403,3.707631,,,,,,,,,,,,,,
64730,,,,,,,,,,,,,,,,,,,,-0.545187,-1.006505,1.305800,,,,,,
64735,,,,,,,,,0.082402,-0.652434,,,6.861428,3.664143,0.074623,0.090163,,,,,,,,,,,,
64742,-0.545156,-1.006438,1.304526,-0.500002,-1.007386,1.571578,0.024143,-0.011963,0.054935,0.000000,4.386822,4.692802,6.317748,3.627553,0.074382,0.085580,0.010967,-0.043812,0.267053,-0.545041,-1.005775,1.298875,,,,,,
64749,,,,,,,,,,,,,,,,,,,,-0.544867,-1.005030,1.295402,,,,,,
64752,,,,,,,,,0.027467,-0.652434,,,5.860296,3.052223,0.078662,0.091661,,,,,,,,,,,,
64759,,,,,,,,,,,,,,,,,,,,-0.544719,-1.004244,1.288470,,,,,,
64762,,,,,,,,,0.027467,-0.652434,,,5.475395,2.568140,0.082293,0.096927,,,,,,,,,,,,
64769,,,,,,,,,,,,,,,,,,,,-0.544544,-1.003541,1.278106,,,,,,
64772,,,,,,,,,0.082402,-0.652434,,,5.696083,2.705376,0.079824,0.095952,,,,,,,,,,,,
64779,,,,,,,,,,,,,,,0.077668,0.095172,,,,-0.544371,-1.002858,1.274614,,,,,,
64782,,,,,,,,,0.082402,-0.652434,,,5.881770,2.820846,,,,,,,,,,,,,,
64790,,,,,,,,,,,,,,,,,,,,-0.544184,-1.002211,1.267719,,,,,,
64796,-0.544169,-1.002234,1.268070,-0.500003,-1.006334,1.571161,0.022068,-0.009438,0.137337,-0.652434,3.750728,4.086782,6.038007,2.918003,0.069287,0.088374,0.009253,-0.043380,0.303091,,,,,,,,,
64800,,,,,,,,,-0.000000,0.000000,,,5.624921,2.999750,0.073043,0.087774,,,,-0.544057,-1.001604,1.264278,,,,,,
64809,,,,,,,,,,,,,,,,,,,,-0.544002,-1.001216,1.257450,,,,,,
64812,,,,,,,,,0.054935,0.000000,,,5.277351,3.068532,0.076214,0.087289,,,,,,,,,,,,
64820,,,,,,,,,0.027467,-0.652434,,,4.984906,2.581863,0.078891,0.092457,,,,-0.543846,-1.000775,1.250632,,,,,,
64830,,,,,,,,,,,,,,,,,,,,-0.543595,-1.000118,1.250615,,,,,,
64835,,,,,,,,,0.082402,-0.652434,,,5.283386,2.716922,0.075600,0.091380,,,,,,,,,,,,
64840,-0.543370,-0.999456,1.246213,-0.500003,-1.005380,1.570838,0.020051,-0.007345,0.027467,0.652434,3.329397,3.667391,,,,,0.008216,-0.042992,0.324625,-0.543415,-0.999560,1.247200,,,,,,
64843,,,,,,,,,,,,,4.445440,2.830561,0.079543,0.086218,,,,,,,,,,,,
64849,,,,,,,,,,,,,,,,,,,,-0.543246,-0.999071,1.243774,,,,,,
64852,,,,,,,,,0.054935,0.000000,,,4.284936,2.926177,0.080957,0.085410,,,,,,,,,,,,
64860,,,,,,,,,0.054935,-1.304868,,,4.149888,2.462085,0.082143,0.090292,,,,-0.543096,-0.998727,1.243769,,,,,,
64869,,,,,,,,,,,,,,,,,,,,-0.542972,-0.998308,1.240378,,,,,,
64872,,,,,,,,,0.054935,0.000000,,,4.580801,2.616141,0.077584,0.088961,,,,,,,,,,,,
64879,,,,,,,,,,,,,,,0.084744,0.087849,,,,-0.542871,-0.997967,1.240453,,,,,,
64882,,,,,,,,,0.027467,0.652434,,,3.854285,2.745764,,,,,,,,,,,,,,
64890,-0.542778,-0.997642,1.240569,-0.500003,-1.004522,1.570592,0.018100,-0.005630,0.027467,-0.652434,2.982679,3.299062,,,,,0.007362,-0.042695,0.330023,-0.542763,-0.997596,1.237063,,,,,,
64893,,,,,,,,,,,,,3.787538,2.310286,0.081783,0.088719,,,,,,,,,,,,
64900,,,,,,,,,0.054935,0.000000,,,3.731377,2.488417,0.082195,0.087099,,,,-0.542598,-0.997138,1.237063,,,,,,
64909,,,,,,,,,,,,,,,,,,,,-0.542481,-0.996785,1.233627,,,,,,
64912,,,,,,,,,0.054935,-1.304868,,,4.228667,2.093754,0.076973,0.091287,,,,,,,,,,,,
64920,,,,,,,,,-0.000000,0.000000,,,3.558000,1.761684,0.083565,0.094915,,,,-0.542283,-0.996271,1.233590,,,,,,
64930,,,,,,,,,0.054935,0.000000,,,3.538244,2.026824,0.083651,0.092518,,,,-0.542179,-0.995872,1.230200,,,,,,
64939,-0.542022,-0.995422,1.227955,-0.500002,-1.003757,1.570409,0.016221,-0.004241,,,,,,,,,,,,-0.542035,-0.995457,1.226800,,,,,,
64942,,,,,,,,,0.027467,-0.652434,2.570067,2.870023,3.521621,1.705369,0.079501,0.091675,0.006276,-0.042377,0.342454,,,,,,,,,
64950,,,,,,,,,,,,,,,,,,,,-0.541960,-0.995170,1.223430,,,,,,
64956,,,,,,,,,0.027467,-0.652434,,,3.507634,1.434898,0.079453,0.094667,,,,,,,,,,,,
64959,,,,,,,,,,,,,,,0.079386,0.097275,,,,-0.541863,-0.994858,1.216677,,,,,,
64962,,,,,,,,,0.027467,-0.652434,,,3.495866,1.207323,,,,,,,,,,,,,,
64969,,,,,,,,,,,,,,,0.084856,0.094007,,,,-0.541727,-0.994461,1.209939,,,,,,
64972,,,,,,,,,0.027467,0.652434,,,2.941422,1.560384,,,,,,,,,,,,,,
64980,,,,,,,,,0.054935,-1.304868,,,3.563998,1.312907,0.078432,0.096793,,,,-0.541688,-0.994114,1.203217,,,,,,
64990,-0.541574,-0.993762,1.193715,-0.500002,-1.003079,1.570275,0.014420,-0.003133,,,2.557327,2.856537,3.543291,1.649223,0.078314,0.093536,0.006645,-0.042082,0.376560,-0.541625,-0.993844,1.196555,,,,,,
64993,,,,,,,,,0.054935,0.000000,,,,,,,,,,,,,,,,,,
64999,,,,,,,,,,,,,,,,,,,,-0.541546,-0.993623,1.196586,,,,,,
65002,,,,,,,,,0.054935,0.000000,,,3.525868,1.932199,0.078295,0.090892,,,,,,,,,,,,
65010,,,,,,,,,-0.000000,0.000000,,,2.966665,1.625752,0.083805,0.094202,,,,-0.541396,-0.993315,1.193227,,,,,,
65020,,,,,,,,,0.027467,0.652434,,,2.496151,1.912451,0.088522,0.091524,,,,-0.541194,-0.992835,1.193164,,,,,,
65030,,,,,,,,,-0.000000,0.000000,,,2.100261,1.609136,0.092572,0.094807,,,,-0.541033,-0.992394,1.193169,,,,,,
65040,-0.540920,-0.992149,1.196286,-0.500002,-1.002485,1.570179,0.012703,-0.002264,,,2.111346,2.375635,2.856246,1.898470,0.080404,0.087200,0.005349,-0.041863,0.373893,-0.540861,-0.992001,1.196521,,,,,,
65043,,,,,,,,,0.109870,0.000000,,,,,,,,,,,,,,,,,,
65050,,,,,,,,,,,,,,,,,,,,-0.540704,-0.991700,1.199868,,,,,,
65056,,,,,,,,,0.054935,0.000000,,,2.947788,2.686459,0.079321,0.079258,,,,,,,,,,,,
65060,,,,,,,,,-0.000000,0.000000,,,2.480269,2.260386,0.083923,0.083541,,,,-0.540596,-0.991455,1.203243,,,,,,
65069,,,,,,,,,,,,,,,0.082307,0.087221,,,,-0.540420,-0.991071,1.203217,,,,,,
65072,,,,,,,,,0.027467,-0.652434,,,2.631441,1.901888,,,,,,,,,,,,,,
65079,,,,,,,,,,,,,,,0.086460,0.084838,,,,-0.540251,-0.990594,1.203209,,,,,,
65082,,,,,,,,,0.027467,0.652434,,,2.214094,2.144792,,,,,,,,,,,,,,
65090,-0.540127,-0.990225,1.205358,-0.500001,-1.001970,1.570113,0.011075,-0.001594,,,1.481037,1.707561,,,,,0.003369,-0.041674,0.364755,-0.540098,-0.990166,1.203201,,,,,,
65093,,,,,,,,,0.054935,-1.304868,,,2.952025,1.804628,0.072483,0.081540,,,,,,,,,,,,
65100,,,,,,,,,0.027467,0.652434,,,2.483833,2.062957,0.076964,0.078885,,,,-0.539997,-0.989794,1.199854,,,,,,
65110,,,,,,,,,0.027467,-0.652434,,,2.634440,1.735771,0.075228,0.082152,,,,-0.539936,-0.989506,1.193155,,,,,,
65119,,,,,,,,,,,,,,,,,,,,-0.539886,-0.989317,1.186486,,,,,,
65122,,,,,,,,,0.027467,-0.652434,,,2.761161,1.460478,0.073704,0.084954,,,,,,,,,,,,
65130,,,,,,,,,-0.000000,0.000000,,,2.323240,1.228846,0.077915,0.087366,,,,-0.539776,-0.988997,1.179826,,,,,,
65139,-0.539741,-0.988861,1.178920,-0.500001,-1.001529,1.570068,0.009540,-0.001090,,,,,,,,,,,,-0.539706,-0.988736,1.176498,,,,,,
65142,,,,,,,,,-0.000000,0.000000,1.421506,1.632935,1.954774,1.033951,0.080898,0.088689,0.003470,-0.041565,0.391149,,,,,,,,,
65149,,,,,,,,,,,,,,,,,,,,-0.539632,-0.988549,1.176470,,,,,,
65156,,,,,,,,,0.054935,-1.304868,,,2.733833,0.869966,0.072845,0.090481,,,,,,,,,,,,
65159,,,,,,,,,,,,,,,,,,,,-0.539578,-0.988406,1.173158,,,,,,
65162,,,,,,,,,0.027467,0.652434,,,2.300247,1.276532,0.077005,0.086487,,,,,,,,,,,,
65169,,,,,,,,,,,,,,,0.074996,0.088623,,,,-0.539572,-0.988414,1.173156,,,,,,
65172,,,,,,,,,0.027467,-0.652434,,,2.479970,1.074074,,,,,,,,,,,,,,
65180,,,,,,,,,-0.000000,0.000000,,,2.086647,0.903726,0.078796,0.090472,,,,-0.539618,-0.988484,1.173169,,,,,,
65189,-0.539538,-0.988336,1.170597,-0.500001,-1.001158,1.570039,0.008103,-0.000719,,,,,,,,,,,,-0.539519,-0.988288,1.169835,,,,,,
65192,,,,,,,,,0.027467,-0.652434,1.385356,1.569982,2.300248,0.760395,0.076116,0.091438,0.003595,-0.041408,0.399442,,,,,,,,,
65199,,,,,,,,,,,,,,,,,,,,-0.539444,-0.988098,1.169835,,,,,,
65202,,,,,,,,,-0.000000,0.000000,,,1.935428,0.639796,0.079654,0.092830,,,,,,,,,,,,
65209,,,,,,,,,,,,,,,,,,,,-0.539362,-0.987905,1.169824,,,,,,
65212,,,,,,,,,0.027467,0.652434,,,1.628469,1.082868,0.082675,0.088497,,,,,,,,,,,,
65220,,,,,,,,,-0.000000,0.000000,,,1.370194,0.911125,0.085261,0.090346,,,,-0.539346,-0.987847,1.173145,,,,,,
65229,,,,,,,,,,,,,,,0.087480,0.091952,,,,-0.539329,-0.987822,1.173154,,,,,,
65232,,,,,,,,,-0.000000,0.000000,,,1.152881,0.766620,,,,,,,,,,,,,,
65240,-0.539344,-0.987883,1.175985,-0.500001,-1.000851,1.570021,0.006768,-0.000455,,,1.203432,1.356297,,,,,0.003162,-0.041304,0.394036,-0.539326,-0.987841,1.176479,,,,,,
65243,,,,,,,,,-0.000000,0.000000,,,0.970034,0.645034,0.087536,0.091173,,,,,,,,,,,,
65250,,,,,,,,,,,,,,,,,,,,-0.539325,-0.987814,1.176494,,,,,,
65255,,,,,,,,,-0.000000,0.000000,,,0.816186,0.542732,0.089152,0.092359,,,,,,,,,,,,
65260,,,,,,,,,-0.000000,0.000000,,,0.686739,0.456654,0.090550,0.093399,,,,-0.539322,-0.987800,1.176479,,,,,,
65270,,,,,,,,,-0.000000,0.000000,,,0.577822,0.384229,0.091764,0.094318,,,,-0.539331,-0.987826,1.176479,,,,,,
65280,,,,,,,,,-0.000000,0.000000,,,0.486179,0.323290,0.092824,0.095134,,,,-0.539331,-0.987821,1.176498,,,,,,
65289,-0.539333,-0.987834,1.176451,-0.500000,-1.000602,1.570011,0.005540,-0.000274,,,,,,,,,,,,-0.539332,-0.987829,1.176494,,,,,,
65292,,,,,,,,,-0.000000,0.000000,1.191834,1.317342,0.409071,0.272016,0.093636,0.095466,0.003324,-0.041220,0.393560,,,,,,,,,
65300,,,,,,,,,-0.000000,0.000000,,,0.344193,0.228874,0.094454,0.096115,,,,-0.539314,-0.987821,1.176479,,,,,,
65314,,,,,,,,,-0.000000,0.000000,,,0.289604,0.192575,0.095180,0.096703,,,,-0.539311,-0.987826,1.176479,,,,,,
65320,,,,,,,,,-0.000000,0.000000,,,0.243672,0.162033,0.095829,0.097240,,,,-0.539308,-0.987817,1.176479,,,,,,
65329,,,,,,,,,,,,,,,0.096413,0.097733,,,,-0.539330,-0.987821,1.176494,,,,,,
65332,,,,,,,,,-0.000000,0.000000,,,0.205026,0.136334,,,,,,,,,,,,,,
65340,-0.539334,-0.987805,1.176510,-0.500000,-1.000407,1.570005,0.004424,-0.000155,,,1.182530,1.283084,0.172509,0.114712,0.096847,0.097840,0.003475,-0.041156,0.393496,-0.539334,-0.987803,1.176515,,,,,,
65343,,,,,,,,,-0.000000,0.000000,,,,,,,,,,,,,,,,,,
65350,,,,,,,,,-0.000000,0.000000,,,0.145149,0.096518,0.097328,0.098260,,,,-0.539342,-0.987826,1.176479,,,,,,
65359,,,,,,,,,,,,,0.122128,0.081210,0.097771,0.098653,,,,-0.539319,-0.987796,1.176494,,,,,,
65362,,,,,,,,,-0.000000,0.000000,,,,,,,,,,,,,,,,,,
65375,,,,,,,,,-0.000000,0.000000,,,0.102759,0.068330,0.098180,0.099025,,,,-0.539314,-0.987802,1.176494,,,,,,
65380,,,,,,,,,-0.000000,0.000000,,,0.086461,0.057493,0.098563,0.099378,,,,-0.539325,-0.987814,1.176494,,,,,,
65389,-0.539318,-0.987804,1.176481,-0.500000,-1.000258,1.570002,0.003422,-0.000081,,,,,,,,,,,,-0.539317,-0.987804,1.176479,,,,,,
65392,,,,,,,,,-0.000000,0.000000,1.172994,1.250990,0.072748,0.048375,0.098824,0.099389,0.003607,-0.041086,0.393521,,,,,,,,,
65401,,,,,,,,,-0.000000,0.000000,,,0.061210,0.040703,0.099162,0.099708,,,,,,,,,,,,
65411,,,,,,,,,-0.000000,0.000000,,,0.051502,0.034247,0.099483,0.100016,,,,,,,,,,,,
65419,,,,,,,,,,,,,,,0.099791,0.100314,,,,-0.539310,-0.987817,1.176479,,,,,,
65422,,,,,,,,,-0.000000,0.000000,,,0.043334,0.028816,,,,,,,,,,,,,,
65435,,,,,,,,,-0.000000,0.000000,,,0.036461,0.024245,0.100087,0.100605,,,,-0.539305,-0.987816,1.176479,,,,,,
65440,-0.539308,-0.987814,1.176479,-0.500000,-1.000150,1.570001,0.002540,-0.000038,-0.000000,0.000000,1.161748,1.219762,,,,,0.003712,-0.041031,0.393522,-0.539308,-0.987815,1.176479,,,,,,
65443,,,,,,,,,,,,,0.030679,0.020400,0.100259,0.100572,,,,,,,,,,,,
65450,,,,,,,,,-0.000000,0.000000,,,0.025813,0.017165,0.100535,0.100844,,,,-0.539307,-0.987815,1.176479,,,,,,
65461,,,,,,,,,-0.000000,0.000000,,,0.021719,0.014442,0.100804,0.101113,,,,-0.539304,-0.987814,1.176479,,,,,,
65470,,,,,,,,,,,,,,,,,,,,-0.539311,-0.987780,1.176515,,,,,,
65475,,,,,,,,,-0.000000,0.000000,,,0.018274,0.012152,0.101067,0.101377,,,,,,,,,,,,
65480,,,,,,,,,-0.000000,0.000000,,,0.015376,0.010224,0.101325,0.101638,,,,-0.539322,-0.987790,1.176494,,,,,,
65490,-0.539315,-0.987806,1.176479,-0.500000,-1.000078,1.570000,0.001782,-0.000016,-0.000000,0.000000,1.143962,1.184721,,,0.101398,0.101539,0.003774,-0.041012,0.393521,-0.539316,-0.987806,1.176479,,,,,,
65493,,,,,,,,,,,,,0.012937,0.008603,,,,,,,,,,,,,,
65500,,,,,,,,,-0.000000,0.000000,,,0.010886,0.007238,0.101645,0.101788,,,,-0.539313,-0.987779,1.176494,,,,,,
65509,,,,,,,,,,,,,,,0.101889,0.102036,,,,-0.539319,-0.987792,1.176494,,,,,,
65512,,,,,,,,,-0.000000,0.000000,,,0.009159,0.006090,,,,,,,,,,,,,,
65520,,,,,,,,,-0.000000,0.000000,,,0.007706,0.005124,0.102131,0.102281,,,,-0.539311,-0.987789,1.176479,,,,,,
65530,,,,,,,,,,,,,,,,,,,,-0.539308,-0.987807,1.176479,,,,,,
65535,,,,,,,,,-0.000000,0.000000,,,0.006484,0.004312,0.102371,0.102525,,,,,,,,,,,,
65539,-0.539307,-0.987807,1.176479,-0.500000,-1.000033,1.570000,0.001152,-0.000005,,,,,,,,,,,,-0.539306,-0.987807,1.176479,,,,,,
65542,,,,,,,,,-0.000000,0.000000,1.125699,1.152077,0.005456,0.003628,0.102422,0.102436,0.003813,-0.040987,0.393521,,,,,,,,,
65550,,,,,,,,,-0.000000,0.000000,,,0.004591,0.003053,0.102655,0.102671,,,,-0.539305,-0.987764,1.176494,,,,,,
65559,,,,,,,,,,,,,,,,,,,,-0.539315,-0.987771,1.176479,,,,,,
65562,,,,,,,,,-0.000000,0.000000,,,0.003862,0.002568,0.102887,0.102906,,,,,,,,,,,,
65569,,,,,,,,,,,,,,,0.103117,0.103140,,,,-0.539307,-0.987779,1.176479,,,,,,
65572,,,,,,,,,-0.000000,0.000000,,,0.003250,0.002161,,,,,,,,,,,,,,
65580,,,,,,,,,-0.000000,0.000000,,,0.002734,0.001818,0.103347,0.103373,,,,-0.539306,-0.987800,1.176479,,,,,,
65589,,,,,,,,,,,,,,,,,,,,-0.539298,-0.987801,1.176479,,,,,,
65595,-0.539299,-0.987801,1.176479,-0.500000,-1.000010,1.570000,0.000655,-0.000001,-0.000000,0.000000,1.106379,1.121387,0.002301,0.001530,0.103379,0.103293,0.003826,-0.040973,0.393521,,,,,,,,,
65600,,,,,,,,,-0.000000,0.000000,,,0.001936,0.001287,0.103604,0.103520,,,,-0.539302,-0.987779,1.176479,,,,,,
65610,,,,,,,,,-0.000000,0.000000,,,0.001629,0.001083,0.103828,0.103746,,,,-0.539304,-0.987769,1.176479,,,,,,
65620,,,,,,,,,-0.000000,0.000000,,,0.001371,0.000911,0.104051,0.103972,,,,-0.539306,-0.987773,1.176479,,,,,,
65629,,,,,,,,,,,,,,,,,,,,-0.539303,-0.987789,1.176479,,,,,,
65635,,,,,,,,,-0.000000,0.000000,,,0.001153,0.000767,0.104274,0.104197,,,,,,,,,,,,
65640,-0.539302,-0.987781,1.176479,-0.500000,-1.000001,1.570000,0.000294,-0.000000,-0.000000,0.000000,1.086989,1.093727,,,,,0.003816,-0.040980,0.393521,-0.539302,-0.987779,1.176479,,,,,,
65643,,,,,,,,,,,,,0.000970,0.000645,0.104300,0.104140,,,,,,,,,,,,
65652,,,,,,,,,-0.000000,0.000000,,,0.000816,0.000543,0.104518,0.104360,,,,,,,,,,,,
65661,,,,,,,,,-0.000000,0.000000,,,0.000687,0.000457,0.104737,0.104580,,,,,,,,,,,,
65670,,,,,,,,,-0.000000,0.000000,,,0.000578,0.000384,0.104955,0.104799,,,,-0.539295,-0.987745,1.176479,,,,,,
65680,,,,,,,,,-0.000000,0.000000,,,0.000486,0.000323,0.105173,0.105018,,,,-0.539295,-0.987746,1.176479,,,,,,
65689,-0.539293,-0.987753,1.176479,-0.500000,-1.000000,1.570000,0.000074,-0.000000,,,,,,,,,,,,-0.539292,-0.987751,1.176479,,,,,,
65692,,,,,,,,,-0.000000,0.000000,1.068998,1.070695,0.000409,0.000272,0.105208,0.105003,0.003789,-0.040982,0.393521,,,,,,,,,
65700,,,,,,,,,-0.000000,0.000000,,,0.000344,0.000229,0.105422,0.105217,,,,-0.539295,-0.987750,1.176479,,,,,,
65710,,,,,,,,,-0.000000,0.000000,,,0.000290,0.000193,0.105637,0.105432,,,,-0.539290,-0.987749,1.176479,,,,,,
65720,,,,,,,,,-0.000000,0.000000,,,0.000244,0.000162,0.105851,0.105646,,,,-0.539293,-0.987747,1.176479,,,,,,
65729,,,,,,,,,,,,,,,0.106065,0.105860,,,,-0.539296,-0.987749,1.176479,,,,,,
65732,,,,,,,,,-0.000000,0.000000,,,0.000205,0.000136,,,,,,,,,,,,,,
65740,,,,,,,,,,,,,,,,,,,,-0.539292,-0.987766,1.176479,,,,,,
