ts,x,y,yaw,x_des,y_des,yaw_des,v_ff,w_ff,v_actual,w_actual,omega_l_cmd,omega_r_cmd,omega_l_meas,omega_r_meas,duty_l,duty_r,x_err,y_err,yaw_err,x_raw,y_raw,yaw_raw,acc_x,acc_y,acc_z,gyro_x,gyro_y,gyro_z
149308,,,,,,,,,-0.000000,0.000000,,,0.000000,0.000000,0.000000,0.000000,,,,0.021943,-0.992974,1.911376,,,,,,
149318,,,,,,,,,-0.000000,0.000000,,,0.000000,0.000000,0.000000,0.000000,,,,0.021944,-0.992972,1.911376,,,,,,
149328,,,,,,,,,-0.000000,0.000000,,,0.000000,0.000000,0.000000,0.000000,,,,0.021945,-0.992976,1.911348,,,,,,
149338,,,,,,,,,-0.000000,0.000000,,,0.000000,0.000000,0.000000,0.000000,,,,0.021948,-0.992968,1.911348,,,,,,
149348,,,,,,,,,-0.000000,0.000000,,,0.000000,0.000000,0.000000,0.000000,,,,0.021945,-0.992975,1.911376,,,,,,
149353,0.021945,-0.992975,1.911376,0.000000,-0.999996,1.565612,0.000034,-0.003466,,,0.211911,0.192968,,,,,0.000713,0.023030,-0.345763,,,,,,,,,
149358,,,,,,,,,-0.000000,0.000000,,,0.000000,0.000000,0.002161,0.001968,,,,0.021939,-0.992974,1.911350,,,,,,
149368,,,,,,,,,-0.000000,0.000000,,,0.000000,0.000000,0.002204,0.002007,,,,0.021945,-0.992976,1.911348,,,,,,
149378,,,,,,,,,-0.000000,0.000000,,,0.000000,0.000000,0.002246,0.002045,,,,0.021948,-0.992973,1.911348,,,,,,
149388,,,,,,,,,-0.000000,0.000000,,,0.000000,0.000000,0.002289,0.002084,,,,0.021950,-0.992976,1.911376,,,,,,
149398,,,,,,,,,-0.000000,0.000000,,,0.000000,0.000000,0.002331,0.002123,,,,0.021944,-0.992975,1.911376,,,,,,
149403,0.021944,-0.992975,1.911376,0.000000,-0.999985,1.555486,0.000134,-0.083539,,,0.432357,-0.010118,,,,,0.000723,0.023025,-0.355889,,,,,,,,,
149408,,,,,,,,,-0.000000,0.000000,,,0.000000,0.000000,0.004622,0.000090,,,,0.021946,-0.992970,1.911348,,,,,,
149418,,,,,,,,,-0.000000,0.000000,,,0.000000,0.000000,0.004708,0.000088,,,,0.021948,-0.992975,1.911348,,,,,,
149428,,,,,,,,,-0.000000,0.000000,,,0.000000,0.000000,0.004795,0.000086,,,,0.021945,-0.992974,1.911348,,,,,,
149438,,,,,,,,,-0.000000,0.000000,,,0.000000,0.000000,0.004881,0.000084,,,,0.021942,-0.992986,1.911376,,,,,,
149447,,,,,,,,,-0.000000,0.000000,,,0.000000,0.000000,0.004968,0.000082,,,,0.021949,-0.992980,1.911376,,,,,,
149453,0.021949,-0.992979,1.911376,0.000001,-0.999965,1.536440,0.000298,-0.255090,,,0.901877,-0.447210,,,,,0.000747,0.023021,-0.374935,,,,,,,,,
149458,,,,,,,,,-0.000000,0.000000,,,0.000000,0.000000,0.009843,-0.004379,,,,0.021950,-0.992977,1.911376,,,,,,
149468,,,,,,,,,-0.000000,0.000000,,,0.000000,0.000000,0.010024,-0.004468,,,,0.021948,-0.992979,1.911376,,,,,,
149478,,,,,,,,,-0.000000,0.000000,,,0.000000,0.000000,0.010204,-0.004558,,,,0.021949,-0.992977,1.911348,,,,,,
149488,,,,,,,,,-0.000000,0.000000,,,0.000000,0.000000,0.010385,-0.004647,,,,0.021946,-0.992968,1.911348,,,,,,
149498,,,,,,,,,-0.000000,0.000000,,,0.000000,0.000000,0.010565,-0.004736,,,,0.021940,-0.992971,1.911376,,,,,,
149503,0.021941,-0.992972,1.911376,0.000002,-0.999931,1.506435,0.000528,-0.468090,,,1.484577,-0.991499,,,,,0.000769,0.023003,-0.404940,,,,,,,,,
149508,,,,,,,,,-0.000000,0.000000,,,0.000000,0.000000,0.016689,-0.010378,,,,0.021942,-0.992981,1.911348,,,,,,
149518,,,,,,,,,-0.000000,0.000000,,,0.000000,0.000000,0.016986,-0.010576,,,,0.021945,-0.992980,1.911376,,,,,,
149528,,,,,,,,,-0.000000,0.000000,,,0.000000,0.000000,0.017283,-0.010774,,,,0.021949,-0.992971,1.911348,,,,,,
149538,,,,,,,,,-0.000000,0.000000,,,0.000000,0.000000,0.017580,-0.010973,,,,0.021950,-0.992974,1.911348,,,,,,
149548,,,,,,,,,-0.000000,0.000000,,,0.000000,0.000000,0.017876,-0.011171,,,,0.021951,-0.992971,1.911348,,,,,,
149553,0.021950,-0.992971,1.911350,0.000007,-0.999880,1.464226,0.000829,-0.709204,,,2.153657,-1.600563,,,,,0.000817,0.022991,-0.447124,,,,,,,,,
149558,,,,,,,,,-0.000000,0.000000,,,0.000000,0.000000,0.024998,-0.017582,,,,0.021948,-0.992972,1.911348,,,,,,
149568,,,,,,,,,-0.000000,0.000000,,,0.000000,0.000000,0.025429,-0.017902,,,,0.021938,-0.992968,1.911348,,,,,,
149578,,,,,,,,,-0.000000,0.000000,,,0.000000,0.000000,0.025859,-0.018222,,,,0.021933,-0.992978,1.911348,,,,,,
149589,,,,,,,,,-0.000000,0.000000,,,0.000000,0.000000,0.026290,-0.018542,,,,0.021941,-0.992966,1.911348,,,,,,
149598,,,,,,,,,-0.000000,0.000000,,,0.000000,0.000000,0.026721,-0.018862,,,,0.021947,-0.992967,1.911348,,,,,,
149603,0.021948,-0.992968,1.911348,0.000016,-0.999808,1.409546,0.001216,-0.963260,,,2.866107,-2.239104,,,,,0.000878,0.022957,-0.501802,,,,,,,,,
149608,,,,,,,,,-0.000000,0.000000,,,0.000000,0.000000,0.034419,-0.025695,,,,0.021951,-0.992976,1.911348,,,,,,
149618,,,,,,,,,-0.000000,0.000000,,,0.000000,0.000000,0.034992,-0.026143,,,,0.021948,-0.992977,1.911348,,,,,,
149628,,,,,,,,,-0.000000,0.000000,,,0.000000,0.000000,0.035565,-0.026591,,,,0.021947,-0.992971,1.911348,,,,,,
149638,,,,,,,,,,,,,0.000000,0.000000,0.036138,-0.027039,,,,0.021944,-0.992977,1.911348,,,,,,
149643,,,,,,,,,-0.000000,0.000000,,,,,,,,,,,,,,,,,,
149648,,,,,,,,,-0.000000,0.000000,,,0.000000,0.000000,0.036712,-0.027487,,,,0.021946,-0.992971,1.911348,,,,,,
149653,0.021946,-0.992970,1.911348,0.000036,-0.999710,1.343222,0.001709,-1.210521,,,3.575175,-2.852024,,,,,0.000965,0.022902,-0.568126,,,,,,,,,
149658,,,,,,,,,-0.000000,0.000000,,,0.000000,0.000000,0.044517,-0.034186,,,,0.021945,-0.992968,1.911348,,,,,,
149668,,,,,,,,,-0.000000,0.000000,,,0.000000,0.000000,0.045232,-0.034757,,,,0.021940,-0.992963,1.911348,,,,,,
149678,,,,,,,,,-0.000000,0.000000,,,0.000000,0.000000,0.045947,-0.035327,,,,0.021941,-0.992972,1.911348,,,,,,
149688,,,,,,,,,-0.000000,0.000000,,,0.000000,0.000000,0.046662,-0.035897,,,,0.021946,-0.992979,1.911348,,,,,,
149698,,,,,,,,,-0.000000,0.000000,,,0.000000,0.000000,0.047377,-0.036468,,,,0.021948,-0.992973,1.911348,,,,,,
149703,0.021948,-0.992973,1.911348,0.000072,-0.999578,1.267179,0.002340,-1.429231,,,4.225058,-3.383325,,,,,0.001081,0.022826,-0.644169,,,,,,,,,
149708,,,,,,,,,-0.000000,0.000000,,,0.000000,0.000000,0.054721,-0.042457,,,,0.021951,-0.992970,1.911348,,,,,,
149718,,,,,,,,,-0.000000,0.000000,,,0.000000,0.000000,0.055566,-0.043134,,,,0.021949,-0.992975,1.911348,,,,,,
149728,,,,,,,,,-0.000000,0.000000,,,0.000000,0.000000,0.056411,-0.043811,,,,0.021940,-0.992975,1.911348,,,,,,
149738,,,,,,,,,-0.000000,0.000000,,,0.000000,0.000000,0.057256,-0.044487,,,,0.021940,-0.992982,1.911348,,,,,,
149748,,,,,,,,,-0.000000,0.000000,,,0.000000,0.000000,0.058101,-0.045164,,,,0.021941,-0.992981,1.911348,,,,,,
149753,0.021942,-0.992981,1.911348,0.000134,-0.999406,1.184303,0.003156,-1.598576,,,4.763968,-3.778744,,,,,0.001228,0.022701,-0.727045,,,,,,,,,
149758,,,,,,,,,-0.000000,0.000000,,,0.000000,0.000000,0.064443,-0.049874,,,,0.021947,-0.992976,1.911376,,,,,,
149768,,,,,,,,,-0.000000,0.000000,,,0.000000,0.000000,0.065396,-0.050630,,,,0.021954,-0.992978,1.911348,,,,,,
149778,,,,,,,,,-0.000000,0.000000,,,0.000000,0.000000,0.066349,-0.051386,,,,0.021946,-0.992978,1.911376,,,,,,
149788,,,,,,,,,-0.000000,0.000000,,,0.000000,0.000000,0.067302,-0.052141,,,,0.021943,-0.992967,1.911348,,,,,,
149798,,,,,,,,,,,,,0.000000,0.000000,0.068254,-0.052897,,,,0.021937,-0.992970,1.911348,,,,,,
149803,0.021938,-0.992971,1.911348,0.000236,-0.999184,1.098155,0.004220,-1.701890,-0.000000,0.000000,,,,,,,,,,,,,,,,,,
149806,,,,,,,,,,,5.146288,-4.000509,0.000000,-0.544543,0.073107,-0.050360,0.001393,0.022531,-0.813193,0.021944,-0.992977,1.911348,,,,,,
149809,,,,,,,,,-0.027467,-0.652434,,,,,,,,,,,,,,,,,,
149818,,,,,,,,,-0.000000,0.000000,,,0.000000,-0.458179,0.074136,-0.051933,,,,0.021941,-0.992982,1.911348,,,,,,
149828,,,,,,,,,-0.027467,-0.652434,,,0.000000,-0.930055,0.075165,-0.047828,,,,0.021948,-0.992978,1.911348,,,,,,
149838,,,,,,,,,-0.000000,0.000000,,,0.000000,-0.782548,0.076195,-0.049947,,,,0.021944,-0.992987,1.907959,,,,,,
149848,,,,,,,,,-0.000000,0.000000,,,0.000000,-0.658436,0.077224,-0.051856,,,,0.021940,-0.993005,1.907959,,,,,,
149853,0.021940,-0.993002,1.908244,0.000397,-0.998902,1.012557,0.005618,-1.729630,,,5.347307,-4.027870,,,,,0.001565,0.022281,-0.895687,,,,,,,,,
149858,,,,,,,,,-0.000000,0.000000,,,0.000000,-0.554008,0.080303,-0.053869,,,,0.021948,-0.993072,1.907959,,,,,,
149868,,,,,,,,,-0.000000,0.000000,,,0.000000,-0.466142,0.081373,-0.055460,,,,0.021983,-0.993124,1.904565,,,,,,
149878,,,,,,,,,-0.000000,0.000000,,,0.000000,-0.392212,0.082442,-0.056926,,,,0.021995,-0.993146,1.904565,,,,,,
149887,,,,,,,,,-0.000000,0.000000,,,0.000000,-0.330007,0.083512,-0.058288,,,,0.021977,-0.993133,1.904565,,,,,,
149898,,,,,,,,,-0.000000,0.000000,,,0.000000,-0.277668,0.084581,-0.059561,,,,0.021971,-0.993103,1.904565,,,,,,
149905,0.021969,-0.993094,1.904873,0.000641,-0.998547,0.931143,0.007460,-1.681186,,,5.396038,-3.835630,,,,,0.001842,0.021936,-0.973731,,,,,,,,,
149908,,,,,,,,,-0.000000,0.000000,,,0.000000,-0.233630,0.086148,-0.058800,,,,0.021971,-0.993111,1.904565,,,,,,
149917,,,,,,,,,-0.000000,0.000000,,,0.000000,-0.196576,0.087227,-0.059898,,,,0.021968,-0.993114,1.904565,,,,,,
149928,,,,,,,,,-0.000000,0.000000,,,0.000000,-0.165399,0.088306,-0.060944,,,,0.021972,-0.993116,1.904565,,,,,,
149938,,,,,,,,,-0.000000,0.000000,,,0.000000,-0.139167,0.089385,-0.061945,,,,0.021970,-0.993118,1.904565,,,,,,
149948,,,,,,,,,-0.000000,0.000000,,,0.000000,-0.117095,0.090465,-0.062910,,,,0.021977,-0.993146,1.904565,,,,,,
149953,0.021976,-0.993141,1.904590,0.000998,-0.998103,0.856980,0.009881,-1.564603,,,5.306905,-3.460642,,,,,0.002185,0.021446,-1.047610,,,,,,,,,
149958,,,,,,,,,,,,,0.000000,-0.098524,0.090635,-0.060018,,,,0.021987,-0.993141,1.904565,,,,,,
149964,,,,,,,,,-0.027467,-0.652434,,,,,,,,,,,,,,,,,,
149967,,,,,,,,,-0.000000,0.000000,,,0.000000,-0.627441,0.091696,-0.055296,,,,0.021986,-0.993169,1.904568,,,,,,
149978,,,,,,,,,-0.000000,0.000000,,,0.000000,-0.527929,0.092758,-0.056877,,,,0.022005,-0.993191,1.901169,,,,,,
149988,,,,,,,,,-0.000000,0.000000,,,0.000000,-0.444199,0.093819,-0.058318,,,,0.022028,-0.993259,1.901169,,,,,,
149998,,,,,,,,,-0.000000,0.000000,,,0.000000,-0.373749,0.094880,-0.059640,,,,0.022052,-0.993378,1.901169,,,,,,
150005,0.022045,-0.993358,1.901456,0.001508,-0.997555,0.792350,0.013040,-1.394065,,,5.154322,-2.910645,,,,,0.002698,0.020788,-1.109106,,,,,,,,,
150008,,,,,,,,,-0.000000,0.000000,,,0.000000,-0.314472,0.094385,-0.055252,,,,0.022074,-0.993467,1.897790,,,,,,
150018,,,,,,,,,-0.000000,0.000000,,,0.000000,-0.264597,0.095416,-0.056280,,,,0.022094,-0.993548,1.897766,,,,,,
150028,,,,,,,,,-0.027467,-0.652434,,,0.000000,-0.767175,0.096447,-0.051683,,,,0.022110,-0.993598,1.897790,,,,,,
150038,,,,,,,,,-0.000000,0.000000,,,0.000000,-0.645501,0.097478,-0.053352,,,,0.022120,-0.993625,1.897789,,,,,,
150048,,,,,,,,,-0.000000,0.000000,,,0.000000,-0.543124,0.098509,-0.054850,,,,0.022119,-0.993609,1.897790,,,,,,
150053,0.022113,-0.993588,1.898098,0.002216,-0.996877,0.738720,0.017114,-1.186176,,,4.961965,-2.260100,,,,,0.003282,0.019898,-1.159378,,,,,,,,,
150058,,,,,,,,,-0.000000,0.000000,,,0.000000,-0.456985,0.097578,-0.049566,,,,0.022108,-0.993597,1.897790,,,,,,
150067,,,,,,,,,-0.000000,0.000000,,,0.000000,-0.384507,0.098570,-0.050666,,,,0.022100,-0.993583,1.897790,,,,,,
150078,,,,,,,,,-0.000000,0.000000,,,0.000000,-0.323524,0.099562,-0.051663,,,,0.022105,-0.993599,1.897790,,,,,,
150088,,,,,,,,,-0.000000,0.000000,,,0.000000,-0.272213,0.100555,-0.052574,,,,0.022107,-0.993605,1.897790,,,,,,
150098,,,,,,,,,-0.000000,0.000000,,,0.000000,-0.229040,0.101547,-0.053412,,,,0.022107,-0.993601,1.897790,,,,,,
150103,0.022107,-0.993600,1.897816,0.003175,-0.996044,0.696859,0.022287,-0.956458,,,4.729162,-1.603291,,,,,0.003767,0.018714,-1.200957,,,,,,,,,
150108,,,,,,,,,-0.000000,0.000000,,,0.000000,-0.192714,0.100165,-0.047489,,,,0.022103,-0.993592,1.897790,,,,,,
150118,,,,,,,,,,,,,0.000000,-0.162150,0.101111,-0.048083,,,,0.022108,-0.993591,1.897790,,,,,,
150124,,,,,,,,,-0.000000,0.000000,,,,,,,,,,,,,,,,,,
150128,,,,,,,,,-0.000000,0.000000,,,0.000000,-0.136433,0.102057,-0.048634,,,,0.022112,-0.993600,1.897790,,,,,,
150138,,,,,,,,,-0.000000,0.000000,,,0.000000,-0.114795,0.103002,-0.049148,,,,0.022112,-0.993598,1.897790,,,,,,
150148,,,,,,,,,-0.000000,0.000000,,,0.000000,-0.096588,0.103948,-0.049631,,,,0.022108,-0.993596,1.897790,,,,,,
150153,0.022108,-0.993597,1.897792,0.004440,-0.995020,0.667025,0.028741,-0.717152,,,4.550812,-0.918678,,,,,0.004327,0.017189,-1.230767,,,,,,,,,
150158,,,,,,,,,-0.000000,0.000000,,,0.000000,-0.081269,0.103075,-0.043106,,,,0.022106,-0.993596,1.897790,,,,,,
150168,,,,,,,,,-0.000000,0.000000,,,0.000000,-0.068380,0.103985,-0.043405,,,,0.022104,-0.993601,1.897790,,,,,,
150178,,,,,,,,,-0.000000,0.000000,,,0.000000,-0.057535,0.104895,-0.043685,,,,0.022107,-0.993598,1.897790,,,,,,
150188,,,,,,,,,-0.000000,0.000000,,,0.000000,-0.048410,0.105805,-0.043951,,,,0.022110,-0.993599,1.897790,,,,,,
150197,,,,,,,,,-0.000000,0.000000,,,0.000000,-0.040732,0.106716,-0.044203,,,,0.022113,-0.993600,1.897790,,,,,,
150203,0.022113,-0.993600,1.897791,0.006073,-0.993761,0.649162,0.036639,-0.476448,,,4.473235,-0.211152,,,,,0.004999,0.015242,-1.248629,,,,,,,,,
150208,,,,,,,,,-0.000000,0.000000,,,0.000000,-0.034272,0.106834,-0.037228,,,,0.022114,-0.993597,1.897790,,,,,,
150218,,,,,,,,,-0.000000,0.000000,,,0.000000,-0.028836,0.107729,-0.037318,,,,0.022111,-0.993594,1.897790,,,,,,
150228,,,,,,,,,-0.000000,0.000000,,,0.000000,-0.024263,0.108624,-0.037402,,,,0.022107,-0.993595,1.897790,,,,,,
150238,,,,,,,,,-0.000000,0.000000,,,0.000000,-0.020415,0.109518,-0.037478,,,,0.022110,-0.993597,1.897790,,,,,,
150248,,,,,,,,,-0.000000,0.000000,,,0.000000,-0.017177,0.110413,-0.037549,,,,0.022108,-0.993596,1.897790,,,,,,
150253,0.022109,-0.993596,1.897790,0.008131,-0.992212,0.643076,0.046105,-0.238747,,,4.529582,0.524504,,,,,0.005800,0.012793,-1.254714,,,,,,,,,
150258,,,,,,,,,-0.000000,0.000000,,,0.000000,-0.014453,0.111882,-0.030112,,,,0.022110,-0.993596,1.897790,,,,,,
150268,,,,,,,,,-0.000000,0.000000,,,0.000000,-0.012161,0.112788,-0.030028,,,,0.022110,-0.993595,1.897790,,,,,,
150278,,,,,,,,,-0.000000,0.000000,,,0.000000,-0.010232,0.113694,-0.029940,,,,0.022111,-0.993595,1.897790,,,,,,
150288,,,,,,,,,-0.000000,0.000000,,,0.000000,-0.008609,0.114600,-0.029850,,,,0.022110,-0.993594,1.897790,,,,,,
150298,,,,,,,,,-0.000000,0.000000,,,0.000000,-0.007244,0.115506,-0.029757,,,,0.022110,-0.993598,1.897790,,,,,,
150303,0.022110,-0.993598,1.897790,0.010667,-0.990305,0.648562,0.057212,-0.005412,,,4.760265,1.321708,,,,,0.006794,0.009779,-1.249228,,,,,,,,,
150308,,,,,,,,,-0.000000,0.000000,,,0.000000,-0.006095,0.118765,-0.021531,,,,0.022108,-0.993597,1.897790,,,,,,
150318,,,,,,,,,-0.000000,0.000000,,,0.000000,-0.005128,0.119717,-0.021275,,,,0.022112,-0.993595,1.897790,,,,,,
150328,,,,,,,,,-0.000000,0.000000,,,0.000000,-0.004315,0.120669,-0.021018,,,,0.022105,-0.993596,1.897790,,,,,,
150338,,,,,,,,,-0.000000,0.000000,,,0.000000,-0.003631,0.121621,-0.020760,,,,0.022106,-0.993593,1.897790,,,,,,
150348,,,,,,,,,0.027467,-0.652434,,,0.544543,-0.003055,0.117019,-0.020501,,,,0.022098,-0.993572,1.894384,,,,,,
150353,0.022064,-0.993465,1.891932,0.013717,-0.987955,0.665496,0.069965,0.224402,,,5.169848,2.205521,,,,,0.007863,0.006181,-1.226436,,,,,,,,,
150358,,,,,,,,,-0.000000,0.000000,,,0.458179,-0.002570,0.122921,-0.011226,,,,0.022037,-0.993500,1.890990,,,,,,
150368,,,,,,,,,0.027467,-0.652434,,,0.930055,-0.002163,0.119050,-0.010788,,,,0.021921,-0.993283,1.887557,,,,,,
150378,,,,,,,,,0.027467,-0.652434,,,1.327091,-0.001820,0.115848,-0.010350,,,,0.021804,-0.992989,1.880713,,,,,,
150388,,,,,,,,,0.027467,-0.652434,,,1.661157,-0.001531,0.113209,-0.009912,,,,0.021700,-0.992673,1.873870,,,,,,
150398,,,,,,,,,0.027467,-0.652434,,,1.942241,-0.001288,0.111044,-0.009473,,,,0.021627,-0.992410,1.870434,,,,,,
150403,0.021629,-0.992389,1.869501,0.017299,-0.985063,0.693892,0.084301,0.452994,,,5.617961,3.093831,,,,,0.008276,0.001982,-1.175608,,,,,,,,,
150408,,,,,,,,,0.027467,-0.652434,,,2.178745,-0.001084,0.113848,0.000027,,,,0.021499,-0.992175,1.863561,,,,,,
150418,,,,,,,,,0.027467,-0.652434,,,2.377738,-0.000912,0.112506,0.000644,,,,0.021371,-0.991993,1.856657,,,,,,
150428,,,,,,,,,0.027467,-0.652434,,,2.545172,-0.000767,0.111446,0.001262,,,,0.021291,-0.991788,1.849742,,,,,,
150438,,,,,,,,,0.027467,-0.652434,,,2.686051,-0.000646,0.110624,0.001879,,,,0.021207,-0.991468,1.842792,,,,,,
150448,,,,,,,,,0.027467,-0.652434,,,2.804586,-0.000543,0.110001,0.002497,,,,0.021142,-0.991151,1.835820,,,,,,
150453,0.021151,-0.991145,1.835909,0.021401,-0.981513,0.733929,0.100082,0.683472,,,6.447165,4.396943,,,,,0.009230,-0.002765,-1.101980,,,,,,,,,
150458,,,,,,,,,0.054935,-1.304868,,,3.448865,-0.000457,0.112450,0.016407,,,,0.021020,-0.990829,1.825347,,,,,,
150469,,,,,,,,,0.027467,-0.652434,,,3.446418,-0.000385,0.113075,0.017286,,,,0.020906,-0.990446,1.818341,,,,,,
150478,,,,,,,,,0.054935,-1.304868,,,3.988902,-0.000324,0.108141,0.018165,,,,0.020798,-0.990120,1.807809,,,,,,
150488,,,,,,,,,0.027467,-0.652434,,,3.900805,-0.000272,0.109532,0.019044,,,,0.020663,-0.989728,1.800755,,,,,,
150498,,,,,,,,,0.054935,-1.304868,,,4.371223,-0.000229,0.105243,0.019923,,,,0.020501,-0.989293,1.790138,,,,,,
150503,0.020502,-0.989224,1.788504,0.025972,-0.977172,0.785935,0.117122,0.919109,,,7.629797,6.203252,,,,,0.010586,-0.007944,-1.002569,,,,,,,,,
150508,,,,,,,,,0.027467,-0.652434,,,4.222490,-0.000193,0.119238,0.039226,,,,0.020371,-0.988882,1.779474,,,,,,
150518,,,,,,,,,0.054935,-1.304868,,,4.641889,-0.000162,0.115641,0.040466,,,,0.020209,-0.988434,1.768764,,,,,,
150528,,,,,,,,,0.054935,-1.304868,,,4.994771,-0.000136,0.112639,0.041707,,,,0.020052,-0.987929,1.754409,,,,,,
150538,,,,,,,,,0.054935,-1.304868,,,5.291686,-0.000115,0.110138,0.042947,,,,0.019925,-0.987463,1.743595,,,,,,
150548,,,,,,,,,0.054935,-1.304868,,,5.541511,-0.000097,0.108057,0.044188,,,,0.019777,-0.986927,1.732716,,,,,,
150553,0.019795,-0.986893,1.731923,0.030917,-0.971896,0.850332,0.135216,1.162557,,,9.300329,8.771243,,,,,0.013019,-0.013384,-0.881591,,,,,,,,,
150559,,,,,,,,,0.054935,-1.304868,,,5.751713,-0.000081,0.123370,0.071622,,,,0.019686,-0.986367,1.721782,,,,,,
150568,,,,,,,,,0.082402,-0.652434,,,5.928577,0.544475,0.122276,0.067822,,,,0.019597,-0.985804,1.710821,,,,,,
150578,,,,,,,,,0.082402,-0.652434,,,6.077390,1.002664,0.121433,0.064793,,,,0.019532,-0.985302,1.699799,,,,,,
150588,,,,,,,,,0.054935,-1.304868,,,6.202602,0.843642,0.120800,0.067969,,,,0.019414,-0.984775,1.685012,,,,,,
150598,,,,,,,,,0.082402,-0.652434,,,6.307955,1.254383,0.120345,0.065365,,,,0.019288,-0.984180,1.673860,,,,,,
150603,0.019281,-0.984066,1.675995,0.036086,-0.965532,0.927514,0.154196,1.414718,,,11.385134,12.112633,,,,,0.016666,-0.018658,-0.748481,,,,,,,,,
150608,,,,,,,,,0.054935,-1.304868,,,6.396599,1.055438,0.141304,0.102980,,,,0.019142,-0.983568,1.662650,,,,,,
150618,,,,,,,,,0.082402,-0.652434,,,6.471184,1.432588,0.141541,0.101344,,,,0.019013,-0.982800,1.651386,,,,,,
150628,,,,,,,,,0.109870,-1.304868,,,7.078483,1.749923,0.136330,0.100244,,,,0.018927,-0.982054,1.640062,,,,,,
150638,,,,,,,,,0.082402,-0.652434,,,7.044921,2.016928,0.137533,0.099593,,,,0.018907,-0.981215,1.632475,,,,,,
150648,,,,,,,,,0.082402,-0.652434,,,7.016682,2.241586,0.138689,0.099320,,,,0.018792,-0.980225,1.624866,,,,,,
150653,0.018803,-0.980203,1.626420,0.041276,-0.957922,1.017622,0.174004,1.673129,,,13.631462,16.022182,,,,,0.020997,-0.023677,-0.608798,,,,,,,,,
150658,,,,,,,,,0.137337,-0.652434,,,7.537465,2.975157,0.157164,0.133689,,,,0.018719,-0.979216,1.613395,,,,,,
150668,,,,,,,,,0.164805,-1.304868,,,7.975652,3.592383,0.153913,0.130003,,,,0.018539,-0.978069,1.605705,,,,,,
150678,,,,,,,,,0.137337,-0.652434,,,8.888885,3.567174,0.145729,0.132746,,,,0.018307,-0.976827,1.598009,,,,,,
150688,,,,,,,,,0.137337,-0.652434,,,9.112737,4.635049,0.144394,0.124345,,,,0.018216,-0.975411,1.590273,,,,,,
150698,,,,,,,,,,,,,9.301085,4.989016,0.143377,0.123012,,,,0.018087,-0.973859,1.582501,,,,,,
150704,0.018125,-0.973816,1.583449,0.046222,-0.948909,1.120231,0.194772,1.929920,0.137337,-0.652434,15.552162,20.037714,,,,,0.024549,-0.028410,-0.463218,,,,,,,,,
150708,,,,,,,,,0.192272,-0.652434,,,10.004105,5.831387,0.156663,0.157585,,,,0.018047,-0.972189,1.578609,,,,,,
150718,,,,,,,,,0.192272,-0.652434,,,10.595625,6.540158,0.151739,0.153197,,,,0.017983,-0.970466,1.570796,,,,,,
150728,,,,,,,,,0.219740,0.000000,,,11.093330,7.681061,0.147654,0.144259,,,,0.017937,-0.968351,1.567024,,,,,,
150738,,,,,,,,,0.192272,-0.652434,,,11.512099,8.096473,0.144274,0.142493,,,,0.017930,-0.966443,1.566982,,,,,,
150748,,,,,,,,,0.247207,0.652434,,,11.864451,8.990544,0.141488,0.135762,,,,0.017987,-0.964185,1.563045,,,,,,
150753,0.017973,-0.963956,1.567495,0.050607,-0.938349,1.233966,0.216910,2.169968,,,16.685974,23.398109,,,,,0.025715,-0.032549,-0.333529,,,,,,,,,
150758,,,,,,,,,0.219740,0.000000,,,12.160921,10.287359,0.150767,0.159020,,,,0.018044,-0.962050,1.563121,,,,,,
150768,,,,,,,,,0.219740,0.000000,,,12.410370,10.833956,0.149127,0.156067,,,,0.018187,-0.959714,1.563171,,,,,,
150778,,,,,,,,,0.274675,0.000000,,,13.164800,11.838405,0.142287,0.148334,,,,0.018227,-0.957315,1.563079,,,,,,
150788,,,,,,,,,0.247207,0.652434,,,13.255033,12.683548,0.142071,0.142026,,,,0.018228,-0.954774,1.566921,,,,,,
150798,,,,,,,,,0.274675,0.000000,,,13.875500,13.394651,0.136429,0.136915,,,,0.018219,-0.952103,1.570793,,,,,,
150805,0.018202,-0.951945,1.570516,0.054063,-0.926109,1.356197,0.241147,2.370686,,,17.514057,26.477983,,,,,0.025846,-0.035854,-0.214319,,,,,,,,,
150808,,,,,,,,,0.247207,0.652434,,,13.853017,13.992974,0.145667,0.164228,,,,0.018314,-0.949288,1.574703,,,,,,
150818,,,,,,,,,0.302142,0.652434,,,14.378643,15.040946,0.141037,0.156035,,,,0.018334,-0.946516,1.578593,,,,,,
150828,,,,,,,,,0.302142,0.652434,,,14.820905,15.922709,0.137153,0.149329,,,,0.018345,-0.943649,1.582489,,,,,,
150838,,,,,,,,,0.302142,0.652434,,,15.193024,16.664625,0.133896,0.143872,,,,0.018363,-0.940819,1.590268,,,,,,
150848,,,,,,,,,0.302142,0.652434,,,15.506124,17.288872,0.131167,0.139468,,,,0.018401,-0.937770,1.597994,,,,,,
150853,0.018365,-0.937692,1.598425,0.056186,-0.912081,1.483012,0.268514,2.505392,,,18.124241,29.029648,,,,,0.024556,-0.038514,-0.115413,,,,,,,,,
150858,,,,,,,,,0.302142,0.652434,,,15.769567,17.814114,0.135105,0.161975,,,,0.018422,-0.934629,1.605703,,,,,,
150868,,,,,,,,,0.329610,1.304868,,,15.991228,18.256052,0.133315,0.159710,,,,0.018323,-0.931555,1.613383,,,,,,
150878,,,,,,,,,0.329610,1.304868,,,16.177732,19.716986,0.131840,0.146964,,,,0.018292,-0.928505,1.624851,,,,,,
150888,,,,,,,,,0.302142,0.652434,,,16.334658,19.857128,0.130628,0.147397,,,,0.018169,-0.925375,1.632462,,,,,,
150898,,,,,,,,,0.329610,1.304868,,,16.466694,20.519587,0.129639,0.142474,,,,0.018099,-0.922015,1.643829,,,,,,
150905,0.018040,-0.921950,1.645494,0.056552,-0.896178,1.609620,0.300223,2.550949,,,18.990646,31.352737,,,,,0.022826,-0.040328,-0.035874,,,,,,,,,
150908,,,,,,,,,0.329610,1.304868,,,16.577789,21.076981,0.137675,0.162186,,,,0.017933,-0.918725,1.655135,,,,,,
150917,,,,,,,,,0.329610,1.304868,,,16.671267,21.545971,0.137204,0.159458,,,,0.017770,-0.915378,1.666383,,,,,,
150928,,,,,,,,,0.357077,0.652434,,,17.294460,21.940578,0.131311,0.157394,,,,0.017441,-0.912131,1.673847,,,,,,
150938,,,,,,,,,0.329610,1.304868,,,17.274273,22.272602,0.131857,0.155890,,,,0.017145,-0.908752,1.688706,,,,,,
150947,,,,,,,,,0.357077,1.957303,,,17.257286,23.096510,0.132373,0.149302,,,,0.016688,-0.905325,1.699765,,,,,,
150953,0.016622,-0.905232,1.703423,0.054737,-0.878346,1.731139,0.337450,2.496820,,,20.515520,33.805157,,,,,0.021610,-0.041336,0.027716,,,,,,,,,
150958,,,,,,,,,0.357077,0.652434,,,17.242994,23.245203,0.148419,0.174451,,,,0.016345,-0.901900,1.710814,,,,,,
150968,,,,,,,,,0.357077,1.957303,,,17.775513,23.914856,0.143642,0.169733,,,,0.015993,-0.898360,1.721766,,,,,,
150978,,,,,,,,,0.384545,1.304868,,,18.223574,24.478302,0.139620,0.165964,,,,0.015627,-0.894699,1.736314,,,,,,
150988,,,,,,,,,0.357077,1.957303,,,18.056028,24.952385,0.141787,0.162993,,,,0.015257,-0.891090,1.750813,,,,,,
150998,,,,,,,,,0.357077,1.957303,,,17.915056,25.351278,0.143717,0.160695,,,,0.014668,-0.887404,1.765192,,,,,,
151003,0.014565,-0.887426,1.768219,0.050341,-0.858555,1.843410,0.381071,2.349868,,,22.896362,36.580032,,,,,0.021293,-0.040743,0.075191,,,,,,,,,
151008,,,,,,,,,0.384545,1.304868,,,18.340984,25.686909,0.164177,0.187266,,,,0.013969,-0.883605,1.783002,,,,,,
151018,,,,,,,,,,,,,18.699362,25.969307,0.161433,0.186564,,,,0.013259,-0.879738,1.797192,,,,,,
151024,,,,,,,,,0.631752,1.957303,,,,,,,,,,,,,,,,,,
151028,,,,,,,,,0.192272,0.652434,,,19.545443,26.751461,0.153642,0.180709,,,,0.012593,-0.876066,1.811318,,,,,,
151038,,,,,,,,,0.384545,1.304868,,,19.712791,26.865021,0.152606,0.181516,,,,0.011856,-0.872397,1.832351,,,,,,
151047,,,,,,,,,0.412012,1.957303,,,19.853600,27.505114,0.151806,0.176930,,,,0.010992,-0.868649,1.846276,,,,,,
151053,0.010873,-0.868548,1.847937,0.043016,-0.836799,1.943517,0.431431,2.131246,,,26.318285,39.594578,,,,,0.021742,-0.039603,0.095580,,,,,,,,,
151058,,,,,,,,,0.439480,1.304869,,,19.972075,28.043688,0.186110,0.204000,,,,0.009844,-0.864693,1.860132,,,,,,
151068,,,,,,,,,0.412012,1.957303,,,20.616302,28.496843,0.180808,0.201688,,,,0.008641,-0.860688,1.877315,,,,,,
151078,,,,,,,,,0.439480,1.304869,,,21.158356,28.878130,0.176419,0.200018,,,,0.007438,-0.856560,1.894385,,,,,,
151088,,,,,,,,,0.466947,1.957303,,,21.614441,29.198944,0.172799,0.198889,,,,0.006307,-0.852509,1.911382,,,,,,
151098,,,,,,,,,0.439480,1.304869,,,21.998190,30.013420,0.169826,0.192661,,,,0.005082,-0.848305,1.924957,,,,,,
151103,0.005004,-0.848248,1.923967,0.032488,-0.813093,2.029841,0.488215,1.867745,,,30.695148,43.197247,,,,,0.023480,-0.037947,0.105873,,,,,,,,,
151108,,,,,,,,,0.466947,1.957303,,,22.321075,30.698719,0.212040,0.224334,,,,0.003852,-0.843973,1.941765,,,,,,
151118,,,,,,,,,0.494415,2.609737,,,22.592752,31.275330,0.210944,0.220952,,,,0.002412,-0.839393,1.958488,,,,,,
151128,,,,,,,,,0.494415,1.304868,,,23.365885,32.305035,0.204679,0.212834,,,,0.000806,-0.834956,1.978428,,,,,,
151138,,,,,,,,,0.494415,1.304868,,,24.016397,32.626884,0.199509,0.211729,,,,-0.000951,-0.830245,1.991625,,,,,,
151147,,,,,,,,,0.521882,1.957302,,,24.563740,33.442230,0.195262,0.205527,,,,-0.002702,-0.825575,2.008087,,,,,,
151153,-0.002910,-0.825462,2.009238,0.018590,-0.787464,2.101796,0.550428,1.583408,,,35.900166,46.826859,,,,,0.025277,-0.035598,0.092558,,,,,,,,,
151158,,,,,,,,,0.549350,1.304868,,,25.568817,33.583721,0.239328,0.243057,,,,-0.004674,-0.820982,2.024447,,,,,,
151168,,,,,,,,,0.549350,1.304868,,,26.414488,34.247314,0.232768,0.238937,,,,-0.006831,-0.816271,2.040732,,,,,,
151178,,,,,,,,,0.549350,1.304868,,,27.126036,35.350204,0.227407,0.230203,,,,-0.009106,-0.811582,2.053694,,,,,,
151188,,,,,,,,,0.604285,1.304869,,,28.269276,36.278175,0.217501,0.223033,,,,-0.011500,-0.806693,2.069839,,,,,,
151198,,,,,,,,,0.604285,1.304869,,,28.686653,36.514427,0.214770,0.222733,,,,-0.013986,-0.801575,2.082681,,,,,,
151203,-0.014209,-0.801321,2.081991,0.001279,-0.759946,2.159439,0.616463,1.295081,,,41.846218,51.016705,,,,,0.028509,-0.033749,0.077449,,,,,,,,,
151208,,,,,,,,,0.549350,1.304868,,,29.582378,37.257751,0.267726,0.259950,,,,-0.016712,-0.796437,2.092295,,,,,,
151218,,,,,,,,,0.604285,1.304869,,,30.336040,37.883186,0.262492,0.256323,,,,-0.019484,-0.791109,2.105044,,,,,,
151228,,,,,,,,,0.631752,0.652435,,,31.514715,38.409428,0.252771,0.253582,,,,-0.022470,-0.785784,2.114579,,,,,,
151238,,,,,,,,,0.686687,0.652435,,,33.050995,39.396751,0.239167,0.246032,,,,-0.025433,-0.780662,2.124085,,,,,,
151248,,,,,,,,,0.659220,1.304869,,,33.799076,40.227482,0.233296,0.239883,,,,-0.028631,-0.775269,2.133598,,,,,,
151253,-0.028850,-0.775086,2.134740,-0.019342,-0.730565,2.203128,0.684239,1.011930,,,48.023186,55.613441,,,,,0.032545,-0.031833,0.068388,,,,,,,,,
151258,,,,,,,,,0.714155,0.000000,,,34.973057,40.926460,0.285936,0.281798,,,,-0.032090,-0.769468,2.143066,,,,,,
151268,,,,,,,,,0.714154,1.304868,,,36.505386,41.514580,0.272916,0.278736,,,,-0.035607,-0.763635,2.152533,,,,,,
151278,,,,,,,,,0.686687,0.652435,,,37.250145,42.553967,0.267623,0.270954,,,,-0.039261,-0.757831,2.161949,,,,,,
151288,,,,,,,,,0.741622,0.652433,,,38.421329,43.428505,0.257832,0.264646,,,,-0.043224,-0.751701,2.165068,,,,,,
151298,,,,,,,,,0.769089,0.000000,,,39.406765,44.164345,0.249701,0.259578,,,,-0.047172,-0.745725,2.174466,,,,,,
151303,-0.047367,-0.745467,2.171131,-0.043016,-0.699341,2.233263,0.751366,0.737018,,,53.822361,59.943722,,,,,0.035603,-0.029648,0.062132,,,,,,,,,
151308,,,,,,,,,0.741622,0.652433,,,40.235909,44.783478,0.302118,0.299721,,,,-0.051445,-0.739480,2.180722,,,,,,
151318,,,,,,,,,0.769089,1.304867,,,41.478092,45.848961,0.292165,0.291885,,,,-0.055645,-0.733290,2.186928,,,,,,
151328,,,,,,,,,0.824024,0.000000,,,42.523266,46.745457,0.283973,0.285560,,,,-0.059877,-0.726865,2.193151,,,,,,
151338,,,,,,,,,0.796557,0.652434,,,43.947220,47.499767,0.271709,0.280506,,,,-0.064407,-0.720272,2.199386,,,,,,
151348,,,,,,,,,0.878959,1.304869,,,44.600788,48.678989,0.267018,0.270966,,,,-0.068969,-0.713691,2.202475,,,,,,
151353,-0.069330,-0.713378,2.205317,-0.069324,-0.666276,2.250128,0.815337,0.469350,,,59.546612,63.604122,,,,,0.037931,-0.027926,0.044811,,,,,,,,,
151358,,,,,,,,,0.796557,0.652434,,,45.695244,49.671188,0.316086,0.300435,,,,-0.073948,-0.706893,2.211755,,,,,,
151362,,,,,,,,,,,,,,,,,,,,-0.073948,-0.706893,2.211755,,,,,,
151365,,,,,,,,,,,,,,,,,,,,-0.073948,-0.706893,2.211755,,,,,,
151368,,,,,,,,,0.878959,0.000000,,,46.616119,49.961479,0.309463,0.300260,,,,-0.079085,-0.699852,2.214828,,,,,,
151378,,,,,,,,,0.878959,0.000000,,,47.935490,51.294815,0.298592,0.289389,,,,-0.083950,-0.693251,2.221042,,,,,,
151388,,,,,,,,,0.906427,0.652435,,,49.590149,52.416687,0.284036,0.280408,,,,-0.088843,-0.686544,2.227262,,,,,,
151398,,,,,,,,,0.933894,0.000000,,,50.437836,53.360630,0.277381,0.273017,,,,-0.094103,-0.679246,2.230347,,,,,,
151403,-0.094353,-0.678959,2.228246,-0.097694,-0.631358,2.253808,0.873734,0.205556,,,64.880524,66.642990,,,,,0.039720,-0.026444,0.025562,,,,,,,,,
151408,,,,,,,,,0.878959,1.304869,,,51.151081,53.610317,0.326334,0.303515,,,,-0.099514,-0.672131,2.233346,,,,,,
151419,,,,,,,,,0.906427,-0.652435,,,52.295746,54.364948,0.317404,0.298425,,,,-0.104936,-0.665035,2.233322,,,,,,
151428,,,,,,,,,0.933894,0.000000,,,53.258869,54.999897,0.310097,0.294404,,,,-0.110500,-0.657826,2.236400,,,,,,
151438,,,,,,,,,1.016297,0.652434,,,54.613785,56.078686,0.298601,0.285729,,,,-0.116100,-0.650451,2.242646,,,,,,
151448,,,,,,,,,0.933894,0.000000,,,56.298351,56.986378,0.283472,0.278583,,,,-0.121469,-0.643235,2.242670,,,,,,
151453,-0.121591,-0.643134,2.241458,-0.127408,-0.594558,2.244148,0.924442,-0.058893,,,69.947701,69.046585,,,,,0.041670,-0.025634,0.002690,,,,,,,,,
151458,,,,,,,,,1.016297,-0.652434,,,56.082115,57.750107,0.339079,0.297241,,,,-0.127307,-0.635670,2.239568,,,,,,
151468,,,,,,,,,0.988829,0.000000,,,56.989262,57.848167,0.332600,0.298500,,,,-0.133536,-0.627960,2.233442,,,,,,
151478,,,,,,,,,,,,,57.752537,57.930676,0.327406,0.299898,,,,-0.139686,-0.620326,2.233436,,,,,,
151484,,,,,,,,,1.236037,-5.871907,,,,,,,,,,,,,,,,,,
151488,,,,,,,,,0.741622,4.567040,,,59.483841,59.089184,0.312186,0.290305,,,,-0.145645,-0.612596,2.230438,,,,,,
151498,,,,,,,,,1.071232,-0.652434,,,60.396015,60.063953,0.304974,0.282354,,,,-0.151529,-0.604495,2.224210,,,,,,
151503,-0.151757,-0.604175,2.222921,-0.157629,-0.555840,2.220766,0.965863,-0.328791,,,73.480118,70.866219,,,,,0.041980,-0.024666,-0.002154,,,,,,,,,
151509,,,,,,,,,0.961362,-0.652434,,,61.163521,59.795036,0.335087,0.305453,,,,-0.157638,-0.596470,2.221130,,,,,,
151518,,,,,,,,,1.098699,0.000000,,,61.809299,60.657856,0.330963,0.298867,,,,-0.163743,-0.588198,2.211790,,,,,,
151528,,,,,,,,,0.988829,0.000000,,,62.352657,61.383831,0.327755,0.293503,,,,-0.170235,-0.579295,2.208603,,,,,,
151538,,,,,,,,,1.043764,-1.304868,,,63.354382,61.450127,0.319763,0.294724,,,,-0.176291,-0.570983,2.202432,,,,,,
151548,,,,,,,,,1.181102,-0.652433,,,64.197235,62.050449,0.313191,0.290484,,,,-0.182092,-0.562605,2.196277,,,,,,
151553,-0.182491,-0.562107,2.195775,-0.187428,-0.515167,2.183103,0.997115,-0.608380,,,76.202568,71.464478,,,,,0.040956,-0.023460,-0.012671,,,,,,,,,
151558,,,,,,,,,1.071232,-0.652434,,,65.450951,63.100105,0.330029,0.287643,,,,-0.188007,-0.554418,2.190127,,,,,,
151568,,,,,,,,,0.988829,-1.304868,,,65.961288,62.894199,0.326973,0.291416,,,,-0.194509,-0.545821,2.180794,,,,,,
151578,,,,,,,,,1.098699,-1.304869,,,66.390686,63.265491,0.324642,0.289343,,,,-0.200973,-0.537007,2.168276,,,,,,
151588,,,,,,,,,1.098699,0.000000,,,67.296524,64.122437,0.317365,0.282242,,,,-0.207396,-0.527966,2.161955,,,,,,
151598,,,,,,,,,1.126167,-1.957302,,,68.603233,64.298927,0.305817,0.281910,,,,-0.213422,-0.518734,2.149398,,,,,,
151603,-0.213416,-0.518422,2.145085,-0.215816,-0.472513,2.130534,1.018201,-0.900315,,,78.043259,71.632759,,,,,0.039848,-0.022925,-0.014551,,,,,,,,,
151608,,,,,,,,,1.126167,-0.652435,,,68.613617,64.447433,0.326006,0.283545,,,,-0.219299,-0.509635,2.139927,,,,,,
151618,,,,,,,,,1.043764,-1.304868,,,69.166893,64.572380,0.322249,0.283707,,,,-0.225404,-0.500089,2.130381,,,,,,
151628,,,,,,,,,1.126167,-0.652435,,,69.087875,64.677513,0.324830,0.284047,,,,-0.231321,-0.490622,2.117732,,,,,,
151638,,,,,,,,,1.126167,-1.957302,,,70.110481,65.310516,0.316191,0.278981,,,,-0.236920,-0.481299,2.108221,,,,,,
151648,,,,,,,,,1.071232,-0.652434,,,69.881813,65.298584,0.320110,0.280367,,,,-0.242333,-0.472147,2.095483,,,,,,
151653,-0.242282,-0.472214,2.096908,-0.241790,-0.427879,2.062584,1.030132,-1.204116,,,79.712440,70.405342,,,,,0.038093,-0.022689,-0.034324,,,,,,,,,
151658,,,,,,,,,1.126167,-0.652435,,,70.233955,65.833084,0.335176,0.263663,,,,-0.248081,-0.462519,2.079502,,,,,,
151668,,,,,,,,,1.098699,-1.304869,,,70.530251,65.193726,0.334049,0.271099,,,,-0.253892,-0.452493,2.069848,,,,,,
151678,,,,,,,,,1.126167,-1.957302,,,71.324097,65.200310,0.327788,0.272074,,,,-0.259377,-0.442505,2.056928,,,,,,
151688,,,,,,,,,1.043764,-1.304868,,,70.902946,65.205856,0.333762,0.273058,,,,-0.264875,-0.432390,2.037444,,,,,,
151698,,,,,,,,,1.153634,-1.304868,,,71.637680,65.755066,0.328029,0.268496,,,,-0.270153,-0.422445,2.024393,,,,,,
151703,-0.270105,-0.422357,2.025007,-0.264368,-0.381303,1.979239,1.034954,-1.514084,,,80.142258,68.427055,,,,,0.034374,-0.023168,-0.045768,,,,,,,,,
151708,,,,,,,,,1.153634,-1.304868,,,72.255882,65.672623,0.327723,0.250089,,,,-0.275408,-0.412451,2.001469,,,,,,
151718,,,,,,,,,1.071232,-1.957303,,,72.776039,65.603256,0.323995,0.251347,,,,-0.280235,-0.402387,1.981738,,,,,,
151728,,,,,,,,,1.181102,-3.262171,,,73.758240,65.000351,0.315449,0.258061,,,,-0.284927,-0.392265,1.955208,,,,,,
151738,,,,,,,,,1.098699,-1.304869,,,74.040123,65.037605,0.313851,0.258367,,,,-0.289607,-0.381893,1.938496,,,,,,
151748,,,,,,,,,1.098699,-2.609736,,,74.277298,64.524414,0.312652,0.264279,,,,-0.294077,-0.371118,1.911408,,,,,,
151753,-0.293819,-0.371155,1.910000,-0.282634,-0.332870,1.881369,1.035660,-1.816961,,,79.907234,67.711708,,,,,0.032381,-0.023286,-0.028631,,,,,,,,,
151758,,,,,,,,,1.153634,-2.609736,,,74.476860,64.637154,0.309392,0.256613,,,,-0.298199,-0.359908,1.887556,,,,,,
151768,,,,,,,,,1.098699,-2.609736,,,74.644768,64.187469,0.308766,0.261815,,,,-0.301989,-0.349312,1.860013,,,,,,
151778,,,,,,,,,1.071232,-3.262170,,,74.786049,63.809105,0.308377,0.266379,,,,-0.305518,-0.338489,1.839176,,,,,,
151788,,,,,,,,,1.126167,-0.652435,,,74.904922,64.035294,0.308189,0.264853,,,,-0.308742,-0.327659,1.818260,,,,,,
151798,,,,,,,,,1.126167,-1.957302,,,75.004944,64.225609,0.308169,0.263647,,,,-0.311782,-0.316926,1.790077,,,,,,
151806,-0.311620,-0.316947,1.791934,-0.295777,-0.282723,1.771137,1.035924,-2.090684,,,79.701836,66.588058,74.544556,64.385742,0.311751,0.251249,0.029915,-0.022964,-0.020797,-0.314542,-0.306305,1.765156,,,,,,
151809,,,,,,,,,1.126167,-1.957302,,,,,,,,,,,,,,,,,,
151818,,,,,,,,,1.071232,-1.957303,,,74.701729,64.520477,0.311179,0.250315,,,,-0.317118,-0.295594,1.740005,,,,,,
151828,,,,,,,,,1.126167,-3.262170,,,75.378517,64.089302,0.305276,0.255127,,,,-0.319204,-0.285291,1.714500,,,,,,
151838,,,,,,,,,1.153634,-2.609736,,,75.403427,63.726509,0.305886,0.259327,,,,-0.321224,-0.274309,1.692428,,,,,,
151848,,,,,,,,,1.043764,-2.609737,,,75.424385,63.421253,0.306532,0.263013,,,,-0.323016,-0.262925,1.666390,,,,,,
151853,-0.322742,-0.263133,1.665985,-0.303126,-0.231065,1.652183,1.039616,-2.306379,,,80.315903,66.531425,,,,,0.030058,-0.022575,-0.013803,,,,,,,,,
151858,,,,,,,,,1.153634,-2.609736,,,75.442017,63.164413,0.313471,0.265689,,,,-0.324618,-0.251824,1.640074,,,,,,
151868,,,,,,,,,1.071232,-1.957303,,,75.456856,62.948307,0.314295,0.268566,,,,-0.325741,-0.240114,1.613388,,,,,,
151878,,,,,,,,,1.071232,-1.957303,,,74.924797,62.766476,0.320694,0.271138,,,,-0.326430,-0.228676,1.590257,,,,,,
151887,,,,,,,,,1.098699,-2.609736,,,75.021667,63.158024,0.320784,0.267897,,,,-0.326749,-0.217707,1.567024,,,,,,
151898,,,,,,,,,1.126167,-3.262170,,,75.647713,62.942932,0.315457,0.270765,,,,-0.326988,-0.206482,1.539911,,,,,,
151905,-0.326710,-0.206512,1.536815,-0.304178,-0.178150,1.529356,1.050156,-2.435374,,,80.833107,66.807564,,,,,0.029111,-0.021555,-0.007459,,,,,,,,,
151908,,,,,,,,,0.851492,0.652435,,,71.273582,61.128323,0.366282,0.292809,,,,-0.326832,-0.195351,1.517024,,,,,,
151918,,,,,,,,,1.126167,-3.262170,,,72.494080,61.779682,0.355745,0.287301,,,,-0.326525,-0.184214,1.486679,,,,,,
151928,,,,,,,,,1.153634,-2.609736,,,73.521004,62.327736,0.346938,0.282716,,,,-0.325936,-0.173540,1.464360,,,,,,
151938,,,,,,,,,1.153634,-2.609736,,,74.385056,62.788868,0.339587,0.278908,,,,-0.325234,-0.162027,1.442378,,,,,,
151948,,,,,,,,,1.153634,-2.609736,,,75.112068,62.632324,0.333461,0.281309,,,,-0.324206,-0.150511,1.412920,,,,,,
151953,-0.323940,-0.150393,1.412378,-0.298624,-0.124283,1.407965,1.069807,-2.459647,,,82.210709,68.263329,,,,,0.029777,-0.020880,-0.004414,,,,,,,,,
151958,,,,,,,,,1.098699,-2.609736,,,75.723778,63.045151,0.342418,0.292782,,,,-0.322961,-0.139141,1.383865,,,,,,
151968,,,,,,,,,1.016297,0.652434,,,73.515755,63.392502,0.366237,0.290283,,,,-0.321100,-0.127397,1.358734,,,,,,
151978,,,,,,,,,1.208569,-3.914605,,,74.925186,63.684765,0.353600,0.288276,,,,-0.319085,-0.115831,1.326880,,,,,,
151988,,,,,,,,,1.126167,-1.957302,,,75.566536,63.930672,0.348515,0.286683,,,,-0.316676,-0.104536,1.302449,,,,,,
151998,,,,,,,,,1.208569,-3.914605,,,76.106163,63.593037,0.344340,0.290994,,,,-0.313931,-0.092839,1.271240,,,,,,
152003,-0.313507,-0.092757,1.266677,-0.286359,-0.069802,1.292821,1.099179,-2.379698,,,82.806091,71.437057,,,,,0.030032,-0.019028,0.026144,,,,,,,,,
152008,,,,,,,,,1.181102,-3.262171,,,77.649292,64.398033,0.335893,0.316089,,,,-0.310987,-0.081528,1.237060,,,,,,
152018,,,,,,,,,,,,,77.858597,65.075363,0.334790,0.310588,,,,-0.307736,-0.070259,1.206691,,,,,,
152024,,,,,,,,,1.675516,-1.957302,,,,,,,,,,,,,,,,,,
152028,,,,,,,,,0.521882,-0.652434,,,76.401077,64.556183,0.350646,0.317156,,,,-0.304104,-0.058948,1.173296,,,,,,
152038,,,,,,,,,1.208569,-2.609737,,,76.808350,65.208427,0.347773,0.311879,,,,-0.300047,-0.047628,1.146748,,,,,,
152048,,,,,,,,,1.208569,-1.304866,,,77.695572,65.757225,0.339923,0.307527,,,,-0.295695,-0.036734,1.117228,,,,,,
152053,-0.295483,-0.036660,1.124303,-0.267492,-0.015055,1.187536,1.137106,-2.213955,,,83.649628,75.964821,,,,,0.031574,-0.015918,0.063233,,,,,,,,,
152058,,,,,,,,,1.208569,-3.914605,,,78.442078,66.218987,0.341935,0.350136,,,,-0.291154,-0.025549,1.087953,,,,,,
152068,,,,,,,,,1.208569,0.000000,,,77.981102,67.152054,0.347678,0.342568,,,,-0.286176,-0.014719,1.065453,,,,,,
152078,,,,,,,,,1.181102,-1.957302,,,78.682327,67.937134,0.341659,0.336323,,,,-0.280675,-0.003871,1.039770,,,,,,
152088,,,,,,,,,1.263504,0.000000,,,78.727791,69.142242,0.342189,0.325636,,,,-0.274851,0.007116,1.023848,,,,,,
152098,,,,,,,,,1.290972,-1.957303,,,79.310593,69.611679,0.337229,0.322213,,,,-0.268813,0.018190,1.004854,,,,,,
152103,-0.268469,0.018349,1.006677,-0.242338,0.039614,1.094313,1.180947,-1.990211,,,84.682373,80.336685,,,,,0.031942,-0.010712,0.087636,,,,,,,,,
152108,,,,,,,,,1.181102,-0.652433,,,79.256416,70.551208,0.349183,0.358493,,,,-0.262240,0.029036,0.992232,,,,,,
152118,,,,,,,,,1.290972,-1.957303,,,79.755379,71.341728,0.345179,0.352387,,,,-0.255338,0.039332,0.979677,,,,,,
152128,,,,,,,,,1.153634,-2.609736,,,78.541573,69.828697,0.358545,0.369619,,,,-0.248751,0.049535,0.964023,,,,,,
152138,,,,,,,,,1.263504,0.000000,,,79.153908,71.278351,0.353528,0.356934,,,,-0.242301,0.059722,0.948468,,,,,,
152148,,,,,,,,,1.236037,-1.957302,,,80.213669,72.498085,0.343824,0.346304,,,,-0.234862,0.070483,0.942229,,,,,,
152153,-0.234710,0.070358,0.939434,-0.211411,0.093892,1.014172,1.227133,-1.735439,,,87.460861,83.923897,,,,,0.032749,-0.004917,0.074738,,,,,,,,,
152158,,,,,,,,,1.345907,0.652434,,,80.016266,72.979828,0.375072,0.379548,,,,-0.227255,0.081000,0.936078,,,,,,
152168,,,,,,,,,1.043764,-1.304868,,,78.761086,72.840622,0.389363,0.383156,,,,-0.219960,0.091213,0.929879,,,,,,
152178,,,,,,,,,1.373374,0.000000,,,79.883148,74.901672,0.379658,0.364350,,,,-0.212671,0.101191,0.923638,,,,,,
152188,,,,,,,,,1.345907,-0.652434,,,80.827248,76.091293,0.371544,0.354021,,,,-0.205097,0.111298,0.920658,,,,,,
152198,,,,,,,,,1.400841,0.652435,,,81.621613,77.092239,0.364768,0.345377,,,,-0.197016,0.121595,0.914422,,,,,,
152203,-0.196766,0.122080,0.919254,-0.175406,0.147514,0.947350,1.271763,-1.469538,,,91.554688,86.014694,,,,,0.033176,-0.001561,0.028096,,,,,,,,,
152208,,,,,,,,,1.345907,-0.652434,,,82.289993,78.478981,0.400876,0.353925,,,,-0.188707,0.132398,0.920744,,,,,,
152218,,,,,,,,,1.345907,-0.652434,,,82.852371,79.101242,0.396992,0.349085,,,,-0.180394,0.143416,0.911302,,,,,,
152228,,,,,,,,,1.016297,-0.652434,,,80.602837,76.902092,0.421678,0.372899,,,,-0.171593,0.154785,0.911306,,,,,,
152237,,,,,,,,,1.455776,-0.652433,,,82.521881,78.318993,0.404294,0.360269,,,,-0.163206,0.165619,0.905120,,,,,,
152248,,,,,,,,,1.428309,-1.304868,,,83.592026,79.511169,0.395185,0.349648,,,,-0.154950,0.176380,0.898974,,,,,,
152253,-0.154688,0.176481,0.895209,-0.135171,0.200281,0.893693,1.311076,-1.203944,,,93.836136,87.360573,,,,,0.030778,-0.000346,-0.001515,,,,,,,,,
152258,,,,,,,,,1.345907,-0.652434,,,84.492447,80.514267,0.410864,0.354445,,,,-0.146422,0.187220,0.892889,,,,,,
152268,,,,,,,,,1.208569,-1.304866,,,83.616425,79.180099,0.421668,0.369423,,,,-0.138128,0.197449,0.877574,,,,,,
152279,,,,,,,,,1.483244,0.000000,,,85.057518,81.324791,0.409013,0.349183,,,,-0.129666,0.208261,0.868550,,,,,,
152288,,,,,,,,,1.455776,-3.262171,,,86.814590,81.495705,0.392847,0.348647,,,,-0.120734,0.219349,0.856305,,,,,,
152298,,,,,,,,,1.455776,-0.652433,,,87.748451,82.184052,0.384726,0.342799,,,,-0.111413,0.230474,0.844077,,,,,,
152303,-0.111141,0.230641,0.845636,-0.091679,0.252064,0.852947,1.341798,-0.943198,,,94.179497,89.820267,,,,,0.028941,-0.000357,0.007311,,,,,,,,,
152308,,,,,,,,,1.373374,-2.609737,,,88.534203,82.218689,0.381431,0.368570,,,,-0.101849,0.241429,0.825852,,,,,,
152318,,,,,,,,,1.455776,0.652433,,,89.195335,83.336922,0.375816,0.358684,,,,-0.092003,0.252384,0.813770,,,,,,
152328,,,,,,,,,1.181102,-1.957302,,,87.573433,81.555084,0.393356,0.378156,,,,-0.082467,0.263068,0.801791,,,,,,
152338,,,,,,,,,1.510712,-1.957302,,,88.931480,82.778564,0.380826,0.367329,,,,-0.072715,0.273456,0.783846,,,,,,
152348,,,,,,,,,1.510711,-0.652434,,,90.074142,83.807999,0.370220,0.358237,,,,-0.063114,0.283432,0.768919,,,,,,
152353,-0.062848,0.283662,0.772622,-0.045994,0.302814,0.824922,1.361337,-0.687325,,,91.640961,92.601799,,,,,0.025437,0.001950,0.052300,,,,,,,,,
152358,,,,,,,,,1.428309,-1.304868,,,90.491035,84.674164,0.340896,0.378977,,,,-0.053065,0.293372,0.760258,,,,,,
152368,,,,,,,,,1.483244,0.000000,,,90.297272,84.858414,0.343102,0.378683,,,,-0.042404,0.303559,0.748052,,,,,,
152378,,,,,,,,,1.483244,0.000000,,,91.223320,86.102524,0.333925,0.367541,,,,-0.031695,0.313751,0.739090,,,,,,
152388,,,,,,,,,1.208569,0.000000,,,88.735237,84.971146,0.359387,0.380381,,,,-0.020669,0.323909,0.733229,,,,,,
152398,,,,,,,,,1.373374,0.000000,,,88.819939,85.652832,0.359104,0.374954,,,,-0.009797,0.333699,0.730208,,,,,,
152403,-0.010109,0.333509,0.733763,0.000771,0.352552,0.809583,1.367903,-0.433840,,,88.829353,93.385666,,,,,0.020833,0.006857,0.075819,,,,,,,,,
152408,,,,,,,,,1.593114,0.000000,,,89.980293,87.315491,0.319155,0.367380,,,,0.000929,0.343297,0.721275,,,,,,
152418,,,,,,,,,1.400841,1.957302,,,89.322990,88.169907,0.325629,0.359879,,,,0.011538,0.352688,0.721287,,,,,,
152428,,,,,,,,,1.208569,-1.304866,,,87.136299,86.166100,0.347834,0.381361,,,,0.023281,0.362855,0.727194,,,,,,
152438,,,,,,,,,1.400841,1.957302,,,86.930054,87.202812,0.350277,0.372231,,,,0.034862,0.372856,0.733099,,,,,,
152448,,,,,,,,,1.483244,0.000000,,,87.301064,88.075104,0.346872,0.364570,,,,0.046483,0.383000,0.744959,,,,,,
152453,0.046352,0.383018,0.744014,0.047483,0.401351,0.807081,1.360560,-0.179206,,,86.082588,91.101166,,,,,0.013248,0.012723,0.063067,,,,,,,,,
152458,,,,,,,,,1.510712,1.957302,,,87.613228,89.353592,0.315977,0.329290,,,,0.057729,0.392616,0.751065,,,,,,
152468,,,,,,,,,1.428309,1.304868,,,87.331337,89.884766,0.318546,0.324221,,,,0.068880,0.402492,0.762948,,,,,,
152478,,,,,,,,,1.373374,0.000000,,,87.094154,89.787155,0.320715,0.325460,,,,0.080118,0.412717,0.771910,,,,,,
152488,,,,,,,,,1.153634,1.304868,,,84.716415,87.526848,0.344766,0.348778,,,,0.090615,0.422812,0.783767,,,,,,
152498,,,,,,,,,1.428309,1.304868,,,84.893959,88.347748,0.343228,0.341120,,,,,,,,,,,,
152503,0.091184,0.423664,0.785895,0.093032,0.449321,0.817740,1.339239,0.080241,,,87.218964,91.045525,,,,,0.019457,0.016826,0.031845,0.101247,0.432832,0.792761,,,,,,
152508,,,,,,,,,1.538179,1.304869,,,85.587891,89.582993,0.347979,0.328503,,,,0.111309,0.442680,0.804748,,,,,,
152518,,,,,,,,,1.428309,1.304868,,,86.171761,90.077782,0.342350,0.323749,,,,0.121746,0.453055,0.813762,,,,,,
152529,,,,,,,,,1.373374,0.000000,,,86.118484,91.038643,0.343103,0.314142,,,,0.131842,0.463059,0.825859,,,,,,
152538,,,,,,,,,1.483244,1.304866,,,86.618202,90.213486,0.338226,0.322560,,,,0.141668,0.473222,0.834930,,,,,,
152548,,,,,,,,,1.236036,-0.652434,,,84.860497,88.430107,0.356274,0.340917,,,,0.151116,0.483146,0.840989,,,,,,
152553,0.149787,0.481789,0.833631,0.136370,0.496580,0.842016,1.304699,0.347664,,,80.414726,83.753998,,,,,0.001933,0.019876,0.008385,,,,,,,,,
152559,,,,,,,,,1.400841,1.957302,,,85.015190,89.107750,0.285765,0.260154,,,,0.160495,0.493321,0.844037,,,,,,
152568,,,,,,,,,1.345907,-0.652434,,,85.145348,88.044289,0.283517,0.269931,,,,0.170359,0.503812,0.850233,,,,,,
152578,,,,,,,,,1.345907,0.652434,,,84.710320,87.694031,0.287008,0.272645,,,,0.179939,0.514415,0.853200,,,,,,
152588,,,,,,,,,1.208569,-1.304866,,,83.799744,84.676613,0.295437,0.302635,,,,0.189693,0.525250,0.853147,,,,,,
152598,,,,,,,,,1.263504,0.000000,,,83.033585,84.315926,0.302575,0.306129,,,,0.199659,0.536425,0.856156,,,,,,
152603,0.199031,0.535771,0.854264,0.176540,0.543228,0.880432,1.258476,0.625162,,,72.936050,79.173897,,,,,-0.009148,0.021857,0.026168,,,,,,,,,
152608,,,,,,,,,1.345907,-0.652434,,,82.933487,84.012444,0.226790,0.262396,,,,0.209220,0.547103,0.856206,,,,,,
152618,,,,,,,,,1.318439,1.304869,,,82.304718,83.757095,0.231204,0.264032,,,,0.218830,0.557833,0.856310,,,,,,
152628,,,,,,,,,1.236036,0.652434,,,81.231125,82.997704,0.240281,0.270862,,,,0.228578,0.568953,0.856543,,,,,,
152637,,,,,,,,,1.236036,0.652434,,,80.327805,82.358749,0.247835,0.276614,,,,0.238007,0.579706,0.862912,,,,,,
152648,,,,,,,,,1.016297,0.652434,,,77.934128,79.642960,0.270773,0.303678,,,,0.247286,0.590255,0.866422,,,,,,
152653,0.245989,0.588939,0.868133,0.212707,0.589321,0.933479,1.202731,0.913166,,,63.673351,74.412453,,,,,-0.021217,0.025645,0.065346,,,,,,,,,
152658,,,,,,,,,1.236036,0.652434,,,77.553711,79.536072,0.179174,0.256108,,,,0.255379,0.599313,0.878428,,,,,,
152668,,,,,,,,,1.236036,0.652434,,,76.689087,79.990677,0.185217,0.250446,,,,0.263646,0.608674,0.887421,,,,,,
152678,,,,,,,,,1.153634,1.304868,,,75.417053,79.284096,0.195588,0.256538,,,,0.271010,0.617665,0.902307,,,,,,
152688,,,,,,,,,1.153634,3.914605,,,73.802216,79.234123,0.209711,0.256073,,,,0.278646,0.627157,0.920535,,,,,,
152698,,,,,,,,,1.126167,0.652435,,,72.443497,78.647530,0.221544,0.261092,,,,0.285940,0.636424,0.939195,,,,,,
152716,0.285572,0.636103,0.935965,0.244178,0.634840,1.001475,1.140099,1.209777,0.082402,0.652434,57.786930,70.039368,62.043034,67.263107,0.265833,0.331761,-0.025565,0.032580,0.065510,,,,,,,,,
152719,,,,,,,,,0.521882,-0.652434,,,57.648434,61.496059,0.309807,0.391140,,,,0.293033,0.645536,0.960858,,,,,,
152728,,,,,,,,,1.236037,3.262171,,,59.396248,64.811813,0.292007,0.359028,,,,,,,,,,,,
152738,,,,,,,,,1.181102,1.957302,,,60.322315,67.601685,0.282239,0.331617,,,,0.313771,0.674600,1.027480,,,,,,
152748,,,,,,,,,1.153634,3.914605,,,61.101509,69.949089,0.273784,0.308161,,,,0.320080,0.683767,1.059087,,,,,,
152753,0.319684,0.683912,1.065162,0.270425,0.679685,1.084420,1.073452,1.510112,,,54.005993,64.649628,,,,,-0.027557,0.041048,0.019258,,,,,,,,,
152758,,,,,,,,,1.181102,3.262171,,,61.757122,71.924194,0.227869,0.233057,,,,0.326186,0.693018,1.088306,,,,,,
152768,,,,,,,,,1.043764,1.304868,,,61.764214,71.407875,0.226246,0.236869,,,,0.331497,0.702383,1.120481,,,,,,
152778,,,,,,,,,1.071232,1.957303,,,61.770180,71.517982,0.224634,0.234394,,,,0.336776,0.711789,1.153271,,,,,,
152788,,,,,,,,,1.098699,2.609736,,,61.230656,71.610626,0.228584,0.232075,,,,0.341620,0.721191,1.186439,,,,,,
152798,,,,,,,,,1.043764,2.609737,,,61.321243,72.233124,0.226215,0.224334,,,,0.346411,0.730704,1.209872,,,,,,
152806,0.346031,0.730741,1.208663,0.291094,0.723659,1.181844,1.005623,1.806151,,,50.815601,60.169106,60.852921,71.667801,0.196987,0.182882,-0.026085,0.048865,-0.026819,0.350785,0.740541,1.233557,,,,,,
152809,,,,,,,,,1.071232,1.957303,,,,,,,,,,,,,,,,,,
152818,,,,,,,,,0.961362,1.957303,,,60.458874,71.192139,0.198999,0.185434,,,,0.354615,0.750246,1.257433,,,,,,
152828,,,,,,,,,0.988829,1.304868,,,60.127323,70.247375,0.200452,0.192866,,,,0.358296,0.760374,1.277990,,,,,,
152837,,,,,,,,,0.933894,1.304869,,,59.303814,68.907913,0.206989,0.204513,,,,0.361847,0.770695,1.291804,,,,,,
152848,,,,,,,,,0.961362,0.652434,,,58.610912,67.780884,0.212359,0.214261,,,,0.364956,0.780964,1.302297,,,,,,
152853,0.364717,0.780551,1.297174,0.306009,0.766472,1.292727,0.939124,2.087376,,,44.278248,56.562622,,,,,-0.029419,0.052720,-0.004447,,,,,,,,,
152858,,,,,,,,,0.878959,1.304869,,,58.027905,66.288063,0.150066,0.191179,,,,0.368041,0.791214,1.312991,,,,,,
152868,,,,,,,,,0.851492,0.652435,,,56.992817,64.487457,0.157874,0.207600,,,,0.370912,0.801486,1.320292,,,,,,
152877,,,,,,,,,0.906427,1.957303,,,56.121895,64.061516,0.164214,0.210360,,,,0.373764,0.811594,1.331533,,,,,,
152887,,,,,,,,,0.824024,1.304869,,,54.844559,62.614040,0.174874,0.223624,,,,0.376301,0.821259,1.342573,,,,,,
152898,,,,,,,,,0.851492,1.957303,,,53.769810,61.940681,0.183724,0.229282,,,,0.378438,0.829407,1.359696,,,,,,
152903,0.378093,0.828787,1.362655,0.315165,0.807746,1.415535,0.875893,2.342718,,,36.802052,53.636726,,,,,-0.033591,0.057222,0.052880,,,,,,,,,
152908,,,,,,,,,0.906427,1.957303,,,53.410057,61.374115,0.109238,0.204141,,,,0.380598,0.837642,1.373859,,,,,,
152918,,,,,,,,,0.796557,1.957302,,,52.018276,60.897408,0.120112,0.207456,,,,0.382584,0.845512,1.395119,,,,,,
152928,,,,,,,,,0.851492,3.262170,,,50.302689,60.496307,0.134568,0.210096,,,,0.384297,0.853324,1.413135,,,,,,
152937,,,,,,,,,0.769089,2.609737,,,48.859196,60.158821,0.146591,0.212166,,,,0.385879,0.861492,1.438541,,,,,,
152947,,,,,,,,,0.741622,3.262171,,,47.644638,59.330315,0.156568,0.219312,,,,0.387166,0.869437,1.464556,,,,,,
152953,0.386812,0.869111,1.469684,0.318725,0.847050,1.548437,0.817157,2.563491,,,33.187851,52.428280,,,,,-0.028821,0.065512,0.078753,,,,,,,,,
152958,,,,,,,,,0.796557,3.262171,,,46.078167,59.177753,0.133513,0.207404,,,,0.388184,0.877557,1.494771,,,,,,
152968,,,,,,,,,0.714154,3.914605,,,44.760139,58.504845,0.144379,0.212917,,,,0.388939,0.885449,1.528848,,,,,,
152978,,,,,,,,,0.741622,3.262171,,,43.106606,57.938660,0.158931,0.217477,,,,0.389418,0.893322,1.560291,,,,,,
152987,,,,,,,,,0.714154,3.914605,,,42.259869,57.462273,0.165584,0.221234,,,,0.389790,0.900959,1.599384,,,,,,
152998,,,,,,,,,0.714154,3.914605,,,41.002880,57.061440,0.176590,0.224316,,,,0.389860,0.908220,1.637881,,,,,,
153003,0.389620,0.907934,1.640185,0.316998,0.883908,1.689568,0.763406,2.746250,,,33.020573,51.638908,,,,,-0.018933,0.074113,0.049383,,,,,,,,,
153008,,,,,,,,,0.741622,4.567040,,,39.945251,56.724178,0.184109,0.218778,,,,0.389675,0.915250,1.675817,,,,,,
153018,,,,,,,,,0.741622,3.262171,,,39.599903,56.440407,0.186247,0.220655,,,,0.389046,0.922259,1.712629,,,,,,
153028,,,,,,,,,0.741622,3.262171,,,39.309330,56.201641,0.187895,0.222130,,,,0.388103,0.928920,1.748972,,,,,,
153038,,,,,,,,,0.714154,2.609737,,,39.064838,56.000744,0.189131,0.223267,,,,0.386984,0.935773,1.784931,,,,,,
153048,,,,,,,,,0.741622,3.262171,,,38.314583,55.831711,0.195574,0.224119,,,,0.385913,0.942189,1.824111,,,,,,
153053,0.385751,0.942390,1.822360,0.310423,0.917848,1.837325,0.714564,2.893628,,,34.400318,52.087200,,,,,-0.005019,0.079066,0.014965,,,,,,,,,
153058,,,,,,,,,0.741622,4.567040,,,38.227859,55.689484,0.209474,0.229303,,,,0.384627,0.948800,1.862747,,,,,,
153068,,,,,,,,,0.769089,3.914606,,,37.610348,55.569817,0.215007,0.229803,,,,0.383210,0.955065,1.897338,,,,,,
153078,,,,,,,,,0.686687,3.262170,,,37.635315,56.013672,0.214110,0.224580,,,,0.381472,0.961106,1.931483,,,,,,
153087,,,,,,,,,0.769089,2.609737,,,37.656322,55.842587,0.213249,0.225539,,,,0.379664,0.967006,1.965175,,,,,,
153098,,,,,,,,,0.686687,3.262170,,,37.674000,55.154091,0.212417,0.231811,,,,0.377371,0.973610,1.994961,,,,,,
153103,0.377130,0.973712,1.994159,0.299540,0.948430,1.990444,0.670245,3.012373,,,35.666370,53.078625,,,,,0.008827,0.081127,-0.003715,,,,,,,,,
153108,,,,,,,,,0.714154,3.914605,,,37.144329,54.574791,0.230079,0.247219,,,,0.374573,0.980516,2.021131,,,,,,
153117,,,,,,,,,0.714154,2.609737,,,37.243210,54.087368,0.228775,0.251891,,,,0.371675,0.987283,2.053602,,,,,,
153128,,,,,,,,,0.741622,1.957302,,,37.870949,54.221794,0.222056,0.250319,,,,0.368495,0.994012,2.079334,,,,,,
153138,,,,,,,,,0.769089,2.609737,,,37.854588,54.334900,0.221782,0.248936,,,,0.365306,1.000325,2.108139,,,,,,
153148,,,,,,,,,0.714154,2.609737,,,38.385365,53.885525,0.215931,0.253269,,,,0.361900,1.006746,2.136671,,,,,,
153153,0.361770,1.006618,2.135657,0.284969,0.975276,2.147850,0.630047,3.108811,,,34.257046,52.726593,,,,,0.014638,0.081648,0.012194,,,,,,,,,
153157,,,,,,,,,0.796557,3.262171,,,38.287415,54.051964,0.202011,0.247819,,,,0.358412,1.012954,2.165078,,,,,,
153167,,,,,,,,,0.741622,3.262171,,,38.205002,54.192005,0.202045,0.246125,,,,0.354583,1.019773,2.193111,,,,,,
153178,,,,,,,,,,,,,38.680202,54.309837,0.196409,0.244630,,,,0.350504,1.026152,2.224125,,,,,,
153184,,,,,,,,,0.961362,8.481646,,,,,,,,,,,,,,,,,,
153188,,,,,,,,,0.521882,-1.957302,,,38.535492,54.953526,0.197000,0.237748,,,,0.346017,1.032509,2.251714,,,,,,
153192,,,,,,,,,,,,,,,,,,,,0.346017,1.032509,2.251714,,,,,,
153198,,,,,,,,,0.714154,2.609737,,,38.413734,54.406036,0.197387,0.242887,,,,0.341492,1.038574,2.285301,,,,,,
153203,0.341424,1.038311,2.283687,0.267376,0.998115,2.308333,0.593749,3.183820,,,32.555809,51.777672,,,,,0.018022,0.082305,0.024645,,,,,,,,,
153207,,,,,,,,,0.796557,3.262171,,,38.855831,55.034466,0.174693,0.226462,,,,0.336734,1.044683,2.321576,,,,,,
153218,,,,,,,,,0.741622,4.567040,,,38.138721,54.474140,0.180748,0.231526,,,,0.331924,1.050636,2.351708,,,,,,
153228,,,,,,,,,0.769089,2.609737,,,38.079891,55.091770,0.180231,0.224687,,,,0.326808,1.056345,2.387515,,,,,,
153238,,,,,,,,,0.714154,3.914605,,,38.030392,55.611443,0.179631,0.218724,,,,0.321434,1.061995,2.420146,,,,,,
153248,,,,,,,,,0.741622,3.262171,,,37.988743,55.504150,0.178961,0.219051,,,,0.315974,1.067242,2.455507,,,,,,
153253,0.315888,1.066993,2.454769,0.247451,1.016793,2.470096,0.561344,3.229789,,,31.512497,50.509727,,,,,0.021089,0.082213,0.015326,,,,,,,,,
153258,,,,,,,,,0.741622,3.262171,,,37.409157,55.413876,0.173145,0.206294,,,,0.310429,1.072295,2.490576,,,,,,
153267,,,,,,,,,0.714154,3.914605,,,37.466034,55.337917,0.171385,0.206088,,,,0.304819,1.077048,2.525637,,,,,,
153278,,,,,,,,,0.741622,3.262171,,,36.969349,54.729465,0.175261,0.211328,,,,0.299066,1.081528,2.560394,,,,,,
153288,,,,,,,,,0.741622,3.262171,,,37.095982,54.217514,0.172878,0.215706,,,,0.293252,1.085708,2.597936,,,,,,
153298,,,,,,,,,0.714154,3.914605,,,37.202530,54.875843,0.170674,0.208250,,,,0.287153,1.089746,2.635145,,,,,,
153303,0.287075,1.089504,2.636427,0.225882,1.031287,2.630454,0.532905,3.231494,,,31.362680,49.522957,,,,,0.025375,0.080560,-0.005973,,,,,,,,,
153308,,,,,,,,,0.714154,2.609737,,,36.747635,54.885220,0.172648,0.197216,,,,0.281072,1.093599,2.669410,,,,,,
153319,,,,,,,,,0.659220,3.914604,,,36.364887,54.348564,0.175475,0.201617,,,,0.275014,1.097061,2.703483,,,,,,
153328,,,,,,,,,0.741622,3.262171,,,36.587387,53.897022,0.172205,0.205258,,,,0.268677,1.100592,2.740347,,,,,,
153338,,,,,,,,,0.714154,3.914605,,,36.230053,54.061638,0.174805,0.202704,,,,0.262266,1.103810,2.774153,,,,,,
153348,,,,,,,,,0.659220,3.914604,,,35.384850,53.655602,0.182452,0.205938,,,,0.255872,1.106707,2.810686,,,,,,
153353,0.255953,1.106363,2.812480,0.203328,1.041722,2.786060,0.508340,3.171760,,,31.341469,48.439686,,,,,0.028908,0.078180,-0.026420,,,,,,,,,
153358,,,,,,,,,0.686687,1.957303,,,35.762783,53.313965,0.177577,0.197546,,,,0.249387,1.109331,2.844309,,,,,,
153369,,,,,,,,,0.686687,3.262170,,,35.536232,54.115597,0.179003,0.188395,,,,0.242723,1.111717,2.877821,,,,,,
153378,,,,,,,,,0.714154,3.914605,,,35.345612,52.611919,0.180109,0.202597,,,,0.235988,1.113744,2.911286,,,,,,
153388,,,,,,,,,0.686687,1.957303,,,35.185226,52.435810,0.180944,0.203559,,,,0.229451,1.115653,2.941895,,,,,,
153398,,,,,,,,,0.686687,3.262170,,,35.050278,52.287632,0.181551,0.204271,,,,0.222862,1.117266,2.975273,,,,,,
153403,0.222846,1.117057,2.975294,0.180411,1.048351,2.933277,0.487151,3.039966,,,31.063551,46.919453,,,,,0.030476,0.074783,-0.042017,,,,,,,,,
153408,,,,,,,,,0.631752,3.262170,,,34.936729,51.618412,0.179133,0.194821,,,,0.216252,1.118720,3.005802,,,,,,
153418,,,,,,,,,0.741622,3.262171,,,34.841190,51.599873,0.179333,0.194071,,,,0.209535,1.119936,3.033557,,,,,,
153428,,,,,,,,,0.631752,1.957303,,,34.760803,51.039730,0.179397,0.198848,,,,0.202905,1.120896,3.064031,,,,,,
153438,,,,,,,,,0.686687,3.262170,,,34.693169,51.112968,0.179348,0.197277,,,,0.196314,1.121808,3.091727,,,,,,
153448,,,,,,,,,0.686687,3.262170,,,34.636261,50.630051,0.179202,0.201364,,,,0.189709,1.122348,3.119426,,,,,,
153453,0.189619,1.122152,3.121013,0.157686,1.051550,3.068970,0.468317,2.838344,,,30.574976,45.026821,,,,,0.030474,0.071244,-0.052043,,,,,,,,,
153458,,,,,,,,,0.659220,2.609737,,,34.588379,50.768265,0.173993,0.179907,,,,0.182964,1.122795,-3.138852,,,,,,
153468,,,,,,,,,0.604285,2.609737,,,34.548088,49.795475,0.173601,0.188681,,,,0.176074,1.122965,-3.114009,,,,,,
153478,,,,,,,,,0.686687,1.957303,,,34.514187,49.521511,0.173152,0.190522,,,,0.169317,1.123070,-3.089085,,,,,,
153488,,,,,,,,,0.659220,2.609737,,,34.485664,49.290997,0.172655,0.191974,,,,0.162714,1.122919,-3.064214,,,,,,
153498,,,,,,,,,,,,,34.461666,48.552502,0.172118,0.198654,,,,,,,,,,,,
153503,0.156216,1.122537,-3.038666,0.135643,1.051789,-3.092211,0.450373,2.582229,,,29.389311,42.426823,,,,,,,,0.156173,1.122706,-3.039300,,,,,,
153506,,,,,,,,,1.071232,3.262170,,,34.441475,47.386585,0.159453,0.183322,0.027734,0.068260,-0.053545,0.149538,1.122191,-3.017113,,,,,,
153509,,,,,,,,,0.192272,0.652434,,,,,,,,,,,,,,,,,,
153517,,,,,,,,,0.604285,2.609737,,,34.424484,47.494671,0.158616,0.181227,,,,0.142925,1.121748,-2.992157,,,,,,
153528,,,,,,,,,0.631752,1.957303,,,33.865646,47.041073,0.163309,0.184840,,,,0.136409,1.121133,-2.967165,,,,,,
153538,,,,,,,,,0.631752,3.262170,,,33.939983,46.659416,0.161655,0.187810,,,,0.129956,1.120243,-2.942104,,,,,,
153548,,,,,,,,,0.604285,1.304869,,,34.002529,46.338287,0.160107,0.190239,,,,0.123433,1.119131,-2.919926,,,,,,
153553,0.123673,1.119064,-2.924418,0.114694,1.049606,-2.984912,0.431659,2.294307,,,27.942755,39.266598,,,,,0.023735,0.065892,-0.060494,,,,,,,,,
153558,,,,,,,,,0.659220,3.914604,,,33.510612,46.068092,0.149447,0.159979,,,,0.117035,1.117899,-2.897685,,,,,,
153568,,,,,,,,,0.604285,1.304869,,,33.641258,46.385292,0.147001,0.155383,,,,0.110741,1.116519,-2.872511,,,,,,
153578,,,,,,,,,0.576817,1.957303,,,33.206638,45.563099,0.150294,0.162346,,,,0.104612,1.115011,-2.847384,,,,,,
153588,,,,,,,,,0.604285,2.609737,,,32.840950,44.871304,0.152972,0.168143,,,,0.098618,1.113477,-2.822194,,,,,,
153598,,,,,,,,,0.631752,1.957303,,,32.533260,44.833771,0.155130,0.167405,,,,0.092630,1.111831,-2.802540,,,,,,
153605,0.092679,1.111736,-2.804558,0.095181,1.045576,-2.892334,0.410612,1.997202,,,26.525005,35.582390,,,,,0.019517,0.063265,-0.087776,,,,,,,,,
153608,,,,,,,,,0.576817,1.957303,,,32.818913,44.802193,0.136838,0.129034,,,,0.086783,1.109989,-2.780039,,,,,,
153618,,,,,,,,,0.576817,1.957303,,,32.514717,44.231079,0.138682,0.133016,,,,0.081103,1.108259,-2.757464,,,,,,
153628,,,,,,,,,0.549350,2.609737,,,31.714224,43.205997,0.145649,0.141742,,,,0.075478,1.106129,-2.737665,,,,,,
153637,,,,,,,,,0.521882,0.652434,,,31.585232,42.343494,0.145927,0.149015,,,,0.070078,1.104035,-2.717866,,,,,,
153648,,,,,,,,,0.576817,1.957303,,,31.476698,42.162331,0.146022,0.149510,,,,0.064720,1.101668,-2.703770,,,,,,
153653,0.064825,1.101601,-2.704018,0.077354,1.040272,-2.813721,0.386053,1.708615,,,24.568361,31.632694,,,,,0.014639,0.060860,-0.109703,,,,,,,,,
153658,,,,,,,,,,,,,31.385378,41.465355,0.126005,0.115016,,,,0.059498,1.099263,-2.689582,,,,,,
153664,,,,,,,,,0.549350,1.304868,,,,,,,,,,,,,,,,,,
153668,,,,,,,,,0.494415,1.304868,,,30.763998,40.334377,0.130980,0.124586,,,,0.054381,1.096987,-2.678208,,,,,,
153678,,,,,,,,,0.521882,0.652434,,,30.785713,39.382771,0.129519,0.132552,,,,0.049315,1.094649,-2.664019,,,,,,
153688,,,,,,,,,0.494415,1.304868,,,30.259441,38.582088,0.133644,0.139169,,,,0.044344,1.092224,-2.649691,,,,,,
153692,,,,,,,,,,,,,,,,,,,,0.044344,1.092224,-2.649691,,,,,,
153698,,,,,,,,,0.494415,1.304868,,,29.816635,37.908398,0.137022,0.144651,,,,0.039564,1.089801,-2.638290,,,,,,
153705,0.039834,1.089851,-2.638333,0.061399,1.034243,-2.747956,0.357346,1.439621,,,21.542675,27.316822,,,,,0.007928,0.059114,-0.109623,,,,,,,,,
153708,,,,,,,,,0.549350,1.304868,,,29.988602,37.886097,0.103356,0.099601,,,,0.034756,1.087235,-2.629736,,,,,,
153711,,,,,,,,,,,,,,,,,,,,0.034756,1.087235,-2.629736,,,,,,
153718,,,,,,,,,0.439480,1.304869,,,29.044209,36.778244,0.111300,0.108787,,,,0.030109,1.084700,-2.618301,,,,,,
153728,,,,,,,,,0.466947,0.652434,,,28.249596,35.846100,0.117905,0.116403,,,,0.025539,1.082224,-2.606816,,,,,,
153738,,,,,,,,,0.439480,1.304869,,,28.125551,35.061794,0.117828,0.122697,,,,0.021115,1.079572,-2.598213,,,,,,
153748,,,,,,,,,0.412012,0.652434,,,27.476637,33.857334,0.123131,0.133433,,,,0.016651,1.076992,-2.586670,,,,,,
153752,0.017097,1.077211,-2.588268,0.047416,1.027980,-2.693709,0.324448,1.195718,,,17.822857,22.551275,,,,,0.000077,0.057818,-0.105441,0.016651,1.076992,-2.586670,,,,,,
153758,,,,,,,,,,,,,26.930641,33.388447,0.089571,0.088299,,,,0.012290,1.074373,-2.580754,,,,,,
153764,,,,,,,,,0.439480,1.304869,,,,,,,,,,0.012290,1.074373,-2.580754,,,,,,
153768,,,,,,,,,0.412012,0.652434,,,26.471241,32.449379,0.092435,0.095711,,,,,,,,,,,,
153772,,,,,,,,,,,,,,,,,,,,0.007963,1.071838,-2.572094,,,,,,
153775,,,,,,,,,,,,,,,,,,,,0.007963,1.071838,-2.572094,,,,,,
153778,,,,,,,,,0.384545,1.304868,,,25.540157,31.114706,0.100203,0.107345,,,,0.003697,1.069272,-2.560583,,,,,,
153788,,,,,,,,,0.384545,0.000000,,,25.301287,30.536255,0.101096,0.111532,,,,-0.000455,1.066710,-2.551548,,,,,,
153799,,,,,,,,,0.384545,1.304868,,,24.555759,30.049547,0.107204,0.114900,,,,-0.004048,1.064419,-2.542296,,,,,,
153806,-0.003619,1.064602,-2.540680,0.035453,1.021901,-2.649677,0.287875,0.978417,,,13.765513,17.457800,,,0.070871,0.065623,-0.008084,0.057312,-0.108997,,,,,,,,,
153809,,,,,,,,,0.439480,1.304869,,,23.928473,29.640030,,,,,,-0.006786,1.062458,-2.531323,,,,,,
153818,,,,,,,,,0.329610,1.304868,,,23.400673,28.750919,0.074222,0.072256,,,,-0.009460,1.060663,-2.519741,,,,,,
153828,,,,,,,,,0.357077,0.652434,,,22.956583,28.002823,0.076825,0.077628,,,,-0.012023,1.058983,-2.508093,,,,,,
153838,,,,,,,,,0.274675,1.304868,,,21.493839,27.373373,0.089907,0.081939,,,,-0.014805,1.057100,-2.499200,,,,,,
153848,,,,,,,,,0.329610,0.000000,,,21.352173,26.299212,0.089806,0.090913,,,,-0.017388,1.055227,-2.487554,,,,,,
153853,-0.017370,1.055227,-2.492012,0.025490,1.016333,-2.614607,0.248596,0.787052,,,11.103391,13.772079,,,,,-0.010606,0.056897,-0.122595,,,,,,,,,
153858,,,,,,,,,0.274675,1.304868,,,20.143888,25.395412,0.073460,0.060769,,,,-0.020020,1.053300,-2.481811,,,,,,
153868,,,,,,,,,0.247207,0.652434,,,19.127237,24.090412,0.082021,0.071755,,,,-0.022606,1.051466,-2.472955,,,,,,
153878,,,,,,,,,0.247207,0.652434,,,18.271828,22.992386,0.089142,0.080891,,,,-0.025084,1.049673,-2.463857,,,,,,
153888,,,,,,,,,0.247207,0.652434,,,17.552086,22.068506,0.095049,0.088471,,,,-0.027535,1.047680,-2.454844,,,,,,
153898,,,,,,,,,0.247207,0.652434,,,16.946495,21.291155,0.099937,0.094741,,,,-0.029790,1.045874,-2.451708,,,,,,
153905,-0.029563,1.046017,-2.452353,0.017452,1.011507,-2.587322,0.207925,0.619961,,,7.911585,9.778443,,,,,-0.014336,0.056532,-0.134969,,,,,,,,,
153908,,,,,,,,,0.274675,1.304868,,,16.436951,21.181635,0.071409,0.053619,,,,-0.031716,1.044441,-2.445897,,,,,,
153918,,,,,,,,,0.247207,0.652434,,,16.008221,20.000397,0.074077,0.063387,,,,-0.033272,1.043169,-2.437357,,,,,,
153928,,,,,,,,,0.219740,0.000000,,,15.647488,19.551046,0.076137,0.065926,,,,-0.034725,1.041873,-2.434515,,,,,,
153938,,,,,,,,,0.219740,0.000000,,,15.343966,18.628420,0.077686,0.073382,,,,-0.036204,1.040632,-2.425766,,,,,,
153948,,,,,,,,,0.192272,0.652434,,,14.544041,17.852123,0.084359,0.079530,,,,-0.037731,1.039300,-2.422686,,,,,,
153953,-0.037660,1.039341,-2.422438,0.011217,1.007558,-2.566762,0.167348,0.475177,,,5.257984,6.535155,,,,,-0.015836,0.056110,-0.144324,,,,,,,,,
153958,,,,,,,,,0.192272,0.652434,,,13.870983,17.198948,0.062831,0.051496,,,,-0.039116,1.038041,-2.419886,,,,,,
153968,,,,,,,,,0.219740,0.000000,,,13.304673,16.649364,0.066884,0.054969,,,,-0.040527,1.036770,-2.416943,,,,,,
153978,,,,,,,,,0.137337,0.652434,,,12.828180,15.642403,0.070135,0.063217,,,,-0.041880,1.035593,-2.414101,,,,,,
153987,,,,,,,,,0.164805,0.000000,,,12.427258,14.795145,0.072711,0.070038,,,,-0.043238,1.034401,-2.411054,,,,,,
153998,,,,,,,,,0.192272,0.652434,,,12.089923,14.626806,0.074718,0.070103,,,,-0.044524,1.033281,-2.408157,,,,,,
154005,-0.044547,1.033249,-2.406618,0.006607,1.004522,-2.551884,0.128399,0.350941,,,2.235906,3.134467,,,,,-0.018685,0.055613,-0.145266,,,,,,,,,
154008,,,,,,,,,0.137337,0.652434,,,11.261546,13.940622,0.050975,0.040797,,,,-0.045676,1.032124,-2.405105,,,,,,
154018,,,,,,,,,0.109870,0.000000,,,10.564549,12.818724,0.056280,0.050079,,,,-0.046866,1.031026,-2.402151,,,,,,
154028,,,,,,,,,0.164805,0.000000,,,10.522640,12.419302,0.055041,0.052216,,,,-0.048060,1.030072,-2.396191,,,,,,
154037,,,,,,,,,0.082402,0.652434,,,9.398292,11.538686,0.064852,0.059342,,,,-0.049145,1.029081,-2.393231,,,,,,
154048,,,,,,,,,0.137337,0.652434,,,8.996808,11.342278,0.067515,0.059664,,,,-0.050186,1.028089,-2.387079,,,,,,
154053,-0.050134,1.028129,-2.385981,0.003448,1.002385,-2.541851,0.092564,0.245934,,,-0.563011,-0.014069,,,,,-0.021346,0.055481,-0.155870,,,,,,,,,
154058,,,,,,,,,0.109870,0.000000,,,8.658999,10.632478,0.041060,0.033147,,,,-0.051229,1.027142,-2.384012,,,,,,
154068,,,,,,,,,0.054935,1.304868,,,7.285681,10.035252,0.053223,0.037110,,,,-0.052058,1.026260,-2.381139,,,,,,
154078,,,,,,,,,0.082402,-0.652434,,,7.219257,8.988203,0.052331,0.045780,,,,-0.052659,1.025721,-2.378240,,,,,,
154088,,,,,,,,,0.082402,0.652434,,,6.618825,8.651759,0.056899,0.047411,,,,-0.053178,1.025160,-2.372294,,,,,,
154098,,,,,,,,,0.082402,0.652434,,,6.113622,8.368675,0.060615,0.048565,,,,-0.053615,1.024767,-2.369292,,,,,,
154103,-0.053571,1.024808,-2.367955,0.001481,1.001031,-2.535665,0.061174,0.159404,,,-2.784571,-2.483407,,,,,-0.022769,0.055477,-0.167710,,,,,,,,,
154108,,,,,,,,,0.027467,0.652434,,,5.144001,7.585945,0.046510,0.029685,,,,-0.053991,1.024456,-2.366336,,,,,,
154117,,,,,,,,,0.054935,0.000000,,,4.872705,6.927356,0.047692,0.034389,,,,-0.054250,1.024104,-2.360420,,,,,,
154128,,,,,,,,,0.027467,0.652434,,,4.099894,6.373220,0.054043,0.038159,,,,-0.054482,1.023829,-2.354404,,,,,,
154138,,,,,,,,,0.054935,0.000000,,,3.994193,5.906970,0.053744,0.041144,,,,-0.054796,1.023625,-2.351394,,,,,,
154148,,,,,,,,,0.027467,0.652434,,,3.360713,5.514667,0.058850,0.043467,,,,-0.054951,1.023414,-2.348472,,,,,,
154153,-0.054917,1.023450,-2.347369,0.000446,1.000311,-2.532430,0.035377,0.091072,,,-4.162381,-4.031968,,,,,-0.022295,0.055708,-0.185061,,,,,,,,,
154158,,,,,,,,,0.027467,-0.652434,,,3.372247,4.640039,0.043450,0.034993,,,,-0.055052,1.023228,-2.348472,,,,,,
154168,,,,,,,,,-0.000000,0.000000,,,2.837408,3.904129,0.047398,0.040765,,,,-0.055129,1.023190,-2.345545,,,,,,
154178,,,,,,,,,-0.000000,0.000000,,,2.387395,3.284933,0.050588,0.045494,,,,-0.055199,1.023141,-2.345441,,,,,,
154188,,,,,,,,,0.027467,0.652434,,,2.008754,3.308486,0.053141,0.043790,,,,-0.055187,1.023133,-2.348537,,,,,,
154198,,,,,,,,,-0.000000,0.000000,,,1.690165,2.783759,0.055156,0.047674,,,,-0.055163,1.023108,-2.348537,,,,,,
154203,-0.055142,1.023136,-2.348439,0.000055,1.000038,-2.531212,0.016103,0.041190,,,-5.303039,-5.242867,,,,,-0.022267,0.055537,-0.182773,,,,,,,,,
154208,,,,,,,,,-0.000000,0.000000,,,1.422105,2.342255,0.045085,0.038463,,,,-0.055108,1.023192,-2.348537,,,,,,
154218,,,,,,,,,-0.000000,0.000000,,,1.196559,1.970773,0.046040,0.040735,,,,-0.055032,1.023302,-2.348617,,,,,,
154228,,,,,,,,,-0.000000,0.000000,,,1.006784,1.658208,0.046676,0.042481,,,,-0.054864,1.023460,-2.348597,,,,,,
154238,,,,,,,,,-0.000000,0.000000,,,0.847108,1.395216,0.047043,0.043783,,,,-0.054667,1.023706,-2.348651,,,,,,
154248,,,,,,,,,-0.000000,0.000000,,,0.712757,1.173934,0.047183,0.044713,,,,-0.054405,1.024001,-2.348700,,,,,,
154253,-0.054467,1.023928,-2.348678,0.000000,1.000000,-2.531041,0.004113,0.010490,,,-5.710906,-5.695587,,,,,-0.021177,0.055595,-0.182363,,,,,,,,,
154258,,,,,,,,,-0.000000,0.000000,,,0.599713,0.987748,0.042973,0.040711,,,,-0.054053,1.024368,-2.348799,,,,,,
154268,,,,,,,,,-0.000000,0.000000,,,0.504599,0.831091,0.042681,0.040972,,,,-0.053574,1.024774,-2.348897,,,,,,
154278,,,,,,,,,-0.000000,0.000000,,,0.424569,0.699280,0.042254,0.041011,,,,-0.053087,1.025233,-2.348986,,,,,,
154288,,,,,,,,,-0.000000,0.000000,,,0.357233,0.588374,0.041714,0.040863,,,,-0.052643,1.025738,-2.348965,,,,,,
154298,,,,,,,,,-0.000000,0.000000,,,0.300575,0.495058,0.041078,0.040558,,,,-0.052102,1.026353,-2.348923,,,,,,
154303,-0.052301,1.026150,-2.348902,0.000000,1.000000,-2.531041,-0.000000,0.000000,,,-5.086867,-5.086867,,,,,-0.018087,0.055606,-0.182138,,,,,,,,,
154308,,,,,,,,,-0.000000,0.000000,,,0.252904,0.416542,0.046727,0.046330,,,,-0.051600,1.026834,-2.348902,,,,,,
154318,,,,,,,,,-0.000000,0.000000,,,0.212793,0.350478,0.046069,0.045903,,,,-0.051576,1.026830,-2.351900,,,,,,
154328,,,,,,,,,-0.000000,0.000000,,,0.179044,0.294892,0.045353,0.045383,,,,-0.051678,1.026773,-2.348907,,,,,,
154338,,,,,,,,,-0.000000,0.000000,,,0.150648,0.248122,0.044589,0.044783,,,,-0.051752,1.026724,-2.348907,,,,,,
154348,,,,,,,,,-0.000000,0.000000,,,0.126755,0.208770,0.043786,0.044118,,,,-0.051813,1.026673,-2.348907,,,,,,
154353,-0.051853,1.026629,-2.348906,0.000000,1.000000,-2.531041,-0.000000,0.000000,,,-4.902537,-4.902537,,,,,-0.017431,0.055624,-0.182135,,,,,,,,,
154358,,,,,,,,,-0.000000,0.000000,,,0.106652,0.175659,0.044828,0.045276,,,,-0.051892,1.026592,-2.348893,,,,,,
154368,,,,,,,,,-0.000000,0.000000,,,0.089737,0.147800,0.043999,0.044545,,,,-0.051956,1.026519,-2.348893,,,,,,
154378,,,,,,,,,,,,,0.075505,0.124359,0.043145,0.043774,,,,-0.051941,1.026526,-2.348893,,,,,,
154383,,,,,,,,,-0.000000,0.000000,,,,,,,,,,,,,,,,,,
154388,,,,,,,,,-0.000000,0.000000,,,0.063529,0.104635,0.042272,0.042970,,,,-0.051929,1.026517,-2.351923,,,,,,
154398,,,,,,,,,-0.000000,0.000000,,,0.053454,0.088040,0.041382,0.042138,,,,-0.051913,1.026551,-2.351907,,,,,,
154403,-0.051908,1.026557,-2.351655,0.000000,1.000000,-2.531041,-0.000000,0.000000,,,-4.970695,-4.970695,,,,,-0.017674,0.055564,-0.179386,,,,,,,,,
154408,,,,,,,,,-0.000000,0.000000,,,0.044976,0.074077,0.039782,0.040587,,,,-0.051880,1.026552,-2.351907,,,,,,
154418,,,,,,,,,-0.000000,0.000000,,,0.037843,0.062328,0.038851,0.039698,,,,-0.051861,1.026573,-2.351907,,,,,,
154428,,,,,,,,,-0.000000,0.000000,,,0.031841,0.052443,0.037911,0.038792,,,,-0.051874,1.026571,-2.351907,,,,,,
154438,,,,,,,,,-0.000000,0.000000,,,0.026791,0.044126,0.036962,0.037872,,,,-0.051863,1.026565,-2.351907,,,,,,
154448,,,,,,,,,-0.000000,0.000000,,,0.022542,0.037127,0.036006,0.036940,,,,-0.051869,1.026572,-2.351907,,,,,,
154453,-0.051872,1.026571,-2.351885,0.000000,1.000000,-2.531041,-0.000000,0.000000,,,-4.964447,-4.964447,,,,,-0.017651,0.055544,-0.179156,,,,,,,,,
154458,,,,,,,,,-0.000000,0.000000,,,0.018967,0.031239,0.035107,0.036063,,,,-0.051888,1.026570,-2.351907,,,,,,
154468,,,,,,,,,-0.000000,0.000000,,,0.015959,0.026284,0.034141,0.035114,,,,-0.051879,1.026568,-2.351907,,,,,,
154478,,,,,,,,,-0.000000,0.000000,,,0.013428,0.022116,0.033171,0.034158,,,,-0.051881,1.026561,-2.351907,,,,,,
154487,,,,,,,,,-0.000000,0.000000,,,0.011298,0.018608,0.032197,0.033197,,,,-0.051866,1.026565,-2.351907,,,,,,
154498,,,,,,,,,-0.000000,0.000000,,,0.009506,0.015657,0.031220,0.032230,,,,-0.051880,1.026566,-2.351907,,,,,,
154503,-0.051879,1.026567,-2.351905,0.000000,1.000000,-2.531041,-0.000000,0.000000,,,-4.967024,-4.967024,,,,,-0.017661,0.055546,-0.179136,,,,,,,,,
154508,,,,,,,,,-0.000000,0.000000,,,0.007998,0.013174,0.030214,0.031233,,,,-0.051881,1.026570,-2.351907,,,,,,
154518,,,,,,,,,-0.000000,0.000000,,,0.006730,0.011084,0.029232,0.030259,,,,-0.051882,1.026571,-2.351907,,,,,,
154528,,,,,,,,,-0.000000,0.000000,,,0.005663,0.009326,0.028248,0.029281,,,,-0.051874,1.026557,-2.351907,,,,,,
154538,,,,,,,,,-0.000000,0.000000,,,0.004764,0.007847,0.027263,0.028301,,,,-0.051885,1.026567,-2.351907,,,,,,
154548,,,,,,,,,-0.000000,0.000000,,,0.004009,0.006603,0.026276,0.027319,,,,-0.051891,1.026563,-2.351907,,,,,,
154553,-0.051890,1.026563,-2.351906,0.000000,1.000000,-2.531041,-0.000000,0.000000,,,-4.969780,-4.969780,,,,,-0.017670,0.055551,-0.179135,,,,,,,,,
154558,,,,,,,,,-0.000000,0.000000,,,0.003373,0.005555,0.025261,0.026306,,,,-0.051892,1.026563,-2.351907,,,,,,
154568,,,,,,,,,-0.000000,0.000000,,,0.002838,0.004674,0.024271,0.025320,,,,-0.051890,1.026564,-2.351907,,,,,,
154578,,,,,,,,,-0.000000,0.000000,,,0.002388,0.003933,0.023282,0.024333,,,,-0.051888,1.026564,-2.351907,,,,,,
154588,,,,,,,,,-0.000000,0.000000,,,0.002009,0.003309,0.022291,0.023345,,,,-0.051879,1.026561,-2.351907,,,,,,
154598,,,,,,,,,-0.000000,0.000000,,,0.001691,0.002784,0.021300,0.022355,,,,-0.051888,1.026562,-2.351907,,,,,,
154603,-0.051888,1.026562,-2.351907,0.000000,1.000000,-2.531041,-0.000000,0.000000,,,-4.969832,-4.969832,,,,,-0.017671,0.055549,-0.179134,,,,,,,,,
154608,,,,,,,,,-0.000000,0.000000,,,0.001422,0.002343,0.020308,0.021365,,,,-0.051892,1.026559,-2.351907,,,,,,
154618,,,,,,,,,-0.000000,0.000000,,,0.001197,0.001971,0.019316,0.020374,,,,-0.051883,1.026558,-2.351907,,,,,,
154628,,,,,,,,,-0.000000,0.000000,,,0.001007,0.001659,0.018324,0.019383,,,,-0.051889,1.026564,-2.351907,,,,,,
154637,,,,,,,,,-0.000000,0.000000,,,0.000847,0.001396,0.017331,0.018391,,,,-0.051884,1.026562,-2.351907,,,,,,
154648,,,,,,,,,-0.000000,0.000000,,,0.000713,0.001174,0.016338,0.017399,,,,-0.051889,1.026562,-2.351907,,,,,,
154653,-0.051889,1.026562,-2.351907,0.000000,1.000000,-2.531041,-0.000000,0.000000,,,-4.969965,-4.969965,,,,,-0.017671,0.055550,-0.179134,,,,,,,,,
154658,,,,,,,,,-0.000000,0.000000,,,0.000600,0.000988,0.015344,0.016406,,,,-0.051898,1.026562,-2.351907,,,,,,
154667,,,,,,,,,-0.000000,0.000000,,,0.000505,0.000831,0.014351,0.015413,,,,-0.051894,1.026562,-2.351907,,,,,,
154678,,,,,,,,,-0.000000,0.000000,,,0.000425,0.000699,0.013357,0.014420,,,,-0.051895,1.026559,-2.351907,,,,,,
154688,,,,,,,,,-0.000000,0.000000,,,0.000357,0.000589,0.012364,0.013427,,,,-0.051895,1.026560,-2.351907,,,,,,
154698,,,,,,,,,,,,,0.000301,0.000495,0.011371,0.012434,,,,-0.051897,1.026559,-2.351907,,,,,,
154704,-0.051896,1.026559,-2.351907,0.000000,1.000000,-2.531041,-0.000000,0.000000,-0.000000,0.000000,-4.971892,-4.971892,,,,,-0.017678,0.055552,-0.179134,,,,,,,,,
154708,,,,,,,,,-0.000000,0.000000,,,0.000253,0.000417,0.010357,0.011421,,,,-0.051925,1.026550,-2.351907,,,,,,
154718,,,,,,,,,-0.000000,0.000000,,,0.000213,0.000351,0.009363,0.010427,,,,-0.051908,1.026552,-2.351907,,,,,,
154728,,,,,,,,,-0.000000,0.000000,,,0.000179,0.000295,0.008369,0.009434,,,,-0.051908,1.026553,-2.351923,,,,,,
154738,,,,,,,,,-0.000000,0.000000,,,0.000151,0.000248,0.007375,0.008440,,,,-0.051898,1.026559,-2.351907,,,,,,
154748,,,,,,,,,-0.000000,0.000000,,,0.000127,0.000209,0.006381,0.007446,,,,-0.051894,1.026560,-2.351907,,,,,,
154753,-0.051895,1.026560,-2.351907,0.000000,1.000000,-2.531041,-0.000000,0.000000,,,-4.971462,-4.971462,,,,,-0.017676,0.055552,-0.179134,,,,,,,,,
154758,,,,,,,,,-0.000000,0.000000,,,0.000107,0.000176,0.005391,0.006456,,,,-0.051897,1.026560,-2.351907,,,,,,
154768,,,,,,,,,-0.000000,0.000000,,,0.000090,0.000148,0.004397,0.005462,,,,-0.051899,1.026556,-2.351907,,,,,,
154778,,,,,,,,,-0.000000,0.000000,,,0.000076,0.000124,0.003403,0.004468,,,,-0.051927,1.026546,-2.351907,,,,,,
154788,,,,,,,,,-0.000000,0.000000,,,0.000064,0.000105,0.002409,0.003474,,,,-0.051894,1.026547,-2.351934,,,,,,
154798,,,,,,,,,-0.000000,0.000000,,,0.000053,0.000088,0.001415,0.002479,,,,-0.051894,1.026557,-2.351907,,,,,,
154805,-0.051894,1.026557,-2.351907,0.000000,1.000000,-2.531041,-0.000000,0.000000,,,-4.971879,-4.971879,,,,,-0.017678,0.055549,-0.179134,,,,,,,,,
154808,,,,,,,,,-0.000000,0.000000,,,0.000045,0.000074,0.000416,0.001481,,,,-0.051886,1.026551,-2.351907,,,,,,
154818,,,,,,,,,-0.000000,0.000000,,,0.000038,0.000062,-0.000578,0.000487,,,,-0.051905,1.026543,-2.351893,,,,,,
154828,,,,,,,,,-0.000000,0.000000,,,0.000032,0.000052,-0.001573,-0.000508,,,,-0.051929,1.026543,-2.351907,,,,,,
154838,,,,,,,,,-0.000000,0.000000,,,0.000027,0.000044,-0.002567,-0.001502,,,,-0.051913,1.026550,-2.351907,,,,,,
154848,,,,,,,,,-0.000000,0.000000,,,0.000023,0.000037,-0.003561,-0.002496,,,,-0.051902,1.026556,-2.351907,,,,,,
154853,-0.051902,1.026556,-2.351907,0.000000,1.000000,-2.531041,-0.000000,0.000000,,,-4.973593,-4.973593,,,,,-0.017684,0.055554,-0.179134,,,,,,,,,
154858,,,,,,,,,,,,,0.000019,0.000031,-0.004573,-0.003508,,,,-0.051901,1.026553,-2.351907,,,,,,
154864,,,,,,,,,-0.000000,0.000000,,,,,,,,,,,,,,,,,,
154868,,,,,,,,,-0.000000,0.000000,,,0.000016,0.000026,-0.005568,-0.004503,,,,-0.051900,1.026554,-2.351907,,,,,,
154878,,,,,,,,,-0.000000,0.000000,,,0.000013,0.000022,-0.006562,-0.005497,,,,-0.051905,1.026552,-2.351907,,,,,,
154887,,,,,,,,,-0.000000,0.000000,,,0.000011,0.000019,-0.007557,-0.006492,,,,-0.051910,1.026550,-2.351907,,,,,,
154898,,,,,,,,,-0.000000,0.000000,,,0.000010,0.000016,-0.008552,-0.007487,,,,-0.051906,1.026552,-2.351907,,,,,,
154905,-0.051906,1.026553,-2.351907,0.000000,1.000000,-2.531041,-0.000000,0.000000,,,-4.975084,-4.975084,,,,,-0.017689,0.055555,-0.179134,,,,,,,,,
154908,,,,,,,,,-0.000000,0.000000,,,0.000008,0.000013,-0.009562,-0.008497,,,,-0.051905,1.026551,-2.351907,,,,,,
154918,,,,,,,,,-0.000000,0.000000,,,0.000007,0.000011,-0.010557,-0.009492,,,,-0.051929,1.026542,-2.351907,,,,,,
154928,,,,,,,,,-0.000000,0.000000,,,0.000006,0.000009,-0.011552,-0.010487,,,,-0.051914,1.026541,-2.351907,,,,,,
154938,,,,,,,,,-0.000000,0.000000,,,0.000005,0.000008,-0.012547,-0.011482,,,,-0.051939,1.026543,-2.351907,,,,,,
154948,,,,,,,,,-0.000000,0.000000,,,0.000004,0.000007,-0.013542,-0.012477,,,,-0.051914,1.026547,-2.351907,,,,,,
154953,-0.051913,1.026548,-2.351907,0.000000,1.000000,-2.531041,-0.000000,0.000000,,,-4.977664,-4.977664,,,,,-0.017698,0.055557,-0.179134,,,,,,,,,
154958,,,,,,,,,-0.000000,0.000000,,,0.000003,0.000006,-0.014563,-0.013498,,,,-0.051905,1.026551,-2.351907,,,,,,
154968,,,,,,,,,-0.000000,0.000000,,,0.000003,0.000005,-0.015559,-0.014493,,,,-0.051892,1.026540,-2.351923,,,,,,
154978,,,,,,,,,-0.000000,0.000000,,,0.000002,0.000004,-0.016554,-0.015489,,,,-0.051896,1.026537,-2.351934,,,,,,
154987,,,,,,,,,-0.000000,0.000000,,,0.000002,0.000003,-0.017550,-0.016484,,,,-0.051902,1.026549,-2.351907,,,,,,
154998,,,,,,,,,-0.000000,0.000000,,,0.000002,0.000003,-0.018545,-0.017480,,,,-0.051923,1.026533,-2.351934,,,,,,
155003,-0.051923,1.026534,-2.351932,0.000000,1.000000,-2.531041,-0.000000,0.000000,,,-4.982490,-4.982490,,,,,-0.017716,0.055554,-0.179109,,,,,,,,,
155008,,,,,,,,,-0.000000,0.000000,,,0.000001,0.000002,-0.019590,-0.018525,,,,-0.051915,1.026545,-2.351907,,,,,,
155018,,,,,,,,,-0.000000,0.000000,,,0.000001,0.000002,-0.020586,-0.019521,,,,-0.051906,1.026546,-2.351907,,,,,,
155028,,,,,,,,,-0.000000,0.000000,,,0.000001,0.000002,-0.021583,-0.020518,,,,-0.051905,1.026547,-2.351907,,,,,,
155038,,,,,,,,,-0.000000,0.000000,,,0.000001,0.000001,-0.022579,-0.021514,,,,-0.051911,1.026553,-2.351907,,,,,,
155048,,,,,,,,,-0.000000,0.000000,,,0.000001,0.000001,-0.023576,-0.022511,,,,-0.051904,1.026549,-2.351907,,,,,,
155053,-0.051906,1.026548,-2.351909,0.000000,1.000000,-2.531041,-0.000000,0.000000,,,-4.976133,-4.976133,,,,,-0.017693,0.055551,-0.179132,,,,,,,,,
155058,,,,,,,,,-0.000000,0.000000,,,0.000001,0.000001,-0.024508,-0.023442,,,,-0.051896,1.026544,-2.351907,,,,,,
155068,,,,,,,,,-0.000000,0.000000,,,0.000001,0.000001,-0.025503,-0.024438,,,,-0.051910,1.026544,-2.351934,,,,,,
155078,,,,,,,,,-0.000000,0.000000,,,0.000000,0.000001,-0.026498,-0.025433,,,,-0.051913,1.026546,-2.351907,,,,,,
155088,,,,,,,,,-0.000000,0.000000,,,0.000000,0.000001,-0.027493,-0.026428,,,,-0.051908,1.026548,-2.351907,,,,,,
155098,,,,,,,,,-0.000000,0.000000,,,0.000000,0.000000,-0.028489,-0.027423,,,,-0.051908,1.026545,-2.351907,,,,,,
155103,-0.051908,1.026545,-2.351907,0.000000,1.000000,-2.531041,-0.000000,0.000000,,,-4.977120,-4.977120,,,,,-0.017696,0.055551,-0.179134,,,,,,,,,
155108,,,,,,,,,-0.000000,0.000000,,,0.000000,0.000000,-0.029494,-0.028429,,,,-0.051908,1.026551,-2.351907,,,,,,
155117,,,,,,,,,-0.000000,0.000000,,,0.000000,0.000000,-0.030489,-0.029424,,,,-0.051907,1.026548,-2.351907,,,,,,
155128,,,,,,,,,-0.000000,0.000000,,,0.000000,0.000000,-0.031485,-0.030419,,,,-0.051900,1.026547,-2.351907,,,,,,
155138,,,,,,,,,-0.000000,0.000000,,,0.000000,0.000000,-0.032480,-0.031415,,,,-0.051933,1.026541,-2.351907,,,,,,
155148,,,,,,,,,-0.000000,0.000000,,,0.000000,0.000000,-0.033476,-0.032410,,,,-0.051952,1.026539,-2.351907,,,,,,
155153,-0.051948,1.026539,-2.351907,0.000000,1.000000,-2.531041,-0.000000,0.000000,,,-4.986214,-4.986214,,,,,-0.017729,0.055575,-0.179134,,,,,,,,,
155158,,,,,,,,,-0.000000,0.000000,,,0.000000,0.000000,-0.034564,-0.033498,,,,-0.051924,1.026546,-2.351907,,,,,,
155168,,,,,,,,,-0.000000,0.000000,,,0.000000,0.000000,-0.035561,-0.034496,,,,-0.051908,1.026550,-2.351907,,,,,,
155178,,,,,,,,,-0.000000,0.000000,,,0.000000,0.000000,-0.036558,-0.035493,,,,-0.051904,1.026544,-2.351907,,,,,,
155188,,,,,,,,,-0.000000,0.000000,,,0.000000,0.000000,-0.037555,-0.036490,,,,-0.051896,1.026541,-2.351893,,,,,,
155198,,,,,,,,,-0.000000,0.000000,,,0.000000,0.000000,-0.038553,-0.037487,,,,-0.051915,1.026539,-2.351907,,,,,,
155203,-0.051918,1.026539,-2.351907,0.000000,1.000000,-2.531041,-0.000000,0.000000,,,-4.980110,-4.980110,,,,,-0.017707,0.055554,-0.179134,,,,,,,,,
155208,,,,,,,,,-0.000000,0.000000,,,0.000000,0.000000,-0.039488,-0.038422,,,,-0.051916,1.026537,-2.351907,,,,,,
155218,,,,,,,,,-0.000000,0.000000,,,0.000000,0.000000,-0.040484,-0.039418,,,,-0.051906,1.026541,-2.351923,,,,,,
155228,,,,,,,,,-0.000000,0.000000,,,0.000000,0.000000,-0.041480,-0.040414,,,,-0.051903,1.026547,-2.351893,,,,,,
155238,,,,,,,,,-0.000000,0.000000,,,0.000000,0.000000,-0.042476,-0.041410,,,,-0.051907,1.026545,-2.351907,,,,,,
155248,,,,,,,,,-0.000000,0.000000,,,0.000000,0.000000,-0.043472,-0.042407,,,,-0.051917,1.026551,-2.351907,,,,,,
155253,-0.051917,1.026550,-2.351907,0.000000,1.000000,-2.531041,-0.000000,0.000000,,,-4.977855,-4.977855,,,,,-0.017699,0.055561,-0.179134,,,,,,,,,
155258,,,,,,,,,-0.000000,0.000000,,,0.000000,0.000000,-0.044445,-0.043380,,,,-0.051913,1.026547,-2.351907,,,,,,
155268,,,,,,,,,-0.000000,0.000000,,,0.000000,0.000000,-0.045440,-0.044375,,,,-0.051915,1.026545,-2.351907,,,,,,
155278,,,,,,,,,,,,,0.000000,0.000000,-0.046436,-0.045371,,,,-0.051901,1.026542,-2.351907,,,,,,
155285,,,,,,,,,-0.000000,0.000000,,,,,,,,,,,,,,,,,,
155288,,,,,,,,,-0.000000,0.000000,,,0.000000,0.000000,-0.047431,-0.046366,,,,-0.051904,1.026544,-2.351907,,,,,,
155298,,,,,,,,,-0.000000,0.000000,,,0.000000,0.000000,-0.048427,-0.047362,,,,-0.051914,1.026547,-2.351907,,,,,,
155303,-0.051914,1.026547,-2.351907,0.000000,1.000000,-2.531041,-0.000000,0.000000,,,-4.977933,-4.977933,,,,,-0.017699,0.055557,-0.179134,,,,,,,,,
155308,,,,,,,,,-0.000000,0.000000,,,0.000000,0.000000,-0.049423,-0.048358,,,,-0.051918,1.026551,-2.351907,,,,,,
155318,,,,,,,,,-0.000000,0.000000,,,0.000000,0.000000,-0.050419,-0.049354,,,,-0.051910,1.026540,-2.351907,,,,,,
155328,,,,,,,,,-0.000000,0.000000,,,0.000000,0.000000,-0.051415,-0.050349,,,,-0.051914,1.026544,-2.351907,,,,,,
155338,,,,,,,,,-0.000000,0.000000,,,0.000000,0.000000,-0.052410,-0.051345,,,,-0.051919,1.026548,-2.351907,,,,,,
155348,,,,,,,,,-0.000000,0.000000,,,0.000000,0.000000,-0.053406,-0.052341,,,,-0.051917,1.026547,-2.351907,,,,,,
155353,-0.051916,1.026547,-2.351907,0.000000,1.000000,-2.531041,-0.000000,0.000000,,,-4.978391,-4.978391,,,,,-0.017701,0.055558,-0.179134,,,,,,,,,
155358,,,,,,,,,-0.000000,0.000000,,,0.000000,0.000000,-0.054406,-0.053341,,,,-0.051920,1.026542,-2.351907,,,,,,
155368,,,,,,,,,-0.000000,0.000000,,,0.000000,0.000000,-0.055402,-0.054336,,,,-0.051919,1.026547,-2.351907,,,,,,
155378,,,,,,,,,-0.000000,0.000000,,,0.000000,0.000000,-0.056397,-0.055332,,,,-0.051914,1.026541,-2.351923,,,,,,
155388,,,,,,,,,-0.027467,-0.652434,,,0.000000,-0.544543,-0.057393,-0.050773,,,,-0.051919,1.026545,-2.351907,,,,,,
155398,,,,,,,,,-0.027467,-0.652434,,,0.000000,-1.002722,-0.058389,-0.046987,,,,-0.051918,1.026532,-2.351923,,,,,,
155403,-0.051835,1.026614,-2.354659,0.000000,1.000000,-2.531041,-0.000000,0.000000,,,-4.992014,-4.992014,,,,,-0.017749,0.055499,-0.176382,,,,,,,,,
155408,,,,,,,,,-0.000000,0.000000,,,0.000000,-0.843690,-0.059523,-0.049543,,,,-0.051939,1.026541,-2.354906,,,,,,
155418,,,,,,,,,-0.000000,0.000000,,,0.000000,-0.709881,-0.060522,-0.051738,,,,-0.051877,1.026543,-2.357903,,,,,,
155428,,,,,,,,,-0.000000,0.000000,,,0.000000,-0.597293,-0.061520,-0.053742,,,,-0.051757,1.026625,-2.360898,,,,,,
155438,,,,,,,,,,,,,0.000000,-0.502563,-0.062519,-0.055588,,,,-0.051605,1.026780,-2.363905,,,,,,
155444,,,,,,,,,-0.000000,0.000000,,,,,,,,,,,,,,,,,,
155448,,,,,,,,,-0.000000,0.000000,,,0.000000,-0.422856,-0.063517,-0.057298,,,,-0.051456,1.026891,-2.363888,,,,,,
155453,-0.051488,1.026868,-2.363113,0.000000,1.000000,-2.531041,-0.000000,0.000000,,,-5.003934,-5.003934,,,,,-0.017792,0.055284,-0.167927,,,,,,,,,
155458,,,,,,,,,-0.000000,0.000000,,,0.000000,-0.355791,-0.064637,-0.059018,,,,-0.051421,1.026892,-2.363888,,,,,,
155468,,,,,,,,,-0.000000,0.000000,,,0.000000,-0.299363,-0.065638,-0.060523,,,,-0.051492,1.026864,-2.363888,,,,,,
155478,,,,,,,,,-0.000000,0.000000,,,0.000000,-0.251884,-0.066639,-0.061948,,,,-0.051555,1.026805,-2.363905,,,,,,
155488,,,,,,,,,-0.027467,-0.652434,,,0.000000,-0.756478,-0.067639,-0.057752,,,,-0.051552,1.026805,-2.363905,,,,,,
155498,,,,,,,,,-0.000000,0.000000,,,0.000000,-0.636501,-0.068640,-0.059825,,,,-0.051549,1.026815,-2.360912,,,,,,
155503,-0.051544,1.026819,-2.361097,0.000000,1.000000,-2.531041,-0.000000,0.000000,,,-4.993478,-4.993478,,,,,-0.017755,0.055325,-0.169944,,,,,,,,,
155508,,,,,,,,,-0.000000,0.000000,,,0.000000,-0.535551,-0.069534,-0.061622,,,,-0.051558,1.026816,-2.363905,,,,,,
155518,,,,,,,,,-0.000000,0.000000,,,0.000000,-0.450613,-0.070533,-0.063380,,,,-0.051553,1.026812,-2.363905,,,,,,
155528,,,,,,,,,-0.000000,0.000000,,,0.000000,-0.379146,-0.071532,-0.065017,,,,-0.051528,1.026832,-2.363915,,,,,,
155538,,,,,,,,,-0.000000,0.000000,,,0.000000,-0.319013,-0.072530,-0.066553,,,,-0.051478,1.026863,-2.363905,,,,,,
155548,,,,,,,,,-0.027467,-0.652434,,,0.000000,-0.812961,-0.073529,-0.062450,,,,-0.051473,1.026858,-2.366896,,,,,,
155553,-0.051396,1.026934,-2.369147,0.000000,1.000000,-2.531041,-0.000000,0.000000,,,-5.066186,-5.066186,,,,,-0.018013,0.055159,-0.161894,,,,,,,,,
155558,,,,,,,,,-0.000000,0.000000,,,0.000000,-0.684025,-0.075269,-0.065343,,,,-0.051467,1.026859,-2.369885,,,,,,
155568,,,,,,,,,-0.000000,0.000000,,,0.000000,-0.575539,-0.076283,-0.067326,,,,-0.051381,1.026931,-2.369885,,,,,,
155578,,,,,,,,,-0.027467,-0.652434,,,0.000000,-1.028801,-0.077296,-0.063601,,,,-0.051300,1.027007,-2.372882,,,,,,
155588,,,,,,,,,-0.000000,0.000000,,,0.000000,-0.865633,-0.078309,-0.066073,,,,-0.051201,1.027055,-2.372872,,,,,,
155598,,,,,,,,,,,,,0.000000,-1.272887,-0.079322,-0.062759,,,,-0.051169,1.027067,-2.378828,,,,,,
155604,-0.051104,1.027135,-2.380753,0.000000,1.000000,-2.531041,-0.000000,0.000000,-0.027467,-0.652434,-5.147479,-5.147479,,,,,-0.018302,0.054891,-0.150288,,,,,,,,,
155608,,,,,,,,,-0.027467,-0.652434,,,0.000000,-1.615550,-0.081165,-0.060851,,,,-0.051085,1.027130,-2.381810,,,,,,
155618,,,,,,,,,-0.000000,0.000000,,,0.000000,-1.359324,-0.082194,-0.064171,,,,-0.051007,1.027210,-2.387803,,,,,,
155628,,,,,,,,,-0.027467,-0.652434,,,0.000000,-1.688278,-0.083224,-0.061574,,,,-0.050845,1.027349,-2.390780,,,,,,
155638,,,,,,,,,-0.027467,-0.652434,,,0.000000,-1.965060,-0.084253,-0.059442,,,,-0.050647,1.027501,-2.396729,,,,,,
155648,,,,,,,,,-0.000000,0.000000,,,0.000000,-1.653401,-0.085283,-0.063258,,,,-0.050371,1.027706,-2.399677,,,,,,
155653,-0.050432,1.027658,-2.398089,0.000000,1.000000,-2.531041,-0.000000,0.000000,,,-5.175630,-5.175630,,,,,-0.018402,0.054495,-0.132952,,,,,,,,,
155658,,,,,,,,,-0.027467,-0.652434,,,0.000000,-1.935715,-0.086599,-0.061364,,,,-0.050083,1.027904,-2.405584,,,,,,
155668,,,,,,,,,-0.027467,-0.652434,,,0.000000,-2.173254,-0.087634,-0.059589,,,,-0.049852,1.028047,-2.408550,,,,,,
155678,,,,,,,,,-0.000000,0.000000,,,0.000000,-1.828575,-0.088670,-0.063705,,,,-0.049716,1.028150,-2.411515,,,,,,
155687,,,,,,,,,-0.027467,-0.652434,,,0.000000,-2.083106,-0.089705,-0.061778,,,,-0.049633,1.028198,-2.417459,,,,,,
155698,,,,,,,,,-0.000000,0.000000,,,0.000000,-1.752725,-0.090740,-0.065767,,,,-0.049531,1.028273,-2.423387,,,,,,
155705,-0.049607,1.028221,-2.421264,0.000000,1.000000,-2.531041,-0.000000,0.000000,,,-5.250445,-5.250445,,,,,-0.018668,0.053933,-0.109777,,,,,,,,,
155708,,,,,,,,,-0.027467,-0.652434,,,0.000000,-2.019286,-0.092538,-0.064496,,,,-0.049448,1.028334,-2.426376,,,,,,
155717,,,,,,,,,-0.027467,-0.652434,,,0.000000,-2.243570,-0.093588,-0.062854,,,,-0.049295,1.028468,-2.432283,,,,,,
155728,,,,,,,,,-0.027467,-0.652434,,,0.000000,-2.432283,-0.094638,-0.061531,,,,-0.049152,1.028561,-2.438178,,,,,,
155738,,,,,,,,,-0.027467,-0.652434,,,0.000000,-2.591066,-0.095688,-0.060475,,,,-0.048924,1.028718,-2.441100,,,,,,
155748,,,,,,,,,-0.000000,0.000000,,,0.000000,-2.180122,-0.096738,-0.065198,,,,-0.048719,1.028869,-2.446983,,,,,,
155753,-0.048793,1.028815,-2.444824,0.000000,1.000000,-2.531041,-0.000000,0.000000,,,-5.323737,-5.323737,,,,,-0.018929,0.053411,-0.086216,,,,,,,,,
155758,,,,,,,,,,,,,0.000000,-2.378898,-0.098536,-0.064532,,,,-0.048502,1.029042,-2.449970,,,,,,
155764,,,,,,,,,-0.027467,-0.652434,,,,,,,,,,,,,,,,,,
155767,,,,,,,,,-0.027467,-0.652434,,,0.000000,-2.546148,-0.099601,-0.063415,,,,-0.048319,1.029155,-2.455852,,,,,,
155778,,,,,,,,,-0.027467,-0.652434,,,0.000000,-2.686872,-0.100666,-0.062535,,,,-0.048170,1.029255,-2.461726,,,,,,
155788,,,,,,,,,-0.027467,-0.652434,,,0.000000,-2.805277,-0.101730,-0.061855,,,,-0.047993,1.029361,-2.467596,,,,,,
155798,,,,,,,,,-0.027467,-0.652434,,,0.000000,-2.904903,-0.102795,-0.061343,,,,-0.047828,1.029474,-2.473455,,,,,,
155805,-0.047819,1.029491,-2.473790,0.000000,1.000000,-2.531041,-0.000000,0.000000,,,-5.423644,-5.423644,,,,,-0.019284,0.052769,-0.057250,,,,,,,,,
155808,,,,,,,,,-0.027467,-0.652434,,,0.000000,-2.444185,-0.104879,-0.067545,,,,-0.047624,1.029615,-2.479314,,,,,,
155818,,,,,,,,,-0.000000,0.000000,,,0.000000,-2.601080,-0.105964,-0.066540,,,,-0.047410,1.029748,-2.482241,,,,,,
155828,,,,,,,,,-0.027467,-0.652434,,,0.000000,-2.733092,-0.107048,-0.065758,,,,-0.047202,1.029886,-2.488060,,,,,,
155837,,,,,,,,,-0.054935,0.000000,,,-0.544543,-2.844166,-0.102579,-0.065163,,,,-0.047013,1.030005,-2.493904,,,,,,
155848,,,,,,,,,-0.000000,0.000000,,,-0.458179,-2.393081,-0.104436,-0.070280,,,,-0.046821,1.030115,-2.499741,,,,,,
155853,-0.046905,1.030063,-2.497563,0.000000,1.000000,-2.531041,-0.000000,0.000000,,,-5.472741,-5.472741,,,,,-0.019459,0.052203,-0.033477,,,,,,,,,
155858,,,,,,,,,-0.054935,-1.304868,,,-0.385511,-3.102624,-0.106671,-0.064150,,,,-0.046647,1.030232,-2.502688,,,,,,
155868,,,,,,,,,-0.000000,0.000000,,,-0.324369,-2.610548,-0.108312,-0.069643,,,,-0.046473,1.030324,-2.511431,,,,,,
155878,,,,,,,,,-0.054935,-1.304868,,,-0.272924,-3.285601,-0.109866,-0.063330,,,,-0.046336,1.030361,-2.517247,,,,,,
155887,,,,,,,,,-0.000000,0.000000,,,-0.229638,-2.764504,-0.111348,-0.069083,,,,-0.046120,1.030489,-2.523067,,,,,,
155898,,,,,,,,,-0.027467,-0.652434,,,-0.193218,-2.870597,-0.112768,-0.068542,,,,-0.045871,1.030637,-2.528878,,,,,,
155903,-0.045864,1.030656,-2.528987,0.000000,1.000000,-2.531041,-0.000000,0.000000,,,-5.595949,-5.595949,,,,,-0.019897,0.051453,-0.002054,,,,,,,,,
155908,,,,,,,,,-0.027467,-0.652434,,,-0.162573,-2.959863,-0.115393,-0.069409,,,,-0.045563,1.030815,-2.534683,,,,,,
155918,,,,,,,,,,,,,-0.136789,-3.579515,-0.116743,-0.063616,,,,-0.045264,1.030971,-2.540482,,,,,,
155924,,,,,,,,,-0.054935,-1.304868,,,,,,,,,,,,,,,,,,
155928,,,,,,,,,-0.027467,-0.652434,,,-0.115094,-3.556346,-0.118056,-0.064255,,,,-0.045002,1.031091,-2.549172,,,,,,
155938,,,,,,,,,-0.027467,-0.652434,,,-0.096840,-3.536853,-0.119338,-0.064862,,,,-0.044749,1.031203,-2.557850,,,,,,
155948,,,,,,,,,-0.027467,-0.652434,,,-0.081482,-3.520451,-0.120595,-0.065441,,,,-0.044518,1.031318,-2.563627,,,,,,
155953,-0.044536,1.031327,-2.563458,0.000000,1.000000,-2.531041,-0.000000,0.000000,,,-5.675350,-5.675350,,,,,-0.020179,0.050573,0.032417,,,,,,,,,
155957,,,,,,,,,-0.027467,-0.652434,,,-0.068559,-3.506650,-0.122639,-0.066807,,,,-0.044270,1.031465,-2.569402,,,,,,
155968,,,,,,,,,-0.027467,-0.652434,,,-0.057685,-3.495038,-0.123871,-0.067359,,,,-0.044006,1.031637,-2.575135,,,,,,
155978,,,,,,,,,-0.027467,-0.652434,,,-0.048536,-3.485268,-0.125088,-0.067895,,,,-0.043717,1.031792,-2.580900,,,,,,
155987,,,,,,,,,-0.027467,-0.652434,,,-0.040838,-3.477047,-0.126292,-0.068417,,,,-0.043553,1.031885,-2.589537,,,,,,
155998,,,,,,,,,-0.027467,-0.652434,,,-0.034361,-3.470130,-0.127485,-0.068927,,,,-0.043351,1.031953,-2.595287,,,,,,
156003,-0.043353,1.031962,-2.595353,0.000000,1.000000,-2.531041,-0.000000,0.000000,,,-5.749052,-5.749052,,,,,-0.020441,0.049832,0.064312,,,,,,,,,
156007,,,,,,,,,-0.027467,-0.652434,,,-0.028912,-3.464310,-0.129421,-0.070179,,,,-0.043133,1.032040,-2.601073,,,,,,
156018,,,,,,,,,-0.027467,-0.652434,,,-0.024326,-3.459413,-0.130611,-0.070686,,,,-0.042921,1.032213,-2.603941,,,,,,
156028,,,,,,,,,-0.027467,-0.652434,,,-0.020468,-3.455293,-0.131796,-0.071186,,,,-0.042619,1.032382,-2.609688,,,,,,
156037,,,,,,,,,-0.027467,-0.652434,,,-0.017222,-3.451826,-0.132975,-0.071680,,,,-0.042299,1.032510,-2.615425,,,,,,
156048,,,,,,,,,-0.054935,0.000000,,,-0.559034,-3.448910,-0.128594,-0.072169,,,,-0.041905,1.032685,-2.621118,,,,,,
156053,-0.041830,1.032744,-2.618955,0.000000,1.000000,-2.531041,-0.000000,0.000000,,,-5.597132,-5.597132,,,,,-0.019901,0.049253,0.087914,,,,,,,,,
156058,,,,,,,,,-0.027467,-0.652434,,,-0.470371,-3.446455,-0.128987,-0.071105,,,,-0.041504,1.032867,-2.629707,,,,,,
156075,,,,,,,,,-0.027467,0.652434,,,-0.940313,-3.988933,-0.125219,-0.066001,,,,,,,,,,,,
156078,,,,,,,,,-0.054935,-1.304868,,,-0.791179,-3.356288,-0.127672,-0.072776,,,,-0.040865,1.033212,-2.641144,,,,,,
156088,,,,,,,,,-0.054935,-1.304868,,,-0.665698,-3.913067,-0.129913,-0.067545,,,,-0.040590,1.033346,-2.646857,,,,,,
156098,,,,,,,,,-0.054935,0.000000,,,-1.104662,-3.836997,-0.126422,-0.068658,,,,-0.040314,1.033502,-2.649715,,,,,,
156103,-0.040241,1.033553,-2.647134,0.000000,1.000000,-2.531041,-0.000000,0.000000,,,-5.483955,-5.483955,,,,,-0.019499,0.048631,0.116093,,,,,,,,,
156108,,,,,,,,,-0.054935,0.000000,,,-1.474005,-3.772992,-0.122398,-0.068508,,,,-0.039977,1.033663,-2.655421,,,,,,
156118,,,,,,,,,-0.054935,-1.304868,,,-1.240228,-3.719138,-0.125585,-0.069400,,,,-0.039559,1.033816,-2.658317,,,,,,
156128,,,,,,,,,-0.054935,0.000000,,,-1.588071,-4.218369,-0.122886,-0.064661,,,,-0.039140,1.034033,-2.661168,,,,,,
156138,,,,,,,,,-0.027467,-0.652434,,,-1.336203,-4.093878,-0.126234,-0.066184,,,,-0.038717,1.034265,-2.666814,,,,,,
156148,,,,,,,,,-0.054935,0.000000,,,-1.668824,-3.989131,-0.123671,-0.067530,,,,-0.038238,1.034471,-2.669669,,,,,,
156153,-0.038203,1.034503,-2.667778,0.000000,1.000000,-2.531041,-0.000000,0.000000,,,-5.133240,-5.133240,,,,,-0.018252,0.048134,0.136736,,,,,,,,,
156158,,,,,,,,,-0.054935,0.000000,,,-1.948691,-3.900998,-0.118002,-0.065151,,,,-0.037772,1.034681,-2.675408,,,,,,
156168,,,,,,,,,-0.054935,-1.304868,,,-1.639629,-4.371386,-0.121791,-0.060599,,,,-0.037219,1.034999,-2.678256,,,,,,
156178,,,,,,,,,-0.054935,0.000000,,,-1.924127,-4.222627,-0.119588,-0.062269,,,,-0.036628,1.035337,-2.681099,,,,,,
156189,,,,,,,,,-0.027467,-0.652434,,,-1.618960,-4.097461,-0.123343,-0.063728,,,,-0.035932,1.035629,-2.683898,,,,,,
156198,,,,,,,,,-0.054935,0.000000,,,-1.906736,-3.992146,-0.121110,-0.065009,,,,-0.035193,1.035967,-2.689539,,,,,,
156203,-0.035241,1.035949,-2.687713,0.000000,1.000000,-2.531041,-0.000000,0.000000,,,-4.474860,-4.474860,,,,,-0.015911,0.047760,0.156672,,,,,,,,,
156208,,,,,,,,,-0.054935,0.000000,,,-2.148870,-3.903534,-0.112570,-0.059426,,,,-0.034548,1.036261,-2.695213,,,,,,
156218,,,,,,,,,-0.082402,-0.652434,,,-2.352602,-4.373520,-0.110957,-0.054746,,,,-0.034160,1.036457,-2.698051,,,,,,
156228,,,,,,,,,-0.027467,0.652434,,,-2.524023,-3.679879,-0.109633,-0.061841,,,,-0.033815,1.036591,-2.698056,,,,,,
156237,,,,,,,,,-0.054935,-1.304868,,,-2.123712,-4.185336,-0.114107,-0.056845,,,,-0.033454,1.036736,-2.700897,,,,,,
156248,,,,,,,,,-0.027467,0.652434,,,-2.331434,-3.521541,-0.112458,-0.063673,,,,-0.032990,1.036928,-2.700897,,,,,,
156253,-0.033076,1.036898,-2.697053,0.000000,1.000000,-2.531041,-0.000000,0.000000,,,-3.935750,-3.935750,,,,,-0.013994,0.047536,0.166012,,,,,,,,,
156258,,,,,,,,,-0.054935,0.000000,,,-2.506212,-3.507567,-0.105605,-0.058508,,,,-0.032533,1.037166,-2.700897,,,,,,
156268,,,,,,,,,-0.054935,0.000000,,,-2.653270,-3.495810,-0.104391,-0.058713,,,,-0.032062,1.037447,-2.700934,,,,,,
156278,,,,,,,,,-0.027467,-0.652434,,,-2.232460,-3.485917,-0.108940,-0.058902,,,,-0.031544,1.037624,-2.700918,,,,,,
156288,,,,,,,,,-0.054935,0.000000,,,-2.422935,-3.477594,-0.107338,-0.059077,,,,-0.031072,1.037848,-2.700880,,,,,,
156298,,,,,,,,,-0.027467,0.652434,,,-2.583201,-2.926047,-0.106005,-0.064794,,,,-0.030700,1.038000,-2.700847,,,,,,
156303,-0.030796,1.037959,-2.697791,-0.000001,0.999999,-2.531041,-0.000000,0.000000,,,-3.238067,-3.238067,,,,,-0.011513,0.047505,0.166750,,,,,,,,,
156308,,,,,,,,,-0.054935,0.000000,,,-2.718048,-3.006519,-0.097784,-0.057059,,,,-0.030342,1.038131,-2.700854,,,,,,
156318,,,,,,,,,-0.054935,0.000000,,,-2.831508,-3.074228,-0.096731,-0.056415,,,,-0.030060,1.038251,-2.700859,,,,,,
156328,,,,,,,,,-0.054935,0.000000,,,-2.926974,-3.131198,-0.095838,-0.055866,,,,-0.029736,1.038411,-2.700938,,,,,,
156338,,,,,,,,,,,,,-2.462756,-2.634589,-0.100636,-0.060953,,,,-0.029376,1.038608,-2.698141,,,,,,
156344,,,,,,,,,-0.000000,0.000000,,,,,,,,,,,,,,,,,,
156348,,,,,,,,,-0.027467,-0.652434,,,-2.072162,-2.761286,-0.104775,-0.059782,,,,-0.028979,1.038827,-2.698096,,,,,,
156353,-0.029026,1.038802,-2.700808,-0.000008,0.999994,-2.531041,0.000074,0.000000,,,-2.720405,-2.719504,,,,,-0.009687,0.047480,0.169767,,,,,,,,,
156358,,,,,,,,,-0.027467,0.652434,,,-2.288060,-2.323346,-0.097526,-0.059055,,,,-0.028474,1.039026,-2.698070,,,,,,
156368,,,,,,,,,-0.054935,0.000000,,,-2.469717,-2.499406,-0.095759,-0.057338,,,,-0.028110,1.039126,-2.700869,,,,,,
156378,,,,,,,,,-0.000000,0.000000,,,-2.078020,-2.103000,-0.099805,-0.061425,,,,-0.027974,1.039177,-2.700880,,,,,,
156388,,,,,,,,,-0.054935,0.000000,,,-2.292989,-2.314007,-0.097740,-0.059396,,,,-0.027937,1.039200,-2.703763,,,,,,
156398,,,,,,,,,-0.027467,-0.652434,,,-1.929320,-2.491549,-0.101535,-0.057667,,,,-0.027859,1.039262,-2.703770,,,,,,
156403,-0.027852,1.039271,-2.706259,-0.000027,0.999981,-2.531041,0.000294,0.000000,,,-2.419522,-2.415846,,,,,-0.008661,0.047359,0.175218,,,,,,,,,
156408,,,,,,,,,-0.027467,0.652434,,,-2.167873,-2.096389,-0.096191,-0.058646,,,,-0.027746,1.039332,-2.703774,,,,,,
156418,,,,,,,,,-0.027467,-0.652434,,,-1.824048,-2.308444,-0.099749,-0.056546,,,,-0.027550,1.039428,-2.703774,,,,,,
156428,,,,,,,,,-0.000000,0.000000,,,-1.534754,-1.942325,-0.102819,-0.060302,,,,-0.027295,1.039533,-2.706612,,,,,,
156438,,,,,,,,,-0.027467,-0.652434,,,-1.291342,-2.178815,-0.105478,-0.057985,,,,-0.026994,1.039707,-2.706610,,,,,,
156448,,,,,,,,,-0.027467,-0.652434,,,-1.086535,-2.377798,-0.107793,-0.056003,,,,-0.026597,1.039883,-2.709440,,,,,,
156453,-0.026597,1.039879,-2.711911,-0.000064,0.999955,-2.531041,0.000655,0.000003,,,-2.070356,-2.061920,,,,,-0.007489,0.047348,0.180871,,,,,,,,,
156458,,,,,,,,,-0.000000,0.000000,,,-0.914210,-2.000679,-0.106256,-0.056247,,,,-0.026154,1.040048,-2.712258,,,,,,
156468,,,,,,,,,-0.027467,-0.652434,,,-0.769216,-2.227914,-0.107966,-0.053941,,,,-0.025785,1.040201,-2.715060,,,,,,
156478,,,,,,,,,-0.027467,0.652434,,,-1.191762,-1.874567,-0.103916,-0.057512,,,,-0.025626,1.040215,-2.720730,,,,,,
156487,,,,,,,,,-0.027467,-0.652434,,,-1.002748,-2.121803,-0.106020,-0.055028,,,,-0.025581,1.040194,-2.723601,,,,,,
156498,,,,,,,,,-0.000000,0.000000,,,-0.843712,-1.785285,-0.107856,-0.058448,,,,-0.025562,1.040192,-2.726436,,,,,,
156505,-0.025649,1.040166,-2.725217,-0.000123,0.999914,-2.531040,0.001152,0.000011,,,-1.924383,-1.908573,,,,,-0.007065,0.047136,0.194177,,,,,,,,,
156508,,,,,,,,,-0.027467,-0.652434,,,-0.709899,-2.046682,-0.107977,-0.054273,,,,-0.025491,1.040223,-2.726440,,,,,,
156518,,,,,,,,,-0.054935,0.000000,,,-1.141852,-2.266621,-0.103814,-0.052002,,,,-0.025362,1.040282,-2.729269,,,,,,
156528,,,,,,,,,-0.000000,0.000000,,,-0.960754,-1.907135,-0.105818,-0.055597,,,,-0.025232,1.040351,-2.732099,,,,,,
156538,,,,,,,,,-0.027467,-0.652434,,,-0.808379,-2.149206,-0.107564,-0.053129,,,,-0.025065,1.040425,-2.732099,,,,,,
156548,,,,,,,,,-0.027467,0.652434,,,-1.224713,-1.808342,-0.103541,-0.056557,,,,-0.024820,1.040520,-2.734925,,,,,,
156553,-0.024785,1.040539,-2.731372,-0.000211,0.999852,-2.531037,0.001782,0.000032,,,-1.677827,-1.652614,,,,,-0.006309,0.047111,0.200335,,,,,,,,,
156558,,,,,,,,,-0.000000,0.000000,,,-1.030473,-1.521538,-0.103147,-0.056892,,,,-0.024533,1.040630,-2.734877,,,,,,
156568,,,,,,,,,-0.000000,0.000000,,,-0.867040,-1.280222,-0.104944,-0.059380,,,,-0.024220,1.040745,-2.732038,,,,,,
156578,,,,,,,,,-0.027467,0.652434,,,-1.274071,-1.077179,-0.100954,-0.061525,,,,-0.023982,1.040876,-2.729175,,,,,,
156588,,,,,,,,,-0.027467,-0.652434,,,-1.072003,-1.450881,-0.103096,-0.057828,,,,-0.023876,1.040924,-2.729175,,,,,,
156597,,,,,,,,,-0.000000,0.000000,,,-0.901983,-1.220771,-0.104952,-0.060216,,,,-0.023872,1.040958,-2.729181,,,,,,
156605,-0.023949,1.040923,-2.729365,-0.000333,0.999767,-2.531031,0.002540,0.000077,,,-1.310259,-1.274466,,,,,-0.005148,0.047170,0.198334,-0.023840,1.040961,-2.732009,,,,,,
156608,,,,,,,,,-0.000000,0.000000,,,-0.758928,-1.027157,-0.102817,-0.058420,,,,,,,,,,,,
156618,,,,,,,,,-0.000000,0.000000,,,-0.638562,-0.864250,-0.104155,-0.060131,,,,-0.023773,1.040981,-2.732009,,,,,,
156627,,,,,,,,,-0.000000,0.000000,,,-0.537286,-0.727179,-0.105322,-0.061611,,,,-0.023660,1.041052,-2.732009,,,,,,
156637,,,,,,,,,-0.000000,0.000000,,,-0.452073,-0.611849,-0.106346,-0.062897,,,,-0.023645,1.041037,-2.729181,,,,,,
156648,,,,,,,,,-0.000000,0.000000,,,-0.380374,-0.514809,-0.107249,-0.064020,,,,-0.023663,1.041038,-2.729181,,,,,,
156653,-0.023687,1.041029,-2.729197,-0.000493,0.999655,-2.531020,0.003422,0.000164,,,-1.127005,-1.078495,,,,,-0.004666,0.047201,0.198177,,,,,,,,,
156657,,,,,,,,,-0.000000,0.000000,,,-0.320046,-0.433161,-0.106181,-0.063005,,,,-0.023705,1.041014,-2.729181,,,,,,
156667,,,,,,,,,-0.000000,0.000000,,,-0.269287,-0.364461,-0.106860,-0.063835,,,,-0.023729,1.041005,-2.729181,,,,,,
156678,,,,,,,,,-0.000000,0.000000,,,-0.226578,-0.306658,-0.107467,-0.064568,,,,-0.023728,1.041008,-2.729181,,,,,,
156688,,,,,,,,,-0.000000,0.000000,,,-0.190643,-0.258022,-0.108014,-0.065218,,,,-0.023708,1.041027,-2.729181,,,,,,
156698,,,,,,,,,-0.000000,0.000000,,,-0.160407,-0.217099,-0.108509,-0.065800,,,,-0.023699,1.041019,-2.729181,,,,,,
156705,-0.023698,1.041020,-2.729182,-0.000697,0.999512,-2.530998,0.004424,0.000314,,,-1.008110,-0.944851,,,,,-0.004436,0.047247,0.198184,,,,,,,,,
156708,,,,,,,,,-0.000000,0.000000,,,-0.134966,-0.182667,-0.107750,-0.064960,,,,-0.023716,1.041015,-2.729181,,,,,,
156718,,,,,,,,,-0.000000,0.000000,,,-0.113561,-0.153696,-0.108143,-0.065408,,,,-0.023728,1.041009,-2.729181,,,,,,
156728,,,,,,,,,-0.000000,0.000000,,,-0.095550,-0.129320,-0.108505,-0.065815,,,,-0.023731,1.041011,-2.729181,,,,,,
156738,,,,,,,,,-0.000000,0.000000,,,-0.080396,-0.108810,-0.108842,-0.066187,,,,-0.023723,1.041008,-2.729181,,,,,,
156748,,,,,,,,,-0.000000,0.000000,,,-0.067645,-0.091553,-0.109158,-0.066530,,,,-0.023724,1.041013,-2.729181,,,,,,
156753,-0.023722,1.041013,-2.729181,-0.000949,0.999336,-2.530962,0.005541,0.000555,,,-0.870083,-0.789979,,,,,-0.004158,0.047311,0.198219,,,,,,,,,
156758,,,,,,,,,-0.000000,0.000000,,,-0.056916,-0.077032,-0.108047,-0.065269,,,,-0.023723,1.041009,-2.729181,,,,,,
156768,,,,,,,,,-0.000000,0.000000,,,-0.047889,-0.064815,-0.108302,-0.065536,,,,-0.023723,1.041011,-2.729181,,,,,,
156778,,,,,,,,,-0.000000,0.000000,,,-0.040294,-0.054535,-0.108544,-0.065786,,,,-0.023724,1.041013,-2.729181,,,,,,
156788,,,,,,,,,-0.000000,0.000000,,,-0.033904,-0.045886,-0.108775,-0.066022,,,,-0.023723,1.041011,-2.729181,,,,,,
156798,,,,,,,,,-0.000000,0.000000,,,-0.028526,-0.038609,-0.108997,-0.066245,,,,-0.023717,1.041014,-2.729181,,,,,,
156803,-0.023717,1.041014,-2.729181,-0.001253,0.999123,-2.530903,0.006769,0.000921,,,-0.700821,-0.601645,,,,,-0.003790,0.047383,0.198278,,,,,,,,,
156807,,,,,,,,,-0.000000,0.000000,,,-0.024002,-0.032485,-0.107485,-0.064536,,,,-0.023724,1.041013,-2.729181,,,,,,
156818,,,,,,,,,-0.000000,0.000000,,,-0.020195,-0.027333,-0.107659,-0.064703,,,,-0.023725,1.041010,-2.729181,,,,,,
156828,,,,,,,,,-0.000000,0.000000,,,-0.016992,-0.022998,-0.107828,-0.064862,,,,-0.023728,1.041010,-2.729181,,,,,,
156837,,,,,,,,,-0.000000,0.000000,,,-0.014297,-0.019351,-0.107993,-0.065015,,,,-0.023731,1.041010,-2.729181,,,,,,
156848,,,,,,,,,-0.000000,0.000000,,,-0.012030,-0.016282,-0.108153,-0.065163,,,,-0.023726,1.041011,-2.729181,,,,,,
156853,-0.023725,1.041012,-2.729181,-0.001614,0.998870,-2.530813,0.008105,0.001455,,,-0.510469,-0.389797,,,,,-0.003366,0.047471,0.198369,,,,,,,,,
156857,,,,,,,,,-0.000000,0.000000,,,-0.010122,-0.013699,-0.106369,-0.063145,,,,-0.023727,1.041010,-2.729181,,,,,,
156868,,,,,,,,,-0.000000,0.000000,,,-0.008517,-0.011527,-0.106485,-0.063243,,,,-0.023729,1.041010,-2.729181,,,,,,
156878,,,,,,,,,-0.000000,0.000000,,,-0.007166,-0.009698,-0.106599,-0.063337,,,,-0.023729,1.041014,-2.729181,,,,,,
156887,,,,,,,,,-0.000000,0.000000,,,-0.006029,-0.008160,-0.106711,-0.063429,,,,-0.023729,1.041011,-2.729181,,,,,,
156898,,,,,,,,,-0.000000,0.000000,,,-0.005073,-0.006866,-0.106822,-0.063518,,,,-0.023727,1.041012,-2.729181,,,,,,
156903,-0.023727,1.041012,-2.729181,-0.002036,0.998575,-2.530679,0.009544,0.002204,,,-0.292865,-0.148076,,,,,-0.002863,0.047573,0.198503,,,,,,,,,
156908,,,,,,,,,-0.000000,0.000000,,,-0.004268,-0.005777,-0.104712,-0.061140,,,,-0.023728,1.041013,-2.729181,,,,,,
156918,,,,,,,,,-0.000000,0.000000,,,-0.003592,-0.004861,-0.104776,-0.061178,,,,-0.023734,1.041005,-2.729181,,,,,,
156929,,,,,,,,,-0.000000,0.000000,,,-0.003022,-0.004090,-0.104840,-0.061215,,,,-0.023736,1.041009,-2.729181,,,,,,
156938,,,,,,,,,-0.000000,0.000000,,,-0.002543,-0.003441,-0.104903,-0.061250,,,,-0.023738,1.041008,-2.729181,,,,,,
156948,,,,,,,,,-0.000000,0.000000,,,-0.002139,-0.002895,-0.104965,-0.061284,,,,-0.023733,1.041009,-2.729181,,,,,,
156953,-0.023732,1.041009,-2.729181,-0.002523,0.998234,-2.530485,0.011082,0.003223,,,-0.049798,0.121991,,,,,-0.002286,0.047690,0.198697,,,,,,,,,
156957,,,,,,,,,-0.000000,0.000000,,,-0.001800,-0.002436,-0.102547,-0.058563,,,,-0.023734,1.041006,-2.729181,,,,,,
156968,,,,,,,,,-0.000000,0.000000,,,-0.001515,-0.002050,-0.102560,-0.058543,,,,-0.023735,1.041009,-2.729181,,,,,,
156978,,,,,,,,,-0.000000,0.000000,,,-0.001274,-0.001725,-0.102572,-0.058521,,,,-0.023735,1.041008,-2.729181,,,,,,
156987,,,,,,,,,-0.000000,0.000000,,,-0.001072,-0.001451,-0.102584,-0.058499,,,,-0.023736,1.041009,-2.729181,,,,,,
156998,,,,,,,,,-0.000000,0.000000,,,-0.000902,-0.001221,-0.102595,-0.058477,,,,-0.023740,1.041007,-2.729181,,,,,,
157003,-0.023739,1.041007,-2.729181,-0.003079,0.997844,-2.530214,0.012717,0.004574,,,0.220452,0.422461,,,,,-0.001627,0.047825,0.198967,,,,,,,,,
157007,,,,,,,,,-0.000000,0.000000,,,-0.000759,-0.001027,-0.099850,-0.055389,,,,-0.023741,1.041005,-2.729181,,,,,,
157018,,,,,,,,,-0.000000,0.000000,,,-0.000639,-0.000864,-0.099807,-0.055306,,,,-0.023740,1.041003,-2.729181,,,,,,
157028,,,,,,,,,-0.000000,0.000000,,,-0.000537,-0.000727,-0.099764,-0.055223,,,,-0.023737,1.041008,-2.729181,,,,,,
157038,,,,,,,,,-0.000000,0.000000,,,-0.000452,-0.000612,-0.099721,-0.055140,,,,-0.023744,1.041007,-2.729181,,,,,,
157049,,,,,,,,,-0.000000,0.000000,,,-0.000380,-0.000515,-0.099677,-0.055056,,,,-0.023744,1.041008,-2.729181,,,,,,
157053,-0.023744,1.041008,-2.729181,-0.003707,0.997404,-2.529845,0.014443,0.006324,,,0.519515,0.755284,,,,,-0.000880,0.047979,0.199337,,,,,,,,,
157058,,,,,,,,,-0.000000,0.000000,,,-0.000320,-0.000433,-0.096583,-0.051577,,,,-0.023746,1.041003,-2.729181,,,,,,
157068,,,,,,,,,-0.000000,0.000000,,,-0.000269,-0.000365,-0.096480,-0.051427,,,,-0.023748,1.041001,-2.729181,,,,,,
157078,,,,,,,,,,,,,-0.000227,-0.000307,-0.096376,-0.051276,,,,-0.023747,1.041002,-2.729181,,,,,,
157084,,,,,,,,,-0.000000,0.000000,,,,,,,,,,,,,,,,,,
157088,,,,,,,,,-0.000000,0.000000,,,-0.000191,-0.000258,-0.096272,-0.051126,,,,-0.023750,1.041006,-2.729181,,,,,,
157098,,,,,,,,,-0.000000,0.000000,,,-0.000160,-0.000217,-0.096169,-0.050975,,,,-0.023752,1.041002,-2.729181,,,,,,
157103,-0.023752,1.041003,-2.729181,-0.004411,0.996910,-2.529351,0.016259,0.008547,,,0.846307,1.119818,,,,,-0.000046,0.048148,0.199831,,,,,,,,,
157108,,,,,,,,,-0.000000,0.000000,,,-0.000135,-0.000183,-0.092732,-0.047106,,,,-0.023754,1.041003,-2.729181,,,,,,
157118,,,,,,,,,-0.000000,0.000000,,,-0.000114,-0.000154,-0.092563,-0.046882,,,,-0.023750,1.041003,-2.729181,,,,,,
157128,,,,,,,,,-0.000000,0.000000,,,-0.000096,-0.000129,-0.092394,-0.046659,,,,-0.023754,1.041004,-2.729181,,,,,,
157138,,,,,,,,,-0.000000,0.000000,,,-0.000080,-0.000109,-0.092225,-0.046435,,,,-0.023750,1.041006,-2.729181,,,,,,
157148,,,,,,,,,-0.000000,0.000000,,,-0.000068,-0.000092,-0.092055,-0.046211,,,,-0.023750,1.041012,-2.729181,,,,,,
157153,-0.023750,1.041011,-2.729181,-0.005194,0.996359,-2.528702,0.018159,0.011322,,,1.206697,1.522360,,,,,0.000897,0.048346,0.200479,,,,,,,,,
157158,,,,,,,,,-0.000000,0.000000,,,-0.000057,-0.000077,-0.088210,-0.041881,,,,-0.023756,1.041001,-2.729181,,,,,,
157168,,,,,,,,,-0.000000,0.000000,,,-0.000048,-0.000065,-0.087969,-0.041577,,,,-0.023756,1.041001,-2.729181,,,,,,
157178,,,,,,,,,-0.000000,0.000000,,,-0.000040,-0.000055,-0.087728,-0.041272,,,,-0.023754,1.041003,-2.729181,,,,,,
157188,,,,,,,,,-0.000000,0.000000,,,-0.000034,-0.000046,-0.087487,-0.040968,,,,-0.023754,1.041004,-2.729181,,,,,,
157198,,,,,,,,,-0.000000,0.000000,,,-0.000029,-0.000039,-0.087245,-0.040664,,,,-0.023755,1.041003,-2.729181,,,,,,
157203,-0.023755,1.041004,-2.729181,-0.006060,0.995750,-2.527865,0.020141,0.014734,,,1.594143,1.956887,,,,,0.001928,0.048552,0.201317,,,,,,,,,
157208,,,,,,,,,-0.000000,0.000000,,,-0.000024,-0.000032,-0.083052,-0.035927,,,,-0.023758,1.041002,-2.729181,,,,,,
157218,,,,,,,,,-0.000000,0.000000,,,-0.000020,-0.000027,-0.082733,-0.035536,,,,-0.023757,1.041003,-2.729181,,,,,,
157228,,,,,,,,,-0.000000,0.000000,,,-0.000017,-0.000023,-0.082414,-0.035144,,,,-0.023753,1.041002,-2.729181,,,,,,
157238,,,,,,,,,,,,,-0.000014,-0.000019,-0.082096,-0.034753,,,,-0.023757,1.041000,-2.729181,,,,,,
157244,,,,,,,,,-0.000000,0.000000,,,,,,,,,,,,,,,,,,
157248,,,,,,,,,-0.000000,0.000000,,,-0.000012,-0.000016,-0.081777,-0.034362,,,,-0.023760,1.041000,-2.729181,,,,,,
157253,-0.023760,1.041000,-2.729181,-0.007010,0.995080,-2.526802,0.022203,0.018868,,,2.012326,2.427646,,,,,0.003060,0.048784,0.202379,,,,,,,,,
157258,,,,,,,,,-0.000000,0.000000,,,-0.000010,-0.000014,-0.077193,-0.029169,,,,-0.023757,1.041000,-2.729181,,,,,,
157268,,,,,,,,,-0.000000,0.000000,,,-0.000009,-0.000012,-0.076790,-0.028683,,,,-0.023759,1.041001,-2.729181,,,,,,
157278,,,,,,,,,-0.000000,0.000000,,,-0.000007,-0.000010,-0.076388,-0.028198,,,,-0.023760,1.041000,-2.729181,,,,,,
157288,,,,,,,,,-0.000000,0.000000,,,-0.000006,-0.000008,-0.075985,-0.027712,,,,-0.023760,1.040999,-2.729181,,,,,,
157298,,,,,,,,,-0.000000,0.000000,,,-0.000005,-0.000007,-0.075583,-0.027227,,,,-0.023757,1.041002,-2.729181,,,,,,
157303,-0.023758,1.041002,-2.729181,-0.008049,0.994345,-2.525469,0.024341,0.023815,,,2.464851,2.938841,,,,,0.004309,0.049041,0.203712,,,,,,,,,
157308,,,,,,,,,-0.000000,0.000000,,,-0.000004,-0.000006,-0.070564,-0.021527,,,,-0.023760,1.041008,-2.729181,,,,,,
157318,,,,,,,,,-0.000000,0.000000,,,-0.000004,-0.000005,-0.070072,-0.020939,,,,-0.023766,1.040998,-2.729181,,,,,,
157329,,,,,,,,,-0.000000,0.000000,,,-0.000003,-0.000004,-0.069579,-0.020351,,,,-0.023768,1.040995,-2.729181,,,,,,
157338,,,,,,,,,-0.000000,0.000000,,,-0.000003,-0.000003,-0.069086,-0.019764,,,,-0.023762,1.041005,-2.729181,,,,,,
157348,,,,,,,,,-0.000000,0.000000,,,-0.000002,-0.000003,-0.068593,-0.019176,,,,-0.023766,1.040996,-2.729181,,,,,,
157353,-0.023765,1.040996,-2.729181,-0.009178,0.993544,-2.523818,0.026553,0.029666,,,2.945631,3.485042,,,,,0.005656,0.049321,0.205363,,,,,,,,,
157359,,,,,,,,,-0.000000,0.000000,,,-0.000002,-0.000002,-0.063196,-0.013017,,,,-0.023759,1.040999,-2.729181,,,,,,
157368,,,,,,,,,-0.000000,0.000000,,,-0.000002,-0.000002,-0.062607,-0.012320,,,,-0.023761,1.040998,-2.729181,,,,,,
157378,,,,,,,,,-0.000000,0.000000,,,-0.000001,-0.000002,-0.062017,-0.011623,,,,-0.023766,1.040996,-2.729181,,,,,,
157389,,,,,,,,,-0.000000,0.000000,,,-0.000001,-0.000001,-0.061428,-0.010926,,,,-0.023763,1.040998,-2.729181,,,,,,
157398,,,,,,,,,,,,,-0.000001,-0.000001,-0.060839,-0.010229,,,,-0.023768,1.040998,-2.729181,,,,,,
157404,-0.023768,1.040998,-2.729181,-0.010400,0.992674,-2.521799,0.028836,0.036512,-0.000000,0.000000,3.460566,4.072840,,,,,0.007122,0.049631,0.207382,,,,,,,,,
157408,,,,,,,,,-0.000000,0.000000,,,-0.000001,-0.000001,-0.054998,-0.003536,,,,-0.023771,1.040999,-2.729181,,,,,,
157418,,,,,,,,,-0.000000,0.000000,,,-0.000001,-0.000001,-0.054306,-0.002722,,,,-0.023771,1.041008,-2.729181,,,,,,
157428,,,,,,,,,-0.000000,0.000000,,,-0.000001,-0.000001,-0.053614,-0.001907,,,,-0.023771,1.041000,-2.729181,,,,,,
157438,,,,,,,,,-0.000000,0.000000,,,-0.000000,-0.000001,-0.052921,-0.001093,,,,-0.023774,1.040996,-2.729181,,,,,,
157449,,,,,,,,,-0.000000,0.000000,,,-0.000000,-0.000001,-0.052229,-0.000278,,,,-0.023774,1.040998,-2.729181,,,,,,
157453,-0.023773,1.040998,-2.729181,-0.011718,0.991732,-2.519355,0.031189,0.044441,,,4.007379,4.700702,,,,,0.008702,0.049967,0.209826,,,,,,,,,
157458,,,,,,,,,-0.000000,0.000000,,,-0.000000,-0.000000,-0.045960,0.006941,,,,-0.023772,1.040996,-2.729181,,,,,,
157468,,,,,,,,,-0.000000,0.000000,,,-0.000000,-0.000000,-0.045158,0.007881,,,,-0.023775,1.041000,-2.729181,,,,,,
157478,,,,,,,,,-0.000000,0.000000,,,-0.000000,-0.000000,-0.044357,0.008821,,,,-0.023776,1.041002,-2.729181,,,,,,
157488,,,,,,,,,-0.000000,0.000000,,,-0.000000,-0.000000,-0.043555,0.009761,,,,-0.023777,1.040996,-2.729181,,,,,,
157498,,,,,,,,,-0.000000,0.000000,,,-0.000000,-0.000000,-0.042754,0.010701,,,,-0.023780,1.040995,-2.729181,,,,,,
157505,-0.023780,1.040995,-2.729181,-0.013132,0.990714,-2.516425,0.033611,0.053538,,,4.586294,5.369638,,,,,0.010399,0.050333,0.212757,,,,,,,,,
157508,,,,,,,,,-0.000000,0.000000,,,-0.000000,-0.000000,-0.036047,0.018465,,,,-0.023780,1.040996,-2.729181,,,,,,
157518,,,,,,,,,-0.000000,0.000000,,,-0.000000,-0.000000,-0.035130,0.019539,,,,-0.023772,1.040995,-2.729181,,,,,,
157528,,,,,,,,,-0.000000,0.000000,,,-0.000000,-0.000000,-0.034213,0.020613,,,,-0.023769,1.040996,-2.729181,,,,,,
157538,,,,,,,,,-0.000000,0.000000,,,-0.000000,-0.000000,-0.033296,0.021686,,,,-0.023779,1.040996,-2.729181,,,,,,
157548,,,,,,,,,-0.000000,0.000000,,,-0.000000,-0.000000,-0.032378,0.022760,,,,-0.023792,1.040991,-2.729185,,,,,,
157553,-0.023791,1.040991,-2.729185,-0.014646,0.989618,-2.512945,0.036100,0.063882,,,5.197142,6.080278,,,,,0.012213,0.050732,0.216239,,,,,,,,,
157558,,,,,,,,,-0.000000,0.000000,,,-0.000000,-0.000000,-0.025230,0.031083,,,,-0.023788,1.040994,-2.729181,,,,,,
157568,,,,,,,,,-0.000000,0.000000,,,-0.000000,-0.000000,-0.024191,0.032299,,,,-0.023782,1.040991,-2.729181,,,,,,
157578,,,,,,,,,-0.000000,0.000000,,,-0.000000,-0.000000,-0.023152,0.033515,,,,-0.023782,1.041000,-2.729181,,,,,,
157588,,,,,,,,,-0.000000,0.000000,,,-0.000000,-0.000000,-0.022112,0.034731,,,,-0.023788,1.040994,-2.729185,,,,,,
157598,,,,,,,,,-0.000000,0.000000,,,-0.000000,-0.000000,-0.021073,0.035947,,,,-0.023788,1.040991,-2.729185,,,,,,
157605,-0.023789,1.040991,-2.729185,-0.016259,0.988440,-2.508848,0.038656,0.075542,,,5.844721,6.838237,,,,,0.014165,0.051163,0.220337,,,,,,,,,
157608,,,,,,,,,-0.000000,0.000000,,,-0.000000,-0.000000,-0.013428,0.044894,,,,-0.023791,1.040992,-2.729185,,,,,,
157618,,,,,,,,,-0.000000,0.000000,,,-0.000000,-0.000000,-0.012259,0.046262,,,,-0.023792,1.040992,-2.729185,,,,,,
157628,,,,,,,,,-0.000000,0.000000,,,-0.000000,-0.000000,-0.011090,0.047630,,,,-0.023790,1.040993,-2.729181,,,,,,
157638,,,,,,,,,-0.000000,0.000000,,,-0.000000,-0.000000,-0.009921,0.048997,,,,-0.023789,1.040992,-2.729181,,,,,,
157647,,,,,,,,,-0.000000,0.000000,,,-0.000000,-0.000000,-0.008752,0.050365,,,,-0.023788,1.040988,-2.729185,,,,,,
157653,-0.023788,1.040988,-2.729185,-0.017975,0.987175,-2.504063,0.041279,0.088578,,,6.525644,7.640978,,,,,0.016243,0.051631,0.225122,,,,,,,,,
157658,,,,,,,,,-0.000000,0.000000,,,-0.000000,-0.000000,-0.000638,0.059920,,,,-0.023788,1.040991,-2.729185,,,,,,
157668,,,,,,,,,-0.000000,0.000000,,,-0.000000,-0.000000,0.000667,0.061449,,,,-0.023782,1.041005,-2.729181,,,,,,
157678,,,,,,,,,-0.000000,0.000000,,,-0.000000,-0.000000,0.001972,0.062977,,,,-0.023779,1.041010,-2.729181,,,,,,
157688,,,,,,,,,-0.000000,0.000000,,,-0.000000,-0.000000,0.003278,0.064505,,,,-0.023783,1.040991,-2.729181,,,,,,
157698,,,,,,,,,0.027467,0.652434,,,-0.000000,0.544543,0.004583,0.060479,,,,-0.023794,1.040986,-2.729185,,,,,,
157703,-0.023898,1.040939,-2.726447,-0.019793,0.985821,-2.498520,0.043970,0.103035,,,7.251855,8.493820,,,,,0.018474,0.052092,0.227927,,,,,,,,,
157708,,,,,,,,,0.027467,0.652434,,,-0.000000,1.002722,0.013295,0.065924,,,,-0.023784,1.041000,-2.729181,,,,,,
157718,,,,,,,,,-0.000000,0.000000,,,-0.000000,0.843690,0.014745,0.069044,,,,-0.023787,1.040990,-2.729181,,,,,,
157728,,,,,,,,,-0.000000,0.000000,,,-0.000000,0.709881,0.016196,0.071939,,,,-0.023788,1.041021,-2.726347,,,,,,
157738,,,,,,,,,0.027467,0.652434,,,-0.000000,1.141837,0.017646,0.069090,,,,-0.023981,1.040960,-2.723524,,,,,,
157748,,,,,,,,,-0.000000,0.000000,,,-0.000000,0.960741,0.019097,0.072407,,,,-0.024178,1.040905,-2.723527,,,,,,
157753,-0.024154,1.040908,-2.723772,-0.021715,0.984371,-2.492145,0.046731,0.118941,,,7.977303,9.358387,,,,,0.020712,0.052663,0.231627,,,,,,,,,
157758,,,,,,,,,0.027467,0.652434,,,-0.000000,1.352911,0.027947,0.078732,,,,-0.024341,1.040837,-2.720697,,,,,,
157768,,,,,,,,,0.027467,0.652434,,,-0.000000,1.682882,0.029542,0.076968,,,,-0.024424,1.040819,-2.715034,,,,,,
157778,,,,,,,,,-0.000000,0.000000,,,-0.000000,1.415977,0.031137,0.081225,,,,-0.024518,1.040792,-2.709400,,,,,,
157788,,,,,,,,,0.027467,0.652434,,,-0.000000,1.735946,0.032733,0.079550,,,,-0.024664,1.040762,-2.706533,,,,,,
157798,,,,,,,,,0.027467,0.652434,,,-0.000000,2.005168,0.034328,0.078329,,,,-0.024873,1.040697,-2.700894,,,,,,
157803,-0.024917,1.040666,-2.700076,-0.023740,0.982822,-2.484865,0.049563,0.136305,,,8.944544,10.412882,,,,,0.023653,0.052800,0.215211,,,,,,,,,
157807,,,,,,,,,0.027467,0.652434,,,-0.000000,2.231691,0.045790,0.088245,,,,-0.025118,1.040626,-2.698056,,,,,,
157818,,,,,,,,,0.027467,0.652434,,,-0.000000,2.422288,0.047579,0.087937,,,,-0.025313,1.040560,-2.692374,,,,,,
157828,,,,,,,,,0.027467,0.652434,,,-0.000000,2.582656,0.049368,0.087899,,,,-0.025532,1.040527,-2.683844,,,,,,
157837,,,,,,,,,0.027467,0.652434,,,-0.000000,2.717590,0.051156,0.088089,,,,-0.025759,1.040422,-2.675321,,,,,,
157848,,,,,,,,,0.027467,0.652434,,,-0.000000,2.831123,0.052945,0.088470,,,,-0.026047,1.040320,-2.669600,,,,,,
157853,-0.026056,1.040298,-2.669420,-0.025870,0.981166,-2.476610,0.052469,0.155110,,,9.966864,11.505425,,,,,0.026729,0.052747,0.192810,,,,,,,,,
157858,,,,,,,,,0.054935,1.304868,,,-0.000000,3.471193,0.065162,0.094601,,,,-0.026400,1.040194,-2.661088,,,,,,
157868,,,,,,,,,0.027467,0.652434,,,-0.000000,3.465204,0.067155,0.096269,,,,-0.026770,1.040061,-2.652529,,,,,,
157878,,,,,,,,,0.054935,1.304868,,,-0.000000,4.004709,0.069149,0.092374,,,,-0.027191,1.039944,-2.641109,,,,,,
157887,,,,,,,,,0.082402,0.652434,,,0.544543,4.458648,0.065588,0.089244,,,,-0.027616,1.039733,-2.629672,,,,,,
157898,,,,,,,,,0.054935,1.304868,,,0.458179,4.840592,0.068353,0.086758,,,,-0.028011,1.039568,-2.618189,,,,,,
157903,-0.028049,1.039518,-2.617013,-0.028104,0.979398,-2.467312,0.055455,0.175315,,,11.141270,12.677226,,,,,0.030158,0.052009,0.149701,,,,,,,,,
157907,,,,,,,,,0.054935,1.304868,,,0.385511,5.161960,0.082975,0.096765,,,,-0.028497,1.039318,-2.606717,,,,,,
157918,,,,,,,,,0.054935,1.304868,,,0.324369,5.432359,0.085750,0.095510,,,,-0.029070,1.039090,-2.592381,,,,,,
157927,,,,,,,,,0.054935,1.304868,,,0.272924,5.659873,0.088438,0.094639,,,,-0.029604,1.038823,-2.577987,,,,,,
157938,,,,,,,,,0.054935,1.304868,,,0.229638,5.851303,0.091053,0.094090,,,,-0.030055,1.038645,-2.563534,,,,,,
157948,,,,,,,,,0.054935,1.304868,,,0.193218,6.012372,0.093607,0.093812,,,,-0.030676,1.038301,-2.549105,,,,,,
157953,-0.030651,1.038281,-2.549329,-0.030442,0.977510,-2.456905,0.058525,0.196847,,,12.399644,13.870040,,,,,0.033752,0.050538,0.092424,,,,,,,,,
157957,,,,,,,,,0.082402,1.957303,,,0.162573,6.692438,0.108944,0.100375,,,,-0.031284,1.038001,-2.534620,,,,,,
157968,,,,,,,,,0.054935,1.304868,,,0.136789,6.720103,0.111655,0.101528,,,,-0.031857,1.037725,-2.520100,,,,,,
157977,,,,,,,,,0.082402,1.957303,,,0.115094,7.287923,0.114329,0.097166,,,,-0.032437,1.037352,-2.502625,,,,,,
157988,,,,,,,,,0.109870,1.304868,,,0.641384,7.765687,0.111418,0.093610,,,,-0.032986,1.037104,-2.485111,,,,,,
157998,,,,,,,,,0.054935,1.304868,,,0.539660,7.623135,0.114807,0.096284,,,,-0.033592,1.036711,-2.470496,,,,,,
158003,-0.033532,1.036708,-2.471636,-0.032882,0.975494,-2.445333,0.061686,0.219602,,,13.725106,15.077457,,,,,0.037501,0.048386,0.026303,,,,,,,,,
158007,,,,,,,,,0.082402,1.957303,,,0.454070,8.047734,0.131571,0.105519,,,,-0.034221,1.036264,-2.455793,,,,,,
158018,,,,,,,,,0.082402,1.957303,,,0.382054,8.404992,0.134960,0.103281,,,,-0.034991,1.035776,-2.438152,,,,,,
158028,,,,,,,,,0.109870,1.304868,,,0.866004,8.161046,0.132693,0.107103,,,,-0.035609,1.035375,-2.423356,,,,,,
158038,,,,,,,,,0.082402,0.652434,,,1.273199,8.500333,0.131111,0.105026,,,,-0.036308,1.034870,-2.408534,,,,,,
158048,,,,,,,,,0.109870,1.304868,,,1.615812,8.785809,0.130107,0.103429,,,,-0.037153,1.034196,-2.399664,,,,,,
158053,-0.037200,1.034109,-2.400229,-0.035424,0.973341,-2.432546,0.064945,0.243439,,,14.608418,15.851365,,,,,0.039726,0.046019,-0.032317,,,,,,,,,
158058,,,,,,,,,0.137337,0.652434,,,2.448631,9.026008,0.133044,0.110132,,,,-0.037965,1.033482,-2.387770,,,,,,
158068,,,,,,,,,0.109870,1.304868,,,2.604821,9.228111,0.133882,0.109435,,,,-0.038948,1.032726,-2.378811,,,,,,
158078,,,,,,,,,0.137337,0.652434,,,3.280782,9.398161,0.129388,0.109025,,,,-0.039820,1.031942,-2.372862,,,,,,
158087,,,,,,,,,0.137337,0.652434,,,3.849536,9.541241,0.125853,0.108857,,,,-0.040711,1.031103,-2.360904,,,,,,
158098,,,,,,,,,0.109870,1.304868,,,3.783542,9.661629,0.128677,0.108891,,,,-0.041740,1.030205,-2.351893,,,,,,
158103,-0.041689,1.030211,-2.350474,-0.038066,0.971042,-2.418504,0.068314,0.268179,,,14.770960,15.984283,,,,,0.039530,0.044176,-0.068030,,,,,,,,,
158108,,,,,,,,,0.164805,1.304868,,,4.272559,9.762923,0.127512,0.110451,,,,-0.042724,1.029295,-2.342911,,,,,,
158118,,,,,,,,,0.137337,0.652434,,,4.684017,10.392695,0.125415,0.105272,,,,-0.043733,1.028323,-2.333889,,,,,,
158128,,,,,,,,,0.137337,0.652434,,,5.030218,10.378042,0.123901,0.106539,,,,-0.044751,1.027314,-2.324855,,,,,,
158138,,,,,,,,,,,,,5.866054,10.910256,0.117324,0.102232,,,,-0.045790,1.026232,-2.315792,,,,,,
158144,,,,,,,,,0.192272,0.652434,,,,,,,,,,,,,,,,,,
158148,,,,,,,,,0.137337,0.652434,,,6.024784,10.813518,0.117486,0.104234,,,,-0.046832,1.025169,-2.309767,,,,,,
158153,-0.046798,1.025175,-2.310446,-0.040807,0.968586,-2.403179,0.071803,0.293604,,,14.478743,15.700462,,,,,0.037764,0.042569,-0.092733,,,,,,,,,
158158,,,,,,,,,0.137337,0.652434,,,6.158339,10.732121,0.114892,0.103203,,,,-0.048000,1.024018,-2.300656,,,,,,
158168,,,,,,,,,0.164805,1.304868,,,6.270711,11.208179,0.115410,0.099341,,,,-0.049108,1.022741,-2.291574,,,,,,
158178,,,,,,,,,0.192272,0.652434,,,6.909805,11.608733,0.110533,0.096154,,,,-0.050216,1.021540,-2.285482,,,,,,
158188,,,,,,,,,0.164805,0.000000,,,7.447539,11.401217,0.106562,0.099089,,,,-0.051309,1.020145,-2.282465,,,,,,
158198,,,,,,,,,0.164805,1.304868,,,7.355444,11.226612,0.108908,0.101730,,,,-0.052424,1.018867,-2.273308,,,,,,
158203,-0.052402,1.018872,-2.270949,-0.043643,0.965961,-2.386556,0.075424,0.319459,,,13.861006,15.089890,,,,,0.034819,0.040791,-0.115607,,,,,,,,,
158208,,,,,,,,,0.137337,0.652434,,,7.277956,11.624243,0.104822,0.092341,,,,-0.053600,1.017607,-2.267200,,,,,,
158218,,,,,,,,,0.192272,0.652434,,,7.757301,11.958809,0.101249,0.089621,,,,-0.054678,1.016469,-2.261097,,,,,,
158228,,,,,,,,,0.137337,0.652434,,,7.616079,11.695770,0.103910,0.092930,,,,-0.055732,1.015246,-2.251907,,,,,,
158238,,,,,,,,,0.164805,1.304868,,,7.497254,12.018992,0.106371,0.090312,,,,-0.056838,1.014054,-2.245783,,,,,,
158248,,,,,,,,,0.137337,0.652434,,,7.397275,11.746408,0.108664,0.093707,,,,-0.057918,1.012700,-2.239621,,,,,,
158253,-0.057819,1.012771,-2.239512,-0.046573,0.963155,-2.368637,0.079194,0.345450,,,13.259906,14.532848,,,,,0.031957,0.039585,-0.129125,,,,,,,,,
158258,,,,,,,,,0.192272,0.652434,,,7.857696,12.061600,0.099129,0.085479,,,,-0.058934,1.011520,-2.227298,,,,,,
158268,,,,,,,,,0.137337,0.652434,,,7.700551,11.782258,0.101812,0.088822,,,,-0.059894,1.010378,-2.218059,,,,,,
158278,,,,,,,,,0.164805,1.304868,,,7.568329,12.091763,0.104273,0.086216,,,,-0.060771,1.009265,-2.208756,,,,,,
158288,,,,,,,,,0.137337,0.652434,,,7.457078,11.807638,0.106546,0.089602,,,,-0.061721,1.008115,-2.199455,,,,,,
158298,,,,,,,,,0.137337,0.652434,,,7.363471,11.568575,0.108661,0.092585,,,,-0.062656,1.006939,-2.190124,,,,,,
158306,-0.062600,1.006970,-2.191531,-0.049593,0.960152,-2.349440,0.083129,0.371250,,,13.100638,14.328074,7.284709,11.911970,0.109019,0.087587,0.030519,0.037811,-0.157908,-0.063619,1.005651,-2.180763,,,,,,
158309,,,,,,,,,0.164805,1.304868,,,,,,,,,,,,,,,,,,
158318,,,,,,,,,0.137337,0.652434,,,7.218440,11.656360,0.110858,0.090677,,,,-0.064614,1.004349,-2.174553,,,,,,
158328,,,,,,,,,0.192272,0.652434,,,7.707224,11.441289,0.107049,0.093405,,,,-0.065386,1.003210,-2.168279,,,,,,
158338,,,,,,,,,0.137337,0.652434,,,7.573944,11.804872,0.109487,0.090274,,,,-0.066211,1.002004,-2.161986,,,,,,
158348,,,,,,,,,0.137337,0.652434,,,7.461802,11.566247,0.111737,0.093213,,,,-0.067006,1.000733,-2.155740,,,,,,
158353,-0.066964,1.000782,-2.156006,-0.052700,0.956938,-2.329002,0.087248,0.396506,,,12.816072,14.053750,,,,,0.028670,0.036109,-0.172996,,,,,,,,,
158358,,,,,,,,,0.164805,0.000000,,,7.911989,11.365468,0.105370,0.093015,,,,-0.067877,0.999518,-2.149448,,,,,,
158368,,,,,,,,,0.137337,0.652434,,,7.746233,11.196533,0.108041,0.095276,,,,-0.068740,0.998230,-2.143147,,,,,,
158378,,,,,,,,,0.137337,0.652434,,,7.606765,11.054391,0.110478,0.097297,,,,-0.069678,0.996841,-2.139993,,,,,,
158388,,,,,,,,,0.192272,0.652434,,,8.033961,10.934793,0.107162,0.099117,,,,-0.070565,0.995513,-2.133678,,,,,,
158398,,,,,,,,,0.164805,0.000000,,,8.393404,11.378706,0.104453,0.095213,,,,-0.071321,0.994195,-2.130527,,,,,,
158405,-0.071336,0.994170,-2.132666,-0.055888,0.953497,-2.307377,0.091573,0.420843,,,12.347063,13.657011,,,,,0.026190,0.034743,-0.174711,,,,,,,,,
158408,,,,,,,,,0.137337,0.652434,,,8.151296,11.207671,0.103023,0.093446,,,,-0.072196,0.992864,-2.124193,,,,,,
158418,,,,,,,,,0.164805,1.304868,,,7.947586,11.608306,0.105940,0.089849,,,,-0.073079,0.991610,-2.121022,,,,,,
158428,,,,,,,,,0.164805,0.000000,,,8.320727,11.400857,0.103014,0.092375,,,,-0.073954,0.990272,-2.114647,,,,,,
158438,,,,,,,,,0.137337,0.652434,,,8.090145,11.226309,0.106171,0.094606,,,,-0.074831,0.988929,-2.108295,,,,,,
158448,,,,,,,,,0.164805,0.000000,,,8.440677,11.079444,0.103447,0.096591,,,,-0.075685,0.987622,-2.101922,,,,,,
158453,-0.075687,0.987586,-2.104502,-0.059155,0.949811,-2.284642,0.096127,0.443879,,,12.017016,13.366837,,,,,0.024111,0.033450,-0.180140,,,,,,,,,
158458,,,,,,,,,0.164805,1.304868,,,8.191071,11.500416,0.103408,0.089852,,,,-0.076614,0.986260,-2.095558,,,,,,
158468,,,,,,,,,0.164805,1.304868,,,7.981052,11.854621,0.106315,0.086613,,,,-0.077499,0.984958,-2.085917,,,,,,
158478,,,,,,,,,0.164805,0.000000,,,8.348886,11.608106,0.103370,0.089430,,,,-0.078338,0.983650,-2.079522,,,,,,
158488,,,,,,,,,0.164805,1.304868,,,8.113837,11.400688,0.106501,0.091897,,,,-0.079158,0.982289,-2.069877,,,,,,
158498,,,,,,,,,0.137337,0.652434,,,7.916068,11.770710,0.109299,0.088516,,,,-0.080027,0.980783,-2.063418,,,,,,
158506,-0.079948,0.980852,-2.064128,-0.062495,0.945862,-2.260888,0.100936,0.465234,,,11.877873,13.181874,7.749665,11.537503,0.110397,0.089327,0.022553,0.031942,-0.196760,-0.080925,0.979409,-2.056918,,,,,,
158509,,,,,,,,,0.164805,0.000000,,,,,,,,,,,,,,,,,,
158518,,,,,,,,,0.164805,1.304868,,,8.154197,11.885826,0.107097,0.086103,,,,-0.081790,0.977915,-2.050470,,,,,,
158528,,,,,,,,,0.164805,0.000000,,,8.494570,11.634362,0.104370,0.088927,,,,-0.082540,0.976437,-2.044006,,,,,,
158538,,,,,,,,,0.164805,1.304868,,,8.236416,11.422780,0.107680,0.091395,,,,-0.083248,0.974994,-2.040739,,,,,,
158548,,,,,,,,,0.164805,0.000000,,,8.563749,11.789298,0.105069,0.088008,,,,-0.084086,0.973571,-2.034256,,,,,,
158553,-0.084065,0.973572,-2.036763,-0.065903,0.941628,-2.236227,0.106025,0.484545,,,11.563811,12.889425,,,,,0.020378,0.030577,-0.199464,,,,,,,,,
158558,,,,,,,,,0.192272,0.652434,,,8.839168,11.553144,0.099719,0.087713,,,,-0.085003,0.972031,-2.027697,,,,,,
158568,,,,,,,,,0.137337,0.652434,,,8.526361,11.898986,0.103455,0.084452,,,,-0.085737,0.970623,-2.021212,,,,,,
158578,,,,,,,,,0.164805,0.000000,,,8.807709,11.645434,0.101193,0.087237,,,,-0.086454,0.969101,-2.017920,,,,,,
158588,,,,,,,,,0.164805,1.304868,,,8.499891,11.432096,0.104883,0.089662,,,,-0.087250,0.967674,-2.011370,,,,,,
158598,,,,,,,,,0.164805,0.000000,,,8.785437,11.797137,0.102584,0.086230,,,,-0.088062,0.966064,-2.008090,,,,,,
158603,-0.088036,0.966075,-2.010496,-0.069373,0.937089,-2.210784,0.111425,0.501481,,,11.296478,12.638425,,,,,0.018285,0.029226,-0.200288,,,,,,,,,
158608,,,,,,,,,0.164805,0.000000,,,9.025695,11.559739,0.097962,0.086309,,,,-0.088690,0.964655,-2.001514,,,,,,
158618,,,,,,,,,0.137337,0.652434,,,8.683305,11.359993,0.101908,0.088563,,,,-0.089393,0.963221,-1.998251,,,,,,
158628,,,,,,,,,0.192272,0.652434,,,8.939761,11.736469,0.099815,0.084978,,,,-0.090120,0.961748,-1.991681,,,,,,
158638,,,,,,,,,0.137337,0.652434,,,8.611000,11.508694,0.103640,0.087482,,,,-0.090814,0.960340,-1.988336,,,,,,
158648,,,,,,,,,0.164805,0.000000,,,8.878924,11.317043,0.101444,0.089663,,,,-0.091442,0.958959,-1.985056,,,,,,
158653,-0.091449,0.958930,-1.987191,-0.072898,0.932223,-2.184699,0.117163,0.515758,,,11.257071,12.622120,,,,,0.016922,0.027768,-0.197509,,,,,,,,,
158658,,,,,,,,,0.137337,0.652434,,,8.559813,11.155788,0.104781,0.091405,,,,-0.092143,0.957477,-1.978412,,,,,,
158668,,,,,,,,,0.192272,0.652434,,,8.835855,11.564651,0.102505,0.087528,,,,-0.092826,0.956065,-1.975121,,,,,,
158678,,,,,,,,,0.137337,0.652434,,,8.523573,11.364126,0.106174,0.089785,,,,-0.093434,0.954702,-1.968482,,,,,,
158688,,,,,,,,,0.164805,0.000000,,,8.805363,11.195404,0.103847,0.091758,,,,-0.094083,0.953160,-1.965173,,,,,,
158698,,,,,,,,,0.164805,1.304868,,,8.497917,11.597984,0.107473,0.087937,,,,-0.094754,0.951714,-1.961825,,,,,,
158703,-0.094738,0.951679,-1.958478,-0.076472,0.927005,-2.158120,0.123273,0.527149,,,11.367886,12.700290,,,,,0.015938,0.026238,-0.199642,,,,,,,,,
158708,,,,,,,,,0.164805,0.000000,,,8.783776,11.392172,0.106239,0.091038,,,,-0.095426,0.950283,-1.955128,,,,,,
158718,,,,,,,,,0.164805,0.000000,,,9.024298,11.219002,0.104303,0.093066,,,,-0.096003,0.948846,-1.955173,,,,,,
158728,,,,,,,,,0.164805,0.000000,,,8.682129,11.073297,0.108262,0.094849,,,,-0.096593,0.947321,-1.951816,,,,,,
158738,,,,,,,,,0.137337,0.652434,,,8.938772,10.950700,0.106181,0.096424,,,,-0.097265,0.945773,-1.945120,,,,,,
158748,,,,,,,,,0.192272,0.652434,,,9.154712,11.392090,0.104464,0.092272,,,,-0.097943,0.944283,-1.941804,,,,,,
158753,-0.097968,0.944152,-1.940466,-0.080087,0.921411,-2.131202,0.129783,0.535496,,,11.427996,12.794269,,,,,0.014744,0.024890,-0.190736,,,,,,,,,
158758,,,,,,,,,0.137337,0.652434,,,8.791860,11.218932,0.109221,0.095259,,,,-0.098548,0.942755,-1.941801,,,,,,
158768,,,,,,,,,0.192272,0.652434,,,9.031099,11.617781,0.107308,0.091505,,,,-0.099099,0.941171,-1.935086,,,,,,
158778,,,,,,,,,0.164805,0.000000,,,9.232395,11.408829,0.105734,0.093872,,,,-0.099817,0.939570,-1.931705,,,,,,
158788,,,,,,,,,0.164805,0.000000,,,9.401766,11.233017,0.104446,0.095942,,,,-0.100456,0.937958,-1.928355,,,,,,
158798,,,,,,,,,0.192272,0.652434,,,9.544274,11.629632,0.103397,0.092209,,,,-0.101112,0.936349,-1.924998,,,,,,
158803,-0.101128,0.936248,-1.923559,-0.083736,0.915415,-2.104101,0.136725,0.540717,,,11.516476,12.913152,,,,,0.013541,0.023518,-0.180542,,,,,,,,,
158807,,,,,,,,,0.164805,0.000000,,,9.664181,11.418800,0.103454,0.095805,,,,-0.101620,0.934759,-1.921604,,,,,,
158818,,,,,,,,,0.192272,0.652434,,,9.765070,11.785950,0.102795,0.092359,,,,-0.102288,0.933044,-1.918213,,,,,,
158828,,,,,,,,,0.164805,0.000000,,,9.849958,11.550326,0.102279,0.094988,,,,-0.102968,0.931432,-1.914860,,,,,,
158838,,,,,,,,,0.164805,1.304868,,,9.376841,11.896616,0.107438,0.091728,,,,-0.103610,0.929765,-1.911458,,,,,,
158847,,,,,,,,,0.164805,0.000000,,,9.523302,11.643441,0.106372,0.094514,,,,-0.104243,0.928165,-1.904671,,,,,,
158853,-0.104220,0.928194,-1.906256,-0.087412,0.908990,-2.076972,0.144129,0.542807,,,11.715406,13.126646,,,,,0.012601,0.022193,-0.170716,,,,,,,,,
158858,,,,,,,,,0.192272,0.652434,,,9.646535,11.974962,0.107543,0.093564,,,,-0.104879,0.926503,-1.901240,,,,,,
158868,,,,,,,,,0.164805,0.000000,,,9.750223,11.709361,0.106899,0.096504,,,,-0.105528,0.924950,-1.897854,,,,,,
158878,,,,,,,,,,,,,9.837466,12.030428,0.106403,0.093512,,,,-0.106165,0.923247,-1.891047,,,,,,
158884,,,,,,,,,0.192272,0.652434,,,,,,,,,,,,,,,,,,
158888,,,,,,,,,0.164805,0.000000,,,9.910872,11.756030,0.106029,0.096530,,,,-0.106678,0.921618,-1.884209,,,,,,
158898,,,,,,,,,0.164805,1.304868,,,9.428093,12.069695,0.111315,0.093605,,,,-0.107257,0.919893,-1.880768,,,,,,
158903,-0.107210,0.919930,-1.877432,-0.091104,0.902109,-2.049965,0.152023,0.541840,,,12.120095,13.422896,,,,,0.012128,0.020734,-0.172534,,,,,,,,,
158907,,,,,,,,,0.219740,0.000000,,,10.110969,12.333612,0.108935,0.094146,,,,-0.107874,0.918093,-1.877314,,,,,,
158918,,,,,,,,,0.137337,0.652434,,,9.596454,12.011129,0.114584,0.097653,,,,-0.108569,0.916266,-1.873896,,,,,,
158928,,,,,,,,,0.219740,0.000000,,,10.252627,12.284335,0.108396,0.095149,,,,-0.109235,0.914387,-1.870474,,,,,,
158938,,,,,,,,,0.164805,1.304868,,,9.715646,12.514211,0.114247,0.093032,,,,-0.109809,0.912598,-1.867031,,,,,,
158948,,,,,,,,,0.219740,0.000000,,,10.352916,12.707628,0.108228,0.091241,,,,-0.110360,0.910960,-1.860116,,,,,,
158953,-0.110373,0.910833,-1.861570,-0.094805,0.894744,-2.023221,0.160435,0.537958,,,12.326722,13.625999,,,,,0.010951,0.019527,-0.161652,,,,,,,,,
158958,,,,,,,,,0.137337,0.652434,,,9.800028,12.325827,0.116328,0.097350,,,,-0.111009,0.909161,-1.856660,,,,,,
158968,,,,,,,,,0.219740,0.000000,,,10.423915,12.549122,0.110470,0.095332,,,,-0.111595,0.907374,-1.849721,,,,,,
158978,,,,,,,,,0.192272,0.652434,,,10.404310,12.737002,0.111050,0.093631,,,,-0.112278,0.905427,-1.846265,,,,,,
158988,,,,,,,,,0.192272,0.652434,,,10.387815,12.895085,0.111603,0.092197,,,,-0.112924,0.903624,-1.842760,,,,,,
158998,,,,,,,,,0.192272,0.652434,,,10.373936,13.028096,0.112132,0.090986,,,,-0.113511,0.901731,-1.835776,,,,,,
159003,-0.113466,0.901718,-1.835203,-0.098506,0.886865,-1.996870,0.169390,0.531364,,,12.795338,13.967808,,,,,0.010428,0.018322,-0.161667,,,,,,,,,
159007,,,,,,,,,0.192272,0.652434,,,10.362258,13.140011,0.117422,0.093451,,,,-0.114008,0.899932,-1.828802,,,,,,
159018,,,,,,,,,0.192272,0.652434,,,10.352432,13.234177,0.118009,0.092656,,,,-0.114597,0.898054,-1.821802,,,,,,
159028,,,,,,,,,0.192272,-0.652434,,,10.888708,12.768864,0.113027,0.097549,,,,-0.115143,0.896096,-1.818240,,,,,,
159038,,,,,,,,,0.192272,0.652434,,,10.795387,12.921893,0.114361,0.096228,,,,-0.115684,0.894124,-1.814742,,,,,,
159048,,,,,,,,,0.219740,1.304868,,,10.716867,13.050652,0.115561,0.095123,,,,-0.116165,0.892095,-1.811281,,,,,,
159053,-0.116153,0.892006,-1.807813,-0.102196,0.878443,-1.971027,0.178908,0.522310,,,13.315661,14.323131,,,,,0.009907,0.016752,-0.163214,,,,,,,,,
159058,,,,,,,,,0.192272,-0.652434,,,11.195344,13.158989,0.116404,0.097826,,,,-0.116766,0.890166,-1.811240,,,,,,
159068,,,,,,,,,0.192272,0.652434,,,11.053391,13.250144,0.118276,0.097129,,,,-0.117260,0.888229,-1.804219,,,,,,
159078,,,,,,,,,0.219740,0.000000,,,11.478494,13.326842,0.114392,0.096561,,,,-0.117782,0.886419,-1.804178,,,,,,
159088,,,,,,,,,0.192272,0.652434,,,11.291633,13.391376,0.116666,0.096102,,,,-0.118311,0.884406,-1.800675,,,,,,
159098,,,,,,,,,0.219740,0.000000,,,11.678951,13.445675,0.113120,0.095735,,,,-0.118907,0.882394,-1.793598,,,,,,
159103,-0.118892,0.882304,-1.794792,-0.105867,0.869448,-1.945792,0.189010,0.511085,,,13.897078,14.883998,,,,,0.009642,0.015555,-0.151001,,,,,,,,,
159108,,,,,,,,,0.192272,0.652434,,,11.460298,13.491362,0.121608,0.101165,,,,-0.119435,0.880394,-1.793568,,,,,,
159118,,,,,,,,,0.192272,0.652434,,,11.276322,13.529802,0.123972,0.101052,,,,-0.119985,0.878514,-1.790052,,,,,,
159128,,,,,,,,,0.219740,0.000000,,,11.666069,13.562147,0.120521,0.100993,,,,-0.120480,0.876562,-1.786490,,,,,,
159138,,,,,,,,,0.219740,0.000000,,,11.994001,13.589361,0.117622,0.100979,,,,-0.120948,0.874623,-1.782934,,,,,,
159148,,,,,,,,,0.192272,0.652434,,,11.725381,13.612260,0.120743,0.101005,,,,-0.121427,0.872630,-1.779411,,,,,,
159153,-0.121381,0.872653,-1.777965,-0.109508,0.859850,-1.921253,0.199708,0.497998,,,14.735958,15.645638,,,,,0.010087,0.014253,-0.143288,,,,,,,,,
159158,,,,,,,,,0.219740,0.000000,,,12.043907,13.631526,0.126484,0.108831,,,,-0.121986,0.870490,-1.775807,,,,,,
159168,,,,,,,,,0.247207,0.652434,,,12.311914,14.192280,0.124289,0.103514,,,,-0.122392,0.868431,-1.775797,,,,,,
159178,,,,,,,,,0.219740,0.000000,,,12.537416,14.119555,0.122474,0.104547,,,,-0.122976,0.866334,-1.775807,,,,,,
159188,,,,,,,,,0.219740,0.000000,,,12.727154,14.058365,0.120978,0.105476,,,,-0.123506,0.864380,-1.772274,,,,,,
159198,,,,,,,,,,,,,12.886798,14.006879,0.119752,0.106319,,,,-0.123963,0.862249,-1.768689,,,,,,
159204,-0.124030,0.861768,-1.769468,-0.113108,0.849619,-1.897476,0.211014,0.483365,0.329610,0.000000,15.359074,16.288973,,,,,0.009755,0.013105,-0.128008,,,,,,,,,
159207,,,,,,,,,0.109870,1.304868,,,12.476580,13.963559,0.130661,0.113651,,,,-0.124442,0.860063,-1.765148,,,,,,
159218,,,,,,,,,0.247207,-0.652434,,,12.675965,14.471653,0.129204,0.108933,,,,-0.124953,0.857730,-1.765077,,,,,,
159228,,,,,,,,,0.192272,0.652434,,,12.843728,14.354620,0.128030,0.110490,,,,-0.125449,0.855576,-1.761480,,,,,,
159238,,,,,,,,,0.274675,0.000000,,,13.529428,14.800692,0.121539,0.106327,,,,-0.125857,0.853239,-1.757897,,,,,,
159248,,,,,,,,,0.219740,0.000000,,,13.561831,14.631473,0.121574,0.108351,,,,-0.126337,0.851019,-1.754290,,,,,,
159253,-0.126325,0.851017,-1.755564,-0.116658,0.838726,-1.874518,0.222934,0.467502,,,16.297298,17.169586,,,,,0.010306,0.011760,-0.118954,,,,,,,,,
159258,,,,,,,,,0.247207,0.652434,,,13.589096,15.033635,0.131225,0.113563,,,,-0.126874,0.848713,-1.750679,,,,,,
159268,,,,,,,,,0.247207,0.652434,,,13.612037,14.827472,0.131533,0.116093,,,,-0.127386,0.846266,-1.750631,,,,,,
159278,,,,,,,,,0.219740,0.000000,,,13.631339,15.198548,0.131873,0.112776,,,,-0.127838,0.843998,-1.747071,,,,,,
159288,,,,,,,,,0.247207,0.652434,,,13.647580,14.966229,0.132241,0.115540,,,,-0.128386,0.841542,-1.747079,,,,,,
159298,,,,,,,,,0.247207,-0.652434,,,13.661245,15.315299,0.132631,0.112420,,,,-0.128865,0.839050,-1.743457,,,,,,
159305,-0.128856,0.839038,-1.747211,-0.120147,0.827140,-1.852416,0.235469,0.450708,,,17.055046,17.944656,,,,,0.010185,0.010662,-0.105206,,,,,,,,,
159308,,,,,,,,,0.247207,0.652434,,,14.217286,15.609007,0.135216,0.117701,,,,-0.129399,0.836476,-1.743417,,,,,,
159318,,,,,,,,,0.247207,-0.652434,,,14.685139,15.311589,0.131011,0.121202,,,,-0.129855,0.833775,-1.743362,,,,,,
159328,,,,,,,,,0.302142,0.652434,,,14.534246,15.605886,0.133024,0.118726,,,,-0.130284,0.831095,-1.743436,,,,,,
159338,,,,,,,,,0.247207,-0.652434,,,14.951829,15.853506,0.129269,0.116668,,,,-0.130733,0.828505,-1.743383,,,,,,
159348,,,,,,,,,0.247207,0.652434,,,15.303183,16.061853,0.126106,0.114962,,,,-0.131181,0.825943,-1.739798,,,,,,
159353,-0.131153,0.826018,-1.737682,-0.123564,0.814834,-1.831198,0.248616,0.433266,,,17.774199,18.661530,,,,,0.009768,0.009341,-0.093515,,,,,,,,,
159359,,,,,,,,,0.274675,0.000000,,,15.598812,16.237158,0.130776,0.120862,,,,-0.131678,0.823242,-1.739854,,,,,,
159368,,,,,,,,,0.274675,0.000000,,,15.847554,16.384659,0.128674,0.119842,,,,-0.132248,0.820413,-1.743436,,,,,,
159378,,,,,,,,,0.274675,0.000000,,,16.056847,16.508766,0.126925,0.119032,,,,-0.132689,0.817713,-1.739817,,,,,,
159388,,,,,,,,,0.302142,0.652434,,,16.232944,17.157734,0.125472,0.112843,,,,-0.133143,0.814901,-1.739827,,,,,,
159398,,,,,,,,,0.274675,0.000000,,,16.381113,17.159231,0.124269,0.113129,,,,-0.133536,0.812233,-1.739863,,,,,,
159405,-0.133528,0.812254,-1.739680,-0.126898,0.801779,-1.810876,0.262365,0.415428,,,18.408760,19.485081,,,,,0.009211,0.008296,-0.071196,,,,,,,,,
159408,,,,,,,,,0.302142,-0.652434,,,16.505783,17.160490,0.129748,0.121816,,,,-0.134050,0.809365,-1.739863,,,,,,
159418,,,,,,,,,0.302142,0.652434,,,16.610680,17.161551,0.129059,0.122270,,,,-0.134681,0.806471,-1.736212,,,,,,
159428,,,,,,,,,0.274675,0.000000,,,16.698940,17.706985,0.128519,0.117172,,,,-0.135209,0.803816,-1.732560,,,,,,
159438,,,,,,,,,0.274675,0.000000,,,17.317745,17.621370,0.122549,0.118401,,,,-0.135805,0.801070,-1.732551,,,,,,
159448,,,,,,,,,0.274675,1.304868,,,16.749321,18.093878,0.128565,0.113954,,,,-0.136312,0.798405,-1.729003,,,,,,
159453,-0.136240,0.798426,-1.724425,-0.130140,0.787948,-1.791455,0.276704,0.397422,,,19.410931,20.398632,,,,,0.009421,0.007631,-0.067030,,,,,,,,,
159458,,,,,,,,,0.302142,-0.652434,,,17.360136,17.946903,0.132888,0.125049,,,,-0.136901,0.795510,-1.725361,,,,,,
159475,,,,,,,,,0.027467,0.652434,,,14.606816,15.645065,0.161383,0.149018,,,,,,,,,,,,
159478,,,,,,,,,0.576817,0.652434,,,17.735605,19.153730,0.130430,0.114181,,,,-0.137741,0.789828,-1.718054,,,,,,
159488,,,,,,,,,0.274675,0.000000,,,17.645452,18.838663,0.131684,0.117643,,,,-0.138264,0.786868,-1.718061,,,,,,
159498,,,,,,,,,0.302142,0.652434,,,17.569597,19.118109,0.132811,0.115105,,,,-0.138798,0.783991,-1.714402,,,,,,
159503,-0.138759,0.783947,-1.712506,-0.133277,0.773316,-1.772929,0.291612,0.379443,,,20.460325,21.408911,,,,,0.009750,0.006928,-0.060423,,,,,,,,,
159508,,,,,,,,,0.329610,0.000000,,,17.505774,19.353233,0.144534,0.123268,,,,-0.139307,0.780913,-1.710695,,,,,,
159518,,,,,,,,,,,,,17.996614,19.006523,0.140119,0.127215,,,,-0.139822,0.777977,-1.707060,,,,,,
159524,,,,,,,,,0.357077,1.957303,,,,,,,,,,,,,,,,,,
159528,,,,,,,,,0.219740,-1.304868,,,17.865065,19.259346,0.141953,0.125117,,,,-0.140304,0.775062,-1.707096,,,,,,
159531,,,,,,,,,,,,,,,,,,,,-0.140304,0.775062,-1.707096,,,,,,
159538,,,,,,,,,0.329610,0.000000,,,18.298922,19.472071,0.138047,0.123377,,,,-0.140834,0.771859,-1.703390,,,,,,
159548,,,,,,,,,0.302142,0.652434,,,18.119427,19.651056,0.140310,0.121939,,,,-0.141286,0.768731,-1.699658,,,,,,
159553,-0.141234,0.768750,-1.697999,-0.136301,0.757859,-1.755284,0.307066,0.361655,,,21.595619,22.449451,,,,,0.010177,0.006275,-0.057285,,,,,,,,,
159558,,,,,,,,,0.302142,-0.652434,,,18.512943,19.257113,0.148344,0.136922,,,,-0.141676,0.765456,-1.699615,,,,,,
159568,,,,,,,,,0.357077,0.652434,,,18.844048,20.014734,0.145584,0.129833,,,,-0.142105,0.762212,-1.695927,,,,,,
159578,,,,,,,,,0.302142,0.652434,,,18.578094,20.107655,0.148847,0.129372,,,,-0.142719,0.758779,-1.695869,,,,,,
159588,,,,,,,,,0.357077,-0.652434,,,19.443409,20.185837,0.140624,0.129043,,,,-0.143179,0.755649,-1.695869,,,,,,
159598,,,,,,,,,0.329610,0.000000,,,19.082397,20.251619,0.144737,0.128825,,,,-0.143609,0.752107,-1.692046,,,,,,
159603,-0.143584,0.752132,-1.692546,-0.139200,0.741554,-1.738502,0.323036,0.344196,,,22.505894,23.437563,,,,,0.009967,0.005636,-0.045956,,,,,,,,,
159609,,,,,,,,,0.357077,0.652434,,,19.867729,20.851513,0.146514,0.133224,,,,-0.144088,0.748707,-1.692110,,,,,,
159618,,,,,,,,,0.302142,0.652434,,,19.439421,20.811720,0.151410,0.134147,,,,-0.144679,0.745216,-1.691968,,,,,,
159628,,,,,,,,,0.384545,0.000000,,,20.168129,20.778238,0.144591,0.135014,,,,-0.145308,0.741724,-1.688265,,,,,,
159638,,,,,,,,,0.329610,0.000000,,,20.236721,21.294609,0.144358,0.130279,,,,-0.145758,0.738177,-1.684471,,,,,,
159648,,,,,,,,,0.357077,-0.652434,,,20.838976,21.184540,0.138669,0.131830,,,,-0.146182,0.734588,-1.684557,,,,,,
159653,-0.146166,0.734576,-1.687966,-0.141964,0.724380,-1.722558,0.339486,0.327175,,,23.395964,24.433760,,,,,0.009634,0.005365,-0.034593,,,,,,,,,
159658,,,,,,,,,0.357077,0.652434,,,20.801170,21.636471,0.148467,0.137832,,,,-0.146469,0.730849,-1.684557,,,,,,
159668,,,,,,,,,0.384545,0.000000,,,20.769361,22.016726,0.149310,0.134513,,,,-0.146946,0.727146,-1.680765,,,,,,
159678,,,,,,,,,0.329610,0.000000,,,21.287140,21.792130,0.144554,0.137287,,,,-0.147356,0.723357,-1.680581,,,,,,
159688,,,,,,,,,0.384545,0.000000,,,21.722799,22.147697,0.140532,0.134189,,,,-0.147722,0.719539,-1.684397,,,,,,
159698,,,,,,,,,0.384545,0.000000,,,22.089363,22.446873,0.137128,0.131595,,,,-0.148071,0.715807,-1.680775,,,,,,
159703,-0.148099,0.715779,-1.681378,-0.144584,0.706320,-1.707424,0.356378,0.310677,,,24.251255,25.351135,,,,,0.009014,0.004537,-0.026046,,,,,,,,,
159708,,,,,,,,,0.384545,0.000000,,,22.397789,22.698599,0.142967,0.138782,,,,-0.148579,0.711930,-1.680870,,,,,,
159718,,,,,,,,,0.357077,0.652434,,,22.112757,22.910400,0.146245,0.137152,,,,-0.149161,0.708037,-1.680692,,,,,,
159728,,,,,,,,,0.412012,0.652434,,,22.417473,23.088610,0.143565,0.135822,,,,-0.149639,0.703947,-1.680508,,,,,,
159738,,,,,,,,,0.384545,0.000000,,,22.673861,23.783098,0.141317,0.129191,,,,-0.150106,0.700156,-1.676880,,,,,,
159748,,,,,,,,,0.384545,0.000000,,,22.889585,23.822899,0.139432,0.129098,,,,-0.150686,0.696263,-1.673043,,,,,,
159753,-0.150646,0.696297,-1.673743,-0.147051,0.687357,-1.693071,0.373667,0.294768,,,25.172831,26.321020,,,,,0.008523,0.004495,-0.019328,,,,,,,,,
159759,,,,,,,,,0.412012,0.652434,,,23.071096,23.856386,0.147253,0.138955,,,,-0.151241,0.692427,-1.673141,,,,,,
159768,,,,,,,,,0.384545,0.000000,,,23.223820,24.429106,0.146115,0.133607,,,,-0.151666,0.688540,-1.669415,,,,,,
159778,,,,,,,,,0.384545,0.000000,,,23.352322,24.366449,0.145194,0.134624,,,,-0.151975,0.684560,-1.669415,,,,,,
159788,,,,,,,,,0.412012,0.652434,,,23.460443,24.313730,0.144456,0.135553,,,,-0.152385,0.680692,-1.665766,,,,,,
159798,,,,,,,,,0.412012,-0.652434,,,23.551416,24.813915,0.143870,0.130852,,,,-0.152846,0.676922,-1.662010,,,,,,
159803,-0.152861,0.676831,-1.665732,-0.149354,0.667478,-1.679464,0.391302,0.279491,,,26.386465,27.572060,,,,,0.008978,0.004378,-0.013732,,,,,,,,,
159808,,,,,,,,,0.412012,0.652434,,,23.627960,24.690228,0.155793,0.145176,,,,-0.153251,0.673230,-1.662178,,,,,,
159818,,,,,,,,,0.384545,0.000000,,,24.236908,25.130699,0.150133,0.141259,,,,-0.153694,0.669446,-1.662332,,,,,,
159828,,,,,,,,,0.412012,0.652434,,,24.204733,24.956770,0.150891,0.143522,,,,-0.154074,0.665714,-1.658647,,,,,,
159838,,,,,,,,,0.412012,-0.652434,,,24.177662,25.354969,0.151604,0.139983,,,,-0.154477,0.661837,-1.658574,,,,,,
159848,,,,,,,,,0.412012,0.652434,,,24.699427,25.145470,0.146724,0.142564,,,,-0.154956,0.657808,-1.658636,,,,,,
159853,-0.154920,0.657682,-1.656495,-0.151486,0.646672,-1.666572,0.409230,0.264877,,,27.983042,29.172922,,,,,0.010675,0.004363,-0.010077,,,,,,,,,
159858,,,,,,,,,0.384545,0.000000,,,24.593897,25.513741,0.164422,0.155621,,,,-0.155392,0.653757,-1.654811,,,,,,
159868,,,,,,,,,0.412012,-0.652434,,,24.505104,25.279060,0.166006,0.158747,,,,-0.155819,0.649914,-1.654811,,,,,,
159878,,,,,,,,,0.439480,1.304869,,,24.974937,25.626144,0.161909,0.155985,,,,-0.156297,0.645965,-1.654984,,,,,,
159888,,,,,,,,,0.384545,0.000000,,,24.825712,25.918180,0.164033,0.153716,,,,-0.156635,0.642121,-1.651264,,,,,,
159898,,,,,,,,,0.412012,0.652434,,,24.700153,26.163898,0.165945,0.151861,,,,-0.156926,0.637854,-1.647497,,,,,,
159901,-0.156881,0.637794,-1.645516,-0.153439,0.624932,-1.654359,0.427393,0.250941,,,,,,,,,,,,-0.156926,0.637854,-1.647497,,,,,,
159904,,,,,,,,,,,29.675434,30.816607,,,,,0.012569,0.004392,-0.008843,,,,,,,,,
159908,,,,,,,,,0.412012,-0.652434,,,25.139051,25.826103,0.179387,0.172673,,,,-0.157196,0.633672,-1.651340,,,,,,
159918,,,,,,,,,0.466947,0.652434,,,25.508341,26.086426,0.176528,0.171016,,,,-0.157474,0.629356,-1.651309,,,,,,
159928,,,,,,,,,0.439480,0.000000,,,25.819059,26.305460,0.174192,0.169728,,,,-0.157806,0.625125,-1.647501,,,,,,
159938,,,,,,,,,0.439480,0.000000,,,26.080500,27.034300,0.172297,0.163196,,,,-0.157908,0.620845,-1.647566,,,,,,
159948,,,,,,,,,0.439480,0.000000,,,26.300474,27.103003,0.170772,0.163252,,,,-0.158280,0.616347,-1.647537,,,,,,
159953,-0.158300,0.616308,-1.647367,-0.155204,0.602254,-1.642791,0.445728,0.237690,,,31.013203,32.451424,,,,,0.013776,0.004162,0.004576,,,,,,,,,
159958,,,,,,,,,0.466947,-0.652434,,,26.485561,27.160809,0.183204,0.180080,,,,-0.158674,0.611777,-1.647571,,,,,,
159968,,,,,,,,,0.466947,0.652434,,,27.185837,27.753990,0.176967,0.175088,,,,-0.158982,0.607078,-1.647574,,,,,,
159978,,,,,,,,,0.439480,0.000000,,,27.230505,27.708549,0.177277,0.176491,,,,-0.159303,0.602138,-1.643770,,,,,,
159988,,,,,,,,,0.494415,0.000000,,,27.268089,28.214859,0.177650,0.172275,,,,-0.159756,0.596942,-1.643740,,,,,,
159999,,,,,,,,,0.439480,0.000000,,,27.844255,28.640867,0.172522,0.168777,,,,-0.160346,0.591530,-1.643390,,,,,,
160003,-0.160315,0.591770,-1.643724,-0.156775,0.578636,-1.631836,0.464170,0.225119,,,31.820803,33.419712,,,,,0.012842,0.004487,0.011888,,,,,,,,,
160008,,,,,,,,,0.521882,0.652434,,,28.329042,28.999311,0.176449,0.175760,,,,-0.160690,0.586671,-1.643383,,,,,,
160018,,,,,,,,,0.494415,0.000000,,,28.736942,29.300905,0.172986,0.173567,,,,-0.161071,0.581815,-1.639604,,,,,,
160028,,,,,,,,,0.521882,0.652434,,,29.080149,29.554667,0.170102,0.171803,,,,-0.161414,0.577123,-1.635949,,,,,,
160038,,,,,,,,,,,,,29.368921,30.312725,0.167705,0.164844,,,,-0.161966,0.572161,-1.635874,,,,,,
160044,,,,,,,,,0.741622,0.652433,,,,,,,,,,,,,,,,,,
160048,,,,,,,,,0.274675,0.000000,,,29.611895,30.950554,0.165717,0.158959,,,,-0.162437,0.567018,-1.628265,,,,,,
160053,-0.162341,0.567946,-1.629562,-0.158146,0.554080,-1.621459,0.482649,0.213218,,,33.265598,34.710876,,,,,0.013595,0.005002,0.008103,,,,,,,,,
160058,,,,,,,,,0.521882,0.652434,,,29.271790,30.942680,0.184365,0.172703,,,,-0.162873,0.561755,-1.624452,,,,,,
160068,,,,,,,,,0.494415,0.000000,,,29.530169,31.480598,0.182528,0.167970,,,,-0.163314,0.556274,-1.620472,,,,,,
160078,,,,,,,,,0.521882,0.652434,,,30.292112,31.933203,0.175503,0.164000,,,,-0.163674,0.551032,-1.616644,,,,,,
160088,,,,,,,,,0.549350,0.000000,,,30.388668,32.314026,0.175113,0.160671,,,,-0.164078,0.545997,-1.616640,,,,,,
160098,,,,,,,,,0.521882,0.652434,,,31.014454,32.634449,0.169306,0.157882,,,,-0.164417,0.541089,-1.612974,,,,,,
160103,-0.164338,0.541155,-1.611630,-0.159311,0.528594,-1.611628,0.501092,0.201971,,,34.215137,35.365677,,,,,0.012345,0.005536,0.000002,,,,,,,,,
160108,,,,,,,,,0.521882,0.652434,,,30.996447,32.359509,0.179625,0.167780,,,,-0.164747,0.536051,-1.609208,,,,,,
160118,,,,,,,,,0.521882,-0.652434,,,31.525839,32.672718,0.174869,0.165187,,,,-0.164962,0.530810,-1.605432,,,,,,
160128,,,,,,,,,0.521882,0.652434,,,31.426725,32.391708,0.176418,0.168592,,,,-0.165143,0.525456,-1.605362,,,,,,
160138,,,,,,,,,0.494415,0.000000,,,31.343332,32.699810,0.177826,0.166044,,,,-0.165328,0.520143,-1.601578,,,,,,
160148,,,,,,,,,0.576817,0.652434,,,31.817707,32.959049,0.173562,0.163933,,,,-0.165614,0.514647,-1.601510,,,,,,
160153,-0.165570,0.514452,-1.599623,-0.160265,0.502185,-1.602313,0.519427,0.191358,,,35.363895,36.375446,,,,,0.012109,0.005657,-0.002690,,,,,,,,,
160158,,,,,,,,,0.549350,0.000000,,,32.216846,33.177170,0.181687,0.172489,,,,-0.165847,0.509365,-1.601578,,,,,,
160168,,,,,,,,,0.549350,0.000000,,,32.552681,33.360699,0.178891,0.171257,,,,-0.166071,0.503914,-1.601576,,,,,,
160178,,,,,,,,,0.521882,0.652434,,,32.290710,33.515118,0.182125,0.170285,,,,-0.166289,0.498560,-1.601576,,,,,,
160188,,,,,,,,,0.549350,-1.304868,,,33.159374,33.645046,0.173880,0.169531,,,,-0.166546,0.492851,-1.601508,,,,,,
160198,,,,,,,,,0.549350,0.000000,,,32.801182,33.754368,0.177974,0.168962,,,,-0.166760,0.487476,-1.597718,,,,,,
160205,-0.166726,0.487435,-1.597878,-0.161004,0.474868,-1.593483,0.537575,0.181357,,,36.484566,37.691032,,,,,0.012408,0.006060,0.004395,-0.166841,0.481935,-1.597783,,,,,,
160208,,,,,,,,,0.549350,0.000000,,,33.588886,33.846352,0.181883,0.181967,,,,,,,,,,,,
160218,,,,,,,,,0.549350,1.304868,,,33.162575,33.923748,0.186810,0.181947,,,,-0.166938,0.476209,-1.597722,,,,,,
160228,,,,,,,,,0.549350,0.000000,,,33.348419,34.533413,0.185579,0.176482,,,,-0.167213,0.470357,-1.597653,,,,,,
160238,,,,,,,,,0.576817,-0.652434,,,34.049332,34.501842,0.179057,0.177435,,,,-0.167524,0.464730,-1.597575,,,,,,
160248,,,,,,,,,0.631752,0.652435,,,34.094536,35.019821,0.179083,0.172790,,,,-0.167834,0.458966,-1.593620,,,,,,
160253,-0.167775,0.458704,-1.591241,-0.161524,0.446660,-1.585109,0.555458,0.171943,,,37.449291,38.683174,,,,,0.011914,0.006496,0.006132,,,,,,,,,
160258,,,,,,,,,0.521882,0.652434,,,34.132568,35.455647,0.189013,0.178998,,,,-0.168097,0.453350,-1.593704,,,,,,
160268,,,,,,,,,0.576817,-0.652434,,,34.709114,35.277809,0.183796,0.181458,,,,-0.168354,0.447607,-1.589826,,,,,,
160278,,,,,,,,,0.604285,0.000000,,,34.649677,35.672718,0.184950,0.178111,,,,-0.168640,0.441846,-1.589739,,,,,,
160288,,,,,,,,,0.576817,0.652434,,,35.144207,36.004993,0.180466,0.175324,,,,-0.168926,0.436352,-1.586089,,,,,,
160298,,,,,,,,,0.604285,0.000000,,,35.015762,36.284573,0.182237,0.173008,,,,-0.169131,0.430674,-1.582200,,,,,,
160305,-0.169067,0.430491,-1.582960,-0.161823,0.417582,-1.577165,0.572998,0.163090,,,38.816521,40.018391,,,,,0.012820,0.007401,0.005795,,,,,,,,,
160308,,,,,,,,,0.576817,0.652434,,,34.907688,36.519810,0.197772,0.184707,,,,-0.169225,0.425108,-1.578473,,,,,,
160318,,,,,,,,,0.549350,0.000000,,,35.361298,36.173195,0.193927,0.188942,,,,-0.169301,0.419237,-1.578473,,,,,,
160328,,,,,,,,,0.631752,0.652435,,,35.742966,36.970638,0.190725,0.181577,,,,-0.169400,0.413253,-1.578473,,,,,,
160338,,,,,,,,,0.576817,0.652434,,,35.519558,37.097065,0.193618,0.180897,,,,-0.169635,0.407393,-1.574520,,,,,,
160348,,,,,,,,,0.631752,-0.652435,,,35.876125,37.203442,0.190641,0.180397,,,,-0.169762,0.401412,-1.574463,,,,,,
160351,-0.169771,0.401202,-1.577913,,,,,,,,,,,,,,,,,-0.169762,0.401412,-1.574463,,,,,,
160354,,,,-0.161900,0.387659,-1.569623,0.590114,0.154772,,,40.038086,41.309967,,,,,0.013487,0.007967,0.008290,,,,,,,,,
160358,,,,,,,,,0.576817,0.652434,,,36.176144,37.292946,0.200629,0.193221,,,,-0.169903,0.395134,-1.570551,,,,,,
160365,,,,,,,,,,,,,,,,,,,,-0.169903,0.395134,-1.570551,,,,,,
160368,,,,,,,,,0.631752,-0.652435,,,36.428577,37.368256,0.198826,0.193256,,,,-0.170085,0.389049,-1.570551,,,,,,
160378,,,,,,,,,0.631752,0.652435,,,37.185520,37.431622,0.191827,0.193398,,,,-0.170107,0.383216,-1.570892,,,,,,
160388,,,,,,,,,0.604285,0.000000,,,37.277866,37.484936,0.191456,0.193630,,,,-0.170037,0.377103,-1.570892,,,,,,
160398,,,,,,,,,0.604285,0.000000,,,37.355568,38.074337,0.191215,0.188383,,,,-0.169995,0.370701,-1.567073,,,,,,
160406,-0.169992,0.370725,-1.567982,-0.161752,0.356919,-1.562460,0.606726,0.146962,,,41.238144,42.380222,,,0.203326,0.200443,0.013829,0.008201,0.005522,-0.170048,0.364317,-1.567129,,,,,,
160409,,,,,,,,,0.631752,0.652435,,,37.420944,38.025719,,,,,,,,,,,,,,
160418,,,,,,,,,0.604285,0.000000,,,37.475952,38.529354,0.203528,0.196176,,,,-0.170071,0.358080,-1.563169,,,,,,
160428,,,,,,,,,0.631752,0.652435,,,37.522236,38.408569,0.203808,0.198179,,,,-0.170096,0.351486,-1.563225,,,,,,
160438,,,,,,,,,0.659220,0.000000,,,38.105724,38.851482,0.198600,0.194455,,,,-0.170213,0.344898,-1.563361,,,,,,
160448,,,,,,,,,0.604285,0.000000,,,38.052128,39.224152,0.199773,0.191360,,,,-0.170329,0.338472,-1.563288,,,,,,
160453,-0.170293,0.338643,-1.563683,-0.161381,0.325397,-1.555652,0.622753,0.139634,,,42.052025,43.276066,,,,,0.013309,0.008817,0.008031,,,,,,,,,
160458,,,,,,,,,0.659220,0.000000,,,38.551575,39.537716,0.203617,0.197930,,,,-0.170316,0.331918,-1.559462,,,,,,
160468,,,,,,,,,0.659220,0.000000,,,38.971809,39.801548,0.200031,0.195987,,,,-0.170332,0.325460,-1.555572,,,,,,
160478,,,,,,,,,0.659220,0.000000,,,39.325394,40.023537,0.197041,0.194417,,,,-0.170247,0.318909,-1.555572,,,,,,
160488,,,,,,,,,0.631752,0.652435,,,39.078358,40.210316,0.200106,0.193163,,,,-0.170104,0.312141,-1.555652,,,,,,
160498,,,,,,,,,0.686687,0.652435,,,39.415043,40.367474,0.197266,0.192173,,,,-0.170141,0.305452,-1.555573,,,,,,
160505,-0.170092,0.305357,-1.553517,-0.160786,0.293128,-1.549177,0.638119,0.132763,,,42.837685,43.894451,,,,,0.012388,0.009093,0.004340,,,,,,,,,
160508,,,,,,,,,0.686687,-0.652435,,,39.698330,41.044250,0.202918,0.192159,,,,-0.170116,0.298960,-1.551690,,,,,,
160518,,,,,,,,,0.631752,0.652435,,,39.936687,41.069145,0.201115,0.192475,,,,-0.170056,0.292211,-1.547816,,,,,,
160528,,,,,,,,,0.714155,0.000000,,,40.681786,41.634636,0.194095,0.187272,,,,-0.170145,0.285425,-1.547743,,,,,,
160538,,,,,,,,,0.659220,0.000000,,,40.764168,41.565895,0.193686,0.188425,,,,-0.170039,0.278817,-1.547746,,,,,,
160548,,,,,,,,,0.686687,0.652435,,,40.833485,41.508057,0.193393,0.189481,,,,-0.169876,0.272103,-1.543817,,,,,,
160553,-0.169803,0.272013,-1.541895,-0.159970,0.260152,-1.543013,0.652744,0.126323,,,43.803894,44.618103,,,,,0.012141,0.009486,-0.001118,,,,,,,,,
160558,,,,,,,,,0.631752,-0.652435,,,40.891808,41.459393,0.203055,0.197836,,,,-0.169840,0.265242,-1.543814,,,,,,
160568,,,,,,,,,0.714154,1.304868,,,40.940880,41.962990,0.203136,0.193331,,,,-0.169760,0.258302,-1.543948,,,,,,
160578,,,,,,,,,0.686687,-0.652435,,,40.982170,42.386715,0.203288,0.189540,,,,-0.169644,0.251683,-1.540017,,,,,,
160588,,,,,,,,,0.631752,0.652435,,,41.016911,42.198696,0.203498,0.191904,,,,-0.169603,0.244949,-1.539955,,,,,,
160598,,,,,,,,,0.714155,0.000000,,,41.590687,42.585041,0.198203,0.188447,,,,-0.169539,0.238162,-1.536105,,,,,,
160603,-0.169473,0.238008,-1.536592,-0.158935,0.226513,-1.537141,0.666555,0.120292,,,44.580338,45.403664,,,,,0.011848,0.010139,-0.000549,,,,,,,,,
160608,,,,,,,,,0.714155,0.000000,,,41.528915,42.910110,0.207195,0.193551,,,,-0.169451,0.231682,-1.532114,,,,,,
160618,,,,,,,,,0.659220,0.000000,,,42.021484,42.639080,0.202781,0.196814,,,,-0.169301,0.224956,-1.528247,,,,,,
160628,,,,,,,,,0.686687,0.652435,,,41.891392,42.955578,0.204620,0.194139,,,,-0.169016,0.218153,-1.532060,,,,,,
160638,,,,,,,,,0.686687,0.652435,,,41.781929,42.677338,0.206274,0.197466,,,,-0.168748,0.211548,-1.528250,,,,,,
160648,,,,,,,,,0.686687,0.652435,,,41.689827,42.987770,0.207773,0.194845,,,,-0.168587,0.204763,-1.524377,,,,,,
160653,-0.168520,0.204675,-1.522667,-0.157685,0.192259,-1.531543,0.679478,0.114646,,,45.879257,46.321091,,,,,0.012923,0.010225,-0.008876,,,,,,,,,
160657,,,,,,,,,0.686687,-0.652435,,,42.156876,43.248966,0.216837,0.202022,,,,-0.168309,0.197814,-1.528226,,,,,,
160668,,,,,,,,,0.659220,0.000000,,,42.005306,42.924194,0.219127,0.205949,,,,-0.168001,0.190891,-1.524421,,,,,,
160678,,,,,,,,,0.741622,0.652433,,,42.422321,43.195473,0.215648,0.203861,,,,-0.167738,0.183745,-1.524493,,,,,,
160688,,,,,,,,,0.686687,-0.652435,,,42.773197,43.423729,0.212761,0.202158,,,,-0.167304,0.176781,-1.524497,,,,,,
160698,,,,,,,,,0.686687,-0.652435,,,43.068424,43.071239,0.210371,0.206333,,,,-0.166916,0.169630,-1.524497,,,,,,
160703,-0.166952,0.169691,-1.527080,-0.156223,0.157439,-1.526199,0.691444,0.109363,,,46.371532,47.207844,,,,,0.012709,0.010184,0.000881,,,,,,,,,
160708,,,,,,,,,0.714155,0.000000,,,42.772285,43.319199,0.218975,0.213499,,,,-0.166680,0.162370,-1.524541,,,,,,
160718,,,,,,,,,0.741622,0.652433,,,43.067657,44.072372,0.216682,0.206594,,,,-0.166416,0.155201,-1.524657,,,,,,
160728,,,,,,,,,0.686687,0.652435,,,43.316185,44.161552,0.214808,0.206312,,,,-0.166144,0.148413,-1.520718,,,,,,
160731,,,,,,,,,,,,,,,,,,,,-0.166144,0.148413,-1.520718,,,,,,
160734,,,,,,,,,,,,,,,,,,,,-0.166144,0.148413,-1.520718,,,,,,
160738,,,,,,,,,0.741622,0.652433,,,43.525295,44.236588,0.213286,0.206156,,,,-0.165968,0.141329,-1.520672,,,,,,
160748,,,,,,,,,0.714155,0.000000,,,43.701241,44.299721,0.212060,0.206106,,,,-0.165792,0.133810,-1.520771,,,,,,
160753,-0.165757,0.133828,-1.521301,-0.154555,0.122108,-1.521095,0.702386,0.104425,,,46.950169,47.744125,,,,,0.012260,0.010609,0.000206,,,,,,,,,
160758,,,,,,,,,0.714155,0.000000,,,43.849281,44.897385,0.216986,0.206061,,,,-0.165489,0.126469,-1.520668,,,,,,
160768,,,,,,,,,0.714155,0.000000,,,43.973843,44.855717,0.216336,0.207056,,,,-0.165131,0.119338,-1.516854,,,,,,
160778,,,,,,,,,0.714154,1.304868,,,43.534103,44.820656,0.221417,0.207991,,,,-0.164793,0.111652,-1.513345,,,,,,
160788,,,,,,,,,0.741622,-0.652433,,,44.253193,45.335697,0.214765,0.203322,,,,-0.164444,0.104052,-1.509461,,,,,,
160798,,,,,,,,,0.714155,0.000000,,,44.313694,45.224510,0.214687,0.204938,,,,-0.164212,0.096750,-1.505530,,,,,,
160803,-0.164190,0.096868,-1.506854,-0.152687,0.086322,-1.516213,0.712243,0.099811,,,47.506439,47.853748,,,,,0.011260,0.010806,-0.009359,,,,,,,,,
160808,,,,,,,,,0.769089,1.304867,,,44.364597,45.675503,0.220369,0.201960,,,,-0.163860,0.089347,-1.505534,,,,,,
160818,,,,,,,,,0.741622,-0.652433,,,44.407429,46.054966,0.220561,0.198525,,,,-0.163624,0.082044,-1.501690,,,,,,
160828,,,,,,,,,0.741622,0.652433,,,44.988010,45.829704,0.215259,0.201183,,,,-0.163234,0.074612,-1.498021,,,,,,
160838,,,,,,,,,0.769089,0.000000,,,44.931969,46.184711,0.216334,0.197966,,,,-0.162757,0.067605,-1.494053,,,,,,
160848,,,,,,,,,0.686687,-0.652435,,,45.429356,45.938873,0.211776,0.200808,,,,-0.162416,0.060035,-1.494134,,,,,,
160853,-0.162418,0.060248,-1.497939,-0.150624,0.050140,-1.511539,0.720957,0.095505,,,48.065220,48.199688,,,,,0.010940,0.011027,-0.013599,,,,,,,,,
160858,,,,,,,,,0.769089,1.304867,,,45.303314,46.276566,0.219176,0.201275,,,,-0.161913,0.052076,-1.494238,,,,,,
160868,,,,,,,,,0.714155,0.000000,,,45.197266,46.560699,0.220810,0.198761,,,,-0.161370,0.044513,-1.490462,,,,,,
160878,,,,,,,,,0.769089,0.000000,,,45.108036,46.255230,0.222294,0.202205,,,,-0.160813,0.036879,-1.490462,,,,,,
160888,,,,,,,,,0.714155,0.000000,,,45.577499,46.542747,0.218097,0.199661,,,,-0.160367,0.029265,-1.490462,,,,,,
160898,,,,,,,,,0.741622,0.652433,,,45.427963,46.240124,0.220120,0.203079,,,,-0.159958,0.021834,-1.490597,,,,,,
160903,-0.159894,0.021957,-1.488477,-0.148375,0.013623,-1.507060,0.728476,0.091489,,,48.186901,48.061829,,,,,0.009253,0.010794,-0.018583,,,,,,,,,
160908,,,,,,,,,0.741622,-0.652433,,,45.846687,46.530037,0.217617,0.199108,,,,-0.159285,0.014734,-1.490413,,,,,,
160917,,,,,,,,,0.769089,0.000000,,,46.199001,46.773972,0.214492,0.196926,,,,-0.158622,0.007299,-1.490478,,,,,,
160928,,,,,,,,,0.769089,0.000000,,,46.495438,46.434677,0.211866,0.200644,,,,-0.158141,-0.000483,-1.490422,,,,,,
160938,,,,,,,,,0.769089,0.000000,,,46.744858,46.693737,0.209660,0.198327,,,,-0.157425,-0.007874,-1.498029,,,,,,
160948,,,,,,,,,0.714155,0.000000,,,46.410179,46.911709,0.213362,0.196378,,,,-0.156855,-0.015072,-1.497978,,,,,,
160953,-0.156866,-0.014951,-1.497181,-0.145947,-0.023164,-1.502760,0.734751,0.087748,,,48.229836,48.671368,,,,,0.008993,0.010285,-0.005579,,,,,,,,,
160958,,,,,,,,,0.741622,-0.652433,,,46.673122,46.550568,0.211473,0.206509,,,,-0.156208,-0.022297,-1.497805,,,,,,
160968,,,,,,,,,0.796557,-0.652434,,,46.894363,46.791245,0.209528,0.204478,,,,-0.155562,-0.029593,-1.497806,,,,,,
160978,,,,,,,,,0.714155,0.000000,,,47.080517,46.449207,0.207896,0.208343,,,,-0.155048,-0.037207,-1.497883,,,,,,
160988,,,,,,,,,0.769089,1.304867,,,46.692604,46.705963,0.212083,0.206168,,,,-0.154607,-0.044898,-1.501623,,,,,,
160998,,,,,,,,,0.741622,-0.652433,,,46.910755,46.921997,0.210165,0.204358,,,,-0.154131,-0.052431,-1.501709,,,,,,
161003,-0.154176,-0.052392,-1.504065,-0.143349,-0.060158,-1.498629,0.739743,0.084269,,,48.146893,49.084518,,,,,0.008471,0.010285,0.005436,,,,,,,,,
161008,,,,,,,,,0.769089,0.000000,,,46.549767,47.103767,0.213265,0.207068,,,,-0.153752,-0.059791,-1.501621,,,,,,
161018,,,,,,,,,0.741622,0.652433,,,46.790573,47.256710,0.211128,0.205904,,,,-0.153309,-0.067239,-1.497805,,,,,,
161028,,,,,,,,,0.769089,0.000000,,,46.448643,46.840851,0.214887,0.210511,,,,-0.152940,-0.075096,-1.497839,,,,,,
161038,,,,,,,,,0.741622,0.652433,,,46.705486,47.035492,0.212607,0.208975,,,,-0.152521,-0.082518,-1.494031,,,,,,
161049,,,,,,,,,0.714155,0.000000,,,46.377052,47.199261,0.216245,0.207714,,,,-0.151960,-0.090072,-1.490284,,,,,,
161053,-0.151943,-0.089899,-1.491441,-0.140590,-0.097290,-1.494652,0.743414,0.081039,,,48.524536,49.052166,,,,,0.008267,0.010731,-0.003211,,,,,,,,,
161058,,,,,,,,,0.741622,0.652433,,,46.100708,47.337055,0.223270,0.206356,,,,-0.151428,-0.098015,-1.486563,,,,,,
161068,,,,,,,,,0.769089,0.000000,,,46.412735,47.452995,0.220572,0.205516,,,,-0.151036,-0.105709,-1.482803,,,,,,
161079,,,,,,,,,0.741622,0.652433,,,46.675274,47.550549,0.218317,0.204841,,,,-0.150437,-0.113150,-1.479015,,,,,,
161088,,,,,,,,,0.824024,0.000000,,,46.351631,47.632629,0.221988,0.204304,,,,-0.149803,-0.120808,-1.479018,,,,,,
161098,,,,,,,,,0.741622,-0.652433,,,46.623859,47.701694,0.219646,0.203883,,,,-0.149154,-0.128338,-1.475275,,,,,,
161103,-0.149180,-0.128218,-1.479369,-0.137680,-0.134492,-1.490820,0.745736,0.078045,,,48.594276,48.721867,,,,,0.007298,0.010879,-0.011452,,,,,,,,,
161108,,,,,,,,,0.741622,0.652433,,,46.852913,47.215263,0.218401,0.205746,,,,-0.148519,-0.135710,-1.471513,,,,,,
161118,,,,,,,,,0.714155,0.000000,,,46.501099,47.350521,0.222337,0.204668,,,,-0.147870,-0.143913,-1.471617,,,,,,
161128,,,,,,,,,0.824024,0.000000,,,46.749622,47.464325,0.220221,0.203781,,,,-0.147294,-0.151703,-1.471664,,,,,,
161138,,,,,,,,,0.741622,0.652433,,,46.958729,47.560081,0.218457,0.203056,,,,-0.146553,-0.159479,-1.471669,,,,,,
161148,,,,,,,,,0.769089,-1.304867,,,47.134674,47.640652,0.216990,0.202466,,,,-0.145883,-0.166906,-1.471664,,,,,,
161153,-0.145952,-0.166880,-1.477784,-0.134628,-0.171697,-1.487121,0.746685,0.075279,,,48.205002,48.416172,,,,,0.005848,0.010827,-0.009337,,,,,,,,,
161158,,,,,,,,,0.741622,0.652433,,,47.282715,47.708443,0.211801,0.198873,,,,-0.145298,-0.174457,-1.471621,,,,,,
161168,,,,,,,,,0.824024,0.000000,,,46.862732,47.765484,0.216269,0.198433,,,,-0.144459,-0.182159,-1.471580,,,,,,
161178,,,,,,,,,0.741622,0.652433,,,47.053902,47.268932,0.214588,0.203628,,,,-0.143783,-0.189650,-1.471683,,,,,,
161188,,,,,,,,,0.741622,-0.652433,,,47.759293,47.940220,0.207623,0.197010,,,,-0.143139,-0.197717,-1.471580,,,,,,
161198,,,,,,,,,0.769089,0.000000,,,47.263725,47.415958,0.212767,0.202453,,,,-0.142647,-0.205467,-1.471664,,,,,,
161203,-0.142623,-0.205442,-1.472178,-0.131446,-0.208833,-1.483544,0.746247,0.072730,,,47.845348,47.946701,,,,,0.004475,0.010789,-0.011366,,,,,,,,,
161208,,,,,,,,,0.769089,0.000000,,,47.391296,47.519386,0.207985,0.196809,,,,-0.142105,-0.213331,-1.475385,,,,,,
161218,,,,,,,,,0.714155,0.000000,,,47.498634,47.606411,0.206981,0.196007,,,,-0.141643,-0.221164,-1.475436,,,,,,
161228,,,,,,,,,0.741622,0.652433,,,47.044407,47.679634,0.211684,0.195328,,,,-0.141120,-0.228600,-1.471595,,,,,,
161238,,,,,,,,,0.796557,0.652434,,,47.206764,47.741241,0.210188,0.194753,,,,-0.140378,-0.236067,-1.471521,,,,,,
161248,,,,,,,,,0.741622,-0.652433,,,47.343369,47.793079,0.208922,0.194266,,,,-0.139710,-0.243543,-1.471530,,,,,,
161253,-0.139690,-0.243447,-1.474323,-0.128145,-0.245831,-1.480078,0.744410,0.070390,,,47.322834,47.687412,,,,,0.003485,0.011262,-0.005755,,,,,,,,,
161258,,,,,,,,,0.796557,-0.652434,,,47.458309,47.836697,0.202521,0.191207,,,,-0.138929,-0.251401,-1.467863,,,,,,
161268,,,,,,,,,0.741622,0.652433,,,47.010479,47.328854,0.207062,0.196357,,,,-0.138174,-0.258847,-1.467920,,,,,,
161278,,,,,,,,,0.741622,-0.652433,,,47.178215,47.446095,0.205413,0.195233,,,,-0.137593,-0.266692,-1.471646,,,,,,
161288,,,,,,,,,0.686687,0.652435,,,46.774807,48.089287,0.209557,0.188720,,,,-0.136999,-0.274238,-1.471582,,,,,,
161298,,,,,,,,,,,,,46.979919,46.996838,0.207574,0.199783,,,,-0.136329,-0.281837,-1.467863,,,,,,
161305,-0.136293,-0.281479,-1.465670,-0.124736,-0.282622,-1.476715,0.741174,0.068253,0.824024,0.000000,46.927139,47.035522,,,,,0.002349,0.011373,-0.011045,,,,,,,,,
161308,,,,,,,,,0.604285,0.000000,,,46.063416,46.077652,0.212955,0.202648,,,,-0.135604,-0.289272,-1.471601,,,,,,
161318,,,,,,,,,0.741622,-0.652433,,,46.381355,45.848793,0.209885,0.205173,,,,-0.134884,-0.296650,-1.471601,,,,,,
161328,,,,,,,,,0.769089,1.304867,,,46.104328,46.200771,0.212820,0.201821,,,,-0.134327,-0.304200,-1.471601,,,,,,
161338,,,,,,,,,0.769089,0.000000,,,46.415779,46.496929,0.209807,0.198967,,,,-0.133676,-0.311670,-1.471646,,,,,,
161348,,,,,,,,,0.769089,0.000000,,,46.133293,46.746113,0.212791,0.196533,,,,-0.133032,-0.319056,-1.467920,,,,,,
161353,-0.132968,-0.319112,-1.467733,-0.121230,-0.319137,-1.473444,0.736542,0.066313,,,46.202480,46.557274,,,,,0.001233,0.011673,-0.005711,,,,,,,,,
161359,,,,,,,,,0.714154,-1.304868,,,46.440151,46.411236,0.202428,0.195128,,,,-0.132376,-0.326769,-1.471652,,,,,,
161368,,,,,,,,,0.741622,0.652433,,,46.698341,46.674011,0.199747,0.192477,,,,-0.131365,-0.334425,-1.467836,,,,,,
161378,,,,,,,,,0.769089,0.000000,,,46.371040,46.350571,0.202987,0.195753,,,,-0.130612,-0.341915,-1.467890,,,,,,
161388,,,,,,,,,0.741622,0.652433,,,46.095650,46.622967,0.205762,0.193016,,,,-0.129954,-0.349311,-1.471664,,,,,,
161398,,,,,,,,,0.741622,-0.652433,,,46.408478,46.852161,0.202592,0.190665,,,,-0.129241,-0.356777,-1.471777,,,,,,
161406,-0.129277,-0.356716,-1.474174,-0.117639,-0.355306,-1.470255,0.730527,0.064565,,,45.183205,45.974091,,,0.189470,0.188245,-0.000281,0.011720,0.003919,-0.128570,-0.364438,-1.471711,,,,,,
161409,,,,,,,,,0.714155,0.000000,,,46.671692,46.500465,,,,,,,,,,,,,,
161418,,,,,,,,,0.741622,0.652433,,,46.348618,46.749088,0.192467,0.185604,,,,-0.127898,-0.371833,-1.467886,,,,,,
161428,,,,,,,,,0.714155,0.000000,,,46.076782,46.413738,0.195007,0.188869,,,,-0.127391,-0.379435,-1.464155,,,,,,
161438,,,,,,,,,0.741622,0.652433,,,45.303516,46.676117,0.202716,0.186105,,,,-0.126866,-0.386562,-1.464150,,,,,,
161448,,,,,,,,,0.714154,1.304868,,,45.197433,46.352341,0.203774,0.189267,,,,-0.126348,-0.394057,-1.467765,,,,,,
161453,-0.126222,-0.393897,-1.462831,-0.113975,-0.391064,-1.467140,0.723146,0.063007,,,44.565289,44.985069,,,,,-0.001497,0.012481,-0.004309,,,,,,,,,
161458,,,,,,,,,,,,,45.108177,46.079914,0.198379,0.181882,,,,-0.125695,-0.401465,-1.471454,,,,,,
161464,,,,,,,,,0.686687,-0.652435,,,,,,,,,,,,,,,,,,
161468,,,,,,,,,0.769089,0.000000,,,45.577618,46.395237,0.193482,0.178447,,,,-0.125021,-0.408874,-1.464064,,,,,,
161478,,,,,,,,,0.714155,0.000000,,,45.428062,46.116009,0.194805,0.181013,,,,-0.124278,-0.416526,-1.460346,,,,,,
161488,,,,,,,,,0.686687,-0.652435,,,45.302227,45.336521,0.195916,0.188738,,,,-0.123546,-0.423705,-1.456668,,,,,,
161498,,,,,,,,,0.714155,0.000000,,,45.196350,45.225204,0.196848,0.189803,,,,-0.122878,-0.430820,-1.460334,,,,,,
161505,-0.122835,-0.430701,-1.460545,-0.110251,-0.426344,-1.464089,0.714426,0.061635,,,43.594193,44.051605,,,,,-0.002946,0.012987,-0.003544,,,,,,,,,
161508,,,,,,,,,0.741622,0.652433,,,45.107265,45.676086,0.187725,0.175634,,,,-0.122085,-0.438138,-1.460411,,,,,,
161518,,,,,,,,,0.714155,0.000000,,,45.032310,45.510914,0.188187,0.176994,,,,-0.121367,-0.445420,-1.456627,,,,,,
161528,,,,,,,,,0.686687,0.652435,,,44.424698,45.371941,0.194097,0.178120,,,,-0.120898,-0.452855,-1.456674,,,,,,
161538,,,,,,,,,0.741622,-0.652433,,,44.457996,45.255009,0.193592,0.179049,,,,-0.120160,-0.460158,-1.453069,,,,,,
161548,,,,,,,,,0.659220,0.000000,,,44.486015,44.612076,0.193133,0.185366,,,,-0.119361,-0.467410,-1.452975,,,,,,
161553,-0.119346,-0.467079,-1.453611,-0.106477,-0.461082,-1.461092,0.704398,0.060450,,,42.629234,42.914433,,,,,-0.004451,0.013482,-0.007481,,,,,,,,,
161558,,,,,,,,,0.714155,0.000000,,,44.509590,44.615658,0.182872,0.173618,,,,-0.118522,-0.474390,-1.449273,,,,,,
161568,,,,,,,,,0.714155,0.000000,,,43.984882,44.618671,0.187848,0.173247,,,,-0.117761,-0.481477,-1.452975,,,,,,
161578,,,,,,,,,0.686687,0.652435,,,44.087936,44.076664,0.186525,0.178435,,,,-0.116802,-0.488413,-1.452955,,,,,,
161588,,,,,,,,,0.686687,-0.652435,,,43.630104,44.165161,0.190903,0.177299,,,,-0.115786,-0.495237,-1.452926,,,,,,
161598,,,,,,,,,0.659220,0.000000,,,43.789425,43.695080,0.189078,0.181844,,,,-0.115021,-0.502021,-1.452893,,,,,,
161603,-0.115060,-0.501836,-1.452953,-0.102666,-0.495217,-1.458141,0.693100,0.059452,,,41.693188,42.065372,,,,,-0.005116,0.013086,-0.005188,,,,,,,,,
161608,,,,,,,,,0.714154,1.304868,,,43.378937,43.844097,0.183486,0.171508,,,,-0.114297,-0.508675,-1.456583,,,,,,
161618,,,,,,,,,0.686687,-0.652435,,,43.578094,43.969479,0.181117,0.169873,,,,-0.113705,-0.515811,-1.460285,,,,,,
161628,,,,,,,,,0.686687,-0.652435,,,43.201122,43.530434,0.184585,0.173970,,,,-0.113123,-0.522582,-1.460285,,,,,,
161638,,,,,,,,,0.659220,1.304869,,,42.883938,43.161018,0.187519,0.177445,,,,-0.112624,-0.529815,-1.456705,,,,,,
161648,,,,,,,,,0.659220,-1.304869,,,43.161602,42.850193,0.184448,0.180397,,,,-0.111944,-0.536616,-1.460382,,,,,,
161653,-0.111958,-0.536452,-1.465233,-0.098830,-0.528689,-1.455225,0.680578,0.058643,,,40.233448,41.270290,,,,,-0.006336,0.013873,0.010008,,,,,,,,,
161658,,,,,,,,,0.686687,0.652435,,,42.850685,43.133209,0.172437,0.169243,,,,-0.111269,-0.543501,-1.460418,,,,,,
161668,,,,,,,,,0.686687,0.652435,,,42.589081,42.826794,0.174582,0.171996,,,,-0.110815,-0.550065,-1.460340,,,,,,
161678,,,,,,,,,0.659220,0.000000,,,41.824421,42.568977,0.181910,0.174314,,,,-0.110001,-0.556847,-1.460468,,,,,,
161688,,,,,,,,,0.659220,0.000000,,,42.270126,42.352051,0.177046,0.176267,,,,-0.109147,-0.563358,-1.460356,,,,,,
161698,,,,,,,,,0.659220,0.000000,,,42.100597,42.169529,0.178368,0.177913,,,,-0.108773,-0.569954,-1.456680,,,,,,
161703,-0.108747,-0.569893,-1.457399,-0.094980,-0.561442,-1.452334,0.666883,0.058028,,,39.342812,40.169624,,,,,-0.006839,0.014635,0.005064,,,,,,,,,
161708,,,,,,,,,0.631752,-0.652435,,,41.957954,42.015953,0.170365,0.168073,,,,-0.108158,-0.576292,-1.456652,,,,,,
161718,,,,,,,,,0.631752,0.652435,,,41.293392,41.886734,0.176620,0.169021,,,,-0.107409,-0.582685,-1.452942,,,,,,
161728,,,,,,,,,0.686687,0.652435,,,41.278774,41.778011,0.176379,0.169787,,,,-0.106752,-0.589231,-1.452917,,,,,,
161738,,,,,,,,,0.604285,0.000000,,,40.721931,41.686531,0.181672,0.170398,,,,-0.105897,-0.596009,-1.452947,,,,,,
161748,,,,,,,,,0.659220,0.000000,,,40.253403,41.065018,0.186175,0.176434,,,,-0.104982,-0.602677,-1.453017,,,,,,
161751,-0.104984,-0.602674,-1.453385,-0.091127,-0.593422,-1.449460,0.652069,0.057611,,,,,,,,,,,,-0.104982,-0.602677,-1.453017,,,,,,
161754,,,,,,,,,,,38.240997,39.011448,,,,,-0.007565,0.014846,0.003925,,,,,,,,,
161758,,,,,,,,,0.576817,0.652434,,,39.859184,41.086620,0.178775,0.164222,,,,-0.104288,-0.609531,-1.449402,,,,,,
161768,,,,,,,,,0.659220,0.000000,,,40.072029,41.104797,0.176281,0.163621,,,,-0.103599,-0.616139,-1.449550,,,,,,
161777,,,,,,,,,0.631752,0.652435,,,39.706573,40.575546,0.179642,0.168601,,,,-0.102808,-0.622662,-1.449550,,,,,,
161788,,,,,,,,,0.631752,-0.652435,,,39.943623,40.674778,0.176931,0.167276,,,,-0.102110,-0.629148,-1.445852,,,,,,
161798,,,,,,,,,0.631752,0.652435,,,39.598534,40.213726,0.180110,0.171646,,,,-0.101454,-0.635592,-1.442228,,,,,,
161803,-0.101401,-0.635457,-1.440428,-0.087283,-0.624578,-1.446591,0.636199,0.057403,,,37.062019,37.426109,,,,,-0.008952,0.015413,-0.006163,,,,,,,,,
161807,,,,,,,,,0.604285,0.000000,,,39.308174,40.370342,0.170775,0.153637,,,,-0.100603,-0.641924,-1.438344,,,,,,
161818,,,,,,,,,0.659220,0.000000,,,39.063866,40.502121,0.172818,0.151704,,,,-0.099911,-0.648057,-1.430965,,,,,,
161828,,,,,,,,,0.604285,0.000000,,,38.858307,40.068455,0.174514,0.155513,,,,-0.099195,-0.654053,-1.430882,,,,,,
161838,,,,,,,,,0.604285,0.000000,,,38.685349,39.703568,0.175919,0.158706,,,,-0.098466,-0.659987,-1.427216,,,,,,
161848,,,,,,,,,0.576817,0.652434,,,38.539822,39.396553,0.177079,0.161382,,,,-0.097751,-0.665965,-1.423457,,,,,,
161853,-0.097706,-0.665800,-1.422145,-0.083458,-0.654863,-1.443715,0.619338,0.057412,,,36.368244,36.134045,,,,,-0.008706,0.015711,-0.021570,,,,,,,,,
161858,,,,,,,,,0.659220,0.000000,,,38.961918,39.682774,0.165401,0.144889,,,,-0.096937,-0.672007,-1.427102,,,,,,
161868,,,,,,,,,0.604285,0.000000,,,38.772526,39.379055,0.166814,0.147278,,,,-0.096118,-0.678081,-1.430807,,,,,,
161878,,,,,,,,,0.549350,0.000000,,,38.068630,38.578964,0.173513,0.154790,,,,-0.095205,-0.684308,-1.430780,,,,,,
161888,,,,,,,,,0.631752,-0.652435,,,38.020916,38.450310,0.173660,0.155613,,,,-0.094432,-0.690334,-1.430815,,,,,,
161898,,,,,,,,,0.576817,0.652434,,,37.980770,37.797516,0.173739,0.161808,,,,-0.093649,-0.696100,-1.430787,,,,,,
161903,-0.093600,-0.695946,-1.427325,-0.079662,-0.684235,-1.440821,0.601557,0.057652,,,34.852119,34.936684,,,,,-0.009598,0.015469,-0.013495,,,,,,,,,
161908,,,,,,,,,0.604285,0.000000,,,37.946991,37.792801,0.158296,0.149310,,,,-0.092779,-0.702207,-1.430787,,,,,,
161918,,,,,,,,,0.576817,-0.652434,,,37.918568,37.788834,0.157967,0.148780,,,,-0.091981,-0.708050,-1.434457,,,,,,
161928,,,,,,,,,0.576817,0.652434,,,37.350109,37.785496,0.163152,0.148243,,,,-0.091211,-0.713956,-1.438147,,,,,,
161938,,,,,,,,,0.549350,0.000000,,,36.871807,37.238144,0.167531,0.153257,,,,-0.090507,-0.719850,-1.438181,,,,,,
161947,,,,,,,,,0.604285,0.000000,,,37.013908,36.777603,0.165678,0.157494,,,,-0.089649,-0.725429,-1.441864,,,,,,
161953,-0.089621,-0.725464,-1.440644,-0.075906,-0.712652,-1.437897,0.582931,0.058139,,,33.016685,33.704670,,,,,-0.010924,0.015262,0.002747,,,,,,,,,
161958,,,,,,,,,0.549350,0.000000,,,36.588928,36.934647,0.150859,0.142957,,,,-0.089007,-0.731079,-1.445495,,,,,,
161968,,,,,,,,,0.576817,-0.652434,,,36.775894,36.522240,0.148237,0.146518,,,,-0.088361,-0.736850,-1.445485,,,,,,
161977,,,,,,,,,,,,,35.844120,36.175240,0.156990,0.149494,,,,-0.087528,-0.742430,-1.441800,,,,,,
161984,,,,,,,,,0.659220,3.914604,,,,,,,,,,,,,,,,,,
161988,,,,,,,,,0.439480,-3.914605,,,35.604671,35.883274,0.158867,0.151978,,,,-0.086889,-0.747955,-1.445553,,,,,,
161998,,,,,,,,,0.576817,0.652434,,,35.403198,35.637615,0.160404,0.154048,,,,-0.086306,-0.753534,-1.445553,,,,,,
162003,-0.086238,-0.753573,-1.442404,-0.072198,-0.740080,-1.434927,0.563537,0.058893,,,31.534599,32.389122,,,,,-0.011585,0.015652,0.007477,,,,,,,,,
162008,,,,,,,,,0.549350,0.000000,,,35.233677,35.430916,0.146539,0.142351,,,,-0.085608,-0.759019,-1.445537,,,,,,
162018,,,,,,,,,0.494415,0.000000,,,35.091042,35.257000,0.147254,0.143516,,,,-0.084897,-0.764616,-1.445487,,,,,,
162028,,,,,,,,,0.521882,0.652434,,,34.426487,35.110668,0.153321,0.144435,,,,-0.084169,-0.770190,-1.441822,,,,,,
162038,,,,,,,,,0.549350,0.000000,,,34.411873,34.443001,0.152891,0.150701,,,,-0.083552,-0.775666,-1.438154,,,,,,
162047,,,,,,,,,0.494415,0.000000,,,33.855034,34.425770,0.157996,0.150466,,,,-0.082874,-0.780960,-1.434444,,,,,,
162053,-0.082890,-0.780719,-1.435112,-0.068548,-0.766487,-1.431897,0.543455,0.059940,,,30.193968,30.896622,,,,,-0.012162,0.016135,0.003215,,,,,,,,,
162058,,,,,,,,,0.549350,0.000000,,,33.386509,34.411270,0.148636,0.134983,,,,-0.082249,-0.786198,-1.430791,,,,,,
162068,,,,,,,,,0.521882,0.652434,,,33.536835,34.399071,0.146464,0.134405,,,,-0.081455,-0.791508,-1.427102,,,,,,
162078,,,,,,,,,0.521882,0.652434,,,33.118778,33.844261,0.150060,0.139363,,,,-0.080774,-0.796644,-1.419823,,,,,,
162087,,,,,,,,,0.494415,0.000000,,,32.767025,33.921989,0.153063,0.137981,,,,-0.080080,-0.801797,-1.416197,,,,,,
162098,,,,,,,,,0.521882,0.652434,,,31.926516,33.442848,0.161122,0.142263,,,,-0.079237,-0.807030,-1.416197,,,,,,
162103,-0.079214,-0.806987,-1.415047,-0.064963,-0.791845,-1.428790,0.522768,0.061310,,,29.014530,29.154661,,,,,-0.012748,0.016428,-0.013743,,,,,,,,,
162108,,,,,,,,,0.439480,0.000000,,,31.763855,33.039696,0.150404,0.128098,,,,-0.078432,-0.812384,-1.419825,,,,,,
162118,,,,,,,,,0.549350,0.000000,,,32.171535,33.245029,0.145696,0.125227,,,,-0.077766,-0.817518,-1.412616,,,,,,
162129,,,,,,,,,0.439480,0.000000,,,31.425472,32.873253,0.152674,0.128201,,,,-0.076772,-0.822600,-1.408956,,,,,,
162138,,,,,,,,,0.494415,0.000000,,,31.342278,32.015896,0.153040,0.136202,,,,-0.075972,-0.827642,-1.408966,,,,,,
162148,,,,,,,,,0.549350,0.000000,,,31.816820,31.839060,0.147735,0.137433,,,,-0.075190,-0.832462,-1.409001,,,,,,
162153,-0.075169,-0.832601,-1.409509,-0.061451,-0.816131,-1.425587,0.501561,0.063037,,,27.351679,27.430502,,,,,-0.014053,0.016185,-0.016078,,,,,,,,,
162158,,,,,,,,,0.466947,0.652434,,,31.127014,31.690269,0.137249,0.120828,,,,-0.074397,-0.837281,-1.412650,,,,,,
162168,,,,,,,,,0.494415,-1.304868,,,31.091154,31.565077,0.136860,0.121253,,,,-0.073580,-0.842112,-1.416292,,,,,,
162178,,,,,,,,,0.439480,0.000000,,,31.060982,30.915197,0.136420,0.127055,,,,-0.072668,-0.846813,-1.416264,,,,,,
162188,,,,,,,,,0.494415,0.000000,,,31.035595,30.912931,0.135937,0.126381,,,,-0.071872,-0.851498,-1.419903,,,,,,
162198,,,,,,,,,0.466947,0.652434,,,30.469690,30.366482,0.140972,0.131258,,,,-0.071177,-0.856182,-1.419995,,,,,,
162203,-0.071172,-0.856133,-1.416377,-0.058021,-0.839326,-1.422266,0.479920,0.065168,,,25.692480,26.093039,,,,,-0.014584,0.015580,-0.005889,,,,,,,,,
162208,,,,,,,,,0.439480,0.000000,,,29.993540,30.451242,0.128282,0.116164,,,,-0.070459,-0.860847,-1.423604,,,,,,
162218,,,,,,,,,0.466947,-0.652434,,,30.137449,29.978018,0.125953,0.120120,,,,-0.069731,-0.865549,-1.423604,,,,,,
162228,,,,,,,,,0.439480,0.000000,,,29.713991,29.579845,0.129384,0.123404,,,,-0.069106,-0.870013,-1.423565,,,,,,
162238,,,,,,,,,0.439480,0.000000,,,29.357695,29.244823,0.132214,0.126124,,,,-0.068400,-0.874726,-1.419985,,,,,,
162248,,,,,,,,,0.384545,0.000000,,,28.513363,28.418392,0.140093,0.133923,,,,-0.067950,-0.879150,-1.419928,,,,,,
162253,-0.067973,-0.878812,-1.419630,-0.054677,-0.861416,-1.418802,0.457932,0.067757,,,24.042675,24.651133,,,,,-0.015196,0.015764,0.000828,,,,,,,,,
162258,,,,,,,,,0.494415,0.000000,,,28.347485,28.812120,0.124393,0.114734,,,,-0.067368,-0.883474,-1.419903,,,,,,
162268,,,,,,,,,0.412012,0.652434,,,28.207916,28.598860,0.124955,0.116078,,,,-0.066756,-0.887687,-1.419951,,,,,,
162278,,,,,,,,,0.384545,0.000000,,,27.545938,27.874880,0.130874,0.122673,,,,-0.066197,-0.891986,-1.416255,,,,,,
162288,,,,,,,,,0.439480,1.304869,,,26.988951,27.810266,0.135855,0.122687,,,,-0.065563,-0.896148,-1.408961,,,,,,
162298,,,,,,,,,0.439480,0.000000,,,27.064846,27.755899,0.134492,0.122610,,,,-0.064957,-0.900336,-1.408920,,,,,,
162305,-0.064931,-0.900353,-1.409819,-0.051426,-0.882389,-1.415169,0.435681,0.070868,,,22.627085,23.075813,,,,,-0.015567,0.016209,-0.005350,,,,,,,,,
162308,,,,,,,,,0.412012,0.652434,,,26.584160,27.710155,0.124351,0.106387,,,,-0.064290,-0.904358,-1.405345,,,,,,
162318,,,,,,,,,0.384545,0.000000,,,26.179710,27.671667,0.127685,0.105853,,,,-0.063612,-0.908520,-1.401766,,,,,,
162328,,,,,,,,,0.384545,0.000000,,,25.839407,27.094740,0.130446,0.110818,,,,-0.062985,-0.912728,-1.401766,,,,,,
162338,,,,,,,,,0.357077,0.652434,,,25.008533,26.609312,0.138278,0.114966,,,,-0.062380,-0.916745,-1.398100,,,,,,
162348,,,,,,,,,0.384545,0.000000,,,24.853979,26.200874,0.139378,0.118425,,,,,,,,,,,,
162353,-0.062334,-0.916962,-1.399083,-0.048273,-0.902241,-1.411332,0.413256,0.074585,,,22.279776,22.566235,,,,,-0.012102,0.016370,-0.012249,-0.061706,-0.920849,-1.390933,,,,,,
162358,,,,,,,,,0.439480,0.000000,,,24.723938,26.401758,0.136717,0.110553,,,,-0.061080,-0.924677,-1.387318,,,,,,
162368,,,,,,,,,0.384545,0.000000,,,25.159063,26.026237,0.131790,0.113617,,,,-0.060437,-0.928428,-1.387402,,,,,,
162378,,,,,,,,,0.357077,0.652434,,,24.436092,25.710276,0.138588,0.116147,,,,-0.059815,-0.932159,-1.387294,,,,,,
162388,,,,,,,,,0.384545,0.000000,,,24.372328,25.444426,0.138807,0.118230,,,,-0.059254,-0.935886,-1.387238,,,,,,
162398,,,,,,,,,0.412012,-0.652434,,,24.318676,25.220739,0.138936,0.119936,,,,-0.058604,-0.939319,-1.380033,,,,,,
162405,-0.058643,-0.939150,-1.384369,-0.045223,-0.920968,-1.407254,0.390742,0.079007,,,20.061810,20.117220,,,,,-0.015379,0.016557,-0.022885,,,,,,,,,
162408,,,,,,,,,0.357077,0.652434,,,24.273533,25.032530,0.116365,0.096345,,,,-0.057976,-0.942902,-1.376461,,,,,,
162418,,,,,,,,,0.357077,0.652434,,,23.691006,24.874170,0.121465,0.096977,,,,-0.057389,-0.946347,-1.372833,,,,,,
162428,,,,,,,,,0.357077,0.652434,,,23.200869,24.196383,0.125738,0.102939,,,,-0.056566,-0.950048,-1.376427,,,,,,
162438,,,,,,,,,0.357077,-0.652434,,,22.788467,23.626093,0.129317,0.107941,,,,-0.055835,-0.953640,-1.376457,,,,,,
162448,,,,,,,,,0.302142,-0.652434,,,22.441473,23.146252,0.132311,0.112133,,,,-0.055117,-0.957464,-1.372859,,,,,,
162453,-0.055194,-0.957175,-1.376562,-0.042279,-0.938573,-1.402890,0.368221,0.084259,,,18.563194,18.583561,,,,,-0.015760,0.016263,-0.026328,,,,,,,,,
162458,,,,,,,,,0.357077,0.652434,,,22.694056,23.287056,0.113973,0.094448,,,,-0.054476,-0.960939,-1.376445,,,,,,
162468,,,,,,,,,0.329610,0.000000,,,22.362034,22.860985,0.116533,0.097853,,,,-0.053936,-0.964293,-1.376471,,,,,,
162478,,,,,,,,,0.329610,0.000000,,,22.082672,22.502489,0.118623,0.100654,,,,-0.053193,-0.967714,-1.376477,,,,,,
162488,,,,,,,,,0.329610,0.000000,,,21.847616,22.200851,0.120317,0.102947,,,,-0.052432,-0.970943,-1.376445,,,,,,
162498,,,,,,,,,0.329610,0.000000,,,21.649841,21.947052,0.121677,0.104812,,,,-0.051840,-0.974273,-1.372879,,,,,,
162505,-0.051854,-0.974195,-1.373188,-0.039445,-0.955062,-1.398185,0.345777,0.090498,,,16.960745,17.065079,,,,,-0.016325,0.015924,-0.024997,,,,,,,,,
162508,,,,,,,,,0.302142,0.652434,,,20.938890,21.733505,0.111967,0.090829,,,,-0.051392,-0.977341,-1.376419,,,,,,
162518,,,,,,,,,0.329610,0.000000,,,20.885239,21.553827,0.111718,0.091728,,,,-0.050877,-0.980462,-1.376403,,,,,,
162529,,,,,,,,,0.302142,-0.652434,,,20.840096,20.858103,0.111394,0.097927,,,,-0.050239,-0.983639,-1.376411,,,,,,
162538,,,,,,,,,0.302142,0.652434,,,20.257570,20.817265,0.116560,0.097585,,,,-0.049656,-0.986920,-1.369263,,,,,,
162548,,,,,,,,,0.302142,0.652434,,,19.767433,20.782904,0.120900,0.097185,,,,-0.049134,-0.990030,-1.365699,,,,,,
162553,-0.049095,-0.989940,-1.363591,-0.036724,-0.970445,-1.393074,0.323488,0.097924,,,15.520368,15.598102,,,,,-0.016533,0.016117,-0.029484,,,,,,,,,
162558,,,,,,,,,0.329610,0.000000,,,19.355032,20.209448,0.109853,0.087328,,,,-0.048657,-0.992930,-1.365683,,,,,,
162568,,,,,,,,,0.274675,0.000000,,,19.552580,20.271486,0.107071,0.085772,,,,-0.048196,-0.995864,-1.365664,,,,,,
162577,,,,,,,,,0.274675,0.000000,,,19.174253,19.779142,0.110123,0.089860,,,,-0.047586,-0.998838,-1.362149,,,,,,
162588,,,,,,,,,0.274675,0.000000,,,18.855930,19.364883,0.112640,0.093249,,,,-0.046933,-1.001939,-1.358565,,,,,,
162598,,,,,,,,,0.302142,0.652434,,,18.043550,19.016327,0.120259,0.096051,,,,-0.046305,-1.004878,-1.362120,,,,,,
162603,-0.046261,-1.004861,-1.359506,-0.034117,-0.984735,-1.387476,0.301432,0.106790,,,13.922365,14.105172,,,,,-0.017132,0.016095,-0.027970,,,,,,,,,
162608,,,,,,,,,0.247207,0.652434,,,17.904556,19.267593,0.104872,0.077576,,,,-0.045661,-1.007728,-1.362158,,,,,,
162623,,,,,,,,,0.329610,1.304868,,,19.421238,20.023552,0.088606,0.068833,,,,-0.045051,-1.010593,-1.362184,,,,,,
162628,,,,,,,,,0.192272,-1.957303,,,17.430113,17.936901,0.107815,0.088933,,,,-0.044354,-1.013398,-1.362199,,,,,,
162638,,,,,,,,,0.274675,0.000000,,,17.388411,17.814821,0.107539,0.089412,,,,-0.043900,-1.016016,-1.362213,,,,,,
162648,,,,,,,,,0.247207,-0.652434,,,17.353323,17.167561,0.107204,0.095272,,,,-0.043400,-1.018676,-1.362199,,,,,,
162653,-0.043436,-1.018534,-1.364711,-0.031626,-0.997951,-1.381295,0.279682,0.117424,,,12.258780,12.723112,,,,,-0.017731,0.015772,-0.016584,,,,,,,,,
162658,,,,,,,,,0.274675,0.000000,,,17.323799,17.167500,0.089850,0.080563,,,,-0.042821,-1.021119,-1.365725,,,,,,
162668,,,,,,,,,0.247207,0.652434,,,16.754416,17.167448,0.094645,0.079675,,,,-0.042211,-1.023599,-1.365767,,,,,,
162678,,,,,,,,,0.247207,0.652434,,,16.275335,16.622862,0.098632,0.084341,,,,-0.041730,-1.026035,-1.369323,,,,,,
162688,,,,,,,,,0.247207,-0.652434,,,16.416780,16.709190,0.096386,0.082681,,,,-0.041246,-1.028305,-1.369311,,,,,,
162698,,,,,,,,,0.247207,-0.652434,,,15.991250,16.237284,0.099895,0.086697,,,,-0.040830,-1.030464,-1.369298,,,,,,
162703,-0.040851,-1.030481,-1.371650,-0.029251,-1.010111,-1.374405,0.258308,0.130257,,,10.790593,11.556742,,,,,-0.017673,0.015400,-0.002755,,,,,,,,,
162708,,,,,,,,,0.192272,0.652434,,,15.633208,15.840221,0.087825,0.078147,,,,-0.040427,-1.032741,-1.365724,,,,,,
162718,,,,,,,,,0.219740,0.000000,,,15.331952,15.506133,0.089930,0.080698,,,,-0.040023,-1.034872,-1.365716,,,,,,
162728,,,,,,,,,0.247207,0.652434,,,15.078475,15.225031,0.091607,0.082775,,,,-0.039625,-1.037006,-1.362117,,,,,,
162738,,,,,,,,,0.164805,0.000000,,,14.320657,14.988512,0.098479,0.084454,,,,-0.039227,-1.039173,-1.362130,,,,,,
162748,,,,,,,,,0.247207,0.652434,,,14.227571,15.334048,0.098722,0.080243,,,,-0.038838,-1.041341,-1.355024,,,,,,
162753,-0.038786,-1.041443,-1.353682,-0.026994,-1.021241,-1.366649,0.237377,0.145863,,,9.654671,10.346826,,,,,-0.017188,0.015867,-0.012967,,,,,,,,,
162758,,,,,,,,,0.219740,0.000000,,,13.604707,15.080239,0.092802,0.069736,,,,-0.038392,-1.043357,-1.351463,,,,,,
162768,,,,,,,,,0.192272,0.652434,,,13.625172,14.866684,0.091803,0.070967,,,,-0.037894,-1.045443,-1.347905,,,,,,
162778,,,,,,,,,0.164805,0.000000,,,13.097847,14.142455,0.096388,0.077450,,,,-0.037465,-1.047491,-1.344365,,,,,,
162788,,,,,,,,,0.192272,0.652434,,,12.654157,13.533090,0.100225,0.082907,,,,-0.037033,-1.049332,-1.340829,,,,,,
162798,,,,,,,,,0.164805,0.000000,,,12.280835,13.564913,0.103433,0.081945,,,,-0.036593,-1.051221,-1.337386,,,,,,
162803,-0.036627,-1.051076,-1.338754,-0.024853,-1.031365,-1.357826,0.216951,0.165016,,,8.565115,9.281775,,,,,-0.016475,0.015991,-0.019072,,,,,,,,,
162808,,,,,,,,,0.219740,0.000000,,,12.511266,13.591689,0.089444,0.070165,,,,-0.036127,-1.053032,-1.337386,,,,,,
162818,,,,,,,,,0.219740,0.000000,,,12.160607,13.614218,0.092231,0.069073,,,,-0.035751,-1.054708,-1.337350,,,,,,
162835,,,,,,,,,-0.000000,0.000000,,,10.776477,11.455001,0.105630,0.090230,,,,-0.035439,-1.056357,-1.333783,,,,,,
162838,,,,,,,,,0.357077,0.652434,,,12.334585,13.450039,0.089295,0.069446,,,,-0.035005,-1.058134,-1.330275,,,,,,
162848,,,,,,,,,0.164805,0.000000,,,12.011948,12.950491,0.091832,0.073708,,,,-0.034659,-1.059887,-1.330261,,,,,,
162853,-0.034664,-1.059821,-1.330974,-0.022828,-1.040514,-1.347670,0.197087,0.188782,,,7.389487,8.275251,,,,,-0.015943,0.016084,-0.016696,,,,,,,,,
162858,,,,,,,,,0.164805,0.000000,,,11.740480,12.530171,0.081920,0.066995,,,,-0.034323,-1.061558,-1.323225,,,,,,
162868,,,,,,,,,0.164805,1.304868,,,10.967525,12.176515,0.088934,0.069751,,,,-0.033986,-1.063105,-1.323236,,,,,,
162878,,,,,,,,,0.137337,0.652434,,,10.317161,11.878947,0.094852,0.072006,,,,-0.033619,-1.064646,-1.319720,,,,,,
162888,,,,,,,,,0.137337,-0.652434,,,10.314487,11.628574,0.094294,0.073839,,,,-0.033273,-1.066045,-1.319729,,,,,,
162898,,,,,,,,,0.137337,0.652434,,,9.767694,11.417911,0.099286,0.075317,,,,-0.032884,-1.067569,-1.316229,,,,,,
162903,-0.032889,-1.067476,-1.314729,-0.020917,-1.048719,-1.335823,0.177841,0.218663,,,6.359117,7.364655,,,,,-0.015114,0.016332,-0.021094,,,,,,,,,
162908,,,,,,,,,0.164805,0.000000,,,9.852166,11.240658,0.087439,0.067209,,,,-0.032494,-1.069029,-1.309237,,,,,,
162918,,,,,,,,,0.137337,0.652434,,,9.378697,11.091517,0.091570,0.067955,,,,-0.032156,-1.070342,-1.309234,,,,,,
162927,,,,,,,,,0.109870,0.000000,,,8.980321,10.421488,0.095030,0.074044,,,,-0.031857,-1.071713,-1.305729,,,,,,
162938,,,,,,,,,0.137337,0.652434,,,8.645127,10.402268,0.097924,0.073628,,,,-0.031520,-1.073122,-1.302303,,,,,,
162948,,,,,,,,,0.164805,0.000000,,,8.907639,10.386097,0.094790,0.073186,,,,-0.031218,-1.074515,-1.298835,,,,,,
162953,-0.031182,-1.074593,-1.300169,-0.019119,-1.056014,-1.321797,0.159260,0.256822,,,5.214522,6.431978,,,,,-0.014678,0.016591,-0.021628,,,,,,,,,
162958,,,,,,,,,0.137337,0.652434,,,8.583972,10.372490,0.085906,0.063207,,,,-0.030932,-1.075772,-1.291861,,,,,,
162968,,,,,,,,,0.109870,0.000000,,,8.311639,9.816498,0.088010,0.068090,,,,-0.030648,-1.076987,-1.291843,,,,,,
162978,,,,,,,,,0.137337,0.652434,,,8.082499,9.893229,0.089728,0.066631,,,,-0.030366,-1.078137,-1.284917,,,,,,
162988,,,,,,,,,0.082402,0.652434,,,7.345156,9.413248,0.096675,0.070834,,,,-0.030060,-1.079341,-1.281447,,,,,,
162998,,,,,,,,,0.137337,0.652434,,,7.269300,9.553935,0.097023,0.068803,,,,-0.029762,-1.080588,-1.274569,,,,,,
163003,-0.029718,-1.080637,-1.273980,-0.017432,-1.062434,-1.304905,0.141391,0.306463,,,4.241085,5.653985,,,,,-0.013814,0.017073,-0.030925,,,,,,,,,
163008,,,,,,,,,0.137337,0.652434,,,7.205474,9.672309,0.087334,0.059036,,,,-0.029510,-1.081753,-1.267687,,,,,,
163018,,,,,,,,,0.082402,0.652434,,,6.607228,9.227365,0.092843,0.062770,,,,-0.029278,-1.082812,-1.264258,,,,,,
163028,,,,,,,,,0.109870,0.000000,,,6.648407,8.852990,0.091950,0.065874,,,,-0.029009,-1.083898,-1.257388,,,,,,
163038,,,,,,,,,,,,,6.138513,9.082535,0.096669,0.062893,,,,-0.028741,-1.084949,-1.247140,,,,,,
163044,,,,,,,,,0.109870,1.304868,,,,,,,,,,,,,,,,,,
163048,,,,,,,,,0.109870,0.000000,,,6.254030,8.731130,0.095112,0.065792,,,,-0.028466,-1.086051,-1.240347,,,,,,
163053,-0.028435,-1.086037,-1.243169,-0.015853,-1.068018,-1.284147,0.124275,0.372492,,,3.246961,4.955196,,,,,-0.013012,0.017711,-0.040978,,,,,,,,,
163058,,,,,,,,,0.109870,1.304868,,,5.806684,8.980001,0.089132,0.055510,,,,-0.028107,-1.087231,-1.233553,,,,,,
163068,,,,,,,,,0.082402,0.652434,,,5.430286,8.644858,0.092459,0.058124,,,,-0.027835,-1.088240,-1.230153,,,,,,
163078,,,,,,,,,0.082402,0.652434,,,5.113585,8.362869,0.095253,0.060262,,,,-0.027540,-1.089169,-1.223395,,,,,,
163088,,,,,,,,,0.109870,0.000000,,,5.391656,8.125604,0.092043,0.062001,,,,-0.027287,-1.090145,-1.219996,,,,,,
163098,,,,,,,,,0.109870,0.000000,,,5.625625,7.925968,0.089228,0.063403,,,,-0.027000,-1.091148,-1.216610,,,,,,
163103,-0.026971,-1.091156,-1.218839,-0.014379,-1.072802,-1.258022,0.107951,0.462697,,,2.002257,4.232010,,,,,-0.012888,0.018148,-0.039183,,,,,,,,,
163108,,,,,,,,,0.109870,1.304868,,,5.277944,7.757995,0.079602,0.057145,,,,-0.026718,-1.091944,-1.209884,,,,,,
163118,,,,,,,,,0.054935,0.000000,,,4.985404,7.616663,0.081931,0.057882,,,,-0.026468,-1.092808,-1.203149,,,,,,
163128,,,,,,,,,0.082402,0.652434,,,4.739262,7.497745,0.083845,0.058418,,,,-0.026153,-1.093727,-1.199783,,,,,,
163138,,,,,,,,,0.109870,0.000000,,,5.076701,7.397688,0.079856,0.058785,,,,-0.025857,-1.094510,-1.196445,,,,,,
163148,,,,,,,,,0.054935,0.000000,,,4.816079,6.768957,0.081899,0.064565,,,,-0.025585,-1.095282,-1.193116,,,,,,
163153,-0.025621,-1.095152,-1.195275,-0.013007,-1.076828,-1.224161,0.092458,0.590009,,,0.787701,3.777867,,,,,-0.012421,0.018456,-0.028886,,,,,,,,,
163158,,,,,,,,,0.082402,0.652434,,,4.596791,6.784486,0.071185,0.059267,,,,-0.025296,-1.096049,-1.193115,,,,,,
163168,,,,,,,,,0.054935,1.304868,,,3.867740,6.797552,0.077859,0.058533,,,,-0.025067,-1.096771,-1.186421,,,,,,
163178,,,,,,,,,0.027467,0.652434,,,3.254316,6.264003,0.083500,0.063371,,,,-0.024882,-1.097450,-1.183085,,,,,,
163188,,,,,,,,,0.054935,1.304868,,,2.738181,6.359618,0.088272,0.061898,,,,-0.024683,-1.098008,-1.173109,,,,,,
163198,,,,,,,,,0.082402,0.652434,,,2.848448,6.440068,0.086757,0.060561,,,,-0.024506,-1.098586,-1.163134,,,,,,
163205,-0.024468,-1.098618,-1.163094,-0.011733,-1.080136,-1.178641,0.077834,0.777048,,,-0.517551,3.541993,,,,,-0.011918,0.019019,-0.015547,,,,,,,,,
163208,,,,,,,,,0.082402,0.652434,,,2.941227,6.507759,0.072085,0.056933,,,,-0.024392,-1.099063,-1.153213,,,,,,
163218,,,,,,,,,0.054935,1.304868,,,2.474748,6.564713,0.076151,0.055758,,,,-0.024300,-1.099449,-1.140056,,,,,,
163228,,,,,,,,,0.027467,0.652434,,,2.082253,6.068092,0.079556,0.060219,,,,-0.024221,-1.099756,-1.130226,,,,,,
163238,,,,,,,,,0.054935,0.000000,,,2.296550,5.650235,0.076850,0.063976,,,,-0.024002,-1.100212,-1.123671,,,,,,
163248,,,,,,,,,0.054935,1.304868,,,1.932317,5.843194,0.080003,0.061587,,,,-0.023846,-1.100723,-1.117129,,,,,,
163253,-0.023800,-1.100755,-1.115511,-0.010554,-1.082768,-1.114523,0.064127,1.065894,,,-1.724094,3.929277,,,,,-0.010330,0.019806,0.000988,,,,,,,,,
163258,,,,,,,,,0.027467,0.652434,,,1.625851,5.461005,0.070332,0.068975,,,,-0.023695,-1.101205,-1.110605,,,,,,
163268,,,,,,,,,0.054935,1.304868,,,1.367991,5.683976,0.072292,0.066394,,,,-0.023606,-1.101512,-1.100848,,,,,,
163278,,,,,,,,,0.027467,0.652434,,,1.151027,5.327040,0.073887,0.069684,,,,-0.023537,-1.101792,-1.091120,,,,,,
163288,,,,,,,,,0.027467,0.652434,,,0.968474,5.026714,0.075174,0.072468,,,,-0.023421,-1.102095,-1.084651,,,,,,
163298,,,,,,,,,0.054935,1.304868,,,0.814874,5.318563,0.076202,0.069272,,,,-0.023229,-1.102513,-1.074959,,,,,,
163305,-0.023169,-1.102569,-1.072887,-0.009467,-1.084765,-1.018577,0.051404,1.540643,,,-3.509571,4.807615,,,,,-0.009099,0.020541,0.054310,,,,,,,,,
163308,,,,,,,,,0.027467,0.652434,,,0.685635,5.019581,0.058800,0.081002,,,,-0.023105,-1.102949,-1.065323,,,,,,
163318,,,,,,,,,0.027467,0.652434,,,0.576893,4.768018,0.059071,0.083526,,,,-0.023003,-1.103285,-1.055693,,,,,,
163328,,,,,,,,,0.054935,1.304868,,,0.485398,5.100896,0.059187,0.080138,,,,-0.022876,-1.103552,-1.049279,,,,,,
163338,,,,,,,,,0.027467,0.652434,,,0.408414,4.836437,0.059173,0.082777,,,,-0.022732,-1.103917,-1.039699,,,,,,
163348,,,,,,,,,0.054935,1.304868,,,0.343639,5.158463,0.059050,0.079487,,,,-0.022589,-1.104280,-1.030174,,,,,,
163353,-0.022522,-1.104336,-1.028283,-0.008466,-1.086169,-0.863598,0.039782,2.382500,,,-6.370353,6.606313,,,,,-0.008301,0.021417,0.164685,,,,,,,,,
163358,,,,,,,,,0.027467,0.652434,,,0.289138,4.884874,0.029655,0.100554,,,,-0.022413,-1.104663,-1.020635,,,,,,
163368,,,,,,,,,0.054935,1.304868,,,0.243281,5.199219,0.028791,0.097692,,,,-0.022136,-1.104999,-1.007981,,,,,,
163378,,,,,,,,,0.054935,1.304868,,,0.204696,5.463708,0.027862,0.095276,,,,-0.021993,-1.105411,-0.998519,,,,,,
163389,,,,,,,,,0.054935,1.304868,,,0.172231,5.686250,0.026878,0.093234,,,,-0.021791,-1.105907,-0.985951,,,,,,
163398,,,,,,,,,0.054935,1.304868,,,0.144916,5.873496,0.025848,0.091508,,,,-0.021542,-1.106337,-0.973401,,,,,,
163406,-0.021499,-1.106362,-0.972532,-0.007548,-1.087022,-0.592791,0.029507,3.999657,,,-11.451983,10.307813,0.121932,6.031045,-0.027053,0.127803,-0.008124,0.022421,0.379741,-0.021290,-1.106844,-0.960874,,,,,,
163409,,,,,,,,,0.054935,1.304868,,,,,,,,,,,,,,,,,,
163418,,,,,,,,,0.082402,1.957303,,,0.102593,6.163607,-0.029171,0.127306,,,,-0.021081,-1.107319,-0.948435,,,,,,
163428,,,,,,,,,0.054935,1.304868,,,0.086322,6.819688,-0.031316,0.121443,,,,-0.020762,-1.107888,-0.932888,,,,,,
163438,,,,,,,,,0.082402,1.957303,,,0.072631,7.371714,-0.033484,0.116510,,,,-0.020446,-1.108412,-0.914367,,,,,,
163448,,,,,,,,,0.082402,1.957303,,,0.061112,7.836189,-0.035671,0.112360,,,,-0.020057,-1.109077,-0.892854,,,,,,
163453,-0.019970,-1.109125,-0.891328,-0.006709,-1.087365,-0.127075,0.021168,7.155221,,,-20.759756,17.835661,,,,,-0.008594,0.023989,0.764253,,,,,,,,,
163458,,,,,,,,,0.082402,1.957303,,,0.051420,8.226997,-0.132814,0.185652,,,,-0.019619,-1.109871,-0.874485,,,,,,
163468,,,,,,,,,0.082402,3.262171,,,-0.501279,9.100368,-0.131339,0.178665,,,,-0.019094,-1.110623,-0.856174,,,,,,
163478,,,,,,,,,0.109870,3.914605,,,-0.966319,10.379765,-0.130647,0.167362,,,,-0.018603,-1.111396,-0.831924,,,,,,
163488,,,,,,,,,0.109870,3.914605,,,-1.357604,11.456248,-0.130615,0.157874,,,,-0.018034,-1.112227,-0.798791,,,,,,
163498,,,,,,,,,0.109870,3.914605,,,-1.686831,12.362001,-0.131137,0.149911,,,,-0.017356,-1.113221,-0.759924,,,,,,
163503,-0.017254,-1.113207,-0.754526,-0.005944,-1.087240,0.442825,0.016158,11.270280,,,-32.453087,27.820412,,,,,-0.009546,0.026666,1.197351,,,,,,,,,
163508,,,,,,,,,0.109870,5.219473,,,-2.508386,13.668646,-0.245844,0.239522,,,,-0.016557,-1.114288,-0.715343,,,,,,
163518,,,,,,,,,0.137337,5.871907,,,-3.199642,15.312599,-0.244782,0.225584,,,,-0.015867,-1.115280,-0.671148,,,,,,
163528,,,,,,,,,0.137337,7.176776,,,-4.325808,16.695822,-0.239146,0.213977,,,,-0.015064,-1.116170,-0.615777,,,,,,
163538,,,,,,,,,0.137337,7.176776,,,-5.273364,18.948751,-0.235106,0.193222,,,,-0.014258,-1.117066,-0.549379,,,,,,
163548,,,,,,,,,0.109870,9.134078,,,-7.159723,20.844366,-0.221301,0.175661,,,,-0.013458,-1.117995,-0.474935,,,,,,
163553,-0.013381,-1.117830,-0.460073,-0.005249,-1.086687,0.850811,0.016142,10.328721,,,-29.258617,26.097469,,,,,-0.006542,0.031516,1.310884,,,,,,,,,
163558,,,,,,,,,0.109870,9.134078,,,-8.202363,22.439335,-0.183141,0.143213,,,,-0.012449,-1.119026,-0.389930,,,,,,
163568,,,,,,,,,0.109870,9.134078,,,-9.624184,23.781342,-0.172850,0.130257,,,,-0.011353,-1.119963,-0.294408,,,,,,
163578,,,,,,,,,0.082402,8.481645,,,-11.365047,24.365963,-0.159020,0.124757,,,,-0.010306,-1.120754,-0.199545,,,,,,
163588,,,,,,,,,0.109870,9.134078,,,-12.285265,25.402407,-0.153213,0.114531,,,,-0.009230,-1.121311,-0.105213,,,,,,
163598,,,,,,,,,0.082402,8.481645,,,-13.059536,25.729927,-0.148710,0.111330,,,,-0.008336,-1.121777,-0.011070,,,,,,
163603,-0.008424,-1.121530,-0.013162,-0.004620,-1.085745,1.081757,0.020062,6.094123,,,-15.097817,18.121349,,,,,0.003333,0.035832,1.094919,,,,,,,,,
163609,,,,,,,,,0.109870,9.134078,,,-13.711008,26.550047,-0.000864,0.021681,,,,-0.007298,-1.122257,0.083058,,,,,,
163618,,,,,,,,,0.109870,6.524341,,,-13.170070,26.151009,-0.006659,0.024066,,,,-0.006388,-1.122609,0.169030,,,,,,
163628,,,,,,,,,0.082402,5.871908,,,-12.714925,25.270714,-0.011687,0.031439,,,,-0.005606,-1.122808,0.252516,,,,,,
163638,,,,,,,,,0.109870,3.914605,,,-11.242879,23.985491,-0.027179,0.043118,,,,-0.004795,-1.122898,0.314025,,,,,,
163648,,,,,,,,,0.082402,3.262171,,,-10.004300,22.359562,-0.040583,0.058530,,,,-0.004012,-1.122947,0.358935,,,,,,
163653,-0.004038,-1.122799,0.341396,-0.004052,-1.084452,1.216284,0.025454,3.437583,,,-5.049504,14.303470,,,,,0.012825,0.036138,0.874888,,,,,,,,,
163658,,,,,,,,,0.082402,3.262171,,,-8.962160,20.991505,0.050261,0.032694,,,,-0.003171,-1.122747,0.392753,,,,,,
163668,,,,,,,,,0.082402,1.957303,,,-7.540760,19.295879,0.036545,0.048652,,,,-0.002427,-1.122475,0.412514,,,,,,
163678,,,,,,,,,0.082402,0.652434,,,-5.800251,17.324636,0.019290,0.067760,,,,-0.001633,-1.122106,0.426674,,,,,,
163688,,,,,,,,,0.054935,1.304868,,,-4.880331,15.666033,0.010057,0.084074,,,,-0.000778,-1.121804,0.440832,,,,,,
163698,,,,,,,,,0.082402,1.957303,,,-4.106309,14.815027,0.002129,0.092481,,,,-0.000015,-1.121565,0.452196,,,,,,
163703,-0.000033,-1.121536,0.451110,-0.003541,-1.082847,1.301260,0.031030,2.092194,,,-1.123456,11.394691,,,,,0.013710,0.036349,0.850150,,,,,,,,,
163708,,,,,,,,,0.082402,1.957303,,,-3.455048,14.098991,0.035343,0.070013,,,,0.000636,-1.121335,0.463551,,,,,,
163718,,,,,,,,,0.054935,1.304868,,,-2.907077,12.951976,0.030220,0.081172,,,,0.001294,-1.121092,0.474945,,,,,,
163728,,,,,,,,,0.082402,1.957303,,,-2.446014,12.531421,0.025874,0.085150,,,,0.001728,-1.120921,0.492037,,,,,,
163738,,,,,,,,,0.054935,1.304868,,,-2.058076,11.633022,0.022181,0.094086,,,,0.002162,-1.120830,0.506352,,,,,,
163748,,,,,,,,,0.082402,1.957303,,,-1.731665,11.421653,0.019039,0.096195,,,,0.002487,-1.120698,0.523511,,,,,,
163753,0.002579,-1.120603,0.525648,-0.003084,-1.080964,1.358881,0.036310,1.376500,,,1.250709,10.234162,,,,,0.014991,0.037129,0.833234,,,,,,,,,
163758,,,,,,,,,0.054935,1.304868,,,-1.457023,10.699264,0.040575,0.091720,,,,0.003023,-1.120435,0.540709,,,,,,
163768,,,,,,,,,0.082402,1.957303,,,-1.225939,10.635988,0.038760,0.092273,,,,0.003642,-1.120176,0.557964,,,,,,
163778,,,,,,,,,,,,,-1.031505,10.038205,0.037272,0.098290,,,,0.004265,-1.119916,0.572385,,,,,,
163784,,,,,,,,,0.054935,1.304868,,,,,,,,,,,,,,,,,,
163788,,,,,,,,,0.082402,1.957303,,,-0.867908,10.079774,0.036060,0.097905,,,,0.004839,-1.119587,0.589717,,,,,,
163798,,,,,,,,,0.054935,1.304868,,,-0.730257,9.570207,0.035080,0.103133,,,,0.005376,-1.119288,0.607147,,,,,,
163803,0.005336,-1.119276,0.605783,-0.002675,-1.078839,1.400150,0.041112,0.963195,,,2.939101,9.909186,,,,,0.016439,0.037803,0.794367,,,,,,,,,
163808,,,,,,,,,0.082402,1.957303,,,-0.614439,9.686000,0.051516,0.098770,,,,0.005962,-1.119019,0.621643,,,,,,
163818,,,,,,,,,0.054935,1.304868,,,-0.516989,9.238886,0.051233,0.103375,,,,0.006618,-1.118666,0.639110,,,,,,
163828,,,,,,,,,0.082402,1.957303,,,-0.434994,9.407227,0.051088,0.101792,,,,0.007205,-1.118258,0.659557,,,,,,
163838,,,,,,,,,0.082402,1.957303,,,-0.366004,9.548869,0.051059,0.100448,,,,0.007857,-1.117997,0.674220,,,,,,
163848,,,,,,,,,0.082402,1.957303,,,-0.307956,9.668047,0.051128,0.099305,,,,0.008542,-1.117564,0.694770,,,,,,
163853,0.008547,-1.117497,0.695515,-0.002312,-1.076504,1.430962,0.045369,0.706402,,,4.298427,9.993136,,,,,0.017931,0.038430,0.735447,,,,,,,,,
163858,,,,,,,,,0.082402,1.957303,,,-0.259114,9.768323,0.065144,0.099186,,,,0.009258,-1.117049,0.715392,,,,,,
163868,,,,,,,,,0.082402,1.957303,,,-0.218018,9.852695,0.065636,0.098371,,,,0.009843,-1.116642,0.733236,,,,,,
163878,,,,,,,,,0.082402,1.957303,,,-0.183441,9.923686,0.066187,0.097675,,,,0.010583,-1.116221,0.754068,,,,,,
163888,,,,,,,,,0.082402,1.957303,,,-0.154347,9.983418,0.066786,0.097079,,,,0.011317,-1.115745,0.774864,,,,,,
163898,,,,,,,,,0.109870,2.609737,,,-0.129867,10.578219,0.067427,0.091014,,,,0.011901,-1.115149,0.795819,,,,,,
163903,0.011954,-1.115029,0.798352,-0.001990,-1.073991,1.454716,0.049063,0.537056,,,5.570298,10.347120,,,,,0.019660,0.038626,0.656364,,,,,,,,,
163908,,,,,,,,,0.082402,1.957303,,,-0.109270,10.534142,0.081076,0.094957,,,,0.012642,-1.114589,0.816881,,,,,,
163917,,,,,,,,,0.082402,1.957303,,,-0.091940,10.497056,0.082035,0.095298,,,,0.013319,-1.114041,0.838125,,,,,,
163928,,,,,,,,,0.082402,1.957303,,,-0.077358,10.465851,0.083019,0.095587,,,,0.013943,-1.113546,0.856272,,,,,,
163938,,,,,,,,,,,,,-0.065089,10.439595,0.084023,0.095831,,,,0.014635,-1.112934,0.877692,,,,,,
163944,,,,,,,,,0.082402,1.957303,,,,,,,,,,,,,,,,,,
163948,,,,,,,,,0.109870,2.609737,,,-0.054766,10.962047,0.085045,0.090483,,,,0.015291,-1.112332,0.899139,,,,,,
163953,0.015311,-1.112209,0.901631,-0.001706,-1.071329,1.473494,0.052198,0.419883,,,6.763520,10.820907,,,,,0.021507,0.038707,0.571863,,,,,,,,,
163958,,,,,,,,,0.082402,1.957303,,,-0.046080,10.857094,0.098252,0.096263,,,,0.015799,-1.111741,0.920692,,,,,,
163968,,,,,,,,,0.082402,1.957303,,,-0.038772,10.768787,0.099540,0.097157,,,,0.016357,-1.111141,0.942375,,,,,,
163978,,,,,,,,,0.082402,1.957303,,,-0.032623,10.694486,0.100837,0.097925,,,,0.016906,-1.110518,0.961100,,,,,,
163988,,,,,,,,,0.109870,2.609737,,,-0.027449,10.631968,0.102144,0.098588,,,,0.017514,-1.109918,0.983060,,,,,,
163998,,,,,,,,,0.082402,1.957303,,,-0.023095,11.123910,0.103458,0.093608,,,,0.018082,-1.109316,1.001894,,,,,,
164003,0.018050,-1.109277,1.001693,-0.001457,-1.068547,1.488634,0.054790,0.335584,,,7.993964,11.445388,,,,,0.023798,0.038381,0.486941,,,,,,,,,
164008,,,,,,,,,0.082402,1.957303,,,-0.019432,10.993286,0.117328,0.101249,,,,0.018622,-1.108686,1.024100,,,,,,
164018,,,,,,,,,0.082402,1.957303,,,-0.016350,10.883379,0.118899,0.102461,,,,0.019193,-1.108035,1.046343,,,,,,
164028,,,,,,,,,0.109870,1.304868,,,0.530786,10.790903,0.114921,0.103517,,,,0.019670,-1.107294,1.065567,,,,,,
164038,,,,,,,,,0.109870,2.609737,,,0.446603,11.257637,0.117272,0.098887,,,,0.020265,-1.106490,1.085010,,,,,,
164048,,,,,,,,,0.082402,1.957303,,,0.375772,11.105803,0.119504,0.100473,,,,0.020757,-1.105729,1.101288,,,,,,
164053,0.020702,-1.105727,1.101143,-0.001239,-1.065670,1.501035,0.056863,0.272957,,,9.075871,11.977988,,,,,0.025790,0.037694,0.399892,,,,,,,,,
164058,,,,,,,,,0.082402,1.957303,,,0.316174,10.978051,0.132671,0.107277,,,,0.021204,-1.104987,1.120753,,,,,,
164068,,,,,,,,,0.137337,1.957303,,,0.810572,11.415104,0.129380,0.103019,,,,0.021655,-1.104214,1.140370,,,,,,
164078,,,,,,,,,0.082402,1.957303,,,0.682015,11.238297,0.132344,0.104935,,,,0.022103,-1.103472,1.163570,,,,,,
164088,,,,,,,,,0.109870,2.609737,,,0.573848,11.089531,0.135126,0.106600,,,,0.022712,-1.102611,1.183460,,,,,,
164098,,,,,,,,,,,,,1.027379,11.508903,0.132201,0.102500,,,,0.023280,-1.101749,1.203547,,,,,,
164104,0.023258,-1.101665,1.200428,-0.001048,-1.062724,1.511324,0.058446,0.225167,0.109870,1.304868,10.021967,12.403811,,,,,0.027503,0.036753,0.310896,,,,,,,,,
164108,,,,,,,,,0.109870,1.304868,,,1.408979,11.317219,0.139568,0.108892,,,,0.023667,-1.100911,1.223831,,,,,,
164118,,,,,,,,,0.137337,1.957303,,,1.185515,11.700480,0.143570,0.105201,,,,0.024039,-1.099985,1.240851,,,,,,
164128,,,,,,,,,0.109870,1.304868,,,2.086579,11.478412,0.136147,0.107606,,,,0.024468,-1.098897,1.257994,,,,,,
164138,,,,,,,,,0.137337,1.957303,,,2.300190,11.291564,0.135555,0.109697,,,,0.024936,-1.097884,1.271623,,,,,,
164148,,,,,,,,,0.109870,1.304868,,,2.479923,11.678893,0.135266,0.105969,,,,0.025407,-1.096666,1.288802,,,,,,
164153,0.025379,-1.096651,1.286860,-0.000884,-1.059731,1.519949,0.059568,0.187868,,,10.558821,12.483242,,,,,0.028084,0.035554,0.233088,,,,,,,,,
164158,,,,,,,,,0.137337,1.957303,,,2.631150,11.460249,0.140708,0.109154,,,,0.025847,-1.095292,1.299208,,,,,,
164168,,,,,,,,,0.137337,0.652434,,,3.302936,11.820825,0.135441,0.105681,,,,0.026313,-1.093876,1.313147,,,,,,
164178,,,,,,,,,0.164805,1.304868,,,3.868176,12.124213,0.131127,0.102719,,,,0.026873,-1.092524,1.327098,,,,,,
164188,,,,,,,,,0.164805,1.304868,,,4.343769,12.379484,0.127614,0.100187,,,,0.027306,-1.091138,1.337802,,,,,,
164198,,,,,,,,,0.137337,0.652434,,,4.199390,12.049726,0.130330,0.103571,,,,0.027721,-1.089579,1.355424,,,,,,
164205,0.027675,-1.089616,1.352408,-0.000741,-1.056713,1.527237,0.060261,0.158189,,,10.231277,11.792020,,,,,0.025965,0.034870,0.174829,,,,,,,,,
164208,,,,,,,,,0.137337,1.957303,,,4.622453,12.316811,0.123945,0.093883,,,,0.028164,-1.087966,1.362628,,,,,,
164218,,,,,,,,,0.164805,1.304868,,,4.978417,12.541535,0.121436,0.091486,,,,0.028580,-1.086328,1.376772,,,,,,
164228,,,,,,,,,0.164805,1.304868,,,5.277926,12.730619,0.119432,0.089407,,,,0.029115,-1.084594,1.387541,,,,,,
164238,,,,,,,,,0.192272,0.652434,,,6.074476,12.889714,0.112298,0.087597,,,,0.029606,-1.083051,1.398239,,,,,,
164248,,,,,,,,,0.164805,1.304868,,,6.200150,13.023577,0.111847,0.086012,,,,0.029972,-1.081380,1.409111,,,,,,
164253,0.029908,-1.081392,1.409827,-0.000619,-1.053687,1.533438,0.060557,0.134181,,,9.449189,10.692929,,,,,0.022454,0.034572,0.123611,,,,,,,,,
164258,,,,,,,,,0.164805,1.304868,,,6.305892,13.136209,0.103598,0.073406,,,,0.030349,-1.079712,1.420036,,,,,,
164268,,,,,,,,,0.137337,0.652434,,,6.394863,12.686434,0.103319,0.077505,,,,0.030735,-1.077942,1.430951,,,,,,
164278,,,,,,,,,0.164805,1.304868,,,6.469723,12.852536,0.103166,0.075412,,,,0.031042,-1.076238,1.442032,,,,,,
164288,,,,,,,,,0.164805,0.000000,,,7.077254,12.447752,0.097565,0.079109,,,,0.031459,-1.074422,1.452935,,,,,,
164298,,,,,,,,,0.164805,1.304868,,,7.043887,12.651710,0.098380,0.076678,,,,0.031867,-1.072834,1.464102,,,,,,
164305,0.031792,-1.072866,1.465022,-0.000515,-1.050673,1.538741,0.060490,0.114482,,,8.543210,9.492855,,,,,0.018658,0.034469,0.073719,,,,,,,,,
164308,,,,,,,,,0.109870,1.304868,,,6.471269,12.278776,0.095461,0.067849,,,,0.032143,-1.071041,1.471556,,,,,,
164318,,,,,,,,,0.192272,0.652434,,,7.078554,11.964991,0.089681,0.070493,,,,0.032385,-1.069456,1.479035,,,,,,
164328,,,,,,,,,0.137337,0.652434,,,7.044981,12.245514,0.090316,0.067137,,,,0.032661,-1.067748,1.486539,,,,,,
164338,,,,,,,,,0.137337,0.652434,,,7.016733,11.937003,0.090904,0.069733,,,,0.032896,-1.066220,1.494071,,,,,,
164348,,,,,,,,,0.137337,0.652434,,,6.992964,11.677423,0.091452,0.071892,,,,0.033224,-1.064645,1.505381,,,,,,
164353,0.033155,-1.064761,1.504732,-0.000426,-1.047687,1.543294,0.060091,0.098118,,,7.556822,8.285182,,,,,0.014820,0.034635,0.038562,,,,,,,,,
164358,,,,,,,,,0.164805,1.304868,,,6.972966,12.003554,0.081904,0.055810,,,,0.033410,-1.063030,1.512952,,,,,,
164368,,,,,,,,,0.137337,0.652434,,,6.956139,11.733418,0.082193,0.057822,,,,0.033599,-1.061633,1.524380,,,,,,
164378,,,,,,,,,0.109870,0.000000,,,6.941980,10.961583,0.082457,0.065005,,,,0.033697,-1.060160,1.532046,,,,,,
164388,,,,,,,,,0.082402,1.957303,,,5.840981,10.856705,0.093811,0.065540,,,,0.033821,-1.058825,1.543587,,,,,,
164398,,,,,,,,,0.137337,0.652434,,,6.003687,10.768459,0.092494,0.065925,,,,0.033948,-1.057614,1.547464,,,,,,
164403,0.033909,-1.057639,1.546615,-0.000351,-1.044741,1.547214,0.059392,0.084379,,,6.849862,7.360966,,,,,0.012065,0.034562,0.000598,,,,,,,,,
164408,,,,,,,,,0.137337,0.652434,,,6.140588,10.694210,0.084197,0.056759,,,,0.034062,-1.056466,1.555297,,,,,,
164418,,,,,,,,,0.137337,0.652434,,,6.255776,10.631737,0.083164,0.056730,,,,0.034112,-1.055177,1.563018,,,,,,
164428,,,,,,,,,0.109870,0.000000,,,6.352696,10.034628,0.082295,0.062166,,,,0.034140,-1.053973,1.570831,,,,,,
164438,,,,,,,,,0.137337,0.652434,,,6.434244,10.076764,0.081562,0.061201,,,,0.034356,-1.052785,1.578548,,,,,,
164448,,,,,,,,,0.082402,0.652434,,,5.958315,9.567675,0.086500,0.065851,,,,0.034420,-1.051632,1.586330,,,,,,
164453,0.034379,-1.051790,1.585735,-0.000288,-1.041850,1.550596,0.058423,0.072738,,,6.431730,6.748570,,,,,0.010457,0.034515,-0.035139,,,,,,,,,
164458,,,,,,,,,0.109870,1.304868,,,5.557869,9.683869,0.086498,0.057978,,,,0.034385,-1.050509,1.590211,,,,,,
164468,,,,,,,,,0.082402,0.652434,,,5.220933,9.237093,0.090109,0.061948,,,,0.034485,-1.049410,1.594049,,,,,,
164478,,,,,,,,,0.082402,0.652434,,,4.937436,8.861176,0.093243,0.065285,,,,0.034560,-1.048430,1.597976,,,,,,
164488,,,,,,,,,0.137337,0.652434,,,5.243444,9.089421,0.090421,0.062534,,,,0.034632,-1.047419,1.605685,,,,,,
164498,,,,,,,,,0.109870,0.000000,,,5.500920,8.736924,0.088032,0.065661,,,,0.034556,-1.046448,1.613366,,,,,,
164503,0.034533,-1.046436,1.611047,-0.000235,-1.039024,1.553517,0.057215,0.062796,,,5.953904,6.138839,,,,,0.008805,0.034442,-0.057530,,,,,,,,,
164508,,,,,,,,,0.082402,0.652434,,,5.173017,8.440333,0.086689,0.062070,,,,0.034542,-1.045494,1.617171,,,,,,
164518,,,,,,,,,0.109870,1.304868,,,4.897119,8.735325,0.089659,0.058601,,,,0.034582,-1.044642,1.624835,,,,,,
164528,,,,,,,,,0.054935,1.304868,,,4.120435,7.894444,0.097793,0.066658,,,,0.034498,-1.043748,1.624863,,,,,,
164538,,,,,,,,,0.109870,0.000000,,,4.556020,8.276014,0.093717,0.062415,,,,0.034495,-1.042695,1.628660,,,,,,
164548,,,,,,,,,0.082402,-0.652434,,,4.922521,7.507980,0.090258,0.069822,,,,0.034439,-1.041796,1.632418,,,,,,
164553,0.034437,-1.041840,1.627887,-0.000191,-1.036274,1.556040,0.055796,0.054249,,,5.550403,5.643300,,,,,0.007533,0.034254,-0.071847,,,,,,,,,
164558,,,,,,,,,0.082402,0.652434,,,4.686351,7.406300,0.088757,0.065530,,,,0.034379,-1.040943,1.640003,,,,,,
164568,,,,,,,,,0.109870,0.000000,,,5.032182,7.320746,0.085403,0.066050,,,,0.034401,-1.040104,1.643811,,,,,,
164578,,,,,,,,,0.082402,0.652434,,,4.778620,7.248762,0.088093,0.066449,,,,0.034405,-1.039402,1.647603,,,,,,
164589,,,,,,,,,0.054935,1.304868,,,4.020730,7.188193,0.095977,0.066746,,,,0.034414,-1.038571,1.651354,,,,,,
164598,,,,,,,,,0.082402,0.652434,,,3.927585,7.137231,0.097233,0.066957,,,,0.034277,-1.037598,1.655117,,,,,,
164603,0.034265,-1.037609,1.655569,-0.000154,-1.033608,1.558219,0.054194,0.046860,,,5.326019,5.298085,,,,,0.006901,0.033957,-0.097350,,,,,,,,,
164608,,,,,,,,,0.137337,-0.652434,,,4.938299,7.094352,0.084960,0.063574,,,,0.034307,-1.036698,1.658814,,,,,,
164618,,,,,,,,,0.054935,1.304868,,,4.155084,7.058273,0.093026,0.063583,,,,0.034316,-1.035842,1.666309,,,,,,
164625,,,,,,,,,,,,,,,,,,,,0.034316,-1.035842,1.666309,,,,,,
164628,,,,,,,,,0.109870,0.000000,,,4.585174,7.027916,0.088874,0.063541,,,,0.034243,-1.035025,1.670102,,,,,,
164638,,,,,,,,,0.082402,0.652434,,,4.402508,7.002374,0.090885,0.063455,,,,0.034206,-1.034137,1.677554,,,,,,
164648,,,,,,,,,0.082402,0.652434,,,4.248813,6.980883,0.092637,0.063333,,,,0.034115,-1.033438,1.677553,,,,,,
164653,0.034093,-1.033444,1.678446,-0.000124,-1.031033,1.560098,0.052433,0.040444,,,5.023386,4.901161,,,,,0.006073,0.033760,-0.118348,,,,,,,,,
164658,,,,,,,,,0.027467,0.652434,,,3.574950,6.418257,0.096639,0.064687,,,,0.034041,-1.032558,1.681247,,,,,,
164668,,,,,,,,,0.082402,0.652434,,,3.552506,6.489407,0.097158,0.063658,,,,0.033931,-1.031645,1.684957,,,,,,
164678,,,,,,,,,0.109870,0.000000,,,4.078165,6.549273,0.092090,0.062730,,,,0.033861,-1.030813,1.688659,,,,,,
164688,,,,,,,,,0.082402,0.652434,,,3.975910,6.599643,0.093323,0.061886,,,,0.033916,-1.030127,1.699710,,,,,,
164691,,,,,,,,,,,,,,,,,,,,0.033916,-1.030127,1.699710,,,,,,
164698,,,,,,,,,0.054935,0.000000,,,3.889874,6.097482,0.094410,0.066669,,,,0.033901,-1.029477,1.703426,,,,,,
164701,0.033892,-1.029581,1.701329,-0.000100,-1.028556,1.561716,0.050538,0.034853,,,,,,,,,,,,0.033901,-1.029477,1.703426,,,,,,
164704,,,,,,,,,,,4.761672,4.554526,,,,,0.005441,0.033569,-0.139614,0.033901,-1.029477,1.703426,,,,,,
164708,,,,,,,,,0.082402,0.652434,,,3.817482,6.219507,0.092705,0.061649,,,,0.033901,-1.029477,1.703426,,,,,,
164712,,,,,,,,,,,,,,,,,,,,0.033901,-1.029477,1.703426,,,,,,
164716,,,,,,,,,,,,,,,,,,,,0.033901,-1.029477,1.703426,,,,,,
164719,,,,,,,,,0.082402,0.652434,,,3.756572,6.322179,0.093515,0.060269,,,,,,,,,,,,
164726,,,,,,,,,,,,,3.705323,5.864024,0.094239,0.064588,,,,0.033901,-1.029477,1.703426,,,,,,
164729,,,,,,,,,0.054935,0.000000,,,,,,,,,,0.033901,-1.029477,1.703426,,,,,,
164734,,,,,,,,,,,,,,,,,,,,0.033901,-1.029477,1.703426,,,,,,
164737,,,,,,,,,0.082402,0.652434,,,3.662201,6.023075,0.094890,0.062704,,,,0.033901,-1.029477,1.703426,,,,,,
164741,,,,,,,,,,,,,,,,,,,,0.033849,-1.028733,1.707073,,,,,,
164744,,,,,,,,,,,,,,,,,,,,0.033728,-1.027521,1.714434,,,,,,
164747,,,,,,,,,0.054935,0.000000,,,3.625919,5.612358,0.095480,0.066600,,,,0.033611,-1.026785,1.718114,,,,,,
164750,,,,,,,,,,,,,,,,,,,,0.033627,-1.026054,1.721768,,,,,,
164753,0.033619,-1.026122,1.720052,-0.000080,-1.026182,1.563105,0.048532,0.029969,,,4.523708,4.253459,,,,,0.004952,0.033334,-0.156948,,,,,,,,,
164758,,,,,,,,,0.082402,0.652434,,,3.595391,5.811323,0.093591,0.061288,,,,0.033552,-1.025371,1.725429,,,,,,
164768,,,,,,,,,0.054935,0.000000,,,3.569705,5.434190,0.094039,0.064823,,,,0.033436,-1.024766,1.725441,,,,,,
164772,,,,,,,,,,,,,,,,,,,,0.033436,-1.024766,1.725441,,,,,,
164778,,,,,,,,,0.082402,0.652434,,,3.548092,5.661413,0.094450,0.062269,,,,0.033348,-1.024029,1.732663,,,,,,
164788,,,,,,,,,0.054935,0.000000,,,3.529907,5.308055,0.094831,0.065592,,,,0.033280,-1.023329,1.736315,,,,,,
164798,,,,,,,,,0.082402,0.652434,,,3.514607,5.555284,0.095186,0.062859,,,,0.033182,-1.022757,1.739938,,,,,,
164806,0.033162,-1.022698,1.741006,-0.000064,-1.023914,1.564294,0.046437,0.025695,,,4.269031,3.937052,,,,,0.004430,0.032952,-0.176712,0.033182,-1.022757,1.739938,,,,,,
164809,,,,,,,,,0.054935,0.000000,,,3.501733,5.218758,0.092921,0.062804,,,,0.033160,-1.022159,1.743556,,,,,,
164818,,,,,,,,,0.054935,1.304868,,,2.946358,5.480149,0.098740,0.059882,,,,0.033064,-1.021470,1.747169,,,,,,
164828,,,,,,,,,0.054935,0.000000,,,3.023608,5.155540,0.098216,0.062884,,,,0.033017,-1.020809,1.750795,,,,,,
164839,,,,,,,,,0.082402,0.652434,,,3.088607,5.426957,0.097802,0.059872,,,,0.032963,-1.020096,1.754378,,,,,,
164848,,,,,,,,,0.054935,0.000000,,,3.143296,5.110784,0.097480,0.062799,,,,0.032868,-1.019501,1.761567,,,,,,
164853,0.032854,-1.019542,1.759841,-0.000051,-1.021756,1.565308,0.044272,0.021953,,,4.031907,3.652746,,,,,0.004009,0.032734,-0.194533,,,,,,,,,
164858,,,,,,,,,0.054935,0.000000,,,3.189312,4.844756,0.094818,0.062378,,,,0.032769,-1.019004,1.761584,,,,,,
164869,,,,,,,,,0.054935,0.000000,,,3.228030,4.620920,0.094591,0.064422,,,,0.032599,-1.018450,1.765170,,,,,,
164878,,,,,,,,,0.082402,-0.652434,,,3.805151,4.432585,0.088865,0.066150,,,,0.032462,-1.017780,1.765171,,,,,,
164888,,,,,,,,,0.054935,1.304868,,,3.201653,4.818663,0.095066,0.062056,,,,0.032323,-1.017143,1.765181,,,,,,
164898,,,,,,,,,0.027467,0.652434,,,2.693871,4.598965,0.100412,0.064063,,,,0.032158,-1.016528,1.765184,,,,,,
164905,0.032193,-1.016668,1.767473,-0.000041,-1.019709,1.566169,0.042054,0.018678,,,3.702938,3.312996,,,,,0.003316,0.032207,-0.201304,,,,,,,,,
164908,,,,,,,,,0.054935,0.000000,,,2.811166,4.414112,0.096128,0.062294,,,,0.031985,-1.015881,1.765188,,,,,,
164918,,,,,,,,,0.082402,-0.652434,,,3.454401,4.258576,0.089745,0.063660,,,,0.031894,-1.015202,1.768752,,,,,,
164928,,,,,,,,,0.082402,0.652434,,,3.451076,4.672252,0.089828,0.059252,,,,0.031879,-1.014624,1.772327,,,,,,
164938,,,,,,,,,0.027467,0.652434,,,2.903734,4.475776,0.095462,0.060984,,,,0.031800,-1.014145,1.775895,,,,,,
164948,,,,,,,,,0.054935,0.000000,,,2.987745,4.310460,0.094765,0.062438,,,,0.031729,-1.013677,1.775908,,,,,,
164953,0.031723,-1.013702,1.775200,-0.000032,-1.017776,1.566896,0.039802,0.015814,,,3.322838,2.926379,,,,,0.002456,0.031921,-0.208305,,,,,,,,,
164958,,,,,,,,,,,,,2.513888,4.715907,0.095864,0.054159,,,,0.031579,-1.013097,1.779474,,,,,,
164964,,,,,,,,,0.054935,1.304868,,,,,,,,,,,,,,,,,,
164968,,,,,,,,,0.054935,0.000000,,,2.659729,4.512507,0.094538,0.055876,,,,0.031489,-1.012474,1.783021,,,,,,
164978,,,,,,,,,0.082402,-0.652434,,,3.326982,4.341366,0.087865,0.057304,,,,0.031448,-1.011895,1.790105,,,,,,
164988,,,,,,,,,0.027467,0.652434,,,2.799322,4.197368,0.093246,0.058490,,,,0.031371,-1.011423,1.797191,,,,,,
164998,,,,,,,,,0.054935,1.304868,,,2.355349,4.620751,0.097879,0.053917,,,,0.031292,-1.011129,1.800754,,,,,,
165005,0.031274,-1.011121,1.804085,-0.000026,-1.015956,1.567506,0.037529,0.013314,,,3.216362,2.768370,,,,,0.002532,0.031570,-0.236579,,,,,,,,,
165008,,,,,,,,,0.027467,-0.652434,,,2.526334,3.887899,0.095243,0.059442,,,,0.031159,-1.010684,1.800755,,,,,,
165018,,,,,,,,,0.054935,0.000000,,,2.670200,3.815821,0.093913,0.059953,,,,0.031071,-1.010171,1.807777,,,,,,
165028,,,,,,,,,0.054935,0.000000,,,2.791249,3.755174,0.092788,0.060362,,,,0.030967,-1.009643,1.811316,,,,,,
165038,,,,,,,,,0.054935,0.000000,,,2.893100,3.704146,0.091834,0.060686,,,,0.030855,-1.009233,1.811317,,,,,,
165048,,,,,,,,,0.027467,0.652434,,,2.434254,3.661211,0.096579,0.060936,,,,0.030815,-1.008815,1.811317,,,,,,
165053,0.030825,-1.008897,1.813448,-0.000021,-1.014251,1.568014,0.035251,0.011138,,,2.983743,2.536224,,,,,0.002214,0.031229,-0.245434,,,,,,,,,
165058,,,,,,,,,0.082402,0.652434,,,2.592724,4.169629,0.092746,0.053204,,,,0.030777,-1.008359,1.811317,,,,,,
165068,,,,,,,,,0.027467,0.652434,,,2.181518,3.508325,0.097019,0.059623,,,,0.030696,-1.007901,1.814845,,,,,,
165078,,,,,,,,,0.054935,0.000000,,,2.380072,4.040991,0.095154,0.053995,,,,0.030588,-1.007460,1.821846,,,,,,
165088,,,,,,,,,0.027467,-0.652434,,,2.547135,3.400089,0.093571,0.060231,,,,0.030504,-1.007083,1.825347,,,,,,
165098,,,,,,,,,0.027467,0.652434,,,2.143159,3.405378,0.097779,0.060005,,,,0.030419,-1.006692,1.828855,,,,,,
165103,0.030424,-1.006766,1.830299,-0.000017,-1.012658,1.568435,0.032980,0.009252,,,2.815323,2.357054,,,,,0.002116,0.030934,-0.261865,,,,,,,,,
165108,,,,,,,,,0.082402,0.652434,,,2.347797,3.409828,0.094141,0.057958,,,,0.030346,-1.006203,1.828844,,,,,,
165118,,,,,,,,,0.027467,0.652434,,,1.975436,3.958115,0.098033,0.052155,,,,0.030263,-1.005788,1.828843,,,,,,
165129,,,,,,,,,0.027467,-0.652434,,,2.206675,3.874901,0.095842,0.052683,,,,0.030179,-1.005384,1.832336,,,,,,
165138,,,,,,,,,0.027467,0.652434,,,1.856696,3.260341,0.099534,0.058648,,,,0.030084,-1.005045,1.835841,,,,,,
165148,,,,,,,,,0.027467,0.652434,,,1.562224,3.287794,0.102729,0.058188,,,,0.030007,-1.004663,1.842791,,,,,,
165153,0.030011,-1.004728,1.844480,-0.000013,-1.011178,1.568781,0.030726,0.007624,,,2.612844,2.154500,,,,,0.001905,0.030650,-0.275699,,,,,,,,,
165158,,,,,,,,,0.054935,0.000000,,,1.858998,3.310893,0.097887,0.055700,,,,0.029954,-1.004346,1.849721,,,,,,
165168,,,,,,,,,0.027467,0.652434,,,1.564161,3.330328,0.101046,0.055270,,,,0.029910,-1.004125,1.853183,,,,,,
165178,,,,,,,,,0.054935,0.000000,,,1.860628,3.346681,0.098231,0.054868,,,,0.029833,-1.003842,1.853195,,,,,,
165188,,,,,,,,,0.027467,-0.652434,,,2.110075,2.815897,0.095837,0.060044,,,,0.029741,-1.003402,1.853183,,,,,,
165198,,,,,,,,,0.054935,0.000000,,,2.319960,2.913838,0.093797,0.058913,,,,0.029634,-1.002983,1.849720,,,,,,
165203,0.029603,-1.002908,1.849280,-0.000011,-1.009807,1.569061,0.028502,0.006227,,,2.354679,1.916988,,,,,0.001507,0.030370,-0.280219,,,,,,,,,
165208,,,,,,,,,0.054935,0.000000,,,2.496557,2.996246,0.089421,0.055498,,,,0.029527,-1.002553,1.849720,,,,,,
165218,,,,,,,,,0.027467,-0.652434,,,2.645146,2.521041,0.087877,0.060129,,,,0.029346,-1.002121,1.846266,,,,,,
165227,,,,,,,,,0.054935,0.000000,,,2.770169,2.665747,0.086544,0.058532,,,,0.029212,-1.001742,1.846266,,,,,,
165238,,,,,,,,,-0.000000,0.000000,,,2.330820,2.242959,0.090942,0.062695,,,,0.029123,-1.001355,1.842801,,,,,,
165248,,,,,,,,,0.054935,0.000000,,,2.505694,2.431769,0.089163,0.060704,,,,0.029032,-1.000868,1.842779,,,,,,
165253,0.029017,-1.000818,1.843325,-0.000009,-1.008545,1.569287,0.026315,0.005035,,,1.886706,1.488443,,,,,0.000371,0.030034,-0.274038,,,,,,,,,
165258,,,,,,,,,0.027467,0.652434,,,2.108291,2.590633,0.088413,0.054609,,,,0.028932,-1.000514,1.842792,,,,,,
165268,,,,,,,,,0.027467,0.652434,,,1.773916,2.724302,0.091779,0.053025,,,,0.028886,-1.000223,1.846252,,,,,,
165279,,,,,,,,,0.054935,0.000000,,,2.037116,2.836770,0.089117,0.051631,,,,0.028870,-1.000019,1.849734,,,,,,
165288,,,,,,,,,-0.000000,0.000000,,,1.714029,2.386858,0.092383,0.055950,,,,0.028791,-0.999778,1.853198,,,,,,
165298,,,,,,,,,0.027467,0.652434,,,1.442184,2.552845,0.095190,0.054077,,,,0.028719,-0.999604,1.856670,,,,,,
165303,0.028711,-0.999595,1.858288,-0.000007,-1.007389,1.569467,0.024175,0.004027,,,1.832064,1.441140,,,,,0.000669,0.029749,-0.288821,,,,,,,,,
165308,,,,,,,,,0.054935,0.000000,,,1.757996,2.692507,0.091500,0.051958,,,,0.028672,-0.999312,1.860116,,,,,,
165318,,,,,,,,,-0.000000,0.000000,,,1.479178,2.265475,0.094359,0.056063,,,,0.028599,-0.999083,1.860119,,,,,,
165329,,,,,,,,,0.027467,-0.652434,,,1.789123,1.906170,0.091268,0.059563,,,,0.028509,-0.998800,1.856670,,,,,,
165338,,,,,,,,,0.027467,0.652434,,,1.505368,2.148395,0.094171,0.056999,,,,0.028434,-0.998517,1.856665,,,,,,
165347,,,,,,,,,0.027467,-0.652434,,,1.811160,1.807659,0.091117,0.060333,,,,0.028406,-0.998185,1.856654,,,,,,
165353,0.028400,-0.998193,1.854053,-0.000006,-1.006335,1.569608,0.022090,0.003181,,,1.536353,1.182236,,,,,0.000121,0.029550,-0.284446,,,,,,,,,
165358,,,,,,,,,0.027467,0.652434,,,1.523910,2.065507,0.091035,0.054989,,,,0.028336,-0.997971,1.860110,,,,,,
165368,,,,,,,,,-0.000000,0.000000,,,1.282217,1.737917,0.093503,0.058154,,,,0.028284,-0.997766,1.860110,,,,,,
165378,,,,,,,,,0.027467,0.652434,,,1.078857,2.006827,0.095628,0.055300,,,,0.028257,-0.997626,1.863560,,,,,,
165388,,,,,,,,,0.027467,0.652434,,,0.907750,2.233087,0.097465,0.052827,,,,0.028237,-0.997507,1.867012,,,,,,
165398,,,,,,,,,-0.000000,0.000000,,,0.763781,1.878919,0.099059,0.056230,,,,0.028189,-0.997367,1.870446,,,,,,
165403,0.028207,-0.997436,1.869071,-0.000005,-1.005381,1.569717,0.020066,0.002478,,,1.565285,1.223199,,,,,0.000697,0.029301,-0.299354,,,,,,,,,
165408,,,,,,,,,0.027467,0.652434,,,0.642645,2.125465,0.100744,0.053993,,,,0.028179,-0.997204,1.877323,,,,,,
165418,,,,,,,,,-0.000000,0.000000,,,0.540722,1.788366,0.101969,0.057251,,,,0.028116,-0.996994,1.880744,,,,,,
165428,,,,,,,,,0.027467,0.652434,,,0.454963,2.049274,0.103048,0.054477,,,,0.028078,-0.996863,1.884175,,,,,,
165438,,,,,,,,,-0.000000,0.000000,,,0.382806,1.724259,0.104006,0.057627,,,,0.028064,-0.996733,1.887588,,,,,,
165448,,,,,,,,,0.027467,0.652434,,,0.322093,1.995335,0.104862,0.054762,,,,0.028049,-0.996656,1.887588,,,,,,
165453,0.028026,-0.996612,1.888772,-0.000004,-1.004523,1.569800,0.018110,0.001901,,,1.591995,1.260003,,,,,0.001249,0.029099,-0.318971,,,,,,,,,
165458,,,,,,,,,-0.000000,0.000000,,,0.271009,1.678874,0.105904,0.058211,,,,0.028026,-0.996519,1.891003,,,,,,
165468,,,,,,,,,-0.000000,0.000000,,,0.228027,1.412605,0.106607,0.060843,,,,0.028025,-0.996436,1.894402,,,,,,
165478,,,,,,,,,0.027467,0.652434,,,0.191862,1.733109,0.107248,0.057543,,,,0.028021,-0.996357,1.894402,,,,,,
165488,,,,,,,,,-0.000000,0.000000,,,0.161432,1.458237,0.107839,0.060252,,,,0.027998,-0.996292,1.897808,,,,,,
165498,,,,,,,,,-0.000000,0.000000,,,0.135829,1.226961,0.108386,0.062572,,,,0.027994,-0.996233,1.897808,,,,,,
165503,0.027997,-0.996265,1.897050,-0.000003,-1.003757,1.569862,0.016227,0.001434,,,1.641765,1.334800,,,,,0.001877,0.028924,-0.327188,,,,,,,,,
165508,,,,,,,,,0.027467,0.652434,,,0.114287,1.576908,0.109405,0.059772,,,,0.027990,-0.996175,1.901211,,,,,,
165518,,,,,,,,,-0.000000,0.000000,,,0.096161,1.326810,0.109895,0.062274,,,,0.027990,-0.996130,1.901225,,,,,,
165528,,,,,,,,,0.027467,0.652434,,,0.080910,1.660921,0.110360,0.058868,,,,0.027981,-0.996060,1.904611,,,,,,
165538,,,,,,,,,-0.000000,0.000000,,,0.068077,1.397499,0.110803,0.061490,,,,0.027947,-0.995914,1.911396,,,,,,
165548,,,,,,,,,0.027467,0.652434,,,0.057280,1.720399,0.111228,0.058183,,,,0.027906,-0.995694,1.914783,,,,,,
165553,0.027875,-0.995633,1.916032,-0.000003,-1.003079,1.569907,0.014424,0.001060,,,1.676122,1.385776,,,,,0.002428,0.028753,-0.346125,,,,,,,,,
165558,,,,,,,,,-0.000000,0.000000,,,0.048196,1.447543,0.111988,0.061409,,,,0.027867,-0.995517,1.914783,,,,,,
165568,,,,,,,,,0.027467,0.652434,,,0.040552,1.762506,0.112391,0.058184,,,,0.027828,-0.995364,1.918165,,,,,,
165578,,,,,,,,,-0.000000,0.000000,,,0.034120,1.482972,0.112784,0.060960,,,,0.027788,-0.995245,1.921544,,,,,,
165588,,,,,,,,,0.054935,0.000000,,,0.573252,1.792316,0.107613,0.057786,,,,0.027782,-0.995157,1.921558,,,,,,
165598,,,,,,,,,-0.000000,0.000000,,,0.482334,1.508054,0.108761,0.060604,,,,0.027728,-0.994991,1.921558,,,,,,
165603,0.027740,-0.995045,1.921095,-0.000002,-1.002485,1.569939,0.012706,0.000766,,,1.588027,1.327531,,,,,0.002532,0.028611,-0.351156,,,,,,,,,
165608,,,,,,,,,0.054935,0.000000,,,0.950379,1.268877,0.103327,0.062425,,,,0.027642,-0.994688,1.921558,,,,,,
165618,,,,,,,,,0.027467,-0.652434,,,1.344192,1.612176,0.099438,0.058935,,,,0.027534,-0.994406,1.921561,,,,,,
165627,,,,,,,,,0.027467,-0.652434,,,1.675546,1.356485,0.096107,0.061486,,,,0.027369,-0.994046,1.918188,,,,,,
165638,,,,,,,,,0.027467,0.652434,,,1.409804,1.685889,0.098800,0.058120,,,,0.027252,-0.993666,1.911409,,,,,,
165648,,,,,,,,,0.027467,-0.652434,,,1.730752,1.418507,0.095562,0.060776,,,,0.027154,-0.993333,1.911409,,,,,,
165653,0.027165,-0.993368,1.909484,-0.000002,-1.001970,1.569962,0.011076,0.000540,,,1.019482,0.799342,,,,,0.000913,0.028482,-0.339522,,,,,,,,,
165658,,,,,,,,,0.054935,0.000000,,,2.000798,1.738075,0.086980,0.052111,,,,0.027010,-0.993067,1.908020,,,,,,
165668,,,,,,,,,0.027467,-0.652434,,,2.228014,1.462416,0.084466,0.054735,,,,0.026845,-0.992758,1.908036,,,,,,
165679,,,,,,,,,-0.000000,0.000000,,,1.874651,1.230476,0.087829,0.056968,,,,0.026600,-0.992225,1.904611,,,,,,
165688,,,,,,,,,0.027467,0.652434,,,1.577331,1.579866,0.090690,0.053318,,,,0.026408,-0.991733,1.901212,,,,,,
165698,,,,,,,,,0.054935,0.000000,,,1.871709,1.873842,0.087576,0.050163,,,,0.026240,-0.991309,1.897789,,,,,,
165703,0.026241,-0.991264,1.898771,-0.000001,-1.001529,1.569977,0.009540,0.000369,,,0.300764,0.116653,,,,,-0.001264,0.028150,-0.328794,,,,,,,,,
165708,,,,,,,,,-0.000000,0.000000,,,1.574856,1.576651,0.083102,0.046016,,,,0.026103,-0.991047,1.897789,,,,,,
165718,,,,,,,,,0.054935,-1.304868,,,2.414170,1.326594,0.074287,0.048275,,,,0.026014,-0.990824,1.897808,,,,,,
165728,,,,,,,,,0.054935,0.000000,,,2.575825,1.660739,0.072215,0.044624,,,,0.025975,-0.990654,1.897808,,,,,,
165738,,,,,,,,,0.027467,-0.652434,,,2.711842,1.397346,0.070373,0.047002,,,,0.025911,-0.990528,1.897808,,,,,,
165748,,,,,,,,,-0.000000,0.000000,,,2.281744,1.175726,0.074277,0.049007,,,,0.025788,-0.990308,1.894415,,,,,,
165753,0.025826,-0.990388,1.894780,-0.000001,-1.001158,1.569987,0.008103,0.000244,,,-0.001623,-0.156489,,,,,-0.001988,0.027912,-0.324793,,,,,,,,,
165758,,,,,,,,,-0.000000,0.000000,,,1.919859,0.989256,0.074488,0.047911,,,,0.025727,-0.990043,1.890990,,,,,,
165768,,,,,,,,,-0.000000,0.000000,,,1.615369,0.832360,0.077210,0.049282,,,,0.025647,-0.989831,1.887575,,,,,,
165778,,,,,,,,,-0.000000,0.000000,,,1.359171,0.700348,0.079499,0.050431,,,,0.025592,-0.989686,1.887575,,,,,,
165788,,,,,,,,,-0.000000,0.000000,,,1.143607,0.589272,0.081426,0.051392,,,,0.025555,-0.989603,1.887557,,,,,,
165798,,,,,,,,,-0.000000,0.000000,,,0.962231,0.495814,0.083047,0.052196,,,,0.025533,-0.989557,1.884155,,,,,,
165805,0.025558,-0.989627,1.885047,-0.000001,-1.000851,1.569993,0.006768,0.000154,,,-0.315181,-0.440872,,,,,-0.002774,0.027776,-0.315054,,,,,,,,,
165808,,,,,,,,,-0.000000,0.000000,,,0.809621,0.417178,0.081213,0.049967,,,,0.025552,-0.989620,1.887575,,,,,,
165818,,,,,,,,,-0.000000,0.000000,,,0.681215,0.351013,0.082297,0.050471,,,,0.025607,-0.989767,1.884155,,,,,,
165828,,,,,,,,,-0.000000,0.000000,,,0.573174,0.295342,0.083200,0.050880,,,,0.025652,-0.989898,1.884170,,,,,,
165838,,,,,,,,,-0.000000,0.000000,,,0.482268,0.248501,0.083950,0.051211,,,,0.025666,-0.989924,1.884168,,,,,,
165848,,,,,,,,,-0.000000,0.000000,,,0.405781,0.209089,0.084570,0.051475,,,,0.025659,-0.989891,1.884168,,,,,,
165853,0.025650,-0.989869,1.884242,-0.000000,-1.000602,1.569996,0.005540,0.000093,,,-0.266569,-0.369371,,,,,-0.002301,0.027710,-0.314246,,,,,,,,,
165858,,,,,,,,,-0.000000,0.000000,,,0.341424,0.175927,0.085578,0.052412,,,,0.025634,-0.989849,1.884155,,,,,,
165868,,,,,,,,,-0.000000,0.000000,,,0.287274,0.148025,0.086009,0.052588,,,,0.025632,-0.989822,1.884155,,,,,,
165878,,,,,,,,,-0.000000,0.000000,,,0.241712,0.124548,0.086363,0.052724,,,,0.025627,-0.989841,1.884155,,,,,,
165888,,,,,,,,,-0.000000,0.000000,,,0.203377,0.104795,0.086653,0.052826,,,,0.025640,-0.989856,1.884155,,,,,,
165898,,,,,,,,,-0.000000,0.000000,,,0.171121,0.088174,0.086888,0.052901,,,,0.025649,-0.989868,1.884155,,,,,,
165905,0.025649,-0.989868,1.884162,-0.000000,-1.000407,1.569998,0.004424,0.000053,,,-0.291911,-0.374103,,,,,-0.002119,0.027649,-0.314164,,,,,,,,,
165908,,,,,,,,,-0.000000,0.000000,,,0.143981,0.074190,0.086818,0.052904,,,,0.025633,-0.989856,1.884155,,,,,,
165918,,,,,,,,,-0.000000,0.000000,,,0.121146,0.062423,0.086964,0.052934,,,,0.025627,-0.989851,1.884155,,,,,,
165927,,,,,,,,,-0.000000,0.000000,,,0.101932,0.052523,0.087077,0.052948,,,,0.025631,-0.989855,1.884155,,,,,,
165938,,,,,,,,,-0.000000,0.000000,,,0.085766,0.044193,0.087164,0.052948,,,,0.025636,-0.989858,1.884155,,,,,,
165948,,,,,,,,,-0.000000,0.000000,,,0.072163,0.037184,0.087227,0.052936,,,,0.025630,-0.989856,1.884155,,,,,,
165953,0.025632,-0.989857,1.884156,-0.000000,-1.000258,1.569999,0.003422,0.000027,,,-0.325316,-0.388971,,,,,-0.001993,0.027590,-0.314157,,,,,,,,,
165958,,,,,,,,,-0.000000,0.000000,,,0.060718,0.031287,0.086930,0.052762,,,,0.025628,-0.989848,1.884155,,,,,,
165968,,,,,,,,,-0.000000,0.000000,,,0.051088,0.026324,0.086951,0.052728,,,,0.025626,-0.989854,1.884155,,,,,,
165978,,,,,,,,,-0.000000,0.000000,,,0.042986,0.022149,0.086958,0.052688,,,,0.025636,-0.989856,1.884155,,,,,,
165988,,,,,,,,,-0.000000,0.000000,,,0.036168,0.018637,0.086954,0.052642,,,,0.025643,-0.989856,1.884155,,,,,,
165998,,,,,,,,,-0.000000,0.000000,,,0.030432,0.015681,0.086940,0.052590,,,,0.025635,-0.989849,1.884155,,,,,,
166003,0.025634,-0.989850,1.884155,-0.000000,-1.000150,1.570000,0.002540,0.000013,,,-0.358760,-0.406047,,,,,-0.001896,0.027561,-0.314155,,,,,,,,,
166008,,,,,,,,,-0.000000,0.000000,,,0.025605,0.013194,0.086577,0.052360,,,,0.025636,-0.989851,1.884155,,,,,,
166018,,,,,,,,,,,,,0.021544,0.011101,0.086542,0.052298,,,,0.025627,-0.989849,1.884155,,,,,,
166024,,,,,,,,,-0.000000,0.000000,,,,,,,,,,,,,,,,,,
166027,,,,,,,,,-0.000000,0.000000,,,0.018127,0.009341,0.086501,0.052232,,,,0.025632,-0.989848,1.884155,,,,,,
166038,,,,,,,,,-0.000000,0.000000,,,0.015252,0.007859,0.086455,0.052164,,,,0.025629,-0.989848,1.884155,,,,,,
166048,,,,,,,,,-0.000000,0.000000,,,0.012833,0.006613,0.086405,0.052094,,,,0.025631,-0.989849,1.884155,,,,,,
166053,0.025631,-0.989849,1.884155,-0.000000,-1.000078,1.570000,0.001782,0.000005,,,-0.392032,-0.425231,,,,,-0.001830,0.027536,-0.314155,,,,,,,,,
166058,,,,,,,,,-0.000000,0.000000,,,0.010798,0.005564,0.086012,0.051827,,,,0.025628,-0.989846,1.884155,,,,,,
166068,,,,,,,,,-0.000000,0.000000,,,0.009085,0.004681,0.085949,0.051750,,,,0.025623,-0.989841,1.884155,,,,,,
166078,,,,,,,,,-0.000000,0.000000,,,0.007644,0.003939,0.085883,0.051671,,,,0.025631,-0.989843,1.884155,,,,,,
166088,,,,,,,,,-0.000000,0.000000,,,0.006432,0.003314,0.085815,0.051592,,,,0.025630,-0.989843,1.884155,,,,,,
166098,,,,,,,,,-0.000000,0.000000,,,0.005412,0.002789,0.085746,0.051511,,,,0.025631,-0.989843,1.884155,,,,,,
166103,0.025631,-0.989844,1.884155,-0.000000,-1.000033,1.570000,0.001152,0.000002,,,-0.424802,-0.446271,,,,,-0.001792,0.027524,-0.314155,,,,,,,,,
166108,,,,,,,,,-0.000000,0.000000,,,0.004554,0.002346,0.085341,0.051216,,,,0.025638,-0.989843,1.884155,,,,,,
166118,,,,,,,,,-0.000000,0.000000,,,0.003831,0.001974,0.085263,0.051130,,,,0.025633,-0.989843,1.884155,,,,,,
166128,,,,,,,,,-0.000000,0.000000,,,0.003224,0.001661,0.085183,0.051043,,,,0.025630,-0.989839,1.884155,,,,,,
166138,,,,,,,,,-0.000000,0.000000,,,0.002712,0.001398,0.085103,0.050957,,,,0.025625,-0.989839,1.884155,,,,,,
166148,,,,,,,,,-0.000000,0.000000,,,0.002282,0.001176,0.085022,0.050869,,,,0.025628,-0.989840,1.884155,,,,,,
166153,0.025628,-0.989841,1.884155,-0.000000,-1.000010,1.570000,0.000655,0.000000,,,-0.453954,-0.466167,,,,,-0.001774,0.027515,-0.314155,,,,,,,,,
166158,,,,,,,,,-0.000000,0.000000,,,0.001920,0.000989,0.084643,0.050579,,,,0.025628,-0.989839,1.884155,,,,,,
166175,,,,,,,,,-0.000000,0.000000,,,0.001616,0.000833,0.084555,0.050487,,,,,,,,,,,,
166178,,,,,,,,,-0.000000,0.000000,,,0.001359,0.000701,0.084466,0.050395,,,,0.025630,-0.989839,1.884155,,,,,,
166188,,,,,,,,,-0.000000,0.000000,,,0.001144,0.000589,0.084377,0.050303,,,,0.025633,-0.989835,1.884155,,,,,,
166198,,,,,,,,,-0.000000,0.000000,,,0.000962,0.000496,0.084288,0.050210,,,,0.025627,-0.989835,1.884155,,,,,,
166203,0.025627,-0.989835,1.884155,-0.000000,-1.000001,1.570000,0.000294,0.000000,,,-0.477884,-0.483366,,,,,-0.001771,0.027513,-0.314155,,,,,,,,,
166208,,,,,,,,,-0.000000,0.000000,,,0.000810,0.000417,0.083954,0.049942,,,,0.025631,-0.989834,1.884155,,,,,,
166218,,,,,,,,,-0.000000,0.000000,,,0.000681,0.000351,0.083860,0.049846,,,,0.025628,-0.989837,1.884155,,,,,,
166227,,,,,,,,,-0.000000,0.000000,,,0.000573,0.000295,0.083765,0.049750,,,,0.025620,-0.989837,1.884155,,,,,,
166238,,,,,,,,,-0.000000,0.000000,,,0.000482,0.000249,0.083671,0.049654,,,,0.025626,-0.989834,1.884155,,,,,,
166248,,,,,,,,,-0.000000,0.000000,,,0.000406,0.000209,0.083576,0.049557,,,,0.025627,-0.989829,1.884155,,,,,,
166253,0.025627,-0.989830,1.884155,-0.000000,-1.000000,1.570000,0.000074,0.000000,,,-0.494191,-0.495571,,,,,-0.001775,0.027514,-0.314155,,,,,,,,,
166258,,,,,,,,,-0.000000,0.000000,,,0.000342,0.000176,0.083314,0.049337,,,,0.025623,-0.989829,1.884155,,,,,,
166268,,,,,,,,,-0.000000,0.000000,,,0.000287,0.000148,0.083216,0.049238,,,,0.025627,-0.989832,1.884155,,,,,,
166278,,,,,,,,,-0.000000,0.000000,,,0.000242,0.000125,0.083118,0.049139,,,,0.025632,-0.989834,1.884155,,,,,,
166288,,,,,,,,,-0.000000,0.000000,,,0.000203,0.000105,0.083019,0.049040,,,,0.025627,-0.989831,1.884155,,,,,,
166298,,,,,,,,,-0.000000,0.000000,,,0.000171,0.000088,0.082921,0.048941,,,,0.025622,-0.989828,1.884155,,,,,,
166303,0.025622,-0.989829,1.884155,-0.000000,-1.000000,1.570000,0.000074,0.000000,,,-0.494938,-0.496317,,,,,-0.001778,0.027510,-0.314155,,,,,,,,,
166308,,,,,,,,,-0.000000,0.000000,,,0.000144,0.000074,0.082814,0.048834,,,,0.025621,-0.989825,1.884155,,,,,,
166318,,,,,,,,,,,,,,,,,,,,0.025629,-0.989828,1.884155,,,,,,
