ts,x,y,yaw,x_des,y_des,yaw_des,v_ff,w_ff,v_actual,w_actual,omega_l_cmd,omega_r_cmd,omega_l_meas,omega_r_meas,duty_l,duty_r,x_err,y_err,yaw_err,x_raw,y_raw,yaw_raw,acc_x,acc_y,acc_z,gyro_x,gyro_y,gyro_z
197711,,,,,,,,,,,,,,,,,,,,0.020507,-0.991538,1.866992,,,,,,
197716,,,,,,,,,-0.000000,0.000000,,,0.000000,0.000000,0.000000,0.000000,,,,0.020509,-0.991539,1.866992,,,,,,
197726,,,,,,,,,-0.000000,0.000000,,,0.000000,0.000000,0.000000,0.000000,,,,0.020504,-0.991536,1.866993,,,,,,
197736,,,,,,,,,-0.000000,0.000000,,,0.000000,0.000000,0.000000,0.000000,,,,0.020507,-0.991540,1.866993,,,,,,
197746,,,,,,,,,-0.000000,0.000000,,,0.000000,0.000000,0.000000,0.000000,,,,0.020515,-0.991538,1.866992,,,,,,
197756,0.020515,-0.991538,1.866992,0.000000,-0.999996,1.565612,0.000034,-0.003466,-0.000000,0.000000,,,0.000000,0.000000,0.000000,0.000000,,,,,,,,,,,,
197759,,,,,,,,,,,-0.579607,-0.598461,,,,,-0.002102,0.022090,-0.301380,0.020508,-0.991540,1.866992,,,,,,
197766,,,,,,,,,-0.000000,0.000000,,,0.000000,0.000000,-0.005912,-0.006104,,,,0.020508,-0.991537,1.866992,,,,,,
197776,,,,,,,,,-0.000000,0.000000,,,0.000000,0.000000,-0.006028,-0.006224,,,,0.020511,-0.991542,1.866993,,,,,,
197786,,,,,,,,,-0.000000,0.000000,,,0.000000,0.000000,-0.006144,-0.006344,,,,0.020510,-0.991541,1.866993,,,,,,
197796,,,,,,,,,-0.000000,0.000000,,,0.000000,0.000000,-0.006260,-0.006463,,,,0.020507,-0.991542,1.866993,,,,,,
197806,0.020508,-0.991541,1.866993,0.000000,-0.999985,1.555486,0.000134,-0.083539,-0.000000,0.000000,,,0.000000,0.000000,-0.006376,-0.006583,,,,,,,,,,,,
197809,,,,,,,,,,,-0.358811,-0.800935,,,,,-0.002090,0.022080,-0.311507,,,,,,,,,
197816,,,,,,,,,-0.000000,0.000000,,,0.000000,0.000000,-0.004239,-0.008768,,,,,,,,,,,,
197826,,,,,,,,,-0.000000,0.000000,,,0.000000,0.000000,-0.004311,-0.008928,,,,0.020513,-0.991538,1.866992,,,,,,
197836,,,,,,,,,-0.000000,0.000000,,,0.000000,0.000000,-0.004383,-0.009088,,,,0.020508,-0.991538,1.866992,,,,,,
197846,,,,,,,,,-0.000000,0.000000,,,0.000000,0.000000,-0.004455,-0.009249,,,,0.020512,-0.991538,1.866993,,,,,,
197856,0.020512,-0.991538,1.866993,0.000001,-0.999965,1.536440,0.000298,-0.255090,-0.000000,0.000000,0.108746,-1.239565,0.000000,0.000000,-0.004527,-0.009409,-0.002073,0.022077,-0.330553,,,,,,,,,
197866,,,,,,,,,-0.000000,0.000000,,,0.000000,0.000000,0.000171,-0.014043,,,,,,,,,,,,
197876,,,,,,,,,-0.000000,0.000000,,,0.000000,0.000000,0.000193,-0.014291,,,,0.020509,-0.991541,1.866992,,,,,,
197886,,,,,,,,,-0.000000,0.000000,,,0.000000,0.000000,0.000214,-0.014539,,,,0.020509,-0.991541,1.866993,,,,,,
197896,,,,,,,,,-0.000000,0.000000,,,0.000000,0.000000,0.000236,-0.014787,,,,0.020511,-0.991537,1.866993,,,,,,
197906,0.020511,-0.991537,1.866993,0.000002,-0.999931,1.506435,0.000528,-0.468090,-0.000000,0.000000,,,0.000000,0.000000,0.000258,-0.015035,,,,,,,,,,,,
197909,,,,,,,,,,,0.693887,-1.780832,,,,,-0.002042,0.022066,-0.360558,,,,,,,,,
197916,,,,,,,,,-0.000000,0.000000,,,0.000000,0.000000,0.006248,-0.020803,,,,,,,,,,,,
197926,,,,,,,,,-0.000000,0.000000,,,0.000000,0.000000,0.006387,-0.021160,,,,0.020510,-0.991539,1.866992,,,,,,
197936,,,,,,,,,-0.000000,0.000000,,,0.000000,0.000000,0.006526,-0.021516,,,,0.020511,-0.991537,1.866992,,,,,,
197946,,,,,,,,,-0.000000,0.000000,,,0.000000,0.000000,0.006664,-0.021872,,,,0.020509,-0.991542,1.866992,,,,,,
197956,0.020509,-0.991542,1.866992,0.000007,-0.999880,1.464226,0.000829,-0.709204,-0.000000,0.000000,1.363775,-2.388354,0.000000,0.000000,0.006803,-0.022228,,,,,,,,,,,,
197959,,,,,,,,,,,,,,,,,-0.001991,0.022043,-0.402766,0.020509,-0.991541,1.866993,,,,,,
197966,,,,,,,,,-0.000000,0.000000,,,0.000000,0.000000,0.013775,-0.028781,,,,0.020505,-0.991543,1.866992,,,,,,
197976,,,,,,,,,-0.000000,0.000000,,,0.000000,0.000000,0.014047,-0.029259,,,,0.020512,-0.991542,1.866992,,,,,,
197986,,,,,,,,,-0.000000,0.000000,,,0.000000,0.000000,0.014320,-0.029736,,,,0.020513,-0.991540,1.866993,,,,,,
197996,,,,,,,,,-0.000000,0.000000,,,0.000000,0.000000,0.014593,-0.030214,,,,0.020510,-0.991539,1.866993,,,,,,
198006,0.020510,-0.991539,1.866993,0.000016,-0.999808,1.409546,0.001216,-0.963260,-0.000000,0.000000,2.077318,-3.024907,0.000000,0.000000,0.014866,-0.030692,-0.001927,0.022015,-0.457447,,,,,,,,,
198016,,,,,,,,,-0.000000,0.000000,,,0.000000,0.000000,0.022417,-0.037662,,,,,,,,,,,,
198026,,,,,,,,,-0.000000,0.000000,,,0.000000,0.000000,0.022832,-0.038267,,,,0.020510,-0.991536,1.866993,,,,,,
198036,,,,,,,,,-0.000000,0.000000,,,0.000000,0.000000,0.023248,-0.038872,,,,0.020508,-0.991541,1.866993,,,,,,
198046,,,,,,,,,-0.000000,0.000000,,,0.000000,0.000000,0.023663,-0.039477,,,,0.020509,-0.991536,1.866993,,,,,,
198056,0.020509,-0.991536,1.866993,0.000036,-0.999710,1.343222,0.001709,-1.210521,-0.000000,0.000000,,,0.000000,0.000000,0.024078,-0.040082,,,,,,,,,,,,
198059,,,,,,,,,,,2.785978,-3.637181,,,,,-0.001842,0.021968,-0.523771,0.020507,-0.991536,1.866993,,,,,,
198066,,,,,,,,,-0.000000,0.000000,,,0.000000,0.000000,0.031722,-0.046932,,,,0.020510,-0.991537,1.866992,,,,,,
198076,,,,,,,,,-0.000000,0.000000,,,0.000000,0.000000,0.032279,-0.047660,,,,0.020505,-0.991536,1.866993,,,,,,
198086,,,,,,,,,-0.000000,0.000000,,,0.000000,0.000000,0.032837,-0.048387,,,,0.020506,-0.991537,1.866993,,,,,,
198096,,,,,,,,,-0.000000,0.000000,,,0.000000,0.000000,0.033394,-0.049115,,,,0.020507,-0.991533,1.866993,,,,,,
198106,0.020507,-0.991534,1.866993,0.000072,-0.999578,1.267179,0.002340,-1.429231,-0.000000,0.000000,,,0.000000,0.000000,0.033951,-0.049842,,,,,,,,,,,,
198109,,,,,,,,,,,3.435886,-4.167240,,,,,-0.001729,0.021893,-0.599814,0.020506,-0.991535,1.866993,,,,,,
198116,,,,,,,,,-0.000000,0.000000,,,0.000000,0.000000,0.041137,-0.055976,,,,0.020506,-0.991537,1.866992,,,,,,
198126,,,,,,,,,-0.000000,0.000000,,,0.000000,0.000000,0.041824,-0.056810,,,,0.020512,-0.991538,1.866992,,,,,,
198136,,,,,,,,,-0.027467,-0.652434,,,0.000000,-0.544543,0.042512,-0.052089,,,,0.020513,-0.991541,1.866993,,,,,,
198146,,,,,,,,,-0.000000,0.000000,,,0.000000,-0.458179,0.043199,-0.053694,,,,0.020507,-0.991539,1.866992,,,,,,
198156,0.020507,-0.991538,1.866992,0.000134,-0.999406,1.184303,0.003156,-1.598576,-0.000000,0.000000,,,0.000000,-0.385511,0.043886,-0.055177,,,,,,,,,,,,
198159,,,,,,,,,,,3.977149,-4.558921,,,,,-0.001578,0.021782,-0.682689,,,,,,,,,
198166,,,,,,,,,-0.000000,0.000000,,,0.000000,-0.324369,0.050094,-0.060552,,,,,,,,,,,,
198176,,,,,,,,,-0.000000,0.000000,,,0.000000,-0.272924,0.050890,-0.061924,,,,0.020511,-0.991553,1.866992,,,,,,
198186,,,,,,,,,-0.000000,0.000000,,,0.000000,-0.229638,0.051685,-0.063223,,,,0.020501,-0.991532,1.866992,,,,,,
198196,,,,,,,,,-0.000000,0.000000,,,0.000000,-0.193218,0.052480,-0.064460,,,,,,,,,,,,
198199,,,,,,,,,,,,,,,,,,,,0.020508,-0.991535,1.866992,,,,,,
198206,0.020540,-0.991646,1.864255,0.000236,-0.999184,1.098155,0.004220,-1.701890,-0.027467,-0.652434,,,0.000000,-0.707117,0.053276,-0.060091,,,,,,,,,,,,
198209,,,,,,,,,,,4.381378,-4.756706,,,,,-0.001343,0.021616,-0.766099,,,,,,,,,
198216,,,,,,,,,-0.000000,0.000000,,,0.000000,-0.594968,0.058194,-0.064023,,,,,,,,,,,,
198226,,,,,,,,,-0.000000,0.000000,,,0.000000,-0.500606,0.059071,-0.065818,,,,0.020508,-0.991598,1.863547,,,,,,
198236,,,,,,,,,-0.000000,0.000000,,,0.000000,-0.421210,0.059947,-0.067479,,,,0.020515,-0.991622,1.860097,,,,,,
198246,,,,,,,,,-0.027467,-0.652434,,,0.000000,-0.898949,0.060823,-0.063473,,,,0.020518,-0.991646,1.860077,,,,,,
198256,0.020520,-0.991646,1.860428,0.000397,-0.998902,1.012557,0.005618,-1.729630,-0.000000,0.000000,,,0.000000,-0.756376,0.061699,-0.065699,,,,,,,,,,,,
198259,,,,,,,,,,,4.575066,-4.789361,,,,,-0.001207,0.021357,-0.847870,0.020531,-0.991707,1.856624,,,,,,
198266,,,,,,,,,-0.027467,-0.652434,,,0.000000,-1.180958,0.064551,-0.062501,,,,0.020547,-0.991813,1.853183,,,,,,
198276,,,,,,,,,-0.000000,0.000000,,,0.000000,-0.993658,0.065466,-0.065133,,,,0.020579,-0.991940,1.849701,,,,,,
198286,,,,,,,,,-0.027467,-0.652434,,,0.000000,-1.380607,0.066381,-0.061946,,,,0.020610,-0.992170,1.846252,,,,,,
198296,,,,,,,,,-0.000000,0.000000,,,0.000000,-1.161642,0.067296,-0.064861,,,,0.020650,-0.992437,1.842792,,,,,,
198306,0.020670,-0.992481,1.841534,0.000641,-0.998547,0.931143,0.007460,-1.681186,-0.027467,-0.652434,,,0.000000,-1.521949,0.068211,-0.061911,,,,,,,,,,,,
198309,,,,,,,,,,,4.755935,-4.458425,,,,,-0.000488,0.020922,-0.910391,,,,,,,,,
198316,,,,,,,,,-0.000000,0.000000,,,0.000000,-1.280568,0.070971,-0.061651,,,,,,,,,,,,
198326,,,,,,,,,-0.027467,-0.652434,,,0.000000,-1.622013,0.071922,-0.058804,,,,0.020743,-0.992923,1.832347,,,,,,
198336,,,,,,,,,-0.000000,0.000000,,,0.000000,-1.364761,0.072874,-0.061995,,,,0.020744,-0.992989,1.828855,,,,,,
198346,,,,,,,,,-0.027467,-0.652434,,,0.000000,-1.692853,0.073825,-0.059268,,,,0.020752,-0.993074,1.825347,,,,,,
198356,0.020745,-0.993024,1.826705,0.000998,-0.998103,0.856980,0.009881,-1.564603,-0.000000,0.000000,,,0.000000,-1.424366,0.074776,-0.062559,,,,,,,,,,,,
198359,,,,,,,,,,,4.744243,-3.997738,,,,,0.000085,0.020390,-0.969725,,,,,,,,,
198366,,,,,,,,,-0.027467,-0.652434,,,0.000000,-1.743005,0.075608,-0.055217,,,,,,,,,,,,
198376,,,,,,,,,-0.000000,0.000000,,,0.000000,-1.466564,0.076557,-0.058488,,,,0.020819,-0.993543,1.814843,,,,,,
198386,,,,,,,,,-0.027467,-0.652434,,,0.000000,-1.778510,0.077506,-0.055812,,,,0.020888,-0.993693,1.814844,,,,,,
198396,,,,,,,,,-0.000000,0.000000,,,0.000000,-1.496438,0.078455,-0.059133,,,,0.020909,-0.993796,1.811331,,,,,,
198406,0.020895,-0.993731,1.812621,0.001508,-0.997555,0.792350,0.013040,-1.394065,-0.000000,0.000000,,,0.000000,-1.259103,0.079403,-0.062054,,,,,,,,,,,,
198409,,,,,,,,,,,4.702978,-3.326969,,,,,0.000930,0.019739,-1.020271,0.020919,-0.993855,1.807811,,,,,,
198416,,,,,,,,,-0.000000,0.000000,,,0.000000,-1.059409,0.079931,-0.057797,,,,0.020924,-0.993900,1.807811,,,,,,
198426,,,,,,,,,-0.027467,-0.652434,,,0.000000,-1.435930,0.080872,-0.054410,,,,0.020922,-0.993913,1.804286,,,,,,
198436,,,,,,,,,-0.000000,0.000000,,,0.000000,-1.208191,0.081813,-0.057111,,,,0.020901,-0.993929,1.804272,,,,,,
198446,,,,,,,,,-0.000000,0.000000,,,0.000000,-1.016572,0.082753,-0.059489,,,,0.020927,-0.994041,1.800757,,,,,,
198456,0.020950,-0.994128,1.799015,0.002216,-0.996877,0.738720,0.017114,-1.186176,-0.027467,-0.652434,,,0.000000,-1.399887,0.083694,-0.056041,,,,,,,,,,,,
198459,,,,,,,,,,,4.548963,-2.626044,,,,,0.001560,0.018871,-1.060295,,,,,,,,,
198466,,,,,,,,,-0.000000,0.000000,,,0.000000,-1.177864,0.083063,-0.051542,,,,,,,,,,,,
198476,,,,,,,,,-0.000000,0.000000,,,0.000000,-0.991055,0.083973,-0.053737,,,,0.020992,-0.994499,1.793689,,,,,,
198486,,,,,,,,,-0.027467,-0.652434,,,0.000000,-1.378417,0.084883,-0.050113,,,,0.021029,-0.994601,1.793689,,,,,,
198496,,,,,,,,,-0.000000,0.000000,,,0.000000,-1.159800,0.085793,-0.052593,,,,0.021024,-0.994555,1.793687,,,,,,
198506,0.021017,-0.994519,1.794134,0.003175,-0.996044,0.696859,0.022287,-0.956458,-0.000000,0.000000,,,0.000000,-0.975855,0.086703,-0.054762,,,,,,,,,,,,
198509,,,,,,,,,,,4.465223,-1.808218,,,,,0.002465,0.017737,-1.097275,,,,,,,,,
198516,,,,,,,,,-0.000000,0.000000,,,0.000000,-0.821084,0.086758,-0.048329,,,,,,,,,,,,
198526,,,,,,,,,-0.000000,0.000000,,,0.000000,-0.690860,0.087651,-0.049855,,,,0.021022,-0.994517,1.793681,,,,,,
198536,,,,,,,,,-0.000000,0.000000,,,0.000000,-0.581290,0.088544,-0.051196,,,,0.021006,-0.994537,1.793681,,,,,,
198546,,,,,,,,,-0.000000,0.000000,,,0.000000,-0.489097,0.089437,-0.052381,,,,0.021005,-0.994533,1.790143,,,,,,
198556,0.021006,-0.994532,1.790478,0.004440,-0.995020,0.667025,0.028741,-0.717152,-0.000000,0.000000,,,0.000000,-0.411526,0.090330,-0.053436,,,,,,,,,,,,
198559,,,,,,,,,,,4.356145,-1.039497,,,,,0.003133,0.016274,-1.123452,,,,,,,,,
198566,,,,,,,,,-0.000000,0.000000,,,0.000000,-0.346258,0.090111,-0.046541,,,,,,,,,,,,
198576,,,,,,,,,-0.000000,0.000000,,,0.000000,-0.291342,0.090982,-0.047239,,,,0.021002,-0.994519,1.790145,,,,,,
198586,,,,,,,,,-0.000000,0.000000,,,0.000000,-0.245135,0.091853,-0.047860,,,,0.021022,-0.994520,1.793681,,,,,,
198596,,,,,,,,,-0.000000,0.000000,,,0.000000,-0.206256,0.092724,-0.048416,,,,0.021009,-0.994527,1.790143,,,,,,
198606,0.021009,-0.994528,1.790171,0.006073,-0.993761,0.649162,0.036639,-0.476448,-0.000000,0.000000,,,0.000000,-0.173544,0.093596,-0.048916,,,,,,,,,,,,
198609,,,,,,,,,,,4.375782,-0.218182,,,,,0.003999,0.014411,-1.141009,,,,,,,,,
198616,,,,,,,,,-0.000000,0.000000,,,0.000000,-0.146020,0.094667,-0.040993,,,,,,,,,,,,
198626,,,,,,,,,-0.000000,0.000000,,,0.000000,-0.122861,0.095542,-0.041243,,,,0.020999,-0.994518,1.790143,,,,,,
198636,,,,,,,,,-0.000000,0.000000,,,0.000000,-0.103375,0.096418,-0.041461,,,,0.021001,-0.994518,1.790143,,,,,,
198646,,,,,,,,,-0.000000,0.000000,,,0.000000,-0.086980,0.097293,-0.041651,,,,0.021020,-0.994513,1.793681,,,,,,
198656,0.021019,-0.994514,1.793387,0.008131,-0.992212,0.643076,0.046105,-0.238747,-0.000000,0.000000,,,0.000000,-0.073185,0.098168,-0.041818,,,,,,,,,,,,
198659,,,,,,,,,,,4.556386,0.659629,,,,,0.005091,0.012062,-1.150311,,,,,,,,,
198666,,,,,,,,,-0.000000,0.000000,,,0.000000,-0.061578,0.100885,-0.033012,,,,,,,,,,,,
198676,,,,,,,,,-0.000000,0.000000,,,0.000000,-0.051812,0.101796,-0.032967,,,,0.021010,-0.994521,1.790137,,,,,,
198686,,,,,,,,,-0.000000,0.000000,,,0.000000,-0.043594,0.102708,-0.032909,,,,0.021003,-0.994513,1.790143,,,,,,
198696,,,,,,,,,-0.000000,0.000000,,,0.000000,-0.036680,0.103619,-0.032839,,,,0.020998,-0.994509,1.790143,,,,,,
198706,0.021000,-0.994509,1.790415,0.010667,-0.990305,0.648562,0.057212,-0.005412,-0.000000,0.000000,,,0.000000,-0.030863,0.104530,-0.032759,,,,,,,,,,,,
198709,,,,,,,,,,,4.923180,1.625636,,,,,0.006355,0.009169,-1.141853,,,,,,,,,
198716,,,,,,,,,-0.000000,0.000000,,,0.000000,-0.025968,0.109183,-0.022817,,,,,,,,,,,,
198726,,,,,,,,,-0.000000,0.000000,,,0.000000,-0.021849,0.110167,-0.022529,,,,0.021006,-0.994507,1.790143,,,,,,
198736,,,,,,,,,-0.000000,0.000000,,,0.000000,-0.018384,0.111152,-0.022235,,,,0.021007,-0.994504,1.790143,,,,,,
198746,,,,,,,,,-0.000000,0.000000,,,0.000000,-0.015468,0.112137,-0.021936,,,,0.021002,-0.994495,1.790143,,,,,,
198756,0.021002,-0.994496,1.790166,0.013717,-0.987955,0.665496,0.069965,0.224402,-0.000000,0.000000,,,0.000000,-0.013015,0.113121,-0.021633,,,,,,,,,,,,
198759,,,,,,,,,,,5.524377,2.732006,,,,,0.007970,0.005687,-1.124670,,,,,,,,,
198766,,,,,,,,,-0.000000,0.000000,,,0.000000,-0.010951,0.120238,-0.010041,,,,,,,,,,,,
198776,,,,,,,,,-0.000000,0.000000,,,0.000000,-0.009214,0.121343,-0.009510,,,,0.020994,-0.994493,1.790143,,,,,,
198786,,,,,,,,,-0.000000,0.000000,,,0.000000,-0.007753,0.122448,-0.008977,,,,0.020995,-0.994493,1.790143,,,,,,
198796,,,,,,,,,-0.000000,0.000000,,,0.000000,-0.006523,0.123553,-0.008441,,,,0.021001,-0.994483,1.790137,,,,,,
198806,0.021001,-0.994484,1.790139,0.017299,-0.985063,0.693892,0.084301,0.452994,-0.000000,0.000000,6.393983,4.046681,0.000000,-0.005489,0.124658,-0.007904,,,,,,,,,,,,
198809,,,,,,,,,,,,,,,,,0.010001,0.001564,-1.096247,,,,,,,,,
198816,,,,,,,,,-0.000000,0.000000,,,0.000000,-0.004618,0.134633,0.006044,,,,,,,,,,,,
198826,,,,,,,,,-0.000000,0.000000,,,0.000000,-0.003886,0.135911,0.006847,,,,0.020990,-0.994465,1.790143,,,,,,
198836,,,,,,,,,-0.000000,0.000000,,,0.000000,-0.003269,0.137190,0.007651,,,,0.020993,-0.994466,1.790143,,,,,,
198846,,,,,,,,,-0.000000,0.000000,,,0.000000,-0.002751,0.138469,0.008455,,,,0.020984,-0.994449,1.790143,,,,,,
198856,0.020962,-0.994339,1.787405,0.021401,-0.981513,0.733929,0.100082,0.683472,0.027467,-0.652434,,,0.544543,-0.002315,0.134193,0.009261,,,,,,,,,,,,
198859,,,,,,,,,,,7.543280,5.636817,,,,,0.012432,-0.003186,-1.053476,0.021005,-0.994391,1.786595,,,,,,
198866,,,,,,,,,-0.000000,0.000000,,,0.458179,-0.001947,0.147967,0.026286,,,,0.020978,-0.994310,1.786587,,,,,,
198876,,,,,,,,,0.027467,-0.652434,,,0.930055,-0.001639,0.144571,0.027411,,,,0.020937,-0.994157,1.783033,,,,,,
198886,,,,,,,,,-0.000000,0.000000,,,0.782548,-0.001379,0.147398,0.028536,,,,0.020905,-0.994076,1.779479,,,,,,
198896,,,,,,,,,0.054935,-1.304868,,,1.747522,-0.001160,0.138908,0.029661,,,,0.020849,-0.993913,1.772344,,,,,,
198906,0.020836,-0.993836,1.770870,0.025972,-0.977172,0.785935,0.117122,0.919109,0.027467,-0.652434,,,2.014908,-0.000976,0.137339,0.030787,,,,,,,,,,,,
198909,,,,,,,,,,,9.032040,7.675159,,,,,0.015311,-0.008346,-0.984936,,,,,,,,,
198916,,,,,,,,,0.027467,-0.652434,,,2.239887,-0.000821,0.151336,0.052704,,,,,,,,,,,,
198926,,,,,,,,,0.054935,-1.304868,,,2.973727,-0.000691,0.145209,0.054238,,,,0.020512,-0.992911,1.747200,,,,,,
198936,,,,,,,,,0.082402,-0.652434,,,3.046637,0.543962,0.145677,0.050218,,,,0.020367,-0.992538,1.736345,,,,,,
198946,,,,,,,,,0.054935,-1.304868,,,3.652526,0.457689,0.140694,0.052524,,,,0.020292,-0.992022,1.721794,,,,,,
198956,0.020299,-0.991947,1.720438,0.030917,-0.971896,0.850332,0.135216,1.162557,0.054935,-1.304868,,,4.162321,0.385100,0.136570,0.054708,,,,,,,,,,,,
198959,,,,,,,,,,,10.813310,10.346573,,,,,0.018244,-0.013489,-0.870106,,,,,,,,,
198966,,,,,,,,,0.054935,-1.304868,,,5.135806,0.324023,0.145783,0.084037,,,,,,,,,,,,
198976,,,,,,,,,0.054935,-1.304868,,,5.410353,0.272633,0.144118,0.086566,,,,0.019896,-0.990154,1.681303,,,,,,
198986,,,,,,,,,0.109870,-1.304868,,,6.185900,0.773936,0.137288,0.083467,,,,0.019789,-0.989478,1.670133,,,,,,
198996,,,,,,,,,0.054935,-1.304868,,,6.293902,0.651190,0.137112,0.086634,,,,0.019600,-0.988741,1.651383,,,,,,
199006,0.019605,-0.988552,1.651703,0.036086,-0.965532,0.927514,0.154196,1.414718,0.109870,-1.304868,,,6.929318,0.547911,0.131535,0.089626,,,,,,,,,,,,
199009,,,,,,,,,,,12.845040,13.749600,,,,,0.021613,-0.018288,-0.724189,,,,,,,,,
199016,,,,,,,,,0.054935,-1.304868,,,6.919414,1.005556,0.153136,0.121629,,,,,,,,,,,,
199026,,,,,,,,,0.109870,-1.304868,,,7.455623,1.390618,0.148852,0.120250,,,,0.019301,-0.986181,1.609548,,,,,,
199036,,,,,,,,,0.137337,-0.652434,,,7.906790,2.259152,0.145328,0.113863,,,,0.019259,-0.985160,1.601864,,,,,,
199046,,,,,,,,,0.109870,-1.304868,,,8.286402,2.445393,0.142444,0.114261,,,,0.019109,-0.984021,1.590271,,,,,,
199056,0.019115,-0.983826,1.592689,0.041276,-0.957922,1.017622,0.174004,1.673129,0.137337,-0.652434,,,8.605807,3.146640,0.140098,0.109370,,,,,,,,,,,,
199059,,,,,,,,,,,14.921591,17.625122,,,,,0.025413,-0.022723,-0.575067,,,,,,,,,
199066,,,,,,,,,0.164805,-1.304868,,,9.419098,3.736669,0.153831,0.145002,,,,,,,,,,,,
199076,,,,,,,,,0.164805,0.000000,,,9.558857,4.777662,0.153506,0.137162,,,,0.018846,-0.979624,1.566901,,,,,,
199086,,,,,,,,,0.137337,-0.652434,,,9.676451,5.109011,0.153379,0.136352,,,,0.018734,-0.978086,1.559150,,,,,,
199096,,,,,,,,,0.192272,-0.652434,,,10.319937,5.932351,0.147864,0.130457,,,,0.018779,-0.976338,1.555296,,,,,,
199106,0.018803,-0.976160,1.555697,0.046222,-0.948909,1.120231,0.194772,1.929920,0.192272,-0.652434,,,10.861366,6.625109,0.143262,0.125729,,,,,,,,,,,,
199109,,,,,,,,,,,16.416264,21.217913,,,,,0.027662,-0.027004,-0.435466,0.018856,-0.974628,1.551457,,,,,,
199116,,,,,,,,,0.219740,0.000000,,,11.316925,7.752539,0.154673,0.153076,,,,0.018863,-0.972751,1.547482,,,,,,
199126,,,,,,,,,0.192272,-0.652434,,,11.700233,8.156614,0.151783,0.151647,,,,0.018866,-0.970910,1.543768,,,,,,
199136,,,,,,,,,0.219740,0.000000,,,12.022747,9.041147,0.149437,0.145237,,,,0.018918,-0.968672,1.539861,,,,,,
199146,,,,,,,,,0.247207,-0.652434,,,12.294110,9.785393,0.147547,0.140081,,,,0.019097,-0.966550,1.539859,,,,,,
199156,0.019075,-0.966320,1.543926,0.050607,-0.938349,1.233966,0.216910,2.169968,0.247207,0.652434,,,13.066978,10.411601,0.140489,0.135981,,,,,,,,,,,,
199159,,,,,,,,,,,17.497665,24.528255,,,,,0.028808,-0.030769,-0.309960,,,,,,,,,
199166,,,,,,,,,0.219740,0.000000,,,13.172727,11.483036,0.151110,0.160979,,,,,,,,,,,,
199176,,,,,,,,,0.247207,-0.652434,,,13.806247,11.839998,0.145513,0.159947,,,,0.019157,-0.959306,1.539820,,,,,,
199186,,,,,,,,,0.302142,0.652434,,,14.339291,13.229432,0.140814,0.148312,,,,0.019248,-0.956620,1.539862,,,,,,
199196,,,,,,,,,0.247207,0.652434,,,14.243250,13.853958,0.142426,0.144202,,,,0.019386,-0.953999,1.539820,,,,,,
199206,0.019391,-0.953880,1.540165,0.054063,-0.926109,1.356197,0.241147,2.370686,0.274675,0.000000,,,14.706985,14.379435,0.138347,0.140977,,,,,,,,,,,,
199209,,,,,,,,,,,18.206778,27.639351,,,,,0.028820,-0.033805,-0.183968,0.019488,-0.951146,1.543644,,,,,,
199216,,,,,,,,,0.302142,0.652434,,,15.097171,14.821570,0.142158,0.170230,,,,0.019621,-0.948318,1.547544,,,,,,
199226,,,,,,,,,0.247207,0.652434,,,14.880930,15.738127,0.144985,0.163445,,,,0.019818,-0.945392,1.551383,,,,,,
199236,,,,,,,,,0.329610,0.000000,,,15.788072,16.509317,0.136398,0.157959,,,,0.019898,-0.942454,1.555297,,,,,,
199246,,,,,,,,,0.274675,1.304868,,,15.462255,17.158197,0.140205,0.153566,,,,0.019964,-0.939413,1.566921,,,,,,
199256,0.019917,-0.939245,1.570150,0.056186,-0.912081,1.483012,0.268514,2.505392,0.329610,1.304868,,,15.732655,18.248707,0.137995,0.144539,,,,,,,,,,,,
199259,,,,,,,,,,,18.663994,30.065573,,,,,0.027187,-0.036251,-0.087138,0.019982,-0.936355,1.574703,,,,,,
199266,,,,,,,,,0.329610,0.000000,,,16.504713,18.621719,0.135279,0.167360,,,,0.020012,-0.933034,1.578574,,,,,,
199276,,,,,,,,,0.329610,1.304868,,,16.609779,19.480114,0.134639,0.160893,,,,0.020016,-0.929857,1.586376,,,,,,
199286,,,,,,,,,0.329610,1.304868,,,16.698183,20.202368,0.134148,0.155643,,,,0.020001,-0.926696,1.597995,,,,,,
199296,,,,,,,,,0.357077,0.652434,,,16.772566,20.810072,0.133783,0.151417,,,,0.019933,-0.923493,1.609549,,,,,,
199306,0.019890,-0.923433,1.611717,0.056552,-0.896178,1.609620,0.300223,2.550949,0.329610,1.304868,,,17.379694,21.321394,0.127968,0.148053,,,,,,,,,,,,
199309,,,,,,,,,,,19.487612,32.514400,,,,,0.025732,-0.037746,-0.002098,,,,,,,,,
199316,,,,,,,,,0.329610,1.304868,,,17.345987,21.751621,0.136970,0.170391,,,,,,,,,,,,
199326,,,,,,,,,0.357077,1.957303,,,17.317627,22.113613,0.137687,0.168852,,,,0.019818,-0.913281,1.643808,,,,,,
199336,,,,,,,,,0.357077,0.652434,,,17.838308,22.962736,0.132810,0.162271,,,,0.019731,-0.909897,1.655137,,,,,,
199346,,,,,,,,,0.357077,1.957303,,,17.731867,23.677189,0.134226,0.156894,,,,0.019575,-0.906534,1.673867,,,,,,
199356,0.019472,-0.906459,1.676863,0.054737,-0.878346,1.731139,0.337450,2.496820,0.357077,1.957303,,,17.642307,23.733786,0.135491,0.158084,,,,,,,,,,,,
199359,,,,,,,,,,,20.926868,34.817089,,,,,0.024222,-0.038044,0.054276,,,,,,,,,
199366,,,,,,,,,0.329610,1.304868,,,17.566952,24.325951,0.151309,0.177287,,,,,,,,,,,,
199376,,,,,,,,,0.412012,1.957303,,,18.048090,24.824198,0.147073,0.174303,,,,0.018795,-0.895226,1.718131,,,,,,
199386,,,,,,,,,0.329610,1.304868,,,17.908377,25.243422,0.149074,0.172026,,,,0.018377,-0.891564,1.736335,,,,,,
199396,,,,,,,,,0.412012,1.957303,,,18.335365,26.140701,0.145322,0.164788,,,,0.017911,-0.887860,1.750799,,,,,,
199406,0.017778,-0.887712,1.752805,0.050341,-0.858555,1.843410,0.381071,2.349868,0.412012,1.957303,,,18.694633,26.895672,0.142176,0.158823,,,,,,,,,,,,
199409,,,,,,,,,,,23.079197,37.173927,,,,,0.022782,-0.037303,0.090605,,,,,,,,,
199416,,,,,,,,,0.384545,1.304868,,,18.996922,26.986361,0.161493,0.183522,,,,,,,,,,,,
199426,,,,,,,,,0.412012,1.957303,,,19.251266,27.607208,0.159715,0.179227,,,,0.015813,-0.876083,1.804273,,,,,,
199436,,,,,,,,,0.412012,1.957303,,,19.465273,28.129591,0.158298,0.175812,,,,0.015050,-0.872351,1.818361,,,,,,
199446,,,,,,,,,0.412012,1.957303,,,19.645338,28.569122,0.157184,0.173138,,,,0.014142,-0.868570,1.835855,,,,,,
199456,0.014052,-0.868375,1.834360,0.043016,-0.836799,1.943517,0.431431,2.131246,0.439480,1.304869,,,20.341387,28.938944,0.150771,0.171086,,,,,,,,,,,,
199459,,,,,,,,,,,26.410406,40.101162,,,,,0.022940,-0.036190,0.109157,,,,,,,,,
199466,,,,,,,,,0.384545,1.304868,,,20.382500,28.705568,0.184878,0.204972,,,,,,,,,,,,
199476,,,,,,,,,0.466947,1.957303,,,20.961636,29.598293,0.180176,0.198145,,,,0.010891,-0.856156,1.887583,,,,,,
199486,,,,,,,,,0.466947,1.957303,,,21.448919,30.349432,0.176296,0.192584,,,,0.009892,-0.852250,1.901224,,,,,,
199496,,,,,,,,,0.439480,1.304869,,,21.858921,30.436897,0.173106,0.193642,,,,0.008687,-0.848133,1.921597,,,,,,
199506,0.008536,-0.847966,1.922487,0.032488,-0.813093,2.029841,0.488215,1.867745,0.466947,1.957303,,,22.203896,31.055033,0.170497,0.189270,,,,,,,,,,,,
199509,,,,,,,,,,,30.924688,43.525341,,,,,0.024488,-0.034499,0.107354,,,,,,,,,
199516,,,,,,,,,0.521882,1.957302,,,22.494158,31.575132,0.214424,0.220701,,,,,,,,,,,,
199526,,,,,,,,,0.439480,1.304869,,,23.282927,32.012745,0.208064,0.218627,,,,0.004066,-0.834467,1.978392,,,,,,
199536,,,,,,,,,0.521882,1.957302,,,23.946596,32.925495,0.202823,0.211620,,,,0.002554,-0.829975,1.994938,,,,,,
199546,,,,,,,,,0.521882,1.957302,,,24.505009,33.693481,0.198523,0.205906,,,,0.000897,-0.825531,2.014649,,,,,,
199556,0.000611,-0.825303,2.017862,,,,,,0.549350,2.609737,,,24.974857,34.339664,0.195015,0.201281,,,,,,,,,,,,
199559,,,,0.018590,-0.787464,2.101796,0.550428,1.583408,,,36.350548,47.031258,,,,,0.026348,-0.032570,0.083934,-0.001115,-0.820851,2.034229,,,,,,
199566,,,,,,,,,0.494415,1.304868,,,25.370188,34.883366,0.247516,0.233333,,,,-0.003430,-0.815709,2.050429,,,,,,
199576,,,,,,,,,0.549350,2.609737,,,25.702818,35.340836,0.246319,0.231097,,,,-0.005798,-0.810792,2.069810,,,,,,
199586,,,,,,,,,0.576817,0.652434,,,27.071779,36.270294,0.234485,0.223954,,,,-0.008196,-0.805953,2.085866,,,,,,
199596,,,,,,,,,0.604285,1.304869,,,28.223623,37.052338,0.224592,0.218129,,,,-0.010458,-0.801449,2.101868,,,,,,
199606,-0.010703,-0.801203,2.100291,0.001279,-0.759946,2.159439,0.616463,1.295081,0.604285,1.304869,,,29.192785,37.710350,0.216332,0.213414,,,,,,,,,,,,
199609,,,,,,,,,,,42.519112,51.028866,,,,,0.029555,-0.031180,0.059149,,,,,,,,,
199616,,,,,,,,,0.576817,1.957303,,,29.463696,38.264004,0.277920,0.250406,,,,,,,,,,,,
199626,,,,,,,,,0.631752,0.652435,,,30.780724,38.729847,0.267097,0.248207,,,,-0.019004,-0.785992,2.143066,,,,,,
199636,,,,,,,,,0.631752,0.652435,,,31.888872,39.121807,0.258142,0.246669,,,,-0.022253,-0.780776,2.152520,,,,,,
199646,,,,,,,,,0.714154,1.304868,,,32.821266,39.996147,0.250757,0.240132,,,,-0.025724,-0.775547,2.161965,,,,,,
199656,-0.025844,-0.775438,2.159525,-0.019342,-0.730565,2.203128,0.684239,1.011930,0.631752,0.652435,,,34.150330,40.731815,0.239140,0.234835,,,,,,,,,,,,
199659,,,,,,,,,,,48.927746,55.481319,,,,,0.033708,-0.030326,0.043603,,,,,,,,,
199666,,,,,,,,,0.714154,1.304868,,,35.268600,41.350807,0.294776,0.275996,,,,,,,,,,,,
199676,,,,,,,,,0.686687,-0.652435,,,36.209515,41.871628,0.287910,0.273510,,,,-0.036606,-0.758630,2.186960,,,,,,
199686,,,,,,,,,0.769089,1.304867,,,37.545742,42.854385,0.276825,0.266207,,,,-0.040506,-0.752829,2.193180,,,,,,
199696,,,,,,,,,0.686687,0.652435,,,38.670044,43.681278,0.267633,0.260298,,,,-0.044539,-0.747035,2.202526,,,,,,
199706,-0.044873,-0.746671,2.201653,,,,,,0.796557,0.652434,,,40.160576,44.921570,0.254481,0.250008,,,,,,,,,,,,
199709,,,,-0.043016,-0.699341,2.233263,0.751366,0.737018,,,55.038128,59.718410,,,,,0.037125,-0.029417,0.031610,,,,,,,,,
199716,,,,,,,,,0.741622,0.652433,,,40.870167,45.420609,0.311323,0.290248,,,,,,,,,,,,
199726,,,,,,,,,0.796557,0.652434,,,42.011757,46.385040,0.302512,0.283270,,,,-0.058122,-0.727931,2.221033,,,,,,
199736,,,,,,,,,0.824024,1.304869,,,42.972290,47.196514,0.295320,0.277660,,,,-0.062573,-0.721915,2.224099,,,,,,
199746,,,,,,,,,0.851492,-0.652435,,,44.325027,48.423832,0.283935,0.267645,,,,-0.067392,-0.715559,2.233404,,,,,,
199756,-0.067624,-0.715441,2.236211,-0.069324,-0.666276,2.250128,0.815337,0.469350,0.824024,1.304869,,,45.463219,49.456497,0.274468,0.259371,,,,,,,,,,,,
199759,,,,,,,,,,,60.906631,63.346123,,,,,0.039725,-0.029016,0.013917,,,,,,,,,
199766,,,,,,,,,0.851492,0.652435,,,46.420895,50.325382,0.326474,0.289563,,,,,,,,,,,,
199776,,,,,,,,,0.851492,-0.652435,,,47.771225,50.511917,0.315597,0.290265,,,,-0.082583,-0.695615,2.242646,,,,,,
199786,,,,,,,,,0.933894,0.000000,,,48.907394,51.757954,0.306636,0.280122,,,,-0.088103,-0.688613,2.245693,,,,,,
199796,,,,,,,,,0.906427,0.652435,,,50.407909,52.806370,0.293730,0.271746,,,,-0.093366,-0.681979,2.248768,,,,,,
199806,-0.093598,-0.681830,2.250448,-0.097694,-0.631358,2.253808,0.873734,0.205556,0.906427,0.652435,,,51.125900,53.143963,0.288506,0.270411,,,,,,,,,,,,
199809,,,,,,,,,,,66.133118,66.612976,,,,,0.041831,-0.028536,0.003360,,,,,,,,,
199816,,,,,,,,,0.961362,-0.652434,,,52.819103,53.972557,0.326502,0.297321,,,,,,,,,,,,
199826,,,,,,,,,0.933894,0.000000,,,53.699223,54.669739,0.320188,0.292738,,,,-0.110099,-0.660326,2.248780,,,,,,
199836,,,,,,,,,0.906427,-0.652435,,,54.439754,55.256348,0.315121,0.289143,,,,-0.115970,-0.652898,2.245651,,,,,,
199846,,,,,,,,,1.043764,0.000000,,,55.607380,56.294460,0.305550,0.280826,,,,-0.121800,-0.645543,2.245648,,,,,,
199856,-0.121895,-0.645539,2.246048,-0.127408,-0.594558,2.244148,0.924442,-0.058893,0.933894,0.000000,,,56.589821,57.167931,0.297634,0.273980,,,,,,,,,,,,
199859,,,,,,,,,,,70.551270,69.325813,,,,,0.043239,-0.027565,-0.001900,,,,,,,,,
199866,,,,,,,,,1.016297,-0.652434,,,57.960987,57.902866,0.330622,0.296044,,,,,,,,,,,,
199876,,,,,,,,,1.016297,0.652434,,,58.570145,58.521240,0.326927,0.292021,,,,-0.139678,-0.623045,2.230373,,,,,,
199886,,,,,,,,,1.043764,-1.304868,,,59.627232,59.041542,0.318541,0.288875,,,,-0.145927,-0.615197,2.230433,,,,,,
199896,,,,,,,,,1.016297,-0.652434,,,60.516666,59.479324,0.311653,0.286466,,,,-0.151994,-0.607258,2.224186,,,,,,
199906,-0.151941,-0.607283,2.223284,-0.157629,-0.555840,2.220766,0.965863,-0.328791,0.961362,-0.652434,,,61.265038,59.847675,0.306027,0.284678,,,,,,,,,,,,
199909,,,,,,,,,,,74.183189,71.484634,,,,,0.044329,-0.026715,-0.002518,,,,,,,,,
199916,,,,,,,,,1.098699,-1.304869,,,62.439259,60.702148,0.332953,0.299878,,,,,,,,,,,,
199926,,,,,,,,,0.988829,0.000000,,,62.882706,60.876556,0.330778,0.300256,,,,-0.170505,-0.582108,2.205534,,,,,,
199936,,,,,,,,,1.126167,-0.652435,,,63.800365,61.567848,0.323678,0.295326,,,,-0.176587,-0.573319,2.202434,,,,,,
199946,,,,,,,,,1.071232,-0.652434,,,64.572479,62.149502,0.317879,0.291377,,,,-0.182564,-0.564838,2.193185,,,,,,
199956,-0.182528,-0.564970,2.192971,-0.187428,-0.515167,2.183103,0.997115,-0.608380,1.016297,-0.652434,,,65.222137,62.638905,0.313175,0.288252,,,,,,,,,,,,
199959,,,,,,,,,,,76.807899,72.196434,,,,,0.043326,-0.025044,-0.009869,-0.188718,-0.556430,2.186958,,,,,,
199966,,,,,,,,,1.181102,-0.652433,,,66.313309,63.595230,0.330609,0.287527,,,,-0.194891,-0.547953,2.180756,,,,,,
199976,,,,,,,,,1.016297,-0.652434,,,66.686874,63.855339,0.328898,0.286594,,,,-0.201219,-0.539352,2.171463,,,,,,
199986,,,,,,,,,1.126167,-0.652435,,,67.545738,64.074196,0.322161,0.286030,,,,-0.207764,-0.529813,2.168262,,,,,,
199996,,,,,,,,,1.043764,-1.304868,,,67.723839,64.258339,0.322197,0.285776,,,,-0.214042,-0.520677,2.155665,,,,,,
200006,-0.214097,-0.520376,2.153326,-0.215816,-0.472513,2.130534,1.018201,-0.900315,1.153634,-1.304868,,,68.418236,64.957825,0.316931,0.280229,,,,,,,,,,,,
200009,,,,,,,,,,,78.630157,71.626434,,,,,0.040915,-0.024896,-0.022792,,,,,,,,,
200016,,,,,,,,,1.126167,-1.957302,,,69.547043,65.001823,0.325682,0.275414,,,,,,,,,,,,
200026,,,,,,,,,1.153634,0.000000,,,69.952278,65.583389,0.323366,0.270807,,,,-0.231995,-0.492737,2.127277,,,,,,
200036,,,,,,,,,1.043764,-1.304868,,,70.293243,65.528175,0.321623,0.272579,,,,-0.237865,-0.483115,2.114598,,,,,,
200046,,,,,,,,,1.181102,-1.957302,,,71.124672,66.026260,0.314810,0.268718,,,,-0.243512,-0.473823,2.105081,,,,,,
200056,-0.243462,-0.473671,2.100922,-0.241790,-0.427879,2.062584,1.030132,-1.204116,1.126167,-1.957302,,,71.824242,65.900810,0.309176,0.271117,,,,,,,,,,,,
200059,,,,,,,,,,,80.024414,70.394333,,,,,0.038661,-0.024597,-0.038338,,,,,,,,,
200066,,,,,,,,,1.098699,0.000000,,,71.868317,66.339798,0.324309,0.255217,,,,,,,,,,,,
200076,,,,,,,,,1.098699,-2.609736,,,72.449944,65.620071,0.320007,0.263370,,,,-0.260994,-0.444197,2.053686,,,,,,
200086,,,,,,,,,1.126167,-0.652435,,,72.394783,65.559044,0.322085,0.264947,,,,-0.266461,-0.434034,2.040692,,,,,,
200096,,,,,,,,,1.126167,-1.957302,,,72.892914,65.507690,0.318530,0.266438,,,,-0.272033,-0.423641,2.021059,,,,,,
200106,-0.271712,-0.423595,2.014087,-0.264368,-0.381303,1.979239,1.034954,-1.514084,1.126167,-3.262170,,,73.856583,65.464485,0.310127,0.267856,,,,,,,,,,,,
200109,,,,,,,,,,,80.031715,68.977127,,,,,0.035055,-0.024774,-0.034848,,,,,,,,,
200116,,,,,,,,,0.988829,-3.914606,,,73.033783,62.705414,0.319827,0.282529,,,,,,,,,,,,
200126,,,,,,,,,1.098699,-2.609736,,,73.430565,63.106647,0.317180,0.279691,,,,-0.286795,-0.393315,1.958432,,,,,,
200136,,,,,,,,,1.126167,-0.652435,,,73.764420,63.444244,0.315095,0.277421,,,,-0.291035,-0.383313,1.938451,,,,,,
200146,,,,,,,,,1.181102,-1.957302,,,74.589867,64.272842,0.307928,0.270076,,,,-0.295421,-0.372769,1.921632,,,,,,
200156,-0.295263,-0.372803,1.923921,-0.282634,-0.332870,1.881369,1.035660,-1.816961,1.098699,-1.304869,,,74.195312,64.425484,0.313041,0.269460,,,,,,,,,,,,
200159,,,,,,,,,,,80.571556,67.388550,,,,,0.033102,-0.025660,-0.042552,,,,,,,,,
200166,,,,,,,,,1.098699,-2.609736,,,74.407875,64.553917,0.317547,0.252857,,,,,,,,,,,,
200176,,,,,,,,,1.126167,-0.652435,,,73.497643,65.206520,0.328064,0.246767,,,,-0.307486,-0.340002,1.860127,,,,,,
200186,,,,,,,,,1.098699,-2.609736,,,74.365402,64.666534,0.320628,0.252711,,,,,,,,,,,,
200189,,,,,,,,,,,,,,,,,,,,-0.311022,-0.328805,1.842763,,,,,,
200196,,,,,,,,,1.181102,-3.262171,,,75.095535,64.756737,0.314421,0.252336,,,,-0.314244,-0.318224,1.825375,,,,,,
200206,-0.314165,-0.318207,1.828174,-0.295777,-0.282723,1.771137,1.035924,-2.090684,1.153634,-1.304868,,,75.165321,64.832634,0.314805,0.252088,,,,,,,,,,,,
200209,,,,,,,,,,,80.778862,65.170319,,,,,0.029634,-0.026814,-0.057037,,,,,,,,,
200216,,,,,,,,,1.043764,0.000000,,,74.134956,64.896492,0.328510,0.229322,,,,,,,,,,,,
200226,,,,,,,,,1.126167,-3.262170,,,74.901634,64.950218,0.322019,0.228829,,,,-0.322788,-0.285359,1.750846,,,,,,
200236,,,,,,,,,1.153634,-3.914605,,,75.546715,64.450882,0.316615,0.233966,,,,-0.325161,-0.274507,1.721804,,,,,,
200246,,,,,,,,,1.098699,-2.609736,,,76.089485,64.030739,0.312125,0.238395,,,,-0.327477,-0.263147,1.692447,,,,,,
200256,-0.327239,-0.263242,1.692896,-0.303126,-0.231065,1.652183,1.039616,-2.306379,1.098699,-2.609736,,,76.001633,63.132690,0.313959,0.247783,,,,,,,,,,,,
200259,,,,,,,,,,,80.940323,65.216606,,,,,0.029000,-0.027852,-0.040713,,,,,,,,,
200266,,,,,,,,,1.126167,-3.262170,,,76.472260,62.921616,0.311761,0.250816,,,,,,,,,,,,
200276,,,,,,,,,1.043764,-1.304868,,,75.234612,62.744019,0.325278,0.253086,,,,-0.332038,-0.229086,1.601855,,,,,,
200286,,,,,,,,,1.098699,-5.219474,,,75.282341,62.050045,0.325933,0.260659,,,,-0.332660,-0.217446,1.567131,,,,,,
200296,,,,,,,,,1.098699,-1.304869,,,75.867043,62.010677,0.321100,0.261694,,,,-0.332843,-0.206488,1.536116,,,,,,
200306,-0.332499,-0.206642,1.532862,-0.304178,-0.178150,1.529356,1.050156,-2.435374,1.098699,-3.914604,,,76.359009,61.977554,0.317097,0.262673,,,,,,,,,,,,
200309,,,,,,,,,,,80.919769,66.968544,,,,,0.029546,-0.027220,-0.003506,,,,,,,,,
200316,,,,,,,,,1.126167,-3.262170,,,76.772949,61.949684,0.313581,0.281475,,,,,,,,,,,,
200326,,,,,,,,,1.153634,-2.609736,,,77.121239,62.470776,0.310858,0.277164,,,,-0.332042,-0.172980,1.442023,,,,,,
200336,,,,,,,,,1.153634,-2.609736,,,76.869751,62.364681,0.314183,0.279145,,,,-0.331054,-0.161775,1.409093,,,,,,
200346,,,,,,,,,1.071232,-3.262170,,,76.658150,62.275414,0.317151,0.280977,,,,-0.330002,-0.150700,1.380395,,,,,,
200356,-0.330114,-0.151016,1.398660,-0.298624,-0.124283,1.407965,1.069807,-2.459647,1.043764,1.304868,,,74.846481,62.744846,0.336483,0.277127,,,,,,,,,,,,
200359,,,,,,,,,,,82.388863,69.180244,,,,,0.031732,-0.026446,0.009305,,,,,,,,,
200366,,,,,,,,,1.126167,-3.262170,,,75.500313,63.139828,0.346013,0.296502,,,,,,,,,,,,
200376,,,,,,,,,1.098699,-2.609736,,,75.505905,62.927620,0.347334,0.299875,,,,-0.323883,-0.116714,1.298889,,,,,,
200386,,,,,,,,,1.153634,-2.609736,,,76.055153,63.293613,0.343108,0.297392,,,,-0.321342,-0.105766,1.271237,,,,,,
200396,,,,,,,,,1.181102,-1.957302,,,76.517288,64.146103,0.339661,0.289874,,,,-0.318418,-0.094860,1.247269,,,,,,
200406,-0.318293,-0.094742,1.251765,-0.286359,-0.069802,1.292821,1.099179,-2.379698,1.181102,-1.957302,,,76.906128,64.318840,0.336869,0.289119,,,,,,,,,,,,
200409,,,,,,,,,,,83.345779,72.890709,,,,,0.033698,-0.022500,0.041056,,,,,,,,,
200416,,,,,,,,,1.043764,-1.304868,,,75.055130,63.919640,0.366606,0.332010,,,,,,,,,,,,
200426,,,,,,,,,1.126167,-1.957302,,,75.675873,64.128296,0.361933,0.331676,,,,-0.307725,-0.061669,1.176531,,,,,,
200436,,,,,,,,,1.208569,-2.609737,,,76.198166,65.392944,0.358139,0.320529,,,,-0.303253,-0.050101,1.146748,,,,,,
200446,,,,,,,,,1.181102,-0.652433,,,76.637619,65.912476,0.355087,0.316729,,,,-0.298841,-0.039121,1.123771,,,,,,
200456,-0.298487,-0.038873,1.123573,-0.267492,-0.015055,1.187536,1.137106,-2.213955,1.263504,-2.609736,,,77.551918,66.894157,0.347102,0.308112,,,,,,,,,,,,
200459,,,,,,,,,,,84.580971,76.886383,,,,,0.034880,-0.017647,0.063963,,,,,,,,,
200466,,,,,,,,,1.208569,-2.609737,,,78.321213,67.720146,0.353013,0.341642,,,,,,,,,,,,
200476,,,,,,,,,1.071232,-0.652434,,,77.334869,67.326042,0.364326,0.347495,,,,-0.284078,-0.006970,1.055782,,,,,,
200486,,,,,,,,,1.290972,-1.957303,,,78.138588,68.628075,0.357577,0.336127,,,,-0.278321,0.004311,1.039860,,,,,,
200496,,,,,,,,,1.236037,-1.957302,,,78.814835,69.179062,0.351968,0.332158,,,,-0.272244,0.015389,1.027047,,,,,,
200506,-0.272104,0.015463,1.032414,-0.242338,0.039614,1.094313,1.180947,-1.990211,1.236036,-0.652434,,,79.383827,70.187202,0.347317,0.323417,,,,,,,,,,,,
200509,,,,,,,,,,,86.967766,80.616364,,,,,0.035997,-0.013172,0.061899,,,,,,,,,
200516,,,,,,,,,1.181102,0.652433,,,77.684402,70.490913,0.390036,0.359704,,,,,,,,,,,,
200526,,,,,,,,,1.208569,-1.304866,,,78.432686,71.290993,0.384260,0.353569,,,,-0.252684,0.047388,0.985952,,,,,,
200536,,,,,,,,,1.373374,-1.304869,,,79.606834,72.508728,0.373991,0.343013,,,,-0.246076,0.057600,0.973444,,,,,,
200546,,,,,,,,,1.263504,0.000000,,,80.050217,74.077873,0.370941,0.328629,,,,-0.239195,0.068529,0.964118,,,,,,
200556,-0.238839,0.068646,0.958910,-0.211411,0.093892,1.014172,1.227133,-1.735439,1.318439,-2.609739,,,80.967819,74.309059,0.362965,0.327579,,,,,,,,,,,,
200559,,,,,,,,,,,89.402321,84.241768,,,,,0.036421,-0.007950,0.055262,,,,,,,,,
200566,,,,,,,,,1.345907,-0.652434,,,81.195351,75.048126,0.386676,0.358281,,,,,,,,,,,,
200576,,,,,,,,,1.263504,-1.304869,,,82.475883,75.669975,0.375256,0.353777,,,,-0.216902,0.100901,0.926728,,,,,,
200586,,,,,,,,,1.345907,-0.652434,,,83.008774,76.737747,0.371206,0.344600,,,,,,,,,,,,
200593,,,,,,,,,,,,,,,,,,,,-0.209389,0.111084,0.914392,,,,,,
200596,,,,,,,,,1.153634,-1.304868,,,81.823524,75.457993,0.384574,0.359154,,,,-0.201328,0.121431,0.911469,,,,,,
200606,-0.201020,0.121613,0.909982,-0.175406,0.147514,0.947350,1.271763,-1.469538,1.373374,-1.304869,,,82.459885,76.559380,0.379599,0.349677,,,,,,,,,,,,
200609,,,,,,,,,,,92.055733,87.148972,,,,,0.036169,-0.004326,0.037368,-0.193238,0.131741,0.895883,,,,,,
200616,,,,,,,,,1.318439,0.000000,,,82.995316,77.486092,0.402591,0.371414,,,,-0.184923,0.142727,0.889848,,,,,,
200626,,,,,,,,,1.400841,-1.957302,,,83.990372,78.265823,0.394254,0.365393,,,,-0.176132,0.154011,0.877600,,,,,,
200636,,,,,,,,,1.208569,0.000000,,,82.649437,77.288261,0.409544,0.377141,,,,-0.167551,0.164779,0.868387,,,,,,
200646,,,,,,,,,1.373374,0.000000,,,83.699348,78.643913,0.400717,0.365286,,,,-0.158701,0.175540,0.853133,,,,,,
200656,-0.158287,0.175661,0.849704,-0.135171,0.200281,0.893693,1.311076,-1.203944,1.455776,-1.957302,,,85.127289,79.784561,0.387823,0.355352,,,,,,,,,,,,
200659,,,,,,,,,,,92.726494,89.985756,,,,,0.033753,-0.001108,0.043989,,,,,,,,,
200666,,,,,,,,,1.373374,0.000000,,,85.784210,80.744301,0.389350,0.375971,,,,,,,,,,,,
200676,,,,,,,,,1.428309,-2.609736,,,86.881493,81.551826,0.379546,0.369582,,,,-0.131235,0.207285,0.825885,,,,,,
200686,,,,,,,,,1.455776,-0.652433,,,87.260201,82.775818,0.376852,0.358784,,,,-0.122259,0.217530,0.820044,,,,,,
200696,,,,,,,,,1.208569,1.304866,,,85.945213,81.627510,0.391358,0.371939,,,,-0.112479,0.228115,0.804849,,,,,,
200706,-0.112250,0.227951,0.800416,-0.091679,0.252064,0.852947,1.341798,-0.943198,1.400841,-1.957302,,,87.016960,82.294960,0.381783,0.366803,,,,,,,,,,,,
200709,,,,,,,,,,,92.856964,92.428535,,,,,0.031630,0.002030,0.052531,,,,,,,,,
200716,,,,,,,,,1.538179,-1.304869,,,87.918724,83.401093,0.375057,0.381975,,,,,,,,,,,,
200726,,,,,,,,,1.400841,0.652435,,,88.677467,84.331795,0.368306,0.374287,,,,-0.082395,0.259688,0.777783,,,,,,
200736,,,,,,,,,1.483244,0.000000,,,89.315872,85.114883,0.362630,0.367919,,,,-0.072234,0.269875,0.775013,,,,,,
200746,,,,,,,,,1.428309,-1.304868,,,89.853027,86.318321,0.357859,0.357107,,,,-0.062053,0.279818,0.765916,,,,,,
200756,-0.062402,0.279425,0.768812,-0.045994,0.302814,0.824922,1.361337,-0.687325,1.318439,0.000000,,,88.126816,85.152718,0.376067,0.370218,,,,,,,,,,,,
200759,,,,,,,,,,,92.121864,93.558174,,,,,0.028055,0.005402,0.056110,,,,,,,,,
200766,,,,,,,,,1.373374,0.000000,,,88.308014,85.805611,0.367667,0.376536,,,,,,,,,,,,
200776,,,,,,,,,1.510711,0.652434,,,89.005020,86.899498,0.361320,0.366929,,,,-0.030076,0.310001,0.759960,,,,,,
200786,,,,,,,,,1.510711,-0.652434,,,89.591476,87.819893,0.355962,0.358872,,,,-0.019304,0.320213,0.756922,,,,,,
200796,,,,,,,,,1.400841,0.652435,,,89.540382,88.049774,0.356989,0.357675,,,,-0.008367,0.330254,0.756922,,,,,,
200806,-0.008402,0.330453,0.760648,0.000771,0.352552,0.809583,1.367903,-0.433840,1.510711,0.652434,,,90.041931,89.332275,0.352390,0.345695,,,,,,,,,,,,
200809,,,,,,,,,,,90.364929,92.725601,,,,,0.021880,0.009684,0.048935,,,,,,,,,
200816,,,,,,,,,1.290972,-0.652435,,,88.285759,87.688660,0.352798,0.354813,,,,,,,,,,,,
200826,,,,,,,,,1.428309,0.000000,,,88.441750,88.483894,0.351623,0.347709,,,,0.024344,0.360530,0.759924,,,,,,
200836,,,,,,,,,1.455776,-0.652433,,,88.572998,88.608459,0.350668,0.347287,,,,0.035214,0.370600,0.762857,,,,,,
200846,,,,,,,,,1.400841,1.957302,,,88.683434,89.257812,0.349900,0.341487,,,,0.046537,0.380900,0.765821,,,,,,
200856,0.046576,0.380975,0.762648,0.047483,0.401351,0.807081,1.360560,-0.179206,1.510711,-0.652434,,,89.320892,89.804176,0.343735,0.336608,,,,,,,,,,,,
200859,,,,,,,,,,,87.354782,90.834099,,,,,0.014732,0.014106,0.044433,0.057242,0.390987,0.768800,,,,,,
200866,,,,,,,,,1.455776,1.957302,,,89.312714,90.263885,0.313323,0.313210,,,,0.068181,0.400856,0.774772,,,,,,
200876,,,,,,,,,1.181102,-0.652433,,,87.127655,87.927971,0.335219,0.337150,,,,0.078746,0.410844,0.780764,,,,,,
200886,,,,,,,,,1.510711,0.652434,,,87.467323,88.685249,0.331800,0.330007,,,,0.089076,0.420905,0.783790,,,,,,
200896,,,,,,,,,1.345907,0.652434,,,87.208572,88.777878,0.334417,0.329492,,,,0.099494,0.431302,0.786892,,,,,,
200906,0.099568,0.431529,0.787589,0.093032,0.449321,0.817740,1.339239,0.080241,1.510711,0.652434,,,87.535408,89.400360,0.331112,0.323554,,,,,,,,,,,,
200909,,,,,,,,,,,84.064316,87.762840,,,,,0.007997,0.017185,0.030151,,,,,,,,,
200916,,,,,,,,,1.400841,-0.652435,,,87.810402,89.379578,0.294709,0.292726,,,,,,,,,,,,
200926,,,,,,,,,1.400841,1.957302,,,87.497238,89.362091,0.297154,0.292581,,,,0.130821,0.462084,0.792806,,,,,,
200936,,,,,,,,,1.153634,0.000000,,,85.055573,86.624657,0.321372,0.320183,,,,0.141359,0.472259,0.798778,,,,,,
200946,,,,,,,,,1.400841,0.652435,,,85.179329,87.044098,0.319912,0.316132,,,,0.151814,0.482636,0.801754,,,,,,
200956,0.151515,0.482573,0.803293,0.136370,0.496580,0.842016,1.304699,0.347664,1.400841,0.652435,,,85.283455,87.397018,0.318626,0.312676,,,,,,,,,,,,
200959,,,,,,,,,,,78.425476,84.294327,,,,,-0.000436,0.020624,0.038723,,,,,,,,,
200966,,,,,,,,,1.345907,-0.652434,,,85.371071,87.149422,0.259973,0.279896,,,,,,,,,,,,
200976,,,,,,,,,1.400841,0.652435,,,85.444786,86.941093,0.257832,0.281450,,,,0.182412,0.513439,0.807789,,,,,,
200986,,,,,,,,,1.263504,0.000000,,,84.417725,86.221260,0.266904,0.288263,,,,0.192322,0.523700,0.810768,,,,,,
200996,,,,,,,,,1.181102,0.652433,,,81.919930,83.981964,0.291183,0.310718,,,,0.202221,0.533900,0.816789,,,,,,
201006,0.201669,0.533546,0.818386,0.176540,0.543228,0.880432,1.258476,0.625162,1.290972,0.652435,,,81.451912,84.275993,0.295258,0.307781,,,,,,,,,,,,
201009,,,,,,,,,,,71.056526,80.266129,,,,,-0.010105,0.024962,0.062046,,,,,,,,,
201016,,,,,,,,,1.290972,0.652435,,,81.058121,83.978844,0.223506,0.269728,,,,,,,,,,,,
201026,,,,,,,,,1.236037,1.957302,,,80.182243,83.728828,0.230440,0.271536,,,,0.231723,0.564379,0.838369,,,,,,
201036,,,,,,,,,1.263504,2.609736,,,78.900734,83.518463,0.241686,0.272989,,,,0.241118,0.574759,0.850540,,,,,,
201046,,,,,,,,,1.236036,-0.652434,,,78.367020,82.796913,0.245561,0.279699,,,,0.250298,0.584852,0.859973,,,,,,
201056,0.249387,0.584050,0.859215,0.212707,0.589321,0.933479,1.202731,0.913166,1.126167,0.652435,,,77.373405,80.556175,0.254234,0.302048,,,,,,,,,,,,
201059,,,,,,,,,,,63.536015,75.162560,,,,,-0.019962,0.031221,0.074264,,,,,,,,,
201066,,,,,,,,,1.236037,1.957302,,,76.537384,80.848991,0.184788,0.246947,,,,0.266967,0.603351,0.893216,,,,,,
201076,,,,,,,,,1.236036,0.652434,,,75.833954,81.095367,0.189363,0.243296,,,,0.274796,0.612565,0.908409,,,,,,
201086,,,,,,,,,1.098699,2.609736,,,74.153000,80.213585,0.204049,0.251104,,,,0.282099,0.621416,0.929800,,,,,,
201096,,,,,,,,,1.208569,2.609737,,,73.283188,80.016190,0.210798,0.252107,,,,0.289697,0.631129,0.951593,,,,,,
201106,0.289223,0.630902,0.952043,0.244178,0.634840,1.001475,1.140099,1.209777,1.126167,1.957302,,,71.462242,79.305565,0.227422,0.258385,,,,,,,,,,,,
201109,,,,,,,,,,,59.059711,70.386826,,,,,-0.022919,0.038978,0.049432,,,,,,,,,
201116,,,,,,,,,1.043764,1.304868,,,69.930099,77.618553,0.195806,0.226051,,,,,,,,,,,,
201126,,,,,,,,,1.043764,2.609737,,,68.640953,76.743645,0.206782,0.233529,,,,0.310484,0.659960,1.017547,,,,,,
201136,,,,,,,,,1.016297,0.652434,,,67.011726,75.462959,0.221484,0.245321,,,,0.316985,0.669509,1.040045,,,,,,
201146,,,,,,,,,1.016297,3.262172,,,65.640892,74.929932,0.233876,0.249742,,,,0.323508,0.679215,1.062971,,,,,,
201156,0.323061,0.679079,1.064599,0.270425,0.679685,1.084420,1.073452,1.510112,1.098699,2.609736,,,65.032013,74.481445,0.238770,0.253408,,,,,,,,,,,,
201159,,,,,,,,,,,54.618668,65.479439,,,,,-0.024990,0.046329,0.019821,,,,,,,,,
201166,,,,,,,,,1.043764,2.609737,,,63.975163,74.104088,0.203057,0.206383,,,,0.334440,0.696981,1.111462,,,,,,
201176,,,,,,,,,1.043764,1.304868,,,63.085930,73.242035,0.210256,0.213451,,,,0.339374,0.705983,1.130962,,,,,,
201186,,,,,,,,,0.988829,1.304868,,,62.337727,71.972160,0.216194,0.224851,,,,0.344077,0.715432,1.153939,,,,,,
201196,,,,,,,,,0.933894,1.304869,,,61.708191,70.903687,0.221071,0.234451,,,,0.348518,0.724696,1.170332,,,,,,
201206,0.348263,0.724695,1.169663,0.291094,0.723659,1.181844,1.005623,1.806151,1.016297,1.957302,,,60.633953,70.004677,0.230611,0.242536,,,,,,,,,,,,
201209,,,,,,,,,,,50.331978,62.268681,,,,,-0.023276,0.052226,0.012181,,,,,,,,,
201216,,,,,,,,,0.933894,2.609737,,,59.730091,69.248245,0.194903,0.216597,,,,,,,,,,,,
201226,,,,,,,,,0.933894,1.304869,,,58.969582,68.611786,0.200780,0.221693,,,,0.360508,0.752886,1.220887,,,,,,
201236,,,,,,,,,0.961362,1.957303,,,58.329689,67.531723,0.205580,0.231441,,,,0.363812,0.761695,1.234303,,,,,,
201246,,,,,,,,,0.906427,0.652435,,,57.791283,66.622963,0.209472,0.239658,,,,0.367129,0.771012,1.251405,,,,,,
201256,0.366942,0.770910,1.252753,0.306009,0.766472,1.292727,0.939124,2.087376,0.961362,1.957303,,,57.338268,66.402870,0.212601,0.241032,,,,,,,,,,,,
201259,,,,,,,,,,,44.588795,59.618759,,,,,-0.023270,0.056490,0.039974,,,,,,,,,
201266,,,,,,,,,0.961362,0.652434,,,56.957104,65.673141,0.156507,0.220619,,,,,,,,,,,,
201276,,,,,,,,,0.878959,2.609737,,,56.091846,65.059151,0.162859,0.225671,,,,0.376182,0.797304,1.299551,,,,,,
201286,,,,,,,,,0.878959,2.609737,,,54.819275,64.542542,0.173538,0.229852,,,,0.378868,0.806147,1.316816,,,,,,
201296,,,,,,,,,0.933894,2.609737,,,53.748535,64.107864,0.182414,0.233301,,,,0.381203,0.814898,1.337848,,,,,,
201306,0.380865,0.814674,1.344386,0.315165,0.807746,1.415535,0.875893,2.342718,0.851492,3.262170,,,52.847614,63.742126,0.189771,0.236134,,,,,,,,,,,,
201309,,,,,,,,,,,39.563786,57.552109,,,,,-0.021500,0.062468,0.071149,0.383629,0.823699,1.366414,,,,,,
201316,,,,,,,,,0.906427,1.957303,,,52.089581,63.434395,0.144596,0.217368,,,,0.385800,0.832705,1.391628,,,,,,
201326,,,,,,,,,0.824024,2.609737,,,50.907227,63.175468,0.154151,0.218833,,,,0.387714,0.841186,1.420927,,,,,,
201336,,,,,,,,,0.796557,3.262171,,,49.912395,62.413067,0.162030,0.225485,,,,0.389325,0.849510,1.450181,,,,,,
201346,,,,,,,,,0.878959,3.914604,,,48.530800,62.316124,0.174052,0.225501,,,,0.390708,0.857723,1.483536,,,,,,
201356,0.390398,0.857296,1.482802,0.318725,0.847050,1.548437,0.817157,2.563491,0.769089,2.609737,,,47.368328,61.690014,0.184116,0.230935,,,,,,,,,,,,
201359,,,,,,,,,,,36.973446,55.667294,,,,,-0.016505,0.070496,0.065635,,,,,,,,,
201366,,,,,,,,,0.851492,4.567039,,,46.934769,61.707748,0.160556,0.210701,,,,,,,,,,,,
201376,,,,,,,,,0.769089,2.609737,,,46.025425,61.178127,0.167839,0.214895,,,,0.392957,0.882237,1.580678,,,,,,
201386,,,,,,,,,0.796557,3.262171,,,45.260303,60.732502,0.173833,0.218339,,,,0.393092,0.890169,1.615491,,,,,,
201396,,,,,,,,,0.796557,4.567040,,,44.071987,60.357555,0.184297,0.221150,,,,0.392992,0.898075,1.653487,,,,,,
201406,0.392795,0.897995,1.652845,0.316998,0.883908,1.689568,0.763406,2.746250,0.796557,3.262171,,,43.616684,60.042072,0.187521,0.223430,,,,,,,,,,,,
201409,,,,,,,,,,,36.443787,54.514641,,,,,-0.007828,0.076696,0.036723,,,,,,,,,
201416,,,,,,,,,0.824024,2.609737,,,43.233589,59.776627,0.184697,0.213505,,,,,,,,,,,,
201426,,,,,,,,,0.714154,2.609737,,,42.911255,59.008736,0.186627,0.220285,,,,0.391018,0.921121,1.756535,,,,,,
201436,,,,,,,,,0.824024,3.914605,,,42.640041,58.907177,0.188100,0.220422,,,,0.389720,0.928382,1.788798,,,,,,
201446,,,,,,,,,0.741622,1.957302,,,41.867302,58.277184,0.194743,0.225970,,,,0.388284,0.935659,1.820496,,,,,,
201465,0.388549,0.933413,1.811902,0.310423,0.917848,1.837325,0.714564,2.893628,0.219740,1.304868,36.556240,54.726593,37.405315,51.757130,0.239170,0.291722,0.003540,0.079583,0.025423,,,,,,,,,
201468,,,,,,,,,0.466947,-0.652434,,,36.373718,50.082962,0.250647,0.311512,,,,,,,,,,,,
201476,,,,,,,,,0.878959,2.609737,,,37.683903,49.763401,0.237320,0.315700,,,,,,,,,,,,
201486,,,,,,,,,0.851492,4.567039,,,38.786293,52.217239,0.225850,0.291664,,,,0.381290,0.963372,1.944916,,,,,,
201496,,,,,,,,,0.796557,3.262171,,,39.169300,53.192814,0.221497,0.282215,,,,0.379205,0.969717,1.981789,,,,,,
201501,,,,,,,,,,,,,,,,,,,,0.379205,0.969717,1.981789,,,,,,
201506,0.378762,0.970025,1.986685,0.299540,0.948430,1.990444,0.670245,3.012373,0.851492,4.567039,,,39.491562,54.558205,0.217688,0.268594,,,,,,,,,,,,
201509,,,,,,,,,,,36.470657,54.200661,,,,,0.012251,0.081193,0.003759,0.376304,0.977287,2.017937,,,,,,
201516,,,,,,,,,0.796557,3.262171,,,39.762714,55.707043,0.213462,0.251545,,,,0.373287,0.984829,2.050399,,,,,,
201526,,,,,,,,,0.824024,3.914605,,,39.990860,56.129131,0.210476,0.246939,,,,0.370022,0.992379,2.085822,,,,,,
201536,,,,,,,,,0.769089,2.609737,,,40.182823,56.484280,0.207814,0.242931,,,,0.366209,1.000027,2.120770,,,,,,
201546,,,,,,,,,0.824024,3.914605,,,40.344341,56.783100,0.205424,0.239426,,,,0.362334,1.007238,2.155567,,,,,,
201556,0.362116,1.007052,2.155074,0.284969,0.975276,2.147850,0.630047,3.108811,0.796557,3.262171,,,40.480244,57.579071,0.203263,0.230791,,,,,,,,,,,,
201559,,,,,,,,,,,35.040062,52.741596,,,,,0.016049,0.081877,-0.007224,,,,,,,,,
201566,,,,,,,,,0.851492,3.262170,,,40.594589,57.704258,0.186703,0.213955,,,,,,,,,,,,
201576,,,,,,,,,0.769089,2.609737,,,40.690800,57.809589,0.184611,0.211889,,,,0.349491,1.027880,2.257878,,,,,,
201582,,,,,,,,,,,,,,,,,,,,0.349491,1.027880,2.257878,,,,,,
201585,,,,,,,,,0.769089,2.609737,,,40.771751,57.353672,0.182655,0.215525,,,,0.349491,1.027880,2.257878,,,,,,
201588,,,,,,,,,,,,,,,,,,,,0.344881,1.034355,2.294458,,,,,,
201596,,,,,,,,,0.741622,3.262171,,,40.839867,56.970062,0.180814,0.218516,,,,0.339655,1.040843,2.327643,,,,,,
201606,0.339474,1.040635,2.326841,0.267376,0.998115,2.308333,0.593749,3.183820,0.796557,3.262171,,,40.897179,57.191837,0.179069,0.215408,,,,,,,,,,,,
201609,,,,,,,,,,,33.518097,51.109310,,,,,0.018527,0.081625,-0.018508,,,,,,,,,
201616,,,,,,,,,0.769089,2.609737,,,40.400856,56.833897,0.167436,0.201520,,,,,,,,,,,,
201626,,,,,,,,,0.741622,3.262171,,,40.527794,56.532722,0.164765,0.203447,,,,0.322801,1.059350,2.416846,,,,,,
201636,,,,,,,,,0.769089,2.609737,,,40.090054,56.279316,0.167828,0.204947,,,,0.316964,1.064964,2.449208,,,,,,
201646,,,,,,,,,0.686687,3.262170,,,39.721741,55.521557,0.170271,0.211642,,,,0.311048,1.070313,2.475615,,,,,,
201656,0.310953,1.070062,2.476810,0.247451,1.016793,2.470096,0.561344,3.229789,0.796557,3.262171,,,39.411842,55.428520,0.172191,0.211708,,,,,,,,,,,,
201659,,,,,,,,,,,30.799582,48.995785,,,,,0.017118,0.081099,-0.006714,,,,,,,,,
201666,,,,,,,,,0.686687,3.262170,,,39.151093,55.350243,0.145943,0.190085,,,,,,,,,,,,
201676,,,,,,,,,0.714154,2.609737,,,38.931698,54.739834,0.146510,0.195040,,,,0.292654,1.084806,2.553781,,,,,,
201686,,,,,,,,,0.769089,2.609737,,,38.747101,54.226238,0.146767,0.199130,,,,,,,,,,,,
201693,,,,,,,,,,,,,,,,,,,,0.286424,1.089171,2.582587,,,,,,
201696,,,,,,,,,0.714154,2.609737,,,38.591782,53.794098,0.146762,0.202492,,,,0.280122,1.093450,2.611360,,,,,,
201706,0.280308,1.093079,2.613751,,,,,,0.686687,3.262170,,,38.461094,53.430496,0.146536,0.205241,,,,,,,,,,,,
201709,,,,0.225882,1.031287,2.630454,0.532905,3.231494,,,28.308867,47.236164,,,,,0.015895,0.080795,0.016703,0.273786,1.097512,2.639951,,,,,,
201716,,,,,,,,,0.686687,3.262170,,,37.806591,53.669106,0.126274,0.183972,,,,0.267483,1.101203,2.668384,,,,,,
201726,,,,,,,,,0.659220,2.609737,,,37.255894,52.780785,0.129992,0.191746,,,,0.261068,1.104816,2.699559,,,,,,
201736,,,,,,,,,0.659220,3.914604,,,36.247993,52.577892,0.138483,0.192707,,,,0.254389,1.108174,2.736228,,,,,,
201746,,,,,,,,,0.659220,2.609737,,,35.944489,51.862637,0.139991,0.198934,,,,0.247934,1.111233,2.767334,,,,,,
201756,0.248020,1.110883,2.773601,0.203328,1.041722,2.786060,0.508340,3.171760,0.686687,4.567039,,,35.144577,51.805363,0.146623,0.198593,,,,,,,,,,,,
201759,,,,,,,,,,,27.306660,45.691830,,,,,0.016819,0.080608,0.012459,,,,,,,,,
201766,,,,,,,,,0.631752,3.262170,,,34.471531,51.757172,0.141899,0.182419,,,,,,,,,,,,
201776,,,,,,,,,0.659220,2.609737,,,34.449772,51.172081,0.140687,0.187173,,,,0.228991,1.118350,2.870792,,,,,,
201786,,,,,,,,,0.659220,3.914604,,,33.886921,51.224331,0.145000,0.185544,,,,0.223007,1.120182,2.904526,,,,,,
201796,,,,,,,,,0.659220,2.609737,,,33.413342,50.723751,0.148514,0.189544,,,,0.217086,1.121708,2.937967,,,,,,
201806,0.217240,1.121482,2.940595,0.180411,1.048351,2.933277,0.487151,3.039966,0.604285,3.914605,,,33.014870,50.302563,0.151357,0.192834,,,,,,,,,,,,
201809,,,,,,,,,,,27.995392,44.983429,,,,,0.021487,0.079012,-0.007318,,,,,,,,,
201816,,,,,,,,,0.659220,2.609737,,,33.224140,49.948174,0.155106,0.188301,,,,,,,,,,,,
201826,,,,,,,,,0.659220,2.609737,,,32.855675,49.105450,0.157819,0.195903,,,,0.199330,1.125338,3.038385,,,,,,
201836,,,,,,,,,0.604285,3.914605,,,32.545650,49.485466,0.160009,0.191203,,,,0.193599,1.126199,3.071694,,,,,,
201846,,,,,,,,,0.631752,3.262170,,,32.284794,48.716125,0.161760,0.198150,,,,0.187901,1.126847,3.102286,,,,,,
201856,0.187622,1.126765,3.099664,0.157686,1.051550,3.068970,0.468317,2.838344,0.659220,2.609737,,,32.609852,49.157890,0.157586,0.192897,,,,,,,,,,,,
201859,,,,,,,,,,,29.201916,44.360882,,,,,0.026757,0.076404,-0.030694,,,,,,,,,
201866,,,,,,,,,0.604285,2.609737,,,32.338814,48.440506,0.171735,0.193030,,,,,,,,,,,,
201876,,,,,,,,,0.631752,3.262170,,,32.110764,48.381439,0.173433,0.192816,,,,0.171540,1.127616,-3.091982,,,,,,
201886,,,,,,,,,0.686687,3.262170,,,32.463425,48.331741,0.169254,0.192519,,,,0.166238,1.127513,-3.064088,,,,,,
201896,,,,,,,,,0.604285,2.609737,,,32.215611,48.289925,0.171130,0.192151,,,,0.160304,1.127337,-3.039093,,,,,,
201906,0.160062,1.127228,-3.040265,0.135643,1.051789,-3.092211,0.450373,2.582229,0.604285,2.609737,,,32.007099,47.710197,0.172654,0.197279,,,,,,,,,,,,
201909,,,,,,,,,,,30.516981,43.661385,,,,,0.031925,0.072582,-0.051946,,,,,,,,,
201916,,,,,,,,,0.604285,2.609737,,,31.831657,46.677872,0.187296,0.200004,,,,,,,,,,,,
201926,,,,,,,,,0.576817,1.957303,,,31.684042,46.353817,0.188539,0.202706,,,,0.141348,1.125669,-2.964464,,,,,,
201936,,,,,,,,,0.604285,2.609737,,,31.559837,46.081158,0.189572,0.204948,,,,0.135487,1.124951,-2.936558,,,,,,
201946,,,,,,,,,0.659220,2.609737,,,31.999874,45.851742,0.184875,0.206804,,,,0.129462,1.124069,-2.914308,,,,,,
201956,0.129409,1.123931,-2.916669,0.114694,1.049606,-2.984912,0.431659,2.294307,0.631752,1.957303,,,32.370121,45.658710,0.180802,0.208335,,,,,,,,,,,,
201959,,,,,,,,,,,30.033722,41.191479,,,,,0.030922,0.069171,-0.068243,0.123488,1.122936,-2.891937,,,,,,
201966,,,,,,,,,0.604285,2.609737,,,32.137104,45.496296,0.177879,0.184399,,,,0.116944,1.121498,-2.872498,,,,,,
201976,,,,,,,,,0.631752,1.957303,,,32.485588,45.359638,0.173904,0.184932,,,,0.110727,1.119962,-2.847311,,,,,,
201986,,,,,,,,,0.604285,1.304869,,,32.778801,45.244656,0.170423,0.185272,,,,0.104496,1.118345,-2.827780,,,,,,
201996,,,,,,,,,0.631752,1.957303,,,33.025509,45.147911,0.167357,0.185448,,,,0.098517,1.116516,-2.808099,,,,,,
202006,0.098558,1.116419,-2.809000,0.095181,1.045576,-2.892334,0.410612,1.997202,0.631752,1.957303,,,33.233089,45.066509,0.164642,0.185487,,,,,,,,,,,,
202009,,,,,,,,,,,28.374407,37.580177,,,,,0.026322,0.065858,-0.083334,,,,,,,,,
202016,,,,,,,,,0.604285,1.304869,,,33.407749,44.453472,0.145295,0.154129,,,,,,,,,,,,
202026,,,,,,,,,0.604285,2.609737,,,33.010166,44.482208,0.148344,0.152462,,,,0.081352,1.110910,-2.748916,,,,,,
202036,,,,,,,,,0.604285,1.304869,,,33.220181,43.417297,0.145275,0.161943,,,,0.075333,1.108665,-2.729167,,,,,,
202046,,,,,,,,,0.549350,1.304868,,,32.852345,43.065826,0.148057,0.164361,,,,0.069488,1.106345,-2.712186,,,,,,
202056,0.069681,1.106289,-2.712100,0.077354,1.040272,-2.813721,0.386053,1.708615,0.576817,1.957303,,,32.542847,42.770100,0.150319,0.166280,,,,,,,,,,,,
202059,,,,,,,,,,,26.128981,33.417980,,,,,0.020514,0.063217,-0.101621,,,,,,,,,
202066,,,,,,,,,0.576817,1.957303,,,32.282436,42.521275,0.129238,0.125326,,,,,,,,,,,,
202076,,,,,,,,,0.549350,1.304868,,,32.063328,41.767368,0.130242,0.131195,,,,0.052582,1.098646,-2.669666,,,,,,
202086,,,,,,,,,0.576817,0.652434,,,31.878969,41.133034,0.130936,0.135995,,,,0.047172,1.095989,-2.658273,,,,,,
202096,,,,,,,,,0.521882,1.957302,,,31.723850,40.599304,0.131368,0.139896,,,,0.041690,1.093308,-2.643978,,,,,,
202101,,,,,,,,,,,,,,,,,,,,0.041690,1.093308,-2.643978,,,,,,
202106,0.042066,1.093447,-2.646958,0.061399,1.034243,-2.747956,0.357346,1.439621,0.521882,0.652434,,,31.593332,39.605682,0.131580,0.148595,,,,,,,,,,,,
202109,,,,,,,,,,,22.342958,28.335169,,,,,0.011089,0.061286,-0.100998,,,,,,,,,
202116,,,,,,,,,0.576817,0.652434,,,31.483515,39.314190,0.092990,0.098486,,,,,,,,,,,,
202126,,,,,,,,,0.439480,1.304869,,,30.846571,37.979843,0.097659,0.109901,,,,0.025957,1.085078,-2.612509,,,,,,
202132,,,,,,,,,,,,,,,,,,,,0.025957,1.085078,-2.612509,,,,,,
202136,,,,,,,,,0.494415,1.304868,,,30.310646,37.401669,0.101424,0.113869,,,,0.020931,1.082347,-2.600998,,,,,,
202146,,,,,,,,,0.466947,0.652434,,,29.859718,36.370647,0.104430,0.122572,,,,0.015941,1.079371,-2.592351,,,,,,
202154,,,,,,,,,0.466947,0.652434,,,28.935766,35.503147,0.112351,0.129814,,,,0.015941,1.079371,-2.592351,,,,,,
202158,0.016426,1.079591,-2.594197,0.047416,1.027980,-2.693709,0.324448,1.195718,,,17.853231,22.726894,,,,,0.000400,0.060199,-0.099511,,,,,,,,,
202166,,,,,,,,,0.439480,1.304869,,,28.158352,34.773232,0.073167,0.078621,,,,,,,,,,,,
202176,,,,,,,,,0.412012,0.652434,,,27.504236,33.614536,0.077778,0.088030,,,,0.001861,1.070808,-2.562755,,,,,,
202186,,,,,,,,,0.412012,1.957303,,,26.953863,33.184155,0.081462,0.090242,,,,-0.001605,1.068689,-2.551476,,,,,,
202196,,,,,,,,,0.412012,0.652434,,,26.490780,32.277489,0.084365,0.097399,,,,-0.004980,1.066418,-2.542893,,,,,,
202206,-0.004534,1.066641,-2.541724,,,,,,0.384545,1.304868,,,25.556599,30.970078,0.092166,0.108825,,,,,,,,,,,,
202209,,,,0.035453,1.021901,-2.649677,0.287875,0.978417,,,13.842564,17.573643,,,,,-0.007749,0.059503,-0.107953,,,,,,,,,
202216,,,,,,,,,0.357077,0.652434,,,24.770578,30.414564,0.057734,0.060279,,,,,,,,,,,,
202226,,,,,,,,,0.302142,0.652434,,,23.564678,28.858070,0.067849,0.073587,,,,-0.013984,1.060341,-2.510840,,,,,,
202236,,,,,,,,,0.329610,1.304868,,,22.550034,28.092979,0.076254,0.079134,,,,-0.017043,1.058210,-2.502363,,,,,,
202246,,,,,,,,,0.302142,0.652434,,,21.696312,26.904688,0.083220,0.089151,,,,-0.020044,1.056149,-2.490202,,,,,,
202256,-0.019776,1.056295,-2.491788,0.025490,1.016333,-2.614607,0.248596,0.787052,0.302142,0.652434,,,20.433447,25.904860,0.094531,0.097483,,,,,,,,,,,,
202259,,,,,,,,,,,10.742106,13.425423,,,,,-0.011863,0.059205,-0.122819,-0.022536,1.054334,-2.481425,,,,,,
202266,,,,,,,,,0.302142,0.652434,,,19.915415,25.063604,0.066872,0.062086,,,,-0.024603,1.052676,-2.475537,,,,,,
202276,,,,,,,,,0.274675,1.304868,,,19.479544,24.355772,0.069483,0.066978,,,,-0.026637,1.051295,-2.463565,,,,,,
202286,,,,,,,,,0.247207,0.652434,,,18.568258,23.215660,0.077031,0.076421,,,,-0.028692,1.049751,-2.455040,,,,,,
202296,,,,,,,,,0.247207,0.652434,,,17.801502,22.256369,0.083286,0.084248,,,,-0.030503,1.048186,-2.449313,,,,,,
202306,-0.030418,1.048225,-2.450140,0.017452,1.011507,-2.587322,0.207925,0.619961,0.247207,0.652434,,,16.611811,20.904678,0.094009,0.096269,,,,,,,,,,,,
202309,,,,,,,,,,,8.160683,10.013707,,,,,-0.013461,0.058809,-0.137182,,,,,,,,,
202316,,,,,,,,,0.219740,0.000000,,,16.155348,20.311909,0.071161,0.066020,,,,,,,,,,,,
202326,,,,,,,,,0.219740,1.304868,,,15.771280,19.813152,0.073479,0.069047,,,,-0.036183,1.043620,-2.431460,,,,,,
202336,,,,,,,,,0.192272,0.652434,,,14.903583,18.848957,0.080808,0.076922,,,,-0.037969,1.042115,-2.428690,,,,,,
202346,,,,,,,,,0.219740,0.000000,,,14.718045,18.037683,0.081351,0.083430,,,,-0.039632,1.040717,-2.422581,,,,,,
202356,-0.039472,1.040823,-2.422156,0.011217,1.007558,-2.566762,0.167348,0.475177,0.192272,0.652434,,,14.017391,17.355078,0.087187,0.088788,,,,,,,,,,,,
202359,,,,,,,,,,,5.148677,6.435125,,,,,-0.016207,0.058423,-0.144606,,,,,,,,,
202366,,,,,,,,,0.247207,0.652434,,,13.972404,16.780733,0.055752,0.056676,,,,,,,,,,,,
202376,,,,,,,,,0.137337,0.652434,,,12.845465,16.297480,0.065482,0.059536,,,,-0.043941,1.036937,-2.407871,,,,,,
202386,,,,,,,,,0.219740,0.000000,,,12.986345,15.890870,0.062505,0.061711,,,,-0.045222,1.035748,-2.404849,,,,,,
202396,,,,,,,,,0.164805,0.000000,,,12.560339,15.004206,0.065283,0.068864,,,,-0.046474,1.034634,-2.399112,,,,,,
202406,-0.046393,1.034682,-2.395571,0.006607,1.004522,-2.551884,0.128399,0.350941,0.164805,1.304868,,,11.657354,14.802710,0.073011,0.069206,,,,,,,,,,,,
202409,,,,,,,,,,,2.327237,3.147410,,,,,-0.018453,0.058122,-0.156313,,,,,,,,,
202416,,,,,,,,,0.164805,0.000000,,,11.442126,14.088628,0.045126,0.041281,,,,,,,,,,,,
202426,,,,,,,,,0.137337,0.652434,,,10.716490,13.487800,0.050705,0.045221,,,,-0.050000,1.031258,-2.387060,,,,,,
202436,,,,,,,,,0.109870,0.000000,,,10.105940,12.437719,0.055254,0.053864,,,,-0.051153,1.030402,-2.384161,,,,,,
202446,,,,,,,,,0.137337,0.652434,,,9.592223,12.098725,0.058939,0.055464,,,,-0.052313,1.029398,-2.381171,,,,,,
202456,-0.052067,1.029603,-2.379642,0.003448,1.002385,-2.541851,0.092564,0.245934,0.082402,0.652434,,,8.615438,11.268952,0.067449,0.062137,,,,,,,,,,,,
202459,,,,,,,,,,,-0.562225,-0.042463,,,,,-0.021375,0.058016,-0.162210,,,,,,,,,
202466,,,,,,,,,0.164805,0.000000,,,8.882658,11.115325,0.033993,0.029543,,,,,,,,,,,,
202476,,,,,,,,,0.054935,0.000000,,,8.018411,9.896976,0.040919,0.039739,,,,-0.055039,1.026652,-2.369418,,,,,,
202486,,,,,,,,,0.082402,0.652434,,,7.291233,9.416401,0.046620,0.042653,,,,-0.055586,1.026109,-2.366124,,,,,,
202496,,,,,,,,,0.082402,0.652434,,,6.679386,9.012045,0.051291,0.044885,,,,-0.056109,1.025588,-2.362911,,,,,,
202506,-0.056023,1.025690,-2.367052,0.001481,1.001031,-2.535665,0.061174,0.159404,0.082402,-0.652434,,,6.709121,8.127276,0.049539,0.052099,,,,,,,,,,,,
202509,,,,,,,,,,,-3.091105,-2.788806,,,,,-0.023855,0.057842,-0.168612,,,,,,,,,
202516,,,,,,,,,0.027467,0.652434,,,5.645053,7.382833,0.033144,0.030046,,,,,,,,,,,,
202526,,,,,,,,,0.027467,0.652434,,,4.749747,6.756457,0.040529,0.034400,,,,-0.057027,1.024702,-2.357286,,,,,,
202536,,,,,,,,,0.027467,0.652434,,,3.996437,6.229425,0.046644,0.037867,,,,-0.057216,1.024429,-2.351464,,,,,,
202546,,,,,,,,,-0.000000,0.000000,,,3.362601,5.241438,0.051692,0.046141,,,,-0.057465,1.024160,-2.345368,,,,,,
202556,-0.057508,1.024127,-2.347188,0.000446,1.000311,-2.532430,0.035377,0.091072,0.054935,0.000000,,,3.373836,4.954689,0.050286,0.047460,,,,,,,,,,,,
202559,,,,,,,,,,,-4.535573,-4.402957,,,,,-0.023618,0.058035,-0.185242,,,,,,,,,
202566,,,,,,,,,0.027467,-0.652434,,,3.383288,4.168874,0.034163,0.037462,,,,-0.057817,1.023807,-2.342272,,,,,,
202576,,,,,,,,,0.027467,0.652434,,,2.846698,4.052233,0.038053,0.036937,,,,-0.057847,1.023729,-2.345386,,,,,,
202586,,,,,,,,,-0.000000,0.000000,,,2.395211,3.409549,0.041182,0.041802,,,,-0.057859,1.023740,-2.345386,,,,,,
202596,,,,,,,,,0.027467,0.652434,,,2.015330,3.413337,0.043670,0.040201,,,,-0.057788,1.023819,-2.345368,,,,,,
202606,-0.057764,1.023845,-2.345521,0.000055,1.000038,-2.531212,0.016103,0.041190,-0.000000,0.000000,,,1.695699,2.871981,0.045620,0.044159,,,,,,,,,,,,
202609,,,,,,,,,,,-5.630640,-5.572148,,,,,-0.023433,0.057972,-0.185691,,,,,,,,,
202616,,,,,,,,,-0.000000,0.000000,,,1.426761,2.416485,0.035948,0.035424,,,,,,,,,,,,
202626,,,,,,,,,-0.000000,0.000000,,,1.200476,2.033230,0.036844,0.037736,,,,-0.057263,1.024396,-2.354594,,,,,,
202636,,,,,,,,,-0.000000,0.000000,,,1.010080,1.710759,0.037420,0.039504,,,,-0.056927,1.024681,-2.354711,,,,,,
202646,,,,,,,,,-0.000000,0.000000,,,0.849882,1.439433,0.037726,0.040815,,,,-0.056602,1.024992,-2.354807,,,,,,
202656,-0.056700,1.024896,-2.354028,0.000000,1.000000,-2.531041,0.004113,0.010490,-0.000000,0.000000,,,0.715090,1.211138,0.037805,0.041741,,,,,,,,,,,,
202659,,,,,,,,,,,-6.045273,-6.028307,,,,,-0.022364,0.057745,-0.177013,,,,,,,,,
202666,,,,,,,,,-0.000000,0.000000,,,0.601677,1.019052,0.033463,0.037691,,,,,,,,,,,,
202676,,,,,,,,,-0.000000,0.000000,,,0.506251,0.857430,0.033107,0.037930,,,,-0.055286,1.026289,-2.351913,,,,,,
202686,,,,,,,,,-0.000000,0.000000,,,0.425959,0.721441,0.032616,0.037940,,,,-0.054785,1.026827,-2.351925,,,,,,
202696,,,,,,,,,-0.000000,0.000000,,,0.358402,0.607021,0.032010,0.037757,,,,-0.054259,1.027347,-2.351916,,,,,,
202706,-0.054464,1.027141,-2.352093,0.000000,1.000000,-2.531041,-0.000000,0.000000,-0.000000,0.000000,,,0.301560,0.510747,0.031310,0.037412,,,,,,,,,,,,
202709,,,,,,,,,,,-5.367137,-5.367137,,,,,-0.019083,0.057782,-0.178948,,,,,,,,,
202716,,,,,,,,,-0.000000,0.000000,,,0.253732,0.429743,0.037445,0.043675,,,,,,,,,,,,
202726,,,,,,,,,-0.000000,0.000000,,,0.213490,0.361585,0.036731,0.043210,,,,-0.054319,1.027319,-2.348923,,,,,,
202736,,,,,,,,,-0.000000,0.000000,,,0.179631,0.304238,0.035961,0.042650,,,,-0.054415,1.027235,-2.345905,,,,,,
202746,,,,,,,,,-0.000000,0.000000,,,0.151141,0.255986,0.035142,0.042007,,,,-0.054412,1.027238,-2.348923,,,,,,
202756,-0.054416,1.027230,-2.349189,0.000000,1.000000,-2.531041,-0.000000,0.000000,-0.000000,0.000000,,,0.127170,0.215386,0.034283,0.041297,,,,,,,,,,,,
202759,,,,,,,,,,,-5.292785,-5.292785,,,,,-0.018819,0.057865,-0.181852,,,,,,,,,
202766,,,,,,,,,-0.000000,0.000000,,,0.107001,0.181226,0.034148,0.041287,,,,,,,,,,,,
202776,,,,,,,,,-0.000000,0.000000,,,0.090031,0.152484,0.033241,0.040486,,,,-0.054494,1.027111,-2.351908,,,,,,
202786,,,,,,,,,-0.000000,0.000000,,,0.075752,0.128300,0.032310,0.039643,,,,-0.054496,1.027109,-2.351923,,,,,,
202796,,,,,,,,,-0.000000,0.000000,,,0.063737,0.107951,0.031359,0.038767,,,,-0.054517,1.027091,-2.351908,,,,,,
202806,-0.054509,1.027103,-2.351680,0.000000,1.000000,-2.531041,-0.000000,0.000000,-0.000000,0.000000,,,0.053629,0.090830,0.030391,0.037861,,,,,,,,,,,,
202809,,,,,,,,,,,-5.376942,-5.376942,,,,,-0.019118,0.057795,-0.179361,,,,,,,,,
202816,,,,,,,,,-0.000000,0.000000,,,0.045123,0.076425,0.028550,0.036073,,,,,,,,,,,,
202826,,,,,,,,,-0.000000,0.000000,,,0.037967,0.064304,0.027538,0.035106,,,,-0.054513,1.027099,-2.351908,,,,,,
202836,,,,,,,,,-0.000000,0.000000,,,0.031945,0.054105,0.026517,0.034122,,,,-0.054497,1.027105,-2.351923,,,,,,
202846,,,,,,,,,-0.000000,0.000000,,,0.026879,0.045524,0.025487,0.033123,,,,-0.054507,1.027102,-2.351908,,,,,,
202856,-0.054507,1.027102,-2.351889,0.000000,1.000000,-2.531041,-0.000000,0.000000,-0.000000,0.000000,,,0.022616,0.038304,0.024449,0.032112,,,,,,,,,,,,
202859,,,,,,,,,,,-5.380131,-5.380131,,,,,-0.019129,0.057789,-0.179152,,,,,,,,,
202866,,,,,,,,,-0.000000,0.000000,,,0.019029,0.032229,0.023374,0.031059,,,,,,,,,,,,
202876,,,,,,,,,-0.000000,0.000000,,,0.016011,0.027117,0.022325,0.030028,,,,-0.054513,1.027095,-2.351908,,,,,,
202886,,,,,,,,,-0.000000,0.000000,,,0.013472,0.022817,0.021271,0.028991,,,,-0.054510,1.027098,-2.351908,,,,,,
202896,,,,,,,,,-0.000000,0.000000,,,0.011335,0.019198,0.020214,0.027947,,,,-0.054507,1.027098,-2.351923,,,,,,
202906,-0.054507,1.027098,-2.351920,0.000000,1.000000,-2.531041,-0.000000,0.000000,-0.000000,0.000000,-5.381423,-5.381423,0.009537,0.016153,0.019154,0.026898,-0.019134,0.057786,-0.179121,,,,,,,,,
202916,,,,,,,,,-0.000000,0.000000,,,0.008025,0.013591,0.018079,0.025832,,,,,,,,,,,,
202926,,,,,,,,,-0.000000,0.000000,,,0.006752,0.011436,0.017014,0.024775,,,,-0.054512,1.027099,-2.351923,,,,,,
202936,,,,,,,,,-0.000000,0.000000,,,0.005681,0.009622,0.015947,0.023715,,,,-0.054512,1.027094,-2.351923,,,,,,
202946,,,,,,,,,-0.000000,0.000000,,,0.004780,0.008096,0.014879,0.022652,,,,-0.054511,1.027095,-2.351923,,,,,,
202956,-0.054510,1.027095,-2.351923,0.000000,1.000000,-2.531041,-0.000000,0.000000,-0.000000,0.000000,,,0.004022,0.006812,0.013809,0.021587,,,,,,,,,,,,
202959,,,,,,,,,,,-5.382800,-5.382800,,,,,-0.019139,0.057786,-0.179118,,,,,,,,,
202966,,,,,,,,,-0.000000,0.000000,,,0.003384,0.005732,0.012725,0.020507,,,,,,,,,,,,
202976,,,,,,,,,-0.000000,0.000000,,,0.002847,0.004822,0.011653,0.019438,,,,-0.054517,1.027096,-2.351908,,,,,,
202986,,,,,,,,,-0.000000,0.000000,,,0.002396,0.004058,0.010580,0.018368,,,,-0.054517,1.027099,-2.351908,,,,,,
202996,,,,,,,,,-0.000000,0.000000,,,0.002016,0.003414,0.009507,0.017298,,,,-0.054512,1.027100,-2.351908,,,,,,
203006,-0.054512,1.027100,-2.351909,0.000000,1.000000,-2.531041,-0.000000,0.000000,-0.000000,0.000000,,,0.001696,0.002873,0.008434,0.016226,,,,,,,,,,,,
203009,,,,,,,,,,,-5.381979,-5.381979,,,,,-0.019136,0.057791,-0.179132,,,,,,,,,
203016,,,,,,,,,-0.000000,0.000000,,,0.001427,0.002417,0.007368,0.015162,,,,,,,,,,,,
203026,,,,,,,,,-0.000000,0.000000,,,0.001201,0.002034,0.006293,0.014089,,,,-0.054518,1.027090,-2.351908,,,,,,
203036,,,,,,,,,-0.000000,0.000000,,,0.001010,0.001711,0.005219,0.013015,,,,-0.054515,1.027089,-2.351923,,,,,,
203046,,,,,,,,,-0.000000,0.000000,,,0.000850,0.001440,0.004144,0.011941,,,,-0.054521,1.027094,-2.351908,,,,,,
203056,-0.054520,1.027094,-2.351908,0.000000,1.000000,-2.531041,-0.000000,0.000000,-0.000000,0.000000,-5.384618,-5.384618,0.000715,0.001211,0.003069,0.010867,-0.019145,0.057793,-0.179133,,,,,,,,,
203060,,,,,,,,,,,,,,,,,,,,-0.054521,1.027095,-2.351908,,,,,,
203066,,,,,,,,,-0.000000,0.000000,,,0.000602,0.001019,0.001966,0.009765,,,,-0.054520,1.027096,-2.351908,,,,,,
203076,,,,,,,,,-0.000000,0.000000,,,0.000506,0.000858,0.000890,0.008690,,,,-0.054519,1.027095,-2.351923,,,,,,
203086,,,,,,,,,-0.000000,0.000000,,,0.000426,0.000722,-0.000186,0.007614,,,,-0.054517,1.027097,-2.351908,,,,,,
203096,,,,,,,,,-0.000000,0.000000,,,0.000358,0.000607,-0.001262,0.006538,,,,-0.054515,1.027091,-2.351923,,,,,,
203106,-0.054516,1.027091,-2.351922,0.000000,1.000000,-2.531041,-0.000000,0.000000,-0.000000,0.000000,-5.384648,-5.384648,0.000302,0.000511,-0.002339,0.005462,,,,,,,,,,,,
203109,,,,,,,,,,,,,,,,,-0.019145,0.057787,-0.179119,,,,,,,,,
203116,,,,,,,,,-0.000000,0.000000,,,0.000254,0.000430,-0.003416,0.004386,,,,,,,,,,,,
203126,,,,,,,,,-0.000000,0.000000,,,0.000214,0.000362,-0.004492,0.003309,,,,-0.054519,1.027094,-2.351908,,,,,,
203136,,,,,,,,,-0.000000,0.000000,,,0.000180,0.000304,-0.005569,0.002233,,,,-0.054518,1.027093,-2.351908,,,,,,
203146,,,,,,,,,-0.000000,0.000000,,,0.000151,0.000256,-0.006645,0.001157,,,,-0.054527,1.027089,-2.351908,,,,,,
203156,-0.054526,1.027089,-2.351909,0.000000,1.000000,-2.531041,-0.000000,0.000000,-0.000000,0.000000,,,0.000127,0.000215,-0.007722,0.000080,,,,,,,,,,,,
203159,,,,,,,,,,,-5.386975,-5.386975,,,,,-0.019154,0.057793,-0.179132,,,,,,,,,
203166,,,,,,,,,-0.000000,0.000000,,,0.000107,0.000181,-0.008823,-0.001020,,,,,,,,,,,,
203176,,,,,,,,,-0.000000,0.000000,,,0.000090,0.000153,-0.009900,-0.002098,,,,-0.054526,1.027087,-2.351908,,,,,,
203186,,,,,,,,,-0.000000,0.000000,,,0.000076,0.000128,-0.010977,-0.003175,,,,,,,,,,,,
203189,,,,,,,,,,,,,,,,,,,,-0.054529,1.027089,-2.351908,,,,,,
203196,,,,,,,,,-0.000000,0.000000,,,0.000064,0.000108,-0.012054,-0.004252,,,,-0.054528,1.027089,-2.351908,,,,,,
203206,-0.054528,1.027089,-2.351908,0.000000,1.000000,-2.531041,-0.000000,0.000000,-0.000000,0.000000,,,0.000054,0.000091,-0.013132,-0.005329,,,,,,,,,,,,
203209,,,,,,,,,,,-5.387232,-5.387232,,,,,-0.019155,0.057795,-0.179133,,,,,,,,,
203216,,,,,,,,,-0.000000,0.000000,,,0.000045,0.000076,-0.014212,-0.006409,,,,,,,,,,,,
203226,,,,,,,,,-0.000000,0.000000,,,0.000038,0.000064,-0.015289,-0.007486,,,,-0.054528,1.027090,-2.351908,,,,,,
203236,,,,,,,,,-0.000000,0.000000,,,0.000032,0.000054,-0.016366,-0.008564,,,,-0.054523,1.027088,-2.351908,,,,,,
203246,,,,,,,,,-0.000000,0.000000,,,0.000027,0.000046,-0.017444,-0.009641,,,,-0.054532,1.027089,-2.351908,,,,,,
203256,-0.054532,1.027089,-2.351908,0.000000,1.000000,-2.531041,-0.000000,0.000000,-0.000000,0.000000,-5.387966,-5.387966,0.000023,0.000038,-0.018521,-0.010719,,,,,,,,,,,,
203259,,,,,,,,,,,,,,,,,-0.019157,0.057797,-0.179133,,,,,,,,,
203266,,,,,,,,,-0.000000,0.000000,,,0.000019,0.000032,-0.019606,-0.011803,,,,,,,,,,,,
203276,,,,,,,,,-0.000000,0.000000,,,0.000016,0.000027,-0.020684,-0.012881,,,,-0.054534,1.027087,-2.351908,,,,,,
203286,,,,,,,,,-0.000000,0.000000,,,0.000013,0.000023,-0.021761,-0.013959,,,,-0.054529,1.027086,-2.351908,,,,,,
203296,,,,,,,,,-0.000000,0.000000,,,0.000011,0.000019,-0.022839,-0.015036,,,,-0.054533,1.027088,-2.351908,,,,,,
203306,-0.054533,1.027088,-2.351908,0.000000,1.000000,-2.531041,-0.000000,0.000000,-0.000000,0.000000,,,0.000010,0.000016,-0.023916,-0.016114,,,,,,,,,,,,
203309,,,,,,,,,,,-5.388563,-5.388563,,,,,-0.019159,0.057797,-0.179133,,,,,,,,,
203316,,,,,,,,,-0.000000,0.000000,,,0.000008,0.000014,-0.025000,-0.017197,,,,,,,,,,,,
203326,,,,,,,,,-0.000000,0.000000,,,0.000007,0.000011,-0.026078,-0.018275,,,,-0.054531,1.027083,-2.351908,,,,,,
203336,,,,,,,,,-0.000000,0.000000,,,0.000006,0.000010,-0.027156,-0.019353,,,,-0.054534,1.027082,-2.351908,,,,,,
203346,,,,,,,,,-0.000000,0.000000,,,0.000005,0.000008,-0.028233,-0.020430,,,,-0.054532,1.027082,-2.351908,,,,,,
203356,-0.054532,1.027083,-2.351908,0.000000,1.000000,-2.531041,-0.000000,0.000000,-0.000000,0.000000,,,0.000004,0.000007,-0.029311,-0.021508,,,,,,,,,,,,
203359,,,,,,,,,,,-5.389294,-5.389294,,,,,-0.019162,0.057793,-0.179133,,,,,,,,,
203366,,,,,,,,,-0.000000,0.000000,,,0.000003,0.000006,-0.030396,-0.022593,,,,,,,,,,,,
203376,,,,,,,,,-0.000000,0.000000,,,0.000003,0.000005,-0.031474,-0.023671,,,,-0.054539,1.027081,-2.351908,,,,,,
203386,,,,,,,,,-0.000000,0.000000,,,0.000002,0.000004,-0.032552,-0.024749,,,,-0.054538,1.027081,-2.351908,,,,,,
203396,,,,,,,,,-0.000000,0.000000,,,0.000002,0.000003,-0.033630,-0.025827,,,,-0.054539,1.027084,-2.351908,,,,,,
203406,-0.054539,1.027084,-2.351908,0.000000,1.000000,-2.531041,-0.000000,0.000000,-0.000000,0.000000,,,0.000002,0.000003,-0.034708,-0.026905,,,,,,,,,,,,
203409,,,,,,,,,,,-5.390359,-5.390359,,,,,-0.019166,0.057799,-0.179133,-0.054539,1.027082,-2.351908,,,,,,
203416,,,,,,,,,-0.000000,0.000000,,,0.000001,0.000002,-0.035796,-0.027993,,,,-0.054540,1.027082,-2.351908,,,,,,
203426,,,,,,,,,-0.000000,0.000000,,,0.000001,0.000002,-0.036874,-0.029071,,,,-0.054540,1.027086,-2.351908,,,,,,
203436,,,,,,,,,-0.000000,0.000000,,,0.000001,0.000002,-0.037952,-0.030150,,,,-0.054538,1.027081,-2.351908,,,,,,
203446,,,,,,,,,-0.000000,0.000000,,,0.000001,0.000001,-0.039030,-0.031228,,,,-0.054540,1.027082,-2.351908,,,,,,
203456,-0.054540,1.027082,-2.351908,0.000000,1.000000,-2.531041,-0.000000,0.000000,-0.000000,0.000000,,,0.000001,0.000001,-0.040109,-0.032306,,,,,,,,,,,,
203459,,,,,,,,,,,-5.391090,-5.391090,,,,,-0.019168,0.057798,-0.179133,,,,,,,,,
203466,,,,,,,,,-0.000000,0.000000,,,0.000001,0.000001,-0.041194,-0.033391,,,,,,,,,,,,
203476,,,,,,,,,-0.000000,0.000000,,,0.000001,0.000001,-0.042272,-0.034469,,,,-0.054543,1.027084,-2.351908,,,,,,
203486,,,,,,,,,-0.000000,0.000000,,,0.000000,0.000001,-0.043351,-0.035548,,,,-0.054545,1.027082,-2.351908,,,,,,
203496,,,,,,,,,-0.000000,0.000000,,,0.000000,0.000001,-0.044429,-0.036626,,,,-0.054546,1.027081,-2.351908,,,,,,
203506,-0.054545,1.027081,-2.351908,0.000000,1.000000,-2.531041,-0.000000,0.000000,-0.000000,0.000000,,,0.000000,0.000001,-0.045507,-0.037704,,,,,,,,,,,,
203509,,,,,,,,,,,-5.392226,-5.392226,,,,,-0.019172,0.057802,-0.179133,,,,,,,,,
203516,,,,,,,,,-0.000000,0.000000,,,0.000000,0.000000,-0.046597,-0.038794,,,,,,,,,,,,
203526,,,,,,,,,-0.000000,0.000000,,,0.000000,0.000000,-0.047675,-0.039872,,,,-0.054545,1.027081,-2.351908,,,,,,
203536,,,,,,,,,-0.000000,0.000000,,,0.000000,0.000000,-0.048754,-0.040951,,,,-0.054548,1.027077,-2.351908,,,,,,
203546,,,,,,,,,-0.000000,0.000000,,,0.000000,0.000000,-0.049832,-0.042029,,,,-0.054542,1.027075,-2.351908,,,,,,
203556,-0.054542,1.027076,-2.351908,0.000000,1.000000,-2.531041,-0.000000,0.000000,-0.000000,0.000000,,,0.000000,0.000000,-0.050911,-0.043108,,,,,,,,,,,,
203559,,,,,,,,,,,-5.392670,-5.392670,,,,,-0.019174,0.057795,-0.179133,,,,,,,,,
203566,,,,,,,,,-0.000000,0.000000,,,0.000000,0.000000,-0.051993,-0.044191,,,,,,,,,,,,
203576,,,,,,,,,-0.000000,0.000000,,,0.000000,0.000000,-0.053072,-0.045269,,,,-0.054547,1.027075,-2.351908,,,,,,
203586,,,,,,,,,-0.000000,0.000000,,,0.000000,0.000000,-0.054151,-0.046348,,,,-0.054552,1.027077,-2.351908,,,,,,
203596,,,,,,,,,-0.000000,0.000000,,,0.000000,0.000000,-0.055229,-0.047426,,,,-0.054550,1.027077,-2.351908,,,,,,
203606,-0.054549,1.027077,-2.351908,0.000000,1.000000,-2.531041,-0.000000,0.000000,-0.000000,0.000000,-5.393981,-5.393981,0.000000,0.000000,-0.056308,-0.048505,,,,,,,,,,,,
203609,,,,,,,,,,,,,,,,,-0.019179,0.057801,-0.179133,,,,,,,,,
203616,,,,,,,,,-0.000000,0.000000,,,0.000000,0.000000,-0.057400,-0.049597,,,,,,,,,,,,
203626,,,,,,,,,-0.000000,0.000000,,,0.000000,0.000000,-0.058478,-0.050675,,,,-0.054544,1.027078,-2.351908,,,,,,
203636,,,,,,,,,-0.000000,0.000000,,,0.000000,0.000000,-0.059557,-0.051754,,,,-0.054552,1.027079,-2.351908,,,,,,
203646,,,,,,,,,-0.000000,0.000000,,,0.000000,0.000000,-0.060636,-0.052833,,,,-0.054551,1.027080,-2.351908,,,,,,
203656,-0.054551,1.027080,-2.351908,0.000000,1.000000,-2.531041,-0.000000,0.000000,-0.000000,0.000000,,,0.000000,0.000000,-0.061715,-0.053912,,,,,,,,,,,,
203659,,,,,,,,,,,-5.393548,-5.393548,,,,,-0.019177,0.057804,-0.179133,-0.054553,1.027080,-2.351908,,,,,,
203666,,,,,,,,,-0.000000,0.000000,,,0.000000,0.000000,-0.062789,-0.054986,,,,-0.054551,1.027077,-2.351908,,,,,,
203676,,,,,,,,,-0.000000,0.000000,,,0.000000,0.000000,-0.063868,-0.056065,,,,-0.054548,1.027073,-2.351908,,,,,,
203686,,,,,,,,,-0.000000,0.000000,,,0.000000,0.000000,-0.064947,-0.057144,,,,-0.054552,1.027076,-2.351908,,,,,,
203696,,,,,,,,,-0.027467,-0.652434,,,0.000000,-0.544543,-0.066025,-0.052668,,,,-0.054548,1.027079,-2.351908,,,,,,
203706,-0.054548,1.027079,-2.351908,0.000000,1.000000,-2.531041,-0.000000,0.000000,-0.000000,0.000000,,,0.000000,-0.458179,-0.067104,-0.054519,,,,,,,,,,,,
203709,,,,,,,,,,,-5.393255,-5.393255,,,,,-0.019176,0.057802,-0.179133,,,,,,,,,
203716,,,,,,,,,-0.000000,0.000000,,,0.000000,-0.385511,-0.068180,-0.056244,,,,,,,,,,,,
203726,,,,,,,,,-0.027467,-0.652434,,,0.000000,-0.868912,-0.069258,-0.052315,,,,-0.054544,1.027070,-2.351908,,,,,,
203736,,,,,,,,,-0.000000,0.000000,,,0.000000,-0.731103,-0.070337,-0.054625,,,,-0.054517,1.027082,-2.354906,,,,,,
203746,,,,,,,,,-0.000000,0.000000,,,0.000000,-0.615150,-0.071416,-0.056741,,,,-0.054489,1.027099,-2.354906,,,,,,
203756,-0.054494,1.027097,-2.354655,0.000000,1.000000,-2.531041,-0.000000,0.000000,-0.000000,0.000000,,,0.000000,-0.517587,-0.072494,-0.058691,,,,,,,,,,,,
203759,,,,,,,,,,,-5.423427,-5.423427,,,,,-0.019283,0.057724,-0.176386,,,,,,,,,
203766,,,,,,,,,-0.000000,0.000000,,,0.000000,-0.435498,-0.073881,-0.060811,,,,,,,,,,,,
203776,,,,,,,,,-0.000000,0.000000,,,0.000000,-0.366428,-0.074965,-0.062514,,,,-0.054460,1.027114,-2.357903,,,,,,
203786,,,,,,,,,-0.027467,-0.652434,,,0.000000,-0.852855,-0.076050,-0.058563,,,,-0.054446,1.027125,-2.357903,,,,,,
203796,,,,,,,,,-0.000000,0.000000,,,0.000000,-0.717592,-0.077135,-0.060857,,,,-0.054408,1.027156,-2.360898,,,,,,
203806,-0.054332,1.027231,-2.363112,0.000000,1.000000,-2.531041,-0.000000,0.000000,-0.027467,-0.652434,,,0.000000,-1.148325,-0.078219,-0.057405,,,,,,,,,,,,
203809,,,,,,,,,,,-5.501788,-5.501788,,,,,-0.019562,0.057540,-0.167929,,,,,,,,,
203816,,,,,,,,,-0.000000,0.000000,,,0.000000,-0.966201,-0.080103,-0.060917,,,,,,,,,,,,
203826,,,,,,,,,-0.027467,-0.652434,,,0.000000,-1.357504,-0.081204,-0.057833,,,,-0.054030,1.027434,-2.372859,,,,,,
203836,,,,,,,,,-0.000000,0.000000,,,0.000000,-1.142204,-0.082304,-0.060858,,,,-0.053813,1.027671,-2.375858,,,,,,
203846,,,,,,,,,-0.027467,-0.652434,,,0.000000,-1.505594,-0.083404,-0.058023,,,,-0.053604,1.027860,-2.381832,,,,,,
203856,-0.053582,1.027887,-2.382999,0.000000,1.000000,-2.531041,-0.000000,0.000000,-0.027467,-0.652434,,,0.000000,-1.811349,-0.084505,-0.055704,,,,,,,,,,,,
203859,,,,,,,,,,,-5.542486,-5.542486,,,,,-0.019707,0.057100,-0.148042,,,,,,,,,
203866,,,,,,,,,-0.027467,-0.652434,,,0.000000,-2.068612,-0.086020,-0.054233,,,,,,,,,,,,
203876,,,,,,,,,-0.000000,0.000000,,,0.000000,-1.740530,-0.087129,-0.058274,,,,-0.053306,1.028120,-2.396694,,,,,,
203886,,,,,,,,,-0.027467,-0.652434,,,0.000000,-2.009025,-0.088237,-0.056296,,,,-0.053171,1.028182,-2.399649,,,,,,
203896,,,,,,,,,-0.027467,-0.652434,,,0.000000,-1.690393,-0.089346,-0.060252,,,,-0.052999,1.028304,-2.402619,,,,,,
203906,-0.053048,1.028269,-2.400973,0.000000,1.000000,-2.531041,-0.000000,0.000000,-0.000000,0.000000,,,0.000000,-1.966840,-0.090454,-0.058203,,,,,,,,,,,,
203909,,,,,,,,,,,-5.646807,-5.646807,,,,,-0.020078,0.056658,-0.130068,,,,,,,,,
203916,,,,,,,,,-0.027467,-0.652434,,,0.000000,-2.199442,-0.092627,-0.057610,,,,,,,,,,,,
203926,,,,,,,,,-0.000000,0.000000,,,0.000000,-1.850610,-0.093756,-0.061857,,,,-0.052607,1.028568,-2.414482,,,,,,
203936,,,,,,,,,-0.027467,-0.652434,,,0.000000,-2.101646,-0.094886,-0.060056,,,,-0.052552,1.028618,-2.420426,,,,,,
203946,,,,,,,,,-0.000000,0.000000,,,0.000000,-1.768325,-0.096015,-0.064165,,,,-0.052452,1.028686,-2.423385,,,,,,
203956,-0.052416,1.028728,-2.424242,0.000000,1.000000,-2.531041,-0.000000,0.000000,-0.027467,-0.652434,,,0.000000,-2.032412,-0.097144,-0.062247,,,,,,,,,,,,
203959,,,,,,,,,,,-5.797333,-5.797333,,,,,-0.020613,0.056106,-0.106800,,,,,,,,,
203966,,,,,,,,,-0.027467,-0.652434,,,0.000000,-2.254614,-0.099809,-0.062239,,,,,,,,,,,,
203976,,,,,,,,,-0.000000,0.000000,,,0.000000,-1.897032,-0.100968,-0.066594,,,,-0.051872,1.029168,-2.432241,,,,,,
203986,,,,,,,,,-0.000000,0.000000,,,0.000000,-1.596163,-0.102128,-0.070443,,,,-0.051742,1.029262,-2.435192,,,,,,
203996,,,,,,,,,-0.027467,-0.652434,,,0.000000,-1.887554,-0.103287,-0.068311,,,,-0.051698,1.029294,-2.435192,,,,,,
204006,-0.051670,1.029321,-2.437011,0.000000,1.000000,-2.531041,-0.000000,0.000000,-0.027467,-0.652434,,,0.000000,-2.132731,-0.104447,-0.066593,,,,,,,,,,,,
204009,,,,,,,,,,,-5.730538,-5.730538,,,,,-0.020375,0.055807,-0.094030,,,,,,,,,
204016,,,,,,,,,-0.027467,-0.652434,,,0.000000,-2.339023,-0.104925,-0.064540,,,,,,,,,,,,
204026,,,,,,,,,-0.000000,0.000000,,,0.000000,-1.968053,-0.106071,-0.069002,,,,-0.051550,1.029324,-2.449921,,,,,,
204036,,,,,,,,,-0.027467,-0.652434,,,0.000000,-2.200463,-0.107217,-0.067384,,,,-0.051420,1.029438,-2.455805,,,,,,
204046,,,,,,,,,-0.027467,-0.652434,,,0.000000,-2.396013,-0.108363,-0.066096,,,,-0.051205,1.029567,-2.461683,,,,,,
204056,-0.051156,1.029619,-2.462350,0.000000,1.000000,-2.531041,-0.000000,0.000000,-0.027467,-0.652434,,,0.000000,-2.560548,-0.109509,-0.065084,,,,,,,,,,,,
204059,,,,,,,,,,,-5.960929,-5.960929,,,,,-0.021194,0.055181,-0.068691,,,,,,,,,
204066,,,,,,,,,-0.000000,0.000000,,,0.000000,-2.154445,-0.113006,-0.072210,,,,,,,,,,,,
204076,,,,,,,,,-0.027467,-0.652434,,,0.000000,-2.357293,-0.114198,-0.070903,,,,-0.050477,1.030064,-2.476385,,,,,,
204086,,,,,,,,,-0.027467,-0.652434,,,0.000000,-2.527969,-0.115390,-0.069882,,,,-0.050165,1.030309,-2.482244,,,,,,
204096,,,,,,,,,-0.027467,-0.652434,,,0.000000,-2.671576,-0.116582,-0.069104,,,,-0.049912,1.030444,-2.488060,,,,,,
204106,-0.049926,1.030446,-2.488641,0.000000,1.000000,-2.531041,-0.000000,0.000000,-0.027467,-0.652434,,,0.000000,-2.792407,-0.117774,-0.068530,,,,,,,,,,,,
204109,,,,,,,,,,,-5.950879,-5.950879,,,,,-0.021159,0.054514,-0.042400,-0.049814,1.030488,-2.490976,,,,,,
204116,,,,,,,,,-0.027467,-0.652434,,,0.000000,-2.894074,-0.118864,-0.068024,,,,-0.049689,1.030582,-2.499765,,,,,,
204126,,,,,,,,,-0.027467,-0.652434,,,0.000000,-2.979617,-0.120054,-0.067763,,,,-0.049554,1.030636,-2.502716,,,,,,
204136,,,,,,,,,-0.027467,-0.652434,,,0.000000,-3.051592,-0.121244,-0.067623,,,,-0.049352,1.030740,-2.508490,,,,,,
204146,,,,,,,,,-0.027467,-0.652434,,,0.000000,-3.112153,-0.122435,-0.067585,,,,-0.049163,1.030875,-2.514316,,,,,,
204156,-0.049135,1.030907,-2.514899,0.000000,1.000000,-2.531041,-0.000000,0.000000,-0.027467,-0.652434,,,0.000000,-3.163108,-0.123625,-0.067633,,,,,,,,,,,,
204159,,,,,,,,,,,-6.095078,-6.095078,,,,,-0.021671,0.053850,-0.016142,,,,,,,,,
204166,,,,,,,,,-0.027467,-0.652434,,,0.000000,-3.205982,-0.126286,-0.069224,,,,,,,,,,,,
204176,,,,,,,,,-0.027467,-0.652434,,,0.000000,-3.242056,-0.127505,-0.069434,,,,-0.048222,1.031423,-2.534639,,,,,,
204186,,,,,,,,,-0.027467,-0.652434,,,0.000000,-3.272408,-0.128724,-0.069695,,,,-0.047846,1.031675,-2.540410,,,,,,
204196,,,,,,,,,-0.027467,-0.652434,,,0.000000,-3.297947,-0.129943,-0.069999,,,,-0.047455,1.031937,-2.549137,,,,,,
204206,-0.047502,1.031917,-2.549001,0.000000,1.000000,-2.531041,-0.000000,0.000000,-0.027467,-0.652434,,,0.000000,-3.319436,-0.131162,-0.070339,,,,,,,,,,,,
204209,,,,,,,,,,,-6.068398,-6.068398,,,,,-0.021577,0.053005,0.017961,,,,,,,,,
204216,,,,,,,,,-0.027467,-0.652434,,,0.000000,-3.337516,-0.132109,-0.070438,,,,,,,,,,,,
204226,,,,,,,,,-0.027467,-0.652434,,,0.000000,-3.352729,-0.133322,-0.070829,,,,-0.046650,1.032291,-2.569366,,,,,,
204236,,,,,,,,,-0.082402,-0.652434,,,-0.544543,-3.910072,-0.128982,-0.065687,,,,-0.046385,1.032415,-2.575099,,,,,,
204246,,,,,,,,,-0.027467,-0.652434,,,-0.458179,-3.834477,-0.130967,-0.066890,,,,-0.046135,1.032558,-2.583780,,,,,,
204256,-0.046153,1.032567,-2.583599,0.000000,1.000000,-2.531041,-0.000000,0.000000,-0.027467,-0.652434,,,-0.385511,-3.770872,-0.132831,-0.067985,,,,,,,,,,,,
204259,,,,,,,,,,,-6.161739,-6.161739,,,,,-0.021908,0.052065,0.052558,,,,,,,,,
204266,,,,,,,,,-0.054935,0.000000,,,-0.868912,-3.717354,-0.129989,-0.069943,,,,,,,,,,,,
204276,,,,,,,,,-0.027467,-0.652434,,,-0.731103,-3.672325,-0.132453,-0.070891,,,,-0.045305,1.033026,-2.598202,,,,,,
204286,,,,,,,,,-0.054935,0.000000,,,-1.159693,-3.634437,-0.129167,-0.071775,,,,-0.045034,1.033198,-2.598202,,,,,,
204296,,,,,,,,,-0.054935,0.000000,,,-1.520309,-3.602558,-0.126489,-0.072606,,,,-0.044758,1.033354,-2.601068,,,,,,
204306,-0.044679,1.033410,-2.599602,0.000000,1.000000,-2.531041,-0.000000,0.000000,-0.054935,0.000000,,,-1.823731,-3.575735,-0.124323,-0.073391,,,,,,,,,,,,
204309,,,,,,,,,,,-5.917925,-5.917925,,,,,-0.021042,0.051669,0.068561,-0.044405,1.033584,-2.601111,,,,,,
204316,,,,,,,,,-0.027467,-0.652434,,,-1.534487,-3.553166,-0.125654,-0.071652,,,,-0.044006,1.033797,-2.603984,,,,,,
204326,,,,,,,,,-0.054935,0.000000,,,-1.835660,-3.534177,-0.123459,-0.072318,,,,-0.043546,1.034072,-2.606812,,,,,,
204336,,,,,,,,,-0.054935,0.000000,,,-2.089067,-3.518199,-0.121690,-0.072958,,,,-0.043047,1.034341,-2.606805,,,,,,
204346,,,,,,,,,-0.054935,0.000000,,,-2.302284,-3.504755,-0.120281,-0.073575,,,,-0.042479,1.034665,-2.609676,,,,,,
204356,-0.042564,1.034618,-2.611568,0.000000,1.000000,-2.531041,-0.000000,0.000000,-0.027467,-0.652434,,,-1.937142,-3.493444,-0.124729,-0.074173,,,,,,,,,,,,
204359,,,,,,,,,,,-5.406395,-5.406395,,,,,-0.019223,0.051387,0.080527,,,,,,,,,
204366,,,,,,,,,-0.082402,-0.652434,,,-2.174454,-4.028470,-0.117887,-0.063983,,,,,,,,,,,,
204376,,,,,,,,,-0.027467,0.652434,,,-2.374129,-3.389554,-0.116496,-0.070776,,,,-0.040627,1.035706,-2.615387,,,,,,
204386,,,,,,,,,-0.082402,-0.652434,,,-2.542135,-3.941056,-0.115389,-0.065554,,,,-0.040019,1.036055,-2.618217,,,,,,
204396,,,,,,,,,-0.054935,0.000000,,,-2.683495,-3.860548,-0.114520,-0.066668,,,,-0.039348,1.036376,-2.618218,,,,,,
204406,-0.039419,1.036345,-2.617660,0.000000,1.000000,-2.531041,-0.000000,0.000000,-0.054935,0.000000,,,-2.802436,-3.792807,-0.113852,-0.067668,,,,,,,,,,,,
204409,,,,,,,,,,,-4.485466,-4.485466,,,,,-0.015948,0.051191,0.086619,,,,,,,,,
204416,,,,,,,,,-0.054935,0.000000,,,-2.902512,-3.735811,-0.103958,-0.059179,,,,,,,,,,,,
204426,,,,,,,,,-0.054935,0.000000,,,-2.986717,-3.687854,-0.103416,-0.059818,,,,-0.037648,1.037262,-2.621118,,,,,,
204436,,,,,,,,,-0.054935,0.000000,,,-3.057566,-3.647503,-0.102993,-0.060389,,,,-0.037161,1.037565,-2.618252,,,,,,
204446,,,,,,,,,-0.054935,0.000000,,,-3.117179,-3.613552,-0.102670,-0.060903,,,,-0.036696,1.037853,-2.621118,,,,,,
204456,-0.036725,1.037842,-2.620827,0.000000,1.000000,-2.531041,-0.000000,0.000000,-0.054935,0.000000,,,-3.167337,-3.584985,-0.102432,-0.061369,,,,,,,,,,,,
204459,,,,,,,,,,,-3.664157,-3.664157,,,,,-0.013028,0.051098,0.089787,-0.036129,1.038183,-2.621079,,,,,,
204466,,,,,,,,,-0.054935,0.000000,,,-3.209540,-3.560949,-0.093888,-0.053417,,,,-0.035602,1.038460,-2.621105,,,,,,
204476,,,,,,,,,-0.054935,0.000000,,,-3.245050,-3.540725,-0.093617,-0.053644,,,,-0.035142,1.038716,-2.621113,,,,,,
204486,,,,,,,,,-0.054935,0.000000,,,-3.274928,-3.523709,-0.093396,-0.053842,,,,-0.034702,1.038978,-2.623947,,,,,,
204496,,,,,,,,,-0.054935,0.000000,,,-3.300067,-3.509392,-0.093218,-0.054016,,,,-0.034231,1.039224,-2.623943,,,,,,
204506,-0.034340,1.039164,-2.626419,0.000000,1.000000,-2.531041,-0.000000,0.000000,-0.027467,-0.652434,,,-2.776676,-3.497345,-0.098629,-0.054170,,,,,,,,,,,,
204509,,,,,,,,,,,-2.977611,-2.977611,,,,,-0.010587,0.051000,0.095378,,,,,,,,,
204516,,,,,,,,,-0.054935,0.000000,,,-2.880838,-3.487209,-0.090741,-0.047304,,,,,,,,,,,,
204526,,,,,,,,,-0.027467,0.652434,,,-2.968480,-2.934137,-0.089867,-0.052843,,,,-0.033222,1.039752,-2.623977,,,,,,
204536,,,,,,,,,-0.027467,-0.652434,,,-2.497679,-3.013326,-0.094671,-0.052044,,,,-0.032876,1.039977,-2.623947,,,,,,
204546,,,,,,,,,-0.000000,0.000000,,,-2.101546,-2.535412,-0.098807,-0.056912,,,,-0.032454,1.040213,-2.623959,,,,,,
204556,-0.032412,1.040239,-2.624165,0.000000,1.000000,-2.531041,-0.000000,0.000000,-0.054935,0.000000,,,-2.312784,-2.677838,-0.096828,-0.055547,,,,,,,,,,,,
204559,,,,,,,,,,,-2.324450,-2.324450,,,,,-0.008265,0.051003,0.093124,,,,,,,,,
204566,,,,,,,,,-0.000000,0.000000,,,-1.945976,-2.253133,-0.094040,-0.053277,,,,,,,,,,,,
204576,,,,,,,,,-0.054935,0.000000,,,-2.181887,-2.440329,-0.091709,-0.051382,,,,-0.032097,1.040377,-2.626840,,,,,,
204586,,,,,,,,,-0.000000,0.000000,,,-1.835840,-2.053292,-0.095268,-0.055307,,,,-0.032009,1.040428,-2.629702,,,,,,
204596,,,,,,,,,-0.000000,0.000000,,,-1.544675,-1.727640,-0.098335,-0.058682,,,,-0.031890,1.040494,-2.629702,,,,,,
204606,-0.031933,1.040473,-2.629237,0.000000,1.000000,-2.531041,-0.000000,0.000000,-0.000000,0.000000,,,-1.299689,-1.453636,-0.100990,-0.061597,,,,,,,,,,,,
204609,,,,,,,,,,,-2.247699,-2.247699,,,,,-0.007992,0.050931,0.098196,,,,,,,,,
204616,,,,,,,,,-0.054935,0.000000,,,-1.638102,-1.767632,-0.096960,-0.057785,,,,,,,,,,,,
204626,,,,,,,,,-0.000000,0.000000,,,-1.378299,-1.487285,-0.099732,-0.060741,,,,-0.031417,1.040792,-2.629667,,,,,,
204636,,,,,,,,,-0.027467,-0.652434,,,-1.159700,-1.795945,-0.102136,-0.057744,,,,-0.031229,1.040911,-2.629667,,,,,,
204646,,,,,,,,,-0.027467,-0.652434,,,-0.975772,-2.055651,-0.104229,-0.055186,,,,-0.030999,1.041048,-2.632528,,,,,,
204656,-0.031077,1.040999,-2.632252,0.000000,1.000000,-2.531041,-0.000000,0.000000,-0.000000,0.000000,,,-0.821014,-1.729625,-0.106062,-0.058550,,,,,,,,,,,,
204659,,,,,,,,,,,-2.008387,-2.008387,,,,,-0.007141,0.050948,0.101211,,,,,,,,,
204666,,,,,,,,,-0.027467,0.652434,,,-1.235344,-1.455306,-0.099680,-0.059010,,,,,,,,,,,,
204676,,,,,,,,,-0.027467,-0.652434,,,-1.039418,-1.769037,-0.101834,-0.055921,,,,-0.030460,1.041310,-2.641095,,,,,,
204686,,,,,,,,,-0.000000,0.000000,,,-0.874567,-1.488468,-0.103709,-0.058831,,,,-0.030438,1.041300,-2.643960,,,,,,
204696,,,,,,,,,-0.027467,-0.652434,,,-0.735860,-1.796940,-0.105350,-0.055788,,,,-0.030424,1.041298,-2.646851,,,,,,
204706,-0.030378,1.041328,-2.648363,-0.000001,0.999999,-2.531041,-0.000000,0.000000,-0.027467,-0.652434,,,-0.619153,-2.056488,-0.106795,-0.053183,,,,,,,,,,,,
204709,,,,,,,,,,,-2.021594,-2.021594,,,,,-0.007188,0.050785,0.117322,,,,,,,,,
204716,,,,,,,,,-0.000000,0.000000,,,-0.520955,-1.730329,-0.108209,-0.056635,,,,,,,,,,,,
204726,,,,,,,,,-0.027467,-0.652434,,,-0.438331,-2.000442,-0.109352,-0.053938,,,,-0.030093,1.041363,-2.658269,,,,,,
204736,,,,,,,,,-0.000000,0.000000,,,-0.368812,-1.683172,-0.110378,-0.057179,,,,-0.029880,1.041479,-2.663936,,,,,,
204746,,,,,,,,,-0.027467,-0.652434,,,-0.310318,-1.960763,-0.111305,-0.054415,,,,-0.029628,1.041602,-2.666781,,,,,,
204756,-0.029691,1.041579,-2.665236,-0.000008,0.999994,-2.531041,0.000074,0.000000,-0.000000,0.000000,,,-0.261102,-1.649786,-0.112150,-0.057599,,,,,,,,,,,,
204759,,,,,,,,,,,-2.051709,-2.050966,,,,,-0.007310,0.050567,0.134195,,,,,,,,,
204766,,,,,,,,,-0.027467,-0.652434,,,-0.219691,-1.932673,-0.113231,-0.055087,,,,,,,,,,,,
204776,,,,,,,,,-0.000000,0.000000,,,-0.184848,-1.626151,-0.113953,-0.058238,,,,-0.029209,1.041780,-2.675321,,,,,,
204786,,,,,,,,,-0.000000,0.000000,,,-0.155531,-1.368243,-0.114625,-0.060953,,,,-0.029137,1.041807,-2.675321,,,,,,
204796,,,,,,,,,-0.027467,-0.652434,,,-0.130864,-1.695783,-0.115256,-0.057749,,,,-0.029013,1.041876,-2.678165,,,,,,
204806,-0.029070,1.041851,-2.677080,-0.000027,0.999981,-2.531041,0.000294,0.000000,-0.000000,0.000000,,,-0.110109,-1.426831,-0.115852,-0.060563,,,,,,,,,,,,
204809,,,,,,,,,,,-2.010779,-2.007609,,,,,-0.007208,0.050444,0.146039,,,,,,,,,
204816,,,,,,,,,-0.000000,0.000000,,,-0.092646,-1.200536,-0.116001,-0.062554,,,,,,,,,,,,
204826,,,,,,,,,-0.027467,-0.652434,,,-0.077952,-1.554674,-0.116535,-0.059103,,,,-0.028506,1.042111,-2.680970,,,,,,
204836,,,,,,,,,-0.000000,0.000000,,,-0.065589,-1.308102,-0.117047,-0.061709,,,,-0.028479,1.042114,-2.683818,,,,,,
204846,,,,,,,,,-0.027467,-0.652434,,,-0.055186,-1.645180,-0.117542,-0.058411,,,,-0.028488,1.042107,-2.686664,,,,,,
204856,-0.028537,1.042085,-2.685860,-0.000064,0.999955,-2.531041,0.000655,0.000003,-0.000000,0.000000,,,-0.046434,-1.384254,-0.118023,-0.061144,,,,,,,,,,,,
204859,,,,,,,,,,,-1.938994,-1.931559,,,,,-0.007025,0.050362,0.154819,-0.028479,1.042109,-2.689506,,,,,,
204866,,,,,,,,,-0.027467,-0.652434,,,-0.039069,-1.709255,-0.117759,-0.057178,,,,-0.028395,1.042126,-2.692374,,,,,,
204876,,,,,,,,,-0.000000,0.000000,,,-0.032873,-1.438167,-0.118202,-0.059988,,,,-0.028231,1.042151,-2.698056,,,,,,
204886,,,,,,,,,-0.027467,-0.652434,,,-0.027659,-1.754616,-0.118636,-0.056859,,,,,,,,,,,,
204889,,,,,,,,,,,,,,,,,,,,-0.028031,1.042226,-2.700888,,,,,,
204896,,,,,,,,,-0.000000,0.000000,,,-0.023273,-1.476334,-0.119063,-0.059733,,,,-0.027830,1.042296,-2.706560,,,,,,
204906,-0.027785,1.042327,-2.707560,-0.000123,0.999914,-2.531040,0.001152,0.000011,-0.027467,-0.652434,,,-0.019582,-1.786731,-0.119484,-0.056658,,,,,,,,,,,,
204909,,,,,,,,,,,-1.978574,-1.963918,,,,,-0.007261,0.050114,0.176520,,,,,,,,,
204916,,,,,,,,,-0.000000,0.000000,,,-0.016476,-1.503355,-0.120303,-0.059907,,,,,,,,,,,,
204926,,,,,,,,,-0.027467,-0.652434,,,-0.013863,-1.809466,-0.120722,-0.056877,,,,-0.027419,1.042388,-2.715026,,,,,,
204936,,,,,,,,,-0.000000,0.000000,,,-0.011664,-1.522484,-0.121138,-0.059835,,,,-0.027437,1.042408,-2.715060,,,,,,
204946,,,,,,,,,-0.000000,0.000000,,,-0.009814,-1.281018,-0.121550,-0.062386,,,,-0.027357,1.042400,-2.717863,,,,,,
204956,-0.027393,1.042394,-2.716998,-0.000211,0.999852,-2.531037,0.001782,0.000032,-0.000000,0.000000,,,-0.008258,-1.077848,-0.121960,-0.064595,,,,,,,,,,,,
204959,,,,,,,,,,,-1.939558,-1.915771,,,,,-0.007243,0.049962,0.185961,,,,,,,,,
204966,,,,,,,,,-0.000000,0.000000,,,-0.006948,-0.906902,-0.121969,-0.066025,,,,,,,,,,,,
204976,,,,,,,,,-0.027467,-0.652434,,,-0.005846,-1.307610,-0.122367,-0.062140,,,,-0.027136,1.042475,-2.717863,,,,,,
204986,,,,,,,,,-0.000000,0.000000,,,-0.004919,-1.100223,-0.122763,-0.064377,,,,-0.027151,1.042460,-2.723524,,,,,,
204996,,,,,,,,,-0.027467,-0.652434,,,-0.004139,-1.470271,-0.123158,-0.060765,,,,-0.027113,1.042463,-2.726356,,,,,,
205006,-0.027136,1.042457,-2.725571,-0.000333,0.999767,-2.531031,0.002540,0.000077,-0.000000,0.000000,,,-0.003482,-1.237085,-0.123552,-0.063233,,,,,,,,,,,,
205009,,,,,,,,,,,-1.905266,-1.869852,,,,,-0.007265,0.049880,0.194540,,,,,,,,,
205016,,,,,,,,,-0.027467,-0.652434,,,-0.002930,-1.585427,-0.123595,-0.059347,,,,,,,,,,,,
205026,,,,,,,,,-0.000000,0.000000,,,-0.002465,-1.333978,-0.123980,-0.061969,,,,,,,,,,,,
205033,,,,,,,,,,,,,,,,,,,,-0.026772,1.042589,-2.734839,,,,,,
205036,,,,,,,,,-0.027467,-0.652434,,,-0.002074,-1.666952,-0.124364,-0.058679,,,,-0.026538,1.042690,-2.737665,,,,,,
205046,,,,,,,,,-0.000000,0.000000,,,-0.001745,-1.402573,-0.124748,-0.061417,,,,-0.026265,1.042781,-2.740486,,,,,,
205056,-0.026338,1.042754,-2.739235,-0.000493,0.999655,-2.531020,0.003422,0.000164,-0.000000,0.000000,,,-0.001469,-1.180125,-0.125132,-0.063779,,,,,,,,,,,,
205059,,,,,,,,,,,-1.758018,-1.707106,,,,,-0.006904,0.049778,0.208215,-0.026101,1.042881,-2.743340,,,,,,
205066,,,,,,,,,-0.027467,-0.652434,,,-0.001236,-1.537500,-0.124013,-0.058612,,,,-0.026005,1.042909,-2.746163,,,,,,
205076,,,,,,,,,-0.000000,0.000000,,,-0.001040,-1.293653,-0.124367,-0.061133,,,,,,,,,,,,
205079,,,,,,,,,,,,,,,,,,,,-0.026017,1.042833,-2.748994,,,,,,
205086,,,,,,,,,-0.027467,-0.652434,,,-0.000875,-1.633022,-0.124720,-0.057754,,,,-0.026008,1.042799,-2.751822,,,,,,
205096,,,,,,,,,-0.000000,0.000000,,,-0.000736,-1.374025,-0.125073,-0.060411,,,,-0.025970,1.042800,-2.754643,,,,,,
205106,-0.026001,1.042796,-2.753350,-0.000697,0.999512,-2.530998,0.004424,0.000314,-0.000000,0.000000,,,-0.000619,-1.156104,-0.125425,-0.062700,,,,,,,,,,,,
205109,,,,,,,,,,,-1.743946,-1.673750,,,,,-0.007035,0.049642,0.222353,,,,,,,,,
205116,,,,,,,,,-0.000000,0.000000,,,-0.000521,-0.972746,-0.125634,-0.064340,,,,,,,,,,,,
205126,,,,,,,,,-0.000000,0.000000,,,-0.000438,-0.818468,-0.125984,-0.066054,,,,-0.025540,1.043028,-2.757479,,,,,,
205136,,,,,,,,,-0.000000,0.000000,,,-0.000369,-0.688659,-0.126333,-0.067549,,,,-0.025543,1.043037,-2.757449,,,,,,
205146,,,,,,,,,-0.027467,-0.652434,,,-0.000310,-1.123981,-0.126682,-0.063306,,,,-0.025623,1.043003,-2.757458,,,,,,
205156,-0.025655,1.042985,-2.757113,-0.000949,0.999336,-2.530962,0.005541,0.000555,-0.000000,0.000000,,,-0.000261,-0.945717,-0.127032,-0.065234,,,,,,,,,,,,
205159,,,,,,,,,,,-1.544231,-1.454149,,,,,-0.006530,0.049729,0.226151,,,,,,,,,
205166,,,,,,,,,-0.000000,0.000000,,,-0.000220,-0.795726,-0.125344,-0.064670,,,,,,,,,,,,
205176,,,,,,,,,-0.000000,0.000000,,,-0.000185,-0.669524,-0.125653,-0.066089,,,,-0.025679,1.042898,-2.763140,,,,,,
205186,,,,,,,,,-0.027467,-0.652434,,,-0.000156,-1.107881,-0.125962,-0.061775,,,,-0.025607,1.042918,-2.765959,,,,,,
205204,,,,,,,,,-0.000000,0.000000,,,-0.000110,-0.784328,-0.126580,-0.065248,,,,-0.025487,1.042957,-2.768776,,,,,,
205208,-0.025501,1.042959,-2.767797,-0.001253,0.999123,-2.530903,0.006769,0.000921,,,-1.493510,-1.377729,,,,,-0.006567,0.049664,0.236895,-0.025310,1.043056,-2.768765,,,,,,
205216,,,,,,,,,-0.027467,-0.652434,,,-0.000093,-1.204477,-0.126372,-0.060317,,,,-0.025110,1.043097,-2.771569,,,,,,
205226,,,,,,,,,-0.027467,-0.652434,,,-0.000078,-1.557990,-0.126670,-0.056746,,,,-0.025054,1.043132,-2.774385,,,,,,
205236,,,,,,,,,-0.000000,0.000000,,,-0.000066,-1.310893,-0.126969,-0.059231,,,,-0.024936,1.043119,-2.780002,,,,,,
205246,,,,,,,,,-0.027467,-0.652434,,,-0.000055,-1.647528,-0.127268,-0.055810,,,,-0.024803,1.043150,-2.785629,,,,,,
205256,-0.024862,1.043134,-2.784132,-0.001614,0.998870,-2.530813,0.008105,0.001455,-0.000000,0.000000,,,-0.000046,-1.386230,-0.127567,-0.058422,,,,,,,,,,,,
205259,,,,,,,,,,,-1.353098,-1.204473,,,,,-0.006290,0.049600,0.253319,,,,,,,,,
205266,,,,,,,,,-0.027467,-0.652434,,,-0.000039,-1.710917,-0.126433,-0.053341,,,,,,,,,,,,
205276,,,,,,,,,-0.000000,0.000000,,,-0.000033,-1.439565,-0.126704,-0.056007,,,,-0.024125,1.043357,-2.791264,,,,,,
205286,,,,,,,,,-0.027467,0.652434,,,-0.544571,-1.211250,-0.121420,-0.058289,,,,-0.024130,1.043342,-2.794089,,,,,,
205296,,,,,,,,,-0.000000,0.000000,,,-0.458202,-1.019145,-0.122463,-0.060247,,,,-0.024166,1.043334,-2.794089,,,,,,
205306,-0.024116,1.043356,-2.795991,-0.002036,0.998575,-2.530679,0.009544,0.002204,-0.027467,-0.652434,,,-0.385531,-1.402052,-0.123383,-0.056379,,,,,,,,,,,,
205309,,,,,,,,,,,-1.092848,-0.908264,,,,,-0.005604,0.049613,0.265312,,,,,,,,,
205316,,,,,,,,,-0.000000,0.000000,,,-0.324386,-1.179687,-0.121546,-0.055586,,,,,,,,,,,,
205326,,,,,,,,,-0.027467,-0.652434,,,-0.272938,-1.537131,-0.122224,-0.051886,,,,-0.024062,1.043337,-2.805308,,,,,,
205336,,,,,,,,,-0.000000,0.000000,,,-0.229650,-1.293342,-0.122830,-0.054247,,,,-0.023901,1.043357,-2.808156,,,,,,
205346,,,,,,,,,-0.000000,0.000000,,,-0.193228,-1.088218,-0.123374,-0.056262,,,,-0.023665,1.043436,-2.808146,,,,,,
205356,-0.023594,1.043466,-2.809863,-0.002523,0.998234,-2.530485,0.011082,0.003223,-0.027467,-0.652434,,,-0.162582,-1.460170,-0.123867,-0.052432,,,,,,,,,,,,
205359,,,,,,,,,,,-0.907933,-0.680622,,,,,-0.005191,0.049629,0.279378,,,,,,,,,
205366,,,,,,,,,-0.000000,0.000000,,,-0.136796,-1.228586,-0.122430,-0.052362,,,,,,,,,,,,
205376,,,,,,,,,-0.054935,0.000000,,,-0.659643,-1.578276,-0.117251,-0.048685,,,,-0.023052,1.043666,-2.810939,,,,,,
205386,,,,,,,,,-0.000000,0.000000,,,-0.555024,-1.327961,-0.118368,-0.051059,,,,-0.022893,1.043754,-2.808108,,,,,,
205396,,,,,,,,,-0.027467,0.652434,,,-1.011540,-1.117346,-0.113782,-0.053078,,,,-0.022767,1.043821,-2.805338,,,,,,
205406,-0.022728,1.043830,-2.802980,-0.003079,0.997844,-2.530214,0.012717,0.004574,-0.027467,0.652434,,,-1.395653,-0.940135,-0.109843,-0.054798,,,,,,,,,,,,
205409,,,,,,,,,,,-0.280886,-0.020432,,,,,-0.003257,0.049902,0.272766,,,,,,,,,
205416,,,,,,,,,-0.000000,0.000000,,,-1.174302,-0.791029,-0.105607,-0.049533,,,,,,,,,,,,
205426,,,,,,,,,-0.027467,0.652434,,,-1.532601,-0.665572,-0.101774,-0.050659,,,,-0.021946,1.044219,-2.796865,,,,,,
205436,,,,,,,,,-0.000000,0.000000,,,-1.289530,-0.560012,-0.104003,-0.051606,,,,-0.021771,1.044300,-2.794015,,,,,,
205446,,,,,,,,,-0.027467,0.652434,,,-1.629554,-0.471194,-0.100333,-0.052404,,,,-0.021716,1.044341,-2.791211,,,,,,
205456,-0.021801,1.044299,-2.792199,-0.003707,0.997404,-2.529845,0.014443,0.006324,-0.000000,0.000000,,,-1.371106,-0.396463,-0.102699,-0.053076,,,,,,,,,,,,
205459,,,,,,,,,,,0.459078,0.751827,,,,,-0.000947,0.050255,0.262354,,,,,,,,,
205466,,,,,,,,,-0.000000,0.000000,,,-1.153649,-0.333584,-0.097152,-0.045766,,,,,,,,,,,,
205476,,,,,,,,,-0.027467,0.652434,,,-1.515223,-0.280677,-0.093141,-0.046088,,,,-0.021555,1.044379,-2.782815,,,,,,
205486,,,,,,,,,-0.000000,0.000000,,,-1.274909,-0.236162,-0.095198,-0.046336,,,,-0.021426,1.044487,-2.777224,,,,,,
205496,,,,,,,,,-0.000000,0.000000,,,-1.072708,-0.198706,-0.096913,-0.046520,,,,-0.021288,1.044559,-2.777213,,,,,,
205506,-0.021331,1.044537,-2.778471,-0.004411,0.996910,-2.529351,0.016259,0.008547,-0.000000,0.000000,1.132263,1.456331,-0.902576,-0.167192,-0.098342,-0.046651,,,,,,,,,,,,
205509,,,,,,,,,,,,,,,,,0.001100,0.050531,0.249120,,,,,,,,,
205516,,,,,,,,,-0.000000,0.000000,,,-0.759428,-0.140675,-0.092663,-0.039552,,,,-0.021090,1.044653,-2.774398,,,,,,
205526,,,,,,,,,-0.000000,0.000000,,,-0.638982,-0.118364,-0.093514,-0.039460,,,,-0.021117,1.044633,-2.774398,,,,,,
205536,,,,,,,,,-0.000000,0.000000,,,-0.537640,-0.099591,-0.094193,-0.039337,,,,-0.021194,1.044608,-2.774398,,,,,,
205546,,,,,,,,,-0.000000,0.000000,,,-0.452370,-0.083796,-0.094729,-0.039187,,,,-0.021244,1.044590,-2.774409,,,,,,
205556,-0.021252,1.044586,-2.774750,-0.005194,0.996359,-2.528702,0.018159,0.011322,-0.000000,0.000000,,,-0.380624,-0.070506,-0.095144,-0.039014,,,,,,,,,,,,
205559,,,,,,,,,,,1.565990,1.934001,,,,,0.002308,0.050778,0.246048,,,,,,,,,
205566,,,,,,,,,-0.000000,0.000000,,,-0.320257,-0.059324,-0.091033,-0.033951,,,,,,,,,,,,
205576,,,,,,,,,-0.000000,0.000000,,,-0.269464,-0.049915,-0.091174,-0.033648,,,,-0.021197,1.044603,-2.774398,,,,,,
205586,,,,,,,,,-0.000000,0.000000,,,-0.226727,-0.041999,-0.091243,-0.033332,,,,-0.021193,1.044611,-2.774398,,,,,,
205596,,,,,,,,,-0.000000,0.000000,,,-0.190768,-0.035338,-0.091251,-0.033005,,,,-0.021201,1.044607,-2.774398,,,,,,
205606,-0.021205,1.044605,-2.774427,-0.006060,0.995750,-2.527865,0.020141,0.014734,-0.000000,0.000000,,,-0.160512,-0.029733,-0.091208,-0.032668,,,,,,,,,,,,
205609,,,,,,,,,,,1.967256,2.387686,,,,,0.003402,0.051035,0.246563,,,,,,,,,
205616,,,,,,,,,-0.000000,0.000000,,,-0.135055,-0.025017,-0.087030,-0.027696,,,,,,,,,,,,
205626,,,,,,,,,-0.000000,0.000000,,,-0.113635,-0.021050,-0.086828,-0.027254,,,,-0.021219,1.044600,-2.774398,,,,,,
205636,,,,,,,,,-0.000000,0.000000,,,-0.095613,-0.017711,-0.086595,-0.026806,,,,-0.021203,1.044600,-2.774398,,,,,,
205646,,,,,,,,,-0.000000,0.000000,,,-0.080449,-0.014902,-0.086337,-0.026354,,,,-0.021214,1.044598,-2.774398,,,,,,
205656,-0.021213,1.044599,-2.774400,-0.007010,0.995080,-2.526802,0.022203,0.018868,-0.000000,0.000000,2.377423,2.856317,-0.067689,-0.012539,-0.086058,-0.025897,0.004521,0.051317,0.247598,,,,,,,,,
205660,,,,,,,,,,,,,,,,,,,,-0.021207,1.044597,-2.774398,,,,,,
205666,,,,,,,,,-0.000000,0.000000,,,-0.056954,-0.010550,-0.081577,-0.020657,,,,-0.021220,1.044600,-2.774398,,,,,,
205676,,,,,,,,,-0.000000,0.000000,,,-0.047921,-0.008877,-0.081182,-0.020101,,,,-0.021222,1.044600,-2.774398,,,,,,
205686,,,,,,,,,-0.000000,0.000000,,,-0.040321,-0.007469,-0.080774,-0.019542,,,,-0.021222,1.044601,-2.774398,,,,,,
205696,,,,,,,,,-0.000000,0.000000,,,-0.033926,-0.006284,-0.080356,-0.018982,,,,-0.021220,1.044601,-2.774398,,,,,,
205706,-0.021220,1.044600,-2.774398,-0.008049,0.994345,-2.525469,0.024341,0.023815,-0.000000,0.000000,,,-0.028545,-0.005288,-0.079929,-0.018419,,,,,,,,,,,,
205709,,,,,,,,,,,2.819415,3.363122,,,,,0.005749,0.051634,0.248929,,,,,,,,,
205716,,,,,,,,,-0.000000,0.000000,,,-0.024018,-0.004449,-0.074985,-0.012686,,,,,,,,,,,,
205726,,,,,,,,,-0.000000,0.000000,,,-0.020209,-0.003743,-0.074456,-0.012020,,,,-0.021209,1.044600,-2.774398,,,,,,
205736,,,,,,,,,-0.000000,0.000000,,,-0.017004,-0.003150,-0.073920,-0.011353,,,,-0.021212,1.044603,-2.774398,,,,,,
205746,,,,,,,,,-0.000000,0.000000,,,-0.014307,-0.002650,-0.073381,-0.010684,,,,-0.021224,1.044601,-2.774409,,,,,,
205756,-0.021224,1.044601,-2.774408,-0.009178,0.993544,-2.523818,0.026553,0.029666,-0.000000,0.000000,3.292880,3.908385,-0.012038,-0.002230,-0.072837,-0.010016,0.007086,0.051978,0.250589,,,,,,,,,
205760,,,,,,,,,,,,,,,,,,,,-0.021217,1.044603,-2.774409,,,,,,
205766,,,,,,,,,-0.000000,0.000000,,,-0.010129,-0.001876,-0.067461,-0.003784,,,,-0.021230,1.044593,-2.774398,,,,,,
205776,,,,,,,,,-0.000000,0.000000,,,-0.008522,-0.001579,-0.066817,-0.003005,,,,-0.021217,1.044599,-2.774398,,,,,,
205786,,,,,,,,,-0.000000,0.000000,,,-0.007171,-0.001328,-0.066170,-0.002226,,,,-0.021216,1.044598,-2.774398,,,,,,
205796,,,,,,,,,-0.000000,0.000000,,,-0.006033,-0.001118,-0.065522,-0.001446,,,,-0.021218,1.044598,-2.774409,,,,,,
205806,-0.021219,1.044598,-2.774409,-0.010400,0.992674,-2.521799,0.028836,0.036512,-0.000000,0.000000,,,-0.005076,-0.000940,-0.064872,-0.000666,,,,,,,,,,,,
205809,,,,,,,,,,,3.800169,4.495098,,,,,0.008543,0.052347,0.252609,,,,,,,,,
205816,,,,,,,,,-0.000000,0.000000,,,-0.004271,-0.000791,-0.059046,0.006099,,,,,,,,,,,,
205826,,,,,,,,,-0.000000,0.000000,,,-0.003594,-0.000666,-0.058292,0.006997,,,,-0.021219,1.044594,-2.774409,,,,,,
205836,,,,,,,,,-0.000000,0.000000,,,-0.003024,-0.000560,-0.057537,0.007895,,,,-0.021221,1.044598,-2.774409,,,,,,
205846,,,,,,,,,-0.000000,0.000000,,,-0.002544,-0.000471,-0.056781,0.008793,,,,-0.021232,1.044590,-2.774409,,,,,,
205856,-0.021231,1.044591,-2.774409,-0.011718,0.991732,-2.519355,0.031189,0.044441,-0.000000,0.000000,4.334570,5.117311,-0.002141,-0.000397,-0.056025,0.009691,0.010097,0.052751,0.255053,,,,,,,,,
205860,,,,,,,,,,,,,,,,,,,,-0.021231,1.044597,-2.774398,,,,,,
205866,,,,,,,,,-0.000000,0.000000,,,-0.001801,-0.000334,-0.049817,0.016936,,,,-0.021217,1.044597,-2.774398,,,,,,
205876,,,,,,,,,-0.000000,0.000000,,,-0.001516,-0.000281,-0.048953,0.017959,,,,-0.021217,1.044597,-2.774409,,,,,,
205886,,,,,,,,,-0.000000,0.000000,,,-0.001275,-0.000236,-0.048088,0.018982,,,,-0.021220,1.044589,-2.774409,,,,,,
205896,,,,,,,,,-0.000000,0.000000,,,-0.001073,-0.000199,-0.047223,0.020005,,,,-0.021232,1.044591,-2.774409,,,,,,
205906,-0.021232,1.044591,-2.774409,-0.013132,0.990714,-2.516425,0.033611,0.053538,-0.000000,0.000000,4.904873,5.784595,-0.000903,-0.000167,-0.046357,0.021029,0.011782,0.053194,0.257984,,,,,,,,,
205910,,,,,,,,,,,,,,,,,,,,-0.021233,1.044598,-2.774398,,,,,,
205916,,,,,,,,,-0.000000,0.000000,,,-0.000760,-0.000141,-0.039675,0.028858,,,,-0.021221,1.044598,-2.774398,,,,,,
205926,,,,,,,,,-0.000000,0.000000,,,-0.000639,-0.000118,-0.038695,0.030015,,,,-0.021236,1.044593,-2.774409,,,,,,
205936,,,,,,,,,-0.000000,0.000000,,,-0.000538,-0.000100,-0.037715,0.031172,,,,-0.021238,1.044592,-2.774409,,,,,,
205946,,,,,,,,,-0.000000,0.000000,,,-0.000452,-0.000084,-0.036734,0.032328,,,,-0.021238,1.044595,-2.774409,,,,,,
205956,-0.021238,1.044595,-2.774409,-0.014646,0.989618,-2.512945,0.036100,0.063882,-0.000000,0.000000,,,-0.000381,-0.000071,-0.035754,0.033485,,,,,,,,,,,,
205959,,,,,,,,,,,5.506693,6.493351,,,,,0.013584,0.053678,0.261464,,,,,,,,,
205966,,,,,,,,,-0.000000,0.000000,,,-0.000320,-0.000059,-0.028635,0.041871,,,,,,,,,,,,
205976,,,,,,,,,-0.000000,0.000000,,,-0.000270,-0.000050,-0.027534,0.043170,,,,-0.021231,1.044592,-2.774409,,,,,,
205986,,,,,,,,,-0.000000,0.000000,,,-0.000227,-0.000042,-0.026433,0.044469,,,,-0.021245,1.044597,-2.774398,,,,,,
205996,,,,,,,,,-0.000000,0.000000,,,-0.000191,-0.000035,-0.025332,0.045767,,,,-0.021230,1.044598,-2.774409,,,,,,
206006,-0.021231,1.044598,-2.774409,-0.016259,0.988440,-2.508848,0.038656,0.075542,-0.000000,0.000000,6.144023,7.248391,-0.000161,-0.000030,-0.024231,0.047066,0.015520,0.054199,0.265561,,,,,,,,,
206010,,,,,,,,,,,,,,,,,,,,-0.021234,1.044600,-2.774398,,,,,,
206016,,,,,,,,,-0.000000,0.000000,,,-0.000135,-0.000025,-0.016629,0.056066,,,,-0.021237,1.044592,-2.774409,,,,,,
206026,,,,,,,,,-0.000000,0.000000,,,-0.000114,-0.000021,-0.015401,0.057515,,,,-0.021242,1.044590,-2.774409,,,,,,
206036,,,,,,,,,-0.000000,0.000000,,,-0.000096,-0.000018,-0.014172,0.058965,,,,-0.021242,1.044590,-2.774409,,,,,,
206046,,,,,,,,,0.027467,0.652434,,,-0.000080,0.544528,-0.012943,0.054860,,,,-0.021238,1.044579,-2.774398,,,,,,
206056,-0.021237,1.044580,-2.774399,-0.017975,0.987175,-2.504063,0.041279,0.088578,-0.000000,0.000000,6.809166,8.042820,-0.000068,0.458166,-0.011715,0.057082,0.017564,0.054750,0.270336,,,,,,,,,
206060,,,,,,,,,,,,,,,,,,,,-0.021240,1.044594,-2.774398,,,,,,
206066,,,,,,,,,0.027467,0.652434,,,-0.000057,0.930044,-0.003702,0.061730,,,,-0.021224,1.044595,-2.774398,,,,,,
206076,,,,,,,,,-0.000000,0.000000,,,-0.000048,0.782539,-0.002340,0.064657,,,,-0.021287,1.044566,-2.774398,,,,,,
206086,,,,,,,,,-0.000000,0.000000,,,-0.000040,0.658428,-0.000978,0.067375,,,,-0.021386,1.044533,-2.771582,,,,,,
206096,,,,,,,,,-0.000000,0.000000,,,-0.000034,0.554001,0.000384,0.069917,,,,-0.021458,1.044513,-2.771582,,,,,,
206106,-0.021547,1.044476,-2.769081,-0.019793,0.985821,-2.498520,0.043970,0.103035,0.027467,0.652434,,,-0.000029,1.010680,0.001746,0.066757,,,,,,,,,,,,
206109,,,,,,,,,,,7.512313,8.873405,,,,,0.019715,0.055271,0.270561,,,,,,,,,
206116,,,,,,,,,-0.000000,0.000000,,,-0.000024,0.850386,0.010279,0.078270,,,,,,,,,,,,
206126,,,,,,,,,-0.000000,0.000000,,,-0.000020,0.715515,0.011782,0.081251,,,,-0.021607,1.044484,-2.765948,,,,,,
206136,,,,,,,,,0.027467,0.652434,,,-0.000017,1.146577,0.013284,0.078485,,,,-0.021706,1.044461,-2.763130,,,,,,
206146,,,,,,,,,-0.000000,0.000000,,,-0.000014,0.964730,0.014787,0.081886,,,,-0.021858,1.044423,-2.757479,,,,,,
206156,-0.021939,1.044384,-2.755715,-0.021715,0.984371,-2.492145,0.046731,0.118941,0.027467,0.652434,,,-0.000012,1.356267,0.016289,0.079474,,,,,,,,,,,,
206159,,,,,,,,,,,8.375742,9.852673,,,,,0.022380,0.055684,0.263571,-0.021998,1.044404,-2.754659,,,,,,
206166,,,,,,,,,0.027467,0.652434,,,-0.000010,1.685706,0.026599,0.087605,,,,-0.022185,1.044381,-2.748994,,,,,,
206176,,,,,,,,,0.027467,0.652434,,,-0.000009,1.962896,0.028274,0.086411,,,,-0.022380,1.044321,-2.743340,,,,,,
206186,,,,,,,,,0.027467,0.652434,,,-0.000007,2.196124,0.029949,0.085610,,,,,,,,,,,,
206189,,,,,,,,,,,,,,,,,,,,-0.022634,1.044178,-2.737698,,,,,,
206196,,,,,,,,,0.027467,0.652434,,,-0.000006,2.392361,0.031624,0.085140,,,,-0.022904,1.044115,-2.732050,,,,,,
206206,-0.022929,1.044093,-2.731299,-0.023740,0.982822,-2.484865,0.049563,0.136305,0.027467,0.652434,,,-0.000005,2.557476,0.033299,0.084948,,,,,,,,,,,,
206209,,,,,,,,,,,9.302677,10.870934,,,,,0.025183,0.055862,0.246434,,,,,,,,,
206216,,,,,,,,,0.027467,0.652434,,,-0.000004,2.696403,0.044429,0.095376,,,,,,,,,,,,
206226,,,,,,,,,0.027467,0.652434,,,-0.000004,2.813296,0.046290,0.095819,,,,-0.023690,1.043831,-2.709367,,,,,,
206236,,,,,,,,,0.054935,1.304868,,,-0.000003,3.456193,0.048150,0.090873,,,,-0.024030,1.043696,-2.700861,,,,,,
206246,,,,,,,,,0.027467,0.652434,,,-0.000003,3.452584,0.050011,0.092393,,,,-0.024425,1.043556,-2.692345,,,,,,
206256,-0.024508,1.043503,-2.690139,-0.025870,0.981166,-2.476610,0.052469,0.155110,0.054935,1.304868,,,-0.000002,3.994090,0.051871,0.088353,,,,,,,,,,,,
206259,,,,,,,,,,,10.393147,12.003502,,,,,0.028421,0.055498,0.213529,,,,,,,,,
206266,,,,,,,,,0.054935,1.304868,,,-0.000002,4.449713,0.064854,0.096633,,,,,,,,,,,,
206276,,,,,,,,,0.054935,1.304868,,,-0.000002,4.833075,0.066933,0.094234,,,,,,,,,,,,
206279,,,,,,,,,,,,,,,,,,,,-0.025746,1.043093,-2.658233,,,,,,
206286,,,,,,,,,0.027467,0.652434,,,-0.000001,4.611092,0.069012,0.097932,,,,-0.026235,1.042916,-2.646824,,,,,,
206296,,,,,,,,,0.082402,1.957303,,,-0.000001,5.513402,0.071090,0.090207,,,,-0.026705,1.042740,-2.632533,,,,,,
206306,-0.026725,1.042697,-2.631892,-0.028104,0.979398,-2.467312,0.055455,0.175315,0.054935,1.304868,,,-0.000001,5.728062,0.073169,0.089315,,,,,,,,,,,,
206309,,,,,,,,,,,11.648080,13.240001,,,,,0.032089,0.054580,0.164579,,,,,,,,,
206316,,,,,,,,,0.054935,1.304868,,,-0.000001,5.908677,0.088048,0.101340,,,,,,,,,,,,
206326,,,,,,,,,0.054935,1.304868,,,-0.000001,6.060646,0.090378,0.101257,,,,-0.028286,1.042046,-2.589504,,,,,,
206336,,,,,,,,,0.082402,1.957303,,,-0.000001,6.733057,0.092707,0.095834,,,,-0.028843,1.041799,-2.575098,,,,,,
206346,,,,,,,,,0.082402,0.652434,,,0.544543,6.754279,0.089482,0.096919,,,,,,,,,,,,
206353,,,,,,,,,,,,,,,,,,,,-0.029390,1.041478,-2.560647,,,,,,
206356,-0.029460,1.041398,-2.558414,-0.030442,0.977510,-2.456905,0.058525,0.196847,0.082402,1.957303,,,0.458178,6.772136,0.092584,0.098034,,,,,,,,,,,,
206359,,,,,,,,,,,13.010392,14.518366,,,,,0.036001,0.052787,0.101509,,,,,,,,,
206366,,,,,,,,,0.054935,1.304868,,,0.385511,7.331704,0.109459,0.106659,,,,,,,,,,,,
206376,,,,,,,,,0.082402,1.957303,,,0.324369,7.802525,0.112607,0.103294,,,,-0.031307,1.040542,-2.511348,,,,,,
206386,,,,,,,,,0.082402,1.957303,,,0.272924,8.198673,0.115669,0.100596,,,,-0.032026,1.040129,-2.493871,,,,,,
206396,,,,,,,,,0.082402,1.957303,,,0.229638,8.531992,0.118658,0.098461,,,,-0.032663,1.039794,-2.473431,,,,,,
206406,-0.032673,1.039725,-2.472350,-0.032882,0.975494,-2.445333,0.061686,0.219602,0.082402,1.957303,,,0.193218,8.812447,0.121586,0.096797,,,,,,,,,,,,
206409,,,,,,,,,,,14.428020,15.786772,,,,,0.040012,0.050246,0.027017,,,,,,,,,
206416,,,,,,,,,0.109870,1.304868,,,0.707116,8.503878,0.133368,0.114023,,,,,,,,,,,,
206426,,,,,,,,,0.082402,0.652434,,,1.139511,8.788792,0.131701,0.112574,,,,-0.034879,1.038321,-2.426328,,,,,,
206436,,,,,,,,,0.137337,0.652434,,,2.047871,9.028518,0.125094,0.111528,,,,-0.035855,1.037523,-2.414460,,,,,,
206446,,,,,,,,,0.109870,1.304868,,,2.267622,9.230224,0.125328,0.110823,,,,-0.036850,1.036739,-2.405525,,,,,,
206456,-0.037027,1.036543,-2.405658,-0.035424,0.973341,-2.432546,0.064945,0.243439,0.164805,1.304868,,,2.997063,9.399939,0.120320,0.110403,,,,,,,,,,,,
206459,,,,,,,,,,,15.021245,16.290352,,,,,0.041238,0.047922,-0.026888,,,,,,,,,
206466,,,,,,,,,0.137337,0.652434,,,3.610815,10.087280,0.122397,0.109806,,,,-0.038970,1.035003,-2.387751,,,,,,
206476,,,,,,,,,0.137337,0.652434,,,4.127225,10.121066,0.119412,0.110702,,,,-0.040077,1.034037,-2.378831,,,,,,
206486,,,,,,,,,0.164805,1.304868,,,4.561733,10.694036,0.117158,0.106091,,,,-0.041182,1.032992,-2.369867,,,,,,
206496,,,,,,,,,0.164805,0.000000,,,4.927328,10.631591,0.115521,0.107848,,,,-0.042325,1.031916,-2.363875,,,,,,
206506,-0.042378,1.031825,-2.361906,-0.038066,0.971042,-2.418504,0.068314,0.268179,0.164805,1.304868,,,5.779483,11.123592,0.108848,0.103961,,,,,,,,,,,,
206509,,,,,,,,,,,14.785732,16.052767,,,,,0.039667,0.046256,-0.056598,,,,,,,,,
206516,,,,,,,,,0.137337,0.652434,,,5.951942,10.993019,0.106535,0.103903,,,,,,,,,,,,
206526,,,,,,,,,0.192272,0.652434,,,6.641593,11.427697,0.101267,0.100481,,,,-0.045988,1.028510,-2.339905,,,,,,
206536,,,,,,,,,0.164805,1.304868,,,6.677322,11.793436,0.102532,0.097675,,,,-0.047244,1.027352,-2.333879,,,,,,
206546,,,,,,,,,0.164805,0.000000,,,7.251927,11.556625,0.098292,0.100943,,,,-0.048488,1.026060,-2.324865,,,,,,
206556,-0.048452,1.026043,-2.322499,-0.040807,0.968586,-2.403179,0.071803,0.293604,0.164805,1.304868,,,7.190857,11.901916,0.100422,0.098320,,,,,,,,,,,,
206559,,,,,,,,,,,14.169274,15.450545,,,,,0.036753,0.044821,-0.080680,,,,,,,,,
206566,,,,,,,,,0.192272,0.652434,,,7.684016,12.192443,0.090623,0.090044,,,,,,,,,,,,
206576,,,,,,,,,0.164805,0.000000,,,8.098960,11.892349,0.087688,0.093757,,,,-0.051995,1.022279,-2.303702,,,,,,
206586,,,,,,,,,0.164805,1.304868,,,7.903550,12.184394,0.090895,0.091490,,,,-0.053107,1.020925,-2.300670,,,,,,
206596,,,,,,,,,0.164805,0.000000,,,7.739132,11.885577,0.093825,0.095191,,,,-0.054339,1.019485,-2.294629,,,,,,
206606,-0.054302,1.019516,-2.291492,-0.043643,0.965961,-2.386556,0.075424,0.319459,0.164805,1.304868,,,8.145334,12.178696,0.090968,0.092914,,,,,,,,,,,,
206609,,,,,,,,,,,13.365396,14.697681,,,,,0.033205,0.043350,-0.095063,,,,,,,,,
206616,,,,,,,,,0.192272,0.652434,,,8.487113,11.880782,0.080487,0.088928,,,,,,,,,,,,
206626,,,,,,,,,0.137337,0.652434,,,8.230143,12.174662,0.084084,0.086494,,,,-0.057738,1.015844,-2.276371,,,,,,
206636,,,,,,,,,0.164805,0.000000,,,8.558471,11.877388,0.081762,0.090030,,,,-0.058699,1.014774,-2.267222,,,,,,
206646,,,,,,,,,0.164805,1.304868,,,8.290182,12.171805,0.085460,0.087591,,,,-0.059824,1.013537,-2.258045,,,,,,
206656,-0.059883,1.013424,-2.258115,-0.046573,0.963155,-2.368637,0.079194,0.345450,0.192272,0.652434,,,8.064445,11.874985,0.088777,0.091124,,,,,,,,,,,,
206659,,,,,,,,,,,12.786595,14.158395,,,,,0.030411,0.042182,-0.110523,,,,,,,,,
206666,,,,,,,,,0.137337,0.652434,,,8.419052,12.169784,0.080317,0.083181,,,,,,,,,,,,
206676,,,,,,,,,0.109870,1.304868,,,7.628333,11.873284,0.089256,0.086603,,,,-0.062842,1.010061,-2.230393,,,,,,
206686,,,,,,,,,0.164805,1.304868,,,7.507565,12.168353,0.091519,0.084050,,,,-0.063769,1.008921,-2.224212,,,,,,
206696,,,,,,,,,0.137337,0.652434,,,7.405950,11.872080,0.093611,0.087470,,,,-0.064735,1.007798,-2.214950,,,,,,
206706,-0.064765,1.007734,-2.218573,-0.049593,0.960152,-2.349440,0.083129,0.371250,0.164805,0.000000,,,7.864995,11.622796,0.090005,0.090470,,,,,,,,,,,,
206709,,,,,,,,,,,12.559988,13.935769,,,,,0.028788,0.040810,-0.130867,,,,,,,,,
206716,,,,,,,,,0.137337,0.652434,,,7.706692,11.413049,0.090293,0.090846,,,,,,,,,,,,
206726,,,,,,,,,0.164805,1.304868,,,7.573496,11.781111,0.092622,0.087596,,,,-0.067382,1.004460,-2.187031,,,,,,
206736,,,,,,,,,0.109870,1.304868,,,6.916882,11.546255,0.100317,0.090423,,,,-0.068264,1.003283,-2.180771,,,,,,
206746,,,,,,,,,0.137337,0.652434,,,6.908950,11.348647,0.101526,0.092916,,,,-0.069059,1.002133,-2.174526,,,,,,
206756,-0.069114,1.002050,-2.178223,-0.052700,0.956938,-2.329002,0.087248,0.396506,0.164805,0.000000,,,7.446819,11.182380,0.097170,0.095130,,,,,,,,,,,,
206759,,,,,,,,,,,12.490882,13.857953,,,,,0.027674,0.039226,-0.150779,-0.069985,1.000897,-2.168241,,,,,,
206766,,,,,,,,,0.164805,1.304868,,,6.810296,11.042482,0.103981,0.096314,,,,,,,,,,,,
206773,,,,,,,,,,,,,,,,,,,,-0.070822,0.999611,-2.158871,,,,,,
206776,,,,,,,,,0.137337,0.652434,,,7.363812,11.469316,0.099471,0.092523,,,,-0.071757,0.998309,-2.155730,,,,,,
206786,,,,,,,,,0.164805,0.000000,,,7.829540,11.283911,0.095746,0.094892,,,,-0.072599,0.997046,-2.149440,,,,,,
206796,,,,,,,,,0.137337,0.652434,,,7.676860,11.127911,0.098235,0.096998,,,,-0.073477,0.995846,-2.143170,,,,,,
206806,-0.073504,0.995797,-2.146112,-0.055888,0.953497,-2.307377,0.091573,0.420843,0.164805,0.000000,,,8.092939,10.996653,0.094954,0.098883,,,,,,,,,,,,
206809,,,,,,,,,,,12.237455,13.632889,,,,,0.025906,0.037796,-0.161265,,,,,,,,,
206816,,,,,,,,,0.137337,0.652434,,,7.353941,10.886211,0.100787,0.098286,,,,,,,,,,,,
206826,,,,,,,,,0.164805,1.304868,,,7.821235,11.337830,0.096997,0.094229,,,,-0.075995,0.991926,-2.130504,,,,,,
206836,,,,,,,,,0.164805,0.000000,,,8.214416,11.173278,0.093870,0.096366,,,,-0.076854,0.990663,-2.121022,,,,,,
206846,,,,,,,,,0.164805,1.304868,,,8.000694,11.579368,0.096854,0.092716,,,,-0.077798,0.989317,-2.117856,,,,,,
206856,-0.077744,0.989372,-2.117489,-0.059155,0.949811,-2.284642,0.096127,0.443879,0.137337,0.652434,,,7.820869,11.376508,0.099536,0.095196,,,,,,,,,,,,
206859,,,,,,,,,,,11.992849,13.429415,,,,,0.024131,0.036446,-0.167153,,,,,,,,,
206866,,,,,,,,,0.164805,1.304868,,,7.669565,11.750365,0.099468,0.089758,,,,,,,,,,,,
206876,,,,,,,,,0.164805,0.000000,,,8.086801,11.520386,0.096076,0.092440,,,,-0.080357,0.985449,-2.095537,,,,,,
206886,,,,,,,,,0.192272,0.652434,,,7.893319,11.326880,0.098831,0.094795,,,,-0.081170,0.984159,-2.085917,,,,,,
206896,,,,,,,,,0.137337,0.652434,,,8.275067,11.708609,0.095757,0.091322,,,,-0.081968,0.982826,-2.079511,,,,,,
206906,-0.081905,0.982878,-2.079960,-0.062495,0.945862,-2.260888,0.100936,0.465234,0.137337,0.652434,,,8.051727,11.485251,0.098779,0.093945,,,,,,,,,,,,
206909,,,,,,,,,,,11.928363,13.341200,,,,,0.022860,0.034991,-0.180928,,,,,,,,,
206916,,,,,,,,,0.164805,1.304868,,,7.863809,11.841862,0.100826,0.089796,,,,,,,,,,,,
206926,,,,,,,,,0.164805,0.000000,,,8.250237,11.597370,0.097697,0.092590,,,,-0.084623,0.978431,-2.060196,,,,,,
206936,,,,,,,,,0.192272,0.652434,,,8.575378,11.391655,0.095117,0.095037,,,,-0.085527,0.976889,-2.053731,,,,,,
206946,,,,,,,,,0.137337,0.652434,,,8.304409,11.763110,0.098551,0.091638,,,,-0.086298,0.975438,-2.047249,,,,,,
206956,-0.086311,0.975352,-2.047257,-0.065903,0.941628,-2.236227,0.106025,0.484545,0.192272,0.652434,,,8.620958,11.531109,0.096047,0.094320,,,,,,,,,,,,
206959,,,,,,,,,,,11.602176,13.006854,,,,,0.020608,0.033602,-0.188971,,,,,,,,,
206966,,,,,,,,,0.137337,0.652434,,,8.342759,11.880446,0.096219,0.087709,,,,,,,,,,,,
206976,,,,,,,,,0.192272,0.652434,,,8.108683,12.174379,0.099259,0.084936,,,,-0.088897,0.970880,-2.027742,,,,,,
206986,,,,,,,,,0.137337,0.652434,,,8.456274,11.877151,0.096412,0.088134,,,,-0.089679,0.969400,-2.021186,,,,,,
206996,,,,,,,,,0.192272,0.652434,,,8.748737,12.171606,0.094058,0.085356,,,,-0.090462,0.967889,-2.014646,,,,,,
207006,-0.090369,0.967999,-2.014645,-0.069373,0.937089,-2.210784,0.111425,0.501481,0.137337,0.652434,,,8.450273,11.874817,0.097673,0.088551,,,,,,,,,,,,
207009,,,,,,,,,,,11.455133,12.836291,,,,,0.018898,0.032235,-0.196139,,,,,,,,,
207016,,,,,,,,,0.192272,0.652434,,,8.743688,12.169642,0.093811,0.084030,,,,,,,,,,,,
207026,,,,,,,,,0.164805,0.000000,,,8.990567,11.873165,0.091835,0.087188,,,,-0.092805,0.963335,-1.994929,,,,,,
207036,,,,,,,,,0.137337,0.652434,,,8.653749,11.623709,0.095763,0.089925,,,,-0.093529,0.961852,-1.991637,,,,,,
207046,,,,,,,,,0.192272,0.652434,,,8.914892,11.958360,0.093660,0.086754,,,,-0.094259,0.960294,-1.988358,,,,,,
207056,-0.094268,0.960206,-1.987826,-0.072898,0.932223,-2.184699,0.117163,0.515758,0.192272,0.652434,,,9.134619,11.695392,0.091927,0.089612,,,,,,,,,,,,
207059,,,,,,,,,,,11.252022,12.633171,,,,,0.016929,0.030873,-0.196873,,,,,,,,,
207066,,,,,,,,,0.137337,0.652434,,,8.774954,12.018674,0.093988,0.084470,,,,,,,,,,,,
207076,,,,,,,,,0.164805,0.000000,,,9.016874,11.746140,0.092015,0.087373,,,,-0.096298,0.956069,-1.968480,,,,,,
207086,,,,,,,,,0.164805,1.304868,,,8.675883,12.061374,0.095941,0.084335,,,,-0.096881,0.954672,-1.965156,,,,,,
207096,,,,,,,,,0.164805,0.000000,,,8.933517,11.782068,0.093828,0.087299,,,,-0.097612,0.953070,-1.961799,,,,,,
207106,-0.097556,0.953138,-1.961246,-0.076472,0.927005,-2.158120,0.123273,0.527149,0.137337,0.652434,,,8.605746,11.547060,0.097635,0.089866,,,,,,,,,,,,
207109,,,,,,,,,,,11.412559,12.778566,,,,,0.016142,0.029444,-0.196874,-0.098371,0.951574,-1.955118,,,,,,
207116,,,,,,,,,0.164805,0.000000,,,8.874503,11.349324,0.097060,0.093583,,,,-0.098972,0.950077,-1.951813,,,,,,
207126,,,,,,,,,0.164805,1.304868,,,8.556092,11.727492,0.100816,0.090012,,,,-0.099479,0.948627,-1.948468,,,,,,
207136,,,,,,,,,0.164805,0.000000,,,8.832725,11.501141,0.098565,0.092531,,,,-0.100043,0.947269,-1.945120,,,,,,
207146,,,,,,,,,0.137337,0.652434,,,8.520940,11.310688,0.102261,0.094729,,,,-0.100641,0.945785,-1.941767,,,,,,
207156,-0.100645,0.945762,-1.943402,-0.080087,0.921411,-2.131202,0.129783,0.535496,0.164805,0.000000,,,8.803147,11.150441,0.099961,0.096657,,,,,,,,,,,,
207159,,,,,,,,,,,11.541388,12.944086,,,,,0.015196,0.028012,-0.187800,,,,,,,,,
207166,,,,,,,,,0.192272,0.652434,,,9.040597,11.015610,0.099375,0.100046,,,,-0.101929,0.942702,-1.935072,,,,,,
207176,,,,,,,,,0.164805,0.000000,,,8.695844,11.446706,0.103392,0.096034,,,,-0.102536,0.941297,-1.931692,,,,,,
207186,,,,,,,,,0.164805,0.000000,,,9.494855,11.264887,0.095811,0.098188,,,,-0.103136,0.939696,-1.928340,,,,,,
207196,,,,,,,,,0.164805,0.000000,,,9.078056,11.111904,0.100472,0.100085,,,,-0.103755,0.938088,-1.924968,,,,,,
207206,-0.103727,0.938081,-1.921040,-0.083736,0.915415,-2.104101,0.136725,0.540717,0.164805,1.304868,,,9.271905,11.527727,0.098987,0.096210,,,,,,,,,,,,
207209,,,,,,,,,,,11.766913,13.155307,,,,,0.014431,0.026554,-0.183061,,,,,,,,,
207216,,,,,,,,,0.164805,0.000000,,,9.435009,11.333057,0.100078,0.100633,,,,,,,,,,,,
207226,,,,,,,,,0.192272,0.652434,,,9.572245,11.713806,0.099144,0.097114,,,,-0.105590,0.933231,-1.911427,,,,,,
207236,,,,,,,,,0.164805,0.000000,,,9.687715,11.489625,0.098405,0.099689,,,,-0.106195,0.931583,-1.911442,,,,,,
207246,,,,,,,,,0.164805,1.304868,,,9.240328,11.845542,0.103385,0.096392,,,,-0.106862,0.929913,-1.904671,,,,,,
207256,-0.106885,0.929844,-1.908782,-0.087412,0.908990,-2.076972,0.144129,0.542807,0.192272,-0.652434,,,9.952984,11.600467,0.096621,0.099153,,,,,,,,,,,,
207259,,,,,,,,,,,11.874346,13.322327,,,,,0.013217,0.025286,-0.168190,,,,,,,,,
207266,,,,,,,,,0.164805,1.304868,,,9.463526,11.938804,0.103072,0.097717,,,,,,,,,,,,
207276,,,,,,,,,0.192272,0.652434,,,9.596239,12.223480,0.102200,0.095090,,,,-0.108759,0.924955,-1.891030,,,,,,
207286,,,,,,,,,0.164805,0.000000,,,9.707904,11.918465,0.101517,0.098421,,,,-0.109357,0.923279,-1.887599,,,,,,
207296,,,,,,,,,0.192272,0.652434,,,9.801859,12.206367,0.100992,0.095765,,,,-0.109970,0.921546,-1.880785,,,,,,
207306,-0.109967,0.921477,-1.880397,-0.091104,0.902109,-2.049965,0.152023,0.541840,0.192272,0.652434,,,9.880913,11.904066,0.100600,0.099072,,,,,,,,,,,,
207309,,,,,,,,,,,12.264219,13.610113,,,,,0.012700,0.023867,-0.169568,,,,,,,,,
207316,,,,,,,,,0.164805,0.000000,,,9.947429,12.194252,0.104297,0.099331,,,,-0.111226,0.917919,-1.870458,,,,,,
207326,,,,,,,,,0.192272,0.652434,,,10.003395,12.438415,0.104190,0.097124,,,,-0.111866,0.916131,-1.863538,,,,,,
207336,,,,,,,,,0.192272,0.652434,,,10.050485,12.643853,0.104161,0.095262,,,,,,,,,,,,
207339,,,,,,,,,,,,,,,,,,,,-0.112434,0.914329,-1.860101,,,,,,
207346,,,,,,,,,0.164805,0.000000,,,10.090106,12.272166,0.104200,0.099247,,,,-0.113043,0.912412,-1.856630,,,,,,
207356,-0.113019,0.912400,-1.855887,-0.094805,0.894744,-2.023221,0.160435,0.537958,0.192272,0.652434,,,10.123444,12.503972,0.104295,0.097150,,,,,,,,,,,,
207359,,,,,,,,,,,12.583175,13.840430,,,,,0.011821,0.022444,-0.167335,,,,,,,,,
207366,,,,,,,,,0.192272,0.652434,,,10.151494,12.699014,0.107690,0.097731,,,,,,,,,,,,
207376,,,,,,,,,0.219740,0.000000,,,10.719639,12.863121,0.102381,0.096286,,,,-0.114780,0.907069,-1.842777,,,,,,
207386,,,,,,,,,0.164805,1.304868,,,10.108589,13.001201,0.108987,0.095073,,,,-0.115446,0.905257,-1.839313,,,,,,
207396,,,,,,,,,0.219740,0.000000,,,10.683538,13.117381,0.103617,0.094055,,,,-0.116064,0.903330,-1.835797,,,,,,
207406,-0.116024,0.903314,-1.834746,-0.098506,0.886865,-1.996870,0.169390,0.531364,0.192272,0.652434,,,10.622758,13.215136,0.104617,0.093203,,,,,,,,,,,,
207409,,,,,,,,,,,13.037126,14.220174,,,,,0.011309,0.021202,-0.162125,,,,,,,,,
207416,,,,,,,,,0.164805,0.000000,,,10.571617,12.752843,0.110161,0.101917,,,,,,,,,,,,
207426,,,,,,,,,0.219740,0.000000,,,10.528587,12.908413,0.111093,0.100623,,,,-0.117642,0.897768,-1.821816,,,,,,
207436,,,,,,,,,0.192272,0.652434,,,11.036924,13.039310,0.106410,0.099551,,,,-0.118089,0.895960,-1.818329,,,,,,
207446,,,,,,,,,0.192272,0.652434,,,10.920096,13.149446,0.108002,0.098663,,,,-0.118671,0.893901,-1.814742,,,,,,
207456,-0.118647,0.893909,-1.813684,-0.102196,0.878443,-1.971027,0.178908,0.522310,0.192272,0.652434,,,10.821797,13.242115,0.109428,0.097932,,,,,,,,,,,,
207459,,,,,,,,,,,13.608127,14.697653,,,,,0.011055,0.019688,-0.157343,,,,,,,,,
207466,,,,,,,,,0.219740,0.000000,,,11.283631,13.320086,0.110984,0.102203,,,,,,,,,,,,
207476,,,,,,,,,0.192272,0.652434,,,11.127676,13.385692,0.113040,0.101809,,,,-0.120297,0.887754,-1.804247,,,,,,
207486,,,,,,,,,0.219740,0.000000,,,11.540998,13.440892,0.109320,0.101509,,,,-0.120892,0.885888,-1.800660,,,,,,
207496,,,,,,,,,0.219740,0.000000,,,11.888766,13.487338,0.106186,0.101286,,,,-0.121426,0.883876,-1.797109,,,,,,
207506,-0.121375,0.883932,-1.795763,-0.105867,0.869448,-1.945792,0.189010,0.511085,0.192272,0.652434,,,11.636836,13.526418,0.109100,0.101130,,,,,,,,,,,,
207509,,,,,,,,,,,14.170918,15.185976,,,,,0.010660,0.018348,-0.150029,,,,,,,,,
207516,,,,,,,,,0.219740,0.000000,,,11.969405,13.559299,0.111842,0.106009,,,,,,,,,,,,
207526,,,,,,,,,0.192272,0.652434,,,11.704685,13.586965,0.114983,0.106053,,,,-0.123163,0.877843,-1.786457,,,,,,
207536,,,,,,,,,0.247207,0.652434,,,12.026493,13.610243,0.112194,0.106135,,,,-0.123812,0.875579,-1.782851,,,,,,
207546,,,,,,,,,0.219740,0.000000,,,12.297262,14.174373,0.109861,0.100696,,,,-0.124280,0.873601,-1.779340,,,,,,
207556,-0.124204,0.873679,-1.777981,-0.109508,0.859850,-1.921253,0.199708,0.497998,0.192272,0.652434,,,11.980544,14.104488,0.113466,0.101611,,,,,,,,,,,,
207559,,,,,,,,,,,14.845572,15.774204,,,,,0.010510,0.017226,-0.143272,,,,,,,,,
207566,,,,,,,,,0.247207,0.652434,,,12.258601,14.045688,0.117949,0.108427,,,,,,,,,,,,
207576,,,,,,,,,0.219740,0.000000,,,12.492558,14.540756,0.116080,0.103723,,,,-0.125858,0.867292,-1.768625,,,,,,
207586,,,,,,,,,0.192272,0.652434,,,12.144867,14.412764,0.120097,0.105275,,,,-0.126367,0.865193,-1.765031,,,,,,
207596,,,,,,,,,0.274675,0.000000,,,12.396862,14.305070,0.118067,0.106646,,,,-0.126784,0.863033,-1.761444,,,,,,
207606,-0.126721,0.863134,-1.760094,-0.113108,0.849619,-1.897476,0.211014,0.483365,0.192272,0.652434,,,12.608891,14.759000,0.116394,0.102310,,,,,,,,,,,,
207609,,,,,,,,,,,15.664573,16.489378,,,,,0.010712,0.015913,-0.137382,,,,,,,,,
207616,,,,,,,,,0.247207,-0.652434,,,12.787292,14.596394,0.123376,0.111466,,,,,,,,,,,,
207626,,,,,,,,,0.192272,0.652434,,,12.937398,14.459577,0.122420,0.113240,,,,-0.128154,0.856456,-1.754253,,,,,,
207636,,,,,,,,,0.219740,0.000000,,,13.063698,14.344459,0.121677,0.114820,,,,-0.128521,0.854242,-1.750679,,,,,,
207646,,,,,,,,,0.274675,0.000000,,,13.714510,14.792142,0.115559,0.110683,,,,,,,,,,,,
207653,,,,,,,,,,,,,,,,,,,,-0.128986,0.851917,-1.750687,,,,,,
207656,-0.128976,0.851837,-1.748739,-0.116658,0.838726,-1.874518,0.222934,0.467502,0.247207,0.652434,,,13.717560,14.624279,0.115918,0.112735,,,,,,,,,,,,
207659,,,,,,,,,,,16.441277,17.237101,,,,,0.010723,0.014444,-0.125779,,,,,,,,,
207666,,,,,,,,,0.219740,0.000000,,,13.720126,15.027582,0.124204,0.116621,,,,,,,,,,,,
207676,,,,,,,,,0.274675,0.000000,,,14.266829,15.366921,0.119171,0.113601,,,,-0.130539,0.844826,-1.747031,,,,,,
207686,,,,,,,,,0.219740,0.000000,,,14.182281,15.107899,0.120469,0.116618,,,,-0.131085,0.842541,-1.747071,,,,,,
207696,,,,,,,,,0.247207,0.652434,,,14.111142,15.434500,0.121646,0.113712,,,,-0.131543,0.840116,-1.743498,,,,,,
207706,-0.131525,0.840081,-1.746676,-0.120147,0.827140,-1.852416,0.235469,0.450708,0.247207,-0.652434,,,14.051286,15.164759,0.122723,0.116824,,,,,,,,,,,,
207709,,,,,,,,,,,17.206928,18.109484,,,,,0.010751,0.013467,-0.105741,,,,,,,,,
207716,,,,,,,,,0.247207,0.652434,,,14.545465,15.482342,0.125970,0.122897,,,,,,,,,,,,
207726,,,,,,,,,0.274675,0.000000,,,14.961268,15.749557,0.122261,0.120697,,,,-0.132879,0.832360,-1.739752,,,,,,
207736,,,,,,,,,0.247207,0.652434,,,14.766582,15.974391,0.124696,0.118876,,,,,,,,,,,,
207739,,,,,,,,,,,,,,,,,,,,-0.133316,0.829712,-1.743383,,,,,,
207742,,,,,,,,,,,,,,,,,,,,-0.133316,0.829712,-1.743383,,,,,,
207746,,,,,,,,,0.274675,0.000000,,,15.147317,15.619023,0.121300,0.122928,,,,-0.133869,0.827114,-1.739807,,,,,,
207754,,,,,,,,,0.274675,0.000000,,,14.923123,16.409103,0.123999,0.115367,,,,-0.133869,0.827114,-1.739807,,,,,,
207758,-0.133873,0.827067,-1.740383,-0.123564,0.814834,-1.831198,0.248616,0.433266,,,17.900278,18.852474,,,,,0.010318,0.012226,-0.090815,,,,,,,,,
207766,,,,,,,,,0.219740,0.000000,,,15.279030,15.984790,0.127898,0.127613,,,,-0.134920,0.821558,-1.739774,,,,,,
207771,,,,,,,,,,,,,,,,,,,,-0.134920,0.821558,-1.739774,,,,,,
207776,,,,,,,,,0.302142,0.652434,,,15.578489,16.716860,0.125367,0.120720,,,,-0.135313,0.818932,-1.736191,,,,,,
207786,,,,,,,,,0.274675,0.000000,,,15.830455,16.788280,0.123262,0.120419,,,,-0.135740,0.816342,-1.736191,,,,,,
207796,,,,,,,,,0.274675,0.000000,,,16.042459,16.848373,0.121513,0.120218,,,,-0.136151,0.813722,-1.732598,,,,,,
207806,-0.136156,0.813590,-1.730514,-0.126898,0.801779,-1.810876,0.262365,0.415428,0.302142,0.652434,,,16.220839,16.898935,0.120065,0.120104,,,,,,,,,,,,
207809,,,,,,,,,,,18.736572,19.684013,,,,,0.010188,0.011019,-0.080362,,,,,,,,,
207816,,,,,,,,,0.274675,-1.304868,,,16.370928,16.941479,0.127401,0.128542,,,,,,,,,,,,
207826,,,,,,,,,0.274675,1.304868,,,16.497213,17.521818,0.126586,0.123171,,,,-0.137705,0.804913,-1.728890,,,,,,
207836,,,,,,,,,0.329610,0.000000,,,16.603470,18.010115,0.125950,0.118623,,,,-0.138188,0.802218,-1.728879,,,,,,
207846,,,,,,,,,0.302142,0.652434,,,17.237417,17.876425,0.119910,0.120321,,,,-0.138663,0.799741,-1.721707,,,,,,
207856,-0.138636,0.799766,-1.722446,-0.130140,0.787948,-1.791455,0.276704,0.397422,0.274675,0.000000,,,17.226276,18.308481,0.120323,0.116276,,,,,,,,,,,,
207859,,,,,,,,,,,19.689674,20.665174,,,,,0.010399,0.010183,-0.069009,,,,,,,,,
207866,,,,,,,,,0.302142,0.652434,,,17.216902,18.127470,0.130443,0.128405,,,,,,,,,,,,
207876,,,,,,,,,0.274675,0.000000,,,17.209015,18.519711,0.131018,0.124912,,,,-0.140173,0.791197,-1.714402,,,,,,
207886,,,,,,,,,0.274675,0.000000,,,17.202379,18.305199,0.131582,0.127529,,,,-0.140748,0.788123,-1.707060,,,,,,
207896,,,,,,,,,0.302142,0.652434,,,17.196796,18.669250,0.132136,0.124288,,,,-0.141214,0.784997,-1.706983,,,,,,
207906,-0.141170,0.784981,-1.705544,-0.133277,0.773316,-1.772929,0.291612,0.379443,0.302142,0.652434,,,17.192099,18.975565,0.132683,0.121562,,,,,,,,,,,,
207909,,,,,,,,,,,20.715508,21.558794,,,,,0.010499,0.009388,-0.067385,,,,,,,,,
207916,,,,,,,,,0.329610,0.000000,,,17.732689,19.233297,0.138131,0.128386,,,,,,,,,,,,
207926,,,,,,,,,0.302142,0.652434,,,17.642998,19.450153,0.139643,0.126639,,,,-0.142665,0.776226,-1.695970,,,,,,
207936,,,,,,,,,0.302142,-0.652434,,,18.112076,19.088072,0.135473,0.130754,,,,-0.143174,0.773112,-1.692225,,,,,,
207946,,,,,,,,,0.329610,1.304868,,,17.962214,19.327961,0.137522,0.128802,,,,-0.143611,0.769893,-1.692282,,,,,,
207956,-0.143558,0.769901,-1.690658,-0.136301,0.757859,-1.755284,0.307066,0.361655,0.302142,0.652434,,,17.836121,19.529802,0.139359,0.127189,,,,,,,,,,,,
207959,,,,,,,,,,,21.902529,22.637249,,,,,0.011087,0.008645,-0.064626,,,,,,,,,
207966,,,,,,,,,0.329610,-1.304868,,,18.274569,19.699633,0.147570,0.136863,,,,-0.144414,0.763310,-1.684759,,,,,,
207976,,,,,,,,,0.329610,1.304868,,,18.643478,20.387070,0.144533,0.130438,,,,-0.144789,0.760053,-1.680980,,,,,,
207986,,,,,,,,,0.329610,0.000000,,,18.953880,20.420937,0.142019,0.130543,,,,,,,,,,,,
207993,,,,,,,,,,,,,,,,,,,,-0.145239,0.756591,-1.680915,,,,,,
207996,,,,,,,,,0.357077,-0.652434,,,19.215052,20.449432,0.139944,0.130696,,,,-0.145767,0.753297,-1.684709,,,,,,
208006,-0.145746,0.753317,-1.685208,-0.139200,0.741554,-1.738502,0.323036,0.344196,0.329610,0.000000,,,19.434801,20.473410,0.138240,0.130889,,,,,,,,,,,,
208009,,,,,,,,,,,22.835230,23.639933,,,,,0.010939,0.007846,-0.053294,,,,,,,,,
208016,,,,,,,,,0.357077,0.652434,,,20.164242,20.493584,0.140807,0.141343,,,,,,,,,,,,
208026,,,,,,,,,0.329610,0.000000,,,20.233450,21.055101,0.140636,0.136245,,,,-0.147164,0.742698,-1.676941,,,,,,
208036,,,,,,,,,0.384545,0.000000,,,20.291681,20.983019,0.140562,0.137497,,,,-0.147624,0.739312,-1.676950,,,,,,
208046,,,,,,,,,0.329610,0.000000,,,20.885220,21.466911,0.135017,0.133093,,,,,,,,,,,,
208054,,,,,,,,,0.357077,0.652434,,,20.840080,21.329515,0.135867,0.134929,,,,-0.148004,0.735785,-1.673308,,,,,,
208058,-0.147963,0.735765,-1.671570,-0.141964,0.724380,-1.722558,0.339486,0.327175,,,23.853632,24.559011,,,,,0.010724,0.007114,-0.050988,,,,,,,,,
208066,,,,,,,,,0.329610,0.000000,,,20.802099,21.758453,0.147041,0.140390,,,,,,,,,,,,
208076,,,,,,,,,0.384545,0.000000,,,21.314686,22.119362,0.142423,0.137269,,,,,,,,,,,,
208079,,,,,,,,,,,,,,,,,,,,-0.149038,0.724571,-1.673317,,,,,,
208086,,,,,,,,,0.357077,0.652434,,,21.201433,21.878487,0.144086,0.140214,,,,-0.149478,0.720666,-1.673151,,,,,,
208096,,,,,,,,,0.357077,-0.652434,,,21.650686,22.220358,0.140034,0.137263,,,,-0.149896,0.717001,-1.673344,,,,,,
208106,-0.149884,0.716854,-1.670458,-0.144584,0.706320,-1.707424,0.356378,0.310677,0.412012,0.652434,,,22.028687,22.508009,0.136619,0.134797,,,,,,,,,,,,
208109,,,,,,,,,,,24.620827,25.495163,,,,,0.009954,0.006322,-0.036966,,,,,,,,,
208116,,,,,,,,,0.357077,-0.652434,,,22.346737,22.750038,0.141565,0.142287,,,,,,,,,,,,
208126,,,,,,,,,0.384545,0.000000,,,22.614344,22.953682,0.139291,0.140759,,,,-0.150947,0.705514,-1.673335,,,,,,
208136,,,,,,,,,0.384545,0.000000,,,22.294966,23.125027,0.142949,0.139519,,,,-0.151486,0.701571,-1.669405,,,,,,
208146,,,,,,,,,0.384545,0.000000,,,23.115326,23.269197,0.135047,0.138523,,,,-0.152026,0.697823,-1.669297,,,,,,
208156,-0.151962,0.697811,-1.663920,-0.147051,0.687357,-1.693071,0.373667,0.294768,0.384545,1.304868,,,22.716492,23.935045,0.139416,0.132176,,,,,,,,,,,,
208159,,,,,,,,,,,25.676928,26.609524,,,,,0.009952,0.005862,-0.029151,,,,,,,,,
208166,,,,,,,,,0.384545,0.000000,,,22.925455,23.950747,0.148438,0.143695,,,,,,,,,,,,
208176,,,,,,,,,0.439480,0.000000,,,23.645821,23.963957,0.141640,0.144092,,,,-0.153434,0.686165,-1.661807,,,,,,
208186,,,,,,,,,0.357077,0.652434,,,23.162849,24.519615,0.146973,0.138953,,,,-0.153841,0.682143,-1.658162,,,,,,
208196,,,,,,,,,0.412012,-0.652434,,,23.845564,24.442604,0.140512,0.140157,,,,-0.154203,0.678159,-1.654504,,,,,,
208206,-0.154150,0.678084,-1.652558,-0.149354,0.667478,-1.679464,0.391302,0.279491,0.412012,0.652434,,,23.875456,24.922350,0.140573,0.135697,,,,,,,,,,,,
208209,,,,,,,,,,,26.872490,27.748280,,,,,0.010179,0.005647,-0.026906,,,,,,,,,
208216,,,,,,,,,0.412012,0.652434,,,23.900608,25.326008,0.152872,0.143532,,,,,,,,,,,,
208226,,,,,,,,,0.439480,0.000000,,,23.921770,25.121101,0.153250,0.146107,,,,-0.155426,0.666981,-1.651047,,,,,,
208236,,,,,,,,,0.357077,0.652434,,,23.939577,25.493237,0.153659,0.142836,,,,-0.155751,0.662916,-1.647349,,,,,,
208246,,,,,,,,,0.412012,-0.652434,,,24.499104,25.261808,0.148538,0.145648,,,,-0.156107,0.658979,-1.647282,,,,,,
208256,-0.156059,0.658858,-1.644988,-0.151486,0.646672,-1.666572,0.409230,0.264877,0.412012,0.652434,,,24.425344,25.611628,0.149765,0.142577,,,,,,,,,,,,
208259,,,,,,,,,,,28.439959,29.346724,,,,,0.011813,0.005464,-0.021584,,,,,,,,,
208266,,,,,,,,,0.412012,0.652434,,,24.363283,25.905966,0.166876,0.156306,,,,,,,,,,,,
208276,,,,,,,,,0.439480,0.000000,,,24.855608,26.153622,0.162670,0.154468,,,,-0.157269,0.647168,-1.639896,,,,,,
208286,,,,,,,,,0.412012,0.652434,,,24.725307,25.817455,0.164716,0.158536,,,,,,,,,,,,
208293,,,,,,,,,,,,,,,,,,,,-0.157646,0.643067,-1.639896,,,,,,
208296,,,,,,,,,0.412012,-0.652434,,,25.160215,26.079149,0.161022,0.156572,,,,-0.157974,0.638979,-1.636192,,,,,,
208306,-0.157949,0.638808,-1.636930,-0.153439,0.624932,-1.654359,0.427393,0.250941,0.439480,0.000000,,,25.526148,26.299339,0.157946,0.154980,,,,,,,,,,,,
208309,,,,,,,,,,,30.056694,30.980005,,,,,0.013548,0.005417,-0.017428,,,,,,,,,
208316,,,,,,,,,0.412012,0.652434,,,25.289499,26.484606,0.177433,0.170359,,,,,,,,,,,,
208326,,,,,,,,,0.439480,0.000000,,,25.634928,26.640490,0.174863,0.169668,,,,-0.158639,0.626177,-1.636192,,,,,,
208336,,,,,,,,,0.439480,0.000000,,,25.925570,26.771650,0.172783,0.169198,,,,-0.158721,0.621779,-1.636226,,,,,,
208346,,,,,,,,,0.439480,0.000000,,,26.170116,26.882010,0.171115,0.168914,,,,-0.158934,0.617322,-1.636250,,,,,,
208356,-0.158988,0.617055,-1.636307,-0.155204,0.602254,-1.642791,0.445728,0.237690,0.494415,0.000000,,,26.375877,26.974865,0.169793,0.168787,,,,,,,,,,,,
208359,,,,,,,,,,,31.373999,32.509109,,,,,0.014521,0.004745,-0.006484,,,,,,,,,
208366,,,,,,,,,0.439480,0.000000,,,27.093548,27.597536,0.176646,0.178833,,,,,,,,,,,,
208376,,,,,,,,,0.439480,0.000000,,,27.152853,27.576908,0.176897,0.180026,,,,-0.159778,0.603491,-1.632401,,,,,,
208386,,,,,,,,,0.466947,0.652434,,,27.202753,28.104095,0.177232,0.175635,,,,,,,,,,,,
208389,,,,,,,,,,,,,,,,,,,,-0.160100,0.598641,-1.632365,,,,,,
208396,,,,,,,,,0.494415,0.000000,,,27.789282,28.547670,0.172084,0.171992,,,,-0.160642,0.593551,-1.628409,,,,,,
208406,-0.160603,0.593567,-1.626335,-0.156775,0.578636,-1.631836,0.464170,0.225119,0.466947,0.652434,,,27.738243,28.920895,0.173322,0.168977,,,,,,,,,,,,
208409,,,,,,,,,,,32.597511,33.689102,,,,,0.014696,0.004651,-0.005502,,,,,,,,,
208416,,,,,,,,,0.494415,0.000000,,,28.239843,29.234926,0.181412,0.178528,,,,,,,,,,,,
208426,,,,,,,,,0.521882,0.652434,,,28.661890,29.499151,0.177979,0.176723,,,,-0.161727,0.578571,-1.620782,,,,,,
208436,,,,,,,,,0.466947,-0.652434,,,28.472456,29.721472,0.180698,0.175294,,,,-0.162141,0.573333,-1.616815,,,,,,
208446,,,,,,,,,0.549350,1.304868,,,28.857609,30.453074,0.177595,0.168625,,,,-0.162535,0.567966,-1.608968,,,,,,
208456,-0.162452,0.568157,-1.607689,-0.158146,0.554080,-1.621459,0.482649,0.213218,0.466947,0.652434,,,29.181677,31.068644,0.175037,0.162993,,,,,,,,,,,,
208459,,,,,,,,,,,33.686485,34.462334,,,,,0.013908,0.004823,-0.013771,,,,,,,,,
208466,,,,,,,,,0.549350,0.000000,,,29.998892,31.586584,0.178492,0.166121,,,,,,,,,,,,
208476,,,,,,,,,0.521882,0.652434,,,30.141953,32.022381,0.177771,0.162251,,,,-0.163340,0.552760,-1.597573,,,,,,
208486,,,,,,,,,0.494415,0.000000,,,30.262323,31.844517,0.177252,0.164554,,,,-0.163678,0.547535,-1.597573,,,,,,
208496,,,,,,,,,0.576817,0.652434,,,30.908146,32.239403,0.171349,0.161049,,,,-0.163951,0.542402,-1.597649,,,,,,
208506,-0.163935,0.542376,-1.601229,-0.159311,0.528594,-1.611628,0.501092,0.201971,0.521882,-0.652434,,,31.451542,32.571663,0.166362,0.158105,,,,,,,,,,,,
208509,,,,,,,,,,,34.744591,35.558182,,,,,0.013635,0.005041,-0.010398,,,,,,,,,
208516,,,,,,,,,0.521882,0.652434,,,31.364212,32.851223,0.178493,0.166809,,,,,,,,,,,,
208526,,,,,,,,,0.494415,0.000000,,,31.290733,32.541904,0.179918,0.170506,,,,-0.164513,0.526726,-1.589974,,,,,,
208536,,,,,,,,,0.549350,0.000000,,,31.773451,32.826187,0.175685,0.168209,,,,-0.164503,0.521262,-1.589903,,,,,,
208546,,,,,,,,,0.549350,0.000000,,,32.179611,33.065380,0.172137,0.166316,,,,-0.164675,0.516058,-1.589973,,,,,,
208556,-0.164681,0.515963,-1.590918,-0.160265,0.502185,-1.602313,0.519427,0.191358,0.549350,0.000000,,,31.976810,33.266640,0.174718,0.164761,,,,,,,,,,,,
208559,,,,,,,,,,,35.956257,36.666454,,,,,0.013686,0.004692,-0.011395,,,,,,,,,
208566,,,,,,,,,0.549350,0.000000,,,32.350716,33.435978,0.183817,0.174797,,,,,,,,,,,,
208576,,,,,,,,,0.549350,0.000000,,,32.665321,33.578461,0.181329,0.173990,,,,-0.165091,0.499907,-1.590038,,,,,,
208586,,,,,,,,,0.521882,0.652434,,,32.930031,33.698345,0.179287,0.173384,,,,,,,,,,,,
208593,,,,,,,,,,,,,,,,,,,,-0.165304,0.494239,-1.586092,,,,,,
208596,,,,,,,,,0.576817,-0.652434,,,33.152756,33.799213,0.177621,0.172949,,,,-0.165607,0.488743,-1.586090,,,,,,
208606,-0.165575,0.488723,-1.586496,-0.161004,0.474868,-1.593483,0.537575,0.181357,0.549350,0.000000,,,33.340157,33.884087,0.176270,0.172657,,,,,,,,,,,,
208609,,,,,,,,,,,37.074314,37.872787,,,,,0.013781,0.004788,-0.006987,,,,,,,,,
208616,,,,,,,,,0.521882,0.652434,,,33.497837,33.955498,0.186589,0.184790,,,,,,,,,,,,
208626,,,,,,,,,0.549350,0.000000,,,33.630508,34.015583,0.185951,0.184960,,,,-0.165942,0.471447,-1.585944,,,,,,
208636,,,,,,,,,0.549350,0.000000,,,33.742138,34.066139,0.185501,0.185216,,,,-0.166172,0.465591,-1.585858,,,,,,
208646,,,,,,,,,0.604285,0.000000,,,34.380604,34.653221,0.179655,0.179989,,,,-0.166311,0.459982,-1.585858,,,,,,
208656,-0.166289,0.459858,-1.585912,-0.161524,0.446660,-1.585109,0.555458,0.171943,0.604285,0.000000,,,34.373268,35.147190,0.180269,0.175594,,,,,,,,,,,,
208659,,,,,,,,,,,37.897446,38.917522,,,,,0.013125,0.004964,0.000803,,,,,,,,,
208666,,,,,,,,,0.576817,0.652434,,,34.911636,35.562817,0.183714,0.182557,,,,,,,,,,,,
208676,,,,,,,,,0.576817,0.652434,,,34.820080,35.912525,0.185245,0.179660,,,,-0.167008,0.443002,-1.581964,,,,,,
208686,,,,,,,,,0.604285,0.000000,,,35.287586,36.206768,0.181091,0.177260,,,,-0.167146,0.437374,-1.574326,,,,,,
208696,,,,,,,,,0.576817,0.652434,,,35.136402,36.454346,0.183156,0.175277,,,,-0.167299,0.431662,-1.574463,,,,,,
208706,-0.167282,0.431608,-1.578162,-0.161823,0.417582,-1.577165,0.572998,0.163090,0.576817,-0.652434,,,35.553738,36.118114,0.179451,0.179199,,,,,,,,,,,,
208709,,,,,,,,,,,39.248390,40.243355,,,,,0.013986,0.005562,0.000997,,,,,,,,,
208716,,,,,,,,,0.604285,0.000000,,,35.360344,36.379753,0.195672,0.190614,,,,,,,,,,,,
208726,,,,,,,,,0.576817,1.957303,,,35.197620,36.599895,0.198109,0.189141,,,,-0.167438,0.414264,-1.563119,,,,,,
208736,,,,,,,,,0.576817,-0.652434,,,35.605247,36.785122,0.194762,0.187981,,,,-0.167521,0.408237,-1.563119,,,,,,
208746,,,,,,,,,0.631752,0.652435,,,35.948227,37.485516,0.191992,0.181528,,,,-0.167646,0.402114,-1.559273,,,,,,
208756,-0.167631,0.402054,-1.560858,-0.161900,0.387659,-1.569623,0.590114,0.154772,0.604285,0.000000,,,36.236809,37.530281,0.189708,0.181623,,,,,,,,,,,,
208759,,,,,,,,,,,40.649036,41.241001,,,,,0.014451,0.005587,-0.008765,,,,,,,,,
208765,,,,,,,,,0.604285,0.000000,,,35.935078,37.567947,0.207675,0.191958,,,,-0.167645,0.396253,-1.559223,,,,,,
208774,,,,,,,,,0.604285,1.304869,,,36.225746,37.599640,0.205653,0.192369,,,,-0.167780,0.390052,-1.555333,,,,,,
208778,,,,,,,,,,,,,,,,,,,,-0.167794,0.383742,-1.551450,,,,,,
208786,,,,,,,,,0.631752,-0.652435,,,37.014858,38.170849,0.198489,0.187271,,,,-0.167771,0.377627,-1.547625,,,,,,
208796,,,,,,,,,0.604285,0.000000,,,37.134274,38.106922,0.197997,0.188537,,,,,,,,,,,,
208799,,,,,,,,,,,,,,,,,,,,-0.167542,0.371504,-1.547628,,,,,,
208806,-0.167484,0.371418,-1.546002,-0.161752,0.356919,-1.562460,0.606726,0.146962,0.631752,0.652435,,,37.234749,38.053135,0.197676,0.189712,,,,,,,,,,,,
208809,,,,,,,,,,,41.908859,42.154556,,,,,0.014636,0.005371,-0.016459,-0.167423,0.365117,-1.547684,,,,,,
208816,,,,,,,,,0.302142,-0.652434,,,34.596573,35.285164,0.238118,0.227901,,,,-0.167335,0.358857,-1.547628,,,,,,
208826,,,,,,,,,0.961362,0.652434,,,38.366787,39.490711,0.201124,0.186379,,,,-0.167184,0.352502,-1.543879,,,,,,
208836,,,,,,,,,0.659220,0.000000,,,38.271786,39.217453,0.202802,0.189699,,,,-0.167129,0.345878,-1.543875,,,,,,
208846,,,,,,,,,0.604285,0.000000,,,38.736393,39.532078,0.198790,0.187077,,,,-0.167071,0.339250,-1.544022,,,,,,
208856,-0.167037,0.339184,-1.544189,-0.161381,0.325397,-1.555652,0.622753,0.139634,0.659220,0.000000,,,39.127316,39.796803,0.195437,0.184901,,,,,,,,,,,,
208859,,,,,,,,,,,42.644096,43.032078,,,,,0.013933,0.005287,-0.011463,,,,,,,,,
208866,,,,,,,,,0.631752,0.652435,,,38.911694,39.474998,0.205692,0.197606,,,,,,,,,,,,
208876,,,,,,,,,0.659220,0.000000,,,39.274811,39.748775,0.202735,0.195525,,,,,,,,,,,,
208879,,,,,,,,,,,,,,,,,,,,-0.166733,0.319706,-1.543946,,,,,,
208886,,,,,,,,,0.659220,-1.304869,,,39.580338,39.979134,0.200292,0.193832,,,,-0.166476,0.312986,-1.547814,,,,,,
208896,,,,,,,,,0.659220,0.000000,,,39.837410,40.172955,0.198283,0.192465,,,,-0.166375,0.306487,-1.547816,,,,,,
208906,-0.166358,0.306466,-1.547512,-0.160786,0.293128,-1.549177,0.638119,0.132763,0.659220,0.000000,,,40.053711,40.336037,0.196638,0.191374,,,,,,,,,,,,
208909,,,,,,,,,,,43.300320,44.037861,,,,,0.013464,0.005260,-0.001665,,,,,,,,,
208916,,,,,,,,,0.686687,0.652435,,,40.235706,41.017799,0.201993,0.195218,,,,,,,,,,,,
208926,,,,,,,,,0.686687,0.652435,,,40.388836,41.046890,0.201044,0.195525,,,,-0.166224,0.286470,-1.543875,,,,,,
208944,,,,,,,,,0.466947,0.652434,,,34.782490,35.792900,0.260239,0.251179,,,,-0.166281,0.279754,-1.540087,,,,,,
208948,,,,,,,,,,,,,,,,,,,,-0.166139,0.273086,-1.539953,,,,,,
208956,-0.166086,0.272892,-1.540589,-0.159970,0.260152,-1.543013,0.652744,0.126323,0.714155,0.000000,,,36.345043,37.195202,0.246005,0.238524,,,,,,,,,,,,
208959,,,,,,,,,,,44.088276,44.771202,,,,,0.012919,0.005728,-0.002424,,,,,,,,,
208966,,,,,,,,,0.769089,0.000000,,,37.659779,38.375099,0.242023,0.235338,,,,,,,,,,,,
208976,,,,,,,,,0.714155,0.000000,,,38.765995,39.912407,0.232025,0.220937,,,,-0.165745,0.252633,-1.532204,,,,,,
208986,,,,,,,,,0.714154,1.304868,,,39.696766,40.661358,0.223595,0.214269,,,,-0.165606,0.245550,-1.532208,,,,,,
208996,,,,,,,,,0.714155,0.000000,,,40.479916,41.836067,0.216486,0.203109,,,,-0.165504,0.238234,-1.528423,,,,,,
209006,-0.165460,0.238147,-1.529445,-0.158935,0.226513,-1.537141,0.666555,0.120292,0.714155,0.000000,,,41.138859,42.279922,0.210486,0.199169,,,,,,,,,,,,
209009,,,,,,,,,,,44.785572,45.221767,,,,,0.011894,0.006038,-0.007696,,,,,,,,,
209016,,,,,,,,,0.741622,-0.652433,,,41.693291,42.653385,0.212533,0.200454,,,,,,,,,,,,
209026,,,,,,,,,0.741622,0.652433,,,42.159790,43.512157,0.208393,0.192208,,,,-0.164793,0.216744,-1.520597,,,,,,
209036,,,,,,,,,0.741622,0.652433,,,42.552303,43.690186,0.204915,0.190734,,,,-0.164281,0.209579,-1.520574,,,,,,
209046,,,,,,,,,0.686687,-0.652435,,,42.882565,43.839977,0.201993,0.189512,,,,-0.164146,0.202322,-1.516729,,,,,,
209056,-0.164082,0.202221,-1.515060,-0.157685,0.192259,-1.531543,0.679478,0.114646,0.741622,0.652433,,,43.160446,44.510555,0.199539,0.182949,,,,,,,,,,,,
209059,,,,,,,,,,,45.348740,45.369957,,,,,0.010303,0.005832,-0.016483,,,,,,,,,
209066,,,,,,,,,0.686687,0.652435,,,43.394257,44.530239,0.203224,0.184402,,,,,,,,,,,,
209076,,,,,,,,,0.714155,0.000000,,,43.590984,44.002254,0.201608,0.189955,,,,-0.163197,0.180022,-1.516849,,,,,,
209086,,,,,,,,,0.714155,0.000000,,,43.756512,44.102554,0.200271,0.189206,,,,-0.162692,0.172588,-1.516948,,,,,,
209096,,,,,,,,,0.714154,-1.304868,,,43.895786,44.186947,0.199169,0.188598,,,,-0.162128,0.165294,-1.520978,,,,,,
209106,-0.162126,0.165401,-1.520481,-0.156223,0.157439,-1.526199,0.691444,0.109363,0.714155,0.000000,,,44.012970,44.257954,0.198264,0.188111,,,,,,,,,,,,
209109,,,,,,,,,,,45.311604,45.757446,,,,,0.008249,0.005496,-0.005718,-0.161820,0.158083,-1.517241,,,,,,
209116,,,,,,,,,0.714154,1.304868,,,44.111568,44.317699,0.197147,0.191676,,,,-0.161368,0.150904,-1.520978,,,,,,
209126,,,,,,,,,0.714154,-1.304868,,,44.194530,44.367970,0.196541,0.191451,,,,-0.161166,0.144070,-1.524728,,,,,,
209134,,,,,,,,,0.741622,0.652433,,,44.264336,44.410267,0.196052,0.191298,,,,-0.161166,0.144070,-1.524728,,,,,,
209139,,,,,,,,,,,,,,,,,,,,-0.161021,0.136997,-1.524592,,,,,,
209146,,,,,,,,,0.659220,0.000000,,,44.323067,44.445854,0.195662,0.191204,,,,-0.160786,0.129767,-1.524539,,,,,,
209156,-0.160749,0.129764,-1.524200,-0.154555,0.122108,-1.521095,0.702386,0.104425,0.714155,0.000000,,,44.372486,44.475800,0.195356,0.191161,,,,,,,,,,,,
209159,,,,,,,,,,,45.722733,46.539291,,,,,0.007936,0.005831,0.003105,,,,,,,,,
209166,,,,,,,,,0.686687,0.652435,,,43.869522,43.956451,0.204868,0.204689,,,,,,,,,,,,
209176,,,,,,,,,0.714155,0.000000,,,43.990871,44.064014,0.204000,0.204109,,,,-0.159915,0.107797,-1.524799,,,,,,
209186,,,,,,,,,0.714155,0.000000,,,44.092976,44.154518,0.203305,0.203681,,,,-0.159722,0.100648,-1.520828,,,,,,
209196,,,,,,,,,0.714155,0.000000,,,44.178886,44.775211,0.202755,0.197827,,,,-0.159526,0.093628,-1.520828,,,,,,
209206,-0.159454,0.093785,-1.518375,-0.152687,0.086322,-1.516213,0.712243,0.099811,0.686687,0.652435,,,43.706627,44.752918,0.207881,0.198407,,,,,,,,,,,,
209209,,,,,,,,,,,46.327961,47.093636,,,,,0.007807,0.006367,0.002162,,,,,,,,,
209216,,,,,,,,,0.741622,0.652433,,,43.853813,44.734161,0.212956,0.204610,,,,,,,,,,,,
209226,,,,,,,,,0.714154,-1.304868,,,43.977654,44.718380,0.212188,0.205243,,,,-0.159014,0.072361,-1.513083,,,,,,
209236,,,,,,,,,0.714154,1.304868,,,44.081856,45.249645,0.211595,0.200299,,,,-0.158608,0.065180,-1.505484,,,,,,
209246,,,,,,,,,0.741622,-0.652433,,,44.169529,45.152107,0.211150,0.201662,,,,-0.158183,0.057750,-1.505484,,,,,,
209256,-0.158129,0.057782,-1.506567,-0.150624,0.050140,-1.511539,0.720957,0.095505,0.714155,0.000000,,,44.243298,45.070038,0.210829,0.202888,,,,,,,,,,,,
209259,,,,,,,,,,,47.121754,47.557316,,,,,0.008108,0.006999,-0.004972,-0.157831,0.050331,-1.505595,,,,,,
209266,,,,,,,,,0.714154,1.304868,,,44.305367,45.000984,0.218710,0.208726,,,,-0.157476,0.043009,-1.501868,,,,,,
209276,,,,,,,,,0.659220,0.000000,,,43.813049,44.942883,0.224295,0.209830,,,,-0.157034,0.035360,-1.501932,,,,,,
209286,,,,,,,,,0.769089,0.000000,,,43.943356,45.438541,0.223627,0.205298,,,,-0.156791,0.027911,-1.502008,,,,,,
209296,,,,,,,,,0.741622,0.652433,,,44.597538,45.311047,0.217590,0.207022,,,,-0.156349,0.020760,-1.498000,,,,,,
209306,-0.156304,0.020876,-1.498721,-0.148375,0.013623,-1.507060,0.728476,0.091489,0.714155,0.000000,,,44.603424,45.748314,0.218035,0.203011,,,,,,,,,,,,
209309,,,,,,,,,,,47.589622,47.857330,,,,,0.007806,0.007387,-0.008340,,,,,,,,,
209316,,,,,,,,,0.796557,-0.652434,,,45.152920,45.571686,0.217706,0.208234,,,,,,,,,,,,
209326,,,,,,,,,0.714155,0.000000,,,45.615265,45.967613,0.213478,0.204653,,,,,,,,,,,,
209333,,,,,,,,,,,,,,,,,,,,-0.154712,-0.000951,-1.501881,,,,,,
209336,,,,,,,,,0.741622,-0.652433,,,45.459740,45.756207,0.215459,0.207187,,,,-0.154065,-0.008038,-1.501700,,,,,,
209346,,,,,,,,,0.741622,0.652433,,,45.873425,46.122871,0.211665,0.203868,,,,-0.153635,-0.015342,-1.501706,,,,,,
209356,-0.153628,-0.015522,-1.501455,-0.145947,-0.023164,-1.502760,0.734751,0.087748,0.769089,0.000000,,,45.676956,46.431381,0.214012,0.201068,,,,,,,,,,,,
209359,,,,,,,,,,,47.932449,48.499161,,,,,0.008156,0.007133,-0.001305,,,,,,,,,
209366,,,,,,,,,0.741622,-0.652433,,,46.056190,46.146420,0.214024,0.210806,,,,,,,,,,,,
209376,,,,,,,,,0.714155,0.000000,,,46.375278,45.906654,0.211144,0.213722,,,,-0.151996,-0.037498,-1.501624,,,,,,
209386,,,,,,,,,0.741622,0.652433,,,46.099216,46.249458,0.214271,0.210744,,,,-0.151569,-0.045028,-1.501621,,,,,,
209396,,,,,,,,,0.769089,0.000000,,,46.411480,46.537891,0.211453,0.208252,,,,-0.151222,-0.052260,-1.501623,,,,,,
209406,-0.151216,-0.052167,-1.501609,-0.143349,-0.060158,-1.498629,0.739743,0.084269,0.714155,0.000000,,,46.129677,46.236038,0.214631,0.211723,,,,,,,,,,,,
209409,,,,,,,,,,,48.252327,49.005417,,,,,0.008516,0.007296,0.002980,-0.150837,-0.059843,-1.501624,,,,,,
209416,,,,,,,,,0.796557,0.652434,,,46.437107,46.526600,0.215119,0.214376,,,,-0.150406,-0.067221,-1.501659,,,,,,
209426,,,,,,,,,0.741622,0.652433,,,46.151237,46.771080,0.218398,0.212378,,,,-0.149930,-0.074848,-1.497802,,,,,,
209436,,,,,,,,,0.714155,0.000000,,,45.910706,46.976784,0.221272,0.210727,,,,-0.149398,-0.082595,-1.497868,,,,,,
209446,,,,,,,,,0.769089,-1.304867,,,46.252865,46.605320,0.218250,0.214921,,,,-0.148863,-0.090095,-1.494095,,,,,,
209456,-0.148747,-0.090124,-1.489254,-0.140590,-0.097290,-1.494652,0.743414,0.081039,0.769089,1.304867,,,46.540760,46.837315,0.215713,0.213035,,,,,,,,,,,,
209459,,,,,,,,,,,48.483341,48.833504,,,,,0.007807,0.007546,-0.005398,,,,,,,,,
209466,,,,,,,,,0.741622,-0.652433,,,46.238453,47.032516,0.221495,0.209724,,,,,,,,,,,,
209476,,,,,,,,,0.741622,0.652433,,,46.528633,47.196758,0.218985,0.208409,,,,-0.147524,-0.113197,-1.486493,,,,,,
209486,,,,,,,,,0.769089,1.304867,,,46.228249,47.879494,0.222439,0.201773,,,,-0.147045,-0.120967,-1.482715,,,,,,
209496,,,,,,,,,0.796557,-0.652434,,,47.064590,47.909405,0.214360,0.201658,,,,-0.146439,-0.128649,-1.482803,,,,,,
209506,-0.146387,-0.128402,-1.483346,-0.137680,-0.134492,-1.490820,0.745736,0.078045,0.714155,0.000000,,,46.679203,47.390030,0.218574,0.207141,,,,,,,,,,,,
209509,,,,,,,,,,,48.402096,48.652546,,,,,0.006827,0.008142,-0.007474,,,,,,,,,
209516,,,,,,,,,0.796557,0.652434,,,46.899479,47.497570,0.215860,0.204487,,,,,,,,,,,,
209526,,,,,,,,,0.796557,-0.652434,,,47.084820,47.588055,0.214270,0.203795,,,,-0.144736,-0.151934,-1.479089,,,,,,
209536,,,,,,,,,0.769089,0.000000,,,47.240765,47.664188,0.212943,0.203231,,,,-0.143969,-0.159763,-1.482957,,,,,,
209546,,,,,,,,,0.741622,0.652433,,,47.371979,47.728245,0.211836,0.202775,,,,-0.143320,-0.167299,-1.483034,,,,,,
209556,-0.143296,-0.167249,-1.483061,-0.134628,-0.171697,-1.487121,0.746685,0.075279,0.769089,0.000000,,,47.482380,47.782143,0.210916,0.202411,,,,,,,,,,,,
209559,,,,,,,,,,,47.927540,48.326645,,,,,0.005190,0.008245,-0.004060,-0.142817,-0.174853,-1.482910,,,,,,
209566,,,,,,,,,0.769089,0.000000,,,47.575272,47.827492,0.205312,0.198798,,,,,,,,,,,,
209573,,,,,,,,,,,,,,,,,,,,-0.141979,-0.182502,-1.482856,,,,,,
209576,,,,,,,,,0.741622,-0.652433,,,47.653431,47.865650,0.204586,0.198508,,,,-0.141427,-0.190351,-1.482906,,,,,,
209586,,,,,,,,,0.741622,-0.652433,,,47.719196,47.353214,0.203970,0.203828,,,,-0.140964,-0.197969,-1.482803,,,,,,
209596,,,,,,,,,0.796557,0.652434,,,47.229988,47.466595,0.209001,0.202866,,,,-0.140518,-0.205948,-1.479048,,,,,,
209606,-0.140488,-0.205686,-1.479387,-0.131446,-0.208833,-1.483544,0.746247,0.072730,0.714155,0.000000,,,47.362911,47.561993,0.207785,0.202065,,,,,,,,,,,,
209609,,,,,,,,,,,47.557526,47.949741,,,,,0.003959,0.008717,-0.004158,,,,,,,,,
209616,,,,,,,,,0.741622,0.652433,,,46.930210,47.642258,0.208537,0.197554,,,,,,,,,,,,
209626,,,,,,,,,0.796557,0.652434,,,47.110676,47.709793,0.206822,0.196927,,,,-0.139239,-0.228633,-1.479002,,,,,,
209636,,,,,,,,,0.769089,-1.304867,,,47.262520,47.766617,0.205363,0.196396,,,,-0.138506,-0.236271,-1.475300,,,,,,
209646,,,,,,,,,0.741622,0.652433,,,47.390282,47.814430,0.204118,0.195944,,,,-0.137786,-0.243812,-1.479007,,,,,,
209656,-0.137686,-0.243707,-1.476304,-0.128145,-0.245831,-1.480078,0.744410,0.070390,0.741622,0.652433,,,46.953239,47.310116,0.208610,0.201116,,,,,,,,,,,,
209659,,,,,,,,,,,47.167488,47.579037,,,,,0.003015,0.009298,-0.003774,,,,,,,,,
209666,,,,,,,,,0.741622,-0.652433,,,47.130054,47.430328,0.202949,0.196236,,,,,,,,,,,,
209676,,,,,,,,,0.741622,0.652433,,,46.734283,47.531475,0.206993,0.195234,,,,-0.135870,-0.267060,-1.471704,,,,,,
209686,,,,,,,,,0.741622,-0.652433,,,46.945824,47.072041,0.204922,0.199930,,,,-0.135233,-0.274770,-1.475371,,,,,,
209696,,,,,,,,,0.796557,0.652434,,,47.123814,47.230015,0.203151,0.198420,,,,-0.134627,-0.282082,-1.475333,,,,,,
209706,-0.134600,-0.281844,-1.475416,-0.124736,-0.282622,-1.476715,0.741174,0.068253,0.714155,0.000000,,,46.729034,47.362934,0.207186,0.197134,,,,,,,,,,,,
209709,,,,,,,,,,,46.542034,47.068516,,,,,0.001714,0.009745,-0.001298,,,,,,,,,
209716,,,,,,,,,0.769089,-1.304867,,,46.941406,46.930229,0.198728,0.196383,,,,,,,,,,,,
209726,,,,,,,,,0.741622,0.652433,,,47.120098,47.110695,0.196826,0.194570,,,,-0.132745,-0.304327,-1.475300,,,,,,
209736,,,,,,,,,0.741622,-0.652433,,,46.725906,46.717995,0.200731,0.198567,,,,-0.132144,-0.311967,-1.479094,,,,,,
209746,,,,,,,,,0.741622,0.652433,,,46.394234,46.932117,0.204077,0.196454,,,,-0.131593,-0.319365,-1.479044,,,,,,
209756,-0.131561,-0.319199,-1.478741,-0.121230,-0.319137,-1.473444,0.736542,0.066313,0.714155,0.000000,,,46.659706,46.567741,0.201399,0.200197,,,,,,,,,,,,
209759,,,,,,,,,,,45.865574,46.700287,,,,,0.000888,0.010293,0.005297,-0.131041,-0.326957,-1.482881,,,,,,
209766,,,,,,,,,0.769089,1.304867,,,46.338531,46.805695,0.197751,0.194115,,,,-0.130243,-0.334663,-1.482753,,,,,,
209776,,,,,,,,,0.741622,-1.957302,,,46.612839,46.461369,0.194859,0.197606,,,,-0.129378,-0.342032,-1.482951,,,,,,
209786,,,,,,,,,0.741622,0.652433,,,46.843639,46.716194,0.192355,0.195054,,,,-0.128721,-0.349320,-1.479098,,,,,,
209796,,,,,,,,,0.714155,0.000000,,,46.493294,46.386063,0.195733,0.198418,,,,-0.128205,-0.356413,-1.482803,,,,,,
209806,-0.128158,-0.356385,-1.479726,-0.117639,-0.355306,-1.470255,0.730527,0.064565,0.741622,0.652433,,,46.198513,46.652832,0.198614,0.195760,,,,,,,,,,,,
209809,,,,,,,,,,,45.112450,46.133045,,,,,-0.000118,0.010574,0.009471,,,,,,,,,
209816,,,,,,,,,0.714155,0.000000,,,45.950485,46.332748,0.193396,0.193249,,,,,,,,,,,,
209826,,,,,,,,,0.714155,0.000000,,,45.741795,46.063431,0.195357,0.195956,,,,-0.126588,-0.379212,-1.479048,,,,,,
209836,,,,,,,,,0.741622,-0.652433,,,45.566200,45.836826,0.197022,0.198281,,,,-0.126142,-0.386585,-1.479240,,,,,,
209846,,,,,,,,,0.714154,1.304868,,,45.418457,46.190704,0.198438,0.194731,,,,-0.125608,-0.393953,-1.479135,,,,,,
209856,-0.125529,-0.394014,-1.479187,-0.113975,-0.391064,-1.467140,0.723146,0.063007,0.769089,0.000000,,,45.838688,45.943916,0.194091,0.197236,,,,,,,,,,,,
209859,,,,,,,,,,,44.089016,45.239582,,,,,-0.001881,0.011775,0.012047,,,,,,,,,
209866,,,,,,,,,0.741622,-0.652433,,,45.647728,46.280811,0.185454,0.184725,,,,,,,,,,,,
209876,,,,,,,,,0.714154,1.304868,,,45.487053,46.019730,0.186781,0.187179,,,,-0.123932,-0.415514,-1.471480,,,,,,
209886,,,,,,,,,0.686687,-0.652435,,,45.351864,45.800056,0.187881,0.189264,,,,-0.123445,-0.422711,-1.467799,,,,,,
209896,,,,,,,,,0.714154,1.304868,,,44.693569,46.159767,0.194343,0.185483,,,,-0.122693,-0.430545,-1.464157,,,,,,
209906,-0.122653,-0.430463,-1.465420,-0.110251,-0.426344,-1.464089,0.714426,0.061635,0.714155,0.000000,,,44.684227,45.917885,0.194317,0.187766,,,,,,,,,,,,
209909,,,,,,,,,,,43.530220,44.202606,,,,,-0.002792,0.012767,0.001331,,,,,,,,,
209916,,,,,,,,,0.686687,0.652435,,,44.131821,45.714363,0.194133,0.179129,,,,,,,,,,,,
209926,,,,,,,,,0.714154,-1.304868,,,44.756111,44.998577,0.187645,0.186128,,,,-0.120664,-0.452399,-1.464173,,,,,,
209936,,,,,,,,,0.741622,0.652433,,,44.736847,44.940861,0.187596,0.186557,,,,-0.120098,-0.459514,-1.464124,,,,,,
209946,,,,,,,,,0.686687,-0.652435,,,44.720638,44.892296,0.187520,0.186905,,,,-0.119438,-0.466482,-1.460362,,,,,,
209956,-0.119364,-0.466320,-1.458051,-0.106477,-0.461082,-1.461092,0.704398,0.060450,0.686687,0.652435,,,44.162457,44.851433,0.192975,0.187184,,,,,,,,,,,,
209959,,,,,,,,,,,42.728313,43.209084,,,,,-0.003755,0.013395,-0.003041,,,,,,,,,
209966,,,,,,,,,0.769089,0.000000,,,44.237347,44.817051,0.183906,0.177271,,,,,,,,,,,,
209976,,,,,,,,,0.659220,0.000000,,,44.300362,44.788124,0.182961,0.177244,,,,-0.116962,-0.487345,-1.460322,,,,,,
209986,,,,,,,,,0.686687,0.652435,,,43.808838,44.219242,0.187660,0.182731,,,,-0.116106,-0.494232,-1.464022,,,,,,
209996,,,,,,,,,0.741622,-0.652433,,,43.939812,44.285126,0.186108,0.181857,,,,,,,,,,,,
209999,,,,,,,,,,,,,,,,,,,,-0.115359,-0.501098,-1.464025,,,,,,
210006,-0.115386,-0.500928,-1.463524,-0.102666,-0.495217,-1.458141,0.693100,0.059452,0.659220,0.000000,,,44.050014,44.340561,0.184742,0.181076,,,,,,,,,,,,
210009,,,,,,,,,,,41.684807,42.523430,,,,,-0.004316,0.013258,0.005383,,,,,,,,,
210016,,,,,,,,,0.686687,-0.652435,,,43.598194,43.842659,0.178442,0.178935,,,,,,,,,,,,
210026,,,,,,,,,0.686687,0.652435,,,43.762577,43.968269,0.176383,0.177390,,,,,,,,,,,,
210033,,,,,,,,,,,,,,,,,,,,-0.113434,-0.522885,-1.460375,,,,,,
210036,,,,,,,,,0.659220,0.000000,,,43.356346,43.529415,0.180111,0.181577,,,,-0.113009,-0.529943,-1.460355,,,,,,
210046,,,,,,,,,0.686687,0.652435,,,43.014542,43.160164,0.183263,0.185142,,,,-0.112385,-0.536879,-1.460590,,,,,,
210056,-0.112367,-0.536730,-1.463575,-0.098830,-0.528689,-1.455225,0.680578,0.058643,0.686687,-0.652435,,,42.726948,43.394020,0.185930,0.182630,,,,,,,,,,,,
210059,,,,,,,,,,,40.205833,41.181011,,,,,-0.006547,0.014320,0.008349,,,,,,,,,
210066,,,,,,,,,0.631752,0.652435,,,42.484966,43.046242,0.173105,0.172310,,,,,,,,,,,,
210076,,,,,,,,,0.686687,0.652435,,,42.281364,43.298164,0.174726,0.169368,,,,-0.110453,-0.556976,-1.460351,,,,,,
210086,,,,,,,,,0.686687,-0.652435,,,42.654598,42.965588,0.170503,0.172337,,,,-0.109495,-0.563623,-1.460356,,,,,,
210096,,,,,,,,,0.659220,0.000000,,,42.424091,42.685757,0.172365,0.174834,,,,-0.108938,-0.570180,-1.460356,,,,,,
210106,-0.108929,-0.570123,-1.460626,-0.094980,-0.561442,-1.452334,0.666883,0.058028,0.659220,0.000000,,,42.230145,42.450310,0.173900,0.176934,,,,,,,,,,,,
210109,,,,,,,,,,,39.199974,40.166603,,,,,-0.007095,0.014819,0.008292,,,,,,,,,
210116,,,,,,,,,0.659220,0.000000,,,41.522411,42.252205,0.170454,0.168354,,,,,,,,,,,,
210126,,,,,,,,,0.631752,0.652435,,,41.471470,42.085518,0.170509,0.169637,,,,,,,,,,,,
210129,,,,,,,,,,,,,,,,,,,,-0.107012,-0.590113,-1.456685,,,,,,
210136,,,,,,,,,0.659220,0.000000,,,40.884064,41.945267,0.176046,0.170684,,,,-0.106194,-0.596778,-1.452989,,,,,,
210143,,,,,,,,,,,,,,,,,,,,-0.106194,-0.596778,-1.452989,,,,,,
210146,,,,,,,,,0.604285,0.000000,,,40.934364,41.282719,0.175196,0.177086,,,,,,,,,,,,
210149,,,,,,,,,,,,,,,,,,,,-0.106194,-0.596778,-1.452989,,,,,,
210154,,,,,,,,,0.659220,0.000000,,,40.432144,41.269794,0.179972,0.176995,,,,-0.105336,-0.603422,-1.456769,,,,,,
210158,-0.105332,-0.603377,-1.457093,-0.091127,-0.593422,-1.449460,0.652069,0.057611,,,37.958969,38.890270,,,,,-0.008279,0.015243,0.007632,,,,,,,,,
210166,,,,,,,,,0.604285,0.000000,,,40.554119,40.714375,0.165823,0.169421,,,,,,,,,,,,
210176,,,,,,,,,0.686687,0.652435,,,40.112206,40.791588,0.169812,0.168269,,,,-0.103369,-0.623596,-1.456965,,,,,,
210186,,,,,,,,,0.576817,0.652434,,,39.740379,40.856556,0.173174,0.167226,,,,-0.102764,-0.630142,-1.453190,,,,,,
210196,,,,,,,,,0.631752,0.652435,,,39.427525,40.911221,0.176008,0.166275,,,,-0.102111,-0.636593,-1.449417,,,,,,
210206,-0.102116,-0.636443,-1.452799,-0.087283,-0.624578,-1.446591,0.636199,0.057403,0.631752,-0.652435,,,39.708832,40.412670,0.172845,0.170956,,,,,,,,,,,,
210209,,,,,,,,,,,36.501297,37.376732,,,,,-0.010036,0.016126,0.006208,,,,,,,,,
210216,,,,,,,,,0.631752,0.652435,,,39.400982,40.537735,0.160767,0.153938,,,,,,,,,,,,
210226,,,,,,,,,0.659220,0.000000,,,39.686501,40.098419,0.157275,0.157787,,,,-0.100131,-0.655218,-1.441856,,,,,,
210236,,,,,,,,,0.604285,0.000000,,,39.382191,40.273323,0.159742,0.155458,,,,-0.099438,-0.661255,-1.438181,,,,,,
210246,,,,,,,,,0.604285,0.000000,,,39.126144,39.875942,0.161777,0.158932,,,,-0.098710,-0.667106,-1.438107,,,,,,
210256,-0.098675,-0.666932,-1.436604,-0.083458,-0.654863,-1.443715,0.619338,0.057412,0.576817,0.652434,,,38.366165,39.541588,0.169004,0.161843,,,,,,,,,,,,
210259,,,,,,,,,,,35.741161,36.091644,,,,,-0.009924,0.016695,-0.007111,,,,,,,,,
210266,,,,,,,,,0.659220,0.000000,,,38.271263,39.260262,0.161846,0.151171,,,,,,,,,,,,
210276,,,,,,,,,0.549350,0.000000,,,38.191410,39.023552,0.162154,0.152952,,,,,,,,,,,,
210279,,,,,,,,,,,,,,,,,,,,-0.096320,-0.685225,-1.430799,,,,,,
210286,,,,,,,,,0.576817,0.652434,,,37.579678,38.824387,0.167904,0.154397,,,,-0.095613,-0.691086,-1.430841,,,,,,
210296,,,,,,,,,0.576817,-0.652434,,,37.609512,38.112267,0.167232,0.161114,,,,-0.094674,-0.697023,-1.430833,,,,,,
210306,-0.094652,-0.696892,-1.428580,-0.079662,-0.684235,-1.440821,0.601557,0.057652,0.576817,0.652434,,,37.090069,38.057632,0.172157,0.161267,,,,,,,,,,,,
210309,,,,,,,,,,,34.591148,34.745472,,,,,-0.010404,0.016632,-0.012240,,,,,,,,,
210316,,,,,,,,,0.631752,-0.652435,,,37.197556,38.011662,0.159060,0.147612,,,,,,,,,,,,
210326,,,,,,,,,0.549350,0.000000,,,37.287994,37.428440,0.157617,0.152908,,,,-0.092384,-0.714659,-1.427117,,,,,,
210336,,,,,,,,,0.576817,0.652434,,,36.819546,37.482258,0.161855,0.151822,,,,-0.091644,-0.720440,-1.427149,,,,,,
210346,,,,,,,,,0.549350,0.000000,,,36.425392,36.982998,0.165430,0.156367,,,,-0.090753,-0.726206,-1.427142,,,,,,
210356,-0.090753,-0.726027,-1.427263,-0.075906,-0.712652,-1.437897,0.582931,0.058139,0.549350,0.000000,,,36.093754,36.562920,0.168446,0.160205,,,,,,,,,,,,
210359,,,,,,,,,,,33.195164,33.415340,,,,,-0.011114,0.016607,-0.010634,,,,,,,,,
210366,,,,,,,,,0.604285,0.000000,,,36.359253,36.754009,0.151198,0.144325,,,,,,,,,,,,
210376,,,,,,,,,0.549350,0.000000,,,36.038101,36.370251,0.153841,0.147571,,,,-0.088518,-0.742864,-1.423430,,,,,,
210386,,,,,,,,,0.549350,0.000000,,,35.767887,36.047356,0.156029,0.150274,,,,-0.087571,-0.748383,-1.427107,,,,,,
210396,,,,,,,,,0.549350,0.000000,,,34.995983,35.775673,0.163388,0.152519,,,,-0.086909,-0.754174,-1.430844,,,,,,
210406,-0.086889,-0.753975,-1.427807,-0.072198,-0.740080,-1.434927,0.563537,0.058893,0.521882,0.652434,,,34.891048,35.547077,0.164098,0.154378,,,,,,,,,,,,
210409,,,,,,,,,,,31.765627,32.116138,,,,,-0.011660,0.016521,-0.007120,,,,,,,,,
210416,,,,,,,,,0.549350,0.000000,,,34.802757,35.354736,0.150078,0.142662,,,,,,,,,,,,
210426,,,,,,,,,0.549350,0.000000,,,34.728466,34.648361,0.150228,0.149219,,,,-0.084512,-0.770783,-1.434563,,,,,,
210436,,,,,,,,,0.521882,-0.652434,,,34.665958,34.598560,0.150273,0.149221,,,,-0.083850,-0.776210,-1.434504,,,,,,
210446,,,,,,,,,0.521882,0.652434,,,34.068821,34.012112,0.155784,0.154706,,,,-0.083241,-0.781407,-1.434512,,,,,,
210456,-0.083266,-0.781277,-1.436686,-0.068548,-0.766487,-1.431897,0.543455,0.059940,0.521882,-0.652434,,,34.110935,34.063217,0.154894,0.153806,,,,,,,,,,,,
210459,,,,,,,,,,,30.014801,30.778824,,,,,-0.012689,0.016563,0.004789,,,,,,,,,
210466,,,,,,,,,0.521882,0.652434,,,33.601826,34.106220,0.141759,0.139337,,,,,,,,,,,,
210476,,,,,,,,,0.549350,0.000000,,,33.718002,34.142403,0.139857,0.138302,,,,-0.080984,-0.796825,-1.427134,,,,,,
210486,,,,,,,,,0.494415,0.000000,,,33.271210,33.628304,0.143674,0.142874,,,,-0.080272,-0.802047,-1.430821,,,,,,
210496,,,,,,,,,0.494415,0.000000,,,32.895279,33.195740,0.146857,0.146716,,,,-0.079529,-0.807184,-1.430833,,,,,,
210506,-0.079553,-0.806948,-1.428586,-0.064963,-0.791845,-1.428790,0.522768,0.061310,0.466947,0.652434,,,32.034428,32.831779,0.155061,0.149945,,,,,,,,,,,,
210509,,,,,,,,,,,28.754950,29.344601,,,,,-0.012883,0.016583,-0.000204,,,,,,,,,
210516,,,,,,,,,0.549350,0.000000,,,32.399197,33.070087,0.138086,0.132474,,,,,,,,,,,,
210526,,,,,,,,,0.494415,0.000000,,,32.161568,32.726055,0.139781,0.135238,,,,-0.077444,-0.823023,-1.427288,,,,,,
210536,,,,,,,,,0.466947,-0.652434,,,31.961628,31.892044,0.141139,0.143069,,,,-0.076697,-0.828044,-1.423563,,,,,,
210546,,,,,,,,,0.494415,1.304868,,,31.248856,31.734850,0.147768,0.144163,,,,-0.075988,-0.833079,-1.423616,,,,,,
210556,-0.076036,-0.832830,-1.426770,-0.061451,-0.816131,-1.425587,0.501561,0.063037,0.466947,-0.652434,,,31.193672,31.602587,0.147832,0.145034,,,,,,,,,,,,
210559,,,,,,,,,,,26.970572,27.606333,,,,,-0.014432,0.016831,0.001184,,,,,,,,,
210566,,,,,,,,,0.521882,0.652434,,,31.147240,32.035843,0.129618,0.122433,,,,,,,,,,,,
210576,,,,,,,,,0.439480,0.000000,,,30.563629,31.311300,0.134735,0.128937,,,,-0.073560,-0.847483,-1.412669,,,,,,
210586,,,,,,,,,0.494415,0.000000,,,30.617123,31.246212,0.133471,0.128860,,,,,,,,,,,,
210589,,,,,,,,,,,,,,,,,,,,-0.072794,-0.852150,-1.412613,,,,,,
210596,,,,,,,,,0.466947,0.652434,,,30.117588,31.191448,0.137837,0.128691,,,,-0.072088,-0.856775,-1.412604,,,,,,
210606,-0.072120,-0.856818,-1.413792,-0.058021,-0.839326,-1.422266,0.479920,0.065168,0.494415,0.000000,,,30.241823,31.145369,0.135940,0.128444,,,,,,,,,,,,
210609,,,,,,,,,,,25.585506,25.924088,,,,,-0.015072,0.016660,-0.008474,,,,,,,,,
210616,,,,,,,,,0.439480,0.000000,,,29.801811,30.562054,0.125646,0.116527,,,,,,,,,,,,
210626,,,,,,,,,0.439480,0.000000,,,29.431585,30.071253,0.128579,0.120605,,,,-0.069883,-0.870603,-1.412604,,,,,,
210636,,,,,,,,,0.439480,0.000000,,,29.120077,29.113750,0.130988,0.129543,,,,-0.069181,-0.875211,-1.412669,,,,,,
210646,,,,,,,,,0.412012,0.652434,,,28.313431,28.852652,0.138508,0.131568,,,,-0.068638,-0.879884,-1.405411,,,,,,
210656,-0.068691,-0.879777,-1.411589,-0.054677,-0.861416,-1.418802,0.457932,0.067757,0.439480,-1.304869,,,28.179262,28.632963,0.139331,0.133223,,,,,,,,,,,,
210659,,,,,,,,,,,23.951052,24.341187,,,,,-0.015907,0.016747,-0.007213,-0.068014,-0.884348,-1.409001,,,,,,
210666,,,,,,,,,0.466947,0.652434,,,28.066374,28.992661,0.123293,0.112867,,,,-0.067311,-0.888542,-1.409113,,,,,,
210676,,,,,,,,,0.384545,0.000000,,,27.971390,28.206223,0.123438,0.119958,,,,-0.066671,-0.892895,-1.409012,,,,,,
210686,,,,,,,,,0.412012,0.652434,,,27.346926,28.089058,0.129004,0.120380,,,,-0.065929,-0.897063,-1.405434,,,,,,
210696,,,,,,,,,0.439480,0.000000,,,27.366045,27.445932,0.128130,0.126190,,,,-0.065284,-0.901070,-1.405370,,,,,,
210706,-0.065276,-0.901103,-1.405892,-0.051426,-0.882389,-1.415169,0.435681,0.070868,0.439480,0.000000,,,26.837589,27.449350,0.132837,0.125535,,,,,,,,,,,,
210709,,,,,,,,,,,22.502365,22.850269,,,,,-0.016187,0.016734,-0.009277,,,,,,,,,
210716,,,,,,,,,0.384545,0.000000,,,26.937490,27.452225,0.116464,0.109676,,,,,,,,,,,,
210726,,,,,,,,,0.412012,0.652434,,,26.477003,27.454643,0.120274,0.108731,,,,-0.063338,-0.913299,-1.405381,,,,,,
210736,,,,,,,,,0.384545,0.000000,,,26.089550,26.912136,0.123431,0.113344,,,,-0.062786,-0.917296,-1.405335,,,,,,
210746,,,,,,,,,0.357077,-0.652434,,,25.763546,25.911127,0.126039,0.122742,,,,-0.062167,-0.921371,-1.401657,,,,,,
210756,-0.062120,-0.921371,-1.399275,-0.048273,-0.902241,-1.411332,0.413256,0.074585,0.412012,0.652434,,,25.489246,26.157965,0.128184,0.119612,,,,,,,,,,,,
210759,,,,,,,,,,,21.040728,21.339235,,,,,-0.016486,0.016909,-0.012057,,,,,,,,,
210766,,,,,,,,,0.384545,0.000000,,,25.258451,25.821110,0.115033,0.106974,,,,,,,,,,,,
210776,,,,,,,,,0.384545,0.000000,,,25.064260,25.537682,0.116170,0.108968,,,,-0.060310,-0.933087,-1.398089,,,,,,
210786,,,,,,,,,0.384545,0.000000,,,24.356325,25.299204,0.122586,0.110561,,,,-0.059811,-0.936913,-1.394426,,,,,,
210796,,,,,,,,,0.357077,0.652434,,,24.305210,25.098549,0.122444,0.111816,,,,-0.059125,-0.940650,-1.390854,,,,,,
210806,-0.059100,-0.940622,-1.391561,-0.045223,-0.920968,-1.407254,0.390742,0.079007,0.384545,0.000000,,,23.717659,24.929718,0.127784,0.112786,,,,,,,,,,,,
210809,,,,,,,,,,,19.554821,19.795080,,,,,-0.016865,0.017158,-0.015693,-0.058406,-0.944203,-1.390854,,,,,,
210816,,,,,,,,,0.357077,0.652434,,,23.767838,24.243120,0.111581,0.103321,,,,-0.057727,-0.947730,-1.390865,,,,,,
210826,,,,,,,,,0.357077,-0.652434,,,23.810059,24.209961,0.110308,0.102769,,,,-0.057109,-0.951226,-1.390838,,,,,,
210836,,,,,,,,,0.329610,0.000000,,,23.301039,23.637518,0.114649,0.107725,,,,-0.056446,-0.954669,-1.390847,,,,,,
210846,,,,,,,,,0.329610,0.000000,,,22.872749,23.155863,0.118268,0.111870,,,,-0.055883,-0.958008,-1.390815,,,,,,
210856,-0.055866,-0.958020,-1.388140,-0.042279,-0.938573,-1.402890,0.368221,0.084259,0.357077,0.652434,,,22.512388,23.295143,0.121280,0.109777,,,,,,,,,,,,
210859,,,,,,,,,,,18.178555,18.475416,,,,,-0.016655,0.016893,-0.014750,,,,,,,,,
210866,,,,,,,,,0.384545,0.000000,,,22.209179,22.867790,0.109743,0.099975,,,,,,,,,,,,
210876,,,,,,,,,0.302142,-0.652434,,,22.498602,22.508215,0.105985,0.102765,,,,,,,,,,,,
210879,,,,,,,,,,,,,,,,,,,,-0.054136,-0.968014,-1.390790,,,,,,
210886,,,,,,,,,0.302142,0.652434,,,21.653036,22.205667,0.113746,0.105044,,,,-0.053545,-0.971479,-1.387228,,,,,,
210896,,,,,,,,,0.357077,0.652434,,,21.486120,21.951105,0.114753,0.106894,,,,-0.052975,-0.974747,-1.390805,,,,,,
210906,-0.053005,-0.974593,-1.393319,-0.039445,-0.955062,-1.398185,0.345777,0.090498,0.302142,-0.652434,,,21.345678,21.736916,0.115524,0.108384,,,,,,,,,,,,
210909,,,,,,,,,,,16.600611,17.153969,,,,,-0.016830,0.016795,-0.004866,,,,,,,,,
210917,,,,,,,,,0.137337,0.652434,,,19.049337,19.923067,0.122219,0.112754,,,,,,,,,,,,
210926,,,,,,,,,0.494415,0.000000,,,20.928999,21.664154,0.102556,0.094441,,,,,,,,,,,,
210936,,,,,,,,,0.329610,0.000000,,,20.876917,21.495476,0.102222,0.095260,,,,-0.050930,-0.987376,-1.387234,,,,,,
210946,,,,,,,,,0.302142,-0.652434,,,20.833094,20.809006,0.101814,0.101394,,,,-0.050438,-0.990481,-1.380013,,,,,,
210956,-0.050411,-0.990392,-1.378393,-0.036724,-0.970445,-1.393074,0.323488,0.097924,0.302142,0.652434,,,20.251678,20.775953,0.106898,0.101000,,,,,,,,,,,,
210959,,,,,,,,,,,15.249569,15.641160,,,,,-0.016962,0.017248,-0.014682,-0.049909,-0.993426,-1.376390,,,,,,
210966,,,,,,,,,0.274675,0.000000,,,19.762476,20.203600,0.097377,0.090683,,,,-0.049294,-0.996655,-1.372853,,,,,,
210976,,,,,,,,,0.302142,0.652434,,,19.350861,20.266565,0.100673,0.089128,,,,-0.048714,-0.999686,-1.372830,,,,,,
210986,,,,,,,,,0.247207,0.652434,,,18.459984,19.775002,0.108939,0.093217,,,,-0.048236,-1.002731,-1.372834,,,,,,
210996,,,,,,,,,0.302142,-0.652434,,,18.254944,19.361399,0.110389,0.096609,,,,-0.047628,-1.005756,-1.369258,,,,,,
211006,-0.047609,-1.005591,-1.364550,-0.034117,-0.984735,-1.387476,0.301432,0.106790,0.274675,1.304868,,,18.082424,19.557938,0.111547,0.093860,,,,,,,,,,,,
211009,,,,,,,,,,,13.724279,14.016223,,,,,-0.017651,0.017477,-0.022927,-0.046990,-1.008703,-1.369287,,,,,,
211016,,,,,,,,,0.302142,-0.652434,,,18.481808,19.178762,0.091349,0.080370,,,,,,,,,,,,
211019,,,,,,,,,,,,,,,,,,,,-0.046352,-1.011599,-1.365747,,,,,,
211026,,,,,,,,,0.274675,0.000000,,,18.273306,18.859724,0.092524,0.082592,,,,-0.045866,-1.014297,-1.365794,,,,,,
211036,,,,,,,,,0.274675,0.000000,,,18.097874,18.591286,0.093404,0.084361,,,,-0.045440,-1.016946,-1.369263,,,,,,
211046,,,,,,,,,0.219740,0.000000,,,17.405722,17.820879,0.099589,0.091304,,,,-0.044936,-1.019609,-1.365686,,,,,,
211056,-0.044883,-1.019670,-1.362854,-0.031626,-0.997951,-1.381295,0.279682,0.117424,0.302142,0.652434,,,17.367887,17.717201,0.099239,0.091601,,,,,,,,,,,,
211059,,,,,,,,,,,12.046869,12.493265,,,,,-0.018514,0.017456,-0.018442,,,,,,,,,
211066,,,,,,,,,0.274675,0.000000,,,17.336054,17.629967,0.081725,0.076216,,,,,,,,,,,,
211076,,,,,,,,,0.219740,0.000000,,,16.764727,17.556568,0.086495,0.075937,,,,,,,,,,,,
211079,,,,,,,,,,,,,,,,,,,,-0.043180,-1.027438,-1.362240,,,,,,
211086,,,,,,,,,0.219740,0.000000,,,16.284012,16.950268,0.090454,0.081109,,,,-0.042674,-1.029961,-1.365739,,,,,,
211096,,,,,,,,,0.219740,0.000000,,,15.879539,16.440126,0.093733,0.085421,,,,-0.042291,-1.032393,-1.365725,,,,,,
211106,-0.042271,-1.032453,-1.365484,-0.029251,-1.010111,-1.374405,0.258308,0.130257,0.274675,0.000000,,,16.083757,16.010893,0.090883,0.089010,,,,,,,,,,,,
211109,,,,,,,,,,,10.397779,11.078846,,,,,-0.019219,0.017301,-0.008921,,,,,,,,,
211116,,,,,,,,,0.219740,0.000000,,,15.711044,16.194279,0.077057,0.072009,,,,,,,,,,,,
211126,,,,,,,,,0.219740,0.000000,,,15.397444,15.804037,0.079193,0.074966,,,,-0.040861,-1.039294,-1.358658,,,,,,
211136,,,,,,,,,0.192272,0.652434,,,14.589037,15.475687,0.086439,0.077370,,,,-0.040463,-1.041255,-1.358623,,,,,,
211146,,,,,,,,,0.219740,0.000000,,,14.453386,15.199414,0.086984,0.079309,,,,-0.040035,-1.043289,-1.358575,,,,,,
211156,-0.040034,-1.043282,-1.359155,-0.026994,-1.021241,-1.366649,0.237377,0.145863,0.219740,0.000000,,,14.339251,14.966958,0.087337,0.080856,,,,,,,,,,,,
211159,,,,,,,,,,,9.152551,9.938082,,,,,-0.018810,0.017380,-0.007494,,,,,,,,,
211166,,,,,,,,,0.192272,0.652434,,,13.698673,14.771369,0.080381,0.070437,,,,,,,,,,,,
211176,,,,,,,,,0.219740,0.000000,,,13.704235,14.606801,0.079415,0.071149,,,,-0.038728,-1.049109,-1.354991,,,,,,
211186,,,,,,,,,0.192272,-0.652434,,,13.164371,13.923790,0.084012,0.077182,,,,-0.038219,-1.051116,-1.354991,,,,,,
211196,,,,,,,,,0.164805,0.000000,,,13.254673,13.349105,0.082288,0.082247,,,,-0.037801,-1.053080,-1.351442,,,,,,
211206,-0.037808,-1.053044,-1.349352,-0.024853,-1.031365,-1.357826,0.216951,0.165016,0.192272,0.652434,,,12.786110,13.410108,0.086247,0.080942,,,,,,,,,,,,
211209,,,,,,,,,,,7.975089,8.846585,,,,,-0.018304,0.017400,-0.008474,,,,,,,,,
211216,,,,,,,,,0.192272,0.652434,,,12.391861,13.461435,0.077532,0.068591,,,,,,,,,,,,
211226,,,,,,,,,0.164805,0.000000,,,12.060140,12.960079,0.080032,0.072782,,,,,,,,,,,,
211229,,,,,,,,,,,,,,,,,,,,-0.036787,-1.058318,-1.347982,,,,,,
211236,,,,,,,,,0.192272,0.652434,,,11.781030,13.082782,0.082062,0.070708,,,,-0.036490,-1.059942,-1.347917,,,,,,
211246,,,,,,,,,0.164805,0.000000,,,11.546186,12.641480,0.083696,0.074362,,,,-0.036207,-1.061451,-1.344365,,,,,,
211256,-0.036189,-1.061420,-1.344784,-0.022828,-1.040514,-1.347670,0.197087,0.188782,0.164805,0.000000,,,11.348589,12.270169,0.084997,0.077390,,,,,,,,,,,,
211259,,,,,,,,,,,6.895737,7.963471,,,,,-0.017381,0.017706,-0.002886,,,,,,,,,
211266,,,,,,,,,0.164805,0.000000,,,11.182331,11.957748,0.075009,0.070884,,,,-0.035494,-1.064578,-1.337321,,,,,,
211276,,,,,,,,,0.164805,0.000000,,,11.042441,11.694878,0.075579,0.072767,,,,-0.035154,-1.066007,-1.333816,,,,,,
211286,,,,,,,,,0.137337,0.652434,,,9.835651,11.473698,0.087058,0.074277,,,,-0.034834,-1.067596,-1.330274,,,,,,
211296,,,,,,,,,0.137337,0.652434,,,9.909346,11.287598,0.085719,0.075473,,,,-0.034532,-1.068968,-1.326764,,,,,,
211306,-0.034516,-1.069009,-1.328277,-0.020917,-1.048719,-1.335823,0.177841,0.218663,0.164805,0.000000,,,9.971352,11.131013,0.084484,0.076405,,,,,,,,,,,,
211309,,,,,,,,,,,5.910055,7.077505,,,,,-0.016430,0.018073,-0.007546,,,,,,,,,
211316,,,,,,,,,0.109870,0.000000,,,9.478980,10.454720,0.078837,0.073633,,,,,,,,,,,,
211326,,,,,,,,,0.164805,0.000000,,,9.609242,10.430229,0.076794,0.073207,,,,,,,,,,,,
211329,,,,,,,,,,,,,,,,,,,,-0.033567,-1.073099,-1.319720,,,,,,
211336,,,,,,,,,0.109870,1.304868,,,8.629759,10.409623,0.086045,0.072747,,,,-0.033313,-1.074507,-1.319695,,,,,,
211346,,,,,,,,,0.164805,0.000000,,,8.894708,10.392285,0.082799,0.072257,,,,-0.033002,-1.075886,-1.312718,,,,,,
211356,-0.033018,-1.075756,-1.314024,-0.019119,-1.056014,-1.321797,0.159260,0.256822,0.109870,0.000000,,,8.573092,9.833154,0.085482,0.077298,,,,,,,,,,,,
211359,,,,,,,,,,,4.892589,6.258748,,,,,-0.015565,0.018457,-0.007773,-0.032733,-1.077141,-1.309225,,,,,,
211366,,,,,,,,,0.137337,0.652434,,,8.302485,9.907244,0.077332,0.067639,,,,-0.032482,-1.078363,-1.305718,,,,,,
211376,,,,,,,,,0.137337,0.652434,,,8.074797,9.969584,0.078972,0.066274,,,,-0.032120,-1.079635,-1.302247,,,,,,
211386,,,,,,,,,0.109870,0.000000,,,7.883219,9.477492,0.080290,0.070551,,,,-0.031802,-1.081044,-1.295319,,,,,,
211396,,,,,,,,,0.109870,1.304868,,,7.177483,9.607990,0.086890,0.068576,,,,-0.031571,-1.082244,-1.288397,,,,,,
211406,-0.031516,-1.082368,-1.290547,-0.017432,-1.062434,-1.304905,0.141391,0.306463,0.164805,0.000000,,,7.672762,9.173248,0.081381,0.072341,,,,,,,,,,,,
211409,,,,,,,,,,,3.759192,5.328799,,,,,-0.015261,0.019048,-0.014358,,,,,,,,,
211416,,,,,,,,,0.082402,0.652434,,,7.000404,9.351999,0.076123,0.060449,,,,,,,,,,,,
211426,,,,,,,,,0.109870,0.000000,,,6.979226,8.957857,0.075690,0.063665,,,,-0.030781,-1.085679,-1.274560,,,,,,
211436,,,,,,,,,0.109870,1.304868,,,6.416862,9.170770,0.080783,0.060767,,,,-0.030510,-1.086753,-1.271093,,,,,,
211446,,,,,,,,,0.082402,0.652434,,,5.943690,8.805370,0.085077,0.063726,,,,-0.030208,-1.087887,-1.264247,,,,,,
211456,-0.030189,-1.087867,-1.266454,-0.015853,-1.068018,-1.284147,0.124275,0.372492,0.109870,0.000000,,,6.090106,8.497924,0.083147,0.066167,,,,,,,,,,,,
211459,,,,,,,,,,,2.699160,4.597563,,,,,-0.014640,0.019626,-0.017693,,,,,,,,,
211466,,,,,,,,,0.137337,0.652434,,,6.213301,8.783782,0.070612,0.055158,,,,,,,,,,,,
211476,,,,,,,,,0.109870,0.000000,,,6.316957,8.479759,0.068852,0.057422,,,,-0.029385,-1.090947,-1.250523,,,,,,
211486,,,,,,,,,0.082402,0.652434,,,5.859630,8.223955,0.072793,0.059255,,,,-0.029147,-1.091881,-1.247140,,,,,,
211496,,,,,,,,,0.109870,0.000000,,,6.019378,8.008721,0.070532,0.060725,,,,-0.028888,-1.092722,-1.243748,,,,,,
211506,-0.028927,-1.092535,-1.245653,-0.014379,-1.072802,-1.258022,0.107951,0.462697,0.054935,0.000000,,,5.609247,7.283080,0.074051,0.067444,,,,,,,,,,,,
211509,,,,,,,,,,,1.584915,4.004018,,,,,-0.014051,0.020090,-0.012369,,,,,,,,,
211516,,,,,,,,,0.082402,0.652434,,,5.264163,7.217069,0.065623,0.061526,,,,,,,,,,,,
211526,,,,,,,,,0.054935,1.304868,,,4.429266,7.161528,0.073403,0.061450,,,,-0.028140,-1.095339,-1.233551,,,,,,
211536,,,,,,,,,0.082402,0.652434,,,4.271327,7.114795,0.074446,0.061295,,,,-0.027941,-1.096105,-1.226766,,,,,,
211546,,,,,,,,,0.082402,0.652434,,,4.138437,7.075474,0.075264,0.061074,,,,-0.027690,-1.096851,-1.219995,,,,,,
211556,-0.027646,-1.096925,-1.222148,-0.013007,-1.076828,-1.224161,0.092458,0.590009,0.109870,0.000000,,,4.571167,7.042389,0.070339,0.060798,,,,,,,,,,,,
211559,,,,,,,,,,,0.296250,3.449628,,,,,-0.013887,0.020623,-0.002013,-0.027514,-1.097492,-1.213259,,,,,,
211566,,,,,,,,,0.054935,1.304868,,,3.846179,7.014552,0.063992,0.054819,,,,,,,,,,,,
211571,,,,,,,,,,,,,,,,,,,,-0.027395,-1.098146,-1.206521,,,,,,
211576,,,,,,,,,0.027467,0.652434,,,3.236175,6.446586,0.069504,0.059899,,,,-0.027202,-1.098695,-1.199806,,,,,,
211586,,,,,,,,,0.054935,1.304868,,,2.722917,6.513243,0.074152,0.058620,,,,-0.026925,-1.099308,-1.193116,,,,,,
211596,,,,,,,,,0.027467,0.652434,,,2.291062,6.024785,0.078071,0.062990,,,,-0.026762,-1.099983,-1.183095,,,,,,
211606,-0.026713,-1.100050,-1.183635,-0.011733,-1.080136,-1.178641,0.077834,0.777048,0.082402,0.652434,,,2.472242,6.158340,0.075824,0.061112,,,,,,,,,,,,
211609,,,,,,,,,,,-0.814071,3.352258,,,,,-0.012784,0.021390,0.004994,,,,,,,,,
211616,,,,,,,,,0.109870,0.000000,,,3.169231,6.270712,0.056955,0.058431,,,,,,,,,,,,
211626,,,,,,,,,0.027467,0.652434,,,2.666590,5.820720,0.061285,0.062437,,,,-0.026205,-1.101720,-1.156530,,,,,,
211636,,,,,,,,,0.054935,1.304868,,,2.243669,5.986639,0.064902,0.060251,,,,-0.026117,-1.102070,-1.153227,,,,,,
211646,,,,,,,,,0.027467,0.652434,,,1.887823,5.581700,0.067921,0.063855,,,,-0.025933,-1.102568,-1.146621,,,,,,
211656,-0.025905,-1.102568,-1.144252,-0.010554,-1.082768,-1.114523,0.064127,1.065894,0.054935,1.304868,,,1.588414,5.785528,0.070434,0.061330,,,,,,,,,,,,
211659,,,,,,,,,,,-2.164578,3.609946,,,,,-0.011675,0.022167,0.029729,,,,,,,,,
211666,,,,,,,,,0.054935,0.000000,,,1.881034,5.412486,0.053194,0.067277,,,,,,,,,,,,
211676,,,,,,,,,0.027467,0.652434,,,1.582702,5.098608,0.055428,0.070118,,,,-0.025156,-1.104471,-1.126923,,,,,,
211686,,,,,,,,,0.054935,1.304868,,,1.331685,5.379055,0.057239,0.066959,,,,-0.024956,-1.104961,-1.120327,,,,,,
211696,,,,,,,,,0.027467,0.652434,,,1.120480,5.070479,0.058694,0.069753,,,,-0.024805,-1.105396,-1.107281,,,,,,
211706,-0.024796,-1.105366,-1.104909,-0.009467,-1.084765,-1.018577,0.051404,1.540643,0.054935,1.304868,,,0.942771,5.355387,0.059849,0.066555,,,,,,,,,,,,
211709,,,,,,,,,,,-4.251348,4.173433,,,,,-0.011519,0.022949,0.086332,,,,,,,,,
211716,,,,,,,,,0.054935,1.304868,,,0.793248,5.595108,0.039468,0.069508,,,,,,,,,,,,
211726,,,,,,,,,0.054935,1.304868,,,0.667439,5.796810,0.039742,0.067167,,,,-0.024571,-1.106209,-1.074971,,,,,,
211736,,,,,,,,,0.054935,1.304868,,,0.561583,5.421978,0.039838,0.070665,,,,-0.024472,-1.106441,-1.062122,,,,,,
211746,,,,,,,,,0.027467,0.652434,,,0.472516,5.651138,0.039784,0.068078,,,,-0.024272,-1.106897,-1.052486,,,,,,
211756,-0.024262,-1.106870,-1.054147,-0.008466,-1.086169,-0.863598,0.039782,2.382500,0.027467,0.652434,,,0.397575,5.299410,0.039604,0.071370,,,,,,,,,,,,
211759,,,,,,,,,,,-6.948294,6.095521,,,,,-0.010196,0.023961,0.190549,,,,,,,,,
211766,,,,,,,,,0.054935,1.304868,,,0.334519,5.548009,0.011808,0.088214,,,,,,,,,,,,
211776,,,,,,,,,0.027467,0.652434,,,0.281464,5.212637,0.010893,0.091745,,,,-0.023745,-1.108092,-1.023825,,,,,,
211786,,,,,,,,,0.054935,1.304868,,,0.236824,5.474999,0.009902,0.089245,,,,-0.023574,-1.108380,-1.014315,,,,,,
211796,,,,,,,,,0.054935,1.304868,,,0.199264,5.695750,0.008848,0.087118,,,,-0.023441,-1.108800,-1.001673,,,,,,
211806,-0.023390,-1.108834,-1.000601,-0.007548,-1.087022,-0.592791,0.029507,3.999657,0.054935,1.304868,,,0.167661,5.881489,0.007741,0.085303,,,,,,,,,,,,
211809,,,,,,,,,,,-11.971428,9.839172,,,,,-0.009810,0.025110,0.407810,,,,,,,,,
211816,,,,,,,,,0.027467,0.652434,,,0.141070,5.493227,-0.044647,0.127491,,,,,,,,,,,,
211826,,,,,,,,,0.082402,1.957303,,,0.118696,6.255630,-0.046841,0.120584,,,,-0.022698,-1.110241,-0.967129,,,,,,
211836,,,,,,,,,0.054935,1.304868,,,0.099871,6.352573,-0.049067,0.120312,,,,-0.022427,-1.110690,-0.951569,,,,,,
211846,,,,,,,,,0.082402,1.957303,,,0.084031,6.978683,-0.051320,0.114623,,,,-0.022086,-1.111248,-0.932934,,,,,,
211856,-0.021995,-1.111327,-0.930400,-0.006709,-1.087365,-0.127075,0.021168,7.155221,0.082402,1.957303,,,0.070704,7.505493,-0.053595,0.109822,,,,,,,,,,,,
211859,,,,,,,,,,,-21.233599,17.400536,,,,,-0.010080,0.026575,0.803325,,,,,,,,,
211866,,,,,,,,,0.082402,1.957303,,,0.059490,7.948750,-0.150363,0.182893,,,,,,,,,,,,
211876,,,,,,,,,0.082402,3.262171,,,-0.494488,8.321708,-0.148971,0.180979,,,,-0.020847,-1.113244,-0.874444,,,,,,
211886,,,,,,,,,0.082402,3.262171,,,-0.960606,9.724600,-0.148365,0.168485,,,,-0.020446,-1.113952,-0.850091,,,,,,
211896,,,,,,,,,0.082402,3.262171,,,-1.352797,10.360450,-0.148419,0.163535,,,,-0.019878,-1.114718,-0.813808,,,,,,
211906,-0.019665,-1.114857,-0.804429,-0.005944,-1.087240,0.442825,0.016158,11.270280,0.137337,4.567039,,,-1.682786,11.984541,-0.149029,0.148377,,,,,,,,,,,,
211909,,,,,,,,,,,-32.744465,27.547634,,,,,-0.010380,0.029038,1.247254,,,,,,,,,
211916,,,,,,,,,0.082402,4.567039,,,-2.504982,12.806507,-0.261964,0.244577,,,,,,,,,,,,
211926,,,,,,,,,0.109870,6.524341,,,-3.741322,14.587195,-0.255401,0.229362,,,,-0.018116,-1.117269,-0.680004,,,,,,
211936,,,,,,,,,0.137337,7.176776,,,-4.781577,16.630011,-0.250591,0.211117,,,,-0.017421,-1.118178,-0.618678,,,,,,
211946,,,,,,,,,0.082402,8.481645,,,-6.745934,18.348835,-0.236147,0.195769,,,,-0.016672,-1.119134,-0.546473,,,,,,
211956,-0.016541,-1.119032,-0.529795,-0.005249,-1.086687,0.850811,0.016142,10.328721,0.109870,9.134078,,,-8.398745,20.339596,-0.224488,0.177303,,,,,,,,,,,,
211959,,,,,,,,,,,-29.352594,26.020420,,,,,-0.006602,0.033617,1.380606,,,,,,,,,
211966,,,,,,,,,0.109870,9.134078,,,-9.789418,22.014622,-0.180575,0.146082,,,,,,,,,,,,
211976,,,,,,,,,0.082402,9.786512,,,-11.504074,23.423988,-0.166998,0.132507,,,,-0.014642,-1.121716,-0.269234,,,,,,
211986,,,,,,,,,0.082402,9.786512,,,-12.946786,24.609829,-0.155853,0.120931,,,,-0.013906,-1.122331,-0.168993,,,,,,
211996,,,,,,,,,0.082402,9.786512,,,-13.616140,25.607595,-0.152306,0.111036,,,,-0.013095,-1.122877,-0.071986,,,,,,
212006,-0.013056,-1.122661,-0.074817,-0.004620,-1.085745,1.081757,0.020062,6.094123,0.082402,8.481645,,,-14.723878,25.358030,-0.144155,0.113664,,,,,,,,,,,,
212009,,,,,,,,,,,-14.532401,18.721409,,,,,0.005653,0.037444,1.156574,-0.012283,-1.123370,0.024897,,,,,,
212016,,,,,,,,,0.054935,9.134078,,,-15.655929,26.237133,0.013592,0.030380,,,,-0.011503,-1.123821,0.121839,,,,,,
212026,,,,,,,,,0.109870,6.524341,,,-14.806526,25.887722,0.005153,0.032441,,,,-0.010718,-1.124134,0.210723,,,,,,
212036,,,,,,,,,0.109870,5.219473,,,-13.547296,25.049185,-0.007636,0.039560,,,,-0.010048,-1.124332,0.291625,,,,,,
212046,,,,,,,,,0.054935,5.219473,,,-13.032322,23.799097,-0.013086,0.051046,,,,-0.009453,-1.124480,0.353317,,,,,,
212056,-0.009295,-1.124309,0.333813,-0.004052,-1.084452,1.216284,0.025454,3.437583,0.109870,3.914605,,,-11.509937,22.747272,-0.028914,0.060759,,,,,,,,,,,,
212059,,,,,,,,,,,-3.603695,15.756897,,,,,0.018012,0.035939,0.882471,,,,,,,,,
212066,,,,,,,,,0.054935,2.609737,,,-10.229003,20.773182,0.068889,0.049851,,,,,,,,,,,,
212076,,,,,,,,,0.082402,1.957303,,,-8.606682,19.112183,0.053666,0.065790,,,,,,,,,,,,
212079,,,,,,,,,,,,,,,,,,,,-0.007323,-1.124147,0.449356,,,,,,
212086,,,,,,,,,0.082402,1.957303,,,-7.241661,17.714617,0.040743,0.079374,,,,-0.006403,-1.123826,0.466396,,,,,,
212096,,,,,,,,,0.082402,1.957303,,,-6.093132,16.538706,0.029756,0.090977,,,,-0.005521,-1.123470,0.480634,,,,,,
212106,-0.005517,-1.123410,0.476526,-0.003541,-1.082847,1.301260,0.031030,2.092194,0.082402,1.957303,,,-5.126761,15.549294,0.020397,0.100913,,,,,,,,,,,,
212109,,,,,,,,,,,0.801469,13.285092,,,,,0.020362,0.035138,0.824735,-0.004780,-1.123092,0.492040,,,,,,
212116,,,,,,,,,0.082402,1.957303,,,-4.313656,14.716804,0.057341,0.084233,,,,-0.004021,-1.122709,0.503475,,,,,,
212126,,,,,,,,,0.109870,1.304868,,,-3.084966,14.016346,0.045831,0.091092,,,,-0.003452,-1.122512,0.520627,,,,,,
212136,,,,,,,,,0.082402,1.957303,,,-2.595690,13.426981,0.041618,0.096957,,,,-0.002702,-1.122191,0.537828,,,,,,
212146,,,,,,,,,0.082402,1.957303,,,-2.184013,12.931089,0.038098,0.101987,,,,-0.001907,-1.121905,0.557951,,,,,,
212156,-0.001910,-1.121858,0.559331,-0.003084,-1.080964,1.358881,0.036310,1.376500,0.082402,1.957303,,,-1.837629,12.513846,0.035162,0.106313,,,,,,,,,,,,
212159,,,,,,,,,,,2.940735,11.869183,,,,,0.020704,0.035285,0.799551,,,,,,,,,
212166,,,,,,,,,0.082402,1.957303,,,-1.546180,12.162778,0.054537,0.095606,,,,,,,,,,,,
212176,,,,,,,,,0.082402,1.957303,,,-1.300956,11.867390,0.052934,0.098560,,,,0.000112,-1.120907,0.615832,,,,,,
212186,,,,,,,,,0.082402,1.957303,,,-1.094624,11.618850,0.051677,0.101096,,,,0.000927,-1.120443,0.636187,,,,,,
212196,,,,,,,,,0.082402,1.957303,,,-0.921017,11.409728,0.050714,0.103279,,,,0.001740,-1.120116,0.656618,,,,,,
212206,0.001808,-1.119993,0.659404,-0.002675,-1.078839,1.400150,0.041112,0.963195,0.109870,2.609737,,,-0.774943,11.778316,0.049996,0.099611,,,,,,,,,,,,
212209,,,,,,,,,,,4.557505,11.424139,,,,,0.021670,0.035273,0.740746,,,,,,,,,
212216,,,,,,,,,0.082402,1.957303,,,-0.652037,11.543903,0.065977,0.097481,,,,,,,,,,,,
212226,,,,,,,,,0.082402,1.957303,,,-0.548624,11.346668,0.065964,0.099469,,,,0.003848,-1.118708,0.724277,,,,,,
212236,,,,,,,,,0.109870,2.609737,,,-0.461612,11.180715,0.066097,0.101177,,,,0.004613,-1.118197,0.745022,,,,,,
212246,,,,,,,,,0.082402,1.957303,,,-0.388400,11.585625,0.066354,0.097096,,,,0.005344,-1.117705,0.765905,,,,,,
212256,0.005310,-1.117672,0.765180,-0.002312,-1.076504,1.430962,0.045369,0.706402,0.082402,1.957303,,,-0.326800,11.381773,0.066715,0.099143,,,,,,,,,,,,
212259,,,,,,,,,,,5.935381,11.472589,,,,,0.023019,0.034972,0.665782,,,,,,,,,
212266,,,,,,,,,0.109870,2.609737,,,-0.274969,11.754795,0.081218,0.095841,,,,,,,,,,,,
212276,,,,,,,,,0.082402,1.957303,,,-0.231359,11.524113,0.082015,0.098137,,,,0.007441,-1.116026,0.834977,,,,,,
212286,,,,,,,,,0.082402,1.957303,,,-0.194666,11.330016,0.082874,0.100107,,,,0.008107,-1.115393,0.856244,,,,,,
212296,,,,,,,,,0.109870,2.609737,,,-0.163792,11.711246,0.083785,0.096247,,,,0.008784,-1.114799,0.877734,,,,,,
212306,0.008729,-1.114788,0.876501,-0.001990,-1.073991,1.454716,0.049063,0.537056,0.082402,1.957303,,,-0.137814,11.487471,0.084740,0.098481,,,,,,,,,,,,
212309,,,,,,,,,,,7.170578,11.743366,,,,,0.024494,0.034342,0.578215,,,,,,,,,
212316,,,,,,,,,0.082402,1.957303,,,-0.115957,11.299186,0.098331,0.103161,,,,,,,,,,,,
212326,,,,,,,,,0.109870,2.609737,,,-0.097566,11.685307,0.099600,0.099311,,,,0.010727,-1.112977,0.942326,,,,,,
212336,,,,,,,,,0.082402,1.957303,,,-0.082092,11.465645,0.100896,0.101563,,,,0.011429,-1.112274,0.967347,,,,,,
212346,,,,,,,,,0.137337,1.957303,,,0.475471,11.825365,0.096660,0.097950,,,,0.011967,-1.111557,0.989238,,,,,,
212356,0.011967,-1.111456,0.990727,-0.001706,-1.071329,1.473494,0.052198,0.419883,0.109870,2.609737,,,0.400061,12.128034,0.098768,0.094846,,,,,,,,,,,,
212359,,,,,,,,,,,8.324000,12.118979,,,,,0.026069,0.033430,0.482767,,,,,,,,,
212366,,,,,,,,,0.082402,1.957303,,,0.336611,11.838156,0.112534,0.101557,,,,0.013121,-1.110097,1.033542,,,,,,
212376,,,,,,,,,0.109870,2.609737,,,0.283225,12.138796,0.114676,0.098547,,,,0.013681,-1.109360,1.055865,,,,,,
212386,,,,,,,,,0.082402,1.957303,,,0.238305,11.847211,0.116742,0.101517,,,,,,,,,,,,
212389,,,,,,,,,,,,,,,,,,,,0.014279,-1.108697,1.081670,,,,,,
212396,,,,,,,,,0.109870,2.609737,,,0.200510,12.146415,0.118745,0.098519,,,,0.014855,-1.107977,1.104385,,,,,,
212406,0.014787,-1.107971,1.103059,-0.001457,-1.068547,1.488634,0.054790,0.335584,0.082402,1.957303,,,0.168709,11.853621,0.120694,0.101500,,,,,,,,,,,,
212409,,,,,,,,,,,9.448572,12.571692,,,,,0.027865,0.032274,0.385575,,,,,,,,,
212416,,,,,,,,,0.109870,2.609737,,,0.141952,12.151809,0.134069,0.103130,,,,,,,,,,,,
212426,,,,,,,,,0.082402,1.957303,,,0.119438,11.858160,0.136160,0.106209,,,,0.016147,-1.105726,1.173460,,,,,,
212436,,,,,,,,,0.109870,2.609737,,,0.100495,12.155627,0.138219,0.103317,,,,0.016690,-1.104909,1.196882,,,,,,
212446,,,,,,,,,0.082402,1.957303,,,0.084557,11.861373,0.140251,0.106402,,,,0.017198,-1.104060,1.220359,,,,,,
212456,0.017229,-1.103861,1.218728,-0.001239,-1.065670,1.501035,0.056863,0.272957,0.137337,1.957303,,,0.615689,12.158331,0.136706,0.103515,,,,,,,,,,,,
212459,,,,,,,,,,,10.458694,12.950223,,,,,0.029480,0.030505,0.282307,,,,,,,,,
212466,,,,,,,,,0.137337,1.957303,,,1.062584,11.863647,0.144218,0.110465,,,,,,,,,,,,
212476,,,,,,,,,0.109870,1.304868,,,1.438601,12.160244,0.142262,0.107657,,,,0.018502,-1.101191,1.275078,,,,,,
212486,,,,,,,,,0.109870,1.304868,,,1.754982,11.865257,0.140838,0.110824,,,,0.018900,-1.099980,1.281907,,,,,,
212496,,,,,,,,,0.164805,1.304868,,,2.565728,12.161599,0.134310,0.108018,,,,0.019316,-1.098721,1.295823,,,,,,
212506,0.019329,-1.098607,1.292090,-0.001048,-1.062724,1.511324,0.058446,0.225167,0.137337,0.652434,,,3.247890,11.866398,0.128930,0.111187,,,,,,,,,,,,
212509,,,,,,,,,,,10.670521,12.712529,,,,,0.028893,0.029463,0.219234,,,,,,,,,
212516,,,,,,,,,0.164805,1.304868,,,3.821860,12.162559,0.126678,0.105958,,,,,,,,,,,,
212526,,,,,,,,,0.137337,0.652434,,,4.304799,11.867205,0.123122,0.109081,,,,0.020762,-1.094362,1.327098,,,,,,
212536,,,,,,,,,0.192272,0.652434,,,5.255687,12.163238,0.114696,0.106230,,,,,,,,,,,,
212539,,,,,,,,,,,,,,,,,,,,0.021232,-1.092745,1.337723,,,,,,
212546,,,,,,,,,0.164805,1.304868,,,5.511221,12.412319,0.113173,0.103799,,,,,,,,,,,,
212553,,,,,,,,,,,,,,,,,,,,0.021666,-1.091198,1.344867,,,,,,
212556,0.021639,-1.091149,1.345913,-0.000884,-1.059731,1.519949,0.059568,0.187868,0.164805,1.304868,,,5.726227,12.621897,0.112012,0.101722,,,,,,,,,,,,
212559,,,,,,,,,,,10.020864,11.715368,,,,,0.025605,0.028962,0.174036,0.022055,-1.089637,1.355590,,,,,,
212566,,,,,,,,,0.164805,0.000000,,,6.451676,12.253692,0.098974,0.095325,,,,0.022523,-1.087840,1.362547,,,,,,
212576,,,,,,,,,0.164805,1.304868,,,6.517526,12.488427,0.099017,0.092823,,,,0.023046,-1.085940,1.373191,,,,,,
212586,,,,,,,,,0.164805,1.304868,,,6.572932,12.685934,0.099152,0.090653,,,,0.023584,-1.084063,1.380125,,,,,,
212596,,,,,,,,,0.164805,1.304868,,,6.619551,12.852116,0.099366,0.088764,,,,,,,,,,,,
212599,,,,,,,,,,,,,,,,,,,,0.024032,-1.082204,1.391019,,,,,,
212606,0.023998,-1.082165,1.389971,-0.000741,-1.056713,1.527237,0.060261,0.158189,0.192272,0.652434,,,7.203319,12.991941,0.094092,0.087111,,,,,,,,,,,,
212609,,,,,,,,,,,8.817158,10.225366,,,,,0.020588,0.028913,0.137266,,,,,,,,,
212616,,,,,,,,,0.164805,1.304868,,,7.149958,13.109591,0.082922,0.070457,,,,,,,,,,,,
212626,,,,,,,,,0.164805,1.304868,,,7.105060,13.208581,0.083713,0.068871,,,,0.025387,-1.077049,1.427238,,,,,,
212636,,,,,,,,,0.137337,0.652434,,,7.067283,12.747328,0.084441,0.072979,,,,,,,,,,,,
212639,,,,,,,,,,,,,,,,,,,,0.025830,-1.075266,1.441931,,,,,,
212646,,,,,,,,,0.164805,1.304868,,,7.035497,12.903772,0.085115,0.070879,,,,0.026204,-1.073585,1.453009,,,,,,
212665,0.026121,-1.073621,1.453193,-0.000619,-1.053687,1.533438,0.060557,0.134181,-0.000000,0.000000,7.923996,8.991913,,,,,0.016659,0.028894,0.080245,,,,,,,,,
212668,,,,,,,,,,,,,5.438985,9.593452,0.092938,0.091045,,,,,,,,,,,,
212676,,,,,,,,,0.384545,3.914605,,,6.754534,13.517362,0.080016,0.050901,,,,,,,,,,,,
212686,,,,,,,,,0.137337,0.652434,,,6.772350,13.007136,0.080068,0.055200,,,,0.027445,-1.066792,1.501593,,,,,,
212696,,,,,,,,,0.164805,1.304868,,,6.787341,13.122375,0.080146,0.053222,,,,,,,,,,,,
212699,,,,,,,,,,,,,,,,,,,,0.027659,-1.065204,1.512915,,,,,,
212706,0.027587,-1.065337,1.510641,-0.000515,-1.050673,1.538741,0.060490,0.114482,0.137337,0.652434,,,6.255411,12.674794,0.085799,0.056961,,,,,,,,,,,,
212709,,,,,,,,,,,7.038122,7.803170,,,,,0.012948,0.028932,0.028100,0.027892,-1.063830,1.524380,,,,,,
212716,,,,,,,,,0.137337,0.652434,,,6.896932,12.298200,0.070553,0.047940,,,,0.028081,-1.062403,1.532046,,,,,,
212726,,,,,,,,,0.082402,0.652434,,,6.347620,11.436790,0.076184,0.055828,,,,0.028255,-1.061033,1.539728,,,,,,
212736,,,,,,,,,0.137337,0.652434,,,6.429974,11.256543,0.075482,0.056940,,,,0.028310,-1.059639,1.547447,,,,,,
212746,,,,,,,,,0.082402,0.652434,,,5.954722,10.560340,0.080452,0.063350,,,,0.028425,-1.058407,1.551323,,,,,,
212756,0.028379,-1.058413,1.550647,-0.000426,-1.047687,1.543294,0.060091,0.098118,0.137337,0.652434,,,6.099389,10.519098,0.079193,0.063219,,,,,,,,,,,,
212759,,,,,,,,,,,6.336672,6.880171,,,,,0.010143,0.029016,-0.007352,,,,,,,,,
212766,,,,,,,,,0.109870,0.000000,,,6.221111,9.939855,0.070984,0.059170,,,,0.028481,-1.056188,1.562987,,,,,,
212776,,,,,,,,,0.109870,1.304868,,,5.778986,9.997022,0.075517,0.057975,,,,0.028511,-1.055180,1.570812,,,,,,
212786,,,,,,,,,0.109870,0.000000,,,5.951524,9.500579,0.073869,0.062415,,,,0.028574,-1.054249,1.574611,,,,,,
212796,,,,,,,,,0.082402,0.652434,,,5.552155,9.082872,0.078019,0.066152,,,,0.028584,-1.053394,1.578548,,,,,,
212806,0.028575,-1.053354,1.576206,-0.000351,-1.044741,1.547214,0.059392,0.084379,0.109870,0.000000,,,5.760669,8.731414,0.076049,0.069296,,,,,,,,,,,,
212809,,,,,,,,,,,5.982079,6.371557,,,,,0.008769,0.028879,-0.028992,0.028649,-1.052628,1.586376,,,,,,
212816,,,,,,,,,0.109870,1.304868,,,5.391569,8.980240,0.076312,0.061200,,,,0.028667,-1.051892,1.590237,,,,,,
212826,,,,,,,,,0.082402,0.652434,,,5.081009,8.645059,0.079598,0.064097,,,,,,,,,,,,
212833,,,,,,,,,,,,,,,,,,,,0.028726,-1.050970,1.594110,,,,,,
212836,,,,,,,,,0.054935,1.304868,,,4.275160,8.363037,0.087998,0.066519,,,,0.028716,-1.050082,1.597994,,,,,,
212846,,,,,,,,,0.054935,1.304868,,,3.597119,8.125745,0.095255,0.068541,,,,0.028686,-1.049160,1.601833,,,,,,
212856,0.028673,-1.049051,1.599682,-0.000288,-1.041850,1.550596,0.058423,0.072738,0.109870,0.000000,,,4.115702,7.926087,0.090443,0.070227,,,,,,,,,,,,
212859,,,,,,,,,,,5.779265,6.034041,,,,,0.008034,0.028741,-0.049087,0.028694,-1.048273,1.613307,,,,,,
212866,,,,,,,,,0.082402,0.652434,,,4.007494,7.758095,0.089851,0.068187,,,,,,,,,,,,
212869,,,,,,,,,,,,,,,,,,,,0.028785,-1.047563,1.620960,,,,,,
212876,,,,,,,,,0.054935,1.304868,,,3.371905,7.616746,0.096689,0.069284,,,,0.028847,-1.046976,1.628616,,,,,,
212886,,,,,,,,,0.082402,0.652434,,,3.381664,7.497816,0.097070,0.070180,,,,0.028843,-1.046340,1.636239,,,,,,
212896,,,,,,,,,0.054935,1.304868,,,2.845331,7.397748,0.103021,0.070908,,,,0.028816,-1.045436,1.640003,,,,,,
212906,0.028790,-1.045279,1.636619,-0.000235,-1.039024,1.553517,0.057215,0.062796,0.109870,0.000000,,,3.483148,7.313550,0.097102,0.071494,,,,,,,,,,,,
212909,,,,,,,,,,,5.814853,5.896982,,,,,0.008150,0.028550,-0.083102,,,,,,,,,
212916,,,,,,,,,0.082402,0.652434,,,3.475263,7.242706,0.098004,0.070563,,,,,,,,,,,,
212926,,,,,,,,,0.082402,0.652434,,,3.468629,7.183098,0.098540,0.070902,,,,0.028887,-1.043132,1.670078,,,,,,
212936,,,,,,,,,0.054935,1.304868,,,2.918504,7.132945,0.104620,0.071156,,,,0.028834,-1.042515,1.677554,,,,,,
212946,,,,,,,,,0.109870,0.000000,,,3.544715,7.090745,0.098812,0.071339,,,,0.028863,-1.041764,1.681270,,,,,,
212956,0.028828,-1.041715,1.680260,-0.000191,-1.036274,1.556040,0.055796,0.054249,0.082402,0.652434,,,3.527066,7.055238,0.099446,0.071463,,,,,,,,,,,,
212959,,,,,,,,,,,5.923765,5.822455,,,,,0.008579,0.028251,-0.124220,,,,,,,,,
212966,,,,,,,,,0.082402,0.652434,,,3.512216,7.025363,0.101166,0.070776,,,,,,,,,,,,
212976,,,,,,,,,0.082402,-0.652434,,,4.044265,6.455683,0.096222,0.076346,,,,0.028659,-1.039206,1.692359,,,,,,
212986,,,,,,,,,0.109870,1.304868,,,3.947387,7.065440,0.097586,0.070000,,,,0.028545,-1.038309,1.699764,,,,,,
212996,,,,,,,,,0.054935,0.000000,,,3.865874,6.489404,0.098812,0.075627,,,,,,,,,,,,
212999,,,,,,,,,,,,,,,,,,,,0.028413,-1.037331,1.699747,,,,,,
213006,0.028405,-1.037356,1.700849,-0.000154,-1.033608,1.558219,0.054194,0.046860,0.082402,0.652434,,,3.797289,6.549270,0.099924,0.074883,,,,,,,,,,,,
213009,,,,,,,,,,,5.535655,5.343405,,,,,0.007420,0.027832,-0.142630,,,,,,,,,
213016,,,,,,,,,0.109870,0.000000,,,4.284125,6.599641,0.091424,0.069337,,,,,,,,,,,,
213026,,,,,,,,,0.109870,0.000000,,,4.693748,6.642024,0.087497,0.068654,,,,0.028128,-1.034545,1.710770,,,,,,
213036,,,,,,,,,0.109870,0.000000,,,5.038406,6.677684,0.084149,0.068030,,,,0.027953,-1.033706,1.714430,,,,,,
213046,,,,,,,,,0.082402,0.652434,,,4.783857,6.707689,0.086845,0.067457,,,,0.027849,-1.032851,1.714432,,,,,,
213056,0.027845,-1.032887,1.716029,-0.000124,-1.031033,1.560098,0.052433,0.040444,0.082402,0.652434,,,4.569680,6.732935,0.089180,0.066927,,,,,,,,,,,,
213059,,,,,,,,,,,5.019656,4.763645,,,,,0.005882,0.027407,-0.155931,,,,,,,,,
213066,,,,,,,,,0.109870,0.000000,,,4.934015,6.754178,0.080394,0.060519,,,,,,,,,,,,
213076,,,,,,,,,0.054935,0.000000,,,4.696023,6.227507,0.082839,0.065493,,,,0.027538,-1.029869,1.725367,,,,,,
213086,,,,,,,,,0.082402,0.652434,,,4.495776,6.328910,0.084946,0.064166,,,,0.027399,-1.029023,1.725393,,,,,,
213096,,,,,,,,,0.109870,0.000000,,,4.327288,6.414230,0.086769,0.062982,,,,0.027291,-1.028182,1.729028,,,,,,
213106,0.027282,-1.028235,1.730675,-0.000100,-1.028556,1.561716,0.050538,0.034853,0.082402,0.652434,,,4.730066,6.486019,0.082799,0.061920,,,,,,,,,,,,
213109,,,,,,,,,,,4.405676,4.095642,,,,,0.004043,0.027084,-0.168959,0.027220,-1.027323,1.732635,,,,,,
213116,,,,,,,,,0.082402,0.652434,,,4.524420,6.546422,0.078692,0.054146,,,,0.027157,-1.026563,1.739939,,,,,,
213126,,,,,,,,,0.054935,0.000000,,,4.351390,6.052702,0.080434,0.058691,,,,0.027060,-1.025728,1.739938,,,,,,
213136,,,,,,,,,0.082402,0.652434,,,4.205802,6.181829,0.081929,0.056983,,,,0.026993,-1.025003,1.743556,,,,,,
213146,,,,,,,,,0.082402,0.652434,,,4.083304,6.290476,0.083219,0.055458,,,,0.026889,-1.024160,1.743561,,,,,,
213156,0.026902,-1.024388,1.745217,-0.000080,-1.026182,1.563105,0.048532,0.029969,0.027467,0.652434,,,3.435692,5.837349,0.089889,0.059640,,,,,,,,,,,,
213159,,,,,,,,,,,3.981171,3.625021,,,,,0.002916,0.026884,-0.182113,,,,,,,,,
213166,,,,,,,,,0.082402,0.652434,,,3.435334,6.000631,0.085757,0.052826,,,,,,,,,,,,
213176,,,,,,,,,0.082402,-0.652434,,,3.979576,5.593473,0.080315,0.056504,,,,0.026568,-1.022000,1.761517,,,,,,
213186,,,,,,,,,0.027467,0.652434,,,3.348415,5.250891,0.086753,0.059605,,,,0.026550,-1.021464,1.768714,,,,,,
213196,,,,,,,,,0.082402,0.652434,,,3.361899,5.507185,0.086742,0.056665,,,,0.026512,-1.021025,1.772313,,,,,,
213206,0.026498,-1.021081,1.775514,-0.000064,-1.023914,1.564294,0.046437,0.025695,0.054935,1.304868,,,2.828701,5.722832,0.092304,0.054089,,,,,,,,,,,,
213209,,,,,,,,,,,3.796715,3.356107,,,,,0.002626,0.026584,-0.211220,0.026394,-1.020471,1.775896,,,,,,
213216,,,,,,,,,0.027467,0.652434,,,2.380069,5.359733,0.095229,0.054631,,,,,,,,,,,,
213219,,,,,,,,,,,,,,,,,,,,0.026247,-1.019767,1.779421,,,,,,
213226,,,,,,,,,0.082402,-0.652434,,,3.091676,5.054222,0.088254,0.057346,,,,,,,,,,,,
213233,,,,,,,,,,,,,,,,,,,,0.026168,-1.019254,1.782981,,,,,,
213236,,,,,,,,,0.054935,0.000000,,,3.145879,4.797165,0.087842,0.059628,,,,0.026056,-1.018814,1.786539,,,,,,
213246,,,,,,,,,0.027467,0.652434,,,2.646942,4.580877,0.093062,0.061546,,,,0.025984,-1.018602,1.786557,,,,,,
213256,0.025980,-1.018584,1.785631,-0.000051,-1.021756,1.565308,0.044272,0.021953,0.054935,0.000000,,,2.771680,4.398893,0.092019,0.063158,,,,,,,,,,,,
213259,,,,,,,,,,,3.618824,3.159847,,,,,0.002451,0.026109,-0.220323,,,,,,,,,
213266,,,,,,,,,0.054935,0.000000,,,2.876635,4.245771,0.089339,0.062509,,,,,,,,,,,,
213276,,,,,,,,,0.054935,-1.304868,,,3.509486,3.572391,0.083033,0.069160,,,,0.025767,-1.017287,1.786557,,,,,,
213286,,,,,,,,,0.027467,0.652434,,,2.952881,3.550353,0.088732,0.069303,,,,0.025618,-1.016799,1.786557,,,,,,
213296,,,,,,,,,0.027467,0.652434,,,2.484554,3.531809,0.093642,0.069414,,,,0.025501,-1.016355,1.786556,,,,,,
213306,0.025492,-1.016317,1.786478,-0.000041,-1.019709,1.566169,0.042054,0.018678,0.054935,0.000000,,,2.635047,3.516207,0.092334,0.069498,,,,,,,,,,,,
213309,,,,,,,,,,,3.393807,2.945826,,,,,0.002151,0.025667,-0.220309,0.025359,-1.015808,1.786587,,,,,,
213316,,,,,,,,,0.027467,0.652434,,,2.217128,3.503079,0.094498,0.067378,,,,0.025237,-1.015243,1.786575,,,,,,
213326,,,,,,,,,0.082402,-0.652434,,,2.954578,3.492034,0.087212,0.067379,,,,0.025174,-1.014758,1.793649,,,,,,
213336,,,,,,,,,0.082402,0.652434,,,3.030524,4.027283,0.086525,0.061810,,,,0.025078,-1.014339,1.797189,,,,,,
213346,,,,,,,,,0.054935,0.000000,,,3.094426,3.933099,0.085946,0.062555,,,,0.024989,-1.013973,1.800743,,,,,,
213356,0.025005,-1.014057,1.802283,-0.000032,-1.017776,1.566896,0.039802,0.015814,0.027467,0.652434,,,2.603650,3.853852,0.091011,0.063166,,,,,,,,,,,,
213359,,,,,,,,,,,3.252113,2.780835,,,,,0.002124,0.025222,-0.235387,,,,,,,,,
213366,,,,,,,,,0.027467,0.652434,,,2.190711,3.787174,0.093936,0.061981,,,,,,,,,,,,
213376,,,,,,,,,0.054935,0.000000,,,2.387807,3.731071,0.092138,0.062352,,,,0.024619,-1.012123,1.807755,,,,,,
213386,,,,,,,,,0.082402,-0.652434,,,3.098187,3.683866,0.085065,0.062644,,,,0.024502,-1.011641,1.811278,,,,,,
213396,,,,,,,,,0.054935,1.304868,,,2.606814,4.188690,0.090108,0.057314,,,,0.024439,-1.011288,1.814813,,,,,,
213406,0.024433,-1.011296,1.813761,-0.000026,-1.015956,1.567506,0.037529,0.013314,0.054935,0.000000,,,2.737916,4.068907,0.088900,0.058254,,,,,,,,,,,,
213409,,,,,,,,,,,2.896811,2.418605,,,,,0.001361,0.024862,-0.246255,,,,,,,,,
213416,,,,,,,,,-0.000000,0.000000,,,2.303682,3.423578,0.089808,0.060884,,,,,,,,,,,,
213426,,,,,,,,,0.109870,0.000000,,,2.482861,3.425141,0.088099,0.060667,,,,0.024037,-1.009757,1.818323,,,,,,
213436,,,,,,,,,0.027467,0.652434,,,2.633622,3.970999,0.086644,0.054898,,,,0.023928,-1.009303,1.821828,,,,,,
213446,,,,,,,,,0.027467,-0.652434,,,2.760473,3.341198,0.085402,0.061012,,,,0.023871,-1.009023,1.821859,,,,,,
213456,0.023863,-1.008990,1.821180,-0.000021,-1.014251,1.568014,0.035251,0.011138,0.054935,0.000000,,,2.867205,3.355827,0.084341,0.060678,,,,,,,,,,,,
213459,,,,,,,,,,,2.599799,2.128047,,,,,0.000821,0.024442,-0.253166,,,,,,,,,
213466,,,,,,,,,0.027467,0.652434,,,2.412466,3.368136,0.085956,0.057401,,,,,,,,,,,,
213476,,,,,,,,,0.027467,0.652434,,,2.029848,3.378492,0.089896,0.057048,,,,0.023594,-1.007843,1.825348,,,,,,
213486,,,,,,,,,0.027467,0.652434,,,1.707914,3.387206,0.093294,0.056709,,,,0.023507,-1.007385,1.828824,,,,,,
213496,,,,,,,,,0.027467,0.652434,,,1.437039,3.394538,0.096235,0.056382,,,,0.023461,-1.007102,1.835802,,,,,,
213506,0.023437,-1.007037,1.834575,-0.000017,-1.012658,1.568435,0.032980,0.009252,0.054935,0.000000,,,1.753667,3.400707,0.093238,0.056066,,,,,,,,,,,,
213509,,,,,,,,,,,2.419370,1.945399,,,,,0.000689,0.024108,-0.266140,,,,,,,,,
213516,,,,,,,,,0.054935,0.000000,,,2.020079,3.405898,0.088849,0.053895,,,,,,,,,,,,
213526,,,,,,,,,-0.000000,0.000000,,,1.699694,2.865722,0.092197,0.059113,,,,0.023419,-1.006612,1.849722,,,,,,
213536,,,,,,,,,0.054935,0.000000,,,1.430122,2.955761,0.095091,0.058010,,,,0.023312,-1.006261,1.853183,,,,,,
213546,,,,,,,,,-0.000000,0.000000,,,1.747848,2.486977,0.092048,0.062590,,,,0.023231,-1.005895,1.849700,,,,,,
213556,0.023188,-1.005768,1.848431,-0.000013,-1.011178,1.568781,0.030726,0.007624,0.054935,0.000000,,,2.015182,2.637085,0.089455,0.060951,,,,,,,,,,,,
213559,,,,,,,,,,,2.407126,1.934761,,,,,0.001156,0.023796,-0.279650,,,,,,,,,
213566,,,,,,,,,0.027467,0.652434,,,1.695574,2.763386,0.092671,0.059415,,,,,,,,,,,,
213576,,,,,,,,,0.027467,0.652434,,,1.426656,2.869656,0.095556,0.058166,,,,0.023037,-1.004866,1.856622,,,,,,
213586,,,,,,,,,0.027467,0.652434,,,1.200388,2.959071,0.098060,0.057067,,,,0.022966,-1.004528,1.863527,,,,,,
213596,,,,,,,,,0.054935,0.000000,,,1.554549,3.034306,0.094689,0.056095,,,,0.022914,-1.004282,1.866992,,,,,,
213606,0.022937,-1.004407,1.865435,-0.000011,-1.009807,1.569061,0.028502,0.006227,-0.000000,0.000000,,,1.307998,2.553064,0.097375,0.060783,,,,,,,,,,,,
213609,,,,,,,,,,,2.360486,1.888761,,,,,0.001497,0.023528,-0.296373,0.022874,-1.004055,1.870434,,,,,,
213616,,,,,,,,,0.054935,0.000000,,,1.645092,2.692691,0.093680,0.058766,,,,0.022793,-1.003836,1.870433,,,,,,
213626,,,,,,,,,0.054935,0.000000,,,1.928724,2.810173,0.090930,0.057407,,,,0.022649,-1.003384,1.870434,,,,,,
213636,,,,,,,,,-0.000000,0.000000,,,1.622828,2.364480,0.094137,0.061769,,,,0.022541,-1.002978,1.870433,,,,,,
213646,,,,,,,,,0.054935,0.000000,,,1.909990,2.534016,0.091355,0.059945,,,,0.022380,-1.002542,1.866974,,,,,,
213656,0.022395,-1.002588,1.864107,-0.000009,-1.008545,1.569287,0.026315,0.005035,0.027467,-0.652434,,,2.151609,2.132121,0.088981,0.063915,,,,,,,,,,,,
213659,,,,,,,,,,,2.010190,1.573075,,,,,0.000775,0.023169,-0.294820,,,,,,,,,
213666,,,,,,,,,0.054935,0.000000,,,2.354907,2.338509,0.083376,0.058541,,,,,,,,,,,,
213676,,,,,,,,,0.054935,0.000000,,,2.525961,2.512164,0.081562,0.056617,,,,,,,,,,,,
213679,,,,,,,,,,,,,,,,,,,,0.022035,-1.001456,1.863560,,,,,,
213686,,,,,,,,,0.027467,0.652434,,,2.125344,2.658278,0.085546,0.054938,,,,0.021927,-1.000984,1.860097,,,,,,
213696,,,,,,,,,0.027467,-0.652434,,,2.332807,2.236675,0.083406,0.059022,,,,0.021834,-1.000522,1.860078,,,,,,
213706,0.021846,-1.000585,1.863154,-0.000007,-1.007389,1.569467,0.024175,0.004027,0.027467,0.652434,,,1.962824,2.426481,0.087116,0.056953,,,,,,,,,,,,
213709,,,,,,,,,,,1.586897,1.183618,,,,,-0.000217,0.022886,-0.293687,0.021720,-1.000172,1.863527,,,,,,
213716,,,,,,,,,0.027467,0.652434,,,1.651519,2.586184,0.085983,0.051181,,,,,,,,,,,,
213719,,,,,,,,,,,,,,,,,,,,0.021594,-0.999908,1.866973,,,,,,
213726,,,,,,,,,0.027467,0.652434,,,1.389588,2.720558,0.088642,0.049530,,,,0.021566,-0.999749,1.873870,,,,,,
213736,,,,,,,,,0.027467,0.652434,,,1.169199,2.833621,0.090929,0.048069,,,,0.021561,-0.999560,1.880731,,,,,,
213746,,,,,,,,,-0.000000,0.000000,,,0.983764,2.384208,0.092904,0.052323,,,,0.021522,-0.999375,1.884156,,,,,,
213756,0.021549,-0.999477,1.882393,-0.000006,-1.006335,1.569608,0.022090,0.003181,-0.000000,0.000000,,,0.827739,2.006072,0.094616,0.055940,,,,,,,,,,,,
213759,,,,,,,,,,,1.534601,1.137868,,,,,0.000080,0.022619,-0.312785,,,,,,,,,
213766,,,,,,,,,0.027467,0.652434,,,0.696460,2.232452,0.095574,0.053000,,,,,,,,,,,,
213776,,,,,,,,,0.027467,0.652434,,,0.586001,2.422928,0.096868,0.050838,,,,0.021493,-0.998969,1.901212,,,,,,
213786,,,,,,,,,-0.000000,0.000000,,,0.493061,2.038651,0.098006,0.054501,,,,0.021510,-0.998857,1.904612,,,,,,
213796,,,,,,,,,0.027467,0.652434,,,0.414862,2.259864,0.099012,0.052064,,,,,,,,,,,,
213799,,,,,,,,,,,,,,,,,,,,0.021490,-0.998745,1.908023,,,,,,
213806,0.021495,-0.998806,1.905872,-0.000005,-1.005381,1.569717,0.020066,0.002478,-0.000000,0.000000,,,0.349064,1.901450,0.099907,0.055496,,,,,,,,,,,,
213809,,,,,,,,,,,1.621390,1.230677,,,,,0.000861,0.022467,-0.336155,,,,,,,,,
213816,,,,,,,,,-0.000000,0.000000,,,0.293703,1.599879,0.101594,0.059365,,,,,,,,,,,,
213826,,,,,,,,,0.027467,0.652434,,,0.247121,1.890682,0.102334,0.056325,,,,0.021443,-0.998474,1.911396,,,,,,
213836,,,,,,,,,-0.000000,0.000000,,,0.207928,1.590819,0.103009,0.059252,,,,0.021466,-0.998507,1.914800,,,,,,
213846,,,,,,,,,-0.000000,0.000000,,,0.174951,1.338515,0.103628,0.061754,,,,,,,,,,,,
213849,,,,,,,,,,,,,,,,,,,,0.021467,-0.998505,1.918183,,,,,,
213856,0.021430,-0.998422,1.919887,-0.000004,-1.004523,1.569800,0.018110,0.001901,0.027467,0.652434,,,0.147203,1.670770,0.104200,0.058343,,,,,,,,,,,,
213859,,,,,,,,,,,1.697485,1.327952,,,,,0.001598,0.022228,-0.350087,,,,,,,,,
213866,,,,,,,,,-0.000000,0.000000,,,0.123857,1.405785,0.105509,0.061950,,,,,,,,,,,,
213876,,,,,,,,,0.027467,0.652434,,,0.104213,1.727371,0.106025,0.058654,,,,0.021349,-0.998034,1.924918,,,,,,
213886,,,,,,,,,-0.000000,0.000000,,,0.087685,1.453409,0.106512,0.061369,,,,0.021294,-0.997895,1.928289,,,,,,
213896,,,,,,,,,0.027467,0.652434,,,0.073778,1.767442,0.106976,0.058141,,,,0.021236,-0.997755,1.931656,,,,,,
213906,0.021252,-0.997811,1.930668,-0.000003,-1.003757,1.569862,0.016227,0.001434,-0.000000,0.000000,,,0.062077,1.487125,0.107420,0.060912,,,,,,,,,,,,
213909,,,,,,,,,,,1.660284,1.317335,,,,,0.001920,0.021988,-0.360806,0.021236,-0.997636,1.935018,,,,,,
213916,,,,,,,,,0.027467,0.652434,,,0.052231,1.795810,0.107468,0.057623,,,,0.021206,-0.997451,1.938357,,,,,,
213926,,,,,,,,,-0.000000,0.000000,,,0.043948,1.510994,0.107874,0.060433,,,,0.021157,-0.997302,1.941732,,,,,,
213936,,,,,,,,,0.027467,0.652434,,,0.036977,1.815894,0.108268,0.057284,,,,0.021137,-0.997167,1.945063,,,,,,
213946,,,,,,,,,-0.000000,0.000000,,,0.031113,1.527893,0.108653,0.060122,,,,0.021120,-0.997084,1.948410,,,,,,
213956,0.021089,-0.997038,1.949659,-0.000003,-1.003079,1.569907,0.014424,0.001060,0.027467,0.652434,,,0.026178,1.830112,0.109029,0.056997,,,,,,,,,,,,
213959,,,,,,,,,,,1.613853,1.291720,,,,,0.002188,0.021830,-0.379752,0.021112,-0.997006,1.951773,,,,,,
213966,,,,,,,,,-0.000000,0.000000,,,0.022026,1.539856,0.108924,0.059594,,,,0.021077,-0.996880,1.951773,,,,,,
213976,,,,,,,,,0.027467,0.652434,,,0.018533,1.840178,0.109278,0.056481,,,,0.021041,-0.996739,1.955093,,,,,,
213986,,,,,,,,,-0.000000,0.000000,,,0.015594,1.548325,0.109628,0.059348,,,,0.021012,-0.996583,1.961761,,,,,,
213996,,,,,,,,,0.027467,0.652434,,,0.013121,1.847304,0.109972,0.056247,,,,0.020963,-0.996414,1.961762,,,,,,
214006,0.020974,-0.996466,1.960746,-0.000002,-1.002485,1.569939,0.012706,0.000766,-0.000000,0.000000,,,0.011040,1.554321,0.110314,0.059125,,,,,,,,,,,,
214009,,,,,,,,,,,1.557672,1.264748,,,,,0.002407,0.021689,-0.390807,,,,,,,,,
214016,,,,,,,,,0.027467,0.652434,,,0.009289,1.852349,0.110079,0.055757,,,,,,,,,,,,
214026,,,,,,,,,-0.000000,0.000000,,,0.007816,1.558566,0.110404,0.058636,,,,0.020859,-0.996064,1.971736,,,,,,
214036,,,,,,,,,-0.000000,0.000000,,,0.006576,1.311377,0.110726,0.061099,,,,0.020838,-0.995991,1.975054,,,,,,
214046,,,,,,,,,0.027467,0.652434,,,0.005533,1.647936,0.111047,0.057656,,,,0.020818,-0.995900,1.975052,,,,,,
214056,0.020831,-0.995947,1.973852,-0.000002,-1.001970,1.569962,0.011076,0.000540,-0.000000,0.000000,,,0.004656,1.386573,0.111367,0.060246,,,,,,,,,,,,
214059,,,,,,,,,,,1.508933,1.244421,,,,,0.002632,0.021526,-0.403890,0.020811,-0.995760,1.978366,,,,,,
214066,,,,,,,,,0.027467,0.652434,,,0.003917,1.711206,0.111188,0.056703,,,,0.020779,-0.995650,1.981677,,,,,,
214076,,,,,,,,,-0.000000,0.000000,,,0.003296,1.439808,0.111495,0.059378,,,,0.020736,-0.995559,1.984983,,,,,,
214086,,,,,,,,,-0.000000,0.000000,,,0.002773,1.211454,0.111801,0.061668,,,,0.020699,-0.995484,1.984983,,,,,,
214096,,,,,,,,,-0.000000,0.000000,,,0.002333,1.019318,0.112107,0.063634,,,,0.020682,-0.995433,1.988286,,,,,,
214106,0.020648,-0.995371,1.989813,-0.000001,-1.001529,1.569977,0.009540,0.000369,0.027467,0.652434,,,0.001963,1.402197,0.112412,0.059774,,,,,,,,,,,,
214109,,,,,,,,,,,1.443806,1.206619,,,,,0.002776,0.021368,-0.419836,0.020667,-0.995387,1.988286,,,,,,
214116,,,,,,,,,-0.000000,0.000000,,,0.001652,1.179808,0.112053,0.061625,,,,0.020662,-0.995369,1.991586,,,,,,
214126,,,,,,,,,-0.000000,0.000000,,,0.001390,0.992691,0.112344,0.063539,,,,0.020643,-0.995311,1.991609,,,,,,
214136,,,,,,,,,-0.000000,0.000000,,,0.001169,0.835250,0.112634,0.065188,,,,0.020620,-0.995247,1.994905,,,,,,
214146,,,,,,,,,0.027467,0.652434,,,0.000984,1.247322,0.112925,0.061059,,,,0.020587,-0.995106,1.998174,,,,,,
214156,0.020592,-0.995129,1.997473,-0.000001,-1.001158,1.569987,0.008103,0.000244,-0.000000,0.000000,,,0.000828,1.049497,0.113215,0.063068,,,,,,,,,,,,
214159,,,,,,,,,,,1.416802,1.211377,,,,,0.003034,0.021242,-0.427485,,,,,,,,,
214166,,,,,,,,,0.027467,0.652434,,,0.000697,1.427590,0.113229,0.059292,,,,,,,,,,,,
214176,,,,,,,,,-0.000000,0.000000,,,0.000586,1.201174,0.113514,0.061558,,,,0.020467,-0.994802,2.004749,,,,,,
214186,,,,,,,,,0.027467,0.652434,,,0.000493,1.555211,0.113798,0.057949,,,,0.020441,-0.994714,2.008031,,,,,,
214196,,,,,,,,,-0.000000,0.000000,,,0.000415,1.308554,0.114082,0.060396,,,,0.020412,-0.994522,2.014585,,,,,,
214206,0.020427,-0.994573,2.013149,-0.000001,-1.000851,1.569993,0.006768,0.000154,-0.000000,0.000000,,,0.000349,1.101017,0.114366,0.062494,,,,,,,,,,,,
214209,,,,,,,,,,,1.334795,1.156859,,,,,0.003071,0.021149,-0.443155,,,,,,,,,
214216,,,,,,,,,0.027467,0.652434,,,0.000294,1.470939,0.113813,0.058186,,,,,,,,,,,,
214226,,,,,,,,,-0.000000,0.000000,,,0.000247,1.237648,0.114081,0.060503,,,,0.020311,-0.994165,2.021126,,,,,,
214236,,,,,,,,,0.027467,0.652434,,,0.000208,1.585900,0.114348,0.056935,,,,0.020315,-0.994145,2.021126,,,,,,
214246,,,,,,,,,-0.000000,0.000000,,,0.000175,1.334376,0.114615,0.059414,,,,0.020281,-0.994079,2.024391,,,,,,
214256,0.020294,-0.994121,2.023447,-0.000000,-1.000602,1.569996,0.005540,0.000093,-0.000000,0.000000,,,0.000147,1.122744,0.114883,0.061538,,,,,,,,,,,,
214259,,,,,,,,,,,1.242786,1.093704,,,,,0.003047,0.021084,-0.453451,,,,,,,,,
214266,,,,,,,,,-0.000000,0.000000,,,0.000124,0.944676,0.114211,0.062717,,,,,,,,,,,,
214276,,,,,,,,,0.027467,0.652434,,,0.000104,1.339394,0.114460,0.058720,,,,0.020169,-0.993833,2.027653,,,,,,
214286,,,,,,,,,-0.000000,0.000000,,,0.000088,1.126966,0.114709,0.060838,,,,0.020149,-0.993742,2.030911,,,,,,
214296,,,,,,,,,0.027467,0.652434,,,0.000074,1.492772,0.114957,0.057100,,,,0.020121,-0.993610,2.034140,,,,,,
214306,0.020135,-0.993653,2.033242,-0.000000,-1.000407,1.569998,0.004424,0.000053,-0.000000,0.000000,,,0.000062,1.256018,0.115206,0.059435,,,,,,,,,,,,
214309,,,,,,,,,,,1.134521,1.012898,,,,,0.002938,0.021034,-0.463244,0.020072,-0.993490,2.037419,,,,,,
214316,,,,,,,,,0.027467,0.652434,,,0.000052,1.601357,0.114350,0.055056,,,,0.020024,-0.993384,2.040668,,,,,,
214326,,,,,,,,,-0.000000,0.000000,,,0.000044,1.347381,0.114577,0.057529,,,,0.019985,-0.993285,2.040668,,,,,,
214336,,,,,,,,,-0.000000,0.000000,,,0.000037,1.133687,0.114804,0.059642,,,,0.019968,-0.993211,2.043912,,,,,,
214346,,,,,,,,,-0.000000,0.000000,,,0.000031,0.953884,0.115031,0.061451,,,,0.019951,-0.993165,2.043912,,,,,,
214356,0.019914,-0.993103,2.045755,-0.000000,-1.000258,1.569999,0.003422,0.000027,0.027467,0.652434,,,0.000026,1.347141,0.115258,0.057452,,,,,,,,,,,,
214359,,,,,,,,,,,1.010102,0.913535,,,,,0.002744,0.020982,-0.475756,0.019963,-0.993122,2.047155,,,,,,
214366,,,,,,,,,-0.000000,0.000000,,,0.000022,1.133484,0.114216,0.058551,,,,0.019961,-0.993081,2.047155,,,,,,
214376,,,,,,,,,-0.000000,0.000000,,,0.000019,0.953713,0.114418,0.060341,,,,0.019940,-0.993050,2.050394,,,,,,
214386,,,,,,,,,-0.000000,0.000000,,,0.000016,0.802454,0.114620,0.061875,,,,0.019943,-0.992983,2.050394,,,,,,
214396,,,,,,,,,0.027467,0.652434,,,0.000013,1.219728,0.114822,0.057641,,,,0.019929,-0.992944,2.053630,,,,,,
214406,0.019928,-0.992957,2.052969,-0.000000,-1.000150,1.570000,0.002540,0.000013,-0.000000,0.000000,,,0.000011,1.026279,0.115024,0.059553,,,,,,,,,,,,
214409,,,,,,,,,,,0.983529,0.910789,,,,,0.002868,0.020991,-0.482969,,,,,,,,,
214416,,,,,,,,,-0.000000,0.000000,,,0.000009,0.863511,0.114955,0.061163,,,,,,,,,,,,
214426,,,,,,,,,-0.000000,0.000000,,,0.000008,0.726558,0.115152,0.062569,,,,0.019789,-0.992659,2.060063,,,,,,
214436,,,,,,,,,0.027467,0.652434,,,0.000007,1.155869,0.115349,0.058227,,,,0.019752,-0.992563,2.060065,,,,,,
214446,,,,,,,,,-0.000000,0.000000,,,0.000006,0.972548,0.115545,0.060048,,,,0.019720,-0.992544,2.060063,,,,,,
214456,0.019737,-0.992578,2.059468,-0.000000,-1.000078,1.570000,0.001782,0.000005,-0.000000,0.000000,,,0.000005,0.818302,0.115742,0.061609,,,,,,,,,,,,
214459,,,,,,,,,,,0.867691,0.815988,,,,,0.002644,0.020948,-0.489468,,,,,,,,,
214466,,,,,,,,,-0.000000,0.000000,,,0.000004,0.688519,0.114757,0.061984,,,,,,,,,,,,
214476,,,,,,,,,0.027467,-0.652434,,,0.544547,0.579320,0.109376,0.063124,,,,0.019700,-0.992487,2.056863,,,,,,
214486,,,,,,,,,-0.000000,0.000000,,,0.458181,0.487440,0.110322,0.064108,,,,0.019651,-0.992423,2.056863,,,,,,
214496,,,,,,,,,0.027467,-0.652434,,,0.930057,0.410132,0.105591,0.064962,,,,0.019559,-0.992244,2.053630,,,,,,
214506,0.019574,-0.992272,2.054120,-0.000000,-1.000033,1.570000,0.001152,0.000002,-0.000000,0.000000,,,0.782550,0.345085,0.107083,0.065707,,,,,,,,,,,,
214509,,,,,,,,,,,0.705880,0.672793,,,,,0.002224,0.020939,-0.484120,0.019452,-0.992075,2.047178,,,,,,
214516,,,,,,,,,0.027467,-0.652434,,,1.202981,0.290354,0.101161,0.064899,,,,0.019374,-0.991929,2.043913,,,,,,
214526,,,,,,,,,0.027467,-0.652434,,,1.556731,0.244304,0.097453,0.065445,,,,0.019286,-0.991770,2.040668,,,,,,
214536,,,,,,,,,-0.000000,0.000000,,,1.309833,0.205557,0.099802,0.065926,,,,0.019188,-0.991617,2.037419,,,,,,
214546,,,,,,,,,-0.000000,0.000000,,,1.102093,0.172956,0.101800,0.066352,,,,0.019121,-0.991494,2.034167,,,,,,
214556,0.019107,-0.991456,2.033104,-0.000000,-1.000010,1.570000,0.000655,0.000000,0.027467,-0.652434,,,1.471844,0.145525,0.097949,0.066732,,,,,,,,,,,,
214559,,,,,,,,,,,0.289283,0.271237,,,,,0.000866,0.020916,-0.463104,,,,,,,,,
214566,,,,,,,,,0.027467,0.652434,,,1.238410,0.666988,0.095928,0.057423,,,,,,,,,,,,
214576,,,,,,,,,-0.000000,0.000000,,,1.041998,0.561204,0.097741,0.058422,,,,0.018942,-0.991122,2.034188,,,,,,
214586,,,,,,,,,0.027467,-0.652434,,,1.421280,0.472197,0.093722,0.059272,,,,0.018845,-0.990933,2.030932,,,,,,
214596,,,,,,,,,0.027467,-0.652434,,,1.740408,0.397306,0.090240,0.059996,,,,0.018733,-0.990745,2.027693,,,,,,
214606,0.018712,-0.990703,2.030885,-0.000000,-1.000001,1.570000,0.000294,0.000000,0.027467,0.652434,,,1.464379,0.878837,0.092766,0.055059,,,,,,,,,,,,
214609,,,,,,,,,,,0.014035,0.005972,,,,,-0.000023,0.020895,-0.460885,,,,,,,,,
214616,,,,,,,,,0.027467,-0.652434,,,1.776672,0.739453,0.086538,0.053654,,,,,,,,,,,,
214626,,,,,,,,,-0.000000,0.000000,,,1.494891,0.622176,0.089059,0.054703,,,,0.018399,-0.990046,2.024435,,,,,,
214636,,,,,,,,,0.027467,0.652434,,,1.257801,1.068042,0.091182,0.050032,,,,0.018310,-0.989810,2.027702,,,,,,
214646,,,,,,,,,-0.000000,0.000000,,,1.058314,0.898650,0.092968,0.051547,,,,0.018232,-0.989636,2.030955,,,,,,
214656,0.018220,-0.989623,2.033687,-0.000000,-1.000000,1.570000,0.000074,0.000000,0.027467,0.652434,,,0.890465,1.300667,0.094471,0.047268,,,,,,,,,,,,
214659,,,,,,,,,,,-0.318014,-0.320055,,,,,-0.001149,0.020936,-0.463687,,,,,,,,,
214666,,,,,,,,,-0.000000,0.000000,,,0.749237,1.094381,0.092349,0.045788,,,,,,,,,,,,
214676,,,,,,,,,-0.000000,0.000000,,,0.630408,0.920812,0.093348,0.047276,,,,0.018125,-0.989342,2.037444,,,,,,
214686,,,,,,,,,-0.000000,0.000000,,,0.530425,0.774771,0.094178,0.048517,,,,0.018107,-0.989299,2.040690,,,,,,
214696,,,,,,,,,-0.000000,0.000000,,,0.446300,0.651892,0.094866,0.049551,,,,0.018103,-0.989276,2.040690,,,,,,
214706,,,,,,,,,-0.000000,0.000000,,,0.375517,0.548502,0.095435,0.050412,,,,,,,,,,,,
