ts,x,y,yaw,x_des,y_des,yaw_des,v_ff,w_ff,v_actual,w_actual,omega_l_cmd,omega_r_cmd,omega_l_meas,omega_r_meas,duty_l,duty_r,x_err,y_err,yaw_err,x_raw,y_raw,yaw_raw,acc_x,acc_y,acc_z,gyro_x,gyro_y,gyro_z
224374,,,,,,,,,-0.000000,0.000000,,,0.000000,0.000000,0.000000,0.000000,,,,,,,,,,,,
224378,,,,,,,,,,,,,,,,,,,,0.016694,-0.987153,1.978368,,,,,,
224384,,,,,,,,,-0.000000,0.000000,,,0.000000,0.000000,0.000000,0.000000,,,,,,,,,,,,
224388,,,,,,,,,,,,,,,,,,,,0.016697,-0.987149,1.978366,,,,,,
224393,,,,,,,,,-0.000000,0.000000,,,0.000000,0.000000,0.000000,0.000000,,,,,,,,,,,,
224404,,,,,,,,,-0.000000,0.000000,,,0.000000,0.000000,0.000000,0.000000,,,,,,,,,,,,
224413,,,,,,,,,-0.000000,0.000000,,,0.000000,0.000000,0.000000,0.000000,,,,,,,,,,,,
224418,,,,,,,,,,,,,,,,,,,,0.016689,-0.987145,1.978368,,,,,,
224422,0.016689,-0.987145,1.976247,0.000000,-0.999996,1.565612,0.000034,-0.003466,-0.000000,0.000000,-1.458391,-1.477466,0.000000,0.000000,-0.014876,-0.015070,-0.005226,0.020404,-0.410635,,,,,,,,,
224428,,,,,,,,,,,,,,,,,,,,0.016690,-0.987145,1.978366,,,,,,
224434,,,,,,,,,-0.000000,0.000000,,,0.000000,0.000000,-0.015167,-0.015366,,,,,,,,,,,,
224438,,,,,,,,,,,,,,,,,,,,0.016698,-0.987144,1.978366,,,,,,
224444,,,,,,,,,-0.000000,0.000000,,,0.000000,0.000000,-0.015459,-0.015661,,,,,,,,,,,,
224454,,,,,,,,,-0.000000,0.000000,,,0.000000,0.000000,-0.015751,-0.015957,,,,,,,,,,,,
224463,,,,,,,,,-0.000000,0.000000,,,0.000000,0.000000,-0.016042,-0.016252,,,,,,,,,,,,
224468,,,,,,,,,,,,,,,,,,,,0.016697,-0.987145,1.978368,,,,,,
224472,0.016697,-0.987145,1.978191,0.000000,-0.999985,1.555486,0.000134,-0.083539,-0.000000,0.000000,-1.225832,-1.668841,0.000000,0.000000,-0.013962,-0.018500,-0.005173,0.020417,-0.422705,,,,,,,,,
224479,,,,,,,,,,,,,,,,,,,,0.016694,-0.987146,1.978368,,,,,,
224484,,,,,,,,,-0.000000,0.000000,,,0.000000,0.000000,-0.014207,-0.018833,,,,,,,,,,,,
224488,,,,,,,,,,,,,,,,,,,,0.016693,-0.987145,1.978368,,,,,,
224494,,,,,,,,,-0.000000,0.000000,,,0.000000,0.000000,-0.014452,-0.019167,,,,,,,,,,,,
224504,,,,,,,,,-0.000000,0.000000,,,0.000000,0.000000,-0.014697,-0.019501,,,,,,,,,,,,
224513,,,,,,,,,-0.000000,0.000000,,,0.000000,0.000000,-0.014943,-0.019835,,,,,,,,,,,,
224518,,,,,,,,,,,,,,,,,,,,0.016697,-0.987146,1.978368,,,,,,
224522,0.016697,-0.987146,1.978353,0.000001,-0.999965,1.536440,0.000298,-0.255090,-0.000000,0.000000,-0.756873,-2.107140,0.000000,0.000000,-0.010404,-0.024639,-0.005151,0.020410,-0.441913,,,,,,,,,
224528,,,,,,,,,,,,,,,,,,,,0.016697,-0.987144,1.978368,,,,,,
224534,,,,,,,,,-0.000000,0.000000,,,0.000000,0.000000,-0.010556,-0.025061,,,,,,,,,,,,
224538,,,,,,,,,,,,,,,,,,,,0.016698,-0.987144,1.978368,,,,,,
224544,,,,,,,,,-0.000000,0.000000,,,0.000000,0.000000,-0.010707,-0.025482,,,,,,,,,,,,
224554,,,,,,,,,-0.000000,0.000000,,,0.000000,0.000000,-0.010858,-0.025903,,,,,,,,,,,,
224564,,,,,,,,,-0.000000,0.000000,,,0.000000,0.000000,-0.011010,-0.026325,,,,,,,,,,,,
224568,,,,,,,,,,,,,,,,,,,,0.016691,-0.987144,1.978368,,,,,,
224572,0.016691,-0.987144,1.978366,0.000002,-0.999931,1.506435,0.000528,-0.468090,-0.000000,0.000000,-0.172777,-2.650918,0.000000,0.000000,-0.005203,-0.032293,-0.005124,0.020391,-0.471931,,,,,,,,,
224578,,,,,,,,,,,,,,,,,,,,0.016690,-0.987144,1.978368,,,,,,
224584,,,,,,,,,-0.000000,0.000000,,,0.000000,0.000000,-0.005238,-0.032823,,,,,,,,,,,,
224588,,,,,,,,,,,,,,,,,,,,0.016693,-0.987148,1.978368,,,,,,
224594,,,,,,,,,-0.000000,0.000000,,,0.000000,0.000000,-0.005273,-0.033353,,,,,,,,,,,,
224604,,,,,,,,,-0.000000,0.000000,,,0.000000,0.000000,-0.005307,-0.033883,,,,,,,,,,,,
224613,,,,,,,,,-0.000000,0.000000,,,0.000000,0.000000,-0.005342,-0.034414,,,,,,,,,,,,
224618,,,,,,,,,,,,,,,,,,,,0.016693,-0.987142,1.978366,,,,,,
224622,0.016693,-0.987142,1.978366,0.000007,-0.999880,1.464226,0.000829,-0.709204,-0.000000,0.000000,0.494991,-3.262407,0.000000,0.000000,0.001435,-0.041181,-0.005080,0.020368,-0.514141,,,,,,,,,
224628,,,,,,,,,,,,,,,,,,,,0.016692,-0.987141,1.978366,,,,,,
224634,,,,,,,,,-0.000000,0.000000,,,0.000000,0.000000,0.001534,-0.041833,,,,,,,,,,,,
224643,,,,,,,,,-0.000000,0.000000,,,0.000000,0.000000,0.001633,-0.042486,,,,0.016693,-0.987141,1.978366,,,,,,
224654,,,,,,,,,-0.000000,0.000000,,,0.000000,0.000000,0.001732,-0.043138,,,,,,,,,,,,
224664,,,,,,,,,-0.000000,0.000000,,,0.000000,0.000000,0.001831,-0.043791,,,,,,,,,,,,
224668,,,,,,,,,,,,,,,,,,,,0.016690,-0.987144,1.978366,,,,,,
224672,0.016690,-0.987144,1.978366,0.000016,-0.999808,1.409546,0.001216,-0.963260,-0.000000,0.000000,1.207675,-3.902062,0.000000,0.000000,0.009199,-0.050968,-0.005018,0.020329,-0.568820,,,,,,,,,
224678,,,,,,,,,,,,,,,,,,,,0.016691,-0.987146,1.978366,,,,,,
224684,,,,,,,,,-0.000000,0.000000,,,0.000000,0.000000,0.009441,-0.051748,,,,,,,,,,,,
224688,,,,,,,,,,,,,,,,,,,,0.016691,-0.987151,1.978368,,,,,,
224694,,,,,,,,,-0.000000,0.000000,,,0.000000,0.000000,0.009682,-0.052529,,,,,,,,,,,,
224704,,,,,,,,,-0.000000,0.000000,,,0.000000,0.000000,0.009924,-0.053309,,,,,,,,,,,,
224713,,,,,,,,,-0.000000,0.000000,,,0.000000,0.000000,0.010166,-0.054089,,,,,,,,,,,,
224718,,,,,,,,,,,,,,,,,,,,0.016690,-0.987145,1.978368,,,,,,
224722,0.016690,-0.987145,1.978368,0.000036,-0.999710,1.343222,0.001709,-1.210521,-0.027467,-0.652434,1.914898,-4.518405,0.000000,-0.544543,0.017621,-0.055602,-0.004934,0.020271,-0.635146,,,,,,,,,
224728,,,,,,,,,,,,,,,,,,,,0.016692,-0.987144,1.978366,,,,,,
224734,,,,,,,,,-0.000000,0.000000,,,0.000000,-0.458179,0.018004,-0.057278,,,,,,,,,,,,
224738,,,,,,,,,,,,,,,,,,,,0.016696,-0.987145,1.978366,,,,,,
224744,,,,,,,,,-0.027467,-0.652434,,,0.000000,-0.930055,0.018387,-0.053277,,,,,,,,,,,,
224748,,,,,,,,,,,,,,,,,,,,0.016699,-0.987145,1.978368,,,,,,
224754,,,,,,,,,-0.000000,0.000000,,,0.000000,-0.782548,0.018770,-0.055499,,,,,,,,,,,,
224758,,,,,,,,,,,,,,,,,,,,0.016695,-0.987182,1.975054,,,,,,
224764,,,,,,,,,-0.000000,0.000000,,,0.000000,-0.658436,0.019153,-0.057512,,,,,,,,,,,,
224768,,,,,,,,,,,,,,,,,,,,0.016723,-0.987286,1.975054,,,,,,
224772,0.016721,-0.987274,1.975332,0.000072,-0.999578,1.267179,0.002340,-1.429231,-0.000000,0.000000,2.580918,-5.035037,0.000000,-0.554008,0.026329,-0.064619,-0.004758,0.020148,-0.708153,,,,,,,,,
224778,,,,,,,,,,,,,,,,,,,,0.016774,-0.987378,1.971736,,,,,,
224784,,,,,,,,,-0.000000,0.000000,,,0.000000,-0.466142,0.026845,-0.066411,,,,,,,,,,,,
224788,,,,,,,,,,,,,,,,,,,,0.016790,-0.987436,1.971736,,,,,,
224794,,,,,,,,,-0.027467,-0.652434,,,0.000000,-0.936755,0.027361,-0.062525,,,,,,,,,,,,
224804,,,,,,,,,-0.000000,0.000000,,,0.000000,-0.788186,0.027878,-0.064860,,,,,,,,,,,,
224814,,,,,,,,,-0.027467,-0.652434,,,0.000000,-1.207722,0.028394,-0.061430,,,,,,,,,,,,
224818,,,,,,,,,,,,,,,,,,,,0.016837,-0.987521,1.965090,,,,,,
224822,0.016871,-0.987607,1.963212,0.000134,-0.999406,1.184303,0.003156,-1.598576,-0.000000,0.000000,3.149642,-5.400883,0.000000,-1.016178,0.034711,-0.067881,-0.004501,0.019977,-0.778909,,,,,,,,,
224828,,,,,,,,,,,,,,,,,,,,0.016884,-0.987683,1.961761,,,,,,
224834,,,,,,,,,-0.000000,0.000000,,,0.000000,-0.855012,0.035341,-0.070402,,,,,,,,,,,,
224838,,,,,,,,,,,,,,,,,,,,0.016948,-0.987866,1.961782,,,,,,
224844,,,,,,,,,-0.000000,0.000000,,,0.000000,-0.719407,0.035971,-0.072694,,,,,,,,,,,,
224854,,,,,,,,,-0.027467,-0.652434,,,0.000000,-1.149852,0.036601,-0.069240,,,,,,,,,,,,
224864,,,,,,,,,-0.000000,0.000000,,,0.000000,-0.967485,0.037231,-0.071950,,,,,,,,,,,,
224868,,,,,,,,,,,,,,,,,,,,0.016980,-0.988055,1.951754,,,,,,
224872,0.016971,-0.988017,1.952715,0.000236,-0.999184,1.098155,0.004220,-1.701890,-0.027467,-0.652434,3.590268,-5.564315,0.000000,-1.358585,0.042355,-0.070515,-0.004125,0.019691,-0.854560,,,,,,,,,
224879,,,,,,,,,,,,,,,,,,,,0.017007,-0.988163,1.951754,,,,,,
224884,,,,,,,,,-0.000000,0.000000,,,0.000000,-1.143113,0.043073,-0.073554,,,,,,,,,,,,
224888,,,,,,,,,,,,,,,,,,,,0.017065,-0.988324,1.948410,,,,,,
224894,,,,,,,,,-0.027467,-0.652434,,,0.000000,-1.506359,0.043791,-0.070733,,,,,,,,,,,,
224904,,,,,,,,,-0.027467,-0.652434,,,0.000000,-1.811993,0.044509,-0.068427,,,,,,,,,,,,
224914,,,,,,,,,-0.027467,-0.652434,,,0.000000,-2.069154,0.045227,-0.066554,,,,,,,,,,,,
224918,,,,,,,,,,,,,,,,,,,,0.017215,-0.988828,1.934998,,,,,,
224925,0.017235,-0.988867,1.933747,0.000397,-0.998902,1.012557,0.005618,-1.729630,-0.000000,0.000000,3.945969,-5.435301,0.000000,-1.740986,0.049573,-0.069285,-0.003403,0.019304,-0.921190,,,,,,,,,
224928,,,,,,,,,,,,,,,,,,,,0.017272,-0.989082,1.928269,,,,,,
224934,,,,,,,,,-0.027467,-0.652434,,,0.000000,-2.009408,0.050363,-0.067286,,,,,,,,,,,,
224938,,,,,,,,,,,,,,,,,,,,0.017351,-0.989331,1.924918,,,,,,
224944,,,,,,,,,-0.027467,-0.652434,,,0.000000,-2.235259,0.051152,-0.065667,,,,,,,,,,,,
224954,,,,,,,,,-0.027467,-0.652434,,,0.000000,-2.425290,0.051941,-0.064369,,,,,,,,,,,,
224963,,,,,,,,,-0.000000,0.000000,,,0.000000,-2.040639,0.052730,-0.068894,,,,,,,,,,,,
224968,,,,,,,,,,,,,,,,,,,,0.017406,-0.989821,1.907987,,,,,,
224972,0.017391,-0.989741,1.910149,0.000641,-0.998547,0.931143,0.007460,-1.681186,-0.027467,-0.652434,4.109852,-5.123963,0.000000,-2.261536,0.055191,-0.064144,-0.002728,0.018726,-0.979006,,,,,,,,,
224978,,,,,,,,,,,,,,,,,,,,0.017479,-0.990006,1.904590,,,,,,
224984,,,,,,,,,-0.027467,-0.652434,,,0.000000,-2.447400,0.056013,-0.062821,,,,,,,,,,,,
224988,,,,,,,,,,,,,,,,,,,,0.017552,-0.990286,1.901214,,,,,,
224994,,,,,,,,,-0.000000,0.000000,,,0.000000,-2.059242,0.056835,-0.067316,,,,,,,,,,,,
225004,,,,,,,,,-0.027467,-0.652434,,,0.000000,-2.277189,0.057657,-0.065706,,,,,,,,,,,,
225014,,,,,,,,,-0.027467,-0.652434,,,0.000000,-2.460570,0.058479,-0.064404,,,,,,,,,,,,
225018,,,,,,,,,,,,,,,,,,,,0.017646,-0.990898,1.884155,,,,,,
225022,0.017661,-0.990910,1.883599,0.000998,-0.998103,0.856980,0.009881,-1.564603,-0.027467,-0.652434,4.218042,-4.543896,0.000000,-2.614866,0.060404,-0.057447,-0.001716,0.018068,-1.026618,,,,,,,,,
225028,,,,,,,,,,,,,,,,,,,,0.017668,-0.991068,1.880712,,,,,,
225034,,,,,,,,,-0.000000,0.000000,,,0.000000,-2.200148,0.061248,-0.062063,,,,,,,,,,,,
225043,,,,,,,,,-0.027467,-0.652434,,,0.000000,-2.395747,0.062092,-0.060536,,,,0.017697,-0.991252,1.873852,,,,,,
225054,,,,,,,,,-0.000000,0.000000,,,0.000000,-2.015782,0.062935,-0.064841,,,,,,,,,,,,
225064,,,,,,,,,-0.027467,-0.652434,,,0.000000,-2.240622,0.063779,-0.063054,,,,,,,,,,,,
225068,,,,,,,,,,,,,,,,,,,,0.017833,-0.991775,1.866973,,,,,,
225072,0.017852,-0.991813,1.865630,0.001508,-0.997555,0.792350,0.013040,-1.394065,-0.027467,-0.652434,4.205689,-3.847098,0.000000,-2.429802,0.064496,-0.054477,-0.000745,0.017307,-1.073280,,,,,,,,,
225078,,,,,,,,,,,,,,,,,,,,0.017804,-0.991788,1.863528,,,,,,
225084,,,,,,,,,-0.000000,0.000000,,,0.000000,-2.044435,0.065338,-0.058692,,,,,,,,,,,,
225088,,,,,,,,,,,,,,,,,,,,0.017801,-0.991848,1.856598,,,,,,
225094,,,,,,,,,-0.027467,-0.652434,,,0.000000,-2.264730,0.066179,-0.056805,,,,,,,,,,,,
225104,,,,,,,,,-0.000000,0.000000,,,0.000000,-1.905544,0.067020,-0.060785,,,,,,,,,,,,
225113,,,,,,,,,-0.000000,0.000000,,,0.000000,-1.603324,0.067861,-0.064256,,,,,,,,,,,,
225118,,,,,,,,,,,,,,,,,,,,0.017910,-0.992472,1.849720,,,,,,
225122,0.017905,-0.992417,1.851056,0.002216,-0.996877,0.738720,0.017114,-1.186176,-0.027467,-0.652434,4.089657,-3.112925,0.000000,-1.893580,0.067519,-0.054256,0.000053,0.016311,-1.112335,,,,,,,,,
225128,,,,,,,,,,,,,,,,,,,,0.017952,-0.992556,1.846254,,,,,,
225134,,,,,,,,,-0.000000,0.000000,,,0.000000,-1.593258,0.068337,-0.057563,,,,,,,,,,,,
225139,,,,,,,,,,,,,,,,,,,,0.017941,-0.992544,1.842760,,,,,,
225144,,,,,,,,,-0.000000,0.000000,,,0.000000,-1.340567,0.069154,-0.060444,,,,,,,,,,,,
225154,,,,,,,,,-0.000000,0.000000,,,0.000000,-1.127953,0.069972,-0.062967,,,,,,,,,,,,
225164,,,,,,,,,-0.000000,0.000000,,,0.000000,-0.949059,0.070790,-0.065189,,,,,,,,,,,,
225168,,,,,,,,,,,,,,,,,,,,0.017970,-0.992664,1.842759,,,,,,
225172,0.017965,-0.992643,1.843455,0.003175,-0.996044,0.696859,0.022287,-0.956458,-0.027467,-0.652434,3.924974,-2.380400,0.000000,-1.343082,0.069928,-0.054131,0.000707,0.015159,-1.146596,,,,,,,,,
225178,,,,,,,,,,,,,,,,,,,,0.017976,-0.992692,1.839282,,,,,,
225184,,,,,,,,,-0.000000,0.000000,,,0.000000,-1.130069,0.070713,-0.056511,,,,,,,,,,,,
225188,,,,,,,,,,,,,,,,,,,,0.017970,-0.992689,1.839282,,,,,,
225194,,,,,,,,,-0.000000,0.000000,,,0.000000,-0.950840,0.071498,-0.058590,,,,,,,,,,,,
225204,,,,,,,,,-0.027467,-0.652434,,,0.000000,-1.344580,0.072283,-0.054859,,,,,,,,,,,,
225213,,,,,,,,,-0.000000,0.000000,,,0.000000,-1.131329,0.073068,-0.057242,,,,,,,,,,,,
225224,0.017970,-0.992685,1.839632,0.004440,-0.995020,0.667025,0.028741,-0.717152,-0.000000,0.000000,3.791512,-1.643098,0.000000,-0.951900,0.072492,-0.051801,0.001343,0.013664,-1.172607,0.017983,-0.992972,1.832314,,,,,,
225228,,,,,,,,,,,,,,,,,,,,0.017984,-0.993176,1.832354,,,,,,
225234,,,,,,,,,-0.000000,0.000000,,,0.000000,-0.800929,0.073250,-0.053479,,,,,,,,,,,,
225239,,,,,,,,,,,,,,,,,,,,0.018009,-0.993221,1.832336,,,,,,
225244,,,,,,,,,-0.000000,0.000000,,,0.000000,-0.673901,0.074009,-0.054943,,,,,,,,,,,,
225254,,,,,,,,,-0.000000,0.000000,,,0.000000,-0.567020,0.074767,-0.056227,,,,,,,,,,,,
225264,,,,,,,,,-0.000000,0.000000,,,0.000000,-0.477091,0.075525,-0.057360,,,,,,,,,,,,
225268,,,,,,,,,,,,,,,,,,,,0.017992,-0.993095,1.828845,,,,,,
225272,0.017990,-0.993060,1.829750,0.006073,-0.993761,0.649162,0.036639,-0.476448,-0.000000,0.000000,3.855625,-0.777976,0.000000,-0.401424,0.076938,-0.049541,0.002374,0.011699,-1.180588,,,,,,,,,
225283,,,,,,,,,-0.027467,-0.652434,,,0.000000,-0.882302,0.077709,-0.044711,,,,0.017995,-0.993134,1.828847,,,,,,
225288,,,,,,,,,,,,,,,,,,,,0.018002,-0.993170,1.828847,,,,,,
225294,,,,,,,,,-0.000000,0.000000,,,0.000000,-0.742368,0.078480,-0.046118,,,,,,,,,,,,
225304,,,,,,,,,-0.000000,0.000000,,,0.000000,-0.624629,0.079251,-0.047326,,,,,,,,,,,,
225314,,,,,,,,,-0.000000,0.000000,,,0.000000,-0.525562,0.080022,-0.048367,,,,,,,,,,,,
225318,,,,,,,,,,,,,,,,,,,,0.018018,-0.993145,1.828843,,,,,,
225322,0.018016,-0.993138,1.828919,0.008131,-0.992212,0.643076,0.046105,-0.238747,-0.000000,0.000000,4.014104,0.072814,0.000000,-0.442208,0.082410,-0.040589,0.003418,0.009321,-1.185844,,,,,,,,,
225328,,,,,,,,,,,,,,,,,,,,0.018000,-0.993158,1.828847,,,,,,
225334,,,,,,,,,-0.000000,0.000000,,,0.000000,-0.372074,0.083213,-0.041202,,,,,,,,,,,,
225338,,,,,,,,,,,,,,,,,,,,0.017999,-0.993187,1.828850,,,,,,
225344,,,,,,,,,-0.000000,0.000000,,,0.000000,-0.313063,0.084015,-0.041715,,,,,,,,,,,,
225354,,,,,,,,,-0.000000,0.000000,,,0.000000,-0.263411,0.084818,-0.042144,,,,,,,,,,,,
225364,,,,,,,,,-0.000000,0.000000,,,0.000000,-0.221634,0.085621,-0.042503,,,,,,,,,,,,
225368,,,,,,,,,,,,,,,,,,,,0.017982,-0.993202,1.828847,,,,,,
225372,0.017985,-0.993197,1.828853,0.010667,-0.990305,0.648562,0.057212,-0.005412,-0.000000,0.000000,4.351766,0.993788,0.000000,-0.186483,0.089868,-0.033409,0.004664,0.006337,-1.180291,,,,,,,,,
225378,,,,,,,,,,,,,,,,,,,,0.017988,-0.993199,1.828847,,,,,,
225384,,,,,,,,,-0.000000,0.000000,,,0.000000,-0.156907,0.090738,-0.033474,,,,,,,,,,,,
225388,,,,,,,,,,,,,,,,,,,,0.018001,-0.993188,1.828847,,,,,,
225394,,,,,,,,,-0.000000,0.000000,,,0.000000,-0.132021,0.091609,-0.033498,,,,,,,,,,,,
225404,,,,,,,,,-0.000000,0.000000,,,0.000000,-0.111083,0.092479,-0.033486,,,,,,,,,,,,
225414,,,,,,,,,-0.000000,0.000000,,,0.000000,-0.093465,0.093349,-0.033445,,,,,,,,,,,,
225418,,,,,,,,,,,,,,,,,,,,0.018009,-0.993174,1.828847,,,,,,
225422,0.018007,-0.993176,1.828848,0.013717,-0.987955,0.665496,0.069965,0.224402,-0.000000,0.000000,4.895059,2.025602,0.000000,-0.078641,0.099761,-0.022854,0.006142,0.002815,-1.163352,,,,,,,,,
225428,,,,,,,,,,,,,,,,,,,,0.018009,-0.993188,1.828847,,,,,,
225434,,,,,,,,,-0.000000,0.000000,,,0.000000,-0.066169,0.100740,-0.022561,,,,,,,,,,,,
225438,,,,,,,,,,,,,,,,,,,,0.018003,-0.993188,1.828847,,,,,,
225444,,,,,,,,,-0.000000,0.000000,,,0.000000,-0.055674,0.101719,-0.022249,,,,,,,,,,,,
225454,,,,,,,,,-0.000000,0.000000,,,0.000000,-0.046844,0.102698,-0.021923,,,,,,,,,,,,
225464,,,,,,,,,-0.000000,0.000000,,,0.000000,-0.039415,0.103677,-0.021584,,,,,,,,,,,,
225468,,,,,,,,,,,,,,,,,,,,0.018003,-0.993159,1.828847,,,,,,
225472,0.018004,-0.993161,1.828847,0.017299,-0.985063,0.693892,0.084301,0.452994,-0.000000,0.000000,5.699891,3.254152,0.000000,-0.033164,0.112866,-0.008704,0.008009,-0.001385,-1.134955,,,,,,,,,
225478,,,,,,,,,,,,,,,,,,,,0.018022,-0.993152,1.828845,,,,,,
225484,,,,,,,,,-0.000000,0.000000,,,0.000000,-0.027904,0.114006,-0.008100,,,,,,,,,,,,
225488,,,,,,,,,,,,,,,,,,,,0.018022,-0.993147,1.828823,,,,,,
225494,,,,,,,,,-0.000000,0.000000,,,0.000000,-0.023478,0.115146,-0.007489,,,,,,,,,,,,
225504,,,,,,,,,-0.000000,0.000000,,,0.000000,-0.019755,0.116286,-0.006871,,,,,,,,,,,,
225514,,,,,,,,,0.027467,-0.652434,,,0.544543,-0.016622,0.111871,-0.006249,,,,,,,,,,,,
225524,0.017992,-0.993036,1.826088,0.021401,-0.981513,0.733929,0.100082,0.683472,0.027467,-0.652434,6.791077,4.758293,1.002722,-0.013985,0.119359,0.009721,0.010289,-0.006208,-1.092159,0.018004,-0.993184,1.828850,,,,,,
225528,,,,,,,,,,,,,,,,,,,,0.018005,-0.993183,1.828847,,,,,,
225534,,,,,,,,,-0.000000,0.000000,,,0.843690,-0.011767,0.122139,0.010653,,,,,,,,,,,,
225538,,,,,,,,,,,,,,,,,,,,0.017989,-0.993185,1.825371,,,,,,
225544,,,,,,,,,0.027467,-0.652434,,,1.254424,-0.009901,0.119139,0.011588,,,,,,,,,,,,
225554,,,,,,,,,0.027467,-0.652434,,,1.600015,-0.008331,0.116721,0.012525,,,,,,,,,,,,
225564,,,,,,,,,-0.000000,0.000000,,,1.346253,-0.007009,0.120348,0.013465,,,,,,,,,,,,
225568,,,,,,,,,,,,,,,,,,,,0.017847,-0.992579,1.814833,,,,,,
225572,0.017859,-0.992617,1.815778,0.025972,-0.977172,0.785935,0.117122,0.919109,0.027467,-0.652434,8.203472,6.657120,1.677280,-0.005898,0.132467,0.033775,0.013016,-0.011617,-1.029843,,,,,,,,,
225583,,,,,,,,,0.027467,-0.652434,,,1.955806,-0.004962,0.130931,0.035098,,,,0.017754,-0.992327,1.811318,,,,,,
225588,,,,,,,,,,,,,,,,,,,,0.017668,-0.992149,1.804292,,,,,,
225594,,,,,,,,,0.027467,-0.652434,,,2.190159,-0.004175,0.129790,0.036422,,,,,,,,,,,,
225598,,,,,,,,,,,,,,,,,,,,0.017634,-0.991978,1.797231,,,,,,
225604,,,,,,,,,0.027467,-0.652434,,,2.387342,-0.003513,0.128981,0.037748,,,,,,,,,,,,
225608,,,,,,,,,,,,,,,,,,,,0.017582,-0.991755,1.790147,,,,,,
225614,,,,,,,,,0.027467,-0.652434,,,2.553253,-0.002956,0.128452,0.039074,,,,,,,,,,,,
225618,,,,,,,,,,,,,,,,,,,,0.017438,-0.991387,1.783001,,,,,,
225622,0.017447,-0.991378,1.783014,0.030917,-0.971896,0.850332,0.135216,1.162557,0.027467,-0.652434,9.999872,9.185481,2.692850,-0.002487,0.146482,0.066191,0.016208,-0.017271,-0.932682,,,,,,,,,
225628,,,,,,,,,,,,,,,,,,,,0.017348,-0.991117,1.775897,,,,,,
225634,,,,,,,,,0.082402,-0.652434,,,3.354850,0.542451,0.141191,0.062470,,,,,,,,,,,,
225643,,,,,,,,,0.054935,0.000000,,,3.367314,0.456418,0.142393,0.065076,,,,0.017270,-0.990776,1.765172,,,,,,
225654,,,,,,,,,0.054935,-1.304868,,,3.922344,0.928573,0.138058,0.062006,,,,,,,,,,,,
225664,,,,,,,,,0.027467,-0.652434,,,3.844803,0.781301,0.140064,0.065160,,,,,,,,,,,,
225668,,,,,,,,,,,,,,,,,,,,0.016994,-0.989587,1.739975,,,,,,
225672,0.017010,-0.989624,1.740849,0.036086,-0.965532,0.927514,0.154196,1.414718,0.082402,-0.652434,12.262576,12.521057,4.324103,1.201930,0.159486,0.096573,0.020517,-0.022878,-0.813335,,,,,,,,,
225678,,,,,,,,,,,,,,,,,,,,0.016904,-0.989001,1.732722,,,,,,
225684,,,,,,,,,0.082402,-0.652434,,,4.727386,1.555847,0.156960,0.095227,,,,,,,,,,,,
225688,,,,,,,,,,,,,,,,,,,,0.016758,-0.988384,1.725453,,,,,,
225694,,,,,,,,,0.082402,-0.652434,,,5.066709,1.853633,0.155006,0.094382,,,,,,,,,,,,
225704,,,,,,,,,0.054935,-1.304868,,,5.352214,1.559646,0.153533,0.099515,,,,,,,,,,,,
225714,,,,,,,,,0.109870,0.000000,,,5.592439,2.401372,0.152465,0.093121,,,,,,,,,,,,
225718,,,,,,,,,,,,,,,,,,,,0.016420,-0.985963,1.703482,,,,,,
225722,0.016392,-0.985816,1.706618,0.041276,-0.957922,1.017622,0.174004,1.673129,0.082402,-0.652434,14.388390,16.051043,5.794564,2.565058,0.173421,0.129482,0.024268,-0.028431,-0.688996,,,,,,,,,
225728,,,,,,,,,,,,,,,,,,,,0.016255,-0.984959,1.696112,,,,,,
225734,,,,,,,,,0.137337,-0.652434,,,6.509175,3.247326,0.167850,0.125220,,,,,,,,,,,,
225738,,,,,,,,,,,,,,,,,,,,0.016116,-0.983938,1.688720,,,,,,
225744,,,,,,,,,0.137337,-0.652434,,,7.110448,3.821386,0.163293,0.121925,,,,,,,,,,,,
225754,,,,,,,,,0.109870,-1.304868,,,7.616360,3.759857,0.159588,0.124998,,,,,,,,,,,,
225764,,,,,,,,,0.164805,0.000000,,,8.042034,4.797173,0.156601,0.116876,,,,,,,,,,,,
225768,,,,,,,,,,,,,,,,,,,,0.015580,-0.979937,1.670133,,,,,,
225772,0.015556,-0.979745,1.673195,0.046222,-0.948909,1.120231,0.194772,1.929920,0.192272,-0.652434,16.360088,19.849274,8.400196,5.669970,0.174328,0.148966,0.027540,-0.033657,-0.552964,,,,,,,,,
225778,,,,,,,,,,,,,,,,,,,,0.015410,-0.978420,1.666398,,,,,,
225784,,,,,,,,,0.164805,0.000000,,,9.246097,6.404342,0.167292,0.144312,,,,,,,,,,,,
225788,,,,,,,,,,,,,,,,,,,,0.015242,-0.976768,1.662652,,,,,,
225794,,,,,,,,,0.192272,-0.652434,,,9.957837,7.022242,0.161455,0.140698,,,,,,,,,,,,
225804,,,,,,,,,0.192272,-0.652434,,,10.556696,7.542143,0.156627,0.137960,,,,,,,,,,,,
225814,,,,,,,,,0.219740,0.000000,,,11.060575,8.524131,0.152648,0.130405,,,,,,,,,,,,
225824,0.015175,-0.976100,1.663537,0.050607,-0.938349,1.233966,0.216910,2.169968,0.192272,0.652434,19.249771,24.698761,10.939997,9.350375,0.184413,0.173708,0.034308,-0.038776,-0.429571,0.014673,-0.971123,1.651390,,,,,,
225828,,,,,,,,,,,,,,,,,,,,0.014565,-0.968734,1.647619,,,,,,
225834,,,,,,,,,0.247207,-0.652434,,,11.927628,10.045577,0.176001,0.169686,,,,,,,,,,,,
225838,,,,,,,,,,,,,,,,,,,,0.014408,-0.966540,1.647615,,,,,,
225844,,,,,,,,,0.219740,0.000000,,,12.214077,10.630520,0.174544,0.166650,,,,,,,,,,,,
225854,,,,,,,,,0.274675,0.000000,,,12.999639,11.667234,0.167938,0.158890,,,,,,,,,,,,
225864,,,,,,,,,0.274675,0.000000,,,13.660610,12.539526,0.162446,0.152599,,,,,,,,,,,,
225868,,,,,,,,,,,,,,,,,,,,0.013827,-0.959245,1.651389,,,,,,
225872,0.013835,-0.959512,1.652408,0.054063,-0.926109,1.356197,0.241147,2.370686,0.302142,0.652434,19.003916,26.708483,13.127666,12.728929,0.166492,0.173598,0.030012,-0.042817,-0.296211,,,,,,,,,
225883,,,,,,,,,0.274675,0.000000,,,14.312876,14.521921,0.155578,0.158105,,,,0.013730,-0.956484,1.655150,,,,,,
225888,,,,,,,,,,,,,,,,,,,,0.013590,-0.953730,1.655150,,,,,,
225894,,,,,,,,,0.302142,0.652434,,,15.310111,15.486002,0.146345,0.150709,,,,,,,,,,,,
225904,,,,,,,,,0.302142,0.652434,,,15.604641,16.297180,0.144079,0.144679,,,,,,,,,,,,
225914,,,,,,,,,0.302142,0.652434,,,15.852459,16.979704,0.142232,0.139800,,,,,,,,,,,,
225918,,,,,,,,,,,,,,,,,,,,0.012740,-0.944419,1.670129,,,,,,
225922,0.012710,-0.944423,1.671379,0.056186,-0.912081,1.483012,0.268514,2.505392,0.329610,0.000000,19.500198,29.115330,16.060972,17.553980,0.145797,0.160438,0.027813,-0.046504,-0.188367,,,,,,,,,
225928,,,,,,,,,,,,,,,,,,,,0.012417,-0.941160,1.670117,,,,,,
225934,,,,,,,,,0.302142,0.652434,,,16.780960,18.037176,0.139141,0.157821,,,,,,,,,,,,
225938,,,,,,,,,,,,,,,,,,,,0.012152,-0.938025,1.673847,,,,,,
225944,,,,,,,,,0.357077,0.652434,,,16.842213,18.988279,0.139060,0.150336,,,,,,,,,,,,
225954,,,,,,,,,0.302142,0.652434,,,17.438295,19.243996,0.133512,0.149753,,,,,,,,,,,,
225964,,,,,,,,,0.329610,1.304868,,,17.395296,20.003698,0.134363,0.143978,,,,,,,,,,,,
225968,,,,,,,,,,,,,,,,,,,,0.011027,-0.928131,1.692404,,,,,,
225972,0.010989,-0.928127,1.696115,0.056552,-0.896178,1.609620,0.300223,2.550949,0.357077,0.652434,20.347250,31.667414,17.903660,20.642912,0.138238,0.165312,0.026004,-0.049199,-0.086495,,,,,,,,,
225978,,,,,,,,,,,,,,,,,,,,0.010770,-0.924687,1.699785,,,,,,
225984,,,,,,,,,0.247207,-0.652434,,,17.786854,19.547115,0.139918,0.178694,,,,,,,,,,,,
225988,,,,,,,,,,,,,,,,,,,,0.010374,-0.921350,1.710810,,,,,,
225994,,,,,,,,,0.466947,3.262170,,,18.233116,21.892372,0.135879,0.157196,,,,,,,,,,,,
225998,,,,,,,,,,,,,,,,,,,,0.009867,-0.917975,1.718132,,,,,,
226004,,,,,,,,,0.329610,1.304868,,,18.064058,22.776585,0.138026,0.150132,,,,,,,,,,,,
226008,,,,,,,,,,,,,,,,,,,,0.009335,-0.914530,1.732707,,,,,,
226014,,,,,,,,,0.357077,0.652434,,,18.466356,22.976017,0.134379,0.149876,,,,,,,,,,,,
226018,,,,,,,,,,,,,,,,,,,,0.008974,-0.910878,1.743576,,,,,,
226022,0.008930,-0.910843,1.742330,0.054737,-0.878346,1.731139,0.337450,2.496820,0.357077,1.957303,21.715334,34.076363,18.260305,23.688364,0.150811,0.168920,0.024201,-0.050682,-0.011191,,,,,,,,,
226028,,,,,,,,,,,,,,,,,,,,0.008547,-0.907223,1.754403,,,,,,
226034,,,,,,,,,0.384545,1.304868,,,18.631477,24.287731,0.147716,0.164884,,,,,,,,,,,,
226044,,,,,,,,,0.384545,1.304868,,,18.943783,24.792040,0.145148,0.161698,,,,0.008034,-0.903745,1.768776,,,,,,
226054,,,,,,,,,0.357077,1.957303,,,18.662012,25.216364,0.148576,0.159226,,,,,,,,,,,,
226064,,,,,,,,,0.412012,1.957303,,,18.969473,25.573391,0.146051,0.157357,,,,,,,,,,,,
226068,,,,,,,,,,,,,,,,,,,,0.006111,-0.892714,1.821867,,,,,,
226072,0.005972,-0.892548,1.823403,0.050341,-0.858555,1.843410,0.381071,2.349868,0.384545,1.304868,23.836258,36.064720,19.228170,26.418337,0.165595,0.170720,0.021825,-0.051456,0.020007,,,,,,,,,
226078,,,,,,,,,,,,,,,,,,,,0.005233,-0.888657,1.839302,,,,,,
226084,,,,,,,,,0.357077,1.957303,,,18.901297,26.584730,0.169850,0.170952,,,,,,,,,,,,
226088,,,,,,,,,,,,,,,,,,,,0.004220,-0.884770,1.856595,,,,,,
226094,,,,,,,,,0.439480,1.304869,,,19.715351,27.269278,0.162534,0.165866,,,,,,,,,,,,
226104,,,,,,,,,0.412012,1.957303,,,19.855753,27.845255,0.161926,0.161750,,,,,,,,,,,,
226114,,,,,,,,,0.412012,1.957303,,,19.973886,27.785339,0.161517,0.164005,,,,,,,,,,,,
226118,,,,,,,,,,,,,,,,,,,,0.001160,-0.873649,1.908037,,,,,,
226122,0.001052,-0.873584,1.909146,0.043016,-0.836799,1.943517,0.431431,2.131246,0.384545,1.304868,27.067007,38.513378,20.073284,28.279470,0.194229,0.185597,0.020770,-0.051795,0.034371,,,,,,,,,
226128,,,,,,,,,,,,,,,,,,,,-0.000144,-0.869646,1.921548,,,,,,
226134,,,,,,,,,0.439480,1.304869,,,20.701462,28.695232,0.189221,0.183403,,,,,,,,,,,,
226138,,,,,,,,,,,,,,,,,,,,-0.001603,-0.865697,1.938381,,,,,,
226144,,,,,,,,,0.439480,1.304869,,,21.230009,29.045053,0.185103,0.181798,,,,,,,,,,,,
226154,,,,,,,,,0.466947,1.957303,,,21.674728,29.339394,0.181734,0.180690,,,,,,,,,,,,
226164,,,,,,,,,0.412012,0.652434,,,22.048916,29.587051,0.178996,0.179999,,,,,,,,,,,,
226168,,,,,,,,,,,,,,,,,,,,-0.005903,-0.853448,1.978415,,,,,,
226172,-0.005924,-0.853518,1.975338,0.032488,-0.813093,2.029841,0.488215,1.867745,0.466947,1.957303,31.308348,42.027252,22.363758,30.339973,0.220050,0.209946,0.022043,-0.051223,0.054502,,,,,,,,,
226183,,,,,,,,,0.521882,0.652434,,,23.173208,30.973482,0.213582,0.205821,,,,-0.007509,-0.849194,1.991687,,,,,,
226188,,,,,,,,,,,,,,,,,,,,-0.009147,-0.844910,2.001514,,,,,,
226194,,,,,,,,,0.494415,1.304868,,,23.854280,31.506516,0.208262,0.202595,,,,,,,,,,,,
226204,,,,,,,,,0.494415,1.304868,,,24.971878,31.955009,0.198353,0.200125,,,,,,,,,,,,
226214,,,,,,,,,0.494415,1.304868,,,25.367680,32.332375,0.195584,0.198290,,,,,,,,,,,,
226218,,,,,,,,,,,,,,,,,,,,-0.014766,-0.831501,2.037493,,,,,,
226222,-0.014902,-0.831469,2.037750,0.018590,-0.787464,2.101796,0.550428,1.583408,0.549350,1.304868,36.295658,45.988953,26.245251,32.649887,0.238691,0.237400,0.024217,-0.049716,0.064045,,,,,,,,,
226228,,,,,,,,,,,,,,,,,,,,-0.016982,-0.826819,2.050452,,,,,,
226234,,,,,,,,,0.521882,0.652434,,,26.983639,33.461586,0.233170,0.231788,,,,,,,,,,,,
226243,,,,,,,,,0.549350,1.304868,,,27.604919,34.144550,0.228695,0.227327,,,,-0.019368,-0.821957,2.063371,,,,,,
226254,,,,,,,,,0.576817,0.652434,,,28.672207,34.719196,0.219547,0.223835,,,,,,,,,,,,
226264,,,,,,,,,0.604285,1.304869,,,29.025681,35.747246,0.217466,0.215603,,,,,,,,,,,,
226268,,,,,,,,,,,,,,,,,,,,-0.026962,-0.807345,2.092290,,,,,,
226272,-0.027162,-0.807143,2.093186,0.001279,-0.759946,2.159439,0.616463,1.295081,0.549350,1.304868,41.729630,50.184155,29.867636,36.067703,0.265759,0.257173,0.026711,-0.048197,0.066253,,,,,,,,,
226278,,,,,,,,,,,,,,,,,,,,-0.029811,-0.801953,2.105046,,,,,,
226284,,,,,,,,,0.659220,1.304869,,,31.120600,37.426422,0.255351,0.246138,,,,,,,,,,,,
226288,,,,,,,,,,,,,,,,,,,,-0.032647,-0.796603,2.114579,,,,,,
226294,,,,,,,,,0.631752,0.652435,,,32.174843,38.025105,0.246719,0.242583,,,,,,,,,,,,
226298,,,,,,,,,,,,,,,,,,,,-0.035550,-0.791549,2.127283,,,,,,
226304,,,,,,,,,0.659220,1.304869,,,33.061882,39.073380,0.239582,0.234322,,,,,,,,,,,,
226308,,,,,,,,,,,,,,,,,,,,-0.038683,-0.786476,2.136775,,,,,,
226314,,,,,,,,,0.686687,0.652435,,,34.352783,39.410854,0.228149,0.233102,,,,,,,,,,,,
226318,,,,,,,,,,,,,,,,,,,,-0.042152,-0.780816,2.146229,,,,,,
226322,-0.042376,-0.780554,2.144513,-0.019342,-0.730565,2.203128,0.684239,1.011930,0.631752,0.652435,47.557526,54.409931,34.894402,40.239349,0.283544,0.269909,0.029484,-0.046478,0.058615,,,,,,,,,
226328,,,,,,,,,,,,,,,,,,,,-0.045674,-0.774930,2.155656,,,,,,
226334,,,,,,,,,0.686687,0.652435,,,35.894665,40.936447,0.275874,0.265633,,,,,,,,,,,,
226343,,,,,,,,,0.741622,1.957302,,,36.736286,42.067528,0.269622,0.256790,,,,-0.049218,-0.769309,2.161935,,,,,,
226354,,,,,,,,,0.741622,-0.652433,,,37.988968,43.019218,0.259009,0.249552,,,,,,,,,,,,
226364,,,,,,,,,0.714154,1.304868,,,39.042976,43.819969,0.250172,0.243662,,,,,,,,,,,,
226368,,,,,,,,,,,,,,,,,,,,-0.060937,-0.751710,2.183833,,,,,,
226372,-0.061082,-0.751665,2.186006,-0.043016,-0.699341,2.233263,0.751366,0.737018,0.741622,0.652433,53.466560,58.520145,38.296188,42.315548,0.319764,0.303049,0.032304,-0.044951,0.047257,,,,,,,,,
226378,,,,,,,,,,,,,,,,,,,,-0.065081,-0.745385,2.190051,,,,,,
226384,,,,,,,,,0.769089,0.000000,,,41.479641,45.406075,0.290327,0.274767,,,,,,,,,,,,
226388,,,,,,,,,,,,,,,,,,,,-0.069607,-0.738992,2.196264,,,,,,
226394,,,,,,,,,0.796557,0.652434,,,42.524570,46.372814,0.282066,0.267529,,,,,,,,,,,,
226404,,,,,,,,,0.824024,1.304869,,,43.403774,47.186226,0.275287,0.261662,,,,,,,,,,,,
226414,,,,,,,,,0.824024,0.000000,,,44.688076,47.870632,0.264199,0.256947,,,,,,,,,,,,
226418,,,,,,,,,,,,,,,,,,,,-0.083263,-0.719409,2.208636,,,,,,
226422,-0.083402,-0.719295,2.206736,-0.069324,-0.666276,2.250128,0.815337,0.469350,0.796557,-0.652434,58.755024,62.356209,45.768688,48.446491,0.308875,0.292331,0.034293,-0.042816,0.043392,,,,,,,,,
226428,,,,,,,,,,,,,,,,,,,,-0.088091,-0.712702,2.211733,,,,,,
226434,,,,,,,,,0.878959,1.304869,,,46.677917,49.475563,0.302198,0.284617,,,,,,,,,,,,
226438,,,,,,,,,,,,,,,,,,,,-0.092849,-0.706107,2.211733,,,,,,
226444,,,,,,,,,0.878959,0.000000,,,47.987484,50.885967,0.291256,0.272807,,,,,,,,,,,,
226454,,,,,,,,,0.878959,0.000000,,,49.089355,51.528137,0.282170,0.268551,,,,,,,,,,,,
226464,,,,,,,,,0.906427,-0.652435,,,50.016468,52.068459,0.274647,0.265205,,,,,,,,,,,,
226468,,,,,,,,,,,,,,,,,,,,-0.108240,-0.685357,2.217919,,,,,,
226472,-0.108375,-0.685116,2.214244,-0.097694,-0.631358,2.253808,0.873734,0.205556,0.878959,0.000000,63.790169,65.928802,50.796539,52.523087,0.319797,0.299066,0.036600,-0.040798,0.039564,,,,,,,,,
226478,,,,,,,,,,,,,,,,,,,,-0.113417,-0.678269,2.217945,,,,,,
226484,,,,,,,,,0.933894,1.304869,,,51.997437,53.450153,0.310146,0.292291,,,,,,,,,,,,
226488,,,,,,,,,,,,,,,,,,,,-0.118764,-0.670896,2.221052,,,,,,
226494,,,,,,,,,0.933894,0.000000,,,53.007870,54.230186,0.302198,0.286830,,,,,,,,,,,,
226504,,,,,,,,,0.933894,-1.304869,,,53.858051,54.886505,0.295683,0.282476,,,,,,,,,,,,
226514,,,,,,,,,0.961362,0.652434,,,54.573391,55.983276,0.290373,0.273497,,,,,,,,,,,,
226525,-0.120359,-0.668897,2.223217,-0.127408,-0.594558,2.244148,0.924442,-0.058893,0.961362,0.652434,75.703445,75.461464,55.175278,56.361557,0.407592,0.368861,0.063351,-0.039531,0.020931,-0.134703,-0.649102,2.217983,,,,,,
226528,,,,,,,,,,,,,,,,,,,,-0.140563,-0.641322,2.221052,,,,,,
226534,,,,,,,,,0.714155,0.000000,,,54.048077,55.046211,0.423195,0.386097,,,,,,,,,,,,
226538,,,,,,,,,,,,,,,,,,,,-0.146392,-0.633727,2.217966,,,,,,
226544,,,,,,,,,1.126167,-0.652435,,,56.911453,57.206738,0.398320,0.368143,,,,,,,,,,,,
226554,,,,,,,,,1.181102,-0.652433,,,59.320698,59.569149,0.377504,0.347697,,,,,,,,,,,,
226564,,,,,,,,,1.153634,1.304868,,,61.347836,61.556881,0.360104,0.330601,,,,,,,,,,,,
226568,,,,,,,,,,,,,,,,,,,,-0.163898,-0.610597,2.215028,,,,,,
226572,-0.163285,-0.611723,2.221180,-0.157629,-0.555840,2.220766,0.965863,-0.328791,1.098699,0.000000,73.374100,70.449417,62.508926,62.684814,0.327373,0.270754,0.041050,-0.038338,-0.000413,,,,,,,,,
226584,,,,,,,,,0.988829,-1.304868,,,62.396782,62.000229,0.330689,0.279290,,,,-0.170288,-0.601828,2.208786,,,,,,
226588,,,,,,,,,,,,,,,,,,,,-0.176645,-0.593043,2.202516,,,,,,
226594,,,,,,,,,1.016297,-0.652434,,,63.391506,62.513306,0.322739,0.275746,,,,,,,,,,,,
226604,,,,,,,,,1.126167,-1.957302,,,64.773010,62.945007,0.310644,0.272930,,,,,,,,,,,,
226614,,,,,,,,,1.043764,0.000000,,,65.390869,63.308243,0.306062,0.270726,,,,,,,,,,,,
226618,,,,,,,,,,,,,,,,,,,,-0.195507,-0.566013,2.177552,,,,,,
226622,-0.195443,-0.566355,2.181207,-0.187428,-0.515167,2.183103,0.997115,-0.608380,1.153634,-1.304868,74.930595,70.717842,66.455276,63.613869,0.312678,0.271775,0.037350,-0.035908,0.001896,,,,,,,,,
226628,,,,,,,,,,,,,,,,,,,,-0.202067,-0.556772,2.168145,,,,,,
226634,,,,,,,,,1.043764,-1.304868,,,67.350868,63.871021,0.305238,0.270573,,,,,,,,,,,,
226644,,,,,,,,,1.126167,-1.957302,,,68.648964,65.176476,0.293513,0.258626,,,,-0.208196,-0.548220,2.158805,,,,,,
226654,,,,,,,,,1.098699,-1.304869,,,68.652092,64.096710,0.294738,0.270748,,,,,,,,,,,,
226664,,,,,,,,,1.043764,0.000000,,,68.654724,64.277283,0.295967,0.270231,,,,,,,,,,,,
226668,,,,,,,,,,,,,,,,,,,,-0.226776,-0.520749,2.124088,,,,,,
226672,-0.226641,-0.520976,2.128881,-0.215816,-0.472513,2.130534,1.018201,-0.900315,1.126167,-1.957302,76.463387,70.711456,69.201485,64.429214,0.307279,0.269904,0.035378,-0.034847,0.001653,,,,,,,,,
226678,,,,,,,,,,,,,,,,,,,,-0.232481,-0.511212,2.111427,,,,,,
226684,,,,,,,,,1.071232,-0.652434,,,69.661530,64.557053,0.304039,0.269856,,,,,,,,,,,,
226688,,,,,,,,,,,,,,,,,,,,-0.238215,-0.501523,2.095482,,,,,,
226694,,,,,,,,,1.126167,-1.957302,,,70.048607,64.664619,0.301451,0.269990,,,,,,,,,,,,
226704,,,,,,,,,1.126167,-0.652435,,,70.374298,64.755119,0.299412,0.270276,,,,,,,,,,,,
226714,,,,,,,,,1.098699,-1.304869,,,70.648331,65.375816,0.297835,0.265136,,,,,,,,,,,,
226718,,,,,,,,,,,,,,,,,,,,-0.254423,-0.472865,2.063405,,,,,,
226722,-0.254404,-0.472914,2.063424,-0.241790,-0.427879,2.062584,1.030132,-1.204116,1.098699,0.000000,77.588326,70.142738,70.878906,65.353523,0.308120,0.260630,0.033715,-0.032413,-0.000840,,,,,,,,,
226728,,,,,,,,,,,,,,,,,,,,-0.259765,-0.463029,2.050478,,,,,,
226734,,,,,,,,,1.098699,-2.609736,,,71.072914,65.334770,0.307483,0.261779,,,,,,,,,,,,
226738,,,,,,,,,,,,,,,,,,,,-0.265220,-0.453111,2.037512,,,,,,
226744,,,,,,,,,1.071232,-1.957303,,,71.236145,64.774445,0.307122,0.268456,,,,,,,,,,,,
226754,,,,,,,,,1.071232,-0.652434,,,71.373489,64.847527,0.306991,0.268784,,,,,,,,,,,,
226764,,,,,,,,,1.153634,-1.304868,,,71.489052,65.453568,0.307055,0.263662,,,,,,,,,,,,
226768,,,,,,,,,,,,,,,,,,,,-0.280361,-0.423152,1.991614,,,,,,
226772,-0.280330,-0.422990,1.992170,-0.264368,-0.381303,1.979239,1.034954,-1.514084,1.071232,-0.652434,78.464966,68.618828,71.586288,65.418945,0.316225,0.249409,0.031512,-0.031616,-0.012931,,,,,,,,,
226778,,,,,,,,,,,,,,,,,,,,-0.285097,-0.413203,1.978454,,,,,,
226784,,,,,,,,,1.126167,-3.262170,,,72.212646,64.845268,0.311212,0.255900,,,,,,,,,,,,
226789,,,,,,,,,,,,,,,,,,,,-0.289647,-0.403284,1.961857,,,,,,
226794,,,,,,,,,1.126167,-0.652435,,,72.195122,64.907120,0.312641,0.256024,,,,,,,,,,,,
226804,,,,,,,,,1.043764,-1.304868,,,72.180374,64.959160,0.314046,0.256236,,,,,,,,,,,,
226814,,,,,,,,,1.126167,-1.957302,,,72.712509,64.458405,0.309875,0.262075,,,,,,,,,,,,
226818,,,,,,,,,,,,,,,,,,,,-0.302412,-0.372029,1.911379,,,,,,
226825,-0.302284,-0.371906,1.909953,-0.282634,-0.332870,1.881369,1.035660,-1.816961,1.181102,0.652433,79.448013,66.986366,72.615707,66.759789,0.322040,0.222782,0.030275,-0.031518,-0.028584,,,,,,,,,
226828,,,,,,,,,,,,,,,,,,,,-0.306222,-0.361633,1.890974,,,,,,
226834,,,,,,,,,1.043764,-6.524342,,,73.623337,63.795280,0.313128,0.253065,,,,,,,,,,,,
226838,,,,,,,,,,,,,,,,,,,,-0.309938,-0.351091,1.866976,,,,,,
226844,,,,,,,,,1.098699,-2.609736,,,73.926613,63.479118,0.311200,0.256929,,,,,,,,,,,,
226854,,,,,,,,,1.126167,-0.652435,,,74.181793,63.757641,0.309701,0.254789,,,,,,,,,,,,
226864,,,,,,,,,1.071232,-1.957303,,,73.851959,63.447449,0.314119,0.258599,,,,,,,,,,,,
226868,,,,,,,,,,,,,,,,,,,,-0.319689,-0.319367,1.797256,,,,,,
226872,-0.319510,-0.319468,1.798506,-0.295777,-0.282723,1.771137,1.035924,-2.090684,1.126167,-3.262170,80.191872,66.371849,71.396263,61.008278,0.347874,0.277918,0.030439,-0.031415,-0.027369,,,,,,,,,
226878,,,,,,,,,,,,,,,,,,,,-0.322639,-0.308230,1.772335,,,,,,
226884,,,,,,,,,1.043764,0.000000,,,73.686386,63.856850,0.326273,0.249935,,,,,,,,,,,,
226888,,,,,,,,,,,,,,,,,,,,-0.325195,-0.297526,1.750804,,,,,,
226894,,,,,,,,,1.153634,-3.914605,,,74.524208,63.530922,0.319029,0.253763,,,,,,,,,,,,
226904,,,,,,,,,1.071232,-3.262170,,,75.229149,63.256687,0.312972,0.257128,,,,,,,,,,,,
226914,,,,,,,,,1.181102,-1.957302,,,75.277748,63.570488,0.313469,0.254550,,,,,,,,,,,,
226918,,,,,,,,,,,,,,,,,,,,-0.331276,-0.265057,1.673888,,,,,,
226922,-0.331160,-0.264745,1.676141,-0.303126,-0.231065,1.652183,1.039616,-2.306379,1.043764,-2.609737,80.918861,66.177422,75.318634,63.289978,0.321450,0.255989,0.030545,-0.031420,-0.023958,,,,,,,,,
226928,,,,,,,,,,,,,,,,,,,,-0.332785,-0.253908,1.643857,,,,,,
226934,,,,,,,,,1.126167,-3.262170,,,75.353035,63.053955,0.322219,0.258974,,,,,,,,,,,,
226938,,,,,,,,,,,,,,,,,,,,-0.333900,-0.242721,1.617230,,,,,,
226944,,,,,,,,,1.071232,-0.652434,,,74.837440,62.855366,0.328591,0.261624,,,,,,,,,,,,
226954,,,,,,,,,1.126167,-3.262170,,,74.948166,62.688274,0.328678,0.263993,,,,,,,,,,,,
226964,,,,,,,,,1.071232,-1.957303,,,75.041328,62.547684,0.328922,0.266125,,,,,,,,,,,,
226968,,,,,,,,,,,,,,,,,,,,-0.335650,-0.208910,1.532272,,,,,,
226972,-0.335511,-0.209107,1.536138,-0.304178,-0.178150,1.529356,1.050156,-2.435374,1.126167,-4.567039,81.774429,67.505783,75.664253,62.429390,0.332470,0.281606,0.032024,-0.030241,-0.006782,,,,,,,,,
226978,,,,,,,,,,,,,,,,,,,,-0.335455,-0.197415,1.501714,,,,,,
226984,,,,,,,,,1.153634,-2.609736,,,75.643845,62.874401,0.333901,0.278083,,,,,,,,,,,,
226988,,,,,,,,,,,,,,,,,,,,-0.335225,-0.186250,1.471694,,,,,,
226994,,,,,,,,,1.098699,-2.609736,,,76.715759,62.704292,0.324193,0.280744,,,,,,,,,,,,
227003,,,,,,,,,1.043764,-1.304868,,,74.894951,62.016617,0.343777,0.288719,,,,-0.334511,-0.175307,1.445897,,,,,,
227009,,,,,,,,,,,,,,,,,,,,-0.333411,-0.164028,1.416423,,,,,,
227014,,,,,,,,,1.071232,-3.262170,,,74.996552,61.982552,0.344117,0.290164,,,,,,,,,,,,
227018,,,,,,,,,,,,,,,,,,,,-0.332151,-0.152763,1.390999,,,,,,
227022,-0.331919,-0.153026,1.389502,-0.298624,-0.124283,1.407965,1.069807,-2.459647,1.181102,-1.957302,82.805252,70.177422,75.626579,63.042976,0.349560,0.307703,0.034275,-0.027566,0.018463,,,,,,,,,
227028,,,,,,,,,,,,,,,,,,,,-0.330680,-0.141345,1.358971,,,,,,
227034,,,,,,,,,1.153634,-2.609736,,,76.156685,63.390675,0.345589,0.305583,,,,,,,,,,,,
227039,,,,,,,,,,,,,,,,,,,,-0.328928,-0.129748,1.334003,,,,,,
227044,,,,,,,,,1.153634,-2.609736,,,76.602715,63.683228,0.342369,0.303957,,,,,,,,,,,,
227054,,,,,,,,,1.181102,-1.957302,,,76.978004,63.929379,0.339782,0.302745,,,,,,,,,,,,
227064,,,,,,,,,0.988829,0.000000,,,75.115601,63.591949,0.359944,0.307436,,,,,,,,,,,,
227068,,,,,,,,,,,,,,,,,,,,-0.321050,-0.095466,1.254142,,,,,,
227072,-0.321171,-0.096223,1.265502,-0.286359,-0.069802,1.292821,1.099179,-2.379698,1.236037,-3.262171,84.455132,72.951317,76.271294,64.397125,0.366522,0.328834,0.035663,-0.025261,0.027319,,,,,,,,,
227078,,,,,,,,,,,,,,,,,,,,-0.317781,-0.084327,1.226957,,,,,,
227084,,,,,,,,,1.181102,-3.262171,,,77.243690,65.074600,0.358241,0.323635,,,,,,,,,,,,
227088,,,,,,,,,,,,,,,,,,,,-0.314169,-0.073132,1.203369,,,,,,
227094,,,,,,,,,1.181102,-0.652433,,,77.517326,66.189171,0.356892,0.313841,,,,,,,,,,,,
227104,,,,,,,,,1.263504,-2.609736,,,78.292107,66.582420,0.350377,0.311183,,,,,,,,,,,,
227114,,,,,,,,,1.153634,-2.609736,,,78.944008,66.913307,0.344960,0.309081,,,,,,,,,,,,
227124,-0.313027,-0.070548,1.197639,-0.267492,-0.015055,1.187536,1.137106,-2.213955,1.126167,-0.652435,96.853935,83.681519,76.769798,66.102623,0.494707,0.428006,0.068275,-0.022171,-0.010103,,,,,,,,,
227127,,,,,,,,,,,,,,,,,,,,-0.296841,-0.027297,1.100901,,,,,,
227134,,,,,,,,,1.071232,-1.957303,,,76.574051,65.965057,0.500720,0.432925,,,,,,,,,,,,
227138,,,,,,,,,,,,,,,,,,,,-0.291787,-0.016221,1.081476,,,,,,
227144,,,,,,,,,1.318439,-1.304869,,,78.587524,68.572029,0.484239,0.409877,,,,,,,,,,,,
227154,,,,,,,,,1.455776,-3.262171,,,81.370743,70.765533,0.459503,0.390525,,,,,,,,,,,,
227164,,,,,,,,,1.483244,-1.304866,,,83.712540,73.155693,0.438714,0.368729,,,,,,,,,,,,
227168,,,,,,,,,,,,,,,,,,,,-0.274170,0.017731,1.008009,,,,,,
227172,-0.274919,0.016017,1.018447,-0.242338,0.039614,1.094313,1.180947,-1.990211,1.373374,-1.304869,86.751404,81.357735,85.138390,74.622231,0.323752,0.332173,0.037183,-0.015355,0.075866,,,,,,,,,
227183,,,,,,,,,1.153634,-2.609736,,,84.159920,73.133453,0.334055,0.348705,,,,-0.268049,0.029141,0.982862,,,,,,
227188,,,,,,,,,,,,,,,,,,,,-0.261563,0.040598,0.957804,,,,,,
227194,,,,,,,,,1.345907,-1.957305,,,84.425728,74.058968,0.331863,0.340910,,,,,,,,,,,,
227198,,,,,,,,,,,,,,,,,,,,-0.254181,0.052293,0.932935,,,,,,
227204,,,,,,,,,1.318439,-2.609739,,,85.193924,74.837700,0.324492,0.334427,,,,,,,,,,,,
227208,,,,,,,,,,,,,,,,,,,,-0.246819,0.063573,0.905130,,,,,,
227214,,,,,,,,,1.318439,0.000000,,,85.295738,76.037468,0.323765,0.323493,,,,,,,,,,,,
227218,,,,,,,,,,,,,,,,,,,,-0.239156,0.074450,0.889771,,,,,,
227222,-0.239208,0.074227,0.900573,-0.211411,0.093892,1.014172,1.227133,-1.735439,1.400841,-1.957302,85.751732,85.032440,85.925949,76.502411,0.307431,0.357297,0.032678,-0.009569,0.113598,,,,,,,,,
227228,,,,,,,,,,,,,,,,,,,,-0.230975,0.085533,0.874464,,,,,,
227234,,,,,,,,,1.263504,-1.304869,,,85.367119,76.893608,0.313097,0.355012,,,,,,,,,,,,
227243,,,,,,,,,1.181102,1.957302,,,83.263290,76.678223,0.334633,0.358837,,,,-0.222610,0.095945,0.859221,,,,,,
227248,,,,,,,,,,,,,,,,,,,,-0.214074,0.106366,0.850097,,,,,,
227254,,,,,,,,,1.400841,-0.652435,,,83.671303,78.130623,0.330969,0.345694,,,,,,,,,,,,
227258,,,,,,,,,,,,,,,,,,,,-0.205440,0.116222,0.840987,,,,,,
227264,,,,,,,,,1.373374,0.000000,,,84.014603,79.352676,0.327883,0.334609,,,,,,,,,,,,
227268,,,,,,,,,,,,,,,,,,,,-0.196932,0.125929,0.837943,,,,,,
227272,-0.196878,0.126089,0.843196,-0.175406,0.147514,0.947350,1.271763,-1.469538,1.345907,-0.652434,87.298492,87.843056,84.303459,79.836365,0.341061,0.359480,0.030280,-0.001785,0.104154,,,,,,,,,
227278,,,,,,,,,,,,,,,,,,,,-0.187552,0.136517,0.835015,,,,,,
227284,,,,,,,,,1.098699,1.304869,,,81.823784,78.065170,0.366953,0.379147,,,,,,,,,,,,
227288,,,,,,,,,,,,,,,,,,,,-0.178537,0.146801,0.828871,,,,,,
227294,,,,,,,,,1.318439,-1.304869,,,82.460098,79.297607,0.361557,0.368532,,,,,,,,,,,,
227304,,,,,,,,,1.400841,-0.652435,,,82.995499,80.334579,0.357064,0.359664,,,,,,,,,,,,
227314,,,,,,,,,1.428309,1.304868,,,83.445984,81.751633,0.353330,0.346712,,,,,,,,,,,,
227318,,,,,,,,,,,,,,,,,,,,-0.150660,0.177381,0.834956,,,,,,
227322,-0.150674,0.177657,0.841112,-0.135171,0.200281,0.893693,1.311076,-1.203944,1.373374,1.304869,90.397705,88.559319,83.825020,82.943939,0.381846,0.343074,0.027198,0.003526,0.052581,,,,,,,,,
227328,,,,,,,,,,,,,,,,,,,,-0.141419,0.187377,0.838041,,,,,,
227334,,,,,,,,,1.400841,-0.652435,,,84.688484,83.402603,0.374353,0.339519,,,,,,,,,,,,
227338,,,,,,,,,,,,,,,,,,,,-0.132087,0.197497,0.841056,,,,,,
227344,,,,,,,,,1.153634,0.000000,,,82.692291,81.610344,0.395856,0.358831,,,,,,,,,,,,
227354,,,,,,,,,1.455776,-0.652433,,,83.735405,82.825058,0.386757,0.347831,,,,,,,,,,,,
227364,,,,,,,,,1.345907,-0.652434,,,84.613083,83.302574,0.379138,0.344107,,,,,,,,,,,,
227368,,,,,,,,,,,,,,,,,,,,-0.103780,0.228986,0.834936,,,,,,
227372,-0.103891,0.228834,0.832718,-0.091679,0.252064,0.852947,1.341798,-0.943198,1.483244,-1.304866,92.474464,89.504364,82.084297,80.437096,0.427271,0.384026,0.025402,0.006597,0.020229,,,,,,,,,
227378,,,,,,,,,,,,,,,,,,,,-0.094319,0.239296,0.831938,,,,,,
227384,,,,,,,,,1.373374,0.000000,,,87.035645,85.105141,0.378845,0.338225,,,,,,,,,,,,
227388,,,,,,,,,,,,,,,,,,,,-0.084612,0.249997,0.825953,,,,,,
227394,,,,,,,,,1.510712,-1.957302,,,88.478989,85.765579,0.365211,0.332369,,,,,,,,,,,,
227398,,,,,,,,,,,,,,,,,,,,-0.075482,0.260270,0.816982,,,,,,
227404,,,,,,,,,1.236036,0.652434,,,81.525269,79.242210,0.436938,0.399655,,,,,,,,,,,,
227408,,,,,,,,,,,,,,,,,,,,-0.065593,0.270867,0.810916,,,,,,
227414,,,,,,,,,1.400841,-1.957302,,,88.198906,85.188858,0.371057,0.341051,,,,,,,,,,,,
227418,,,,,,,,,,,,,,,,,,,,-0.055382,0.281650,0.801827,,,,,,
227422,-0.055312,0.281389,0.796220,-0.045994,0.302814,0.824922,1.361337,-0.687325,1.510711,-0.652434,91.584251,90.792213,88.913216,85.836021,0.355546,0.348449,0.021830,0.008325,0.028702,,,,,,,,,
227428,,,,,,,,,,,,,,,,,,,,-0.045292,0.292341,0.792829,,,,,,
227434,,,,,,,,,1.455776,-0.652433,,,90.058777,86.380539,0.344395,0.343887,,,,,,,,,,,,
227438,,,,,,,,,,,,,,,,,,,,-0.034825,0.302665,0.783774,,,,,,
227444,,,,,,,,,1.455776,-0.652433,,,89.933571,86.838699,0.345977,0.340096,,,,,,,,,,,,
227454,,,,,,,,,1.428309,0.000000,,,90.917305,87.224197,0.336273,0.336954,,,,,,,,,,,,
227464,,,,,,,,,1.236036,-0.652434,,,88.477760,85.370377,0.361290,0.356577,,,,,,,,,,,,
227468,,,,,,,,,,,,,,,,,,,,-0.004404,0.332669,0.763027,,,,,,
227472,-0.004988,0.332013,0.763077,0.000771,0.352552,0.809583,1.367903,-0.433840,1.455776,-0.652433,89.463730,91.665688,89.147842,85.988747,0.333447,0.360263,0.018358,0.010863,0.046505,,,,,,,,,
227478,,,,,,,,,,,,,,,,,,,,0.006374,0.342854,0.754008,,,,,,
227484,,,,,,,,,1.373374,-1.304869,,,89.167107,85.964500,0.333314,0.361646,,,,,,,,,,,,
227488,,,,,,,,,,,,,,,,,,,,0.017252,0.352973,0.750954,,,,,,
227494,,,,,,,,,1.428309,0.000000,,,89.183319,86.488647,0.333208,0.357440,,,,,,,,,,,,
227504,,,,,,,,,1.483244,1.304866,,,88.652412,87.474205,0.338679,0.348423,,,,,,,,,,,,
227514,,,,,,,,,1.373374,1.304869,,,88.750252,87.758911,0.337844,0.346357,,,,,,,,,,,,
227524,0.019443,0.355306,0.757443,0.047483,0.401351,0.807081,1.360560,-0.179206,1.016297,-0.652434,97.593155,101.522812,85.020767,84.186661,0.458947,0.484118,0.052010,0.014191,0.049638,,,,,,,,,
227527,,,,,,,,,,,,,,,,,,,,0.061085,0.393070,0.745045,,,,,,
227534,,,,,,,,,1.263504,1.304869,,,83.516411,83.359138,0.476806,0.496026,,,,,,,,,,,,
227538,,,,,,,,,,,,,,,,,,,,0.072028,0.402856,0.753892,,,,,,
227544,,,,,,,,,1.538179,0.000000,,,85.517906,85.930122,0.459206,0.473435,,,,,,,,,,,,
227554,,,,,,,,,1.675516,0.652435,,,87.746506,88.637886,0.438890,0.448934,,,,,,,,,,,,
227564,,,,,,,,,1.565646,1.957302,,,89.077110,90.916199,0.427287,0.428272,,,,,,,,,,,,
227568,,,,,,,,,,,,,,,,,,,,0.103496,0.432137,0.775109,,,,,,
227572,0.101020,0.430401,0.781804,0.093032,0.449321,0.817740,1.339239,0.080241,1.593114,0.000000,83.669884,87.936470,90.741219,92.833176,0.269999,0.272260,0.007661,0.019054,0.035936,,,,,,,,,
227583,,,,,,,,,1.318439,1.304869,,,88.874146,91.723404,0.287629,0.282600,,,,0.114795,0.442672,0.777847,,,,,,
227588,,,,,,,,,,,,,,,,,,,,0.126320,0.453274,0.783870,,,,,,
227594,,,,,,,,,1.400841,0.652435,,,88.392273,90.789642,0.291503,0.291367,,,,,,,,,,,,
227598,,,,,,,,,,,,,,,,,,,,0.137646,0.464209,0.789794,,,,,,
227604,,,,,,,,,1.455776,-0.652433,,,88.531372,90.548515,0.289139,0.293256,,,,,,,,,,,,
227608,,,,,,,,,,,,,,,,,,,,0.149163,0.475190,0.795738,,,,,,
227614,,,,,,,,,1.373374,0.000000,,,88.103867,90.345634,0.292528,0.294803,,,,,,,,,,,,
227618,,,,,,,,,,,,,,,,,,,,0.160603,0.486504,0.798743,,,,,,
227622,0.159687,0.485861,0.797311,0.136370,0.496580,0.842016,1.304699,0.347664,1.373374,0.000000,75.783806,82.291237,87.744164,89.630386,0.214872,0.244035,-0.008621,0.024171,0.044705,,,,,,,,,
227628,,,,,,,,,,,,,,,,,,,,0.171781,0.497720,0.801796,,,,,,
227634,,,,,,,,,1.373374,1.304869,,,86.896965,89.028572,0.221121,0.248706,,,,,,,,,,,,
227643,,,,,,,,,1.126167,-0.652435,,,84.550507,85.799492,0.242833,0.280295,,,,0.183179,0.509115,0.808190,,,,,,
227654,,,,,,,,,1.208569,1.304866,,,83.120735,85.260719,0.255663,0.285089,,,,,,,,,,,,
227664,,,,,,,,,1.263504,1.304869,,,81.917725,84.807396,0.266466,0.289119,,,,,,,,,,,,
227668,,,,,,,,,,,,,,,,,,,,0.213624,0.540032,0.820836,,,,,,
227672,0.212689,0.539386,0.824325,0.176540,0.543228,0.880432,1.258476,0.625162,1.345907,1.957305,67.968018,76.872711,81.450058,84.970512,0.190289,0.231683,-0.021727,0.029145,0.056107,,,,,,,,,
227678,,,,,,,,,,,,,,,,,,,,0.223157,0.549806,0.827008,,,,,,
227684,,,,,,,,,1.181102,0.652433,,,79.967476,83.474129,0.202715,0.245326,,,,,,,,,,,,
227688,,,,,,,,,,,,,,,,,,,,0.231863,0.558933,0.838541,,,,,,
227694,,,,,,,,,1.208569,1.304866,,,78.720032,82.759613,0.213039,0.251294,,,,,,,,,,,,
227704,,,,,,,,,1.181102,0.652433,,,77.125885,82.158417,0.227148,0.256249,,,,,,,,,,,,
227714,,,,,,,,,1.153634,1.304868,,,75.784576,81.108032,0.238998,0.265906,,,,,,,,,,,,
227718,,,,,,,,,,,,,,,,,,,,0.257548,0.586933,0.875245,,,,,,
227722,0.256957,0.586598,0.876437,0.212707,0.589321,0.933479,1.202731,0.913166,1.236037,1.957302,62.426643,72.919830,75.200539,80.768784,0.186870,0.228200,-0.026223,0.035747,0.057042,,,,,,,,,
227728,,,,,,,,,,,,,,,,,,,,0.265610,0.596209,0.887536,,,,,,
227734,,,,,,,,,1.098699,2.609736,,,73.620041,79.938797,0.200436,0.235096,,,,,,,,,,,,
227738,,,,,,,,,,,,,,,,,,,,0.272992,0.604611,0.905598,,,,,,
227744,,,,,,,,,1.071232,-0.652434,,,72.290215,78.151360,0.211762,0.251924,,,,,,,,,,,,
227754,,,,,,,,,1.071232,1.957303,,,71.171295,77.191948,0.221202,0.260664,,,,,,,,,,,,
227764,,,,,,,,,1.098699,1.304869,,,69.685295,76.384705,0.234610,0.268043,,,,,,,,,,,,
227768,,,,,,,,,,,,,,,,,,,,0.294651,0.631753,0.955069,,,,,,
227772,0.294317,0.631603,0.953938,0.244178,0.634840,1.001475,1.140099,1.209777,1.098699,3.914604,58.097099,69.424484,68.434975,76.250031,0.201751,0.233071,-0.026364,0.042771,0.047537,,,,,,,,,
227778,,,,,,,,,,,,,,,,,,,,0.300794,0.640130,0.976562,,,,,,
227784,,,,,,,,,1.043764,0.000000,,,67.382957,75.047630,0.210414,0.243971,,,,,,,,,,,,
227788,,,,,,,,,,,,,,,,,,,,0.306988,0.648932,0.992129,,,,,,
227794,,,,,,,,,1.016297,3.262172,,,65.953247,74.580475,0.223140,0.247611,,,,,,,,,,,,
227804,,,,,,,,,1.071232,1.957303,,,65.294830,73.642868,0.228284,0.256143,,,,,,,,,,,,
227814,,,,,,,,,0.988829,1.304868,,,64.196297,72.853966,0.238050,0.263346,,,,,,,,,,,,
227818,,,,,,,,,,,,,,,,,,,,0.325039,0.675173,1.055814,,,,,,
227822,0.324739,0.674984,1.052734,0.270425,0.679685,1.084420,1.073452,1.510112,1.043764,2.609737,54.754650,66.527504,63.271992,72.734726,0.212165,0.234328,-0.022812,0.049515,0.031686,,,,,,,,,
227828,,,,,,,,,,,,,,,,,,,,0.330554,0.683962,1.078386,,,,,,
227834,,,,,,,,,0.961362,1.957303,,,61.949738,71.545311,0.223948,0.245218,,,,,,,,,,,,
227838,,,,,,,,,,,,,,,,,,,,0.335851,0.692918,1.097908,,,,,,
227844,,,,,,,,,1.016297,3.262172,,,60.837193,71.089081,0.233857,0.248868,,,,,,,,,,,,
227854,,,,,,,,,1.043764,1.304868,,,60.445641,70.705208,0.236635,0.251871,,,,,,,,,,,,
227864,,,,,,,,,0.961362,1.957303,,,60.116188,70.382217,0.238857,0.254330,,,,,,,,,,,,
227868,,,,,,,,,,,,,,,,,,,,0.350030,0.719702,1.160035,,,,,,
227872,0.349729,0.719549,1.159235,0.291094,0.723659,1.181844,1.005623,1.806151,1.016297,1.957302,50.948135,63.647209,57.116272,66.843193,0.229557,0.260278,-0.019690,0.055383,0.022609,,,,,,,,,
227883,,,,,,,,,0.933894,1.304869,,,59.493031,69.310890,0.204081,0.234469,,,,0.354203,0.729136,1.179998,,,,,,
227888,,,,,,,,,,,,,,,,,,,,0.358031,0.737943,1.200050,,,,,,
227894,,,,,,,,,0.988829,2.609737,,,58.770119,69.209038,0.209745,0.234375,,,,,,,,,,,,
227904,,,,,,,,,0.961362,1.957303,,,58.161861,68.578796,0.214385,0.239691,,,,,,,,,,,,
227914,,,,,,,,,0.961362,1.957303,,,57.650074,68.048508,0.218163,0.244114,,,,,,,,,,,,
227918,,,,,,,,,,,,,,,,,,,,0.368633,0.765641,1.257418,,,,,,
227922,0.368478,0.765544,1.257387,0.306009,0.766472,1.292727,0.939124,2.087376,0.988829,2.609737,46.064671,60.915501,57.219456,67.602325,0.171403,0.219921,-0.018377,0.059712,0.035339,,,,,,,,,
227928,,,,,,,,,,,,,,,,,,,,0.371846,0.774450,1.274600,,,,,,
227934,,,,,,,,,0.906427,0.652435,,,56.312592,66.682365,0.178422,0.227967,,,,,,,,,,,,
227945,,,,,,,,,0.604285,7.829210,,,55.005013,65.363770,0.189710,0.240263,,,,0.374851,0.783634,1.298791,,,,,,
227954,,,,,,,,,0.988829,-2.609737,,,52.815727,63.709759,0.210253,0.256245,,,,,,,,,,,,
227964,,,,,,,,,0.961362,3.262171,,,52.062752,63.951702,0.216583,0.253218,,,,,,,,,,,,
227968,,,,,,,,,,,,,,,,,,,,0.383049,0.810912,1.365879,,,,,,
227972,0.382770,0.811027,1.370451,0.315165,0.807746,1.415535,0.875893,2.342718,0.906427,3.262171,41.681763,58.317432,51.973740,64.155273,0.171585,0.224034,-0.016669,0.065600,0.045084,,,,,,,,,
227978,,,,,,,,,,,,,,,,,,,,0.385182,0.820022,1.390993,,,,,,
227984,,,,,,,,,0.933894,2.609737,,,47.542500,59.425671,0.214726,0.271108,,,,,,,,,,,,
227988,,,,,,,,,,,,,,,,,,,,0.387135,0.829084,1.416415,,,,,,
227994,,,,,,,,,0.851492,1.957303,,,51.437660,64.703415,0.173823,0.217054,,,,,,,,,,,,
227998,,,,,,,,,,,,,,,,,,,,0.388874,0.837961,1.445812,,,,,,
228004,,,,,,,,,0.906427,3.262171,,,50.903244,64.787766,0.177323,0.214916,,,,,,,,,,,,
228008,,,,,,,,,,,,,,,,,,,,0.390437,0.846846,1.471920,,,,,,
228014,,,,,,,,,0.796557,3.262171,,,49.909046,63.769653,0.185619,0.224007,,,,,,,,,,,,
228018,,,,,,,,,,,,,,,,,,,,0.391718,0.855633,1.505762,,,,,,
228022,0.391371,0.855208,1.508086,0.318725,0.847050,1.548437,0.817157,2.563491,0.906427,3.262171,38.745667,56.175262,49.072529,63.457554,0.162558,0.204250,-0.012694,0.071992,0.040351,,,,,,,,,
228028,,,,,,,,,,,,,,,,,,,,0.392671,0.864576,1.536371,,,,,,
228034,,,,,,,,,0.796557,3.262171,,,48.368683,62.650414,0.167672,0.211026,,,,,,,,,,,,
228043,,,,,,,,,0.824024,3.914605,,,47.231922,62.515827,0.177342,0.211104,,,,0.393234,0.873412,1.571349,,,,,,
228054,,,,,,,,,0.824024,1.304869,,,46.819996,61.858044,0.179847,0.216545,,,,,,,,,,,,
228064,,,,,,,,,0.769089,3.914606,,,45.928856,61.304585,0.187321,0.221054,,,,,,,,,,,,
228068,,,,,,,,,,,,,,,,,,,,0.393449,0.899440,1.664625,,,,,,
228072,0.393171,0.898953,1.667906,0.316998,0.883908,1.689568,0.763406,2.746250,0.824024,2.609737,36.887859,54.246872,45.723595,60.838905,0.169029,0.205108,-0.007589,0.077273,0.021662,,,,,,,,,
228078,,,,,,,,,,,,,,,,,,,,0.392845,0.907818,1.693748,,,,,,
228084,,,,,,,,,0.824024,3.914605,,,45.006344,60.447083,0.174578,0.207787,,,,,,,,,,,,
228088,,,,,,,,,,,,,,,,,,,,0.392103,0.915958,1.726482,,,,,,
228094,,,,,,,,,0.714154,2.609737,,,43.858307,59.572857,0.184664,0.215464,,,,,,,,,,,,
228104,,,,,,,,,0.824024,3.914605,,,43.436893,59.381828,0.187568,0.216347,,,,,,,,,,,,
228114,,,,,,,,,0.741622,1.957302,,,43.082314,58.676552,0.189875,0.222514,,,,,,,,,,,,
228118,,,,,,,,,,,,,,,,,,,,0.387996,0.939667,1.815949,,,,,,
228122,0.387966,0.939327,1.811736,0.310423,0.917848,1.837325,0.714564,2.893628,0.824024,2.609737,34.884609,53.081570,43.328514,58.627678,0.165692,0.210240,-0.002356,0.080428,0.025589,,,,,,,,,
228128,,,,,,,,,,,,,,,,,,,,0.386208,0.947285,1.843911,,,,,,
228134,,,,,,,,,0.769089,2.609737,,,42.446583,58.042011,0.172999,0.215105,,,,,,,,,,,,
228138,,,,,,,,,,,,,,,,,,,,0.384410,0.954604,1.874794,,,,,,
228144,,,,,,,,,0.769089,3.914606,,,41.704525,57.549232,0.179055,0.219139,,,,,,,,,,,,
228154,,,,,,,,,0.769089,2.609737,,,41.624699,57.134609,0.178506,0.222475,,,,,,,,,,,,
228175,0.383752,0.956404,1.880450,0.299540,0.948430,1.990444,0.670245,3.012373,-0.000000,0.000000,35.594646,57.842289,44.280251,51.884853,0.157313,0.323771,0.018067,0.082636,0.109993,,,,,,,,,
228178,,,,,,,,,,,,,37.257397,43.655907,0.227209,0.408898,,,,0.377841,0.976510,1.963545,,,,,,
228184,,,,,,,,,0.824024,7.829211,,,36.249256,47.622940,0.237160,0.371271,,,,,,,,,,,,
228188,,,,,,,,,,,,,,,,,,,,0.372326,0.990067,2.026182,,,,,,
228194,,,,,,,,,0.824024,3.914605,,,37.034637,50.416256,0.229018,0.344823,,,,,,,,,,,,
228204,,,,,,,,,0.851492,4.567039,,,37.695457,52.766552,0.221990,0.322335,,,,,,,,,,,,
228214,,,,,,,,,0.933894,5.219474,,,38.251472,55.288635,0.215898,0.297625,,,,,,,,,,,,
228218,,,,,,,,,,,,,,,,,,,,0.363635,1.008744,2.146090,,,,,,
228222,0.363653,1.007896,2.145686,0.284969,0.975276,2.147850,0.630047,3.108811,0.878959,5.219473,34.654819,52.767605,38.719303,57.410713,0.201009,0.224729,0.015408,0.083773,0.002164,,,,,,,,,
228228,,,,,,,,,,,,,,,,,,,,0.360502,1.014819,2.196444,,,,,,
228234,,,,,,,,,0.796557,4.567040,,,39.112934,58.107143,0.196181,0.216697,,,,,,,,,,,,
228243,,,,,,,,,0.741622,3.262171,,,38.899593,58.148579,0.197465,0.215206,,,,0.356266,1.022197,2.242664,,,,,,
228254,,,,,,,,,0.769089,3.914606,,,38.175545,57.638897,0.204002,0.219329,,,,0.351586,1.029674,2.288383,,,,,,
228258,,,,,,,,,,,,,,,,,,,,0.346824,1.036727,2.336665,,,,,,
228264,,,,,,,,,0.741622,4.567040,,,38.110874,57.754597,0.203957,0.217175,,,,,,,,,,,,
228268,,,,,,,,,,,,,,,,,,,,0.341432,1.043306,2.378479,,,,,,
228272,0.341318,1.042736,2.378094,0.267376,0.998115,2.308333,0.593749,3.183820,0.796557,3.262171,35.513065,51.217175,38.056461,57.851944,0.212575,0.199370,0.022564,0.083363,-0.069761,,,,,,,,,
228283,,,,,,,,,0.741622,3.262171,,,38.555222,57.933853,0.206979,0.197207,,,,0.335840,1.049437,2.419929,,,,,,
228288,,,,,,,,,,,,,,,,,,,,0.329849,1.055295,2.452241,,,,,,
228294,,,,,,,,,0.796557,3.262171,,,38.430332,57.458229,0.207644,0.200715,,,,,,,,,,,,
228298,,,,,,,,,,,,,,,,,,,,0.323953,1.060593,2.487373,,,,,,
228304,,,,,,,,,0.741622,1.957302,,,38.869797,57.058037,0.202578,0.203549,,,,,,,,,,,,
228308,,,,,,,,,,,,,,,,,,,,0.317854,1.065725,2.513560,,,,,,
228314,,,,,,,,,0.769089,2.609737,,,39.239559,56.721317,0.198135,0.205816,,,,,,,,,,,,
228318,,,,,,,,,,,,,,,,,,,,0.311519,1.070491,2.545338,,,,,,
228322,0.311542,1.070229,2.542248,0.247451,1.016793,2.470096,0.561344,3.229789,0.741622,1.957302,33.466576,49.330715,39.550678,55.893456,0.173343,0.193917,0.022777,0.080276,-0.072152,,,,,,,,,
228328,,,,,,,,,,,,,,,,,,,,0.305244,1.075256,2.568465,,,,,,
228334,,,,,,,,,0.741622,3.262171,,,39.812454,55.741436,0.169456,0.194155,,,,,,,,,,,,
228343,,,,,,,,,0.741622,3.262171,,,39.488167,55.068985,0.171494,0.199732,,,,0.298971,1.079458,2.591529,,,,,,
228354,,,,,,,,,0.714154,1.304868,,,39.759857,54.503185,0.167519,0.204355,,,,,,,,,,,,
228364,,,,,,,,,0.741622,3.262171,,,39.443913,54.571663,0.169483,0.202622,,,,,,,,,,,,
228368,,,,,,,,,,,,,,,,,,,,0.279876,1.091297,2.657549,,,,,,
228372,0.279835,1.091080,2.661555,0.225882,1.031287,2.630454,0.532905,3.231494,0.769089,1.304867,30.348095,47.618996,38.088993,51.906563,0.150299,0.211299,0.020242,0.077951,-0.031101,,,,,,,,,
228379,,,,,,,,,,,,,,,,,,,,0.273516,1.094964,2.677492,,,,,,
228384,,,,,,,,,0.686687,3.262170,,,39.671677,54.020496,0.132607,0.188879,,,,,,,,,,,,
228388,,,,,,,,,,,,,,,,,,,,0.267222,1.098373,2.700225,,,,,,
228394,,,,,,,,,0.714154,2.609737,,,39.369717,53.620987,0.133823,0.191674,,,,,,,,,,,,
228404,,,,,,,,,0.686687,1.957303,,,39.115650,52.740295,0.134610,0.199456,,,,,,,,,,,,
228414,,,,,,,,,0.714154,3.914605,,,38.357334,52.543827,0.140591,0.200436,,,,,,,,,,,,
228418,,,,,,,,,,,,,,,,,,,,0.248198,1.107767,2.785082,,,,,,
228422,0.248079,1.107500,2.791133,0.203328,1.041722,2.786060,0.508340,3.171760,0.659220,3.914604,28.356901,46.123657,37.174744,52.378517,0.130741,0.185885,0.019447,0.077144,-0.005073,,,,,,,,,
228428,,,,,,,,,,,,,,,,,,,,0.241838,1.110391,2.816027,,,,,,
228434,,,,,,,,,0.631752,1.957303,,,36.724255,51.694881,0.133573,0.191607,,,,,,,,,,,,
228438,,,,,,,,,,,,,,,,,,,,0.235406,1.112758,2.846725,,,,,,
228444,,,,,,,,,0.659220,3.914604,,,35.800671,51.664215,0.141320,0.190806,,,,,,,,,,,,
228454,,,,,,,,,0.659220,3.914604,,,35.023567,51.093868,0.147758,0.195515,,,,,,,,,,,,
228464,,,,,,,,,0.659220,2.609737,,,34.914257,51.158520,0.147539,0.193862,,,,,,,,,,,,
228468,,,,,,,,,,,,,,,,,,,,0.216212,1.118562,2.947064,,,,,,
228472,0.216230,1.118407,2.944925,0.180411,1.048351,2.933277,0.487151,3.039966,0.659220,3.914604,28.072844,44.876816,34.277740,50.668377,0.149823,0.185136,0.021440,0.075704,-0.011648,,,,,,,,,
228478,,,,,,,,,,,,,,,,,,,,0.209853,1.119971,2.983105,,,,,,
228484,,,,,,,,,0.631752,3.262170,,,33.742176,50.255970,0.154045,0.188184,,,,,,,,,,,,
228488,,,,,,,,,,,,,,,,,,,,0.203621,1.121251,3.016520,,,,,,
228494,,,,,,,,,0.631752,3.262170,,,33.291550,49.908970,0.157507,0.190648,,,,,,,,,,,,
228504,,,,,,,,,0.659220,2.609737,,,33.456936,49.617004,0.154777,0.192620,,,,,,,,,,,,
228514,,,,,,,,,0.631752,3.262170,,,32.507008,49.371346,0.163389,0.194177,,,,,,,,,,,,
228518,,,,,,,,,,,,,,,,,,,,0.185272,1.123868,3.124575,,,,,,
228524,0.185236,1.123711,3.123183,0.157686,1.051550,3.068970,0.468317,2.838344,0.247207,1.957303,29.396025,43.804665,29.529564,45.352844,0.206369,0.223331,0.026217,0.072656,-0.054213,,,,,,,,,
228528,,,,,,,,,,,,,,,,,,,,0.179334,1.124186,-3.125277,,,,,,
228534,,,,,,,,,0.933894,3.914605,,,32.469776,49.050743,0.176352,0.185303,,,,,,,,,,,,
228538,,,,,,,,,,,,,,,,,,,,0.173547,1.124307,-3.092074,,,,,,
228544,,,,,,,,,0.659220,2.609737,,,32.765499,48.894894,0.172721,0.185843,,,,,,,,,,,,
228548,,,,,,,,,,,,,,,,,,,,0.167862,1.124240,-3.064286,,,,,,
228554,,,,,,,,,0.631752,3.262170,,,32.469776,48.763763,0.175063,0.186163,,,,,,,,,,,,
228558,,,,,,,,,,,,,,,,,,,,0.162246,1.124030,-3.033613,,,,,,
228564,,,,,,,,,0.604285,2.609737,,,32.220955,48.108887,0.176986,0.191851,,,,,,,,,,,,
228568,,,,,,,,,,,,,,,,,,,,0.155943,1.123715,-3.005946,,,,,,
228572,0.155868,1.123592,-3.007927,0.135643,1.051789,-3.092211,0.450373,2.582229,0.631752,3.262170,30.293142,42.461475,32.011597,47.557873,0.187707,0.182910,0.029614,0.068467,-0.084284,,,,,,,,,
228583,,,,,,,,,0.604285,1.304869,,,32.379986,47.094250,0.183606,0.186619,,,,0.149597,1.123083,-2.981026,,,,,,
228588,,,,,,,,,,,,,,,,,,,,0.143312,1.122402,-2.956097,,,,,,
228594,,,,,,,,,0.604285,2.609737,,,32.145405,46.704159,0.185581,0.189672,,,,,,,,,,,,
228604,,,,,,,,,0.631752,1.957303,,,32.492573,46.375935,0.181670,0.192171,,,,,,,,,,,,
228614,,,,,,,,,0.604285,2.609737,,,32.240135,46.099766,0.183805,0.194205,,,,,,,,,,,,
228618,,,,,,,,,,,,,,,,,,,,0.125127,1.119406,-2.889199,,,,,,
228622,0.125221,1.119258,-2.888216,0.114694,1.049606,-2.984912,0.431659,2.294307,0.604285,1.304869,29.466810,39.791904,32.572277,45.322857,0.171599,0.174172,0.027650,0.064790,-0.096696,,,,,,,,,
228628,,,,,,,,,,,,,,,,,,,,0.119207,1.118138,-2.869618,,,,,,
228634,,,,,,,,,0.631752,1.957303,,,32.307198,45.213707,0.173682,0.174180,,,,,,,,,,,,
228643,,,,,,,,,0.576817,1.957303,,,32.628704,44.577324,0.169834,0.179586,,,,0.113150,1.116774,-2.852832,,,,,,
228654,,,,,,,,,0.604285,1.304869,,,32.899220,44.041874,0.166443,0.184091,,,,,,,,,,,,
228664,,,,,,,,,0.576817,1.957303,,,32.582287,43.591347,0.168989,0.187836,,,,,,,,,,,,
228668,,,,,,,,,,,,,,,,,,,,0.094915,1.111376,-2.799708,,,,,,
228672,0.095148,1.111318,-2.798926,0.095181,1.045576,-2.892334,0.410612,1.997202,0.631752,1.957303,27.307821,36.202465,32.860165,43.756817,0.143510,0.148776,0.022058,0.061931,-0.093409,,,,,,,,,
228678,,,,,,,,,,,,,,,,,,,,0.089089,1.109487,-2.782815,,,,,,
228684,,,,,,,,,0.604285,1.304869,,,33.093971,43.351498,0.140014,0.151400,,,,,,,,,,,,
228688,,,,,,,,,,,,,,,,,,,,0.083438,1.107460,-2.765948,,,,,,
228694,,,,,,,,,0.604285,1.304869,,,32.746151,42.465919,0.142405,0.159003,,,,,,,,,,,,
228698,,,,,,,,,,,,,,,,,,,,0.077750,1.105518,-2.751808,,,,,,
228704,,,,,,,,,0.521882,1.957302,,,32.453495,42.265339,0.144302,0.159796,,,,,,,,,,,,
228708,,,,,,,,,,,,,,,,,,,,0.072144,1.103387,-2.734829,,,,,,
228714,,,,,,,,,0.549350,1.304868,,,32.207256,41.552025,0.145785,0.165859,,,,,,,,,,,,
228718,,,,,,,,,,,,,,,,,,,,0.066551,1.101173,-2.720723,,,,,,
228722,0.066807,1.101177,-2.721812,0.077354,1.040272,-2.813721,0.386053,1.708615,0.604285,1.304869,24.556931,32.041363,32.544613,41.496387,0.113305,0.122914,0.015192,0.059916,-0.091908,,,,,,,,,
228728,,,,,,,,,,,,,,,,,,,,0.061046,1.098806,-2.706599,,,,,,
228734,,,,,,,,,0.549350,1.304868,,,31.739378,40.905029,0.119921,0.127054,,,,,,,,,,,,
228738,,,,,,,,,,,,,,,,,,,,0.055596,1.096373,-2.692447,,,,,,
228744,,,,,,,,,0.521882,1.957302,,,31.606398,39.862919,0.119841,0.135911,,,,,,,,,,,,
228754,,,,,,,,,0.521882,0.652434,,,30.949965,39.530628,0.125126,0.137736,,,,,,,,,,,,
228764,,,,,,,,,0.494415,1.304868,,,30.942184,38.706497,0.123927,0.144644,,,,,,,,,,,,
228768,,,,,,,,,,,,,,,,,,,,0.039689,1.088929,-2.649773,,,,,,
228772,0.040099,1.089049,-2.650345,0.061399,1.034243,-2.747956,0.357346,1.439621,0.384545,1.304868,21.199228,27.234638,29.302010,36.923988,0.105131,0.112464,0.007072,0.058373,-0.097611,0.039689,1.088929,-2.649773,,,,,,
228778,,,,,,,,,,,,,,,,,,,,0.034555,1.086273,-2.635556,,,,,,
228784,,,,,,,,,0.604285,1.304869,,,29.555595,37.602356,0.100924,0.103607,,,,,,,,,,,,
228788,,,,,,,,,,,,,,,,,,,,0.029557,1.083731,-2.623987,,,,,,
228791,,,,,,,,,,,,,,,,,,,,0.029557,1.083731,-2.623987,,,,,,
228794,,,,,,,,,0.466947,1.957303,,,29.224421,36.539505,0.102631,0.112375,,,,,,,,,,,,
228804,,,,,,,,,0.439480,1.304869,,,28.401226,35.645222,0.109422,0.119635,,,,,,,,,,,,
228814,,,,,,,,,0.384545,1.304868,,,27.164047,34.892773,0.120601,0.125628,,,,,,,,,,,,
228818,,,,,,,,,,,,,,,,,,,,0.014696,1.075579,-2.583494,,,,,,
228822,0.015431,1.075902,-2.583630,0.047416,1.027980,-2.693709,0.324448,1.195718,,,17.344152,21.975742,25.578541,33.170578,0.096259,0.088022,-0.001761,0.057589,-0.110079,0.014696,1.075579,-2.583494,,,,,,
228825,,,,,,,,,0.494415,1.304868,,,,,,,,,,,,,,,,,,
228828,,,,,,,,,,,,,,,,,,,,0.010186,1.072877,-2.574090,,,,,,
228834,,,,,,,,,0.357077,0.652434,,,26.422670,33.355152,0.086002,0.083901,,,,,,,,,,,,
228838,,,,,,,,,,,,,,,,,,,,0.006594,1.070719,-2.560278,,,,,,
228844,,,,,,,,,0.439480,1.304869,,,26.043833,32.965908,0.088050,0.085595,,,,,,,,,,,,
228848,,,,,,,,,,,,,,,,,,,,0.003485,1.068645,-2.551639,,,,,,
228854,,,,,,,,,0.412012,0.652434,,,25.180536,31.549313,0.095116,0.097846,,,,,,,,,,,,
228858,,,,,,,,,,,,,,,,,,,,0.000397,1.066545,-2.539927,,,,,,
228864,,,,,,,,,0.329610,1.304868,,,24.454159,30.901934,0.100958,0.102535,,,,,,,,,,,,
228868,,,,,,,,,,,,,,,,,,,,-0.002821,1.064353,-2.534241,,,,,,
228872,-0.002439,1.064554,-2.532911,0.035453,1.021901,-2.649677,0.287875,0.978417,0.384545,0.000000,14.212720,17.758732,23.298443,28.723598,0.079383,0.079955,-0.006698,0.056658,-0.116766,,,,,,,,,
228878,,,,,,,,,,,,,,,,,,,,-0.005979,1.062125,-2.525630,,,,,,
228884,,,,,,,,,0.329610,1.304868,,,23.415110,29.068920,0.076376,0.074240,,,,,,,,,,,,
228888,,,,,,,,,,,,,,,,,,,,-0.008820,1.060206,-2.519583,,,,,,
228894,,,,,,,,,0.329610,0.000000,,,22.424187,27.725845,0.084643,0.085677,,,,,,,,,,,,
228904,,,,,,,,,0.302142,0.652434,,,21.590424,26.595781,0.091505,0.095211,,,,,,,,,,,,
228914,,,,,,,,,0.274675,1.304868,,,20.888895,25.644947,0.097185,0.103142,,,,,,,,,,,,
228918,,,,,,,,,,,,,,,,,,,,-0.017148,1.054430,-2.502194,,,,,,
228922,-0.016839,1.054593,-2.499297,0.025490,1.016333,-2.614607,0.248596,0.787052,0.302142,0.652434,10.959843,13.734986,20.298630,24.844913,0.068691,0.068683,-0.010975,0.055992,-0.115310,,,,,,,,,
228928,,,,,,,,,,,,,,,,,,,,-0.019303,1.052831,-2.493561,,,,,,
228934,,,,,,,,,0.274675,0.000000,,,19.801981,23.627222,0.071889,0.078881,,,,,,,,,,,,
228938,,,,,,,,,,,,,,,,,,,,-0.021476,1.051211,-2.487401,,,,,,
228944,,,,,,,,,0.274675,1.304868,,,18.839558,23.147202,0.079938,0.081799,,,,,,,,,,,,
228954,,,,,,,,,0.247207,0.652434,,,18.029774,22.198769,0.086622,0.089590,,,,,,,,,,,,
228964,,,,,,,,,0.247207,0.652434,,,17.348421,21.400757,0.092157,0.096037,,,,,,,,,,,,
228968,,,,,,,,,,,,,,,,,,,,-0.027606,1.046621,-2.461036,,,,,,
228972,-0.027523,1.046655,-2.461509,0.017452,1.011507,-2.587322,0.207925,0.619961,0.247207,0.652434,8.284013,10.264032,16.775131,20.729309,0.069434,0.065949,-0.012866,0.055611,-0.125813,,,,,,,,,
228978,,,,,,,,,,,,,,,,,,,,-0.029593,1.045056,-2.449261,,,,,,
228984,,,,,,,,,0.219740,1.304868,,,15.748222,20.164354,0.078210,0.069619,,,,,,,,,,,,
228988,,,,,,,,,,,,,,,,,,,,-0.031545,1.043534,-2.443247,,,,,,
228994,,,,,,,,,0.219740,0.000000,,,14.884182,19.144459,0.085530,0.078042,,,,,,,,,,,,
229004,,,,,,,,,0.219740,1.304868,,,14.701721,18.286318,0.086071,0.085018,,,,,,,,,,,,
229014,,,,,,,,,0.192272,0.652434,,,14.003656,18.108822,0.091908,0.085224,,,,,,,,,,,,
229018,,,,,,,,,,,,,,,,,,,,-0.036555,1.039243,-2.419506,,,,,,
229025,-0.036415,1.039347,-2.420293,0.011217,1.007558,-2.566762,0.167348,0.475177,0.247207,0.652434,5.565839,6.816442,13.960848,17.959476,0.063475,0.050013,-0.014777,0.055326,-0.146469,,,,,,,,,
229028,,,,,,,,,,,,,,,,,,,,-0.037851,1.038002,-2.416634,,,,,,
229034,,,,,,,,,0.164805,0.000000,,,13.380285,16.744730,0.067718,0.060175,,,,,,,,,,,,
229038,,,,,,,,,,,,,,,,,,,,-0.039254,1.036845,-2.411056,,,,,,
229044,,,,,,,,,0.192272,0.652434,,,12.891800,16.267187,0.071138,0.063061,,,,,,,,,,,,
229054,,,,,,,,,0.164805,0.000000,,,12.480788,15.320839,0.073865,0.070823,,,,,,,,,,,,
229064,,,,,,,,,0.192272,0.652434,,,12.134963,15.069124,0.076009,0.071690,,,,,,,,,,,,
229068,,,,,,,,,,,,,,,,,,,,-0.043169,1.033350,-2.399112,,,,,,
229072,-0.043200,1.033311,-2.398152,0.006607,1.004522,-2.551884,0.128399,0.350941,0.137337,0.652434,2.684618,3.512415,11.299442,14.312789,0.053829,0.044053,-0.017180,0.054903,-0.153732,,,,,,,,,
229078,,,,,,,,,,,,,,,,,,,,-0.044285,1.032259,-2.396155,,,,,,
229084,,,,,,,,,0.164805,0.000000,,,11.140979,13.676409,0.053723,0.048384,,,,,,,,,,,,
229088,,,,,,,,,,,,,,,,,,,,-0.045574,1.031181,-2.393054,,,,,,
229094,,,,,,,,,0.137337,0.652434,,,10.463104,13.140958,0.058946,0.051813,,,,,,,,,,,,
229104,,,,,,,,,0.137337,-0.652434,,,9.892741,12.145886,0.063208,0.060037,,,,,,,,,,,,
229114,,,,,,,,,0.109870,1.304868,,,9.412838,11.853177,0.066661,0.061295,,,,,,,,,,,,
229118,,,,,,,,,,,,,,,,,,,,-0.048997,1.028183,-2.381018,,,,,,
229122,-0.048841,1.028291,-2.376981,0.003448,1.002385,-2.541851,0.092564,0.245934,0.109870,0.000000,-0.109721,0.385567,9.009047,11.062348,0.040932,0.035800,-0.019800,0.054893,-0.164870,,,,,,,,,
229128,,,,,,,,,,,,,,,,,,,,-0.049854,1.027307,-2.378043,,,,,,
229134,,,,,,,,,0.082402,0.652434,,,8.124754,10.396945,0.048128,0.040452,,,,,,,,,,,,
229138,,,,,,,,,,,,,,,,,,,,-0.050539,1.026632,-2.375243,,,,,,
229144,,,,,,,,,0.109870,0.000000,,,7.380710,9.837074,0.054070,0.044160,,,,,,,,,,,,
229154,,,,,,,,,0.082402,0.652434,,,7.299215,9.365999,0.053404,0.047075,,,,,,,,,,,,
229164,,,,,,,,,0.054935,0.000000,,,6.686101,8.425094,0.058176,0.054876,,,,,,,,,,,,
229168,,,,,,,,,,,,,,,,,,,,-0.052285,1.025002,-2.363237,,,,,,
229172,-0.052162,1.025118,-2.364391,0.001481,1.001031,-2.535665,0.061174,0.159404,0.054935,1.304868,-2.380093,-2.093824,5.625685,8.177959,0.044475,0.030499,-0.021349,0.054790,-0.171274,,,,,,,,,
229178,,,,,,,,,,,,,,,,,,,,-0.052728,1.024596,-2.360115,,,,,,
229184,,,,,,,,,0.054935,0.000000,,,5.277994,7.425477,0.046420,0.036120,,,,,,,,,,,,
229188,,,,,,,,,,,,,,,,,,,,-0.053089,1.024191,-2.354111,,,,,,
229194,,,,,,,,,0.027467,0.652434,,,4.440903,6.792338,0.053427,0.040674,,,,,,,,,,,,
229204,,,,,,,,,0.027467,-0.652434,,,4.281118,5.715073,0.053692,0.049885,,,,,,,,,,,,
229214,,,,,,,,,0.054935,0.000000,,,4.146676,5.353205,0.053732,0.052014,,,,,,,,,,,,
229218,,,,,,,,,,,,,,,,,,,,-0.053915,1.023497,-2.348188,,,,,,
229222,-0.053932,1.023471,-2.349548,0.000446,1.000311,-2.532430,0.035377,0.091072,0.027467,0.652434,-3.998922,-3.864544,3.489012,5.048729,0.042622,0.035569,-0.021710,0.054973,-0.182882,,,,,,,,,
229228,,,,,,,,,,,,,,,,,,,,-0.053900,1.023369,-2.348175,,,,,,
229234,,,,,,,,,0.027467,0.652434,,,2.935654,4.792543,0.046769,0.036400,,,,,,,,,,,,
229238,,,,,,,,,,,,,,,,,,,,-0.053981,1.023342,-2.348163,,,,,,
229244,,,,,,,,,-0.000000,0.000000,,,2.470059,4.032445,0.050131,0.042421,,,,,,,,,,,,
229254,,,,,,,,,-0.000000,0.000000,,,2.078307,3.392899,0.052833,0.047365,,,,,,,,,,,,
229264,,,,,,,,,0.027467,0.652434,,,1.748688,3.399328,0.054980,0.045848,,,,,,,,,,,,
229268,,,,,,,,,,,,,,,,,,,,-0.053821,1.023535,-2.342312,,,,,,
229272,-0.053910,1.023446,-2.340182,0.000055,1.000038,-2.531212,0.016103,0.041190,-0.000000,0.000000,-4.867564,-4.815892,1.471345,2.860194,0.047799,0.040191,-0.020728,0.055050,-0.191030,,,,,,,,,
229278,,,,,,,,,,,,,,,,,,,,-0.053711,1.023684,-2.339384,,,,,,
229284,,,,,,,,,0.027467,0.652434,,,1.237990,2.951110,0.048911,0.037728,,,,,,,,,,,,
229288,,,,,,,,,,,,,,,,,,,,-0.053447,1.023867,-2.339544,,,,,,
229294,,,,,,,,,-0.000000,0.000000,,,1.041645,2.483063,0.049693,0.040949,,,,,,,,,,,,
229304,,,,,,,,,-0.000000,0.000000,,,0.876440,2.089249,0.050196,0.043506,,,,,,,,,,,,
229313,,,,,,,,,-0.000000,0.000000,,,0.737436,1.757894,0.050465,0.045505,,,,,,,,,,,,
229318,,,,,,,,,,,,,,,,,,,,-0.052510,1.024858,-2.336745,,,,,,
229324,-0.052627,1.024739,-2.337034,0.000000,1.000000,-2.531041,0.004113,0.010490,-0.000000,0.000000,-5.004311,-4.992031,0.620479,1.479092,0.049143,0.045237,-0.018668,0.055074,-0.194007,,,,,,,,,
229328,,,,,,,,,,,,,,,,,,,,-0.052059,1.025285,-2.336768,,,,,,
229334,,,,,,,,,-0.000000,0.000000,,,0.522071,1.244508,0.049021,0.046336,,,,,,,,,,,,
229338,,,,,,,,,,,,,,,,,,,,-0.051586,1.025759,-2.336885,,,,,,
229344,,,,,,,,,-0.000000,0.000000,,,0.439270,1.047128,0.048761,0.047102,,,,,,,,,,,,
229354,,,,,,,,,-0.000000,0.000000,,,0.369602,0.881054,0.048383,0.047588,,,,,,,,,,,,
229364,,,,,,,,,-0.000000,0.000000,,,0.310983,0.741318,0.047906,0.047839,,,,,,,,,,,,
229368,,,,,,,,,,,,,,,,,,,,-0.050498,1.026909,-2.336898,,,,,,
229372,-0.050676,1.026726,-2.336909,0.000000,1.000000,-2.531041,-0.000000,0.000000,-0.000000,0.000000,-4.465264,-4.465264,0.261661,0.623745,0.052844,0.053264,-0.015876,0.055048,-0.194131,,,,,,,,,
229383,,,,,,,,,-0.000000,0.000000,,,0.220162,0.524819,0.052322,0.053255,,,,-0.050584,1.026835,-2.330867,,,,,,
229388,,,,,,,,,,,,,,,,,,,,-0.050746,1.026682,-2.327852,,,,,,
229394,,,,,,,,,-0.000000,0.000000,,,0.185244,0.441583,0.051741,0.053106,,,,,,,,,,,,
229404,,,,,,,,,0.027467,0.652434,,,0.155864,0.916091,0.051111,0.047285,,,,,,,,,,,,
229414,,,,,,,,,-0.000000,0.000000,,,0.131144,0.770799,0.050438,0.047691,,,,,,,,,,,,
229418,,,,,,,,,,,,,,,,,,,,-0.050749,1.026675,-2.324853,,,,,,
229422,-0.050743,1.026679,-2.325865,0.000000,1.000000,-2.531041,-0.000000,0.000000,-0.000000,0.000000,-4.316470,-4.316470,0.110345,0.648550,0.051249,0.049408,-0.015347,0.055236,-0.205176,,,,,,,,,
229428,,,,,,,,,,,,,,,,,,,,-0.050731,1.026720,-2.324853,,,,,,
229434,,,,,,,,,-0.000000,0.000000,,,0.092844,0.545690,0.050542,0.049464,,,,,,,,,,,,
229443,,,,,,,,,-0.000000,0.000000,,,0.078119,0.459143,0.049811,0.049375,,,,-0.050746,1.026673,-2.324836,,,,,,
229454,,,,,,,,,-0.000000,0.000000,,,0.065729,0.386323,0.049058,0.049162,,,,,,,,,,,,
229464,,,,,,,,,-0.000000,0.000000,,,0.055305,0.325052,0.048288,0.048847,,,,,,,,,,,,
229468,,,,,,,,,,,,,,,,,,,,-0.050735,1.026685,-2.324853,,,,,,
229472,-0.050736,1.026684,-2.324938,0.000000,1.000000,-2.531041,-0.000000,0.000000,-0.000000,0.000000,-4.299720,-4.299720,0.046533,0.273499,0.047674,0.048615,-0.015288,0.055249,-0.206103,,,,,,,,,
229478,,,,,,,,,,,,,,,,,,,,-0.050747,1.026680,-2.324853,,,,,,
229484,,,,,,,,,-0.000000,0.000000,,,0.039153,0.230122,0.046880,0.048143,,,,,,,,,,,,
229488,,,,,,,,,,,,,,,,,,,,-0.050745,1.026682,-2.324853,,,,,,
229494,,,,,,,,,-0.000000,0.000000,,,0.032943,0.193625,0.046075,0.047609,,,,,,,,,,,,
229504,,,,,,,,,-0.000000,0.000000,,,0.027719,0.162916,0.045262,0.047024,,,,,,,,,,,,
229514,,,,,,,,,-0.000000,0.000000,,,0.023322,0.137077,0.044442,0.046395,,,,,,,,,,,,
229518,,,,,,,,,,,,,,,,,,,,-0.050741,1.026687,-2.324853,,,,,,
229522,-0.050741,1.026687,-2.324860,0.000000,1.000000,-2.531041,-0.000000,0.000000,-0.000000,0.000000,-4.298916,-4.298916,0.019623,0.115337,0.043623,0.045737,-0.015285,0.055256,-0.206181,,,,,,,,,
229528,,,,,,,,,,,,,,,,,,,,-0.050754,1.026672,-2.324853,,,,,,
229534,,,,,,,,,-0.000000,0.000000,,,0.016511,0.097044,0.042791,0.045041,,,,,,,,,,,,
229538,,,,,,,,,,,,,,,,,,,,-0.050741,1.026683,-2.324853,,,,,,
229544,,,,,,,,,-0.000000,0.000000,,,0.013893,0.081653,0.041955,0.044319,,,,,,,,,,,,
229554,,,,,,,,,-0.000000,0.000000,,,0.011689,0.068703,0.041114,0.043575,,,,,,,,,,,,
229564,,,,,,,,,-0.000000,0.000000,,,0.009835,0.057807,0.040271,0.042812,,,,,,,,,,,,
229568,,,,,,,,,,,,,,,,,,,,-0.050741,1.026674,-2.324853,,,,,,
229572,-0.050741,1.026675,-2.324854,0.000000,1.000000,-2.531041,-0.000000,0.000000,-0.000000,0.000000,-4.301388,-4.301388,0.008275,0.048638,0.039400,0.042009,-0.015294,0.055248,-0.206187,,,,,,,,,
229578,,,,,,,,,,,,,,,,,,,,-0.050743,1.026671,-2.324853,,,,,,
229584,,,,,,,,,-0.000000,0.000000,,,0.006963,0.040924,0.038552,0.041218,,,,,,,,,,,,
229588,,,,,,,,,,,,,,,,,,,,-0.050746,1.026672,-2.324853,,,,,,
229594,,,,,,,,,-0.000000,0.000000,,,0.005859,0.034434,0.037701,0.040416,,,,,,,,,,,,
229604,,,,,,,,,-0.000000,0.000000,,,0.004929,0.028973,0.036849,0.039604,,,,,,,,,,,,
229614,,,,,,,,,-0.000000,0.000000,,,0.004148,0.024378,0.035996,0.038785,,,,,,,,,,,,
229618,,,,,,,,,,,,,,,,,,,,-0.050753,1.026673,-2.324853,,,,,,
229622,-0.050752,1.026673,-2.324853,0.000000,1.000000,-2.531041,-0.000000,0.000000,-0.000000,0.000000,-4.303804,-4.303804,0.003490,0.020511,0.035117,0.037935,-0.015302,0.055254,-0.206188,,,,,,,,,
229628,,,,,,,,,,,,,,,,,,,,-0.050749,1.026679,-2.324853,,,,,,
229634,,,,,,,,,-0.000000,0.000000,,,0.002936,0.017258,0.034261,0.037103,,,,,,,,,,,,
229643,,,,,,,,,-0.000000,0.000000,,,0.002471,0.014521,0.033404,0.036267,,,,-0.050753,1.026672,-2.324853,,,,,,
229654,,,,,,,,,-0.000000,0.000000,,,0.002079,0.012218,0.032547,0.035427,,,,,,,,,,,,
229664,,,,,,,,,-0.000000,0.000000,,,0.001749,0.010280,0.031689,0.034583,,,,,,,,,,,,
229668,,,,,,,,,,,,,,,,,,,,-0.050754,1.026673,-2.324853,,,,,,
229672,-0.050754,1.026673,-2.324853,0.000000,1.000000,-2.531041,-0.000000,0.000000,-0.000000,0.000000,-4.304241,-4.304241,0.001472,0.008650,0.030827,0.033733,-0.015304,0.055256,-0.206188,,,,,,,,,
229678,,,,,,,,,,,,,,,,,,,,-0.050779,1.026687,-2.324853,,,,,,
229684,,,,,,,,,-0.000000,0.000000,,,0.001238,0.007278,0.029968,0.032884,,,,,,,,,,,,
229688,,,,,,,,,,,,,,,,,,,,-0.050762,1.026671,-2.324853,,,,,,
229694,,,,,,,,,-0.000000,0.000000,,,0.001042,0.006124,0.029109,0.032034,,,,,,,,,,,,
229704,,,,,,,,,-0.000000,0.000000,,,0.000877,0.005152,0.028249,0.031181,,,,,,,,,,,,
229714,,,,,,,,,-0.000000,0.000000,,,0.000738,0.004335,0.027390,0.030328,,,,,,,,,,,,
229718,,,,,,,,,,,,,,,,,,,,-0.050754,1.026668,-2.324853,,,,,,
229722,-0.050754,1.026668,-2.324853,0.000000,1.000000,-2.531041,-0.000000,0.000000,-0.000000,0.000000,-4.305084,-4.305084,0.000621,0.003648,0.026521,0.029464,-0.015307,0.055252,-0.206188,,,,,,,,,
229728,,,,,,,,,,,,,,,,,,,,-0.050756,1.026669,-2.324853,,,,,,
229734,,,,,,,,,-0.000000,0.000000,,,0.000522,0.003069,0.025661,0.028609,,,,,,,,,,,,
229738,,,,,,,,,,,,,,,,,,,,-0.050761,1.026665,-2.324853,,,,,,
229744,,,,,,,,,-0.000000,0.000000,,,0.000439,0.002582,0.024801,0.027752,,,,,,,,,,,,
229754,,,,,,,,,-0.000000,0.000000,,,0.000370,0.002173,0.023941,0.026895,,,,,,,,,,,,
229764,,,,,,,,,-0.000000,0.000000,,,0.000311,0.001828,0.023080,0.026037,,,,,,,,,,,,
229768,,,,,,,,,,,,,,,,,,,,-0.050755,1.026665,-2.324853,,,,,,
229772,-0.050755,1.026666,-2.324853,0.000000,1.000000,-2.531041,-0.000000,0.000000,-0.000000,0.000000,-4.305849,-4.305849,0.000262,0.001538,0.022212,0.025170,-0.015310,0.055251,-0.206188,,,,,,,,,
229778,,,,,,,,,,,,,,,,,,,,-0.050755,1.026661,-2.324853,,,,,,
229784,,,,,,,,,-0.000000,0.000000,,,0.000220,0.001294,0.021351,0.024311,,,,,,,,,,,,
229788,,,,,,,,,,,,,,,,,,,,-0.050760,1.026662,-2.324853,,,,,,
229794,,,,,,,,,-0.000000,0.000000,,,0.000185,0.001089,0.020490,0.023452,,,,,,,,,,,,
229798,,,,,,,,,,,,,,,,,,,,-0.050762,1.026683,-2.324836,,,,,,
229804,,,,,,,,,-0.000000,0.000000,,,0.000156,0.000916,0.019629,0.022593,,,,,,,,,,,,
229808,,,,,,,,,,,,,,,,,,,,-0.050761,1.026670,-2.324853,,,,,,
229814,,,,,,,,,-0.000000,0.000000,,,0.000131,0.000771,0.018768,0.021733,,,,,,,,,,,,
229818,,,,,,,,,,,,,,,,,,,,-0.050764,1.026665,-2.324853,,,,,,
229822,-0.050763,1.026665,-2.324853,0.000000,1.000000,-2.531041,-0.000000,0.000000,-0.000000,0.000000,-4.307618,-4.307618,0.000110,0.000649,0.017889,0.020855,-0.015316,0.055257,-0.206188,,,,,,,,,
229828,,,,,,,,,,,,,,,,,,,,-0.050768,1.026667,-2.324853,,,,,,
229834,,,,,,,,,-0.000000,0.000000,,,0.000093,0.000546,0.017028,0.019994,,,,,,,,,,,,
229838,,,,,,,,,,,,,,,,,,,,-0.050766,1.026667,-2.324853,,,,,,
229844,,,,,,,,,-0.000000,0.000000,,,0.000078,0.000459,0.016166,0.019133,,,,,,,,,,,,
229854,,,,,,,,,-0.000000,0.000000,,,0.000066,0.000386,0.015305,0.018272,,,,,,,,,,,,
229864,,,,,,,,,-0.000000,0.000000,,,0.000055,0.000325,0.014444,0.017411,,,,,,,,,,,,
229868,,,,,,,,,,,,,,,,,,,,-0.050765,1.026663,-2.324853,,,,,,
229872,-0.050765,1.026663,-2.324853,0.000000,1.000000,-2.531041,-0.000000,0.000000,-0.000000,0.000000,-4.308337,-4.308337,0.000047,0.000274,0.013575,0.016543,-0.015319,0.055257,-0.206188,,,,,,,,,
229878,,,,,,,,,,,,,,,,,,,,-0.050791,1.026670,-2.324853,,,,,,
229884,,,,,,,,,-0.000000,0.000000,,,0.000039,0.000230,0.012713,0.015682,,,,,,,,,,,,
229888,,,,,,,,,,,,,,,,,,,,-0.050777,1.026662,-2.324853,,,,,,
229894,,,,,,,,,-0.000000,0.000000,,,0.000033,0.000194,0.011852,0.014820,,,,,,,,,,,,
229904,,,,,,,,,-0.000000,0.000000,,,0.000028,0.000163,0.010990,0.013959,,,,,,,,,,,,
229914,,,,,,,,,-0.000000,0.000000,,,0.000023,0.000137,0.010128,0.013097,,,,,,,,,,,,
229918,,,,,,,,,,,,,,,,,,,,-0.050765,1.026663,-2.324853,,,,,,
229924,-0.050765,1.026663,-2.324853,0.000000,1.000000,-2.531041,-0.000000,0.000000,-0.000000,0.000000,-4.308257,-4.308257,0.000020,0.000115,0.009268,0.012237,-0.015318,0.055257,-0.206188,,,,,,,,,
229928,,,,,,,,,,,,,,,,,,,,-0.050795,1.026671,-2.324853,,,,,,
229934,,,,,,,,,-0.000000,0.000000,,,0.000017,0.000097,0.008406,0.011375,,,,,,,,,,,,
229938,,,,,,,,,,,,,,,,,,,,-0.050772,1.026659,-2.324853,,,,,,
229944,,,,,,,,,-0.000000,0.000000,,,0.000014,0.000082,0.007544,0.010514,,,,,,,,,,,,
229954,,,,,,,,,-0.000000,0.000000,,,0.000012,0.000069,0.006683,0.009652,,,,,,,,,,,,
229964,,,,,,,,,-0.000000,0.000000,,,0.000010,0.000058,0.005821,0.008791,,,,,,,,,,,,
229968,,,,,,,,,,,,,,,,,,,,-0.050768,1.026663,-2.324853,,,,,,
229972,-0.050768,1.026663,-2.324853,0.000000,1.000000,-2.531041,-0.000000,0.000000,-0.000000,0.000000,-4.308861,-4.308861,0.000008,0.000049,0.004953,0.007923,-0.015320,0.055259,-0.206188,,,,,,,,,
229983,,,,,,,,,-0.000000,0.000000,,,0.000007,0.000041,0.004091,0.007061,,,,-0.050768,1.026662,-2.324853,,,,,,
229988,,,,,,,,,,,,,,,,,,,,-0.050770,1.026659,-2.324853,,,,,,
229994,,,,,,,,,-0.000000,0.000000,,,0.000006,0.000034,0.003230,0.006200,,,,,,,,,,,,
230004,,,,,,,,,-0.000000,0.000000,,,0.000005,0.000029,0.002368,0.005338,,,,,,,,,,,,
230014,,,,,,,,,-0.000000,0.000000,,,0.000004,0.000024,0.001506,0.004476,,,,,,,,,,,,
230018,,,,,,,,,,,,,,,,,,,,-0.050767,1.026661,-2.324853,,,,,,
230022,-0.050767,1.026661,-2.324853,0.000000,1.000000,-2.531041,-0.000000,0.000000,-0.000000,0.000000,-4.309119,-4.309119,0.000003,0.000021,0.000642,0.003612,-0.015321,0.055257,-0.206188,,,,,,,,,
230028,,,,,,,,,,,,,,,,,,,,-0.050770,1.026658,-2.324853,,,,,,
230034,,,,,,,,,-0.000000,0.000000,,,0.000003,0.000017,-0.000220,0.002750,,,,,,,,,,,,
230043,,,,,,,,,-0.000000,0.000000,,,0.000002,0.000015,-0.001082,0.001888,,,,-0.050771,1.026657,-2.324853,,,,,,
230054,,,,,,,,,-0.000000,0.000000,,,0.000002,0.000012,-0.001944,0.001026,,,,,,,,,,,,
230064,,,,,,,,,-0.000000,0.000000,,,0.000002,0.000010,-0.002805,0.000165,,,,,,,,,,,,
230068,,,,,,,,,,,,,,,,,,,,-0.050773,1.026664,-2.324836,,,,,,
230072,-0.050772,1.026664,-2.324837,0.000000,1.000000,-2.531041,-0.000000,0.000000,-0.000000,0.000000,-4.309267,-4.309267,0.000001,0.000009,-0.003669,-0.000699,-0.015322,0.055263,-0.206203,,,,,,,,,
230078,,,,,,,,,,,,,,,,,,,,-0.050771,1.026679,-2.324836,,,,,,
230084,,,,,,,,,-0.000000,0.000000,,,0.000001,0.000007,-0.004531,-0.001561,,,,,,,,,,,,
230088,,,,,,,,,,,,,,,,,,,,-0.050768,1.026663,-2.324836,,,,,,
230094,,,,,,,,,-0.000000,0.000000,,,0.000001,0.000006,-0.005392,-0.002422,,,,,,,,,,,,
230104,,,,,,,,,-0.000000,0.000000,,,0.000001,0.000005,-0.006254,-0.003284,,,,,,,,,,,,
230114,,,,,,,,,-0.000000,0.000000,,,0.000001,0.000004,-0.007116,-0.004146,,,,,,,,,,,,
230118,,,,,,,,,,,,,,,,,,,,-0.050775,1.026661,-2.324836,,,,,,
230122,-0.050775,1.026661,-2.324836,0.000000,1.000000,-2.531041,-0.000000,0.000000,-0.000000,0.000000,-4.310424,-4.310424,0.000001,0.000004,-0.007990,-0.005020,-0.015326,0.055263,-0.206205,,,,,,,,,
230128,,,,,,,,,,,,,,,,,,,,-0.050771,1.026655,-2.324836,,,,,,
230134,,,,,,,,,-0.000000,0.000000,,,0.000001,0.000003,-0.008852,-0.005882,,,,,,,,,,,,
230138,,,,,,,,,,,,,,,,,,,,-0.050769,1.026660,-2.324836,,,,,,
230144,,,,,,,,,-0.000000,0.000000,,,0.000000,0.000003,-0.009714,-0.006744,,,,,,,,,,,,
230154,,,,,,,,,-0.000000,0.000000,,,0.000000,0.000002,-0.010576,-0.007606,,,,,,,,,,,,
230164,,,,,,,,,-0.000000,0.000000,,,0.000000,0.000002,-0.011438,-0.008468,,,,,,,,,,,,
230168,,,,,,,,,,,,,,,,,,,,-0.050774,1.026654,-2.324836,,,,,,
230172,-0.050774,1.026655,-2.324836,0.000000,1.000000,-2.531041,-0.000000,0.000000,-0.000000,0.000000,-4.311440,-4.311440,0.000000,0.000002,-0.012311,-0.009341,-0.015330,0.055258,-0.206205,,,,,,,,,
230178,,,,,,,,,,,,,,,,,,,,-0.050775,1.026655,-2.324853,,,,,,
230184,,,,,,,,,-0.000000,0.000000,,,0.000000,0.000001,-0.013173,-0.010203,,,,,,,,,,,,
230188,,,,,,,,,,,,,,,,,,,,-0.050774,1.026655,-2.324836,,,,,,
230194,,,,,,,,,-0.000000,0.000000,,,0.000000,0.000001,-0.014035,-0.011065,,,,,,,,,,,,
230204,,,,,,,,,-0.000000,0.000000,,,0.000000,0.000001,-0.014897,-0.011927,,,,,,,,,,,,
230213,,,,,,,,,-0.000000,0.000000,,,0.000000,0.000001,-0.015760,-0.012790,,,,,,,,,,,,
230218,,,,,,,,,,,,,,,,,,,,-0.050776,1.026656,-2.324853,,,,,,
230224,-0.050776,1.026656,-2.324852,0.000000,1.000000,-2.531041,-0.000000,0.000000,-0.000000,0.000000,-4.311889,-4.311889,0.000000,0.000001,-0.016627,-0.013657,-0.015331,0.055261,-0.206190,,,,,,,,,
230228,,,,,,,,,,,,,,,,,,,,-0.050772,1.026656,-2.324836,,,,,,
230234,,,,,,,,,-0.000000,0.000000,,,0.000000,0.000001,-0.017489,-0.014519,,,,,,,,,,,,
230238,,,,,,,,,,,,,,,,,,,,-0.050775,1.026659,-2.324853,,,,,,
230244,,,,,,,,,-0.000000,0.000000,,,0.000000,0.000000,-0.018351,-0.015381,,,,,,,,,,,,
230254,,,,,,,,,-0.000000,0.000000,,,0.000000,0.000000,-0.019214,-0.016244,,,,,,,,,,,,
230264,,,,,,,,,-0.000000,0.000000,,,0.000000,0.000000,-0.020076,-0.017106,,,,,,,,,,,,
230268,,,,,,,,,,,,,,,,,,,,-0.050777,1.026660,-2.324853,,,,,,
230272,-0.050777,1.026660,-2.324853,0.000000,1.000000,-2.531041,-0.000000,0.000000,-0.000000,0.000000,-4.311219,-4.311219,0.000000,0.000000,-0.020932,-0.017962,-0.015329,0.055263,-0.206188,,,,,,,,,
230283,,,,,,,,,-0.000000,0.000000,,,0.000000,0.000000,-0.021794,-0.018824,,,,-0.050773,1.026659,-2.324836,,,,,,
230288,,,,,,,,,,,,,,,,,,,,-0.050773,1.026657,-2.324853,,,,,,
230294,,,,,,,,,-0.000000,0.000000,,,0.000000,0.000000,-0.022656,-0.019686,,,,,,,,,,,,
230304,,,,,,,,,-0.000000,0.000000,,,0.000000,0.000000,-0.023518,-0.020548,,,,,,,,,,,,
230314,,,,,,,,,-0.000000,0.000000,,,0.000000,0.000000,-0.024381,-0.021411,,,,,,,,,,,,
230318,,,,,,,,,,,,,,,,,,,,-0.050776,1.026658,-2.324836,,,,,,
230322,-0.050776,1.026658,-2.324837,0.000000,1.000000,-2.531041,-0.000000,0.000000,-0.000000,0.000000,-4.311354,-4.311354,0.000000,0.000000,-0.025244,-0.022274,-0.015329,0.055262,-0.206203,,,,,,,,,
230328,,,,,,,,,,,,,,,,,,,,-0.050775,1.026654,-2.324853,,,,,,
230334,,,,,,,,,-0.000000,0.000000,,,0.000000,0.000000,-0.026107,-0.023136,,,,,,,,,,,,
230338,,,,,,,,,,,,,,,,,,,,-0.050777,1.026656,-2.324836,,,,,,
230344,,,,,,,,,-0.000000,0.000000,,,0.000000,0.000000,-0.026969,-0.023999,,,,,,,,,,,,
230354,,,,,,,,,-0.000000,0.000000,,,0.000000,0.000000,-0.027831,-0.024861,,,,,,,,,,,,
230364,,,,,,,,,-0.000000,0.000000,,,0.000000,0.000000,-0.028693,-0.025723,,,,,,,,,,,,
230368,,,,,,,,,,,,,,,,,,,,-0.050775,1.026655,-2.324836,,,,,,
230372,-0.050775,1.026655,-2.324836,0.000000,1.000000,-2.531041,-0.000000,0.000000,-0.000000,0.000000,-4.311683,-4.311683,0.000000,0.000000,-0.029559,-0.026589,-0.015330,0.055259,-0.206205,,,,,,,,,
230378,,,,,,,,,,,,,,,,,,,,-0.050777,1.026674,-2.324836,,,,,,
230384,,,,,,,,,-0.000000,0.000000,,,0.000000,0.000000,-0.030421,-0.027451,,,,,,,,,,,,
230388,,,,,,,,,,,,,,,,,,,,-0.050775,1.026657,-2.324836,,,,,,
230394,,,,,,,,,-0.000000,0.000000,,,0.000000,0.000000,-0.031284,-0.028314,,,,,,,,,,,,
230398,,,,,,,,,,,,,,,,,,,,-0.050778,1.026656,-2.324836,,,,,,
230404,,,,,,,,,-0.000000,0.000000,,,0.000000,0.000000,-0.032146,-0.029176,,,,,,,,,,,,
230408,,,,,,,,,,,,,,,,,,,,-0.050777,1.026656,-2.324836,,,,,,
230414,,,,,,,,,-0.000000,0.000000,,,0.000000,0.000000,-0.033008,-0.030038,,,,,,,,,,,,
230418,,,,,,,,,,,,,,,,,,,,-0.050777,1.026656,-2.324836,,,,,,
230422,-0.050777,1.026656,-2.324836,0.000000,1.000000,-2.531041,-0.000000,0.000000,-0.000000,0.000000,-4.311994,-4.311994,0.000000,0.000000,-0.033874,-0.030904,-0.015332,0.055261,-0.206205,,,,,,,,,
230428,,,,,,,,,,,,,,,,,,,,-0.050774,1.026656,-2.324836,,,,,,
230434,,,,,,,,,-0.000000,0.000000,,,0.000000,0.000000,-0.034736,-0.031766,,,,,,,,,,,,
230438,,,,,,,,,,,,,,,,,,,,-0.050778,1.026654,-2.324853,,,,,,
230444,,,,,,,,,-0.000000,0.000000,,,0.000000,0.000000,-0.035599,-0.032629,,,,,,,,,,,,
230454,,,,,,,,,-0.000000,0.000000,,,0.000000,0.000000,-0.036461,-0.033491,,,,,,,,,,,,
230464,,,,,,,,,-0.000000,0.000000,,,0.000000,0.000000,-0.037323,-0.034353,,,,,,,,,,,,
230468,,,,,,,,,,,,,,,,,,,,-0.050776,1.026655,-2.324836,,,,,,
230472,-0.050776,1.026655,-2.324836,0.000000,1.000000,-2.531041,-0.000000,0.000000,-0.000000,0.000000,-4.311811,-4.311811,0.000000,0.000000,-0.038184,-0.035214,-0.015331,0.055260,-0.206205,,,,,,,,,
230478,,,,,,,,,,,,,,,,,,,,-0.050777,1.026657,-2.324836,,,,,,
230484,,,,,,,,,-0.000000,0.000000,,,0.000000,0.000000,-0.039046,-0.036076,,,,,,,,,,,,
230488,,,,,,,,,,,,,,,,,,,,-0.050779,1.026652,-2.324836,,,,,,
230494,,,,,,,,,-0.000000,0.000000,,,0.000000,0.000000,-0.039909,-0.036939,,,,,,,,,,,,
230504,,,,,,,,,-0.000000,0.000000,,,0.000000,0.000000,-0.040771,-0.037801,,,,,,,,,,,,
230514,,,,,,,,,-0.000000,0.000000,,,0.000000,0.000000,-0.041633,-0.038663,,,,,,,,,,,,
230522,-0.050776,1.026671,-2.324836,0.000000,1.000000,-2.531041,-0.000000,0.000000,,,,,,,,,,,,-0.050776,1.026672,-2.324836,,,,,,
230525,,,,,,,,,-0.000000,0.000000,-4.308540,-4.308540,0.000000,0.000000,-0.042462,-0.039492,-0.015319,0.055270,-0.206205,,,,,,,,,
230528,,,,,,,,,,,,,,,,,,,,-0.050776,1.026655,-2.324836,,,,,,
230534,,,,,,,,,-0.027467,-0.652434,,,0.000000,-0.544543,-0.043324,-0.034800,,,,,,,,,,,,
230538,,,,,,,,,,,,,,,,,,,,-0.050775,1.026652,-2.324836,,,,,,
230544,,,,,,,,,-0.000000,0.000000,,,0.000000,-0.458179,-0.044186,-0.036433,,,,,,,,,,,,
230554,,,,,,,,,-0.000000,0.000000,,,0.000000,-0.385511,-0.045048,-0.037945,,,,,,,,,,,,
230564,,,,,,,,,-0.000000,0.000000,,,0.000000,-0.324369,-0.045909,-0.039353,,,,,,,,,,,,
230568,,,,,,,,,,,,,,,,,,,,-0.050781,1.026652,-2.324836,,,,,,
230572,-0.050781,1.026654,-2.324836,0.000000,1.000000,-2.531041,-0.000000,0.000000,-0.000000,0.000000,-4.312988,-4.312988,0.000000,-0.272924,-0.046816,-0.040720,-0.015335,0.055262,-0.206205,,,,,,,,,
230583,,,,,,,,,-0.000000,0.000000,,,0.000000,-0.229638,-0.047679,-0.041969,,,,-0.050779,1.026653,-2.324836,,,,,,
230588,,,,,,,,,,,,,,,,,,,,-0.050778,1.026653,-2.324836,,,,,,
230594,,,,,,,,,-0.000000,0.000000,,,0.000000,-0.193218,-0.048542,-0.043158,,,,,,,,,,,,
230604,,,,,,,,,-0.000000,0.000000,,,0.000000,-0.162573,-0.049404,-0.044294,,,,,,,,,,,,
230614,,,,,,,,,-0.000000,0.000000,,,0.000000,-0.136789,-0.050267,-0.045387,,,,,,,,,,,,
230618,,,,,,,,,,,,,,,,,,,,-0.050779,1.026655,-2.324836,,,,,,
230622,-0.050779,1.026654,-2.324836,0.000000,1.000000,-2.531041,-0.000000,0.000000,-0.000000,0.000000,-4.312634,-4.312634,0.000000,-0.115094,-0.051126,-0.046440,-0.015334,0.055262,-0.206205,,,,,,,,,
230628,,,,,,,,,,,,,,,,,,,,-0.050780,1.026650,-2.324836,,,,,,
230634,,,,,,,,,-0.000000,0.000000,,,0.000000,-0.096840,-0.051988,-0.047466,,,,,,,,,,,,
230643,,,,,,,,,-0.000000,0.000000,,,0.000000,-0.081482,-0.052851,-0.048466,,,,-0.050788,1.026654,-2.324836,,,,,,
230654,,,,,,,,,-0.000000,0.000000,,,0.000000,-0.068559,-0.053713,-0.049444,,,,,,,,,,,,
230664,,,,,,,,,-0.000000,0.000000,,,0.000000,-0.057685,-0.054576,-0.050403,,,,,,,,,,,,
230668,,,,,,,,,,,,,,,,,,,,-0.050776,1.026650,-2.324836,,,,,,
230672,-0.050776,1.026650,-2.324836,0.000000,1.000000,-2.531041,-0.000000,0.000000,-0.000000,0.000000,-4.312869,-4.312869,0.000000,-0.048536,-0.055441,-0.051350,-0.015335,0.055256,-0.206205,,,,,,,,,
230678,,,,,,,,,,,,,,,,,,,,-0.050782,1.026650,-2.324836,,,,,,
230684,,,,,,,,,-0.000000,0.000000,,,0.000000,-0.040838,-0.056303,-0.052281,,,,,,,,,,,,
230688,,,,,,,,,,,,,,,,,,,,-0.050782,1.026650,-2.324836,,,,,,
230694,,,,,,,,,-0.000000,0.000000,,,0.000000,-0.034361,-0.057166,-0.053202,,,,,,,,,,,,
230704,,,,,,,,,-0.000000,0.000000,,,0.000000,-0.028912,-0.058028,-0.054113,,,,,,,,,,,,
230714,,,,,,,,,-0.027467,-0.652434,,,0.000000,-0.024326,-0.058891,-0.055017,,,,,,,,,,,,
230718,,,,,,,,,,,,,,,,,,,,-0.050785,1.026646,-2.324836,,,,,,
230722,-0.050704,1.026730,-2.327574,0.000000,1.000000,-2.531041,-0.000000,0.000000,-0.000000,0.000000,-4.325281,-4.325281,0.000000,-0.565011,-0.059880,-0.050486,-0.015379,0.055217,-0.203467,,,,,,,,,
230728,,,,,,,,,,,,,,,,,,,,-0.050780,1.026651,-2.324836,,,,,,
230734,,,,,,,,,-0.000000,0.000000,,,0.000000,-0.475401,-0.060745,-0.052152,,,,,,,,,,,,
230738,,,,,,,,,,,,,,,,,,,,-0.050780,1.026668,-2.327852,,,,,,
230744,,,,,,,,,-0.000000,0.000000,,,0.000000,-0.400002,-0.061610,-0.053691,,,,,,,,,,,,
230754,,,,,,,,,-0.000000,0.000000,,,0.000000,-0.336562,-0.062475,-0.055123,,,,,,,,,,,,
230764,,,,,,,,,-0.000000,0.000000,,,0.000000,-0.283183,-0.063340,-0.056466,,,,,,,,,,,,
230768,,,,,,,,,,,,,,,,,,,,-0.050670,1.026777,-2.330882,,,,,,
230772,-0.050673,1.026773,-2.330604,0.000000,1.000000,-2.531041,-0.000000,0.000000,-0.000000,0.000000,-4.357370,-4.357370,0.000000,-0.238270,-0.064533,-0.058059,-0.015493,0.055177,-0.200437,,,,,,,,,
230779,,,,,,,,,,,,,,,,,,,,-0.050663,1.026772,-2.330865,,,,,,
230784,,,,,,,,,-0.000000,0.000000,,,0.000000,-0.200480,-0.065404,-0.059269,,,,,,,,,,,,
230788,,,,,,,,,,,,,,,,,,,,-0.050672,1.026754,-2.330865,,,,,,
230794,,,,,,,,,-0.000000,0.000000,,,0.000000,-0.168684,-0.066276,-0.060424,,,,,,,,,,,,
230804,,,,,,,,,-0.000000,0.000000,,,0.000000,-0.141931,-0.067147,-0.061535,,,,,,,,,,,,
230814,,,,,,,,,-0.027467,-0.652434,,,0.000000,-0.663964,-0.068019,-0.057053,,,,,,,,,,,,
230824,-0.050591,1.026838,-2.333581,0.000000,1.000000,-2.531041,-0.000000,0.000000,-0.000000,0.000000,-4.374583,-4.374583,0.000000,-0.558659,-0.069066,-0.059042,-0.015554,0.055116,-0.197460,-0.050701,1.026761,-2.330882,,,,,,
230828,,,,,,,,,,,,,,,,,,,,-0.050730,1.026768,-2.333877,,,,,,
230834,,,,,,,,,-0.000000,0.000000,,,0.000000,-0.470056,-0.069941,-0.060709,,,,,,,,,,,,
230838,,,,,,,,,,,,,,,,,,,,-0.050642,1.026765,-2.336921,,,,,,
230844,,,,,,,,,-0.027467,-0.652434,,,0.000000,-0.940048,-0.070816,-0.056696,,,,,,,,,,,,
230854,,,,,,,,,-0.000000,0.000000,,,0.000000,-0.790956,-0.071691,-0.058903,,,,,,,,,,,,
230864,,,,,,,,,-0.000000,0.000000,,,0.000000,-0.665510,-0.072565,-0.060900,,,,,,,,,,,,
230868,,,,,,,,,,,,,,,,,,,,-0.050297,1.027108,-2.342928,,,,,,
230872,-0.050322,1.027086,-2.342144,0.000000,1.000000,-2.531041,-0.000000,0.000000,-0.027467,-0.652434,-4.404366,-4.404366,0.000000,-1.104504,-0.073744,-0.057467,-0.015660,0.054961,-0.188897,,,,,,,,,
230883,,,,,,,,,-0.000000,0.000000,,,0.000000,-0.929329,-0.074625,-0.059914,,,,-0.050210,1.027165,-2.342901,,,,,,
230888,,,,,,,,,,,,,,,,,,,,-0.050163,1.027205,-2.345891,,,,,,
230894,,,,,,,,,-0.000000,0.000000,,,0.000000,-0.781937,-0.075506,-0.062113,,,,,,,,,,,,
230904,,,,,,,,,-0.027467,-0.652434,,,0.000000,-1.202465,-0.076387,-0.058548,,,,,,,,,,,,
230913,,,,,,,,,-0.000000,0.000000,,,0.000000,-1.011754,-0.077268,-0.061133,,,,,,,,,,,,
230918,,,,,,,,,,,,,,,,,,,,-0.050014,1.027331,-2.354906,,,,,,
230922,-0.050040,1.027310,-2.353835,0.000000,1.000000,-2.531041,-0.000000,0.000000,-0.000000,0.000000,-4.484129,-4.484129,0.000000,-0.851290,-0.078962,-0.064262,-0.015944,0.054733,-0.177206,,,,,,,,,
230928,,,,,,,,,,,,,,,,,,,,-0.049924,1.027409,-2.354906,,,,,,
230934,,,,,,,,,-0.027467,-0.652434,,,0.000000,-1.260818,-0.079859,-0.060812,,,,,,,,,,,,
230943,,,,,,,,,-0.000000,0.000000,,,0.000000,-1.060852,-0.080756,-0.063496,,,,-0.049850,1.027451,-2.357903,,,,,,
230954,,,,,,,,,-0.027467,-0.652434,,,0.000000,-1.437144,-0.081653,-0.060342,,,,,,,,,,,,
230964,,,,,,,,,-0.000000,0.000000,,,0.000000,-1.209213,-0.082549,-0.063277,,,,,,,,,,,,
230968,,,,,,,,,,,,,,,,,,,,-0.049628,1.027586,-2.369853,,,,,,
230972,-0.049662,1.027563,-2.368509,0.000000,1.000000,-2.531041,-0.000000,0.000000,-0.027467,-0.652434,-4.583744,-4.583744,0.000000,-1.561975,-0.084462,-0.061350,-0.016298,0.054410,-0.162532,,,,,,,,,
230978,,,,,,,,,,,,,,,,,,,,-0.049449,1.027756,-2.372840,,,,,,
230984,,,,,,,,,-0.000000,0.000000,,,0.000000,-1.314245,-0.085379,-0.064481,,,,,,,,,,,,
230988,,,,,,,,,,,,,,,,,,,,-0.049227,1.027933,-2.375811,,,,,,
230994,,,,,,,,,-0.027467,-0.652434,,,0.000000,-1.650349,-0.086296,-0.061706,,,,,,,,,,,,
231004,,,,,,,,,-0.000000,0.000000,,,0.000000,-1.388604,-0.087213,-0.064963,,,,,,,,,,,,
231014,,,,,,,,,-0.054935,0.000000,,,-0.544543,-1.712914,-0.082575,-0.062294,,,,,,,,,,,,
231018,,,,,,,,,,,,,,,,,,,,-0.049039,1.028073,-2.381777,,,,,,
231022,-0.048926,1.028191,-2.380663,0.000000,1.000000,-2.531041,-0.000000,0.000000,-0.000000,0.000000,-4.497583,-4.497583,-0.458179,-1.441246,-0.083385,-0.064760,-0.015991,0.054155,-0.150378,,,,,,,,,
231028,,,,,,,,,,,,,,,,,,,,-0.049060,1.028043,-2.387752,,,,,,
231034,,,,,,,,,-0.027467,-0.652434,,,-0.385511,-1.757207,-0.084934,-0.062149,,,,,,,,,,,,
231038,,,,,,,,,,,,,,,,,,,,-0.049014,1.028066,-2.390708,,,,,,
231044,,,,,,,,,-0.000000,0.000000,,,-0.324369,-1.478514,-0.086380,-0.065539,,,,,,,,,,,,
231054,,,,,,,,,-0.027467,-0.652434,,,-0.272924,-1.788565,-0.087739,-0.062981,,,,,,,,,,,,
231064,,,,,,,,,-0.000000,0.000000,,,-0.229638,-1.504898,-0.089026,-0.066416,,,,,,,,,,,,
231068,,,,,,,,,,,,,,,,,,,,-0.048581,1.028394,-2.402619,,,,,,
231072,-0.048610,1.028377,-2.400777,0.000000,1.000000,-2.531041,-0.000000,0.000000,-0.027467,-0.652434,-4.702319,-4.702319,-0.193218,-1.810764,-0.092339,-0.065983,-0.016719,0.053746,-0.130264,,,,,,,,,
231078,,,,,,,,,,,,,,,,,,,,-0.048326,1.028603,-2.405603,,,,,,
231084,,,,,,,,,-0.000000,0.000000,,,-0.162573,-1.523577,-0.093554,-0.069491,,,,,,,,,,,,
231088,,,,,,,,,,,,,,,,,,,,-0.048118,1.028788,-2.408581,,,,,,
231094,,,,,,,,,-0.027467,-0.652434,,,-0.136789,-1.826480,-0.094725,-0.067037,,,,,,,,,,,,
231104,,,,,,,,,-0.027467,-0.652434,,,-0.115094,-2.081344,-0.095859,-0.065012,,,,,,,,,,,,
231114,,,,,,,,,-0.027467,-0.652434,,,-0.096840,-2.295785,-0.096963,-0.063349,,,,,,,,,,,,
231124,-0.048073,1.028830,-2.410664,0.000000,1.000000,-2.531041,-0.000000,0.000000,-0.000000,0.000000,-4.654027,-4.654027,-0.081482,-1.931674,-0.097548,-0.067052,-0.016548,0.053557,-0.120377,-0.047691,1.029038,-2.423377,,,,,,
231128,,,,,,,,,,,,,,,,,,,,-0.047506,1.029143,-2.426368,,,,,,
231134,,,,,,,,,-0.027467,-0.652434,,,-0.068559,-2.169853,-0.098594,-0.065167,,,,,,,,,,,,
231138,,,,,,,,,,,,,,,,,,,,-0.047335,1.029266,-2.429288,,,,,,
231144,,,,,,,,,-0.000000,0.000000,,,-0.057685,-1.825714,-0.099622,-0.069174,,,,,,,,,,,,
231148,,,,,,,,,,,,,,,,,,,,-0.047179,1.029368,-2.435192,,,,,,
231154,,,,,,,,,-0.027467,-0.652434,,,-0.048536,-2.080699,-0.100635,-0.067139,,,,,,,,,,,,
231158,,,,,,,,,,,,,,,,,,,,-0.047050,1.029475,-2.438142,,,,,,
231164,,,,,,,,,-0.027467,-0.652434,,,-0.040838,-2.295243,-0.101634,-0.065465,,,,,,,,,,,,
231168,,,,,,,,,,,,,,,,,,,,-0.046946,1.029556,-2.441116,,,,,,
231172,-0.046954,1.029571,-2.441298,0.000000,1.000000,-2.531041,-0.000000,0.000000,-0.027467,-0.652434,-4.738125,-4.738125,-0.034361,-2.475760,-0.103481,-0.064953,-0.016847,0.052870,-0.089743,,,,,,,,,
231183,,,,,,,,,-0.000000,0.000000,,,-0.028912,-2.083104,-0.104477,-0.069411,,,,-0.046833,1.029633,-2.447008,,,,,,
231188,,,,,,,,,,,,,,,,,,,,-0.046659,1.029760,-2.452894,,,,,,
231194,,,,,,,,,-0.027467,-0.652434,,,-0.024326,-2.297267,-0.105466,-0.067757,,,,,,,,,,,,
231204,,,,,,,,,-0.000000,0.000000,,,-0.020468,-1.932920,-0.106448,-0.071962,,,,,,,,,,,,
231214,,,,,,,,,-0.027467,-0.652434,,,-0.017222,-2.170902,-0.107425,-0.070096,,,,,,,,,,,,
231218,,,,,,,,,,,,,,,,,,,,-0.046189,1.030083,-2.461693,,,,,,
231222,-0.046164,1.030113,-2.462719,0.000000,1.000000,-2.531041,-0.000000,0.000000,-0.027467,-0.652434,-4.786901,-4.786901,-0.014491,-2.371140,-0.108894,-0.069064,-0.017020,0.052424,-0.068322,,,,,,,,,
231228,,,,,,,,,,,,,,,,,,,,-0.046092,1.030136,-2.464629,,,,,,
231234,,,,,,,,,-0.000000,0.000000,,,-0.012192,-1.995077,-0.109872,-0.073383,,,,,,,,,,,,
231243,,,,,,,,,-0.027467,-0.652434,,,-0.010259,-2.223200,-0.110847,-0.071615,,,,-0.045991,1.030144,-2.470477,,,,,,
231254,,,,,,,,,-0.027467,-0.652434,,,-0.008632,-2.415144,-0.111819,-0.070170,,,,,,,,,,,,
231264,,,,,,,,,-0.027467,-0.652434,,,-0.007263,-2.576645,-0.112788,-0.068997,,,,,,,,,,,,
231268,,,,,,,,,,,,,,,,,,,,-0.045473,1.030425,-2.485166,,,,,,
231272,-0.045440,1.030469,-2.486020,0.000000,1.000000,-2.531041,-0.000000,0.000000,-0.000000,0.000000,-4.906577,-4.906577,-0.006111,-2.167989,-0.114977,-0.074828,-0.017446,0.051854,-0.045021,,,,,,,,,
231278,,,,,,,,,,,,,,,,,,,,-0.045219,1.030568,-2.488090,,,,,,
231284,,,,,,,,,-0.027467,-0.652434,,,-0.005142,-2.368689,-0.115967,-0.073328,,,,,,,,,,,,
231288,,,,,,,,,,,,,,,,,,,,-0.044930,1.030743,-2.493904,,,,,,
231294,,,,,,,,,-0.027467,-0.652434,,,-0.004326,-2.537557,-0.116955,-0.072113,,,,,,,,,,,,
231304,,,,,,,,,-0.027467,-0.652434,,,-0.003640,-2.679644,-0.117943,-0.071138,,,,,,,,,,,,
231314,,,,,,,,,-0.000000,0.000000,,,-0.003063,-2.254652,-0.118929,-0.075918,,,,,,,,,,,,
231318,,,,,,,,,,,,,,,,,,,,-0.044539,1.031001,-2.508487,,,,,,
231322,-0.044615,1.030957,-2.506601,0.000000,1.000000,-2.531041,-0.000000,0.000000,-0.027467,-0.652434,-4.937596,-4.937596,-0.002577,-2.441607,-0.120231,-0.074858,-0.017556,0.051387,-0.024439,,,,,,,,,
231328,,,,,,,,,,,,,,,,,,,,-0.044376,1.031063,-2.514344,,,,,,
231334,,,,,,,,,-0.027467,-0.652434,,,-0.002168,-2.598911,-0.121222,-0.073753,,,,,,,,,,,,
231338,,,,,,,,,,,,,,,,,,,,-0.044147,1.031173,-2.520160,,,,,,
231344,,,,,,,,,-0.027467,-0.652434,,,-0.001824,-2.731266,-0.122213,-0.072870,,,,,,,,,,,,
231354,,,,,,,,,-0.027467,-0.652434,,,-0.001535,-2.842630,-0.123203,-0.072176,,,,,,,,,,,,
231364,,,,,,,,,-0.000000,0.000000,,,-0.001292,-2.391789,-0.124193,-0.077193,,,,,,,,,,,,
231368,,,,,,,,,,,,,,,,,,,,-0.043358,1.031623,-2.537583,,,,,,
231372,-0.043464,1.031567,-2.534983,-0.000001,0.999999,-2.531041,-0.000000,0.000000,-0.054935,-1.304868,-4.981492,-4.981492,-0.001087,-2.556994,-0.125630,-0.076465,-0.017712,0.050713,0.003942,,,,,,,,,
231378,,,,,,,,,,,,,,,,,,,,-0.043135,1.031686,-2.540482,,,,,,
231384,,,,,,,,,-0.027467,-0.652434,,,-0.000914,-2.695997,-0.126628,-0.075532,,,,,,,,,,,,
231388,,,,,,,,,,,,,,,,,,,,-0.042953,1.031750,-2.549135,,,,,,
231394,,,,,,,,,-0.027467,-0.652434,,,-0.000769,-3.357498,-0.127625,-0.069242,,,,,,,,,,,,
231404,,,,,,,,,-0.027467,-0.652434,,,-0.000647,-3.369542,-0.128623,-0.069444,,,,,,,,,,,,
231414,,,,,,,,,-0.027467,-0.652434,,,-0.000545,-3.379675,-0.129620,-0.069663,,,,,,,,,,,,
231418,,,,,,,,,,,,,,,,,,,,-0.042175,1.032155,-2.569403,,,,,,
231422,-0.042188,1.032170,-2.569252,-0.000008,0.999994,-2.531041,0.000074,0.000000,-0.027467,-0.652434,-5.066820,-5.066525,-0.000458,-3.388201,-0.131487,-0.070764,-0.018031,0.049893,0.038211,,,,,,,,,
231428,,,,,,,,,,,,,,,,,,,,-0.041830,1.032321,-2.578055,,,,,,
231434,,,,,,,,,-0.027467,-0.652434,,,-0.000386,-3.395375,-0.132501,-0.071026,,,,,,,,,,,,
231438,,,,,,,,,,,,,,,,,,,,-0.041508,1.032496,-2.583809,,,,,,
231444,,,,,,,,,-0.027467,-0.652434,,,-0.000324,-3.401412,-0.133515,-0.071299,,,,,,,,,,,,
231454,,,,,,,,,-0.027467,-0.652434,,,-0.000273,-3.406491,-0.134529,-0.071580,,,,,,,,,,,,
231464,,,,,,,,,-0.027467,-0.652434,,,-0.000230,-3.410764,-0.135543,-0.071869,,,,,,,,,,,,
231468,,,,,,,,,,,,,,,,,,,,-0.040939,1.032707,-2.603947,,,,,,
231472,-0.040946,1.032723,-2.603773,-0.000027,0.999981,-2.531041,0.000294,0.000000,-0.027467,-0.652434,-5.149020,-5.147215,-0.000193,-3.414360,-0.137395,-0.072986,-0.018370,0.049081,0.072732,,,,,,,,,
231483,,,,,,,,,-0.027467,-0.652434,,,-0.000163,-3.417385,-0.138425,-0.073302,,,,-0.040716,1.032795,-2.609684,,,,,,
231488,,,,,,,,,,,,,,,,,,,,-0.040462,1.032936,-2.615420,,,,,,
231494,,,,,,,,,-0.027467,-0.652434,,,-0.000137,-3.419930,-0.139455,-0.073622,,,,,,,,,,,,
231504,,,,,,,,,-0.027467,-0.652434,,,-0.000115,-3.422072,-0.140485,-0.073945,,,,,,,,,,,,
231514,,,,,,,,,-0.054935,0.000000,,,-0.544640,-3.423874,-0.135961,-0.074272,,,,,,,,,,,,
231518,,,,,,,,,,,,,,,,,,,,-0.039422,1.033398,-2.632593,,,,,,
231522,-0.039351,1.033459,-2.630175,-0.000064,0.999955,-2.531041,0.000655,0.000003,-0.027467,-0.652434,-4.985927,-4.980816,-0.458260,-3.425391,-0.136099,-0.072904,-0.017863,0.048445,0.099134,,,,,,,,,
231528,,,,,,,,,,,,,,,,,,,,-0.039105,1.033552,-2.641170,,,,,,
231534,,,,,,,,,-0.054935,0.000000,,,-0.930123,-3.426666,-0.132192,-0.073202,,,,,,,,,,,,
231543,,,,,,,,,-0.054935,-1.304868,,,-0.782606,-3.972283,-0.134507,-0.067948,,,,-0.038783,1.033692,-2.646898,,,,,,
231554,,,,,,,,,-0.054935,0.000000,,,-1.203027,-3.886822,-0.131060,-0.069021,,,,,,,,,,,,
231564,,,,,,,,,-0.054935,0.000000,,,-1.556770,-3.814914,-0.128208,-0.069973,,,,,,,,,,,,
231568,,,,,,,,,,,,,,,,,,,,-0.037870,1.034143,-2.652563,,,,,,
231572,-0.037793,1.034198,-2.650684,-0.000123,0.999914,-2.531040,0.001152,0.000011,-0.054935,0.000000,-4.731621,-4.721135,-1.854410,-3.754412,-0.123264,-0.068175,-0.017059,0.047994,0.119645,,,,,,,,,
231583,,,,,,,,,-0.054935,0.000000,,,-2.104843,-3.703505,-0.121285,-0.068887,,,,-0.037489,1.034379,-2.655461,,,,,,
231588,,,,,,,,,,,,,,,,,,,,-0.037006,1.034650,-2.655461,,,,,,
231594,,,,,,,,,-0.082402,-0.652434,,,-2.315558,-4.205215,-0.119661,-0.063973,,,,,,,,,,,,
231598,,,,,,,,,,,,,,,,,,,,-0.036432,1.034888,-2.658365,,,,,,
231604,,,,,,,,,-0.054935,0.000000,,,-2.492853,-4.082810,-0.118336,-0.065325,,,,,,,,,,,,
231609,,,,,,,,,,,,,,,,,,,,-0.035905,1.035228,-2.658365,,,,,,
231614,,,,,,,,,-0.054935,0.000000,,,-2.642030,-3.979819,-0.117262,-0.066503,,,,,,,,,,,,
231618,,,,,,,,,,,,,,,,,,,,-0.035194,1.035577,-2.661168,,,,,,
231622,-0.035209,1.035569,-2.660289,-0.000211,0.999852,-2.531037,0.001782,0.000032,-0.054935,0.000000,-3.972631,-3.955265,-2.767547,-3.893163,-0.108658,-0.059724,-0.014487,0.047861,0.129251,,,,,,,,,
231628,,,,,,,,,,,,,,,,,,,,-0.034395,1.035952,-2.661124,,,,,,
231634,,,,,,,,,-0.054935,0.000000,,,-2.873157,-3.820250,-0.107822,-0.060480,,,,,,,,,,,,
231643,,,,,,,,,-0.054935,0.000000,,,-2.962017,-3.758901,-0.107135,-0.061133,,,,-0.033607,1.036344,-2.661167,,,,,,
231654,,,,,,,,,-0.082402,-0.652434,,,-3.036784,-4.251825,-0.106575,-0.056144,,,,,,,,,,,,
231664,,,,,,,,,-0.054935,0.000000,,,-3.099693,-4.122028,-0.106120,-0.057409,,,,,,,,,,,,
231668,,,,,,,,,,,,,,,,,,,,-0.031517,1.037451,-2.663933,,,,,,
231672,-0.031623,1.037400,-2.663627,-0.000333,0.999767,-2.531031,0.002540,0.000077,-0.054935,0.000000,-2.800932,-2.775487,-3.152624,-4.012817,-0.093804,-0.046455,-0.010473,0.047808,0.132596,,,,,,,,,
231678,,,,,,,,,,,,,,,,,,,,-0.031085,1.037681,-2.663963,,,,,,
231684,,,,,,,,,-0.054935,0.000000,,,-3.197161,-3.920927,-0.093279,-0.047145,,,,,,,,,,,,
231688,,,,,,,,,,,,,,,,,,,,-0.030687,1.037888,-2.661189,,,,,,
231694,,,,,,,,,-0.027467,0.652434,,,-3.234634,-3.299068,-0.092818,-0.053259,,,,,,,,,,,,
231704,,,,,,,,,-0.054935,0.000000,,,-3.266164,-3.320378,-0.092409,-0.052937,,,,,,,,,,,,
231714,,,,,,,,,-0.054935,0.000000,,,-3.292693,-3.338309,-0.092046,-0.052645,,,,,,,,,,,,
231718,,,,,,,,,,,,,,,,,,,,-0.029303,1.038571,-2.661083,,,,,,
231722,-0.029293,1.038579,-2.661297,-0.000493,0.999655,-2.531020,0.003422,0.000164,-0.027467,-0.652434,-1.930282,-1.896178,-2.770471,-3.353396,-0.088393,-0.043410,-0.007557,0.047827,0.130277,,,,,,,,,
231728,,,,,,,,,,,,,,,,,,,,-0.029014,1.038740,-2.661113,,,,,,
231734,,,,,,,,,-0.054935,0.000000,,,-2.875618,-3.366090,-0.087153,-0.042989,,,,,,,,,,,,
231738,,,,,,,,,,,,,,,,,,,,-0.028686,1.038929,-2.663953,,,,,,
231744,,,,,,,,,-0.000000,0.000000,,,-2.419544,-2.832228,-0.091616,-0.048140,,,,,,,,,,,,
231754,,,,,,,,,-0.027467,-0.652434,,,-2.035804,-2.927579,-0.095432,-0.046980,,,,,,,,,,,,
231764,,,,,,,,,-0.027467,-0.652434,,,-1.712925,-3.007808,-0.098704,-0.045956,,,,,,,,,,,,
231768,,,,,,,,,,,,,,,,,,,,-0.027861,1.039285,-2.669649,,,,,,
231772,-0.027878,1.039278,-2.671685,-0.000697,0.999512,-2.530998,0.004424,0.000314,-0.000000,0.000000,-1.501906,-1.454406,-1.441255,-2.530769,-0.097149,-0.046093,-0.006229,0.047763,0.140687,,,,,,,,,
231778,,,,,,,,,,,,,,,,,,,,-0.027750,1.039320,-2.675351,,,,,,
231784,,,,,,,,,-0.027467,0.652434,,,-1.757215,-2.129389,-0.093939,-0.049972,,,,,,,,,,,,
231788,,,,,,,,,,,,,,,,,,,,-0.027721,1.039304,-2.678237,,,,,,
231794,,,,,,,,,-0.027467,-0.652434,,,-1.478521,-2.336211,-0.096730,-0.047727,,,,,,,,,,,,
231804,,,,,,,,,-0.000000,0.000000,,,-1.244027,-1.965688,-0.099127,-0.051330,,,,,,,,,,,,
231814,,,,,,,,,-0.000000,0.000000,,,-1.046724,-1.653929,-0.101191,-0.054408,,,,,,,,,,,,
231823,-0.027504,1.039428,-2.680282,-0.000949,0.999336,-2.530962,0.005541,0.000555,,,-1.357883,-1.294558,,,,,-0.005933,0.047721,0.149320,-0.027469,1.039442,-2.681070,,,,,,
231826,,,,,,,,,-0.054935,0.000000,,,-1.425257,-1.936159,-0.095952,-0.049859,,,,-0.027370,1.039473,-2.681081,,,,,,
231834,,,,,,,,,-0.000000,0.000000,,,-1.199211,-1.629084,-0.098244,-0.052863,,,,,,,,,,,,
231838,,,,,,,,,,,,,,,,,,,,-0.027225,1.039554,-2.681081,,,,,,
231844,,,,,,,,,-0.000000,0.000000,,,-1.009016,-1.370711,-0.100216,-0.055431,,,,,,,,,,,,
231854,,,,,,,,,-0.000000,0.000000,,,-0.848986,-1.153316,-0.101918,-0.057634,,,,,,,,,,,,
231864,,,,,,,,,-0.027467,0.652434,,,-1.258880,-0.970400,-0.097839,-0.059528,,,,,,,,,,,,
231868,,,,,,,,,,,,,,,,,,,,-0.026751,1.039847,-2.675358,,,,,,
231872,-0.026711,1.039864,-2.673034,-0.001253,0.999123,-2.530903,0.006769,0.000921,-0.000000,0.000000,-0.832776,-0.757151,-1.059221,-0.816494,-0.094539,-0.055681,-0.004316,0.047847,0.142131,,,,,,,,,
231883,,,,,,,,,-0.027467,-0.652434,,,-0.891229,-1.231542,-0.096207,-0.051435,,,,-0.026693,1.039890,-2.675363,,,,,,
231888,,,,,,,,,,,,,,,,,,,,-0.026587,1.039934,-2.675326,,,,,,
231894,,,,,,,,,-0.027467,0.652434,,,-1.294423,-1.036219,-0.092083,-0.053333,,,,,,,,,,,,
231904,,,,,,,,,-0.027467,-0.652434,,,-1.089127,-1.416418,-0.094085,-0.049399,,,,,,,,,,,,
231914,,,,,,,,,-0.000000,0.000000,,,-0.916391,-1.191774,-0.095795,-0.051558,,,,,,,,,,,,
231918,,,,,,,,,,,,,,,,,,,,-0.026086,1.040212,-2.681013,,,,,,
231922,-0.026139,1.040183,-2.680344,-0.001614,0.998870,-2.530813,0.008105,0.001455,-0.027467,-0.652434,-0.552592,-0.456425,-0.771052,-1.547301,-0.094403,-0.044778,-0.003575,0.047911,0.149531,,,,,,,,,
231928,,,,,,,,,,,,,,,,,,,,-0.025949,1.040277,-2.683851,,,,,,
231934,,,,,,,,,-0.000000,0.000000,,,-0.648763,-1.301899,-0.095607,-0.047063,,,,,,,,,,,,
231938,,,,,,,,,,,,,,,,,,,,-0.025856,1.040331,-2.686693,,,,,,
231954,,,,,,,,,-0.000000,0.000000,,,-0.459294,-0.921684,-0.097521,-0.050644,,,,,,,,,,,,
231958,,,,,,,,,,,,,,,,,,,,-0.025733,1.040373,-2.686686,,,,,,
231964,,,,,,,,,-0.000000,0.000000,,,-0.386450,-0.775505,-0.098283,-0.052042,,,,,,,,,,,,
231968,,,,,,,,,,,,,,,,,,,,-0.025707,1.040407,-2.686693,,,,,,
231972,-0.025743,1.040388,-2.686160,-0.002036,0.998575,-2.530679,0.009544,0.002204,-0.000000,0.000000,-0.285762,-0.166373,-0.325159,-0.652510,-0.096220,-0.050274,-0.002899,0.047979,0.155481,,,,,,,,,
231979,,,,,,,,,,,,,,,,,,,,-0.025693,1.040408,-2.686686,,,,,,
231984,,,,,,,,,-0.000000,0.000000,,,-0.273589,-0.549022,-0.096738,-0.051232,,,,,,,,,,,,
231988,,,,,,,,,,,,,,,,,,,,-0.025700,1.040397,-2.683844,,,,,,
231994,,,,,,,,,-0.000000,0.000000,,,-0.230197,-0.461947,-0.097183,-0.052044,,,,,,,,,,,,
232004,,,,,,,,,-0.000000,0.000000,,,-0.193688,-0.388682,-0.097567,-0.052732,,,,,,,,,,,,
232014,,,,,,,,,-0.000000,0.000000,,,-0.162969,-0.327037,-0.097898,-0.053317,,,,,,,,,,,,
232018,,,,,,,,,,,,,,,,,,,,-0.025755,1.040383,-2.683851,,,,,,
232022,-0.025754,1.040384,-2.684045,-0.002523,0.998234,-2.530485,0.011082,0.003223,-0.000000,0.000000,-0.010781,0.130047,-0.137122,-0.275169,-0.095382,-0.050790,-0.002222,0.048076,0.153560,,,,,,,,,
232028,,,,,,,,,,,,,,,,,,,,-0.025748,1.040390,-2.683851,,,,,,
232034,,,,,,,,,-0.000000,0.000000,,,-0.115375,-0.231527,-0.095578,-0.051154,,,,,,,,,,,,
232038,,,,,,,,,,,,,,,,,,,,-0.025730,1.040380,-2.683844,,,,,,
232044,,,,,,,,,-0.000000,0.000000,,,-0.097076,-0.194807,-0.095744,-0.051456,,,,,,,,,,,,
232054,,,,,,,,,-0.000000,0.000000,,,-0.081680,-0.163910,-0.095884,-0.051707,,,,,,,,,,,,
232064,,,,,,,,,-0.000000,0.000000,,,-0.068725,-0.137914,-0.096002,-0.051913,,,,,,,,,,,,
232068,,,,,,,,,,,,,,,,,,,,-0.025735,1.040373,-2.683844,,,,,,
232072,-0.025737,1.040374,-2.683861,-0.003079,0.997844,-2.530214,0.012717,0.004574,-0.000000,0.000000,0.271814,0.438131,-0.057826,-0.116041,-0.093219,-0.048940,-0.001531,0.048165,0.153647,,,,,,,,,
232078,,,,,,,,,,,,,,,,,,,,-0.025737,1.040379,-2.683844,,,,,,
232084,,,,,,,,,-0.000000,0.000000,,,-0.048654,-0.097637,-0.093246,-0.049017,,,,,,,,,,,,
232088,,,,,,,,,,,,,,,,,,,,-0.025734,1.040376,-2.683844,,,,,,
232094,,,,,,,,,-0.000000,0.000000,,,-0.040938,-0.082152,-0.093261,-0.049068,,,,,,,,,,,,
232104,,,,,,,,,-0.000000,0.000000,,,-0.034445,-0.069122,-0.093265,-0.049097,,,,,,,,,,,,
232114,,,,,,,,,-0.000000,0.000000,,,-0.028982,-0.058160,-0.093259,-0.049107,,,,,,,,,,,,
232124,-0.025735,1.040376,-2.683846,-0.003707,0.997404,-2.529845,0.014443,0.006324,-0.000000,0.000000,0.577987,0.773192,-0.024386,-0.048935,-0.090123,-0.045684,-0.000769,0.048282,0.154001,-0.025743,1.040379,-2.683844,,,,,,
232128,,,,,,,,,,,,,,,,,,,,-0.025740,1.040376,-2.683844,,,,,,
232134,,,,,,,,,-0.000000,0.000000,,,-0.020518,-0.041174,-0.090042,-0.045599,,,,,,,,,,,,
232138,,,,,,,,,,,,,,,,,,,,-0.025754,1.040393,-2.683851,,,,,,
232144,,,,,,,,,-0.000000,0.000000,,,-0.017264,-0.034644,-0.089955,-0.045503,,,,,,,,,,,,
232154,,,,,,,,,-0.000000,0.000000,,,-0.014526,-0.029149,-0.089864,-0.045397,,,,,,,,,,,,
232164,,,,,,,,,-0.000000,0.000000,,,-0.012222,-0.024526,-0.089769,-0.045284,,,,,,,,,,,,
232168,,,,,,,,,,,,,,,,,,,,-0.025753,1.040370,-2.683844,,,,,,
232172,-0.025751,1.040370,-2.683845,-0.004411,0.996910,-2.529351,0.016259,0.008547,-0.000000,0.000000,0.907940,1.135772,-0.010284,-0.020636,-0.086306,-0.041466,0.000063,0.048417,0.154494,,,,,,,,,
232183,,,,,,,,,-0.000000,0.000000,,,-0.008653,-0.017364,-0.086139,-0.041268,,,,-0.025760,1.040383,-2.683851,,,,,,
232188,,,,,,,,,,,,,,,,,,,,-0.025754,1.040389,-2.683851,,,,,,
232194,,,,,,,,,-0.000000,0.000000,,,-0.007280,-0.014610,-0.085969,-0.041065,,,,,,,,,,,,
232204,,,,,,,,,-0.000000,0.000000,,,-0.006126,-0.012293,-0.085798,-0.040859,,,,,,,,,,,,
232214,,,,,,,,,-0.000000,0.000000,,,-0.005154,-0.010343,-0.085625,-0.040649,,,,,,,,,,,,
232218,,,,,,,,,,,,,,,,,,,,-0.025754,1.040389,-2.683851,,,,,,
232222,-0.025753,1.040388,-2.683851,-0.005194,0.996359,-2.528702,0.018159,0.011322,-0.000000,0.000000,1.274311,1.538952,-0.004337,-0.008703,-0.081714,-0.036324,0.001014,0.048582,0.155149,,,,,,,,,
232228,,,,,,,,,,,,,,,,,,,,-0.025753,1.040374,-2.683844,,,,,,
232234,,,,,,,,,-0.000000,0.000000,,,-0.003649,-0.007322,-0.081465,-0.036029,,,,,,,,,,,,
232243,,,,,,,,,-0.000000,0.000000,,,-0.003070,-0.006161,-0.081215,-0.035731,,,,-0.025759,1.040391,-2.683851,,,,,,
232254,,,,,,,,,-0.000000,0.000000,,,-0.002583,-0.005184,-0.080965,-0.035432,,,,,,,,,,,,
232264,,,,,,,,,-0.000000,0.000000,,,-0.002174,-0.004362,-0.080714,-0.035132,,,,,,,,,,,,
232268,,,,,,,,,,,,,,,,,,,,-0.025761,1.040384,-2.683851,,,,,,
232272,-0.025761,1.040385,-2.683851,-0.006060,0.995750,-2.527865,0.020141,0.014734,-0.000000,0.000000,1.667736,1.973870,-0.001829,-0.003670,-0.076449,-0.030394,0.002053,0.048746,0.155987,,,,,,,,,
232278,,,,,,,,,,,,,,,,,,,,-0.025755,1.040371,-2.683844,,,,,,
232284,,,,,,,,,-0.000000,0.000000,,,-0.001539,-0.003088,-0.076118,-0.030004,,,,,,,,,,,,
232288,,,,,,,,,,,,,,,,,,,,-0.025764,1.040383,-2.683851,,,,,,
232294,,,,,,,,,-0.000000,0.000000,,,-0.001295,-0.002598,-0.075787,-0.029614,,,,,,,,,,,,
232304,,,,,,,,,-0.000000,0.000000,,,-0.001089,-0.002186,-0.075455,-0.029223,,,,,,,,,,,,
232314,,,,,,,,,-0.000000,0.000000,,,-0.000917,-0.001839,-0.075123,-0.028831,,,,,,,,,,,,
232319,,,,,,,,,,,,,,,,,,,,-0.025757,1.040388,-2.683851,,,,,,
232322,-0.025757,1.040387,-2.683851,-0.007010,0.995080,-2.526802,0.022203,0.018868,-0.000000,0.000000,2.095620,2.448512,-0.000771,-0.001548,-0.070426,-0.023598,0.003205,0.048928,0.157049,,,,,,,,,
232328,,,,,,,,,,,,,,,,,,,,-0.025761,1.040387,-2.683851,,,,,,
232334,,,,,,,,,-0.000000,0.000000,,,-0.000649,-0.001302,-0.070008,-0.023110,,,,,,,,,,,,
232338,,,,,,,,,,,,,,,,,,,,-0.025766,1.040387,-2.683851,,,,,,
232344,,,,,,,,,-0.000000,0.000000,,,-0.000546,-0.001096,-0.069590,-0.022622,,,,,,,,,,,,
232354,,,,,,,,,-0.000000,0.000000,,,-0.000459,-0.000922,-0.069172,-0.022134,,,,,,,,,,,,
232364,,,,,,,,,-0.000000,0.000000,,,-0.000387,-0.000776,-0.068753,-0.021646,,,,,,,,,,,,
232368,,,,,,,,,,,,,,,,,,,,-0.025765,1.040375,-2.683844,,,,,,
232372,-0.025764,1.040376,-2.683845,-0.008049,0.994345,-2.525469,0.024341,0.023815,-0.000000,0.000000,2.551299,2.956806,-0.000325,-0.000653,-0.063687,-0.015973,0.004451,0.049121,0.158376,,,,,,,,,
232378,,,,,,,,,,,,,,,,,,,,-0.025770,1.040389,-2.683851,,,,,,
232384,,,,,,,,,-0.000000,0.000000,,,-0.000274,-0.000549,-0.063177,-0.015382,,,,,,,,,,,,
232388,,,,,,,,,,,,,,,,,,,,-0.025757,1.040374,-2.683851,,,,,,
232394,,,,,,,,,-0.000000,0.000000,,,-0.000230,-0.000462,-0.062667,-0.014792,,,,,,,,,,,,
232404,,,,,,,,,-0.000000,0.000000,,,-0.000194,-0.000389,-0.062157,-0.014201,,,,,,,,,,,,
232414,,,,,,,,,-0.000000,0.000000,,,-0.000163,-0.000327,-0.061647,-0.013610,,,,,,,,,,,,
232424,-0.025758,1.040374,-2.683851,-0.009178,0.993544,-2.523818,0.026553,0.029666,-0.000000,0.000000,3.043573,3.508257,-0.000137,-0.000275,-0.056116,-0.007394,0.005822,0.049336,0.160033,-0.025769,1.040388,-2.683851,,,,,,
232428,,,,,,,,,,,,,,,,,,,,-0.025770,1.040388,-2.683851,,,,,,
232434,,,,,,,,,-0.000000,0.000000,,,-0.000115,-0.000232,-0.055507,-0.006693,,,,,,,,,,,,
232438,,,,,,,,,,,,,,,,,,,,-0.025770,1.040386,-2.683851,,,,,,
232444,,,,,,,,,-0.000000,0.000000,,,-0.000097,-0.000195,-0.054899,-0.005992,,,,,,,,,,,,
232454,,,,,,,,,-0.000000,0.000000,,,-0.000082,-0.000164,-0.054290,-0.005290,,,,,,,,,,,,
232464,,,,,,,,,-0.000000,0.000000,,,-0.000069,-0.000138,-0.053682,-0.004589,,,,,,,,,,,,
232468,,,,,,,,,,,,,,,,,,,,-0.025770,1.040388,-2.683851,,,,,,
232472,-0.025769,1.040387,-2.683851,-0.010400,0.992674,-2.521799,0.028836,0.036512,-0.000000,0.000000,3.565959,4.097064,-0.000058,-0.000116,-0.047745,0.002118,0.007299,0.049593,0.162052,,,,,,,,,
232483,,,,,,,,,-0.000000,0.000000,,,-0.000049,-0.000098,-0.047032,0.002938,,,,-0.025763,1.040370,-2.683851,,,,,,
232488,,,,,,,,,,,,,,,,,,,,-0.025767,1.040385,-2.683851,,,,,,
232494,,,,,,,,,-0.000000,0.000000,,,-0.000041,-0.000082,-0.046318,0.003757,,,,,,,,,,,,
232504,,,,,,,,,-0.000000,0.000000,,,-0.000034,-0.000069,-0.045605,0.004576,,,,,,,,,,,,
232514,,,,,,,,,-0.000000,0.000000,,,-0.000029,-0.000058,-0.044892,0.005396,,,,,,,,,,,,
232518,,,,,,,,,,,,,,,,,,,,-0.025767,1.040389,-2.683851,,,,,,
232522,-0.025767,1.040389,-2.683851,-0.011718,0.991732,-2.519355,0.031189,0.044441,-0.000000,0.000000,4.123272,4.728772,-0.000024,-0.000049,-0.038494,0.012658,0.008900,0.049857,0.164496,,,,,,,,,
232528,,,,,,,,,,,,,,,,,,,,-0.025768,1.040392,-2.683851,,,,,,
232534,,,,,,,,,-0.000000,0.000000,,,-0.000021,-0.000041,-0.037670,0.013604,,,,,,,,,,,,
232543,,,,,,,,,-0.000000,0.000000,,,-0.000017,-0.000035,-0.036845,0.014550,,,,-0.025766,1.040390,-2.683851,,,,,,
232554,,,,,,,,,-0.000000,0.000000,,,-0.000015,-0.000029,-0.036021,0.015495,,,,,,,,,,,,
232564,,,,,,,,,-0.000000,0.000000,,,-0.000012,-0.000025,-0.035196,0.016441,,,,,,,,,,,,
232568,,,,,,,,,,,,,,,,,,,,-0.025769,1.040370,-2.683844,,,,,,
232572,-0.025769,1.040371,-2.683845,-0.013132,0.990714,-2.516425,0.033611,0.053538,-0.000000,0.000000,4.710906,5.399547,-0.000010,-0.000021,-0.028377,0.024229,0.010609,0.050130,0.167420,,,,,,,,,
232578,,,,,,,,,,,,,,,,,,,,-0.025772,1.040369,-2.683844,,,,,,
232584,,,,,,,,,-0.000000,0.000000,,,-0.000009,-0.000017,-0.027435,0.025309,,,,,,,,,,,,
232588,,,,,,,,,,,,,,,,,,,,-0.025770,1.040369,-2.683851,,,,,,
232594,,,,,,,,,-0.000000,0.000000,,,-0.000007,-0.000015,-0.026493,0.026388,,,,,,,,,,,,
232604,,,,,,,,,-0.000000,0.000000,,,-0.000006,-0.000012,-0.025551,0.027468,,,,,,,,,,,,
232614,,,,,,,,,-0.000000,0.000000,,,-0.000005,-0.000010,-0.024609,0.028548,,,,,,,,,,,,
232618,,,,,,,,,,,,,,,,,,,,-0.025783,1.040388,-2.683851,,,,,,
232622,-0.025781,1.040387,-2.683851,-0.014646,0.989618,-2.512945,0.036100,0.063882,-0.000000,0.000000,5.333327,6.114750,-0.000004,-0.000009,-0.017318,0.036923,0.012447,0.050463,0.170906,,,,,,,,,
232628,,,,,,,,,,,,,,,,,,,,-0.025779,1.040370,-2.683851,,,,,,
232634,,,,,,,,,-0.000000,0.000000,,,-0.000004,-0.000007,-0.016251,0.038146,,,,,,,,,,,,
232638,,,,,,,,,,,,,,,,,,,,-0.025771,1.040372,-2.683844,,,,,,
232644,,,,,,,,,-0.000000,0.000000,,,-0.000003,-0.000006,-0.015185,0.039369,,,,,,,,,,,,
232654,,,,,,,,,0.027467,0.652434,,,-0.000003,0.544538,-0.014118,0.035038,,,,,,,,,,,,
232664,,,,,,,,,-0.000000,0.000000,,,-0.000002,0.458174,-0.013051,0.037033,,,,,,,,,,,,
232668,,,,,,,,,,,,,,,,,,,,-0.025782,1.040378,-2.683851,,,,,,
232672,-0.025782,1.040379,-2.683851,-0.016259,0.988440,-2.508848,0.038656,0.075542,-0.000000,0.000000,5.989874,6.874448,-0.000002,0.385508,-0.005288,0.046654,0.014411,0.050800,0.175004,,,,,,,,,
232678,,,,,,,,,,,,,,,,,,,,-0.025780,1.040387,-2.683851,,,,,,
232684,,,,,,,,,-0.000000,0.000000,,,-0.000002,0.324366,-0.004090,0.048575,,,,,,,,,,,,
232688,,,,,,,,,,,,,,,,,,,,-0.025781,1.040383,-2.683851,,,,,,
232694,,,,,,,,,-0.000000,0.000000,,,-0.000001,0.272922,-0.002892,0.050410,,,,,,,,,,,,
232704,,,,,,,,,-0.000000,0.000000,,,-0.000001,0.229636,-0.001694,0.052172,,,,,,,,,,,,
232714,,,,,,,,,-0.000000,0.000000,,,-0.000001,0.193216,-0.000496,0.053873,,,,,,,,,,,,
232724,-0.025781,1.040383,-2.683851,-0.017975,0.987175,-2.504063,0.041279,0.088578,-0.000000,0.000000,6.682770,7.681765,-0.000001,0.162572,0.007770,0.063756,0.016512,0.051180,0.179789,-0.025791,1.040379,-2.683851,,,,,,
232728,,,,,,,,,,,,,,,,,,,,-0.025795,1.040383,-2.683851,,,,,,
232734,,,,,,,,,-0.000000,0.000000,,,-0.000001,0.136788,0.009106,0.065523,,,,,,,,,,,,
232738,,,,,,,,,,,,,,,,,,,,-0.025784,1.040385,-2.683851,,,,,,
232744,,,,,,,,,-0.000000,0.000000,,,-0.000001,0.115093,0.010443,0.067253,,,,,,,,,,,,
232754,,,,,,,,,-0.000000,0.000000,,,-0.000000,0.096840,0.011779,0.068953,,,,,,,,,,,,
232764,,,,,,,,,0.027467,0.652434,,,-0.000000,0.626024,0.013116,0.065072,,,,,,,,,,,,
232768,,,,,,,,,,,,,,,,,,,,-0.025792,1.040362,-2.683851,,,,,,
232772,-0.025894,1.040311,-2.681114,-0.019793,0.985821,-2.498520,0.043970,0.103035,-0.000000,0.000000,7.416472,8.534427,-0.000000,0.526736,0.021936,0.076193,0.018748,0.051526,0.182594,,,,,,,,,
232783,,,,,,,,,-0.000000,0.000000,,,-0.000000,0.443196,0.023419,0.078647,,,,-0.025840,1.040340,-2.683856,,,,,,
232788,,,,,,,,,,,,,,,,,,,,-0.025865,1.040327,-2.683856,,,,,,
232794,,,,,,,,,-0.000000,0.000000,,,-0.000000,0.372905,0.024903,0.080982,,,,,,,,,,,,
232804,,,,,,,,,-0.000000,0.000000,,,-0.000000,0.313762,0.026386,0.083217,,,,,,,,,,,,
232814,,,,,,,,,-0.000000,0.000000,,,-0.000000,0.264000,0.027869,0.085369,,,,,,,,,,,,
232818,,,,,,,,,,,,,,,,,,,,-0.025903,1.040320,-2.681013,,,,,,
232822,-0.025903,1.040319,-2.681022,-0.021715,0.984371,-2.492145,0.046731,0.118941,0.027467,0.652434,8.179081,9.435785,-0.000000,0.766672,0.037131,0.091090,0.021115,0.051979,0.188877,,,,,,,,,
232828,,,,,,,,,,,,,,,,,,,,-0.026016,1.040274,-2.678169,,,,,,
232834,,,,,,,,,-0.000000,0.000000,,,-0.000000,0.645078,0.038767,0.094064,,,,,,,,,,,,
232838,,,,,,,,,,,,,,,,,,,,-0.026135,1.040209,-2.675325,,,,,,
232844,,,,,,,,,0.027467,0.652434,,,-0.000000,1.087312,0.040403,0.091311,,,,,,,,,,,,
232854,,,,,,,,,0.027467,0.652434,,,-0.000000,1.459407,0.042039,0.089186,,,,,,,,,,,,
232864,,,,,,,,,0.027467,0.652434,,,-0.000000,1.772488,0.043675,0.087587,,,,,,,,,,,,
232868,,,,,,,,,,,,,,,,,,,,-0.026704,1.039968,-2.661113,,,,,,
232872,-0.026739,1.039945,-2.660046,-0.023740,0.982822,-2.484865,0.049563,0.136305,0.027467,0.652434,9.071585,10.415792,-0.000000,2.035915,0.054414,0.096429,0.023799,0.052016,0.175181,,,,,,,,,
232878,,,,,,,,,,,,,,,,,,,,-0.027011,1.039869,-2.652559,,,,,,
232884,,,,,,,,,0.027467,0.652434,,,-0.000000,2.257561,0.056228,0.095844,,,,,,,,,,,,
232888,,,,,,,,,,,,,,,,,,,,-0.027356,1.039744,-2.643986,,,,,,
232894,,,,,,,,,0.027467,0.652434,,,-0.000000,2.444055,0.058043,0.095574,,,,,,,,,,,,
232904,,,,,,,,,0.054935,1.304868,,,-0.000000,3.145514,0.059857,0.090013,,,,,,,,,,,,
232914,,,,,,,,,0.027467,0.652434,,,-0.000000,3.191178,0.061671,0.091001,,,,,,,,,,,,
232918,,,,,,,,,,,,,,,,,,,,-0.028247,1.039303,-2.618218,,,,,,
232922,-0.028222,1.039302,-2.618991,-0.025870,0.981166,-2.476610,0.052469,0.155110,0.082402,0.652434,10.148314,11.520157,0.544543,3.774143,0.068914,0.097765,0.026980,0.051550,0.142381,,,,,,,,,
232928,,,,,,,,,,,,,,,,,,,,-0.028649,1.039138,-2.606746,,,,,,
232934,,,,,,,,,0.054935,1.304868,,,0.458179,4.264650,0.071715,0.094311,,,,,,,,,,,,
232938,,,,,,,,,,,,,,,,,,,,-0.029151,1.038931,-2.595286,,,,,,
232944,,,,,,,,,0.054935,1.304868,,,0.385511,4.677362,0.074395,0.091552,,,,,,,,,,,,
232954,,,,,,,,,0.054935,1.304868,,,0.324369,5.024619,0.076971,0.089379,,,,,,,,,,,,
232964,,,,,,,,,0.054935,1.304868,,,0.272924,5.316800,0.079460,0.087698,,,,,,,,,,,,
232968,,,,,,,,,,,,,,,,,,,,-0.030611,1.038245,-2.557785,,,,,,
232972,-0.030606,1.038212,-2.557446,-0.028104,0.979398,-2.467312,0.055455,0.175315,0.054935,1.304868,11.324217,12.650355,0.229638,5.562641,0.093871,0.097959,0.030348,0.050442,0.090134,,,,,,,,,
232978,,,,,,,,,,,,,,,,,,,,-0.031129,1.037964,-2.543314,,,,,,
232984,,,,,,,,,0.054935,1.304868,,,0.193218,5.769492,0.096462,0.097266,,,,,,,,,,,,
232988,,,,,,,,,,,,,,,,,,,,-0.031637,1.037717,-2.531719,,,,,,
232994,,,,,,,,,0.082402,1.957303,,,0.162573,6.488080,0.099000,0.091313,,,,,,,,,,,,
233004,,,,,,,,,0.054935,1.304868,,,0.136789,6.548156,0.101496,0.091933,,,,,,,,,,,,
233014,,,,,,,,,0.054935,1.304868,,,0.115094,6.598704,0.103954,0.092637,,,,,,,,,,,,
233023,-0.033118,1.036847,-2.488410,-0.030442,0.977510,-2.456905,0.058525,0.196847,,,12.579078,13.821487,,,,,0.033935,0.048749,0.031505,-0.033142,1.036867,-2.488062,,,,,,
233026,,,,,,,,,0.027467,0.652434,,,0.096840,6.096692,0.119182,0.110914,,,,-0.033701,1.036480,-2.473431,,,,,,
233034,,,,,,,,,0.137337,1.957303,,,0.626025,7.307928,0.116281,0.100104,,,,,,,,,,,,
233038,,,,,,,,,,,,,,,,,,,,-0.034297,1.036086,-2.461698,,,,,,
233044,,,,,,,,,0.054935,1.304868,,,0.526737,7.237976,0.119684,0.102120,,,,,,,,,,,,
233054,,,,,,,,,0.109870,1.304868,,,0.987740,7.723662,0.117392,0.098483,,,,,,,,,,,,
233064,,,,,,,,,0.054935,1.304868,,,0.831084,7.587774,0.121309,0.101089,,,,,,,,,,,,
233068,,,,,,,,,,,,,,,,,,,,-0.036280,1.034798,-2.420398,,,,,,
233072,-0.036193,1.034824,-2.420630,-0.032882,0.975494,-2.445333,0.061686,0.219602,0.137337,0.652434,13.594384,14.744886,1.788360,8.017982,0.124250,0.107366,0.036677,0.046753,-0.024702,,,,,,,,,
233083,,,,,,,,,0.082402,0.652434,,,2.049269,7.835415,0.123950,0.110574,,,,-0.037115,1.034177,-2.411553,,,,,,
233088,,,,,,,,,,,,,,,,,,,,-0.037859,1.033595,-2.402633,,,,,,
233094,,,,,,,,,0.109870,1.304868,,,2.268798,8.226347,0.124020,0.107968,,,,,,,,,,,,
233104,,,,,,,,,0.137337,0.652434,,,2.998053,8.555277,0.118847,0.105917,,,,,,,,,,,,
233114,,,,,,,,,0.109870,1.304868,,,3.067105,8.832039,0.120262,0.104332,,,,,,,,,,,,
233118,,,,,,,,,,,,,,,,,,,,-0.040653,1.031291,-2.378831,,,,,,
233122,-0.040615,1.031273,-2.376863,-0.035424,0.973341,-2.432546,0.064945,0.243439,0.137337,0.652434,13.706813,14.852752,3.669748,9.064906,0.117367,0.104239,0.036363,0.045396,-0.055682,,,,,,,,,
233128,,,,,,,,,,,,,,,,,,,,-0.041698,1.030457,-2.372842,,,,,,
233134,,,,,,,,,0.137337,0.652434,,,4.176812,9.260840,0.114202,0.103398,,,,,,,,,,,,
233143,,,,,,,,,0.137337,0.652434,,,4.603455,9.425699,0.111756,0.102835,,,,-0.042682,1.029557,-2.363915,,,,,,
233154,,,,,,,,,0.137337,0.652434,,,4.962433,9.564412,0.109915,0.102506,,,,,,,,,,,,
233164,,,,,,,,,0.164805,0.000000,,,5.809020,9.681125,0.103029,0.102373,,,,,,,,,,,,
233168,,,,,,,,,,,,,,,,,,,,-0.045926,1.026562,-2.342887,,,,,,
233172,-0.045978,1.026477,-2.345738,-0.038066,0.971042,-2.418504,0.068314,0.268179,0.137337,0.652434,13.243914,14.437428,5.976795,9.779326,0.098176,0.098169,0.034071,0.044440,-0.072765,,,,,,,,,
233178,,,,,,,,,,,,,,,,,,,,-0.046910,1.025467,-2.336915,,,,,,
233184,,,,,,,,,0.164805,1.304868,,,6.117961,10.406497,0.098189,0.092704,,,,,,,,,,,,
233188,,,,,,,,,,,,,,,,,,,,-0.048076,1.024348,-2.327868,,,,,,
233194,,,,,,,,,0.137337,0.652434,,,6.236738,10.389655,0.098403,0.093682,,,,,,,,,,,,
233204,,,,,,,,,0.164805,0.000000,,,6.881220,10.375484,0.093231,0.094636,,,,,,,,,,,,
233214,,,,,,,,,0.137337,0.652434,,,6.878944,10.363561,0.094527,0.095570,,,,,,,,,,,,
233218,,,,,,,,,,,,,,,,,,,,-0.051355,1.020869,-2.309807,,,,,,
233222,-0.051300,1.020921,-2.310085,-0.040807,0.968586,-2.403179,0.071803,0.293604,0.164805,1.304868,12.746090,13.967193,6.877029,10.898071,0.090741,0.086136,0.031603,0.043015,-0.093094,,,,,,,,,
233228,,,,,,,,,,,,,,,,,,,,-0.052450,1.019714,-2.306733,,,,,,
233234,,,,,,,,,0.164805,0.000000,,,7.419961,10.803266,0.086377,0.087717,,,,,,,,,,,,
233238,,,,,,,,,,,,,,,,,,,,-0.053452,1.018612,-2.300687,,,,,,
233244,,,,,,,,,0.137337,0.652434,,,7.332241,10.723495,0.088337,0.089163,,,,,,,,,,,,
233254,,,,,,,,,0.192272,0.652434,,,7.802976,10.656378,0.084618,0.090497,,,,,,,,,,,,
233264,,,,,,,,,0.137337,0.652434,,,7.654510,11.144447,0.087121,0.086180,,,,,,,,,,,,
233268,,,,,,,,,,,,,,,,,,,,-0.056419,1.015400,-2.282448,,,,,,
233272,-0.056371,1.015431,-2.282030,-0.043643,0.965961,-2.386556,0.075424,0.319459,0.137337,0.652434,12.249783,13.533852,7.529590,11.010566,0.084352,0.083691,0.029168,0.041934,-0.104526,,,,,,,,,
233278,,,,,,,,,,,,,,,,,,,,-0.057438,1.014331,-2.276371,,,,,,
233284,,,,,,,,,0.137337,0.652434,,,7.424482,10.897918,0.086368,0.085344,,,,,,,,,,,,
233288,,,,,,,,,,,,,,,,,,,,-0.058334,1.013272,-2.270297,,,,,,
233294,,,,,,,,,0.137337,0.652434,,,7.336045,10.803136,0.088235,0.086838,,,,,,,,,,,,
233304,,,,,,,,,0.137337,0.652434,,,7.261633,10.723387,0.089977,0.088198,,,,,,,,,,,,
233314,,,,,,,,,0.137337,0.652434,,,7.199024,10.656286,0.091613,0.089444,,,,,,,,,,,,
233318,,,,,,,,,,,,,,,,,,,,-0.061000,1.010192,-2.248839,,,,,,
233324,-0.060981,1.010189,-2.248887,-0.046573,0.963155,-2.368637,0.079194,0.345450,0.027467,0.652434,12.012994,13.335302,6.057258,9.510741,0.101854,0.099679,0.027591,0.040725,-0.119751,,,,,,,,,
233328,,,,,,,,,,,,,,,,,,,,-0.061824,1.009198,-2.242723,,,,,,
233334,,,,,,,,,0.247207,0.652434,,,7.274749,10.725053,0.090626,0.088058,,,,,,,,,,,,
233338,,,,,,,,,,,,,,,,,,,,-0.062631,1.008237,-2.233500,,,,,,
233344,,,,,,,,,0.109870,1.304868,,,6.665516,10.113144,0.097788,0.094822,,,,,,,,,,,,
233354,,,,,,,,,0.137337,0.652434,,,6.697451,10.687370,0.098532,0.089609,,,,,,,,,,,,
233364,,,,,,,,,0.137337,0.652434,,,6.724320,10.081438,0.099321,0.096319,,,,,,,,,,,,
233368,,,,,,,,,,,,,,,,,,,,-0.065142,1.005166,-2.214975,,,,,,
233372,-0.065147,1.005133,-2.215083,-0.049593,0.960152,-2.349440,0.083129,0.371250,0.137337,0.652434,11.958961,13.313022,6.202385,10.116150,0.105151,0.096388,0.026621,0.039452,-0.134356,,,,,,,,,
233383,,,,,,,,,0.109870,1.304868,,,6.307773,10.689900,0.105228,0.091176,,,,-0.066011,1.004162,-2.205671,,,,,,
233389,,,,,,,,,,,,,,,,,,,,-0.066878,1.003169,-2.199447,,,,,,
233394,,,,,,,,,0.164805,0.000000,,,6.940989,10.628111,0.099899,0.092330,,,,,,,,,,,,
233404,,,,,,,,,0.109870,1.304868,,,6.384690,10.576120,0.106577,0.093398,,,,,,,,,,,,
233414,,,,,,,,,0.137337,0.652434,,,6.461164,10.532376,0.106912,0.094391,,,,,,,,,,,,
233418,,,,,,,,,,,,,,,,,,,,-0.069187,1.000020,-2.177652,,,,,,
233422,-0.069187,0.999983,-2.178056,-0.052700,0.956938,-2.329002,0.087248,0.396506,0.137337,0.652434,12.005483,13.368546,6.525509,10.495569,0.107830,0.095889,0.025941,0.038101,-0.150946,,,,,,,,,
233428,,,,,,,,,,,,,,,,,,,,-0.070054,0.998935,-2.168241,,,,,,
233434,,,,,,,,,0.137337,0.652434,,,6.579648,10.464601,0.108373,0.096780,,,,,,,,,,,,
233438,,,,,,,,,,,,,,,,,,,,-0.070871,0.997950,-2.161975,,,,,,
233444,,,,,,,,,0.137337,0.652434,,,6.625202,10.438543,0.108994,0.097626,,,,,,,,,,,,
233454,,,,,,,,,0.164805,0.000000,,,6.663530,10.416618,0.109679,0.098436,,,,,,,,,,,,
233464,,,,,,,,,0.137337,0.652434,,,6.695780,10.398170,0.110418,0.099214,,,,,,,,,,,,
233468,,,,,,,,,,,,,,,,,,,,-0.073237,0.994481,-2.146283,,,,,,
233472,-0.073218,0.994465,-2.146212,-0.055888,0.953497,-2.307377,0.091573,0.420843,0.137337,0.652434,11.966814,13.360037,7.267458,10.382648,0.105255,0.099880,0.024940,0.036833,-0.161165,,,,,,,,,
233478,,,,,,,,,,,,,,,,,,,,-0.074041,0.993255,-2.139996,,,,,,
233484,,,,,,,,,0.137337,0.652434,,,7.203925,10.369589,0.106843,0.100609,,,,,,,,,,,,
233488,,,,,,,,,,,,,,,,,,,,-0.074894,0.991945,-2.136814,,,,,,
233494,,,,,,,,,0.164805,0.000000,,,7.695011,10.358601,0.102786,0.101319,,,,,,,,,,,,
233504,,,,,,,,,0.137337,0.652434,,,7.563668,10.349355,0.104980,0.102014,,,,,,,,,,,,
233514,,,,,,,,,0.137337,0.652434,,,7.453156,10.341576,0.106988,0.102695,,,,,,,,,,,,
233519,,,,,,,,,,,,,,,,,,,,-0.077560,0.988122,-2.117820,,,,,,
233522,-0.077501,0.988165,-2.117465,-0.059155,0.949811,-2.284642,0.096127,0.443879,0.164805,1.304868,11.739924,13.173812,7.360170,10.879573,0.106525,0.095912,0.023227,0.035611,-0.167177,,,,,,,,,
233528,,,,,,,,,,,,,,,,,,,,-0.078370,0.986791,-2.111457,,,,,,
233534,,,,,,,,,0.164805,0.000000,,,7.826476,10.787701,0.102645,0.097308,,,,,,,,,,,,
233538,,,,,,,,,,,,,,,,,,,,-0.079185,0.985466,-2.108282,,,,,,
233544,,,,,,,,,0.192272,0.652434,,,8.218825,11.254943,0.099425,0.093019,,,,,,,,,,,,
233554,,,,,,,,,0.137337,0.652434,,,8.004405,11.103538,0.102317,0.094947,,,,,,,,,,,,
233564,,,,,,,,,0.137337,0.652434,,,7.823992,10.976145,0.104904,0.096660,,,,,,,,,,,,
233568,,,,,,,,,,,,,,,,,,,,-0.081792,0.981193,-2.092328,,,,,,
233572,-0.081724,0.981281,-2.091700,-0.062495,0.945862,-2.260888,0.100936,0.465234,0.192272,0.652434,11.425208,12.909546,8.216735,10.868957,0.098471,0.095498,0.021152,0.034305,-0.169188,,,,,,,,,
233579,,,,,,,,,,,,,,,,,,,,-0.082768,0.979692,-2.085937,,,,,,
233584,,,,,,,,,0.164805,0.000000,,,8.547190,11.323312,0.095742,0.091272,,,,,,,,,,,,
233588,,,,,,,,,,,,,,,,,,,,-0.083689,0.978147,-2.082719,,,,,,
233594,,,,,,,,,0.137337,0.652434,,,8.280691,11.161062,0.099036,0.093244,,,,,,,,,,,,
233604,,,,,,,,,0.192272,0.652434,,,8.601002,11.569089,0.096398,0.089432,,,,,,,,,,,,
233614,,,,,,,,,0.137337,0.652434,,,8.325968,11.367860,0.099768,0.091752,,,,,,,,,,,,
233618,,,,,,,,,,,,,,,,,,,,-0.086134,0.973826,-2.066643,,,,,,
233625,-0.086042,0.973947,-2.066008,-0.065903,0.941628,-2.236227,0.106025,0.484545,0.247207,0.652434,11.073562,12.600017,9.183641,12.287632,0.088053,0.079522,0.018866,0.033079,-0.170219,,,,,,,,,
233628,,,,,,,,,,,,,,,,,,,,-0.087041,0.972365,-2.060191,,,,,,
233634,,,,,,,,,0.109870,0.000000,,,8.816201,11.427898,0.092179,0.088353,,,,,,,,,,,,
233638,,,,,,,,,,,,,,,,,,,,-0.088032,0.970822,-2.053731,,,,,,
233644,,,,,,,,,0.164805,1.304868,,,8.507037,11.793605,0.095784,0.084858,,,,,,,,,,,,
233654,,,,,,,,,0.164805,0.000000,,,8.791450,11.556767,0.093396,0.087435,,,,,,,,,,,,
233664,,,,,,,,,0.137337,0.652434,,,8.486211,11.357492,0.096966,0.089676,,,,,,,,,,,,
233668,,,,,,,,,,,,,,,,,,,,-0.090426,0.966465,-2.034236,,,,,,
233672,-0.090324,0.966581,-2.034165,-0.069373,0.937089,-2.210784,0.111425,0.501481,0.192272,0.652434,10.884544,12.399573,8.773927,11.734365,0.092621,0.084036,0.017018,0.031924,-0.176620,,,,,,,,,
233684,,,,,,,,,0.137337,0.652434,,,8.471467,11.506923,0.096128,0.086489,,,,-0.091192,0.964947,-2.030977,,,,,,
233688,,,,,,,,,,,,,,,,,,,,-0.091926,0.963386,-2.024478,,,,,,
233694,,,,,,,,,0.192272,0.652434,,,8.761521,11.860096,0.093652,0.083065,,,,,,,,,,,,
233704,,,,,,,,,0.137337,0.652434,,,8.461029,11.612713,0.097142,0.085696,,,,,,,,,,,,
233714,,,,,,,,,0.164805,0.000000,,,8.752738,11.404565,0.094651,0.087977,,,,,,,,,,,,
233718,,,,,,,,,,,,,,,,,,,,-0.094248,0.959042,-2.011392,,,,,,
233722,-0.094227,0.959055,-2.013303,-0.072898,0.932223,-2.184699,0.117163,0.515758,0.192272,0.652434,10.683385,12.249437,8.998182,11.773973,0.090522,0.082876,0.015115,0.030764,-0.171396,,,,,,,,,
233728,,,,,,,,,,,,,,,,,,,,-0.094961,0.957493,-2.008053,,,,,,
233734,,,,,,,,,0.137337,0.652434,,,8.660156,11.540249,0.094307,0.085355,,,,,,,,,,,,
233738,,,,,,,,,,,,,,,,,,,,-0.095800,0.956104,-1.998250,,,,,,
233744,,,,,,,,,0.164805,0.000000,,,8.920284,11.343594,0.092058,0.087503,,,,,,,,,,,,
233754,,,,,,,,,0.164805,1.304868,,,8.594612,11.722671,0.095733,0.083818,,,,,,,,,,,,
233764,,,,,,,,,0.164805,0.000000,,,8.865135,11.497083,0.093391,0.086224,,,,,,,,,,,,
233768,,,,,,,,,,,,,,,,,,,,-0.097763,0.952013,-1.981724,,,,,,
233772,-0.097761,0.951978,-1.984374,-0.076472,0.927005,-2.158120,0.123273,0.527149,0.137337,0.652434,10.842096,12.385397,8.548210,11.307274,0.098606,0.089697,0.014312,0.029530,-0.173746,,,,,,,,,
233778,,,,,,,,,,,,,,,,,,,,-0.098524,0.950589,-1.978382,,,,,,
233784,,,,,,,,,0.137337,0.652434,,,8.281549,11.147569,0.101785,0.091542,,,,,,,,,,,,
233788,,,,,,,,,,,,,,,,,,,,-0.099219,0.949203,-1.971778,,,,,,
233794,,,,,,,,,0.192272,0.652434,,,8.601725,11.557735,0.099031,0.087606,,,,,,,,,,,,
233804,,,,,,,,,0.137337,0.652434,,,8.326576,11.358307,0.102286,0.089805,,,,,,,,,,,,
233814,,,,,,,,,0.164805,0.000000,,,8.639609,11.190508,0.099596,0.091722,,,,,,,,,,,,
233818,,,,,,,,,,,,,,,,,,,,-0.100904,0.945217,-1.955154,,,,,,
233822,-0.100917,0.945150,-1.957606,-0.080087,0.921411,-2.131202,0.129783,0.535496,0.137337,0.652434,11.203864,12.722041,8.358453,11.049321,0.106594,0.096835,0.014128,0.028246,-0.173596,,,,,,,,,
233828,,,,,,,,,,,,,,,,,,,,-0.101490,0.943794,-1.951813,,,,,,
233834,,,,,,,,,0.137337,0.652434,,,8.121887,10.930527,0.109576,0.098382,,,,,,,,,,,,
233838,,,,,,,,,,,,,,,,,,,,-0.102053,0.942332,-1.948488,,,,,,
233844,,,,,,,,,0.164805,0.000000,,,8.467384,10.830573,0.106669,0.099759,,,,,,,,,,,,
233854,,,,,,,,,0.164805,0.000000,,,8.758085,10.746472,0.104251,0.100995,,,,,,,,,,,,
233864,,,,,,,,,0.164805,0.000000,,,9.002682,10.675710,0.102245,0.102112,,,,,,,,,,,,
233868,,,,,,,,,,,,,,,,,,,,-0.103803,0.937941,-1.941788,,,,,,
233872,-0.103821,0.937905,-1.943115,-0.083736,0.915415,-2.104101,0.136725,0.540717,0.192272,0.652434,11.483103,13.060725,8.663941,10.616170,0.108989,0.106584,0.013643,0.026890,-0.160986,,,,,,,,,
233878,,,,,,,,,,,,,,,,,,,,-0.104398,0.936383,-1.938449,,,,,,
233884,,,,,,,,,0.137337,0.652434,,,8.923469,11.110617,0.106905,0.102029,,,,,,,,,,,,
233888,,,,,,,,,,,,,,,,,,,,-0.104968,0.934865,-1.935072,,,,,,
233894,,,,,,,,,0.164805,0.000000,,,9.141835,10.982101,0.105190,0.103730,,,,,,,,,,,,
233904,,,,,,,,,0.164805,0.000000,,,9.325568,10.873968,0.103784,0.105249,,,,,,,,,,,,
233914,,,,,,,,,0.192272,0.652434,,,8.935618,11.327528,0.108193,0.101060,,,,,,,,,,,,
233924,-0.105154,0.934364,-1.933009,-0.087412,0.908990,-2.076972,0.144129,0.542807,0.192272,0.652434,12.986570,14.653717,9.696601,11.709153,0.116276,0.113762,0.017441,0.025582,-0.143963,-0.106845,0.930158,-1.924985,,,,,,
233928,,,,,,,,,,,,,,,,,,,,-0.107545,0.928537,-1.921609,,,,,,
233934,,,,,,,,,0.137337,0.652434,,,9.247805,11.485709,0.121512,0.116630,,,,,,,,,,,,
233938,,,,,,,,,,,,,,,,,,,,-0.108265,0.926948,-1.918229,,,,,,
233944,,,,,,,,,0.192272,0.652434,,,9.414731,11.842247,0.120557,0.113627,,,,,,,,,,,,
233954,,,,,,,,,0.164805,0.000000,,,9.555183,11.597694,0.119838,0.116684,,,,,,,,,,,,
233964,,,,,,,,,0.192272,0.652434,,,9.673360,11.936471,0.119319,0.113840,,,,,,,,,,,,
233968,,,,,,,,,,,,,,,,,,,,-0.110156,0.921950,-1.897851,,,,,,
233972,-0.110010,0.922233,-1.898064,-0.091104,0.902109,-2.049965,0.152023,0.541840,0.192272,0.652434,12.284401,13.800131,9.772794,12.221518,0.111806,0.102769,0.012979,0.024371,-0.151901,,,,,,,,,
233983,,,,,,,,,0.192272,0.652434,,,9.856457,12.461356,0.111455,0.100638,,,,-0.110837,0.920092,-1.894443,,,,,,
233988,,,,,,,,,,,,,,,,,,,,-0.111536,0.918356,-1.887590,,,,,,
233994,,,,,,,,,0.192272,0.652434,,,9.926851,12.663157,0.111222,0.098848,,,,,,,,,,,,
234004,,,,,,,,,0.192272,0.652434,,,9.986081,12.832951,0.111090,0.097343,,,,,,,,,,,,
234014,,,,,,,,,0.192272,0.652434,,,10.035917,12.975816,0.111041,0.096080,,,,,,,,,,,,
234018,,,,,,,,,,,,,,,,,,,,-0.113570,0.912412,-1.873885,,,,,,
234022,-0.113519,0.912468,-1.873176,-0.094805,0.894744,-2.023221,0.160435,0.537958,0.219740,0.000000,12.389128,13.822891,10.622393,13.096023,0.106577,0.095250,0.011347,0.023143,-0.150045,,,,,,,,,
234028,,,,,,,,,,,,,,,,,,,,-0.114235,0.910578,-1.867002,,,,,,
234034,,,,,,,,,0.192272,0.652434,,,10.571309,13.197165,0.107451,0.094364,,,,,,,,,,,,
234043,,,,,,,,,0.192272,0.652434,,,10.528328,13.282266,0.108253,0.093621,,,,-0.114864,0.908750,-1.863538,,,,,,
234054,,,,,,,,,0.164805,0.000000,,,10.492164,12.809326,0.108994,0.098553,,,,,,,,,,,,
234064,,,,,,,,,0.192272,0.652434,,,10.461735,12.955938,0.109684,0.097261,,,,,,,,,,,,
234068,,,,,,,,,,,,,,,,,,,,-0.116890,0.903063,-1.849720,,,,,,
234072,-0.116835,0.903079,-1.848952,-0.098506,0.886865,-1.996870,0.169390,0.531364,0.219740,0.000000,12.771646,14.109508,10.436131,13.079298,0.114232,0.099099,0.010558,0.022077,-0.147919,,,,,,,,,
234078,,,,,,,,,,,,,,,,,,,,-0.117355,0.901236,-1.842760,,,,,,
234084,,,,,,,,,0.192272,0.652434,,,10.959132,13.183092,0.109365,0.098247,,,,,,,,,,,,
234088,,,,,,,,,,,,,,,,,,,,-0.117916,0.899282,-1.835782,,,,,,
234094,,,,,,,,,0.192272,0.652434,,,10.854642,13.270425,0.110793,0.097541,,,,,,,,,,,,
234104,,,,,,,,,0.192272,0.652434,,,10.766724,13.343906,0.112073,0.096959,,,,,,,,,,,,
234114,,,,,,,,,0.192272,0.652434,,,10.692749,13.405734,0.113229,0.096482,,,,,,,,,,,,
234118,,,,,,,,,,,,,,,,,,,,-0.119761,0.893590,-1.821730,,,,,,
234122,-0.119725,0.893607,-1.821277,-0.102196,0.878443,-1.971027,0.178908,0.522310,0.219740,0.000000,13.376202,14.556458,11.175051,13.457756,0.114891,0.100651,0.010346,0.020740,-0.149750,,,,,,,,,
234128,,,,,,,,,,,,,,,,,,,,-0.120310,0.891672,-1.818295,,,,,,
234134,,,,,,,,,0.192272,0.652434,,,11.036316,13.501527,0.116747,0.100424,,,,,,,,,,,,
234138,,,,,,,,,,,,,,,,,,,,-0.120868,0.889793,-1.814783,,,,,,
234144,,,,,,,,,0.219740,0.000000,,,10.919584,13.538356,0.118405,0.100259,,,,,,,,,,,,
234154,,,,,,,,,0.192272,0.652434,,,11.365910,13.569344,0.114344,0.100147,,,,,,,,,,,,
234164,,,,,,,,,0.192272,0.652434,,,11.196904,13.595417,0.116470,0.100079,,,,,,,,,,,,
234168,,,,,,,,,,,,,,,,,,,,-0.122477,0.884083,-1.800675,,,,,,
234172,-0.122434,0.884098,-1.799667,-0.105867,0.869448,-1.945792,0.189010,0.511085,0.192272,0.652434,14.109056,15.176827,11.054704,13.617355,0.125832,0.106375,0.010509,0.019459,-0.146125,,,,,,,,,
234178,,,,,,,,,,,,,,,,,,,,-0.123028,0.882069,-1.800712,,,,,,
234184,,,,,,,,,0.219740,0.000000,,,11.479599,13.635814,0.122108,0.106498,,,,,,,,,,,,
234188,,,,,,,,,,,,,,,,,,,,-0.123623,0.880096,-1.797165,,,,,,
234194,,,,,,,,,0.192272,0.652434,,,11.292562,13.651344,0.124542,0.106648,,,,,,,,,,,,
234204,,,,,,,,,0.219740,0.000000,,,11.679733,13.664412,0.121156,0.106820,,,,,,,,,,,,
234214,,,,,,,,,0.192272,0.652434,,,11.460956,13.675407,0.123874,0.107010,,,,,,,,,,,,
234218,,,,,,,,,,,,,,,,,,,,-0.125288,0.873728,-1.786470,,,,,,
234224,-0.125220,0.873810,-1.784840,-0.109508,0.859850,-1.921253,0.199708,0.497998,0.109870,0.000000,14.753102,15.774282,10.732333,12.595572,0.138405,0.124419,0.010304,0.018318,-0.136413,,,,,,,,,
234228,,,,,,,,,,,,,,,,,,,,-0.125948,0.871641,-1.782851,,,,,,
234234,,,,,,,,,0.357077,0.652434,,,12.297443,14.409716,0.123245,0.106550,,,,,,,,,,,,
234238,,,,,,,,,,,,,,,,,,,,-0.126464,0.869632,-1.779276,,,,,,
234244,,,,,,,,,0.219740,0.000000,,,11.980697,14.302505,0.126967,0.107917,,,,,,,,,,,,
234254,,,,,,,,,0.247207,0.652434,,,12.803272,14.756843,0.119131,0.103577,,,,,,,,,,,,
234264,,,,,,,,,0.192272,0.652434,,,12.406301,14.594578,0.123570,0.105436,,,,,,,,,,,,
234268,,,,,,,,,,,,,,,,,,,,-0.128039,0.863270,-1.768603,,,,,,
234272,-0.127962,0.863363,-1.767228,-0.113108,0.849619,-1.897476,0.211014,0.483365,0.247207,0.652434,15.588573,16.516502,12.616834,14.458049,0.130414,0.114635,0.010581,0.017251,-0.130248,,,,,,,,,
234283,,,,,,,,,0.219740,0.000000,,,12.793975,14.887716,0.129201,0.110664,,,,-0.128499,0.860992,-1.764967,,,,,,
234288,,,,,,,,,,,,,,,,,,,,-0.128948,0.858590,-1.761444,,,,,,
234294,,,,,,,,,0.219740,0.000000,,,12.943022,14.704696,0.128240,0.112856,,,,,,,,,,,,
234304,,,,,,,,,0.247207,-0.652434,,,13.612973,14.550702,0.121935,0.114789,,,,,,,,,,,,
234314,,,,,,,,,0.247207,0.652434,,,13.632127,14.965674,0.122135,0.110950,,,,,,,,,,,,
234318,,,,,,,,,,,,,,,,,,,,-0.130247,0.851720,-1.757809,,,,,,
234322,-0.130243,0.851677,-1.755862,-0.116658,0.838726,-1.874518,0.222934,0.467502,0.247207,-0.652434,16.260317,17.164762,13.648243,14.770289,0.129214,0.119865,0.010230,0.015736,-0.118656,,,,,,,,,
234328,,,,,,,,,,,,,,,,,,,,-0.130802,0.849488,-1.757809,,,,,,
234334,,,,,,,,,0.247207,0.652434,,,14.206346,15.150435,0.124043,0.116467,,,,,,,,,,,,
234338,,,,,,,,,,,,,,,,,,,,-0.131259,0.847153,-1.757851,,,,,,
234344,,,,,,,,,0.247207,0.652434,,,14.131390,14.925747,0.125219,0.119161,,,,,,,,,,,,
234354,,,,,,,,,0.219740,0.000000,,,14.068322,15.281238,0.126288,0.115983,,,,,,,,,,,,
234364,,,,,,,,,0.274675,0.000000,,,14.559800,15.580347,0.121713,0.113309,,,,,,,,,,,,
234369,,,,,,,,,,,,,,,,,,,,-0.132819,0.839988,-1.746977,,,,,,
234372,-0.132814,0.839836,-1.747723,-0.120147,0.827140,-1.852416,0.235469,0.450708,0.247207,0.652434,17.060562,17.987803,13.884244,14.742931,0.137107,0.130562,0.010268,0.014704,-0.104693,,,,,,,,,
234378,,,,,,,,,,,,,,,,,,,,-0.133356,0.837418,-1.747031,,,,,,
234384,,,,,,,,,0.219740,0.000000,,,14.404917,15.671960,0.132431,0.121735,,,,,,,,,,,,
234388,,,,,,,,,,,,,,,,,,,,-0.133798,0.834883,-1.743426,,,,,,
234394,,,,,,,,,0.274675,0.000000,,,14.843011,15.909101,0.128493,0.119780,,,,,,,,,,,,
234404,,,,,,,,,0.247207,0.652434,,,14.667080,16.108631,0.130732,0.118160,,,,,,,,,,,,
234412,,,,,,,,,0.274675,0.000000,,,15.063595,16.276516,0.127166,0.116824,,,,-0.134700,0.829732,-1.739752,,,,,,
234418,,,,,,,,,,,,,,,,,,,,-0.135204,0.827182,-1.736137,,,,,,
234422,-0.135205,0.827109,-1.737109,-0.123564,0.814834,-1.831198,0.248616,0.433266,,,17.876999,18.788111,14.308136,15.873231,0.143598,0.129443,0.010179,0.013512,-0.094089,,,,,,,,,
234425,,,,,,,,,0.302142,0.652434,,,,,,,,,,-0.135204,0.827182,-1.736137,,,,,,
234428,,,,,,,,,,,,,,,,,,,,-0.135637,0.824575,-1.736127,,,,,,
234434,,,,,,,,,0.219740,0.000000,,,15.306123,16.622993,0.134133,0.122378,,,,,,,,,,,,
234438,,,,,,,,,,,,,,,,,,,,-0.136117,0.821960,-1.732551,,,,,,
234444,,,,,,,,,0.274675,0.000000,,,15.601286,16.709301,0.131636,0.121931,,,,,,,,,,,,
234448,,,,,,,,,,,,,,,,,,,,-0.136594,0.819341,-1.732590,,,,,,
234454,,,,,,,,,0.274675,0.000000,,,15.849636,16.781919,0.129558,0.121606,,,,,,,,,,,,
234458,,,,,,,,,,,,,,,,,,,,-0.137222,0.816387,-1.732560,,,,,,
234464,,,,,,,,,0.302142,0.652434,,,16.058598,17.387564,0.127832,0.115829,,,,,,,,,,,,
234468,,,,,,,,,,,,,,,,,,,,-0.137606,0.813695,-1.728923,,,,,,
234472,-0.137596,0.813568,-1.726873,-0.126898,0.801779,-1.810876,0.262365,0.415428,0.274675,0.000000,18.698130,19.596895,16.234417,17.352610,0.134778,0.124716,0.009982,0.012401,-0.084003,,,,,,,,,
234478,,,,,,,,,,,,,,,,,,,,-0.138056,0.810783,-1.728933,,,,,,
234484,,,,,,,,,0.274675,0.000000,,,16.382353,17.323200,0.133762,0.125464,,,,,,,,,,,,
234488,,,,,,,,,,,,,,,,,,,,-0.138529,0.808048,-1.728989,,,,,,
234494,,,,,,,,,0.274675,0.000000,,,16.506826,17.298454,0.132956,0.126172,,,,,,,,,,,,
234504,,,,,,,,,0.302142,0.652434,,,16.611557,17.277634,0.132326,0.126844,,,,,,,,,,,,
234514,,,,,,,,,0.274675,0.000000,,,16.699678,17.804659,0.131844,0.121932,,,,,,,,,,,,
234518,,,,,,,,,,,,,,,,,,,,-0.140050,0.799924,-1.721714,,,,,,
234522,-0.140023,0.799931,-1.722147,-0.130140,0.787948,-1.791455,0.276704,0.397422,0.302142,0.652434,19.673815,20.656273,16.773823,17.703554,0.141439,0.134127,0.010356,0.011576,-0.069308,,,,,,,,,
234528,,,,,,,,,,,,,,,,,,,,-0.140540,0.797095,-1.718019,,,,,,
234534,,,,,,,,,0.274675,0.000000,,,16.836208,18.163027,0.141383,0.130031,,,,,,,,,,,,
234538,,,,,,,,,,,,,,,,,,,,-0.141034,0.794325,-1.718061,,,,,,
234544,,,,,,,,,0.329610,0.000000,,,17.433243,18.549627,0.135861,0.126586,,,,,,,,,,,,
234554,,,,,,,,,0.247207,0.652434,,,16.846500,18.330370,0.142294,0.129244,,,,,,,,,,,,
234564,,,,,,,,,0.329610,0.000000,,,17.441902,18.690430,0.136786,0.126037,,,,,,,,,,,,
234572,-0.141157,0.793428,-1.718404,-0.133277,0.773316,-1.772929,0.291612,0.379443,,,22.921627,24.013844,17.398331,18.993385,0.170805,0.157587,0.018734,0.010752,-0.054525,-0.142531,0.785866,-1.703378,,,,,,
234575,,,,,,,,,0.302142,0.652434,,,,,,,,,,,,,,,,,,
234578,,,,,,,,,,,,,,,,,,,,-0.143013,0.782771,-1.703384,,,,,,
234584,,,,,,,,,0.302142,0.652434,,,17.361670,19.248291,0.172283,0.155991,,,,,,,,,,,,
234588,,,,,,,,,,,,,,,,,,,,-0.143553,0.779481,-1.699658,,,,,,
234594,,,,,,,,,0.302142,0.652434,,,17.330822,19.462769,0.173710,0.154757,,,,,,,,,,,,
234604,,,,,,,,,0.384545,0.000000,,,17.849411,19.643230,0.169538,0.153826,,,,,,,,,,,,
234614,,,,,,,,,0.302142,0.652434,,,18.285751,20.339613,0.166102,0.147597,,,,,,,,,,,,
234618,,,,,,,,,,,,,,,,,,,,-0.145006,0.769921,-1.692270,,,,,,
234625,-0.144850,0.770637,-1.691726,-0.136301,0.757859,-1.755284,0.307066,0.361655,0.439480,0.000000,22.045996,22.814795,19.741974,21.470093,0.143244,0.124571,0.011653,0.010028,-0.063558,,,,,,,,,
234629,,,,,,,,,,,,,,,,,,,,-0.145471,0.766225,-1.688538,,,,,,
234634,,,,,,,,,0.274675,0.000000,,,18.789066,20.787649,0.153425,0.131801,,,,,,,,,,,,
234638,,,,,,,,,,,,,,,,,,,,-0.145918,0.762583,-1.684701,,,,,,
234644,,,,,,,,,0.329610,0.000000,,,19.620920,20.757984,0.145591,0.132509,,,,,,,,,,,,
234654,,,,,,,,,0.384545,0.000000,,,19.776299,21.277567,0.144492,0.127620,,,,,,,,,,,,
234664,,,,,,,,,0.329610,0.000000,,,20.451578,21.170200,0.138058,0.129023,,,,,,,,,,,,
234668,,,,,,,,,,,,,,,,,,,,-0.147157,0.751472,-1.680931,,,,,,
234672,-0.147129,0.751707,-1.681837,-0.139200,0.741554,-1.738502,0.323036,0.344196,0.357077,0.652434,22.374393,23.122234,20.475214,21.624407,0.141485,0.127855,0.009212,0.009005,-0.056665,,,,,,,,,
234683,,,,,,,,,0.384545,0.000000,,,21.039644,21.462032,0.136108,0.129810,,,,-0.147596,0.747694,-1.680843,,,,,,
234688,,,,,,,,,,,,,,,,,,,,-0.148133,0.744016,-1.680765,,,,,,
234694,,,,,,,,,0.357077,-0.652434,,,21.514557,21.869953,0.131531,0.125982,,,,,,,,,,,,
234704,,,,,,,,,0.384545,0.000000,,,21.369604,22.213179,0.133181,0.122731,,,,,,,,,,,,
234714,,,,,,,,,0.357077,0.652434,,,21.792185,22.501968,0.129072,0.119967,,,,,,,,,,,,
234718,,,,,,,,,,,,,,,,,,,,-0.149570,0.732998,-1.677027,,,,,,
234722,-0.149511,0.733077,-1.674694,-0.141964,0.724380,-1.722558,0.339486,0.327175,0.329610,0.000000,23.013142,23.799263,21.603201,22.200413,0.137631,0.130073,0.007867,0.008408,-0.047865,,,,,,,,,
234728,,,,,,,,,,,,,,,,,,,,-0.149863,0.729286,-1.673317,,,,,,
234734,,,,,,,,,0.384545,0.000000,,,21.988733,22.491226,0.133981,0.127426,,,,,,,,,,,,
234738,,,,,,,,,,,,,,,,,,,,-0.150280,0.725360,-1.673141,,,,,,
234744,,,,,,,,,0.384545,0.000000,,,21.768576,22.735916,0.136431,0.125192,,,,,,,,,,,,
234754,,,,,,,,,0.329610,0.000000,,,22.127878,22.397257,0.133015,0.128859,,,,,,,,,,,,
234764,,,,,,,,,0.384545,0.000000,,,22.430197,22.656851,0.130108,0.126492,,,,,,,,,,,,
234768,,,,,,,,,,,,,,,,,,,,-0.151423,0.714230,-1.677073,,,,,,
234772,-0.151431,0.714206,-1.676873,-0.144584,0.706320,-1.707424,0.356378,0.310677,0.357077,0.652434,23.748175,24.781668,22.140024,22.875273,0.140682,0.134513,0.007117,0.007643,-0.030551,,,,,,,,,
234778,,,,,,,,,,,,,,,,,,,,-0.151866,0.710439,-1.677073,,,,,,
234784,,,,,,,,,0.384545,0.000000,,,22.440416,22.514511,0.137940,0.138574,,,,,,,,,,,,
234788,,,,,,,,,,,,,,,,,,,,-0.152204,0.706832,-1.673161,,,,,,
234794,,,,,,,,,0.329610,0.000000,,,22.148623,22.755508,0.141178,0.136569,,,,,,,,,,,,
234798,,,,,,,,,,,,,,,,,,,,-0.152584,0.703099,-1.673151,,,,,,
234804,,,,,,,,,0.384545,0.000000,,,22.447651,20.780111,0.138447,0.157123,,,,,,,,,,,,
234808,,,,,,,,,,,,,,,,,,,,-0.153113,0.699148,-1.669318,,,,,,
234814,,,,,,,,,0.384545,0.000000,,,22.699253,23.474358,0.136141,0.130442,,,,,,,,,,,,
234818,,,,,,,,,,,,,,,,,,,,-0.153588,0.695384,-1.669516,,,,,,
234822,-0.153577,0.695359,-1.670134,-0.147051,0.687357,-1.693071,0.373667,0.294768,0.384545,0.000000,24.857384,25.953375,22.366407,23.563124,0.151060,0.141750,0.007315,0.007287,-0.022937,,,,,,,,,
234828,,,,,,,,,,,,,,,,,,,,-0.154051,0.691733,-1.665674,,,,,,
234834,,,,,,,,,0.384545,1.304868,,,22.630894,24.182354,0.148860,0.135912,,,,,,,,,,,,
234838,,,,,,,,,,,,,,,,,,,,-0.154548,0.688168,-1.658352,,,,,,
234844,,,,,,,,,0.412012,0.652434,,,22.853434,24.158833,0.147036,0.136506,,,,,,,,,,,,
234854,,,,,,,,,0.384545,0.000000,,,23.040678,24.683584,0.145527,0.131512,,,,,,,,,,,,
234864,,,,,,,,,0.384545,1.304868,,,22.653683,24.580566,0.149837,0.132817,,,,,,,,,,,,
234868,,,,,,,,,,,,,,,,,,,,-0.155920,0.676745,-1.646950,,,,,,
234872,-0.155836,0.676698,-1.643422,-0.149354,0.667478,-1.679464,0.391302,0.279491,0.384545,0.000000,26.560137,27.228662,21.783522,23.949345,0.176522,0.152538,0.008725,0.007134,-0.036042,,,,,,,,,
234878,,,,,,,,,,,,,,,,,,,,-0.156240,0.672967,-1.643352,,,,,,
234884,,,,,,,,,0.412012,0.652434,,,23.229542,25.051865,0.162728,0.141948,,,,,,,,,,,,
234888,,,,,,,,,,,,,,,,,,,,-0.156530,0.669341,-1.639650,,,,,,
234894,,,,,,,,,0.384545,0.000000,,,23.357136,25.434980,0.162092,0.138476,,,,,,,,,,,,
234904,,,,,,,,,0.384545,0.000000,,,23.464493,25.212791,0.161638,0.141101,,,,,,,,,,,,
234914,,,,,,,,,0.439480,0.000000,,,24.099367,25.025841,0.155781,0.143411,,,,,,,,,,,,
234924,-0.156605,0.668119,-1.639966,-0.151486,0.646672,-1.666572,0.409230,0.264877,0.494415,0.000000,31.089996,31.881565,25.178093,25.957628,0.191475,0.181807,0.021042,0.006589,-0.026606,-0.157559,0.657658,-1.639720,,,,,,
234928,,,,,,,,,,,,,,,,,,,,-0.157847,0.653815,-1.639784,,,,,,
234934,,,,,,,,,0.302142,-0.652434,,,24.452103,25.108004,0.200063,0.191658,,,,,,,,,,,,
234938,,,,,,,,,,,,,,,,,,,,-0.158032,0.649857,-1.639842,,,,,,
234944,,,,,,,,,0.466947,0.652434,,,24.930342,25.482216,0.196512,0.189196,,,,,,,,,,,,
234954,,,,,,,,,0.412012,-0.652434,,,25.332731,25.797079,0.193640,0.187264,,,,,,,,,,,,
234964,,,,,,,,,0.466947,0.652434,,,25.671303,26.606548,0.191338,0.180224,,,,,,,,,,,,
234968,,,,,,,,,,,,,,,,,,,,-0.159062,0.637356,-1.636145,,,,,,
234972,-0.158963,0.637981,-1.633729,-0.153439,0.624932,-1.654359,0.427393,0.250941,0.494415,0.000000,29.846813,30.696110,26.500719,26.743092,0.171281,0.167795,0.012676,0.006334,-0.020630,,,,,,,,,
234983,,,,,,,,,0.439480,0.000000,,,26.654047,27.402523,0.170386,0.161859,,,,-0.159316,0.632902,-1.636185,,,,,,
234988,,,,,,,,,,,,,,,,,,,,-0.159399,0.628201,-1.636221,,,,,,
234994,,,,,,,,,0.466947,0.652434,,,26.783058,27.412825,0.169709,0.162413,,,,,,,,,,,,
235004,,,,,,,,,0.466947,-0.652434,,,27.436150,27.966036,0.163660,0.157427,,,,,,,,,,,,
235014,,,,,,,,,0.466947,-0.652434,,,27.441118,27.886965,0.164091,0.158779,,,,,,,,,,,,
235018,,,,,,,,,,,,,,,,,,,,-0.160282,0.613977,-1.636195,,,,,,
235022,-0.160322,0.614038,-1.638724,-0.155204,0.602254,-1.642791,0.445728,0.237690,0.466947,0.652434,30.456802,31.676298,27.989841,28.364977,0.165198,0.164463,0.011409,0.005906,-0.004066,,,,,,,,,
235028,,,,,,,,,,,,,,,,,,,,-0.160543,0.609184,-1.632428,,,,,,
235034,,,,,,,,,0.466947,0.652434,,,27.906994,28.767178,0.166536,0.161023,,,,,,,,,,,,
235043,,,,,,,,,0.494415,0.000000,,,28.381830,28.561045,0.162203,0.163708,,,,-0.160827,0.604395,-1.636250,,,,,,
235054,,,,,,,,,0.466947,-0.652434,,,28.236814,28.932148,0.164097,0.160545,,,,,,,,,,,,
235064,,,,,,,,,0.466947,0.652434,,,28.659342,29.244394,0.160231,0.157909,,,,,,,,,,,,
235068,,,,,,,,,,,,,,,,,,,,-0.162061,0.589326,-1.628519,,,,,,
235072,-0.162020,0.589443,-1.626639,-0.156775,0.578636,-1.631836,0.464170,0.225119,0.521882,0.652434,31.403645,32.521576,28.470312,29.507118,0.172176,0.164338,0.010497,0.005840,-0.005198,,,,,,,,,
235078,,,,,,,,,,,,,,,,,,,,-0.162524,0.584463,-1.624593,,,,,,
235084,,,,,,,,,0.466947,0.652434,,,28.855806,29.728174,0.168831,0.162686,,,,,,,,,,,,
235088,,,,,,,,,,,,,,,,,,,,-0.163056,0.579252,-1.620633,,,,,,
235094,,,,,,,,,0.494415,0.000000,,,28.635616,30.458714,0.171586,0.155793,,,,,,,,,,,,
235104,,,,,,,,,0.521882,0.652434,,,28.994892,30.528847,0.168475,0.155490,,,,-0.163534,0.574240,-1.616807,,,,,,
235108,,,,,,,,,,,,,,,,,,,,-0.163907,0.568898,-1.616640,,,,,,
235114,,,,,,,,,0.466947,0.652434,,,28.752644,30.587856,0.171428,0.155287,,,,,,,,,,,,
235118,,,,,,,,,,,,,,,,,,,,-0.164184,0.563771,-1.612599,,,,,,
235122,-0.164083,0.563968,-1.611042,-0.158146,0.554080,-1.621459,0.482649,0.213218,0.466947,0.652434,32.424927,33.325924,29.093359,31.182051,0.178900,0.157817,0.009641,0.006330,-0.010418,,,,,,,,,
235128,,,,,,,,,,,,,,,,,,,,-0.164445,0.558626,-1.608868,,,,,,
235134,,,,,,,,,0.494415,0.000000,,,29.380037,31.137463,0.176642,0.158701,,,,,,,,,,,,
235138,,,,,,,,,,,,,,,,,,,,-0.164656,0.553687,-1.605019,,,,,,
235144,,,,,,,,,0.521882,-0.652434,,,30.165791,31.099945,0.169237,0.159521,,,,,,,,,,,,
235154,,,,,,,,,0.521882,0.652434,,,30.282381,31.612921,0.168499,0.154734,,,,,,,,,,,,
235164,,,,,,,,,0.521882,0.652434,,,30.380480,31.499996,0.167927,0.156228,,,,,,,,,,,,
235168,,,,,,,,,,,,,,,,,,,,-0.165370,0.538656,-1.601435,,,,,,
235172,-0.165318,0.538591,-1.599504,-0.159311,0.528594,-1.611628,0.501092,0.201971,0.494415,0.000000,33.688457,34.467243,30.463020,31.949524,0.180382,0.163650,0.009820,0.006292,-0.012124,,,,,,,,,
235178,,,,,,,,,,,,,,,,,,,,-0.165623,0.533626,-1.597571,,,,,,
235184,,,,,,,,,0.549350,0.000000,,,31.077013,31.783215,0.174765,0.165850,,,,,,,,,,,,
235188,,,,,,,,,,,,,,,,,,,,-0.165806,0.528657,-1.597720,,,,,,
235194,,,,,,,,,0.494415,0.000000,,,31.049084,32.187824,0.175572,0.162260,,,,,,,,,,,,
235204,,,,,,,,,0.521882,-0.652434,,,31.570127,31.983721,0.170785,0.164797,,,,,,,,,,,,
235214,,,,,,,,,0.521882,0.652434,,,31.463989,32.356529,0.172291,0.161491,,,,,,,,,,,,
235218,,,,,,,,,,,,,,,,,,,,-0.166261,0.513122,-1.597720,,,,,,
235222,-0.166214,0.513070,-1.595133,-0.160265,0.502185,-1.602313,0.519427,0.191358,0.521882,-0.652434,35.046398,35.919769,31.374685,32.125668,0.187498,0.179084,0.010737,0.006212,-0.007181,,,,,,,,,
235228,,,,,,,,,,,,,,,,,,,,-0.166497,0.508049,-1.597781,,,,,,
235234,,,,,,,,,0.521882,0.652434,,,31.844088,32.475964,0.183444,0.176270,,,,,,,,,,,,
235238,,,,,,,,,,,,,,,,,,,,-0.166721,0.502907,-1.597779,,,,,,
235244,,,,,,,,,0.521882,-0.652434,,,32.239044,32.226162,0.180056,0.179507,,,,,,,,,,,,
235254,,,,,,,,,0.521882,0.652434,,,32.026817,32.560520,0.182783,0.176835,,,,,,,,,,,,
235264,,,,,,,,,0.549350,0.000000,,,32.392792,32.841850,0.179653,0.174637,,,,,,,,,,,,
235268,,,,,,,,,,,,,,,,,,,,-0.167260,0.486742,-1.593913,,,,,,
235272,-0.167229,0.486647,-1.594016,-0.161004,0.474868,-1.593483,0.537575,0.181357,0.549350,0.000000,36.328369,37.411125,32.156181,33.078560,0.195674,0.188050,0.011631,0.006496,0.000533,,,,,,,,,
235283,,,,,,,,,0.576817,0.652434,,,32.501640,33.822269,0.192984,0.181331,,,,-0.167589,0.481237,-1.590038,,,,,,
235288,,,,,,,,,,,,,,,,,,,,-0.167839,0.475634,-1.589903,,,,,,
235294,,,,,,,,,0.521882,0.652434,,,32.792309,33.903484,0.190785,0.181220,,,,,,,,,,,,
235304,,,,,,,,,0.549350,0.000000,,,33.036877,33.971821,0.188998,0.181225,,,,,,,,,,,,
235314,,,,,,,,,0.576817,0.652434,,,33.242657,34.573860,0.187557,0.175772,,,,,,,,,,,,
235318,,,,,,,,,,,,,,,,,,,,-0.168341,0.458366,-1.582053,,,,,,
235322,-0.168268,0.458319,-1.580321,-0.161524,0.446660,-1.585109,0.555458,0.171943,0.576817,-0.652434,37.548103,38.405220,33.415798,34.535873,0.198849,0.186866,0.011594,0.006855,-0.004788,,,,,,,,,
235328,,,,,,,,,,,,,,,,,,,,-0.168508,0.452737,-1.582052,,,,,,
235334,,,,,,,,,0.576817,0.652434,,,34.106022,35.048454,0.192636,0.182412,,,,,,,,,,,,
235343,,,,,,,,,0.604285,1.304869,,,34.142235,35.479740,0.192955,0.178684,,,,-0.168629,0.447058,-1.578232,,,,,,
235354,,,,,,,,,0.576817,-0.652434,,,34.717247,35.842625,0.187771,0.175568,,,,,,,,,,,,
235364,,,,,,,,,0.604285,0.000000,,,35.201061,36.147953,0.183402,0.172966,,,,,,,,,,,,
235368,,,,,,,,,,,,,,,,,,,,-0.169237,0.429803,-1.571107,,,,,,
235372,-0.169178,0.429660,-1.571881,-0.161823,0.417582,-1.577165,0.572998,0.163090,0.631752,0.652435,38.806488,39.606884,33.974514,34.771229,0.209218,0.199717,0.012070,0.007368,-0.005283,,,,,,,,,
235378,,,,,,,,,,,,,,,,,,,,-0.169254,0.424172,-1.567072,,,,,,
235384,,,,,,,,,0.549350,0.000000,,,35.665215,36.880112,0.192939,0.179174,,,,,,,,,,,,
235388,,,,,,,,,,,,,,,,,,,,-0.169291,0.418374,-1.567073,,,,,,
235394,,,,,,,,,0.631752,-0.652435,,,35.998680,37.020897,0.190166,0.178283,,,,,,,,,,,,
235404,,,,,,,,,0.576817,0.652434,,,36.279259,37.139351,0.187865,0.177592,,,,,,,,,,,,
235414,,,,,,,,,0.631752,0.652435,,,36.515339,37.239021,0.185963,0.177069,,,,,,,,,,,,
235418,,,,,,,,,,,,,,,,,,,,-0.169445,0.400437,-1.563077,,,,,,
235422,-0.169387,0.400238,-1.561080,-0.161900,0.387659,-1.569623,0.590114,0.154772,0.576817,0.652434,40.122360,40.755714,36.169434,37.322884,0.203371,0.188405,0.012652,0.007365,-0.008543,,,,,,,,,
235429,,,,,,,,,,,,,,,,,,,,-0.169462,0.394292,-1.559223,,,,,,
235434,,,,,,,,,0.604285,-1.304869,,,36.422932,37.393444,0.201576,0.188372,,,,,,,,,,,,
235438,,,,,,,,,,,,,,,,,,,,-0.169573,0.388001,-1.559222,,,,,,
235444,,,,,,,,,0.631752,0.652435,,,36.636227,37.997356,0.200140,0.182884,,,,,,,,,,,,
235454,,,,,,,,,0.604285,0.000000,,,36.815693,37.960945,0.199007,0.183808,,,,,,,,,,,,
235464,,,,,,,,,0.604285,1.304869,,,36.966694,38.474854,0.198128,0.179125,,,,,,,,,,,,
235468,,,,,,,,,,,,,,,,,,,,-0.169711,0.369440,-1.555333,,,,,,
235472,-0.169588,0.369491,-1.550343,-0.161752,0.356919,-1.562460,0.606726,0.146962,0.631752,-0.652435,41.270535,41.724838,37.638290,38.362713,0.203620,0.190610,0.012729,0.007577,-0.012117,,,,,,,,,
235478,,,,,,,,,,,,,,,,,,,,-0.169573,0.363233,-1.551452,,,,,,
235484,,,,,,,,,0.631752,0.652435,,,37.658829,38.268356,0.204137,0.192245,,,,,,,,,,,,
235488,,,,,,,,,,,,,,,,,,,,-0.169364,0.356785,-1.555439,,,,,,
235494,,,,,,,,,0.604285,0.000000,,,37.676109,38.188965,0.204683,0.193746,,,,,,,,,,,,
235505,,,,,,,,,0.247207,-0.652434,,,34.423389,34.854904,0.238580,0.228460,,,,,,,,,,,,
235514,,,,,,,,,0.988829,0.000000,,,38.765614,39.128689,0.195659,0.186242,,,,,,,,,,,,
235518,,,,,,,,,,,,,,,,,,,,-0.169145,0.337427,-1.555573,,,,,,
235522,-0.169099,0.335970,-1.555135,-0.161381,0.325397,-1.555652,0.622753,0.139634,0.686687,0.652435,41.497787,42.360752,39.151901,39.457394,0.194538,0.189894,0.010692,0.007551,-0.000517,,,,,,,,,
235528,,,,,,,,,,,,,,,,,,,,-0.169173,0.330729,-1.555651,,,,,,
235534,,,,,,,,,0.659220,0.000000,,,39.476925,39.733963,0.191692,0.187654,,,,,,,,,,,,
235538,,,,,,,,,,,,,,,,,,,,-0.169071,0.324091,-1.555738,,,,,,
235544,,,,,,,,,0.659220,0.000000,,,39.750397,39.966671,0.189306,0.185806,,,,,,,,,,,,
235554,,,,,,,,,0.631752,-0.652435,,,39.435955,40.162472,0.192863,0.184287,,,,,,,,,,,,
235564,,,,,,,,,0.631752,0.652435,,,39.715927,40.327217,0.190420,0.183047,,,,,,,,,,,,
235568,,,,,,,,,,,,,,,,,,,,-0.168917,0.304564,-1.551688,,,,,,
235572,-0.168853,0.304550,-1.549241,-0.160786,0.293128,-1.549177,0.638119,0.132763,0.659220,0.000000,42.713535,43.572342,39.951496,40.465836,0.200774,0.194398,0.011593,0.007819,0.000064,,,,,,,,,
235578,,,,,,,,,,,,,,,,,,,,-0.168770,0.298162,-1.547746,,,,,,
235584,,,,,,,,,0.659220,0.000000,,,40.149704,40.582466,0.199305,0.193829,,,,,,,,,,,,
235588,,,,,,,,,,,,,,,,,,,,-0.168662,0.291674,-1.547746,,,,,,
235594,,,,,,,,,0.659220,0.000000,,,39.771931,40.680599,0.203671,0.193426,,,,,,,,,,,,
235604,,,,,,,,,0.686687,0.652435,,,39.998615,40.763168,0.201947,0.193163,,,,,,,,,,,,
235614,,,,,,,,,0.631752,0.652435,,,40.189346,41.377186,0.200544,0.187461,,,,,,,,,,,,
235618,,,,,,,,,,,,,,,,,,,,-0.168945,0.271924,-1.543758,,,,,,
235622,-0.168843,0.272013,-1.541483,-0.159970,0.260152,-1.543013,0.652744,0.126323,0.659220,0.000000,43.815338,44.592686,40.349831,41.349277,0.210651,0.198593,0.012116,0.008522,-0.001530,,,,,,,,,
235628,,,,,,,,,,,,,,,,,,,,-0.168760,0.265236,-1.539898,,,,,,
235634,,,,,,,,,0.659220,0.000000,,,40.484859,41.325794,0.209966,0.199481,,,,,,,,,,,,
235643,,,,,,,,,0.686687,0.652435,,,40.598473,41.306038,0.209474,0.200336,,,,-0.168593,0.258467,-1.536103,,,,,,
235654,,,,,,,,,0.659220,0.000000,,,40.149525,41.833958,0.214696,0.195608,,,,,,,,,,,,
235664,,,,,,,,,0.659220,0.000000,,,40.860867,41.733604,0.208174,0.197184,,,,,,,,,,,,
235668,,,,,,,,,,,,,,,,,,,,-0.168082,0.238504,-1.532261,,,,,,
235672,-0.168062,0.238551,-1.533036,-0.158935,0.226513,-1.537141,0.666555,0.120292,0.686687,0.652435,44.818260,45.460880,40.914845,42.193710,0.218444,0.201918,0.012374,0.008666,-0.004106,,,,,,,,,
235683,,,,,,,,,0.714155,0.000000,,,40.960262,42.580845,0.218761,0.198623,,,,-0.168052,0.231875,-1.528249,,,,,,
235688,,,,,,,,,,,,,,,,,,,,-0.167848,0.225137,-1.524490,,,,,,
235694,,,,,,,,,0.686687,0.652435,,,41.543022,42.362038,0.213589,0.201430,,,,,,,,,,,,
235704,,,,,,,,,0.659220,0.000000,,,41.488811,42.722477,0.214797,0.198374,,,,,,,,,,,,
235714,,,,,,,,,0.714155,0.000000,,,41.987743,42.481205,0.210374,0.201382,,,,,,,,,,,,
235718,,,,,,,,,,,,,,,,,,,,-0.166984,0.205322,-1.524378,,,,,,
235722,-0.166959,0.205116,-1.525105,-0.157685,0.192259,-1.531543,0.679478,0.114646,0.659220,0.000000,45.941296,46.454552,41.862999,42.822742,0.223667,0.208630,0.013267,0.008677,-0.006438,,,,,,,,,
235728,,,,,,,,,,,,,,,,,,,,-0.166676,0.198626,-1.524396,,,,,,
235734,,,,,,,,,0.714155,0.000000,,,42.302586,43.110111,0.219999,0.206425,,,,,,,,,,,,
235738,,,,,,,,,,,,,,,,,,,,-0.166324,0.191682,-1.524457,,,,,,
235755,,,,,,,,,-0.000000,0.000000,,,36.362774,37.392643,0.281858,0.265815,,,,,,,,,,,,
235758,,,,,,,,,,,,,,,,,,,,-0.165944,0.177257,-1.520628,,,,,,
235764,,,,,,,,,1.098699,0.000000,,,36.585609,37.452141,0.281500,0.267020,,,,,,,,,,,,
235768,,,,,,,,,,,,,,,,,,,,-0.165564,0.169916,-1.520666,,,,,,
235772,-0.165469,0.168265,-1.521039,-0.156223,0.157439,-1.526199,0.691444,0.109363,0.741622,0.652433,46.114944,46.655014,38.406731,39.135830,0.266567,0.253692,0.011272,0.008696,-0.005160,,,,,,,,,
235778,,,,,,,,,,,,,,,,,,,,-0.165222,0.163028,-1.520630,,,,,,
235784,,,,,,,,,0.769089,0.000000,,,39.939022,40.552486,0.252480,0.240746,,,,,,,,,,,,
235788,,,,,,,,,,,,,,,,,,,,-0.164822,0.156001,-1.516856,,,,,,
235794,,,,,,,,,0.741622,0.652433,,,40.683750,41.744461,0.246119,0.229808,,,,,,,,,,,,
235804,,,,,,,,,0.769089,-1.304867,,,41.854908,42.202847,0.235259,0.226115,,,,-0.164521,0.148578,-1.516857,,,,,,
235809,,,,,,,,,,,,,,,,,,,,-0.164158,0.140566,-1.520773,,,,,,
235814,,,,,,,,,0.714154,1.304868,,,42.840317,43.677616,0.226060,0.211963,,,,-0.164158,0.140566,-1.520773,,,,,,
235818,,,,,,,,,,,,,,,,,,,,-0.163923,0.132677,-1.516899,,,,,,
235822,-0.163820,0.132676,-1.511774,-0.154555,0.122108,-1.521095,0.702386,0.104425,0.796557,-0.652434,46.854164,47.181576,43.124901,43.829403,0.231352,0.216381,0.011096,0.008626,-0.009321,,,,,,,,,
235829,,,,,,,,,,,,,,,,,,,,-0.163541,0.124718,-1.513269,,,,,,
235834,,,,,,,,,0.769089,1.304867,,,43.908890,45.046200,0.224101,0.204640,,,,,,,,,,,,
235838,,,,,,,,,,,,,,,,,,,,-0.163158,0.116907,-1.513269,,,,,,
235844,,,,,,,,,0.796557,-0.652434,,,40.756737,41.713669,0.256842,0.239059,,,,,,,,,,,,
235854,,,,,,,,,0.769089,0.000000,,,45.728123,46.533283,0.207354,0.190992,,,,,,,,,,,,
235864,,,,,,,,,0.741622,0.652433,,,46.099239,46.776703,0.203793,0.188639,,,,,,,,,,,,
235868,,,,,,,,,,,,,,,,,,,,-0.162017,0.093891,-1.509338,,,,,,
235872,-0.161942,0.094042,-1.506807,-0.152687,0.086322,-1.516213,0.712243,0.099811,0.796557,-0.652434,46.697052,46.995827,44.233326,44.803345,0.221374,0.206954,0.008296,0.008742,-0.009407,,,,,,,,,
235878,,,,,,,,,,,,,,,,,,,,-0.161771,0.086191,-1.505484,,,,,,
235884,,,,,,,,,0.714155,0.000000,,,47.019691,46.954762,0.193446,0.185448,,,,,,,,,,,,
235888,,,,,,,,,,,,,,,,,,,,-0.161628,0.077984,-1.501800,,,,,,
235894,,,,,,,,,0.796557,0.652434,,,46.641426,47.131336,0.197240,0.183655,,,,,,,,,,,,
235898,,,,,,,,,,,,,,,,,,,,-0.161443,0.070359,-1.501682,,,,,,
235904,,,,,,,,,0.329610,0.000000,,,43.055893,43.468102,0.233823,0.220993,,,,,,,,,,,,
235908,,,,,,,,,,,,,,,,,,,,-0.161005,0.062601,-1.497903,,,,,,
235914,,,,,,,,,1.153634,1.304868,,,47.118088,48.009464,0.193117,0.175377,,,,,,,,,,,,
235918,,,,,,,,,,,,,,,,,,,,-0.160482,0.054879,-1.498083,,,,,,
235922,-0.160159,0.053345,-1.493348,-0.150624,0.050140,-1.511539,0.720957,0.095505,0.741622,0.652433,46.215992,46.101200,46.724216,48.018761,0.192144,0.165954,0.003933,0.009259,-0.018191,,,,,,,,,
235928,,,,,,,,,,,,,,,,,,,,-0.159922,0.046972,-1.501863,,,,,,
235934,,,,,,,,,0.714154,-1.304868,,,46.937355,47.482040,0.189868,0.171045,,,,,,,,,,,,
235938,,,,,,,,,,,,,,,,,,,,-0.159439,0.039392,-1.501795,,,,,,
235944,,,,,,,,,0.714155,0.000000,,,46.572147,47.030445,0.193449,0.175375,,,,,,,,,,,,
235954,,,,,,,,,0.686687,-0.652435,,,46.264862,46.105930,0.196512,0.184619,,,,,,,,,,,,
235964,,,,,,,,,0.714155,0.000000,,,46.006310,45.872585,0.199139,0.186998,,,,,,,,,,,,
235968,,,,,,,,,,,,,,,,,,,,-0.158009,0.016343,-1.505961,,,,,,
235972,-0.157960,0.016461,-1.504904,-0.148375,0.013623,-1.507060,0.728476,0.091489,0.741622,0.652433,46.204552,46.802521,45.788765,46.220791,0.201284,0.190646,0.003463,0.009378,-0.002156,,,,,,,,,
235983,,,,,,,,,0.741622,-0.652433,,,46.150265,45.969231,0.197679,0.193328,,,,-0.157428,0.008933,-1.506317,,,,,,
235988,,,,,,,,,,,,,,,,,,,,-0.156948,0.001476,-1.506294,,,,,,
235994,,,,,,,,,0.741622,0.652433,,,45.909889,45.757568,0.200142,0.195654,,,,,,,,,,,,
236004,,,,,,,,,0.714155,0.000000,,,45.707638,46.124016,0.202264,0.192125,,,,,,,,,,,,
236014,,,,,,,,,0.714155,0.000000,,,45.537464,45.887802,0.204099,0.194670,,,,,,,,,,,,
236019,,,,,,,,,,,,,,,,,,,,-0.155724,-0.019912,-1.509992,,,,,,
236022,-0.155715,-0.019850,-1.509566,-0.145947,-0.023164,-1.502760,0.734751,0.087748,0.741622,-0.652433,46.519840,47.518871,45.394279,45.689053,0.208909,0.204187,0.003906,0.009547,0.006805,,,,,,,,,
236028,,,,,,,,,,,,,,,,,,,,-0.155500,-0.026693,-1.509794,,,,,,
236034,,,,,,,,,0.714154,1.304868,,,45.273804,45.521824,0.210363,0.206259,,,,,,,,,,,,
236043,,,,,,,,,0.769089,0.000000,,,45.716976,45.925663,0.206092,0.202539,,,,-0.155100,-0.033571,-1.509388,,,,,,
236054,,,,,,,,,0.741622,-0.652433,,,46.089863,46.265450,0.202449,0.199392,,,,,,,,,,,,
236064,,,,,,,,,0.714155,0.000000,,,45.314522,46.006805,0.210443,0.202281,,,,,,,,,,,,
236068,,,,,,,,,,,,,,,,,,,,-0.153953,-0.053722,-1.513011,,,,,,
236072,-0.153919,-0.053871,-1.512723,-0.143349,-0.060158,-1.498629,0.739743,0.084269,0.659220,0.000000,47.497299,48.837078,45.206696,45.244640,0.221754,0.223803,0.006890,0.010187,0.014094,,,,,,,,,
236083,,,,,,,,,0.741622,0.652433,,,45.115971,45.692440,0.223138,0.219954,,,,-0.153567,-0.061112,-1.509148,,,,,,
236088,,,,,,,,,,,,,,,,,,,,-0.153103,-0.068402,-1.501588,,,,,,
236094,,,,,,,,,0.686687,0.652435,,,44.495090,45.524673,0.229947,0.222294,,,,,,,,,,,,
236104,,,,,,,,,0.741622,0.652433,,,44.517227,45.928059,0.230322,0.218842,,,,,,,,,,,,
236114,,,,,,,,,0.741622,0.652433,,,44.535851,45.722923,0.230728,0.221516,,,,,,,,,,,,
236118,,,,,,,,,,,,,,,,,,,,-0.151963,-0.090127,-1.490322,,,,,,
236122,-0.151899,-0.090188,-1.489466,-0.140590,-0.097290,-1.494652,0.743414,0.081039,0.714155,0.000000,48.494896,48.928944,44.551521,46.094868,0.241336,0.219282,0.007997,0.010694,-0.005186,,,,,,,,,
236128,,,,,,,,,,,,,,,,,,,,-0.151552,-0.097492,-1.482744,,,,,,
236134,,,,,,,,,0.741622,0.652433,,,44.564705,46.407822,0.241990,0.216657,,,,,,,,,,,,
236138,,,,,,,,,,,,,,,,,,,,-0.150971,-0.105057,-1.479056,,,,,,
236144,,,,,,,,,0.769089,0.000000,,,45.120342,46.671139,0.237109,0.214475,,,,,,,,,,,,
236154,,,,,,,,,0.714155,0.000000,,,45.043312,46.348152,0.238569,0.218221,,,,,,,,,,,,
236164,,,,,,,,,0.769089,1.304867,,,44.978500,46.620934,0.239921,0.215955,,,,,,,,,,,,
236168,,,,,,,,,,,,,,,,,,,,-0.149405,-0.127402,-1.467773,,,,,,
236172,-0.149258,-0.127487,-1.464122,-0.137680,-0.134492,-1.490820,0.745736,0.078045,0.741622,0.652433,49.194096,48.601177,44.923965,46.850452,0.248312,0.210732,0.008198,0.010767,-0.026698,,,,,,,,,
236178,,,,,,,,,,,,,,,,,,,,-0.148887,-0.135062,-1.464074,,,,,,
236184,,,,,,,,,0.769089,0.000000,,,45.422623,47.043568,0.244080,0.209113,,,,,,,,,,,,
236188,,,,,,,,,,,,,,,,,,,,-0.148182,-0.142537,-1.460330,,,,,,
236194,,,,,,,,,0.769089,0.000000,,,45.842194,47.206055,0.240554,0.207767,,,,,,,,,,,,
236204,,,,,,,,,0.741622,-0.652433,,,46.195221,47.342773,0.237624,0.206651,,,,,,,,,,,,
236214,,,,,,,,,0.796557,-0.652434,,,46.492256,47.457809,0.235194,0.205730,,,,,,,,,,,,
236218,,,,,,,,,,,,,,,,,,,,-0.145638,-0.165646,-1.464121,,,,,,
236222,-0.145632,-0.165772,-1.466858,-0.134628,-0.171697,-1.487121,0.746685,0.075279,0.741622,-0.652433,48.794594,48.478912,46.742184,47.010056,0.229110,0.209278,0.007035,0.010330,-0.020263,,,,,,,,,
236228,,,,,,,,,,,,,,,,,,,,-0.144665,-0.173536,-1.467849,,,,,,
236234,,,,,,,,,0.741622,0.652433,,,46.952473,47.177860,0.227376,0.207860,,,,,,,,,,,,
236238,,,,,,,,,,,,,,,,,,,,-0.144085,-0.181207,-1.467845,,,,,,
236244,,,,,,,,,0.824024,0.000000,,,47.673950,47.319050,0.220385,0.206680,,,,,,,,,,,,
236254,,,,,,,,,0.769089,0.000000,,,47.736462,47.437847,0.219971,0.205701,,,,,,,,,,,,
236264,,,,,,,,,0.741622,-0.652433,,,47.789059,47.537804,0.219647,0.204889,,,,,,,,,,,,
236268,,,,,,,,,,,,,,,,,,,,-0.142005,-0.204502,-1.471617,,,,,,
236272,-0.142030,-0.204351,-1.473955,-0.131446,-0.208833,-1.483544,0.746247,0.072730,0.796557,0.652434,48.096363,48.265224,47.833313,47.621906,0.212274,0.202040,0.005484,0.010101,-0.009589,,,,,,,,,
236283,,,,,,,,,0.769089,-1.304867,,,47.870548,47.692669,0.211947,0.201447,,,,-0.141445,-0.212311,-1.475350,,,,,,
236288,,,,,,,,,,,,,,,,,,,,-0.141153,-0.220243,-1.475263,,,,,,
236294,,,,,,,,,0.741622,0.652433,,,47.901878,47.752209,0.211673,0.200954,,,,,,,,,,,,
236304,,,,,,,,,0.796557,0.652434,,,47.928238,47.802307,0.211443,0.200546,,,,,,,,,,,,
236314,,,,,,,,,0.769089,0.000000,,,47.405876,47.844460,0.216804,0.200208,,,,,,,,,,,,
236318,,,,,,,,,,,,,,,,,,,,-0.139357,-0.243159,-1.471557,,,,,,
236322,-0.139269,-0.243115,-1.471761,-0.128145,-0.245831,-1.480078,0.744410,0.070390,0.741622,0.652433,47.476929,47.710251,47.510902,47.879925,0.209553,0.194270,0.003803,0.010801,-0.008317,,,,,,,,,
236328,,,,,,,,,,,,,,,,,,,,-0.138492,-0.250886,-1.471607,,,,,,
236334,,,,,,,,,0.741622,-0.652433,,,47.599270,47.909767,0.208645,0.193932,,,,,,,,,,,,
236343,,,,,,,,,0.714155,0.000000,,,47.129082,47.390335,0.213416,0.199190,,,,-0.137627,-0.258605,-1.467920,,,,,,
236354,,,,,,,,,0.796557,0.652434,,,47.278008,47.497826,0.211967,0.198158,,,,,,,,,,,,
236364,,,,,,,,,0.741622,-0.652433,,,47.403313,47.588268,0.210729,0.197278,,,,,,,,,,,,
236368,,,,,,,,,,,,,,,,,,,,-0.135706,-0.281935,-1.471697,,,,,,
236372,-0.135740,-0.281778,-1.474440,-0.124736,-0.282622,-1.476715,0.741174,0.068253,0.549350,0.000000,46.603836,47.110939,45.330574,45.486195,0.222980,0.212630,0.001899,0.010871,-0.002275,,,,,,,,,
236378,,,,,,,,,,,,,,,,,,,,-0.134983,-0.289337,-1.467863,,,,,,
236384,,,,,,,,,0.576817,0.652434,,,43.586571,44.262054,0.241023,0.225441,,,,,,,,,,,,
236389,,,,,,,,,,,,,,,,,,,,-0.134252,-0.296737,-1.467927,,,,,,
236394,,,,,,,,,1.208569,0.000000,,,48.109142,48.677494,0.195496,0.180974,,,,,,,,,,,,
236404,,,,,,,,,0.714155,0.000000,,,48.102631,48.580841,0.195262,0.181646,,,,,,,,,,,,
236414,,,,,,,,,0.741622,-0.652433,,,48.097153,47.954975,0.195018,0.187736,,,,,,,,,,,,
236418,,,,,,,,,,,,,,,,,,,,-0.132318,-0.319395,-1.464116,,,,,,
236422,-0.132346,-0.319339,-1.467719,-0.121230,-0.319137,-1.473444,0.736542,0.066313,0.741622,0.652433,46.128147,46.468475,47.548000,47.428371,0.195469,0.186385,0.000943,0.011078,-0.005725,,,,,,,,,
236428,,,,,,,,,,,,,,,,,,,,-0.131839,-0.327156,-1.467814,,,,,,
236434,,,,,,,,,0.686687,-0.652435,,,47.085945,46.985287,0.199898,0.190713,,,,,,,,,,,,
236438,,,,,,,,,,,,,,,,,,,,-0.130903,-0.335218,-1.460425,,,,,,
236444,,,,,,,,,0.714154,1.304868,,,46.152626,47.157017,0.209226,0.188858,,,,,,,,,,,,
236454,,,,,,,,,0.714155,0.000000,,,45.911877,46.756969,0.211677,0.192801,,,,,,,,,,,,
236464,,,,,,,,,0.769089,0.000000,,,46.253853,46.964912,0.208232,0.190622,,,,,,,,,,,,
236468,,,,,,,,,,,,,,,,,,,,-0.128367,-0.357757,-1.464382,,,,,,
236472,-0.128368,-0.357743,-1.464662,-0.117639,-0.355306,-1.470255,0.730527,0.064565,0.741622,-0.652433,45.128365,45.462166,45.997047,46.595333,0.200628,0.184028,-0.001287,0.010927,-0.005593,,,,,,,,,
236479,,,,,,,,,,,,,,,,,,,,-0.127560,-0.365250,-1.464462,,,,,,
236484,,,,,,,,,0.741622,0.652433,,,46.325516,46.828911,0.197104,0.181419,,,,,,,,,,,,
236488,,,,,,,,,,,,,,,,,,,,-0.126935,-0.372427,-1.464398,,,,,,
236494,,,,,,,,,0.769089,0.000000,,,46.057346,46.480900,0.199600,0.184695,,,,,,,,,,,,
236504,,,,,,,,,0.686687,0.652435,,,45.831707,46.188084,0.201716,0.187478,,,,,,,,,,,,
236514,,,,,,,,,0.686687,-0.652435,,,45.641853,45.941711,0.203512,0.189846,,,,,,,,,,,,
236518,,,,,,,,,,,,,,,,,,,,-0.125292,-0.393541,-1.464079,,,,,,
236522,-0.125284,-0.393406,-1.466866,-0.113975,-0.391064,-1.467140,0.723146,0.063007,0.769089,0.000000,44.580696,45.162125,46.026653,46.278954,0.193898,0.183250,-0.001156,0.011491,-0.000274,,,,,,,,,
236528,,,,,,,,,,,,,,,,,,,,-0.124623,-0.400868,-1.467760,,,,,,
236534,,,,,,,,,0.714155,0.000000,,,45.805882,46.018169,0.195860,0.185687,,,,,,,,,,,,
236538,,,,,,,,,,,,,,,,,,,,-0.123865,-0.408348,-1.464144,,,,,,
236544,,,,,,,,,0.741622,0.652433,,,45.620125,45.798744,0.197510,0.187753,,,,,,,,,,,,
236554,,,,,,,,,0.714155,0.000000,,,44.919285,45.614120,0.204451,0.189509,,,,,,,,,,,,
236564,,,,,,,,,0.659220,0.000000,,,44.874142,45.458778,0.204843,0.191003,,,,,,,,,,,,
236568,,,,,,,,,,,,,,,,,,,,-0.122047,-0.430044,-1.460340,,,,,,
236572,-0.122031,-0.429720,-1.460889,-0.110251,-0.426344,-1.464089,0.714426,0.061635,0.741622,0.652433,43.844772,44.297207,44.836159,45.328072,0.197666,0.183455,-0.002064,0.012079,-0.003201,,,,,,,,,
236583,,,,,,,,,0.714154,-1.304868,,,44.804199,45.218094,0.197793,0.184371,,,,-0.121534,-0.437034,-1.460404,,,,,,
236588,,,,,,,,,,,,,,,,,,,,-0.120878,-0.444192,-1.460334,,,,,,
236594,,,,,,,,,0.714154,1.304868,,,44.777309,45.125561,0.197876,0.185130,,,,,,,,,,,,
236604,,,,,,,,,0.686687,0.652435,,,44.210140,45.047703,0.203474,0.185759,,,,,,,,,,,,
236614,,,,,,,,,0.686687,-0.652435,,,44.277470,44.982193,0.202715,0.186277,,,,,,,,,,,,
236618,,,,,,,,,,,,,,,,,,,,-0.118503,-0.465680,-1.456698,,,,,,
236622,-0.118521,-0.465531,-1.459787,-0.106477,-0.461082,-1.461092,0.704398,0.060450,0.686687,0.652435,42.888046,43.425285,43.789577,44.927074,0.197846,0.177809,-0.003087,0.012463,-0.001306,,,,,,,,,
236628,,,,,,,,,,,,,,,,,,,,-0.117690,-0.472755,-1.452983,,,,,,
236634,,,,,,,,,0.714155,0.000000,,,43.923607,44.336151,0.196299,0.183536,,,,,,,,,,,,
236643,,,,,,,,,0.686687,-0.652435,,,44.036381,44.383495,0.194941,0.182870,,,,-0.116837,-0.479527,-1.456656,,,,,,
236648,,,,,,,,,,,,,,,,,,,,-0.116047,-0.486510,-1.456627,,,,,,
236654,,,,,,,,,0.659220,0.000000,,,43.586723,43.878784,0.199298,0.187827,,,,,,,,,,,,
236658,,,,,,,,,,,,,,,,,,,,-0.115119,-0.493156,-1.456674,,,,,,
236664,,,,,,,,,0.741622,0.652433,,,43.752926,43.998665,0.197463,0.186513,,,,,,,,,,,,
236668,,,,,,,,,,,,,,,,,,,,-0.114326,-0.500012,-1.456680,,,,,,
236672,-0.114290,-0.500206,-1.454203,-0.102666,-0.495217,-1.458141,0.693100,0.059452,0.686687,-0.652435,42.102207,42.508087,43.892769,44.099533,0.187848,0.176014,-0.003603,0.012126,-0.003938,,,,,,,,,
236678,,,,,,,,,,,,,,,,,,,,-0.113557,-0.506716,-1.456595,,,,,,
236684,,,,,,,,,0.686687,-0.652435,,,43.465889,43.639858,0.191844,0.180385,,,,,,,,,,,,
236688,,,,,,,,,,,,,,,,,,,,-0.112968,-0.513756,-1.460300,,,,,,
236694,,,,,,,,,0.686687,0.652435,,,43.651257,43.797634,0.189681,0.178549,,,,,,,,,,,,
236704,,,,,,,,,0.686687,0.652435,,,43.262680,43.385841,0.193334,0.182492,,,,,,,,,,,,
236714,,,,,,,,,0.659220,0.000000,,,42.935730,43.583904,0.196437,0.180296,,,,,,,,,,,,
236718,,,,,,,,,,,,,,,,,,,,-0.111129,-0.535141,-1.449261,,,,,,
236722,-0.111071,-0.534957,-1.449678,-0.098830,-0.528689,-1.455225,0.680578,0.058643,0.659220,0.000000,41.027733,41.375324,42.660637,43.206009,0.188117,0.172381,-0.004743,0.012909,-0.005548,,,,,,,,,
236728,,,,,,,,,,,,,,,,,,,,-0.110603,-0.541951,-1.445545,,,,,,
236734,,,,,,,,,0.659220,0.000000,,,42.429173,42.888050,0.190151,0.175258,,,,,,,,,,,,
236738,,,,,,,,,,,,,,,,,,,,-0.109850,-0.548806,-1.445602,,,,,,
236744,,,,,,,,,0.686687,0.652435,,,42.234417,43.165062,0.191857,0.172130,,,,,,,,,,,,
236754,,,,,,,,,0.659220,0.000000,,,42.070553,42.853596,0.193287,0.174949,,,,,,,,,,,,
236764,,,,,,,,,0.659220,0.000000,,,41.932674,42.591530,0.194485,0.177326,,,,,,,,,,,,
236768,,,,,,,,,,,,,,,,,,,,-0.107245,-0.568647,-1.445538,,,,,,
236772,-0.107231,-0.568566,-1.445886,-0.094980,-0.561442,-1.452334,0.666883,0.058028,0.686687,-0.652435,39.966438,40.274895,41.816666,42.371025,0.184662,0.168108,-0.005542,0.013043,-0.006448,,,,,,,,,
236778,,,,,,,,,,,,,,,,,,,,-0.106378,-0.575106,-1.449237,,,,,,
236784,,,,,,,,,0.631752,0.652435,,,41.719055,42.185493,0.185288,0.169581,,,,,,,,,,,,
236788,,,,,,,,,,,,,,,,,,,,-0.105648,-0.581821,-1.445543,,,,,,
236794,,,,,,,,,0.659220,0.000000,,,41.636925,42.029388,0.185775,0.170791,,,,,,,,,,,,
236804,,,,,,,,,0.659220,0.000000,,,41.567822,41.898041,0.186146,0.171780,,,,,,,,,,,,
236814,,,,,,,,,0.659220,0.000000,,,41.509678,41.242981,0.186419,0.178137,,,,,,,,,,,,
236818,,,,,,,,,,,,,,,,,,,,-0.103103,-0.601936,-1.449374,,,,,,
236822,-0.103106,-0.601880,-1.449081,-0.091127,-0.593422,-1.449460,0.652069,0.057611,,,38.525337,39.078857,41.460754,41.236359,0.171910,0.165811,-0.006941,0.012917,-0.000379,-0.103103,-0.601936,-1.449374,,,,,,
236825,,,,,,,,,0.714154,-1.304868,,,,,,,,,,,,,,,,,,
236828,,,,,,,,,,,,,,,,,,,,-0.102246,-0.608735,-1.453120,,,,,,
236834,,,,,,,,,0.549350,0.000000,,,41.419590,40.686241,0.171743,0.170991,,,,,,,,,,,,
236839,,,,,,,,,,,,,,,,,,,,-0.101686,-0.615329,-1.456859,,,,,,
236844,,,,,,,,,0.659220,0.000000,,,40.840412,40.767918,0.177071,0.169837,,,,,,,,,,,,
236854,,,,,,,,,0.631752,0.652435,,,40.353092,40.836639,0.181579,0.168798,,,,,,,,,,,,
236864,,,,,,,,,0.631752,0.652435,,,40.487606,40.349918,0.179841,0.173411,,,,,,,,,,,,
236868,,,,,,,,,,,,,,,,,,,,-0.099969,-0.635078,-1.456739,,,,,,
236872,-0.099876,-0.634919,-1.453362,-0.087283,-0.624578,-1.446591,0.636199,0.057403,0.631752,-0.652435,36.863285,37.712933,38.422611,38.851303,0.183559,0.174510,-0.008794,0.013717,0.006771,,,,,,,,,
236878,,,,,,,,,,,,,,,,,,,,-0.099402,-0.641536,-1.456674,,,,,,
236884,,,,,,,,,0.631752,0.652435,,,40.496929,40.857628,0.162089,0.153818,,,,,,,,,,,,
236888,,,,,,,,,,,,,,,,,,,,-0.098766,-0.647896,-1.452941,,,,,,
236894,,,,,,,,,0.659220,0.000000,,,40.064087,40.367577,0.165777,0.158187,,,,,,,,,,,,
236904,,,,,,,,,0.549350,0.000000,,,39.699894,39.955250,0.168852,0.161862,,,,,,,,,,,,
236914,,,,,,,,,0.631752,0.652435,,,39.393459,40.152859,0.171410,0.159398,,,,,,,,,,,,
236924,-0.098512,-0.649435,-1.450240,-0.083458,-0.654863,-1.443715,0.619338,0.057412,0.741622,-0.652433,40.314209,41.151051,40.769257,40.863670,0.192070,0.186729,0.007199,0.014292,0.006526,-0.096725,-0.666179,-1.449177,,,,,,
236928,,,,,,,,,,,,,,,,,,,,-0.096056,-0.672317,-1.445498,,,,,,
236934,,,,,,,,,0.521882,0.652434,,,39.204136,39.828117,0.207944,0.197349,,,,,,,,,,,,
236939,,,,,,,,,,,,,,,,,,,,-0.095299,-0.678359,-1.445504,,,,,,
236944,,,,,,,,,0.659220,0.000000,,,39.520874,40.045891,0.204935,0.195392,,,,,,,,,,,,
236954,,,,,,,,,0.631752,0.652435,,,39.242832,39.684582,0.207930,0.199299,,,,,,,,,,,,
236964,,,,,,,,,0.604285,0.000000,,,39.008888,39.925121,0.210530,0.197138,,,,,,,,,,,,
236968,,,,,,,,,,,,,,,,,,,,-0.093009,-0.696804,-1.441826,,,,,,
236972,-0.093164,-0.695346,-1.442533,-0.079662,-0.684235,-1.440821,0.601557,0.057652,0.659220,0.000000,34.658886,35.308659,39.356590,40.127510,0.149560,0.135727,-0.009292,0.014812,0.001712,,,,,,,,,
236983,,,,,,,,,0.604285,0.000000,,,38.560062,39.208714,0.156745,0.144135,,,,-0.092108,-0.702803,-1.438116,,,,,,
236988,,,,,,,,,,,,,,,,,,,,-0.091366,-0.709306,-1.438127,,,,,,
236994,,,,,,,,,0.521882,-0.652434,,,37.889862,38.435638,0.162801,0.151240,,,,,,,,,,,,
237004,,,,,,,,,0.604285,1.304869,,,37.870499,38.329716,0.162353,0.151695,,,,,,,,,,,,
237014,,,,,,,,,0.604285,0.000000,,,37.854206,38.240593,0.161876,0.152000,,,,,,,,,,,,
237018,,,,,,,,,,,,,,,,,,,,-0.089210,-0.728313,-1.434526,,,,,,
237022,-0.089216,-0.728061,-1.435199,-0.075906,-0.712652,-1.437897,0.582931,0.058139,0.549350,0.000000,32.401279,32.889004,37.295956,38.165604,0.143904,0.127498,-0.013468,0.015271,-0.002698,,,,,,,,,
237028,,,,,,,,,,,,,,,,,,,,-0.088450,-0.734705,-1.434640,,,,,,
237034,,,,,,,,,0.576817,0.652434,,,36.826244,37.557964,0.147716,0.132640,,,,,,,,,,,,
237044,,,,,,,,,0.576817,-0.652434,,,36.431030,37.046700,0.150862,0.136922,,,,-0.087700,-0.740940,-1.434735,,,,,,
237054,,,,,,,,,0.521882,0.652434,,,36.098495,36.616520,0.153448,0.140478,,,,,,,,,,,,
237064,,,,,,,,,0.549350,0.000000,,,35.818703,36.254566,0.155563,0.143424,,,,,,,,,,,,
237068,,,,,,,,,,,,,,,,,,,,-0.085320,-0.758981,-1.434849,,,,,,
237072,-0.085335,-0.758670,-1.434879,-0.072198,-0.740080,-1.434927,0.563537,0.058893,0.521882,-0.652434,30.249138,30.833788,35.583282,35.950020,0.135329,0.124894,-0.016639,0.015535,-0.000048,,,,,,,,,
237078,,,,,,,,,,,,,,,,,,,,-0.084334,-0.764891,-1.435240,,,,,,
237084,,,,,,,,,0.521882,0.652434,,,34.840656,35.693775,0.141836,0.126485,,,,,,,,,,,,
237088,,,,,,,,,,,,,,,,,,,,-0.083563,-0.770535,-1.439132,,,,,,
237094,,,,,,,,,0.521882,-0.652434,,,34.760357,34.933628,0.141737,0.133266,,,,,,,,,,,,
237104,,,,,,,,,0.521882,0.652434,,,34.148247,34.294041,0.147079,0.138970,,,,,,,,,,,,
237114,,,,,,,,,0.521882,-0.652434,,,34.177761,33.755890,0.145998,0.143767,,,,,,,,,,,,
237118,,,,,,,,,,,,,,,,,,,,-0.081270,-0.787618,-1.439801,,,,,,
237122,-0.081345,-0.787362,-1.442125,-0.068548,-0.766487,-1.431897,0.543455,0.059940,0.494415,0.000000,28.138250,29.068422,33.658054,33.847633,0.128982,0.124240,-0.019061,0.015370,0.010228,,,,,,,,,
237128,,,,,,,,,,,,,,,,,,,,-0.080653,-0.793162,-1.440093,,,,,,
237134,,,,,,,,,0.494415,0.000000,,,33.220772,33.380283,0.132338,0.128051,,,,,,,,,,,,
237138,,,,,,,,,,,,,,,,,,,,-0.079908,-0.798645,-1.440437,,,,,,
237144,,,,,,,,,0.494415,0.000000,,,32.852840,32.987057,0.135075,0.131200,,,,,,,,,,,,
237154,,,,,,,,,0.466947,-0.652434,,,32.543266,32.111652,0.137289,0.139345,,,,,,,,,,,,
237164,,,,,,,,,0.521882,0.652434,,,32.282787,31.919628,0.139065,0.140695,,,,,,,,,,,,
237168,,,,,,,,,,,,,,,,,,,,-0.077814,-0.813565,-1.437166,,,,,,
237172,-0.077799,-0.813534,-1.434845,-0.064963,-0.791845,-1.428790,0.522768,0.061310,0.466947,0.652434,26.727446,27.508411,31.519079,32.302605,0.131636,0.120307,-0.019749,0.015657,0.006055,,,,,,,,,
237178,,,,,,,,,,,,,,,,,,,,-0.077351,-0.818085,-1.433132,,,,,,
237184,,,,,,,,,0.466947,0.652434,,,30.876495,31.535753,0.137232,0.127170,,,,,,,,,,,,
237188,,,,,,,,,,,,,,,,,,,,-0.076756,-0.822660,-1.429076,,,,,,
237194,,,,,,,,,0.466947,-0.652434,,,30.880367,31.435068,0.136363,0.127391,,,,,,,,,,,,
237204,,,,,,,,,0.466947,0.652434,,,30.339083,31.350351,0.141053,0.127470,,,,,,,,,,,,
237214,,,,,,,,,0.494415,0.000000,,,30.428188,31.279070,0.139422,0.127429,,,,,,,,,,,,
237224,-0.076562,-0.823949,-1.429561,-0.061451,-0.816131,-1.425587,0.501561,0.063037,0.521882,0.652434,29.412649,30.124601,30.503162,31.219093,0.165306,0.153971,-0.005613,0.016061,0.003974,-0.074945,-0.836030,-1.424828,,,,,,
237228,,,,,,,,,,,,,,,,,,,,-0.074318,-0.840233,-1.424878,,,,,,
237234,,,,,,,,,0.384545,0.000000,,,29.477160,30.624086,0.175553,0.159822,,,,,,,,,,,,
237238,,,,,,,,,,,,,,,,,,,,-0.073732,-0.844448,-1.420973,,,,,,
237244,,,,,,,,,0.494415,0.000000,,,29.702967,30.667992,0.173237,0.159274,,,,,,,,,,,,
237254,,,,,,,,,0.521882,-0.652434,,,29.892962,30.704933,0.171241,0.158788,,,,,,,,,,,,
237264,,,,,,,,,0.466947,0.652434,,,30.052822,30.736015,0.169514,0.158355,,,,,,,,,,,,
237268,,,,,,,,,,,,,,,,,,,,-0.071771,-0.856263,-1.423802,,,,,,
237272,-0.071870,-0.855487,-1.421548,-0.058021,-0.839326,-1.422266,0.479920,0.065168,0.466947,-0.652434,25.796944,26.362066,30.187330,30.217625,0.131134,0.125143,-0.013922,0.016098,-0.000718,,,,,,,,,
237283,,,,,,,,,0.494415,0.000000,,,30.300505,30.325994,0.129102,0.123266,,,,-0.071128,-0.860013,-1.423622,,,,,,
237288,,,,,,,,,,,,,,,,,,,,-0.070572,-0.863765,-1.423446,,,,,,
237294,,,,,,,,,0.412012,0.652434,,,29.306643,29.872633,0.138338,0.127098,,,,,,,,,,,,
237304,,,,,,,,,0.439480,0.000000,,,29.014950,28.946632,0.140612,0.135841,,,,,,,,,,,,
237314,,,,,,,,,0.384545,0.000000,,,28.224977,28.712038,0.148026,0.137717,,,,,,,,,,,,
237318,,,,,,,,,,,,,,,,,,,,-0.068626,-0.878131,-1.431026,,,,,,
237322,-0.068659,-0.877826,-1.430231,-0.054677,-0.861416,-1.418802,0.457932,0.067757,0.439480,0.000000,24.139740,25.060246,28.104837,28.514650,0.131862,0.125982,-0.014289,0.016143,0.011429,,,,,,,,,
237328,,,,,,,,,,,,,,,,,,,,-0.067892,-0.882877,-1.431158,,,,,,
237334,,,,,,,,,0.439480,0.000000,,,28.003752,28.348568,0.132100,0.126985,,,,,,,,,,,,
237344,,,,,,,,,0.412012,-0.652434,,,27.918699,27.664284,0.132195,0.133307,,,,-0.067315,-0.887363,-1.431083,,,,,,
237354,,,,,,,,,0.439480,1.304869,,,27.302591,27.633070,0.137724,0.133104,,,,,,,,,,,,
237364,,,,,,,,,0.439480,0.000000,,,27.328743,27.606808,0.136824,0.132858,,,,,,,,,,,,
237369,,,,,,,,,,,,,,,,,,,,-0.065526,-0.900434,-1.427559,,,,,,
237372,-0.065530,-0.900363,-1.427783,-0.051426,-0.882389,-1.415169,0.435681,0.070868,0.439480,0.000000,22.316118,23.263399,26.261660,26.495625,0.128470,0.125355,-0.015780,0.016522,0.012614,,,,,,,,,
237378,,,,,,,,,,,,,,,,,,,,-0.064867,-0.904451,-1.427371,,,,,,
237384,,,,,,,,,0.439480,0.000000,,,27.541988,27.738848,0.114621,0.112027,,,,,,,,,,,,
237388,,,,,,,,,,,,,,,,,,,,-0.064339,-0.908537,-1.427371,,,,,,
237394,,,,,,,,,0.384545,0.000000,,,26.985628,27.695808,0.119251,0.111571,,,,,,,,,,,,
237404,,,,,,,,,0.384545,0.000000,,,26.517506,27.115051,0.123092,0.116608,,,,,,,,,,,,
237414,,,,,,,,,0.384545,0.000000,,,26.123629,26.626402,0.126269,0.120822,,,,,,,,,,,,
237418,,,,,,,,,,,,,,,,,,,,-0.062910,-0.920436,-1.416176,,,,,,
237422,-0.062899,-0.920349,-1.417150,-0.048273,-0.902241,-1.411332,0.413256,0.074585,0.439480,0.000000,21.040247,21.809362,25.792219,26.759796,0.115874,0.103958,-0.015656,0.017225,0.005819,,,,,,,,,
237428,,,,,,,,,,,,,,,,,,,,-0.062367,-0.924573,-1.412603,,,,,,
237434,,,,,,,,,0.357077,0.652434,,,25.513372,26.327492,0.117768,0.107377,,,,,,,,,,,,
237439,,,,,,,,,,,,,,,,,,,,-0.061830,-0.928743,-1.408937,,,,,,
237444,,,,,,,,,0.384545,0.000000,,,24.734207,25.963751,0.124821,0.110184,,,,,,,,,,,,
237454,,,,,,,,,0.357077,0.652434,,,24.623161,25.657700,0.125215,0.112475,,,,,,,,,,,,
237464,,,,,,,,,0.384545,0.000000,,,23.985184,25.400187,0.131006,0.114332,,,,,,,,,,,,
237468,,,,,,,,,,,,,,,,,,,,-0.060116,-0.940952,-1.398220,,,,,,
237472,-0.060100,-0.940818,-1.399809,-0.045223,-0.920968,-1.407254,0.390742,0.079007,0.357077,0.652434,19.404062,19.858664,23.992933,25.183516,0.113648,0.095926,-0.017029,0.018037,-0.007445,,,,,,,,,
237478,,,,,,,,,,,,,,,,,,,,-0.059568,-0.944650,-1.398191,,,,,,
237484,,,,,,,,,0.384545,0.000000,,,23.999453,25.001209,0.112664,0.096721,,,,,,,,,,,,
237488,,,,,,,,,,,,,,,,,,,,-0.058920,-0.948350,-1.394574,,,,,,
237494,,,,,,,,,0.329610,0.000000,,,23.460396,24.303274,0.117243,0.102811,,,,,,,,,,,,
237498,,,,,,,,,,,,,,,,,,,,-0.058196,-0.952031,-1.394638,,,,,,
237504,,,,,,,,,0.329610,0.000000,,,23.006834,23.716030,0.121059,0.107912,,,,,,,,,,,,
237508,,,,,,,,,,,,,,,,,,,,-0.057595,-0.955472,-1.394638,,,,,,
237514,,,,,,,,,0.357077,0.652434,,,22.625206,23.766466,0.124231,0.106626,,,,,,,,,,,,
237524,-0.057530,-0.955715,-1.392334,-0.042279,-0.938573,-1.402890,0.368221,0.084259,0.357077,0.652434,18.825521,19.233362,22.304104,23.808905,0.120961,0.099034,-0.014162,0.018051,-0.010556,-0.056947,-0.958823,-1.398176,,,,,,
237528,,,,,,,,,,,,,,,,,,,,-0.056264,-0.962155,-1.394559,,,,,,
237534,,,,,,,,,0.357077,-1.957303,,,23.123016,22.755526,0.111912,0.108863,,,,,,,,,,,,
237538,,,,,,,,,,,,,,,,,,,,-0.055721,-0.965418,-1.398123,,,,,,
237544,,,,,,,,,0.357077,0.652434,,,22.722961,22.413755,0.115133,0.111645,,,,,,,,,,,,
237554,,,,,,,,,0.329610,0.000000,,,22.386356,22.670732,0.117787,0.108388,,,,,,,,,,,,
237564,,,,,,,,,0.329610,0.000000,,,22.103136,22.342411,0.119963,0.111049,,,,,,,,,,,,
237568,,,,,,,,,,,,,,,,,,,,-0.054341,-0.974485,-1.398000,,,,,,
237572,-0.054364,-0.974271,-1.397525,-0.039445,-0.955062,-1.398185,0.345777,0.090498,0.357077,0.652434,16.683716,17.342154,21.864836,22.066160,0.099892,0.093955,-0.016349,0.018007,-0.000660,,,,,,,,,
237583,,,,,,,,,0.329610,0.000000,,,21.664330,21.833723,0.100901,0.095381,,,,-0.053700,-0.977577,-1.401625,,,,,,
237588,,,,,,,,,,,,,,,,,,,,-0.053116,-0.980981,-1.401644,,,,,,
237594,,,,,,,,,0.274675,0.000000,,,20.951080,21.638151,0.107180,0.096477,,,,,,,,,,,,
237604,,,,,,,,,0.274675,0.000000,,,20.350952,20.929054,0.112448,0.102851,,,,,,,,,,,,
237614,,,,,,,,,0.329610,0.000000,,,20.390547,20.332420,0.111311,0.108219,,,,,,,,,,,,
237618,,,,,,,,,,,,,,,,,,,,-0.051678,-0.990748,-1.401743,,,,,,
237622,-0.051665,-0.990728,-1.401390,-0.036724,-0.970445,-1.393074,0.323488,0.097924,0.274675,0.000000,14.867690,15.738232,19.879320,20.374954,0.097260,0.090827,-0.017473,0.018147,0.008315,,,,,,,,,
237628,,,,,,,,,,,,,,,,,,,,-0.051226,-0.993815,-1.398041,,,,,,
237634,,,,,,,,,0.302142,0.652434,,,19.449173,19.866199,0.100646,0.095089,,,,,,,,,,,,
237643,,,,,,,,,0.274675,0.000000,,,19.087248,19.982677,0.103421,0.093075,,,,-0.050811,-0.996846,-1.398123,,,,,,
237654,,,,,,,,,0.274675,0.000000,,,18.782724,19.536139,0.105683,0.096781,,,,,,,,,,,,
237664,,,,,,,,,0.274675,0.000000,,,18.526497,19.160419,0.107514,0.099854,,,,,,,,,,,,
237668,,,,,,,,,,,,,,,,,,,,-0.049191,-1.005427,-1.387262,,,,,,
237672,-0.049203,-1.005329,-1.388447,-0.034117,-0.984735,-1.387476,0.301432,0.106790,0.329610,0.000000,13.534225,14.291434,18.310907,19.388834,0.095380,0.082082,-0.017517,0.018570,0.000971,,,,,,,,,
237678,,,,,,,,,,,,,,,,,,,,-0.048702,-1.008094,-1.383663,,,,,,
237684,,,,,,,,,0.274675,0.000000,,,18.129511,19.036478,0.096274,0.084657,,,,,,,,,,,,
237688,,,,,,,,,,,,,,,,,,,,-0.048210,-1.010888,-1.383637,,,,,,
237694,,,,,,,,,0.219740,0.000000,,,17.976885,18.195463,0.096912,0.092286,,,,,,,,,,,,
237704,,,,,,,,,0.274675,1.304868,,,17.303921,18.032375,0.102888,0.093169,,,,,,,,,,,,
237714,,,,,,,,,0.274675,0.000000,,,17.282232,17.895155,0.102355,0.093820,,,,,,,,,,,,
237718,,,,,,,,,,,,,,,,,,,,-0.046796,-1.019152,-1.372900,,,,,,
237722,-0.046788,-1.019126,-1.374205,-0.031626,-0.997951,-1.381295,0.279682,0.117424,0.247207,0.652434,12.141693,12.802254,16.719440,17.779697,0.093142,0.079088,-0.017805,0.019006,-0.007090,,,,,,,,,
237728,,,,,,,,,,,,,,,,,,,,-0.046281,-1.021749,-1.376471,,,,,,
237734,,,,,,,,,0.247207,-0.652434,,,16.790451,17.682550,0.091502,0.079083,,,,,,,,,,,,
237739,,,,,,,,,,,,,,,,,,,,-0.045849,-1.024304,-1.372917,,,,,,
237744,,,,,,,,,0.219740,0.000000,,,16.305656,17.056269,0.095517,0.084495,,,,,,,,,,,,
237754,,,,,,,,,0.274675,0.000000,,,15.897750,17.073858,0.098845,0.083465,,,,,,,,,,,,
237764,,,,,,,,,0.219740,0.000000,,,16.099081,16.544115,0.096041,0.088014,,,,,,,,,,,,
237769,,,,,,,,,,,,,,,,,,,,-0.044439,-1.031696,-1.369366,,,,,,
237772,-0.044456,-1.031545,-1.369773,-0.029251,-1.010111,-1.374405,0.258308,0.130257,0.247207,0.652434,10.707796,11.474128,15.723937,16.642933,0.084450,0.072711,-0.017967,0.019178,-0.004632,,,,,,,,,
237778,,,,,,,,,,,,,,,,,,,,-0.043991,-1.034009,-1.369353,,,,,,
237784,,,,,,,,,0.219740,0.000000,,,15.408291,16.181534,0.086666,0.076383,,,,,,,,,,,,
237788,,,,,,,,,,,,,,,,,,,,-0.043601,-1.036151,-1.365815,,,,,,
237794,,,,,,,,,0.219740,0.000000,,,15.142707,15.793313,0.088435,0.079402,,,,,,,,,,,,
237804,,,,,,,,,0.219740,0.000000,,,14.919245,15.466664,0.089827,0.081870,,,,,,,,,,,,
237808,,,,,,,,,,,,,,,,,,,,-0.042787,-1.040477,-1.365715,,,,,,
237814,,,,,,,,,0.192272,0.652434,,,14.186680,15.191822,0.096457,0.083875,,,,,,,,,,,,
237824,-0.042755,-1.040516,-1.363318,-0.026994,-1.021241,-1.366649,0.237377,0.145863,0.274675,0.000000,10.012807,10.875841,14.659387,15.505113,0.083851,0.073833,-0.015615,0.019394,-0.003331,-0.042387,-1.042449,-1.365703,,,,,,
237829,,,,,,,,,,,,,,,,,,,,-0.042001,-1.044379,-1.365664,,,,,,
237834,,,,,,,,,0.164805,0.000000,,,13.968036,14.679629,0.089973,0.081327,,,,,,,,,,,,
237839,,,,,,,,,,,,,,,,,,,,-0.041592,-1.046275,-1.362100,,,,,,
237844,,,,,,,,,0.192272,0.652434,,,13.386333,14.529611,0.095116,0.082096,,,,,,,,,,,,
237854,,,,,,,,,0.192272,-0.652434,,,13.441432,13.858842,0.093879,0.088208,,,,,,,,,,,,
237864,,,,,,,,,0.192272,0.652434,,,12.943249,13.839001,0.098275,0.087813,,,,,,,,,,,,
237868,,,,,,,,,,,,,,,,,,,,-0.040475,-1.051726,-1.358522,,,,,,
237872,-0.040489,-1.051573,-1.356187,-0.024853,-1.031365,-1.357826,0.216951,0.165016,0.219740,0.000000,8.452918,9.432990,12.524077,13.277763,0.086053,0.078228,-0.016414,0.019581,-0.001639,,,,,,,,,
237883,,,,,,,,,0.164805,0.000000,,,12.715930,13.350081,0.083282,0.076722,,,,-0.040156,-1.053488,-1.358547,,,,,,
237888,,,,,,,,,,,,,,,,,,,,-0.039783,-1.055220,-1.358562,,,,,,
237894,,,,,,,,,0.164805,0.000000,,,12.332811,12.866386,0.086337,0.080872,,,,,,,,,,,,
237904,,,,,,,,,0.164805,0.000000,,,12.010455,12.459406,0.088849,0.084336,,,,,,,,,,,,
237914,,,,,,,,,0.164805,0.000000,,,11.739225,12.116972,0.090905,0.087224,,,,,,,,,,,,
237918,,,,,,,,,,,,,,,,,,,,-0.038623,-1.060455,-1.351483,,,,,,
237922,-0.038632,-1.060385,-1.351878,-0.022828,-1.040514,-1.347670,0.197087,0.188782,0.192272,0.652434,7.243468,8.412165,11.511012,12.373391,0.080239,0.073659,-0.015964,0.019742,0.004208,,,,,,,,,
237928,,,,,,,,,,,,,,,,,,,,-0.038272,-1.062158,-1.347964,,,,,,
237934,,,,,,,,,0.137337,0.652434,,,10.774450,12.044600,0.086898,0.076221,,,,,,,,,,,,
237943,,,,,,,,,0.164805,0.000000,,,10.699251,11.767954,0.086959,0.078316,,,,-0.037904,-1.063764,-1.347937,,,,,,
237954,,,,,,,,,0.164805,0.000000,,,10.635978,11.535185,0.086913,0.080019,,,,,,,,,,,,
237964,,,,,,,,,0.164805,0.000000,,,10.582740,11.339333,0.086778,0.081392,,,,,,,,,,,,
237968,,,,,,,,,,,,,,,,,,,,-0.036901,-1.068436,-1.344365,,,,,,
237972,-0.036896,-1.068436,-1.344995,-0.020917,-1.048719,-1.335823,0.177841,0.218663,0.137337,0.652434,6.033253,7.399210,9.993402,11.174542,0.079777,0.072155,-0.015639,0.019988,0.009172,,,,,,,,,
237978,,,,,,,,,,,,,,,,,,,,-0.036585,-1.069973,-1.340841,,,,,,
237984,,,,,,,,,0.164805,0.000000,,,10.042077,11.035888,0.078488,0.072815,,,,,,,,,,,,
237988,,,,,,,,,,,,,,,,,,,,-0.036285,-1.071522,-1.340819,,,,,,
237994,,,,,,,,,0.137337,0.652434,,,9.538488,10.919224,0.082823,0.073277,,,,,,,,,,,,
238004,,,,,,,,,0.137337,0.652434,,,9.114769,10.821063,0.086444,0.073575,,,,,,,,,,,,
238014,,,,,,,,,0.137337,0.652434,,,8.758252,10.738471,0.089464,0.073733,,,,,,,,,,,,
238018,,,,,,,,,,,,,,,,,,,,-0.035407,-1.075715,-1.326735,,,,,,
238022,-0.035395,-1.075664,-1.325530,-0.019119,-1.056014,-1.321797,0.159260,0.256822,0.164805,0.000000,4.957783,6.450242,9.002822,10.668978,0.075455,0.064094,-0.015110,0.020560,0.003733,,,,,,,,,
238028,,,,,,,,,,,,,,,,,,,,-0.035172,-1.077049,-1.323225,,,,,,
238034,,,,,,,,,0.109870,0.000000,,,8.664060,10.065963,0.078101,0.069401,,,,,,,,,,,,
238038,,,,,,,,,,,,,,,,,,,,-0.034868,-1.078299,-1.319719,,,,,,
238044,,,,,,,,,0.137337,0.652434,,,8.379025,10.103129,0.080267,0.068299,,,,,,,,,,,,
238054,,,,,,,,,0.082402,0.652434,,,7.594654,9.589858,0.087584,0.072804,,,,,,,,,,,,
238064,,,,,,,,,0.164805,0.000000,,,8.023770,9.702535,0.082679,0.071026,,,,,,,,,,,,
238068,,,,,,,,,,,,,,,,,,,,-0.034079,-1.082013,-1.305743,,,,,,
238072,-0.034020,-1.082151,-1.307403,-0.017432,-1.062434,-1.304905,0.141391,0.306463,0.137337,0.652434,3.832632,5.562120,7.840286,9.797341,0.072461,0.060350,-0.014718,0.021150,0.002498,,,,,,,,,
238079,,,,,,,,,,,,,,,,,,,,-0.033804,-1.083374,-1.302258,,,,,,
238084,,,,,,,,,0.109870,0.000000,,,7.685902,9.332568,0.073234,0.064244,,,,,,,,,,,,
238088,,,,,,,,,,,,,,,,,,,,-0.033454,-1.084624,-1.298769,,,,,,
238094,,,,,,,,,0.082402,0.652434,,,7.011460,8.941508,0.079343,0.067479,,,,,,,,,,,,
238104,,,,,,,,,0.137337,0.652434,,,6.443985,9.157014,0.084495,0.064604,,,,,,,,,,,,
238114,,,,,,,,,0.082402,0.652434,,,6.511054,8.793797,0.083289,0.067590,,,,,,,,,,,,
238118,,,,,,,,,,,,,,,,,,,,-0.032582,-1.088005,-1.288386,,,,,,
238122,-0.032607,-1.087846,-1.287245,-0.015853,-1.068018,-1.284147,0.124275,0.372492,0.137337,-0.652434,2.696751,4.766185,7.112030,8.488186,0.065037,0.061943,-0.014349,0.021633,0.003098,,,,,,,,,
238128,,,,,,,,,,,,,,,,,,,,-0.032312,-1.089054,-1.284912,,,,,,
238134,,,,,,,,,0.082402,0.652434,,,6.528604,8.231045,0.070105,0.063821,,,,,,,,,,,,
238138,,,,,,,,,,,,,,,,,,,,-0.032092,-1.090015,-1.281475,,,,,,
238144,,,,,,,,,0.054935,1.304868,,,5.493166,8.014687,0.079900,0.065335,,,,,,,,,,,,
238154,,,,,,,,,0.109870,0.000000,,,5.711036,7.832643,0.077119,0.066542,,,,,,,,,,,,
238164,,,,,,,,,0.109870,0.000000,,,5.894351,7.679471,0.074646,0.067491,,,,,,,,,,,,
238168,,,,,,,,,,,,,,,,,,,,-0.031327,-1.093034,-1.264237,,,,,,
238172,-0.031304,-1.093041,-1.266168,-0.014379,-1.072802,-1.258022,0.107951,0.462697,0.054935,1.304868,1.461347,4.027546,4.959506,7.550592,0.070941,0.060689,-0.014230,0.022216,0.008146,,,,,,,,,
238183,,,,,,,,,0.082402,1.957303,,,4.172928,7.986697,0.078264,0.055536,,,,-0.031220,-1.093845,-1.253931,,,,,,
238188,,,,,,,,,,,,,,,,,,,,-0.030994,-1.094639,-1.247119,,,,,,
238194,,,,,,,,,0.027467,0.652434,,,3.511101,7.264549,0.084473,0.062110,,,,,,,,,,,,
238204,,,,,,,,,0.109870,0.000000,,,4.043326,7.201477,0.078634,0.062106,,,,,,,,,,,,
238214,,,,,,,,,0.082402,0.652434,,,3.946598,7.148408,0.079104,0.062013,,,,,,,,,,,,
238218,,,,,,,,,,,,,,,,,,,,-0.030601,-1.096304,-1.213239,,,,,,
238222,-0.030551,-1.096358,-1.214943,-0.013007,-1.076828,-1.224161,0.092458,0.590009,0.054935,1.304868,0.789212,3.908186,3.320667,7.103756,0.078136,0.060626,-0.012194,0.023249,-0.009218,,,,,,,,,
238228,,,,,,,,,,,,,,,,,,,,-0.030429,-1.096842,-1.206519,,,,,,
238234,,,,,,,,,0.082402,0.652434,,,3.338552,7.066186,0.077447,0.060371,,,,,,,,,,,,
238243,,,,,,,,,0.027467,0.652434,,,2.809057,6.490031,0.082338,0.065616,,,,-0.030197,-1.097479,-1.199822,,,,,,
238254,,,,,,,,,0.054935,1.304868,,,2.363540,6.549798,0.086479,0.064490,,,,,,,,,,,,
238264,,,,,,,,,0.027467,0.652434,,,1.988682,6.055542,0.089987,0.069003,,,,,,,,,,,,
238268,,,,,,,,,,,,,,,,,,,,-0.029779,-1.098987,-1.176450,,,,,,
238272,-0.029802,-1.098873,-1.176943,-0.011733,-1.080136,-1.178641,0.077834,0.777048,0.082402,0.652434,-0.121374,4.018171,2.217820,6.184219,0.078122,0.068383,-0.010369,0.023876,-0.001698,,,,,,,,,
238278,,,,,,,,,,,,,,,,,,,,-0.029650,-1.099375,-1.163176,,,,,,
238284,,,,,,,,,0.082402,0.652434,,,2.410617,5.747944,0.075688,0.072399,,,,,,,,,,,,
238288,,,,,,,,,,,,,,,,,,,,-0.029547,-1.099805,-1.156547,,,,,,
238294,,,,,,,,,0.027467,0.652434,,,2.028293,5.925406,0.079081,0.070243,,,,,,,,,,,,
238304,,,,,,,,,0.027467,0.652434,,,1.706605,5.530179,0.081932,0.073893,,,,,,,,,,,,
238314,,,,,,,,,0.082402,0.652434,,,1.980481,5.742178,0.078773,0.071428,,,,,,,,,,,,
238318,,,,,,,,,,,,,,,,,,,,-0.028953,-1.101446,-1.140033,,,,,,
238322,-0.028887,-1.101547,-1.140393,-0.010554,-1.082768,-1.114523,0.064127,1.065894,0.027467,0.652434,-1.523952,4.239669,1.666376,5.376011,0.067250,0.077078,-0.009418,0.024496,0.025870,,,,,,,,,
238328,,,,,,,,,,,,,,,,,,,,-0.028859,-1.101922,-1.133478,,,,,,
238334,,,,,,,,,0.054935,1.304868,,,1.402089,5.612462,0.069308,0.074439,,,,,,,,,,,,
238338,,,,,,,,,,,,,,,,,,,,-0.028758,-1.102311,-1.123661,,,,,,
238344,,,,,,,,,0.054935,1.304868,,,1.179717,5.811411,0.070991,0.072135,,,,,,,,,,,,
238354,,,,,,,,,0.027467,0.652434,,,0.992614,5.434264,0.072359,0.075668,,,,,,,,,,,,
238364,,,,,,,,,0.054935,1.304868,,,0.835185,5.661475,0.073461,0.073111,,,,,,,,,,,,
238368,,,,,,,,,,,,,,,,,,,,-0.028352,-1.103689,-1.087873,,,,,,
238372,-0.028294,-1.103716,-1.086805,-0.009467,-1.084765,-1.018577,0.051404,1.540643,0.054935,1.304868,-3.233722,5.136580,0.702725,5.852651,0.056901,0.080025,-0.008014,0.025483,0.068228,,,,,,,,,
238378,,,,,,,,,,,,,,,,,,,,-0.028118,-1.104169,-1.078182,,,,,,
238384,,,,,,,,,0.054935,1.304868,,,0.591273,6.013506,0.057250,0.078241,,,,,,,,,,,,
238388,,,,,,,,,,,,,,,,,,,,-0.027981,-1.104614,-1.065318,,,,,,
238394,,,,,,,,,0.054935,1.304868,,,0.497497,6.148849,0.057442,0.076685,,,,,,,,,,,,
238404,,,,,,,,,0.027467,0.652434,,,0.418594,5.718184,0.057500,0.080876,,,,,,,,,,,,
238414,,,,,,,,,0.054935,1.304868,,,0.352205,5.900366,0.057447,0.078901,,,,,,,,,,,,
238418,,,,,,,,,,,,,,,,,,,,-0.027459,-1.105976,-1.030145,,,,,,
238422,-0.027415,-1.105987,-1.029424,-0.008466,-1.086169,-0.863598,0.039782,2.382500,0.054935,1.304868,-6.071031,6.914790,0.296345,6.053653,0.028359,0.095323,-0.007219,0.026452,0.165826,,,,,,,,,
238428,,,,,,,,,,,,,,,,,,,,-0.027294,-1.106505,-1.017443,,,,,,
238434,,,,,,,,,0.054935,1.304868,,,0.249345,6.182630,0.027565,0.094179,,,,,,,,,,,,
238438,,,,,,,,,,,,,,,,,,,,-0.027081,-1.106969,-1.007970,,,,,,
238444,,,,,,,,,0.054935,1.304868,,,0.209798,6.291150,0.026704,0.093219,,,,,,,,,,,,
238454,,,,,,,,,0.082402,1.957303,,,0.176524,6.927002,0.025788,0.086858,,,,,,,,,,,,
238464,,,,,,,,,0.054935,1.304868,,,0.148528,6.917465,0.024824,0.086953,,,,,,,,,,,,
238468,,,,,,,,,,,,,,,,,,,,-0.026319,-1.108519,-0.963997,,,,,,
238472,-0.026286,-1.108500,-0.964012,-0.007548,-1.087022,-0.592791,0.029507,3.999657,0.054935,1.304868,-11.113548,10.636340,0.124971,6.909441,-0.027614,0.124994,-0.006959,0.027640,0.371221,,,,,,,,,
238483,,,,,,,,,0.082402,1.957303,,,0.105151,7.447232,-0.029659,0.120254,,,,-0.026036,-1.109075,-0.948419,,,,,,
238488,,,,,,,,,,,,,,,,,,,,-0.025777,-1.109642,-0.932895,,,,,,
238494,,,,,,,,,0.054935,1.304868,,,0.088474,7.355186,-0.031733,0.121830,,,,,,,,,,,,
238504,,,,,,,,,0.109870,2.609737,,,0.074442,7.822283,-0.033830,0.117722,,,,,,,,,,,,
238514,,,,,,,,,0.082402,1.957303,,,0.062635,8.759841,-0.035947,0.108722,,,,,,,,,,,,
238518,,,,,,,,,,,,,,,,,,,,-0.024664,-1.111566,-0.877493,,,,,,
238522,-0.024589,-1.111583,-0.876541,-0.006709,-1.087365,-0.127075,0.021168,7.155221,0.082402,1.957303,-20.341000,18.243553,0.052701,9.004159,-0.132201,0.184199,-0.007172,0.029237,0.749465,,,,,,,,,
238528,,,,,,,,,,,,,,,,,,,,-0.024150,-1.112303,-0.853125,,,,,,
238534,,,,,,,,,0.082402,3.262171,,,-0.500200,9.754271,-0.130640,0.178395,,,,,,,,,,,,
238543,,,,,,,,,0.082402,3.262171,,,-0.965412,10.385415,-0.129863,0.173656,,,,-0.023594,-1.113122,-0.831884,,,,,,
238554,,,,,,,,,0.109870,3.914605,,,-1.356840,11.461002,-0.129746,0.164256,,,,,,,,,,,,
238564,,,,,,,,,0.137337,4.567039,,,-1.686189,12.366002,-0.130183,0.156382,,,,,,,,,,,,
238568,,,,,,,,,,,,,,,,,,,,-0.021735,-1.115837,-0.733055,,,,,,
238572,-0.021560,-1.115881,-0.725933,-0.005944,-1.087240,0.442825,0.016158,11.270280,0.109870,3.914605,-31.799944,28.465137,-1.963302,13.672012,-0.247969,0.248496,-0.007334,0.031786,1.168759,,,,,,,,,
238583,,,,,,,,,0.109870,6.524341,,,-3.285552,15.315432,-0.240449,0.234692,,,,-0.020926,-1.116753,-0.685833,,,,,,
238588,,,,,,,,,,,,,,,,,,,,-0.020248,-1.117620,-0.636162,,,,,,
238594,,,,,,,,,0.137337,7.176776,,,-4.398092,17.242748,-0.234804,0.217663,,,,,,,,,,,,
238604,,,,,,,,,0.109870,7.829210,,,-5.878727,18.864391,-0.225182,0.203367,,,,,,,,,,,,
238614,,,,,,,,,0.109870,9.134078,,,-7.669076,20.773386,-0.212105,0.185815,,,,,,,,,,,,
238618,,,,,,,,,,,,,,,,,,,,-0.017698,-1.120413,-0.412497,,,,,,
238622,-0.017619,-1.120258,-0.400474,-0.005249,-1.086687,0.850811,0.016142,10.328721,0.137337,9.786511,-27.830643,27.510241,-9.175475,22.924156,-0.161079,0.155676,-0.001696,0.035737,1.251285,,,,,,,,,
238628,,,,,,,,,,,,,,,,,,,,-0.016713,-1.121349,-0.319579,,,,,,
238634,,,,,,,,,0.137337,9.786511,,,-10.442960,24.189270,-0.151882,0.143689,,,,,,,,,,,,
238638,,,,,,,,,,,,,,,,,,,,-0.015920,-1.122230,-0.221818,,,,,,
238644,,,,,,,,,0.109870,9.134078,,,-11.509421,25.798281,-0.144481,0.127941,,,,,,,,,,,,
238654,,,,,,,,,0.109870,9.134078,,,-12.406742,26.607559,-0.138593,0.120029,,,,,,,,,,,,
238664,,,,,,,,,0.082402,8.481645,,,-13.161747,26.743942,-0.133976,0.118818,,,,,,,,,,,,
238668,,,,,,,,,,,,,,,,,,,,-0.012862,-1.123792,0.066400,,,,,,
238672,-0.012921,-1.123559,0.062808,-0.004620,-1.085745,1.081757,0.020062,6.094123,0.109870,9.134078,-12.931305,20.241442,-13.797009,26.858696,0.021543,0.043659,0.010659,0.037219,1.018949,,,,,,,,,
238678,,,,,,,,,,,,,,,,,,,,-0.011753,-1.124160,0.157908,,,,,,
238684,,,,,,,,,0.109870,6.524341,,,-13.242431,26.955250,0.016059,0.041351,,,,,,,,,,,,
238688,,,,,,,,,,,,,,,,,,,,-0.010572,-1.124332,0.244167,,,,,,
238694,,,,,,,,,0.137337,4.567039,,,-11.686723,25.947403,0.000253,0.050288,,,,,,,,,,,,
238704,,,,,,,,,0.137337,4.567039,,,-10.377750,25.099401,-0.013347,0.057797,,,,,,,,,,,,
238714,,,,,,,,,0.137337,3.262171,,,-8.731838,23.841349,-0.030646,0.069657,,,,,,,,,,,,
238724,-0.010199,-1.124184,0.242635,-0.004052,-1.084452,1.216284,0.025454,3.437583,0.137337,3.262171,-4.466998,14.982338,-7.346968,22.238281,0.040724,0.031646,0.015513,0.037091,0.973649,-0.007974,-1.124408,0.409699,,,,,,
238728,,,,,,,,,,,,,,,,,,,,-0.006899,-1.124147,0.437997,,,,,,
238734,,,,,,,,,0.054935,1.304868,,,-6.181738,20.344917,0.029415,0.049507,,,,,,,,,,,,
238738,,,,,,,,,,,,,,,,,,,,-0.005631,-1.123617,0.460709,,,,,,
238744,,,,,,,,,0.082402,1.957303,,,-5.201313,18.751841,0.019757,0.064684,,,,,,,,,,,,
238754,,,,,,,,,0.082402,1.957303,,,-4.376384,17.411427,0.011490,0.077602,,,,,,,,,,,,
238764,,,,,,,,,0.082402,1.957303,,,-3.682289,16.283602,0.004392,0.088620,,,,,,,,,,,,
238768,,,,,,,,,,,,,,,,,,,,-0.002280,-1.122203,0.509181,,,,,,
238772,-0.002614,-1.122265,0.495025,-0.003541,-1.082847,1.301260,0.031030,2.092194,0.082402,1.957303,0.150410,12.609174,-3.098278,15.334650,0.045376,0.073833,0.017910,0.035126,0.806235,,,,,,,,,
238783,,,,,,,,,0.082402,1.957303,,,-2.606890,14.536202,0.041013,0.081432,,,,-0.001184,-1.121652,0.520611,,,,,,
238788,,,,,,,,,,,,,,,,,,,,-0.000356,-1.121243,0.534947,,,,,,
238794,,,,,,,,,0.082402,1.957303,,,-2.193437,13.864388,0.037347,0.087899,,,,,,,,,,,,
238804,,,,,,,,,0.082402,1.957303,,,-1.845558,13.299124,0.034268,0.093414,,,,,,,,,,,,
238814,,,,,,,,,0.082402,1.957303,,,-1.552852,12.823510,0.031681,0.098127,,,,,,,,,,,,
238818,,,,,,,,,,,,,,,,,,,,0.001849,-1.120292,0.592603,,,,,,
238822,0.001770,-1.120279,0.592627,-0.003084,-1.080964,1.358881,0.036310,1.376500,0.082402,1.957303,2.241508,11.115879,-1.306569,12.423329,0.050839,0.086934,0.017933,0.035322,0.766254,,,,,,,,,
238828,,,,,,,,,,,,,,,,,,,,0.002336,-1.120012,0.615767,,,,,,
238834,,,,,,,,,0.109870,2.609737,,,-1.099347,12.631161,0.049435,0.084553,,,,,,,,,,,,
238843,,,,,,,,,0.082402,1.957303,,,-0.924991,12.261487,0.048325,0.088021,,,,0.002730,-1.119818,0.636134,,,,,,
238854,,,,,,,,,0.082402,1.957303,,,-0.778287,11.950443,0.047462,0.090964,,,,,,,,,,,,
238864,,,,,,,,,0.082402,1.957303,,,-0.654851,11.688731,0.046807,0.093467,,,,,,,,,,,,
238868,,,,,,,,,,,,,,,,,,,,0.003861,-1.119159,0.697714,,,,,,
238872,0.003962,-1.119045,0.697108,-0.002675,-1.078839,1.400150,0.041112,0.963195,0.082402,1.957303,4.392387,11.185314,-0.550991,10.923984,0.068266,0.101861,0.020724,0.035088,0.703042,,,,,,,,,
238878,,,,,,,,,,,,,,,,,,,,0.004610,-1.118689,0.721319,,,,,,
238884,,,,,,,,,0.082402,1.957303,,,-0.463604,10.280525,0.068363,0.108476,,,,,,,,,,,,
238889,,,,,,,,,,,,,,,,,,,,0.005417,-1.118164,0.739064,,,,,,
238894,,,,,,,,,0.082402,1.957303,,,-0.390076,11.372748,0.068584,0.097517,,,,,,,,,,,,
238904,,,,,,,,,0.082402,1.957303,,,-0.328210,11.202659,0.068910,0.099214,,,,,,,,,,,,
238914,,,,,,,,,0.082402,1.957303,,,-0.276156,11.059546,0.069323,0.100670,,,,,,,,,,,,
238918,,,,,,,,,,,,,,,,,,,,0.007235,-1.116806,0.798822,,,,,,
238922,0.007214,-1.116759,0.798499,-0.002312,-1.076504,1.430962,0.045369,0.706402,0.082402,1.957303,5.796891,11.257973,-0.232358,10.939130,0.084136,0.102665,0.022188,0.034913,0.632463,,,,,,,,,
238928,,,,,,,,,,,,,,,,,,,,0.007872,-1.116203,0.816897,,,,,,
238934,,,,,,,,,0.082402,1.957303,,,-0.195506,10.837812,0.084966,0.103762,,,,,,,,,,,,
238938,,,,,,,,,,,,,,,,,,,,0.008451,-1.115680,0.835000,,,,,,
238944,,,,,,,,,0.109870,2.609737,,,-0.164498,10.752563,0.085848,0.104716,,,,,,,,,,,,
238954,,,,,,,,,0.082402,1.957303,,,-0.138409,11.225378,0.086774,0.099994,,,,,,,,,,,,
238964,,,,,,,,,0.082402,1.957303,,,-0.116457,11.078661,0.087737,0.101497,,,,,,,,,,,,
238968,,,,,,,,,,,,,,,,,,,,0.010288,-1.114003,0.899076,,,,,,
238972,0.010259,-1.113975,0.898848,-0.001990,-1.073991,1.454716,0.049063,0.537056,0.082402,1.957303,7.003786,11.518381,-0.097987,10.955214,0.101042,0.105448,0.023667,0.034476,0.555868,,,,,,,,,
238978,,,,,,,,,,,,,,,,,,,,0.010978,-1.113389,0.920655,,,,,,
238984,,,,,,,,,0.082402,1.957303,,,-0.082446,10.851345,0.102304,0.106620,,,,,,,,,,,,
238988,,,,,,,,,,,,,,,,,,,,0.011570,-1.112760,0.942361,,,,,,
238994,,,,,,,,,0.109870,2.609737,,,-0.069370,11.308493,0.103587,0.102091,,,,,,,,,,,,
239004,,,,,,,,,0.082402,1.957303,,,-0.058368,11.148594,0.104890,0.103764,,,,,,,,,,,,
239014,,,,,,,,,0.082402,1.957303,,,-0.049111,11.014055,0.106208,0.105210,,,,,,,,,,,,
239024,0.011663,-1.112582,0.946922,-0.001706,-1.071329,1.473494,0.052198,0.419883,0.164805,2.609737,8.078802,12.002668,0.503221,11.989941,0.112950,0.100297,0.025672,0.034950,0.526571,0.013271,-1.110670,1.008117,,,,,,
239028,,,,,,,,,,,,,,,,,,,,0.013853,-1.109937,1.033637,,,,,,
239034,,,,,,,,,0.109870,1.304868,,,0.967953,11.721964,0.109725,0.103032,,,,,,,,,,,,
239038,,,,,,,,,,,,,,,,,,,,0.014442,-1.109222,1.052682,,,,,,
239044,,,,,,,,,0.109870,1.304868,,,1.358979,11.496489,0.107158,0.105388,,,,,,,,,,,,
239054,,,,,,,,,0.082402,1.957303,,,1.143445,11.306773,0.110701,0.107425,,,,,,,,,,,,
239064,,,,,,,,,0.109870,1.304868,,,1.506637,11.147147,0.108383,0.109192,,,,,,,,,,,,
239068,,,,,,,,,,,,,,,,,,,,0.016229,-1.106357,1.094661,,,,,,
239072,0.016100,-1.106495,1.087738,-0.001457,-1.068547,1.488634,0.054790,0.335584,0.164805,1.304868,8.723990,11.897633,2.356771,11.557381,0.107607,0.104108,0.025450,0.033175,0.400896,,,,,,,,,
239082,,,,,,,,,0.109870,1.304868,,,2.527530,11.358008,0.107139,0.106209,,,,0.016892,-1.105337,1.114113,,,,,,
239088,,,,,,,,,,,,,,,,,,,,0.017497,-1.104312,1.127235,,,,,,
239094,,,,,,,,,0.137337,1.957303,,,2.671206,11.734799,0.106913,0.102474,,,,,,,,,,,,
239104,,,,,,,,,0.137337,1.957303,,,2.792096,12.051831,0.106890,0.099273,,,,,,,,,,,,
239114,,,,,,,,,0.137337,0.652434,,,3.438355,11.774039,0.101485,0.102075,,,,,,,,,,,,
239118,,,,,,,,,,,,,,,,,,,,0.019157,-1.100939,1.170151,,,,,,
239122,0.019158,-1.100889,1.165973,-0.001239,-1.065670,1.501035,0.056863,0.272957,0.109870,1.304868,8.863791,11.539580,3.437575,11.540305,0.103976,0.100832,0.024339,0.032620,0.335062,,,,,,,,,
239128,,,,,,,,,,,,,,,,,,,,0.019780,-1.099665,1.183541,,,,,,
239134,,,,,,,,,0.164805,1.304868,,,3.981462,11.888184,0.099513,0.097284,,,,,,,,,,,,
239143,,,,,,,,,0.137337,1.957303,,,3.894544,12.180889,0.101377,0.094228,,,,0.020385,-1.098438,1.196909,,,,,,
239154,,,,,,,,,0.137337,0.652434,,,4.365955,11.882628,0.097562,0.097142,,,,,,,,,,,,
239164,,,,,,,,,0.137337,1.957303,,,4.218058,12.176215,0.099970,0.094079,,,,,,,,,,,,
239168,,,,,,,,,,,,,,,,,,,,0.022149,-1.094616,1.237244,,,,,,
239172,0.022099,-1.094603,1.239475,-0.001048,-1.062724,1.511324,0.058446,0.225167,0.164805,1.304868,8.761475,10.996991,4.638160,11.878695,0.095571,0.091452,0.022615,0.032258,0.271849,,,,,,,,,
239178,,,,,,,,,,,,,,,,,,,,0.022648,-1.093319,1.250986,,,,,,
239184,,,,,,,,,0.137337,0.652434,,,4.991633,12.172906,0.092790,0.088275,,,,,,,,,,,,
239188,,,,,,,,,,,,,,,,,,,,0.023120,-1.091951,1.264699,,,,,,
239194,,,,,,,,,0.137337,1.957303,,,4.744503,12.420454,0.096065,0.085514,,,,,,,,,,,,
239204,,,,,,,,,0.137337,0.652434,,,5.081110,12.084198,0.093435,0.088660,,,,,,,,,,,,
239214,,,,,,,,,0.137337,1.957303,,,4.819789,12.345816,0.096836,0.085774,,,,,,,,,,,,
239218,,,,,,,,,,,,,,,,,,,,0.024735,-1.088168,1.302675,,,,,,
239222,0.024676,-1.088155,1.305584,-0.000884,-1.059731,1.519949,0.059568,0.187868,0.137337,0.652434,8.543632,10.392914,5.144456,12.021398,0.092091,0.082651,0.020731,0.032117,0.214365,,,,,,,,,
239228,,,,,,,,,,,,,,,,,,,,0.025167,-1.086733,1.313147,,,,,,
239234,,,,,,,,,0.137337,0.652434,,,4.873088,11.748432,0.095539,0.085110,,,,,,,,,,,,
239238,,,,,,,,,,,,,,,,,,,,0.025605,-1.085303,1.327033,,,,,,
239244,,,,,,,,,0.054935,1.304868,,,4.644759,10.974216,0.098602,0.092736,,,,,,,,,,,,
239254,,,,,,,,,0.219740,1.304868,,,5.541729,11.956419,0.090232,0.082601,,,,,,,,,,,,
239264,,,,,,,,,0.137337,0.652434,,,5.751896,11.693759,0.088689,0.084968,,,,,,,,,,,,
239268,,,,,,,,,,,,,,,,,,,,0.026775,-1.081085,1.355303,,,,,,
239272,0.026740,-1.081120,1.353868,-0.000741,-1.056713,1.527237,0.060261,0.158189,0.137337,1.957303,7.974811,9.524790,5.384188,12.017300,0.087196,0.072552,0.017920,0.032090,0.173369,,,,,,,,,
239278,,,,,,,,,,,,,,,,,,,,0.027150,-1.079777,1.366113,,,,,,
239284,,,,,,,,,0.137337,0.652434,,,5.619342,11.744984,0.085316,0.074832,,,,,,,,,,,,
239288,,,,,,,,,,,,,,,,,,,,0.027508,-1.078237,1.373128,,,,,,
239294,,,,,,,,,0.137337,0.652434,,,5.817200,11.515858,0.083769,0.076725,,,,,,,,,,,,
239304,,,,,,,,,0.137337,0.652434,,,5.983677,11.323071,0.082502,0.078293,,,,,,,,,,,,
239314,,,,,,,,,0.109870,1.304868,,,5.579208,11.160860,0.087026,0.079588,,,,,,,,,,,,
239324,0.027530,-1.078026,1.376987,-0.000619,-1.053687,1.533438,0.060557,0.134181,0.164805,1.304868,8.249109,9.612875,5.238888,11.568919,0.093774,0.075997,0.018462,0.032309,0.156451,0.028811,-1.073636,1.405381,,,,,,
239328,,,,,,,,,,,,,,,,,,,,0.029200,-1.072229,1.416337,,,,,,
239334,,,,,,,,,0.109870,1.304868,,,5.497087,11.367717,0.091742,0.077658,,,,,,,,,,,,
239338,,,,,,,,,,,,,,,,,,,,0.029595,-1.070787,1.430830,,,,,,
239344,,,,,,,,,0.164805,1.304868,,,5.714334,11.742969,0.090077,0.073479,,,,,,,,,,,,
239354,,,,,,,,,0.137337,0.652434,,,5.897127,11.514162,0.088719,0.075387,,,,,,,,,,,,
239364,,,,,,,,,0.137337,1.957303,,,5.506385,11.866187,0.093175,0.071416,,,,,,,,,,,,
239368,,,,,,,,,,,,,,,,,,,,0.030619,-1.066759,1.467826,,,,,,
239372,0.030443,-1.067135,1.468415,-0.000515,-1.050673,1.538741,0.060490,0.114482,0.137337,0.652434,7.020568,7.953480,5.177615,11.073295,0.084546,0.062127,0.013212,0.032479,0.070325,,,,,,,,,
239383,,,,,,,,,0.137337,0.652434,,,5.990074,11.495241,0.076628,0.057199,,,,0.030931,-1.065296,1.475212,,,,,,
239389,,,,,,,,,,,,,,,,,,,,0.031137,-1.063890,1.490209,,,,,,
239394,,,,,,,,,0.109870,1.304868,,,5.584591,10.761181,0.080970,0.063978,,,,,,,,,,,,
239404,,,,,,,,,0.054935,1.304868,,,4.698874,10.688086,0.090291,0.064162,,,,,,,,,,,,
239414,,,,,,,,,0.109870,1.304868,,,4.498175,10.626583,0.092803,0.064243,,,,,,,,,,,,
239418,,,,,,,,,,,,,,,,,,,,0.031766,-1.059764,1.520543,,,,,,
239422,0.031687,-1.059923,1.521644,-0.000426,-1.047687,1.543294,0.060091,0.098118,0.164805,0.000000,6.417884,7.078379,5.418394,10.574835,0.077774,0.055310,0.010643,0.032676,0.021650,,,,,,,,,
239428,,,,,,,,,,,,,,,,,,,,0.031951,-1.058460,1.532028,,,,,,
239434,,,,,,,,,0.109870,1.304868,,,5.103579,10.531294,0.081185,0.055055,,,,,,,,,,,,
239443,,,,,,,,,0.109870,0.000000,,,5.383237,9.950115,0.078595,0.060292,,,,0.032094,-1.057248,1.543581,,,,,,
239454,,,,,,,,,0.109870,1.304868,,,5.073998,10.005655,0.081956,0.059151,,,,,,,,,,,,
239464,,,,,,,,,0.054935,1.304868,,,4.269261,9.507843,0.090433,0.063644,,,,,,,,,,,,
239468,,,,,,,,,,,,,,,,,,,,0.032298,-1.054136,1.566886,,,,,,
239472,0.032251,-1.054391,1.568564,-0.000351,-1.044741,1.547214,0.059392,0.084379,0.137337,0.652434,6.192096,6.617249,4.681242,9.633528,0.084358,0.057172,0.009577,0.032623,-0.021350,,,,,,,,,
239478,,,,,,,,,,,,,,,,,,,,0.032401,-1.053296,1.570735,,,,,,
239484,,,,,,,,,0.109870,0.000000,,,4.483340,8.650192,0.086678,0.066599,,,,,,,,,,,,
239488,,,,,,,,,,,,,,,,,,,,0.032383,-1.052428,1.574672,,,,,,
239494,,,,,,,,,0.109870,0.000000,,,5.405911,8.911901,0.077610,0.063523,,,,,,,,,,,,
239504,,,,,,,,,0.109870,1.304868,,,5.093076,9.132102,0.080958,0.060818,,,,,,,,,,,,
239514,,,,,,,,,0.082402,0.652434,,,4.829856,8.772836,0.083863,0.063980,,,,,,,,,,,,
239518,,,,,,,,,,,,,,,,,,,,0.032386,-1.049507,1.582443,,,,,,
239522,0.032370,-1.049571,1.584015,-0.000288,-1.041850,1.550596,0.058423,0.072738,0.054935,0.000000,5.782296,6.101855,4.608384,7.926006,0.082214,0.066929,0.008152,0.032553,-0.033420,,,,,,,,,
239528,,,,,,,,,,,,,,,,,,,,0.032394,-1.048465,1.582409,,,,,,
239534,,,,,,,,,0.109870,0.000000,,,4.966580,7.758027,0.078795,0.068278,,,,,,,,,,,,
239538,,,,,,,,,,,,,,,,,,,,0.032373,-1.047515,1.586330,,,,,,
239554,,,,,,,,,-0.000000,0.000000,,,5.348823,7.783216,0.074945,0.067060,,,,,,,,,,,,
239558,,,,,,,,,,,,,,,,,,,,0.032462,-1.045882,1.597949,,,,,,
239564,,,,,,,,,0.247207,0.652434,,,5.045042,7.093340,0.078130,0.073760,,,,,,,,,,,,
239568,,,,,,,,,,,,,,,,,,,,0.032488,-1.045133,1.597975,,,,,,
239572,0.032449,-1.044469,1.599541,-0.000235,-1.039024,1.553517,0.057215,0.062796,0.054935,1.304868,5.255537,5.478508,4.244898,7.057422,0.081066,0.067570,0.006382,0.032514,-0.046024,,,,,,,,,
239578,,,,,,,,,,,,,,,,,,,,0.032421,-1.044177,1.601806,,,,,,
239584,,,,,,,,,0.082402,0.652434,,,4.116199,7.027201,0.082581,0.067563,,,,,,,,,,,,
239588,,,,,,,,,,,,,,,,,,,,0.032434,-1.043255,1.605623,,,,,,
239594,,,,,,,,,0.109870,0.000000,,,4.552456,7.001772,0.078359,0.067512,,,,,,,,,,,,
239604,,,,,,,,,0.082402,0.652434,,,4.374979,6.980376,0.080310,0.067426,,,,,,,,,,,,
239614,,,,,,,,,0.082402,0.652434,,,4.225650,6.962374,0.082009,0.067309,,,,,,,,,,,,
239618,,,,,,,,,,,,,,,,,,,,0.032334,-1.040716,1.624773,,,,,,
239622,0.032328,-1.040686,1.625394,-0.000191,-1.036274,1.556040,0.055796,0.054249,0.109870,0.000000,5.167927,5.266022,4.644547,6.947227,0.077049,0.064999,0.006180,0.032230,-0.069354,,,,,,,,,
239628,,,,,,,,,,,,,,,,,,,,0.032376,-1.039997,1.632417,,,,,,
239634,,,,,,,,,0.054935,0.000000,,,4.452465,6.389939,0.079113,0.070348,,,,,,,,,,,,
239638,,,,,,,,,,,,,,,,,,,,0.032434,-1.039336,1.640027,,,,,,
239644,,,,,,,,,0.082402,1.957303,,,3.746304,7.010124,0.086459,0.063797,,,,,,,,,,,,
239654,,,,,,,,,0.082402,-0.652434,,,4.241226,6.442861,0.081695,0.069234,,,,,,,,,,,,
239664,,,,,,,,,0.054935,1.304868,,,3.568567,6.510108,0.088741,0.068313,,,,,,,,,,,,
239668,,,,,,,,,,,,,,,,,,,,0.032518,-1.036754,1.658845,,,,,,
239672,0.032482,-1.036854,1.661513,-0.000154,-1.033608,1.558219,0.054194,0.046860,0.109870,0.000000,5.135368,5.084203,4.091678,6.566691,0.083393,0.065632,0.006189,0.032208,-0.103294,,,,,,,,,
239683,,,,,,,,,0.054935,1.304868,,,3.442737,6.614299,0.090221,0.064850,,,,0.032508,-1.036003,1.662620,,,,,,
239688,,,,,,,,,,,,,,,,,,,,0.032496,-1.035166,1.670120,,,,,,
239694,,,,,,,,,0.082402,0.652434,,,3.441262,6.654357,0.090575,0.064136,,,,,,,,,,,,
239704,,,,,,,,,0.109870,0.000000,,,3.984564,6.688061,0.085372,0.063478,,,,,,,,,,,,
239714,,,,,,,,,0.054935,0.000000,,,3.897155,6.171877,0.086494,0.068422,,,,,,,,,,,,
239718,,,,,,,,,,,,,,,,,,,,0.032432,-1.032886,1.684981,,,,,,
239722,0.032415,-1.032990,1.683012,-0.000124,-1.031033,1.560098,0.052433,0.040444,0.054935,1.304868,4.893903,4.753948,3.279065,6.282103,0.090583,0.063712,0.005588,0.032115,-0.122914,,,,,,,,,
239728,,,,,,,,,,,,,,,,,,,,0.032340,-1.032081,1.688705,,,,,,
239734,,,,,,,,,0.082402,0.652434,,,3.303548,6.374846,0.090656,0.062460,,,,,,,,,,,,
239743,,,,,,,,,0.082402,0.652434,,,3.324148,6.452881,0.090764,0.061340,,,,0.032308,-1.031241,1.696053,,,,,,
239754,,,,,,,,,0.082402,0.652434,,,3.341481,6.518540,0.090901,0.060330,,,,,,,,,,,,
239764,,,,,,,,,0.054935,0.000000,,,3.356065,6.029242,0.091063,0.064968,,,,,,,,,,,,
239768,,,,,,,,,,,,,,,,,,,,0.032152,-1.029208,1.714476,,,,,,
239772,0.032148,-1.029296,1.711835,-0.000100,-1.028556,1.561716,0.050538,0.034853,0.082402,0.652434,4.725670,4.482561,3.368336,6.162089,0.089529,0.060590,0.005266,0.031824,-0.150119,0.032152,-1.029208,1.714476,,,,,,
239778,,,,,,,,,,,,,,,,,,,,0.032071,-1.028478,1.718089,,,,,,
239784,,,,,,,,,0.082402,0.652434,,,3.378661,6.273868,0.089695,0.059114,,,,0.032071,-1.028478,1.718089,,,,,,
239789,,,,,,,,,,,,,,,,,,,,0.032071,-1.028478,1.718089,,,,,,
239792,,,,,,,,,0.054935,0.000000,,,3.387348,5.823375,0.089876,0.063351,,,,0.032071,-1.028478,1.718089,,,,,,
239796,,,,,,,,,,,,,,,,,,,,0.032071,-1.028478,1.718089,,,,,,
239804,,,,,,,,,0.082402,0.652434,,,3.394657,5.988873,0.090069,0.061395,,,,0.032071,-1.028478,1.718089,,,,,,
239810,,,,,,,,,,,,,,,,,,,,0.032071,-1.028478,1.718089,,,,,,
239813,,,,,,,,,0.054935,0.000000,,,3.400807,5.583580,0.090273,0.065227,,,,0.032071,-1.028478,1.718089,,,,,,
239817,,,,,,,,,,,,,,,,,,,,0.032071,-1.028478,1.718089,,,,,,
239824,0.032045,-1.028319,1.717564,-0.000080,-1.026182,1.563105,0.048532,0.029969,0.054935,1.304868,5.045675,4.780101,2.861439,5.787110,0.099303,0.065966,0.006812,0.031467,-0.154459,,,,,,,,,
239827,,,,,,,,,,,,,,,,,,,,0.032071,-1.028478,1.718089,,,,,,
239831,,,,,,,,,,,,,,,,,,,,0.032005,-1.027819,1.721784,,,,,,
239834,,,,,,,,,0.082402,-0.652434,,,3.496701,5.413816,0.093261,0.069572,,,,0.032005,-1.027819,1.721784,,,,,,
239839,,,,,,,,,,,,,,,,,,,,0.031913,-1.027231,1.725411,,,,,,
239843,,,,,,,,,0.054935,0.000000,,,3.486667,5.099728,0.093673,0.072649,,,,0.031819,-1.025819,1.729069,,,,,,
239846,,,,,,,,,,,,,,,,,,,,0.031715,-1.025246,1.732704,,,,,,
239852,,,,,,,,,0.082402,0.652434,,,3.478224,5.379997,0.094071,0.069727,,,,0.031476,-1.023887,1.736345,,,,,,
239863,,,,,,,,,0.054935,0.000000,,,3.471120,5.071272,0.094457,0.072756,,,,0.031363,-1.023146,1.739957,,,,,,
239868,,,,,,,,,,,,,,,,,,,,0.031290,-1.022457,1.743575,,,,,,
239872,0.031319,-1.022721,1.741393,-0.000064,-1.023914,1.564294,0.046437,0.025695,0.109870,0.000000,4.192529,3.856764,3.465143,4.811511,0.086130,0.065929,0.004152,0.031130,-0.177098,,,,,,,,,
239878,,,,,,,,,,,,,,,,,,,,0.031248,-1.021786,1.743587,,,,,,
239884,,,,,,,,,0.054935,0.000000,,,4.004658,5.137491,0.080773,0.062413,,,,,,,,,,,,
239888,,,,,,,,,,,,,,,,,,,,0.031128,-1.021091,1.750795,,,,,,
239894,,,,,,,,,0.082402,0.652434,,,3.914062,5.411770,0.081734,0.059359,,,,,,,,,,,,
239904,,,,,,,,,0.082402,0.652434,,,3.837834,5.642549,0.082568,0.056694,,,,,,,,,,,,
239914,,,,,,,,,0.054935,0.000000,,,3.773696,5.292183,0.083293,0.059911,,,,,,,,,,,,
239924,0.031104,-1.021000,1.750006,-0.000051,-1.021756,1.565308,0.044272,0.021953,0.054935,1.304868,4.250140,3.895267,3.175188,5.541929,0.090069,0.057469,0.004810,0.030791,-0.184698,0.030652,-1.018642,1.757994,,,,,,
239928,,,,,,,,,,,,,,,,,,,,0.030544,-1.017908,1.757974,,,,,,
239934,,,,,,,,,0.082402,-0.652434,,,3.760689,5.207521,0.084312,0.060551,,,,,,,,,,,,
239938,,,,,,,,,,,,,,,,,,,,0.030422,-1.017155,1.757974,,,,,,
239944,,,,,,,,,0.082402,-0.652434,,,4.253329,4.926151,0.079385,0.063158,,,,,,,,,,,,
239954,,,,,,,,,0.027467,0.652434,,,3.578751,4.689406,0.086265,0.065367,,,,,,,,,,,,
239964,,,,,,,,,0.082402,0.652434,,,3.555703,5.034752,0.086634,0.061685,,,,,,,,,,,,
239968,,,,,,,,,,,,,,,,,,,,0.030167,-1.015403,1.761584,,,,,,
239972,0.030179,-1.015533,1.763350,-0.000041,-1.019709,1.566169,0.042054,0.018678,0.082402,-0.652434,3.241962,2.860432,4.080855,4.780783,0.071133,0.053493,0.001684,0.030460,-0.197181,,,,,,,,,
239983,,,,,,,,,0.027467,0.652434,,,3.433631,4.567093,0.077567,0.055288,,,,0.030075,-1.014870,1.761566,,,,,,
239988,,,,,,,,,,,,,,,,,,,,0.029956,-1.014340,1.765170,,,,,,
239994,,,,,,,,,0.054935,0.000000,,,3.433600,4.387295,0.077529,0.056781,,,,,,,,,,,,
240004,,,,,,,,,0.027467,0.652434,,,2.889030,4.236012,0.083045,0.058019,,,,,,,,,,,,
240014,,,,,,,,,0.027467,0.652434,,,2.430830,4.108724,0.087790,0.059042,,,,,,,,,,,,
240018,,,,,,,,,,,,,,,,,,,,0.029699,-1.012765,1.772308,,,,,,
240022,0.029716,-1.012884,1.774294,-0.000032,-1.017776,1.566896,0.039802,0.015814,0.027467,0.652434,2.976036,2.579548,2.045300,4.001623,0.089172,0.057019,0.001221,0.030123,-0.207398,,,,,,,,,
240028,,,,,,,,,,,,,,,,,,,,0.029591,-1.012215,1.775878,,,,,,
240034,,,,,,,,,0.109870,0.000000,,,2.810001,4.456051,0.081558,0.052100,,,,,,,,,,,,
240043,,,,,,,,,0.027467,0.652434,,,2.364335,4.293864,0.086137,0.053379,,,,0.029505,-1.011846,1.783021,,,,,,
240054,,,,,,,,,0.027467,-0.652434,,,2.533894,3.612857,0.084530,0.059982,,,,,,,,,,,,
240064,,,,,,,,,0.027467,0.652434,,,2.132018,3.584400,0.088717,0.060066,,,,,,,,,,,,
240068,,,,,,,,,,,,,,,,,,,,0.029462,-1.011196,1.793681,,,,,,
240072,0.029459,-1.011225,1.794791,-0.000026,-1.015956,1.567506,0.037529,0.013314,0.054935,0.000000,3.044227,2.615572,2.338423,3.560457,0.087476,0.060477,0.001937,0.029799,-0.227285,,,,,,,,,
240078,,,,,,,,,,,,,,,,,,,,0.029363,-1.010836,1.797222,,,,,,
240084,,,,,,,,,0.027467,0.652434,,,1.967549,3.540311,0.091400,0.060493,,,,,,,,,,,,
240088,,,,,,,,,,,,,,,,,,,,0.029310,-1.010425,1.800755,,,,,,
240094,,,,,,,,,0.027467,0.652434,,,1.655495,3.523361,0.094799,0.060481,,,,,,,,,,,,
240104,,,,,,,,,0.027467,0.652434,,,1.392934,3.509099,0.097755,0.060445,,,,,,,,,,,,
240114,,,,,,,,,0.027467,0.652434,,,1.172014,3.497098,0.100338,0.060389,,,,,,,,,,,,
240118,,,,,,,,,,,,,,,,,,,,0.029226,-1.009577,1.818341,,,,,,
240122,0.029218,-1.009603,1.819102,-0.000021,-1.014251,1.568014,0.035251,0.011138,0.027467,0.652434,3.118783,2.657121,0.986133,3.487001,0.103369,0.060739,0.002680,0.029485,-0.251089,,,,,,,,,
240128,,,,,,,,,,,,,,,,,,,,0.029195,-1.009383,1.828843,,,,,,
240134,,,,,,,,,0.027467,0.652434,,,0.829732,3.478506,0.105391,0.060660,,,,,,,,,,,,
240138,,,,,,,,,,,,,,,,,,,,0.029174,-1.009123,1.835821,,,,,,
240144,,,,,,,,,0.027467,0.652434,,,0.698136,3.471357,0.107191,0.060568,,,,,,,,,,,,
240154,,,,,,,,,0.027467,0.652434,,,0.587412,3.465343,0.108805,0.060467,,,,,,,,,,,,
240164,,,,,,,,,0.027467,0.652434,,,0.494248,3.460282,0.110261,0.060357,,,,,,,,,,,,
240168,,,,,,,,,,,,,,,,,,,,0.029027,-1.008339,1.849740,,,,,,
240172,0.029013,-1.008334,1.849907,-0.000017,-1.012658,1.568435,0.032980,0.009252,0.054935,0.000000,3.310079,2.810561,0.960404,3.456024,0.107982,0.061805,0.003841,0.029098,-0.281472,,,,,,,,,
240178,,,,,,,,,,,,,,,,,,,,0.029006,-1.008089,1.853213,,,,,,
240184,,,,,,,,,-0.000000,0.000000,,,0.808083,2.907898,0.110006,0.067267,,,,,,,,,,,,
240188,,,,,,,,,,,,,,,,,,,,0.028939,-1.007810,1.853213,,,,,,
240194,,,,,,,,,0.054935,0.000000,,,1.224464,2.991248,0.106259,0.066397,,,,,,,,,,,,
240204,,,,,,,,,0.027467,-0.652434,,,1.574807,2.516836,0.103103,0.071200,,,,,,,,,,,,
240214,,,,,,,,,0.054935,0.000000,,,1.869586,2.662209,0.100443,0.069776,,,,,,,,,,,,
240224,0.028882,-1.007632,1.852936,-0.000013,-1.011178,1.568781,0.030726,0.007624,-0.000000,0.000000,3.386073,2.910107,1.573069,2.239982,0.104531,0.075128,0.004639,0.028739,-0.284155,0.028614,-1.006668,1.846269,,,,,,
240228,,,,,,,,,,,,,,,,,,,,0.028481,-1.006197,1.846277,,,,,,
240234,,,,,,,,,0.082402,-0.652434,,,2.412667,2.429264,0.096330,0.073331,,,,,,,,,,,,
240238,,,,,,,,,,,,,,,,,,,,0.028356,-1.005824,1.846277,,,,,,
240244,,,,,,,,,0.054935,0.000000,,,2.574561,2.588525,0.094873,0.071803,,,,,,,,,,,,
240254,,,,,,,,,0.054935,0.000000,,,2.710778,2.722528,0.093646,0.070500,,,,,,,,,,,,
240264,,,,,,,,,0.054935,0.000000,,,2.825392,2.835278,0.092612,0.069388,,,,,,,,,,,,
240268,,,,,,,,,,,,,,,,,,,,0.027947,-1.004396,1.839315,,,,,,
240272,0.027961,-1.004446,1.840458,-0.000011,-1.009807,1.569061,0.028502,0.006227,0.054935,0.000000,2.570800,2.146606,2.921828,2.930146,0.083425,0.060647,0.002285,0.028390,-0.271397,,,,,,,,,
240283,,,,,,,,,0.027467,-0.652434,,,3.002969,2.465424,0.082527,0.065231,,,,0.027783,-1.003844,1.835835,,,,,,
240288,,,,,,,,,,,,,,,,,,,,0.027593,-1.003269,1.835820,,,,,,
240294,,,,,,,,,0.054935,0.000000,,,3.071240,2.618951,0.081744,0.063601,,,,,,,,,,,,
240304,,,,,,,,,0.082402,-0.652434,,,3.673228,2.748128,0.075504,0.062189,,,,,,,,,,,,
240314,,,,,,,,,0.054935,0.000000,,,3.635197,2.856818,0.075671,0.060960,,,,,,,,,,,,
240318,,,,,,,,,,,,,,,,,,,,0.027103,-1.001439,1.828824,,,,,,
240322,0.027114,-1.001469,1.829801,-0.000009,-1.008545,1.569287,0.026315,0.005035,0.027467,0.652434,1.808326,1.430074,3.058654,2.948269,0.073562,0.052576,0.000107,0.028031,-0.260514,,,,,,,,,
240328,,,,,,,,,,,,,,,,,,,,0.027017,-1.001045,1.828843,,,,,,
240334,,,,,,,,,0.027467,0.652434,,,2.573551,3.025217,0.078260,0.051488,,,,,,,,,,,,
240343,,,,,,,,,0.027467,0.652434,,,2.165386,3.089960,0.082270,0.050508,,,,0.026970,-1.000710,1.832351,,,,,,
240354,,,,,,,,,0.027467,0.652434,,,1.821955,3.144435,0.085702,0.049621,,,,,,,,,,,,
240364,,,,,,,,,0.027467,0.652434,,,1.532993,3.190270,0.088646,0.048810,,,,,,,,,,,,
240368,,,,,,,,,,,,,,,,,,,,0.026658,-0.999364,1.842779,,,,,,
240372,0.026665,-0.999429,1.844427,-0.000007,-1.007389,1.569467,0.024175,0.004027,-0.000000,0.000000,1.511979,1.139915,1.289860,2.684293,0.088158,0.050660,-0.000456,0.027831,-0.274961,,,,,,,,,
240378,,,,,,,,,,,,,,,,,,,,0.026591,-0.999044,1.849700,,,,,,
240384,,,,,,,,,0.027467,0.652434,,,1.085288,2.803107,0.090290,0.049139,,,,,,,,,,,,
240388,,,,,,,,,,,,,,,,,,,,0.026557,-0.998772,1.856596,,,,,,
240394,,,,,,,,,0.027467,0.652434,,,0.913161,2.903077,0.092131,0.047787,,,,,,,,,,,,
240404,,,,,,,,,0.027467,0.652434,,,0.768334,2.987192,0.093728,0.046576,,,,,,,,,,,,
240414,,,,,,,,,0.027467,0.652434,,,0.646476,3.057966,0.095119,0.045485,,,,,,,,,,,,
240418,,,,,,,,,,,,,,,,,,,,0.026529,-0.998509,1.873888,,,,,,
240422,0.026508,-0.998476,1.874153,-0.000006,-1.006335,1.569608,0.022090,0.003181,0.027467,-0.652434,1.626345,1.244072,1.088488,2.572972,0.091950,0.051110,0.000420,0.027651,-0.304545,,,,,,,,,
240428,,,,,,,,,,,,,,,,,,,,0.026519,-0.998328,1.877304,,,,,,
240434,,,,,,,,,0.027467,0.652434,,,0.915854,2.709442,0.093819,0.049453,,,,,,,,,,,,
240438,,,,,,,,,,,,,,,,,,,,0.026495,-0.998147,1.880732,,,,,,
240444,,,,,,,,,-0.000000,0.000000,,,0.770599,2.279724,0.095443,0.053543,,,,,,,,,,,,
240454,,,,,,,,,0.027467,0.652434,,,0.648382,2.462703,0.096860,0.051469,,,,,,,,,,,,
240464,,,,,,,,,-0.000000,0.000000,,,0.545549,2.072118,0.098105,0.055209,,,,,,,,,,,,
240468,,,,,,,,,,,,,,,,,,,,0.026431,-0.997873,1.887576,,,,,,
240472,0.026438,-0.997923,1.886449,-0.000005,-1.005381,1.569717,0.020066,0.002478,-0.000000,0.000000,1.688744,1.324501,0.459024,1.743479,0.099840,0.059216,0.001120,0.027451,-0.316732,,,,,,,,,
240478,,,,,,,,,,,,,,,,,,,,0.026443,-0.997854,1.887590,,,,,,
240484,,,,,,,,,-0.000000,0.000000,,,0.386223,1.466963,0.100828,0.061953,,,,,,,,,,,,
240488,,,,,,,,,,,,,,,,,,,,0.026423,-0.997772,1.890991,,,,,,
240494,,,,,,,,,0.027467,0.652434,,,0.324968,1.778846,0.101714,0.058743,,,,,,,,,,,,
240504,,,,,,,,,-0.000000,0.000000,,,0.273428,1.496721,0.102512,0.061530,,,,,,,,,,,,
240514,,,,,,,,,0.027467,0.652434,,,0.230062,1.803884,0.103238,0.058363,,,,,,,,,,,,
240524,0.026387,-0.997676,1.893347,-0.000004,-1.004523,1.569800,0.018110,0.001901,-0.000000,0.000000,1.768546,1.430502,0.193574,1.517788,0.104716,0.062266,0.001872,0.027200,-0.323547,0.026332,-0.997495,1.897809,,,,,,
240528,,,,,,,,,,,,,,,,,,,,0.026314,-0.997338,1.901211,,,,,,
240534,,,,,,,,,0.054935,0.000000,,,0.707417,1.821610,0.099789,0.059150,,,,,,,,,,,,
240538,,,,,,,,,,,,,,,,,,,,0.026274,-0.997155,1.904610,,,,,,
240544,,,,,,,,,0.027467,-0.652434,,,1.139764,1.532702,0.095592,0.062018,,,,,,,,,,,,
240554,,,,,,,,,0.027467,-0.652434,,,1.503540,1.289615,0.092007,0.064477,,,,,,,,,,,,
240564,,,,,,,,,0.027467,-0.652434,,,1.809622,1.085082,0.088938,0.066592,,,,,,,,,,,,
240568,,,,,,,,,,,,,,,,,,,,0.026073,-0.996457,1.887575,,,,,,
240572,0.026065,-0.996450,1.885321,-0.000003,-1.003757,1.569862,0.016227,0.001434,0.027467,-0.652434,1.426197,1.129675,2.067159,0.912988,0.082811,0.065348,0.001116,0.027049,-0.315459,,,,,,,,,
240583,,,,,,,,,-0.000000,0.000000,,,1.739307,0.768188,0.086027,0.066868,,,,0.025990,-0.996234,1.884155,,,,,,
240588,,,,,,,,,,,,,,,,,,,,0.025923,-0.996102,1.880744,,,,,,
240594,,,,,,,,,0.027467,-0.652434,,,2.007996,0.646353,0.083223,0.068183,,,,,,,,,,,,
240598,,,,,,,,,,,,,,,,,,,,0.025840,-0.995877,1.877316,,,,,,
240604,,,,,,,,,0.027467,-0.652434,,,2.234071,0.543842,0.080801,0.069325,,,,,,,,,,,,
240608,,,,,,,,,,,,,,,,,,,,0.025750,-0.995596,1.873883,,,,,,
240614,,,,,,,,,-0.000000,0.000000,,,1.879747,0.457588,0.084254,0.070322,,,,,,,,,,,,
240618,,,,,,,,,,,,,,,,,,,,0.025662,-0.995330,1.870446,,,,,,
240624,0.025696,-0.995424,1.871695,-0.000003,-1.003079,1.569907,0.014424,0.001060,0.027467,0.652434,1.073063,0.820115,1.581619,0.929558,0.083602,0.062485,0.000305,0.026813,-0.301788,,,,,,,,,
240629,,,,,,,,,,,,,,,,,,,,0.025584,-0.995102,1.870446,,,,,,
240634,,,,,,,,,-0.000000,0.000000,,,1.330774,0.782130,0.086059,0.063967,,,,,,,,,,,,
240638,,,,,,,,,,,,,,,,,,,,0.025559,-0.994910,1.870434,,,,,,
240644,,,,,,,,,0.027467,0.652434,,,1.119713,1.202627,0.088160,0.059686,,,,,,,,,,,,
240654,,,,,,,,,0.027467,0.652434,,,0.942126,1.556434,0.089962,0.056000,,,,,,,,,,,,
240664,,,,,,,,,0.027467,0.652434,,,0.792705,1.854126,0.091512,0.052816,,,,,,,,,,,,
240668,,,,,,,,,,,,,,,,,,,,0.025400,-0.994393,1.884155,,,,,,
240672,0.025389,-0.994370,1.885847,-0.000002,-1.002485,1.569939,0.012706,0.000766,-0.000000,0.000000,0.914851,0.680292,0.666982,1.560062,0.091237,0.054183,0.000152,0.026656,-0.315908,,,,,,,,,
240683,,,,,,,,,0.027467,0.652434,,,0.561198,1.857179,0.092366,0.050976,,,,0.025358,-0.994174,1.890990,,,,,,
240688,,,,,,,,,,,,,,,,,,,,0.025321,-0.993993,1.894402,,,,,,
240694,,,,,,,,,-0.000000,0.000000,,,0.472192,1.562630,0.093344,0.053745,,,,,,,,,,,,
240704,,,,,,,,,0.027467,0.652434,,,0.397302,1.859340,0.094197,0.050543,,,,,,,,,,,,
240714,,,,,,,,,-0.000000,0.000000,,,0.334290,1.564448,0.094943,0.053315,,,,,,,,,,,,
240718,,,,,,,,,,,,,,,,,,,,0.025276,-0.993574,1.904610,,,,,,
240722,0.025285,-0.993641,1.903036,-0.000002,-1.001970,1.569962,0.011076,0.000540,0.027467,0.652434,0.867730,0.651198,0.281272,1.860870,0.095119,0.049818,0.000374,0.026621,-0.333074,,,,,,,,,
240728,,,,,,,,,,,,,,,,,,,,0.025259,-0.993470,1.904610,,,,,,
240734,,,,,,,,,-0.000000,0.000000,,,0.236662,1.565736,0.095691,0.052586,,,,,,,,,,,,
240738,,,,,,,,,,,,,,,,,,,,0.025245,-0.993354,1.908005,,,,,,
240744,,,,,,,,,-0.000000,0.000000,,,0.199127,1.317410,0.096201,0.054936,,,,,,,,,,,,
240754,,,,,,,,,0.054935,0.000000,,,0.712089,1.653012,0.091102,0.051380,,,,,,,,,,,,
240764,,,,,,,,,-0.000000,0.000000,,,0.599152,1.390844,0.092285,0.053853,,,,,,,,,,,,
240768,,,,,,,,,,,,,,,,,,,,0.025203,-0.993139,1.914797,,,,,,
240772,0.025210,-0.993181,1.913810,-0.000001,-1.001529,1.569977,0.009540,0.000369,-0.000000,0.000000,0.831587,0.638441,0.504126,1.170256,0.092939,0.055825,0.000617,0.026550,-0.343833,,,,,,,,,
240778,,,,,,,,,,,,,,,,,,,,0.025174,-0.993050,1.914783,,,,,,
240784,,,,,,,,,-0.000000,0.000000,,,0.424172,0.984653,0.093820,0.057612,,,,,,,,,,,,
240788,,,,,,,,,,,,,,,,,,,,0.025156,-0.992938,1.914782,,,,,,
240794,,,,,,,,,0.027467,0.652434,,,0.356898,1.373030,0.094588,0.053581,,,,,,,,,,,,
240804,,,,,,,,,0.027467,-0.652434,,,0.844837,1.155267,0.089706,0.055656,,,,,,,,,,,,
240814,,,,,,,,,-0.000000,0.000000,,,0.710846,0.972042,0.091070,0.057421,,,,,,,,,,,,
240818,,,,,,,,,,,,,,,,,,,,0.025115,-0.992743,1.914797,,,,,,
240822,0.025123,-0.992780,1.914715,-0.000001,-1.001158,1.569987,0.008103,0.000244,-0.000000,0.000000,0.723311,0.558443,0.598106,0.817876,0.091140,0.058111,0.000584,0.026478,-0.344728,,,,,,,,,
240828,,,,,,,,,,,,,,,,,,,,0.025035,-0.992504,1.914782,,,,,,
240834,,,,,,,,,0.027467,-0.652434,,,1.047789,0.688161,0.086578,0.059382,,,,,,,,,,,,
240838,,,,,,,,,,,,,,,,,,,,0.024960,-0.992317,1.911409,,,,,,
240844,,,,,,,,,0.027467,0.652434,,,0.881610,1.123562,0.088208,0.054915,,,,,,,,,,,,
240854,,,,,,,,,0.027467,-0.652434,,,1.286329,0.945364,0.084048,0.056620,,,,,,,,,,,,
240864,,,,,,,,,0.027467,0.652434,,,1.082317,1.339973,0.086017,0.052517,,,,,,,,,,,,
240868,,,,,,,,,,,,,,,,,,,,0.024745,-0.991428,1.911396,,,,,,
240872,0.024736,-0.991433,1.914412,-0.000001,-1.000851,1.569993,0.006768,0.000154,-0.000000,0.000000,0.317010,0.179164,0.910662,1.127453,0.083552,0.050660,-0.000534,0.026464,-0.344419,,,,,,,,,
240878,,,,,,,,,,,,,,,,,,,,0.024665,-0.991169,1.911396,,,,,,
240884,,,,,,,,,0.027467,0.652434,,,0.766231,1.493182,0.084906,0.046740,,,,,,,,,,,,
240888,,,,,,,,,,,,,,,,,,,,0.024607,-0.990922,1.918165,,,,,,
240894,,,,,,,,,-0.000000,0.000000,,,0.644706,1.256363,0.086056,0.048893,,,,,,,,,,,,
240904,,,,,,,,,-0.000000,0.000000,,,0.542456,1.057104,0.087033,0.050710,,,,,,,,,,,,
240914,,,,,,,,,-0.000000,0.000000,,,0.456422,0.889447,0.087866,0.052244,,,,,,,,,,,,
240918,,,,,,,,,,,,,,,,,,,,0.024508,-0.990493,1.928289,,,,,,
240922,0.024527,-0.990572,1.927124,-0.000000,-1.000602,1.569996,0.005540,0.000093,0.054935,0.000000,0.145656,0.028476,0.928577,1.292924,0.081274,0.046450,-0.000844,0.026485,-0.357128,,,,,,,,,
240928,,,,,,,,,,,,,,,,,,,,0.024482,-0.990426,1.928289,,,,,,
240934,,,,,,,,,-0.000000,0.000000,,,0.781304,1.087866,0.082620,0.048288,,,,,,,,,,,,
240943,,,,,,,,,0.027467,0.652434,,,0.657389,1.459873,0.083756,0.044282,,,,0.024481,-0.990436,1.931673,,,,,,
240954,,,,,,,,,-0.000000,0.000000,,,0.553127,1.228337,0.084717,0.046357,,,,,,,,,,,,
240964,,,,,,,,,-0.000000,0.000000,,,0.465401,1.033523,0.085531,0.048105,,,,,,,,,,,,
240968,,,,,,,,,,,,,,,,,,,,0.024477,-0.990401,1.931671,,,,,,
240972,0.024481,-0.990416,1.931289,-0.000000,-1.000407,1.569998,0.004424,0.000053,-0.000000,0.000000,0.105233,0.010450,0.391589,0.869606,0.085807,0.049392,-0.000714,0.026432,-0.361291,,,,,,,,,
240978,,,,,,,,,,,,,,,,,,,,0.024481,-0.990325,1.935018,,,,,,
240984,,,,,,,,,-0.000000,0.000000,,,0.329483,0.731686,0.086384,0.050627,,,,,,,,,,,,
240988,,,,,,,,,,,,,,,,,,,,0.024451,-0.990302,1.931656,,,,,,
240994,,,,,,,,,-0.000000,0.000000,,,0.277227,0.615641,0.086872,0.051666,,,,,,,,,,,,
241004,,,,,,,,,-0.000000,0.000000,,,0.233258,0.518000,0.087286,0.052541,,,,,,,,,,,,
241013,,,,,,,,,-0.000000,0.000000,,,0.196264,0.435845,0.087638,0.053277,,,,,,,,,,,,
241018,,,,,,,,,,,,,,,,,,,,0.024471,-0.990393,1.931671,,,,,,
241022,0.024472,-0.990395,1.931638,-0.000000,-1.000258,1.569999,0.003422,0.000027,-0.000000,0.000000,0.071511,-0.001954,0.165136,0.366720,0.087593,0.053771,-0.000588,0.026378,-0.361640,,,,,,,,,
241028,,,,,,,,,,,,,,,,,,,,0.024476,-0.990408,1.931671,,,,,,
241034,,,,,,,,,-0.000000,0.000000,,,0.138946,0.308558,0.087841,0.054290,,,,,,,,,,,,
241043,,,,,,,,,-0.000000,0.000000,,,0.116909,0.259621,0.088053,0.054727,,,,0.024496,-0.990409,1.931671,,,,,,
241054,,,,,,,,,-0.000000,0.000000,,,0.098367,0.218445,0.088233,0.055095,,,,,,,,,,,,
241064,,,,,,,,,-0.000000,0.000000,,,0.082766,0.183800,0.088386,0.055404,,,,,,,,,,,,
241068,,,,,,,,,,,,,,,,,,,,0.024468,-0.990383,1.931671,,,,,,
241072,0.024468,-0.990384,1.931668,-0.000000,-1.000150,1.570000,0.002540,0.000013,-0.000000,0.000000,0.035925,-0.018650,0.069639,0.154649,0.088155,0.055494,-0.000497,0.026340,-0.361668,,,,,,,,,
241078,,,,,,,,,,,,,,,,,,,,0.024471,-0.990386,1.931671,,,,,,
241084,,,,,,,,,-0.000000,0.000000,,,0.058594,0.130122,0.088261,0.055710,,,,,,,,,,,,
241088,,,,,,,,,,,,,,,,,,,,0.024472,-0.990383,1.931671,,,,,,
241094,,,,,,,,,-0.000000,0.000000,,,0.049301,0.109484,0.088351,0.055891,,,,,,,,,,,,
241104,,,,,,,,,-0.000000,0.000000,,,0.041482,0.092120,0.088428,0.056042,,,,,,,,,,,,
241114,,,,,,,,,-0.000000,0.000000,,,0.034903,0.077510,0.088494,0.056169,,,,,,,,,,,,
241118,,,,,,,,,,,,,,,,,,,,0.024470,-0.990374,1.931671,,,,,,
241122,0.024470,-0.990375,1.931670,-0.000000,-1.000078,1.570000,0.001782,0.000005,-0.000000,0.000000,0.000147,-0.038164,0.029367,0.065217,0.088186,0.056076,-0.000438,0.026320,-0.361671,,,,,,,,,
241128,,,,,,,,,,,,,,,,,,,,0.024471,-0.990379,1.931671,,,,,,
241134,,,,,,,,,-0.000000,0.000000,,,0.024710,0.054873,0.088228,0.056161,,,,,,,,,,,,
241138,,,,,,,,,,,,,,,,,,,,0.024470,-0.990382,1.931671,,,,,,
241144,,,,,,,,,-0.000000,0.000000,,,0.020791,0.046170,0.088263,0.056231,,,,,,,,,,,,
241154,,,,,,,,,-0.000000,0.000000,,,0.017493,0.038848,0.088292,0.056289,,,,,,,,,,,,
241164,,,,,,,,,-0.000000,0.000000,,,0.014719,0.032687,0.088317,0.056336,,,,,,,,,,,,
241168,,,,,,,,,,,,,,,,,,,,0.024473,-0.990376,1.931671,,,,,,
241172,0.024473,-0.990376,1.931671,-0.000000,-1.000033,1.570000,0.001152,0.000002,-0.000000,0.000000,-0.030930,-0.055704,0.012385,0.027502,0.088021,0.056196,-0.000393,0.026306,-0.361671,,,,,,,,,
241178,,,,,,,,,,,,,,,,,,,,0.024472,-0.990379,1.931671,,,,,,
241184,,,,,,,,,-0.000000,0.000000,,,0.010420,0.023141,0.088032,0.056224,,,,,,,,,,,,
241188,,,,,,,,,,,,,,,,,,,,0.024473,-0.990378,1.931671,,,,,,
241194,,,,,,,,,-0.000000,0.000000,,,0.008768,0.019470,0.088041,0.056246,,,,,,,,,,,,
241198,,,,,,,,,,,,,,,,,,,,0.024471,-0.990378,1.931671,,,,,,
241204,,,,,,,,,-0.000000,0.000000,,,0.007377,0.016382,0.088047,0.056262,,,,,,,,,,,,
241208,,,,,,,,,,,,,,,,,,,,0.024471,-0.990377,1.931671,,,,,,
241214,,,,,,,,,-0.000000,0.000000,,,0.006207,0.013784,0.088052,0.056274,,,,,,,,,,,,
241225,0.024471,-0.990377,1.931671,-0.000000,-1.000010,1.570000,0.000655,0.000000,-0.000000,0.000000,-0.059341,-0.073433,0.005223,0.011598,0.087764,0.056102,-0.000372,0.026297,-0.361671,0.024472,-0.990375,1.931671,,,,,,
241228,,,,,,,,,,,,,,,,,,,,0.024475,-0.990372,1.931671,,,,,,
241234,,,,,,,,,-0.000000,0.000000,,,0.004394,0.009759,0.087760,0.056103,,,,,,,,,,,,
241238,,,,,,,,,,,,,,,,,,,,0.024475,-0.990371,1.931671,,,,,,
241244,,,,,,,,,-0.000000,0.000000,,,0.003697,0.008211,0.087754,0.056103,,,,,,,,,,,,
241254,,,,,,,,,-0.000000,0.000000,,,0.003111,0.006909,0.087748,0.056100,,,,,,,,,,,,
241264,,,,,,,,,-0.000000,0.000000,,,0.002618,0.005813,0.087740,0.056095,,,,,,,,,,,,
241268,,,,,,,,,,,,,,,,,,,,0.024473,-0.990373,1.931671,,,,,,
241272,0.024473,-0.990373,1.931671,-0.000000,-1.000001,1.570000,0.000294,0.000000,-0.000000,0.000000,-0.082656,-0.088981,0.002202,0.004891,0.087494,0.055930,-0.000366,0.026296,-0.361671,,,,,,,,,
241283,,,,,,,,,-0.000000,0.000000,,,0.001853,0.004115,0.087481,0.055919,,,,0.024470,-0.990374,1.931671,,,,,,
241288,,,,,,,,,,,,,,,,,,,,0.024474,-0.990375,1.931671,,,,,,
241294,,,,,,,,,-0.000000,0.000000,,,0.001559,0.003463,0.087467,0.055907,,,,,,,,,,,,
241304,,,,,,,,,-0.000000,0.000000,,,0.001312,0.002913,0.087453,0.055894,,,,,,,,,,,,
241313,,,,,,,,,-0.000000,0.000000,,,0.001104,0.002451,0.087438,0.055880,,,,,,,,,,,,
241318,,,,,,,,,,,,,,,,,,,,0.024496,-0.990372,1.931671,,,,,,
241322,0.024494,-0.990372,1.931671,-0.000000,-1.000000,1.570000,0.000074,0.000000,-0.000000,0.000000,-0.095900,-0.097492,0.000929,0.002063,0.087288,0.055779,-0.000359,0.026316,-0.361671,,,,,,,,,
241328,,,,,,,,,,,,,,,,,,,,0.024478,-0.990372,1.931671,,,,,,
241334,,,,,,,,,-0.000000,0.000000,,,0.000781,0.001735,0.087270,0.055763,,,,,,,,,,,,
241343,,,,,,,,,-0.000000,0.000000,,,0.000658,0.001460,0.087252,0.055746,,,,0.024467,-0.990370,1.931671,,,,,,
241354,,,,,,,,,-0.000000,0.000000,,,0.000553,0.001229,0.087234,0.055728,,,,,,,,,,,,
241364,,,,,,,,,-0.000000,0.000000,,,0.000466,0.001034,0.087215,0.055710,,,,,,,,,,,,
241368,,,,,,,,,,,,,,,,,,,,0.024476,-0.990361,1.931671,,,,,,
241372,0.024478,-0.990362,1.931671,-0.000000,-1.000000,1.570000,0.000074,0.000000,-0.000000,0.000000,-0.100163,-0.101755,0.000392,0.000870,0.087153,0.055649,-0.000374,0.026304,-0.361671,,,,,,,,,
241378,,,,,,,,,,,,,,,,,,,,0.024478,-0.990365,1.931671,,,,,,
241384,,,,,,,,,,,,,0.000330,0.000732,0.087134,0.055630,,,,,,,,,,,,
