ts,x,y,yaw,x_des,y_des,yaw_des,v_ff,w_ff,v_actual,w_actual,omega_l_cmd,omega_r_cmd,omega_l_meas,omega_r_meas,duty_l,duty_r,x_err,y_err,yaw_err,x_raw,y_raw,yaw_raw,acc_x,acc_y,acc_z,gyro_x,gyro_y,gyro_z
32633,,,,,,,,,,,,,,,,,,,,-0.062577,-0.979541,1.271153,,,,,,
32636,,,,,,,,,,,,,,,,,,,,,,,-0.030012,-0.000732,1.016931,0.630000,0.210000,-0.280000
32637,,,,,,,,,,,,,0.000000,0.000000,0.000000,0.000000,,,,,,,,,,,,
32646,,,,,,,,,,,,,,,,,,,,-0.062592,-0.979529,1.271153,-0.030012,-0.000732,1.016931,0.700000,0.350000,-0.350000
32647,,,,,,,,,,,,,0.000000,0.000000,0.000000,0.000000,,,,,,,,,,,,
32653,,,,,,,,,,,,,,,,,,,,-0.062597,-0.979527,1.271150,,,,,,
32656,,,,,,,,,,,,,,,,,,,,,,,-0.030744,-0.000488,1.016931,0.630000,0.210000,-0.350000
32657,,,,,,,,,,,,,0.000000,0.000000,0.000000,0.000000,,,,,,,,,,,,
32663,,,,,,,,,,,,,,,,,,,,-0.062592,-0.979525,1.271150,,,,,,
32666,,,,,,,,,,,,,,,,,,,,,,,-0.030744,-0.000488,1.016931,0.700000,0.210000,-0.350000
32667,,,,,,,,,,,,,0.000000,0.000000,0.000000,0.000000,,,,,,,,,,,,
32673,,,,,,,,,,,,,,,,,,,,-0.062593,-0.979528,1.271150,,,,,,
32676,,,,,,,,,,,,,,,,,,,,,,,-0.030256,-0.001342,1.016382,0.630000,0.210000,-0.350000
32677,,,,,,,,,,,,,0.000000,0.000000,0.000000,0.000000,,,,,,,,,,,,
32680,,,,-0.001836,-0.971674,1.682211,0.286078,1.123658,,,,,,,,,,,,,,,,,,,,
32681,,,,,,,,,,,17.230730,29.859352,,,,,0.025439,-0.055731,0.411061,,,,,,,,,
32683,,,,,,,,,,,,,,,,,,,,-0.062597,-0.979526,1.271150,,,,,,
32686,,,,,,,,,,,,,,,,,,,,,,,-0.030256,-0.001342,1.016382,0.700000,0.140000,-0.280000
32687,,,,,,,,,,,,,0.000000,0.000000,0.175753,0.304565,,,,,,,,,,,,
32693,,,,,,,,,,,,,,,,,,,,-0.062588,-0.979525,1.271150,,,,,,
32696,,,,,,,,,,,,,,,,,,,,,,,-0.029524,-0.000122,1.017724,0.700000,-0.980000,0.000000
32697,,,,,,,,,,,,,0.547225,1.094449,0.173618,0.299374,,,,,,,,,,,,
32708,,,,,,,,,,,,,0.460435,3.814298,0.177840,0.277384,,,,,,,,,,,,
32703,,,,,,,,,,,,,,,,,,,,-0.062583,-0.979542,1.271153,,,,,,
32712,,,,,,,,,,,,,,,,,,,,,,,-0.029524,-0.000122,1.017724,2.310000,-22.820000,27.160000
32714,,,,,,,,,,,,,,,,,,,,-0.062404,-0.979511,1.274588,,,,,,
32717,,,,,,,,,,,,,1.023484,7.025795,0.175451,0.249836,,,,,,,,,,,,
32718,,,,,,,,,,,,,,,,,,,,,,,0.222101,-0.006771,1.041697,3.220000,-3.220000,31.219999
32726,,,,,,,,,,,,,,,,,,,,,,,0.222101,-0.006771,1.041697,-0.490000,15.680000,33.950001
32724,,,,,,,,,,,,,,,,,,,,-0.062236,-0.978793,1.278043,,,,,,
32727,,,,,,,,,,,,,1.408274,9.741305,0.174767,0.226705,,,,,,,,,,,,
32730,,,,-0.004685,-0.950614,1.725241,0.381561,0.954157,,,,,,,,,,,,,,,,,,,,
32731,,,,,,,,,,,26.260489,40.694820,,,,,0.041871,-0.047896,0.427507,,,,,,,,,
32734,,,,,,,,,,,,,,,,,,,,-0.061913,-0.977808,1.288407,,,,,,
32737,,,,,,,,,,,,,2.265471,11.437984,0.261292,0.323944,,,,,,,0.287310,0.014213,1.014186,-3.220000,-1.260000,77.070000
32749,,,,,,,,,,,,,3.732268,14.189169,0.251130,0.301733,,,,,,,,,,,,
32744,,,,,,,,,,,,,,,,,,,,-0.061351,-0.976670,1.302357,,,,,,
32752,,,,,,,,,,,,,,,,,,,,,,,0.287310,0.014213,1.014186,2.870000,-12.740000,89.389999
32755,,,,,,,,,,,,,,,,,,,,-0.060818,-0.975058,1.319803,,,,,,
32757,,,,,,,,,,,,,,,,,,,,,,,0.261446,0.011895,0.985882,-3.990000,6.580000,89.180000
32758,,,,,,,,,,,,,5.656412,16.970930,0.236009,0.278660,,,,,,,,,,,,
32766,,,,,,,,,,,,,,,,,,,,,,,0.261446,0.011895,0.985882,-6.580000,-6.720000,87.779999
32765,,,,,,,,,,,,,,,,,,,,-0.060346,-0.973191,1.333820,,,,,,
32767,,,,,,,,,,,,,7.084921,19.511976,0.225559,0.257486,,,,,,,,,,,,
32776,,,,,,,,,,,,,,,,,,,,,,,0.354654,0.024888,1.087752,-2.310000,-0.350000,80.849998
32777,,,,,,,,,,,,,8.209108,21.475052,0.217928,0.241700,,,,,,,,,,,,
32775,,,,,,,,,,,,,,,,,,,,-0.059574,-0.971167,1.351481,,,,,,
32780,,,,-0.009029,-0.925637,1.758086,0.467199,0.762906,,,,,,,,,,,,,,,,,,,,
32781,,,,,,,,,,,34.738136,49.577724,,,,,0.054159,-0.040047,0.397290,,,,,,,,,
32787,,,,,,,,,,,,,,,,,,,,,,,0.354654,0.025742,1.010526,-4.270000,-2.520000,82.599998
32788,,,,,,,,,,,,,9.449598,23.154018,0.295357,0.319024,,,,,,,,,,,,
32785,,,,,,,,,,,,,,,,,,,,-0.058878,-0.968749,1.362128,,,,,,
32793,,,,,,,,,,,,,,,,,,,,-0.058009,-0.965744,1.383580,,,,,,
32796,,,,,,,,,,,,,,,,,,,,,,,0.297680,0.025742,1.010526,0.140000,-7.280000,93.870003
32797,,,,,,,,,,,,,11.508060,24.224680,0.279418,0.313388,,,,,,,,,,,,
32809,,,,,,,,,,,,,13.893266,26.464310,0.259735,0.295614,,,,,,,,,,,,
32806,,,,,,,,,,,,,,,,,,,,-0.057314,-0.962696,1.398006,,,,,,
32812,,,,,,,,,,,,,,,,,,,,,,,0.297680,0.036783,0.983686,2.100000,-1.470000,107.169998
32814,,,,,,,,,,,,,,,,,,,,-0.056583,-0.959216,1.416176,,,,,,
32817,,,,,,,,,,,,,16.221718,28.093828,0.240154,0.283616,,,,,,,0.278404,0.036783,0.983686,-14.140000,13.790000,109.550003
32826,,,,,,,,,,,,,,,,,,,,,,,0.352702,0.045323,1.081286,-0.140000,-9.030000,109.830002
32824,,,,,,,,,,,,,,,,,,,,-0.055800,-0.955486,1.434450,,,,,,
32827,,,,,,,,,,,,,18.092388,29.192440,0.224776,0.276707,,,,,,,,,,,,
32830,,,,-0.014805,-0.897035,1.779629,0.545988,0.547042,,,,,,,,,,,,,,,,,,,,
32831,,,,,,,,,,,42.754551,56.666855,,,,,0.062492,-0.032877,0.343138,,,,,,,,,
32834,,,,,,,,,,,,,,,,,,,,-0.054918,-0.951206,1.452877,,,,,,
32837,,,,,,,,,,,,,19.407301,30.316021,0.296461,0.341632,,,,,,,0.352702,0.045323,1.081286,-12.320000,-8.260000,117.739998
32846,,,,,,,,,,,,,,,,,,,,,,,0.261507,0.077043,0.927017,7.070000,8.610000,111.089996
32845,,,,,,,,,,,,,,,,,,,,-0.054211,-0.946909,1.475199,,,,,,
32847,,,,,,,,,,,,,20.926540,32.403755,0.285634,0.325608,,,,,,,,,,,,
32856,,,,,,,,,,,,,,,,,,,,,,,0.261507,0.077043,0.927017,16.520000,18.900000,116.059998
32857,,,,,,,,,,,,,22.548000,34.400665,0.273461,0.310092,,,,,,,,,,,,
32855,,,,,,,,,,,,,,,,,,,,-0.053382,-0.942081,1.493988,,,,,,
32869,,,,,,,,,,,,,24.608492,35.990475,0.256485,0.298329,,,,,,,,,,,,
32865,,,,,,,,,,,,,,,,,,,,-0.052530,-0.936795,1.512974,,,,,,
32871,,,,,,,,,,,,,,,,,,,,,,,0.327936,0.073871,1.089887,1.260000,-4.550000,125.650002
32873,,,,,,,,,,,,,,,,,,,,-0.051773,-0.931476,1.535888,,,,,,
32877,,,,,,,,,,,,,25.867741,38.025620,0.247270,0.281706,,,,,,,0.327936,0.073871,1.089887,8.750000,2.730000,127.260002
32880,,,,-0.021809,-0.864917,1.789212,0.620786,0.312391,,,,,,,,,,,,,,,,,,,,
32881,,,,,,,,,,,50.926666,61.748306,,,,,0.066671,-0.027963,0.250708,,,,,,,,,
32883,,,,,,,,,,,,,,,,,,,,-0.051128,-0.925767,1.555235,,,,,,
32887,,,,,,,,,,,,,27.268887,39.149654,0.319711,0.325800,,,,,,,0.269742,0.097600,0.993019,8.820000,6.860000,127.540001
32896,,,,,,,,,,,,,,,,,,,,,,,0.269742,0.097600,0.993019,21.070000,8.120000,128.660004
32894,,,,,,,,,,,,,,,,,,,,-0.050574,-0.919739,1.578605,,,,,,
32897,,,,,,,,,,,,,29.022144,40.676289,0.306559,0.314748,,,,,,,,,,,,
32906,,,,,,,,,,,,,,,,,,,,,,,0.220881,0.134444,0.939400,-21.490000,19.809999,134.539993
32904,,,,,,,,,,,,,,,,,,,,-0.050203,-0.913301,1.601855,,,,,,
32907,,,,,,,,,,,,,30.952440,41.847103,0.291251,0.307020,,,,,,,,,,,,
32916,,,,,,,,,,,,,,,,,,,,,,,0.220881,0.134444,0.939400,21.280001,9.380000,107.730003
32915,,,,,,,,,,,,,,,,,,,,-0.050140,-0.906763,1.624839,,,,,,
32917,,,,,,,,,,,,,32.136326,43.518711,0.283171,0.293950,,,,,,,,,,,,
32928,,,,,,,,,,,,,33.697090,44.700851,0.271009,0.285538,,,,,,,,,,,,
32931,,,,-0.029719,-0.829246,1.786863,0.694035,0.071010,,,60.614109,67.345200,,,,,0.075180,-0.025047,0.158236,,,,,,,,,
32925,,,,,,,,,,,,,,,,,,,,-0.049999,-0.899935,1.643834,,,,,,
32934,,,,,,,,,,,,,,,,,,,,,,,0.299266,0.150487,1.144482,-13.370000,-17.570000,93.379997
32933,,,,,,,,,,,,,,,,,,,,-0.050168,-0.892687,1.658885,,,,,,
32937,,,,,,,,,,,,,35.443974,45.991856,0.355448,0.332867,,,,,,,,,,,,
32939,,,,,,,,,,,,,,,,,,,,,,,0.299266,0.150487,1.007171,-15.890000,-4.900000,94.779999
32943,,,,,,,,,,,,,,,,,,,,-0.050606,-0.885710,1.677561,,,,,,
32946,,,,,,,,,,,,,,,,,,,,,,,0.170861,0.166469,1.007171,-11.480000,-7.140000,94.500000
32947,,,,,,,,,,,,,37.472168,47.439957,0.339795,0.322367,,,,,,,,,,,,
32953,,,,,,,,,,,,,,,,,,,,-0.051235,-0.878334,1.692393,,,,,,
32956,,,,,,,,,,,,,,,,,,,,,,,0.170861,0.166469,1.007171,-13.230000,-3.080000,90.860001
32957,,,,,,,,,,,,,39.740746,48.675087,0.321284,0.313750,,,,,,,,,,,,
32969,,,,,,,,,,,,,41.424965,49.829773,0.308279,0.305706,,,,,,,,,,,,
32964,,,,,,,,,,,,,,,,,,,,-0.051845,-0.870631,1.707130,,,,,,
32972,,,,,,,,,,,,,,,,,,,,,,,0.252723,0.112484,1.014430,-13.160000,-5.880000,68.599998
32974,,,,,,,,,,,,,,,,,,,,-0.052733,-0.862450,1.721744,,,,,,
32977,,,,,,,,,,,,,,,,,,,,,,,0.252723,0.112484,0.975329,10.290000,-4.270000,62.860001
32978,,,,,,,,,,,,,43.382923,51.110725,0.292146,0.296144,,,,,,,,,,,,
32980,,,,-0.038114,-0.789875,1.773337,0.767646,-0.162389,,,,,,,,,,,,,,,,,,,,
32981,,,,,,,,,,,66.837517,68.124458,,,,,0.069619,-0.025091,0.056752,,,,,,,,,
32987,,,,,,,,,,,,,,,,,,,,,,,0.233386,0.082960,0.975329,-1.120000,17.639999,58.029999
32985,,,,,,,,,,,,,,,,,,,,-0.053566,-0.854388,1.729074,,,,,,
32988,,,,,,,,,,,,,44.569691,51.609684,0.346966,0.302250,,,,,,,,,,,,
32996,,,,,,,,,,,,,,,,,,,,,,,0.233386,0.082960,0.975329,-1.470000,30.730000,48.020000
32995,,,,,,,,,,,,,,,,,,,,-0.054641,-0.845853,1.739936,,,,,,
32997,,,,,,,,,,,,,46.351456,52.864941,0.333246,0.292749,,,,,,,,,,,,
33006,,,,,,,,,,,,,,,,,,,,,,,0.167079,0.098454,0.972706,8.540000,24.430000,39.900002
33007,,,,,,,,,,,,,47.941704,53.980999,0.321122,0.284417,,,,,,,,,,,,
33005,,,,,,,,,,,,,,,,,,,,-0.055841,-0.836872,1.747120,,,,,,
33016,,,,,,,,,,,,,,,,,,,,-0.057129,-0.827913,1.754350,0.167079,0.098454,1.061583,7.560000,4.480000,24.360001
33017,,,,,,,,,,,,,49.634422,54.169044,0.307636,0.285328,,,,,,,,,,,,
33029,,,,,,,,,,,,,51.086765,55.368416,0.296262,0.275885,,,,,,,,,,,,
33023,,,,,,,,,,,,,,,,,,,,-0.058556,-0.818880,1.757913,,,,,,
33031,,,,-0.046502,-0.746596,1.749995,0.842989,-0.374039,,,,,,,,,,,,,,,,,,,,
33032,,,,,,,,,,,73.419556,70.546104,,,,,0.068610,-0.025109,-0.004447,,,,,,,,,
33034,,,,,,,,,,,,,,,,,,,,,,,0.181841,0.064172,1.061583,-0.700000,2.660000,4.410000
33033,,,,,,,,,,,,,,,,,,,,-0.060033,-0.809987,1.757913,,,,,,
33037,,,,,,,,,,,,,52.304207,55.906788,0.354131,0.297646,,,,,,,,,,,,
33040,,,,,,,,,,,,,,,,,,,,,,,0.110471,0.036661,1.110444,-1.050000,-22.120001,-1.260000
33046,,,,,,,,,,,,,,,,,,,,,,,0.110471,0.036661,1.110444,-2.520000,-28.070000,-10.150000
33044,,,,,,,,,,,,,,,,,,,,-0.061466,-0.800971,1.757964,,,,,,
33047,,,,,,,,,,,,,54.389328,56.874195,0.337086,0.290706,,,,,,,,,,,,
33056,,,,,,,,,,,,,,,,,,,,,,,0.084912,0.039955,1.004670,-20.299999,-26.320000,-19.110001
33054,,,,,,,,,,,,,,,,,,,,-0.063185,-0.791806,1.757986,,,,,,
33057,,,,,,,,,,,,,55.641010,57.183010,0.328125,0.290291,,,,,,,,,,,,
33066,,,,,,,,,,,,,,,,,,,,,,,0.084912,0.039955,1.004670,-0.700000,-9.660000,-29.400000
33065,,,,,,,,,,,,,,,,,,,,-0.064954,-0.782567,1.750806,,,,,,
33067,,,,,,,,,,,,,57.175091,57.927330,0.316033,0.285371,,,,,,,,,,,,
33076,,,,,,,,,,,,,,,,,,,,,,,0.148840,-0.021594,0.979050,-24.850000,4.130000,-34.160000
33077,,,,,,,,,,,,,58.479362,58.020485,0.305979,0.286945,,,,,,,,,,,,
33075,,,,,,,,,,,,,,,,,,,,-0.066707,-0.772938,1.747191,,,,,,
33080,,,,-0.054341,-0.699187,1.718589,0.920912,-0.553737,,,,,,,,,,,,,,,,,,,,
33081,,,,,,,,,,,79.814842,74.803612,,,,,0.070288,-0.024694,-0.023717,,,,,,,,,
33088,,,,,,,,,,,,,59.682270,58.298290,0.361929,0.330043,,,,,,,,,,,,
33085,,,,,,,,,,,,,,,,,,,,-0.068486,-0.763077,1.739923,,,,,,
33092,,,,,,,,,,,,,,,,,,,,,,,0.148840,-0.021594,0.979050,-5.530000,27.719999,-38.220001
33097,,,,,,,,,,,,,,,,,,,,,,,0.094550,-0.092049,0.939522,-1.050000,22.820000,-45.570000
33098,,,,,,,,,,,,,60.887363,58.599651,0.353663,0.330270,,,,,,,,,,,,
33096,,,,,,,,,,,,,,,,,,,,-0.070164,-0.752978,1.732673,,,,,,
33103,,,,,,,,,,,,,,,,,,,,-0.071639,-0.742743,1.725372,,,,,,
33106,,,,,,,,,,,,,,,,,,,,,,,0.094550,-0.092049,0.939522,8.190000,5.040000,-46.970001
33107,,,,,,,,,,,,,62.001804,59.478523,0.346082,0.324546,,,,,,,,,,,,
33113,,,,,,,,,,,,,,,,,,,,-0.073048,-0.732948,1.714440,,,,,,
33116,,,,,,,,,,,,,,,,,,,,,,,0.116449,-0.101565,1.157048,-1.960000,-26.879999,-51.730000
33117,,,,,,,,,,,,,63.670429,60.451900,0.332624,0.317683,,,,,,,,,,,,
33129,,,,,,,,,,,,,64.736679,61.563431,0.324977,0.309216,,,,,,,,,,,,
33124,,,,,,,,,,,,,,,,,,,,-0.074465,-0.722616,1.707130,,,,,,
33131,,,,-0.061061,-0.647458,1.681023,1.001749,-0.696081,,,,,,,,,,,,,,,,,,,,
33132,,,,,,,,,,,85.878799,79.988907,,,,,0.072327,-0.023257,-0.023574,,,,,,,,,
33135,,,,,,,,,,,,,,,,,,,,,,,0.116449,-0.101565,1.157048,7.000000,0.910000,-45.570000
33134,,,,,,,,,,,,,,,,,,,,-0.075861,-0.712041,1.699750,,,,,,
33137,,,,,,,,,,,,,65.131073,61.794750,0.385823,0.362394,,,,,,,,,,,,
33140,,,,,,,,,,,,,,,,,,,,,,,0.117181,-0.078202,0.878522,4.340000,33.810001,-51.240002
33146,,,,,,,,,,,,,,,,,,,,,,,0.117181,-0.078202,0.878522,4.550000,31.150000,-49.000000
33144,,,,,,,,,,,,,,,,,,,,-0.077201,-0.701259,1.688673,,,,,,
33147,,,,,,,,,,,,,66.348694,62.991634,0.377552,0.353825,,,,,,,,,,,,
33156,,,,,,,,,,,,,,,,,,,,,,,0.101321,-0.092659,1.135637,-5.460000,-8.470000,-50.750000
33155,,,,,,,,,,,,,,,,,,,,-0.078613,-0.690574,1.681145,,,,,,
33157,,,,,,,,,,,,,67.768707,64.401222,0.366974,0.342846,,,,,,,,,,,,
33166,,,,,,,,,,,,,,,,,,,,,,,0.101321,-0.092659,1.135637,3.430000,-29.889999,-50.119999
33165,,,,,,,,,,,,,,,,,,,,-0.079716,-0.679555,1.670107,,,,,,
33167,,,,,,,,,,,,,68.764481,64.863449,0.360439,0.341249,,,,,,,,,,,,
33176,,,,,,,,,,,,,,,,,,,,,,,0.165188,-0.085949,0.972828,-7.000000,-23.799999,-44.450001
33177,,,,,,,,,,,,,70.302536,65.888931,0.348174,0.333814,,,,,,,,,,,,
33175,,,,,,,,,,,,,,,,,,,,-0.080907,-0.668829,1.666381,,,,,,
33180,,,,-0.066091,-0.591288,1.639138,1.085320,-0.800367,,,,,,,,,,,,,,,,,,,,
33181,,,,,,,,,,,92.368553,85.697617,,,,,0.075455,-0.021900,-0.024930,,,,,,,,,
33189,,,,,,,,,,,,,70.914711,66.748718,0.411241,0.386093,,,,,,,,,,,,
33186,,,,,,,,,,,,,,,,,,,,-0.081868,-0.657365,1.655115,,,,,,
33193,,,,,,,,,,,,,,,,,,,,-0.082885,-0.645780,1.647562,0.165188,-0.085949,0.972828,-1.120000,30.100000,-47.250000
33197,,,,,,,,,,,,,72.100121,67.904160,0.403440,0.378098,,,,,,,,,,,,
33198,,,,,,,,,,,,,,,,,,,,,,,0.132431,-0.093269,0.902190,7.630000,35.000000,-49.279999
33203,,,,,,,,,,,,,,,,,,,,-0.083738,-0.634131,1.640006,,,,,,
33206,,,,,,,,,,,,,,,,,,,,,,,0.132431,-0.093269,0.902190,-0.280000,2.100000,-53.619999
33207,,,,,,,,,,,,,73.291801,68.663338,0.395339,0.373913,,,,,,,,,,,,
33214,,,,,,,,,,,,,,,,,,,,-0.084484,-0.621984,1.628623,,,,,,
33216,,,,,,,,,,,,,,,,,,,,,,,0.132858,-0.133956,1.118801,0.000000,-16.520000,-53.060001
33217,,,,,,,,,,,,,74.801102,69.812263,0.383759,0.365601,,,,,,,,,,,,
33226,,,,,,,,,,,,,,,,,,,,,,,0.132858,-0.133956,1.021384,8.680000,-12.950000,-60.270000
33224,,,,,,,,,,,,,,,,,,,,-0.085114,-0.610229,1.624835,,,,,,
33227,,,,,,,,,,,,,76.032867,70.743988,0.374709,0.359274,,,,,,,,,,,,
33231,,,,-0.068880,-0.530647,1.594562,1.170943,-0.869581,,,98.852493,91.450684,,,,,0.078210,-0.020290,-0.028071,,,,,,,,,
33234,,,,,,,,,,,,,,,,,,,,-0.085705,-0.597865,1.609504,,,,,,
33237,,,,,,,,,,,,,76.986450,72.015892,0.434386,0.407973,,,,,,,0.160857,-0.108153,1.021384,-34.580002,7.840000,-57.470001
33249,,,,,,,,,,,,,77.969734,73.298866,0.428729,0.398773,,,,,,,,,,,,
33245,,,,,,,,,,,,,,,,,,,,-0.086433,-0.585456,1.597951,,,,,,
33252,,,,,,,,,,,,,,,,,,,,,,,0.107970,-0.096502,1.050115,0.840000,-10.430000,-61.320000
33257,,,,,,,,,,,,,79.826630,73.957069,0.413966,0.395690,,,,,,,0.107970,-0.096502,1.050115,-16.520000,-44.869999,-60.200001
33255,,,,,,,,,,,,,,,,,,,,-0.086972,-0.573426,1.590211,,,,,,
33266,,,,,,,,,,,,,,,,,,,,,,,0.179157,-0.127246,1.009184,7.840000,-24.430000,-66.570000
33267,,,,,,,,,,,,,81.194946,75.695145,0.403814,0.381460,,,,,,,,,,,,
33265,,,,,,,,,,,,,,,,,,,,-0.087335,-0.561063,1.578575,,,,,,
33273,,,,,,,,,,,,,,,,,,,,-0.087410,-0.548139,1.570812,,,,,,
33276,,,,,,,,,,,,,,,,,,,,,,,0.179157,-0.127246,1.009184,16.590000,20.650000,-59.639999
33277,,,,,,,,,,,,,82.543823,76.274788,0.393587,0.378699,,,,,,,,,,,,
33280,,,,-0.068920,-0.465625,1.548635,1.257475,-0.908977,,,,,,,,,,,,,,,,,,,,
33281,,,,,,,,,,,105.137726,98.188431,,,,,0.082076,-0.018011,-0.018269,,,,,,,,,
33290,,,,,,,,,,,,,83.167732,77.464363,0.454594,0.438326,,,,,,,,,,,,
33283,,,,,,,,,,,,,,,,,,,,-0.087554,-0.534661,1.555201,,,,,,
33292,,,,,,,,,,,,,,,,,,,,,,,0.157136,-0.133529,0.896578,1.960000,15.680000,-70.279999
33297,,,,,,,,,,,,,84.429504,78.109413,0.446118,0.435891,,,,,,,,,,,,
33298,,,,,,,,,,,,,,,,,,,,,,,0.157136,-0.133529,0.896578,-2.730000,10.220000,-68.669998
33296,,,,,,,,,,,,,,,,,,,,-0.087371,-0.520969,1.543585,,,,,,
33306,,,,,,,,,,,,,,,,,,,,,,,0.144936,-0.189588,1.068354,-7.350000,-8.120000,-64.820000
33304,,,,,,,,,,,,,,,,,,,,-0.087063,-0.507505,1.532059,,,,,,
33307,,,,,,,,,,,,,85.839325,79.425278,0.435879,0.426485,,,,,,,,,,,,
33316,,,,,,,,,,,,,,,,,,,,,,,0.144936,-0.189588,1.068354,-31.360001,-3.500000,-65.029999
33314,,,,,,,,,,,,,,,,,,,,-0.086802,-0.494277,1.520540,,,,,,
33317,,,,,,,,,,,,,86.997292,81.053398,0.427928,0.413631,,,,,,,,,,,,
33326,,,,,,,,,,,,,,,,,,,,,,,0.180499,-0.127795,1.074881,7.630000,12.810000,-61.669998
33324,,,,,,,,,,,,,,,,,,,,-0.086445,-0.480282,1.512919,,,,,,
33327,,,,,,,,,,,,,87.881622,82.336647,0.422536,0.403969,,,,,,,,,,,,
33331,,,,-0.065768,-0.396432,1.502387,1.343390,-0.924698,,,110.981567,104.396225,,,,,0.084385,-0.015904,-0.012313,,,,,,,,,
33337,,,,,,,,,,,,,88.635445,82.920486,0.477905,0.464503,,,,,,,0.180499,-0.127795,1.074881,-14.280000,-1.050000,-51.099998
33334,,,,,,,,,,,,,,,,,,,,-0.085771,-0.466242,1.497752,,,,,,
33349,,,,,,,,,,,,,90.296822,84.535591,0.465428,0.452324,,,,,,,,,,,,
33345,,,,,,,,,,,,,,,,,,,,-0.084893,-0.452295,1.493990,,,,,,
33352,,,,,,,,,,,,,,,,,,,,,,,0.157624,-0.162870,0.958737,21.700001,-6.300000,-45.639999
33357,,,,,,,,,,,,,91.296997,85.811111,0.459364,0.443286,,,,,,,0.157624,-0.162870,0.958737,12.740000,12.880000,-47.040001
33355,,,,,,,,,,,,,,,,,,,,-0.083732,-0.437828,1.486459,,,,,,
33366,,,,,,,,,,,,,,,,,,,,-0.082535,-0.423431,1.478939,0.157136,-0.174277,0.898225,27.650000,19.389999,-55.509998
33367,,,,,,,,,,,,,92.443451,87.248886,0.451607,0.432338,,,,,,,,,,,,
33373,,,,,,,,,,,,,,,,,,,,-0.081008,-0.408687,1.471462,,,,,,
33376,,,,,,,,,,,,,,,,,,,,,,,0.157136,-0.174277,0.898225,5.950000,2.730000,-49.279999
33377,,,,,,,,,,,,,93.715469,88.245895,0.442340,0.425598,,,,,,,,,,,,
33380,,,,-0.059060,-0.323400,1.456573,1.426896,-0.922710,,,,,,,,,,,,,,,,,,,,
33381,,,,,,,,,,,116.968567,110.086555,,,,,0.086605,-0.013479,-0.015748,,,,,,,,,
33383,,,,,,,,,,,,,,,,,,,,-0.079482,-0.393653,1.456580,,,,,,
33387,,,,,,,,,,,,,,,,,,,,,,,0.176107,-0.144448,1.153144,-2.240000,-8.190000,-52.220001
33388,,,,,,,,,,,,,94.508682,89.401535,0.498770,0.475082,,,,,,,,,,,,
33396,,,,,,,,,,,,,,,,,,,,,,,0.176107,-0.144448,1.153144,-1.470000,-28.770000,-55.299999
33394,,,,,,,,,,,,,,,,,,,,-0.077749,-0.378557,1.452871,,,,,,
33397,,,,,,,,,,,,,95.665726,90.770569,0.491460,0.465255,,,,,,,,,,,,
33409,,,,,,,,,,,,,97.627319,92.119278,0.475712,0.455361,,,,,,,,,,,,
33404,,,,,,,,,,,,,,,,,,,,-0.076120,-0.363678,1.441828,,,,,,
33412,,,,,,,,,,,,,,,,,,,,,,,0.134932,-0.147742,1.035353,-0.840000,-29.889999,-51.520000
33415,,,,,,,,,,,,,,,,,,,,-0.073982,-0.348661,1.438128,,,,,,
33418,,,,,,,,,,,,,99.122688,93.275429,0.464327,0.447162,,,,,,,0.134932,-0.132431,0.885781,1.120000,-4.340000,-44.939999
33426,,,,,,,,,,,,,,,,,,,,,,,0.175802,-0.132431,0.885781,21.840000,24.150000,-59.639999
33425,,,,,,,,,,,,,,,,,,,,-0.071798,-0.333263,1.423479,,,,,,
33427,,,,,,,,,,,,,99.897766,94.388748,0.459991,0.439168,,,,,,,,,,,,
33431,,,,-0.048529,-0.246972,1.411713,1.506065,-0.908155,,,122.132851,115.625854,,,,,0.088029,-0.010504,-0.012915,,,,,,,,,
33437,,,,,,,,,,,,,101.011116,95.281815,0.504725,0.489699,,,,,,,0.175802,-0.180560,1.060729,11.340000,29.120001,-59.290001
33435,,,,,,,,,,,,,,,,,,,,-0.069371,-0.317281,1.412512,,,,,,
33449,,,,,,,,,,,,,102.069740,96.787514,0.498151,0.478410,,,,,,,,,,,,
33446,,,,,,,,,,,,,,,,,,,,-0.066814,-0.301267,1.405245,,,,,,
33452,,,,,,,,,,,,,,,,,,,,,,,0.171105,-0.180560,1.060729,-18.690001,5.250000,-54.599998
33457,,,,,,,,,,,,,103.336845,97.599388,0.489239,0.473896,,,,,,,0.155489,-0.123464,1.026508,-20.510000,-13.440000,-57.540001
33456,,,,,,,,,,,,,,,,,,,,-0.064278,-0.285262,1.394386,,,,,,
33463,,,,,,,,,,,,,,,,,,,,-0.061562,-0.268943,1.383577,,,,,,
33466,,,,,,,,,,,,,,,,,,,,,,,0.155489,-0.123464,1.026508,-5.110000,-5.110000,-55.790001
33467,,,,,,,,,,,,,104.865921,98.882401,0.477402,0.464415,,,,,,,,,,,,
33476,,,,,,,,,,,,,,,,,,,,,,,0.165615,-0.159576,0.938302,19.879999,-15.260000,-58.029999
33474,,,,,,,,,,,,,,,,,,,,-0.058683,-0.253186,1.372842,,,,,,
33477,,,,,,,,,,,,,105.701477,100.121094,0.472332,0.455129,,,,,,,,,,,,
33481,,,,-0.034010,-0.167691,1.368159,1.578967,-0.885073,,,126.286201,120.628273,,,,,0.088084,-0.007530,-0.006266,,,,,,,,,
33484,,,,,,,,,,,,,,,,,,,,-0.055257,-0.236406,1.365680,,,,,,
33487,,,,,,,,,,,,,,,,,,,,,,,0.165615,-0.159576,0.938302,10.150000,11.690000,-62.369999
33488,,,,,,,,,,,,,106.976974,101.250793,0.504973,0.497732,,,,,,,,,,,,
33496,,,,,,,,,,,,,,,,,,,,,,,0.115717,-0.182207,0.964288,9.030000,-5.040000,-67.690002
33497,,,,,,,,,,,,,107.548035,102.145439,0.503010,0.492482,,,,,,,,,,,,
33495,,,,,,,,,,,,,,,,,,,,-0.051744,-0.219966,1.358557,,,,,,
33508,,,,,,,,,,,,,108.835442,103.324196,0.493626,0.484155,,,,,,,,,,,,
33505,,,,,,,,,,,,,,,,,,,,-0.048243,-0.202814,1.344385,,,,,,
33511,,,,,,,,,,,,,,,,,,,,,,,0.115717,-0.182207,0.964288,-42.139999,-9.870000,-60.340000
33517,,,,,,,,,,,,,109.725563,104.462494,0.488037,0.476005,,,,,,,0.167933,-0.166347,1.134112,4.900000,-21.350000,-61.180000
33515,,,,,,,,,,,,,,,,,,,,-0.044795,-0.186327,1.333779,,,,,,
33526,,,,,,,,,,,,,,,,,,,,-0.040935,-0.169567,1.326842,0.167933,-0.166347,1.134112,9.240000,-21.490000,-59.080002
33527,,,,,,,,,,,,,111.117584,105.030899,0.477150,0.473441,,,,,,,,,,,,
33531,,,,-0.015447,-0.086170,1.326139,1.643806,-0.856364,,,129.413452,124.763458,,,,,0.086580,-0.004339,0.000788,,,,,,,,,
33533,,,,,,,,,,,,,,,,,,,,-0.036554,-0.152608,1.312848,,,,,,
33537,,,,,,,,,,,,,111.610237,105.956085,0.507057,0.509302,,,,,,,0.109922,-0.211975,1.044442,23.240000,0.980000,-51.029999
33543,,,,,,,,,,,,,,,,,,,,-0.032235,-0.135609,1.305951,,,,,,
33546,,,,,,,,,,,,,,,,,,,,,,,0.109922,-0.211975,1.044442,11.270000,3.150000,-55.020000
33547,,,,,,,,,,,,,112.545975,107.223808,0.501073,0.500133,,,,,,,,,,,,
33556,,,,,,,,,,,,,,,,,,,,,,,0.076677,-0.160918,0.797270,1.050000,-11.900000,-58.869999
33557,,,,,,,,,,,,,113.225464,108.202408,0.497516,0.493659,,,,-0.027650,-0.118597,1.295408,,,,,,
33569,,,,,,,,,,,,,113.820549,109.141647,0.494684,0.487391,,,,,,,,,,,,
33564,,,,,,,,,,,,,,,,,,,,-0.022753,-0.100765,1.284969,,,,,,
33572,,,,,,,,,,,,,,,,,,,,,,,0.076677,-0.160918,0.797270,-32.410000,-18.480000,-46.549999
33574,,,,,,,,,,,,,,,,,,,,-0.017830,-0.083154,1.278042,,,,,,
33577,,,,,,,,,,,,,114.669556,110.080971,0.489142,0.480934,,,,,,,0.168116,-0.197701,1.181936,17.990000,0.070000,-48.160000
33581,,,,0.007108,-0.003076,1.285812,1.699018,-0.823915,,,131.510086,127.825027,,,,,0.083489,-0.000865,0.006498,,,,,,,,,
33587,,,,,,,,,,,,,115.646782,110.624504,0.503509,0.509555,,,,,,,,,,,,
33585,,,,,,,,,,,,,,,,,,,,-0.012801,-0.066241,1.264309,,,,,,
33588,,,,,,,,,,,,,,,,,,,,,,,0.168116,-0.197701,1.181936,-4.480000,-14.700000,-46.619999
33596,,,,,,,,,,,,,,,,,,,,,,,0.087718,-0.174155,0.728828,21.000000,-16.590000,-43.540001
33597,,,,,,,,,,,,,116.488892,111.166939,0.498092,0.507462,,,,,,,,,,,,
33595,,,,,,,,,,,,,,,,,,,,-0.007343,-0.048984,1.260931,,,,,,
33603,,,,,,,,,,,,,,,,,,,,-0.001409,-0.031033,1.250590,,,,,,
33607,,,,,,,,,,,,,116.491249,112.556816,0.501072,0.496617,,,,,,,0.087718,-0.174155,0.728828,49.980000,5.040000,-49.209999
33613,,,,,,,,,,,,,,,,,,,,0.004481,-0.013114,1.243775,,,,,,
33616,,,,,,,,,,,,,,,,,,,,,,,0.094123,-0.190808,1.071831,-20.930000,14.490000,-43.540001
33617,,,,,,,,,,,,,117.284767,112.873245,0.495982,0.496443,,,,,,,,,,,,
33629,,,,,,,,,,,,,118.068420,113.475426,0.490834,0.493291,,,,,,,,,,,,
33624,,,,,,,,,,,,,,,,,,,,0.010502,0.004872,1.236959,,,,,,
33631,,,,0.033496,0.080902,1.247301,1.743348,-0.788767,,,,,,,,,,,,,,,,,,,,
33632,,,,,,,,,,,132.509277,129.905441,,,,,0.079134,0.003431,0.012337,,,,,,,,,
33635,,,,,,,,,,,,,,,,,,,,,,,0.094123,-0.190808,1.071831,10.500000,-15.610000,-35.209999
33634,,,,,,,,,,,,,,,,,,,,0.016582,0.022535,1.230171,,,,,,
33637,,,,,,,,,,,,,118.839722,114.253067,0.495847,0.509449,,,,,,,,,,,,
33641,,,,,,,,,,,,,,,,,,,,,,,0.107299,-0.153537,1.149545,32.200001,-42.490002,-37.799999
33646,,,,,,,,,,,,,,,,,,,,,,,0.107299,-0.153537,0.783728,15.750000,-22.959999,-32.900002
33647,,,,,,,,,,,,,119.219948,115.360733,0.494702,0.501281,,,,,,,,,,,,
33644,,,,,,,,,,,,,,,,,,,,0.022903,0.039881,1.226797,,,,,,
33656,,,,,,,,,,,,,,,,,,,,,,,0.045140,-0.140849,0.783728,-12.320000,10.150000,-28.629999
33655,,,,,,,,,,,,,,,,,,,,0.029173,0.056841,1.220037,,,,,,
33657,,,,,,,,,,,,,119.936790,116.689651,0.490049,0.490636,,,,,,,,,,,,
33669,,,,,,,,,,,,,,,0.489482,0.489424,,,,,,,,,,,,
33670,,,,,,,,,,,,,120.238853,117.067535,,,,,,,,,,,,,,
33665,,,,,,,,,,,,,,,,,,,,0.035662,0.075015,1.216653,,,,,,
33672,,,,,,,,,,,,,,,,,,,,,,,0.045140,-0.104676,0.927139,-23.660000,95.830002,-32.200001
33677,,,,,,,,,,,,,,,,,,,,,,,0.070943,-0.104676,0.927139,-30.240000,62.230000,-21.280001
33678,,,,,,,,,,,,,120.159126,116.812561,0.492749,0.494593,,,,,,,,,,,,
33675,,,,,,,,,,,,,,,,,,,,0.042451,0.093492,1.209932,,,,,,
33681,,,,0.063460,0.165076,1.210724,1.775899,-0.751291,,,133.636551,130.162735,,,,,0.074333,0.005716,0.001421,,,,,,,,,
33683,,,,,,,,,,,,,,,,,,,,0.049666,0.112279,1.206485,,,,,,
33687,,,,,,,,,,,,,,,,,,,,,,,0.064538,-0.161101,1.373598,10.920000,28.209999,-15.750000
33688,,,,,,,,,,,,,120.425240,117.609436,0.504003,0.491707,,,,,,,,,,,,
33696,,,,,,,,,,,,,,,,,,,,,,,0.064538,-0.161101,1.373598,17.990000,9.170000,-16.940001
33694,,,,,,,,,,,,,,,,,,,,0.056821,0.129998,1.199919,,,,,,
33697,,,,,,,,,,,,,121.055603,118.088516,0.500216,0.489331,,,,,,,,,,,,
33706,,,,,,,,,,,,,,,,,,,,,,,0.026474,-0.102236,0.636718,39.689999,-4.060000,-15.190000
33704,,,,,,,,,,,,,,,,,,,,0.064196,0.147846,1.196615,,,,,,
33707,,,,,,,,,,,,,121.628593,119.132088,0.496887,0.481102,,,,,,,,,,,,
33716,,,,,,,,,,,,,,,,,,,,,,,0.026474,-0.102236,0.636718,-2.940000,-18.969999,-30.240000
33714,,,,,,,,,,,,,,,,,,,,0.071617,0.165732,1.196553,,,,,,
33717,,,,,,,,,,,,,122.311340,119.655975,0.492325,0.477964,,,,,,,,,,,,
33729,,,,,,,,,,,,,,,0.490626,0.476292,,,,,,,,,,,,
33730,,,,,,,,,,,,,122.699928,120.025986,,,,,,,,,,,,,,
33725,,,,,,,,,,,,,,,,,,,,0.078680,0.183272,1.193164,,,,,,
33731,,,,0.096654,0.248785,1.176217,1.796155,-0.711340,,,,,,,,,,,,,,,,,,,,
33732,,,,,,,,,,,133.542496,128.790009,,,,,0.067256,0.007791,-0.012792,,,,,,,,,
33735,,,,,,,,,,,,,,,,,,,,0.085940,0.201649,1.186432,-0.000244,-0.067710,1.269654,-29.400000,-4.690000,-24.850000
33737,,,,,,,,,,,,,123.780197,120.063164,0.480836,0.463938,,,,,,,,,,,,
33740,,,,,,,,,,,,,,,,,,,,,,,-0.000244,-0.067710,1.269654,-18.410000,14.280000,-23.730000
33746,,,,,,,,,,,,,,,,,,,,,,,0.051484,-0.066551,0.790560,14.490000,-5.040000,-34.369999
33747,,,,,,,,,,,,,123.962219,120.284332,0.480931,0.463427,,,,,,,,,,,,
33745,,,,,,,,,,,,,,,,,,,,0.093336,0.219831,1.183095,,,,,,
33753,,,,,,,,,,,,,,,,,,,,0.101050,0.237601,1.179780,,,,,,
33756,,,,,,,,,,,,,,,,,,,,,,,0.051484,-0.066551,0.790560,35.630001,-2.870000,-31.709999
33757,,,,,,,,,,,,,124.027649,120.385139,0.482180,0.464100,,,,,,,,,,,,
33763,,,,,,,,,,,,,,,,,,,,0.108989,0.256354,1.169867,,,,,,
33766,,,,,,,,,,,,,,,,,,,,,,,0.004636,-0.126087,1.037793,-5.880000,-1.050000,-41.439999
33767,,,,,,,,,,,,,124.088661,121.023849,0.483461,0.459266,,,,,,,,,,,,
33776,,,,,,,,,,,,,,,,,,,,,,,0.004636,-0.126087,1.037793,-18.059999,20.719999,-52.150002
33777,,,,,,,,,,,,,124.710579,121.034424,0.479008,0.460712,,,,0.116722,0.274309,1.159958,,,,,,
33781,,,,0.132657,0.331417,1.143949,1.803975,-0.668383,,,131.807846,126.643402,,,,,0.058654,0.007962,-0.018440,,,,,,,,,
33789,,,,,,,,,,,,,124.929207,120.905960,0.460851,0.441678,,,,,,,,,,,,
33784,,,,,,,,,,,,,,,,,,,,0.124541,0.292725,1.153340,,,,,,
33793,,,,,,,,,,,,,,,,,,,,,,,-0.020313,-0.100894,1.226710,-8.330000,-17.219999,-47.389999
33794,,,,,,,,,,,,,,,,,,,,0.132510,0.310868,1.140150,,,,,,
33797,,,,,,,,,,,,,125.140297,121.087639,0.460074,0.440972,,,,,,,,,,,,
33799,,,,,,,,,,,,,,,,,,,,,,,-0.020313,-0.100894,1.226710,19.180000,0.840000,-48.369999
33806,,,,,,,,,,,,,,,,,,,,,,,-0.019276,-0.123281,0.706502,29.190001,-24.639999,-53.270000
33805,,,,,,,,,,,,,,,,,,,,0.140689,0.328959,1.133550,,,,,,
33807,,,,,,,,,,,,,125.489601,120.442139,0.457844,0.448668,,,,,,,,,,,,
33816,,,,,,,,,,,,,,,,,,,,,,,-0.019276,-0.123281,0.706502,3.220000,31.430000,-60.689999
33815,,,,,,,,,,,,,,,,,,,,0.148702,0.346354,1.126945,,,,,,
33817,,,,,,,,,,,,,125.036835,120.789902,0.463726,0.446361,,,,,,,,,,,,
33826,,,,,,,,,,,,,,,,,,,,,,,-0.045567,-0.224724,1.134722,1.680000,37.310001,-67.620003
33827,,,,,,,,,,,,,125.336967,120.645203,0.462019,0.449007,,,,,,,,,,,,
33825,,,,,,,,,,,,,,,,,,,,0.157651,0.364999,1.113955,,,,,,
33831,,,,0.170987,0.412426,1.114138,1.799565,-0.621597,,,127.581818,124.687920,,,,,0.048576,0.008901,-0.001131,,,,,,,,,
33833,,,,,,,,,,,,,,,,,,,,0.166490,0.383223,1.100884,,,,,,
33837,,,,,,,,,,,,,,,,,,,,,,,-0.045567,-0.224724,1.134722,1.400000,5.460000,-62.580002
33838,,,,,,,,,,,,,125.516296,120.025742,0.418378,0.436579,,,,,,,,,,,,
33849,,,,,,,,,,,,,124.842491,119.729584,0.425664,0.440533,,,,,,,,,,,,
33843,,,,,,,,,,,,,,,,,,,,0.175167,0.400925,1.097581,,,,,,
33852,,,,,,,,,,,,,,,,,,,,,,,-0.046665,-0.191967,1.062376,-0.350000,-18.129999,-58.029999
33854,,,,,,,,,,,,,,,,,,,,0.184239,0.418614,1.078469,,,,,,
33857,,,,,,,,,,,,,,,,,,,,,,,-0.046665,-0.235521,0.956785,48.509998,0.630000,-56.980000
33858,,,,,,,,,,,,,124.307663,120.005669,0.431667,0.438708,,,,,,,,,,,,
33866,,,,,,,,,,,,,,,,,,,,,,,-0.044835,-0.235521,0.956785,4.480000,-20.299999,-60.689999
33867,,,,,,,,,,,,,124.259659,120.043983,0.432812,0.439254,,,,,,,,,,,,
33864,,,,,,,,,,,,,,,,,,,,0.193411,0.435813,1.068755,,,,,,
33876,,,,,,,,,,,,,,,,,,,,,,,-0.044835,-0.210633,1.083360,5.740000,-15.120000,-46.130001
33874,,,,,,,,,,,,,,,,,,,,0.202845,0.453297,1.065453,,,,,,
33877,,,,,,,,,,,,,124.224472,119.584488,0.433835,0.444870,,,,,,,,,,,,
33881,,,,0.211115,0.491344,1.087055,1.783426,-0.569947,,,122.013901,121.913689,,,,,0.037413,0.011136,0.020175,,,,,,,,,
33889,,,,,,,,,,,,,123.767578,119.863495,0.382374,0.414747,,,,,,,,,,,,
33885,,,,,,,,,,,,,,,,,,,,0.212133,0.470360,1.058841,,,,,,
33893,,,,,,,,,,,,,,,,,,,,,,,-0.136457,-0.210633,1.083360,29.680000,-37.660000,-32.830002
33897,,,,,,,,,,,,,123.384521,120.099625,0.385931,0.412749,,,,,,,,,,,,
33895,,,,,,,,,,,,,,,,,,,,0.221754,0.487317,1.052482,,,,,,
33898,,,,,,,,,,,,,,,,,,,,,,,-0.122671,-0.203618,1.183522,23.870001,-42.840000,-33.040001
33906,,,,,,,,,,,,,,,,,,,,,,,-0.122671,-0.203618,1.183522,17.990000,-24.290001,-29.469999
33907,,,,,,,,,,,,,122.376587,119.612679,0.395937,0.418078,,,,,,,,,,,,
33905,,,,,,,,,,,,,,,,,,,,0.231354,0.503895,1.046130,,,,,,
33913,,,,,,,,,,,,,,,,,,,,0.241031,0.520358,1.039741,,,,,,
33916,,,,,,,,,,,,,,,,,,,,,,,-0.106140,-0.105835,0.723094,-9.940000,-49.419998,-22.820000
33917,,,,,,,,,,,,,121.674797,118.799034,0.403023,0.426838,,,,,,,,,,,,
33923,,,,,,,,,,,,,,,,,,,,0.250948,0.537090,1.039735,,,,,,
33926,,,,,,,,,,,,,,,,,,,,,,,-0.106140,-0.105835,0.723094,9.100000,49.000000,-11.970000
33927,,,,,,,,,,,,,120.945473,118.525810,0.410530,0.430248,,,,,,,,,,,,
33931,,,,0.252483,0.567796,1.063034,1.756323,-0.512259,,,117.291771,117.707527,,,,,0.027569,0.014050,0.021030,,,,,,,,,
33937,,,,,,,,,,,,,119.923843,118.422073,0.372999,0.389080,,,,0.261038,0.554108,1.039720,-0.140239,-0.084851,1.032425,-31.990000,97.930000,-8.680000
33949,,,,,,,,,,,,,119.208664,117.475723,0.379767,0.398590,,,,,,,,,,,,
33944,,,,,,,,,,,,,,,,,,,,0.271298,0.571373,1.033561,,,,,,
33951,,,,,,,,,,,,,,,,,,,,,,,-0.140239,-0.084851,1.032425,-6.370000,103.459999,-4.690000
33956,,,,,,,,,,,,,,,,,,,,,,,-0.095221,-0.078812,1.056276,20.650000,80.150002,0.280000
33957,,,,,,,,,,,,,117.997597,117.220093,0.391737,0.401244,,,,,,,,,,,,
33955,,,,,,,,,,,,,,,,,,,,0.281445,0.588136,1.033445,,,,,,
33966,,,,,,,,,,,,,,,,,,,,,,,-0.095221,-0.078812,1.056276,4.900000,102.900002,6.300000
33965,,,,,,,,,,,,,,,,,,,,0.292063,0.605234,1.034199,,,,,,
33967,,,,,,,,,,,,,117.351349,116.165741,0.398187,0.412096,,,,,,,,,,,,
33976,,,,,,,,,,,,,,,,,,,,,,,-0.180743,-0.063257,0.743651,6.790000,93.940002,1.400000
33977,,,,,,,,,,,,,116.781845,115.784271,0.403984,0.416295,,,,,,,,,,,,
33975,,,,,,,,,,,,,,,,,,,,0.302155,0.621779,1.037139,,,,,,
33981,,,,0.294514,0.641495,1.042472,1.719211,-0.447265,,,111.796471,110.872719,,,,,0.013814,0.016475,0.004934,,,,,,,,,
33989,,,,,,,,,,,,,116.435905,115.596542,0.351563,0.348880,,,,,,,,,,,,
33986,,,,,,,,,,,,,,,,,,,,0.312374,0.638240,1.035082,,,,,,
33993,,,,,,,,,,,,,,,,,,,,0.321863,0.653444,1.034283,-0.180743,-0.063257,0.743651,-5.600000,-15.050000,2.800000
33997,,,,,,,,,,,,,115.893097,115.186859,0.356171,0.352114,,,,,,,,,,,,
33999,,,,,,,,,,,,,,,,,,,,,,,-0.310246,-0.021167,1.100196,-1.470000,27.020000,1.890000
34003,,,,,,,,,,,,,,,,,,,,0.331446,0.669049,1.034199,,,,,,
34006,,,,,,,,,,,,,,,,,,,,,,,-0.310246,-0.021167,1.100196,-9.520000,-0.630000,4.480000
34007,,,,,,,,,,,,,115.048294,114.454063,0.363969,0.358725,,,,,,,,,,,,
34016,,,,,,,,,,,,,,,,,,,,,,,-0.251381,0.008052,0.822524,25.059999,8.400000,9.450000
34017,,,,,,,,,,,,,113.690903,113.190918,0.377164,0.370893,,,,0.340845,0.684198,1.034321,,,,,,
34026,,,,,,,,,,,,,,,,,,,,,,,-0.251381,0.008052,0.822524,-7.280000,-4.760000,-10.220000
34024,,,,,,,,,,,,,,,,,,,,0.350395,0.699363,1.040456,,,,,,
34027,,,,,,,,,,,,,113.116318,112.695625,0.382646,0.375482,,,,,,,,,,,,
34031,,,,0.336635,0.712252,1.025832,1.673183,-0.373666,,,107.083763,104.561073,,,,,0.004477,0.018202,-0.014366,,,,,,,,,
34034,,,,,,,,,,,,,,,,,,,,0.360377,0.715606,1.037560,,,,,,
34037,,,,,,,,,,,,,,,,,,,,,,,-0.252540,-0.027511,0.525515,-7.560000,5.180000,-20.090000
34038,,,,,,,,,,,,,112.898338,112.023125,0.336536,0.317598,,,,,,,,,,,,
34049,,,,,,,,,,,,,111.980133,110.771851,0.344739,0.328868,,,,,,,,,,,,
34045,,,,,,,,,,,,,,,,,,,,0.369658,0.730536,1.037292,,,,,,
34052,,,,,,,,,,,,,,,,,,,,,,,-0.252540,-0.027511,0.525515,-21.420000,-34.509998,-13.160000
34055,,,,,,,,,,,,,,,,,,,,0.378683,0.746062,1.027910,,,,,,
34058,,,,,,,,,,,,,110.825745,109.194069,0.355534,0.343720,,,,,,,-0.309697,0.048068,1.259101,7.840000,8.750000,-50.680000
34066,,,,,,,,,,,,,,,,,,,,,,,-0.309697,0.048068,1.259101,16.030001,7.070000,-41.369999
34067,,,,,,,,,,,,,109.888268,107.899101,0.364348,0.356002,,,,,,,,,,,,
34065,,,,,,,,,,,,,,,,,,,,0.387671,0.760644,1.027287,,,,,,
34076,,,,,,,,,,,,,,,,,,,,0.397251,0.775724,1.018434,-0.255285,-0.066246,0.793488,62.439999,3.570000,-24.360001
34077,,,,,,,,,,,,,109.442711,106.673363,0.368332,0.367837,,,,,,,,,,,,
34081,,,,0.378278,0.779959,1.013640,1.619428,-0.290173,,,99.924629,99.224648,,,,,-0.005830,0.018405,-0.001115,,,,,,,,,
34083,,,,,,,,,,,,,,,,,,,,0.406622,0.790415,1.015309,,,,,,
34087,,,,,,,,,,,,,,,,,,,,,,,-0.206058,-0.107299,0.669109,-10.290000,14.420000,-45.919998
34088,,,,,,,,,,,,,108.970940,106.129112,0.299649,0.318534,,,,,,,,,,,,
34094,,,,,,,,,,,,,,,,,,,,0.415849,0.805136,1.005713,,,,,,
34096,,,,,,,,,,,,,,,,,,,,,,,-0.206058,-0.107299,0.669109,32.619999,-1.260000,-47.389999
34097,,,,,,,,,,,,,108.107697,105.716583,0.306645,0.321361,,,,,,,,,,,,
34108,,,,,,,,,,,,,,,0.319982,0.336015,,,,,,,,,,,,
34109,,,,,,,,,,,,,106.639626,104.152657,,,,,,,,,,,,,,
34104,,,,,,,,,,,,,,,,,,,,0.425256,0.819231,0.993760,,,,,,
34112,,,,,,,,,,,,,,,,,,,,,,,-0.314150,-0.134200,1.082445,12.320000,3.780000,-34.580002
34114,,,,,,,,,,,,,,,,,,,,0.433898,0.832427,0.993050,,,,,,
34117,,,,,,,,,,,,,,,,,,,,,,,-0.314150,-0.134200,1.082445,-11.270000,-33.599998,-28.559999
34118,,,,,,,,,,,,,105.965431,103.271454,0.325516,0.344017,,,,,,,,,,,,
34126,,,,,,,,,,,,,,,,,,,,,,,-0.367037,-0.100345,0.837591,-10.360000,6.860000,-33.950001
34127,,,,,,,,,,,,,104.980522,102.713814,0.334354,0.348896,,,,,,,,,,,,
34125,,,,,,,,,,,,,,,,,,,,0.443296,0.846887,0.980960,,,,,,
34131,,,,0.418904,0.844591,1.006480,1.559172,-0.195565,,,,,,,,,,,,,,,,,,,,
34132,,,,,,,,,,,92.185211,94.322868,,,,,-0.014824,0.018948,0.022691,,,,,,,,,
34137,,,,,,,,,,,,,103.922768,101.477898,0.265190,0.310806,,,,,,,,,,,,
34138,,,,,,,,,,,,,,,,,,,,,,,-0.367037,-0.100345,0.837591,15.750000,-24.709999,-13.230000
34135,,,,,,,,,,,,,,,,,,,,0.452290,0.860143,0.983422,,,,,,
34146,,,,,,,,,,,,,,,,,,,,,,,-0.249856,-0.105103,0.821609,6.930000,-6.510000,-7.140000
34147,,,,,,,,,,,,,102.529549,101.031281,0.277053,0.313931,,,,,,,,,,,,
34145,,,,,,,,,,,,,,,,,,,,0.461643,0.873598,0.977987,,,,,,
34156,,,,,,,,,,,,,,,,,,,,0.470549,0.886517,0.977424,-0.249856,-0.105103,0.821609,8.750000,9.170000,-0.630000
34157,,,,,,,,,,,,,101.079132,100.367035,0.289779,0.319364,,,,,,,,,,,,
34169,,,,,,,,,,,,,99.690033,99.090881,0.302169,0.331172,,,,,,,,,,,,
34163,,,,,,,,,,,,,,,,,,,,0.479558,0.899365,0.977547,,,,,,
34172,,,,,,,,,,,,,,,,,,,,,,,-0.377956,-0.072529,0.750544,-9.310000,13.930000,9.380000
34174,,,,,,,,,,,,,,,,,,,,0.488264,0.912077,0.977547,,,,,,
34177,,,,,,,,,,,,,98.233902,98.353897,0.315520,0.337736,,,,,,,-0.377956,-0.072529,0.750544,-29.190001,-8.050000,11.340000
34181,,,,0.458001,0.906190,1.004987,1.493658,-0.088731,,,85.909904,88.748550,,,,,-0.021323,0.021671,0.024212,,,,,,,,,
34184,,,,,,,,,,,,,,,,,,,,0.496598,0.924310,0.983385,,,,,,
34187,,,,,,,,,,,,,97.221184,97.861671,0.260632,0.285092,,,,,,,-0.297192,0.020862,0.800564,-6.230000,-10.990000,24.150000
34196,,,,,,,,,,,,,,,,,,,,,,,-0.297192,0.020862,0.800564,-6.510000,6.790000,24.430000
34194,,,,,,,,,,,,,,,,,,,,0.505252,0.936942,0.986483,,,,,,
34197,,,,,,,,,,,,,95.680023,96.797180,0.274090,0.294127,,,,,,,,,,,,
34209,,,,,,,,,,,,,,,0.289127,0.306872,,,,,,,,,,,,
34210,,,,,,,,,,,,,94.014153,95.389900,,,,,,,,,,,,,,
34205,,,,,,,,,,,,,,,,,,,,0.513913,0.949217,0.992766,,,,,,
34212,,,,,,,,,,,,,,,,,,,,,,,-0.206851,0.024156,0.837408,19.040001,-6.510000,38.290001
34217,,,,,,,,,,,,,93.019753,94.177307,0.297650,0.317912,,,,,,,-0.206851,0.024156,0.837408,-8.890000,-12.670000,34.720001
34215,,,,,,,,,,,,,,,,,,,,0.522612,0.961736,0.996525,,,,,,
34226,,,,,,,,,,,,,,,,,,,,,,,-0.284565,0.034648,0.716262,24.990000,5.810000,30.030001
34227,,,,,,,,,,,,,92.023689,94.144058,0.306387,0.317166,,,,,,,,,,,,
34225,,,,,,,,,,,,,,,,,,,,0.531257,0.974037,1.003001,,,,,,
34231,,,,0.495101,0.964846,1.009838,1.424108,0.031269,,,80.739273,82.329391,,,,,-0.026567,0.025333,0.003185,,,,,,,,,
34237,,,,,,,,,,,,,91.335136,93.119217,0.259447,0.261064,,,,,,,-0.284565,0.034648,0.716262,-9.240000,0.210000,22.680000
34236,,,,,,,,,,,,,,,,,,,,0.539584,0.986137,1.006566,,,,,,
34243,,,,,,,,,,,,,,,,,,,,0.546793,0.997104,1.015038,,,,,,
34246,,,,,,,,,,,,,,,,,,,,,,,-0.361608,0.091500,0.986370,-33.599998,-9.310000,26.809999
34247,,,,,,,,,,,,,90.287971,92.349037,0.268009,0.266762,,,,,,,,,,,,
34254,,,,,,,,,,,,,,,,,,,,0.554259,1.008619,1.018219,,,,,,
34256,,,,,,,,,,,,,,,,,,,,,,,-0.361608,0.091500,0.986370,-5.180000,3.850000,22.469999
34257,,,,,,,,,,,,,89.132103,90.866287,0.277889,0.279882,,,,,,,,,,,,
34269,,,,,,,,,,,,,88.267235,89.726379,0.285033,0.289802,,,,,,,,,,,,
34264,,,,,,,,,,,,,,,,,,,,0.561581,1.020060,1.021047,,,,,,
34272,,,,,,,,,,,,,,,,,,,,,,,-0.292007,0.102907,1.090863,-18.480000,1.330000,19.809999
34274,,,,,,,,,,,,,,,,,,,,0.569040,1.031614,1.024072,,,,,,
34277,,,,,,,,,,,,,87.111038,88.980911,0.295320,0.295926,,,,,,,-0.292007,0.102907,0.729377,-0.350000,-7.560000,16.660000
34280,,,,0.529779,1.020693,1.021741,1.351714,0.165158,,,,,,,,,,,,,,,,,,,,
34281,,,,,,,,,,,75.197609,77.174622,,,,,-0.029497,0.027683,-0.000863,,,,,,,,,
34287,,,,,,,,,,,,,86.517632,87.540009,0.243574,0.256715,,,,,,,-0.252479,0.050081,0.729377,-8.750000,-7.000000,9.310000
34285,,,,,,,,,,,,,,,,,,,,0.576337,1.043297,1.027458,,,,,,
34296,,,,,,,,,,,,,,,,,,,,,,,-0.252479,0.050081,0.980758,30.030001,23.799999,5.670000
34297,,,,,,,,,,,,,85.091881,87.069923,0.255852,0.259436,,,,,,,,,,,,
34295,,,,,,,,,,,,,,,,,,,,0.583390,1.054324,1.030364,,,,,,
34306,,,,,,,,,,,,,,,,,,,,,,,-0.209169,0.021045,0.980758,-6.510000,47.669998,-6.860000
34307,,,,,,,,,,,,,84.489540,85.593285,0.260017,0.272519,,,,,,,,,,,,
34305,,,,,,,,,,,,,,,,,,,,0.590968,1.066202,1.027502,,,,,,
34313,,,,,,,,,,,,,,,,,,,,0.598048,1.077494,1.030749,,,,,,
34316,,,,,,,,,,,,,,,,,,,,,,,-0.279990,0.024583,0.924455,2.940000,55.790001,5.320000
34317,,,,,,,,,,,,,83.172142,84.650040,0.271596,0.280456,,,,,,,,,,,,
34329,,,,,,,,,,,,,82.307205,83.094185,0.278824,0.294831,,,,,,,,,,,,
34331,,,,0.561661,1.073882,1.041415,1.277625,0.313371,,,71.681557,75.426811,,,,,-0.022372,0.029255,0.011353,,,,,,,,,
34323,,,,,,,,,,,,,,,,,,,,0.605203,1.088856,1.031011,,,,,,
34334,,,,,,,,,,,,,,,,,,,,0.612310,1.100511,1.031177,-0.279990,0.024583,0.924455,-15.680000,76.580002,10.360000
34337,,,,,,,,,,,,,81.516228,82.859665,0.249606,0.278212,,,,,,,,,,,,
34340,,,,,,,,,,,,,,,,,,,,,,,-0.243817,0.019520,1.055300,-15.400000,3.850000,4.480000
34346,,,,,,,,,,,,,,,,,,,,,,,-0.243817,0.019520,1.055300,-18.620001,-13.580000,2.800000
34344,,,,,,,,,,,,,,,,,,,,0.619041,1.111328,1.028234,,,,,,
34347,,,,,,,,,,,,,80.674049,81.804420,0.256229,0.287489,,,,,,,,,,,,
34356,,,,,,,,,,,,,,,,,,,,,,,-0.245098,0.004331,0.820572,12.320000,-17.850000,10.500000
34354,,,,,,,,,,,,,,,,,,,,0.625782,1.122041,1.031462,,,,,,
34357,,,,,,,,,,,,,79.891518,81.388634,0.262413,0.290454,,,,,,,,,,,,
34368,,,,,,,,,,,,,79.291626,80.551300,0.266890,0.297803,,,,,,,,,,,,
34365,,,,,,,,,,,,,,,,,,,,0.632214,1.132278,1.034478,,,,,,
34371,,,,,,,,,,,,,,,,,,,,,,,-0.245098,0.004331,0.820572,4.340000,-52.779999,30.170000
34377,,,,,,,,,,,,,78.505295,80.806175,0.273388,0.294178,,,,,,,-0.253821,0.004636,0.998814,16.730000,-31.500000,29.680000
34375,,,,,,,,,,,,,,,,,,,,0.638688,1.142799,1.040370,,,,,,
34381,,,,0.590429,1.124573,1.069574,1.202937,0.475982,,,61.316093,67.122749,,,,,-0.038884,0.032283,0.027327,,,,,,,,,
34387,,,,,,,,,,,,,77.721611,80.718231,0.174289,0.209298,,,,,,,-0.253821,0.004636,0.998814,-11.620000,-33.389999,20.790001
34386,,,,,,,,,,,,,,,,,,,,0.644937,1.152814,1.046842,,,,,,
34393,,,,,,,,,,,,,,,,,,,,0.651429,1.163289,1.046842,,,,,,
34396,,,,,,,,,,,,,,,,,,,,,,,-0.205021,0.053436,0.950807,-6.790000,-18.690001,26.600000
34397,,,,,,,,,,,,,76.916023,79.437378,0.179225,0.219643,,,,,,,,,,,,
34406,,,,,,,,,,,,,,,,,,,,,,,-0.205021,0.053436,0.950807,-5.880000,-21.490000,50.680000
34403,,,,,,,,,,,,,,,,,,,,0.657421,1.173221,1.052910,,,,,,
34407,,,,,,,,,,,,,75.628731,78.295776,0.189236,0.228825,,,,,,,,,,,,
34416,,,,,,,,,,,,,,,,,,,,,,,-0.310673,0.082838,1.143079,-7.280000,24.219999,56.630001
34417,,,,,,,,,,,,,73.529793,76.873375,0.207782,0.241099,,,,0.663490,1.183645,1.062666,,,,,,
34429,,,,,,,,,,,,,72.190163,75.941833,0.219004,0.248650,,,,,,,,,,,,
34431,,,,0.615816,1.172916,1.106898,1.128684,0.652628,,,,,,,,,,,,,,,,,,,,
34432,,,,,,,,,,,57.310081,65.117310,,,,,-0.032936,0.036317,0.043204,,,,,,,,,
34424,,,,,,,,,,,,,,,,,,,,0.669608,1.193992,1.072380,,,,,,
34434,,,,,,,,,,,,,,,,,,,,,,,-0.310673,0.082838,1.143079,-11.690000,72.449997,57.680000
34435,,,,,,,,,,,,,,,,,,,,0.675791,1.204621,1.085722,,,,,,
34437,,,,,,,,,,,,,71.073685,74.876144,0.187356,0.237301,,,,,,,,,,,,
34439,,,,,,,,,,,,,,,,,,,,,,,-0.332755,0.076250,0.769210,13.160000,55.439999,66.709999
34446,,,,,,,,,,,,,,,,,,,,,,,-0.332755,0.076250,0.769210,-6.160000,2.380000,65.239998
34447,,,,,,,,,,,,,69.283348,74.156021,0.202864,0.242694,,,,,,,,,,,,
34445,,,,,,,,,,,,,,,,,,,,0.681575,1.214661,1.095708,,,,,,
34456,,,,,,,,,,,,,,,,,,,,,,,-0.322019,0.097539,0.919026,4.410000,-26.389999,70.910004
34457,,,,,,,,,,,,,68.136139,73.329468,0.212171,0.249317,,,,,,,,,,,,
34455,,,,,,,,,,,,,,,,,,,,0.686960,1.224131,1.108732,,,,,,
34463,,,,,,,,,,,,,,,,,,,,0.692068,1.233612,1.121735,,,,,,
34466,,,,,,,,,,,,,,,,,,,,,,,-0.322019,0.097539,0.919026,-11.410000,-38.360001,74.760002
34467,,,,,,,,,,,,,67.200615,72.667046,0.219548,0.254432,,,,,,,,,,,,
34473,,,,,,,,,,,,,,,,,,,,0.696657,1.242625,1.131338,,,,,,
34476,,,,,,,,,,,,,,,,,,,,,,,-0.344711,0.145790,0.859124,1.890000,-46.410000,68.040001
34477,,,,,,,,,,,,,66.366966,72.603813,0.226074,0.253567,,,,,,,,,,,,
34480,,,,0.637610,1.219036,1.154009,1.055828,0.842412,,,,,,,,,,,,,,,,,,,,
34481,,,,,,,,,,,49.643375,56.856693,,,,,-0.045248,0.043188,0.020103,,,,,,,,,
34489,,,,,,,,,,,,,65.672989,71.857040,0.153140,0.175428,,,,,,,,,,,,
34485,,,,,,,,,,,,,,,,,,,,0.701387,1.251742,1.147796,,,,,,
34493,,,,,,,,,,,,,,,,,,,,,,,-0.344711,0.145790,1.058533,-15.050000,-38.849998,73.919998
34494,,,,,,,,,,,,,,,,,,,,0.705635,1.260651,1.160609,,,,,,
34497,,,,,,,,,,,,,64.524940,71.052155,0.161645,0.180638,,,,,,,,,,,,
34498,,,,,,,,,,,,,,,,,,,,,,,-0.247477,0.169336,1.058533,-6.790000,-33.810001,81.410004
34506,,,,,,,,,,,,,,,,,,,,,,,-0.247477,0.169336,1.053958,-5.460000,-38.360001,92.889999
34504,,,,,,,,,,,,,,,,,,,,0.709962,1.269575,1.173817,,,,,,
34507,,,,,,,,,,,,,62.981373,69.559631,0.174413,0.193023,,,,,,,,,,,,
34516,,,,,,,,,,,,,,,,,,,,,,,-0.223565,0.135847,1.053958,-22.889999,17.010000,75.599998
34515,,,,,,,,,,,,,,,,,,,,0.714067,1.278838,1.186970,,,,,,
34517,,,,,,,,,,,,,61.807465,68.444275,0.183719,0.201859,,,,,,,,,,,,
34526,,,,,,,,,,,,,,,,,,,,,,,-0.223565,0.133468,0.920368,11.410000,42.000000,69.930000
34525,,,,,,,,,,,,,,,,,,,,0.718016,1.287997,1.200443,,,,,,
34527,,,,,,,,,,,,,60.562588,66.681664,0.193984,0.217520,,,,,,,,,,,,
34530,,,,0.655659,1.263032,1.211441,0.985248,1.043842,,,,,,,,,,,,,,,,,,,,
34531,,,,,,,,,,,44.843426,52.717400,,,,,-0.045482,0.048817,0.013856,,,,,,,,,
34537,,,,,,,,,,,,,59.287098,65.546318,0.155850,0.184915,,,,,,,-0.333853,0.133468,0.920368,-12.740000,61.529999,66.989998
34535,,,,,,,,,,,,,,,,,,,,0.721930,1.297524,1.210558,,,,,,
34549,,,,,,,,,,,,,58.155697,64.341263,0.164502,0.194640,,,,,,,,,,,,
34546,,,,,,,,,,,,,,,,,,,,0.725752,1.306481,1.224563,,,,,,
34552,,,,,,,,,,,,,,,,,,,,,,,-0.218563,0.115107,0.896639,20.230000,72.449997,65.309998
34553,,,,,,,,,,,,,,,,,,,,0.729469,1.315820,1.235371,,,,,,
34557,,,,,,,,,,,,,56.866287,63.393169,0.174991,0.201986,,,,,,,-0.218563,0.115107,0.896639,-10.640000,74.620003,75.040001
34563,,,,,,,,,,,,,,,,,,,,0.733066,1.325028,1.246242,,,,,,
34566,,,,,,,,,,,,,,,,,,,,,,,-0.363255,0.104798,1.050664,-1.680000,17.010000,73.360001
34567,,,,,,,,,,,,,55.818432,62.448887,0.183275,0.209483,,,,,,,,,,,,
34574,,,,,,,,,,,,,,,,,,,,0.736198,1.333356,1.259428,,,,,,
34576,,,,,,,,,,,,,,,,,,,,,,,-0.363255,0.104798,1.050664,-8.190000,-22.750000,61.110001
34577,,,,,,,,,,,,,55.140308,61.809132,0.187997,0.214062,,,,,,,,,,,,
34580,,,,0.669859,1.304957,1.279606,0.917716,1.254817,,,,,,,,,,,,,,,,,,,,
34581,,,,,,,,,,,39.547195,48.872177,,,,,-0.046707,0.054266,0.019828,,,,,,,,,
34589,,,,,,,,,,,,,54.237503,61.232613,0.141125,0.178903,,,,,,,,,,,,
34584,,,,,,,,,,,,,,,,,,,,0.738851,1.341353,1.269670,,,,,,
34592,,,,,,,,,,,,,,,,,,,,,,,-0.329705,0.114192,0.839970,-2.870000,-45.849998,53.340000
34594,,,,,,,,,,,,,,,,,,,,0.741307,1.348954,1.279446,,,,,,
34597,,,,,,,,,,,,,,,,,,,,,,,-0.329705,0.114192,0.839970,-33.459999,-46.689999,53.060001
34598,,,,,,,,,,,,,53.657936,60.160736,0.144098,0.187364,,,,,,,,,,,,
34606,,,,,,,,,,,,,,,,,,,,,,,-0.229604,0.157136,1.129598,-5.740000,-45.779999,68.739998
34605,,,,,,,,,,,,,,,,,,,,0.743562,1.356616,1.289473,,,,,,
34607,,,,,,,,,,,,,52.244347,58.898563,0.155695,0.197980,,,,,,,,,,,,
34616,,,,,,,,,,,,,,,,,,,,0.745928,1.364557,1.303196,-0.229604,0.157136,1.129598,-20.510000,-8.400000,84.980003
34617,,,,,,,,,,,,,51.665226,57.814571,0.159062,0.207032,,,,,,,,,,,,
34623,,,,,,,,,,,,,,,,,,,,0.748194,1.372091,1.320437,,,,,,
34626,,,,,,,,,,,,,,,,,,,,,,,-0.272914,0.064172,0.959286,-10.290000,-8.470000,84.910004
34627,,,,,,,,,,,,,50.598644,57.417515,0.167518,0.209293,,,,,,,,,,,,
34631,,,,0.680166,1.344821,1.358777,0.853882,1.472697,,,35.525764,46.911404,,,,,-0.043060,0.059072,0.037895,,,,,,,,,
34634,,,,,,,,,,,,,,,,,,,,0.750437,1.380058,1.331216,,,,,,
34637,,,,,,,,,,,,,49.474709,56.804646,0.135753,0.193836,,,,,,,-0.272914,0.064172,0.959286,6.370000,6.860000,91.000000
34649,,,,,,,,,,,,,48.387726,56.486481,0.144050,0.195102,,,,,,,,,,,,
34644,,,,,,,,,,,,,,,,,,,,0.752666,1.387697,1.349036,,,,,,
34652,,,,,,,,,,,,,,,,,,,,,,,-0.171410,0.086681,0.869799,0.420000,13.790000,97.790001
34654,,,,,,,,,,,,,,,,,,,,0.754715,1.395561,1.366891,,,,,,
34657,,,,,,,,,,,,,47.490181,55.536610,0.150633,0.202876,,,,,,,-0.171410,0.086681,0.869799,-0.700000,8.050000,104.370003
34666,,,,,,,,,,,,,,,,,,,,,,,-0.213500,0.142557,1.118557,-13.720000,26.879999,115.639999
34665,,,,,,,,,,,,,,,,,,,,0.756494,1.403297,1.384843,,,,,,
34667,,,,,,,,,,,,,46.298843,54.798363,0.160392,0.208681,,,,,,,,,,,,
34676,,,,,,,,,,,,,,,,,,,,,,,-0.213500,0.142557,1.118557,14.140000,28.209999,124.110001
34677,,,,,,,,,,,,,45.001434,54.900928,0.171471,0.206057,,,,,,,,,,,,
34675,,,,,,,,,,,,,,,,,,,,0.758336,1.411102,1.406925,,,,,,
34680,,,,0.686584,1.382583,1.449079,0.794251,1.694541,,,,,,,,,,,,,,,,,,,,
34681,,,,,,,,,,,32.167053,44.800926,,,,,-0.039519,0.065982,0.041115,,,,,,,,,
34689,,,,,,,,,,,,,44.566544,54.236446,0.139753,0.189710,,,,,,,,,,,,
34685,,,,,,,,,,,,,,,,,,,,0.759961,1.418826,1.429386,,,,,,
34693,,,,,,,,,,,,,,,,,,,,0.761292,1.426089,1.451572,-0.211548,0.126270,0.950258,-12.530000,-10.850000,126.559998
34697,,,,,,,,,,,,,43.864727,54.123131,0.144431,0.188979,,,,,,,,,,,,
34698,,,,,,,,,,,,,,,,,,,,,,,-0.207339,0.177693,1.015162,-15.050000,-17.360001,121.239998
34703,,,,,,,,,,,,,,,,,,,,0.762342,1.433346,1.470080,,,,,,
34706,,,,,,,,,,,,,,,,,,,,,,,-0.207339,0.177693,1.015162,-8.540000,-19.809999,115.639999
34707,,,,,,,,,,,,,42.925430,53.745090,0.151672,0.190971,,,,,,,,,,,,
34714,,,,,,,,,,,,,,,,,,,,0.763252,1.440493,1.492155,,,,,,
34716,,,,,,,,,,,,,,,,,,,,,,,-0.207339,0.177693,1.058350,-33.669998,-9.800000,119.629997
34717,,,,,,,,,,,,,42.147831,53.444355,0.157452,0.192249,,,,,,,,,,,,
34726,,,,,,,,,,,,,,,,,,,,,,,-0.234118,0.204228,1.058350,-11.270000,-8.540000,122.290001
34724,,,,,,,,,,,,,,,,,,,,0.763880,1.447715,1.514793,,,,,,
34727,,,,,,,,,,,,,41.511826,52.666351,0.161943,0.198456,,,,,,,,,,,,
34730,,,,0.689167,1.418153,1.550506,0.739174,1.917494,,,,,,,,,,,,,,,,,,,,
34731,,,,,,,,,,,29.994482,43.484512,,,,,-0.033522,0.072770,0.036444,,,,,,,,,
34734,,,,,,,,,,,,,,,,,,,,0.764455,1.454798,1.533695,,,,,,
34737,,,,,,,,,,,,,41.175194,52.122398,0.141348,0.189004,,,,,,,-0.165188,0.148779,1.004121,-15.680000,-10.500000,125.230003
34749,,,,,,,,,,,,,40.535469,51.710003,0.145637,0.191483,,,,,,,,,,,,
34745,,,,,,,,,,,,,,,,,,,,0.764674,1.461840,1.556818,,,,,,
34752,,,,,,,,,,,,,,,,,,,,,,,-0.165188,0.148779,1.004121,-26.879999,-18.410000,123.760002
34757,,,,,,,,,,,,,40.563828,51.257538,0.143239,0.194453,,,,,,,-0.147376,0.135664,0.944585,0.910000,-18.549999,123.480003
34755,,,,,,,,,,,,,,,,,,,,0.764908,1.468592,1.579097,,,,,,
34766,,,,,,,,,,,,,,,,,,,,,,,-0.147376,0.135664,0.944585,-15.260000,-10.290000,123.830002
34767,,,,,,,,,,,,,39.699463,50.924778,0.149942,0.196292,,,,,,,,,,,,
34765,,,,,,,,,,,,,,,,,,,,0.765050,1.475467,1.598553,,,,,,
34773,,,,,,,,,,,,,,,,,,,,0.765139,1.482326,1.622079,,,,,,
34777,,,,,,,,,,,,,39.438362,51.077972,0.150664,0.193242,,,,,,,-0.187026,0.137433,1.011136,12.320000,-7.560000,125.790001
34780,,,,0.688024,1.451400,1.662960,0.688850,2.139242,,,,,,,,,,,,,,,,,,,,
34781,,,,,,,,,,,28.196903,42.855480,,,,,-0.026646,0.078505,0.038935,,,,,,,,,
34783,,,,,,,,,,,,,,,,,,,,0.765157,1.489153,1.644912,,,,,,
34787,,,,,,,,,,,,,38.912724,50.268826,0.135802,0.193560,,,,,,,-0.187026,0.137433,1.011136,-7.280000,-14.840000,133.910004
34794,,,,,,,,,,,,,,,,,,,,0.764962,1.495970,1.667710,,,,,,
34796,,,,,,,,,,,,,,,,,,,,,,,-0.132553,0.153781,0.952210,-7.980000,-16.170000,136.710007
34797,,,,,,,,,,,,,37.928932,50.366051,0.143693,0.191086,,,,,,,,,,,,
34808,,,,,,,,,,,,,37.851711,49.800877,0.142535,0.195349,,,,,,,,,,,,
34804,,,,,,,,,,,,,,,,,,,,0.764650,1.502587,1.693951,,,,,,
34811,,,,,,,,,,,,,,,,,,,,,,,-0.132553,0.153781,0.952210,-2.800000,-25.059999,147.419998
34816,,,,,,,,,,,,,,,,,,,,,,,-0.145729,0.171044,1.090619,5.740000,-27.790001,150.080002
34814,,,,,,,,,,,,,,,,,,,,0.764122,1.509155,1.720039,,,,,,
34817,,,,,,,,,,,,,37.393044,49.911346,0.145282,0.192833,,,,,,,,,,,,
34826,,,,,,,,,,,,,,,,,,,,,,,-0.145729,0.171044,1.090619,-25.549999,-25.059999,139.089996
34825,,,,,,,,,,,,,,,,,,,,0.763418,1.515595,1.745649,,,,,,
34827,,,,,,,,,,,,,36.894897,49.600754,0.148524,0.194590,,,,,,,,,,,,
34830,,,,0.683305,1.482151,1.786306,0.643348,2.358465,,,,,,,,,,,,,,,,,,,,
34831,,,,,,,,,,,27.138220,42.770203,,,,,-0.018587,0.084535,0.037012,,,,,,,,,
34837,,,,,,,,,,,,,36.311775,49.636688,0.141934,0.192004,,,,,,,-0.141398,0.179462,0.952759,-3.990000,-23.170000,136.779999
34835,,,,,,,,,,,,,,,,,,,,0.762449,1.521875,1.770648,,,,,,
34846,,,,,,,,,,,,,,,,,,,,,,,-0.141398,0.179462,0.952759,-19.530001,-31.780001,134.330002
34845,,,,,,,,,,,,,,,,,,,,0.761465,1.527966,1.792420,,,,,,
34847,,,,,,,,,,,,,36.094017,49.522118,0.142320,0.191799,,,,,,,,,,,,
34856,,,,,,,,,,,,,,,,,,,,,,,-0.147803,0.183366,1.135759,-3.010000,-38.500000,138.039993
34857,,,,,,,,,,,,,35.464508,49.593472,0.146950,0.189721,,,,,,,,,,,,
34855,,,,,,,,,,,,,,,,,,,,0.760188,1.534252,1.817240,,,,,,
34869,,,,,,,,,,,,,35.375683,49.109074,0.146191,0.193298,,,,,,,,,,,,
34863,,,,,,,,,,,,,,,,,,,,0.758879,1.540179,1.841898,,,,,,
34871,,,,,,,,,,,,,,,,,,,,,,,-0.147803,0.183366,1.135759,-21.139999,-49.279999,139.789993
34873,,,,,,,,,,,,,,,,,,,,0.757432,1.545980,1.866275,,,,,,
34877,,,,,,,,,,,,,35.024475,48.552017,0.148125,0.197712,,,,,,,-0.101138,0.155306,0.972584,-13.440000,-55.509998,140.210007
34880,,,,0.675210,1.510198,1.920413,0.602646,2.574929,,,,,,,,,,,,,,,,,,,,
34881,,,,,,,,,,,26.069260,43.328575,,,,,-0.010359,0.088953,0.053000,,,,,,,,,
34884,,,,,,,,,,,,,,,,,,,,0.755834,1.551676,1.890516,,,,,,
34887,,,,,,,,,,,,,35.039795,48.649948,0.135488,0.201252,,,,,,,-0.101138,0.155306,0.972584,-7.910000,-60.340000,142.380005
34896,,,,,,,,,,,,,,,,,,,,,,,-0.093025,0.140056,0.985516,-3.220000,-66.709999,142.380005
34894,,,,,,,,,,,,,,,,,,,,0.754235,1.557087,1.914543,,,,,,
34897,,,,,,,,,,,,,34.977921,48.078133,0.134326,0.206020,,,,,,,,,,,,
34909,,,,,,,,,,,,,34.473331,47.788086,0.137691,0.208029,,,,,,,,,,,,
34905,,,,,,,,,,,,,,,,,,,,0.752501,1.562769,1.941565,,,,,,
34912,,,,,,,,,,,,,,,,,,,,,,,-0.093025,0.140056,0.985516,-5.670000,-4.550000,159.949997
34917,,,,,,,,,,,,,33.513664,47.292587,0.145798,0.212191,,,,,,,-0.056364,0.152134,1.028704,3.990000,6.510000,165.619995
34915,,,,,,,,,,,,,,,,,,,,0.750459,1.568666,1.968284,,,,,,
34926,,,,,,,,,,,,,,,,,,,,0.748352,1.574641,1.994717,-0.056364,0.152134,0.966789,-10.780000,18.549999,161.350006
34927,,,,,,,,,,,,,33.392765,47.294956,0.145543,0.211374,,,,,,,,,,,,
34930,,,,0.663982,1.535313,2.065163,0.566699,2.789005,,,,,,,,,,,,,,,,,,,,
34931,,,,,,,,,,,25.738398,44.470856,,,,,-0.000835,0.092894,0.066921,,,,,,,,,
34933,,,,,,,,,,,,,,,,,,,,0.746109,1.580340,2.024292,,,,,,
34937,,,,,,,,,,,,,32.934185,47.318996,0.145381,0.221987,,,,,,,-0.014030,0.161101,0.966789,10.920000,3.850000,171.429993
34943,,,,,,,,,,,,,,,,,,,,0.743558,1.586407,2.053437,,,,,,
34946,,,,,,,,,,,,,,,,,,,,,,,-0.014030,0.167994,1.037732,-5.670000,12.110000,165.339996
34947,,,,,,,,,,,,,32.167439,47.613281,0.151762,0.218415,,,,,,,,,,,,
34956,,,,,,,,,,,,,,,,,,,,,,,-0.022204,0.167994,1.037732,7.700000,7.700000,173.809998
34954,,,,,,,,,,,,,,,,,,,,0.741026,1.591917,2.082426,,,,,,
34957,,,,,,,,,,,,,32.009083,47.751545,0.152092,0.216377,,,,,,,,,,,,
34969,,,,,,,,,,,,,31.594624,47.637638,0.155065,0.216882,,,,,,,,,,,,
34964,,,,,,,,,,,,,,,,,,,,0.738103,1.597762,2.114397,,,,,,
34971,,,,,,,,,,,,,,,,,,,,,,,-0.016165,0.179706,1.011319,-4.690000,23.870001,179.410004
34974,,,,,,,,,,,,,,,,,,,,0.735153,1.603289,2.145961,,,,,,
34977,,,,,,,,,,,,,31.604279,47.613152,0.153795,0.216499,,,,,,,-0.016165,0.179706,1.011319,-2.100000,13.370000,183.399994
34981,,,,0.649903,1.557255,2.220372,0.535506,3.000461,,,25.640255,45.529720,,,,,0.007841,0.096350,0.073117,,,,,,,,,
34987,,,,,,,,,,,,,31.542229,47.762310,0.152254,0.225149,,,,,,,-0.011834,0.199531,1.058533,-4.620000,-7.070000,190.610001
34985,,,,,,,,,,,,,,,,,,,,0.731996,1.608737,2.177281,,,,,,
34996,,,,,,,,,,,,,,,,,,,,,,,-0.011834,0.199531,1.058533,1.890000,-13.300000,189.630005
34995,,,,,,,,,,,,,,,,,,,,0.728731,1.614105,2.208495,,,,,,
34997,,,,,,,,,,,,,31.062410,48.102074,0.155968,0.221237,,,,,,,,,,,,
35006,,,,,,,,,,,,,,,,,,,,,,,-0.019825,0.196359,1.009855,0.140000,-12.250000,196.350006
35007,,,,,,,,,,,,,31.118006,48.223007,0.154316,0.219489,,,,,,,,,,,,
35005,,,,,,,,,,,,,,,,,,,,0.725288,1.619376,2.242499,,,,,,
35016,,,,,,,,,,,,,,,,,,,,0.721633,1.624474,2.276133,-0.019825,0.196359,1.009855,-5.040000,-9.240000,197.539993
35017,,,,,,,,,,,,,31.099308,48.222908,0.153411,0.218951,,,,,,,,,,,,
35023,,,,,,,,,,,,,,,,,,,,0.717906,1.629382,2.309565,,,,,,
35029,,,,,,,,,,,,,30.657291,48.657356,0.156828,0.213981,,,,,,,,,,,,
35031,,,,0.633298,1.575781,2.385602,0.509177,3.206496,,,,,,,,,,,,,,,,,,,,
35032,,,,,,,,,,,26.241838,47.050182,,,,,0.017450,0.098359,0.073237,,,,,,,,,
35034,,,,,,,,,,,,,,,,,,,,,,,-0.014152,0.191601,0.976854,-3.920000,4.830000,198.940002
35037,,,,,,,,,,,,,30.723034,48.684280,0.161290,0.228590,,,,,,,,,,,,
35036,,,,,,,,,,,,,,,,,,,,0.713903,1.634388,2.345765,,,,,,
35039,,,,,,,,,,,,,,,,,,,,,,,-0.014152,0.191601,0.976854,14.490000,14.350000,200.410004
35043,,,,,,,,,,,,,,,,,,,,0.709654,1.639408,2.378675,,,,,,
35046,,,,,,,,,,,,,,,,,,,,,,,0.003294,0.213195,1.037488,4.620000,6.090000,205.100006
35047,,,,,,,,,,,,,30.789774,48.646484,0.159713,0.228649,,,,,,,,,,,,
35056,,,,,,,,,,,,,,,,,,,,,,,0.003294,0.213195,1.037488,3.780000,1.050000,202.720001
35054,,,,,,,,,,,,,,,,,,,,0.705348,1.644143,2.414339,,,,,,
35057,,,,,,,,,,,,,30.837481,48.601540,0.158317,0.228788,,,,,,,,,,,,
35069,,,,,,,,,,,,,30.548555,49.176754,0.160345,0.222610,,,,,,,,,,,,
35064,,,,,,,,,,,,,,,,,,,,0.700991,1.648602,2.452706,,,,,,
35072,,,,,,,,,,,,,,,,,,,,,,,0.000671,0.226859,0.990213,8.260000,-11.480000,202.580002
35074,,,,,,,,,,,,,,,,,,,,0.696363,1.653137,2.487953,,,,,,
35077,,,,,,,,,,,,,30.810040,49.037048,0.156817,0.223610,,,,,,,0.000671,0.226859,0.990213,-6.020000,19.809999,205.589996
35080,,,,0.614523,1.590656,2.559895,0.487975,3.399604,,,,,,,,,,,,,,,,,,,,
35081,,,,,,,,,,,27.140154,48.806835,,,,,0.026867,0.099143,0.073037,,,,,,,,,
35085,,,,,,,,,,,,,,,,,,,,0.691376,1.657519,2.522911,,,,,,
35087,,,,,,,,,,,,,,,,,,,,,,,-0.006161,0.242292,1.035902,7.630000,9.660000,197.750000
35088,,,,,,,,,,,,,30.697002,49.745876,0.166219,0.233901,,,,,,,,,,,,
35096,,,,,,,,,,,,,,,,,,,,,,,-0.006161,0.242292,1.035902,-15.470000,17.010000,193.130005
35095,,,,,,,,,,,,,,,,,,,,0.686260,1.661624,2.557675,,,,,,
35097,,,,,,,,,,,,,30.493635,50.020241,0.167582,0.230914,,,,,,,,,,,,
35106,,,,,,,,,,,,,,,,,,,,,,,-0.016958,0.255102,1.052372,-14.700000,1.680000,200.970001
35107,,,,,,,,,,,,,30.671551,49.886906,0.165096,0.232032,,,,,,,,,,,,
35105,,,,,,,,,,,,,,,,,,,,0.681001,1.665470,2.592258,,,,,,
35113,,,,,,,,,,,,,,,,,,,,0.675547,1.669075,2.629474,,,,,,
35116,,,,,,,,,,,,,,,,,,,,,,,-0.016958,0.255102,1.052372,-10.150000,-9.660000,203.630005
35117,,,,,,,,,,,,,30.749443,50.212177,0.163596,0.228498,,,,,,,,,,,,
35129,,,,,,,,,,,,,30.698532,50.145538,0.163393,0.228896,,,,,,,,,,,,
35124,,,,,,,,,,,,,,,,,,,,0.670083,1.672564,2.663765,,,,,,
35132,,,,0.593968,1.601664,2.741484,0.472318,3.566296,,,27.900114,50.474068,,,,,,,,,,,,,,,,
35133,,,,,,,,,,,,,,,,,0.034698,0.097815,0.078788,,,,,,,,,
35134,,,,,,,,,,,,,,,,,,,,0.664311,1.675931,2.700691,0.016653,0.220210,0.977281,-8.820000,-10.430000,206.990005
35137,,,,,,,,,,,,,30.896606,50.154667,0.168413,0.245541,,,,,,,,,,,,
35139,,,,,,,,,,,,,,,,,,,,,,,-0.003294,0.249551,1.038098,-17.219999,-3.850000,199.850006
35146,,,,,,,,,,,,,,,,,,,,,,,-0.003294,0.249551,1.038098,7.770000,-1.120000,201.110001
35145,,,,,,,,,,,,,,,,,,,,0.658536,1.678916,2.737500,,,,,,
35147,,,,,,,,,,,,,31.479115,50.424202,0.161872,0.242856,,,,,,,,,,,,
35156,,,,,,,,,,,,,,,,,,,,,,,-0.003294,0.249551,0.948977,-7.140000,21.280001,199.220001
35155,,,,,,,,,,,,,,,,,,,,0.652669,1.681882,2.768544,,,,,,
35157,,,,,,,,,,,,,31.316889,51.014233,0.162811,0.236848,,,,,,,,,,,,
35166,,,,,,,,,,,,,,,,,,,,,,,0.014274,0.211975,0.948977,-3.080000,10.990000,206.429993
35167,,,,,,,,,,,,,31.372458,50.736038,0.161560,0.239577,,,,,,,,,,,,
35165,,,,,,,,,,,,,,,,,,,,0.646332,1.684805,2.805060,,,,,,
35176,,,,,,,,,,,,,,,,,,,,0.640176,1.687344,2.838709,0.020862,0.244183,1.078846,-5.040000,-2.940000,207.690002
35177,,,,,,,,,,,,,31.882811,50.918339,0.155660,0.237665,,,,,,,,,,,,
35180,,,,0.572049,1.608623,2.927643,0.462714,3.688153,,,,,,,,,,,,,,,,,,,,
35181,,,,,,,,,,,28.862051,52.205219,,,,,0.041685,0.095158,0.087173,,,,,,,,,
35189,,,,,,,,,,,,,31.923611,51.647312,0.164259,0.247799,,,,,,,,,,,,
35183,,,,,,,,,,,,,,,,,,,,0.633690,1.689717,2.875076,,,,,,
35192,,,,,,,,,,,,,,,,,,,,,,,0.020862,0.244183,1.078846,4.760000,3.430000,215.110001
35193,,,,,,,,,,,,,,,,,,,,0.627307,1.691986,2.914131,,,,,,
35197,,,,,,,,,,,,,,,,,,,,,,,-0.006588,0.225456,0.964288,-2.380000,15.050000,215.949997
35198,,,,,,,,,,,,,31.812603,51.503174,0.164779,0.249381,,,,,,,,,,,,
35206,,,,,,,,,,,,,,,,,,,,,,,-0.006588,0.225456,0.964288,5.320000,7.910000,215.600006
35204,,,,,,,,,,,,,,,,,,,,0.620727,1.693942,2.950389,,,,,,
35207,,,,,,,,,,,,,32.070538,52.173794,0.161558,0.242681,,,,,,,,,,,,
35216,,,,,,,,,,,,,,,,,,,,,,,-0.008784,0.278343,1.077809,-10.150000,4.830000,218.750000
35215,,,,,,,,,,,,,,,,,,,,0.613967,1.695617,2.989234,,,,,,
35217,,,,,,,,,,,,,31.806906,53.008682,0.163606,0.234171,,,,,,,,,,,,
35226,,,,,,,,,,,,,,,,,,,,,,,-0.008784,0.278343,1.077809,-6.370000,-19.809999,222.039993
35227,,,,,,,,,,,,,31.807507,53.010132,0.163011,0.233996,,,,,,,,,,,,
35225,,,,,,,,,,,,,,,,,,,,0.607283,1.697038,3.028098,,,,,,
35230,,,,0.549198,1.611382,3.114826,0.459658,3.746228,,,,,,,,,,,,,,,,,,,,
35231,,,,,,,,,,,30.330624,53.865658,,,,,0.047914,0.091406,0.086020,,,,,,,,,
35237,,,,,,,,,,,,,32.141037,53.207844,0.173999,0.248754,,,,,,,-0.001952,0.270230,0.947879,7.210000,-8.540000,225.889999
35236,,,,,,,,,,,,,,,,,,,,0.600665,1.698144,3.066918,,,,,,
35248,,,,,,,,,,,,,32.098637,53.362865,0.174069,0.247305,,,,,,,,,,,,
35243,,,,,,,,,,,,,,,,,,,,0.593906,1.699095,3.108454,,,,,,
35251,,,,,,,,,,,,,,,,,,,,,,,-0.001952,0.270230,0.947879,-7.280000,8.820000,226.029999
35254,,,,,,,,,,,,,,,,,,,,0.587038,1.699759,-3.138740,,,,,,
35257,,,,,,,,,,,,,32.410004,53.302952,0.170540,0.248016,,,,,,,-0.002318,0.277001,1.084946,-14.910000,1.680000,228.410004
35266,,,,,,,,,,,,,,,,,,,,,,,-0.002318,0.277001,1.084946,1.260000,-2.170000,228.270004
35264,,,,,,,,,,,,,,,,,,,,0.580050,1.700064,-3.097219,,,,,,
35267,,,,,,,,,,,,,32.775772,53.658691,0.166393,0.244500,,,,,,,,,,,,
35276,,,,,,,,,,,,,,,,,,,,,,,0.010065,0.258457,0.935130,-5.880000,-11.620000,225.679993
35274,,,,,,,,,,,,,,,,,,,,0.572909,1.700202,-3.058462,,,,,,
35277,,,,,,,,,,,,,32.487255,53.876820,0.168847,0.242317,,,,,,,,,,,,
35280,,,,0.525867,1.609836,-2.984052,0.463490,3.727845,,,,,,,,,,,,,,,,,,,,
35281,,,,,,,,,,,32.759602,55.724590,,,,,0.054571,0.085714,0.071563,,,,,,,,,
35289,,,,,,,,,,,,,32.943321,54.212147,0.188539,0.257855,,,,,,,,,,,,
35285,,,,,,,,,,,,,,,,,,,,0.565763,1.700026,-3.016830,,,,,,
35292,,,,,,,,,,,,,,,,,,,,,,,0.010065,0.258457,0.935130,-5.950000,-2.940000,234.009995
35295,,,,,,,,,,,,,,,,,,,,0.558729,1.699558,-2.978004,,,,,,
35298,,,,,,,,,,,,,32.983185,54.388557,0.188096,0.256359,,,,,,,0.010370,0.292922,1.071465,-4.550000,-14.490000,229.740005
35306,,,,,,,,,,,,,,,,,,,,,,,0.010370,0.292922,1.071465,1.400000,-10.080000,225.330002
35307,,,,,,,,,,,,,33.333927,55.065655,0.184474,0.249719,,,,,,,,,,,,
35305,,,,,,,,,,,,,,,,,,,,0.551729,1.698801,-2.939103,,,,,,
35313,,,,,,,,,,,,,,,,,,,,0.544858,1.697876,-2.900163,,,,,,
35316,,,,,,,,,,,,,,,,,,,,,,,0.026291,0.272487,1.001559,0.980000,0.910000,226.449997
35317,,,,,,,,,,,,,32.982101,55.105461,0.187947,0.249445,,,,,,,,,,,,
35323,,,,,,,,,,,,,,,,,,,,0.537525,1.696591,-2.858265,,,,,,
35326,,,,,,,,,,,,,,,,,,,,,,,0.026291,0.272487,1.001559,11.340000,14.140000,219.169998
35327,,,,,,,,,,,,,33.782120,55.686344,0.179743,0.243644,,,,,,,,,,,,
35330,,,,0.502509,1.603930,-2.806232,0.474284,3.632220,,,,,,,,,,,,,,,,,,,,
35331,,,,,,,,,,,35.394382,57.250141,,,,,0.059448,0.078918,0.052087,,,,,,,,,
35334,,,,,,,,,,,,,,,,,,,,0.530531,1.695054,-2.821871,,,,,,
35337,,,,,,,,,,,,,33.783947,55.965935,0.206394,0.256360,,,,,,,0.027572,0.274744,1.010709,-6.300000,5.460000,215.110001
35349,,,,,,,,,,,,,34.511135,55.983669,0.199299,0.256436,,,,,,,,,,,,
35344,,,,,,,,,,,,,,,,,,,,0.523300,1.693018,-2.782535,,,,,,
35352,,,,,,,,,,,,,,,,,,,,,,,0.027572,0.274744,1.010709,-20.160000,-9.800000,214.130005
35354,,,,,,,,,,,,,,,,,,,,0.516384,1.690686,-2.745928,,,,,,
35357,,,,,,,,,,,,,34.761665,56.008652,0.196920,0.256435,,,,,,,0.008052,0.331413,1.124535,-9.590000,-11.340000,211.820007
35366,,,,,,,,,,,,,,,,,,,,,,,0.008052,0.331413,1.007720,-11.690000,-0.350000,212.729996
35365,,,,,,,,,,,,,,,,,,,,0.509667,1.688286,-2.709200,,,,,,
35367,,,,,,,,,,,,,34.990768,55.739136,0.194710,0.259432,,,,,,,,,,,,
35376,,,,,,,,,,,,,,,,,,,,,,,0.043371,0.259189,1.007720,-5.810000,-3.570000,202.580002
35377,,,,,,,,,,,,,35.505184,55.719200,0.189544,0.259938,,,,,,,,,,,,
35375,,,,,,,,,,,,,,,,,,,,0.502647,1.685279,-2.672326,,,,,,
35381,,,,0.479576,1.593657,-2.637695,0.491799,3.471181,,,37.978962,58.397396,,,,,0.062109,0.071000,0.033777,,,,,,,,,
35389,,,,,,,,,,,,,35.736633,56.352444,0.213523,0.265487,,,,,,,,,,,,
35386,,,,,,,,,,,,,,,,,,,,0.495917,1.682468,-2.635225,,,,,,
35393,,,,,,,,,,,,,,,,,,,,0.489002,1.679155,-2.600821,0.040443,0.236375,0.929030,2.380000,7.630000,202.860001
35397,,,,,,,,,,,,,36.280319,56.387135,0.208426,0.265542,,,,,,,,,,,,
35398,,,,,,,,,,,,,,,,,,,,,,,0.040443,0.236375,0.929030,16.379999,4.270000,206.429993
35403,,,,,,,,,,,,,,,,,,,,0.482137,1.675714,-2.566254,,,,,,
35406,,,,,,,,,,,,,,,,,,,,,,,0.040504,0.259189,1.079761,5.950000,6.370000,200.690002
35407,,,,,,,,,,,,,36.603130,56.835663,0.205473,0.261369,,,,,,,,,,,,
35414,,,,,,,,,,,,,,,,,,,,0.475448,1.671930,-2.528642,,,,,,
35416,,,,,,,,,,,,,,,,,,,,,,,0.040504,0.259189,1.079761,-0.070000,-1.540000,204.330002
35417,,,,,,,,,,,,,36.827034,57.139320,0.203465,0.258584,,,,,,,,,,,,
35426,,,,,,,,,,,,,,,,,,,,,,,0.057340,0.249612,0.982649,8.120000,32.340000,193.550003
35424,,,,,,,,,,,,,,,,,,,,0.468611,1.667852,-2.493691,,,,,,
35427,,,,,,,,,,,,,37.547680,56.825577,0.196345,0.262036,,,,,,,,,,,,
35430,,,,0.457509,1.579062,-2.480195,0.515511,3.264480,,,,,,,,,,,,,,,,,,,,
35431,,,,,,,,,,,40.486183,59.093994,,,,,0.062482,0.063690,0.012035,,,,,,,,,
35434,,,,,,,,,,,,,,,,,,,,0.461881,1.663434,-2.458487,,,,,,
35437,,,,,,,,,,,,,37.833794,57.174809,0.219086,0.265893,,,,,,,0.057340,0.249612,0.982649,-4.410000,11.760000,191.240005
35449,,,,,,,,,,,,,38.102444,57.751637,0.216876,0.260394,,,,,,,,,,,,
35445,,,,,,,,,,,,,,,,,,,,0.455458,1.658714,-2.426024,,,,,,
35452,,,,,,,,,,,,,,,,,,,,,,,0.010614,0.297314,1.043710,-15.050000,4.830000,191.380005
35457,,,,,,,,,,,,,39.103935,58.198414,0.207138,0.256105,,,,,,,0.010614,0.297314,1.043710,-0.140000,-17.080000,190.259995
35455,,,,,,,,,,,,,,,,,,,,0.449408,1.654006,-2.393416,,,,,,
35466,,,,,,,,,,,,,,,,,,,,,,,0.032086,0.246867,0.987285,-1.120000,-10.570000,185.850006
35467,,,,,,,,,,,,,39.204628,58.135532,0.206387,0.256925,,,,,,,,,,,,
35465,,,,,,,,,,,,,,,,,,,,0.443193,1.648893,-2.360703,,,,,,
35476,,,,,,,,,,,,,,,,,,,,0.437344,1.643696,-2.324696,0.032086,0.246867,0.987285,-9.940000,11.060000,186.339996
35477,,,,,,,,,,,,,39.583294,58.260307,0.202781,0.255844,,,,,,,,,,,,
35480,,,,0.436727,1.560239,-2.334527,0.544706,3.032976,,,,,,,,,,,,,,,,,,,,
35481,,,,,,,,,,,42.943069,59.546890,,,,,0.061164,0.056430,-0.009529,,,,,,,,,
35483,,,,,,,,,,,,,,,,,,,,0.431436,1.638123,-2.294388,,,,,,
35487,,,,,,,,,,,,,,,,,,,,,,,0.027572,0.265411,1.029985,18.410000,4.410000,185.009995
35488,,,,,,,,,,,,,39.943035,58.210819,0.224353,0.261135,,,,,,,,,,,,
35494,,,,,,,,,,,,,,,,,,,,0.425496,1.632313,-2.260800,,,,,,
35496,,,,,,,,,,,,,,,,,,,,,,,0.027572,0.265411,1.029985,-12.530000,6.510000,181.369995
35497,,,,,,,,,,,,,40.664780,58.387531,0.217591,0.259600,,,,,,,,,,,,
35509,,,,,,,,,,,,,41.200844,58.906963,0.212579,0.254534,,,,,,,,,,,,
35504,,,,,,,,,,,,,,,,,,,,0.420037,1.626381,-2.230110,,,,,,
35512,,,,,,,,,,,,,,,,,,,,,,,0.008601,0.268522,0.994605,2.100000,-5.810000,168.630005
35514,,,,,,,,,,,,,,,,,,,,0.414849,1.620315,-2.199166,,,,,,
35517,,,,,,,,,,,,,,,0.210007,0.255087,,,,,,,0.008601,0.268522,0.994605,-5.460000,-7.630000,172.550003
35518,,,,,,,,,,,,,41.487125,58.865322,,,,,,,,,,,,,,
35526,,,,,,,,,,,,,,,,,,,,,,,0.023058,0.250588,1.028948,16.309999,-21.280001,169.750000
35527,,,,,,,,,,,,,41.908783,58.864635,0.205997,0.255230,,,,,,,,,,,,
35525,,,,,,,,,,,,,,,,,,,,0.409607,1.614117,-2.168003,,,,,,
35531,,,,0.417616,1.537327,-2.200798,0.578579,2.793474,,,45.428604,59.917557,,,,,0.058769,0.049693,-0.030645,,,,,,,,,
35537,,,,,,,,,,,,,42.210476,59.149601,0.228479,0.256240,,,,,,,0.023058,0.250588,1.028948,-12.180000,5.040000,165.619995
35535,,,,,,,,,,,,,,,,,,,,0.404531,1.607700,-2.139742,,,,,,
35546,,,,,,,,,,,,,,,,,,,,0.399568,1.600818,-2.111202,0.003843,0.246318,0.991311,-3.570000,11.130000,160.929993
35547,,,,,,,,,,,,,42.783173,59.271839,0.223281,0.255147,,,,,,,,,,,,
35556,,,,,,,,,,,,,,,,,,,,0.394875,1.593809,-2.082459,0.003843,0.246318,0.991311,-11.760000,2.310000,150.570007
35557,,,,,,,,,,,,,43.151936,59.777107,0.220049,0.250123,,,,,,,,,,,,
35569,,,,,,,,,,,,,43.339233,59.671387,0.218594,0.251229,,,,,,,,,,,,
35563,,,,,,,,,,,,,,,,,,,,0.390439,1.586693,-2.056705,,,,,,
35572,,,,,,,,,,,,,,,,,,,,,,,0.016775,0.261629,1.072380,1.890000,-16.170000,145.880005
35574,,,,,,,,,,,,,,,,,,,,0.386252,1.579806,-2.030835,,,,,,
35577,,,,,,,,,,,,,43.701641,59.416973,0.215315,0.253873,,,,,,,,,,,,
35578,,,,,,,,,,,,,,,,,,,,,,,0.020557,0.229604,1.068232,0.700000,-11.340000,151.759995
35580,,,,0.400524,1.510504,-2.078718,0.616316,2.556743,,,,,,,,,,,,,,,,,,,,
35581,,,,,,,,,,,47.828510,60.416035,,,,,0.055609,0.043577,-0.044088,,,,,,,,,
35584,,,,,,,,,,,,,,,,,,,,0.382202,1.572488,-2.004671,,,,,,
35587,,,,,,,,,,,,,44.572033,59.355209,0.231262,0.259688,,,,,,,0.020557,0.229604,1.068232,-13.860000,-14.000000,144.130005
35591,,,,,,,,,,,,,,,,,,,,0.382202,1.572488,-2.004671,,,,,,
35596,,,,,,,,,,,,,,,,,,,,,,,0.020557,0.203313,0.892125,5.530000,-1.820000,144.479996
35597,,,,,,,,,,,,,45.014641,59.186680,0.227399,0.261619,,,,,,,,,,,,
35598,,,,,,,,,,,,,,,,,,,,0.378230,1.564890,-1.978321,,,,,,
35609,,,,,,,,,,,,,44.907726,59.645042,0.229052,0.257190,,,,,,,,,,,,
35605,,,,,,,,,,,,,,,,,,,,0.374518,1.557294,-1.955046,,,,,,
35612,,,,,,,,,,,,,,,,,,,,,,,0.010919,0.203313,0.892125,-1.260000,23.240000,130.479996
35617,,,,,,,,,,,,,45.593361,59.294670,0.222642,0.260918,,,,,,,0.049288,0.212585,0.953369,-7.630000,45.009998,127.610001
35615,,,,,,,,,,,,,,,,,,,,0.370671,1.549168,-1.928152,,,,,,
35623,,,,,,,,,,,,,,,,,,,,0.367177,1.540936,-1.907747,,,,,,
35627,,,,,,,,,,,,,46.109028,59.297329,0.217830,0.261115,,,,,,,0.049288,0.212585,0.953369,7.140000,38.500000,122.500000
35631,,,,0.385744,1.479985,-1.967845,0.657142,2.327987,,,50.114082,60.750889,,,,,,,,,,,,,,,,
35632,,,,,,,,,,,,,,,,,0.051305,0.037618,-0.057740,,,,,,,,,
35637,,,,,,,,,,,,,46.267323,59.498585,0.239872,0.262701,,,,,,,0.021777,0.213561,1.026752,-15.820000,19.180000,122.709999
35636,,,,,,,,,,,,,,,,,,,,0.363872,1.532827,-1.887231,,,,,,
35644,,,,,,,,,,,,,,,,,,,,0.360783,1.524491,-1.866655,,,,,,
35646,,,,,,,,,,,,,,,,,,,,,,,0.021777,0.213561,1.026752,1.400000,19.530001,123.550003
35647,,,,,,,,,,,,,46.831886,59.658073,0.234883,0.261325,,,,,,,,,,,,
35656,,,,,,,,,,,,,,,,,,,,,,,0.003416,0.223931,1.085129,-25.830000,4.410000,111.160004
35654,,,,,,,,,,,,,,,,,,,,0.357895,1.515831,-1.842478,,,,,,
35657,,,,,,,,,,,,,47.084007,60.070152,0.232967,0.257340,,,,,,,,,,,,
35668,,,,,,,,,,,,,47.908520,60.298359,0.225163,0.255149,,,,,,,,,,,,
35665,,,,,,,,,,,,,,,,,,,,0.355268,1.507318,-1.821534,,,,,,
35671,,,,,,,,,,,,,,,,,,,,,,,0.003416,0.223931,1.085129,-9.870000,-24.010000,105.000000
35677,,,,,,,,,,,,,48.300133,60.568768,0.221610,0.252481,,,,,,,0.003294,0.157563,0.995154,-1.120000,-33.529999,105.279999
35675,,,,,,,,,,,,,,,,,,,,0.352850,1.499035,-1.803950,,,,,,
35680,,,,0.373509,1.446003,-1.867738,0.700329,2.108443,,,,,,,,,,,,,,,,,,,,
35681,,,,,,,,,,,52.300701,61.317459,,,,,0.046670,0.032226,-0.063162,,,,,,,,,
35687,,,,,,,,,,,,,,,0.241845,0.259599,,,,,,,0.003294,0.157563,0.995154,-0.910000,-22.120001,111.440002
35688,,,,,,,,,,,,,48.538525,60.441113,,,,,,,,,,,,,,
35685,,,,,,,,,,,,,,,,,,,,0.350490,1.490582,-1.782742,,,,,,
35693,,,,,,,,,,,,,,,,,,,,0.348358,1.482074,-1.765050,,,,,,
35697,,,,,,,,,,,,,49.497593,60.666733,0.232815,0.257473,,,,,,,0.002440,0.168604,1.088362,-6.650000,-12.390000,106.330002
35703,,,,,,,,,,,,,,,,,,,,0.346201,1.473312,-1.747006,,,,,,
35706,,,,,,,,,,,,,,,,,,,,,,,0.002440,0.168604,1.088362,23.590000,3.220000,105.839996
35707,,,,,,,,,,,,,49.871338,60.365597,0.229563,0.260674,,,,,,,,,,,,
35714,,,,,,,,,,,,,,,,,,,,0.344125,1.464734,-1.728818,,,,,,
35716,,,,,,,,,,,,,,,,,,,,,,,0.002684,0.126026,0.970937,0.630000,-1.540000,100.379997
35717,,,,,,,,,,,,,50.198246,60.675419,0.226715,0.257704,,,,,,,,,,,,
35729,,,,,,,,,,,,,50.464596,61.108490,0.224418,0.253416,,,,,,,,,,,,
35731,,,,0.363982,1.408815,-1.778041,0.745181,1.897032,,,56.863403,64.971237,,,,,0.051239,0.027948,-0.053851,,,,,,,,,
35724,,,,,,,,,,,,,,,,,,,,0.342195,1.455690,-1.710559,,,,,,
35734,,,,,,,,,,,,,,,,,,,,0.340472,1.447108,-1.695896,0.002684,0.126026,0.970937,8.190000,-17.570000,97.790001
35737,,,,,,,,,,,,,50.644398,60.964085,0.269491,0.292199,,,,,,,,,,,,
35739,,,,,,,,,,,,,,,,,,,,,,,-0.011407,0.165310,1.037183,1.750000,-19.040001,99.190002
35746,,,,,,,,,,,,,,,,,,,,,,,-0.011407,0.165310,1.037183,-3.850000,4.060000,95.830002
35745,,,,,,,,,,,,,,,,,,,,0.338978,1.438131,-1.681133,,,,,,
35747,,,,,,,,,,,,,50.801628,61.122501,0.269131,0.291384,,,,,,,,,,,,
35756,,,,,,,,,,,,,,,,,,,,,,,0.002440,0.158417,1.021323,-8.120000,-11.270000,89.529999
35757,,,,,,,,,,,,,51.608753,61.954784,0.262111,0.283665,,,,,,,,,,,,
35755,,,,,,,,,,,,,,,,,,,,0.337525,1.429160,-1.662429,,,,,,
35769,,,,,,,,,,,,,52.475933,62.086315,0.254317,0.282926,,,,,,,,,,,,
35763,,,,,,,,,,,,,,,,,,,,0.336444,1.419953,-1.647445,,,,,,
35772,,,,,,,,,,,,,,,,,,,,,,,0.002440,0.158417,1.021323,-18.620001,-18.270000,80.919998
35773,,,,,,,,,,,,,,,,,,,,0.335578,1.411005,-1.632420,,,,,,
35777,,,,,,,,,,,,,53.187019,62.563736,0.247941,0.278634,,,,,,,0.064355,0.192577,1.096780,-1.750000,-36.049999,78.820000
35780,,,,0.357247,1.368682,-1.698514,0.791012,1.691632,,,,,,,,,,,,,,,,,,,,
35781,,,,,,,,,,,57.757343,64.073631,,,,,0.041166,0.024115,-0.063869,,,,,,,,,
35784,,,,,,,,,,,,,,,,,,,,0.334736,1.401779,-1.617170,,,,,,
35787,,,,,,,,,,,,,53.567387,62.558937,0.253915,0.270009,,,,,,,0.064355,0.123098,1.015223,-13.230000,-16.450001,87.010002
35796,,,,,,,,,,,,,,,,,,,,,,,0.052216,0.123098,1.015223,0.140000,-9.030000,90.580002
35794,,,,,,,,,,,,,,,,,,,,0.333993,1.392485,-1.601852,,,,,,
35797,,,,,,,,,,,,,53.719711,62.438282,0.253199,0.271542,,,,,,,,,,,,
35806,,,,,,,,,,,,,,,,,,,,,,,0.052216,0.097173,0.911401,16.170000,19.389999,85.330002
35805,,,,,,,,,,,,,,,,,,,,0.333253,1.382979,-1.586376,,,,,,
35807,,,,,,,,,,,,,53.943928,62.919262,0.251720,0.266963,,,,,,,,,,,,
35816,,,,,,,,,,,,,,,,,,,,,,,0.044652,0.097173,0.911401,-1.190000,38.570000,83.300003
35815,,,,,,,,,,,,,,,,,,,,0.332660,1.373180,-1.570762,,,,,,
35817,,,,,,,,,,,,,54.005455,62.634430,0.251855,0.270100,,,,,,,,,,,,
35829,,,,,,,,,,,,,54.435421,63.116138,0.248219,0.265474,,,,,,,,,,,,
35831,,,,0.353305,1.325872,-1.629027,0.837115,1.489899,,,,,,,,,,,,,,,,,,,,
35832,,,,,,,,,,,62.675900,67.971069,,,,,0.046553,0.020495,-0.058431,,,,,,,,,
35825,,,,,,,,,,,,,,,,,,,,0.332051,1.363145,-1.559103,,,,,,
35834,,,,,,,,,,,,,,,,,,,,,,,0.014640,0.140361,1.039318,9.940000,41.860001,76.440002
35837,,,,,,,,,,,,,55.133175,63.103642,0.291936,0.305547,,,,,,,,,,,,
35835,,,,,,,,,,,,,,,,,,,,0.331724,1.353222,-1.543638,,,,,,
35840,,,,,,,,,,,,,,,,,,,,,,,0.014640,0.140361,1.039318,-2.310000,11.900000,74.199997
35843,,,,,,,,,,,,,,,,,,,,0.331618,1.343387,-1.532114,,,,,,
35846,,,,,,,,,,,,,,,,,,,,,,,0.001708,0.143594,0.990701,1.050000,4.060000,79.379997
35847,,,,,,,,,,,,,55.723759,63.528309,0.287420,0.302189,,,,,,,,,,,,
35853,,,,,,,,,,,,,,,,,,,,0.331596,1.333663,-1.520624,,,,,,
35856,,,,,,,,,,,,,,,,,,,,,,,0.001708,0.143594,0.990701,-12.950000,-15.050000,68.809998
35857,,,,,,,,,,,,,56.198139,63.860435,0.283972,0.299690,,,,,,,,,,,,
35864,,,,,,,,,,,,,,,,,,,,0.331771,1.324027,-1.509138,,,,,,
35866,,,,,,,,,,,,,,,,,,,,,,,0.060024,0.138836,1.127646,2.170000,-30.309999,62.369999
35867,,,,,,,,,,,,,57.134159,64.675552,0.275720,0.292197,,,,,,,,,,,,
35876,,,,,,,,,,,,,,,,,,,,,,,0.060024,0.138836,1.127646,-10.010000,-8.680000,60.130001
35874,,,,,,,,,,,,,,,,,,,,0.332086,1.314279,-1.497778,,,,,,
35877,,,,,,,,,,,,,57.381104,64.821541,0.274310,0.291367,,,,,,,,,,,,
35880,,,,0.352065,1.280643,-1.569551,0.882742,1.289678,,,,,,,,,,,,,,,,,,,,
35881,,,,,,,,,,,63.466248,66.614136,,,,,0.035624,0.017091,-0.073893,,,,,,,,,
35889,,,,,,,,,,,,,58.149624,64.879967,0.275592,0.277561,,,,,,,,,,,,
35885,,,,,,,,,,,,,,,,,,,,0.332615,1.304289,-1.486495,,,,,,
35893,,,,,,,,,,,,,,,,,,,,,,,0.054229,0.113460,0.933544,14.980000,-3.990000,67.620003
35895,,,,,,,,,,,,,,,,,,,,0.333176,1.294152,-1.475223,,,,,,
35897,,,,,,,,,,,,,58.633739,64.943756,0.271717,0.277257,,,,,,,,,,,,
35898,,,,,,,,,,,,,,,,,,,,,,,0.054229,0.113460,0.933544,24.920000,-6.720000,66.989998
35906,,,,,,,,,,,,,,,,,,,,,,,0.052155,0.075884,0.962946,9.310000,9.240000,67.480003
35907,,,,,,,,,,,,,59.339298,65.204369,0.265487,0.274933,,,,,,,,,,,,
35905,,,,,,,,,,,,,,,,,,,,0.333681,1.284031,-1.464015,,,,,,
35916,,,,,,,,,,,,,,,,,,,,0.334233,1.273682,-1.449175,0.052155,0.075884,0.962946,17.010000,18.549999,58.869999
35917,,,,,,,,,,,,,59.239319,65.817345,0.267332,0.268962,,,,,,,,,,,,
35929,,,,,,,,,,,,,59.520218,65.976517,0.265312,0.267498,,,,,,,,,,,,
35926,,,,,,,,,,,,,,,,,,,,0.335021,1.263216,-1.441826,,,,,,
35931,,,,0.353344,1.233244,-1.520141,0.927093,1.089154,,,,,,,,,,,,,,,,,,,,
35932,,,,,,,,,,,66.017273,67.523735,,,,,0.032033,0.014047,-0.079276,,,,,,,,,
35934,,,,,,,,,,,,,,,,,,,,,,,0.013847,0.110776,1.051884,0.840000,15.610000,45.009998
35933,,,,,,,,,,,,,,,,,,,,0.335909,1.252862,-1.434468,,,,,,
35937,,,,,,,,,,,,,60.189396,65.621727,0.285296,0.280522,,,,,,,,,,,,
35940,,,,,,,,,,,,,,,,,,,,,,,0.013847,0.111447,1.031205,-8.960000,-1.190000,42.770000
35946,,,,,,,,,,,,,,,,,,,,,,,-0.005856,0.111447,1.031205,3.150000,-2.870000,43.889999
35947,,,,,,,,,,,,,60.945374,66.058342,0.278751,0.276449,,,,0.336982,1.242435,-1.427191,,,,,,
35956,,,,,,,,,,,,,,,,,,,,,,,-0.005856,0.111447,1.031205,-15.190000,7.350000,33.950001
35954,,,,,,,,,,,,,,,,,,,,0.338219,1.232167,-1.419845,,,,,,
35957,,,,,,,,,,,,,61.207291,66.060890,0.277094,0.276716,,,,,,,,,,,,
35966,,,,,,,,,,,,,,,,,,,,,,,0.005368,0.112850,1.035475,-8.470000,-7.420000,24.780001
35965,,,,,,,,,,,,,,,,,,,,0.339730,1.221765,-1.412597,,,,,,
35967,,,,,,,,,,,,,61.879341,66.509453,0.271201,0.272434,,,,,,,,,,,,
35976,,,,,,,,,,,,,,,,,,,,,,,0.005368,0.112850,1.035475,-30.940001,-12.600000,16.940001
35975,,,,,,,,,,,,,,,,,,,,0.341349,1.211503,-1.412604,,,,,,
35977,,,,,,,,,,,,,61.903450,66.345787,0.271782,0.274306,,,,,,,,,,,,
35980,,,,0.356865,1.183912,-1.480918,0.969324,0.886839,,,,,,,,,,,,,,,,,,,,
35981,,,,,,,,,,,68.298546,69.268211,,,,,0.029626,0.010982,-0.065940,,,,,,,,,
35989,,,,,,,,,,,,,62.612110,66.349892,0.288646,0.292293,,,,,,,,,,,,
35986,,,,,,,,,,,,,,,,,,,,0.342956,1.201497,-1.405345,,,,,,
35993,,,,,,,,,,,,,,,,,,,,0.344498,1.190973,-1.401690,0.007869,0.067527,1.022665,23.660000,3.220000,30.100000
35997,,,,,,,,,,,,,63.044861,66.189827,0.285369,0.294510,,,,,,,,,,,,
35998,,,,,,,,,,,,,,,,,,,,,,,-0.004331,-0.000488,0.959530,22.959999,12.880000,30.100000
36004,,,,,,,,,,,,,,,,,,,,0.345933,1.180572,-1.398094,,,,,,
36006,,,,,,,,,,,,,,,,,,,,,,,-0.004331,-0.000488,0.959530,7.630000,37.730000,27.790001
36007,,,,,,,,,,,,,63.412991,66.059166,0.282665,0.296458,,,,,,,,,,,,
36016,,,,,,,,,,,,,,,,,,,,,,,-0.004331,0.019337,1.015711,12.180000,29.400000,20.230000
36014,,,,,,,,,,,,,,,,,,,,0.347386,1.169471,-1.394505,,,,,,
36017,,,,,,,,,,,,,63.808620,66.585266,0.279606,0.291734,,,,,,,,,,,,
36026,,,,,,,,,,,,,,,,,,,,,,,0.019581,0.019337,1.015711,14.770000,23.799999,21.070000
36024,,,,,,,,,,,,,,,,,,,,0.348980,1.158650,-1.390933,,,,,,
36027,,,,,,,,,,,,,64.071228,66.953949,0.277826,0.288510,,,,,,,,,,,,
36031,,,,0.362258,1.132866,-1.452062,1.008565,0.681482,,,70.748795,70.661880,,,,,0.027700,0.008300,-0.061862,,,,,,,,,
36037,,,,,,,,,,,,,64.115005,67.614792,0.303217,0.296447,,,,,,,0.004453,0.048556,1.082079,12.040000,-6.510000,25.200001
36035,,,,,,,,,,,,,,,,,,,,0.350536,1.148217,-1.383771,,,,,,
36049,,,,,,,,,,,,,64.978233,67.922958,0.295739,0.293914,,,,,,,,,,,,
36045,,,,,,,,,,,,,,,,,,,,0.352115,1.137571,-1.383719,,,,,,
36052,,,,,,,,,,,,,,,,,,,,,,,0.004453,0.048556,1.082079,-0.490000,-31.430000,26.530001
36057,,,,,,,,,,,,,65.455711,67.933403,0.292023,0.294355,,,,,,,-0.010553,0.079483,1.062681,-19.740000,-45.500000,20.299999
36055,,,,,,,,,,,,,,,,,,,,0.353941,1.127160,-1.376525,,,,,,
36066,,,,,,,,,,,,,,,,,,,,0.355902,1.116787,-1.372853,-0.010553,0.079483,1.062681,-1.820000,-54.110001,10.290000
36067,,,,,,,,,,,,,65.769402,68.417030,0.289882,0.289968,,,,,,,,,,,,
36073,,,,,,,,,,,,,,,,,,,,0.357844,1.106692,-1.369261,,,,,,
36076,,,,,,,,,,,,,,,,,,,,,,,0.015860,0.041846,1.019432,-9.380000,-10.150000,16.450001
36077,,,,,,,,,,,,,66.294968,68.522682,0.285517,0.289339,,,,,,,,,,,,
36080,,,,0.369063,1.080318,-1.433810,1.043957,0.471959,,,,,,,,,,,,,,,,,,,,
36081,,,,,,,,,,,73.683937,72.218719,,,,,0.027849,0.005696,-0.062788,,,,,,,,,
36094,,,,,,,,,,,,,,,,,,,,0.361757,1.084405,-1.365706,,,,,,
36101,,,,,,,,,,,,,66.482811,68.580177,0.314430,0.305060,,,,,,,,,,,,
36102,,,,,,,,,,,,,79.927315,57.703354,0.178737,0.416731,,,,,,,,,,,,
36105,,,,,,,,,,,,,,,,,,,,,,,0.015860,0.041846,1.019432,24.990000,32.900002,15.120000
36104,,,,,,,,,,,,,,,,,,,,0.363633,1.073452,-1.358598,,,,,,
36107,,,,,,,,,,,,,77.583717,60.951057,0.201393,0.386508,,,,,,,,,,,,
36110,,,,,,,,,,,,,,,,,,,,,,,0.047397,-0.011651,0.854976,19.040001,12.670000,11.410000
36116,,,,,,,,,,,,,,,,,,,,,,,-0.020374,0.025559,1.130391,14.910000,4.760000,20.090000
36114,,,,,,,,,,,,,,,,,,,,0.365623,1.062013,-1.355091,,,,,,
36117,,,,,,,,,,,,,74.647652,63.408440,0.230560,0.363696,,,,,,,,,,,,
36121,,,,,,,,,,,,,,,,,,,,,,,-0.020374,0.025559,1.130391,16.030001,-6.790000,46.900002
36126,,,,,,,,,,,,,,,,,,,,,,,-0.020374,0.025559,1.130391,22.190001,-20.650000,78.400002
36124,,,,,,,,,,,,,,,,,,,,0.367505,1.051291,-1.351503,,,,,,
36127,,,,,,,,,,,,,73.027115,65.183899,0.246897,0.347348,,,,,,,,,,,,
36131,,,,0.376740,1.026470,-1.426449,1.074699,0.257184,,,,,,,,,,,,,,,,,,,,
36132,,,,,,,,,,,76.580063,72.129654,,,,,0.026455,0.002838,-0.087047,,,,,,,,,
36137,,,,,,,,,,,,,71.104782,67.725426,0.296177,0.321923,,,,,,,-0.024400,0.059231,1.065487,1.190000,-24.010000,134.889999
36135,,,,,,,,,,,,,,,,,,,,0.369462,1.040247,-1.333773,,,,,,
36149,,,,,,,,,,,,,70.826576,69.358063,0.300110,0.306151,,,,,,,,,,,,
36145,,,,,,,,,,,,,,,,,,,,0.371661,1.029476,-1.305737,,,,,,
36151,,,,,,,,,,,,,,,,,,,,,,,-0.024400,0.059231,1.065487,-6.090000,-28.770000,164.850006
36157,,,,,,,,,,,,,69.629814,70.544853,0.313467,0.294600,,,,,,,-0.028853,0.203374,0.989908,1.680000,-10.850000,170.520004
36155,,,,,,,,,,,,,,,,,,,,0.373900,1.018679,-1.278025,,,,,,
36166,,,,,,,,,,,,,,,,,,,,0.376455,1.008027,-1.250576,-0.028853,0.203374,0.989908,-19.670000,-3.080000,156.240005
36167,,,,,,,,,,,,,68.986916,71.399002,0.321415,0.286205,,,,,,,,,,,,
36173,,,,,,,,,,,,,,,,,,,,0.379358,0.997084,-1.223402,,,,,,
36176,,,,,,,,,,,,,,,,,,,,,,,0.051301,0.278221,0.987224,16.870001,2.170000,136.990005
36177,,,,,,,,,,,,,68.442848,72.114052,0.328483,0.279058,,,,,,,,,,,,
36180,,,,0.384672,0.971520,-1.430325,1.100102,0.036078,,,,,,,,,,,,,,,,,,,,
36181,,,,,,,,,,,81.528557,67.601303,,,,,0.025656,-0.003865,-0.202659,,,,,,,,,
36184,,,,,,,,,,,,,,,,,,,,0.382573,0.985904,-1.199829,,,,,,
36187,,,,,,,,,,,,,,,,,,,,,,,0.051301,0.278221,0.987224,9.450000,12.530000,111.440002
36188,,,,,,,,,,,,,68.698868,72.292870,0.377974,0.231048,,,,,,,,,,,,
36196,,,,,,,,,,,,,,,,,,,,,,,0.037149,0.266448,1.004731,5.810000,5.110000,90.930000
36194,,,,,,,,,,,,,,,,,,,,0.385890,0.974866,-1.183089,,,,,,
36197,,,,,,,,,,,,,69.154091,72.178085,0.375896,0.231280,,,,,,,,,,,,
36209,,,,,,,,,,,,,69.782707,71.881081,0.371959,0.233394,,,,,,,,,,,,
36204,,,,,,,,,,,,,,,,,,,,0.389386,0.964189,-1.169770,,,,,,
36212,,,,,,,,,,,,,,,,,,,,,,,0.037149,0.266448,1.004731,-11.130000,-5.670000,17.500000
36215,,,,,,,,,,,,,,,,,,,,0.393574,0.953355,-1.159846,,,,,,
36217,,,,,,,,,,,,,,,,,,,,,,,0.026535,0.224846,0.996313,-2.590000,7.280000,-17.780001
36218,,,,,,,,,,,,,70.813293,71.305374,0.363797,0.238410,,,,,,,,,,,,
36226,,,,,,,,,,,,,,,,,,,,,,,0.026535,0.224846,1.045113,-28.490000,-2.030000,-58.029999
36227,,,,,,,,,,,,,71.774864,70.447105,0.356132,0.246424,,,,,,,,,,,,
36225,,,,,,,,,,,,,,,,,,,,0.397691,0.942863,-1.166469,,,,,,
36231,,,,0.392182,0.915681,-1.445830,1.119646,-0.192413,,,84.104546,63.781765,,,,,0.023018,-0.015504,-0.268572,,,,,,,,,
36237,,,,,,,,,,,,,73.171455,69.831657,0.370112,0.213173,,,,,,,-0.003233,0.158234,1.045113,-4.270000,-0.140000,-90.930000
36235,,,,,,,,,,,,,,,,,,,,0.402254,0.932109,-1.179780,,,,,,
36246,,,,,,,,,,,,,,,,,,,,0.406826,0.921517,-1.196503,0.022265,-0.040443,0.973316,-20.230000,-2.310000,-115.290001
36247,,,,,,,,,,,,,74.351768,68.762245,0.360260,0.222871,,,,,,,,,,,,
36253,,,,,,,,,,,,,,,,,,,,0.411286,0.910772,-1.220028,,,,,,
36256,,,,,,,,,,,,,,,,,,,,,,,0.022265,-0.040443,0.973316,-2.100000,-4.200000,-151.339996
36257,,,,,,,,,,,,,75.174889,67.729408,0.353814,0.232410,,,,,,,,,,,,
36268,,,,,,,,,,,,,76.538315,66.952141,0.341693,0.239549,,,,,,,,,,,,
36264,,,,,,,,,,,,,,,,,,,,0.415350,0.900156,-1.250602,,,,,,
36271,,,,,,,,,,,,,,,,,,,,,,,-0.028731,-0.250161,0.977403,3.010000,9.380000,-197.539993
36277,,,,,,,,,,,,,77.697861,65.832474,0.331379,0.250335,,,,,,,-0.028731,-0.250161,0.977403,0.980000,16.240000,-216.020004
36275,,,,,,,,,,,,,,,,,,,,0.419290,0.889085,-1.281492,,,,,,
36281,,,,0.398547,0.859182,-1.473397,1.133038,-0.429227,,,84.241806,67.888420,,,,,0.022922,-0.027846,-0.184101,,,,,,,,,
36287,,,,,,,,,,,,,,,0.325032,0.301311,,,,,,,-0.023973,-0.354532,0.985394,-0.070000,9.030000,-233.800003
36288,,,,,,,,,,,,,78.583061,64.901260,,,,,,,,,,,,,,
36285,,,,,,,,,,,,,,,,,,,,0.422826,0.878022,-1.319762,,,,,,
36296,,,,,,,,,,,,,,,,,,,,,,,-0.023973,-0.354532,0.985394,13.790000,6.930000,-248.149994
36297,,,,,,,,,,,,,78.827904,65.005470,0.323666,0.300846,,,,,,,,,,,,
36295,,,,,,,,,,,,,,,,,,,,0.426238,0.866888,-1.362159,,,,,,
36309,,,,,,,,,,,,,79.860413,65.072144,0.314217,0.300742,,,,,,,,,,,,
36303,,,,,,,,,,,,,,,,,,,,0.429012,0.855428,-1.405354,,,,,,
36312,,,,,,,,,,,,,,,,,,,,,,,-0.043554,-0.437431,1.080127,8.750000,-9.310000,-232.119995
36317,,,,,,,,,,,,,,,,,,,,,,,-0.043554,-0.437431,1.080127,-22.959999,-25.690001,-220.149994
36318,,,,,,,,,,,,,80.190796,64.498886,0.311723,0.307153,,,,,,,,,,,,
36316,,,,,,,,,,,,,,,,,,,,0.431446,0.844164,-1.445509,,,,,,
36326,,,,,,,,,,,,,,,,,,,,0.433705,0.833071,-1.482734,0.027511,-0.392962,1.005341,-19.809999,-25.969999,-207.339996
36327,,,,,,,,,,,,,80.221222,64.700104,0.312223,0.305778,,,,,,,,,,,,
36330,,,,0.403017,0.802292,-1.513483,1.140252,-0.675012,,,,,,,,,,,,,,,,,,,,
36331,,,,,,,,,,,82.683922,75.382263,,,,,0.027777,-0.033169,-0.035493,,,,,,,,,
36333,,,,,,,,,,,,,,,,,,,,0.435529,0.821707,-1.520571,,,,,,
36337,,,,,,,,,,,,,80.793938,65.075310,0.291295,0.379026,,,,,,,0.027511,-0.392962,1.005341,-7.000000,-3.500000,-192.009995
36346,,,,,,,,,,,,,,,,,,,,0.436877,0.810131,-1.551414,0.016531,-0.421998,1.038220,-26.600000,0.210000,-177.520004
36347,,,,,,,,,,,,,80.470833,65.541885,0.294969,0.376328,,,,,,,,,,,,
36353,,,,,,,,,,,,,,,,,,,,0.437859,0.798434,-1.578575,,,,,,
36356,,,,,,,,,,,,,,,,,,,,,,,0.016531,-0.421998,1.038220,7.980000,-17.080000,-159.389999
36357,,,,,,,,,,,,,80.323471,66.665276,0.296915,0.366838,,,,,,,,,,,,
36369,,,,,,,,,,,,,79.951813,68.001747,0.301178,0.354949,,,,,,,,,,,,
36363,,,,,,,,,,,,,,,,,,,,0.438249,0.786913,-1.605716,,,,,,
36372,,,,,,,,,,,,,,,,,,,,,,,0.039101,-0.388936,0.995032,-11.480000,-18.690001,-98.980003
36377,,,,,,,,,,,,,79.706924,68.997643,0.304222,0.346267,,,,,,,0.039101,-0.388936,0.995032,6.160000,27.510000,-71.540001
36376,,,,,,,,,,,,,,,,,,,,0.438453,0.775146,-1.621051,,,,,,
36380,,,,0.404835,0.745330,-1.566530,1.141563,-0.929909,,,,,,,,,,,,,,,,,,,,
36381,,,,,,,,,,,81.295616,78.700531,,,,,0.031049,-0.032148,0.047977,,,,,,,,,
36383,,,,,,,,,,,,,,,,,,,,0.438034,0.762856,-1.632356,,,,,,
36387,,,,,,,,,,,,,78.907974,69.897186,0.298806,0.372215,,,,,,,0.058926,-0.314821,0.959713,20.510000,53.410000,-54.250000
36393,,,,,,,,,,,,,,,,,,,,0.437431,0.750620,-1.643675,,,,,,
36396,,,,,,,,,,,,,,,,,,,,,,,0.058926,-0.314821,0.959713,4.970000,33.459999,-35.770000
36397,,,,,,,,,,,,,78.553314,70.971634,0.302901,0.363016,,,,,,,,,,,,
36404,,,,,,,,,,,,,,,,,,,,0.436557,0.738622,-1.651115,,,,,,
36407,,,,,,,,,,,,,78.139740,71.760513,0.307668,0.356516,,,,,,,0.041907,-0.287432,0.987895,12.460000,13.930000,-11.060000
36416,,,,,,,,,,,,,,,,,,,,,,,0.041907,-0.287432,0.987895,-5.390000,-16.240000,10.500000
36414,,,,,,,,,,,,,,,,,,,,0.435471,0.726207,-1.651115,,,,,,
36417,,,,,,,,,,,,,77.712357,72.888771,0.312658,0.346395,,,,,,,,,,,,
36429,,,,,,,,,,,,,77.219917,73.634666,0.318398,0.339949,,,,,,,,,,,,
36431,,,,0.403262,0.688679,-1.632924,1.137555,-1.193272,,,,,,,,,,,,,,,,,,,,
36432,,,,,,,,,,,85.205597,78.756302,,,,,0.038717,-0.029477,0.012376,,,,,,,,,
36425,,,,,,,,,,,,,,,,,,,,0.434348,0.714456,-1.647401,,,,,,
36434,,,,,,,,,,,,,,,,,,,,,,,0.052094,-0.128100,1.144055,-4.690000,-7.280000,30.940001
36435,,,,,,,,,,,,,,,,,,,,0.433268,0.702327,-1.643678,,,,,,
36437,,,,,,,,,,,,,77.172241,74.797684,0.359581,0.329669,,,,,,,,,,,,
36440,,,,,,,,,,,,,,,,,,,,,,,0.018727,-0.007991,1.004548,-24.780001,-6.440000,32.900002
36446,,,,,,,,,,,,,,,,,,,,0.432113,0.690001,-1.636055,0.018727,-0.007991,1.004548,-1.330000,0.140000,36.750000
36447,,,,,,,,,,,,,77.688080,75.690125,0.355926,0.321358,,,,,,,,,,,,
36453,,,,,,,,,,,,,,,,,,,,0.431065,0.677626,-1.632396,,,,,,
36456,,,,,,,,,,,,,,,,,,,,,,,0.064355,0.034099,0.954833,7.770000,4.480000,30.309999
36457,,,,,,,,,,,,,77.466476,75.785400,0.359690,0.320999,,,,,,,,,,,,
36469,,,,,,,,,,,,,77.940521,76.526062,0.356403,0.314038,,,,,,,,,,,,
36463,,,,,,,,,,,,,,,,,,,,0.429979,0.665075,-1.624741,,,,,,
36472,,,,,,,,,,,,,,,,,,,,,,,0.064355,0.034099,0.954833,19.530001,-12.950000,8.190000
36477,,,,,,,,,,,,,78.710159,77.520035,0.350005,0.304346,,,,0.428726,0.652444,-1.620877,0.033184,0.015067,0.948367,1.190000,7.350000,-2.030000
36481,,,,0.397604,0.632809,-1.712939,1.129094,-1.463420,,,84.075172,68.888222,,,,,0.022041,-0.030201,-0.090006,,,,,,,,,
36484,,,,,,,,,,,,,,,,,,,,0.427751,0.639778,-1.620820,,,,,,
36487,,,,,,,,,,,,,,,,,,,,,,,0.033184,0.015067,0.948367,3.850000,29.190001,-19.040001
36488,,,,,,,,,,,,,78.975754,77.443176,0.337065,0.204723,,,,,,,,,,,,
36496,,,,,,,,,,,,,,,,,,,,,,,0.046360,0.019276,1.120631,-3.220000,18.129999,-24.850000
36494,,,,,,,,,,,,,,,,,,,,0.426788,0.626448,-1.628251,,,,,,
36497,,,,,,,,,,,,,79.327698,76.282166,0.334495,0.214854,,,,,,,,,,,,
36506,,,,,,,,,,,,,,,,,,,,,,,0.046360,0.019276,1.120631,17.920000,2.030000,-41.650002
36507,,,,,,,,,,,,,79.907478,75.151443,0.329531,0.224909,,,,,,,,,,,,
36504,,,,,,,,,,,,,,,,,,,,0.425811,0.613968,-1.632056,,,,,,
36516,,,,,,,,,,,,,,,,,,,,,,,-0.110898,-0.082777,1.080554,-2.800000,10.710000,-88.269997
36515,,,,,,,,,,,,,,,,,,,,0.424673,0.600869,-1.639477,,,,,,
36517,,,,,,,,,,,,,80.349083,74.161530,0.325860,0.233753,,,,,,,,,,,,
36528,,,,,,,,,,,,,80.979279,73.384933,0.320177,0.240620,,,,,,,,,,,,
36531,,,,0.387244,0.578284,-1.806681,1.117275,-1.737533,,,86.655579,65.192268,,,,,,,,,,,,,,,,
36532,,,,,,,,,,,,,,,,,0.024744,-0.035402,-0.157557,,,,,,,,,
36525,,,,,,,,,,,,,,,,,,,,0.423621,0.588068,-1.658337,,,,,,
36534,,,,,,,,,,,,,,,,,,,,,,,-0.110898,-0.082777,1.080554,8.260000,26.320000,-139.089996
36537,,,,,,,,,,,,,81.018456,72.696198,0.346717,0.209047,,,,,,,,,,,,
36535,,,,,,,,,,,,,,,,,,,,0.422369,0.575520,-1.680662,,,,,,
36539,,,,,,,,,,,,,,,,,,,,,,,-0.148047,-0.145241,0.848510,9.520000,28.559999,-154.839996
36546,,,,,,,,,,,,,,,,,,,,,,,-0.148047,-0.145241,0.848510,7.980000,19.320000,-168.490005
36547,,,,,,,,,,,,,81.864670,71.575340,0.339213,0.218979,,,,,,,,,,,,
36545,,,,,,,,,,,,,,,,,,,,0.420950,0.562812,-1.709909,,,,,,
36556,,,,,,,,,,,,,,,,,,,,0.419391,0.550361,-1.739112,-0.111874,-0.286578,1.036207,4.830000,20.299999,-185.639999
36557,,,,,,,,,,,,,82.561539,70.620750,0.333063,0.227439,,,,,,,,,,,,
36563,,,,,,,,,,,,,,,,,,,,0.417605,0.538235,-1.775012,,,,,,
36566,,,,,,,,,,,,,,,,,,,,,,,-0.111874,-0.286578,1.036207,9.310000,11.970000,-217.699997
36567,,,,,,,,,,,,,83.178192,69.292160,0.327592,0.239905,,,,,,,,,,,,
36576,,,,,,,,,,,,,,,,,,,,,,,-0.150365,-0.368745,0.953796,10.080000,16.379999,-242.550003
36574,,,,,,,,,,,,,,,,,,,,0.415367,0.525773,-1.817413,,,,,,
36577,,,,,,,,,,,,,83.628349,68.670509,0.323696,0.245426,,,,,,,,,,,,
36580,,,,0.371670,0.525775,-1.914057,1.103324,-2.011831,,,,,,,,,,,,,,,,,,,,
36581,,,,,,,,,,,81.310669,62.702293,,,,,0.011929,-0.041932,-0.094296,,,,,,,,,
36589,,,,,,,,,,,,,84.339470,68.027390,0.262530,0.225892,,,,,,,,,,,,
36585,,,,,,,,,,,,,,,,,,,,0.413023,0.513980,-1.859158,,,,,,
36592,,,,,,,,,,,,,,,,,,,,,,,-0.150365,-0.368745,0.953796,-14.560000,4.690000,-263.690002
36595,,,,,,,,,,,,,,,,,,,,0.410262,0.502029,-1.907266,,,,,,
36598,,,,,,,,,,,,,83.851814,66.611763,0.266898,0.239267,,,,,,,-0.122366,-0.421693,0.989786,9.870000,-1.750000,-268.869995
36606,,,,,,,,,,,,,,,,,,,,,,,-0.122366,-0.421693,0.989786,1.960000,-5.530000,-269.149994
36607,,,,,,,,,,,,,83.541779,65.943413,0.269552,0.245302,,,,,,,,,,,,
36605,,,,,,,,,,,,,,,,,,,,0.407088,0.490329,-1.951152,,,,,,
36613,,,,,,,,,,,,,,,,,,,,0.403382,0.478941,-1.994233,,,,,,
36616,,,,,,,,,,,,,,,,,,,,,,,-0.102358,-0.503860,1.003084,10.850000,-1.820000,-243.110001
36617,,,,,,,,,,,,,82.893402,64.798828,0.275720,0.256328,,,,,,,,,,,,
36623,,,,,,,,,,,,,,,,,,,,0.399169,0.467882,-2.036697,,,,,,
36626,,,,,,,,,,,,,,,,,,,,,,,-0.102358,-0.503860,1.003084,13.510000,6.440000,-226.169998
36627,,,,,,,,,,,,,82.887810,64.377708,0.275460,0.260204,,,,,,,,,,,,
36631,,,,0.350514,0.476067,-2.034784,1.088478,-2.282232,,,79.052864,65.257858,,,,,,,,,,,,,,,,
36632,,,,,,,,,,,,,,,,,0.014669,-0.046810,-0.002560,,,,,,,,,
36634,,,,,,,,,,,,,,,,,,,,0.394525,0.457113,-2.078758,,,,,,
36637,,,,,,,,,,,,,82.366440,64.161911,0.257433,0.288137,,,,,,,-0.197518,-0.495381,0.936594,19.600000,2.520000,-213.080002
36649,,,,,,,,,,,,,81.832016,63.730526,0.262221,0.292757,,,,,,,,,,,,
36645,,,,,,,,,,,,,,,,,,,,0.389433,0.446676,-2.113986,,,,,,
36652,,,,,,,,,,,,,,,,,,,,,,,-0.197518,-0.495381,1.123559,7.980000,-5.600000,-182.559998
36657,,,,,,,,,,,,,81.130226,63.853500,0.268824,0.291808,,,,,,,-0.146522,-0.566141,1.123559,26.250000,-11.620000,-171.149994
36655,,,,,,,,,,,,,,,,,,,,0.383931,0.436628,-2.145475,,,,,,
36666,,,,,,,,,,,,,,,,,,,,0.378183,0.426852,-2.173847,-0.146522,-0.432429,0.950685,9.450000,-18.830000,-147.070007
36667,,,,,,,,,,,,,80.033836,64.376167,0.279592,0.286757,,,,,,,,,,,,
36673,,,,,,,,,,,,,,,,,,,,0.372082,0.417531,-2.201844,,,,,,
36676,,,,,,,,,,,,,,,,,,,,,,,-0.112423,-0.432429,0.950685,19.250000,-25.270000,-134.050003
36677,,,,,,,,,,,,,79.415802,65.143684,0.285699,0.279105,,,,,,,,,,,,
36680,,,,0.323581,0.430061,-2.168463,1.073857,-2.545466,,,,,,,,,,,,,,,,,,,,
36681,,,,,,,,,,,78.885712,65.581192,,,,,0.018268,-0.046614,0.024652,,,,,,,,,
36690,,,,,,,,,,,,,78.970589,65.226295,0.288463,0.281583,,,,,,,,,,,,
36684,,,,,,,,,,,,,,,,,,,,0.365833,0.408388,-2.223594,,,,,,
36692,,,,,,,,,,,,,,,,,,,,,,,-0.099247,-0.421937,1.175653,5.950000,-50.540001,-95.760002
36694,,,,,,,,,,,,,,,,,,,,0.359252,0.399575,-2.239172,,,,,,
36697,,,,,,,,,,,,,,,,,,,,,,,-0.099247,-0.421937,1.175653,-1.470000,-63.139999,-93.519997
36698,,,,,,,,,,,,,78.554276,65.644447,0.292692,0.277389,,,,,,,,,,,,
36706,,,,,,,,,,,,,,,,,,,,,,,-0.044652,-0.228994,0.929518,-12.390000,-73.849998,-86.660004
36707,,,,,,,,,,,,,78.509155,65.873459,0.293219,0.275041,,,,,,,,,,,,
36708,,,,,,,,,,,,,,,,,,,,0.352718,0.390968,-2.254628,,,,,,
36716,,,,,,,,,,,,,,,,,,,,,,,-0.044652,-0.228994,0.929518,-8.120000,-68.040001,-79.800003
36715,,,,,,,,,,,,,,,,,,,,0.346175,0.382556,-2.270097,,,,,,
36717,,,,,,,,,,,,,78.459305,66.210022,0.293803,0.271549,,,,,,,,,,,,
36726,,,,,,,,,,,,,,,,,,,,,,,-0.059231,-0.211060,1.003328,10.430000,31.639999,-74.760002
36727,,,,,,,,,,,,,77.709488,66.289246,0.301536,0.270615,,,,,,,,,,,,
36725,,,,,,,,,,,,,,,,,,,,0.339022,0.374176,-2.285385,,,,,,
36731,,,,0.290889,0.388764,-2.314724,1.060373,-2.800437,,,80.990417,62.977356,,,,,0.020384,-0.045698,-0.026073,,,,,,,,,
36737,,,,,,,,,,,,,77.260201,66.031830,0.327822,0.246540,,,,,,,-0.059231,-0.211060,1.003328,11.130000,45.570000,-76.930000
36735,,,,,,,,,,,,,,,,,,,,0.331439,0.365391,-2.300491,,,,,,
36749,,,,,,,,,,,,,76.731453,65.876930,0.333961,0.247509,,,,,,,,,,,,
36746,,,,,,,,,,,,,,,,,,,,0.323550,0.356828,-2.309544,,,,,,
36752,,,,,,,,,,,,,,,,,,,,,,,0.032879,-0.192760,0.983869,6.790000,28.629999,-84.699997
36757,,,,,,,,,,,,,76.862778,65.140106,0.333474,0.254445,,,,,,,0.032879,-0.192760,0.983869,11.130000,10.220000,-91.139999
36756,,,,,,,,,,,,,,,,,,,,0.315596,0.348264,-2.324611,,,,,,
36764,,,,,,,,,,,,,,,,,,,,0.307803,0.340007,-2.339580,,,,,,
36766,,,,,,,,,,,,,,,,,,,,,,,-0.021167,-0.184586,1.002840,5.600000,-1.120000,-108.919998
36767,,,,,,,,,,,,,77.089363,64.968262,0.331988,0.255765,,,,,,,,,,,,
36774,,,,,,,,,,,,,,,,,,,,0.299856,0.331918,-2.360581,,,,,,
36777,,,,,,,,,,,,,77.421379,65.038620,0.329382,0.254649,,,,,,,-0.021167,-0.184586,1.002840,-16.730000,-22.680000,-127.050003
36781,,,,0.252695,0.353276,-2.473376,1.048699,-3.049284,,,82.853065,57.902309,,,,,0.018610,-0.048230,-0.110559,,,,,,,,,
36790,,,,,,,,,,,,,77.545540,65.415901,0.347828,0.198623,,,,,,,,,,,,
36784,,,,,,,,,,,,,,,,,,,,0.292246,0.323971,-2.384573,,,,,,
36792,,,,,,,,,,,,,,,,,,,,,,,-0.034343,-0.199165,1.125877,-6.790000,-27.580000,-155.889999
36794,,,,,,,,,,,,,,,,,,,,0.284249,0.316152,-2.411384,,,,,,
36797,,,,,,,,,,,,,78.230309,64.969490,0.341905,0.201674,,,,,,,,,,,,
36798,,,,,,,,,,,,,,,,,,,,,,,-0.034343,-0.199165,1.125877,-2.520000,-1.260000,-161.979996
36806,,,,,,,,,,,,,,,,,,,,,,,-0.028060,-0.238144,0.942511,-12.180000,3.920000,-167.089996
36807,,,,,,,,,,,,,78.387672,63.952274,0.341224,0.210636,,,,,,,,,,,,
36805,,,,,,,,,,,,,,,,,,,,0.275947,0.308326,-2.440954,,,,,,
36816,,,,,,,,,,,,,,,,,,,,,,,-0.028060,-0.238144,0.942511,-6.090000,18.480000,-192.570007
36817,,,,,,,,,,,,,79.163094,62.614582,0.334208,0.223071,,,,,,,,,,,,
36815,,,,,,,,,,,,,,,,,,,,0.267470,0.300476,-2.470322,,,,,,
36826,,,,,,,,,,,,,,,,,,,,0.258508,0.293025,-2.505349,-0.007930,-0.331352,1.003572,20.650000,14.350000,-225.050003
36827,,,,,,,,,,,,,79.223137,61.459778,0.334334,0.233907,,,,,,,,,,,,
36830,,,,0.209530,0.324762,-2.644544,1.039374,-3.297262,,,,,,,,,,,,,,,,,,,,
36831,,,,,,,,,,,84.167374,56.588306,,,,,0.021186,-0.053945,-0.129203,,,,,,,,,
36837,,,,,,,,,,,,,79.971046,61.297401,0.340837,0.221449,,,,,,,-0.007930,-0.331352,1.011319,13.090000,11.830000,-252.839996
36836,,,,,,,,,,,,,,,,,,,,0.249460,0.285918,-2.543138,,,,,,
36851,,,,,,,,,,,,,80.501862,60.903324,0.336262,0.224527,,,,,,,,,,,,
36846,,,,,,,,,,,,,,,,,,,,0.240320,0.279075,-2.589303,,,,,,
36853,,,,,,,,,,,,,,,,,,,,,,,-0.093025,-0.411323,1.011319,5.180000,-1.330000,-271.739990
36854,,,,,,,,,,,,,,,,,,,,0.231091,0.272684,-2.635184,,,,,,
36857,,,,,,,,,,,,,81.333267,59.986271,0.328515,0.233018,,,,,,,,,,,,
36859,,,,,,,,,,,,,,,,,,,,,,,-0.038979,-0.453901,0.965081,11.550000,-0.910000,-278.250000
36866,,,,,,,,,,,,,,,,,,,,,,,-0.038979,-0.453901,0.965081,11.270000,-23.240000,-287.420013
36864,,,,,,,,,,,,,,,,,,,,0.221468,0.266826,-2.686436,,,,,,
36867,,,,,,,,,,,,,81.510681,59.190361,0.327272,0.240456,,,,,,,,,,,,
36876,,,,,,,,,,,,,,,,,,,,,,,-0.038979,-0.503555,1.065365,3.430000,-10.430000,-298.899994
36874,,,,,,,,,,,,,,,,,,,,0.211821,0.261370,-2.737455,,,,,,
36877,,,,,,,,,,,,,81.777458,59.148785,0.325082,0.240360,,,,,,,,,,,,
36881,,,,0.162218,0.304415,-2.828607,1.033032,-3.550783,,,85.605377,59.106716,,,,,0.028644,-0.058636,-0.090566,,,,,,,,,
36887,,,,,,,,,,,,,82.353394,58.624683,0.334353,0.270882,,,,,,,-0.045811,-0.503555,1.065365,0.420000,-19.110001,-305.339996
36885,,,,,,,,,,,,,,,,,,,,0.202197,0.256283,-2.791044,,,,,,
36896,,,,,,,,,,,,,,,,,,,,,,,-0.021167,-0.518439,1.039501,2.170000,-13.020000,-303.100006
36897,,,,,,,,,,,,,82.613228,58.014469,0.332353,0.277202,,,,,,,,,,,,
36895,,,,,,,,,,,,,,,,,,,,0.192125,0.251382,-2.844345,,,,,,
36909,,,,,,,,,,,,,82.726685,57.781315,0.331794,0.279799,,,,,,,,,,,,
36906,,,,,,,,,,,,,,,,,,,,0.181882,0.247239,-2.897415,,,,,,
36912,,,,,,,,,,,,,,,,,,,,,,,-0.021167,-0.518439,1.039501,-2.520000,-0.980000,-291.059998
36913,,,,,,,,,,,,,,,,,,,,0.171428,0.243386,-2.947551,,,,,,
36917,,,,,,,,,,,,,82.667793,57.946884,0.332971,0.278375,,,,,,,0.034343,-0.517768,0.994361,-3.150000,1.470000,-284.480011
36924,,,,,,,,,,,,,,,,,,,,0.160981,0.240042,-2.997549,,,,,,
36926,,,,,,,,,,,,,,,,,,,,,,,0.034343,-0.517768,0.994361,10.850000,-7.000000,-281.540009
36927,,,,,,,,,,,,,82.654869,57.868290,0.333690,0.279409,,,,,,,,,,,,
36930,,,,0.111892,0.293405,-3.025908,1.030753,-3.813105,,,,,,,,,,,,,,,,,,,,
36931,,,,,,,,,,,87.779068,63.957882,,,,,0.040789,-0.059248,-0.028063,,,,,,,,,
36934,,,,,,,,,,,,,,,,,,,,0.150243,0.237221,-3.047448,,,,,,
36937,,,,,,,,,,,,,82.983345,57.827904,0.353101,0.329550,,,,,,,0.031293,-0.483730,0.878522,2.380000,9.660000,-273.070007
36946,,,,,,,,,,,,,,,,,,,,,,,0.031293,-0.483730,0.878522,14.000000,11.830000,-266.000000
36944,,,,,,,,,,,,,,,,,,,,0.139066,0.234859,-3.094532,,,,,,
36947,,,,,,,,,,,,,82.573647,58.635803,0.358240,0.322536,,,,,,,,,,,,
36956,,,,,,,,,,,,,,,,,,,,,,,0.064294,-0.579744,1.069391,8.960000,2.590000,-253.960007
36955,,,,,,,,,,,,,,,,,,,,0.127736,0.233019,-3.141577,,,,,,
36957,,,,,,,,,,,,,82.710579,59.261002,0.357884,0.317223,,,,,,,,,,,,
36968,,,,,,,,,,,,,83.378571,59.709274,0.352084,0.313590,,,,,,,,,,,,
36965,,,,,,,,,,,,,,,,,,,,0.116608,0.231891,3.100093,,,,,,
36972,,,,,,,,,,,,,,,,,,,,,,,0.064294,-0.579744,1.069391,18.200001,-9.380000,-238.000000
36977,,,,,,,,,,,,,83.286308,60.386513,0.353905,0.307532,,,,,,,0.098637,-0.527894,1.018883,15.330000,-8.050000,-237.020004
36975,,,,,,,,,,,,,,,,,,,,0.105582,0.231167,3.055787,,,,,,
36980,,,,0.059997,0.292813,3.047071,1.034453,-4.078121,,,,,,,,,,,,,,,,,,,,
36981,,,,,,,,,,,90.848831,66.580475,,,,,0.050019,-0.057314,-0.014317,,,,,,,,,
36983,,,,,,,,,,,,,,,,,,,,0.094508,0.230946,3.016973,,,,,,
36987,,,,,,,,,,,,,,,,,,,,,,,0.098637,-0.527894,1.018883,-0.840000,3.500000,-229.110001
36988,,,,,,,,,,,,,83.229034,61.330761,0.386700,0.325365,,,,,,,,,,,,
36993,,,,,,,,,,,,,,,,,,,,0.082597,0.231184,2.975368,,,,,,
36996,,,,,,,,,,,,,,,,,,,,,,,0.076860,-0.515450,1.037915,8.960000,-6.790000,-230.440002
36997,,,,,,,,,,,,,83.632126,62.249699,0.384112,0.317042,,,,,,,,,,,,
37009,,,,,,,,,,,,,83.919724,62.657459,0.382622,0.313749,,,,,,,,,,,,
37004,,,,,,,,,,,,,,,,,,,,0.071300,0.232063,2.933690,,,,,,
37012,,,,,,,,,,,,,,,,,,,,,,,0.076860,-0.515450,1.037915,22.540001,-33.180000,-216.580002
37017,,,,,,,,,,,,,84.391190,62.742630,0.379199,0.313665,,,,0.060202,0.233256,2.897446,0.106506,-0.478606,0.989420,-27.719999,-13.790000,-216.720001
37026,,,,,,,,,,,,,,,,,,,,,,,0.106506,-0.478606,0.989420,-5.460000,9.800000,-224.770004
37024,,,,,,,,,,,,,,,,,,,,0.048619,0.234818,2.861150,,,,,,
37027,,,,,,,,,,,,,84.664421,63.603973,0.377703,0.305647,,,,,,,,,,,,
37031,,,,0.008275,0.303557,2.825797,1.047130,-4.324263,,,95.024284,67.948799,,,,,0.057203,-0.054561,-0.038044,,,,,,,,,
37037,,,,,,,,,,,,,84.978004,63.959820,0.418331,0.316569,,,,,,,0.114497,-0.380579,0.858880,-2.870000,57.189999,-220.779999
37035,,,,,,,,,,,,,,,,,,,,0.036914,0.236914,2.824747,,,,,,
37046,,,,,,,,,,,,,,,,,,,,,,,0.114497,-0.380579,0.858880,8.330000,22.400000,-230.229996
37047,,,,,,,,,,,,,85.339638,64.333542,0.416652,0.313555,,,,,,,,,,,,
37045,,,,,,,,,,,,,,,,,,,,0.025045,0.239474,2.785443,,,,,,
37056,,,,,,,,,,,,,,,,,,,,,,,0.109861,-0.516182,1.039501,7.210000,6.160000,-233.800003
37057,,,,,,,,,,,,,85.975639,65.030907,0.412102,0.307165,,,,,,,,,,,,
37055,,,,,,,,,,,,,,,,,,,,0.012956,0.242830,2.743212,,,,,,
37063,,,,,,,,,,,,,,,,,,,,0.001664,0.246499,2.703564,,,,,,
37069,,,,,,,,,,,,,86.820091,65.248047,0.405298,0.305534,,,,,,,,,,,,
37072,,,,,,,,,,,,,,,,,,,,,,,0.109861,-0.516182,0.989908,10.640000,-7.280000,-248.429993
37073,,,,,,,,,,,,,,,,,,,,-0.009645,0.250504,2.658082,,,,,,
37077,,,,,,,,,,,,,87.649429,65.327560,0.398479,0.305263,,,,,,,0.117120,-0.490379,0.989908,13.930000,6.650000,-255.850006
37081,,,,-0.041267,0.326299,2.597422,1.072771,-4.513456,,,99.347054,69.863213,,,,,0.062837,-0.051657,-0.058813,,,,,,,,,
37087,,,,,,,,,,,,,88.425934,65.838982,0.436126,0.320098,,,,-0.021141,0.255021,2.612293,0.083997,-0.511729,1.022055,-17.219999,11.060000,-260.329987
37094,,,,,,,,,,,,,,,,,,,,-0.032510,0.259828,2.566226,,,,,,
37097,,,,,,,,,,,,,89.154228,66.177696,0.430882,0.317448,,,,,,,0.083997,-0.511729,1.022055,-1.960000,-16.450001,-270.130005
37106,,,,,,,,,,,,,,,,,,,,,,,0.087657,-0.545035,1.092022,-10.640000,-41.230000,-272.440002
37104,,,,,,,,,,,,,,,,,,,,-0.043485,0.264979,2.517014,,,,,,
37107,,,,,,,,,,,,,89.787933,66.078125,0.426457,0.319201,,,,,,,,,,,,
37116,,,,,,,,,,,,,,,,,,,,,,,0.087657,-0.545035,1.092022,3.710000,-42.840000,-276.290009
37115,,,,,,,,,,,,,,,,,,,,-0.054284,0.270857,2.470328,,,,,,
37117,,,,,,,,,,,,,90.970589,66.614578,0.416305,0.314486,,,,,,,,,,,,
37129,,,,,,,,,,,,,91.806015,67.272568,0.409459,0.308424,,,,,,,,,,,,
37131,,,,-0.086411,0.361350,2.367845,1.115664,-4.601423,,,,,,,,,,,,,,,,,,,,
37132,,,,,,,,,,,108.248940,75.713104,,,,,0.080202,-0.049396,-0.093541,,,,,,,,,
37125,,,,,,,,,,,,,,,,,,,,-0.064530,0.277208,2.423281,,,,,,
37135,,,,,,,,,,,,,,,,,,,,-0.075267,0.284459,2.378687,0.064416,-0.448167,0.890905,16.799999,-17.010000,-282.100006
37137,,,,,,,,,,,,,92.031456,67.164482,0.499467,0.369713,,,,,,,,,,,,
37140,,,,,,,,,,,,,,,,,,,,,,,0.064416,-0.448167,0.890905,6.090000,24.080000,-291.059998
37146,,,,,,,,,,,,,,,,,,,,,,,0.096075,-0.474092,0.942450,21.070000,12.040000,-294.279999
37147,,,,,,,,,,,,,93.378471,68.057274,0.488971,0.362317,,,,,,,,,,,,
37145,,,,,,,,,,,,,,,,,,,,-0.085420,0.291718,2.324749,,,,,,
37153,,,,,,,,,,,,,,,,,,,,-0.095509,0.299570,2.276214,,,,,,
37156,,,,,,,,,,,,,,,,,,,,,,,0.096075,-0.474092,0.942450,20.790001,-13.230000,-301.000000
37157,,,,,,,,,,,,,94.497375,68.797989,0.480533,0.356293,,,,,,,,,,,,
37163,,,,,,,,,,,,,,,,,,,,-0.105353,0.307525,2.221052,,,,,,
37166,,,,,,,,,,,,,,,,,,,,,,,0.157563,-0.475678,0.958188,-15.400000,-1.610000,-318.290009
37167,,,,,,,,,,,,,95.879112,69.890579,0.469189,0.346531,,,,,,,,,,,,
37174,,,,,,,,,,,,,,,,,,,,-0.114973,0.315775,2.161885,,,,,,
37176,,,,,,,,,,,,,,,,,,,,,,,0.157563,-0.475678,0.958188,-30.590000,17.290001,-323.470001
37177,,,,,,,,,,,,,97.137390,70.880051,0.458829,0.337603,,,,,,,,,,,,
37181,,,,-0.124821,0.408564,2.143619,1.179129,-4.559114,,,110.398666,83.227119,,,,,0.082255,-0.042638,-0.021379,,,,,,,,,
37189,,,,,,,,,,,,,,,0.470221,0.413631,,,,,,,,,,,,
37190,,,,,,,,,,,,,98.388107,71.035164,,,,,,,,,,,,,,
37184,,,,,,,,,,,,,,,,,,,,-0.124924,0.325347,2.108087,,,,,,
37193,,,,,,,,,,,,,,,,,,,,,,,0.169153,-0.485743,1.035658,18.760000,-0.910000,-344.959991
37194,,,,,,,,,,,,,,,,,,,,-0.133772,0.334443,2.050319,,,,,,
37197,,,,,,,,,,,,,98.829750,71.438805,0.468118,0.411952,,,,,,,,,,,,
37198,,,,,,,,,,,,,,,,,,,,,,,0.169153,-0.485743,1.035658,-17.990000,-13.020000,-344.329987
37206,,,,,,,,,,,,,,,,,,,,,,,0.154757,-0.544059,0.982771,26.110001,-14.210000,-349.019989
37205,,,,,,,,,,,,,,,,,,,,-0.142632,0.344062,1.991516,,,,,,
37207,,,,,,,,,,,,,99.698692,72.916359,0.461569,0.399238,,,,,,,,,,,,
37216,,,,,,,,,,,,,,,,,,,,,,,0.154757,-0.544059,0.982771,29.049999,-6.720000,-343.559998
37217,,,,,,,,,,,,,100.787247,74.872444,0.452606,0.381348,,,,,,,,,,,,
37215,,,,,,,,,,,,,,,,,,,,-0.150756,0.354121,1.928242,,,,,,
37231,,,,-0.154156,0.467239,1.930155,1.264017,-4.391523,,,,,,,,,,,,,,,,,,,,
37232,,,,,,,,,,,120.822632,96.163414,101.406456,76.068962,0.554536,0.502765,0.104861,-0.035821,-0.001493,,,,,,,,,
37223,,,,,,,,,,,,,,,,,,,,-0.158774,0.364468,1.866987,,,,,,
37235,,,,,,,,,,,,,,,,,,,,,,,0.122732,-0.408883,0.850584,-6.020000,-10.780000,-346.779999
37234,,,,,,,,,,,,,,,,,,,,-0.166379,0.375187,1.807801,,,,,,
37237,,,,,,,,,,,,,102.167404,77.239006,0.550658,0.494850,,,,,,,,,,,,
37240,,,,,,,,,,,,,,,,,,,,,,,0.149755,-0.468175,0.949709,5.740000,8.680000,-339.570007
37246,,,,,,,,,,,,,,,,,,,,,,,0.149755,-0.468175,0.949709,-33.459999,29.400000,-340.480011
37244,,,,,,,,,,,,,,,,,,,,-0.173737,0.386815,1.743571,,,,,,
37247,,,,,,,,,,,,,104.042038,79.780304,0.535268,0.472713,,,,,,,,,,,,
37256,,,,,,,,,,,,,,,,,,,,,,,0.149755,-0.468175,0.949709,10.500000,24.290001,-342.369995
37254,,,,,,,,,,,,,,,,,,,,-0.180588,0.397984,1.688638,,,,,,
37257,,,,,,,,,,,,,105.119270,81.958839,0.527636,0.453769,,,,,,,,,,,,
37266,,,,,,,,,,,,,,,,,,,,,,,0.229970,-0.505324,1.021933,-20.719999,-12.390000,-357.910004
37265,,,,,,,,,,,,,,,,,,,,-0.187330,0.409830,1.628444,,,,,,
37267,,,,,,,,,,,,,106.345673,84.146622,0.518267,0.434294,,,,,,,,,,,,
37276,,,,,,,,,,,,,,,,,,,,-0.193451,0.421458,1.566890,0.229970,-0.505324,1.021933,-14.280000,-40.110001,-347.200012
37277,,,,,,,,,,,,,107.672943,86.238045,0.507625,0.415365,,,,,,,,,,,,
37281,,,,-0.172232,0.536022,1.730538,1.367596,-4.136711,,,121.161713,111.359955,,,,,0.112848,-0.020578,0.149417,,,,,,,,,
37289,,,,,,,,,,,,,108.921532,88.137383,0.500978,0.552982,,,,,,,,,,,,
37283,,,,,,,,,,,,,,,,,,,,-0.199261,0.433625,1.505334,,,,,,
37293,,,,,,,,,,,,,,,,,,,,,,,0.217038,-0.420656,0.835273,14.210000,21.629999,-361.549988
37294,,,,,,,,,,,,,,,,,,,,-0.204556,0.446112,1.445475,,,,,,
37297,,,,,,,,,,,,,110.045593,89.832031,0.491960,0.540341,,,,,,,,,,,,
37299,,,,,,,,,,,,,,,,,,,,,,,0.169336,-0.392047,0.872422,2.240000,20.580000,-369.809998
37306,,,,,,,,,,,,,,,,,,,,,,,0.169336,-0.392047,0.872422,16.170000,-0.490000,-371.489990
37304,,,,,,,,,,,,,,,,,,,,-0.209342,0.459015,1.379985,,,,,,
37307,,,,,,,,,,,,,110.056152,92.502716,0.494076,0.517405,,,,,,,,,,,,
37316,,,,,,,,,,,,,,,,,,,,,,,0.236558,-0.533079,1.012295,0.700000,-12.320000,-363.440002
37317,,,,,,,,,,,,,109.628510,94.859047,0.500659,0.497142,,,,,,,,,,,,
37314,,,,,,,,,,,,,,,,,,,,-0.213495,0.471752,1.316224,,,,,,
37326,,,,,,,,,,,,,,,,,,,,,,,0.236558,-0.533079,1.012295,-47.250000,-13.370000,-348.670013
37325,,,,,,,,,,,,,,,,,,,,-0.217343,0.484777,1.254017,,,,,,
37327,,,,,,,,,,,,,110.184425,97.757401,0.497295,0.470879,,,,,,,,,,,,
37331,,,,-0.177218,0.612855,1.545382,1.483144,-3.846208,,,124.366226,128.524124,,,,,0.131393,-0.000420,0.263757,,,,,,,,,
37337,,,,,,,,,,,,,110.706078,99.704620,0.526856,0.628813,,,,,,,0.185989,-0.347212,0.785680,-29.469999,2.800000,-343.000000
37335,,,,,,,,,,,,,,,,,,,,-0.220772,0.497622,1.196530,,,,,,
37348,,,,,,,,,,,,,111.132637,102.362076,0.525237,0.607471,,,,,,,,,,,,
37345,,,,,,,,,,,,,,,,,,,,-0.223930,0.511148,1.133559,,,,,,
37352,,,,,,,,,,,,,,,,,,,,,,,0.185989,-0.347212,0.785680,5.740000,59.009998,-349.720001
37357,,,,,,,,,,,,,,,,,,,,,,,0.203557,-0.430843,0.868518,20.930000,36.750000,-355.109985
37358,,,,,,,,,,,,,111.271553,106.260612,0.526467,0.572938,,,,,,,,,,,,
37356,,,,,,,,,,,,,,,,,,,,-0.226132,0.524899,1.068509,,,,,,
37363,,,,,,,,,,,,,,,,,,,,-0.227833,0.537996,1.011089,,,,,,
37366,,,,,,,,,,,,,,,,,,,,,,,0.203557,-0.430843,0.868518,41.299999,-17.080000,-360.220001
37367,,,,,,,,,,,,,111.187889,108.728088,0.529939,0.552222,,,,,,,,,,,,
37373,,,,,,,,,,,,,,,,,,,,-0.229219,0.551227,0.948406,,,,,,
37376,,,,,,,,,,,,,,,,,,,,,,,0.347761,-0.575108,1.111786,-6.720000,-74.620003,-346.920013
37377,,,,,,,,,,,,,110.534500,111.203705,0.539239,0.530930,,,,,,,,,,,,
37381,,,,-0.167879,0.694939,1.373515,1.600205,-3.564197,,,124.548843,145.319031,,,,,0.150320,0.029447,0.385935,,,,,,,,,
37389,,,,,,,,,,,,,111.766861,113.245209,0.531298,0.684879,,,,,,,,,,,,
37383,,,,,,,,,,,,,,,,,,,,-0.230079,0.564018,0.886705,,,,,,
37392,,,,,,,,,,,,,,,,,,,,,,,0.347761,-0.575108,1.111786,-2.240000,-29.959999,-335.649994
37397,,,,,,,,,,,,,113.202629,116.499580,0.519210,0.658099,,,,-0.230497,0.577111,0.828948,,,,,,
37398,,,,,,,,,,,,,,,,,,,,,,,0.205021,-0.378566,0.876326,-7.210000,-2.310000,-337.750000
37406,,,,,,,,,,,,,,,,,,,,,,,0.205021,-0.378566,0.876326,26.320000,37.310001,-341.670013
37407,,,,,,,,,,,,,113.330711,120.488289,0.520172,0.623178,,,,,,,,,,,,
37404,,,,,,,,,,,,,,,,,,,,-0.230285,0.590384,0.768803,,,,,,
37416,,,,,,,,,,,,,,,,,,,,,,,0.245769,-0.395097,0.876143,25.900000,33.250000,-344.890015
37414,,,,,,,,,,,,,,,,,,,,-0.229167,0.603710,0.709438,,,,,,
37417,,,,,,,,,,,,,112.799271,122.637276,0.527837,0.606225,,,,,,,,,,,,
37426,,,,,,,,,,,,,,,,,,,,,,,0.245769,-0.395097,0.876143,-34.160000,-38.430000,-335.019989
37427,,,,,,,,,,,,,111.445679,124.684296,0.543993,0.589881,,,,,,,,,,,,
37425,,,,,,,,,,,,,,,,,,,,-0.227859,0.616818,0.653640,,,,,,
37431,,,,-0.143854,0.778795,1.212870,1.705120,-3.317627,,,119.967995,158.766739,,,,,0.164645,0.070335,0.508988,,,,,,,,,
37437,,,,,,,,,,,,,111.743843,126.583237,0.496848,0.711806,,,,,,,0.364597,-0.580781,1.164307,4.970000,-52.709999,-337.470001
37435,,,,,,,,,,,,,,,,,,,,-0.226244,0.629441,0.595495,,,,,,
37449,,,,,,,,,,,,,113.084557,130.812836,0.484818,0.675101,,,,,,,,,,,,
37445,,,,,,,,,,,,,,,,,,,,-0.224141,0.641980,0.537851,,,,,,
37452,,,,,,,,,,,,,,,,,,,,,,,0.364597,-0.580781,1.164307,18.059999,-10.850000,-328.579987
37457,,,,,,,,,,,,,112.891022,134.143906,0.488168,0.646714,,,,,,,0.108519,-0.205021,0.573095,-3.990000,87.150002,-329.980011
37455,,,,,,,,,,,,,,,,,,,,-0.221398,0.654553,0.480642,,,,,,
37463,,,,,,,,,,,,,,,,,,,,-0.217740,0.667442,0.423807,,,,,,
37467,,,,,,,,,,,,,111.093834,135.303894,0.507915,0.639807,,,,,,,0.108519,-0.205021,0.573095,-20.930000,30.309999,-327.250000
37473,,,,,,,,,,,,,,,,,,,,-0.214034,0.679848,0.367339,,,,,,
37476,,,,,,,,,,,,,,,,,,,,,,,0.381982,-0.527223,1.048163,-24.500000,-66.500000,-327.670013
37477,,,,,,,,,,,,,109.335876,136.816574,0.527621,0.629070,,,,,,,,,,,,
37481,,,,-0.105974,0.860400,1.061346,1.781588,-3.115525,,,109.300308,165.904251,,,,,0.169291,0.119783,0.629759,,,,,,,,,
37483,,,,,,,,,,,,,,,,,,,,-0.210142,0.691576,0.308400,,,,,,
37487,,,,,,,,,,,,,109.044823,138.766937,0.423906,0.686369,,,,,,,,,,,,
37488,,,,,,,,,,,,,,,,,,,,,,,0.381982,-0.407907,0.742309,16.450001,-28.350000,-325.640015
37494,,,,,,,,,,,,,,,,,,,,-0.205636,0.702838,0.252534,,,,,,
37496,,,,,,,,,,,,,,,,,,,,,,,0.214293,-0.407907,0.742309,15.400000,20.230000,-320.529999
37497,,,,,,,,,,,,,109.826874,140.860580,0.415980,0.670442,,,,,,,,,,,,
37509,,,,,,,,,,,,,107.495232,142.093369,0.439657,0.662876,,,,,,,,,,,,
37504,,,,,,,,,,,,,,,,,,,,-0.200382,0.714318,0.196805,,,,,,
37512,,,,,,,,,,,,,,,,,,,,,,,0.214293,-0.407907,0.826733,-44.520000,29.400000,-300.089996
37514,,,,,,,,,,,,,,,,,,,,-0.194926,0.725538,0.144005,,,,,,
37517,,,,,,,,,,,,,,,,,,,,,,,0.220881,-0.282003,0.826733,13.440000,-15.050000,-302.260010
37518,,,,,,,,,,,,,104.328644,143.096680,0.472318,0.657404,,,,,,,,,,,,
37526,,,,,,,,,,,,,,,,,,,,,,,0.360327,-0.591578,1.148325,-7.910000,-64.820000,-288.890015
37527,,,,,,,,,,,,,102.509041,143.964630,0.491872,0.653113,,,,,,,,,,,,
37525,,,,,,,,,,,,,,,,,,,,-0.189257,0.736075,0.094130,,,,,,
37531,,,,-0.056606,0.935482,0.917796,1.811117,-2.949735,,,91.729004,164.043396,,,,,0.159814,0.174904,0.748506,,,,,,,,,
37537,,,,,,,,,,,,,102.592659,145.907745,0.313150,0.618700,,,,,,,0.360327,-0.591578,1.148325,27.930000,-22.610001,-287.279999
37535,,,,,,,,,,,,,,,,,,,,-0.183528,0.746019,0.047113,,,,,,
37550,,,,,,,,,,,,,100.162743,145.984406,0.335762,0.621545,,,,,,,,,,,,
37545,,,,,,,,,,,,,,,,,,,,-0.176925,0.755690,-0.002760,,,,,,
37552,,,,,,,,,,,,,,,,,,,,,,,0.125416,-0.219966,0.614392,-8.470000,11.340000,-270.690002
37557,,,,,,,,,,,,,,,,,,,,,,,0.125416,-0.219966,0.614392,-50.330002,-27.719999,-254.940002
37558,,,,,,,,,,,,,95.897850,144.705963,0.377577,0.638197,,,,,,,,,,,,
37555,,,,,,,,,,,,,,,,,,,,-0.169907,0.765416,-0.049845,,,,,,
37563,,,,,,,,,,,,,,,,,,,,-0.163051,0.774392,-0.094142,,,,,,
37567,,,,,,,,,,,,,92.376419,144.547150,0.412662,0.643685,,,,,,,0.424499,-0.618662,1.216950,-9.730000,-15.050000,-228.970001
37573,,,,,,,,,,,,,,,,,,,,-0.156162,0.782825,-0.135691,,,,,,
37576,,,,,,,,,,,,,,,,,,,,,,,0.424499,-0.618662,1.216950,-0.700000,38.290001,-228.759995
37577,,,,,,,,,,,,,90.868141,145.716782,0.427917,0.635654,,,,,,,,,,,,
37581,,,,0.000000,1.000000,0.783802,1.773268,-2.788429,,,72.665031,153.922729,,,,,0.139398,0.225903,0.838620,,,,,,,,,
37584,,,,,,,,,,,,,,,,,,,,-0.148568,0.790897,-0.174569,,,,,,
37587,,,,,,,,,,,,,89.640175,146.226944,0.246162,0.530885,,,,,,,,,,,,
37588,,,,,,,,,,,,,,,,,,,,,,,0.074786,-0.207400,0.561688,2.520000,44.240002,-213.710007
37596,,,,,,,,,,,,,,,,,,,,,,,0.074786,-0.207400,0.561688,-22.330000,-15.890000,-192.289993
37594,,,,,,,,,,,,,,,,,,,,-0.140302,0.798655,-0.210789,,,,,,
37597,,,,,,,,,,,,,86.372124,143.838226,0.276101,0.556789,,,,,,,,,,,,
37609,,,,,,,,,,,,,82.259720,141.110886,0.315306,0.586624,,,,,,,,,,,,
37604,,,,,,,,,,,,,,,,,,,,-0.131984,0.805705,-0.241433,,,,,,
37612,,,,,,,,,,,,,,,,,,,,,,,0.434686,-0.623786,1.307779,28.700001,-45.080002,-151.830002
37615,,,,,,,,,,,,,,,,,,,,-0.124426,0.812046,-0.269287,,,,,,
37617,,,,,,,,,,,,,,,,,,,,,,,0.434686,-0.623786,1.307779,3.360000,-30.660000,-141.750000
37618,,,,,,,,,,,,,79.070419,139.677017,0.345918,0.603812,,,,,,,,,,,,
37626,,,,,,,,,,,,,,,,,,,,,,,0.144936,-0.345504,0.733464,23.309999,-7.980000,-127.959999
37627,,,,,,,,,,,,,77.110344,139.273041,0.364630,0.610782,,,,,,,,,,,,
37625,,,,,,,,,,,,,,,,,,,,-0.116872,0.818126,-0.291587,,,,,,
37631,,,,0.000000,1.000000,0.783802,0.000000,0.000000,,,,,,,,,,,,,,,,,,,,
37632,,,,,,,,,,,19.982744,19.982744,,,,,0.071050,0.203678,1.001100,,,,,,,,,
37637,,,,,,,,,,,,,,,,,,,,,,,0.144936,-0.345504,0.733464,15.960000,57.400002,-104.019997
37638,,,,,,,,,,,,,75.439644,138.302338,-0.156577,-0.742575,,,,,,,,,,,,
37635,,,,,,,,,,,,,,,,,,,,-0.108187,0.823720,-0.308415,,,,,,
37642,,,,,,,,,,,,,,,,,,,,-0.099252,0.828841,-0.328049,,,,,,
37646,,,,,,,,,,,,,,,,,,,,,,,0.263032,-0.403332,0.930189,-33.320000,4.200000,-82.669998
37647,,,,,,,,,,,,,69.602318,131.686096,-0.108128,-0.698753,,,,,,,,,,,,
37653,,,,,,,,,,,,,,,,,,,,-0.090952,0.833329,-0.342072,,,,,,
37656,,,,,,,,,,,,,,,,,,,,,,,0.263032,-0.403332,0.930189,14.630000,-35.700001,-52.639999
37657,,,,,,,,,,,,,60.209190,112.995071,-0.022242,-0.530445,,,,,,,,,,,,
37668,,,,,,,,,,,,,50.660004,87.440033,0.067114,-0.288386,,,,,,,,,,,,
37666,,,,,,,,,,,,,,,,,,,,-0.082384,0.837349,-0.347688,,,,,,
37672,,,,,,,,,,,,,,,,,,,,,,,0.150426,-0.526125,0.994605,-19.250000,93.870003,-3.780000
37673,,,,,,,,,,,,,,,,,,,,-0.073684,0.840884,-0.347748,,,,,,
37677,,,,,,,,,,,,,,,,,,,,,,,0.150426,-0.526125,0.994605,-6.580000,148.539993,-13.090000
37678,,,,,,,,,,,,,43.826210,65.766251,0.130684,-0.080805,,,,,,,,,,,,
37680,,,,0.000000,1.000000,0.783802,0.000000,0.000000,,,,,,,,,,,,,,,,,,,,
37681,,,,,,,,,,,3.678524,3.678524,,,,,0.013079,0.178133,1.165608,,,,,,,,,
37684,,,,,,,,,,,,,,,,,,,,-0.064643,0.843958,-0.350757,,,,,,
37687,,,,,,,,,,,,,,,,,,,,,,,-0.412787,-0.356728,0.756278,-8.400000,247.100006,-32.410000
37688,,,,,,,,,,,,,40.108356,51.563892,-0.002466,-0.111401,,,,,,,,,,,,
37694,,,,,,,,,,,,,,,,,,,,-0.056031,0.846477,-0.356816,,,,,,
37696,,,,,,,,,,,,,,,,,,,,,,,-0.412787,-0.356728,0.756278,6.020000,281.609985,-65.239998
37697,,,,,,,,,,,,,36.722160,42.195854,0.024787,-0.025424,,,,,,,,,,,,
37709,,,,,,,,,,,,,32.239700,35.056358,0.063900,0.039695,,,,,,,,,,,,
37704,,,,,,,,,,,,,,,,,,,,-0.047484,0.848328,-0.368813,,,,,,
37711,,,,,,,,,,,,,,,,,,,,,,,-0.587430,-0.710223,1.239642,23.100000,-1.540000,-119.139999
37716,,,,,,,,,,,,,,,,,,,,,,,-0.587430,-0.710223,0.843203,31.639999,-104.510002,-122.500000
37714,,,,,,,,,,,,,,,,,,,,-0.042101,0.850880,-0.393952,,,,,,
37717,,,,,,,,,,,,,27.829569,29.496414,0.103171,0.090131,,,,,,,,,,,,
37726,,,,,,,,,,,,,,,,,,,,,,,-0.303597,-0.203618,0.843203,23.309999,-159.600006,-118.790001
37725,,,,,,,,,,,,,,,,,,,,-0.037688,0.853689,-0.410307,,,,,,
37727,,,,,,,,,,,,,25.610207,25.915485,0.120978,0.121493,,,,,,,,,,,,
37730,,,,0.000000,1.000000,0.783802,0.000000,0.000000,,,,,,,,,,,,,,,,,,,,
37731,,,,,,,,,,,-6.292408,-6.292408,,,,,-0.022373,0.151530,1.199984,,,,,,,,,
37737,,,,,,,,,,,,,25.880510,23.971329,0.012131,0.035173,,,,,,,-0.419741,-0.702415,0.917013,-35.419998,-36.540001,-89.529999
37735,,,,,,,,,,,,,,,,,,,,-0.032544,0.856361,-0.433017,,,,,,
37746,,,,,,,,,,,,,,,,,,,,,,,-0.419741,-0.702415,0.917013,66.080002,-51.660000,-67.480003
37747,,,,,,,,,,,,,25.098269,22.938148,0.013675,0.039658,,,,,,,,,,,,
37745,,,,,,,,,,,,,,,,,,,,-0.028719,0.857948,-0.441125,,,,,,
37756,,,,,,,,,,,,,,,,,,,,-0.024380,0.858239,-0.457941,-0.227835,-0.667889,0.924394,6.790000,-31.080000,-73.849998
37757,,,,,,,,,,,,,23.312092,20.397362,0.025616,0.059728,,,,,,,,,,,,
37769,,,,,,,,,,,,,21.950483,19.030891,0.033584,0.068328,,,,,,,,,,,,
37763,,,,,,,,,,,,,,,,,,,,-0.021087,0.859042,-0.466496,,,,,,
37771,,,,,,,,,,,,,,,,,,,,,,,-0.227835,-0.667889,0.924394,-5.530000,14.630000,-40.810001
37777,,,,,,,,,,,,,20.402653,17.946108,0.043723,0.074328,,,,,,,-0.460184,-0.618418,1.040477,-1.470000,87.849998,-21.139999
37776,,,,,,,,,,,,,,,,,,,,-0.017115,0.858927,-0.478101,,,,,,
37780,,,,0.000000,1.000000,0.783802,0.000000,0.000000,,,,,,,,,,,,,,,,,,,,
37781,,,,,,,,,,,-13.691974,-13.691974,,,,,-0.048683,0.134617,1.259455,,,,,,,,,
37784,,,,,,,,,,,,,,,,,,,,-0.013929,0.858217,-0.478151,,,,,,
37787,,,,,,,,,,,,,18.775642,16.708706,-0.020496,0.006627,,,,,,,-0.460184,-0.618418,1.040477,7.910000,109.339996,-9.800000
37796,,,,,,,,,,,,,,,,,,,,,,,-0.309758,-0.531310,0.895541,-0.210000,40.950001,11.270000
37794,,,,,,,,,,,,,,,,,,,,-0.010941,0.856896,-0.478328,,,,,,
37797,,,,,,,,,,,,,17.506819,15.767699,-0.014048,0.010145,,,,,,,,,,,,
37806,,,,,,,,,,,,,,,,,,,,,,,-0.309758,-0.531310,0.895541,7.350000,-7.210000,22.889999
37804,,,,,,,,,,,,,,,,,,,,-0.008463,0.855583,-0.481256,,,,,,
37807,,,,,,,,,,,,,15.277405,14.361279,0.002453,0.018598,,,,,,,,,,,,
37816,,,,,,,,,,,,,,,,,,,,,,,-0.519354,-0.119499,0.968375,-2.310000,-45.990002,16.240000
37815,,,,,,,,,,,,,,,,,,,,-0.007941,0.854728,-0.469580,,,,,,
37817,,,,,,,,,,,,,13.402126,13.726739,0.015787,0.019460,,,,,,,,,,,,
37829,,,,,,,,,,,,,12.213476,12.486606,0.022492,0.026626,,,,,,,,,,,,
37825,,,,,,,,,,,,,,,,,,,,-0.006664,0.853930,-0.469815,,,,,,
37831,,,,0.000000,1.000000,0.783802,0.000000,0.000000,,,-16.715372,-16.715372,,,,,-0.059432,0.133527,1.251358,,,,,,,,,
37833,,,,,,,,,,,,,,,,,,,,,,,-0.519354,-0.119499,0.968375,-3.290000,5.320000,42.000000
37837,,,,,,,,,,,,,10.276417,11.167162,0.006230,0.004009,,,,,,,,,,,,
37835,,,,,,,,,,,,,,,,,,,,-0.006166,0.853686,-0.461195,,,,,,
37839,,,,,,,,,,,,,,,,,,,,,,,-0.521977,0.100101,1.077809,-10.290000,-19.320000,23.660000
37843,,,,,,,,,,,,,,,,,,,,-0.005676,0.853407,-0.458343,,,,,,
37846,,,,,,,,,,,,,,,,,,,,,,,-0.521977,0.100101,1.077809,2.170000,-19.670000,23.309999
37847,,,,,,,,,,,,,9.193690,9.943163,0.011876,0.010918,,,,,,,,,,,,
37853,,,,,,,,,,,,,,,,,,,,-0.005303,0.853234,-0.455427,,,,,,
37856,,,,,,,,,,,,,,,,,,,,,,,-0.316346,-0.015250,0.890356,-0.420000,33.180000,10.850000
37857,,,,,,,,,,,,,7.735570,8.366176,0.021567,0.021671,,,,,,,,,,,,
37863,,,,,,,,,,,,,,,,,,,,-0.005026,0.853079,-0.452694,,,,,,
37866,,,,,,,,,,,,,,,,,,,,,,,-0.316346,-0.015250,0.890356,0.350000,2.170000,-7.490000
37867,,,,,,,,,,,,,6.508708,7.039299,0.029191,0.030189,,,,,,,,,,,,
37876,,,,,,,,,,,,,,,,,,,,,,,-0.388387,0.017202,0.991311,5.250000,-9.660000,-9.030000
37874,,,,,,,,,,,,,,,,,,,,-0.005002,0.853124,-0.455473,,,,,,
37877,,,,,,,,,,,,,5.476426,5.922865,0.035075,0.036826,,,,,,,,,,,,
37880,,,,0.000000,1.000000,0.783802,0.000000,0.000000,,,,,,,,,,,,,,,,,,,,
37881,,,,,,,,,,,-16.891825,-16.891825,,,,,-0.060060,0.134053,1.240289,,,,,,,,,
37889,,,,,,,,,,,,,4.607864,4.983498,0.037696,0.040080,,,,,,,,,,,,
37884,,,,,,,,,,,,,,,,,,,,-0.005596,0.853472,-0.455382,,,,,,
37892,,,,,,,,,,,,,,,,,,,,,,,-0.388387,0.017202,0.991311,-0.350000,-52.360001,-4.200000
37894,,,,,,,,,,,,,,,,,,,,-0.006005,0.853628,-0.455331,,,,,,
37897,,,,,,,,,,,,,3.877056,4.193115,0.040851,0.043767,,,,,,,-0.194651,-0.004941,1.037671,0.770000,-47.529999,-5.390000
37906,,,,,,,,,,,,,,,,,,,,,,,-0.194651,-0.004941,1.037671,2.800000,-63.700001,-5.810000
37905,,,,,,,,,,,,,,,,,,,,-0.006779,0.853966,-0.458145,,,,,,
37907,,,,,,,,,,,,,3.262155,3.528086,0.042969,0.046333,,,,,,,,,,,,
37916,,,,,,,,,,,,,,,,,,,,,,,-0.102358,0.001830,0.994239,1.120000,-73.430000,-3.080000
37915,,,,,,,,,,,,,,,,,,,,-0.007421,0.854259,-0.460908,,,,,,
37917,,,,,,,,,,,,,2.744776,2.968531,0.044215,0.047956,,,,,,,,,,,,
37929,,,,,,,,,,,,,2.783837,2.497722,0.039889,0.048787,,,,,,,,,,,,
37925,,,,,,,,,,,,,,,,,,,,-0.008158,0.854662,-0.460728,,,,,,
37931,,,,0.000000,1.000000,0.783802,0.000000,0.000000,,,,,,,,,,,,,,,,,,,,
37932,,,,,,,,,,,-16.319002,-16.319002,,,,,-0.058023,0.133673,1.246918,,,,,,,,,
37934,,,,,,,,,,,,,,,,,,,,,,,-0.102358,0.001830,1.019798,1.820000,-75.250000,0.070000
37937,,,,,,,,,,,,,2.342320,2.101583,0.046301,0.054792,,,,,,,,,,,,
37936,,,,,,,,,,,,,,,,,,,,-0.009008,0.855112,-0.457851,,,,,,
37939,,,,,,,,,,,,,,,,,,,,,,,-0.082533,0.006710,1.019798,1.750000,-89.599998,-2.380000
37946,,,,,,,,,,,,,,,,,,,,-0.009854,0.855591,-0.457921,-0.082533,0.005124,1.031205,1.540000,-87.570000,-3.360000
37947,,,,,,,,,,,,,1.970827,1.768271,0.046358,0.054508,,,,,,,,,,,,
37953,,,,,,,,,,,,,,,,,,,,-0.010822,0.856047,-0.460706,,,,,,
37956,,,,,,,,,,,,,,,,,,,,,,,-0.075884,0.005124,1.031205,1.260000,-74.410004,-3.220000
37957,,,,,,,,,,,,,2.208242,1.487823,0.040278,0.053751,,,,,,,,,,,,
37964,,,,,,,,,,,,,,,,,,,,-0.011490,0.856373,-0.460709,,,,,,
37966,,,,,,,,,,,,,,,,,,,,,,,0.039406,-0.002074,1.001315,1.330000,6.720000,-6.510000
37967,,,,,,,,,,,,,1.858014,1.251854,0.040145,0.052596,,,,,,,,,,,,
37976,,,,,,,,,,,,,,,,,,,,,,,0.039406,-0.002074,1.001315,2.590000,27.930000,-25.059999
37974,,,,,,,,,,,,,,,,,,,,-0.011392,0.856303,-0.463548,,,,,,
37977,,,,,,,,,,,,,1.563333,1.053310,0.039515,0.051107,,,,,,,,,,,,
37980,,,,0.000000,1.000000,0.783802,0.000000,0.000000,,,,,,,,,,,,,,,,,,,,
37981,,,,,,,,,,,-15.298008,-15.298008,,,,,-0.054393,0.133630,1.247314,,,,,,,,,
37989,,,,,,,,,,,,,1.315388,0.886255,0.048882,0.059751,,,,,,,,,,,,
37984,,,,,,,,,,,,,,,,,,,,-0.011217,0.856287,-0.472063,,,,,,
37992,,,,,,,,,,,,,,,,,,,,,,,0.146949,0.006588,1.025349,0.630000,-6.020000,11.830000
37994,,,,,,,,,,,,,,,,,,,,-0.011097,0.856247,-0.469217,,,,,,
37997,,,,,,,,,,,,,1.106768,0.745695,0.047687,0.057948,,,,,,,0.146949,0.006588,1.025349,0.070000,3.570000,10.850000
38006,,,,,,,,,,,,,,,,,,,,,,,-0.022448,0.002318,0.992226,0.420000,9.380000,2.940000
38005,,,,,,,,,,,,,,,,,,,,-0.011019,0.856164,-0.466372,,,,,,
38007,,,,,,,,,,,,,0.931234,0.627428,0.046197,0.055946,,,,,,,,,,,,
38016,,,,,,,,,,,,,,,,,,,,,,,-0.022448,0.002318,0.992226,0.630000,5.110000,-0.490000
38015,,,,,,,,,,,,,,,,,,,,-0.010884,0.856151,-0.466373,,,,,,
38017,,,,,,,,,,,,,0.783540,0.527918,0.044457,0.053775,,,,,,,,,,,,
38026,,,,,,,,,,,,,,,,,,,,,,,-0.062586,0.009943,1.028887,0.350000,5.320000,-2.240000
38027,,,,,,,,,,,,,0.659271,0.444190,0.042508,0.051464,,,,,,,,,,,,
38025,,,,,,,,,,,,,,,,,,,,-0.010772,0.856227,-0.469245,,,,,,
38030,,,,0.000000,1.000000,0.783802,0.000000,0.000000,,,,,,,,,,,,,,,,,,,,
38031,,,,,,,,,,,-15.559710,-15.559710,,,,,-0.055323,0.133149,1.252566,,,,,,,,,
38033,,,,,,,,,,,,,,,,,,,,-0.010828,0.856141,-0.466402,,,,,,
38036,,,,,,,,,,,,,,,,,,,,,,,-0.062586,0.009943,1.028887,0.910000,-3.430000,-1.400000
38037,,,,,,,,,,,,,0.554710,0.373741,0.037714,0.046365,,,,,,,,,,,,
38049,,,,,,,,,,,,,0.466733,0.314466,0.035389,0.043783,,,,,,,,,,,,
38043,,,,,,,,,,,,,,,,,,,,-0.010817,0.856219,-0.469237,,,,,,
38051,,,,,,,,,,,,,,,,,,,,,,,-0.054412,-0.004636,1.025349,0.910000,-5.110000,-0.490000
38057,,,,,,,,,,,,,0.392709,0.264591,0.032938,0.041117,,,,,,,-0.054412,-0.004636,1.025349,0.420000,-5.740000,-0.700000
38056,,,,,,,,,,,,,,,,,,,,-0.010957,0.856160,-0.466372,,,,,,
38064,,,,,,,,,,,,,,,,,,,,-0.010957,0.856178,-0.469217,,,,,,
38066,,,,,,,,,,,,,,,,,,,,,,,-0.018788,0.005429,1.015162,0.700000,0.210000,-0.980000
38067,,,,,,,,,,,,,0.330425,0.222627,0.030383,0.038380,,,,,,,,,,,,
38076,,,,,,,,,,,,,,,,,,,,,,,-0.018788,0.005429,1.015162,0.770000,3.150000,-1.120000
38074,,,,,,,,,,,,,,,,,,,,-0.010974,0.856136,-0.469217,,,,,,
38077,,,,,,,,,,,,,0.278020,0.187319,0.027740,0.035584,,,,,,,,,,,,
38080,,,,0.000000,1.000000,0.783802,0.000000,0.000000,,,,,,,,,,,,,,,,,,,,
38081,,,,,,,,,,,-15.544711,-15.544711,,,,,-0.055270,0.133267,1.252981,,,,,,,,,
38089,,,,,,,,,,,,,0.233926,0.157610,0.025175,0.032890,,,,,,,,,,,,
38084,,,,,,,,,,,,,,,,,,,,-0.010903,0.856207,-0.469223,,,,,,
38092,,,,,,,,,,,,,,,,,,,,,,,-0.011224,0.005917,1.013088,0.490000,1.190000,-0.630000
38095,,,,,,,,,,,,,,,,,,,,-0.010869,0.856217,-0.469230,,,,,,
38097,,,,,,,,,,,,,,,,,,,,,,,-0.011224,0.005917,1.013088,0.770000,0.070000,-0.770000
38098,,,,,,,,,,,,,0.196825,0.132613,0.022398,0.030005,,,,,,,,,,,,
38106,,,,,,,,,,,,,,,,,,,,,,,-0.034709,0.000915,1.015955,0.700000,-0.840000,-0.070000
38105,,,,,,,,,,,,,,,,,,,,-0.010869,0.856228,-0.469223,,,,,,
38107,,,,,,,,,,,,,0.165609,0.111580,0.019568,0.027084,,,,,,,,,,,,
38116,,,,,,,,,,,,,,,,,,,,,,,-0.034709,0.000915,1.015955,0.560000,-0.280000,-0.630000
38117,,,,,,,,,,,,,0.139343,0.093884,0.016694,0.024133,,,,,,,,,,,,
38115,,,,,,,,,,,,,,,,,,,,-0.010881,0.856231,-0.469223,,,,,,
38126,,,,,,,,,,,,,,,,,,,,-0.010916,0.856170,-0.469218,-0.023912,0.004514,1.015528,0.770000,0.280000,0.000000
38127,,,,,,,,,,,,,0.117243,0.078994,0.013782,0.021157,,,,,,,,,,,,
38130,,,,0.000000,1.000000,0.783802,0.000000,0.000000,,,,,,,,,,,,,,,,,,,,
38131,,,,,,,,,,,-15.553023,-15.553023,,,,,-0.055300,0.133225,1.253017,,,,,,,,,
38133,,,,,,,,,,,,,,,,,,,,-0.010919,0.856150,-0.469218,,,,,,
38137,,,,,,,,,,,,,,,0.010755,0.018076,,,,,,,-0.023912,0.003843,1.016504,0.630000,1.050000,-0.420000
38138,,,,,,,,,,,,,0.098649,0.066465,,,,,,,,,,,,,,
38149,,,,,,,,,,,,,0.083003,0.055924,0.007784,0.015059,,,,,,,,,,,,
38145,,,,,,,,,,,,,,,,,,,,-0.010906,0.856162,-0.469217,,,,,,
38151,,,,,,,,,,,,,,,,,,,,,,,-0.022692,0.003843,1.016504,0.560000,0.350000,-0.070000
38157,,,,,,,,,,,,,0.069839,0.047054,0.004791,0.012028,,,,,,,-0.029890,0.001159,1.018639,0.700000,0.000000,-0.280000
38155,,,,,,,,,,,,,,,,,,,,-0.010890,0.856200,-0.469223,,,,,,
38166,,,,,,,,,,,,,,,,,,,,-0.010882,0.856222,-0.469223,-0.029890,0.001159,1.018639,0.630000,0.000000,-0.420000
38167,,,,,,,,,,,,,0.058762,0.039592,0.001779,0.008984,,,,,,,,,,,,
38173,,,,,,,,,,,,,,,,,,,,-0.010881,0.856232,-0.469223,,,,,,
38176,,,,,,,,,,,,,,,,,,,,,,,-0.025864,0.003538,1.017663,0.560000,0.070000,-0.140000
38177,,,,,,,,,,,,,0.049442,0.033312,-0.001248,0.005930,,,,,,,,,,,,
38180,,,,0.000000,1.000000,0.783802,0.000000,0.000000,,,,,,,,,,,,,,,,,,,,
38181,,,,,,,,,,,-15.554688,-15.554688,,,,,-0.055306,0.133156,1.253024,,,,,,,,,
38183,,,,,,,,,,,,,,,,,,,,-0.010878,0.856221,-0.469230,,,,,,
38186,,,,,,,,,,,,,,,,,,,,,,,-0.025864,0.003538,1.017663,0.630000,0.630000,-0.490000
38187,,,,,,,,,,,,,0.041601,0.028029,-0.004305,0.002849,,,,,,,,,,,,
38194,,,,,,,,,,,,,,,,,,,,-0.010881,0.856227,-0.469223,,,,,,
38196,,,,,,,,,,,,,,,,,,,,,,,-0.026108,0.003050,1.016077,0.630000,0.210000,-0.210000
38197,,,,,,,,,,,,,0.035003,0.023584,-0.007357,-0.000222,,,,,,,,,,,,
38208,,,,,,,,,,,,,0.029452,0.019843,-0.010419,-0.003300,,,,,,,,,,,,
38204,,,,,,,,,,,,,,,,,,,,-0.010876,0.856223,-0.469230,,,,,,
38212,,,,,,,,,,,,,,,,,,,,,,,-0.026108,0.003050,1.016077,0.700000,0.070000,-0.280000
38214,,,,,,,,,,,,,,,,,,,,-0.010880,0.856227,-0.469223,,,,,,
38217,,,,,,,,,,,,,0.024780,0.016696,-0.013488,-0.006382,,,,,,,-0.026108,0.002989,1.016748,0.700000,0.070000,-0.210000
38226,,,,,,,,,,,,,,,,,,,,,,,-0.026108,0.002989,1.016748,0.630000,0.420000,-0.280000
38227,,,,,,,,,,,,,0.020850,0.014048,-0.016564,-0.009470,,,,,,,,,,,,
38225,,,,,,,,,,,,,,,,,,,,-0.010881,0.856221,-0.469223,,,,,,
38230,,,,0.000000,1.000000,0.783802,0.000000,0.000000,,,,,,,,,,,,,,,,,,,,
38231,,,,,,,,,,,-15.556067,-15.556067,,,,,-0.055310,0.133160,1.253025,,,,,,,,,
38236,,,,,,,,,,,,,,,,,,,,,,,-0.026047,0.002806,1.016382,0.630000,0.280000,-0.210000
38237,,,,,,,,,,,,,0.017543,0.011820,-0.019659,-0.012575,,,,,,,,,,,,
38235,,,,,,,,,,,,,,,,,,,,-0.010875,0.856229,-0.469223,,,,,,
38248,,,,,,,,,,,,,,,-0.022745,-0.015669,,,,,,,,,,,,
38249,,,,,,,,,,,,,0.014761,0.009945,,,,,,,,,,,,,,
38246,,,,,,,,,,,,,,,,,,,,-0.010870,0.856222,-0.469230,,,,,,
38251,,,,,,,,,,,,,,,,,,,,,,,-0.026047,0.002806,1.016382,0.630000,0.350000,-0.280000
38253,,,,,,,,,,,,,,,,,,,,-0.010874,0.856223,-0.469230,,,,,,
38257,,,,,,,,,,,,,0.012420,0.008368,-0.025836,-0.018766,,,,,,,-0.026718,0.003355,1.016687,0.630000,0.210000,-0.280000
38263,,,,,,,,,,,,,,,,,,,,-0.010874,0.856225,-0.469223,,,,,,
38266,,,,,,,,,,,,,,,,,,,,,,,-0.026718,0.003355,1.016687,0.630000,0.140000,-0.140000
38267,,,,,,,,,,,,,0.010450,0.007041,-0.028929,-0.021866,,,,,,,,,,,,
38276,,,,,,,,,,,,,,,,,,,,,,,-0.025925,0.003294,1.016870,0.700000,0.350000,-0.280000
38274,,,,,,,,,,,,,,,,,,,,-0.010874,0.856219,-0.469230,,,,,,
38277,,,,,,,,,,,,,0.008793,0.005924,-0.032026,-0.024967,,,,,,,,,,,,
38280,,,,0.000000,1.000000,0.783802,0.000000,0.000000,,,,,,,,,,,,,,,,,,,,
38281,,,,,,,,,,,-15.558159,-15.558159,,,,,-0.055318,0.133158,1.253031,,,,,,,,,
38284,,,,,,,,,,,,,,,,,,,,-0.010878,0.856222,-0.469230,,,,,,
38287,,,,,,,,,,,,,0.007398,0.004985,-0.035146,-0.028091,,,,,,,-0.025925,0.003294,1.016870,0.630000,0.210000,-0.280000
38296,,,,,,,,,,,,,,,,,,,,,,,-0.025315,0.003477,1.016809,0.770000,0.280000,-0.210000
38294,,,,,,,,,,,,,,,,,,,,-0.010875,0.856219,-0.469230,,,,,,
38297,,,,,,,,,,,,,0.006225,0.004194,-0.038247,-0.031196,,,,,,,,,,,,
38308,,,,,,,,,,,,,0.005238,0.003529,-0.041350,-0.034301,,,,,,,,,,,,
38305,,,,,,,,,,,,,,,,,,,,-0.010873,0.856222,-0.469230,,,,,,
38311,,,,,,,,,,,,,,,,,,,,,,,-0.025315,0.003477,1.016809,0.630000,0.210000,-0.280000
38317,,,,,,,,,,,,,0.004407,0.002969,-0.044454,-0.037408,,,,,,,-0.025681,0.003172,1.016748,0.630000,0.280000,-0.280000
38315,,,,,,,,,,,,,,,,,,,,-0.010865,0.856226,-0.469223,,,,,,
38326,,,,,,,,,,,,,,,,,,,,-0.010869,0.856221,-0.469223,-0.025681,0.003172,1.016748,0.700000,0.210000,-0.280000
38327,,,,,,,,,,,,,0.003708,0.002498,-0.047559,-0.040515,,,,,,,,,,,,
38330,,,,0.000000,1.000000,0.783802,0.000000,0.000000,,,,,,,,,,,,,,,,,,,,
38331,,,,,,,,,,,-15.559059,-15.559059,,,,,-0.055321,0.133155,1.253025,,,,,,,,,
38336,,,,,,,,,,,,,,,,,,,,-0.010874,0.856221,-0.469230,-0.025071,0.002867,1.016626,0.700000,0.210000,-0.280000
38337,,,,,,,,,,,,,0.003120,0.002102,-0.050675,-0.043633,,,,,,,,,,,,
38344,,,,,,,,,,,,,,,,,,,,-0.010903,0.856158,-0.469218,,,,,,
38346,,,,,,,,,,,,,,,,,,,,,,,-0.025071,0.002867,1.016626,0.630000,0.210000,-0.280000
38347,,,,,,,,,,,,,0.002625,0.001769,-0.053782,-0.046741,,,,,,,,,,,,
38356,,,,,,,,,,,,,,,,,,,,,,,-0.026352,0.003294,1.017053,0.700000,0.210000,-0.280000
38354,,,,,,,,,,,,,,,,,,,,-0.010894,0.856196,-0.469223,,,,,,
38357,,,,,,,,,,,,,0.002209,-0.546507,-0.056890,-0.044261,,,,,,,,,,,,
38369,,,,,,,,,,,,,0.001858,-0.459831,-0.059999,-0.048148,,,,,,,,,,,,
38364,,,,,,,,,,,,,,,,,,,,-0.010870,0.856220,-0.469230,,,,,,
38371,,,,,,,,,,,,,,,,,,,,,,,-0.026352,0.003294,1.016321,0.700000,0.210000,-0.280000
38377,,,,,,,,,,,,,0.001564,-0.386902,-0.063108,-0.051912,,,,,,,-0.025925,0.002379,1.016321,0.630000,0.210000,-0.350000
38375,,,,,,,,,,,,,,,,,,,,-0.010890,0.856162,-0.469218,,,,,,
38380,,,,0.000000,1.000000,0.783802,0.000000,0.000000,,,,,,,,,,,,,,,,,,,,
38381,,,,,,,,,,,-15.561012,-15.561012,,,,,-0.055328,0.133211,1.253021,,,,,,,,,
38386,,,,,,,,,,,,,,,,,,,,,,,-0.025254,0.002684,1.016077,0.700000,0.420000,-0.560000
38385,,,,,,,,,,,,,,,,,,,,-0.010874,0.856206,-0.469218,,,,,,
38387,,,,,,,,,,,,,-0.528911,-0.325539,-0.060829,-0.055592,,,,,,,,,,,,
38396,,,,,,,,,,,,,,,,,,,,,,,-0.025254,0.002684,1.016077,0.630000,0.070000,-0.140000
38397,,,,,,,,,,,,,-0.445026,-0.273909,-0.064691,-0.059165,,,,,,,,,,,,
38395,,,,,,,,,,,,,,,,,,,,-0.010869,0.856223,-0.469230,,,,,,
38409,,,,,,,,,,,,,-0.374445,-0.230467,-0.068435,-0.062666,,,,,,,,,,,,
38406,,,,,,,,,,,,,,,,,,,,-0.010887,0.856167,-0.469218,,,,,,
38411,,,,,,,,,,,,,,,,,,,,,,,-0.026047,0.003050,1.015955,0.840000,0.210000,-0.490000
38413,,,,,,,,,,,,,,,,,,,,-0.010876,0.856196,-0.469223,,,,,,
38417,,,,,,,,,,,,,-0.315058,-0.193915,-0.072078,-0.066105,,,,,,,-0.026047,0.003050,1.015955,0.630000,0.350000,-0.420000
38423,,,,,,,,,,,,,,,,,,,,-0.010901,0.856163,-0.469218,,,,,,
38426,,,,,,,,,,,,,,,,,,,,,,,-0.027084,0.003111,1.016443,0.700000,0.420000,-0.420000
38427,,,,,,,,,,,,,-0.812699,-0.163160,-0.070051,-0.069492,,,,,,,,,,,,
38430,,,,0.000000,1.000000,0.783802,0.000000,0.000000,,,,,,,,,,,,,,,,,,,,
38431,,,,,,,,,,,-15.422134,-15.422134,,,,,-0.054834,0.133373,1.250256,,,,,,,,,
38434,,,,,,,,,,,,,,,,,,,,-0.010856,0.856197,-0.469223,,,,,,
38437,,,,,,,,,,,,,-0.683805,-0.681989,-0.072899,-0.065863,,,,,,,-0.027084,0.003111,1.016443,0.630000,1.190000,0.980000
38446,,,,,,,,,,,,,,,,,,,,,,,-0.030744,0.003538,1.016199,0.700000,-0.350000,-0.420000
38444,,,,,,,,,,,,,,,,,,,,-0.010864,0.856273,-0.469245,,,,,,
38447,,,,,,,,,,,,,-0.575354,-0.573826,-0.076953,-0.069914,,,,,,,,,,,,
38456,,,,,,,,,,,,,,,,,,,,,,,-0.030744,0.003538,1.016199,0.700000,-0.350000,1.400000
38457,,,,,,,,,,,,,-0.484102,-0.482817,-0.080853,-0.073812,,,,,,,,,,,,
38455,,,,,,,,,,,,,,,,,,,,-0.010863,0.856245,-0.469230,,,,,,
38469,,,,,,,,,,,,,-0.407324,-0.406242,-0.084623,-0.077581,,,,,,,,,,,,
38466,,,,,,,,,,,,,,,,,,,,-0.010890,0.856233,-0.469223,,,,,,
38471,,,,,,,,,,,,,,,,,,,,,,,-0.032147,0.003721,1.016809,0.700000,0.700000,2.450000
38477,,,,,,,,,,,,,-0.342722,-0.341812,-0.088285,-0.081242,,,,,,,-0.032147,0.003721,1.016809,0.770000,1.540000,2.520000
38476,,,,,,,,,,,,,,,,,,,,-0.010923,0.856282,-0.469245,,,,,,
38480,,,,0.000000,1.000000,0.783802,0.000000,0.000000,,,,,,,,,,,,,,,,,,,,
38481,,,,,,,,,,,-15.528954,-15.528954,,,,,-0.055214,0.133144,1.252813,,,,,,,,,
38483,,,,,,,,,,,,,,,,,,,,-0.010939,0.856268,-0.469245,,,,,,
38487,,,,,,,,,,,,,-0.288366,-0.287601,-0.092945,-0.085900,,,,,,,-0.035136,0.003538,1.016382,0.700000,0.700000,2.170000
38494,,,,,,,,,,,,,,,,,,,,-0.010976,0.856280,-0.469230,,,,,,
38496,,,,,,,,,,,,,,,,,,,,,,,-0.035136,0.003538,1.016382,0.700000,0.210000,0.210000
38497,,,,,,,,,,,,,-0.242631,-0.241987,-0.096460,-0.089414,,,,,,,,,,,,
38506,,,,,,,,,,,,,,,,,,,,,,,-0.034160,0.003416,1.015345,0.770000,1.120000,-0.350000
38504,,,,,,,,,,,,,,,,,,,,-0.011026,0.856290,-0.469223,,,,,,
38507,,,,,,,,,,,,,-0.752421,-0.203608,-0.094317,-0.092863,,,,,,,,,,,,
38516,,,,,,,,,,,,,,,,,,,,,,,-0.034160,0.003416,1.015345,0.840000,3.570000,-1.330000
38514,,,,,,,,,,,,,,,,,,,,-0.011064,0.856350,-0.469245,,,,,,
38517,,,,,,,,,,,,,-0.633087,-0.171316,-0.098490,-0.096257,,,,,,,,,,,,
38529,,,,,,,,,,,,,-0.532680,-0.144145,-0.102493,-0.099606,,,,,,,,,,,,
38530,,,,0.000000,1.000000,0.783802,0.000000,0.000000,,,,,,,,,,,,,,,,,,,,
38531,,,,,,,,,,,-15.497475,-15.497475,,,,,-0.055102,0.133128,1.253027,,,,,,,,,
38525,,,,,,,,,,,,,,,,,,,,-0.011121,0.856353,-0.469245,,,,,,
38534,,,,,,,,,,,,,,,,,,,,,,,-0.045506,0.003721,1.014430,0.840000,9.590000,1.330000
38537,,,,,,,,,,,,,-0.448197,-0.775311,-0.106033,-0.095924,,,,,,,,,,,,
38535,,,,,,,,,,,,,,,,,,,,-0.011210,0.856366,-0.469245,,,,,,
38540,,,,,,,,,,,,,,,,,,,,,,,-0.059658,-0.000549,1.012661,-0.070000,8.050000,0.070000
38546,,,,,,,,,,,,,,,,,,,,-0.011307,0.856344,-0.466422,-0.059658,-0.000549,1.012661,1.190000,3.920000,-2.450000
38547,,,,,,,,,,,,,-0.923733,-0.652346,-0.104192,-0.100122,,,,,,,,,,,,
38553,,,,,,,,,,,,,,,,,,,,-0.011431,0.856456,-0.469281,,,,,,
38556,,,,,,,,,,,,,,,,,,,,,,,-0.059658,-0.000549,1.012661,0.630000,5.110000,-8.400000
38557,,,,,,,,,,,,,-0.777229,-1.099707,-0.108601,-0.098528,,,,,,,,,,,,
38563,,,,,,,,,,,,,,,,,,,,-0.011629,0.856483,-0.469288,,,,,,
38566,,,,,,,,,,,,,,,,,,,,,,,-0.067100,0.004331,1.017541,0.910000,9.870000,-20.020000
38567,,,,,,,,,,,,,-0.653960,-1.471968,-0.112803,-0.097611,,,,,,,,,,,,
38574,,,,,,,,,,,,,,,,,,,,-0.011780,0.856556,-0.472113,,,,,,
38576,,,,,,,,,,,,,,,,,,,,,,,-0.067100,0.004331,1.013149,1.960000,10.500000,-30.240000
38577,,,,,,,,,,,,,-0.550242,-1.787836,-0.116829,-0.097194,,,,,,,,,,,,
38580,,,,0.000000,1.000000,0.783802,0.000000,0.000000,,,,,,,,,,,,,,,,,,,,
38581,,,,,,,,,,,-15.475817,-15.475817,,,,,-0.055025,0.132957,1.258448,,,,,,,,,
38588,,,,,,,,,,,,,,,-0.120488,-0.097754,,,,,,,,,,,,
38589,,,,,,,,,,,,,-0.462974,-1.980118,,,,,,,,,,,,,,
38584,,,,,,,,,,,,,,,,,,,,-0.011970,0.856657,-0.477787,,,,,,
38592,,,,,,,,,,,,,,,,,,,,,,,-0.079483,0.005063,1.013149,0.000000,0.840000,-26.670000
38594,,,,,,,,,,,,,,,,,,,,-0.012235,0.856822,-0.483497,,,,,,
38597,,,,,,,,,,,,,,,-0.118098,-0.097514,,,,,,,-0.040992,-0.000976,1.024617,0.910000,-2.870000,-23.030001
38598,,,,,,,,,,,,,-0.991717,-2.268242,,,,,,,,,,,,,,
38606,,,,,,,,,,,,,,,,,,,,,,,-0.040992,-0.000976,1.024617,1.190000,-6.020000,-18.760000
38605,,,,,,,,,,,,,,,,,,,,-0.012531,0.857003,-0.486348,,,,,,
38607,,,,,,,,,,,,,-0.834430,-1.908499,-0.122599,-0.103825,,,,,,,,,,,,
38616,,,,,,,,,,,,,,,,,,,,,,,-0.092476,0.006405,1.010099,1.680000,2.520000,-29.610001
38617,,,,,,,,,,,,,-0.702090,-2.679437,-0.126877,-0.098675,,,,,,,,,,,,
38615,,,,,,,,,,,,,,,,,,,,-0.012876,0.857156,-0.489200,,,,,,
38628,,,,,,,,,,,,,,,-0.126042,-0.100643,,,,,,,,,,,,
38629,,,,,,,,,,,,,-1.073660,-2.737400,,,,,,,,,,,,,,
38625,,,,,,,,,,,,,,,,,,,,-0.013208,0.857410,-0.494919,,,,,,
38631,,,,0.000000,1.000000,0.783802,0.000000,0.000000,,,,,,,,,,,,,,,,,,,,
38632,,,,,,,,,,,-15.688559,-15.688559,,,,,-0.055782,0.131858,1.277020,,,,,,,,,
38634,,,,,,,,,,,,,,,,,,,,,,,-0.092476,0.006405,1.010099,1.260000,1.540000,-36.049999
38637,,,,,,,,,,,,,-1.553268,-2.953138,-0.126200,-0.103160,,,,,,,,,,,,
38636,,,,,,,,,,,,,,,,,,,,-0.013621,0.857725,-0.500631,,,,,,
38639,,,,,,,,,,,,,,,,,,,,,,,-0.063867,0.014823,1.022299,1.400000,-1.050000,-23.100000
38646,,,,,,,,,,,,,,,,,,,,-0.014076,0.857967,-0.506325,-0.063867,0.014823,1.022299,0.070000,7.420000,-23.170000
38647,,,,,,,,,,,,,-1.306920,-3.584635,-0.131540,-0.099266,,,,,,,,,,,,
38653,,,,,,,,,,,,,,,,,,,,-0.014536,0.858185,-0.509185,,,,,,
38656,,,,,,,,,,,,,,,,,,,,,,,-0.109495,-0.000976,1.004975,2.660000,11.620000,-18.900000
38657,,,,,,,,,,,,,-1.648632,-3.565102,-0.130931,-0.101886,,,,,,,,,,,,
38664,,,,,,,,,,,,,,,,,,,,-0.014949,0.858422,-0.512045,,,,,,
38666,,,,,,,,,,,,,,,,,,,,,,,-0.109495,-0.000976,1.004975,1.960000,10.710000,-2.240000
38667,,,,,,,,,,,,,-2.481058,-3.546626,-0.125248,-0.104499,,,,,,,,,,,,
38676,,,,,,,,,,,,,,,,,,,,,,,-0.092720,0.006100,1.018395,-1.190000,13.160000,-7.210000
38674,,,,,,,,,,,,,,,,,,,,-0.015482,0.858766,-0.512045,,,,,,
38677,,,,,,,,,,,,,-2.637884,-4.084774,-0.126290,-0.101438,,,,,,,,,,,,
38680,,,,0.000000,1.000000,0.783802,0.000000,0.000000,,,,,,,,,,,,,,,,,,,,
38681,,,,,,,,,,,-15.672098,-15.672098,,,,,-0.055723,0.130648,1.297017,,,,,,,,,
38688,,,,,,,,,,,,,,,-0.128149,-0.100499,,,,,,,,,,,,
38689,,,,,,,,,,,,,-2.695015,-4.387929,,,,,,,,,,,,,,
38685,,,,,,,,,,,,,,,,,,,,-0.015984,0.859099,-0.514905,,,,,,
38692,,,,,,,,,,,,,,,,,,,,,,,-0.092720,0.006100,1.018395,2.940000,4.620000,-5.670000
38697,,,,,,,,,,,,,-3.480647,-4.298533,-0.122731,-0.103668,,,,,,,-0.078385,0.027450,1.016809,-0.560000,4.830000,3.570000
38695,,,,,,,,,,,,,,,,,,,,-0.016626,0.859464,-0.517783,,,,,,
38706,,,,,,,,,,,,,,,,,,,,,,,-0.078385,0.027450,1.016809,1.330000,9.590000,-4.830000
38707,,,,,,,,,,,,,-3.507424,-4.195594,-0.124896,-0.106992,,,,,,,,,,,,
38705,,,,,,,,,,,,,,,,,,,,-0.017307,0.859894,-0.517815,,,,,,
38714,,,,,,,,,,,,,,,,,,,,-0.018042,0.860334,-0.517783,,,,,,
38716,,,,,,,,,,,,,,,,,,,,,,,-0.118279,-0.023851,1.005402,1.400000,9.100000,-5.460000
38717,,,,,,,,,,,,,-4.042634,-4.621660,-0.121870,-0.104942,,,,,,,,,,,,
38726,,,,,,,,,,,,,,,,,,,,,,,-0.118279,-0.023851,1.005402,-0.490000,3.150000,-7.140000
38724,,,,,,,,,,,,,,,,,,,,-0.018794,0.860758,-0.517801,,,,,,
38727,,,,,,,,,,,,,-4.495371,-4.982564,-0.119578,-0.103471,,,,,,,,,,,,
38730,,,,0.000000,1.000000,0.783802,0.000000,0.000000,,,,,,,,,,,,,,,,,,,,
38731,,,,,,,,,,,-14.735182,-14.735182,,,,,-0.052392,0.130322,1.301218,,,,,,,,,
38737,,,,,,,,,,,,,-4.876964,-5.286888,-0.108365,-0.092948,,,,,,,-0.096258,0.021716,1.025593,1.120000,6.510000,-8.050000
38734,,,,,,,,,,,,,,,,,,,,-0.019577,0.861281,-0.520665,,,,,,
38748,,,,,,,,,,,,,-4.590415,-5.422263,-0.113259,-0.093457,,,,,,,,,,,,
38745,,,,,,,,,,,,,,,,,,,,-0.020397,0.861742,-0.520665,,,,,,
38752,,,,,,,,,,,,,,,,,,,,,,,-0.096258,0.021716,1.025593,2.940000,1.050000,-5.670000
38757,,,,,,,,,,,,,-5.062206,-5.762122,-0.110476,-0.091853,,,,,,,-0.081740,-0.005002,1.019981,3.220000,-7.980000,-7.630000
38755,,,,,,,,,,,,,,,,,,,,-0.021292,0.862241,-0.520665,,,,,,
38766,,,,,,,,,,,,,,,,,,,,,,,-0.081740,-0.005002,1.019981,1.120000,-23.799999,-5.110000
38767,,,,,,,,,,,,,-5.399624,-5.988534,-0.108969,-0.091338,,,,,,,,,,,,
38765,,,,,,,,,,,,,,,,,,,,-0.022235,0.862919,-0.520665,,,,,,
38776,,,,,,,,,,,,,,,,,,,,-0.023309,0.863519,-0.520661,-0.021472,0.018300,1.016748,-2.730000,-17.780001,-2.800000
38777,,,,,,,,,,,,,-5.092067,-5.587576,-0.113973,-0.097177,,,,,,,,,,,,
38780,,,,0.000000,1.000000,0.783802,0.000000,0.000000,,,,,,,,,,,,,,,,,,,,
38781,,,,,,,,,,,-13.454033,-13.454033,,,,,-0.047837,0.130019,1.304191,,,,,,,,,
38789,,,,,,,,,,,,,-5.199894,-5.616815,-0.101734,-0.085641,,,,,,,,,,,,
38786,,,,,,,,,,,,,,,,,,,,-0.024369,0.864089,-0.523498,,,,,,
38792,,,,,,,,,,,,,,,,,,,,,,,-0.021472,-0.006466,1.007110,2.870000,-30.870001,-0.560000
38794,,,,,,,,,,,,,,,,,,,,-0.025469,0.864790,-0.523507,,,,,,
38797,,,,,,,,,,,,,-5.737400,-6.088197,-0.097902,-0.082400,,,,,,,,,,,,
38798,,,,,,,,,,,,,,,,,,,,,,,-0.072041,-0.006466,1.007110,1.750000,-28.070000,5.320000
38806,,,,,,,,,,,,,,,,,,,,,,,-0.072041,0.001891,1.018029,1.470000,-8.960000,-8.680000
38804,,,,,,,,,,,,,,,,,,,,-0.026512,0.865427,-0.526355,,,,,,
38807,,,,,,,,,,,,,-5.924211,-5.670990,-0.097540,-0.088129,,,,,,,,,,,,
38816,,,,,,,,,,,,,,,,,,,,,,,-0.036234,0.001891,1.018029,-1.400000,14.070000,-2.940000
38814,,,,,,,,,,,,,,,,,,,,-0.027462,0.865979,-0.523470,,,,,,
38817,,,,,,,,,,,,,-5.531306,-5.864921,-0.103054,-0.087707,,,,,,,,,,,,
38826,,,,,,,,,,,,,,,,,,,,,,,0.010248,0.008235,0.997594,0.700000,11.060000,0.140000
38825,,,,,,,,,,,,,,,,,,,,-0.028192,0.866445,-0.523498,,,,,,
38827,,,,,,,,,,,,,-5.744762,-6.570827,-0.102461,-0.082025,,,,,,,,,,,,
38830,,,,0.000000,1.000000,0.783802,0.000000,0.000000,,,,,,,,,,,,,,,,,,,,
38831,,,,,,,,,,,-11.909531,-11.909531,,,,,-0.042345,0.129783,1.307039,,,,,,,,,
38837,,,,,,,,,,,,,-5.929303,-6.076523,-0.086367,-0.072689,,,,,,,0.010248,0.008235,0.997594,-0.910000,5.950000,2.800000
38835,,,,,,,,,,,,,,,,,,,,-0.029022,0.866916,-0.523498,,,,,,
38849,,,,,,,,,,,,,-5.884250,-6.008121,-0.088022,-0.074554,,,,,,,,,,,,
38845,,,,,,,,,,,,,,,,,,,,-0.029827,0.867447,-0.523498,,,,,,
38851,,,,,,,,,,,,,,,,,,,,,,,-0.051179,0.006954,1.025166,0.980000,14.280000,1.540000
38853,,,,,,,,,,,,,,,,,,,,-0.030581,0.867888,-0.520646,,,,,,
38857,,,,,,,,,,,,,-6.348347,-5.753902,-0.084493,-0.078327,,,,,,,-0.051179,0.006954,1.025166,-0.490000,-1.400000,0.910000
38863,,,,,,,,,,,,,,,,,,,,-0.031460,0.868430,-0.523520,,,,,,
38866,,,,,,,,,,,,,,,,,,,,,,,0.019703,0.002684,1.032486,0.280000,-17.709999,2.590000
38867,,,,,,,,,,,,,-5.892934,-5.944205,-0.090251,-0.077617,,,,,,,,,,,,
38874,,,,,,,,,,,,,,,,,,,,-0.032262,0.868889,-0.523489,,,,,,
38876,,,,,,,,,,,,,,,,,,,,,,,0.019703,0.002684,1.032486,-0.700000,-1.050000,10.080000
38877,,,,,,,,,,,,,-6.054636,-6.097775,-0.089805,-0.077244,,,,,,,,,,,,
38880,,,,0.000000,1.000000,0.783802,0.000000,0.000000,,,,,,,,,,,,,,,,,,,,
38881,,,,,,,,,,,-10.556629,-10.556629,,,,,-0.037535,0.129689,1.307270,,,,,,,,,
38884,,,,,,,,,,,,,,,,,,,,-0.033027,0.869485,-0.520646,,,,,,
38887,,,,,,,,,,,,,-5.626618,-5.662916,-0.081542,-0.069042,,,,,,,0.017751,-0.002501,1.002596,1.050000,11.970000,4.130000
38896,,,,,,,,,,,,,,,,,,,,,,,0.017751,-0.002501,1.002596,0.070000,11.480000,2.240000
38894,,,,,,,,,,,,,,,,,,,,-0.033620,0.869622,-0.517782,,,,,,
38897,,,,,,,,,,,,,-5.864463,-5.329890,-0.080102,-0.073418,,,,,,,,,,,,
38909,,,,,,,,,,,,,-5.405050,-4.955260,-0.085726,-0.078284,,,,,,,,,,,,
38905,,,,,,,,,,,,,,,,,,,,-0.034250,0.869994,-0.517797,,,,,,
38912,,,,,,,,,,,,,,,,,,,,,,,-0.004941,0.005978,1.031022,0.560000,-8.260000,3.990000
38917,,,,,,,,,,,,,-5.163738,-4.785285,-0.089218,-0.081138,,,,,,,-0.004941,0.005978,1.031022,0.420000,-10.150000,9.660000
38915,,,,,,,,,,,,,,,,,,,,-0.034946,0.870489,-0.520646,,,,,,
38926,,,,,,,,,,,,,,,,,,,,,,,0.003782,0.000122,1.015345,0.840000,-4.340000,9.940000
38927,,,,,,,,,,,,,-5.501894,-5.183464,-0.086848,-0.078231,,,,,,,,,,,,
38925,,,,,,,,,,,,,,,,,,,,-0.035581,0.870856,-0.517791,,,,,,
38930,,,,0.000000,1.000000,0.783802,0.000000,0.000000,,,,,,,,,,,,,,,,,,,,
38931,,,,,,,,,,,-9.392323,-9.392323,,,,,-0.033395,0.129714,1.304941,,,,,,,,,
38937,,,,,,,,,,,,,-5.163892,-4.895965,-0.079430,-0.070362,,,,,,,0.003782,0.000122,1.015345,-0.560000,6.650000,3.150000
38936,,,,,,,,,,,,,,,,,,,,-0.036085,0.871170,-0.514934,,,,,,
38949,,,,,,,,,,,,,-4.811276,-5.052221,-0.083873,-0.069668,,,,,,,,,,,,
38946,,,,,,,,,,,,,,,,,,,,-0.036579,0.871329,-0.514934,,,,,,
38952,,,,,,,,,,,,,,,,,,,,,,,-0.011285,0.006039,1.000522,-0.140000,9.100000,-3.850000
38954,,,,,,,,,,,,,,,,,,,,-0.037098,0.871645,-0.512067,,,,,,
38957,,,,,,,,,,,,,-4.712041,-4.250938,-0.085801,-0.078709,,,,,,,-0.011285,0.006039,1.000522,0.210000,-1.120000,-2.450000
38966,,,,,,,,,,,,,,,,,,,,,,,-0.032452,-0.004331,1.034560,0.770000,-9.380000,0.490000
38964,,,,,,,,,,,,,,,,,,,,-0.037565,0.871981,-0.517797,,,,,,
38967,,,,,,,,,,,,,-4.524480,-4.136508,-0.088650,-0.080904,,,,,,,,,,,,
38976,,,,,,,,,,,,,,,,,,,,,,,-0.032452,-0.004331,1.034560,0.210000,-8.400000,8.540000
38974,,,,,,,,,,,,,,,,,,,,-0.038177,0.872396,-0.517782,,,,,,
38977,,,,,,,,,,,,,-4.354672,-4.028232,-0.091356,-0.083060,,,,,,,,,,,,
38980,,,,0.000000,1.000000,0.783802,0.000000,0.000000,,,,,,,,,,,,,,,,,,,,
38981,,,,,,,,,,,-8.380958,-8.380958,,,,,-0.029799,0.129853,1.299114,,,,,,,,,
38986,,,,,,,,,,,,,,,,,,,,,,,-0.000305,0.012566,1.023214,-0.770000,7.350000,12.740000
38985,,,,,,,,,,,,,,,,,,,,-0.038711,0.872839,-0.514962,,,,,,
38987,,,,,,,,,,,,,-4.200622,-3.925956,-0.083619,-0.074860,,,,,,,,,,,,
38996,,,,,,,,,,,,,,,,,,,,,,,-0.000305,0.012566,0.984296,4.760000,16.870001,-5.180000
38997,,,,,,,,,,,,,-4.093540,-3.862435,-0.085547,-0.076399,,,,,,,,,,,,
38995,,,,,,,,,,,,,,,,,,,,-0.039055,0.873007,-0.512082,,,,,,
39009,,,,,,,,,,,,,-3.891641,-3.249852,-0.088464,-0.083551,,,,,,,,,,,,
39005,,,,,,,,,,,,,,,,,,,,-0.039453,0.873087,-0.512100,,,,,,
39011,,,,,,,,,,,,,,,,,,,,,,,-0.025193,-0.013664,0.984296,-1.470000,5.110000,8.120000
39016,,,,,,,,,,,,,,,,,,,,-0.039826,0.873279,-0.512100,-0.021594,0.014701,1.044747,-0.490000,-2.870000,13.510000
39017,,,,,,,,,,,,,-3.981166,-3.441165,-0.088449,-0.082626,,,,,,,,,,,,
39026,,,,,,,,,,,,,,,,,,,,-0.040214,0.873713,-0.509260,-0.021594,0.014701,1.044747,1.260000,-9.100000,21.209999
39027,,,,,,,,,,,,,-3.895059,-3.440703,-0.090207,-0.083618,,,,,,,,,,,,
39030,,,,0.000000,1.000000,0.783802,0.000000,0.000000,,,,,,,,,,,,,,,,,,,,
39031,,,,,,,,,,,-7.454444,-7.454444,,,,,-0.026505,0.129866,1.293570,,,,,,,,,
39036,,,,,,,,,,,,,,,,,,,,,,,-0.003599,-0.005917,1.024495,-0.910000,-3.710000,24.150000
39034,,,,,,,,,,,,,,,,,,,,-0.040727,0.873921,-0.503503,,,,,,
39037,,,,,,,,,,,,,-3.827013,-3.444717,-0.082348,-0.075115,,,,,,,,,,,,
39046,,,,,,,,,,,,,,,,,,,,,,,-0.003599,-0.005917,1.024495,1.960000,13.510000,-0.490000
39044,,,,,,,,,,,,,,,,,,,,-0.041142,0.874137,-0.500635,,,,,,
39047,,,,,,,,,,,,,-3.769315,-3.447651,-0.083662,-0.075887,,,,,,,,,,,,
39056,,,,,,,,,,,,,,,,,,,,,,,-0.048129,0.014152,1.000766,-3.780000,9.030000,-4.060000
39054,,,,,,,,,,,,,,,,,,,,-0.041481,0.874246,-0.500635,,,,,,
39057,,,,,,,,,,,,,-3.718451,-3.447803,-0.084917,-0.076687,,,,,,,,,,,,
39068,,,,,,,,,,,,,-3.608224,-3.380502,-0.086789,-0.078175,,,,,,,,,,,,
39065,,,,,,,,,,,,,,,,,,,,-0.041851,0.874547,-0.503493,,,,,,
39072,,,,,,,,,,,,,,,,,,,,,,,-0.048129,0.014152,1.000766,1.750000,-4.900000,12.460000
39077,,,,,,,,,,,,,-3.651610,-2.844353,-0.087116,-0.084458,,,,,,,-0.014518,-0.022143,1.019554,0.350000,-0.420000,6.720000
39075,,,,,,,,,,,,,,,,,,,,-0.042233,0.874659,-0.500635,,,,,,
39080,,,,0.000000,1.000000,0.783802,0.000000,0.000000,,,,,,,,,,,,,,,,,,,,
39081,,,,,,,,,,,-6.516192,-6.516192,,,,,-0.023169,0.130199,1.285204,,,,,,,,,
39087,,,,,,,,,,,,,-3.072464,-2.940903,-0.084213,-0.074825,,,,,,,-0.014518,-0.022143,1.019554,0.350000,-2.170000,-1.960000
39086,,,,,,,,,,,,,,,,,,,,-0.042638,0.874838,-0.500646,,,,,,
39093,,,,,,,,,,,,,,,,,,,,-0.042883,0.875096,-0.500708,,,,,,
39096,,,,,,,,,,,,,,,,,,,,,,,-0.068503,0.022021,1.022909,-1.050000,0.840000,-3.220000
39097,,,,,,,,,,,,,-3.151342,-3.040647,-0.084098,-0.074523,,,,,,,,,,,,
39109,,,,,,,,,,,,,-3.123454,-2.558400,-0.085055,-0.080137,,,,,,,,,,,,
39103,,,,,,,,,,,,,,,,,,,,-0.043236,0.875361,-0.500664,,,,,,
39111,,,,,,,,,,,,,,,,,,,,,,,-0.068503,0.022021,1.022909,1.890000,1.750000,6.020000
39114,,,,,,,,,,,,,,,,,,,,-0.043636,0.875605,-0.500673,,,,,,
39116,,,,,,,,,,,,,,,,,,,,,,,-0.025376,-0.010187,1.009001,-0.280000,-7.070000,9.870000
39117,,,,,,,,,,,,,-3.280690,-2.805254,-0.084130,-0.078411,,,,,,,,,,,,
39126,,,,,,,,,,,,,,,,,,,,,,,-0.025376,-0.010187,1.009001,-0.840000,-8.890000,17.500000
39124,,,,,,,,,,,,,,,,,,,,-0.044117,0.875876,-0.497796,,,,,,
39127,,,,,,,,,,,,,-2.760372,-2.360340,-0.090084,-0.083691,,,,,,,,,,,,
39131,,,,0.000000,1.000000,0.783802,0.000000,0.000000,,,-5.764700,-5.764700,,,,,-0.020497,0.130132,1.281900,,,,,,,,,
39137,,,,,,,,,,,,,-2.859601,-2.523015,-0.082158,-0.075198,,,,,,,0.002074,-0.000488,1.031266,0.630000,0.630000,8.610000
39135,,,,,,,,,,,,,,,,,,,,-0.044511,0.876002,-0.494951,,,,,,
39146,,,,,,,,,,,,,,,,,,,,,,,0.002074,-0.000488,1.031266,-0.140000,15.190000,7.140000
39145,,,,,,,,,,,,,,,,,,,,-0.044740,0.876075,-0.492097,,,,,,
39147,,,,,,,,,,,,,-2.956557,-2.673352,-0.081750,-0.074312,,,,,,,,,,,,
39156,,,,,,,,,,,,,,,,,,,,,,,-0.051789,0.006161,0.994910,0.350000,10.710000,2.380000
39157,,,,,,,,,,,,,-3.045066,-2.249358,-0.081409,-0.079255,,,,,,,,,,,,
39155,,,,,,,,,,,,,,,,,,,,-0.044946,0.876276,-0.492117,,,,,,
39169,,,,,,,,,,,,,-3.034771,-2.365263,-0.082058,-0.078776,,,,,,,,,,,,
39166,,,,,,,,,,,,,,,,,,,,-0.045221,0.876364,-0.492117,,,,,,
39171,,,,,,,,,,,,,,,,,,,,,,,-0.051789,0.006161,0.994910,-1.050000,4.130000,16.309999
39173,,,,,,,,,,,,,,,,,,,,-0.045508,0.876600,-0.489263,,,,,,
39177,,,,,,,,,,,,,-2.553456,-1.990132,-0.087513,-0.083282,,,,,,,-0.038064,-0.000549,1.027057,-1.050000,-7.560000,17.080000
39180,,,,0.000000,1.000000,0.783802,0.000000,0.000000,,,,,,,,,,,,,,,,,,,,
39181,,,,,,,,,,,-5.011381,-5.011381,,,,,-0.017818,0.130295,1.273807,,,,,,,,,
39187,,,,,,,,,,,,,-2.675166,-1.674496,-0.079230,-0.079573,,,,,,,-0.038064,-0.000549,1.027057,-0.490000,-18.900000,19.320000
39186,,,,,,,,,,,,,,,,,,,,-0.045889,0.876756,-0.486411,,,,,,
39196,,,,,,,,,,,,,,,,,,,,,,,-0.009638,0.004270,1.031266,-0.630000,-1.890000,21.910000
39197,,,,,,,,,,,,,-2.824934,-1.408921,-0.078170,-0.082949,,,,-0.046276,0.876917,-0.483522,,,,,,
39206,,,,,,,,,,,,,,,,,,,,,,,-0.009638,0.004270,1.031266,1.540000,5.180000,20.370001
39204,,,,,,,,,,,,,,,,,,,,-0.046513,0.877025,-0.477840,,,,,,
39207,,,,,,,,,,,,,-2.925391,-1.185466,-0.077582,-0.085949,,,,,,,,,,,,
39216,,,,,,,,,,,,,,,,,,,,,,,-0.007564,-0.007137,0.997533,-0.630000,8.330000,23.730000
39214,,,,,,,,,,,,,,,,,,,,-0.046649,0.877110,-0.475010,,,,,,
39217,,,,,,,,,,,,,-2.461424,-0.997451,-0.082732,-0.088632,,,,,,,,,,,,
39229,,,,,,,,,,,,,-2.525282,-0.839255,-0.082591,-0.091048,,,,,,,,,,,,
39231,,,,0.000000,1.000000,0.783802,0.000000,0.000000,,,-4.079046,-4.079046,,,,,-0.014503,0.130635,1.257314,,,,,,,,,
39225,,,,,,,,,,,,,,,,,,,,-0.046804,0.877223,-0.469297,,,,,,
39234,,,,,,,,,,,,,,,,,,,,,,,-0.007564,0.006893,1.022360,-1.610000,0.700000,24.010000
39237,,,,,,,,,,,,,-2.817310,-0.706149,-0.070599,-0.083731,,,,,,,,,,,,
39235,,,,,,,,,,,,,,,,,,,,-0.046960,0.877324,-0.466423,,,,,,
39240,,,,,,,,,,,,,,,,,,,,,,,-0.015860,0.006893,1.022360,-0.700000,0.910000,22.260000
39246,,,,,,,,,,,,,,,,,,,,-0.047112,0.877426,-0.463647,-0.041602,-0.001891,1.018334,1.190000,-0.910000,22.820000
39247,,,,,,,,,,,,,-2.370485,-0.594154,-0.075409,-0.085548,,,,,,,,,,,,
39253,,,,,,,,,,,,,,,,,,,,-0.047260,0.877514,-0.460768,,,,,,
39256,,,,,,,,,,,,,,,,,,,,,,,-0.041602,-0.001891,1.018334,-1.960000,-2.030000,22.400000
39257,,,,,,,,,,,,,-2.544291,-0.499921,-0.073978,-0.087206,,,,,,,,,,,,
39266,,,,,,,,,,,,,,,,,,,,-0.047485,0.877535,-0.455097,-0.023119,-0.000671,1.024617,0.490000,-3.850000,16.590000
39267,,,,,,,,,,,,,-2.687332,-0.420633,-0.072826,-0.088730,,,,,,,,,,,,
39274,,,,,,,,,,,,,,,,,,,,-0.047642,0.877596,-0.452266,,,,,,
39276,,,,,,,,,,,,,,,,,,,,,,,-0.023119,-0.000671,1.024617,-0.070000,5.250000,20.719999
39277,,,,,,,,,,,,,-2.261121,-0.353921,-0.077452,-0.090142,,,,,,,,,,,,
39280,,,,0.000000,1.000000,0.783802,0.000000,0.000000,,,,,,,,,,,,,,,,,,,,
39281,,,,,,,,,,,-2.949681,-2.949681,,,,,-0.010488,0.130927,1.235102,,,,,,,,,
39289,,,,,,,,,,,,,-2.376064,-0.297789,-0.065123,-0.079940,,,,,,,,,,,,
39284,,,,,,,,,,,,,,,,,,,,-0.047682,0.877609,-0.449437,,,,,,
39292,,,,,,,,,,,,,,,,,,,,,,,-0.019947,-0.004514,0.999485,-0.140000,1.470000,14.350000
39294,,,,,,,,,,,,,,,,,,,,-0.047755,0.877665,-0.446621,,,,,,
39297,,,,,,,,,,,,,-1.999220,-0.250560,-0.069082,-0.080953,,,,,,,-0.019947,-0.004514,0.999485,1.120000,-4.480000,12.040000
39306,,,,,,,,,,,,,,,,,,,,,,,-0.029829,0.005795,1.031571,-0.070000,-6.370000,6.160000
39304,,,,,,,,,,,,,,,,,,,,-0.047876,0.877726,-0.443759,,,,,,
39307,,,,,,,,,,,,,-1.682143,-0.210821,-0.072506,-0.081898,,,,,,,,,,,,
39316,,,,,,,,,,,,,,,,,,,,,,,-0.029829,0.005795,1.031571,0.630000,-3.290000,3.430000
39315,,,,,,,,,,,,,,,,,,,,-0.048017,0.877763,-0.440922,,,,,,
39317,,,,,,,,,,,,,-1.415355,-0.177385,-0.075481,-0.082787,,,,,,,,,,,,
39329,,,,,,,,,,,,,-1.190880,-0.149251,-0.078078,-0.083628,,,,,,,,,,,,
39325,,,,,,,,,,,,,,,,,,,,-0.048081,0.877752,-0.440922,,,,,,
39331,,,,0.000000,1.000000,0.783802,0.000000,0.000000,,,,,,,,,,,,,,,,,,,,
39332,,,,,,,,,,,-2.486520,-2.486520,,,,,-0.008841,0.131064,1.225595,,,,,,,,,
39334,,,,,,,,,,,,,,,,,,,,,,,0.006954,-0.006283,1.013271,0.420000,4.620000,1.750000
39337,,,,,,,,,,,,,-1.002006,-0.125580,-0.075632,-0.079705,,,,,,,,,,,,
39335,,,,,,,,,,,,,,,,,,,,-0.048017,0.877791,-0.440922,,,,,,
39340,,,,,,,,,,,,,,,,,,,,,,,0.006954,-0.006283,1.013271,0.490000,2.240000,-0.770000
39346,,,,,,,,,,,,,,,,,,,,,,,-0.027267,-0.000488,1.016382,0.700000,1.330000,-1.470000
39347,,,,,,,,,,,,,-0.843088,-0.105663,-0.077549,-0.080381,,,,,,,,,,,,
39345,,,,,,,,,,,,,,,,,,,,-0.047968,0.877784,-0.440922,,,,,,
39356,,,,,,,,,,,,,,,,,,,,-0.047939,0.877771,-0.443759,-0.027267,-0.000488,1.016382,0.560000,0.070000,0.560000
39357,,,,,,,,,,,,,-0.709374,-0.088905,-0.079242,-0.081028,,,,,,,,,,,,
39366,,,,,,,,,,,,,,,,,,,,,,,-0.054534,0.002562,1.016443,0.560000,-1.610000,-0.910000
39367,,,,,,,,,,,,,-0.596867,-0.074805,-0.080745,-0.081651,,,,,,,,,,,,
39369,,,,,,,,,,,,,,,,,,,,-0.047961,0.877804,-0.443759,,,,,,
39373,,,,,,,,,,,,,,,,,,,,-0.047960,0.877806,-0.443782,,,,,,
39376,,,,,,,,,,,,,,,,,,,,,,,-0.054534,0.002562,1.016443,0.700000,-0.420000,0.140000
39377,,,,,,,,,,,,,-0.502204,-0.062941,-0.082088,-0.082254,,,,,,,,,,,,
39380,,,,0.000000,1.000000,0.783802,0.000000,0.000000,,,,,,,,,,,,,,,,,,,,
39381,,,,,,,,,,,-2.566291,-2.566291,,,,,-0.009125,0.130959,1.227417,,,,,,,,,
39389,,,,,,,,,,,,,-0.422554,-0.052958,-0.084111,-0.083655,,,,,,,,,,,,
39386,,,,,,,,,,,,,,,,,,,,-0.048005,0.877845,-0.440945,,,,,,
39392,,,,,,,,,,,,,,,,,,,,,,,-0.031903,-0.000183,1.014247,0.560000,1.050000,0.000000
39397,,,,,,,,,,,,,,,,,,,,-0.047968,0.877789,-0.440922,-0.031903,-0.000183,1.018151,0.700000,0.840000,0.000000
39398,,,,,,,,,,,,,-0.355537,-0.044559,-0.085224,-0.084243,,,,,,,,,,,,
39406,,,,,,,,,,,,,,,,,,,,,,,-0.043432,-0.000854,1.018151,0.630000,-0.140000,-0.210000
39407,,,,,,,,,,,,,-0.299149,-0.037492,-0.086241,-0.084819,,,,-0.047957,0.877787,-0.440922,,,,,,
39416,,,,,,,,,,,,,,,,,,,,,,,-0.043432,-0.000854,1.018151,0.560000,0.070000,0.560000
39414,,,,,,,,,,,,,,,,,,,,-0.047958,0.877792,-0.440922,,,,,,
39417,,,,,,,,,,,,,-0.251704,-0.031546,-0.087178,-0.085386,,,,,,,,,,,,
39426,,,,,,,,,,,,,,,,,,,,,,,-0.046299,0.001159,1.017236,0.630000,1.260000,1.330000
39425,,,,,,,,,,,,,,,,,,,,-0.047995,0.877819,-0.440945,,,,,,
39427,,,,,,,,,,,,,-0.211784,-0.026543,-0.088049,-0.085944,,,,,,,,,,,,
39430,,,,0.000000,1.000000,0.783802,0.000000,0.000000,,,,,,,,,,,,,,,,,,,,
39431,,,,,,,,,,,-2.467817,-2.467817,,,,,-0.008774,0.130977,1.224971,,,,,,,,,
39437,,,,,,,,,,,,,-0.178195,-0.022333,-0.087858,-0.085490,,,,,,,-0.046299,0.000732,1.016016,0.560000,0.980000,1.680000
39435,,,,,,,,,,,,,,,,,,,,-0.047967,0.877805,-0.440945,,,,,,
39448,,,,,,,,,,,,,-0.629369,-0.018791,-0.083714,-0.086015,,,,,,,,,,,,
39445,,,,,,,,,,,,,,,,,,,,-0.047956,0.877798,-0.440945,,,,,,
39452,,,,,,,,,,,,,,,,,,,,,,,-0.044896,0.000732,1.016016,0.630000,1.330000,2.870000
39453,,,,,,,,,,,,,,,,,,,,-0.047979,0.877845,-0.440905,,,,,,
39457,,,,,,,,,,,,,-0.529551,-0.015811,-0.085099,-0.086536,,,,,,,-0.050996,0.001769,1.016077,0.630000,1.540000,3.640000
39466,,,,,,,,,,,,,,,,,,,,-0.048013,0.877855,-0.438090,-0.050996,0.001769,1.016077,0.630000,2.940000,7.140000
39467,,,,,,,,,,,,,-0.445564,-0.013303,-0.086344,-0.087052,,,,,,,,,,,,
39476,,,,,,,,,,,,,,,,,,,,-0.048050,0.877856,-0.438090,-0.069296,0.000427,1.013637,0.350000,3.570000,11.130000
39477,,,,,,,,,,,,,-0.374897,-0.011193,-0.087469,-0.087564,,,,,,,,,,,,
39480,,,,0.000000,1.000000,0.783802,0.000000,0.000000,,,,,,,,,,,,,,,,,,,,
39481,,,,,,,,,,,-2.346270,-2.346270,,,,,-0.008342,0.130991,1.222151,,,,,,,,,
39489,,,,,,,,,,,,,-0.772500,-0.009418,-0.082592,-0.086834,,,,,,,,,,,,
39484,,,,,,,,,,,,,,,,,,,,-0.048080,0.877885,-0.435233,,,,,,
39493,,,,,,,,,,,,,,,,,,,,,,,-0.069296,0.000427,1.013637,0.770000,-3.500000,11.760000
39497,,,,,,,,,,,,,-0.649982,-0.007924,-0.084157,-0.087316,,,,-0.048188,0.877905,-0.435250,,,,,,
39498,,,,,,,,,,,,,,,,,,,,,,,-0.059231,0.004514,1.019188,0.420000,-0.910000,14.490000
39506,,,,,,,,,,,,,,,,,,,,,,,-0.059231,0.004514,1.019188,-0.630000,0.000000,17.430000
39504,,,,,,,,,,,,,,,,,,,,-0.048314,0.877953,-0.429581,,,,,,
39507,,,,,,,,,,,,,-0.546894,-0.006667,-0.085547,-0.087797,,,,,,,,,,,,
39516,,,,,,,,,,,,,,,,,,,,,,,-0.060878,-0.006161,1.011258,0.350000,0.910000,19.040001
39515,,,,,,,,,,,,,,,,,,,,-0.048420,0.877957,-0.426729,,,,,,
39517,,,,,,,,,,,,,-1.007437,-0.005610,-0.081210,-0.088275,,,,,,,,,,,,
39526,,,,,,,,,,,,,,,,,,,,,,,-0.060878,-0.006161,1.011258,-0.560000,0.980000,20.790001
39525,,,,,,,,,,,,,,,,,,,,-0.048567,0.878009,-0.423897,,,,,,
39527,,,,,,,,,,,,,-0.847657,-0.004720,-0.083107,-0.088753,,,,,,,,,,,,
39530,,,,0.000000,1.000000,0.783802,0.000000,0.000000,,,,,,,,,,,,,,,,,,,,
39531,,,,,,,,,,,-1.719215,-1.719215,,,,,-0.006113,0.131157,1.208912,,,,,,,,,
39536,,,,,,,,,,,,,,,,,,,,,,,-0.044835,0.002806,1.015162,1.050000,0.910000,16.100000
39537,,,,,,,,,,,,,-1.275473,-0.003972,-0.072647,-0.082833,,,,,,,,,,,,
39535,,,,,,,,,,,,,,,,,,,,-0.048702,0.878066,-0.421085,,,,,,
39559,,,,,,,,,,,,,-1.316467,-0.003342,-0.072318,-0.083182,,,,,,,,,,,,
39560,,,,,,,,,,,,,-1.107675,-0.002812,-0.074528,-0.083531,,,,,,,,,,,,
39556,,,,,,,,,,,,,,,,,,,,-0.048940,0.878091,-0.415485,,,,,,
39563,,,,,,,,,,,,,,,,,,,,,,,-0.044835,0.002806,1.015162,0.280000,0.420000,10.430000
39564,,,,,,,,,,,,,,,,,,,,-0.049048,0.878080,-0.412656,,,,,,
39567,,,,,,,,,,,,,-0.931998,-0.002366,-0.076442,-0.083879,,,,,,,,,,,,
39568,,,,,,,,,,,,,,,,,,,,,,,-0.019337,-0.000793,1.016138,0.490000,2.310000,11.900000
39573,,,,,,,,,,,,,,,,,,,,,,,-0.031842,0.003477,1.023763,-0.140000,0.490000,9.520000
39574,,,,,,,,,,,,,,,,,,,,-0.049099,0.878164,-0.412617,,,,,,
39577,,,,,,,,,,,,,-0.784183,-0.001991,-0.078108,-0.084226,,,,,,,,,,,,
39579,,,,,,,,,,,,,,,,,,,,,,,-0.031842,0.003477,1.023763,0.210000,1.050000,7.630000
39580,,,,0.000000,1.000000,0.783802,0.000000,0.000000,,,,,,,,,,,,,,,,,,,,
39581,,,,,,,,,,,-1.143757,-1.143757,,,,,-0.004067,0.131289,1.197468,,,,,,,,,
39584,,,,,,,,,,,,,,,,,,,,-0.049138,0.878196,-0.409812,,,,,,
39587,,,,,,,,,,,,,-0.659811,-0.001675,-0.073693,-0.078703,,,,,,,-0.031842,0.003477,1.023763,0.420000,2.100000,5.320000
39596,,,,,,,,,,,,,,,,,,,,,,,-0.011346,-0.006893,1.014979,0.770000,-0.350000,4.130000
39595,,,,,,,,,,,,,,,,,,,,-0.049215,0.878144,-0.409768,,,,,,
39597,,,,,,,,,,,,,-0.555165,-0.001409,-0.074858,-0.078934,,,,,,,,,,,,
39609,,,,,,,,,,,,,-0.933055,-0.001186,-0.071121,-0.079165,,,,,,,,,,,,
39605,,,,,,,,,,,,,,,,,,,,-0.049218,0.878192,-0.409789,,,,,,
39612,,,,,,,,,,,,,,,,,,,,,,,-0.011346,-0.006893,1.014979,0.420000,1.330000,3.290000
39617,,,,,,,,,,,,,-0.785072,-0.000998,-0.072672,-0.079395,,,,,,,-0.032940,0.002379,1.013576,0.560000,1.400000,2.870000
39615,,,,,,,,,,,,,,,,,,,,-0.049196,0.878198,-0.409789,,,,,,
39623,,,,,,,,,,,,,,,,,,,,-0.049200,0.878201,-0.406977,,,,,,
39626,,,,,,,,,,,,,,,,,,,,,,,-0.032940,0.002379,1.013576,0.770000,2.030000,3.290000
39627,,,,,,,,,,,,,-0.660560,-0.000839,-0.074014,-0.079625,,,,,,,,,,,,
39630,,,,0.000001,1.000001,0.783802,0.000000,0.000000,,,,,,,,,,,,,,,,,,,,
39631,,,,,,,,,,,-0.876671,-0.876671,,,,,-0.003117,0.131325,1.191340,,,,,,,,,
39637,,,,,,,,,,,,,-0.555795,-0.000706,-0.072455,-0.077131,,,,,,,-0.048007,-0.001952,1.016504,0.490000,-1.260000,2.660000
39636,,,,,,,,,,,,,,,,,,,,-0.049242,0.878202,-0.406962,,,,,,
39644,,,,,,,,,,,,,,,,,,,,-0.049277,0.878202,-0.406962,,,,,,
39646,,,,,,,,,,,,,,,,,,,,,,,-0.048007,-0.001952,1.021201,0.630000,-1.540000,0.910000
39647,,,,,,,,,,,,,-0.467646,-0.000594,-0.073418,-0.077307,,,,,,,,,,,,
39656,,,,,,,,,,,,,,,,,,,,,,,-0.043371,0.000061,1.021201,0.560000,0.560000,1.260000
39654,,,,,,,,,,,,,,,,,,,,-0.049324,0.878219,-0.406962,,,,,,
39657,,,,,,,,,,,,,-0.393477,-0.000500,-0.074257,-0.077483,,,,,,,,,,,,
39669,,,,,,,,,,,,,-0.331072,-0.000421,-0.074990,-0.077659,,,,,,,,,,,,
39664,,,,,,,,,,,,,,,,,,,,-0.049320,0.878223,-0.406962,,,,,,
39671,,,,,,,,,,,,,,,,,,,,,,,-0.043371,0.000244,1.014857,0.490000,1.330000,-0.070000
39677,,,,,,,,,,,,,-0.278564,-0.000354,-0.075635,-0.077835,,,,,,,-0.031293,0.000244,1.014857,0.630000,1.190000,-0.280000
39675,,,,,,,,,,,,,,,,,,,,-0.049282,0.878204,-0.406962,,,,,,
39680,,,,0.000007,1.000007,0.783802,0.000074,-0.000000,,,,,,,,,,,,,,,,,,,,
39681,,,,,,,,,,,-0.833900,-0.829253,,,,,-0.002963,0.131362,1.190812,,,,,,,,,
39687,,,,,,,,,,,,,,,,,,,,,,,-0.045689,0.000000,1.018212,0.630000,-0.210000,-0.490000
39685,,,,,,,,,,,,,,,,,,,,-0.049268,0.878223,-0.406922,,,,,,
39688,,,,,,,,,,,,,-0.234383,-0.000298,-0.075769,-0.077528,,,,,,,,,,,,
39696,,,,,,,,,,,,,,,,,,,,,,,-0.045689,0.000000,1.018212,0.560000,0.000000,0.000000
39697,,,,,,,,,,,,,-0.197210,-0.000251,-0.076268,-0.077694,,,,,,,,,,,,
39695,,,,,,,,,,,,,,,,,,,,-0.049270,0.878209,-0.406962,,,,,,
39703,,,,,,,,,,,,,,,,,,,,-0.049291,0.878205,-0.406941,,,,,,
39709,,,,,,,,,,,,,-0.165933,-0.000211,-0.076714,-0.077860,,,,,,,,,,,,
39712,,,,,,,,,,,,,,,,,,,,,,,-0.041236,-0.000488,1.015345,0.560000,0.280000,-0.210000
39713,,,,,,,,,,,,,,,,,,,,-0.049260,0.878218,-0.406962,,,,,,
39717,,,,,,,,,,,,,-0.139616,-0.000177,-0.077116,-0.078026,,,,,,,-0.041236,-0.000488,1.015345,0.630000,0.700000,-0.140000
39724,,,,,,,,,,,,,,,,,,,,-0.049288,0.878222,-0.406962,,,,,,
39726,,,,,,,,,,,,,,,,,,,,,,,-0.043737,0.000488,1.015528,0.630000,0.140000,-0.350000
39727,,,,,,,,,,,,,-0.117473,-0.000149,-0.077481,-0.078192,,,,,,,,,,,,
39730,,,,0.000023,1.000023,0.783802,0.000294,-0.000000,,,,,,,,,,,,,,,,,,,,
39731,,,,,,,,,,,-0.826338,-0.807877,,,,,-0.002930,0.131372,1.190768,,,,,,,,,
39736,,,,,,,,,,,,,,,,,,,,,,,-0.043737,0.000488,1.015528,0.630000,0.070000,-0.140000
39734,,,,,,,,,,,,,,,,,,,,-0.049297,0.878226,-0.406962,,,,,,
39737,,,,,,,,,,,,,-0.098841,-0.000126,-0.077737,-0.078140,,,,,,,,,,,,
39746,,,,,,,,,,,,,,,,,,,,,,,-0.044286,0.000793,1.017236,0.700000,0.420000,-0.140000
39745,,,,,,,,,,,,,,,,,,,,-0.049277,0.878232,-0.406922,,,,,,
39747,,,,,,,,,,,,,-0.083165,-0.000106,-0.078042,-0.078302,,,,,,,,,,,,
39756,,,,,,,,,,,,,,,,,,,,,,,-0.044286,0.000793,1.017236,0.630000,0.210000,-0.280000
39755,,,,,,,,,,,,,,,,,,,,-0.049262,0.878232,-0.406922,,,,,,
39757,,,,,,,,,,,,,-0.069975,-0.000089,-0.078326,-0.078464,,,,,,,,,,,,
39768,,,,,,,,,,,,,-0.058877,-0.000075,-0.078590,-0.078625,,,,,,,,,,,,
39765,,,,,,,,,,,,,,,,,,,,-0.049279,0.878226,-0.406922,,,,,,
39771,,,,,,,,,,,,,,,,,,,,,,,-0.044042,0.000183,1.017419,0.630000,0.490000,-0.140000
39777,,,,,,,,,,,,,-0.049539,-0.000063,-0.078839,-0.078787,,,,,,,-0.044042,0.000183,1.017419,0.630000,0.280000,-0.210000
39776,,,,,,,,,,,,,,,,,,,,-0.049291,0.878223,-0.406962,,,,,,
39780,,,,0.000055,1.000055,0.783802,0.000655,-0.000002,,,,,,,,,,,,,,,,,,,,
39781,,,,,,,,,,,-0.823372,-0.782253,,,,,-0.002908,0.131413,1.190764,,,,,,,,,
39783,,,,,,,,,,,,,,,,,,,,-0.049295,0.878225,-0.406962,,,,,,
39786,,,,,,,,,,,,,,,,,,,,,,,-0.045079,0.000061,1.016748,0.630000,0.280000,-0.140000
39787,,,,,,,,,,,,,-0.041682,-0.000053,-0.079044,-0.078687,,,,,,,,,,,,
39793,,,,,,,,,,,,,,,,,,,,-0.049286,0.878210,-0.406962,,,,,,
39796,,,,,,,,,,,,,,,,,,,,,,,-0.045079,0.000061,1.016748,0.630000,0.420000,0.000000
39797,,,,,,,,,,,,,-0.035071,-0.000045,-0.079268,-0.078844,,,,,,,,,,,,
39806,,,,,,,,,,,,,,,,,,,,,,,-0.042395,0.000183,1.015711,0.630000,0.210000,-0.140000
39807,,,,,,,,,,,,,-0.029509,-0.000038,-0.079482,-0.079000,,,,-0.049293,0.878218,-0.406962,,,,,,
39816,,,,,,,,,,,,,,,,,,,,,,,-0.042395,0.000183,1.015711,0.630000,0.490000,0.000000
39814,,,,,,,,,,,,,,,,,,,,-0.049294,0.878222,-0.406922,,,,,,
39817,,,,,,,,,,,,,-0.024829,-0.000032,-0.079689,-0.079157,,,,,,,,,,,,
39828,,,,,,,,,,,,,-0.020891,-0.000027,-0.079889,-0.079313,,,,,,,,,,,,
39825,,,,,,,,,,,,,,,,,,,,-0.049294,0.878228,-0.406962,,,,,,
39830,,,,0.000107,1.000106,0.783801,0.001152,-0.000009,,,,,,,,,,,,,,,,,,,,
39831,,,,,,,,,,,-0.818440,-0.746146,,,,,-0.002876,0.131478,1.190763,,,,,,,,,
39834,,,,,,,,,,,,,,,,,,,,-0.049297,0.878225,-0.406962,-0.043737,0.000671,1.015894,0.560000,0.280000,-0.210000
39837,,,,,,,,,,,,,-0.017578,-0.000022,-0.080033,-0.079102,,,,,,,,,,,,
39839,,,,,,,,,,,,,,,,,,,,,,,-0.042090,0.000122,1.016138,0.630000,0.350000,-0.140000
39846,,,,,,,,,,,,,,,,,,,,,,,-0.042090,0.000122,1.016138,0.700000,0.280000,-0.280000
39844,,,,,,,,,,,,,,,,,,,,-0.049273,0.878232,-0.406922,,,,,,
39847,,,,,,,,,,,,,-0.014790,-0.000019,-0.080221,-0.079251,,,,,,,,,,,,
39856,,,,,,,,,,,,,,,,,,,,,,,-0.042090,0.000122,1.016748,0.630000,0.280000,-0.210000
39854,,,,,,,,,,,,,,,,,,,,-0.049274,0.878224,-0.406922,,,,,,
39857,,,,,,,,,,,,,-0.012444,-0.000016,-0.080406,-0.079400,,,,,,,,,,,,
39869,,,,,,,,,,,,,-0.010471,-0.000013,-0.080587,-0.079549,,,,,,,,,,,,
39864,,,,,,,,,,,,,,,,,,,,-0.049260,0.878229,-0.406922,,,,,,
39871,,,,,,,,,,,,,,,,,,,,,,,-0.044286,0.000061,1.016748,0.700000,0.210000,-0.280000
39877,,,,,,,,,,,,,-0.008810,-0.000011,-0.080766,-0.079699,,,,,,,-0.043127,0.000488,1.015955,0.630000,0.280000,-0.280000
39875,,,,,,,,,,,,,,,,,,,,-0.049288,0.878224,-0.406922,,,,,,
39880,,,,0.000183,1.000182,0.783799,0.001782,-0.000027,,,,,,,,,,,,,,,,,,,,
39881,,,,,,,,,,,-0.812640,-0.700876,,,,,-0.002838,0.131579,1.190724,,,,,,,,,
39886,,,,,,,,,,,,,,,,,,,,,,,-0.043127,0.000488,1.015955,0.630000,0.210000,-0.280000
39887,,,,,,,,,,,,,-0.007413,-0.000009,-0.080883,-0.079386,,,,,,,,,,,,
39885,,,,,,,,,,,,,,,,,,,,-0.049288,0.878226,-0.406942,,,,,,
39896,,,,,,,,,,,,,,,,,,,,-0.049261,0.878230,-0.406922,-0.044286,0.000122,1.016443,0.630000,0.210000,-0.280000
39897,,,,,,,,,,,,,-0.006237,-0.000008,-0.081056,-0.079526,,,,,,,,,,,,
39903,,,,,,,,,,,,,,,,,,,,-0.049278,0.878228,-0.406922,,,,,,
39906,,,,,,,,,,,,,,,,,,,,,,,-0.044286,0.000122,1.016443,0.630000,0.210000,-0.280000
39907,,,,,,,,,,,,,-0.005248,-0.000007,-0.081227,-0.079667,,,,,,,,,,,,
39914,,,,,,,,,,,,,,,,,,,,-0.049287,0.878222,-0.406962,,,,,,
39916,,,,,,,,,,,,,,,,,,,,,,,-0.044164,0.000488,1.015894,0.560000,0.210000,-0.350000
39917,,,,,,,,,,,,,-0.004416,-0.000006,-0.081397,-0.079807,,,,,,,,,,,,
39928,,,,,,,,,,,,,-0.003715,-0.000005,-0.081566,-0.079947,,,,,,,,,,,,
39930,,,,0.000288,1.000287,0.783794,0.002540,-0.000067,,,,,,,,,,,,,,,,,,,,
39931,,,,,,,,,,,-0.805244,-0.646077,,,,,-0.002790,0.131718,1.190753,,,,,,,,,
39924,,,,,,,,,,,,,,,,,,,,-0.049254,0.878216,-0.406922,,,,,,
39933,,,,,,,,,,,,,,,,,,,,,,,-0.044164,0.000488,1.015894,0.630000,0.280000,-0.280000
39934,,,,,,,,,,,,,,,,,,,,-0.049277,0.878218,-0.406922,,,,,,
39937,,,,,,,,,,,,,-0.003126,-0.000004,-0.081658,-0.079528,,,,,,,,,,,,
39938,,,,,,,,,,,,,,,,,,,,,,,-0.042395,0.000305,1.016016,0.700000,0.210000,-0.280000
39946,,,,,,,,,,,,,,,,,,,,,,,-0.042395,0.000305,1.016016,0.700000,0.210000,-0.280000
39945,,,,,,,,,,,,,,,,,,,,-0.049269,0.878229,-0.406922,,,,,,
39947,,,,,,,,,,,,,-0.002630,-0.000003,-0.081824,-0.079657,,,,,,,,,,,,
39956,,,,,,,,,,,,,,,,,,,,,,,-0.043981,0.000854,1.016321,0.630000,0.280000,-0.280000
39955,,,,,,,,,,,,,,,,,,,,-0.049284,0.878222,-0.406922,,,,,,
39957,,,,,,,,,,,,,-0.002213,-0.000003,-0.081989,-0.079787,,,,,,,,,,,,
39966,,,,,,,,,,,,,,,,,,,,,,,-0.043981,0.000854,1.016321,0.630000,0.210000,-0.350000
39967,,,,,,,,,,,,,-0.001862,-0.000002,-0.082153,-0.079916,,,,,,,,,,,,
39965,,,,,,,,,,,,,,,,,,,,-0.049289,0.878228,-0.406962,,,,,,
39973,,,,,,,,,,,,,,,,,,,,-0.049258,0.878232,-0.406922,,,,,,
39976,,,,,,,,,,,,,,,,,,,,,,,-0.043920,-0.000183,1.016809,0.630000,0.280000,-0.280000
39977,,,,,,,,,,,,,-0.001567,-0.000002,-0.082316,-0.080045,,,,,,,,,,,,
39980,,,,0.000427,1.000425,0.783784,0.003422,-0.000142,,,,,,,,,,,,,,,,,,,,
39981,,,,,,,,,,,-0.796374,-0.582194,,,,,-0.002733,0.131881,1.190709,,,,,,,,,
39988,,,,,,,,,,,,,-0.001318,-0.000002,-0.082389,-0.079523,,,,,,,,,,,,
39983,,,,,,,,,,,,,,,,,,,,-0.049265,0.878215,-0.406922,,,,,,
39991,,,,,,,,,,,,,,,,,,,,,,,-0.043920,-0.000183,1.016809,0.630000,0.210000,-0.280000
39993,,,,,,,,,,,,,,,,,,,,-0.049259,0.878220,-0.406942,,,,,,
39996,,,,,,,,,,,,,,,,,,,,,,,-0.044103,0.000366,1.016687,0.630000,0.280000,-0.280000
39997,,,,,,,,,,,,,-0.001109,-0.000001,-0.082550,-0.079639,,,,,,,,,,,,
40006,,,,,,,,,,,,,,,,,,,,,,,-0.044103,0.000366,1.016687,0.630000,0.280000,-0.210000
40004,,,,,,,,,,,,,,,,,,,,-0.049248,0.878215,-0.406922,,,,,,
40007,,,,,,,,,,,,,-0.000933,-0.000001,-0.082711,-0.079756,,,,,,,,,,,,
40016,,,,,,,,,,,,,,,,,,,,,,,-0.045201,-0.000122,1.016443,0.630000,0.280000,-0.140000
40014,,,,,,,,,,,,,,,,,,,,-0.049274,0.878218,-0.406922,,,,,,
40017,,,,,,,,,,,,,-0.000785,-0.000001,-0.082872,-0.079872,,,,,,,,,,,,
40026,,,,,,,,,,,,,,,,,,,,,,,-0.045201,-0.000122,1.016443,0.700000,0.280000,-0.210000
40027,,,,,,,,,,,,,-0.000661,-0.000001,-0.083032,-0.079988,,,,,,,,,,,,
40025,,,,,,,,,,,,,,,,,,,,-0.049293,0.878222,-0.406962,,,,,,
40030,,,,0.000603,1.000601,0.783765,0.004424,-0.000271,,,,,,,,,,,,,,,,,,,,
40031,,,,,,,,,,,-0.772780,-0.496310,,,,,-0.002621,0.132132,1.190724,,,,,,,,,
40033,,,,,,,,,,,,,,,,,,,,-0.049283,0.878227,-0.406962,,,,,,
40036,,,,,,,,,,,,,,,,,,,,,,,-0.044408,0.000671,1.016748,0.630000,0.210000,-0.210000
40037,,,,,,,,,,,,,-0.000556,-0.000001,-0.082952,-0.079229,,,,,,,,,,,,
40049,,,,,,,,,,,,,-0.000468,-0.000001,-0.083107,-0.079328,,,,,,,,,,,,
40043,,,,,,,,,,,,,,,,,,,,-0.049269,0.878212,-0.406962,,,,,,
40052,,,,,,,,,,,,,,,,,,,,,,,-0.044408,0.000671,1.016748,0.630000,0.280000,-0.210000
40053,,,,,,,,,,,,,,,,,,,,-0.049277,0.878224,-0.406962,,,,,,
40057,,,,,,,,,,,,,-0.000394,-0.000001,-0.083262,-0.079427,,,,,,,-0.043127,-0.000366,1.015955,0.700000,0.210000,-0.280000
40066,,,,,,,,,,,,,,,,,,,,,,,-0.043127,-0.000366,1.015955,0.630000,0.280000,-0.280000
40064,,,,,,,,,,,,,,,,,,,,-0.049270,0.878209,-0.406962,,,,,,
40067,,,,,,,,,,,,,-0.000331,-0.000000,-0.083417,-0.079527,,,,,,,,,,,,
40076,,,,,,,,,,,,,,,,,,,,,,,-0.044042,0.000549,1.016626,0.630000,0.140000,-0.280000
40074,,,,,,,,,,,,,,,,,,,,-0.049264,0.878212,-0.406962,,,,,,
40077,,,,,,,,,,,,,-0.000279,-0.000000,-0.083572,-0.079626,,,,,,,,,,,,
40080,,,,0.000820,1.000818,0.783734,0.005540,-0.000480,,,,,,,,,,,,,,,,,,,,
40081,,,,,,,,,,,-0.756946,-0.411428,,,,,-0.002534,0.132417,1.190696,,,,,,,,,
40089,,,,,,,,,,,,,-0.000234,-0.000000,-0.083566,-0.078859,,,,,,,,,,,,
40084,,,,,,,,,,,,,,,,,,,,-0.049279,0.878223,-0.406922,,,,,,
40092,,,,,,,,,,,,,,,,,,,,,,,-0.043432,0.000732,1.015833,0.630000,0.280000,-0.280000
40097,,,,,,,,,,,,,,,,,,,,,,,-0.043432,0.000732,1.015833,0.630000,0.210000,-0.350000
40095,,,,,,,,,,,,,,,,,,,,-0.049265,0.878218,-0.406962,,,,,,
40098,,,,,,,,,,,,,-0.000197,-0.000000,-0.083718,-0.078942,,,,,,,,,,,,
40106,,,,,,,,,,,,,,,,,,,,,,,-0.043615,0.000000,1.016565,0.630000,0.210000,-0.280000
40107,,,,,,,,,,,,,-0.000166,-0.000000,-0.083869,-0.079024,,,,,,,,,,,,
40105,,,,,,,,,,,,,,,,,,,,-0.049273,0.878224,-0.406922,,,,,,
40116,,,,,,,,,,,,,,,,,,,,-0.049281,0.878225,-0.406962,-0.043615,0.000000,1.016565,0.630000,0.210000,-0.280000
40117,,,,,,,,,,,,,-0.000140,-0.000000,-0.084021,-0.079106,,,,,,,,,,,,
40126,,,,,,,,,,,,,,,,,,,,,,,-0.043676,0.000549,1.016382,0.700000,0.210000,-0.280000
40124,,,,,,,,,,,,,,,,,,,,-0.049273,0.878194,-0.406941,,,,,,
40127,,,,,,,,,,,,,-0.000117,-0.000000,-0.084172,-0.079189,,,,,,,,,,,,
40130,,,,0.001083,1.001080,0.783683,0.006768,-0.000797,,,,,,,,,,,,,,,,,,,,
40131,,,,,,,,,,,-0.727052,-0.305988,,,,,-0.002395,0.132780,1.190626,,,,,,,,,
40134,,,,,,,,,,,,,,,,,,,,-0.049269,0.878206,-0.406962,,,,,,
40137,,,,,,,,,,,,,-0.000099,-0.000000,-0.084019,-0.078195,,,,,,,-0.043676,0.000549,1.016382,0.630000,0.210000,-0.280000
40149,,,,,,,,,,,,,-0.000083,-0.000000,-0.084165,-0.078257,,,,,,,,,,,,
40145,,,,,,,,,,,,,,,,,,,,-0.049281,0.878205,-0.406962,,,,,,
40151,,,,,,,,,,,,,,,,,,,,,,,-0.043615,-0.000244,1.016748,0.630000,0.280000,-0.280000
40156,,,,,,,,,,,,,,,,,,,,,,,-0.043615,-0.000244,1.016748,0.700000,0.210000,-0.280000
40155,,,,,,,,,,,,,,,,,,,,-0.049301,0.878219,-0.406962,,,,,,
40157,,,,,,,,,,,,,-0.000070,-0.000000,-0.084310,-0.078318,,,,,,,,,,,,
40166,,,,,,,,,,,,,,,,,,,,,,,-0.043920,0.000183,1.015650,0.630000,0.210000,-0.280000
40167,,,,,,,,,,,,,-0.000059,-0.000000,-0.084456,-0.078379,,,,,,,,,,,,
40165,,,,,,,,,,,,,,,,,,,,-0.049280,0.878189,-0.404115,,,,,,
40173,,,,,,,,,,,,,,,,,,,,-0.049280,0.878217,-0.406962,,,,,,
40176,,,,,,,,,,,,,,,,,,,,,,,-0.043920,0.000183,1.015650,0.630000,0.210000,-0.350000
40177,,,,,,,,,,,,,-0.000050,-0.000000,-0.084601,-0.078440,,,,,,,,,,,,
40180,,,,0.001395,1.001391,0.783605,0.008103,-0.001258,,,,,,,,,,,,,,,,,,,,
40181,,,,,,,,,,,-0.687686,-0.185075,,,,,-0.002220,0.133174,1.190565,,,,,,,,,
40189,,,,,,,,,,,,,-0.000042,-0.000000,-0.084345,-0.077268,,,,,,,,,,,,
40183,,,,,,,,,,,,,,,,,,,,-0.049274,0.878223,-0.406962,,,,,,
40191,,,,,,,,,,,,,,,,,,,,,,,-0.043859,0.000244,1.015955,0.700000,0.210000,-0.350000
40196,,,,,,,,,,,,,,,,,,,,,,,-0.043859,0.000244,1.015955,0.630000,0.210000,-0.280000
40197,,,,,,,,,,,,,-0.000035,-0.000000,-0.084483,-0.077305,,,,-0.049255,0.878215,-0.406941,,,,,,
40206,,,,,,,,,,,,,,,,,,,,,,,-0.044225,0.000549,1.016016,0.630000,0.280000,-0.280000
40204,,,,,,,,,,,,,,,,,,,,-0.049273,0.878220,-0.406962,,,,,,
40207,,,,,,,,,,,,,-0.000030,-0.000000,-0.084620,-0.077342,,,,,,,,,,,,
40216,,,,,,,,,,,,,,,,,,,,,,,-0.044225,0.000549,1.016016,0.700000,0.280000,-0.280000
40214,,,,,,,,,,,,,,,,,,,,-0.049272,0.878225,-0.406962,,,,,,
40217,,,,,,,,,,,,,-0.000025,-0.000000,-0.084758,-0.077379,,,,,,,,,,,,
40226,,,,,,,,,,,,,,,,,,,,,,,-0.044042,-0.000122,1.015955,0.630000,0.210000,-0.350000
40227,,,,,,,,,,,,,-0.000021,-0.000000,-0.084895,-0.077416,,,,,,,,,,,,
40225,,,,,,,,,,,,,,,,,,,,-0.049284,0.878209,-0.406962,,,,,,
40230,,,,0.001760,1.001754,0.783489,0.009540,-0.001907,,,,,,,,,,,,,,,,,,,,
40231,,,,,,,,,,,-0.643532,-0.053909,,,,,-0.002027,0.133659,1.190451,,,,,,,,,
40236,,,,,,,,,,,,,,,,,,,,,,,-0.044042,-0.000122,1.015955,0.630000,0.210000,-0.350000
40237,,,,,,,,,,,,,-0.000018,-0.000000,-0.084583,-0.076115,,,,,,,,,,,,
40235,,,,,,,,,,,,,,,,,,,,-0.049275,0.878218,-0.406962,,,,,,
40249,,,,,,,,,,,,,-0.000015,-0.000000,-0.084711,-0.076126,,,,,,,,,,,,
40243,,,,,,,,,,,,,,,,,,,,-0.049293,0.878215,-0.406962,,,,,,
40251,,,,,,,,,,,,,,,,,,,,,,,-0.044530,0.000122,1.016626,0.700000,0.210000,-0.350000
40253,,,,,,,,,,,,,,,,,,,,-0.049283,0.878208,-0.406962,,,,,,
40256,,,,,,,,,,,,,,,,,,,,,,,-0.044530,0.000122,1.016626,0.630000,0.280000,-0.280000
40257,,,,,,,,,,,,,-0.000012,-0.000000,-0.084840,-0.076137,,,,,,,,,,,,
40264,,,,,,,,,,,,,,,,,,,,-0.049298,0.878212,-0.406962,,,,,,
40266,,,,,,,,,,,,,,,,,,,,,,,-0.044286,0.000427,1.017114,0.630000,0.210000,-0.350000
40267,,,,,,,,,,,,,-0.000010,-0.000000,-0.084969,-0.076148,,,,,,,,,,,,
40276,,,,,,,,,,,,,,,,,,,,,,,-0.044286,0.000427,1.016870,0.630000,0.210000,-0.280000
40274,,,,,,,,,,,,,,,,,,,,-0.049288,0.878200,-0.406962,,,,,,
40277,,,,,,,,,,,,,-0.000009,-0.000000,-0.085098,-0.076158,,,,,,,,,,,,
40280,,,,0.002181,1.002174,0.783321,0.011076,-0.002789,,,,,,,,,,,,,,,,,,,,
40281,,,,,,,,,,,-0.591740,0.089944,,,,,-0.001806,0.134220,1.190283,,,,,,,,,
40286,,,,,,,,,,,,,,,,,,,,,,,-0.043554,-0.000366,1.016870,0.630000,0.210000,-0.280000
40284,,,,,,,,,,,,,,,,,,,,-0.049296,0.878213,-0.406962,,,,,,
40287,,,,,,,,,,,,,-0.000007,-0.000000,-0.084698,-0.074702,,,,,,,,,,,,
40296,,,,,,,,,,,,,,,,,,,,,,,-0.043554,0.000549,1.016260,0.630000,0.210000,-0.350000
40295,,,,,,,,,,,,,,,,,,,,-0.049301,0.878217,-0.404136,,,,,,
40297,,,,,,,,,,,,,-0.000006,-0.000000,-0.084816,-0.074684,,,,,,,,,,,,
40309,,,,,,,,,,,,,-0.000005,-0.000000,-0.084935,-0.074666,,,,,,,,,,,,
40305,,,,,,,,,,,,,,,,,,,,-0.049301,0.878214,-0.404136,,,,,,
40312,,,,,,,,,,,,,,,,,,,,,,,-0.045262,0.000549,1.016260,0.630000,0.210000,-0.280000
40317,,,,,,,,,,,,,-0.000004,-0.000000,-0.085053,-0.074648,,,,,,,-0.044591,0.000427,1.015833,0.700000,0.210000,-0.280000
40315,,,,,,,,,,,,,,,,,,,,-0.049297,0.878212,-0.404136,,,,,,
40323,,,,,,,,,,,,,,,,,,,,-0.049287,0.878202,-0.404115,,,,,,
40326,,,,,,,,,,,,,,,,,,,,,,,-0.044591,0.000427,1.015833,0.630000,0.210000,-0.350000
40327,,,,,,,,,,,,,-0.000004,-0.000000,-0.085171,-0.074630,,,,,,,,,,,,
40330,,,,0.002662,1.002652,0.783087,0.012706,-0.003960,,,,,,,,,,,,,,,,,,,,
40331,,,,,,,,,,,-0.429733,0.347671,,,,,-0.001202,0.134852,1.187441,,,,,,,,,
40333,,,,,,,,,,,,,,,,,,,,-0.049269,0.878220,-0.406941,,,,,,
40336,,,,,,,,,,,,,,,,,,,,,,,-0.044652,-0.000305,1.017175,0.630000,0.210000,-0.350000
40337,,,,,,,,,,,,,-0.000003,-0.000000,-0.083637,-0.071983,,,,,,,,,,,,
40344,,,,,,,,,,,,,,,,,,,,-0.049294,0.878219,-0.406962,,,,,,
40346,,,,,,,,,,,,,,,,,,,,,,,-0.044652,-0.000305,1.017175,0.630000,0.210000,-0.280000
40347,,,,,,,,,,,,,-0.000003,-0.000000,-0.083723,-0.071914,,,,,,,,,,,,
40356,,,,,,,,,,,,,,,,,,,,,,,-0.044835,0.001037,1.016138,0.700000,0.210000,-0.280000
40354,,,,,,,,,,,,,,,,,,,,-0.049287,0.878236,-0.406962,,,,,,
40357,,,,,,,,,,,,,-0.000002,-0.000000,-0.083809,-0.071844,,,,,,,,,,,,
40368,,,,,,,,,,,,,-0.000002,-0.000000,-0.083895,-0.071774,,,,,,,,,,,,
40364,,,,,,,,,,,,,,,,,,,,-0.049273,0.878225,-0.406941,,,,,,
40371,,,,,,,,,,,,,,,,,,,,,,,-0.044835,0.001037,1.016138,0.630000,0.140000,-0.350000
40377,,,,,,,,,,,,,-0.000002,-0.000000,-0.083981,-0.071705,,,,,,,-0.044835,0.000000,1.016260,0.630000,0.140000,-0.350000
40375,,,,,,,,,,,,,,,,,,,,-0.049282,0.878237,-0.406941,,,,,,
40380,,,,0.003205,1.003192,0.782766,0.014425,-0.005480,,,,,,,,,,,,,,,,,,,,
40381,,,,,,,,,,,-0.449122,0.429283,,,,,-0.001228,0.135528,1.189490,,,,,,,,,
40386,,,,,,,,,,,,,,,,,,,,,,,-0.044835,0.000000,1.016260,0.700000,0.140000,-0.280000
40387,,,,,,,,,,,,,-0.000001,-0.000000,-0.084265,-0.070803,,,,,,,,,,,,
40385,,,,,,,,,,,,,,,,,,,,-0.049271,0.878193,-0.404115,,,,,,
40396,,,,,,,,,,,,,,,,,,,,-0.049264,0.878218,-0.406962,-0.044286,0.000610,1.016016,0.700000,0.210000,-0.280000
40397,,,,,,,,,,,,,-0.000001,-0.000000,-0.084355,-0.070717,,,,,,,,,,,,
40408,,,,,,,,,,,,,-0.000001,-0.000000,-0.084444,-0.070631,,,,,,,,,,,,
40403,,,,,,,,,,,,,,,,,,,,-0.049292,0.878216,-0.406962,,,,,,
40411,,,,,,,,,,,,,,,,,,,,,,,-0.044286,0.000610,1.016016,0.700000,0.210000,-0.350000
40413,,,,,,,,,,,,,,,,,,,,-0.049281,0.878197,-0.406962,,,,,,
40416,,,,,,,,,,,,,,,,,,,,,,,-0.045018,0.000305,1.016504,0.630000,0.210000,-0.280000
40417,,,,,,,,,,,,,-0.000001,-0.000000,-0.084534,-0.070545,,,,,,,,,,,,
40424,,,,,,,,,,,,,,,,,,,,-0.049290,0.878214,-0.406962,,,,,,
40426,,,,,,,,,,,,,,,,,,,,,,,-0.045018,0.000305,1.016504,0.560000,0.210000,-0.280000
40427,,,,,,,,,,,,,-0.000001,-0.000000,-0.084624,-0.070460,,,,,,,,,,,,
40430,,,,0.003813,1.003797,0.782337,0.016228,-0.007415,,,,,,,,,,,,,,,,,,,,
40431,,,,,,,,,,,-0.377499,0.604458,,,,,-0.000939,0.136344,1.189279,,,,,,,,,
40436,,,,,,,,,,,,,,,,,,,,,,,-0.044652,0.000366,1.015955,0.630000,0.210000,-0.350000
40434,,,,,,,,,,,,,,,,,,,,-0.049298,0.878215,-0.406962,,,,,,
40437,,,,,,,,,,,,,-0.000001,-0.000000,-0.083983,-0.068587,,,,,,,,,,,,
40446,,,,,,,,,,,,,,,,,,,,,,,-0.044652,0.000366,1.015955,0.700000,0.210000,-0.280000
40444,,,,,,,,,,,,,,,,,,,,-0.049281,0.878235,-0.406941,,,,,,
40447,,,,,,,,,,,,,-0.000000,-0.000000,-0.084059,-0.068466,,,,,,,,,,,,
40456,,,,,,,,,,,,,,,,,,,,,,,-0.044225,0.000183,1.016626,0.630000,0.210000,-0.280000
40454,,,,,,,,,,,,,,,,,,,,-0.049289,0.878217,-0.406962,,,,,,
40457,,,,,,,,,,,,,-0.000000,-0.000000,-0.084134,-0.068345,,,,,,,,,,,,
40469,,,,,,,,,,,,,-0.000000,-0.000000,-0.084210,-0.068224,,,,,,,,,,,,
40465,,,,,,,,,,,,,,,,,,,,-0.049271,0.878213,-0.406962,,,,,,
40471,,,,,,,,,,,,,,,,,,,,,,,-0.044225,0.000183,1.016626,0.700000,0.210000,-0.280000
40477,,,,,,,,,,,,,-0.000000,-0.000000,-0.084285,-0.068103,,,,,,,-0.043737,-0.000122,1.017419,0.700000,0.210000,-0.280000
40475,,,,,,,,,,,,,,,,,,,,-0.049267,0.878225,-0.404115,,,,,,
40480,,,,0.004490,1.004470,0.781773,0.018111,-0.009839,,,,,,,,,,,,,,,,,,,,
40481,,,,,,,,,,,-0.187471,0.899348,,,,,-0.000245,0.137215,1.186125,,,,,,,,,
40486,,,,,,,,,,,,,,,,,,,,,,,-0.043737,-0.000122,1.016931,0.630000,0.210000,-0.280000
40487,,,,,,,,,,,,,-0.000000,-0.000000,-0.082423,-0.064975,,,,,,,,,,,,
40485,,,,,,,,,,,,,,,,,,,,-0.049291,0.878220,-0.404115,,,,,,
40493,,,,,,,,,,,,,,,,,,,,-0.049285,0.878239,-0.406941,,,,,,
40496,,,,,,,,,,,,,,,,,,,,,,,-0.044530,0.000183,1.016931,0.630000,0.140000,-0.280000
40497,,,,,,,,,,,,,-0.000000,-0.000000,-0.082460,-0.064795,,,,,,,,,,,,
40503,,,,,,,,,,,,,,,,,,,,-0.049252,0.878207,-0.406941,,,,,,
40506,,,,,,,,,,,,,,,,,,,,,,,-0.044530,0.000183,1.016382,0.700000,0.210000,-0.280000
40507,,,,,,,,,,,,,-0.000000,-0.000000,-0.082498,-0.064615,,,,,,,,,,,,
40513,,,,,,,,,,,,,,,,,,,,-0.049267,0.878230,-0.406941,,,,,,
40516,,,,,,,,,,,,,,,,,,,,,,,-0.043432,-0.000122,1.016382,0.630000,0.210000,-0.280000
40517,,,,,,,,,,,,,-0.000000,-0.000000,-0.082535,-0.064435,,,,,,,,,,,,
40529,,,,,,,,,,,,,-0.000000,-0.000000,-0.082573,-0.064255,,,,,,,,,,,,
40524,,,,,,,,,,,,,,,,,,,,-0.049272,0.878206,-0.406962,,,,,,
40531,,,,0.005238,1.005212,0.781043,0.020068,-0.012829,,,,,,,,,,,,,,,,,,,,
40532,,,,,,,,,,,-0.180423,1.015111,,,,,-0.000183,0.138208,1.187786,,,,,,,,,
40534,,,,,,,,,,,,,,,,,,,,-0.049277,0.878235,-0.406962,-0.044286,0.000061,1.016016,0.700000,0.210000,-0.280000
40537,,,,,,,,,,,,,-0.000000,-0.000000,-0.082538,-0.062894,,,,,,,,,,,,
40539,,,,,,,,,,,,,,,,,,,,,,,-0.044286,0.000061,1.016016,0.630000,0.210000,-0.350000
40546,,,,,,,,,,,,,,,,,,,,,,,-0.044042,-0.000732,1.016870,0.630000,0.210000,-0.280000
40544,,,,,,,,,,,,,,,,,,,,-0.049278,0.878237,-0.406941,,,,,,
40547,,,,,,,,,,,,,-0.000000,-0.000000,-0.082574,-0.062691,,,,,,,,,,,,
40556,,,,,,,,,,,,,,,,,,,,,,,-0.044042,-0.000732,1.016870,0.630000,0.210000,-0.350000
40554,,,,,,,,,,,,,,,,,,,,-0.049277,0.878234,-0.406941,,,,,,
40557,,,,,,,,,,,,,-0.000000,-0.000000,-0.082610,-0.062488,,,,,,,,,,,,
40569,,,,,,,,,,,,,-0.000000,-0.000000,-0.082646,-0.062285,,,,,,,,,,,,
40565,,,,,,,,,,,,,,,,,,,,-0.049267,0.878238,-0.406941,,,,,,
40572,,,,,,,,,,,,,,,,,,,,,,,-0.044103,0.000305,1.016687,0.700000,0.210000,-0.350000
40577,,,,,,,,,,,,,-0.000000,-0.000000,-0.082682,-0.062082,,,,,,,-0.044103,0.000305,1.016687,0.700000,0.280000,-0.280000
40575,,,,,,,,,,,,,,,,,,,,-0.049272,0.878237,-0.406941,,,,,,
40580,,,,0.006060,1.006026,0.780113,0.022093,-0.016472,,,,,,,,,,,,,,,,,,,,
40581,,,,,,,,,,,-0.068781,1.235371,,,,,0.000236,0.139256,1.187037,,,,,,,,,
40586,,,,,,,,,,,,,,,,,,,,,,,-0.045201,0.000061,1.016199,0.630000,0.210000,-0.280000
40587,,,,,,,,,,,,,-0.000000,-0.000000,-0.081580,-0.059633,,,,,,,,,,,,
40585,,,,,,,,,,,,,,,,,,,,-0.049289,0.878212,-0.404115,,,,,,
40596,,,,,,,,,,,,,,,,,,,,-0.049290,0.878210,-0.404136,-0.045201,0.000061,1.016199,0.630000,0.210000,-0.280000
40597,,,,,,,,,,,,,-0.000000,-0.000000,-0.081594,-0.059386,,,,,,,,,,,,
40603,,,,,,,,,,,,,,,,,,,,-0.049275,0.878236,-0.406962,,,,,,
40606,,,,,,,,,,,,,,,,,,,,,,,-0.043981,-0.000366,1.016931,0.630000,0.210000,-0.350000
40607,,,,,,,,,,,,,-0.000000,-0.000000,-0.081607,-0.059138,,,,,,,,,,,,
40614,,,,,,,,,,,,,,,,,,,,-0.049264,0.878221,-0.404115,,,,,,
40616,,,,,,,,,,,,,,,,,,,,,,,-0.043981,-0.000366,1.016931,0.630000,0.210000,-0.350000
40617,,,,,,,,,,,,,-0.000000,-0.000000,-0.081621,-0.058891,,,,,,,,,,,,
40629,,,,,,,,,,,,,-0.000000,-0.000000,-0.081635,-0.058644,,,,,,,,,,,,
40624,,,,,,,,,,,,,,,,,,,,-0.049268,0.878231,-0.406941,,,,,,
40631,,,,0.006958,1.006913,0.778943,0.024180,-0.020861,,,,,,,,,,,,,,,,,,,,
40632,,,,,,,,,,,0.058740,1.471413,,,,,0.000703,0.140427,1.185883,,,,,,,,,
40633,,,,,,,,,,,,,,,,,,,,,,,-0.044713,-0.000366,1.017297,0.630000,0.210000,-0.350000
40634,,,,,,,,,,,,,,,,,,,,-0.049271,0.878233,-0.406941,,,,,,
40637,,,,,,,,,,,,,-0.000000,-0.000000,-0.080348,-0.055990,,,,,,,,,,,,
40639,,,,,,,,,,,,,,,,,,,,,,,-0.044713,-0.000366,1.017297,0.630000,0.210000,-0.280000
40646,,,,,,,,,,,,,,,,,,,,,,,-0.043432,-0.000427,1.016992,0.630000,0.210000,-0.280000
40644,,,,,,,,,,,,,,,,,,,,-0.049288,0.878215,-0.404136,,,,,,
40647,,,,,,,,,,,,,-0.000000,-0.000000,-0.080336,-0.055695,,,,,,,,,,,,
40656,,,,,,,,,,,,,,,,,,,,,,,-0.043432,-0.000427,1.016992,0.700000,0.210000,-0.280000
40655,,,,,,,,,,,,,,,,,,,,-0.049286,0.878211,-0.406962,,,,,,
40657,,,,,,,,,,,,,-0.000000,-0.000000,-0.080324,-0.055401,,,,,,,,,,,,
40666,,,,,,,,,,,,,,,,,,,,,,,-0.044042,0.000732,1.017114,0.630000,0.210000,-0.350000
40667,,,,,,,,,,,,,-0.000000,-0.000000,-0.080313,-0.055107,,,,,,,,,,,,
40665,,,,,,,,,,,,,,,,,,,,-0.049266,0.878221,-0.404115,,,,,,
40676,,,,,,,,,,,,,,,,,,,,,,,-0.044042,0.000732,1.017114,0.700000,0.210000,-0.280000
40677,,,,,,,,,,,,,-0.000000,-0.000000,-0.080301,-0.054812,,,,,,,,,,,,
40675,,,,,,,,,,,,,,,,,,,,-0.049260,0.878201,-0.404115,,,,,,
40680,,,,0.007934,1.007875,0.777488,0.026321,-0.026095,,,,,,,,,,,,,,,,,,,,
40681,,,,,,,,,,,0.305341,1.823810,,,,,0.001567,0.141716,1.181840,,,,,,,,,
40689,,,,,,,,,,,,,-0.000000,-0.000000,-0.077774,-0.050924,,,,,,,,,,,,
40686,,,,,,,,,,,,,,,,,,,,-0.049269,0.878238,-0.406941,,,,,,
40692,,,,,,,,,,,,,,,,,,,,,,,-0.044225,0.000671,1.016382,0.630000,0.210000,-0.350000
40693,,,,,,,,,,,,,,,,,,,,-0.049255,0.878213,-0.406941,,,,,,
40697,,,,,,,,,,,,,-0.000000,-0.000000,-0.077713,-0.050559,,,,,,,,,,,,
40698,,,,,,,,,,,,,,,,,,,,,,,-0.044225,-0.000305,1.016687,0.700000,0.210000,-0.280000
40706,,,,,,,,,,,,,,,,,,,,-0.049269,0.878234,-0.406941,-0.044042,-0.000305,1.016687,0.700000,0.140000,-0.280000
40707,,,,,,,,,,,,,-0.000000,-0.000000,-0.077652,-0.050194,,,,,,,,,,,,
40713,,,,,,,,,,,,,,,,,,,,-0.049273,0.878235,-0.406941,,,,,,
40716,,,,,,,,,,,,,,,,,,,,,,,-0.044042,-0.000305,1.017419,0.630000,0.140000,-0.280000
40717,,,,,,,,,,,,,-0.000000,-0.000000,-0.077591,-0.049829,,,,,,,,,,,,
40724,,,,,,,,,,,,,,,,,,,,-0.049272,0.878234,-0.406962,,,,,,
40726,,,,,,,,,,,,,,,,,,,,,,,-0.044225,-0.000732,1.017419,0.630000,0.210000,-0.280000
40727,,,,,,,,,,,,,-0.000000,-0.000000,-0.077530,-0.049465,,,,,,,,,,,,
40730,,,,0.008990,1.008913,0.775697,0.028511,-0.032285,,,,,,,,,,,,,,,,,,,,
40731,,,,,,,,,,,0.370571,1.995861,,,,,0.001808,0.143069,1.182440,,,,,,,,,
40736,,,,,,,,,,,,,,,,,,,,,,,-0.044713,-0.000183,1.017785,0.630000,0.210000,-0.350000
40734,,,,,,,,,,,,,,,,,,,,-0.049271,0.878232,-0.406962,,,,,,
40737,,,,,,,,,,,,,-0.000000,-0.000000,-0.076803,-0.047345,,,,,,,,,,,,
40749,,,,,,,,,,,,,-0.000000,-0.000000,-0.076729,-0.046946,,,,,,,,,,,,
40744,,,,,,,,,,,,,,,,,,,,-0.049263,0.878226,-0.404115,,,,,,
40752,,,,,,,,,,,,,,,,,,,,,,,-0.044713,-0.000183,1.017785,0.630000,0.140000,-0.280000
40757,,,,,,,,,,,,,,,,,,,,,,,-0.044835,0.000610,1.016992,0.630000,0.140000,-0.280000
40758,,,,,,,,,,,,,-0.000000,-0.000000,-0.076655,-0.046547,,,,,,,,,,,,
40755,,,,,,,,,,,,,,,,,,,,-0.049265,0.878239,-0.406941,,,,,,
40766,,,,,,,,,,,,,,,,,,,,-0.049268,0.878239,-0.406962,-0.044835,0.000610,1.016992,0.700000,0.140000,-0.350000
40767,,,,,,,,,,,,,-0.000000,-0.000000,-0.076581,-0.046148,,,,,,,,,,,,
40773,,,,,,,,,,,,,,,,,,,,-0.049254,0.878220,-0.406962,,,,,,
40776,,,,,,,,,,,,,,,,,,,,,,,-0.044774,0.000488,1.016565,0.630000,0.140000,-0.350000
40777,,,,,,,,,,,,,-0.000000,-0.000000,-0.076507,-0.045748,,,,,,,,,,,,
40780,,,,0.010129,1.010028,0.773513,0.030739,-0.039548,,,,,,,,,,,,,,,,,,,,
40781,,,,,,,,,,,0.532461,2.259788,,,,,0.002365,0.144547,1.180457,,,,,,,,,
40789,,,,,,,,,,,,,-0.000000,-0.000000,-0.074781,-0.042657,,,,,,,,,,,,
40783,,,,,,,,,,,,,,,,,,,,-0.049277,0.878212,-0.406962,,,,,,
40791,,,,,,,,,,,,,,,,,,,,,,,-0.044774,0.000488,1.016565,0.630000,0.210000,-0.280000
40794,,,,,,,,,,,,,,,,,,,,-0.049269,0.878237,-0.406962,,,,,,
40796,,,,,,,,,,,,,,,,,,,,,,,-0.042944,0.000183,1.015955,0.700000,0.210000,-0.350000
40797,,,,,,,,,,,,,-0.000000,-0.000000,-0.074675,-0.042205,,,,,,,,,,,,
40806,,,,,,,,,,,,,,,,,,,,,,,-0.042944,0.000183,1.015955,0.630000,0.210000,-0.350000
40804,,,,,,,,,,,,,,,,,,,,-0.049257,0.878224,-0.404115,,,,,,
40807,,,,,,,,,,,,,-0.000000,-0.000000,-0.074568,-0.041753,,,,,,,,,,,,
40816,,,,,,,,,,,,,,,,,,,,,,,-0.044103,-0.000671,1.016504,0.700000,0.210000,-0.280000
40814,,,,,,,,,,,,,,,,,,,,-0.049275,0.878218,-0.404115,,,,,,
40817,,,,,,,,,,,,,-0.000000,-0.000000,-0.074462,-0.041301,,,,,,,,,,,,
40826,,,,,,,,,,,,,,,,,,,,,,,-0.044103,-0.000671,1.016504,0.630000,0.210000,-0.350000
40825,,,,,,,,,,,,,,,,,,,,-0.049281,0.878213,-0.404136,,,,,,
40827,,,,,,,,,,,,,-0.000000,-0.000000,-0.074355,-0.040849,,,,,,,,,,,,
40830,,,,0.011352,1.011219,0.770873,0.032997,-0.048015,,,,,,,,,,,,,,,,,,,,
40831,,,,,,,,,,,0.842857,2.665293,,,,,0.003411,0.146134,1.175244,,,,,,,,,
40836,,,,,,,,,,,,,,,,,,,,,,,-0.044042,0.000000,1.016992,0.700000,0.210000,-0.280000
40835,,,,,,,,,,,,,,,,,,,,-0.049258,0.878237,-0.406941,,,,,,
40837,,,,,,,,,,,,,-0.000000,-0.000000,-0.071083,-0.036261,,,,,,,,,,,,
40848,,,,,,,,,,,,,-0.000000,-0.000000,-0.070914,-0.035728,,,,,,,,,,,,
40845,,,,,,,,,,,,,,,,,,,,-0.049261,0.878242,-0.406941,,,,,,
40851,,,,,,,,,,,,,,,,,,,,,,,-0.044042,0.000000,1.016992,0.630000,0.210000,-0.350000
40856,,,,,,,,,,,,,,,,,,,,-0.049272,0.878214,-0.404136,-0.044713,-0.000061,1.015528,0.630000,0.210000,-0.280000
40857,,,,,,,,,,,,,-0.000000,-0.000000,-0.070746,-0.035195,,,,,,,,,,,,
40866,,,,,,,,,,,,,,,,,,,,-0.049280,0.878208,-0.404136,-0.044713,-0.000061,1.015528,0.630000,0.210000,-0.280000
40867,,,,,,,,,,,,,-0.000000,-0.000000,-0.070577,-0.034662,,,,,,,,,,,,
40873,,,,,,,,,,,,,,,,,,,,-0.049255,0.878222,-0.404115,,,,,,
40876,,,,,,,,,,,,,,,,,,,,,,,-0.044774,-0.000366,1.015711,0.630000,0.210000,-0.350000
40877,,,,,,,,,,,,,-0.000000,-0.000000,-0.070409,-0.034129,,,,,,,,,,,,
40880,,,,0.012660,1.012485,0.767705,0.035275,-0.057831,,,,,,,,,,,,,,,,,,,,
40881,,,,,,,,,,,1.062475,2.975430,,,,,0.004133,0.147795,1.171841,,,,,,,,,
40889,,,,,,,,,,,,,-0.000000,-0.000000,-0.068000,-0.030432,,,,,,,,,,,,
40887,,,,,,,,,,,,,,,,,,,,-0.049264,0.878234,-0.406941,,,,,,
40892,,,,,,,,,,,,,,,,,,,,,,,-0.044774,-0.000366,1.015711,0.630000,0.210000,-0.350000
40894,,,,,,,,,,,,,,,,,,,,-0.049262,0.878235,-0.406962,,,,,,
40897,,,,,,,,,,,,,-0.000000,-0.000000,-0.067787,-0.029837,,,,,,,-0.043920,0.000183,1.016138,0.630000,0.210000,-0.280000
40906,,,,,,,,,,,,,,,,,,,,,,,-0.043920,0.000183,1.016138,0.630000,0.210000,-0.280000
40904,,,,,,,,,,,,,,,,,,,,-0.049263,0.878236,-0.406941,,,,,,
40907,,,,,,,,,,,,,-0.000000,-0.000000,-0.067575,-0.029242,,,,,,,,,,,,
40916,,,,,,,,,,,,,,,,,,,,,,,-0.044347,0.000366,1.015955,0.700000,0.210000,-0.350000
40915,,,,,,,,,,,,,,,,,,,,-0.049259,0.878200,-0.404115,,,,,,
40917,,,,,,,,,,,,,-0.000000,-0.000000,-0.067362,-0.028647,,,,,,,,,,,,
40926,,,,,,,,,,,,,,,,,,,,,,,-0.044347,0.000366,1.016687,0.700000,0.210000,-0.350000
40925,,,,,,,,,,,,,,,,,,,,-0.049251,0.878216,-0.404115,,,,,,
40927,,,,,,,,,,,,,-0.000000,-0.000000,-0.067150,-0.028052,,,,,,,,,,,,
40930,,,,0.014055,1.013827,0.763929,0.037562,-0.069155,,,,,,,,,,,,,,,,,,,,
40931,,,,,,,,,,,1.295980,3.291702,,,,,0.004884,0.149580,1.168046,,,,,,,,,
40936,,,,,,,,,,,,,,,,,,,,,,,-0.044957,0.000244,1.016687,0.700000,0.210000,-0.350000
40937,,,,,,,,,,,,,-0.000000,-0.000000,-0.064556,-0.024231,,,,,,,,,,,,
40935,,,,,,,,,,,,,,,,,,,,-0.049262,0.878237,-0.406962,,,,,,
40949,,,,,,,,,,,,,-0.000000,-0.000000,-0.064296,-0.023573,,,,,,,,,,,,
40946,,,,,,,,,,,,,,,,,,,,-0.049250,0.878221,-0.406962,,,,,,
40951,,,,,,,,,,,,,,,,,,,,,,,-0.044957,0.000305,1.016809,0.630000,0.210000,-0.350000
40953,,,,,,,,,,,,,,,,,,,,-0.049249,0.878243,-0.406962,,,,,,
40956,,,,,,,,,,,,,,,,,,,,,,,-0.043859,0.000305,1.016809,0.630000,0.210000,-0.280000
40957,,,,,,,,,,,,,-0.000000,-0.000000,-0.064037,-0.022914,,,,,,,,,,,,
40963,,,,,,,,,,,,,,,,,,,,-0.049277,0.878216,-0.404136,,,,,,
40966,,,,,,,,,,,,,,,,,,,,,,,-0.044408,0.000000,1.016260,0.700000,0.140000,-0.350000
40967,,,,,,,,,,,,,-0.000000,-0.000000,-0.063778,-0.022256,,,,,,,,,,,,
40976,,,,,,,,,,,,,,,,,,,,,,,-0.044408,0.000000,1.016260,0.630000,0.280000,-0.350000
40974,,,,,,,,,,,,,,,,,,,,-0.049269,0.878228,-0.406941,,,,,,
40977,,,,,,,,,,,,,-0.000000,-0.000000,-0.063519,-0.021598,,,,,,,,,,,,
40980,,,,0.015537,1.015241,0.759456,0.039846,-0.082171,,,,,,,,,,,,,,,,,,,,
40981,,,,,,,,,,,1.440390,3.511615,,,,,0.005318,0.151473,1.166160,,,,,,,,,
40987,,,,,,,,,,,,,-0.000000,-0.000000,-0.061787,-0.018696,,,,,,,-0.044896,-0.000732,1.016687,0.700000,0.210000,-0.280000
40985,,,,,,,,,,,,,,,,,,,,-0.049265,0.878233,-0.406941,,,,,,
40996,,,,,,,,,,,,,,,,,,,,,,,-0.044896,-0.000732,1.016687,0.630000,0.210000,-0.350000
40997,,,,,,,,,,,,,-0.000000,-0.000000,-0.061499,-0.017994,,,,,,,,,,,,
40995,,,,,,,,,,,,,,,,,,,,-0.049265,0.878222,-0.404136,,,,,,
41009,,,,,,,,,,,,,-0.000000,-0.000000,-0.061210,-0.017292,,,,,,,,,,,,
41003,,,,,,,,,,,,,,,,,,,,-0.049265,0.878234,-0.406962,,,,,,
41011,,,,,,,,,,,,,,,,,,,,,,,-0.044469,0.000305,1.016687,0.630000,0.210000,-0.280000
41013,,,,,,,,,,,,,,,,,,,,-0.049261,0.878233,-0.406962,,,,,,
41017,,,,,,,,,,,,,-0.000000,-0.000000,-0.060922,-0.016589,,,,,,,-0.044469,0.000305,1.016687,0.700000,0.210000,-0.280000
41023,,,,,,,,,,,,,,,,,,,,-0.049270,0.878214,-0.404136,,,,,,
41026,,,,,,,,,,,,,,,,,,,,,,,-0.044286,0.000305,1.015955,0.630000,0.210000,-0.350000
41027,,,,,,,,,,,,,-0.000000,-0.000000,-0.060634,-0.015887,,,,,,,,,,,,
41030,,,,0.017109,1.016725,0.754185,0.042115,-0.097083,,,,,,,,,,,,,,,,,,,,
41031,,,,,,,,,,,1.827167,3.957067,,,,,0.006533,0.153455,1.158536,,,,,,,,,
41034,,,,,,,,,,,,,,,,,,,,-0.049261,0.878232,-0.406941,,,,,,
41037,,,,,,,,,,,,,-0.000000,-0.000000,-0.056401,-0.010641,,,,,,,-0.044286,0.000305,1.015955,0.700000,0.140000,-0.280000
41046,,,,,,,,,,,,,,,,,,,,,,,-0.043981,0.000488,1.016260,0.630000,0.140000,-0.350000
41044,,,,,,,,,,,,,,,,,,,,-0.049273,0.878214,-0.404115,,,,,,
41047,,,,,,,,,,,,,-0.000000,-0.000000,-0.056036,-0.009850,,,,,,,,,,,,
41056,,,,,,,,,,,,,,,,,,,,,,,-0.043981,0.000488,1.016260,0.700000,0.210000,-0.350000
41055,,,,,,,,,,,,,,,,,,,,-0.049262,0.878231,-0.406962,,,,,,
41057,,,,,,,,,,,,,-0.000000,-0.000000,-0.055670,-0.009058,,,,,,,,,,,,
41068,,,,,,,,,,,,,-0.000000,-0.000000,-0.055305,-0.008267,,,,,,,,,,,,
41065,,,,,,,,,,,,,,,,,,,,-0.049249,0.878222,-0.404115,,,,,,
41072,,,,,,,,,,,,,,,,,,,,,,,-0.045445,-0.000488,1.016077,0.700000,0.210000,-0.350000
41077,,,,,,,,,,,,,-0.000000,-0.000000,-0.054939,-0.007475,,,,,,,-0.045445,-0.000488,1.016077,0.630000,0.210000,-0.280000
41075,,,,,,,,,,,,,,,,,,,,-0.049256,0.878236,-0.406941,,,,,,
41080,,,,0.018770,1.018276,0.748003,0.044352,-0.114131,,,,,,,,,,,,,,,,,,,,
41081,,,,,,,,,,,2.021294,4.200359,,,,,0.007077,0.155529,1.154727,,,,,,,,,
41083,,,,,,,,,,,,,,,,,,,,-0.049261,0.878240,-0.406962,,,,,,
41087,,,,,,,,,,,,,-0.000000,-0.000000,-0.052594,-0.004202,,,,,,,-0.044225,-0.000366,1.016199,0.700000,0.210000,-0.280000
41093,,,,,,,,,,,,,,,,,,,,-0.049254,0.878240,-0.406941,,,,,,
41096,,,,,,,,,,,,,,,,,,,,,,,-0.044225,-0.000366,1.016199,0.700000,0.210000,-0.350000
41097,,,,,,,,,,,,,-0.000000,-0.000000,-0.052190,-0.003362,,,,,,,,,,,,
41107,,,,,,,,,,,,,,,,,,,,-0.049260,0.878234,-0.406941,,,,,,
41109,,,,,,,,,,,,,-0.000000,-0.000000,-0.051785,-0.002522,,,,,,,,,,,,
41111,,,,,,,,,,,,,,,,,,,,,,,-0.044286,-0.000610,1.016321,0.630000,0.210000,-0.350000
41114,,,,,,,,,,,,,,,,,,,,-0.049262,0.878237,-0.406962,,,,,,
41117,,,,,,,,,,,,,-0.000000,-0.000000,-0.051381,-0.001682,,,,,,,-0.044286,-0.000610,1.016321,0.630000,0.140000,-0.280000
41126,,,,,,,,,,,,,,,,,,,,,,,-0.044591,0.000061,1.015955,0.630000,0.210000,-0.350000
41125,,,,,,,,,,,,,,,,,,,,-0.049263,0.878234,-0.406962,,,,,,
41127,,,,,,,,,,,,,-0.000000,-0.000000,-0.050977,-0.000842,,,,,,,,,,,,
41130,,,,0.020521,1.019890,0.740781,0.046545,-0.133590,,,,,,,,,,,,,,,,,,,,
41131,,,,,,,,,,,2.344635,4.553556,,,,,0.008017,0.157708,1.147723,,,,,,,,,
41137,,,,,,,,,,,,,-0.000000,-0.000000,-0.047274,0.003601,,,,,,,-0.044591,0.000000,1.015589,0.630000,0.210000,-0.280000
41135,,,,,,,,,,,,,,,,,,,,-0.049261,0.878237,-0.406962,,,,,,
41146,,,,,,,,,,,,,,,,,,,,,,,-0.044896,0.000000,1.015589,0.630000,0.280000,-0.280000
41147,,,,,,,,,,,,,-0.000000,-0.000000,-0.046806,0.004511,,,,,,,,,,,,
41145,,,,,,,,,,,,,,,,,,,,-0.049271,0.878218,-0.404136,,,,,,
41156,,,,,,,,,,,,,,,,,,,,-0.049262,0.878233,-0.406962,-0.044896,-0.000793,1.016626,0.630000,0.210000,-0.280000
41157,,,,,,,,,,,,,-0.000000,-0.000000,-0.046337,0.005422,,,,,,,,,,,,
41169,,,,,,,,,,,,,-0.000000,-0.000000,-0.045868,0.006333,,,,,,,,,,,,
41166,,,,,,,,,,,,,,,,,,,,-0.049262,0.878234,-0.406962,,,,,,
41172,,,,,,,,,,,,,,,,,,,,,,,-0.044591,-0.000793,1.016626,0.700000,0.210000,-0.280000
41174,,,,,,,,,,,,,,,,,,,,-0.049242,0.878229,-0.406941,,,,,,
41177,,,,,,,,,,,,,-0.000000,-0.000000,-0.045399,0.007243,,,,,,,-0.044408,-0.000305,1.017053,0.630000,0.210000,-0.280000
41180,,,,0.022362,1.021559,0.732373,0.048676,-0.155784,,,,,,,,,,,,,,,,,,,,
41181,,,,,,,,,,,2.702402,4.920607,,,,,0.009028,0.159967,1.139314,,,,,,,,,
41184,,,,,,,,,,,,,,,,,,,,-0.049251,0.878240,-0.406962,,,,,,
41187,,,,,,,,,,,,,-0.000000,-0.000000,-0.041281,0.011898,,,,,,,-0.044408,-0.000305,1.017053,0.630000,0.210000,-0.280000
41196,,,,,,,,,,,,,,,,,,,,,,,-0.044530,-0.000244,1.015955,0.630000,0.210000,-0.280000
41194,,,,,,,,,,,,,,,,,,,,-0.049265,0.878214,-0.404136,,,,,,
41197,,,,,,,,,,,,,-0.000000,-0.000000,-0.040740,0.012882,,,,,,,,,,,,
41206,,,,,,,,,,,,,,,,,,,,,,,-0.044530,-0.000244,1.015955,0.630000,0.140000,-0.280000
41205,,,,,,,,,,,,,,,,,,,,-0.049261,0.878230,-0.406962,,,,,,
41207,,,,,,,,,,,,,-0.000000,-0.000000,-0.040200,0.013866,,,,,,,,,,,,
41216,,,,,,,,,,,,,,,,,,,,,,,-0.044530,0.000122,1.016443,0.560000,0.070000,0.070000
41217,,,,,,,,,,,,,-0.000000,-0.000000,-0.039659,0.014850,,,,,,,,,,,,
41215,,,,,,,,,,,,,,,,,,,,-0.049270,0.878220,-0.406962,,,,,,
41228,,,,,,,,,,,,,-0.000000,-0.000000,-0.039119,0.015835,,,,,,,,,,,,
41226,,,,,,,,,,,,,,,,,,,,-0.049248,0.878243,-0.406962,,,,,,
41230,,,,0.024293,1.023279,0.722612,0.050728,-0.181093,,,,,,,,,,,,,,,,,,,,
41231,,,,,,,,,,,3.100171,5.303807,,,,,0.010126,0.162301,1.129572,,,,,,,,,
41234,,,,,,,,,,,,,,,,,,,,,,,-0.044530,0.000122,1.016443,0.630000,-1.540000,0.840000
41237,,,,,,,,,,,,,-0.000000,-0.000000,-0.034521,0.020727,,,,,,,,,,,,
41236,,,,,,,,,,,,,,,,,,,,-0.049261,0.878221,-0.404115,,,,,,
41239,,,,,,,,,,,,,,,,,,,,,,,-0.044164,-0.001037,1.017724,0.560000,-1.330000,0.700000
41246,,,,,,,,,,,,,,,,,,,,-0.049263,0.878219,-0.406922,-0.044164,-0.001037,1.017724,0.490000,-0.280000,-0.070000
41247,,,,,,,,,,,,,-0.000000,-0.000000,-0.033901,0.021788,,,,,,,,,,,,
41254,,,,,,,,,,,,,,,,,,,,-0.049266,0.878201,-0.404136,,,,,,
41256,,,,,,,,,,,,,,,,,,,,,,,-0.044774,0.000671,1.015528,0.630000,0.770000,-0.560000
41257,,,,,,,,,,,,,-0.000000,-0.000000,-0.033281,0.022849,,,,,,,,,,,,
41268,,,,,,,,,,,,,-0.000000,-0.000000,-0.032661,0.023910,,,,,,,,,,,,
41265,,,,,,,,,,,,,,,,,,,,-0.049281,0.878207,-0.404136,,,,,,
41271,,,,,,,,,,,,,,,,,,,,,,,-0.044774,0.000671,1.015528,0.700000,0.140000,-0.140000
41276,,,,,,,,,,,,,,,,,,,,,,,-0.046116,0.000976,1.017175,0.630000,0.000000,-0.210000
41277,,,,,,,,,,,,,-0.000000,-0.000000,-0.032041,0.024970,,,,,,,,,,,,
41275,,,,,,,,,,,,,,,,,,,,-0.049286,0.878206,-0.404115,,,,,,
41280,,,,0.026314,1.025041,0.711307,0.052683,-0.209971,,,,,,,,,,,,,,,,,,,,
41281,,,,,,,,,,,3.668639,5.825949,,,,,0.011733,0.164733,1.115661,,,,,,,,,
41286,,,,,,,,,,,,,,,,,,,,,,,-0.046116,0.000976,1.017175,0.700000,0.210000,-0.420000
41287,,,,,,,,,,,,,-0.000000,-0.000000,-0.025622,0.031357,,,,,,,,,,,,
41285,,,,,,,,,,,,,,,,,,,,-0.049266,0.878213,-0.404136,,,,,,
41296,,,,,,,,,,,,,,,,,,,,-0.049285,0.878208,-0.404115,-0.043432,-0.001891,1.016992,0.630000,0.210000,-0.280000
41297,,,,,,,,,,,,,-0.000000,-0.000000,-0.024889,0.032522,,,,,,,,,,,,
41306,,,,,,,,,,,,,,,,,,,,-0.049265,0.878221,-0.404115,-0.043432,-0.001891,1.016992,0.630000,0.210000,-0.280000
41307,,,,,,,,,,,,,-0.000000,-0.000000,-0.024155,0.033687,,,,,,,,,,,,
41316,,,,,,,,,,,,,,,,,,,,,,,-0.043493,-0.000122,1.016809,0.630000,0.140000,-0.280000
41314,,,,,,,,,,,,,,,,,,,,-0.049271,0.878233,-0.404115,,,,,,
41317,,,,,,,,,,,,,-0.000000,-0.000000,-0.023421,0.034853,,,,,,,,,,,,
41329,,,,,,,,,,,,,-0.000000,-0.000000,-0.022687,0.036018,,,,,,,,,,,,
41331,,,,0.028423,1.026835,0.698237,0.054524,-0.242959,,,4.154400,6.235944,,,,,0.013001,0.167184,1.102372,,,,,,,,,
41324,,,,,,,,,,,,,,,,,,,,-0.049283,0.878218,-0.404136,,,,,,
41333,,,,,,,,,,,,,,,,,,,,,,,-0.043493,-0.000122,1.016809,0.630000,0.210000,-0.350000
41334,,,,,,,,,,,,,,,,,,,,-0.049275,0.878230,-0.404136,,,,,,
41337,,,,,,,,,,,,,-0.000000,-0.000000,-0.016999,0.041365,,,,,,,,,,,,
41339,,,,,,,,,,,,,,,,,,,,,,,-0.045079,-0.000976,1.017114,0.630000,0.140000,-0.350000
41346,,,,,,,,,,,,,,,,,,,,,,,-0.045079,-0.000976,1.017114,0.630000,0.280000,-0.280000
41345,,,,,,,,,,,,,,,,,,,,-0.049280,0.878218,-0.404136,,,,,,
41347,,,,,,,,,,,,,-0.000000,-0.000000,-0.016168,0.042612,,,,,,,,,,,,
41356,,,,,,,,,,,,,,,,,,,,,,,-0.044530,0.000305,1.016687,0.700000,0.140000,-0.420000
41357,,,,,,,,,,,,,-0.000000,-0.000000,-0.015337,0.043859,,,,,,,,,,,,
41355,,,,,,,,,,,,,,,,,,,,-0.049269,0.878216,-0.404115,,,,,,
41366,,,,,,,,,,,,,,,,,,,,-0.049262,0.878200,-0.406962,-0.044530,0.000305,1.016809,0.700000,0.210000,-0.280000
41367,,,,,,,,,,,,,-0.000000,-0.000000,-0.014506,0.045106,,,,,,,,,,,,
41376,,,,,,,,,,,,,,,,,,,,-0.049250,0.878212,-0.406962,-0.044713,-0.000061,1.016809,0.630000,0.210000,-0.280000
41377,,,,,,,,,,,,,-0.000000,-0.000000,-0.013675,0.046354,,,,,,,,,,,,
41380,,,,0.030620,1.028652,0.683144,0.056230,-0.280706,,,,,,,,,,,,,,,,,,,,
41381,,,,,,,,,,,4.532713,6.505035,,,,,0.013842,0.169763,1.089869,,,,,,,,,
41389,,,,,,,,,,,,,-0.000000,0.464112,-0.008986,0.045612,,,,,,,,,,,,
41386,,,,,,,,,,,,,,,,,,,,-0.049274,0.878234,-0.404115,,,,,,
41392,,,,,,,,,,,,,,,,,,,,,,,-0.044164,-0.000488,1.016504,0.420000,0.210000,-0.280000
41394,,,,,,,,,,,,,,,,,,,,-0.049256,0.878239,-0.406962,,,,,,
41397,,,,,,,,,,,,,-0.000000,0.390504,-0.008079,0.047571,,,,,,,,,,,,
41398,,,,,,,,,,,,,,,,,,,,,,,-0.044164,-0.000488,1.016504,0.630000,0.070000,-0.280000
41406,,,,,,,,,,,,,,,,,,,,,,,-0.045018,-0.000549,1.016626,0.630000,0.210000,-0.350000
41404,,,,,,,,,,,,,,,,,,,,-0.049241,0.878224,-0.406962,,,,,,
41407,,,,,,,,,,,,,-0.000000,0.328570,-0.007173,0.049425,,,,,,,,,,,,
41416,,,,,,,,,,,,,,,,,,,,,,,-0.045018,-0.000549,1.016626,0.630000,0.280000,-0.280000
41415,,,,,,,,,,,,,,,,,,,,-0.049281,0.878209,-0.404136,,,,,,
41417,,,,,,,,,,,,,-0.000000,0.276459,-0.006266,0.051192,,,,,,,,,,,,
41426,,,,,,,,,,,,,,,,,,,,,,,-0.043737,-0.000183,1.016565,0.700000,0.280000,-0.350000
41425,,,,,,,,,,,,,,,,,,,,-0.049268,0.878208,-0.404136,,,,,,
41427,,,,,,,,,,,,,-0.000000,0.232612,-0.005360,0.052885,,,,,,,,,,,,
41430,,,,0.032904,1.030478,0.665730,0.057784,-0.323990,,,,,,,,,,,,,,,,,,,,
41431,,,,,,,,,,,5.226528,7.037031,,,,,0.015638,0.172318,1.070083,,,,,,,,,
41437,,,,,,,,,,,,,-0.000000,0.195720,0.002624,0.059942,,,,,,,-0.043737,-0.000183,1.016565,0.700000,0.140000,-0.350000
41435,,,,,,,,,,,,,,,,,,,,-0.049254,0.878213,-0.406962,,,,,,
41448,,,,,,,,,,,,,-0.000000,0.164679,0.003669,0.061627,,,,,,,,,,,,
41446,,,,,,,,,,,,,,,,,,,,-0.049270,0.878231,-0.404115,,,,,,
41452,,,,,,,,,,,,,,,,,,,,,,,-0.043920,-0.000671,1.016504,0.630000,0.210000,-0.490000
41453,,,,,,,,,,,,,,,,,,,,-0.049252,0.878213,-0.406941,,,,,,
41457,,,,,,,,,,,,,-0.000000,0.138561,0.004714,0.063268,,,,,,,-0.043920,-0.000671,1.016504,0.700000,0.280000,-0.350000
41463,,,,,,,,,,,,,,,,,,,,-0.049265,0.878231,-0.404115,,,,,,
41466,,,,,,,,,,,,,,,,,,,,,,,-0.043371,0.000061,1.016504,0.700000,0.210000,-0.210000
41467,,,,,,,,,,,,,-0.000000,0.116585,0.005760,0.064872,,,,,,,,,,,,
41476,,,,,,,,,,,,,,,,,,,,,,,-0.043371,0.000061,1.016504,0.700000,0.070000,-0.210000
41477,,,,,,,,,,,,,-0.000000,0.098095,0.006805,0.066444,,,,-0.049271,0.878228,-0.404115,,,,,,
41480,,,,0.035273,1.032301,0.645642,0.059167,-0.373751,,,,,,,,,,,,,,,,,,,,
41481,,,,,,,,,,,5.863081,7.463598,,,,,0.017147,0.174907,1.049777,,,,,,,,,
41489,,,,,,,,,,,,,-0.000000,0.542338,0.014343,0.067652,,,,,,,,,,,,
41484,,,,,,,,,,,,,,,,,,,,-0.049260,0.878196,-0.404136,,,,,,
41492,,,,,,,,,,,,,,,,,,,,,,,-0.043920,0.000183,1.016870,0.700000,0.140000,0.490000
41494,,,,,,,,,,,,,,,,,,,,-0.049261,0.878219,-0.404136,,,,,,
41497,,,,,,,,,,,,,-0.000000,0.456324,0.015516,0.069913,,,,,,,-0.043920,0.000183,1.016870,0.560000,-0.070000,0.560000
41506,,,,,,,,,,,,,,,,,,,,,,,-0.042639,-0.000671,1.015955,0.630000,0.350000,-0.560000
41505,,,,,,,,,,,,,,,,,,,,-0.049262,0.878233,-0.404136,,,,,,
41507,,,,,,,,,,,,,-0.000000,0.383951,0.016688,0.072053,,,,,,,,,,,,
41516,,,,,,,,,,,,,,,,,,,,,,,-0.042639,-0.000671,1.015955,0.560000,0.210000,0.070000
41515,,,,,,,,,,,,,,,,,,,,-0.049264,0.878214,-0.404136,,,,,,
41517,,,,,,,,,,,,,-0.000000,0.323056,0.017861,0.074090,,,,,,,,,,,,
41526,,,,,,,,,,,,,,,,,,,,,,,-0.045384,0.000366,1.017114,0.630000,-0.350000,-0.140000
41527,,,,,,,,,,,,,-0.000000,0.271819,0.019034,0.076041,,,,,,,,,,,,
41525,,,,,,,,,,,,,,,,,,,,-0.049250,0.878215,-0.404096,,,,,,
41530,,,,0.037725,1.034105,0.622469,0.060363,-0.431116,,,,,,,,,,,,,,,,,,,,
41531,,,,,,,,,,,6.541034,7.871859,,,,,0.018678,0.177532,1.026568,,,,,,,,,
41536,,,,,,,,,,,,,,,,,,,,-0.049240,0.878196,-0.404136,-0.045384,0.000366,1.017114,0.630000,0.070000,0.210000
41537,,,,,,,,,,,,,-0.000000,0.228709,0.027121,0.082083,,,,,,,,,,,,
41549,,,,,,,,,,,,,-0.000000,0.192435,0.028430,0.083982,,,,,,,,,,,,
41543,,,,,,,,,,,,,,,,,,,,-0.049245,0.878208,-0.404096,,,,,,
41551,,,,,,,,,,,,,,,,,,,,,,,-0.042029,-0.000366,1.016748,0.560000,-0.070000,0.070000
41554,,,,,,,,,,,,,,,,,,,,-0.049213,0.878197,-0.406922,,,,,,
41556,,,,,,,,,,,,,,,,,,,,,,,-0.042029,-0.000366,1.016748,0.630000,-0.210000,-0.420000
41557,,,,,,,,,,,,,-0.000000,0.161915,0.029738,0.085829,,,,,,,,,,,,
41566,,,,,,,,,,,,,,,,,,,,,,,-0.041907,-0.002013,1.015589,0.490000,0.280000,0.210000
41564,,,,,,,,,,,,,,,,,,,,-0.049211,0.878191,-0.404136,,,,,,
41567,,,,,,,,,,,,,-0.000000,0.136235,0.031046,0.087633,,,,,,,,,,,,
41576,,,,,,,,,,,,,,,,,,,,,,,-0.041907,-0.002013,1.016992,0.560000,0.140000,0.630000
41574,,,,,,,,,,,,,,,,,,,,-0.049198,0.878175,-0.404136,,,,,,
41577,,,,,,,,,,,,,-0.000000,0.114628,0.032354,0.089401,,,,,,,,,,,,
41580,,,,0.040257,1.035873,0.595723,0.061357,-0.497436,,,,,,,,,,,,,,,,,,,,
41581,,,,,,,,,,,7.270427,8.261859,,,,,0.020244,0.180169,0.999855,,,,,,,,,
41589,,,,,,,,,,,,,-0.000000,0.096448,0.041102,0.095115,,,,,,,,,,,,
41585,,,,,,,,,,,,,,,,,,,,-0.049191,0.878171,-0.404136,,,,,,
41592,,,,,,,,,,,,,,,,,,,,,,,-0.044713,0.003111,1.016992,0.770000,0.280000,0.700000
41597,,,,,,,,,,,,,,,0.042556,0.096905,,,,,,,-0.041602,-0.000793,1.016077,0.560000,0.910000,0.630000
41598,,,,,,,,,,,,,-0.000000,0.081152,,,,,,,,,,,,,,
41595,,,,,,,,,,,,,,,,,,,,-0.049176,0.878171,-0.404136,,,,,,
41606,,,,,,,,,,,,,,,,,,,,,,,-0.041602,-0.000793,1.016077,0.630000,0.210000,1.470000
41607,,,,,,,,,,,,,-0.000000,0.068281,0.044010,0.098672,,,,,,,,,,,,
41605,,,,,,,,,,,,,,,,,,,,-0.049180,0.878194,-0.404136,,,,,,
41616,,,,,,,,,,,,,,,,,,,,-0.049148,0.878168,-0.404136,-0.034099,0.000793,1.018517,0.630000,0.350000,3.640000
41617,,,,,,,,,,,,,-0.000000,0.057452,0.045464,0.100421,,,,,,,,,,,,
41623,,,,,,,,,,,,,,,,,,,,-0.049103,0.878141,-0.404136,,,,,,
41626,,,,,,,,,,,,,,,,,,,,,,,-0.034099,0.000793,1.018517,0.560000,-0.070000,9.660000
41627,,,,,,,,,,,,,-0.000000,0.597496,0.046919,0.096554,,,,,,,,,,,,
41630,,,,0.042867,1.037585,0.564831,0.062139,-0.574311,,,,,,,,,,,,,,,,,,,,
41631,,,,,,,,,,,8.065028,8.635929,,,,,0.021873,0.182765,0.968966,,,,,,,,,
41633,,,,,,,,,,,,,,,,,,,,-0.049004,0.878090,-0.398465,,,,,,
41637,,,,,,,,,,,,,-0.000000,0.502733,0.056478,0.102869,,,,,,,0.020069,0.001952,1.015955,0.350000,1.050000,22.190001
41649,,,,,,,,,,,,,0.464469,0.887468,0.053353,0.100571,,,,,,,,,,,,
41644,,,,,,,,,,,,,,,,,,,,-0.048813,0.877993,-0.395661,,,,,,
41651,,,,,,,,,,,,,,,,,,,,,,,0.020069,0.001952,1.015955,0.420000,-0.840000,34.439999
41654,,,,,,,,,,,,,,,,,,,,-0.048574,0.877796,-0.387194,,,,,,
41657,,,,,,,,,,,,,0.390804,1.405889,0.055624,0.096833,,,,,,,0.019215,0.001281,1.022726,-0.280000,1.890000,34.090000
41666,,,,,,,,,,,,,,,,,,,,,,,0.019215,0.001281,1.022726,-0.420000,4.620000,36.189999
41665,,,,,,,,,,,,,,,,,,,,-0.048336,0.877717,-0.384395,,,,,,
41667,,,,,,,,,,,,,0.328822,1.738741,0.057792,0.094884,,,,,,,,,,,,
41676,,,,,,,,,,,,,,,,,,,,,,,-0.034526,0.002867,1.010648,0.280000,2.310000,33.950001
41675,,,,,,,,,,,,,,,,,,,,-0.048058,0.877596,-0.378755,,,,,,
41677,,,,,,,,,,,,,0.811218,2.532071,0.054418,0.088171,,,,,,,,,,,,
41680,,,,0.045552,1.039222,0.529120,0.062701,-0.663608,,,,,,,,,,,,,,,,,,,,
41681,,,,,,,,,,,9.910603,9.910409,,,,,0.026686,0.184837,0.910005,,,,,,,,,
41687,,,,,,,,,,,,,0.682559,2.684839,0.076006,0.100833,,,,,,,-0.034526,0.002867,1.010648,-0.490000,-6.160000,48.439999
41685,,,,,,,,,,,,,,,,,,,,-0.047794,0.877467,-0.370324,,,,,,
41693,,,,,,,,,,,,,,,,,,,,-0.047568,0.877335,-0.361834,,,,,,
41696,,,,,,,,,,,,,,,,,,,,,,,0.002684,0.008052,1.027728,-0.980000,-4.340000,44.240002
41697,,,,,,,,,,,,,0.574305,2.814510,0.078956,0.100956,,,,,,,,,,,,
41708,,,,,,,,,,,,,0.483220,3.345238,0.081752,0.096961,,,,,,,,,,,,
41706,,,,,,,,,,,,,,,,,,,,-0.047222,0.877144,-0.353394,,,,,,
41711,,,,,,,,,,,,,,,,,,,,,,,0.002684,0.008052,1.027728,-0.770000,3.500000,42.419998
41714,,,,,,,,,,,,,,,,,,,,-0.046839,0.876965,-0.347746,,,,,,
41716,,,,,,,,,,,,,,,,,,,,,,,-0.020557,-0.002684,1.013698,-0.700000,-1.470000,47.459999
41717,,,,,,,,,,,,,0.406581,3.437018,0.084420,0.097338,,,,,,,,,,,,
41726,,,,,,,,,,,,,,,,,,,,,,,-0.020557,-0.002684,1.013698,-1.540000,3.500000,49.000000
41724,,,,,,,,,,,,,,,,,,,,-0.046398,0.876755,-0.336517,,,,,,
41727,,,,,,,,,,,,,0.892530,3.992772,0.081364,0.092964,,,,,,,,,,,,
41730,,,,0.048308,1.040760,0.487805,0.063045,-0.767452,,,,,,,,,,,,,,,,,,,,
41731,,,,,,,,,,,12.912785,12.169743,,,,,0.035088,0.186095,0.825287,,,,,,,,,
41737,,,,,,,,,,,,,0.750975,4.399517,0.115233,0.113044,,,,,,,-0.019947,0.009150,1.004670,-0.280000,-7.420000,45.430000
41735,,,,,,,,,,,,,,,,,,,,-0.045923,0.876590,-0.330936,,,,,,
41746,,,,,,,,,,,,,,,,,,,,,,,-0.019947,0.009150,1.004670,-0.630000,-7.000000,49.980000
41745,,,,,,,,,,,,,,,,,,,,-0.045592,0.876370,-0.319736,,,,,,
41747,,,,,,,,,,,,,0.631870,4.269873,0.118881,0.115921,,,,,,,,,,,,
41756,,,,,,,,,,,,,,,,,,,,,,,-0.015006,-0.001403,1.035109,-0.910000,-0.980000,44.029999
41757,,,,,,,,,,,,,1.089189,4.707738,0.116672,0.113034,,,,,,,,,,,,
41755,,,,,,,,,,,,,,,,,,,,-0.045063,0.876105,-0.314061,,,,,,
41769,,,,,,,,,,,,,0.916444,5.340961,0.120799,0.108068,,,,,,,,,,,,
41766,,,,,,,,,,,,,,,,,,,,-0.044580,0.875805,-0.302922,,,,,,
41771,,,,,,,,,,,,,,,,,,,,,,,-0.015006,-0.001403,1.035109,-1.820000,-6.300000,42.279999
41773,,,,,,,,,,,,,,,,,,,,-0.043949,0.875616,-0.294490,,,,,,
41776,,,,,,,,,,,,,,,,,,,,,,,0.057096,0.002013,1.026630,-0.980000,2.100000,36.750000
41777,,,,,,,,,,,,,1.447631,5.170420,0.117780,0.111173,,,,,,,,,,,,
41780,,,,0.051132,1.042174,0.439987,0.063181,-0.888137,,,,,,,,,,,,,,,,,,,,
41781,,,,,,,,,,,15.655722,14.031444,,,,,0.042365,0.186996,0.735316,,,,,,,,,
41784,,,,,,,,,,,,,,,,,,,,-0.043205,0.875372,-0.288946,,,,,,
41787,,,,,,,,,,,,,1.751431,5.417181,0.144952,0.129046,,,,,,,0.057096,-0.001403,1.011380,1.540000,-1.680000,41.509998
41796,,,,,,,,,,,,,,,,,,,,,,,0.034648,-0.001403,1.011380,0.350000,-5.250000,31.150000
41794,,,,,,,,,,,,,,,,,,,,-0.042383,0.875062,-0.280505,,,,,,
41797,,,,,,,,,,,,,2.596887,6.242865,0.139110,0.122346,,,,,,,,,,,,
41809,,,,,,,,,,,,,2.622932,6.566481,0.141456,0.120603,,,,,,,,,,,,
41804,,,,,,,,,,,,,,,,,,,,-0.041466,0.874730,-0.274901,,,,,,
41811,,,,,,,,,,,,,,,,,,,,,,,0.034648,0.010736,1.029253,0.350000,-6.090000,33.529999
41817,,,,,,,,,,,,,3.666836,6.254987,0.133414,0.125273,,,,,,,0.058255,0.010736,1.029253,-0.490000,-0.910000,27.160000
41815,,,,,,,,,,,,,,,,,,,,-0.040596,0.874479,-0.269343,,,,,,
41826,,,,,,,,,,,,,,,,,,,,,,,0.047702,0.002867,1.019554,2.170000,3.920000,34.299999
41827,,,,,,,,,,,,,3.633216,6.906766,0.136155,0.120181,,,,,,,,,,,,
41825,,,,,,,,,,,,,,,,,,,,-0.039528,0.874038,-0.263742,,,,,,
41830,,,,0.054019,1.043439,0.384662,0.063132,-1.027937,,,,,,,,,,,,,,,,,,,,
41831,,,,,,,,,,,17.388636,14.761024,,,,,0.045972,0.187902,0.648299,,,,,,,,,
41836,,,,,,,,,,,,,,,,,,,,,,,0.047702,0.002867,1.019554,-0.210000,-4.480000,28.420000
41837,,,,,,,,,,,,,4.153640,7.456332,0.150927,0.123442,,,,,,,,,,,,
41835,,,,,,,,,,,,,,,,,,,,-0.038336,0.873701,-0.258174,,,,,,
41846,,,,,,,,,,,,,,,,,,,,-0.037130,0.873314,-0.252563,0.034404,0.004697,1.037671,0.840000,-3.500000,20.860001
41847,,,,,,,,,,,,,5.136546,7.915431,0.143548,0.120220,,,,,,,,,,,,
41853,,,,,,,,,,,,,,,,,,,,-0.035886,0.873037,-0.246973,,,,,,
41856,,,,,,,,,,,,,,,,,,,,,,,0.034404,0.004697,1.037671,0.420000,-16.309999,18.340000
41857,,,,,,,,,,,,,5.416889,8.302542,0.143139,0.117640,,,,,,,,,,,,
41869,,,,,,,,,,,,,5.966678,8.394667,0.139926,0.117992,,,,,,,,,,,,
41863,,,,,,,,,,,,,,,,,,,,-0.034629,0.872651,-0.244210,,,,,,
41871,,,,,,,,,,,,,,,,,,,,,,,0.056242,0.008235,0.996557,-0.490000,-2.800000,14.910000
41877,,,,,,,,,,,,,6.336002,9.036731,0.138443,0.112717,,,,-0.033134,0.872160,-0.244152,0.056242,0.008235,0.996557,0.350000,1.890000,7.350000
41880,,,,0.056964,1.044526,0.320757,0.062935,-1.188691,,,,,,,,,,,,,,,,,,,,
41881,,,,,,,,,,,17.930351,14.183740,,,,,0.045291,0.189096,0.566544,,,,,,,,,
41884,,,,,,,,,,,,,,,,,,,,-0.031599,0.871684,-0.241408,,,,,,
41887,,,,,,,,,,,,,6.920554,9.192947,0.140217,0.106380,,,,,,,0.044103,0.002318,1.010038,4.060000,-1.540000,14.700000
41896,,,,,,,,,,,,,,,,,,,,,,,0.044103,0.002318,1.010038,2.730000,-2.100000,8.820000
41895,,,,,,,,,,,,,,,,,,,,-0.030061,0.871243,-0.238576,,,,,,
41897,,,,,,,,,,,,,7.519702,9.431693,0.136307,0.104943,,,,,,,,,,,,
41906,,,,,,,,,,,,,,,,,,,,,,,0.025925,-0.002440,1.028460,0.000000,-8.190000,3.990000
41905,,,,,,,,,,,,,,,,,,,,-0.028329,0.870776,-0.238581,,,,,,
41907,,,,,,,,,,,,,8.484751,9.554082,0.128546,0.104645,,,,,,,,,,,,
41916,,,,,,,,,,,,,,,,,,,,,,,0.025925,-0.002440,1.028460,0.770000,-5.460000,-7.490000
41917,,,,,,,,,,,,,8.809276,10.265746,0.127125,0.098312,,,,,,,,,,,,
41915,,,,,,,,,,,,,,,,,,,,-0.026721,0.870380,-0.238598,,,,,,
41923,,,,,,,,,,,,,,,,,,,,-0.024984,0.869973,-0.241364,,,,,,
41929,,,,,,,,,,,,,9.239757,10.008322,0.124558,0.101721,,,,,,,,,,,,
41931,,,,0.059963,1.045404,0.247221,0.062651,-1.371067,,,17.332289,12.352543,,,,,0.040482,0.190652,0.488956,,,,,,,,,
41934,,,,,,,,,,,,,,,,,,,,,,,0.003111,0.008174,1.022360,2.450000,-3.220000,-14.070000
41933,,,,,,,,,,,,,,,,,,,,-0.023299,0.869425,-0.241386,,,,,,
41937,,,,,,,,,,,,,10.504896,10.468925,0.107292,0.079180,,,,,,,,,,,,
41939,,,,,,,,,,,,,,,,,,,,,,,0.003111,-0.000732,0.989176,0.350000,-2.240000,-14.770000
41943,,,,,,,,,,,,,,,,,,,,-0.021354,0.868976,-0.241360,,,,,,
41946,,,,,,,,,,,,,,,,,,,,,,,0.005124,-0.000732,0.989176,0.490000,-5.670000,-14.280000
41947,,,,,,,,,,,,,10.487284,10.457019,0.108837,0.079678,,,,,,,,,,,,
41956,,,,,,,,,,,,,,,,,,,,,,,0.005124,-0.000732,0.989176,1.190000,5.950000,-17.570000
41954,,,,,,,,,,,,,,,,,,,,-0.019613,0.868489,-0.246956,,,,,,
41957,,,,,,,,,,,,,11.014439,10.441363,0.104829,0.080217,,,,,,,,,,,,
41966,,,,,,,,,,,,,,,,,,,,,,,-0.038552,-0.006222,1.035353,2.870000,-7.000000,-27.090000
41964,,,,,,,,,,,,,,,,,,,,-0.017699,0.868037,-0.246963,,,,,,
41967,,,,,,,,,,,,,11.448118,10.420791,0.101669,0.080809,,,,,,,,,,,,
41976,,,,,,,,,,,,,,,,,,,,,,,-0.038552,-0.006222,1.035353,0.630000,-8.400000,-28.490000
41975,,,,,,,,,,,,,,,,,,,,-0.015964,0.867566,-0.252513,,,,,,
41977,,,,,,,,,,,,,11.278585,10.414192,0.104575,0.081262,,,,,,,,,,,,
41980,,,,0.063009,1.046041,0.163180,0.062366,-1.573367,,,,,,,,,,,,,,,,,,,,
41981,,,,,,,,,,,15.572746,9.269254,,,,,0.031495,0.192600,0.417542,,,,,,,,,
41988,,,,,,,,,,,,,,,0.081836,0.052499,,,,,,,,,,,,
41989,,,,,,,,,,,,,11.867095,10.188877,,,,,,,,,,,,,,
41985,,,,,,,,,,,,,,,,,,,,-0.014232,0.867150,-0.258109,,,,,,
41992,,,,,,,,,,,,,,,,,,,,,,,-0.052094,0.000000,1.034865,0.350000,-9.730000,-31.780001
41997,,,,,,,,,,,,,11.815165,9.793048,0.083106,0.056352,,,,,,,-0.041114,-0.012200,1.002291,1.960000,-13.300000,-37.029999
41995,,,,,,,,,,,,,,,,,,,,-0.012611,0.866658,-0.263675,,,,,,
42003,,,,,,,,,,,,,,,,,,,,-0.011029,0.866247,-0.269281,,,,,,
42006,,,,,,,,,,,,,,,,,,,,,,,-0.041114,-0.012200,1.002291,-2.310000,-2.870000,-38.709999
42007,,,,,,,,,,,,,11.672001,9.393684,0.085318,0.060321,,,,,,,,,,,,
42016,,,,,,,,,,,,,,,,,,,,-0.009283,0.865732,-0.277655,-0.041114,-0.002928,0.989298,-0.140000,8.190000,-41.090000
42017,,,,,,,,,,,,,11.466629,9.001051,0.088193,0.064301,,,,,,,,,,,,
42029,,,,,,,,,,,,,11.965423,8.963924,0.083927,0.064733,,,,,,,,,,,,
42031,,,,0.066098,1.046403,0.068188,0.062198,-1.789854,,,,,,,,,,,,,,,,,,,,
42032,,,,,,,,,,,13.927136,6.224235,,,,,0.022825,0.194432,0.346621,,,,,,,,,
42024,,,,,,,,,,,,,,,,,,,,-0.007634,0.865303,-0.283238,,,,,,
42033,,,,,,,,,,,,,,,,,,,,,,,-0.067161,-0.002928,0.989298,0.630000,9.870000,-41.369999
42034,,,,,,,,,,,,,,,,,,,,-0.005923,0.864853,-0.291652,,,,,,
42037,,,,,,,,,,,,,12.073881,8.210970,0.066757,0.041415,,,,,,,,,,,,
42039,,,,,,,,,,,,,,,,,,,,,,,-0.083021,-0.020679,1.043405,1.400000,8.960000,-40.180000
42046,,,,,,,,,,,,,,,,,,,,,,,-0.083021,-0.020679,1.043405,1.330000,9.380000,-40.459999
42044,,,,,,,,,,,,,,,,,,,,-0.004335,0.864406,-0.300032,,,,,,
42047,,,,,,,,,,,,,11.804439,8.005693,0.069876,0.043112,,,,,,,,,,,,
42056,,,,,,,,,,,,,,,,,,,,,,,-0.092110,-0.007686,1.004792,0.000000,7.070000,-45.709999
42055,,,,,,,,,,,,,,,,,,,,-0.002801,0.863976,-0.305617,,,,,,
42057,,,,,,,,,,,,,11.555817,7.818365,0.072836,0.044666,,,,,,,,,,,,
42066,,,,,,,,,,,,,,,,,,,,,,,-0.092110,-0.007686,1.004792,-2.520000,15.470000,-68.110001
42067,,,,,,,,,,,,,10.832790,7.133235,0.080685,0.051336,,,,,,,,,,,,
42065,,,,,,,,,,,,,,,,,,,,-0.001267,0.863566,-0.316833,,,,,,
42076,,,,,,,,,,,,,,,,,,,,0.000175,0.863209,-0.328039,-0.109373,0.000732,0.976671,-3.990000,15.330000,-77.980003
42077,,,,,,,,,,,,,10.756877,6.549293,0.082078,0.057110,,,,,,,,,,,,
42080,,,,0.069222,1.046453,-0.037448,0.062297,-2.008916,,,,,,,,,,,,,,,,,,,,
42081,,,,,,,,,,,10.190248,1.125188,,,,,0.006847,0.195746,0.289170,,,,,,,,,
42088,,,,,,,,,,,,,,,0.042668,0.010798,,,,,,,,,,,,
42089,,,,,,,,,,,,,10.945887,5.984337,,,,,,,,,,,,,,
42083,,,,,,,,,,,,,,,,,,,,0.001589,0.862860,-0.342119,,,,,,
42092,,,,,,,,,,,,,,,,,,,,,,,-0.109373,0.000732,0.976671,3.780000,8.820000,-75.040001
42097,,,,,,,,,,,,,,,,,,,,,,,-0.111508,-0.046604,1.088545,2.660000,9.030000,-76.300003
42098,,,,,,,,,,,,,10.406009,5.633291,0.048024,0.013406,,,,,,,,,,,,
42096,,,,,,,,,,,,,,,,,,,,0.002755,0.862549,-0.356160,,,,,,
42104,,,,,,,,,,,,,,,,,,,,0.003926,0.862002,-0.367445,,,,,,
42107,,,,,,,,,,,,,10.526103,4.739850,0.046756,0.021618,,,,,,,-0.111508,-0.046604,1.088545,3.290000,18.270000,-80.080002
42116,,,,,,,,,,,,,,,,,,,,,,,-0.173789,0.007442,0.962092,1.680000,35.560001,-73.080002
42114,,,,,,,,,,,,,,,,,,,,0.005031,0.861631,-0.381549,,,,,,
42117,,,,,,,,,,,,,9.950891,4.535224,0.052556,0.022982,,,,,,,,,,,,
42126,,,,,,,,,,,,,,,,,,,,,,,-0.173789,0.007442,0.962092,1.540000,37.169998,-66.849998
42125,,,,,,,,,,,,,,,,,,,,0.006124,0.861198,-0.392837,,,,,,
42127,,,,,,,,,,,,,9.467457,3.815937,0.057535,0.029637,,,,,,,,,,,,
42130,,,,0.072376,1.046155,-0.152343,0.062848,-2.212000,,,,,,,,,,,,,,,,,,,,
42131,,,,,,,,,,,6.360509,-3.945595,,,,,-0.009271,0.196263,0.240433,,,,,,,,,
42137,,,,,,,,,,,,,,,0.023345,-0.016450,,,,,,,-0.145363,-0.028548,1.022665,4.410000,43.119999,-57.470001
42138,,,,,,,,,,,,,9.003834,3.210729,,,,,,,,,,,,,,
42135,,,,,,,,,,,,,,,,,,,,0.007124,0.860837,-0.404077,,,,,,
42148,,,,,,,,,,,,,8.076370,2.701507,0.032276,-0.012687,,,,,,,,,,,,
42145,,,,,,,,,,,,,,,,,,,,0.008148,0.860453,-0.415466,,,,,,
42150,,,,,,,,,,,,,,,,,,,,,,,-0.145363,-0.028548,1.022665,2.170000,46.549999,-52.009998
42153,,,,,,,,,,,,,,,,,,,,0.009019,0.860041,-0.423985,,,,,,
42156,,,,,,,,,,,,,,,,,,,,,,,-0.159454,0.008723,1.008025,2.940000,48.439999,-50.820000
42157,,,,,,,,,,,,,7.441339,2.273047,0.038410,-0.009647,,,,,,,,,,,,
42163,,,,,,,,,,,,,,,,,,,,0.009813,0.859714,-0.432566,,,,,,
42166,,,,,,,,,,,,,,,,,,,,,,,-0.159454,0.008723,1.008025,1.540000,55.650002,-29.959999
42167,,,,,,,,,,,,,6.808806,1.912542,0.044646,-0.007213,,,,,,,,,,,,
42176,,,,,,,,,,,,,,,,,,,,,,,-0.183366,-0.011224,1.000644,3.220000,58.799999,-20.299999
42174,,,,,,,,,,,,,,,,,,,,0.010723,0.859309,-0.435483,,,,,,
42177,,,,,,,,,,,,,5.728929,1.609212,0.055571,-0.005291,,,,,,,,,,,,
42180,,,,0.075552,1.045468,-0.273856,0.064062,-2.374927,,,,,,,,,,,,,,,,,,,,
42181,,,,,,,,,,,4.262500,-7.191101,,,,,-0.019259,0.196168,0.160783,,,,,,,,,
42189,,,,,,,,,,,,,5.289349,1.353991,0.038782,-0.036903,,,,,,,,,,,,
42184,,,,,,,,,,,,,,,,,,,,0.011384,0.858961,-0.435573,,,,,,
42192,,,,,,,,,,,,,,,,,,,,,,,-0.183366,-0.011224,1.000644,1.260000,50.119999,-8.890000
42194,,,,,,,,,,,,,,,,,,,,0.011987,0.858686,-0.441308,,,,,,
42197,,,,,,,,,,,,,,,0.040853,-0.036421,,,,,,,-0.159454,0.016104,1.011075,-0.770000,27.299999,-5.600000
42198,,,,,,,,,,,,,5.066178,1.139248,,,,,,,,,,,,,,
42206,,,,,,,,,,,,,,,,,,,,,,,-0.159454,0.016104,0.999912,0.420000,-13.300000,-10.850000
42207,,,,,,,,,,,,,4.262681,0.958563,0.048887,-0.036244,,,,,,,,,,,,
42205,,,,,,,,,,,,,,,,,,,,0.012348,0.858559,-0.441428,,,,,,
42216,,,,,,,,,,,,,,,,,,,,,,,-0.214659,-0.021655,0.999912,5.250000,-20.650000,-21.280001
42217,,,,,,,,,,,,,3.586620,0.806535,0.055783,-0.036324,,,,,,,,,,,,
42215,,,,,,,,,,,,,,,,,,,,0.012204,0.858633,-0.444218,,,,,,
42223,,,,,,,,,,,,,,,,,,,,0.012082,0.858652,-0.447007,,,,,,
42226,,,,,,,,,,,,,,,,,,,,,,,-0.214659,0.028670,1.031449,3.290000,-20.370001,-21.000000
42227,,,,,,,,,,,,,3.017781,0.678618,0.061721,-0.036618,,,,,,,,,,,,
42230,,,,0.078743,1.044352,-0.398267,0.066158,-2.472996,,,,,,,,,,,,,,,,,,,,
42231,,,,,,,,,,,4.762828,-7.642053,,,,,-0.019804,0.196292,0.047702,,,,,,,,,
42233,,,,,,,,,,,,,,,,,,,,0.011863,0.858798,-0.449745,,,,,,
42236,,,,,,,,,,,,,,,,,,,,,,,-0.206790,0.028670,1.031449,0.700000,-20.930000,-12.110000
42237,,,,,,,,,,,,,3.084905,0.570989,0.066388,-0.041694,,,,,,,,,,,,
42249,,,,,,,,,,,,,3.034397,0.480430,0.067239,-0.042413,,,,,,,,,,,,
42243,,,,,,,,,,,,,,,,,,,,0.011642,0.858917,-0.449525,,,,,,
42251,,,,,,,,,,,,,,,,,,,,,,,-0.139934,-0.027938,0.996679,2.030000,-29.260000,2.310000
42257,,,,,,,,,,,,,2.553141,0.404234,0.072493,-0.043260,,,,0.011272,0.859047,-0.449588,-0.139934,-0.027938,0.996679,1.050000,-39.340000,-5.110000
42266,,,,,,,,,,,,,,,,,,,,,,,-0.072956,0.020496,1.020957,1.750000,-60.830002,-18.340000
42264,,,,,,,,,,,,,,,,,,,,0.010808,0.859298,-0.452497,,,,,,
42267,,,,,,,,,,,,,2.694723,0.340122,0.071491,-0.044216,,,,,,,,,,,,
42276,,,,,,,,,,,,,,,,,,,,,,,-0.072956,0.020496,1.020957,2.240000,-70.209999,-22.540001
42275,,,,,,,,,,,,,,,,,,,,0.010269,0.859563,-0.458102,,,,,,
42277,,,,,,,,,,,,,2.267340,0.286179,0.076264,-0.045262,,,,,,,,,,,,
42280,,,,0.081941,1.042764,-0.521343,0.069343,-2.489058,,,,,,,,,,,,,,,,,,,,
42281,,,,,,,,,,,6.104680,-6.845984,,,,,-0.016696,0.196027,-0.064259,,,,,,,,,
42286,,,,,,,,,,,,,,,,,,,,,,,-0.101565,-0.014701,1.019005,2.660000,-76.930000,-17.290001
42285,,,,,,,,,,,,,,,,,,,,0.009664,0.859915,-0.463660,,,,,,
42287,,,,,,,,,,,,,2.438380,0.240791,0.088706,-0.038265,,,,,,,,,,,,
42296,,,,,,,,,,,,,,,,,,,,,,,-0.101565,-0.014701,1.019005,1.890000,-85.120003,-23.170000
42297,,,,,,,,,,,,,2.616942,0.202601,0.087617,-0.039293,,,,,,,,,,,,
42295,,,,,,,,,,,,,,,,,,,,0.009036,0.860224,-0.466458,,,,,,
42309,,,,,,,,,,,,,2.659917,0.170469,0.087877,-0.040375,,,,,,,,,,,,
42306,,,,,,,,,,,,,,,,,,,,0.008211,0.860694,-0.469288,,,,,,
42312,,,,,,,,,,,,,,,,,,,,,,,-0.064477,0.001891,1.020652,1.960000,-60.900002,-29.820000
42313,,,,,,,,,,,,,,,,,,,,0.007504,0.860963,-0.472093,,,,,,
42317,,,,,,,,,,,,,2.238054,0.143432,0.092869,-0.041502,,,,,,,-0.064477,0.001891,1.020652,1.260000,-23.379999,-31.010000
42323,,,,,,,,,,,,,,,,,,,,0.007305,0.860983,-0.477774,,,,,,
42326,,,,,,,,,,,,,,,,,,,,,,,0.039772,-0.009089,0.995215,1.610000,21.700001,-39.480000
42327,,,,,,,,,,,,,1.883098,0.120684,0.097263,-0.042668,,,,,,,,,,,,
42330,,,,0.085138,1.040662,-0.639124,0.073786,-2.420534,,,,,,,,,,,,,,,,,,,,
42331,,,,,,,,,,,7.287484,-5.751974,,,,,-0.013450,0.195362,-0.163086,,,,,,,,,
42334,,,,,,,,,,,,,,,,,,,,0.007563,0.860964,-0.489195,,,,,,
42337,,,,,,,,,,,,,2.127895,0.101544,0.107675,-0.032707,,,,,,,0.039772,-0.009089,0.995215,0.700000,36.259998,-44.730000
42349,,,,,,,,,,,,,2.255395,0.085439,0.107406,-0.033714,,,,,,,,,,,,
42344,,,,,,,,,,,,,,,,,,,,0.007913,0.860974,-0.494902,,,,,,
42352,,,,,,,,,,,,,,,,,,,,,,,0.055388,0.015250,1.021140,0.140000,2.310000,-23.520000
42357,,,,,,,,,,,,,1.897689,0.071888,0.112061,-0.034743,,,,,,,0.055388,0.015250,1.021140,1.400000,-10.290000,-23.799999
42355,,,,,,,,,,,,,,,,,,,,0.008143,0.860929,-0.500613,,,,,,
42366,,,,,,,,,,,,,,,,,,,,0.008175,0.860907,-0.503458,0.044347,-0.010004,1.017053,1.540000,-3.360000,-33.180000
42367,,,,,,,,,,,,,2.164835,0.060487,0.110414,-0.035791,,,,,,,,,,,,
42373,,,,,,,,,,,,,,,,,,,,0.008493,0.860751,-0.512038,,,,,,
42376,,,,,,,,,,,,,,,,,,,,,,,0.044347,-0.010004,1.017053,1.120000,2.450000,-33.810001
42377,,,,,,,,,,,,,2.369819,0.050893,0.109348,-0.036856,,,,,,,,,,,,
42380,,,,0.088327,1.038001,-0.748593,0.079602,-2.280547,,,,,,,,,,,,,,,,,,,,
42381,,,,,,,,,,,6.520312,-6.187010,,,,,-0.016592,0.193713,-0.239576,,,,,,,,,
42386,,,,,,,,,,,,,,,,,,,,0.008776,0.860594,-0.517769,0.019154,0.005002,1.020652,0.910000,0.910000,-40.880001
42387,,,,,,,,,,,,,2.535422,0.042822,0.100817,-0.042372,,,,,,,,,,,,
42394,,,,,,,,,,,,,,,,,,,,0.009066,0.860369,-0.523511,,,,,,
42397,,,,,,,,,,,,,2.684461,0.036030,0.100094,-0.043548,,,,,,,0.019154,0.005002,1.020652,0.980000,1.820000,-47.320000
42409,,,,,,,,,,,,,3.202863,0.030316,0.095573,-0.044735,,,,,,,,,,,,
42404,,,,,,,,,,,,,,,,,,,,0.009358,0.860213,-0.529256,,,,,,
42412,,,,,,,,,,,,,,,,,,,,,,,0.005734,-0.013420,1.021567,1.610000,-3.710000,-50.189999
42417,,,,,,,,,,,,,3.316300,0.025508,0.095080,-0.045929,,,,,,,0.005734,-0.001647,1.018090,0.980000,-2.800000,-51.450001
42415,,,,,,,,,,,,,,,,,,,,0.009724,0.860087,-0.537850,,,,,,
42426,,,,,,,,,,,,,,,,,,,,,,,-0.004758,-0.001647,1.018090,1.330000,4.480000,-55.299999
42425,,,,,,,,,,,,,,,,,,,,0.010126,0.859969,-0.549332,,,,,,
42427,,,,,,,,,,,,,3.905631,0.021462,0.089709,-0.047130,,,,,,,,,,,,
42430,,,,0.091498,1.034736,-0.847975,0.086848,-2.092346,,,,,,,,,,,,,,,,,,,,
42431,,,,,,,,,,,5.138238,-6.964335,,,,,-0.021688,0.191569,-0.299268,,,,,,,,,
42437,,,,,,,,,,,,,3.845966,0.018058,0.076744,-0.056266,,,,,,,-0.004758,-0.002806,1.004060,0.140000,4.410000,-52.009998
42435,,,,,,,,,,,,,,,,,,,,0.010491,0.859670,-0.557975,,,,,,
42446,,,,,,,,,,,,,,,,,,,,0.010898,0.859418,-0.566604,-0.012749,-0.002806,1.004060,1.610000,6.650000,-52.709999
42447,,,,,,,,,,,,,4.337640,0.015194,0.071987,-0.057633,,,,,,,,,,,,
42456,,,,,,,,,,,,,,,,,,,,0.011308,0.859237,-0.575257,-0.043432,-0.003416,1.023397,0.980000,3.360000,-51.590000
42457,,,,,,,,,,,,,4.198127,0.012784,0.073570,-0.059004,,,,,,,,,,,,
42469,,,,,,,,,,,,,4.476953,0.010757,0.070914,-0.060379,,,,,,,,,,,,
42464,,,,,,,,,,,,,,,,,,,,0.011698,0.859035,-0.583933,,,,,,
42472,,,,,,,,,,,,,,,,,,,,,,,-0.043432,-0.003416,1.023397,1.330000,-2.310000,-49.910000
42474,,,,,,,,,,,,,,,,,,,,0.012081,0.858871,-0.595491,,,,,,
42477,,,,,,,,,,,,,4.383674,0.009051,0.071998,-0.061757,,,,,,,-0.058804,-0.002684,1.019920,1.470000,-2.870000,-48.369999
42480,,,,0.094644,1.030821,-0.936654,0.095535,-1.880993,,,,,,,,,,,,,,,,,,,,
42481,,,,,,,,,,,3.314189,-8.026156,,,,,-0.028393,0.188638,-0.339773,,,,,,,,,
42484,,,,,,,,,,,,,,,,,,,,0.012403,0.858710,-0.601297,,,,,,
42487,,,,,,,,,,,,,4.238466,0.007615,0.055025,-0.073967,,,,,,,-0.058804,-0.002684,1.019920,1.890000,0.700000,-46.270000
42496,,,,,,,,,,,,,,,,,,,,,,,-0.054534,-0.007015,1.013759,2.310000,2.100000,-40.950001
42494,,,,,,,,,,,,,,,,,,,,0.012689,0.858541,-0.609996,,,,,,
42497,,,,,,,,,,,,,4.712049,0.006408,0.050009,-0.075562,,,,,,,,,,,,
42509,,,,,,,,,,,,,3.964717,0.005391,0.057352,-0.077158,,,,,,,,,,,,
42505,,,,,,,,,,,,,,,,,,,,0.012934,0.858362,-0.615801,,,,,,
42511,,,,,,,,,,,,,,,,,,,,,,,-0.054534,-0.007015,1.013759,1.610000,1.680000,-32.480000
42516,,,,,,,,,,,,,,,,,,,,,,,-0.065880,0.006466,1.015711,1.120000,3.780000,-28.070000
42515,,,,,,,,,,,,,,,,,,,,0.013173,0.858229,-0.621613,,,,,,
42517,,,,,,,,,,,,,4.007524,0.004536,0.056786,-0.078756,,,,,,,,,,,,
42526,,,,,,,,,,,,,,,,,,,,,,,-0.065880,0.006466,1.015711,1.120000,5.880000,-19.110001
42527,,,,,,,,,,,,,3.371931,0.003817,0.063130,-0.080354,,,,,,,,,,,,
42525,,,,,,,,,,,,,,,,,,,,0.013413,0.858052,-0.627445,,,,,,
42530,,,,0.097754,1.026211,-1.014874,0.105637,-1.667089,,,,,,,,,,,,,,,,,,,,
42531,,,,,,,,,,,3.058621,-7.631115,,,,,-0.029841,0.185733,-0.389994,,,,,,,,,
42537,,,,,,,,,,,,,3.379408,0.003211,0.060435,-0.077925,,,,,,,-0.096685,-0.001647,1.013332,0.980000,6.580000,-9.730000
42536,,,,,,,,,,,,,,,,,,,,0.013631,0.857912,-0.630355,,,,,,
42543,,,,,,,,,,,,,,,,,,,,0.013802,0.857802,-0.633267,,,,,,
42546,,,,,,,,,,,,,,,,,,,,,,,-0.096685,-0.001647,1.013332,0.560000,3.920000,-3.360000
42547,,,,,,,,,,,,,2.843433,0.002702,0.065838,-0.079446,,,,,,,,,,,,
42553,,,,,,,,,,,,,,,,,,,,0.013860,0.857764,-0.633267,,,,,,
42556,,,,,,,,,,,,,,,,,,,,,,,-0.077287,0.002806,1.019554,0.630000,-3.500000,-7.140000
42557,,,,,,,,,,,,,2.392464,0.002274,0.070481,-0.080969,,,,,,,,,,,,
42568,,,,,,,,,,,,,2.013019,0.001913,0.074485,-0.082492,,,,,,,,,,,,
42564,,,,,,,,,,,,,,,,,,,,0.013852,0.857795,-0.633267,,,,,,
42571,,,,,,,,,,,,,,,,,,,,,,,-0.077287,0.002806,1.019554,0.840000,-9.170000,-7.420000
42576,,,,,,,,,,,,,,,,,,,,,,,-0.075518,-0.003233,1.018151,1.050000,-15.120000,-9.100000
42574,,,,,,,,,,,,,,,,,,,,0.013800,0.857836,-0.633251,,,,,,
42577,,,,,,,,,,,,,2.314245,0.001610,0.071621,-0.084015,,,,,,,,,,,,
42580,,,,0.100821,1.020859,-1.083402,0.117109,-1.464366,,,,,,,,,,,,,,,,,,,,
42581,,,,,,,,,,,4.185572,-6.048583,,,,,-0.026767,0.182862,-0.448100,,,,,,,,,
42584,,,,,,,,,,,,,,,,,,,,0.013664,0.857932,-0.636161,,,,,,
42587,,,,,,,,,,,,,,,,,,,,,,,-0.075518,-0.003233,1.018151,0.980000,-8.050000,-13.230000
42588,,,,,,,,,,,,,1.947206,0.001354,0.087009,-0.069398,,,,,,,,,,,,
42596,,,,,,,,,,,,,,,,,,,,,,,-0.031476,-0.006161,1.013820,1.050000,4.060000,-8.120000
42595,,,,,,,,,,,,,,,,,,,,0.013634,0.857922,-0.639075,,,,,,
42597,,,,,,,,,,,,,1.638379,0.001140,0.090607,-0.070605,,,,,,,,,,,,
42606,,,,,,,,,,,,,,,,,,,,,,,-0.031476,-0.006161,1.013820,0.560000,0.490000,-5.950000
42607,,,,,,,,,,,,,1.378531,0.000959,0.093766,-0.071813,,,,,,,,,,,,
42605,,,,,,,,,,,,,,,,,,,,0.013663,0.857887,-0.639091,,,,,,
42616,,,,,,,,,,,,,,,,,,,,,,,-0.001098,0.013237,1.022055,0.420000,0.490000,-6.020000
42617,,,,,,,,,,,,,1.159896,0.000807,0.096558,-0.073022,,,,,,,,,,,,
42615,,,,,,,,,,,,,,,,,,,,0.013717,0.857863,-0.641991,,,,,,
42629,,,,,,,,,,,,,1.429987,0.000679,0.094408,-0.074230,,,,,,,,,,,,
42631,,,,0.103835,1.014719,-1.143250,0.129894,-1.280196,,,,,,,,,,,,,,,,,,,,
42632,,,,,,,,,,,5.998754,-3.947402,,,,,-0.021660,0.179599,-0.501820,,,,,,,,,
42625,,,,,,,,,,,,,,,,,,,,0.013774,0.857827,-0.641991,,,,,,
42634,,,,,,,,,,,,,,,,,,,,,,,-0.001098,0.013237,1.022055,1.050000,4.760000,-8.680000
42637,,,,,,,,,,,,,1.203191,0.000571,0.115767,-0.054007,,,,,,,,,,,,
42636,,,,,,,,,,,,,,,,,,,,0.013874,0.857762,-0.644912,,,,,,
42639,,,,,,,,,,,,,,,,,,,,,,,-0.015006,-0.010858,1.008879,0.910000,4.340000,-8.890000
42646,,,,,,,,,,,,,,,,,,,,0.013992,0.857673,-0.647847,-0.015006,-0.010858,1.019920,0.910000,1.540000,-10.570000
42647,,,,,,,,,,,,,1.012365,0.000481,0.118673,-0.054796,,,,,,,,,,,,
42656,,,,,,,,,,,,,,,,,,,,,,,-0.020496,0.006039,1.019920,0.980000,-0.490000,-14.840000
42654,,,,,,,,,,,,,,,,,,,,0.014082,0.857631,-0.647847,,,,,,
42657,,,,,,,,,,,,,1.400407,0.000404,0.115712,-0.055585,,,,,,,,,,,,
42666,,,,,,,,,,,,,,,,,,,,,,,0.002989,-0.010797,1.025898,1.610000,-4.690000,-24.080000
42664,,,,,,,,,,,,,,,,,,,,0.014158,0.857556,-0.650751,,,,,,
42667,,,,,,,,,,,,,1.178302,0.000340,0.118897,-0.056373,,,,,,,,,,,,
42676,,,,,,,,,,,,,,,,,,,,,,,0.002989,-0.010797,1.025898,1.750000,0.070000,-30.309999
42677,,,,,,,,,,,,,1.544540,0.000286,0.116125,-0.057162,,,,,,,,,,,,
42675,,,,,,,,,,,,,,,,,,,,0.014280,0.857509,-0.656583,,,,,,
42680,,,,0.106786,1.007746,-1.195489,0.143933,-1.117327,,,,,,,,,,,,,,,,,,,,
42681,,,,,,,,,,,7.320064,-2.415541,,,,,-0.018757,0.175444,-0.537416,,,,,,,,,
42689,,,,,,,,,,,,,1.746802,0.000241,0.128431,-0.042327,,,,,,,,,,,,
42685,,,,,,,,,,,,,,,,,,,,0.014421,0.857414,-0.659498,,,,,,
42692,,,,,,,,,,,,,,,,,,,,,,,0.015006,0.002257,1.009062,1.260000,1.190000,-37.029999
42697,,,,,,,,,,,,,2.174578,0.000203,0.125182,-0.042809,,,,,,,,,,,,
42698,,,,,,,,,,,,,,,,,,,,,,,0.015006,0.002257,1.009062,2.170000,2.030000,-36.540001
42695,,,,,,,,,,,,,,,,,,,,0.014618,0.857275,-0.665351,,,,,,
42706,,,,,,,,,,,,,,,,,,,,0.014917,0.857101,-0.674152,0.020191,-0.007137,1.020835,2.100000,0.070000,-45.709999
42707,,,,,,,,,,,,,2.922821,0.000171,0.118579,-0.043292,,,,,,,,,,,,
42713,,,,,,,,,,,,,,,,,,,,0.015249,0.856880,-0.680045,,,,,,
42716,,,,,,,,,,,,,,,,,,,,,,,0.020191,-0.007137,1.020835,1.960000,3.780000,-51.099998
42717,,,,,,,,,,,,,3.009638,0.000143,0.118573,-0.043775,,,,,,,,,,,,
42729,,,,,,,,,,,,,3.419838,0.000121,0.115251,-0.044258,,,,,,,,,,,,
42724,,,,,,,,,,,,,,,,,,,,0.015577,0.856647,-0.688835,,,,,,
42731,,,,0.109666,0.999895,-1.241144,0.159166,-0.975664,,,,,,,,,,,,,,,,,,,,
42732,,,,,,,,,,,7.897825,-1.629052,,,,,-0.019021,0.170351,-0.549401,,,,,,,,,
42733,,,,,,,,,,,,,,,,,,,,,,,0.020923,-0.002135,1.015284,1.750000,-3.150000,-61.880001
42737,,,,,,,,,,,,,4.306698,0.000102,0.112878,-0.036719,,,,0.015950,0.856370,-0.700596,,,,,,
42738,,,,,,,,,,,,,,,,,,,,,,,0.020923,-0.002135,1.015284,2.100000,4.760000,-58.799999
42746,,,,,,,,,,,,,,,,,,,,,,,0.011590,-0.010004,1.012356,-0.420000,-1.330000,-68.110001
42744,,,,,,,,,,,,,,,,,,,,0.016381,0.856074,-0.709429,,,,,,
42747,,,,,,,,,,,,,4.709593,0.000085,0.109487,-0.037044,,,,,,,,,,,,
42756,,,,,,,,,,,,,,,,,,,,,,,0.011590,-0.010004,1.012356,2.800000,9.730000,-71.260002
42755,,,,,,,,,,,,,,,,,,,,0.016814,0.855762,-0.721262,,,,,,
42757,,,,,,,,,,,,,5.053811,0.000072,0.106613,-0.037370,,,,,,,,,,,,
42766,,,,,,,,,,,,,,,,,,,,,,,0.005734,0.001647,1.008330,-0.280000,6.370000,-71.190002
42767,,,,,,,,,,,,,5.359633,0.000061,0.104063,-0.037696,,,,,,,,,,,,
42765,,,,,,,,,,,,,,,,,,,,0.017410,0.855393,-0.736102,,,,,,
42776,,,,,,,,,,,,,,,,,,,,,,,0.005734,0.001647,1.008330,2.520000,3.990000,-76.440002
42777,,,,,,,,,,,,,5.608461,0.000051,0.102032,-0.038021,,,,,,,,,,,,
42775,,,,,,,,,,,,,,,,,,,,0.017926,0.854985,-0.750956,,,,,,
42780,,,,0.112465,0.991123,-1.281141,0.175531,-0.853618,,,,,,,,,,,,,,,,,,,,
42781,,,,,,,,,,,7.346339,-1.837099,,,,,-0.023868,0.164043,-0.529659,,,,,,,,,
42789,,,,,,,,,,,,,6.059978,0.000043,0.092260,-0.040469,,,,,,,,,,,,
42786,,,,,,,,,,,,,,,,,,,,0.018456,0.854545,-0.762851,,,,,,
42792,,,,,,,,,,,,,,,,,,,,,,,-0.023851,-0.016714,1.037000,3.150000,3.080000,-80.080002
42793,,,,,,,,,,,,,,,,,,,,0.018964,0.854168,-0.777772,,,,,,
42797,,,,,,,,,,,,,6.514182,0.000036,0.087884,-0.040837,,,,,,,,,,,,
42798,,,,,,,,,,,,,,,,,,,,,,,-0.023851,-0.016714,1.037000,3.850000,-0.420000,-79.730003
42804,,,,,,,,,,,,,,,,,,,,0.019472,0.853726,-0.789765,,,,,,
42806,,,,,,,,,,,,,,,,,,,,,,,-0.027877,-0.008235,1.012905,2.870000,-0.350000,-79.449997
42807,,,,,,,,,,,,,6.577796,0.000030,0.087402,-0.041204,,,,,,,,,,,,
42816,,,,,,,,,,,,,,,,,,,,,,,-0.027877,-0.008235,1.012905,3.500000,-1.540000,-76.720001
42814,,,,,,,,,,,,,,,,,,,,0.019935,0.853315,-0.804765,,,,,,
42817,,,,,,,,,,,,,6.627468,0.000026,0.087049,-0.041571,,,,,,,,,,,,
42826,,,,,,,,,,,,,,,,,,,,,,,-0.057706,-0.010065,1.021018,3.290000,0.560000,-77.839996
42824,,,,,,,,,,,,,,,,,,,,0.020367,0.852885,-0.816813,,,,,,
42827,,,,,,,,,,,,,6.671901,0.000021,0.086739,-0.041939,,,,,,,,,,,,
42830,,,,0.115174,0.981388,-1.316292,0.192969,-0.748975,,,,,,,,,,,,,,,,,,,,
42831,,,,,,,,,,,6.913099,-1.907434,,,,,-0.028745,0.157100,-0.499438,,,,,,,,,
42837,,,,,,,,,,,,,6.696543,0.000018,0.082204,-0.043024,,,,,,,-0.057706,-0.010065,1.012722,2.870000,3.430000,-71.889999
42835,,,,,,,,,,,,,,,,,,,,0.020784,0.852430,-0.828892,,,,,,
42848,,,,,,,,,,,,,,,0.083285,-0.043405,,,,,,,,,,,,
42849,,,,,,,,,,,,,6.594779,0.000015,,,,,,,,,,,,,,
42845,,,,,,,,,,,,,,,,,,,,0.021183,0.851982,-0.844035,,,,,,
42851,,,,,,,,,,,,,,,,,,,,,,,-0.043005,-0.004819,1.012722,2.800000,-2.450000,-71.260002
42857,,,,,,,,,,,,,6.846459,0.000013,0.080782,-0.043786,,,,,,,-0.043005,-0.005551,1.017846,3.710000,3.500000,-67.410004
42855,,,,,,,,,,,,,,,,,,,,0.021630,0.851614,-0.859232,,,,,,
42866,,,,,,,,,,,,,,,,,,,,0.022001,0.851213,-0.868396,-0.066246,-0.005551,1.017846,2.240000,1.050000,-68.040001
42867,,,,,,,,,,,,,6.856932,0.000011,0.080688,-0.044168,,,,,,,,,,,,
42873,,,,,,,,,,,,,,,,,,,,0.022333,0.850819,-0.877537,,,,,,
42876,,,,,,,,,,,,,,,,,,,,,,,-0.066246,-0.005002,1.014796,3.080000,0.070000,-64.820000
42877,,,,,,,,,,,,,6.317803,0.000009,0.086198,-0.044549,,,,,,,,,,,,
42880,,,,0.117785,0.970649,-1.347295,0.211420,-0.659401,,,,,,,,,,,,,,,,,,,,
42881,,,,,,,,,,,7.406060,-1.133812,,,,,-0.030692,0.150082,-0.472109,,,,,,,,,
42890,,,,,,,,,,,,,6.599392,0.000008,0.088474,-0.037040,,,,,,,,,,,,
42884,,,,,,,,,,,,,,,,,,,,0.022746,0.850464,-0.889767,,,,,,
42892,,,,,,,,,,,,,,,,,,,,,,,-0.055266,-0.005002,1.014796,2.380000,-1.120000,-63.980000
42894,,,,,,,,,,,,,,,,,,,,0.023051,0.850182,-0.902070,,,,,,
42897,,,,,,,,,,,,,6.312097,0.000006,0.091565,-0.037267,,,,,,,,,,,,
42898,,,,,,,,,,,,,,,,,,,,,,,-0.060878,-0.002989,1.021018,1.890000,1.820000,-61.110001
42906,,,,,,,,,,,,,,,,,,,,,,,-0.060878,-0.002989,1.021018,2.800000,1.260000,-60.970001
42904,,,,,,,,,,,,,,,,,,,,0.023384,0.849824,-0.911307,,,,,,
42907,,,,,,,,,,,,,6.398887,0.000005,0.090899,-0.037493,,,,,,,,,,,,
42916,,,,,,,,,,,,,,,,,,,,,,,-0.032147,-0.004636,1.013393,2.590000,5.810000,-55.930000
42915,,,,,,,,,,,,,,,,,,,,0.023695,0.849470,-0.923656,,,,,,
42917,,,,,,,,,,,,,5.936466,0.000005,0.095817,-0.037720,,,,,,,,,,,,
42926,,,,,,,,,,,,,,,,,,,,,,,-0.032147,-0.004636,1.013393,1.260000,0.210000,-58.730000
42927,,,,,,,,,,,,,6.090602,0.000004,0.094539,-0.037947,,,,,,,,,,,,
42925,,,,,,,,,,,,,,,,,,,,0.024031,0.849075,-0.932944,,,,,,
42930,,,,0.120287,0.958868,-1.374742,0.230822,-0.582686,,,,,,,,,,,,,,,,,,,,
42931,,,,,,,,,,,8.452246,0.202067,,,,,-0.030997,0.142712,-0.441156,,,,,,,,,
42937,,,,,,,,,,,,,6.198152,0.000003,0.104376,-0.024548,,,,,,,-0.044713,0.004392,1.021933,2.170000,-3.360000,-63.139999
42935,,,,,,,,,,,,,,,,,,,,0.024332,0.848713,-0.942231,,,,,,
42949,,,,,,,,,,,,,6.142875,0.000003,0.105390,-0.024507,,,,,,,,,,,,
42943,,,,,,,,,,,,,,,,,,,,0.024629,0.848383,-0.951561,,,,,,
42951,,,,,,,,,,,,,,,,,,,,,,,-0.044713,0.004392,1.021933,3.360000,4.760000,-64.260002
42953,,,,,,,,,,,,,,,,,,,,0.025001,0.847869,-0.964038,,,,,,
42957,,,,,,,,,,,,,5.820683,0.000002,0.109139,-0.024467,,,,,,,-0.026779,-0.015067,1.004182,2.450000,0.840000,-65.309998
42964,,,,,,,,,,,,,,,,,,,,0.025317,0.847495,-0.976552,,,,,,
42966,,,,,,,,,,,,,,,,,,,,,,,-0.026779,-0.015067,1.004182,2.590000,0.140000,-65.660004
42967,,,,,,,,,,,,,6.037569,0.000002,0.107453,-0.024426,,,,,,,,,,,,
42976,,,,,,,,,,,,,,,,,,,,,,,-0.011224,-0.000305,1.030595,3.080000,-2.310000,-77.279999
42974,,,,,,,,,,,,,,,,,,,,0.025619,0.847053,-0.989136,,,,,,
42977,,,,,,,,,,,,,6.176884,0.000002,0.106515,-0.024386,,,,,,,,,,,,
42980,,,,0.122674,0.946008,-1.399135,0.251111,-0.516862,,,,,,,,,,,,,,,,,,,,
42981,,,,,,,,,,,10.082648,2.127685,,,,,-0.029489,0.135451,-0.409171,,,,,,,,,
42987,,,,,,,,,,,,,6.260167,0.000001,0.122750,-0.004704,,,,,,,-0.011224,-0.000305,1.030595,3.150000,5.180000,-71.820000
42984,,,,,,,,,,,,,,,,,,,,0.025927,0.846630,-1.001737,,,,,,
42996,,,,,,,,,,,,,,,,,,,,,,,-0.027267,-0.010126,1.011380,2.730000,2.100000,-71.190002
42994,,,,,,,,,,,,,,,,,,,,0.026357,0.846115,-1.014362,,,,,,
42997,,,,,,,,,,,,,6.968470,0.000001,0.116290,-0.004279,,,,,,,,,,,,
43019,,,,,,,,,,,,,7.075683,0.000001,0.115819,-0.003853,,,,,,,,,,,,
43020,,,,,,,,,,,,,5.953478,0.000001,0.127867,-0.003428,,,,,,,,,,,,
43014,,,,,,,,,,,,,,,,,,,,0.027052,0.845137,-1.042955,,,,,,
43023,,,,,,,,,,,,,,,,,,,,,,,-0.027267,-0.010126,1.011380,2.940000,8.050000,-92.260002
43024,,,,,,,,,,,,,,,,,,,,0.027438,0.844571,-1.058987,,,,,,
43027,,,,,,,,,,,,,6.513519,0.000001,0.122981,-0.003002,,,,,,,,,,,,
43028,,,,,,,,,,,,,,,,,,,,,,,-0.011529,-0.013908,1.005463,3.360000,0.770000,-96.739998
43030,,,,0.124935,0.932035,-1.420894,0.272220,-0.460225,,,,,,,,,,,,,,,,,,,,
43031,,,,,,,,,,,11.411711,4.062943,,,,,-0.029146,0.127755,-0.358080,,,,,,,,,
43036,,,,,,,,,,,,,,,,,,,,,,,0.008357,-0.013908,1.005463,1.540000,-1.190000,-99.889999
43034,,,,,,,,,,,,,,,,,,,,0.027844,0.843952,-1.075064,,,,,,
43037,,,,,,,,,,,,,7.105330,0.000001,0.131215,0.017163,,,,,,,,,,,,
43041,,,,,,,,,,,,,,,,,,,,,,,0.008357,-0.013908,1.005463,2.450000,0.630000,-97.440002
43049,,,,,,,,,,,,,7.373853,0.000000,0.129337,0.017976,,,,,,,,,,,,
43044,,,,,,,,,,,,,,,,,,,,0.028264,0.843334,-1.091187,,,,,,
43052,,,,,,,,,,,,,,,,,,,,,,,0.008357,-0.013908,1.005463,2.660000,-5.950000,-110.459999
43055,,,,,,,,,,,,,,,,,,,,0.028710,0.842668,-1.110667,,,,,,
43057,,,,,,,,,,,,,8.244611,0.000000,0.121263,0.018788,,,,,,,,,,,,
43058,,,,,,,,,,,,,,,,,,,,,,,0.003660,-0.014152,1.029314,3.150000,-0.070000,-112.629997
43066,,,,,,,,,,,,,,,,,,,,,,,0.003660,-0.014152,1.029314,1.610000,4.060000,-118.790001
43065,,,,,,,,,,,,,,,,,,,,0.029158,0.841843,-1.130257,,,,,,
43067,,,,,,,,,,,,,8.527231,0.000000,0.119013,0.019601,,,,,,,,,,,,
43076,,,,,,,,,,,,,,,,,,,,,,,0.011895,-0.020740,1.011746,1.890000,12.950000,-120.470001
43077,,,,,,,,,,,,,9.442324,0.000000,0.110256,0.020413,,,,,,,,,,,,
43075,,,,,,,,,,,,,,,,,,,,0.029603,0.840953,-1.150028,,,,,,
43080,,,,0.127063,0.916920,-1.440377,0.294079,-0.411334,,,,,,,,,,,,,,,,,,,,
43081,,,,,,,,,,,12.447979,6.098574,,,,,-0.029663,0.119989,-0.289352,,,,,,,,,
43087,,,,,,,,,,,,,9.519049,0.000000,0.120438,0.041989,,,,,,,0.006832,-0.009760,1.019432,0.000000,5.950000,-124.040001
43086,,,,,,,,,,,,,,,,,,,,0.030121,0.840026,-1.169887,,,,,,
43096,,,,,,,,,,,,,,,,,,,,0.030606,0.839094,-1.193203,0.006832,-0.009760,1.019432,3.640000,3.850000,-120.959999
43097,,,,,,,,,,,,,10.297083,0.000000,0.113087,0.043209,,,,,,,,,,,,
43109,,,,,,,,,,,,,10.997654,0.000000,0.106372,0.044429,,,,,,,,,,,,
43103,,,,,,,,,,,,,,,,,,,,0.031100,0.838141,-1.216767,,,,,,
43111,,,,,,,,,,,,,,,,,,,,,,,-0.033550,-0.029402,1.033035,5.530000,-9.800000,-132.369995
43114,,,,,,,,,,,,,,,,,,,,0.031426,0.837357,-1.240423,,,,,,
43117,,,,,,,,,,,,,10.579315,0.000000,0.110929,0.045649,,,,,,,-0.033550,-0.029402,1.033035,4.340000,-15.120000,-131.809998
43126,,,,,,,,,,,,,,,,,,,,,,,-0.044164,-0.034648,1.025166,7.630000,9.170000,-132.860001
43124,,,,,,,,,,,,,,,,,,,,0.031797,0.836452,-1.264355,,,,,,
43127,,,,,,,,,,,,,11.101831,0.000000,0.105973,0.046868,,,,,,,,,,,,
43131,,,,0.129050,0.900634,-1.457883,0.316615,-0.368976,,,12.859736,8.169174,,,,,-0.031643,0.112166,-0.194794,,,,,,,,,
43137,,,,,,,,,,,,,11.497900,0.000000,0.106402,0.069208,,,,,,,-0.044164,-0.034648,1.025166,3.010000,7.490000,-132.369995
43134,,,,,,,,,,,,,,,,,,,,0.032193,0.835272,-1.285034,,,,,,
43146,,,,,,,,,,,,,,,,,,,,,,,-0.026291,-0.001403,0.992592,2.450000,1.890000,-129.009995
43145,,,,,,,,,,,,,,,,,,,,0.032514,0.834187,-1.309322,,,,,,
43147,,,,,,,,,,,,,11.885001,0.000000,0.102726,0.070842,,,,,,,,,,,,
43156,,,,,,,,,,,,,,,,,,,,,,,-0.026291,-0.001403,0.992592,4.970000,-13.090000,-129.149994
43157,,,,,,,,,,,,,11.653175,0.551046,0.105286,0.066855,,,,,,,,,,,,
43155,,,,,,,,,,,,,,,,,,,,0.032886,0.833096,-1.330436,,,,,,
43169,,,,,,,,,,,,,12.066936,0.463650,0.101307,0.069270,,,,,,,,,,,,
43165,,,,,,,,,,,,,,,,,,,,0.033256,0.832104,-1.351557,,,,,,
43172,,,,,,,,,,,,,,,,,,,,,,,-0.030866,-0.026840,1.033096,5.670000,-9.800000,-122.500000
43173,,,,,,,,,,,,,,,,,,,,0.033510,0.831140,-1.372888,,,,,,
43177,,,,,,,,,,,,,12.124909,0.390115,0.100874,0.071561,,,,,,,-0.030866,-0.026840,1.033096,5.600000,-0.490000,-123.830002
43180,,,,0.130888,0.883154,-1.473669,0.339751,-0.332142,,,,,,,,,,,,,,,,,,,,
43181,,,,,,,,,,,13.485648,10.752222,,,,,-0.032041,0.105681,-0.098936,,,,,,,,,
43183,,,,,,,,,,,,,,,,,,,,0.033748,0.830086,-1.390949,,,,,,
43187,,,,,,,,,,,,,12.371176,0.328243,0.104893,0.100095,,,,,,,-0.048129,-0.027328,1.015894,4.690000,10.360000,-129.429993
43194,,,,,,,,,,,,,,,,,,,,0.034130,0.828939,-1.412627,,,,,,
43196,,,,,,,,,,,,,,,,,,,,,,,-0.048129,-0.027328,1.015894,4.200000,5.880000,-122.290001
43197,,,,,,,,,,,,,12.144240,0.854562,0.107431,0.096812,,,,,,,,,,,,
43206,,,,,,,,,,,,,,,,,,,,,,,-0.043371,-0.022692,1.015467,5.110000,-6.580000,-120.470001
43204,,,,,,,,,,,,,,,,,,,,0.034412,0.827774,-1.438305,,,,,,
43207,,,,,,,,,,,,,12.405961,0.719028,0.105030,0.100174,,,,,,,,,,,,
43216,,,,,,,,,,,,,,,,,,,,,,,-0.043371,-0.022692,1.015467,4.970000,-16.799999,-117.389999
43215,,,,,,,,,,,,,,,,,,,,0.034606,0.826741,-1.456731,,,,,,
43217,,,,,,,,,,,,,12.630577,1.153041,0.102954,0.097753,,,,,,,,,,,,
43229,,,,,,,,,,,,,12.426023,1.419833,0.105212,0.096952,,,,,,,,,,,,
43231,,,,0.132572,0.864459,-1.487949,0.363405,-0.299990,,,15.753143,14.655382,,,,,,,,,,,,,,,,
43232,,,,,,,,,,,,,,,,,-0.026661,0.101619,-0.029857,,,,,,,,,
43225,,,,,,,,,,,,,,,,,,,,0.034795,0.825723,-1.475327,,,,,,
43235,,,,,,,,,,,,,,,,,,,,0.034994,0.824652,-1.494076,-0.019337,-0.010126,1.031876,4.200000,-10.500000,-92.889999
43237,,,,,,,,,,,,,12.562619,1.897102,0.127159,0.133762,,,,,,,,,,,,
43240,,,,,,,,,,,,,,,,,,,,,,,0.009028,-0.031598,1.007659,4.340000,-1.050000,-80.290001
43243,,,,,,,,,,,,,,,,,,,,0.035140,0.823303,-1.505423,,,,,,
43246,,,,,,,,,,,,,,,,,,,,,,,0.009028,-0.031598,1.007659,3.780000,2.030000,-80.500000
43247,,,,,,,,,,,,,12.755790,2.689023,0.125827,0.128236,,,,,,,,,,,,
43253,,,,,,,,,,,,,,,,,,,,0.035214,0.821964,-1.520649,,,,,,
43256,,,,,,,,,,,,,,,,,,,,,,,0.009028,-0.031598,1.007659,1.470000,-8.190000,-66.779999
43257,,,,,,,,,,,,,12.382184,2.812365,0.130237,0.129372,,,,,,,,,,,,
43269,,,,,,,,,,,,,12.745674,3.762708,0.127204,0.122047,,,,,,,,,,,,
43264,,,,,,,,,,,,,,,,,,,,0.035265,0.820593,-1.532108,,,,,,
43271,,,,,,,,,,,,,,,,,,,,,,,0.037576,-0.011651,1.026508,1.470000,-4.620000,-60.900002
43274,,,,,,,,,,,,,,,,,,,,0.035301,0.819041,-1.539806,,,,,,
43277,,,,,,,,,,,,,12.670164,4.463245,0.128575,0.117080,,,,,,,0.037576,-0.020496,0.992470,1.610000,0.070000,-59.849998
43280,,,,0.134093,0.844533,-1.500908,0.387491,-0.271821,,,,,,,,,,,,,,,,,,,,
43281,,,,,,,,,,,17.642681,18.282307,,,,,-0.022190,0.099616,0.034796,,,,,,,,,
43284,,,,,,,,,,,,,,,,,,,,0.035401,0.817334,-1.551449,,,,,,
43287,,,,,,,,,,,,,,,,,,,,,,,0.065697,-0.020496,0.992470,1.400000,8.820000,-49.910000
43288,,,,,,,,,,,,,12.751452,4.800763,0.147636,0.152670,,,,,,,,,,,,
43296,,,,,,,,,,,,,,,,,,,,,,,0.065697,-0.015616,1.024678,1.890000,4.900000,-57.189999
43295,,,,,,,,,,,,,,,,,,,,0.035569,0.815481,-1.559269,,,,,,
43297,,,,,,,,,,,,,13.077758,5.800877,0.145286,0.145165,,,,,,,,,,,,
43306,,,,,,,,,,,,,,,,,,,,,,,0.039650,-0.015616,1.024678,1.960000,-3.920000,-42.279999
43307,,,,,,,,,,,,,13.195165,6.524513,0.145001,0.140281,,,,,,,,,,,,
43305,,,,,,,,,,,,,,,,,,,,0.035631,0.813731,-1.567071,,,,,,
43316,,,,,,,,,,,,,,,,,,,,,,,0.086742,-0.015006,1.032486,0.630000,-4.060000,-40.389999
43317,,,,,,,,,,,,,13.295496,7.134539,0.144868,0.136410,,,,,,,,,,,,
43315,,,,,,,,,,,,,,,,,,,,0.035562,0.811782,-1.574245,,,,,,
43329,,,,,,,,,,,,,13.976497,7.862779,0.138791,0.131211,,,,,,,,,,,,
43331,,,,0.135446,0.823364,-1.512703,0.411920,-0.247053,,,,,,,,,,,,,,,,,,,,
43332,,,,,,,,,,,21.436504,23.022486,,,,,-0.012329,0.099849,0.061063,,,,,,,,,
43326,,,,,,,,,,,,,,,,,,,,0.035549,0.809722,-1.582047,,,,,,
43334,,,,,,,,,,,,,,,,,,,,,,,0.086742,-0.015006,1.032486,5.250000,5.880000,-33.040001
43333,,,,,,,,,,,,,,,,,,,,0.035448,0.807417,-1.585755,,,,,,
43337,,,,,,,,,,,,,14.419049,8.610162,0.173707,0.174022,,,,,,,,,,,,
43339,,,,,,,,,,,,,,,,,,,,,,,0.064111,-0.028670,1.011746,6.440000,-4.550000,-38.220001
43343,,,,,,,,,,,,,,,,,,,,0.035297,0.805098,-1.593512,,,,,,
43346,,,,,,,,,,,,,,,,,,,,,,,0.064111,-0.028670,1.011746,6.230000,-5.390000,-25.129999
43347,,,,,,,,,,,,,14.872439,9.436792,0.170486,0.168473,,,,,,,,,,,,
43354,,,,,,,,,,,,,,,,,,,,0.035170,0.802797,-1.597473,,,,,,
43356,,,,,,,,,,,,,,,,,,,,,,,0.081801,-0.007747,1.037366,5.250000,-14.910000,-23.660000
43357,,,,,,,,,,,,,15.259727,10.686173,0.167848,0.158446,,,,,,,,,,,,
43366,,,,,,,,,,,,,,,,,,,,,,,0.081801,-0.007747,1.037366,0.770000,7.980000,-28.070000
43364,,,,,,,,,,,,,,,,,,,,0.035151,0.800302,-1.601417,,,,,,
43367,,,,,,,,,,,,,15.571262,11.176729,0.165906,0.155910,,,,,,,,,,,,
43376,,,,,,,,,,,,,,,,,,,,,,,0.124745,0.006710,0.973438,4.690000,18.690001,-23.240000
43374,,,,,,,,,,,,,,,,,,,,0.034986,0.797608,-1.605272,,,,,,
43377,,,,,,,,,,,,,16.393276,12.147113,0.158695,0.148381,,,,,,,,,,,,
43380,,,,0.136626,0.800945,-1.523469,0.436600,-0.225197,,,,,,,,,,,,,,,,,,,,
43381,,,,,,,,,,,24.065397,26.534664,,,,,-0.006741,0.101439,0.081914,,,,,,,,,
43388,,,,,,,,,,,,,16.661077,13.088357,0.183786,0.176780,,,,,,,,,,,,
43385,,,,,,,,,,,,,,,,,,,,0.034762,0.794525,-1.608840,,,,,,
43393,,,,,,,,,,,,,,,,,,,,,,,0.124745,0.006710,0.973438,9.590000,6.370000,-22.959999
43395,,,,,,,,,,,,,,,,,,,,0.034512,0.791576,-1.616405,,,,,,
43397,,,,,,,,,,,,,17.755201,13.503591,0.174107,0.175233,,,,,,,,,,,,
43398,,,,,,,,,,,,,,,,,,,,,,,0.072468,-0.036417,1.053348,8.540000,0.070000,-24.920000
43406,,,,,,,,,,,,,,,,,,,,,,,0.072468,-0.036417,1.053348,10.570000,-5.810000,-21.070000
43407,,,,,,,,,,,,,18.312750,14.735444,0.169682,0.165275,,,,,,,,,,,,
43405,,,,,,,,,,,,,,,,,,,,0.034210,0.788452,-1.620335,,,,,,
43416,,,,,,,,,,,,,,,,,,,,0.033899,0.785276,-1.620331,0.090402,-0.005490,1.028826,5.950000,1.120000,-19.110001
43417,,,,,,,,,,,,,18.699299,15.689355,0.166890,0.157905,,,,,,,,,,,,
43429,,,,,,,,,,,,,19.499771,16.496433,0.159798,0.151841,,,,,,,,,,,,
43423,,,,,,,,,,,,,,,,,,,,0.033649,0.781876,-1.624042,,,,,,
43431,,,,0.137628,0.777272,-1.533323,0.461432,-0.205848,,,26.819420,29.925861,,,,,-0.001227,0.104027,0.091897,,,,,,,,,
43433,,,,,,,,,,,,,,,,,,,,0.033455,0.778417,-1.627739,0.090402,-0.005490,1.028826,0.700000,5.390000,-19.250000
43437,,,,,,,,,,,,,20.338352,17.811344,0.180249,0.175027,,,,,,,,,,,,
43439,,,,,,,,,,,,,,,,,,,,,,,0.078446,0.021838,1.011746,5.740000,1.400000,-15.120000
43444,,,,,,,,,,,,,,,,,,,,0.033120,0.774783,-1.627739,,,,,,
43446,,,,,,,,,,,,,,,,,,,,,,,0.078446,0.021838,1.011746,7.070000,6.720000,-16.590000
43447,,,,,,,,,,,,,20.947498,18.821274,0.175332,0.167149,,,,,,,,,,,,
43456,,,,,,,,,,,,,,,,,,,,,,,0.044530,-0.021777,0.985943,-3.500000,5.880000,-22.889999
43454,,,,,,,,,,,,,,,,,,,,0.032765,0.771042,-1.631548,,,,,,
43457,,,,,,,,,,,,,21.455025,19.666019,0.171330,0.160753,,,,,,,,,,,,
43466,,,,,,,,,,,,,,,,,,,,,,,0.044530,-0.021777,0.985943,3.710000,3.290000,-20.860001
43464,,,,,,,,,,,,,,,,,,,,0.032477,0.767190,-1.635347,,,,,,
43467,,,,,,,,,,,,,21.892088,20.386820,0.167944,0.155453,,,,,,,,,,,,
43476,,,,,,,,,,,,,,,,,,,,,,,0.065636,0.008967,1.080310,-2.380000,-8.400000,-18.549999
43475,,,,,,,,,,,,,,,,,,,,0.032139,0.763195,-1.639023,,,,,,
43477,,,,,,,,,,,,,22.805729,20.990980,0.159611,0.151199,,,,,,,,,,,,
43480,,,,0.138447,0.752348,-1.542366,0.486320,-0.188661,,,,,,,,,,,,,,,,,,,,
43481,,,,,,,,,,,29.492043,33.066875,,,,,0.003637,0.106752,0.095499,,,,,,,,,
43489,,,,,,,,,,,,,23.354034,21.364294,0.182081,0.181216,,,,,,,,,,,,
43485,,,,,,,,,,,,,,,,,,,,0.031865,0.759339,-1.642923,,,,,,
43492,,,,,,,,,,,,,,,,,,,,,,,0.065636,0.013481,1.013759,-10.920000,-6.510000,-25.760000
43497,,,,,,,,,,,,,,,,,,,,,,,0.030744,0.013481,1.013759,-2.660000,-14.490000,-25.900000
43498,,,,,,,,,,,,,23.908127,22.233959,0.177657,0.174686,,,,,,,,,,,,
43495,,,,,,,,,,,,,,,,,,,,0.031625,0.755067,-1.646701,,,,,,
43506,,,,,,,,,,,,,,,,,,,,0.031374,0.751037,-1.654351,0.030744,0.013481,1.024251,-4.340000,-24.639999,-25.340000
43507,,,,,,,,,,,,,24.871611,22.274137,0.168947,0.176443,,,,,,,,,,,,
43516,,,,,,,,,,,,,,,,,,,,0.031021,0.747090,-1.658305,0.034709,-0.025193,1.024251,4.620000,-9.870000,-23.799999
43517,,,,,,,,,,,,,25.313583,23.128069,0.165363,0.169891,,,,,,,,,,,,
43526,,,,,,,,,,,,,,,,,,,,0.030610,0.742761,-1.662056,0.053009,-0.020801,1.008391,-2.100000,7.420000,-21.770000
43527,,,,,,,,,,,,,26.248739,23.859859,0.156660,0.164415,,,,,,,,,,,,
43531,,,,0.139080,0.726180,-1.550685,0.511159,-0.173349,,,31.453674,35.831196,,,,,0.006705,0.109499,0.109341,,,,,,,,,
43534,,,,,,,,,,,,,,,,,,,,0.030174,0.738384,-1.665801,,,,,,
43537,,,,,,,,,,,,,26.389099,23.841169,0.175885,0.194643,,,,,,,0.053009,-0.020801,1.008391,-6.020000,3.570000,-18.270000
43549,,,,,,,,,,,,,26.957960,24.814131,0.171096,0.187117,,,,,,,,,,,,
43544,,,,,,,,,,,,,,,,,,,,0.029693,0.733934,-1.669546,,,,,,
43551,,,,,,,,,,,,,,,,,,,,,,,0.012566,-0.005673,1.011868,0.630000,-7.700000,-13.160000
43557,,,,,,,,,,,,,27.714008,25.281242,0.164283,0.184556,,,,,,,0.012566,-0.005673,1.011868,-1.890000,-27.230000,-1.960000
43554,,,,,,,,,,,,,,,,,,,,0.029105,0.729448,-1.669546,,,,,,
43566,,,,,,,,,,,,,,,,,,,,,,,0.036966,-0.016409,1.047309,0.420000,-29.889999,-2.240000
43565,,,,,,,,,,,,,,,,,,,,0.028670,0.725015,-1.669711,,,,,,
43567,,,,,,,,,,,,,27.817991,26.333490,0.163971,0.175933,,,,,,,,,,,,
43576,,,,,,,,,,,,,,,,,,,,,,,0.036966,-0.016409,1.047309,3.290000,6.650000,6.300000
43577,,,,,,,,,,,,,27.852213,27.158924,0.164349,0.169413,,,,,,,,,,,,
43575,,,,,,,,,,,,,,,,,,,,0.028122,0.720670,-1.669854,,,,,,
43580,,,,0.139523,0.698779,-1.558357,0.535847,-0.159668,,,,,,,,,,,,,,,,,,,,
43581,,,,,,,,,,,33.935143,38.743614,,,,,0.010858,0.112968,0.110672,,,,,,,,,
43589,,,,,,,,,,,,,28.428158,27.390888,0.184505,0.198488,,,,,,,,,,,,
43586,,,,,,,,,,,,,,,,,,,,0.027530,0.715731,-1.669711,,,,,,
43593,,,,,,,,,,,,,,,,,,,,0.026876,0.710785,-1.665968,0.048312,0.000671,0.942023,1.330000,22.959999,12.390000
43597,,,,,,,,,,,,,28.743294,28.559656,0.182392,0.188837,,,,,,,,,,,,
43598,,,,,,,,,,,,,,,,,,,,,,,0.048312,0.000671,0.942023,7.420000,12.460000,11.340000
43606,,,,,,,,,,,,,,,,,,,,,,,0.010187,0.005551,1.092876,3.080000,-10.920000,18.969999
43604,,,,,,,,,,,,,,,,,,,,0.026212,0.705785,-1.665890,,,,,,
43607,,,,,,,,,,,,,29.115572,28.961060,0.179633,0.186779,,,,,,,,,,,,
43616,,,,,,,,,,,,,,,,,,,,,,,0.010187,0.005551,1.092876,-0.280000,-6.930000,18.900000
43617,,,,,,,,,,,,,29.361279,29.771654,0.178091,0.180468,,,,,,,,,,,,
43615,,,,,,,,,,,,,,,,,,,,0.025505,0.700965,-1.658305,,,,,,
43626,,,,,,,,,,,,,,,,,,,,0.025028,0.695944,-1.658385,0.055815,0.028060,0.977403,10.360000,3.010000,22.190001
43627,,,,,,,,,,,,,29.692251,30.037540,0.175630,0.179550,,,,,,,,,,,,
43631,,,,0.139776,0.670163,-1.565447,0.560278,-0.147411,,,36.936474,41.537067,,,,,0.015550,0.116517,0.093832,,,,,,,,,
43633,,,,,,,,,,,,,,,,,,,,0.024380,0.690682,-1.654537,,,,,,
43637,,,,,,,,,,,,,29.788792,30.613289,0.206107,0.203912,,,,,,,0.055815,0.028060,0.977403,5.530000,7.840000,20.299999
43649,,,,,,,,,,,,,30.529301,31.223032,0.199984,0.199877,,,,,,,,,,,,
43643,,,,,,,,,,,,,,,,,,,,0.023587,0.685517,-1.650774,,,,,,
43652,,,,,,,,,,,,,,,,,,,,,,,0.034770,0.015311,1.025227,5.110000,0.210000,20.090000
43654,,,,,,,,,,,,,,,,,,,,0.023069,0.680414,-1.647003,,,,,,
43657,,,,,,,,,,,,,30.538822,31.815596,0.201168,0.195896,,,,,,,0.034770,0.015311,1.025227,-0.980000,-3.990000,15.260000
43666,,,,,,,,,,,,,,,,,,,,,,,0.053741,0.046360,1.053714,7.140000,-1.400000,10.780000
43667,,,,,,,,,,,,,31.285580,32.359856,0.194831,0.192289,,,,,,,,,,,,
43664,,,,,,,,,,,,,,,,,,,,0.022544,0.675056,-1.646904,,,,,,
43676,,,,,,,,,,,,,,,,,,,,,,,0.053741,0.046360,1.053714,-0.210000,7.350000,8.400000
43675,,,,,,,,,,,,,,,,,,,,0.021884,0.669560,-1.643132,,,,,,
43677,,,,,,,,,,,,,31.811922,33.264641,0.190592,0.184895,,,,,,,,,,,,
43681,,,,0.139836,0.640354,-1.572015,0.584345,-0.136400,,,40.184753,44.244312,,,,,0.020557,0.119619,0.069710,,,,,,,,,
43687,,,,,,,,,,,,,,,,,,,,,,,0.044164,0.014762,0.998753,-12.180000,-1.680000,3.080000
43688,,,,,,,,,,,,,32.355774,33.578091,0.219202,0.210967,,,,,,,,,,,,
43685,,,,,,,,,,,,,,,,,,,,0.021381,0.663994,-1.639344,,,,,,
43696,,,,,,,,,,,,,,,,,,,,,,,0.044164,0.014762,0.998753,-1.470000,-2.380000,3.920000
43697,,,,,,,,,,,,,33.154049,34.182507,0.212626,0.206935,,,,,,,,,,,,
43695,,,,,,,,,,,,,,,,,,,,0.021000,0.658217,-1.639452,,,,,,
43708,,,,,,,,,,,,,,,0.209622,0.206201,,,,,,,,,,,,
43709,,,,,,,,,,,,,33.586414,34.451759,,,,,,,,,,,,,,
43706,,,,,,,,,,,,,,,,,,,,0.020559,0.652565,-1.639623,,,,,,
43712,,,,,,,,,,,,,,,,,,,,,,,0.034953,0.031110,1.053043,-9.520000,-14.070000,0.070000
43717,,,,,,,,,,,,,,,,,,,,,,,0.081679,0.010187,0.972889,-7.000000,-1.260000,-3.360000
43718,,,,,,,,,,,,,34.266701,34.994801,0.204002,0.202620,,,,,,,,,,,,
43716,,,,,,,,,,,,,,,,,,,,0.020046,0.646893,-1.639535,,,,,,
43723,,,,,,,,,,,,,,,,,,,,0.019619,0.641141,-1.639535,,,,,,
43726,,,,,,,,,,,,,,,,,,,,,,,0.081679,0.010187,0.972889,-9.730000,11.830000,-0.980000
43727,,,,,,,,,,,,,35.295769,35.320774,0.194690,0.201145,,,,,,,,,,,,
43730,,,,0.139702,0.609379,-1.578112,0.607942,-0.126486,,,,,,,,,,,,,,,,,,,,
43731,,,,,,,,,,,42.476307,46.515430,,,,,0.023366,0.121956,0.061608,,,,,,,,,
43734,,,,,,,,,,,,,,,,,,,,0.019232,0.634930,-1.639631,,,,,,
43737,,,,,,,,,,,,,35.617973,35.639011,0.215755,0.222849,,,,,,,0.047885,0.014457,1.009794,-8.680000,8.260000,-5.110000
43751,,,,,,,,,,,,,36.381950,36.399651,0.209334,0.217266,,,,,,,,,,,,
43744,,,,,,,,,,,,,,,,,,,,0.018902,0.628633,-1.643483,,,,,,
43753,,,,,,,,,,,,,,,,,,,,,,,0.047885,0.014457,1.009794,-8.680000,3.430000,0.560000
43755,,,,,,,,,,,,,,,,,,,,0.018387,0.622622,-1.643415,,,,,,
43757,,,,,,,,,,,,,36.831059,36.845951,0.205972,0.214737,,,,,,,,,,,,
43759,,,,,,,,,,,,,,,,,,,,,,,0.042090,-0.019764,1.016504,0.560000,-7.490000,-3.710000
43766,,,,,,,,,,,,,,,,,,,,,,,0.042090,-0.019764,1.016504,-0.560000,4.200000,0.630000
43765,,,,,,,,,,,,,,,,,,,,0.017853,0.616508,-1.643491,,,,,,
43767,,,,,,,,,,,,,37.438396,37.450928,0.200906,0.210500,,,,,,,,,,,,
43776,,,,,,,,,,,,,,,,,,,,,,,0.055083,-0.015006,1.016504,9.450000,4.690000,10.570000
43777,,,,,,,,,,,,,37.642967,38.211903,0.199827,0.204551,,,,,,,,,,,,
43775,,,,,,,,,,,,,,,,,,,,0.017270,0.610017,-1.639708,,,,,,
43780,,,,0.139374,0.577271,-1.583783,0.630962,-0.117539,,,,,,,,,,,,,,,,,,,,
43781,,,,,,,,,,,44.298679,48.266903,,,,,0.024545,0.123946,0.053167,,,,,,,,,
43787,,,,,,,,,,,,,37.945724,38.424427,0.216294,0.221909,,,,,,,0.055083,-0.015006,1.016504,-1.540000,-13.440000,12.740000
43786,,,,,,,,,,,,,,,,,,,,0.016545,0.603557,-1.639627,,,,,,
43793,,,,,,,,,,,,,,,,,,,,0.015988,0.597165,-1.639704,,,,,,
43796,,,,,,,,,,,,,,,,,,,,,,,0.031964,0.031415,0.994788,1.120000,4.200000,12.810000
43797,,,,,,,,,,,,,38.236748,39.213097,0.214596,0.215833,,,,,,,,,,,,
43809,,,,,,,,,,,,,38.741634,39.563137,0.210658,0.214074,,,,,,,,,,,,
43806,,,,,,,,,,,,,,,,,,,,0.015414,0.590463,-1.632190,,,,,,
43812,,,,,,,,,,,,,,,,,,,,,,,0.031964,0.031415,0.994788,12.530000,6.300000,18.200001
43814,,,,,,,,,,,,,,,,,,,,0.014616,0.583716,-1.631864,,,,,,
43817,,,,,,,,,,,,,39.746853,40.438065,0.201517,0.206890,,,,,,,0.043859,-0.016531,1.073844,6.580000,-1.960000,14.560000
43826,,,,,,,,,,,,,,,,,,,,,,,0.043859,-0.016531,1.073844,6.230000,-16.379999,9.730000
43824,,,,,,,,,,,,,,,,,,,,0.014056,0.577302,-1.632034,,,,,,
43827,,,,,,,,,,,,,40.058220,40.639805,0.199251,0.206398,,,,,,,,,,,,
43830,,,,0.138854,0.544068,-1.589069,0.653299,-0.109447,,,,,,,,,,,,,,,,,,,,
43831,,,,,,,,,,,45.971485,49.794399,,,,,0.025209,0.126516,0.043380,,,,,,,,,
43837,,,,,,,,,,,,,40.170319,41.737221,0.216018,0.212310,,,,,,,0.015738,0.043005,1.014552,-4.900000,-7.840000,9.870000
43835,,,,,,,,,,,,,,,,,,,,0.013410,0.570467,-1.624426,,,,,,
43846,,,,,,,,,,,,,,,,,,,,,,,0.015738,0.043005,1.014552,-7.910000,1.540000,5.390000
43845,,,,,,,,,,,,,,,,,,,,0.012841,0.563879,-1.624421,,,,,,
43847,,,,,,,,,,,,,40.865643,41.640469,0.210086,0.214909,,,,,,,,,,,,
43856,,,,,,,,,,,,,,,,,,,,,,,0.004209,0.035197,1.029619,-3.500000,-0.910000,10.290000
43857,,,,,,,,,,,,,41.133488,42.347855,0.208375,0.209324,,,,,,,,,,,,
43855,,,,,,,,,,,,,,,,,,,,0.012522,0.556804,-1.624569,,,,,,
43869,,,,,,,,,,,,,41.541859,42.563625,0.205178,0.208613,,,,,,,,,,,,
43866,,,,,,,,,,,,,,,,,,,,0.012178,0.550152,-1.624630,,,,,,
43871,,,,,,,,,,,,,,,,,,,,,,,0.004209,0.035197,1.029619,0.070000,-17.430000,11.340000
43873,,,,,,,,,,,,,,,,,,,,0.011666,0.543267,-1.620815,,,,,,
43876,,,,,,,,,,,,,,,,,,,,,,,0.021533,0.005307,1.022116,-3.570000,-8.820000,13.230000
43877,,,,,,,,,,,,,41.688541,42.548256,0.204567,0.210215,,,,,,,,,,,,
43880,,,,0.138142,0.509813,-1.594006,0.674849,-0.102115,,,,,,,,,,,,,,,,,,,,
43881,,,,,,,,,,,48.007545,51.381325,,,,,0.026783,0.127984,0.027787,,,,,,,,,
43883,,,,,,,,,,,,,,,,,,,,0.011204,0.536216,-1.620873,,,,,,
43887,,,,,,,,,,,,,,,0.224916,0.227967,,,,,,,0.021533,0.005307,1.022116,-12.180000,12.180000,12.880000
43888,,,,,,,,,,,,,41.813564,42.536926,,,,,,,,,,,,,,
43896,,,,,,,,,,,,,,,,,,,,,,,0.018056,0.034526,1.002291,-11.550000,15.260000,15.610000
43894,,,,,,,,,,,,,,,,,,,,0.010794,0.529139,-1.617049,,,,,,
43897,,,,,,,,,,,,,42.132805,43.320679,0.222899,0.221741,,,,,,,,,,,,
43906,,,,,,,,,,,,,,,,,,,,,,,0.018056,0.034526,1.002291,2.310000,-3.850000,8.680000
43907,,,,,,,,,,,,,42.578064,43.577541,0.219532,0.220734,,,,0.010330,0.521851,-1.617049,,,,,,
43916,,,,,,,,,,,,,,,,,,,,,,,0.027084,-0.009455,1.007049,-6.020000,13.300000,10.850000
43915,,,,,,,,,,,,,,,,,,,,0.009846,0.514907,-1.613218,,,,,,
43917,,,,,,,,,,,,,42.925541,43.766499,0.217074,0.220367,,,,,,,,,,,,
43929,,,,,,,,,,,,,43.484947,44.192528,0.212384,0.217544,,,,,,,,,,,,
43931,,,,0.137240,0.474552,-1.598625,0.695510,-0.095458,,,51.576885,54.579712,,,,,0.034183,0.128985,0.015314,,,,,,,,,
43925,,,,,,,,,,,,,,,,,,,,0.009484,0.507624,-1.609326,,,,,,
43934,,,,,,,,,,,,,,,,,,,,,,,0.027084,-0.009455,1.020957,0.700000,13.090000,9.590000
43937,,,,,,,,,,,,,44.015350,44.610710,0.244286,0.247340,,,,,,,,,,,,
43935,,,,,,,,,,,,,,,,,,,,0.008986,0.500218,-1.609268,,,,,,
43940,,,,,,,,,,,,,,,,,,,,,,,0.032879,0.026901,1.020957,-17.500000,1.260000,7.210000
43946,,,,,,,,,,,,,,,,,,,,0.008730,0.492728,-1.605423,0.032879,0.010736,1.008025,4.060000,-0.210000,7.140000
43947,,,,,,,,,,,,,44.169224,45.218983,0.244229,0.243130,,,,,,,,,,,,
43953,,,,,,,,,,,,,,,,,,,,0.008346,0.485397,-1.605486,,,,,,
43956,,,,,,,,,,,,,,,,,,,,,,,0.027389,0.010736,1.008025,15.050000,4.270000,15.470000
43957,,,,,,,,,,,,,44.851387,45.734657,0.238752,0.239742,,,,,,,,,,,,
43969,,,,,,,,,,,,,45.146072,45.889256,0.237092,0.239934,,,,,,,,,,,,
43964,,,,,,,,,,,,,,,,,,,,0.007760,0.477756,-1.601567,,,,,,
43971,,,,,,,,,,,,,,,,,,,,,,,0.063684,-0.015067,0.975634,6.510000,4.130000,12.110000
43977,,,,,,,,,,,,,45.288074,46.577225,0.236929,0.234655,,,,0.007366,0.470288,-1.601499,0.063684,-0.015067,0.975634,-6.650000,17.080000,2.660000
43981,,,,0.136153,0.438340,-1.602956,0.715184,-0.089406,,,51.630974,53.942867,,,,,0.028758,0.129555,-0.003171,,,,,,,,,
43984,,,,,,,,,,,,,,,,,,,,0.007142,0.462351,-1.605425,,,,,,
43987,,,,,,,,,,,,,46.008762,47.620346,0.231388,0.219120,,,,,,,0.038003,0.036234,1.073600,-7.070000,1.820000,5.810000
43996,,,,,,,,,,,,,,,,,,,,,,,0.038003,0.036234,1.073600,-9.520000,-18.410000,4.550000
43995,,,,,,,,,,,,,,,,,,,,0.006870,0.454475,-1.601505,,,,,,
43997,,,,,,,,,,,,,46.745071,47.527248,0.225002,0.221334,,,,,,,,,,,,
44006,,,,,,,,,,,,,,,,,,,,,,,0.015738,-0.002623,1.048407,5.040000,-25.900000,7.630000
44005,,,,,,,,,,,,,,,,,,,,0.006544,0.446986,-1.601634,,,,,,
44007,,,,,,,,,,,,,46.861526,48.057526,0.224791,0.217208,,,,,,,,,,,,
44016,,,,,,,,,,,,,,,,,,,,,,,0.015738,-0.002623,1.048407,1.610000,-11.410000,4.340000
44017,,,,,,,,,,,,,47.290291,47.735104,0.221372,0.221674,,,,,,,,,,,,
44015,,,,,,,,,,,,,,,,,,,,0.006151,0.439185,-1.601635,,,,,,
44029,,,,,,,,,,,,,47.700859,48.075123,0.218052,0.219447,,,,,,,,,,,,
44031,,,,0.134882,0.401233,-1.607023,0.733774,-0.083894,,,,,,,,,,,,,,,,,,,,
44032,,,,,,,,,,,54.033886,56.342903,,,,,0.033167,0.129799,-0.005542,,,,,,,,,
44026,,,,,,,,,,,,,,,,,,,,0.005804,0.431413,-1.597877,,,,,,
44034,,,,,,,,,,,,,,,,,,,,,,,-0.006893,0.010431,1.038891,-4.690000,-9.870000,6.580000
44033,,,,,,,,,,,,,,,,,,,,0.005381,0.423310,-1.597831,,,,,,
44037,,,,,,,,,,,,,48.110256,48.425159,0.239172,0.241531,,,,,,,,,,,,
44039,,,,,,,,,,,,,,,,,,,,,,,-0.006893,0.010431,1.038891,17.780001,-16.379999,7.630000
44043,,,,,,,,,,,,,,,,,,,,0.004967,0.415775,-1.594051,,,,,,
44046,,,,,,,,,,,,,,,,,,,,,,,-0.002745,-0.023790,0.943731,2.240000,-12.250000,7.000000
44047,,,,,,,,,,,,,48.712322,48.977283,0.234216,0.237483,,,,,,,,,,,,
44056,,,,,,,,,,,,,,,,,,,,,,,-0.002745,-0.023790,0.943731,16.940001,-7.210000,9.520000
44054,,,,,,,,,,,,,,,,,,,,0.004506,0.407624,-1.594010,,,,,,
44057,,,,,,,,,,,,,48.651539,49.421974,0.235900,0.234420,,,,,,,,,,,,
44066,,,,,,,,,,,,,,,,,,,,,,,0.015372,-0.002013,1.098854,0.980000,-15.890000,8.120000
44064,,,,,,,,,,,,,,,,,,,,0.004090,0.399806,-1.590177,,,,,,
44067,,,,,,,,,,,,,49.159470,49.807713,0.231795,0.231870,,,,,,,,,,,,
44076,,,,,,,,,,,,,,,,,,,,,,,0.015372,-0.002013,1.098854,20.860001,-12.950000,13.440000
44074,,,,,,,,,,,,,,,,,,,,0.003657,0.391895,-1.590177,,,,,,
44077,,,,,,,,,,,,,49.535004,50.080437,0.228940,0.230395,,,,,,,,,,,,
44080,,,,0.133434,0.363292,-1.610850,0.751190,-0.078868,,,,,,,,,,,,,,,,,,,,
44081,,,,,,,,,,,53.688778,55.293842,,,,,0.026858,0.130113,-0.022474,,,,,,,,,
44089,,,,,,,,,,,,,,,0.225800,0.216829,,,,,,,,,,,,
44090,,,,,,,,,,,,,49.585957,50.484173,,,,,,,,,,,,,,
44085,,,,,,,,,,,,,,,,,,,,0.003154,0.383706,-1.586330,,,,,,
44093,,,,,,,,,,,,,,,,,,,,,,,0.022509,0.009516,0.996496,-0.980000,6.790000,10.850000
44097,,,,,,,,,,,,,49.752151,50.507908,0.224925,0.217549,,,,,,,,,,,,
44095,,,,,,,,,,,,,,,,,,,,0.002902,0.375228,-1.586255,,,,,,
44098,,,,,,,,,,,,,,,,,,,,,,,0.022509,0.009516,0.997777,-0.840000,8.750000,7.980000
44106,,,,,,,,,,,,,,,,,,,,,,,0.012322,0.052521,0.997777,-20.719999,2.730000,1.680000
44107,,,,,,,,,,,,,50.082214,50.718109,0.222346,0.216362,,,,,,,,,,,,
44105,,,,,,,,,,,,,,,,,,,,0.002694,0.367045,-1.582470,,,,,,
44113,,,,,,,,,,,,,,,,,,,,0.002704,0.358936,-1.586357,,,,,,
44117,,,,,,,,,,,,,50.331074,50.866116,0.220529,0.215767,,,,,,,0.012322,0.052521,0.997777,-13.930000,-0.420000,-8.190000
44123,,,,,,,,,,,,,,,,,,,,0.002493,0.350599,-1.586332,,,,,,
44126,,,,,,,,,,,,,,,,,,,,,,,-0.022936,0.032086,1.067805,8.680000,-4.900000,-0.840000
44127,,,,,,,,,,,,,50.557755,51.007938,0.218888,0.215206,,,,,,,,,,,,
44131,,,,0.131812,0.324582,-1.614457,0.767346,-0.074280,,,53.998875,55.395248,,,,,0.024024,0.129662,-0.027952,,,,,,,,,
44137,,,,,,,,,,,,,50.504326,50.883110,0.223222,0.218371,,,,,,,-0.022936,-0.015921,0.982588,-17.219999,-3.850000,-1.890000
44136,,,,,,,,,,,,,,,,,,,,0.002307,0.342310,-1.586331,,,,,,
44149,,,,,,,,,,,,,50.395020,50.713730,0.225036,0.221001,,,,,,,,,,,,
44144,,,,,,,,,,,,,,,,,,,,0.002064,0.334225,-1.586388,,,,,,
44152,,,,,,,,,,,,,,,,,,,,,,,-0.003111,-0.015921,0.982588,-11.970000,7.840000,1.470000
44154,,,,,,,,,,,,,,,,,,,,0.001919,0.325664,-1.586298,,,,,,
44157,,,,,,,,,,,,,50.950920,50.561504,0.220087,0.223490,,,,,,,-0.021594,-0.015921,1.027240,7.770000,-1.960000,1.470000
44166,,,,,,,,,,,,,,,,,,,,,,,-0.021594,-0.015921,1.027240,1.540000,2.660000,-1.820000
44164,,,,,,,,,,,,,,,,,,,,0.001775,0.317263,-1.586359,,,,,,
44167,,,,,,,,,,,,,50.923767,50.596115,0.220973,0.224104,,,,,,,,,,,,
44176,,,,,,,,,,,,,,,,,,,,,,,-0.024949,-0.025559,0.971303,5.110000,2.380000,-1.330000
44175,,,,,,,,,,,,,,,,,,,,0.001505,0.309213,-1.586378,,,,,,
44177,,,,,,,,,,,,,51.014584,51.283386,0.220662,0.218054,,,,,,,,,,,,
44180,,,,0.130022,0.285174,-1.617865,0.782160,-0.070088,,,,,,,,,,,,,,,,,,,,
44181,,,,,,,,,,,54.433331,55.692078,,,,,0.022051,0.128843,-0.031476,,,,,,,,,
44189,,,,,,,,,,,,,51.185444,50.952629,0.223948,0.225277,,,,,,,,,,,,
44185,,,,,,,,,,,,,,,,,,,,0.001112,0.300598,-1.590181,,,,,,
44192,,,,,,,,,,,,,,,,,,,,,,,-0.024949,-0.025559,0.971303,18.129999,2.590000,1.120000
44197,,,,,,,,,,,,,51.259125,51.745876,0.223846,0.218134,,,,,,,,,,,,
44198,,,,,,,,,,,,,,,,,,,,,,,-0.002806,-0.012383,1.024922,32.340000,8.190000,4.270000
44195,,,,,,,,,,,,,,,,,,,,0.000777,0.292258,-1.586333,,,,,,
44206,,,,,,,,,,,,,,,,,,,,0.000312,0.284029,-1.586207,-0.002806,-0.012383,1.024922,25.059999,6.020000,7.980000
44207,,,,,,,,,,,,,51.358463,51.219414,0.223467,0.224293,,,,,,,,,,,,
44213,,,,,,,,,,,,,,,,,,,,-0.000219,0.275592,-1.586209,,,,,,
44216,,,,,,,,,,,,,,,,,,,,,,,-0.026352,-0.003233,1.070001,0.560000,-7.140000,4.760000
44217,,,,,,,,,,,,,51.429630,51.860409,0.223356,0.218650,,,,,,,,,,,,
44223,,,,,,,,,,,,,,,,,,,,-0.000535,0.267454,-1.582319,,,,,,
44226,,,,,,,,,,,,,,,,,,,,,,,-0.026352,-0.003233,1.070001,-3.920000,-0.560000,1.960000
44227,,,,,,,,,,,,,51.468899,51.831356,0.223557,0.219712,,,,,,,,,,,,
44230,,,,0.128071,0.245139,-1.621088,0.795556,-0.066254,,,,,,,,,,,,,,,,,,,,
44231,,,,,,,,,,,55.063480,56.018845,,,,,0.020820,0.128742,-0.038424,,,,,,,,,
44234,,,,,,,,,,,,,,,,,,,,-0.000795,0.259132,-1.582264,,,,,,
44237,,,,,,,,,,,,,51.432625,52.279377,0.230947,0.219248,,,,,,,-0.025559,0.028487,1.007842,-18.900000,1.330000,-5.530000
44249,,,,,,,,,,,,,51.375889,52.088345,0.232252,0.221944,,,,,,,,,,,,
44244,,,,,,,,,,,,,,,,,,,,-0.000779,0.250729,-1.582368,,,,,,
44251,,,,,,,,,,,,,,,,,,,,,,,-0.025559,0.028487,1.007842,4.060000,0.350000,-4.200000
44254,,,,,,,,,,,,,,,,,,,,-0.001061,0.242410,-1.582369,,,,,,
44257,,,,,,,,,,,,,51.848728,51.832397,0.228166,0.225341,,,,,,,-0.012749,-0.002013,1.036634,-5.040000,-6.860000,-3.220000
44266,,,,,,,,,,,,,,,,,,,,,,,-0.012749,-0.002013,1.036634,-0.280000,-6.300000,-5.880000
44267,,,,,,,,,,,,,52.235344,51.647617,0.224866,0.228063,,,,,,,,,,,,
44265,,,,,,,,,,,,,,,,,,,,-0.001265,0.234058,-1.586256,,,,,,
44276,,,,,,,,,,,,,,,,,,,,,,,-0.001342,-0.000427,1.016077,6.440000,-7.560000,0.210000
44275,,,,,,,,,,,,,,,,,,,,-0.001397,0.225603,-1.582443,,,,,,
44277,,,,,,,,,,,,,52.007774,51.513260,0.227753,0.230308,,,,,,,,,,,,
44281,,,,0.125965,0.204555,-1.624144,0.807468,-0.062746,,,55.404739,56.344742,,,,,0.019364,0.127658,-0.038929,,,,,,,,,
44289,,,,,,,,,,,,,52.301933,51.885849,0.228844,0.230732,,,,,,,,,,,,
44285,,,,,,,,,,,,,,,,,,,,-0.001812,0.217328,-1.582409,,,,,,
44292,,,,,,,,,,,,,,,,,,,,,,,-0.001342,-0.000427,1.016077,10.850000,4.550000,3.990000
44293,,,,,,,,,,,,,,,,,,,,-0.002139,0.208711,-1.582409,,,,,,
44297,,,,,,,,,,,,,52.641949,52.291855,0.225997,0.227483,,,,,,,,,,,,
44298,,,,,,,,,,,,,,,,,,,,,,,-0.011712,-0.027328,0.983503,3.920000,13.930000,0.210000
44306,,,,,,,,,,,,,,,,,,,,-0.002553,0.200072,-1.582319,-0.011712,-0.027328,0.983503,15.610000,4.060000,-0.070000
44307,,,,,,,,,,,,,52.507900,52.213333,0.227917,0.229094,,,,,,,,,,,,
44313,,,,,,,,,,,,,,,,,,,,-0.002817,0.191657,-1.582368,,,,,,
44316,,,,,,,,,,,,,,,,,,,,,,,-0.015860,-0.010614,1.039257,-3.080000,-1.260000,-0.630000
44317,,,,,,,,,,,,,52.429127,52.181278,0.229299,0.230248,,,,,,,,,,,,
44324,,,,,,,,,,,,,,,,,,,,-0.003387,0.183269,-1.582262,,,,,,
44326,,,,,,,,,,,,,,,,,,,,,,,-0.015860,-0.010614,1.039257,30.030001,9.240000,4.760000
44327,,,,,,,,,,,,,52.314812,52.653004,0.231060,0.226269,,,,,,,,,,,,
44330,,,,0.123712,0.163499,-1.627046,0.817833,-0.059536,,,,,,,,,,,,,,,,,,,,
44331,,,,,,,,,,,55.698593,56.515320,,,,,0.017909,0.127306,-0.041785,,,,,,,,,
44334,,,,,,,,,,,,,,,,,,,,-0.003790,0.174900,-1.582261,,,,,,
44337,,,,,,,,,,,,,52.659504,52.403946,0.231160,0.231287,,,,,,,-0.010431,-0.003416,0.977220,8.750000,9.240000,1.470000
44349,,,,,,,,,,,,,52.808807,52.593781,0.230245,0.230173,,,,,,,,,,,,
44344,,,,,,,,,,,,,,,,,,,,-0.004070,0.166063,-1.586013,,,,,,
44351,,,,,,,,,,,,,,,,,,,,,,,-0.010431,-0.003416,1.037610,-6.650000,16.379999,-2.030000
44354,,,,,,,,,,,,,,,,,,,,-0.004347,0.157587,-1.582196,,,,,,
44357,,,,,,,,,,,,,52.770458,53.230854,0.231214,0.224459,,,,,,,-0.011651,0.032940,1.037610,-10.430000,-0.700000,-4.130000
44366,,,,,,,,,,,,,,,,,,,,,,,-0.011651,0.017385,1.063840,-1.540000,-8.330000,-10.500000
44364,,,,,,,,,,,,,,,,,,,,-0.004444,0.149002,-1.586085,,,,,,
44367,,,,,,,,,,,,,52.775208,53.162586,0.231751,0.225813,,,,,,,,,,,,
44376,,,,,,,,,,,,,,,,,,,,,,,-0.018300,0.017385,1.063840,-20.090000,-18.059999,-7.840000
44375,,,,,,,,,,,,,,,,,,,,-0.004568,0.140462,-1.586255,,,,,,
44377,,,,,,,,,,,,,53.207527,52.983315,0.227926,0.228312,,,,,,,,,,,,
44380,,,,0.121320,0.122053,-1.629808,0.826597,-0.056598,,,,,,,,,,,,,,,,,,,,
44381,,,,,,,,,,,55.856915,56.573376,,,,,0.016363,0.126104,-0.043634,,,,,,,,,
44387,,,,,,,,,,,,,53.225266,53.036613,0.229858,0.229067,,,,,,,0.000854,0.009150,0.968192,-21.070000,-4.760000,-8.050000
44385,,,,,,,,,,,,,,,,,,,,-0.004757,0.131975,-1.586297,,,,,,
44396,,,,,,,,,,,,,,,,,,,,,,,0.000854,0.009150,0.968192,-1.960000,8.750000,-5.460000
44397,,,,,,,,,,,,,53.328712,52.600315,0.229330,0.234224,,,,,,,,,,,,
44395,,,,,,,,,,,,,,,,,,,,-0.004814,0.123358,-1.586358,,,,,,
44409,,,,,,,,,,,,,53.404522,52.791649,0.229062,0.233067,,,,,,,,,,,,
44403,,,,,,,,,,,,,,,,,,,,-0.005160,0.114547,-1.590137,,,,,,
44412,,,,,,,,,,,,,,,,,,,,,,,-0.013542,-0.045018,0.984113,2.730000,4.340000,-7.140000
44414,,,,,,,,,,,,,,,,,,,,-0.005382,0.106067,-1.590239,,,,,,
44417,,,,,,,,,,,,,,,,,,,,,,,-0.013542,-0.045018,0.984113,-1.890000,-7.700000,-6.300000
44418,,,,,,,,,,,,,53.884552,52.729595,0.224656,0.234457,,,,,,,,,,,,
44426,,,,,,,,,,,,,,,,,,,,,,,-0.026169,-0.035136,1.062742,15.680000,3.150000,-9.660000
44424,,,,,,,,,,,,,,,,,,,,-0.005740,0.097523,-1.594050,,,,,,
44427,,,,,,,,,,,,,53.588215,53.205704,0.228073,0.230369,,,,,,,,,,,,
44431,,,,0.118798,0.080301,-1.632441,0.833714,-0.053910,,,55.663395,56.610905,,,,,0.014470,0.124851,-0.039050,,,,,,,,,
44437,,,,,,,,,,,,,53.746403,53.424557,0.224939,0.229193,,,,,,,-0.026169,-0.035136,1.062742,12.110000,-4.550000,-5.530000
44434,,,,,,,,,,,,,,,,,,,,-0.006109,0.088868,-1.597950,,,,,,
44446,,,,,,,,,,,,,,,,,,,,,,,-0.019825,-0.021045,1.036329,6.090000,-6.580000,-3.360000
44445,,,,,,,,,,,,,,,,,,,,-0.006560,0.080127,-1.594083,,,,,,
44447,,,,,,,,,,,,,54.052349,53.781548,0.222202,0.226189,,,,,,,,,,,,
44456,,,,,,,,,,,,,,,,,,,,,,,-0.019825,-0.021045,1.036329,7.210000,-7.910000,2.100000
44457,,,,,,,,,,,,,54.101799,53.873947,0.222020,0.225812,,,,,,,,,,,,
44455,,,,,,,,,,,,,,,,,,,,-0.006897,0.071516,-1.594110,,,,,,
44468,,,,,,,,,,,,,53.843853,53.652138,0.224963,0.228622,,,,,,,,,,,,
44465,,,,,,,,,,,,,,,,,,,,-0.007357,0.063053,-1.594050,,,,,,
44472,,,,,,,,,,,,,,,,,,,,,,,-0.029219,0.012139,0.978623,-11.760000,11.620000,-0.910000
44477,,,,,,,,,,,,,,,,,,,,,,,-0.029219,0.012139,0.978623,-13.790000,14.910000,-2.730000
44478,,,,,,,,,,,,,54.041134,53.879822,0.223315,0.226892,,,,,,,,,,,,
44476,,,,,,,,,,,,,,,,,,,,-0.007658,0.054229,-1.590177,,,,,,
44481,,,,0.116154,0.038327,-1.634957,0.839145,-0.051453,,,56.004894,56.520802,,,,,0.013776,0.123933,-0.047139,,,,,,,,,
44487,,,,,,,,,,,,,,,0.228406,0.227541,,,,,,,-0.022692,0.024644,1.027301,7.700000,32.340000,-1.820000
44488,,,,,,,,,,,,,53.915352,53.779625,,,,,,,,,,,,,,
44486,,,,,,,,,,,,,,,,,,,,-0.007873,0.045540,-1.594051,,,,,,
44496,,,,,,,,,,,,,,,,,,,,-0.008209,0.036414,-1.593963,-0.022692,0.024644,1.027301,-6.720000,25.059999,-3.080000
44497,,,,,,,,,,,,,53.506638,53.974026,0.232993,0.226106,,,,,,,,,,,,
44510,,,,,,,,,,,,,53.670887,53.631626,0.231817,0.230108,,,,,,,,,,,,
44503,,,,,,,,,,,,,,,,,,,,-0.008620,0.027717,-1.593910,,,,,,
44511,,,,,,,,,,,,,,,,,,,,,,,-0.006771,-0.024949,0.974841,-4.130000,24.010000,5.530000
44514,,,,,,,,,,,,,,,,,,,,-0.009005,0.018684,-1.593962,,,,,,
44517,,,,,,,,,,,,,53.949902,53.916870,0.229438,0.227776,,,,,,,-0.006771,-0.024949,0.974841,14.840000,-2.590000,6.790000
44526,,,,,,,,,,,,,,,,,,,,,,,-0.041236,-0.014396,1.118374,2.380000,-6.650000,2.660000
44524,,,,,,,,,,,,,,,,,,,,-0.009464,0.009929,-1.593904,,,,,,
44527,,,,,,,,,,,,,54.233429,53.653137,0.226957,0.230987,,,,,,,,,,,,
44530,,,,0.113397,-0.003783,-1.637366,0.842861,-0.049209,,,,,,,,,,,,,,,,,,,,
44531,,,,,,,,,,,55.234848,56.059513,,,,,0.010713,0.123122,-0.041214,,,,,,,,,
44537,,,,,,,,,,,,,54.495686,54.007427,0.216782,0.223242,,,,,,,-0.041236,-0.014396,1.118374,12.320000,-14.630000,4.060000
44534,,,,,,,,,,,,,,,,,,,,-0.009773,0.001389,-1.593905,,,,,,
44546,,,,,,,,,,,,,,,,,,,,,,,-0.038186,-0.000671,0.970266,-12.880000,-7.280000,-6.230000
44545,,,,,,,,,,,,,,,,,,,,-0.010193,-0.007198,-1.594010,,,,,,
44547,,,,,,,,,,,,,54.388714,54.546963,0.218021,0.218149,,,,,,,,,,,,
44556,,,,,,,,,,,,,,,,,,,,,,,-0.038186,-0.000671,0.970266,28.070000,18.410000,-1.820000
44557,,,,,,,,,,,,,54.082222,54.215370,0.221316,0.221834,,,,,,,,,,,,
44555,,,,,,,,,,,,,,,,,,,,-0.010505,-0.015855,-1.594009,,,,,,
44569,,,,,,,,,,,,,53.879501,53.991531,0.223614,0.224486,,,,,,,,,,,,
44565,,,,,,,,,,,,,,,,,,,,-0.011091,-0.024992,-1.593902,,,,,,
44572,,,,,,,,,,,,,,,,,,,,,,,-0.037210,-0.008845,0.909083,-8.540000,34.439999,0.630000
44577,,,,,,,,,,,,,54.339172,54.433434,0.219197,0.220392,,,,,,,-0.047641,0.016226,1.115141,6.860000,24.780001,-1.750000
44576,,,,,,,,,,,,,,,,,,,,-0.011468,-0.033789,-1.593840,,,,,,
44580,,,,0.110537,-0.045941,-1.639676,0.844841,-0.047164,,,,,,,,,,,,,,,,,,,,
44581,,,,,,,,,,,55.141655,55.718502,,,,,0.009538,0.122175,-0.045639,,,,,,,,,
44583,,,,,,,,,,,,,,,,,,,,-0.011858,-0.042885,-1.593608,,,,,,
44587,,,,,,,,,,,,,,,,,,,,,,,-0.047641,0.016226,1.115141,-7.840000,15.750000,-3.570000
44588,,,,,,,,,,,,,54.048912,54.128223,0.221386,0.220352,,,,,,,,,,,,
44596,,,,,,,,,,,,,,,,,,,,-0.012028,-0.051756,-1.593607,-0.060329,0.031049,1.028399,-14.280000,1.680000,-5.390000
44597,,,,,,,,,,,,,54.435013,53.904530,0.217666,0.222952,,,,,,,,,,,,
44604,,,,,,,,,,,,,,,,,,,,-0.012352,-0.060262,-1.593693,,,,,,
44606,,,,,,,,,,,,,,,,,,,,,,,-0.060329,0.031049,1.028399,0.840000,-8.190000,-5.320000
44607,,,,,,,,,,,,,54.032314,54.134678,0.221915,0.220967,,,,,,,,,,,,
44616,,,,,,,,,,,,,,,,,,,,,,,-0.063257,-0.010797,0.993385,-12.950000,-19.809999,-9.730000
44614,,,,,,,,,,,,,,,,,,,,-0.012565,-0.068892,-1.597712,,,,,,
44617,,,,,,,,,,,,,54.213100,54.299229,0.220293,0.219605,,,,,,,,,,,,
44628,,,,,,,,,,,,,54.679482,54.274868,0.215722,0.220138,,,,,,,,,,,,
44624,,,,,,,,,,,,,,,,,,,,-0.012786,-0.077431,-1.597828,,,,,,
44631,,,,0.107584,-0.088060,-1.641899,0.845072,-0.045304,,,,,,,,,,,,,,,,,,,,
44632,,,,,,,,,,,54.536011,55.147011,,,,,0.007383,0.120580,-0.044388,,,,,,,,,
44635,,,,,,,,,,,,,,,,,,,,,,,-0.063257,-0.010797,0.993385,-2.660000,-46.900002,3.570000
44634,,,,,,,,,,,,,,,,,,,,-0.013260,-0.085949,-1.597918,,,,,,
44637,,,,,,,,,,,,,54.366100,54.025658,0.212833,0.217139,,,,,,,,,,,,
44640,,,,,,,,,,,,,,,,,,,,,,,-0.047580,-0.051057,1.037061,10.780000,-45.639999,-2.030000
44646,,,,,,,,,,,,,,,,,,,,,,,-0.047580,-0.051057,1.037061,-0.560000,-2.100000,-1.470000
44645,,,,,,,,,,,,,,,,,,,,-0.013718,-0.094141,-1.597994,,,,,,
44647,,,,,,,,,,,,,54.494827,54.208378,0.211554,0.215500,,,,,,,,,,,,
44656,,,,,,,,,,,,,,,,,,,,,,,-0.055327,-0.000732,0.985394,7.140000,13.720000,4.200000
44655,,,,,,,,,,,,,,,,,,,,-0.014170,-0.102981,-1.597975,,,,,,
44657,,,,,,,,,,,,,54.334747,54.093731,0.213195,0.216857,,,,,,,,,,,,
44669,,,,,,,,,,,,,53.895020,53.692226,0.217720,0.221163,,,,,,,,,,,,
44665,,,,,,,,,,,,,,,,,,,,-0.014697,-0.111905,-1.597873,,,,,,
44672,,,,,,,,,,,,,,,,,,,,,,,-0.055327,-0.000732,0.985394,4.690000,13.510000,-3.010000
44677,,,,,,,,,,,,,53.752701,54.228645,0.219300,0.215982,,,,,,,-0.033489,-0.011895,1.019615,17.500000,1.470000,-1.330000
44676,,,,,,,,,,,,,,,,,,,,-0.015186,-0.120423,-1.597873,,,,,,
44681,,,,0.104548,-0.130054,-1.644041,0.843551,-0.043617,,,54.254337,54.756927,,,,,0.006542,0.119843,-0.046195,,,,,,,,,
44687,,,,,,,,,,,,,,,0.217251,0.213625,,,,,,,-0.033489,-0.011895,1.019615,3.850000,-0.630000,-1.190000
44688,,,,,,,,,,,,,53.687260,54.087719,,,,,,,,,,,,,,
44686,,,,,,,,,,,,,,,,,,,,-0.015754,-0.129065,-1.601628,,,,,,
44696,,,,,,,,,,,,,,,,,,,,-0.016259,-0.137808,-1.597633,-0.052399,0.012078,0.957151,1.750000,7.140000,0.140000
44697,,,,,,,,,,,,,53.853661,54.190605,0.215667,0.212709,,,,,,,,,,,,
44704,,,,,,,,,,,,,,,,,,,,-0.016677,-0.146492,-1.597824,,,,,,
44707,,,,,,,,,,,,,54.068054,53.804337,0.213561,0.216762,,,,,,,-0.052399,0.012078,0.957151,-9.520000,8.610000,0.000000
44716,,,,,,,,,,,,,,,,,,,,,,,-0.033611,0.039284,1.055971,-11.550000,23.520000,-4.620000
44714,,,,,,,,,,,,,,,,,,,,-0.016938,-0.155144,-1.601627,,,,,,
44717,,,,,,,,,,,,,53.711960,53.490067,0.217230,0.220158,,,,,,,,,,,,
44729,,,,,,,,,,,,,53.407246,53.676880,0.220447,0.218506,,,,,,,,,,,,
44731,,,,0.101438,-0.171835,-1.646111,0.840284,-0.042095,,,55.516682,56.217831,,,,,0.012074,0.118836,-0.042042,,,,,,,,,
44725,,,,,,,,,,,,,,,,,,,,-0.017184,-0.164089,-1.605347,,,,,,
44734,,,,,,,,,,,,,,,,,,,,,,,-0.033611,0.039284,1.055971,-6.720000,10.290000,-9.730000
44735,,,,,,,,,,,,,,,,,,,,-0.017452,-0.172547,-1.605481,,,,,,
44737,,,,,,,,,,,,,54.260078,53.821003,0.224793,0.232153,,,,,,,,,,,,
44739,,,,,,,,,,,,,,,,,,,,,,,-0.049959,0.002928,1.052921,-15.540000,2.030000,-7.070000
44746,,,,,,,,,,,,,,,,,,,,,,,-0.049959,0.002928,1.052921,-9.030000,-7.910000,-1.050000
44745,,,,,,,,,,,,,,,,,,,,-0.017868,-0.181420,-1.605348,,,,,,
44747,,,,,,,,,,,,,53.876839,53.507401,0.228954,0.235831,,,,,,,,,,,,
44756,,,,,,,,,,,,,,,,,,,,,,,-0.039223,-0.022509,1.013271,10.710000,-25.270000,-0.420000
44757,,,,,,,,,,,,,54.311344,53.439285,0.224850,0.237068,,,,,,,,,,,,
44755,,,,,,,,,,,,,,,,,,,,-0.018175,-0.189891,-1.605345,,,,,,
44766,,,,,,,,,,,,,,,,,,,,-0.018595,-0.198215,-1.605585,-0.039223,-0.022509,1.013271,-3.500000,-19.809999,5.390000
44767,,,,,,,,,,,,,54.428585,53.694832,0.223895,0.235017,,,,,,,,,,,,
44773,,,,,,,,,,,,,,,,,,,,-0.019002,-0.206918,-1.605658,,,,,,
44776,,,,,,,,,,,,,,,,,,,,,,,-0.021655,-0.009943,1.008574,11.690000,-3.710000,4.130000
44777,,,,,,,,,,,,,54.041859,53.974190,0.228057,0.232673,,,,,,,,,,,,
44780,,,,0.098266,-0.213317,-1.648116,0.835284,-0.040729,,,,,,,,,,,,,,,,,,,,
44781,,,,,,,,,,,52.849274,53.338818,,,,,0.003351,0.117331,-0.045337,,,,,,,,,
44783,,,,,,,,,,,,,,,,,,,,-0.019488,-0.215451,-1.601683,,,,,,
44789,,,,,,,,,,,,,54.210773,54.153835,0.199421,0.201923,,,,,,,,,,,,
44793,,,,,,,,,,,,,,,,,,,,,,,-0.021655,-0.011468,0.995520,0.070000,12.950000,1.960000
44797,,,,,,,,,,,,,53.645626,54.327961,0.204914,0.199984,,,,-0.020116,-0.224168,-1.601732,,,,,,
44798,,,,,,,,,,,,,,,,,,,,,,,-0.014701,-0.011468,0.995520,7.140000,6.440000,2.240000
44804,,,,,,,,,,,,,,,,,,,,-0.020549,-0.233145,-1.601566,,,,,,
44806,,,,,,,,,,,,,,,,,,,,,,,-0.020862,0.009516,1.024373,13.090000,-3.710000,6.300000
44807,,,,,,,,,,,,,53.332615,53.906731,0.207947,0.204083,,,,,,,,,,,,
44816,,,,,,,,,,,,,,,,,,,,,,,-0.020862,0.009516,1.024373,-9.940000,4.550000,5.950000
44814,,,,,,,,,,,,,,,,,,,,-0.021092,-0.241778,-1.597769,,,,,,
44817,,,,,,,,,,,,,53.087376,53.570438,0.210352,0.207399,,,,,,,,,,,,
44826,,,,,,,,,,,,,,,,,,,,,,,-0.076372,0.024522,1.046211,-7.350000,3.640000,1.190000
44824,,,,,,,,,,,,,,,,,,,,-0.021521,-0.250500,-1.597825,,,,,,
44827,,,,,,,,,,,,,53.460415,53.317318,0.206499,0.209935,,,,,,,,,,,,
44830,,,,0.095042,-0.254417,-1.650064,0.828574,-0.039512,,,,,,,,,,,,,,,,,,,,
44831,,,,,,,,,,,51.922592,52.052940,,,,,0.000965,0.116523,-0.051820,,,,,,,,,
44837,,,,,,,,,,,,,53.278595,53.158195,0.198779,0.198446,,,,,,,-0.076372,0.024522,1.046211,-1.960000,7.140000,-5.530000
44834,,,,,,,,,,,,,,,,,,,,-0.021610,-0.259505,-1.605186,,,,,,
44849,,,,,,,,,,,,,52.910702,52.809395,0.202261,0.201783,,,,,,,,,,,,
44845,,,,,,,,,,,,,,,,,,,,-0.021962,-0.267899,-1.605270,,,,,,
44852,,,,,,,,,,,,,,,,,,,,,,,-0.075152,0.006588,1.019554,-18.690001,-6.790000,-10.710000
44857,,,,,,,,,,,,,,,,,,,,,,,-0.075152,0.006588,1.019554,-22.540001,-7.210000,-11.900000
44858,,,,,,,,,,,,,53.438683,52.716328,0.196678,0.202581,,,,,,,,,,,,
44855,,,,,,,,,,,,,,,,,,,,-0.022434,-0.276585,-1.601631,,,,,,
44866,,,,,,,,,,,,,,,,,,,,,,,-0.087901,0.002989,1.022909,5.740000,-7.140000,-11.970000
44867,,,,,,,,,,,,,53.171314,52.563526,0.199102,0.204007,,,,,,,,,,,,
44865,,,,,,,,,,,,,,,,,,,,-0.022444,-0.284825,-1.601809,,,,,,
44876,,,,,,,,,,,,,,,,,,,,-0.022768,-0.293410,-1.605357,-0.087901,0.002989,1.022909,-6.160000,-7.980000,-13.650000
44877,,,,,,,,,,,,,52.899139,52.387745,0.201628,0.205698,,,,,,,,,,,,
44880,,,,0.091775,-0.295051,-1.651962,0.820187,-0.038438,,,,,,,,,,,,,,,,,,,,
44881,,,,,,,,,,,50.265118,50.728394,,,,,-0.002540,0.114564,-0.044446,,,,,,,,,
44889,,,,,,,,,,,,,53.074165,52.643875,0.182741,0.189508,,,,,,,,,,,,
44883,,,,,,,,,,,,,,,,,,,,-0.023217,-0.301660,-1.609270,,,,,,
44892,,,,,,,,,,,,,,,,,,,,,,,-0.068625,-0.041907,0.943304,5.320000,3.920000,-8.540000
44893,,,,,,,,,,,,,,,,,,,,-0.023616,-0.310139,-1.613227,,,,,,
44897,,,,,,,,,,,,,52.358761,51.996716,0.189477,0.195726,,,,,,,,,,,,
44898,,,,,,,,,,,,,,,,,,,,,,,-0.068625,-0.041907,0.943304,1.960000,9.730000,-9.590000
44904,,,,,,,,,,,,,,,,,,,,-0.023965,-0.318608,-1.613273,,,,,,
44906,,,,,,,,,,,,,,,,,,,,,,,-0.064721,-0.038125,1.059021,11.340000,17.990000,-9.170000
44907,,,,,,,,,,,,,52.296150,51.442093,0.189697,0.201129,,,,,,,,,,,,
44916,,,,,,,,,,,,,,,,,,,,,,,-0.064721,-0.038125,1.059021,17.850000,12.320000,-2.730000
44917,,,,,,,,,,,,,51.663116,51.491737,0.195747,0.200480,,,,-0.024695,-0.327015,-1.613163,,,,,,
44926,,,,,,,,,,,,,,,,,,,,,,,-0.083021,-0.034404,0.983198,3.290000,20.370001,2.730000
44924,,,,,,,,,,,,,,,,,,,,-0.025462,-0.335144,-1.613032,,,,,,
44927,,,,,,,,,,,,,51.690929,51.546730,0.195184,0.199766,,,,,,,,,,,,
44930,,,,0.088477,-0.335140,-1.653817,0.810161,-0.037503,,,,,,,,,,,,,,,,,,,,
44931,,,,,,,,,,,48.844398,49.588161,,,,,-0.004911,0.113781,-0.038505,,,,,,,,,
44934,,,,,,,,,,,,,,,,,,,,-0.025944,-0.343401,-1.613098,,,,,,
44937,,,,,,,,,,,,,51.321136,51.721699,0.184179,0.186188,,,,,,,-0.083021,-0.034404,0.983198,7.910000,16.450001,-8.400000
44949,,,,,,,,,,,,,51.324120,51.182182,0.183654,0.191264,,,,,,,,,,,,
44945,,,,,,,,,,,,,,,,,,,,-0.026465,-0.351732,-1.616863,,,,,,
44952,,,,,,,,,,,,,,,,,,,,,,,-0.098271,0.000427,1.065975,-1.820000,7.700000,-4.830000
44957,,,,,,,,,,,,,51.010815,50.891388,0.186353,0.193911,,,,,,,-0.098271,0.000427,1.065975,5.320000,-2.590000,1.400000
44955,,,,,,,,,,,,,,,,,,,,-0.026962,-0.359913,-1.616931,,,,,,
44966,,,,,,,,,,,,,,,,,,,,,,,-0.098576,0.011102,1.063413,-4.480000,-4.690000,4.830000
44967,,,,,,,,,,,,,50.828796,50.163433,0.187777,0.201076,,,,,,,,,,,,
44965,,,,,,,,,,,,,,,,,,,,-0.027464,-0.368001,-1.616708,,,,,,
44973,,,,,,,,,,,,,,,,,,,,-0.027757,-0.375933,-1.613104,,,,,,
44976,,,,,,,,,,,,,,,,,,,,,,,-0.098576,0.011102,1.063413,-0.840000,-6.790000,12.530000
44977,,,,,,,,,,,,,50.459408,49.899570,0.191148,0.203652,,,,,,,,,,,,
44980,,,,0.085156,-0.374605,-1.655635,0.798546,-0.036704,,,,,,,,,,,,,,,,,,,,
44981,,,,,,,,,,,47.759571,48.412621,,,,,-0.006343,0.112740,-0.039600,,,,,,,,,
44989,,,,,,,,,,,,,50.155502,50.137337,0.182859,0.189174,,,,,,,,,,,,
44984,,,,,,,,,,,,,,,,,,,,-0.028120,-0.383786,-1.613267,,,,,,
44992,,,,,,,,,,,,,,,,,,,,,,,-0.101382,0.020862,0.994788,0.350000,-13.720000,8.190000
44994,,,,,,,,,,,,,,,,,,,,-0.028463,-0.391681,-1.613264,,,,,,
44997,,,,,,,,,,,,,49.812950,50.489677,0.185874,0.185235,,,,,,,,,,,,
44998,,,,,,,,,,,,,,,,,,,,,,,-0.096929,-0.011651,1.001681,1.890000,-16.309999,8.050000
45006,,,,,,,,,,,,,,,,,,,,,,,-0.096929,-0.011651,1.001681,6.300000,-25.549999,8.540000
45005,,,,,,,,,,,,,,,,,,,,-0.029001,-0.399393,-1.609427,,,,,,
45007,,,,,,,,,,,,,49.532406,50.101803,0.188325,0.188776,,,,,,,,,,,,
45016,,,,,,,,,,,,,,,,,,,,,,,-0.096929,-0.002684,1.035597,12.880000,-29.049999,12.320000
45015,,,,,,,,,,,,,,,,,,,,-0.029503,-0.407103,-1.609528,,,,,,
45017,,,,,,,,,,,,,49.202328,49.681419,0.191337,0.192726,,,,,,,,,,,,
45026,,,,,,,,,,,,,,,,,,,,,,,-0.074542,-0.002684,1.035597,-9.100000,-22.959999,12.320000
45027,,,,,,,,,,,,,49.274456,49.115021,0.190313,0.198250,,,,,,,,,,,,
45025,,,,,,,,,,,,,,,,,,,,-0.030021,-0.414570,-1.605684,,,,,,
45031,,,,0.081825,-0.413373,-1.657423,0.785397,-0.036040,,,47.418083,47.613594,,,,,-0.005386,0.111715,-0.048110,,,,,,,,,
45037,,,,,,,,,,,,,48.982319,49.385513,0.189506,0.187200,,,,,,,-0.072773,0.008967,0.988200,25.059999,9.520000,11.060000
45036,,,,,,,,,,,,,,,,,,,,-0.030496,-0.422324,-1.601773,,,,,,
45049,,,,,,,,,,,,,49.070816,48.947880,0.188291,0.191310,,,,,,,,,,,,
45043,,,,,,,,,,,,,,,,,,,,-0.031010,-0.429958,-1.597948,,,,,,
45052,,,,,,,,,,,,,,,,,,,,,,,-0.072773,0.008967,0.988200,8.120000,14.910000,10.080000
45054,,,,,,,,,,,,,,,,,,,,-0.031559,-0.437804,-1.597823,,,,,,
45057,,,,,,,,,,,,,48.558449,49.115944,0.193187,0.189329,,,,,,,-0.077958,0.025010,1.053592,10.640000,18.059999,8.680000
45066,,,,,,,,,,,,,,,,,,,,,,,-0.077958,0.025010,1.053592,-6.440000,6.860000,0.350000
45064,,,,,,,,,,,,,,,,,,,,-0.032133,-0.445601,-1.597631,,,,,,
45067,,,,,,,,,,,,,48.184536,48.653610,0.196772,0.193744,,,,,,,,,,,,
45076,,,,,,,,,,,,,,,,,,,,,,,-0.063745,0.042395,1.003145,-7.910000,-0.140000,-4.550000
45077,,,,,,,,,,,,,48.155407,48.550087,0.196916,0.194592,,,,,,,,,,,,
45075,,,,,,,,,,,,,,,,,,,,-0.032424,-0.453179,-1.597464,,,,,,
45081,,,,0.078491,-0.451371,-1.659188,0.770777,-0.035510,,,46.943306,46.497566,,,,,-0.004851,0.110743,-0.060727,,,,,,,,,
45087,,,,,,,,,,,,,,,,,,,,,,,-0.063745,0.042395,1.003145,2.590000,-12.810000,-4.830000
45085,,,,,,,,,,,,,,,,,,,,-0.032524,-0.460487,-1.601489,,,,,,
45088,,,,,,,,,,,,,47.698517,48.543499,0.196586,0.183088,,,,,,,,,,,,
45096,,,,,,,,,,,,,,,,,,,,-0.032805,-0.467926,-1.601561,-0.067588,-0.013908,1.025410,-10.500000,-16.940001,-8.540000
45097,,,,,,,,,,,,,47.863445,47.979805,0.194753,0.188429,,,,,,,,,,,,
45108,,,,,,,,,,,,,,,0.194600,0.188351,,,,,,,,,,,,
45109,,,,,,,,,,,,,47.860428,47.958332,,,,,,,,,,,,,,
45106,,,,,,,,,,,,,,,,,,,,-0.032995,-0.475179,-1.601772,,,,,,
45111,,,,,,,,,,,,,,,,,,,,,,,-0.067588,-0.013908,1.025410,4.340000,-19.180000,-13.580000
45114,,,,,,,,,,,,,,,,,,,,-0.033207,-0.482628,-1.601732,,,,,,
45117,,,,,,,,,,,,,47.920521,47.365334,0.193803,0.194108,,,,,,,-0.045018,0.006161,1.019798,-15.680000,-8.470000,-15.400000
45126,,,,,,,,,,,,,,,,,,,,,,,-0.045018,0.006161,1.019798,10.150000,-3.010000,-18.200001
45124,,,,,,,,,,,,,,,,,,,,-0.033521,-0.490043,-1.605584,,,,,,
45127,,,,,,,,,,,,,47.540169,47.073032,0.197488,0.196916,,,,,,,,,,,,
45131,,,,0.075165,-0.488532,-1.660937,0.754756,-0.035115,,,,,,,,,,,,,,,,,,,,
45132,,,,,,,,,,,45.895573,45.501236,,,,,-0.004951,0.108530,-0.058695,,,,,,,,,
45134,,,,,,,,,,,,,,,,,,,,-0.033967,-0.497579,-1.609428,,,,,,
45137,,,,,,,,,,,,,47.281673,46.888622,0.189318,0.188519,,,,,,,-0.033245,-0.038735,0.941901,-3.500000,7.280000,-14.420000
45146,,,,,,,,,,,,,,,,,,,,,,,-0.033245,-0.038735,0.941901,1.960000,24.290001,-12.390000
45145,,,,,,,,,,,,,,,,,,,,-0.034240,-0.505068,-1.613306,,,,,,
45147,,,,,,,,,,,,,47.277828,46.370575,0.189080,0.193526,,,,,,,,,,,,
45156,,,,,,,,,,,,,,,,,,,,,,,-0.017385,-0.028243,1.040233,0.630000,21.980000,-9.520000
45157,,,,,,,,,,,,,47.469296,46.156666,0.186850,0.195534,,,,,,,,,,,,
45155,,,,,,,,,,,,,,,,,,,,-0.034680,-0.512598,-1.613306,,,,,,
45169,,,,,,,,,,,,,46.965813,45.861366,0.191671,0.198415,,,,,,,,,,,,
45165,,,,,,,,,,,,,,,,,,,,-0.035037,-0.520240,-1.617046,,,,,,
45171,,,,,,,,,,,,,,,,,,,,,,,-0.017385,-0.028243,1.040233,-15.120000,17.850000,-13.650000
45177,,,,,,,,,,,,,47.166897,46.237617,0.189406,0.194505,,,,,,,-0.050630,-0.009333,0.999790,11.130000,11.830000,-13.440000
45176,,,,,,,,,,,,,,,,,,,,-0.035595,-0.528092,-1.616860,,,,,,
45180,,,,0.071856,-0.524792,-1.662676,0.737410,-0.034857,,,,,,,,,,,,,,,,,,,,
45181,,,,,,,,,,,43.681591,43.802567,,,,,-0.008160,0.107120,-0.047040,,,,,,,,,
45183,,,,,,,,,,,,,,,,,,,,-0.036141,-0.535639,-1.616785,,,,,,
45187,,,,,,,,,,,,,46.684109,45.902210,0.171494,0.180452,,,,,,,-0.050630,-0.009333,1.057862,-8.610000,5.180000,-19.250000
45194,,,,,,,,,,,,,,,,,,,,-0.036590,-0.542909,-1.620757,,,,,,
45196,,,,,,,,,,,,,,,,,,,,,,,-0.049898,-0.022509,1.057862,7.070000,-3.710000,-12.250000
45197,,,,,,,,,,,,,46.732430,46.074543,0.170400,0.178275,,,,,,,,,,,,
45209,,,,,,,,,,,,,46.410450,45.856903,0.173074,0.180040,,,,,,,,,,,,
45204,,,,,,,,,,,,,,,,,,,,-0.037059,-0.550262,-1.624571,,,,,,
45211,,,,,,,,,,,,,,,,,,,,,,,-0.049898,-0.022509,1.057862,-1.820000,-0.490000,-13.790000
45214,,,,,,,,,,,,,,,,,,,,-0.037491,-0.557617,-1.628444,,,,,,
45217,,,,,,,,,,,,,45.837254,45.371498,0.178375,0.184580,,,,,,,-0.068991,-0.024644,1.032242,-15.330000,-6.650000,-15.400000
45226,,,,,,,,,,,,,,,,,,,,,,,-0.068991,0.001952,1.017053,-5.320000,-5.950000,-13.860000
45225,,,,,,,,,,,,,,,,,,,,-0.037870,-0.564916,-1.628549,,,,,,
45227,,,,,,,,,,,,,45.428566,45.608440,0.182113,0.181850,,,,,,,,,,,,
45230,,,,0.068573,-0.560092,-1.664414,0.718822,-0.034741,,,,,,,,,,,,,,,,,,,,
45231,,,,,,,,,,,41.600487,42.145458,,,,,-0.010748,0.105945,-0.036948,,,,,,,,,
45237,,,,,,,,,,,,,45.807003,45.416676,0.156676,0.166542,,,,,,,-0.086803,0.001952,1.017053,-6.860000,-5.390000,-1.330000
45235,,,,,,,,,,,,,,,,,,,,-0.038297,-0.572142,-1.628553,,,,,,
45246,,,,,,,,,,,,,,,,,,,,,,,-0.081740,-0.017507,0.992043,-11.900000,7.910000,-3.920000
45247,,,,,,,,,,,,,45.229671,44.901253,0.161723,0.171145,,,,,,,,,,,,
45245,,,,,,,,,,,,,,,,,,,,-0.038712,-0.579504,-1.632304,,,,,,
45253,,,,,,,,,,,,,,,,,,,,-0.039080,-0.586815,-1.632353,,,,,,
45257,,,,,,,,,,,,,45.178749,44.354530,0.161517,0.176171,,,,,,,-0.081740,-0.017507,0.992043,-10.430000,1.680000,-5.250000
45263,,,,,,,,,,,,,,,,,,,,-0.039528,-0.593750,-1.632398,,,,,,
45269,,,,,,,,,,,,,44.637470,43.943974,0.166322,0.179916,,,,,,,,,,,,
45272,,,,,,,,,,,,,,,,,,,,,,,-0.098820,-0.025193,1.036451,10.290000,8.610000,14.630000
45274,,,,,,,,,,,,,,,,,,,,-0.040264,-0.600994,-1.632309,,,,,,
45277,,,,,,,,,,,,,,,,,,,,,,,-0.098820,-0.025193,1.036451,-0.210000,5.530000,14.560000
45278,,,,,,,,,,,,,44.193069,44.273071,0.170248,0.176200,,,,,,,,,,,,
45280,,,,0.065324,-0.594376,-1.666156,0.699078,-0.034772,,,,,,,,,,,,,,,,,,,,
45281,,,,,,,,,,,39.708771,40.330654,,,,,-0.012967,0.104955,-0.034252,,,,,,,,,
45284,,,,,,,,,,,,,,,,,,,,-0.040801,-0.608040,-1.628452,,,,,,
45287,,,,,,,,,,,,,43.968922,44.036236,0.152720,0.159679,,,,,,,-0.092293,-0.016409,0.959774,3.080000,7.070000,11.970000
45296,,,,,,,,,,,,,,,,,,,,,,,-0.092293,-0.016409,0.959774,-3.640000,0.350000,13.020000
45294,,,,,,,,,,,,,,,,,,,,-0.041369,-0.614958,-1.624702,,,,,,
45297,,,,,,,,,,,,,43.783142,43.839783,0.153763,0.160942,,,,,,,,,,,,
45306,,,,,,,,,,,,,,,,,,,,,,,-0.091988,0.017812,1.046821,1.750000,2.380000,12.880000
45305,,,,,,,,,,,,,,,,,,,,-0.041839,-0.621961,-1.624641,,,,,,
45307,,,,,,,,,,,,,43.321789,43.369446,0.157654,0.165037,,,,,,,,,,,,
45316,,,,,,,,,,,,,,,,,,,,,,,-0.091988,0.017812,1.046821,19.180000,5.810000,16.100000
45317,,,,,,,,,,,,,42.993317,43.033417,0.160282,0.167857,,,,,,,,,,,,
45315,,,,,,,,,,,,,,,,,,,,-0.042344,-0.628916,-1.620875,,,,,,
45328,,,,,,,,,,,,,,,0.165423,0.168276,,,,,,,,,,,,
45329,,,,,,,,,,,,,42.424847,42.939377,,,,,,,,,,,,,,
45325,,,,,,,,,,,,,,,,,,,,-0.043021,-0.635631,-1.616996,,,,,,
45331,,,,0.062117,-0.627595,-1.667912,0.678272,-0.034957,,,,,,,,,,,,,,,,,,,,
45332,,,,,,,,,,,38.922115,38.733971,,,,,-0.012465,0.104573,-0.052408,,,,,,,,,
45335,,,,,,,,,,,,,,,,,,,,,,,-0.142374,-0.026108,1.020652,3.920000,8.470000,15.820000
45337,,,,,,,,,,,,,42.192837,43.275421,0.159223,0.148040,,,,,,,,,,,,
45336,,,,,,,,,,,,,,,,,,,,-0.043552,-0.642499,-1.616935,,,,,,
45340,,,,,,,,,,,,,,,,,,,,,,,-0.142374,-0.026108,0.990335,14.280000,5.110000,11.270000
45346,,,,,,,,,,,,,,,,,,,,-0.044092,-0.649089,-1.612964,-0.118035,0.025925,0.990335,-4.550000,1.330000,7.070000
45347,,,,,,,,,,,,,41.514473,42.972034,0.165488,0.150227,,,,,,,,,,,,
45353,,,,,,,,,,,,,,,,,,,,-0.044429,-0.655759,-1.613036,,,,,,
45356,,,,,,,,,,,,,,,,,,,,,,,-0.118035,0.025925,0.990335,-6.370000,3.220000,1.050000
45357,,,,,,,,,,,,,41.541481,42.216938,0.164694,0.157081,,,,,,,,,,,,
45369,,,,,,,,,,,,,41.338993,41.907326,0.166235,0.159542,,,,,,,,,,,,
45364,,,,,,,,,,,,,,,,,,,,-0.044652,-0.662082,-1.613107,,,,,,
45372,,,,,,,,,,,,,,,,,,,,,,,-0.107970,0.043493,1.049993,-4.130000,-4.060000,-7.910000
45374,,,,,,,,,,,,,,,,,,,,-0.045033,-0.668650,-1.613107,,,,,,
45377,,,,,,,,,,,,,41.192783,41.670979,0.167243,0.161318,,,,,,,-0.107970,0.043493,1.049993,1.820000,-6.580000,-7.630000
45380,,,,0.058961,-0.659702,-1.669690,0.656498,-0.035308,,,,,,,,,,,,,,,,,,,,
45381,,,,,,,,,,,37.425552,37.048294,,,,,-0.013259,0.103466,-0.056381,,,,,,,,,
45385,,,,,,,,,,,,,,,,,,,,-0.045439,-0.674914,-1.616935,,,,,,
45387,,,,,,,,,,,,,,,,,,,,,,,-0.097966,-0.023668,1.015284,-7.070000,-17.639999,-11.130000
45388,,,,,,,,,,,,,41.066620,40.935055,0.152811,0.151044,,,,,,,,,,,,
45396,,,,,,,,,,,,,,,,,,,,,,,-0.097966,-0.023668,1.015284,-3.290000,-21.700001,-14.070000
45395,,,,,,,,,,,,,,,,,,,,-0.045786,-0.681112,-1.617003,,,,,,
45397,,,,,,,,,,,,,40.998440,40.301834,0.152778,0.156725,,,,,,,,,,,,
45406,,,,,,,,,,,,,,,,,,,,,,,-0.081862,-0.000061,1.047980,-9.100000,-33.950001,-15.400000
45407,,,,,,,,,,,,,40.610798,40.024673,0.156018,0.158901,,,,,,,,,,,,
45405,,,,,,,,,,,,,,,,,,,,-0.045952,-0.687274,-1.617173,,,,,,
45416,,,,,,,,,,,,,,,,,,,,,,,-0.081862,-0.000061,0.992592,4.410000,-24.920000,-5.670000
45417,,,,,,,,,,,,,40.724102,39.684753,0.154225,0.161773,,,,,,,,,,,,
45415,,,,,,,,,,,,,,,,,,,,-0.046200,-0.693282,-1.621019,,,,,,
45429,,,,,,,,,,,,,40.062061,39.633461,0.160318,0.161769,,,,,,,,,,,,
45423,,,,,,,,,,,,,,,,,,,,-0.046573,-0.699306,-1.621037,,,,,,
45431,,,,0.055861,-0.690658,-1.671499,0.633857,-0.035835,,,,,,,,,,,,,,,,,,,,
45432,,,,,,,,,,,35.911125,35.606396,,,,,-0.013511,0.101857,-0.053856,,,,,,,,,
45433,,,,,,,,,,,,,,,,,,,,-0.047101,-0.705148,-1.624835,-0.110044,-0.029158,0.992592,1.610000,-16.379999,-13.510000
45437,,,,,,,,,,,,,40.115440,39.754818,0.143799,0.145307,,,,,,,,,,,,
45439,,,,,,,,,,,,,,,,,,,,,,,-0.080459,-0.030927,0.979599,-0.770000,15.190000,-13.860000
45443,,,,,,,,,,,,,,,,,,,,-0.047527,-0.711555,-1.624809,,,,,,
45446,,,,,,,,,,,,,,,,,,,,,,,-0.080459,-0.030927,0.979599,6.790000,23.730000,-13.230000
45447,,,,,,,,,,,,,39.791409,38.939045,0.146263,0.152798,,,,,,,,,,,,
45456,,,,,,,,,,,,,,,,,,,,-0.048072,-0.717830,-1.632304,-0.061610,-0.032025,1.011319,5.880000,24.290001,-11.480000
45457,,,,,,,,,,,,,38.937378,38.765888,0.154199,0.153898,,,,,,,,,,,,
45466,,,,,,,,,,,,,,,,,,,,,,,-0.061610,-0.032025,1.011319,-6.790000,12.810000,-7.000000
45464,,,,,,,,,,,,,,,,,,,,-0.048491,-0.723885,-1.632262,,,,,,
45467,,,,,,,,,,,,,38.796535,38.103642,0.155030,0.160021,,,,,,,,,,,,
45476,,,,,,,,,,,,,,,,,,,,,,,-0.065819,-0.012810,1.024007,14.700000,14.210000,-5.320000
45474,,,,,,,,,,,,,,,,,,,,-0.048895,-0.730019,-1.632255,,,,,,
45477,,,,,,,,,,,,,38.132195,37.549191,0.161229,0.165177,,,,,,,,,,,,
45480,,,,0.052826,-0.720427,-1.673349,0.610450,-0.036554,,,,,,,,,,,,,,,,,,,,
45481,,,,,,,,,,,33.555267,33.782646,,,,,-0.015838,0.100876,-0.039560,,,,,,,,,
45489,,,,,,,,,,,,,38.190746,37.230492,0.136158,0.149437,,,,,,,,,,,,
45484,,,,,,,,,,,,,,,,,,,,-0.049654,-0.736051,-1.632193,,,,,,
45493,,,,,,,,,,,,,,,,,,,,,,,-0.065819,-0.012810,1.024007,-7.000000,4.900000,-0.840000
45495,,,,,,,,,,,,,,,,,,,,-0.050095,-0.742020,-1.635990,,,,,,
45497,,,,,,,,,,,,,37.958374,37.150414,0.137601,0.149564,,,,,,,,,,,,
45498,,,,,,,,,,,,,,,,,,,,,,,-0.079727,0.003660,1.035231,3.990000,0.140000,-0.140000
45506,,,,,,,,,,,,,,,,,,,,,,,-0.079727,0.003660,1.035231,9.100000,-9.100000,1.330000
45507,,,,,,,,,,,,,37.467091,37.340164,0.141731,0.146955,,,,,,,,,,,,
45505,,,,,,,,,,,,,,,,,,,,-0.050607,-0.747984,-1.632309,,,,,,
45516,,,,,,,,,,,,,,,,,,,,-0.051082,-0.753751,-1.632249,-0.072712,-0.005307,0.969168,-4.340000,5.810000,4.620000
45517,,,,,,,,,,,,,37.033588,36.926792,0.145371,0.150460,,,,,,,,,,,,
45523,,,,,,,,,,,,,,,,,,,,-0.051436,-0.759595,-1.632187,,,,,,
45526,,,,,,,,,,,,,,,,,,,,,,,-0.072712,-0.005307,0.969168,-11.550000,8.890000,-0.140000
45527,,,,,,,,,,,,,36.624065,37.080608,0.148852,0.148262,,,,,,,,,,,,
45530,,,,0.049860,-0.748979,-1.675251,0.586381,-0.037484,,,,,,,,,,,,,,,,,,,,
45531,,,,,,,,,,,31.992304,31.963404,,,,,-0.016472,0.100403,-0.045671,,,,,,,,,
45533,,,,,,,,,,,,,,,,,,,,-0.051825,-0.765331,-1.632128,,,,,,
45537,,,,,,,,,,,,,36.171997,37.091785,0.136907,0.128932,,,,,,,-0.117547,0.022265,1.052433,-7.000000,15.120000,-1.610000
45548,,,,,,,,,,,,,36.310951,36.105553,0.134654,0.137966,,,,,,,,,,,,
45543,,,,,,,,,,,,,,,,,,,,-0.052231,-0.771069,-1.632201,,,,,,
45552,,,,,,,,,,,,,,,,,,,,,,,-0.117547,0.022265,1.052433,-3.080000,-3.080000,-4.340000
45557,,,,,,,,,,,,,36.044453,35.871632,0.136509,0.139524,,,,,,,-0.083997,-0.015006,0.977525,-5.320000,-1.960000,-4.410000
45556,,,,,,,,,,,,,,,,,,,,-0.052572,-0.776904,-1.632132,,,,,,
45566,,,,,,,,,,,,,,,,,,,,,,,-0.083997,-0.015006,0.977525,-6.720000,0.910000,0.700000
45564,,,,,,,,,,,,,,,,,,,,-0.052871,-0.782368,-1.632136,,,,,,
45567,,,,,,,,,,,,,35.460693,35.315281,0.141653,0.144417,,,,,,,,,,,,
45576,,,,,,,,,,,,,,,,,,,,,,,-0.118645,-0.003172,1.095133,-11.340000,-2.660000,-6.300000
45574,,,,,,,,,,,,,,,,,,,,-0.053258,-0.787881,-1.632141,,,,,,
45577,,,,,,,,,,,,,35.314373,35.192024,0.142451,0.145004,,,,,,,,,,,,
45580,,,,0.046970,-0.776289,-1.677218,0.561757,-0.038649,,,,,,,,,,,,,,,,,,,,
45581,,,,,,,,,,,30.140877,30.092873,,,,,-0.017625,0.099312,-0.045291,,,,,,,,,
45589,,,,,,,,,,,,,35.390270,34.814262,0.122128,0.129132,,,,,,,,,,,,
45585,,,,,,,,,,,,,,,,,,,,-0.053634,-0.793402,-1.632274,,,,,,
45592,,,,,,,,,,,,,,,,,,,,,,,-0.118645,-0.003172,1.095133,-3.430000,-8.960000,-4.130000
45595,,,,,,,,,,,,,,,,,,,,-0.053906,-0.798900,-1.636059,,,,,,
45598,,,,,,,,,,,,,34.477783,34.580685,0.130386,0.130570,,,,,,,-0.106201,-0.017995,0.973926,1.190000,-14.210000,-4.480000
45606,,,,,,,,,,,,,,,,,,,,,,,-0.106201,-0.017995,0.973926,2.030000,-9.800000,-1.190000
45605,,,,,,,,,,,,,,,,,,,,-0.054369,-0.804145,-1.636002,,,,,,
45607,,,,,,,,,,,,,34.243916,33.748909,0.131904,0.138156,,,,,,,,,,,,
45616,,,,,,,,,,,,,,,,,,,,,,,-0.080581,-0.025132,0.977464,3.990000,-8.960000,2.170000
45617,,,,,,,,,,,,,34.455177,34.038677,0.128928,0.134470,,,,,,,,,,,,
45615,,,,,,,,,,,,,,,,,,,,-0.054727,-0.809412,-1.636109,,,,,,
45623,,,,,,,,,,,,,,,,,,,,-0.055342,-0.814506,-1.636109,,,,,,
45627,,,,,,,,,,,,,33.912636,33.562191,0.133599,0.138541,,,,,,,-0.080581,-0.025132,0.977464,18.620001,2.520000,-6.300000
45631,,,,0.044161,-0.802338,-1.679264,0.536682,-0.040076,,,28.420639,28.311853,,,,,-0.018277,0.098485,-0.046246,,,,,,,,,
45637,,,,,,,,,,,,,33.420319,33.668369,0.120320,0.118597,,,,,,,-0.125172,-0.049593,1.039806,3.360000,-2.940000,-4.760000
45636,,,,,,,,,,,,,,,,,,,,-0.055876,-0.819690,-1.636109,,,,,,
45648,,,,,,,,,,,,,,,0.124465,0.123072,,,,,,,,,,,,
45649,,,,,,,,,,,,,32.915897,33.124607,,,,,,,,,,,,,,
45644,,,,,,,,,,,,,,,,,,,,-0.056304,-0.824855,-1.636109,,,,,,
45651,,,,,,,,,,,,,,,,,,,,,,,-0.125172,-0.049593,0.976061,-2.380000,-2.940000,1.190000
45656,,,,,,,,,,,,,,,,,,,,,,,-0.085095,0.025620,0.976061,5.810000,-0.840000,2.380000
45654,,,,,,,,,,,,,,,,,,,,-0.056750,-0.829882,-1.636052,,,,,,
45657,,,,,,,,,,,,,32.866783,32.395973,0.124067,0.129542,,,,,,,,,,,,
45666,,,,,,,,,,,,,,,,,,,,,,,-0.116510,-0.027450,1.066768,11.760000,-6.860000,12.740000
45664,,,,,,,,,,,,,,,,,,,,-0.057241,-0.834792,-1.635994,,,,,,
45667,,,,,,,,,,,,,32.045143,32.197880,0.131559,0.130746,,,,,,,,,,,,
45676,,,,,,,,,,,,,,,,,,,,,,,-0.116510,-0.027450,1.066768,2.940000,9.870000,2.590000
45677,,,,,,,,,,,,,31.762396,31.890909,0.133718,0.133100,,,,,,,,,,,,
45675,,,,,,,,,,,,,,,,,,,,-0.057686,-0.839753,-1.632197,,,,,,
45680,,,,0.041437,-0.827111,-1.681404,0.511262,-0.041801,,,,,,,,,,,,,,,,,,,,
45681,,,,,,,,,,,26.778448,26.556128,,,,,-0.018660,0.098089,-0.049137,,,,,,,,,
45689,,,,,,,,,,,,,31.808449,31.454437,0.115830,0.118927,,,,,,,,,,,,
45686,,,,,,,,,,,,,,,,,,,,-0.058124,-0.844736,-1.632252,,,,,,
45693,,,,,,,,,,,,,,,,,,,,,,,-0.100711,0.033184,1.000705,-1.750000,-1.190000,1.400000
45697,,,,,,,,,,,,,30.929985,31.326513,0.123784,0.119253,,,,,,,,,,,,
45698,,,,,,,,,,,,,,,,,,,,,,,-0.100711,0.033184,1.000705,2.940000,-0.770000,1.190000
45696,,,,,,,,,,,,,,,,,,,,-0.058506,-0.849668,-1.632197,,,,,,
45703,,,,,,,,,,,,,,,,,,,,-0.058862,-0.854367,-1.632193,,,,,,
45706,,,,,,,,,,,,,,,,,,,,,,,-0.073017,-0.013969,0.999241,-3.290000,-4.970000,-0.560000
45707,,,,,,,,,,,,,30.942095,30.729332,0.122830,0.124390,,,,,,,,,,,,
45716,,,,,,,,,,,,,,,,,,,,,,,-0.073017,-0.013969,0.999241,-5.180000,-3.570000,-11.830000
45714,,,,,,,,,,,,,,,,,,,,-0.059316,-0.859175,-1.635854,,,,,,
45717,,,,,,,,,,,,,30.417757,30.786623,0.127346,0.122971,,,,,,,,,,,,
45726,,,,,,,,,,,,,,,,,,,,,,,-0.120780,0.006588,1.011563,-6.230000,6.720000,-10.640000
45724,,,,,,,,,,,,,,,,,,,,-0.059598,-0.863761,-1.632065,,,,,,
45727,,,,,,,,,,,,,30.472916,30.241121,0.126055,0.127689,,,,,,,,,,,,
45730,,,,0.038802,-0.850599,-1.683657,0.485603,-0.043865,,,,,,,,,,,,,,,,,,,,
45731,,,,,,,,,,,25.124910,24.806122,,,,,-0.019002,0.097367,-0.051574,,,,,,,,,
45736,,,,,,,,,,,,,,,,,,,,,,,-0.120780,0.006588,1.011563,-3.150000,3.500000,-12.600000
45734,,,,,,,,,,,,,,,,,,,,-0.059915,-0.868481,-1.639725,,,,,,
45737,,,,,,,,,,,,,29.989729,30.338425,0.113379,0.108109,,,,,,,,,,,,
45749,,,,,,,,,,,,,29.883991,29.712320,0.113484,0.113389,,,,,,,,,,,,
45745,,,,,,,,,,,,,,,,,,,,-0.060186,-0.872980,-1.639788,,,,,,
45752,,,,,,,,,,,,,,,,,,,,,,,-0.088206,-0.023607,1.085373,1.750000,-3.570000,-15.400000
45757,,,,,,,,,,,,,29.054930,28.910486,0.120989,0.120586,,,,,,,-0.088206,-0.023607,1.085373,-3.010000,-7.700000,-15.960000
45755,,,,,,,,,,,,,,,,,,,,-0.060624,-0.877632,-1.643572,,,,,,
45766,,,,,,,,,,,,,,,,,,,,-0.061004,-0.881956,-1.647410,-0.074420,-0.019154,0.938241,-1.960000,0.140000,-14.700000
45767,,,,,,,,,,,,,28.992250,28.302536,0.120842,0.125967,,,,,,,,,,,,
45776,,,,,,,,,,,,,,,,,,,,-0.061300,-0.886310,-1.651064,-0.074420,-0.019154,0.938241,-2.870000,-4.410000,-14.630000
45777,,,,,,,,,,,,,28.782015,28.201689,0.122213,0.126296,,,,,,,,,,,,
45780,,,,0.036260,-0.872799,-1.686044,0.459809,-0.046321,,,,,,,,,,,,,,,,,,,,
45781,,,,,,,,,,,22.661732,22.832439,,,,,-0.021243,0.096137,-0.033801,,,,,,,,,
45783,,,,,,,,,,,,,,,,,,,,-0.061527,-0.890546,-1.651190,,,,,,
45787,,,,,,,,,,,,,,,,,,,,,,,-0.105713,-0.016409,1.023824,-4.970000,1.470000,-14.630000
45788,,,,,,,,,,,,,28.836742,27.835171,0.095799,0.109224,,,,,,,,,,,,
45794,,,,,,,,,,,,,,,,,,,,-0.061936,-0.894950,-1.651115,,,,,,
45796,,,,,,,,,,,,,,,,,,,,,,,-0.105713,-0.016409,1.023824,-0.420000,-5.600000,-14.840000
45797,,,,,,,,,,,,,28.364590,27.521868,0.099380,0.111419,,,,,,,,,,,,
45809,,,,,,,,,,,,,28.039774,27.330708,0.101552,0.112431,,,,,,,,,,,,
45804,,,,,,,,,,,,,,,,,,,,-0.062276,-0.899229,-1.654949,,,,,,
45812,,,,,,,,,,,,,,,,,,,,,,,-0.098576,-0.025376,1.094279,1.890000,-6.090000,0.560000
45817,,,,,,,,,,,,,27.501335,26.904726,0.105969,0.115876,,,,,,,-0.098576,-0.025376,1.094279,0.700000,1.820000,7.630000
45815,,,,,,,,,,,,,,,,,,,,-0.062686,-0.903252,-1.655041,,,,,,
45826,,,,,,,,,,,,,,,,,,,,,,,-0.109495,-0.034038,0.905545,1.190000,1.260000,11.900000
45825,,,,,,,,,,,,,,,,,,,,-0.063183,-0.907396,-1.654949,,,,,,
45827,,,,,,,,,,,,,27.003193,26.501207,0.110082,0.119178,,,,,,,,,,,,
45830,,,,0.033813,-0.893711,-1.688589,0.433981,-0.049234,,,,,,,,,,,,,,,,,,,,
45831,,,,,,,,,,,20.970064,21.091557,,,,,-0.021609,0.095495,-0.033867,,,,,,,,,
45837,,,,,,,,,,,,,26.522779,26.100409,0.096859,0.104775,,,,,,,-0.109495,-0.034038,1.094828,-5.670000,-0.560000,13.020000
45835,,,,,,,,,,,,,,,,,,,,-0.063669,-0.911471,-1.651228,,,,,,
45846,,,,,,,,,,,,,,,,,,,,-0.063991,-0.915428,-1.647455,-0.087108,0.016592,1.094828,4.900000,-3.570000,17.080000
45847,,,,,,,,,,,,,26.228212,25.872829,0.098753,0.106095,,,,,,,,,,,,
45856,,,,,,,,,,,,,,,,,,,,-0.064432,-0.919420,-1.647455,-0.087108,0.016592,0.947818,1.540000,0.910000,10.430000
45857,,,,,,,,,,,,,25.362022,25.611938,0.106537,0.107799,,,,,,,,,,,,
45868,,,,,,,,,,,,,25.158278,25.368557,0.107736,0.109378,,,,,,,,,,,,
45863,,,,,,,,,,,,,,,,,,,,-0.064813,-0.923216,-1.647282,,,,,,
45872,,,,,,,,,,,,,,,,,,,,,,,-0.091134,-0.019276,0.947818,8.120000,6.440000,12.040000
45873,,,,,,,,,,,,,,,,,,,,-0.065187,-0.927095,-1.643509,,,,,,
45877,,,,,,,,,,,,,,,,,,,,,,,-0.092049,0.012261,1.018883,-5.040000,17.290001,13.020000
45878,,,,,,,,,,,,,24.761724,25.537580,0.110944,0.106798,,,,,,,,,,,,
45880,,,,0.031463,-0.913340,-1.691322,0.408217,-0.052682,,,,,,,,,,,,,,,,,,,,
45881,,,,,,,,,,,19.770895,19.514732,,,,,-0.020774,0.095344,-0.046872,,,,,,,,,
45884,,,,,,,,,,,,,,,,,,,,-0.065564,-0.930826,-1.639849,,,,,,
45887,,,,,,,,,,,,,24.202126,24.854931,0.103662,0.096789,,,,,,,-0.092049,0.012261,1.018883,4.900000,12.670000,14.000000
45896,,,,,,,,,,,,,,,,,,,,,,,-0.089609,-0.019154,1.055849,7.490000,11.760000,16.660000
45894,,,,,,,,,,,,,,,,,,,,-0.065952,-0.934673,-1.639716,,,,,,
45897,,,,,,,,,,,,,24.343412,24.324148,0.101334,0.101135,,,,,,,,,,,,
45909,,,,,,,,,,,,,23.738825,24.187799,0.106586,0.101563,,,,,,,,,,,,
45904,,,,,,,,,,,,,,,,,,,,-0.066437,-0.938387,-1.631992,,,,,,
45912,,,,,,,,,,,,,,,,,,,,,,,-0.089609,-0.019154,1.055849,8.190000,11.690000,9.520000
45917,,,,,,,,,,,,,23.878313,24.256079,0.104370,0.099932,,,,,,,-0.113948,0.006954,0.995825,7.840000,13.440000,7.980000
45915,,,,,,,,,,,,,,,,,,,,-0.066901,-0.942201,-1.635863,,,,,,
45926,,,,,,,,,,,,,,,,,,,,,,,-0.113948,0.006954,0.995825,-3.920000,6.440000,7.140000
45927,,,,,,,,,,,,,23.441557,23.759409,0.108004,0.104050,,,,,,,,,,,,
45925,,,,,,,,,,,,,,,,,,,,-0.067064,-0.945761,-1.632065,,,,,,
45930,,,,0.029213,-0.931699,-1.694279,0.382615,-0.056768,,,,,,,,,,,,,,,,,,,,
45931,,,,,,,,,,,18.669588,17.977127,,,,,-0.019702,0.095202,-0.063940,,,,,,,,,
45937,,,,,,,,,,,,,22.930691,23.198132,0.101247,0.093243,,,,,,,-0.090585,0.015067,1.023580,4.830000,-3.640000,7.630000
45935,,,,,,,,,,,,,,,,,,,,-0.067329,-0.949453,-1.628393,,,,,,
45946,,,,,,,,,,,,,,,,,,,,-0.067673,-0.952882,-1.632060,-0.090585,0.015067,1.023580,4.060000,-5.040000,2.800000
45947,,,,,,,,,,,,,22.651804,22.876827,0.103239,0.095476,,,,,,,,,,,,
45953,,,,,,,,,,,,,,,,,,,,-0.067879,-0.956217,-1.628324,,,,,,
45956,,,,,,,,,,,,,,,,,,,,,,,-0.094489,-0.013847,1.003999,1.470000,-10.920000,-4.690000
45957,,,,,,,,,,,,,22.357487,22.546822,0.105445,0.097862,,,,,,,,,,,,
45969,,,,,,,,,,,,,22.416042,22.575348,0.104110,0.096657,,,,,,,,,,,,
45964,,,,,,,,,,,,,,,,,,,,-0.068144,-0.959543,-1.632056,,,,,,
45971,,,,,,,,,,,,,,,,,,,,,,,-0.094489,-0.013847,1.003999,0.840000,-10.010000,-11.620000
45976,,,,,,,,,,,,,,,,,,,,,,,-0.103273,-0.000732,1.016992,3.360000,-2.660000,-14.840000
45975,,,,,,,,,,,,,,,,,,,,-0.068448,-0.962614,-1.632201,,,,,,
45977,,,,,,,,,,,,,22.337698,21.776369,0.104160,0.103887,,,,,,,,,,,,
45980,,,,0.027063,-0.948801,-1.697500,0.357266,-0.061619,,,,,,,,,,,,,,,,,,,,
45981,,,,,,,,,,,17.002003,16.329256,,,,,-0.019981,0.094416,-0.062695,,,,,,,,,
45987,,,,,,,,,,,,,21.938345,21.989944,0.090490,0.084140,,,,,,,-0.103273,-0.000732,1.016992,-1.470000,-4.550000,-18.620001
45985,,,,,,,,,,,,,,,,,,,,-0.068740,-0.966008,-1.632201,,,,,,
45996,,,,,,,,,,,,,,,,,,,,,,,-0.069113,-0.006710,1.019920,3.850000,2.660000,-19.250000
45997,,,,,,,,,,,,,21.331287,21.374702,0.095695,0.089284,,,,,,,,,,,,
45995,,,,,,,,,,,,,,,,,,,,-0.068943,-0.969254,-1.635929,,,,,,
46003,,,,,,,,,,,,,,,,,,,,-0.069230,-0.972607,-1.639650,,,,,,
46006,,,,,,,,,,,,,,,,,,,,,,,-0.069113,-0.006710,1.019920,0.980000,-1.400000,-19.670000
46007,,,,,,,,,,,,,21.227535,20.717499,0.095887,0.094978,,,,,,,,,,,,
46013,,,,,,,,,,,,,,,,,,,,-0.069457,-0.975718,-1.647212,,,,,,
46016,,,,,,,,,,,,,,,,,,,,,,,-0.091988,-0.014884,1.029436,0.490000,3.780000,-21.139999
46017,,,,,,,,,,,,,20.603582,20.174438,0.101407,0.099640,,,,,,,,,,,,
46029,,,,,,,,,,,,,20.597425,20.236345,0.100749,0.098239,,,,,,,,,,,,
46031,,,,0.025014,-0.964665,-1.701037,0.332259,-0.067396,,,15.880197,15.354285,,,,,-0.018196,0.093355,-0.054866,,,,,,,,,
46023,,,,,,,,,,,,,,,,,,,,-0.069733,-0.978759,-1.650996,,,,,,
46032,,,,,,,,,,,,,,,,,,,,,,,-0.091988,-0.014884,1.029436,-1.680000,3.290000,-24.360001
46034,,,,,,,,,,,,,,,,,,,,-0.069925,-0.982082,-1.654667,,,,,,
46037,,,,,,,,,,,,,20.644186,19.677671,0.088111,0.093211,,,,,,,,,,,,
46038,,,,,,,,,,,,,,,,,,,,,,,-0.074847,-0.015250,0.951173,-0.560000,14.210000,-25.059999
46046,,,,,,,,,,,,,,,,,,,,,,,-0.074847,-0.015250,0.951173,3.150000,3.920000,-24.639999
46044,,,,,,,,,,,,,,,,,,,,-0.070282,-0.985255,-1.658352,,,,,,
46047,,,,,,,,,,,,,20.651384,19.291264,0.087084,0.096288,,,,,,,,,,,,
46056,,,,,,,,,,,,,,,,,,,,,,,-0.095343,-0.018971,1.087325,0.070000,7.140000,-24.570000
46055,,,,,,,,,,,,,,,,,,,,-0.070578,-0.988286,-1.661926,,,,,,
46057,,,,,,,,,,,,,20.120192,19.524611,0.091548,0.093121,,,,,,,,,,,,
46069,,,,,,,,,,,,,19.754498,18.782480,0.094430,0.099856,,,,,,,,,,,,
46065,,,,,,,,,,,,,,,,,,,,-0.070900,-0.991195,-1.665878,,,,,,
46071,,,,,,,,,,,,,,,,,,,,,,,-0.095343,-0.018971,0.974170,1.960000,-3.080000,-10.360000
46077,,,,,,,,,,,,,19.756756,18.938902,0.093633,0.097575,,,,,,,-0.085095,-0.009699,0.974170,0.630000,0.140000,-7.560000
46075,,,,,,,,,,,,,,,,,,,,-0.071210,-0.994193,-1.666026,,,,,,
46080,,,,0.023067,-0.979316,-1.704954,0.307676,-0.074310,,,,,,,,,,,,,,,,,,,,
46081,,,,,,,,,,,12.822437,12.541042,,,,,-0.023225,0.092453,-0.040594,,,,,,,,,
46087,,,,,,,,,,,,,19.352051,18.663908,0.065796,0.070968,,,,,,,-0.104249,-0.018788,1.055361,2.590000,-4.130000,-6.160000
46086,,,,,,,,,,,,,,,,,,,,-0.071460,-0.997061,-1.666071,,,,,,
46096,,,,,,,,,,,,,,,,,,,,-0.071870,-0.999917,-1.669743,-0.104249,-0.018788,1.055361,0.770000,-9.240000,-5.390000
46097,,,,,,,,,,,,,19.138010,17.987967,0.066673,0.076638,,,,,,,,,,,,
46103,,,,,,,,,,,,,,,,,,,,-0.072209,-1.002608,-1.669592,,,,,,
46106,,,,,,,,,,,,,,,,,,,,,,,-0.074176,-0.006161,0.990396,2.800000,-12.670000,-2.450000
46107,,,,,,,,,,,,,18.845181,17.877535,0.068397,0.076675,,,,,,,,,,,,
46114,,,,,,,,,,,,,,,,,,,,-0.072567,-1.005313,-1.669678,,,,,,
46116,,,,,,,,,,,,,,,,,,,,,,,-0.074176,-0.006161,0.990396,4.060000,2.030000,14.980000
46117,,,,,,,,,,,,,18.044790,17.230614,0.075357,0.082206,,,,,,,,,,,,
46129,,,,,,,,,,,,,17.839840,17.154793,0.076403,0.082042,,,,,,,,,,,,
46127,,,,,,,,,,,,,,,,,,,,-0.072857,-1.008080,-1.665939,,,,,,
46131,,,,0.021221,-0.992780,-1.709330,0.283596,-0.082637,,,,,,,,,,,,,,,,,,,,
46132,,,,,,,,,,,11.059797,10.719981,,,,,-0.024249,0.092120,-0.040763,,,,,,,,,
46134,,,,,,,,,,,,,,,,,,,,-0.073157,-1.010678,-1.662339,-0.138226,-0.007686,1.003572,-0.420000,14.700000,14.560000
46137,,,,,,,,,,,,,17.151781,16.575382,0.064438,0.068454,,,,,,,,,,,,
46139,,,,,,,,,,,,,,,,,,,,,,,-0.138226,-0.007686,1.003572,4.270000,24.150000,9.940000
46146,,,,,,,,,,,,,,,,,,,,,,,-0.131516,0.030927,1.014186,-6.160000,24.920000,13.720000
46144,,,,,,,,,,,,,,,,,,,,-0.073455,-1.013437,-1.658513,,,,,,
46147,,,,,,,,,,,,,16.635912,16.150930,0.068482,0.071613,,,,,,,,,,,,
46156,,,,,,,,,,,,,,,,,,,,,,,-0.131516,0.030927,1.014186,1.120000,23.520000,20.719999
46155,,,,,,,,,,,,,,,,,,,,-0.073670,-1.016062,-1.654680,,,,,,
46157,,,,,,,,,,,,,16.178244,16.315378,0.072035,0.068849,,,,,,,,,,,,
46166,,,,,,,,,,,,,,,,,,,,,,,-0.143472,-0.030805,1.036573,3.570000,28.420000,13.790000
46167,,,,,,,,,,,,,15.259840,15.924381,0.080379,0.071718,,,,,,,,,,,,
46165,,,,,,,,,,,,,,,,,,,,-0.074085,-1.018639,-1.654419,,,,,,
46176,,,,,,,,,,,,,,,,,,,,,,,-0.143472,-0.030805,1.036573,3.080000,28.770000,9.380000
46177,,,,,,,,,,,,,15.031169,15.590313,0.081871,0.074085,,,,,,,,,,,,
46175,,,,,,,,,,,,,,,,,,,,-0.074459,-1.021172,-1.650433,,,,,,
46180,,,,0.019475,-1.005087,-1.714266,0.260092,-0.092740,,,,,,,,,,,,,,,,,,,,
46181,,,,,,,,,,,10.127408,9.329757,,,,,-0.023085,0.092339,-0.065065,,,,,,,,,
46189,,,,,,,,,,,,,14.953438,14.962658,0.072360,0.065333,,,,,,,,,,,,
46185,,,,,,,,,,,,,,,,,,,,-0.074689,-1.023637,-1.650187,,,,,,
46192,,,,,,,,,,,,,,,,,,,,,,,-0.137494,0.023241,1.004243,1.960000,29.540001,5.250000
46197,,,,,,,,,,,,,14.601890,14.609647,0.074980,0.067807,,,,,,,,,,,,
46198,,,,,,,,,,,,,,,,,,,,,,,-0.137494,0.023241,1.004243,1.400000,27.650000,5.670000
46196,,,,,,,,,,,,,,,,,,,,-0.074885,-1.025958,-1.646281,,,,,,
46203,,,,,,,,,,,,,,,,,,,,-0.075178,-1.028290,-1.645991,,,,,,
46206,,,,,,,,,,,,,,,,,,,,,,,-0.135969,-0.001281,1.000766,-3.500000,23.379999,5.250000
46207,,,,,,,,,,,,,13.928197,14.482113,0.080957,0.068052,,,,,,,,,,,,
46213,,,,,,,,,,,,,,,,,,,,-0.075310,-1.030531,-1.645991,,,,,,
46216,,,,,,,,,,,,,,,,,,,,,,,-0.135969,-0.001281,1.000766,-3.150000,23.799999,-1.050000
46217,,,,,,,,,,,,,13.905884,13.825274,0.080424,0.073721,,,,,,,,,,,,
46226,,,,,,,,,,,,,,,,,,,,,,,-0.143533,-0.001647,1.013637,3.710000,22.680000,-8.120000
46224,,,,,,,,,,,,,,,,,,,,-0.075451,-1.032679,-1.645830,,,,,,
46227,,,,,,,,,,,,,13.895263,13.827436,0.079777,0.072800,,,,,,,,,,,,
46230,,,,0.017828,-1.016271,-1.719891,0.237232,-0.105115,,,,,,,,,,,,,,,,,,,,
46231,,,,,,,,,,,8.717203,7.747149,,,,,-0.023305,0.091768,-0.073778,,,,,,,,,
46234,,,,,,,,,,,,,,,,,,,,-0.075648,-1.034849,-1.649319,,,,,,
46237,,,,,,,,,,,,,13.824218,13.233962,0.065364,0.061811,,,,,,,-0.143533,-0.001647,1.013637,0.910000,15.330000,-12.670000
46249,,,,,,,,,,,,,13.071270,13.054487,0.072023,0.062544,,,,,,,,,,,,
46244,,,,,,,,,,,,,,,,,,,,-0.075863,-1.036933,-1.653082,,,,,,
46252,,,,,,,,,,,,,,,,,,,,,,,-0.127307,-0.012322,1.024434,1.750000,7.140000,-13.300000
46254,,,,,,,,,,,,,,,,,,,,-0.076082,-1.038837,-1.656687,,,,,,
46257,,,,,,,,,,,,,,,,,,,,,,,-0.127307,-0.012322,1.002840,2.100000,6.440000,-12.390000
46258,,,,,,,,,,,,,12.827332,12.203489,0.073640,0.070163,,,,,,,,,,,,
46266,,,,,,,,,,,,,,,,,,,,,,,-0.140544,-0.005307,1.002840,5.320000,1.680000,-8.190000
46265,,,,,,,,,,,,,,,,,,,,-0.076235,-1.040667,-1.656853,,,,,,
46267,,,,,,,,,,,,,12.523823,11.998920,0.075914,0.071358,,,,,,,,,,,,
46276,,,,,,,,,,,,,,,,,,,,,,,-0.140544,-0.005307,1.006561,3.990000,0.840000,-4.340000
46277,,,,,,,,,,,,,12.207580,11.765926,0.078378,0.072884,,,,,,,,,,,,
46275,,,,,,,,,,,,,,,,,,,,-0.076491,-1.042454,-1.656484,,,,,,
46280,,,,0.016280,-1.026369,-1.726375,0.215077,-0.120439,,,,,,,,,,,,,,,,,,,,
46281,,,,,,,,,,,7.043222,6.141451,,,,,-0.024254,0.090937,-0.065244,,,,,,,,,
46289,,,,,,,,,,,,,12.467372,11.656582,0.057956,0.056818,,,,,,,,,,,,
46286,,,,,,,,,,,,,,,,,,,,-0.076680,-1.044193,-1.657012,,,,,,
46292,,,,,,,,,,,,,,,,,,,,,,,-0.149389,-0.009028,1.006561,2.730000,-2.100000,-1.190000
46294,,,,,,,,,,,,,,,,,,,,-0.076845,-1.045852,-1.656838,,,,,,
46297,,,,,,,,,,,,,,,,,,,,,,,-0.135786,0.007747,1.005829,1.050000,-4.130000,-1.400000
46298,,,,,,,,,,,,,11.812394,11.130195,0.063551,0.061084,,,,,,,,,,,,
46306,,,,,,,,,,,,,,,,,,,,,,,-0.135786,0.007747,1.005829,1.680000,-12.250000,-5.670000
46304,,,,,,,,,,,,,,,,,,,,-0.076996,-1.047449,-1.656853,,,,,,
46307,,,,,,,,,,,,,11.118761,11.134665,0.069673,0.060041,,,,,,,,,,,,
46316,,,,,,,,,,,,,,,,,,,,,,,-0.132553,-0.002562,1.021811,1.890000,-17.570000,-5.180000
46314,,,,,,,,,,,,,,,,,,,,-0.077241,-1.049009,-1.660775,,,,,,
46317,,,,,,,,,,,,,11.004955,11.018337,0.070018,0.060229,,,,,,,,,,,,
46326,,,,,,,,,,,,,,,,,,,,,,,-0.132553,-0.002562,1.021811,1.120000,-15.750000,-8.610000
46325,,,,,,,,,,,,,,,,,,,,-0.077396,-1.050478,-1.664358,,,,,,
46327,,,,,,,,,,,,,10.865417,10.341393,0.070649,0.066158,,,,,,,,,,,,
46330,,,,0.014827,-1.035419,-1.733945,0.193684,-0.139665,,,,,,,,,,,,,,,,,,,,
46331,,,,,,,,,,,6.075837,5.006847,,,,,-0.023225,0.090461,-0.072602,,,,,,,,,
46337,,,,,,,,,,,,,10.806412,10.365499,0.060619,0.053499,,,,,,,-0.162138,-0.002867,1.009489,-0.560000,-16.309999,-16.520000
46335,,,,,,,,,,,,,,,,,,,,-0.077557,-1.051853,-1.664515,,,,,,
46349,,,,,,,,,,,,,10.502882,10.131897,0.062769,0.054810,,,,,,,,,,,,
46346,,,,,,,,,,,,,,,,,,,,-0.077685,-1.053171,-1.664976,,,,,,
46351,,,,,,,,,,,,,,,,,,,,,,,-0.162138,-0.002867,1.009489,2.380000,-16.379999,-15.960000
46353,,,,,,,,,,,,,,,,,,,,-0.077850,-1.054408,-1.665243,,,,,,
46357,,,,,,,,,,,,,10.126899,9.814753,0.065719,0.057020,,,,,,,-0.126758,-0.004148,1.007598,2.590000,-24.219999,-15.260000
46363,,,,,,,,,,,,,,,,,,,,-0.077881,-1.055699,-1.672565,,,,,,
46366,,,,,,,,,,,,,,,,,,,,,,,-0.126758,-0.004148,1.007598,2.800000,-24.219999,-14.770000
46367,,,,,,,,,,,,,10.197493,9.375946,0.064189,0.060534,,,,,,,,,,,,
46376,,,,,,,,,,,,,,,,,,,,,,,-0.121146,-0.006954,1.004304,3.080000,-27.299999,-12.810000
46374,,,,,,,,,,,,,,,,,,,,-0.078090,-1.056791,-1.672688,,,,,,
46377,,,,,,,,,,,,,9.676050,8.984800,0.068683,0.063650,,,,,,,,,,,,
46380,,,,0.013467,-1.043463,-1.742913,0.173101,-0.164169,,,,,,,,,,,,,,,,,,,,
46381,,,,,,,,,,,4.949892,3.828744,,,,,-0.022770,0.089682,-0.068424,,,,,,,,,
46389,,,,,,,,,,,,,9.978153,8.937354,0.053397,0.051322,,,,,,,,,,,,
46384,,,,,,,,,,,,,,,,,,,,-0.078158,-1.057872,-1.672940,,,,,,
46393,,,,,,,,,,,,,,,,,,,,,,,-0.121146,-0.006954,1.004304,1.960000,-27.020000,-14.840000
46395,,,,,,,,,,,,,,,,,,,,-0.078266,-1.058860,-1.676548,,,,,,
46397,,,,,,,,,,,,,9.748687,8.872959,0.054732,0.050957,,,,,,,,,,,,
46398,,,,,,,,,,,,,,,,,,,,,,,-0.128039,-0.002013,1.025959,0.840000,-29.610001,-13.790000
46406,,,,,,,,,,,,,,,,,,,,,,,-0.128039,-0.002013,1.025959,0.070000,-32.200001,-12.110000
46405,,,,,,,,,,,,,,,,,,,,-0.078376,-1.059817,-1.680484,,,,,,
46407,,,,,,,,,,,,,9.279141,8.542305,0.058561,0.053321,,,,,,,,,,,,
46416,,,,,,,,,,,,,,,,,,,,,,,-0.113948,-0.001037,1.017907,0.840000,-35.910000,-10.360000
46417,,,,,,,,,,,,,8.925741,8.305768,0.061300,0.054791,,,,,,,,,,,,
46415,,,,,,,,,,,,,,,,,,,,-0.078476,-1.060685,-1.680581,,,,,,
46426,,,,,,,,,,,,,,,,,,,,-0.078620,-1.061543,-1.680851,-0.113948,-0.001037,1.017907,0.140000,-31.780001,-0.630000
46427,,,,,,,,,,,,,8.602700,8.081055,0.063800,0.056187,,,,,,,,,,,,
46430,,,,0.012199,-1.050544,-1.753716,0.153372,-0.195984,,,,,,,,,,,,,,,,,,,,
46431,,,,,,,,,,,4.329921,3.019637,,,,,-0.020925,0.089069,-0.073398,,,,,,,,,
46437,,,,,,,,,,,,,8.856407,7.878129,0.054158,0.049154,,,,,,,-0.118462,0.001525,1.011319,0.280000,-28.490000,-2.730000
46436,,,,,,,,,,,,,,,,,,,,-0.078681,-1.062308,-1.681156,,,,,,
46461,,,,,,,,,,,,,7.046073,6.353497,0.070909,0.062827,,,,,,,,,,,,
46454,,,,,,,,,,,,,,,,,,,,-0.078914,-1.063887,-1.681156,,,,,,
46463,,,,,,,,,,,,,,,,,,,,,,,-0.118462,0.001525,1.011319,-0.350000,-10.710000,-15.470000
46464,,,,,,,,,,,,,,,,,,,,-0.078970,-1.064881,-1.688480,,,,,,
46467,,,,,,,,,,,,,6.864367,6.281633,0.072219,0.062893,,,,,,,,,,,,
46469,,,,,,,,,,,,,,,,,,,,,,,-0.099979,-0.004209,1.021933,-0.070000,7.350000,-17.990000
46474,,,,,,,,,,,,,,,,,,,,,,,-0.069906,-0.004209,1.021933,-0.140000,11.130000,-18.270000
46475,,,,,,,,,,,,,,,,,,,,-0.079145,-1.065773,-1.688189,,,,,,
46477,,,,,,,,,,,,,6.871669,5.833361,0.071638,0.066813,,,,,,,,,,,,
46479,,,,,,,,,,,,,,,,,,,,,,,-0.069906,-0.004209,1.021933,0.560000,10.710000,-17.920000
46481,,,,0.011019,-1.056707,-1.766990,0.134537,-0.238227,,,,,,,,,,,,,,,,,,,,
46482,,,,,,,,,,,3.641185,2.089025,,,,,-0.019616,0.088489,-0.079461,,,,,,,,,
46485,,,,,,,,,,,,,,,,,,,,-0.079149,-1.066615,-1.691913,,,,,,
46488,,,,,,,,,,,,,6.767063,5.893431,0.065172,0.056146,,,,,,,-0.091744,-0.003782,1.013149,-0.280000,8.960000,-16.590000
46496,,,,,,,,,,,,,,,,,,,,,,,-0.091744,-0.003782,1.013149,0.350000,-14.840000,-10.500000
46497,,,,,,,,,,,,,6.308345,5.573271,0.069225,0.058650,,,,,,,,,,,,
46495,,,,,,,,,,,,,,,,,,,,-0.079169,-1.067385,-1.695761,,,,,,
46509,,,,,,,,,,,,,6.213752,5.142305,0.069657,0.062349,,,,,,,,,,,,
46506,,,,,,,,,,,,,,,,,,,,-0.079311,-1.068022,-1.695813,,,,,,
46511,,,,,,,,,,,,,,,,,,,,,,,-0.091744,-0.008113,1.014003,-0.210000,-15.050000,-10.500000
46516,,,,,,,,,,,,,,,,,,,,-0.079471,-1.068665,-1.695920,-0.019093,-0.008113,1.014003,1.470000,-3.850000,-13.160000
46517,,,,,,,,,,,,,5.921494,4.326735,0.072123,0.070058,,,,,,,,,,,,
46526,,,,,,,,,,,,,,,,,,,,,,,-0.070516,-0.002867,1.008757,0.560000,5.460000,-15.400000
46524,,,,,,,,,,,,,,,,,,,,-0.079514,-1.069334,-1.699658,,,,,,
46527,,,,,,,,,,,,,6.078005,4.736175,0.070071,0.065434,,,,,,,,,,,,
46530,,,,0.009924,-1.061999,-1.783693,0.116627,-0.295860,,,,,,,,,,,,,,,,,,,,
46531,,,,,,,,,,,2.846839,1.007516,,,,,-0.018977,0.087729,-0.082295,,,,,,,,,
46534,,,,,,,,,,,,,,,,,,,,-0.079651,-1.070207,-1.703291,,,,,,
46537,,,,,,,,,,,,,5.652438,5.061827,0.065822,0.050551,,,,,,,-0.070516,-0.002867,1.008757,1.470000,6.230000,-25.760000
46546,,,,,,,,,,,,,,,,,,,,,,,-0.040626,-0.004026,1.028582,0.490000,-3.010000,-15.120000
46544,,,,,,,,,,,,,,,,,,,,-0.079773,-1.070905,-1.706855,,,,,,
46547,,,,,,,,,,,,,5.866933,4.259021,0.063073,0.057929,,,,,,,,,,,,
46556,,,,,,,,,,,,,,,,,,,,,,,-0.040626,-0.004026,1.028582,1.120000,-5.390000,-16.170000
46555,,,,,,,,,,,,,,,,,,,,-0.079837,-1.071637,-1.710526,,,,,,
46557,,,,,,,,,,,,,5.483496,4.677659,0.066380,0.053009,,,,,,,,,,,,
46568,,,,,,,,,,,,,,,0.065044,0.055002,,,,,,,,,,,,
46569,,,,,,,,,,,,,5.562743,4.410246,,,,,,,,,,,,,,
46565,,,,,,,,,,,,,,,,,,,,-0.079873,-1.072209,-1.710730,,,,,,
46572,,,,,,,,,,,,,,,,,,,,,,,-0.067161,-0.007381,1.017541,0.700000,5.670000,-18.410000
46577,,,,,,,,,,,,,,,,,,,,,,,-0.067161,-0.007381,1.017541,0.140000,5.040000,-14.000000
46578,,,,,,,,,,,,,5.281930,3.710781,0.067365,0.061456,,,,,,,,,,,,
46575,,,,,,,,,,,,,,,,,,,,-0.080006,-1.072900,-1.714395,,,,,,
46580,,,,0.008912,-1.066465,-1.805339,0.099671,-0.377166,,,,,,,,,,,,,,,,,,,,
46581,,,,,,,,,,,2.025204,-0.263980,,,,,-0.018924,0.087103,-0.092035,,,,,,,,,
46583,,,,,,,,,,,,,,,,,,,,-0.080095,-1.073655,-1.717998,,,,,,
46587,,,,,,,,,,,,,,,0.061406,0.048313,,,,,,,-0.051850,-0.002928,1.000827,0.560000,2.380000,-17.430000
46588,,,,,,,,,,,,,4.996771,3.674806,,,,,,,,,,,,,,
46593,,,,,,,,,,,,,,,,,,,,-0.080161,-1.074353,-1.721665,,,,,,
46596,,,,,,,,,,,,,,,,,,,,,,,-0.051850,-0.002928,1.000827,0.700000,0.840000,-23.730000
46597,,,,,,,,,,,,,5.368832,3.091981,0.057017,0.053470,,,,,,,,,,,,
46604,,,,,,,,,,,,,,,,,,,,-0.080198,-1.074874,-1.725329,,,,,,
46606,,,,,,,,,,,,,,,,,,,,,,,-0.077348,-0.004514,1.023092,-0.280000,1.120000,-27.090000
46607,,,,,,,,,,,,,5.065275,2.601592,0.059445,0.057801,,,,,,,,,,,,
46616,,,,,,,,,,,,,,,,,,,,,,,-0.077348,-0.004514,1.023092,-0.560000,-2.030000,-34.299999
46614,,,,,,,,,,,,,,,,,,,,-0.080220,-1.075398,-1.728971,,,,,,
46617,,,,,,,,,,,,,5.358243,2.737140,0.055848,0.055845,,,,,,,,,,,,
46628,,,,,,,,,,,,,4.984009,3.254197,0.058999,0.049971,,,,,,,,,,,,
46631,,,,0.007978,-1.070155,-1.834458,0.083694,-0.496781,,,,,,,,,,,,,,,,,,,,
46632,,,,,,,,,,,1.340587,-1.609049,,,,,-0.018970,0.086308,-0.106802,,,,,,,,,
46624,,,,,,,,,,,,,,,,,,,,-0.080293,-1.075957,-1.736191,,,,,,
46634,,,,,,,,,,,,,,,,,,,,,,,-0.077043,-0.009882,1.017602,0.490000,-0.910000,-43.049999
46635,,,,,,,,,,,,,,,,,,,,-0.080310,-1.076395,-1.746987,,,,,,
46637,,,,,,,,,,,,,4.834712,2.738081,0.052947,0.040812,,,,,,,,,,,,
46639,,,,,,,,,,,,,,,,,,,,,,,-0.077043,-0.009882,1.020652,0.280000,-1.680000,-35.279999
46646,,,,,,,,,,,,,,,,,,,,,,,-0.062647,0.000061,1.020652,-0.280000,-0.700000,-22.190001
46647,,,,,,,,,,,,,4.619529,2.303821,0.054443,0.044372,,,,,,,,,,,,
46645,,,,,,,,,,,,,,,,,,,,-0.080360,-1.076786,-1.750524,,,,,,
46656,,,,,,,,,,,,,,,,,,,,,,,-0.062647,0.000061,1.020652,0.980000,-1.820000,-29.540001
46657,,,,,,,,,,,,,4.434647,1.938434,0.055673,0.047317,,,,,,,,,,,,
46655,,,,,,,,,,,,,,,,,,,,-0.080427,-1.077188,-1.754189,,,,,,
46669,,,,,,,,,,,,,4.657641,1.630998,0.052780,0.049743,,,,,,,,,,,,
46663,,,,,,,,,,,,,,,,,,,,-0.080491,-1.077755,-1.761331,,,,,,
46671,,,,,,,,,,,,,,,,,,,,,,,-0.075213,-0.012261,1.009550,1.120000,1.890000,-29.260000
46673,,,,,,,,,,,,,,,,,,,,-0.080527,-1.078155,-1.764919,,,,,,
46677,,,,,,,,,,,,,4.580917,1.372322,0.052899,0.051733,,,,,,,-0.075213,-0.012261,1.009550,1.120000,0.420000,-30.240000
46680,,,,0.007120,-1.073116,-1.875611,0.068720,-0.682476,,,,,,,,,,,,,,,,,,,,
46681,,,,,,,,,,,0.108188,-3.779822,,,,,-0.021704,0.085055,-0.111074,,,,,,,,,
46683,,,,,,,,,,,,,,,,,,,,-0.080554,-1.078472,-1.772138,,,,,,
46687,,,,,,,,,,,,,4.381326,1.154671,0.041716,0.031215,,,,,,,-0.094611,-0.005734,1.017358,1.400000,-2.100000,-36.610001
46693,,,,,,,,,,,,,,,,,,,,-0.080570,-1.078654,-1.775698,,,,,,
46696,,,,,,,,,,,,,,,,,,,,,,,-0.094611,-0.005734,1.017358,1.540000,-2.240000,-34.860001
46697,,,,,,,,,,,,,3.686447,0.971540,0.047949,0.032096,,,,,,,,,,,,
46704,,,,,,,,,,,,,,,,,,,,-0.080618,-1.078853,-1.782825,,,,,,
46706,,,,,,,,,,,,,,,,,,,,,,,-0.088511,-0.007869,1.016504,1.610000,3.990000,-26.950001
46707,,,,,,,,,,,,,3.648013,0.817454,0.047626,0.032718,,,,,,,,,,,,
46716,,,,,,,,,,,,,,,,,,,,,,,-0.088511,-0.007869,1.011746,0.700000,3.360000,-17.709999
46714,,,,,,,,,,,,,,,,,,,,-0.080644,-1.079034,-1.786382,,,,,,
46717,,,,,,,,,,,,,3.619926,0.687806,0.047204,0.033121,,,,,,,,,,,,
46729,,,,,,,,,,,,,3.045805,0.578720,0.052358,0.033340,,,,,,,,,,,,
46731,,,,0.006333,-1.075396,-1.937843,0.054779,-0.991903,,,-0.082032,-5.675113,,,,,,,,,,,,,,,,
46732,,,,,,,,,,,,,,,,,-0.022270,0.084172,-0.150535,,,,,,,,,
46724,,,,,,,,,,,,,,,,,,,,-0.080682,-1.079238,-1.789874,,,,,,
46733,,,,,,,,,,,,,,,,,,,,,,,-0.079361,-0.002318,1.011746,0.840000,0.840000,-19.110001
46735,,,,,,,,,,,,,,,,,,,,-0.080696,-1.079350,-1.793407,,,,,,
46737,,,,,,,,,,,,,3.223834,0.486935,0.048014,0.014072,,,,,,,,,,,,
46739,,,,,,,,,,,,,,,,,,,,,,,-0.072956,-0.002623,1.018700,0.560000,-2.450000,-14.070000
46746,,,,,,,,,,,,,,,,,,,,,,,-0.072956,-0.002623,1.018700,0.770000,-2.450000,-13.720000
46745,,,,,,,,,,,,,,,,,,,,-0.080661,-1.079420,-1.797008,,,,,,
46747,,,,,,,,,,,,,2.712533,0.409707,0.052568,0.013628,,,,,,,,,,,,
46756,,,,,,,,,,,,,,,,,,,,,,,-0.058804,-0.006832,1.013210,0.910000,-1.330000,-8.960000
46757,,,,,,,,,,,,,2.282325,0.344727,0.056397,0.013074,,,,,,,,,,,,
46755,,,,,,,,,,,,,,,,,,,,-0.080655,-1.079505,-1.796996,,,,,,
46766,,,,,,,,,,,,,,,,,,,,,,,-0.058804,-0.006832,1.013210,0.630000,-0.280000,-1.540000
46767,,,,,,,,,,,,,1.920348,0.290053,0.059617,0.012427,,,,,,,,,,,,
46765,,,,,,,,,,,,,,,,,,,,-0.080659,-1.079562,-1.800532,,,,,,
46773,,,,,,,,,,,,,,,,,,,,-0.080655,-1.079577,-1.800532,,,,,,
46776,,,,,,,,,,,,,,,,,,,,,,,-0.081801,-0.002501,1.018700,0.560000,0.420000,0.210000
46777,,,,,,,,,,,,,1.615781,0.244051,0.062323,0.011703,,,,,,,,,,,,
46780,,,,0.005614,-1.077045,-2.041547,0.041920,-1.559432,,,,,,,,,,,,,,,,,,,,
46781,,,,,,,,,,,0.728124,-8.002635,,,,,-0.021976,0.083461,-0.242125,,,,,,,,,
46783,,,,,,,,,,,,,,,,,,,,-0.080656,-1.079543,-1.800544,,,,,,
46789,,,,,,,,,,,,,1.359518,0.205344,0.072861,-0.012826,,,,,,,,,,,,
46793,,,,,,,,,,,,,,,,,,,,-0.080641,-1.079506,-1.800532,-0.081801,-0.002501,1.018700,0.630000,-2.170000,-0.490000
46797,,,,,,,,,,,,,1.143898,0.172777,0.074934,-0.014136,,,,,,,,,,,,
46798,,,,,,,,,,,,,,,,,,,,,,,-0.039101,-0.004026,1.019066,0.630000,-0.840000,0.210000
46806,,,,,,,,,,,,,,,,,,,,,,,-0.039101,-0.004026,1.019066,0.560000,1.750000,-0.770000
46804,,,,,,,,,,,,,,,,,,,,-0.080649,-1.079517,-1.800532,,,,,,
46807,,,,,,,,,,,,,0.962476,0.145374,0.076701,-0.015491,,,,,,,,,,,,
46816,,,,,,,,,,,,,,,,,,,,,,,-0.030012,-0.005307,1.013393,0.700000,1.050000,0.140000
46814,,,,,,,,,,,,,,,,,,,,-0.080657,-1.079532,-1.800532,,,,,,
46817,,,,,,,,,,,,,0.809827,0.122318,0.078211,-0.016886,,,,,,,,,,,,
46829,,,,,,,,,,,,,0.681388,0.102918,0.079505,-0.018313,,,,,,,,,,,,
46831,,,,0.004960,-1.078108,-2.240803,0.030252,-2.747985,,,3.437100,-11.759193,,,,,-0.020876,0.083045,-0.440364,,,,,,,,,
46824,,,,,,,,,,,,,,,,,,,,-0.080657,-1.079547,-1.800532,,,,,,
46833,,,,,,,,,,,,,,,,,,,,,,,-0.030012,-0.005307,1.013393,0.560000,0.140000,-0.560000
46834,,,,,,,,,,,,,,,,,,,,-0.080647,-1.079531,-1.800532,,,,,,
46837,,,,,,,,,,,,,0.573320,0.086595,0.108248,-0.058084,,,,,,,,,,,,
46839,,,,,,,,,,,,,,,,,,,,,,,-0.046909,-0.005673,1.017907,0.630000,-0.560000,-0.210000
46846,,,,,,,,,,,,,,,,,,,,,,,-0.046909,-0.005673,1.017907,0.630000,0.000000,-0.490000
46845,,,,,,,,,,,,,,,,,,,,-0.080651,-1.079526,-1.800532,,,,,,
46847,,,,,,,,,,,,,0.482391,0.072861,0.109748,-0.060313,,,,,,,,,,,,
46856,,,,,,,,,,,,,,,,,,,,,,,-0.029280,-0.005429,1.016992,0.770000,-1.680000,-5.950000
46857,,,,,,,,,,,,,0.405884,-0.478916,0.111120,-0.057052,,,,,,,,,,,,
46855,,,,,,,,,,,,,,,,,,,,-0.080643,-1.079522,-1.800532,,,,,,
46866,,,,,,,,,,,,,,,,,,,,,,,-0.029280,-0.005429,1.016992,0.840000,-0.420000,-12.320000
46867,,,,,,,,,,,,,0.898189,-0.402960,0.106704,-0.060082,,,,,,,,,,,,
46865,,,,,,,,,,,,,,,,,,,,-0.080665,-1.079557,-1.800544,,,,,,
46876,,,,,,,,,,,,,,,,,,,,,,,-0.006893,-0.007442,1.015284,1.610000,1.890000,-30.100000
46877,,,,,,,,,,,,,0.755736,-0.339050,0.108665,-0.063006,,,,,,,,,,,,
46875,,,,,,,,,,,,,,,,,,,,-0.080676,-1.079634,-1.804075,,,,,,
46880,,,,0.004366,-1.078635,-2.691550,0.020086,-5.701325,,,,,,,,,,,,,,,,,,,,
46881,,,,,,,,,,,10.466773,-20.468002,,,,,-0.020597,0.082515,-0.887781,,,,,,,,,
46888,,,,,,,,,,,,,1.119185,-0.285277,0.177197,-0.154668,,,,,,,,,,,,
46886,,,,,,,,,,,,,,,,,,,,-0.080683,-1.079733,-1.807601,,,,,,
46892,,,,,,,,,,,,,,,,,,,,,,,-0.006893,-0.007442,1.015284,1.610000,-0.630000,-38.709999
46893,,,,,,,,,,,,,,,,,,,,-0.080686,-1.079882,-1.814651,,,,,,
46897,,,,,,,,,,,,,2.155961,-0.847171,0.168491,-0.152973,,,,,,,0.003660,-0.006283,1.018517,1.680000,-0.420000,-42.000000
46903,,,,,,,,,,,,,,,,,,,,-0.080720,-1.080044,-1.825186,,,,,,
46906,,,,,,,,,,,,,,,,,,,,,,,0.003660,-0.006283,1.018517,-1.610000,-1.470000,-94.360001
46907,,,,,,,,,,,,,2.952046,-1.850831,0.162034,-0.146660,,,,,,,,,,,,
46916,,,,,,,,,,,,,,,,,,,,,,,0.017568,-0.046665,1.028704,10.500000,8.540000,-153.720001
46917,,,,,,,,,,,,,3.578300,-2.104514,0.157149,-0.147796,,,,-0.080706,-1.080309,-1.842661,,,,,,
46926,,,,,,,,,,,,,,,,,,,,,,,0.017568,-0.046665,0.994178,3.990000,6.860000,-191.449997
46924,,,,,,,,,,,,,,,,,,,,-0.080785,-1.080662,-1.873764,,,,,,
46927,,,,,,,,,,,,,5.201001,-3.413402,0.141975,-0.138118,,,,,,,,,,,,
46930,,,,0.003828,-1.078669,2.775445,0.012550,-13.309912,,,,,,,,,,,,,,,,,,,,
46931,,,,,,,,,,,27.509661,-43.293533,,,,,-0.027914,0.079889,-1.623320,,,,,,,,,
46937,,,,,,,,,,,,,6.549296,-4.501917,0.303113,-0.363246,,,,,,,-0.017690,0.022509,0.994178,1.260000,-2.310000,-226.449997
46934,,,,,,,,,,,,,,,,,,,,-0.080666,-1.080925,-1.907867,,,,,,
46948,,,,,,,,,,,,,8.405543,-7.165373,0.288371,-0.343837,,,,,,,,,,,,
46945,,,,,,,,,,,,,,,,,,,,-0.080658,-1.081405,-1.951679,,,,,,
46952,,,,,,,,,,,,,,,,,,,,,,,-0.018117,-0.060695,1.034499,8.820000,1.400000,-271.600006
46957,,,,,,,,,,,,,,,,,,,,,,,-0.018117,-0.060695,1.034499,10.360000,2.450000,-338.450012
46958,,,,,,,,,,,,,11.201325,-10.157846,0.263675,-0.320540,,,,,,,,,,,,
46955,,,,,,,,,,,,,,,,,,,,-0.080636,-1.081677,-1.994858,,,,,,
46966,,,,,,,,,,,,,,,,,,,,,,,-0.063806,-0.071126,1.010587,7.350000,17.570000,-468.299988
46967,,,,,,,,,,,,,14.131812,-13.253829,0.237046,-0.295588,,,,,,,,,,,,
46965,,,,,,,,,,,,,,,,,,,,-0.080658,-1.082082,-2.066467,,,,,,
46976,,,,,,,,,,,,,,,,,,,,-0.080575,-1.082595,-2.158610,-0.063806,-0.071126,1.010587,19.600000,23.379999,-583.799988
46977,,,,,,,,,,,,,16.818993,-16.080257,0.212312,-0.272766,,,,,,,,,,,,
46980,,,,0.003344,-1.078258,2.208184,0.010927,-15.944475,,,,,,,,,,,,,,,,,,,,
46981,,,,,,,,,,,27.588003,-56.950893,,,,,-0.051426,0.066467,-1.895309,,,,,,,,,
46990,,,,,,,,,,,,,19.675541,-19.053970,0.186113,-0.387182,,,,,,,,,,,,
46983,,,,,,,,,,,,,,,,,,,,-0.080326,-1.083161,-2.263813,,,,,,
46992,,,,,,,,,,,,,,,,,,,,,,,-0.132614,-0.055022,1.028948,11.130000,15.190000,-709.380005
46993,,,,,,,,,,,,,,,,,,,,-0.080299,-1.083704,-2.387507,,,,,,
46997,,,,,,,,,,,,,22.695019,-22.172029,0.156896,-0.362957,,,,,,,,,,,,
46998,,,,,,,,,,,,,,,,,,,,,,,-0.132614,-0.055022,1.028948,26.879999,18.690001,-735.489990
47006,,,,,,,,,,,,,,,,,,,,,,,-0.167567,-0.047397,0.996496,23.870001,34.369999,-790.369995
47007,,,,,,,,,,,,,24.547560,-25.743111,0.138979,-0.333488,,,,-0.080083,-1.084195,-2.528560,,,,,,
47016,,,,,,,,,,,,,,,,,,,,,,,-0.167567,-0.047397,0.996496,27.930000,54.529999,-833.140015
47014,,,,,,,,,,,,,,,,,,,,-0.080059,-1.084754,-2.663660,,,,,,
47017,,,,,,,,,,,,,26.164211,-29.374107,0.123097,-0.302694,,,,,,,,,,,,
47026,,,,,,,,,,,,,,,,,,,,,,,-0.291763,-0.003782,0.931714,61.880001,80.849998,-869.750000
47024,,,,,,,,,,,,,,,,,,,,-0.079996,-1.085185,-2.816207,,,,,,
47027,,,,,,,,,,,,,27.410889,-32.809856,0.110666,-0.273164,,,,,,,,,,,,
47030,,,,0.002909,-1.077444,1.960726,0.015422,-7.239670,,,,,,,,,,,,,,,,,,,,
47031,,,,,,,,,,,-3.098985,-42.159615,,,,,-0.080734,0.018279,-1.490591,,,,,,,,,
47037,,,,,,,,,,,,,27.982115,-35.803867,-0.208132,-0.096582,,,,,,,-0.291763,-0.003782,0.931714,65.940002,86.379997,-887.880005
47035,,,,,,,,,,,,,,,,,,,,-0.080134,-1.085506,-2.969742,,,,,,
47049,,,,,,,,,,,,,25.877438,-36.658581,-0.192881,-0.089136,,,,,,,,,,,,
47045,,,,,,,,,,,,,,,,,,,,-0.080262,-1.085770,-3.119509,,,,,,
47052,,,,,,,,,,,,,,,,,,,,,,,-0.335561,0.035807,1.076467,78.750000,117.110001,-851.270020
47057,,,,,,,,,,,,,21.773273,-36.747787,-0.156814,-0.089326,,,,,,,-0.335561,0.035807,1.076467,92.750000,130.339996,-805.419983
47056,,,,,,,,,,,,,,,,,,,,-0.080287,-1.085749,3.010924,,,,,,
47066,,,,,,,,,,,,,,,,,,,,-0.080065,-1.085516,2.877031,-0.424865,0.093086,1.064755,94.080002,-46.689999,-676.900024
47067,,,,,,,,,,,,,17.760548,-35.954914,-0.120858,-0.098496,,,,,,,,,,,,
47073,,,,,,,,,,,,,,,,,,,,-0.078111,-1.085690,2.770216,,,,,,
47076,,,,,,,,,,,,,,,,,,,,,,,-0.424865,0.093086,1.064755,72.519997,-45.500000,-617.119995
47077,,,,,,,,,,,,,14.943722,-35.204353,-0.096299,-0.107392,,,,,,,,,,,,
47080,,,,0.002521,-1.076271,1.838216,0.021638,-3.313073,,,,,,,,,,,,,,,,,,,,
47081,,,,,,,,,,,-10.164015,-28.743885,,,,,-0.071921,-0.035337,-0.961668,,,,,,,,,
47084,,,,,,,,,,,,,,,,,,,,-0.076631,-1.086052,2.674222,,,,,,
47087,,,,,,,,,,,,,12.573646,-33.860691,-0.147796,0.014352,,,,,,,-0.252662,0.111935,0.737734,57.820000,2.310000,-413.000000
47096,,,,,,,,,,,,,,,,,,,,,,,-0.252662,0.111935,0.737734,37.310001,42.700001,-307.649994
47094,,,,,,,,,,,,,,,,,,,,-0.075224,-1.086617,2.605540,,,,,,
47097,,,,,,,,,,,,,10.579464,-31.893066,-0.132003,-0.004695,,,,,,,,,,,,
47108,,,,,,,,,,,,,8.901560,-29.685087,-0.119037,-0.026586,,,,,,,,,,,,
47104,,,,,,,,,,,,,,,,,,,,-0.073913,-1.087307,2.553426,,,,,,
47112,,,,,,,,,,,,,,,,,,,,,,,-0.425109,0.191235,1.099342,30.520000,-29.540001,-145.880005
47115,,,,,,,,,,,,,,,,,,,,-0.072637,-1.088089,2.521205,,,,,,
47117,,,,,,,,,,,,,,,,,,,,,,,-0.425109,0.191235,0.985333,16.520000,-35.700001,-116.760002
47118,,,,,,,,,,,,,6.891569,-26.771633,-0.102348,-0.056115,,,,,,,,,,,,
47126,,,,,,,,,,,,,,,,,,,,,,,-0.059170,0.173972,0.985333,11.620000,-92.050003,-76.790001
47125,,,,,,,,,,,,,,,,,,,,-0.070640,-1.089368,2.504198,,,,,,
47127,,,,,,,,,,,,,5.221719,-24.256187,-0.088727,-0.082167,,,,,,,,,,,,
47131,,,,0.002174,-1.074778,1.767362,0.027789,-1.801958,,,-7.724299,-18.458324,,,,,-0.051040,-0.054034,-0.755951,,,,,,,,,
47137,,,,,,,,,,,,,3.858639,-22.013897,-0.053015,-0.001023,,,,,,,-0.059170,0.005734,1.075430,6.020000,-97.230003,-58.590000
47135,,,,,,,,,,,,,,,,,,,,-0.069137,-1.090601,2.489846,,,,,,
47149,,,,,,,,,,,,,2.772276,-19.471254,-0.044251,-0.026247,,,,,,,,,,,,
47145,,,,,,,,,,,,,,,,,,,,-0.067109,-1.092243,2.487360,,,,,,
47151,,,,,,,,,,,,,,,,,,,,,,,-0.073200,0.005734,1.075430,8.330000,-111.089996,-57.680000
47157,,,,,,,,,,,,,2.332592,-17.056467,-0.041865,-0.050675,,,,,,,-0.012566,0.031659,1.033218,4.690000,-161.070007,-39.549999
47156,,,,,,,,,,,,,,,,,,,,-0.065248,-1.093678,2.475825,,,,,,
47163,,,,,,,,,,,,,,,,,,,,-0.063365,-1.095292,2.473226,,,,,,
47166,,,,,,,,,,,,,,,,,,,,,,,-0.012566,0.031659,1.033218,2.800000,-162.960007,-15.750000
47167,,,,,,,,,,,,,1.410200,-14.903752,-0.034468,-0.072913,,,,,,,,,,,,
47176,,,,,,,,,,,,,,,,,,,,,,,0.181048,0.001159,1.098244,1.680000,-31.780001,8.610000
47173,,,,,,,,,,,,,,,,,,,,-0.061261,-1.096830,2.473342,,,,,,
47177,,,,,,,,,,,,,1.186542,-13.633475,-0.034014,-0.086581,,,,,,,,,,,,
47180,,,,0.001866,-1.073004,1.721751,0.033434,-1.111866,,,,,,,,,,,,,,,,,,,,
47181,,,,,,,,,,,-4.858732,-12.214765,,,,,-0.035774,-0.057752,-0.753038,,,,,,,,,
47184,,,,,,,,,,,,,,,,,,,,-0.061100,-1.096984,2.470388,,,,,,
47187,,,,,,,,,,,,,0.467561,-12.532796,0.000766,-0.035089,,,,,,,0.181048,0.001159,1.098244,2.660000,59.360001,-3.640000
47196,,,,,,,,,,,,,,,,,,,,,,,0.216245,-0.025193,0.783179,-0.210000,60.130001,-67.550003
47194,,,,,,,,,,,,,,,,,,,,-0.060845,-1.097341,2.467460,,,,,,
47197,,,,,,,,,,,,,0.393406,-12.243782,0.000457,-0.037973,,,,,,,,,,,,
47209,,,,,,,,,,,,,0.331011,-10.301916,0.000043,-0.057774,,,,,,,,,,,,
47205,,,,,,,,,,,,,,,,,,,,-0.060608,-1.097591,2.461541,,,,,,
47212,,,,,,,,,,,,,,,,,,,,,,,0.216245,-0.025193,0.783179,2.800000,-11.270000,-66.709999
47217,,,,,,,,,,,,,0.278513,-9.974203,-0.000459,-0.061500,,,,,,,0.018727,-0.002318,1.129476,1.610000,-3.850000,-53.410000
47215,,,,,,,,,,,,,,,,,,,,-0.060541,-1.097668,2.446821,,,,,,
47226,,,,,,,,,,,,,,,,,,,,,,,0.018727,-0.002318,1.129476,1.330000,-23.030001,-12.740000
47227,,,,,,,,,,,,,0.234341,-8.953794,-0.001036,-0.072356,,,,,,,,,,,,
47225,,,,,,,,,,,,,,,,,,,,-0.059861,-1.098320,2.440994,,,,,,
47230,,,,0.001595,-1.070988,1.690166,0.038452,-0.747376,,,,,,,,,,,,,,,,,,,,
47231,,,,,,,,,,,-3.706797,-9.370100,,,,,-0.029495,-0.060490,-0.750906,,,,,,,,,
47237,,,,,,,,,,,,,0.197174,-8.627291,0.010074,-0.047323,,,,,,,0.080886,-0.000549,1.067195,0.770000,13.930000,-21.910000
47235,,,,,,,,,,,,,,,,,,,,-0.059763,-1.098456,2.438038,,,,,,
47246,,,,,,,,,,,,,,,,,,,,-0.059703,-1.098491,2.435072,0.080886,-0.000549,1.067195,1.750000,16.030001,-40.180000
47247,,,,,,,,,,,,,0.165902,-7.808934,0.009612,-0.055819,,,,,,,,,,,,
47256,,,,,,,,,,,,,,,,,,,,-0.059786,-1.098458,2.429150,0.003050,-0.004453,0.968314,2.240000,12.530000,-36.049999
47257,,,,,,,,,,,,,0.139590,-7.117221,0.009106,-0.063186,,,,,,,,,,,,
47269,,,,,,,,,,,,,0.117451,-6.459120,0.008563,-0.070350,,,,,,,,,,,,
47263,,,,,,,,,,,,,,,,,,,,-0.059821,-1.098462,2.423242,,,,,,
47271,,,,,,,,,,,,,,,,,,,,,,,0.003050,-0.004453,0.968314,1.190000,13.580000,-26.879999
47273,,,,,,,,,,,,,,,,,,,,-0.059718,-1.098568,2.420284,,,,,,
47276,,,,,,,,,,,,,,,,,,,,,,,-0.054961,-0.011529,1.000827,2.170000,6.370000,-29.469999
47277,,,,,,,,,,,,,0.098823,-5.434703,0.007988,-0.081381,,,,,,,,,,,,
47280,,,,0.001356,-1.068765,1.667130,0.042818,-0.533375,,,,,,,,,,,,,,,,,,,,
47281,,,,,,,,,,,-2.999702,-7.738802,,,,,-0.026039,-0.062727,-0.752169,,,,,,,,,
47284,,,,,,,,,,,,,,,,,,,,-0.059647,-1.098612,2.414339,,,,,,
47287,,,,,,,,,,,,,0.083150,-5.100468,0.014599,-0.068938,,,,,,,-0.054961,-0.011529,1.000827,0.420000,-4.550000,-19.040001
47296,,,,,,,,,,,,,,,,,,,,,,,-0.025376,0.004758,1.039196,0.840000,-13.300000,-16.240000
47294,,,,,,,,,,,,,,,,,,,,-0.059448,-1.098807,2.411400,,,,,,
47297,,,,,,,,,,,,,0.069962,-4.291533,0.014117,-0.077717,,,,,,,,,,,,
47306,,,,,,,,,,,,,,,,,,,,,,,-0.025376,0.004758,1.039196,1.540000,-13.650000,-19.740000
47305,,,,,,,,,,,,,,,,,,,,-0.059244,-1.099007,2.405470,,,,,,
47307,,,,,,,,,,,,,0.058866,-4.157955,0.013616,-0.079769,,,,,,,,,,,,
47316,,,,,,,,,,,,,,,,,,,,,,,-0.045567,-0.013176,1.027972,1.330000,5.040000,-30.100000
47315,,,,,,,,,,,,,,,,,,,,-0.059027,-1.099227,2.402503,,,,,,
47317,,,,,,,,,,,,,0.049530,-4.036270,0.013100,-0.081726,,,,,,,,,,,,
47328,,,,,,,,,,,,,0.041675,-3.907762,0.012570,-0.083777,,,,,,,,,,,,
47325,,,,,,,,,,,,,,,,,,,,-0.058946,-1.099349,2.396563,,,,,,
47331,,,,0.001146,-1.066367,1.649678,0.046540,-0.397568,,,-1.882445,-6.064953,,,,,-0.021724,-0.064999,-0.746034,,,,,,,,,
47334,,,,,,,,,,,,,,,,,,,,,,,-0.045567,-0.013176,1.027972,1.540000,7.700000,-36.400002
47337,,,,,,,,,,,,,0.035065,-3.890294,0.023425,-0.067648,,,,,,,,,,,,
47336,,,,,,,,,,,,,,,,,,,,-0.058876,-1.099463,2.393590,,,,,,
47339,,,,,,,,,,,,,,,,,,,,,,,-0.043249,-0.002440,1.001254,1.260000,3.430000,-32.830002
47346,,,,,,,,,,,,,,,,,,,,-0.058747,-1.099644,2.387661,-0.043249,-0.002440,1.021018,0.910000,-5.740000,-27.510000
47347,,,,,,,,,,,,,0.029504,-3.273293,0.023098,-0.074377,,,,,,,,,,,,
47353,,,,,,,,,,,,,,,,,,,,-0.058616,-1.099861,2.381704,,,,,,
47356,,,,,,,,,,,,,,,,,,,,,,,-0.038125,-0.005856,1.021018,0.910000,-7.140000,-27.299999
47357,,,,,,,,,,,,,0.024824,-3.303304,0.022764,-0.074629,,,,,,,,,,,,
47369,,,,,,,,,,,,,0.020887,-3.250458,0.022422,-0.075720,,,,,,,,,,,,
47364,,,,,,,,,,,,,,,,,,,,-0.058296,-1.100110,2.375742,,,,,,
47371,,,,,,,,,,,,,,,,,,,,,,,-0.038125,-0.009821,1.023824,0.420000,-3.500000,-33.250000
47374,,,,,,,,,,,,,,,,,,,,-0.058108,-1.100294,2.369733,,,,,,
47377,,,,,,,,,,,,,0.017575,-3.386614,0.022076,-0.074894,,,,,,,-0.042456,-0.009821,1.023824,1.190000,3.220000,-33.669998
47380,,,,0.000963,-1.063826,1.636069,0.049641,-0.306152,,,,,,,,,,,,,,,,,,,,
47381,,,,,,,,,,,-0.525532,-4.339986,,,,,-0.016847,-0.067334,-0.733115,,,,,,,,,
47384,,,,,,,,,,,,,,,,,,,,-0.057894,-1.100507,2.363717,,,,,,
47387,,,,,,,,,,,,,0.014787,-3.377053,0.035565,-0.057933,,,,,,,-0.015433,0.000061,1.009184,0.840000,2.310000,-33.389999
47396,,,,,,,,,,,,,,,,,,,,,,,-0.015433,0.000061,1.009184,0.070000,-2.520000,-25.690001
47395,,,,,,,,,,,,,,,,,,,,-0.057714,-1.100744,2.360748,,,,,,
47397,,,,,,,,,,,,,0.012442,-2.841452,0.035480,-0.063589,,,,,,,,,,,,
47406,,,,,,,,,,,,,,,,,,,,,,,0.006649,-0.008113,1.017602,0.700000,-5.180000,-18.200001
47405,,,,,,,,,,,,,,,,,,,,-0.057562,-1.100895,2.354701,,,,,,
47407,,,,,,,,,,,,,0.010469,-2.934362,0.035393,-0.062941,,,,,,,,,,,,
47416,,,,,,,,,,,,,,,,,,,,,,,0.006649,-0.008113,1.017602,0.700000,-0.140000,-19.879999
47417,,,,,,,,,,,,,0.008808,-3.022594,0.035303,-0.062322,,,,,,,,,,,,
47415,,,,,,,,,,,,,,,,,,,,-0.057465,-1.101014,2.351678,,,,,,
47429,,,,,,,,,,,,,0.007411,-2.543210,0.035210,-0.067475,,,,,,,,,,,,
47425,,,,,,,,,,,,,,,,,,,,-0.057423,-1.101090,2.348664,,,,,,
47431,,,,0.000805,-1.061172,1.625219,0.052154,-0.241722,,,,,,,,,,,,,,,,,,,,
47432,,,,,,,,,,,0.761525,-2.802666,,,,,-0.012323,-0.069500,-0.722417,,,,,,,,,
47434,,,,,,,,,,,,,,,,,,,,,,,-0.020801,-0.005002,1.010221,0.980000,6.860000,-22.260000
47437,,,,,,,,,,,,,0.006236,-2.800309,0.048243,-0.049531,,,,,,,,,,,,
47436,,,,,,,,,,,,,,,,,,,,-0.057367,-1.101223,2.345691,,,,,,
47439,,,,,,,,,,,,,,,,,,,,,,,-0.020801,-0.005002,1.010221,0.490000,0.980000,-20.580000
47443,,,,,,,,,,,,,,,,,,,,-0.057299,-1.101320,2.342659,,,,,,
47447,,,,,,,,,,,,,0.005247,-2.356180,0.048405,-0.054062,,,,,,,-0.031415,-0.007198,1.027667,0.700000,-10.850000,-12.180000
47454,,,,,,,,,,,,,,,,,,,,-0.057201,-1.101447,2.339667,,,,,,
47456,,,,,,,,,,,,,,,,,,,,,,,-0.031415,-0.007198,1.027667,0.350000,-10.780000,-4.550000
47457,,,,,,,,,,,,,0.004415,-1.982489,0.048564,-0.057963,,,,,,,,,,,,
47466,,,,,,,,,,,,,,,,,,,,,,,0.027816,-0.006466,1.016870,0.700000,-2.380000,-0.490000
47464,,,,,,,,,,,,,,,,,,,,-0.057138,-1.101602,2.339705,,,,,,
47467,,,,,,,,,,,,,0.003715,-1.668066,0.048723,-0.061334,,,,,,,,,,,,
47476,,,,,,,,,,,,,,,,,,,,,,,0.027816,-0.006466,1.016870,0.910000,9.170000,0.700000
47474,,,,,,,,,,,,,,,,,,,,-0.057133,-1.101614,2.339726,,,,,,
47477,,,,,,,,,,,,,0.003125,-1.403511,0.048880,-0.064259,,,,,,,,,,,,
47480,,,,0.000668,-1.058432,1.616414,0.054112,-0.194612,,,,,,,,,,,,,,,,,,,,
47481,,,,,,,,,,,1.636212,-1.773605,,,,,-0.009253,-0.071547,-0.723976,,,,,,,,,
47489,,,,,,,,,,,,,0.002630,-1.180914,0.057959,-0.056313,,,,,,,,,,,,
47485,,,,,,,,,,,,,,,,,,,,-0.057184,-1.101501,2.339667,,,,,,
47493,,,,,,,,,,,,,,,,,,,,,,,0.022997,-0.005185,1.003938,0.980000,4.690000,4.130000
47497,,,,,,,,,,,,,0.002213,-0.993621,0.058290,-0.058342,,,,,,,,,,,,
47495,,,,,,,,,,,,,,,,,,,,-0.057245,-1.101395,2.339653,,,,,,
47498,,,,,,,,,,,,,,,,,,,,,,,0.022997,-0.005185,1.003938,0.840000,3.150000,2.660000
47506,,,,,,,,,,,,,,,,,,,,-0.057266,-1.101348,2.339653,-0.050508,-0.007808,1.021750,0.770000,3.360000,-2.800000
47507,,,,,,,,,,,,,0.001862,-0.836032,0.058620,-0.060106,,,,,,,,,,,,
47516,,,,,,,,,,,,,,,,,,,,-0.057302,-1.101333,2.339653,-0.050508,-0.007808,1.021750,0.700000,-2.240000,-0.420000
47517,,,,,,,,,,,,,0.001566,-0.703438,0.058950,-0.061646,,,,,,,,,,,,
47529,,,,,,,,,,,,,0.001318,-0.591872,0.059280,-0.062998,,,,,,,,,,,,
47523,,,,,,,,,,,,,,,,,,,,-0.057265,-1.101359,2.339667,,,,,,
47531,,,,0.000551,-1.055630,1.609172,0.055554,-0.159116,,,2.180668,-1.126338,,,,,-0.007320,-0.073354,-0.730556,,,,,,,,,
47534,,,,,,,,,,,,,,,,,,,,,,,-0.052094,-0.006039,1.022665,0.770000,-4.480000,-1.330000
47537,,,,,,,,,,,,,0.001109,-0.498001,0.065162,-0.057589,,,,-0.057243,-1.101389,2.339667,,,,,,
47539,,,,,,,,,,,,,,,,,,,,,,,-0.025193,-0.009577,1.015833,0.700000,-1.050000,-1.120000
47546,,,,,,,,,,,,,,,,,,,,,,,-0.025193,-0.009577,1.015833,0.700000,1.820000,-0.280000
47544,,,,,,,,,,,,,,,,,,,,-0.057234,-1.101397,2.339667,,,,,,
47547,,,,,,,,,,,,,0.000933,-0.419018,0.065600,-0.058521,,,,,,,,,,,,
47556,,,,,,,,,,,,,,,,,,,,,,,-0.025193,-0.009577,1.015772,0.630000,1.960000,-0.350000
47554,,,,,,,,,,,,,,,,,,,,-0.057235,-1.101392,2.339667,,,,,,
47557,,,,,,,,,,,,,0.000785,-0.352562,0.066037,-0.059340,,,,,,,,,,,,
47566,,,,,,,,,,,,,,,,,,,,,,,-0.025803,-0.005978,1.015772,0.700000,1.050000,-0.350000
47565,,,,,,,,,,,,,,,,,,,,-0.057257,-1.101371,2.339653,,,,,,
47567,,,,,,,,,,,,,0.000661,-0.296645,0.066475,-0.060065,,,,,,,,,,,,
47576,,,,,,,,,,,,,,,,,,,,,,,-0.025803,-0.007625,1.016626,0.770000,-0.420000,-0.420000
47577,,,,,,,,,,,,,0.000556,-0.249597,0.066912,-0.060711,,,,,,,,,,,,
47575,,,,,,,,,,,,,,,,,,,,-0.057248,-1.101373,2.339667,,,,,,
47580,,,,0.000451,-1.052791,1.603150,0.056517,-0.131696,,,,,,,,,,,,,,,,,,,,
47581,,,,,,,,,,,2.765433,-0.459287,,,,,-0.005204,-0.075249,-0.736523,,,,,,,,,
47589,,,,,,,,,,,,,0.000468,-0.210011,0.073313,-0.054486,,,,,,,,,,,,
47586,,,,,,,,,,,,,,,,,,,,-0.057247,-1.101373,2.339667,,,,,,
47592,,,,,,,,,,,,,,,,,,,,,,,-0.036478,-0.007625,1.016626,0.560000,-0.140000,-0.280000
47597,,,,,,,,,,,,,,,,,,,,,,,-0.026413,-0.008052,1.014369,0.700000,0.210000,-0.280000
47598,,,,,,,,,,,,,0.000393,-0.176703,0.073867,-0.054876,,,,,,,,,,,,
47596,,,,,,,,,,,,,,,,,,,,-0.057245,-1.101375,2.339667,,,,,,
47603,,,,,,,,,,,,,,,,,,,,-0.057247,-1.101375,2.339667,,,,,,
47606,,,,,,,,,,,,,,,,,,,,,,,-0.026413,-0.008052,1.014369,0.770000,0.280000,-0.910000
47607,,,,,,,,,,,,,0.000331,-0.148678,0.074421,-0.055218,,,,,,,,,,,,
47616,,,,,,,,,,,,,,,,,,,,,,,-0.027389,-0.007320,1.016016,0.700000,0.700000,-0.770000
47614,,,,,,,,,,,,,,,,,,,,-0.057252,-1.101373,2.339667,,,,,,
47617,,,,,,,,,,,,,0.000279,-0.125098,0.074974,-0.055521,,,,,,,,,,,,
47626,,,,,,,,,,,,,,,,,,,,,,,-0.027389,-0.007320,1.016016,0.770000,0.070000,-0.840000
47624,,,,,,,,,,,,,,,,,,,,-0.057256,-1.101366,2.339667,,,,,,
47627,,,,,,,,,,,,,0.000234,-0.105257,0.075528,-0.055790,,,,,,,,,,,,
47630,,,,0.000366,-1.049936,1.598095,0.057040,-0.110067,,,,,,,,,,,,,,,,,,,,
47631,,,,,,,,,,,3.331957,0.180722,,,,,-0.003102,-0.077173,-0.741572,,,,,,,,,
47637,,,,,,,,,,,,,0.000197,-0.088564,0.081860,-0.049503,,,,,,,-0.031964,-0.007625,1.017236,0.700000,0.420000,-0.280000
47635,,,,,,,,,,,,,,,,,,,,-0.057265,-1.101364,2.339667,,,,,,
47649,,,,,,,,,,,,,0.000166,-0.074517,0.082526,-0.049592,,,,,,,,,,,,
47645,,,,,,,,,,,,,,,,,,,,-0.057263,-1.101362,2.339667,,,,,,
47652,,,,,,,,,,,,,,,,,,,,,,,-0.031964,-0.007625,1.017236,0.630000,0.070000,-0.420000
47657,,,,,,,,,,,,,0.000140,-0.062699,0.083193,-0.049662,,,,,,,-0.032818,-0.007747,1.017846,0.700000,0.140000,-0.350000
47655,,,,,,,,,,,,,,,,,,,,-0.057262,-1.101361,2.339667,,,,,,
47666,,,,,,,,,,,,,,,,,,,,,,,-0.032818,-0.007747,1.017846,0.700000,0.210000,-0.280000
47667,,,,,,,,,,,,,0.000117,-0.052755,0.083860,-0.049714,,,,,,,,,,,,
47665,,,,,,,,,,,,,,,,,,,,-0.057252,-1.101361,2.339667,,,,,,
47676,,,,,,,,,,,,,,,,,,,,-0.057251,-1.101367,2.339667,-0.029829,-0.008235,1.016260,0.700000,0.280000,-0.420000
47677,,,,,,,,,,,,,0.000099,-0.044388,0.084526,-0.049753,,,,,,,,,,,,
47680,,,,0.000294,-1.047084,1.593826,0.057162,-0.092700,,,,,,,,,,,,,,,,,,,,
47681,,,,,,,,,,,3.883133,0.802968,,,,,-0.000999,-0.079102,-0.745842,,,,,,,,,
47689,,,,,,,,,,,,,0.000083,-0.037348,0.090815,-0.043433,,,,,,,,,,,,
47683,,,,,,,,,,,,,,,,,,,,-0.057257,-1.101367,2.339667,,,,,,
47692,,,,,,,,,,,,,,,,,,,,,,,-0.029829,-0.008235,1.016260,0.630000,0.350000,-0.350000
47694,,,,,,,,,,,,,,,,,,,,-0.057263,-1.101359,2.339667,,,,,,
47697,,,,,,,,,,,,,0.000070,-0.031425,0.091591,-0.043325,,,,,,,-0.030683,-0.007442,1.016382,0.700000,0.140000,-0.420000
47706,,,,,,,,,,,,,,,,,,,,,,,-0.030683,-0.007442,1.016382,0.700000,0.000000,-0.700000
47704,,,,,,,,,,,,,,,,,,,,-0.057258,-1.101353,2.339667,,,,,,
47707,,,,,,,,,,,,,0.000059,-0.026441,0.092368,-0.043209,,,,,,,,,,,,
47716,,,,,,,,,,,,,,,,,,,,,,,-0.027999,-0.007015,1.016443,0.630000,0.000000,-0.980000
47715,,,,,,,,,,,,,,,,,,,,-0.057261,-1.101359,2.339667,,,,,,
47717,,,,,,,,,,,,,0.000050,-0.022247,0.093145,-0.043086,,,,,,,,,,,,
47726,,,,,,,,,,,,,,,,,,,,,,,-0.027999,-0.007015,1.016443,0.700000,0.140000,-1.190000
47725,,,,,,,,,,,,,,,,,,,,-0.057271,-1.101352,2.339667,,,,,,
47727,,,,,,,,,,,,,0.000042,-0.018719,0.093921,-0.042957,,,,,,,,,,,,
47730,,,,0.000234,-1.044251,1.590200,0.056919,-0.078543,,,,,,,,,,,,,,,,,,,,
47731,,,,,,,,,,,4.405047,1.397377,,,,,0.001056,-0.081032,-0.749467,,,,,,,,,
47736,,,,,,,,,,,,,,,,,,,,,,,-0.026291,-0.007991,1.017236,0.700000,0.280000,-2.170000
47737,,,,,,,,,,,,,0.000035,-0.015750,0.100022,-0.036760,,,,,,,,,,,,
47735,,,,,,,,,,,,,,,,,,,,-0.057276,-1.101345,2.339667,,,,,,
47748,,,,,,,,,,,,,0.000030,-0.013252,0.100903,-0.036503,,,,,,,,,,,,
47746,,,,,,,,,,,,,,,,,,,,-0.057283,-1.101340,2.339667,,,,,,
47751,,,,,,,,,,,,,,,,,,,,,,,-0.026291,-0.007991,1.017236,0.700000,-0.280000,-4.760000
47753,,,,,,,,,,,,,,,,,,,,-0.057280,-1.101328,2.339692,,,,,,
47756,,,,,,,,,,,,,,,,,,,,,,,-0.023485,-0.007930,1.018517,0.770000,-1.470000,-6.650000
47757,,,,,,,,,,,,,0.000025,-0.011150,0.101784,-0.036242,,,,,,,,,,,,
47763,,,,,,,,,,,,,,,,,,,,-0.057272,-1.101334,2.336719,,,,,,
47766,,,,,,,,,,,,,,,,,,,,,,,-0.023485,-0.007930,1.018517,0.770000,-2.170000,-12.040000
47767,,,,,,,,,,,,,0.548403,-0.009382,0.097071,-0.035979,,,,,,,,,,,,
47774,,,,,,,,,,,,,,,,,,,,-0.057316,-1.101304,2.336749,,,,,,
47776,,,,,,,,,,,,,,,,,,,,,,,0.006039,-0.010187,1.019737,1.260000,-1.960000,-19.040001
47777,,,,,,,,,,,,,0.461426,-0.007894,0.098730,-0.035712,,,,,,,,,,,,
47780,,,,0.000184,-1.041455,1.587109,0.056348,-0.066852,,,,,,,,,,,,,,,,,,,,
47781,,,,,,,,,,,4.956058,2.031471,,,,,0.003259,-0.082931,-0.749885,,,,,,,,,
47784,,,,,,,,,,,,,,,,,,,,-0.057461,-1.101234,2.330773,,,,,,
47787,,,,,,,,,,,,,0.919039,-0.006642,0.100471,-0.028976,,,,,,,0.006039,-0.005185,1.012112,0.980000,1.820000,-19.110001
47796,,,,,,,,,,,,,,,,,,,,,,,0.018910,-0.005185,1.012112,1.190000,1.120000,-26.950001
47794,,,,,,,,,,,,,,,,,,,,-0.057608,-1.101114,2.327760,,,,,,
47797,,,,,,,,,,,,,1.337164,-0.005588,0.097014,-0.028580,,,,,,,,,,,,
47808,,,,,,,,,,,,,1.604990,-0.004702,0.095006,-0.028181,,,,,,,,,,,,
47805,,,,,,,,,,,,,,,,,,,,-0.057819,-1.100986,2.324763,,,,,,
47812,,,,,,,,,,,,,,,,,,,,,,,0.013115,-0.017385,1.021079,1.330000,1.960000,-34.790001
47817,,,,,,,,,,,,,,,,,,,,,,,0.013115,-0.017385,1.021079,1.960000,9.240000,-31.570000
47818,,,,,,,,,,,,,1.941562,-0.003956,0.092243,-0.027782,,,,,,,,,,,,
47815,,,,,,,,,,,,,,,,,,,,-0.058030,-1.100795,2.318728,,,,,,
47826,,,,,,,,,,,,,,,,,,,,,,,-0.013725,-0.001647,1.007232,0.980000,5.670000,-30.240000
47827,,,,,,,,,,,,,1.633630,-0.003329,0.095987,-0.027381,,,,,,,,,,,,
47825,,,,,,,,,,,,,,,,,,,,-0.058341,-1.100488,2.312613,,,,,,
47830,,,,0.000143,-1.038708,1.584465,0.055485,-0.057089,,,,,,,,,,,,,,,,,,,,
47831,,,,,,,,,,,5.692285,2.913453,,,,,0.006090,-0.084836,-0.727377,,,,,,,,,
47833,,,,,,,,,,,,,,,,,,,,-0.058678,-1.100208,2.303509,,,,,,
47837,,,,,,,,,,,,,2.427608,-0.002801,0.096062,-0.017983,,,,,,,-0.013725,-0.001647,1.007232,1.540000,-0.630000,-36.189999
47849,,,,,,,,,,,,,2.511901,-0.002357,0.095855,-0.017404,,,,,,,,,,,,
47846,,,,,,,,,,,,,,,,,,,,-0.058916,-1.099979,2.297444,,,,,,
47852,,,,,,,,,,,,,,,,,,,,,,,-0.033123,-0.023546,1.031937,1.820000,-6.090000,-46.130001
47853,,,,,,,,,,,,,,,,,,,,-0.059040,-1.099809,2.288332,,,,,,
47857,,,,,,,,,,,,,2.765115,-0.001983,0.093909,-0.016825,,,,,,,-0.033123,-0.023546,1.031937,1.610000,-12.390000,-44.240002
47864,,,,,,,,,,,,,,,,,,,,-0.059135,-1.099698,2.282279,,,,,,
47866,,,,,,,,,,,,,,,,,,,,,,,-0.012505,0.002379,1.018578,1.820000,-2.100000,-44.660000
47867,,,,,,,,,,,,,2.904393,-0.001668,0.093073,-0.016245,,,,,,,,,,,,
47876,,,,,,,,,,,,,,,,,,,,,,,-0.012505,0.002379,1.018578,1.330000,10.850000,-41.720001
47874,,,,,,,,,,,,,,,,,,,,-0.059303,-1.099486,2.273103,,,,,,
47877,,,,,,,,,,,,,2.989609,-0.001404,0.092762,-0.015665,,,,,,,,,,,,
47880,,,,0.000110,-1.036023,1.582202,0.054363,-0.048859,,,,,,,,,,,,,,,,,,,,
47881,,,,,,,,,,,6.733095,4.138795,,,,,0.010021,-0.086347,-0.691404,,,,,,,,,
47884,,,,,,,,,,,,,,,,,,,,-0.059650,-1.099180,2.266999,,,,,,
47887,,,,,,,,,,,,,3.559043,-0.001181,0.098110,-0.002586,,,,,,,-0.003599,-0.012139,0.998387,1.190000,10.710000,-38.220001
47896,,,,,,,,,,,,,,,,,,,,,,,-0.003599,-0.012139,0.998387,2.310000,3.640000,-40.459999
47895,,,,,,,,,,,,,,,,,,,,-0.059931,-1.098814,2.260854,,,,,,
47897,,,,,,,,,,,,,3.573141,-0.000994,0.098601,-0.001760,,,,,,,,,,,,
47909,,,,,,,,,,,,,3.896799,-0.000836,0.095932,-0.000933,,,,,,,,,,,,
47905,,,,,,,,,,,,,,,,,,,,-0.060141,-1.098558,2.254729,,,,,,
47911,,,,,,,,,,,,,,,,,,,,,,,-0.040626,-0.010309,1.035963,2.660000,-6.440000,-54.250000
47917,,,,,,,,,,,,,3.983859,-0.000704,0.095611,-0.000107,,,,,,,-0.040626,-0.010309,1.035963,2.800000,-10.990000,-57.330002
47915,,,,,,,,,,,,,,,,,,,,-0.060388,-1.098311,2.245553,,,,,,
47926,,,,,,,,,,,,,,,,,,,,-0.060586,-1.098088,2.236373,-0.008052,-0.012383,1.017114,1.820000,-10.430000,-53.410000
47927,,,,,,,,,,,,,3.902507,-0.000592,0.096991,0.000720,,,,,,,,,,,,
47930,,,,0.000082,-1.033410,1.580262,0.053015,-0.041866,,,,,,,,,,,,,,,,,,,,
47931,,,,,,,,,,,7.641479,5.238487,,,,,0.013546,-0.087615,-0.653722,,,,,,,,,
47937,,,,,,,,,,,,,4.368532,-0.000498,0.102069,0.012764,,,,,,,-0.008052,-0.012383,1.017114,1.470000,0.350000,-55.090000
47936,,,,,,,,,,,,,,,,,,,,-0.060849,-1.097842,2.227159,,,,,,
47943,,,,,,,,,,,,,,,,,,,,-0.061192,-1.097509,2.214826,,,,,,
47946,,,,,,,,,,,,,,,,,,,,,,,-0.007747,-0.009882,1.009794,1.120000,-0.350000,-55.930000
47947,,,,,,,,,,,,,4.783040,-0.000419,0.098496,0.013811,,,,,,,,,,,,
47953,,,,,,,,,,,,,,,,,,,,-0.061472,-1.097141,2.205498,,,,,,
47956,,,,,,,,,,,,,,,,,,,,,,,-0.007747,-0.009882,1.009794,1.890000,0.560000,-60.480000
47957,,,,,,,,,,,,,4.572776,-0.000353,0.101212,0.014858,,,,,,,,,,,,
47968,,,,,,,,,,,,,4.801951,-0.000297,0.099488,0.015905,,,,,,,,,,,,
47967,,,,,,,,,,,,,,,,,,,,-0.061761,-1.096764,2.196160,,,,,,
47971,,,,,,,,,,,,,,,,,,,,,,,-0.002013,-0.007442,1.019981,0.420000,8.330000,-63.279999
47974,,,,,,,,,,,,,,,,,,,,-0.062066,-1.096299,2.186843,,,,,,
47977,,,,,,,,,,,,,5.320585,-0.000250,0.094766,0.016953,,,,,,,-0.002013,-0.007442,1.013027,0.350000,2.730000,-64.050003
47980,,,,0.000061,-1.030879,1.578599,0.051471,-0.035885,,,,,,,,,,,,,,,,,,,,
47981,,,,,,,,,,,8.683002,6.497206,,,,,0.017590,-0.088467,-0.606674,,,,,,,,,
47984,,,,,,,,,,,,,,,,,,,,-0.062373,-1.095907,2.177461,,,,,,
47987,,,,,,,,,,,,,5.527069,-0.000210,0.103748,0.030839,,,,,,,-0.005185,-0.014945,1.013027,1.120000,-3.500000,-70.209999
47996,,,,,,,,,,,,,,,,,,,,,,,-0.005185,-0.014945,1.021750,2.240000,-1.260000,-71.610001
47994,,,,,,,,,,,,,,,,,,,,-0.062751,-1.095529,2.161841,,,,,,
47997,,,,,,,,,,,,,5.803679,-0.000177,0.101557,0.032138,,,,,,,,,,,,
48006,,,,,,,,,,,,,,,,,,,,,,,-0.022875,-0.014274,1.021750,1.680000,-3.290000,-73.989998
48005,,,,,,,,,,,,,,,,,,,,-0.063092,-1.095043,2.146106,,,,,,
48007,,,,,,,,,,,,,5.969911,-0.000149,0.100438,0.033437,,,,,,,,,,,,
48016,,,,,,,,,,,,,,,,,,,,,,,0.000366,-0.014640,1.016138,1.330000,-0.770000,-77.910004
48015,,,,,,,,,,,,,,,,,,,,-0.063503,-1.094630,2.133466,,,,,,
48017,,,,,,,,,,,,,6.099680,-0.000125,0.099657,0.034736,,,,,,,,,,,,
48029,,,,,,,,,,,,,6.534768,-0.000105,0.095735,0.036036,,,,,,,,,,,,
48031,,,,0.000043,-1.028436,1.577176,0.049759,-0.030741,,,9.849093,7.891317,,,,,0.022141,-0.089012,-0.555130,,,,,,,,,
48025,,,,,,,,,,,,,,,,,,,,-0.063887,-1.094188,2.120819,,,,,,
48034,,,,,,,,,,,,,,,,,,,,,,,0.000366,-0.014640,1.016138,-0.420000,0.700000,-77.070000
48037,,,,,,,,,,,,,6.854794,-0.000089,0.104795,0.051555,,,,,,,,,,,,
48036,,,,,,,,,,,,,,,,,,,,-0.064185,-1.093713,2.108140,,,,,,
48039,,,,,,,,,,,,,,,,,,,,,,,-0.018544,-0.010614,1.016504,-0.280000,4.480000,-79.940002
48046,,,,,,,,,,,,,,,,,,,,-0.064569,-1.093119,2.095311,-0.018544,-0.010614,1.016504,1.400000,2.030000,-84.910004
48047,,,,,,,,,,,,,6.868711,0.550470,0.105252,0.047517,,,,,,,,,,,,
48053,,,,,,,,,,,,,,,,,,,,-0.064974,-1.092518,2.076061,,,,,,
48056,,,,,,,,,,,,,,,,,,,,,,,0.009699,-0.018849,1.009062,0.280000,4.480000,-83.089996
48057,,,,,,,,,,,,,6.877976,0.463165,0.105753,0.049876,,,,,,,,,,,,
48069,,,,,,,,,,,,,7.557569,0.389707,0.099416,0.052111,,,,,,,,,,,,
48064,,,,,,,,,,,,,,,,,,,,-0.065339,-1.092028,2.063207,,,,,,
48071,,,,,,,,,,,,,,,,,,,,,,,0.009699,-0.018849,1.009062,0.280000,-1.260000,-91.209999
48074,,,,,,,,,,,,,,,,,,,,-0.065684,-1.091469,2.047095,,,,,,
48077,,,,,,,,,,,,,7.764754,0.327899,0.097761,0.054242,,,,,,,-0.010858,-0.019093,1.025105,2.170000,-0.980000,-94.779999
48080,,,,0.000030,-1.026090,1.575959,0.047906,-0.026298,,,,,,,,,,,,,,,,,,,,
48081,,,,,,,,,,,11.340611,9.690949,,,,,0.027911,-0.088391,-0.472769,,,,,,,,,
48084,,,,,,,,,,,,,,,,,,,,-0.066139,-1.090834,2.030867,,,,,,
48087,,,,,,,,,,,,,7.607419,0.275895,0.114996,0.074641,,,,,,,-0.010858,-0.019093,1.025105,3.220000,0.980000,-93.589996
48096,,,,,,,,,,,,,,,,,,,,,,,-0.015616,-0.025925,1.020591,2.800000,0.840000,-96.809998
48094,,,,,,,,,,,,,,,,,,,,-0.066517,-1.090116,2.014534,,,,,,
48097,,,,,,,,,,,,,8.104709,0.232138,0.110670,0.076971,,,,,,,,,,,,
48106,,,,,,,,,,,,,,,,,,,,,,,-0.015616,-0.025925,1.020591,3.220000,-1.890000,-100.660004
48107,,,,,,,,,,,,,8.458668,0.195321,0.107707,0.079238,,,,,,,,,,,,
48105,,,,,,,,,,,,,,,,,,,,-0.066829,-1.089482,2.001441,,,,,,
48116,,,,,,,,,,,,,,,,,,,,,,,-0.008906,-0.020313,1.027423,4.270000,-0.350000,-103.459999
48117,,,,,,,,,,,,,8.768086,0.714664,0.105127,0.075840,,,,,,,,,,,,
48115,,,,,,,,,,,,,,,,,,,,-0.067160,-1.088774,1.981649,,,,,,
48129,,,,,,,,,,,,,8.744864,0.601318,0.105879,0.078791,,,,,,,,,,,,
48131,,,,0.000019,-1.023844,1.574923,0.045939,-0.022450,,,,,,,,,,,,,,,,,,,,
48132,,,,,,,,,,,12.569289,11.183616,,,,,0.032841,-0.087416,-0.404124,,,,,,,,,
48125,,,,,,,,,,,,,,,,,,,,-0.067489,-1.088087,1.965020,,,,,,
48134,,,,,,,,,,,,,,,,,,,,-0.067986,-1.087363,1.944986,-0.008906,-0.020313,1.027423,2.730000,-7.490000,-102.129997
48137,,,,,,,,,,,,,9.412549,0.505949,0.112120,0.096807,,,,,,,,,,,,
48139,,,,,,,,,,,,,,,,,,,,,,,-0.001769,-0.022021,1.013820,0.000000,-3.500000,-106.610001
48146,,,,,,,,,,,,,,,,,,,,,,,-0.001769,-0.022021,1.013820,1.050000,4.200000,-104.300003
48144,,,,,,,,,,,,,,,,,,,,-0.068368,-1.086555,1.928210,,,,,,
48147,,,,,,,,,,,,,9.568017,0.425706,0.111166,0.099761,,,,,,,,,,,,
48156,,,,,,,,,,,,,,,,,,,,,,,0.017934,-0.015616,1.009672,1.120000,-7.000000,-101.779999
48154,,,,,,,,,,,,,,,,,,,,-0.068732,-1.085736,1.907965,,,,,,
48157,,,,,,,,,,,,,9.694184,0.906074,0.110479,0.097013,,,,,,,,,,,,
48166,,,,,,,,,,,,,,,,,,,,,,,0.017934,-0.015616,1.009672,3.360000,-2.450000,-75.320000
48165,,,,,,,,,,,,,,,,,,,,-0.069113,-1.084795,1.894369,,,,,,
48167,,,,,,,,,,,,,9.777511,1.302645,0.110204,0.095023,,,,,,,,,,,,
48176,,,,,,,,,,,,,,,,,,,,,,,0.069052,-0.015189,1.023214,2.450000,5.180000,-68.320000
48177,,,,,,,,,,,,,9.888171,1.649837,0.109634,0.093458,,,,,,,,,,,,
48175,,,,,,,,,,,,,,,,,,,,-0.069422,-1.083790,1.880677,,,,,,
48180,,,,0.000012,-1.021703,1.574042,0.043878,-0.019110,,,,,,,,,,,,,,,,,,,,
48181,,,,,,,,,,,13.748903,12.686772,,,,,0.037709,-0.085138,-0.309365,,,,,,,,,
48188,,,,,,,,,,,,,9.816726,2.386053,0.122931,0.103188,,,,,,,,,,,,
48186,,,,,,,,,,,,,,,,,,,,-0.069759,-1.082674,1.870326,,,,,,
48192,,,,,,,,,,,,,,,,,,,,,,,0.069052,-0.015189,1.018700,1.260000,4.130000,-76.580002
48197,,,,,,,,,,,,,,,,,,,,,,,0.019093,-0.015128,1.018700,1.470000,0.000000,-72.379997
48198,,,,,,,,,,,,,10.421965,2.548168,0.117544,0.103594,,,,,,,,,,,,
48196,,,,,,,,,,,,,,,,,,,,-0.070295,-1.081429,1.856594,,,,,,
48203,,,,,,,,,,,,,,,,,,,,-0.070744,-1.080234,1.842739,,,,,,
48206,,,,,,,,,,,,,,,,,,,,,,,0.019093,-0.015128,1.037183,0.210000,-14.070000,-69.510002
48207,,,,,,,,,,,,,10.614740,3.374495,0.116243,0.097193,,,,,,,,,,,,
48216,,,,,,,,,,,,,,,,,,,,,,,0.029341,-0.030744,1.037183,0.770000,0.140000,-67.269997
48217,,,,,,,,,,,,,11.117723,3.385920,0.111739,0.098939,,,,-0.071165,-1.079118,1.835824,,,,,,
48229,,,,,,,,,,,,,11.237054,3.790215,0.111048,0.096676,,,,,,,,,,,,
48224,,,,,,,,,,,,,,,,,,,,-0.071537,-1.077672,1.821790,,,,,,
48231,,,,0.000006,-1.019670,1.573296,0.041747,-0.016207,,,,,,,,,,,,,,,,,,,,
48232,,,,,,,,,,,13.688406,12.838174,,,,,0.038172,-0.083777,-0.250891,,,,,,,,,
48234,,,,,,,,,,,,,,,,,,,,-0.071965,-1.076293,1.807736,0.029341,-0.012200,0.988871,0.140000,6.650000,-65.309998
48237,,,,,,,,,,,,,11.420242,4.499344,0.109065,0.092766,,,,,,,,,,,,
48239,,,,,,,,,,,,,,,,,,,,,,,0.022997,-0.012200,0.988871,1.610000,-6.510000,-68.879997
48246,,,,,,,,,,,,,,,,,,,,,,,-0.004026,-0.032635,1.045601,2.590000,-7.420000,-73.989998
48245,,,,,,,,,,,,,,,,,,,,-0.072331,-1.074929,1.797169,,,,,,
48247,,,,,,,,,,,,,11.806945,4.335237,0.105574,0.096108,,,,,,,,,,,,
48256,,,,,,,,,,,,,,,,,,,,,,,-0.004026,-0.032635,1.045601,1.260000,-4.620000,-60.970001
48257,,,,,,,,,,,,,11.567012,4.736101,0.108398,0.093720,,,,,,,,,,,,
48255,,,,,,,,,,,,,,,,,,,,-0.072696,-1.073554,1.786560,,,,,,
48266,,,,,,,,,,,,,,,,,,,,,,,-0.009333,-0.019581,0.998509,0.910000,2.870000,-66.150002
48267,,,,,,,,,,,,,11.927999,5.082713,0.105140,0.091805,,,,,,,,,,,,
48265,,,,,,,,,,,,,,,,,,,,-0.073039,-1.071989,1.772303,,,,,,
48276,,,,,,,,,,,,,,,,,,,,-0.073356,-1.070443,1.761539,-0.009333,-0.019581,0.998509,1.960000,-1.540000,-60.619999
48277,,,,,,,,,,,,,12.231292,5.374132,0.102399,0.090383,,,,,,,,,,,,
48280,,,,0.000002,-1.017747,1.572667,0.039565,-0.013685,,,,,,,,,,,,,,,,,,,,
48281,,,,,,,,,,,13.375410,12.732524,,,,,0.037778,-0.081992,-0.188602,,,,,,,,,
48283,,,,,,,,,,,,,,,,,,,,-0.073686,-1.068983,1.750792,,,,,,
48290,,,,,,,,,,,,,12.449039,5.816373,0.097276,0.086287,,,,,,,,,,,,
48293,,,,,,,,,,,,,,,,,,,,,,,0.001098,-0.024888,1.025837,0.560000,-0.840000,-69.089996
48297,,,,,,,,,,,,,11.974739,5.643955,0.102300,0.089429,,,,,,,,,,,,
48298,,,,,,,,,,,,,,,,,,,,,,,0.001098,-0.024888,1.025837,-1.050000,0.560000,-58.310001
48296,,,,,,,,,,,,,,,,,,,,-0.074071,-1.067403,1.739957,,,,,,
48306,,,,,,,,,,,,,,,,,,,,,,,-0.001159,-0.019703,1.015223,-0.490000,10.570000,-65.870003
48304,,,,,,,,,,,,,,,,,,,,-0.074344,-1.065834,1.729047,,,,,,
48307,,,,,,,,,,,,,12.269292,6.394134,0.099575,0.083195,,,,,,,,,,,,
48316,,,,,,,,,,,,,,,,,,,,,,,-0.001159,-0.019703,1.015223,-0.140000,-0.630000,-54.180000
48314,,,,,,,,,,,,,,,,,,,,-0.074654,-1.064156,1.718107,,,,,,
48317,,,,,,,,,,,,,12.511839,5.927138,0.097323,0.089226,,,,,,,,,,,,
48326,,,,,,,,,,,,,,,,,,,,,,,-0.011285,-0.024217,1.022787,0.980000,0.700000,-61.669998
48324,,,,,,,,,,,,,,,,,,,,-0.074895,-1.062483,1.707110,,,,,,
48327,,,,,,,,,,,,,12.715698,6.628273,0.095416,0.083436,,,,,,,,,,,,
48330,,,,-0.000001,-1.015936,1.572142,0.037348,-0.011496,,,,,,,,,,,,,,,,,,,,
48331,,,,,,,,,,,12.763801,12.299850,,,,,0.036329,-0.080357,-0.131259,,,,,,,,,
48337,,,,,,,,,,,,,12.778984,6.617026,0.088664,0.080358,,,,,,,-0.011285,-0.024217,1.022787,1.540000,-9.660000,-65.870003
48334,,,,,,,,,,,,,,,,,,,,-0.075199,-1.060903,1.696070,,,,,,
48348,,,,,,,,,,,,,,,0.089031,0.076972,,,,,,,,,,,,
48349,,,,,,,,,,,,,12.742707,7.060419,,,,,,,,,,,,,,
48345,,,,,,,,,,,,,,,,,,,,-0.075507,-1.059303,1.684975,,,,,,
48352,,,,,,,,,,,,,,,,,,,,,,,-0.042944,-0.024217,1.029497,0.980000,0.000000,-55.369999
48357,,,,,,,,,,,,,12.620399,6.573531,0.090283,0.082986,,,,,,,-0.042944,-0.024217,1.029497,1.750000,-7.560000,-54.950001
48355,,,,,,,,,,,,,,,,,,,,-0.075685,-1.057785,1.677537,,,,,,
48366,,,,,,,,,,,,,,,,,,,,,,,-0.054351,-0.029402,1.009123,2.380000,10.500000,-54.459999
48367,,,,,,,,,,,,,12.296040,6.649127,0.093620,0.083360,,,,,,,,,,,,
48365,,,,,,,,,,,,,,,,,,,,-0.075810,-1.056136,1.666349,,,,,,
48376,,,,,,,,,,,,,,,,,,,,-0.076006,-1.054548,1.658859,-0.054351,-0.029402,1.009123,-0.490000,-2.310000,-49.349998
48377,,,,,,,,,,,,,12.532148,6.687705,0.091305,0.084097,,,,,,,,,,,,
48380,,,,-0.000003,-1.014236,1.571703,0.035114,-0.009599,,,,,,,,,,,,,,,,,,,,
48381,,,,,,,,,,,11.864381,11.536926,,,,,0.033828,-0.079164,-0.085413,,,,,,,,,
48389,,,,,,,,,,,,,12.379881,7.003533,0.083730,0.074216,,,,,,,,,,,,
48386,,,,,,,,,,,,,,,,,,,,-0.076190,-1.052967,1.647574,,,,,,
48392,,,,,,,,,,,,,,,,,,,,,,,-0.042517,-0.011895,1.009611,-0.700000,-8.960000,-53.410000
48393,,,,,,,,,,,,,,,,,,,,-0.076313,-1.051526,1.640010,,,,,,
48397,,,,,,,,,,,,,12.453121,6.571669,0.082880,0.079528,,,,,,,,,,,,
48398,,,,,,,,,,,,,,,,,,,,,,,-0.042517,-0.017385,1.006988,-3.010000,-5.810000,-47.110001
48403,,,,,,,,,,,,,,,,,,,,-0.076452,-1.050045,1.632447,,,,,,
48406,,,,,,,,,,,,,,,,,,,,,,,-0.029036,-0.017385,1.006988,-2.310000,3.500000,-55.090000
48407,,,,,,,,,,,,,12.119728,7.171075,0.086163,0.074407,,,,,,,,,,,,
48416,,,,,,,,,,,,,,,,,,,,,,,-0.029036,-0.017385,1.026630,2.240000,3.780000,-46.900002
48417,,,,,,,,,,,,,12.370278,6.576927,0.083556,0.081340,,,,-0.076546,-1.048418,1.620999,,,,,,
48426,,,,,,,,,,,,,,,,,,,,,,,-0.055022,-0.035807,1.026630,3.010000,3.220000,-47.740002
48424,,,,,,,,,,,,,,,,,,,,-0.076588,-1.046936,1.617174,,,,,,
48427,,,,,,,,,,,,,12.063497,6.637257,0.086584,0.081717,,,,,,,,,,,,
48430,,,,-0.000004,-1.012648,1.571342,0.032878,-0.007961,,,,,,,,,,,,,,,,,,,,
48431,,,,,,,,,,,10.715642,10.490492,,,,,0.030402,-0.078197,-0.049184,,,,,,,,,
48437,,,,,,,,,,,,,11.778968,7.213330,0.077730,0.066147,,,,,,,-0.031964,-0.018117,1.013515,2.730000,-6.650000,-37.099998
48434,,,,,,,,,,,,,,,,,,,,-0.076757,-1.045409,1.609431,,,,,,
48449,,,,,,,,,,,,,11.766955,6.997362,0.077639,0.069006,,,,,,,,,,,,
48445,,,,,,,,,,,,,,,,,,,,-0.076861,-1.043861,1.601809,,,,,,
48452,,,,,,,,,,,,,,,,,,,,,,,-0.031964,-0.018117,1.013515,1.820000,7.420000,-37.660000
48457,,,,,,,,,,,,,,,,,,,,,,,-0.052948,-0.014640,1.018395,0.490000,-2.030000,-34.860001
48458,,,,,,,,,,,,,11.139298,6.506871,0.083831,0.074707,,,,,,,,,,,,
48455,,,,,,,,,,,,,,,,,,,,-0.076952,-1.042399,1.597978,,,,,,
48466,,,,,,,,,,,,,,,,,,,,-0.076975,-1.040978,1.590258,-0.052948,-0.014640,1.018395,-0.350000,0.980000,-35.980000
48467,,,,,,,,,,,,,11.149061,7.251337,0.083647,0.067911,,,,,,,,,,,,
48473,,,,,,,,,,,,,,,,,,,,-0.077001,-1.039590,1.582471,,,,,,
48476,,,,,,,,,,,,,,,,,,,,,,,-0.072224,-0.016653,1.020103,0.910000,-5.530000,-40.180000
48477,,,,,,,,,,,,,11.027290,7.198922,0.084802,0.069093,,,,,,,,,,,,
48480,,,,-0.000005,-1.011171,1.571044,0.030652,-0.006551,,,,,,,,,,,,,,,,,,,,
48481,,,,,,,,,,,9.606610,9.463510,,,,,0.027092,-0.077486,-0.017376,,,,,,,,,
48483,,,,,,,,,,,,,,,,,,,,-0.077094,-1.038316,1.574611,,,,,,
48487,,,,,,,,,,,,,10.855680,6.582945,0.075178,0.065559,,,,,,,-0.072224,-0.016653,1.020103,-0.140000,-3.290000,-33.740002
48493,,,,,,,,,,,,,,,,,,,,-0.077151,-1.037021,1.570831,,,,,,
48496,,,,,,,,,,,,,,,,,,,,,,,-0.033794,-0.016897,0.999424,-0.210000,-1.470000,-35.840000
48497,,,,,,,,,,,,,10.845291,6.679772,0.075035,0.065148,,,,,,,,,,,,
48509,,,,,,,,,,,,,10.541955,6.564845,0.077881,0.066877,,,,,,,,,,,,
48504,,,,,,,,,,,,,,,,,,,,-0.077145,-1.035704,1.563078,,,,,,
48512,,,,,,,,,,,,,,,,,,,,,,,-0.033794,-0.016897,0.999424,-1.120000,6.720000,-42.000000
48514,,,,,,,,,,,,,,,,,,,,-0.077206,-1.034355,1.555295,,,,,,
48517,,,,,,,,,,,,,,,,,,,,,,,-0.064477,-0.012749,1.015650,0.070000,7.630000,-41.020000
48518,,,,,,,,,,,,,10.669944,6.723622,0.076388,0.065837,,,,,,,,,,,,
48526,,,,,,,,,,,,,,,,,,,,,,,-0.064477,-0.012749,1.015650,-0.560000,4.690000,-37.730000
48525,,,,,,,,,,,,,,,,,,,,-0.077174,-1.032959,1.551504,,,,,,
48527,,,,,,,,,,,,,10.154317,6.245569,0.081435,0.071261,,,,,,,,,,,,
48530,,,,-0.000005,-1.009803,1.570805,0.028448,-0.005345,,,,,,,,,,,,,,,,,,,,
48531,,,,,,,,,,,8.814390,8.756954,,,,,0.024918,-0.076618,0.021997,,,,,,,,,
48537,,,,,,,,,,,,,10.171449,6.340092,0.073070,0.063733,,,,,,,-0.049593,-0.025559,1.021445,0.560000,0.140000,-42.000000
48535,,,,,,,,,,,,,,,,,,,,-0.077087,-1.031795,1.543675,,,,,,
48549,,,,,,,,,,,,,9.962683,5.802695,0.074928,0.069698,,,,,,,,,,,,
48545,,,,,,,,,,,,,,,,,,,,-0.077054,-1.030454,1.535929,,,,,,
48552,,,,,,,,,,,,,,,,,,,,,,,-0.049593,-0.025559,1.021445,0.280000,-2.800000,-36.820000
48557,,,,,,,,,,,,,9.697287,6.197074,0.077405,0.066266,,,,,,,-0.049044,-0.015982,1.013088,-0.140000,-1.120000,-37.310001
48556,,,,,,,,,,,,,,,,,,,,-0.077100,-1.029385,1.532086,,,,,,
48563,,,,,,,,,,,,,,,,,,,,-0.077088,-1.028111,1.524493,,,,,,
48566,,,,,,,,,,,,,,,,,,,,,,,-0.049044,-0.015982,1.013088,0.140000,2.520000,-42.910000
48567,,,,,,,,,,,,,9.829674,5.771010,0.075879,0.071124,,,,,,,,,,,,
48576,,,,,,,,,,,,,,,,,,,,,,,-0.044957,-0.013847,1.021018,-1.540000,-2.590000,-36.119999
48573,,,,,,,,,,,,,,,,,,,,-0.077088,-1.027006,1.520597,,,,,,
48577,,,,,,,,,,,,,9.366237,5.951277,0.080403,0.069883,,,,,,,,,,,,
48580,,,,-0.000005,-1.008542,1.570610,0.026277,-0.004318,,,,,,,,,,,,,,,,,,,,
48581,,,,,,,,,,,7.967942,7.965744,,,,,0.022495,-0.076034,0.050408,,,,,,,,,
48584,,,,,,,,,,,,,,,,,,,,-0.076957,-1.025845,1.509171,,,,,,
48587,,,,,,,,,,,,,9.453816,6.056115,0.070765,0.061304,,,,,,,-0.044957,-0.013847,1.021018,0.070000,4.480000,-38.849998
48596,,,,,,,,,,,,,,,,,,,,,,,-0.055266,-0.020008,1.021689,-0.210000,-2.870000,-32.340000
48594,,,,,,,,,,,,,,,,,,,,-0.076840,-1.024710,1.505347,,,,,,
48597,,,,,,,,,,,,,9.102418,5.095614,0.074052,0.071483,,,,,,,,,,,,
48608,,,,,,,,,,,,,9.117241,5.259761,0.073674,0.070383,,,,,,,,,,,,
48604,,,,,,,,,,,,,,,,,,,,-0.076773,-1.023677,1.497752,,,,,,
48611,,,,,,,,,,,,,,,,,,,,,,,-0.055266,-0.020008,1.021689,-1.050000,0.840000,-37.730000
48616,,,,,,,,,,,,,,,,,,,,,,,-0.065636,-0.016165,1.017236,-0.350000,9.730000,-39.900002
48615,,,,,,,,,,,,,,,,,,,,-0.076776,-1.022603,1.490229,,,,,,
48617,,,,,,,,,,,,,8.889054,5.643371,0.075772,0.067011,,,,,,,,,,,,
48626,,,,,,,,,,,,,,,,,,,,,,,-0.065636,-0.016165,1.011563,-1.960000,-2.100000,-34.720001
48625,,,,,,,,,,,,,,,,,,,,-0.076765,-1.021465,1.486487,,,,,,
48627,,,,,,,,,,,,,8.584023,4.748332,0.078699,0.076605,,,,,,,,,,,,
48631,,,,-0.000005,-1.007387,1.570457,0.024149,-0.003451,,,7.275906,7.328170,,,,,0.020615,-0.075294,0.083926,,,,,,,,,
48637,,,,,,,,,,,,,8.814363,5.056423,0.069167,0.067603,,,,,,,-0.047397,-0.018117,1.011563,-1.260000,-4.130000,-39.130001
48635,,,,,,,,,,,,,,,,,,,,-0.076685,-1.020577,1.478960,,,,,,
48646,,,,,,,,,,,,,,,,,,,,,,,-0.047397,-0.014701,1.020896,-1.750000,-7.980000,-35.279999
48647,,,,,,,,,,,,,8.566320,4.829432,0.071390,0.070373,,,,,,,,,,,,
48645,,,,,,,,,,,,,,,,,,,,-0.076602,-1.019524,1.471530,,,,,,
48656,,,,,,,,,,,,,,,,,,,,-0.076582,-1.018690,1.467773,-0.030195,-0.014701,1.020896,-0.280000,-0.770000,-31.850000
48657,,,,,,,,,,,,,8.304023,4.611645,0.073807,0.073094,,,,,,,,,,,,
48668,,,,,,,,,,,,,7.938670,4.831903,0.077328,0.071390,,,,,,,,,,,,
48666,,,,,,,,,,,,,,,,,,,,-0.076516,-1.017610,1.460334,,,,,,
48671,,,,,,,,,,,,,,,,,,,,,,,-0.063440,-0.020008,0.999485,-0.350000,11.970000,-35.700001
48677,,,,,,,,,,,,,7.966020,4.708775,0.076917,0.073146,,,,,,,-0.063440,-0.020008,0.999485,0.420000,16.590000,-41.230000
48676,,,,,,,,,,,,,,,,,,,,-0.076555,-1.016484,1.456668,,,,,,
48680,,,,-0.000004,-1.006334,1.570336,0.022072,-0.002725,,,,,,,,,,,,,,,,,,,,
48681,,,,,,,,,,,6.552319,6.640385,,,,,0.018579,-0.074925,0.111161,,,,,,,,,
48683,,,,,,,,,,,,,,,,,,,,-0.076488,-1.015498,1.449273,,,,,,
48687,,,,,,,,,,,,,,,,,,,,,,,-0.033611,-0.020435,1.040111,0.280000,-3.640000,-20.580000
48688,,,,,,,,,,,,,7.721875,4.471596,0.071888,0.069073,,,,,,,,,,,,
48694,,,,,,,,,,,,,,,,,,,,-0.076349,-1.014676,1.441855,,,,,,
48696,,,,,,,,,,,,,,,,,,,,,,,-0.033611,-0.020435,1.040111,2.450000,-4.200000,-28.559999
48697,,,,,,,,,,,,,7.683424,4.355520,0.072046,0.070691,,,,,,,,,,,,
48706,,,,,,,,,,,,,,,,,,,,,,,-0.063196,-0.022387,1.007110,2.800000,-6.860000,-25.620001
48704,,,,,,,,,,,,,,,,,,,,-0.076212,-1.013812,1.441821,,,,,,
48707,,,,,,,,,,,,,7.555554,4.210095,0.073125,0.072631,,,,,,,,,,,,
48716,,,,,,,,,,,,,,,,,,,,,,,-0.063196,-0.022387,1.007110,2.730000,-2.240000,-27.580000
48714,,,,,,,,,,,,,,,,,,,,-0.076152,-1.012880,1.434468,,,,,,
48717,,,,,,,,,,,,,7.453896,4.639027,0.073961,0.068742,,,,,,,,,,,,
48729,,,,,,,,,,,,,7.171927,4.803496,0.076657,0.067465,,,,,,,,,,,,
48731,,,,-0.000004,-1.005380,1.570242,0.020054,-0.002122,,,6.186329,6.300316,,,,,0.017783,-0.074404,0.136450,,,,,,,,,
48725,,,,,,,,,,,,,,,,,,,,-0.075984,-1.012158,1.430771,,,,,,
48734,,,,,,,,,,,,,,,,,,,,,,,-0.032696,-0.016043,1.021201,2.660000,1.750000,-11.970000
48737,,,,,,,,,,,,,7.378180,4.713522,0.070696,0.065281,,,,,,,,,,,,
48735,,,,,,,,,,,,,,,,,,,,-0.075843,-1.011305,1.427096,,,,,,
48740,,,,,,,,,,,,,,,,,,,,,,,-0.032696,-0.016043,1.021201,1.610000,1.330000,-8.890000
48746,,,,,,,,,,,,,,,,,,,,-0.075690,-1.010443,1.427107,-0.025864,-0.010492,1.017175,2.520000,1.330000,1.400000
48747,,,,,,,,,,,,,6.773348,4.531305,0.076627,0.067457,,,,,,,,,,,,
48756,,,,,,,,,,,,,,,,,,,,-0.075508,-1.009616,1.427126,-0.025864,-0.010492,1.017175,0.840000,1.190000,-7.420000
48757,,,,,,,,,,,,,6.799181,4.362683,0.076246,0.069531,,,,,,,,,,,,
48769,,,,,,,,,,,,,6.629462,4.579393,0.077854,0.067708,,,,,,,,,,,,
48763,,,,,,,,,,,,,,,,,,,,-0.075385,-1.008627,1.427144,,,,,,
48771,,,,,,,,,,,,,,,,,,,,,,,-0.051423,-0.013725,1.008025,1.330000,8.680000,-11.060000
48774,,,,,,,,,,,,,,,,,,,,-0.075177,-1.007729,1.423515,,,,,,
48776,,,,,,,,,,,,,,,,,,,,,,,-0.051423,-0.013725,1.008025,1.120000,3.430000,-15.470000
48777,,,,,,,,,,,,,6.265409,4.540482,0.081479,0.068449,,,,,,,,,,,,
48780,,,,-0.000003,-1.004523,1.570172,0.018102,-0.001627,,,,,,,,,,,,,,,,,,,,
48781,,,,,,,,,,,5.007172,5.119279,,,,,0.014021,-0.073966,0.143029,,,,,,,,,
48784,,,,,,,,,,,,,,,,,,,,-0.075074,-1.006992,1.419823,,,,,,
48787,,,,,,,,,,,,,6.330931,4.879577,0.068768,0.053296,,,,,,,-0.040504,-0.010431,1.025227,0.910000,-4.410000,-9.450000
48796,,,,,,,,,,,,,,,,,,,,,,,-0.040504,-0.010431,1.025227,2.170000,-6.720000,-10.920000
48794,,,,,,,,,,,,,,,,,,,,-0.074957,-1.006233,1.416147,,,,,,
48797,,,,,,,,,,,,,5.894965,4.673796,0.072950,0.055443,,,,,,,,,,,,
48806,,,,,,,,,,,,,,,,,,,,,,,-0.030683,-0.014640,1.017541,1.120000,-1.750000,-9.940000
48805,,,,,,,,,,,,,,,,,,,,-0.074847,-1.005396,1.416136,,,,,,
48807,,,,,,,,,,,,,6.051401,4.478220,0.071176,0.057527,,,,,,,,,,,,
48816,,,,,,,,,,,,,,,,,,,,,,,-0.030683,-0.014640,1.017541,1.400000,3.500000,-12.320000
48815,,,,,,,,,,,,,,,,,,,,-0.074736,-1.004629,1.416136,,,,,,
48817,,,,,,,,,,,,,5.632406,3.767974,0.075241,0.064900,,,,,,,,,,,,
48829,,,,,,,,,,,,,5.685479,3.643559,0.074575,0.066439,,,,,,,,,,,,
48825,,,,,,,,,,,,,,,,,,,,-0.074590,-1.003797,1.412520,,,,,,
48831,,,,-0.000003,-1.003757,1.570118,0.016222,-0.001227,,,,,,,,,,,,,,,,,,,,
48832,,,,,,,,,,,4.354496,4.472654,,,,,0.012133,-0.073629,0.159129,,,,,,,,,
48834,,,,,,,,,,,,,,,,,,,,,,,-0.063379,-0.010248,1.007354,1.610000,6.860000,-20.020000
48837,,,,,,,,,,,,,5.444534,4.387237,0.070240,0.052553,,,,,,,,,,,,
48835,,,,,,,,,,,,,,,,,,,,-0.074447,-1.003089,1.412569,,,,,,
48840,,,,,,,,,,,,,,,,,,,,,,,-0.063684,-0.016958,1.018822,1.680000,3.850000,-24.780001
48846,,,,,,,,,,,,,,,,,,,,-0.074253,-1.002315,1.408905,-0.063684,-0.016958,1.018822,1.400000,2.520000,-24.850000
48847,,,,,,,,,,,,,5.679121,4.240466,0.067629,0.054067,,,,,,,,,,,,
48853,,,,,,,,,,,,,,,,,,,,-0.074258,-1.001708,1.401638,,,,,,
48856,,,,,,,,,,,,,,,,,,,,,,,-0.063684,-0.016958,1.015711,2.380000,-9.170000,-19.459999
48857,,,,,,,,,,,,,5.326021,4.115537,0.070965,0.055388,,,,,,,,,,,,
48866,,,,,,,,,,,,,,,,,,,,,,,-0.040138,-0.010065,1.015711,1.400000,-4.690000,-18.830000
48867,,,,,,,,,,,,,5.575983,4.010147,0.068222,0.056534,,,,-0.074205,-1.001014,1.398000,,,,,,
48876,,,,,,,,,,,,,,,,,,,,,,,-0.041480,-0.013115,1.022177,1.400000,-5.740000,-10.220000
48874,,,,,,,,,,,,,,,,,,,,-0.074062,-1.000438,1.394413,,,,,,
48877,,,,,,,,,,,,,5.240510,3.923017,0.071399,0.057515,,,,,,,,,,,,
48880,,,,-0.000002,-1.003079,1.570079,0.014421,-0.000907,,,,,,,,,,,,,,,,,,,,
48881,,,,,,,,,,,3.743206,3.862925,,,,,0.010366,-0.073386,0.174275,,,,,,,,,
48889,,,,,,,,,,,,,5.338065,3.765176,0.063992,0.053016,,,,,,,,,,,,
48884,,,,,,,,,,,,,,,,,,,,-0.073922,-0.999862,1.394413,,,,,,
48892,,,,,,,,,,,,,,,,,,,,,,,-0.041480,-0.013115,1.022177,1.470000,5.600000,-14.840000
48894,,,,,,,,,,,,,,,,,,,,-0.073817,-0.999184,1.390838,,,,,,
48897,,,,,,,,,,,,,5.157636,3.168018,0.065513,0.059127,,,,,,,,,,,,
48898,,,,,,,,,,,,,,,,,,,,,,,-0.045567,-0.010675,1.003938,1.820000,9.450000,-13.510000
48906,,,,,,,,,,,,,,,,,,,,,,,-0.045567,-0.010675,1.003938,0.980000,11.270000,-12.950000
48905,,,,,,,,,,,,,,,,,,,,-0.073687,-0.998506,1.390873,,,,,,
48907,,,,,,,,,,,,,4.886419,2.665570,0.067997,0.064391,,,,,,,,,,,,
48916,,,,,,,,,,,,,,,,,,,,,,,-0.063196,-0.012566,1.020103,1.400000,11.480000,-20.440001
48917,,,,,,,,,,,,,4.658547,3.337040,0.070092,0.057781,,,,,,,,,,,,
48915,,,,,,,,,,,,,,,,,,,,-0.073479,-0.997859,1.387262,,,,,,
48929,,,,,,,,,,,,,4.841718,3.268793,0.068041,0.058582,,,,,,,,,,,,
48931,,,,-0.000002,-1.002485,1.570052,0.012704,-0.000655,,,3.223619,3.338296,,,,,0.008891,-0.073076,0.184828,,,,,,,,,
48926,,,,,,,,,,,,,,,,,,,,-0.073329,-0.997260,1.387302,,,,,,
48934,,,,,,,,,,,,,,,,,,,,,,,-0.063196,-0.012566,1.020103,1.470000,4.410000,-22.400000
48937,,,,,,,,,,,,,4.745516,3.422057,0.063503,0.051787,,,,,,,,,,,,
48936,,,,,,,,,,,,,,,,,,,,-0.073286,-0.996716,1.380013,,,,,,
48940,,,,,,,,,,,,,,,,,,,,,,,-0.055998,-0.008967,1.022543,1.190000,-10.500000,-18.059999
48943,,,,,,,,,,,,,,,,,,,,-0.073276,-0.996226,1.376401,,,,,,
48946,,,,,,,,,,,,,,,,,,,,,,,-0.055998,-0.008967,1.022543,1.890000,-15.820000,-15.890000
48947,,,,,,,,,,,,,4.544480,2.879319,0.065249,0.057306,,,,,,,,,,,,
48956,,,,,,,,,,,,,,,,,,,,,,,-0.050081,-0.012627,1.016870,1.820000,-8.540000,-17.570000
48954,,,,,,,,,,,,,,,,,,,,-0.073249,-0.995941,1.376406,,,,,,
48957,,,,,,,,,,,,,4.372494,2.422658,0.066739,0.062056,,,,,,,,,,,,
48966,,,,,,,,,,,,,,,,,,,,,,,-0.050081,-0.012627,1.016870,1.400000,6.510000,-21.490000
48967,,,,,,,,,,,,,4.226185,2.038424,0.068001,0.066158,,,,,,,,,,,,
48964,,,,,,,,,,,,,,,,,,,,-0.073148,-0.995550,1.372839,,,,,,
48976,,,,,,,,,,,,,,,,,,,,,,,-0.070943,-0.008052,1.002535,1.330000,12.320000,-23.379999
48975,,,,,,,,,,,,,,,,,,,,-0.073051,-0.994948,1.369263,,,,,,
48977,,,,,,,,,,,,,4.100400,1.715130,0.069084,0.069715,,,,,,,,,,,,
48980,,,,-0.000002,-1.001970,1.570032,0.011075,-0.000462,,,,,,,,,,,,,,,,,,,,
48981,,,,,,,,,,,2.862242,2.974733,,,,,0.007966,-0.072952,0.202169,,,,,,,,,
48989,,,,,,,,,,,,,3.918944,1.911978,0.067073,0.064324,,,,,,,,,,,,
48985,,,,,,,,,,,,,,,,,,,,-0.072925,-0.994474,1.365732,,,,,,
48992,,,,,,,,,,,,,,,,,,,,,,,-0.070943,-0.008052,1.002535,2.310000,1.960000,-35.770000
48997,,,,,,,,,,,,,,,,,,,,,,,-0.070394,-0.016897,1.033950,2.520000,2.030000,-36.750000
48998,,,,,,,,,,,,,3.883812,2.781564,0.067220,0.055667,,,,,,,,,,,,
48995,,,,,,,,,,,,,,,,,,,,-0.072854,-0.994076,1.358589,,,,,,
49003,,,,,,,,,,,,,,,,,,,,-0.072800,-0.993782,1.351468,,,,,,
49006,,,,,,,,,,,,,,,,,,,,,,,-0.070394,-0.016897,1.033950,1.960000,-7.280000,-25.480000
49007,,,,,,,,,,,,,3.880995,2.340408,0.067045,0.060205,,,,,,,,,,,,
49016,,,,,,,,,,,,,,,,,,,,-0.072722,-0.993599,1.351468,-0.027084,0.002013,1.019676,1.680000,-21.490000,0.140000
49017,,,,,,,,,,,,,3.811924,1.969219,0.067546,0.064118,,,,,,,,,,,,
49024,,,,,,,,,,,,,,,,,,,,-0.072687,-0.993495,1.351450,,,,,,
49026,,,,,,,,,,,,,,,,,,,,,,,-0.027084,0.002013,1.019676,1.400000,-2.940000,-6.510000
49027,,,,,,,,,,,,,3.207352,1.656900,0.073522,0.067505,,,,,,,,,,,,
49030,,,,-0.000001,-1.001529,1.570019,0.009540,-0.000316,,,,,,,,,,,,,,,,,,,,
49031,,,,,,,,,,,2.804225,2.912099,,,,,0.008093,-0.072683,0.219931,,,,,,,,,
49034,,,,,,,,,,,,,,,,,,,,-0.072557,-0.993090,1.347956,,,,,,
49037,,,,,,,,,,,,,3.246110,1.394116,0.072466,0.069810,,,,,,,-0.054229,-0.018178,1.003267,1.330000,9.940000,-10.920000
49048,,,,,,,,,,,,,3.220534,1.662266,0.072639,0.067378,,,,,,,,,,,,
49044,,,,,,,,,,,,,,,,,,,,-0.072523,-0.992703,1.347988,,,,,,
49051,,,,,,,,,,,,,,,,,,,,,,,-0.054229,-0.018178,1.003267,1.400000,3.640000,-15.260000
49056,,,,,,,,,,,,,,,,,,,,,,,-0.058133,-0.005917,1.022848,1.960000,3.710000,-16.520000
49054,,,,,,,,,,,,,,,,,,,,-0.072448,-0.992327,1.344416,,,,,,
49057,,,,,,,,,,,,,2.709757,2.021321,0.077765,0.063966,,,,,,,,,,,,
49066,,,,,,,,,,,,,,,,,,,,,,,-0.058133,-0.005917,1.017907,0.420000,-11.200000,-3.290000
49067,,,,,,,,,,,,,2.827985,2.248735,0.076578,0.061824,,,,,,,,,,,,
49065,,,,,,,,,,,,,,,,,,,,-0.072364,-0.992096,1.340903,,,,,,
49076,,,,,,,,,,,,,,,,,,,,,,,-0.014030,-0.002440,1.017907,1.400000,-10.500000,3.430000
49077,,,,,,,,,,,,,2.379466,1.892085,0.081148,0.065595,,,,,,,,,,,,
49075,,,,,,,,,,,,,,,,,,,,-0.072365,-0.991943,1.340863,,,,,,
49080,,,,-0.000001,-1.001158,1.570011,0.008103,-0.000208,,,,,,,,,,,,,,,,,,,,
49081,,,,,,,,,,,2.517644,2.613831,,,,,0.007369,-0.072564,0.228374,,,,,,,,,
49089,,,,,,,,,,,,,2.471112,2.061030,0.077375,0.061033,,,,,,,,,,,,
49086,,,,,,,,,,,,,,,,,,,,-0.072291,-0.991699,1.340854,,,,,,
49092,,,,,,,,,,,,,,,,,,,,,,,-0.012444,-0.010553,1.000888,1.610000,7.490000,10.780000
49097,,,,,,,,,,,,,,,,,,,,,,,-0.012444,-0.010553,1.000888,1.470000,6.860000,4.550000
49098,,,,,,,,,,,,,2.079193,2.329540,0.081382,0.058405,,,,,,,,,,,,
49096,,,,,,,,,,,,,,,,,,,,-0.072101,-0.991263,1.347971,,,,,,
49103,,,,,,,,,,,,,,,,,,,,-0.072044,-0.991024,1.347971,,,,,,
49106,,,,,,,,,,,,,,,,,,,,,,,-0.031598,-0.007930,1.031754,1.470000,0.070000,2.030000
49107,,,,,,,,,,,,,2.362519,1.960074,0.078580,0.062231,,,,,,,,,,,,
49113,,,,,,,,,,,,,,,,,,,,-0.071927,-0.990719,1.347997,,,,,,
49116,,,,,,,,,,,,,,,,,,,,,,,-0.031598,-0.007930,1.031754,1.330000,-7.280000,-2.730000
49117,,,,,,,,,,,,,1.987823,1.649206,0.082433,0.065532,,,,,,,,,,,,
49124,,,,,,,,,,,,,,,,,,,,-0.071917,-0.990526,1.344438,,,,,,
49126,,,,,,,,,,,,,,,,,,,,,,,-0.050386,-0.006405,1.011929,1.470000,2.940000,-9.520000
49127,,,,,,,,,,,,,2.220881,1.935969,0.080162,0.062800,,,,,,,,,,,,
49131,,,,-0.000001,-1.000851,1.570007,0.006768,-0.000132,,,2.053917,2.133439,,,,,0.005978,-0.072406,0.225804,,,,,,,,,
49133,,,,,,,,,,,,,,,,,,,,-0.071811,-0.990095,1.340863,,,,,,
49137,,,,,,,,,,,,,2.411509,2.171784,0.073547,0.055630,,,,,,,-0.050386,-0.006405,1.011929,1.400000,-3.080000,2.800000
49149,,,,,,,,,,,,,,,0.077376,0.054656,,,,,,,,,,,,
49150,,,,,,,,,,,,,2.029044,2.266593,,,,,,,,,,,,,,
49143,,,,,,,,,,,,,,,,,,,,-0.071777,-0.989817,1.340843,,,,,,
49152,,,,,,,,,,,,,,,,,,,,,,,0.013359,-0.006100,1.021750,1.680000,-2.450000,4.900000
49153,,,,,,,,,,,,,,,,,,,,-0.071745,-0.989417,1.340835,,,,,,
49157,,,,,,,,,,,,,,,,,,,,,,,0.013359,-0.006100,1.021750,1.190000,7.210000,10.080000
49158,,,,,,,,,,,,,2.379596,1.907111,0.073806,0.058296,,,,,,,,,,,,
49163,,,,,,,,,,,,,,,,,,,,-0.071612,-0.988993,1.344365,,,,,,
49166,,,,,,,,,,,,,,,,,,,,,,,-0.023363,-0.008418,1.013881,1.400000,1.960000,-0.630000
49167,,,,,,,,,,,,,2.002192,1.604643,0.077590,0.061426,,,,,,,,,,,,
49173,,,,,,,,,,,,,,,,,,,,-0.071502,-0.988692,1.344378,,,,,,
49176,,,,,,,,,,,,,,,,,,,,,,,-0.023363,-0.008418,1.013881,2.030000,-1.680000,-6.580000
49177,,,,,,,,,,,,,2.233026,1.350146,0.075246,0.064128,,,,,,,,,,,,
49180,,,,-0.000000,-1.000602,1.570004,0.005540,-0.000079,,,,,,,,,,,,,,,,,,,,
49181,,,,,,,,,,,1.619777,1.685921,,,,,0.004678,-0.072336,0.228401,,,,,,,,,
49187,,,,,,,,,,,,,2.413467,1.670613,0.068941,0.056451,,,,,,,-0.044103,-0.003965,1.022238,1.470000,1.050000,-10.080000
49186,,,,,,,,,,,,,,,,,,,,-0.071398,-0.988369,1.344378,,,,,,
49194,,,,,,,,,,,,,,,,,,,,-0.071347,-0.988140,1.340849,,,,,,
49196,,,,,,,,,,,,,,,,,,,,,,,-0.044103,-0.003965,1.022238,1.470000,-3.570000,-11.620000
49197,,,,,,,,,,,,,2.030691,1.405653,0.072687,0.059157,,,,,,,,,,,,
49209,,,,,,,,,,,,,2.177976,1.652069,0.071102,0.056699,,,,,,,,,,,,
49204,,,,,,,,,,,,,,,,,,,,-0.071238,-0.987875,1.337319,,,,,,
49211,,,,,,,,,,,,,,,,,,,,,,,-0.067771,-0.010004,1.019005,1.820000,1.890000,-10.780000
49217,,,,,,,,,,,,,1.832548,2.043607,0.074514,0.052712,,,,,,,-0.067771,-0.010004,1.019005,1.400000,1.330000,-10.920000
49215,,,,,,,,,,,,,,,,,,,,-0.071079,-0.987635,1.337313,,,,,,
49226,,,,,,,,,,,,,,,,,,,,,,,-0.026352,0.004758,1.015955,0.490000,-10.990000,13.090000
49227,,,,,,,,,,,,,2.091894,1.719491,0.071826,0.055947,,,,,,,,,,,,
49230,,,,-0.000000,-1.000407,1.570002,0.004424,-0.000045,,,,,,,,,,,,-0.070962,-0.987449,1.340825,,,,,,
49231,,,,,,,,,,,1.415324,1.470083,,,,,0.004174,-0.072108,0.235066,,,,,,,,,
49237,,,,,,,,,,,,,1.760119,1.979653,0.073031,0.051085,,,,,,,-0.026352,0.004758,1.015955,0.840000,4.970000,2.450000
49236,,,,,,,,,,,,,,,,,,,,-0.070914,-0.987252,1.340825,,,,,,
49249,,,,,,,,,,,,,1.948946,1.665679,0.071036,0.054186,,,,,,,,,,,,
49246,,,,,,,,,,,,,,,,,,,,-0.070934,-0.986818,1.340825,,,,,,
49251,,,,,,,,,,,,,,,,,,,,,,,-0.022021,-0.013847,1.003206,1.890000,5.390000,1.890000
49253,,,,,,,,,,,,,,,,,,,,-0.070878,-0.986520,1.340825,,,,,,
49256,,,,,,,,,,,,,,,,,,,,,,,-0.022021,-0.013847,1.003206,1.120000,1.330000,-3.990000
49257,,,,,,,,,,,,,1.639843,1.401502,0.074082,0.056841,,,,,,,,,,,,
49263,,,,,,,,,,,,,,,,,,,,-0.070803,-0.986277,1.340837,,,,,,
49266,,,,,,,,,,,,,,,,,,,,,,,-0.052582,-0.004514,1.024617,1.330000,0.210000,-5.530000
49267,,,,,,,,,,,,,1.925890,1.179224,0.071119,0.059122,,,,,,,,,,,,
49276,,,,,,,,,,,,,,,,,,,,,,,-0.052582,-0.004514,1.019493,1.260000,0.560000,-14.490000
49274,,,,,,,,,,,,,,,,,,,,-0.070761,-0.986112,1.340837,,,,,,
49277,,,,,,,,,,,,,1.620444,0.992199,0.074133,0.061088,,,,,,,,,,,,
49280,,,,-0.000000,-1.000258,1.570001,0.003422,-0.000023,,,,,,,,,,,,,,,,,,,,
49281,,,,,,,,,,,0.896447,0.937727,,,,,0.002520,-0.072119,0.229659,,,,,,,,,
49287,,,,,,,,,,,,,1.893101,0.834836,0.066018,0.057358,,,,,,,-0.055815,-0.004148,1.019493,1.540000,4.480000,-16.520000
49284,,,,,,,,,,,,,,,,,,,,-0.070722,-0.985976,1.337324,,,,,,
49296,,,,,,,,,,,,,,,,,,,,,,,-0.055815,-0.007625,1.013881,1.470000,1.680000,-21.490000
49295,,,,,,,,,,,,,,,,,,,,-0.070665,-0.985802,1.337324,,,,,,
49297,,,,,,,,,,,,,1.592855,1.268131,0.068881,0.052959,,,,,,,,,,,,
49309,,,,,,,,,,,,,1.806127,1.067006,0.066566,0.054945,,,,,,,,,,,,
49305,,,,,,,,,,,,,,,,,,,,-0.070624,-0.985675,1.333794,,,,,,
49312,,,,,,,,,,,,,,,,,,,,,,,-0.054351,-0.007625,1.013881,1.190000,-2.450000,-15.330000
49317,,,,,,,,,,,,,1.519675,0.897778,0.069306,0.056645,,,,,,,-0.054351,-0.004209,1.020713,1.330000,-4.410000,-16.799999
49315,,,,,,,,,,,,,,,,,,,,-0.070602,-0.985546,1.330268,,,,,,
49326,,,,,,,,,,,,,,,,,,,,-0.070615,-0.985516,1.326753,-0.054351,-0.004209,1.020713,0.980000,-4.270000,-14.000000
49327,,,,,,,,,,,,,1.278655,0.755391,0.071640,0.058105,,,,,,,,,,,,
49330,,,,-0.000000,-1.000150,1.570001,0.002540,-0.000011,,,,,,,,,,,,,,,,,,,,
49331,,,,,,,,,,,0.937242,0.969860,,,,,0.002842,-0.072061,0.242107,,,,,,,,,
49333,,,,,,,,,,,,,,,,,,,,-0.070626,-0.985408,1.323243,,,,,,
49337,,,,,,,,,,,,,1.613044,0.635585,0.068569,0.059692,,,,,,,-0.043310,-0.004575,1.019249,0.980000,0.910000,-9.870000
49343,,,,,,,,,,,,,,,,,,,,-0.070613,-0.985367,1.323231,,,,,,
49346,,,,,,,,,,,,,,,,,,,,,,,-0.043310,-0.004575,1.019249,1.050000,0.350000,-10.360000
49347,,,,,,,,,,,,,1.357215,0.534782,0.071043,0.060787,,,,,,,,,,,,
49354,,,,,,,,,,,,,,,,,,,,-0.070580,-0.985277,1.319719,,,,,,
49356,,,,,,,,,,,,,,,,,,,,,,,-0.028121,-0.001586,1.010770,0.980000,5.530000,-5.530000
49357,,,,,,,,,,,,,1.141960,0.449965,0.073155,0.061739,,,,,,,,,,,,
49369,,,,,,,,,,,,,0.960845,0.378601,0.074961,0.062571,,,,,,,,,,,,
49364,,,,,,,,,,,,,,,,,,,,-0.070559,-0.985152,1.319730,,,,,,
49371,,,,,,,,,,,,,,,,,,,,,,,-0.028121,-0.001586,1.010770,0.490000,5.110000,-0.700000
49377,,,,,,,,,,,,,0.808455,0.318554,0.076511,0.063301,,,,,,,-0.059292,-0.006344,1.014918,0.770000,0.350000,-0.280000
49375,,,,,,,,,,,,,,,,,,,,-0.070525,-0.985079,1.319739,,,,,,
49380,,,,-0.000000,-1.000078,1.570001,0.001782,-0.000005,,,,,,,,,,,,,,,,,,,,
49381,,,,,,,,,,,0.935650,0.959365,,,,,0.002985,-0.072040,0.249578,,,,,,,,,
49387,,,,,,,,,,,,,0.680234,0.268032,0.077828,0.063840,,,,,,,-0.059292,-0.006344,1.014918,0.560000,-2.730000,-0.210000
49385,,,,,,,,,,,,,,,,,,,,-0.070520,-0.985068,1.319739,,,,,,
49396,,,,,,,,,,,,,,,,,,,,,,,-0.055144,-0.002318,1.018578,0.630000,-3.220000,-0.910000
49397,,,,,,,,,,,,,0.572349,0.225522,0.078980,0.064412,,,,,,,,,,,,
49395,,,,,,,,,,,,,,,,,,,,-0.070564,-0.985128,1.319730,,,,,,
49406,,,,,,,,,,,,,,,,,,,,-0.070593,-0.985182,1.319719,-0.055144,-0.002318,1.018578,0.560000,-1.610000,-1.680000
49407,,,,,,,,,,,,,0.481574,0.189754,0.079978,0.064924,,,,,,,,,,,,
49413,,,,,,,,,,,,,,,,,,,,-0.070673,-0.985189,1.319724,,,,,,
49416,,,,,,,,,,,,,,,,,,,,,,,-0.018483,-0.006344,1.015040,0.840000,0.210000,-0.980000
49417,,,,,,,,,,,,,0.405196,0.159659,0.080848,0.065384,,,,,,,,,,,,
49428,,,,,,,,,,,,,0.340932,0.134337,0.081610,0.065803,,,,,,,,,,,,
49430,,,,-0.000000,-1.000033,1.570001,0.001152,-0.000002,,,,,,,,,,,,,,,,,,,,
49431,,,,,,,,,,,0.952755,0.968135,,,,,0.003167,-0.072135,0.250218,,,,,,,,,
49423,,,,,,,,,,,,,,,,,,,,-0.070658,-0.985153,1.319724,,,,,,
49433,,,,,,,,,,,,,,,,,,,,,,,-0.018483,-0.006344,1.015040,0.560000,-0.910000,0.560000
49434,,,,,,,,,,,,,,,,,,,,-0.070719,-0.985151,1.316227,,,,,,
49437,,,,,,,,,,,,,0.286860,0.113031,0.082455,0.066274,,,,,,,,,,,,
49438,,,,,,,,,,,,,,,,,,,,,,,-0.024156,-0.003538,1.017480,0.630000,0.070000,-0.070000
49446,,,,,,,,,,,,,,,,,,,,,,,-0.024156,-0.003538,1.017480,0.700000,-0.560000,-0.770000
49444,,,,,,,,,,,,,,,,,,,,-0.070734,-0.985142,1.316227,,,,,,
49447,,,,,,,,,,,,,0.241364,0.095104,0.083052,0.066628,,,,,,,,,,,,
49456,,,,,,,,,,,,,,,,,,,,,,,-0.030988,-0.005612,1.017602,0.700000,0.560000,-0.070000
49454,,,,,,,,,,,,,,,,,,,,-0.070654,-0.985187,1.319724,,,,,,
49457,,,,,,,,,,,,,0.203084,0.080021,0.083585,0.066957,,,,,,,,,,,,
49468,,,,,,,,,,,,,0.170875,0.067330,0.084063,0.067264,,,,,,,,,,,,
49465,,,,,,,,,,,,,,,,,,,,-0.070679,-0.985201,1.319724,,,,,,
49471,,,,,,,,,,,,,,,,,,,,,,,-0.030988,-0.005612,1.017602,0.560000,0.630000,-0.420000
49476,,,,,,,,,,,,,,,,,,,,,,,-0.027938,-0.004270,1.016870,0.630000,0.280000,-0.420000
49477,,,,,,,,,,,,,0.143774,0.056651,0.084496,0.067553,,,,,,,,,,,,
49475,,,,,,,,,,,,,,,,,,,,-0.070628,-0.985200,1.319725,,,,,,
49480,,,,-0.000000,-1.000010,1.570001,0.000655,-0.000000,,,,,,,,,,,,,,,,,,,,
49481,,,,,,,,,,,0.935233,0.943987,,,,,0.003200,-0.072096,0.250271,,,,,,,,,
49486,,,,,,,,,,,,,,,,,,,,-0.070657,-0.985180,1.319730,-0.027938,-0.004270,1.017358,0.630000,0.000000,-0.140000
49487,,,,,,,,,,,,,0.120971,0.047666,0.084712,0.067581,,,,,,,,,,,,
49496,,,,,,,,,,,,,,,,,,,,-0.070719,-0.985151,1.316227,-0.030500,-0.004636,1.017358,0.560000,0.070000,-0.350000
49497,,,,,,,,,,,,,0.101785,0.040106,0.085070,0.067837,,,,,,,,,,,,
49503,,,,,,,,,,,,,,,,,,,,-0.070669,-0.985168,1.319724,,,,,,
49506,,,,,,,,,,,,,,,,,,,,,,,-0.030500,-0.002623,1.018761,0.350000,-2.240000,4.480000
49507,,,,,,,,,,,,,0.085642,0.033745,0.085402,0.068083,,,,,,,,,,,,
49516,,,,,,,,,,,,,,,,,,,,-0.070567,-0.985217,1.319725,-0.013847,-0.002623,1.018761,0.560000,-2.450000,8.820000
49517,,,,,,,,,,,,,0.072059,0.577052,0.085710,0.062723,,,,,,,,,,,,
49529,,,,,,,,,,,,,0.060631,0.485531,0.085999,0.063730,,,,,,,,,,,,
49531,,,,-0.000000,-1.000001,1.570001,0.000294,-0.000000,,,0.830775,0.834655,,,,,0.002897,-0.072043,0.247527,,,,,,,,,
49524,,,,,,,,,,,,,,,,,,,,-0.070506,-0.985204,1.323225,,,,,,
49532,,,,,,,,,,,,,,,,,,,,,,,0.012505,-0.004453,1.014491,0.560000,0.840000,10.780000
49534,,,,,,,,,,,,,,,,,,,,-0.070465,-0.985090,1.323236,,,,,,
49537,,,,,,,,,,,,,0.051015,0.408526,0.085207,0.063492,,,,,,,,,,,,
49538,,,,,,,,,,,,,,,,,,,,,,,0.012505,-0.004453,1.014491,0.490000,3.360000,11.620000
49546,,,,,,,,,,,,,,,,,,,,,,,-0.013969,-0.006222,1.022299,0.560000,0.140000,14.980000
49544,,,,,,,,,,,,,,,,,,,,-0.070424,-0.984901,1.326746,,,,,,
49547,,,,,,,,,,,,,0.042924,0.891398,0.085445,0.058652,,,,,,,,,,,,
49556,,,,,,,,,,,,,,,,,,,,,,,-0.013969,-0.006222,1.022299,0.210000,3.500000,16.100000
49555,,,,,,,,,,,,,,,,,,,,-0.070371,-0.984806,1.330250,,,,,,
49557,,,,,,,,,,,,,0.036116,0.750023,0.085672,0.060082,,,,,,,,,,,,
49566,,,,,,,,,,,,,,,,,,,,,,,-0.007808,-0.004087,1.002901,0.350000,2.940000,16.450001
49567,,,,,,,,,,,,,0.030388,1.166352,0.085890,0.055853,,,,,,,,,,,,
49565,,,,,,,,,,,,,,,,,,,,-0.070299,-0.984562,1.333770,,,,,,
49576,,,,,,,,,,,,,,,,,,,,-0.070270,-0.984408,1.337301,-0.007808,-0.004087,1.002901,0.630000,-2.520000,13.790000
49577,,,,,,,,,,,,,0.025568,0.981368,0.086099,0.057673,,,,,,,,,,,,
49580,,,,0.000000,-1.000000,1.570001,0.000074,-0.000000,,,,,,,,,,,,,,,,,,,,
49581,,,,,,,,,,,0.353296,0.354212,,,,,0.001242,-0.071978,0.233944,,,,,,,,,
49589,,,,,,,,,,,,,0.480037,1.284247,0.076754,0.049654,,,,,,,,,,,,
49583,,,,,,,,,,,,,,,,,,,,-0.070216,-0.984288,1.340835,,,,,,
49592,,,,,,,,,,,,,,,,,,,,,,,-0.042883,-0.005246,1.029924,0.700000,0.350000,-1.190000
49593,,,,,,,,,,,,,,,,,,,,-0.070176,-0.984133,1.337306,,,,,,
49597,,,,,,,,,,,,,0.403903,1.080565,0.077505,0.051546,,,,,,,,,,,,
49598,,,,,,,,,,,,,,,,,,,,,,,-0.042883,-0.005246,1.029924,1.190000,-0.140000,-7.350000
49604,,,,,,,,,,,,,,,,,,,,-0.070153,-0.983990,1.337295,,,,,,
49606,,,,,,,,,,,,,,,,,,,,,,,-0.035380,-0.006283,1.014064,0.910000,3.780000,-14.630000
49607,,,,,,,,,,,,,0.339844,0.909188,0.078149,0.053148,,,,,,,,,,,,
49616,,,,,,,,,,,,,,,,,,,,,,,-0.035380,-0.006283,1.014064,1.120000,3.360000,-14.980000
49614,,,,,,,,,,,,,,,,,,,,-0.070071,-0.983865,1.337301,,,,,,
49617,,,,,,,,,,,,,0.834382,0.764990,0.073107,0.054508,,,,,,,,,,,,
