ts,x,y,yaw,x_des,y_des,yaw_des,v_ff,w_ff,v_actual,w_actual,omega_l_cmd,omega_r_cmd,omega_l_meas,omega_r_meas,duty_l,duty_r,x_err,y_err,yaw_err,x_raw,y_raw,yaw_raw,acc_x,acc_y,acc_z,gyro_x,gyro_y,gyro_z
44359,,,,,,,,,,,-0.595786,-0.591664,,,,,-0.074393,0.033077,-0.106749,,,,,,,,,
46467,,,,,,,,,,,,,0.000000,0.000000,0.000000,0.000000,,,,,,,-0.014945,-0.013908,1.021567,0.070000,-0.490000,-0.210000
46466,,,,,,,,,,,,,,,,,,,,1.024952,0.077553,1.677525,,,,,,
46474,,,,,,,,,,,,,,,,,,,,1.024951,0.077556,1.677525,,,,,,
46477,,,,,,,,,,,,,0.000000,0.000000,0.000000,0.000000,,,,,,,-0.015433,-0.014701,1.021384,-2.100000,0.770000,-0.280000
46486,,,,,,,,,,,,,,,,,,,,,,,-0.015433,-0.014701,1.021384,4.270000,0.000000,0.000000
46487,,,,,,,,,,,,,0.000000,0.000000,0.000000,0.000000,,,,,,,,,,,,
46484,,,,,,,,,,,,,,,,,,,,1.024955,0.077554,1.677525,,,,,,
46497,,,,,,,,,,,,,0.000000,0.000000,0.000000,0.000000,,,,,,,-0.015189,-0.014823,1.022848,-0.980000,-1.750000,-0.070000
46495,,,,,,,,,,,,,,,,,,,,1.024943,0.077555,1.677525,,,,,,
46506,,,,,,,,,,,,,,,,,,,,,,,-0.015189,-0.014823,1.022848,-3.850000,-0.910000,-0.420000
46507,,,,,,,,,,,,,0.000000,0.000000,0.000000,0.000000,,,,,,,,,,,,
46505,,,,,,,,,,,,,,,,,,,,1.024950,0.077549,1.677525,,,,,,
46511,,,,1.000000,0.000488,1.571284,0.003695,0.003695,,,,,,,,,,,,,,,,,,,,
46513,,,,,,,,,,,-0.591041,-0.586830,,,,,-0.073964,0.033017,-0.106241,,,,,,,,,
46521,,,,,,,,,,,,,0.000000,0.000000,-0.010238,-0.010165,,,,,,,,,,,,
46515,,,,,,,,,,,,,,,,,,,,1.024949,0.077553,1.677525,,,,,,
46526,,,,,,,,,,,,,,,,,,,,,,,-0.015067,-0.014518,1.022360,3.850000,-0.350000,0.070000
46527,,,,,,,,,,,,,0.000000,0.000000,-0.010238,-0.010165,,,,,,,,,,,,
46525,,,,,,,,,,,,,,,,,,,,1.024952,0.077561,1.677525,,,,,,
46531,,,,,,,,,,,,,,,,,,,,,,,-0.014884,-0.013603,1.022909,1.400000,-1.400000,0.070000
46536,,,,,,,,,,,,,,,,,,,,1.024948,0.077551,1.677525,-0.014884,-0.013603,1.022909,-1.820000,-1.820000,-0.070000
46537,,,,,,,,,,,,,0.000000,0.000000,-0.010238,-0.010165,,,,,,,,,,,,
46544,,,,,,,,,,,,,,,,,,,,1.024951,0.077557,1.677525,,,,,,
46547,,,,,,,,,,,,,0.000000,0.000000,-0.010238,-0.010165,,,,,,,-0.014884,-0.013603,1.022909,-3.500000,-0.630000,-0.420000
46556,,,,,,,,,,,,,,,,,,,,,,,-0.014762,-0.014884,1.024251,-1.820000,0.350000,-0.350000
46557,,,,,,,,,,,,,0.000000,0.000000,-0.010238,-0.010165,,,,,,,,,,,,
46554,,,,,,,,,,,,,,,,,,,,1.024963,0.077560,1.677525,,,,,,
46561,,,,0.999999,0.001621,1.572417,0.014482,0.014482,,,,,,,,,,,,,,,,,,,,
46563,,,,,,,,,,,0.084308,0.101748,,,,,-0.072847,0.032910,-0.105108,,,,,,,,,
46565,,,,,,,,,,,,,,,,,,,,1.024966,0.077552,1.677525,,,,,,
46567,,,,,,,,,,,,,0.000000,0.000000,0.001460,0.001762,,,,,,,,,,,,
46569,,,,,,,,,,,,,,,,,,,,,,,-0.015250,-0.015189,1.021994,3.920000,-0.280000,-0.070000
46581,,,,,,,,,,,,,0.000000,0.000000,0.001460,0.001762,,,,,,,,,,,,
46575,,,,,,,,,,,,,,,,,,,,1.024983,0.077624,1.677525,,,,,,
46584,,,,,,,,,,,,,,,,,,,,,,,-0.015250,-0.015189,1.021994,-1.470000,-1.610000,-0.280000
46587,,,,,,,,,,,,,0.000000,0.000000,0.001460,0.001762,,,,,,,,,,,,
46586,,,,,,,,,,,,,,,,,,,,1.024964,0.077571,1.677525,,,,,,
46589,,,,,,,,,,,,,,,,,,,,,,,-0.014945,-0.014701,1.021689,-3.500000,-0.630000,-0.490000
46596,,,,,,,,,,,,,,,,,,,,1.024959,0.077549,1.677525,-0.014945,-0.014701,1.021689,2.030000,0.910000,-0.350000
46597,,,,,,,,,,,,,0.000000,0.000000,0.001460,0.001762,,,,,,,,,,,,
46604,,,,,,,,,,,,,,,,,,,,1.024960,0.077553,1.677525,,,,,,
46607,,,,,,,,,,,,,0.000000,0.000000,0.001460,0.001762,,,,,,,-0.015128,-0.014518,1.022055,3.570000,-0.560000,0.000000
46611,,,,0.999993,0.003784,1.574580,0.031924,0.031924,,,,,,,,,,,,,,,,,,,,
46613,,,,,,,,,,,1.178840,1.221083,,,,,-0.070690,0.032683,-0.102945,,,,,,,,,
46614,,,,,,,,,,,,,,,,,,,,1.024958,0.077554,1.677525,,,,,,
46617,,,,,,,,,,,,,0.000000,0.000000,0.020421,0.021153,,,,,,,,,,,,
46619,,,,,,,,,,,,,,,,,,,,,,,-0.015128,-0.014518,1.022055,-3.920000,-1.540000,-0.350000
46626,,,,,,,,,,,,,,,,,,,,,,,-0.015616,-0.014457,1.022116,-3.080000,-0.350000,-0.420000
46627,,,,,,,,,,,,,0.000000,0.000000,0.020421,0.021153,,,,,,,,,,,,
46625,,,,,,,,,,,,,,,,,,,,1.024963,0.077547,1.677525,,,,,,
46640,,,,,,,,,,,,,,,0.020421,0.021153,,,,,,,,,,,,
46641,,,,,,,,,,,,,0.000000,0.000000,,,,,,,,,,,,,,
46636,,,,,,,,,,,,,,,,,,,,1.024956,0.077554,1.677525,,,,,,
46644,,,,,,,,,,,,,,,,,,,,,,,-0.015616,-0.014457,1.022116,0.000000,-0.280000,-0.210000
46643,,,,,,,,,,,,,,,,,,,,1.024957,0.077556,1.677525,,,,,,
46647,,,,,,,,,,,,,0.000000,0.000000,0.020421,0.021153,,,,,,,,,,,,
46649,,,,,,,,,,,,,,,,,,,,,,,-0.014640,-0.012688,1.019310,0.070000,-0.490000,-0.280000
46654,,,,,,,,,,,,,,,,,,,,1.024951,0.077554,1.677525,,,,,,
46657,,,,,,,,,,,,,0.000000,0.000000,0.020421,0.021153,,,,,,,-0.014640,-0.012688,1.019310,0.210000,-0.630000,-0.140000
46661,,,,0.999974,0.007277,1.578073,0.055590,0.055590,,,,,,,,,,,,,,,,,,,,
46663,,,,,,,,,,,2.666811,2.750813,,,,,-0.067216,0.032322,-0.099452,,,,,,,,,
46664,,,,,,,,,,,,,,,,,,,,1.024959,0.077549,1.677525,,,,,,
46667,,,,,,,,,,,,,0.000000,0.000000,0.046204,0.047660,,,,,,,,,,,,
46669,,,,,,,,,,,,,,,,,,,,,,,-0.015433,-0.014274,1.020225,0.070000,-0.560000,-0.210000
46676,,,,,,,,,,,,,,,,,,,,,,,-0.015433,-0.014274,1.020225,0.000000,-0.420000,-0.070000
46677,,,,,,,,,,,,,0.000000,0.000000,0.046204,0.047660,,,,,,,,,,,,
46675,,,,,,,,,,,,,,,,,,,,1.024986,0.077622,1.677525,,,,,,
46687,,,,,,,,,,,,,0.000000,0.000000,0.046204,0.047660,,,,,,,-0.013725,-0.013847,1.025105,0.070000,-0.490000,0.210000
46686,,,,,,,,,,,,,,,,,,,,1.024960,0.077558,1.677525,,,,,,
46700,,,,,,,,,,,,,0.000000,0.000000,0.046204,0.047660,,,,,,,,,,,,
46697,,,,,,,,,,,,,,,,,,,,1.024947,0.077554,1.677525,,,,,,
46704,,,,,,,,,,,,,,,,,,,,1.024954,0.077557,1.677525,-0.013725,-0.013847,1.025105,0.140000,-0.630000,0.000000
46707,,,,,,,,,,,,,0.000000,0.000000,0.046204,0.047660,,,,,,,,,,,,
46709,,,,,,,,,,,,,,,,,,,,,,,-0.015860,-0.015067,1.023519,0.140000,-0.560000,-0.140000
46711,,,,0.999923,0.012379,1.583176,0.085059,0.085059,,,,,,,,,,,,,,,,,,,,
46713,,,,,,,,,,,4.521702,4.673249,,,,,-0.062141,0.031831,-0.094349,,,,,,,,,
46717,,,,,,,,,,,,,0.000000,0.000000,0.078366,0.080993,,,,,,,,,,,,
46715,,,,,,,,,,,,,,,,,,,,1.024957,0.077549,1.677525,,,,,,
46719,,,,,,,,,,,,,,,,,,,,,,,-0.015860,-0.015067,1.021262,0.070000,-0.560000,-0.350000
46726,,,,,,,,,,,,,,,,,,,,1.024988,0.077630,1.677525,-0.014884,-0.012566,1.021262,-0.070000,-1.330000,0.350000
46727,,,,,,,,,,,,,0.000000,0.000000,0.078366,0.080993,,,,,,,,,,,,
46747,,,,,,,,,,,,,0.000000,0.000000,0.078366,0.080993,,,,,,,,,,,,
46744,,,,,,,,,,,,,,,,,,,,1.024951,0.077587,1.681242,,,,,,
46750,,,,,,,,,,,,,,,,,,,,,,,-0.014884,-0.012566,1.021262,-0.350000,-0.840000,9.730000
46755,,,,,,,,,,,,,,,,,,,,1.024936,0.077714,1.681243,0.010004,-0.012566,1.029497,-0.490000,0.140000,10.920000
46757,,,,,,,,,,,,,0.000000,0.536496,0.078366,0.073841,,,,,,,,,,,,
46760,,,,,,,,,,,,,,,,,,,,,,,0.015494,-0.011773,1.016931,-0.910000,-0.980000,14.070000
46762,,,,0.999813,0.019351,1.590148,0.119919,0.119919,,,,,,,,,,,,,,,,,,,,
46764,,,,,,,,,,,6.722969,6.958144,,,,,-0.055239,0.031410,-0.091221,,,,,,,,,
46765,,,,,,,,,,,,,,,,,,,,1.024882,0.077781,1.684918,,,,,,
46767,,,,,,,,,,,,,0.000000,0.973701,0.116479,0.107578,,,,,,,,,,,,
46770,,,,,,,,,,,,,,,,,,,,,,,0.015494,-0.011773,1.016931,-1.260000,-7.210000,26.389999
46776,,,,,,,,,,,,,,,,,,,,,,,0.021411,-0.013847,1.025166,-1.190000,-3.290000,23.030001
46777,,,,,,,,,,,,,0.000000,0.819272,0.116479,0.109636,,,,,,,,,,,,
46775,,,,,,,,,,,,,,,,,,,,1.024881,0.077924,1.688624,,,,,,
46787,,,,,,,,,,,,,0.000000,1.226678,0.116479,0.104207,,,,,,,0.021411,-0.013847,1.025166,-1.190000,-5.250000,28.629999
46786,,,,,,,,,,,,,,,,,,,,1.024840,0.078118,1.692323,,,,,,
46801,,,,,,,,,,,,,0.392548,1.817224,0.111248,0.096338,,,,,,,,,,,,
46796,,,,,,,,,,,,,,,,,,,,1.024815,0.078331,1.696016,,,,,,
46804,,,,,,,,,,,,,,,,,,,,1.024697,0.078627,1.703384,0.034465,-0.016348,1.017663,-2.030000,-2.730000,38.779999
46807,,,,,,,,,,,,,0.330290,1.529012,0.112077,0.100178,,,,,,,,,,,,
46810,,,,,,,,,,,,,,,,,,,,,,,0.034465,-0.016348,1.017663,-2.450000,-6.720000,43.889999
46812,,,,0.999596,0.028429,1.599229,0.159769,0.159769,,,,,,,,,,,,,,,,,,,,
46814,,,,,,,,,,,9.291130,9.510520,,,,,-0.046451,0.031487,-0.103286,1.024606,0.079001,1.710686,,,,,,
46817,,,,,,,,,,,,,0.277906,2.368133,0.156963,0.132975,,,,,,,,,,,,
46819,,,,,,,,,,,,,,,,,,,,,,,0.031232,-0.001952,1.035902,-3.290000,-3.990000,50.889999
46826,,,,,,,,,,,,,,,,,,,,,,,0.031232,-0.001952,1.035902,-2.310000,1.820000,49.419998
46827,,,,,,,,,,,,,0.233830,2.543425,0.157549,0.130645,,,,,,,,,,,,
46825,,,,,,,,,,,,,,,,,,,,1.024366,0.079505,1.721736,,,,,,
46837,,,,,,,,,,,,,0.196745,3.228362,0.158042,0.121541,,,,,,,0.045567,-0.020008,1.012173,-1.540000,-7.000000,54.669998
46835,,,,,,,,,,,,,,,,,,,,1.024206,0.079905,1.729025,,,,,,
46847,,,,,,,,,,,,,0.708943,3.803148,0.151234,0.113901,,,,,,,0.045567,-0.020008,1.012173,-2.450000,-12.250000,59.360001
46846,,,,,,,,,,,,,,,,,,,,1.024082,0.080363,1.736291,,,,,,
46862,,,,0.999206,0.039833,1.610640,0.204215,0.204215,,,,,,,,,,,,,,,,,,,,
46864,,,,,,,,,,,12.211946,12.270414,,,,,-0.035886,0.031233,-0.125344,,,,,,,,,
46865,,,,,,,,,,,,,1.195925,4.398808,0.194489,0.153151,,,,,,,,,,,,
46856,,,,,,,,,,,,,,,,,,,,1.023883,0.080941,1.747144,,,,,,
46868,,,,,,,,,,,,,,,,,,,,,,,0.137677,-0.013664,1.039257,-1.050000,1.750000,33.459999
46866,,,,,,,,,,,,,,,,,,,,1.023777,0.081842,1.754272,,,,,,
46873,,,,,,,,,,,,,,,,,,,,,,,0.111508,-0.021106,1.014918,1.540000,3.150000,30.170000
46877,,,,,,,,,,,,,1.956588,5.126663,0.184432,0.143528,,,,1.023595,0.082899,1.761543,,,,,,
46879,,,,,,,,,,,,,,,,,,,,,,,0.111508,-0.021106,1.014918,1.050000,-5.740000,27.580000
46886,,,,,,,,,,,,,,,,,,,,,,,0.111508,-0.021106,1.014918,1.050000,-18.200001,30.799999
46887,,,,,,,,,,,,,2.731777,5.399077,0.174184,0.139927,,,,,,,,,,,,
46885,,,,,,,,,,,,,,,,,,,,1.023314,0.083906,1.761545,,,,,,
46897,,,,,,,,,,,,,3.390552,6.180835,0.165474,0.129591,,,,,,,0.157868,0.004453,1.054995,-1.120000,-5.460000,24.780001
46895,,,,,,,,,,,,,,,,,,,,1.023050,0.085154,1.775620,,,,,,
46906,,,,,,,,,,,,,,,,,,,,,,,0.157868,0.004453,0.987407,0.420000,7.350000,24.920000
46907,,,,,,,,,,,,,3.953120,6.851018,0.158037,0.120731,,,,,,,,,,,,
46905,,,,,,,,,,,,,,,,,,,,1.022632,0.086455,1.775771,,,,,,
46912,,,,0.998554,0.053758,1.624580,0.252871,0.252871,,,,,,,,,,,,,,,,,,,,
46914,,,,,,,,,,,15.424664,15.169741,,,,,-0.026979,0.030229,-0.150218,,,,,,,,,
46921,,,,,,,,,,,,,4.856953,7.677943,0.200948,0.159397,,,,,,,,,,,,
46916,,,,,,,,,,,,,,,,,,,,1.022388,0.088046,1.782851,,,,,,
46926,,,,,,,,,,,,,,,,,,,,1.022033,0.089673,1.782846,0.141215,-0.004453,1.035231,-1.820000,-2.940000,17.430000
46927,,,,,,,,,,,,,6.014908,8.388490,0.185690,0.150035,,,,,,,,,,,,
46932,,,,,,,,,,,,,,,,,,,,,,,0.100955,-0.004453,1.035231,-1.540000,-2.940000,15.960000
46937,,,,,,,,,,,,,6.655039,8.652170,0.177255,0.146560,,,,,,,0.100955,-0.004453,1.035231,-1.960000,-8.400000,13.790000
46936,,,,,,,,,,,,,,,,,,,,1.021574,0.091275,1.782895,,,,,,
46943,,,,,,,,,,,,,,,,,,,,1.021101,0.092988,1.786450,,,,,,
46946,,,,,,,,,,,,,,,,,,,,,,,0.129930,-0.008601,1.038647,-0.910000,-5.460000,14.700000
46947,,,,,,,,,,,,,7.872030,9.552416,0.161219,0.134698,,,,,,,,,,,,
46956,,,,,,,,,,,,,,,,,,,,,,,0.129930,-0.008601,1.038647,2.170000,2.100000,16.309999
46957,,,,,,,,,,,,,8.275325,10.239800,0.155905,0.125640,,,,,,,,,,,,
46954,,,,,,,,,,,,,,,,,,,,1.020589,0.095064,1.789952,,,,,,
46962,,,,0.997520,0.070379,1.641234,0.305363,0.305363,,,,,,,,,,,,,,,,,,,,
46964,,,,,,,,,,,18.788017,18.465839,,,,,-0.018936,0.027906,-0.149050,,,,,,,,,
46965,,,,,,,,,,,,,,,,,,,,1.020137,0.097050,1.786451,,,,,,
46967,,,,,,,,,,,,,9.076767,10.729676,0.203237,0.175898,,,,,,,,,,,,
46970,,,,,,,,,,,,,,,,,,,,,,,0.103761,-0.021228,1.002901,1.120000,3.150000,14.630000
46980,,,,,,,,,,,,,10.115955,11.506713,0.189531,0.165650,,,,,,,,,,,,
46975,,,,,,,,,,,,,,,,,,,,1.019618,0.099308,1.790085,,,,,,
46984,,,,,,,,,,,,,,,,,,,,,,,0.103761,-0.021228,1.002901,-0.140000,-9.450000,13.580000
46987,,,,,,,,,,,,,11.091114,13.121148,0.176669,0.144356,,,,,,,,,,,,
46986,,,,,,,,,,,,,,,,,,,,1.019030,0.101474,1.793591,,,,,,
46989,,,,,,,,,,,,,,,,,,,,,,,0.098149,0.003477,1.056032,3.920000,-23.030001,12.880000
46994,,,,,,,,,,,,,,,,,,,,1.018396,0.103503,1.796978,,,,,,
46997,,,,,,,,,,,,,11.473193,13.716546,0.171630,0.136503,,,,,,,0.098149,0.003477,1.056032,3.290000,-1.680000,12.880000
47007,,,,,,,,,,,,,12.432392,14.319949,0.158979,0.128545,,,,,,,0.168970,-0.026413,0.972950,5.810000,18.760000,16.030001
47005,,,,,,,,,,,,,,,,,,,,1.017779,0.106285,1.800510,,,,,,
47012,,,,0.995956,0.089847,1.660765,0.361324,0.361324,,,,,,,,,,,,,,,,,,,,
47014,,,,,,,,,,,22.326668,22.061279,,,,,-0.010938,0.025018,-0.140428,,,,,,,,,
47021,,,,,,,,,,,,,13.134061,14.722252,0.210660,0.185129,,,,,,,,,,,,
47015,,,,,,,,,,,,,,,,,,,,1.017245,0.109066,1.804150,,,,,,
47027,,,,,,,,,,,,,13.873440,16.150557,0.200899,0.166274,,,,,,,0.168970,-0.012932,1.040355,7.000000,2.800000,18.969999
47026,,,,,,,,,,,,,,,,,,,,1.016532,0.111890,1.804200,,,,,,
47032,,,,,,,,,,,,,,,,,,,,,,,0.077958,-0.012932,1.040355,7.000000,0.630000,17.850000
47033,,,,,,,,,,,,,,,,,,,,1.015751,0.114641,1.811139,,,,,,
47037,,,,,,,,,,,,,14.827140,16.743105,0.188309,0.158451,,,,,,,0.077958,-0.012932,1.040355,6.370000,-15.260000,18.620001
47046,,,,,,,,,,,,,,,,,,,,,,,0.118950,0.008357,1.019432,7.140000,2.730000,14.420000
47047,,,,,,,,,,,,,15.435349,17.047441,0.180280,0.154434,,,,1.015156,0.117500,1.811080,,,,,,
47057,,,,,,,,,,,,,16.237333,17.593748,0.169693,0.147222,,,,,,,0.118950,0.008357,1.019432,5.600000,15.400000,15.050000
47054,,,,,,,,,,,,,,,,,,,,1.014312,0.120550,1.814532,,,,,,
47061,,,,0.993676,0.112286,1.683320,0.420396,0.420396,,,,,,,,,,,,,,,,,,,,
47063,,,,,,,,,,,26.044817,25.877863,,,,,-0.002939,0.022023,-0.131200,,,,,,,,,
47067,,,,,,,,,,,,,16.379372,18.607571,0.231946,0.199617,,,,,,,,,,,,
47065,,,,,,,,,,,,,,,,,,,,1.013511,0.123982,1.818229,,,,,,
47069,,,,,,,,,,,,,,,,,,,,,,,0.119499,-0.001464,0.994483,1.120000,15.820000,12.460000
47081,,,,,,,,,,,,,17.389706,19.264513,0.218591,0.190933,,,,,,,,,,,,
47075,,,,,,,,,,,,,,,,,,,,1.012680,0.127409,1.818285,,,,,,
47084,,,,,,,,,,,,,,,,,,,,,,,0.119499,0.015067,1.034926,-0.980000,-0.770000,10.290000
47087,,,,,,,,,,,,,18.212450,19.789913,0.207715,0.183988,,,,,,,,,,,,
47086,,,,,,,,,,,,,,,,,,,,1.011598,0.130693,1.821672,,,,,,
47089,,,,,,,,,,,,,,,,,,,,,,,0.085217,0.015067,1.034926,2.800000,-5.880000,9.450000
47096,,,,,,,,,,,,,,,,,,,,1.010682,0.134243,1.825109,0.187209,0.000061,1.039013,-1.470000,3.570000,10.220000
47097,,,,,,,,,,,,,19.133471,20.460747,0.195540,0.175120,,,,,,,,,,,,
47104,,,,,,,,,,,,,,,,,,,,1.009510,0.138178,1.825291,,,,,,
47107,,,,,,,,,,,,,19.903093,21.563320,0.185366,0.160545,,,,,,,0.187209,0.000061,1.039013,0.350000,12.880000,10.640000
47112,,,,0.990461,0.137792,1.709028,0.482232,0.482232,,,,,,,,,,,,,,,,,,,,
47114,,,,,,,,,,,29.872866,29.965374,,,,,0.004577,0.018553,-0.116715,1.008340,0.141988,1.828720,,,,,,
47117,,,,,,,,,,,,,21.126898,21.976257,0.235221,0.225576,,,,,,,,,,,,
47119,,,,,,,,,,,,,,,,,,,,,,,0.128466,0.007442,0.994178,-3.710000,13.160000,7.280000
47126,,,,,,,,,,,,,,,,,,,,1.007274,0.146064,1.828813,0.128466,0.007442,0.994178,-3.640000,3.570000,6.580000
47127,,,,,,,,,,,,,21.686512,22.959784,0.227816,0.212562,,,,,,,,,,,,
47140,,,,,,,,,,,,,,,0.210043,0.197461,,,,,,,,,,,,
47141,,,,,,,,,,,,,23.029667,24.100996,,,,,,,,,,,,,,
47136,,,,,,,,,,,,,,,,,,,,1.006107,0.150153,1.828848,,,,,,
47144,,,,,,,,,,,,,,,,,,,,,,,0.091988,0.006710,1.092083,-3.710000,-19.459999,8.750000
47147,,,,,,,,,,,,,23.782848,24.684263,0.200077,0.189743,,,,1.004885,0.153956,1.832211,,,,,,
47149,,,,,,,,,,,,,,,,,,,,,,,0.091988,0.006710,1.092083,-2.100000,-0.140000,7.840000
47154,,,,,,,,,,,,,,,,,,,,1.003429,0.158299,1.832155,,,,,,
47157,,,,,,,,,,,,,24.182032,25.461876,0.194794,0.179453,,,,,,,0.167567,-0.001220,0.958005,1.750000,23.030001,11.130000
47162,,,,0.986053,0.166429,1.738004,0.546492,0.546492,,,,,,,,,,,,,,,,,,,,
47164,,,,,,,,,,,33.754738,34.369678,,,,,0.012457,0.014739,-0.094659,,,,,,,,,
47167,,,,,,,,,,,,,25.558252,26.635113,0.243784,0.240114,,,,,,,,,,,,
47165,,,,,,,,,,,,,,,,,,,,1.002129,0.163085,1.832309,,,,,,
47170,,,,,,,,,,,,,,,,,,,,,,,0.167567,-0.001220,0.958005,-1.960000,-3.010000,10.920000
47181,,,,,,,,,,,,,26.182247,27.478111,0.235504,0.228928,,,,,,,,,,,,
47175,,,,,,,,,,,,,,,,,,,,1.000764,0.167639,1.835879,,,,,,
47184,,,,,,,,,,,,,,,,,,,,,,,0.077958,0.000732,1.080432,-4.410000,-14.000000,12.530000
47187,,,,,,,,,,,,,27.582525,28.672865,0.216923,0.213074,,,,,,,,,,,,
47186,,,,,,,,,,,,,,,,,,,,0.999312,0.172228,1.842744,,,,,,
47189,,,,,,,,,,,,,,,,,,,,,,,0.077958,0.000732,1.080432,6.650000,-41.650002,16.309999
47193,,,,,,,,,,,,,,,,,,,,0.997888,0.176610,1.842600,,,,,,
47196,,,,,,,,,,,,,,,,,,,,,,,0.139629,-0.000854,1.059082,3.150000,-28.420000,16.309999
47197,,,,,,,,,,,,,28.665371,29.582783,0.202554,0.201000,,,,,,,,,,,,
47204,,,,,,,,,,,,,,,,,,,,0.996458,0.181501,1.842541,,,,,,
47207,,,,,,,,,,,,,28.970444,30.281399,0.198505,0.191729,,,,,,,0.139629,-0.000854,1.059082,-3.010000,20.510000,20.790001
47212,,,,0.980157,0.198224,1.770342,0.612846,0.612846,,,,,,,,,,,,,,,,,,,,
47214,,,,,,,,,,,37.698833,38.975803,,,,,0.020536,0.011262,-0.072441,0.994854,0.186908,1.846134,,,,,,
47217,,,,,,,,,,,,,29.400219,30.503256,0.261193,0.268615,,,,,,,,,,,,
47219,,,,,,,,,,,,,,,,,,,,,,,0.138470,0.001769,0.999119,-3.080000,11.130000,24.850000
47227,,,,,,,,,,,,,30.171904,31.643454,0.250928,0.253447,,,,,,,0.138470,0.001769,1.014796,-11.410000,-8.750000,22.540001
47224,,,,,,,,,,,,,,,,,,,,0.993061,0.192156,1.853059,,,,,,
47241,,,,,,,,,,,,,31.374136,33.011463,0.234934,0.235248,,,,,,,,,,,,
47235,,,,,,,,,,,,,,,,,,,,0.991315,0.197142,1.856463,,,,,,
47244,,,,,,,,,,,,,,,,,,,,,,,0.060817,0.038552,1.014796,9.240000,-46.900002,31.080000
47247,,,,,,,,,,,,,32.610390,33.988033,0.218488,0.222256,,,,,,,,,,,,
47245,,,,,,,,,,,,,,,,,,,,0.989707,0.202228,1.859653,,,,,,
47250,,,,,,,,,,,,,,,,,,,,,,,0.195749,-0.010858,1.013210,2.730000,-3.920000,29.540001
47256,,,,,,,,,,,,,,,,,,,,,,,0.195749,-0.010858,1.013210,-1.610000,9.870000,30.730000
47257,,,,,,,,,,,,,32.875111,34.577934,0.214966,0.214409,,,,,,,,,,,,
47255,,,,,,,,,,,,,,,,,,,,0.987917,0.207701,1.863118,,,,,,
47262,,,,0.972438,0.233163,1.806125,0.680973,0.680973,,,,,,,,,,,,,,,,,,,,
47264,,,,,,,,,,,41.785027,43.624702,,,,,0.028888,0.007578,-0.056679,,,,,,,,,
47267,,,,,,,,,,,,,33.755299,35.742073,0.274071,0.279470,,,,,,,,,,,,
47266,,,,,,,,,,,,,,,,,,,,0.985948,0.213765,1.866815,,,,,,
47269,,,,,,,,,,,,,,,,,,,,,,,0.139812,0.035807,0.944890,-7.980000,23.309999,29.400000
47274,,,,,,,,,,,,,,,,,,,,0.983724,0.219797,1.877122,,,,,,
47277,,,,,,,,,,,,,34.320652,36.530411,0.266542,0.268972,,,,,,,0.139812,0.035807,0.944890,-3.920000,17.500000,29.260000
47284,,,,,,,,,,,,,,,,,,,,0.981659,0.225587,1.880606,,,,,,
47287,,,,,,,,,,,,,35.434204,37.839897,0.251713,0.251534,,,,,,,0.143594,0.022448,1.085312,-2.030000,-28.629999,31.639999
47301,,,,,,,,,,,,,36.082909,38.498844,0.243074,0.242759,,,,,,,,,,,,
47295,,,,,,,,,,,,,,,,,,,,0.979468,0.231475,1.887394,,,,,,
47303,,,,,,,,,,,,,,,,,,,,,,,0.143594,0.022448,1.085312,2.450000,7.980000,33.529999
47307,,,,,,,,,,,,,36.958393,39.933765,0.231416,0.223650,,,,,,,,,,,,
47306,,,,,,,,,,,,,,,,,,,,0.977148,0.237664,1.894221,,,,,,
47309,,,,,,,,,,,,,,,,,,,,,,,0.167079,0.023607,1.001437,-19.320000,19.950001,29.120001
47311,,,,0.962528,0.271182,1.845418,0.750560,0.750560,,,,,,,,,,,,,,,,,,,,
47314,,,,,,,,,,,46.047894,48.225552,,,,,0.036515,0.003325,-0.048598,0.974709,0.244230,1.897731,,,,,,
47317,,,,,,,,,,,,,37.694645,40.747944,0.295304,0.292367,,,,,,,,,,,,
47319,,,,,,,,,,,,,,,,,,,,,,,0.167079,0.023607,1.001437,21.980000,9.800000,33.040001
47327,,,,,,,,,,,,,38.732189,41.840919,0.281503,0.277828,,,,,,,0.118645,-0.006100,0.959896,-8.330000,0.000000,27.650000
47325,,,,,,,,,,,,,,,,,,,,0.972418,0.250938,1.904482,,,,,,
47340,,,,,,,,,,,,,,,0.266879,0.264411,,,,,,,,,,,,
47341,,,,,,,,,,,,,39.831596,42.849632,,,,,,,,,,,,,,
47336,,,,,,,,,,,,,,,,,,,,0.969887,0.257298,1.907927,,,,,,
47344,,,,,,,,,,,,,,,,,,,,,,,0.118645,-0.006100,0.959896,3.850000,-9.730000,28.420000
47347,,,,,,,,,,,,,40.573685,43.113056,0.257008,0.260907,,,,,,,,,,,,
47346,,,,,,,,,,,,,,,,,,,,0.967378,0.263946,1.911312,,,,,,
47349,,,,,,,,,,,,,,,,,,,,,,,0.173484,0.037515,1.112335,9.380000,-11.970000,29.190001
47357,,,,,,,,,,,,,41.639286,44.311672,0.242833,0.244963,,,,,,,0.173484,0.037515,1.112335,9.940000,-3.500000,33.180000
47356,,,,,,,,,,,,,,,,,,,,0.964656,0.270770,1.918035,,,,,,
47362,,,,0.950027,0.312168,1.888270,0.821304,0.821304,,,,,,,,,,,,,,,,,,,,
47364,,,,,,,,,,,50.159893,53.152344,,,,,0.043991,-0.000258,-0.029934,,,,,,,,,
47367,,,,,,,,,,,,,42.337055,44.585602,0.304928,0.326815,,,,0.961901,0.277813,1.921461,,,,,,
47370,,,,,,,,,,,,,,,,,,,,,,,0.155184,0.026840,0.904142,-1.540000,26.600000,33.599998
47374,,,,,,,,,,,,,,,,,,,,0.958872,0.285170,1.924965,,,,,,
47377,,,,,,,,,,,,,43.530369,45.949493,0.289020,0.308632,,,,,,,0.155184,0.026840,0.904142,8.820000,16.240000,34.369999
47387,,,,,,,,,,,,,44.456772,47.051533,0.276669,0.293941,,,,,,,0.108641,0.027206,1.034438,15.470000,-18.480000,38.430000
47384,,,,,,,,,,,,,,,,,,,,0.955844,0.292404,1.935018,,,,,,
47401,,,,,,,,,,,,,45.063057,48.052303,0.268587,0.280599,,,,,,,,,,,,
47395,,,,,,,,,,,,,,,,,,,,0.952979,0.299792,1.944951,,,,,,
47404,,,,,,,,,,,,,,,,,,,,,,,0.108641,0.027206,1.002352,11.760000,8.330000,45.849998
47405,,,,,,,,,,,,,,,,,,,,0.949928,0.307468,1.948347,,,,,,
47408,,,,,,,,,,,,,46.489079,49.783596,0.249576,0.257519,,,,,,,,,,,,
47410,,,,,,,,,,,,,,,,,,,,,,,0.194224,0.000854,1.002352,-7.280000,8.190000,47.599998
47411,,,,0.934508,0.355942,1.934718,0.892911,0.892911,,,,,,,,,,,,,,,,,,,,
47414,,,,,,,,,,,54.299881,58.116482,,,,,0.050831,-0.003478,-0.013792,,,,,,,,,
47417,,,,,,,,,,,,,46.914806,50.286728,0.315742,0.336942,,,,,,,,,,,,
47415,,,,,,,,,,,,,,,,,,,,0.946551,0.315233,1.961700,,,,,,
47420,,,,,,,,,,,,,,,,,,,,,,,0.129137,0.072041,1.014186,-3.360000,4.060000,45.430000
47426,,,,,,,,,,,,,,,,,,,,,,,0.129137,0.072041,1.014186,-13.230000,5.670000,45.990002
47427,,,,,,,,,,,,,47.611340,51.533436,0.306448,0.320307,,,,,,,,,,,,
47425,,,,,,,,,,,,,,,,,,,,0.943111,0.322907,1.965117,,,,,,
47437,,,,,,,,,,,,,48.723484,52.564995,0.291608,0.306542,,,,,,,0.117547,0.084790,0.990030,-30.100000,9.660000,46.410000
47435,,,,,,,,,,,,,,,,,,,,0.939462,0.330747,1.978301,,,,,,
47447,,,,,,,,,,,,,49.215866,53.544106,0.285038,0.293477,,,,,,,0.117547,0.084790,0.990030,2.590000,1.470000,47.389999
47446,,,,,,,,,,,,,,,,,,,,0.935599,0.338709,1.984989,,,,,,
47461,,,,,,,,,,,,,50.204140,54.245640,0.271851,0.284116,,,,,,,,,,,,
47463,,,,0.915524,0.402264,1.984785,0.965097,0.965097,,,,,,,,,,,,,,,,,,,,
47465,,,,,,,,,,,58.581654,63.150116,,,,,0.065637,-0.007106,-0.000446,,,,,,,,,
47464,,,,,,,,,,,,,,,,,,,,0.927713,0.354960,2.001525,,,,,,
47467,,,,,,,,,,,,,51.180416,55.474800,0.333137,0.355069,,,,,,,,,,,,
47469,,,,,,,,,,,,,,,,,,,,,,,0.153171,0.032086,0.970876,-16.450001,20.230000,46.340000
47474,,,,,,,,,,,,,,,,,,,,,,,0.107726,0.053680,1.042185,19.110001,15.750000,53.759998
47477,,,,,,,,,,,,,52.311180,56.468475,0.318040,0.341803,,,,,,,,,,,,
47475,,,,,,,,,,,,,,,,,,,,0.923747,0.363354,2.008111,,,,,,
47480,,,,,,,,,,,,,,,,,,,,,,,0.107726,0.053680,1.042185,5.740000,-8.610000,52.009998
47487,,,,,,,,,,,,,53.392834,57.442440,0.303600,0.328801,,,,,,,0.107726,0.053680,1.042185,-19.950001,-14.000000,54.810001
47485,,,,,,,,,,,,,,,,,,,,0.919498,0.371842,2.014759,,,,,,
47497,,,,,,,,,,,,,54.144157,58.636135,0.293569,0.312864,,,,,,,0.156709,0.074237,1.009489,14.210000,-9.870000,56.070000
47496,,,,,,,,,,,,,,,,,,,,0.915357,0.379782,2.021266,,,,,,
47507,,,,,,,,,,,,,54.940804,59.272350,0.282934,0.304370,,,,,,,0.156709,0.074237,1.009489,-9.940000,7.000000,57.540001
47506,,,,,,,,,,,,,,,,,,,,0.910853,0.388412,2.031091,,,,,,
47512,,,,0.892616,0.450818,2.038478,1.037585,1.037585,,,,,,,,,,,,,,,,,,,,
47514,,,,,,,,,,,62.827740,67.916595,,,,,0.064782,-0.011249,0.007694,0.906125,0.397240,2.044093,,,,,,
47521,,,,,,,,,,,,,55.634674,60.408138,0.347302,0.371866,,,,,,,,,,,,
47526,,,,,,,,,,,,,,,,,,,,,,,0.130052,0.083936,1.019615,-7.700000,-29.610001,55.299999
47527,,,,,,,,,,,,,56.915726,60.932117,0.330206,0.364874,,,,,,,,,,,,
47524,,,,,,,,,,,,,,,,,,,,0.901335,0.405797,2.053722,,,,,,
47532,,,,,,,,,,,,,,,,,,,,,,,0.055327,0.092232,1.077504,-11.410000,-48.439999,52.779999
47537,,,,,,,,,,,,,57.864124,62.293541,0.317550,0.346706,,,,,,,0.055327,0.092232,1.077504,-18.410000,-68.320000,54.110001
47535,,,,,,,,,,,,,,,,,,,,0.896502,0.414380,2.063364,,,,,,
47547,,,,,,,,,,,,,58.934410,63.799938,0.303267,0.326603,,,,,,,0.055327,0.092232,1.077504,11.900000,-34.580002,55.720001
47546,,,,,,,,,,,,,,,,,,,,0.891546,0.422917,2.082392,,,,,,
47561,,,,,,,,,,,,,59.530857,64.420189,0.295308,0.318326,,,,,,,,,,,,
47563,,,,0.865326,0.501209,2.095792,1.110109,1.110109,,,,,,,,,,,,,,,,,,,,
47565,,,,,,,,,,,67.287086,72.804916,,,,,0.080325,-0.015324,0.013735,,,,,,,,,
47554,,,,,,,,,,,,,,,,,,,,0.886427,0.431928,2.101488,,,,,,
47567,,,,,,,,,,,,,60.036076,65.054214,0.365893,0.394631,,,,0.881076,0.440982,2.114194,,,,,,
47569,,,,,,,,,,,,,,,,,,,,,,,0.122915,0.062037,0.901214,-2.100000,8.890000,61.320000
47574,,,,,,,,,,,,,,,,,,,,0.875542,0.450154,2.123760,0.152805,0.072712,0.865956,21.000000,20.370001,63.910000
47577,,,,,,,,,,,,,60.815342,66.121918,0.355496,0.380386,,,,,,,,,,,,
47579,,,,,,,,,,,,,,,,,,,,,,,0.152805,0.072712,0.865956,6.790000,8.400000,67.550003
47587,,,,,,,,,,,,,62.369125,67.367371,0.334765,0.363769,,,,,,,0.159149,0.094367,1.034682,-10.080000,0.210000,64.959999
47585,,,,,,,,,,,,,,,,,,,,0.869865,0.459353,2.133251,,,,,,
47597,,,,,,,,,,,,,63.030537,68.346916,0.325940,0.350699,,,,,,,0.159149,0.094367,1.034682,26.320000,4.760000,65.309998
47596,,,,,,,,,,,,,,,,,,,,0.863957,0.468550,2.145940,,,,,,
47607,,,,,,,,,,,,,63.480492,69.053337,0.319937,0.341274,,,,,,,0.146522,0.085888,0.905911,-10.290000,25.830000,64.400002
47606,,,,,,,,,,,,,,,,,,,,0.857931,0.477970,2.158467,,,,,,
47612,,,,0.833207,0.552962,2.156711,1.182410,1.182410,,,,,,,,,,,,,,,,,,,,
47614,,,,,,,,,,,72.147293,76.902664,,,,,0.077048,-0.020845,0.000103,,,,,,,,,
47622,,,,,,,,,,,,,64.494698,69.922501,0.390256,0.400344,,,,,,,,,,,,
47616,,,,,,,,,,,,,,,,,,,,0.851551,0.487627,2.171127,,,,,,
47626,,,,,,,,,,,,,,,,,,,,,,,0.146522,0.118157,0.946659,-3.290000,10.290000,69.720001
47625,,,,,,,,,,,,,,,,,,,,0.845085,0.497125,2.183625,,,,,,
47632,,,,,,,,,,,,,,,,,,,,,,,0.121634,0.118157,0.946659,17.290001,0.840000,63.490002
47637,,,,,,,,,,,,,65.606789,70.882553,0.375482,0.387590,,,,,,,0.121634,0.118157,0.946659,9.800000,2.590000,67.269997
47636,,,,,,,,,,,,,,,,,,,,0.838407,0.506643,2.193009,,,,,,
47643,,,,,,,,,,,,,,,,,,,,0.831682,0.516016,2.205299,,,,,,
47647,,,,,,,,,,,,,66.516724,72.087273,0.363393,0.371585,,,,,,,0.142130,0.100589,0.866261,2.800000,12.880000,59.919998
47654,,,,,,,,,,,,,,,,,,,,0.824724,0.525785,2.214644,,,,,,
47657,,,,,,,,,,,,,68.016899,73.227859,0.343463,0.356432,,,,,,,0.142130,0.100589,0.866261,-8.400000,-5.320000,55.790001
47662,,,,0.795837,0.605511,2.221204,1.254240,1.254240,,,,,,,,,,,,,,,,,,,,
47664,,,,,,,,,,,76.439156,81.641716,,,,,0.081327,-0.024734,0.007176,,,,,,,,,
47667,,,,,,,,,,,,,69.419373,73.803879,0.399059,0.430742,,,,,,,,,,,,
47665,,,,,,,,,,,,,,,,,,,,0.817353,0.535315,2.226960,,,,,,
47670,,,,,,,,,,,,,,,,,,,,,,,0.176046,0.135237,0.980392,14.350000,-22.049999,50.750000
47681,,,,,,,,,,,,,70.520500,75.345039,0.384423,0.410258,,,,,,,,,,,,
47675,,,,,,,,,,,,,,,,,,,,0.810264,0.544655,2.233120,,,,,,
47684,,,,,,,,,,,,,,,,,,,,,,,0.176046,0.135237,0.980392,7.630000,-13.930000,47.110001
47687,,,,,,,,,,,,,72.575256,76.634621,0.357113,0.393118,,,,,,,,,,,,
47685,,,,,,,,,,,,,,,,,,,,0.802628,0.554360,2.242351,,,,,,
47689,,,,,,,,,,,,,,,,,,,,,,,0.109739,0.104127,0.864736,9.730000,-10.430000,49.630001
47697,,,,,,,,,,,,,73.504715,77.461128,0.344759,0.382132,,,,,,,0.109739,0.104127,0.864736,-5.740000,-8.540000,49.490002
47696,,,,,,,,,,,,,,,,,,,,0.794888,0.564105,2.251439,,,,,,
47707,,,,,,,,,,,,,73.868881,78.290726,0.339919,0.371106,,,,,,,0.175558,0.083631,0.883097,-4.480000,9.100000,53.200001
47706,,,,,,,,,,,,,,,,,,,,0.787103,0.573712,2.257639,,,,,,
47712,,,,0.752837,0.658207,2.289231,1.325359,1.325359,,,,,,,,,,,,,,,,,,,,
47714,,,,,,,,,,,80.057083,86.916916,,,,,0.087077,-0.027077,0.031641,0.778706,0.583920,2.269904,,,,,,
47722,,,,,,,,,,,,,74.704597,79.163452,0.391643,0.451117,,,,,,,,,,,,
47726,,,,,,,,,,,,,,,,,,,,,,,0.109983,0.101016,0.831491,-31.500000,36.470001,51.520000
47725,,,,,,,,,,,,,,,,,,,,0.770304,0.593671,2.276101,,,,,,
47727,,,,,,,,,,,,,75.120926,79.894646,0.386088,0.441361,,,,,,,,,,,,
47731,,,,,,,,,,,,,,,,,,,,,,,0.109983,0.101016,0.831491,-2.660000,22.260000,52.779999
47737,,,,,,,,,,,,,76.192215,81.337997,0.371795,0.422104,,,,,,,0.106689,0.138043,0.997167,-18.410000,3.220000,58.380001
47735,,,,,,,,,,,,,,,,,,,,0.761672,0.603685,2.285305,,,,,,
47747,,,,,,,,,,,,,77.267960,82.145950,0.357442,0.411324,,,,,,,0.106689,0.138043,0.997167,-2.030000,-33.950001,64.260002
47746,,,,,,,,,,,,,,,,,,,,0.752848,0.613353,2.294461,,,,,,
47757,,,,,,,,,,,,,78.488037,83.670364,0.341163,0.390984,,,,,,,0.128771,0.080398,0.902190,16.660000,-55.860001,72.309998
47754,,,,,,,,,,,,,,,,,,,,0.744053,0.623308,2.309505,,,,,,
47762,,,,0.703886,0.710313,2.360738,1.395537,1.395537,,,,,,,,,,,,,,,,,,,,
47764,,,,,,,,,,,83.651764,92.008476,,,,,0.091433,-0.028861,0.051357,,,,,,,,,
47767,,,,,,,,,,,,,79.017227,84.506111,0.396527,0.468270,,,,,,,,,,,,
47765,,,,,,,,,,,,,,,,,,,,0.735268,0.632937,2.321438,,,,,,
47769,,,,,,,,,,,,,,,,,,,,,,,0.128771,0.080398,0.902190,23.309999,6.230000,76.300003
47781,,,,,,,,,,,,,79.513374,85.710915,0.389898,0.452173,,,,,,,,,,,,
47776,,,,,,,,,,,,,,,,,,,,0.725958,0.643113,2.333544,,,,,,
47784,,,,,,,,,,,,,,,,,,,,,,,0.079788,0.113582,0.930372,26.110001,-10.290000,90.019997
47783,,,,,,,,,,,,,,,,,,,,0.716711,0.652975,2.351560,,,,,,
47787,,,,,,,,,,,,,80.359131,86.470840,0.378598,0.442020,,,,,,,,,,,,
47790,,,,,,,,,,,,,,,,,,,,,,,0.079788,0.113582,0.930372,-4.270000,-26.809999,85.330002
47794,,,,,,,,,,,,,,,,,,,,0.706856,0.662794,2.366567,,,,,,
47797,,,,,,,,,,,,,81.092957,87.852798,0.368794,0.423556,,,,,,,0.147132,0.213439,0.942389,-58.590000,-43.049999,92.959999
47804,,,,,,,,,,,,,,,,,,,,0.696798,0.672223,2.384526,,,,,,
47807,,,,,,,,,,,,,,,0.359994,0.408238,,,,,,,0.147132,0.213439,0.942389,-30.799999,-11.270000,95.550003
47808,,,,,,,,,,,,,81.751587,88.999313,,,,,,,,,,,,,,
47812,,,,0.648742,0.761009,2.435663,1.464551,1.464551,,,,,,,,,,,,,,,,,,,,
47814,,,,,,,,,,,87.910561,96.433372,,,,,0.095887,-0.031525,0.051527,,,,,,,,,
47817,,,,,,,,,,,,,82.369820,89.649284,0.425447,0.476100,,,,,,,,,,,,
47815,,,,,,,,,,,,,,,,,,,,0.686447,0.681870,2.402493,,,,,,
47820,,,,,,,,,,,,,,,,,,,,,,,0.117120,0.207583,0.848571,-34.160000,29.610001,100.940002
47826,,,,,,,,,,,,,,,,,,,,0.675766,0.691677,2.417296,0.117120,0.207583,0.848571,32.900002,32.970001,99.260002
47827,,,,,,,,,,,,,82.896431,90.652229,0.418433,0.462741,,,,,,,,,,,,
47841,,,,,,,,,,,,,84.013184,91.695465,0.403557,0.448844,,,,,,,,,,,,
47837,,,,,,,,,,,,,,,,,,,,0.665235,0.701510,2.437930,,,,,,
47844,,,,,,,,,,,,,,,,,,,,0.654084,0.711248,2.452677,0.101077,0.163297,0.836432,-13.440000,10.640000,99.610001
47847,,,,,,,,,,,,,85.171211,92.600586,0.388131,0.436788,,,,,,,,,,,,
47850,,,,,,,,,,,,,,,,,,,,,,,0.174887,0.204106,0.909693,11.690000,1.540000,103.459999
47857,,,,,,,,,,,,,85.703232,93.574326,0.381045,0.423817,,,,,,,0.174887,0.204106,0.909693,28.559999,-24.080000,102.620003
47855,,,,,,,,,,,,,,,,,,,,0.642915,0.720829,2.470265,,,,,,
47862,,,,0.587254,0.809403,2.513931,1.532188,1.532188,,,,,,,,,,,,,,,,,,,,
47864,,,,,,,,,,,92.377403,100.506363,,,,,0.098756,-0.034750,0.044472,,,,,,,,,
47865,,,,,,,,,,,,,,,,,,,,0.631603,0.730292,2.490685,,,,,,
47867,,,,,,,,,,,,,86.444962,94.129501,0.448338,0.486759,,,,,,,,,,,,
47870,,,,,,,,,,,,,,,,,,,,,,,0.110044,0.244305,0.841739,-6.580000,-24.360001,94.709999
47877,,,,,,,,,,,,,87.320259,94.907990,0.436707,0.476415,,,,,,,0.110044,0.244305,0.841739,-5.600000,-8.190000,93.379997
47875,,,,,,,,,,,,,,,,,,,,0.619783,0.739520,2.505326,,,,,,
47887,,,,,,,,,,,,,88.863144,96.346886,0.416206,0.457295,,,,,,,0.110044,0.220454,0.707051,-15.190000,3.010000,98.559998
47886,,,,,,,,,,,,,,,,,,,,0.607785,0.748498,2.525679,,,,,,
47901,,,,,,,,,,,,,89.656464,97.160339,0.405665,0.446486,,,,,,,,,,,,
47896,,,,,,,,,,,,,,,,,,,,0.595604,0.757524,2.537278,,,,,,
47904,,,,,,,,,,,,,,,,,,,,0.583215,0.766163,2.551812,0.124074,0.220454,0.707051,4.900000,-2.940000,89.320000
47907,,,,,,,,,,,,,90.545853,97.748375,0.393847,0.438673,,,,,,,,,,,,
47910,,,,,,,,,,,,,,,,,,,,,,,0.161040,0.277794,0.995337,1.750000,-14.070000,87.220001
47912,,,,0.519388,0.854539,2.595458,1.598247,1.598247,,,,,,,,,,,,,,,,,,,,
47914,,,,,,,,,,,96.475777,104.691422,,,,,0.102193,-0.037931,0.044681,,,,,,,,,
47915,,,,,,,,,,,,,,,,,,,,0.570590,0.774696,2.566187,,,,,,
47917,,,,,,,,,,,,,90.810890,98.438118,0.461185,0.501867,,,,,,,,,,,,
47920,,,,,,,,,,,,,,,,,,,,,,,0.161040,0.277794,0.995337,28.490000,-42.630001,87.989998
47927,,,,,,,,,,,,,91.824715,99.384224,0.447712,0.489294,,,,,,,0.085400,0.205387,0.879132,35.209999,-39.060001,90.860001
47925,,,,,,,,,,,,,,,,,,,,0.557941,0.783385,2.583458,,,,,,
47941,,,,,,,,,,,,,93.375534,100.522163,0.427103,0.474172,,,,,,,,,,,,
47936,,,,,,,,,,,,,,,,,,,,0.544535,0.792178,2.603521,,,,,,
47944,,,,,,,,,,,,,,,,,,,,,,,0.085400,0.205387,0.879132,10.010000,37.099998,95.269997
47943,,,,,,,,,,,,,,,,,,,,0.530843,0.800649,2.618006,,,,,,
47947,,,,,,,,,,,,,94.077614,101.003227,0.417773,0.467779,,,,,,,,,,,,
47950,,,,,,,,,,,,,,,,,,,,,,,0.119987,0.159393,0.665144,25.270000,27.370001,94.360001
47957,,,,,,,,,,,,,94.317680,101.769264,0.414582,0.457599,,,,,,,0.119987,0.159393,0.665144,-8.680000,46.130001,96.389999
47954,,,,,,,,,,,,,,,,,,,,0.517389,0.809111,2.635142,,,,,,
47962,,,,0.445239,0.895412,2.680151,1.662531,1.662531,,,,,,,,,,,,,,,,,,,,
47964,,,,,,,,,,,100.408394,108.802437,,,,,0.104982,-0.040532,0.046015,,,,,,,,,
47965,,,,,,,,,,,,,,,,,,,,0.503077,0.817315,2.649483,,,,,,
47967,,,,,,,,,,,,,95.329453,102.663918,0.469076,0.516722,,,,,,,,,,,,
47970,,,,,,,,,,,,,,,,,,,,,,,0.147193,0.293471,0.912865,-37.099998,9.030000,86.239998
47977,,,,,,,,,,,,,96.020233,103.320740,0.459903,0.508000,,,,,,,0.147193,0.293471,0.912865,6.300000,-24.500000,90.160004
47975,,,,,,,,,,,,,,,,,,,,0.488863,0.825015,2.666727,,,,,,
47987,,,,,,,,,,,,,97.301056,104.544350,0.442895,0.491752,,,,,,,0.096807,0.251686,0.810751,12.460000,-37.590000,91.980003
47986,,,,,,,,,,,,,,,,,,,,0.474309,0.832934,2.680880,,,,,,
48001,,,,,,,,,,,,,98.495163,105.777245,0.427039,0.475381,,,,,,,,,,,,
47995,,,,,,,,,,,,,,,,,,,,0.460057,0.840509,2.700719,,,,,,
48004,,,,,,,,,,,,,,,,,,,,,,,0.096807,0.251686,0.810751,8.050000,42.000000,94.220001
48007,,,,,,,,,,,,,99.257538,106.246986,0.416916,0.469143,,,,,,,,,,,,
48005,,,,,,,,,,,,,,,,,,,,0.444857,0.847778,2.715030,,,,,,
48010,,,,,,,,,,,,,,,,,,,,,,,0.129930,0.218868,0.806481,1.190000,55.650002,87.290001
48012,,,,0.365048,0.930989,2.767908,1.724855,1.724855,,,,,,,,,,,,,,,,,,,,
48014,,,,,,,,,,,103.901947,113.017174,,,,,0.107108,-0.042749,0.053968,,,,,,,,,
48017,,,,,,,,,,,,,99.434273,107.020798,0.475000,0.531782,,,,,,,,,,,,
48016,,,,,,,,,,,,,,,,,,,,0.429873,0.855101,2.729097,,,,,,
48020,,,,,,,,,,,,,,,,,,,,,,,0.119072,0.229116,0.787083,-3.710000,60.270000,92.750000
48026,,,,,,,,,,,,,,,,,,,,0.414037,0.862556,2.746075,0.119072,0.229116,0.787083,-32.759998,20.440001,81.269997
48027,,,,,,,,,,,,,100.062592,107.539139,0.466647,0.524892,,,,,,,,,,,,
48037,,,,,,,,,,,,,101.095467,108.476730,0.452916,0.512428,,,,,,,0.119072,0.229116,1.043893,11.550000,-14.630000,88.900002
48036,,,,,,,,,,,,,,,,,,,,0.398605,0.869096,2.757363,,,,,,
48044,,,,,,,,,,,,,,,,,,,,0.382921,0.875835,2.777074,,,,,,
48047,,,,,,,,,,,,,102.407303,109.701996,0.435477,0.496140,,,,,,,0.074054,0.318725,1.043893,14.560000,-69.720001,94.500000
48062,,,,0.279214,0.960229,2.858617,1.785044,1.785044,,,,,,,,,,,,,,,,,,,,
48064,,,,,,,,,,,106.384666,117.977005,,,,,0.125512,-0.042114,0.080897,,,,,,,,,
48066,,,,,,,,,,,,,103.136627,110.712608,0.468874,0.568829,,,,,,,,,,,,
48054,,,,,,,,,,,,,,,,,,,,0.367182,0.882380,2.793944,,,,,,
48065,,,,,,,,,,,,,,,,,,,,0.351489,0.888416,2.810936,,,,,,
48069,,,,,,,,,,,,,,,,,,,,,,,0.143411,0.240279,0.875289,-6.300000,22.049999,95.690002
48074,,,,,,,,,,,,,,,,,,,,,,,0.143411,0.240279,0.875289,-13.720000,57.189999,101.500000
48077,,,,,,,,,,,,,103.573463,111.983574,0.463045,0.551872,,,,,,,,,,,,
48075,,,,,,,,,,,,,,,,,,,,0.334927,0.894664,2.827761,,,,,,
48080,,,,,,,,,,,,,,,,,,,,,,,0.080276,0.159576,0.640866,-14.070000,68.949997,99.260002
48087,,,,,,,,,,,,,104.416649,113.111977,0.451796,0.536817,,,,,,,0.080276,0.159576,0.640866,-13.930000,52.430000,99.680000
48086,,,,,,,,,,,,,,,,,,,,0.318322,0.900570,2.841670,,,,,,
48097,,,,,,,,,,,,,104.835472,113.794884,0.446208,0.527705,,,,,,,0.176168,0.343308,1.033828,15.820000,16.730000,127.120003
48096,,,,,,,,,,,,,,,,,,,,0.300776,0.906303,2.861218,,,,,,
48104,,,,,,,,,,,,,,,,,,,,0.283685,0.911677,2.883573,,,,,,
48107,,,,,,,,,,,,,105.721497,114.901787,0.434387,0.512937,,,,,,,0.176168,0.343308,1.033828,25.549999,-51.660000,130.970001
48112,,,,0.188302,0.982111,2.952160,1.842929,1.842929,,,,,,,,,,,,,,,,,,,,
48114,,,,,,,,,,,110.320381,121.155579,,,,,0.111549,-0.043945,0.069992,0.266687,0.916721,2.908726,,,,,,
48122,,,,,,,,,,,,,106.641357,116.247284,0.490141,0.549807,,,,,,,,,,,,
48127,,,,,,,,,,,,,106.578255,117.469048,0.490979,0.533581,,,,,,,0.090402,0.284931,0.693204,-10.850000,71.750000,146.860001
48125,,,,,,,,,,,,,,,,,,,,0.249570,0.921609,2.931164,,,,,,
48133,,,,,,,,,,,,,,,,,,,,,,,0.067527,0.248880,0.666791,-22.469999,95.480003,140.630005
48137,,,,,,,,,,,,,107.316719,118.244408,0.481172,0.523284,,,,,,,,,,,,
48135,,,,,,,,,,,,,,,,,,,,0.231522,0.926362,2.956195,,,,,,
48138,,,,,,,,,,,,,,,,,,,,,,,0.067527,0.248880,0.666791,-44.939999,76.930000,145.389999
48147,,,,,,,,,,,,,108.107674,118.381714,0.470667,0.521460,,,,,,,0.067527,0.248880,0.666791,-21.350000,40.599998,140.559998
48146,,,,,,,,,,,,,,,,,,,,0.213196,0.930684,2.981059,,,,,,
48161,,,,,,,,,,,,,108.782631,119.364258,0.461704,0.508412,,,,,,,,,,,,
48164,,,,0.093049,0.995662,3.048409,1.898352,1.898352,,,,,,,,,,,,0.176390,0.937845,3.031096,,,,,,
48166,,,,,,,,,,,114.011215,124.717751,,,,,0.127507,-0.045277,0.067035,,,,,,,,,
48167,,,,,,,,,,,,,109.386490,120.075554,0.517354,0.560412,,,,,,,,,,,,
48169,,,,,,,,,,,,,,,,,,,,,,,0.144753,0.482693,0.966484,12.390000,-46.689999,132.229996
48174,,,,,,,,,,,,,,,,,,,,0.158321,0.940717,3.055968,0.071004,0.416386,0.842898,-23.799999,-82.669998,136.639999
48177,,,,,,,,,,,,,110.860367,120.994904,0.497815,0.548225,,,,,,,,,,,,
48180,,,,,,,,,,,,,,,,,,,,,,,0.071004,0.416386,0.842898,-34.650002,-86.099998,133.350006
48186,,,,,,,,,,,,,,,,,,,,,,,0.071004,0.416386,0.842898,0.490000,-4.970000,131.110001
48187,,,,,,,,,,,,,111.958626,122.134125,0.483256,0.533122,,,,,,,,,,,,
48185,,,,,,,,,,,,,,,,,,,,0.140481,0.943090,3.078470,,,,,,
48194,,,,,,,,,,,,,,,,,,,,0.121715,0.945348,3.097974,,,,,,
48197,,,,,,,,,,,,,113.096603,122.737961,0.468170,0.525117,,,,,,,0.054717,0.383995,0.841373,-11.830000,61.250000,125.650002
48204,,,,,,,,,,,,,,,,,,,,0.102696,0.947371,3.119741,,,,,,
48207,,,,,,,,,,,,,113.494255,122.685005,0.462898,0.525819,,,,,,,0.054717,0.383995,0.722850,20.860001,35.000000,131.389999
48212,,,,-0.005638,0.999984,-3.135955,1.951165,1.951165,,,,,,,,,,,,,,,,,,,,
48214,,,,,,,,,,,118.941971,126.446030,,,,,0.110930,-0.050265,0.031624,,,,,,,,,
48221,,,,,,,,,,,,,,,0.543296,0.550130,,,,,,,,,,,,
48222,,,,,,,,,,,,,113.824982,123.085655,,,,,,,,,,,,,,
48215,,,,,,,,,,,,,,,,,,,,0.083624,0.948992,-3.138340,,,,,,
48227,,,,,,,,,,,,,,,0.538796,0.540740,,,,,,,0.120597,0.499468,0.967765,-11.480000,-38.919998,124.669998
48228,,,,,,,,,,,,,114.165947,123.797234,,,,,,,,,,,,,,
48226,,,,,,,,,,,,,,,,,,,,0.064301,0.950127,-3.118979,,,,,,
48232,,,,,,,,,,,,,,,,,,,,,,,0.071004,0.499468,0.967765,-55.160000,-35.139999,124.599998
48237,,,,,,,,,,,,,115.559944,124.845573,0.520400,0.526905,,,,,,,,,,,,
48238,,,,,,,,,,,,,,,,,,,,,,,0.071004,0.499468,0.967765,-33.180000,-32.619999,118.089996
48236,,,,,,,,,,,,,,,,,,,,0.045491,0.950329,-3.096611,,,,,,
48247,,,,,,,,,,,,,116.674309,125.027298,0.505694,0.524507,,,,0.026445,0.950514,-3.077091,0.091073,0.335195,0.729194,3.570000,10.990000,119.910004
48257,,,,,,,,,,,,,117.749809,125.321899,0.491501,0.520619,,,,,,,0.091073,0.335195,0.729194,-13.510000,26.950001,111.300003
48254,,,,,,,,,,,,,,,,,,,,0.007131,0.950383,-3.057991,,,,,,
48262,,,,-0.106688,0.994293,-3.034702,2.001226,2.001226,,,,,,,,,,,,,,,,,,,,
48264,,,,,,,,,,,122.351791,129.277512,,,,,0.109833,-0.053326,0.026333,,,,,,,,,
48265,,,,,,,,,,,,,,,,,,,,-0.012341,0.949948,-3.038645,,,,,,
48267,,,,,,,,,,,,,118.328148,125.799500,0.542533,0.563031,,,,,,,,,,,,
48270,,,,,,,,,,,,,,,,,,,,,,,0.130723,0.351482,0.657214,49.910000,0.420000,96.250000
48281,,,,,,,,,,,,,119.565079,126.251549,0.526201,0.557063,,,,,,,,,,,,
48275,,,,,,,,,,,,,,,,,,,,-0.031973,0.949391,-3.022000,,,,,,
48284,,,,,,,,,,,,,,,,,,,,,,,0.130723,0.351482,0.657214,-14.700000,24.570000,90.300003
48287,,,,,,,,,,,,,120.218788,126.736458,0.517570,0.550660,,,,,,,,,,,,
48285,,,,,,,,,,,,,,,,,,,,-0.052160,0.947939,-3.007945,,,,,,
48290,,,,,,,,,,,,,,,,,,,,,,,0.116388,0.371002,0.866078,-39.480000,23.660000,80.779999
48297,,,,,,,,,,,,,120.800819,126.830589,0.509885,0.549417,,,,,,,0.116388,0.371002,0.866078,-1.820000,-1.120000,77.629997
48296,,,,,,,,,,,,,,,,,,,,-0.071737,0.945862,-2.993941,,,,,,
48307,,,,,,,,,,,,,121.705627,127.321335,0.497939,0.542938,,,,,,,0.130662,0.399489,0.909937,-33.669998,-32.549999,82.879997
48306,,,,,,,,,,,,,,,,,,,,-0.091375,0.943743,-2.979976,,,,,,
48312,,,,-0.208879,0.977942,-2.931164,2.048404,2.048404,,,,,,,,,,,,,,,,,,,,
48314,,,,,,,,,,,123.936073,133.325302,,,,,0.110461,-0.052791,0.051059,-0.110564,0.941070,-2.968930,,,,,,
48322,,,,,,,,,,,,,122.228264,128.034698,0.518412,0.603524,,,,,,,,,,,,
48324,,,,,,,,,,,,,,,,,,,,-0.130181,0.938649,-2.952273,,,,,,
48327,,,,,,,,,,,,,,,,,,,,,,,0.130662,0.399489,0.862479,17.990000,-10.850000,74.339996
48328,,,,,,,,,,,,,124.389519,129.275055,0.489726,0.587061,,,,,,,,,,,,
48332,,,,,,,,,,,,,,,,,,,,,,,0.070882,0.293898,0.862479,-20.370001,60.759998,85.330002
48335,,,,,,,,,,,,,,,,,,,,-0.150395,0.935415,-2.941301,,,,,,
48337,,,,,,,,,,,,,125.038246,130.347580,0.481115,0.572825,,,,,,,,,,,,
48338,,,,,,,,,,,,,,,,,,,,,,,0.070882,0.293898,0.862479,-36.119999,96.389999,87.430000
48347,,,,,,,,,,,,,124.917152,130.479431,0.482722,0.571075,,,,,,,0.060634,0.132553,0.405711,-11.690000,99.330002,90.440002
48345,,,,,,,,,,,,,,,,,,,,-0.171477,0.931649,-2.927351,,,,,,
48357,,,,,,,,,,,,,124.219719,130.538193,0.491979,0.570295,,,,,,,0.060634,0.132553,0.405711,1.050000,42.980000,113.050003
48356,,,,,,,,,,,,,,,,,,,,-0.191911,0.928253,-2.910961,,,,,,
48362,,,,-0.310859,0.950456,-2.825496,2.092578,2.092578,,,,,,,,,,,,,,,,,,,,
48364,,,,,,,,,,,124.477676,137.656052,,,,,0.110699,-0.049062,0.086314,,,,,,,,,
48367,,,,,,,,,,,,,124.179085,131.742371,0.501890,0.629434,,,,,,,,,,,,
48366,,,,,,,,,,,,,,,,,,,,-0.212225,0.924256,-2.894386,,,,,,
48370,,,,,,,,,,,,,,,,,,,,,,,0.138287,0.500627,1.248304,45.639999,6.790000,113.190002
48381,,,,,,,,,,,,,124.785889,133.064880,0.493803,0.611810,,,,,,,,,,,,
48373,,,,,,,,,,,,,,,,,,,,-0.232459,0.919900,-2.877685,,,,,,
48384,,,,,,,,,,,,,,,,,,,,,,,0.138287,0.200690,0.531127,-10.220000,-13.930000,126.559998
48387,,,,,,,,,,,,,125.317215,134.218628,0.486722,0.596434,,,,-0.252627,0.915141,-2.852495,,,,,,
48389,,,,,,,,,,,,,,,,,,,,,,,0.022692,0.200690,0.531127,-37.590000,-69.370003,135.309998
48394,,,,,,,,,,,,,,,,,,,,-0.272440,0.909894,-2.829894,,,,,,
48397,,,,,,,,,,,,,125.129303,135.279404,0.489227,0.582297,,,,,,,0.096746,0.453291,0.801479,37.240002,-83.790001,139.509995
48407,,,,,,,,,,,,,,,,,,,,,,,0.096746,0.453291,0.801479,22.540001,-58.520000,164.990005
48404,,,,,,,,,,,,,,,,,,,,-0.291837,0.904220,-2.798433,,,,,,
48408,,,,,,,,,,,,,125.341568,136.453369,0.486398,0.566652,,,,,,,,,,,,
48412,,,,-0.411171,0.911558,-2.717855,2.133634,2.133634,,,,,,,,,,,,,,,,,,,,
48414,,,,,,,,,,,127.202225,140.150085,,,,,0.109705,-0.047439,0.081055,,,,,,,,,
48415,,,,,,,,,,,,,,,,,,,,-0.312129,0.898119,-2.770576,,,,,,
48417,,,,,,,,,,,,,125.724991,136.811249,0.528380,0.604835,,,,,,,,,,,,
48420,,,,,,,,,,,,,,,,,,,,,,,0.081252,0.317078,0.711809,16.870001,41.930000,165.759995
48427,,,,,,,,,,,,,125.986511,137.559097,0.524915,0.594927,,,,,,,0.081252,0.317078,0.711809,98.980003,-16.590000,174.580002
48425,,,,,,,,,,,,,,,,,,,,-0.332239,0.892255,-2.745421,,,,,,
48441,,,,,,,,,,,,,126.303017,138.428192,0.520722,0.583413,,,,,,,,,,,,
48435,,,,,,,,,,,,,,,,,,,,-0.352197,0.885539,-2.714198,,,,,,
48444,,,,,,,,,,,,,,,,,,,,,,,0.098881,0.578036,0.991433,-55.930000,-57.119999,180.809998
48447,,,,,,,,,,,,,127.190819,140.121567,0.508960,0.560978,,,,,,,,,,,,
48446,,,,,,,,,,,,,,,,,,,,-0.371542,0.877663,-2.682590,,,,,,
48450,,,,,,,,,,,,,,,,,,,,,,,0.098881,0.578036,0.991433,-23.730000,-77.559998,177.729996
48453,,,,,,,,,,,,,,,,,,,,-0.390808,0.870025,-2.656220,,,,,,
48457,,,,,,,,,,,,,127.419243,140.446640,0.505934,0.556671,,,,,,,0.058194,0.363926,0.598166,20.860001,-42.279999,183.399994
48462,,,,-0.508282,0.861191,-2.608404,2.171469,2.171469,,,,,,,,,,,,,,,,,,,,
48464,,,,,,,,,,,131.202438,141.382629,,,,,0.107772,-0.047503,0.049210,,,,,,,,,
48467,,,,,,,,,,,,,127.975349,140.059021,0.567296,0.582956,,,,-0.410835,0.861785,-2.622478,,,,,,
48470,,,,,,,,,,,,,,,,,,,,,,,0.058194,0.363926,0.598166,-4.480000,38.500000,188.860001
48476,,,,,,,,,,,,,,,,,,,,,,,0.062769,0.505507,0.835822,10.430000,37.799999,179.270004
48477,,,,,,,,,,,,,128.456268,140.263824,0.560964,0.580260,,,,-0.430282,0.852884,-2.597233,,,,,,
48487,,,,,,,,,,,,,129.183121,140.741074,0.551395,0.573977,,,,,,,0.062769,0.505507,0.835822,-34.720001,3.290000,178.850006
48485,,,,,,,,,,,,,,,,,,,,-0.449837,0.843419,-2.556856,,,,,,
48501,,,,,,,,,,,,,130.254410,141.177032,0.537291,0.568237,,,,,,,,,,,,
48495,,,,,,,,,,,,,,,,,,,,-0.468804,0.833480,-2.527915,,,,,,
48504,,,,,,,,,,,,,,,,,,,,,,,0.068625,0.512461,0.776347,-6.930000,-6.510000,160.860001
48507,,,,,,,,,,,,,131.258621,141.351532,0.524070,0.565940,,,,,,,,,,,,
48505,,,,,,,,,,,,,,,,,,,,-0.487671,0.823485,-2.504079,,,,,,
48512,,,,-0.600623,0.799532,-2.497313,2.205987,2.205987,,,,,,,,,,,,,,,,,,,,
48514,,,,,,,,,,,135.174545,141.953003,,,,,0.104949,-0.048313,0.011481,,,,,,,,,
48515,,,,,,,,,,,,,,,,,,,,,,,0.081252,0.556320,0.759633,-26.389999,33.880001,156.240005
48517,,,,,,,,,,,,,131.323654,141.464462,0.591308,0.574233,,,,,,,,,,,,
48516,,,,,,,,,,,,,,,,,,,,-0.506164,0.812677,-2.481060,,,,,,
48521,,,,,,,,,,,,,,,,,,,,,,,0.081252,0.556320,0.759633,-55.369999,11.900000,151.830002
48524,,,,,,,,,,,,,,,,,,,,-0.524508,0.801289,-2.454566,,,,,,
48527,,,,,,,,,,,,,132.510162,141.566788,0.575714,0.572888,,,,,,,0.081252,0.556320,0.654835,-5.880000,-9.310000,148.330002
48547,,,,,,,,,,,,,133.491226,141.675491,0.562821,0.571459,,,,,,,,,,,,
48545,,,,,,,,,,,,,,,,,,,,-0.560486,0.776595,-2.400908,,,,,,
48550,,,,,,,,,,,,,,,,,,,,,,,0.108580,0.493551,0.654835,-76.790001,22.120001,119.839996
48556,,,,,,,,,,,,,,,,,,,,,,,0.089426,0.520025,0.795501,-36.820000,17.080000,119.000000
48557,,,,,,,,,,,,,133.954117,141.381210,0.556737,0.575327,,,,,,,,,,,,
48555,,,,,,,,,,,,,,,,,,,,-0.577968,0.764074,-2.383634,,,,,,
48562,,,,-0.686628,0.727009,-2.384752,2.237101,2.237101,,,,,,,,,,,,,,,,,,,,
48564,,,,,,,,,,,137.428802,143.566864,,,,,0.104280,-0.048170,0.003397,,,,,,,,,
48565,,,,,,,,,,,,,,,,,,,,,,,0.089426,0.520025,0.795501,-52.849998,-2.800000,112.699997
48567,,,,,,,,,,,,,134.201920,141.553284,0.592198,0.600777,,,,,,,,,,,,
48566,,,,,,,,,,,,,,,,,,,,-0.595016,0.750970,-2.362446,,,,,,
48571,,,,,,,,,,,,,,,,,,,,,,,0.100772,0.755302,0.915305,-22.469999,-63.910000,105.419998
48574,,,,,,,,,,,,,,,,,,,,-0.611459,0.737320,-2.341060,,,,,,
48577,,,,,,,,,,,,,135.304733,142.023193,0.577679,0.594590,,,,,,,0.100772,0.755302,0.915305,-32.830002,-75.949997,107.309998
48587,,,,,,,,,,,,,136.520859,143.279892,0.561669,0.578046,,,,,,,0.040809,0.398025,0.630435,-92.680000,-18.620001,91.489998
48584,,,,,,,,,,,,,,,,,,,,-0.627043,0.722742,-2.327956,,,,,,
48601,,,,,,,,,,,,,137.680847,143.761215,0.546397,0.571709,,,,,,,,,,,,
48595,,,,,,,,,,,,,,,,,,,,-0.643116,0.708555,-2.312407,,,,,,
48604,,,,,,,,,,,,,,,,,,,,,,,0.040809,0.398025,0.630435,39.900002,11.620000,81.410004
48607,,,,,,,,,,,,,137.965561,143.081589,0.542649,0.580656,,,,,,,,,,,,
48605,,,,,,,,,,,,,,,,,,,,-0.660211,0.693776,-2.299235,,,,,,
48610,,,,,,,,,,,,,,,,,,,,,,,0.097234,0.185318,0.458232,37.869999,3.360000,82.529999
48612,,,,-0.764777,0.644296,-2.270898,2.264737,2.264737,,,,,,,,,,,,,,,,,,,,
48615,,,,,,,,,,,137.514236,146.808487,,,,,0.106212,-0.045444,0.031685,,,,,,,,,
48617,,,,,,,,,,,,,137.651367,142.509003,0.548240,0.644213,,,,,,,,,,,,
48616,,,,,,,,,,,,,,,,,,,,-0.677010,0.678480,-2.284410,,,,,,
48621,,,,,,,,,,,,,,,,,,,,,,,0.097234,0.185318,0.458232,37.450001,21.629999,56.910000
48624,,,,,,,,,,,,,,,,,,,,-0.692835,0.662522,-2.272440,,,,,,
48627,,,,,,,,,,,,,137.682617,143.369553,0.547825,0.632809,,,,,,,0.146034,0.632692,0.897737,7.350000,-3.220000,31.639999
48637,,,,,,,,,,,,,138.109177,143.954300,0.542172,0.625059,,,,,,,0.146034,0.632692,0.897737,-5.810000,-11.200000,42.910000
48635,,,,,,,,,,,,,,,,,,,,-0.707959,0.646400,-2.260281,,,,,,
48647,,,,,,,,,,,,,138.174088,144.248444,0.541312,0.621161,,,,,,,0.073993,0.393328,0.604144,-19.320000,-53.200001,96.529999
48646,,,,,,,,,,,,,,,,,,,,-0.723062,0.630247,-2.244917,,,,,,
48663,,,,-0.833638,0.552311,-2.155930,2.288825,2.288825,,,,,,,,,,,,,,,,,,,,
48665,,,,,,,,,,,135.500000,151.247589,,,,,0.127826,-0.038324,0.088922,,,,,,,,,
48666,,,,,,,,,,,,,138.402390,145.195084,0.503250,0.685798,,,,-0.751697,0.596649,-2.207059,,,,,,
48656,,,,,,,,,,,,,,,,,,,,-0.737626,0.613610,-2.226279,,,,,,
48669,,,,,,,,,,,,,,,,,,,,,,,0.073993,0.393328,0.604144,-21.559999,-39.480000,113.330002
48674,,,,,,,,,,,,,,,,,,,,,,,0.084790,0.496967,0.984967,-25.340000,-13.720000,100.169998
48677,,,,,,,,,,,,,138.701797,147.065979,0.499252,0.660820,,,,,,,,,,,,
48676,,,,,,,,,,,,,,,,,,,,-0.765523,0.578921,-2.188303,,,,,,
48680,,,,,,,,,,,,,,,,,,,,,,,0.040077,0.196298,0.440786,20.370001,34.720001,108.010002
48684,,,,,,,,,,,,,,,,,,,,-0.779796,0.561637,-2.172808,,,,,,
48687,,,,,,,,,,,,,138.203751,147.928879,0.505902,0.649299,,,,,,,0.040077,0.196298,0.440786,-3.500000,100.029999,121.870003
48694,,,,,,,,,,,,,,,,,,,,-0.794083,0.543213,-2.148003,,,,,,
48697,,,,,,,,,,,,,137.291199,148.099747,0.518085,0.647018,,,,,,,0.040077,0.616039,1.011685,-28.559999,46.340000,160.300003
48707,,,,,,,,,,,,,137.040237,149.445847,0.521436,0.629046,,,,,,,0.120353,0.616039,1.011685,8.820000,7.070000,185.850006
48704,,,,,,,,,,,,,,,,,,,,-0.807609,0.524464,-2.118783,,,,,,
48712,,,,-0.891916,0.452202,-2.040028,2.309306,2.309306,,,,,,,,,,,,,,,,,,,,
48714,,,,,,,,,,,137.023987,152.141953,,,,,0.107098,-0.035082,0.079268,,,,,,,,,
48715,,,,,,,,,,,,,,,,,,,,-0.820764,0.505362,-2.087914,,,,,,
48723,,,,,,,,,,,,,136.930222,150.611984,0.549337,0.628824,,,,,,,,,,,,
48727,,,,,,,,,,,,,,,,,,,,,,,0.037881,0.347883,0.533506,28.910000,-34.509998,202.720001
48728,,,,,,,,,,,,,136.990646,150.576538,0.548537,0.629293,,,,,,,,,,,,
48725,,,,,,,,,,,,,,,,,,,,-0.833452,0.486203,-2.053064,,,,,,
48733,,,,,,,,,,,,,,,,,,,,,,,0.037881,0.347883,0.533506,33.740002,-80.779999,210.210007
48737,,,,,,,,,,,,,137.419830,151.312759,0.542855,0.619546,,,,,,,,,,,,
48738,,,,,,,,,,,,,,,,,,,,,,,0.073993,0.716567,0.997228,-17.010000,-87.080002,221.479996
48735,,,,,,,,,,,,,,,,,,,,-0.845762,0.467242,-2.016932,,,,,,
48747,,,,,,,,,,,,,137.706192,152.088531,0.539064,0.609275,,,,,,,0.073993,0.716567,0.997228,-3.220000,-82.599998,217.979996
48745,,,,,,,,,,,,,,,,,,,,-0.856708,0.448132,-1.988959,,,,,,
48757,,,,,,,,,,,,,138.424118,153.148453,0.529559,0.595242,,,,,,,0.058865,0.422059,0.617808,32.759998,-24.709999,217.000000
48756,,,,,,,,,,,,,,,,,,,,-0.868034,0.427621,-1.934844,,,,,,
48762,,,,-0.938484,0.345322,-1.923378,2.326132,2.326132,,,,,,,,,,,,,,,,,,,,
48764,,,,,,,,,,,141.605194,150.441422,,,,,0.101881,-0.037023,0.015001,,,,,,,,,
48763,,,,,,,,,,,,,,,,,,,,-0.879227,0.406678,-1.892520,,,,,,
48767,,,,,,,,,,,,,139.308167,153.454010,0.596510,0.562304,,,,,,,,,,,,
48770,,,,,,,,,,,,,,,,,,,,,,,0.058865,0.422059,0.617808,-60.759998,120.260002,217.839996
48781,,,,,,,,,,,,,139.295273,152.380524,0.596678,0.576365,,,,,,,,,,,,
48773,,,,,,,,,,,,,,,,,,,,-0.889771,0.385793,-1.855368,,,,,,
48784,,,,,,,,,,,,,,,,,,,,-0.900213,0.364168,-1.815365,0.064294,0.375089,0.630313,7.070000,78.680000,210.979996
48787,,,,,,,,,,,,,139.586411,152.387024,0.592865,0.576280,,,,,,,,,,,,
48789,,,,,,,,,,,,,,,,,,,,,,,0.064294,0.375089,0.630313,-22.680000,41.580002,195.649994
48794,,,,,,,,,,,,,,,,,,,,-0.908149,0.343445,-1.783145,,,,,,
48797,,,,,,,,,,,,,,,,,,,,,,,0.054961,0.852414,1.097268,25.760000,17.010000,186.619995
48798,,,,,,,,,,,,,140.446060,151.727554,0.581604,0.584919,,,,,,,,,,,,
48807,,,,,,,,,,,,,142.642532,151.552124,0.552833,0.587217,,,,,,,0.054961,0.852414,1.097268,22.889999,23.100000,182.070007
48805,,,,,,,,,,,,,,,,,,,,-0.916649,0.322445,-1.763905,,,,,,
48812,,,,-0.972429,0.233201,-1.806165,2.339260,2.339260,,,,,,,,,,,,,,,,,,,,
48814,,,,,,,,,,,144.731796,148.710449,,,,,0.098171,-0.038021,-0.034786,,,,,,,,,
48822,,,,,,,,,,,,,142.704132,150.932434,0.605490,0.565733,,,,,,,,,,,,
48815,,,,,,,,,,,,,,,,,,,,-0.925132,0.301113,-1.733278,,,,,,
48827,,,,,,,,,,,,,,,,,,,,,,,0.021533,0.271938,0.366793,6.580000,-79.730003,155.050003
48828,,,,,,,,,,,,,142.203384,150.971039,0.612050,0.565227,,,,,,,,,,,,
48826,,,,,,,,,,,,,,,,,,,,-0.932707,0.280135,-1.712203,,,,,,
48833,,,,,,,,,,,,,,,,,,,,,,,0.069174,0.977464,1.169675,-11.340000,-81.900002,157.779999
48837,,,,,,,,,,,,,143.228577,150.605682,0.598620,0.570013,,,,,,,,,,,,
48838,,,,,,,,,,,,,,,,,,,,,,,0.069174,0.977464,1.169675,-24.080000,-22.190001,147.210007
48836,,,,,,,,,,,,,,,,,,,,-0.938990,0.258501,-1.681022,,,,,,
48844,,,,,,,,,,,,,,,,,,,,-0.944954,0.236829,-1.646905,,,,,,
48847,,,,,,,,,,,,,145.022278,150.163727,0.575122,0.575803,,,,,,,0.069174,0.977464,0.613904,19.879999,-31.570000,141.679993
48854,,,,,,,,,,,,,,,,,,,,-0.950495,0.215606,-1.626595,,,,,,
48857,,,,,,,,,,,,,,,0.553147,0.578268,,,,,,,0.017385,0.404003,0.613904,-38.500000,20.580000,145.389999
48858,,,,,,,,,,,,,146.699707,149.975586,,,,,,,,,,,,,,
48862,,,,-0.993072,0.117506,-1.688575,2.348661,2.348661,,,,,,,,,,,,,,,,,,,,
48864,,,,,,,,,,,146.060242,148.334000,,,,,0.099841,-0.037300,-0.052383,-0.955711,0.193362,-1.622876,,,,,,
48867,,,,,,,,,,,,,147.349854,149.522842,0.567274,0.577695,,,,,,,,,,,,
48870,,,,,,,,,,,,,,,,,,,,,,,0.016714,0.241926,0.610793,-9.030000,14.980000,130.339996
48881,,,,,,,,,,,,,146.511337,148.734970,0.578306,0.588061,,,,,,,,,,,,
48876,,,,,,,,,,,,,,,,,,,,-0.961118,0.169309,-1.593761,,,,,,
48885,,,,,,,,,,,,,,,,,,,,,,,0.016714,0.241926,0.610793,24.080000,10.360000,111.580002
48883,,,,,,,,,,,,,,,,,,,,-0.965212,0.146776,-1.563447,,,,,,
48887,,,,,,,,,,,,,146.181534,148.052505,0.582645,0.597039,,,,,,,,,,,,
48890,,,,,,,,,,,,,,,,,,,,,,,0.114558,0.963068,1.135881,-33.669998,12.670000,110.669998
48896,,,,,,,,,,,,,,,,,,,,,,,0.114558,0.963068,1.135881,-66.220001,5.600000,106.190002
48897,,,,,,,,,,,,,145.906876,148.026596,0.586259,0.597380,,,,-0.968278,0.123798,-1.544047,,,,,,
48907,,,,,,,,,,,,,,,,,,,,,,,0.025864,0.499346,0.648064,11.830000,2.800000,100.029999
48908,,,,,,,,,,,,,146.167542,147.442352,0.582829,0.605067,,,,,,,,,,,,
48904,,,,,,,,,,,,,,,,,,,,-0.970602,0.101830,-1.524664,,,,,,
48912,,,,-1.000000,0.000000,-1.570796,2.354310,2.354310,,,,,,,,,,,,,,,,,,,,
48914,,,,,,,,,,,145.609573,149.681076,,,,,0.100211,-0.034463,-0.037697,,,,,,,,,
48923,,,,,,,,,,,,,145.963379,147.754059,0.577765,0.624178,,,,,,,,,,,,
48915,,,,,,,,,,,,,,,,,,,,-0.972855,0.079280,-1.509295,,,,,,
48927,,,,,,,,,,,,,,,,,,,,,,,0.025864,0.499346,0.905179,5.390000,-46.619999,96.320000
48925,,,,,,,,,,,,,,,,,,,,-0.974428,0.056915,-1.478885,,,,,,
48932,,,,,,,,,,,,,,,,,,,,,,,0.048312,0.705526,0.905179,-8.540000,-29.120001,83.510002
48937,,,,,,,,,,,,,,,0.571141,0.621305,,,,,,,0.048312,0.705526,0.905179,-16.030001,-21.420000,90.650002
48938,,,,,,,,,,,,,146.464874,147.971558,,,,,,,,,,,,,,
48936,,,,,,,,,,,,,,,,,,,,-0.975361,0.035608,-1.475153,,,,,,
48944,,,,,,,,,,,,,,,,,,,,-0.975562,0.013265,-1.460258,,,,,,
48947,,,,,,,,,,,,,146.055557,148.464294,0.576547,0.614797,,,,,,,0.076494,0.493978,0.845826,-23.590000,-0.490000,80.360001
48957,,,,,,,,,,,,,,,,,,,,,,,0.076494,0.493978,0.845826,22.120001,7.420000,89.529999
48958,,,,,,,,,,,,,146.096085,148.638474,0.576012,0.612496,,,,,,,,,,,,
48954,,,,,,,,,,,,,,,,,,,,-0.975419,-0.009954,-1.445527,,,,,,
48962,,,,-0.993072,-0.117506,-1.453018,2.356194,2.356194,,,,,,,,,,,,,,,,,,,,
48964,,,,,,,,,,,143.890717,151.917679,,,,,0.103995,-0.031362,-0.002125,,,,,,,,,
48967,,,,,,,,,,,,,145.963120,148.708557,0.548092,0.650210,,,,,,,,,,,,
48965,,,,,,,,,,,,,,,,,,,,-0.974803,-0.033162,-1.423443,,,,,,
48970,,,,,,,,,,,,,,,,,,,,,,,0.137860,0.506361,0.665815,0.700000,-19.389999,92.820000
48982,,,,,,,,,,,,,145.940094,149.351379,0.548397,0.641689,,,,,,,,,,,,
48976,,,,,,,,,,,,,,,,,,,,-0.973508,-0.056156,-1.408921,,,,,,
48984,,,,,,,,,,,,,,,,,,,,,,,0.137860,0.506361,0.665815,-19.740000,-42.070000,66.360001
48987,,,,,,,,,,,,,146.367279,151.380554,0.542735,0.614791,,,,,,,,,,,,
48989,,,,,,,,,,,,,,,,,,,,,,,0.060695,0.542595,0.793610,10.710000,-3.150000,49.209999
48986,,,,,,,,,,,,,,,,,,,,-0.971231,-0.078612,-1.394336,,,,,,
48994,,,,,,,,,,,,,,,,,,,,-0.969146,-0.101634,-1.376367,,,,,,
48997,,,,,,,,,,,,,145.795532,151.091904,0.550313,0.618617,,,,,,,0.060695,0.542595,0.793610,31.780001,27.160000,105.419998
49007,,,,,,,,,,,,,145.083771,151.180008,0.559748,0.617449,,,,,,,0.106506,0.402600,0.571387,-14.000000,17.709999,125.230003
49004,,,,,,,,,,,,,,,,,,,,-0.966396,-0.124930,-1.351305,,,,,,
49012,,,,-0.972429,-0.233201,-1.335428,2.354310,2.354310,,,,,,,,,,,,,,,,,,,,
49014,,,,,,,,,,,142.610794,152.925049,,,,,0.104038,-0.029867,0.019330,,,,,,,,,
49015,,,,,,,,,,,,,,,,,,,,-0.962887,-0.148294,-1.326537,,,,,,
49017,,,,,,,,,,,,,145.009460,151.205627,0.538676,0.634472,,,,,,,,,,,,
49020,,,,,,,,,,,,,,,,,,,,,,,0.093025,0.458049,0.712785,-7.700000,-6.930000,125.370003
49027,,,,,,,,,,,,,144.712067,151.628098,0.542615,0.628877,,,,,,,0.093025,0.458049,0.712785,-62.230000,1.820000,127.400002
49025,,,,,,,,,,,,,,,,,,,,-0.959301,-0.171181,-1.316308,,,,,,
49041,,,,,,,,,,,,,144.474915,151.888046,0.545755,0.625434,,,,,,,,,,,,
49036,,,,,,,,,,,,,,,,,,,,-0.955006,-0.194296,-1.302559,,,,,,
49044,,,,,,,,,,,,,,,,,,,,,,,0.071675,0.594262,0.813679,27.510000,-23.379999,148.119995
49047,,,,,,,,,,,,,144.171341,152.217560,0.549776,0.621070,,,,,,,,,,,,
49046,,,,,,,,,,,,,,,,,,,,-0.950264,-0.216898,-1.267746,,,,,,
49050,,,,,,,,,,,,,,,,,,,,,,,0.071675,0.594262,0.813679,12.040000,-12.040000,146.509995
49054,,,,,,,,,,,,,,,,,,,,-0.944779,-0.239489,-1.240274,,,,,,
49057,,,,,,,,,,,,,144.381882,152.761932,0.546987,0.613860,,,,,,,0.087962,0.450485,0.704245,2.240000,-14.420000,144.619995
49062,,,,-0.938484,-0.345322,-1.218214,2.348661,2.348661,,,,,,,,,,,,,,,,,,,,
49064,,,,,,,,,,,141.913956,152.852203,,,,,0.101900,-0.028849,0.024895,-0.939207,-0.262004,-1.220019,,,,,,
49067,,,,,,,,,,,,,144.381638,153.666626,0.535027,0.600640,,,,,,,,,,,,
49070,,,,,,,,,,,,,,,,,,,,,,,0.087962,0.450485,0.704245,-62.299999,57.400002,160.509995
49077,,,,,,,,,,,,,144.048859,153.473114,0.539427,0.603199,,,,,,,0.102175,0.403027,0.494039,0.630000,63.560001,154.770004
49075,,,,,,,,,,,,,,,,,,,,-0.932280,-0.285400,-1.196695,,,,,,
49087,,,,,,,,,,,,,143.768158,152.798477,0.543138,0.612119,,,,,,,0.102175,0.403027,0.494039,-29.049999,27.299999,166.320007
49085,,,,,,,,,,,,,,,,,,,,-0.925626,-0.308714,-1.166988,,,,,,
49101,,,,,,,,,,,,,143.245667,153.274231,0.550047,0.605829,,,,,,,,,,,,
49096,,,,,,,,,,,,,,,,,,,,-0.918075,-0.331022,-1.137398,,,,,,
49104,,,,,,,,,,,,,,,,,,,,,,,0.080215,0.627568,0.787815,49.630001,-12.950000,156.589996
49107,,,,,,,,,,,,,143.118439,153.294281,0.551729,0.605563,,,,,,,,,,,,
49109,,,,,,,,,,,,,,,,,,,,,,,0.080215,0.627568,0.787815,-58.029999,-39.270000,159.250000
49112,,,,-0.891916,-0.452202,-1.101564,2.339260,2.339260,,,,,,,,,,,,,,,,,,,,
49114,,,,,,,,,,,140.854141,152.965805,,,,,0.118902,-0.027763,0.036470,-0.901388,-0.374847,-1.085251,,,,,,
49106,,,,,,,,,,,,,,,,,,,,-0.910352,-0.353260,-1.107832,,,,,,
49117,,,,,,,,,,,,,143.247284,153.983276,0.531765,0.598406,,,,,,,,,,,,
49121,,,,,,,,,,,,,,,,,,,,,,,0.031781,0.530090,0.693570,30.170000,-2.310000,155.610001
49127,,,,,,,,,,,,,143.189911,153.881348,0.532524,0.599754,,,,,,,0.031781,0.530090,0.693570,-7.420000,-6.510000,168.699997
49125,,,,,,,,,,,,,,,,,,,,-0.892831,-0.396637,-1.059197,,,,,,
49141,,,,,,,,,,,,,142.999710,153.575821,0.535039,0.603795,,,,,,,,,,,,
49136,,,,,,,,,,,,,,,,,,,,-0.883063,-0.418339,-1.033916,,,,,,
49144,,,,,,,,,,,,,,,,,,,,,,,0.066002,0.571570,0.855952,4.690000,-30.730000,161.419998
49147,,,,,,,,,,,,,143.393799,154.138443,0.529827,0.596354,,,,,,,,,,,,
49146,,,,,,,,,,,,,,,,,,,,-0.873420,-0.439545,-0.998736,,,,,,
49150,,,,,,,,,,,,,,,,,,,,,,,0.050203,0.611159,0.858514,-25.620001,-44.169998,163.240005
49157,,,,,,,,,,,,,143.286926,154.483231,0.531241,0.591794,,,,,,,0.050203,0.611159,0.858514,-43.889999,-50.889999,169.119995
49156,,,,,,,,,,,,,,,,,,,,-0.862448,-0.460423,-0.973713,,,,,,
49162,,,,-0.833638,-0.552311,-0.985663,2.326132,2.326132,,,,,,,,,,,,,,,,,,,,
49164,,,,,,,,,,,142.060730,149.841034,,,,,0.093788,-0.028600,-0.007207,-0.851644,-0.481096,-0.945405,,,,,,
49167,,,,,,,,,,,,,142.876663,153.970856,0.557528,0.545129,,,,,,,,,,,,
49170,,,,,,,,,,,,,,,,,,,,,,,0.031049,0.411750,0.595299,22.049999,22.750000,181.020004
49177,,,,,,,,,,,,,143.386169,153.798477,0.550837,0.547393,,,,,,,0.031049,0.411750,0.595299,9.590000,20.370001,177.240005
49174,,,,,,,,,,,,,,,,,,,,-0.839851,-0.502311,-0.914698,,,,,,
49187,,,,,,,,,,,,,143.209778,153.020203,0.553153,0.557614,,,,,,,0.031049,0.672830,0.918599,37.380001,13.300000,163.729996
49185,,,,,,,,,,,,,,,,,,,,-0.827521,-0.523301,-0.884012,,,,,,
49201,,,,,,,,,,,,,143.005234,152.078217,0.555839,0.569984,,,,,,,,,,,,
49195,,,,,,,,,,,,,,,,,,,,-0.814453,-0.543235,-0.856733,,,,,,
49204,,,,,,,,,,,,,,,,,,,,,,,0.054656,0.672830,0.918599,-59.150002,1.400000,136.639999
49207,,,,,,,,,,,,,143.394547,151.951340,0.550727,0.571651,,,,,,,,,,,,
49206,,,,,,,,,,,,,,,,,,,,-0.801184,-0.562321,-0.832602,,,,,,
49211,,,,,,,,,,,,,,,,,,,,,,,0.025437,0.559309,0.663558,1.470000,-14.630000,136.149994
49212,,,,-0.764777,-0.644296,-0.870695,2.309306,2.309306,,,,,,,,,,,,,,,,,,,,
49215,,,,,,,,,,,142.121735,147.366257,,,,,0.085298,-0.028852,-0.032742,,,,,,,,,
49217,,,,,,,,,,,,,143.756317,152.056198,0.547032,0.527906,,,,,,,,,,,,
49216,,,,,,,,,,,,,,,,,,,,-0.788065,-0.580998,-0.808234,,,,,,
49221,,,,,,,,,,,,,,,,,,,,,,,0.025437,0.559309,0.663558,-16.309999,-36.259998,123.480003
49224,,,,,,,,,,,,,,,,,,,,-0.774175,-0.599824,-0.790030,,,,,,
49227,,,,,,,,,,,,,143.533859,151.054932,0.549952,0.541049,,,,,,,-0.003111,0.729804,1.019676,-11.830000,-50.400002,77.489998
49237,,,,,,,,,,,,,143.859543,150.737534,0.545677,0.545215,,,,,,,-0.003111,0.729804,1.019676,2.450000,-55.299999,89.739998
49234,,,,,,,,,,,,,,,,,,,,-0.759828,-0.617816,-0.769015,,,,,,
49247,,,,,,,,,,,,,143.962341,150.295166,0.544328,0.551021,,,,,,,-0.004758,0.541619,0.711626,-32.480000,-29.610001,103.669998
49245,,,,,,,,,,,,,,,,,,,,-0.744903,-0.635415,-0.748124,,,,,,
49262,,,,-0.686628,-0.727009,-0.756841,2.288825,2.288825,,,,,,,,,,,,,,,,,,,,
49265,,,,,,,,,,,139.802185,147.600784,,,,,0.102836,-0.028042,-0.006264,,,,,,,,,
49266,,,,,,,,,,,,,143.715561,149.329895,0.507504,0.567557,,,,,,,,,,,,
49256,,,,,,,,,,,,,,,,,,,,-0.730009,-0.652362,-0.730178,,,,,,
49269,,,,,,,,,,,,,,,,,,,,,,,-0.004758,0.541619,0.711626,20.370001,38.990002,73.989998
49267,,,,,,,,,,,,,,,,,,,,-0.714363,-0.669768,-0.715604,,,,,,
49274,,,,,,,,,,,,,,,,,,,,-0.698089,-0.686966,-0.703888,0.052216,0.485194,0.754692,-3.500000,25.340000,67.970001
49277,,,,,,,,,,,,,143.853607,149.087097,0.505680,0.570765,,,,,,,,,,,,
49279,,,,,,,,,,,,,,,,,,,,,,,0.052216,0.485194,0.754692,-18.410000,-15.260000,58.099998
49286,,,,,,,,,,,,,,,,,,,,,,,0.030378,0.592676,0.879864,-30.940001,-0.350000,64.820000
49287,,,,,,,,,,,,,143.246536,148.760391,0.513701,0.575082,,,,,,,,,,,,
49285,,,,,,,,,,,,,,,,,,,,-0.680909,-0.703634,-0.689302,,,,,,
49297,,,,,,,,,,,,,143.056000,148.231750,0.516218,0.582067,,,,,,,0.030378,0.592676,0.879864,3.920000,1.750000,64.050003
49295,,,,,,,,,,,,,,,,,,,,-0.664225,-0.719613,-0.677571,,,,,,
49304,,,,,,,,,,,,,,,,,,,,-0.647424,-0.735437,-0.665621,,,,,,
49307,,,,,,,,,,,,,,,0.525685,0.581644,,,,,,,0.022997,0.414373,0.735538,15.750000,6.580000,83.930000
49308,,,,,,,,,,,,,142.339447,148.263763,,,,,,,,,,,,,,
49312,,,,-0.600623,-0.799532,-0.644280,2.264737,2.264737,,,,,,,,,,,,,,,,,,,,
49314,,,,,,,,,,,136.305237,147.557983,,,,,0.078108,-0.022389,0.023720,,,,,,,,,
49322,,,,,,,,,,,,,141.845184,148.379425,0.471732,0.579335,,,,,,,,,,,,
49315,,,,,,,,,,,,,,,,,,,,-0.630615,-0.750495,-0.651067,,,,,,
49327,,,,,,,,,,,,,,,0.459066,0.567973,,,,,,,0.007198,0.549854,1.002718,-31.570000,-47.810001,102.760002
49328,,,,,,,,,,,,,142.799988,149.235962,,,,,,,,,,,,,,
49325,,,,,,,,,,,,,,,,,,,,-0.613378,-0.765405,-0.639248,,,,,,
49333,,,,,,,,,,,,,,,,,,,,,,,0.007198,0.549854,1.002718,-50.610001,-55.860001,90.860001
49337,,,,,,,,,,,,,142.106888,149.302246,0.468260,0.567094,,,,,,,,,,,,
49338,,,,,,,,,,,,,,,,,,,,,,,-0.000610,0.341783,0.522526,-28.280001,-41.930000,105.070000
49336,,,,,,,,,,,,,,,,,,,,-0.595118,-0.779760,-0.624783,,,,,,
49347,,,,,,,,,,,,,140.637344,148.852417,0.487754,0.573061,,,,,,,-0.000610,0.341783,0.522526,21.559999,35.000000,119.279999
49346,,,,,,,,,,,,,,,,,,,,-0.577107,-0.794052,-0.598391,,,,,,
49354,,,,,,,,,,,,,,,,,,,,-0.557963,-0.808344,-0.581431,,,,,,
49357,,,,,,,,,,,,,139.816330,148.824509,0.498645,0.573431,,,,,,,-0.005246,0.451583,0.834114,-12.320000,66.919998,130.270004
49362,,,,-0.508282,-0.861191,-0.533188,2.237101,2.237101,,,,,,,,,,,,,,,,,,,,
49364,,,,,,,,,,,133.052963,146.990341,,,,,0.070606,-0.017548,0.048211,-0.539337,-0.821948,-0.558336,,,,,,
49367,,,,,,,,,,,,,139.538422,148.846603,0.446162,0.563332,,,,,,,,,,,,
49370,,,,,,,,,,,,,,,,,,,,,,,-0.005246,0.451583,0.834114,2.030000,23.379999,137.059998
49381,,,,,,,,,,,,,138.577408,149.205322,0.458913,0.558573,,,,,,,,,,,,
49375,,,,,,,,,,,,,,,,,,,,-0.519961,-0.835423,-0.532818,,,,,,
49384,,,,,,,,,,,,,,,,,,,,,,,0.005185,0.429867,0.782203,-56.070000,16.240000,146.860001
49387,,,,,,,,,,,,,138.200729,148.943192,0.463910,0.562051,,,,,,,,,,,,
49385,,,,,,,,,,,,,,,,,,,,-0.500130,-0.848271,-0.506982,,,,,,
49390,,,,,,,,,,,,,,,,,,,,,,,0.005185,0.429867,0.782203,32.130001,3.010000,163.169998
49396,,,,,,,,,,,,,,,,,,,,-0.480810,-0.860922,-0.481166,-0.050813,0.494588,0.851987,21.629999,-16.799999,165.830002
49397,,,,,,,,,,,,,137.141586,148.924973,0.477963,0.562292,,,,,,,,,,,,
49407,,,,,,,,,,,,,136.295715,149.426376,0.489186,0.555640,,,,,,,-0.050813,0.494588,0.851987,-5.740000,-24.290001,173.389999
49406,,,,,,,,,,,,,,,,,,,,-0.461129,-0.872685,-0.452768,,,,,,
49412,,,,-0.411171,-0.911558,-0.423738,2.205987,2.205987,,,,,,,,,,,,,,,,,,,,
49414,,,,,,,,,,,131.921371,144.300888,,,,,0.062008,-0.013822,0.029166,,,,,,,,,
49422,,,,,,,,,,,,,135.799637,149.396790,0.476560,0.510026,,,,,,,,,,,,
49413,,,,,,,,,,,,,,,,,,,,-0.441190,-0.884072,-0.418618,,,,,,
49424,,,,,,,,,,,,,,,,,,,,-0.421155,-0.894769,-0.387398,,,,,,
49428,,,,,,,,,,,,,,,,,,,,,,,-0.061305,0.614087,1.022421,-39.480000,-43.959999,187.669998
49433,,,,,,,,,,,,,,,,,,,,,,,0.000854,0.359961,0.500932,2.380000,-47.250000,186.899994
49434,,,,,,,,,,,,,,,,,,,,-0.401189,-0.905165,-0.356444,,,,,,
49437,,,,,,,,,,,,,135.406937,149.073395,0.481737,0.514289,,,,,,,,,,,,
49438,,,,,,,,,,,,,,,,,,,,,,,0.000854,0.359961,0.500932,26.740000,-24.290001,182.000000
49447,,,,,,,,,,,,,135.098709,148.225922,0.485800,0.525461,,,,,,,0.000854,0.359961,0.500932,-34.299999,46.970001,174.649994
49444,,,,,,,,,,,,,,,,,,,,-0.380494,-0.915509,-0.325482,,,,,,
49454,,,,,,,,,,,,,,,,,,,,-0.359864,-0.924722,-0.297779,,,,,,
49457,,,,,,,,,,,,,,,,,,,,,,,-0.000244,0.694668,1.080432,25.200001,39.900002,171.919998
49458,,,,,,,,,,,,,134.483246,147.558853,0.493913,0.534255,,,,,,,,,,,,
49462,,,,-0.310859,-0.950456,-0.316097,2.171469,2.171469,,,,,,,,,,,,,,,,,,,,
49464,,,,,,,,,,,131.680161,140.176834,,,,,0.054378,-0.010980,-0.015900,,,,,,,,,
49465,,,,,,,,,,,,,,,,,,,,-0.338494,-0.934056,-0.269582,,,,,,
49467,,,,,,,,,,,,,134.386246,147.157394,0.491231,0.469158,,,,,,,,,,,,
49470,,,,,,,,,,,,,,,,,,,,,,,-0.027633,0.516853,0.762012,-35.630001,14.770000,163.309998
49481,,,,,,,,,,,,,133.913254,146.262039,0.497434,0.480901,,,,,,,,,,,,
49475,,,,,,,,,,,,,,,,,,,,-0.317101,-0.942116,-0.241959,,,,,,
49484,,,,,,,,,,,,,,,,,,,,,,,-0.027633,0.516853,0.762012,-41.090000,7.140000,154.979996
49487,,,,,,,,,,,,,134.362335,144.752609,0.491544,0.500697,,,,,,,,,,,,
49485,,,,,,,,,,,,,,,,,,,,-0.296076,-0.950329,-0.211036,,,,,,
49490,,,,,,,,,,,,,,,,,,,,,,,-0.015677,0.602680,0.807579,-7.770000,-4.760000,144.550003
49497,,,,,,,,,,,,,134.245132,143.530914,0.493081,0.516719,,,,,,,-0.015677,0.602680,0.807579,0.420000,-19.600000,131.320007
49496,,,,,,,,,,,,,,,,,,,,-0.274853,-0.957609,-0.186076,,,,,,
49507,,,,,,,,,,,,,134.079056,142.975449,0.495259,0.524004,,,,,,,-0.015677,0.622444,0.838994,3.500000,-26.600000,119.419998
49506,,,,,,,,,,,,,,,,,,,,-0.253662,-0.963859,-0.163771,,,,,,
49512,,,,-0.208879,-0.977942,-0.210428,2.133634,2.133634,,,,,,,,,,,,,,,,,,,,
49514,,,,,,,,,,,130.206314,136.570419,,,,,0.046545,-0.007415,-0.042386,,,,,,,,,
49522,,,,,,,,,,,,,134.167267,142.776535,0.468792,0.464754,,,,,,,,,,,,
49516,,,,,,,,,,,,,,,,,,,,-0.232825,-0.969793,-0.144276,,,,,,
49527,,,,,,,,,,,,,,,,,,,,-0.211522,-0.975696,-0.124843,-0.062098,0.488915,0.706258,-13.510000,-34.860001,101.150002
49528,,,,,,,,,,,,,133.290146,142.388687,0.480314,0.469849,,,,,,,,,,,,
49532,,,,,,,,,,,,,,,,,,,,,,,-0.013115,0.488915,0.706258,-21.700001,-23.940001,84.769997
49534,,,,,,,,,,,,,,,,,,,,-0.190973,-0.980486,-0.113702,,,,,,
49537,,,,,,,,,,,,,133.025467,141.873840,0.483791,0.476612,,,,,,,,,,,,
49538,,,,,,,,,,,,,,,,,,,,,,,-0.013115,0.488915,0.706258,-19.809999,-14.350000,85.959999
49547,,,,,,,,,,,,,133.282242,140.727264,0.480418,0.491675,,,,,,,-0.032818,0.646112,0.955016,7.560000,-12.320000,85.680000
49545,,,,,,,,,,,,,,,,,,,,-0.169477,-0.984680,-0.099927,,,,,,
49557,,,,,,,,,,,,,133.150955,139.415192,0.482143,0.508911,,,,,,,-0.032818,0.646112,0.955016,-14.560000,-13.300000,74.410004
49555,,,,,,,,,,,,,,,,,,,,-0.147910,-0.988560,-0.085991,,,,,,
49562,,,,-0.106688,-0.994293,-0.106891,2.092578,2.092578,,,,,,,,,,,,,,,,,,,,
49564,,,,,,,,,,,126.505157,135.241974,,,,,0.041426,-0.003018,-0.019051,,,,,,,,,
49567,,,,,,,,,,,,,132.642960,139.027725,0.424874,0.490917,,,,,,,,,,,,
49566,,,,,,,,,,,,,,,,,,,,-0.126002,-0.991825,-0.072061,,,,,,
49570,,,,,,,,,,,,,,,,,,,,,,,-0.001159,0.349530,0.608231,19.040001,52.360001,62.860001
49581,,,,,,,,,,,,,132.245682,138.396683,0.430127,0.499260,,,,,,,,,,,,
49576,,,,,,,,,,,,,,,,,,,,-0.104599,-0.995053,-0.055493,,,,,,
49584,,,,,,,,,,,,,,,,,,,,-0.082405,-0.997184,-0.055669,-0.001159,0.349530,0.608231,-51.520000,50.610001,45.500000
49587,,,,,,,,,,,,,130.869461,137.911377,0.448321,0.505676,,,,,,,,,,,,
49589,,,,,,,,,,,,,,,,,,,,,,,-0.068930,0.625860,1.172298,-16.030001,37.450001,51.869999
49597,,,,,,,,,,,,,130.103729,137.109344,0.458445,0.516280,,,,,,,-0.068930,0.625860,1.172298,14.000000,34.020000,48.930000
49594,,,,,,,,,,,,,,,,,,,,-0.061099,-0.999107,-0.041948,,,,,,
49607,,,,,,,,,,,,,129.589188,137.115067,0.465247,0.516204,,,,,,,-0.043188,0.250466,0.617564,23.730000,26.040001,51.590000
49605,,,,,,,,,,,,,,,,,,,,-0.039291,-1.000999,-0.030913,,,,,,
49612,,,,-0.005638,-0.999984,-0.005638,2.048404,2.048404,,,,,,,,,,,,,,,,,,,,
49614,,,,,,,,,,,121.660820,134.409241,,,,,0.033764,0.001371,0.023960,,,,,,,,,
49617,,,,,,,,,,,,,129.856934,136.751923,0.377807,0.506528,,,,,,,,,,,,
49615,,,,,,,,,,,,,,,,,,,,-0.017759,-1.002706,-0.022647,,,,,,
49620,,,,,,,,,,,,,,,,,,,,,,,-0.043188,0.250466,0.982710,-14.560000,10.640000,65.169998
49626,,,,,,,,,,,,,,,,,,,,0.004187,-1.003611,-0.008939,-0.069418,0.372466,0.982710,-21.209999,8.680000,72.589996
49627,,,,,,,,,,,,,129.452103,136.890610,0.383183,0.504687,,,,,,,,,,,,
49641,,,,,,,,,,,,,128.218460,136.446350,0.399565,0.510586,,,,,,,,,,,,
49636,,,,,,,,,,,,,,,,,,,,0.025068,-1.004203,0.004925,,,,,,
49644,,,,,,,,,,,,,,,,,,,,,,,-0.069418,0.372466,0.982710,6.020000,-3.500000,93.309998
49647,,,,,,,,,,,,,127.144249,136.818802,0.413829,0.505640,,,,0.046870,-1.004701,0.016040,,,,,,
49650,,,,,,,,,,,,,,,,,,,,,,,-0.087901,0.291702,0.927200,6.230000,4.900000,111.230003
49657,,,,,,,,,,,,,125.898163,136.741043,0.430376,0.506673,,,,,,,-0.087901,0.291702,0.930494,24.080000,-1.960000,131.880005
49654,,,,,,,,,,,,,,,,,,,,0.068242,-1.004844,0.038366,,,,,,
49662,,,,0.093049,-0.995662,0.093184,2.001226,2.001226,,,,,,,,,,,,,,,,,,,,
49664,,,,,,,,,,,117.180054,132.590225,,,,,0.025346,0.007587,0.051713,,,,,,,,,
49665,,,,,,,,,,,,,,,,,,,,0.089095,-1.004518,0.060467,,,,,,
49667,,,,,,,,,,,,,125.254066,136.524307,0.361429,0.478083,,,,,,,,,,,,
49670,,,,,,,,,,,,,,,,,,,,,,,-0.141581,0.325191,0.930494,-34.860001,-9.450000,138.179993
49677,,,,,,,,,,,,,124.385750,136.103470,0.372968,0.483675,,,,,,,-0.095648,0.357765,0.782203,-13.650000,-9.170000,149.029999
49675,,,,,,,,,,,,,,,,,,,,0.110594,-1.003650,0.085264,,,,,,
49687,,,,,,,,,,,,,123.303139,135.904343,0.387354,0.486321,,,,,,,-0.095648,0.357765,0.782203,8.750000,-1.820000,165.059998
49685,,,,,,,,,,,,,,,,,,,,0.131695,-1.002674,0.113080,,,,,,
49701,,,,,,,,,,,,,122.106216,135.901733,0.403259,0.486356,,,,,,,,,,,,
49695,,,,,,,,,,,,,,,,,,,,0.152658,-1.001033,0.143522,,,,,,
49704,,,,,,,,,,,,,,,,,,,,,,,-0.148352,0.470798,0.970693,-20.440001,-0.910000,189.490005
49707,,,,,,,,,,,,,120.658653,134.953979,0.422495,0.498950,,,,,,,,,,,,
49706,,,,,,,,,,,,,,,,,,,,0.173465,-0.999076,0.174148,,,,,,
49710,,,,,,,,,,,,,,,,,,,,,,,-0.148352,0.470798,0.970693,28.629999,10.640000,193.130005
49712,,,,0.188302,-0.982111,0.189433,1.951165,1.951165,,,,,,,,,,,,,,,,,,,,
49714,,,,,,,,,,,115.544968,128.146774,,,,,0.017767,0.013578,0.014789,,,,,,,,,
49717,,,,,,,,,,,,,119.717728,135.054092,0.407151,0.421496,,,,0.193951,-0.997271,0.207671,,,,,,
49720,,,,,,,,,,,,,,,,,,,,,,,-0.088267,0.397781,0.691679,-32.970001,-2.940000,196.350006
49727,,,,,,,,,,,,,119.408463,134.447098,0.411230,0.429501,,,,,,,-0.088267,0.397781,0.691679,-32.830002,-7.280000,202.440002
49725,,,,,,,,,,,,,,,,,,,,0.214931,-0.993956,0.238317,,,,,,
49741,,,,,,,,,,,,,118.711586,133.347839,0.420420,0.443998,,,,,,,,,,,,
49735,,,,,,,,,,,,,,,,,,,,0.235022,-0.990291,0.277305,,,,,,
49744,,,,,,,,,,,,,,,,,,,,,,,-0.112179,0.618235,1.036939,-5.180000,-7.490000,198.869995
49747,,,,,,,,,,,,,119.288979,132.527969,0.412805,0.454810,,,,,,,,,,,,
49746,,,,,,,,,,,,,,,,,,,,0.255203,-0.986537,0.310854,,,,,,
49750,,,,,,,,,,,,,,,,,,,,,,,-0.112179,0.618235,1.036939,6.440000,8.470000,183.539993
49757,,,,,,,,,,,,,118.697258,131.992722,0.420609,0.461868,,,,,,,-0.138897,0.503311,0.799039,20.930000,3.780000,169.610001
49756,,,,,,,,,,,,,,,,,,,,0.275109,-0.982371,0.338917,,,,,,
49762,,,,0.279214,-0.960229,0.282975,1.898352,1.898352,,,,,,,,,,,,,,,,,,,,
49764,,,,,,,,,,,114.616692,122.056641,,,,,0.011304,0.018810,-0.052957,,,,,,,,,
49767,,,,,,,,,,,,,117.672836,131.084763,0.418420,0.369926,,,,,,,,,,,,
49766,,,,,,,,,,,,,,,,,,,,0.294339,-0.977672,0.367056,,,,,,
49769,,,,,,,,,,,,,,,,,,,,,,,-0.138897,0.503311,0.799039,-43.400002,3.080000,146.089996
49777,,,,,,,,,,,,,117.421272,129.789093,0.421717,0.386904,,,,,,,-0.110654,0.628666,1.030412,-52.150002,-0.910000,147.350006
49774,,,,,,,,,,,,,,,,,,,,0.313511,-0.971892,0.389482,,,,,,
49787,,,,,,,,,,,,,117.284981,128.234985,0.423503,0.407268,,,,,,,-0.110654,0.628666,1.030412,-9.660000,10.850000,139.509995
49784,,,,,,,,,,,,,,,,,,,,0.332569,-0.966068,0.414903,,,,,,
49801,,,,,,,,,,,,,116.974174,126.585129,0.427575,0.428887,,,,,,,,,,,,
49795,,,,,,,,,,,,,,,,,,,,0.351390,-0.959752,0.437656,,,,,,
49804,,,,,,,,,,,,,,,,,,,,,,,-0.120231,0.545096,0.819840,9.730000,11.550000,79.589996
49807,,,,,,,,,,,,,116.661652,125.660286,0.431671,0.441006,,,,,,,,,,,,
49806,,,,,,,,,,,,,,,,,,,,0.369795,-0.952710,0.454771,,,,,,
49810,,,,,,,,,,,,,,,,,,,,,,,-0.132675,0.548817,0.860527,-0.210000,19.809999,57.610001
49812,,,,0.365048,-0.930989,0.373685,1.842929,1.842929,,,,,,,,,,,,,,,,,,,,
49814,,,,,,,,,,,111.958580,117.309860,,,,,0.005326,0.020892,-0.078407,,,,,,,,,
49813,,,,,,,,,,,,,,,,,,,,0.387910,-0.945319,0.469028,,,,,,
49817,,,,,,,,,,,,,116.796577,124.916183,0.384330,0.369398,,,,,,,,,,,,
49820,,,,,,,,,,,,,,,,,,,,,,,-0.132675,0.548817,0.860527,3.220000,23.520000,46.619999
49824,,,,,,,,,,,,,,,,,,,,0.405856,-0.937742,0.477670,,,,,,
49827,,,,,,,,,,,,,116.346100,123.177940,0.390243,0.392215,,,,,,,-0.132675,0.548817,0.857660,-9.870000,11.270000,44.099998
49834,,,,,,,,,,,,,,,,,,,,0.423317,-0.929857,0.486182,,,,,,
49837,,,,,,,,,,,,,115.774117,122.064262,0.397751,0.406833,,,,,,,-0.071492,0.438956,0.857660,29.469999,6.020000,30.730000
49847,,,,,,,,,,,,,115.434235,120.726761,0.402213,0.424389,,,,,,,-0.163907,0.394243,0.954833,-1.820000,15.050000,20.160000
49844,,,,,,,,,,,,,,,,,,,,0.440670,-0.921487,0.489117,,,,,,
49861,,,,,,,,,,,,,115.185486,119.638618,0.405478,0.438672,,,,,,,,,,,,
49862,,,,0.445239,-0.895412,0.461441,1.785044,1.785044,,,,,,,,,,,,,,,,,,,,
49865,,,,,,,,,,,106.982613,115.867355,,,,,0.014885,0.020449,-0.028173,0.474332,-0.904491,0.492052,,,,,,
49855,,,,,,,,,,,,,,,,,,,,0.457328,-0.913153,0.489122,,,,,,
49867,,,,,,,,,,,,,115.231285,119.850258,0.318362,0.410564,,,,,,,,,,,,
49869,,,,,,,,,,,,,,,,,,,,,,,-0.163907,0.394243,0.954833,1.330000,33.320000,0.140000
49874,,,,,,,,,,,,,,,,,,,,,,,-0.154696,0.206851,0.771162,14.560000,31.709999,-6.230000
49877,,,,,,,,,,,,,114.240906,118.684898,0.331517,0.426043,,,,,,,,,,,,
49876,,,,,,,,,,,,,,,,,,,,0.491158,-0.895851,0.491955,,,,,,
49879,,,,,,,,,,,,,,,,,,,,,,,-0.154696,0.206851,0.771162,-6.090000,28.840000,-2.800000
49886,,,,,,,,,,,,,,,,,,,,0.507903,-0.886654,0.489144,-0.126514,0.117913,0.875655,-17.219999,34.650002,4.620000
49887,,,,,,,,,,,,,113.069214,118.448418,0.347081,0.429185,,,,,,,,,,,,
49893,,,,,,,,,,,,,,,,,,,,0.507903,-0.886654,0.489144,,,,,,
49897,,,,,,,,,,,,,112.198639,117.241737,0.358645,0.445213,,,,0.524169,-0.878044,0.489037,-0.126514,0.117913,0.875655,-3.010000,36.119999,31.639999
49907,,,,,,,,,,,,,112.216347,117.034203,0.358410,0.447970,,,,,,,-0.265228,0.058377,0.890539,10.710000,-17.920000,67.620003
49905,,,,,,,,,,,,,,,,,,,,0.540664,-0.869101,0.497780,,,,,,
49912,,,,0.519388,-0.854539,0.546134,1.724855,1.724855,,,,,,,,,,,,,,,,,,,,
49914,,,,,,,,,,,100.205574,114.524567,,,,,-0.010026,0.022715,0.045126,,,,,,,,,
49921,,,,,,,,,,,,,111.278931,116.865410,0.252461,0.426736,,,,,,,,,,,,
49915,,,,,,,,,,,,,,,,,,,,0.556677,-0.860351,0.515271,,,,,,
49927,,,,,,,,,,,,,110.181541,117.640587,0.267164,0.416350,,,,,,,-0.265228,0.106201,0.800320,-23.520000,-34.509998,79.169998
49926,,,,,,,,,,,,,,,,,,,,0.572559,-0.851425,0.526537,,,,,,
49932,,,,,,,,,,,,,,,,,,,,,,,-0.176046,0.106201,0.800320,-32.619999,-26.809999,78.190002
49937,,,,,,,,,,,,,108.296455,117.459480,0.292421,0.418776,,,,,,,,,,,,
49938,,,,,,,,,,,,,,,,,,,,,,,-0.176046,0.106201,0.800320,-28.420000,-27.299999,98.980003
49936,,,,,,,,,,,,,,,,,,,,0.587894,-0.842354,0.537630,,,,,,
49943,,,,,,,,,,,,,,,,,,,,0.603201,-0.833239,0.554873,,,,,,
49947,,,,,,,,,,,,,106.304062,116.725159,0.319115,0.428615,,,,,,,-0.166103,0.215391,0.856196,-4.900000,-14.210000,113.330002
49972,,,,,,,,,,,,,104.753281,116.364700,0.339892,0.433444,,,,,,,,,,,,
49975,,,,0.587254,-0.809403,0.627662,1.662531,1.662531,,,,,,,,,,,,0.648422,-0.804638,0.636114,,,,,,
49977,,,,,,,,,,,95.493080,111.357765,,,,,-0.002113,0.028450,0.067843,,,,,,,,,
49978,,,,,,,,,,,,,103.260933,116.391113,0.278207,0.378194,,,,,,,,,,,,
49981,,,,,,,,,,,,,,,,,,,,,,,-0.166103,0.215391,0.856196,-10.150000,36.889999,199.360001
49986,,,,,,,,,,,,,,,,,,,,0.663123,-0.794046,0.674124,-0.165127,0.389729,0.901702,-23.309999,42.700001,200.899994
49987,,,,,,,,,,,,,101.980759,115.654060,0.295308,0.388040,,,,,,,,,,,,
49991,,,,,,,,,,,,,,,,,,,,,,,-0.165127,0.389729,0.901702,-10.290000,39.200001,207.339996
49996,,,,,,,,,,,,,,,,,,,,0.677502,-0.783427,0.709666,-0.165127,0.389729,0.983259,-12.950000,41.650002,209.089996
49997,,,,,,,,,,,,,100.100510,114.903824,0.320425,0.398062,,,,,,,,,,,,
50002,,,,,,,,,,,,,,,,,,,,,,,-0.173484,0.502762,0.983259,-44.590000,49.700001,212.729996
50007,,,,,,,,,,,,,,,,,,,,0.691448,-0.772034,0.748448,-0.173484,0.502762,0.983259,-49.840000,40.389999,210.559998
50008,,,,,,,,,,,,,98.438416,114.447388,0.342628,0.404159,,,,,,,,,,,,
50012,,,,0.648742,-0.761009,0.705930,1.598247,1.598247,,,,,,,,,,,,,,,,,,,,
50014,,,,,,,,,,,95.083931,103.662132,,,,,-0.022197,0.036580,-0.039740,0.704833,-0.760686,0.787379,,,,,,
50022,,,,,,,,,,,,,97.276085,114.080650,0.351570,0.277937,,,,,,,,,,,,
50027,,,,,,,,,,,,,,,,,,,,,,,-0.290909,0.405589,0.741333,-23.520000,-91.139999,211.259995
50025,,,,,,,,,,,,,,,,,,,,0.717251,-0.749889,0.826398,,,,,,
50032,,,,,,,,,,,,,,,,,,,,,,,-0.290909,0.405589,0.741333,-11.410000,-87.919998,206.220001
50037,,,,,,,,,,,,,96.843231,112.811264,0.357250,0.294594,,,,,,,-0.208315,0.507642,0.800747,19.950001,-65.099998,194.389999
50036,,,,,,,,,,,,,,,,,,,,0.729239,-0.738896,0.865793,,,,,,
50047,,,,,,,,,,,,,96.620979,110.617119,0.360167,0.323385,,,,,,,-0.208315,0.507642,0.800747,-26.320000,-43.400002,165.059998
50046,,,,,,,,,,,,,,,,,,,,0.740764,-0.727642,0.899410,,,,,,
50053,,,,,,,,,,,,,,,,,,,,0.751803,-0.715950,0.927059,,,,,,
50057,,,,,,,,,,,,,96.322594,108.655457,0.364082,0.349126,,,,,,,-0.220881,0.592798,0.995947,-3.290000,-32.340000,131.039993
50062,,,,0.703886,-0.710313,0.780854,1.532188,1.532188,,,,,,,,,,,,,,,,,,,,
50064,,,,,,,,,,,93.408875,95.314941,,,,,-0.024375,0.041096,-0.141023,0.762137,-0.704069,0.945594,,,,,,
50067,,,,,,,,,,,,,96.071533,107.004913,0.338968,0.229057,,,,,,,,,,,,
50070,,,,,,,,,,,,,,,,,,,,,,,-0.220881,0.592798,0.995947,7.490000,-19.040001,84.070000
50081,,,,,,,,,,,,,95.746040,104.945389,0.343206,0.255872,,,,,,,,,,,,
50077,,,,,,,,,,,,,,,,,,,,0.772361,-0.692309,0.957761,,,,,,
50084,,,,,,,,,,,,,,,,,,,,,,,-0.134261,0.444019,0.782569,-43.119999,-2.520000,41.720001
50085,,,,,,,,,,,,,,,,,,,,0.781938,-0.679990,0.967166,,,,,,
50087,,,,,,,,,,,,,95.566757,102.424377,0.345540,0.288696,,,,,,,,,,,,
50090,,,,,,,,,,,,,,,,,,,,,,,-0.134261,0.444019,0.782569,-15.050000,24.290001,12.950000
50097,,,,,,,,,,,,,95.216171,100.437790,0.350105,0.314561,,,,,,,-0.181536,0.443714,0.757254,-38.779999,37.939999,-16.379999
50095,,,,,,,,,,,,,,,,,,,,0.791148,-0.668045,0.967099,,,,,,
50107,,,,,,,,,,,,,94.945084,98.240013,0.353634,0.343176,,,,,,,-0.181536,0.443714,0.757254,-8.470000,53.549999,-44.380001
50106,,,,,,,,,,,,,,,,,,,,0.800242,-0.655187,0.957711,,,,,,
50112,,,,0.752837,-0.658207,0.852362,1.464551,1.464551,,,,,,,,,,,,,,,,,,,,
50114,,,,,,,,,,,88.823799,92.257187,,,,,-0.029740,0.036720,-0.105014,,,,,,,,,
50113,,,,,,,,,,,,,,,,,,,,0.808965,-0.642606,0.948229,,,,,,
50117,,,,,,,,,,,,,94.914032,96.573257,0.274917,0.312066,,,,,,,,,,,,
50120,,,,,,,,,,,,,,,,,,,,,,,-0.202642,0.289628,0.820938,24.570000,56.490002,-61.320000
50124,,,,,,,,,,,,,,,,,,,,0.818191,-0.629904,0.939190,,,,,,
50127,,,,,,,,,,,,,94.433159,95.308784,0.281263,0.328754,,,,,,,-0.202642,0.289628,0.820938,36.889999,52.709999,-72.589996
50141,,,,,,,,,,,,,93.096497,93.833244,0.298905,0.348228,,,,,,,,,,,,
50135,,,,,,,,,,,,,,,,,,,,0.827065,-0.617634,0.930329,,,,,,
50144,,,,,,,,,,,,,,,,,,,,,,,-0.119377,-0.032818,0.888099,25.480000,54.459999,-74.690002
50147,,,,,,,,,,,,,92.475357,93.095261,0.307102,0.357968,,,,,,,,,,,,
50146,,,,,,,,,,,,,,,,,,,,0.836026,-0.605190,0.918128,,,,,,
50149,,,,,,,,,,,,,,,,,,,,,,,-0.228811,-0.100040,0.780739,-17.990000,43.119999,-66.430000
50157,,,,,,,,,,,,,91.937210,92.458794,0.314205,0.366368,,,,,,,-0.228811,-0.100040,0.780739,32.130001,-35.910000,-31.219999
50156,,,,,,,,,,,,,,,,,,,,0.845071,-0.592962,0.912165,,,,,,
50162,,,,0.795837,-0.605511,0.920388,1.395537,1.395537,,,,,,,,,,,,,,,,,,,,
50164,,,,,,,,,,,81.789711,91.494232,,,,,-0.039688,0.031347,0.004008,,,,,,,,,
50163,,,,,,,,,,,,,,,,,,,,0.853297,-0.581952,0.905735,,,,,,
50167,,,,,,,,,,,,,91.706375,92.145233,0.194125,0.357244,,,,,,,,,,,,
50170,,,,,,,,,,,,,,,,,,,,,,,-0.251808,-0.126697,0.691130,10.850000,-83.580002,-13.510000
50185,,,,,,,,,,,,,90.737686,92.287453,0.207120,0.355336,,,,,,,,,,,,
50174,,,,,,,,,,,,,,,,,,,,0.861458,-0.570880,0.899384,,,,,,
50184,,,,,,,,,,,,,,,,,,,,0.869671,-0.559948,0.896029,,,,,,
50187,,,,,,,,,,,,,,,,,,,,,,,-0.251808,-0.126697,0.691130,5.320000,-81.339996,17.010000
50192,,,,,,,,,,,,,,,,,,,,,,,-0.262422,-0.115961,1.097878,21.910000,-43.189999,58.029999
50195,,,,,,,,,,,,,,,,,,,,0.877905,-0.549181,0.905212,,,,,,
50198,,,,,,,,,,,,,88.470734,91.939713,0.237532,0.360001,,,,,,,-0.262422,-0.115961,1.097878,17.080000,-34.090000,71.120003
50207,,,,,,,,,,,,,86.132660,92.128670,0.268898,0.357466,,,,,,,-0.190320,-0.002135,0.747616,-5.040000,-22.540001,110.529999
50206,,,,,,,,,,,,,,,,,,,,0.886264,-0.538425,0.911237,,,,,,
50212,,,,0.833207,-0.552962,0.984882,1.325359,1.325359,,,,,,,,,,,,,,,,,,,,
50214,,,,,,,,,,,75.398903,88.644897,,,,,-0.044063,0.033147,0.068323,,,,,,,,,
50217,,,,,,,,,,,,,85.201447,91.906853,0.169679,0.310682,,,,,,,,,,,,
50216,,,,,,,,,,,,,,,,,,,,0.894595,-0.527244,0.935994,,,,,,
50219,,,,,,,,,,,,,,,,,,,,,,,-0.190320,-0.002135,0.747616,-29.260000,-4.270000,140.699997
50224,,,,,,,,,,,,,,,,,,,,0.902481,-0.515811,0.960806,,,,,,
50227,,,,,,,,,,,,,83.051170,91.398499,0.198616,0.317523,,,,,,,-0.196420,0.205509,0.947757,24.290001,-4.200000,167.580002
50243,,,,,,,,,,,,,80.547409,90.904655,0.232310,0.324169,,,,,,,,,,,,
50234,,,,,,,,,,,,,,,,,,,,0.910561,-0.504569,0.989052,,,,,,
50246,,,,,,,,,,,,,,,,,,,,,,,-0.196420,0.205509,0.947757,-40.389999,34.720001,214.270004
50245,,,,,,,,,,,,,,,,,,,,0.918083,-0.492504,1.023866,,,,,,
50251,,,,,,,,,,,,,,,,,,,,,,,-0.189161,0.294447,0.885171,-6.930000,57.750000,217.490005
50257,,,,,,,,,,,,,78.665054,90.203621,0.257642,0.333603,,,,,,,-0.189161,0.294447,0.885171,-27.090000,69.370003,222.039993
50255,,,,,,,,,,,,,,,,,,,,0.925390,-0.480752,1.062157,,,,,,
50262,,,,0.865326,-0.501209,1.045801,1.254240,1.254240,,,,,,,,,,,,,,,,,,,,
50264,,,,,,,,,,,73.500557,81.961967,,,,,-0.047091,0.042342,-0.013559,,,,,,,,,
50267,,,,,,,,,,,,,76.694778,89.721016,0.251665,0.225007,,,,,,,,,,,,
50265,,,,,,,,,,,,,,,,,,,,0.932304,-0.468421,1.107617,,,,,,
50270,,,,,,,,,,,,,,,,,,,,,,,-0.257725,0.390461,0.853756,-6.440000,75.739998,234.570007
50277,,,,,,,,,,,,,75.119019,88.726311,0.272551,0.238191,,,,,,,-0.257725,0.390461,0.853756,-12.040000,80.150002,237.509995
50276,,,,,,,,,,,,,,,,,,,,0.938802,-0.456220,1.147326,,,,,,
50287,,,,,,,,,,,,,73.791771,87.469711,0.290142,0.254846,,,,,,,-0.145607,0.420961,0.795562,-13.440000,45.849998,196.070007
50286,,,,,,,,,,,,,,,,,,,,0.944900,-0.443742,1.187849,,,,,,
50301,,,,,,,,,,,,,73.289688,86.398491,0.296797,0.269045,,,,,,,,,,,,
50294,,,,,,,,,,,,,,,,,,,,0.950055,-0.431665,1.221891,,,,,,
50304,,,,,,,,,,,,,,,,,,,,0.954855,-0.419995,1.252631,-0.145607,0.420961,0.795562,-7.070000,-15.960000,161.350006
50307,,,,,,,,,,,,,73.048889,84.954247,0.299989,0.288187,,,,,,,,,,,,
50310,,,,,,,,,,,,,,,,,,,,,,,-0.345199,0.448350,0.903593,-37.799999,-27.930000,126.000000
50312,,,,0.892616,-0.450818,1.103115,1.182410,1.182410,,,,,,,,,,,,,,,,,,,,
50314,,,,,,,,,,,71.702003,73.266922,,,,,-0.048709,0.049085,-0.143018,,,,,,,,,
50317,,,,,,,,,,,,,73.171532,83.746231,0.267640,0.156382,,,,,,,,,,,,
50315,,,,,,,,,,,,,,,,,,,,0.959098,-0.408671,1.279380,,,,,,
50320,,,,,,,,,,,,,,,,,,,,,,,-0.201910,0.381738,0.770369,-18.059999,-63.419998,91.559998
50327,,,,,,,,,,,,,72.871910,82.307816,0.271548,0.175144,,,,,,,-0.201910,0.381738,0.770369,-45.009998,-63.700001,79.379997
50326,,,,,,,,,,,,,,,,,,,,0.962978,-0.397697,1.299939,,,,,,
50337,,,,,,,,,,,,,72.696327,79.551704,0.273839,0.211093,,,,,,,-0.206058,0.392840,0.950441,1.260000,-58.660000,56.419998
50336,,,,,,,,,,,,,,,,,,,,0.965639,-0.386605,1.306642,,,,,,
50343,,,,,,,,,,,,,,,,,,,,0.969004,-0.376191,1.310021,,,,,,
50347,,,,,,,,,,,,,72.336800,77.546402,0.278528,0.237249,,,,,,,-0.206058,0.392840,0.950441,17.290001,-22.889999,9.100000
50362,,,,0.915524,-0.402264,1.156808,1.110109,1.110109,,,,,,,,,,,,,,,,,,,,
50364,,,,,,,,,,,67.760109,68.284111,,,,,-0.040181,0.044887,-0.152102,0.975008,-0.353845,1.302828,,,,,,
50366,,,,,,,,,,,,,72.528374,75.745316,0.208451,0.175199,,,,,,,,,,,,
50369,,,,,,,,,,,,,,,,,,,,,,,-0.249673,0.142740,0.764574,-16.379999,13.300000,-58.799999
50374,,,,,,,,,,,,,,,,,,,,,,,-0.148291,-0.011529,0.787022,-7.630000,9.030000,-70.000000
50375,,,,,,,,,,,,,,,,,,,,0.977947,-0.342889,1.289066,,,,,,
50377,,,,,,,,,,,,,71.495514,73.726334,0.222009,0.201701,,,,,,,,,,,,
50379,,,,,,,,,,,,,,,,,,,,,,,-0.148291,-0.011529,0.787022,7.630000,8.050000,-75.180000
50387,,,,,,,,,,,,,70.896812,71.643250,0.229868,0.229044,,,,,,,-0.148291,-0.011529,0.787022,32.200001,21.629999,-97.720001
50385,,,,,,,,,,,,,,,,,,,,0.980981,-0.332195,1.271933,,,,,,
50397,,,,,,,,,,,,,70.062386,70.142555,0.240820,0.248742,,,,,,,-0.189588,-0.136579,0.696376,4.340000,45.570000,-104.580002
50396,,,,,,,,,,,,,,,,,,,,0.984255,-0.321605,1.254793,,,,,,
50407,,,,,,,,,,,,,69.875214,68.850197,0.243277,0.265706,,,,,,,-0.189588,-0.136579,0.696376,-4.060000,16.309999,-91.980003
50406,,,,,,,,,,,,,,,,,,,,0.987380,-0.310941,1.237906,,,,,,
50412,,,,0.934508,-0.355942,1.206874,1.037585,1.037585,,,,,,,,,,,,,,,,,,,,
50414,,,,,,,,,,,61.348209,66.799904,,,,,-0.058701,0.035603,-0.036152,0.990671,-0.301239,1.220791,,,,,,
50421,,,,,,,,,,,,,69.803841,67.802338,0.132126,0.253772,,,,,,,,,,,,
50426,,,,,,,,,,,,,,,,,,,,,,,-0.322690,-0.176839,0.907314,-21.070000,-70.000000,-72.099998
50427,,,,,,,,,,,,,68.968719,67.284653,0.143313,0.260706,,,,,,,,,,,,
50424,,,,,,,,,,,,,,,,,,,,0.993738,-0.291857,1.211214,,,,,,
50432,,,,,,,,,,,,,,,,,,,,,,,-0.165066,-0.163480,0.884500,-12.600000,-72.730003,-58.590000
50435,,,,,,,,,,,,,,,,,,,,0.996880,-0.282726,1.193264,,,,,,
50437,,,,,,,,,,,,,,,,,,,,,,,-0.165066,-0.163480,0.884500,15.120000,-69.440002,-35.980000
50438,,,,,,,,,,,,,67.949089,67.054161,0.156971,0.263794,,,,,,,,,,,,
50446,,,,,,,,,,,,,,,,,,,,,,,-0.165066,-0.163480,0.884500,0.980000,-41.160000,8.470000
50447,,,,,,,,,,,,,66.800697,66.649483,0.172354,0.269215,,,,,,,,,,,,
50445,,,,,,,,,,,,,,,,,,,,1.000259,-0.273613,1.189825,,,,,,
50457,,,,,,,,,,,,,65.453163,65.869873,0.190405,0.279658,,,,,,,-0.277306,-0.136518,1.073783,-15.680000,-9.800000,33.459999
50456,,,,,,,,,,,,,,,,,,,,1.003593,-0.264324,1.189858,,,,,,
50462,,,,0.950027,-0.312168,1.253323,0.965097,0.965097,,,,,,,,,,,,,,,,,,,,
50464,,,,,,,,,,,54.754848,64.104393,,,,,-0.064373,0.032222,0.058663,,,,,,,,,
50463,,,,,,,,,,,,,,,,,,,,1.006961,-0.255198,1.199836,,,,,,
50467,,,,,,,,,,,,,63.441288,66.023643,0.101368,0.230423,,,,,,,,,,,,
50470,,,,,,,,,,,,,,,,,,,,,,,-0.166896,-0.004392,0.967460,-8.050000,-2.520000,70.629997
50481,,,,,,,,,,,,,61.499500,65.218964,0.127668,0.241322,,,,,,,,,,,,
50474,,,,,,,,,,,,,,,,,,,,1.010421,-0.246016,1.209898,,,,,,
50484,,,,,,,,,,,,,,,,,,,,,,,-0.166896,-0.004392,0.967460,-4.830000,2.660000,93.029999
50487,,,,,,,,,,,,,59.302212,64.320900,0.157429,0.253485,,,,1.013614,-0.236772,1.226816,,,,,,
50489,,,,,,,,,,,,,,,,,,,,,,,-0.178974,0.082655,0.962702,9.520000,12.670000,130.970001
50497,,,,,,,,,,,,,57.512100,63.910606,0.181674,0.259042,,,,,,,-0.178974,0.082655,0.962702,1.190000,37.799999,151.130005
50495,,,,,,,,,,,,,,,,,,,,1.016772,-0.227486,1.247189,,,,,,
50507,,,,,,,,,,,,,55.889053,63.415154,0.203657,0.265753,,,,,,,-0.216001,0.163236,0.874801,-30.170000,61.599998,163.940002
50506,,,,,,,,,,,,,,,,,,,,1.019800,-0.217721,1.275055,,,,,,
50512,,,,0.962528,-0.271182,1.296175,0.892911,0.892911,,,,,,,,,,,,,,,,,,,,
50514,,,,,,,,,,,51.287289,58.643715,,,,,-0.067744,0.039175,0.021720,1.022373,-0.208080,1.302885,,,,,,
50521,,,,,,,,,,,,,54.665073,63.671543,0.159936,0.167275,,,,,,,,,,,,
50527,,,,,,,,,,,,,54.012016,63.594265,0.168677,0.168309,,,,,,,-0.216001,0.297680,1.075796,-15.680000,68.879997,167.160004
50524,,,,,,,,,,,,,,,,,,,,1.025079,-0.198781,1.322114,,,,,,
50532,,,,,,,,,,,,,,,,,,,,,,,-0.147010,0.297680,1.075796,-54.250000,63.770000,168.000000
50537,,,,,,,,,,,,,52.722912,62.344818,0.185933,0.185033,,,,,,,-0.147010,0.297680,1.075796,-24.639999,61.529999,170.589996
50535,,,,,,,,,,,,,,,,,,,,1.026751,-0.188968,1.358020,,,,,,
50547,,,,,,,,,,,,,50.989697,61.295116,0.209133,0.199084,,,,,,,-0.145241,0.238083,0.889502,-3.710000,81.900002,142.240005
50545,,,,,,,,,,,,,,,,,,,,1.028629,-0.179413,1.381305,,,,,,
50557,,,,,,,,,,,,,50.276745,60.649422,0.218676,0.207727,,,,,,,-0.145241,0.238083,0.889502,-11.130000,22.260000,118.510002
50555,,,,,,,,,,,,,,,,,,,,1.030181,-0.169897,1.407794,,,,,,
50562,,,,0.972438,-0.233163,1.335467,0.821304,0.821304,,,,,,,,,,,,,,,,,,,,
50564,,,,,,,,,,,48.574841,52.100662,,,,,-0.071533,0.046607,-0.069611,,,,,,,,,
50567,,,,,,,,,,,,,50.764618,59.492188,0.165397,0.110843,,,,,,,,,,,,
50566,,,,,,,,,,,,,,,,,,,,1.031493,-0.161142,1.428041,,,,,,
50569,,,,,,,,,,,,,,,,,,,,,,,-0.312442,0.190991,1.019188,-21.209999,-27.790001,99.750000
50581,,,,,,,,,,,,,50.113617,58.625454,0.173989,0.122283,,,,,,,,,,,,
50574,,,,,,,,,,,,,,,,,,,,1.032407,-0.152936,1.445279,,,,,,
50584,,,,,,,,,,,,,,,,,,,,1.033452,-0.145038,1.455668,-0.312442,0.190991,1.019188,8.330000,-34.090000,51.799999
50587,,,,,,,,,,,,,49.578125,56.739983,0.181057,0.147169,,,,,,,,,,,,
50590,,,,,,,,,,,,,,,,,,,,,,,-0.253211,0.156038,0.849120,7.350000,-16.940001,37.029999
50596,,,,,,,,,,,,,,,,,,,,,,,-0.253211,0.156038,0.849120,6.860000,2.240000,19.670000
50597,,,,,,,,,,,,,49.630665,55.128944,0.180364,0.168433,,,,,,,,,,,,
50595,,,,,,,,,,,,,,,,,,,,1.034048,-0.136932,1.463079,,,,,,
50607,,,,,,,,,,,,,,,,,,,,,,,-0.303231,0.093635,0.827709,9.520000,26.670000,-3.640000
50608,,,,,,,,,,,,,49.155048,53.781300,0.186641,0.186220,,,,,,,,,,,,
50605,,,,,,,,,,,,,,,,,,,,1.034615,-0.128948,1.465654,,,,,,
50612,,,,0.980157,-0.198224,1.371250,0.750560,0.750560,,,,,,,,,,,,,,,,,,,,
50614,,,,,,,,,,,44.666531,46.975521,,,,,-0.074641,0.046913,-0.093102,,,,,,,,,
50621,,,,,,,,,,,,,48.924362,52.816891,0.122259,0.110517,,,,,,,,,,,,
50615,,,,,,,,,,,,,,,,,,,,1.035331,-0.120985,1.464882,,,,,,
50627,,,,,,,,,,,,,47.894829,51.170002,0.135898,0.132334,,,,,,,-0.243878,0.005978,0.963922,3.640000,-8.610000,-24.850000
50626,,,,,,,,,,,,,,,,,,,,1.035842,-0.113332,1.458131,,,,,,
50632,,,,,,,,,,,,,,,,,,,,,,,-0.243878,0.005978,0.963922,-8.190000,-9.800000,-27.860001
50637,,,,,,,,,,,,,47.652428,49.882889,0.139110,0.149386,,,,,,,-0.243878,-0.002806,0.816607,-5.600000,-3.430000,-28.070000
50636,,,,,,,,,,,,,,,,,,,,1.036268,-0.106004,1.453648,,,,,,
50647,,,,,,,,,,,,,46.867672,48.744381,0.149506,0.164469,,,,,,,-0.202276,-0.002806,0.816607,-14.000000,20.930000,-29.120001
50644,,,,,,,,,,,,,,,,,,,,1.036870,-0.098940,1.448540,,,,,,
50657,,,,,,,,,,,,,,,,,,,,,,,-0.360510,-0.064904,0.962336,21.770000,13.580000,-26.879999
50655,,,,,,,,,,,,,,,,,,,,1.037247,-0.091345,1.451094,,,,,,
50658,,,,,,,,,,,,,46.241241,47.296707,0.157805,0.183647,,,,,,,,,,,,
50662,,,,0.986053,-0.166429,1.403589,0.680973,0.680973,,,,,,,,,,,,,,,,,,,,
50664,,,,,,,,,,,39.910786,43.236046,,,,,-0.080561,0.042137,-0.049483,,,,,,,,,
50667,,,,,,,,,,,,,45.537121,47.027893,0.084406,0.122239,,,,,,,,,,,,
50665,,,,,,,,,,,,,,,,,,,,1.038145,-0.084116,1.447387,,,,,,
50670,,,,,,,,,,,,,,,,,,,,,,,-0.360510,-0.064904,0.962336,-23.660000,-23.170000,-22.049999
50681,,,,,,,,,,,,,44.907928,45.774441,0.092820,0.139000,,,,,,,,,,,,
50676,,,,,,,,,,,,,,,,,,,,1.038706,-0.077462,1.447366,,,,,,
50684,,,,,,,,,,,,,,,,,,,,,,,-0.255773,-0.042517,0.820023,1.540000,-38.709999,3.430000
50687,,,,,,,,,,,,,43.372494,45.032738,0.113352,0.148918,,,,,,,,,,,,
50686,,,,,,,,,,,,,,,,,,,,1.039414,-0.071016,1.449910,,,,,,
50689,,,,,,,,,,,,,,,,,,,,,,,-0.255773,-0.042517,0.820023,-13.510000,-21.980000,15.400000
50693,,,,,,,,,,,,,,,,,,,,1.040039,-0.064894,1.443747,,,,,,
50697,,,,,,,,,,,,,42.438995,43.835922,0.125835,0.164922,,,,,,,-0.337147,-0.047824,0.944341,0.980000,12.880000,25.620001
50704,,,,,,,,,,,,,,,,,,,,1.040843,-0.058964,1.444293,,,,,,
50707,,,,,,,,,,,,,41.182610,42.905430,0.142636,0.177365,,,,,,,-0.337147,-0.047824,0.944341,-20.020000,17.080000,35.700001
50712,,,,0.990461,-0.137792,1.432564,0.612846,0.612846,,,,,,,,,,,,,,,,,,,,
50714,,,,,,,,,,,35.315556,39.334343,,,,,-0.084562,0.040225,-0.013873,1.041257,-0.052633,1.448734,,,,,,
50717,,,,,,,,,,,,,40.220108,42.783501,0.075410,0.111027,,,,,,,,,,,,
50719,,,,,,,,,,,,,,,,,,,,,,,-0.281332,0.016714,0.904569,2.940000,-28.070000,46.830002
50724,,,,,,,,,,,,,,,,,,,,1.042082,-0.046930,1.459190,,,,,,
50727,,,,,,,,,,,,,39.250385,41.948139,0.088431,0.122243,,,,,,,-0.281332,0.016714,0.904569,-13.790000,-34.299999,50.259998
50741,,,,,,,,,,,,,37.623802,41.043327,0.110270,0.134391,,,,,,,,,,,,
50734,,,,,,,,,,,,,,,,,,,,1.042228,-0.041146,1.463062,,,,,,
50744,,,,,,,,,,,,,,,,,,,,,,,-0.186416,0.057950,0.932812,-1.540000,27.719999,63.279999
50745,,,,,,,,,,,,,,,,,,,,1.042711,-0.035496,1.477308,,,,,,
50747,,,,,,,,,,,,,36.197548,39.982914,0.129420,0.148629,,,,,,,,,,,,
50749,,,,,,,,,,,,,,,,,,,,,,,-0.186416,0.057950,0.932812,-4.690000,38.500000,64.050003
50756,,,,,,,,,,,,,,,,,,,,,,,-0.315492,0.006283,0.940254,-11.340000,45.150002,68.320000
50757,,,,,,,,,,,,,35.607853,39.365219,0.137338,0.156923,,,,,,,,,,,,
50755,,,,,,,,,,,,,,,,,,,,1.043001,-0.029166,1.496279,,,,,,
50762,,,,0.993676,-0.112286,1.458273,0.546492,0.546492,,,,,,,,,,,,,,,,,,,,
50764,,,,,,,,,,,31.618395,34.651291,,,,,-0.086631,0.042987,-0.036893,,,,,,,,,
50767,,,,,,,,,,,,,34.360348,39.171761,0.089832,0.078197,,,,,,,,,,,,
50766,,,,,,,,,,,,,,,,,,,,1.043614,-0.023228,1.509382,,,,,,
50770,,,,,,,,,,,,,,,,,,,,,,,-0.315492,0.039650,0.959042,3.500000,-8.750000,72.519997
50776,,,,,,,,,,,,,,,,,,,,,,,-0.246196,0.039650,0.959042,-14.140000,-18.830000,68.250000
50777,,,,,,,,,,,,,33.285511,37.880672,0.104195,0.095450,,,,1.043846,-0.017263,1.541034,,,,,,
50786,,,,,,,,,,,,,,,,,,,,,,,-0.246196,0.039650,0.959042,-2.730000,3.990000,45.570000
50787,,,,,,,,,,,,,32.375439,36.787937,0.116357,0.110052,,,,1.043614,-0.011128,1.573959,,,,,,
50801,,,,,,,,,,,,,31.524445,35.626553,0.127729,0.125572,,,,,,,,,,,,
50795,,,,,,,,,,,,,,,,,,,,1.043689,-0.005919,1.589733,,,,,,
50803,,,,,,,,,,,,,,,,,,,,,,,-0.228506,0.075701,0.946720,0.840000,19.389999,36.470001
50807,,,,,,,,,,,,,31.209309,35.597752,0.131940,0.125957,,,,,,,,,,,,
50809,,,,,,,,,,,,,,,,,,,,,,,-0.250222,0.032086,0.938790,-9.170000,5.740000,32.830002
50805,,,,,,,,,,,,,,,,,,,,1.043555,-0.001053,1.593414,,,,,,
50811,,,,0.995956,-0.089847,1.480828,0.482232,0.482232,,,,,,,,,,,,,,,,,,,,
50813,,,,,,,,,,,28.395571,29.514198,,,,,,,,,,,,,,,,
50814,,,,,,,,,,,,,,,,,-0.087810,0.049256,-0.107926,,,,,,,,,
50817,,,,,,,,,,,,,30.654087,34.346523,0.083675,0.054066,,,,,,,,,,,,
50816,,,,,,,,,,,,,,,,,,,,1.043456,0.003685,1.593071,,,,,,
50820,,,,,,,,,,,,,,,,,,,,,,,-0.250222,0.032086,0.938790,-9.800000,-20.719999,16.379999
50823,,,,,,,,,,,,,,,,,,,,1.043502,0.007839,1.593416,,,,,,
50827,,,,,,,,,,,,,29.588961,33.238152,0.097779,0.068744,,,,,,,-0.198250,0.049715,0.950807,-2.450000,-25.200001,15.610000
50840,,,,,,,,,,,,,29.363277,32.027603,0.100768,0.084774,,,,,,,,,,,,
50837,,,,,,,,,,,,,,,,,,,,1.043457,0.011032,1.564820,,,,,,
50844,,,,,,,,,,,,,,,,,,,,,,,-0.198250,0.049715,0.950807,-5.250000,21.490000,-13.580000
50845,,,,,,,,,,,,,,,,,,,,1.043401,0.015170,1.557186,,,,,,
50847,,,,,,,,,,,,,27.923647,30.165411,0.119832,0.109433,,,,,,,,,,,,
50849,,,,,,,,,,,,,,,,,,,,,,,-0.301828,-0.042944,1.026142,7.070000,18.969999,-17.080000
50857,,,,,,,,,,,,,27.847382,29.189548,0.120841,0.122356,,,,,,,-0.301828,-0.042944,1.026142,7.700000,-0.630000,-20.719999
50855,,,,,,,,,,,,,,,,,,,,1.043366,0.019256,1.553654,,,,,,
50862,,,,0.997520,-0.070379,1.500359,0.420396,0.420396,,,,,,,,,,,,,,,,,,,,
50864,,,,,,,,,,,24.248640,26.162584,,,,,-0.090432,0.044647,-0.057337,,,,,,,,,
50867,,,,,,,,,,,,,27.478142,28.607441,0.053804,0.071954,,,,,,,,,,,,
50865,,,,,,,,,,,,,,,,,,,,1.043442,0.023318,1.557017,,,,,,
50869,,,,,,,,,,,,,,,,,,,,,,,-0.244305,-0.034770,0.908351,-5.670000,-27.580000,-27.510000
50877,,,,,,,,,,,,,26.913698,27.863890,0.061353,0.081898,,,,,,,-0.244305,-0.034770,0.908351,-0.420000,-51.799999,-29.049999
50876,,,,,,,,,,,,,,,,,,,,1.043559,0.026812,1.552971,,,,,,
50887,,,,,,,,,,,,,26.465389,26.719135,0.067349,0.097207,,,,,,,-0.197823,0.018117,1.107882,3.080000,-32.549999,-8.960000
50886,,,,,,,,,,,,,,,,,,,,1.043629,0.030437,1.549092,,,,,,
50901,,,,,,,,,,,,,25.376320,25.589821,0.081913,0.112310,,,,,,,,,,,,
50896,,,,,,,,,,,,,,,,,,,,1.043520,0.033935,1.545547,,,,,,
50904,,,,,,,,,,,,,,,,,,,,1.043536,0.037021,1.544305,-0.197823,0.018117,1.107882,3.570000,15.050000,7.700000
50907,,,,,,,,,,,,,24.203640,25.333948,0.097596,0.115732,,,,,,,,,,,,
50909,,,,,,,,,,,,,,,,,,,,,,,-0.256444,-0.076189,0.907192,2.870000,22.820000,16.379999
50911,,,,0.998554,-0.053758,1.517012,0.361324,0.361324,,,,,,,,,,,,,,,,,,,,
50913,,,,,,,,,,,20.472107,22.595806,,,,,-0.092044,0.042745,-0.029340,,,,,,,,,
50914,,,,,,,,,,,,,,,,,,,,1.043533,0.040587,1.544779,,,,,,
50917,,,,,,,,,,,,,23.666203,24.617243,0.038993,0.063236,,,,,,,,,,,,
50919,,,,,,,,,,,,,,,,,,,,,,,-0.256444,-0.076189,1.073173,-4.900000,26.110001,30.030001
50927,,,,,,,,,,,,,22.085697,23.972382,0.060218,0.071896,,,,,,,-0.209108,-0.012383,1.073173,-3.500000,16.520000,32.410000
50925,,,,,,,,,,,,,,,,,,,,1.043530,0.044234,1.559825,,,,,,
50937,,,,,,,,,,,,,21.283474,22.870930,0.070992,0.086688,,,,,,,-0.209108,-0.012383,1.073173,-3.080000,2.800000,46.340000
50936,,,,,,,,,,,,,,,,,,,,1.043465,0.047806,1.570333,,,,,,
50943,,,,,,,,,,,,,,,,,,,,1.043380,0.050894,1.581965,,,,,,
50947,,,,,,,,,,,,,20.620861,22.499136,0.079891,0.091681,,,,,,,-0.204411,0.061305,0.945805,-14.000000,7.210000,42.419998
50960,,,,,,,,,,,,,19.801264,21.790123,0.090898,0.101203,,,,,,,,,,,,
50962,,,,0.999206,-0.039833,1.530953,0.305363,0.305363,,,,,,,,,,,,,,,,,,,,
50965,,,,,,,,,,,17.283516,18.794666,,,,,-0.090540,0.045096,-0.049647,,,,,,,,,
50964,,,,,,,,,,,,,,,,,,,,1.043356,0.056196,1.581785,,,,,,
50967,,,,,,,,,,,,,18.414825,20.965273,0.053986,0.046115,,,,,,,,,,,,
50969,,,,,,,,,,,,,,,,,,,,,,,-0.204411,0.061305,1.013210,-3.780000,-23.590000,42.910000
50974,,,,,,,,,,,,,,,,,,,,1.043108,0.058696,1.593541,-0.283528,-0.019337,1.013210,1.750000,-23.870001,45.150002
50977,,,,,,,,,,,,,17.692852,20.388453,0.063653,0.053839,,,,,,,,,,,,
50979,,,,,,,,,,,,,,,,,,,,,,,-0.158234,-0.005368,1.025227,-0.350000,-23.309999,44.939999
50986,,,,,,,,,,,,,,,,,,,,,,,-0.158234,-0.005368,1.025227,-3.220000,-16.730000,42.209999
50987,,,,,,,,,,,,,17.081175,19.897856,0.071843,0.060407,,,,,,,,,,,,
50984,,,,,,,,,,,,,,,,,,,,1.043133,0.061372,1.605310,,,,,,
50997,,,,,,,,,,,,,16.529346,18.899302,0.079232,0.073778,,,,,,,-0.240157,0.007686,0.965813,-3.290000,15.680000,30.799999
50995,,,,,,,,,,,,,,,,,,,,1.042941,0.063609,1.609160,,,,,,
51006,,,,,,,,,,,,,,,,,,,,1.042762,0.065783,1.605066,-0.240157,0.007686,0.965813,-3.010000,25.410000,16.870001
51007,,,,,,,,,,,,,15.567983,18.115459,0.092104,0.084273,,,,,,,,,,,,
51011,,,,0.999596,-0.028429,1.542363,0.252871,0.252871,,,,,,,,,,,,,,,,,,,,
51013,,,,,,,,,,,14.181853,15.277116,,,,,,,,,,,,,,,,
51014,,,,,,,,,,,,,,,,,-0.092580,0.046398,-0.062730,,,,,,,,,
51021,,,,,,,,,,,,,15.362954,17.506401,0.040946,0.031321,,,,,,,,,,,,
51017,,,,,,,,,,,,,,,,,,,,1.042561,0.068094,1.604868,,,,,,
51024,,,,,,,,,,,,,,,,,,,,1.042378,0.070496,1.612645,,,,,,
51027,,,,,,,,,,,,,14.810946,16.614443,0.048322,0.043239,,,,,,,-0.158966,0.025803,1.018395,-0.420000,-14.000000,8.890000
51032,,,,,,,,,,,,,,,,,,,,,,,-0.158966,0.025803,0.998082,1.890000,-18.270000,10.010000
51034,,,,,,,,,,,,,,,,,,,,1.042277,0.072705,1.624304,,,,,,
51037,,,,,,,,,,,,,,,,,,,,,,,-0.158844,-0.038064,0.998082,1.890000,-18.059999,8.540000
51038,,,,,,,,,,,,,14.034843,15.552305,0.058692,0.057431,,,,,,,,,,,,
51047,,,,,,,,,,,,,12.988346,15.444570,0.072675,0.058871,,,,,,,-0.158844,-0.038064,0.998082,4.970000,-2.730000,-9.380000
51045,,,,,,,,,,,,,,,,,,,,1.042246,0.074601,1.620512,,,,,,
51062,,,,0.999813,-0.019351,1.551445,0.204215,0.204215,,,,,,,,,,,,,,,,,,,,
51064,,,,,,,,,,,11.291802,12.105625,,,,,-0.091901,0.047128,-0.069778,,,,,,,,,
51065,,,,,,,,,,,,,12.999912,14.474715,0.022350,0.016776,,,,,,,,,,,,
51056,,,,,,,,,,,,,,,,,,,,1.042370,0.076526,1.620499,,,,,,
51068,,,,,,,,,,,,,,,,,,,,,,,-0.236924,-0.006710,1.028704,4.830000,14.210000,0.700000
51066,,,,,,,,,,,,,,,,,,,,1.041937,0.078063,1.620488,,,,,,
51073,,,,,,,,,,,,,,,,,,,,,,,-0.191479,-0.008967,1.009794,-1.120000,-8.750000,-2.030000
51077,,,,,,,,,,,,,11.903028,13.143927,0.037003,0.034553,,,,1.041752,0.079546,1.616755,,,,,,
51079,,,,,,,,,,,,,,,,,,,,,,,-0.191479,-0.008967,1.009794,1.540000,-8.680000,-7.630000
51086,,,,,,,,,,,,,,,,,,,,,,,-0.191479,-0.008967,1.009794,0.700000,-0.770000,-16.240000
51087,,,,,,,,,,,,,11.105492,12.149584,0.047656,0.047835,,,,,,,,,,,,
51085,,,,,,,,,,,,,,,,,,,,1.041764,0.081134,1.620563,,,,,,
51096,,,,,,,,,,,,,,,,,,,,,,,-0.253394,-0.026657,0.985516,6.580000,25.900000,-11.690000
51097,,,,,,,,,,,,,10.441696,11.320195,0.056523,0.058914,,,,,,,,,,,,
51095,,,,,,,,,,,,,,,,,,,,1.041776,0.082384,1.612985,,,,,,
51106,,,,,,,,,,,,,,,,,,,,,,,-0.253394,-0.026657,0.985516,-1.120000,-10.780000,-3.220000
51107,,,,,,,,,,,,,9.873966,10.613135,0.064107,0.068359,,,,,,,,,,,,
51105,,,,,,,,,,,,,,,,,,,,1.041716,0.083487,1.604940,,,,,,
51111,,,,0.999923,-0.012379,1.558417,0.159769,0.159769,,,,,,,,,,,,,,,,,,,,
51113,,,,,,,,,,,8.524137,9.318316,,,,,-0.094254,0.045234,-0.048493,,,,,,,,,
51121,,,,,,,,,,,,,9.471508,10.093445,0.021382,0.026871,,,,,,,,,,,,
51115,,,,,,,,,,,,,,,,,,,,1.041668,0.084368,1.601089,,,,,,
51126,,,,,,,,,,,,,,,,,,,,1.041764,0.085391,1.608989,-0.258152,0.015738,1.035963,3.780000,-19.879999,3.920000
51127,,,,,,,,,,,,,8.924162,9.447459,0.028728,0.035540,,,,,,,,,,,,
51131,,,,,,,,,,,,,,,,,,,,,,,-0.168604,-0.043737,1.035963,0.700000,-19.250000,4.550000
51136,,,,,,,,,,,,,,,,,,,,1.041876,0.086352,1.612854,-0.168604,-0.043737,1.035963,-0.700000,-20.440001,4.760000
51137,,,,,,,,,,,,,8.057225,9.045965,0.040363,0.040928,,,,,,,,,,,,
51147,,,,,,,,,,,,,7.320267,8.152193,0.050253,0.052923,,,,1.041761,0.087120,1.612670,-0.175436,0.049166,0.984174,2.100000,-12.040000,17.360001
51157,,,,,,,,,,,,,6.707543,7.407526,0.058476,0.062917,,,,,,,-0.175436,0.049166,0.984174,-11.550000,17.500000,24.430000
51154,,,,,,,,,,,,,,,,,,,,1.041347,0.087597,1.620568,,,,,,
51161,,,,0.999974,-0.007277,1.563520,0.119919,0.119919,,,,,,,,,,,,,,,,,,,,
51163,,,,,,,,,,,6.172875,6.722256,,,,,-0.092850,0.046007,-0.056474,,,,,,,,,
51167,,,,,,,,,,,,,6.196393,7.338026,0.024376,0.018631,,,,,,,,,,,,
51165,,,,,,,,,,,,,,,,,,,,1.041277,0.088261,1.624298,,,,,,
51169,,,,,,,,,,,,,,,,,,,,,,,-0.203374,-0.076372,0.991921,-0.630000,24.080000,14.910000
51181,,,,,,,,,,,,,5.611150,6.571720,0.032225,0.028908,,,,,,,,,,,,
51176,,,,,,,,,,,,,,,,,,,,1.041358,0.088969,1.624219,,,,,,
51184,,,,,,,,,,,,,,,,,,,,,,,-0.203374,-0.076372,0.991921,-2.030000,4.270000,13.300000
51187,,,,,,,,,,,,,4.721221,5.529445,0.044160,0.042886,,,,,,,,,,,,
51186,,,,,,,,,,,,,,,,,,,,1.041315,0.089634,1.623583,,,,,,
51189,,,,,,,,,,,,,,,,,,,,,,,-0.156099,0.041419,1.040111,-2.940000,-4.340000,11.900000
51194,,,,,,,,,,,,,,,,,,,,1.041414,0.090005,1.619671,,,,,,
51196,,,,,,,,,,,,,,,,,,,,,,,-0.156099,0.041419,1.040111,0.350000,-13.440000,9.450000
51197,,,,,,,,,,,,,3.972435,5.197235,0.054202,0.047342,,,,,,,,,,,,
51206,,,,,,,,,,,,,,,,,,,,,,,-0.165432,-0.036356,0.991433,0.560000,-3.990000,12.250000
51207,,,,,,,,,,,,,3.342406,4.372953,0.062652,0.058396,,,,,,,,,,,,
51204,,,,,,,,,,,,,,,,,,,,1.041415,0.090230,1.619681,,,,,,
51211,,,,0.999993,-0.003784,1.567013,0.085059,0.085059,,,,,,,,,,,,,,,,,,,,
51213,,,,,,,,,,,4.083079,4.485852,,,,,-0.091887,0.046030,-0.053536,,,,,,,,,
51222,,,,,,,,,,,,,2.812300,4.429875,0.033379,0.018694,,,,,,,,,,,,
51215,,,,,,,,,,,,,,,,,,,,1.041302,0.090812,1.635266,,,,,,
51226,,,,,,,,,,,,,,,,,,,,,,,-0.165432,0.004758,1.000888,-4.270000,4.550000,22.049999
51227,,,,,,,,,,,,,2.366269,4.813558,0.039362,0.013548,,,,,,,,,,,,
51225,,,,,,,,,,,,,,,,,,,,1.041162,0.091111,1.639067,,,,,,
51231,,,,,,,,,,,,,,,,,,,,,,,-0.200080,0.004758,1.000888,-1.050000,-4.130000,20.230000
51236,,,,,,,,,,,,,,,,,,,,1.041179,0.091199,1.642851,-0.200080,0.004758,1.000888,-0.210000,-10.640000,19.530001
51237,,,,,,,,,,,,,1.990978,4.050127,0.044396,0.023788,,,,,,,,,,,,
51247,,,,,,,,,,,,,1.675209,3.407776,0.048632,0.032405,,,,,,,-0.130601,-0.011041,1.010099,-1.680000,-18.129999,14.630000
51246,,,,,,,,,,,,,,,,,,,,1.041178,0.091164,1.646761,,,,,,
51254,,,,,,,,,,,,,,,,,,,,1.041122,0.091064,1.646749,,,,,,
51257,,,,,,,,,,,,,1.409520,2.867302,0.052195,0.039655,,,,,,,-0.130601,-0.011041,1.010099,-2.380000,-20.790001,9.730000
51261,,,,0.999999,-0.001621,1.569175,0.055590,0.055590,,,,,,,,,,,,,,,,,,,,
51263,,,,,,,,,,,2.367003,2.567830,,,,,-0.089422,0.047968,-0.076566,,,,,,,,,
51267,,,,,,,,,,,,,1.185970,2.412548,0.025262,0.012348,,,,1.041118,0.090915,1.650644,,,,,,
51269,,,,,,,,,,,,,,,,,,,,,,,-0.129747,-0.020984,1.022482,0.560000,-21.700001,8.260000
51280,,,,,,,,,,,,,0.997875,2.029917,0.027778,0.017465,,,,,,,,,,,,
51275,,,,,,,,,,,,,,,,,,,,1.041205,0.090454,1.646899,,,,,,
51284,,,,,,,,,,,,,,,,,,,,,,,-0.129747,-0.020984,1.022482,-0.210000,-27.020000,2.100000
51287,,,,,,,,,,,,,0.839612,1.707972,0.029894,0.021771,,,,,,,,,,,,
51286,,,,,,,,,,,,,,,,,,,,1.041208,0.090156,1.647082,,,,,,
51289,,,,,,,,,,,,,,,,,,,,,,,-0.116876,0.003599,1.015284,-0.350000,-28.280001,0.770000
51297,,,,,,,,,,,,,0.706450,1.437088,0.031675,0.025393,,,,,,,-0.114009,-0.024583,1.012844,0.840000,-29.750000,-0.210000
51296,,,,,,,,,,,,,,,,,,,,1.041229,0.089863,1.647250,,,,,,
51304,,,,,,,,,,,,,,,,,,,,1.041288,0.089522,1.647318,,,,,,
51306,,,,,,,,,,,,,,,,,,,,,,,-0.114009,-0.024583,1.012844,1.050000,-34.930000,-1.820000
51307,,,,,,,,,,,,,0.594407,1.209165,0.033174,0.028441,,,,,,,,,,,,
51311,,,,1.000000,-0.000488,1.570309,0.031924,0.031924,,,,,,,,,,,,,,,,,,,,
51313,,,,,,,,,,,0.968542,1.082047,,,,,-0.086770,0.048078,-0.077378,,,,,,,,,
51314,,,,,,,,,,,,,,,,,,,,1.041277,0.089071,1.647476,,,,,,
51317,,,,,,,,,,,,,0.500134,1.017392,0.010146,0.005194,,,,,,,,,,,,
51319,,,,,,,,,,,,,,,,,,,,,,,-0.088084,0.002379,1.019798,0.350000,-43.750000,0.140000
51326,,,,,,,,,,,,,,,,,,,,,,,-0.088084,0.002379,1.019798,0.560000,-45.990002,0.280000
51327,,,,,,,,,,,,,0.420812,0.856033,0.011208,0.007355,,,,,,,,,,,,
51324,,,,,,,,,,,,,,,,,,,,1.041163,0.088374,1.647584,,,,,,
51340,,,,,,,,,,,,,0.354071,0.720266,0.012102,0.009172,,,,,,,,,,,,
51335,,,,,,,,,,,,,,,,,,,,1.041204,0.087893,1.647598,,,,,,
51344,,,,,,,,,,,,,,,,,,,,,,,-0.079300,-0.018178,1.018944,1.190000,-56.000000,-0.490000
51347,,,,,,,,,,,,,0.297916,0.606032,0.012854,0.010702,,,,,,,,,,,,
51345,,,,,,,,,,,,,,,,,,,,1.041363,0.087179,1.643852,,,,,,
51349,,,,,,,,,,,,,,,,,,,,,,,-0.079300,-0.018178,1.018944,0.490000,-58.730000,-0.490000
51356,,,,,,,,,,,,,,,,,,,,,,,-0.061793,-0.006649,1.019981,0.770000,-63.910000,-0.210000
51357,,,,,,,,,,,,,0.250666,0.509915,0.013486,0.011989,,,,,,,,,,,,
51355,,,,,,,,,,,,,,,,,,,,1.041489,0.086674,1.643829,,,,,,
51361,,,,1.000000,-0.000062,1.570734,0.014482,0.014482,,,,,,,,,,,,,,,,,,,,
51363,,,,,,,,,,,-0.052598,0.001365,,,,,-0.083734,0.047752,-0.073630,,,,,,,,,
51367,,,,,,,,,,,,,0.210910,0.429042,-0.003743,-0.005728,,,,,,,,,,,,
51366,,,,,,,,,,,,,,,,,,,,1.041664,0.086126,1.647522,,,,,,
51369,,,,,,,,,,,,,,,,,,,,,,,-0.061793,-0.006649,1.019981,1.050000,-68.180000,-0.210000
51381,,,,,,,,,,,,,0.177460,0.360996,-0.003295,-0.004816,,,,,,,,,,,,
51374,,,,,,,,,,,,,,,,,,,,1.041736,0.085407,1.651151,,,,,,
51383,,,,,,,,,,,,,,,,,,,,,,,-0.034648,-0.006832,1.037000,0.140000,-40.810001,-2.380000
51385,,,,,,,,,,,,,,,,,,,,1.041662,0.084860,1.650972,,,,,,
51387,,,,,,,,,,,,,0.149315,0.303742,-0.002917,-0.004048,,,,,,,,,,,,
51389,,,,,,,,,,,,,,,,,,,,,,,-0.034648,-0.006832,1.037000,0.140000,11.200000,-4.620000
51396,,,,,,,,,,,,,,,,,,,,,,,0.045567,-0.011712,0.944402,-0.420000,27.510000,-5.040000
51397,,,,,,,,,,,,,0.125633,0.255569,-0.002600,-0.003403,,,,,,,,,,,,
51395,,,,,,,,,,,,,,,,,,,,1.041584,0.084870,1.651163,,,,,,
51406,,,,,,,,,,,,,,,,,,,,1.041620,0.084945,1.651160,0.045567,-0.011712,0.944402,0.070000,0.210000,15.400000
51407,,,,,,,,,,,,,0.105708,0.215035,-0.002333,-0.002859,,,,,,,,,,,,
51411,,,,1.000000,-0.000000,1.570796,0.003695,0.003695,,,,,,,,,,,,,,,,,,,,
51413,,,,,,,,,,,-0.679023,-0.666411,,,,,-0.081533,0.048267,-0.079883,,,,,,,,,
51417,,,,,,,,,,,,,0.088943,0.180931,-0.013008,-0.014022,,,,,,,,,,,,
51416,,,,,,,,,,,,,,,,,,,,1.041596,0.084867,1.654923,,,,,,
51419,,,,,,,,,,,,,,,,,,,,,,,0.060329,-0.005673,1.087935,-0.490000,-7.420000,9.310000
51426,,,,,,,,,,,,,,,,,,,,1.041618,0.084732,1.658558,0.060329,-0.005673,1.087935,-0.630000,2.450000,-0.350000
51427,,,,,,,,,,,,,0.074836,0.152235,-0.012819,-0.013637,,,,,,,,,,,,
51441,,,,,,,,,,,,,0.062967,0.128091,-0.012660,-0.013314,,,,,,,,,,,,
51434,,,,,,,,,,,,,,,,,,,,1.041615,0.084758,1.654801,,,,,,
51444,,,,,,,,,,,,,,,,,,,,1.041641,0.084770,1.654870,0.009943,-0.016714,1.005280,0.560000,0.980000,-4.760000
51447,,,,,,,,,,,,,0.052981,0.107775,-0.012527,-0.013041,,,,,,,,,,,,
51449,,,,,,,,,,,,,,,,,,,,,,,0.009638,-0.002318,1.023397,0.000000,-0.700000,-1.820000
51456,,,,,,,,,,,,,,,,,,,,,,,0.009638,-0.002318,1.023397,-0.280000,-0.910000,0.630000
51457,,,,,,,,,,,,,0.044578,0.090682,-0.012414,-0.012812,,,,,,,,,,,,
51454,,,,,,,,,,,,,,,,,,,,1.041613,0.084772,1.654870,,,,,,
51462,,,,1.000000,-0.000000,1.570796,0.003695,0.003695,,,,,,,,,,,,,,,,,,,,
51464,,,,,,,,,,,-0.673092,-0.661188,,,,,-0.081027,0.048562,-0.083759,,,,,,,,,
51467,,,,,,,,,,,,,0.037508,0.076300,-0.012212,-0.012525,,,,,,,,,,,,
51465,,,,,,,,,,,,,,,,,,,,1.041618,0.084789,1.654801,,,,,,
51469,,,,,,,,,,,,,,,,,,,,,,,-0.017019,-0.014518,1.016138,0.210000,0.350000,-0.140000
51476,,,,,,,,,,,,,,,,,,,,,,,-0.017019,-0.014518,1.016138,0.210000,-1.120000,-0.490000
51477,,,,,,,,,,,,,0.031559,0.064199,-0.012132,-0.012363,,,,,,,,,,,,
