ts,x,y,yaw,x_des,y_des,yaw_des,v_ff,w_ff,v_actual,w_actual,omega_l_cmd,omega_r_cmd,omega_l_meas,omega_r_meas,duty_l,duty_r,x_err,y_err,yaw_err,x_raw,y_raw,yaw_raw,acc_x,acc_y,acc_z,gyro_x,gyro_y,gyro_z
26446,,,,,,,,,,,,,,,,,,,,,,,-0.018361,-0.012993,1.020835,0.210000,-0.700000,-0.210000
26444,,,,,,,,,,,,,,,,,,,,0.969093,-0.001482,1.562998,,,,,,
26447,,,,,,,,,,,,,0.000000,0.000000,0.000000,0.000000,,,,,,,,,,,,
26452,,,,,,,,,,,,,,,,,,,,0.969120,-0.001479,1.562998,,,,,,
26456,,,,,,,,,,,,,,,,,,,,,,,-0.018849,-0.012383,1.021384,-1.960000,-2.170000,-0.210000
26457,,,,,,,,,,,,,0.000000,0.000000,0.000000,0.000000,,,,,,,,,,,,
26459,,,,,,,,,,,,,,,,,,,,0.969097,-0.001473,1.562987,,,,,,
26465,,,,,,,,,,,,,,,,,,,,,,,-0.018849,-0.012383,1.021384,-1.890000,-0.420000,-0.560000
26467,,,,,,,,,,,,,0.000000,0.000000,0.000000,0.000000,,,,,,,,,,,,
26466,,,,,,,,,,,,,,,,,,,,0.969113,-0.001481,1.562998,,,,,,
26475,,,,,,,,,,,,,,,,,,,,,,,-0.018971,-0.013664,1.022238,2.310000,1.190000,-0.350000
26477,,,,,,,,,,,,,0.000000,0.000000,0.000000,0.000000,,,,,,,,,,,,
26480,,,,,,,,,,,,,,,,,,,,0.969112,-0.001490,1.562998,,,,,,
26486,,,,,,,,,,,,,,,,,,,,,,,-0.018971,-0.013664,1.022238,1.890000,-0.700000,0.000000
26487,,,,,,,,,,,,,0.000000,0.000000,0.000000,0.000000,,,,,,,,,,,,
26489,,,,1.000000,0.000488,1.571284,0.003695,0.003695,,,0.375618,0.395303,,,,,0.002218,-0.030871,0.008286,,,,,,,,,
26488,,,,,,,,,,,,,,,,,,,,0.969084,-0.001472,1.562987,,,,,,
26496,,,,,,,,,,,,,,,,,,,,,,,-0.019215,-0.012444,1.022299,-2.100000,-1.680000,-0.420000
26497,,,,,,,,,,,,,0.000000,0.000000,0.005713,0.006013,,,,,,,,,,,,
26495,,,,,,,,,,,,,,,,,,,,0.969118,-0.001474,1.562998,,,,,,
26506,,,,,,,,,,,,,,,,,,,,,,,-0.019215,-0.012444,1.022299,0.700000,0.840000,-0.490000
26513,,,,,,,,,,,,,0.000000,0.000000,0.005713,0.006013,,,,,,,,,,,,
26509,,,,,,,,,,,,,,,,,,,,0.969122,-0.001479,1.562998,,,,,,
26518,,,,,,,,,,,,,,,,,,,,,,,-0.018910,-0.012810,1.022726,2.660000,0.280000,-0.070000
26517,,,,,,,,,,,,,,,,,,,,0.969118,-0.001490,1.562998,,,,,,
26525,,,,,,,,,,,,,,,,,,,,,,,-0.018910,-0.012993,1.021750,-0.560000,-1.540000,-0.140000
26527,,,,,,,,,,,,,0.000000,0.000000,0.005713,0.006013,,,,,,,,,,,,
26531,,,,,,,,,,,,,,,,,,,,0.969085,-0.001480,1.562998,,,,,,
26536,,,,,,,,,,,,,,,,,,,,,,,-0.018971,-0.012993,1.021750,1.750000,1.190000,-0.350000
26537,,,,,,,,,,,,,0.000000,0.000000,0.005713,0.006013,,,,,,,,,,,,
26539,,,,0.999999,0.001621,1.572417,0.014482,0.014482,,,1.087640,1.165676,,,,,0.003342,-0.030887,0.009418,,,,,,,,,
26538,,,,,,,,,,,,,,,,,,,,0.969101,-0.001480,1.562987,,,,,,
26546,,,,,,,,,,,,,,,,,,,,0.969118,-0.001485,1.562998,-0.017995,-0.011895,1.021811,1.960000,-0.490000,0.000000
26547,,,,,,,,,,,,,0.000000,0.000000,0.016544,0.017731,,,,,,,,,,,,
26556,,,,,,,,,,,,,,,,,,,,,,,-0.017995,-0.011895,1.021811,-1.820000,-2.310000,-0.210000
26557,,,,,,,,,,,,,0.000000,0.000000,0.016544,0.017731,,,,,,,,,,,,
26560,,,,,,,,,,,,,,,,,,,,0.969122,-0.001485,1.562998,,,,,,
26566,,,,,,,,,,,,,,,,,,,,,,,-0.018666,-0.013420,1.020530,-1.750000,-0.420000,-0.490000
26573,,,,,,,,,,,,,0.000000,0.000000,0.016544,0.017731,,,,,,,,,,,,
26567,,,,,,,,,,,,,,,,,,,,0.969098,-0.001481,1.562987,,,,,,
26578,,,,,,,,,,,,,,,,,,,,,,,-0.018666,-0.013420,1.020530,2.730000,0.490000,-0.140000
26581,,,,,,,,,,,,,,,,,,,,0.969095,-0.001483,1.562987,,,,,,
26585,,,,,,,,,,,,,,,,,,,,,,,-0.019032,-0.012322,1.021323,-0.210000,-1.890000,0.000000
26587,,,,,,,,,,,,,0.000000,0.000000,0.016544,0.017731,,,,,,,,,,,,
26589,,,,0.999993,0.003784,1.574580,0.031924,0.031924,,,2.262192,2.437980,,,,,0.005508,-0.030857,0.011592,0.969090,-0.001469,1.562987,,,,,,
26596,,,,,,,,,,,,,,,,,,,,0.969115,-0.001478,1.562987,-0.019032,-0.012322,1.021323,-2.450000,-1.540000,-0.350000
26597,,,,,,,,,,,,,0.000000,0.000000,0.034410,0.037083,,,,,,,,,,,,
26606,,,,,,,,,,,,,,,,,,,,,,,-0.019337,-0.011895,1.021689,0.350000,0.490000,-0.420000
26607,,,,,,,,,,,,,0.000000,0.000000,0.034410,0.037083,,,,,,,,,,,,
26610,,,,,,,,,,,,,,,,,,,,0.969121,-0.001490,1.562998,,,,,,
26616,,,,,,,,,,,,,,,,,,,,,,,-0.019337,-0.011895,1.021689,0.140000,-0.490000,-0.140000
26617,,,,,,,,,,,,,0.000000,0.000000,0.034410,0.037083,,,,,,,,,,,,
26618,,,,,,,,,,,,,,,,,,,,0.969117,-0.001493,1.562998,,,,,,
26625,,,,,,,,,,,,,,,,,,,,0.969101,-0.001476,1.562987,-0.018117,-0.013420,1.021384,0.070000,-0.490000,-0.210000
26633,,,,,,,,,,,,,0.000000,0.000000,0.034410,0.037083,,,,,,,,,,,,
26638,,,,,,,,,,,,,,,,,,,,,,,-0.018117,-0.013420,1.023946,0.140000,-0.560000,-0.280000
26639,,,,0.999974,0.007277,1.578073,0.055590,0.055590,,,,,,,,,,,,,,,,,,,,
26640,,,,,,,,,,,3.890920,4.207568,,,,,0.008994,-0.030804,0.015086,0.969112,-0.001489,1.562998,,,,,,
26646,,,,,,,,,,,,,,,,,,,,,,,-0.018666,-0.012932,1.023946,0.070000,-0.560000,-0.210000
26647,,,,,,,,,,,,,0.000000,0.000000,0.059184,0.064000,,,,0.969095,-0.001471,1.562987,,,,,,
26656,,,,,,,,,,,,,,,,,,,,,,,-0.018666,-0.012932,1.023946,0.140000,-0.490000,-0.280000
26657,,,,,,,,,,,,,0.000000,0.000000,0.059184,0.064000,,,,,,,,,,,,
26662,,,,,,,,,,,,,,,,,,,,0.969105,-0.001480,1.562987,,,,,,
26666,,,,,,,,,,,,,,,,,,,,,,,-0.019337,-0.012566,1.018212,0.070000,-0.630000,-0.350000
26674,,,,,,,,,,,,,0.000000,0.327545,0.059184,0.060328,,,,,,,,,,,,
26669,,,,,,,,,,,,,,,,,,,,0.969099,-0.001481,1.562987,,,,,,
26678,,,,,,,,,,,,,,,,,,,,,,,-0.016165,-0.010797,1.020103,0.000000,-0.910000,0.280000
26677,,,,,,,,,,,,,,,,,,,,0.969103,-0.001480,1.562998,,,,,,
26685,,,,,,,,,,,,,,,,,,,,,,,-0.016165,-0.010797,1.020103,-0.140000,-3.920000,9.800000
26687,,,,,,,,,,,,,0.000000,0.687038,0.059184,0.056298,,,,,,,,,,,,
26689,,,,0.999923,0.012379,1.583176,0.085059,0.085059,,,5.963886,6.469334,,,,,0.014058,-0.030719,0.019618,,,,,,,,,
26691,,,,,,,,,,,,,,,,,,,,0.969077,-0.001472,1.562998,,,,,,
26696,,,,,,,,,,,,,,,,,,,,,,,0.009394,-0.011834,1.021872,-0.280000,1.400000,7.350000
26697,,,,,,,,,,,,,0.000000,0.578074,0.090715,0.091923,,,,,,,,,,,,
26699,,,,,,,,,,,,,,,,,,,,0.969091,-0.001392,1.566920,,,,,,
26706,,,,,,,,,,,,,,,,,,,,0.969086,-0.001314,1.566920,0.009394,-0.011834,1.021872,-0.140000,0.560000,6.860000
26707,,,,,,,,,,,,,0.000000,0.486391,0.090715,0.092950,,,,,,,,,,,,
26716,,,,,,,,,,,,,,,,,,,,,,,0.026047,-0.009272,1.035597,-0.630000,-6.370000,23.450001
26717,,,,,,,,,,,,,0.549655,0.958904,0.084553,0.087653,,,,,,,,,,,,
26720,,,,,,,,,,,,,,,,,,,,0.969063,-0.001237,1.570831,,,,,,
26726,,,,,,,,,,,,,,,,,,,,,,,0.026047,-0.009272,1.035597,-1.540000,-1.540000,12.810000
26734,,,,,,,,,,,,,0.791748,1.136090,0.081839,0.085667,,,,,,,,,,,,
26728,,,,,,,,,,,,,,,,,,,,0.969031,-0.001025,1.574611,,,,,,
26739,,,,0.999813,0.019351,1.590148,0.119919,0.119919,,,,,,,,,,,,,,,,,,,,
26740,,,,,,,,,,,8.450544,9.140716,,,,,0.020249,-0.030840,0.016184,,,,,,,,,
26736,,,,,,,,,,,,,,,,,,,,0.969024,-0.000862,1.570658,,,,,,
26741,,,,,,,,,,,,,,,,,,,,,,,0.098881,-0.020313,1.024617,-1.540000,-1.330000,-8.680000
26746,,,,,,,,,,,,,,,,,,,,,,,0.098881,-0.020313,1.024617,1.050000,6.370000,-21.629999
26747,,,,,,,,,,,,,1.482216,0.955906,0.111922,0.128320,,,,,,,,,,,,
26750,,,,,,,,,,,,,,,,,,,,0.969049,-0.000489,1.566890,,,,,,
26756,,,,,,,,,,,,,,,,,,,,,,,0.043859,-0.009943,1.011746,1.540000,6.860000,-23.030001
26757,,,,,,,,,,,,,1.796458,1.353621,0.108399,0.123862,,,,,,,,,,,,
26758,,,,,,,,,,,,,,,,,,,,0.969054,0.000116,1.563018,,,,,,
26766,,,,,,,,,,,,,,,,,,,,0.968979,0.000572,1.559104,0.043859,-0.009943,1.011746,0.070000,-15.330000,-7.490000
26767,,,,,,,,,,,,,2.059425,2.234707,0.105451,0.113984,,,,,,,,,,,,
26775,,,,,,,,,,,,,,,,,,,,,,,0.097173,-0.013603,1.048346,0.840000,-17.709999,-0.280000
26777,,,,,,,,,,,,,2.830117,2.428941,0.096811,0.111807,,,,,,,,,,,,
26780,,,,,,,,,,,,,,,,,,,,0.969029,0.000987,1.559091,,,,,,
26786,,,,,,,,,,,,,,,,,,,,,,,0.097173,-0.013603,1.048346,-0.070000,7.560000,-4.900000
26793,,,,,,,,,,,,,3.058932,2.721382,0.094246,0.108528,,,,,,,,,,,,
26795,,,,0.999596,0.028429,1.599229,0.159769,0.159769,,,,,,,,,,,,,,,,,,,,
26796,,,,,,,,,,,11.207196,12.326293,,,,,0.027737,-0.030271,0.039165,,,,,,,,,
26788,,,,,,,,,,,,,,,,,,,,0.969023,0.001798,1.562998,,,,,,
26801,,,,,,,,,,,,,,,,,,,,,,,0.078507,-0.010614,0.990274,-0.910000,3.500000,2.730000
26802,,,,,,,,,,,,,,,,,,,,0.969028,0.002867,1.562987,,,,,,
26806,,,,,,,,,,,,,,,,,,,,,,,0.078507,-0.010614,0.990274,-0.700000,-11.270000,1.610000
26807,,,,,,,,,,,,,3.363607,3.474504,0.132761,0.148540,,,,,,,,,,,,
26809,,,,,,,,,,,,,,,,,,,,0.969074,0.003635,1.562998,,,,,,
26816,,,,,,,,,,,,,,,,,,,,,,,0.058926,-0.013969,1.066158,-0.070000,-8.190000,5.740000
26817,,,,,,,,,,,,,4.469506,4.016359,0.120363,0.142465,,,,0.969078,0.004329,1.559102,,,,,,
26826,,,,,,,,,,,,,,,,,,,,,,,0.058926,-0.013969,1.066158,-0.140000,-19.670000,8.330000
26827,,,,,,,,,,,,,4.858843,4.477566,0.115998,0.137295,,,,,,,,,,,,
26831,,,,,,,,,,,,,,,,,,,,0.968966,0.005423,1.563119,,,,,,
26836,,,,,,,,,,,,,,,,,,,,,,,0.112850,-0.010858,1.013881,0.700000,-13.650000,9.240000
26837,,,,,,,,,,,,,5.187873,5.416888,0.112310,0.126764,,,,,,,,,,,,
26839,,,,0.999206,0.039833,1.610640,0.204215,0.204215,,,,,,,,,,,,,,,,,,,,
26840,,,,,,,,,,,14.215834,15.739896,,,,,0.034649,-0.029963,0.047590,,,,,,,,,
26838,,,,,,,,,,,,,,,,,,,,0.968955,0.006587,1.566981,,,,,,
26846,,,,,,,,,,,,,,,,,,,,0.968863,0.007774,1.566946,0.112850,-0.012505,1.034377,-1.120000,11.060000,15.820000
26854,,,,,,,,,,,,,5.670543,6.189603,0.152662,0.170025,,,,,,,,,,,,
26858,,,,,,,,,,,,,,,,,,,,,,,0.097234,-0.012505,1.034377,0.000000,9.800000,26.110001
26860,,,,,,,,,,,,,,,,,,,,0.968905,0.009635,1.574520,,,,,,
26866,,,,,,,,,,,,,,,,,,,,,,,0.081801,-0.006710,0.998082,1.960000,-2.310000,18.129999
26867,,,,,,,,,,,,,6.010294,6.860065,0.148853,0.162509,,,,0.968857,0.011114,1.578365,,,,,,
26876,,,,,,,,,,,,,,,,,,,,,,,0.081801,-0.006710,0.998082,0.000000,-19.110001,32.130001
26877,,,,,,,,,,,,,7.239599,7.954596,0.135072,0.150238,,,,,,,,,,,,
26881,,,,,,,,,,,,,,,,,,,,0.968755,0.012768,1.582319,,,,,,
26886,,,,,,,,,,,,,,,,,,,,,,,0.161833,-0.004270,1.053592,1.120000,-21.840000,26.320000
26887,,,,,,,,,,,,,7.738202,8.888735,0.129482,0.139766,,,,,,,,,,,,
26889,,,,0.998554,0.053758,1.624580,0.252871,0.252871,,,,,,,,,,,,0.968820,0.014384,1.586014,,,,,,
26890,,,,,,,,,,,17.480902,19.303886,,,,,0.040712,-0.030223,0.042940,,,,,,,,,
26896,,,,,,,,,,,,,,,,,,,,0.968633,0.016369,1.589968,0.161833,-0.004270,1.053592,0.700000,4.760000,28.629999
26897,,,,,,,,,,,,,8.155239,9.671404,0.174471,0.185202,,,,,,,,,,,,
26906,,,,,,,,,,,,,,,,,,,,,,,0.131028,-0.009150,0.978135,4.410000,7.420000,24.080000
26913,,,,,,,,,,,,,9.269474,10.889126,0.161980,0.171551,,,,,,,,,,,,
26910,,,,,,,,,,,,,,,,,,,,0.968632,0.018587,1.593771,,,,,,
26918,,,,,,,,,,,,,,,,,,,,0.968563,0.020892,1.601496,0.131028,-0.009150,0.978135,0.350000,-17.080000,24.010000
26925,,,,,,,,,,,,,,,,,,,,0.968337,0.023156,1.601498,0.186599,0.015250,1.077199,-5.530000,-10.220000,25.059999
26927,,,,,,,,,,,,,10.132091,11.883658,0.152309,0.160402,,,,,,,,,,,,
26935,,,,,,,,,,,,,,,,,,,,,,,0.186599,0.015250,1.077199,-7.840000,-4.550000,16.170000
26937,,,,,,,,,,,,,11.258516,12.732285,0.139681,0.150888,,,,,,,,,,,,
26939,,,,0.997520,0.070379,1.641234,0.305363,0.305363,,,,,,,,,,,,0.968195,0.025877,1.605479,,,,,,
26940,,,,,,,,,,,20.934666,23.089880,,,,,0.046373,-0.030578,0.040200,,,,,,,,,
26946,,,,,,,,,,,,,,,,,,,,,,,0.141215,0.002745,1.008086,4.410000,-3.430000,16.730000
26947,,,,,,,,,,,,,12.215099,14.003565,0.181491,0.194224,,,,0.968004,0.028458,1.609264,,,,,,
26956,,,,,,,,,,,,,,,,,,,,,,,0.141215,0.002745,1.008086,6.440000,-6.860000,16.100000
26957,,,,,,,,,,,,,13.567743,15.072557,0.166327,0.182239,,,,,,,,,,,,
26961,,,,,,,,,,,,,,,,,,,,0.967837,0.031362,1.613032,,,,,,
26966,,,,,,,,,,,,,,,,,,,,,,,0.105713,-0.031049,1.027179,4.270000,-18.480000,19.530001
26974,,,,,,,,,,,,,14.362383,16.283308,0.157419,0.168666,,,,,,,,,,,,
26969,,,,,,,,,,,,,,,,,,,,0.967750,0.034249,1.616705,,,,,,
26978,,,,,,,,,,,,,,,,,,,,,,,0.183488,0.020862,0.998936,-0.210000,7.070000,15.400000
26976,,,,,,,,,,,,,,,,,,,,0.967591,0.037163,1.616616,,,,,,
26986,,,,,,,,,,,,,,,,,,,,,,,0.183488,0.020862,0.998936,-3.780000,15.050000,17.290001
26987,,,,,,,,,,,,,15.375544,16.991810,0.146060,0.160723,,,,,,,,,,,,
26989,,,,0.995956,0.089847,1.660765,0.361324,0.361324,,,24.480240,27.106941,,,,,0.051402,-0.030730,0.044138,,,,,,,,,
26990,,,,,,,,,,,,,,,,,,,,0.967239,0.040710,1.620449,,,,,,
26996,,,,,,,,,,,,,,,,,,,,,,,0.183488,0.020862,0.998936,4.830000,3.920000,17.219999
26997,,,,,,,,,,,,,16.224293,18.132103,0.190476,0.209042,,,,,,,,,,,,
26998,,,,,,,,,,,,,,,,,,,,0.967110,0.044336,1.624344,,,,,,
27006,,,,,,,,,,,,,,,,,,,,,,,0.128039,-0.016958,1.044015,-2.520000,-3.920000,20.440001
27014,,,,,,,,,,,,,17.261711,19.195179,0.178846,0.197124,,,,,,,,,,,,
27012,,,,,,,,,,,,,,,,,,,,0.966908,0.047881,1.628248,,,,,,
27019,,,,,,,,,,,,,,,,,,,,0.966612,0.051369,1.631968,0.135237,0.024217,1.058228,-1.540000,-21.420000,19.180000
27026,,,,,,,,,,,,,,,,,,,,,,,0.135237,0.024217,1.058228,8.190000,-12.600000,24.150000
27027,,,,,,,,,,,,,18.638731,20.265551,0.163408,0.185125,,,,0.966329,0.055064,1.631956,,,,,,
27036,,,,,,,,,,,,,,,,,,,,,,,0.162870,-0.011834,0.953796,4.690000,2.800000,19.950001
27037,,,,,,,,,,,,,19.521299,20.890104,0.153514,0.178123,,,,,,,,,,,,
27039,,,,0.993676,0.112286,1.683320,0.420396,0.420396,,,,,,,,,,,,,,,,,,,,
27040,,,,,,,,,,,28.085768,31.310022,,,,,0.055576,-0.030757,0.051534,,,,,,,,,
27041,,,,,,,,,,,,,,,,,,,,0.966016,0.059020,1.635657,,,,,,
27046,,,,,,,,,,,,,,,,,,,,,,,0.162870,-0.011834,0.953796,2.170000,15.470000,20.719999
27047,,,,,,,,,,,,,20.249641,21.947701,0.200192,0.230198,,,,,,,,,,,,
27049,,,,,,,,,,,,,,,,,,,,0.965720,0.063081,1.639348,,,,,,
27056,,,,,,,,,,,,,,,,,,,,0.965267,0.067536,1.639691,0.100528,0.026718,1.039318,0.210000,2.380000,27.230000
27057,,,,,,,,,,,,,21.439283,22.868031,0.186855,0.219881,,,,,,,,,,,,
27065,,,,,,,,,,,,,,,,,,,,,,,0.100528,0.026718,1.039318,-0.700000,-24.080000,25.549999
27074,,,,,,,,,,,,,22.297861,24.155216,0.177230,0.205451,,,,,,,,,,,,
27070,,,,,,,,,,,,,,,,,,,,0.964925,0.071699,1.643315,,,,,,
27078,,,,,,,,,,,,,,,,,,,,0.964399,0.075983,1.650685,0.163907,0.024339,1.047919,-10.360000,-7.560000,26.670000
27086,,,,,,,,,,,,,,,,,,,,,,,0.163907,0.024339,1.047919,-8.330000,14.000000,28.559999
27087,,,,,,,,,,,,,23.279766,25.253304,0.166222,0.193140,,,,,,,,,,,,
27089,,,,0.990461,0.137792,1.709028,0.482232,0.482232,,,,,,,,,,,,,,,,,,,,
27090,,,,,,,,,,,31.822807,35.697781,,,,,0.059642,-0.030874,0.058318,,,,,,,,,
27092,,,,,,,,,,,,,,,,,,,,0.963717,0.080784,1.658330,,,,,,
27096,,,,,,,,,,,,,,,,,,,,,,,0.154452,0.013908,0.927383,1.610000,22.260000,27.719999
27097,,,,,,,,,,,,,23.975088,26.184061,0.215270,0.249447,,,,,,,,,,,,
27100,,,,,,,,,,,,,,,,,,,,0.963119,0.085665,1.665821,,,,,,
27106,,,,,,,,,,,,,,,,,,,,,,,0.154452,0.013908,0.927383,-0.560000,19.040001,29.540001
27107,,,,,,,,,,,,,25.099638,27.505713,0.202663,0.234630,,,,,,,,,,,,
27108,,,,,,,,,,,,,,,,,,,,0.962481,0.090789,1.665968,,,,,,
27115,,,,,,,,,,,,,,,,,,,,,,,0.125233,-0.000244,1.098366,8.190000,-9.030000,34.650002
27117,,,,,,,,,,,,,26.056755,28.629885,0.191933,0.222027,,,,,,,,,,,,
27122,,,,,,,,,,,,,,,,,,,,0.961884,0.095916,1.669781,,,,,,
27126,,,,,,,,,,,,,,,,,,,,,,,0.125233,-0.000244,1.098366,-19.320000,-28.840000,31.990000
27134,,,,,,,,,,,,,27.039333,29.843763,0.180917,0.208419,,,,,,,,,,,,
27129,,,,,,,,,,,,,,,,,,,,0.961189,0.100821,1.677232,,,,,,
27139,,,,0.986053,0.166429,1.738004,0.546492,0.546492,,,,,,,,,,,,,,,,,,,,
27140,,,,,,,,,,,35.678123,40.136570,,,,,0.062755,-0.031623,0.060708,,,,,,,,,
27141,,,,,,,,,,,,,,,,,,,,,,,0.165371,0.043432,1.009489,5.600000,14.840000,35.209999
27137,,,,,,,,,,,,,,,,,,,,0.960399,0.105834,1.680799,,,,,,
27146,,,,,,,,,,,,,,,,,,,,,,,0.165371,0.043432,1.009489,-2.940000,21.420000,36.750000
27147,,,,,,,,,,,,,28.258175,30.617823,0.225895,0.267258,,,,,,,,,,,,
27151,,,,,,,,,,,,,,,,,,,,0.959603,0.111641,1.688289,,,,,,
27156,,,,,,,,,,,,,,,,,,,,,,,0.121268,-0.004331,1.011990,14.770000,13.720000,39.060001
27157,,,,,,,,,,,,,29.266878,31.801331,0.214587,0.253990,,,,,,,,,,,,
27159,,,,,,,,,,,,,,,,,,,,0.958793,0.117554,1.703074,,,,,,
27166,,,,,,,,,,,,,,,,,,,,0.957987,0.123397,1.710446,0.121268,-0.004331,1.112579,-7.630000,-11.060000,42.349998
27167,,,,,,,,,,,,,30.114494,33.344852,0.205085,0.236686,,,,,,,,,,,,
27176,,,,,,,,,,,,,,,,,,,,,,,0.128954,0.028243,1.112579,-5.460000,-20.090000,41.020000
27177,,,,,,,,,,,,,31.370533,34.636936,0.191004,0.222201,,,,,,,,,,,,
27181,,,,,,,,,,,,,,,,,,,,0.957004,0.129032,1.714103,,,,,,
27186,,,,,,,,,,,,,,,,,,,,,,,0.139873,0.024766,0.970449,15.680000,13.230000,42.770000
27195,,,,0.980157,0.198224,1.770342,0.612846,0.612846,,,39.727306,44.587299,,,,,0.065336,-0.032708,0.056662,,,,,,,,,
27196,,,,,,,,,,,,,32.075180,35.391533,0.244695,0.281440,,,,,,,,,,,,
27189,,,,,,,,,,,,,,,,,,,,0.955988,0.134717,1.721320,,,,,,
27197,,,,,,,,,,,,,,,,,,,,0.954961,0.141094,1.725148,,,,,,
27201,,,,,,,,,,,,,,,,,,,,,,,0.139873,0.024766,0.970449,-10.430000,26.740000,43.330002
27206,,,,,,,,,,,,,,,,,,,,,,,0.092415,0.066429,1.016260,-9.660000,15.820000,42.209999
27207,,,,,,,,,,,,,33.092796,36.391907,0.233287,0.270225,,,,,,,,,,,,
27211,,,,,,,,,,,,,,,,,,,,0.953707,0.147395,1.736129,,,,,,
27216,,,,,,,,,,,,,,,,,,,,,,,0.092415,0.066429,1.016260,12.600000,-9.450000,48.720001
27217,,,,,,,,,,,,,33.866165,37.736927,0.224617,0.255147,,,,,,,,,,,,
27218,,,,,,,,,,,,,,,,,,,,0.952580,0.153736,1.743362,,,,,,
27226,,,,,,,,,,,,,,,,,,,,0.951465,0.159924,1.750389,0.172020,0.003416,1.049261,2.240000,-15.820000,47.250000
27227,,,,,,,,,,,,,35.072258,38.877220,0.211096,0.242363,,,,,,,,,,,,
27236,,,,,,,,,,,,,,,,,,,,,,,0.172020,0.003416,1.049261,0.000000,12.460000,49.910000
27237,,,,,,,,,,,,,36.099003,39.849598,0.199585,0.231462,,,,,,,,,,,,
27239,,,,0.972438,0.233163,1.806125,0.680973,0.680973,,,,,,,,,,,,,,,,,,,,
27240,,,,,,,,,,,43.860954,49.222233,,,,,0.068360,-0.033670,0.055756,0.950147,0.166376,1.754041,,,,,,
27246,,,,,,,,,,,,,,,,,,,,,,,0.122793,0.062220,0.991311,3.430000,10.710000,42.279999
27253,,,,,,,,,,,,,36.848644,40.345181,0.254057,0.296407,,,,,,,,,,,,
27248,,,,,,,,,,,,,,,,,,,,0.948659,0.173258,1.764776,,,,,,
27256,,,,,,,,,,,,,,,,,,,,0.947170,0.180225,1.775568,,,,,,
27259,,,,,,,,,,,,,,,,,,,,,,,0.122793,0.062220,0.991311,8.050000,16.590000,40.529999
27265,,,,,,,,,,,,,,,,,,,,,,,0.067344,0.045140,0.938485,-11.410000,18.270000,38.709999
27267,,,,,,,,,,,,,37.678249,41.405388,0.244756,0.284521,,,,,,,,,,,,
27270,,,,,,,,,,,,,,,,,,,,0.945477,0.187237,1.786143,,,,,,
27276,,,,,,,,,,,,,,,,,,,,,,,0.067344,0.045140,0.938485,-7.350000,3.780000,40.320000
27277,,,,,,,,,,,,,38.827850,42.511971,0.231868,0.272116,,,,0.943747,0.194337,1.796809,,,,,,
27286,,,,,,,,,,,,,,,,,,,,,,,0.168787,0.056425,1.124108,11.130000,-8.680000,41.790001
27287,,,,,,,,,,,,,39.771534,43.963936,0.221289,0.255838,,,,,,,,,,,,
27289,,,,0.962528,0.271182,1.845418,0.750560,0.750560,,,,,,,,,,,,,,,,,,,,
27290,,,,,,,,,,,48.173534,53.800488,,,,,0.070794,-0.035429,0.049084,,,,,,,,,
27291,,,,,,,,,,,,,,,,,,,,0.942089,0.201389,1.800393,,,,,,
27296,,,,,,,,,,,,,,,,,,,,,,,0.168787,0.056425,1.124108,-20.440001,15.610000,40.529999
27297,,,,,,,,,,,,,40.596317,44.672462,0.277640,0.317534,,,,,,,,,,,,
27299,,,,,,,,,,,,,,,,,,,,0.940133,0.208618,1.804006,,,,,,
27306,,,,,,,,,,,,,,,,,,,,,,,0.120719,0.043066,0.900360,-3.500000,31.080000,35.770000
27313,,,,,,,,,,,,,41.672447,45.785271,0.265576,0.305058,,,,,,,,,,,,
27307,,,,,,,,,,,,,,,,,,,,0.938117,0.215843,1.804147,,,,,,
27318,,,,,,,,,,,,,,,,,,,,,,,0.133346,0.057340,1.131184,-4.130000,-9.520000,33.950001
27321,,,,,,,,,,,,,,,,,,,,0.935877,0.223626,1.814752,,,,,,
27326,,,,,,,,,,,,,,,,,,,,,,,0.133346,0.057340,1.131184,-12.180000,-39.200001,33.320000
27327,,,,,,,,,,,,,43.280052,47.131863,0.247554,0.289962,,,,,,,,,,,,
27328,,,,,,,,,,,,,,,,,,,,0.933911,0.230931,1.821648,,,,,,
27336,,,,,,,,,,,,,,,,,,,,0.931596,0.238387,1.828559,0.133346,0.029158,1.017297,-7.350000,-15.610000,35.419998
27337,,,,,,,,,,,,,44.081596,47.870064,0.238568,0.281686,,,,,,,,,,,,
27339,,,,0.950027,0.312168,1.888270,0.821304,0.821304,,,,,,,,,,,,,,,,,,,,
27340,,,,,,,,,,,52.100857,58.991589,,,,,0.074697,-0.035783,0.065653,,,,,,,,,
27346,,,,,,,,,,,,,,,,,,,,,,,0.160613,0.029158,1.017297,-10.010000,-1.470000,36.049999
27353,,,,,,,,,,,,,45.288116,48.817310,0.284779,0.350027,,,,,,,,,,,,
27350,,,,,,,,,,,,,,,,,,,,0.929275,0.246349,1.835598,,,,,,
27359,,,,,,,,,,,,,,,,,,,,,,,0.122793,0.023790,0.904386,0.420000,9.800000,39.060001
27357,,,,,,,,,,,,,,,,,,,,0.926945,0.254334,1.842420,,,,,,
27365,,,,,,,,,,,,,,,,,,,,,,,0.122793,0.023790,0.904386,-1.890000,10.500000,40.110001
27367,,,,,,,,,,,,,46.331142,50.084007,0.273086,0.335827,,,,,,,,,,,,
27371,,,,,,,,,,,,,,,,,,,,0.924383,0.262580,1.846021,,,,,,
27376,,,,,,,,,,,,,,,,,,,,,,,0.148108,0.057401,1.090253,-17.920000,-14.210000,47.180000
27377,,,,,,,,,,,,,47.763317,51.469746,0.257030,0.320292,,,,,,,,,,,,
27379,,,,,,,,,,,,,,,,,,,,0.921871,0.270654,1.852934,,,,,,
27386,,,,,,,,,,,,,,,,,,,,0.919172,0.278908,1.859830,0.148108,0.057401,1.090253,9.450000,-0.560000,53.060001
27387,,,,,,,,,,,,,48.947163,53.160641,0.243759,0.301335,,,,,,,,,,,,
27389,,,,0.934508,0.355942,1.934718,0.892911,0.892911,,,,,,,,,,,,,,,,,,,,
27390,,,,,,,,,,,56.010391,64.236115,,,,,0.078354,-0.035868,0.080888,,,,,,,,,
27396,,,,,,,,,,,,,,,,,,,,,,,0.155245,0.057462,0.942023,-30.520000,25.480000,54.669998
27397,,,,,,,,,,,,,49.418987,53.513195,0.297936,0.377156,,,,,,,,,,,,
27400,,,,,,,,,,,,,,,,,,,,0.916201,0.287454,1.863420,,,,,,
27406,,,,,,,,,,,,,,,,,,,,,,,0.155245,0.057462,0.942023,-19.809999,18.480000,57.470001
27414,,,,,,,,,,,,,50.874767,55.281044,0.281616,0.357337,,,,,,,,,,,,
27408,,,,,,,,,,,,,,,,,,,,0.913026,0.296252,1.877256,,,,,,
27416,,,,,,,,,,,,,,,,,,,,0.909958,0.305004,1.887529,,,,,,
27419,,,,,,,,,,,,,,,,,,,,,,,0.112362,0.073078,1.097024,-12.460000,-36.889999,68.529999
27425,,,,,,,,,,,,,,,,,,,,,,,0.112362,0.073078,1.097024,-19.459999,-37.380001,63.840000
27427,,,,,,,,,,,,,51.713490,57.117592,0.272213,0.336748,,,,,,,,,,,,
27430,,,,,,,,,,,,,,,,,,,,0.906549,0.313509,1.897710,,,,,,
27436,,,,,,,,,,,,,,,,,,,,,,,0.167079,0.074847,1.065243,17.500000,-16.940001,69.510002
27437,,,,,,,,,,,,,52.846436,58.491650,0.259512,0.321344,,,,0.903352,0.322455,1.911210,,,,,,
27439,,,,0.915524,0.402264,1.984785,0.965097,0.965097,,,,,,,,,,,,,,,,,,,,
27440,,,,,,,,,,,60.125530,69.281311,,,,,0.081143,-0.036940,0.086147,,,,,,,,,
27446,,,,,,,,,,,,,,,,,,,,,,,0.167079,0.074847,1.065243,-11.900000,1.400000,76.580002
27447,,,,,,,,,,,,,53.784660,59.630974,0.311588,0.385312,,,,,,,,,,,,
27451,,,,,,,,,,,,,,,,,,,,0.899830,0.331670,1.924772,,,,,,
27456,,,,,,,,,,,,,,,,,,,,,,,0.131699,0.069418,0.948550,33.320000,1.750000,87.290001
27457,,,,,,,,,,,,,55.098515,60.564495,0.296859,0.374847,,,,,,,,,,,,
27458,,,,,,,,,,,,,,,,,,,,0.896296,0.340847,1.934851,,,,,,
27466,,,,,,,,,,,,,,,,,,,,0.892579,0.350187,1.948205,0.131699,0.069418,0.948550,3.640000,-12.950000,95.269997
27473,,,,,,,,,,,,,56.124153,62.070023,0.285360,0.357969,,,,,,,,,,,,
27479,,,,,,,,,,,,,,,,,,,,,,,0.150060,0.111386,1.086776,40.880001,-18.200001,98.139999
27480,,,,,,,,,,,,,,,,,,,,0.888581,0.359624,1.968151,,,,,,
27486,,,,,,,,,,,,,,,,,,,,,,,0.150060,0.111386,0.844789,13.580000,12.880000,99.400002
27487,,,,,,,,,,,,,56.800751,63.399918,0.277775,0.343060,,,,0.884612,0.369049,1.984563,,,,,,
27489,,,,0.892616,0.450818,2.038478,1.037585,1.037585,,,,,,,,,,,,,,,,,,,,
27490,,,,,,,,,,,64.823502,73.788109,,,,,0.082583,-0.038917,0.070775,,,,,,,,,
27496,,,,,,,,,,,,,,,,,,,,,,,0.144265,0.106567,0.844789,-4.760000,31.290001,97.370003
27497,,,,,,,,,,,,,57.658051,64.854904,0.339624,0.395300,,,,,,,,,,,,
27502,,,,,,,,,,,,,,,,,,,,0.880087,0.378838,1.994714,,,,,,
27506,,,,,,,,,,,,,,,,,,,,,,,0.126148,0.213073,0.956114,-17.080000,33.320000,99.680000
27507,,,,,,,,,,,,,58.885727,66.032974,0.325861,0.382093,,,,,,,,,,,,
27510,,,,,,,,,,,,,,,,,,,,0.875208,0.388646,2.014522,,,,,,
27516,,,,,,,,,,,,,,,,,,,,,,,0.126148,0.213073,0.956114,-4.410000,-10.080000,95.269997
27517,,,,,,,,,,,,,59.989887,67.102890,0.313482,0.370098,,,,,,,,,,,,
27518,,,,,,,,,,,,,,,,,,,,0.870305,0.398233,2.034147,,,,,,
27526,,,,,,,,,,,,,,,,,,,,,,,0.146034,0.204594,1.109102,-28.139999,-41.790001,93.660004
27533,,,,,,,,,,,,,60.959824,68.635727,0.302609,0.352914,,,,,,,,,,,,
27532,,,,,,,,,,,,,,,,,,,,0.865093,0.407790,2.053468,,,,,,
27539,,,,0.865326,0.501209,2.095792,1.110109,1.110109,,,,,,,,,,,,0.859580,0.417694,2.085345,,,,,,
27540,,,,,,,,,,,69.905655,77.802216,,,,,0.082743,-0.043404,0.043255,,,,,,,,,
27541,,,,,,,,,,,,,,,,,,,,,,,0.146034,0.204594,1.109102,1.260000,-30.590000,88.970001
27546,,,,,,,,,,,,,,,,,,,,,,,0.132431,0.144021,0.968192,-0.770000,-12.880000,95.339996
27547,,,,,,,,,,,,,62.362755,69.612053,0.364184,0.403026,,,,0.853927,0.427531,2.101343,,,,,,
27556,,,,,,,,,,,,,,,,,,,,,,,0.132431,0.144021,0.968192,-7.770000,-3.570000,90.930000
27557,,,,,,,,,,,,,63.446281,70.643265,0.352037,0.391466,,,,,,,,,,,,
27561,,,,,,,,,,,,,,,,,,,,0.848274,0.436918,2.117190,,,,,,
27566,,,,,,,,,,,,,,,,,,,,,,,0.136518,0.139995,0.854854,22.400000,12.110000,84.000000
27567,,,,,,,,,,,,,64.906677,71.510925,0.335665,0.381739,,,,,,,,,,,,
27569,,,,,,,,,,,,,,,,,,,,0.842103,0.446966,2.129797,,,,,,
27576,,,,,,,,,,,,,,,,,,,,0.836206,0.456745,2.142393,0.136518,0.139995,0.854854,1.330000,17.850000,76.440002
27577,,,,,,,,,,,,,66.133133,72.787148,0.321915,0.367431,,,,,,,,,,,,
27586,,,,,,,,,,,,,,,,,,,,,,,0.188490,0.133529,0.872117,1.820000,13.160000,70.699997
27593,,,,,,,,,,,,,67.287262,73.570824,0.308977,0.358646,,,,,,,,,,,,
27595,,,,0.833207,0.552962,2.156711,1.182410,1.182410,,,,,,,,,,,,,,,,,,,,
27596,,,,,,,,,,,74.999069,81.652702,,,,,0.082618,-0.049232,0.016727,,,,,,,,,
27590,,,,,,,,,,,,,,,,,,,,0.829486,0.466770,2.155113,,,,,,
27597,,,,,,,,,,,,,,,,,,,,0.822709,0.477019,2.170872,,,,,,
27601,,,,,,,,,,,,,,,,,,,,,,,0.188490,0.143106,0.859063,-16.100000,37.590000,65.239998
27607,,,,,,,,,,,,,67.912262,74.367882,0.379444,0.408279,,,,,,,0.127307,0.143106,0.859063,17.990000,34.020000,59.919998
27605,,,,,,,,,,,,,,,,,,,,0.815576,0.487157,2.180379,,,,,,
27616,,,,,,,,,,,,,,,,,,,,,,,0.127307,0.143106,0.859063,-18.620001,32.619999,60.549999
27617,,,,,,,,,,,,,69.208199,75.736938,0.364916,0.392931,,,,,,,,,,,,
27619,,,,,,,,,,,,,,,,,,,,0.808384,0.497307,2.192904,,,,,,
27626,,,,,,,,,,,,,,,,,,,,,,,0.081557,0.150426,1.085922,21.980000,-16.030001,59.849998
27627,,,,,,,,,,,,,70.842010,76.335289,0.346600,0.386223,,,,0.801112,0.507391,2.202250,,,,,,
27636,,,,,,,,,,,,,,,,,,,,,,,0.081557,0.150426,1.085922,2.100000,-43.259998,56.000000
27637,,,,,,,,,,,,,72.221779,77.392319,0.331132,0.374373,,,,,,,,,,,,
27639,,,,0.795837,0.605511,2.221204,1.254240,1.254240,,,,,,,,,,,,,,,,,,,,
27640,,,,,,,,,,,79.088936,86.320145,,,,,0.082411,-0.053519,0.019958,,,,,,,,,
27641,,,,,,,,,,,,,,,,,,,,0.793921,0.517049,2.211359,,,,,,
27646,,,,,,,,,,,,,,,,,,,,,,,0.125965,0.085705,0.969839,15.540000,-4.760000,51.869999
27654,,,,,,,,,,,,,73.339821,78.004623,0.380807,0.438503,,,,,,,,,,,,
27649,,,,,,,,,,,,,,,,,,,,0.786481,0.527119,2.220460,,,,,,
27656,,,,,,,,,,,,,,,,,,,,0.778764,0.537346,2.229681,,,,,,
27659,,,,,,,,,,,,,,,,,,,,,,,0.097600,0.114009,0.832528,-12.810000,-0.700000,40.040001
27665,,,,,,,,,,,,,,,,,,,,,,,0.097600,0.114009,0.832528,-20.580000,-4.410000,37.029999
27667,,,,,,,,,,,,,74.742744,79.102196,0.365080,0.426199,,,,,,,,,,,,
27671,,,,,,,,,,,,,,,,,,,,0.770646,0.547404,2.236058,,,,,,
27676,,,,,,,,,,,,,,,,,,,,,,,0.137982,0.133285,0.881816,-29.049999,-3.220000,39.549999
27677,,,,,,,,,,,,,76.004791,80.765854,0.350931,0.407548,,,,,,,,,,,,
27678,,,,,,,,,,,,,,,,,,,,0.762358,0.557476,2.245256,,,,,,
27686,,,,,,,,,,,,,,,,,,,,0.754077,0.567540,2.248411,0.137982,0.133285,0.881816,10.920000,22.469999,38.709999
27687,,,,,,,,,,,,,77.110260,81.664543,0.338538,0.397473,,,,,,,,,,,,
27689,,,,0.752837,0.658207,2.289231,1.325359,1.325359,,,,,,,,,,,,,,,,,,,,
27690,,,,,,,,,,,82.475891,91.816933,,,,,0.084499,-0.055430,0.043951,,,,,,,,,
27696,,,,,,,,,,,,,,,,,,,,0.754077,0.567540,2.248411,0.147620,0.070211,0.866688,-21.910000,25.200001,45.639999
27697,,,,,,,,,,,,,77.509880,82.440056,0.385576,0.472389,,,,,,,,,,,,
27706,,,,,,,,,,,,,,,,,,,,,,,0.147620,0.070211,0.866688,15.890000,9.170000,48.720001
27704,,,,,,,,,,,,,,,,,,,,0.745417,0.577944,2.257593,,,,,,
27714,,,,,,,,,,,,,78.746216,83.523743,0.371716,0.460240,,,,,,,,,,,,
27711,,,,,,,,,,,,,,,,,,,,0.736696,0.588419,2.266881,,,,,,
27719,,,,,,,,,,,,,,,,,,,,0.727846,0.598643,2.273011,0.117669,0.097539,1.095072,4.200000,-55.930000,55.720001
27726,,,,,,,,,,,,,,,,,,,,,,,0.117669,0.097539,1.095072,0.000000,-42.630001,60.970001
27727,,,,,,,,,,,,,80.478271,85.359970,0.352298,0.439655,,,,0.719204,0.608852,2.284927,,,,,,
27736,,,,,,,,,,,,,,,,,,,,,,,0.154025,0.079422,0.959042,14.770000,-14.350000,64.540001
27737,,,,,,,,,,,,,81.025711,86.242447,0.346161,0.429762,,,,,,,,,,,,
27739,,,,0.703886,0.710313,2.360738,1.395537,1.395537,,,,,,,,,,,,,,,,,,,,
27740,,,,,,,,,,,85.341782,97.516937,,,,,0.086542,-0.054955,0.074882,,,,,,,,,
27741,,,,,,,,,,,,,,,,,,,,0.710131,0.619240,2.293743,,,,,,
27746,,,,,,,,,,,,,,,,,,,,,,,0.154025,0.079422,0.959042,-28.490000,0.210000,73.010002
27754,,,,,,,,,,,,,81.904343,87.570854,0.379903,0.501570,,,,,,,,,,,,
27748,,,,,,,,,,,,,,,,,,,,0.700904,0.629673,2.302868,,,,,,
27756,,,,,,,,,,,,,,,,,,,,0.691237,0.639841,2.315168,,,,,,
27759,,,,,,,,,,,,,,,,,,,,,,,0.144509,0.126636,0.796538,-22.190001,31.570000,76.300003
27765,,,,,,,,,,,,,,,,,,,,,,,0.144509,0.126636,0.796538,-55.369999,42.139999,84.070000
27767,,,,,,,,,,,,,82.555588,89.028557,0.372602,0.485229,,,,,,,,,,,,
27770,,,,,,,,,,,,,,,,,,,,0.680882,0.650495,2.333546,,,,,,
27776,,,,,,,,,,,,,,,,,,,,,,,0.112789,0.210633,0.998997,-2.520000,-10.780000,98.769997
27777,,,,,,,,,,,,,83.690102,90.230904,0.359884,0.471749,,,,,,,,,,,,
27778,,,,,,,,,,,,,,,,,,,,0.670144,0.661003,2.351768,,,,,,
27786,,,,,,,,,,,,,,,,,,,,,,,0.112789,0.210633,0.998997,7.420000,-52.150002,112.349998
27787,,,,,,,,,,,,,84.664726,91.812141,0.348957,0.454023,,,,,,,,,,,,
27789,,,,0.648742,0.761009,2.435663,1.464551,1.464551,,,,,,,,,,,,,,,,,,,,
27790,,,,,,,,,,,88.813622,102.276855,,,,,0.086031,-0.055193,0.083594,,,,,,,,,
27785,,,,,,,,,,,,,,,,,,,,0.660250,0.670892,2.369614,,,,,,
27796,,,,,,,,,,,,,,,,,,,,,,,0.122061,0.147376,0.933300,42.139999,27.860001,119.559998
27797,,,,,,,,,,,,,84.938156,93.144196,0.398701,0.511491,,,,,,,,,,,,
27799,,,,,,,,,,,,,,,,,,,,0.649917,0.681259,2.390276,,,,,,
27806,,,,,,,,,,,,,,,,,,,,,,,0.122061,0.147376,0.933300,34.160000,33.599998,131.389999
27814,,,,,,,,,,,,,85.890198,94.761566,0.388028,0.493359,,,,,,,,,,,,
27807,,,,,,,,,,,,,,,,,,,,0.638832,0.691923,2.411132,,,,,,
27819,,,,,,,,,,,,,,,,,,,,,,,0.101931,0.189588,0.881145,5.110000,-4.340000,141.679993
27821,,,,,,,,,,,,,,,,,,,,0.627458,0.702471,2.434696,,,,,,
27826,,,,,,,,,,,,,,,,,,,,,,,0.101931,0.292129,0.902861,-25.270000,-24.500000,146.649994
27827,,,,,,,,,,,,,86.701180,96.639809,0.378936,0.472303,,,,,,,,,,,,
27829,,,,,,,,,,,,,,,,,,,,0.615957,0.712299,2.458392,,,,,,
27836,,,,,,,,,,,,,,,,,,,,,,,0.145241,0.292129,0.902861,29.330000,6.580000,152.320007
27837,,,,,,,,,,,,,87.774590,97.784081,0.366903,0.459475,,,,0.604488,0.722001,2.484613,,,,,,
27839,,,,0.587254,0.809403,2.513931,1.532188,1.532188,,,,,,,,,,,,,,,,,,,,
27840,,,,,,,,,,,93.770393,105.569260,,,,,0.083498,-0.057228,0.056302,,,,,,,,,
27846,,,,,,,,,,,,,,,,,,,,,,,0.136274,0.303353,0.890478,-14.700000,30.309999,162.119995
27847,,,,,,,,,,,,,88.141670,98.761833,0.438184,0.498593,,,,,,,,,,,,
27851,,,,,,,,,,,,,,,,,,,,0.592081,0.731847,2.508124,,,,,,
27856,,,,,,,,,,,,,,,,,,,,,,,0.136274,0.303353,0.890478,2.520000,20.020000,158.270004
27857,,,,,,,,,,,,,88.913734,100.034927,0.429528,0.484321,,,,,,,,,,,,
27858,,,,,,,,,,,,,,,,,,,,0.579511,0.741520,2.540049,,,,,,
27866,,,,,,,,,,,,,,,,,,,,0.566173,0.750852,2.569180,0.088389,0.432978,1.077748,-28.000000,0.000000,148.889999
27873,,,,,,,,,,,,,90.359756,101.069107,0.413317,0.472727,,,,,,,,,,,,
27879,,,,,,,,,,,,,,,,,,,,,,,0.088389,0.432978,1.077748,21.629999,-68.250000,142.869995
27880,,,,,,,,,,,,,,,,,,,,0.553327,0.759465,2.598097,,,,,,
27886,,,,,,,,,,,,,,,,,,,,,,,0.134749,0.307074,0.750544,11.690000,-55.439999,138.880005
27887,,,,,,,,,,,,,91.865334,102.459846,0.396439,0.457136,,,,,,,,,,,,
27889,,,,0.519388,0.854539,2.595458,1.598247,1.598247,,,,,,,,,,,,,,,,,,,,
27890,,,,,,,,,,,99.795906,107.188080,,,,,0.078318,-0.063681,0.000513,,,,,,,,,
27888,,,,,,,,,,,,,,,,,,,,0.540591,0.768139,2.620794,,,,,,
27896,,,,,,,,,,,,,,,,,,,,,,,0.134749,0.307074,0.750544,-18.549999,45.639999,135.729996
27897,,,,,,,,,,,,,92.676506,102.689369,0.478997,0.479186,,,,,,,,,,,,
27895,,,,,,,,,,,,,,,,,,,,0.527056,0.776626,2.646584,,,,,,
27906,,,,,,,,,,,,,,,,,,,,,,,0.112850,0.273036,0.745237,-28.070000,82.459999,137.970001
27907,,,,,,,,,,,,,93.893898,103.416367,0.465349,0.471036,,,,,,,,,,,,
27910,,,,,,,,,,,,,,,,,,,,0.512442,0.785123,2.663784,,,,,,
27916,,,,,,,,,,,,,,,,,,,,,,,0.112850,0.273036,0.745237,21.350000,42.349998,116.690002
27917,,,,,,,,,,,,,95.435562,103.995544,0.448066,0.464543,,,,0.498409,0.793616,2.689284,,,,,,
27926,,,,,,,,,,,,,,,,,,,,,,,0.119377,0.442372,0.908229,-31.500000,-11.550000,86.870003
27933,,,,,,,,,,,,,96.665161,104.535515,0.434281,0.458489,,,,,,,,,,,,
27931,,,,,,,,,,,,,,,,,,,,0.483675,0.800975,2.706507,,,,,,
27939,,,,0.445239,0.895412,2.680151,1.662531,1.662531,,,,,,,,,,,,0.468974,0.808256,2.720775,,,,,,
27940,,,,,,,,,,,104.417435,109.871651,,,,,0.074749,-0.069434,-0.023401,,,,,,,,,
27941,,,,,,,,,,,,,,,,,,,,,,,0.119377,0.442372,0.867603,26.740000,-73.430000,73.290001
27946,,,,,,,,,,,,,,,,,,,,,,,0.117547,0.339587,0.867603,9.660000,-30.240000,65.870003
27947,,,,,,,,,,,,,98.640305,105.262421,0.482435,0.491159,,,,0.454504,0.815359,2.734857,,,,,,
27956,,,,,,,,,,,,,,,,,,,,,,,0.117547,0.339587,0.867603,-29.820000,57.820000,59.009998
27957,,,,,,,,,,,,,100.007767,105.579620,0.467105,0.487603,,,,,,,,,,,,
27961,,,,,,,,,,,,,,,,,,,,0.439235,0.822222,2.746266,,,,,,
27966,,,,,,,,,,,,,,,,,,,,,,,0.091927,0.205326,0.692289,30.660000,54.880001,48.369999
27980,,,,,,,,,,,,,101.473747,106.161903,0.450671,0.481075,,,,,,,,,,,,
27976,,,,,,,,,,,,,,,,,,,,0.407659,0.836387,2.760258,,,,,,
27985,,,,,,,,,,,,,,,,,,,,,,,0.170129,0.225273,0.987224,-25.620001,-10.990000,13.160000
27987,,,,,,,,,,,,,102.798744,106.743355,0.435816,0.474557,,,,,,,,,,,,
27989,,,,0.365048,0.930989,2.767908,1.724855,1.724855,,,,,,,,,,,,,,,,,,,,
27990,,,,,,,,,,,106.648384,115.315231,,,,,0.074711,-0.071975,0.009201,0.391964,0.842615,2.763156,,,,,,
27993,,,,,,,,,,,,,,,,,,,,,,,0.170129,0.225273,0.987224,-8.470000,-34.650002,4.270000
27997,,,,,,,,,,,,,104.014839,107.333832,0.456117,0.550738,,,,,,,,,,,,
27998,,,,,,,,,,,,,,,,,,,,0.375964,0.849085,2.765945,0.084424,0.156343,0.961421,24.010000,-71.330002,3.850000
28006,,,,,,,,,,,,,,,,,,,,0.360566,0.855462,2.762945,0.084424,0.156343,0.961421,13.230000,-69.440002,-0.140000
28007,,,,,,,,,,,,,105.538452,108.331055,0.439037,0.539558,,,,,,,,,,,,
28016,,,,,,,,,,,,,,,,,,,,,,,0.099247,0.084607,0.989847,-1.540000,-21.910000,3.290000
28017,,,,,,,,,,,,,106.429932,109.330559,0.429043,0.528353,,,,,,,,,,,,
28020,,,,,,,,,,,,,,,,,,,,0.344424,0.861563,2.765985,,,,,,
28026,,,,,,,,,,,,,,,,,,,,,,,0.099247,0.084607,0.989847,11.340000,26.670000,11.200000
28027,,,,,,,,,,,,,107.617622,110.605705,0.415728,0.514058,,,,0.327875,0.867924,2.766025,,,,,,
28036,,,,,,,,,,,,,,,,,,,,,,,0.121939,-0.000549,0.753289,-4.340000,52.709999,30.100000
28037,,,,,,,,,,,,,107.691986,111.277565,0.414894,0.506526,,,,,,,,,,,,
28039,,,,0.279214,0.960229,2.858617,1.785044,1.785044,,,,,,,,,,,,,,,,,,,,
28040,,,,,,,,,,,106.082855,122.936714,,,,,0.078654,-0.068282,0.090286,,,,,,,,,
28035,,,,,,,,,,,,,,,,,,,,0.311476,0.874469,2.768680,,,,,,
28046,,,,,,,,,,,,,,,,,,,,,,,0.121939,-0.000549,0.753289,-17.290001,30.660000,41.860001
28054,,,,,,,,,,,,,107.929771,111.612740,0.403626,0.618697,,,,,,,,,,,,
28049,,,,,,,,,,,,,,,,,,,,0.294299,0.880968,2.774426,,,,,,
28057,,,,,,,,,,,,,,,,,,,,0.277316,0.887478,2.782674,,,,,,
28060,,,,,,,,,,,,,,,,,,,,,,,0.109434,0.070028,1.049627,27.580000,-9.380000,58.590000
28066,,,,,,,,,,,,,,,,,,,,,,,0.109434,0.070028,1.049627,-0.910000,-28.840000,59.009998
28067,,,,,,,,,,,,,108.517471,113.675079,0.397038,0.595576,,,,,,,,,,,,
28071,,,,,,,,,,,,,,,,,,,,0.260327,0.893646,2.791117,,,,,,
28076,,,,,,,,,,,,,,,,,,,,,,,0.072834,0.099186,0.690337,10.500000,-41.020000,84.000000
28077,,,,,,,,,,,,,108.814255,115.342323,0.393710,0.576885,,,,,,,,,,,,
28079,,,,,,,,,,,,,,,,,,,,0.243281,0.899763,2.805351,,,,,,
28086,,,,,,,,,,,,,,,,,,,,0.225773,0.906108,2.827699,0.072834,0.099186,0.690337,13.930000,56.349998,120.820000
28093,,,,,,,,,,,,,108.656052,116.831078,0.395484,0.560195,,,,,,,,,,,,
28095,,,,0.188302,0.982111,2.952160,1.842929,1.842929,,,,,,,,,,,,,,,,,,,,
28096,,,,,,,,,,,105.955269,128.736893,,,,,0.078689,-0.060057,0.143259,,,,,,,,,
28102,,,,,,,,,,,,,,,,,,,,,,,0.105957,0.209779,1.011685,-14.980000,41.160000,165.550003
28100,,,,,,,,,,,,,,,,,,,,0.207886,0.911760,2.847324,,,,,,
28107,,,,,,,,,,,,,,,0.396840,0.636042,,,,,,,0.105957,0.209779,1.011685,11.270000,-7.700000,178.990005
28108,,,,,,,,,,,,,108.361961,117.935234,,,,,,0.189622,0.917562,2.881012,,,,,,
28116,,,,,,,,,,,,,,,,,,,,0.171503,0.922765,2.908728,0.075396,0.322629,1.074393,6.790000,-39.549999,198.940002
28117,,,,,,,,,,,,,108.540001,120.067802,0.394844,0.612134,,,,,,,,,,,,
28126,,,,,,,,,,,,,,,,,,,,,,,0.075396,0.322629,1.074393,-12.670000,-64.610001,212.169998
28127,,,,,,,,,,,,,108.397591,122.502769,0.396441,0.584837,,,,,,,,,,,,
28130,,,,,,,,,,,,,,,,,,,,0.153570,0.927491,2.947869,,,,,,
28136,,,,,,,,,,,,,,,,,,,,,,,0.055022,0.366427,0.776530,6.160000,-44.590000,235.199997
28137,,,,,,,,,,,,,108.200424,125.002464,0.398651,0.556813,,,,,,,,,,,,
28139,,,,0.093049,0.995662,3.048409,1.898352,1.898352,,,,,,,,,,,,,,,,,,,,
28140,,,,,,,,,,,111.384766,130.355118,,,,,0.072245,-0.055763,0.098521,,,,,,,,,
28138,,,,,,,,,,,,,,,,,,,,0.135712,0.931990,2.984056,,,,,,
28146,,,,,,,,,,,,,,,,,,,,,,,0.055022,0.449082,0.985333,21.559999,66.709999,256.619995
28154,,,,,,,,,,,,,107.688606,125.667862,0.486976,0.573968,,,,,,,,,,,,
28152,,,,,,,,,,,,,,,,,,,,0.116942,0.936188,3.031297,,,,,,
28159,,,,,,,,,,,,,,,,,,,,0.097878,0.939785,3.075500,0.078995,0.449082,0.985333,15.470000,39.900002,286.790009
28166,,,,,,,,,,,,,,,,,,,,,,,0.087291,0.642574,0.954894,3.010000,3.710000,287.910004
28167,,,,,,,,,,,,,108.023010,126.548569,0.483227,0.564095,,,,0.078692,0.942941,3.128200,,,,,,
28176,,,,,,,,,,,,,,,,,,,,,,,0.087291,0.642574,0.954894,17.709999,-17.219999,281.959991
28177,,,,,,,,,,,,,109.484970,127.806847,0.466837,0.549988,,,,,,,,,,,,
28181,,,,,,,,,,,,,,,,,,,,0.059274,0.945023,-3.105064,,,,,,
28186,,,,,,,,,,,,,,,,,,,,,,,0.032025,0.498065,0.705648,-36.959999,-49.349998,288.890015
28187,,,,,,,,,,,,,110.716934,128.867706,0.453026,0.538095,,,,,,,,,,,,
28189,,,,-0.005638,0.999984,-3.135955,1.951165,1.951165,,,,,,,,,,,,,,,,,,,,
28190,,,,,,,,,,,120.814003,127.084801,,,,,0.062819,-0.057688,-0.026493,0.040606,0.946730,-3.054993,,,,,,
28196,,,,,,,,,,,,,,,,,,,,,,,0.032025,0.498065,0.705648,-17.709999,-6.930000,273.279999
28197,,,,,,,,,,,,,111.237427,129.248917,0.590616,0.484078,,,,,,,,,,,,
28198,,,,,,,,,,,,,,,,,,,,0.021970,0.947989,-3.010390,,,,,,
28206,,,,,,,,,,,,,,,,,,,,0.002693,0.948460,-2.960335,0.096380,0.637816,0.992897,-21.070000,1.610000,273.700012
28213,,,,,,,,,,,,,113.628632,129.117386,0.563809,0.485553,,,,,,,,,,,,
28219,,,,,,,,,,,,,,,,,,,,,,,0.096380,0.637816,0.992897,-8.820000,11.480000,245.350006
28220,,,,,,,,,,,,,,,,,,,,-0.016132,0.948580,-2.915935,,,,,,
28226,,,,,,,,,,,,,,,,,,,,,,,0.083570,0.396256,0.595482,41.369999,14.490000,224.139999
28227,,,,,,,,,,,,,116.900307,128.325500,0.527131,0.494430,,,,-0.035438,0.948687,-2.874037,,,,,,
28236,,,,,,,,,,,,,,,,,,,,,,,0.083570,0.396256,0.595482,-62.230000,22.190001,209.720001
28237,,,,,,,,,,,,,119.723129,127.145187,0.495485,0.507662,,,,,,,,,,,,
28239,,,,-0.106688,0.994293,-3.034702,2.001226,2.001226,,,,,,,,,,,,,,,,,,,,
28240,,,,,,,,,,,128.628632,121.977364,,,,,0.056767,-0.062913,-0.146885,,,,,,,,,
28241,,,,,,,,,,,,,,,,,,,,-0.054780,0.947573,-2.835003,,,,,,
28246,,,,,,,,,,,,,,,,,,,,,,,0.032818,0.599386,0.792634,-5.880000,-17.500000,169.889999
28247,,,,,,,,,,,,,120.986404,126.683990,0.600189,0.435145,,,,,,,,,,,,
28249,,,,,,,,,,,,,,,,,,,,-0.073905,0.945475,-2.806642,,,,,,
28256,,,,,,,,,,,,,,,,,,,,-0.092487,0.943544,-2.778246,0.032818,0.599386,0.792634,-13.860000,-42.490002,140.699997
28257,,,,,,,,,,,,,122.135178,125.280167,0.587311,0.450883,,,,,,,,,,,,
28266,,,,,,,,,,,,,,,,,,,,,,,0.095099,0.741394,0.967460,-6.090000,-75.669998,97.860001
28273,,,,,,,,,,,,,124.743393,124.059456,0.558071,0.464568,,,,,,,,,,,,
28270,,,,,,,,,,,,,,,,,,,,-0.110192,0.940510,-2.758410,,,,,,
28279,,,,,,,,,,,,,,,,,,,,,,,0.060268,0.302255,0.580476,62.090000,27.790001,72.099998
28278,,,,,,,,,,,,,,,,,,,,-0.128902,0.937671,-2.743900,,,,,,
28286,,,,,,,,,,,,,,,,,,,,,,,0.060268,0.302255,0.580476,-21.070000,94.360001,69.370003
28287,,,,,,,,,,,,,128.757629,122.938416,0.513068,0.477135,,,,,,,,,,,,
28289,,,,-0.208879,0.977942,-2.931164,2.048404,2.048404,,,,,,,,,,,,,,,,,,,,
28290,,,,,,,,,,,132.540115,123.071136,,,,,0.058296,-0.068022,-0.170355,,,,,,,,,
28285,,,,,,,,,,,,,,,,,,,,-0.147549,0.934444,-2.733331,,,,,,
28296,,,,,,,,,,,,,,,,,,,,,,,0.060268,0.302255,0.597434,-78.330002,104.860001,58.939999
28297,,,,,,,,,,,,,130.249863,121.518761,0.555836,0.509688,,,,,,,,,,,,
28300,,,,,,,,,,,,,,,,,,,,-0.166532,0.929966,-2.719351,,,,,,
28306,,,,,,,,,,,,,,,,,,,,,,,0.041175,0.378688,0.597434,26.670000,30.660000,-15.820000
28307,,,,,,,,,,,,,129.917145,120.373505,0.559566,0.522527,,,,-0.185161,0.925130,-2.719791,,,,,,
28316,,,,,,,,,,,,,,,,,,,,,,,0.138531,0.897188,1.298202,15.750000,-40.740002,-37.660000
28317,,,,,,,,,,,,,130.146576,119.923477,0.556994,0.527572,,,,,,,,,,,,
28322,,,,,,,,,,,,,,,,,,,,-0.203479,0.920329,-2.725496,,,,,,
28326,,,,,,,,,,,,,,,,,,,,,,,0.138531,0.897188,1.298202,7.490000,-69.860001,-47.320000
28334,,,,,,,,,,,,,131.643829,120.475327,0.540208,0.521385,,,,,,,,,,,,
28329,,,,,,,,,,,,,,,,,,,,-0.220871,0.914121,-2.730837,,,,,,
28339,,,,-0.310859,0.950456,-2.825496,2.092578,2.092578,,,,,,,,,,,,,,,,,,,,
28340,,,,,,,,,,,132.515732,132.644379,,,,,0.067973,-0.069158,-0.082970,,,,,,,,,
28341,,,,,,,,,,,,,,,,,,,,,,,0.050081,0.170800,0.328180,2.100000,-63.279999,-49.349998
28337,,,,,,,,,,,,,,,,,,,,-0.238165,0.908299,-2.741813,,,,,,
28346,,,,,,,,,,,,,,,,,,,,,,,0.050081,0.170800,0.328180,13.510000,9.450000,-71.120003
28347,,,,,,,,,,,,,131.830597,119.905563,0.537744,0.673389,,,,,,,,,,,,
28351,,,,,,,,,,,,,,,,,,,,-0.255572,0.902335,-2.752469,,,,,,
28356,,,,,,,,,,,,,,,,,,,,,,,0.177022,0.280783,1.050420,3.850000,67.339996,-94.220001
28357,,,,,,,,,,,,,131.710510,121.129730,0.539090,0.659665,,,,,,,,,,,,
28358,,,,,,,,,,,,,,,,,,,,-0.274329,0.894690,-2.764728,,,,,,
28366,,,,,,,,,,,,,,,,,,,,,,,0.177022,0.280783,1.050420,14.700000,-1.120000,-85.959999
28373,,,,,,,,,,,,,131.919739,122.347282,0.536744,0.646015,,,,,,,,,,,,
28367,,,,,,,,,,,,,,,,,,,,-0.292302,0.888265,-2.778762,,,,,,
28379,,,,,,,,,,,,,,,,,,,,,,,0.238327,0.045445,0.758657,-7.070000,-51.730000,-51.099998
28381,,,,,,,,,,,,,,,,,,,,-0.310563,0.881013,-2.790265,,,,,,
28386,,,,,,,,,,,,,,,,,,,,,,,0.238327,0.045445,0.758657,16.940001,-38.220001,-43.820000
28387,,,,,,,,,,,,,132.226227,124.171959,0.533308,0.625559,,,,,,,,,,,,
28389,,,,-0.411171,0.911558,-2.717855,2.133634,2.133634,,,,,,,,,,,,-0.328924,0.874232,-2.794978,,,,,,
28390,,,,,,,,,,,127.029175,145.504547,,,,,0.083287,-0.063229,0.074986,,,,,,,,,
28396,,,,,,,,,,,,,,,,,,,,,,,0.185318,-0.066429,0.910791,-42.139999,-7.560000,-17.639999
28397,,,,,,,,,,,,,132.118851,125.891037,0.451058,0.801900,,,,-0.347852,0.866777,-2.806636,,,,,,
28406,,,,,,,,,,,,,,,,,,,,,,,0.185318,-0.066429,0.910791,-6.020000,6.230000,-18.549999
28407,,,,,,,,,,,,,131.973953,128.924316,0.452682,0.767894,,,,,,,,,,,,
28411,,,,,,,,,,,,,,,,,,,,-0.366452,0.859610,-2.806472,,,,,,
28416,,,,,,,,,,,,,,,,,,,,,,,0.160491,-0.078019,0.861137,-11.690000,6.370000,13.300000
28417,,,,,,,,,,,,,131.316666,132.038345,0.460051,0.732984,,,,,,,,,,,,
28419,,,,,,,,,,,,,,,,,,,,-0.386391,0.852395,-2.809375,,,,,,
28426,,,,,,,,,,,,,,,,,,,,-0.405563,0.845247,-2.798128,0.160491,-0.078019,0.861137,-16.870001,-17.709999,84.769997
28434,,,,,,,,,,,,,130.946732,135.775208,0.464198,0.691091,,,,,,,,,,,,
28439,,,,-0.508282,0.861191,-2.608404,2.171469,2.171469,,,,,,,,,,,,,,,,,,,,
28440,,,,,,,,,,,121.231293,153.142883,,,,,0.090445,-0.050096,0.185348,-0.425292,0.837886,-2.780983,,,,,,
28442,,,,,,,,,,,,,,,,,,,,,,,0.110776,-0.021838,0.735111,27.230000,7.770000,128.100006
28447,,,,,,,,,,,,,,,,,,,,,,,0.110776,0.157197,0.942389,-9.870000,27.299999,169.889999
28448,,,,,,,,,,,,,130.062561,138.499725,0.385920,0.776732,,,,-0.445771,0.830133,-2.755942,,,,,,
28456,,,,,,,,,,,,,,,,,,,,-0.466307,0.821905,-2.724945,0.178364,0.157197,0.942389,29.820000,20.370001,210.070007
28457,,,,,,,,,,,,,128.790421,141.168304,0.400182,0.746815,,,,,,,,,,,,
28466,,,,,,,,,,,,,,,,,,,,,,,0.178364,0.157197,0.718458,11.060000,-15.190000,270.410004
28467,,,,,,,,,,,,,127.611877,144.075882,0.413394,0.714219,,,,,,,,,,,,
28470,,,,,,,,,,,,,,,,,,,,-0.486784,0.813752,-2.682435,,,,,,
28476,,,,,,,,,,,,,,,,,,,,,,,0.149450,0.333792,0.718458,-55.860001,16.590000,314.299988
28477,,,,,,,,,,,,,126.034515,146.473877,0.431078,0.687336,,,,-0.507049,0.804696,-2.633742,,,,,,
28486,,,,,,,,,,,,,,,,,,,,,,,0.073200,0.487878,0.721935,6.790000,19.320000,355.529999
28494,,,,,,,,,,,,,124.791573,148.453430,0.445012,0.665144,,,,,,,,,,,,
28496,,,,-0.600623,0.799532,-2.497313,2.205987,2.205987,,,126.889862,153.000549,,,,,,,,,,,,,,,,
28497,,,,,,,,,,,,,,,,,0.083721,-0.042169,0.130612,,,,,,,,,
28491,,,,,,,,,,,,,,,,,,,,-0.527250,0.794626,-2.573400,,,,,,
28499,,,,,,,,,,,,,,,,,,,,-0.547327,0.784524,-2.506599,,,,,,
28502,,,,,,,,,,,,,,,,,,,,,,,0.073200,0.487878,0.721935,-39.759998,-2.940000,425.880005
28507,,,,,,,,,,,,,,,,,,,,-0.566850,0.773422,-2.436491,0.065514,0.723948,0.804285,-3.920000,-24.780001,436.309998
28508,,,,,,,,,,,,,123.879463,149.814041,0.541308,0.647725,,,,,,,,,,,,
28516,,,,,,,,,,,,,,,,,,,,,,,0.065514,0.723948,0.804285,22.540001,-49.070000,455.279999
28517,,,,,,,,,,,,,123.924217,151.537354,0.540806,0.628406,,,,,,,,,,,,
28521,,,,,,,,,,,,,,,,,,,,-0.585824,0.762181,-2.358600,,,,,,
28526,,,,,,,,,,,,,,,,,,,,,,,0.060390,0.847168,1.006439,-65.309998,-71.260002,456.049988
28527,,,,,,,,,,,,,124.615273,152.247971,0.533059,0.620439,,,,,,,,,,,,
28528,,,,,,,,,,,,,,,,,,,,-0.604013,0.750181,-2.282792,,,,,,
28536,,,,,,,,,,,,,,,,,,,,-0.621195,0.737437,-2.201688,0.060390,0.847168,1.006439,-65.379997,-47.180000,447.649994
28537,,,,,,,,,,,,,125.677200,152.763702,0.521154,0.614657,,,,,,,,,,,,
28539,,,,-0.686628,0.727009,-2.384752,2.237101,2.237101,,,,,,,,,,,,,,,,,,,,
28540,,,,,,,,,,,141.943985,141.034927,,,,,0.071259,-0.048151,-0.094977,,,,,,,,,
28546,,,,,,,,,,,,,,,,,,,,,,,0.058499,0.488000,0.675270,28.840000,8.400000,431.200012
28554,,,,,,,,,,,,,,,0.727621,0.423156,,,,,,,,,,,,
28555,,,,,,,,,,,,,127.685738,153.610733,,,,,,,,,,,,,,
28550,,,,,,,,,,,,,,,,,,,,-0.638649,0.724428,-2.123213,,,,,,
28560,,,,,,,,,,,,,,,,,,,,,,,0.058499,0.488000,0.600301,0.210000,143.919998,420.559998
28558,,,,,,,,,,,,,,,,,,,,-0.656716,0.710984,-2.050514,,,,,,
28566,,,,,,,,,,,,,,,,,,,,,,,0.091622,0.356362,0.600301,9.590000,113.750000,420.350006
28567,,,,,,,,,,,,,130.668365,151.166550,0.694184,0.450557,,,,,,,,,,,,
28572,,,,,,,,,,,,,,,,,,,,-0.674417,0.696463,-1.977057,,,,,,
28576,,,,,,,,,,,,,,,,,,,,,,,0.091622,0.356362,0.600301,-21.840000,72.800003,412.019989
28577,,,,,,,,,,,,,135.167374,147.479599,0.643747,0.491890,,,,,,,,,,,,
28579,,,,,,,,,,,,,,,,,,,,-0.691048,0.681833,-1.903760,,,,,,
28586,,,,,,,,,,,,,,,,,,,,,,,0.111813,0.774273,0.899506,-54.320000,21.070000,360.359985
28587,,,,,,,,,,,,,139.408081,143.757782,0.596205,0.533615,,,,-0.706437,0.667049,-1.835175,,,,,,
28589,,,,-0.764777,0.644296,-2.270898,2.264737,2.264737,,,,,,,,,,,,,,,,,,,,
28590,,,,,,,,,,,150.207993,120.050262,,,,,0.059846,-0.057562,-0.338091,,,,,,,,,
28596,,,,,,,,,,,,,,,,,,,,,,,0.111813,0.774273,0.899506,-12.460000,-17.570000,319.130005
28597,,,,,,,,,,,,,142.039902,140.751358,0.692402,0.248127,,,,,,,,,,,,
28601,,,,,,,,,,,,,,,,,,,,-0.720943,0.652183,-1.778605,,,,,,
28606,,,,,,,,,,,,,,,,,,,,,,,0.071309,0.607743,0.794037,-1.820000,-98.699997,282.519989
28614,,,,,,,,,,,,,144.628494,135.278244,0.663382,0.309485,,,,,,,,,,,,
28608,,,,,,,,,,,,,,,,,,,,-0.735319,0.637814,-1.724481,,,,,,
28616,,,,,,,,,,,,,,,,,,,,-0.748187,0.623621,-1.678815,,,,,,
28619,,,,,,,,,,,,,,,,,,,,,,,0.077104,0.751642,0.891515,-47.250000,-136.919998,248.080002
28626,,,,,,,,,,,,,,,,,,,,,,,0.077104,0.751642,0.891515,13.860000,-49.980000,214.830002
28627,,,,,,,,,,,,,148.718063,127.980446,0.617535,0.391298,,,,,,,,,,,,
28630,,,,,,,,,,,,,,,,,,,,-0.760940,0.609487,-1.636018,,,,,,
28636,,,,,,,,,,,,,,,,,,,,,,,0.077104,0.323544,0.670573,27.090000,105.559998,173.389999
28637,,,,,,,,,,,,,151.948059,121.912003,0.581325,0.459330,,,,,,,,,,,,
28639,,,,-0.833638,0.552311,-2.155930,2.288825,2.288825,,,,,,,,,,,,,,,,,,,,
28640,,,,,,,,,,,152.323334,106.591438,,,,,0.062863,-0.067701,-0.470261,,,,,,,,,
28638,,,,,,,,,,,,,,,,,,,,-0.773964,0.593715,-1.602760,,,,,,
28646,,,,,,,,,,,,,,,,,,,,,,,0.033001,0.323544,0.670573,-23.100000,118.580002,122.919998
28654,,,,,,,,,,,,,,,0.607261,0.296433,,,,,,,,,,,,
28655,,,,,,,,,,,,,152.504578,118.181488,,,,,,,,,,,,,,
28645,,,,,,,,,,,,,,,,,,,,-0.786216,0.577908,-1.581124,,,,,,
28659,,,,,,,,,,,,,,,,,,,,,,,0.093025,0.796172,0.835456,-27.930000,51.450001,45.080002
28660,,,,,,,,,,,,,,,,,,,,-0.797433,0.562116,-1.567533,,,,,,
28666,,,,,,,,,,,,,,,,,,,,,,,0.093025,0.796172,0.835456,5.670000,32.970001,34.020000
28667,,,,,,,,,,,,,152.008377,114.793198,0.612824,0.334418,,,,-0.808178,0.546446,-1.559950,,,,,,
28676,,,,,,,,,,,,,,,,,,,,,,,0.119926,0.648247,0.801845,20.440001,-28.629999,-28.840000
28677,,,,,,,,,,,,,151.501633,110.308968,0.618505,0.384690,,,,,,,,,,,,
28681,,,,,,,,,,,,,,,,,,,,-0.818577,0.531262,-1.563735,,,,,,
28686,,,,,,,,,,,,,,,,,,,,,,,0.119926,0.648247,0.801845,2.660000,-83.510002,-66.570000
28687,,,,,,,,,,,,,151.068130,107.080498,0.623365,0.420883,,,,,,,,,,,,
28689,,,,-0.891916,0.452202,-2.040028,2.309306,2.309306,,,,,,,,,,,,-0.828000,0.516179,-1.573466,,,,,,
28690,,,,,,,,,,,155.124725,113.426842,,,,,0.079850,-0.072720,-0.429925,,,,,,,,,
28696,,,,,,,,,,,,,,,,,,,,,,,0.057950,0.685640,0.770064,-32.900002,-100.169998,-92.330002
28697,,,,,,,,,,,,,151.761063,105.436760,0.658208,0.543282,,,,-0.836658,0.501470,-1.584195,,,,,,
28706,,,,,,,,,,,,,,,,,,,,,,,0.057950,0.685640,0.770064,23.940001,-33.110001,-145.529999
28714,,,,,,,,,,,,,152.255646,105.198158,0.652663,0.545957,,,,,,,,,,,,
28711,,,,,,,,,,,,,,,,,,,,-0.844743,0.486542,-1.606606,,,,,,
28719,,,,,,,,,,,,,,,,,,,,,,,0.095099,0.603473,0.835456,16.660000,-0.700000,-172.830002
28718,,,,,,,,,,,,,,,,,,,,-0.852343,0.471037,-1.633742,,,,,,
28726,,,,,,,,,,,,,,,,,,,,-0.859693,0.455515,-1.667650,0.095099,0.603473,0.835456,31.709999,-13.370000,-183.330002
28727,,,,,,,,,,,,,153.287125,106.139191,0.641100,0.535407,,,,,,,,,,,,
28736,,,,,,,,,,,,,,,,,,,,,,,0.203130,0.466040,0.651968,-0.490000,-8.470000,-169.190002
28737,,,,,,,,,,,,,154.703079,106.821968,0.625226,0.527753,,,,,,,,,,,,
28739,,,,-0.938484,0.345322,-1.923378,2.326132,2.326132,,,,,,,,,,,,,,,,,,,,
28740,,,,,,,,,,,155.885391,138.885025,,,,,0.117253,-0.065513,-0.221316,-0.866530,0.439356,-1.697159,,,,,,
28746,,,,,,,,,,,,,,,,,,,,,,,0.203130,0.466040,0.651968,-33.459999,16.379999,-172.199997
28747,,,,,,,,,,,,,154.281387,107.417610,0.641524,0.908312,,,,,,,,,,,,
28748,,,,,,,,,,,,,,,,,,,,-0.872639,0.422760,-1.726066,,,,,,
28756,,,,,,,,,,,,,,,,,,,,,,,0.221857,0.422730,0.705770,42.209999,-15.470000,-197.679993
28757,,,,,,,,,,,,,153.941147,110.122910,0.645338,0.877984,,,,,,,,,,,,
28755,,,,,,,,,,,,,,,,,,,,-0.878806,0.406167,-1.758684,,,,,,
28766,,,,,,,,,,,,,,,,,,,,,,,0.221857,0.422730,0.705770,-53.970001,-38.150002,-167.789993
28774,,,,,,,,,,,,,153.672180,116.803520,0.648353,0.803089,,,,,,,,,,,,
28769,,,,,,,,,,,,,,,,,,,,-0.884192,0.389231,-1.789051,,,,,,
28779,,,,,,,,,,,,,,,,,,,,,,,0.288957,0.451095,0.871019,-24.010000,14.210000,-162.750000
28777,,,,,,,,,,,,,,,,,,,,-0.888782,0.371796,-1.825553,,,,,,
28786,,,,,,,,,,,,,,,,,,,,,,,0.288957,0.451095,0.440359,-41.090000,83.440002,-152.949997
28787,,,,,,,,,,,,,154.189789,125.699684,0.642550,0.703357,,,,,,,,,,,,
28789,,,,-0.972429,0.233201,-1.806165,2.339260,2.339260,,,,,,,,,,,,,,,,,,,,
28790,,,,,,,,,,,146.570816,161.800934,,,,,0.153446,-0.044767,0.032337,,,,,,,,,
28791,,,,,,,,,,,,,,,,,,,,-0.893784,0.353686,-1.854706,,,,,,
28796,,,,,,,,,,,,,,,,,,,,,,,0.165432,0.003538,0.440359,-2.240000,44.520000,-164.850006
28797,,,,,,,,,,,,,152.748764,130.968964,0.517024,0.992852,,,,,,,,,,,,
28799,,,,,,,,,,,,,,,,,,,,-0.899528,0.334519,-1.880600,,,,,,
28806,,,,,,,,,,,,,,,,,,,,-0.905187,0.315802,-1.907547,0.394548,-0.111447,0.770064,35.560001,-16.940001,-132.229996
28807,,,,,,,,,,,,,150.943222,135.898743,0.537265,0.937586,,,,,,,,,,,,
28816,,,,,,,,,,,,,,,,,,,,,,,0.394548,-0.111447,0.770064,11.900000,-43.959999,-108.779999
28817,,,,,,,,,,,,,149.085648,144.155945,0.558090,0.845017,,,,,,,,,,,,
28820,,,,,,,,,,,,,,,,,,,,-0.911037,0.296798,-1.927843,,,,,,
28826,,,,,,,,,,,,,,,,,,,,,,,0.173911,-0.084241,0.488366,-21.139999,37.169998,-59.990002
28834,,,,,,,,,,,,,147.193802,150.188782,0.579299,0.777384,,,,,,,,,,,,
28828,,,,,,,,,,,,,,,,,,,,-0.916796,0.277426,-1.943728,,,,,,
28839,,,,-0.993072,0.117506,-1.688575,2.348661,2.348661,,,,,,,,,,,,,,,,,,,,
28840,,,,,,,,,,,130.841507,173.335770,,,,,0.174473,-0.015229,0.243902,,,,,,,,,
28836,,,,,,,,,,,,,,,,,,,,-0.922908,0.257290,-1.950666,,,,,,
28842,,,,,,,,,,,,,,,,,,,,,,,0.173911,-0.084241,0.488366,91.070000,-31.780001,-8.120000
28847,,,,,,,,,,,,,,,,,,,,,,,0.333548,-0.311710,0.783240,24.010000,-70.000000,57.400002
28848,,,,,,,,,,,,,146.180634,153.402039,0.351404,0.916814,,,,,,,,,,,,
28850,,,,,,,,,,,,,,,,,,,,-0.929442,0.237858,-1.944294,,,,,,
28856,,,,,,,,,,,,,,,,,,,,,,,0.333548,-0.311710,0.783240,50.330002,-21.490000,70.559998
28857,,,,,,,,,,,,,145.023361,158.243347,0.364377,0.862540,,,,,,,,,,,,
28858,,,,,,,,,,,,,,,,,,,,-0.936456,0.217577,-1.929584,,,,,,
28866,,,,,,,,,,,,,,,,,,,,-0.943651,0.196342,-1.913332,0.109861,-0.061671,0.412848,-40.740002,31.990000,105.699997
28867,,,,,,,,,,,,,142.249619,164.306427,0.395473,0.794568,,,,,,,,,,,,
28876,,,,,,,,,,,,,,,,,,,,,,,0.109861,-0.061671,0.412848,-27.930000,16.590000,162.399994
28877,,,,,,,,,,,,,138.994934,166.930801,0.431960,0.765147,,,,,,,,,,,,
28880,,,,,,,,,,,,,,,,,,,,-0.950287,0.174995,-1.891305,,,,,,
28886,,,,,,,,,,,,,,,,,,,,,,,0.148474,0.107055,0.638243,52.220001,22.750000,289.100006
28894,,,,,,,,,,,,,136.487518,166.718658,0.460070,0.767526,,,,,,,,,,,,
28896,,,,-1.000000,0.000000,-1.570796,2.354310,2.354310,,,,,,,,,,,,,,,,,,,,
28897,,,,,,,,,,,125.811066,175.593414,,,,,0.180370,0.003260,0.299368,,,,,,,,,
28887,,,,,,,,,,,,,,,,,,,,-0.957314,0.153408,-1.850217,,,,,,
28902,,,,,,,,,,,,,,,,,,,,,,,0.148474,0.519354,1.235006,19.950001,-26.809999,526.960022
28901,,,,,,,,,,,,,,,,,,,,-0.964265,0.131386,-1.786934,,,,,,
28907,,,,,,,,,,,,,134.472595,167.680084,0.406142,0.791088,,,,,,,0.133956,0.519354,1.235006,-46.270000,-83.160004,535.989990
28909,,,,,,,,,,,,,,,,,,,,-0.969577,0.109451,-1.713201,,,,,,
28916,,,,,,,,,,,,,,,,,,,,,,,0.133956,0.519354,1.235006,-62.160000,-99.190002,505.190002
28917,,,,,,,,,,,,,132.712402,170.436783,0.425875,0.760183,,,,-0.975351,0.088581,-1.660843,,,,,,
28926,,,,,,,,,,,,,,,,,,,,,,,0.047092,0.215940,0.308233,46.619999,81.690002,526.609985
28927,,,,,,,,,,,,,130.867233,171.387054,0.446561,0.749530,,,,,,,,,,,,
28931,,,,,,,,,,,,,,,,,,,,-0.980638,0.066982,-1.579726,,,,,,
28936,,,,,,,,,,,,,,,,,,,,,,,0.047092,0.215940,0.308233,-37.169998,69.370003,557.059998
28937,,,,,,,,,,,,,128.670685,171.497711,0.471186,0.748289,,,,,,,,,,,,
28939,,,,-0.993072,-0.117506,-1.453018,2.356194,2.356194,,,,,,,,,,,,,,,,,,,,
28940,,,,,,,,,,,143.135941,169.775146,,,,,0.183160,-0.014230,0.116295,,,,,,,,,
28938,,,,,,,,,,,,,,,,,,,,-0.985424,0.042604,-1.475207,,,,,,
28946,,,,,,,,,,,,,,,,,,,,-0.989260,0.019281,-1.387430,0.157380,0.754204,0.943121,-33.810001,17.500000,594.650024
28954,,,,,,,,,,,,,126.895447,171.428879,0.754611,0.660561,,,,,,,,,,,,
28960,,,,,,,,,,,,,,,,,,,,-0.991555,-0.004289,-1.278585,0.090951,0.714005,0.658068,-28.280001,-39.759998,637.070007
28966,,,,,,,,,,,,,,,,,,,,,,,0.090951,0.714005,0.658068,-81.690002,-50.330002,652.609985
28967,,,,,,,,,,,,,128.678864,171.109818,0.734618,0.664138,,,,,,,,,,,,
28968,,,,,,,,,,,,,,,,,,,,-0.993493,-0.026254,-1.170086,,,,,,
28976,,,,,,,,,,,,,,,,,,,,,,,0.104249,0.639524,0.724009,-46.340000,-75.110001,636.789978
28977,,,,,,,,,,,,,132.964966,169.763916,0.686568,0.679226,,,,,,,,,,,,
28975,,,,,,,,,,,,,,,,,,,,-0.994642,-0.048069,-1.058788,,,,,,
28986,,,,,,,,,,,,,,,,,,,,,,,0.104249,0.639524,0.724009,3.990000,-26.950001,629.369995
28987,,,,,,,,,,,,,138.736603,168.054749,0.621863,0.698387,,,,,,,,,,,,
28989,,,,-0.972429,-0.233201,-1.335428,2.354310,2.354310,,,,,,,,,,,,-0.995586,-0.069830,-0.963723,,,,,,
28990,,,,,,,,,,,162.613342,140.836456,,,,,0.171475,-0.070231,-0.257443,,,,,,,,,
28996,,,,,,,,,,,,,,,,,,,,-0.995049,-0.091605,-0.862434,0.114375,0.464576,0.526979,-7.070000,14.140000,598.849976
28997,,,,,,,,,,,,,143.538879,167.113052,0.864292,0.268767,,,,,,,,,,,,
29006,,,,,,,,,,,,,,,,,,,,,,,0.114375,0.464576,0.526979,22.820000,22.680000,615.580017
29014,,,,,,,,,,,,,149.222778,160.975922,0.800571,0.337568,,,,,,,,,,,,
29010,,,,,,,,,,,,,,,,,,,,-0.994864,-0.113543,-0.762905,,,,,,
29019,,,,,,,,,,,,,,,,,,,,,,,0.164883,0.676307,0.786656,-14.140000,-12.740000,601.159973
29017,,,,,,,,,,,,,,,,,,,,-0.993139,-0.134908,-0.659903,,,,,,
29026,,,,,,,,,,,,,,,,,,,,,,,0.164883,0.676307,0.786656,39.340000,-41.160000,558.669983
29027,,,,,,,,,,,,,156.160110,150.956787,0.722799,0.449890,,,,,,,,,,,,
29030,,,,,,,,,,,,,,,,,,,,-0.991596,-0.155541,-0.560980,,,,,,
29036,,,,,,,,,,,,,,,,,,,,,,,0.130967,0.660020,0.738588,-23.590000,-32.410000,525.280029
29037,,,,,,,,,,,,,162.666611,142.377441,0.649856,0.546070,,,,,,,,,,,,
29039,,,,-0.938484,-0.345322,-1.218214,2.348661,2.348661,,,,,,,,,,,,,,,,,,,,
29040,,,,,,,,,,,160.675415,98.719666,,,,,0.149709,-0.125614,-0.596911,,,,,,,,,
29038,,,,,,,,,,,,,,,,,,,,-0.989226,-0.175699,-0.469400,,,,,,
29046,,,,,,,,,,,,,,,,,,,,,,,0.130967,0.660020,0.738588,-15.400000,0.700000,502.390015
29055,,,,,,,,,,,,,166.258957,136.193604,0.580106,-0.025231,,,,,,,,,,,,
29052,,,,,,,,,,,,,,,,,,,,-0.986206,-0.195321,-0.364560,,,,,,
29060,,,,,,,,,,,,,,,,,,,,,,,0.081374,0.335683,0.461343,25.270000,67.410004,445.970001
29059,,,,,,,,,,,,,,,,,,,,-0.983272,-0.215597,-0.277154,,,,,,
29066,,,,,,,,,,,,,,,,,,,,,,,0.081374,0.335683,0.461343,-16.309999,38.500000,454.369995
29067,,,,,,,,,,,,,165.723328,125.728218,0.586111,0.092094,,,,-0.979525,-0.233919,-0.202482,,,,,,
29076,,,,,,,,,,,,,,,,,,,,,,,0.317627,0.835944,0.783789,-22.400000,-14.210000,439.529999
29077,,,,,,,,,,,,,165.291641,112.388229,0.590951,0.241644,,,,,,,,,,,,
29081,,,,,,,,,,,,,,,,,,,,-0.975589,-0.251695,-0.121792,,,,,,
29086,,,,,,,,,,,,,,,,,,,,,,,0.317627,0.835944,0.783789,-23.660000,-39.480000,389.970001
29087,,,,,,,,,,,,,162.673416,100.599899,0.620303,0.373800,,,,,,,,,,,,
29089,,,,-0.891916,-0.452202,-1.101564,2.339260,2.339260,,,,,,,,,,,,,,,,,,,,
29090,,,,,,,,,,,144.010468,54.220203,,,,,0.119808,-0.180393,-0.886808,,,,,,,,,
29088,,,,,,,,,,,,,,,,,,,,-0.971804,-0.269088,-0.052620,,,,,,
29096,,,,,,,,,,,,,,,,,,,,-0.968052,-0.285926,0.011097,0.068930,0.411445,0.482144,-1.750000,23.100000,303.380005
29097,,,,,,,,,,,,,159.746490,92.269112,0.399630,-0.209674,,,,,,,,,,,,
29106,,,,,,,,,,,,,,,,,,,,,,,0.068930,0.411445,0.935801,3.360000,-14.560000,272.649994
29114,,,,,,,,,,,,,155.444260,80.547562,0.447861,-0.078267,,,,,,,,,,,,
29110,,,,,,,,,,,,,,,,,,,,-0.963597,-0.301813,0.057969,,,,,,
29119,,,,,,,,,,,,,,,,,,,,,,,0.210816,0.807579,0.935801,-6.930000,-4.270000,228.270004
29118,,,,,,,,,,,,,,,,,,,,-0.959756,-0.317437,0.108023,,,,,,
29125,,,,,,,,,,,,,,,,,,,,-0.955637,-0.331982,0.144055,0.055937,0.556930,0.673196,-32.270000,34.369999,189.839996
29127,,,,,,,,,,,,,149.248444,67.772705,0.517320,0.064948,,,,,,,,,,,,
29136,,,,,,,,,,,,,,,,,,,,,,,0.055937,0.556930,0.673196,21.770000,26.530001,103.250000
29137,,,,,,,,,,,,,143.129379,57.023945,0.585919,0.185449,,,,,,,,,,,,
29139,,,,-0.833638,-0.552311,-0.985663,2.326132,2.326132,,,,,,,,,,,,,,,,,,,,
29140,,,,,,,,,,,131.443954,30.901398,,,,,0.107558,-0.228481,-1.029013,-0.951333,-0.346260,0.169017,,,,,,
29146,,,,,,,,,,,,,,,,,,,,,,,0.098881,0.830637,1.009428,11.060000,-6.020000,39.830002
29147,,,,,,,,,,,,,138.518356,49.624424,0.446467,-0.086293,,,,-0.947367,-0.359798,0.177312,,,,,,
29156,,,,,,,,,,,,,,,,,,,,,,,0.098881,0.830637,1.009428,1.610000,-33.320000,-14.420000
29157,,,,,,,,,,,,,135.199951,42.851078,0.483668,-0.010359,,,,,,,,,,,,
29161,,,,,,,,,,,,,,,,,,,,-0.943836,-0.372258,0.171782,,,,,,
29166,,,,,,,,,,,,,,,,,,,,,,,0.155977,0.809470,0.896090,7.840000,-50.259998,-86.870003
29173,,,,,,,,,,,,,132.016861,36.054890,0.519353,0.065831,,,,,,,,,,,,
29169,,,,,,,,,,,,,,,,,,,,-0.940573,-0.384361,0.160795,,,,,,
29178,,,,,,,,,,,,,,,,,,,,,,,0.155977,0.809470,0.896090,-17.150000,7.770000,-118.930000
29176,,,,,,,,,,,,,,,,,,,,-0.937150,-0.395188,0.141408,,,,,,
29186,,,,,,,,,,,,,,,,,,,,,,,0.102053,0.484279,0.633180,39.410000,61.320000,-177.240005
29187,,,,,,,,,,,,,129.288467,30.336578,0.549940,0.129938,,,,,,,,,,,,
29189,,,,-0.764777,-0.644296,-0.870695,2.309306,2.309306,,,,,,,,,,,,,,,,,,,,
29190,,,,,,,,,,,142.982162,49.954796,,,,,0.154981,-0.261204,-0.922889,-0.933419,-0.405960,0.119220,,,,,,
29196,,,,,,,,,,,,,,,,,,,,,,,0.102053,0.484279,0.633180,-5.040000,37.169998,-243.179993
29197,,,,,,,,,,,,,127.420776,26.621515,0.746383,0.461402,,,,,,,,,,,,
29198,,,,,,,,,,,,,,,,,,,,-0.929475,-0.416369,0.080255,,,,,,
29206,,,,,,,,,,,,,,,,,,,,,,,0.147376,0.843935,1.101416,10.570000,-7.910000,-310.450012
29207,,,,,,,,,,,,,127.536751,26.793917,0.745083,0.459469,,,,,,,,,,,,
29205,,,,,,,,,,,,,,,,,,,,-0.925952,-0.425446,0.030412,,,,,,
29216,,,,,,,,,,,,,,,,,,,,,,,0.147376,0.843935,1.101416,23.660000,-72.029999,-338.869995
29217,,,,,,,,,,,,,130.894577,29.674799,0.707439,0.427172,,,,,,,,,,,,
29220,,,,,,,,,,,,,,,,,,,,-0.922835,-0.434235,-0.027595,,,,,,
29226,,,,,,,,,,,,,,,,,,,,,,,0.210145,0.639585,0.854305,-29.750000,-28.280001,-321.649994
29233,,,,,,,,,,,,,136.284027,35.025810,0.647019,0.367184,,,,,,,,,,,,
29227,,,,,,,,,,,,,,,,,,,,-0.919444,-0.442009,-0.085488,,,,,,
29239,,,,-0.686628,-0.727009,-0.756841,2.288825,2.288825,,,,,,,,,,,,,,,,,,,,
29240,,,,,,,,,,,166.635391,103.534805,,,,,0.270513,-0.247881,-0.600091,,,,,,,,,
29241,,,,,,,,,,,,,,,,,,,,-0.914936,-0.449585,-0.146644,0.186843,0.204594,0.477386,38.779999,63.070000,-357.209991
29246,,,,,,,,,,,,,,,,,,,,,,,0.186843,0.204594,0.477386,38.570000,-4.830000,-333.690002
29247,,,,,,,,,,,,,139.419510,37.853828,0.971651,1.000000,,,,,,,,,,,,
29248,,,,,,,,,,,,,,,,,,,,-0.910407,-0.457350,-0.205109,,,,,,
29256,,,,,,,,,,,,,,,,,,,,-0.905058,-0.464482,-0.257919,0.186843,0.204594,0.477386,20.090000,-53.200001,-329.279999
29257,,,,,,,,,,,,,144.145828,44.447765,0.918666,1.000000,,,,,,,,,,,,
29266,,,,,,,,,,,,,,,,,,,,,,,0.507398,0.578829,0.772077,-41.230000,-36.470001,-310.869995
29267,,,,,,,,,,,,,152.646271,58.856548,0.823370,0.915014,,,,,,,,,,,,
29270,,,,,,,,,,,,,,,,,,,,-0.899736,-0.470888,-0.313617,,,,,,
29276,,,,,,,,,,,,,,,,,,,,,,,0.507398,0.064782,0.238449,-11.410000,56.840000,-318.989990
29277,,,,,,,,,,,,,160.713074,75.233696,0.732935,0.731415,,,,-0.893838,-0.477117,-0.372573,,,,,,
29286,,,,,,,,,,,,,,,,,,,,,,,0.133041,0.064782,0.238449,31.850000,22.330000,-324.170013
29293,,,,,,,,,,,,,164.496902,86.919563,0.690516,0.600408,,,,,,,,,,,,
29296,,,,-0.600623,-0.799532,-0.644280,2.264737,2.264737,,,,,,,,,,,,,,,,,,,,
29297,,,,,,,,,,,173.020706,153.700455,,,,,0.393139,-0.177131,-0.226357,,,,,,,,,
29291,,,,,,,,,,,,,,,,,,,,-0.887561,-0.483623,-0.432473,,,,,,
29299,,,,,,,,,,,,,,,,,,,,-0.881104,-0.490075,-0.489211,,,,,,
29302,,,,,,,,,,,,,,,,,,,,,,,0.402173,0.149572,0.735599,0.630000,-4.480000,-265.230011
29307,,,,,,,,,,,,,,,,,,,,,,,0.402173,0.149572,0.735599,-6.860000,74.970001,-265.790009
29308,,,,,,,,,,,,,167.875534,96.861481,0.749764,1.000000,,,,,,,,,,,,
29306,,,,,,,,,,,,,,,,,,,,-0.873602,-0.496620,-0.540807,,,,,,
29316,,,,,,,,,,,,,,,,,,,,,,,0.234545,0.037698,0.493002,0.770000,40.529999,-268.519989
29317,,,,,,,,,,,,,167.327835,103.427948,0.755904,1.000000,,,,,,,,,,,,
29320,,,,,,,,,,,,,,,,,,,,-0.865583,-0.503941,-0.578395,,,,,,
29326,,,,,,,,,,,,,,,,,,,,,,,0.234545,0.037698,0.493002,32.619999,-7.630000,-233.869995
29327,,,,,,,,,,,,,167.652206,112.242210,0.752267,1.000000,,,,,,,,,,,,
29328,,,,,,,,,,,,,,,,,,,,-0.857244,-0.511501,-0.621611,,,,,,
29336,,,,,,,,,,,,,,,,,,,,-0.848433,-0.518490,-0.659411,0.306098,0.098637,0.556198,6.720000,-21.000000,-201.740005
29337,,,,,,,,,,,,,169.638840,124.665504,0.729996,0.940304,,,,,,,,,,,,
29339,,,,-0.508282,-0.861191,-0.533188,2.237101,2.237101,,,,,,,,,,,,,,,,,,,,
29340,,,,,,,,,,,155.807205,183.482666,,,,,0.474406,-0.055654,0.142733,,,,,,,,,
29346,,,,,,,,,,,,,,,,,,,,,,,0.306098,0.098637,0.556198,3.500000,66.570000,-229.110001
29355,,,,,,,,,,,,,169.905045,136.436813,0.465182,1.000000,,,,,,,,,,,,
29349,,,,,,,,,,,,,,,,,,,,-0.839078,-0.525878,-0.694636,,,,,,
29357,,,,,,,,,,,,,,,,,,,,-0.829790,-0.533949,-0.733265,,,,,,
29360,,,,,,,,,,,,,,,,,,,,,,,0.205021,-0.059597,0.490989,5.180000,-10.430000,-211.820007
29365,,,,,,,,,,,,,,,,,,,,,,,0.205021,-0.059597,0.490989,-17.430000,-26.180000,-185.429993
29367,,,,,,,,,,,,,166.278046,145.597870,0.505843,1.000000,,,,,,,,,,,,
29371,,,,,,,,,,,,,,,,,,,,-0.819898,-0.542484,-0.765702,,,,,,
29376,,,,,,,,,,,,,,,,,,,,,,,0.341356,-0.024278,0.741577,-34.090000,9.800000,-192.289993
29377,,,,,,,,,,,,,161.742645,157.444138,0.556688,1.000000,,,,,,,,,,,,
29378,,,,,,,,,,,,,,,,,,,,-0.809558,-0.550601,-0.798705,,,,,,
29386,,,,,,,,,,,,,,,,,,,,-0.799305,-0.559362,-0.834955,0.341356,-0.024278,0.741577,44.450001,40.320000,-207.690002
29387,,,,,,,,,,,,,156.368118,167.000671,0.616941,0.918705,,,,,,,,,,,,
29389,,,,-0.411171,-0.911558,-0.423738,2.205987,2.205987,,,,,,,,,,,,,,,,,,,,
29390,,,,,,,,,,,137.938675,191.348053,,,,,0.529881,0.022146,0.356004,,,,,,,,,
29396,,,,,,,,,,,,,,,,,,,,,,,0.213805,-0.102602,0.464637,-19.879999,-5.040000,-178.149994
29397,,,,,,,,,,,,,150.243195,173.470352,0.413812,0.965814,,,,,,,,,,,,
29406,,,,,,,,,,,,,,,,,,,,,,,0.213805,-0.102602,0.464637,12.180000,-28.840000,-249.339996
29407,,,,,,,,,,,,,,,,,,,,-0.777959,-0.578383,-0.905244,,,,,,
29414,,,,,,,,,,,,,144.965363,180.229660,0.472981,0.890037,,,,,,,,,,,,
29419,,,,,,,,,,,,,,,,,,,,,,,0.324032,-0.275049,0.737002,-54.669998,-10.500000,-229.529999
29421,,,,,,,,,,,,,,,,,,,,-0.767085,-0.588831,-0.926581,,,,,,
29426,,,,,,,,,,,,,,,,,,,,,,,0.324032,-0.275049,0.737002,7.560000,46.060001,-188.440002
29427,,,,,,,,,,,,,139.386688,186.906219,0.535521,0.815188,,,,,,,,,,,,
29429,,,,,,,,,,,,,,,,,,,,-0.756068,-0.599197,-0.951305,,,,,,
29436,,,,,,,,,,,,,,,,,,,,-0.745064,-0.610364,-0.976507,0.138409,-0.170373,0.517158,47.250000,54.529999,-163.240005
29437,,,,,,,,,,,,,134.858246,189.123566,0.586289,0.790330,,,,,,,,,,,,
29439,,,,-0.310859,-0.950456,-0.316097,2.171469,2.171469,,,,,,,,,,,,,,,,,,,,
29440,,,,,,,,,,,111.983330,189.574280,,,,,0.547693,0.123612,0.576605,,,,,,,,,
29446,,,,,,,,,,,,,,,,,,,,,,,0.320921,-0.456402,0.875838,-17.500000,-54.810001,-86.800003
29454,,,,,,,,,,,,,132.103302,188.500153,0.222374,0.770339,,,,,,,,,,,,
29450,,,,,,,,,,,,,,,,,,,,-0.733900,-0.622455,-0.992342,,,,,,
29460,,,,,,,,,,,,,,,,,,,,,,,0.320921,-0.456402,0.875838,25.270000,-40.529999,-54.040001
29458,,,,,,,,,,,,,,,,,,,,-0.723688,-0.633999,-0.998356,,,,,,
29466,,,,,,,,,,,,,,,,,,,,-0.713233,-0.646547,-1.007713,0.189039,-0.232044,0.557784,25.270000,6.440000,-53.200001
29467,,,,,,,,,,,,,129.250000,188.336914,0.254362,0.772169,,,,,,,,,,,,
29476,,,,,,,,,,,,,,,,,,,,,,,0.189039,-0.232044,0.557784,-62.369999,74.339996,-10.290000
29477,,,,,,,,,,,,,124.163048,187.639587,0.311390,0.779986,,,,,,,,,,,,
29480,,,,,,,,,,,,,,,,,,,,-0.702222,-0.659706,-1.007745,,,,,,
29486,,,,,,,,,,,,,,,,,,,,,,,0.159759,-0.180255,0.657336,-69.160004,75.180000,118.089996
29487,,,,,,,,,,,,,119.305466,184.252716,0.365847,0.817956,,,,-0.690759,-0.672968,-1.001561,,,,,,
29489,,,,-0.208879,-0.977942,-0.210428,2.133634,2.133634,,,,,,,,,,,,,,,,,,,,
29490,,,,,,,,,,,89.776123,182.085037,,,,,0.543273,0.210836,0.734794,,,,,,,,,
29496,,,,,,,,,,,,,,,,,,,,,,,0.159759,-0.180255,0.657336,-17.709999,-12.530000,325.989990
29497,,,,,,,,,,,,,116.246742,180.192429,0.062350,0.749558,,,,,,,,,,,,
29501,,,,,,,,,,,,,,,,,,,,-0.679786,-0.687112,-0.973867,,,,,,
29506,,,,,,,,,,,,,,,,,,,,,,,0.210694,-0.293288,1.135820,-16.590000,-69.019997,380.799988
29514,,,,,,,,,,,,,109.790451,177.151169,0.134730,0.783652,,,,,,,,,,,,
29509,,,,,,,,,,,,,,,,,,,,-0.668988,-0.701047,-0.920930,,,,,,
29516,,,,,,,,,,,,,,,,,,,,-0.658329,-0.715132,-0.846829,,,,,,
29519,,,,,,,,,,,,,,,,,,,,,,,0.210694,-0.293288,1.135820,49.070000,30.730000,525.630005
29525,,,,,,,,,,,,,,,,,,,,,,,0.036661,0.204045,0.705404,8.330000,34.790001,594.580017
29527,,,,,,,,,,,,,101.933350,173.378510,0.222813,0.825947,,,,,,,,,,,,
29530,,,,,,,,,,,,,,,,,,,,-0.646720,-0.729800,-0.759827,,,,,,
29536,,,,,,,,,,,,,,,,,,,,,,,0.036661,0.204045,0.705404,-17.709999,14.910000,731.640015
29537,,,,,,,,,,,,,95.645538,171.675385,0.293304,0.845040,,,,,,,,,,,,
29539,,,,-0.106688,-0.994293,-0.106891,2.092578,2.092578,,,,,,,,,,,,,,,,,,,,
29540,,,,,,,,,,,107.806061,185.896103,,,,,0.579306,0.151079,0.606640,,,,,,,,,
29538,,,,,,,,,,,,,,,,,,,,-0.634726,-0.743359,-0.656860,,,,,,
29546,,,,,,,,,,,,,,,,,,,,,,,0.018666,0.521367,0.766831,-13.930000,-26.950001,798.700012
29547,,,,,,,,,,,,,90.341057,170.754074,0.627019,0.913337,,,,,,,,,,,,
29545,,,,,,,,,,,,,,,,,,,,-0.621914,-0.756807,-0.520793,,,,,,
29556,,,,,,,,,,,,,,,,,,,,,,,0.018666,0.521367,0.766831,-34.439999,-50.470001,963.760010
29557,,,,,,,,,,,,,89.744629,170.586533,0.633706,0.915215,,,,,,,,,,,,
29560,,,,,,,,,,,,,,,,,,,,-0.608944,-0.768987,-0.375916,,,,,,
29566,,,,,,,,,,,,,,,,,,,,,,,0.057950,0.820694,1.008025,-57.750000,-56.700001,1156.819946
29573,,,,,,,,,,,,,93.983871,173.087891,0.586181,0.887174,,,,,,,,,,,,
29568,,,,,,,,,,,,,,,,,,,,-0.595103,-0.780285,-0.216280,,,,,,
29579,,,,,,,,,,,,,,,,,,,,,,,0.110532,0.378932,0.584136,-12.600000,-40.320000,1089.969971
29582,,,,,,,,,,,,,,,,,,,,-0.581175,-0.790688,-0.046687,,,,,,
29586,,,,,,,,,,,,,,,,,,,,,,,0.110532,0.378932,0.584136,5.880000,32.830002,1003.590027
29587,,,,,,,,,,,,,100.582573,177.096497,0.512205,0.842234,,,,,,,,,,,,
29589,,,,-0.005638,-0.999984,-0.005638,2.048404,2.048404,,,,,,,,,,,,-0.566941,-0.801664,0.113936,,,,,,
29590,,,,,,,,,,,161.426392,172.530426,,,,,0.579916,-0.187857,0.034850,,,,,,,,,
29596,,,,,,,,,,,,,,,,,,,,,,,0.110532,0.450790,0.713273,-38.639999,36.330002,1003.169983
29597,,,,,,,,,,,,,106.025673,178.633530,1.000000,0.621702,,,,-0.552161,-0.811346,0.272340,,,,,,
29606,,,,,,,,,,,,,,,,,,,,,,,0.141459,0.450790,0.713273,-29.049999,7.000000,1102.079956
29607,,,,,,,,,,,,,113.887169,179.366470,1.000000,0.613485,,,,,,,,,,,,
29611,,,,,,,,,,,,,,,,,,,,-0.537389,-0.820076,0.446739,,,,,,
29616,,,,,,,,,,,,,,,,,,,,,,,0.152561,0.317139,0.511607,73.080002,12.810000,1093.680054
29617,,,,,,,,,,,,,126.055672,176.752716,1.000000,0.642787,,,,,,,,,,,,
29619,,,,,,,,,,,,,,,,,,,,-0.523449,-0.828317,0.616080,,,,,,
29626,,,,,,,,,,,,,,,,,,,,-0.508898,-0.835841,0.786836,0.152561,0.317139,0.511607,8.050000,-15.680000,1044.329956
29633,,,,,,,,,,,,,139.679062,170.686493,0.889509,0.710793,,,,,,,,,,,,
29639,,,,0.093049,-0.995662,0.093184,2.001226,2.001226,,,,,,,,,,,,,,,,,,,,
29640,,,,,,,,,,,153.312088,89.077614,,,,,0.328361,-0.525474,-0.649036,-0.494880,-0.842829,0.957792,,,,,,
29641,,,,,,,,,,,,,,,,,,,,,,,0.297497,0.518256,0.704001,-21.139999,-1.260000,213.500000
29646,,,,,,,,,,,,,,,,,,,,,,,0.297497,0.518256,0.704001,-23.799999,-3.010000,183.889999
29647,,,,,,,,,,,,,154.837158,166.483765,0.596151,-0.511467,,,,,,,,,,,,
29648,,,,,,,,,,,,,,,,,,,,-0.481822,-0.849154,1.140206,,,,,,
29656,,,,,,,,,,,,,,,,,,,,-0.468783,-0.855059,1.316376,0.086620,0.183366,0.424499,18.830000,-41.369999,320.739990
29657,,,,,,,,,,,,,164.396454,154.936600,0.488985,-0.382015,,,,,,,,,,,,
29666,,,,,,,,,,,,,,,,,,,,,,,0.086620,0.183366,0.424499,23.240000,-25.969999,286.369995
29667,,,,,,,,,,,,,168.142990,130.363632,0.446983,-0.106535,,,,,,,,,,,,
29670,,,,,,,,,,,,,,,,,,,,-0.455621,-0.860377,1.486444,,,,,,
29676,,,,,,,,,,,,,,,,,,,,,,,0.188673,0.533262,0.587186,-15.120000,-6.580000,180.320007
29677,,,,,,,,,,,,,166.637711,106.405914,0.463859,0.162048,,,,-0.444786,-0.865424,1.654977,,,,,,
29685,,,,,,,,,,,,,,,,,,,,,,,0.188673,0.533262,0.587186,0.000000,-15.820000,213.570007
29693,,,,,,,,,,,,,161.241776,89.185120,0.524351,0.355105,,,,,,,,,,,,
29695,,,,0.188302,-0.982111,0.189433,1.951165,1.951165,,,,,,,,,,,,,,,,,,,,
29696,,,,,,,,,,,73.601303,-29.626076,,,,,-0.091138,-0.636084,-1.329706,,,,,,,,,
29691,,,,,,,,,,,,,,,,,,,,-0.433330,-0.871124,1.817739,,,,,,
29701,,,,,,,,,,,,,,,,,,,,,,,0.168604,0.475251,0.855891,-17.150000,-57.400002,490.700012
29699,,,,,,,,,,,,,,,,,,,,-0.422718,-0.876703,1.957868,,,,,,
29706,,,,,,,,,,,,,,,,,,,,,,,0.168604,0.475251,0.855891,9.240000,-44.029999,728.280029
29707,,,,,,,,,,,,,155.046188,77.365631,-0.618650,-1.000000,,,,-0.412901,-0.883146,2.100829,,,,,,
29715,,,,,,,,,,,,,,,,,,,,,,,0.303841,0.309148,0.694119,-7.490000,-9.380000,823.270020
29717,,,,,,,,,,,,,145.290543,61.798832,-0.509282,-1.000000,,,,,,,,,,,,
29721,,,,,,,,,,,,,,,,,,,,-0.403734,-0.889040,2.238799,,,,,,
29726,,,,,,,,,,,,,,,,,,,,,,,0.303841,0.309148,0.694119,-19.670000,72.239998,747.109985
29727,,,,,,,,,,,,,122.247444,37.768257,-0.250952,-0.874042,,,,,,,,,,,,
29729,,,,,,,,,,,,,,,,,,,,-0.395212,-0.894447,2.381259,,,,,,
29736,,,,,,,,,,,,,,,,,,,,,,,0.189283,0.122610,0.641720,-17.290001,122.010002,510.649994
29737,,,,,,,,,,,,,94.653915,14.821058,0.058391,-0.616788,,,,-0.386967,-0.899541,2.502346,,,,,,
29739,,,,0.279214,-0.960229,0.282975,1.898352,1.898352,,,,,,,,,,,,,,,,,,,,
29740,,,,,,,,,,,-31.912374,-125.140152,,,,,-0.478648,-0.484498,-1.960613,,,,,,,,,
29746,,,,,,,,,,,,,,,,,,,,,,,0.189283,0.122610,0.641720,-24.780001,120.750000,250.389999
29754,,,,,,,,,,,,,71.644623,-5.123335,-1.000000,-1.000000,,,,,,,,,,,,
29751,,,,,,,,,,,,,,,,,,,,-0.378510,-0.905452,2.572025,,,,,,
29759,,,,,,,,,,,,,,,,,,,,,,,-0.057706,-0.010614,0.687958,-25.620001,121.099998,-17.010000
29758,,,,,,,,,,,,,,,,,,,,-0.369416,-0.911314,2.595126,,,,,,
29766,,,,,,,,,,,,,,,,,,,,,,,-0.057706,-0.085339,0.474092,46.619999,122.500000,-55.230000
29767,,,,,,,,,,,,,46.680946,-25.562071,-1.000000,-1.000000,,,,,,,,,,,,
29765,,,,,,,,,,,,,,,,,,,,-0.360236,-0.917043,2.589322,,,,,,
29776,,,,,,,,,,,,,,,,,,,,,,,-0.055571,-0.085339,0.474092,65.169998,212.169998,-121.589996
29777,,,,,,,,,,,,,17.361929,-46.710648,-0.680049,-1.000000,,,,,,,,,,,,
29779,,,,,,,,,,,,,,,,,,,,-0.350475,-0.922484,2.569049,,,,,,
29786,,,,,,,,,,,,,,,,,,,,,,,-0.259677,-0.020679,0.518439,30.170000,-1.540000,-144.130005
29787,,,,,,,,,,,,,-11.225460,-68.983704,-0.359564,-1.000000,,,,-0.340624,-0.928280,2.545363,,,,,,
29789,,,,0.365048,-0.930989,0.373685,1.842929,1.842929,,,,,,,,,,,,,,,,,,,,
29790,,,,,,,,,,,-59.356342,-141.692932,,,,,-0.578546,-0.425795,-2.120986,,,,,,,,,
29796,,,,,,,,,,,,,,,,,,,,,,,-0.259677,-0.020679,0.518439,17.500000,-91.980003,-139.720001
29797,,,,,,,,,,,,,-34.612373,-91.963989,-0.514823,-1.000000,,,,,,,,,,,,
29801,,,,,,,,,,,,,,,,,,,,-0.328004,-0.936226,2.519835,,,,,,
29806,,,,,,,,,,,,,,,,,,,,,,,-0.141459,-0.028792,0.152744,16.170000,-0.070000,-128.589996
29814,,,,,,,,,,,,,-46.135883,-108.569054,-0.385636,-0.938114,,,,,,,,,,,,
29809,,,,,,,,,,,,,,,,,,,,-0.316714,-0.943047,2.493527,,,,,,
29817,,,,,,,,,,,,,,,,,,,,-0.305276,-0.949835,2.473124,,,,,,
29820,,,,,,,,,,,,,,,,,,,,,,,-0.141459,-0.028792,0.152744,14.700000,14.350000,-169.610001
29825,,,,,,,,,,,,,,,,,,,,,,,-0.527223,0.136884,0.650687,7.210000,9.660000,-185.639999
29827,,,,,,,,,,,,,-54.455288,-123.926155,-0.292370,-0.765950,,,,,,,,,,,,
29826,,,,,,,,,,,,,,,,,,,,-0.293178,-0.957408,2.446697,,,,,,
29836,,,,,,,,,,,,,,,,,,,,,,,-0.527223,0.136884,0.650687,27.440001,-14.140000,-195.789993
29837,,,,,,,,,,,,,-61.131729,-138.178940,-0.217522,-0.606166,,,,,,,,,,,,
29839,,,,0.445239,-0.895412,0.461441,1.785044,1.785044,,,,,,,,,,,,,,,,,,,,
29840,,,,,,,,,,,-28.647024,-118.559738,,,,,-0.495084,-0.553201,-1.926569,-0.280875,-0.965678,2.417130,,,,,,
29846,,,,,,,,,,,,,,,,,,,,,,,-0.102419,0.033550,0.260287,31.080000,-66.989998,-221.199997
29861,,,,,,,,,,,,,-63.013878,-140.808365,0.270689,-0.224816,,,,,,,,,,,,
29848,,,,,,,,,,,,,,,,,,,,-0.268149,-0.974306,2.384615,,,,,,
29862,,,,,,,,,,,,,,,,,,,,-0.254512,-0.983690,2.324680,,,,,,
29866,,,,,,,,,,,,,,,,,,,,,,,-0.410774,0.464576,0.897981,39.270000,22.959999,-514.080017
29867,,,,,,,,,,,,,-60.767082,-139.135376,0.245500,-0.243571,,,,,,,,,,,,
29871,,,,,,,,,,,,,,,,,,,,,,,-0.410774,0.464576,0.897981,48.439999,7.420000,-521.219971
29870,,,,,,,,,,,,,,,,,,,,-0.241267,-0.993412,2.242379,,,,,,
29876,,,,,,,,,,,,,,,,,,,,,,,-0.410774,0.464576,0.897981,82.040001,6.510000,-533.260010
29877,,,,,,,,,,,,,-53.320957,-134.600815,0.162024,-0.294407,,,,-0.228321,-1.003320,2.145682,,,,,,
29886,,,,,,,,,,,,,,,,,,,,,,,-0.051667,0.305488,0.648003,115.639999,-28.280001,-581.979980
29887,,,,,,,,,,,,,-44.864246,-129.143387,0.067218,-0.355589,,,,,,,,,,,,
29889,,,,0.519388,-0.854539,0.546134,1.724855,1.724855,,,,,,,,,,,,,,,,,,,,
29890,,,,,,,,,,,31.943359,-63.302910,,,,,-0.247175,-0.724571,-1.551308,,,,,,,,,
29891,,,,,,,,,,,,,,,,,,,,-0.214958,-1.013658,2.046896,,,,,,
29896,,,,,,,,,,,,,,,,,,,,,,,-0.051667,0.305488,0.648003,91.910004,-110.389999,-638.960022
29897,,,,,,,,,,,,,-37.748772,-124.516403,0.909072,0.433035,,,,,,,,,,,,
29899,,,,,,,,,,,,,,,,,,,,-0.202446,-1.025130,1.938245,,,,,,
29906,,,,,,,,,,,,,,,,,,,,-0.190589,-1.037674,1.818354,0.172630,0.698572,1.184315,40.459999,-214.410004,-658.979980
29914,,,,,,,,,,,,,-22.249588,-112.060791,0.735315,0.293399,,,,,,,,,,,,
29919,,,,,,,,,,,,,,,,,,,,,,,0.275720,0.517463,0.909937,-11.480000,-301.350006,-628.809998
29920,,,,,,,,,,,,,,,,,,,,-0.179901,-1.050471,1.706706,,,,,,
29926,,,,,,,,,,,,,,,,,,,,,,,0.275720,0.517463,0.909937,-1.330000,-12.670000,-644.419983
29927,,,,,,,,,,,,,2.783947,-91.707367,0.454671,0.065222,,,,,,,,,,,,
29928,,,,,,,,,,,,,,,,,,,,-0.170450,-1.062995,1.595339,,,,,,
29936,,,,,,,,,,,,,,,,,,,,,,,0.283040,0.115412,0.537166,7.630000,71.959999,-654.010010
29937,,,,,,,,,,,,,26.429977,-73.330452,0.189582,-0.140796,,,,,,,,,,,,
29939,,,,0.587254,-0.809403,0.627662,1.662531,1.662531,,,,,,,,,,,,,,,,,,,,
29940,,,,,,,,,,,116.934044,42.568520,,,,,0.261471,-0.758932,-0.928493,,,,,,,,,
29942,,,,,,,,,,,,,,,,,,,,-0.161473,-1.071695,1.486831,,,,,,
29946,,,,,,,,,,,,,,,,,,,,,,,0.283040,0.115412,0.537166,5.600000,101.360001,-654.919983
29947,,,,,,,,,,,,,41.940247,-61.700233,1.000000,1.000000,,,,,,,,,,,,
29950,,,,,,,,,,,,,,,,,,,,-0.151888,-1.081918,1.369921,,,,,,
29956,,,,,,,,,,,,,,,,,,,,,,,0.197518,0.307196,0.427122,51.169998,13.230000,-661.219971
29957,,,,,,,,,,,,,53.414326,-53.013100,1.000000,1.000000,,,,,,,,,,,,
29958,,,,,,,,,,,,,,,,,,,,-0.142511,-1.090987,1.257485,,,,,,
29966,,,,,,,,,,,,,,,,,,,,,,,0.197518,0.307196,0.427122,-52.990002,-85.889999,-581.419983
29973,,,,,,,,,,,,,,,0.970075,1.000000,,,,,,,,,,,,
29974,,,,,,,,,,,,,72.125214,-35.323418,,,,,,,,,,,,,,
29972,,,,,,,,,,,,,,,,,,,,-0.135151,-1.100192,1.156985,,,,,,
29979,,,,,,,,,,,,,,,,,,,,,,,0.258701,0.457256,0.635437,-7.350000,2.380000,-628.039978
29980,,,,,,,,,,,,,,,,,,,,-0.127673,-1.108644,1.050006,,,,,,
29986,,,,,,,,,,,,,,,,,,,,,,,0.258701,0.457256,0.635437,20.790001,67.339996,-662.830017
29987,,,,,,,,,,,,,94.687210,-7.863297,0.717139,0.735650,,,,-0.119864,-1.116442,0.936239,,,,,,
29989,,,,0.648742,-0.761009,0.705930,1.598247,1.598247,,,,,,,,,,,,,,,,,,,,
29990,,,,,,,,,,,155.981705,131.854584,,,,,0.703662,-0.477483,-0.302731,,,,,,,,,
29996,,,,,,,,,,,,,,,,,,,,,,,0.130052,0.202703,0.295789,-54.599998,-5.320000,-582.190002
29997,,,,,,,,,,,,,113.137955,16.427465,1.000000,1.000000,,,,,,,,,,,,
30001,,,,,,,,,,,,,,,,,,,,-0.112148,-1.123892,0.829173,,,,,,
30006,,,,,,,,,,,,,,,,,,,,,,,0.130052,0.202703,0.295789,29.959999,28.910000,-609.280029
30007,,,,,,,,,,,,,128.524719,38.956512,0.931739,1.000000,,,,,,,,,,,,
30009,,,,,,,,,,,,,,,,,,,,-0.105148,-1.130167,0.730468,,,,,,
30016,,,,,,,,,,,,,,,,,,,,,,,0.293349,0.246135,0.644038,45.570000,-2.800000,-579.179993
30017,,,,,,,,,,,,,143.771149,60.734219,0.760816,1.000000,,,,-0.097335,-1.136758,0.633513,,,,,,
30026,,,,,,,,,,,,,,,,,,,,,,,0.293349,0.246135,0.644038,5.810000,5.880000,-585.760010
30033,,,,,,,,,,,,,154.729294,81.185173,0.637967,1.000000,,,,,,,,,,,,
30032,,,,,,,,,,,,,,,,,,,,-0.089155,-1.142525,0.532246,,,,,,
30039,,,,0.703886,-0.710313,0.780854,1.532188,1.532188,,,,,,,,,,,,-0.081452,-1.147675,0.438152,,,,,,
30040,,,,,,,,,,,139.931519,169.637756,,,,,0.896452,-0.017514,0.268995,,,,,,,,,
30041,,,,,,,,,,,,,,,,,,,,,,,0.293837,0.185074,0.509350,7.280000,4.900000,-550.830017
30046,,,,,,,,,,,,,,,,,,,,,,,0.293837,0.185074,0.509350,50.889999,-25.340000,-503.230011
30047,,,,,,,,,,,,,159.820938,99.142212,0.336752,1.000000,,,,-0.073068,-1.153055,0.347866,,,,,,
30056,,,,,,,,,,,,,,,,,,,,,,,0.327265,0.201544,0.779580,10.500000,5.390000,-497.980011
30057,,,,,,,,,,,,,162.003311,118.106033,0.312286,1.000000,,,,,,,,,,,,
30061,,,,,,,,,,,,,,,,,,,,-0.064868,-1.157452,0.258306,,,,,,
30066,,,,,,,,,,,,,,,,,,,,,,,0.327265,0.201544,0.779580,-28.980000,20.510000,-484.609985
30067,,,,,,,,,,,,,158.806808,134.492065,0.348121,1.000000,,,,,,,,,,,,
30069,,,,,,,,,,,,,,,,,,,,-0.056005,-1.161451,0.177659,,,,,,
30076,,,,,,,,,,,,,,,,,,,,,,,0.036051,0.041907,0.307928,44.029999,32.689999,-457.940002
30077,,,,,,,,,,,,,150.578873,145.985184,0.440362,0.943713,,,,-0.046489,-1.165562,0.097067,,,,,,
30086,,,,,,,,,,,,,,,,,,,,,,,0.036051,0.041907,0.965020,23.170000,-7.770000,-407.190002
30106,,,,0.752837,-0.658207,0.852362,1.464551,1.464551,,,95.678535,160.746536,,,,,0.850823,0.395014,0.724566,,,,,,,,,
30108,,,,,,,,,,,,,142.353333,155.710129,-0.140543,0.699448,,,,,,,,,,,,
30102,,,,,,,,,,,,,,,,,,,,-0.027508,-1.172378,-0.038465,,,,,,
30110,,,,,,,,,,,,,,,,,,,,-0.016949,-1.175031,-0.093837,,,,,,
30113,,,,,,,,,,,,,,,,,,,,,,,0.166530,0.143838,0.566263,-2.940000,-0.070000,-312.970001
30117,,,,,,,,,,,,,131.903992,162.291718,-0.023399,0.625664,,,,,,,,,,,,
30119,,,,,,,,,,,,,,,,,,,,,,,0.166530,0.143838,0.566263,31.570000,5.740000,-288.540009
30118,,,,,,,,,,,,,,,,,,,,-0.006129,-1.178007,-0.146723,,,,,,
30124,,,,,,,,,,,,,,,,,,,,,,,0.184281,0.155367,0.835334,11.410000,-1.190000,-226.029999
30127,,,,,,,,,,,,,118.675293,162.372986,0.124904,0.624752,,,,,,,,,,,,
30129,,,,,,,,,,,,,,,,,,,,,,,0.184281,0.155367,0.835334,-17.500000,-0.700000,-112.980003
30132,,,,,,,,,,,,,,,,,,,,0.005148,-1.180839,-0.194091,,,,,,
30136,,,,,,,,,,,,,,,,,,,,,,,0.184281,0.155367,0.835334,-18.200001,3.780000,65.519997
30137,,,,,,,,,,,,,106.983780,159.108795,0.255974,0.661346,,,,,,,,,,,,
30139,,,,0.795837,-0.605511,0.920388,1.395537,1.395537,,,,,,,,,,,,,,,,,,,,
30140,,,,,,,,,,,53.490616,133.991699,,,,,0.708730,0.663978,1.045154,,,,,,,,,
30142,,,,,,,,,,,,,,,,,,,,0.016883,-1.183223,-0.202474,,,,,,
30146,,,,,,,,,,,,,,,,,,,,,,,-0.028121,0.137372,0.839726,-59.919998,-10.360000,219.309998
30154,,,,,,,,,,,,,99.175026,154.402664,-0.298192,0.307145,,,,,,,,,,,,
30149,,,,,,,,,,,,,,,,,,,,0.028740,-1.185501,-0.183043,,,,,,
30157,,,,,,,,,,,,,,,,,,,,0.040985,-1.187644,-0.124725,,,,,,
30160,,,,,,,,,,,,,,,,,,,,,,,-0.028121,0.137372,0.839726,-30.240000,-49.840000,421.750000
30166,,,,,,,,,,,,,,,,,,,,,,,0.157502,0.276635,1.008696,4.410000,-49.630001,472.290009
30167,,,,,,,,,,,,,88.196030,145.892258,-0.175110,0.402553,,,,,,,,,,,,
30171,,,,,,,,,,,,,,,,,,,,0.053095,-1.189399,-0.049616,,,,,,
30176,,,,,,,,,,,,,,,,,,,,,,,0.157502,0.276635,1.008696,-37.099998,23.730000,525.840027
30177,,,,,,,,,,,,,74.208130,137.555557,-0.018296,0.496013,,,,,,,,,,,,
30180,,,,,,,,,,,,,,,,,,,,0.066083,-1.190370,0.036081,,,,,,
30186,,,,,,,,,,,,,,,,,,,,,,,-0.117852,0.397171,0.853268,-16.309999,73.150002,583.169983
30187,,,,,,,,,,,,,62.438709,131.615128,0.113648,0.562610,,,,0.079127,-1.191084,0.132930,,,,,,
30189,,,,0.833207,-0.552962,0.984882,1.325359,1.325359,,,,,,,,,,,,,,,,,,,,
30190,,,,,,,,,,,73.500038,143.319748,,,,,0.812953,0.572785,0.905975,,,,,,,,,
30196,,,,,,,,,,,,,,,,,,,,,,,-0.117852,0.397171,0.853268,-5.390000,94.989998,649.739990
30197,,,,,,,,,,,,,54.182724,127.208992,0.510561,0.753892,,,,,,,,,,,,
30202,,,,,,,,,,,,,,,,,,,,0.092250,-1.190948,0.243929,,,,,,
30206,,,,,,,,,,,,,,,,,,,,,,,-0.268644,0.606645,1.021323,-52.220001,105.489998,766.010010
30213,,,,,,,,,,,,,53.248173,126.347214,0.521038,0.763553,,,,,,,,,,,,
30209,,,,,,,,,,,,,,,,,,,,0.104759,-1.189877,0.361447,,,,,,
30219,,,,,,,,,,,,,,,,,,,,,,,0.058438,0.534116,0.778543,-72.309998,8.960000,812.630005
30217,,,,,,,,,,,,,,,,,,,,0.117076,-1.188204,0.497584,,,,,,
30226,,,,,,,,,,,,,,,,,,,,,,,0.058438,0.534116,0.778543,-81.900002,-99.750000,859.250000
30227,,,,,,,,,,,,,57.296227,127.264900,0.475656,0.753265,,,,,,,,,,,,
30231,,,,,,,,,,,,,,,,,,,,0.128516,-1.185738,0.641940,,,,,,
30236,,,,,,,,,,,,,,,,,,,,,,,0.058438,0.534116,0.778543,-63.770000,-173.949997,865.969971
30237,,,,,,,,,,,,,61.932404,130.135925,0.423682,0.721079,,,,,,,,,,,,
30239,,,,0.865326,-0.501209,1.045801,1.254240,1.254240,,,,,,,,,,,,0.138746,-1.183090,0.786678,,,,,,
30240,,,,,,,,,,,125.701736,159.378525,,,,,0.998639,0.097504,0.395574,,,,,,,,,
30246,,,,,,,,,,,,,,,,,,,,0.148803,-1.180682,0.939453,0.218197,0.481107,0.837225,2.450000,-212.520004,873.250000
30254,,,,,,,,,,,,,67.415031,133.410599,1.000000,0.928633,,,,,,,,,,,,
30260,,,,,,,,,,,,,,,,,,,,0.159276,-1.177258,1.085659,0.131333,0.295484,0.740174,30.450001,80.010002,852.530029
30266,,,,,,,,,,,,,,,,,,,,,,,0.131333,0.295484,0.740174,12.880000,115.500000,857.010010
30267,,,,,,,,,,,,,78.014175,138.652725,1.000000,0.869865,,,,,,,,,,,,
30268,,,,,,,,,,,,,,,,,,,,0.170673,-1.171741,1.233644,,,,,,
30276,,,,,,,,,,,,,,,,,,,,0.180940,-1.167363,1.376410,0.214842,0.282857,0.625128,9.520000,-35.700001,899.570007
30277,,,,,,,,,,,,,92.000610,141.374405,0.880620,0.839353,,,,,,,,,,,,
30286,,,,,,,,,,,,,,,,,,,,,,,0.214842,0.282857,0.625128,-46.970001,-58.869999,912.169983
30287,,,,,,,,,,,,,108.152740,145.303925,0.699544,0.795300,,,,,,,,,,,,
30289,,,,0.892616,-0.450818,1.103115,1.182410,1.182410,,,,,,,,,,,,,,,,,,,,
30290,,,,,,,,,,,138.780533,124.080070,,,,,0.851983,-0.533515,-0.242464,0.190637,-1.162792,1.524477,,,,,,
30296,,,,,,,,,,,,,,,,,,,,,,,0.172935,0.297619,0.565653,-34.790001,-67.269997,839.440002
30297,,,,,,,,,,,,,123.915871,151.334656,0.721766,0.190777,,,,0.199452,-1.157589,1.680827,,,,,,
30306,,,,,,,,,,,,,,,,,,,,,,,0.172935,0.297619,0.565653,-43.330002,52.360001,293.440002
30314,,,,,,,,,,,,,134.353363,147.820160,0.604754,0.230177,,,,,,,,,,,,
30312,,,,,,,,,,,,,,,,,,,,0.208233,-1.152020,1.838747,,,,,,
30319,,,,,,,,,,,,,,,,,,,,0.217206,-1.145608,1.990912,0.183732,0.223748,0.597800,-32.689999,12.530000,175.559998
30326,,,,,,,,,,,,,,,,,,,,,,,0.183732,0.223748,0.597800,-88.900002,-47.180000,160.649994
30327,,,,,,,,,,,,,140.701813,135.013138,0.533583,0.373753,,,,0.223647,-1.140222,2.152308,,,,,,
30336,,,,,,,,,,,,,,,,,,,,,,,0.320189,0.358619,0.739930,32.060001,-11.620000,244.720001
30337,,,,,,,,,,,,,144.095703,123.993126,0.495535,0.497295,,,,,,,,,,,,
30339,,,,0.915524,-0.402264,1.156808,1.110109,1.110109,,,,,,,,,,,,,,,,,,,,
30340,,,,,,,,,,,89.500481,38.587692,,,,,0.311878,-0.957736,-0.911109,,,,,,,,,
30341,,,,,,,,,,,,,,,,,,,,0.231188,-1.134884,2.309210,,,,,,
30346,,,,,,,,,,,,,,,,,,,,,,,0.320189,0.358619,0.739930,-12.180000,29.260000,277.130005
30347,,,,,,,,,,,,,144.744415,114.712540,-0.261322,-0.699063,,,,,,,,,,,,
30348,,,,,,,,,,,,,,,,,,,,0.237356,-1.128971,2.458321,,,,,,
30356,,,,,,,,,,,,,,,,,,,,0.243165,-1.123802,2.603531,0.249917,0.372283,0.783911,-6.790000,19.180000,378.630005
30357,,,,,,,,,,,,,137.153458,100.360497,-0.176222,-0.538166,,,,,,,,,,,,
30366,,,,,,,,,,,,,,,,,,,,,,,0.249917,0.372283,0.783911,-23.240000,11.060000,770.630005
30373,,,,,,,,,,,,,118.133347,78.636856,0.037007,-0.294629,,,,,,,,,,,,
30370,,,,,,,,,,,,,,,,,,,,0.248361,-1.119221,2.751617,,,,,,
30378,,,,,,,,,,,,,,,,,,,,0.253229,-1.114564,2.889321,0.115778,0.357033,0.658922,-42.840000,28.000000,670.880005
30386,,,,,,,,,,,,,,,,,,,,,,,0.115778,0.357033,0.658922,-15.190000,71.889999,479.709991
30387,,,,,,,,,,,,,97.437180,60.284447,0.269026,-0.088885,,,,,,,,,,,,
30389,,,,0.934508,-0.355942,1.206874,1.037585,1.037585,,,,,,,,,,,,,,,,,,,,
30390,,,,,,,,,,,1.307261,-57.956486,,,,,-0.383865,-0.945288,-1.583029,,,,,,,,,
30392,,,,,,,,,,,,,,,,,,,,0.258192,-1.110739,2.989596,,,,,,
30396,,,,,,,,,,,,,,,,,,,,,,,-0.101138,0.449204,1.042124,-26.950001,80.290001,358.260010
30397,,,,,,,,,,,,,82.531792,46.338036,-0.905355,-1.000000,,,,,,,,,,,,
30400,,,,,,,,,,,,,,,,,,,,0.263476,-1.107834,3.058694,,,,,,
30406,,,,,,,,,,,,,,,,,,,,,,,-0.101138,0.449204,0.923113,-26.040001,52.500000,294.980011
30407,,,,,,,,,,,,,64.522659,30.242889,-0.703460,-1.000000,,,,0.268759,-1.105237,3.113944,,,,,,
30416,,,,,,,,,,,,,,,,,,,,,,,0.056486,0.408883,0.923113,15.050000,68.949997,207.199997
30417,,,,,,,,,,,,,40.025681,9.536879,-0.428832,-0.988474,,,,,,,,,,,,
30422,,,,,,,,,,,,,,,,,,,,0.274376,-1.102816,-3.125056,,,,,,
30426,,,,,,,,,,,,,,,,,,,,,,,-0.278953,0.252967,0.534360,-15.610000,214.199997,141.470001
30434,,,,,,,,,,,,,19.840820,-14.707525,-0.202545,-0.716677,,,,,,,,,,,,
30430,,,,,,,,,,,,,,,,,,,,0.279861,-1.100565,-3.097637,,,,,,
30439,,,,0.950027,-0.312168,1.253323,0.965097,0.965097,,,,,,,,,,,,,,,,,,,,
30440,,,,,,,,,,,-38.966938,-90.564514,,,,,-0.659093,-0.800821,-1.870831,,,,,,,,,
30441,,,,,,,,,,,,,,,,,,,,,,,-0.278953,0.252967,0.534360,-41.230000,-43.610001,131.669998
30437,,,,,,,,,,,,,,,,,,,,0.285352,-1.098308,-3.069896,,,,,,
30447,,,,,,,,,,,,,3.653065,-40.902096,-0.633668,-0.919009,,,,,,,-0.159332,0.071553,0.486658,-26.040001,-57.959999,125.089996
30452,,,,,,,,,,,,,,,,,,,,0.294390,-1.096533,-3.050370,,,,,,
30456,,,,,,,,,,,,,,,,,,,,,,,-0.159332,0.071553,0.486658,-32.270000,-100.589996,92.470001
30457,,,,,,,,,,,,,-9.573483,-62.458748,-0.485389,-0.677344,,,,,,,,,,,,
30459,,,,,,,,,,,,,,,,,,,,0.301961,-1.094627,-3.031286,,,,,,
30466,,,,,,,,,,,,,,,,,,,,,,,-0.298412,0.060024,0.261751,-25.200001,65.169998,83.370003
30467,,,,,,,,,,,,,-19.545691,-76.081078,-0.373594,-0.524628,,,,0.310276,-1.092521,-3.017201,,,,,,
30476,,,,,,,,,,,,,,,,,,,,,,,-0.298412,0.060024,0.261751,-20.020000,24.430000,22.680000
30477,,,,,,,,,,,,,-28.545479,-86.014130,-0.272700,-0.413271,,,,,,,,,,,,
30481,,,,,,,,,,,,,,,,,,,,0.318377,-1.090854,-3.006381,,,,,,
30486,,,,,,,,,,,,,,,,,,,,,,,-0.352519,0.089731,0.462319,-24.360001,-18.969999,21.000000
30494,,,,,,,,,,,,,-35.147991,-92.340500,-0.198681,-0.342348,,,,,,,,,,,,
30496,,,,0.962528,-0.271182,1.296175,0.892911,0.892911,,,-45.910141,-92.637901,,,,,-0.703742,-0.770514,-1.921221,,,,,,,,,
30489,,,,,,,,,,,,,,,,,,,,0.328501,-1.089186,-3.000757,,,,,,
30497,,,,,,,,,,,,,,,,,,,,0.338078,-1.086943,-2.997993,,,,,,
30502,,,,,,,,,,,,,,,,,,,,,,,-0.352519,0.034038,0.450058,-10.710000,-67.059998,-10.360000
30507,,,,,,,,,,,,,-38.166397,-90.380013,-0.270453,-0.395864,,,,,,,-0.295911,0.034038,0.450058,-20.020000,-51.660000,-68.180000
30511,,,,,,,,,,,,,,,,,,,,0.348298,-1.085155,-3.003516,,,,,,
30516,,,,,,,,,,,,,,,,,,,,,,,-0.295911,0.034038,0.450058,29.750000,-12.600000,-135.800003
30517,,,,,,,,,,,,,-41.505688,-88.200714,-0.233018,-0.420296,,,,,,,,,,,,
30518,,,,,,,,,,,,,,,,,,,,0.359449,-1.082921,-3.022844,,,,,,
30526,,,,,,,,,,,,,,,,,,,,0.369907,-1.081097,-3.050455,-0.252967,0.175619,0.784521,22.260000,-4.760000,-163.380005
30527,,,,,,,,,,,,,-43.716473,-86.303261,-0.208233,-0.441567,,,,,,,,,,,,
30536,,,,,,,,,,,,,,,,,,,,,,,-0.252967,0.175619,0.784521,18.340000,14.560000,-215.949997
30537,,,,,,,,,,,,,-46.098961,-85.767448,-0.181524,-0.447574,,,,,,,,,,,,
30539,,,,0.972438,-0.233163,1.335467,0.821304,0.821304,,,,,,,,,,,,,,,,,,,,
30540,,,,,,,,,,,-39.130417,-83.220894,,,,,-0.650132,-0.813257,-1.863667,0.381089,-1.079337,-3.083704,,,,,,
30546,,,,,,,,,,,,,,,,,,,,,,,-0.188124,0.275232,0.879498,36.470001,31.080000,-256.059998
30553,,,,,,,,,,,,,-46.800259,-85.751305,-0.070537,-0.304516,,,,,,,,,,,,
30548,,,,,,,,,,,,,,,,,,,,0.391895,-1.077877,-3.128072,,,,,,
30558,,,,,,,,,,,,,,,,,,,,,,,-0.190930,0.324398,0.983808,43.540001,24.780001,-302.190002
30562,,,,,,,,,,,,,,,,,,,,0.402627,-1.076681,3.110820,,,,,,
30566,,,,,,,,,,,,,,,,,,,,,,,-0.190930,0.324398,0.983808,28.209999,1.330000,-347.549988
30567,,,,,,,,,,,,,-46.258587,-85.148308,-0.076610,-0.311276,,,,,,,,,,,,
30569,,,,,,,,,,,,,,,,,,,,0.414304,-1.075733,3.052740,,,,,,
30576,,,,,,,,,,,,,,,,,,,,,,,-0.190930,0.377346,0.891881,59.779999,-54.180000,-385.769989
30577,,,,,,,,,,,,,-44.955994,-84.808914,-0.091213,-0.315081,,,,0.425961,-1.075195,2.988973,,,,,,
30586,,,,,,,,,,,,,,,,,,,,,,,-0.000427,0.377346,0.891881,56.070000,-95.410004,-423.010010
30593,,,,,,,,,,,,,-43.262905,-83.931129,-0.110194,-0.324921,,,,,,,,,,,,
30595,,,,0.980157,-0.198224,1.371250,0.750560,0.750560,,,,,,,,,,,,,,,,,,,,
30596,,,,,,,,,,,-8.666870,-51.604752,,,,,-0.399806,-0.958537,-1.602228,,,,,,,,,
30591,,,,,,,,,,,,,,,,,,,,0.438053,-1.074803,2.916903,,,,,,
30601,,,,,,,,,,,,,,,,,,,,,,,0.023363,0.567910,1.085068,46.900002,-139.929993,-471.170013
30599,,,,,,,,,,,,,,,,,,,,0.449776,-1.075701,2.838788,,,,,,
30606,,,,,,,,,,,,,,,,,,,,0.461972,-1.077339,2.754501,0.023363,0.567910,1.085068,41.160000,-146.580002,-487.480011
30607,,,,,,,,,,,,,-41.108250,-83.171234,0.329023,0.147464,,,,,,,,,,,,
30616,,,,,,,,,,,,,,,,,,,,,,,0.014823,0.564433,0.958920,26.320000,-170.729996,-509.250000
30617,,,,,,,,,,,,,-35.690346,-79.897079,0.268285,0.110758,,,,,,,,,,,,
30620,,,,,,,,,,,,,,,,,,,,0.473787,-1.079441,2.666542,,,,,,
30626,,,,,,,,,,,,,,,,,,,,,,,0.014823,0.564433,0.958920,38.709999,-48.580002,-494.899994
30627,,,,,,,,,,,,,-27.293179,-71.604065,0.174147,0.017787,,,,,,,,,,,,
30628,,,,,,,,,,,,,,,,,,,,0.485306,-1.082210,2.577089,,,,,,
30635,,,,,,,,,,,,,,,,,,,,,,,0.329705,0.282125,0.961787,-29.680000,29.469999,-473.829987
30637,,,,,,,,,,,,,-19.129280,-62.439194,0.082624,-0.084957,,,,,,,,,,,,
30639,,,,0.986053,-0.166429,1.403589,0.680973,0.680973,,,,,,,,,,,,,,,,,,,,
30640,,,,,,,,,,,39.323124,2.756058,,,,,0.067253,-1.043207,-1.171465,,,,,,,,,
30636,,,,,,,,,,,,,,,,,,,,0.494555,-1.084819,2.496149,,,,,,
30646,,,,,,,,,,,,,,,,,,,,,,,0.329705,0.282125,0.961787,37.799999,29.330000,-491.399994
30654,,,,,,,,,,,,,-15.449798,-56.086998,0.771336,0.670697,,,,,,,,,,,,
30650,,,,,,,,,,,,,,,,,,,,0.504054,-1.086938,2.407915,,,,,,
30659,,,,,,,,,,,,,,,,,,,,,,,0.486292,0.222345,0.941352,-3.080000,-24.080000,-401.450012
30657,,,,,,,,,,,,,,,,,,,,0.513054,-1.089147,2.327231,,,,,,
30665,,,,,,,,,,,,,,,,,,,,,,,0.486292,0.222345,0.941352,-6.230000,-22.469999,-391.929993
30667,,,,,,,,,,,,,-6.280849,-45.092026,0.668545,0.547435,,,,,,,,,,,,
30672,,,,,,,,,,,,,,,,,,,,0.520742,-1.091431,2.260327,,,,,,
30676,,,,,,,,,,,,,,,,,,,,,,,0.454511,0.334341,1.008452,12.740000,3.780000,-395.079987
30677,,,,,,,,,,,,,10.039124,-28.636671,0.485587,0.362959,,,,,,,,,,,,
30679,,,,,,,,,,,,,,,,,,,,0.528424,-1.093547,2.192531,,,,,,
30686,,,,,,,,,,,,,,,,,,,,,,,0.454511,0.334341,1.008452,-2.170000,26.530001,-378.279999
30687,,,,,,,,,,,,,25.431364,-14.780840,0.313029,0.207625,,,,0.535510,-1.095105,2.126540,,,,,,
30689,,,,0.990461,-0.137792,1.432564,0.612846,0.612846,,,,,,,,,,,,,,,,,,,,
30690,,,,,,,,,,,75.774796,51.169109,,,,,0.505139,-0.934537,-0.759254,,,,,,,,,
30696,,,,,,,,,,,,,,,,,,,,,,,0.414861,0.144997,0.748165,4.900000,-0.280000,-364.769989
30697,,,,,,,,,,,,,35.628647,-6.963250,0.753166,0.856381,,,,,,,,,,,,
30701,,,,,,,,,,,,,,,,,,,,0.542155,-1.096529,2.059588,,,,,,
30706,,,,,,,,,,,,,,,,,,,,,,,0.414861,0.144997,0.748165,1.470000,-36.820000,-348.529999
30713,,,,,,,,,,,,,47.772369,5.556418,0.617026,0.716027,,,,,,,,,,,,
30708,,,,,,,,,,,,,,,,,,,,0.548180,-1.097682,2.000684,,,,,,
30716,,,,,,,,,,,,,,,,,,,,0.553891,-1.098494,1.937549,,,,,,
30719,,,,,,,,,,,,,,,,,,,,,,,0.468724,0.234362,0.893528,1.260000,16.100000,-353.010010
30725,,,,,,,,,,,,,,,,,,,,,,,0.468724,0.234362,0.549671,0.210000,42.980000,-347.200012
30727,,,,,,,,,,,,,62.567039,23.051655,0.451167,0.519893,,,,,,,,,,,,
30730,,,,,,,,,,,,,,,,,,,,0.559086,-1.098920,1.880080,,,,,,
30736,,,,,,,,,,,,,,,,,,,,,,,0.265838,0.117303,0.549671,1.890000,-1.540000,-350.980011
30737,,,,,,,,,,,,,72.401566,36.409206,0.340915,0.370145,,,,,,,,,,,,
30739,,,,0.993676,-0.112286,1.458273,0.546492,0.546492,,,,,,,,,,,,,,,,,,,,
30740,,,,,,,,,,,94.614723,82.048729,,,,,0.804793,-0.714764,-0.418521,,,,,,,,,
30738,,,,,,,,,,,,,,,,,,,,0.564012,-1.098801,1.814265,,,,,,
30746,,,,,,,,,,,,,,,,,,,,,,,0.496540,0.201910,0.878095,17.850000,-12.810000,-348.950012
30747,,,,,,,,,,,,,78.452759,45.429092,0.559646,0.738727,,,,,,,,,,,,
30745,,,,,,,,,,,,,,,,,,,,0.568543,-1.098482,1.757398,,,,,,
30756,,,,,,,,,,,,,,,,,,,,,,,0.496540,0.201910,0.878095,50.540001,-2.450000,-350.839996
30757,,,,,,,,,,,,,82.479843,53.046764,0.514499,0.653327,,,,,,,,,,,,
30759,,,,,,,,,,,,,,,,,,,,0.573029,-1.097666,1.695486,,,,,,
30766,,,,,,,,,,,,,,,,,,,,,,,0.360632,0.188551,0.777445,-2.800000,-7.560000,-332.359985
30774,,,,,,,,,,,,,86.625862,61.860870,0.468020,0.554515,,,,,,,,,,,,
30767,,,,,,,,,,,,,,,,,,,,0.577118,-1.096189,1.643424,,,,,,
30779,,,,,,,,,,,,,,,,,,,,,,,0.360632,0.188551,0.777445,-10.710000,5.880000,-313.600006
30781,,,,,,,,,,,,,,,,,,,,0.580496,-1.094613,1.589824,,,,,,
30786,,,,,,,,,,,,,,,,,,,,,,,0.300486,0.131516,0.730353,-5.390000,23.240000,-301.980011
30787,,,,,,,,,,,,,89.478539,69.066704,0.436039,0.473733,,,,,,,,,,,,
30789,,,,0.995956,-0.089847,1.480828,0.482232,0.482232,,,,,,,,,,,,0.584206,-1.092551,1.532202,,,,,,
30790,,,,,,,,,,,101.434517,99.045097,,,,,0.988095,-0.444900,-0.116321,,,,,,,,,
30796,,,,,,,,,,,,,,,,,,,,0.587740,-1.089981,1.483012,0.300486,0.131516,0.730353,3.850000,-13.720000,-284.690002
30797,,,,,,,,,,,,,90.612602,72.890747,0.527059,0.689389,,,,,,,,,,,,
30806,,,,,,,,,,,,,,,,,,,,,,,0.378017,0.155428,0.844179,33.740002,-3.850000,-283.359985
30807,,,,,,,,,,,,,91.625557,77.263824,0.515703,0.640364,,,,,,,,,,,,
30810,,,,,,,,,,,,,,,,,,,,0.590778,-1.087200,1.434738,,,,,,
30816,,,,,,,,,,,,,,,,,,,,,,,0.378017,0.155428,0.844179,13.930000,18.620001,-276.290009
30817,,,,,,,,,,,,,92.964844,81.975441,0.500689,0.587543,,,,,,,,,,,,
30818,,,,,,,,,,,,,,,,,,,,0.594165,-1.083836,1.387293,,,,,,
30826,,,,,,,,,,,,,,,,,,,,,,,0.368928,0.099491,0.764513,2.730000,-14.490000,-253.610001
30834,,,,,,,,,,,,,94.176247,86.232269,0.487108,0.539821,,,,,,,,,,,,
30825,,,,,,,,,,,,,,,,,,,,0.597556,-1.079933,1.340929,,,,,,
30839,,,,0.997520,-0.070379,1.500359,0.420396,0.420396,,,,,,,,,,,,0.600204,-1.075764,1.302785,,,,,,
30840,,,,,,,,,,,99.624916,104.424553,,,,,1.066691,-0.178089,0.144500,,,,,,,,,
30841,,,,,,,,,,,,,,,,,,,,,,,0.368928,0.099491,0.764513,-5.320000,-1.610000,-242.270004
30846,,,,,,,,,,,,,,,,,,,,,,,0.293471,0.056486,0.680272,27.719999,24.500000,-253.539993
30847,,,,,,,,,,,,,95.788834,89.518494,0.441505,0.584806,,,,0.603403,-1.071072,1.257764,,,,,,
30856,,,,,,,,,,,,,,,,,,,,,,,0.293471,0.056486,0.680272,-30.660000,6.650000,-221.410004
30857,,,,,,,,,,,,,95.465912,90.740761,0.445125,0.571103,,,,,,,,,,,,
30862,,,,,,,,,,,,,,,,,,,,0.606553,-1.065760,1.216911,,,,,,
30866,,,,,,,,,,,,,,,,,,,,,,,0.386374,0.077775,0.866078,16.030001,-22.469999,-231.000000
30873,,,,,,,,,,,,,94.115166,92.493843,0.460268,0.551450,,,,,,,,,,,,
30870,,,,,,,,,,,,,,,,,,,,0.609587,-1.060428,1.179936,,,,,,
30879,,,,,,,,,,,,,,,,,,,,,,,0.305671,0.014335,0.725534,15.190000,10.430000,-214.199997
30877,,,,,,,,,,,,,,,,,,,,0.613160,-1.054469,1.143741,,,,,,
30885,,,,,,,,,,,,,,,,,,,,,,,0.305671,0.014335,0.725534,23.590000,3.780000,-210.070007
30887,,,,,,,,,,,,,93.129684,93.358788,0.471316,0.541753,,,,,,,,,,,,
30889,,,,0.998554,-0.053758,1.517012,0.361324,0.361324,,,,,,,,,,,,,,,,,,,,
30890,,,,,,,,,,,92.934700,101.734215,,,,,1.067263,0.042718,0.355338,,,,,,,,,
30892,,,,,,,,,,,,,,,,,,,,0.616651,-1.048031,1.104347,,,,,,
30896,,,,,,,,,,,,,,,,,,,,,,,0.305671,0.014335,0.621285,-26.879999,-9.240000,-194.460007
30897,,,,,,,,,,,,,92.028931,94.408836,0.381893,0.489060,,,,,,,,,,,,
30899,,,,,,,,,,,,,,,,,,,,0.620279,-1.041408,1.072202,,,,,,
30906,,,,,,,,,,,,,,,,,,,,,,,0.333243,-0.027267,0.621285,23.870001,9.870000,-206.360001
30907,,,,,,,,,,,,,91.168961,95.369148,0.391534,0.478294,,,,0.623906,-1.034265,1.036638,,,,,,
30916,,,,,,,,,,,,,,,,,,,,,,,0.286151,-0.088267,0.525393,-5.810000,-0.070000,-200.059998
30917,,,,,,,,,,,,,88.767883,94.494339,0.418452,0.488101,,,,,,,,,,,,
30921,,,,,,,,,,,,,,,,,,,,0.628092,-1.026867,1.004914,,,,,,
30926,,,,,,,,,,,,,,,,,,,,,,,0.286151,-0.088267,0.525393,-7.840000,-19.950001,-184.660004
30934,,,,,,,,,,,,,86.703659,93.145462,0.441593,0.503223,,,,,,,,,,,,
30929,,,,,,,,,,,,,,,,,,,,0.632365,-1.019151,0.967229,,,,,,
30939,,,,0.999206,-0.039833,1.530953,0.305363,0.305363,,,,,,,,,,,,,,,,,,,,
30940,,,,,,,,,,,83.626343,94.335449,,,,,1.016719,0.230846,0.542174,,,,,,,,,
30941,,,,,,,,,,,,,,,,,,,,,,,0.304329,-0.199531,0.775005,36.400002,-3.570000,-172.199997
30936,,,,,,,,,,,,,,,,,,,,0.637427,-1.010995,0.942448,,,,,,
30946,,,,,,,,,,,,,,,,,,,,,,,0.304329,-0.199531,0.775005,16.520000,-11.270000,-149.169998
30947,,,,,,,,,,,,,85.432426,92.100555,0.314258,0.402397,,,,,,,,,,,,
30950,,,,,,,,,,,,,,,,,,,,0.642442,-1.003171,0.911342,,,,,,
30956,,,,,,,,,,,,,,,,,,,,,,,0.318176,-0.214049,0.760792,36.820000,-12.740000,-151.479996
30957,,,,,,,,,,,,,83.997253,90.158470,0.330347,0.424169,,,,,,,,,,,,
30958,,,,,,,,,,,,,,,,,,,,0.647843,-0.994729,0.886792,,,,,,
30966,,,,,,,,,,,,,,,,,,,,0.653803,-0.986366,0.862308,0.318176,-0.214049,0.760792,-24.219999,-19.950001,-118.440002
30967,,,,,,,,,,,,,82.176239,87.907951,0.350762,0.449399,,,,,,,,,,,,
30976,,,,,,,,,,,,,,,,,,,,,,,0.229177,-0.252845,0.595360,29.959999,7.910000,-108.290001
30977,,,,,,,,,,,,,81.233047,86.605255,0.361336,0.464003,,,,,,,,,,,,
30980,,,,,,,,,,,,,,,,,,,,0.659775,-0.977804,0.844126,,,,,,
30986,,,,,,,,,,,,,,,,,,,,,,,0.229177,-0.252845,0.595360,-25.200001,48.720001,-85.190002
30993,,,,,,,,,,,,,80.009193,84.872299,0.375056,0.483430,,,,,,,,,,,,
30995,,,,0.999596,-0.028429,1.542363,0.252871,0.252871,,,,,,,,,,,,,,,,,,,,
30996,,,,,,,,,,,74.087036,84.805473,,,,,0.939565,0.361289,0.682135,,,,,,,,,
30987,,,,,,,,,,,,,,,,,,,,0.666483,-0.968880,0.829044,,,,,,
31001,,,,,,,,,,,,,,,,,,,,,,,0.214659,-0.290665,0.574315,-4.480000,-23.660000,-41.439999
31002,,,,,,,,,,,,,,,,,,,,0.673460,-0.960343,0.813792,,,,,,
31006,,,,,,,,,,,,,,,,,,,,,,,0.214659,-0.290665,0.574315,7.980000,-31.290001,-25.549999
31007,,,,,,,,,,,,,79.805664,84.287666,0.232238,0.345027,,,,,,,,,,,,
31009,,,,,,,,,,,,,,,,,,,,0.680919,-0.951716,0.813907,,,,,,
31016,,,,,,,,,,,,,,,,,,,,,,,0.237961,-0.291885,0.794403,21.139999,-25.690001,-12.320000
31017,,,,,,,,,,,,,79.192261,83.510857,0.239115,0.353735,,,,0.688528,-0.943293,0.807860,,,,,,
31026,,,,,,,,,,,,,,,,,,,,,,,0.237961,-0.291885,0.794403,-19.389999,43.400002,15.610000
31027,,,,,,,,,,,,,77.608841,81.791328,0.256866,0.373013,,,,,,,,,,,,
31031,,,,,,,,,,,,,,,,,,,,0.696209,-0.934584,0.807872,,,,,,
31036,,,,,,,,,,,,,,,,,,,,,,,0.129198,-0.078629,0.700524,-7.140000,50.540001,35.700001
31037,,,,,,,,,,,,,75.711983,80.875114,0.278131,0.383284,,,,,,,,,,,,
31039,,,,0.999813,-0.019351,1.551445,0.204215,0.204215,,,,,,,,,,,,0.704530,-0.925287,0.810772,,,,,,
31040,,,,,,,,,,,67.417816,76.594742,,,,,0.874110,0.405390,0.734970,,,,,,,,,
31046,,,,,,,,,,,,,,,,,,,,0.712919,-0.916254,0.819816,0.129198,-0.078629,0.700524,-36.889999,27.370001,52.919998
31053,,,,,,,,,,,,,74.871048,80.568878,0.186115,0.261826,,,,,,,,,,,,
31059,,,,,,,,,,,,,,,,,,,,,,,-0.004514,-0.034526,1.244095,-2.520000,7.070000,71.959999
31060,,,,,,,,,,,,,,,,,,,,0.721052,-0.907064,0.831917,,,,,,
31066,,,,,,,,,,,,,,,,,,,,,,,-0.004514,0.089670,0.709796,-22.469999,-4.760000,80.500000
31067,,,,,,,,,,,,,73.642113,79.619110,0.199892,0.272474,,,,,,,,,,,,
31068,,,,,,,,,,,,,,,,,,,,0.729052,-0.898079,0.844012,,,,,,
31076,,,,,,,,,,,,,,,,,,,,,,,0.014091,0.089670,0.709796,6.440000,-12.040000,88.550003
31075,,,,,,,,,,,,,,,,,,,,0.737008,-0.888807,0.859197,,,,,,
31077,,,,,,,,,,,,,72.068268,77.629196,0.217536,0.294782,,,,,,,,,,,,
31085,,,,,,,,,,,,,,,,,,,,,,,-0.194407,0.154147,1.105686,-41.160000,24.080000,108.290001
31087,,,,,,,,,,,,,70.855865,77.237770,0.231128,0.299170,,,,,,,,,,,,
31089,,,,0.999923,-0.012379,1.558417,0.159769,0.159769,,,,,,,,,,,,0.744547,-0.879694,0.880579,,,,,,
31090,,,,,,,,,,,64.050438,70.940254,,,,,0.836043,0.371859,0.697599,,,,,,,,,
31096,,,,,,,,,,,,,,,,,,,,0.752066,-0.870431,0.895861,-0.194407,0.154147,1.105686,24.290001,45.990002,113.610001
31097,,,,,,,,,,,,,70.016426,77.028000,0.189319,0.215513,,,,,,,,,,,,
31106,,,,,,,,,,,,,,,,,,,,,,,-0.151219,0.147681,0.861442,-12.460000,59.849998,103.040001
31114,,,,,,,,,,,,,68.450195,75.665375,0.206877,0.230789,,,,,,,,,,,,
31109,,,,,,,,,,,,,,,,,,,,0.759763,-0.861235,0.917416,,,,,,
31118,,,,,,,,,,,,,,,,,,,,,,,-0.151219,0.147681,0.861442,22.120001,76.790001,100.029999
31117,,,,,,,,,,,,,,,,,,,,0.766736,-0.851551,0.932887,,,,,,
31125,,,,,,,,,,,,,,,,,,,,,,,-0.200934,0.193309,0.834480,-30.940001,103.110001,82.389999
31127,,,,,,,,,,,,,67.030052,74.331696,0.222798,0.245741,,,,,,,,,,,,
31130,,,,,,,,,,,,,,,,,,,,0.773907,-0.842013,0.951552,,,,,,
31136,,,,,,,,,,,,,,,,,,,,,,,-0.200934,0.193309,0.834480,13.930000,119.419998,78.820000
31137,,,,,,,,,,,,,66.233307,72.923256,0.231730,0.261530,,,,,,,,,,,,
31139,,,,0.999974,-0.007277,1.563520,0.119919,0.119919,,,,,,,,,,,,,,,,,,,,
31140,,,,,,,,,,,61.833702,66.503853,,,,,0.810541,0.302177,0.614122,,,,,,,,,
31138,,,,,,,,,,,,,,,,,,,,0.780790,-0.832092,0.964147,,,,,,
31146,,,,,,,,,,,,,,,,,,,,,,,-0.217770,0.138531,0.746335,1.330000,143.850006,68.459999
31147,,,,,,,,,,,,,65.050247,71.775826,0.211275,0.206913,,,,,,,,,,,,
31145,,,,,,,,,,,,,,,,,,,,0.787709,-0.822478,0.977189,,,,,,
31156,,,,,,,,,,,,,,,,,,,,,,,-0.217770,0.138531,0.746335,-11.690000,19.879999,57.189999
31157,,,,,,,,,,,,,64.077408,70.285957,0.222181,0.223615,,,,,,,,,,,,
31159,,,,,,,,,,,,,,,,,,,,0.794192,-0.812800,0.987311,,,,,,
31166,,,,,,,,,,,,,,,,,,,,,,,-0.290848,0.136762,0.977281,-15.190000,-31.639999,44.310001
31173,,,,,,,,,,,,,63.819233,69.043106,0.225076,0.237549,,,,,,,,,,,,
31167,,,,,,,,,,,,,,,,,,,,0.799546,-0.804307,0.995946,,,,,,
31178,,,,,,,,,,,,,,,,,,,,,,,-0.290848,0.136762,0.906399,-7.070000,-51.939999,24.219999
31180,,,,,,,,,,,,,,,,,,,,0.804682,-0.795683,0.998970,,,,,,
31186,,,,,,,,,,,,,,,,,,,,,,,-0.345077,0.104493,0.906399,7.280000,-54.180000,14.840000
31187,,,,,,,,,,,,,63.478069,67.873436,0.228900,0.250661,,,,,,,,,,,,
31189,,,,0.999993,-0.003784,1.567013,0.085059,0.085059,,,,,,,,,,,,,,,,,,,,
31190,,,,,,,,,,,58.209843,61.321125,,,,,0.771652,0.264810,0.568614,,,,,,,,,
31188,,,,,,,,,,,,,,,,,,,,0.810043,-0.787732,1.002153,,,,,,
31196,,,,,,,,,,,,,,,,,,,,,,,-0.345077,0.104493,0.906399,5.670000,-34.580002,8.190000
31197,,,,,,,,,,,,,63.257515,66.955772,0.176251,0.182116,,,,,,,,,,,,
31195,,,,,,,,,,,,,,,,,,,,0.815006,-0.779421,1.005080,,,,,,
31206,,,,,,,,,,,,,,,,,,,,,,,-0.184464,0.024461,0.809897,4.480000,-25.059999,-1.470000
31213,,,,,,,,,,,,,62.288834,65.736252,0.187111,0.195788,,,,,,,,,,,,
31209,,,,,,,,,,,,,,,,,,,,0.820354,-0.771443,1.008210,,,,,,
31219,,,,,,,,,,,,,,,,,,,,,,,-0.235094,0.011346,1.073051,-8.750000,-11.340000,-3.290000
31217,,,,,,,,,,,,,,,,,,,,0.825254,-0.763094,1.005045,,,,,,
31225,,,,,,,,,,,,,,,,,,,,0.830399,-0.755098,1.001925,-0.235094,0.011346,1.073051,4.970000,19.040001,-12.600000
31227,,,,,,,,,,,,,61.609531,63.710213,0.194726,0.218501,,,,,,,,,,,,
31236,,,,,,,,,,,,,,,,,,,,,,,-0.244976,-0.025010,0.787876,-2.170000,40.389999,-17.570000
31237,,,,,,,,,,,,,60.616783,62.384293,0.205856,0.233366,,,,,,,,,,,,
31239,,,,0.999999,-0.001621,1.569175,0.055590,0.055590,,,,,,,,,,,,0.835278,-0.747014,0.998869,,,,,,
31240,,,,,,,,,,,53.982460,56.008190,,,,,0.726307,0.262166,0.566103,,,,,,,,,
31246,,,,,,,,,,,,,,,,,,,,,,,-0.244976,-0.025010,0.787876,23.660000,52.570000,-17.709999
31247,,,,,,,,,,,,,59.757668,61.244850,0.151186,0.165326,,,,0.840540,-0.738982,0.998970,,,,,,
31256,,,,,,,,,,,,,,,,,,,,,,,-0.258945,-0.052033,1.039928,4.130000,14.910000,-23.379999
31257,,,,,,,,,,,,,59.063934,59.766258,0.158963,0.181902,,,,,,,,,,,,
31261,,,,,,,,,,,,,,,,,,,,0.845751,-0.730998,0.996021,,,,,,
31266,,,,,,,,,,,,,,,,,,,,,,,-0.258945,-0.052033,1.039928,5.390000,-6.020000,-21.490000
31273,,,,,,,,,,,,,57.849247,58.100479,0.172580,0.200577,,,,,,,,,,,,
31268,,,,,,,,,,,,,,,,,,,,0.850437,-0.723565,0.989887,,,,,,
31276,,,,,,,,,,,,,,,,,,,,0.855229,-0.716089,0.986734,,,,,,
31279,,,,,,,,,,,,,,,,,,,,,,,-0.278587,-0.023668,0.777689,-2.240000,7.770000,-21.700001
31285,,,,,,,,,,,,,,,,,,,,,,,-0.278587,-0.023668,0.777689,6.650000,-20.650000,-19.950001
31287,,,,,,,,,,,,,56.945892,56.763393,0.182708,0.215566,,,,,,,,,,,,
31289,,,,1.000000,-0.000488,1.570309,0.031924,0.031924,,,,,,,,,,,,,,,,,,,,
31290,,,,,,,,,,,49.629414,50.819298,,,,,0.677110,0.273007,0.582353,0.859951,-0.708959,0.983506,,,,,,
31296,,,,,,,,,,,,,,,,,,,,,,,-0.341112,-0.045506,1.024373,-9.660000,-11.620000,-17.709999
31297,,,,,,,,,,,,,56.105350,55.951794,0.125918,0.145738,,,,0.864227,-0.702172,0.980236,,,,,,
31306,,,,,,,,,,,,,,,,,,,,,,,-0.341112,-0.045506,1.024373,22.049999,0.000000,-9.730000
31307,,,,,,,,,,,,,54.895996,54.766792,0.139476,0.159023,,,,,,,,,,,,
31311,,,,,,,,,,,,,,,,,,,,0.868707,-0.695302,0.977113,,,,,,
31316,,,,,,,,,,,,,,,,,,,,,,,-0.210999,-0.050874,0.874923,7.840000,6.510000,-7.350000
31317,,,,,,,,,,,,,53.303402,53.194691,0.157330,0.176647,,,,,,,,,,,,
31319,,,,,,,,,,,,,,,,,,,,0.873286,-0.688823,0.977263,,,,,,
31326,,,,,,,,,,,,,,,,,,,,0.877726,-0.682112,0.974174,-0.210999,-0.050874,0.874923,-4.480000,29.680000,-10.920000
31333,,,,,,,,,,,,,52.283051,51.853691,0.168768,0.191681,,,,,,,,,,,,
31339,,,,1.000000,-0.000062,1.570734,0.014482,0.014482,,,,,,,,,,,,,,,,,,,,
31340,,,,,,,,,,,45.885048,46.434628,,,,,0.632994,0.281552,0.595754,0.882109,-0.675654,0.971034,,,,,,
31341,,,,,,,,,,,,,,,,,,,,,,,-0.361425,-0.015921,1.000339,13.930000,-7.000000,-13.370000
31346,,,,,,,,,,,,,,,,,,,,,,,-0.361425,-0.015921,1.000339,16.240000,-24.570000,-13.510000
31347,,,,,,,,,,,,,51.521023,50.763443,0.120357,0.137209,,,,,,,,,,,,
31348,,,,,,,,,,,,,,,,,,,,0.886289,-0.669668,0.971427,,,,,,
31356,,,,,,,,,,,,,,,,,,,,,,,-0.284809,-0.030378,0.901580,-18.760000,-22.750000,-13.370000
31357,,,,,,,,,,,,,49.933018,49.844193,0.138160,0.147515,,,,,,,,,,,,
31355,,,,,,,,,,,,,,,,,,,,0.890095,-0.663814,0.967749,,,,,,
31366,,,,,,,,,,,,,,,,,,,,,,,-0.284809,-0.030378,0.901580,16.520000,-9.870000,-10.150000
31367,,,,,,,,,,,,,48.596870,47.973530,0.153139,0.168486,,,,,,,,,,,,
31369,,,,,,,,,,,,,,,,,,,,0.894023,-0.658039,0.961485,,,,,,
31376,,,,,,,,,,,,,,,,,,,,,,,-0.241987,-0.012444,0.981551,9.380000,20.790001,-18.480000
31377,,,,,,,,,,,,,47.402424,46.877945,0.166529,0.180769,,,,0.897983,-0.652494,0.958430,,,,,,
31386,,,,,,,,,,,,,,,,,,,,,,,-0.241987,-0.033855,0.843325,0.070000,40.180000,-16.799999
31394,,,,1.000000,-0.000000,1.570796,0.003695,0.003695,,,,,,,,,,,,,,,,,,,,
31395,,,,,,,,,,,42.641956,42.785061,,,,,0.592618,0.291003,0.611405,,,,,,,,,
31396,,,,,,,,,,,,,46.540691,45.809994,0.126860,0.137229,,,,,,,,,,,,
31391,,,,,,,,,,,,,,,,,,,,0.901935,-0.646752,0.952143,,,,,,
31398,,,,,,,,,,,,,,,,,,,,0.905918,-0.640968,0.946019,,,,,,
31401,,,,,,,,,,,,,,,,,,,,,,,-0.250954,-0.033855,0.843325,-6.160000,-13.510000,-24.150000
31406,,,,,,,,,,,,,,,,,,,,0.909468,-0.635593,0.945931,-0.186843,0.010126,0.915976,-4.690000,-16.870001,-24.430000
31407,,,,,,,,,,,,,45.628365,44.515938,0.137088,0.151736,,,,,,,,,,,,
31416,,,,,,,,,,,,,,,,,,,,,,,-0.186843,0.010126,0.915976,-9.030000,-20.230000,-29.610001
31417,,,,,,,,,,,,,44.954437,43.471546,0.144643,0.163444,,,,,,,,,,,,
31420,,,,,,,,,,,,,,,,,,,,0.913035,-0.630345,0.939587,,,,,,
31426,,,,,,,,,,,,,,,,,,,,,,,-0.297497,-0.030134,0.922808,-2.520000,-17.570000,-30.309999
31427,,,,,,,,,,,,,43.848972,42.601265,0.157036,0.173201,,,,0.916663,-0.625247,0.936377,,,,,,
